Command line
python /home/felixjwong/miniconda3/envs/chemprop/bin/chemprop_train --data_path ./hdpc.csv --dataset_type classification --config_path ./hyperparameters.json --save_dir ./hdpc/7 --ensemble_size 1 --seed 7 --features_generator rdkit_2d_normalized --no_features_scaling
Args
{'activation': 'ReLU',
 'aggregation': 'mean',
 'aggregation_norm': 100,
 'atom_descriptor_scaling': True,
 'atom_descriptors': None,
 'atom_descriptors_path': None,
 'atom_descriptors_size': 0,
 'atom_features_size': 0,
 'atom_messages': False,
 'batch_size': 50,
 'bias': False,
 'bond_feature_scaling': True,
 'bond_features_path': None,
 'bond_features_size': 0,
 'cache_cutoff': 10000,
 'checkpoint_dir': None,
 'checkpoint_path': None,
 'checkpoint_paths': None,
 'class_balance': False,
 'config_path': './hyperparameters.json',
 'crossval_index_dir': None,
 'crossval_index_file': None,
 'crossval_index_sets': None,
 'cuda': False,
 'data_path': './hdpc.csv',
 'dataset_type': 'classification',
 'depth': 5,
 'device': device(type='cpu'),
 'dropout': 0.35,
 'ensemble_size': 1,
 'epochs': 30,
 'extra_metrics': [],
 'features_generator': ['rdkit_2d_normalized'],
 'features_only': False,
 'features_path': None,
 'features_scaling': False,
 'features_size': None,
 'ffn_hidden_size': 1600,
 'ffn_num_layers': 3,
 'final_lr': 0.0001,
 'folds_file': None,
 'gpu': None,
 'grad_clip': None,
 'hidden_size': 1600,
 'ignore_columns': None,
 'init_lr': 0.0001,
 'log_frequency': 10,
 'max_data_size': None,
 'max_lr': 0.001,
 'metric': 'auc',
 'metrics': ['auc'],
 'minimize_score': False,
 'mpn_shared': False,
 'multiclass_num_classes': 3,
 'no_atom_descriptor_scaling': False,
 'no_bond_features_scaling': False,
 'no_cache_mol': False,
 'no_cuda': False,
 'no_features_scaling': True,
 'num_folds': 1,
 'num_lrs': 1,
 'num_tasks': 1,
 'num_workers': 8,
 'number_of_molecules': 1,
 'overwrite_default_atom_features': False,
 'overwrite_default_bond_features': False,
 'pytorch_seed': 0,
 'quiet': False,
 'save_dir': './hdpc/7',
 'save_preds': False,
 'save_smiles_splits': False,
 'seed': 7,
 'separate_test_atom_descriptors_path': None,
 'separate_test_bond_features_path': None,
 'separate_test_features_path': None,
 'separate_test_path': None,
 'separate_val_atom_descriptors_path': None,
 'separate_val_bond_features_path': None,
 'separate_val_features_path': None,
 'separate_val_path': None,
 'show_individual_scores': False,
 'smiles_columns': ['\ufeffSMILES'],
 'split_sizes': (0.8, 0.1, 0.1),
 'split_type': 'random',
 'target_columns': None,
 'task_names': ['HIT'],
 'test': False,
 'test_fold_index': None,
 'train_data_size': None,
 'undirected': False,
 'use_input_features': True,
 'val_fold_index': None,
 'warmup_epochs': 2.0}
Loading data
Number of tasks = 1
Fold 0
Splitting data with seed 7
Class sizes
HIT 0: 99.12%, 1: 0.88%
Total size = 50,000 | train size = 40,000 | val size = 5,000 | test size = 5,000
Building model 0
MoleculeModel(
  (sigmoid): Sigmoid()
  (encoder): MPN(
    (encoder): ModuleList(
      (0): MPNEncoder(
        (dropout_layer): Dropout(p=0.35, inplace=False)
        (act_func): ReLU()
        (W_i): Linear(in_features=147, out_features=1600, bias=False)
        (W_h): Linear(in_features=1600, out_features=1600, bias=False)
        (W_o): Linear(in_features=1733, out_features=1600, bias=True)
      )
    )
  )
  (ffn): Sequential(
    (0): Dropout(p=0.35, inplace=False)
    (1): Linear(in_features=1800, out_features=1600, bias=True)
    (2): ReLU()
    (3): Dropout(p=0.35, inplace=False)
    (4): Linear(in_features=1600, out_features=1600, bias=True)
    (5): ReLU()
    (6): Dropout(p=0.35, inplace=False)
    (7): Linear(in_features=1600, out_features=1, bias=True)
  )
)
Number of parameters = 11,014,401
Epoch 0
Loss = 1.1327e-01, PNorm = 82.6441, GNorm = 0.0001, lr_0 = 1.0619e-04
Loss = 7.1059e-02, PNorm = 82.6514, GNorm = 0.0001, lr_0 = 1.1181e-04
Loss = 1.1779e-01, PNorm = 82.6513, GNorm = 1.4908, lr_0 = 1.1744e-04
Loss = 4.7771e-02, PNorm = 82.6521, GNorm = 0.2810, lr_0 = 1.2306e-04
Loss = 5.9485e-02, PNorm = 82.6606, GNorm = 0.1526, lr_0 = 1.2869e-04
Loss = 5.5473e-02, PNorm = 82.6698, GNorm = 0.4766, lr_0 = 1.3431e-04
Loss = 5.0047e-02, PNorm = 82.6755, GNorm = 0.0966, lr_0 = 1.3994e-04
Loss = 5.2626e-02, PNorm = 82.6834, GNorm = 0.0664, lr_0 = 1.4556e-04
Loss = 5.7717e-02, PNorm = 82.6898, GNorm = 0.1459, lr_0 = 1.5119e-04
Loss = 5.1727e-02, PNorm = 82.7020, GNorm = 0.0848, lr_0 = 1.5681e-04
Loss = 1.2207e-01, PNorm = 82.7061, GNorm = 0.3167, lr_0 = 1.6244e-04
Loss = 4.4596e-02, PNorm = 82.7243, GNorm = 0.0644, lr_0 = 1.6806e-04
Loss = 3.2329e-02, PNorm = 82.7365, GNorm = 0.0197, lr_0 = 1.7369e-04
Loss = 1.8964e-02, PNorm = 82.7415, GNorm = 0.0471, lr_0 = 1.7931e-04
Loss = 2.8477e-02, PNorm = 82.7477, GNorm = 0.0509, lr_0 = 1.8494e-04
Loss = 2.9660e-02, PNorm = 82.7537, GNorm = 0.0719, lr_0 = 1.9056e-04
Loss = 6.1045e-02, PNorm = 82.7598, GNorm = 0.3960, lr_0 = 1.9619e-04
Loss = 6.9278e-02, PNorm = 82.7692, GNorm = 0.1871, lr_0 = 2.0181e-04
Loss = 2.9333e-02, PNorm = 82.7894, GNorm = 0.0157, lr_0 = 2.0744e-04
Loss = 5.6781e-02, PNorm = 82.7946, GNorm = 0.8723, lr_0 = 2.1306e-04
Loss = 7.1656e-02, PNorm = 82.8018, GNorm = 0.2806, lr_0 = 2.1869e-04
Loss = 5.2634e-02, PNorm = 82.8213, GNorm = 0.0573, lr_0 = 2.2431e-04
Loss = 4.6636e-02, PNorm = 82.8325, GNorm = 0.0983, lr_0 = 2.2994e-04
Loss = 2.6186e-02, PNorm = 82.8494, GNorm = 0.0240, lr_0 = 2.3556e-04
Loss = 5.6390e-02, PNorm = 82.8545, GNorm = 0.3438, lr_0 = 2.4119e-04
Loss = 5.3045e-02, PNorm = 82.8674, GNorm = 0.1601, lr_0 = 2.4681e-04
Loss = 5.4598e-02, PNorm = 82.8845, GNorm = 0.0912, lr_0 = 2.5244e-04
Loss = 2.4208e-02, PNorm = 82.9022, GNorm = 0.0258, lr_0 = 2.5806e-04
Loss = 6.4948e-02, PNorm = 82.9056, GNorm = 0.1053, lr_0 = 2.6369e-04
Loss = 5.5409e-02, PNorm = 82.9226, GNorm = 0.1230, lr_0 = 2.6931e-04
Loss = 2.7417e-02, PNorm = 82.9428, GNorm = 0.0432, lr_0 = 2.7494e-04
Loss = 3.7141e-02, PNorm = 82.9531, GNorm = 0.0664, lr_0 = 2.8056e-04
Loss = 5.6007e-02, PNorm = 82.9642, GNorm = 0.1253, lr_0 = 2.8619e-04
Loss = 3.9775e-02, PNorm = 82.9809, GNorm = 0.0769, lr_0 = 2.9181e-04
Loss = 5.1564e-02, PNorm = 82.9988, GNorm = 0.0984, lr_0 = 2.9744e-04
Loss = 5.4107e-02, PNorm = 83.0173, GNorm = 0.4601, lr_0 = 3.0306e-04
Loss = 4.7382e-02, PNorm = 83.0313, GNorm = 0.1663, lr_0 = 3.0869e-04
Loss = 1.2902e-02, PNorm = 83.0614, GNorm = 0.0128, lr_0 = 3.1431e-04
Loss = 7.0908e-02, PNorm = 83.0672, GNorm = 0.0321, lr_0 = 3.1994e-04
Loss = 5.5038e-02, PNorm = 83.0750, GNorm = 0.2050, lr_0 = 3.2556e-04
Loss = 3.3919e-02, PNorm = 83.0996, GNorm = 0.0830, lr_0 = 3.3119e-04
Loss = 5.0526e-02, PNorm = 83.1153, GNorm = 0.0694, lr_0 = 3.3681e-04
Loss = 2.6327e-02, PNorm = 83.1315, GNorm = 0.0702, lr_0 = 3.4244e-04
Loss = 1.0090e-01, PNorm = 83.1383, GNorm = 0.3178, lr_0 = 3.4806e-04
Loss = 7.6601e-02, PNorm = 83.1682, GNorm = 0.0898, lr_0 = 3.5369e-04
Loss = 8.5643e-02, PNorm = 83.1839, GNorm = 0.2871, lr_0 = 3.5931e-04
Loss = 5.6871e-02, PNorm = 83.2096, GNorm = 0.0903, lr_0 = 3.6494e-04
Loss = 2.7849e-02, PNorm = 83.2319, GNorm = 0.4934, lr_0 = 3.7056e-04
Loss = 9.6538e-02, PNorm = 83.2311, GNorm = 0.2818, lr_0 = 3.7619e-04
Loss = 2.4830e-02, PNorm = 83.2609, GNorm = 0.0286, lr_0 = 3.8181e-04
Loss = 7.4885e-02, PNorm = 83.2668, GNorm = 0.1448, lr_0 = 3.8744e-04
Loss = 4.5537e-02, PNorm = 83.2835, GNorm = 0.3086, lr_0 = 3.9306e-04
Loss = 5.1877e-02, PNorm = 83.2972, GNorm = 0.1307, lr_0 = 3.9869e-04
Loss = 8.6346e-02, PNorm = 83.3075, GNorm = 0.2006, lr_0 = 4.0431e-04
Loss = 5.4256e-02, PNorm = 83.3335, GNorm = 0.3897, lr_0 = 4.0994e-04
Loss = 3.6838e-02, PNorm = 83.3562, GNorm = 0.3343, lr_0 = 4.1556e-04
Loss = 5.2633e-02, PNorm = 83.3736, GNorm = 0.4364, lr_0 = 4.2119e-04
Loss = 4.4717e-02, PNorm = 83.3935, GNorm = 0.7211, lr_0 = 4.2681e-04
Loss = 1.1665e-01, PNorm = 83.4029, GNorm = 0.4559, lr_0 = 4.3244e-04
Loss = 6.0449e-02, PNorm = 83.4371, GNorm = 0.0701, lr_0 = 4.3806e-04
Loss = 3.8753e-02, PNorm = 83.4542, GNorm = 0.0460, lr_0 = 4.4369e-04
Loss = 4.2395e-02, PNorm = 83.4608, GNorm = 0.1031, lr_0 = 4.4931e-04
Loss = 5.1791e-02, PNorm = 83.4712, GNorm = 0.3824, lr_0 = 4.5494e-04
Loss = 1.0306e-01, PNorm = 83.4791, GNorm = 0.3418, lr_0 = 4.6056e-04
Loss = 3.2083e-02, PNorm = 83.5113, GNorm = 0.0355, lr_0 = 4.6619e-04
Loss = 4.0967e-02, PNorm = 83.5251, GNorm = 0.0209, lr_0 = 4.7181e-04
Loss = 2.6834e-02, PNorm = 83.5301, GNorm = 0.0550, lr_0 = 4.7744e-04
Loss = 4.6286e-02, PNorm = 83.5347, GNorm = 0.1142, lr_0 = 4.8306e-04
Loss = 1.0641e-01, PNorm = 83.5394, GNorm = 0.2237, lr_0 = 4.8869e-04
Loss = 7.8740e-02, PNorm = 83.5661, GNorm = 0.1265, lr_0 = 4.9431e-04
Loss = 8.9261e-02, PNorm = 83.5818, GNorm = 0.1025, lr_0 = 4.9994e-04
Loss = 6.0179e-02, PNorm = 83.6007, GNorm = 0.2629, lr_0 = 5.0556e-04
Loss = 5.4177e-02, PNorm = 83.6259, GNorm = 0.0523, lr_0 = 5.1119e-04
Loss = 2.4442e-02, PNorm = 83.6353, GNorm = 0.0870, lr_0 = 5.1681e-04
Loss = 9.4281e-02, PNorm = 83.6364, GNorm = 0.2021, lr_0 = 5.2244e-04
Loss = 4.2971e-02, PNorm = 83.6569, GNorm = 0.3274, lr_0 = 5.2806e-04
Loss = 3.7320e-02, PNorm = 83.6671, GNorm = 0.3723, lr_0 = 5.3369e-04
Loss = 8.3007e-02, PNorm = 83.6686, GNorm = 0.2882, lr_0 = 5.3931e-04
Loss = 7.7200e-02, PNorm = 83.6869, GNorm = 0.3321, lr_0 = 5.4494e-04
Loss = 8.4257e-02, PNorm = 83.7015, GNorm = 0.2696, lr_0 = 5.5056e-04
Validation auc = 0.500392
Epoch 1
Loss = 4.2106e-02, PNorm = 83.7327, GNorm = 0.0895, lr_0 = 5.5619e-04
Loss = 2.9151e-02, PNorm = 83.7568, GNorm = 0.0332, lr_0 = 5.6181e-04
Loss = 8.7776e-02, PNorm = 83.7573, GNorm = 0.2702, lr_0 = 5.6744e-04
Loss = 7.9895e-02, PNorm = 83.7834, GNorm = 0.2464, lr_0 = 5.7306e-04
Loss = 3.8340e-02, PNorm = 83.8195, GNorm = 0.0642, lr_0 = 5.7869e-04
Loss = 1.8478e-03, PNorm = 83.8459, GNorm = 0.0164, lr_0 = 5.8431e-04
Loss = 1.5563e-02, PNorm = 83.8593, GNorm = 0.0078, lr_0 = 5.8994e-04
Loss = 5.8797e-02, PNorm = 83.8579, GNorm = 1.4111, lr_0 = 5.9556e-04
Loss = 8.2796e-02, PNorm = 83.8596, GNorm = 0.4259, lr_0 = 6.0119e-04
Loss = 2.3204e-02, PNorm = 83.9079, GNorm = 0.0403, lr_0 = 6.0681e-04
Loss = 7.7771e-02, PNorm = 83.9158, GNorm = 0.0940, lr_0 = 6.1244e-04
Loss = 5.7893e-02, PNorm = 83.9228, GNorm = 0.1896, lr_0 = 6.1806e-04
Loss = 5.1854e-02, PNorm = 83.9390, GNorm = 0.1676, lr_0 = 6.2369e-04
Loss = 2.2634e-02, PNorm = 83.9639, GNorm = 0.0420, lr_0 = 6.2931e-04
Loss = 4.7853e-02, PNorm = 83.9695, GNorm = 0.0459, lr_0 = 6.3494e-04
Loss = 2.3918e-02, PNorm = 83.9741, GNorm = 0.0938, lr_0 = 6.4056e-04
Loss = 5.2295e-02, PNorm = 83.9793, GNorm = 0.1191, lr_0 = 6.4619e-04
Loss = 8.2811e-02, PNorm = 83.9863, GNorm = 0.6745, lr_0 = 6.5181e-04
Loss = 6.0587e-02, PNorm = 84.0050, GNorm = 0.1788, lr_0 = 6.5744e-04
Loss = 2.4959e-02, PNorm = 84.0381, GNorm = 0.0363, lr_0 = 6.6306e-04
Loss = 1.1187e-01, PNorm = 84.0296, GNorm = 0.1982, lr_0 = 6.6869e-04
Loss = 6.1958e-02, PNorm = 84.0600, GNorm = 0.1878, lr_0 = 6.7431e-04
Loss = 3.1358e-02, PNorm = 84.0992, GNorm = 0.5607, lr_0 = 6.7994e-04
Loss = 1.5938e-02, PNorm = 84.1125, GNorm = 0.0261, lr_0 = 6.8556e-04
Loss = 4.7516e-02, PNorm = 84.1119, GNorm = 0.0725, lr_0 = 6.9119e-04
Loss = 3.0123e-02, PNorm = 84.1208, GNorm = 0.1507, lr_0 = 6.9681e-04
Loss = 4.1996e-02, PNorm = 84.1425, GNorm = 0.0700, lr_0 = 7.0244e-04
Loss = 2.8089e-02, PNorm = 84.1556, GNorm = 0.0640, lr_0 = 7.0806e-04
Loss = 8.2414e-02, PNorm = 84.1586, GNorm = 0.2955, lr_0 = 7.1369e-04
Loss = 6.7868e-02, PNorm = 84.1928, GNorm = 0.1577, lr_0 = 7.1931e-04
Loss = 6.0674e-02, PNorm = 84.2229, GNorm = 0.1110, lr_0 = 7.2494e-04
Loss = 9.8814e-02, PNorm = 84.2427, GNorm = 0.2003, lr_0 = 7.3056e-04
Loss = 6.6374e-02, PNorm = 84.2835, GNorm = 0.2022, lr_0 = 7.3619e-04
Loss = 6.7116e-02, PNorm = 84.3167, GNorm = 0.1338, lr_0 = 7.4181e-04
Loss = 4.2981e-02, PNorm = 84.3519, GNorm = 0.1171, lr_0 = 7.4744e-04
Loss = 4.4536e-02, PNorm = 84.3834, GNorm = 0.1054, lr_0 = 7.5306e-04
Loss = 1.4231e-02, PNorm = 84.4254, GNorm = 0.0588, lr_0 = 7.5869e-04
Loss = 3.8599e-02, PNorm = 84.4588, GNorm = 0.0416, lr_0 = 7.6431e-04
Loss = 7.6757e-02, PNorm = 84.4694, GNorm = 0.3063, lr_0 = 7.6994e-04
Loss = 9.7265e-02, PNorm = 84.5228, GNorm = 0.2680, lr_0 = 7.7556e-04
Loss = 6.9908e-02, PNorm = 84.5834, GNorm = 0.3595, lr_0 = 7.8119e-04
Loss = 3.9818e-02, PNorm = 84.6250, GNorm = 0.1893, lr_0 = 7.8681e-04
Loss = 7.1818e-02, PNorm = 84.6852, GNorm = 0.6480, lr_0 = 7.9244e-04
Loss = 1.0198e-01, PNorm = 84.7864, GNorm = 0.4902, lr_0 = 7.9806e-04
Loss = 1.0860e-01, PNorm = 84.9901, GNorm = 5.3843, lr_0 = 8.0369e-04
Loss = 6.1220e-02, PNorm = 85.2390, GNorm = 0.3967, lr_0 = 8.0931e-04
Loss = 6.8323e-02, PNorm = 85.4254, GNorm = 0.2158, lr_0 = 8.1494e-04
Loss = 5.2332e-02, PNorm = 85.5105, GNorm = 0.2210, lr_0 = 8.2056e-04
Loss = 5.1894e-02, PNorm = 85.5568, GNorm = 0.0785, lr_0 = 8.2619e-04
Loss = 5.4279e-02, PNorm = 85.5800, GNorm = 0.3347, lr_0 = 8.3181e-04
Loss = 1.9737e-02, PNorm = 85.6157, GNorm = 0.0444, lr_0 = 8.3744e-04
Loss = 8.1191e-02, PNorm = 85.6237, GNorm = 0.2183, lr_0 = 8.4306e-04
Loss = 8.0712e-02, PNorm = 85.6508, GNorm = 0.4091, lr_0 = 8.4869e-04
Loss = 5.7218e-02, PNorm = 85.6844, GNorm = 0.0999, lr_0 = 8.5431e-04
Loss = 4.9017e-02, PNorm = 85.7025, GNorm = 0.5567, lr_0 = 8.5994e-04
Loss = 5.5737e-02, PNorm = 85.7121, GNorm = 0.1966, lr_0 = 8.6556e-04
Loss = 1.2712e-01, PNorm = 85.7175, GNorm = 0.5040, lr_0 = 8.7119e-04
Loss = 8.0746e-02, PNorm = 85.7520, GNorm = 0.3015, lr_0 = 8.7681e-04
Loss = 6.0412e-02, PNorm = 85.7789, GNorm = 0.0516, lr_0 = 8.8244e-04
Loss = 4.2077e-02, PNorm = 85.7857, GNorm = 0.2049, lr_0 = 8.8806e-04
Loss = 7.5575e-02, PNorm = 85.7945, GNorm = 0.2603, lr_0 = 8.9369e-04
Loss = 6.8944e-02, PNorm = 85.8140, GNorm = 0.3756, lr_0 = 8.9931e-04
Loss = 6.3106e-02, PNorm = 85.8354, GNorm = 0.2311, lr_0 = 9.0494e-04
Loss = 6.2529e-02, PNorm = 85.8585, GNorm = 0.3450, lr_0 = 9.1056e-04
Loss = 1.0557e-01, PNorm = 85.8715, GNorm = 0.3967, lr_0 = 9.1619e-04
Loss = 8.3817e-02, PNorm = 85.9222, GNorm = 0.9387, lr_0 = 9.2181e-04
Loss = 7.7260e-02, PNorm = 85.9486, GNorm = 0.3231, lr_0 = 9.2744e-04
Loss = 1.8422e-02, PNorm = 86.0090, GNorm = 0.0321, lr_0 = 9.3306e-04
Loss = 6.8012e-02, PNorm = 86.0291, GNorm = 0.7329, lr_0 = 9.3869e-04
Loss = 3.6315e-02, PNorm = 86.0381, GNorm = 0.2681, lr_0 = 9.4431e-04
Loss = 2.8843e-02, PNorm = 86.0758, GNorm = 0.1056, lr_0 = 9.4994e-04
Loss = 5.5247e-02, PNorm = 86.1012, GNorm = 0.0585, lr_0 = 9.5556e-04
Loss = 4.7389e-02, PNorm = 86.1218, GNorm = 0.6200, lr_0 = 9.6119e-04
Loss = 3.3655e-02, PNorm = 86.1643, GNorm = 0.1274, lr_0 = 9.6681e-04
Loss = 4.2734e-02, PNorm = 86.2027, GNorm = 0.0867, lr_0 = 9.7244e-04
Loss = 2.8765e-02, PNorm = 86.2558, GNorm = 0.1343, lr_0 = 9.7806e-04
Loss = 2.5302e-02, PNorm = 86.3144, GNorm = 0.0682, lr_0 = 9.8369e-04
Loss = 1.4618e-03, PNorm = 86.3824, GNorm = 0.0124, lr_0 = 9.8931e-04
Loss = 1.0986e-01, PNorm = 86.3743, GNorm = 0.6898, lr_0 = 9.9494e-04
Loss = 6.4550e-02, PNorm = 86.4012, GNorm = 0.4090, lr_0 = 9.9990e-04
Validation auc = 0.502648
Epoch 2
Loss = 6.5551e-02, PNorm = 86.4573, GNorm = 0.5988, lr_0 = 9.9887e-04
Loss = 7.2132e-02, PNorm = 86.4814, GNorm = 0.4307, lr_0 = 9.9784e-04
Loss = 4.0286e-02, PNorm = 86.5151, GNorm = 0.1968, lr_0 = 9.9682e-04
Loss = 2.9214e-02, PNorm = 86.5521, GNorm = 0.0480, lr_0 = 9.9579e-04
Loss = 6.7774e-02, PNorm = 86.5565, GNorm = 0.4130, lr_0 = 9.9477e-04
Loss = 5.3600e-02, PNorm = 86.5838, GNorm = 0.2020, lr_0 = 9.9375e-04
Loss = 8.3530e-02, PNorm = 86.6053, GNorm = 0.4549, lr_0 = 9.9273e-04
Loss = 5.9503e-02, PNorm = 86.6433, GNorm = 0.1959, lr_0 = 9.9171e-04
Loss = 6.2803e-02, PNorm = 86.6702, GNorm = 0.6449, lr_0 = 9.9069e-04
Loss = 2.4700e-02, PNorm = 86.7017, GNorm = 0.1292, lr_0 = 9.8967e-04
Loss = 4.2636e-02, PNorm = 86.7227, GNorm = 0.1050, lr_0 = 9.8865e-04
Loss = 6.5025e-02, PNorm = 86.7287, GNorm = 0.3394, lr_0 = 9.8764e-04
Loss = 5.3959e-02, PNorm = 86.7622, GNorm = 0.1935, lr_0 = 9.8662e-04
Loss = 7.7641e-02, PNorm = 86.7755, GNorm = 0.6544, lr_0 = 9.8561e-04
Loss = 6.1014e-02, PNorm = 86.7845, GNorm = 0.3382, lr_0 = 9.8460e-04
Loss = 6.0428e-02, PNorm = 86.8172, GNorm = 0.3056, lr_0 = 9.8359e-04
Loss = 3.1257e-02, PNorm = 86.8572, GNorm = 0.0265, lr_0 = 9.8258e-04
Loss = 7.2537e-02, PNorm = 86.8540, GNorm = 0.2024, lr_0 = 9.8157e-04
Loss = 6.1378e-02, PNorm = 86.8756, GNorm = 0.3027, lr_0 = 9.8056e-04
Loss = 4.4826e-02, PNorm = 86.9115, GNorm = 0.1614, lr_0 = 9.7955e-04
Loss = 8.2170e-02, PNorm = 86.9466, GNorm = 0.4561, lr_0 = 9.7854e-04
Loss = 8.4301e-02, PNorm = 86.9969, GNorm = 0.5781, lr_0 = 9.7754e-04
Loss = 8.2050e-02, PNorm = 87.0607, GNorm = 1.0329, lr_0 = 9.7653e-04
Loss = 2.6727e-02, PNorm = 87.0943, GNorm = 0.1273, lr_0 = 9.7553e-04
Loss = 4.7293e-03, PNorm = 87.1350, GNorm = 0.0600, lr_0 = 9.7453e-04
Loss = 7.6823e-02, PNorm = 87.1270, GNorm = 0.1631, lr_0 = 9.7353e-04
Loss = 4.1742e-02, PNorm = 87.1486, GNorm = 0.5867, lr_0 = 9.7253e-04
Loss = 6.5891e-02, PNorm = 87.1817, GNorm = 1.1657, lr_0 = 9.7153e-04
Loss = 6.2536e-02, PNorm = 87.1915, GNorm = 0.4210, lr_0 = 9.7053e-04
Loss = 4.4524e-02, PNorm = 87.2482, GNorm = 0.9909, lr_0 = 9.6953e-04
Loss = 3.7715e-02, PNorm = 87.2634, GNorm = 0.1606, lr_0 = 9.6854e-04
Loss = 5.7252e-02, PNorm = 87.2776, GNorm = 0.5047, lr_0 = 9.6754e-04
Loss = 3.1901e-02, PNorm = 87.2944, GNorm = 0.2052, lr_0 = 9.6655e-04
Loss = 7.9011e-02, PNorm = 87.3043, GNorm = 0.3139, lr_0 = 9.6555e-04
Loss = 6.0683e-02, PNorm = 87.3299, GNorm = 0.3179, lr_0 = 9.6456e-04
Loss = 4.3009e-02, PNorm = 87.3592, GNorm = 0.0768, lr_0 = 9.6357e-04
Loss = 4.6634e-02, PNorm = 87.3641, GNorm = 0.2370, lr_0 = 9.6258e-04
Loss = 1.8367e-02, PNorm = 87.3889, GNorm = 0.1029, lr_0 = 9.6159e-04
Loss = 4.4899e-02, PNorm = 87.4035, GNorm = 0.7397, lr_0 = 9.6060e-04
Loss = 6.2233e-02, PNorm = 87.3985, GNorm = 0.3280, lr_0 = 9.5962e-04
Loss = 2.3952e-02, PNorm = 87.4300, GNorm = 0.1057, lr_0 = 9.5863e-04
Loss = 4.3205e-02, PNorm = 87.4474, GNorm = 0.0978, lr_0 = 9.5765e-04
Loss = 3.1933e-02, PNorm = 87.4582, GNorm = 0.1057, lr_0 = 9.5666e-04
Loss = 5.3551e-02, PNorm = 87.4698, GNorm = 0.1811, lr_0 = 9.5568e-04
Loss = 3.2081e-02, PNorm = 87.5018, GNorm = 0.5762, lr_0 = 9.5470e-04
Loss = 5.5297e-02, PNorm = 87.5289, GNorm = 1.3280, lr_0 = 9.5372e-04
Loss = 7.9985e-02, PNorm = 87.5488, GNorm = 0.4875, lr_0 = 9.5274e-04
Loss = 4.9521e-02, PNorm = 87.6131, GNorm = 0.1825, lr_0 = 9.5176e-04
Loss = 1.3370e-02, PNorm = 87.6880, GNorm = 0.0080, lr_0 = 9.5078e-04
Loss = 1.1770e-01, PNorm = 87.7809, GNorm = 0.4196, lr_0 = 9.4980e-04
Loss = 4.2594e-02, PNorm = 87.9297, GNorm = 0.1488, lr_0 = 9.4883e-04
Loss = 5.3264e-02, PNorm = 88.0030, GNorm = 0.6761, lr_0 = 9.4785e-04
Loss = 1.0293e-01, PNorm = 88.0294, GNorm = 0.6593, lr_0 = 9.4688e-04
Loss = 6.0834e-02, PNorm = 88.0708, GNorm = 0.5270, lr_0 = 9.4591e-04
Loss = 6.6986e-02, PNorm = 88.0965, GNorm = 0.3259, lr_0 = 9.4493e-04
Loss = 9.8852e-02, PNorm = 88.1041, GNorm = 0.2485, lr_0 = 9.4396e-04
Loss = 5.3651e-02, PNorm = 88.1307, GNorm = 0.2428, lr_0 = 9.4299e-04
Loss = 7.9432e-02, PNorm = 88.1460, GNorm = 0.2332, lr_0 = 9.4203e-04
Loss = 3.8334e-02, PNorm = 88.1638, GNorm = 0.1627, lr_0 = 9.4106e-04
Loss = 1.9268e-02, PNorm = 88.1786, GNorm = 0.1419, lr_0 = 9.4009e-04
Loss = 4.7726e-02, PNorm = 88.1895, GNorm = 0.6558, lr_0 = 9.3912e-04
Loss = 6.2239e-02, PNorm = 88.1906, GNorm = 1.0685, lr_0 = 9.3816e-04
Loss = 5.8099e-02, PNorm = 88.1968, GNorm = 0.3425, lr_0 = 9.3720e-04
Loss = 4.7657e-02, PNorm = 88.2135, GNorm = 0.2091, lr_0 = 9.3623e-04
Loss = 3.4097e-02, PNorm = 88.2321, GNorm = 0.0837, lr_0 = 9.3527e-04
Loss = 4.2597e-02, PNorm = 88.2424, GNorm = 0.1104, lr_0 = 9.3431e-04
Loss = 9.8642e-02, PNorm = 88.2378, GNorm = 0.6229, lr_0 = 9.3335e-04
Loss = 6.0962e-02, PNorm = 88.2551, GNorm = 0.3579, lr_0 = 9.3239e-04
Loss = 4.5171e-02, PNorm = 88.2821, GNorm = 0.1567, lr_0 = 9.3143e-04
Loss = 7.6845e-02, PNorm = 88.2865, GNorm = 0.3173, lr_0 = 9.3048e-04
Loss = 6.4032e-02, PNorm = 88.3035, GNorm = 0.4159, lr_0 = 9.2952e-04
Loss = 1.0553e-01, PNorm = 88.3049, GNorm = 0.5018, lr_0 = 9.2857e-04
Loss = 3.9302e-02, PNorm = 88.3238, GNorm = 0.2271, lr_0 = 9.2761e-04
Loss = 4.8466e-02, PNorm = 88.3421, GNorm = 0.1008, lr_0 = 9.2666e-04
Loss = 3.8451e-02, PNorm = 88.3515, GNorm = 0.1513, lr_0 = 9.2571e-04
Loss = 5.2378e-02, PNorm = 88.3568, GNorm = 0.1656, lr_0 = 9.2476e-04
Loss = 8.0979e-02, PNorm = 88.3593, GNorm = 0.5625, lr_0 = 9.2381e-04
Loss = 3.8635e-02, PNorm = 88.3730, GNorm = 0.2678, lr_0 = 9.2286e-04
Loss = 6.2079e-02, PNorm = 88.3886, GNorm = 0.1576, lr_0 = 9.2191e-04
Loss = 1.6026e-02, PNorm = 88.4073, GNorm = 0.0691, lr_0 = 9.2096e-04
Validation auc = 0.466078
Epoch 3
Loss = 6.5581e-02, PNorm = 88.4092, GNorm = 0.6039, lr_0 = 9.2001e-04
Loss = 4.2772e-02, PNorm = 88.4107, GNorm = 0.2486, lr_0 = 9.1907e-04
Loss = 3.8705e-02, PNorm = 88.4396, GNorm = 0.1701, lr_0 = 9.1812e-04
Loss = 9.2505e-02, PNorm = 88.4448, GNorm = 0.3863, lr_0 = 9.1718e-04
Loss = 3.2873e-02, PNorm = 88.4761, GNorm = 0.1530, lr_0 = 9.1624e-04
Loss = 5.4610e-02, PNorm = 88.4937, GNorm = 0.1089, lr_0 = 9.1530e-04
Loss = 4.0301e-02, PNorm = 88.4974, GNorm = 0.1436, lr_0 = 9.1436e-04
Loss = 3.4707e-02, PNorm = 88.5090, GNorm = 0.1530, lr_0 = 9.1342e-04
Loss = 5.9627e-02, PNorm = 88.5137, GNorm = 0.4915, lr_0 = 9.1248e-04
Loss = 6.3401e-02, PNorm = 88.5189, GNorm = 0.4709, lr_0 = 9.1154e-04
Loss = 6.4327e-02, PNorm = 88.5253, GNorm = 0.4506, lr_0 = 9.1061e-04
Loss = 6.7326e-02, PNorm = 88.5472, GNorm = 0.5391, lr_0 = 9.0967e-04
Loss = 1.0697e-01, PNorm = 88.5429, GNorm = 0.5473, lr_0 = 9.0874e-04
Loss = 2.4416e-02, PNorm = 88.5730, GNorm = 0.1522, lr_0 = 9.0780e-04
Loss = 4.7529e-02, PNorm = 88.5895, GNorm = 0.8164, lr_0 = 9.0687e-04
Loss = 5.8529e-02, PNorm = 88.5831, GNorm = 0.1330, lr_0 = 9.0594e-04
Loss = 3.3219e-02, PNorm = 88.5920, GNorm = 1.1628, lr_0 = 9.0501e-04
Loss = 4.2986e-02, PNorm = 88.5983, GNorm = 0.1743, lr_0 = 9.0408e-04
Loss = 6.0361e-02, PNorm = 88.6096, GNorm = 1.5286, lr_0 = 9.0315e-04
Loss = 5.9122e-02, PNorm = 88.6108, GNorm = 0.3958, lr_0 = 9.0222e-04
Loss = 7.7633e-02, PNorm = 88.6278, GNorm = 0.6175, lr_0 = 9.0129e-04
Loss = 6.1879e-02, PNorm = 88.6392, GNorm = 0.6195, lr_0 = 9.0037e-04
Loss = 7.9922e-02, PNorm = 88.6468, GNorm = 0.3362, lr_0 = 8.9944e-04
Loss = 6.5647e-02, PNorm = 88.6605, GNorm = 0.2276, lr_0 = 8.9852e-04
Loss = 4.4513e-02, PNorm = 88.6817, GNorm = 1.1362, lr_0 = 8.9759e-04
Loss = 3.5926e-02, PNorm = 88.6905, GNorm = 0.0999, lr_0 = 8.9667e-04
Loss = 4.4075e-02, PNorm = 88.6947, GNorm = 0.1923, lr_0 = 8.9575e-04
Loss = 4.7981e-02, PNorm = 88.7053, GNorm = 0.2104, lr_0 = 8.9483e-04
Loss = 4.1175e-02, PNorm = 88.7219, GNorm = 0.0742, lr_0 = 8.9391e-04
Loss = 4.7728e-02, PNorm = 88.7243, GNorm = 0.2045, lr_0 = 8.9299e-04
Loss = 6.1694e-02, PNorm = 88.7355, GNorm = 0.3572, lr_0 = 8.9208e-04
Loss = 5.9359e-02, PNorm = 88.7405, GNorm = 0.2716, lr_0 = 8.9116e-04
Loss = 5.8640e-02, PNorm = 88.7559, GNorm = 0.5007, lr_0 = 8.9024e-04
Loss = 1.5811e-02, PNorm = 88.7786, GNorm = 0.0671, lr_0 = 8.8933e-04
Loss = 1.2671e-01, PNorm = 88.7660, GNorm = 0.3532, lr_0 = 8.8842e-04
Loss = 7.7622e-02, PNorm = 88.7846, GNorm = 0.3686, lr_0 = 8.8750e-04
Loss = 7.8148e-02, PNorm = 88.8022, GNorm = 0.4065, lr_0 = 8.8659e-04
Loss = 4.6040e-02, PNorm = 88.8238, GNorm = 0.6420, lr_0 = 8.8568e-04
Loss = 4.5431e-02, PNorm = 88.8357, GNorm = 0.2159, lr_0 = 8.8477e-04
Loss = 4.3514e-02, PNorm = 88.8495, GNorm = 0.2051, lr_0 = 8.8386e-04
Loss = 3.8137e-02, PNorm = 88.8710, GNorm = 0.4815, lr_0 = 8.8295e-04
Loss = 7.0079e-02, PNorm = 88.8752, GNorm = 0.2003, lr_0 = 8.8205e-04
Loss = 5.1894e-02, PNorm = 88.8881, GNorm = 0.3396, lr_0 = 8.8114e-04
Loss = 5.9362e-02, PNorm = 88.9115, GNorm = 0.4851, lr_0 = 8.8023e-04
Loss = 5.7849e-02, PNorm = 88.9272, GNorm = 1.1147, lr_0 = 8.7933e-04
Loss = 3.7068e-02, PNorm = 88.9426, GNorm = 0.2249, lr_0 = 8.7843e-04
Loss = 2.6177e-02, PNorm = 88.9778, GNorm = 0.0899, lr_0 = 8.7752e-04
Loss = 9.7607e-02, PNorm = 88.9827, GNorm = 0.5948, lr_0 = 8.7662e-04
Loss = 7.4741e-02, PNorm = 88.9985, GNorm = 0.3530, lr_0 = 8.7572e-04
Loss = 6.5876e-02, PNorm = 89.0465, GNorm = 1.3063, lr_0 = 8.7482e-04
Loss = 6.5252e-02, PNorm = 89.0679, GNorm = 0.3250, lr_0 = 8.7392e-04
Loss = 7.0213e-02, PNorm = 89.1130, GNorm = 0.2489, lr_0 = 8.7303e-04
Loss = 5.4861e-02, PNorm = 89.1543, GNorm = 0.2306, lr_0 = 8.7213e-04
Loss = 4.5309e-02, PNorm = 89.1784, GNorm = 0.1166, lr_0 = 8.7123e-04
Loss = 2.8571e-02, PNorm = 89.2086, GNorm = 0.6338, lr_0 = 8.7034e-04
Loss = 6.1552e-02, PNorm = 89.2200, GNorm = 0.3602, lr_0 = 8.6944e-04
Loss = 4.0643e-02, PNorm = 89.2707, GNorm = 0.1855, lr_0 = 8.6855e-04
Loss = 3.0936e-02, PNorm = 89.3212, GNorm = 0.0739, lr_0 = 8.6766e-04
Loss = 7.6977e-02, PNorm = 89.3334, GNorm = 0.2220, lr_0 = 8.6677e-04
Loss = 5.2318e-02, PNorm = 89.3631, GNorm = 0.2719, lr_0 = 8.6588e-04
Loss = 8.0345e-02, PNorm = 89.3969, GNorm = 0.7849, lr_0 = 8.6499e-04
Loss = 6.1739e-02, PNorm = 89.4065, GNorm = 0.5400, lr_0 = 8.6410e-04
Loss = 4.1640e-02, PNorm = 89.4625, GNorm = 0.7468, lr_0 = 8.6321e-04
Loss = 4.1590e-02, PNorm = 89.4969, GNorm = 0.1111, lr_0 = 8.6232e-04
Loss = 4.1888e-02, PNorm = 89.5209, GNorm = 0.1442, lr_0 = 8.6144e-04
Loss = 6.0094e-02, PNorm = 89.5441, GNorm = 0.2184, lr_0 = 8.6055e-04
Loss = 4.7620e-02, PNorm = 89.5870, GNorm = 0.3133, lr_0 = 8.5967e-04
Loss = 7.0325e-02, PNorm = 89.6239, GNorm = 0.3618, lr_0 = 8.5878e-04
Loss = 3.5703e-02, PNorm = 89.6900, GNorm = 0.1610, lr_0 = 8.5790e-04
Loss = 9.3861e-02, PNorm = 89.9528, GNorm = 0.2041, lr_0 = 8.5702e-04
Loss = 5.2306e-02, PNorm = 90.1894, GNorm = 0.2761, lr_0 = 8.5614e-04
Loss = 1.0386e-01, PNorm = 90.3251, GNorm = 0.5044, lr_0 = 8.5526e-04
Loss = 4.3653e-02, PNorm = 90.4547, GNorm = 0.4451, lr_0 = 8.5438e-04
Loss = 3.6462e-02, PNorm = 90.5205, GNorm = 0.1087, lr_0 = 8.5350e-04
Loss = 1.3496e-02, PNorm = 90.5569, GNorm = 0.1109, lr_0 = 8.5263e-04
Loss = 3.8854e-02, PNorm = 90.5789, GNorm = 0.9685, lr_0 = 8.5175e-04
Loss = 6.7159e-02, PNorm = 90.5687, GNorm = 0.2818, lr_0 = 8.5088e-04
Loss = 6.7043e-02, PNorm = 90.5799, GNorm = 0.5681, lr_0 = 8.5000e-04
Loss = 1.7639e-02, PNorm = 90.6062, GNorm = 0.1347, lr_0 = 8.4913e-04
Loss = 1.1845e-01, PNorm = 90.6053, GNorm = 0.2572, lr_0 = 8.4826e-04
Validation auc = 0.476840
Epoch 4
Loss = 1.2955e-01, PNorm = 90.6131, GNorm = 0.7901, lr_0 = 8.4738e-04
Loss = 8.0131e-02, PNorm = 90.6467, GNorm = 0.5493, lr_0 = 8.4651e-04
Loss = 8.5810e-02, PNorm = 90.6623, GNorm = 0.1432, lr_0 = 8.4564e-04
Loss = 1.7698e-02, PNorm = 90.6717, GNorm = 0.4505, lr_0 = 8.4478e-04
Loss = 4.1523e-02, PNorm = 90.6833, GNorm = 0.1193, lr_0 = 8.4391e-04
Loss = 5.1503e-02, PNorm = 90.6862, GNorm = 0.6294, lr_0 = 8.4304e-04
Loss = 8.7923e-02, PNorm = 90.6900, GNorm = 0.7291, lr_0 = 8.4217e-04
Loss = 2.9732e-02, PNorm = 90.7096, GNorm = 0.2077, lr_0 = 8.4131e-04
Loss = 9.5108e-02, PNorm = 90.7183, GNorm = 0.2440, lr_0 = 8.4044e-04
Loss = 6.1033e-02, PNorm = 90.7289, GNorm = 0.3913, lr_0 = 8.3958e-04
Loss = 4.5571e-02, PNorm = 90.7479, GNorm = 0.1837, lr_0 = 8.3872e-04
Loss = 7.1729e-02, PNorm = 90.7604, GNorm = 1.1286, lr_0 = 8.3786e-04
Loss = 8.4305e-03, PNorm = 90.7716, GNorm = 0.1722, lr_0 = 8.3700e-04
Loss = 3.3106e-02, PNorm = 90.7857, GNorm = 0.0927, lr_0 = 8.3614e-04
Loss = 7.9241e-02, PNorm = 90.7865, GNorm = 0.5141, lr_0 = 8.3528e-04
Loss = 8.2398e-02, PNorm = 90.7837, GNorm = 0.3703, lr_0 = 8.3442e-04
Loss = 5.5171e-02, PNorm = 90.8036, GNorm = 0.2380, lr_0 = 8.3356e-04
Loss = 5.4637e-02, PNorm = 90.8162, GNorm = 0.2213, lr_0 = 8.3270e-04
Loss = 5.4534e-02, PNorm = 90.8263, GNorm = 0.5625, lr_0 = 8.3185e-04
Loss = 6.7262e-02, PNorm = 90.8264, GNorm = 0.4306, lr_0 = 8.3099e-04
Loss = 6.5090e-02, PNorm = 90.8346, GNorm = 0.3233, lr_0 = 8.3014e-04
Loss = 4.6123e-02, PNorm = 90.8540, GNorm = 0.2042, lr_0 = 8.2929e-04
Loss = 1.6397e-02, PNorm = 90.8788, GNorm = 0.0478, lr_0 = 8.2844e-04
Loss = 7.5601e-02, PNorm = 90.8725, GNorm = 0.1730, lr_0 = 8.2758e-04
Loss = 5.1969e-02, PNorm = 90.8811, GNorm = 0.3374, lr_0 = 8.2673e-04
Loss = 5.6129e-02, PNorm = 90.8944, GNorm = 0.2314, lr_0 = 8.2589e-04
Loss = 6.4576e-02, PNorm = 90.9062, GNorm = 0.2609, lr_0 = 8.2504e-04
Loss = 5.1691e-02, PNorm = 90.9196, GNorm = 0.1926, lr_0 = 8.2419e-04
Loss = 5.7392e-02, PNorm = 90.9263, GNorm = 0.2573, lr_0 = 8.2334e-04
Loss = 3.6025e-02, PNorm = 90.9408, GNorm = 0.2355, lr_0 = 8.2250e-04
Loss = 7.2539e-02, PNorm = 90.9521, GNorm = 0.1575, lr_0 = 8.2165e-04
Loss = 7.0396e-02, PNorm = 90.9508, GNorm = 0.3632, lr_0 = 8.2081e-04
Loss = 5.0358e-02, PNorm = 90.9665, GNorm = 0.2428, lr_0 = 8.1996e-04
Loss = 3.6672e-02, PNorm = 90.9911, GNorm = 0.0569, lr_0 = 8.1912e-04
Loss = 8.9271e-02, PNorm = 90.9894, GNorm = 0.9656, lr_0 = 8.1828e-04
Loss = 3.9811e-02, PNorm = 90.9987, GNorm = 0.4452, lr_0 = 8.1744e-04
Loss = 3.1507e-02, PNorm = 91.0297, GNorm = 0.0808, lr_0 = 8.1660e-04
Loss = 6.9337e-02, PNorm = 91.0360, GNorm = 0.3703, lr_0 = 8.1576e-04
Loss = 5.1455e-02, PNorm = 91.0393, GNorm = 0.2616, lr_0 = 8.1492e-04
Loss = 2.1968e-02, PNorm = 91.0606, GNorm = 0.1680, lr_0 = 8.1408e-04
Loss = 5.3105e-02, PNorm = 91.0716, GNorm = 0.1993, lr_0 = 8.1325e-04
Loss = 1.7356e-02, PNorm = 91.0913, GNorm = 0.0917, lr_0 = 8.1241e-04
Loss = 6.9993e-02, PNorm = 91.0957, GNorm = 0.5743, lr_0 = 8.1158e-04
Loss = 5.5293e-02, PNorm = 91.0969, GNorm = 0.7150, lr_0 = 8.1074e-04
Loss = 5.8540e-02, PNorm = 91.1099, GNorm = 0.2680, lr_0 = 8.0991e-04
Loss = 8.1821e-02, PNorm = 91.1230, GNorm = 0.8376, lr_0 = 8.0908e-04
Loss = 5.5709e-02, PNorm = 91.1392, GNorm = 0.3602, lr_0 = 8.0825e-04
Loss = 6.0892e-02, PNorm = 91.1562, GNorm = 0.4278, lr_0 = 8.0742e-04
Loss = 1.6496e-02, PNorm = 91.1717, GNorm = 0.1060, lr_0 = 8.0659e-04
Loss = 3.1452e-03, PNorm = 91.1920, GNorm = 0.0588, lr_0 = 8.0576e-04
Loss = 3.2616e-02, PNorm = 91.1985, GNorm = 0.0341, lr_0 = 8.0493e-04
Loss = 9.2632e-02, PNorm = 91.1832, GNorm = 0.4906, lr_0 = 8.0410e-04
Loss = 3.4328e-02, PNorm = 91.1880, GNorm = 0.3914, lr_0 = 8.0328e-04
Loss = 3.0691e-02, PNorm = 91.2073, GNorm = 0.1908, lr_0 = 8.0245e-04
Loss = 7.4360e-02, PNorm = 91.2106, GNorm = 0.1945, lr_0 = 8.0163e-04
Loss = 3.0772e-02, PNorm = 91.2173, GNorm = 0.1828, lr_0 = 8.0081e-04
Loss = 2.6958e-02, PNorm = 91.2241, GNorm = 0.1508, lr_0 = 7.9998e-04
Loss = 5.9526e-02, PNorm = 91.2266, GNorm = 0.1819, lr_0 = 7.9916e-04
Loss = 6.0003e-02, PNorm = 91.2280, GNorm = 0.2822, lr_0 = 7.9834e-04
Loss = 6.8474e-02, PNorm = 91.2334, GNorm = 0.3989, lr_0 = 7.9752e-04
Loss = 7.1368e-02, PNorm = 91.2493, GNorm = 0.3288, lr_0 = 7.9670e-04
Loss = 4.7543e-02, PNorm = 91.2670, GNorm = 0.4978, lr_0 = 7.9588e-04
Loss = 5.8949e-02, PNorm = 91.2787, GNorm = 0.4565, lr_0 = 7.9506e-04
Loss = 4.5183e-02, PNorm = 91.2945, GNorm = 0.6220, lr_0 = 7.9425e-04
Loss = 6.5704e-02, PNorm = 91.2974, GNorm = 0.8033, lr_0 = 7.9343e-04
Loss = 4.5616e-02, PNorm = 91.3078, GNorm = 0.2544, lr_0 = 7.9262e-04
Loss = 2.9454e-02, PNorm = 91.3280, GNorm = 0.1441, lr_0 = 7.9180e-04
Loss = 3.1750e-02, PNorm = 91.3463, GNorm = 0.0931, lr_0 = 7.9099e-04
Loss = 5.2000e-02, PNorm = 91.3536, GNorm = 0.1822, lr_0 = 7.9017e-04
Loss = 4.8563e-02, PNorm = 91.3599, GNorm = 0.4067, lr_0 = 7.8936e-04
Loss = 4.3176e-02, PNorm = 91.3770, GNorm = 0.2781, lr_0 = 7.8855e-04
Loss = 6.1196e-02, PNorm = 91.3915, GNorm = 0.3156, lr_0 = 7.8774e-04
Loss = 1.8586e-02, PNorm = 91.4210, GNorm = 0.1057, lr_0 = 7.8693e-04
Loss = 4.3618e-02, PNorm = 91.4358, GNorm = 0.0748, lr_0 = 7.8612e-04
Loss = 3.3018e-02, PNorm = 91.4445, GNorm = 0.1075, lr_0 = 7.8532e-04
Loss = 7.7526e-02, PNorm = 91.4470, GNorm = 0.3041, lr_0 = 7.8451e-04
Loss = 5.0396e-02, PNorm = 91.4873, GNorm = 0.3091, lr_0 = 7.8370e-04
Loss = 8.1893e-02, PNorm = 91.5083, GNorm = 0.3111, lr_0 = 7.8290e-04
Loss = 2.2170e-02, PNorm = 91.5441, GNorm = 0.6278, lr_0 = 7.8209e-04
Loss = 8.0793e-02, PNorm = 91.5563, GNorm = 0.4689, lr_0 = 7.8129e-04
Validation auc = 0.500800
Epoch 5
Loss = 3.5407e-02, PNorm = 91.5674, GNorm = 0.2287, lr_0 = 7.8049e-04
Loss = 9.1099e-02, PNorm = 91.5796, GNorm = 1.7698, lr_0 = 7.7969e-04
Loss = 2.2827e-02, PNorm = 91.6006, GNorm = 0.3321, lr_0 = 7.7888e-04
Loss = 6.8176e-02, PNorm = 91.6229, GNorm = 0.2113, lr_0 = 7.7808e-04
Loss = 3.7880e-02, PNorm = 91.6419, GNorm = 0.2154, lr_0 = 7.7729e-04
Loss = 2.4958e-02, PNorm = 91.6705, GNorm = 0.0746, lr_0 = 7.7649e-04
Loss = 7.8737e-02, PNorm = 91.6752, GNorm = 0.4542, lr_0 = 7.7569e-04
Loss = 4.0864e-02, PNorm = 91.7108, GNorm = 0.2467, lr_0 = 7.7489e-04
Loss = 3.9739e-02, PNorm = 91.7460, GNorm = 1.0397, lr_0 = 7.7410e-04
Loss = 6.2373e-02, PNorm = 91.7549, GNorm = 0.6569, lr_0 = 7.7330e-04
Loss = 6.0807e-02, PNorm = 91.7601, GNorm = 0.4155, lr_0 = 7.7251e-04
Loss = 4.4729e-02, PNorm = 91.7772, GNorm = 0.2659, lr_0 = 7.7171e-04
Loss = 7.0921e-02, PNorm = 91.7948, GNorm = 0.5686, lr_0 = 7.7092e-04
Loss = 8.8434e-02, PNorm = 91.8113, GNorm = 0.4088, lr_0 = 7.7013e-04
Loss = 2.5243e-02, PNorm = 91.8321, GNorm = 0.2620, lr_0 = 7.6934e-04
Loss = 4.4689e-02, PNorm = 91.8484, GNorm = 0.1507, lr_0 = 7.6855e-04
Loss = 4.0066e-02, PNorm = 91.8556, GNorm = 0.1543, lr_0 = 7.6776e-04
Loss = 1.6699e-02, PNorm = 91.8705, GNorm = 0.1149, lr_0 = 7.6697e-04
Loss = 3.7773e-02, PNorm = 91.8815, GNorm = 0.1017, lr_0 = 7.6618e-04
Loss = 1.5792e-02, PNorm = 91.8975, GNorm = 0.0779, lr_0 = 7.6539e-04
Loss = 5.2792e-02, PNorm = 91.9095, GNorm = 0.0809, lr_0 = 7.6461e-04
Loss = 4.4345e-02, PNorm = 91.9105, GNorm = 0.3252, lr_0 = 7.6382e-04
Loss = 2.8222e-02, PNorm = 91.9388, GNorm = 0.1600, lr_0 = 7.6304e-04
Loss = 3.5962e-02, PNorm = 91.9514, GNorm = 0.0973, lr_0 = 7.6225e-04
Loss = 6.6246e-02, PNorm = 91.9526, GNorm = 0.2148, lr_0 = 7.6147e-04
Loss = 6.5680e-02, PNorm = 91.9628, GNorm = 0.4938, lr_0 = 7.6069e-04
Loss = 4.9935e-02, PNorm = 91.9794, GNorm = 0.2909, lr_0 = 7.5990e-04
Loss = 1.1832e-01, PNorm = 91.9868, GNorm = 1.1027, lr_0 = 7.5912e-04
Loss = 6.0495e-02, PNorm = 91.9977, GNorm = 0.5775, lr_0 = 7.5834e-04
Loss = 3.3836e-02, PNorm = 92.0286, GNorm = 0.1406, lr_0 = 7.5756e-04
Loss = 6.0154e-02, PNorm = 92.0384, GNorm = 0.0903, lr_0 = 7.5679e-04
Loss = 1.5496e-02, PNorm = 92.0410, GNorm = 0.1589, lr_0 = 7.5601e-04
Loss = 7.7034e-02, PNorm = 92.0357, GNorm = 0.3648, lr_0 = 7.5523e-04
Loss = 6.1595e-02, PNorm = 92.0462, GNorm = 0.6557, lr_0 = 7.5446e-04
Loss = 6.7032e-02, PNorm = 92.0571, GNorm = 0.5270, lr_0 = 7.5368e-04
Loss = 5.2934e-02, PNorm = 92.0676, GNorm = 0.3259, lr_0 = 7.5291e-04
Loss = 5.7256e-02, PNorm = 92.0807, GNorm = 0.4408, lr_0 = 7.5213e-04
Loss = 6.8196e-02, PNorm = 92.0921, GNorm = 0.3737, lr_0 = 7.5136e-04
Loss = 3.0366e-02, PNorm = 92.1167, GNorm = 0.1328, lr_0 = 7.5059e-04
Loss = 1.0045e-01, PNorm = 92.1154, GNorm = 0.3529, lr_0 = 7.4982e-04
Loss = 3.6051e-02, PNorm = 92.1313, GNorm = 0.3148, lr_0 = 7.4905e-04
Loss = 6.7141e-02, PNorm = 92.1514, GNorm = 0.1709, lr_0 = 7.4828e-04
Loss = 3.8420e-02, PNorm = 92.1607, GNorm = 0.1909, lr_0 = 7.4751e-04
Loss = 4.9111e-02, PNorm = 92.1713, GNorm = 0.2885, lr_0 = 7.4674e-04
Loss = 5.9931e-02, PNorm = 92.1838, GNorm = 0.2459, lr_0 = 7.4597e-04
Loss = 8.7105e-02, PNorm = 92.1953, GNorm = 1.3779, lr_0 = 7.4521e-04
Loss = 6.0288e-02, PNorm = 92.2100, GNorm = 0.4968, lr_0 = 7.4444e-04
Loss = 3.5192e-02, PNorm = 92.2472, GNorm = 0.1286, lr_0 = 7.4368e-04
Loss = 6.9153e-02, PNorm = 92.2500, GNorm = 0.2277, lr_0 = 7.4291e-04
Loss = 5.2045e-02, PNorm = 92.2639, GNorm = 0.5191, lr_0 = 7.4215e-04
Loss = 6.2512e-02, PNorm = 92.2749, GNorm = 0.2835, lr_0 = 7.4139e-04
Loss = 3.8307e-02, PNorm = 92.2875, GNorm = 0.2653, lr_0 = 7.4062e-04
Loss = 5.8186e-02, PNorm = 92.3054, GNorm = 0.1595, lr_0 = 7.3986e-04
Loss = 6.2590e-02, PNorm = 92.3080, GNorm = 0.2757, lr_0 = 7.3910e-04
Loss = 5.0556e-02, PNorm = 92.3190, GNorm = 0.2362, lr_0 = 7.3834e-04
Loss = 5.2303e-02, PNorm = 92.3322, GNorm = 1.0912, lr_0 = 7.3759e-04
Loss = 8.0152e-02, PNorm = 92.3367, GNorm = 0.3917, lr_0 = 7.3683e-04
Loss = 8.4564e-02, PNorm = 92.3433, GNorm = 0.4454, lr_0 = 7.3607e-04
Loss = 6.3789e-02, PNorm = 92.3663, GNorm = 0.9934, lr_0 = 7.3531e-04
Loss = 5.3440e-02, PNorm = 92.3803, GNorm = 0.5070, lr_0 = 7.3456e-04
Loss = 4.9394e-02, PNorm = 92.3826, GNorm = 0.2694, lr_0 = 7.3380e-04
Loss = 5.7584e-02, PNorm = 92.3943, GNorm = 0.2610, lr_0 = 7.3305e-04
Loss = 7.2657e-02, PNorm = 92.4070, GNorm = 0.3036, lr_0 = 7.3230e-04
Loss = 5.4366e-02, PNorm = 92.4234, GNorm = 0.2984, lr_0 = 7.3155e-04
Loss = 1.0034e-01, PNorm = 92.4290, GNorm = 0.3658, lr_0 = 7.3079e-04
Loss = 6.2407e-02, PNorm = 92.4465, GNorm = 0.3267, lr_0 = 7.3004e-04
Loss = 4.8136e-02, PNorm = 92.4627, GNorm = 0.8060, lr_0 = 7.2929e-04
Loss = 4.8767e-02, PNorm = 92.4680, GNorm = 0.2435, lr_0 = 7.2854e-04
Loss = 1.4965e-02, PNorm = 92.4835, GNorm = 0.0903, lr_0 = 7.2779e-04
Loss = 1.4066e-02, PNorm = 92.4936, GNorm = 0.0634, lr_0 = 7.2705e-04
Loss = 3.6874e-02, PNorm = 92.4968, GNorm = 0.0666, lr_0 = 7.2630e-04
Loss = 2.9263e-02, PNorm = 92.4967, GNorm = 0.0993, lr_0 = 7.2555e-04
Loss = 7.4205e-02, PNorm = 92.4900, GNorm = 0.4551, lr_0 = 7.2481e-04
Loss = 7.4563e-02, PNorm = 92.5038, GNorm = 0.4500, lr_0 = 7.2406e-04
Loss = 3.5033e-02, PNorm = 92.5471, GNorm = 0.1810, lr_0 = 7.2332e-04
Loss = 1.9932e-01, PNorm = 92.6483, GNorm = 0.3760, lr_0 = 7.2258e-04
Loss = 5.9400e-02, PNorm = 92.9154, GNorm = 0.4383, lr_0 = 7.2183e-04
Loss = 4.3978e-02, PNorm = 93.1264, GNorm = 0.0848, lr_0 = 7.2109e-04
Loss = 8.3275e-02, PNorm = 93.3157, GNorm = 0.4181, lr_0 = 7.2035e-04
Loss = 4.2743e-02, PNorm = 93.4745, GNorm = 0.1560, lr_0 = 7.1961e-04
Validation auc = 0.491778
Epoch 6
Loss = 3.9201e-02, PNorm = 93.5530, GNorm = 0.6906, lr_0 = 7.1887e-04
Loss = 5.9887e-02, PNorm = 93.5719, GNorm = 0.4718, lr_0 = 7.1813e-04
Loss = 1.1667e-02, PNorm = 93.6074, GNorm = 0.1222, lr_0 = 7.1740e-04
Loss = 1.9247e-02, PNorm = 93.6452, GNorm = 1.0113, lr_0 = 7.1666e-04
Loss = 8.2215e-02, PNorm = 93.6350, GNorm = 0.0828, lr_0 = 7.1592e-04
Loss = 4.1959e-02, PNorm = 93.6276, GNorm = 0.4357, lr_0 = 7.1519e-04
Loss = 3.7599e-02, PNorm = 93.6465, GNorm = 1.0418, lr_0 = 7.1445e-04
Loss = 5.2611e-02, PNorm = 93.6594, GNorm = 0.7631, lr_0 = 7.1372e-04
Loss = 5.6272e-02, PNorm = 93.6648, GNorm = 0.3740, lr_0 = 7.1298e-04
Loss = 5.3323e-02, PNorm = 93.6820, GNorm = 0.5848, lr_0 = 7.1225e-04
Loss = 4.0797e-02, PNorm = 93.6960, GNorm = 0.6780, lr_0 = 7.1152e-04
Loss = 3.9430e-02, PNorm = 93.7078, GNorm = 0.6938, lr_0 = 7.1079e-04
Loss = 5.8843e-02, PNorm = 93.7130, GNorm = 0.6737, lr_0 = 7.1006e-04
Loss = 8.3475e-02, PNorm = 93.7199, GNorm = 0.2874, lr_0 = 7.0933e-04
Loss = 2.3914e-02, PNorm = 93.7413, GNorm = 0.2071, lr_0 = 7.0860e-04
Loss = 4.8977e-02, PNorm = 93.7565, GNorm = 0.8036, lr_0 = 7.0787e-04
Loss = 7.0316e-02, PNorm = 93.7560, GNorm = 0.2380, lr_0 = 7.0715e-04
Loss = 4.3293e-02, PNorm = 93.7611, GNorm = 0.2827, lr_0 = 7.0642e-04
Loss = 1.8823e-02, PNorm = 93.7766, GNorm = 0.1598, lr_0 = 7.0569e-04
Loss = 6.9952e-02, PNorm = 93.7799, GNorm = 0.2202, lr_0 = 7.0497e-04
Loss = 7.9800e-02, PNorm = 93.7769, GNorm = 0.4078, lr_0 = 7.0424e-04
Loss = 5.1205e-02, PNorm = 93.7911, GNorm = 0.2743, lr_0 = 7.0352e-04
Loss = 5.4850e-02, PNorm = 93.8011, GNorm = 1.6748, lr_0 = 7.0280e-04
Loss = 8.8737e-02, PNorm = 93.7958, GNorm = 0.4710, lr_0 = 7.0208e-04
Loss = 5.3364e-02, PNorm = 93.8126, GNorm = 0.3693, lr_0 = 7.0135e-04
Loss = 5.3311e-02, PNorm = 93.8310, GNorm = 0.2002, lr_0 = 7.0063e-04
Loss = 5.5252e-02, PNorm = 93.8435, GNorm = 0.6854, lr_0 = 6.9991e-04
Loss = 8.1690e-02, PNorm = 93.8599, GNorm = 0.7981, lr_0 = 6.9919e-04
Loss = 5.9630e-02, PNorm = 93.8822, GNorm = 0.3690, lr_0 = 6.9848e-04
Loss = 5.3641e-02, PNorm = 93.9163, GNorm = 0.2876, lr_0 = 6.9776e-04
Loss = 4.0596e-02, PNorm = 93.9500, GNorm = 0.2516, lr_0 = 6.9704e-04
Loss = 5.0728e-02, PNorm = 93.9806, GNorm = 0.1462, lr_0 = 6.9633e-04
Loss = 1.4187e-02, PNorm = 94.0029, GNorm = 0.1571, lr_0 = 6.9561e-04
Loss = 4.4322e-02, PNorm = 94.0177, GNorm = 0.1711, lr_0 = 6.9490e-04
Loss = 6.5514e-02, PNorm = 94.0253, GNorm = 0.2527, lr_0 = 6.9418e-04
Loss = 6.5646e-02, PNorm = 94.0372, GNorm = 0.3892, lr_0 = 6.9347e-04
Loss = 8.3768e-02, PNorm = 94.0719, GNorm = 0.5371, lr_0 = 6.9276e-04
Loss = 5.6245e-02, PNorm = 94.1201, GNorm = 0.2279, lr_0 = 6.9204e-04
Loss = 6.9056e-02, PNorm = 94.1381, GNorm = 0.3195, lr_0 = 6.9133e-04
Loss = 4.1225e-02, PNorm = 94.1529, GNorm = 0.2101, lr_0 = 6.9062e-04
Loss = 1.0089e-01, PNorm = 94.1592, GNorm = 0.4196, lr_0 = 6.8991e-04
Loss = 5.1450e-02, PNorm = 94.1650, GNorm = 0.3821, lr_0 = 6.8920e-04
Loss = 8.5049e-02, PNorm = 94.1745, GNorm = 0.4758, lr_0 = 6.8850e-04
Loss = 5.1746e-02, PNorm = 94.1813, GNorm = 0.4291, lr_0 = 6.8779e-04
Loss = 4.6066e-02, PNorm = 94.1890, GNorm = 0.2915, lr_0 = 6.8708e-04
Loss = 2.5397e-02, PNorm = 94.2012, GNorm = 0.1317, lr_0 = 6.8638e-04
Loss = 5.7366e-02, PNorm = 94.2061, GNorm = 0.1325, lr_0 = 6.8567e-04
Loss = 5.7985e-02, PNorm = 94.2048, GNorm = 0.2704, lr_0 = 6.8497e-04
Loss = 6.6259e-02, PNorm = 94.2081, GNorm = 0.4316, lr_0 = 6.8426e-04
Loss = 3.6378e-02, PNorm = 94.2160, GNorm = 0.2206, lr_0 = 6.8356e-04
Loss = 6.1736e-02, PNorm = 94.2256, GNorm = 0.5965, lr_0 = 6.8286e-04
Loss = 5.2248e-02, PNorm = 94.2239, GNorm = 0.3051, lr_0 = 6.8216e-04
Loss = 3.1184e-02, PNorm = 94.2307, GNorm = 0.2647, lr_0 = 6.8146e-04
Loss = 3.8392e-02, PNorm = 94.2364, GNorm = 0.1917, lr_0 = 6.8076e-04
Loss = 6.4505e-02, PNorm = 94.2385, GNorm = 0.7706, lr_0 = 6.8006e-04
Loss = 3.7065e-02, PNorm = 94.2407, GNorm = 0.2117, lr_0 = 6.7936e-04
Loss = 3.0314e-02, PNorm = 94.2486, GNorm = 0.5959, lr_0 = 6.7866e-04
Loss = 6.3266e-02, PNorm = 94.2487, GNorm = 0.4540, lr_0 = 6.7796e-04
Loss = 8.7193e-02, PNorm = 94.2510, GNorm = 0.5195, lr_0 = 6.7727e-04
Loss = 6.7571e-02, PNorm = 94.2612, GNorm = 0.4820, lr_0 = 6.7657e-04
Loss = 6.8394e-02, PNorm = 94.2774, GNorm = 0.2849, lr_0 = 6.7587e-04
Loss = 6.9639e-02, PNorm = 94.2882, GNorm = 1.1820, lr_0 = 6.7518e-04
Loss = 2.6080e-02, PNorm = 94.2997, GNorm = 0.2507, lr_0 = 6.7449e-04
Loss = 6.9114e-02, PNorm = 94.3062, GNorm = 0.7342, lr_0 = 6.7379e-04
Loss = 6.7086e-02, PNorm = 94.3105, GNorm = 0.4071, lr_0 = 6.7310e-04
Loss = 4.8774e-02, PNorm = 94.3232, GNorm = 0.2686, lr_0 = 6.7241e-04
Loss = 3.2039e-02, PNorm = 94.3393, GNorm = 0.1569, lr_0 = 6.7172e-04
Loss = 2.9253e-02, PNorm = 94.3498, GNorm = 0.1327, lr_0 = 6.7103e-04
Loss = 1.2488e-02, PNorm = 94.3564, GNorm = 0.0551, lr_0 = 6.7034e-04
Loss = 5.7227e-02, PNorm = 94.3571, GNorm = 1.0855, lr_0 = 6.6965e-04
Loss = 6.0236e-02, PNorm = 94.3472, GNorm = 0.3477, lr_0 = 6.6896e-04
Loss = 5.8391e-02, PNorm = 94.3524, GNorm = 0.3718, lr_0 = 6.6828e-04
Loss = 5.8561e-02, PNorm = 94.3621, GNorm = 0.4509, lr_0 = 6.6759e-04
Loss = 4.4152e-02, PNorm = 94.3735, GNorm = 0.1798, lr_0 = 6.6690e-04
Loss = 7.7249e-02, PNorm = 94.3759, GNorm = 0.9380, lr_0 = 6.6622e-04
Loss = 5.2445e-02, PNorm = 94.3763, GNorm = 0.3382, lr_0 = 6.6553e-04
Loss = 8.1998e-02, PNorm = 94.3827, GNorm = 1.2750, lr_0 = 6.6485e-04
Loss = 4.3057e-02, PNorm = 94.3909, GNorm = 0.3827, lr_0 = 6.6417e-04
Loss = 4.9686e-02, PNorm = 94.4031, GNorm = 0.2128, lr_0 = 6.6348e-04
Loss = 3.5412e-02, PNorm = 94.4143, GNorm = 0.1170, lr_0 = 6.6280e-04
Validation auc = 0.481799
Epoch 7
Loss = 5.4840e-02, PNorm = 94.4151, GNorm = 0.2197, lr_0 = 6.6212e-04
Loss = 3.4621e-02, PNorm = 94.4200, GNorm = 0.2423, lr_0 = 6.6144e-04
Loss = 8.4754e-02, PNorm = 94.4214, GNorm = 0.3726, lr_0 = 6.6076e-04
Loss = 6.2717e-02, PNorm = 94.4261, GNorm = 0.2851, lr_0 = 6.6008e-04
Loss = 3.9554e-02, PNorm = 94.4406, GNorm = 0.7848, lr_0 = 6.5940e-04
Loss = 3.9455e-02, PNorm = 94.4538, GNorm = 0.1365, lr_0 = 6.5873e-04
Loss = 9.0373e-02, PNorm = 94.4509, GNorm = 0.3589, lr_0 = 6.5805e-04
Loss = 5.2763e-02, PNorm = 94.4600, GNorm = 0.4712, lr_0 = 6.5737e-04
Loss = 5.4104e-02, PNorm = 94.4768, GNorm = 0.2593, lr_0 = 6.5670e-04
Loss = 2.7987e-02, PNorm = 94.4919, GNorm = 0.1090, lr_0 = 6.5602e-04
Loss = 3.8477e-02, PNorm = 94.4970, GNorm = 0.1841, lr_0 = 6.5535e-04
Loss = 3.1005e-02, PNorm = 94.5072, GNorm = 0.5978, lr_0 = 6.5468e-04
Loss = 4.8840e-02, PNorm = 94.5094, GNorm = 0.7227, lr_0 = 6.5400e-04
Loss = 7.1249e-02, PNorm = 94.5148, GNorm = 0.4009, lr_0 = 6.5333e-04
Loss = 8.6652e-02, PNorm = 94.5236, GNorm = 0.4873, lr_0 = 6.5266e-04
Loss = 1.9575e-02, PNorm = 94.5507, GNorm = 0.2029, lr_0 = 6.5199e-04
Loss = 5.8486e-02, PNorm = 94.5674, GNorm = 0.5662, lr_0 = 6.5132e-04
Loss = 1.1157e-01, PNorm = 94.5544, GNorm = 0.3373, lr_0 = 6.5065e-04
Loss = 4.2354e-02, PNorm = 94.5669, GNorm = 0.4778, lr_0 = 6.4998e-04
Loss = 3.7028e-02, PNorm = 94.5893, GNorm = 0.1604, lr_0 = 6.4931e-04
Loss = 7.4987e-02, PNorm = 94.5986, GNorm = 0.8184, lr_0 = 6.4865e-04
Loss = 3.5911e-02, PNorm = 94.5984, GNorm = 0.2165, lr_0 = 6.4798e-04
Loss = 7.7599e-02, PNorm = 94.5979, GNorm = 0.3565, lr_0 = 6.4732e-04
Loss = 6.5001e-02, PNorm = 94.6125, GNorm = 0.9250, lr_0 = 6.4665e-04
Loss = 5.7412e-02, PNorm = 94.6233, GNorm = 0.4014, lr_0 = 6.4599e-04
Loss = 7.5635e-02, PNorm = 94.6329, GNorm = 0.5718, lr_0 = 6.4532e-04
Loss = 2.5790e-02, PNorm = 94.6500, GNorm = 0.2113, lr_0 = 6.4466e-04
Loss = 1.0491e-01, PNorm = 94.6497, GNorm = 0.4844, lr_0 = 6.4400e-04
Loss = 5.1252e-02, PNorm = 94.6631, GNorm = 0.4675, lr_0 = 6.4334e-04
Loss = 5.0198e-02, PNorm = 94.6860, GNorm = 0.2172, lr_0 = 6.4267e-04
Loss = 5.2590e-03, PNorm = 94.7104, GNorm = 0.0555, lr_0 = 6.4201e-04
Loss = 1.3408e-01, PNorm = 94.7046, GNorm = 1.7529, lr_0 = 6.4135e-04
Loss = 5.1268e-02, PNorm = 94.7034, GNorm = 0.5326, lr_0 = 6.4070e-04
Loss = 4.7003e-02, PNorm = 94.7293, GNorm = 0.5585, lr_0 = 6.4004e-04
Loss = 2.9834e-02, PNorm = 94.7523, GNorm = 0.7881, lr_0 = 6.3938e-04
Loss = 7.9592e-02, PNorm = 94.7561, GNorm = 1.5994, lr_0 = 6.3872e-04
Loss = 5.5428e-02, PNorm = 94.7576, GNorm = 0.4078, lr_0 = 6.3807e-04
Loss = 3.1133e-02, PNorm = 94.7814, GNorm = 0.2149, lr_0 = 6.3741e-04
Loss = 6.1208e-02, PNorm = 94.7890, GNorm = 0.1688, lr_0 = 6.3676e-04
Loss = 5.7835e-02, PNorm = 94.7995, GNorm = 0.6578, lr_0 = 6.3610e-04
Loss = 6.1180e-02, PNorm = 94.8058, GNorm = 0.2716, lr_0 = 6.3545e-04
Loss = 3.6237e-02, PNorm = 94.8175, GNorm = 0.1865, lr_0 = 6.3480e-04
Loss = 2.6827e-02, PNorm = 94.8333, GNorm = 0.1794, lr_0 = 6.3414e-04
Loss = 5.9370e-02, PNorm = 94.8393, GNorm = 0.1516, lr_0 = 6.3349e-04
Loss = 6.4118e-02, PNorm = 94.8275, GNorm = 0.3421, lr_0 = 6.3284e-04
Loss = 6.5202e-02, PNorm = 94.8325, GNorm = 0.4298, lr_0 = 6.3219e-04
Loss = 3.7721e-02, PNorm = 94.8517, GNorm = 0.4724, lr_0 = 6.3154e-04
Loss = 5.3992e-02, PNorm = 94.8595, GNorm = 0.1943, lr_0 = 6.3089e-04
Loss = 6.0617e-03, PNorm = 94.8753, GNorm = 0.1090, lr_0 = 6.3024e-04
Loss = 3.5639e-02, PNorm = 94.8824, GNorm = 0.0734, lr_0 = 6.2960e-04
Loss = 6.5046e-02, PNorm = 94.8787, GNorm = 0.1615, lr_0 = 6.2895e-04
Loss = 5.4209e-02, PNorm = 94.8796, GNorm = 0.7256, lr_0 = 6.2830e-04
Loss = 3.0561e-02, PNorm = 94.8902, GNorm = 0.2478, lr_0 = 6.2766e-04
Loss = 7.8830e-02, PNorm = 94.9041, GNorm = 2.0966, lr_0 = 6.2701e-04
Loss = 3.6557e-02, PNorm = 94.9025, GNorm = 2.0382, lr_0 = 6.2637e-04
Loss = 4.7031e-02, PNorm = 94.9069, GNorm = 0.3276, lr_0 = 6.2573e-04
Loss = 5.1127e-02, PNorm = 94.9196, GNorm = 0.2747, lr_0 = 6.2508e-04
Loss = 5.4361e-02, PNorm = 94.9306, GNorm = 0.2788, lr_0 = 6.2444e-04
Loss = 5.7570e-02, PNorm = 94.9432, GNorm = 0.3482, lr_0 = 6.2380e-04
Loss = 8.4139e-02, PNorm = 94.9514, GNorm = 0.6628, lr_0 = 6.2316e-04
Loss = 3.3748e-02, PNorm = 94.9570, GNorm = 0.4409, lr_0 = 6.2252e-04
Loss = 2.1416e-02, PNorm = 94.9756, GNorm = 0.1261, lr_0 = 6.2188e-04
Loss = 7.0601e-02, PNorm = 94.9755, GNorm = 0.1997, lr_0 = 6.2124e-04
Loss = 7.3499e-02, PNorm = 94.9731, GNorm = 0.6650, lr_0 = 6.2060e-04
Loss = 4.8926e-02, PNorm = 94.9829, GNorm = 0.4327, lr_0 = 6.1996e-04
Loss = 3.4304e-02, PNorm = 95.0043, GNorm = 0.1528, lr_0 = 6.1933e-04
Loss = 5.8823e-02, PNorm = 95.0146, GNorm = 0.1195, lr_0 = 6.1869e-04
Loss = 4.4397e-02, PNorm = 95.0165, GNorm = 0.6447, lr_0 = 6.1805e-04
Loss = 6.1291e-02, PNorm = 95.0219, GNorm = 0.3004, lr_0 = 6.1742e-04
Loss = 4.4622e-02, PNorm = 95.0283, GNorm = 0.2982, lr_0 = 6.1679e-04
Loss = 2.8737e-02, PNorm = 95.0416, GNorm = 0.6382, lr_0 = 6.1615e-04
Loss = 2.8600e-02, PNorm = 95.0546, GNorm = 0.1195, lr_0 = 6.1552e-04
Loss = 3.7482e-02, PNorm = 95.0644, GNorm = 0.8329, lr_0 = 6.1489e-04
Loss = 5.0023e-02, PNorm = 95.0589, GNorm = 0.2345, lr_0 = 6.1425e-04
Loss = 6.9111e-02, PNorm = 95.0626, GNorm = 0.3901, lr_0 = 6.1362e-04
Loss = 4.2906e-02, PNorm = 95.0766, GNorm = 0.3981, lr_0 = 6.1299e-04
Loss = 6.1856e-02, PNorm = 95.0923, GNorm = 0.2838, lr_0 = 6.1236e-04
Loss = 4.5210e-02, PNorm = 95.1138, GNorm = 1.1586, lr_0 = 6.1173e-04
Loss = 1.0934e-01, PNorm = 95.0985, GNorm = 0.5625, lr_0 = 6.1111e-04
Loss = 6.3790e-02, PNorm = 95.1155, GNorm = 0.5948, lr_0 = 6.1048e-04
Validation auc = 0.464305
Epoch 8
Loss = 3.9034e-02, PNorm = 95.1310, GNorm = 0.1943, lr_0 = 6.0985e-04
Loss = 3.6929e-02, PNorm = 95.1470, GNorm = 0.5875, lr_0 = 6.0922e-04
Loss = 9.1200e-02, PNorm = 95.1385, GNorm = 0.3162, lr_0 = 6.0860e-04
Loss = 3.2777e-02, PNorm = 95.1441, GNorm = 0.4681, lr_0 = 6.0797e-04
Loss = 1.8688e-02, PNorm = 95.1674, GNorm = 0.1226, lr_0 = 6.0735e-04
Loss = 3.1499e-02, PNorm = 95.1812, GNorm = 0.0867, lr_0 = 6.0672e-04
Loss = 4.1980e-02, PNorm = 95.1823, GNorm = 0.1138, lr_0 = 6.0610e-04
Loss = 3.7704e-02, PNorm = 95.1862, GNorm = 0.1188, lr_0 = 6.0548e-04
Loss = 5.6270e-02, PNorm = 95.1857, GNorm = 0.3196, lr_0 = 6.0486e-04
Loss = 6.2180e-02, PNorm = 95.1919, GNorm = 0.5007, lr_0 = 6.0423e-04
Loss = 4.1022e-02, PNorm = 95.2130, GNorm = 0.2524, lr_0 = 6.0361e-04
Loss = 5.6485e-02, PNorm = 95.2242, GNorm = 0.4762, lr_0 = 6.0299e-04
Loss = 4.4816e-02, PNorm = 95.2330, GNorm = 0.2554, lr_0 = 6.0237e-04
Loss = 2.0244e-02, PNorm = 95.2574, GNorm = 0.1427, lr_0 = 6.0175e-04
Loss = 6.5992e-02, PNorm = 95.2729, GNorm = 1.5940, lr_0 = 6.0114e-04
Loss = 4.7687e-02, PNorm = 95.2805, GNorm = 1.0783, lr_0 = 6.0052e-04
Loss = 4.3407e-02, PNorm = 95.3084, GNorm = 0.3016, lr_0 = 5.9990e-04
Loss = 2.3927e-02, PNorm = 95.3289, GNorm = 0.2385, lr_0 = 5.9929e-04
Loss = 3.1940e-02, PNorm = 95.3518, GNorm = 0.0870, lr_0 = 5.9867e-04
Loss = 6.0614e-02, PNorm = 95.3577, GNorm = 0.1616, lr_0 = 5.9805e-04
Loss = 5.9646e-02, PNorm = 95.3665, GNorm = 1.2968, lr_0 = 5.9744e-04
Loss = 6.3324e-02, PNorm = 95.3792, GNorm = 0.4804, lr_0 = 5.9683e-04
Loss = 2.7743e-02, PNorm = 95.4101, GNorm = 0.2694, lr_0 = 5.9621e-04
Loss = 2.6209e-02, PNorm = 95.4459, GNorm = 0.0975, lr_0 = 5.9560e-04
Loss = 1.7021e-01, PNorm = 95.4679, GNorm = 0.3329, lr_0 = 5.9499e-04
Loss = 5.9226e-02, PNorm = 95.6706, GNorm = 1.1762, lr_0 = 5.9438e-04
Loss = 5.8401e-02, PNorm = 95.8213, GNorm = 0.3184, lr_0 = 5.9377e-04
Loss = 4.4515e-02, PNorm = 95.8862, GNorm = 0.1624, lr_0 = 5.9316e-04
Loss = 5.9847e-02, PNorm = 95.9133, GNorm = 0.8654, lr_0 = 5.9255e-04
Loss = 9.6042e-02, PNorm = 95.9233, GNorm = 0.5690, lr_0 = 5.9194e-04
Loss = 7.4416e-02, PNorm = 95.9371, GNorm = 0.4744, lr_0 = 5.9133e-04
Loss = 2.9700e-02, PNorm = 95.9593, GNorm = 0.2370, lr_0 = 5.9072e-04
Loss = 2.8175e-02, PNorm = 95.9745, GNorm = 0.1049, lr_0 = 5.9012e-04
Loss = 2.6160e-03, PNorm = 95.9864, GNorm = 0.0775, lr_0 = 5.8951e-04
Loss = 8.3459e-02, PNorm = 95.9833, GNorm = 0.7827, lr_0 = 5.8890e-04
Loss = 6.1544e-02, PNorm = 95.9838, GNorm = 0.5329, lr_0 = 5.8830e-04
Loss = 3.2147e-02, PNorm = 95.9969, GNorm = 0.3290, lr_0 = 5.8769e-04
Loss = 4.6990e-02, PNorm = 96.0138, GNorm = 1.0397, lr_0 = 5.8709e-04
Loss = 6.8914e-02, PNorm = 96.0133, GNorm = 0.3122, lr_0 = 5.8649e-04
Loss = 4.9017e-02, PNorm = 96.0180, GNorm = 0.3816, lr_0 = 5.8589e-04
Loss = 3.3692e-02, PNorm = 96.0289, GNorm = 0.2944, lr_0 = 5.8528e-04
Loss = 4.2450e-02, PNorm = 96.0377, GNorm = 0.2068, lr_0 = 5.8468e-04
Loss = 3.6355e-02, PNorm = 96.0446, GNorm = 0.1681, lr_0 = 5.8408e-04
Loss = 3.8340e-02, PNorm = 96.0502, GNorm = 0.6095, lr_0 = 5.8348e-04
Loss = 6.6748e-02, PNorm = 96.0482, GNorm = 0.3729, lr_0 = 5.8288e-04
Loss = 5.1147e-02, PNorm = 96.0552, GNorm = 0.8694, lr_0 = 5.8228e-04
Loss = 7.0622e-02, PNorm = 96.0656, GNorm = 1.3399, lr_0 = 5.8168e-04
Loss = 7.0826e-02, PNorm = 96.0746, GNorm = 1.1846, lr_0 = 5.8109e-04
Loss = 5.8224e-02, PNorm = 96.0861, GNorm = 0.4392, lr_0 = 5.8049e-04
Loss = 6.3731e-02, PNorm = 96.0994, GNorm = 0.8092, lr_0 = 5.7989e-04
Loss = 8.1888e-02, PNorm = 96.1040, GNorm = 0.6683, lr_0 = 5.7930e-04
Loss = 7.2217e-02, PNorm = 96.1191, GNorm = 0.4313, lr_0 = 5.7870e-04
Loss = 1.0148e-01, PNorm = 96.1273, GNorm = 0.4272, lr_0 = 5.7811e-04
Loss = 7.9470e-02, PNorm = 96.1386, GNorm = 2.4433, lr_0 = 5.7751e-04
Loss = 5.1759e-02, PNorm = 96.1547, GNorm = 1.1203, lr_0 = 5.7692e-04
Loss = 5.8693e-02, PNorm = 96.1657, GNorm = 0.6577, lr_0 = 5.7633e-04
Loss = 8.3699e-02, PNorm = 96.1697, GNorm = 0.7284, lr_0 = 5.7574e-04
Loss = 8.0312e-02, PNorm = 96.1724, GNorm = 0.7110, lr_0 = 5.7514e-04
Loss = 8.5987e-02, PNorm = 96.1865, GNorm = 0.5103, lr_0 = 5.7455e-04
Loss = 4.3605e-02, PNorm = 96.2027, GNorm = 0.2716, lr_0 = 5.7396e-04
Loss = 4.8535e-02, PNorm = 96.2115, GNorm = 0.1492, lr_0 = 5.7337e-04
Loss = 7.7093e-02, PNorm = 96.2122, GNorm = 0.8297, lr_0 = 5.7278e-04
Loss = 4.2828e-02, PNorm = 96.2144, GNorm = 0.4166, lr_0 = 5.7220e-04
Loss = 9.7477e-02, PNorm = 96.2178, GNorm = 0.6290, lr_0 = 5.7161e-04
Loss = 5.9037e-02, PNorm = 96.2336, GNorm = 0.4370, lr_0 = 5.7102e-04
Loss = 9.6360e-02, PNorm = 96.2394, GNorm = 0.4749, lr_0 = 5.7043e-04
Loss = 7.5716e-02, PNorm = 96.2506, GNorm = 0.8823, lr_0 = 5.6985e-04
Loss = 5.7964e-02, PNorm = 96.2670, GNorm = 0.3386, lr_0 = 5.6926e-04
Loss = 3.1335e-02, PNorm = 96.2868, GNorm = 0.6875, lr_0 = 5.6868e-04
Loss = 2.7243e-02, PNorm = 96.2944, GNorm = 0.1513, lr_0 = 5.6809e-04
Loss = 7.3849e-02, PNorm = 96.2951, GNorm = 0.2164, lr_0 = 5.6751e-04
Loss = 3.7667e-02, PNorm = 96.3027, GNorm = 0.2745, lr_0 = 5.6693e-04
Loss = 9.1985e-03, PNorm = 96.3215, GNorm = 0.2053, lr_0 = 5.6634e-04
Loss = 4.9744e-02, PNorm = 96.3319, GNorm = 0.7228, lr_0 = 5.6576e-04
Loss = 6.4597e-02, PNorm = 96.3308, GNorm = 0.3378, lr_0 = 5.6518e-04
Loss = 6.6379e-02, PNorm = 96.3367, GNorm = 0.4625, lr_0 = 5.6460e-04
Loss = 9.8721e-03, PNorm = 96.3565, GNorm = 0.1780, lr_0 = 5.6402e-04
Loss = 4.9282e-02, PNorm = 96.3649, GNorm = 0.1356, lr_0 = 5.6344e-04
Loss = 4.2680e-02, PNorm = 96.3625, GNorm = 0.1695, lr_0 = 5.6286e-04
Loss = 3.5463e-02, PNorm = 96.3655, GNorm = 0.2533, lr_0 = 5.6228e-04
Validation auc = 0.481677
Epoch 9
Loss = 5.6644e-02, PNorm = 96.3688, GNorm = 0.3633, lr_0 = 5.6171e-04
Loss = 4.0645e-02, PNorm = 96.3799, GNorm = 0.2201, lr_0 = 5.6113e-04
Loss = 6.5070e-02, PNorm = 96.3852, GNorm = 1.4353, lr_0 = 5.6055e-04
Loss = 5.3485e-02, PNorm = 96.3929, GNorm = 0.4911, lr_0 = 5.5998e-04
Loss = 5.6258e-02, PNorm = 96.4012, GNorm = 0.6225, lr_0 = 5.5940e-04
Loss = 6.1532e-02, PNorm = 96.4139, GNorm = 0.4319, lr_0 = 5.5883e-04
Loss = 4.0207e-02, PNorm = 96.4311, GNorm = 0.3246, lr_0 = 5.5825e-04
Loss = 3.8345e-02, PNorm = 96.4447, GNorm = 0.2229, lr_0 = 5.5768e-04
Loss = 3.0114e-02, PNorm = 96.4557, GNorm = 0.1909, lr_0 = 5.5711e-04
Loss = 4.0451e-02, PNorm = 96.4620, GNorm = 0.1893, lr_0 = 5.5653e-04
Loss = 5.6274e-02, PNorm = 96.4632, GNorm = 0.3210, lr_0 = 5.5596e-04
Loss = 2.7751e-02, PNorm = 96.4732, GNorm = 0.2042, lr_0 = 5.5539e-04
Loss = 1.4077e-02, PNorm = 96.4885, GNorm = 0.1415, lr_0 = 5.5482e-04
Loss = 4.2972e-02, PNorm = 96.4979, GNorm = 0.1453, lr_0 = 5.5425e-04
Loss = 3.1324e-02, PNorm = 96.5068, GNorm = 0.1930, lr_0 = 5.5368e-04
Loss = 2.7653e-02, PNorm = 96.5177, GNorm = 0.1471, lr_0 = 5.5311e-04
Loss = 8.1712e-02, PNorm = 96.5159, GNorm = 0.3771, lr_0 = 5.5254e-04
Loss = 2.7095e-02, PNorm = 96.5263, GNorm = 0.3038, lr_0 = 5.5198e-04
Loss = 4.7849e-02, PNorm = 96.5369, GNorm = 0.8738, lr_0 = 5.5141e-04
Loss = 7.8848e-02, PNorm = 96.5333, GNorm = 0.5797, lr_0 = 5.5084e-04
Loss = 3.9385e-02, PNorm = 96.5408, GNorm = 0.3323, lr_0 = 5.5028e-04
Loss = 3.9389e-02, PNorm = 96.5538, GNorm = 1.0585, lr_0 = 5.4971e-04
Loss = 4.7367e-02, PNorm = 96.5587, GNorm = 0.8706, lr_0 = 5.4915e-04
Loss = 6.2126e-02, PNorm = 96.5558, GNorm = 0.5710, lr_0 = 5.4858e-04
Loss = 6.2687e-02, PNorm = 96.5611, GNorm = 0.6330, lr_0 = 5.4802e-04
Loss = 4.2769e-02, PNorm = 96.5795, GNorm = 0.5112, lr_0 = 5.4745e-04
Loss = 9.7859e-02, PNorm = 96.5847, GNorm = 1.6030, lr_0 = 5.4689e-04
Loss = 5.8901e-02, PNorm = 96.5908, GNorm = 0.4671, lr_0 = 5.4633e-04
Loss = 5.4250e-02, PNorm = 96.6039, GNorm = 1.5607, lr_0 = 5.4577e-04
Loss = 3.9461e-02, PNorm = 96.6166, GNorm = 0.4893, lr_0 = 5.4521e-04
Loss = 5.7172e-02, PNorm = 96.6225, GNorm = 0.2963, lr_0 = 5.4465e-04
Loss = 4.2616e-02, PNorm = 96.6306, GNorm = 0.3371, lr_0 = 5.4409e-04
Loss = 7.3804e-02, PNorm = 96.6395, GNorm = 0.2117, lr_0 = 5.4353e-04
Loss = 6.0321e-02, PNorm = 96.6406, GNorm = 0.4166, lr_0 = 5.4297e-04
Loss = 4.3156e-02, PNorm = 96.6542, GNorm = 0.4189, lr_0 = 5.4241e-04
Loss = 8.4945e-02, PNorm = 96.6649, GNorm = 2.4558, lr_0 = 5.4186e-04
Loss = 4.2281e-02, PNorm = 96.6678, GNorm = 0.3872, lr_0 = 5.4130e-04
Loss = 4.9540e-02, PNorm = 96.6794, GNorm = 0.6145, lr_0 = 5.4074e-04
Loss = 3.2611e-02, PNorm = 96.6921, GNorm = 0.2336, lr_0 = 5.4019e-04
Loss = 7.9361e-02, PNorm = 96.6926, GNorm = 0.6137, lr_0 = 5.3963e-04
Loss = 4.8888e-02, PNorm = 96.6952, GNorm = 0.4860, lr_0 = 5.3908e-04
Loss = 5.9184e-02, PNorm = 96.7065, GNorm = 0.4161, lr_0 = 5.3852e-04
Loss = 9.2728e-02, PNorm = 96.7130, GNorm = 0.3769, lr_0 = 5.3797e-04
Loss = 4.8477e-02, PNorm = 96.7185, GNorm = 0.4749, lr_0 = 5.3742e-04
Loss = 5.2859e-02, PNorm = 96.7317, GNorm = 1.2945, lr_0 = 5.3687e-04
Loss = 7.3844e-02, PNorm = 96.7368, GNorm = 0.4124, lr_0 = 5.3631e-04
Loss = 4.5053e-02, PNorm = 96.7503, GNorm = 0.8091, lr_0 = 5.3576e-04
Loss = 5.1790e-02, PNorm = 96.7605, GNorm = 0.2098, lr_0 = 5.3521e-04
Loss = 4.2726e-02, PNorm = 96.7644, GNorm = 0.2819, lr_0 = 5.3466e-04
Loss = 6.7592e-02, PNorm = 96.7684, GNorm = 0.3567, lr_0 = 5.3411e-04
Loss = 6.7600e-02, PNorm = 96.7728, GNorm = 1.5003, lr_0 = 5.3357e-04
Loss = 9.7826e-02, PNorm = 96.7749, GNorm = 0.6919, lr_0 = 5.3302e-04
Loss = 7.1195e-02, PNorm = 96.7827, GNorm = 0.4678, lr_0 = 5.3247e-04
Loss = 4.0355e-02, PNorm = 96.8048, GNorm = 0.2805, lr_0 = 5.3192e-04
Loss = 3.2003e-02, PNorm = 96.8291, GNorm = 1.1528, lr_0 = 5.3138e-04
Loss = 4.5426e-02, PNorm = 96.8266, GNorm = 0.9982, lr_0 = 5.3083e-04
Loss = 4.7107e-02, PNorm = 96.8261, GNorm = 0.2762, lr_0 = 5.3028e-04
Loss = 1.9442e-02, PNorm = 96.8376, GNorm = 0.2389, lr_0 = 5.2974e-04
Loss = 3.7311e-02, PNorm = 96.8520, GNorm = 0.1422, lr_0 = 5.2920e-04
Loss = 2.9347e-02, PNorm = 96.8625, GNorm = 1.1416, lr_0 = 5.2865e-04
Loss = 5.1242e-02, PNorm = 96.8619, GNorm = 0.2070, lr_0 = 5.2811e-04
Loss = 6.7614e-02, PNorm = 96.8624, GNorm = 0.7316, lr_0 = 5.2757e-04
Loss = 3.9670e-02, PNorm = 96.8728, GNorm = 0.7082, lr_0 = 5.2702e-04
Loss = 5.0273e-02, PNorm = 96.8853, GNorm = 0.3512, lr_0 = 5.2648e-04
Loss = 7.7871e-02, PNorm = 96.8953, GNorm = 0.3762, lr_0 = 5.2594e-04
Loss = 4.6379e-02, PNorm = 96.9085, GNorm = 0.3853, lr_0 = 5.2540e-04
Loss = 5.7581e-02, PNorm = 96.9271, GNorm = 1.3961, lr_0 = 5.2486e-04
Loss = 3.4333e-02, PNorm = 96.9333, GNorm = 0.2397, lr_0 = 5.2432e-04
Loss = 6.2323e-02, PNorm = 96.9387, GNorm = 0.3636, lr_0 = 5.2378e-04
Loss = 4.4405e-02, PNorm = 96.9481, GNorm = 0.3583, lr_0 = 5.2325e-04
Loss = 7.0015e-02, PNorm = 96.9608, GNorm = 0.3537, lr_0 = 5.2271e-04
Loss = 4.7901e-02, PNorm = 96.9694, GNorm = 0.3416, lr_0 = 5.2217e-04
Loss = 5.3228e-02, PNorm = 96.9820, GNorm = 0.2792, lr_0 = 5.2163e-04
Loss = 6.5913e-02, PNorm = 96.9929, GNorm = 0.6733, lr_0 = 5.2110e-04
Loss = 6.4574e-02, PNorm = 97.0083, GNorm = 0.5810, lr_0 = 5.2056e-04
Loss = 6.2264e-02, PNorm = 97.0331, GNorm = 0.6632, lr_0 = 5.2003e-04
Loss = 3.5946e-02, PNorm = 97.0577, GNorm = 0.2059, lr_0 = 5.1949e-04
Loss = 4.0233e-02, PNorm = 97.0786, GNorm = 0.2153, lr_0 = 5.1896e-04
Loss = 5.2664e-02, PNorm = 97.0835, GNorm = 0.3610, lr_0 = 5.1843e-04
Loss = 6.3588e-02, PNorm = 97.0992, GNorm = 0.4021, lr_0 = 5.1789e-04
Validation auc = 0.505229
Epoch 10
Loss = 6.0309e-02, PNorm = 97.1130, GNorm = 1.6677, lr_0 = 5.1736e-04
Loss = 7.6517e-02, PNorm = 97.1182, GNorm = 0.4784, lr_0 = 5.1683e-04
Loss = 4.2651e-02, PNorm = 97.1402, GNorm = 0.5435, lr_0 = 5.1630e-04
Loss = 7.7646e-02, PNorm = 97.1531, GNorm = 0.6831, lr_0 = 5.1577e-04
Loss = 3.2017e-02, PNorm = 97.1664, GNorm = 0.3456, lr_0 = 5.1524e-04
Loss = 5.5132e-02, PNorm = 97.1815, GNorm = 0.2665, lr_0 = 5.1471e-04
Loss = 6.1936e-02, PNorm = 97.1841, GNorm = 0.4343, lr_0 = 5.1418e-04
Loss = 7.8731e-02, PNorm = 97.1934, GNorm = 0.5000, lr_0 = 5.1365e-04
Loss = 3.8340e-02, PNorm = 97.2079, GNorm = 0.3197, lr_0 = 5.1313e-04
Loss = 5.4611e-02, PNorm = 97.2211, GNorm = 0.2637, lr_0 = 5.1260e-04
Loss = 3.8679e-02, PNorm = 97.2348, GNorm = 0.9341, lr_0 = 5.1207e-04
Loss = 3.0227e-02, PNorm = 97.2472, GNorm = 0.1925, lr_0 = 5.1155e-04
Loss = 3.3834e-02, PNorm = 97.2571, GNorm = 0.2042, lr_0 = 5.1102e-04
Loss = 4.0149e-02, PNorm = 97.2701, GNorm = 0.9720, lr_0 = 5.1049e-04
Loss = 2.3035e-02, PNorm = 97.2798, GNorm = 0.1761, lr_0 = 5.0997e-04
Loss = 5.3891e-02, PNorm = 97.2918, GNorm = 1.1334, lr_0 = 5.0945e-04
Loss = 5.4557e-02, PNorm = 97.2995, GNorm = 0.6044, lr_0 = 5.0892e-04
Loss = 3.3757e-02, PNorm = 97.3158, GNorm = 0.3525, lr_0 = 5.0840e-04
Loss = 6.7385e-02, PNorm = 97.3292, GNorm = 0.4130, lr_0 = 5.0788e-04
Loss = 3.7025e-02, PNorm = 97.3498, GNorm = 0.2395, lr_0 = 5.0736e-04
Loss = 8.1206e-02, PNorm = 97.3523, GNorm = 0.4250, lr_0 = 5.0683e-04
Loss = 6.6316e-02, PNorm = 97.3589, GNorm = 0.6676, lr_0 = 5.0631e-04
Loss = 5.0576e-02, PNorm = 97.3790, GNorm = 0.6847, lr_0 = 5.0579e-04
Loss = 2.6249e-02, PNorm = 97.3968, GNorm = 0.1779, lr_0 = 5.0527e-04
Loss = 5.0416e-02, PNorm = 97.4037, GNorm = 0.2032, lr_0 = 5.0475e-04
Loss = 6.9274e-02, PNorm = 97.4077, GNorm = 0.4210, lr_0 = 5.0424e-04
Loss = 6.5430e-02, PNorm = 97.4184, GNorm = 0.6552, lr_0 = 5.0372e-04
Loss = 2.9733e-02, PNorm = 97.4327, GNorm = 0.2882, lr_0 = 5.0320e-04
Loss = 6.0743e-02, PNorm = 97.4428, GNorm = 0.2582, lr_0 = 5.0268e-04
Loss = 4.9730e-02, PNorm = 97.4484, GNorm = 0.3704, lr_0 = 5.0217e-04
Loss = 6.0679e-02, PNorm = 97.4645, GNorm = 2.5687, lr_0 = 5.0165e-04
Loss = 4.4017e-02, PNorm = 97.4657, GNorm = 0.4835, lr_0 = 5.0114e-04
Loss = 7.0627e-02, PNorm = 97.4717, GNorm = 0.3902, lr_0 = 5.0062e-04
Loss = 8.0780e-02, PNorm = 97.4787, GNorm = 1.5437, lr_0 = 5.0011e-04
Loss = 6.5251e-02, PNorm = 97.4902, GNorm = 0.3867, lr_0 = 4.9959e-04
Loss = 7.1703e-02, PNorm = 97.5022, GNorm = 0.5544, lr_0 = 4.9908e-04
Loss = 2.1543e-02, PNorm = 97.5279, GNorm = 0.2609, lr_0 = 4.9857e-04
Loss = 6.5117e-02, PNorm = 97.5454, GNorm = 0.7991, lr_0 = 4.9805e-04
Loss = 8.9629e-02, PNorm = 97.5375, GNorm = 0.5246, lr_0 = 4.9754e-04
Loss = 4.4475e-02, PNorm = 97.5542, GNorm = 0.5887, lr_0 = 4.9703e-04
Loss = 7.2870e-02, PNorm = 97.5759, GNorm = 0.2814, lr_0 = 4.9652e-04
Loss = 6.7178e-02, PNorm = 97.5905, GNorm = 1.6356, lr_0 = 4.9601e-04
Loss = 3.6471e-02, PNorm = 97.6087, GNorm = 0.3743, lr_0 = 4.9550e-04
Loss = 6.2043e-02, PNorm = 97.6197, GNorm = 0.2439, lr_0 = 4.9499e-04
Loss = 4.3652e-02, PNorm = 97.6220, GNorm = 0.3798, lr_0 = 4.9448e-04
Loss = 9.7206e-02, PNorm = 97.6262, GNorm = 2.2109, lr_0 = 4.9398e-04
Loss = 2.3233e-02, PNorm = 97.6396, GNorm = 0.3822, lr_0 = 4.9347e-04
Loss = 2.8224e-02, PNorm = 97.6584, GNorm = 0.1614, lr_0 = 4.9296e-04
Loss = 3.5895e-03, PNorm = 97.6748, GNorm = 0.0880, lr_0 = 4.9245e-04
Loss = 2.8404e-02, PNorm = 97.6800, GNorm = 0.0878, lr_0 = 4.9195e-04
Loss = 8.9882e-02, PNorm = 97.6667, GNorm = 0.3438, lr_0 = 4.9144e-04
Loss = 1.8744e-02, PNorm = 97.6719, GNorm = 0.4088, lr_0 = 4.9094e-04
Loss = 4.6600e-02, PNorm = 97.6867, GNorm = 0.3111, lr_0 = 4.9043e-04
Loss = 6.3409e-02, PNorm = 97.6953, GNorm = 0.7140, lr_0 = 4.8993e-04
Loss = 3.9229e-02, PNorm = 97.7079, GNorm = 0.3700, lr_0 = 4.8943e-04
Loss = 1.9486e-02, PNorm = 97.7292, GNorm = 0.1949, lr_0 = 4.8892e-04
Loss = 1.4212e-02, PNorm = 97.7494, GNorm = 0.0685, lr_0 = 4.8842e-04
Loss = 3.5704e-02, PNorm = 97.7601, GNorm = 0.0916, lr_0 = 4.8792e-04
Loss = 2.0332e-02, PNorm = 97.7646, GNorm = 0.1586, lr_0 = 4.8742e-04
Loss = 7.6513e-02, PNorm = 97.7650, GNorm = 1.3809, lr_0 = 4.8692e-04
Loss = 5.5698e-02, PNorm = 97.7715, GNorm = 0.4501, lr_0 = 4.8642e-04
Loss = 8.6691e-02, PNorm = 97.7889, GNorm = 0.4658, lr_0 = 4.8592e-04
Loss = 6.1619e-02, PNorm = 97.8252, GNorm = 0.4799, lr_0 = 4.8542e-04
Loss = 8.1441e-02, PNorm = 97.9781, GNorm = 0.1369, lr_0 = 4.8492e-04
Loss = 3.5871e-02, PNorm = 98.2563, GNorm = 0.1170, lr_0 = 4.8442e-04
Loss = 5.5644e-02, PNorm = 98.3906, GNorm = 0.7095, lr_0 = 4.8392e-04
Loss = 6.6020e-02, PNorm = 98.4440, GNorm = 0.2979, lr_0 = 4.8343e-04
Loss = 3.8592e-02, PNorm = 98.4811, GNorm = 0.2681, lr_0 = 4.8293e-04
Loss = 4.2181e-02, PNorm = 98.5048, GNorm = 0.6949, lr_0 = 4.8243e-04
Loss = 5.5669e-02, PNorm = 98.5159, GNorm = 0.2102, lr_0 = 4.8194e-04
Loss = 6.9707e-02, PNorm = 98.5257, GNorm = 0.3589, lr_0 = 4.8144e-04
Loss = 2.7497e-02, PNorm = 98.5501, GNorm = 0.2580, lr_0 = 4.8095e-04
Loss = 7.5448e-02, PNorm = 98.5671, GNorm = 0.6536, lr_0 = 4.8045e-04
Loss = 3.9827e-02, PNorm = 98.5863, GNorm = 0.8071, lr_0 = 4.7996e-04
Loss = 9.4415e-02, PNorm = 98.5893, GNorm = 0.6432, lr_0 = 4.7947e-04
Loss = 4.0228e-02, PNorm = 98.6041, GNorm = 0.4209, lr_0 = 4.7897e-04
Loss = 6.9043e-02, PNorm = 98.6247, GNorm = 0.7501, lr_0 = 4.7848e-04
Loss = 7.7354e-02, PNorm = 98.6309, GNorm = 0.4659, lr_0 = 4.7799e-04
Loss = 3.3444e-02, PNorm = 98.6559, GNorm = 0.2527, lr_0 = 4.7750e-04
Loss = 7.0726e-02, PNorm = 98.6689, GNorm = 0.4624, lr_0 = 4.7701e-04
Validation auc = 0.475123
Epoch 11
Loss = 6.8622e-02, PNorm = 98.6790, GNorm = 0.3747, lr_0 = 4.7652e-04
Loss = 3.1105e-02, PNorm = 98.7057, GNorm = 1.3100, lr_0 = 4.7603e-04
Loss = 6.7292e-02, PNorm = 98.7174, GNorm = 0.2718, lr_0 = 4.7554e-04
Loss = 8.2763e-02, PNorm = 98.7312, GNorm = 1.5196, lr_0 = 4.7505e-04
Loss = 7.3877e-02, PNorm = 98.7483, GNorm = 0.4880, lr_0 = 4.7456e-04
Loss = 5.4084e-02, PNorm = 98.7777, GNorm = 0.3699, lr_0 = 4.7408e-04
Loss = 5.7071e-02, PNorm = 98.7964, GNorm = 0.4348, lr_0 = 4.7359e-04
Loss = 5.2098e-02, PNorm = 98.8244, GNorm = 0.7184, lr_0 = 4.7310e-04
Loss = 2.9956e-02, PNorm = 98.8495, GNorm = 1.1036, lr_0 = 4.7262e-04
Loss = 5.2131e-02, PNorm = 98.8503, GNorm = 0.3742, lr_0 = 4.7213e-04
Loss = 3.3761e-02, PNorm = 98.8650, GNorm = 0.2462, lr_0 = 4.7165e-04
Loss = 7.3508e-02, PNorm = 98.8769, GNorm = 0.3714, lr_0 = 4.7116e-04
Loss = 4.1152e-02, PNorm = 98.8968, GNorm = 0.3322, lr_0 = 4.7068e-04
Loss = 4.0958e-02, PNorm = 98.9202, GNorm = 0.6655, lr_0 = 4.7019e-04
Loss = 4.2842e-02, PNorm = 98.9354, GNorm = 0.6033, lr_0 = 4.6971e-04
Loss = 3.6157e-02, PNorm = 98.9480, GNorm = 0.1869, lr_0 = 4.6923e-04
Loss = 4.6750e-02, PNorm = 98.9592, GNorm = 0.4218, lr_0 = 4.6875e-04
Loss = 6.0983e-02, PNorm = 98.9724, GNorm = 0.3355, lr_0 = 4.6826e-04
Loss = 6.3289e-02, PNorm = 98.9902, GNorm = 0.7207, lr_0 = 4.6778e-04
Loss = 3.8334e-02, PNorm = 99.0154, GNorm = 0.6573, lr_0 = 4.6730e-04
Loss = 3.8696e-02, PNorm = 99.0368, GNorm = 0.1966, lr_0 = 4.6682e-04
Loss = 2.7624e-02, PNorm = 99.0530, GNorm = 0.1963, lr_0 = 4.6634e-04
Loss = 2.0625e-02, PNorm = 99.0755, GNorm = 1.3281, lr_0 = 4.6586e-04
Loss = 5.6926e-02, PNorm = 99.0776, GNorm = 0.8713, lr_0 = 4.6539e-04
Loss = 3.0144e-02, PNorm = 99.0847, GNorm = 0.2180, lr_0 = 4.6491e-04
Loss = 4.8684e-02, PNorm = 99.0988, GNorm = 0.7570, lr_0 = 4.6443e-04
Loss = 2.8490e-02, PNorm = 99.1231, GNorm = 0.2244, lr_0 = 4.6395e-04
Loss = 6.4418e-02, PNorm = 99.1354, GNorm = 0.3260, lr_0 = 4.6348e-04
Loss = 4.4659e-02, PNorm = 99.1468, GNorm = 0.3321, lr_0 = 4.6300e-04
Loss = 5.2229e-02, PNorm = 99.1657, GNorm = 0.7886, lr_0 = 4.6252e-04
Loss = 6.0917e-02, PNorm = 99.1774, GNorm = 0.2741, lr_0 = 4.6205e-04
Loss = 3.0431e-02, PNorm = 99.1971, GNorm = 0.2856, lr_0 = 4.6157e-04
Loss = 5.7192e-02, PNorm = 99.2159, GNorm = 0.8935, lr_0 = 4.6110e-04
Loss = 4.8730e-02, PNorm = 99.2301, GNorm = 0.9892, lr_0 = 4.6063e-04
Loss = 5.1132e-02, PNorm = 99.2420, GNorm = 0.3513, lr_0 = 4.6015e-04
Loss = 4.5155e-02, PNorm = 99.2682, GNorm = 0.3996, lr_0 = 4.5968e-04
Loss = 8.0275e-02, PNorm = 99.2977, GNorm = 1.1411, lr_0 = 4.5921e-04
Loss = 3.6206e-02, PNorm = 99.3275, GNorm = 0.7601, lr_0 = 4.5874e-04
Loss = 9.4312e-02, PNorm = 99.3398, GNorm = 0.3775, lr_0 = 4.5826e-04
Loss = 4.4230e-02, PNorm = 99.3710, GNorm = 0.5406, lr_0 = 4.5779e-04
Loss = 4.7627e-02, PNorm = 99.4058, GNorm = 0.8072, lr_0 = 4.5732e-04
Loss = 5.1133e-02, PNorm = 99.4189, GNorm = 0.2153, lr_0 = 4.5685e-04
Loss = 7.2848e-02, PNorm = 99.4201, GNorm = 0.6178, lr_0 = 4.5638e-04
Loss = 5.5922e-02, PNorm = 99.4314, GNorm = 0.4874, lr_0 = 4.5592e-04
Loss = 2.6395e-02, PNorm = 99.4531, GNorm = 0.2242, lr_0 = 4.5545e-04
Loss = 7.2343e-02, PNorm = 99.4620, GNorm = 0.2830, lr_0 = 4.5498e-04
Loss = 5.7304e-02, PNorm = 99.4696, GNorm = 0.3817, lr_0 = 4.5451e-04
Loss = 3.0069e-02, PNorm = 99.4910, GNorm = 0.6067, lr_0 = 4.5404e-04
Loss = 1.0767e-01, PNorm = 99.4912, GNorm = 0.7697, lr_0 = 4.5358e-04
Loss = 6.3987e-02, PNorm = 99.5005, GNorm = 0.6736, lr_0 = 4.5311e-04
Loss = 7.9594e-02, PNorm = 99.5217, GNorm = 0.5141, lr_0 = 4.5265e-04
Loss = 4.1996e-02, PNorm = 99.5392, GNorm = 0.8287, lr_0 = 4.5218e-04
Loss = 1.8351e-02, PNorm = 99.5577, GNorm = 1.0464, lr_0 = 4.5172e-04
Loss = 5.2068e-02, PNorm = 99.5625, GNorm = 1.2961, lr_0 = 4.5125e-04
Loss = 8.9917e-02, PNorm = 99.5546, GNorm = 0.6261, lr_0 = 4.5079e-04
Loss = 6.3039e-02, PNorm = 99.5635, GNorm = 0.6559, lr_0 = 4.5033e-04
Loss = 5.3648e-02, PNorm = 99.5890, GNorm = 0.9676, lr_0 = 4.4986e-04
Loss = 6.0141e-02, PNorm = 99.5964, GNorm = 0.3560, lr_0 = 4.4940e-04
Loss = 4.4025e-02, PNorm = 99.6077, GNorm = 0.3274, lr_0 = 4.4894e-04
Loss = 2.7265e-02, PNorm = 99.6248, GNorm = 0.2570, lr_0 = 4.4848e-04
Loss = 3.9286e-02, PNorm = 99.6375, GNorm = 0.8365, lr_0 = 4.4802e-04
Loss = 6.6840e-02, PNorm = 99.6402, GNorm = 1.7929, lr_0 = 4.4756e-04
Loss = 2.3868e-02, PNorm = 99.6422, GNorm = 0.3520, lr_0 = 4.4710e-04
Loss = 5.8249e-02, PNorm = 99.6545, GNorm = 1.8520, lr_0 = 4.4664e-04
Loss = 4.1828e-02, PNorm = 99.6611, GNorm = 0.2582, lr_0 = 4.4618e-04
Loss = 2.7292e-02, PNorm = 99.6766, GNorm = 0.7341, lr_0 = 4.4572e-04
Loss = 5.2306e-02, PNorm = 99.6845, GNorm = 0.2093, lr_0 = 4.4526e-04
Loss = 6.7227e-02, PNorm = 99.6856, GNorm = 0.6674, lr_0 = 4.4480e-04
Loss = 9.1673e-02, PNorm = 99.6921, GNorm = 1.1875, lr_0 = 4.4435e-04
Loss = 6.2776e-02, PNorm = 99.7037, GNorm = 0.4291, lr_0 = 4.4389e-04
Loss = 4.1714e-02, PNorm = 99.7233, GNorm = 0.4186, lr_0 = 4.4344e-04
Loss = 5.3557e-02, PNorm = 99.7436, GNorm = 0.2071, lr_0 = 4.4298e-04
Loss = 8.1444e-02, PNorm = 99.7400, GNorm = 0.4381, lr_0 = 4.4252e-04
Loss = 7.7654e-02, PNorm = 99.7460, GNorm = 0.9670, lr_0 = 4.4207e-04
Loss = 3.9999e-02, PNorm = 99.7543, GNorm = 0.5501, lr_0 = 4.4162e-04
Loss = 4.9427e-02, PNorm = 99.7663, GNorm = 0.3485, lr_0 = 4.4116e-04
Loss = 5.2783e-02, PNorm = 99.7750, GNorm = 0.2942, lr_0 = 4.4071e-04
Loss = 7.6516e-02, PNorm = 99.7822, GNorm = 2.0822, lr_0 = 4.4026e-04
Loss = 4.4288e-02, PNorm = 99.7801, GNorm = 1.1981, lr_0 = 4.3980e-04
Loss = 3.9054e-02, PNorm = 99.7865, GNorm = 0.3698, lr_0 = 4.3935e-04
Validation auc = 0.475196
Epoch 12
Loss = 8.2245e-02, PNorm = 99.7934, GNorm = 0.9958, lr_0 = 4.3890e-04
Loss = 5.5485e-02, PNorm = 99.7952, GNorm = 0.4954, lr_0 = 4.3845e-04
Loss = 5.0618e-02, PNorm = 99.8109, GNorm = 0.3302, lr_0 = 4.3800e-04
Loss = 4.6171e-02, PNorm = 99.8226, GNorm = 0.2709, lr_0 = 4.3755e-04
Loss = 8.6149e-02, PNorm = 99.8272, GNorm = 0.3770, lr_0 = 4.3710e-04
Loss = 5.1565e-02, PNorm = 99.8330, GNorm = 0.5549, lr_0 = 4.3665e-04
Loss = 5.7585e-02, PNorm = 99.8505, GNorm = 2.5320, lr_0 = 4.3620e-04
Loss = 7.6730e-02, PNorm = 99.8540, GNorm = 0.4524, lr_0 = 4.3575e-04
Loss = 4.5612e-02, PNorm = 99.8688, GNorm = 0.3959, lr_0 = 4.3531e-04
Loss = 4.7833e-02, PNorm = 99.8895, GNorm = 1.3985, lr_0 = 4.3486e-04
Loss = 3.5248e-02, PNorm = 99.9002, GNorm = 1.0073, lr_0 = 4.3441e-04
Loss = 4.4072e-02, PNorm = 99.9052, GNorm = 0.2507, lr_0 = 4.3397e-04
Loss = 6.4673e-02, PNorm = 99.9120, GNorm = 0.3074, lr_0 = 4.3352e-04
Loss = 3.9679e-02, PNorm = 99.9123, GNorm = 0.4333, lr_0 = 4.3307e-04
Loss = 6.9255e-02, PNorm = 99.9201, GNorm = 0.5481, lr_0 = 4.3263e-04
Loss = 5.2070e-02, PNorm = 99.9345, GNorm = 0.3595, lr_0 = 4.3218e-04
Loss = 5.0694e-02, PNorm = 99.9495, GNorm = 0.3048, lr_0 = 4.3174e-04
Loss = 6.3123e-02, PNorm = 99.9566, GNorm = 0.3411, lr_0 = 4.3130e-04
Loss = 5.6608e-02, PNorm = 99.9627, GNorm = 0.7098, lr_0 = 4.3085e-04
Loss = 5.1198e-02, PNorm = 99.9786, GNorm = 1.5589, lr_0 = 4.3041e-04
Loss = 3.6837e-02, PNorm = 99.9957, GNorm = 0.2752, lr_0 = 4.2997e-04
Loss = 6.8450e-02, PNorm = 100.0029, GNorm = 0.3398, lr_0 = 4.2953e-04
Loss = 8.2372e-02, PNorm = 100.0123, GNorm = 1.4151, lr_0 = 4.2909e-04
Loss = 2.5430e-02, PNorm = 100.0345, GNorm = 0.4106, lr_0 = 4.2865e-04
Loss = 5.4647e-02, PNorm = 100.0595, GNorm = 0.1521, lr_0 = 4.2821e-04
Loss = 6.2360e-02, PNorm = 100.0600, GNorm = 1.4422, lr_0 = 4.2777e-04
Loss = 4.5011e-02, PNorm = 100.0685, GNorm = 0.6569, lr_0 = 4.2733e-04
Loss = 7.7353e-02, PNorm = 100.0767, GNorm = 0.7095, lr_0 = 4.2689e-04
Loss = 1.9230e-02, PNorm = 100.0878, GNorm = 0.3371, lr_0 = 4.2645e-04
Loss = 6.5314e-02, PNorm = 100.0991, GNorm = 0.3178, lr_0 = 4.2601e-04
Loss = 6.2738e-02, PNorm = 100.1063, GNorm = 0.2949, lr_0 = 4.2557e-04
Loss = 9.2771e-03, PNorm = 100.1238, GNorm = 0.2451, lr_0 = 4.2513e-04
Loss = 9.1915e-02, PNorm = 100.1302, GNorm = 0.7124, lr_0 = 4.2470e-04
Loss = 4.4303e-02, PNorm = 100.1319, GNorm = 0.4263, lr_0 = 4.2426e-04
Loss = 2.8494e-02, PNorm = 100.1480, GNorm = 0.3331, lr_0 = 4.2383e-04
Loss = 3.8231e-02, PNorm = 100.1615, GNorm = 0.2579, lr_0 = 4.2339e-04
Loss = 6.2627e-02, PNorm = 100.1666, GNorm = 0.7215, lr_0 = 4.2296e-04
Loss = 5.3068e-02, PNorm = 100.1737, GNorm = 2.6423, lr_0 = 4.2252e-04
Loss = 6.7781e-02, PNorm = 100.1728, GNorm = 0.7121, lr_0 = 4.2209e-04
Loss = 6.1005e-02, PNorm = 100.1831, GNorm = 0.5128, lr_0 = 4.2165e-04
Loss = 5.8998e-02, PNorm = 100.2008, GNorm = 1.1560, lr_0 = 4.2122e-04
Loss = 4.8692e-02, PNorm = 100.2115, GNorm = 0.3947, lr_0 = 4.2079e-04
Loss = 3.9314e-02, PNorm = 100.2306, GNorm = 0.2335, lr_0 = 4.2035e-04
Loss = 2.5306e-02, PNorm = 100.2415, GNorm = 0.2080, lr_0 = 4.1992e-04
Loss = 4.2675e-02, PNorm = 100.2472, GNorm = 0.2158, lr_0 = 4.1949e-04
Loss = 3.9683e-02, PNorm = 100.2592, GNorm = 0.2481, lr_0 = 4.1906e-04
Loss = 4.8074e-02, PNorm = 100.2661, GNorm = 0.2277, lr_0 = 4.1863e-04
Loss = 8.6686e-02, PNorm = 100.2677, GNorm = 0.5687, lr_0 = 4.1820e-04
Loss = 3.0098e-02, PNorm = 100.2861, GNorm = 0.4265, lr_0 = 4.1777e-04
Loss = 7.7495e-02, PNorm = 100.3027, GNorm = 0.3433, lr_0 = 4.1734e-04
Loss = 2.6745e-02, PNorm = 100.3221, GNorm = 0.2963, lr_0 = 4.1691e-04
Loss = 6.2807e-02, PNorm = 100.3352, GNorm = 0.3310, lr_0 = 4.1648e-04
Loss = 6.1320e-02, PNorm = 100.3484, GNorm = 0.4309, lr_0 = 4.1606e-04
Loss = 5.3987e-02, PNorm = 100.3670, GNorm = 0.9152, lr_0 = 4.1563e-04
Loss = 2.7035e-02, PNorm = 100.3899, GNorm = 0.3753, lr_0 = 4.1520e-04
Loss = 3.6878e-02, PNorm = 100.4138, GNorm = 0.1714, lr_0 = 4.1477e-04
Loss = 5.3973e-02, PNorm = 100.4217, GNorm = 0.2451, lr_0 = 4.1435e-04
Loss = 4.3185e-02, PNorm = 100.4242, GNorm = 0.8003, lr_0 = 4.1392e-04
Loss = 2.6522e-02, PNorm = 100.4417, GNorm = 0.2297, lr_0 = 4.1350e-04
Loss = 3.2435e-02, PNorm = 100.4569, GNorm = 0.2782, lr_0 = 4.1307e-04
Loss = 5.7769e-02, PNorm = 100.4627, GNorm = 1.0305, lr_0 = 4.1265e-04
Loss = 6.6791e-02, PNorm = 100.4642, GNorm = 0.5076, lr_0 = 4.1222e-04
Loss = 4.4410e-02, PNorm = 100.4778, GNorm = 0.4715, lr_0 = 4.1180e-04
Loss = 4.4980e-02, PNorm = 100.4986, GNorm = 1.2941, lr_0 = 4.1138e-04
Loss = 5.9273e-02, PNorm = 100.5084, GNorm = 0.3582, lr_0 = 4.1096e-04
Loss = 3.1786e-02, PNorm = 100.5230, GNorm = 0.3345, lr_0 = 4.1053e-04
Loss = 5.0670e-02, PNorm = 100.5296, GNorm = 1.2694, lr_0 = 4.1011e-04
Loss = 6.1274e-02, PNorm = 100.5303, GNorm = 0.9563, lr_0 = 4.0969e-04
Loss = 7.5991e-02, PNorm = 100.5380, GNorm = 1.0153, lr_0 = 4.0927e-04
Loss = 4.1935e-02, PNorm = 100.5559, GNorm = 0.4976, lr_0 = 4.0885e-04
Loss = 3.3014e-02, PNorm = 100.5745, GNorm = 1.0079, lr_0 = 4.0843e-04
Loss = 3.7852e-02, PNorm = 100.5854, GNorm = 1.2046, lr_0 = 4.0801e-04
Loss = 4.7398e-02, PNorm = 100.5910, GNorm = 0.2741, lr_0 = 4.0759e-04
Loss = 6.6772e-02, PNorm = 100.5983, GNorm = 0.9241, lr_0 = 4.0717e-04
Loss = 3.8132e-02, PNorm = 100.6059, GNorm = 0.5056, lr_0 = 4.0675e-04
Loss = 3.5427e-02, PNorm = 100.6206, GNorm = 0.3683, lr_0 = 4.0633e-04
Loss = 5.9997e-02, PNorm = 100.6339, GNorm = 0.8653, lr_0 = 4.0592e-04
Loss = 5.4869e-02, PNorm = 100.6387, GNorm = 0.5306, lr_0 = 4.0550e-04
Loss = 3.6665e-02, PNorm = 100.6567, GNorm = 1.0506, lr_0 = 4.0508e-04
Loss = 6.0129e-02, PNorm = 100.6715, GNorm = 0.8682, lr_0 = 4.0467e-04
Validation auc = 0.511999
Epoch 13
Loss = 6.2758e-02, PNorm = 100.6808, GNorm = 0.5788, lr_0 = 4.0425e-04
Loss = 3.8961e-02, PNorm = 100.7028, GNorm = 0.4260, lr_0 = 4.0384e-04
Loss = 5.7803e-02, PNorm = 100.7200, GNorm = 0.3382, lr_0 = 4.0342e-04
Loss = 3.6869e-02, PNorm = 100.7371, GNorm = 0.3181, lr_0 = 4.0301e-04
Loss = 7.8657e-02, PNorm = 100.7409, GNorm = 0.4312, lr_0 = 4.0259e-04
Loss = 4.8054e-02, PNorm = 100.7571, GNorm = 0.4807, lr_0 = 4.0218e-04
Loss = 6.8072e-02, PNorm = 100.7785, GNorm = 0.5203, lr_0 = 4.0177e-04
Loss = 3.7836e-02, PNorm = 100.8087, GNorm = 0.3523, lr_0 = 4.0135e-04
Loss = 8.0602e-02, PNorm = 100.8232, GNorm = 0.4790, lr_0 = 4.0094e-04
Loss = 7.3498e-02, PNorm = 100.8397, GNorm = 0.4643, lr_0 = 4.0053e-04
Loss = 1.9332e-01, PNorm = 100.8902, GNorm = 0.8141, lr_0 = 4.0012e-04
Loss = 6.6549e-02, PNorm = 101.0008, GNorm = 0.7472, lr_0 = 3.9971e-04
Loss = 2.9063e-02, PNorm = 101.0693, GNorm = 0.2771, lr_0 = 3.9930e-04
Loss = 1.3816e-02, PNorm = 101.1106, GNorm = 0.0570, lr_0 = 3.9889e-04
Loss = 8.2320e-02, PNorm = 101.1202, GNorm = 2.4559, lr_0 = 3.9848e-04
Loss = 5.5930e-02, PNorm = 101.1089, GNorm = 0.4245, lr_0 = 3.9807e-04
Loss = 3.3594e-02, PNorm = 101.1170, GNorm = 0.6542, lr_0 = 3.9766e-04
Loss = 5.8993e-02, PNorm = 101.1331, GNorm = 1.3339, lr_0 = 3.9725e-04
Loss = 5.8695e-02, PNorm = 101.1398, GNorm = 0.4656, lr_0 = 3.9684e-04
Loss = 4.7577e-02, PNorm = 101.1488, GNorm = 0.6364, lr_0 = 3.9643e-04
Loss = 5.4922e-02, PNorm = 101.1609, GNorm = 0.4056, lr_0 = 3.9603e-04
Loss = 3.4947e-02, PNorm = 101.1756, GNorm = 0.3647, lr_0 = 3.9562e-04
Loss = 2.8984e-02, PNorm = 101.1943, GNorm = 1.2231, lr_0 = 3.9521e-04
Loss = 5.8750e-02, PNorm = 101.1971, GNorm = 0.3192, lr_0 = 3.9481e-04
Loss = 5.6740e-02, PNorm = 101.2010, GNorm = 0.6539, lr_0 = 3.9440e-04
Loss = 2.9193e-02, PNorm = 101.2207, GNorm = 1.1254, lr_0 = 3.9400e-04
Loss = 6.1924e-02, PNorm = 101.2297, GNorm = 1.1783, lr_0 = 3.9359e-04
Loss = 8.5041e-02, PNorm = 101.2319, GNorm = 0.5876, lr_0 = 3.9319e-04
Loss = 6.8969e-02, PNorm = 101.2387, GNorm = 1.6027, lr_0 = 3.9278e-04
Loss = 6.1306e-02, PNorm = 101.2476, GNorm = 0.7598, lr_0 = 3.9238e-04
Loss = 4.7303e-02, PNorm = 101.2639, GNorm = 1.1692, lr_0 = 3.9198e-04
Loss = 4.8877e-02, PNorm = 101.2725, GNorm = 0.3561, lr_0 = 3.9157e-04
Loss = 2.5036e-02, PNorm = 101.2776, GNorm = 0.3074, lr_0 = 3.9117e-04
Loss = 4.7314e-02, PNorm = 101.2815, GNorm = 1.0932, lr_0 = 3.9077e-04
Loss = 1.6970e-02, PNorm = 101.2877, GNorm = 0.1655, lr_0 = 3.9037e-04
Loss = 6.8374e-02, PNorm = 101.2872, GNorm = 0.3061, lr_0 = 3.8997e-04
Loss = 5.2792e-02, PNorm = 101.2918, GNorm = 1.9548, lr_0 = 3.8957e-04
Loss = 4.8379e-02, PNorm = 101.2961, GNorm = 0.5229, lr_0 = 3.8917e-04
Loss = 3.9368e-02, PNorm = 101.3082, GNorm = 0.3305, lr_0 = 3.8877e-04
Loss = 5.9503e-02, PNorm = 101.3165, GNorm = 1.1387, lr_0 = 3.8837e-04
Loss = 4.5865e-02, PNorm = 101.3237, GNorm = 1.8392, lr_0 = 3.8797e-04
Loss = 5.5015e-02, PNorm = 101.3302, GNorm = 0.5475, lr_0 = 3.8757e-04
Loss = 1.9686e-02, PNorm = 101.3427, GNorm = 0.3282, lr_0 = 3.8717e-04
Loss = 4.2458e-02, PNorm = 101.3575, GNorm = 0.1772, lr_0 = 3.8677e-04
Loss = 8.9015e-02, PNorm = 101.3563, GNorm = 2.6415, lr_0 = 3.8637e-04
Loss = 4.8720e-02, PNorm = 101.3608, GNorm = 1.5733, lr_0 = 3.8598e-04
Loss = 3.6699e-02, PNorm = 101.3738, GNorm = 0.6508, lr_0 = 3.8558e-04
Loss = 8.9206e-02, PNorm = 101.3810, GNorm = 0.6791, lr_0 = 3.8519e-04
Loss = 8.2122e-02, PNorm = 101.3887, GNorm = 0.7591, lr_0 = 3.8479e-04
Loss = 2.1385e-02, PNorm = 101.4051, GNorm = 0.4806, lr_0 = 3.8439e-04
Loss = 9.5656e-02, PNorm = 101.4116, GNorm = 0.3788, lr_0 = 3.8400e-04
Loss = 7.9108e-02, PNorm = 101.4183, GNorm = 1.6568, lr_0 = 3.8360e-04
Loss = 2.8207e-02, PNorm = 101.4297, GNorm = 0.5878, lr_0 = 3.8321e-04
Loss = 4.0764e-02, PNorm = 101.4467, GNorm = 0.3028, lr_0 = 3.8282e-04
Loss = 7.8017e-02, PNorm = 101.4528, GNorm = 0.2938, lr_0 = 3.8242e-04
Loss = 6.5901e-02, PNorm = 101.4534, GNorm = 0.8190, lr_0 = 3.8203e-04
Loss = 6.7474e-02, PNorm = 101.4739, GNorm = 0.6826, lr_0 = 3.8164e-04
Loss = 3.3076e-02, PNorm = 101.4965, GNorm = 1.3366, lr_0 = 3.8125e-04
Loss = 7.7098e-02, PNorm = 101.5022, GNorm = 1.3714, lr_0 = 3.8085e-04
Loss = 4.2755e-02, PNorm = 101.5018, GNorm = 0.6013, lr_0 = 3.8046e-04
Loss = 5.0146e-02, PNorm = 101.5139, GNorm = 1.0282, lr_0 = 3.8007e-04
Loss = 8.1459e-02, PNorm = 101.5182, GNorm = 0.8467, lr_0 = 3.7968e-04
Loss = 3.7477e-02, PNorm = 101.5283, GNorm = 0.5014, lr_0 = 3.7929e-04
Loss = 3.9448e-02, PNorm = 101.5449, GNorm = 1.0431, lr_0 = 3.7890e-04
Loss = 8.2428e-02, PNorm = 101.5437, GNorm = 0.4287, lr_0 = 3.7851e-04
Loss = 5.2825e-02, PNorm = 101.5455, GNorm = 0.6198, lr_0 = 3.7812e-04
Loss = 1.9266e-02, PNorm = 101.5601, GNorm = 0.3583, lr_0 = 3.7774e-04
Loss = 4.8345e-02, PNorm = 101.5723, GNorm = 0.9570, lr_0 = 3.7735e-04
Loss = 4.4519e-02, PNorm = 101.5738, GNorm = 0.2547, lr_0 = 3.7696e-04
Loss = 4.5488e-02, PNorm = 101.5785, GNorm = 0.3609, lr_0 = 3.7657e-04
Loss = 4.8872e-02, PNorm = 101.5848, GNorm = 0.4501, lr_0 = 3.7619e-04
Loss = 5.9149e-02, PNorm = 101.5932, GNorm = 0.3597, lr_0 = 3.7580e-04
Loss = 5.0787e-02, PNorm = 101.5977, GNorm = 0.3787, lr_0 = 3.7541e-04
Loss = 2.7224e-02, PNorm = 101.6060, GNorm = 0.3365, lr_0 = 3.7503e-04
Loss = 4.2473e-02, PNorm = 101.6232, GNorm = 2.0687, lr_0 = 3.7464e-04
Loss = 5.4260e-02, PNorm = 101.6272, GNorm = 1.1811, lr_0 = 3.7426e-04
Loss = 6.9033e-02, PNorm = 101.6266, GNorm = 0.4378, lr_0 = 3.7387e-04
Loss = 4.1094e-02, PNorm = 101.6361, GNorm = 0.8865, lr_0 = 3.7349e-04
Loss = 4.7430e-02, PNorm = 101.6506, GNorm = 0.3713, lr_0 = 3.7310e-04
Loss = 5.2701e-02, PNorm = 101.6578, GNorm = 0.2545, lr_0 = 3.7272e-04
Validation auc = 0.489648
Epoch 14
Loss = 2.5204e-02, PNorm = 101.6656, GNorm = 0.2186, lr_0 = 3.7234e-04
Loss = 5.5182e-02, PNorm = 101.6665, GNorm = 0.3028, lr_0 = 3.7196e-04
Loss = 2.5661e-02, PNorm = 101.6751, GNorm = 0.4297, lr_0 = 3.7157e-04
Loss = 5.4414e-02, PNorm = 101.6850, GNorm = 0.2791, lr_0 = 3.7119e-04
Loss = 4.5764e-02, PNorm = 101.6908, GNorm = 0.3648, lr_0 = 3.7081e-04
Loss = 5.8596e-02, PNorm = 101.7003, GNorm = 1.0221, lr_0 = 3.7043e-04
Loss = 5.9310e-02, PNorm = 101.7075, GNorm = 0.4791, lr_0 = 3.7005e-04
Loss = 6.6635e-02, PNorm = 101.7204, GNorm = 1.6683, lr_0 = 3.6967e-04
Loss = 4.9800e-02, PNorm = 101.7341, GNorm = 0.4205, lr_0 = 3.6929e-04
Loss = 2.2284e-02, PNorm = 101.7539, GNorm = 0.3442, lr_0 = 3.6891e-04
Loss = 2.4257e-02, PNorm = 101.7742, GNorm = 0.8813, lr_0 = 3.6853e-04
Loss = 2.4544e-02, PNorm = 101.7912, GNorm = 2.0873, lr_0 = 3.6815e-04
Loss = 7.6012e-02, PNorm = 101.7800, GNorm = 0.8131, lr_0 = 3.6777e-04
Loss = 2.5547e-02, PNorm = 101.7813, GNorm = 0.4872, lr_0 = 3.6740e-04
Loss = 4.9402e-02, PNorm = 101.7925, GNorm = 0.3533, lr_0 = 3.6702e-04
Loss = 2.8219e-02, PNorm = 101.8099, GNorm = 0.3184, lr_0 = 3.6664e-04
Loss = 4.3429e-02, PNorm = 101.8287, GNorm = 1.1955, lr_0 = 3.6626e-04
Loss = 5.4404e-02, PNorm = 101.8346, GNorm = 0.2747, lr_0 = 3.6589e-04
Loss = 4.7752e-02, PNorm = 101.8480, GNorm = 0.3652, lr_0 = 3.6551e-04
Loss = 3.6016e-02, PNorm = 101.8647, GNorm = 1.1876, lr_0 = 3.6514e-04
Loss = 2.5794e-02, PNorm = 101.8778, GNorm = 0.2348, lr_0 = 3.6476e-04
Loss = 3.7930e-02, PNorm = 101.8840, GNorm = 0.2232, lr_0 = 3.6439e-04
Loss = 7.6722e-02, PNorm = 101.8875, GNorm = 1.9016, lr_0 = 3.6401e-04
Loss = 2.8925e-02, PNorm = 101.8985, GNorm = 0.3962, lr_0 = 3.6364e-04
Loss = 4.2102e-02, PNorm = 101.9169, GNorm = 0.9337, lr_0 = 3.6326e-04
Loss = 2.6685e-02, PNorm = 101.9305, GNorm = 0.2560, lr_0 = 3.6289e-04
Loss = 4.7020e-02, PNorm = 101.9448, GNorm = 0.1865, lr_0 = 3.6252e-04
Loss = 4.0792e-02, PNorm = 101.9577, GNorm = 0.8128, lr_0 = 3.6215e-04
Loss = 4.0004e-02, PNorm = 101.9727, GNorm = 1.0110, lr_0 = 3.6177e-04
Loss = 8.5700e-02, PNorm = 101.9709, GNorm = 0.4672, lr_0 = 3.6140e-04
Loss = 8.4101e-02, PNorm = 101.9826, GNorm = 1.0198, lr_0 = 3.6103e-04
Loss = 4.9268e-02, PNorm = 102.0228, GNorm = 0.5366, lr_0 = 3.6066e-04
Loss = 8.1498e-02, PNorm = 102.0466, GNorm = 0.3930, lr_0 = 3.6029e-04
Loss = 2.6037e-02, PNorm = 102.0622, GNorm = 0.3102, lr_0 = 3.5992e-04
Loss = 5.4595e-02, PNorm = 102.0731, GNorm = 0.9347, lr_0 = 3.5955e-04
Loss = 6.4532e-02, PNorm = 102.0739, GNorm = 0.7032, lr_0 = 3.5918e-04
Loss = 7.1542e-02, PNorm = 102.0780, GNorm = 0.6835, lr_0 = 3.5881e-04
Loss = 7.5363e-02, PNorm = 102.0910, GNorm = 1.7092, lr_0 = 3.5844e-04
Loss = 5.7876e-02, PNorm = 102.1039, GNorm = 0.7419, lr_0 = 3.5807e-04
Loss = 5.5592e-02, PNorm = 102.1121, GNorm = 1.2871, lr_0 = 3.5771e-04
Loss = 7.8447e-02, PNorm = 102.1133, GNorm = 0.4857, lr_0 = 3.5734e-04
Loss = 3.3880e-02, PNorm = 102.1197, GNorm = 0.5262, lr_0 = 3.5697e-04
Loss = 2.8170e-02, PNorm = 102.1310, GNorm = 0.2590, lr_0 = 3.5661e-04
Loss = 6.7399e-02, PNorm = 102.1347, GNorm = 0.2409, lr_0 = 3.5624e-04
Loss = 5.0956e-02, PNorm = 102.1390, GNorm = 1.9406, lr_0 = 3.5587e-04
Loss = 4.8982e-02, PNorm = 102.1411, GNorm = 0.3770, lr_0 = 3.5551e-04
Loss = 7.3094e-02, PNorm = 102.1415, GNorm = 0.5864, lr_0 = 3.5514e-04
Loss = 4.0376e-02, PNorm = 102.1469, GNorm = 0.5312, lr_0 = 3.5478e-04
Loss = 3.4267e-02, PNorm = 102.1589, GNorm = 0.3712, lr_0 = 3.5441e-04
Loss = 7.9744e-02, PNorm = 102.1627, GNorm = 0.7143, lr_0 = 3.5405e-04
Loss = 6.4417e-02, PNorm = 102.1652, GNorm = 0.6197, lr_0 = 3.5368e-04
Loss = 1.8687e-02, PNorm = 102.1774, GNorm = 0.2825, lr_0 = 3.5332e-04
Loss = 5.6528e-02, PNorm = 102.1862, GNorm = 0.2524, lr_0 = 3.5296e-04
Loss = 4.3997e-02, PNorm = 102.1918, GNorm = 0.6031, lr_0 = 3.5260e-04
Loss = 6.3352e-02, PNorm = 102.1928, GNorm = 0.4227, lr_0 = 3.5223e-04
Loss = 3.1827e-02, PNorm = 102.2011, GNorm = 0.3527, lr_0 = 3.5187e-04
Loss = 3.1763e-02, PNorm = 102.2117, GNorm = 0.3664, lr_0 = 3.5151e-04
Loss = 4.7304e-03, PNorm = 102.2279, GNorm = 0.1380, lr_0 = 3.5115e-04
Loss = 7.0127e-02, PNorm = 102.2296, GNorm = 2.1355, lr_0 = 3.5079e-04
Loss = 6.8726e-02, PNorm = 102.2187, GNorm = 0.5285, lr_0 = 3.5043e-04
Loss = 3.9482e-02, PNorm = 102.2242, GNorm = 0.4763, lr_0 = 3.5007e-04
Loss = 6.7589e-02, PNorm = 102.2309, GNorm = 0.4698, lr_0 = 3.4971e-04
Loss = 9.0217e-02, PNorm = 102.2308, GNorm = 0.4398, lr_0 = 3.4935e-04
Loss = 4.4864e-02, PNorm = 102.2399, GNorm = 0.6008, lr_0 = 3.4899e-04
Loss = 6.4901e-02, PNorm = 102.2519, GNorm = 1.0692, lr_0 = 3.4863e-04
Loss = 7.0820e-02, PNorm = 102.2554, GNorm = 0.5198, lr_0 = 3.4827e-04
Loss = 1.8346e-02, PNorm = 102.2635, GNorm = 0.4383, lr_0 = 3.4792e-04
Loss = 5.5938e-02, PNorm = 102.2726, GNorm = 0.2515, lr_0 = 3.4756e-04
Loss = 5.1771e-02, PNorm = 102.2753, GNorm = 0.7722, lr_0 = 3.4720e-04
Loss = 6.8942e-02, PNorm = 102.2766, GNorm = 1.3478, lr_0 = 3.4684e-04
Loss = 7.6749e-02, PNorm = 102.2792, GNorm = 0.6738, lr_0 = 3.4649e-04
Loss = 5.4215e-02, PNorm = 102.2881, GNorm = 0.7965, lr_0 = 3.4613e-04
Loss = 8.1226e-02, PNorm = 102.2931, GNorm = 1.0176, lr_0 = 3.4578e-04
Loss = 4.1506e-02, PNorm = 102.2976, GNorm = 0.5110, lr_0 = 3.4542e-04
Loss = 6.1834e-02, PNorm = 102.3047, GNorm = 0.4319, lr_0 = 3.4507e-04
Loss = 5.9578e-02, PNorm = 102.3096, GNorm = 0.7485, lr_0 = 3.4471e-04
Loss = 7.6666e-02, PNorm = 102.3129, GNorm = 0.5816, lr_0 = 3.4436e-04
Loss = 8.0449e-02, PNorm = 102.3125, GNorm = 0.7217, lr_0 = 3.4400e-04
Loss = 4.8561e-02, PNorm = 102.3211, GNorm = 0.6705, lr_0 = 3.4365e-04
Loss = 3.5793e-02, PNorm = 102.3294, GNorm = 0.2461, lr_0 = 3.4330e-04
Validation auc = 0.483577
Epoch 15
Loss = 6.1817e-02, PNorm = 102.3315, GNorm = 0.4682, lr_0 = 3.4294e-04
Loss = 7.4389e-02, PNorm = 102.3310, GNorm = 0.6175, lr_0 = 3.4259e-04
Loss = 3.1729e-02, PNorm = 102.3393, GNorm = 0.5202, lr_0 = 3.4224e-04
Loss = 3.4459e-02, PNorm = 102.3499, GNorm = 0.2164, lr_0 = 3.4189e-04
Loss = 7.4258e-02, PNorm = 102.3482, GNorm = 0.3801, lr_0 = 3.4154e-04
Loss = 7.5275e-02, PNorm = 102.3508, GNorm = 0.5297, lr_0 = 3.4119e-04
Loss = 6.8244e-02, PNorm = 102.3532, GNorm = 0.6008, lr_0 = 3.4084e-04
Loss = 4.1144e-02, PNorm = 102.3611, GNorm = 0.4996, lr_0 = 3.4049e-04
Loss = 3.7562e-02, PNorm = 102.3746, GNorm = 0.8999, lr_0 = 3.4014e-04
Loss = 1.0233e-01, PNorm = 102.3705, GNorm = 0.7614, lr_0 = 3.3979e-04
Loss = 5.7205e-02, PNorm = 102.3721, GNorm = 0.9028, lr_0 = 3.3944e-04
Loss = 8.3965e-02, PNorm = 102.3768, GNorm = 0.9076, lr_0 = 3.3909e-04
Loss = 7.9445e-02, PNorm = 102.3895, GNorm = 0.7480, lr_0 = 3.3874e-04
Loss = 3.9775e-02, PNorm = 102.4001, GNorm = 0.3496, lr_0 = 3.3839e-04
Loss = 3.7290e-02, PNorm = 102.4078, GNorm = 0.2988, lr_0 = 3.3804e-04
Loss = 6.7015e-02, PNorm = 102.4121, GNorm = 0.9286, lr_0 = 3.3770e-04
Loss = 2.1550e-02, PNorm = 102.4179, GNorm = 0.2919, lr_0 = 3.3735e-04
Loss = 3.8350e-02, PNorm = 102.4247, GNorm = 0.2381, lr_0 = 3.3700e-04
Loss = 3.6214e-02, PNorm = 102.4317, GNorm = 0.2169, lr_0 = 3.3666e-04
Loss = 1.0153e-02, PNorm = 102.4429, GNorm = 0.1520, lr_0 = 3.3631e-04
Loss = 4.9116e-02, PNorm = 102.4490, GNorm = 0.1553, lr_0 = 3.3597e-04
Loss = 7.3447e-02, PNorm = 102.4453, GNorm = 0.3134, lr_0 = 3.3562e-04
Loss = 5.1178e-02, PNorm = 102.4514, GNorm = 0.7397, lr_0 = 3.3528e-04
Loss = 4.1021e-02, PNorm = 102.4620, GNorm = 0.4707, lr_0 = 3.3493e-04
Loss = 5.9794e-02, PNorm = 102.4733, GNorm = 0.3295, lr_0 = 3.3459e-04
Loss = 4.6722e-02, PNorm = 102.4786, GNorm = 0.3350, lr_0 = 3.3424e-04
Loss = 3.0293e-02, PNorm = 102.4869, GNorm = 0.2729, lr_0 = 3.3390e-04
Loss = 3.6270e-02, PNorm = 102.4976, GNorm = 0.1877, lr_0 = 3.3356e-04
Loss = 5.0228e-03, PNorm = 102.5101, GNorm = 0.1587, lr_0 = 3.3321e-04
Loss = 2.5371e-02, PNorm = 102.5193, GNorm = 0.1124, lr_0 = 3.3287e-04
Loss = 4.6190e-02, PNorm = 102.5252, GNorm = 0.0989, lr_0 = 3.3253e-04
Loss = 8.3874e-02, PNorm = 102.5253, GNorm = 1.4967, lr_0 = 3.3219e-04
Loss = 3.8886e-02, PNorm = 102.5363, GNorm = 0.4134, lr_0 = 3.3185e-04
Loss = 3.1187e-02, PNorm = 102.5583, GNorm = 0.3110, lr_0 = 3.3151e-04
Loss = 1.7222e-02, PNorm = 102.5884, GNorm = 0.1568, lr_0 = 3.3117e-04
Loss = 5.2624e-02, PNorm = 102.6120, GNorm = 0.1562, lr_0 = 3.3082e-04
Loss = 4.6857e-02, PNorm = 102.6280, GNorm = 0.2729, lr_0 = 3.3049e-04
Loss = 6.1980e-02, PNorm = 102.6513, GNorm = 1.1412, lr_0 = 3.3015e-04
Loss = 2.7375e-02, PNorm = 102.6739, GNorm = 0.5566, lr_0 = 3.2981e-04
Loss = 2.4719e-02, PNorm = 102.6944, GNorm = 0.1914, lr_0 = 3.2947e-04
Loss = 8.7455e-02, PNorm = 102.6993, GNorm = 0.3684, lr_0 = 3.2913e-04
Loss = 5.1393e-02, PNorm = 102.7126, GNorm = 0.8227, lr_0 = 3.2879e-04
Loss = 7.0966e-02, PNorm = 102.7312, GNorm = 0.4687, lr_0 = 3.2845e-04
Loss = 5.1310e-02, PNorm = 102.7528, GNorm = 0.7339, lr_0 = 3.2812e-04
Loss = 6.1283e-02, PNorm = 102.7754, GNorm = 0.2981, lr_0 = 3.2778e-04
Loss = 4.1606e-02, PNorm = 102.7907, GNorm = 0.3967, lr_0 = 3.2744e-04
Loss = 2.7302e-02, PNorm = 102.8155, GNorm = 0.2223, lr_0 = 3.2711e-04
Loss = 6.5445e-02, PNorm = 102.8227, GNorm = 0.4565, lr_0 = 3.2677e-04
Loss = 4.3915e-02, PNorm = 102.8297, GNorm = 0.8806, lr_0 = 3.2643e-04
Loss = 4.6799e-02, PNorm = 102.8421, GNorm = 0.8432, lr_0 = 3.2610e-04
Loss = 6.0277e-02, PNorm = 102.8528, GNorm = 0.3006, lr_0 = 3.2576e-04
Loss = 7.7883e-02, PNorm = 102.8614, GNorm = 1.2706, lr_0 = 3.2543e-04
Loss = 9.3722e-02, PNorm = 102.8643, GNorm = 6.2569, lr_0 = 3.2509e-04
Loss = 7.5701e-02, PNorm = 102.8751, GNorm = 1.0835, lr_0 = 3.2476e-04
Loss = 5.2282e-02, PNorm = 102.9098, GNorm = 0.4871, lr_0 = 3.2443e-04
Loss = 4.2714e-02, PNorm = 102.9357, GNorm = 0.3321, lr_0 = 3.2409e-04
Loss = 5.6742e-02, PNorm = 102.9464, GNorm = 0.2916, lr_0 = 3.2376e-04
Loss = 6.5862e-02, PNorm = 102.9512, GNorm = 0.3609, lr_0 = 3.2343e-04
Loss = 3.2714e-02, PNorm = 102.9604, GNorm = 0.3981, lr_0 = 3.2310e-04
Loss = 4.4099e-02, PNorm = 102.9703, GNorm = 0.9803, lr_0 = 3.2276e-04
Loss = 6.5980e-02, PNorm = 102.9701, GNorm = 0.3500, lr_0 = 3.2243e-04
Loss = 5.6623e-02, PNorm = 102.9730, GNorm = 0.5702, lr_0 = 3.2210e-04
Loss = 2.6312e-02, PNorm = 102.9819, GNorm = 0.3142, lr_0 = 3.2177e-04
Loss = 4.8737e-02, PNorm = 102.9898, GNorm = 0.2404, lr_0 = 3.2144e-04
Loss = 6.3092e-02, PNorm = 102.9964, GNorm = 0.3501, lr_0 = 3.2111e-04
Loss = 1.0766e-01, PNorm = 103.0096, GNorm = 0.7624, lr_0 = 3.2078e-04
Loss = 3.2989e-02, PNorm = 103.0271, GNorm = 0.5650, lr_0 = 3.2045e-04
Loss = 4.1060e-02, PNorm = 103.0427, GNorm = 0.3439, lr_0 = 3.2012e-04
Loss = 5.9915e-02, PNorm = 103.0542, GNorm = 1.0213, lr_0 = 3.1979e-04
Loss = 7.5649e-02, PNorm = 103.0557, GNorm = 0.4311, lr_0 = 3.1946e-04
Loss = 3.0670e-02, PNorm = 103.0656, GNorm = 0.4450, lr_0 = 3.1913e-04
Loss = 1.9628e-02, PNorm = 103.0797, GNorm = 0.2816, lr_0 = 3.1881e-04
Loss = 7.0013e-02, PNorm = 103.0869, GNorm = 0.2679, lr_0 = 3.1848e-04
Loss = 4.3897e-02, PNorm = 103.0926, GNorm = 0.3295, lr_0 = 3.1815e-04
Loss = 6.4429e-02, PNorm = 103.0977, GNorm = 0.4043, lr_0 = 3.1782e-04
Loss = 2.6187e-02, PNorm = 103.1065, GNorm = 0.2707, lr_0 = 3.1750e-04
Loss = 5.0359e-02, PNorm = 103.1176, GNorm = 1.1051, lr_0 = 3.1717e-04
Loss = 4.8431e-02, PNorm = 103.1224, GNorm = 0.2640, lr_0 = 3.1685e-04
Loss = 3.0194e-02, PNorm = 103.1347, GNorm = 0.2828, lr_0 = 3.1652e-04
Loss = 8.3320e-02, PNorm = 103.1380, GNorm = 0.6102, lr_0 = 3.1620e-04
Validation auc = 0.482817
Epoch 16
Loss = 5.0606e-02, PNorm = 103.1464, GNorm = 0.5293, lr_0 = 3.1587e-04
Loss = 5.4819e-02, PNorm = 103.1620, GNorm = 1.0635, lr_0 = 3.1555e-04
Loss = 6.1328e-02, PNorm = 103.1685, GNorm = 0.3842, lr_0 = 3.1522e-04
Loss = 5.5114e-02, PNorm = 103.1792, GNorm = 0.4114, lr_0 = 3.1490e-04
Loss = 5.0981e-02, PNorm = 103.1948, GNorm = 0.3892, lr_0 = 3.1457e-04
Loss = 5.9570e-02, PNorm = 103.2091, GNorm = 0.4295, lr_0 = 3.1425e-04
Loss = 1.9759e-02, PNorm = 103.2303, GNorm = 0.2553, lr_0 = 3.1393e-04
Loss = 5.6543e-02, PNorm = 103.2437, GNorm = 0.9293, lr_0 = 3.1361e-04
Loss = 3.2098e-02, PNorm = 103.2489, GNorm = 0.7296, lr_0 = 3.1328e-04
Loss = 3.4913e-02, PNorm = 103.2490, GNorm = 0.2733, lr_0 = 3.1296e-04
Loss = 3.7056e-02, PNorm = 103.2517, GNorm = 0.2668, lr_0 = 3.1264e-04
Loss = 5.2901e-02, PNorm = 103.2556, GNorm = 1.1068, lr_0 = 3.1232e-04
Loss = 9.0624e-02, PNorm = 103.2555, GNorm = 0.4381, lr_0 = 3.1200e-04
Loss = 7.3442e-02, PNorm = 103.2575, GNorm = 0.6195, lr_0 = 3.1168e-04
Loss = 4.8525e-02, PNorm = 103.2693, GNorm = 0.7303, lr_0 = 3.1136e-04
Loss = 3.6515e-02, PNorm = 103.2848, GNorm = 0.6672, lr_0 = 3.1104e-04
Loss = 4.4526e-02, PNorm = 103.2945, GNorm = 0.2568, lr_0 = 3.1072e-04
Loss = 3.8641e-02, PNorm = 103.3020, GNorm = 0.2494, lr_0 = 3.1040e-04
Loss = 5.8455e-02, PNorm = 103.3054, GNorm = 0.6781, lr_0 = 3.1008e-04
Loss = 4.0705e-02, PNorm = 103.3090, GNorm = 0.3097, lr_0 = 3.0976e-04
Loss = 4.2311e-02, PNorm = 103.3167, GNorm = 0.2970, lr_0 = 3.0944e-04
Loss = 3.8146e-02, PNorm = 103.3242, GNorm = 0.8672, lr_0 = 3.0912e-04
Loss = 3.2969e-02, PNorm = 103.3294, GNorm = 0.7042, lr_0 = 3.0881e-04
Loss = 4.4168e-02, PNorm = 103.3365, GNorm = 0.6996, lr_0 = 3.0849e-04
Loss = 5.0606e-02, PNorm = 103.3412, GNorm = 0.2663, lr_0 = 3.0817e-04
Loss = 5.4695e-02, PNorm = 103.3472, GNorm = 0.3299, lr_0 = 3.0786e-04
Loss = 6.5666e-02, PNorm = 103.3533, GNorm = 0.4619, lr_0 = 3.0754e-04
Loss = 3.7671e-02, PNorm = 103.3668, GNorm = 0.4133, lr_0 = 3.0722e-04
Loss = 5.6958e-02, PNorm = 103.3816, GNorm = 0.2794, lr_0 = 3.0691e-04
Loss = 6.8494e-02, PNorm = 103.3886, GNorm = 0.5942, lr_0 = 3.0659e-04
Loss = 3.0388e-02, PNorm = 103.3916, GNorm = 0.3606, lr_0 = 3.0628e-04
Loss = 1.8530e-02, PNorm = 103.4063, GNorm = 0.2365, lr_0 = 3.0596e-04
Loss = 2.6963e-02, PNorm = 103.4181, GNorm = 0.9822, lr_0 = 3.0565e-04
Loss = 6.8104e-02, PNorm = 103.4184, GNorm = 0.2023, lr_0 = 3.0534e-04
Loss = 3.6814e-02, PNorm = 103.4204, GNorm = 0.2783, lr_0 = 3.0502e-04
Loss = 6.4370e-02, PNorm = 103.4197, GNorm = 0.3497, lr_0 = 3.0471e-04
Loss = 4.6979e-02, PNorm = 103.4271, GNorm = 0.3997, lr_0 = 3.0439e-04
Loss = 7.6694e-02, PNorm = 103.4351, GNorm = 0.7030, lr_0 = 3.0408e-04
Loss = 1.9423e-02, PNorm = 103.4478, GNorm = 0.3407, lr_0 = 3.0377e-04
Loss = 1.3853e-02, PNorm = 103.4635, GNorm = 0.1509, lr_0 = 3.0346e-04
Loss = 1.6025e-02, PNorm = 103.4734, GNorm = 0.1008, lr_0 = 3.0315e-04
Loss = 6.0686e-02, PNorm = 103.4727, GNorm = 0.1443, lr_0 = 3.0283e-04
Loss = 4.7931e-02, PNorm = 103.4757, GNorm = 0.8450, lr_0 = 3.0252e-04
Loss = 5.5069e-02, PNorm = 103.4767, GNorm = 1.2558, lr_0 = 3.0221e-04
Loss = 4.9808e-02, PNorm = 103.4815, GNorm = 0.4991, lr_0 = 3.0190e-04
Loss = 8.0173e-02, PNorm = 103.4851, GNorm = 0.5082, lr_0 = 3.0159e-04
Loss = 5.7811e-02, PNorm = 103.4963, GNorm = 0.4546, lr_0 = 3.0128e-04
Loss = 7.0453e-02, PNorm = 103.5073, GNorm = 0.4414, lr_0 = 3.0097e-04
Loss = 3.0490e-02, PNorm = 103.5210, GNorm = 0.3158, lr_0 = 3.0066e-04
Loss = 6.9773e-02, PNorm = 103.5329, GNorm = 1.0442, lr_0 = 3.0035e-04
Loss = 6.5957e-02, PNorm = 103.5368, GNorm = 0.4852, lr_0 = 3.0005e-04
Loss = 6.8774e-02, PNorm = 103.5481, GNorm = 0.8998, lr_0 = 2.9974e-04
Loss = 5.3916e-02, PNorm = 103.5610, GNorm = 0.3627, lr_0 = 2.9943e-04
Loss = 8.4692e-02, PNorm = 103.5720, GNorm = 1.0591, lr_0 = 2.9912e-04
Loss = 4.1555e-02, PNorm = 103.5888, GNorm = 0.4345, lr_0 = 2.9881e-04
Loss = 2.8492e-02, PNorm = 103.6071, GNorm = 0.3064, lr_0 = 2.9851e-04
Loss = 3.7099e-02, PNorm = 103.6239, GNorm = 0.2088, lr_0 = 2.9820e-04
Loss = 4.6109e-02, PNorm = 103.6321, GNorm = 0.2283, lr_0 = 2.9789e-04
Loss = 3.7316e-02, PNorm = 103.6407, GNorm = 0.8841, lr_0 = 2.9759e-04
Loss = 5.8709e-02, PNorm = 103.6469, GNorm = 0.5943, lr_0 = 2.9728e-04
Loss = 3.5483e-02, PNorm = 103.6557, GNorm = 0.2438, lr_0 = 2.9698e-04
Loss = 6.6167e-02, PNorm = 103.6682, GNorm = 0.3778, lr_0 = 2.9667e-04
Loss = 9.2153e-02, PNorm = 103.6909, GNorm = 24.1873, lr_0 = 2.9637e-04
Loss = 1.3646e-01, PNorm = 103.7289, GNorm = 0.9923, lr_0 = 2.9606e-04
Loss = 7.9686e-02, PNorm = 103.8215, GNorm = 0.8885, lr_0 = 2.9576e-04
Loss = 7.7281e-02, PNorm = 103.8817, GNorm = 0.4000, lr_0 = 2.9545e-04
Loss = 5.4752e-02, PNorm = 103.9104, GNorm = 0.3889, lr_0 = 2.9515e-04
Loss = 5.1858e-02, PNorm = 103.9241, GNorm = 0.4706, lr_0 = 2.9485e-04
Loss = 6.4607e-02, PNorm = 103.9366, GNorm = 1.9809, lr_0 = 2.9455e-04
Loss = 8.9261e-02, PNorm = 103.9385, GNorm = 0.6826, lr_0 = 2.9424e-04
Loss = 6.6273e-02, PNorm = 103.9465, GNorm = 0.7815, lr_0 = 2.9394e-04
Loss = 4.5382e-02, PNorm = 103.9603, GNorm = 0.7282, lr_0 = 2.9364e-04
Loss = 4.8960e-02, PNorm = 103.9721, GNorm = 1.5259, lr_0 = 2.9334e-04
Loss = 4.4624e-02, PNorm = 103.9793, GNorm = 0.2416, lr_0 = 2.9304e-04
Loss = 7.8680e-02, PNorm = 103.9778, GNorm = 0.6421, lr_0 = 2.9273e-04
Loss = 2.3058e-02, PNorm = 103.9841, GNorm = 0.3642, lr_0 = 2.9243e-04
Loss = 5.3005e-02, PNorm = 103.9915, GNorm = 0.3113, lr_0 = 2.9213e-04
Loss = 7.9764e-02, PNorm = 103.9922, GNorm = 0.7629, lr_0 = 2.9183e-04
Loss = 6.0392e-02, PNorm = 103.9964, GNorm = 0.9611, lr_0 = 2.9153e-04
Loss = 4.9758e-02, PNorm = 104.0033, GNorm = 0.4278, lr_0 = 2.9123e-04
Validation auc = 0.508574
Epoch 17
Loss = 2.9179e-02, PNorm = 104.0158, GNorm = 0.3021, lr_0 = 2.9093e-04
Loss = 7.7071e-02, PNorm = 104.0240, GNorm = 0.2978, lr_0 = 2.9064e-04
Loss = 7.1522e-02, PNorm = 104.0295, GNorm = 0.3946, lr_0 = 2.9034e-04
Loss = 4.0395e-02, PNorm = 104.0411, GNorm = 0.7395, lr_0 = 2.9004e-04
Loss = 5.9350e-02, PNorm = 104.0603, GNorm = 1.1378, lr_0 = 2.8974e-04
Loss = 2.5594e-02, PNorm = 104.0784, GNorm = 0.2987, lr_0 = 2.8944e-04
Loss = 7.8898e-02, PNorm = 104.0980, GNorm = 0.8830, lr_0 = 2.8915e-04
Loss = 5.4135e-02, PNorm = 104.1529, GNorm = 0.3497, lr_0 = 2.8885e-04
Loss = 7.3414e-02, PNorm = 104.1990, GNorm = 1.3077, lr_0 = 2.8855e-04
Loss = 6.3454e-02, PNorm = 104.2250, GNorm = 0.4991, lr_0 = 2.8825e-04
Loss = 4.7867e-02, PNorm = 104.2468, GNorm = 0.5020, lr_0 = 2.8796e-04
Loss = 5.5326e-02, PNorm = 104.2666, GNorm = 0.3258, lr_0 = 2.8766e-04
Loss = 8.9290e-02, PNorm = 104.2688, GNorm = 0.3190, lr_0 = 2.8737e-04
Loss = 3.5870e-02, PNorm = 104.2862, GNorm = 0.3716, lr_0 = 2.8707e-04
Loss = 7.2971e-02, PNorm = 104.3015, GNorm = 0.6190, lr_0 = 2.8678e-04
Loss = 6.1898e-02, PNorm = 104.3120, GNorm = 0.5526, lr_0 = 2.8648e-04
Loss = 7.3763e-02, PNorm = 104.3211, GNorm = 0.5837, lr_0 = 2.8619e-04
Loss = 1.2080e-02, PNorm = 104.3365, GNorm = 0.3148, lr_0 = 2.8589e-04
Loss = 1.6831e-02, PNorm = 104.3523, GNorm = 0.8881, lr_0 = 2.8560e-04
Loss = 4.3567e-02, PNorm = 104.3565, GNorm = 0.1529, lr_0 = 2.8531e-04
Loss = 5.2447e-02, PNorm = 104.3544, GNorm = 0.1816, lr_0 = 2.8501e-04
Loss = 3.5358e-02, PNorm = 104.3556, GNorm = 0.2370, lr_0 = 2.8472e-04
Loss = 6.7082e-02, PNorm = 104.3561, GNorm = 0.3018, lr_0 = 2.8443e-04
Loss = 2.8504e-02, PNorm = 104.3608, GNorm = 0.6800, lr_0 = 2.8414e-04
Loss = 3.5489e-02, PNorm = 104.3674, GNorm = 0.2276, lr_0 = 2.8384e-04
Loss = 9.1695e-02, PNorm = 104.3698, GNorm = 1.6369, lr_0 = 2.8355e-04
Loss = 7.7789e-02, PNorm = 104.3690, GNorm = 0.6600, lr_0 = 2.8326e-04
Loss = 2.4588e-02, PNorm = 104.3748, GNorm = 0.4968, lr_0 = 2.8297e-04
Loss = 6.2308e-02, PNorm = 104.3837, GNorm = 0.4570, lr_0 = 2.8268e-04
Loss = 3.7519e-02, PNorm = 104.3931, GNorm = 0.9366, lr_0 = 2.8239e-04
Loss = 3.8369e-02, PNorm = 104.4007, GNorm = 0.2689, lr_0 = 2.8210e-04
Loss = 3.9021e-02, PNorm = 104.4065, GNorm = 0.2708, lr_0 = 2.8181e-04
Loss = 2.3866e-02, PNorm = 104.4156, GNorm = 0.9373, lr_0 = 2.8152e-04
Loss = 7.8039e-02, PNorm = 104.4153, GNorm = 0.3291, lr_0 = 2.8123e-04
Loss = 4.3149e-02, PNorm = 104.4198, GNorm = 0.8217, lr_0 = 2.8094e-04
Loss = 3.9472e-02, PNorm = 104.4253, GNorm = 0.3870, lr_0 = 2.8065e-04
Loss = 3.7541e-02, PNorm = 104.4318, GNorm = 0.3208, lr_0 = 2.8036e-04
Loss = 5.0435e-02, PNorm = 104.4386, GNorm = 0.7737, lr_0 = 2.8008e-04
Loss = 5.4880e-02, PNorm = 104.4380, GNorm = 0.3340, lr_0 = 2.7979e-04
Loss = 5.5692e-02, PNorm = 104.4400, GNorm = 0.3718, lr_0 = 2.7950e-04
Loss = 6.3246e-02, PNorm = 104.4423, GNorm = 0.4349, lr_0 = 2.7921e-04
Loss = 4.0666e-02, PNorm = 104.4492, GNorm = 0.3723, lr_0 = 2.7893e-04
Loss = 4.8760e-02, PNorm = 104.4569, GNorm = 0.2720, lr_0 = 2.7864e-04
Loss = 3.4384e-02, PNorm = 104.4613, GNorm = 0.3094, lr_0 = 2.7835e-04
Loss = 3.8964e-02, PNorm = 104.4676, GNorm = 0.2838, lr_0 = 2.7807e-04
Loss = 7.2312e-02, PNorm = 104.4702, GNorm = 1.3167, lr_0 = 2.7778e-04
Loss = 2.9464e-02, PNorm = 104.4698, GNorm = 0.2887, lr_0 = 2.7750e-04
Loss = 5.1110e-02, PNorm = 104.4764, GNorm = 0.9164, lr_0 = 2.7721e-04
Loss = 4.2587e-02, PNorm = 104.4809, GNorm = 0.4092, lr_0 = 2.7693e-04
Loss = 5.4856e-02, PNorm = 104.4882, GNorm = 0.6760, lr_0 = 2.7664e-04
Loss = 2.9455e-02, PNorm = 104.4960, GNorm = 0.3008, lr_0 = 2.7636e-04
Loss = 4.3924e-02, PNorm = 104.5037, GNorm = 0.2292, lr_0 = 2.7607e-04
Loss = 6.5810e-02, PNorm = 104.5089, GNorm = 1.8737, lr_0 = 2.7579e-04
Loss = 2.9340e-02, PNorm = 104.5165, GNorm = 0.8532, lr_0 = 2.7551e-04
Loss = 4.1113e-02, PNorm = 104.5258, GNorm = 0.7990, lr_0 = 2.7522e-04
Loss = 5.4283e-02, PNorm = 104.5346, GNorm = 1.3928, lr_0 = 2.7494e-04
Loss = 3.8888e-02, PNorm = 104.5406, GNorm = 0.2948, lr_0 = 2.7466e-04
Loss = 5.3651e-02, PNorm = 104.5432, GNorm = 0.3634, lr_0 = 2.7438e-04
Loss = 2.8462e-02, PNorm = 104.5535, GNorm = 0.3170, lr_0 = 2.7410e-04
Loss = 7.3650e-02, PNorm = 104.5582, GNorm = 0.3615, lr_0 = 2.7381e-04
Loss = 8.7356e-02, PNorm = 104.5616, GNorm = 0.4863, lr_0 = 2.7353e-04
Loss = 7.4525e-02, PNorm = 104.5700, GNorm = 0.5976, lr_0 = 2.7325e-04
Loss = 1.4909e-02, PNorm = 104.5896, GNorm = 0.3344, lr_0 = 2.7297e-04
Loss = 4.2444e-02, PNorm = 104.6055, GNorm = 0.1888, lr_0 = 2.7269e-04
Loss = 7.7812e-02, PNorm = 104.6094, GNorm = 0.2512, lr_0 = 2.7241e-04
Loss = 2.9839e-02, PNorm = 104.6149, GNorm = 0.3267, lr_0 = 2.7213e-04
Loss = 7.3293e-02, PNorm = 104.6236, GNorm = 0.8349, lr_0 = 2.7185e-04
Loss = 5.4075e-02, PNorm = 104.6308, GNorm = 0.3624, lr_0 = 2.7157e-04
Loss = 4.9351e-02, PNorm = 104.6412, GNorm = 0.3594, lr_0 = 2.7129e-04
Loss = 6.6591e-02, PNorm = 104.6601, GNorm = 0.7846, lr_0 = 2.7101e-04
Loss = 6.1020e-02, PNorm = 104.6821, GNorm = 0.6040, lr_0 = 2.7074e-04
Loss = 2.1236e-01, PNorm = 104.7114, GNorm = 0.4781, lr_0 = 2.7046e-04
Loss = 5.7851e-02, PNorm = 104.7699, GNorm = 0.6230, lr_0 = 2.7018e-04
Loss = 4.6090e-02, PNorm = 104.8187, GNorm = 0.4874, lr_0 = 2.6990e-04
Loss = 7.0312e-02, PNorm = 104.8465, GNorm = 0.9248, lr_0 = 2.6962e-04
Loss = 3.9650e-02, PNorm = 104.8639, GNorm = 0.2681, lr_0 = 2.6935e-04
Loss = 7.8578e-02, PNorm = 104.8725, GNorm = 0.3287, lr_0 = 2.6907e-04
Loss = 1.8671e-02, PNorm = 104.8858, GNorm = 0.3817, lr_0 = 2.6879e-04
Loss = 2.4566e-02, PNorm = 104.9061, GNorm = 1.8882, lr_0 = 2.6852e-04
Loss = 1.1979e-02, PNorm = 104.9215, GNorm = 0.1433, lr_0 = 2.6824e-04
Validation auc = 0.465449
Epoch 18
Loss = 6.4629e-02, PNorm = 104.9274, GNorm = 1.1914, lr_0 = 2.6797e-04
Loss = 3.7683e-02, PNorm = 104.9375, GNorm = 0.9004, lr_0 = 2.6769e-04
Loss = 5.2535e-02, PNorm = 104.9499, GNorm = 0.5962, lr_0 = 2.6742e-04
Loss = 2.6705e-02, PNorm = 104.9605, GNorm = 0.2680, lr_0 = 2.6714e-04
Loss = 6.7137e-02, PNorm = 104.9728, GNorm = 0.3512, lr_0 = 2.6687e-04
Loss = 7.5864e-02, PNorm = 104.9833, GNorm = 0.4487, lr_0 = 2.6659e-04
Loss = 8.0302e-02, PNorm = 105.0007, GNorm = 0.5404, lr_0 = 2.6632e-04
Loss = 3.0680e-02, PNorm = 105.0321, GNorm = 0.3882, lr_0 = 2.6605e-04
Loss = 2.4170e-02, PNorm = 105.0574, GNorm = 0.2650, lr_0 = 2.6577e-04
Loss = 3.6691e-02, PNorm = 105.0624, GNorm = 0.2416, lr_0 = 2.6550e-04
Loss = 2.6458e-02, PNorm = 105.0676, GNorm = 0.1997, lr_0 = 2.6523e-04
Loss = 5.8767e-02, PNorm = 105.0715, GNorm = 0.2244, lr_0 = 2.6495e-04
Loss = 1.5472e-02, PNorm = 105.0782, GNorm = 0.2441, lr_0 = 2.6468e-04
Loss = 5.1991e-02, PNorm = 105.0830, GNorm = 0.2447, lr_0 = 2.6441e-04
Loss = 2.5078e-02, PNorm = 105.0921, GNorm = 0.2516, lr_0 = 2.6414e-04
Loss = 4.2953e-02, PNorm = 105.0987, GNorm = 2.4458, lr_0 = 2.6387e-04
Loss = 7.1132e-02, PNorm = 105.0932, GNorm = 0.3067, lr_0 = 2.6360e-04
Loss = 1.3243e-01, PNorm = 105.0895, GNorm = 6.5800, lr_0 = 2.6332e-04
Loss = 6.0385e-02, PNorm = 105.0880, GNorm = 0.8310, lr_0 = 2.6305e-04
Loss = 3.6888e-02, PNorm = 105.1134, GNorm = 0.5190, lr_0 = 2.6278e-04
Loss = 6.7168e-02, PNorm = 105.1295, GNorm = 0.3550, lr_0 = 2.6251e-04
Loss = 7.1887e-02, PNorm = 105.1414, GNorm = 1.4471, lr_0 = 2.6224e-04
Loss = 9.3632e-03, PNorm = 105.1501, GNorm = 0.3158, lr_0 = 2.6197e-04
Loss = 4.9258e-02, PNorm = 105.1593, GNorm = 0.9305, lr_0 = 2.6171e-04
Loss = 5.4903e-02, PNorm = 105.1651, GNorm = 0.8902, lr_0 = 2.6144e-04
Loss = 6.3373e-02, PNorm = 105.1695, GNorm = 0.3913, lr_0 = 2.6117e-04
Loss = 4.8724e-02, PNorm = 105.1808, GNorm = 0.4165, lr_0 = 2.6090e-04
Loss = 5.2950e-02, PNorm = 105.1897, GNorm = 0.3636, lr_0 = 2.6063e-04
Loss = 6.7444e-02, PNorm = 105.1957, GNorm = 0.3521, lr_0 = 2.6036e-04
Loss = 8.0443e-02, PNorm = 105.1994, GNorm = 0.5123, lr_0 = 2.6010e-04
Loss = 9.7376e-02, PNorm = 105.2103, GNorm = 0.6327, lr_0 = 2.5983e-04
Loss = 4.6073e-02, PNorm = 105.2245, GNorm = 0.5294, lr_0 = 2.5956e-04
Loss = 2.2224e-02, PNorm = 105.2371, GNorm = 0.3066, lr_0 = 2.5930e-04
Loss = 4.7108e-02, PNorm = 105.2444, GNorm = 0.8324, lr_0 = 2.5903e-04
Loss = 9.7883e-02, PNorm = 105.2434, GNorm = 0.5269, lr_0 = 2.5876e-04
Loss = 1.1171e-02, PNorm = 105.2492, GNorm = 0.3359, lr_0 = 2.5850e-04
Loss = 3.7879e-02, PNorm = 105.2585, GNorm = 0.2305, lr_0 = 2.5823e-04
Loss = 3.3471e-02, PNorm = 105.2627, GNorm = 0.1845, lr_0 = 2.5797e-04
Loss = 4.8530e-02, PNorm = 105.2650, GNorm = 0.2346, lr_0 = 2.5770e-04
Loss = 5.8458e-02, PNorm = 105.2668, GNorm = 0.3378, lr_0 = 2.5744e-04
Loss = 4.0376e-02, PNorm = 105.2699, GNorm = 0.3415, lr_0 = 2.5717e-04
Loss = 5.2225e-02, PNorm = 105.2737, GNorm = 0.3196, lr_0 = 2.5691e-04
Loss = 3.1788e-02, PNorm = 105.2805, GNorm = 0.6341, lr_0 = 2.5664e-04
Loss = 7.0685e-02, PNorm = 105.2873, GNorm = 0.2416, lr_0 = 2.5638e-04
Loss = 4.5965e-02, PNorm = 105.2907, GNorm = 0.6948, lr_0 = 2.5612e-04
Loss = 3.9168e-02, PNorm = 105.2950, GNorm = 0.3714, lr_0 = 2.5585e-04
Loss = 3.9552e-02, PNorm = 105.3015, GNorm = 0.3123, lr_0 = 2.5559e-04
Loss = 3.9817e-02, PNorm = 105.3100, GNorm = 0.3069, lr_0 = 2.5533e-04
Loss = 2.9511e-02, PNorm = 105.3196, GNorm = 0.7850, lr_0 = 2.5507e-04
Loss = 4.9300e-02, PNorm = 105.3240, GNorm = 0.8222, lr_0 = 2.5480e-04
Loss = 6.0183e-02, PNorm = 105.3279, GNorm = 0.7881, lr_0 = 2.5454e-04
Loss = 5.5920e-02, PNorm = 105.3317, GNorm = 1.1497, lr_0 = 2.5428e-04
Loss = 4.3166e-02, PNorm = 105.3386, GNorm = 0.3548, lr_0 = 2.5402e-04
Loss = 3.7136e-02, PNorm = 105.3484, GNorm = 0.5775, lr_0 = 2.5376e-04
Loss = 5.8996e-02, PNorm = 105.3560, GNorm = 0.3345, lr_0 = 2.5350e-04
Loss = 6.2282e-02, PNorm = 105.3634, GNorm = 0.2812, lr_0 = 2.5324e-04
Loss = 4.8298e-02, PNorm = 105.3689, GNorm = 0.5680, lr_0 = 2.5298e-04
Loss = 5.9145e-02, PNorm = 105.3765, GNorm = 0.6866, lr_0 = 2.5272e-04
Loss = 8.1030e-02, PNorm = 105.3816, GNorm = 0.4612, lr_0 = 2.5246e-04
Loss = 3.1983e-02, PNorm = 105.3909, GNorm = 0.4349, lr_0 = 2.5220e-04
Loss = 4.8458e-02, PNorm = 105.3988, GNorm = 0.3137, lr_0 = 2.5194e-04
Loss = 5.2243e-02, PNorm = 105.4039, GNorm = 0.4341, lr_0 = 2.5168e-04
Loss = 6.0659e-02, PNorm = 105.4092, GNorm = 0.4193, lr_0 = 2.5142e-04
Loss = 6.5140e-02, PNorm = 105.4141, GNorm = 0.9889, lr_0 = 2.5116e-04
Loss = 2.5467e-02, PNorm = 105.4206, GNorm = 0.5686, lr_0 = 2.5090e-04
Loss = 6.3815e-02, PNorm = 105.4277, GNorm = 0.2894, lr_0 = 2.5065e-04
Loss = 4.7384e-02, PNorm = 105.4338, GNorm = 0.4207, lr_0 = 2.5039e-04
Loss = 2.7850e-02, PNorm = 105.4394, GNorm = 0.2939, lr_0 = 2.5013e-04
Loss = 7.1373e-02, PNorm = 105.4442, GNorm = 0.6346, lr_0 = 2.4988e-04
Loss = 4.2497e-02, PNorm = 105.4484, GNorm = 0.3489, lr_0 = 2.4962e-04
Loss = 3.6469e-02, PNorm = 105.4586, GNorm = 0.2725, lr_0 = 2.4936e-04
Loss = 7.7322e-02, PNorm = 105.4647, GNorm = 0.5583, lr_0 = 2.4911e-04
Loss = 5.5667e-02, PNorm = 105.4745, GNorm = 0.7199, lr_0 = 2.4885e-04
Loss = 1.5181e-01, PNorm = 105.4854, GNorm = 0.4595, lr_0 = 2.4859e-04
Loss = 7.2969e-02, PNorm = 105.5220, GNorm = 0.7902, lr_0 = 2.4834e-04
Loss = 3.7603e-02, PNorm = 105.5526, GNorm = 0.5067, lr_0 = 2.4808e-04
Loss = 4.7382e-02, PNorm = 105.5726, GNorm = 0.8569, lr_0 = 2.4783e-04
Loss = 6.8929e-02, PNorm = 105.5824, GNorm = 0.6235, lr_0 = 2.4757e-04
Loss = 2.9447e-02, PNorm = 105.5917, GNorm = 0.2743, lr_0 = 2.4732e-04
Loss = 3.8226e-02, PNorm = 105.6019, GNorm = 0.2598, lr_0 = 2.4707e-04
Validation auc = 0.499782
Epoch 19
Loss = 6.9401e-02, PNorm = 105.6054, GNorm = 0.3372, lr_0 = 2.4681e-04
Loss = 4.6220e-02, PNorm = 105.6125, GNorm = 0.3424, lr_0 = 2.4656e-04
Loss = 5.3385e-02, PNorm = 105.6196, GNorm = 1.6988, lr_0 = 2.4630e-04
Loss = 4.8078e-02, PNorm = 105.6237, GNorm = 0.3907, lr_0 = 2.4605e-04
Loss = 6.1254e-02, PNorm = 105.6278, GNorm = 0.5545, lr_0 = 2.4580e-04
Loss = 5.3334e-02, PNorm = 105.6316, GNorm = 0.2999, lr_0 = 2.4555e-04
Loss = 6.5136e-02, PNorm = 105.6363, GNorm = 0.3409, lr_0 = 2.4529e-04
Loss = 4.8800e-02, PNorm = 105.6407, GNorm = 0.6692, lr_0 = 2.4504e-04
Loss = 6.8038e-02, PNorm = 105.6437, GNorm = 0.3984, lr_0 = 2.4479e-04
Loss = 3.9058e-02, PNorm = 105.6509, GNorm = 0.7271, lr_0 = 2.4454e-04
Loss = 6.5066e-02, PNorm = 105.6561, GNorm = 0.6704, lr_0 = 2.4429e-04
Loss = 6.2138e-02, PNorm = 105.6602, GNorm = 0.6790, lr_0 = 2.4404e-04
Loss = 4.9524e-02, PNorm = 105.6650, GNorm = 0.8997, lr_0 = 2.4379e-04
Loss = 3.8316e-02, PNorm = 105.6729, GNorm = 0.2853, lr_0 = 2.4354e-04
Loss = 5.3118e-02, PNorm = 105.6812, GNorm = 0.3455, lr_0 = 2.4329e-04
Loss = 3.9457e-02, PNorm = 105.6919, GNorm = 0.2694, lr_0 = 2.4304e-04
Loss = 1.0230e-01, PNorm = 105.6877, GNorm = 0.4769, lr_0 = 2.4279e-04
Loss = 2.9667e-02, PNorm = 105.6925, GNorm = 0.4015, lr_0 = 2.4254e-04
Loss = 5.6886e-02, PNorm = 105.7003, GNorm = 0.3819, lr_0 = 2.4229e-04
Loss = 2.9037e-02, PNorm = 105.7104, GNorm = 0.2504, lr_0 = 2.4204e-04
Loss = 2.7254e-02, PNorm = 105.7188, GNorm = 0.2397, lr_0 = 2.4179e-04
Loss = 7.8839e-02, PNorm = 105.7236, GNorm = 1.0335, lr_0 = 2.4154e-04
Loss = 4.9726e-02, PNorm = 105.7238, GNorm = 0.3603, lr_0 = 2.4129e-04
Loss = 5.7748e-02, PNorm = 105.7316, GNorm = 0.4622, lr_0 = 2.4105e-04
Loss = 4.6268e-02, PNorm = 105.7379, GNorm = 0.5625, lr_0 = 2.4080e-04
Loss = 8.9807e-02, PNorm = 105.7397, GNorm = 1.2195, lr_0 = 2.4055e-04
Loss = 4.6981e-02, PNorm = 105.7402, GNorm = 0.4802, lr_0 = 2.4030e-04
Loss = 5.0026e-02, PNorm = 105.7474, GNorm = 0.4092, lr_0 = 2.4006e-04
Loss = 7.9740e-02, PNorm = 105.7523, GNorm = 0.6673, lr_0 = 2.3981e-04
Loss = 7.7111e-02, PNorm = 105.7541, GNorm = 0.3604, lr_0 = 2.3956e-04
Loss = 7.4442e-02, PNorm = 105.7573, GNorm = 0.4723, lr_0 = 2.3932e-04
Loss = 5.0289e-02, PNorm = 105.7635, GNorm = 0.4292, lr_0 = 2.3907e-04
Loss = 5.6909e-02, PNorm = 105.7728, GNorm = 0.3221, lr_0 = 2.3883e-04
Loss = 3.8784e-02, PNorm = 105.7806, GNorm = 0.3459, lr_0 = 2.3858e-04
Loss = 4.5294e-02, PNorm = 105.7894, GNorm = 1.2746, lr_0 = 2.3833e-04
Loss = 5.5299e-02, PNorm = 105.7948, GNorm = 1.6526, lr_0 = 2.3809e-04
Loss = 2.7992e-02, PNorm = 105.8001, GNorm = 0.8351, lr_0 = 2.3785e-04
Loss = 1.0103e-01, PNorm = 105.7988, GNorm = 1.8431, lr_0 = 2.3760e-04
Loss = 2.6812e-02, PNorm = 105.8010, GNorm = 0.5615, lr_0 = 2.3736e-04
Loss = 1.0638e-02, PNorm = 105.8095, GNorm = 0.3320, lr_0 = 2.3711e-04
Loss = 1.7008e-02, PNorm = 105.8187, GNorm = 0.1859, lr_0 = 2.3687e-04
Loss = 3.8033e-02, PNorm = 105.8256, GNorm = 0.1682, lr_0 = 2.3663e-04
Loss = 7.8594e-02, PNorm = 105.8263, GNorm = 0.6488, lr_0 = 2.3638e-04
Loss = 4.5259e-02, PNorm = 105.8271, GNorm = 0.2547, lr_0 = 2.3614e-04
Loss = 5.5087e-02, PNorm = 105.8315, GNorm = 0.3074, lr_0 = 2.3590e-04
Loss = 4.3010e-02, PNorm = 105.8383, GNorm = 0.3613, lr_0 = 2.3566e-04
Loss = 5.5123e-02, PNorm = 105.8427, GNorm = 0.3646, lr_0 = 2.3541e-04
Loss = 4.0081e-02, PNorm = 105.8483, GNorm = 0.5602, lr_0 = 2.3517e-04
Loss = 4.1946e-02, PNorm = 105.8536, GNorm = 0.2539, lr_0 = 2.3493e-04
Loss = 5.6710e-02, PNorm = 105.8581, GNorm = 0.2558, lr_0 = 2.3469e-04
Loss = 5.7993e-02, PNorm = 105.8614, GNorm = 0.3494, lr_0 = 2.3445e-04
Loss = 3.8179e-02, PNorm = 105.8674, GNorm = 1.4613, lr_0 = 2.3421e-04
Loss = 3.7627e-02, PNorm = 105.8717, GNorm = 0.2353, lr_0 = 2.3397e-04
Loss = 4.6700e-02, PNorm = 105.8757, GNorm = 0.2489, lr_0 = 2.3373e-04
Loss = 1.8860e-02, PNorm = 105.8828, GNorm = 0.2759, lr_0 = 2.3348e-04
Loss = 5.9248e-02, PNorm = 105.8871, GNorm = 0.2542, lr_0 = 2.3325e-04
Loss = 6.7603e-02, PNorm = 105.8893, GNorm = 0.8350, lr_0 = 2.3301e-04
Loss = 4.5354e-02, PNorm = 105.8954, GNorm = 0.3564, lr_0 = 2.3277e-04
Loss = 5.2003e-02, PNorm = 105.9049, GNorm = 0.3850, lr_0 = 2.3253e-04
Loss = 1.8716e-02, PNorm = 105.9174, GNorm = 0.2760, lr_0 = 2.3229e-04
Loss = 6.7898e-02, PNorm = 105.9200, GNorm = 0.2370, lr_0 = 2.3205e-04
Loss = 2.2353e-02, PNorm = 105.9242, GNorm = 0.2663, lr_0 = 2.3181e-04
Loss = 1.5533e-02, PNorm = 105.9327, GNorm = 0.1824, lr_0 = 2.3157e-04
Loss = 3.0974e-02, PNorm = 105.9395, GNorm = 0.5513, lr_0 = 2.3133e-04
Loss = 6.3894e-02, PNorm = 105.9439, GNorm = 0.8666, lr_0 = 2.3110e-04
Loss = 5.2464e-02, PNorm = 105.9434, GNorm = 0.3682, lr_0 = 2.3086e-04
Loss = 3.6691e-02, PNorm = 105.9473, GNorm = 0.3131, lr_0 = 2.3062e-04
Loss = 7.1964e-02, PNorm = 105.9521, GNorm = 0.2810, lr_0 = 2.3039e-04
Loss = 5.8103e-02, PNorm = 105.9564, GNorm = 0.4276, lr_0 = 2.3015e-04
Loss = 1.7509e-02, PNorm = 105.9680, GNorm = 0.5130, lr_0 = 2.2991e-04
Loss = 2.2282e-02, PNorm = 105.9775, GNorm = 0.2156, lr_0 = 2.2968e-04
Loss = 8.3128e-02, PNorm = 105.9810, GNorm = 0.2392, lr_0 = 2.2944e-04
Loss = 4.7493e-02, PNorm = 105.9807, GNorm = 0.4989, lr_0 = 2.2920e-04
Loss = 5.6012e-02, PNorm = 105.9835, GNorm = 0.3440, lr_0 = 2.2897e-04
Loss = 3.9739e-02, PNorm = 105.9907, GNorm = 0.3439, lr_0 = 2.2873e-04
Loss = 7.3451e-02, PNorm = 105.9938, GNorm = 0.6158, lr_0 = 2.2850e-04
Loss = 3.0951e-02, PNorm = 105.9996, GNorm = 0.3403, lr_0 = 2.2826e-04
Loss = 5.3115e-02, PNorm = 106.0053, GNorm = 0.2556, lr_0 = 2.2803e-04
Loss = 6.5180e-02, PNorm = 106.0074, GNorm = 0.6166, lr_0 = 2.2780e-04
Loss = 7.0578e-02, PNorm = 106.0088, GNorm = 0.3340, lr_0 = 2.2756e-04
Validation auc = 0.487598
Epoch 20
Loss = 4.6641e-02, PNorm = 106.0117, GNorm = 0.3690, lr_0 = 2.2733e-04
Loss = 4.4391e-02, PNorm = 106.0173, GNorm = 0.3351, lr_0 = 2.2709e-04
Loss = 4.3809e-02, PNorm = 106.0244, GNorm = 0.2943, lr_0 = 2.2686e-04
Loss = 4.3511e-02, PNorm = 106.0293, GNorm = 0.2340, lr_0 = 2.2663e-04
Loss = 7.7125e-02, PNorm = 106.0306, GNorm = 0.2978, lr_0 = 2.2639e-04
Loss = 5.6723e-02, PNorm = 106.0333, GNorm = 0.3901, lr_0 = 2.2616e-04
Loss = 6.2764e-02, PNorm = 106.0360, GNorm = 0.3738, lr_0 = 2.2593e-04
Loss = 5.4238e-02, PNorm = 106.0400, GNorm = 0.4650, lr_0 = 2.2570e-04
Loss = 1.9244e-02, PNorm = 106.0478, GNorm = 0.2255, lr_0 = 2.2547e-04
Loss = 2.8369e-02, PNorm = 106.0558, GNorm = 0.1659, lr_0 = 2.2523e-04
Loss = 3.9047e-02, PNorm = 106.0578, GNorm = 0.1664, lr_0 = 2.2500e-04
Loss = 3.0701e-02, PNorm = 106.0620, GNorm = 0.1546, lr_0 = 2.2477e-04
Loss = 5.2067e-02, PNorm = 106.0656, GNorm = 0.1807, lr_0 = 2.2454e-04
Loss = 5.0083e-02, PNorm = 106.0697, GNorm = 0.7754, lr_0 = 2.2431e-04
Loss = 6.8435e-02, PNorm = 106.0717, GNorm = 0.3526, lr_0 = 2.2408e-04
Loss = 3.7554e-02, PNorm = 106.0769, GNorm = 0.3871, lr_0 = 2.2385e-04
Loss = 7.4756e-02, PNorm = 106.0809, GNorm = 0.3838, lr_0 = 2.2362e-04
Loss = 6.8371e-02, PNorm = 106.0855, GNorm = 0.3362, lr_0 = 2.2339e-04
Loss = 3.3533e-02, PNorm = 106.0907, GNorm = 0.3619, lr_0 = 2.2316e-04
Loss = 3.3698e-02, PNorm = 106.0982, GNorm = 0.2559, lr_0 = 2.2293e-04
Loss = 8.7576e-02, PNorm = 106.1001, GNorm = 0.8403, lr_0 = 2.2270e-04
Loss = 2.7790e-02, PNorm = 106.1036, GNorm = 0.3767, lr_0 = 2.2247e-04
Loss = 5.3494e-02, PNorm = 106.1061, GNorm = 0.3370, lr_0 = 2.2224e-04
Loss = 2.6281e-02, PNorm = 106.1127, GNorm = 0.2121, lr_0 = 2.2202e-04
Loss = 6.8490e-02, PNorm = 106.1157, GNorm = 0.2204, lr_0 = 2.2179e-04
Loss = 5.7867e-02, PNorm = 106.1141, GNorm = 0.7885, lr_0 = 2.2156e-04
Loss = 6.7457e-02, PNorm = 106.1151, GNorm = 0.3800, lr_0 = 2.2133e-04
Loss = 5.9207e-02, PNorm = 106.1173, GNorm = 0.4325, lr_0 = 2.2110e-04
Loss = 4.0755e-02, PNorm = 106.1245, GNorm = 0.3208, lr_0 = 2.2088e-04
Loss = 9.6309e-03, PNorm = 106.1354, GNorm = 0.2697, lr_0 = 2.2065e-04
Loss = 2.8330e-02, PNorm = 106.1437, GNorm = 0.1719, lr_0 = 2.2042e-04
Loss = 1.3761e-02, PNorm = 106.1502, GNorm = 0.1368, lr_0 = 2.2020e-04
Loss = 7.2700e-02, PNorm = 106.1507, GNorm = 0.6963, lr_0 = 2.1997e-04
Loss = 5.9144e-02, PNorm = 106.1485, GNorm = 0.2765, lr_0 = 2.1975e-04
Loss = 2.8246e-02, PNorm = 106.1507, GNorm = 0.3163, lr_0 = 2.1952e-04
Loss = 6.0198e-02, PNorm = 106.1545, GNorm = 0.4859, lr_0 = 2.1929e-04
Loss = 3.8474e-02, PNorm = 106.1575, GNorm = 0.6026, lr_0 = 2.1907e-04
Loss = 7.9639e-02, PNorm = 106.1614, GNorm = 0.7746, lr_0 = 2.1884e-04
Loss = 2.8152e-02, PNorm = 106.1666, GNorm = 0.3371, lr_0 = 2.1862e-04
Loss = 8.1072e-02, PNorm = 106.1735, GNorm = 0.3161, lr_0 = 2.1839e-04
Loss = 4.7851e-02, PNorm = 106.1799, GNorm = 0.3839, lr_0 = 2.1817e-04
Loss = 2.8082e-02, PNorm = 106.1916, GNorm = 0.2879, lr_0 = 2.1795e-04
Loss = 5.6658e-02, PNorm = 106.1987, GNorm = 0.2543, lr_0 = 2.1772e-04
Loss = 5.7611e-02, PNorm = 106.2026, GNorm = 0.5703, lr_0 = 2.1750e-04
Loss = 5.4093e-02, PNorm = 106.2082, GNorm = 0.2909, lr_0 = 2.1727e-04
Loss = 4.4579e-02, PNorm = 106.2161, GNorm = 0.2954, lr_0 = 2.1705e-04
Loss = 5.5757e-02, PNorm = 106.2243, GNorm = 0.5995, lr_0 = 2.1683e-04
Loss = 2.4097e-02, PNorm = 106.2309, GNorm = 0.2866, lr_0 = 2.1661e-04
Loss = 6.6580e-02, PNorm = 106.2350, GNorm = 0.2809, lr_0 = 2.1638e-04
Loss = 7.9531e-02, PNorm = 106.2373, GNorm = 0.3584, lr_0 = 2.1616e-04
Loss = 4.9497e-02, PNorm = 106.2416, GNorm = 0.3748, lr_0 = 2.1594e-04
Loss = 8.9133e-02, PNorm = 106.2443, GNorm = 0.4520, lr_0 = 2.1572e-04
Loss = 2.8701e-02, PNorm = 106.2507, GNorm = 0.3926, lr_0 = 2.1550e-04
Loss = 1.9674e-02, PNorm = 106.2633, GNorm = 0.6692, lr_0 = 2.1527e-04
Loss = 1.0110e-01, PNorm = 106.2678, GNorm = 0.6792, lr_0 = 2.1505e-04
Loss = 5.7953e-02, PNorm = 106.2726, GNorm = 1.1566, lr_0 = 2.1483e-04
Loss = 2.1029e-02, PNorm = 106.2783, GNorm = 0.3639, lr_0 = 2.1461e-04
Loss = 5.9766e-02, PNorm = 106.2841, GNorm = 0.3300, lr_0 = 2.1439e-04
Loss = 4.3802e-02, PNorm = 106.2880, GNorm = 0.9080, lr_0 = 2.1417e-04
Loss = 4.8665e-02, PNorm = 106.2909, GNorm = 0.8991, lr_0 = 2.1395e-04
Loss = 4.1767e-02, PNorm = 106.2951, GNorm = 0.2534, lr_0 = 2.1373e-04
Loss = 7.9852e-02, PNorm = 106.2982, GNorm = 1.0277, lr_0 = 2.1351e-04
Loss = 6.9338e-02, PNorm = 106.3025, GNorm = 0.3940, lr_0 = 2.1329e-04
Loss = 6.4355e-02, PNorm = 106.3086, GNorm = 0.4366, lr_0 = 2.1307e-04
Loss = 3.8793e-02, PNorm = 106.3151, GNorm = 0.4065, lr_0 = 2.1285e-04
Loss = 7.1154e-02, PNorm = 106.3200, GNorm = 0.7508, lr_0 = 2.1263e-04
Loss = 1.8833e-02, PNorm = 106.3253, GNorm = 0.2897, lr_0 = 2.1242e-04
Loss = 3.8648e-02, PNorm = 106.3312, GNorm = 0.6258, lr_0 = 2.1220e-04
Loss = 3.6185e-02, PNorm = 106.3370, GNorm = 0.9649, lr_0 = 2.1198e-04
Loss = 3.8599e-02, PNorm = 106.3412, GNorm = 1.6718, lr_0 = 2.1176e-04
Loss = 4.3912e-02, PNorm = 106.3420, GNorm = 0.1906, lr_0 = 2.1154e-04
Loss = 1.5130e-02, PNorm = 106.3467, GNorm = 0.2160, lr_0 = 2.1133e-04
Loss = 4.0505e-02, PNorm = 106.3518, GNorm = 0.1952, lr_0 = 2.1111e-04
Loss = 9.0142e-02, PNorm = 106.3492, GNorm = 0.2422, lr_0 = 2.1089e-04
Loss = 5.2530e-02, PNorm = 106.3495, GNorm = 0.3651, lr_0 = 2.1068e-04
Loss = 4.3475e-02, PNorm = 106.3537, GNorm = 0.3413, lr_0 = 2.1046e-04
Loss = 4.0321e-02, PNorm = 106.3591, GNorm = 0.7243, lr_0 = 2.1024e-04
Loss = 6.7335e-02, PNorm = 106.3619, GNorm = 0.5878, lr_0 = 2.1003e-04
Loss = 4.7259e-02, PNorm = 106.3657, GNorm = 0.2703, lr_0 = 2.0981e-04
Loss = 8.1230e-02, PNorm = 106.3676, GNorm = 0.8414, lr_0 = 2.0960e-04
Validation auc = 0.495663
Epoch 21
Loss = 4.3810e-02, PNorm = 106.3728, GNorm = 0.3303, lr_0 = 2.0938e-04
Loss = 3.2310e-02, PNorm = 106.3802, GNorm = 0.2912, lr_0 = 2.0917e-04
Loss = 4.3703e-02, PNorm = 106.3864, GNorm = 0.2580, lr_0 = 2.0895e-04
Loss = 3.7188e-02, PNorm = 106.3906, GNorm = 0.2494, lr_0 = 2.0874e-04
Loss = 5.3030e-02, PNorm = 106.3930, GNorm = 0.2075, lr_0 = 2.0852e-04
Loss = 4.7697e-02, PNorm = 106.3936, GNorm = 0.7097, lr_0 = 2.0831e-04
Loss = 9.8402e-02, PNorm = 106.3920, GNorm = 0.4826, lr_0 = 2.0809e-04
Loss = 4.6575e-02, PNorm = 106.3932, GNorm = 0.4610, lr_0 = 2.0788e-04
Loss = 3.7254e-02, PNorm = 106.4002, GNorm = 0.3425, lr_0 = 2.0767e-04
Loss = 6.4277e-02, PNorm = 106.4057, GNorm = 0.3306, lr_0 = 2.0745e-04
Loss = 9.1858e-02, PNorm = 106.4062, GNorm = 0.3884, lr_0 = 2.0724e-04
Loss = 2.3938e-02, PNorm = 106.4124, GNorm = 0.2855, lr_0 = 2.0703e-04
Loss = 7.6932e-02, PNorm = 106.4185, GNorm = 1.4603, lr_0 = 2.0681e-04
Loss = 4.2382e-02, PNorm = 106.4220, GNorm = 0.4389, lr_0 = 2.0660e-04
Loss = 9.6021e-02, PNorm = 106.4239, GNorm = 1.4864, lr_0 = 2.0639e-04
Loss = 1.4026e-02, PNorm = 106.4297, GNorm = 0.3944, lr_0 = 2.0618e-04
Loss = 5.9953e-02, PNorm = 106.4376, GNorm = 0.2597, lr_0 = 2.0597e-04
Loss = 6.1097e-02, PNorm = 106.4386, GNorm = 0.3211, lr_0 = 2.0575e-04
Loss = 3.7827e-02, PNorm = 106.4441, GNorm = 0.3101, lr_0 = 2.0554e-04
Loss = 4.3219e-02, PNorm = 106.4497, GNorm = 0.6383, lr_0 = 2.0533e-04
Loss = 3.7473e-02, PNorm = 106.4568, GNorm = 0.8106, lr_0 = 2.0512e-04
Loss = 2.6895e-02, PNorm = 106.4640, GNorm = 1.2680, lr_0 = 2.0491e-04
Loss = 5.7228e-02, PNorm = 106.4675, GNorm = 0.2020, lr_0 = 2.0470e-04
Loss = 5.1304e-02, PNorm = 106.4685, GNorm = 0.2638, lr_0 = 2.0449e-04
Loss = 5.8496e-02, PNorm = 106.4715, GNorm = 0.7967, lr_0 = 2.0428e-04
Loss = 2.8386e-02, PNorm = 106.4734, GNorm = 0.2656, lr_0 = 2.0407e-04
Loss = 6.3845e-02, PNorm = 106.4779, GNorm = 0.3685, lr_0 = 2.0386e-04
Loss = 5.2284e-02, PNorm = 106.4831, GNorm = 0.3537, lr_0 = 2.0365e-04
Loss = 6.5430e-02, PNorm = 106.4891, GNorm = 0.3326, lr_0 = 2.0344e-04
Loss = 5.9150e-02, PNorm = 106.4965, GNorm = 0.3167, lr_0 = 2.0323e-04
Loss = 5.8092e-02, PNorm = 106.5020, GNorm = 0.3298, lr_0 = 2.0302e-04
Loss = 3.7216e-02, PNorm = 106.5080, GNorm = 0.3011, lr_0 = 2.0281e-04
Loss = 4.6445e-02, PNorm = 106.5136, GNorm = 0.3031, lr_0 = 2.0261e-04
Loss = 6.0603e-02, PNorm = 106.5180, GNorm = 1.5584, lr_0 = 2.0240e-04
Loss = 3.8287e-02, PNorm = 106.5189, GNorm = 0.2676, lr_0 = 2.0219e-04
Loss = 7.6854e-02, PNorm = 106.5198, GNorm = 0.3580, lr_0 = 2.0198e-04
Loss = 2.9295e-02, PNorm = 106.5247, GNorm = 0.3281, lr_0 = 2.0177e-04
Loss = 4.8860e-02, PNorm = 106.5305, GNorm = 0.3342, lr_0 = 2.0157e-04
Loss = 6.7475e-02, PNorm = 106.5332, GNorm = 0.6065, lr_0 = 2.0136e-04
Loss = 3.6946e-02, PNorm = 106.5356, GNorm = 0.6133, lr_0 = 2.0115e-04
Loss = 2.7404e-02, PNorm = 106.5417, GNorm = 0.7045, lr_0 = 2.0095e-04
Loss = 5.0131e-02, PNorm = 106.5464, GNorm = 0.2121, lr_0 = 2.0074e-04
Loss = 1.5698e-02, PNorm = 106.5508, GNorm = 0.1977, lr_0 = 2.0053e-04
Loss = 8.6597e-02, PNorm = 106.5514, GNorm = 0.6956, lr_0 = 2.0033e-04
Loss = 2.9986e-02, PNorm = 106.5554, GNorm = 0.3022, lr_0 = 2.0012e-04
Loss = 2.4920e-02, PNorm = 106.5627, GNorm = 0.2576, lr_0 = 1.9992e-04
Loss = 5.0408e-02, PNorm = 106.5674, GNorm = 0.1923, lr_0 = 1.9971e-04
Loss = 5.9808e-02, PNorm = 106.5669, GNorm = 0.2681, lr_0 = 1.9951e-04
Loss = 3.6352e-02, PNorm = 106.5696, GNorm = 0.7528, lr_0 = 1.9930e-04
Loss = 4.1193e-02, PNorm = 106.5744, GNorm = 0.7039, lr_0 = 1.9910e-04
Loss = 7.1306e-03, PNorm = 106.5806, GNorm = 0.2134, lr_0 = 1.9889e-04
Loss = 2.7402e-02, PNorm = 106.5866, GNorm = 0.1544, lr_0 = 1.9869e-04
Loss = 5.1219e-02, PNorm = 106.5875, GNorm = 0.1772, lr_0 = 1.9848e-04
Loss = 6.8404e-02, PNorm = 106.5872, GNorm = 0.6991, lr_0 = 1.9828e-04
Loss = 7.2061e-02, PNorm = 106.5859, GNorm = 0.5985, lr_0 = 1.9808e-04
Loss = 6.4241e-02, PNorm = 106.5869, GNorm = 0.3889, lr_0 = 1.9787e-04
Loss = 5.9111e-02, PNorm = 106.5922, GNorm = 0.4539, lr_0 = 1.9767e-04
Loss = 3.8896e-02, PNorm = 106.5988, GNorm = 0.3689, lr_0 = 1.9747e-04
Loss = 2.9493e-02, PNorm = 106.6086, GNorm = 0.6275, lr_0 = 1.9726e-04
Loss = 4.4161e-02, PNorm = 106.6156, GNorm = 0.2754, lr_0 = 1.9706e-04
Loss = 5.4119e-02, PNorm = 106.6186, GNorm = 0.2746, lr_0 = 1.9686e-04
Loss = 5.2971e-02, PNorm = 106.6224, GNorm = 0.6980, lr_0 = 1.9666e-04
Loss = 4.4257e-02, PNorm = 106.6277, GNorm = 0.7045, lr_0 = 1.9645e-04
Loss = 6.7985e-02, PNorm = 106.6296, GNorm = 1.2631, lr_0 = 1.9625e-04
Loss = 2.8465e-02, PNorm = 106.6340, GNorm = 0.2808, lr_0 = 1.9605e-04
Loss = 2.7727e-02, PNorm = 106.6403, GNorm = 0.2180, lr_0 = 1.9585e-04
Loss = 5.1916e-02, PNorm = 106.6456, GNorm = 0.5228, lr_0 = 1.9565e-04
Loss = 5.9359e-02, PNorm = 106.6506, GNorm = 0.2452, lr_0 = 1.9545e-04
Loss = 4.6631e-02, PNorm = 106.6577, GNorm = 0.3078, lr_0 = 1.9525e-04
Loss = 6.2931e-02, PNorm = 106.6577, GNorm = 0.3054, lr_0 = 1.9504e-04
Loss = 5.0581e-02, PNorm = 106.6623, GNorm = 0.6849, lr_0 = 1.9484e-04
Loss = 4.7029e-02, PNorm = 106.6660, GNorm = 0.3270, lr_0 = 1.9464e-04
Loss = 2.8313e-02, PNorm = 106.6723, GNorm = 0.2547, lr_0 = 1.9444e-04
Loss = 5.9617e-02, PNorm = 106.6769, GNorm = 0.7828, lr_0 = 1.9424e-04
Loss = 8.4321e-02, PNorm = 106.6778, GNorm = 0.6765, lr_0 = 1.9404e-04
Loss = 8.3244e-02, PNorm = 106.6776, GNorm = 0.4906, lr_0 = 1.9385e-04
Loss = 6.5695e-02, PNorm = 106.6847, GNorm = 1.5394, lr_0 = 1.9365e-04
Loss = 4.9534e-02, PNorm = 106.6900, GNorm = 0.8265, lr_0 = 1.9345e-04
Loss = 3.9006e-02, PNorm = 106.6991, GNorm = 0.2863, lr_0 = 1.9325e-04
Loss = 4.6357e-02, PNorm = 106.7073, GNorm = 0.2718, lr_0 = 1.9305e-04
Validation auc = 0.507980
Epoch 22
Loss = 3.8599e-02, PNorm = 106.7153, GNorm = 0.7503, lr_0 = 1.9285e-04
Loss = 7.6122e-02, PNorm = 106.7168, GNorm = 0.3035, lr_0 = 1.9265e-04
Loss = 4.5804e-02, PNorm = 106.7225, GNorm = 0.3232, lr_0 = 1.9246e-04
Loss = 2.9098e-02, PNorm = 106.7305, GNorm = 0.2877, lr_0 = 1.9226e-04
Loss = 6.0125e-02, PNorm = 106.7383, GNorm = 1.0323, lr_0 = 1.9206e-04
Loss = 6.7490e-02, PNorm = 106.7377, GNorm = 0.9198, lr_0 = 1.9186e-04
Loss = 3.8776e-02, PNorm = 106.7420, GNorm = 0.6592, lr_0 = 1.9167e-04
Loss = 2.3620e-02, PNorm = 106.7488, GNorm = 0.2509, lr_0 = 1.9147e-04
Loss = 3.8022e-02, PNorm = 106.7519, GNorm = 0.1986, lr_0 = 1.9127e-04
Loss = 5.5921e-02, PNorm = 106.7549, GNorm = 0.9911, lr_0 = 1.9108e-04
Loss = 2.8324e-02, PNorm = 106.7573, GNorm = 0.2038, lr_0 = 1.9088e-04
Loss = 2.9356e-02, PNorm = 106.7596, GNorm = 0.2055, lr_0 = 1.9068e-04
Loss = 6.1190e-02, PNorm = 106.7612, GNorm = 0.3307, lr_0 = 1.9049e-04
Loss = 4.0730e-02, PNorm = 106.7651, GNorm = 0.2676, lr_0 = 1.9029e-04
Loss = 3.8783e-02, PNorm = 106.7688, GNorm = 0.2808, lr_0 = 1.9010e-04
Loss = 2.4794e-02, PNorm = 106.7753, GNorm = 0.5748, lr_0 = 1.8990e-04
Loss = 3.8010e-02, PNorm = 106.7801, GNorm = 0.1651, lr_0 = 1.8971e-04
Loss = 9.8946e-02, PNorm = 106.7795, GNorm = 0.2418, lr_0 = 1.8951e-04
Loss = 2.1228e-02, PNorm = 106.7803, GNorm = 0.2912, lr_0 = 1.8932e-04
Loss = 4.1926e-02, PNorm = 106.7838, GNorm = 0.2991, lr_0 = 1.8912e-04
Loss = 6.2463e-02, PNorm = 106.7904, GNorm = 0.4425, lr_0 = 1.8893e-04
Loss = 4.4409e-02, PNorm = 106.7982, GNorm = 0.8501, lr_0 = 1.8873e-04
Loss = 1.9745e-02, PNorm = 106.8053, GNorm = 0.2272, lr_0 = 1.8854e-04
Loss = 5.8359e-02, PNorm = 106.8087, GNorm = 0.5735, lr_0 = 1.8835e-04
Loss = 5.6613e-02, PNorm = 106.8102, GNorm = 0.2775, lr_0 = 1.8815e-04
Loss = 3.2666e-02, PNorm = 106.8138, GNorm = 0.2919, lr_0 = 1.8796e-04
Loss = 5.6510e-02, PNorm = 106.8171, GNorm = 0.6824, lr_0 = 1.8777e-04
Loss = 3.4363e-02, PNorm = 106.8227, GNorm = 0.7804, lr_0 = 1.8757e-04
Loss = 2.7386e-02, PNorm = 106.8289, GNorm = 0.2195, lr_0 = 1.8738e-04
Loss = 4.6303e-02, PNorm = 106.8335, GNorm = 0.9130, lr_0 = 1.8719e-04
Loss = 6.5147e-02, PNorm = 106.8328, GNorm = 0.2044, lr_0 = 1.8700e-04
Loss = 9.0813e-02, PNorm = 106.8320, GNorm = 2.0326, lr_0 = 1.8680e-04
Loss = 2.9699e-02, PNorm = 106.8336, GNorm = 0.4221, lr_0 = 1.8661e-04
Loss = 1.7191e-02, PNorm = 106.8421, GNorm = 0.2640, lr_0 = 1.8642e-04
Loss = 6.0603e-02, PNorm = 106.8461, GNorm = 0.2796, lr_0 = 1.8623e-04
Loss = 5.7875e-02, PNorm = 106.8483, GNorm = 0.9940, lr_0 = 1.8604e-04
Loss = 2.6578e-02, PNorm = 106.8520, GNorm = 0.2603, lr_0 = 1.8585e-04
Loss = 7.3634e-02, PNorm = 106.8560, GNorm = 0.5666, lr_0 = 1.8565e-04
Loss = 4.8250e-02, PNorm = 106.8590, GNorm = 1.1727, lr_0 = 1.8546e-04
Loss = 6.1709e-02, PNorm = 106.8597, GNorm = 0.3924, lr_0 = 1.8527e-04
Loss = 5.6141e-02, PNorm = 106.8649, GNorm = 0.5538, lr_0 = 1.8508e-04
Loss = 2.8662e-02, PNorm = 106.8709, GNorm = 0.3403, lr_0 = 1.8489e-04
Loss = 4.1988e-02, PNorm = 106.8773, GNorm = 0.2613, lr_0 = 1.8470e-04
Loss = 2.9541e-02, PNorm = 106.8816, GNorm = 0.1950, lr_0 = 1.8451e-04
Loss = 4.1929e-02, PNorm = 106.8844, GNorm = 0.1856, lr_0 = 1.8432e-04
Loss = 6.9940e-02, PNorm = 106.8862, GNorm = 1.5540, lr_0 = 1.8413e-04
Loss = 3.5192e-02, PNorm = 106.8866, GNorm = 0.5228, lr_0 = 1.8394e-04
Loss = 7.0959e-02, PNorm = 106.8864, GNorm = 0.3342, lr_0 = 1.8376e-04
Loss = 6.1057e-02, PNorm = 106.8895, GNorm = 0.4838, lr_0 = 1.8357e-04
Loss = 3.4101e-02, PNorm = 106.8947, GNorm = 0.4432, lr_0 = 1.8338e-04
Loss = 2.7532e-02, PNorm = 106.9031, GNorm = 0.2440, lr_0 = 1.8319e-04
Loss = 2.4202e-02, PNorm = 106.9107, GNorm = 0.1952, lr_0 = 1.8300e-04
Loss = 4.1603e-02, PNorm = 106.9149, GNorm = 0.8872, lr_0 = 1.8281e-04
Loss = 3.9418e-02, PNorm = 106.9155, GNorm = 0.1577, lr_0 = 1.8263e-04
Loss = 4.5939e-02, PNorm = 106.9160, GNorm = 0.7824, lr_0 = 1.8244e-04
Loss = 4.8963e-02, PNorm = 106.9171, GNorm = 0.6851, lr_0 = 1.8225e-04
Loss = 6.3188e-02, PNorm = 106.9180, GNorm = 0.3238, lr_0 = 1.8206e-04
Loss = 9.9718e-02, PNorm = 106.9177, GNorm = 0.3168, lr_0 = 1.8188e-04
Loss = 5.9872e-02, PNorm = 106.9226, GNorm = 0.6015, lr_0 = 1.8169e-04
Loss = 5.9890e-02, PNorm = 106.9286, GNorm = 0.4376, lr_0 = 1.8150e-04
Loss = 1.0367e-01, PNorm = 106.9320, GNorm = 1.4913, lr_0 = 1.8132e-04
Loss = 3.2090e-02, PNorm = 106.9377, GNorm = 0.4076, lr_0 = 1.8113e-04
Loss = 3.5203e-02, PNorm = 106.9455, GNorm = 0.3118, lr_0 = 1.8094e-04
Loss = 3.9788e-02, PNorm = 106.9528, GNorm = 0.6421, lr_0 = 1.8076e-04
Loss = 6.6196e-02, PNorm = 106.9553, GNorm = 0.3120, lr_0 = 1.8057e-04
Loss = 7.2763e-02, PNorm = 106.9558, GNorm = 0.3299, lr_0 = 1.8039e-04
Loss = 5.2534e-02, PNorm = 106.9592, GNorm = 0.3400, lr_0 = 1.8020e-04
Loss = 3.3643e-02, PNorm = 106.9659, GNorm = 0.2939, lr_0 = 1.8002e-04
Loss = 3.7911e-02, PNorm = 106.9734, GNorm = 0.2699, lr_0 = 1.7983e-04
Loss = 5.7623e-02, PNorm = 106.9778, GNorm = 0.2154, lr_0 = 1.7965e-04
Loss = 3.6767e-02, PNorm = 106.9813, GNorm = 0.3091, lr_0 = 1.7946e-04
Loss = 8.4885e-02, PNorm = 106.9796, GNorm = 0.3248, lr_0 = 1.7928e-04
Loss = 1.0529e-01, PNorm = 106.9773, GNorm = 1.1309, lr_0 = 1.7909e-04
Loss = 1.0267e-01, PNorm = 106.9785, GNorm = 0.4551, lr_0 = 1.7891e-04
Loss = 3.8354e-02, PNorm = 106.9915, GNorm = 0.5732, lr_0 = 1.7873e-04
Loss = 3.7365e-02, PNorm = 107.0050, GNorm = 0.3298, lr_0 = 1.7854e-04
Loss = 3.2890e-02, PNorm = 107.0163, GNorm = 0.2242, lr_0 = 1.7836e-04
Loss = 6.4397e-02, PNorm = 107.0233, GNorm = 1.1400, lr_0 = 1.7818e-04
Loss = 7.4635e-02, PNorm = 107.0250, GNorm = 0.2629, lr_0 = 1.7799e-04
Loss = 3.3748e-02, PNorm = 107.0287, GNorm = 0.2655, lr_0 = 1.7781e-04
Validation auc = 0.512364
Epoch 23
Loss = 5.8429e-02, PNorm = 107.0364, GNorm = 0.2859, lr_0 = 1.7763e-04
Loss = 3.9863e-02, PNorm = 107.0468, GNorm = 0.2845, lr_0 = 1.7744e-04
Loss = 3.5147e-02, PNorm = 107.0570, GNorm = 0.2563, lr_0 = 1.7726e-04
Loss = 9.0715e-02, PNorm = 107.0632, GNorm = 0.2845, lr_0 = 1.7708e-04
Loss = 7.4650e-02, PNorm = 107.0639, GNorm = 0.4097, lr_0 = 1.7690e-04
Loss = 1.6481e-02, PNorm = 107.0765, GNorm = 0.3327, lr_0 = 1.7672e-04
Loss = 2.1250e-02, PNorm = 107.0903, GNorm = 0.3099, lr_0 = 1.7653e-04
Loss = 5.0629e-02, PNorm = 107.0977, GNorm = 0.1794, lr_0 = 1.7635e-04
Loss = 3.6394e-02, PNorm = 107.1002, GNorm = 0.1837, lr_0 = 1.7617e-04
Loss = 1.0418e-01, PNorm = 107.0968, GNorm = 0.3208, lr_0 = 1.7599e-04
Loss = 9.5826e-02, PNorm = 107.0995, GNorm = 0.4516, lr_0 = 1.7581e-04
Loss = 8.8216e-02, PNorm = 107.1019, GNorm = 0.5369, lr_0 = 1.7563e-04
Loss = 3.4700e-02, PNorm = 107.1103, GNorm = 0.4701, lr_0 = 1.7545e-04
Loss = 4.7879e-02, PNorm = 107.1197, GNorm = 0.3275, lr_0 = 1.7527e-04
Loss = 4.1670e-02, PNorm = 107.1248, GNorm = 0.2946, lr_0 = 1.7509e-04
Loss = 7.6057e-02, PNorm = 107.1275, GNorm = 0.6210, lr_0 = 1.7491e-04
Loss = 4.0256e-02, PNorm = 107.1290, GNorm = 0.6093, lr_0 = 1.7473e-04
Loss = 2.5302e-02, PNorm = 107.1332, GNorm = 0.2458, lr_0 = 1.7455e-04
Loss = 2.9115e-02, PNorm = 107.1385, GNorm = 0.8233, lr_0 = 1.7437e-04
Loss = 4.5618e-02, PNorm = 107.1409, GNorm = 0.2176, lr_0 = 1.7419e-04
Loss = 6.2828e-02, PNorm = 107.1423, GNorm = 0.2465, lr_0 = 1.7401e-04
Loss = 6.1957e-02, PNorm = 107.1443, GNorm = 0.4702, lr_0 = 1.7383e-04
Loss = 3.1830e-02, PNorm = 107.1469, GNorm = 0.2898, lr_0 = 1.7366e-04
Loss = 5.4514e-02, PNorm = 107.1511, GNorm = 0.3072, lr_0 = 1.7348e-04
Loss = 3.7409e-02, PNorm = 107.1552, GNorm = 0.2420, lr_0 = 1.7330e-04
Loss = 3.6446e-02, PNorm = 107.1597, GNorm = 0.2272, lr_0 = 1.7312e-04
Loss = 5.6141e-02, PNorm = 107.1627, GNorm = 0.1755, lr_0 = 1.7294e-04
Loss = 3.2386e-02, PNorm = 107.1651, GNorm = 0.2268, lr_0 = 1.7276e-04
Loss = 7.5865e-02, PNorm = 107.1691, GNorm = 0.2504, lr_0 = 1.7259e-04
Loss = 5.5211e-02, PNorm = 107.1727, GNorm = 0.3161, lr_0 = 1.7241e-04
Loss = 5.6981e-02, PNorm = 107.1775, GNorm = 0.4544, lr_0 = 1.7223e-04
Loss = 3.6768e-02, PNorm = 107.1823, GNorm = 0.3160, lr_0 = 1.7206e-04
Loss = 5.1778e-02, PNorm = 107.1876, GNorm = 0.2881, lr_0 = 1.7188e-04
Loss = 9.9682e-02, PNorm = 107.1892, GNorm = 0.8334, lr_0 = 1.7170e-04
Loss = 2.7043e-02, PNorm = 107.1928, GNorm = 0.3989, lr_0 = 1.7153e-04
Loss = 1.7815e-02, PNorm = 107.2012, GNorm = 0.2647, lr_0 = 1.7135e-04
Loss = 7.1586e-02, PNorm = 107.2044, GNorm = 0.8027, lr_0 = 1.7117e-04
Loss = 6.0596e-02, PNorm = 107.2048, GNorm = 0.2667, lr_0 = 1.7100e-04
Loss = 4.0705e-02, PNorm = 107.2061, GNorm = 0.2660, lr_0 = 1.7082e-04
Loss = 2.4127e-02, PNorm = 107.2114, GNorm = 0.2341, lr_0 = 1.7065e-04
Loss = 5.8116e-02, PNorm = 107.2148, GNorm = 0.2377, lr_0 = 1.7047e-04
Loss = 3.8191e-02, PNorm = 107.2186, GNorm = 0.5981, lr_0 = 1.7030e-04
Loss = 6.3762e-02, PNorm = 107.2206, GNorm = 0.7372, lr_0 = 1.7012e-04
Loss = 6.1392e-02, PNorm = 107.2225, GNorm = 0.2822, lr_0 = 1.6995e-04
Loss = 3.1537e-02, PNorm = 107.2273, GNorm = 0.2878, lr_0 = 1.6977e-04
Loss = 7.4465e-02, PNorm = 107.2313, GNorm = 0.6255, lr_0 = 1.6960e-04
Loss = 6.1625e-02, PNorm = 107.2339, GNorm = 0.3231, lr_0 = 1.6942e-04
Loss = 2.5292e-02, PNorm = 107.2398, GNorm = 0.3250, lr_0 = 1.6925e-04
Loss = 5.5996e-02, PNorm = 107.2465, GNorm = 1.4661, lr_0 = 1.6908e-04
Loss = 7.9260e-02, PNorm = 107.2474, GNorm = 0.3386, lr_0 = 1.6890e-04
Loss = 1.8022e-02, PNorm = 107.2519, GNorm = 0.3470, lr_0 = 1.6873e-04
Loss = 4.3992e-02, PNorm = 107.2580, GNorm = 0.2432, lr_0 = 1.6855e-04
Loss = 7.1055e-02, PNorm = 107.2610, GNorm = 0.6347, lr_0 = 1.6838e-04
Loss = 6.2883e-02, PNorm = 107.2601, GNorm = 0.2776, lr_0 = 1.6821e-04
Loss = 4.0367e-02, PNorm = 107.2652, GNorm = 0.7272, lr_0 = 1.6804e-04
Loss = 7.3030e-02, PNorm = 107.2687, GNorm = 0.4812, lr_0 = 1.6786e-04
Loss = 3.9028e-02, PNorm = 107.2751, GNorm = 0.3151, lr_0 = 1.6769e-04
Loss = 4.8007e-02, PNorm = 107.2839, GNorm = 0.6951, lr_0 = 1.6752e-04
Loss = 4.8267e-02, PNorm = 107.2902, GNorm = 0.2855, lr_0 = 1.6735e-04
Loss = 9.3049e-02, PNorm = 107.2912, GNorm = 1.5567, lr_0 = 1.6717e-04
Loss = 1.8710e-02, PNorm = 107.2931, GNorm = 0.3342, lr_0 = 1.6700e-04
Loss = 5.5517e-02, PNorm = 107.2972, GNorm = 0.2828, lr_0 = 1.6683e-04
Loss = 7.1887e-02, PNorm = 107.2984, GNorm = 0.3467, lr_0 = 1.6666e-04
Loss = 4.0273e-02, PNorm = 107.3025, GNorm = 0.5979, lr_0 = 1.6649e-04
Loss = 4.6460e-02, PNorm = 107.3062, GNorm = 0.8084, lr_0 = 1.6632e-04
Loss = 5.0421e-02, PNorm = 107.3090, GNorm = 0.2740, lr_0 = 1.6615e-04
Loss = 6.5583e-02, PNorm = 107.3113, GNorm = 0.3827, lr_0 = 1.6598e-04
Loss = 6.0333e-02, PNorm = 107.3157, GNorm = 0.2717, lr_0 = 1.6581e-04
Loss = 3.1844e-02, PNorm = 107.3209, GNorm = 0.2960, lr_0 = 1.6563e-04
Loss = 2.6375e-02, PNorm = 107.3282, GNorm = 0.2651, lr_0 = 1.6546e-04
Loss = 6.8332e-02, PNorm = 107.3329, GNorm = 0.2640, lr_0 = 1.6529e-04
Loss = 1.7998e-02, PNorm = 107.3380, GNorm = 0.2473, lr_0 = 1.6512e-04
Loss = 3.1474e-02, PNorm = 107.3431, GNorm = 0.1973, lr_0 = 1.6496e-04
Loss = 6.9510e-02, PNorm = 107.3436, GNorm = 0.2173, lr_0 = 1.6479e-04
Loss = 2.3905e-02, PNorm = 107.3445, GNorm = 0.5145, lr_0 = 1.6462e-04
Loss = 2.8926e-02, PNorm = 107.3477, GNorm = 0.2027, lr_0 = 1.6445e-04
Loss = 2.5903e-02, PNorm = 107.3520, GNorm = 0.2034, lr_0 = 1.6428e-04
Loss = 2.9903e-02, PNorm = 107.3570, GNorm = 0.1935, lr_0 = 1.6411e-04
Loss = 1.8438e-02, PNorm = 107.3590, GNorm = 0.1821, lr_0 = 1.6394e-04
Loss = 6.1826e-02, PNorm = 107.3596, GNorm = 0.5901, lr_0 = 1.6377e-04
Validation auc = 0.518022
Epoch 24
Loss = 5.6832e-02, PNorm = 107.3586, GNorm = 0.2134, lr_0 = 1.6360e-04
Loss = 7.5385e-02, PNorm = 107.3592, GNorm = 0.5889, lr_0 = 1.6344e-04
Loss = 4.3350e-02, PNorm = 107.3623, GNorm = 0.3228, lr_0 = 1.6327e-04
Loss = 7.2537e-02, PNorm = 107.3666, GNorm = 0.6935, lr_0 = 1.6310e-04
Loss = 7.2260e-02, PNorm = 107.3688, GNorm = 0.4344, lr_0 = 1.6293e-04
Loss = 3.8711e-02, PNorm = 107.3735, GNorm = 0.3906, lr_0 = 1.6277e-04
Loss = 4.8645e-02, PNorm = 107.3819, GNorm = 0.6497, lr_0 = 1.6260e-04
Loss = 5.9579e-02, PNorm = 107.3889, GNorm = 0.2617, lr_0 = 1.6243e-04
Loss = 7.8084e-02, PNorm = 107.3952, GNorm = 1.5550, lr_0 = 1.6226e-04
Loss = 3.7186e-02, PNorm = 107.4012, GNorm = 0.3487, lr_0 = 1.6210e-04
Loss = 1.9257e-02, PNorm = 107.4115, GNorm = 0.2778, lr_0 = 1.6193e-04
Loss = 6.7297e-02, PNorm = 107.4177, GNorm = 0.6805, lr_0 = 1.6176e-04
Loss = 4.6220e-02, PNorm = 107.4218, GNorm = 0.6306, lr_0 = 1.6160e-04
Loss = 4.1232e-02, PNorm = 107.4249, GNorm = 0.7776, lr_0 = 1.6143e-04
Loss = 4.4206e-02, PNorm = 107.4300, GNorm = 0.2770, lr_0 = 1.6127e-04
Loss = 8.2289e-02, PNorm = 107.4357, GNorm = 0.8690, lr_0 = 1.6110e-04
Loss = 4.9720e-02, PNorm = 107.4417, GNorm = 0.3786, lr_0 = 1.6094e-04
Loss = 3.5678e-02, PNorm = 107.4546, GNorm = 0.2947, lr_0 = 1.6077e-04
Loss = 5.0640e-02, PNorm = 107.4646, GNorm = 1.0582, lr_0 = 1.6060e-04
Loss = 6.3184e-02, PNorm = 107.4712, GNorm = 1.2997, lr_0 = 1.6044e-04
Loss = 6.2784e-02, PNorm = 107.4728, GNorm = 0.4210, lr_0 = 1.6028e-04
Loss = 7.0149e-02, PNorm = 107.4709, GNorm = 0.3809, lr_0 = 1.6011e-04
Loss = 4.8058e-02, PNorm = 107.4786, GNorm = 0.4414, lr_0 = 1.5995e-04
Loss = 3.0691e-02, PNorm = 107.4901, GNorm = 0.6059, lr_0 = 1.5978e-04
Loss = 5.2799e-02, PNorm = 107.4981, GNorm = 0.3994, lr_0 = 1.5962e-04
Loss = 2.9700e-02, PNorm = 107.5063, GNorm = 0.2314, lr_0 = 1.5945e-04
Loss = 7.1777e-02, PNorm = 107.5124, GNorm = 0.2509, lr_0 = 1.5929e-04
Loss = 6.4127e-02, PNorm = 107.5205, GNorm = 0.3103, lr_0 = 1.5913e-04
Loss = 4.2865e-02, PNorm = 107.5322, GNorm = 0.2767, lr_0 = 1.5896e-04
Loss = 3.3766e-02, PNorm = 107.5435, GNorm = 0.2906, lr_0 = 1.5880e-04
Loss = 3.3249e-02, PNorm = 107.5552, GNorm = 0.2750, lr_0 = 1.5864e-04
Loss = 4.6151e-02, PNorm = 107.5655, GNorm = 0.7456, lr_0 = 1.5847e-04
Loss = 6.8377e-03, PNorm = 107.5727, GNorm = 0.2028, lr_0 = 1.5831e-04
Loss = 5.6839e-02, PNorm = 107.5728, GNorm = 0.2452, lr_0 = 1.5815e-04
Loss = 1.5853e-02, PNorm = 107.5769, GNorm = 0.1826, lr_0 = 1.5799e-04
Loss = 4.9110e-02, PNorm = 107.5803, GNorm = 0.1986, lr_0 = 1.5782e-04
Loss = 5.5774e-02, PNorm = 107.5836, GNorm = 0.2091, lr_0 = 1.5766e-04
Loss = 4.2247e-02, PNorm = 107.5890, GNorm = 0.2286, lr_0 = 1.5750e-04
Loss = 6.3389e-02, PNorm = 107.5896, GNorm = 0.2914, lr_0 = 1.5734e-04
Loss = 5.1172e-02, PNorm = 107.5898, GNorm = 0.7444, lr_0 = 1.5718e-04
Loss = 9.2021e-02, PNorm = 107.5869, GNorm = 0.6339, lr_0 = 1.5701e-04
Loss = 2.9237e-02, PNorm = 107.5936, GNorm = 0.5640, lr_0 = 1.5685e-04
Loss = 5.1008e-02, PNorm = 107.6020, GNorm = 0.3246, lr_0 = 1.5669e-04
Loss = 4.5578e-02, PNorm = 107.6108, GNorm = 0.2890, lr_0 = 1.5653e-04
Loss = 2.0659e-02, PNorm = 107.6213, GNorm = 0.2413, lr_0 = 1.5637e-04
Loss = 3.7445e-02, PNorm = 107.6305, GNorm = 0.2344, lr_0 = 1.5621e-04
Loss = 6.6020e-02, PNorm = 107.6358, GNorm = 0.5280, lr_0 = 1.5605e-04
Loss = 8.8820e-02, PNorm = 107.6376, GNorm = 4.0989, lr_0 = 1.5589e-04
Loss = 6.1383e-02, PNorm = 107.6294, GNorm = 0.3857, lr_0 = 1.5573e-04
Loss = 7.5342e-02, PNorm = 107.6299, GNorm = 0.7783, lr_0 = 1.5557e-04
Loss = 4.0091e-02, PNorm = 107.6360, GNorm = 0.4606, lr_0 = 1.5541e-04
Loss = 7.3426e-02, PNorm = 107.6422, GNorm = 0.3738, lr_0 = 1.5525e-04
Loss = 6.6362e-02, PNorm = 107.6485, GNorm = 0.3544, lr_0 = 1.5509e-04
Loss = 2.6751e-02, PNorm = 107.6560, GNorm = 0.3220, lr_0 = 1.5493e-04
Loss = 6.3706e-02, PNorm = 107.6589, GNorm = 0.2952, lr_0 = 1.5477e-04
Loss = 4.8828e-02, PNorm = 107.6621, GNorm = 0.2782, lr_0 = 1.5461e-04
Loss = 4.8606e-02, PNorm = 107.6640, GNorm = 0.3439, lr_0 = 1.5445e-04
Loss = 2.7866e-02, PNorm = 107.6702, GNorm = 0.2608, lr_0 = 1.5429e-04
Loss = 2.7724e-02, PNorm = 107.6756, GNorm = 0.2268, lr_0 = 1.5414e-04
Loss = 6.7697e-02, PNorm = 107.6795, GNorm = 0.2569, lr_0 = 1.5398e-04
Loss = 6.7470e-02, PNorm = 107.6808, GNorm = 0.2832, lr_0 = 1.5382e-04
Loss = 9.1734e-03, PNorm = 107.6840, GNorm = 0.2836, lr_0 = 1.5366e-04
Loss = 3.4191e-02, PNorm = 107.6885, GNorm = 0.2227, lr_0 = 1.5350e-04
Loss = 5.4301e-02, PNorm = 107.6899, GNorm = 0.2535, lr_0 = 1.5335e-04
Loss = 4.3194e-02, PNorm = 107.6918, GNorm = 1.1005, lr_0 = 1.5319e-04
Loss = 3.6682e-02, PNorm = 107.6917, GNorm = 0.2199, lr_0 = 1.5303e-04
Loss = 3.8399e-02, PNorm = 107.6931, GNorm = 0.6825, lr_0 = 1.5287e-04
Loss = 1.8086e-02, PNorm = 107.6951, GNorm = 0.2104, lr_0 = 1.5272e-04
Loss = 5.8020e-02, PNorm = 107.6962, GNorm = 0.8615, lr_0 = 1.5256e-04
Loss = 5.7908e-02, PNorm = 107.6933, GNorm = 0.7560, lr_0 = 1.5240e-04
Loss = 4.3345e-02, PNorm = 107.6930, GNorm = 0.2940, lr_0 = 1.5225e-04
Loss = 6.8530e-02, PNorm = 107.6937, GNorm = 0.4568, lr_0 = 1.5209e-04
Loss = 5.5691e-02, PNorm = 107.6950, GNorm = 0.4411, lr_0 = 1.5193e-04
Loss = 3.5993e-02, PNorm = 107.6983, GNorm = 0.3508, lr_0 = 1.5178e-04
Loss = 5.8656e-02, PNorm = 107.7024, GNorm = 1.5573, lr_0 = 1.5162e-04
Loss = 2.6941e-02, PNorm = 107.7057, GNorm = 0.2499, lr_0 = 1.5147e-04
Loss = 6.2437e-02, PNorm = 107.7072, GNorm = 0.2724, lr_0 = 1.5131e-04
Loss = 6.5918e-02, PNorm = 107.7080, GNorm = 0.2633, lr_0 = 1.5115e-04
Loss = 6.4250e-02, PNorm = 107.7075, GNorm = 0.3864, lr_0 = 1.5100e-04
Loss = 2.0069e-02, PNorm = 107.7119, GNorm = 0.3401, lr_0 = 1.5084e-04
Validation auc = 0.517291
Epoch 25
Loss = 7.5882e-02, PNorm = 107.7146, GNorm = 0.3368, lr_0 = 1.5069e-04
Loss = 2.9507e-02, PNorm = 107.7178, GNorm = 0.2815, lr_0 = 1.5053e-04
Loss = 3.9849e-02, PNorm = 107.7211, GNorm = 0.2646, lr_0 = 1.5038e-04
Loss = 4.1380e-02, PNorm = 107.7236, GNorm = 0.2805, lr_0 = 1.5022e-04
Loss = 5.0154e-02, PNorm = 107.7265, GNorm = 0.5901, lr_0 = 1.5007e-04
Loss = 4.4505e-02, PNorm = 107.7270, GNorm = 0.2076, lr_0 = 1.4992e-04
Loss = 7.1726e-02, PNorm = 107.7270, GNorm = 0.2849, lr_0 = 1.4976e-04
Loss = 5.1613e-02, PNorm = 107.7284, GNorm = 0.2836, lr_0 = 1.4961e-04
Loss = 6.8722e-02, PNorm = 107.7288, GNorm = 0.3467, lr_0 = 1.4945e-04
Loss = 3.9556e-02, PNorm = 107.7330, GNorm = 0.5230, lr_0 = 1.4930e-04
Loss = 4.9589e-02, PNorm = 107.7370, GNorm = 0.2940, lr_0 = 1.4915e-04
Loss = 2.8631e-02, PNorm = 107.7412, GNorm = 0.2419, lr_0 = 1.4899e-04
Loss = 3.6027e-02, PNorm = 107.7467, GNorm = 1.3675, lr_0 = 1.4884e-04
Loss = 6.4562e-02, PNorm = 107.7484, GNorm = 1.2674, lr_0 = 1.4869e-04
Loss = 2.8010e-02, PNorm = 107.7504, GNorm = 0.2723, lr_0 = 1.4854e-04
Loss = 7.0561e-02, PNorm = 107.7517, GNorm = 0.8476, lr_0 = 1.4838e-04
Loss = 2.5325e-02, PNorm = 107.7516, GNorm = 0.2948, lr_0 = 1.4823e-04
Loss = 6.1482e-02, PNorm = 107.7535, GNorm = 0.5339, lr_0 = 1.4808e-04
Loss = 5.6513e-02, PNorm = 107.7548, GNorm = 0.2905, lr_0 = 1.4793e-04
Loss = 2.6268e-02, PNorm = 107.7586, GNorm = 0.2709, lr_0 = 1.4777e-04
Loss = 3.9041e-02, PNorm = 107.7626, GNorm = 0.2474, lr_0 = 1.4762e-04
Loss = 8.0051e-02, PNorm = 107.7632, GNorm = 0.2520, lr_0 = 1.4747e-04
Loss = 4.7043e-02, PNorm = 107.7654, GNorm = 0.2868, lr_0 = 1.4732e-04
Loss = 3.3182e-02, PNorm = 107.7693, GNorm = 0.2663, lr_0 = 1.4717e-04
Loss = 5.4492e-02, PNorm = 107.7729, GNorm = 0.5100, lr_0 = 1.4702e-04
Loss = 5.5880e-02, PNorm = 107.7750, GNorm = 0.2719, lr_0 = 1.4687e-04
Loss = 4.3435e-02, PNorm = 107.7777, GNorm = 0.3136, lr_0 = 1.4671e-04
Loss = 2.7336e-02, PNorm = 107.7825, GNorm = 0.2609, lr_0 = 1.4656e-04
Loss = 4.9801e-02, PNorm = 107.7871, GNorm = 0.2064, lr_0 = 1.4641e-04
Loss = 2.6132e-02, PNorm = 107.7904, GNorm = 0.2499, lr_0 = 1.4626e-04
Loss = 4.9367e-02, PNorm = 107.7927, GNorm = 0.9065, lr_0 = 1.4611e-04
Loss = 5.5886e-02, PNorm = 107.7897, GNorm = 0.2532, lr_0 = 1.4596e-04
Loss = 2.8548e-02, PNorm = 107.7933, GNorm = 0.2226, lr_0 = 1.4581e-04
Loss = 3.7592e-02, PNorm = 107.7971, GNorm = 0.2732, lr_0 = 1.4566e-04
Loss = 4.2804e-02, PNorm = 107.8012, GNorm = 0.2375, lr_0 = 1.4551e-04
Loss = 7.2952e-02, PNorm = 107.8008, GNorm = 0.2535, lr_0 = 1.4536e-04
Loss = 3.9969e-02, PNorm = 107.8038, GNorm = 0.2941, lr_0 = 1.4521e-04
Loss = 7.2861e-02, PNorm = 107.8064, GNorm = 0.3871, lr_0 = 1.4506e-04
Loss = 5.7843e-02, PNorm = 107.8092, GNorm = 0.6714, lr_0 = 1.4492e-04
Loss = 5.5314e-02, PNorm = 107.8129, GNorm = 1.3455, lr_0 = 1.4477e-04
Loss = 4.6238e-02, PNorm = 107.8175, GNorm = 0.7120, lr_0 = 1.4462e-04
Loss = 5.9458e-02, PNorm = 107.8206, GNorm = 0.6861, lr_0 = 1.4447e-04
Loss = 7.1765e-02, PNorm = 107.8201, GNorm = 0.3361, lr_0 = 1.4432e-04
Loss = 4.0027e-02, PNorm = 107.8225, GNorm = 0.3403, lr_0 = 1.4417e-04
Loss = 2.9321e-02, PNorm = 107.8282, GNorm = 0.3062, lr_0 = 1.4402e-04
Loss = 7.0671e-02, PNorm = 107.8340, GNorm = 0.4296, lr_0 = 1.4388e-04
Loss = 8.4285e-02, PNorm = 107.8334, GNorm = 0.2821, lr_0 = 1.4373e-04
Loss = 3.8015e-02, PNorm = 107.8383, GNorm = 0.3739, lr_0 = 1.4358e-04
Loss = 2.4890e-02, PNorm = 107.8457, GNorm = 0.3036, lr_0 = 1.4343e-04
Loss = 5.0620e-02, PNorm = 107.8516, GNorm = 0.2492, lr_0 = 1.4329e-04
Loss = 3.3121e-02, PNorm = 107.8550, GNorm = 0.2472, lr_0 = 1.4314e-04
Loss = 4.3478e-02, PNorm = 107.8582, GNorm = 0.2392, lr_0 = 1.4299e-04
Loss = 6.7548e-02, PNorm = 107.8581, GNorm = 0.4445, lr_0 = 1.4285e-04
Loss = 2.0198e-02, PNorm = 107.8615, GNorm = 0.2419, lr_0 = 1.4270e-04
Loss = 2.6389e-02, PNorm = 107.8664, GNorm = 0.2220, lr_0 = 1.4255e-04
Loss = 4.4336e-02, PNorm = 107.8699, GNorm = 0.1913, lr_0 = 1.4241e-04
Loss = 6.5526e-02, PNorm = 107.8704, GNorm = 0.2434, lr_0 = 1.4226e-04
Loss = 7.9351e-02, PNorm = 107.8702, GNorm = 0.6268, lr_0 = 1.4211e-04
Loss = 6.2847e-02, PNorm = 107.8721, GNorm = 0.3860, lr_0 = 1.4197e-04
Loss = 7.6384e-02, PNorm = 107.8752, GNorm = 0.4096, lr_0 = 1.4182e-04
Loss = 3.3731e-02, PNorm = 107.8817, GNorm = 0.3894, lr_0 = 1.4168e-04
Loss = 4.9518e-02, PNorm = 107.8876, GNorm = 0.2529, lr_0 = 1.4153e-04
Loss = 4.7149e-02, PNorm = 107.8937, GNorm = 0.2467, lr_0 = 1.4138e-04
Loss = 4.9365e-02, PNorm = 107.8982, GNorm = 0.2599, lr_0 = 1.4124e-04
Loss = 6.9360e-02, PNorm = 107.9025, GNorm = 0.3009, lr_0 = 1.4109e-04
Loss = 5.6594e-02, PNorm = 107.9070, GNorm = 0.3440, lr_0 = 1.4095e-04
Loss = 5.2556e-02, PNorm = 107.9140, GNorm = 0.6000, lr_0 = 1.4080e-04
Loss = 2.5924e-02, PNorm = 107.9220, GNorm = 1.1686, lr_0 = 1.4066e-04
Loss = 5.3555e-02, PNorm = 107.9273, GNorm = 0.3977, lr_0 = 1.4052e-04
Loss = 1.7451e-02, PNorm = 107.9351, GNorm = 0.2212, lr_0 = 1.4037e-04
Loss = 4.2319e-02, PNorm = 107.9408, GNorm = 0.1806, lr_0 = 1.4023e-04
Loss = 6.8587e-02, PNorm = 107.9438, GNorm = 1.2033, lr_0 = 1.4008e-04
Loss = 5.7967e-02, PNorm = 107.9426, GNorm = 0.4211, lr_0 = 1.3994e-04
Loss = 3.8888e-02, PNorm = 107.9450, GNorm = 0.3163, lr_0 = 1.3979e-04
Loss = 4.2593e-02, PNorm = 107.9501, GNorm = 0.2857, lr_0 = 1.3965e-04
Loss = 8.1411e-02, PNorm = 107.9516, GNorm = 1.2503, lr_0 = 1.3951e-04
Loss = 4.2618e-02, PNorm = 107.9551, GNorm = 0.2737, lr_0 = 1.3936e-04
Loss = 3.1591e-02, PNorm = 107.9605, GNorm = 0.6292, lr_0 = 1.3922e-04
Loss = 4.8336e-02, PNorm = 107.9646, GNorm = 0.2259, lr_0 = 1.3908e-04
Loss = 4.4363e-02, PNorm = 107.9674, GNorm = 0.5139, lr_0 = 1.3894e-04
Validation auc = 0.511243
Epoch 26
Loss = 4.1856e-02, PNorm = 107.9693, GNorm = 0.2052, lr_0 = 1.3879e-04
Loss = 1.7033e-02, PNorm = 107.9711, GNorm = 0.2201, lr_0 = 1.3865e-04
Loss = 3.7239e-02, PNorm = 107.9727, GNorm = 0.1926, lr_0 = 1.3851e-04
Loss = 3.5075e-02, PNorm = 107.9749, GNorm = 0.5994, lr_0 = 1.3837e-04
Loss = 5.2874e-02, PNorm = 107.9771, GNorm = 0.1972, lr_0 = 1.3822e-04
Loss = 7.5385e-02, PNorm = 107.9778, GNorm = 1.3536, lr_0 = 1.3808e-04
Loss = 5.2864e-02, PNorm = 107.9779, GNorm = 0.5525, lr_0 = 1.3794e-04
Loss = 2.8806e-02, PNorm = 107.9804, GNorm = 0.3100, lr_0 = 1.3780e-04
Loss = 2.0513e-02, PNorm = 107.9868, GNorm = 0.2710, lr_0 = 1.3766e-04
Loss = 3.3943e-02, PNorm = 107.9914, GNorm = 0.2558, lr_0 = 1.3751e-04
Loss = 3.5950e-02, PNorm = 107.9947, GNorm = 0.1799, lr_0 = 1.3737e-04
Loss = 7.1422e-02, PNorm = 107.9944, GNorm = 1.2211, lr_0 = 1.3723e-04
Loss = 5.0315e-02, PNorm = 107.9935, GNorm = 0.2147, lr_0 = 1.3709e-04
Loss = 5.6628e-02, PNorm = 107.9934, GNorm = 0.2531, lr_0 = 1.3695e-04
Loss = 3.6466e-02, PNorm = 107.9956, GNorm = 0.3083, lr_0 = 1.3681e-04
Loss = 2.9041e-02, PNorm = 107.9999, GNorm = 0.2381, lr_0 = 1.3667e-04
Loss = 3.8971e-02, PNorm = 108.0055, GNorm = 0.7385, lr_0 = 1.3653e-04
Loss = 8.3567e-02, PNorm = 108.0060, GNorm = 0.2597, lr_0 = 1.3639e-04
Loss = 6.2265e-02, PNorm = 108.0056, GNorm = 0.3795, lr_0 = 1.3625e-04
Loss = 3.9911e-02, PNorm = 108.0086, GNorm = 0.4946, lr_0 = 1.3611e-04
Loss = 8.7572e-02, PNorm = 108.0087, GNorm = 0.3486, lr_0 = 1.3597e-04
Loss = 5.8903e-02, PNorm = 108.0108, GNorm = 0.3799, lr_0 = 1.3583e-04
Loss = 3.3256e-02, PNorm = 108.0166, GNorm = 0.5345, lr_0 = 1.3569e-04
Loss = 4.3471e-02, PNorm = 108.0226, GNorm = 0.3105, lr_0 = 1.3555e-04
Loss = 5.5897e-02, PNorm = 108.0267, GNorm = 0.2877, lr_0 = 1.3541e-04
Loss = 3.6885e-02, PNorm = 108.0312, GNorm = 0.7650, lr_0 = 1.3527e-04
Loss = 4.8279e-02, PNorm = 108.0358, GNorm = 0.4024, lr_0 = 1.3513e-04
Loss = 7.4726e-02, PNorm = 108.0341, GNorm = 0.7628, lr_0 = 1.3499e-04
Loss = 5.3684e-02, PNorm = 108.0349, GNorm = 1.4868, lr_0 = 1.3485e-04
Loss = 9.4648e-02, PNorm = 108.0331, GNorm = 0.2881, lr_0 = 1.3472e-04
Loss = 5.9690e-02, PNorm = 108.0349, GNorm = 0.3225, lr_0 = 1.3458e-04
Loss = 3.9338e-02, PNorm = 108.0403, GNorm = 0.3822, lr_0 = 1.3444e-04
Loss = 5.5728e-02, PNorm = 108.0478, GNorm = 0.3043, lr_0 = 1.3430e-04
Loss = 4.5119e-02, PNorm = 108.0533, GNorm = 0.2552, lr_0 = 1.3416e-04
Loss = 3.7152e-02, PNorm = 108.0589, GNorm = 0.2291, lr_0 = 1.3403e-04
Loss = 5.8880e-02, PNorm = 108.0631, GNorm = 0.6724, lr_0 = 1.3389e-04
Loss = 4.8254e-02, PNorm = 108.0648, GNorm = 0.2780, lr_0 = 1.3375e-04
Loss = 2.6334e-02, PNorm = 108.0692, GNorm = 0.2329, lr_0 = 1.3361e-04
Loss = 4.3978e-02, PNorm = 108.0746, GNorm = 0.2242, lr_0 = 1.3348e-04
Loss = 4.9092e-02, PNorm = 108.0771, GNorm = 0.2561, lr_0 = 1.3334e-04
Loss = 6.5960e-02, PNorm = 108.0770, GNorm = 0.2650, lr_0 = 1.3320e-04
Loss = 2.6194e-02, PNorm = 108.0813, GNorm = 0.2348, lr_0 = 1.3306e-04
Loss = 4.7490e-02, PNorm = 108.0862, GNorm = 0.4414, lr_0 = 1.3293e-04
Loss = 3.8973e-02, PNorm = 108.0902, GNorm = 0.2281, lr_0 = 1.3279e-04
Loss = 2.8635e-02, PNorm = 108.0946, GNorm = 0.2263, lr_0 = 1.3265e-04
Loss = 3.8055e-02, PNorm = 108.0997, GNorm = 0.2168, lr_0 = 1.3252e-04
Loss = 3.0808e-02, PNorm = 108.1045, GNorm = 0.1835, lr_0 = 1.3238e-04
Loss = 7.7096e-02, PNorm = 108.1060, GNorm = 0.2214, lr_0 = 1.3225e-04
Loss = 6.2512e-02, PNorm = 108.1062, GNorm = 0.2715, lr_0 = 1.3211e-04
Loss = 6.4213e-02, PNorm = 108.0960, GNorm = 0.3260, lr_0 = 1.3197e-04
Loss = 3.8983e-02, PNorm = 108.0951, GNorm = 0.3268, lr_0 = 1.3184e-04
Loss = 4.1355e-02, PNorm = 108.0977, GNorm = 0.7434, lr_0 = 1.3170e-04
Loss = 2.6796e-02, PNorm = 108.1017, GNorm = 0.1950, lr_0 = 1.3157e-04
Loss = 3.8420e-02, PNorm = 108.1055, GNorm = 0.1911, lr_0 = 1.3143e-04
Loss = 6.6867e-02, PNorm = 108.1071, GNorm = 0.7587, lr_0 = 1.3130e-04
Loss = 4.5687e-02, PNorm = 108.1090, GNorm = 0.4335, lr_0 = 1.3116e-04
Loss = 4.7131e-02, PNorm = 108.1108, GNorm = 0.6252, lr_0 = 1.3103e-04
Loss = 5.8620e-02, PNorm = 108.1131, GNorm = 1.9749, lr_0 = 1.3089e-04
Loss = 6.0134e-02, PNorm = 108.1119, GNorm = 0.2905, lr_0 = 1.3076e-04
Loss = 4.4797e-02, PNorm = 108.1139, GNorm = 0.3251, lr_0 = 1.3063e-04
Loss = 4.9565e-02, PNorm = 108.1175, GNorm = 0.3401, lr_0 = 1.3049e-04
Loss = 6.6526e-02, PNorm = 108.1199, GNorm = 0.3348, lr_0 = 1.3036e-04
Loss = 5.8122e-02, PNorm = 108.1230, GNorm = 0.5373, lr_0 = 1.3022e-04
Loss = 1.0029e-01, PNorm = 108.1239, GNorm = 0.5404, lr_0 = 1.3009e-04
Loss = 5.8016e-02, PNorm = 108.1256, GNorm = 0.4682, lr_0 = 1.2996e-04
Loss = 5.5853e-02, PNorm = 108.1307, GNorm = 0.3783, lr_0 = 1.2982e-04
Loss = 3.7331e-02, PNorm = 108.1353, GNorm = 0.3323, lr_0 = 1.2969e-04
Loss = 2.9269e-02, PNorm = 108.1414, GNorm = 0.2485, lr_0 = 1.2956e-04
Loss = 3.7113e-02, PNorm = 108.1458, GNorm = 0.2126, lr_0 = 1.2942e-04
Loss = 5.8041e-02, PNorm = 108.1485, GNorm = 0.2277, lr_0 = 1.2929e-04
Loss = 3.6091e-02, PNorm = 108.1516, GNorm = 0.2585, lr_0 = 1.2916e-04
Loss = 3.2158e-02, PNorm = 108.1540, GNorm = 0.2210, lr_0 = 1.2902e-04
Loss = 4.5139e-02, PNorm = 108.1563, GNorm = 0.5941, lr_0 = 1.2889e-04
Loss = 3.6500e-02, PNorm = 108.1587, GNorm = 0.2175, lr_0 = 1.2876e-04
Loss = 4.5293e-02, PNorm = 108.1600, GNorm = 0.1873, lr_0 = 1.2863e-04
Loss = 2.3393e-02, PNorm = 108.1629, GNorm = 0.2304, lr_0 = 1.2849e-04
Loss = 5.6888e-02, PNorm = 108.1647, GNorm = 0.2213, lr_0 = 1.2836e-04
Loss = 1.1144e-01, PNorm = 108.1623, GNorm = 0.2868, lr_0 = 1.2823e-04
Loss = 6.2996e-02, PNorm = 108.1638, GNorm = 0.4279, lr_0 = 1.2810e-04
Loss = 6.2957e-02, PNorm = 108.1671, GNorm = 0.5332, lr_0 = 1.2797e-04
Validation auc = 0.510244
Epoch 27
Loss = 4.4086e-02, PNorm = 108.1720, GNorm = 0.4364, lr_0 = 1.2784e-04
Loss = 7.1692e-02, PNorm = 108.1765, GNorm = 0.3136, lr_0 = 1.2770e-04
Loss = 4.3646e-02, PNorm = 108.1809, GNorm = 0.3878, lr_0 = 1.2757e-04
Loss = 1.9795e-02, PNorm = 108.1874, GNorm = 0.2867, lr_0 = 1.2744e-04
Loss = 2.7054e-02, PNorm = 108.1936, GNorm = 0.6151, lr_0 = 1.2731e-04
Loss = 7.9554e-02, PNorm = 108.1926, GNorm = 0.1753, lr_0 = 1.2718e-04
Loss = 3.6594e-02, PNorm = 108.1944, GNorm = 0.6700, lr_0 = 1.2705e-04
Loss = 6.1599e-02, PNorm = 108.1951, GNorm = 0.2474, lr_0 = 1.2692e-04
Loss = 4.6387e-02, PNorm = 108.1960, GNorm = 0.3071, lr_0 = 1.2679e-04
Loss = 7.4238e-02, PNorm = 108.1983, GNorm = 0.3354, lr_0 = 1.2666e-04
Loss = 4.0399e-02, PNorm = 108.2017, GNorm = 0.3448, lr_0 = 1.2653e-04
Loss = 2.8950e-02, PNorm = 108.2076, GNorm = 0.6835, lr_0 = 1.2640e-04
Loss = 4.9029e-02, PNorm = 108.2124, GNorm = 0.7035, lr_0 = 1.2627e-04
Loss = 4.7994e-02, PNorm = 108.2153, GNorm = 0.2715, lr_0 = 1.2614e-04
Loss = 3.5382e-02, PNorm = 108.2199, GNorm = 0.2418, lr_0 = 1.2601e-04
Loss = 4.2768e-02, PNorm = 108.2235, GNorm = 0.2088, lr_0 = 1.2588e-04
Loss = 4.9825e-02, PNorm = 108.2274, GNorm = 0.7867, lr_0 = 1.2575e-04
Loss = 1.0097e-01, PNorm = 108.2273, GNorm = 0.8137, lr_0 = 1.2562e-04
Loss = 4.3846e-02, PNorm = 108.2288, GNorm = 0.3665, lr_0 = 1.2549e-04
Loss = 4.7008e-02, PNorm = 108.2329, GNorm = 0.3363, lr_0 = 1.2536e-04
Loss = 6.4708e-02, PNorm = 108.2381, GNorm = 0.7920, lr_0 = 1.2523e-04
Loss = 4.3880e-02, PNorm = 108.2432, GNorm = 0.3141, lr_0 = 1.2511e-04
Loss = 5.4965e-02, PNorm = 108.2497, GNorm = 0.3091, lr_0 = 1.2498e-04
Loss = 3.9358e-02, PNorm = 108.2584, GNorm = 0.5359, lr_0 = 1.2485e-04
Loss = 7.1279e-02, PNorm = 108.2646, GNorm = 1.4154, lr_0 = 1.2472e-04
Loss = 3.9829e-02, PNorm = 108.2621, GNorm = 0.3103, lr_0 = 1.2459e-04
Loss = 5.7282e-02, PNorm = 108.2635, GNorm = 0.7768, lr_0 = 1.2446e-04
Loss = 3.9731e-02, PNorm = 108.2684, GNorm = 0.2654, lr_0 = 1.2434e-04
Loss = 4.8616e-02, PNorm = 108.2740, GNorm = 0.3111, lr_0 = 1.2421e-04
Loss = 5.2673e-02, PNorm = 108.2784, GNorm = 0.2577, lr_0 = 1.2408e-04
Loss = 2.7856e-02, PNorm = 108.2840, GNorm = 0.2572, lr_0 = 1.2395e-04
Loss = 3.4605e-02, PNorm = 108.2892, GNorm = 0.1971, lr_0 = 1.2383e-04
Loss = 6.5778e-02, PNorm = 108.2893, GNorm = 0.4777, lr_0 = 1.2370e-04
Loss = 7.6182e-03, PNorm = 108.2897, GNorm = 0.2496, lr_0 = 1.2357e-04
Loss = 4.5225e-02, PNorm = 108.2914, GNorm = 0.1727, lr_0 = 1.2344e-04
Loss = 3.0089e-02, PNorm = 108.2942, GNorm = 0.2356, lr_0 = 1.2332e-04
Loss = 4.7076e-02, PNorm = 108.2975, GNorm = 1.7450, lr_0 = 1.2319e-04
Loss = 2.9142e-02, PNorm = 108.2988, GNorm = 0.2373, lr_0 = 1.2306e-04
Loss = 5.0902e-02, PNorm = 108.2964, GNorm = 0.6578, lr_0 = 1.2294e-04
Loss = 4.7838e-02, PNorm = 108.2936, GNorm = 0.6142, lr_0 = 1.2281e-04
Loss = 6.2842e-02, PNorm = 108.2932, GNorm = 0.2659, lr_0 = 1.2269e-04
Loss = 7.9013e-02, PNorm = 108.2948, GNorm = 2.0152, lr_0 = 1.2256e-04
Loss = 2.1312e-02, PNorm = 108.2968, GNorm = 0.2933, lr_0 = 1.2243e-04
Loss = 3.7398e-02, PNorm = 108.3002, GNorm = 0.2494, lr_0 = 1.2231e-04
Loss = 1.7495e-02, PNorm = 108.3033, GNorm = 0.2218, lr_0 = 1.2218e-04
Loss = 5.2575e-02, PNorm = 108.3051, GNorm = 0.5137, lr_0 = 1.2206e-04
Loss = 3.8397e-02, PNorm = 108.3063, GNorm = 0.1954, lr_0 = 1.2193e-04
Loss = 6.0372e-02, PNorm = 108.3077, GNorm = 0.2381, lr_0 = 1.2181e-04
Loss = 2.5531e-02, PNorm = 108.3097, GNorm = 0.2587, lr_0 = 1.2168e-04
Loss = 6.7712e-02, PNorm = 108.3100, GNorm = 0.2645, lr_0 = 1.2156e-04
Loss = 6.1066e-02, PNorm = 108.3111, GNorm = 0.6008, lr_0 = 1.2143e-04
Loss = 5.0820e-02, PNorm = 108.3127, GNorm = 0.6587, lr_0 = 1.2131e-04
Loss = 2.9964e-02, PNorm = 108.3154, GNorm = 0.3008, lr_0 = 1.2118e-04
Loss = 1.7906e-02, PNorm = 108.3194, GNorm = 0.5796, lr_0 = 1.2106e-04
Loss = 3.5528e-02, PNorm = 108.3232, GNorm = 0.1695, lr_0 = 1.2093e-04
Loss = 5.7241e-02, PNorm = 108.3236, GNorm = 0.2258, lr_0 = 1.2081e-04
Loss = 4.2834e-02, PNorm = 108.3251, GNorm = 0.2416, lr_0 = 1.2068e-04
Loss = 5.9993e-02, PNorm = 108.3276, GNorm = 1.2081, lr_0 = 1.2056e-04
Loss = 1.0659e-01, PNorm = 108.3243, GNorm = 0.6194, lr_0 = 1.2044e-04
Loss = 8.6575e-02, PNorm = 108.3223, GNorm = 0.4818, lr_0 = 1.2031e-04
Loss = 6.0359e-02, PNorm = 108.3245, GNorm = 0.4270, lr_0 = 1.2019e-04
Loss = 5.2331e-02, PNorm = 108.3282, GNorm = 0.7745, lr_0 = 1.2007e-04
Loss = 2.9751e-02, PNorm = 108.3337, GNorm = 0.3075, lr_0 = 1.1994e-04
Loss = 3.5192e-02, PNorm = 108.3387, GNorm = 0.2670, lr_0 = 1.1982e-04
Loss = 3.9331e-02, PNorm = 108.3441, GNorm = 0.9460, lr_0 = 1.1970e-04
Loss = 1.0452e-01, PNorm = 108.3453, GNorm = 1.3068, lr_0 = 1.1957e-04
Loss = 6.3404e-02, PNorm = 108.3436, GNorm = 0.3314, lr_0 = 1.1945e-04
Loss = 6.3531e-02, PNorm = 108.3454, GNorm = 0.5236, lr_0 = 1.1933e-04
Loss = 3.0562e-02, PNorm = 108.3496, GNorm = 0.6672, lr_0 = 1.1921e-04
Loss = 2.0499e-02, PNorm = 108.3548, GNorm = 0.2583, lr_0 = 1.1908e-04
Loss = 4.8970e-02, PNorm = 108.3580, GNorm = 0.5917, lr_0 = 1.1896e-04
Loss = 2.7202e-02, PNorm = 108.3593, GNorm = 0.2115, lr_0 = 1.1884e-04
Loss = 6.9928e-02, PNorm = 108.3606, GNorm = 0.1918, lr_0 = 1.1872e-04
Loss = 4.1709e-02, PNorm = 108.3612, GNorm = 0.2060, lr_0 = 1.1859e-04
Loss = 3.4647e-02, PNorm = 108.3633, GNorm = 0.2608, lr_0 = 1.1847e-04
Loss = 7.1440e-02, PNorm = 108.3638, GNorm = 0.2892, lr_0 = 1.1835e-04
Loss = 3.5207e-02, PNorm = 108.3653, GNorm = 0.2887, lr_0 = 1.1823e-04
Loss = 3.5611e-02, PNorm = 108.3674, GNorm = 0.2379, lr_0 = 1.1811e-04
Loss = 5.7411e-02, PNorm = 108.3698, GNorm = 1.3085, lr_0 = 1.1799e-04
Loss = 6.5264e-02, PNorm = 108.3697, GNorm = 0.3708, lr_0 = 1.1786e-04
Validation auc = 0.513364
Epoch 28
Loss = 1.0377e-01, PNorm = 108.3687, GNorm = 0.5273, lr_0 = 1.1774e-04
Loss = 4.6677e-02, PNorm = 108.3696, GNorm = 0.3419, lr_0 = 1.1762e-04
Loss = 6.5049e-02, PNorm = 108.3718, GNorm = 0.3510, lr_0 = 1.1750e-04
Loss = 8.5622e-02, PNorm = 108.3747, GNorm = 1.7501, lr_0 = 1.1738e-04
Loss = 3.3912e-02, PNorm = 108.3768, GNorm = 0.3932, lr_0 = 1.1726e-04
Loss = 5.0959e-02, PNorm = 108.3814, GNorm = 0.3062, lr_0 = 1.1714e-04
Loss = 2.0563e-02, PNorm = 108.3867, GNorm = 0.3031, lr_0 = 1.1702e-04
Loss = 2.7406e-02, PNorm = 108.3923, GNorm = 0.2228, lr_0 = 1.1690e-04
Loss = 7.1535e-02, PNorm = 108.3951, GNorm = 1.6785, lr_0 = 1.1678e-04
Loss = 4.9155e-02, PNorm = 108.3945, GNorm = 0.5591, lr_0 = 1.1666e-04
Loss = 7.5433e-02, PNorm = 108.3922, GNorm = 0.3072, lr_0 = 1.1654e-04
Loss = 5.3300e-02, PNorm = 108.3927, GNorm = 1.1116, lr_0 = 1.1642e-04
Loss = 1.8450e-02, PNorm = 108.3962, GNorm = 0.2964, lr_0 = 1.1630e-04
Loss = 3.3322e-02, PNorm = 108.4006, GNorm = 0.2732, lr_0 = 1.1618e-04
Loss = 4.5860e-02, PNorm = 108.4032, GNorm = 0.2077, lr_0 = 1.1606e-04
Loss = 6.8173e-02, PNorm = 108.4041, GNorm = 0.6328, lr_0 = 1.1594e-04
Loss = 4.2796e-02, PNorm = 108.4057, GNorm = 0.2805, lr_0 = 1.1582e-04
Loss = 1.8226e-02, PNorm = 108.4090, GNorm = 0.2189, lr_0 = 1.1570e-04
Loss = 7.5848e-02, PNorm = 108.4107, GNorm = 0.2406, lr_0 = 1.1559e-04
Loss = 2.4982e-02, PNorm = 108.4118, GNorm = 0.2737, lr_0 = 1.1547e-04
Loss = 8.2077e-02, PNorm = 108.4136, GNorm = 0.4443, lr_0 = 1.1535e-04
Loss = 4.6722e-02, PNorm = 108.4164, GNorm = 0.3144, lr_0 = 1.1523e-04
Loss = 6.9249e-02, PNorm = 108.4180, GNorm = 0.5101, lr_0 = 1.1511e-04
Loss = 6.8233e-02, PNorm = 108.4187, GNorm = 0.3436, lr_0 = 1.1499e-04
Loss = 7.0365e-02, PNorm = 108.4201, GNorm = 0.7658, lr_0 = 1.1487e-04
Loss = 1.8775e-02, PNorm = 108.4246, GNorm = 0.2697, lr_0 = 1.1476e-04
Loss = 3.4471e-02, PNorm = 108.4308, GNorm = 0.4638, lr_0 = 1.1464e-04
Loss = 5.3000e-02, PNorm = 108.4346, GNorm = 0.2232, lr_0 = 1.1452e-04
Loss = 1.9101e-02, PNorm = 108.4393, GNorm = 0.2301, lr_0 = 1.1440e-04
Loss = 4.6153e-02, PNorm = 108.4443, GNorm = 0.1754, lr_0 = 1.1429e-04
Loss = 5.0626e-02, PNorm = 108.4478, GNorm = 0.3902, lr_0 = 1.1417e-04
Loss = 4.8590e-02, PNorm = 108.4500, GNorm = 1.2087, lr_0 = 1.1405e-04
Loss = 7.0810e-02, PNorm = 108.4497, GNorm = 0.4643, lr_0 = 1.1393e-04
Loss = 4.1013e-02, PNorm = 108.4508, GNorm = 0.2824, lr_0 = 1.1382e-04
Loss = 5.6744e-02, PNorm = 108.4542, GNorm = 0.2665, lr_0 = 1.1370e-04
Loss = 3.4712e-02, PNorm = 108.4582, GNorm = 0.2385, lr_0 = 1.1358e-04
Loss = 5.1860e-02, PNorm = 108.4629, GNorm = 0.2574, lr_0 = 1.1347e-04
Loss = 1.8109e-02, PNorm = 108.4677, GNorm = 0.1858, lr_0 = 1.1335e-04
Loss = 5.5696e-02, PNorm = 108.4703, GNorm = 0.2565, lr_0 = 1.1323e-04
Loss = 5.2439e-02, PNorm = 108.4733, GNorm = 0.8729, lr_0 = 1.1312e-04
Loss = 4.7335e-02, PNorm = 108.4746, GNorm = 0.4550, lr_0 = 1.1300e-04
Loss = 4.1498e-02, PNorm = 108.4770, GNorm = 0.2400, lr_0 = 1.1288e-04
Loss = 4.3064e-02, PNorm = 108.4801, GNorm = 0.5066, lr_0 = 1.1277e-04
Loss = 3.5957e-02, PNorm = 108.4838, GNorm = 0.2356, lr_0 = 1.1265e-04
Loss = 1.7700e-02, PNorm = 108.4884, GNorm = 0.2229, lr_0 = 1.1254e-04
Loss = 3.6797e-02, PNorm = 108.4929, GNorm = 0.6100, lr_0 = 1.1242e-04
Loss = 8.1038e-02, PNorm = 108.4932, GNorm = 0.5809, lr_0 = 1.1231e-04
Loss = 8.1853e-02, PNorm = 108.4891, GNorm = 0.2583, lr_0 = 1.1219e-04
Loss = 3.1677e-02, PNorm = 108.4903, GNorm = 0.2856, lr_0 = 1.1208e-04
Loss = 3.4044e-02, PNorm = 108.4948, GNorm = 0.2831, lr_0 = 1.1196e-04
Loss = 2.3287e-02, PNorm = 108.5007, GNorm = 0.6118, lr_0 = 1.1184e-04
Loss = 4.1899e-02, PNorm = 108.5040, GNorm = 0.2301, lr_0 = 1.1173e-04
Loss = 5.2170e-02, PNorm = 108.5063, GNorm = 0.8653, lr_0 = 1.1162e-04
Loss = 4.6523e-02, PNorm = 108.5072, GNorm = 0.5782, lr_0 = 1.1150e-04
Loss = 3.8308e-02, PNorm = 108.5087, GNorm = 0.2019, lr_0 = 1.1139e-04
Loss = 2.8493e-02, PNorm = 108.5107, GNorm = 0.1811, lr_0 = 1.1127e-04
Loss = 2.7229e-02, PNorm = 108.5142, GNorm = 0.9044, lr_0 = 1.1116e-04
Loss = 5.2891e-02, PNorm = 108.5137, GNorm = 0.1942, lr_0 = 1.1104e-04
Loss = 1.5598e-02, PNorm = 108.5169, GNorm = 0.1899, lr_0 = 1.1093e-04
Loss = 4.2486e-02, PNorm = 108.5207, GNorm = 0.3027, lr_0 = 1.1081e-04
Loss = 4.9967e-02, PNorm = 108.5233, GNorm = 0.1704, lr_0 = 1.1070e-04
Loss = 3.0370e-02, PNorm = 108.5276, GNorm = 0.1978, lr_0 = 1.1059e-04
Loss = 5.7638e-02, PNorm = 108.5303, GNorm = 1.1486, lr_0 = 1.1047e-04
Loss = 6.9095e-02, PNorm = 108.5288, GNorm = 0.3676, lr_0 = 1.1036e-04
Loss = 8.3591e-02, PNorm = 108.5267, GNorm = 0.9524, lr_0 = 1.1025e-04
Loss = 4.6677e-02, PNorm = 108.5285, GNorm = 0.3198, lr_0 = 1.1013e-04
Loss = 5.9276e-02, PNorm = 108.5313, GNorm = 0.3521, lr_0 = 1.1002e-04
Loss = 5.2911e-02, PNorm = 108.5340, GNorm = 0.3369, lr_0 = 1.0991e-04
Loss = 2.8177e-02, PNorm = 108.5379, GNorm = 0.2689, lr_0 = 1.0979e-04
Loss = 3.6312e-02, PNorm = 108.5418, GNorm = 0.2140, lr_0 = 1.0968e-04
Loss = 2.5524e-02, PNorm = 108.5458, GNorm = 0.2218, lr_0 = 1.0957e-04
Loss = 9.1305e-02, PNorm = 108.5466, GNorm = 0.2379, lr_0 = 1.0946e-04
Loss = 1.0197e-01, PNorm = 108.5446, GNorm = 0.3430, lr_0 = 1.0934e-04
Loss = 4.1232e-02, PNorm = 108.5455, GNorm = 0.9746, lr_0 = 1.0923e-04
Loss = 8.7426e-02, PNorm = 108.5453, GNorm = 0.3537, lr_0 = 1.0912e-04
Loss = 4.3384e-02, PNorm = 108.5486, GNorm = 0.3170, lr_0 = 1.0901e-04
Loss = 3.5482e-02, PNorm = 108.5534, GNorm = 0.3234, lr_0 = 1.0890e-04
Loss = 4.8420e-02, PNorm = 108.5577, GNorm = 0.7926, lr_0 = 1.0878e-04
Loss = 4.0750e-02, PNorm = 108.5621, GNorm = 1.0080, lr_0 = 1.0867e-04
Loss = 3.1635e-02, PNorm = 108.5650, GNorm = 0.2034, lr_0 = 1.0856e-04
Validation auc = 0.507849
Epoch 29
Loss = 2.8732e-02, PNorm = 108.5672, GNorm = 0.2326, lr_0 = 1.0845e-04
Loss = 2.0357e-02, PNorm = 108.5710, GNorm = 0.2020, lr_0 = 1.0834e-04
Loss = 4.6829e-02, PNorm = 108.5728, GNorm = 0.6469, lr_0 = 1.0823e-04
Loss = 8.7488e-02, PNorm = 108.5719, GNorm = 0.1968, lr_0 = 1.0811e-04
Loss = 8.2201e-02, PNorm = 108.5707, GNorm = 0.7548, lr_0 = 1.0800e-04
Loss = 8.5345e-02, PNorm = 108.5708, GNorm = 0.5206, lr_0 = 1.0789e-04
Loss = 5.0767e-02, PNorm = 108.5720, GNorm = 0.7910, lr_0 = 1.0778e-04
Loss = 4.3323e-02, PNorm = 108.5764, GNorm = 0.3635, lr_0 = 1.0767e-04
Loss = 4.9245e-02, PNorm = 108.5822, GNorm = 0.3314, lr_0 = 1.0756e-04
Loss = 3.5638e-02, PNorm = 108.5888, GNorm = 0.5092, lr_0 = 1.0745e-04
Loss = 7.5453e-02, PNorm = 108.5920, GNorm = 0.6148, lr_0 = 1.0734e-04
Loss = 5.0901e-02, PNorm = 108.5932, GNorm = 0.2522, lr_0 = 1.0723e-04
Loss = 4.1917e-02, PNorm = 108.5969, GNorm = 0.2603, lr_0 = 1.0712e-04
Loss = 2.7928e-02, PNorm = 108.6015, GNorm = 0.8176, lr_0 = 1.0701e-04
Loss = 4.1425e-02, PNorm = 108.6045, GNorm = 0.2029, lr_0 = 1.0690e-04
Loss = 2.6395e-02, PNorm = 108.6087, GNorm = 0.5305, lr_0 = 1.0679e-04
Loss = 5.2101e-02, PNorm = 108.6109, GNorm = 1.1381, lr_0 = 1.0668e-04
Loss = 6.8000e-02, PNorm = 108.6109, GNorm = 0.2461, lr_0 = 1.0657e-04
Loss = 7.9838e-03, PNorm = 108.6148, GNorm = 0.2088, lr_0 = 1.0646e-04
Loss = 4.6774e-02, PNorm = 108.6191, GNorm = 0.2117, lr_0 = 1.0635e-04
Loss = 5.8435e-02, PNorm = 108.6222, GNorm = 0.5833, lr_0 = 1.0624e-04
Loss = 3.6127e-02, PNorm = 108.6250, GNorm = 0.2881, lr_0 = 1.0613e-04
Loss = 4.1901e-02, PNorm = 108.6269, GNorm = 0.2249, lr_0 = 1.0602e-04
Loss = 3.2549e-02, PNorm = 108.6299, GNorm = 0.4474, lr_0 = 1.0591e-04
Loss = 8.7824e-02, PNorm = 108.6308, GNorm = 0.2723, lr_0 = 1.0581e-04
Loss = 3.8648e-02, PNorm = 108.6326, GNorm = 0.2486, lr_0 = 1.0570e-04
Loss = 4.7213e-02, PNorm = 108.6344, GNorm = 0.2996, lr_0 = 1.0559e-04
Loss = 6.6542e-02, PNorm = 108.6376, GNorm = 0.5511, lr_0 = 1.0548e-04
Loss = 3.8366e-02, PNorm = 108.6402, GNorm = 0.7819, lr_0 = 1.0537e-04
Loss = 5.8958e-02, PNorm = 108.6440, GNorm = 0.2775, lr_0 = 1.0526e-04
Loss = 2.6636e-02, PNorm = 108.6489, GNorm = 0.2982, lr_0 = 1.0516e-04
Loss = 4.2636e-02, PNorm = 108.6538, GNorm = 0.2450, lr_0 = 1.0505e-04
Loss = 8.4325e-02, PNorm = 108.6548, GNorm = 0.2637, lr_0 = 1.0494e-04
Loss = 7.3862e-02, PNorm = 108.6519, GNorm = 0.3300, lr_0 = 1.0483e-04
Loss = 1.9279e-02, PNorm = 108.6539, GNorm = 0.2997, lr_0 = 1.0472e-04
Loss = 2.6297e-02, PNorm = 108.6591, GNorm = 0.2765, lr_0 = 1.0462e-04
Loss = 3.3296e-02, PNorm = 108.6638, GNorm = 0.2092, lr_0 = 1.0451e-04
Loss = 6.8394e-02, PNorm = 108.6653, GNorm = 0.6794, lr_0 = 1.0440e-04
Loss = 3.4373e-02, PNorm = 108.6673, GNorm = 0.2401, lr_0 = 1.0429e-04
Loss = 3.0316e-02, PNorm = 108.6712, GNorm = 0.1729, lr_0 = 1.0419e-04
Loss = 3.8534e-02, PNorm = 108.6744, GNorm = 0.2140, lr_0 = 1.0408e-04
Loss = 4.6640e-02, PNorm = 108.6792, GNorm = 0.1976, lr_0 = 1.0397e-04
Loss = 4.2393e-02, PNorm = 108.6830, GNorm = 0.1870, lr_0 = 1.0387e-04
Loss = 4.2208e-02, PNorm = 108.6859, GNorm = 0.2449, lr_0 = 1.0376e-04
Loss = 5.8751e-02, PNorm = 108.6892, GNorm = 0.7955, lr_0 = 1.0365e-04
Loss = 4.9388e-02, PNorm = 108.6920, GNorm = 0.2543, lr_0 = 1.0355e-04
Loss = 2.9179e-02, PNorm = 108.6961, GNorm = 0.2381, lr_0 = 1.0344e-04
Loss = 8.3844e-02, PNorm = 108.6985, GNorm = 0.8662, lr_0 = 1.0333e-04
Loss = 3.5879e-02, PNorm = 108.7022, GNorm = 1.6971, lr_0 = 1.0323e-04
Loss = 2.7221e-02, PNorm = 108.7068, GNorm = 0.2686, lr_0 = 1.0312e-04
Loss = 5.7692e-02, PNorm = 108.7121, GNorm = 0.2594, lr_0 = 1.0302e-04
Loss = 7.5337e-02, PNorm = 108.7143, GNorm = 0.4878, lr_0 = 1.0291e-04
Loss = 6.1848e-02, PNorm = 108.7178, GNorm = 0.2960, lr_0 = 1.0280e-04
Loss = 7.0506e-02, PNorm = 108.7227, GNorm = 0.3050, lr_0 = 1.0270e-04
Loss = 2.6796e-02, PNorm = 108.7286, GNorm = 0.3346, lr_0 = 1.0259e-04
Loss = 6.6946e-02, PNorm = 108.7350, GNorm = 0.3236, lr_0 = 1.0249e-04
Loss = 3.4362e-02, PNorm = 108.7391, GNorm = 0.3918, lr_0 = 1.0238e-04
Loss = 3.5793e-02, PNorm = 108.7460, GNorm = 0.2548, lr_0 = 1.0228e-04
Loss = 9.2262e-02, PNorm = 108.7329, GNorm = 0.5983, lr_0 = 1.0217e-04
Loss = 6.0750e-02, PNorm = 108.7287, GNorm = 0.3271, lr_0 = 1.0207e-04
Loss = 5.7034e-02, PNorm = 108.7300, GNorm = 0.3577, lr_0 = 1.0196e-04
Loss = 7.0451e-02, PNorm = 108.7287, GNorm = 0.3582, lr_0 = 1.0186e-04
Loss = 7.9856e-02, PNorm = 108.7281, GNorm = 0.3291, lr_0 = 1.0175e-04
Loss = 3.0681e-02, PNorm = 108.7295, GNorm = 0.3975, lr_0 = 1.0165e-04
Loss = 5.7708e-02, PNorm = 108.7341, GNorm = 1.0313, lr_0 = 1.0154e-04
Loss = 2.6830e-02, PNorm = 108.7393, GNorm = 0.2722, lr_0 = 1.0144e-04
Loss = 4.3376e-02, PNorm = 108.7437, GNorm = 0.2641, lr_0 = 1.0133e-04
Loss = 6.8792e-02, PNorm = 108.7457, GNorm = 0.2631, lr_0 = 1.0123e-04
Loss = 5.5284e-02, PNorm = 108.7466, GNorm = 0.2876, lr_0 = 1.0113e-04
Loss = 3.8389e-02, PNorm = 108.7482, GNorm = 0.3012, lr_0 = 1.0102e-04
Loss = 7.7452e-02, PNorm = 108.7506, GNorm = 1.2088, lr_0 = 1.0092e-04
Loss = 3.7612e-02, PNorm = 108.7519, GNorm = 0.4232, lr_0 = 1.0082e-04
Loss = 5.5790e-02, PNorm = 108.7544, GNorm = 0.2923, lr_0 = 1.0071e-04
Loss = 5.1988e-02, PNorm = 108.7577, GNorm = 0.2730, lr_0 = 1.0061e-04
Loss = 5.4915e-02, PNorm = 108.7609, GNorm = 0.5980, lr_0 = 1.0050e-04
Loss = 1.7401e-02, PNorm = 108.7652, GNorm = 0.2962, lr_0 = 1.0040e-04
Loss = 8.0272e-02, PNorm = 108.7683, GNorm = 1.2509, lr_0 = 1.0030e-04
Loss = 2.1966e-02, PNorm = 108.7712, GNorm = 0.2406, lr_0 = 1.0020e-04
Loss = 1.8574e-02, PNorm = 108.7757, GNorm = 0.2487, lr_0 = 1.0009e-04
Loss = 1.6179e-02, PNorm = 108.7799, GNorm = 0.1844, lr_0 = 1.0000e-04
Validation auc = 0.497159
Model 0 best validation auc = 0.518022 on epoch 23
Loading pretrained parameter "encoder.encoder.0.cached_zero_vector".
Loading pretrained parameter "encoder.encoder.0.W_i.weight".
Loading pretrained parameter "encoder.encoder.0.W_h.weight".
Loading pretrained parameter "encoder.encoder.0.W_o.weight".
Loading pretrained parameter "encoder.encoder.0.W_o.bias".
Loading pretrained parameter "ffn.1.weight".
Loading pretrained parameter "ffn.1.bias".
Loading pretrained parameter "ffn.4.weight".
Loading pretrained parameter "ffn.4.bias".
Loading pretrained parameter "ffn.7.weight".
Loading pretrained parameter "ffn.7.bias".
Model 0 test auc = 0.568634
Ensemble test auc = 0.568634
1-fold cross validation
	Seed 7 ==> test auc = 0.568634
Overall test auc = 0.568634 +/- 0.000000
Elapsed time = 1 day, 5:47:38
