Command line
python /home/felixjwong/miniconda3/envs/chemprop/bin/chemprop_train --data_path ./hdpc.csv --dataset_type classification --config_path ./hyperparameters.json --save_dir ./hdpc/2 --ensemble_size 1 --seed 2 --features_generator rdkit_2d_normalized --no_features_scaling
Args
{'activation': 'ReLU',
 'aggregation': 'mean',
 'aggregation_norm': 100,
 'atom_descriptor_scaling': True,
 'atom_descriptors': None,
 'atom_descriptors_path': None,
 'atom_descriptors_size': 0,
 'atom_features_size': 0,
 'atom_messages': False,
 'batch_size': 50,
 'bias': False,
 'bond_feature_scaling': True,
 'bond_features_path': None,
 'bond_features_size': 0,
 'cache_cutoff': 10000,
 'checkpoint_dir': None,
 'checkpoint_path': None,
 'checkpoint_paths': None,
 'class_balance': False,
 'config_path': './hyperparameters.json',
 'crossval_index_dir': None,
 'crossval_index_file': None,
 'crossval_index_sets': None,
 'cuda': False,
 'data_path': './hdpc.csv',
 'dataset_type': 'classification',
 'depth': 5,
 'device': device(type='cpu'),
 'dropout': 0.35,
 'ensemble_size': 1,
 'epochs': 30,
 'extra_metrics': [],
 'features_generator': ['rdkit_2d_normalized'],
 'features_only': False,
 'features_path': None,
 'features_scaling': False,
 'features_size': None,
 'ffn_hidden_size': 1600,
 'ffn_num_layers': 3,
 'final_lr': 0.0001,
 'folds_file': None,
 'gpu': None,
 'grad_clip': None,
 'hidden_size': 1600,
 'ignore_columns': None,
 'init_lr': 0.0001,
 'log_frequency': 10,
 'max_data_size': None,
 'max_lr': 0.001,
 'metric': 'auc',
 'metrics': ['auc'],
 'minimize_score': False,
 'mpn_shared': False,
 'multiclass_num_classes': 3,
 'no_atom_descriptor_scaling': False,
 'no_bond_features_scaling': False,
 'no_cache_mol': False,
 'no_cuda': False,
 'no_features_scaling': True,
 'num_folds': 1,
 'num_lrs': 1,
 'num_tasks': 1,
 'num_workers': 8,
 'number_of_molecules': 1,
 'overwrite_default_atom_features': False,
 'overwrite_default_bond_features': False,
 'pytorch_seed': 0,
 'quiet': False,
 'save_dir': './hdpc/2',
 'save_preds': False,
 'save_smiles_splits': False,
 'seed': 2,
 'separate_test_atom_descriptors_path': None,
 'separate_test_bond_features_path': None,
 'separate_test_features_path': None,
 'separate_test_path': None,
 'separate_val_atom_descriptors_path': None,
 'separate_val_bond_features_path': None,
 'separate_val_features_path': None,
 'separate_val_path': None,
 'show_individual_scores': False,
 'smiles_columns': ['\ufeffSMILES'],
 'split_sizes': (0.8, 0.1, 0.1),
 'split_type': 'random',
 'target_columns': None,
 'task_names': ['HIT'],
 'test': False,
 'test_fold_index': None,
 'train_data_size': None,
 'undirected': False,
 'use_input_features': True,
 'val_fold_index': None,
 'warmup_epochs': 2.0}
Loading data
Number of tasks = 1
Fold 0
Splitting data with seed 2
Class sizes
HIT 0: 99.12%, 1: 0.88%
Total size = 50,000 | train size = 40,000 | val size = 5,000 | test size = 5,000
Building model 0
MoleculeModel(
  (sigmoid): Sigmoid()
  (encoder): MPN(
    (encoder): ModuleList(
      (0): MPNEncoder(
        (dropout_layer): Dropout(p=0.35, inplace=False)
        (act_func): ReLU()
        (W_i): Linear(in_features=147, out_features=1600, bias=False)
        (W_h): Linear(in_features=1600, out_features=1600, bias=False)
        (W_o): Linear(in_features=1733, out_features=1600, bias=True)
      )
    )
  )
  (ffn): Sequential(
    (0): Dropout(p=0.35, inplace=False)
    (1): Linear(in_features=1800, out_features=1600, bias=True)
    (2): ReLU()
    (3): Dropout(p=0.35, inplace=False)
    (4): Linear(in_features=1600, out_features=1600, bias=True)
    (5): ReLU()
    (6): Dropout(p=0.35, inplace=False)
    (7): Linear(in_features=1600, out_features=1, bias=True)
  )
)
Number of parameters = 11,014,401
Epoch 0
Loss = 1.5287e-01, PNorm = 82.6428, GNorm = 0.0011, lr_0 = 1.0619e-04
Loss = 1.2887e-01, PNorm = 82.6466, GNorm = 0.0399, lr_0 = 1.1181e-04
Loss = 4.7678e-02, PNorm = 82.6498, GNorm = 0.2591, lr_0 = 1.1744e-04
Loss = 3.4963e-02, PNorm = 82.6591, GNorm = 0.5527, lr_0 = 1.2306e-04
Loss = 8.2745e-02, PNorm = 82.6640, GNorm = 0.4970, lr_0 = 1.2869e-04
Loss = 4.1959e-02, PNorm = 82.6677, GNorm = 0.1632, lr_0 = 1.3431e-04
Loss = 3.9359e-02, PNorm = 82.6776, GNorm = 0.0520, lr_0 = 1.3994e-04
Loss = 3.1523e-02, PNorm = 82.6847, GNorm = 0.0312, lr_0 = 1.4556e-04
Loss = 5.9982e-02, PNorm = 82.6872, GNorm = 0.0728, lr_0 = 1.5119e-04
Loss = 7.8665e-02, PNorm = 82.6915, GNorm = 0.3759, lr_0 = 1.5681e-04
Loss = 7.8903e-02, PNorm = 82.7042, GNorm = 0.1481, lr_0 = 1.6244e-04
Loss = 5.1554e-02, PNorm = 82.7198, GNorm = 0.9797, lr_0 = 1.6806e-04
Loss = 3.9851e-02, PNorm = 82.7287, GNorm = 0.5429, lr_0 = 1.7369e-04
Loss = 8.8702e-02, PNorm = 82.7334, GNorm = 0.2985, lr_0 = 1.7931e-04
Loss = 6.8615e-02, PNorm = 82.7511, GNorm = 0.0669, lr_0 = 1.8494e-04
Loss = 5.9966e-02, PNorm = 82.7603, GNorm = 0.1351, lr_0 = 1.9056e-04
Loss = 4.9647e-02, PNorm = 82.7747, GNorm = 0.4356, lr_0 = 1.9619e-04
Loss = 2.9697e-02, PNorm = 82.7894, GNorm = 0.0712, lr_0 = 2.0181e-04
Loss = 7.0512e-02, PNorm = 82.7979, GNorm = 0.0860, lr_0 = 2.0744e-04
Loss = 5.5636e-02, PNorm = 82.8094, GNorm = 0.1749, lr_0 = 2.1306e-04
Loss = 5.2718e-02, PNorm = 82.8283, GNorm = 0.8709, lr_0 = 2.1869e-04
Loss = 5.4115e-02, PNorm = 82.8362, GNorm = 0.4910, lr_0 = 2.2431e-04
Loss = 2.0211e-02, PNorm = 82.8512, GNorm = 0.0776, lr_0 = 2.2994e-04
Loss = 5.0461e-02, PNorm = 82.8619, GNorm = 0.4179, lr_0 = 2.3556e-04
Loss = 1.6402e-02, PNorm = 82.8730, GNorm = 0.5268, lr_0 = 2.4119e-04
Loss = 7.2025e-02, PNorm = 82.8731, GNorm = 0.2582, lr_0 = 2.4681e-04
Loss = 5.1957e-02, PNorm = 82.8880, GNorm = 0.1253, lr_0 = 2.5244e-04
Loss = 6.6176e-02, PNorm = 82.9010, GNorm = 0.3768, lr_0 = 2.5806e-04
Loss = 2.4725e-02, PNorm = 82.9181, GNorm = 0.0565, lr_0 = 2.6369e-04
Loss = 4.1599e-02, PNorm = 82.9344, GNorm = 0.6302, lr_0 = 2.6931e-04
Loss = 6.5084e-02, PNorm = 82.9361, GNorm = 0.3322, lr_0 = 2.7494e-04
Loss = 3.8437e-02, PNorm = 82.9580, GNorm = 0.0772, lr_0 = 2.8056e-04
Loss = 3.8816e-02, PNorm = 82.9741, GNorm = 0.0576, lr_0 = 2.8619e-04
Loss = 5.0956e-02, PNorm = 82.9817, GNorm = 0.0986, lr_0 = 2.9181e-04
Loss = 6.3367e-02, PNorm = 82.9966, GNorm = 0.1460, lr_0 = 2.9744e-04
Loss = 4.7134e-02, PNorm = 83.0193, GNorm = 0.5486, lr_0 = 3.0306e-04
Loss = 2.8825e-02, PNorm = 83.0268, GNorm = 0.0797, lr_0 = 3.0869e-04
Loss = 6.3907e-02, PNorm = 83.0388, GNorm = 0.1062, lr_0 = 3.1431e-04
Loss = 5.0782e-02, PNorm = 83.0553, GNorm = 0.1319, lr_0 = 3.1994e-04
Loss = 2.6866e-02, PNorm = 83.0795, GNorm = 0.0493, lr_0 = 3.2556e-04
Loss = 5.8081e-02, PNorm = 83.0911, GNorm = 0.5053, lr_0 = 3.3119e-04
Loss = 4.2645e-02, PNorm = 83.1033, GNorm = 0.1297, lr_0 = 3.3681e-04
Loss = 8.9936e-02, PNorm = 83.1178, GNorm = 0.3099, lr_0 = 3.4244e-04
Loss = 8.0511e-02, PNorm = 83.1426, GNorm = 0.3149, lr_0 = 3.4806e-04
Loss = 7.6758e-02, PNorm = 83.1613, GNorm = 0.2999, lr_0 = 3.5369e-04
Loss = 4.1266e-02, PNorm = 83.1832, GNorm = 0.0734, lr_0 = 3.5931e-04
Loss = 5.3024e-02, PNorm = 83.1962, GNorm = 0.0850, lr_0 = 3.6494e-04
Loss = 5.5865e-02, PNorm = 83.2088, GNorm = 0.1593, lr_0 = 3.7056e-04
Loss = 4.8286e-02, PNorm = 83.2258, GNorm = 0.6563, lr_0 = 3.7619e-04
Loss = 5.7899e-02, PNorm = 83.2373, GNorm = 0.6841, lr_0 = 3.8181e-04
Loss = 2.8355e-02, PNorm = 83.2590, GNorm = 0.0620, lr_0 = 3.8744e-04
Loss = 7.3758e-02, PNorm = 83.2694, GNorm = 0.6002, lr_0 = 3.9306e-04
Loss = 4.5141e-02, PNorm = 83.2871, GNorm = 0.1758, lr_0 = 3.9869e-04
Loss = 1.8415e-02, PNorm = 83.3122, GNorm = 0.0242, lr_0 = 4.0431e-04
Loss = 7.6970e-02, PNorm = 83.3122, GNorm = 0.3364, lr_0 = 4.0994e-04
Loss = 4.5782e-02, PNorm = 83.3348, GNorm = 0.1092, lr_0 = 4.1556e-04
Loss = 9.1872e-02, PNorm = 83.3450, GNorm = 0.3677, lr_0 = 4.2119e-04
Loss = 3.3243e-02, PNorm = 83.3671, GNorm = 0.0825, lr_0 = 4.2681e-04
Loss = 4.2142e-02, PNorm = 83.3830, GNorm = 0.0344, lr_0 = 4.3244e-04
Loss = 3.8231e-02, PNorm = 83.3881, GNorm = 0.2558, lr_0 = 4.3806e-04
Loss = 6.4847e-02, PNorm = 83.3949, GNorm = 0.4636, lr_0 = 4.4369e-04
Loss = 2.1089e-02, PNorm = 83.4130, GNorm = 0.0579, lr_0 = 4.4931e-04
Loss = 4.4971e-02, PNorm = 83.4236, GNorm = 0.0384, lr_0 = 4.5494e-04
Loss = 3.7106e-02, PNorm = 83.4286, GNorm = 0.1349, lr_0 = 4.6056e-04
Loss = 3.6893e-02, PNorm = 83.4441, GNorm = 0.0692, lr_0 = 4.6619e-04
Loss = 7.7757e-02, PNorm = 83.4518, GNorm = 0.3155, lr_0 = 4.7181e-04
Loss = 7.3710e-02, PNorm = 83.4687, GNorm = 0.1912, lr_0 = 4.7744e-04
Loss = 3.0263e-02, PNorm = 83.5035, GNorm = 0.0439, lr_0 = 4.8306e-04
Loss = 5.3953e-02, PNorm = 83.5141, GNorm = 0.0991, lr_0 = 4.8869e-04
Loss = 5.4474e-02, PNorm = 83.5294, GNorm = 0.1383, lr_0 = 4.9431e-04
Loss = 6.2751e-02, PNorm = 83.5501, GNorm = 0.8015, lr_0 = 4.9994e-04
Loss = 5.8009e-02, PNorm = 83.5647, GNorm = 0.3005, lr_0 = 5.0556e-04
Loss = 3.8807e-02, PNorm = 83.5918, GNorm = 0.0978, lr_0 = 5.1119e-04
Loss = 5.1064e-02, PNorm = 83.6089, GNorm = 0.1333, lr_0 = 5.1681e-04
Loss = 6.2506e-02, PNorm = 83.6298, GNorm = 0.1677, lr_0 = 5.2244e-04
Loss = 6.4620e-02, PNorm = 83.6518, GNorm = 0.1019, lr_0 = 5.2806e-04
Loss = 9.6486e-02, PNorm = 83.6660, GNorm = 0.2450, lr_0 = 5.3369e-04
Loss = 8.0443e-02, PNorm = 83.7085, GNorm = 0.3720, lr_0 = 5.3931e-04
Loss = 5.7850e-02, PNorm = 83.7433, GNorm = 0.5263, lr_0 = 5.4494e-04
Loss = 7.0190e-02, PNorm = 83.7697, GNorm = 0.2745, lr_0 = 5.5056e-04
Validation auc = 0.533131
Epoch 1
Loss = 6.5672e-02, PNorm = 83.8009, GNorm = 0.4154, lr_0 = 5.5619e-04
Loss = 3.8556e-02, PNorm = 83.8229, GNorm = 0.1591, lr_0 = 5.6181e-04
Loss = 3.2341e-02, PNorm = 83.8525, GNorm = 0.0219, lr_0 = 5.6744e-04
Loss = 1.2198e-01, PNorm = 83.8518, GNorm = 0.5021, lr_0 = 5.7306e-04
Loss = 5.7037e-02, PNorm = 83.9019, GNorm = 0.4700, lr_0 = 5.7869e-04
Loss = 6.7673e-02, PNorm = 83.9124, GNorm = 0.1176, lr_0 = 5.8431e-04
Loss = 6.6339e-02, PNorm = 83.9298, GNorm = 0.2486, lr_0 = 5.8994e-04
Loss = 8.2562e-02, PNorm = 83.9556, GNorm = 0.5949, lr_0 = 5.9556e-04
Loss = 8.3585e-02, PNorm = 83.9678, GNorm = 0.3819, lr_0 = 6.0119e-04
Loss = 3.1545e-02, PNorm = 84.0148, GNorm = 0.0342, lr_0 = 6.0681e-04
Loss = 8.7293e-02, PNorm = 84.0198, GNorm = 0.1393, lr_0 = 6.1244e-04
Loss = 7.6892e-02, PNorm = 84.0341, GNorm = 0.2559, lr_0 = 6.1806e-04
Loss = 7.1808e-02, PNorm = 84.0629, GNorm = 0.1408, lr_0 = 6.2369e-04
Loss = 4.6822e-02, PNorm = 84.0873, GNorm = 0.0526, lr_0 = 6.2931e-04
Loss = 5.1606e-02, PNorm = 84.0951, GNorm = 0.1173, lr_0 = 6.3494e-04
Loss = 6.0482e-02, PNorm = 84.1097, GNorm = 0.1181, lr_0 = 6.4056e-04
Loss = 6.0608e-02, PNorm = 84.1194, GNorm = 0.1881, lr_0 = 6.4619e-04
Loss = 6.8916e-02, PNorm = 84.1356, GNorm = 0.2241, lr_0 = 6.5181e-04
Loss = 1.5938e-02, PNorm = 84.1680, GNorm = 0.0475, lr_0 = 6.5744e-04
Loss = 5.8644e-02, PNorm = 84.1728, GNorm = 0.0773, lr_0 = 6.6306e-04
Loss = 5.1592e-02, PNorm = 84.1882, GNorm = 0.1985, lr_0 = 6.6869e-04
Loss = 4.2650e-02, PNorm = 84.2251, GNorm = 0.0541, lr_0 = 6.7431e-04
Loss = 2.0171e-02, PNorm = 84.2498, GNorm = 0.0487, lr_0 = 6.7994e-04
Loss = 7.0941e-02, PNorm = 84.2503, GNorm = 0.2340, lr_0 = 6.8556e-04
Loss = 4.9779e-02, PNorm = 84.2857, GNorm = 0.1470, lr_0 = 6.9119e-04
Loss = 6.4567e-02, PNorm = 84.3169, GNorm = 0.4269, lr_0 = 6.9681e-04
Loss = 4.9277e-02, PNorm = 84.3508, GNorm = 0.4135, lr_0 = 7.0244e-04
Loss = 5.1416e-02, PNorm = 84.3875, GNorm = 0.1600, lr_0 = 7.0806e-04
Loss = 6.1921e-02, PNorm = 84.4373, GNorm = 0.1881, lr_0 = 7.1369e-04
Loss = 3.4874e-03, PNorm = 84.5246, GNorm = 0.0031, lr_0 = 7.1931e-04
Loss = 1.3691e-01, PNorm = 84.6989, GNorm = 0.0254, lr_0 = 7.2494e-04
Loss = 7.5022e-02, PNorm = 85.1109, GNorm = 0.5351, lr_0 = 7.3056e-04
Loss = 6.7199e-02, PNorm = 85.3660, GNorm = 0.5030, lr_0 = 7.3619e-04
Loss = 9.2407e-02, PNorm = 85.4786, GNorm = 0.3073, lr_0 = 7.4181e-04
Loss = 2.7673e-02, PNorm = 85.5775, GNorm = 0.0427, lr_0 = 7.4744e-04
Loss = 7.8860e-02, PNorm = 85.6255, GNorm = 0.9317, lr_0 = 7.5306e-04
Loss = 7.4766e-02, PNorm = 85.6574, GNorm = 0.3522, lr_0 = 7.5869e-04
Loss = 8.6290e-02, PNorm = 85.7167, GNorm = 1.3733, lr_0 = 7.6431e-04
Loss = 6.0925e-02, PNorm = 85.7407, GNorm = 0.1940, lr_0 = 7.6994e-04
Loss = 1.6840e-02, PNorm = 85.7795, GNorm = 0.0677, lr_0 = 7.7556e-04
Loss = 4.7682e-02, PNorm = 85.7919, GNorm = 0.7227, lr_0 = 7.8119e-04
Loss = 2.6560e-02, PNorm = 85.7980, GNorm = 0.1477, lr_0 = 7.8681e-04
Loss = 7.8056e-02, PNorm = 85.8056, GNorm = 0.3425, lr_0 = 7.9244e-04
Loss = 3.4015e-02, PNorm = 85.8427, GNorm = 0.5088, lr_0 = 7.9806e-04
Loss = 4.4313e-02, PNorm = 85.8665, GNorm = 0.0720, lr_0 = 8.0369e-04
Loss = 5.5507e-02, PNorm = 85.8775, GNorm = 0.2000, lr_0 = 8.0931e-04
Loss = 5.5259e-02, PNorm = 85.9051, GNorm = 0.2657, lr_0 = 8.1494e-04
Loss = 7.3420e-02, PNorm = 85.9311, GNorm = 0.2599, lr_0 = 8.2056e-04
Loss = 3.3040e-02, PNorm = 85.9637, GNorm = 0.0614, lr_0 = 8.2619e-04
Loss = 3.3897e-02, PNorm = 85.9738, GNorm = 0.0682, lr_0 = 8.3181e-04
Loss = 6.1917e-02, PNorm = 85.9763, GNorm = 0.2371, lr_0 = 8.3744e-04
Loss = 4.1981e-02, PNorm = 86.0033, GNorm = 0.1748, lr_0 = 8.4306e-04
Loss = 5.7607e-02, PNorm = 86.0167, GNorm = 0.1129, lr_0 = 8.4869e-04
Loss = 1.6925e-02, PNorm = 86.0377, GNorm = 0.1119, lr_0 = 8.5431e-04
Loss = 4.5589e-02, PNorm = 86.0502, GNorm = 0.1526, lr_0 = 8.5994e-04
Loss = 3.6287e-02, PNorm = 86.0675, GNorm = 0.1618, lr_0 = 8.6556e-04
Loss = 8.1769e-02, PNorm = 86.0739, GNorm = 0.9465, lr_0 = 8.7119e-04
Loss = 5.7769e-02, PNorm = 86.1037, GNorm = 0.2484, lr_0 = 8.7681e-04
Loss = 5.0862e-02, PNorm = 86.1387, GNorm = 0.1786, lr_0 = 8.8244e-04
Loss = 3.8978e-02, PNorm = 86.1689, GNorm = 0.1604, lr_0 = 8.8806e-04
Loss = 1.0275e-01, PNorm = 86.1811, GNorm = 0.5157, lr_0 = 8.9369e-04
Loss = 7.5966e-02, PNorm = 86.2389, GNorm = 0.9307, lr_0 = 8.9931e-04
Loss = 1.9497e-02, PNorm = 86.2880, GNorm = 0.0796, lr_0 = 9.0494e-04
Loss = 7.4020e-02, PNorm = 86.2914, GNorm = 0.3499, lr_0 = 9.1056e-04
Loss = 2.9765e-02, PNorm = 86.3366, GNorm = 0.4976, lr_0 = 9.1619e-04
Loss = 4.3202e-02, PNorm = 86.3478, GNorm = 0.6088, lr_0 = 9.2181e-04
Loss = 4.5063e-02, PNorm = 86.3574, GNorm = 0.5980, lr_0 = 9.2744e-04
Loss = 7.0327e-02, PNorm = 86.3754, GNorm = 0.3154, lr_0 = 9.3306e-04
Loss = 6.9823e-02, PNorm = 86.3937, GNorm = 0.4150, lr_0 = 9.3869e-04
Loss = 4.9197e-02, PNorm = 86.4190, GNorm = 0.9804, lr_0 = 9.4431e-04
Loss = 7.0047e-02, PNorm = 86.4398, GNorm = 0.4232, lr_0 = 9.4994e-04
Loss = 4.2506e-02, PNorm = 86.4860, GNorm = 0.0450, lr_0 = 9.5556e-04
Loss = 3.0821e-02, PNorm = 86.4998, GNorm = 0.8301, lr_0 = 9.6119e-04
Loss = 5.8971e-02, PNorm = 86.5020, GNorm = 0.4557, lr_0 = 9.6681e-04
Loss = 3.1192e-02, PNorm = 86.5485, GNorm = 0.6372, lr_0 = 9.7244e-04
Loss = 3.1281e-02, PNorm = 86.5588, GNorm = 0.0761, lr_0 = 9.7806e-04
Loss = 2.6597e-02, PNorm = 86.5731, GNorm = 0.0994, lr_0 = 9.8369e-04
Loss = 9.9888e-02, PNorm = 86.5677, GNorm = 0.4842, lr_0 = 9.8931e-04
Loss = 6.4712e-02, PNorm = 86.6165, GNorm = 0.2055, lr_0 = 9.9494e-04
Loss = 1.1145e-01, PNorm = 86.6447, GNorm = 0.8510, lr_0 = 9.9990e-04
Validation auc = 0.548394
Epoch 2
Loss = 3.0897e-02, PNorm = 86.6462, GNorm = 0.3502, lr_0 = 9.9887e-04
Loss = 3.3711e-02, PNorm = 86.6877, GNorm = 0.0343, lr_0 = 9.9784e-04
Loss = 7.6699e-02, PNorm = 86.6977, GNorm = 0.4066, lr_0 = 9.9682e-04
Loss = 7.9186e-02, PNorm = 86.7471, GNorm = 0.4008, lr_0 = 9.9579e-04
Loss = 1.7041e-02, PNorm = 86.8161, GNorm = 0.0526, lr_0 = 9.9477e-04
Loss = 3.1043e-02, PNorm = 86.8506, GNorm = 0.0258, lr_0 = 9.9375e-04
Loss = 7.7487e-02, PNorm = 86.8565, GNorm = 0.3921, lr_0 = 9.9273e-04
Loss = 6.9167e-02, PNorm = 86.9081, GNorm = 0.3814, lr_0 = 9.9171e-04
Loss = 6.7617e-02, PNorm = 86.9738, GNorm = 0.1458, lr_0 = 9.9069e-04
Loss = 7.4096e-02, PNorm = 87.0267, GNorm = 0.5888, lr_0 = 9.8967e-04
Loss = 9.2389e-02, PNorm = 87.0886, GNorm = 0.6616, lr_0 = 9.8865e-04
Loss = 1.6171e-01, PNorm = 87.3038, GNorm = 0.2834, lr_0 = 9.8764e-04
Loss = 4.0565e-02, PNorm = 87.6698, GNorm = 0.2099, lr_0 = 9.8662e-04
Loss = 9.1813e-02, PNorm = 87.8419, GNorm = 0.4229, lr_0 = 9.8561e-04
Loss = 3.9770e-02, PNorm = 87.9414, GNorm = 0.5444, lr_0 = 9.8460e-04
Loss = 8.9217e-02, PNorm = 87.9711, GNorm = 0.4670, lr_0 = 9.8359e-04
Loss = 6.0091e-02, PNorm = 87.9998, GNorm = 0.3604, lr_0 = 9.8258e-04
Loss = 6.1293e-02, PNorm = 88.0249, GNorm = 0.1975, lr_0 = 9.8157e-04
Loss = 7.3777e-02, PNorm = 88.0326, GNorm = 0.3660, lr_0 = 9.8056e-04
Loss = 6.4708e-02, PNorm = 88.0509, GNorm = 1.0789, lr_0 = 9.7955e-04
Loss = 6.8334e-02, PNorm = 88.0625, GNorm = 0.4298, lr_0 = 9.7854e-04
Loss = 6.3288e-02, PNorm = 88.0845, GNorm = 0.8511, lr_0 = 9.7754e-04
Loss = 4.2686e-02, PNorm = 88.0998, GNorm = 0.3113, lr_0 = 9.7653e-04
Loss = 5.9081e-02, PNorm = 88.1229, GNorm = 1.5334, lr_0 = 9.7553e-04
Loss = 6.4901e-02, PNorm = 88.1193, GNorm = 0.4997, lr_0 = 9.7453e-04
Loss = 7.3659e-02, PNorm = 88.1475, GNorm = 0.5370, lr_0 = 9.7353e-04
Loss = 5.1504e-02, PNorm = 88.1791, GNorm = 0.1541, lr_0 = 9.7253e-04
Loss = 5.0002e-02, PNorm = 88.1906, GNorm = 1.3131, lr_0 = 9.7153e-04
Loss = 3.8072e-02, PNorm = 88.1971, GNorm = 0.5668, lr_0 = 9.7053e-04
Loss = 2.3519e-02, PNorm = 88.2182, GNorm = 0.1405, lr_0 = 9.6953e-04
Loss = 1.5855e-02, PNorm = 88.2393, GNorm = 0.0576, lr_0 = 9.6854e-04
Loss = 5.3864e-02, PNorm = 88.2393, GNorm = 0.1009, lr_0 = 9.6754e-04
Loss = 7.5579e-02, PNorm = 88.2379, GNorm = 0.5787, lr_0 = 9.6655e-04
Loss = 6.0883e-02, PNorm = 88.2807, GNorm = 0.8997, lr_0 = 9.6555e-04
Loss = 4.0095e-02, PNorm = 88.3138, GNorm = 0.1611, lr_0 = 9.6456e-04
Loss = 7.0277e-02, PNorm = 88.3378, GNorm = 0.4117, lr_0 = 9.6357e-04
Loss = 4.7210e-02, PNorm = 88.3767, GNorm = 0.5312, lr_0 = 9.6258e-04
Loss = 4.5246e-02, PNorm = 88.4043, GNorm = 0.4964, lr_0 = 9.6159e-04
Loss = 2.2108e-02, PNorm = 88.4267, GNorm = 0.1468, lr_0 = 9.6060e-04
Loss = 1.1787e-01, PNorm = 88.5859, GNorm = 0.6851, lr_0 = 9.5962e-04
Loss = 3.6925e-02, PNorm = 88.8827, GNorm = 0.1249, lr_0 = 9.5863e-04
Loss = 5.0245e-02, PNorm = 89.0138, GNorm = 0.0900, lr_0 = 9.5765e-04
Loss = 3.4298e-02, PNorm = 89.0655, GNorm = 0.2988, lr_0 = 9.5666e-04
Loss = 5.2279e-02, PNorm = 89.0998, GNorm = 0.7232, lr_0 = 9.5568e-04
Loss = 4.4719e-02, PNorm = 89.1084, GNorm = 0.2563, lr_0 = 9.5470e-04
Loss = 3.0149e-02, PNorm = 89.1299, GNorm = 0.1426, lr_0 = 9.5372e-04
Loss = 4.4272e-02, PNorm = 89.1408, GNorm = 0.1397, lr_0 = 9.5274e-04
Loss = 2.5114e-02, PNorm = 89.1532, GNorm = 0.0733, lr_0 = 9.5176e-04
Loss = 7.1668e-02, PNorm = 89.1514, GNorm = 0.3672, lr_0 = 9.5078e-04
Loss = 4.0264e-02, PNorm = 89.1706, GNorm = 0.1917, lr_0 = 9.4980e-04
Loss = 2.8933e-02, PNorm = 89.1869, GNorm = 0.1668, lr_0 = 9.4883e-04
Loss = 6.8942e-02, PNorm = 89.1898, GNorm = 0.2660, lr_0 = 9.4785e-04
Loss = 3.1299e-02, PNorm = 89.2027, GNorm = 0.1874, lr_0 = 9.4688e-04
Loss = 2.6728e-02, PNorm = 89.2186, GNorm = 0.0628, lr_0 = 9.4591e-04
Loss = 6.5434e-02, PNorm = 89.2098, GNorm = 0.1687, lr_0 = 9.4493e-04
Loss = 3.8896e-02, PNorm = 89.2143, GNorm = 0.3006, lr_0 = 9.4396e-04
Loss = 5.7423e-02, PNorm = 89.2254, GNorm = 0.2223, lr_0 = 9.4299e-04
Loss = 5.7745e-02, PNorm = 89.2348, GNorm = 0.7424, lr_0 = 9.4203e-04
Loss = 5.5130e-02, PNorm = 89.2433, GNorm = 0.2640, lr_0 = 9.4106e-04
Loss = 2.8917e-02, PNorm = 89.2578, GNorm = 0.1762, lr_0 = 9.4009e-04
Loss = 5.5401e-02, PNorm = 89.2635, GNorm = 0.2266, lr_0 = 9.3912e-04
Loss = 3.0742e-02, PNorm = 89.2777, GNorm = 0.4476, lr_0 = 9.3816e-04
Loss = 6.0612e-02, PNorm = 89.2832, GNorm = 0.2764, lr_0 = 9.3720e-04
Loss = 4.6632e-02, PNorm = 89.2969, GNorm = 0.2912, lr_0 = 9.3623e-04
Loss = 9.8180e-02, PNorm = 89.3021, GNorm = 0.4107, lr_0 = 9.3527e-04
Loss = 7.6630e-02, PNorm = 89.3216, GNorm = 0.3816, lr_0 = 9.3431e-04
Loss = 6.7270e-02, PNorm = 89.3371, GNorm = 0.1910, lr_0 = 9.3335e-04
Loss = 5.1501e-02, PNorm = 89.3416, GNorm = 0.6051, lr_0 = 9.3239e-04
Loss = 2.9404e-02, PNorm = 89.3564, GNorm = 0.2111, lr_0 = 9.3143e-04
Loss = 2.9508e-02, PNorm = 89.3746, GNorm = 0.1025, lr_0 = 9.3048e-04
Loss = 4.0348e-02, PNorm = 89.3765, GNorm = 0.1338, lr_0 = 9.2952e-04
Loss = 3.7921e-02, PNorm = 89.3836, GNorm = 0.8056, lr_0 = 9.2857e-04
Loss = 6.1434e-02, PNorm = 89.3917, GNorm = 0.5485, lr_0 = 9.2761e-04
Loss = 7.0775e-02, PNorm = 89.3895, GNorm = 0.7138, lr_0 = 9.2666e-04
Loss = 4.8032e-02, PNorm = 89.4131, GNorm = 0.1565, lr_0 = 9.2571e-04
Loss = 5.7280e-02, PNorm = 89.4231, GNorm = 0.2147, lr_0 = 9.2476e-04
Loss = 6.8068e-02, PNorm = 89.4286, GNorm = 0.3247, lr_0 = 9.2381e-04
Loss = 3.5905e-02, PNorm = 89.4480, GNorm = 0.1316, lr_0 = 9.2286e-04
Loss = 7.6204e-02, PNorm = 89.4556, GNorm = 0.6342, lr_0 = 9.2191e-04
Loss = 4.5555e-02, PNorm = 89.4702, GNorm = 0.3753, lr_0 = 9.2096e-04
Validation auc = 0.517796
Epoch 3
Loss = 4.2226e-02, PNorm = 89.4933, GNorm = 0.7048, lr_0 = 9.2001e-04
Loss = 4.3764e-02, PNorm = 89.5013, GNorm = 0.7078, lr_0 = 9.1907e-04
Loss = 7.4536e-02, PNorm = 89.5044, GNorm = 0.5380, lr_0 = 9.1812e-04
Loss = 3.8774e-02, PNorm = 89.5339, GNorm = 0.1737, lr_0 = 9.1718e-04
Loss = 6.1796e-02, PNorm = 89.5393, GNorm = 0.2662, lr_0 = 9.1624e-04
Loss = 8.6191e-02, PNorm = 89.5447, GNorm = 0.4496, lr_0 = 9.1530e-04
Loss = 3.6161e-02, PNorm = 89.5742, GNorm = 0.1847, lr_0 = 9.1436e-04
Loss = 5.4369e-02, PNorm = 89.5888, GNorm = 0.0921, lr_0 = 9.1342e-04
Loss = 7.8337e-02, PNorm = 89.5873, GNorm = 0.4229, lr_0 = 9.1248e-04
Loss = 2.4277e-02, PNorm = 89.6107, GNorm = 0.8036, lr_0 = 9.1154e-04
Loss = 7.1166e-02, PNorm = 89.6196, GNorm = 1.0387, lr_0 = 9.1061e-04
Loss = 8.2895e-02, PNorm = 89.6253, GNorm = 0.4337, lr_0 = 9.0967e-04
Loss = 5.1165e-02, PNorm = 89.6640, GNorm = 0.5985, lr_0 = 9.0874e-04
Loss = 3.9446e-02, PNorm = 89.6744, GNorm = 0.1810, lr_0 = 9.0780e-04
Loss = 2.7406e-02, PNorm = 89.6890, GNorm = 0.0920, lr_0 = 9.0687e-04
Loss = 1.1528e-01, PNorm = 89.6707, GNorm = 0.8838, lr_0 = 9.0594e-04
Loss = 6.7812e-02, PNorm = 89.6926, GNorm = 0.4178, lr_0 = 9.0501e-04
Loss = 7.1388e-02, PNorm = 89.7247, GNorm = 1.0636, lr_0 = 9.0408e-04
Loss = 1.7567e-02, PNorm = 89.7295, GNorm = 0.1127, lr_0 = 9.0315e-04
Loss = 5.0246e-02, PNorm = 89.7312, GNorm = 0.2424, lr_0 = 9.0222e-04
Loss = 4.6239e-02, PNorm = 89.7437, GNorm = 0.7278, lr_0 = 9.0129e-04
Loss = 5.2219e-02, PNorm = 89.7545, GNorm = 0.6220, lr_0 = 9.0037e-04
Loss = 5.1253e-02, PNorm = 89.7718, GNorm = 0.2993, lr_0 = 8.9944e-04
Loss = 6.4403e-02, PNorm = 89.7862, GNorm = 0.3514, lr_0 = 8.9852e-04
Loss = 6.1514e-02, PNorm = 89.8026, GNorm = 0.3175, lr_0 = 8.9759e-04
Loss = 4.7603e-02, PNorm = 89.8285, GNorm = 0.1877, lr_0 = 8.9667e-04
Loss = 3.7952e-02, PNorm = 89.8424, GNorm = 0.1843, lr_0 = 8.9575e-04
Loss = 7.3547e-02, PNorm = 89.8555, GNorm = 0.4974, lr_0 = 8.9483e-04
Loss = 3.8246e-02, PNorm = 89.8772, GNorm = 0.3026, lr_0 = 8.9391e-04
Loss = 6.8350e-02, PNorm = 89.8930, GNorm = 0.3203, lr_0 = 8.9299e-04
Loss = 2.4940e-02, PNorm = 89.9190, GNorm = 0.1222, lr_0 = 8.9208e-04
Loss = 4.5290e-02, PNorm = 89.9383, GNorm = 0.9655, lr_0 = 8.9116e-04
Loss = 3.5003e-02, PNorm = 89.9328, GNorm = 0.2528, lr_0 = 8.9024e-04
Loss = 3.2981e-02, PNorm = 89.9492, GNorm = 0.1592, lr_0 = 8.8933e-04
Loss = 5.0329e-02, PNorm = 89.9576, GNorm = 0.6816, lr_0 = 8.8842e-04
Loss = 6.4129e-02, PNorm = 89.9575, GNorm = 0.3505, lr_0 = 8.8750e-04
Loss = 6.1954e-02, PNorm = 89.9699, GNorm = 0.4684, lr_0 = 8.8659e-04
Loss = 3.4791e-02, PNorm = 89.9941, GNorm = 0.1381, lr_0 = 8.8568e-04
Loss = 6.0593e-02, PNorm = 90.0053, GNorm = 1.3225, lr_0 = 8.8477e-04
Loss = 7.4596e-02, PNorm = 90.0010, GNorm = 0.3423, lr_0 = 8.8386e-04
Loss = 6.7551e-02, PNorm = 90.0162, GNorm = 0.5333, lr_0 = 8.8295e-04
Loss = 4.4688e-02, PNorm = 90.0458, GNorm = 0.2223, lr_0 = 8.8205e-04
Loss = 2.4011e-02, PNorm = 90.0660, GNorm = 0.1264, lr_0 = 8.8114e-04
Loss = 9.9685e-02, PNorm = 90.0608, GNorm = 0.2220, lr_0 = 8.8023e-04
Loss = 1.6421e-02, PNorm = 90.0727, GNorm = 0.2382, lr_0 = 8.7933e-04
Loss = 2.7121e-02, PNorm = 90.0973, GNorm = 0.0771, lr_0 = 8.7843e-04
Loss = 6.1598e-02, PNorm = 90.1028, GNorm = 1.9221, lr_0 = 8.7752e-04
Loss = 7.2732e-02, PNorm = 90.0906, GNorm = 0.4852, lr_0 = 8.7662e-04
Loss = 6.0572e-02, PNorm = 90.1105, GNorm = 0.3292, lr_0 = 8.7572e-04
Loss = 4.8447e-02, PNorm = 90.1258, GNorm = 0.2399, lr_0 = 8.7482e-04
Loss = 4.9713e-02, PNorm = 90.1405, GNorm = 1.0419, lr_0 = 8.7392e-04
Loss = 1.2061e-01, PNorm = 90.1266, GNorm = 0.7106, lr_0 = 8.7303e-04
Loss = 4.4598e-02, PNorm = 90.1592, GNorm = 0.2342, lr_0 = 8.7213e-04
Loss = 1.7407e-02, PNorm = 90.1920, GNorm = 0.0633, lr_0 = 8.7123e-04
Loss = 5.1872e-02, PNorm = 90.1992, GNorm = 0.0905, lr_0 = 8.7034e-04
Loss = 7.9383e-02, PNorm = 90.1930, GNorm = 0.1739, lr_0 = 8.6944e-04
Loss = 4.5626e-02, PNorm = 90.1970, GNorm = 0.5365, lr_0 = 8.6855e-04
Loss = 4.3536e-02, PNorm = 90.2164, GNorm = 0.1942, lr_0 = 8.6766e-04
Loss = 7.1636e-02, PNorm = 90.2317, GNorm = 0.2806, lr_0 = 8.6677e-04
Loss = 4.9315e-02, PNorm = 90.2515, GNorm = 0.6529, lr_0 = 8.6588e-04
Loss = 4.9567e-02, PNorm = 90.2627, GNorm = 0.2599, lr_0 = 8.6499e-04
Loss = 9.6206e-02, PNorm = 90.2808, GNorm = 0.6164, lr_0 = 8.6410e-04
Loss = 7.2370e-02, PNorm = 90.3136, GNorm = 0.8739, lr_0 = 8.6321e-04
Loss = 8.1651e-02, PNorm = 90.3470, GNorm = 0.2219, lr_0 = 8.6232e-04
Loss = 2.4954e-02, PNorm = 90.3806, GNorm = 0.2907, lr_0 = 8.6144e-04
Loss = 6.4150e-02, PNorm = 90.4165, GNorm = 0.1107, lr_0 = 8.6055e-04
Loss = 5.3384e-03, PNorm = 90.4331, GNorm = 0.1470, lr_0 = 8.5967e-04
Loss = 3.7153e-02, PNorm = 90.4461, GNorm = 0.1154, lr_0 = 8.5878e-04
Loss = 5.1781e-02, PNorm = 90.4459, GNorm = 0.1964, lr_0 = 8.5790e-04
Loss = 3.2282e-02, PNorm = 90.4606, GNorm = 0.3351, lr_0 = 8.5702e-04
Loss = 7.3084e-02, PNorm = 90.4676, GNorm = 0.3361, lr_0 = 8.5614e-04
Loss = 6.1655e-02, PNorm = 90.4837, GNorm = 0.3598, lr_0 = 8.5526e-04
Loss = 5.4355e-02, PNorm = 90.5115, GNorm = 0.5251, lr_0 = 8.5438e-04
Loss = 5.9553e-02, PNorm = 90.5170, GNorm = 0.3067, lr_0 = 8.5350e-04
Loss = 6.1655e-02, PNorm = 90.5322, GNorm = 1.0223, lr_0 = 8.5263e-04
Loss = 6.7701e-02, PNorm = 90.5437, GNorm = 1.2359, lr_0 = 8.5175e-04
Loss = 3.6552e-02, PNorm = 90.5462, GNorm = 0.2345, lr_0 = 8.5088e-04
Loss = 5.6808e-02, PNorm = 90.5550, GNorm = 0.1268, lr_0 = 8.5000e-04
Loss = 3.4871e-02, PNorm = 90.5620, GNorm = 0.6095, lr_0 = 8.4913e-04
Loss = 4.9732e-02, PNorm = 90.5693, GNorm = 1.1310, lr_0 = 8.4826e-04
Validation auc = 0.539483
Epoch 4
Loss = 5.7425e-02, PNorm = 90.5671, GNorm = 0.3998, lr_0 = 8.4738e-04
Loss = 4.6987e-02, PNorm = 90.5873, GNorm = 0.6452, lr_0 = 8.4651e-04
Loss = 4.9018e-02, PNorm = 90.5988, GNorm = 0.1521, lr_0 = 8.4564e-04
Loss = 5.3739e-02, PNorm = 90.6015, GNorm = 0.3207, lr_0 = 8.4478e-04
Loss = 4.4177e-02, PNorm = 90.6108, GNorm = 0.5144, lr_0 = 8.4391e-04
Loss = 8.3716e-02, PNorm = 90.6186, GNorm = 1.9138, lr_0 = 8.4304e-04
Loss = 6.3227e-02, PNorm = 90.6280, GNorm = 0.3343, lr_0 = 8.4217e-04
Loss = 2.9644e-02, PNorm = 90.6517, GNorm = 0.5098, lr_0 = 8.4131e-04
Loss = 1.0418e-01, PNorm = 90.6595, GNorm = 1.8723, lr_0 = 8.4044e-04
Loss = 5.9539e-02, PNorm = 90.6633, GNorm = 0.5210, lr_0 = 8.3958e-04
Loss = 5.9190e-02, PNorm = 90.6846, GNorm = 0.2844, lr_0 = 8.3872e-04
Loss = 6.2589e-02, PNorm = 90.7034, GNorm = 1.0236, lr_0 = 8.3786e-04
Loss = 2.3610e-02, PNorm = 90.7073, GNorm = 0.1471, lr_0 = 8.3700e-04
Loss = 5.4221e-02, PNorm = 90.7102, GNorm = 0.2251, lr_0 = 8.3614e-04
Loss = 5.7085e-02, PNorm = 90.7195, GNorm = 0.3656, lr_0 = 8.3528e-04
Loss = 8.8875e-02, PNorm = 90.7309, GNorm = 0.3646, lr_0 = 8.3442e-04
Loss = 9.1057e-02, PNorm = 90.7399, GNorm = 0.5152, lr_0 = 8.3356e-04
Loss = 8.6878e-02, PNorm = 90.7593, GNorm = 0.3741, lr_0 = 8.3270e-04
Loss = 3.7293e-02, PNorm = 90.7861, GNorm = 0.1752, lr_0 = 8.3185e-04
Loss = 5.5858e-02, PNorm = 90.7947, GNorm = 0.1864, lr_0 = 8.3099e-04
Loss = 4.5459e-02, PNorm = 90.8055, GNorm = 0.6902, lr_0 = 8.3014e-04
Loss = 6.5927e-03, PNorm = 90.8180, GNorm = 0.1555, lr_0 = 8.2929e-04
Loss = 7.1345e-02, PNorm = 90.8201, GNorm = 1.2014, lr_0 = 8.2844e-04
Loss = 5.5403e-02, PNorm = 90.8209, GNorm = 0.6261, lr_0 = 8.2758e-04
Loss = 1.1138e-02, PNorm = 90.8435, GNorm = 0.1494, lr_0 = 8.2673e-04
Loss = 1.3819e-02, PNorm = 90.8659, GNorm = 0.0220, lr_0 = 8.2589e-04
Loss = 8.1041e-02, PNorm = 90.8547, GNorm = 1.3072, lr_0 = 8.2504e-04
Loss = 5.6830e-02, PNorm = 90.8417, GNorm = 0.7789, lr_0 = 8.2419e-04
Loss = 8.3553e-02, PNorm = 90.8455, GNorm = 0.7424, lr_0 = 8.2334e-04
Loss = 2.4732e-02, PNorm = 90.8819, GNorm = 0.1350, lr_0 = 8.2250e-04
Loss = 2.9869e-02, PNorm = 90.9003, GNorm = 0.0305, lr_0 = 8.2165e-04
Loss = 8.6408e-02, PNorm = 90.8911, GNorm = 1.5766, lr_0 = 8.2081e-04
Loss = 8.4743e-02, PNorm = 90.8804, GNorm = 0.6398, lr_0 = 8.1996e-04
Loss = 3.5732e-02, PNorm = 90.9094, GNorm = 0.2561, lr_0 = 8.1912e-04
Loss = 5.8026e-02, PNorm = 90.9336, GNorm = 0.8046, lr_0 = 8.1828e-04
Loss = 2.7106e-02, PNorm = 90.9367, GNorm = 0.1751, lr_0 = 8.1744e-04
Loss = 6.3698e-02, PNorm = 90.9416, GNorm = 0.5762, lr_0 = 8.1660e-04
Loss = 1.6119e-02, PNorm = 90.9609, GNorm = 0.1858, lr_0 = 8.1576e-04
Loss = 4.2957e-02, PNorm = 90.9747, GNorm = 0.0681, lr_0 = 8.1492e-04
Loss = 6.8236e-02, PNorm = 90.9740, GNorm = 0.4392, lr_0 = 8.1408e-04
Loss = 3.3380e-02, PNorm = 90.9888, GNorm = 0.7001, lr_0 = 8.1325e-04
Loss = 5.1193e-02, PNorm = 91.0132, GNorm = 1.3731, lr_0 = 8.1241e-04
Loss = 7.4155e-02, PNorm = 91.0115, GNorm = 0.4817, lr_0 = 8.1158e-04
Loss = 7.1018e-02, PNorm = 91.0378, GNorm = 0.4724, lr_0 = 8.1074e-04
Loss = 6.5735e-02, PNorm = 91.0525, GNorm = 0.3153, lr_0 = 8.0991e-04
Loss = 6.2838e-02, PNorm = 91.0809, GNorm = 0.5949, lr_0 = 8.0908e-04
Loss = 1.1687e-01, PNorm = 91.0959, GNorm = 0.7289, lr_0 = 8.0825e-04
Loss = 8.1584e-02, PNorm = 91.1491, GNorm = 0.3298, lr_0 = 8.0742e-04
Loss = 5.0053e-02, PNorm = 91.1893, GNorm = 0.5702, lr_0 = 8.0659e-04
Loss = 5.2617e-02, PNorm = 91.2027, GNorm = 0.2037, lr_0 = 8.0576e-04
Loss = 4.9071e-02, PNorm = 91.2144, GNorm = 0.5138, lr_0 = 8.0493e-04
Loss = 6.4724e-02, PNorm = 91.2231, GNorm = 0.2880, lr_0 = 8.0410e-04
Loss = 3.9673e-02, PNorm = 91.2421, GNorm = 0.5365, lr_0 = 8.0328e-04
Loss = 6.2881e-02, PNorm = 91.2506, GNorm = 0.2461, lr_0 = 8.0245e-04
Loss = 5.2342e-02, PNorm = 91.2618, GNorm = 0.3091, lr_0 = 8.0163e-04
Loss = 6.3774e-02, PNorm = 91.2795, GNorm = 0.7435, lr_0 = 8.0081e-04
Loss = 3.3129e-02, PNorm = 91.2938, GNorm = 0.1210, lr_0 = 7.9998e-04
Loss = 5.5034e-02, PNorm = 91.2964, GNorm = 0.2895, lr_0 = 7.9916e-04
Loss = 6.4549e-03, PNorm = 91.3223, GNorm = 0.0646, lr_0 = 7.9834e-04
Loss = 5.0581e-02, PNorm = 91.3277, GNorm = 0.0757, lr_0 = 7.9752e-04
Loss = 4.9791e-02, PNorm = 91.3254, GNorm = 0.1914, lr_0 = 7.9670e-04
Loss = 6.9616e-02, PNorm = 91.3277, GNorm = 0.5876, lr_0 = 7.9588e-04
Loss = 5.4630e-02, PNorm = 91.3430, GNorm = 0.3481, lr_0 = 7.9506e-04
Loss = 5.0870e-02, PNorm = 91.3704, GNorm = 1.3901, lr_0 = 7.9425e-04
Loss = 4.2837e-02, PNorm = 91.3759, GNorm = 0.1749, lr_0 = 7.9343e-04
Loss = 5.3732e-02, PNorm = 91.3768, GNorm = 0.3341, lr_0 = 7.9262e-04
Loss = 3.6854e-02, PNorm = 91.3991, GNorm = 0.1663, lr_0 = 7.9180e-04
Loss = 7.4368e-02, PNorm = 91.4038, GNorm = 0.3369, lr_0 = 7.9099e-04
Loss = 1.8601e-02, PNorm = 91.4225, GNorm = 0.2232, lr_0 = 7.9017e-04
Loss = 5.8394e-02, PNorm = 91.4322, GNorm = 0.1481, lr_0 = 7.8936e-04
Loss = 4.1883e-02, PNorm = 91.4399, GNorm = 0.7895, lr_0 = 7.8855e-04
Loss = 3.9825e-02, PNorm = 91.4478, GNorm = 0.2380, lr_0 = 7.8774e-04
Loss = 3.1544e-02, PNorm = 91.4603, GNorm = 0.1775, lr_0 = 7.8693e-04
Loss = 1.3849e-02, PNorm = 91.4781, GNorm = 0.0870, lr_0 = 7.8612e-04
Loss = 1.0610e-01, PNorm = 91.4709, GNorm = 0.4455, lr_0 = 7.8532e-04
Loss = 3.1921e-02, PNorm = 91.4941, GNorm = 0.2943, lr_0 = 7.8451e-04
Loss = 5.6782e-02, PNorm = 91.5123, GNorm = 0.5364, lr_0 = 7.8370e-04
Loss = 4.8453e-02, PNorm = 91.5211, GNorm = 0.6787, lr_0 = 7.8290e-04
Loss = 2.8437e-02, PNorm = 91.5328, GNorm = 0.1771, lr_0 = 7.8209e-04
Loss = 7.6699e-02, PNorm = 91.5404, GNorm = 0.2534, lr_0 = 7.8129e-04
Validation auc = 0.552588
Epoch 5
Loss = 6.3547e-02, PNorm = 91.5510, GNorm = 0.3986, lr_0 = 7.8049e-04
Loss = 5.0927e-02, PNorm = 91.5825, GNorm = 0.5261, lr_0 = 7.7969e-04
Loss = 7.1974e-02, PNorm = 91.6049, GNorm = 0.3052, lr_0 = 7.7888e-04
Loss = 2.5663e-02, PNorm = 91.6552, GNorm = 0.0015, lr_0 = 7.7808e-04
Loss = 4.6231e-01, PNorm = 92.0913, GNorm = 2.2893, lr_0 = 7.7729e-04
Loss = 3.7553e-02, PNorm = 92.6511, GNorm = 0.0005, lr_0 = 7.7649e-04
Loss = 1.7907e-01, PNorm = 93.0298, GNorm = 0.6968, lr_0 = 7.7569e-04
Loss = 3.6732e-02, PNorm = 93.3255, GNorm = 0.2835, lr_0 = 7.7489e-04
Loss = 2.4561e-02, PNorm = 93.4723, GNorm = 0.0796, lr_0 = 7.7410e-04
Loss = 6.4502e-02, PNorm = 93.5265, GNorm = 0.1252, lr_0 = 7.7330e-04
Loss = 7.4115e-02, PNorm = 93.5483, GNorm = 0.8453, lr_0 = 7.7251e-04
Loss = 5.5946e-02, PNorm = 93.5777, GNorm = 0.3084, lr_0 = 7.7171e-04
Loss = 6.3390e-02, PNorm = 93.6012, GNorm = 0.2698, lr_0 = 7.7092e-04
Loss = 5.2009e-02, PNorm = 93.6154, GNorm = 0.2887, lr_0 = 7.7013e-04
Loss = 2.7657e-02, PNorm = 93.6262, GNorm = 0.2462, lr_0 = 7.6934e-04
Loss = 3.0403e-02, PNorm = 93.6414, GNorm = 0.1047, lr_0 = 7.6855e-04
Loss = 2.5794e-02, PNorm = 93.6482, GNorm = 0.1509, lr_0 = 7.6776e-04
Loss = 5.4554e-02, PNorm = 93.6483, GNorm = 0.2741, lr_0 = 7.6697e-04
Loss = 6.4924e-02, PNorm = 93.6549, GNorm = 0.5565, lr_0 = 7.6618e-04
Loss = 6.0906e-02, PNorm = 93.6702, GNorm = 0.5344, lr_0 = 7.6539e-04
Loss = 3.9394e-02, PNorm = 93.6914, GNorm = 0.2104, lr_0 = 7.6461e-04
Loss = 2.2714e-02, PNorm = 93.7090, GNorm = 0.0945, lr_0 = 7.6382e-04
Loss = 5.6331e-02, PNorm = 93.7172, GNorm = 0.6729, lr_0 = 7.6304e-04
Loss = 3.8459e-02, PNorm = 93.7112, GNorm = 0.3275, lr_0 = 7.6225e-04
Loss = 3.3677e-02, PNorm = 93.7262, GNorm = 0.1928, lr_0 = 7.6147e-04
Loss = 6.0133e-02, PNorm = 93.7308, GNorm = 0.2726, lr_0 = 7.6069e-04
Loss = 3.0009e-02, PNorm = 93.7399, GNorm = 0.3616, lr_0 = 7.5990e-04
Loss = 2.8292e-02, PNorm = 93.7566, GNorm = 0.1991, lr_0 = 7.5912e-04
Loss = 5.0281e-02, PNorm = 93.7614, GNorm = 0.1514, lr_0 = 7.5834e-04
Loss = 2.9598e-02, PNorm = 93.7655, GNorm = 0.2669, lr_0 = 7.5756e-04
Loss = 5.6410e-02, PNorm = 93.7704, GNorm = 0.2780, lr_0 = 7.5679e-04
Loss = 2.0236e-02, PNorm = 93.7834, GNorm = 0.2461, lr_0 = 7.5601e-04
Loss = 5.3677e-02, PNorm = 93.7953, GNorm = 0.1700, lr_0 = 7.5523e-04
Loss = 8.4682e-02, PNorm = 93.7934, GNorm = 0.5247, lr_0 = 7.5446e-04
Loss = 9.0202e-02, PNorm = 93.8076, GNorm = 0.6495, lr_0 = 7.5368e-04
Loss = 6.0838e-02, PNorm = 93.8296, GNorm = 0.5638, lr_0 = 7.5291e-04
Loss = 3.3714e-02, PNorm = 93.8493, GNorm = 0.1983, lr_0 = 7.5213e-04
Loss = 4.8265e-02, PNorm = 93.8638, GNorm = 0.7842, lr_0 = 7.5136e-04
Loss = 7.4064e-02, PNorm = 93.8691, GNorm = 0.3262, lr_0 = 7.5059e-04
Loss = 9.0217e-02, PNorm = 93.8806, GNorm = 0.7197, lr_0 = 7.4982e-04
Loss = 4.9953e-02, PNorm = 93.9082, GNorm = 0.3593, lr_0 = 7.4905e-04
Loss = 7.7940e-02, PNorm = 93.9292, GNorm = 0.3465, lr_0 = 7.4828e-04
Loss = 6.4824e-02, PNorm = 93.9576, GNorm = 0.6340, lr_0 = 7.4751e-04
Loss = 1.1106e-01, PNorm = 93.9732, GNorm = 0.5238, lr_0 = 7.4674e-04
Loss = 7.3843e-02, PNorm = 94.0056, GNorm = 0.4625, lr_0 = 7.4597e-04
Loss = 4.8333e-02, PNorm = 94.0310, GNorm = 0.2104, lr_0 = 7.4521e-04
Loss = 5.1694e-02, PNorm = 94.0429, GNorm = 0.8639, lr_0 = 7.4444e-04
Loss = 4.5135e-02, PNorm = 94.0436, GNorm = 0.6345, lr_0 = 7.4368e-04
Loss = 3.3304e-02, PNorm = 94.0533, GNorm = 0.2341, lr_0 = 7.4291e-04
Loss = 7.3732e-02, PNorm = 94.0617, GNorm = 0.2797, lr_0 = 7.4215e-04
Loss = 6.1629e-02, PNorm = 94.0733, GNorm = 1.4653, lr_0 = 7.4139e-04
Loss = 4.7385e-02, PNorm = 94.0887, GNorm = 0.3262, lr_0 = 7.4062e-04
Loss = 4.0279e-02, PNorm = 94.1115, GNorm = 0.7388, lr_0 = 7.3986e-04
Loss = 5.4597e-02, PNorm = 94.1207, GNorm = 0.3054, lr_0 = 7.3910e-04
Loss = 3.5927e-02, PNorm = 94.1434, GNorm = 0.6095, lr_0 = 7.3834e-04
Loss = 5.2751e-02, PNorm = 94.1657, GNorm = 0.8824, lr_0 = 7.3759e-04
Loss = 8.0505e-02, PNorm = 94.1856, GNorm = 0.7054, lr_0 = 7.3683e-04
Loss = 5.4103e-02, PNorm = 94.2160, GNorm = 0.5481, lr_0 = 7.3607e-04
Loss = 7.5536e-02, PNorm = 94.2865, GNorm = 0.4514, lr_0 = 7.3531e-04
Loss = 7.0095e-02, PNorm = 94.3707, GNorm = 0.9833, lr_0 = 7.3456e-04
Loss = 7.5121e-02, PNorm = 94.4625, GNorm = 0.5463, lr_0 = 7.3380e-04
Loss = 3.6481e-02, PNorm = 94.5424, GNorm = 0.2604, lr_0 = 7.3305e-04
Loss = 7.2371e-02, PNorm = 94.5854, GNorm = 0.9527, lr_0 = 7.3230e-04
Loss = 7.4318e-02, PNorm = 94.5981, GNorm = 0.6012, lr_0 = 7.3155e-04
Loss = 8.2293e-02, PNorm = 94.6183, GNorm = 0.4155, lr_0 = 7.3079e-04
Loss = 2.3016e-02, PNorm = 94.6596, GNorm = 0.2166, lr_0 = 7.3004e-04
Loss = 4.1463e-02, PNorm = 94.6837, GNorm = 0.8857, lr_0 = 7.2929e-04
Loss = 2.9817e-02, PNorm = 94.6933, GNorm = 0.9120, lr_0 = 7.2854e-04
Loss = 1.6166e-02, PNorm = 94.6968, GNorm = 0.1182, lr_0 = 7.2779e-04
Loss = 1.3982e-02, PNorm = 94.7033, GNorm = 0.1389, lr_0 = 7.2705e-04
Loss = 8.4864e-02, PNorm = 94.7011, GNorm = 0.2149, lr_0 = 7.2630e-04
Loss = 7.6917e-02, PNorm = 94.7040, GNorm = 1.2243, lr_0 = 7.2555e-04
Loss = 7.3298e-02, PNorm = 94.7192, GNorm = 0.4875, lr_0 = 7.2481e-04
Loss = 1.1479e-02, PNorm = 94.7484, GNorm = 0.1777, lr_0 = 7.2406e-04
Loss = 4.5894e-02, PNorm = 94.7698, GNorm = 0.7770, lr_0 = 7.2332e-04
Loss = 6.4038e-02, PNorm = 94.7684, GNorm = 0.2589, lr_0 = 7.2258e-04
Loss = 3.9946e-02, PNorm = 94.7759, GNorm = 0.3354, lr_0 = 7.2183e-04
Loss = 5.8851e-02, PNorm = 94.7898, GNorm = 0.4936, lr_0 = 7.2109e-04
Loss = 2.0063e-02, PNorm = 94.8084, GNorm = 0.2496, lr_0 = 7.2035e-04
Loss = 6.6147e-02, PNorm = 94.8201, GNorm = 1.3491, lr_0 = 7.1961e-04
Validation auc = 0.547308
Epoch 6
Loss = 5.1646e-02, PNorm = 94.8245, GNorm = 0.7639, lr_0 = 7.1887e-04
Loss = 5.4921e-02, PNorm = 94.8319, GNorm = 0.6314, lr_0 = 7.1813e-04
Loss = 3.0462e-02, PNorm = 94.8558, GNorm = 0.8148, lr_0 = 7.1740e-04
Loss = 4.4118e-02, PNorm = 94.8703, GNorm = 0.1855, lr_0 = 7.1666e-04
Loss = 2.5863e-02, PNorm = 94.8831, GNorm = 0.1451, lr_0 = 7.1592e-04
Loss = 4.4742e-02, PNorm = 94.8895, GNorm = 0.1817, lr_0 = 7.1519e-04
Loss = 6.8908e-02, PNorm = 94.8869, GNorm = 0.6004, lr_0 = 7.1445e-04
Loss = 6.3717e-02, PNorm = 94.8965, GNorm = 0.4322, lr_0 = 7.1372e-04
Loss = 5.1990e-02, PNorm = 94.9154, GNorm = 1.3817, lr_0 = 7.1298e-04
Loss = 6.8211e-02, PNorm = 94.9223, GNorm = 0.6188, lr_0 = 7.1225e-04
Loss = 5.0705e-02, PNorm = 94.9252, GNorm = 0.4720, lr_0 = 7.1152e-04
Loss = 2.0789e-02, PNorm = 94.9467, GNorm = 0.2207, lr_0 = 7.1079e-04
Loss = 5.6508e-02, PNorm = 94.9620, GNorm = 0.9687, lr_0 = 7.1006e-04
Loss = 3.6683e-02, PNorm = 94.9616, GNorm = 0.2604, lr_0 = 7.0933e-04
Loss = 8.1411e-02, PNorm = 94.9627, GNorm = 1.4008, lr_0 = 7.0860e-04
Loss = 5.0120e-02, PNorm = 94.9759, GNorm = 0.4702, lr_0 = 7.0787e-04
Loss = 5.5646e-02, PNorm = 94.9930, GNorm = 0.6267, lr_0 = 7.0715e-04
Loss = 5.1892e-02, PNorm = 95.0059, GNorm = 0.9765, lr_0 = 7.0642e-04
Loss = 6.2560e-02, PNorm = 95.0155, GNorm = 0.3671, lr_0 = 7.0569e-04
Loss = 4.2594e-02, PNorm = 95.0331, GNorm = 0.2814, lr_0 = 7.0497e-04
Loss = 5.4228e-02, PNorm = 95.0444, GNorm = 0.6508, lr_0 = 7.0424e-04
Loss = 4.5960e-02, PNorm = 95.0514, GNorm = 0.2661, lr_0 = 7.0352e-04
Loss = 4.9263e-02, PNorm = 95.0606, GNorm = 0.2448, lr_0 = 7.0280e-04
Loss = 1.6559e-02, PNorm = 95.0800, GNorm = 0.1460, lr_0 = 7.0208e-04
Loss = 3.6859e-02, PNorm = 95.0936, GNorm = 0.1222, lr_0 = 7.0135e-04
Loss = 5.7542e-02, PNorm = 95.0886, GNorm = 0.7716, lr_0 = 7.0063e-04
Loss = 5.9141e-02, PNorm = 95.0929, GNorm = 0.6452, lr_0 = 6.9991e-04
Loss = 4.0779e-02, PNorm = 95.1080, GNorm = 0.4426, lr_0 = 6.9919e-04
Loss = 6.4056e-02, PNorm = 95.1292, GNorm = 0.3763, lr_0 = 6.9848e-04
Loss = 2.6658e-02, PNorm = 95.1609, GNorm = 0.1882, lr_0 = 6.9776e-04
Loss = 8.4406e-02, PNorm = 95.1683, GNorm = 0.5485, lr_0 = 6.9704e-04
Loss = 3.8706e-02, PNorm = 95.1923, GNorm = 0.2912, lr_0 = 6.9633e-04
Loss = 8.8406e-02, PNorm = 95.2113, GNorm = 0.6141, lr_0 = 6.9561e-04
Loss = 4.0891e-02, PNorm = 95.2241, GNorm = 0.4138, lr_0 = 6.9490e-04
Loss = 3.8866e-02, PNorm = 95.2538, GNorm = 0.7735, lr_0 = 6.9418e-04
Loss = 3.5621e-02, PNorm = 95.2758, GNorm = 0.8024, lr_0 = 6.9347e-04
Loss = 7.0132e-02, PNorm = 95.2676, GNorm = 0.2849, lr_0 = 6.9276e-04
Loss = 1.2152e-02, PNorm = 95.2936, GNorm = 0.1698, lr_0 = 6.9204e-04
Loss = 4.7833e-02, PNorm = 95.3190, GNorm = 0.1616, lr_0 = 6.9133e-04
Loss = 1.5200e-02, PNorm = 95.3411, GNorm = 0.1319, lr_0 = 6.9062e-04
Loss = 1.2613e-01, PNorm = 95.3284, GNorm = 0.4264, lr_0 = 6.8991e-04
Loss = 4.2670e-02, PNorm = 95.3479, GNorm = 0.4778, lr_0 = 6.8920e-04
Loss = 6.7041e-02, PNorm = 95.3677, GNorm = 0.3420, lr_0 = 6.8850e-04
Loss = 1.0999e-01, PNorm = 95.3729, GNorm = 0.3059, lr_0 = 6.8779e-04
Loss = 5.4763e-02, PNorm = 95.3930, GNorm = 0.4334, lr_0 = 6.8708e-04
Loss = 5.4412e-02, PNorm = 95.4102, GNorm = 0.3512, lr_0 = 6.8638e-04
Loss = 2.8425e-02, PNorm = 95.4330, GNorm = 0.1432, lr_0 = 6.8567e-04
Loss = 1.8959e-01, PNorm = 95.4919, GNorm = 0.4167, lr_0 = 6.8497e-04
Loss = 5.9179e-02, PNorm = 95.6400, GNorm = 0.4305, lr_0 = 6.8426e-04
Loss = 2.7873e-02, PNorm = 95.7353, GNorm = 0.1500, lr_0 = 6.8356e-04
Loss = 1.0351e-01, PNorm = 95.7683, GNorm = 0.8297, lr_0 = 6.8286e-04
Loss = 8.4300e-02, PNorm = 95.7786, GNorm = 0.3523, lr_0 = 6.8216e-04
Loss = 3.7382e-02, PNorm = 95.8043, GNorm = 0.2603, lr_0 = 6.8146e-04
Loss = 1.0409e-01, PNorm = 95.8135, GNorm = 1.2580, lr_0 = 6.8076e-04
Loss = 6.8407e-02, PNorm = 95.8196, GNorm = 0.5278, lr_0 = 6.8006e-04
Loss = 8.2290e-02, PNorm = 95.8328, GNorm = 0.7326, lr_0 = 6.7936e-04
Loss = 6.1935e-02, PNorm = 95.8475, GNorm = 0.4217, lr_0 = 6.7866e-04
Loss = 5.1543e-02, PNorm = 95.8601, GNorm = 0.9311, lr_0 = 6.7796e-04
Loss = 1.6369e-02, PNorm = 95.8759, GNorm = 0.1476, lr_0 = 6.7727e-04
Loss = 5.3819e-02, PNorm = 95.8829, GNorm = 1.0008, lr_0 = 6.7657e-04
Loss = 1.4062e-02, PNorm = 95.8892, GNorm = 0.1725, lr_0 = 6.7587e-04
Loss = 2.9553e-02, PNorm = 95.8992, GNorm = 0.9576, lr_0 = 6.7518e-04
Loss = 4.6295e-02, PNorm = 95.8993, GNorm = 0.2086, lr_0 = 6.7449e-04
Loss = 4.3719e-02, PNorm = 95.9044, GNorm = 0.2045, lr_0 = 6.7379e-04
Loss = 7.5026e-02, PNorm = 95.9093, GNorm = 0.6581, lr_0 = 6.7310e-04
Loss = 6.5450e-02, PNorm = 95.9183, GNorm = 0.3351, lr_0 = 6.7241e-04
Loss = 4.9952e-02, PNorm = 95.9275, GNorm = 0.3712, lr_0 = 6.7172e-04
Loss = 1.9631e-02, PNorm = 95.9487, GNorm = 0.1305, lr_0 = 6.7103e-04
Loss = 8.6118e-02, PNorm = 95.9535, GNorm = 0.7054, lr_0 = 6.7034e-04
Loss = 5.2456e-02, PNorm = 95.9514, GNorm = 0.3629, lr_0 = 6.6965e-04
Loss = 6.7455e-02, PNorm = 95.9653, GNorm = 0.4405, lr_0 = 6.6896e-04
Loss = 3.7993e-02, PNorm = 95.9838, GNorm = 0.2752, lr_0 = 6.6828e-04
Loss = 3.0495e-02, PNorm = 96.0034, GNorm = 0.0972, lr_0 = 6.6759e-04
Loss = 5.2742e-02, PNorm = 96.0109, GNorm = 0.7097, lr_0 = 6.6690e-04
Loss = 5.2692e-02, PNorm = 96.0113, GNorm = 0.4421, lr_0 = 6.6622e-04
Loss = 3.3441e-02, PNorm = 96.0221, GNorm = 0.2082, lr_0 = 6.6553e-04
Loss = 5.2897e-02, PNorm = 96.0259, GNorm = 0.2563, lr_0 = 6.6485e-04
Loss = 5.2404e-02, PNorm = 96.0328, GNorm = 0.2886, lr_0 = 6.6417e-04
Loss = 4.8801e-02, PNorm = 96.0463, GNorm = 0.1906, lr_0 = 6.6348e-04
Loss = 3.2643e-02, PNorm = 96.0542, GNorm = 0.1781, lr_0 = 6.6280e-04
Validation auc = 0.568790
Epoch 7
Loss = 6.4669e-02, PNorm = 96.0585, GNorm = 0.2599, lr_0 = 6.6212e-04
Loss = 5.4609e-02, PNorm = 96.0642, GNorm = 0.3458, lr_0 = 6.6144e-04
Loss = 8.3246e-02, PNorm = 96.0640, GNorm = 0.4499, lr_0 = 6.6076e-04
Loss = 2.3548e-02, PNorm = 96.0787, GNorm = 0.3075, lr_0 = 6.6008e-04
Loss = 7.6432e-02, PNorm = 96.0877, GNorm = 0.9127, lr_0 = 6.5940e-04
Loss = 6.3509e-02, PNorm = 96.0927, GNorm = 0.5561, lr_0 = 6.5873e-04
Loss = 4.7395e-02, PNorm = 96.0989, GNorm = 0.3187, lr_0 = 6.5805e-04
Loss = 5.4701e-02, PNorm = 96.1139, GNorm = 0.4320, lr_0 = 6.5737e-04
Loss = 5.8350e-02, PNorm = 96.1231, GNorm = 0.3662, lr_0 = 6.5670e-04
Loss = 4.0146e-02, PNorm = 96.1327, GNorm = 0.2497, lr_0 = 6.5602e-04
Loss = 6.4465e-02, PNorm = 96.1432, GNorm = 0.7534, lr_0 = 6.5535e-04
Loss = 5.3013e-02, PNorm = 96.1525, GNorm = 0.2877, lr_0 = 6.5468e-04
Loss = 5.4926e-02, PNorm = 96.1656, GNorm = 0.3879, lr_0 = 6.5400e-04
Loss = 6.1002e-02, PNorm = 96.1776, GNorm = 0.3072, lr_0 = 6.5333e-04
Loss = 5.3874e-02, PNorm = 96.1970, GNorm = 0.4908, lr_0 = 6.5266e-04
Loss = 4.0030e-02, PNorm = 96.2147, GNorm = 0.2206, lr_0 = 6.5199e-04
Loss = 8.3244e-02, PNorm = 96.2196, GNorm = 0.7153, lr_0 = 6.5132e-04
Loss = 6.5175e-02, PNorm = 96.2285, GNorm = 0.4050, lr_0 = 6.5065e-04
Loss = 6.1508e-02, PNorm = 96.2430, GNorm = 0.3648, lr_0 = 6.4998e-04
Loss = 4.2383e-02, PNorm = 96.2591, GNorm = 0.2333, lr_0 = 6.4931e-04
Loss = 7.6082e-02, PNorm = 96.2596, GNorm = 0.2943, lr_0 = 6.4865e-04
Loss = 4.1317e-02, PNorm = 96.2725, GNorm = 0.5136, lr_0 = 6.4798e-04
Loss = 7.2716e-02, PNorm = 96.2768, GNorm = 0.3224, lr_0 = 6.4732e-04
Loss = 8.7733e-03, PNorm = 96.2935, GNorm = 0.1223, lr_0 = 6.4665e-04
Loss = 5.7990e-02, PNorm = 96.3018, GNorm = 0.0891, lr_0 = 6.4599e-04
Loss = 7.3117e-02, PNorm = 96.2961, GNorm = 0.2656, lr_0 = 6.4532e-04
Loss = 6.7376e-02, PNorm = 96.3059, GNorm = 0.4869, lr_0 = 6.4466e-04
Loss = 4.3680e-02, PNorm = 96.3191, GNorm = 0.4497, lr_0 = 6.4400e-04
Loss = 4.2515e-02, PNorm = 96.3348, GNorm = 0.1324, lr_0 = 6.4334e-04
Loss = 5.0285e-02, PNorm = 96.3399, GNorm = 0.2208, lr_0 = 6.4267e-04
Loss = 3.0438e-02, PNorm = 96.3471, GNorm = 0.1931, lr_0 = 6.4201e-04
Loss = 1.1320e-01, PNorm = 96.3450, GNorm = 0.3357, lr_0 = 6.4135e-04
Loss = 8.1841e-02, PNorm = 96.3445, GNorm = 0.4364, lr_0 = 6.4070e-04
Loss = 7.2278e-02, PNorm = 96.3615, GNorm = 0.4066, lr_0 = 6.4004e-04
Loss = 8.4569e-02, PNorm = 96.3774, GNorm = 1.3311, lr_0 = 6.3938e-04
Loss = 7.1472e-02, PNorm = 96.3824, GNorm = 0.5583, lr_0 = 6.3872e-04
Loss = 4.1257e-02, PNorm = 96.4010, GNorm = 0.2490, lr_0 = 6.3807e-04
Loss = 5.4027e-02, PNorm = 96.4214, GNorm = 0.6255, lr_0 = 6.3741e-04
Loss = 4.5540e-02, PNorm = 96.4325, GNorm = 0.1556, lr_0 = 6.3676e-04
Loss = 4.0376e-02, PNorm = 96.4437, GNorm = 0.2205, lr_0 = 6.3610e-04
Loss = 5.6004e-02, PNorm = 96.4582, GNorm = 0.2274, lr_0 = 6.3545e-04
Loss = 3.6490e-02, PNorm = 96.4824, GNorm = 0.2787, lr_0 = 6.3480e-04
Loss = 2.2759e-02, PNorm = 96.5309, GNorm = 0.0985, lr_0 = 6.3414e-04
Loss = 5.8696e-02, PNorm = 96.5561, GNorm = 0.8308, lr_0 = 6.3349e-04
Loss = 3.6769e-02, PNorm = 96.6056, GNorm = 0.2453, lr_0 = 6.3284e-04
Loss = 5.0917e-02, PNorm = 96.6530, GNorm = 0.5676, lr_0 = 6.3219e-04
Loss = 3.8226e-02, PNorm = 96.6915, GNorm = 0.5483, lr_0 = 6.3154e-04
Loss = 3.9627e-02, PNorm = 96.7116, GNorm = 0.1998, lr_0 = 6.3089e-04
Loss = 3.8396e-02, PNorm = 96.7388, GNorm = 1.1632, lr_0 = 6.3024e-04
Loss = 4.3450e-02, PNorm = 96.7632, GNorm = 0.2083, lr_0 = 6.2960e-04
Loss = 6.3074e-02, PNorm = 96.7807, GNorm = 0.3085, lr_0 = 6.2895e-04
Loss = 6.9888e-02, PNorm = 96.8010, GNorm = 0.5449, lr_0 = 6.2830e-04
Loss = 4.8042e-02, PNorm = 96.8644, GNorm = 0.2972, lr_0 = 6.2766e-04
Loss = 3.5594e-02, PNorm = 96.9096, GNorm = 0.0974, lr_0 = 6.2701e-04
Loss = 7.0003e-02, PNorm = 96.9249, GNorm = 0.2786, lr_0 = 6.2637e-04
Loss = 6.1568e-02, PNorm = 96.9532, GNorm = 0.3949, lr_0 = 6.2573e-04
Loss = 7.0854e-02, PNorm = 96.9904, GNorm = 0.5267, lr_0 = 6.2508e-04
Loss = 2.2786e-02, PNorm = 97.0357, GNorm = 0.1215, lr_0 = 6.2444e-04
Loss = 6.3592e-02, PNorm = 97.0617, GNorm = 0.2151, lr_0 = 6.2380e-04
Loss = 7.5004e-02, PNorm = 97.0968, GNorm = 0.3312, lr_0 = 6.2316e-04
Loss = 4.3721e-02, PNorm = 97.1449, GNorm = 0.2757, lr_0 = 6.2252e-04
Loss = 6.7047e-02, PNorm = 97.1866, GNorm = 1.1506, lr_0 = 6.2188e-04
Loss = 2.6551e-02, PNorm = 97.2218, GNorm = 0.2512, lr_0 = 6.2124e-04
Loss = 9.4145e-02, PNorm = 97.2387, GNorm = 0.5399, lr_0 = 6.2060e-04
Loss = 4.9970e-02, PNorm = 97.2546, GNorm = 0.4544, lr_0 = 6.1996e-04
Loss = 6.9453e-02, PNorm = 97.2707, GNorm = 0.1753, lr_0 = 6.1933e-04
Loss = 3.9806e-02, PNorm = 97.2792, GNorm = 0.2867, lr_0 = 6.1869e-04
Loss = 4.4378e-02, PNorm = 97.2867, GNorm = 0.2194, lr_0 = 6.1805e-04
Loss = 3.4783e-02, PNorm = 97.2950, GNorm = 0.2088, lr_0 = 6.1742e-04
Loss = 5.4715e-02, PNorm = 97.3002, GNorm = 0.2554, lr_0 = 6.1679e-04
Loss = 3.0534e-02, PNorm = 97.3123, GNorm = 0.2163, lr_0 = 6.1615e-04
Loss = 3.5207e-02, PNorm = 97.3211, GNorm = 0.1798, lr_0 = 6.1552e-04
Loss = 4.5504e-02, PNorm = 97.3264, GNorm = 0.7621, lr_0 = 6.1489e-04
Loss = 6.6875e-02, PNorm = 97.3283, GNorm = 0.3703, lr_0 = 6.1425e-04
Loss = 3.3459e-02, PNorm = 97.3382, GNorm = 0.2437, lr_0 = 6.1362e-04
Loss = 1.6296e-02, PNorm = 97.3532, GNorm = 0.1509, lr_0 = 6.1299e-04
Loss = 4.4079e-02, PNorm = 97.3600, GNorm = 0.0873, lr_0 = 6.1236e-04
Loss = 4.4549e-02, PNorm = 97.3603, GNorm = 0.2008, lr_0 = 6.1173e-04
Loss = 3.5053e-02, PNorm = 97.3652, GNorm = 0.1690, lr_0 = 6.1111e-04
Loss = 2.6458e-02, PNorm = 97.3733, GNorm = 0.1673, lr_0 = 6.1048e-04
Validation auc = 0.566160
Epoch 8
Loss = 3.3327e-02, PNorm = 97.3828, GNorm = 0.8532, lr_0 = 6.0985e-04
Loss = 7.6614e-02, PNorm = 97.3813, GNorm = 0.2318, lr_0 = 6.0922e-04
Loss = 7.6555e-02, PNorm = 97.3913, GNorm = 0.6417, lr_0 = 6.0860e-04
Loss = 8.0440e-02, PNorm = 97.4117, GNorm = 0.5258, lr_0 = 6.0797e-04
Loss = 7.4318e-02, PNorm = 97.4241, GNorm = 0.4769, lr_0 = 6.0735e-04
Loss = 5.5853e-02, PNorm = 97.4415, GNorm = 0.3653, lr_0 = 6.0672e-04
Loss = 2.6475e-02, PNorm = 97.4618, GNorm = 0.1297, lr_0 = 6.0610e-04
Loss = 6.8220e-02, PNorm = 97.4724, GNorm = 0.1703, lr_0 = 6.0548e-04
Loss = 7.5169e-02, PNorm = 97.4768, GNorm = 0.9714, lr_0 = 6.0486e-04
Loss = 1.8754e-02, PNorm = 97.4904, GNorm = 0.3048, lr_0 = 6.0423e-04
Loss = 9.8730e-02, PNorm = 97.5063, GNorm = 2.0368, lr_0 = 6.0361e-04
Loss = 3.8807e-02, PNorm = 97.5112, GNorm = 0.3109, lr_0 = 6.0299e-04
Loss = 3.5208e-02, PNorm = 97.5260, GNorm = 0.8438, lr_0 = 6.0237e-04
Loss = 6.1646e-02, PNorm = 97.5345, GNorm = 0.6915, lr_0 = 6.0175e-04
Loss = 7.1796e-02, PNorm = 97.5390, GNorm = 0.3120, lr_0 = 6.0114e-04
Loss = 1.1804e-02, PNorm = 97.5541, GNorm = 0.2097, lr_0 = 6.0052e-04
Loss = 4.3221e-02, PNorm = 97.5678, GNorm = 0.9505, lr_0 = 5.9990e-04
Loss = 2.3608e-02, PNorm = 97.5754, GNorm = 0.1409, lr_0 = 5.9929e-04
Loss = 5.4171e-02, PNorm = 97.5745, GNorm = 0.7124, lr_0 = 5.9867e-04
Loss = 4.4582e-02, PNorm = 97.5761, GNorm = 0.2026, lr_0 = 5.9805e-04
Loss = 1.5229e-02, PNorm = 97.5827, GNorm = 0.1728, lr_0 = 5.9744e-04
Loss = 7.2930e-02, PNorm = 97.5886, GNorm = 0.6989, lr_0 = 5.9683e-04
Loss = 3.1280e-02, PNorm = 97.5952, GNorm = 0.2351, lr_0 = 5.9621e-04
Loss = 2.8677e-02, PNorm = 97.6102, GNorm = 0.1410, lr_0 = 5.9560e-04
Loss = 5.3393e-02, PNorm = 97.6155, GNorm = 0.2010, lr_0 = 5.9499e-04
Loss = 6.3251e-02, PNorm = 97.6165, GNorm = 0.3748, lr_0 = 5.9438e-04
Loss = 5.8746e-02, PNorm = 97.6275, GNorm = 0.3280, lr_0 = 5.9377e-04
Loss = 5.2940e-02, PNorm = 97.6426, GNorm = 0.7385, lr_0 = 5.9316e-04
Loss = 4.0267e-02, PNorm = 97.6577, GNorm = 0.7759, lr_0 = 5.9255e-04
Loss = 5.7504e-02, PNorm = 97.6642, GNorm = 0.2280, lr_0 = 5.9194e-04
Loss = 4.1821e-02, PNorm = 97.6751, GNorm = 0.2486, lr_0 = 5.9133e-04
Loss = 6.9092e-02, PNorm = 97.6854, GNorm = 0.3239, lr_0 = 5.9072e-04
Loss = 5.8545e-02, PNorm = 97.6992, GNorm = 0.2815, lr_0 = 5.9012e-04
Loss = 9.0232e-02, PNorm = 97.7076, GNorm = 0.4032, lr_0 = 5.8951e-04
Loss = 9.1723e-02, PNorm = 97.7233, GNorm = 0.3942, lr_0 = 5.8890e-04
Loss = 4.6835e-02, PNorm = 97.7496, GNorm = 0.3551, lr_0 = 5.8830e-04
Loss = 5.1363e-02, PNorm = 97.7742, GNorm = 0.1795, lr_0 = 5.8769e-04
Loss = 6.0395e-02, PNorm = 97.7890, GNorm = 0.2017, lr_0 = 5.8709e-04
Loss = 9.2953e-02, PNorm = 97.7806, GNorm = 0.5684, lr_0 = 5.8649e-04
Loss = 3.6798e-02, PNorm = 97.8016, GNorm = 0.2929, lr_0 = 5.8589e-04
Loss = 1.8503e-02, PNorm = 97.8220, GNorm = 0.1514, lr_0 = 5.8528e-04
Loss = 6.0795e-02, PNorm = 97.8288, GNorm = 0.8618, lr_0 = 5.8468e-04
Loss = 5.0719e-02, PNorm = 97.8230, GNorm = 0.2026, lr_0 = 5.8408e-04
Loss = 4.4433e-02, PNorm = 97.8274, GNorm = 0.2589, lr_0 = 5.8348e-04
Loss = 8.4278e-02, PNorm = 97.8365, GNorm = 0.4304, lr_0 = 5.8288e-04
Loss = 6.3026e-02, PNorm = 97.8599, GNorm = 0.7343, lr_0 = 5.8228e-04
Loss = 5.4957e-02, PNorm = 97.8970, GNorm = 1.7009, lr_0 = 5.8168e-04
Loss = 3.3284e-02, PNorm = 97.9575, GNorm = 0.2532, lr_0 = 5.8109e-04
Loss = 9.8974e-02, PNorm = 98.0067, GNorm = 0.5834, lr_0 = 5.8049e-04
Loss = 5.6036e-02, PNorm = 98.0362, GNorm = 0.3449, lr_0 = 5.7989e-04
Loss = 3.5443e-02, PNorm = 98.0596, GNorm = 0.1981, lr_0 = 5.7930e-04
Loss = 2.4894e-02, PNorm = 98.0771, GNorm = 0.1386, lr_0 = 5.7870e-04
Loss = 6.2732e-02, PNorm = 98.0895, GNorm = 0.2290, lr_0 = 5.7811e-04
Loss = 9.5576e-02, PNorm = 98.1038, GNorm = 0.4459, lr_0 = 5.7751e-04
Loss = 7.4981e-02, PNorm = 98.1208, GNorm = 0.5316, lr_0 = 5.7692e-04
Loss = 2.2170e-02, PNorm = 98.1492, GNorm = 0.2074, lr_0 = 5.7633e-04
Loss = 4.0798e-02, PNorm = 98.1687, GNorm = 0.0630, lr_0 = 5.7574e-04
Loss = 2.2488e-02, PNorm = 98.1784, GNorm = 0.7784, lr_0 = 5.7514e-04
Loss = 5.2367e-02, PNorm = 98.1783, GNorm = 0.1564, lr_0 = 5.7455e-04
Loss = 3.0303e-02, PNorm = 98.1815, GNorm = 0.2378, lr_0 = 5.7396e-04
Loss = 5.6742e-02, PNorm = 98.1903, GNorm = 1.0916, lr_0 = 5.7337e-04
Loss = 3.1322e-02, PNorm = 98.1955, GNorm = 0.2599, lr_0 = 5.7278e-04
Loss = 4.8211e-02, PNorm = 98.2071, GNorm = 1.5068, lr_0 = 5.7220e-04
Loss = 3.7731e-02, PNorm = 98.2091, GNorm = 0.2225, lr_0 = 5.7161e-04
Loss = 5.1979e-02, PNorm = 98.2172, GNorm = 0.7294, lr_0 = 5.7102e-04
Loss = 2.7679e-02, PNorm = 98.2228, GNorm = 0.2385, lr_0 = 5.7043e-04
Loss = 3.7347e-02, PNorm = 98.2349, GNorm = 0.7197, lr_0 = 5.6985e-04
Loss = 3.9895e-02, PNorm = 98.2416, GNorm = 0.1976, lr_0 = 5.6926e-04
Loss = 2.4022e-02, PNorm = 98.2517, GNorm = 0.5022, lr_0 = 5.6868e-04
Loss = 1.4439e-02, PNorm = 98.2626, GNorm = 0.0947, lr_0 = 5.6809e-04
Loss = 1.7939e-02, PNorm = 98.2717, GNorm = 0.0674, lr_0 = 5.6751e-04
Loss = 7.8022e-02, PNorm = 98.2653, GNorm = 0.2165, lr_0 = 5.6693e-04
Loss = 3.6192e-02, PNorm = 98.2680, GNorm = 0.3083, lr_0 = 5.6634e-04
Loss = 5.7599e-02, PNorm = 98.2815, GNorm = 0.2286, lr_0 = 5.6576e-04
Loss = 6.2367e-02, PNorm = 98.2849, GNorm = 1.0822, lr_0 = 5.6518e-04
Loss = 4.6732e-02, PNorm = 98.2918, GNorm = 0.2983, lr_0 = 5.6460e-04
Loss = 6.6499e-02, PNorm = 98.3041, GNorm = 2.1309, lr_0 = 5.6402e-04
Loss = 8.6948e-02, PNorm = 98.3048, GNorm = 0.5161, lr_0 = 5.6344e-04
Loss = 6.2384e-02, PNorm = 98.3236, GNorm = 0.3645, lr_0 = 5.6286e-04
Loss = 3.9814e-02, PNorm = 98.3480, GNorm = 0.1221, lr_0 = 5.6228e-04
Validation auc = 0.552024
Epoch 9
Loss = 5.2382e-02, PNorm = 98.3523, GNorm = 0.1647, lr_0 = 5.6171e-04
Loss = 5.7204e-02, PNorm = 98.3513, GNorm = 0.3526, lr_0 = 5.6113e-04
Loss = 5.9461e-02, PNorm = 98.3618, GNorm = 0.3908, lr_0 = 5.6055e-04
Loss = 8.1328e-02, PNorm = 98.3703, GNorm = 0.5080, lr_0 = 5.5998e-04
Loss = 5.1367e-02, PNorm = 98.3797, GNorm = 0.6350, lr_0 = 5.5940e-04
Loss = 3.9577e-02, PNorm = 98.3915, GNorm = 0.7113, lr_0 = 5.5883e-04
Loss = 7.0944e-02, PNorm = 98.3955, GNorm = 0.2622, lr_0 = 5.5825e-04
Loss = 3.6058e-02, PNorm = 98.4050, GNorm = 0.3371, lr_0 = 5.5768e-04
Loss = 7.6947e-02, PNorm = 98.4187, GNorm = 0.3924, lr_0 = 5.5711e-04
Loss = 2.9882e-02, PNorm = 98.4292, GNorm = 0.2330, lr_0 = 5.5653e-04
Loss = 1.0781e-01, PNorm = 98.4354, GNorm = 1.0687, lr_0 = 5.5596e-04
Loss = 4.6641e-02, PNorm = 98.4519, GNorm = 0.3193, lr_0 = 5.5539e-04
Loss = 4.6734e-02, PNorm = 98.4728, GNorm = 0.1680, lr_0 = 5.5482e-04
Loss = 4.4260e-02, PNorm = 98.4840, GNorm = 0.1859, lr_0 = 5.5425e-04
Loss = 1.9508e-02, PNorm = 98.5005, GNorm = 0.1447, lr_0 = 5.5368e-04
Loss = 4.9771e-02, PNorm = 98.5067, GNorm = 0.1381, lr_0 = 5.5311e-04
Loss = 5.0455e-02, PNorm = 98.5090, GNorm = 0.2464, lr_0 = 5.5254e-04
Loss = 8.4660e-02, PNorm = 98.5119, GNorm = 0.4695, lr_0 = 5.5198e-04
Loss = 3.8766e-02, PNorm = 98.5279, GNorm = 0.3583, lr_0 = 5.5141e-04
Loss = 4.5402e-02, PNorm = 98.5446, GNorm = 0.1843, lr_0 = 5.5084e-04
Loss = 8.2410e-02, PNorm = 98.5519, GNorm = 0.5094, lr_0 = 5.5028e-04
Loss = 5.3880e-02, PNorm = 98.5567, GNorm = 0.3101, lr_0 = 5.4971e-04
Loss = 4.4967e-02, PNorm = 98.5736, GNorm = 0.4342, lr_0 = 5.4915e-04
Loss = 6.9428e-03, PNorm = 98.6000, GNorm = 0.1035, lr_0 = 5.4858e-04
Loss = 8.7615e-02, PNorm = 98.6128, GNorm = 0.8373, lr_0 = 5.4802e-04
Loss = 6.1866e-02, PNorm = 98.6158, GNorm = 0.9817, lr_0 = 5.4745e-04
Loss = 9.1249e-02, PNorm = 98.6401, GNorm = 0.6162, lr_0 = 5.4689e-04
Loss = 4.0232e-02, PNorm = 98.6886, GNorm = 0.3249, lr_0 = 5.4633e-04
Loss = 1.5414e-01, PNorm = 98.7655, GNorm = 0.1867, lr_0 = 5.4577e-04
Loss = 3.1154e-02, PNorm = 98.9348, GNorm = 0.5523, lr_0 = 5.4521e-04
Loss = 5.8439e-02, PNorm = 99.0270, GNorm = 0.2702, lr_0 = 5.4465e-04
Loss = 8.9531e-02, PNorm = 99.0702, GNorm = 0.5343, lr_0 = 5.4409e-04
Loss = 1.4163e-02, PNorm = 99.1075, GNorm = 0.1848, lr_0 = 5.4353e-04
Loss = 5.7104e-02, PNorm = 99.1304, GNorm = 1.6407, lr_0 = 5.4297e-04
Loss = 5.9502e-02, PNorm = 99.1323, GNorm = 0.3448, lr_0 = 5.4241e-04
Loss = 8.7670e-02, PNorm = 99.1359, GNorm = 0.6145, lr_0 = 5.4186e-04
Loss = 5.5168e-02, PNorm = 99.1476, GNorm = 0.4969, lr_0 = 5.4130e-04
Loss = 4.9241e-02, PNorm = 99.1616, GNorm = 0.5599, lr_0 = 5.4074e-04
Loss = 7.0418e-02, PNorm = 99.1711, GNorm = 0.2489, lr_0 = 5.4019e-04
Loss = 4.9876e-02, PNorm = 99.1777, GNorm = 0.4989, lr_0 = 5.3963e-04
Loss = 1.7274e-02, PNorm = 99.1914, GNorm = 0.2197, lr_0 = 5.3908e-04
Loss = 6.9492e-02, PNorm = 99.1991, GNorm = 0.1864, lr_0 = 5.3852e-04
Loss = 4.2883e-02, PNorm = 99.1996, GNorm = 0.2677, lr_0 = 5.3797e-04
Loss = 6.1003e-02, PNorm = 99.2034, GNorm = 0.3962, lr_0 = 5.3742e-04
Loss = 2.6898e-02, PNorm = 99.2133, GNorm = 0.4165, lr_0 = 5.3687e-04
Loss = 4.8191e-02, PNorm = 99.2210, GNorm = 0.2361, lr_0 = 5.3631e-04
Loss = 4.9535e-02, PNorm = 99.2276, GNorm = 0.2298, lr_0 = 5.3576e-04
Loss = 6.4882e-03, PNorm = 99.2430, GNorm = 0.1520, lr_0 = 5.3521e-04
Loss = 9.3781e-02, PNorm = 99.2409, GNorm = 0.2741, lr_0 = 5.3466e-04
Loss = 4.6297e-02, PNorm = 99.2431, GNorm = 0.3587, lr_0 = 5.3411e-04
Loss = 4.4791e-02, PNorm = 99.2527, GNorm = 0.3199, lr_0 = 5.3357e-04
Loss = 6.1815e-02, PNorm = 99.2611, GNorm = 0.3388, lr_0 = 5.3302e-04
Loss = 2.7803e-02, PNorm = 99.2760, GNorm = 0.2129, lr_0 = 5.3247e-04
Loss = 3.7428e-02, PNorm = 99.2866, GNorm = 0.1620, lr_0 = 5.3192e-04
Loss = 3.7278e-02, PNorm = 99.2895, GNorm = 0.1776, lr_0 = 5.3138e-04
Loss = 4.7819e-02, PNorm = 99.2943, GNorm = 0.1862, lr_0 = 5.3083e-04
Loss = 5.2460e-02, PNorm = 99.3010, GNorm = 1.9377, lr_0 = 5.3028e-04
Loss = 6.1000e-02, PNorm = 99.3003, GNorm = 0.3792, lr_0 = 5.2974e-04
Loss = 3.0363e-02, PNorm = 99.3107, GNorm = 0.2637, lr_0 = 5.2920e-04
Loss = 6.0850e-02, PNorm = 99.3180, GNorm = 0.2693, lr_0 = 5.2865e-04
Loss = 7.4032e-02, PNorm = 99.3242, GNorm = 0.2471, lr_0 = 5.2811e-04
Loss = 6.9793e-02, PNorm = 99.3265, GNorm = 0.4372, lr_0 = 5.2757e-04
Loss = 6.3431e-02, PNorm = 99.3374, GNorm = 0.4982, lr_0 = 5.2702e-04
Loss = 7.6960e-02, PNorm = 99.3503, GNorm = 0.3235, lr_0 = 5.2648e-04
Loss = 4.7856e-02, PNorm = 99.3708, GNorm = 0.9763, lr_0 = 5.2594e-04
Loss = 5.4720e-02, PNorm = 99.3838, GNorm = 0.2736, lr_0 = 5.2540e-04
Loss = 1.6854e-02, PNorm = 99.4022, GNorm = 0.1655, lr_0 = 5.2486e-04
Loss = 3.6353e-02, PNorm = 99.4158, GNorm = 0.1015, lr_0 = 5.2432e-04
Loss = 8.8424e-02, PNorm = 99.4146, GNorm = 0.2492, lr_0 = 5.2378e-04
Loss = 4.0561e-02, PNorm = 99.4237, GNorm = 0.8387, lr_0 = 5.2325e-04
Loss = 3.6356e-02, PNorm = 99.4393, GNorm = 0.2914, lr_0 = 5.2271e-04
Loss = 6.5123e-03, PNorm = 99.4658, GNorm = 0.1433, lr_0 = 5.2217e-04
Loss = 2.1944e-03, PNorm = 99.4926, GNorm = 0.0387, lr_0 = 5.2163e-04
Loss = 3.8365e-02, PNorm = 99.5008, GNorm = 0.0340, lr_0 = 5.2110e-04
Loss = 3.4630e-02, PNorm = 99.4986, GNorm = 0.1156, lr_0 = 5.2056e-04
Loss = 8.3873e-02, PNorm = 99.4921, GNorm = 0.6675, lr_0 = 5.2003e-04
Loss = 4.9709e-02, PNorm = 99.5054, GNorm = 0.5613, lr_0 = 5.1949e-04
Loss = 4.1711e-02, PNorm = 99.5418, GNorm = 0.2609, lr_0 = 5.1896e-04
Loss = 4.9404e-02, PNorm = 99.5541, GNorm = 0.4199, lr_0 = 5.1843e-04
Loss = 4.8402e-02, PNorm = 99.5614, GNorm = 0.2186, lr_0 = 5.1789e-04
Validation auc = 0.549000
Epoch 10
Loss = 5.9143e-02, PNorm = 99.5711, GNorm = 0.4012, lr_0 = 5.1736e-04
Loss = 8.9134e-02, PNorm = 99.5762, GNorm = 0.5203, lr_0 = 5.1683e-04
Loss = 6.3265e-02, PNorm = 99.5919, GNorm = 0.4677, lr_0 = 5.1630e-04
Loss = 4.6583e-02, PNorm = 99.6177, GNorm = 0.8941, lr_0 = 5.1577e-04
Loss = 3.7946e-02, PNorm = 99.6339, GNorm = 0.1700, lr_0 = 5.1524e-04
Loss = 4.7540e-02, PNorm = 99.6434, GNorm = 0.9222, lr_0 = 5.1471e-04
Loss = 3.1460e-02, PNorm = 99.6550, GNorm = 0.1896, lr_0 = 5.1418e-04
Loss = 5.1257e-02, PNorm = 99.6691, GNorm = 0.4883, lr_0 = 5.1365e-04
Loss = 1.5995e-02, PNorm = 99.6870, GNorm = 0.1699, lr_0 = 5.1313e-04
Loss = 6.2760e-02, PNorm = 99.6931, GNorm = 0.7171, lr_0 = 5.1260e-04
Loss = 5.0119e-02, PNorm = 99.7016, GNorm = 0.2937, lr_0 = 5.1207e-04
Loss = 5.8601e-02, PNorm = 99.7176, GNorm = 0.3537, lr_0 = 5.1155e-04
Loss = 6.9304e-02, PNorm = 99.7356, GNorm = 0.4315, lr_0 = 5.1102e-04
Loss = 4.0391e-02, PNorm = 99.7576, GNorm = 0.2446, lr_0 = 5.1049e-04
Loss = 3.4576e-02, PNorm = 99.7769, GNorm = 0.1638, lr_0 = 5.0997e-04
Loss = 4.3493e-02, PNorm = 99.7902, GNorm = 0.1166, lr_0 = 5.0945e-04
Loss = 6.5187e-02, PNorm = 99.7992, GNorm = 0.6519, lr_0 = 5.0892e-04
Loss = 4.5009e-02, PNorm = 99.8154, GNorm = 0.3326, lr_0 = 5.0840e-04
Loss = 4.3672e-02, PNorm = 99.8319, GNorm = 0.2621, lr_0 = 5.0788e-04
Loss = 5.3145e-02, PNorm = 99.8467, GNorm = 0.5568, lr_0 = 5.0736e-04
Loss = 7.2689e-02, PNorm = 99.8508, GNorm = 0.4165, lr_0 = 5.0683e-04
Loss = 4.7824e-02, PNorm = 99.8673, GNorm = 0.2964, lr_0 = 5.0631e-04
Loss = 5.7833e-02, PNorm = 99.8808, GNorm = 0.2846, lr_0 = 5.0579e-04
Loss = 3.0961e-02, PNorm = 99.8986, GNorm = 0.1962, lr_0 = 5.0527e-04
Loss = 1.2649e-02, PNorm = 99.9148, GNorm = 0.0912, lr_0 = 5.0475e-04
Loss = 1.9214e-02, PNorm = 99.9231, GNorm = 0.0847, lr_0 = 5.0424e-04
Loss = 5.2272e-02, PNorm = 99.9258, GNorm = 1.0318, lr_0 = 5.0372e-04
Loss = 3.9471e-02, PNorm = 99.9242, GNorm = 0.1946, lr_0 = 5.0320e-04
Loss = 4.4714e-02, PNorm = 99.9310, GNorm = 0.2474, lr_0 = 5.0268e-04
Loss = 5.5462e-02, PNorm = 99.9390, GNorm = 0.6242, lr_0 = 5.0217e-04
Loss = 5.0943e-02, PNorm = 99.9507, GNorm = 0.3234, lr_0 = 5.0165e-04
Loss = 5.5481e-02, PNorm = 99.9657, GNorm = 0.6517, lr_0 = 5.0114e-04
Loss = 5.5235e-02, PNorm = 99.9744, GNorm = 0.2366, lr_0 = 5.0062e-04
Loss = 2.7961e-02, PNorm = 99.9878, GNorm = 0.2192, lr_0 = 5.0011e-04
Loss = 2.7548e-02, PNorm = 100.0024, GNorm = 0.1142, lr_0 = 4.9959e-04
Loss = 6.2323e-02, PNorm = 100.0048, GNorm = 0.1871, lr_0 = 4.9908e-04
Loss = 7.1098e-02, PNorm = 100.0062, GNorm = 0.3825, lr_0 = 4.9857e-04
Loss = 5.7081e-02, PNorm = 100.0164, GNorm = 0.3220, lr_0 = 4.9805e-04
Loss = 6.9882e-02, PNorm = 100.0340, GNorm = 0.3043, lr_0 = 4.9754e-04
Loss = 4.8635e-02, PNorm = 100.0518, GNorm = 0.3582, lr_0 = 4.9703e-04
Loss = 5.0022e-02, PNorm = 100.0734, GNorm = 0.2636, lr_0 = 4.9652e-04
Loss = 3.8931e-02, PNorm = 100.0981, GNorm = 0.1746, lr_0 = 4.9601e-04
Loss = 6.8834e-02, PNorm = 100.1191, GNorm = 3.5002, lr_0 = 4.9550e-04
Loss = 7.5937e-02, PNorm = 100.1244, GNorm = 0.6574, lr_0 = 4.9499e-04
Loss = 3.5402e-02, PNorm = 100.1705, GNorm = 0.3343, lr_0 = 4.9448e-04
Loss = 1.1419e-01, PNorm = 100.1959, GNorm = 0.8256, lr_0 = 4.9398e-04
Loss = 6.7669e-02, PNorm = 100.2170, GNorm = 0.4913, lr_0 = 4.9347e-04
Loss = 4.0266e-02, PNorm = 100.2351, GNorm = 0.3821, lr_0 = 4.9296e-04
Loss = 5.1152e-02, PNorm = 100.2505, GNorm = 0.2434, lr_0 = 4.9245e-04
Loss = 4.4338e-02, PNorm = 100.2662, GNorm = 0.2256, lr_0 = 4.9195e-04
Loss = 3.4487e-02, PNorm = 100.2789, GNorm = 0.9915, lr_0 = 4.9144e-04
Loss = 6.0150e-02, PNorm = 100.2812, GNorm = 0.8458, lr_0 = 4.9094e-04
Loss = 5.6636e-02, PNorm = 100.2847, GNorm = 0.3634, lr_0 = 4.9043e-04
Loss = 4.6482e-02, PNorm = 100.2996, GNorm = 0.3488, lr_0 = 4.8993e-04
Loss = 1.7395e-02, PNorm = 100.3249, GNorm = 0.1286, lr_0 = 4.8943e-04
Loss = 2.4640e-02, PNorm = 100.3431, GNorm = 0.0467, lr_0 = 4.8892e-04
Loss = 7.0720e-02, PNorm = 100.3356, GNorm = 0.1050, lr_0 = 4.8842e-04
Loss = 1.6021e-01, PNorm = 100.3242, GNorm = 0.6561, lr_0 = 4.8792e-04
Loss = 5.3264e-02, PNorm = 100.3493, GNorm = 0.3594, lr_0 = 4.8742e-04
Loss = 2.3224e-02, PNorm = 100.3887, GNorm = 0.1404, lr_0 = 4.8692e-04
Loss = 5.3746e-02, PNorm = 100.4105, GNorm = 0.9494, lr_0 = 4.8642e-04
Loss = 5.4020e-02, PNorm = 100.4115, GNorm = 0.1781, lr_0 = 4.8592e-04
Loss = 3.5812e-02, PNorm = 100.4219, GNorm = 0.1836, lr_0 = 4.8542e-04
Loss = 6.0756e-02, PNorm = 100.4333, GNorm = 0.5236, lr_0 = 4.8492e-04
Loss = 6.3310e-02, PNorm = 100.4946, GNorm = 0.3691, lr_0 = 4.8442e-04
Loss = 6.0925e-02, PNorm = 100.5657, GNorm = 0.4720, lr_0 = 4.8392e-04
Loss = 4.8474e-02, PNorm = 100.6386, GNorm = 0.6824, lr_0 = 4.8343e-04
Loss = 3.5338e-02, PNorm = 100.6748, GNorm = 0.2053, lr_0 = 4.8293e-04
Loss = 4.4687e-02, PNorm = 100.6932, GNorm = 0.1801, lr_0 = 4.8243e-04
Loss = 3.8473e-02, PNorm = 100.7041, GNorm = 0.1494, lr_0 = 4.8194e-04
Loss = 3.3369e-02, PNorm = 100.7151, GNorm = 0.1332, lr_0 = 4.8144e-04
Loss = 2.4767e-02, PNorm = 100.7266, GNorm = 0.1640, lr_0 = 4.8095e-04
Loss = 4.0435e-03, PNorm = 100.7451, GNorm = 0.0675, lr_0 = 4.8045e-04
Loss = 9.1714e-02, PNorm = 100.7438, GNorm = 0.8632, lr_0 = 4.7996e-04
Loss = 8.8766e-02, PNorm = 100.7419, GNorm = 0.7676, lr_0 = 4.7947e-04
Loss = 6.4308e-02, PNorm = 100.7573, GNorm = 0.4715, lr_0 = 4.7897e-04
Loss = 6.8092e-02, PNorm = 100.7818, GNorm = 0.5055, lr_0 = 4.7848e-04
Loss = 3.5928e-02, PNorm = 100.8031, GNorm = 0.1174, lr_0 = 4.7799e-04
Loss = 5.8845e-02, PNorm = 100.8101, GNorm = 0.6921, lr_0 = 4.7750e-04
Loss = 5.9900e-02, PNorm = 100.8161, GNorm = 0.2984, lr_0 = 4.7701e-04
Validation auc = 0.550451
Epoch 11
Loss = 5.2864e-02, PNorm = 100.8347, GNorm = 0.3003, lr_0 = 4.7652e-04
Loss = 5.6716e-02, PNorm = 100.8511, GNorm = 0.2292, lr_0 = 4.7603e-04
Loss = 8.8223e-02, PNorm = 100.8568, GNorm = 0.3838, lr_0 = 4.7554e-04
Loss = 6.0054e-02, PNorm = 100.8720, GNorm = 0.3504, lr_0 = 4.7505e-04
Loss = 2.9007e-02, PNorm = 100.8953, GNorm = 0.6396, lr_0 = 4.7456e-04
Loss = 1.3665e-02, PNorm = 100.9158, GNorm = 0.0655, lr_0 = 4.7408e-04
Loss = 8.4259e-02, PNorm = 100.9428, GNorm = 1.0362, lr_0 = 4.7359e-04
Loss = 9.1578e-02, PNorm = 100.9812, GNorm = 1.0538, lr_0 = 4.7310e-04
Loss = 4.1049e-02, PNorm = 101.0170, GNorm = 0.5023, lr_0 = 4.7262e-04
Loss = 3.1254e-02, PNorm = 101.0518, GNorm = 0.2025, lr_0 = 4.7213e-04
Loss = 1.0919e-01, PNorm = 101.0619, GNorm = 0.6311, lr_0 = 4.7165e-04
Loss = 1.0145e-01, PNorm = 101.0612, GNorm = 0.5639, lr_0 = 4.7116e-04
Loss = 9.7298e-02, PNorm = 101.0721, GNorm = 0.8633, lr_0 = 4.7068e-04
Loss = 3.5021e-02, PNorm = 101.1041, GNorm = 0.2176, lr_0 = 4.7019e-04
Loss = 3.7217e-02, PNorm = 101.1259, GNorm = 0.0944, lr_0 = 4.6971e-04
Loss = 7.7191e-02, PNorm = 101.1284, GNorm = 0.1696, lr_0 = 4.6923e-04
Loss = 4.2067e-02, PNorm = 101.1347, GNorm = 0.4979, lr_0 = 4.6875e-04
Loss = 6.5169e-02, PNorm = 101.1518, GNorm = 0.3463, lr_0 = 4.6826e-04
Loss = 5.4048e-02, PNorm = 101.1641, GNorm = 0.2819, lr_0 = 4.6778e-04
Loss = 6.0845e-02, PNorm = 101.1754, GNorm = 0.1882, lr_0 = 4.6730e-04
Loss = 5.1263e-02, PNorm = 101.1815, GNorm = 0.2389, lr_0 = 4.6682e-04
Loss = 7.0147e-02, PNorm = 101.1864, GNorm = 0.3475, lr_0 = 4.6634e-04
Loss = 3.5410e-02, PNorm = 101.1985, GNorm = 0.2397, lr_0 = 4.6586e-04
Loss = 7.9295e-02, PNorm = 101.2074, GNorm = 0.6350, lr_0 = 4.6539e-04
Loss = 8.0711e-02, PNorm = 101.2133, GNorm = 0.3516, lr_0 = 4.6491e-04
Loss = 6.0694e-02, PNorm = 101.2281, GNorm = 0.3028, lr_0 = 4.6443e-04
Loss = 1.0246e-02, PNorm = 101.2487, GNorm = 0.1725, lr_0 = 4.6395e-04
Loss = 3.1012e-02, PNorm = 101.2621, GNorm = 0.0553, lr_0 = 4.6348e-04
Loss = 5.1187e-02, PNorm = 101.2641, GNorm = 0.0633, lr_0 = 4.6300e-04
Loss = 3.6231e-02, PNorm = 101.2616, GNorm = 0.1891, lr_0 = 4.6252e-04
Loss = 3.8790e-02, PNorm = 101.2682, GNorm = 0.2187, lr_0 = 4.6205e-04
Loss = 2.7197e-02, PNorm = 101.2795, GNorm = 0.1613, lr_0 = 4.6157e-04
Loss = 5.3526e-02, PNorm = 101.2894, GNorm = 0.1698, lr_0 = 4.6110e-04
Loss = 2.6862e-02, PNorm = 101.2982, GNorm = 0.1364, lr_0 = 4.6063e-04
Loss = 2.6363e-02, PNorm = 101.3077, GNorm = 0.5815, lr_0 = 4.6015e-04
Loss = 3.6308e-03, PNorm = 101.3188, GNorm = 0.0668, lr_0 = 4.5968e-04
Loss = 6.7089e-02, PNorm = 101.3181, GNorm = 0.1281, lr_0 = 4.5921e-04
Loss = 6.1715e-02, PNorm = 101.3183, GNorm = 0.2475, lr_0 = 4.5874e-04
Loss = 6.1993e-02, PNorm = 101.3260, GNorm = 0.4140, lr_0 = 4.5826e-04
Loss = 5.9605e-02, PNorm = 101.3397, GNorm = 0.2844, lr_0 = 4.5779e-04
Loss = 3.5587e-02, PNorm = 101.3520, GNorm = 0.1849, lr_0 = 4.5732e-04
Loss = 4.5210e-02, PNorm = 101.3623, GNorm = 0.1427, lr_0 = 4.5685e-04
Loss = 5.2396e-02, PNorm = 101.3694, GNorm = 1.3250, lr_0 = 4.5638e-04
Loss = 8.9748e-02, PNorm = 101.3664, GNorm = 0.9390, lr_0 = 4.5592e-04
Loss = 4.4794e-02, PNorm = 101.3787, GNorm = 0.4183, lr_0 = 4.5545e-04
Loss = 7.1754e-02, PNorm = 101.3937, GNorm = 0.3107, lr_0 = 4.5498e-04
Loss = 8.4142e-02, PNorm = 101.4016, GNorm = 0.2871, lr_0 = 4.5451e-04
Loss = 4.6416e-02, PNorm = 101.4098, GNorm = 0.2580, lr_0 = 4.5404e-04
Loss = 2.6242e-02, PNorm = 101.4260, GNorm = 0.1341, lr_0 = 4.5358e-04
Loss = 6.1977e-02, PNorm = 101.4345, GNorm = 1.3537, lr_0 = 4.5311e-04
Loss = 2.3363e-02, PNorm = 101.4406, GNorm = 0.1745, lr_0 = 4.5265e-04
Loss = 1.9551e-02, PNorm = 101.4517, GNorm = 0.1674, lr_0 = 4.5218e-04
Loss = 2.5210e-02, PNorm = 101.4610, GNorm = 0.1079, lr_0 = 4.5172e-04
Loss = 6.1471e-02, PNorm = 101.4636, GNorm = 0.5245, lr_0 = 4.5125e-04
Loss = 8.2516e-02, PNorm = 101.4635, GNorm = 0.5516, lr_0 = 4.5079e-04
Loss = 3.5715e-02, PNorm = 101.4798, GNorm = 0.8678, lr_0 = 4.5033e-04
Loss = 5.3640e-02, PNorm = 101.4983, GNorm = 0.5278, lr_0 = 4.4986e-04
Loss = 7.1306e-02, PNorm = 101.4990, GNorm = 0.3225, lr_0 = 4.4940e-04
Loss = 2.7556e-02, PNorm = 101.5175, GNorm = 0.3125, lr_0 = 4.4894e-04
Loss = 7.6416e-02, PNorm = 101.5289, GNorm = 0.4858, lr_0 = 4.4848e-04
Loss = 4.7970e-02, PNorm = 101.5369, GNorm = 0.3336, lr_0 = 4.4802e-04
Loss = 5.0592e-02, PNorm = 101.5528, GNorm = 0.2332, lr_0 = 4.4756e-04
Loss = 4.0309e-02, PNorm = 101.5734, GNorm = 0.1889, lr_0 = 4.4710e-04
Loss = 7.3321e-02, PNorm = 101.5814, GNorm = 0.5011, lr_0 = 4.4664e-04
Loss = 4.0013e-02, PNorm = 101.5908, GNorm = 0.2324, lr_0 = 4.4618e-04
Loss = 5.7593e-02, PNorm = 101.5997, GNorm = 0.3170, lr_0 = 4.4572e-04
Loss = 5.6724e-02, PNorm = 101.6108, GNorm = 0.2318, lr_0 = 4.4526e-04
Loss = 5.9668e-02, PNorm = 101.6206, GNorm = 0.3455, lr_0 = 4.4480e-04
Loss = 1.9931e-02, PNorm = 101.6402, GNorm = 0.1369, lr_0 = 4.4435e-04
Loss = 6.5274e-02, PNorm = 101.6507, GNorm = 0.5142, lr_0 = 4.4389e-04
Loss = 1.9013e-02, PNorm = 101.6583, GNorm = 0.1897, lr_0 = 4.4344e-04
Loss = 2.6153e-02, PNorm = 101.6717, GNorm = 0.1209, lr_0 = 4.4298e-04
Loss = 4.2978e-02, PNorm = 101.6792, GNorm = 0.1466, lr_0 = 4.4252e-04
Loss = 4.9453e-02, PNorm = 101.6829, GNorm = 0.2240, lr_0 = 4.4207e-04
Loss = 2.9596e-02, PNorm = 101.6941, GNorm = 0.2101, lr_0 = 4.4162e-04
Loss = 8.0780e-02, PNorm = 101.6985, GNorm = 0.6743, lr_0 = 4.4116e-04
Loss = 2.8944e-02, PNorm = 101.7122, GNorm = 0.3910, lr_0 = 4.4071e-04
Loss = 4.3485e-02, PNorm = 101.7289, GNorm = 0.1677, lr_0 = 4.4026e-04
Loss = 4.7422e-02, PNorm = 101.7417, GNorm = 0.5026, lr_0 = 4.3980e-04
Loss = 4.7641e-02, PNorm = 101.7527, GNorm = 0.2672, lr_0 = 4.3935e-04
Validation auc = 0.564982
Epoch 12
Loss = 7.0521e-02, PNorm = 101.7662, GNorm = 0.3619, lr_0 = 4.3890e-04
Loss = 4.3423e-02, PNorm = 101.7886, GNorm = 0.5850, lr_0 = 4.3845e-04
Loss = 5.4934e-02, PNorm = 101.8077, GNorm = 0.4615, lr_0 = 4.3800e-04
Loss = 3.9636e-02, PNorm = 101.8219, GNorm = 0.2665, lr_0 = 4.3755e-04
Loss = 7.4647e-02, PNorm = 101.8409, GNorm = 0.3405, lr_0 = 4.3710e-04
Loss = 4.2171e-02, PNorm = 101.8671, GNorm = 0.2691, lr_0 = 4.3665e-04
Loss = 6.5428e-02, PNorm = 101.8832, GNorm = 0.2915, lr_0 = 4.3620e-04
Loss = 5.3623e-02, PNorm = 101.8999, GNorm = 0.9610, lr_0 = 4.3575e-04
Loss = 3.2280e-02, PNorm = 101.9174, GNorm = 0.2100, lr_0 = 4.3531e-04
Loss = 5.5710e-02, PNorm = 101.9335, GNorm = 0.2461, lr_0 = 4.3486e-04
Loss = 6.7141e-02, PNorm = 101.9479, GNorm = 0.3358, lr_0 = 4.3441e-04
Loss = 3.9264e-02, PNorm = 101.9659, GNorm = 0.3182, lr_0 = 4.3397e-04
Loss = 3.6198e-02, PNorm = 101.9853, GNorm = 0.1954, lr_0 = 4.3352e-04
Loss = 9.9498e-02, PNorm = 102.0050, GNorm = 0.4732, lr_0 = 4.3307e-04
Loss = 4.9828e-02, PNorm = 102.0437, GNorm = 0.2715, lr_0 = 4.3263e-04
Loss = 2.9382e-02, PNorm = 102.0704, GNorm = 0.1897, lr_0 = 4.3218e-04
Loss = 2.8302e-02, PNorm = 102.0889, GNorm = 0.1807, lr_0 = 4.3174e-04
Loss = 8.1673e-02, PNorm = 102.0979, GNorm = 0.7262, lr_0 = 4.3130e-04
Loss = 6.9000e-02, PNorm = 102.1036, GNorm = 0.5407, lr_0 = 4.3085e-04
Loss = 4.3477e-02, PNorm = 102.1260, GNorm = 0.6512, lr_0 = 4.3041e-04
Loss = 4.0125e-02, PNorm = 102.1528, GNorm = 0.1263, lr_0 = 4.2997e-04
Loss = 6.3876e-02, PNorm = 102.1614, GNorm = 1.7251, lr_0 = 4.2953e-04
Loss = 4.4455e-02, PNorm = 102.1647, GNorm = 0.3264, lr_0 = 4.2909e-04
Loss = 8.1052e-02, PNorm = 102.1728, GNorm = 0.5549, lr_0 = 4.2865e-04
Loss = 6.5381e-02, PNorm = 102.1905, GNorm = 0.6264, lr_0 = 4.2821e-04
Loss = 2.9461e-02, PNorm = 102.2132, GNorm = 0.1940, lr_0 = 4.2777e-04
Loss = 3.7775e-02, PNorm = 102.2266, GNorm = 0.1431, lr_0 = 4.2733e-04
Loss = 7.2294e-02, PNorm = 102.2246, GNorm = 0.2442, lr_0 = 4.2689e-04
Loss = 4.5420e-02, PNorm = 102.2321, GNorm = 0.3277, lr_0 = 4.2645e-04
Loss = 4.8717e-02, PNorm = 102.2456, GNorm = 0.7523, lr_0 = 4.2601e-04
Loss = 2.7646e-02, PNorm = 102.2605, GNorm = 0.7183, lr_0 = 4.2557e-04
Loss = 6.8587e-02, PNorm = 102.2651, GNorm = 0.6773, lr_0 = 4.2513e-04
Loss = 1.0525e-01, PNorm = 102.2611, GNorm = 0.5356, lr_0 = 4.2470e-04
Loss = 3.0736e-02, PNorm = 102.2794, GNorm = 0.4191, lr_0 = 4.2426e-04
Loss = 4.8832e-02, PNorm = 102.2992, GNorm = 0.1505, lr_0 = 4.2383e-04
Loss = 1.6979e-02, PNorm = 102.3160, GNorm = 0.1016, lr_0 = 4.2339e-04
Loss = 5.2934e-02, PNorm = 102.3186, GNorm = 0.9999, lr_0 = 4.2296e-04
Loss = 6.7279e-02, PNorm = 102.3155, GNorm = 0.3219, lr_0 = 4.2252e-04
Loss = 3.1546e-02, PNorm = 102.3258, GNorm = 0.3520, lr_0 = 4.2209e-04
Loss = 1.0003e-01, PNorm = 102.3313, GNorm = 0.3390, lr_0 = 4.2165e-04
Loss = 2.1885e-02, PNorm = 102.3426, GNorm = 0.3892, lr_0 = 4.2122e-04
Loss = 6.6059e-02, PNorm = 102.3566, GNorm = 0.6941, lr_0 = 4.2079e-04
Loss = 6.7763e-02, PNorm = 102.3628, GNorm = 0.4533, lr_0 = 4.2035e-04
Loss = 4.6816e-02, PNorm = 102.3795, GNorm = 0.3568, lr_0 = 4.1992e-04
Loss = 2.0198e-02, PNorm = 102.4044, GNorm = 0.1484, lr_0 = 4.1949e-04
Loss = 1.5743e-02, PNorm = 102.4258, GNorm = 0.1020, lr_0 = 4.1906e-04
Loss = 4.1434e-02, PNorm = 102.4303, GNorm = 0.1081, lr_0 = 4.1863e-04
Loss = 2.3263e-02, PNorm = 102.4348, GNorm = 0.1379, lr_0 = 4.1820e-04
Loss = 8.8638e-02, PNorm = 102.4346, GNorm = 0.2795, lr_0 = 4.1777e-04
Loss = 6.1155e-02, PNorm = 102.4448, GNorm = 0.6284, lr_0 = 4.1734e-04
Loss = 6.7411e-02, PNorm = 102.4673, GNorm = 0.4060, lr_0 = 4.1691e-04
Loss = 2.2507e-02, PNorm = 102.4982, GNorm = 0.2788, lr_0 = 4.1648e-04
Loss = 3.3724e-02, PNorm = 102.5203, GNorm = 0.1672, lr_0 = 4.1606e-04
Loss = 4.9219e-02, PNorm = 102.5280, GNorm = 0.7524, lr_0 = 4.1563e-04
Loss = 4.5169e-02, PNorm = 102.5313, GNorm = 0.8833, lr_0 = 4.1520e-04
Loss = 4.8294e-02, PNorm = 102.5380, GNorm = 1.7393, lr_0 = 4.1477e-04
Loss = 9.6589e-03, PNorm = 102.5480, GNorm = 0.2675, lr_0 = 4.1435e-04
Loss = 4.8173e-02, PNorm = 102.5596, GNorm = 0.8781, lr_0 = 4.1392e-04
Loss = 9.1495e-02, PNorm = 102.5588, GNorm = 0.4093, lr_0 = 4.1350e-04
Loss = 2.9593e-02, PNorm = 102.5691, GNorm = 0.6362, lr_0 = 4.1307e-04
Loss = 6.1441e-02, PNorm = 102.5802, GNorm = 0.3490, lr_0 = 4.1265e-04
Loss = 3.7425e-02, PNorm = 102.5943, GNorm = 1.2650, lr_0 = 4.1222e-04
Loss = 5.5181e-02, PNorm = 102.6002, GNorm = 0.2651, lr_0 = 4.1180e-04
Loss = 3.6691e-02, PNorm = 102.6086, GNorm = 0.2494, lr_0 = 4.1138e-04
Loss = 5.3323e-02, PNorm = 102.6155, GNorm = 0.2782, lr_0 = 4.1096e-04
Loss = 5.9161e-02, PNorm = 102.6227, GNorm = 0.3561, lr_0 = 4.1053e-04
Loss = 6.0610e-02, PNorm = 102.6333, GNorm = 0.4242, lr_0 = 4.1011e-04
Loss = 8.0609e-02, PNorm = 102.6412, GNorm = 0.4260, lr_0 = 4.0969e-04
Loss = 6.4008e-02, PNorm = 102.6466, GNorm = 0.4593, lr_0 = 4.0927e-04
Loss = 4.5183e-02, PNorm = 102.6602, GNorm = 1.9533, lr_0 = 4.0885e-04
Loss = 6.4777e-02, PNorm = 102.6652, GNorm = 0.2862, lr_0 = 4.0843e-04
Loss = 4.5998e-02, PNorm = 102.6741, GNorm = 0.3629, lr_0 = 4.0801e-04
Loss = 9.0425e-03, PNorm = 102.6883, GNorm = 0.2208, lr_0 = 4.0759e-04
Loss = 4.1980e-02, PNorm = 102.6997, GNorm = 0.0851, lr_0 = 4.0717e-04
Loss = 5.0727e-02, PNorm = 102.7002, GNorm = 1.8016, lr_0 = 4.0675e-04
Loss = 1.0217e-01, PNorm = 102.6935, GNorm = 0.9105, lr_0 = 4.0633e-04
Loss = 9.2360e-02, PNorm = 102.7023, GNorm = 1.0985, lr_0 = 4.0592e-04
Loss = 5.3238e-02, PNorm = 102.7239, GNorm = 0.4306, lr_0 = 4.0550e-04
Loss = 3.2799e-02, PNorm = 102.7488, GNorm = 0.1973, lr_0 = 4.0508e-04
Loss = 3.1642e-02, PNorm = 102.7652, GNorm = 0.1704, lr_0 = 4.0467e-04
Validation auc = 0.580519
Epoch 13
Loss = 7.9559e-02, PNorm = 102.7740, GNorm = 0.9009, lr_0 = 4.0425e-04
Loss = 2.9386e-02, PNorm = 102.7813, GNorm = 0.8567, lr_0 = 4.0384e-04
Loss = 7.0225e-02, PNorm = 102.7946, GNorm = 0.9032, lr_0 = 4.0342e-04
Loss = 3.5380e-02, PNorm = 102.8188, GNorm = 0.5807, lr_0 = 4.0301e-04
Loss = 5.0470e-02, PNorm = 102.8404, GNorm = 0.5290, lr_0 = 4.0259e-04
Loss = 4.8395e-02, PNorm = 102.8552, GNorm = 0.6942, lr_0 = 4.0218e-04
Loss = 5.9574e-02, PNorm = 102.8668, GNorm = 0.5875, lr_0 = 4.0177e-04
Loss = 3.5291e-02, PNorm = 102.8805, GNorm = 0.2843, lr_0 = 4.0135e-04
Loss = 8.5339e-02, PNorm = 102.8872, GNorm = 0.4410, lr_0 = 4.0094e-04
Loss = 1.3770e-02, PNorm = 102.8993, GNorm = 0.3111, lr_0 = 4.0053e-04
Loss = 8.3455e-02, PNorm = 102.9087, GNorm = 0.6117, lr_0 = 4.0012e-04
Loss = 5.5264e-02, PNorm = 102.9139, GNorm = 0.3430, lr_0 = 3.9971e-04
Loss = 3.2888e-02, PNorm = 102.9260, GNorm = 0.4004, lr_0 = 3.9930e-04
Loss = 4.1399e-02, PNorm = 102.9426, GNorm = 0.1570, lr_0 = 3.9889e-04
Loss = 4.8262e-02, PNorm = 102.9531, GNorm = 0.1817, lr_0 = 3.9848e-04
Loss = 2.7463e-02, PNorm = 102.9589, GNorm = 0.1850, lr_0 = 3.9807e-04
Loss = 1.5219e-02, PNorm = 102.9743, GNorm = 0.1342, lr_0 = 3.9766e-04
Loss = 2.8558e-02, PNorm = 102.9867, GNorm = 0.0945, lr_0 = 3.9725e-04
Loss = 8.8091e-02, PNorm = 102.9885, GNorm = 2.4091, lr_0 = 3.9684e-04
Loss = 4.9630e-02, PNorm = 102.9759, GNorm = 0.5456, lr_0 = 3.9643e-04
Loss = 6.4883e-02, PNorm = 102.9825, GNorm = 0.6021, lr_0 = 3.9603e-04
Loss = 4.1943e-02, PNorm = 103.0005, GNorm = 0.8658, lr_0 = 3.9562e-04
Loss = 5.4980e-02, PNorm = 103.0157, GNorm = 0.7379, lr_0 = 3.9521e-04
Loss = 7.4123e-02, PNorm = 103.0215, GNorm = 0.3757, lr_0 = 3.9481e-04
Loss = 1.1810e-02, PNorm = 103.0364, GNorm = 0.2874, lr_0 = 3.9440e-04
Loss = 5.4076e-02, PNorm = 103.0490, GNorm = 0.1684, lr_0 = 3.9400e-04
Loss = 2.2345e-02, PNorm = 103.0583, GNorm = 0.5571, lr_0 = 3.9359e-04
Loss = 5.0752e-02, PNorm = 103.0659, GNorm = 0.5535, lr_0 = 3.9319e-04
Loss = 4.1744e-02, PNorm = 103.0713, GNorm = 0.2995, lr_0 = 3.9278e-04
Loss = 3.6976e-02, PNorm = 103.0845, GNorm = 0.4743, lr_0 = 3.9238e-04
Loss = 3.9376e-02, PNorm = 103.0954, GNorm = 0.9653, lr_0 = 3.9198e-04
Loss = 1.7913e-02, PNorm = 103.1022, GNorm = 0.1880, lr_0 = 3.9157e-04
Loss = 1.6459e-02, PNorm = 103.1112, GNorm = 0.1105, lr_0 = 3.9117e-04
Loss = 8.4575e-02, PNorm = 103.1109, GNorm = 1.2408, lr_0 = 3.9077e-04
Loss = 4.7775e-02, PNorm = 103.1106, GNorm = 0.4010, lr_0 = 3.9037e-04
Loss = 3.7503e-02, PNorm = 103.1185, GNorm = 0.3332, lr_0 = 3.8997e-04
Loss = 5.8465e-02, PNorm = 103.1315, GNorm = 0.3592, lr_0 = 3.8957e-04
Loss = 7.0176e-02, PNorm = 103.1496, GNorm = 1.4854, lr_0 = 3.8917e-04
Loss = 5.5378e-02, PNorm = 103.1590, GNorm = 0.6439, lr_0 = 3.8877e-04
Loss = 2.1873e-02, PNorm = 103.1799, GNorm = 0.3067, lr_0 = 3.8837e-04
Loss = 3.8944e-02, PNorm = 103.1976, GNorm = 0.1895, lr_0 = 3.8797e-04
Loss = 3.9033e-02, PNorm = 103.2105, GNorm = 0.2255, lr_0 = 3.8757e-04
Loss = 6.6109e-02, PNorm = 103.2146, GNorm = 0.2608, lr_0 = 3.8717e-04
Loss = 5.9648e-02, PNorm = 103.2222, GNorm = 1.1213, lr_0 = 3.8677e-04
Loss = 5.3118e-02, PNorm = 103.2311, GNorm = 0.5331, lr_0 = 3.8637e-04
Loss = 3.7732e-02, PNorm = 103.2446, GNorm = 0.2528, lr_0 = 3.8598e-04
Loss = 1.4808e-01, PNorm = 103.3052, GNorm = 0.5510, lr_0 = 3.8558e-04
Loss = 3.2791e-02, PNorm = 103.3797, GNorm = 0.3984, lr_0 = 3.8519e-04
Loss = 1.3571e-02, PNorm = 103.4490, GNorm = 0.1128, lr_0 = 3.8479e-04
Loss = 4.1344e-02, PNorm = 103.4831, GNorm = 0.0702, lr_0 = 3.8439e-04
Loss = 4.9132e-02, PNorm = 103.4932, GNorm = 0.1137, lr_0 = 3.8400e-04
Loss = 5.3836e-02, PNorm = 103.4987, GNorm = 0.2582, lr_0 = 3.8360e-04
Loss = 4.5662e-02, PNorm = 103.5068, GNorm = 0.3489, lr_0 = 3.8321e-04
Loss = 5.1615e-02, PNorm = 103.5179, GNorm = 0.3201, lr_0 = 3.8282e-04
Loss = 6.4995e-02, PNorm = 103.5263, GNorm = 0.4089, lr_0 = 3.8242e-04
Loss = 4.7222e-02, PNorm = 103.5404, GNorm = 0.3598, lr_0 = 3.8203e-04
Loss = 4.9052e-02, PNorm = 103.5550, GNorm = 0.2626, lr_0 = 3.8164e-04
Loss = 7.8176e-02, PNorm = 103.5627, GNorm = 0.3766, lr_0 = 3.8125e-04
Loss = 8.3664e-02, PNorm = 103.5721, GNorm = 0.7668, lr_0 = 3.8085e-04
Loss = 7.5710e-02, PNorm = 103.5828, GNorm = 0.6177, lr_0 = 3.8046e-04
Loss = 4.5600e-02, PNorm = 103.6035, GNorm = 1.1871, lr_0 = 3.8007e-04
Loss = 6.3436e-02, PNorm = 103.6151, GNorm = 0.2794, lr_0 = 3.7968e-04
Loss = 5.8208e-02, PNorm = 103.6239, GNorm = 0.7157, lr_0 = 3.7929e-04
Loss = 4.6682e-02, PNorm = 103.6405, GNorm = 0.2974, lr_0 = 3.7890e-04
Loss = 3.6523e-02, PNorm = 103.6566, GNorm = 0.2309, lr_0 = 3.7851e-04
Loss = 6.2187e-02, PNorm = 103.6657, GNorm = 0.2038, lr_0 = 3.7812e-04
Loss = 8.1800e-02, PNorm = 103.6693, GNorm = 0.6058, lr_0 = 3.7774e-04
Loss = 5.2713e-02, PNorm = 103.6863, GNorm = 0.4664, lr_0 = 3.7735e-04
Loss = 6.4041e-02, PNorm = 103.7076, GNorm = 0.3799, lr_0 = 3.7696e-04
Loss = 9.8729e-02, PNorm = 103.7221, GNorm = 0.4476, lr_0 = 3.7657e-04
Loss = 5.9893e-02, PNorm = 103.7446, GNorm = 0.4904, lr_0 = 3.7619e-04
Loss = 6.1258e-02, PNorm = 103.7638, GNorm = 0.7971, lr_0 = 3.7580e-04
Loss = 9.6624e-03, PNorm = 103.7872, GNorm = 0.2604, lr_0 = 3.7541e-04
Loss = 4.2215e-02, PNorm = 103.7957, GNorm = 0.1554, lr_0 = 3.7503e-04
Loss = 7.7561e-02, PNorm = 103.7989, GNorm = 0.2629, lr_0 = 3.7464e-04
Loss = 5.4739e-02, PNorm = 103.8051, GNorm = 1.2161, lr_0 = 3.7426e-04
Loss = 5.6636e-02, PNorm = 103.8144, GNorm = 0.4171, lr_0 = 3.7387e-04
Loss = 3.4947e-02, PNorm = 103.8323, GNorm = 1.0239, lr_0 = 3.7349e-04
Loss = 4.7891e-02, PNorm = 103.8423, GNorm = 0.2626, lr_0 = 3.7310e-04
Loss = 1.1634e-01, PNorm = 103.8411, GNorm = 0.9507, lr_0 = 3.7272e-04
Validation auc = 0.560510
Epoch 14
Loss = 2.3024e-02, PNorm = 103.8520, GNorm = 0.4958, lr_0 = 3.7234e-04
Loss = 7.2709e-02, PNorm = 103.8663, GNorm = 1.3422, lr_0 = 3.7196e-04
Loss = 4.7451e-02, PNorm = 103.8756, GNorm = 0.2879, lr_0 = 3.7157e-04
Loss = 2.9838e-02, PNorm = 103.8850, GNorm = 0.2561, lr_0 = 3.7119e-04
Loss = 5.5534e-02, PNorm = 103.8966, GNorm = 1.5078, lr_0 = 3.7081e-04
Loss = 5.9817e-02, PNorm = 103.9018, GNorm = 0.5518, lr_0 = 3.7043e-04
Loss = 4.9407e-02, PNorm = 103.9074, GNorm = 0.4096, lr_0 = 3.7005e-04
Loss = 5.8238e-02, PNorm = 103.9192, GNorm = 0.4472, lr_0 = 3.6967e-04
Loss = 3.0017e-02, PNorm = 103.9309, GNorm = 0.3775, lr_0 = 3.6929e-04
Loss = 3.0274e-02, PNorm = 103.9441, GNorm = 0.1769, lr_0 = 3.6891e-04
Loss = 2.6265e-02, PNorm = 103.9562, GNorm = 0.1622, lr_0 = 3.6853e-04
Loss = 5.1182e-02, PNorm = 103.9651, GNorm = 0.1501, lr_0 = 3.6815e-04
Loss = 3.8018e-02, PNorm = 103.9724, GNorm = 0.2338, lr_0 = 3.6777e-04
Loss = 6.4639e-02, PNorm = 103.9838, GNorm = 0.2879, lr_0 = 3.6740e-04
Loss = 3.8575e-02, PNorm = 103.9983, GNorm = 0.3042, lr_0 = 3.6702e-04
Loss = 5.0250e-02, PNorm = 104.0075, GNorm = 0.3849, lr_0 = 3.6664e-04
Loss = 5.9501e-02, PNorm = 104.0220, GNorm = 0.2964, lr_0 = 3.6626e-04
Loss = 4.0223e-02, PNorm = 104.0390, GNorm = 0.6149, lr_0 = 3.6589e-04
Loss = 6.9475e-02, PNorm = 104.0489, GNorm = 0.3135, lr_0 = 3.6551e-04
Loss = 5.5841e-02, PNorm = 104.0596, GNorm = 0.3570, lr_0 = 3.6514e-04
Loss = 7.1677e-02, PNorm = 104.0714, GNorm = 1.1759, lr_0 = 3.6476e-04
Loss = 3.4163e-02, PNorm = 104.0863, GNorm = 0.3440, lr_0 = 3.6439e-04
Loss = 7.5949e-02, PNorm = 104.1001, GNorm = 0.3024, lr_0 = 3.6401e-04
Loss = 7.0793e-02, PNorm = 104.1151, GNorm = 0.4928, lr_0 = 3.6364e-04
Loss = 5.6331e-02, PNorm = 104.1342, GNorm = 0.3655, lr_0 = 3.6326e-04
Loss = 8.2624e-02, PNorm = 104.1459, GNorm = 0.3880, lr_0 = 3.6289e-04
Loss = 4.1837e-02, PNorm = 104.1556, GNorm = 0.8379, lr_0 = 3.6252e-04
Loss = 7.2622e-02, PNorm = 104.1610, GNorm = 0.4934, lr_0 = 3.6215e-04
Loss = 9.8301e-02, PNorm = 104.1710, GNorm = 0.6096, lr_0 = 3.6177e-04
Loss = 4.2463e-02, PNorm = 104.1924, GNorm = 0.3255, lr_0 = 3.6140e-04
Loss = 1.7101e-02, PNorm = 104.2144, GNorm = 0.2157, lr_0 = 3.6103e-04
Loss = 5.8125e-02, PNorm = 104.2220, GNorm = 0.8796, lr_0 = 3.6066e-04
Loss = 5.2296e-02, PNorm = 104.2234, GNorm = 1.2233, lr_0 = 3.6029e-04
Loss = 3.8420e-02, PNorm = 104.2249, GNorm = 0.3270, lr_0 = 3.5992e-04
Loss = 6.4445e-02, PNorm = 104.2313, GNorm = 0.6446, lr_0 = 3.5955e-04
Loss = 4.6419e-02, PNorm = 104.2386, GNorm = 0.3994, lr_0 = 3.5918e-04
Loss = 6.1676e-02, PNorm = 104.2497, GNorm = 0.4891, lr_0 = 3.5881e-04
Loss = 2.6880e-02, PNorm = 104.2674, GNorm = 0.2734, lr_0 = 3.5844e-04
Loss = 2.5773e-02, PNorm = 104.2874, GNorm = 0.1369, lr_0 = 3.5807e-04
Loss = 1.1393e-02, PNorm = 104.3027, GNorm = 0.0985, lr_0 = 3.5771e-04
Loss = 4.3489e-02, PNorm = 104.3106, GNorm = 0.6663, lr_0 = 3.5734e-04
Loss = 5.6160e-02, PNorm = 104.3140, GNorm = 0.2439, lr_0 = 3.5697e-04
Loss = 6.5834e-02, PNorm = 104.3209, GNorm = 0.5789, lr_0 = 3.5661e-04
Loss = 2.1742e-02, PNorm = 104.3331, GNorm = 0.3041, lr_0 = 3.5624e-04
Loss = 1.4414e-02, PNorm = 104.3543, GNorm = 0.1333, lr_0 = 3.5587e-04
Loss = 4.2663e-02, PNorm = 104.3648, GNorm = 0.1348, lr_0 = 3.5551e-04
Loss = 5.9524e-02, PNorm = 104.3711, GNorm = 1.4685, lr_0 = 3.5514e-04
Loss = 1.0456e-01, PNorm = 104.3601, GNorm = 0.4683, lr_0 = 3.5478e-04
Loss = 6.5883e-02, PNorm = 104.3799, GNorm = 1.4823, lr_0 = 3.5441e-04
Loss = 3.8112e-02, PNorm = 104.4094, GNorm = 0.3490, lr_0 = 3.5405e-04
Loss = 2.8425e-02, PNorm = 104.4371, GNorm = 0.1996, lr_0 = 3.5368e-04
Loss = 6.4042e-02, PNorm = 104.4525, GNorm = 1.3019, lr_0 = 3.5332e-04
Loss = 6.7110e-02, PNorm = 104.4578, GNorm = 2.0152, lr_0 = 3.5296e-04
Loss = 2.7309e-02, PNorm = 104.4635, GNorm = 0.3332, lr_0 = 3.5260e-04
Loss = 8.5744e-02, PNorm = 104.4749, GNorm = 0.6541, lr_0 = 3.5223e-04
Loss = 8.9247e-02, PNorm = 104.4900, GNorm = 0.5772, lr_0 = 3.5187e-04
Loss = 6.7120e-02, PNorm = 104.5102, GNorm = 0.5820, lr_0 = 3.5151e-04
Loss = 4.1045e-02, PNorm = 104.5306, GNorm = 0.3029, lr_0 = 3.5115e-04
Loss = 2.8114e-02, PNorm = 104.5508, GNorm = 0.1535, lr_0 = 3.5079e-04
Loss = 6.5197e-02, PNorm = 104.5615, GNorm = 0.6977, lr_0 = 3.5043e-04
Loss = 2.7483e-02, PNorm = 104.5623, GNorm = 0.2321, lr_0 = 3.5007e-04
Loss = 7.7049e-02, PNorm = 104.5666, GNorm = 0.3965, lr_0 = 3.4971e-04
Loss = 5.3470e-02, PNorm = 104.5795, GNorm = 0.4064, lr_0 = 3.4935e-04
Loss = 6.9356e-02, PNorm = 104.5888, GNorm = 0.4197, lr_0 = 3.4899e-04
Loss = 4.1562e-02, PNorm = 104.6012, GNorm = 0.3639, lr_0 = 3.4863e-04
Loss = 1.7764e-02, PNorm = 104.6184, GNorm = 0.1711, lr_0 = 3.4827e-04
Loss = 4.7341e-02, PNorm = 104.6264, GNorm = 0.1143, lr_0 = 3.4792e-04
Loss = 5.0537e-02, PNorm = 104.6252, GNorm = 0.1915, lr_0 = 3.4756e-04
Loss = 2.6266e-02, PNorm = 104.6241, GNorm = 0.2660, lr_0 = 3.4720e-04
Loss = 6.8193e-02, PNorm = 104.6243, GNorm = 0.2916, lr_0 = 3.4684e-04
Loss = 4.1123e-02, PNorm = 104.6319, GNorm = 1.0412, lr_0 = 3.4649e-04
Loss = 3.9025e-02, PNorm = 104.6379, GNorm = 0.2341, lr_0 = 3.4613e-04
Loss = 2.4447e-02, PNorm = 104.6466, GNorm = 0.1805, lr_0 = 3.4578e-04
Loss = 4.8624e-02, PNorm = 104.6538, GNorm = 1.4347, lr_0 = 3.4542e-04
Loss = 6.8465e-02, PNorm = 104.6518, GNorm = 0.3096, lr_0 = 3.4507e-04
Loss = 4.9125e-02, PNorm = 104.6550, GNorm = 0.3848, lr_0 = 3.4471e-04
Loss = 4.3217e-02, PNorm = 104.6629, GNorm = 0.3476, lr_0 = 3.4436e-04
Loss = 4.3137e-02, PNorm = 104.6711, GNorm = 0.1873, lr_0 = 3.4400e-04
Loss = 5.3406e-02, PNorm = 104.6761, GNorm = 0.2488, lr_0 = 3.4365e-04
Loss = 6.0291e-02, PNorm = 104.6796, GNorm = 0.3283, lr_0 = 3.4330e-04
Validation auc = 0.546366
Epoch 15
Loss = 5.5754e-02, PNorm = 104.6852, GNorm = 0.3939, lr_0 = 3.4294e-04
Loss = 5.7814e-02, PNorm = 104.6945, GNorm = 0.3113, lr_0 = 3.4259e-04
Loss = 3.7666e-02, PNorm = 104.7046, GNorm = 0.2852, lr_0 = 3.4224e-04
Loss = 2.8732e-02, PNorm = 104.7184, GNorm = 1.4636, lr_0 = 3.4189e-04
Loss = 5.6041e-02, PNorm = 104.7228, GNorm = 0.1920, lr_0 = 3.4154e-04
Loss = 6.2437e-02, PNorm = 104.7272, GNorm = 1.3236, lr_0 = 3.4119e-04
Loss = 3.8341e-02, PNorm = 104.7354, GNorm = 0.4967, lr_0 = 3.4084e-04
Loss = 6.3556e-02, PNorm = 104.7438, GNorm = 0.3396, lr_0 = 3.4049e-04
Loss = 1.9867e-02, PNorm = 104.7591, GNorm = 0.8242, lr_0 = 3.4014e-04
Loss = 5.7731e-02, PNorm = 104.7700, GNorm = 1.8031, lr_0 = 3.3979e-04
Loss = 1.0150e-01, PNorm = 104.7678, GNorm = 0.4866, lr_0 = 3.3944e-04
Loss = 2.8159e-02, PNorm = 104.7809, GNorm = 0.5522, lr_0 = 3.3909e-04
Loss = 6.2194e-02, PNorm = 104.7959, GNorm = 1.5031, lr_0 = 3.3874e-04
Loss = 4.1035e-02, PNorm = 104.8035, GNorm = 0.2318, lr_0 = 3.3839e-04
Loss = 5.1957e-02, PNorm = 104.8102, GNorm = 0.2568, lr_0 = 3.3804e-04
Loss = 2.7316e-02, PNorm = 104.8179, GNorm = 0.2599, lr_0 = 3.3770e-04
Loss = 2.7504e-02, PNorm = 104.8298, GNorm = 0.1821, lr_0 = 3.3735e-04
Loss = 5.1659e-02, PNorm = 104.8338, GNorm = 0.2051, lr_0 = 3.3700e-04
Loss = 2.7827e-02, PNorm = 104.8390, GNorm = 0.9195, lr_0 = 3.3666e-04
Loss = 3.7893e-02, PNorm = 104.8455, GNorm = 1.0709, lr_0 = 3.3631e-04
Loss = 3.2537e-02, PNorm = 104.8488, GNorm = 0.1702, lr_0 = 3.3597e-04
Loss = 5.2428e-02, PNorm = 104.8549, GNorm = 0.8753, lr_0 = 3.3562e-04
Loss = 1.8674e-02, PNorm = 104.8637, GNorm = 0.8379, lr_0 = 3.3528e-04
Loss = 7.1278e-02, PNorm = 104.8676, GNorm = 0.6643, lr_0 = 3.3493e-04
Loss = 3.3626e-02, PNorm = 104.8744, GNorm = 0.2805, lr_0 = 3.3459e-04
Loss = 1.7115e-02, PNorm = 104.8854, GNorm = 0.2273, lr_0 = 3.3424e-04
Loss = 5.4029e-02, PNorm = 104.8931, GNorm = 0.2003, lr_0 = 3.3390e-04
Loss = 5.8421e-02, PNorm = 104.8981, GNorm = 0.6898, lr_0 = 3.3356e-04
Loss = 3.5581e-02, PNorm = 104.9059, GNorm = 0.2718, lr_0 = 3.3321e-04
Loss = 9.1335e-02, PNorm = 104.9138, GNorm = 0.8866, lr_0 = 3.3287e-04
Loss = 6.8979e-02, PNorm = 104.9223, GNorm = 0.4967, lr_0 = 3.3253e-04
Loss = 4.3445e-02, PNorm = 104.9369, GNorm = 0.4361, lr_0 = 3.3219e-04
Loss = 4.1017e-02, PNorm = 104.9539, GNorm = 0.2712, lr_0 = 3.3185e-04
Loss = 6.6574e-02, PNorm = 104.9660, GNorm = 0.1944, lr_0 = 3.3151e-04
Loss = 6.6133e-02, PNorm = 104.9707, GNorm = 0.3276, lr_0 = 3.3117e-04
Loss = 5.0651e-02, PNorm = 104.9835, GNorm = 0.3642, lr_0 = 3.3082e-04
Loss = 4.0105e-02, PNorm = 104.9979, GNorm = 0.3318, lr_0 = 3.3049e-04
Loss = 4.4470e-02, PNorm = 105.0054, GNorm = 0.3144, lr_0 = 3.3015e-04
Loss = 7.5329e-02, PNorm = 105.0096, GNorm = 0.6802, lr_0 = 3.2981e-04
Loss = 8.9084e-02, PNorm = 105.0117, GNorm = 0.7815, lr_0 = 3.2947e-04
Loss = 6.0816e-02, PNorm = 105.0232, GNorm = 0.5522, lr_0 = 3.2913e-04
Loss = 6.7385e-02, PNorm = 105.0407, GNorm = 0.3653, lr_0 = 3.2879e-04
Loss = 4.0377e-02, PNorm = 105.0559, GNorm = 0.2619, lr_0 = 3.2845e-04
Loss = 3.8968e-02, PNorm = 105.0735, GNorm = 1.1093, lr_0 = 3.2812e-04
Loss = 5.9672e-02, PNorm = 105.0815, GNorm = 0.2324, lr_0 = 3.2778e-04
Loss = 2.0392e-02, PNorm = 105.0960, GNorm = 0.2303, lr_0 = 3.2744e-04
Loss = 4.8567e-02, PNorm = 105.1107, GNorm = 0.7274, lr_0 = 3.2711e-04
Loss = 5.6280e-02, PNorm = 105.1155, GNorm = 0.2360, lr_0 = 3.2677e-04
Loss = 5.8061e-02, PNorm = 105.1264, GNorm = 0.3536, lr_0 = 3.2643e-04
Loss = 3.3211e-02, PNorm = 105.1463, GNorm = 0.7298, lr_0 = 3.2610e-04
Loss = 3.7906e-02, PNorm = 105.1662, GNorm = 0.1626, lr_0 = 3.2576e-04
Loss = 2.1228e-01, PNorm = 105.1613, GNorm = 0.6036, lr_0 = 3.2543e-04
Loss = 6.0853e-02, PNorm = 105.1924, GNorm = 0.8029, lr_0 = 3.2509e-04
Loss = 4.9678e-02, PNorm = 105.2275, GNorm = 0.3659, lr_0 = 3.2476e-04
Loss = 1.0141e-01, PNorm = 105.2399, GNorm = 0.3125, lr_0 = 3.2443e-04
Loss = 8.6375e-02, PNorm = 105.2476, GNorm = 1.1136, lr_0 = 3.2409e-04
Loss = 3.4070e-02, PNorm = 105.2690, GNorm = 0.4613, lr_0 = 3.2376e-04
Loss = 5.8160e-02, PNorm = 105.2909, GNorm = 0.8094, lr_0 = 3.2343e-04
Loss = 3.7387e-02, PNorm = 105.3092, GNorm = 1.6670, lr_0 = 3.2310e-04
Loss = 4.1562e-02, PNorm = 105.3171, GNorm = 0.2357, lr_0 = 3.2276e-04
Loss = 4.6144e-02, PNorm = 105.3253, GNorm = 0.7196, lr_0 = 3.2243e-04
Loss = 6.6276e-02, PNorm = 105.3294, GNorm = 0.9776, lr_0 = 3.2210e-04
Loss = 4.2183e-02, PNorm = 105.3343, GNorm = 0.3449, lr_0 = 3.2177e-04
Loss = 3.8839e-02, PNorm = 105.3459, GNorm = 0.3402, lr_0 = 3.2144e-04
Loss = 3.0710e-02, PNorm = 105.3617, GNorm = 0.2215, lr_0 = 3.2111e-04
Loss = 1.6788e-02, PNorm = 105.3752, GNorm = 0.1289, lr_0 = 3.2078e-04
Loss = 5.2224e-02, PNorm = 105.3795, GNorm = 0.1331, lr_0 = 3.2045e-04
Loss = 3.1318e-02, PNorm = 105.3855, GNorm = 0.5619, lr_0 = 3.2012e-04
Loss = 5.3661e-02, PNorm = 105.3885, GNorm = 0.2336, lr_0 = 3.1979e-04
Loss = 5.7784e-02, PNorm = 105.3952, GNorm = 0.3965, lr_0 = 3.1946e-04
Loss = 3.7620e-02, PNorm = 105.4082, GNorm = 0.3355, lr_0 = 3.1913e-04
Loss = 1.5220e-01, PNorm = 105.4162, GNorm = 10.2246, lr_0 = 3.1881e-04
Loss = 4.6368e-02, PNorm = 105.4486, GNorm = 0.8014, lr_0 = 3.1848e-04
Loss = 5.4715e-02, PNorm = 105.4855, GNorm = 0.5544, lr_0 = 3.1815e-04
Loss = 4.0928e-02, PNorm = 105.5113, GNorm = 0.3441, lr_0 = 3.1782e-04
Loss = 7.0361e-02, PNorm = 105.5231, GNorm = 0.2597, lr_0 = 3.1750e-04
Loss = 3.5204e-02, PNorm = 105.5323, GNorm = 0.2791, lr_0 = 3.1717e-04
Loss = 7.4133e-02, PNorm = 105.5354, GNorm = 0.7820, lr_0 = 3.1685e-04
Loss = 4.9176e-02, PNorm = 105.5374, GNorm = 0.4178, lr_0 = 3.1652e-04
Loss = 4.3628e-02, PNorm = 105.5464, GNorm = 0.3542, lr_0 = 3.1620e-04
Validation auc = 0.570901
Epoch 16
Loss = 4.9070e-02, PNorm = 105.5558, GNorm = 0.3251, lr_0 = 3.1587e-04
Loss = 4.7891e-02, PNorm = 105.5633, GNorm = 0.4138, lr_0 = 3.1555e-04
Loss = 3.9896e-02, PNorm = 105.5740, GNorm = 0.7152, lr_0 = 3.1522e-04
Loss = 5.0352e-02, PNorm = 105.5805, GNorm = 0.2787, lr_0 = 3.1490e-04
Loss = 3.9606e-02, PNorm = 105.5876, GNorm = 0.2730, lr_0 = 3.1457e-04
Loss = 8.4665e-02, PNorm = 105.5911, GNorm = 1.7791, lr_0 = 3.1425e-04
Loss = 4.3829e-02, PNorm = 105.5974, GNorm = 0.4763, lr_0 = 3.1393e-04
Loss = 1.1693e-01, PNorm = 105.6048, GNorm = 0.4770, lr_0 = 3.1361e-04
Loss = 8.6123e-02, PNorm = 105.6177, GNorm = 0.8683, lr_0 = 3.1328e-04
Loss = 3.9432e-02, PNorm = 105.6376, GNorm = 0.4466, lr_0 = 3.1296e-04
Loss = 5.2701e-02, PNorm = 105.6508, GNorm = 0.2815, lr_0 = 3.1264e-04
Loss = 5.3360e-02, PNorm = 105.6554, GNorm = 0.2957, lr_0 = 3.1232e-04
Loss = 7.9686e-02, PNorm = 105.6586, GNorm = 0.7057, lr_0 = 3.1200e-04
Loss = 6.2441e-02, PNorm = 105.6621, GNorm = 0.4780, lr_0 = 3.1168e-04
Loss = 3.8191e-02, PNorm = 105.6674, GNorm = 0.4659, lr_0 = 3.1136e-04
Loss = 4.6456e-02, PNorm = 105.6760, GNorm = 0.6638, lr_0 = 3.1104e-04
Loss = 3.5832e-02, PNorm = 105.6851, GNorm = 0.7462, lr_0 = 3.1072e-04
Loss = 5.9745e-02, PNorm = 105.6914, GNorm = 0.2675, lr_0 = 3.1040e-04
Loss = 5.0664e-02, PNorm = 105.6992, GNorm = 0.3028, lr_0 = 3.1008e-04
Loss = 6.6283e-02, PNorm = 105.6987, GNorm = 0.3834, lr_0 = 3.0976e-04
Loss = 3.0382e-02, PNorm = 105.7075, GNorm = 0.6530, lr_0 = 3.0944e-04
Loss = 3.6159e-02, PNorm = 105.7162, GNorm = 0.7385, lr_0 = 3.0912e-04
Loss = 7.1260e-02, PNorm = 105.7170, GNorm = 0.3464, lr_0 = 3.0881e-04
Loss = 2.7603e-02, PNorm = 105.7218, GNorm = 0.2467, lr_0 = 3.0849e-04
Loss = 1.6031e-02, PNorm = 105.7307, GNorm = 0.1770, lr_0 = 3.0817e-04
Loss = 2.9695e-02, PNorm = 105.7380, GNorm = 0.1358, lr_0 = 3.0786e-04
Loss = 2.7551e-02, PNorm = 105.7416, GNorm = 0.1310, lr_0 = 3.0754e-04
Loss = 3.9983e-02, PNorm = 105.7437, GNorm = 0.1204, lr_0 = 3.0722e-04
Loss = 1.5092e-02, PNorm = 105.7477, GNorm = 0.1655, lr_0 = 3.0691e-04
Loss = 5.0265e-02, PNorm = 105.7490, GNorm = 0.1664, lr_0 = 3.0659e-04
Loss = 5.1757e-02, PNorm = 105.7521, GNorm = 0.7161, lr_0 = 3.0628e-04
Loss = 7.3266e-02, PNorm = 105.7502, GNorm = 0.3550, lr_0 = 3.0596e-04
Loss = 4.8510e-02, PNorm = 105.7520, GNorm = 0.4534, lr_0 = 3.0565e-04
Loss = 7.2791e-02, PNorm = 105.7561, GNorm = 1.0350, lr_0 = 3.0534e-04
Loss = 4.6530e-02, PNorm = 105.7629, GNorm = 0.3908, lr_0 = 3.0502e-04
Loss = 4.4062e-02, PNorm = 105.7733, GNorm = 0.3007, lr_0 = 3.0471e-04
Loss = 3.9978e-02, PNorm = 105.7827, GNorm = 0.5951, lr_0 = 3.0439e-04
Loss = 1.7647e-02, PNorm = 105.7902, GNorm = 0.1693, lr_0 = 3.0408e-04
Loss = 4.9380e-02, PNorm = 105.7944, GNorm = 1.1516, lr_0 = 3.0377e-04
Loss = 3.7240e-02, PNorm = 105.7956, GNorm = 0.2173, lr_0 = 3.0346e-04
Loss = 4.6050e-02, PNorm = 105.7997, GNorm = 0.6823, lr_0 = 3.0315e-04
Loss = 4.8624e-02, PNorm = 105.8034, GNorm = 0.6729, lr_0 = 3.0283e-04
Loss = 3.4867e-02, PNorm = 105.8074, GNorm = 0.2955, lr_0 = 3.0252e-04
Loss = 4.7500e-02, PNorm = 105.8117, GNorm = 0.2379, lr_0 = 3.0221e-04
Loss = 5.7090e-02, PNorm = 105.8175, GNorm = 0.4854, lr_0 = 3.0190e-04
Loss = 4.1600e-02, PNorm = 105.8244, GNorm = 0.8994, lr_0 = 3.0159e-04
Loss = 6.1466e-02, PNorm = 105.8281, GNorm = 0.3439, lr_0 = 3.0128e-04
Loss = 5.9145e-02, PNorm = 105.8354, GNorm = 0.4878, lr_0 = 3.0097e-04
Loss = 6.6285e-02, PNorm = 105.8425, GNorm = 0.7831, lr_0 = 3.0066e-04
Loss = 6.3830e-02, PNorm = 105.8513, GNorm = 0.4553, lr_0 = 3.0035e-04
Loss = 5.8999e-02, PNorm = 105.8657, GNorm = 0.7182, lr_0 = 3.0005e-04
Loss = 5.4438e-02, PNorm = 105.8808, GNorm = 1.0642, lr_0 = 2.9974e-04
Loss = 3.9595e-02, PNorm = 105.8900, GNorm = 0.2798, lr_0 = 2.9943e-04
Loss = 3.2612e-02, PNorm = 105.9021, GNorm = 0.2126, lr_0 = 2.9912e-04
Loss = 6.3385e-02, PNorm = 105.9096, GNorm = 0.2104, lr_0 = 2.9881e-04
Loss = 8.6176e-02, PNorm = 105.9111, GNorm = 0.6082, lr_0 = 2.9851e-04
Loss = 3.1214e-02, PNorm = 105.9186, GNorm = 0.3906, lr_0 = 2.9820e-04
Loss = 1.7874e-02, PNorm = 105.9335, GNorm = 0.5988, lr_0 = 2.9789e-04
Loss = 4.9659e-02, PNorm = 105.9417, GNorm = 0.1604, lr_0 = 2.9759e-04
Loss = 3.9198e-02, PNorm = 105.9447, GNorm = 0.1771, lr_0 = 2.9728e-04
Loss = 3.5707e-02, PNorm = 105.9460, GNorm = 0.2504, lr_0 = 2.9698e-04
Loss = 3.5226e-02, PNorm = 105.9476, GNorm = 0.2525, lr_0 = 2.9667e-04
Loss = 6.6261e-02, PNorm = 105.9506, GNorm = 0.3170, lr_0 = 2.9637e-04
Loss = 4.0023e-02, PNorm = 105.9587, GNorm = 0.5752, lr_0 = 2.9606e-04
Loss = 3.6546e-02, PNorm = 105.9652, GNorm = 0.2394, lr_0 = 2.9576e-04
Loss = 5.1114e-02, PNorm = 105.9721, GNorm = 0.5195, lr_0 = 2.9545e-04
Loss = 3.8204e-02, PNorm = 105.9773, GNorm = 0.7369, lr_0 = 2.9515e-04
Loss = 4.3709e-02, PNorm = 105.9826, GNorm = 1.2145, lr_0 = 2.9485e-04
Loss = 2.0249e-02, PNorm = 105.9886, GNorm = 0.2313, lr_0 = 2.9455e-04
Loss = 8.2160e-02, PNorm = 105.9918, GNorm = 0.2699, lr_0 = 2.9424e-04
Loss = 5.6926e-02, PNorm = 105.9940, GNorm = 0.3679, lr_0 = 2.9394e-04
Loss = 2.0244e-02, PNorm = 106.0055, GNorm = 0.2660, lr_0 = 2.9364e-04
Loss = 3.7623e-02, PNorm = 106.0207, GNorm = 0.1659, lr_0 = 2.9334e-04
Loss = 5.9867e-02, PNorm = 106.0317, GNorm = 0.1494, lr_0 = 2.9304e-04
Loss = 4.1958e-02, PNorm = 106.0392, GNorm = 0.5081, lr_0 = 2.9273e-04
Loss = 6.7335e-02, PNorm = 106.0469, GNorm = 0.3643, lr_0 = 2.9243e-04
Loss = 5.4919e-02, PNorm = 106.0623, GNorm = 0.3735, lr_0 = 2.9213e-04
Loss = 3.9070e-02, PNorm = 106.0828, GNorm = 0.1641, lr_0 = 2.9183e-04
Loss = 8.1037e-02, PNorm = 106.0805, GNorm = 1.2893, lr_0 = 2.9153e-04
Loss = 6.9188e-02, PNorm = 106.0776, GNorm = 0.4092, lr_0 = 2.9123e-04
Validation auc = 0.556093
Epoch 17
Loss = 5.6785e-02, PNorm = 106.0855, GNorm = 0.3990, lr_0 = 2.9093e-04
Loss = 1.9479e-02, PNorm = 106.1006, GNorm = 0.2928, lr_0 = 2.9064e-04
Loss = 3.8602e-02, PNorm = 106.1133, GNorm = 0.1823, lr_0 = 2.9034e-04
Loss = 1.1319e-02, PNorm = 106.1229, GNorm = 0.1206, lr_0 = 2.9004e-04
Loss = 2.8575e-03, PNorm = 106.1316, GNorm = 0.0719, lr_0 = 2.8974e-04
Loss = 5.2718e-02, PNorm = 106.1319, GNorm = 0.0932, lr_0 = 2.8944e-04
Loss = 2.3519e-02, PNorm = 106.1320, GNorm = 0.1556, lr_0 = 2.8915e-04
Loss = 5.9321e-02, PNorm = 106.1316, GNorm = 0.1622, lr_0 = 2.8885e-04
Loss = 3.4317e-02, PNorm = 106.1327, GNorm = 0.2301, lr_0 = 2.8855e-04
Loss = 6.0077e-02, PNorm = 106.1383, GNorm = 0.3111, lr_0 = 2.8825e-04
Loss = 6.5850e-02, PNorm = 106.1473, GNorm = 1.1276, lr_0 = 2.8796e-04
Loss = 6.1800e-02, PNorm = 106.1546, GNorm = 0.3741, lr_0 = 2.8766e-04
Loss = 4.2549e-02, PNorm = 106.1670, GNorm = 0.3374, lr_0 = 2.8737e-04
Loss = 3.1033e-02, PNorm = 106.1835, GNorm = 0.8112, lr_0 = 2.8707e-04
Loss = 3.0416e-02, PNorm = 106.1967, GNorm = 0.1232, lr_0 = 2.8678e-04
Loss = 9.3875e-02, PNorm = 106.1934, GNorm = 0.3436, lr_0 = 2.8648e-04
Loss = 3.3652e-02, PNorm = 106.2037, GNorm = 0.4246, lr_0 = 2.8619e-04
Loss = 4.7134e-02, PNorm = 106.2160, GNorm = 0.3146, lr_0 = 2.8589e-04
Loss = 4.8587e-02, PNorm = 106.2253, GNorm = 1.5220, lr_0 = 2.8560e-04
Loss = 2.8021e-02, PNorm = 106.2309, GNorm = 0.2386, lr_0 = 2.8531e-04
Loss = 5.8305e-02, PNorm = 106.2347, GNorm = 0.7094, lr_0 = 2.8501e-04
Loss = 8.2502e-02, PNorm = 106.2385, GNorm = 1.2484, lr_0 = 2.8472e-04
Loss = 4.1965e-02, PNorm = 106.2460, GNorm = 0.5373, lr_0 = 2.8443e-04
Loss = 5.5320e-02, PNorm = 106.2574, GNorm = 0.5408, lr_0 = 2.8414e-04
Loss = 7.1831e-02, PNorm = 106.2644, GNorm = 0.4402, lr_0 = 2.8384e-04
Loss = 5.6602e-02, PNorm = 106.2735, GNorm = 0.3748, lr_0 = 2.8355e-04
Loss = 5.6972e-02, PNorm = 106.2804, GNorm = 0.3037, lr_0 = 2.8326e-04
Loss = 4.5204e-02, PNorm = 106.2863, GNorm = 0.2974, lr_0 = 2.8297e-04
Loss = 5.6241e-02, PNorm = 106.2925, GNorm = 0.2732, lr_0 = 2.8268e-04
Loss = 4.5933e-02, PNorm = 106.2996, GNorm = 0.6362, lr_0 = 2.8239e-04
Loss = 4.5873e-02, PNorm = 106.3057, GNorm = 0.2727, lr_0 = 2.8210e-04
Loss = 3.0437e-02, PNorm = 106.3146, GNorm = 0.5980, lr_0 = 2.8181e-04
Loss = 1.7045e-02, PNorm = 106.3229, GNorm = 0.1627, lr_0 = 2.8152e-04
Loss = 1.0114e-01, PNorm = 106.3232, GNorm = 0.4150, lr_0 = 2.8123e-04
Loss = 2.5176e-02, PNorm = 106.3304, GNorm = 0.3833, lr_0 = 2.8094e-04
Loss = 3.5304e-02, PNorm = 106.3400, GNorm = 0.2209, lr_0 = 2.8065e-04
Loss = 6.5053e-02, PNorm = 106.3464, GNorm = 0.7396, lr_0 = 2.8036e-04
Loss = 5.1753e-02, PNorm = 106.3526, GNorm = 0.3075, lr_0 = 2.8008e-04
Loss = 5.0596e-02, PNorm = 106.3615, GNorm = 0.3633, lr_0 = 2.7979e-04
Loss = 3.8654e-02, PNorm = 106.3779, GNorm = 0.7874, lr_0 = 2.7950e-04
Loss = 6.6579e-02, PNorm = 106.3880, GNorm = 0.2392, lr_0 = 2.7921e-04
Loss = 4.0073e-02, PNorm = 106.3931, GNorm = 0.2974, lr_0 = 2.7893e-04
Loss = 9.3442e-03, PNorm = 106.4062, GNorm = 0.2509, lr_0 = 2.7864e-04
Loss = 2.4560e-02, PNorm = 106.4197, GNorm = 0.1222, lr_0 = 2.7835e-04
Loss = 3.7823e-02, PNorm = 106.4236, GNorm = 0.8623, lr_0 = 2.7807e-04
Loss = 3.6858e-02, PNorm = 106.4256, GNorm = 0.1557, lr_0 = 2.7778e-04
Loss = 5.2205e-02, PNorm = 106.4282, GNorm = 0.2077, lr_0 = 2.7750e-04
Loss = 5.5245e-02, PNorm = 106.4305, GNorm = 0.2731, lr_0 = 2.7721e-04
Loss = 5.8701e-02, PNorm = 106.4372, GNorm = 0.3657, lr_0 = 2.7693e-04
Loss = 3.6577e-02, PNorm = 106.4482, GNorm = 0.3299, lr_0 = 2.7664e-04
Loss = 3.1257e-02, PNorm = 106.4612, GNorm = 0.2697, lr_0 = 2.7636e-04
Loss = 7.2315e-02, PNorm = 106.4678, GNorm = 2.4758, lr_0 = 2.7607e-04
Loss = 5.3185e-02, PNorm = 106.4629, GNorm = 0.3470, lr_0 = 2.7579e-04
Loss = 7.3759e-02, PNorm = 106.4661, GNorm = 0.4251, lr_0 = 2.7551e-04
Loss = 2.1000e-02, PNorm = 106.4784, GNorm = 0.4760, lr_0 = 2.7522e-04
Loss = 6.4395e-02, PNorm = 106.4875, GNorm = 0.6925, lr_0 = 2.7494e-04
Loss = 1.0055e-01, PNorm = 106.4839, GNorm = 0.4105, lr_0 = 2.7466e-04
Loss = 4.8512e-02, PNorm = 106.4894, GNorm = 0.4637, lr_0 = 2.7438e-04
Loss = 3.5082e-02, PNorm = 106.4993, GNorm = 0.3364, lr_0 = 2.7410e-04
Loss = 4.2746e-02, PNorm = 106.5105, GNorm = 1.3842, lr_0 = 2.7381e-04
Loss = 8.6794e-02, PNorm = 106.5141, GNorm = 1.7376, lr_0 = 2.7353e-04
Loss = 3.7519e-02, PNorm = 106.5170, GNorm = 0.5676, lr_0 = 2.7325e-04
Loss = 6.9653e-02, PNorm = 106.5223, GNorm = 1.1490, lr_0 = 2.7297e-04
Loss = 5.1021e-02, PNorm = 106.5294, GNorm = 1.2552, lr_0 = 2.7269e-04
Loss = 6.4313e-02, PNorm = 106.5331, GNorm = 0.6604, lr_0 = 2.7241e-04
Loss = 5.7867e-02, PNorm = 106.5377, GNorm = 1.5391, lr_0 = 2.7213e-04
Loss = 6.8118e-02, PNorm = 106.5427, GNorm = 0.4202, lr_0 = 2.7185e-04
Loss = 5.4287e-02, PNorm = 106.5501, GNorm = 0.3575, lr_0 = 2.7157e-04
Loss = 4.2182e-02, PNorm = 106.5613, GNorm = 0.3244, lr_0 = 2.7129e-04
Loss = 3.1209e-02, PNorm = 106.5746, GNorm = 0.2230, lr_0 = 2.7101e-04
Loss = 8.8634e-02, PNorm = 106.5782, GNorm = 0.2683, lr_0 = 2.7074e-04
Loss = 4.3349e-02, PNorm = 106.5830, GNorm = 0.3019, lr_0 = 2.7046e-04
Loss = 4.9067e-02, PNorm = 106.5879, GNorm = 0.2710, lr_0 = 2.7018e-04
Loss = 4.2486e-02, PNorm = 106.5949, GNorm = 0.2748, lr_0 = 2.6990e-04
Loss = 1.0639e-01, PNorm = 106.5959, GNorm = 0.5205, lr_0 = 2.6962e-04
Loss = 5.9804e-02, PNorm = 106.6000, GNorm = 0.5668, lr_0 = 2.6935e-04
Loss = 4.3276e-02, PNorm = 106.6102, GNorm = 0.6016, lr_0 = 2.6907e-04
Loss = 4.2969e-02, PNorm = 106.6207, GNorm = 0.1973, lr_0 = 2.6879e-04
Loss = 3.6723e-02, PNorm = 106.6260, GNorm = 0.3396, lr_0 = 2.6852e-04
Loss = 7.1918e-02, PNorm = 106.6281, GNorm = 0.2750, lr_0 = 2.6824e-04
Validation auc = 0.553547
Epoch 18
Loss = 3.8786e-02, PNorm = 106.6320, GNorm = 0.4904, lr_0 = 2.6797e-04
Loss = 7.4676e-02, PNorm = 106.6362, GNorm = 0.5209, lr_0 = 2.6769e-04
Loss = 4.9365e-02, PNorm = 106.6408, GNorm = 0.3476, lr_0 = 2.6742e-04
Loss = 1.0101e-02, PNorm = 106.6510, GNorm = 0.2453, lr_0 = 2.6714e-04
Loss = 1.0250e-01, PNorm = 106.6562, GNorm = 1.6775, lr_0 = 2.6687e-04
Loss = 1.9122e-02, PNorm = 106.6583, GNorm = 0.3038, lr_0 = 2.6659e-04
Loss = 6.2703e-02, PNorm = 106.6643, GNorm = 0.6144, lr_0 = 2.6632e-04
Loss = 7.0463e-02, PNorm = 106.6673, GNorm = 0.6713, lr_0 = 2.6605e-04
Loss = 8.9163e-02, PNorm = 106.6684, GNorm = 0.4163, lr_0 = 2.6577e-04
Loss = 4.5601e-02, PNorm = 106.6773, GNorm = 0.4924, lr_0 = 2.6550e-04
Loss = 5.5620e-02, PNorm = 106.6893, GNorm = 0.5882, lr_0 = 2.6523e-04
Loss = 3.8327e-02, PNorm = 106.6978, GNorm = 0.2574, lr_0 = 2.6495e-04
Loss = 4.8723e-02, PNorm = 106.7069, GNorm = 0.4657, lr_0 = 2.6468e-04
Loss = 3.0920e-02, PNorm = 106.7142, GNorm = 0.2008, lr_0 = 2.6441e-04
Loss = 4.1623e-02, PNorm = 106.7212, GNorm = 0.4830, lr_0 = 2.6414e-04
Loss = 8.7844e-02, PNorm = 106.7244, GNorm = 1.0976, lr_0 = 2.6387e-04
Loss = 3.9893e-02, PNorm = 106.7335, GNorm = 0.6546, lr_0 = 2.6360e-04
Loss = 3.7986e-02, PNorm = 106.7481, GNorm = 0.7072, lr_0 = 2.6332e-04
Loss = 7.5201e-02, PNorm = 106.7560, GNorm = 0.4545, lr_0 = 2.6305e-04
Loss = 8.5429e-02, PNorm = 106.7629, GNorm = 0.4072, lr_0 = 2.6278e-04
Loss = 7.3476e-02, PNorm = 106.7720, GNorm = 0.5934, lr_0 = 2.6251e-04
Loss = 5.0359e-02, PNorm = 106.7862, GNorm = 0.3957, lr_0 = 2.6224e-04
Loss = 4.1340e-02, PNorm = 106.8008, GNorm = 0.6508, lr_0 = 2.6197e-04
Loss = 5.2997e-02, PNorm = 106.8041, GNorm = 0.2602, lr_0 = 2.6171e-04
Loss = 4.3916e-02, PNorm = 106.8064, GNorm = 0.2650, lr_0 = 2.6144e-04
Loss = 2.7203e-02, PNorm = 106.8125, GNorm = 0.1982, lr_0 = 2.6117e-04
Loss = 1.8356e-02, PNorm = 106.8202, GNorm = 0.7980, lr_0 = 2.6090e-04
Loss = 7.4399e-02, PNorm = 106.8196, GNorm = 0.1588, lr_0 = 2.6063e-04
Loss = 5.2383e-02, PNorm = 106.8190, GNorm = 0.2676, lr_0 = 2.6036e-04
Loss = 2.6099e-02, PNorm = 106.8264, GNorm = 0.2669, lr_0 = 2.6010e-04
Loss = 6.9488e-02, PNorm = 106.8332, GNorm = 0.7219, lr_0 = 2.5983e-04
Loss = 3.8651e-02, PNorm = 106.8416, GNorm = 1.1079, lr_0 = 2.5956e-04
Loss = 5.9714e-02, PNorm = 106.8491, GNorm = 1.3085, lr_0 = 2.5930e-04
Loss = 2.0145e-02, PNorm = 106.8571, GNorm = 0.2242, lr_0 = 2.5903e-04
Loss = 5.5374e-02, PNorm = 106.8659, GNorm = 0.2121, lr_0 = 2.5876e-04
Loss = 7.1900e-02, PNorm = 106.8725, GNorm = 0.2666, lr_0 = 2.5850e-04
Loss = 3.8622e-02, PNorm = 106.8812, GNorm = 0.2854, lr_0 = 2.5823e-04
Loss = 3.3716e-02, PNorm = 106.8925, GNorm = 0.2305, lr_0 = 2.5797e-04
Loss = 3.3423e-02, PNorm = 106.9030, GNorm = 0.5840, lr_0 = 2.5770e-04
Loss = 4.0597e-02, PNorm = 106.9087, GNorm = 0.1891, lr_0 = 2.5744e-04
Loss = 2.2348e-02, PNorm = 106.9162, GNorm = 0.1522, lr_0 = 2.5717e-04
Loss = 1.4734e-02, PNorm = 106.9262, GNorm = 0.1400, lr_0 = 2.5691e-04
Loss = 5.2581e-02, PNorm = 106.9305, GNorm = 0.1316, lr_0 = 2.5664e-04
Loss = 7.7585e-02, PNorm = 106.9279, GNorm = 0.9052, lr_0 = 2.5638e-04
Loss = 4.1505e-02, PNorm = 106.9311, GNorm = 0.2994, lr_0 = 2.5612e-04
Loss = 5.0172e-02, PNorm = 106.9388, GNorm = 1.1938, lr_0 = 2.5585e-04
Loss = 3.4602e-02, PNorm = 106.9472, GNorm = 0.2137, lr_0 = 2.5559e-04
Loss = 7.6099e-02, PNorm = 106.9509, GNorm = 0.2445, lr_0 = 2.5533e-04
Loss = 4.9479e-02, PNorm = 106.9576, GNorm = 1.2445, lr_0 = 2.5507e-04
Loss = 2.7073e-02, PNorm = 106.9664, GNorm = 0.2482, lr_0 = 2.5480e-04
Loss = 3.2366e-02, PNorm = 106.9754, GNorm = 0.2232, lr_0 = 2.5454e-04
Loss = 2.8981e-02, PNorm = 106.9849, GNorm = 0.1387, lr_0 = 2.5428e-04
Loss = 4.5641e-02, PNorm = 106.9916, GNorm = 0.8461, lr_0 = 2.5402e-04
Loss = 1.7138e-02, PNorm = 106.9992, GNorm = 0.1786, lr_0 = 2.5376e-04
Loss = 4.9055e-02, PNorm = 107.0041, GNorm = 0.6873, lr_0 = 2.5350e-04
Loss = 7.2078e-02, PNorm = 107.0067, GNorm = 0.6637, lr_0 = 2.5324e-04
Loss = 6.7306e-02, PNorm = 107.0084, GNorm = 0.4129, lr_0 = 2.5298e-04
Loss = 5.0024e-02, PNorm = 107.0161, GNorm = 0.3681, lr_0 = 2.5272e-04
Loss = 4.6975e-02, PNorm = 107.0288, GNorm = 0.5458, lr_0 = 2.5246e-04
Loss = 6.9008e-02, PNorm = 107.0366, GNorm = 2.0106, lr_0 = 2.5220e-04
Loss = 4.7723e-02, PNorm = 107.0397, GNorm = 0.5395, lr_0 = 2.5194e-04
Loss = 3.8478e-02, PNorm = 107.0445, GNorm = 0.2472, lr_0 = 2.5168e-04
Loss = 6.8034e-02, PNorm = 107.0469, GNorm = 0.2864, lr_0 = 2.5142e-04
Loss = 3.7037e-02, PNorm = 107.0521, GNorm = 0.3327, lr_0 = 2.5116e-04
Loss = 3.2809e-02, PNorm = 107.0602, GNorm = 0.1843, lr_0 = 2.5090e-04
Loss = 4.7292e-02, PNorm = 107.0667, GNorm = 0.1837, lr_0 = 2.5065e-04
Loss = 5.0107e-02, PNorm = 107.0702, GNorm = 0.2138, lr_0 = 2.5039e-04
Loss = 6.9033e-02, PNorm = 107.0730, GNorm = 0.3282, lr_0 = 2.5013e-04
Loss = 2.5008e-02, PNorm = 107.0815, GNorm = 0.4313, lr_0 = 2.4988e-04
Loss = 4.6524e-02, PNorm = 107.0880, GNorm = 0.1914, lr_0 = 2.4962e-04
Loss = 5.9361e-02, PNorm = 107.0907, GNorm = 0.8118, lr_0 = 2.4936e-04
Loss = 4.3350e-02, PNorm = 107.0947, GNorm = 0.6284, lr_0 = 2.4911e-04
Loss = 6.0035e-02, PNorm = 107.1004, GNorm = 0.3746, lr_0 = 2.4885e-04
Loss = 6.8337e-02, PNorm = 107.1041, GNorm = 0.3155, lr_0 = 2.4859e-04
Loss = 3.0448e-02, PNorm = 107.1144, GNorm = 0.2697, lr_0 = 2.4834e-04
Loss = 3.5708e-02, PNorm = 107.1242, GNorm = 0.4187, lr_0 = 2.4808e-04
Loss = 5.0709e-02, PNorm = 107.1288, GNorm = 0.2398, lr_0 = 2.4783e-04
Loss = 7.6560e-02, PNorm = 107.1306, GNorm = 0.2554, lr_0 = 2.4757e-04
Loss = 6.0405e-02, PNorm = 107.1346, GNorm = 0.3644, lr_0 = 2.4732e-04
Loss = 6.6806e-02, PNorm = 107.1398, GNorm = 0.4665, lr_0 = 2.4707e-04
Validation auc = 0.542693
Epoch 19
Loss = 4.6022e-02, PNorm = 107.1501, GNorm = 0.3020, lr_0 = 2.4681e-04
Loss = 8.6960e-02, PNorm = 107.1566, GNorm = 0.3277, lr_0 = 2.4656e-04
Loss = 2.1358e-02, PNorm = 107.1656, GNorm = 0.2873, lr_0 = 2.4630e-04
Loss = 4.4274e-02, PNorm = 107.1739, GNorm = 0.6073, lr_0 = 2.4605e-04
Loss = 2.6298e-02, PNorm = 107.1811, GNorm = 0.2028, lr_0 = 2.4580e-04
Loss = 5.0163e-02, PNorm = 107.1858, GNorm = 1.3134, lr_0 = 2.4555e-04
Loss = 6.4225e-02, PNorm = 107.1860, GNorm = 0.2320, lr_0 = 2.4529e-04
Loss = 9.7295e-02, PNorm = 107.1853, GNorm = 0.3733, lr_0 = 2.4504e-04
Loss = 4.8806e-02, PNorm = 107.1938, GNorm = 0.4720, lr_0 = 2.4479e-04
Loss = 5.8751e-02, PNorm = 107.2044, GNorm = 0.3386, lr_0 = 2.4454e-04
Loss = 3.0115e-02, PNorm = 107.2178, GNorm = 0.2367, lr_0 = 2.4429e-04
Loss = 3.7027e-02, PNorm = 107.2268, GNorm = 0.1840, lr_0 = 2.4404e-04
Loss = 4.2043e-02, PNorm = 107.2321, GNorm = 0.1724, lr_0 = 2.4379e-04
Loss = 7.1188e-02, PNorm = 107.2342, GNorm = 0.7510, lr_0 = 2.4354e-04
Loss = 6.4228e-02, PNorm = 107.2357, GNorm = 0.5089, lr_0 = 2.4329e-04
Loss = 5.4695e-02, PNorm = 107.2443, GNorm = 0.3403, lr_0 = 2.4304e-04
Loss = 4.2812e-02, PNorm = 107.2556, GNorm = 0.8420, lr_0 = 2.4279e-04
Loss = 2.4984e-02, PNorm = 107.2669, GNorm = 0.5315, lr_0 = 2.4254e-04
Loss = 9.9448e-02, PNorm = 107.2747, GNorm = 0.2717, lr_0 = 2.4229e-04
Loss = 4.5552e-02, PNorm = 107.2829, GNorm = 0.3179, lr_0 = 2.4204e-04
Loss = 6.4985e-02, PNorm = 107.2932, GNorm = 0.3057, lr_0 = 2.4179e-04
Loss = 2.6711e-02, PNorm = 107.3079, GNorm = 0.6668, lr_0 = 2.4154e-04
Loss = 3.7620e-02, PNorm = 107.3199, GNorm = 0.1627, lr_0 = 2.4129e-04
Loss = 8.2061e-02, PNorm = 107.3226, GNorm = 0.9128, lr_0 = 2.4105e-04
Loss = 7.8698e-02, PNorm = 107.3208, GNorm = 0.3414, lr_0 = 2.4080e-04
Loss = 3.6608e-02, PNorm = 107.3287, GNorm = 0.3517, lr_0 = 2.4055e-04
Loss = 5.0639e-02, PNorm = 107.3422, GNorm = 0.3054, lr_0 = 2.4030e-04
Loss = 5.8415e-02, PNorm = 107.3550, GNorm = 0.6088, lr_0 = 2.4006e-04
Loss = 3.7076e-02, PNorm = 107.3656, GNorm = 0.4185, lr_0 = 2.3981e-04
Loss = 3.9358e-02, PNorm = 107.3773, GNorm = 1.2593, lr_0 = 2.3956e-04
Loss = 7.2539e-02, PNorm = 107.3749, GNorm = 0.2970, lr_0 = 2.3932e-04
Loss = 6.1660e-02, PNorm = 107.3780, GNorm = 0.6946, lr_0 = 2.3907e-04
Loss = 7.0694e-02, PNorm = 107.3858, GNorm = 0.3658, lr_0 = 2.3883e-04
Loss = 6.7399e-02, PNorm = 107.3952, GNorm = 0.3432, lr_0 = 2.3858e-04
Loss = 5.3401e-02, PNorm = 107.4047, GNorm = 0.4412, lr_0 = 2.3833e-04
Loss = 4.3832e-02, PNorm = 107.4148, GNorm = 0.2932, lr_0 = 2.3809e-04
Loss = 6.6306e-02, PNorm = 107.4242, GNorm = 0.5739, lr_0 = 2.3785e-04
Loss = 4.0285e-02, PNorm = 107.4318, GNorm = 0.3108, lr_0 = 2.3760e-04
Loss = 4.1613e-02, PNorm = 107.4414, GNorm = 0.2433, lr_0 = 2.3736e-04
Loss = 1.9174e-02, PNorm = 107.4518, GNorm = 0.1627, lr_0 = 2.3711e-04
Loss = 4.0880e-02, PNorm = 107.4575, GNorm = 0.1538, lr_0 = 2.3687e-04
Loss = 8.2836e-02, PNorm = 107.4573, GNorm = 0.2001, lr_0 = 2.3663e-04
Loss = 2.7176e-02, PNorm = 107.4570, GNorm = 0.2874, lr_0 = 2.3638e-04
Loss = 8.4876e-02, PNorm = 107.4565, GNorm = 0.2422, lr_0 = 2.3614e-04
Loss = 3.8245e-02, PNorm = 107.4574, GNorm = 0.3420, lr_0 = 2.3590e-04
Loss = 3.8401e-02, PNorm = 107.4644, GNorm = 0.2801, lr_0 = 2.3566e-04
Loss = 2.2202e-02, PNorm = 107.4728, GNorm = 0.1961, lr_0 = 2.3541e-04
Loss = 7.0560e-02, PNorm = 107.4770, GNorm = 0.2467, lr_0 = 2.3517e-04
Loss = 3.5043e-02, PNorm = 107.4812, GNorm = 0.5642, lr_0 = 2.3493e-04
Loss = 3.5831e-02, PNorm = 107.4853, GNorm = 0.6400, lr_0 = 2.3469e-04
Loss = 2.7872e-02, PNorm = 107.4895, GNorm = 0.2579, lr_0 = 2.3445e-04
Loss = 4.9855e-02, PNorm = 107.4937, GNorm = 0.4725, lr_0 = 2.3421e-04
Loss = 2.4931e-02, PNorm = 107.5004, GNorm = 0.1517, lr_0 = 2.3397e-04
Loss = 6.8036e-02, PNorm = 107.5060, GNorm = 0.7295, lr_0 = 2.3373e-04
Loss = 5.0385e-02, PNorm = 107.5096, GNorm = 0.2370, lr_0 = 2.3348e-04
Loss = 5.3845e-02, PNorm = 107.5144, GNorm = 0.6170, lr_0 = 2.3325e-04
Loss = 4.1495e-02, PNorm = 107.5195, GNorm = 0.2604, lr_0 = 2.3301e-04
Loss = 5.9058e-02, PNorm = 107.5248, GNorm = 0.5865, lr_0 = 2.3277e-04
Loss = 2.6720e-02, PNorm = 107.5303, GNorm = 0.2692, lr_0 = 2.3253e-04
Loss = 7.4559e-02, PNorm = 107.5337, GNorm = 0.2711, lr_0 = 2.3229e-04
Loss = 1.6717e-02, PNorm = 107.5381, GNorm = 0.2300, lr_0 = 2.3205e-04
Loss = 4.6152e-02, PNorm = 107.5437, GNorm = 0.1755, lr_0 = 2.3181e-04
Loss = 2.6696e-02, PNorm = 107.5484, GNorm = 0.2200, lr_0 = 2.3157e-04
Loss = 3.5925e-02, PNorm = 107.5529, GNorm = 0.6227, lr_0 = 2.3133e-04
Loss = 6.4361e-02, PNorm = 107.5531, GNorm = 0.8554, lr_0 = 2.3110e-04
Loss = 4.5297e-02, PNorm = 107.5548, GNorm = 0.2466, lr_0 = 2.3086e-04
Loss = 4.4250e-02, PNorm = 107.5618, GNorm = 0.3237, lr_0 = 2.3062e-04
Loss = 2.0783e-02, PNorm = 107.5721, GNorm = 0.9961, lr_0 = 2.3039e-04
Loss = 6.1037e-02, PNorm = 107.5716, GNorm = 0.2051, lr_0 = 2.3015e-04
Loss = 6.7854e-02, PNorm = 107.5709, GNorm = 0.5601, lr_0 = 2.2991e-04
Loss = 3.3545e-02, PNorm = 107.5726, GNorm = 0.2891, lr_0 = 2.2968e-04
Loss = 3.8879e-02, PNorm = 107.5788, GNorm = 0.2305, lr_0 = 2.2944e-04
Loss = 3.8084e-02, PNorm = 107.5840, GNorm = 0.2427, lr_0 = 2.2920e-04
Loss = 9.8879e-02, PNorm = 107.5829, GNorm = 0.3104, lr_0 = 2.2897e-04
Loss = 3.8348e-02, PNorm = 107.5862, GNorm = 1.1025, lr_0 = 2.2873e-04
Loss = 3.9096e-02, PNorm = 107.5906, GNorm = 0.2459, lr_0 = 2.2850e-04
Loss = 3.6597e-02, PNorm = 107.5949, GNorm = 0.2446, lr_0 = 2.2826e-04
Loss = 3.9082e-02, PNorm = 107.6001, GNorm = 0.6194, lr_0 = 2.2803e-04
Loss = 1.6974e-02, PNorm = 107.6043, GNorm = 0.1669, lr_0 = 2.2780e-04
Loss = 6.5750e-02, PNorm = 107.6068, GNorm = 1.3225, lr_0 = 2.2756e-04
Validation auc = 0.564818
Epoch 20
Loss = 2.9218e-02, PNorm = 107.6092, GNorm = 0.2044, lr_0 = 2.2733e-04
Loss = 3.2061e-02, PNorm = 107.6133, GNorm = 0.5201, lr_0 = 2.2709e-04
Loss = 4.2158e-02, PNorm = 107.6169, GNorm = 0.2026, lr_0 = 2.2686e-04
Loss = 8.0718e-02, PNorm = 107.6166, GNorm = 0.4513, lr_0 = 2.2663e-04
Loss = 2.1038e-02, PNorm = 107.6203, GNorm = 0.2394, lr_0 = 2.2639e-04
Loss = 5.8504e-02, PNorm = 107.6239, GNorm = 0.2342, lr_0 = 2.2616e-04
Loss = 3.4279e-02, PNorm = 107.6288, GNorm = 0.2417, lr_0 = 2.2593e-04
Loss = 5.9701e-02, PNorm = 107.6331, GNorm = 0.5984, lr_0 = 2.2570e-04
Loss = 6.2704e-02, PNorm = 107.6353, GNorm = 0.2509, lr_0 = 2.2547e-04
Loss = 5.3417e-02, PNorm = 107.6373, GNorm = 0.3370, lr_0 = 2.2523e-04
Loss = 5.8215e-02, PNorm = 107.6419, GNorm = 0.2840, lr_0 = 2.2500e-04
Loss = 3.7852e-02, PNorm = 107.6489, GNorm = 0.2648, lr_0 = 2.2477e-04
Loss = 2.5913e-02, PNorm = 107.6567, GNorm = 0.2170, lr_0 = 2.2454e-04
Loss = 1.9652e-02, PNorm = 107.6647, GNorm = 0.1647, lr_0 = 2.2431e-04
Loss = 3.6190e-02, PNorm = 107.6707, GNorm = 0.1581, lr_0 = 2.2408e-04
Loss = 2.6895e-02, PNorm = 107.6757, GNorm = 0.1593, lr_0 = 2.2385e-04
Loss = 6.7262e-02, PNorm = 107.6773, GNorm = 0.2141, lr_0 = 2.2362e-04
Loss = 8.8116e-02, PNorm = 107.6783, GNorm = 0.2568, lr_0 = 2.2339e-04
Loss = 2.1300e-02, PNorm = 107.6849, GNorm = 0.3493, lr_0 = 2.2316e-04
Loss = 5.2108e-02, PNorm = 107.6971, GNorm = 0.2617, lr_0 = 2.2293e-04
Loss = 3.0592e-02, PNorm = 107.7064, GNorm = 0.2622, lr_0 = 2.2270e-04
Loss = 7.7701e-02, PNorm = 107.7116, GNorm = 0.3031, lr_0 = 2.2247e-04
Loss = 7.5479e-02, PNorm = 107.7198, GNorm = 0.5686, lr_0 = 2.2224e-04
Loss = 3.0923e-02, PNorm = 107.7285, GNorm = 0.3977, lr_0 = 2.2202e-04
Loss = 4.4924e-02, PNorm = 107.7378, GNorm = 0.3195, lr_0 = 2.2179e-04
Loss = 5.4096e-02, PNorm = 107.7474, GNorm = 0.2822, lr_0 = 2.2156e-04
Loss = 7.9912e-03, PNorm = 107.7580, GNorm = 0.3112, lr_0 = 2.2133e-04
Loss = 5.0635e-02, PNorm = 107.7680, GNorm = 0.1581, lr_0 = 2.2110e-04
Loss = 9.8842e-02, PNorm = 107.7701, GNorm = 0.2482, lr_0 = 2.2088e-04
Loss = 6.5881e-02, PNorm = 107.7736, GNorm = 0.6545, lr_0 = 2.2065e-04
Loss = 8.2607e-02, PNorm = 107.7785, GNorm = 0.4696, lr_0 = 2.2042e-04
Loss = 4.1942e-02, PNorm = 107.7865, GNorm = 0.4810, lr_0 = 2.2020e-04
Loss = 2.4365e-02, PNorm = 107.7971, GNorm = 0.2463, lr_0 = 2.1997e-04
Loss = 6.7857e-02, PNorm = 107.8038, GNorm = 0.5164, lr_0 = 2.1975e-04
Loss = 2.6586e-02, PNorm = 107.8093, GNorm = 0.2084, lr_0 = 2.1952e-04
Loss = 5.7740e-02, PNorm = 107.8156, GNorm = 0.2215, lr_0 = 2.1929e-04
Loss = 8.3778e-02, PNorm = 107.8186, GNorm = 0.3460, lr_0 = 2.1907e-04
Loss = 2.8043e-02, PNorm = 107.8271, GNorm = 0.3613, lr_0 = 2.1884e-04
Loss = 4.7728e-02, PNorm = 107.8355, GNorm = 0.5008, lr_0 = 2.1862e-04
Loss = 9.8610e-02, PNorm = 107.8382, GNorm = 1.4067, lr_0 = 2.1839e-04
Loss = 4.3516e-02, PNorm = 107.8409, GNorm = 0.3340, lr_0 = 2.1817e-04
Loss = 6.5859e-02, PNorm = 107.8484, GNorm = 0.3390, lr_0 = 2.1795e-04
Loss = 6.4808e-02, PNorm = 107.8557, GNorm = 0.6684, lr_0 = 2.1772e-04
Loss = 4.2860e-02, PNorm = 107.8633, GNorm = 0.3217, lr_0 = 2.1750e-04
Loss = 4.4474e-02, PNorm = 107.8720, GNorm = 0.3445, lr_0 = 2.1727e-04
Loss = 4.7590e-02, PNorm = 107.8805, GNorm = 0.2783, lr_0 = 2.1705e-04
Loss = 4.8852e-02, PNorm = 107.8877, GNorm = 0.2316, lr_0 = 2.1683e-04
Loss = 1.8475e-02, PNorm = 107.8959, GNorm = 0.1914, lr_0 = 2.1661e-04
Loss = 9.1830e-02, PNorm = 107.8993, GNorm = 0.5751, lr_0 = 2.1638e-04
Loss = 4.5496e-02, PNorm = 107.9037, GNorm = 0.2378, lr_0 = 2.1616e-04
Loss = 6.6678e-02, PNorm = 107.9085, GNorm = 0.5273, lr_0 = 2.1594e-04
Loss = 5.6146e-02, PNorm = 107.9125, GNorm = 0.3642, lr_0 = 2.1572e-04
Loss = 3.9738e-02, PNorm = 107.9216, GNorm = 0.2777, lr_0 = 2.1550e-04
Loss = 6.7858e-02, PNorm = 107.9294, GNorm = 0.2450, lr_0 = 2.1527e-04
Loss = 6.0717e-02, PNorm = 107.9349, GNorm = 0.3055, lr_0 = 2.1505e-04
Loss = 6.5194e-02, PNorm = 107.9422, GNorm = 0.3370, lr_0 = 2.1483e-04
Loss = 5.4331e-02, PNorm = 107.9560, GNorm = 0.5722, lr_0 = 2.1461e-04
Loss = 3.3167e-02, PNorm = 107.9677, GNorm = 0.2903, lr_0 = 2.1439e-04
Loss = 5.6515e-02, PNorm = 107.9780, GNorm = 0.2100, lr_0 = 2.1417e-04
Loss = 4.8923e-02, PNorm = 107.9849, GNorm = 0.2522, lr_0 = 2.1395e-04
Loss = 5.0804e-02, PNorm = 107.9936, GNorm = 0.2633, lr_0 = 2.1373e-04
Loss = 5.6011e-02, PNorm = 107.9976, GNorm = 0.4461, lr_0 = 2.1351e-04
Loss = 5.8246e-02, PNorm = 108.0001, GNorm = 0.5702, lr_0 = 2.1329e-04
Loss = 3.8193e-02, PNorm = 108.0044, GNorm = 0.2781, lr_0 = 2.1307e-04
Loss = 3.5318e-02, PNorm = 108.0113, GNorm = 0.2519, lr_0 = 2.1285e-04
Loss = 2.0633e-02, PNorm = 108.0205, GNorm = 0.2032, lr_0 = 2.1263e-04
Loss = 7.4544e-02, PNorm = 108.0252, GNorm = 0.2134, lr_0 = 2.1242e-04
Loss = 3.5199e-02, PNorm = 108.0299, GNorm = 0.2195, lr_0 = 2.1220e-04
Loss = 6.6890e-02, PNorm = 108.0328, GNorm = 0.2784, lr_0 = 2.1198e-04
Loss = 3.9684e-02, PNorm = 108.0390, GNorm = 0.4712, lr_0 = 2.1176e-04
Loss = 7.8741e-02, PNorm = 108.0444, GNorm = 0.3301, lr_0 = 2.1154e-04
Loss = 5.0249e-02, PNorm = 108.0503, GNorm = 0.3901, lr_0 = 2.1133e-04
Loss = 2.0719e-02, PNorm = 108.0581, GNorm = 0.3059, lr_0 = 2.1111e-04
Loss = 5.2214e-02, PNorm = 108.0645, GNorm = 0.6868, lr_0 = 2.1089e-04
Loss = 2.4882e-02, PNorm = 108.0691, GNorm = 0.1885, lr_0 = 2.1068e-04
Loss = 6.6244e-02, PNorm = 108.0718, GNorm = 0.7501, lr_0 = 2.1046e-04
Loss = 3.5681e-02, PNorm = 108.0746, GNorm = 0.1934, lr_0 = 2.1024e-04
Loss = 3.8112e-02, PNorm = 108.0795, GNorm = 0.2152, lr_0 = 2.1003e-04
Loss = 3.8370e-02, PNorm = 108.0848, GNorm = 0.2192, lr_0 = 2.0981e-04
Loss = 5.9366e-02, PNorm = 108.0913, GNorm = 0.2318, lr_0 = 2.0960e-04
Validation auc = 0.567940
Epoch 21
Loss = 4.0771e-02, PNorm = 108.0953, GNorm = 0.2582, lr_0 = 2.0938e-04
Loss = 6.0783e-02, PNorm = 108.1002, GNorm = 0.2616, lr_0 = 2.0917e-04
Loss = 4.5825e-02, PNorm = 108.1070, GNorm = 0.4971, lr_0 = 2.0895e-04
Loss = 2.1094e-02, PNorm = 108.1168, GNorm = 0.7401, lr_0 = 2.0874e-04
Loss = 6.0443e-02, PNorm = 108.1191, GNorm = 0.5940, lr_0 = 2.0852e-04
Loss = 1.0999e-01, PNorm = 108.1185, GNorm = 0.4798, lr_0 = 2.0831e-04
Loss = 5.1605e-02, PNorm = 108.1225, GNorm = 0.4078, lr_0 = 2.0809e-04
Loss = 3.2921e-02, PNorm = 108.1346, GNorm = 0.2921, lr_0 = 2.0788e-04
Loss = 6.0512e-02, PNorm = 108.1462, GNorm = 0.5837, lr_0 = 2.0767e-04
Loss = 3.0687e-02, PNorm = 108.1531, GNorm = 0.1865, lr_0 = 2.0745e-04
Loss = 4.4286e-02, PNorm = 108.1579, GNorm = 0.2095, lr_0 = 2.0724e-04
Loss = 5.5214e-02, PNorm = 108.1609, GNorm = 0.1982, lr_0 = 2.0703e-04
Loss = 8.1669e-02, PNorm = 108.1620, GNorm = 0.3245, lr_0 = 2.0681e-04
Loss = 8.0827e-02, PNorm = 108.1650, GNorm = 1.4679, lr_0 = 2.0660e-04
Loss = 2.1733e-02, PNorm = 108.1725, GNorm = 0.4014, lr_0 = 2.0639e-04
Loss = 3.7550e-02, PNorm = 108.1823, GNorm = 0.2608, lr_0 = 2.0618e-04
Loss = 3.5987e-02, PNorm = 108.1885, GNorm = 0.2139, lr_0 = 2.0597e-04
Loss = 6.1524e-02, PNorm = 108.1923, GNorm = 0.2206, lr_0 = 2.0575e-04
Loss = 4.2268e-02, PNorm = 108.1956, GNorm = 0.2555, lr_0 = 2.0554e-04
Loss = 8.2893e-03, PNorm = 108.2018, GNorm = 0.1913, lr_0 = 2.0533e-04
Loss = 2.0153e-02, PNorm = 108.2090, GNorm = 0.1421, lr_0 = 2.0512e-04
Loss = 3.8743e-02, PNorm = 108.2136, GNorm = 0.1016, lr_0 = 2.0491e-04
Loss = 3.0773e-02, PNorm = 108.2162, GNorm = 0.0972, lr_0 = 2.0470e-04
Loss = 3.6981e-02, PNorm = 108.2164, GNorm = 0.1484, lr_0 = 2.0449e-04
Loss = 4.0400e-02, PNorm = 108.2185, GNorm = 0.6654, lr_0 = 2.0428e-04
Loss = 8.3282e-02, PNorm = 108.2200, GNorm = 1.1965, lr_0 = 2.0407e-04
Loss = 2.6148e-02, PNorm = 108.2235, GNorm = 0.3904, lr_0 = 2.0386e-04
Loss = 6.8039e-02, PNorm = 108.2304, GNorm = 0.6931, lr_0 = 2.0365e-04
Loss = 3.0940e-02, PNorm = 108.2365, GNorm = 0.2321, lr_0 = 2.0344e-04
Loss = 2.6306e-02, PNorm = 108.2428, GNorm = 0.2326, lr_0 = 2.0323e-04
Loss = 2.7110e-02, PNorm = 108.2475, GNorm = 0.1421, lr_0 = 2.0302e-04
Loss = 8.1491e-02, PNorm = 108.2503, GNorm = 0.2112, lr_0 = 2.0281e-04
Loss = 4.0998e-02, PNorm = 108.2534, GNorm = 0.5122, lr_0 = 2.0261e-04
Loss = 6.1764e-02, PNorm = 108.2557, GNorm = 0.5207, lr_0 = 2.0240e-04
Loss = 2.0706e-02, PNorm = 108.2609, GNorm = 0.2912, lr_0 = 2.0219e-04
Loss = 2.9487e-02, PNorm = 108.2680, GNorm = 0.1958, lr_0 = 2.0198e-04
Loss = 1.3020e-02, PNorm = 108.2757, GNorm = 0.1638, lr_0 = 2.0177e-04
Loss = 3.0574e-02, PNorm = 108.2802, GNorm = 0.1376, lr_0 = 2.0157e-04
Loss = 4.9589e-02, PNorm = 108.2822, GNorm = 0.8437, lr_0 = 2.0136e-04
Loss = 4.4161e-02, PNorm = 108.2800, GNorm = 0.1675, lr_0 = 2.0115e-04
Loss = 3.5374e-02, PNorm = 108.2817, GNorm = 0.5933, lr_0 = 2.0095e-04
Loss = 6.8839e-02, PNorm = 108.2822, GNorm = 0.2479, lr_0 = 2.0074e-04
Loss = 6.5678e-02, PNorm = 108.2822, GNorm = 0.4295, lr_0 = 2.0053e-04
Loss = 7.6751e-02, PNorm = 108.2865, GNorm = 0.6674, lr_0 = 2.0033e-04
Loss = 6.0402e-02, PNorm = 108.2936, GNorm = 0.3012, lr_0 = 2.0012e-04
Loss = 6.0698e-02, PNorm = 108.3009, GNorm = 0.3475, lr_0 = 1.9992e-04
Loss = 1.0190e-01, PNorm = 108.3076, GNorm = 1.2225, lr_0 = 1.9971e-04
Loss = 5.0229e-02, PNorm = 108.3119, GNorm = 0.3803, lr_0 = 1.9951e-04
Loss = 6.9096e-02, PNorm = 108.3178, GNorm = 0.3499, lr_0 = 1.9930e-04
Loss = 5.4909e-02, PNorm = 108.3235, GNorm = 0.4979, lr_0 = 1.9910e-04
Loss = 4.7325e-02, PNorm = 108.3269, GNorm = 0.3222, lr_0 = 1.9889e-04
Loss = 2.8089e-02, PNorm = 108.3326, GNorm = 0.6657, lr_0 = 1.9869e-04
Loss = 8.3547e-02, PNorm = 108.3339, GNorm = 0.2300, lr_0 = 1.9848e-04
Loss = 4.7287e-02, PNorm = 108.3367, GNorm = 0.5445, lr_0 = 1.9828e-04
Loss = 5.9799e-02, PNorm = 108.3400, GNorm = 0.2493, lr_0 = 1.9808e-04
Loss = 5.9189e-02, PNorm = 108.3436, GNorm = 0.4331, lr_0 = 1.9787e-04
Loss = 8.5963e-02, PNorm = 108.3493, GNorm = 1.9693, lr_0 = 1.9767e-04
Loss = 5.5474e-02, PNorm = 108.3558, GNorm = 0.4133, lr_0 = 1.9747e-04
Loss = 4.3785e-02, PNorm = 108.3650, GNorm = 0.3487, lr_0 = 1.9726e-04
Loss = 5.7312e-02, PNorm = 108.3726, GNorm = 1.3820, lr_0 = 1.9706e-04
Loss = 2.6987e-02, PNorm = 108.3789, GNorm = 0.5665, lr_0 = 1.9686e-04
Loss = 3.8230e-02, PNorm = 108.3843, GNorm = 0.9188, lr_0 = 1.9666e-04
Loss = 5.3090e-02, PNorm = 108.3868, GNorm = 0.1759, lr_0 = 1.9645e-04
Loss = 4.1859e-02, PNorm = 108.3887, GNorm = 0.2292, lr_0 = 1.9625e-04
Loss = 5.8535e-02, PNorm = 108.3888, GNorm = 0.2093, lr_0 = 1.9605e-04
Loss = 8.2993e-02, PNorm = 108.3907, GNorm = 0.2914, lr_0 = 1.9585e-04
Loss = 3.3902e-02, PNorm = 108.3954, GNorm = 0.2912, lr_0 = 1.9565e-04
Loss = 4.0313e-02, PNorm = 108.4027, GNorm = 0.7538, lr_0 = 1.9545e-04
Loss = 1.6279e-02, PNorm = 108.4096, GNorm = 0.1710, lr_0 = 1.9525e-04
Loss = 3.4216e-02, PNorm = 108.4134, GNorm = 0.1253, lr_0 = 1.9504e-04
Loss = 7.3971e-02, PNorm = 108.4119, GNorm = 0.8106, lr_0 = 1.9484e-04
Loss = 3.7716e-02, PNorm = 108.4105, GNorm = 0.2471, lr_0 = 1.9464e-04
Loss = 4.7357e-02, PNorm = 108.4124, GNorm = 0.2069, lr_0 = 1.9444e-04
Loss = 5.2086e-02, PNorm = 108.4123, GNorm = 0.2362, lr_0 = 1.9424e-04
Loss = 5.2226e-02, PNorm = 108.4142, GNorm = 0.8812, lr_0 = 1.9404e-04
Loss = 2.4867e-02, PNorm = 108.4191, GNorm = 0.2111, lr_0 = 1.9385e-04
Loss = 4.4109e-02, PNorm = 108.4248, GNorm = 0.5813, lr_0 = 1.9365e-04
Loss = 2.8391e-02, PNorm = 108.4293, GNorm = 0.1826, lr_0 = 1.9345e-04
Loss = 4.2952e-02, PNorm = 108.4336, GNorm = 0.1792, lr_0 = 1.9325e-04
Loss = 1.4638e-02, PNorm = 108.4390, GNorm = 0.1646, lr_0 = 1.9305e-04
Validation auc = 0.563194
Epoch 22
Loss = 4.0685e-02, PNorm = 108.4437, GNorm = 0.1386, lr_0 = 1.9285e-04
Loss = 8.5313e-02, PNorm = 108.4425, GNorm = 0.2168, lr_0 = 1.9265e-04
Loss = 7.6808e-02, PNorm = 108.4402, GNorm = 0.3145, lr_0 = 1.9246e-04
Loss = 3.0119e-02, PNorm = 108.4449, GNorm = 0.3588, lr_0 = 1.9226e-04
Loss = 1.0917e-02, PNorm = 108.4540, GNorm = 0.2309, lr_0 = 1.9206e-04
Loss = 4.3713e-02, PNorm = 108.4606, GNorm = 0.1852, lr_0 = 1.9186e-04
Loss = 5.0277e-02, PNorm = 108.4645, GNorm = 0.1978, lr_0 = 1.9167e-04
Loss = 5.4253e-02, PNorm = 108.4644, GNorm = 0.2181, lr_0 = 1.9147e-04
Loss = 2.9573e-02, PNorm = 108.4671, GNorm = 0.2097, lr_0 = 1.9127e-04
Loss = 3.9928e-02, PNorm = 108.4725, GNorm = 0.1781, lr_0 = 1.9108e-04
Loss = 4.3331e-02, PNorm = 108.4764, GNorm = 0.1580, lr_0 = 1.9088e-04
Loss = 2.5334e-02, PNorm = 108.4805, GNorm = 0.6290, lr_0 = 1.9068e-04
Loss = 3.8099e-02, PNorm = 108.4830, GNorm = 0.1631, lr_0 = 1.9049e-04
Loss = 5.8160e-02, PNorm = 108.4856, GNorm = 1.4031, lr_0 = 1.9029e-04
Loss = 5.2861e-02, PNorm = 108.4874, GNorm = 1.2235, lr_0 = 1.9010e-04
Loss = 3.6076e-02, PNorm = 108.4871, GNorm = 0.2496, lr_0 = 1.8990e-04
Loss = 2.7100e-02, PNorm = 108.4917, GNorm = 0.2042, lr_0 = 1.8971e-04
Loss = 6.9185e-02, PNorm = 108.4958, GNorm = 0.6160, lr_0 = 1.8951e-04
Loss = 4.7631e-02, PNorm = 108.4997, GNorm = 0.2420, lr_0 = 1.8932e-04
Loss = 5.3896e-02, PNorm = 108.5047, GNorm = 0.4985, lr_0 = 1.8912e-04
Loss = 6.9122e-02, PNorm = 108.5076, GNorm = 0.6654, lr_0 = 1.8893e-04
Loss = 2.9923e-02, PNorm = 108.5116, GNorm = 0.2785, lr_0 = 1.8873e-04
Loss = 6.0635e-02, PNorm = 108.5149, GNorm = 0.2495, lr_0 = 1.8854e-04
Loss = 7.4541e-02, PNorm = 108.5183, GNorm = 0.6710, lr_0 = 1.8835e-04
Loss = 1.1339e-02, PNorm = 108.5278, GNorm = 0.2801, lr_0 = 1.8815e-04
Loss = 1.6892e-02, PNorm = 108.5374, GNorm = 0.1602, lr_0 = 1.8796e-04
Loss = 4.9279e-02, PNorm = 108.5428, GNorm = 0.1511, lr_0 = 1.8777e-04
Loss = 6.8677e-02, PNorm = 108.5397, GNorm = 0.1952, lr_0 = 1.8757e-04
Loss = 6.0821e-02, PNorm = 108.5357, GNorm = 0.5861, lr_0 = 1.8738e-04
Loss = 4.4922e-02, PNorm = 108.5376, GNorm = 0.8912, lr_0 = 1.8719e-04
Loss = 3.4087e-02, PNorm = 108.5415, GNorm = 0.2286, lr_0 = 1.8700e-04
Loss = 3.9044e-02, PNorm = 108.5459, GNorm = 0.3804, lr_0 = 1.8680e-04
Loss = 6.7509e-02, PNorm = 108.5501, GNorm = 0.2312, lr_0 = 1.8661e-04
Loss = 6.4987e-02, PNorm = 108.5530, GNorm = 0.4246, lr_0 = 1.8642e-04
Loss = 5.1647e-02, PNorm = 108.5562, GNorm = 0.3097, lr_0 = 1.8623e-04
Loss = 6.1973e-02, PNorm = 108.5602, GNorm = 0.3301, lr_0 = 1.8604e-04
Loss = 3.3004e-02, PNorm = 108.5653, GNorm = 0.5314, lr_0 = 1.8585e-04
Loss = 4.4629e-02, PNorm = 108.5706, GNorm = 0.6018, lr_0 = 1.8565e-04
Loss = 5.7920e-02, PNorm = 108.5748, GNorm = 0.2130, lr_0 = 1.8546e-04
Loss = 2.2294e-02, PNorm = 108.5797, GNorm = 0.2270, lr_0 = 1.8527e-04
Loss = 8.0463e-02, PNorm = 108.5826, GNorm = 0.4405, lr_0 = 1.8508e-04
Loss = 6.9086e-02, PNorm = 108.5845, GNorm = 0.3070, lr_0 = 1.8489e-04
Loss = 5.2982e-02, PNorm = 108.5879, GNorm = 0.6662, lr_0 = 1.8470e-04
Loss = 3.7165e-02, PNorm = 108.5926, GNorm = 0.2398, lr_0 = 1.8451e-04
Loss = 9.7967e-02, PNorm = 108.5949, GNorm = 0.4985, lr_0 = 1.8432e-04
Loss = 3.3519e-02, PNorm = 108.5998, GNorm = 0.3260, lr_0 = 1.8413e-04
Loss = 3.7563e-02, PNorm = 108.6068, GNorm = 0.2157, lr_0 = 1.8394e-04
Loss = 4.0993e-02, PNorm = 108.6133, GNorm = 0.1952, lr_0 = 1.8376e-04
Loss = 2.4769e-02, PNorm = 108.6190, GNorm = 0.1650, lr_0 = 1.8357e-04
Loss = 7.8325e-02, PNorm = 108.6207, GNorm = 0.5356, lr_0 = 1.8338e-04
Loss = 4.0003e-02, PNorm = 108.6228, GNorm = 0.2307, lr_0 = 1.8319e-04
Loss = 5.2757e-02, PNorm = 108.6269, GNorm = 0.7118, lr_0 = 1.8300e-04
Loss = 3.0011e-02, PNorm = 108.6318, GNorm = 0.2117, lr_0 = 1.8281e-04
Loss = 2.2595e-02, PNorm = 108.6379, GNorm = 0.1655, lr_0 = 1.8263e-04
Loss = 3.3045e-02, PNorm = 108.6423, GNorm = 0.5047, lr_0 = 1.8244e-04
Loss = 3.1842e-02, PNorm = 108.6449, GNorm = 0.1323, lr_0 = 1.8225e-04
Loss = 6.8649e-02, PNorm = 108.6447, GNorm = 0.1570, lr_0 = 1.8206e-04
Loss = 3.0388e-02, PNorm = 108.6462, GNorm = 0.1950, lr_0 = 1.8188e-04
Loss = 5.6758e-02, PNorm = 108.6487, GNorm = 0.6965, lr_0 = 1.8169e-04
Loss = 2.8327e-02, PNorm = 108.6525, GNorm = 0.2653, lr_0 = 1.8150e-04
Loss = 6.4691e-02, PNorm = 108.6574, GNorm = 0.4688, lr_0 = 1.8132e-04
Loss = 5.3336e-02, PNorm = 108.6611, GNorm = 0.2409, lr_0 = 1.8113e-04
Loss = 3.4973e-02, PNorm = 108.6651, GNorm = 0.2496, lr_0 = 1.8094e-04
Loss = 4.8919e-02, PNorm = 108.6706, GNorm = 0.4529, lr_0 = 1.8076e-04
Loss = 4.7148e-02, PNorm = 108.6786, GNorm = 0.2105, lr_0 = 1.8057e-04
Loss = 5.1546e-02, PNorm = 108.6846, GNorm = 0.1702, lr_0 = 1.8039e-04
Loss = 6.2679e-02, PNorm = 108.6880, GNorm = 0.8987, lr_0 = 1.8020e-04
Loss = 3.1488e-02, PNorm = 108.6924, GNorm = 0.2133, lr_0 = 1.8002e-04
Loss = 5.6488e-02, PNorm = 108.6948, GNorm = 0.2329, lr_0 = 1.7983e-04
Loss = 7.8283e-02, PNorm = 108.6976, GNorm = 0.2590, lr_0 = 1.7965e-04
Loss = 8.6380e-02, PNorm = 108.6993, GNorm = 0.4029, lr_0 = 1.7946e-04
Loss = 5.6265e-02, PNorm = 108.7048, GNorm = 0.3127, lr_0 = 1.7928e-04
Loss = 5.9654e-02, PNorm = 108.7102, GNorm = 0.3294, lr_0 = 1.7909e-04
Loss = 7.2064e-02, PNorm = 108.7147, GNorm = 0.3303, lr_0 = 1.7891e-04
Loss = 2.7987e-02, PNorm = 108.7215, GNorm = 0.4279, lr_0 = 1.7873e-04
Loss = 1.6828e-02, PNorm = 108.7281, GNorm = 0.1460, lr_0 = 1.7854e-04
Loss = 5.9511e-02, PNorm = 108.7303, GNorm = 0.1392, lr_0 = 1.7836e-04
Loss = 5.0296e-02, PNorm = 108.7309, GNorm = 0.1758, lr_0 = 1.7818e-04
Loss = 2.8773e-02, PNorm = 108.7327, GNorm = 0.1912, lr_0 = 1.7799e-04
Loss = 4.8969e-02, PNorm = 108.7363, GNorm = 0.4172, lr_0 = 1.7781e-04
Validation auc = 0.565142
Epoch 23
Loss = 4.8308e-02, PNorm = 108.7386, GNorm = 0.2179, lr_0 = 1.7763e-04
Loss = 7.3398e-02, PNorm = 108.7404, GNorm = 0.5684, lr_0 = 1.7744e-04
Loss = 5.8355e-02, PNorm = 108.7446, GNorm = 0.4405, lr_0 = 1.7726e-04
Loss = 3.8765e-02, PNorm = 108.7517, GNorm = 0.2524, lr_0 = 1.7708e-04
Loss = 3.4269e-02, PNorm = 108.7589, GNorm = 0.4928, lr_0 = 1.7690e-04
Loss = 4.2686e-02, PNorm = 108.7661, GNorm = 0.1767, lr_0 = 1.7672e-04
Loss = 4.1585e-02, PNorm = 108.7722, GNorm = 0.1936, lr_0 = 1.7653e-04
Loss = 2.7286e-02, PNorm = 108.7769, GNorm = 0.1529, lr_0 = 1.7635e-04
Loss = 3.6236e-02, PNorm = 108.7827, GNorm = 0.1693, lr_0 = 1.7617e-04
Loss = 6.8332e-02, PNorm = 108.7863, GNorm = 0.7383, lr_0 = 1.7599e-04
Loss = 5.7880e-02, PNorm = 108.7900, GNorm = 0.9329, lr_0 = 1.7581e-04
Loss = 6.4729e-02, PNorm = 108.7930, GNorm = 0.4842, lr_0 = 1.7563e-04
Loss = 6.7827e-02, PNorm = 108.7989, GNorm = 0.4163, lr_0 = 1.7545e-04
Loss = 2.2461e-02, PNorm = 108.8109, GNorm = 0.2816, lr_0 = 1.7527e-04
Loss = 4.0131e-02, PNorm = 108.8238, GNorm = 1.2596, lr_0 = 1.7509e-04
Loss = 6.5322e-02, PNorm = 108.8272, GNorm = 0.1936, lr_0 = 1.7491e-04
Loss = 7.7159e-02, PNorm = 108.8304, GNorm = 0.2061, lr_0 = 1.7473e-04
Loss = 6.5443e-02, PNorm = 108.8295, GNorm = 0.3469, lr_0 = 1.7455e-04
Loss = 3.8768e-02, PNorm = 108.8364, GNorm = 0.3611, lr_0 = 1.7437e-04
Loss = 4.6220e-02, PNorm = 108.8375, GNorm = 0.2575, lr_0 = 1.7419e-04
Loss = 5.2361e-02, PNorm = 108.8428, GNorm = 0.4827, lr_0 = 1.7401e-04
Loss = 6.2549e-02, PNorm = 108.8464, GNorm = 0.2597, lr_0 = 1.7383e-04
Loss = 5.6877e-02, PNorm = 108.8505, GNorm = 0.2402, lr_0 = 1.7366e-04
Loss = 2.9965e-02, PNorm = 108.8553, GNorm = 0.2519, lr_0 = 1.7348e-04
Loss = 5.2774e-02, PNorm = 108.8591, GNorm = 0.1902, lr_0 = 1.7330e-04
Loss = 4.7866e-02, PNorm = 108.8625, GNorm = 0.5056, lr_0 = 1.7312e-04
Loss = 6.9781e-02, PNorm = 108.8640, GNorm = 0.2184, lr_0 = 1.7294e-04
Loss = 1.7978e-02, PNorm = 108.8691, GNorm = 0.1902, lr_0 = 1.7276e-04
Loss = 6.8695e-02, PNorm = 108.8728, GNorm = 0.2046, lr_0 = 1.7259e-04
Loss = 3.8291e-02, PNorm = 108.8753, GNorm = 0.2471, lr_0 = 1.7241e-04
Loss = 4.9758e-02, PNorm = 108.8795, GNorm = 0.1936, lr_0 = 1.7223e-04
Loss = 3.7205e-02, PNorm = 108.8842, GNorm = 0.1951, lr_0 = 1.7206e-04
Loss = 5.3137e-02, PNorm = 108.8888, GNorm = 0.2654, lr_0 = 1.7188e-04
Loss = 8.7474e-02, PNorm = 108.8919, GNorm = 0.2888, lr_0 = 1.7170e-04
Loss = 3.5739e-02, PNorm = 108.8976, GNorm = 0.2906, lr_0 = 1.7153e-04
Loss = 3.8345e-02, PNorm = 108.9042, GNorm = 0.6228, lr_0 = 1.7135e-04
Loss = 2.5904e-02, PNorm = 108.9095, GNorm = 0.1534, lr_0 = 1.7117e-04
Loss = 4.4981e-02, PNorm = 108.9148, GNorm = 0.1486, lr_0 = 1.7100e-04
Loss = 5.6860e-02, PNorm = 108.9190, GNorm = 0.4618, lr_0 = 1.7082e-04
Loss = 3.6621e-02, PNorm = 108.9224, GNorm = 0.1843, lr_0 = 1.7065e-04
Loss = 4.3615e-02, PNorm = 108.9274, GNorm = 0.2206, lr_0 = 1.7047e-04
Loss = 4.5614e-02, PNorm = 108.9321, GNorm = 0.1743, lr_0 = 1.7030e-04
Loss = 4.5716e-02, PNorm = 108.9289, GNorm = 0.1915, lr_0 = 1.7012e-04
Loss = 6.0146e-02, PNorm = 108.9276, GNorm = 0.2099, lr_0 = 1.6995e-04
Loss = 4.7931e-02, PNorm = 108.9283, GNorm = 0.2235, lr_0 = 1.6977e-04
Loss = 8.8871e-02, PNorm = 108.9289, GNorm = 0.2432, lr_0 = 1.6960e-04
Loss = 5.4949e-02, PNorm = 108.9313, GNorm = 0.3227, lr_0 = 1.6942e-04
Loss = 4.8542e-02, PNorm = 108.9376, GNorm = 0.2865, lr_0 = 1.6925e-04
Loss = 2.3702e-02, PNorm = 108.9453, GNorm = 0.2201, lr_0 = 1.6908e-04
Loss = 2.3396e-02, PNorm = 108.9520, GNorm = 0.1901, lr_0 = 1.6890e-04
Loss = 3.6410e-02, PNorm = 108.9581, GNorm = 0.8109, lr_0 = 1.6873e-04
Loss = 2.2305e-02, PNorm = 108.9617, GNorm = 0.1225, lr_0 = 1.6855e-04
Loss = 5.8444e-02, PNorm = 108.9646, GNorm = 1.7575, lr_0 = 1.6838e-04
Loss = 5.1318e-02, PNorm = 108.9621, GNorm = 0.1476, lr_0 = 1.6821e-04
Loss = 1.5961e-02, PNorm = 108.9660, GNorm = 0.1820, lr_0 = 1.6804e-04
Loss = 6.5045e-02, PNorm = 108.9692, GNorm = 0.6894, lr_0 = 1.6786e-04
Loss = 4.2343e-02, PNorm = 108.9694, GNorm = 0.1849, lr_0 = 1.6769e-04
Loss = 2.7247e-02, PNorm = 108.9721, GNorm = 0.4757, lr_0 = 1.6752e-04
Loss = 4.7305e-02, PNorm = 108.9748, GNorm = 0.2113, lr_0 = 1.6735e-04
Loss = 3.6168e-02, PNorm = 108.9786, GNorm = 0.1969, lr_0 = 1.6717e-04
Loss = 4.5819e-02, PNorm = 108.9810, GNorm = 0.1623, lr_0 = 1.6700e-04
Loss = 2.7730e-02, PNorm = 108.9841, GNorm = 0.1876, lr_0 = 1.6683e-04
Loss = 6.0100e-02, PNorm = 108.9852, GNorm = 0.1703, lr_0 = 1.6666e-04
Loss = 9.4854e-02, PNorm = 108.9826, GNorm = 0.2347, lr_0 = 1.6649e-04
Loss = 6.2188e-02, PNorm = 108.9823, GNorm = 0.3095, lr_0 = 1.6632e-04
Loss = 4.0463e-02, PNorm = 108.9874, GNorm = 0.3067, lr_0 = 1.6615e-04
Loss = 2.5269e-02, PNorm = 108.9958, GNorm = 0.2611, lr_0 = 1.6598e-04
Loss = 2.4085e-02, PNorm = 109.0038, GNorm = 0.1595, lr_0 = 1.6581e-04
Loss = 7.3596e-02, PNorm = 109.0072, GNorm = 0.6255, lr_0 = 1.6563e-04
Loss = 5.7354e-02, PNorm = 109.0078, GNorm = 0.2278, lr_0 = 1.6546e-04
Loss = 5.8001e-02, PNorm = 109.0075, GNorm = 0.4665, lr_0 = 1.6529e-04
Loss = 4.5330e-02, PNorm = 109.0100, GNorm = 1.4965, lr_0 = 1.6512e-04
Loss = 4.8943e-02, PNorm = 109.0116, GNorm = 0.2492, lr_0 = 1.6496e-04
Loss = 6.3873e-02, PNorm = 109.0152, GNorm = 0.6105, lr_0 = 1.6479e-04
Loss = 5.7266e-02, PNorm = 109.0196, GNorm = 0.4478, lr_0 = 1.6462e-04
Loss = 6.0428e-02, PNorm = 109.0252, GNorm = 0.3012, lr_0 = 1.6445e-04
Loss = 3.8903e-02, PNorm = 109.0320, GNorm = 1.0854, lr_0 = 1.6428e-04
Loss = 4.1981e-02, PNorm = 109.0364, GNorm = 0.5182, lr_0 = 1.6411e-04
Loss = 5.1421e-02, PNorm = 109.0391, GNorm = 0.5093, lr_0 = 1.6394e-04
Loss = 3.9865e-02, PNorm = 109.0420, GNorm = 0.2504, lr_0 = 1.6377e-04
Validation auc = 0.563076
Epoch 24
Loss = 3.6396e-02, PNorm = 109.0452, GNorm = 0.5424, lr_0 = 1.6360e-04
Loss = 4.6743e-02, PNorm = 109.0461, GNorm = 0.3806, lr_0 = 1.6344e-04
Loss = 7.3129e-02, PNorm = 109.0462, GNorm = 0.2462, lr_0 = 1.6327e-04
Loss = 2.7113e-02, PNorm = 109.0485, GNorm = 0.2368, lr_0 = 1.6310e-04
Loss = 7.0238e-02, PNorm = 109.0511, GNorm = 0.2317, lr_0 = 1.6293e-04
Loss = 9.0275e-02, PNorm = 109.0533, GNorm = 0.4097, lr_0 = 1.6277e-04
Loss = 4.7319e-02, PNorm = 109.0571, GNorm = 0.2865, lr_0 = 1.6260e-04
Loss = 3.8724e-02, PNorm = 109.0650, GNorm = 0.2790, lr_0 = 1.6243e-04
Loss = 4.0927e-02, PNorm = 109.0717, GNorm = 0.7331, lr_0 = 1.6226e-04
Loss = 3.5564e-02, PNorm = 109.0750, GNorm = 0.6858, lr_0 = 1.6210e-04
Loss = 5.7785e-02, PNorm = 109.0753, GNorm = 0.1776, lr_0 = 1.6193e-04
Loss = 1.8282e-02, PNorm = 109.0770, GNorm = 0.2021, lr_0 = 1.6176e-04
Loss = 2.8867e-02, PNorm = 109.0802, GNorm = 0.2003, lr_0 = 1.6160e-04
Loss = 6.8338e-02, PNorm = 109.0817, GNorm = 0.1726, lr_0 = 1.6143e-04
Loss = 3.4185e-02, PNorm = 109.0832, GNorm = 0.1589, lr_0 = 1.6127e-04
Loss = 3.1656e-02, PNorm = 109.0849, GNorm = 0.4128, lr_0 = 1.6110e-04
Loss = 3.6077e-02, PNorm = 109.0860, GNorm = 0.1579, lr_0 = 1.6094e-04
Loss = 4.2959e-02, PNorm = 109.0880, GNorm = 0.5098, lr_0 = 1.6077e-04
Loss = 6.1659e-02, PNorm = 109.0909, GNorm = 0.5040, lr_0 = 1.6060e-04
Loss = 1.5300e-02, PNorm = 109.0953, GNorm = 0.1692, lr_0 = 1.6044e-04
Loss = 3.8675e-02, PNorm = 109.1005, GNorm = 0.1746, lr_0 = 1.6028e-04
Loss = 8.8406e-02, PNorm = 109.1010, GNorm = 0.3143, lr_0 = 1.6011e-04
Loss = 4.1932e-02, PNorm = 109.1031, GNorm = 0.3048, lr_0 = 1.5995e-04
Loss = 3.6065e-02, PNorm = 109.1077, GNorm = 0.2425, lr_0 = 1.5978e-04
Loss = 6.8593e-02, PNorm = 109.1108, GNorm = 0.2170, lr_0 = 1.5962e-04
Loss = 4.5266e-02, PNorm = 109.1151, GNorm = 0.5251, lr_0 = 1.5945e-04
Loss = 5.5981e-02, PNorm = 109.1187, GNorm = 0.2482, lr_0 = 1.5929e-04
Loss = 6.4576e-02, PNorm = 109.1212, GNorm = 0.2618, lr_0 = 1.5913e-04
Loss = 3.7921e-02, PNorm = 109.1261, GNorm = 0.4422, lr_0 = 1.5896e-04
Loss = 4.0586e-02, PNorm = 109.1303, GNorm = 0.2162, lr_0 = 1.5880e-04
Loss = 2.3461e-02, PNorm = 109.1338, GNorm = 0.1540, lr_0 = 1.5864e-04
Loss = 6.3336e-02, PNorm = 109.1351, GNorm = 0.1505, lr_0 = 1.5847e-04
Loss = 6.0639e-02, PNorm = 109.1353, GNorm = 0.4000, lr_0 = 1.5831e-04
Loss = 7.1900e-02, PNorm = 109.1336, GNorm = 0.2936, lr_0 = 1.5815e-04
Loss = 1.9859e-02, PNorm = 109.1370, GNorm = 0.2474, lr_0 = 1.5799e-04
Loss = 5.6040e-02, PNorm = 109.1407, GNorm = 0.4072, lr_0 = 1.5782e-04
Loss = 2.6467e-02, PNorm = 109.1455, GNorm = 0.2425, lr_0 = 1.5766e-04
Loss = 2.8675e-02, PNorm = 109.1492, GNorm = 0.1406, lr_0 = 1.5750e-04
Loss = 4.7373e-02, PNorm = 109.1520, GNorm = 0.1348, lr_0 = 1.5734e-04
Loss = 5.1366e-02, PNorm = 109.1534, GNorm = 0.9351, lr_0 = 1.5718e-04
Loss = 3.6905e-02, PNorm = 109.1548, GNorm = 0.1905, lr_0 = 1.5701e-04
Loss = 9.9212e-02, PNorm = 109.1529, GNorm = 0.2503, lr_0 = 1.5685e-04
Loss = 4.3163e-02, PNorm = 109.1553, GNorm = 0.3356, lr_0 = 1.5669e-04
Loss = 3.9861e-02, PNorm = 109.1609, GNorm = 0.2335, lr_0 = 1.5653e-04
Loss = 4.4743e-02, PNorm = 109.1670, GNorm = 0.1959, lr_0 = 1.5637e-04
Loss = 4.9812e-02, PNorm = 109.1729, GNorm = 0.4581, lr_0 = 1.5621e-04
Loss = 4.5630e-02, PNorm = 109.1747, GNorm = 0.2218, lr_0 = 1.5605e-04
Loss = 4.0185e-02, PNorm = 109.1771, GNorm = 0.6044, lr_0 = 1.5589e-04
Loss = 6.0999e-02, PNorm = 109.1782, GNorm = 0.1873, lr_0 = 1.5573e-04
Loss = 6.2506e-02, PNorm = 109.1797, GNorm = 0.2268, lr_0 = 1.5557e-04
Loss = 9.6633e-03, PNorm = 109.1831, GNorm = 0.1835, lr_0 = 1.5541e-04
Loss = 6.5455e-02, PNorm = 109.1862, GNorm = 0.2105, lr_0 = 1.5525e-04
Loss = 2.0871e-02, PNorm = 109.1908, GNorm = 0.1791, lr_0 = 1.5509e-04
Loss = 6.2753e-02, PNorm = 109.1937, GNorm = 0.4196, lr_0 = 1.5493e-04
Loss = 7.0925e-02, PNorm = 109.1966, GNorm = 1.7523, lr_0 = 1.5477e-04
Loss = 4.0990e-02, PNorm = 109.1968, GNorm = 0.2156, lr_0 = 1.5461e-04
Loss = 3.4565e-02, PNorm = 109.1988, GNorm = 0.2259, lr_0 = 1.5445e-04
Loss = 9.2422e-02, PNorm = 109.2015, GNorm = 0.4521, lr_0 = 1.5429e-04
Loss = 2.1215e-02, PNorm = 109.2061, GNorm = 0.2677, lr_0 = 1.5414e-04
Loss = 5.2230e-02, PNorm = 109.2116, GNorm = 0.3947, lr_0 = 1.5398e-04
Loss = 4.2671e-02, PNorm = 109.2184, GNorm = 0.2174, lr_0 = 1.5382e-04
Loss = 5.2205e-02, PNorm = 109.2215, GNorm = 0.1865, lr_0 = 1.5366e-04
Loss = 5.0342e-02, PNorm = 109.2260, GNorm = 0.4464, lr_0 = 1.5350e-04
Loss = 5.3160e-02, PNorm = 109.2280, GNorm = 0.1996, lr_0 = 1.5335e-04
Loss = 3.1105e-02, PNorm = 109.2326, GNorm = 0.1973, lr_0 = 1.5319e-04
Loss = 2.8382e-02, PNorm = 109.2375, GNorm = 0.1488, lr_0 = 1.5303e-04
Loss = 4.4960e-02, PNorm = 109.2416, GNorm = 0.2184, lr_0 = 1.5287e-04
Loss = 4.1242e-02, PNorm = 109.2463, GNorm = 0.1624, lr_0 = 1.5272e-04
Loss = 6.4943e-02, PNorm = 109.2505, GNorm = 0.5978, lr_0 = 1.5256e-04
Loss = 3.5229e-02, PNorm = 109.2532, GNorm = 0.2296, lr_0 = 1.5240e-04
Loss = 3.5632e-02, PNorm = 109.2583, GNorm = 0.1929, lr_0 = 1.5225e-04
Loss = 7.2426e-02, PNorm = 109.2619, GNorm = 0.7437, lr_0 = 1.5209e-04
Loss = 6.6926e-02, PNorm = 109.2617, GNorm = 0.4527, lr_0 = 1.5193e-04
Loss = 3.4854e-02, PNorm = 109.2648, GNorm = 0.2388, lr_0 = 1.5178e-04
Loss = 4.2591e-02, PNorm = 109.2698, GNorm = 0.2002, lr_0 = 1.5162e-04
Loss = 1.9836e-02, PNorm = 109.2743, GNorm = 0.1504, lr_0 = 1.5147e-04
Loss = 4.3665e-02, PNorm = 109.2788, GNorm = 0.6456, lr_0 = 1.5131e-04
Loss = 7.6591e-02, PNorm = 109.2801, GNorm = 0.9738, lr_0 = 1.5115e-04
Loss = 4.3217e-02, PNorm = 109.2816, GNorm = 0.1910, lr_0 = 1.5100e-04
Loss = 2.0921e-02, PNorm = 109.2854, GNorm = 0.1955, lr_0 = 1.5084e-04
Validation auc = 0.576558
Epoch 25
Loss = 5.5934e-02, PNorm = 109.2889, GNorm = 0.2061, lr_0 = 1.5069e-04
Loss = 5.4670e-02, PNorm = 109.2928, GNorm = 0.1904, lr_0 = 1.5053e-04
Loss = 4.6799e-02, PNorm = 109.2968, GNorm = 0.2166, lr_0 = 1.5038e-04
Loss = 4.9074e-02, PNorm = 109.3023, GNorm = 0.4270, lr_0 = 1.5022e-04
Loss = 2.9204e-02, PNorm = 109.3079, GNorm = 0.5945, lr_0 = 1.5007e-04
Loss = 9.9552e-02, PNorm = 109.3113, GNorm = 0.9330, lr_0 = 1.4992e-04
Loss = 5.7021e-02, PNorm = 109.3136, GNorm = 0.2984, lr_0 = 1.4976e-04
Loss = 2.6858e-02, PNorm = 109.3232, GNorm = 0.4833, lr_0 = 1.4961e-04
Loss = 9.7081e-02, PNorm = 109.3317, GNorm = 0.8512, lr_0 = 1.4945e-04
Loss = 7.2153e-02, PNorm = 109.3404, GNorm = 11.3704, lr_0 = 1.4930e-04
Loss = 3.4661e-02, PNorm = 109.3393, GNorm = 0.3527, lr_0 = 1.4915e-04
Loss = 6.2463e-02, PNorm = 109.3464, GNorm = 0.8163, lr_0 = 1.4899e-04
Loss = 2.1741e-02, PNorm = 109.3544, GNorm = 0.2154, lr_0 = 1.4884e-04
Loss = 5.3635e-02, PNorm = 109.3611, GNorm = 0.2362, lr_0 = 1.4869e-04
Loss = 6.8786e-02, PNorm = 109.3654, GNorm = 0.6904, lr_0 = 1.4854e-04
Loss = 4.1528e-02, PNorm = 109.3685, GNorm = 0.2587, lr_0 = 1.4838e-04
Loss = 9.0900e-02, PNorm = 109.3707, GNorm = 0.4578, lr_0 = 1.4823e-04
Loss = 8.0777e-02, PNorm = 109.3714, GNorm = 0.3355, lr_0 = 1.4808e-04
Loss = 4.8362e-02, PNorm = 109.3761, GNorm = 0.3703, lr_0 = 1.4793e-04
Loss = 2.9173e-02, PNorm = 109.3832, GNorm = 0.2934, lr_0 = 1.4777e-04
Loss = 3.2879e-02, PNorm = 109.3889, GNorm = 0.2034, lr_0 = 1.4762e-04
Loss = 5.2924e-02, PNorm = 109.3932, GNorm = 0.6268, lr_0 = 1.4747e-04
Loss = 5.1958e-02, PNorm = 109.3947, GNorm = 0.1967, lr_0 = 1.4732e-04
Loss = 3.0841e-02, PNorm = 109.3977, GNorm = 0.6212, lr_0 = 1.4717e-04
Loss = 5.1936e-02, PNorm = 109.4017, GNorm = 0.6082, lr_0 = 1.4702e-04
Loss = 5.9377e-02, PNorm = 109.4041, GNorm = 0.1851, lr_0 = 1.4687e-04
Loss = 2.7984e-02, PNorm = 109.4074, GNorm = 0.2113, lr_0 = 1.4671e-04
Loss = 3.9423e-02, PNorm = 109.4122, GNorm = 0.3247, lr_0 = 1.4656e-04
Loss = 1.9711e-02, PNorm = 109.4178, GNorm = 0.1424, lr_0 = 1.4641e-04
Loss = 5.5450e-03, PNorm = 109.4225, GNorm = 0.1127, lr_0 = 1.4626e-04
Loss = 2.3714e-02, PNorm = 109.4266, GNorm = 0.0938, lr_0 = 1.4611e-04
Loss = 5.2610e-02, PNorm = 109.4273, GNorm = 0.1107, lr_0 = 1.4596e-04
Loss = 4.4001e-03, PNorm = 109.4301, GNorm = 0.1030, lr_0 = 1.4581e-04
Loss = 4.1664e-03, PNorm = 109.4338, GNorm = 0.0946, lr_0 = 1.4566e-04
Loss = 3.4366e-02, PNorm = 109.4369, GNorm = 0.0926, lr_0 = 1.4551e-04
Loss = 5.0761e-02, PNorm = 109.4369, GNorm = 0.0749, lr_0 = 1.4536e-04
Loss = 1.8896e-02, PNorm = 109.4375, GNorm = 0.0873, lr_0 = 1.4521e-04
Loss = 1.0489e-01, PNorm = 109.4317, GNorm = 0.1927, lr_0 = 1.4506e-04
Loss = 2.5935e-02, PNorm = 109.4308, GNorm = 0.9752, lr_0 = 1.4492e-04
Loss = 6.2197e-02, PNorm = 109.4320, GNorm = 0.6017, lr_0 = 1.4477e-04
Loss = 6.6059e-02, PNorm = 109.4331, GNorm = 0.2671, lr_0 = 1.4462e-04
Loss = 7.1913e-02, PNorm = 109.4344, GNorm = 0.3138, lr_0 = 1.4447e-04
Loss = 6.1264e-02, PNorm = 109.4365, GNorm = 0.3989, lr_0 = 1.4432e-04
Loss = 6.9487e-02, PNorm = 109.4411, GNorm = 0.8379, lr_0 = 1.4417e-04
Loss = 5.3677e-02, PNorm = 109.4454, GNorm = 0.3618, lr_0 = 1.4402e-04
Loss = 5.7045e-02, PNorm = 109.4497, GNorm = 0.2819, lr_0 = 1.4388e-04
Loss = 4.4213e-02, PNorm = 109.4552, GNorm = 0.2965, lr_0 = 1.4373e-04
Loss = 4.9259e-02, PNorm = 109.4611, GNorm = 0.2359, lr_0 = 1.4358e-04
Loss = 6.0933e-02, PNorm = 109.4638, GNorm = 0.2597, lr_0 = 1.4343e-04
Loss = 9.4751e-03, PNorm = 109.4697, GNorm = 0.2170, lr_0 = 1.4329e-04
Loss = 4.8462e-02, PNorm = 109.4743, GNorm = 0.1740, lr_0 = 1.4314e-04
Loss = 2.8450e-02, PNorm = 109.4779, GNorm = 0.1503, lr_0 = 1.4299e-04
Loss = 4.2866e-02, PNorm = 109.4805, GNorm = 0.6966, lr_0 = 1.4285e-04
Loss = 8.3015e-02, PNorm = 109.4786, GNorm = 0.1777, lr_0 = 1.4270e-04
Loss = 5.2587e-02, PNorm = 109.4780, GNorm = 0.2737, lr_0 = 1.4255e-04
Loss = 1.0343e-02, PNorm = 109.4812, GNorm = 0.2457, lr_0 = 1.4241e-04
Loss = 4.4157e-02, PNorm = 109.4853, GNorm = 0.2074, lr_0 = 1.4226e-04
Loss = 3.3693e-02, PNorm = 109.4887, GNorm = 0.1998, lr_0 = 1.4211e-04
Loss = 3.9567e-02, PNorm = 109.4923, GNorm = 0.5946, lr_0 = 1.4197e-04
Loss = 5.2593e-02, PNorm = 109.4948, GNorm = 0.1502, lr_0 = 1.4182e-04
Loss = 4.0159e-02, PNorm = 109.4970, GNorm = 0.1876, lr_0 = 1.4168e-04
Loss = 5.0575e-02, PNorm = 109.4998, GNorm = 0.9455, lr_0 = 1.4153e-04
Loss = 3.6461e-02, PNorm = 109.5024, GNorm = 0.2419, lr_0 = 1.4138e-04
Loss = 6.1647e-02, PNorm = 109.5055, GNorm = 0.6442, lr_0 = 1.4124e-04
Loss = 6.6333e-02, PNorm = 109.5072, GNorm = 0.2890, lr_0 = 1.4109e-04
Loss = 4.9200e-02, PNorm = 109.5115, GNorm = 0.2800, lr_0 = 1.4095e-04
Loss = 6.0565e-02, PNorm = 109.5165, GNorm = 1.2724, lr_0 = 1.4080e-04
Loss = 7.9745e-02, PNorm = 109.5186, GNorm = 0.4893, lr_0 = 1.4066e-04
Loss = 6.0473e-02, PNorm = 109.5221, GNorm = 1.1729, lr_0 = 1.4052e-04
Loss = 6.4759e-02, PNorm = 109.5258, GNorm = 0.3396, lr_0 = 1.4037e-04
Loss = 4.2134e-02, PNorm = 109.5309, GNorm = 0.2798, lr_0 = 1.4023e-04
Loss = 4.7641e-02, PNorm = 109.5352, GNorm = 0.7044, lr_0 = 1.4008e-04
Loss = 2.9372e-02, PNorm = 109.5401, GNorm = 0.4829, lr_0 = 1.3994e-04
Loss = 2.6165e-02, PNorm = 109.5451, GNorm = 0.2206, lr_0 = 1.3979e-04
Loss = 3.6940e-02, PNorm = 109.5505, GNorm = 1.1565, lr_0 = 1.3965e-04
Loss = 4.6775e-02, PNorm = 109.5533, GNorm = 0.1299, lr_0 = 1.3951e-04
Loss = 8.3404e-02, PNorm = 109.5532, GNorm = 0.1827, lr_0 = 1.3936e-04
Loss = 4.3811e-02, PNorm = 109.5548, GNorm = 0.2399, lr_0 = 1.3922e-04
Loss = 4.7014e-02, PNorm = 109.5596, GNorm = 0.2362, lr_0 = 1.3908e-04
Loss = 3.1249e-02, PNorm = 109.5655, GNorm = 0.1894, lr_0 = 1.3894e-04
Validation auc = 0.564721
Epoch 26
Loss = 3.2806e-02, PNorm = 109.5719, GNorm = 0.1946, lr_0 = 1.3879e-04
Loss = 7.8862e-02, PNorm = 109.5753, GNorm = 0.1800, lr_0 = 1.3865e-04
Loss = 6.5322e-02, PNorm = 109.5793, GNorm = 0.2567, lr_0 = 1.3851e-04
Loss = 7.7077e-02, PNorm = 109.5820, GNorm = 0.4667, lr_0 = 1.3837e-04
Loss = 3.5938e-02, PNorm = 109.5875, GNorm = 0.2860, lr_0 = 1.3822e-04
Loss = 5.4514e-02, PNorm = 109.5937, GNorm = 0.3076, lr_0 = 1.3808e-04
Loss = 6.6722e-02, PNorm = 109.5988, GNorm = 0.5341, lr_0 = 1.3794e-04
Loss = 1.9233e-02, PNorm = 109.6048, GNorm = 0.2303, lr_0 = 1.3780e-04
Loss = 3.8472e-02, PNorm = 109.6110, GNorm = 0.1571, lr_0 = 1.3766e-04
Loss = 4.7693e-02, PNorm = 109.6148, GNorm = 0.1901, lr_0 = 1.3751e-04
Loss = 3.5002e-02, PNorm = 109.6189, GNorm = 0.1349, lr_0 = 1.3737e-04
Loss = 5.9249e-02, PNorm = 109.6192, GNorm = 0.1604, lr_0 = 1.3723e-04
Loss = 3.3927e-02, PNorm = 109.6179, GNorm = 0.1740, lr_0 = 1.3709e-04
Loss = 4.8207e-02, PNorm = 109.6185, GNorm = 0.2271, lr_0 = 1.3695e-04
Loss = 3.7519e-02, PNorm = 109.6217, GNorm = 0.5520, lr_0 = 1.3681e-04
Loss = 9.6784e-02, PNorm = 109.6179, GNorm = 0.2614, lr_0 = 1.3667e-04
Loss = 3.3939e-02, PNorm = 109.6201, GNorm = 0.3556, lr_0 = 1.3653e-04
Loss = 3.4872e-02, PNorm = 109.6240, GNorm = 0.2134, lr_0 = 1.3639e-04
Loss = 3.2872e-02, PNorm = 109.6288, GNorm = 0.2042, lr_0 = 1.3625e-04
Loss = 2.4194e-02, PNorm = 109.6321, GNorm = 0.1638, lr_0 = 1.3611e-04
Loss = 3.5360e-02, PNorm = 109.6355, GNorm = 0.5587, lr_0 = 1.3597e-04
Loss = 6.0466e-02, PNorm = 109.6371, GNorm = 0.1514, lr_0 = 1.3583e-04
Loss = 6.9540e-02, PNorm = 109.6362, GNorm = 0.3937, lr_0 = 1.3569e-04
Loss = 6.1137e-02, PNorm = 109.6365, GNorm = 0.2385, lr_0 = 1.3555e-04
Loss = 3.1459e-02, PNorm = 109.6401, GNorm = 0.2861, lr_0 = 1.3541e-04
Loss = 2.1787e-02, PNorm = 109.6447, GNorm = 0.2085, lr_0 = 1.3527e-04
Loss = 4.2968e-02, PNorm = 109.6478, GNorm = 0.1723, lr_0 = 1.3513e-04
Loss = 4.5110e-02, PNorm = 109.6494, GNorm = 0.1674, lr_0 = 1.3499e-04
Loss = 3.7045e-02, PNorm = 109.6523, GNorm = 0.5805, lr_0 = 1.3485e-04
Loss = 6.1327e-02, PNorm = 109.6538, GNorm = 0.1834, lr_0 = 1.3472e-04
Loss = 7.2850e-02, PNorm = 109.6516, GNorm = 0.2486, lr_0 = 1.3458e-04
Loss = 1.7663e-02, PNorm = 109.6532, GNorm = 0.2417, lr_0 = 1.3444e-04
Loss = 8.0152e-02, PNorm = 109.6556, GNorm = 0.3487, lr_0 = 1.3430e-04
Loss = 5.6299e-02, PNorm = 109.6569, GNorm = 0.8191, lr_0 = 1.3416e-04
Loss = 3.6505e-02, PNorm = 109.6593, GNorm = 0.2287, lr_0 = 1.3403e-04
Loss = 6.0882e-02, PNorm = 109.6604, GNorm = 0.4936, lr_0 = 1.3389e-04
Loss = 6.2332e-02, PNorm = 109.6637, GNorm = 0.2338, lr_0 = 1.3375e-04
Loss = 1.9853e-02, PNorm = 109.6674, GNorm = 0.2712, lr_0 = 1.3361e-04
Loss = 5.3542e-02, PNorm = 109.6703, GNorm = 0.2355, lr_0 = 1.3348e-04
Loss = 5.3360e-02, PNorm = 109.6722, GNorm = 0.2320, lr_0 = 1.3334e-04
Loss = 6.7107e-02, PNorm = 109.6738, GNorm = 0.2443, lr_0 = 1.3320e-04
Loss = 6.0723e-02, PNorm = 109.6751, GNorm = 0.4969, lr_0 = 1.3306e-04
Loss = 4.3200e-02, PNorm = 109.6776, GNorm = 0.2425, lr_0 = 1.3293e-04
Loss = 9.3476e-03, PNorm = 109.6824, GNorm = 0.1843, lr_0 = 1.3279e-04
Loss = 4.7420e-02, PNorm = 109.6881, GNorm = 0.1512, lr_0 = 1.3265e-04
Loss = 9.2297e-02, PNorm = 109.6912, GNorm = 0.5522, lr_0 = 1.3252e-04
Loss = 6.4905e-02, PNorm = 109.6929, GNorm = 0.2290, lr_0 = 1.3238e-04
Loss = 4.1736e-02, PNorm = 109.6951, GNorm = 0.2915, lr_0 = 1.3225e-04
Loss = 3.1344e-02, PNorm = 109.6987, GNorm = 0.2662, lr_0 = 1.3211e-04
Loss = 8.2825e-02, PNorm = 109.7018, GNorm = 0.2213, lr_0 = 1.3197e-04
Loss = 6.0370e-02, PNorm = 109.7043, GNorm = 0.5887, lr_0 = 1.3184e-04
Loss = 5.3441e-02, PNorm = 109.7081, GNorm = 0.2991, lr_0 = 1.3170e-04
Loss = 5.4640e-02, PNorm = 109.7121, GNorm = 0.2668, lr_0 = 1.3157e-04
Loss = 4.7916e-02, PNorm = 109.7177, GNorm = 0.2620, lr_0 = 1.3143e-04
Loss = 7.6231e-02, PNorm = 109.7218, GNorm = 0.2876, lr_0 = 1.3130e-04
Loss = 2.7026e-02, PNorm = 109.7267, GNorm = 0.4644, lr_0 = 1.3116e-04
Loss = 7.2842e-02, PNorm = 109.7294, GNorm = 0.2524, lr_0 = 1.3103e-04
Loss = 5.0478e-02, PNorm = 109.7335, GNorm = 0.2523, lr_0 = 1.3089e-04
Loss = 1.6346e-02, PNorm = 109.7376, GNorm = 0.2172, lr_0 = 1.3076e-04
Loss = 3.9982e-02, PNorm = 109.7412, GNorm = 0.1667, lr_0 = 1.3063e-04
Loss = 4.4383e-02, PNorm = 109.7436, GNorm = 0.2137, lr_0 = 1.3049e-04
Loss = 3.0472e-02, PNorm = 109.7453, GNorm = 0.1421, lr_0 = 1.3036e-04
Loss = 3.7524e-02, PNorm = 109.7468, GNorm = 0.1389, lr_0 = 1.3022e-04
Loss = 1.4358e-02, PNorm = 109.7495, GNorm = 0.1312, lr_0 = 1.3009e-04
Loss = 5.7002e-02, PNorm = 109.7497, GNorm = 0.1195, lr_0 = 1.2996e-04
Loss = 4.2751e-02, PNorm = 109.7505, GNorm = 0.1735, lr_0 = 1.2982e-04
Loss = 6.4758e-02, PNorm = 109.7511, GNorm = 0.2079, lr_0 = 1.2969e-04
Loss = 6.0964e-02, PNorm = 109.7515, GNorm = 0.1882, lr_0 = 1.2956e-04
Loss = 1.9604e-02, PNorm = 109.7545, GNorm = 0.2499, lr_0 = 1.2942e-04
Loss = 2.9170e-02, PNorm = 109.7591, GNorm = 0.1553, lr_0 = 1.2929e-04
Loss = 3.9008e-02, PNorm = 109.7632, GNorm = 0.1462, lr_0 = 1.2916e-04
Loss = 5.3276e-02, PNorm = 109.7651, GNorm = 0.1953, lr_0 = 1.2902e-04
Loss = 2.5617e-02, PNorm = 109.7684, GNorm = 0.1767, lr_0 = 1.2889e-04
Loss = 4.7783e-02, PNorm = 109.7718, GNorm = 0.1852, lr_0 = 1.2876e-04
Loss = 4.9481e-02, PNorm = 109.7734, GNorm = 0.1994, lr_0 = 1.2863e-04
Loss = 4.9705e-02, PNorm = 109.7755, GNorm = 0.2046, lr_0 = 1.2849e-04
Loss = 3.7125e-02, PNorm = 109.7792, GNorm = 0.3796, lr_0 = 1.2836e-04
Loss = 5.0134e-02, PNorm = 109.7829, GNorm = 0.2223, lr_0 = 1.2823e-04
Loss = 4.0260e-02, PNorm = 109.7862, GNorm = 0.1763, lr_0 = 1.2810e-04
Loss = 6.1369e-02, PNorm = 109.7891, GNorm = 0.5445, lr_0 = 1.2797e-04
Validation auc = 0.567254
Epoch 27
Loss = 3.3832e-02, PNorm = 109.7912, GNorm = 0.2401, lr_0 = 1.2784e-04
Loss = 1.1081e-01, PNorm = 109.7919, GNorm = 0.6068, lr_0 = 1.2770e-04
Loss = 7.4644e-02, PNorm = 109.7929, GNorm = 0.5039, lr_0 = 1.2757e-04
Loss = 6.5176e-02, PNorm = 109.7968, GNorm = 0.3861, lr_0 = 1.2744e-04
Loss = 4.8648e-02, PNorm = 109.8006, GNorm = 0.3184, lr_0 = 1.2731e-04
Loss = 4.1352e-02, PNorm = 109.8050, GNorm = 0.2510, lr_0 = 1.2718e-04
Loss = 5.5371e-02, PNorm = 109.8089, GNorm = 0.2595, lr_0 = 1.2705e-04
Loss = 4.1409e-02, PNorm = 109.8128, GNorm = 0.6321, lr_0 = 1.2692e-04
Loss = 5.4171e-02, PNorm = 109.8155, GNorm = 0.1973, lr_0 = 1.2679e-04
Loss = 3.0293e-02, PNorm = 109.8188, GNorm = 0.2410, lr_0 = 1.2666e-04
Loss = 6.4687e-02, PNorm = 109.8207, GNorm = 0.2416, lr_0 = 1.2653e-04
Loss = 2.1999e-02, PNorm = 109.8234, GNorm = 0.1971, lr_0 = 1.2640e-04
Loss = 5.4583e-02, PNorm = 109.8257, GNorm = 0.1634, lr_0 = 1.2627e-04
Loss = 3.0886e-02, PNorm = 109.8281, GNorm = 0.6020, lr_0 = 1.2614e-04
Loss = 7.8166e-02, PNorm = 109.8292, GNorm = 0.2048, lr_0 = 1.2601e-04
Loss = 1.3723e-02, PNorm = 109.8329, GNorm = 0.2245, lr_0 = 1.2588e-04
Loss = 3.7911e-02, PNorm = 109.8372, GNorm = 0.6412, lr_0 = 1.2575e-04
Loss = 4.3479e-02, PNorm = 109.8404, GNorm = 0.1630, lr_0 = 1.2562e-04
Loss = 5.3665e-02, PNorm = 109.8437, GNorm = 0.1700, lr_0 = 1.2549e-04
Loss = 6.1345e-02, PNorm = 109.8463, GNorm = 0.1960, lr_0 = 1.2536e-04
Loss = 4.1659e-02, PNorm = 109.8491, GNorm = 0.4374, lr_0 = 1.2523e-04
Loss = 2.5587e-02, PNorm = 109.8529, GNorm = 0.1698, lr_0 = 1.2511e-04
Loss = 4.4638e-02, PNorm = 109.8578, GNorm = 0.2052, lr_0 = 1.2498e-04
Loss = 6.4376e-02, PNorm = 109.8616, GNorm = 0.1874, lr_0 = 1.2485e-04
Loss = 1.9223e-02, PNorm = 109.8637, GNorm = 0.1883, lr_0 = 1.2472e-04
Loss = 4.2164e-02, PNorm = 109.8671, GNorm = 0.1717, lr_0 = 1.2459e-04
Loss = 2.5314e-02, PNorm = 109.8712, GNorm = 0.1684, lr_0 = 1.2446e-04
Loss = 1.3982e-01, PNorm = 109.8699, GNorm = 0.5623, lr_0 = 1.2434e-04
Loss = 2.2082e-02, PNorm = 109.8722, GNorm = 0.2919, lr_0 = 1.2421e-04
Loss = 4.4572e-02, PNorm = 109.8764, GNorm = 0.2501, lr_0 = 1.2408e-04
Loss = 6.3015e-02, PNorm = 109.8797, GNorm = 0.2231, lr_0 = 1.2395e-04
Loss = 4.5567e-02, PNorm = 109.8821, GNorm = 0.2070, lr_0 = 1.2383e-04
Loss = 1.7813e-02, PNorm = 109.8867, GNorm = 0.1576, lr_0 = 1.2370e-04
Loss = 4.6304e-02, PNorm = 109.8906, GNorm = 0.5958, lr_0 = 1.2357e-04
Loss = 3.7600e-02, PNorm = 109.8940, GNorm = 0.2077, lr_0 = 1.2344e-04
Loss = 3.9103e-02, PNorm = 109.8982, GNorm = 0.1407, lr_0 = 1.2332e-04
Loss = 6.7593e-02, PNorm = 109.8998, GNorm = 0.4665, lr_0 = 1.2319e-04
Loss = 1.9464e-02, PNorm = 109.9016, GNorm = 0.1955, lr_0 = 1.2306e-04
Loss = 2.0319e-02, PNorm = 109.9052, GNorm = 0.1229, lr_0 = 1.2294e-04
Loss = 4.5375e-02, PNorm = 109.9080, GNorm = 0.1690, lr_0 = 1.2281e-04
Loss = 7.9385e-02, PNorm = 109.9089, GNorm = 0.1647, lr_0 = 1.2269e-04
Loss = 3.8841e-02, PNorm = 109.9100, GNorm = 0.1840, lr_0 = 1.2256e-04
Loss = 2.6242e-02, PNorm = 109.9128, GNorm = 0.2213, lr_0 = 1.2243e-04
Loss = 6.0211e-02, PNorm = 109.9156, GNorm = 0.1996, lr_0 = 1.2231e-04
Loss = 9.0178e-02, PNorm = 109.9111, GNorm = 0.2906, lr_0 = 1.2218e-04
Loss = 5.4537e-02, PNorm = 109.9105, GNorm = 0.2760, lr_0 = 1.2206e-04
Loss = 3.0195e-02, PNorm = 109.9139, GNorm = 0.2409, lr_0 = 1.2193e-04
Loss = 5.1223e-02, PNorm = 109.9186, GNorm = 0.8785, lr_0 = 1.2181e-04
Loss = 5.6864e-02, PNorm = 109.9204, GNorm = 0.1888, lr_0 = 1.2168e-04
Loss = 3.4905e-02, PNorm = 109.9231, GNorm = 0.1807, lr_0 = 1.2156e-04
Loss = 3.1596e-02, PNorm = 109.9252, GNorm = 0.1873, lr_0 = 1.2143e-04
Loss = 3.1400e-02, PNorm = 109.9282, GNorm = 0.1474, lr_0 = 1.2131e-04
Loss = 6.8993e-02, PNorm = 109.9295, GNorm = 0.9885, lr_0 = 1.2118e-04
Loss = 5.2188e-02, PNorm = 109.9293, GNorm = 0.1808, lr_0 = 1.2106e-04
Loss = 8.5135e-02, PNorm = 109.9287, GNorm = 0.8062, lr_0 = 1.2093e-04
Loss = 7.4980e-02, PNorm = 109.9288, GNorm = 0.2682, lr_0 = 1.2081e-04
Loss = 2.9560e-02, PNorm = 109.9318, GNorm = 0.4664, lr_0 = 1.2068e-04
Loss = 2.9156e-02, PNorm = 109.9364, GNorm = 0.2175, lr_0 = 1.2056e-04
Loss = 2.0166e-02, PNorm = 109.9421, GNorm = 0.2767, lr_0 = 1.2044e-04
Loss = 3.8307e-02, PNorm = 109.9460, GNorm = 0.1472, lr_0 = 1.2031e-04
Loss = 2.8998e-02, PNorm = 109.9485, GNorm = 0.1353, lr_0 = 1.2019e-04
Loss = 3.9906e-02, PNorm = 109.9508, GNorm = 0.1383, lr_0 = 1.2007e-04
Loss = 4.6586e-02, PNorm = 109.9530, GNorm = 0.1638, lr_0 = 1.1994e-04
Loss = 5.5588e-02, PNorm = 109.9544, GNorm = 0.4655, lr_0 = 1.1982e-04
Loss = 3.6876e-02, PNorm = 109.9547, GNorm = 0.1718, lr_0 = 1.1970e-04
Loss = 2.9467e-02, PNorm = 109.9566, GNorm = 0.1481, lr_0 = 1.1957e-04
Loss = 4.2509e-02, PNorm = 109.9593, GNorm = 0.5328, lr_0 = 1.1945e-04
Loss = 4.8658e-02, PNorm = 109.9598, GNorm = 0.7949, lr_0 = 1.1933e-04
Loss = 4.6831e-02, PNorm = 109.9601, GNorm = 0.1943, lr_0 = 1.1921e-04
Loss = 6.4413e-02, PNorm = 109.9607, GNorm = 0.1893, lr_0 = 1.1908e-04
Loss = 3.5520e-02, PNorm = 109.9620, GNorm = 0.2108, lr_0 = 1.1896e-04
Loss = 3.5325e-02, PNorm = 109.9647, GNorm = 0.1786, lr_0 = 1.1884e-04
Loss = 6.5590e-02, PNorm = 109.9669, GNorm = 0.5226, lr_0 = 1.1872e-04
Loss = 5.5961e-02, PNorm = 109.9681, GNorm = 0.6069, lr_0 = 1.1859e-04
Loss = 2.6156e-02, PNorm = 109.9704, GNorm = 0.2306, lr_0 = 1.1847e-04
Loss = 7.9713e-02, PNorm = 109.9733, GNorm = 0.6072, lr_0 = 1.1835e-04
Loss = 2.9716e-02, PNorm = 109.9753, GNorm = 0.2097, lr_0 = 1.1823e-04
Loss = 3.9428e-02, PNorm = 109.9787, GNorm = 0.3524, lr_0 = 1.1811e-04
Loss = 1.8906e-02, PNorm = 109.9825, GNorm = 0.1598, lr_0 = 1.1799e-04
Loss = 4.2634e-02, PNorm = 109.9862, GNorm = 0.1297, lr_0 = 1.1786e-04
Validation auc = 0.558152
Epoch 28
Loss = 6.7981e-02, PNorm = 109.9872, GNorm = 0.1634, lr_0 = 1.1774e-04
Loss = 4.8407e-02, PNorm = 109.9875, GNorm = 0.6511, lr_0 = 1.1762e-04
Loss = 3.9946e-02, PNorm = 109.9886, GNorm = 0.1610, lr_0 = 1.1750e-04
Loss = 2.9503e-02, PNorm = 109.9916, GNorm = 0.1949, lr_0 = 1.1738e-04
Loss = 4.8511e-02, PNorm = 109.9948, GNorm = 0.1862, lr_0 = 1.1726e-04
Loss = 3.2902e-02, PNorm = 109.9976, GNorm = 0.1556, lr_0 = 1.1714e-04
Loss = 4.1498e-02, PNorm = 110.0001, GNorm = 0.6793, lr_0 = 1.1702e-04
Loss = 4.7527e-02, PNorm = 110.0015, GNorm = 0.1668, lr_0 = 1.1690e-04
Loss = 5.1096e-02, PNorm = 110.0032, GNorm = 0.1804, lr_0 = 1.1678e-04
Loss = 4.9737e-02, PNorm = 110.0051, GNorm = 1.0128, lr_0 = 1.1666e-04
Loss = 5.6506e-02, PNorm = 110.0049, GNorm = 0.1908, lr_0 = 1.1654e-04
Loss = 4.4985e-02, PNorm = 110.0061, GNorm = 0.2455, lr_0 = 1.1642e-04
Loss = 2.5330e-02, PNorm = 110.0099, GNorm = 0.3333, lr_0 = 1.1630e-04
Loss = 5.3278e-02, PNorm = 110.0123, GNorm = 0.1843, lr_0 = 1.1618e-04
Loss = 7.3428e-03, PNorm = 110.0168, GNorm = 0.1740, lr_0 = 1.1606e-04
Loss = 5.0564e-02, PNorm = 110.0200, GNorm = 0.1787, lr_0 = 1.1594e-04
Loss = 4.2532e-02, PNorm = 110.0221, GNorm = 0.1697, lr_0 = 1.1582e-04
Loss = 5.7062e-02, PNorm = 110.0225, GNorm = 0.1665, lr_0 = 1.1570e-04
Loss = 5.7999e-02, PNorm = 110.0238, GNorm = 0.5451, lr_0 = 1.1559e-04
Loss = 5.9719e-02, PNorm = 110.0243, GNorm = 0.5368, lr_0 = 1.1547e-04
Loss = 9.5767e-03, PNorm = 110.0275, GNorm = 0.1886, lr_0 = 1.1535e-04
Loss = 2.9101e-02, PNorm = 110.0318, GNorm = 0.5458, lr_0 = 1.1523e-04
Loss = 6.8728e-02, PNorm = 110.0336, GNorm = 0.1695, lr_0 = 1.1511e-04
Loss = 7.5020e-02, PNorm = 110.0332, GNorm = 0.2183, lr_0 = 1.1499e-04
Loss = 6.7242e-02, PNorm = 110.0355, GNorm = 0.2335, lr_0 = 1.1487e-04
Loss = 5.1628e-02, PNorm = 110.0387, GNorm = 0.3252, lr_0 = 1.1476e-04
Loss = 6.8351e-02, PNorm = 110.0429, GNorm = 0.2982, lr_0 = 1.1464e-04
Loss = 6.4551e-02, PNorm = 110.0460, GNorm = 0.2922, lr_0 = 1.1452e-04
Loss = 5.9150e-02, PNorm = 110.0490, GNorm = 0.6740, lr_0 = 1.1440e-04
Loss = 2.5012e-02, PNorm = 110.0539, GNorm = 0.2267, lr_0 = 1.1429e-04
Loss = 4.8302e-02, PNorm = 110.0545, GNorm = 0.2352, lr_0 = 1.1417e-04
Loss = 3.4776e-02, PNorm = 110.0560, GNorm = 0.1643, lr_0 = 1.1405e-04
Loss = 4.9348e-02, PNorm = 110.0569, GNorm = 0.1886, lr_0 = 1.1393e-04
Loss = 1.9865e-02, PNorm = 110.0596, GNorm = 0.1761, lr_0 = 1.1382e-04
Loss = 7.5637e-02, PNorm = 110.0606, GNorm = 0.5885, lr_0 = 1.1370e-04
Loss = 6.7715e-02, PNorm = 110.0604, GNorm = 0.1676, lr_0 = 1.1358e-04
Loss = 5.2556e-02, PNorm = 110.0595, GNorm = 0.2766, lr_0 = 1.1347e-04
Loss = 2.6403e-02, PNorm = 110.0626, GNorm = 0.2429, lr_0 = 1.1335e-04
Loss = 2.7004e-02, PNorm = 110.0663, GNorm = 0.1845, lr_0 = 1.1323e-04
Loss = 7.6403e-02, PNorm = 110.0680, GNorm = 0.1719, lr_0 = 1.1312e-04
Loss = 5.2962e-02, PNorm = 110.0704, GNorm = 0.6280, lr_0 = 1.1300e-04
Loss = 7.6016e-02, PNorm = 110.0715, GNorm = 0.2145, lr_0 = 1.1288e-04
Loss = 7.1472e-02, PNorm = 110.0736, GNorm = 0.2941, lr_0 = 1.1277e-04
Loss = 4.6419e-02, PNorm = 110.0761, GNorm = 0.2148, lr_0 = 1.1265e-04
Loss = 3.3962e-02, PNorm = 110.0803, GNorm = 0.2473, lr_0 = 1.1254e-04
Loss = 5.2083e-02, PNorm = 110.0835, GNorm = 0.5524, lr_0 = 1.1242e-04
Loss = 2.3134e-02, PNorm = 110.0850, GNorm = 0.2022, lr_0 = 1.1231e-04
Loss = 5.2003e-02, PNorm = 110.0870, GNorm = 0.1674, lr_0 = 1.1219e-04
Loss = 4.4951e-02, PNorm = 110.0888, GNorm = 0.1741, lr_0 = 1.1208e-04
Loss = 1.8677e-02, PNorm = 110.0911, GNorm = 0.1338, lr_0 = 1.1196e-04
Loss = 4.5679e-02, PNorm = 110.0929, GNorm = 0.1647, lr_0 = 1.1184e-04
Loss = 6.9673e-02, PNorm = 110.0950, GNorm = 1.2856, lr_0 = 1.1173e-04
Loss = 1.6680e-02, PNorm = 110.0968, GNorm = 0.4981, lr_0 = 1.1162e-04
Loss = 1.5836e-02, PNorm = 110.0994, GNorm = 0.1808, lr_0 = 1.1150e-04
Loss = 5.4529e-02, PNorm = 110.1019, GNorm = 0.7582, lr_0 = 1.1139e-04
Loss = 7.3636e-02, PNorm = 110.1016, GNorm = 0.4882, lr_0 = 1.1127e-04
Loss = 6.1672e-02, PNorm = 110.1019, GNorm = 0.5683, lr_0 = 1.1116e-04
Loss = 9.9898e-03, PNorm = 110.1050, GNorm = 0.2016, lr_0 = 1.1104e-04
Loss = 5.2687e-02, PNorm = 110.1087, GNorm = 0.2296, lr_0 = 1.1093e-04
Loss = 1.7483e-02, PNorm = 110.1123, GNorm = 0.1806, lr_0 = 1.1081e-04
Loss = 5.0729e-02, PNorm = 110.1148, GNorm = 0.1383, lr_0 = 1.1070e-04
Loss = 7.0171e-02, PNorm = 110.1163, GNorm = 0.4183, lr_0 = 1.1059e-04
Loss = 7.9095e-02, PNorm = 110.1176, GNorm = 0.8012, lr_0 = 1.1047e-04
Loss = 5.2351e-02, PNorm = 110.1201, GNorm = 0.3200, lr_0 = 1.1036e-04
Loss = 3.3673e-02, PNorm = 110.1246, GNorm = 0.2552, lr_0 = 1.1025e-04
Loss = 1.9694e-02, PNorm = 110.1309, GNorm = 0.1897, lr_0 = 1.1013e-04
Loss = 3.7303e-02, PNorm = 110.1371, GNorm = 0.6403, lr_0 = 1.1002e-04
Loss = 4.7260e-02, PNorm = 110.1409, GNorm = 0.1398, lr_0 = 1.0991e-04
Loss = 1.7968e-02, PNorm = 110.1445, GNorm = 0.1553, lr_0 = 1.0979e-04
Loss = 6.4637e-02, PNorm = 110.1464, GNorm = 0.1615, lr_0 = 1.0968e-04
Loss = 3.5816e-02, PNorm = 110.1488, GNorm = 0.1665, lr_0 = 1.0957e-04
Loss = 8.2868e-02, PNorm = 110.1481, GNorm = 0.2528, lr_0 = 1.0946e-04
Loss = 6.5411e-02, PNorm = 110.1461, GNorm = 0.1938, lr_0 = 1.0934e-04
Loss = 7.5299e-02, PNorm = 110.1464, GNorm = 0.5978, lr_0 = 1.0923e-04
Loss = 5.5632e-02, PNorm = 110.1478, GNorm = 0.2918, lr_0 = 1.0912e-04
Loss = 6.4484e-02, PNorm = 110.1508, GNorm = 0.3101, lr_0 = 1.0901e-04
Loss = 3.0181e-02, PNorm = 110.1564, GNorm = 0.2138, lr_0 = 1.0890e-04
Loss = 4.6374e-02, PNorm = 110.1613, GNorm = 0.1903, lr_0 = 1.0878e-04
Loss = 2.3698e-02, PNorm = 110.1649, GNorm = 0.1536, lr_0 = 1.0867e-04
Loss = 1.7577e-02, PNorm = 110.1686, GNorm = 0.1625, lr_0 = 1.0856e-04
Validation auc = 0.563129
Epoch 29
Loss = 5.0904e-02, PNorm = 110.1707, GNorm = 0.1287, lr_0 = 1.0845e-04
Loss = 4.1484e-02, PNorm = 110.1708, GNorm = 0.1386, lr_0 = 1.0834e-04
Loss = 1.7017e-02, PNorm = 110.1730, GNorm = 0.1353, lr_0 = 1.0823e-04
Loss = 1.0872e-01, PNorm = 110.1726, GNorm = 0.9084, lr_0 = 1.0811e-04
Loss = 5.4135e-02, PNorm = 110.1726, GNorm = 1.0014, lr_0 = 1.0800e-04
Loss = 3.4381e-02, PNorm = 110.1739, GNorm = 0.2126, lr_0 = 1.0789e-04
Loss = 3.3042e-02, PNorm = 110.1776, GNorm = 0.2176, lr_0 = 1.0778e-04
Loss = 2.4949e-02, PNorm = 110.1814, GNorm = 0.1937, lr_0 = 1.0767e-04
Loss = 2.3601e-02, PNorm = 110.1858, GNorm = 0.1456, lr_0 = 1.0756e-04
Loss = 5.6508e-02, PNorm = 110.1886, GNorm = 0.5108, lr_0 = 1.0745e-04
Loss = 4.5748e-02, PNorm = 110.1907, GNorm = 0.5778, lr_0 = 1.0734e-04
Loss = 2.6913e-02, PNorm = 110.1938, GNorm = 0.1410, lr_0 = 1.0723e-04
Loss = 1.7699e-02, PNorm = 110.1983, GNorm = 0.1723, lr_0 = 1.0712e-04
Loss = 4.2598e-02, PNorm = 110.2019, GNorm = 0.4454, lr_0 = 1.0701e-04
Loss = 4.4841e-02, PNorm = 110.2044, GNorm = 0.3062, lr_0 = 1.0690e-04
Loss = 6.2171e-03, PNorm = 110.2079, GNorm = 0.1138, lr_0 = 1.0679e-04
Loss = 5.5939e-02, PNorm = 110.2059, GNorm = 0.1405, lr_0 = 1.0668e-04
Loss = 3.1375e-02, PNorm = 110.2024, GNorm = 0.1686, lr_0 = 1.0657e-04
Loss = 7.6464e-02, PNorm = 110.2008, GNorm = 0.1390, lr_0 = 1.0646e-04
Loss = 4.7291e-02, PNorm = 110.2012, GNorm = 0.1781, lr_0 = 1.0635e-04
Loss = 5.6782e-02, PNorm = 110.2027, GNorm = 0.1971, lr_0 = 1.0624e-04
Loss = 5.7325e-02, PNorm = 110.2031, GNorm = 0.2756, lr_0 = 1.0613e-04
Loss = 9.3825e-02, PNorm = 110.2032, GNorm = 0.2375, lr_0 = 1.0602e-04
Loss = 4.8193e-02, PNorm = 110.2034, GNorm = 0.2196, lr_0 = 1.0591e-04
Loss = 4.3531e-02, PNorm = 110.2066, GNorm = 0.2595, lr_0 = 1.0581e-04
Loss = 4.4177e-02, PNorm = 110.2101, GNorm = 0.2148, lr_0 = 1.0570e-04
Loss = 3.3798e-02, PNorm = 110.2137, GNorm = 0.1755, lr_0 = 1.0559e-04
Loss = 5.5713e-02, PNorm = 110.2164, GNorm = 1.4346, lr_0 = 1.0548e-04
Loss = 2.4474e-02, PNorm = 110.2172, GNorm = 0.2046, lr_0 = 1.0537e-04
Loss = 6.0036e-02, PNorm = 110.2191, GNorm = 0.5134, lr_0 = 1.0526e-04
Loss = 3.3635e-02, PNorm = 110.2206, GNorm = 0.9552, lr_0 = 1.0516e-04
Loss = 4.1338e-02, PNorm = 110.2219, GNorm = 0.1534, lr_0 = 1.0505e-04
Loss = 7.4439e-02, PNorm = 110.2241, GNorm = 0.5623, lr_0 = 1.0494e-04
Loss = 4.2830e-02, PNorm = 110.2260, GNorm = 0.3333, lr_0 = 1.0483e-04
Loss = 3.3831e-02, PNorm = 110.2290, GNorm = 0.2220, lr_0 = 1.0472e-04
Loss = 6.4086e-02, PNorm = 110.2321, GNorm = 0.2079, lr_0 = 1.0462e-04
Loss = 5.1726e-02, PNorm = 110.2344, GNorm = 0.5709, lr_0 = 1.0451e-04
Loss = 4.5147e-02, PNorm = 110.2362, GNorm = 0.2023, lr_0 = 1.0440e-04
Loss = 7.5642e-02, PNorm = 110.2370, GNorm = 0.5393, lr_0 = 1.0429e-04
Loss = 4.9616e-02, PNorm = 110.2398, GNorm = 0.2517, lr_0 = 1.0419e-04
Loss = 4.9942e-02, PNorm = 110.2431, GNorm = 0.2337, lr_0 = 1.0408e-04
Loss = 3.5458e-02, PNorm = 110.2468, GNorm = 0.2411, lr_0 = 1.0397e-04
Loss = 3.3241e-02, PNorm = 110.2506, GNorm = 0.7354, lr_0 = 1.0387e-04
Loss = 5.3150e-02, PNorm = 110.2528, GNorm = 0.5517, lr_0 = 1.0376e-04
Loss = 7.4065e-02, PNorm = 110.2529, GNorm = 0.1778, lr_0 = 1.0365e-04
Loss = 4.7734e-02, PNorm = 110.2537, GNorm = 0.9388, lr_0 = 1.0355e-04
Loss = 8.6053e-02, PNorm = 110.2536, GNorm = 0.6489, lr_0 = 1.0344e-04
Loss = 3.2643e-02, PNorm = 110.2550, GNorm = 0.2353, lr_0 = 1.0333e-04
Loss = 3.0835e-02, PNorm = 110.2601, GNorm = 0.5314, lr_0 = 1.0323e-04
Loss = 3.3967e-02, PNorm = 110.2643, GNorm = 0.4852, lr_0 = 1.0312e-04
Loss = 5.8531e-02, PNorm = 110.2668, GNorm = 0.9837, lr_0 = 1.0302e-04
Loss = 2.9495e-02, PNorm = 110.2685, GNorm = 0.1443, lr_0 = 1.0291e-04
Loss = 4.7880e-02, PNorm = 110.2709, GNorm = 0.6689, lr_0 = 1.0280e-04
Loss = 4.4684e-02, PNorm = 110.2722, GNorm = 0.5904, lr_0 = 1.0270e-04
Loss = 7.2898e-03, PNorm = 110.2738, GNorm = 0.1174, lr_0 = 1.0259e-04
Loss = 2.6507e-02, PNorm = 110.2766, GNorm = 0.1304, lr_0 = 1.0249e-04
Loss = 5.0917e-02, PNorm = 110.2783, GNorm = 0.1249, lr_0 = 1.0238e-04
Loss = 5.2141e-02, PNorm = 110.2792, GNorm = 0.5296, lr_0 = 1.0228e-04
Loss = 9.6998e-02, PNorm = 110.2787, GNorm = 0.7909, lr_0 = 1.0217e-04
Loss = 5.9232e-02, PNorm = 110.2761, GNorm = 0.2474, lr_0 = 1.0207e-04
Loss = 4.0980e-02, PNorm = 110.2777, GNorm = 0.2103, lr_0 = 1.0196e-04
Loss = 3.6407e-02, PNorm = 110.2816, GNorm = 0.2312, lr_0 = 1.0186e-04
Loss = 3.3291e-02, PNorm = 110.2876, GNorm = 0.2355, lr_0 = 1.0175e-04
Loss = 2.7518e-02, PNorm = 110.2932, GNorm = 0.1723, lr_0 = 1.0165e-04
Loss = 8.4305e-02, PNorm = 110.2965, GNorm = 0.4980, lr_0 = 1.0154e-04
Loss = 4.3859e-02, PNorm = 110.2998, GNorm = 0.5787, lr_0 = 1.0144e-04
Loss = 4.0540e-02, PNorm = 110.3037, GNorm = 0.2520, lr_0 = 1.0133e-04
Loss = 3.6131e-02, PNorm = 110.3082, GNorm = 0.2226, lr_0 = 1.0123e-04
Loss = 5.7521e-02, PNorm = 110.3117, GNorm = 0.3830, lr_0 = 1.0113e-04
Loss = 4.6302e-02, PNorm = 110.3145, GNorm = 0.5156, lr_0 = 1.0102e-04
Loss = 5.2444e-02, PNorm = 110.3152, GNorm = 0.1839, lr_0 = 1.0092e-04
Loss = 3.8264e-02, PNorm = 110.3167, GNorm = 0.1919, lr_0 = 1.0082e-04
Loss = 6.1810e-02, PNorm = 110.3186, GNorm = 0.2008, lr_0 = 1.0071e-04
Loss = 6.6391e-02, PNorm = 110.3209, GNorm = 0.7115, lr_0 = 1.0061e-04
Loss = 2.8813e-02, PNorm = 110.3248, GNorm = 0.5973, lr_0 = 1.0050e-04
Loss = 5.0111e-02, PNorm = 110.3281, GNorm = 0.1918, lr_0 = 1.0040e-04
Loss = 7.1357e-02, PNorm = 110.3304, GNorm = 0.2596, lr_0 = 1.0030e-04
Loss = 5.2635e-02, PNorm = 110.3331, GNorm = 0.4347, lr_0 = 1.0020e-04
Loss = 2.4695e-02, PNorm = 110.3364, GNorm = 0.3263, lr_0 = 1.0009e-04
Loss = 5.0197e-02, PNorm = 110.3403, GNorm = 0.5871, lr_0 = 1.0000e-04
Validation auc = 0.553390
Model 0 best validation auc = 0.580519 on epoch 12
Loading pretrained parameter "encoder.encoder.0.cached_zero_vector".
Loading pretrained parameter "encoder.encoder.0.W_i.weight".
Loading pretrained parameter "encoder.encoder.0.W_h.weight".
Loading pretrained parameter "encoder.encoder.0.W_o.weight".
Loading pretrained parameter "encoder.encoder.0.W_o.bias".
Loading pretrained parameter "ffn.1.weight".
Loading pretrained parameter "ffn.1.bias".
Loading pretrained parameter "ffn.4.weight".
Loading pretrained parameter "ffn.4.bias".
Loading pretrained parameter "ffn.7.weight".
Loading pretrained parameter "ffn.7.bias".
Model 0 test auc = 0.598903
Ensemble test auc = 0.598903
1-fold cross validation
	Seed 2 ==> test auc = 0.598903
Overall test auc = 0.598903 +/- 0.000000
Elapsed time = 1 day, 6:22:19
