Command line
python /home/felixjwong/miniconda3/envs/chemprop/bin/chemprop_train --data_path ./hdpc.csv --dataset_type classification --config_path ./hyperparameters.json --save_dir ./hdpc/3 --ensemble_size 1 --seed 3 --features_generator rdkit_2d_normalized --no_features_scaling
Args
{'activation': 'ReLU',
 'aggregation': 'mean',
 'aggregation_norm': 100,
 'atom_descriptor_scaling': True,
 'atom_descriptors': None,
 'atom_descriptors_path': None,
 'atom_descriptors_size': 0,
 'atom_features_size': 0,
 'atom_messages': False,
 'batch_size': 50,
 'bias': False,
 'bond_feature_scaling': True,
 'bond_features_path': None,
 'bond_features_size': 0,
 'cache_cutoff': 10000,
 'checkpoint_dir': None,
 'checkpoint_path': None,
 'checkpoint_paths': None,
 'class_balance': False,
 'config_path': './hyperparameters.json',
 'crossval_index_dir': None,
 'crossval_index_file': None,
 'crossval_index_sets': None,
 'cuda': False,
 'data_path': './hdpc.csv',
 'dataset_type': 'classification',
 'depth': 5,
 'device': device(type='cpu'),
 'dropout': 0.35,
 'ensemble_size': 1,
 'epochs': 30,
 'extra_metrics': [],
 'features_generator': ['rdkit_2d_normalized'],
 'features_only': False,
 'features_path': None,
 'features_scaling': False,
 'features_size': None,
 'ffn_hidden_size': 1600,
 'ffn_num_layers': 3,
 'final_lr': 0.0001,
 'folds_file': None,
 'gpu': None,
 'grad_clip': None,
 'hidden_size': 1600,
 'ignore_columns': None,
 'init_lr': 0.0001,
 'log_frequency': 10,
 'max_data_size': None,
 'max_lr': 0.001,
 'metric': 'auc',
 'metrics': ['auc'],
 'minimize_score': False,
 'mpn_shared': False,
 'multiclass_num_classes': 3,
 'no_atom_descriptor_scaling': False,
 'no_bond_features_scaling': False,
 'no_cache_mol': False,
 'no_cuda': False,
 'no_features_scaling': True,
 'num_folds': 1,
 'num_lrs': 1,
 'num_tasks': 1,
 'num_workers': 8,
 'number_of_molecules': 1,
 'overwrite_default_atom_features': False,
 'overwrite_default_bond_features': False,
 'pytorch_seed': 0,
 'quiet': False,
 'save_dir': './hdpc/3',
 'save_preds': False,
 'save_smiles_splits': False,
 'seed': 3,
 'separate_test_atom_descriptors_path': None,
 'separate_test_bond_features_path': None,
 'separate_test_features_path': None,
 'separate_test_path': None,
 'separate_val_atom_descriptors_path': None,
 'separate_val_bond_features_path': None,
 'separate_val_features_path': None,
 'separate_val_path': None,
 'show_individual_scores': False,
 'smiles_columns': ['\ufeffSMILES'],
 'split_sizes': (0.8, 0.1, 0.1),
 'split_type': 'random',
 'target_columns': None,
 'task_names': ['HIT'],
 'test': False,
 'test_fold_index': None,
 'train_data_size': None,
 'undirected': False,
 'use_input_features': True,
 'val_fold_index': None,
 'warmup_epochs': 2.0}
Loading data
Number of tasks = 1
Fold 0
Splitting data with seed 3
Class sizes
HIT 0: 99.12%, 1: 0.88%
Total size = 50,000 | train size = 40,000 | val size = 5,000 | test size = 5,000
Building model 0
MoleculeModel(
  (sigmoid): Sigmoid()
  (encoder): MPN(
    (encoder): ModuleList(
      (0): MPNEncoder(
        (dropout_layer): Dropout(p=0.35, inplace=False)
        (act_func): ReLU()
        (W_i): Linear(in_features=147, out_features=1600, bias=False)
        (W_h): Linear(in_features=1600, out_features=1600, bias=False)
        (W_o): Linear(in_features=1733, out_features=1600, bias=True)
      )
    )
  )
  (ffn): Sequential(
    (0): Dropout(p=0.35, inplace=False)
    (1): Linear(in_features=1800, out_features=1600, bias=True)
    (2): ReLU()
    (3): Dropout(p=0.35, inplace=False)
    (4): Linear(in_features=1600, out_features=1600, bias=True)
    (5): ReLU()
    (6): Dropout(p=0.35, inplace=False)
    (7): Linear(in_features=1600, out_features=1, bias=True)
  )
)
Number of parameters = 11,014,401
Epoch 0
Loss = 1.5188e-01, PNorm = 82.6433, GNorm = 0.0011, lr_0 = 1.0619e-04
Loss = 1.0574e-01, PNorm = 82.6477, GNorm = 0.0185, lr_0 = 1.1181e-04
Loss = 6.4231e-02, PNorm = 82.6500, GNorm = 0.7810, lr_0 = 1.1744e-04
Loss = 8.5345e-02, PNorm = 82.6537, GNorm = 0.3231, lr_0 = 1.2306e-04
Loss = 6.5477e-02, PNorm = 82.6633, GNorm = 0.1194, lr_0 = 1.2869e-04
Loss = 6.3687e-02, PNorm = 82.6692, GNorm = 0.0838, lr_0 = 1.3431e-04
Loss = 9.3402e-02, PNorm = 82.6720, GNorm = 0.5219, lr_0 = 1.3994e-04
Loss = 3.0964e-02, PNorm = 82.6830, GNorm = 0.0832, lr_0 = 1.4556e-04
Loss = 1.4342e-02, PNorm = 82.6942, GNorm = 0.0110, lr_0 = 1.5119e-04
Loss = 8.0077e-02, PNorm = 82.6929, GNorm = 0.4753, lr_0 = 1.5681e-04
Loss = 3.7011e-02, PNorm = 82.6990, GNorm = 0.3903, lr_0 = 1.6244e-04
Loss = 5.0079e-02, PNorm = 82.7089, GNorm = 0.1063, lr_0 = 1.6806e-04
Loss = 5.0966e-02, PNorm = 82.7197, GNorm = 0.0639, lr_0 = 1.7369e-04
Loss = 7.6330e-02, PNorm = 82.7264, GNorm = 0.2074, lr_0 = 1.7931e-04
Loss = 6.3895e-02, PNorm = 82.7408, GNorm = 0.4492, lr_0 = 1.8494e-04
Loss = 5.2083e-02, PNorm = 82.7508, GNorm = 0.3733, lr_0 = 1.9056e-04
Loss = 4.7891e-02, PNorm = 82.7596, GNorm = 0.6466, lr_0 = 1.9619e-04
Loss = 5.8265e-02, PNorm = 82.7700, GNorm = 0.1494, lr_0 = 2.0181e-04
Loss = 4.1732e-02, PNorm = 82.7871, GNorm = 0.0849, lr_0 = 2.0744e-04
Loss = 3.7672e-02, PNorm = 82.8011, GNorm = 0.0203, lr_0 = 2.1306e-04
Loss = 4.1971e-02, PNorm = 82.8055, GNorm = 0.4721, lr_0 = 2.1869e-04
Loss = 4.5703e-02, PNorm = 82.8165, GNorm = 0.4258, lr_0 = 2.2431e-04
Loss = 5.4985e-02, PNorm = 82.8294, GNorm = 0.1501, lr_0 = 2.2994e-04
Loss = 4.3776e-03, PNorm = 82.8545, GNorm = 0.0090, lr_0 = 2.3556e-04
Loss = 1.3606e-01, PNorm = 82.8550, GNorm = 0.6834, lr_0 = 2.4119e-04
Loss = 6.5363e-02, PNorm = 82.8753, GNorm = 0.3402, lr_0 = 2.4681e-04
Loss = 5.7043e-02, PNorm = 82.8976, GNorm = 0.0508, lr_0 = 2.5244e-04
Loss = 5.5213e-02, PNorm = 82.9085, GNorm = 0.1232, lr_0 = 2.5806e-04
Loss = 6.7636e-02, PNorm = 82.9225, GNorm = 0.1411, lr_0 = 2.6369e-04
Loss = 4.6778e-02, PNorm = 82.9415, GNorm = 0.4180, lr_0 = 2.6931e-04
Loss = 3.0061e-02, PNorm = 82.9569, GNorm = 0.6121, lr_0 = 2.7494e-04
Loss = 7.2063e-02, PNorm = 82.9600, GNorm = 0.1725, lr_0 = 2.8056e-04
Loss = 7.7779e-02, PNorm = 82.9769, GNorm = 0.1361, lr_0 = 2.8619e-04
Loss = 2.6030e-02, PNorm = 82.9977, GNorm = 0.0403, lr_0 = 2.9181e-04
Loss = 1.0367e-01, PNorm = 83.0019, GNorm = 0.5705, lr_0 = 2.9744e-04
Loss = 5.9022e-02, PNorm = 83.0218, GNorm = 0.1449, lr_0 = 3.0306e-04
Loss = 3.3217e-02, PNorm = 83.0416, GNorm = 0.0323, lr_0 = 3.0869e-04
Loss = 9.9522e-02, PNorm = 83.0431, GNorm = 0.2330, lr_0 = 3.1431e-04
Loss = 4.0311e-02, PNorm = 83.0659, GNorm = 0.3773, lr_0 = 3.1994e-04
Loss = 4.1116e-02, PNorm = 83.0807, GNorm = 0.4302, lr_0 = 3.2556e-04
Loss = 4.9140e-02, PNorm = 83.0857, GNorm = 0.0862, lr_0 = 3.3119e-04
Loss = 7.9524e-02, PNorm = 83.0925, GNorm = 0.2077, lr_0 = 3.3681e-04
Loss = 5.5695e-02, PNorm = 83.1129, GNorm = 0.4836, lr_0 = 3.4244e-04
Loss = 7.6721e-02, PNorm = 83.1208, GNorm = 0.3575, lr_0 = 3.4806e-04
Loss = 2.1785e-02, PNorm = 83.1425, GNorm = 0.0779, lr_0 = 3.5369e-04
Loss = 9.0385e-02, PNorm = 83.1527, GNorm = 0.0527, lr_0 = 3.5931e-04
Loss = 4.1270e-02, PNorm = 83.1644, GNorm = 0.6073, lr_0 = 3.6494e-04
Loss = 6.0605e-02, PNorm = 83.1795, GNorm = 0.3507, lr_0 = 3.7056e-04
Loss = 4.0087e-02, PNorm = 83.1951, GNorm = 0.2936, lr_0 = 3.7619e-04
Loss = 3.7308e-02, PNorm = 83.2080, GNorm = 0.0597, lr_0 = 3.8181e-04
Loss = 3.6011e-02, PNorm = 83.2212, GNorm = 0.3249, lr_0 = 3.8744e-04
Loss = 7.3896e-02, PNorm = 83.2307, GNorm = 0.4766, lr_0 = 3.9306e-04
Loss = 8.0912e-02, PNorm = 83.2493, GNorm = 0.2578, lr_0 = 3.9869e-04
Loss = 7.8966e-02, PNorm = 83.2767, GNorm = 0.1121, lr_0 = 4.0431e-04
Loss = 4.8234e-02, PNorm = 83.3001, GNorm = 0.1110, lr_0 = 4.0994e-04
Loss = 4.0191e-02, PNorm = 83.3235, GNorm = 0.0814, lr_0 = 4.1556e-04
Loss = 3.7851e-02, PNorm = 83.3465, GNorm = 0.0966, lr_0 = 4.2119e-04
Loss = 2.8997e-02, PNorm = 83.3719, GNorm = 0.0515, lr_0 = 4.2681e-04
Loss = 4.4432e-02, PNorm = 83.3915, GNorm = 0.5801, lr_0 = 4.3244e-04
Loss = 5.0123e-02, PNorm = 83.4047, GNorm = 0.1811, lr_0 = 4.3806e-04
Loss = 1.1663e-01, PNorm = 83.4269, GNorm = 0.3572, lr_0 = 4.4369e-04
Loss = 3.4461e-02, PNorm = 83.4721, GNorm = 0.0238, lr_0 = 4.4931e-04
Loss = 8.5923e-02, PNorm = 83.4841, GNorm = 0.3933, lr_0 = 4.5494e-04
Loss = 4.3352e-02, PNorm = 83.5005, GNorm = 0.2173, lr_0 = 4.6056e-04
Loss = 4.8275e-02, PNorm = 83.5223, GNorm = 0.1230, lr_0 = 4.6619e-04
Loss = 4.9000e-02, PNorm = 83.5428, GNorm = 0.4428, lr_0 = 4.7181e-04
Loss = 4.0230e-02, PNorm = 83.5535, GNorm = 0.1637, lr_0 = 4.7744e-04
Loss = 4.0464e-02, PNorm = 83.5799, GNorm = 0.4637, lr_0 = 4.8306e-04
Loss = 7.2628e-02, PNorm = 83.5830, GNorm = 0.2969, lr_0 = 4.8869e-04
Loss = 1.8853e-02, PNorm = 83.6140, GNorm = 0.0429, lr_0 = 4.9431e-04
Loss = 1.2459e-01, PNorm = 83.6151, GNorm = 0.2484, lr_0 = 4.9994e-04
Loss = 7.2698e-02, PNorm = 83.6417, GNorm = 0.2741, lr_0 = 5.0556e-04
Loss = 2.9860e-02, PNorm = 83.6752, GNorm = 0.0326, lr_0 = 5.1119e-04
Loss = 6.7023e-02, PNorm = 83.6824, GNorm = 0.3169, lr_0 = 5.1681e-04
Loss = 8.4418e-02, PNorm = 83.6900, GNorm = 0.4201, lr_0 = 5.2244e-04
Loss = 5.8939e-02, PNorm = 83.7145, GNorm = 0.1116, lr_0 = 5.2806e-04
Loss = 1.2913e-01, PNorm = 83.7266, GNorm = 0.2497, lr_0 = 5.3369e-04
Loss = 3.5578e-02, PNorm = 83.7701, GNorm = 0.0509, lr_0 = 5.3931e-04
Loss = 1.0522e-01, PNorm = 83.7863, GNorm = 0.8440, lr_0 = 5.4494e-04
Loss = 2.8788e-02, PNorm = 83.7905, GNorm = 0.1739, lr_0 = 5.5056e-04
Validation auc = 0.590018
Epoch 1
Loss = 3.3083e-02, PNorm = 83.8148, GNorm = 0.0809, lr_0 = 5.5619e-04
Loss = 6.0692e-02, PNorm = 83.8266, GNorm = 0.1073, lr_0 = 5.6181e-04
Loss = 3.2048e-02, PNorm = 83.8436, GNorm = 0.1283, lr_0 = 5.6744e-04
Loss = 5.1401e-02, PNorm = 83.8592, GNorm = 0.0712, lr_0 = 5.7306e-04
Loss = 7.9814e-02, PNorm = 83.8664, GNorm = 0.6088, lr_0 = 5.7869e-04
Loss = 3.6822e-02, PNorm = 83.8843, GNorm = 0.3078, lr_0 = 5.8431e-04
Loss = 6.2310e-02, PNorm = 83.9026, GNorm = 0.1207, lr_0 = 5.8994e-04
Loss = 8.9131e-02, PNorm = 83.9159, GNorm = 0.2506, lr_0 = 5.9556e-04
Loss = 6.2330e-02, PNorm = 83.9488, GNorm = 0.4101, lr_0 = 6.0119e-04
Loss = 3.8491e-02, PNorm = 83.9839, GNorm = 0.0943, lr_0 = 6.0681e-04
Loss = 7.3613e-02, PNorm = 84.0126, GNorm = 0.1768, lr_0 = 6.1244e-04
Loss = 2.5731e-02, PNorm = 84.0616, GNorm = 0.0732, lr_0 = 6.1806e-04
Loss = 8.7402e-02, PNorm = 84.0778, GNorm = 0.2137, lr_0 = 6.2369e-04
Loss = 5.0068e-02, PNorm = 84.1220, GNorm = 0.4380, lr_0 = 6.2931e-04
Loss = 2.5894e-02, PNorm = 84.1533, GNorm = 0.0372, lr_0 = 6.3494e-04
Loss = 4.9636e-02, PNorm = 84.1676, GNorm = 0.8759, lr_0 = 6.4056e-04
Loss = 6.3739e-02, PNorm = 84.1659, GNorm = 0.2587, lr_0 = 6.4619e-04
Loss = 3.6503e-02, PNorm = 84.2046, GNorm = 0.0582, lr_0 = 6.5181e-04
Loss = 4.0970e-02, PNorm = 84.2242, GNorm = 0.0356, lr_0 = 6.5744e-04
Loss = 9.7597e-02, PNorm = 84.2224, GNorm = 0.2198, lr_0 = 6.6306e-04
Loss = 6.0741e-02, PNorm = 84.2587, GNorm = 0.1735, lr_0 = 6.6869e-04
Loss = 3.6155e-02, PNorm = 84.2948, GNorm = 0.5247, lr_0 = 6.7431e-04
Loss = 5.4322e-02, PNorm = 84.2937, GNorm = 0.1082, lr_0 = 6.7994e-04
Loss = 7.1206e-02, PNorm = 84.3080, GNorm = 0.2857, lr_0 = 6.8556e-04
Loss = 4.5061e-02, PNorm = 84.3413, GNorm = 0.1100, lr_0 = 6.9119e-04
Loss = 6.0801e-02, PNorm = 84.3619, GNorm = 0.0952, lr_0 = 6.9681e-04
Loss = 8.1022e-02, PNorm = 84.3795, GNorm = 1.4871, lr_0 = 7.0244e-04
Loss = 4.6846e-02, PNorm = 84.4063, GNorm = 0.2416, lr_0 = 7.0806e-04
Loss = 1.0405e-01, PNorm = 84.4440, GNorm = 0.2525, lr_0 = 7.1369e-04
Loss = 4.2415e-02, PNorm = 84.5014, GNorm = 0.4895, lr_0 = 7.1931e-04
Loss = 4.6674e-02, PNorm = 84.5280, GNorm = 0.5962, lr_0 = 7.2494e-04
Loss = 5.3836e-02, PNorm = 84.5361, GNorm = 0.2649, lr_0 = 7.3056e-04
Loss = 5.2954e-02, PNorm = 84.5736, GNorm = 0.0824, lr_0 = 7.3619e-04
Loss = 6.1662e-02, PNorm = 84.5908, GNorm = 0.4903, lr_0 = 7.4181e-04
Loss = 5.1845e-02, PNorm = 84.6150, GNorm = 0.3478, lr_0 = 7.4744e-04
Loss = 5.6400e-02, PNorm = 84.6418, GNorm = 0.3890, lr_0 = 7.5306e-04
Loss = 4.7824e-02, PNorm = 84.6570, GNorm = 0.3373, lr_0 = 7.5869e-04
Loss = 3.2587e-02, PNorm = 84.6884, GNorm = 0.1099, lr_0 = 7.6431e-04
Loss = 3.5902e-02, PNorm = 84.7151, GNorm = 0.5162, lr_0 = 7.6994e-04
Loss = 8.3106e-02, PNorm = 84.7113, GNorm = 0.4364, lr_0 = 7.7556e-04
Loss = 3.3236e-02, PNorm = 84.7426, GNorm = 0.1388, lr_0 = 7.8119e-04
Loss = 1.0383e-01, PNorm = 84.7560, GNorm = 0.3668, lr_0 = 7.8681e-04
Loss = 6.5581e-02, PNorm = 84.7994, GNorm = 0.2130, lr_0 = 7.9244e-04
Loss = 9.3623e-02, PNorm = 84.8254, GNorm = 0.3837, lr_0 = 7.9806e-04
Loss = 3.8544e-02, PNorm = 84.8724, GNorm = 0.0912, lr_0 = 8.0369e-04
Loss = 1.0824e-01, PNorm = 84.8810, GNorm = 0.2594, lr_0 = 8.0931e-04
Loss = 5.2147e-02, PNorm = 84.9239, GNorm = 0.4958, lr_0 = 8.1494e-04
Loss = 9.2227e-02, PNorm = 84.9306, GNorm = 0.5710, lr_0 = 8.2056e-04
Loss = 5.1932e-02, PNorm = 84.9595, GNorm = 0.1934, lr_0 = 8.2619e-04
Loss = 7.0699e-02, PNorm = 84.9882, GNorm = 0.5546, lr_0 = 8.3181e-04
Loss = 3.0678e-02, PNorm = 84.9973, GNorm = 0.2136, lr_0 = 8.3744e-04
Loss = 4.1016e-02, PNorm = 85.0259, GNorm = 0.3071, lr_0 = 8.4306e-04
Loss = 6.3462e-02, PNorm = 85.0357, GNorm = 0.1983, lr_0 = 8.4869e-04
Loss = 3.9838e-02, PNorm = 85.0627, GNorm = 0.1325, lr_0 = 8.5431e-04
Loss = 8.7063e-02, PNorm = 85.0744, GNorm = 0.1667, lr_0 = 8.5994e-04
Loss = 4.1240e-02, PNorm = 85.1010, GNorm = 0.3464, lr_0 = 8.6556e-04
Loss = 4.8453e-02, PNorm = 85.1240, GNorm = 0.6115, lr_0 = 8.7119e-04
Loss = 6.1686e-02, PNorm = 85.1299, GNorm = 0.7907, lr_0 = 8.7681e-04
Loss = 6.6687e-02, PNorm = 85.1524, GNorm = 0.4481, lr_0 = 8.8244e-04
Loss = 6.8974e-02, PNorm = 85.1807, GNorm = 0.2952, lr_0 = 8.8806e-04
Loss = 4.0947e-02, PNorm = 85.2105, GNorm = 0.0947, lr_0 = 8.9369e-04
Loss = 5.0459e-02, PNorm = 85.2135, GNorm = 0.2362, lr_0 = 8.9931e-04
Loss = 1.5966e-02, PNorm = 85.2392, GNorm = 0.0749, lr_0 = 9.0494e-04
Loss = 8.1154e-02, PNorm = 85.2389, GNorm = 0.3434, lr_0 = 9.1056e-04
Loss = 5.1148e-02, PNorm = 85.2640, GNorm = 0.1449, lr_0 = 9.1619e-04
Loss = 6.4063e-02, PNorm = 85.2779, GNorm = 0.1869, lr_0 = 9.2181e-04
Loss = 6.0375e-02, PNorm = 85.2932, GNorm = 0.2022, lr_0 = 9.2744e-04
Loss = 2.8538e-02, PNorm = 85.3175, GNorm = 0.1038, lr_0 = 9.3306e-04
Loss = 5.7357e-02, PNorm = 85.3324, GNorm = 0.0656, lr_0 = 9.3869e-04
Loss = 5.7436e-02, PNorm = 85.3336, GNorm = 0.3835, lr_0 = 9.4431e-04
Loss = 7.3010e-02, PNorm = 85.3595, GNorm = 0.4399, lr_0 = 9.4994e-04
Loss = 5.5930e-02, PNorm = 85.3791, GNorm = 0.2330, lr_0 = 9.5556e-04
Loss = 2.9468e-02, PNorm = 85.4176, GNorm = 0.8543, lr_0 = 9.6119e-04
Loss = 3.9798e-02, PNorm = 85.4241, GNorm = 0.6739, lr_0 = 9.6681e-04
Loss = 9.2992e-02, PNorm = 85.4254, GNorm = 0.4822, lr_0 = 9.7244e-04
Loss = 6.9691e-02, PNorm = 85.4586, GNorm = 0.5972, lr_0 = 9.7806e-04
Loss = 6.2497e-02, PNorm = 85.4759, GNorm = 0.3039, lr_0 = 9.8369e-04
Loss = 8.1252e-02, PNorm = 85.4968, GNorm = 0.2401, lr_0 = 9.8931e-04
Loss = 2.8514e-02, PNorm = 85.5276, GNorm = 0.1407, lr_0 = 9.9494e-04
Loss = 6.2016e-02, PNorm = 85.5563, GNorm = 0.9666, lr_0 = 9.9990e-04
Validation auc = 0.590502
Epoch 2
Loss = 4.6533e-02, PNorm = 85.5581, GNorm = 0.2945, lr_0 = 9.9887e-04
Loss = 6.2636e-02, PNorm = 85.5855, GNorm = 0.3464, lr_0 = 9.9784e-04
Loss = 4.8479e-02, PNorm = 85.6189, GNorm = 0.1223, lr_0 = 9.9682e-04
Loss = 7.9420e-02, PNorm = 85.6283, GNorm = 0.2218, lr_0 = 9.9579e-04
Loss = 6.5968e-02, PNorm = 85.6518, GNorm = 0.2851, lr_0 = 9.9477e-04
Loss = 4.3010e-02, PNorm = 85.6917, GNorm = 0.7301, lr_0 = 9.9375e-04
Loss = 6.1295e-02, PNorm = 85.7025, GNorm = 0.1549, lr_0 = 9.9273e-04
Loss = 5.8522e-02, PNorm = 85.7213, GNorm = 0.3517, lr_0 = 9.9171e-04
Loss = 5.6714e-02, PNorm = 85.7595, GNorm = 0.4726, lr_0 = 9.9069e-04
Loss = 1.6079e-02, PNorm = 85.7832, GNorm = 0.1096, lr_0 = 9.8967e-04
Loss = 6.5326e-02, PNorm = 85.7953, GNorm = 0.2116, lr_0 = 9.8865e-04
Loss = 8.1347e-02, PNorm = 85.8159, GNorm = 1.4122, lr_0 = 9.8764e-04
Loss = 8.9770e-02, PNorm = 85.8330, GNorm = 0.5210, lr_0 = 9.8662e-04
Loss = 7.6681e-02, PNorm = 85.8851, GNorm = 0.2640, lr_0 = 9.8561e-04
Loss = 2.0497e-02, PNorm = 85.9375, GNorm = 0.0461, lr_0 = 9.8460e-04
Loss = 4.9366e-02, PNorm = 85.9533, GNorm = 0.0358, lr_0 = 9.8359e-04
Loss = 6.3983e-02, PNorm = 85.9590, GNorm = 0.3882, lr_0 = 9.8258e-04
Loss = 8.7350e-02, PNorm = 85.9952, GNorm = 0.3909, lr_0 = 9.8157e-04
Loss = 5.6566e-02, PNorm = 86.0431, GNorm = 0.1255, lr_0 = 9.8056e-04
Loss = 1.0224e-02, PNorm = 86.0871, GNorm = 0.0303, lr_0 = 9.7955e-04
Loss = 8.5452e-02, PNorm = 86.0777, GNorm = 0.3497, lr_0 = 9.7854e-04
Loss = 6.7253e-02, PNorm = 86.1044, GNorm = 0.2907, lr_0 = 9.7754e-04
Loss = 6.0096e-02, PNorm = 86.1433, GNorm = 0.2343, lr_0 = 9.7653e-04
Loss = 4.9323e-02, PNorm = 86.1770, GNorm = 0.1459, lr_0 = 9.7553e-04
Loss = 3.0328e-02, PNorm = 86.2078, GNorm = 0.1279, lr_0 = 9.7453e-04
Loss = 4.4469e-02, PNorm = 86.2445, GNorm = 0.5138, lr_0 = 9.7353e-04
Loss = 1.4367e-02, PNorm = 86.2691, GNorm = 0.1138, lr_0 = 9.7253e-04
Loss = 3.0442e-02, PNorm = 86.2987, GNorm = 0.0815, lr_0 = 9.7153e-04
Loss = 8.4355e-02, PNorm = 86.3137, GNorm = 0.5258, lr_0 = 9.7053e-04
Loss = 3.1158e-02, PNorm = 86.3470, GNorm = 0.2819, lr_0 = 9.6953e-04
Loss = 7.2808e-02, PNorm = 86.3721, GNorm = 0.2194, lr_0 = 9.6854e-04
Loss = 6.4872e-02, PNorm = 86.3987, GNorm = 0.6969, lr_0 = 9.6754e-04
Loss = 3.7147e-02, PNorm = 86.4350, GNorm = 0.2367, lr_0 = 9.6655e-04
Loss = 6.4919e-02, PNorm = 86.4684, GNorm = 0.1017, lr_0 = 9.6555e-04
Loss = 7.4173e-02, PNorm = 86.4773, GNorm = 0.4113, lr_0 = 9.6456e-04
Loss = 5.8831e-02, PNorm = 86.5302, GNorm = 0.5665, lr_0 = 9.6357e-04
Loss = 2.9163e-02, PNorm = 86.5676, GNorm = 0.1226, lr_0 = 9.6258e-04
Loss = 6.9274e-02, PNorm = 86.5866, GNorm = 0.2156, lr_0 = 9.6159e-04
Loss = 5.9715e-02, PNorm = 86.6185, GNorm = 0.8397, lr_0 = 9.6060e-04
Loss = 3.1185e-02, PNorm = 86.6563, GNorm = 0.4894, lr_0 = 9.5962e-04
Loss = 1.2207e-01, PNorm = 86.6533, GNorm = 0.4110, lr_0 = 9.5863e-04
Loss = 7.1174e-02, PNorm = 86.7070, GNorm = 0.2402, lr_0 = 9.5765e-04
Loss = 1.6234e-02, PNorm = 86.7479, GNorm = 0.0765, lr_0 = 9.5666e-04
Loss = 7.7667e-02, PNorm = 86.7467, GNorm = 0.2259, lr_0 = 9.5568e-04
Loss = 4.3383e-02, PNorm = 86.7690, GNorm = 0.6283, lr_0 = 9.5470e-04
Loss = 6.7459e-02, PNorm = 86.7930, GNorm = 0.2919, lr_0 = 9.5372e-04
Loss = 5.3820e-02, PNorm = 86.8171, GNorm = 0.5692, lr_0 = 9.5274e-04
Loss = 8.1127e-02, PNorm = 86.8259, GNorm = 0.3985, lr_0 = 9.5176e-04
Loss = 2.1685e-02, PNorm = 86.8740, GNorm = 0.0721, lr_0 = 9.5078e-04
Loss = 7.6907e-02, PNorm = 86.8798, GNorm = 0.2787, lr_0 = 9.4980e-04
Loss = 6.4678e-02, PNorm = 86.9033, GNorm = 0.4502, lr_0 = 9.4883e-04
Loss = 4.3621e-02, PNorm = 86.9377, GNorm = 0.1862, lr_0 = 9.4785e-04
Loss = 4.6082e-02, PNorm = 86.9606, GNorm = 0.1553, lr_0 = 9.4688e-04
Loss = 5.6308e-02, PNorm = 86.9798, GNorm = 0.2428, lr_0 = 9.4591e-04
Loss = 5.1527e-02, PNorm = 87.0043, GNorm = 0.2239, lr_0 = 9.4493e-04
Loss = 4.6949e-02, PNorm = 87.0239, GNorm = 0.2686, lr_0 = 9.4396e-04
Loss = 9.7143e-02, PNorm = 87.0403, GNorm = 0.4220, lr_0 = 9.4299e-04
Loss = 6.6607e-02, PNorm = 87.0769, GNorm = 0.2988, lr_0 = 9.4203e-04
Loss = 8.9105e-02, PNorm = 87.0969, GNorm = 0.6943, lr_0 = 9.4106e-04
Loss = 5.6064e-02, PNorm = 87.1286, GNorm = 0.4358, lr_0 = 9.4009e-04
Loss = 5.6237e-02, PNorm = 87.1579, GNorm = 0.2843, lr_0 = 9.3912e-04
Loss = 5.1095e-02, PNorm = 87.1896, GNorm = 0.2280, lr_0 = 9.3816e-04
Loss = 5.5730e-02, PNorm = 87.2000, GNorm = 0.4525, lr_0 = 9.3720e-04
Loss = 5.4315e-02, PNorm = 87.2261, GNorm = 0.2645, lr_0 = 9.3623e-04
Loss = 3.9330e-02, PNorm = 87.2570, GNorm = 0.1569, lr_0 = 9.3527e-04
Loss = 1.2026e-01, PNorm = 87.2592, GNorm = 0.9499, lr_0 = 9.3431e-04
Loss = 5.4142e-02, PNorm = 87.3119, GNorm = 0.1714, lr_0 = 9.3335e-04
Loss = 4.8699e-02, PNorm = 87.3438, GNorm = 1.1844, lr_0 = 9.3239e-04
Loss = 3.6632e-02, PNorm = 87.3497, GNorm = 0.2703, lr_0 = 9.3143e-04
Loss = 2.7680e-02, PNorm = 87.3910, GNorm = 0.0968, lr_0 = 9.3048e-04
Loss = 7.5803e-02, PNorm = 87.4005, GNorm = 1.1081, lr_0 = 9.2952e-04
Loss = 4.9400e-02, PNorm = 87.4385, GNorm = 0.3481, lr_0 = 9.2857e-04
Loss = 3.4798e-02, PNorm = 87.4893, GNorm = 0.1005, lr_0 = 9.2761e-04
Loss = 6.0672e-02, PNorm = 87.5011, GNorm = 0.5184, lr_0 = 9.2666e-04
Loss = 6.5988e-02, PNorm = 87.5233, GNorm = 0.4756, lr_0 = 9.2571e-04
Loss = 1.8643e-02, PNorm = 87.6067, GNorm = 0.0327, lr_0 = 9.2476e-04
Loss = 1.1074e-01, PNorm = 87.6278, GNorm = 0.5670, lr_0 = 9.2381e-04
Loss = 6.3362e-02, PNorm = 87.7066, GNorm = 0.5180, lr_0 = 9.2286e-04
Loss = 9.2683e-02, PNorm = 87.7828, GNorm = 0.6173, lr_0 = 9.2191e-04
Loss = 5.5659e-02, PNorm = 87.8552, GNorm = 0.3381, lr_0 = 9.2096e-04
Validation auc = 0.592805
Epoch 3
Loss = 9.5139e-02, PNorm = 87.9278, GNorm = 0.9219, lr_0 = 9.2001e-04
Loss = 1.0510e-01, PNorm = 88.0701, GNorm = 13.2689, lr_0 = 9.1907e-04
Loss = 6.7916e-02, PNorm = 88.3546, GNorm = 0.4827, lr_0 = 9.1812e-04
Loss = 2.6888e-02, PNorm = 88.6249, GNorm = 0.0281, lr_0 = 9.1718e-04
Loss = 8.7153e-02, PNorm = 88.7755, GNorm = 0.5553, lr_0 = 9.1624e-04
Loss = 6.1398e-02, PNorm = 88.9205, GNorm = 0.1046, lr_0 = 9.1530e-04
Loss = 9.9373e-02, PNorm = 89.0669, GNorm = 0.5247, lr_0 = 9.1436e-04
Loss = 4.0530e-02, PNorm = 89.1860, GNorm = 0.1255, lr_0 = 9.1342e-04
Loss = 1.1237e-01, PNorm = 89.2455, GNorm = 0.6690, lr_0 = 9.1248e-04
Loss = 7.7297e-02, PNorm = 89.3130, GNorm = 1.8394, lr_0 = 9.1154e-04
Loss = 1.6257e-02, PNorm = 89.3529, GNorm = 0.1204, lr_0 = 9.1061e-04
Loss = 8.7460e-02, PNorm = 89.3635, GNorm = 0.3795, lr_0 = 9.0967e-04
Loss = 6.0185e-02, PNorm = 89.3825, GNorm = 0.7312, lr_0 = 9.0874e-04
Loss = 4.5777e-02, PNorm = 89.4028, GNorm = 1.2934, lr_0 = 9.0780e-04
Loss = 8.1175e-02, PNorm = 89.4113, GNorm = 0.5782, lr_0 = 9.0687e-04
Loss = 2.0181e-02, PNorm = 89.4461, GNorm = 0.1129, lr_0 = 9.0594e-04
Loss = 6.4774e-02, PNorm = 89.4532, GNorm = 0.1490, lr_0 = 9.0501e-04
Loss = 2.9880e-02, PNorm = 89.4699, GNorm = 0.2426, lr_0 = 9.0408e-04
Loss = 2.1242e-02, PNorm = 89.4960, GNorm = 0.5276, lr_0 = 9.0315e-04
Loss = 5.8165e-02, PNorm = 89.4960, GNorm = 0.1582, lr_0 = 9.0222e-04
Loss = 5.5689e-02, PNorm = 89.5055, GNorm = 0.5637, lr_0 = 9.0129e-04
Loss = 8.7892e-02, PNorm = 89.5243, GNorm = 0.5110, lr_0 = 9.0037e-04
Loss = 5.2472e-02, PNorm = 89.5474, GNorm = 0.2885, lr_0 = 8.9944e-04
Loss = 6.4057e-02, PNorm = 89.5696, GNorm = 0.1020, lr_0 = 8.9852e-04
Loss = 5.4894e-02, PNorm = 89.5810, GNorm = 0.4717, lr_0 = 8.9759e-04
Loss = 5.0645e-02, PNorm = 89.6087, GNorm = 0.5685, lr_0 = 8.9667e-04
Loss = 8.0521e-02, PNorm = 89.6247, GNorm = 1.2151, lr_0 = 8.9575e-04
Loss = 4.6326e-02, PNorm = 89.6521, GNorm = 0.3359, lr_0 = 8.9483e-04
Loss = 6.6541e-02, PNorm = 89.6743, GNorm = 0.3468, lr_0 = 8.9391e-04
Loss = 6.3381e-02, PNorm = 89.6981, GNorm = 0.3618, lr_0 = 8.9299e-04
Loss = 3.9399e-02, PNorm = 89.7309, GNorm = 0.2417, lr_0 = 8.9208e-04
Loss = 3.0108e-02, PNorm = 89.7525, GNorm = 0.0976, lr_0 = 8.9116e-04
Loss = 6.8193e-02, PNorm = 89.7491, GNorm = 0.2207, lr_0 = 8.9024e-04
Loss = 6.2786e-02, PNorm = 89.7615, GNorm = 0.5644, lr_0 = 8.8933e-04
Loss = 3.2646e-02, PNorm = 89.7914, GNorm = 0.6283, lr_0 = 8.8842e-04
Loss = 8.9065e-02, PNorm = 89.7952, GNorm = 0.5527, lr_0 = 8.8750e-04
Loss = 3.9190e-02, PNorm = 89.8204, GNorm = 0.5328, lr_0 = 8.8659e-04
Loss = 4.9560e-02, PNorm = 89.8424, GNorm = 0.1769, lr_0 = 8.8568e-04
Loss = 5.6316e-02, PNorm = 89.8685, GNorm = 0.2276, lr_0 = 8.8477e-04
Loss = 1.3382e-01, PNorm = 89.9607, GNorm = 0.4986, lr_0 = 8.8386e-04
Loss = 6.6811e-02, PNorm = 90.1967, GNorm = 0.3849, lr_0 = 8.8295e-04
Loss = 9.6999e-02, PNorm = 90.3284, GNorm = 0.1123, lr_0 = 8.8205e-04
Loss = 4.6039e-02, PNorm = 90.3981, GNorm = 0.5380, lr_0 = 8.8114e-04
Loss = 5.5406e-02, PNorm = 90.4482, GNorm = 0.1540, lr_0 = 8.8023e-04
Loss = 6.2990e-02, PNorm = 90.4650, GNorm = 0.4827, lr_0 = 8.7933e-04
Loss = 4.8714e-02, PNorm = 90.4793, GNorm = 1.2083, lr_0 = 8.7843e-04
Loss = 7.7898e-02, PNorm = 90.4807, GNorm = 0.4165, lr_0 = 8.7752e-04
Loss = 6.2103e-02, PNorm = 90.4940, GNorm = 0.2952, lr_0 = 8.7662e-04
Loss = 5.5246e-02, PNorm = 90.5062, GNorm = 0.1336, lr_0 = 8.7572e-04
Loss = 2.1620e-02, PNorm = 90.5146, GNorm = 0.3935, lr_0 = 8.7482e-04
Loss = 5.4570e-02, PNorm = 90.5172, GNorm = 0.2483, lr_0 = 8.7392e-04
Loss = 3.0811e-02, PNorm = 90.5268, GNorm = 0.1966, lr_0 = 8.7303e-04
Loss = 2.9731e-02, PNorm = 90.5416, GNorm = 0.9823, lr_0 = 8.7213e-04
Loss = 8.4514e-02, PNorm = 90.5294, GNorm = 0.4982, lr_0 = 8.7123e-04
Loss = 3.8896e-02, PNorm = 90.5401, GNorm = 0.2379, lr_0 = 8.7034e-04
Loss = 6.6562e-02, PNorm = 90.5475, GNorm = 0.4461, lr_0 = 8.6944e-04
Loss = 4.0775e-02, PNorm = 90.5571, GNorm = 0.3208, lr_0 = 8.6855e-04
Loss = 7.3812e-02, PNorm = 90.5673, GNorm = 0.2269, lr_0 = 8.6766e-04
Loss = 4.7202e-02, PNorm = 90.5774, GNorm = 0.2226, lr_0 = 8.6677e-04
Loss = 5.6907e-02, PNorm = 90.5898, GNorm = 0.7855, lr_0 = 8.6588e-04
Loss = 6.3234e-02, PNorm = 90.5925, GNorm = 0.4492, lr_0 = 8.6499e-04
Loss = 3.7209e-02, PNorm = 90.6153, GNorm = 0.6553, lr_0 = 8.6410e-04
Loss = 7.4888e-02, PNorm = 90.6155, GNorm = 0.5903, lr_0 = 8.6321e-04
Loss = 5.0200e-02, PNorm = 90.6266, GNorm = 0.6025, lr_0 = 8.6232e-04
Loss = 4.5712e-02, PNorm = 90.6445, GNorm = 0.7357, lr_0 = 8.6144e-04
Loss = 5.8491e-02, PNorm = 90.6584, GNorm = 0.9395, lr_0 = 8.6055e-04
Loss = 2.7390e-02, PNorm = 90.6790, GNorm = 0.2416, lr_0 = 8.5967e-04
Loss = 5.4785e-02, PNorm = 90.6982, GNorm = 0.1903, lr_0 = 8.5878e-04
Loss = 7.0231e-02, PNorm = 90.7161, GNorm = 0.4485, lr_0 = 8.5790e-04
Loss = 4.0449e-02, PNorm = 90.7441, GNorm = 0.2810, lr_0 = 8.5702e-04
Loss = 1.0566e-01, PNorm = 90.7622, GNorm = 0.5573, lr_0 = 8.5614e-04
Loss = 5.2814e-02, PNorm = 90.7980, GNorm = 0.2952, lr_0 = 8.5526e-04
Loss = 7.6988e-02, PNorm = 90.8243, GNorm = 1.1547, lr_0 = 8.5438e-04
Loss = 8.9577e-02, PNorm = 90.8395, GNorm = 0.5140, lr_0 = 8.5350e-04
Loss = 6.2012e-02, PNorm = 90.8607, GNorm = 0.4814, lr_0 = 8.5263e-04
Loss = 6.3648e-02, PNorm = 90.8815, GNorm = 0.4478, lr_0 = 8.5175e-04
Loss = 6.1767e-02, PNorm = 90.8883, GNorm = 0.5380, lr_0 = 8.5088e-04
Loss = 3.2524e-02, PNorm = 90.8976, GNorm = 0.2478, lr_0 = 8.5000e-04
Loss = 8.9201e-02, PNorm = 90.9040, GNorm = 0.3549, lr_0 = 8.4913e-04
Loss = 1.8113e-02, PNorm = 90.9239, GNorm = 0.1005, lr_0 = 8.4826e-04
Validation auc = 0.586472
Epoch 4
Loss = 2.7869e-02, PNorm = 90.9317, GNorm = 0.0933, lr_0 = 8.4738e-04
Loss = 4.4822e-02, PNorm = 90.9315, GNorm = 0.1535, lr_0 = 8.4651e-04
Loss = 6.0905e-02, PNorm = 90.9316, GNorm = 0.3141, lr_0 = 8.4564e-04
Loss = 6.9612e-02, PNorm = 90.9411, GNorm = 0.4117, lr_0 = 8.4478e-04
Loss = 4.4015e-02, PNorm = 90.9598, GNorm = 1.1988, lr_0 = 8.4391e-04
Loss = 1.1174e-01, PNorm = 90.9609, GNorm = 0.5153, lr_0 = 8.4304e-04
Loss = 5.4489e-02, PNorm = 90.9801, GNorm = 0.3722, lr_0 = 8.4217e-04
Loss = 7.3739e-02, PNorm = 91.0000, GNorm = 0.2159, lr_0 = 8.4131e-04
Loss = 2.8214e-02, PNorm = 91.0185, GNorm = 0.1881, lr_0 = 8.4044e-04
Loss = 4.1031e-02, PNorm = 91.0423, GNorm = 0.1399, lr_0 = 8.3958e-04
Loss = 7.2215e-02, PNorm = 91.0550, GNorm = 0.2752, lr_0 = 8.3872e-04
Loss = 5.4680e-02, PNorm = 91.0824, GNorm = 0.4539, lr_0 = 8.3786e-04
Loss = 3.3048e-02, PNorm = 91.1195, GNorm = 0.1980, lr_0 = 8.3700e-04
Loss = 7.0860e-02, PNorm = 91.1315, GNorm = 0.2170, lr_0 = 8.3614e-04
Loss = 5.9177e-02, PNorm = 91.1458, GNorm = 0.2652, lr_0 = 8.3528e-04
Loss = 4.9335e-02, PNorm = 91.1636, GNorm = 0.4883, lr_0 = 8.3442e-04
Loss = 7.5900e-02, PNorm = 91.1876, GNorm = 0.6403, lr_0 = 8.3356e-04
Loss = 6.7125e-02, PNorm = 91.2123, GNorm = 0.3742, lr_0 = 8.3270e-04
Loss = 3.0195e-02, PNorm = 91.2612, GNorm = 0.1736, lr_0 = 8.3185e-04
Loss = 6.9719e-02, PNorm = 91.2946, GNorm = 0.4839, lr_0 = 8.3099e-04
Loss = 4.7935e-02, PNorm = 91.3094, GNorm = 0.8464, lr_0 = 8.3014e-04
Loss = 4.1063e-02, PNorm = 91.3497, GNorm = 0.4213, lr_0 = 8.2929e-04
Loss = 7.3571e-02, PNorm = 91.3744, GNorm = 0.5738, lr_0 = 8.2844e-04
Loss = 7.0009e-02, PNorm = 91.3831, GNorm = 1.0195, lr_0 = 8.2758e-04
Loss = 4.4488e-02, PNorm = 91.4007, GNorm = 0.3459, lr_0 = 8.2673e-04
Loss = 6.2165e-02, PNorm = 91.4208, GNorm = 0.8970, lr_0 = 8.2589e-04
Loss = 5.5999e-02, PNorm = 91.4249, GNorm = 0.6473, lr_0 = 8.2504e-04
Loss = 3.2001e-02, PNorm = 91.4376, GNorm = 0.2254, lr_0 = 8.2419e-04
Loss = 3.3694e-02, PNorm = 91.4568, GNorm = 1.7021, lr_0 = 8.2334e-04
Loss = 5.3874e-02, PNorm = 91.4547, GNorm = 0.1869, lr_0 = 8.2250e-04
Loss = 5.8062e-02, PNorm = 91.4617, GNorm = 1.0796, lr_0 = 8.2165e-04
Loss = 7.0493e-02, PNorm = 91.4691, GNorm = 0.4740, lr_0 = 8.2081e-04
Loss = 4.0687e-02, PNorm = 91.4982, GNorm = 0.2238, lr_0 = 8.1996e-04
Loss = 2.8803e-02, PNorm = 91.5233, GNorm = 0.0663, lr_0 = 8.1912e-04
Loss = 9.3918e-02, PNorm = 91.5178, GNorm = 0.3207, lr_0 = 8.1828e-04
Loss = 3.1550e-02, PNorm = 91.5329, GNorm = 0.3676, lr_0 = 8.1744e-04
Loss = 4.4692e-02, PNorm = 91.5514, GNorm = 0.4472, lr_0 = 8.1660e-04
Loss = 4.8467e-02, PNorm = 91.5571, GNorm = 0.6865, lr_0 = 8.1576e-04
Loss = 4.1633e-02, PNorm = 91.5590, GNorm = 0.3115, lr_0 = 8.1492e-04
Loss = 5.1519e-02, PNorm = 91.5627, GNorm = 0.3196, lr_0 = 8.1408e-04
Loss = 6.9862e-02, PNorm = 91.5747, GNorm = 0.7638, lr_0 = 8.1325e-04
Loss = 6.3095e-02, PNorm = 91.5828, GNorm = 0.3202, lr_0 = 8.1241e-04
Loss = 5.3757e-02, PNorm = 91.5950, GNorm = 0.4889, lr_0 = 8.1158e-04
Loss = 6.2826e-02, PNorm = 91.6068, GNorm = 0.3569, lr_0 = 8.1074e-04
Loss = 7.0938e-02, PNorm = 91.6196, GNorm = 0.4293, lr_0 = 8.0991e-04
Loss = 4.5849e-02, PNorm = 91.6382, GNorm = 0.2549, lr_0 = 8.0908e-04
Loss = 4.1248e-02, PNorm = 91.6596, GNorm = 1.1827, lr_0 = 8.0825e-04
Loss = 6.1274e-02, PNorm = 91.6610, GNorm = 0.1928, lr_0 = 8.0742e-04
Loss = 5.2320e-02, PNorm = 91.6695, GNorm = 0.4065, lr_0 = 8.0659e-04
Loss = 3.8686e-02, PNorm = 91.6917, GNorm = 0.1629, lr_0 = 8.0576e-04
Loss = 6.0316e-02, PNorm = 91.6999, GNorm = 0.2173, lr_0 = 8.0493e-04
Loss = 5.7351e-02, PNorm = 91.7157, GNorm = 0.2886, lr_0 = 8.0410e-04
Loss = 3.0191e-02, PNorm = 91.7412, GNorm = 0.1786, lr_0 = 8.0328e-04
Loss = 3.6866e-02, PNorm = 91.7601, GNorm = 0.1054, lr_0 = 8.0245e-04
Loss = 7.9196e-02, PNorm = 91.7665, GNorm = 0.1420, lr_0 = 8.0163e-04
Loss = 8.2220e-02, PNorm = 91.7610, GNorm = 0.3940, lr_0 = 8.0081e-04
Loss = 6.7018e-02, PNorm = 91.7804, GNorm = 0.2757, lr_0 = 7.9998e-04
Loss = 3.8751e-02, PNorm = 91.7977, GNorm = 0.1352, lr_0 = 7.9916e-04
Loss = 4.3509e-02, PNorm = 91.8058, GNorm = 0.1782, lr_0 = 7.9834e-04
Loss = 5.9367e-02, PNorm = 91.8086, GNorm = 0.2940, lr_0 = 7.9752e-04
Loss = 4.5281e-02, PNorm = 91.8233, GNorm = 0.1685, lr_0 = 7.9670e-04
Loss = 7.2076e-02, PNorm = 91.8256, GNorm = 0.2829, lr_0 = 7.9588e-04
Loss = 5.7601e-02, PNorm = 91.8310, GNorm = 0.3671, lr_0 = 7.9506e-04
Loss = 4.2742e-02, PNorm = 91.8529, GNorm = 0.6962, lr_0 = 7.9425e-04
Loss = 7.1204e-02, PNorm = 91.8539, GNorm = 0.6554, lr_0 = 7.9343e-04
Loss = 6.4502e-02, PNorm = 91.8517, GNorm = 0.4441, lr_0 = 7.9262e-04
Loss = 8.5538e-02, PNorm = 91.8620, GNorm = 1.1515, lr_0 = 7.9180e-04
Loss = 3.7167e-02, PNorm = 91.8811, GNorm = 0.4432, lr_0 = 7.9099e-04
Loss = 5.9289e-02, PNorm = 91.8872, GNorm = 0.2740, lr_0 = 7.9017e-04
Loss = 6.8115e-02, PNorm = 91.8888, GNorm = 0.3945, lr_0 = 7.8936e-04
Loss = 4.3364e-02, PNorm = 91.9049, GNorm = 1.3821, lr_0 = 7.8855e-04
Loss = 1.6004e-01, PNorm = 92.0853, GNorm = 0.4936, lr_0 = 7.8774e-04
Loss = 4.4668e-02, PNorm = 92.3866, GNorm = 0.3355, lr_0 = 7.8693e-04
Loss = 6.6716e-02, PNorm = 92.5282, GNorm = 0.1492, lr_0 = 7.8612e-04
Loss = 5.1066e-02, PNorm = 92.5815, GNorm = 0.2899, lr_0 = 7.8532e-04
Loss = 5.8298e-02, PNorm = 92.6073, GNorm = 0.5693, lr_0 = 7.8451e-04
Loss = 7.1234e-02, PNorm = 92.6214, GNorm = 0.5022, lr_0 = 7.8370e-04
Loss = 5.2859e-02, PNorm = 92.6354, GNorm = 0.4225, lr_0 = 7.8290e-04
Loss = 1.0627e-01, PNorm = 92.6468, GNorm = 1.9700, lr_0 = 7.8209e-04
Loss = 4.4609e-02, PNorm = 92.6535, GNorm = 0.5299, lr_0 = 7.8129e-04
Validation auc = 0.598608
Epoch 5
Loss = 5.9906e-02, PNorm = 92.6731, GNorm = 0.6966, lr_0 = 7.8049e-04
Loss = 5.7299e-02, PNorm = 92.6796, GNorm = 0.4905, lr_0 = 7.7969e-04
Loss = 4.9728e-02, PNorm = 92.6838, GNorm = 0.2761, lr_0 = 7.7888e-04
Loss = 4.0016e-02, PNorm = 92.6938, GNorm = 0.2434, lr_0 = 7.7808e-04
Loss = 1.9622e-02, PNorm = 92.7140, GNorm = 1.0269, lr_0 = 7.7729e-04
Loss = 7.3499e-02, PNorm = 92.7072, GNorm = 0.2171, lr_0 = 7.7649e-04
Loss = 5.1901e-02, PNorm = 92.7083, GNorm = 0.4203, lr_0 = 7.7569e-04
Loss = 4.7121e-02, PNorm = 92.7213, GNorm = 0.2320, lr_0 = 7.7489e-04
Loss = 1.9825e-02, PNorm = 92.7338, GNorm = 0.1645, lr_0 = 7.7410e-04
Loss = 7.7533e-02, PNorm = 92.7374, GNorm = 1.2476, lr_0 = 7.7330e-04
Loss = 5.2617e-02, PNorm = 92.7371, GNorm = 0.5984, lr_0 = 7.7251e-04
Loss = 6.2956e-02, PNorm = 92.7465, GNorm = 0.2569, lr_0 = 7.7171e-04
Loss = 5.0748e-02, PNorm = 92.7537, GNorm = 0.4777, lr_0 = 7.7092e-04
Loss = 7.3154e-02, PNorm = 92.7618, GNorm = 0.9409, lr_0 = 7.7013e-04
Loss = 6.2866e-02, PNorm = 92.7681, GNorm = 0.7951, lr_0 = 7.6934e-04
Loss = 7.7953e-02, PNorm = 92.7715, GNorm = 0.4548, lr_0 = 7.6855e-04
Loss = 3.7219e-02, PNorm = 92.7877, GNorm = 0.2000, lr_0 = 7.6776e-04
Loss = 9.9068e-02, PNorm = 92.7873, GNorm = 0.5675, lr_0 = 7.6697e-04
Loss = 5.1475e-02, PNorm = 92.7922, GNorm = 0.3756, lr_0 = 7.6618e-04
Loss = 3.0663e-02, PNorm = 92.8053, GNorm = 0.2134, lr_0 = 7.6539e-04
Loss = 5.4278e-02, PNorm = 92.8142, GNorm = 0.1440, lr_0 = 7.6461e-04
Loss = 7.6236e-02, PNorm = 92.8127, GNorm = 0.6909, lr_0 = 7.6382e-04
Loss = 5.4812e-02, PNorm = 92.8131, GNorm = 0.4368, lr_0 = 7.6304e-04
Loss = 3.7401e-02, PNorm = 92.8288, GNorm = 0.2021, lr_0 = 7.6225e-04
Loss = 4.9728e-02, PNorm = 92.8361, GNorm = 0.2143, lr_0 = 7.6147e-04
Loss = 3.0782e-02, PNorm = 92.8501, GNorm = 0.9166, lr_0 = 7.6069e-04
Loss = 3.8818e-02, PNorm = 92.8533, GNorm = 0.1925, lr_0 = 7.5990e-04
Loss = 5.6253e-02, PNorm = 92.8544, GNorm = 0.2609, lr_0 = 7.5912e-04
Loss = 6.6928e-02, PNorm = 92.8598, GNorm = 0.4736, lr_0 = 7.5834e-04
Loss = 6.4304e-02, PNorm = 92.8663, GNorm = 0.4563, lr_0 = 7.5756e-04
Loss = 5.2270e-02, PNorm = 92.8866, GNorm = 1.6418, lr_0 = 7.5679e-04
Loss = 8.1933e-02, PNorm = 92.8834, GNorm = 0.3894, lr_0 = 7.5601e-04
Loss = 6.5054e-02, PNorm = 92.8930, GNorm = 0.4426, lr_0 = 7.5523e-04
Loss = 5.7751e-02, PNorm = 92.9078, GNorm = 0.3183, lr_0 = 7.5446e-04
Loss = 6.1747e-02, PNorm = 92.9176, GNorm = 0.3195, lr_0 = 7.5368e-04
Loss = 4.5879e-02, PNorm = 92.9358, GNorm = 0.1261, lr_0 = 7.5291e-04
Loss = 4.4114e-02, PNorm = 92.9444, GNorm = 0.2002, lr_0 = 7.5213e-04
Loss = 3.1661e-02, PNorm = 92.9567, GNorm = 0.2024, lr_0 = 7.5136e-04
Loss = 5.9494e-02, PNorm = 92.9623, GNorm = 0.2961, lr_0 = 7.5059e-04
Loss = 6.2493e-02, PNorm = 92.9714, GNorm = 0.3478, lr_0 = 7.4982e-04
Loss = 6.9013e-02, PNorm = 92.9844, GNorm = 0.3126, lr_0 = 7.4905e-04
Loss = 1.8129e-02, PNorm = 93.0048, GNorm = 0.4386, lr_0 = 7.4828e-04
Loss = 5.4034e-02, PNorm = 93.0098, GNorm = 0.1529, lr_0 = 7.4751e-04
Loss = 2.6711e-02, PNorm = 93.0179, GNorm = 0.1659, lr_0 = 7.4674e-04
Loss = 3.7002e-02, PNorm = 93.0255, GNorm = 0.2280, lr_0 = 7.4597e-04
Loss = 3.4451e-02, PNorm = 93.0340, GNorm = 0.1914, lr_0 = 7.4521e-04
Loss = 2.0962e-02, PNorm = 93.0474, GNorm = 0.1012, lr_0 = 7.4444e-04
Loss = 2.3321e-02, PNorm = 93.0593, GNorm = 0.0663, lr_0 = 7.4368e-04
Loss = 3.5037e-02, PNorm = 93.0616, GNorm = 0.1358, lr_0 = 7.4291e-04
Loss = 7.6164e-02, PNorm = 93.0579, GNorm = 0.4374, lr_0 = 7.4215e-04
Loss = 5.1963e-02, PNorm = 93.0747, GNorm = 0.5409, lr_0 = 7.4139e-04
Loss = 7.8048e-02, PNorm = 93.0822, GNorm = 0.3798, lr_0 = 7.4062e-04
Loss = 6.6856e-02, PNorm = 93.0930, GNorm = 0.4552, lr_0 = 7.3986e-04
Loss = 7.5924e-02, PNorm = 93.1108, GNorm = 0.5217, lr_0 = 7.3910e-04
Loss = 4.2545e-02, PNorm = 93.1275, GNorm = 0.8446, lr_0 = 7.3834e-04
Loss = 3.9483e-02, PNorm = 93.1415, GNorm = 0.7743, lr_0 = 7.3759e-04
Loss = 6.6102e-02, PNorm = 93.1412, GNorm = 0.5782, lr_0 = 7.3683e-04
Loss = 6.0893e-02, PNorm = 93.1531, GNorm = 0.4839, lr_0 = 7.3607e-04
Loss = 5.1305e-02, PNorm = 93.1633, GNorm = 0.2982, lr_0 = 7.3531e-04
Loss = 7.9498e-02, PNorm = 93.1712, GNorm = 0.3845, lr_0 = 7.3456e-04
Loss = 5.9385e-02, PNorm = 93.1883, GNorm = 0.5701, lr_0 = 7.3380e-04
Loss = 4.9105e-02, PNorm = 93.2046, GNorm = 0.1915, lr_0 = 7.3305e-04
Loss = 1.6252e-02, PNorm = 93.2247, GNorm = 0.0795, lr_0 = 7.3230e-04
Loss = 1.1564e-01, PNorm = 93.2156, GNorm = 0.4846, lr_0 = 7.3155e-04
Loss = 5.3704e-02, PNorm = 93.2317, GNorm = 0.5106, lr_0 = 7.3079e-04
Loss = 4.7050e-02, PNorm = 93.2610, GNorm = 0.7170, lr_0 = 7.3004e-04
Loss = 1.0170e-01, PNorm = 93.2641, GNorm = 1.2333, lr_0 = 7.2929e-04
Loss = 8.8509e-02, PNorm = 93.2720, GNorm = 0.3774, lr_0 = 7.2854e-04
Loss = 8.7018e-02, PNorm = 93.2939, GNorm = 0.3491, lr_0 = 7.2779e-04
Loss = 4.8201e-02, PNorm = 93.3238, GNorm = 0.6739, lr_0 = 7.2705e-04
Loss = 6.7185e-02, PNorm = 93.3374, GNorm = 0.3182, lr_0 = 7.2630e-04
Loss = 1.0448e-01, PNorm = 93.3424, GNorm = 0.6570, lr_0 = 7.2555e-04
Loss = 2.6702e-02, PNorm = 93.3752, GNorm = 0.1897, lr_0 = 7.2481e-04
Loss = 9.1305e-02, PNorm = 93.3852, GNorm = 0.5702, lr_0 = 7.2406e-04
Loss = 8.9912e-03, PNorm = 93.4014, GNorm = 0.1925, lr_0 = 7.2332e-04
Loss = 6.1512e-02, PNorm = 93.4081, GNorm = 0.7100, lr_0 = 7.2258e-04
Loss = 5.0068e-02, PNorm = 93.4132, GNorm = 1.0518, lr_0 = 7.2183e-04
Loss = 4.7955e-02, PNorm = 93.4197, GNorm = 0.3532, lr_0 = 7.2109e-04
Loss = 3.5840e-02, PNorm = 93.4323, GNorm = 0.5943, lr_0 = 7.2035e-04
Loss = 5.4197e-02, PNorm = 93.4393, GNorm = 0.6997, lr_0 = 7.1961e-04
Validation auc = 0.603408
Epoch 6
Loss = 2.7489e-02, PNorm = 93.4464, GNorm = 0.2365, lr_0 = 7.1887e-04
Loss = 6.1540e-02, PNorm = 93.4506, GNorm = 0.2702, lr_0 = 7.1813e-04
Loss = 4.7350e-02, PNorm = 93.4623, GNorm = 0.2809, lr_0 = 7.1740e-04
Loss = 3.1334e-02, PNorm = 93.4814, GNorm = 0.8222, lr_0 = 7.1666e-04
Loss = 6.0899e-02, PNorm = 93.4845, GNorm = 0.1614, lr_0 = 7.1592e-04
Loss = 8.5797e-02, PNorm = 93.4872, GNorm = 0.9675, lr_0 = 7.1519e-04
Loss = 4.0297e-02, PNorm = 93.4977, GNorm = 0.2920, lr_0 = 7.1445e-04
Loss = 8.1683e-02, PNorm = 93.5068, GNorm = 0.3830, lr_0 = 7.1372e-04
Loss = 3.1451e-02, PNorm = 93.5250, GNorm = 0.1871, lr_0 = 7.1298e-04
Loss = 4.7356e-02, PNorm = 93.5365, GNorm = 0.0995, lr_0 = 7.1225e-04
Loss = 6.1518e-02, PNorm = 93.5406, GNorm = 0.2710, lr_0 = 7.1152e-04
Loss = 7.1886e-02, PNorm = 93.5466, GNorm = 0.3928, lr_0 = 7.1079e-04
Loss = 5.6065e-02, PNorm = 93.5666, GNorm = 0.4470, lr_0 = 7.1006e-04
Loss = 4.5153e-02, PNorm = 93.5779, GNorm = 0.2862, lr_0 = 7.0933e-04
Loss = 3.7319e-02, PNorm = 93.5951, GNorm = 0.1628, lr_0 = 7.0860e-04
Loss = 4.4924e-02, PNorm = 93.6082, GNorm = 0.1295, lr_0 = 7.0787e-04
Loss = 5.3519e-02, PNorm = 93.6214, GNorm = 0.2586, lr_0 = 7.0715e-04
Loss = 7.1355e-02, PNorm = 93.6344, GNorm = 0.3665, lr_0 = 7.0642e-04
Loss = 6.3113e-02, PNorm = 93.6467, GNorm = 0.3158, lr_0 = 7.0569e-04
Loss = 3.2629e-02, PNorm = 93.6623, GNorm = 0.2706, lr_0 = 7.0497e-04
Loss = 8.1852e-02, PNorm = 93.6713, GNorm = 1.1031, lr_0 = 7.0424e-04
Loss = 3.5316e-02, PNorm = 93.6797, GNorm = 0.5160, lr_0 = 7.0352e-04
Loss = 4.0118e-02, PNorm = 93.6853, GNorm = 0.2276, lr_0 = 7.0280e-04
Loss = 7.6125e-02, PNorm = 93.6903, GNorm = 0.5270, lr_0 = 7.0208e-04
Loss = 6.9321e-02, PNorm = 93.7016, GNorm = 0.4041, lr_0 = 7.0135e-04
Loss = 9.2796e-02, PNorm = 93.7118, GNorm = 0.4987, lr_0 = 7.0063e-04
Loss = 4.0956e-02, PNorm = 93.7268, GNorm = 0.2608, lr_0 = 6.9991e-04
Loss = 4.5562e-02, PNorm = 93.7447, GNorm = 0.9615, lr_0 = 6.9919e-04
Loss = 3.8894e-02, PNorm = 93.7507, GNorm = 0.7737, lr_0 = 6.9848e-04
Loss = 5.1229e-02, PNorm = 93.7498, GNorm = 0.5909, lr_0 = 6.9776e-04
Loss = 5.6509e-02, PNorm = 93.7518, GNorm = 0.3591, lr_0 = 6.9704e-04
Loss = 6.3328e-02, PNorm = 93.7637, GNorm = 0.3254, lr_0 = 6.9633e-04
Loss = 6.4471e-02, PNorm = 93.7781, GNorm = 1.1561, lr_0 = 6.9561e-04
Loss = 5.7479e-02, PNorm = 93.7759, GNorm = 0.3307, lr_0 = 6.9490e-04
Loss = 6.7182e-02, PNorm = 93.7856, GNorm = 0.4018, lr_0 = 6.9418e-04
Loss = 9.9700e-02, PNorm = 93.7921, GNorm = 0.4447, lr_0 = 6.9347e-04
Loss = 4.0200e-02, PNorm = 93.8092, GNorm = 0.2478, lr_0 = 6.9276e-04
Loss = 4.6864e-02, PNorm = 93.8203, GNorm = 0.1664, lr_0 = 6.9204e-04
Loss = 5.3131e-02, PNorm = 93.8283, GNorm = 0.1692, lr_0 = 6.9133e-04
Loss = 6.7673e-02, PNorm = 93.8313, GNorm = 0.6811, lr_0 = 6.9062e-04
Loss = 6.5977e-02, PNorm = 93.8313, GNorm = 0.4508, lr_0 = 6.8991e-04
Loss = 5.7097e-02, PNorm = 93.8416, GNorm = 0.3193, lr_0 = 6.8920e-04
Loss = 5.8511e-02, PNorm = 93.8507, GNorm = 0.2382, lr_0 = 6.8850e-04
Loss = 3.4541e-02, PNorm = 93.8632, GNorm = 0.5663, lr_0 = 6.8779e-04
Loss = 3.3861e-02, PNorm = 93.8716, GNorm = 0.1651, lr_0 = 6.8708e-04
Loss = 8.0441e-02, PNorm = 93.8725, GNorm = 0.5195, lr_0 = 6.8638e-04
Loss = 9.0014e-02, PNorm = 93.8706, GNorm = 0.4628, lr_0 = 6.8567e-04
Loss = 6.4999e-02, PNorm = 93.8828, GNorm = 0.4203, lr_0 = 6.8497e-04
Loss = 4.9935e-02, PNorm = 93.9033, GNorm = 0.2177, lr_0 = 6.8426e-04
Loss = 2.9305e-02, PNorm = 93.9258, GNorm = 0.8825, lr_0 = 6.8356e-04
Loss = 5.0063e-02, PNorm = 93.9304, GNorm = 0.1594, lr_0 = 6.8286e-04
Loss = 2.5274e-02, PNorm = 93.9428, GNorm = 0.1883, lr_0 = 6.8216e-04
Loss = 5.4240e-02, PNorm = 93.9544, GNorm = 0.1805, lr_0 = 6.8146e-04
Loss = 3.0188e-02, PNorm = 93.9588, GNorm = 0.2000, lr_0 = 6.8076e-04
Loss = 2.6049e-02, PNorm = 93.9725, GNorm = 0.1287, lr_0 = 6.8006e-04
Loss = 7.7338e-02, PNorm = 93.9711, GNorm = 0.2281, lr_0 = 6.7936e-04
Loss = 6.3698e-02, PNorm = 93.9795, GNorm = 0.4876, lr_0 = 6.7866e-04
Loss = 3.6110e-02, PNorm = 94.0025, GNorm = 0.8066, lr_0 = 6.7796e-04
Loss = 4.7401e-02, PNorm = 94.0158, GNorm = 0.7638, lr_0 = 6.7727e-04
Loss = 5.2100e-02, PNorm = 94.0151, GNorm = 0.2852, lr_0 = 6.7657e-04
Loss = 6.6566e-02, PNorm = 94.0224, GNorm = 0.4581, lr_0 = 6.7587e-04
Loss = 4.0044e-02, PNorm = 94.0359, GNorm = 0.2518, lr_0 = 6.7518e-04
Loss = 4.5795e-02, PNorm = 94.0445, GNorm = 0.2437, lr_0 = 6.7449e-04
Loss = 2.7163e-02, PNorm = 94.0650, GNorm = 0.0691, lr_0 = 6.7379e-04
Loss = 1.7152e-01, PNorm = 94.1442, GNorm = 0.9853, lr_0 = 6.7310e-04
Loss = 8.1962e-02, PNorm = 94.4945, GNorm = 0.9837, lr_0 = 6.7241e-04
Loss = 3.7921e-02, PNorm = 94.7176, GNorm = 0.1584, lr_0 = 6.7172e-04
Loss = 8.1707e-02, PNorm = 94.8097, GNorm = 0.4067, lr_0 = 6.7103e-04
Loss = 3.3919e-02, PNorm = 94.8619, GNorm = 0.2413, lr_0 = 6.7034e-04
Loss = 7.5135e-02, PNorm = 94.8859, GNorm = 0.7006, lr_0 = 6.6965e-04
Loss = 5.4721e-02, PNorm = 94.8988, GNorm = 0.3761, lr_0 = 6.6896e-04
Loss = 9.0757e-02, PNorm = 94.9086, GNorm = 0.3799, lr_0 = 6.6828e-04
Loss = 5.8169e-02, PNorm = 94.9200, GNorm = 0.6572, lr_0 = 6.6759e-04
Loss = 6.7613e-02, PNorm = 94.9311, GNorm = 0.7469, lr_0 = 6.6690e-04
Loss = 7.3942e-02, PNorm = 94.9370, GNorm = 0.5038, lr_0 = 6.6622e-04
Loss = 2.3193e-02, PNorm = 94.9538, GNorm = 0.2074, lr_0 = 6.6553e-04
Loss = 7.6773e-02, PNorm = 94.9610, GNorm = 0.7792, lr_0 = 6.6485e-04
Loss = 1.8843e-02, PNorm = 94.9678, GNorm = 0.1622, lr_0 = 6.6417e-04
Loss = 5.6467e-02, PNorm = 94.9716, GNorm = 0.1660, lr_0 = 6.6348e-04
Loss = 2.3153e-02, PNorm = 94.9787, GNorm = 0.1662, lr_0 = 6.6280e-04
Validation auc = 0.607292
Epoch 7
Loss = 6.7150e-02, PNorm = 94.9803, GNorm = 0.2409, lr_0 = 6.6212e-04
Loss = 9.0455e-03, PNorm = 94.9917, GNorm = 0.1984, lr_0 = 6.6144e-04
Loss = 2.6089e-02, PNorm = 95.0040, GNorm = 0.0974, lr_0 = 6.6076e-04
Loss = 2.7096e-03, PNorm = 95.0147, GNorm = 0.0587, lr_0 = 6.6008e-04
Loss = 6.8855e-02, PNorm = 95.0087, GNorm = 0.1438, lr_0 = 6.5940e-04
Loss = 5.9966e-02, PNorm = 95.0071, GNorm = 0.3714, lr_0 = 6.5873e-04
Loss = 8.1409e-02, PNorm = 95.0133, GNorm = 0.5049, lr_0 = 6.5805e-04
Loss = 7.1907e-02, PNorm = 95.0291, GNorm = 1.2213, lr_0 = 6.5737e-04
Loss = 9.0347e-03, PNorm = 95.0505, GNorm = 0.1615, lr_0 = 6.5670e-04
Loss = 4.2003e-02, PNorm = 95.0602, GNorm = 0.0688, lr_0 = 6.5602e-04
Loss = 1.9871e-02, PNorm = 95.0647, GNorm = 0.1164, lr_0 = 6.5535e-04
Loss = 7.6399e-02, PNorm = 95.0598, GNorm = 0.2443, lr_0 = 6.5468e-04
Loss = 2.9907e-02, PNorm = 95.0641, GNorm = 0.3382, lr_0 = 6.5400e-04
Loss = 3.8684e-02, PNorm = 95.0788, GNorm = 0.1609, lr_0 = 6.5333e-04
Loss = 6.3598e-02, PNorm = 95.0877, GNorm = 0.7967, lr_0 = 6.5266e-04
Loss = 4.6592e-02, PNorm = 95.0937, GNorm = 0.8996, lr_0 = 6.5199e-04
Loss = 4.6655e-02, PNorm = 95.0997, GNorm = 0.3379, lr_0 = 6.5132e-04
Loss = 9.6524e-02, PNorm = 95.1050, GNorm = 0.4616, lr_0 = 6.5065e-04
Loss = 7.7579e-02, PNorm = 95.1171, GNorm = 0.4202, lr_0 = 6.4998e-04
Loss = 5.1510e-02, PNorm = 95.1270, GNorm = 0.4038, lr_0 = 6.4931e-04
Loss = 6.8564e-02, PNorm = 95.1377, GNorm = 0.2280, lr_0 = 6.4865e-04
Loss = 7.0977e-02, PNorm = 95.1400, GNorm = 0.5081, lr_0 = 6.4798e-04
Loss = 5.0103e-02, PNorm = 95.1521, GNorm = 0.4500, lr_0 = 6.4732e-04
Loss = 5.6384e-02, PNorm = 95.1690, GNorm = 1.2278, lr_0 = 6.4665e-04
Loss = 7.0198e-02, PNorm = 95.1735, GNorm = 1.0137, lr_0 = 6.4599e-04
Loss = 7.6688e-02, PNorm = 95.1825, GNorm = 0.3986, lr_0 = 6.4532e-04
Loss = 2.1916e-02, PNorm = 95.2090, GNorm = 0.3794, lr_0 = 6.4466e-04
Loss = 5.6278e-02, PNorm = 95.2219, GNorm = 0.1256, lr_0 = 6.4400e-04
Loss = 7.4007e-02, PNorm = 95.2299, GNorm = 0.1661, lr_0 = 6.4334e-04
Loss = 5.3852e-02, PNorm = 95.2342, GNorm = 0.4538, lr_0 = 6.4267e-04
Loss = 4.5477e-02, PNorm = 95.2606, GNorm = 0.2886, lr_0 = 6.4201e-04
Loss = 5.6757e-02, PNorm = 95.2865, GNorm = 0.2028, lr_0 = 6.4135e-04
Loss = 4.5344e-02, PNorm = 95.3034, GNorm = 0.2585, lr_0 = 6.4070e-04
Loss = 1.9073e-02, PNorm = 95.3352, GNorm = 0.1221, lr_0 = 6.4004e-04
Loss = 9.9270e-02, PNorm = 95.3394, GNorm = 0.5283, lr_0 = 6.3938e-04
Loss = 3.1745e-02, PNorm = 95.3599, GNorm = 0.3535, lr_0 = 6.3872e-04
Loss = 3.1989e-02, PNorm = 95.3826, GNorm = 0.1125, lr_0 = 6.3807e-04
Loss = 4.4137e-02, PNorm = 95.3959, GNorm = 1.0411, lr_0 = 6.3741e-04
Loss = 5.6133e-02, PNorm = 95.3940, GNorm = 0.2413, lr_0 = 6.3676e-04
Loss = 5.6196e-02, PNorm = 95.3983, GNorm = 0.3092, lr_0 = 6.3610e-04
Loss = 5.6845e-02, PNorm = 95.4135, GNorm = 1.1501, lr_0 = 6.3545e-04
Loss = 6.6333e-02, PNorm = 95.4291, GNorm = 1.7291, lr_0 = 6.3480e-04
Loss = 4.1696e-02, PNorm = 95.4491, GNorm = 0.3142, lr_0 = 6.3414e-04
Loss = 6.8046e-02, PNorm = 95.4655, GNorm = 0.3820, lr_0 = 6.3349e-04
Loss = 9.1377e-02, PNorm = 95.4876, GNorm = 0.4399, lr_0 = 6.3284e-04
Loss = 6.0216e-02, PNorm = 95.5122, GNorm = 0.4270, lr_0 = 6.3219e-04
Loss = 4.7906e-02, PNorm = 95.5402, GNorm = 0.2537, lr_0 = 6.3154e-04
Loss = 4.8376e-03, PNorm = 95.5645, GNorm = 0.0840, lr_0 = 6.3089e-04
Loss = 5.2755e-02, PNorm = 95.5777, GNorm = 0.7480, lr_0 = 6.3024e-04
Loss = 4.3817e-02, PNorm = 95.5719, GNorm = 0.1951, lr_0 = 6.2960e-04
Loss = 3.3900e-02, PNorm = 95.5861, GNorm = 0.2153, lr_0 = 6.2895e-04
Loss = 3.1498e-02, PNorm = 95.6077, GNorm = 0.2367, lr_0 = 6.2830e-04
Loss = 1.0114e-01, PNorm = 95.6189, GNorm = 1.1176, lr_0 = 6.2766e-04
Loss = 3.0252e-02, PNorm = 95.6614, GNorm = 0.2800, lr_0 = 6.2701e-04
Loss = 9.9449e-02, PNorm = 95.6942, GNorm = 0.4072, lr_0 = 6.2637e-04
Loss = 9.8563e-02, PNorm = 95.7652, GNorm = 0.6643, lr_0 = 6.2573e-04
Loss = 8.2705e-02, PNorm = 95.8754, GNorm = 0.3426, lr_0 = 6.2508e-04
Loss = 6.6897e-02, PNorm = 95.9302, GNorm = 0.2891, lr_0 = 6.2444e-04
Loss = 5.4124e-02, PNorm = 95.9567, GNorm = 0.7814, lr_0 = 6.2380e-04
Loss = 5.3624e-02, PNorm = 95.9762, GNorm = 0.2121, lr_0 = 6.2316e-04
Loss = 6.3728e-02, PNorm = 95.9857, GNorm = 0.4453, lr_0 = 6.2252e-04
Loss = 4.7539e-02, PNorm = 96.0007, GNorm = 0.7064, lr_0 = 6.2188e-04
Loss = 8.3631e-02, PNorm = 96.0069, GNorm = 1.1362, lr_0 = 6.2124e-04
Loss = 4.4758e-02, PNorm = 96.0209, GNorm = 0.3294, lr_0 = 6.2060e-04
Loss = 6.6870e-02, PNorm = 96.0336, GNorm = 0.6535, lr_0 = 6.1996e-04
Loss = 1.3861e-02, PNorm = 96.0455, GNorm = 0.2046, lr_0 = 6.1933e-04
Loss = 4.8125e-02, PNorm = 96.0564, GNorm = 0.1011, lr_0 = 6.1869e-04
Loss = 5.9319e-02, PNorm = 96.0573, GNorm = 0.6828, lr_0 = 6.1805e-04
Loss = 6.5228e-02, PNorm = 96.0616, GNorm = 0.3484, lr_0 = 6.1742e-04
Loss = 5.1710e-02, PNorm = 96.0745, GNorm = 0.3414, lr_0 = 6.1679e-04
Loss = 5.8644e-02, PNorm = 96.0895, GNorm = 0.7875, lr_0 = 6.1615e-04
Loss = 6.8902e-02, PNorm = 96.0960, GNorm = 0.4984, lr_0 = 6.1552e-04
Loss = 5.8753e-02, PNorm = 96.1026, GNorm = 0.5724, lr_0 = 6.1489e-04
Loss = 7.2204e-02, PNorm = 96.1103, GNorm = 0.9425, lr_0 = 6.1425e-04
Loss = 6.5645e-02, PNorm = 96.1231, GNorm = 0.5104, lr_0 = 6.1362e-04
Loss = 4.2129e-02, PNorm = 96.1408, GNorm = 0.2605, lr_0 = 6.1299e-04
Loss = 6.2864e-02, PNorm = 96.1521, GNorm = 0.1709, lr_0 = 6.1236e-04
Loss = 6.3329e-02, PNorm = 96.1571, GNorm = 0.2886, lr_0 = 6.1173e-04
Loss = 4.6682e-02, PNorm = 96.1691, GNorm = 0.4710, lr_0 = 6.1111e-04
Loss = 4.3574e-02, PNorm = 96.1879, GNorm = 0.5327, lr_0 = 6.1048e-04
Validation auc = 0.593584
Epoch 8
Loss = 6.6345e-02, PNorm = 96.1983, GNorm = 0.3108, lr_0 = 6.0985e-04
Loss = 4.7087e-02, PNorm = 96.2190, GNorm = 0.3544, lr_0 = 6.0922e-04
Loss = 1.6383e-02, PNorm = 96.2523, GNorm = 0.1023, lr_0 = 6.0860e-04
Loss = 7.5141e-02, PNorm = 96.2586, GNorm = 0.2510, lr_0 = 6.0797e-04
Loss = 1.0644e-01, PNorm = 96.2646, GNorm = 0.5124, lr_0 = 6.0735e-04
Loss = 5.2947e-02, PNorm = 96.2964, GNorm = 0.8855, lr_0 = 6.0672e-04
Loss = 3.9905e-02, PNorm = 96.3216, GNorm = 0.6433, lr_0 = 6.0610e-04
Loss = 3.8906e-02, PNorm = 96.3329, GNorm = 0.1578, lr_0 = 6.0548e-04
Loss = 6.5169e-02, PNorm = 96.3411, GNorm = 0.3084, lr_0 = 6.0486e-04
Loss = 8.2501e-02, PNorm = 96.3543, GNorm = 0.8638, lr_0 = 6.0423e-04
Loss = 1.3604e-02, PNorm = 96.3804, GNorm = 0.2985, lr_0 = 6.0361e-04
Loss = 4.9905e-02, PNorm = 96.4048, GNorm = 0.7298, lr_0 = 6.0299e-04
Loss = 5.2029e-02, PNorm = 96.4128, GNorm = 0.1555, lr_0 = 6.0237e-04
Loss = 3.6995e-02, PNorm = 96.4276, GNorm = 0.2244, lr_0 = 6.0175e-04
Loss = 3.0276e-02, PNorm = 96.4525, GNorm = 0.2154, lr_0 = 6.0114e-04
Loss = 7.3502e-02, PNorm = 96.4722, GNorm = 0.8533, lr_0 = 6.0052e-04
Loss = 8.5061e-02, PNorm = 96.4826, GNorm = 2.2349, lr_0 = 5.9990e-04
Loss = 5.1343e-02, PNorm = 96.5446, GNorm = 0.4713, lr_0 = 5.9929e-04
Loss = 3.2241e-02, PNorm = 96.6055, GNorm = 0.6517, lr_0 = 5.9867e-04
Loss = 4.2819e-02, PNorm = 96.6366, GNorm = 0.1622, lr_0 = 5.9805e-04
Loss = 9.8248e-02, PNorm = 96.6415, GNorm = 0.4865, lr_0 = 5.9744e-04
Loss = 5.9024e-02, PNorm = 96.6509, GNorm = 1.4033, lr_0 = 5.9683e-04
Loss = 3.8395e-02, PNorm = 96.6662, GNorm = 0.2145, lr_0 = 5.9621e-04
Loss = 7.9991e-02, PNorm = 96.6676, GNorm = 0.3433, lr_0 = 5.9560e-04
Loss = 9.8245e-03, PNorm = 96.6856, GNorm = 0.1844, lr_0 = 5.9499e-04
Loss = 6.7784e-02, PNorm = 96.6930, GNorm = 0.6665, lr_0 = 5.9438e-04
Loss = 4.9847e-02, PNorm = 96.6956, GNorm = 0.2873, lr_0 = 5.9377e-04
Loss = 7.2327e-02, PNorm = 96.7066, GNorm = 0.6717, lr_0 = 5.9316e-04
Loss = 8.3479e-02, PNorm = 96.7157, GNorm = 0.9124, lr_0 = 5.9255e-04
Loss = 5.5909e-02, PNorm = 96.7270, GNorm = 0.3611, lr_0 = 5.9194e-04
Loss = 5.7059e-02, PNorm = 96.7417, GNorm = 0.3253, lr_0 = 5.9133e-04
Loss = 4.0771e-02, PNorm = 96.7606, GNorm = 0.1383, lr_0 = 5.9072e-04
Loss = 7.7826e-02, PNorm = 96.7675, GNorm = 0.7293, lr_0 = 5.9012e-04
Loss = 6.3363e-02, PNorm = 96.7803, GNorm = 0.4591, lr_0 = 5.8951e-04
Loss = 5.2373e-02, PNorm = 96.8161, GNorm = 0.6994, lr_0 = 5.8890e-04
Loss = 8.2289e-02, PNorm = 96.8783, GNorm = 1.4680, lr_0 = 5.8830e-04
Loss = 2.8665e-02, PNorm = 97.0854, GNorm = 0.4431, lr_0 = 5.8769e-04
Loss = 6.5513e-02, PNorm = 97.2393, GNorm = 0.7126, lr_0 = 5.8709e-04
Loss = 8.2089e-02, PNorm = 97.3178, GNorm = 0.6326, lr_0 = 5.8649e-04
Loss = 3.9632e-02, PNorm = 97.3770, GNorm = 0.2122, lr_0 = 5.8589e-04
Loss = 3.1053e-02, PNorm = 97.4152, GNorm = 0.0777, lr_0 = 5.8528e-04
Loss = 2.9737e-02, PNorm = 97.4330, GNorm = 0.0742, lr_0 = 5.8468e-04
Loss = 6.4897e-02, PNorm = 97.4330, GNorm = 0.7601, lr_0 = 5.8408e-04
Loss = 4.2428e-02, PNorm = 97.4454, GNorm = 0.3111, lr_0 = 5.8348e-04
Loss = 5.6723e-02, PNorm = 97.4593, GNorm = 0.7970, lr_0 = 5.8288e-04
Loss = 7.0685e-02, PNorm = 97.4654, GNorm = 0.4570, lr_0 = 5.8228e-04
Loss = 6.2868e-02, PNorm = 97.4846, GNorm = 0.4269, lr_0 = 5.8168e-04
Loss = 6.2799e-02, PNorm = 97.5035, GNorm = 1.5341, lr_0 = 5.8109e-04
Loss = 3.8222e-02, PNorm = 97.5134, GNorm = 0.2313, lr_0 = 5.8049e-04
Loss = 4.8185e-02, PNorm = 97.5261, GNorm = 0.3121, lr_0 = 5.7989e-04
Loss = 6.5867e-02, PNorm = 97.5394, GNorm = 0.4131, lr_0 = 5.7930e-04
Loss = 4.0627e-02, PNorm = 97.5579, GNorm = 0.3403, lr_0 = 5.7870e-04
Loss = 4.3974e-02, PNorm = 97.5769, GNorm = 0.2229, lr_0 = 5.7811e-04
Loss = 5.3738e-02, PNorm = 97.5872, GNorm = 0.2027, lr_0 = 5.7751e-04
Loss = 4.0617e-02, PNorm = 97.5957, GNorm = 0.7772, lr_0 = 5.7692e-04
Loss = 1.9411e-02, PNorm = 97.6144, GNorm = 0.2207, lr_0 = 5.7633e-04
Loss = 9.6961e-02, PNorm = 97.6200, GNorm = 0.2823, lr_0 = 5.7574e-04
Loss = 9.0486e-02, PNorm = 97.6293, GNorm = 0.7018, lr_0 = 5.7514e-04
Loss = 5.4005e-02, PNorm = 97.6522, GNorm = 0.5345, lr_0 = 5.7455e-04
Loss = 6.9622e-02, PNorm = 97.6784, GNorm = 0.1302, lr_0 = 5.7396e-04
Loss = 8.3870e-02, PNorm = 97.6800, GNorm = 1.5664, lr_0 = 5.7337e-04
Loss = 4.8123e-02, PNorm = 97.6954, GNorm = 0.3788, lr_0 = 5.7278e-04
Loss = 7.9563e-02, PNorm = 97.7015, GNorm = 0.4976, lr_0 = 5.7220e-04
Loss = 5.2689e-02, PNorm = 97.7220, GNorm = 0.3203, lr_0 = 5.7161e-04
Loss = 1.0217e-01, PNorm = 97.7284, GNorm = 0.4600, lr_0 = 5.7102e-04
Loss = 2.9033e-02, PNorm = 97.7496, GNorm = 0.5021, lr_0 = 5.7043e-04
Loss = 4.3094e-02, PNorm = 97.7701, GNorm = 0.1488, lr_0 = 5.6985e-04
Loss = 8.1655e-02, PNorm = 97.7697, GNorm = 0.4944, lr_0 = 5.6926e-04
Loss = 4.2791e-02, PNorm = 97.7867, GNorm = 0.3881, lr_0 = 5.6868e-04
Loss = 3.1522e-02, PNorm = 97.8096, GNorm = 0.1083, lr_0 = 5.6809e-04
Loss = 4.1636e-02, PNorm = 97.8120, GNorm = 0.1417, lr_0 = 5.6751e-04
Loss = 8.0505e-02, PNorm = 97.8131, GNorm = 0.7688, lr_0 = 5.6693e-04
Loss = 6.6005e-02, PNorm = 97.8155, GNorm = 0.5085, lr_0 = 5.6634e-04
Loss = 2.8772e-02, PNorm = 97.8349, GNorm = 0.2506, lr_0 = 5.6576e-04
Loss = 6.5574e-02, PNorm = 97.8459, GNorm = 0.1276, lr_0 = 5.6518e-04
Loss = 3.6527e-02, PNorm = 97.8487, GNorm = 0.3176, lr_0 = 5.6460e-04
Loss = 3.8217e-02, PNorm = 97.8615, GNorm = 0.8103, lr_0 = 5.6402e-04
Loss = 5.5634e-02, PNorm = 97.8657, GNorm = 0.2888, lr_0 = 5.6344e-04
Loss = 5.8249e-02, PNorm = 97.8768, GNorm = 0.4358, lr_0 = 5.6286e-04
Loss = 6.4510e-02, PNorm = 97.8891, GNorm = 0.2803, lr_0 = 5.6228e-04
Validation auc = 0.617421
Epoch 9
Loss = 6.9650e-02, PNorm = 97.9020, GNorm = 0.3633, lr_0 = 5.6171e-04
Loss = 3.5218e-02, PNorm = 97.9215, GNorm = 0.2235, lr_0 = 5.6113e-04
Loss = 6.3466e-02, PNorm = 97.9336, GNorm = 0.2668, lr_0 = 5.6055e-04
Loss = 1.0513e-01, PNorm = 97.9478, GNorm = 1.1741, lr_0 = 5.5998e-04
Loss = 4.4826e-02, PNorm = 97.9722, GNorm = 0.3159, lr_0 = 5.5940e-04
Loss = 5.4331e-02, PNorm = 97.9911, GNorm = 0.3919, lr_0 = 5.5883e-04
Loss = 7.9135e-02, PNorm = 98.0048, GNorm = 0.2802, lr_0 = 5.5825e-04
Loss = 5.8837e-02, PNorm = 98.0160, GNorm = 0.4389, lr_0 = 5.5768e-04
Loss = 6.2463e-02, PNorm = 98.0374, GNorm = 0.7772, lr_0 = 5.5711e-04
Loss = 8.5091e-02, PNorm = 98.0464, GNorm = 0.3715, lr_0 = 5.5653e-04
Loss = 9.8722e-02, PNorm = 98.0529, GNorm = 0.7680, lr_0 = 5.5596e-04
Loss = 5.0988e-02, PNorm = 98.0795, GNorm = 0.3063, lr_0 = 5.5539e-04
Loss = 6.8596e-02, PNorm = 98.0987, GNorm = 2.0967, lr_0 = 5.5482e-04
Loss = 9.3100e-02, PNorm = 98.0933, GNorm = 0.6825, lr_0 = 5.5425e-04
Loss = 5.6681e-02, PNorm = 98.1175, GNorm = 0.5189, lr_0 = 5.5368e-04
Loss = 4.8403e-02, PNorm = 98.1450, GNorm = 1.4490, lr_0 = 5.5311e-04
Loss = 3.3331e-02, PNorm = 98.1544, GNorm = 0.1633, lr_0 = 5.5254e-04
Loss = 4.2787e-02, PNorm = 98.1614, GNorm = 0.2104, lr_0 = 5.5198e-04
Loss = 9.7465e-02, PNorm = 98.1628, GNorm = 0.4264, lr_0 = 5.5141e-04
Loss = 5.2561e-02, PNorm = 98.1790, GNorm = 0.3730, lr_0 = 5.5084e-04
Loss = 6.2618e-02, PNorm = 98.2033, GNorm = 0.3102, lr_0 = 5.5028e-04
Loss = 3.9863e-02, PNorm = 98.2275, GNorm = 0.5877, lr_0 = 5.4971e-04
Loss = 4.7883e-02, PNorm = 98.2540, GNorm = 1.0832, lr_0 = 5.4915e-04
Loss = 7.3290e-02, PNorm = 98.2685, GNorm = 0.5972, lr_0 = 5.4858e-04
Loss = 6.6256e-02, PNorm = 98.2981, GNorm = 0.3772, lr_0 = 5.4802e-04
Loss = 4.0364e-02, PNorm = 98.3259, GNorm = 0.2519, lr_0 = 5.4745e-04
Loss = 3.7577e-02, PNorm = 98.3459, GNorm = 0.7712, lr_0 = 5.4689e-04
Loss = 7.5950e-02, PNorm = 98.3501, GNorm = 0.2152, lr_0 = 5.4633e-04
Loss = 3.6254e-02, PNorm = 98.3570, GNorm = 0.4071, lr_0 = 5.4577e-04
Loss = 5.0258e-02, PNorm = 98.3710, GNorm = 0.2612, lr_0 = 5.4521e-04
Loss = 3.7612e-02, PNorm = 98.3894, GNorm = 0.1405, lr_0 = 5.4465e-04
Loss = 4.2029e-02, PNorm = 98.3985, GNorm = 0.1426, lr_0 = 5.4409e-04
Loss = 5.9963e-02, PNorm = 98.4027, GNorm = 0.9175, lr_0 = 5.4353e-04
Loss = 9.4178e-02, PNorm = 98.4058, GNorm = 0.9150, lr_0 = 5.4297e-04
Loss = 7.5051e-02, PNorm = 98.4232, GNorm = 0.6315, lr_0 = 5.4241e-04
Loss = 2.7650e-02, PNorm = 98.4504, GNorm = 0.5611, lr_0 = 5.4186e-04
Loss = 7.4141e-02, PNorm = 98.4580, GNorm = 0.1917, lr_0 = 5.4130e-04
Loss = 3.5089e-02, PNorm = 98.4627, GNorm = 0.2359, lr_0 = 5.4074e-04
Loss = 4.6977e-02, PNorm = 98.4734, GNorm = 0.8672, lr_0 = 5.4019e-04
Loss = 4.7401e-02, PNorm = 98.4778, GNorm = 0.2796, lr_0 = 5.3963e-04
Loss = 4.6686e-02, PNorm = 98.4864, GNorm = 0.3472, lr_0 = 5.3908e-04
Loss = 5.4643e-02, PNorm = 98.4993, GNorm = 0.2818, lr_0 = 5.3852e-04
Loss = 7.4176e-02, PNorm = 98.5045, GNorm = 0.4440, lr_0 = 5.3797e-04
Loss = 3.5209e-02, PNorm = 98.5189, GNorm = 0.3412, lr_0 = 5.3742e-04
Loss = 3.8621e-02, PNorm = 98.5318, GNorm = 0.1756, lr_0 = 5.3687e-04
Loss = 2.7247e-02, PNorm = 98.5445, GNorm = 0.0855, lr_0 = 5.3631e-04
Loss = 3.7751e-02, PNorm = 98.5457, GNorm = 0.1127, lr_0 = 5.3576e-04
Loss = 4.8466e-02, PNorm = 98.5471, GNorm = 0.2018, lr_0 = 5.3521e-04
Loss = 6.6635e-02, PNorm = 98.5465, GNorm = 0.3320, lr_0 = 5.3466e-04
Loss = 5.4352e-02, PNorm = 98.5600, GNorm = 0.7001, lr_0 = 5.3411e-04
Loss = 8.5357e-03, PNorm = 98.5796, GNorm = 0.1274, lr_0 = 5.3357e-04
Loss = 4.4657e-02, PNorm = 98.5948, GNorm = 0.1059, lr_0 = 5.3302e-04
Loss = 7.8905e-02, PNorm = 98.6012, GNorm = 1.4401, lr_0 = 5.3247e-04
Loss = 5.2367e-02, PNorm = 98.6068, GNorm = 0.9566, lr_0 = 5.3192e-04
Loss = 3.6048e-02, PNorm = 98.6287, GNorm = 0.3386, lr_0 = 5.3138e-04
Loss = 4.1988e-02, PNorm = 98.6600, GNorm = 0.6218, lr_0 = 5.3083e-04
Loss = 1.0823e-01, PNorm = 98.6801, GNorm = 0.5789, lr_0 = 5.3028e-04
Loss = 5.4053e-02, PNorm = 98.7114, GNorm = 0.4423, lr_0 = 5.2974e-04
Loss = 1.7836e-02, PNorm = 98.7528, GNorm = 0.0721, lr_0 = 5.2920e-04
Loss = 5.5388e-04, PNorm = 98.7943, GNorm = 0.0000, lr_0 = 5.2865e-04
Loss = 3.0760e-01, PNorm = 98.8374, GNorm = 7.8005, lr_0 = 5.2811e-04
Loss = 7.0371e-02, PNorm = 99.1882, GNorm = 0.5771, lr_0 = 5.2757e-04
Loss = 5.9400e-02, PNorm = 99.5094, GNorm = 0.6008, lr_0 = 5.2702e-04
Loss = 7.4111e-02, PNorm = 99.6559, GNorm = 0.4567, lr_0 = 5.2648e-04
Loss = 6.0866e-02, PNorm = 99.7240, GNorm = 0.9614, lr_0 = 5.2594e-04
Loss = 9.6062e-02, PNorm = 99.7556, GNorm = 0.6165, lr_0 = 5.2540e-04
Loss = 3.6705e-02, PNorm = 99.7844, GNorm = 0.4862, lr_0 = 5.2486e-04
Loss = 1.7869e-02, PNorm = 99.8183, GNorm = 0.0641, lr_0 = 5.2432e-04
Loss = 1.3519e-01, PNorm = 99.8143, GNorm = 0.8684, lr_0 = 5.2378e-04
Loss = 4.8400e-02, PNorm = 99.8286, GNorm = 0.7625, lr_0 = 5.2325e-04
Loss = 6.8304e-02, PNorm = 99.8491, GNorm = 0.4348, lr_0 = 5.2271e-04
Loss = 5.4178e-02, PNorm = 99.8633, GNorm = 0.4382, lr_0 = 5.2217e-04
Loss = 6.5342e-02, PNorm = 99.8698, GNorm = 0.6452, lr_0 = 5.2163e-04
Loss = 6.2236e-02, PNorm = 99.8770, GNorm = 0.5128, lr_0 = 5.2110e-04
Loss = 6.9782e-02, PNorm = 99.8889, GNorm = 1.2168, lr_0 = 5.2056e-04
Loss = 3.2161e-02, PNorm = 99.8990, GNorm = 0.3109, lr_0 = 5.2003e-04
Loss = 4.1161e-02, PNorm = 99.9108, GNorm = 0.8652, lr_0 = 5.1949e-04
Loss = 3.6718e-02, PNorm = 99.9186, GNorm = 0.1558, lr_0 = 5.1896e-04
Loss = 2.6479e-02, PNorm = 99.9239, GNorm = 0.2108, lr_0 = 5.1843e-04
Loss = 9.0601e-02, PNorm = 99.9276, GNorm = 1.2362, lr_0 = 5.1789e-04
Validation auc = 0.599228
Epoch 10
Loss = 6.8069e-02, PNorm = 99.9298, GNorm = 0.6912, lr_0 = 5.1736e-04
Loss = 2.7013e-02, PNorm = 99.9501, GNorm = 0.2317, lr_0 = 5.1683e-04
Loss = 6.8023e-02, PNorm = 99.9633, GNorm = 0.1466, lr_0 = 5.1630e-04
Loss = 7.4794e-02, PNorm = 99.9606, GNorm = 0.5209, lr_0 = 5.1577e-04
Loss = 7.9429e-02, PNorm = 99.9654, GNorm = 0.8840, lr_0 = 5.1524e-04
Loss = 4.0115e-02, PNorm = 99.9884, GNorm = 0.2861, lr_0 = 5.1471e-04
Loss = 3.0627e-02, PNorm = 100.0041, GNorm = 0.1582, lr_0 = 5.1418e-04
Loss = 6.1172e-02, PNorm = 100.0058, GNorm = 0.1680, lr_0 = 5.1365e-04
Loss = 7.6945e-02, PNorm = 100.0047, GNorm = 0.3402, lr_0 = 5.1313e-04
Loss = 3.0567e-02, PNorm = 100.0149, GNorm = 0.6862, lr_0 = 5.1260e-04
Loss = 3.3320e-02, PNorm = 100.0297, GNorm = 0.1803, lr_0 = 5.1207e-04
Loss = 6.6286e-02, PNorm = 100.0323, GNorm = 0.8359, lr_0 = 5.1155e-04
Loss = 2.7045e-02, PNorm = 100.0342, GNorm = 0.3030, lr_0 = 5.1102e-04
Loss = 1.0631e-01, PNorm = 100.0355, GNorm = 0.8552, lr_0 = 5.1049e-04
Loss = 3.2003e-02, PNorm = 100.0492, GNorm = 0.3096, lr_0 = 5.0997e-04
Loss = 4.7315e-02, PNorm = 100.0668, GNorm = 0.1862, lr_0 = 5.0945e-04
Loss = 6.8755e-02, PNorm = 100.0728, GNorm = 0.8814, lr_0 = 5.0892e-04
Loss = 6.4778e-02, PNorm = 100.0754, GNorm = 0.4537, lr_0 = 5.0840e-04
Loss = 5.8193e-02, PNorm = 100.0855, GNorm = 0.4500, lr_0 = 5.0788e-04
Loss = 7.2430e-02, PNorm = 100.0961, GNorm = 0.4355, lr_0 = 5.0736e-04
Loss = 1.0776e-02, PNorm = 100.1194, GNorm = 0.1715, lr_0 = 5.0683e-04
Loss = 3.6758e-02, PNorm = 100.1292, GNorm = 0.0682, lr_0 = 5.0631e-04
Loss = 2.0607e-03, PNorm = 100.1397, GNorm = 0.0393, lr_0 = 5.0579e-04
Loss = 3.7682e-02, PNorm = 100.1408, GNorm = 0.0538, lr_0 = 5.0527e-04
Loss = 9.7337e-02, PNorm = 100.1299, GNorm = 0.8615, lr_0 = 5.0475e-04
Loss = 4.4417e-02, PNorm = 100.1308, GNorm = 0.4739, lr_0 = 5.0424e-04
Loss = 4.2100e-02, PNorm = 100.1479, GNorm = 0.7998, lr_0 = 5.0372e-04
Loss = 4.9517e-02, PNorm = 100.1587, GNorm = 0.8793, lr_0 = 5.0320e-04
Loss = 4.9351e-02, PNorm = 100.1601, GNorm = 0.4723, lr_0 = 5.0268e-04
Loss = 9.5151e-02, PNorm = 100.1625, GNorm = 1.1204, lr_0 = 5.0217e-04
Loss = 4.0745e-02, PNorm = 100.1754, GNorm = 0.4248, lr_0 = 5.0165e-04
Loss = 7.1956e-02, PNorm = 100.1904, GNorm = 0.4416, lr_0 = 5.0114e-04
Loss = 8.7732e-02, PNorm = 100.2018, GNorm = 0.3606, lr_0 = 5.0062e-04
Loss = 4.8664e-02, PNorm = 100.2141, GNorm = 0.6713, lr_0 = 5.0011e-04
Loss = 1.1735e-01, PNorm = 100.2221, GNorm = 0.5643, lr_0 = 4.9959e-04
Loss = 1.8600e-02, PNorm = 100.2422, GNorm = 0.3522, lr_0 = 4.9908e-04
Loss = 4.6571e-02, PNorm = 100.2598, GNorm = 0.2040, lr_0 = 4.9857e-04
Loss = 4.8222e-02, PNorm = 100.2722, GNorm = 0.1338, lr_0 = 4.9805e-04
Loss = 6.5119e-02, PNorm = 100.2712, GNorm = 0.2937, lr_0 = 4.9754e-04
Loss = 5.1540e-02, PNorm = 100.2819, GNorm = 0.8789, lr_0 = 4.9703e-04
Loss = 7.2269e-02, PNorm = 100.2919, GNorm = 0.5731, lr_0 = 4.9652e-04
Loss = 4.1972e-02, PNorm = 100.3079, GNorm = 0.2678, lr_0 = 4.9601e-04
Loss = 4.0112e-02, PNorm = 100.3228, GNorm = 0.2104, lr_0 = 4.9550e-04
Loss = 6.9478e-02, PNorm = 100.3278, GNorm = 0.3959, lr_0 = 4.9499e-04
Loss = 5.8501e-02, PNorm = 100.3388, GNorm = 0.2618, lr_0 = 4.9448e-04
Loss = 7.1528e-02, PNorm = 100.3531, GNorm = 0.5370, lr_0 = 4.9398e-04
Loss = 7.3726e-02, PNorm = 100.3616, GNorm = 0.4073, lr_0 = 4.9347e-04
Loss = 8.7053e-02, PNorm = 100.3759, GNorm = 0.5704, lr_0 = 4.9296e-04
Loss = 5.4723e-02, PNorm = 100.4033, GNorm = 0.6119, lr_0 = 4.9245e-04
Loss = 5.7101e-02, PNorm = 100.4182, GNorm = 0.2986, lr_0 = 4.9195e-04
Loss = 3.8691e-02, PNorm = 100.4359, GNorm = 0.2130, lr_0 = 4.9144e-04
Loss = 5.4228e-02, PNorm = 100.4480, GNorm = 0.2511, lr_0 = 4.9094e-04
Loss = 6.6974e-02, PNorm = 100.4632, GNorm = 0.5061, lr_0 = 4.9043e-04
Loss = 8.3356e-03, PNorm = 100.4995, GNorm = 0.0572, lr_0 = 4.8993e-04
Loss = 6.0417e-02, PNorm = 100.5166, GNorm = 0.2485, lr_0 = 4.8943e-04
Loss = 5.6664e-02, PNorm = 100.5430, GNorm = 0.3785, lr_0 = 4.8892e-04
Loss = 2.7923e-02, PNorm = 100.5691, GNorm = 0.2507, lr_0 = 4.8842e-04
Loss = 6.8311e-02, PNorm = 100.5848, GNorm = 0.2712, lr_0 = 4.8792e-04
Loss = 4.0354e-02, PNorm = 100.6030, GNorm = 0.7420, lr_0 = 4.8742e-04
Loss = 4.7281e-02, PNorm = 100.6148, GNorm = 0.2685, lr_0 = 4.8692e-04
Loss = 1.2174e-01, PNorm = 100.6262, GNorm = 1.4267, lr_0 = 4.8642e-04
Loss = 6.6897e-02, PNorm = 100.6480, GNorm = 0.6344, lr_0 = 4.8592e-04
Loss = 6.9677e-02, PNorm = 100.7235, GNorm = 1.4118, lr_0 = 4.8542e-04
Loss = 7.5578e-02, PNorm = 100.7683, GNorm = 0.4405, lr_0 = 4.8492e-04
Loss = 2.1032e-02, PNorm = 100.7974, GNorm = 0.2863, lr_0 = 4.8442e-04
Loss = 5.5503e-02, PNorm = 100.8137, GNorm = 0.2844, lr_0 = 4.8392e-04
Loss = 4.7969e-02, PNorm = 100.8282, GNorm = 1.0416, lr_0 = 4.8343e-04
Loss = 4.8648e-02, PNorm = 100.8340, GNorm = 0.4869, lr_0 = 4.8293e-04
Loss = 6.1999e-02, PNorm = 100.8431, GNorm = 0.3397, lr_0 = 4.8243e-04
Loss = 5.8859e-02, PNorm = 100.8553, GNorm = 0.4003, lr_0 = 4.8194e-04
Loss = 3.9383e-02, PNorm = 100.8683, GNorm = 0.7480, lr_0 = 4.8144e-04
Loss = 4.9302e-02, PNorm = 100.8752, GNorm = 0.8386, lr_0 = 4.8095e-04
Loss = 3.6696e-02, PNorm = 100.8810, GNorm = 0.2635, lr_0 = 4.8045e-04
Loss = 3.8768e-02, PNorm = 100.8900, GNorm = 0.8902, lr_0 = 4.7996e-04
Loss = 4.2616e-02, PNorm = 100.8974, GNorm = 0.1978, lr_0 = 4.7947e-04
Loss = 9.0161e-02, PNorm = 100.8970, GNorm = 0.5657, lr_0 = 4.7897e-04
Loss = 3.6793e-02, PNorm = 100.9083, GNorm = 0.5787, lr_0 = 4.7848e-04
Loss = 4.3395e-02, PNorm = 100.9236, GNorm = 0.2813, lr_0 = 4.7799e-04
Loss = 6.6962e-02, PNorm = 100.9326, GNorm = 0.1910, lr_0 = 4.7750e-04
Loss = 3.7694e-02, PNorm = 100.9413, GNorm = 0.2782, lr_0 = 4.7701e-04
Validation auc = 0.583347
Epoch 11
Loss = 4.9174e-02, PNorm = 100.9529, GNorm = 0.2442, lr_0 = 4.7652e-04
Loss = 2.7588e-02, PNorm = 100.9637, GNorm = 0.6119, lr_0 = 4.7603e-04
Loss = 7.2200e-02, PNorm = 100.9701, GNorm = 0.5796, lr_0 = 4.7554e-04
Loss = 5.1960e-02, PNorm = 100.9813, GNorm = 0.3807, lr_0 = 4.7505e-04
Loss = 7.8369e-02, PNorm = 100.9901, GNorm = 0.5194, lr_0 = 4.7456e-04
Loss = 5.8534e-02, PNorm = 101.0090, GNorm = 0.8143, lr_0 = 4.7408e-04
Loss = 2.6870e-02, PNorm = 101.0297, GNorm = 1.3768, lr_0 = 4.7359e-04
Loss = 5.5983e-02, PNorm = 101.0396, GNorm = 2.0899, lr_0 = 4.7310e-04
Loss = 3.7389e-02, PNorm = 101.0444, GNorm = 0.6612, lr_0 = 4.7262e-04
Loss = 6.7613e-02, PNorm = 101.0529, GNorm = 2.0459, lr_0 = 4.7213e-04
Loss = 1.7998e-02, PNorm = 101.0612, GNorm = 0.2792, lr_0 = 4.7165e-04
Loss = 3.8905e-02, PNorm = 101.0761, GNorm = 0.1875, lr_0 = 4.7116e-04
Loss = 3.5028e-02, PNorm = 101.0856, GNorm = 0.2164, lr_0 = 4.7068e-04
Loss = 6.9173e-02, PNorm = 101.0899, GNorm = 1.2934, lr_0 = 4.7019e-04
Loss = 8.1655e-03, PNorm = 101.1003, GNorm = 0.2393, lr_0 = 4.6971e-04
Loss = 4.6716e-02, PNorm = 101.1106, GNorm = 0.7751, lr_0 = 4.6923e-04
Loss = 6.2068e-02, PNorm = 101.1081, GNorm = 0.6048, lr_0 = 4.6875e-04
Loss = 8.1553e-02, PNorm = 101.1134, GNorm = 1.8009, lr_0 = 4.6826e-04
Loss = 6.0357e-02, PNorm = 101.1203, GNorm = 0.5560, lr_0 = 4.6778e-04
Loss = 3.2635e-02, PNorm = 101.1380, GNorm = 0.3673, lr_0 = 4.6730e-04
Loss = 8.2299e-02, PNorm = 101.1484, GNorm = 0.2580, lr_0 = 4.6682e-04
Loss = 1.9289e-02, PNorm = 101.1571, GNorm = 0.2960, lr_0 = 4.6634e-04
Loss = 3.6442e-02, PNorm = 101.1710, GNorm = 0.1246, lr_0 = 4.6586e-04
Loss = 7.3777e-02, PNorm = 101.1698, GNorm = 0.2544, lr_0 = 4.6539e-04
Loss = 5.7918e-02, PNorm = 101.1742, GNorm = 0.4476, lr_0 = 4.6491e-04
Loss = 2.8561e-02, PNorm = 101.1897, GNorm = 0.2229, lr_0 = 4.6443e-04
Loss = 7.3183e-02, PNorm = 101.1940, GNorm = 0.3169, lr_0 = 4.6395e-04
Loss = 6.2751e-02, PNorm = 101.2010, GNorm = 0.9050, lr_0 = 4.6348e-04
Loss = 6.9865e-02, PNorm = 101.2076, GNorm = 0.8557, lr_0 = 4.6300e-04
Loss = 1.0051e-01, PNorm = 101.2144, GNorm = 0.7748, lr_0 = 4.6252e-04
Loss = 5.9914e-02, PNorm = 101.2269, GNorm = 0.3784, lr_0 = 4.6205e-04
Loss = 2.7202e-02, PNorm = 101.2484, GNorm = 0.1866, lr_0 = 4.6157e-04
Loss = 7.6985e-02, PNorm = 101.2540, GNorm = 0.9750, lr_0 = 4.6110e-04
Loss = 6.7755e-02, PNorm = 101.2507, GNorm = 0.4132, lr_0 = 4.6063e-04
Loss = 4.9813e-02, PNorm = 101.2613, GNorm = 0.4607, lr_0 = 4.6015e-04
Loss = 4.6516e-02, PNorm = 101.2772, GNorm = 0.2580, lr_0 = 4.5968e-04
Loss = 5.5138e-03, PNorm = 101.2949, GNorm = 0.1289, lr_0 = 4.5921e-04
Loss = 5.6851e-02, PNorm = 101.3018, GNorm = 0.6918, lr_0 = 4.5874e-04
Loss = 4.9277e-02, PNorm = 101.3029, GNorm = 0.2123, lr_0 = 4.5826e-04
Loss = 2.9113e-02, PNorm = 101.3118, GNorm = 0.3240, lr_0 = 4.5779e-04
Loss = 7.2806e-02, PNorm = 101.3193, GNorm = 1.4408, lr_0 = 4.5732e-04
Loss = 6.2595e-02, PNorm = 101.3250, GNorm = 0.6109, lr_0 = 4.5685e-04
Loss = 6.4502e-02, PNorm = 101.3335, GNorm = 0.3587, lr_0 = 4.5638e-04
Loss = 5.0480e-02, PNorm = 101.3476, GNorm = 0.6799, lr_0 = 4.5592e-04
Loss = 6.0565e-02, PNorm = 101.3602, GNorm = 0.6626, lr_0 = 4.5545e-04
Loss = 7.6404e-02, PNorm = 101.3671, GNorm = 0.5309, lr_0 = 4.5498e-04
Loss = 6.3485e-02, PNorm = 101.3765, GNorm = 0.3805, lr_0 = 4.5451e-04
Loss = 6.2140e-02, PNorm = 101.3898, GNorm = 0.3494, lr_0 = 4.5404e-04
Loss = 3.6970e-02, PNorm = 101.4046, GNorm = 0.2507, lr_0 = 4.5358e-04
Loss = 2.8551e-02, PNorm = 101.4213, GNorm = 0.2075, lr_0 = 4.5311e-04
Loss = 9.3911e-02, PNorm = 101.4386, GNorm = 6.3893, lr_0 = 4.5265e-04
Loss = 4.9167e-02, PNorm = 101.4753, GNorm = 0.5858, lr_0 = 4.5218e-04
Loss = 3.8672e-02, PNorm = 101.5170, GNorm = 0.3669, lr_0 = 4.5172e-04
Loss = 8.1232e-02, PNorm = 101.5425, GNorm = 0.3699, lr_0 = 4.5125e-04
Loss = 5.1790e-02, PNorm = 101.5608, GNorm = 0.3568, lr_0 = 4.5079e-04
Loss = 5.4394e-02, PNorm = 101.5791, GNorm = 0.2387, lr_0 = 4.5033e-04
Loss = 4.3361e-02, PNorm = 101.5932, GNorm = 0.7122, lr_0 = 4.4986e-04
Loss = 4.6354e-02, PNorm = 101.6031, GNorm = 0.2636, lr_0 = 4.4940e-04
Loss = 2.3674e-02, PNorm = 101.6195, GNorm = 0.5064, lr_0 = 4.4894e-04
Loss = 8.1206e-02, PNorm = 101.6268, GNorm = 0.7463, lr_0 = 4.4848e-04
Loss = 7.4820e-02, PNorm = 101.6327, GNorm = 0.7099, lr_0 = 4.4802e-04
Loss = 5.1328e-02, PNorm = 101.6558, GNorm = 0.8603, lr_0 = 4.4756e-04
Loss = 7.8360e-02, PNorm = 101.6658, GNorm = 0.5637, lr_0 = 4.4710e-04
Loss = 7.5063e-02, PNorm = 101.6764, GNorm = 1.0752, lr_0 = 4.4664e-04
Loss = 4.0779e-02, PNorm = 101.6925, GNorm = 0.3431, lr_0 = 4.4618e-04
Loss = 1.0103e-01, PNorm = 101.6976, GNorm = 0.4721, lr_0 = 4.4572e-04
Loss = 6.8755e-02, PNorm = 101.7078, GNorm = 0.5982, lr_0 = 4.4526e-04
Loss = 4.0329e-02, PNorm = 101.7237, GNorm = 0.3585, lr_0 = 4.4480e-04
Loss = 5.6493e-02, PNorm = 101.7445, GNorm = 1.8539, lr_0 = 4.4435e-04
Loss = 3.7847e-02, PNorm = 101.7539, GNorm = 0.2134, lr_0 = 4.4389e-04
Loss = 5.8413e-02, PNorm = 101.7619, GNorm = 0.3385, lr_0 = 4.4344e-04
Loss = 5.9483e-02, PNorm = 101.7705, GNorm = 0.3597, lr_0 = 4.4298e-04
Loss = 6.2835e-02, PNorm = 101.7825, GNorm = 0.4031, lr_0 = 4.4252e-04
Loss = 4.6243e-02, PNorm = 101.7965, GNorm = 0.2841, lr_0 = 4.4207e-04
Loss = 6.8555e-02, PNorm = 101.8081, GNorm = 1.2555, lr_0 = 4.4162e-04
Loss = 2.7559e-02, PNorm = 101.8176, GNorm = 0.3080, lr_0 = 4.4116e-04
Loss = 5.7438e-02, PNorm = 101.8293, GNorm = 0.6875, lr_0 = 4.4071e-04
Loss = 5.7172e-02, PNorm = 101.8359, GNorm = 0.3173, lr_0 = 4.4026e-04
Loss = 6.4087e-02, PNorm = 101.8443, GNorm = 0.3355, lr_0 = 4.3980e-04
Loss = 4.2139e-02, PNorm = 101.8604, GNorm = 0.3422, lr_0 = 4.3935e-04
Validation auc = 0.547053
Epoch 12
Loss = 3.4941e-02, PNorm = 101.8792, GNorm = 0.2619, lr_0 = 4.3890e-04
Loss = 7.1818e-02, PNorm = 101.8893, GNorm = 2.2906, lr_0 = 4.3845e-04
Loss = 4.1792e-02, PNorm = 101.8965, GNorm = 0.3351, lr_0 = 4.3800e-04
Loss = 4.8305e-02, PNorm = 101.9109, GNorm = 0.3177, lr_0 = 4.3755e-04
Loss = 4.2746e-02, PNorm = 101.9232, GNorm = 0.3023, lr_0 = 4.3710e-04
Loss = 2.5394e-02, PNorm = 101.9359, GNorm = 0.1917, lr_0 = 4.3665e-04
Loss = 6.7877e-02, PNorm = 101.9403, GNorm = 0.2220, lr_0 = 4.3620e-04
Loss = 5.1720e-02, PNorm = 101.9467, GNorm = 1.7076, lr_0 = 4.3575e-04
Loss = 5.7855e-02, PNorm = 101.9525, GNorm = 0.3656, lr_0 = 4.3531e-04
Loss = 7.0230e-02, PNorm = 101.9636, GNorm = 0.3579, lr_0 = 4.3486e-04
Loss = 5.0763e-02, PNorm = 101.9740, GNorm = 0.7957, lr_0 = 4.3441e-04
Loss = 5.9020e-02, PNorm = 101.9860, GNorm = 0.4972, lr_0 = 4.3397e-04
Loss = 3.3586e-02, PNorm = 101.9984, GNorm = 0.7387, lr_0 = 4.3352e-04
Loss = 6.6790e-02, PNorm = 102.0046, GNorm = 0.3350, lr_0 = 4.3307e-04
Loss = 4.4863e-02, PNorm = 102.0168, GNorm = 0.2995, lr_0 = 4.3263e-04
Loss = 7.8267e-02, PNorm = 102.0289, GNorm = 0.3314, lr_0 = 4.3218e-04
Loss = 6.8337e-02, PNorm = 102.0429, GNorm = 1.3067, lr_0 = 4.3174e-04
Loss = 5.3567e-02, PNorm = 102.0556, GNorm = 0.3720, lr_0 = 4.3130e-04
Loss = 1.1015e-01, PNorm = 102.0589, GNorm = 1.7609, lr_0 = 4.3085e-04
Loss = 5.4656e-02, PNorm = 102.0662, GNorm = 0.5365, lr_0 = 4.3041e-04
Loss = 4.8171e-02, PNorm = 102.0790, GNorm = 0.3416, lr_0 = 4.2997e-04
Loss = 9.1884e-02, PNorm = 102.0880, GNorm = 0.5704, lr_0 = 4.2953e-04
Loss = 7.4437e-02, PNorm = 102.0947, GNorm = 0.5607, lr_0 = 4.2909e-04
Loss = 7.0950e-02, PNorm = 102.1037, GNorm = 0.3395, lr_0 = 4.2865e-04
Loss = 4.3100e-02, PNorm = 102.1196, GNorm = 0.3986, lr_0 = 4.2821e-04
Loss = 9.2322e-02, PNorm = 102.1272, GNorm = 0.3887, lr_0 = 4.2777e-04
Loss = 1.1995e-02, PNorm = 102.1419, GNorm = 0.3348, lr_0 = 4.2733e-04
Loss = 4.5257e-02, PNorm = 102.1562, GNorm = 0.6441, lr_0 = 4.2689e-04
Loss = 2.5210e-02, PNorm = 102.1658, GNorm = 0.1360, lr_0 = 4.2645e-04
Loss = 5.5269e-02, PNorm = 102.1715, GNorm = 0.2108, lr_0 = 4.2601e-04
Loss = 5.5379e-02, PNorm = 102.1735, GNorm = 0.3483, lr_0 = 4.2557e-04
Loss = 4.7828e-02, PNorm = 102.1809, GNorm = 0.3572, lr_0 = 4.2513e-04
Loss = 5.9810e-02, PNorm = 102.1941, GNorm = 0.8686, lr_0 = 4.2470e-04
Loss = 5.3455e-02, PNorm = 102.2001, GNorm = 0.3156, lr_0 = 4.2426e-04
Loss = 1.7672e-02, PNorm = 102.2142, GNorm = 0.2163, lr_0 = 4.2383e-04
Loss = 8.8146e-02, PNorm = 102.2220, GNorm = 3.0536, lr_0 = 4.2339e-04
Loss = 6.1227e-02, PNorm = 102.2176, GNorm = 0.4270, lr_0 = 4.2296e-04
Loss = 7.0033e-02, PNorm = 102.2255, GNorm = 1.1246, lr_0 = 4.2252e-04
Loss = 2.7197e-02, PNorm = 102.2398, GNorm = 0.2902, lr_0 = 4.2209e-04
Loss = 5.0538e-02, PNorm = 102.2529, GNorm = 0.1342, lr_0 = 4.2165e-04
Loss = 5.0530e-02, PNorm = 102.2577, GNorm = 0.6698, lr_0 = 4.2122e-04
Loss = 4.9137e-02, PNorm = 102.2652, GNorm = 0.7064, lr_0 = 4.2079e-04
Loss = 2.8843e-02, PNorm = 102.2769, GNorm = 0.2576, lr_0 = 4.2035e-04
Loss = 1.0859e-01, PNorm = 102.2805, GNorm = 0.6026, lr_0 = 4.1992e-04
Loss = 8.3606e-02, PNorm = 102.2888, GNorm = 1.1954, lr_0 = 4.1949e-04
Loss = 8.2120e-02, PNorm = 102.3084, GNorm = 0.7253, lr_0 = 4.1906e-04
Loss = 5.7564e-02, PNorm = 102.3298, GNorm = 0.4601, lr_0 = 4.1863e-04
Loss = 5.7981e-02, PNorm = 102.3483, GNorm = 0.3143, lr_0 = 4.1820e-04
Loss = 3.7666e-02, PNorm = 102.3730, GNorm = 0.6548, lr_0 = 4.1777e-04
Loss = 7.3532e-02, PNorm = 102.3756, GNorm = 0.7807, lr_0 = 4.1734e-04
Loss = 4.7622e-02, PNorm = 102.3840, GNorm = 0.3112, lr_0 = 4.1691e-04
Loss = 4.2223e-02, PNorm = 102.3994, GNorm = 0.3119, lr_0 = 4.1648e-04
Loss = 2.5440e-02, PNorm = 102.4187, GNorm = 0.1902, lr_0 = 4.1606e-04
Loss = 2.6560e-02, PNorm = 102.4408, GNorm = 0.9989, lr_0 = 4.1563e-04
Loss = 5.9470e-02, PNorm = 102.4404, GNorm = 0.2371, lr_0 = 4.1520e-04
Loss = 2.7131e-02, PNorm = 102.4527, GNorm = 0.1976, lr_0 = 4.1477e-04
Loss = 8.8070e-02, PNorm = 102.4628, GNorm = 0.3324, lr_0 = 4.1435e-04
Loss = 3.4102e-02, PNorm = 102.4861, GNorm = 0.3488, lr_0 = 4.1392e-04
Loss = 2.4339e-02, PNorm = 102.5192, GNorm = 0.1884, lr_0 = 4.1350e-04
Loss = 2.8747e-02, PNorm = 102.5428, GNorm = 0.1156, lr_0 = 4.1307e-04
Loss = 7.0458e-02, PNorm = 102.5297, GNorm = 0.3247, lr_0 = 4.1265e-04
Loss = 5.0915e-02, PNorm = 102.5381, GNorm = 0.7513, lr_0 = 4.1222e-04
Loss = 3.7606e-02, PNorm = 102.5515, GNorm = 0.4933, lr_0 = 4.1180e-04
Loss = 2.8603e-02, PNorm = 102.5640, GNorm = 0.1956, lr_0 = 4.1138e-04
Loss = 5.1120e-02, PNorm = 102.5710, GNorm = 0.2576, lr_0 = 4.1096e-04
Loss = 3.6207e-02, PNorm = 102.5800, GNorm = 0.2198, lr_0 = 4.1053e-04
Loss = 3.8428e-02, PNorm = 102.5916, GNorm = 0.6016, lr_0 = 4.1011e-04
Loss = 3.8547e-02, PNorm = 102.6009, GNorm = 0.1873, lr_0 = 4.0969e-04
Loss = 1.9241e-02, PNorm = 102.6132, GNorm = 0.2043, lr_0 = 4.0927e-04
Loss = 7.2458e-02, PNorm = 102.6233, GNorm = 1.5588, lr_0 = 4.0885e-04
Loss = 7.9739e-02, PNorm = 102.6279, GNorm = 0.4367, lr_0 = 4.0843e-04
Loss = 8.7631e-02, PNorm = 102.6467, GNorm = 0.3794, lr_0 = 4.0801e-04
Loss = 6.4856e-02, PNorm = 102.6808, GNorm = 0.5177, lr_0 = 4.0759e-04
Loss = 6.4865e-02, PNorm = 102.7178, GNorm = 0.3804, lr_0 = 4.0717e-04
Loss = 8.9184e-02, PNorm = 102.7477, GNorm = 0.6227, lr_0 = 4.0675e-04
Loss = 4.3887e-02, PNorm = 102.7852, GNorm = 0.4177, lr_0 = 4.0633e-04
Loss = 4.0361e-02, PNorm = 102.8101, GNorm = 0.2457, lr_0 = 4.0592e-04
Loss = 4.9528e-02, PNorm = 102.8217, GNorm = 0.2382, lr_0 = 4.0550e-04
Loss = 3.7018e-02, PNorm = 102.8308, GNorm = 0.2468, lr_0 = 4.0508e-04
Loss = 9.4559e-02, PNorm = 102.8354, GNorm = 2.4953, lr_0 = 4.0467e-04
Validation auc = 0.585299
Epoch 13
Loss = 2.0427e-02, PNorm = 102.8448, GNorm = 0.3502, lr_0 = 4.0425e-04
Loss = 3.0920e-02, PNorm = 102.8643, GNorm = 0.3896, lr_0 = 4.0384e-04
Loss = 5.6852e-02, PNorm = 102.8742, GNorm = 0.5046, lr_0 = 4.0342e-04
Loss = 6.4836e-02, PNorm = 102.8791, GNorm = 0.7484, lr_0 = 4.0301e-04
Loss = 1.3949e-01, PNorm = 102.8917, GNorm = 1.0519, lr_0 = 4.0259e-04
Loss = 4.2677e-02, PNorm = 102.9679, GNorm = 0.5162, lr_0 = 4.0218e-04
Loss = 3.9723e-02, PNorm = 103.0248, GNorm = 0.2150, lr_0 = 4.0177e-04
Loss = 6.2794e-02, PNorm = 103.0466, GNorm = 0.9451, lr_0 = 4.0135e-04
Loss = 6.7024e-02, PNorm = 103.0526, GNorm = 0.3754, lr_0 = 4.0094e-04
Loss = 5.7177e-02, PNorm = 103.0628, GNorm = 0.3901, lr_0 = 4.0053e-04
Loss = 4.9448e-02, PNorm = 103.0716, GNorm = 0.4602, lr_0 = 4.0012e-04
Loss = 3.0303e-02, PNorm = 103.0860, GNorm = 0.2442, lr_0 = 3.9971e-04
Loss = 4.0971e-02, PNorm = 103.1001, GNorm = 0.1815, lr_0 = 3.9930e-04
Loss = 5.4057e-02, PNorm = 103.1061, GNorm = 0.2653, lr_0 = 3.9889e-04
Loss = 4.7754e-03, PNorm = 103.1278, GNorm = 0.0282, lr_0 = 3.9848e-04
Loss = 3.5058e-02, PNorm = 103.1355, GNorm = 0.2001, lr_0 = 3.9807e-04
Loss = 3.6747e-02, PNorm = 103.1517, GNorm = 1.0195, lr_0 = 3.9766e-04
Loss = 4.0966e-02, PNorm = 103.1662, GNorm = 0.8907, lr_0 = 3.9725e-04
Loss = 6.9599e-02, PNorm = 103.1766, GNorm = 1.2320, lr_0 = 3.9684e-04
Loss = 7.5592e-02, PNorm = 103.1914, GNorm = 0.6721, lr_0 = 3.9643e-04
Loss = 3.7427e-02, PNorm = 103.2133, GNorm = 0.4368, lr_0 = 3.9603e-04
Loss = 7.1042e-02, PNorm = 103.2310, GNorm = 0.4179, lr_0 = 3.9562e-04
Loss = 4.6968e-02, PNorm = 103.2526, GNorm = 0.3258, lr_0 = 3.9521e-04
Loss = 9.4944e-02, PNorm = 103.2673, GNorm = 1.9017, lr_0 = 3.9481e-04
Loss = 7.6784e-02, PNorm = 103.2710, GNorm = 0.7787, lr_0 = 3.9440e-04
Loss = 8.1723e-02, PNorm = 103.2938, GNorm = 0.4655, lr_0 = 3.9400e-04
Loss = 5.2542e-02, PNorm = 103.3108, GNorm = 0.4555, lr_0 = 3.9359e-04
Loss = 7.4770e-02, PNorm = 103.3218, GNorm = 0.8117, lr_0 = 3.9319e-04
Loss = 5.4856e-02, PNorm = 103.3269, GNorm = 0.4341, lr_0 = 3.9278e-04
Loss = 4.3328e-02, PNorm = 103.3370, GNorm = 0.4343, lr_0 = 3.9238e-04
Loss = 3.9296e-02, PNorm = 103.3494, GNorm = 0.7031, lr_0 = 3.9198e-04
Loss = 3.0192e-02, PNorm = 103.3566, GNorm = 0.2064, lr_0 = 3.9157e-04
Loss = 7.9077e-02, PNorm = 103.3552, GNorm = 0.7282, lr_0 = 3.9117e-04
Loss = 6.5979e-02, PNorm = 103.3548, GNorm = 0.5214, lr_0 = 3.9077e-04
Loss = 8.8048e-02, PNorm = 103.3608, GNorm = 0.6133, lr_0 = 3.9037e-04
Loss = 3.5584e-02, PNorm = 103.3786, GNorm = 0.3713, lr_0 = 3.8997e-04
Loss = 8.0452e-02, PNorm = 103.3856, GNorm = 0.3249, lr_0 = 3.8957e-04
Loss = 6.0174e-02, PNorm = 103.3920, GNorm = 0.4531, lr_0 = 3.8917e-04
Loss = 9.3040e-03, PNorm = 103.4030, GNorm = 0.2719, lr_0 = 3.8877e-04
Loss = 4.7119e-02, PNorm = 103.4108, GNorm = 0.1612, lr_0 = 3.8837e-04
Loss = 3.8529e-02, PNorm = 103.4139, GNorm = 1.1930, lr_0 = 3.8797e-04
Loss = 7.5133e-02, PNorm = 103.4133, GNorm = 0.7014, lr_0 = 3.8757e-04
Loss = 5.7974e-02, PNorm = 103.4136, GNorm = 0.5284, lr_0 = 3.8717e-04
Loss = 5.9596e-02, PNorm = 103.4201, GNorm = 0.5639, lr_0 = 3.8677e-04
Loss = 6.0717e-02, PNorm = 103.4317, GNorm = 0.4080, lr_0 = 3.8637e-04
Loss = 1.8731e-02, PNorm = 103.4479, GNorm = 0.1951, lr_0 = 3.8598e-04
Loss = 5.2681e-02, PNorm = 103.4558, GNorm = 0.8927, lr_0 = 3.8558e-04
Loss = 6.6599e-02, PNorm = 103.4559, GNorm = 1.3374, lr_0 = 3.8519e-04
Loss = 4.4580e-02, PNorm = 103.4576, GNorm = 0.2784, lr_0 = 3.8479e-04
Loss = 6.7751e-02, PNorm = 103.4586, GNorm = 0.4825, lr_0 = 3.8439e-04
Loss = 5.1999e-02, PNorm = 103.4684, GNorm = 1.6451, lr_0 = 3.8400e-04
Loss = 6.4958e-02, PNorm = 103.4773, GNorm = 0.8843, lr_0 = 3.8360e-04
Loss = 6.2319e-02, PNorm = 103.4834, GNorm = 0.4589, lr_0 = 3.8321e-04
Loss = 3.0827e-02, PNorm = 103.4943, GNorm = 1.0866, lr_0 = 3.8282e-04
Loss = 7.4623e-02, PNorm = 103.5011, GNorm = 0.8579, lr_0 = 3.8242e-04
Loss = 4.9684e-02, PNorm = 103.5031, GNorm = 0.4850, lr_0 = 3.8203e-04
Loss = 5.5883e-02, PNorm = 103.5134, GNorm = 0.7901, lr_0 = 3.8164e-04
Loss = 1.7772e-02, PNorm = 103.5218, GNorm = 0.2951, lr_0 = 3.8125e-04
Loss = 3.0015e-02, PNorm = 103.5310, GNorm = 0.1754, lr_0 = 3.8085e-04
Loss = 5.5187e-02, PNorm = 103.5330, GNorm = 0.2001, lr_0 = 3.8046e-04
Loss = 5.1049e-02, PNorm = 103.5341, GNorm = 0.2812, lr_0 = 3.8007e-04
Loss = 8.1170e-02, PNorm = 103.5367, GNorm = 1.7337, lr_0 = 3.7968e-04
Loss = 5.9973e-02, PNorm = 103.5388, GNorm = 0.5552, lr_0 = 3.7929e-04
Loss = 6.3696e-02, PNorm = 103.5486, GNorm = 0.4022, lr_0 = 3.7890e-04
Loss = 4.0881e-02, PNorm = 103.5568, GNorm = 0.3617, lr_0 = 3.7851e-04
Loss = 6.9168e-02, PNorm = 103.5621, GNorm = 0.8304, lr_0 = 3.7812e-04
Loss = 7.0148e-02, PNorm = 103.5686, GNorm = 0.3139, lr_0 = 3.7774e-04
Loss = 1.8802e-02, PNorm = 103.5750, GNorm = 0.3513, lr_0 = 3.7735e-04
Loss = 3.7341e-02, PNorm = 103.5824, GNorm = 0.2312, lr_0 = 3.7696e-04
Loss = 4.3611e-02, PNorm = 103.5886, GNorm = 0.9885, lr_0 = 3.7657e-04
Loss = 7.9449e-02, PNorm = 103.5894, GNorm = 0.9082, lr_0 = 3.7619e-04
Loss = 2.7828e-02, PNorm = 103.5963, GNorm = 0.4121, lr_0 = 3.7580e-04
Loss = 9.1444e-02, PNorm = 103.5983, GNorm = 0.6191, lr_0 = 3.7541e-04
Loss = 5.8012e-02, PNorm = 103.6025, GNorm = 0.5630, lr_0 = 3.7503e-04
Loss = 6.4581e-02, PNorm = 103.6085, GNorm = 0.5354, lr_0 = 3.7464e-04
Loss = 6.4249e-02, PNorm = 103.6166, GNorm = 0.4340, lr_0 = 3.7426e-04
Loss = 6.2043e-02, PNorm = 103.6258, GNorm = 1.3797, lr_0 = 3.7387e-04
Loss = 5.2308e-02, PNorm = 103.6316, GNorm = 2.0106, lr_0 = 3.7349e-04
Loss = 3.6798e-02, PNorm = 103.6395, GNorm = 0.7273, lr_0 = 3.7310e-04
Loss = 7.4546e-02, PNorm = 103.6448, GNorm = 0.7851, lr_0 = 3.7272e-04
Validation auc = 0.592406
Epoch 14
Loss = 7.0282e-02, PNorm = 103.6534, GNorm = 1.1478, lr_0 = 3.7234e-04
Loss = 4.8895e-02, PNorm = 103.6698, GNorm = 0.6869, lr_0 = 3.7196e-04
Loss = 4.6608e-02, PNorm = 103.6843, GNorm = 0.5417, lr_0 = 3.7157e-04
Loss = 2.8363e-02, PNorm = 103.6967, GNorm = 1.0289, lr_0 = 3.7119e-04
Loss = 4.8597e-02, PNorm = 103.7025, GNorm = 0.8808, lr_0 = 3.7081e-04
Loss = 5.8501e-02, PNorm = 103.7030, GNorm = 0.3278, lr_0 = 3.7043e-04
Loss = 4.3305e-02, PNorm = 103.7115, GNorm = 1.2579, lr_0 = 3.7005e-04
Loss = 7.5311e-02, PNorm = 103.7162, GNorm = 0.5426, lr_0 = 3.6967e-04
Loss = 5.1504e-02, PNorm = 103.7231, GNorm = 0.4909, lr_0 = 3.6929e-04
Loss = 3.5394e-02, PNorm = 103.7337, GNorm = 0.3371, lr_0 = 3.6891e-04
Loss = 5.1571e-02, PNorm = 103.7475, GNorm = 0.8375, lr_0 = 3.6853e-04
Loss = 6.9893e-02, PNorm = 103.7525, GNorm = 0.3166, lr_0 = 3.6815e-04
Loss = 5.0507e-02, PNorm = 103.7593, GNorm = 0.4195, lr_0 = 3.6777e-04
Loss = 4.8331e-02, PNorm = 103.7696, GNorm = 0.7495, lr_0 = 3.6740e-04
Loss = 4.3997e-02, PNorm = 103.7772, GNorm = 0.3876, lr_0 = 3.6702e-04
Loss = 6.5881e-02, PNorm = 103.7845, GNorm = 0.3021, lr_0 = 3.6664e-04
Loss = 3.5416e-02, PNorm = 103.7903, GNorm = 0.2542, lr_0 = 3.6626e-04
Loss = 4.9169e-02, PNorm = 103.7943, GNorm = 0.2700, lr_0 = 3.6589e-04
Loss = 2.0991e-02, PNorm = 103.8034, GNorm = 0.1992, lr_0 = 3.6551e-04
Loss = 3.9183e-02, PNorm = 103.8125, GNorm = 0.1508, lr_0 = 3.6514e-04
Loss = 9.4325e-02, PNorm = 103.8125, GNorm = 1.8483, lr_0 = 3.6476e-04
Loss = 6.1157e-02, PNorm = 103.8157, GNorm = 0.5268, lr_0 = 3.6439e-04
Loss = 5.7309e-02, PNorm = 103.8294, GNorm = 0.4791, lr_0 = 3.6401e-04
Loss = 8.6278e-02, PNorm = 103.8396, GNorm = 0.7019, lr_0 = 3.6364e-04
Loss = 3.0127e-02, PNorm = 103.8516, GNorm = 0.7278, lr_0 = 3.6326e-04
Loss = 6.0465e-02, PNorm = 103.8609, GNorm = 0.2759, lr_0 = 3.6289e-04
Loss = 7.7575e-02, PNorm = 103.8648, GNorm = 1.2148, lr_0 = 3.6252e-04
Loss = 5.2749e-02, PNorm = 103.8671, GNorm = 0.4287, lr_0 = 3.6215e-04
Loss = 6.8383e-02, PNorm = 103.8735, GNorm = 0.4488, lr_0 = 3.6177e-04
Loss = 6.3744e-02, PNorm = 103.8845, GNorm = 0.6353, lr_0 = 3.6140e-04
Loss = 6.2599e-02, PNorm = 103.8936, GNorm = 0.5306, lr_0 = 3.6103e-04
Loss = 2.9993e-02, PNorm = 103.9120, GNorm = 0.7944, lr_0 = 3.6066e-04
Loss = 8.4923e-02, PNorm = 103.9200, GNorm = 0.7593, lr_0 = 3.6029e-04
Loss = 2.7931e-02, PNorm = 103.9279, GNorm = 0.3112, lr_0 = 3.5992e-04
Loss = 4.5829e-02, PNorm = 103.9386, GNorm = 1.1767, lr_0 = 3.5955e-04
Loss = 5.1441e-02, PNorm = 103.9433, GNorm = 0.3404, lr_0 = 3.5918e-04
Loss = 4.2384e-02, PNorm = 103.9537, GNorm = 0.3913, lr_0 = 3.5881e-04
Loss = 5.3917e-02, PNorm = 103.9623, GNorm = 0.2677, lr_0 = 3.5844e-04
Loss = 8.1195e-02, PNorm = 103.9599, GNorm = 0.3574, lr_0 = 3.5807e-04
Loss = 3.9562e-02, PNorm = 103.9706, GNorm = 0.6747, lr_0 = 3.5771e-04
Loss = 4.3012e-02, PNorm = 103.9813, GNorm = 0.2669, lr_0 = 3.5734e-04
Loss = 3.3356e-02, PNorm = 103.9900, GNorm = 0.6926, lr_0 = 3.5697e-04
Loss = 2.7948e-02, PNorm = 103.9932, GNorm = 0.1909, lr_0 = 3.5661e-04
Loss = 6.5100e-02, PNorm = 103.9941, GNorm = 0.6524, lr_0 = 3.5624e-04
Loss = 5.0801e-02, PNorm = 104.0001, GNorm = 0.3178, lr_0 = 3.5587e-04
Loss = 5.8491e-02, PNorm = 104.0092, GNorm = 0.3933, lr_0 = 3.5551e-04
Loss = 3.3735e-02, PNorm = 104.0213, GNorm = 0.3090, lr_0 = 3.5514e-04
Loss = 2.6729e-02, PNorm = 104.0331, GNorm = 0.5512, lr_0 = 3.5478e-04
Loss = 3.3602e-02, PNorm = 104.0416, GNorm = 0.1507, lr_0 = 3.5441e-04
Loss = 1.4603e-02, PNorm = 104.0477, GNorm = 0.1514, lr_0 = 3.5405e-04
Loss = 4.1268e-02, PNorm = 104.0517, GNorm = 0.1655, lr_0 = 3.5368e-04
Loss = 6.6703e-02, PNorm = 104.0486, GNorm = 0.8487, lr_0 = 3.5332e-04
Loss = 5.5085e-02, PNorm = 104.0476, GNorm = 0.4451, lr_0 = 3.5296e-04
Loss = 4.1013e-02, PNorm = 104.0543, GNorm = 0.3740, lr_0 = 3.5260e-04
Loss = 5.2360e-02, PNorm = 104.0606, GNorm = 0.7510, lr_0 = 3.5223e-04
Loss = 3.5591e-02, PNorm = 104.0726, GNorm = 0.1888, lr_0 = 3.5187e-04
Loss = 7.1790e-02, PNorm = 104.0756, GNorm = 0.3544, lr_0 = 3.5151e-04
Loss = 7.6826e-02, PNorm = 104.0835, GNorm = 0.5625, lr_0 = 3.5115e-04
Loss = 8.7061e-02, PNorm = 104.0888, GNorm = 0.6251, lr_0 = 3.5079e-04
Loss = 4.8510e-02, PNorm = 104.1053, GNorm = 0.4213, lr_0 = 3.5043e-04
Loss = 3.4087e-02, PNorm = 104.1276, GNorm = 1.0742, lr_0 = 3.5007e-04
Loss = 4.1616e-02, PNorm = 104.1400, GNorm = 0.9452, lr_0 = 3.4971e-04
Loss = 6.4363e-02, PNorm = 104.1383, GNorm = 1.0693, lr_0 = 3.4935e-04
Loss = 5.5247e-02, PNorm = 104.1374, GNorm = 0.3644, lr_0 = 3.4899e-04
Loss = 8.6451e-02, PNorm = 104.1406, GNorm = 0.4071, lr_0 = 3.4863e-04
Loss = 1.0069e-01, PNorm = 104.1549, GNorm = 0.6676, lr_0 = 3.4827e-04
Loss = 4.7046e-02, PNorm = 104.1723, GNorm = 0.4516, lr_0 = 3.4792e-04
Loss = 1.8011e-02, PNorm = 104.1890, GNorm = 0.2305, lr_0 = 3.4756e-04
Loss = 3.8537e-02, PNorm = 104.1992, GNorm = 0.1314, lr_0 = 3.4720e-04
Loss = 9.3491e-02, PNorm = 104.1990, GNorm = 0.1950, lr_0 = 3.4684e-04
Loss = 6.1337e-02, PNorm = 104.1998, GNorm = 0.4272, lr_0 = 3.4649e-04
Loss = 5.1204e-02, PNorm = 104.2092, GNorm = 0.3463, lr_0 = 3.4613e-04
Loss = 5.5113e-02, PNorm = 104.2174, GNorm = 0.3847, lr_0 = 3.4578e-04
Loss = 4.3965e-02, PNorm = 104.2275, GNorm = 0.2677, lr_0 = 3.4542e-04
Loss = 4.7688e-02, PNorm = 104.2333, GNorm = 0.5700, lr_0 = 3.4507e-04
Loss = 2.8878e-02, PNorm = 104.2386, GNorm = 0.2472, lr_0 = 3.4471e-04
Loss = 8.6512e-02, PNorm = 104.2401, GNorm = 0.3142, lr_0 = 3.4436e-04
Loss = 5.8174e-02, PNorm = 104.2420, GNorm = 0.4873, lr_0 = 3.4400e-04
Loss = 2.9041e-02, PNorm = 104.2510, GNorm = 0.2608, lr_0 = 3.4365e-04
Loss = 6.2079e-02, PNorm = 104.2563, GNorm = 0.3056, lr_0 = 3.4330e-04
Validation auc = 0.585984
Epoch 15
Loss = 4.2069e-02, PNorm = 104.2619, GNorm = 0.2313, lr_0 = 3.4294e-04
Loss = 3.8132e-02, PNorm = 104.2669, GNorm = 0.5672, lr_0 = 3.4259e-04
Loss = 2.9440e-02, PNorm = 104.2714, GNorm = 0.2776, lr_0 = 3.4224e-04
Loss = 3.9546e-02, PNorm = 104.2766, GNorm = 0.8544, lr_0 = 3.4189e-04
Loss = 5.2007e-02, PNorm = 104.2774, GNorm = 0.5984, lr_0 = 3.4154e-04
Loss = 1.0249e-01, PNorm = 104.2744, GNorm = 0.4581, lr_0 = 3.4119e-04
Loss = 8.9387e-02, PNorm = 104.2786, GNorm = 0.7512, lr_0 = 3.4084e-04
Loss = 3.3561e-02, PNorm = 104.2933, GNorm = 0.3997, lr_0 = 3.4049e-04
Loss = 7.8970e-02, PNorm = 104.3058, GNorm = 0.6999, lr_0 = 3.4014e-04
Loss = 7.3728e-02, PNorm = 104.3097, GNorm = 1.3407, lr_0 = 3.3979e-04
Loss = 5.4308e-02, PNorm = 104.3155, GNorm = 0.4478, lr_0 = 3.3944e-04
Loss = 3.5140e-02, PNorm = 104.3266, GNorm = 0.2836, lr_0 = 3.3909e-04
Loss = 4.8356e-02, PNorm = 104.3365, GNorm = 0.7300, lr_0 = 3.3874e-04
Loss = 4.0505e-02, PNorm = 104.3430, GNorm = 0.6725, lr_0 = 3.3839e-04
Loss = 8.6764e-02, PNorm = 104.3406, GNorm = 0.3955, lr_0 = 3.3804e-04
Loss = 7.1977e-02, PNorm = 104.3462, GNorm = 0.4484, lr_0 = 3.3770e-04
Loss = 3.6947e-02, PNorm = 104.3559, GNorm = 0.4003, lr_0 = 3.3735e-04
Loss = 6.6815e-02, PNorm = 104.3621, GNorm = 0.3073, lr_0 = 3.3700e-04
Loss = 1.5205e-02, PNorm = 104.3706, GNorm = 0.2287, lr_0 = 3.3666e-04
Loss = 5.2833e-02, PNorm = 104.3757, GNorm = 0.2332, lr_0 = 3.3631e-04
Loss = 3.9002e-02, PNorm = 104.3817, GNorm = 0.1908, lr_0 = 3.3597e-04
Loss = 7.9604e-02, PNorm = 104.3834, GNorm = 1.6631, lr_0 = 3.3562e-04
Loss = 4.7915e-02, PNorm = 104.3898, GNorm = 0.3214, lr_0 = 3.3528e-04
Loss = 3.1718e-02, PNorm = 104.3985, GNorm = 0.3027, lr_0 = 3.3493e-04
Loss = 3.0750e-02, PNorm = 104.4094, GNorm = 0.1847, lr_0 = 3.3459e-04
Loss = 3.7158e-02, PNorm = 104.4161, GNorm = 0.1349, lr_0 = 3.3424e-04
Loss = 3.6003e-02, PNorm = 104.4205, GNorm = 0.6302, lr_0 = 3.3390e-04
Loss = 4.2229e-02, PNorm = 104.4241, GNorm = 0.6814, lr_0 = 3.3356e-04
Loss = 5.2029e-02, PNorm = 104.4268, GNorm = 0.2448, lr_0 = 3.3321e-04
Loss = 6.9825e-02, PNorm = 104.4315, GNorm = 0.3601, lr_0 = 3.3287e-04
Loss = 2.1582e-02, PNorm = 104.4452, GNorm = 0.3026, lr_0 = 3.3253e-04
Loss = 5.1267e-02, PNorm = 104.4551, GNorm = 0.6657, lr_0 = 3.3219e-04
Loss = 4.9866e-02, PNorm = 104.4617, GNorm = 0.9869, lr_0 = 3.3185e-04
Loss = 6.5810e-02, PNorm = 104.4625, GNorm = 0.3094, lr_0 = 3.3151e-04
Loss = 5.2806e-02, PNorm = 104.4721, GNorm = 0.3130, lr_0 = 3.3117e-04
Loss = 7.5152e-02, PNorm = 104.4826, GNorm = 0.3289, lr_0 = 3.3082e-04
Loss = 5.3810e-02, PNorm = 104.4889, GNorm = 0.3675, lr_0 = 3.3049e-04
Loss = 5.5866e-02, PNorm = 104.5040, GNorm = 0.3189, lr_0 = 3.3015e-04
Loss = 8.9755e-02, PNorm = 104.5131, GNorm = 0.4349, lr_0 = 3.2981e-04
Loss = 2.8705e-02, PNorm = 104.5298, GNorm = 0.3773, lr_0 = 3.2947e-04
Loss = 4.0134e-02, PNorm = 104.5518, GNorm = 0.2532, lr_0 = 3.2913e-04
Loss = 4.7433e-02, PNorm = 104.5693, GNorm = 0.7822, lr_0 = 3.2879e-04
Loss = 5.6187e-02, PNorm = 104.5668, GNorm = 0.2373, lr_0 = 3.2845e-04
Loss = 8.3491e-02, PNorm = 104.5895, GNorm = 0.3321, lr_0 = 3.2812e-04
Loss = 3.7816e-02, PNorm = 104.6349, GNorm = 0.4905, lr_0 = 3.2778e-04
Loss = 5.1184e-02, PNorm = 104.6607, GNorm = 0.8220, lr_0 = 3.2744e-04
Loss = 5.1666e-02, PNorm = 104.6735, GNorm = 0.3324, lr_0 = 3.2711e-04
Loss = 3.8368e-02, PNorm = 104.6830, GNorm = 0.3266, lr_0 = 3.2677e-04
Loss = 7.1881e-02, PNorm = 104.6899, GNorm = 0.3423, lr_0 = 3.2643e-04
Loss = 5.9932e-02, PNorm = 104.6969, GNorm = 0.7217, lr_0 = 3.2610e-04
Loss = 6.8674e-02, PNorm = 104.7048, GNorm = 0.9179, lr_0 = 3.2576e-04
Loss = 6.6080e-02, PNorm = 104.7131, GNorm = 0.4611, lr_0 = 3.2543e-04
Loss = 4.8105e-02, PNorm = 104.7235, GNorm = 0.4048, lr_0 = 3.2509e-04
Loss = 5.0207e-02, PNorm = 104.7316, GNorm = 0.2300, lr_0 = 3.2476e-04
Loss = 5.4023e-02, PNorm = 104.7368, GNorm = 0.5726, lr_0 = 3.2443e-04
Loss = 7.4793e-02, PNorm = 104.7386, GNorm = 0.3831, lr_0 = 3.2409e-04
Loss = 5.3863e-02, PNorm = 104.7462, GNorm = 0.7271, lr_0 = 3.2376e-04
Loss = 4.1306e-02, PNorm = 104.7556, GNorm = 0.3329, lr_0 = 3.2343e-04
Loss = 3.0595e-02, PNorm = 104.7655, GNorm = 0.2244, lr_0 = 3.2310e-04
Loss = 6.6319e-02, PNorm = 104.7706, GNorm = 0.2558, lr_0 = 3.2276e-04
Loss = 1.1071e-01, PNorm = 104.7725, GNorm = 0.7286, lr_0 = 3.2243e-04
Loss = 2.8023e-02, PNorm = 104.7809, GNorm = 0.5070, lr_0 = 3.2210e-04
Loss = 5.2832e-02, PNorm = 104.7933, GNorm = 0.3866, lr_0 = 3.2177e-04
Loss = 7.0513e-02, PNorm = 104.8025, GNorm = 0.7105, lr_0 = 3.2144e-04
Loss = 3.6962e-02, PNorm = 104.8112, GNorm = 0.2665, lr_0 = 3.2111e-04
Loss = 7.3840e-02, PNorm = 104.8176, GNorm = 0.4379, lr_0 = 3.2078e-04
Loss = 4.4253e-02, PNorm = 104.8266, GNorm = 0.5242, lr_0 = 3.2045e-04
Loss = 7.7559e-02, PNorm = 104.8339, GNorm = 1.0706, lr_0 = 3.2012e-04
Loss = 1.0685e-02, PNorm = 104.8443, GNorm = 0.3085, lr_0 = 3.1979e-04
Loss = 6.3310e-02, PNorm = 104.8571, GNorm = 0.2005, lr_0 = 3.1946e-04
Loss = 7.9186e-02, PNorm = 104.8581, GNorm = 0.3434, lr_0 = 3.1913e-04
Loss = 5.5624e-02, PNorm = 104.8634, GNorm = 0.3953, lr_0 = 3.1881e-04
Loss = 4.0560e-02, PNorm = 104.8745, GNorm = 0.4131, lr_0 = 3.1848e-04
Loss = 6.1831e-02, PNorm = 104.8844, GNorm = 0.2354, lr_0 = 3.1815e-04
Loss = 8.2472e-02, PNorm = 104.8888, GNorm = 1.2609, lr_0 = 3.1782e-04
Loss = 3.1796e-02, PNorm = 104.8959, GNorm = 0.3281, lr_0 = 3.1750e-04
Loss = 3.4265e-02, PNorm = 104.9078, GNorm = 0.4805, lr_0 = 3.1717e-04
Loss = 9.0864e-02, PNorm = 104.9124, GNorm = 0.5042, lr_0 = 3.1685e-04
Loss = 2.5333e-02, PNorm = 104.9213, GNorm = 0.3037, lr_0 = 3.1652e-04
Loss = 2.6554e-02, PNorm = 104.9343, GNorm = 0.5861, lr_0 = 3.1620e-04
Validation auc = 0.562188
Epoch 16
Loss = 5.0691e-02, PNorm = 104.9390, GNorm = 0.2449, lr_0 = 3.1587e-04
Loss = 6.8301e-02, PNorm = 104.9448, GNorm = 0.8104, lr_0 = 3.1555e-04
Loss = 3.3350e-02, PNorm = 104.9545, GNorm = 0.3485, lr_0 = 3.1522e-04
Loss = 5.5423e-02, PNorm = 104.9637, GNorm = 0.6047, lr_0 = 3.1490e-04
Loss = 3.0687e-02, PNorm = 104.9713, GNorm = 0.2381, lr_0 = 3.1457e-04
Loss = 4.8258e-02, PNorm = 104.9797, GNorm = 0.2210, lr_0 = 3.1425e-04
Loss = 3.2856e-02, PNorm = 104.9897, GNorm = 0.9846, lr_0 = 3.1393e-04
Loss = 5.3738e-02, PNorm = 104.9963, GNorm = 0.1718, lr_0 = 3.1361e-04
Loss = 5.5527e-02, PNorm = 104.9984, GNorm = 0.5271, lr_0 = 3.1328e-04
Loss = 1.9103e-02, PNorm = 105.0026, GNorm = 0.3001, lr_0 = 3.1296e-04
Loss = 6.3927e-02, PNorm = 105.0100, GNorm = 0.2585, lr_0 = 3.1264e-04
Loss = 1.8115e-02, PNorm = 105.0190, GNorm = 0.2387, lr_0 = 3.1232e-04
Loss = 6.6837e-02, PNorm = 105.0228, GNorm = 1.3547, lr_0 = 3.1200e-04
Loss = 1.0092e-01, PNorm = 105.0234, GNorm = 0.4441, lr_0 = 3.1168e-04
Loss = 2.5117e-02, PNorm = 105.0288, GNorm = 0.6293, lr_0 = 3.1136e-04
Loss = 6.2256e-02, PNorm = 105.0377, GNorm = 0.3244, lr_0 = 3.1104e-04
Loss = 9.3582e-02, PNorm = 105.0451, GNorm = 0.3724, lr_0 = 3.1072e-04
Loss = 4.9052e-02, PNorm = 105.0559, GNorm = 0.4335, lr_0 = 3.1040e-04
Loss = 5.4418e-02, PNorm = 105.0695, GNorm = 0.4834, lr_0 = 3.1008e-04
Loss = 6.2746e-02, PNorm = 105.0694, GNorm = 0.3362, lr_0 = 3.0976e-04
Loss = 6.2015e-02, PNorm = 105.0750, GNorm = 0.5849, lr_0 = 3.0944e-04
Loss = 4.4286e-02, PNorm = 105.0829, GNorm = 0.4019, lr_0 = 3.0912e-04
Loss = 5.2694e-02, PNorm = 105.0901, GNorm = 0.3479, lr_0 = 3.0881e-04
Loss = 2.7418e-02, PNorm = 105.0989, GNorm = 0.1854, lr_0 = 3.0849e-04
Loss = 5.9023e-02, PNorm = 105.1034, GNorm = 0.1850, lr_0 = 3.0817e-04
Loss = 5.0352e-02, PNorm = 105.1068, GNorm = 0.2707, lr_0 = 3.0786e-04
Loss = 6.4905e-02, PNorm = 105.1111, GNorm = 0.3316, lr_0 = 3.0754e-04
Loss = 5.6805e-02, PNorm = 105.1143, GNorm = 0.4440, lr_0 = 3.0722e-04
Loss = 5.4962e-02, PNorm = 105.1221, GNorm = 0.3105, lr_0 = 3.0691e-04
Loss = 5.1879e-02, PNorm = 105.1307, GNorm = 0.7584, lr_0 = 3.0659e-04
Loss = 1.3985e-02, PNorm = 105.1388, GNorm = 0.2832, lr_0 = 3.0628e-04
Loss = 5.4890e-02, PNorm = 105.1442, GNorm = 1.1464, lr_0 = 3.0596e-04
Loss = 2.7189e-02, PNorm = 105.1481, GNorm = 0.2124, lr_0 = 3.0565e-04
Loss = 4.3832e-02, PNorm = 105.1503, GNorm = 0.1830, lr_0 = 3.0534e-04
Loss = 5.8227e-02, PNorm = 105.1516, GNorm = 0.4914, lr_0 = 3.0502e-04
Loss = 3.8221e-02, PNorm = 105.1541, GNorm = 0.2457, lr_0 = 3.0471e-04
Loss = 7.2690e-02, PNorm = 105.1556, GNorm = 0.6666, lr_0 = 3.0439e-04
Loss = 5.6619e-02, PNorm = 105.1611, GNorm = 0.3484, lr_0 = 3.0408e-04
Loss = 4.9190e-02, PNorm = 105.1679, GNorm = 0.3757, lr_0 = 3.0377e-04
Loss = 6.7840e-02, PNorm = 105.1731, GNorm = 0.2571, lr_0 = 3.0346e-04
Loss = 3.2956e-02, PNorm = 105.1790, GNorm = 0.3306, lr_0 = 3.0315e-04
Loss = 5.7867e-02, PNorm = 105.1872, GNorm = 1.1426, lr_0 = 3.0283e-04
Loss = 1.8912e-02, PNorm = 105.1949, GNorm = 0.2071, lr_0 = 3.0252e-04
Loss = 8.1833e-02, PNorm = 105.2009, GNorm = 0.5469, lr_0 = 3.0221e-04
Loss = 8.3470e-02, PNorm = 105.2048, GNorm = 1.9509, lr_0 = 3.0190e-04
Loss = 5.2524e-02, PNorm = 105.2177, GNorm = 0.5901, lr_0 = 3.0159e-04
Loss = 4.6263e-02, PNorm = 105.2321, GNorm = 0.4185, lr_0 = 3.0128e-04
Loss = 4.6530e-02, PNorm = 105.2458, GNorm = 0.2795, lr_0 = 3.0097e-04
Loss = 6.1501e-02, PNorm = 105.2513, GNorm = 0.2329, lr_0 = 3.0066e-04
Loss = 3.3066e-02, PNorm = 105.2560, GNorm = 0.2565, lr_0 = 3.0035e-04
Loss = 4.8892e-02, PNorm = 105.2615, GNorm = 0.2653, lr_0 = 3.0005e-04
Loss = 8.6907e-02, PNorm = 105.2638, GNorm = 0.3141, lr_0 = 2.9974e-04
Loss = 6.3901e-02, PNorm = 105.2681, GNorm = 0.4475, lr_0 = 2.9943e-04
Loss = 7.7991e-02, PNorm = 105.2709, GNorm = 0.4786, lr_0 = 2.9912e-04
Loss = 3.1933e-02, PNorm = 105.2802, GNorm = 0.3445, lr_0 = 2.9881e-04
Loss = 1.8233e-02, PNorm = 105.2910, GNorm = 0.1617, lr_0 = 2.9851e-04
Loss = 4.3872e-02, PNorm = 105.2954, GNorm = 0.1597, lr_0 = 2.9820e-04
Loss = 1.2681e-01, PNorm = 105.2897, GNorm = 0.5678, lr_0 = 2.9789e-04
Loss = 7.4513e-02, PNorm = 105.2898, GNorm = 0.5417, lr_0 = 2.9759e-04
Loss = 6.0540e-02, PNorm = 105.2988, GNorm = 0.8801, lr_0 = 2.9728e-04
Loss = 2.4961e-02, PNorm = 105.3106, GNorm = 0.3501, lr_0 = 2.9698e-04
Loss = 5.8619e-02, PNorm = 105.3181, GNorm = 0.2552, lr_0 = 2.9667e-04
Loss = 4.0512e-02, PNorm = 105.3241, GNorm = 0.3119, lr_0 = 2.9637e-04
Loss = 3.4679e-02, PNorm = 105.3289, GNorm = 0.2078, lr_0 = 2.9606e-04
Loss = 6.1307e-02, PNorm = 105.3314, GNorm = 0.2151, lr_0 = 2.9576e-04
Loss = 3.1747e-02, PNorm = 105.3342, GNorm = 0.2447, lr_0 = 2.9545e-04
Loss = 3.4122e-02, PNorm = 105.3395, GNorm = 0.2645, lr_0 = 2.9515e-04
Loss = 6.5240e-02, PNorm = 105.3442, GNorm = 0.8996, lr_0 = 2.9485e-04
Loss = 7.6741e-02, PNorm = 105.3403, GNorm = 0.3678, lr_0 = 2.9455e-04
Loss = 6.7891e-02, PNorm = 105.3441, GNorm = 0.6922, lr_0 = 2.9424e-04
Loss = 6.4605e-02, PNorm = 105.3501, GNorm = 0.4494, lr_0 = 2.9394e-04
Loss = 6.6662e-02, PNorm = 105.3588, GNorm = 0.6138, lr_0 = 2.9364e-04
Loss = 5.6414e-02, PNorm = 105.3663, GNorm = 0.3540, lr_0 = 2.9334e-04
Loss = 8.1819e-02, PNorm = 105.3763, GNorm = 0.7789, lr_0 = 2.9304e-04
Loss = 3.6575e-02, PNorm = 105.3821, GNorm = 0.3285, lr_0 = 2.9273e-04
Loss = 3.2578e-02, PNorm = 105.3925, GNorm = 0.2605, lr_0 = 2.9243e-04
Loss = 4.5321e-02, PNorm = 105.4018, GNorm = 0.5460, lr_0 = 2.9213e-04
Loss = 6.4795e-02, PNorm = 105.4027, GNorm = 0.7077, lr_0 = 2.9183e-04
Loss = 2.3948e-02, PNorm = 105.4071, GNorm = 0.2433, lr_0 = 2.9153e-04
Loss = 4.9469e-02, PNorm = 105.4098, GNorm = 0.2342, lr_0 = 2.9123e-04
Validation auc = 0.586031
Epoch 17
Loss = 5.9340e-02, PNorm = 105.4143, GNorm = 0.5458, lr_0 = 2.9093e-04
Loss = 3.6807e-02, PNorm = 105.4208, GNorm = 0.6402, lr_0 = 2.9064e-04
Loss = 7.0072e-02, PNorm = 105.4231, GNorm = 0.3052, lr_0 = 2.9034e-04
Loss = 1.8993e-02, PNorm = 105.4288, GNorm = 0.2910, lr_0 = 2.9004e-04
Loss = 7.6986e-02, PNorm = 105.4336, GNorm = 0.6238, lr_0 = 2.8974e-04
Loss = 4.6003e-02, PNorm = 105.4340, GNorm = 0.7482, lr_0 = 2.8944e-04
Loss = 4.3377e-02, PNorm = 105.4380, GNorm = 0.8474, lr_0 = 2.8915e-04
Loss = 4.6086e-02, PNorm = 105.4439, GNorm = 0.7461, lr_0 = 2.8885e-04
Loss = 4.2218e-02, PNorm = 105.4509, GNorm = 1.6067, lr_0 = 2.8855e-04
Loss = 4.2581e-02, PNorm = 105.4536, GNorm = 0.2459, lr_0 = 2.8825e-04
Loss = 3.5889e-02, PNorm = 105.4585, GNorm = 0.4441, lr_0 = 2.8796e-04
Loss = 3.0587e-02, PNorm = 105.4627, GNorm = 0.7861, lr_0 = 2.8766e-04
Loss = 6.5396e-02, PNorm = 105.4643, GNorm = 0.2294, lr_0 = 2.8737e-04
Loss = 4.6524e-02, PNorm = 105.4671, GNorm = 0.3278, lr_0 = 2.8707e-04
Loss = 2.7495e-02, PNorm = 105.4757, GNorm = 0.2340, lr_0 = 2.8678e-04
Loss = 4.4558e-02, PNorm = 105.4809, GNorm = 0.4456, lr_0 = 2.8648e-04
Loss = 1.0924e-01, PNorm = 105.4813, GNorm = 1.1651, lr_0 = 2.8619e-04
Loss = 3.0431e-02, PNorm = 105.4883, GNorm = 0.3899, lr_0 = 2.8589e-04
Loss = 5.5832e-02, PNorm = 105.4987, GNorm = 0.3287, lr_0 = 2.8560e-04
Loss = 7.6137e-02, PNorm = 105.5055, GNorm = 0.5945, lr_0 = 2.8531e-04
Loss = 6.7202e-02, PNorm = 105.5123, GNorm = 0.6266, lr_0 = 2.8501e-04
Loss = 5.8735e-02, PNorm = 105.5213, GNorm = 0.7511, lr_0 = 2.8472e-04
Loss = 4.0944e-02, PNorm = 105.5284, GNorm = 0.3495, lr_0 = 2.8443e-04
Loss = 1.7698e-02, PNorm = 105.5379, GNorm = 0.1942, lr_0 = 2.8414e-04
Loss = 6.9954e-02, PNorm = 105.5428, GNorm = 1.6908, lr_0 = 2.8384e-04
Loss = 5.8813e-02, PNorm = 105.5414, GNorm = 0.3045, lr_0 = 2.8355e-04
Loss = 7.6535e-02, PNorm = 105.5454, GNorm = 0.6314, lr_0 = 2.8326e-04
Loss = 3.5074e-02, PNorm = 105.5536, GNorm = 0.3338, lr_0 = 2.8297e-04
Loss = 6.1306e-02, PNorm = 105.5597, GNorm = 0.2903, lr_0 = 2.8268e-04
Loss = 6.6267e-02, PNorm = 105.5657, GNorm = 0.8089, lr_0 = 2.8239e-04
Loss = 3.6148e-02, PNorm = 105.5737, GNorm = 0.3982, lr_0 = 2.8210e-04
Loss = 8.2155e-02, PNorm = 105.5784, GNorm = 0.6176, lr_0 = 2.8181e-04
Loss = 3.0742e-02, PNorm = 105.5871, GNorm = 0.4137, lr_0 = 2.8152e-04
Loss = 8.1170e-02, PNorm = 105.5925, GNorm = 0.4003, lr_0 = 2.8123e-04
Loss = 3.9528e-02, PNorm = 105.6028, GNorm = 0.4573, lr_0 = 2.8094e-04
Loss = 5.5542e-02, PNorm = 105.6087, GNorm = 0.2741, lr_0 = 2.8065e-04
Loss = 4.5811e-02, PNorm = 105.6152, GNorm = 0.6954, lr_0 = 2.8036e-04
Loss = 3.5552e-02, PNorm = 105.6238, GNorm = 1.1162, lr_0 = 2.8008e-04
Loss = 5.3981e-02, PNorm = 105.6269, GNorm = 0.2702, lr_0 = 2.7979e-04
Loss = 4.7394e-02, PNorm = 105.6340, GNorm = 0.7644, lr_0 = 2.7950e-04
Loss = 2.8015e-02, PNorm = 105.6421, GNorm = 0.2583, lr_0 = 2.7921e-04
Loss = 1.4862e-02, PNorm = 105.6511, GNorm = 0.1700, lr_0 = 2.7893e-04
Loss = 5.4707e-02, PNorm = 105.6529, GNorm = 0.1912, lr_0 = 2.7864e-04
Loss = 1.1220e-01, PNorm = 105.6454, GNorm = 0.3741, lr_0 = 2.7835e-04
Loss = 4.5671e-02, PNorm = 105.6462, GNorm = 0.5137, lr_0 = 2.7807e-04
Loss = 4.1666e-02, PNorm = 105.6561, GNorm = 0.3397, lr_0 = 2.7778e-04
Loss = 5.0696e-02, PNorm = 105.6652, GNorm = 0.4870, lr_0 = 2.7750e-04
Loss = 3.8578e-02, PNorm = 105.6692, GNorm = 0.8803, lr_0 = 2.7721e-04
Loss = 5.8615e-02, PNorm = 105.6715, GNorm = 0.2742, lr_0 = 2.7693e-04
Loss = 3.9290e-02, PNorm = 105.6772, GNorm = 0.2578, lr_0 = 2.7664e-04
Loss = 4.3322e-02, PNorm = 105.6821, GNorm = 0.2291, lr_0 = 2.7636e-04
Loss = 5.0370e-02, PNorm = 105.6861, GNorm = 0.2840, lr_0 = 2.7607e-04
Loss = 4.3679e-02, PNorm = 105.6909, GNorm = 0.3078, lr_0 = 2.7579e-04
Loss = 6.6661e-02, PNorm = 105.6978, GNorm = 0.5140, lr_0 = 2.7551e-04
Loss = 4.0413e-02, PNorm = 105.7045, GNorm = 0.3033, lr_0 = 2.7522e-04
Loss = 6.2237e-02, PNorm = 105.7086, GNorm = 0.2794, lr_0 = 2.7494e-04
Loss = 2.5562e-02, PNorm = 105.7171, GNorm = 0.2585, lr_0 = 2.7466e-04
Loss = 7.0172e-02, PNorm = 105.7202, GNorm = 0.2827, lr_0 = 2.7438e-04
Loss = 4.3613e-02, PNorm = 105.7254, GNorm = 0.2522, lr_0 = 2.7410e-04
Loss = 2.7604e-02, PNorm = 105.7314, GNorm = 0.2423, lr_0 = 2.7381e-04
Loss = 2.5777e-02, PNorm = 105.7390, GNorm = 0.2131, lr_0 = 2.7353e-04
Loss = 6.2094e-02, PNorm = 105.7462, GNorm = 0.6288, lr_0 = 2.7325e-04
Loss = 6.2618e-02, PNorm = 105.7506, GNorm = 0.3622, lr_0 = 2.7297e-04
Loss = 2.6800e-02, PNorm = 105.7595, GNorm = 0.2466, lr_0 = 2.7269e-04
Loss = 8.6041e-02, PNorm = 105.7627, GNorm = 0.7602, lr_0 = 2.7241e-04
Loss = 8.5304e-02, PNorm = 105.7671, GNorm = 1.0600, lr_0 = 2.7213e-04
Loss = 1.1308e-01, PNorm = 105.7714, GNorm = 0.6666, lr_0 = 2.7185e-04
Loss = 6.1338e-02, PNorm = 105.7804, GNorm = 0.5429, lr_0 = 2.7157e-04
Loss = 7.0509e-02, PNorm = 105.7960, GNorm = 0.6474, lr_0 = 2.7129e-04
Loss = 1.1115e-02, PNorm = 105.8117, GNorm = 0.2189, lr_0 = 2.7101e-04
Loss = 6.8344e-02, PNorm = 105.8185, GNorm = 0.2088, lr_0 = 2.7074e-04
Loss = 3.0167e-02, PNorm = 105.8257, GNorm = 0.2110, lr_0 = 2.7046e-04
Loss = 6.7087e-02, PNorm = 105.8295, GNorm = 0.1675, lr_0 = 2.7018e-04
Loss = 3.1725e-02, PNorm = 105.8349, GNorm = 0.2789, lr_0 = 2.6990e-04
Loss = 5.3821e-02, PNorm = 105.8439, GNorm = 1.0854, lr_0 = 2.6962e-04
Loss = 6.1961e-02, PNorm = 105.8486, GNorm = 0.3883, lr_0 = 2.6935e-04
Loss = 6.5064e-02, PNorm = 105.8600, GNorm = 0.3834, lr_0 = 2.6907e-04
Loss = 5.2221e-02, PNorm = 105.8779, GNorm = 0.2968, lr_0 = 2.6879e-04
Loss = 1.2754e-01, PNorm = 105.8897, GNorm = 0.4144, lr_0 = 2.6852e-04
Loss = 4.0434e-02, PNorm = 105.9068, GNorm = 0.6185, lr_0 = 2.6824e-04
Validation auc = 0.535334
Epoch 18
Loss = 5.0775e-02, PNorm = 105.9252, GNorm = 0.4531, lr_0 = 2.6797e-04
Loss = 5.3777e-02, PNorm = 105.9410, GNorm = 0.2873, lr_0 = 2.6769e-04
Loss = 3.6007e-02, PNorm = 105.9536, GNorm = 0.2475, lr_0 = 2.6742e-04
Loss = 4.5572e-02, PNorm = 105.9622, GNorm = 0.1879, lr_0 = 2.6714e-04
Loss = 5.2996e-02, PNorm = 105.9666, GNorm = 0.2372, lr_0 = 2.6687e-04
Loss = 4.9913e-02, PNorm = 105.9662, GNorm = 0.6662, lr_0 = 2.6659e-04
Loss = 1.7978e-02, PNorm = 105.9741, GNorm = 0.2927, lr_0 = 2.6632e-04
Loss = 2.7273e-02, PNorm = 105.9838, GNorm = 0.1940, lr_0 = 2.6605e-04
Loss = 7.0847e-02, PNorm = 105.9875, GNorm = 0.2552, lr_0 = 2.6577e-04
Loss = 8.5286e-02, PNorm = 105.9905, GNorm = 1.3336, lr_0 = 2.6550e-04
Loss = 5.7625e-02, PNorm = 105.9979, GNorm = 0.5277, lr_0 = 2.6523e-04
Loss = 5.2509e-02, PNorm = 106.0176, GNorm = 0.3619, lr_0 = 2.6495e-04
Loss = 4.1859e-02, PNorm = 106.0344, GNorm = 0.2680, lr_0 = 2.6468e-04
Loss = 4.9563e-02, PNorm = 106.0470, GNorm = 0.6991, lr_0 = 2.6441e-04
Loss = 4.7614e-02, PNorm = 106.0616, GNorm = 0.2947, lr_0 = 2.6414e-04
Loss = 2.9827e-02, PNorm = 106.0773, GNorm = 0.2630, lr_0 = 2.6387e-04
Loss = 5.8790e-02, PNorm = 106.0870, GNorm = 1.2775, lr_0 = 2.6360e-04
Loss = 7.1591e-02, PNorm = 106.0932, GNorm = 0.3628, lr_0 = 2.6332e-04
Loss = 4.6573e-02, PNorm = 106.0992, GNorm = 0.4517, lr_0 = 2.6305e-04
Loss = 5.4549e-02, PNorm = 106.1059, GNorm = 0.3317, lr_0 = 2.6278e-04
Loss = 6.7237e-02, PNorm = 106.1153, GNorm = 0.2932, lr_0 = 2.6251e-04
Loss = 8.4088e-02, PNorm = 106.1224, GNorm = 1.3317, lr_0 = 2.6224e-04
Loss = 3.9398e-02, PNorm = 106.1314, GNorm = 0.4170, lr_0 = 2.6197e-04
Loss = 5.2790e-02, PNorm = 106.1432, GNorm = 0.3269, lr_0 = 2.6171e-04
Loss = 4.8619e-02, PNorm = 106.1543, GNorm = 0.6251, lr_0 = 2.6144e-04
Loss = 1.3415e-01, PNorm = 106.1578, GNorm = 17.7014, lr_0 = 2.6117e-04
Loss = 4.7450e-02, PNorm = 106.1637, GNorm = 0.7595, lr_0 = 2.6090e-04
Loss = 3.9876e-02, PNorm = 106.1856, GNorm = 0.5885, lr_0 = 2.6063e-04
Loss = 5.7002e-02, PNorm = 106.2029, GNorm = 0.6544, lr_0 = 2.6036e-04
Loss = 2.5742e-02, PNorm = 106.2116, GNorm = 0.2528, lr_0 = 2.6010e-04
Loss = 4.3459e-02, PNorm = 106.2186, GNorm = 0.1673, lr_0 = 2.5983e-04
Loss = 6.5477e-02, PNorm = 106.2199, GNorm = 0.7022, lr_0 = 2.5956e-04
Loss = 8.5976e-02, PNorm = 106.2189, GNorm = 1.1284, lr_0 = 2.5930e-04
Loss = 7.7486e-02, PNorm = 106.2222, GNorm = 0.5097, lr_0 = 2.5903e-04
Loss = 5.0458e-02, PNorm = 106.2301, GNorm = 0.4369, lr_0 = 2.5876e-04
Loss = 6.3056e-02, PNorm = 106.2376, GNorm = 0.9093, lr_0 = 2.5850e-04
Loss = 4.2862e-02, PNorm = 106.2427, GNorm = 0.2949, lr_0 = 2.5823e-04
Loss = 6.8701e-03, PNorm = 106.2502, GNorm = 0.1765, lr_0 = 2.5797e-04
Loss = 6.3868e-02, PNorm = 106.2533, GNorm = 0.8628, lr_0 = 2.5770e-04
Loss = 5.4055e-02, PNorm = 106.2532, GNorm = 0.3020, lr_0 = 2.5744e-04
Loss = 6.7837e-02, PNorm = 106.2552, GNorm = 0.3430, lr_0 = 2.5717e-04
Loss = 1.7116e-02, PNorm = 106.2615, GNorm = 0.3440, lr_0 = 2.5691e-04
Loss = 3.9671e-02, PNorm = 106.2683, GNorm = 0.2035, lr_0 = 2.5664e-04
Loss = 5.7574e-02, PNorm = 106.2694, GNorm = 0.2374, lr_0 = 2.5638e-04
Loss = 5.3011e-02, PNorm = 106.2720, GNorm = 0.2560, lr_0 = 2.5612e-04
Loss = 2.7642e-02, PNorm = 106.2764, GNorm = 0.3386, lr_0 = 2.5585e-04
Loss = 4.0794e-02, PNorm = 106.2831, GNorm = 0.3592, lr_0 = 2.5559e-04
Loss = 5.9300e-02, PNorm = 106.2883, GNorm = 0.9812, lr_0 = 2.5533e-04
Loss = 8.9034e-02, PNorm = 106.2905, GNorm = 1.2998, lr_0 = 2.5507e-04
Loss = 8.9052e-02, PNorm = 106.2914, GNorm = 0.6264, lr_0 = 2.5480e-04
Loss = 6.5259e-02, PNorm = 106.2975, GNorm = 0.8223, lr_0 = 2.5454e-04
Loss = 4.8698e-02, PNorm = 106.3081, GNorm = 0.7237, lr_0 = 2.5428e-04
Loss = 2.5736e-02, PNorm = 106.3185, GNorm = 0.2864, lr_0 = 2.5402e-04
Loss = 5.1637e-02, PNorm = 106.3258, GNorm = 0.1821, lr_0 = 2.5376e-04
Loss = 3.4215e-02, PNorm = 106.3278, GNorm = 0.1734, lr_0 = 2.5350e-04
Loss = 3.7791e-02, PNorm = 106.3294, GNorm = 0.2146, lr_0 = 2.5324e-04
Loss = 4.4541e-02, PNorm = 106.3336, GNorm = 0.2596, lr_0 = 2.5298e-04
Loss = 7.1258e-02, PNorm = 106.3345, GNorm = 1.0531, lr_0 = 2.5272e-04
Loss = 6.6596e-02, PNorm = 106.3338, GNorm = 0.3953, lr_0 = 2.5246e-04
Loss = 4.0603e-02, PNorm = 106.3382, GNorm = 0.3827, lr_0 = 2.5220e-04
Loss = 3.7629e-02, PNorm = 106.3445, GNorm = 0.3369, lr_0 = 2.5194e-04
Loss = 8.4096e-02, PNorm = 106.3476, GNorm = 0.3630, lr_0 = 2.5168e-04
Loss = 2.7232e-02, PNorm = 106.3533, GNorm = 0.2899, lr_0 = 2.5142e-04
Loss = 5.4232e-02, PNorm = 106.3578, GNorm = 0.6914, lr_0 = 2.5116e-04
Loss = 5.9514e-02, PNorm = 106.3607, GNorm = 0.8483, lr_0 = 2.5090e-04
Loss = 5.5272e-02, PNorm = 106.3644, GNorm = 0.6859, lr_0 = 2.5065e-04
Loss = 5.9647e-02, PNorm = 106.3682, GNorm = 0.3208, lr_0 = 2.5039e-04
Loss = 3.1591e-02, PNorm = 106.3740, GNorm = 0.8956, lr_0 = 2.5013e-04
Loss = 2.7174e-02, PNorm = 106.3815, GNorm = 0.2453, lr_0 = 2.4988e-04
Loss = 7.0523e-02, PNorm = 106.3862, GNorm = 0.8480, lr_0 = 2.4962e-04
Loss = 9.4861e-02, PNorm = 106.3825, GNorm = 0.4396, lr_0 = 2.4936e-04
Loss = 6.0089e-02, PNorm = 106.3877, GNorm = 0.5548, lr_0 = 2.4911e-04
Loss = 5.4884e-02, PNorm = 106.3961, GNorm = 2.4928, lr_0 = 2.4885e-04
Loss = 6.8920e-02, PNorm = 106.4017, GNorm = 0.5080, lr_0 = 2.4859e-04
Loss = 3.4402e-02, PNorm = 106.4078, GNorm = 0.3777, lr_0 = 2.4834e-04
Loss = 3.8919e-02, PNorm = 106.4152, GNorm = 0.3486, lr_0 = 2.4808e-04
Loss = 7.2063e-02, PNorm = 106.4183, GNorm = 0.2920, lr_0 = 2.4783e-04
Loss = 6.6341e-02, PNorm = 106.4228, GNorm = 1.2363, lr_0 = 2.4757e-04
Loss = 4.7230e-02, PNorm = 106.4257, GNorm = 0.7555, lr_0 = 2.4732e-04
Loss = 6.8671e-02, PNorm = 106.4281, GNorm = 0.4305, lr_0 = 2.4707e-04
Validation auc = 0.590244
Epoch 19
Loss = 5.0170e-02, PNorm = 106.4336, GNorm = 0.4179, lr_0 = 2.4681e-04
Loss = 4.4389e-02, PNorm = 106.4410, GNorm = 0.3770, lr_0 = 2.4656e-04
Loss = 3.9464e-02, PNorm = 106.4478, GNorm = 0.9090, lr_0 = 2.4630e-04
Loss = 4.0252e-02, PNorm = 106.4503, GNorm = 0.2352, lr_0 = 2.4605e-04
Loss = 4.9259e-02, PNorm = 106.4536, GNorm = 0.2397, lr_0 = 2.4580e-04
Loss = 7.6800e-02, PNorm = 106.4529, GNorm = 1.6773, lr_0 = 2.4555e-04
Loss = 3.1411e-02, PNorm = 106.4541, GNorm = 0.3559, lr_0 = 2.4529e-04
Loss = 6.6318e-02, PNorm = 106.4581, GNorm = 0.3447, lr_0 = 2.4504e-04
Loss = 5.3557e-02, PNorm = 106.4630, GNorm = 1.3725, lr_0 = 2.4479e-04
Loss = 1.1236e-01, PNorm = 106.4627, GNorm = 1.0766, lr_0 = 2.4454e-04
Loss = 5.3011e-02, PNorm = 106.4674, GNorm = 0.5216, lr_0 = 2.4429e-04
Loss = 7.3105e-02, PNorm = 106.4733, GNorm = 0.4866, lr_0 = 2.4404e-04
Loss = 6.7034e-02, PNorm = 106.4795, GNorm = 0.9658, lr_0 = 2.4379e-04
Loss = 2.1581e-02, PNorm = 106.4868, GNorm = 0.2903, lr_0 = 2.4354e-04
Loss = 5.2586e-02, PNorm = 106.4919, GNorm = 0.2300, lr_0 = 2.4329e-04
Loss = 4.0900e-02, PNorm = 106.4936, GNorm = 0.2394, lr_0 = 2.4304e-04
Loss = 9.2606e-02, PNorm = 106.4942, GNorm = 0.8624, lr_0 = 2.4279e-04
Loss = 2.7554e-02, PNorm = 106.4978, GNorm = 0.3328, lr_0 = 2.4254e-04
Loss = 2.5806e-02, PNorm = 106.5048, GNorm = 0.4105, lr_0 = 2.4229e-04
Loss = 4.3572e-02, PNorm = 106.5110, GNorm = 0.4093, lr_0 = 2.4204e-04
Loss = 1.8785e-02, PNorm = 106.5160, GNorm = 0.1752, lr_0 = 2.4179e-04
Loss = 6.2695e-02, PNorm = 106.5163, GNorm = 0.2253, lr_0 = 2.4154e-04
Loss = 8.4140e-02, PNorm = 106.5165, GNorm = 0.3532, lr_0 = 2.4129e-04
Loss = 4.4654e-02, PNorm = 106.5198, GNorm = 0.3301, lr_0 = 2.4105e-04
Loss = 4.8242e-02, PNorm = 106.5242, GNorm = 0.3226, lr_0 = 2.4080e-04
Loss = 8.3646e-02, PNorm = 106.5265, GNorm = 0.4027, lr_0 = 2.4055e-04
Loss = 4.7225e-02, PNorm = 106.5307, GNorm = 0.7906, lr_0 = 2.4030e-04
Loss = 8.4990e-02, PNorm = 106.5328, GNorm = 0.3925, lr_0 = 2.4006e-04
Loss = 6.6937e-02, PNorm = 106.5373, GNorm = 1.0218, lr_0 = 2.3981e-04
Loss = 4.3004e-02, PNorm = 106.5445, GNorm = 0.4633, lr_0 = 2.3956e-04
Loss = 4.7468e-02, PNorm = 106.5507, GNorm = 0.3085, lr_0 = 2.3932e-04
Loss = 4.7046e-02, PNorm = 106.5554, GNorm = 0.5237, lr_0 = 2.3907e-04
Loss = 5.2402e-02, PNorm = 106.5593, GNorm = 0.2423, lr_0 = 2.3883e-04
Loss = 4.4647e-02, PNorm = 106.5621, GNorm = 0.2731, lr_0 = 2.3858e-04
Loss = 2.2542e-02, PNorm = 106.5671, GNorm = 0.2492, lr_0 = 2.3833e-04
Loss = 4.2226e-02, PNorm = 106.5722, GNorm = 0.1975, lr_0 = 2.3809e-04
Loss = 4.8580e-02, PNorm = 106.5744, GNorm = 0.4105, lr_0 = 2.3785e-04
Loss = 1.0041e-01, PNorm = 106.5764, GNorm = 0.3393, lr_0 = 2.3760e-04
Loss = 8.7762e-02, PNorm = 106.5786, GNorm = 0.9914, lr_0 = 2.3736e-04
Loss = 5.6030e-02, PNorm = 106.5860, GNorm = 0.4930, lr_0 = 2.3711e-04
Loss = 3.1201e-02, PNorm = 106.5951, GNorm = 0.3586, lr_0 = 2.3687e-04
Loss = 4.4211e-02, PNorm = 106.6031, GNorm = 0.2479, lr_0 = 2.3663e-04
Loss = 1.2729e-02, PNorm = 106.6104, GNorm = 0.1845, lr_0 = 2.3638e-04
Loss = 7.8239e-02, PNorm = 106.6116, GNorm = 0.6549, lr_0 = 2.3614e-04
Loss = 3.5712e-02, PNorm = 106.6112, GNorm = 0.2042, lr_0 = 2.3590e-04
Loss = 6.3319e-02, PNorm = 106.6117, GNorm = 0.3299, lr_0 = 2.3566e-04
Loss = 5.2370e-02, PNorm = 106.6160, GNorm = 0.2811, lr_0 = 2.3541e-04
Loss = 4.3265e-02, PNorm = 106.6199, GNorm = 0.5222, lr_0 = 2.3517e-04
Loss = 9.9530e-02, PNorm = 106.6209, GNorm = 0.7872, lr_0 = 2.3493e-04
Loss = 6.9320e-02, PNorm = 106.6224, GNorm = 0.4758, lr_0 = 2.3469e-04
Loss = 4.1493e-02, PNorm = 106.6289, GNorm = 0.5729, lr_0 = 2.3445e-04
Loss = 3.9783e-02, PNorm = 106.6352, GNorm = 0.3492, lr_0 = 2.3421e-04
Loss = 2.7161e-02, PNorm = 106.6419, GNorm = 0.2205, lr_0 = 2.3397e-04
Loss = 2.7993e-02, PNorm = 106.6483, GNorm = 0.1609, lr_0 = 2.3373e-04
Loss = 5.4416e-02, PNorm = 106.6506, GNorm = 0.1462, lr_0 = 2.3348e-04
Loss = 4.9528e-02, PNorm = 106.6519, GNorm = 0.5710, lr_0 = 2.3325e-04
Loss = 3.8785e-02, PNorm = 106.6532, GNorm = 0.2314, lr_0 = 2.3301e-04
Loss = 5.6436e-02, PNorm = 106.6551, GNorm = 0.2822, lr_0 = 2.3277e-04
Loss = 4.0105e-02, PNorm = 106.6592, GNorm = 0.8087, lr_0 = 2.3253e-04
Loss = 5.8722e-02, PNorm = 106.6608, GNorm = 0.8101, lr_0 = 2.3229e-04
Loss = 6.2419e-02, PNorm = 106.6623, GNorm = 0.3289, lr_0 = 2.3205e-04
Loss = 1.9807e-02, PNorm = 106.6681, GNorm = 0.3110, lr_0 = 2.3181e-04
Loss = 4.3736e-02, PNorm = 106.6744, GNorm = 0.2688, lr_0 = 2.3157e-04
Loss = 1.9067e-02, PNorm = 106.6808, GNorm = 0.2080, lr_0 = 2.3133e-04
Loss = 8.5679e-02, PNorm = 106.6826, GNorm = 0.7721, lr_0 = 2.3110e-04
Loss = 7.0063e-03, PNorm = 106.6846, GNorm = 0.1634, lr_0 = 2.3086e-04
Loss = 3.3287e-02, PNorm = 106.6882, GNorm = 0.1680, lr_0 = 2.3062e-04
Loss = 8.8365e-02, PNorm = 106.6888, GNorm = 0.6552, lr_0 = 2.3039e-04
Loss = 8.1021e-03, PNorm = 106.6889, GNorm = 0.2354, lr_0 = 2.3015e-04
Loss = 3.7334e-02, PNorm = 106.6929, GNorm = 0.2332, lr_0 = 2.2991e-04
Loss = 1.8046e-02, PNorm = 106.6981, GNorm = 0.2111, lr_0 = 2.2968e-04
Loss = 6.0152e-02, PNorm = 106.7017, GNorm = 0.7217, lr_0 = 2.2944e-04
Loss = 6.7126e-02, PNorm = 106.7013, GNorm = 0.2327, lr_0 = 2.2920e-04
Loss = 1.6714e-02, PNorm = 106.7050, GNorm = 0.2817, lr_0 = 2.2897e-04
Loss = 9.5253e-02, PNorm = 106.7079, GNorm = 0.7674, lr_0 = 2.2873e-04
Loss = 9.3812e-02, PNorm = 106.7093, GNorm = 0.7510, lr_0 = 2.2850e-04
Loss = 6.9554e-02, PNorm = 106.7141, GNorm = 0.6186, lr_0 = 2.2826e-04
Loss = 3.5562e-02, PNorm = 106.7242, GNorm = 0.4326, lr_0 = 2.2803e-04
Loss = 5.8605e-02, PNorm = 106.7323, GNorm = 0.3331, lr_0 = 2.2780e-04
Loss = 6.2996e-02, PNorm = 106.7386, GNorm = 0.2683, lr_0 = 2.2756e-04
Validation auc = 0.578740
Epoch 20
Loss = 6.6053e-02, PNorm = 106.7415, GNorm = 0.3047, lr_0 = 2.2733e-04
Loss = 7.0530e-02, PNorm = 106.7455, GNorm = 0.5972, lr_0 = 2.2709e-04
Loss = 3.5955e-02, PNorm = 106.7494, GNorm = 0.3129, lr_0 = 2.2686e-04
Loss = 5.2491e-02, PNorm = 106.7540, GNorm = 0.2298, lr_0 = 2.2663e-04
Loss = 3.7758e-02, PNorm = 106.7605, GNorm = 0.1823, lr_0 = 2.2639e-04
Loss = 3.8825e-02, PNorm = 106.7653, GNorm = 0.1643, lr_0 = 2.2616e-04
Loss = 6.3178e-02, PNorm = 106.7659, GNorm = 0.7331, lr_0 = 2.2593e-04
Loss = 4.8951e-02, PNorm = 106.7657, GNorm = 0.5300, lr_0 = 2.2570e-04
Loss = 4.5211e-02, PNorm = 106.7687, GNorm = 0.4520, lr_0 = 2.2547e-04
Loss = 2.6484e-02, PNorm = 106.7763, GNorm = 0.1742, lr_0 = 2.2523e-04
Loss = 1.4889e-02, PNorm = 106.7836, GNorm = 0.1993, lr_0 = 2.2500e-04
Loss = 4.9453e-02, PNorm = 106.7874, GNorm = 0.1896, lr_0 = 2.2477e-04
Loss = 4.4914e-02, PNorm = 106.7878, GNorm = 0.1955, lr_0 = 2.2454e-04
Loss = 6.1732e-02, PNorm = 106.7908, GNorm = 0.1991, lr_0 = 2.2431e-04
Loss = 6.8709e-02, PNorm = 106.7905, GNorm = 1.0875, lr_0 = 2.2408e-04
Loss = 5.2372e-02, PNorm = 106.7901, GNorm = 0.3384, lr_0 = 2.2385e-04
Loss = 7.1372e-02, PNorm = 106.7940, GNorm = 0.3759, lr_0 = 2.2362e-04
Loss = 7.1414e-02, PNorm = 106.7994, GNorm = 0.4223, lr_0 = 2.2339e-04
Loss = 4.1899e-02, PNorm = 106.8080, GNorm = 0.6315, lr_0 = 2.2316e-04
Loss = 7.0014e-02, PNorm = 106.8120, GNorm = 0.2801, lr_0 = 2.2293e-04
Loss = 8.2367e-02, PNorm = 106.8144, GNorm = 0.5527, lr_0 = 2.2270e-04
Loss = 6.5452e-02, PNorm = 106.8173, GNorm = 0.3884, lr_0 = 2.2247e-04
Loss = 5.4164e-02, PNorm = 106.8234, GNorm = 0.4179, lr_0 = 2.2224e-04
Loss = 5.1654e-02, PNorm = 106.8315, GNorm = 0.3861, lr_0 = 2.2202e-04
Loss = 4.5228e-02, PNorm = 106.8410, GNorm = 0.6865, lr_0 = 2.2179e-04
Loss = 4.6640e-02, PNorm = 106.8471, GNorm = 0.2474, lr_0 = 2.2156e-04
Loss = 9.9548e-02, PNorm = 106.8497, GNorm = 0.6439, lr_0 = 2.2133e-04
Loss = 4.3448e-02, PNorm = 106.8530, GNorm = 0.3663, lr_0 = 2.2110e-04
Loss = 4.4826e-02, PNorm = 106.8593, GNorm = 0.5797, lr_0 = 2.2088e-04
Loss = 5.0173e-02, PNorm = 106.8645, GNorm = 0.7352, lr_0 = 2.2065e-04
Loss = 5.2408e-02, PNorm = 106.8669, GNorm = 0.3050, lr_0 = 2.2042e-04
Loss = 3.8815e-02, PNorm = 106.8704, GNorm = 0.2184, lr_0 = 2.2020e-04
Loss = 5.5317e-02, PNorm = 106.8735, GNorm = 0.6123, lr_0 = 2.1997e-04
Loss = 7.8613e-02, PNorm = 106.8733, GNorm = 0.2821, lr_0 = 2.1975e-04
Loss = 5.5121e-02, PNorm = 106.8750, GNorm = 0.3172, lr_0 = 2.1952e-04
Loss = 3.9013e-02, PNorm = 106.8794, GNorm = 0.3614, lr_0 = 2.1929e-04
Loss = 3.4859e-02, PNorm = 106.8867, GNorm = 0.2935, lr_0 = 2.1907e-04
Loss = 4.5064e-02, PNorm = 106.8926, GNorm = 0.2164, lr_0 = 2.1884e-04
Loss = 2.7237e-02, PNorm = 106.8973, GNorm = 0.2128, lr_0 = 2.1862e-04
Loss = 6.9559e-02, PNorm = 106.8999, GNorm = 0.1895, lr_0 = 2.1839e-04
Loss = 7.6447e-02, PNorm = 106.8986, GNorm = 0.2854, lr_0 = 2.1817e-04
Loss = 7.2565e-02, PNorm = 106.9005, GNorm = 1.2186, lr_0 = 2.1795e-04
Loss = 5.6464e-02, PNorm = 106.9025, GNorm = 0.4361, lr_0 = 2.1772e-04
Loss = 1.6405e-02, PNorm = 106.9118, GNorm = 0.3294, lr_0 = 2.1750e-04
Loss = 2.7648e-02, PNorm = 106.9217, GNorm = 0.5164, lr_0 = 2.1727e-04
Loss = 8.1129e-02, PNorm = 106.9245, GNorm = 0.3785, lr_0 = 2.1705e-04
Loss = 4.1988e-02, PNorm = 106.9266, GNorm = 1.3651, lr_0 = 2.1683e-04
Loss = 3.9861e-02, PNorm = 106.9275, GNorm = 0.4747, lr_0 = 2.1661e-04
Loss = 6.4569e-02, PNorm = 106.9305, GNorm = 0.2609, lr_0 = 2.1638e-04
Loss = 2.8092e-02, PNorm = 106.9355, GNorm = 0.2017, lr_0 = 2.1616e-04
Loss = 2.4728e-02, PNorm = 106.9411, GNorm = 0.2042, lr_0 = 2.1594e-04
Loss = 5.9830e-02, PNorm = 106.9441, GNorm = 0.3637, lr_0 = 2.1572e-04
Loss = 1.0622e-01, PNorm = 106.9420, GNorm = 1.5173, lr_0 = 2.1550e-04
Loss = 3.5771e-02, PNorm = 106.9443, GNorm = 0.3749, lr_0 = 2.1527e-04
Loss = 2.9417e-02, PNorm = 106.9506, GNorm = 0.4486, lr_0 = 2.1505e-04
Loss = 8.9879e-03, PNorm = 106.9586, GNorm = 0.1937, lr_0 = 2.1483e-04
Loss = 4.9059e-02, PNorm = 106.9624, GNorm = 0.8142, lr_0 = 2.1461e-04
Loss = 4.5703e-03, PNorm = 106.9661, GNorm = 0.1187, lr_0 = 2.1439e-04
Loss = 5.8834e-02, PNorm = 106.9681, GNorm = 0.7814, lr_0 = 2.1417e-04
Loss = 5.8418e-02, PNorm = 106.9667, GNorm = 0.1964, lr_0 = 2.1395e-04
Loss = 5.9928e-02, PNorm = 106.9678, GNorm = 0.2854, lr_0 = 2.1373e-04
Loss = 5.1494e-02, PNorm = 106.9712, GNorm = 0.2784, lr_0 = 2.1351e-04
Loss = 4.7202e-02, PNorm = 106.9749, GNorm = 0.3066, lr_0 = 2.1329e-04
Loss = 3.6879e-02, PNorm = 106.9807, GNorm = 0.2601, lr_0 = 2.1307e-04
Loss = 6.9521e-02, PNorm = 106.9840, GNorm = 0.5533, lr_0 = 2.1285e-04
Loss = 2.9035e-02, PNorm = 106.9885, GNorm = 0.2196, lr_0 = 2.1263e-04
Loss = 3.3553e-02, PNorm = 106.9945, GNorm = 0.2379, lr_0 = 2.1242e-04
Loss = 7.9711e-02, PNorm = 106.9960, GNorm = 0.2762, lr_0 = 2.1220e-04
Loss = 5.2609e-02, PNorm = 106.9992, GNorm = 0.2548, lr_0 = 2.1198e-04
Loss = 6.7497e-02, PNorm = 107.0027, GNorm = 0.5698, lr_0 = 2.1176e-04
Loss = 5.9921e-02, PNorm = 107.0076, GNorm = 0.3575, lr_0 = 2.1154e-04
Loss = 4.8608e-02, PNorm = 107.0153, GNorm = 0.3039, lr_0 = 2.1133e-04
Loss = 5.0589e-02, PNorm = 107.0248, GNorm = 2.4744, lr_0 = 2.1111e-04
Loss = 8.4467e-02, PNorm = 107.0250, GNorm = 0.6973, lr_0 = 2.1089e-04
Loss = 3.8357e-02, PNorm = 107.0285, GNorm = 0.2989, lr_0 = 2.1068e-04
Loss = 5.3097e-02, PNorm = 107.0356, GNorm = 0.2811, lr_0 = 2.1046e-04
Loss = 8.1080e-02, PNorm = 107.0412, GNorm = 1.4501, lr_0 = 2.1024e-04
Loss = 6.4081e-02, PNorm = 107.0445, GNorm = 0.3862, lr_0 = 2.1003e-04
Loss = 2.8293e-02, PNorm = 107.0550, GNorm = 0.3119, lr_0 = 2.0981e-04
Loss = 4.0883e-02, PNorm = 107.0658, GNorm = 0.4934, lr_0 = 2.0960e-04
Validation auc = 0.569662
Epoch 21
Loss = 4.4197e-02, PNorm = 107.0724, GNorm = 0.4999, lr_0 = 2.0938e-04
Loss = 3.8010e-02, PNorm = 107.0799, GNorm = 0.8613, lr_0 = 2.0917e-04
Loss = 4.9167e-02, PNorm = 107.0828, GNorm = 0.1926, lr_0 = 2.0895e-04
Loss = 4.4653e-02, PNorm = 107.0879, GNorm = 0.4897, lr_0 = 2.0874e-04
Loss = 3.2944e-02, PNorm = 107.0931, GNorm = 0.2231, lr_0 = 2.0852e-04
Loss = 2.7570e-02, PNorm = 107.1012, GNorm = 0.1690, lr_0 = 2.0831e-04
Loss = 3.6459e-02, PNorm = 107.1083, GNorm = 0.2364, lr_0 = 2.0809e-04
Loss = 5.1813e-02, PNorm = 107.1106, GNorm = 0.1874, lr_0 = 2.0788e-04
Loss = 4.7332e-02, PNorm = 107.1132, GNorm = 0.1939, lr_0 = 2.0767e-04
Loss = 5.4138e-02, PNorm = 107.1176, GNorm = 0.2583, lr_0 = 2.0745e-04
Loss = 2.2924e-02, PNorm = 107.1236, GNorm = 0.2900, lr_0 = 2.0724e-04
Loss = 6.1592e-02, PNorm = 107.1297, GNorm = 0.6446, lr_0 = 2.0703e-04
Loss = 4.5198e-02, PNorm = 107.1352, GNorm = 0.6315, lr_0 = 2.0681e-04
Loss = 6.3389e-02, PNorm = 107.1383, GNorm = 0.2619, lr_0 = 2.0660e-04
Loss = 7.8806e-02, PNorm = 107.1431, GNorm = 0.4911, lr_0 = 2.0639e-04
Loss = 6.6991e-02, PNorm = 107.1449, GNorm = 0.4644, lr_0 = 2.0618e-04
Loss = 6.5561e-02, PNorm = 107.1524, GNorm = 0.4063, lr_0 = 2.0597e-04
Loss = 5.3270e-02, PNorm = 107.1615, GNorm = 0.4339, lr_0 = 2.0575e-04
Loss = 5.9289e-02, PNorm = 107.1678, GNorm = 0.6250, lr_0 = 2.0554e-04
Loss = 5.9580e-02, PNorm = 107.1728, GNorm = 0.3261, lr_0 = 2.0533e-04
Loss = 7.0482e-02, PNorm = 107.1766, GNorm = 0.5229, lr_0 = 2.0512e-04
Loss = 7.3245e-02, PNorm = 107.1819, GNorm = 0.5278, lr_0 = 2.0491e-04
Loss = 9.1385e-02, PNorm = 107.1861, GNorm = 0.9349, lr_0 = 2.0470e-04
Loss = 3.6462e-02, PNorm = 107.1911, GNorm = 0.3808, lr_0 = 2.0449e-04
Loss = 5.7688e-02, PNorm = 107.1986, GNorm = 0.3370, lr_0 = 2.0428e-04
Loss = 4.5388e-02, PNorm = 107.2039, GNorm = 0.2848, lr_0 = 2.0407e-04
Loss = 8.3577e-02, PNorm = 107.2092, GNorm = 0.9604, lr_0 = 2.0386e-04
Loss = 2.7719e-02, PNorm = 107.2138, GNorm = 0.3019, lr_0 = 2.0365e-04
Loss = 7.5732e-02, PNorm = 107.2177, GNorm = 0.2862, lr_0 = 2.0344e-04
Loss = 7.1862e-02, PNorm = 107.2185, GNorm = 0.5729, lr_0 = 2.0323e-04
Loss = 5.9880e-02, PNorm = 107.2230, GNorm = 0.4475, lr_0 = 2.0302e-04
Loss = 3.9983e-02, PNorm = 107.2298, GNorm = 0.3262, lr_0 = 2.0281e-04
Loss = 2.7896e-02, PNorm = 107.2374, GNorm = 0.2261, lr_0 = 2.0261e-04
Loss = 6.4762e-02, PNorm = 107.2417, GNorm = 0.2463, lr_0 = 2.0240e-04
Loss = 8.7329e-02, PNorm = 107.2447, GNorm = 0.3440, lr_0 = 2.0219e-04
Loss = 7.7476e-02, PNorm = 107.2478, GNorm = 0.6740, lr_0 = 2.0198e-04
Loss = 5.1425e-02, PNorm = 107.2545, GNorm = 0.3970, lr_0 = 2.0177e-04
Loss = 4.8618e-02, PNorm = 107.2632, GNorm = 0.5824, lr_0 = 2.0157e-04
Loss = 4.8085e-02, PNorm = 107.2686, GNorm = 0.5914, lr_0 = 2.0136e-04
Loss = 5.7759e-02, PNorm = 107.2721, GNorm = 0.8965, lr_0 = 2.0115e-04
Loss = 5.0836e-02, PNorm = 107.2742, GNorm = 0.2505, lr_0 = 2.0095e-04
Loss = 5.1227e-02, PNorm = 107.2775, GNorm = 0.2829, lr_0 = 2.0074e-04
Loss = 7.0141e-02, PNorm = 107.2799, GNorm = 0.5657, lr_0 = 2.0053e-04
Loss = 4.9469e-02, PNorm = 107.2853, GNorm = 0.5567, lr_0 = 2.0033e-04
Loss = 3.5829e-02, PNorm = 107.2918, GNorm = 0.2783, lr_0 = 2.0012e-04
Loss = 1.5562e-02, PNorm = 107.3014, GNorm = 0.1929, lr_0 = 1.9992e-04
Loss = 2.5837e-02, PNorm = 107.3090, GNorm = 0.1533, lr_0 = 1.9971e-04
Loss = 3.9827e-02, PNorm = 107.3159, GNorm = 0.9207, lr_0 = 1.9951e-04
Loss = 2.1907e-02, PNorm = 107.3181, GNorm = 0.1266, lr_0 = 1.9930e-04
Loss = 3.9452e-02, PNorm = 107.3219, GNorm = 0.1246, lr_0 = 1.9910e-04
Loss = 3.4743e-02, PNorm = 107.3242, GNorm = 0.1602, lr_0 = 1.9889e-04
Loss = 6.4516e-02, PNorm = 107.3230, GNorm = 0.2020, lr_0 = 1.9869e-04
Loss = 3.7427e-02, PNorm = 107.3247, GNorm = 0.6915, lr_0 = 1.9848e-04
Loss = 2.4067e-02, PNorm = 107.3300, GNorm = 0.1668, lr_0 = 1.9828e-04
Loss = 7.6045e-02, PNorm = 107.3297, GNorm = 0.2190, lr_0 = 1.9808e-04
Loss = 2.7196e-02, PNorm = 107.3328, GNorm = 0.2341, lr_0 = 1.9787e-04
Loss = 7.8679e-02, PNorm = 107.3342, GNorm = 0.6039, lr_0 = 1.9767e-04
Loss = 6.3009e-02, PNorm = 107.3350, GNorm = 0.3415, lr_0 = 1.9747e-04
Loss = 5.6477e-02, PNorm = 107.3404, GNorm = 0.5633, lr_0 = 1.9726e-04
Loss = 2.9550e-02, PNorm = 107.3463, GNorm = 0.2885, lr_0 = 1.9706e-04
Loss = 4.9352e-02, PNorm = 107.3506, GNorm = 0.4291, lr_0 = 1.9686e-04
Loss = 6.7177e-02, PNorm = 107.3506, GNorm = 0.2725, lr_0 = 1.9666e-04
Loss = 4.6080e-02, PNorm = 107.3525, GNorm = 0.2802, lr_0 = 1.9645e-04
Loss = 8.2133e-02, PNorm = 107.3558, GNorm = 1.1839, lr_0 = 1.9625e-04
Loss = 3.0331e-02, PNorm = 107.3595, GNorm = 0.3124, lr_0 = 1.9605e-04
Loss = 5.8587e-02, PNorm = 107.3653, GNorm = 0.5988, lr_0 = 1.9585e-04
Loss = 4.9158e-02, PNorm = 107.3708, GNorm = 1.4901, lr_0 = 1.9565e-04
Loss = 5.0680e-02, PNorm = 107.3727, GNorm = 0.2392, lr_0 = 1.9545e-04
Loss = 8.0133e-02, PNorm = 107.3755, GNorm = 1.0514, lr_0 = 1.9525e-04
Loss = 7.0282e-02, PNorm = 107.3775, GNorm = 0.5195, lr_0 = 1.9504e-04
Loss = 5.4249e-02, PNorm = 107.3823, GNorm = 0.5609, lr_0 = 1.9484e-04
Loss = 4.8470e-02, PNorm = 107.3877, GNorm = 0.3382, lr_0 = 1.9464e-04
Loss = 4.7795e-02, PNorm = 107.3943, GNorm = 0.4772, lr_0 = 1.9444e-04
Loss = 3.7764e-02, PNorm = 107.4004, GNorm = 1.1093, lr_0 = 1.9424e-04
Loss = 2.6404e-02, PNorm = 107.4061, GNorm = 0.2057, lr_0 = 1.9404e-04
Loss = 8.1858e-02, PNorm = 107.4076, GNorm = 0.2771, lr_0 = 1.9385e-04
Loss = 4.7081e-02, PNorm = 107.4106, GNorm = 0.2746, lr_0 = 1.9365e-04
Loss = 3.9272e-02, PNorm = 107.4162, GNorm = 1.2635, lr_0 = 1.9345e-04
Loss = 7.7472e-02, PNorm = 107.4199, GNorm = 0.5105, lr_0 = 1.9325e-04
Loss = 4.3230e-02, PNorm = 107.4235, GNorm = 0.2910, lr_0 = 1.9305e-04
Validation auc = 0.565172
Epoch 22
Loss = 8.6726e-02, PNorm = 107.4260, GNorm = 1.1433, lr_0 = 1.9285e-04
Loss = 5.6368e-02, PNorm = 107.4308, GNorm = 0.7973, lr_0 = 1.9265e-04
Loss = 4.1755e-02, PNorm = 107.4379, GNorm = 0.3690, lr_0 = 1.9246e-04
Loss = 3.5075e-02, PNorm = 107.4478, GNorm = 0.5203, lr_0 = 1.9226e-04
Loss = 3.6582e-02, PNorm = 107.4554, GNorm = 0.2263, lr_0 = 1.9206e-04
Loss = 7.5073e-02, PNorm = 107.4599, GNorm = 0.8512, lr_0 = 1.9186e-04
Loss = 2.6093e-02, PNorm = 107.4664, GNorm = 0.5065, lr_0 = 1.9167e-04
Loss = 5.9078e-02, PNorm = 107.4739, GNorm = 0.1866, lr_0 = 1.9147e-04
Loss = 3.7837e-02, PNorm = 107.4796, GNorm = 0.7845, lr_0 = 1.9127e-04
Loss = 3.6391e-02, PNorm = 107.4838, GNorm = 0.2136, lr_0 = 1.9108e-04
Loss = 3.1331e-02, PNorm = 107.4895, GNorm = 0.5818, lr_0 = 1.9088e-04
Loss = 6.6762e-02, PNorm = 107.4926, GNorm = 0.8043, lr_0 = 1.9068e-04
Loss = 9.2037e-02, PNorm = 107.4917, GNorm = 3.2383, lr_0 = 1.9049e-04
Loss = 4.1739e-02, PNorm = 107.4884, GNorm = 0.5310, lr_0 = 1.9029e-04
Loss = 3.9640e-02, PNorm = 107.4933, GNorm = 0.5979, lr_0 = 1.9010e-04
Loss = 8.1428e-02, PNorm = 107.4954, GNorm = 0.5860, lr_0 = 1.8990e-04
Loss = 7.5606e-02, PNorm = 107.4991, GNorm = 0.4920, lr_0 = 1.8971e-04
Loss = 9.4263e-02, PNorm = 107.5035, GNorm = 0.4510, lr_0 = 1.8951e-04
Loss = 4.5534e-02, PNorm = 107.5097, GNorm = 0.4003, lr_0 = 1.8932e-04
Loss = 5.0973e-02, PNorm = 107.5167, GNorm = 0.3995, lr_0 = 1.8912e-04
Loss = 3.9353e-02, PNorm = 107.5224, GNorm = 0.2585, lr_0 = 1.8893e-04
Loss = 5.5306e-02, PNorm = 107.5273, GNorm = 0.6764, lr_0 = 1.8873e-04
Loss = 4.6871e-02, PNorm = 107.5303, GNorm = 0.2093, lr_0 = 1.8854e-04
Loss = 5.1104e-02, PNorm = 107.5326, GNorm = 0.2928, lr_0 = 1.8835e-04
Loss = 6.1152e-02, PNorm = 107.5354, GNorm = 0.2881, lr_0 = 1.8815e-04
Loss = 6.7577e-02, PNorm = 107.5370, GNorm = 0.3115, lr_0 = 1.8796e-04
Loss = 6.2570e-02, PNorm = 107.5393, GNorm = 0.3391, lr_0 = 1.8777e-04
Loss = 3.8196e-02, PNorm = 107.5445, GNorm = 0.3157, lr_0 = 1.8757e-04
Loss = 4.1964e-02, PNorm = 107.5501, GNorm = 0.4414, lr_0 = 1.8738e-04
Loss = 5.4352e-02, PNorm = 107.5547, GNorm = 0.5818, lr_0 = 1.8719e-04
Loss = 4.2878e-02, PNorm = 107.5597, GNorm = 0.2073, lr_0 = 1.8700e-04
Loss = 6.4761e-02, PNorm = 107.5625, GNorm = 0.5975, lr_0 = 1.8680e-04
Loss = 7.7542e-02, PNorm = 107.5632, GNorm = 0.3350, lr_0 = 1.8661e-04
Loss = 9.7647e-02, PNorm = 107.5640, GNorm = 0.3840, lr_0 = 1.8642e-04
Loss = 9.0381e-02, PNorm = 107.5660, GNorm = 1.0321, lr_0 = 1.8623e-04
Loss = 4.1703e-02, PNorm = 107.5714, GNorm = 0.5492, lr_0 = 1.8604e-04
Loss = 5.3511e-02, PNorm = 107.5800, GNorm = 0.3534, lr_0 = 1.8585e-04
Loss = 3.0687e-02, PNorm = 107.5884, GNorm = 0.2150, lr_0 = 1.8565e-04
Loss = 4.4725e-02, PNorm = 107.5962, GNorm = 0.6474, lr_0 = 1.8546e-04
Loss = 5.2732e-02, PNorm = 107.5996, GNorm = 0.2126, lr_0 = 1.8527e-04
Loss = 6.3752e-02, PNorm = 107.6022, GNorm = 0.2757, lr_0 = 1.8508e-04
Loss = 2.3156e-02, PNorm = 107.6073, GNorm = 0.2501, lr_0 = 1.8489e-04
Loss = 4.3893e-02, PNorm = 107.6166, GNorm = 0.1864, lr_0 = 1.8470e-04
Loss = 4.3108e-02, PNorm = 107.6195, GNorm = 0.6864, lr_0 = 1.8451e-04
Loss = 7.7329e-02, PNorm = 107.6195, GNorm = 0.3145, lr_0 = 1.8432e-04
Loss = 3.7510e-02, PNorm = 107.6218, GNorm = 0.3053, lr_0 = 1.8413e-04
Loss = 1.1767e-02, PNorm = 107.6286, GNorm = 0.2189, lr_0 = 1.8394e-04
Loss = 1.8171e-02, PNorm = 107.6360, GNorm = 0.1622, lr_0 = 1.8376e-04
Loss = 5.8417e-02, PNorm = 107.6385, GNorm = 0.8110, lr_0 = 1.8357e-04
Loss = 1.1417e-02, PNorm = 107.6398, GNorm = 0.1795, lr_0 = 1.8338e-04
Loss = 5.7629e-02, PNorm = 107.6406, GNorm = 0.1675, lr_0 = 1.8319e-04
Loss = 1.2865e-01, PNorm = 107.6372, GNorm = 1.2343, lr_0 = 1.8300e-04
Loss = 6.5900e-02, PNorm = 107.6360, GNorm = 0.5189, lr_0 = 1.8281e-04
Loss = 8.9264e-02, PNorm = 107.6418, GNorm = 0.3833, lr_0 = 1.8263e-04
Loss = 3.2520e-02, PNorm = 107.6531, GNorm = 0.3677, lr_0 = 1.8244e-04
Loss = 5.4522e-02, PNorm = 107.6633, GNorm = 0.2805, lr_0 = 1.8225e-04
Loss = 3.5226e-02, PNorm = 107.6724, GNorm = 0.2121, lr_0 = 1.8206e-04
Loss = 4.1526e-02, PNorm = 107.6796, GNorm = 0.1921, lr_0 = 1.8188e-04
Loss = 5.2566e-02, PNorm = 107.6840, GNorm = 0.6206, lr_0 = 1.8169e-04
Loss = 3.8605e-02, PNorm = 107.6895, GNorm = 0.5444, lr_0 = 1.8150e-04
Loss = 6.3736e-02, PNorm = 107.6911, GNorm = 0.2066, lr_0 = 1.8132e-04
Loss = 3.5691e-02, PNorm = 107.6956, GNorm = 0.2905, lr_0 = 1.8113e-04
Loss = 7.6830e-02, PNorm = 107.7015, GNorm = 0.2733, lr_0 = 1.8094e-04
Loss = 5.7445e-02, PNorm = 107.7031, GNorm = 0.8595, lr_0 = 1.8076e-04
Loss = 4.5787e-02, PNorm = 107.6992, GNorm = 0.2856, lr_0 = 1.8057e-04
Loss = 2.4133e-02, PNorm = 107.7032, GNorm = 0.2427, lr_0 = 1.8039e-04
Loss = 4.3401e-02, PNorm = 107.7080, GNorm = 0.1920, lr_0 = 1.8020e-04
Loss = 6.7333e-02, PNorm = 107.7091, GNorm = 0.9986, lr_0 = 1.8002e-04
Loss = 8.1205e-02, PNorm = 107.7089, GNorm = 1.0851, lr_0 = 1.7983e-04
Loss = 4.0978e-02, PNorm = 107.7104, GNorm = 0.2918, lr_0 = 1.7965e-04
Loss = 5.4713e-02, PNorm = 107.7144, GNorm = 0.3796, lr_0 = 1.7946e-04
Loss = 4.5779e-02, PNorm = 107.7183, GNorm = 0.2950, lr_0 = 1.7928e-04
Loss = 2.6093e-02, PNorm = 107.7241, GNorm = 0.2317, lr_0 = 1.7909e-04
Loss = 4.1929e-02, PNorm = 107.7288, GNorm = 0.9774, lr_0 = 1.7891e-04
Loss = 6.4924e-02, PNorm = 107.7306, GNorm = 0.4363, lr_0 = 1.7873e-04
Loss = 1.7136e-02, PNorm = 107.7328, GNorm = 0.2027, lr_0 = 1.7854e-04
Loss = 5.8200e-02, PNorm = 107.7338, GNorm = 0.6076, lr_0 = 1.7836e-04
Loss = 7.8833e-03, PNorm = 107.7365, GNorm = 0.2533, lr_0 = 1.7818e-04
Loss = 5.8520e-03, PNorm = 107.7419, GNorm = 0.1367, lr_0 = 1.7799e-04
Loss = 7.8461e-02, PNorm = 107.7432, GNorm = 0.5542, lr_0 = 1.7781e-04
Validation auc = 0.555845
Epoch 23
Loss = 6.4376e-02, PNorm = 107.7394, GNorm = 0.1822, lr_0 = 1.7763e-04
Loss = 4.5428e-02, PNorm = 107.7383, GNorm = 0.2788, lr_0 = 1.7744e-04
Loss = 7.5970e-02, PNorm = 107.7398, GNorm = 0.2704, lr_0 = 1.7726e-04
Loss = 4.5971e-02, PNorm = 107.7428, GNorm = 0.3155, lr_0 = 1.7708e-04
Loss = 6.5232e-02, PNorm = 107.7477, GNorm = 0.3009, lr_0 = 1.7690e-04
Loss = 4.3424e-02, PNorm = 107.7523, GNorm = 0.2996, lr_0 = 1.7672e-04
Loss = 3.2683e-02, PNorm = 107.7581, GNorm = 0.2347, lr_0 = 1.7653e-04
Loss = 7.4047e-02, PNorm = 107.7617, GNorm = 1.1649, lr_0 = 1.7635e-04
Loss = 6.3024e-02, PNorm = 107.7634, GNorm = 0.6082, lr_0 = 1.7617e-04
Loss = 8.7472e-02, PNorm = 107.7648, GNorm = 0.5157, lr_0 = 1.7599e-04
Loss = 5.7009e-02, PNorm = 107.7657, GNorm = 0.3822, lr_0 = 1.7581e-04
Loss = 4.1176e-02, PNorm = 107.7706, GNorm = 0.3739, lr_0 = 1.7563e-04
Loss = 4.7819e-02, PNorm = 107.7756, GNorm = 0.5694, lr_0 = 1.7545e-04
Loss = 3.7222e-02, PNorm = 107.7807, GNorm = 0.7370, lr_0 = 1.7527e-04
Loss = 2.3718e-02, PNorm = 107.7863, GNorm = 0.1795, lr_0 = 1.7509e-04
Loss = 7.3648e-02, PNorm = 107.7894, GNorm = 1.0375, lr_0 = 1.7491e-04
Loss = 4.1584e-02, PNorm = 107.7897, GNorm = 0.2226, lr_0 = 1.7473e-04
Loss = 4.5802e-02, PNorm = 107.7924, GNorm = 0.5652, lr_0 = 1.7455e-04
Loss = 3.2634e-02, PNorm = 107.7954, GNorm = 0.2432, lr_0 = 1.7437e-04
Loss = 6.0056e-02, PNorm = 107.7993, GNorm = 0.5076, lr_0 = 1.7419e-04
Loss = 7.1553e-02, PNorm = 107.8007, GNorm = 0.2759, lr_0 = 1.7401e-04
Loss = 3.8416e-02, PNorm = 107.8051, GNorm = 0.3130, lr_0 = 1.7383e-04
Loss = 6.6000e-02, PNorm = 107.8091, GNorm = 0.2790, lr_0 = 1.7366e-04
Loss = 2.6872e-02, PNorm = 107.8135, GNorm = 0.2184, lr_0 = 1.7348e-04
Loss = 3.5065e-02, PNorm = 107.8183, GNorm = 0.1584, lr_0 = 1.7330e-04
Loss = 6.7808e-02, PNorm = 107.8201, GNorm = 0.7195, lr_0 = 1.7312e-04
Loss = 2.7967e-02, PNorm = 107.8232, GNorm = 0.2079, lr_0 = 1.7294e-04
Loss = 8.3726e-02, PNorm = 107.8246, GNorm = 0.2534, lr_0 = 1.7276e-04
Loss = 7.2634e-02, PNorm = 107.8265, GNorm = 0.2987, lr_0 = 1.7259e-04
Loss = 3.9883e-02, PNorm = 107.8310, GNorm = 1.0540, lr_0 = 1.7241e-04
Loss = 7.6703e-02, PNorm = 107.8341, GNorm = 0.3167, lr_0 = 1.7223e-04
Loss = 3.2948e-02, PNorm = 107.8378, GNorm = 0.3075, lr_0 = 1.7206e-04
Loss = 4.0119e-02, PNorm = 107.8437, GNorm = 0.4755, lr_0 = 1.7188e-04
Loss = 3.5583e-02, PNorm = 107.8498, GNorm = 0.2271, lr_0 = 1.7170e-04
Loss = 7.0576e-02, PNorm = 107.8536, GNorm = 0.2313, lr_0 = 1.7153e-04
Loss = 4.8634e-02, PNorm = 107.8548, GNorm = 0.2401, lr_0 = 1.7135e-04
Loss = 4.7993e-02, PNorm = 107.8544, GNorm = 0.8291, lr_0 = 1.7117e-04
Loss = 2.8433e-02, PNorm = 107.8568, GNorm = 0.2467, lr_0 = 1.7100e-04
Loss = 3.5756e-02, PNorm = 107.8611, GNorm = 0.2062, lr_0 = 1.7082e-04
Loss = 8.0866e-02, PNorm = 107.8635, GNorm = 0.7430, lr_0 = 1.7065e-04
Loss = 4.4346e-02, PNorm = 107.8656, GNorm = 0.2815, lr_0 = 1.7047e-04
Loss = 5.7342e-02, PNorm = 107.8685, GNorm = 0.5313, lr_0 = 1.7030e-04
Loss = 5.0714e-02, PNorm = 107.8723, GNorm = 0.2884, lr_0 = 1.7012e-04
Loss = 5.9776e-02, PNorm = 107.8776, GNorm = 0.8299, lr_0 = 1.6995e-04
Loss = 7.4869e-02, PNorm = 107.8792, GNorm = 0.3058, lr_0 = 1.6977e-04
Loss = 4.8358e-02, PNorm = 107.8837, GNorm = 0.3309, lr_0 = 1.6960e-04
Loss = 3.1658e-02, PNorm = 107.8901, GNorm = 0.2388, lr_0 = 1.6942e-04
Loss = 3.9249e-02, PNorm = 107.8948, GNorm = 0.2070, lr_0 = 1.6925e-04
Loss = 1.8793e-02, PNorm = 107.9014, GNorm = 0.4163, lr_0 = 1.6908e-04
Loss = 4.4826e-02, PNorm = 107.9052, GNorm = 0.1683, lr_0 = 1.6890e-04
Loss = 4.3031e-02, PNorm = 107.9080, GNorm = 0.1751, lr_0 = 1.6873e-04
Loss = 6.3197e-02, PNorm = 107.9093, GNorm = 0.6132, lr_0 = 1.6855e-04
Loss = 2.9047e-02, PNorm = 107.9114, GNorm = 0.2174, lr_0 = 1.6838e-04
Loss = 5.2662e-02, PNorm = 107.9133, GNorm = 0.1934, lr_0 = 1.6821e-04
Loss = 3.6203e-02, PNorm = 107.9155, GNorm = 0.3970, lr_0 = 1.6804e-04
Loss = 5.4766e-02, PNorm = 107.9174, GNorm = 0.6736, lr_0 = 1.6786e-04
Loss = 4.4235e-02, PNorm = 107.9194, GNorm = 0.1950, lr_0 = 1.6769e-04
Loss = 3.2213e-02, PNorm = 107.9230, GNorm = 0.2022, lr_0 = 1.6752e-04
Loss = 7.2172e-02, PNorm = 107.9251, GNorm = 0.1918, lr_0 = 1.6735e-04
Loss = 7.0966e-02, PNorm = 107.9277, GNorm = 0.4715, lr_0 = 1.6717e-04
Loss = 5.4461e-02, PNorm = 107.9312, GNorm = 0.3275, lr_0 = 1.6700e-04
Loss = 5.0954e-02, PNorm = 107.9364, GNorm = 0.2703, lr_0 = 1.6683e-04
Loss = 3.7333e-02, PNorm = 107.9418, GNorm = 0.2731, lr_0 = 1.6666e-04
Loss = 1.8695e-02, PNorm = 107.9479, GNorm = 0.2190, lr_0 = 1.6649e-04
Loss = 8.2495e-02, PNorm = 107.9503, GNorm = 0.6001, lr_0 = 1.6632e-04
Loss = 5.8828e-02, PNorm = 107.9510, GNorm = 0.1948, lr_0 = 1.6615e-04
Loss = 6.6709e-02, PNorm = 107.9489, GNorm = 0.6240, lr_0 = 1.6598e-04
Loss = 5.6870e-02, PNorm = 107.9494, GNorm = 0.3567, lr_0 = 1.6581e-04
Loss = 4.5473e-02, PNorm = 107.9547, GNorm = 0.9092, lr_0 = 1.6563e-04
Loss = 3.7960e-02, PNorm = 107.9601, GNorm = 0.3946, lr_0 = 1.6546e-04
Loss = 3.3437e-02, PNorm = 107.9648, GNorm = 0.2210, lr_0 = 1.6529e-04
Loss = 6.9189e-02, PNorm = 107.9693, GNorm = 2.0813, lr_0 = 1.6512e-04
Loss = 2.7889e-02, PNorm = 107.9704, GNorm = 0.2303, lr_0 = 1.6496e-04
Loss = 5.4619e-02, PNorm = 107.9738, GNorm = 1.8082, lr_0 = 1.6479e-04
Loss = 7.3163e-02, PNorm = 107.9725, GNorm = 0.3172, lr_0 = 1.6462e-04
Loss = 4.5288e-02, PNorm = 107.9737, GNorm = 0.4228, lr_0 = 1.6445e-04
Loss = 5.1179e-02, PNorm = 107.9753, GNorm = 0.2990, lr_0 = 1.6428e-04
Loss = 3.1454e-02, PNorm = 107.9796, GNorm = 0.2736, lr_0 = 1.6411e-04
Loss = 5.9234e-02, PNorm = 107.9821, GNorm = 0.4114, lr_0 = 1.6394e-04
Loss = 9.1595e-02, PNorm = 107.9821, GNorm = 0.2458, lr_0 = 1.6377e-04
Validation auc = 0.546383
Epoch 24
Loss = 6.7598e-02, PNorm = 107.9823, GNorm = 0.3432, lr_0 = 1.6360e-04
Loss = 4.9695e-02, PNorm = 107.9858, GNorm = 0.3226, lr_0 = 1.6344e-04
Loss = 3.7213e-02, PNorm = 107.9913, GNorm = 0.2997, lr_0 = 1.6327e-04
Loss = 5.6014e-02, PNorm = 107.9959, GNorm = 0.2461, lr_0 = 1.6310e-04
Loss = 9.4432e-02, PNorm = 107.9968, GNorm = 0.3164, lr_0 = 1.6293e-04
Loss = 2.7855e-02, PNorm = 108.0002, GNorm = 0.3461, lr_0 = 1.6277e-04
Loss = 6.2170e-02, PNorm = 108.0060, GNorm = 1.0004, lr_0 = 1.6260e-04
Loss = 6.5927e-02, PNorm = 108.0090, GNorm = 0.2374, lr_0 = 1.6243e-04
Loss = 7.0600e-02, PNorm = 108.0129, GNorm = 0.3036, lr_0 = 1.6226e-04
Loss = 5.2081e-02, PNorm = 108.0156, GNorm = 0.3010, lr_0 = 1.6210e-04
Loss = 1.1324e-01, PNorm = 108.0178, GNorm = 0.8972, lr_0 = 1.6193e-04
Loss = 6.5152e-02, PNorm = 108.0231, GNorm = 0.4591, lr_0 = 1.6176e-04
Loss = 4.6665e-02, PNorm = 108.0298, GNorm = 0.3662, lr_0 = 1.6160e-04
Loss = 4.1382e-02, PNorm = 108.0371, GNorm = 0.3603, lr_0 = 1.6143e-04
Loss = 3.1119e-02, PNorm = 108.0428, GNorm = 0.2139, lr_0 = 1.6127e-04
Loss = 3.7918e-02, PNorm = 108.0472, GNorm = 0.1898, lr_0 = 1.6110e-04
Loss = 7.2270e-02, PNorm = 108.0478, GNorm = 1.2028, lr_0 = 1.6094e-04
Loss = 2.5851e-02, PNorm = 108.0493, GNorm = 0.2532, lr_0 = 1.6077e-04
Loss = 6.5487e-02, PNorm = 108.0508, GNorm = 0.8564, lr_0 = 1.6060e-04
Loss = 7.6638e-02, PNorm = 108.0517, GNorm = 0.2436, lr_0 = 1.6044e-04
Loss = 5.7711e-02, PNorm = 108.0560, GNorm = 1.7778, lr_0 = 1.6028e-04
Loss = 4.5301e-02, PNorm = 108.0609, GNorm = 0.3323, lr_0 = 1.6011e-04
Loss = 3.7938e-02, PNorm = 108.0669, GNorm = 0.2473, lr_0 = 1.5995e-04
Loss = 7.7999e-02, PNorm = 108.0696, GNorm = 0.9860, lr_0 = 1.5978e-04
Loss = 5.6969e-02, PNorm = 108.0717, GNorm = 0.3050, lr_0 = 1.5962e-04
Loss = 5.3617e-02, PNorm = 108.0755, GNorm = 0.3341, lr_0 = 1.5945e-04
Loss = 3.8581e-02, PNorm = 108.0804, GNorm = 0.8073, lr_0 = 1.5929e-04
Loss = 5.6924e-02, PNorm = 108.0848, GNorm = 0.2409, lr_0 = 1.5913e-04
Loss = 3.6931e-02, PNorm = 108.0893, GNorm = 0.2122, lr_0 = 1.5896e-04
Loss = 4.0697e-02, PNorm = 108.0943, GNorm = 0.6323, lr_0 = 1.5880e-04
Loss = 4.7707e-02, PNorm = 108.0985, GNorm = 1.1153, lr_0 = 1.5864e-04
Loss = 5.2525e-02, PNorm = 108.1008, GNorm = 0.6831, lr_0 = 1.5847e-04
Loss = 7.1482e-02, PNorm = 108.1023, GNorm = 0.2880, lr_0 = 1.5831e-04
Loss = 4.7449e-02, PNorm = 108.1046, GNorm = 0.6135, lr_0 = 1.5815e-04
Loss = 4.5396e-02, PNorm = 108.1083, GNorm = 0.2864, lr_0 = 1.5799e-04
Loss = 7.7552e-02, PNorm = 108.1123, GNorm = 0.3043, lr_0 = 1.5782e-04
Loss = 7.2831e-02, PNorm = 108.1146, GNorm = 0.3182, lr_0 = 1.5766e-04
Loss = 7.4817e-02, PNorm = 108.1177, GNorm = 0.3293, lr_0 = 1.5750e-04
Loss = 3.8680e-02, PNorm = 108.1227, GNorm = 0.4033, lr_0 = 1.5734e-04
Loss = 5.9699e-02, PNorm = 108.1286, GNorm = 0.3289, lr_0 = 1.5718e-04
Loss = 6.8218e-02, PNorm = 108.1315, GNorm = 0.3887, lr_0 = 1.5701e-04
Loss = 5.1151e-02, PNorm = 108.1348, GNorm = 0.2682, lr_0 = 1.5685e-04
Loss = 2.5995e-02, PNorm = 108.1397, GNorm = 0.2882, lr_0 = 1.5669e-04
Loss = 1.8387e-02, PNorm = 108.1460, GNorm = 0.1582, lr_0 = 1.5653e-04
Loss = 7.6207e-02, PNorm = 108.1475, GNorm = 0.1655, lr_0 = 1.5637e-04
Loss = 1.6139e-02, PNorm = 108.1483, GNorm = 0.1796, lr_0 = 1.5621e-04
Loss = 8.4013e-02, PNorm = 108.1491, GNorm = 0.7957, lr_0 = 1.5605e-04
Loss = 3.2975e-02, PNorm = 108.1502, GNorm = 0.2246, lr_0 = 1.5589e-04
Loss = 5.7297e-02, PNorm = 108.1520, GNorm = 0.2292, lr_0 = 1.5573e-04
Loss = 2.9500e-02, PNorm = 108.1555, GNorm = 0.7388, lr_0 = 1.5557e-04
Loss = 7.2997e-02, PNorm = 108.1582, GNorm = 0.6931, lr_0 = 1.5541e-04
Loss = 5.7330e-02, PNorm = 108.1584, GNorm = 0.2803, lr_0 = 1.5525e-04
Loss = 3.8188e-02, PNorm = 108.1622, GNorm = 0.2651, lr_0 = 1.5509e-04
Loss = 1.9331e-02, PNorm = 108.1683, GNorm = 0.2371, lr_0 = 1.5493e-04
Loss = 4.9681e-02, PNorm = 108.1738, GNorm = 0.1920, lr_0 = 1.5477e-04
Loss = 6.5593e-02, PNorm = 108.1770, GNorm = 1.4023, lr_0 = 1.5461e-04
Loss = 5.8219e-02, PNorm = 108.1770, GNorm = 0.7445, lr_0 = 1.5445e-04
Loss = 4.9394e-02, PNorm = 108.1785, GNorm = 0.6544, lr_0 = 1.5429e-04
Loss = 3.9837e-02, PNorm = 108.1811, GNorm = 0.2571, lr_0 = 1.5414e-04
Loss = 2.9479e-02, PNorm = 108.1875, GNorm = 0.6284, lr_0 = 1.5398e-04
Loss = 4.6651e-02, PNorm = 108.1917, GNorm = 0.2146, lr_0 = 1.5382e-04
Loss = 4.9849e-02, PNorm = 108.1950, GNorm = 0.1872, lr_0 = 1.5366e-04
Loss = 3.5762e-02, PNorm = 108.1991, GNorm = 0.2067, lr_0 = 1.5350e-04
Loss = 6.3674e-02, PNorm = 108.2010, GNorm = 0.7161, lr_0 = 1.5335e-04
Loss = 6.4246e-02, PNorm = 108.2020, GNorm = 0.2625, lr_0 = 1.5319e-04
Loss = 4.0124e-02, PNorm = 108.2075, GNorm = 0.2786, lr_0 = 1.5303e-04
Loss = 1.7734e-02, PNorm = 108.2139, GNorm = 0.2346, lr_0 = 1.5287e-04
Loss = 2.8858e-02, PNorm = 108.2210, GNorm = 0.6675, lr_0 = 1.5272e-04
Loss = 6.3631e-02, PNorm = 108.2199, GNorm = 0.1968, lr_0 = 1.5256e-04
Loss = 4.0475e-02, PNorm = 108.2209, GNorm = 0.2401, lr_0 = 1.5240e-04
Loss = 4.4366e-02, PNorm = 108.2248, GNorm = 0.2187, lr_0 = 1.5225e-04
Loss = 4.0133e-02, PNorm = 108.2279, GNorm = 0.1793, lr_0 = 1.5209e-04
Loss = 4.9360e-02, PNorm = 108.2295, GNorm = 0.2314, lr_0 = 1.5193e-04
Loss = 2.3560e-02, PNorm = 108.2326, GNorm = 0.1956, lr_0 = 1.5178e-04
Loss = 5.2415e-02, PNorm = 108.2361, GNorm = 0.2317, lr_0 = 1.5162e-04
Loss = 3.7083e-02, PNorm = 108.2396, GNorm = 0.5396, lr_0 = 1.5147e-04
Loss = 7.6564e-02, PNorm = 108.2403, GNorm = 0.4937, lr_0 = 1.5131e-04
Loss = 3.6612e-02, PNorm = 108.2417, GNorm = 0.2681, lr_0 = 1.5115e-04
Loss = 3.7245e-02, PNorm = 108.2448, GNorm = 0.2483, lr_0 = 1.5100e-04
Loss = 4.9354e-02, PNorm = 108.2471, GNorm = 0.2193, lr_0 = 1.5084e-04
Validation auc = 0.569136
Epoch 25
Loss = 6.8498e-02, PNorm = 108.2475, GNorm = 0.3106, lr_0 = 1.5069e-04
Loss = 3.8458e-02, PNorm = 108.2508, GNorm = 0.6384, lr_0 = 1.5053e-04
Loss = 5.4604e-02, PNorm = 108.2546, GNorm = 0.2350, lr_0 = 1.5038e-04
Loss = 3.9133e-02, PNorm = 108.2584, GNorm = 0.2872, lr_0 = 1.5022e-04
Loss = 5.3519e-02, PNorm = 108.2614, GNorm = 0.3659, lr_0 = 1.5007e-04
Loss = 3.3552e-02, PNorm = 108.2640, GNorm = 0.1725, lr_0 = 1.4992e-04
Loss = 7.6091e-02, PNorm = 108.2630, GNorm = 0.2462, lr_0 = 1.4976e-04
Loss = 4.7971e-02, PNorm = 108.2627, GNorm = 0.2361, lr_0 = 1.4961e-04
Loss = 7.0415e-02, PNorm = 108.2644, GNorm = 0.6678, lr_0 = 1.4945e-04
Loss = 6.0103e-02, PNorm = 108.2674, GNorm = 1.0480, lr_0 = 1.4930e-04
Loss = 6.2570e-02, PNorm = 108.2710, GNorm = 0.8611, lr_0 = 1.4915e-04
Loss = 4.1204e-02, PNorm = 108.2746, GNorm = 0.3132, lr_0 = 1.4899e-04
Loss = 2.7211e-02, PNorm = 108.2799, GNorm = 0.2361, lr_0 = 1.4884e-04
Loss = 4.6833e-02, PNorm = 108.2845, GNorm = 0.2223, lr_0 = 1.4869e-04
Loss = 6.3813e-02, PNorm = 108.2864, GNorm = 0.2676, lr_0 = 1.4854e-04
Loss = 4.4474e-02, PNorm = 108.2885, GNorm = 0.2342, lr_0 = 1.4838e-04
Loss = 6.3210e-02, PNorm = 108.2911, GNorm = 0.2511, lr_0 = 1.4823e-04
Loss = 8.3572e-02, PNorm = 108.2912, GNorm = 0.3641, lr_0 = 1.4808e-04
Loss = 3.9696e-02, PNorm = 108.2953, GNorm = 0.3399, lr_0 = 1.4793e-04
Loss = 8.9042e-02, PNorm = 108.2970, GNorm = 1.0260, lr_0 = 1.4777e-04
Loss = 4.9284e-02, PNorm = 108.2993, GNorm = 0.3451, lr_0 = 1.4762e-04
Loss = 3.7742e-02, PNorm = 108.3045, GNorm = 0.2655, lr_0 = 1.4747e-04
Loss = 5.8773e-02, PNorm = 108.3078, GNorm = 0.2421, lr_0 = 1.4732e-04
Loss = 7.1312e-02, PNorm = 108.3101, GNorm = 1.1041, lr_0 = 1.4717e-04
Loss = 3.6650e-02, PNorm = 108.3133, GNorm = 0.2559, lr_0 = 1.4702e-04
Loss = 6.7469e-02, PNorm = 108.3163, GNorm = 1.3437, lr_0 = 1.4687e-04
Loss = 4.0480e-02, PNorm = 108.3181, GNorm = 0.2452, lr_0 = 1.4671e-04
Loss = 2.7958e-02, PNorm = 108.3213, GNorm = 0.2598, lr_0 = 1.4656e-04
Loss = 6.6872e-02, PNorm = 108.3231, GNorm = 0.2337, lr_0 = 1.4641e-04
Loss = 8.7075e-03, PNorm = 108.3277, GNorm = 0.2088, lr_0 = 1.4626e-04
Loss = 2.7984e-02, PNorm = 108.3328, GNorm = 0.1718, lr_0 = 1.4611e-04
Loss = 2.8903e-02, PNorm = 108.3374, GNorm = 0.6747, lr_0 = 1.4596e-04
Loss = 2.6697e-02, PNorm = 108.3402, GNorm = 0.1479, lr_0 = 1.4581e-04
Loss = 7.5842e-02, PNorm = 108.3383, GNorm = 0.1669, lr_0 = 1.4566e-04
Loss = 5.0175e-02, PNorm = 108.3381, GNorm = 0.3890, lr_0 = 1.4551e-04
Loss = 7.3389e-02, PNorm = 108.3386, GNorm = 0.2823, lr_0 = 1.4536e-04
Loss = 5.4123e-02, PNorm = 108.3394, GNorm = 0.3061, lr_0 = 1.4521e-04
Loss = 6.7266e-02, PNorm = 108.3423, GNorm = 0.3361, lr_0 = 1.4506e-04
Loss = 6.2683e-02, PNorm = 108.3452, GNorm = 0.4092, lr_0 = 1.4492e-04
Loss = 5.7804e-02, PNorm = 108.3488, GNorm = 0.2694, lr_0 = 1.4477e-04
Loss = 4.2136e-02, PNorm = 108.3539, GNorm = 0.3122, lr_0 = 1.4462e-04
Loss = 5.6042e-02, PNorm = 108.3595, GNorm = 0.2608, lr_0 = 1.4447e-04
Loss = 1.7351e-02, PNorm = 108.3657, GNorm = 0.2194, lr_0 = 1.4432e-04
Loss = 2.7501e-02, PNorm = 108.3721, GNorm = 0.7253, lr_0 = 1.4417e-04
Loss = 4.8162e-02, PNorm = 108.3752, GNorm = 0.1420, lr_0 = 1.4402e-04
Loss = 8.2018e-02, PNorm = 108.3754, GNorm = 1.1249, lr_0 = 1.4388e-04
Loss = 5.7501e-02, PNorm = 108.3732, GNorm = 1.1898, lr_0 = 1.4373e-04
Loss = 6.1785e-02, PNorm = 108.3721, GNorm = 0.2706, lr_0 = 1.4358e-04
Loss = 4.9508e-02, PNorm = 108.3746, GNorm = 0.4282, lr_0 = 1.4343e-04
Loss = 4.2902e-02, PNorm = 108.3791, GNorm = 0.5377, lr_0 = 1.4329e-04
Loss = 1.8981e-02, PNorm = 108.3838, GNorm = 0.5525, lr_0 = 1.4314e-04
Loss = 6.7858e-02, PNorm = 108.3849, GNorm = 0.2018, lr_0 = 1.4299e-04
Loss = 2.8689e-02, PNorm = 108.3873, GNorm = 0.6893, lr_0 = 1.4285e-04
Loss = 4.8965e-02, PNorm = 108.3892, GNorm = 0.3278, lr_0 = 1.4270e-04
Loss = 3.6307e-02, PNorm = 108.3914, GNorm = 0.6651, lr_0 = 1.4255e-04
Loss = 6.4917e-02, PNorm = 108.3918, GNorm = 0.2231, lr_0 = 1.4241e-04
Loss = 4.3670e-02, PNorm = 108.3921, GNorm = 0.2389, lr_0 = 1.4226e-04
Loss = 7.1048e-02, PNorm = 108.3937, GNorm = 1.5041, lr_0 = 1.4211e-04
Loss = 6.0611e-02, PNorm = 108.3940, GNorm = 0.2874, lr_0 = 1.4197e-04
Loss = 5.1736e-02, PNorm = 108.3964, GNorm = 0.2944, lr_0 = 1.4182e-04
Loss = 4.1180e-02, PNorm = 108.4004, GNorm = 0.8003, lr_0 = 1.4168e-04
Loss = 4.4603e-02, PNorm = 108.4035, GNorm = 0.2119, lr_0 = 1.4153e-04
Loss = 6.4988e-02, PNorm = 108.4057, GNorm = 0.2321, lr_0 = 1.4138e-04
Loss = 6.7064e-02, PNorm = 108.4079, GNorm = 0.9158, lr_0 = 1.4124e-04
Loss = 5.4306e-02, PNorm = 108.4104, GNorm = 0.2586, lr_0 = 1.4109e-04
Loss = 1.1297e-02, PNorm = 108.4155, GNorm = 0.2632, lr_0 = 1.4095e-04
Loss = 7.7038e-02, PNorm = 108.4179, GNorm = 0.2562, lr_0 = 1.4080e-04
Loss = 5.3534e-02, PNorm = 108.4191, GNorm = 0.2940, lr_0 = 1.4066e-04
Loss = 4.7261e-02, PNorm = 108.4216, GNorm = 0.2357, lr_0 = 1.4052e-04
Loss = 5.4864e-02, PNorm = 108.4236, GNorm = 0.2490, lr_0 = 1.4037e-04
Loss = 6.2949e-02, PNorm = 108.4257, GNorm = 0.4340, lr_0 = 1.4023e-04
Loss = 3.0201e-02, PNorm = 108.4286, GNorm = 0.2389, lr_0 = 1.4008e-04
Loss = 6.2427e-02, PNorm = 108.4314, GNorm = 0.4099, lr_0 = 1.3994e-04
Loss = 4.4872e-02, PNorm = 108.4344, GNorm = 0.2703, lr_0 = 1.3979e-04
Loss = 6.6039e-02, PNorm = 108.4368, GNorm = 0.4572, lr_0 = 1.3965e-04
Loss = 2.7987e-02, PNorm = 108.4402, GNorm = 0.2299, lr_0 = 1.3951e-04
Loss = 1.9138e-02, PNorm = 108.4459, GNorm = 0.1449, lr_0 = 1.3936e-04
Loss = 5.6429e-02, PNorm = 108.4490, GNorm = 0.1615, lr_0 = 1.3922e-04
Loss = 7.3507e-02, PNorm = 108.4483, GNorm = 0.7120, lr_0 = 1.3908e-04
Loss = 4.7927e-02, PNorm = 108.4471, GNorm = 0.2736, lr_0 = 1.3894e-04
Validation auc = 0.553500
Epoch 26
Loss = 7.1533e-02, PNorm = 108.4482, GNorm = 0.3187, lr_0 = 1.3879e-04
Loss = 4.3937e-02, PNorm = 108.4521, GNorm = 0.3022, lr_0 = 1.3865e-04
Loss = 4.1620e-02, PNorm = 108.4571, GNorm = 0.5567, lr_0 = 1.3851e-04
Loss = 8.0831e-02, PNorm = 108.4590, GNorm = 0.2264, lr_0 = 1.3837e-04
Loss = 4.6011e-02, PNorm = 108.4603, GNorm = 0.2646, lr_0 = 1.3822e-04
Loss = 5.8361e-02, PNorm = 108.4609, GNorm = 0.3514, lr_0 = 1.3808e-04
Loss = 6.7870e-02, PNorm = 108.4631, GNorm = 0.3518, lr_0 = 1.3794e-04
Loss = 2.0298e-02, PNorm = 108.4677, GNorm = 0.2565, lr_0 = 1.3780e-04
Loss = 6.8243e-02, PNorm = 108.4704, GNorm = 0.9869, lr_0 = 1.3766e-04
Loss = 5.8604e-02, PNorm = 108.4718, GNorm = 0.2719, lr_0 = 1.3751e-04
Loss = 3.6830e-02, PNorm = 108.4760, GNorm = 0.2424, lr_0 = 1.3737e-04
Loss = 3.6400e-02, PNorm = 108.4808, GNorm = 0.1940, lr_0 = 1.3723e-04
Loss = 8.8761e-02, PNorm = 108.4809, GNorm = 0.6823, lr_0 = 1.3709e-04
Loss = 4.8213e-02, PNorm = 108.4825, GNorm = 0.2535, lr_0 = 1.3695e-04
Loss = 3.1997e-02, PNorm = 108.4873, GNorm = 0.2277, lr_0 = 1.3681e-04
Loss = 5.8317e-02, PNorm = 108.4928, GNorm = 0.5579, lr_0 = 1.3667e-04
Loss = 6.5573e-02, PNorm = 108.4955, GNorm = 0.6040, lr_0 = 1.3653e-04
Loss = 5.9504e-02, PNorm = 108.4977, GNorm = 0.2986, lr_0 = 1.3639e-04
Loss = 5.0485e-02, PNorm = 108.5018, GNorm = 0.2801, lr_0 = 1.3625e-04
Loss = 9.3407e-02, PNorm = 108.5022, GNorm = 0.2855, lr_0 = 1.3611e-04
Loss = 5.9444e-02, PNorm = 108.5042, GNorm = 0.2790, lr_0 = 1.3597e-04
Loss = 5.1109e-02, PNorm = 108.5090, GNorm = 1.1600, lr_0 = 1.3583e-04
Loss = 5.3284e-02, PNorm = 108.5134, GNorm = 0.3367, lr_0 = 1.3569e-04
Loss = 7.4229e-02, PNorm = 108.5162, GNorm = 0.9024, lr_0 = 1.3555e-04
Loss = 6.0096e-02, PNorm = 108.5195, GNorm = 0.8416, lr_0 = 1.3541e-04
Loss = 3.7470e-02, PNorm = 108.5226, GNorm = 0.2582, lr_0 = 1.3527e-04
Loss = 5.9837e-02, PNorm = 108.5277, GNorm = 0.2510, lr_0 = 1.3513e-04
Loss = 2.6865e-02, PNorm = 108.5333, GNorm = 0.2014, lr_0 = 1.3499e-04
Loss = 2.7359e-02, PNorm = 108.5394, GNorm = 0.2076, lr_0 = 1.3485e-04
Loss = 6.6124e-02, PNorm = 108.5432, GNorm = 0.1622, lr_0 = 1.3472e-04
Loss = 7.9934e-02, PNorm = 108.5425, GNorm = 0.5803, lr_0 = 1.3458e-04
Loss = 5.1290e-02, PNorm = 108.5445, GNorm = 0.9740, lr_0 = 1.3444e-04
Loss = 5.6816e-02, PNorm = 108.5470, GNorm = 0.2989, lr_0 = 1.3430e-04
Loss = 5.0588e-02, PNorm = 108.5516, GNorm = 0.3055, lr_0 = 1.3416e-04
Loss = 2.0005e-02, PNorm = 108.5588, GNorm = 0.2079, lr_0 = 1.3403e-04
Loss = 3.2444e-02, PNorm = 108.5670, GNorm = 0.3755, lr_0 = 1.3389e-04
Loss = 3.8876e-02, PNorm = 108.5697, GNorm = 0.6338, lr_0 = 1.3375e-04
Loss = 3.8684e-02, PNorm = 108.5719, GNorm = 0.1752, lr_0 = 1.3361e-04
Loss = 4.7579e-02, PNorm = 108.5719, GNorm = 0.1987, lr_0 = 1.3348e-04
Loss = 1.6660e-02, PNorm = 108.5673, GNorm = 0.4373, lr_0 = 1.3334e-04
Loss = 3.1105e-02, PNorm = 108.5688, GNorm = 0.1241, lr_0 = 1.3320e-04
Loss = 3.8104e-02, PNorm = 108.5699, GNorm = 0.1528, lr_0 = 1.3306e-04
Loss = 1.7964e-02, PNorm = 108.5721, GNorm = 0.1595, lr_0 = 1.3293e-04
Loss = 9.4393e-02, PNorm = 108.5714, GNorm = 0.6125, lr_0 = 1.3279e-04
Loss = 9.7688e-02, PNorm = 108.5675, GNorm = 0.3685, lr_0 = 1.3265e-04
Loss = 4.2504e-02, PNorm = 108.5678, GNorm = 0.4707, lr_0 = 1.3252e-04
Loss = 4.5066e-02, PNorm = 108.5712, GNorm = 0.3477, lr_0 = 1.3238e-04
Loss = 5.7173e-02, PNorm = 108.5764, GNorm = 0.3829, lr_0 = 1.3225e-04
Loss = 4.8228e-02, PNorm = 108.5814, GNorm = 0.2884, lr_0 = 1.3211e-04
Loss = 4.4627e-02, PNorm = 108.5851, GNorm = 0.2435, lr_0 = 1.3197e-04
Loss = 5.6906e-02, PNorm = 108.5871, GNorm = 0.2606, lr_0 = 1.3184e-04
Loss = 8.1773e-02, PNorm = 108.5883, GNorm = 0.2680, lr_0 = 1.3170e-04
Loss = 3.1078e-02, PNorm = 108.5905, GNorm = 0.5997, lr_0 = 1.3157e-04
Loss = 8.3063e-02, PNorm = 108.5929, GNorm = 0.2799, lr_0 = 1.3143e-04
Loss = 7.3707e-02, PNorm = 108.5937, GNorm = 0.2975, lr_0 = 1.3130e-04
Loss = 4.0857e-02, PNorm = 108.5967, GNorm = 0.3238, lr_0 = 1.3116e-04
Loss = 7.3647e-02, PNorm = 108.5999, GNorm = 0.2802, lr_0 = 1.3103e-04
Loss = 3.6647e-02, PNorm = 108.6036, GNorm = 0.3292, lr_0 = 1.3089e-04
Loss = 6.1118e-02, PNorm = 108.6051, GNorm = 0.2398, lr_0 = 1.3076e-04
Loss = 4.5960e-02, PNorm = 108.6063, GNorm = 0.2347, lr_0 = 1.3063e-04
Loss = 3.6026e-02, PNorm = 108.6086, GNorm = 0.2506, lr_0 = 1.3049e-04
Loss = 5.6771e-02, PNorm = 108.6102, GNorm = 0.2099, lr_0 = 1.3036e-04
Loss = 7.1017e-02, PNorm = 108.6098, GNorm = 0.2965, lr_0 = 1.3022e-04
Loss = 5.7239e-02, PNorm = 108.6108, GNorm = 0.9856, lr_0 = 1.3009e-04
Loss = 6.0484e-02, PNorm = 108.6120, GNorm = 0.2702, lr_0 = 1.2996e-04
Loss = 3.6599e-02, PNorm = 108.6148, GNorm = 0.3003, lr_0 = 1.2982e-04
Loss = 2.9590e-02, PNorm = 108.6200, GNorm = 0.6400, lr_0 = 1.2969e-04
Loss = 4.6902e-02, PNorm = 108.6238, GNorm = 0.1444, lr_0 = 1.2956e-04
Loss = 3.5503e-02, PNorm = 108.6259, GNorm = 0.1818, lr_0 = 1.2942e-04
Loss = 7.3155e-02, PNorm = 108.6268, GNorm = 0.2016, lr_0 = 1.2929e-04
Loss = 2.6876e-02, PNorm = 108.6287, GNorm = 0.2520, lr_0 = 1.2916e-04
Loss = 6.0036e-02, PNorm = 108.6306, GNorm = 0.2270, lr_0 = 1.2902e-04
Loss = 8.3075e-03, PNorm = 108.6349, GNorm = 0.1912, lr_0 = 1.2889e-04
Loss = 3.3291e-02, PNorm = 108.6388, GNorm = 0.3548, lr_0 = 1.2876e-04
Loss = 4.8818e-02, PNorm = 108.6396, GNorm = 0.1486, lr_0 = 1.2863e-04
Loss = 4.5834e-02, PNorm = 108.6412, GNorm = 0.1817, lr_0 = 1.2849e-04
Loss = 2.9897e-02, PNorm = 108.6439, GNorm = 0.1526, lr_0 = 1.2836e-04
Loss = 4.7431e-02, PNorm = 108.6457, GNorm = 0.2196, lr_0 = 1.2823e-04
Loss = 2.7378e-02, PNorm = 108.6470, GNorm = 0.2032, lr_0 = 1.2810e-04
Loss = 3.1359e-02, PNorm = 108.6493, GNorm = 0.1674, lr_0 = 1.2797e-04
Validation auc = 0.552097
Epoch 27
Loss = 1.0016e-01, PNorm = 108.6487, GNorm = 0.4774, lr_0 = 1.2784e-04
Loss = 3.7866e-02, PNorm = 108.6487, GNorm = 0.2109, lr_0 = 1.2770e-04
Loss = 3.5270e-02, PNorm = 108.6512, GNorm = 0.4647, lr_0 = 1.2757e-04
Loss = 4.1039e-02, PNorm = 108.6547, GNorm = 0.2233, lr_0 = 1.2744e-04
Loss = 4.5847e-02, PNorm = 108.6577, GNorm = 0.4641, lr_0 = 1.2731e-04
Loss = 7.4457e-02, PNorm = 108.6585, GNorm = 0.2334, lr_0 = 1.2718e-04
Loss = 2.6667e-02, PNorm = 108.6618, GNorm = 0.2385, lr_0 = 1.2705e-04
Loss = 3.3930e-02, PNorm = 108.6657, GNorm = 0.4339, lr_0 = 1.2692e-04
Loss = 3.8277e-02, PNorm = 108.6681, GNorm = 0.1941, lr_0 = 1.2679e-04
Loss = 6.3493e-02, PNorm = 108.6709, GNorm = 0.3763, lr_0 = 1.2666e-04
Loss = 6.6221e-02, PNorm = 108.6733, GNorm = 0.6672, lr_0 = 1.2653e-04
Loss = 4.9215e-02, PNorm = 108.6748, GNorm = 0.2291, lr_0 = 1.2640e-04
Loss = 3.8502e-02, PNorm = 108.6782, GNorm = 0.4582, lr_0 = 1.2627e-04
Loss = 4.0817e-02, PNorm = 108.6814, GNorm = 0.2107, lr_0 = 1.2614e-04
Loss = 6.9786e-02, PNorm = 108.6826, GNorm = 0.2405, lr_0 = 1.2601e-04
Loss = 3.3960e-02, PNorm = 108.6846, GNorm = 0.2748, lr_0 = 1.2588e-04
Loss = 7.4535e-02, PNorm = 108.6864, GNorm = 0.9038, lr_0 = 1.2575e-04
Loss = 6.1987e-02, PNorm = 108.6866, GNorm = 0.2901, lr_0 = 1.2562e-04
Loss = 5.8651e-02, PNorm = 108.6890, GNorm = 0.4752, lr_0 = 1.2549e-04
Loss = 5.9939e-02, PNorm = 108.6905, GNorm = 0.2746, lr_0 = 1.2536e-04
Loss = 4.8116e-02, PNorm = 108.6937, GNorm = 0.2625, lr_0 = 1.2523e-04
Loss = 4.4508e-02, PNorm = 108.6990, GNorm = 0.2721, lr_0 = 1.2511e-04
Loss = 1.7151e-02, PNorm = 108.7050, GNorm = 0.2117, lr_0 = 1.2498e-04
Loss = 7.0129e-02, PNorm = 108.7058, GNorm = 0.2250, lr_0 = 1.2485e-04
Loss = 3.1660e-02, PNorm = 108.7089, GNorm = 0.5187, lr_0 = 1.2472e-04
Loss = 8.1028e-02, PNorm = 108.7115, GNorm = 1.2435, lr_0 = 1.2459e-04
Loss = 4.2251e-02, PNorm = 108.7130, GNorm = 0.2440, lr_0 = 1.2446e-04
Loss = 4.6749e-02, PNorm = 108.7149, GNorm = 0.2470, lr_0 = 1.2434e-04
Loss = 2.8764e-02, PNorm = 108.7180, GNorm = 0.2344, lr_0 = 1.2421e-04
Loss = 7.5457e-02, PNorm = 108.7198, GNorm = 0.2409, lr_0 = 1.2408e-04
Loss = 8.8562e-02, PNorm = 108.7203, GNorm = 0.3318, lr_0 = 1.2395e-04
Loss = 5.5385e-02, PNorm = 108.7212, GNorm = 0.3187, lr_0 = 1.2383e-04
Loss = 6.0988e-02, PNorm = 108.7239, GNorm = 0.3716, lr_0 = 1.2370e-04
Loss = 5.4800e-02, PNorm = 108.7294, GNorm = 0.3228, lr_0 = 1.2357e-04
Loss = 4.0865e-02, PNorm = 108.7340, GNorm = 0.2472, lr_0 = 1.2344e-04
Loss = 4.6909e-02, PNorm = 108.7376, GNorm = 0.2973, lr_0 = 1.2332e-04
Loss = 6.1825e-02, PNorm = 108.7406, GNorm = 0.4845, lr_0 = 1.2319e-04
Loss = 5.0326e-02, PNorm = 108.7436, GNorm = 0.4015, lr_0 = 1.2306e-04
Loss = 1.9663e-02, PNorm = 108.7496, GNorm = 0.2020, lr_0 = 1.2294e-04
Loss = 6.4678e-02, PNorm = 108.7520, GNorm = 0.2441, lr_0 = 1.2281e-04
Loss = 3.1939e-02, PNorm = 108.7558, GNorm = 0.1700, lr_0 = 1.2269e-04
Loss = 7.0896e-02, PNorm = 108.7592, GNorm = 0.3271, lr_0 = 1.2256e-04
Loss = 1.0107e-01, PNorm = 108.7604, GNorm = 1.2157, lr_0 = 1.2243e-04
Loss = 6.9016e-02, PNorm = 108.7595, GNorm = 0.3034, lr_0 = 1.2231e-04
Loss = 6.3957e-02, PNorm = 108.7615, GNorm = 0.3776, lr_0 = 1.2218e-04
Loss = 4.6349e-02, PNorm = 108.7668, GNorm = 0.3485, lr_0 = 1.2206e-04
Loss = 3.7052e-02, PNorm = 108.7730, GNorm = 0.2250, lr_0 = 1.2193e-04
Loss = 3.9280e-02, PNorm = 108.7780, GNorm = 0.2271, lr_0 = 1.2181e-04
Loss = 5.6747e-02, PNorm = 108.7817, GNorm = 0.1850, lr_0 = 1.2168e-04
Loss = 6.3336e-02, PNorm = 108.7832, GNorm = 0.2125, lr_0 = 1.2156e-04
Loss = 1.9816e-02, PNorm = 108.7874, GNorm = 0.2209, lr_0 = 1.2143e-04
Loss = 1.6561e-02, PNorm = 108.7926, GNorm = 0.1665, lr_0 = 1.2131e-04
Loss = 3.7369e-02, PNorm = 108.7919, GNorm = 0.1775, lr_0 = 1.2118e-04
Loss = 6.5221e-02, PNorm = 108.7917, GNorm = 0.1962, lr_0 = 1.2106e-04
Loss = 6.2382e-02, PNorm = 108.7925, GNorm = 0.4472, lr_0 = 1.2093e-04
Loss = 4.5485e-02, PNorm = 108.7940, GNorm = 0.4483, lr_0 = 1.2081e-04
Loss = 2.9354e-02, PNorm = 108.7967, GNorm = 0.2080, lr_0 = 1.2068e-04
Loss = 5.1957e-02, PNorm = 108.8012, GNorm = 1.0313, lr_0 = 1.2056e-04
Loss = 5.0701e-02, PNorm = 108.8002, GNorm = 0.2026, lr_0 = 1.2044e-04
Loss = 4.5773e-02, PNorm = 108.8013, GNorm = 0.2167, lr_0 = 1.2031e-04
Loss = 5.4960e-02, PNorm = 108.8005, GNorm = 0.2213, lr_0 = 1.2019e-04
Loss = 3.5541e-02, PNorm = 108.8025, GNorm = 0.1977, lr_0 = 1.2007e-04
Loss = 2.8756e-02, PNorm = 108.8059, GNorm = 0.2311, lr_0 = 1.1994e-04
Loss = 1.5758e-02, PNorm = 108.8106, GNorm = 0.1946, lr_0 = 1.1982e-04
Loss = 7.0802e-02, PNorm = 108.8132, GNorm = 1.1286, lr_0 = 1.1970e-04
Loss = 4.0258e-02, PNorm = 108.8136, GNorm = 0.1963, lr_0 = 1.1957e-04
Loss = 3.9995e-02, PNorm = 108.8148, GNorm = 0.2245, lr_0 = 1.1945e-04
Loss = 4.5151e-02, PNorm = 108.8163, GNorm = 0.4238, lr_0 = 1.1933e-04
Loss = 5.1718e-02, PNorm = 108.8170, GNorm = 0.2046, lr_0 = 1.1921e-04
Loss = 6.2735e-02, PNorm = 108.8186, GNorm = 0.1852, lr_0 = 1.1908e-04
Loss = 9.3416e-02, PNorm = 108.8188, GNorm = 1.3075, lr_0 = 1.1896e-04
Loss = 3.6462e-02, PNorm = 108.8193, GNorm = 0.3008, lr_0 = 1.1884e-04
Loss = 3.3531e-02, PNorm = 108.8228, GNorm = 0.2706, lr_0 = 1.1872e-04
Loss = 3.5672e-02, PNorm = 108.8277, GNorm = 0.1731, lr_0 = 1.1859e-04
Loss = 6.1042e-02, PNorm = 108.8304, GNorm = 0.1776, lr_0 = 1.1847e-04
Loss = 2.0991e-02, PNorm = 108.8337, GNorm = 0.1920, lr_0 = 1.1835e-04
Loss = 4.7928e-02, PNorm = 108.8368, GNorm = 0.5392, lr_0 = 1.1823e-04
Loss = 2.5778e-02, PNorm = 108.8394, GNorm = 0.2041, lr_0 = 1.1811e-04
Loss = 7.0325e-02, PNorm = 108.8404, GNorm = 1.0221, lr_0 = 1.1799e-04
Loss = 5.0554e-02, PNorm = 108.8404, GNorm = 0.2036, lr_0 = 1.1786e-04
Validation auc = 0.555071
Epoch 28
Loss = 6.0120e-02, PNorm = 108.8418, GNorm = 0.2334, lr_0 = 1.1774e-04
Loss = 4.2479e-02, PNorm = 108.8422, GNorm = 0.2763, lr_0 = 1.1762e-04
Loss = 2.5081e-02, PNorm = 108.8460, GNorm = 0.1990, lr_0 = 1.1750e-04
Loss = 3.8363e-02, PNorm = 108.8501, GNorm = 0.1777, lr_0 = 1.1738e-04
Loss = 6.6183e-02, PNorm = 108.8518, GNorm = 0.6765, lr_0 = 1.1726e-04
Loss = 5.6870e-02, PNorm = 108.8527, GNorm = 0.2383, lr_0 = 1.1714e-04
Loss = 5.7369e-02, PNorm = 108.8512, GNorm = 0.5954, lr_0 = 1.1702e-04
Loss = 1.9826e-02, PNorm = 108.8533, GNorm = 0.2427, lr_0 = 1.1690e-04
Loss = 8.5480e-02, PNorm = 108.8547, GNorm = 0.8843, lr_0 = 1.1678e-04
Loss = 3.9935e-02, PNorm = 108.8575, GNorm = 0.4380, lr_0 = 1.1666e-04
Loss = 3.9760e-02, PNorm = 108.8610, GNorm = 0.2357, lr_0 = 1.1654e-04
Loss = 6.2827e-02, PNorm = 108.8633, GNorm = 0.2556, lr_0 = 1.1642e-04
Loss = 9.6494e-02, PNorm = 108.8634, GNorm = 0.6396, lr_0 = 1.1630e-04
Loss = 6.8604e-02, PNorm = 108.8635, GNorm = 0.3103, lr_0 = 1.1618e-04
Loss = 6.5329e-02, PNorm = 108.8663, GNorm = 0.2911, lr_0 = 1.1606e-04
Loss = 6.2231e-02, PNorm = 108.8688, GNorm = 0.3680, lr_0 = 1.1594e-04
Loss = 3.4023e-02, PNorm = 108.8732, GNorm = 0.2806, lr_0 = 1.1582e-04
Loss = 7.8003e-02, PNorm = 108.8767, GNorm = 0.4756, lr_0 = 1.1570e-04
Loss = 2.8961e-02, PNorm = 108.8803, GNorm = 0.2225, lr_0 = 1.1559e-04
Loss = 4.0850e-02, PNorm = 108.8840, GNorm = 0.2246, lr_0 = 1.1547e-04
Loss = 3.1293e-02, PNorm = 108.8877, GNorm = 0.8726, lr_0 = 1.1535e-04
Loss = 8.9908e-02, PNorm = 108.8879, GNorm = 0.7160, lr_0 = 1.1523e-04
Loss = 9.5715e-02, PNorm = 108.8863, GNorm = 1.0552, lr_0 = 1.1511e-04
Loss = 4.0865e-02, PNorm = 108.8869, GNorm = 0.3302, lr_0 = 1.1499e-04
Loss = 5.8978e-02, PNorm = 108.8890, GNorm = 0.3569, lr_0 = 1.1487e-04
Loss = 6.5918e-02, PNorm = 108.8923, GNorm = 0.2607, lr_0 = 1.1476e-04
Loss = 6.7579e-02, PNorm = 108.8965, GNorm = 0.2858, lr_0 = 1.1464e-04
Loss = 8.9337e-02, PNorm = 108.9001, GNorm = 0.8478, lr_0 = 1.1452e-04
Loss = 5.1629e-02, PNorm = 108.9020, GNorm = 0.3688, lr_0 = 1.1440e-04
Loss = 6.3275e-02, PNorm = 108.9040, GNorm = 0.3274, lr_0 = 1.1429e-04
Loss = 5.8008e-02, PNorm = 108.9037, GNorm = 0.2682, lr_0 = 1.1417e-04
Loss = 2.4683e-02, PNorm = 108.9068, GNorm = 0.3210, lr_0 = 1.1405e-04
Loss = 4.8773e-02, PNorm = 108.9099, GNorm = 0.5585, lr_0 = 1.1393e-04
Loss = 4.2584e-02, PNorm = 108.9117, GNorm = 0.6997, lr_0 = 1.1382e-04
Loss = 6.4599e-02, PNorm = 108.9095, GNorm = 0.2631, lr_0 = 1.1370e-04
Loss = 7.0459e-02, PNorm = 108.9093, GNorm = 0.3482, lr_0 = 1.1358e-04
Loss = 5.4436e-02, PNorm = 108.9090, GNorm = 0.3213, lr_0 = 1.1347e-04
Loss = 5.8972e-02, PNorm = 108.9114, GNorm = 0.8771, lr_0 = 1.1335e-04
Loss = 3.6818e-02, PNorm = 108.9143, GNorm = 0.2743, lr_0 = 1.1323e-04
Loss = 4.3066e-02, PNorm = 108.9184, GNorm = 0.2351, lr_0 = 1.1312e-04
Loss = 4.6340e-02, PNorm = 108.9210, GNorm = 0.2569, lr_0 = 1.1300e-04
Loss = 4.6871e-02, PNorm = 108.9221, GNorm = 0.2086, lr_0 = 1.1288e-04
Loss = 6.8585e-02, PNorm = 108.9233, GNorm = 0.8857, lr_0 = 1.1277e-04
Loss = 2.5709e-02, PNorm = 108.9253, GNorm = 0.4515, lr_0 = 1.1265e-04
Loss = 4.9378e-02, PNorm = 108.9276, GNorm = 0.3642, lr_0 = 1.1254e-04
Loss = 2.3540e-02, PNorm = 108.9301, GNorm = 0.2193, lr_0 = 1.1242e-04
Loss = 3.2165e-02, PNorm = 108.9332, GNorm = 0.2067, lr_0 = 1.1231e-04
Loss = 7.0892e-02, PNorm = 108.9349, GNorm = 0.7844, lr_0 = 1.1219e-04
Loss = 1.8179e-02, PNorm = 108.9355, GNorm = 0.1446, lr_0 = 1.1208e-04
Loss = 1.6612e-02, PNorm = 108.9380, GNorm = 0.1673, lr_0 = 1.1196e-04
Loss = 6.7131e-02, PNorm = 108.9387, GNorm = 0.1629, lr_0 = 1.1184e-04
Loss = 4.3330e-02, PNorm = 108.9394, GNorm = 0.2107, lr_0 = 1.1173e-04
Loss = 5.2394e-02, PNorm = 108.9403, GNorm = 1.0079, lr_0 = 1.1162e-04
Loss = 2.5590e-02, PNorm = 108.9416, GNorm = 0.1757, lr_0 = 1.1150e-04
Loss = 7.0412e-03, PNorm = 108.9449, GNorm = 0.1658, lr_0 = 1.1139e-04
Loss = 3.4423e-02, PNorm = 108.9479, GNorm = 0.5265, lr_0 = 1.1127e-04
Loss = 5.4971e-02, PNorm = 108.9477, GNorm = 0.1522, lr_0 = 1.1116e-04
Loss = 4.4388e-02, PNorm = 108.9482, GNorm = 0.1765, lr_0 = 1.1104e-04
Loss = 6.3520e-02, PNorm = 108.9492, GNorm = 0.9468, lr_0 = 1.1093e-04
Loss = 4.7507e-02, PNorm = 108.9499, GNorm = 0.2079, lr_0 = 1.1081e-04
Loss = 3.7473e-02, PNorm = 108.9504, GNorm = 0.2098, lr_0 = 1.1070e-04
Loss = 5.8405e-02, PNorm = 108.9523, GNorm = 0.6449, lr_0 = 1.1059e-04
Loss = 5.1990e-02, PNorm = 108.9547, GNorm = 1.0337, lr_0 = 1.1047e-04
Loss = 3.6774e-02, PNorm = 108.9573, GNorm = 0.2987, lr_0 = 1.1036e-04
Loss = 8.6526e-02, PNorm = 108.9583, GNorm = 0.2437, lr_0 = 1.1025e-04
Loss = 4.2660e-02, PNorm = 108.9607, GNorm = 0.2422, lr_0 = 1.1013e-04
Loss = 5.3406e-02, PNorm = 108.9641, GNorm = 0.7580, lr_0 = 1.1002e-04
Loss = 4.3453e-02, PNorm = 108.9671, GNorm = 0.2617, lr_0 = 1.0991e-04
Loss = 5.2119e-02, PNorm = 108.9703, GNorm = 0.2623, lr_0 = 1.0979e-04
Loss = 3.7499e-02, PNorm = 108.9743, GNorm = 0.2129, lr_0 = 1.0968e-04
Loss = 6.3235e-02, PNorm = 108.9779, GNorm = 0.2144, lr_0 = 1.0957e-04
Loss = 3.9204e-02, PNorm = 108.9817, GNorm = 0.7890, lr_0 = 1.0946e-04
Loss = 4.4534e-02, PNorm = 108.9841, GNorm = 0.4781, lr_0 = 1.0934e-04
Loss = 4.2144e-02, PNorm = 108.9861, GNorm = 0.2052, lr_0 = 1.0923e-04
Loss = 5.7321e-02, PNorm = 108.9886, GNorm = 0.5845, lr_0 = 1.0912e-04
Loss = 5.3352e-02, PNorm = 108.9901, GNorm = 0.5689, lr_0 = 1.0901e-04
Loss = 2.6719e-02, PNorm = 108.9930, GNorm = 0.1870, lr_0 = 1.0890e-04
Loss = 6.7462e-02, PNorm = 108.9947, GNorm = 0.2197, lr_0 = 1.0878e-04
Loss = 4.7526e-02, PNorm = 108.9966, GNorm = 0.5359, lr_0 = 1.0867e-04
Loss = 2.5767e-02, PNorm = 108.9995, GNorm = 0.1992, lr_0 = 1.0856e-04
Validation auc = 0.557830
Epoch 29
Loss = 4.5840e-02, PNorm = 109.0022, GNorm = 0.2109, lr_0 = 1.0845e-04
Loss = 5.4099e-02, PNorm = 109.0049, GNorm = 0.2182, lr_0 = 1.0834e-04
Loss = 4.3537e-02, PNorm = 109.0075, GNorm = 0.2280, lr_0 = 1.0823e-04
Loss = 1.1676e-01, PNorm = 109.0081, GNorm = 0.4321, lr_0 = 1.0811e-04
Loss = 4.0204e-02, PNorm = 109.0112, GNorm = 0.3091, lr_0 = 1.0800e-04
Loss = 3.9904e-02, PNorm = 109.0160, GNorm = 0.2699, lr_0 = 1.0789e-04
Loss = 8.4394e-02, PNorm = 109.0174, GNorm = 0.2257, lr_0 = 1.0778e-04
Loss = 5.8122e-02, PNorm = 109.0203, GNorm = 0.2507, lr_0 = 1.0767e-04
Loss = 8.1554e-02, PNorm = 109.0171, GNorm = 0.4863, lr_0 = 1.0756e-04
Loss = 3.3743e-02, PNorm = 109.0184, GNorm = 0.4326, lr_0 = 1.0745e-04
Loss = 5.5172e-02, PNorm = 109.0212, GNorm = 0.2242, lr_0 = 1.0734e-04
Loss = 8.1077e-02, PNorm = 109.0224, GNorm = 0.7499, lr_0 = 1.0723e-04
Loss = 3.0152e-02, PNorm = 109.0247, GNorm = 0.2787, lr_0 = 1.0712e-04
Loss = 4.3777e-02, PNorm = 109.0281, GNorm = 0.2147, lr_0 = 1.0701e-04
Loss = 6.1725e-02, PNorm = 109.0291, GNorm = 0.4697, lr_0 = 1.0690e-04
Loss = 5.2688e-02, PNorm = 109.0294, GNorm = 0.2224, lr_0 = 1.0679e-04
Loss = 4.3446e-02, PNorm = 109.0312, GNorm = 0.2589, lr_0 = 1.0668e-04
Loss = 5.4822e-02, PNorm = 109.0335, GNorm = 0.1961, lr_0 = 1.0657e-04
Loss = 7.6146e-02, PNorm = 109.0345, GNorm = 0.1991, lr_0 = 1.0646e-04
Loss = 4.8554e-02, PNorm = 109.0357, GNorm = 0.6174, lr_0 = 1.0635e-04
Loss = 8.2287e-02, PNorm = 109.0372, GNorm = 0.2413, lr_0 = 1.0624e-04
Loss = 5.3301e-02, PNorm = 109.0396, GNorm = 0.2882, lr_0 = 1.0613e-04
Loss = 4.8620e-02, PNorm = 109.0427, GNorm = 0.4092, lr_0 = 1.0602e-04
Loss = 7.4346e-02, PNorm = 109.0461, GNorm = 0.8802, lr_0 = 1.0591e-04
Loss = 5.1567e-02, PNorm = 109.0484, GNorm = 0.2749, lr_0 = 1.0581e-04
Loss = 4.0360e-02, PNorm = 109.0521, GNorm = 0.2386, lr_0 = 1.0570e-04
Loss = 3.4838e-02, PNorm = 109.0562, GNorm = 0.9008, lr_0 = 1.0559e-04
Loss = 3.8682e-02, PNorm = 109.0583, GNorm = 0.2276, lr_0 = 1.0548e-04
Loss = 6.7736e-02, PNorm = 109.0592, GNorm = 0.2047, lr_0 = 1.0537e-04
Loss = 7.0628e-02, PNorm = 109.0595, GNorm = 0.4332, lr_0 = 1.0526e-04
Loss = 7.0400e-02, PNorm = 109.0607, GNorm = 0.2280, lr_0 = 1.0516e-04
Loss = 3.2366e-02, PNorm = 109.0637, GNorm = 0.2924, lr_0 = 1.0505e-04
Loss = 1.9791e-02, PNorm = 109.0685, GNorm = 0.4785, lr_0 = 1.0494e-04
Loss = 3.4518e-02, PNorm = 109.0707, GNorm = 0.2328, lr_0 = 1.0483e-04
Loss = 5.9458e-02, PNorm = 109.0719, GNorm = 0.4516, lr_0 = 1.0472e-04
Loss = 2.7939e-02, PNorm = 109.0742, GNorm = 0.8170, lr_0 = 1.0462e-04
Loss = 6.2099e-02, PNorm = 109.0751, GNorm = 1.0131, lr_0 = 1.0451e-04
Loss = 5.5679e-02, PNorm = 109.0744, GNorm = 0.1974, lr_0 = 1.0440e-04
Loss = 3.4143e-02, PNorm = 109.0759, GNorm = 0.1840, lr_0 = 1.0429e-04
Loss = 2.7438e-02, PNorm = 109.0780, GNorm = 0.4585, lr_0 = 1.0419e-04
Loss = 2.6045e-02, PNorm = 109.0809, GNorm = 0.1793, lr_0 = 1.0408e-04
Loss = 1.6386e-02, PNorm = 109.0841, GNorm = 0.1674, lr_0 = 1.0397e-04
Loss = 6.5239e-02, PNorm = 109.0856, GNorm = 0.1699, lr_0 = 1.0387e-04
Loss = 5.7761e-02, PNorm = 109.0866, GNorm = 0.1960, lr_0 = 1.0376e-04
Loss = 2.3826e-02, PNorm = 109.0881, GNorm = 0.1836, lr_0 = 1.0365e-04
Loss = 3.8532e-02, PNorm = 109.0894, GNorm = 0.1986, lr_0 = 1.0355e-04
Loss = 2.5427e-02, PNorm = 109.0910, GNorm = 0.1649, lr_0 = 1.0344e-04
Loss = 2.3971e-02, PNorm = 109.0929, GNorm = 0.1531, lr_0 = 1.0333e-04
Loss = 5.9354e-02, PNorm = 109.0932, GNorm = 0.4341, lr_0 = 1.0323e-04
Loss = 6.8316e-02, PNorm = 109.0922, GNorm = 0.1675, lr_0 = 1.0312e-04
Loss = 3.9639e-02, PNorm = 109.0927, GNorm = 0.6672, lr_0 = 1.0302e-04
Loss = 7.1306e-02, PNorm = 109.0944, GNorm = 1.0537, lr_0 = 1.0291e-04
Loss = 3.5255e-02, PNorm = 109.0963, GNorm = 0.2326, lr_0 = 1.0280e-04
Loss = 6.8851e-02, PNorm = 109.0984, GNorm = 0.2469, lr_0 = 1.0270e-04
Loss = 5.2465e-02, PNorm = 109.1012, GNorm = 0.4157, lr_0 = 1.0259e-04
Loss = 5.5977e-02, PNorm = 109.1032, GNorm = 0.4095, lr_0 = 1.0249e-04
Loss = 4.7890e-02, PNorm = 109.1051, GNorm = 0.6130, lr_0 = 1.0238e-04
Loss = 5.7723e-02, PNorm = 109.1070, GNorm = 0.2631, lr_0 = 1.0228e-04
Loss = 5.1831e-02, PNorm = 109.1095, GNorm = 0.6887, lr_0 = 1.0217e-04
Loss = 5.4008e-02, PNorm = 109.1118, GNorm = 0.4024, lr_0 = 1.0207e-04
Loss = 4.4953e-02, PNorm = 109.1138, GNorm = 0.5301, lr_0 = 1.0196e-04
Loss = 3.6965e-02, PNorm = 109.1158, GNorm = 0.2315, lr_0 = 1.0186e-04
Loss = 1.8302e-02, PNorm = 109.1195, GNorm = 0.1951, lr_0 = 1.0175e-04
Loss = 7.8730e-02, PNorm = 109.1210, GNorm = 1.3959, lr_0 = 1.0165e-04
Loss = 5.5038e-02, PNorm = 109.1214, GNorm = 0.5067, lr_0 = 1.0154e-04
Loss = 5.7580e-02, PNorm = 109.1223, GNorm = 0.2369, lr_0 = 1.0144e-04
Loss = 6.4553e-02, PNorm = 109.1234, GNorm = 0.3813, lr_0 = 1.0133e-04
Loss = 5.7635e-02, PNorm = 109.1251, GNorm = 0.3126, lr_0 = 1.0123e-04
Loss = 5.6811e-02, PNorm = 109.1275, GNorm = 0.2557, lr_0 = 1.0113e-04
Loss = 3.0536e-02, PNorm = 109.1307, GNorm = 0.4493, lr_0 = 1.0102e-04
Loss = 7.9326e-02, PNorm = 109.1316, GNorm = 0.2871, lr_0 = 1.0092e-04
Loss = 4.6373e-02, PNorm = 109.1336, GNorm = 0.2778, lr_0 = 1.0082e-04
Loss = 3.6998e-02, PNorm = 109.1365, GNorm = 0.4592, lr_0 = 1.0071e-04
Loss = 5.8618e-02, PNorm = 109.1390, GNorm = 0.4645, lr_0 = 1.0061e-04
Loss = 3.1199e-02, PNorm = 109.1410, GNorm = 0.2189, lr_0 = 1.0050e-04
Loss = 5.6926e-02, PNorm = 109.1448, GNorm = 1.6034, lr_0 = 1.0040e-04
Loss = 2.2436e-02, PNorm = 109.1480, GNorm = 0.3781, lr_0 = 1.0030e-04
Loss = 1.6396e-02, PNorm = 109.1509, GNorm = 0.1533, lr_0 = 1.0020e-04
Loss = 4.1271e-02, PNorm = 109.1546, GNorm = 0.1664, lr_0 = 1.0009e-04
Loss = 4.0603e-02, PNorm = 109.1561, GNorm = 0.1520, lr_0 = 1.0000e-04
Validation auc = 0.551342
Model 0 best validation auc = 0.617421 on epoch 8
Loading pretrained parameter "encoder.encoder.0.cached_zero_vector".
Loading pretrained parameter "encoder.encoder.0.W_i.weight".
Loading pretrained parameter "encoder.encoder.0.W_h.weight".
Loading pretrained parameter "encoder.encoder.0.W_o.weight".
Loading pretrained parameter "encoder.encoder.0.W_o.bias".
Loading pretrained parameter "ffn.1.weight".
Loading pretrained parameter "ffn.1.bias".
Loading pretrained parameter "ffn.4.weight".
Loading pretrained parameter "ffn.4.bias".
Loading pretrained parameter "ffn.7.weight".
Loading pretrained parameter "ffn.7.bias".
Model 0 test auc = 0.479610
Ensemble test auc = 0.479610
1-fold cross validation
	Seed 3 ==> test auc = 0.479610
Overall test auc = 0.479610 +/- 0.000000
Elapsed time = 1 day, 6:46:48
