Command line
python /home/felixjwong/miniconda3/envs/chemprop/bin/chemprop_train --data_path ./hdpc.csv --dataset_type classification --config_path ./hyperparameters.json --save_dir ./hdpc/8 --ensemble_size 1 --seed 8 --features_generator rdkit_2d_normalized --no_features_scaling
Args
{'activation': 'ReLU',
 'aggregation': 'mean',
 'aggregation_norm': 100,
 'atom_descriptor_scaling': True,
 'atom_descriptors': None,
 'atom_descriptors_path': None,
 'atom_descriptors_size': 0,
 'atom_features_size': 0,
 'atom_messages': False,
 'batch_size': 50,
 'bias': False,
 'bond_feature_scaling': True,
 'bond_features_path': None,
 'bond_features_size': 0,
 'cache_cutoff': 10000,
 'checkpoint_dir': None,
 'checkpoint_path': None,
 'checkpoint_paths': None,
 'class_balance': False,
 'config_path': './hyperparameters.json',
 'crossval_index_dir': None,
 'crossval_index_file': None,
 'crossval_index_sets': None,
 'cuda': False,
 'data_path': './hdpc.csv',
 'dataset_type': 'classification',
 'depth': 5,
 'device': device(type='cpu'),
 'dropout': 0.35,
 'ensemble_size': 1,
 'epochs': 30,
 'extra_metrics': [],
 'features_generator': ['rdkit_2d_normalized'],
 'features_only': False,
 'features_path': None,
 'features_scaling': False,
 'features_size': None,
 'ffn_hidden_size': 1600,
 'ffn_num_layers': 3,
 'final_lr': 0.0001,
 'folds_file': None,
 'gpu': None,
 'grad_clip': None,
 'hidden_size': 1600,
 'ignore_columns': None,
 'init_lr': 0.0001,
 'log_frequency': 10,
 'max_data_size': None,
 'max_lr': 0.001,
 'metric': 'auc',
 'metrics': ['auc'],
 'minimize_score': False,
 'mpn_shared': False,
 'multiclass_num_classes': 3,
 'no_atom_descriptor_scaling': False,
 'no_bond_features_scaling': False,
 'no_cache_mol': False,
 'no_cuda': False,
 'no_features_scaling': True,
 'num_folds': 1,
 'num_lrs': 1,
 'num_tasks': 1,
 'num_workers': 8,
 'number_of_molecules': 1,
 'overwrite_default_atom_features': False,
 'overwrite_default_bond_features': False,
 'pytorch_seed': 0,
 'quiet': False,
 'save_dir': './hdpc/8',
 'save_preds': False,
 'save_smiles_splits': False,
 'seed': 8,
 'separate_test_atom_descriptors_path': None,
 'separate_test_bond_features_path': None,
 'separate_test_features_path': None,
 'separate_test_path': None,
 'separate_val_atom_descriptors_path': None,
 'separate_val_bond_features_path': None,
 'separate_val_features_path': None,
 'separate_val_path': None,
 'show_individual_scores': False,
 'smiles_columns': ['\ufeffSMILES'],
 'split_sizes': (0.8, 0.1, 0.1),
 'split_type': 'random',
 'target_columns': None,
 'task_names': ['HIT'],
 'test': False,
 'test_fold_index': None,
 'train_data_size': None,
 'undirected': False,
 'use_input_features': True,
 'val_fold_index': None,
 'warmup_epochs': 2.0}
Loading data
Number of tasks = 1
Fold 0
Splitting data with seed 8
Class sizes
HIT 0: 99.12%, 1: 0.88%
Total size = 50,000 | train size = 40,000 | val size = 5,000 | test size = 5,000
Building model 0
MoleculeModel(
  (sigmoid): Sigmoid()
  (encoder): MPN(
    (encoder): ModuleList(
      (0): MPNEncoder(
        (dropout_layer): Dropout(p=0.35, inplace=False)
        (act_func): ReLU()
        (W_i): Linear(in_features=147, out_features=1600, bias=False)
        (W_h): Linear(in_features=1600, out_features=1600, bias=False)
        (W_o): Linear(in_features=1733, out_features=1600, bias=True)
      )
    )
  )
  (ffn): Sequential(
    (0): Dropout(p=0.35, inplace=False)
    (1): Linear(in_features=1800, out_features=1600, bias=True)
    (2): ReLU()
    (3): Dropout(p=0.35, inplace=False)
    (4): Linear(in_features=1600, out_features=1600, bias=True)
    (5): ReLU()
    (6): Dropout(p=0.35, inplace=False)
    (7): Linear(in_features=1600, out_features=1, bias=True)
  )
)
Number of parameters = 11,014,401
Epoch 0
Loss = 1.7918e-01, PNorm = 82.6424, GNorm = 1.5946, lr_0 = 1.0619e-04
Loss = 6.7264e-02, PNorm = 82.6468, GNorm = 0.6626, lr_0 = 1.1181e-04
Loss = 1.6582e-02, PNorm = 82.6516, GNorm = 0.5571, lr_0 = 1.1744e-04
Loss = 6.2749e-02, PNorm = 82.6557, GNorm = 0.5871, lr_0 = 1.2306e-04
Loss = 3.2289e-02, PNorm = 82.6609, GNorm = 0.1446, lr_0 = 1.2869e-04
Loss = 6.1887e-02, PNorm = 82.6680, GNorm = 0.0934, lr_0 = 1.3431e-04
Loss = 2.7589e-02, PNorm = 82.6772, GNorm = 0.0725, lr_0 = 1.3994e-04
Loss = 1.2223e-01, PNorm = 82.6802, GNorm = 0.3801, lr_0 = 1.4556e-04
Loss = 5.4208e-02, PNorm = 82.6947, GNorm = 0.1028, lr_0 = 1.5119e-04
Loss = 3.8957e-02, PNorm = 82.7052, GNorm = 0.0712, lr_0 = 1.5681e-04
Loss = 6.9443e-02, PNorm = 82.7104, GNorm = 0.1399, lr_0 = 1.6244e-04
Loss = 6.0191e-02, PNorm = 82.7217, GNorm = 0.1440, lr_0 = 1.6806e-04
Loss = 5.8823e-02, PNorm = 82.7345, GNorm = 0.5306, lr_0 = 1.7369e-04
Loss = 5.4191e-02, PNorm = 82.7417, GNorm = 0.1141, lr_0 = 1.7931e-04
Loss = 5.9605e-02, PNorm = 82.7523, GNorm = 0.1658, lr_0 = 1.8494e-04
Loss = 4.5691e-02, PNorm = 82.7675, GNorm = 0.5345, lr_0 = 1.9056e-04
Loss = 3.9257e-02, PNorm = 82.7782, GNorm = 0.8850, lr_0 = 1.9619e-04
Loss = 2.7592e-02, PNorm = 82.7864, GNorm = 0.1028, lr_0 = 2.0181e-04
Loss = 4.5203e-02, PNorm = 82.8004, GNorm = 0.4068, lr_0 = 2.0744e-04
Loss = 6.0174e-02, PNorm = 82.8124, GNorm = 0.4013, lr_0 = 2.1306e-04
Loss = 5.7918e-02, PNorm = 82.8292, GNorm = 0.1053, lr_0 = 2.1869e-04
Loss = 2.7101e-02, PNorm = 82.8505, GNorm = 0.9862, lr_0 = 2.2431e-04
Loss = 7.4977e-02, PNorm = 82.8494, GNorm = 0.3981, lr_0 = 2.2994e-04
Loss = 4.0317e-02, PNorm = 82.8693, GNorm = 0.0877, lr_0 = 2.3556e-04
Loss = 7.3272e-02, PNorm = 82.8817, GNorm = 0.3077, lr_0 = 2.4119e-04
Loss = 4.1712e-02, PNorm = 82.9000, GNorm = 0.0989, lr_0 = 2.4681e-04
Loss = 6.2484e-02, PNorm = 82.9137, GNorm = 0.0938, lr_0 = 2.5244e-04
Loss = 5.7705e-02, PNorm = 82.9272, GNorm = 0.3619, lr_0 = 2.5806e-04
Loss = 5.5729e-02, PNorm = 82.9432, GNorm = 0.1466, lr_0 = 2.6369e-04
Loss = 4.4788e-02, PNorm = 82.9623, GNorm = 0.4938, lr_0 = 2.6931e-04
Loss = 7.5782e-02, PNorm = 82.9682, GNorm = 0.4761, lr_0 = 2.7494e-04
Loss = 4.0494e-02, PNorm = 82.9938, GNorm = 0.0521, lr_0 = 2.8056e-04
Loss = 9.2262e-02, PNorm = 83.0009, GNorm = 0.3043, lr_0 = 2.8619e-04
Loss = 4.5143e-02, PNorm = 83.0229, GNorm = 0.3647, lr_0 = 2.9181e-04
Loss = 5.2617e-02, PNorm = 83.0367, GNorm = 0.1073, lr_0 = 2.9744e-04
Loss = 8.6222e-02, PNorm = 83.0498, GNorm = 0.2494, lr_0 = 3.0306e-04
Loss = 2.9391e-02, PNorm = 83.0806, GNorm = 0.0215, lr_0 = 3.0869e-04
Loss = 3.5437e-02, PNorm = 83.0970, GNorm = 0.0108, lr_0 = 3.1431e-04
Loss = 7.1984e-02, PNorm = 83.0981, GNorm = 0.6070, lr_0 = 3.1994e-04
Loss = 6.5461e-02, PNorm = 83.1199, GNorm = 0.1246, lr_0 = 3.2556e-04
Loss = 1.8273e-02, PNorm = 83.1470, GNorm = 0.0094, lr_0 = 3.3119e-04
Loss = 5.4716e-02, PNorm = 83.1479, GNorm = 0.0461, lr_0 = 3.3681e-04
Loss = 6.7905e-02, PNorm = 83.1526, GNorm = 0.2875, lr_0 = 3.4244e-04
Loss = 3.4801e-02, PNorm = 83.1757, GNorm = 0.0447, lr_0 = 3.4806e-04
Loss = 7.7533e-02, PNorm = 83.1804, GNorm = 0.6157, lr_0 = 3.5369e-04
Loss = 5.8100e-02, PNorm = 83.1913, GNorm = 0.2192, lr_0 = 3.5931e-04
Loss = 7.2222e-02, PNorm = 83.2101, GNorm = 0.1253, lr_0 = 3.6494e-04
Loss = 6.0966e-02, PNorm = 83.2262, GNorm = 0.5948, lr_0 = 3.7056e-04
Loss = 7.9333e-02, PNorm = 83.2367, GNorm = 0.2860, lr_0 = 3.7619e-04
Loss = 1.4342e-02, PNorm = 83.2668, GNorm = 0.0289, lr_0 = 3.8181e-04
Loss = 7.4576e-02, PNorm = 83.2743, GNorm = 0.3903, lr_0 = 3.8744e-04
Loss = 2.4921e-02, PNorm = 83.2892, GNorm = 0.3178, lr_0 = 3.9306e-04
Loss = 3.6378e-02, PNorm = 83.3006, GNorm = 0.0548, lr_0 = 3.9869e-04
Loss = 8.7121e-02, PNorm = 83.3042, GNorm = 0.6658, lr_0 = 4.0431e-04
Loss = 5.2773e-02, PNorm = 83.3264, GNorm = 0.1135, lr_0 = 4.0994e-04
Loss = 5.7578e-02, PNorm = 83.3446, GNorm = 0.0368, lr_0 = 4.1556e-04
Loss = 3.0311e-03, PNorm = 83.3573, GNorm = 0.0381, lr_0 = 4.2119e-04
Loss = 7.0982e-02, PNorm = 83.3574, GNorm = 0.2930, lr_0 = 4.2681e-04
Loss = 7.4118e-02, PNorm = 83.3632, GNorm = 0.2826, lr_0 = 4.3244e-04
Loss = 9.1547e-02, PNorm = 83.3894, GNorm = 0.4121, lr_0 = 4.3806e-04
Loss = 4.3826e-02, PNorm = 83.4101, GNorm = 0.0694, lr_0 = 4.4369e-04
Loss = 6.5455e-02, PNorm = 83.4202, GNorm = 0.1669, lr_0 = 4.4931e-04
Loss = 4.8934e-02, PNorm = 83.4444, GNorm = 0.3459, lr_0 = 4.5494e-04
Loss = 1.3676e-02, PNorm = 83.4709, GNorm = 0.0347, lr_0 = 4.6056e-04
Loss = 8.0150e-02, PNorm = 83.4745, GNorm = 0.5278, lr_0 = 4.6619e-04
Loss = 9.5750e-02, PNorm = 83.4937, GNorm = 0.3064, lr_0 = 4.7181e-04
Loss = 3.0595e-02, PNorm = 83.5326, GNorm = 0.0267, lr_0 = 4.7744e-04
Loss = 9.5449e-02, PNorm = 83.5351, GNorm = 0.3444, lr_0 = 4.8306e-04
Loss = 1.1023e-01, PNorm = 83.5510, GNorm = 0.3474, lr_0 = 4.8869e-04
Loss = 4.5176e-02, PNorm = 83.5920, GNorm = 0.0319, lr_0 = 4.9431e-04
Loss = 6.1759e-02, PNorm = 83.5980, GNorm = 0.0899, lr_0 = 4.9994e-04
Loss = 4.7719e-02, PNorm = 83.6081, GNorm = 0.1369, lr_0 = 5.0556e-04
Loss = 1.0448e-01, PNorm = 83.6136, GNorm = 0.2309, lr_0 = 5.1119e-04
Loss = 3.3730e-02, PNorm = 83.6438, GNorm = 0.0894, lr_0 = 5.1681e-04
Loss = 7.9913e-02, PNorm = 83.6543, GNorm = 0.0634, lr_0 = 5.2244e-04
Loss = 4.0375e-02, PNorm = 83.6672, GNorm = 0.2896, lr_0 = 5.2806e-04
Loss = 8.2456e-02, PNorm = 83.6796, GNorm = 0.1182, lr_0 = 5.3369e-04
Loss = 3.7445e-02, PNorm = 83.6987, GNorm = 0.4323, lr_0 = 5.3931e-04
Loss = 3.1211e-03, PNorm = 83.7239, GNorm = 0.0203, lr_0 = 5.4494e-04
Loss = 1.7721e-02, PNorm = 83.7390, GNorm = 0.5910, lr_0 = 5.5056e-04
Validation auc = 0.549473
Epoch 1
Loss = 9.4054e-02, PNorm = 83.7245, GNorm = 0.0969, lr_0 = 5.5619e-04
Loss = 5.7147e-02, PNorm = 83.7450, GNorm = 0.2493, lr_0 = 5.6181e-04
Loss = 6.5879e-02, PNorm = 83.7732, GNorm = 0.0752, lr_0 = 5.6744e-04
Loss = 4.6303e-02, PNorm = 83.7918, GNorm = 0.3883, lr_0 = 5.7306e-04
Loss = 6.3330e-02, PNorm = 83.7959, GNorm = 0.1943, lr_0 = 5.7869e-04
Loss = 1.1377e-02, PNorm = 83.8220, GNorm = 0.0502, lr_0 = 5.8431e-04
Loss = 8.1799e-02, PNorm = 83.8276, GNorm = 0.0940, lr_0 = 5.8994e-04
Loss = 2.7247e-02, PNorm = 83.8411, GNorm = 0.1330, lr_0 = 5.9556e-04
Loss = 8.4408e-02, PNorm = 83.8519, GNorm = 0.1417, lr_0 = 6.0119e-04
Loss = 7.5084e-02, PNorm = 83.8649, GNorm = 0.2019, lr_0 = 6.0681e-04
Loss = 6.4031e-02, PNorm = 83.8951, GNorm = 0.3965, lr_0 = 6.1244e-04
Loss = 8.2406e-02, PNorm = 83.9108, GNorm = 0.2193, lr_0 = 6.1806e-04
Loss = 9.1649e-02, PNorm = 83.9339, GNorm = 0.1870, lr_0 = 6.2369e-04
Loss = 6.3797e-02, PNorm = 83.9657, GNorm = 0.1235, lr_0 = 6.2931e-04
Loss = 2.6520e-02, PNorm = 83.9952, GNorm = 0.3584, lr_0 = 6.3494e-04
Loss = 5.7551e-02, PNorm = 84.0074, GNorm = 0.4627, lr_0 = 6.4056e-04
Loss = 5.1576e-02, PNorm = 84.0250, GNorm = 0.4882, lr_0 = 6.4619e-04
Loss = 2.0215e-02, PNorm = 84.0502, GNorm = 0.4661, lr_0 = 6.5181e-04
Loss = 9.0500e-02, PNorm = 84.0518, GNorm = 0.2964, lr_0 = 6.5744e-04
Loss = 6.0771e-02, PNorm = 84.0814, GNorm = 0.1797, lr_0 = 6.6306e-04
Loss = 8.1187e-02, PNorm = 84.1172, GNorm = 1.5749, lr_0 = 6.6869e-04
Loss = 6.3342e-02, PNorm = 84.1154, GNorm = 0.2495, lr_0 = 6.7431e-04
Loss = 6.1247e-02, PNorm = 84.1480, GNorm = 0.2702, lr_0 = 6.7994e-04
Loss = 6.0462e-02, PNorm = 84.1682, GNorm = 0.1255, lr_0 = 6.8556e-04
Loss = 1.8666e-02, PNorm = 84.1913, GNorm = 0.4804, lr_0 = 6.9119e-04
Loss = 4.4307e-02, PNorm = 84.2046, GNorm = 0.6863, lr_0 = 6.9681e-04
Loss = 4.8840e-02, PNorm = 84.2070, GNorm = 0.1282, lr_0 = 7.0244e-04
Loss = 1.9230e-02, PNorm = 84.2236, GNorm = 0.1148, lr_0 = 7.0806e-04
Loss = 3.8139e-02, PNorm = 84.2421, GNorm = 0.0352, lr_0 = 7.1369e-04
Loss = 4.6191e-02, PNorm = 84.2470, GNorm = 0.8924, lr_0 = 7.1931e-04
Loss = 2.8186e-02, PNorm = 84.2566, GNorm = 0.1392, lr_0 = 7.2494e-04
Loss = 4.8101e-02, PNorm = 84.2707, GNorm = 0.4264, lr_0 = 7.3056e-04
Loss = 4.3245e-02, PNorm = 84.2785, GNorm = 0.1403, lr_0 = 7.3619e-04
Loss = 1.7451e-02, PNorm = 84.2989, GNorm = 0.0508, lr_0 = 7.4181e-04
Loss = 4.3369e-02, PNorm = 84.3055, GNorm = 0.0820, lr_0 = 7.4744e-04
Loss = 3.8863e-02, PNorm = 84.3189, GNorm = 0.4603, lr_0 = 7.5306e-04
Loss = 3.6079e-02, PNorm = 84.3283, GNorm = 0.1213, lr_0 = 7.5869e-04
Loss = 6.0642e-02, PNorm = 84.3448, GNorm = 0.1329, lr_0 = 7.6431e-04
Loss = 6.6352e-02, PNorm = 84.3573, GNorm = 0.1966, lr_0 = 7.6994e-04
Loss = 6.2603e-02, PNorm = 84.3787, GNorm = 0.3552, lr_0 = 7.7556e-04
Loss = 2.9738e-02, PNorm = 84.4078, GNorm = 0.0757, lr_0 = 7.8119e-04
Loss = 8.3864e-02, PNorm = 84.4160, GNorm = 0.2486, lr_0 = 7.8681e-04
Loss = 7.0962e-02, PNorm = 84.4471, GNorm = 0.7397, lr_0 = 7.9244e-04
Loss = 4.6438e-02, PNorm = 84.4790, GNorm = 0.1692, lr_0 = 7.9806e-04
Loss = 7.6866e-02, PNorm = 84.5090, GNorm = 0.1961, lr_0 = 8.0369e-04
Loss = 7.7159e-02, PNorm = 84.5398, GNorm = 0.2518, lr_0 = 8.0931e-04
Loss = 2.4515e-02, PNorm = 84.5828, GNorm = 0.0638, lr_0 = 8.1494e-04
Loss = 2.2108e-02, PNorm = 84.6069, GNorm = 0.0417, lr_0 = 8.2056e-04
Loss = 6.0572e-02, PNorm = 84.6148, GNorm = 0.3754, lr_0 = 8.2619e-04
Loss = 6.9027e-02, PNorm = 84.6386, GNorm = 0.3213, lr_0 = 8.3181e-04
Loss = 7.7765e-02, PNorm = 84.6690, GNorm = 0.3720, lr_0 = 8.3744e-04
Loss = 9.6389e-02, PNorm = 84.7082, GNorm = 1.2267, lr_0 = 8.4306e-04
Loss = 6.1460e-02, PNorm = 84.7559, GNorm = 0.6338, lr_0 = 8.4869e-04
Loss = 6.1347e-02, PNorm = 84.7985, GNorm = 0.3018, lr_0 = 8.5431e-04
Loss = 5.8281e-02, PNorm = 84.8568, GNorm = 0.1400, lr_0 = 8.5994e-04
Loss = 3.1227e-02, PNorm = 84.9199, GNorm = 0.1239, lr_0 = 8.6556e-04
Loss = 3.9851e-02, PNorm = 84.9665, GNorm = 0.3339, lr_0 = 8.7119e-04
Loss = 8.6430e-02, PNorm = 85.0034, GNorm = 0.3301, lr_0 = 8.7681e-04
Loss = 4.9027e-02, PNorm = 85.0739, GNorm = 0.0887, lr_0 = 8.8244e-04
Loss = 9.0200e-02, PNorm = 85.1105, GNorm = 0.3209, lr_0 = 8.8806e-04
Loss = 3.6936e-02, PNorm = 85.1838, GNorm = 0.0600, lr_0 = 8.9369e-04
Loss = 4.6035e-02, PNorm = 85.2426, GNorm = 0.2558, lr_0 = 8.9931e-04
Loss = 5.5212e-02, PNorm = 85.3208, GNorm = 0.1339, lr_0 = 9.0494e-04
Loss = 7.1371e-02, PNorm = 85.3801, GNorm = 1.6301, lr_0 = 9.1056e-04
Loss = 6.6190e-02, PNorm = 85.4518, GNorm = 0.3737, lr_0 = 9.1619e-04
Loss = 4.5297e-02, PNorm = 85.5268, GNorm = 0.0831, lr_0 = 9.2181e-04
Loss = 8.6276e-02, PNorm = 85.5509, GNorm = 0.2771, lr_0 = 9.2744e-04
Loss = 5.0209e-02, PNorm = 85.5991, GNorm = 0.0937, lr_0 = 9.3306e-04
Loss = 4.4477e-02, PNorm = 85.6394, GNorm = 0.0053, lr_0 = 9.3869e-04
Loss = 6.7589e-02, PNorm = 85.6356, GNorm = 0.9661, lr_0 = 9.4431e-04
Loss = 6.3533e-02, PNorm = 85.6501, GNorm = 0.4608, lr_0 = 9.4994e-04
Loss = 7.7249e-02, PNorm = 85.6814, GNorm = 0.2141, lr_0 = 9.5556e-04
Loss = 1.8176e-02, PNorm = 85.7233, GNorm = 0.0432, lr_0 = 9.6119e-04
Loss = 1.5433e-02, PNorm = 85.7474, GNorm = 0.0210, lr_0 = 9.6681e-04
Loss = 6.8548e-02, PNorm = 85.7445, GNorm = 0.1223, lr_0 = 9.7244e-04
Loss = 6.1263e-02, PNorm = 85.7580, GNorm = 1.0964, lr_0 = 9.7806e-04
Loss = 4.4650e-02, PNorm = 85.7828, GNorm = 0.1535, lr_0 = 9.8369e-04
Loss = 5.3830e-02, PNorm = 85.8094, GNorm = 0.6114, lr_0 = 9.8931e-04
Loss = 5.0230e-02, PNorm = 85.8172, GNorm = 0.2391, lr_0 = 9.9494e-04
Loss = 3.5235e-02, PNorm = 85.8454, GNorm = 0.1077, lr_0 = 9.9990e-04
Validation auc = 0.557952
Epoch 2
Loss = 3.5832e-02, PNorm = 85.8623, GNorm = 0.1357, lr_0 = 9.9887e-04
Loss = 7.6726e-02, PNorm = 85.8659, GNorm = 0.2086, lr_0 = 9.9784e-04
Loss = 9.0459e-02, PNorm = 85.8794, GNorm = 0.4227, lr_0 = 9.9682e-04
Loss = 3.7679e-02, PNorm = 85.9330, GNorm = 0.0320, lr_0 = 9.9579e-04
Loss = 1.3104e-01, PNorm = 85.9275, GNorm = 0.3287, lr_0 = 9.9477e-04
Loss = 6.6415e-02, PNorm = 85.9861, GNorm = 0.2311, lr_0 = 9.9375e-04
Loss = 8.9606e-02, PNorm = 86.0314, GNorm = 0.2749, lr_0 = 9.9273e-04
Loss = 3.6928e-02, PNorm = 86.0789, GNorm = 0.1235, lr_0 = 9.9171e-04
Loss = 3.9965e-02, PNorm = 86.1149, GNorm = 0.6920, lr_0 = 9.9069e-04
Loss = 6.0244e-02, PNorm = 86.1230, GNorm = 0.2310, lr_0 = 9.8967e-04
Loss = 5.1618e-02, PNorm = 86.1541, GNorm = 0.5595, lr_0 = 9.8865e-04
Loss = 5.8044e-02, PNorm = 86.1697, GNorm = 0.2127, lr_0 = 9.8764e-04
Loss = 4.6684e-02, PNorm = 86.1951, GNorm = 0.1706, lr_0 = 9.8662e-04
Loss = 5.6739e-02, PNorm = 86.2236, GNorm = 0.0953, lr_0 = 9.8561e-04
Loss = 7.0860e-02, PNorm = 86.2327, GNorm = 0.3354, lr_0 = 9.8460e-04
Loss = 3.5898e-02, PNorm = 86.2809, GNorm = 0.1165, lr_0 = 9.8359e-04
Loss = 2.8898e-02, PNorm = 86.3137, GNorm = 0.0891, lr_0 = 9.8258e-04
Loss = 3.3070e-02, PNorm = 86.3263, GNorm = 0.0881, lr_0 = 9.8157e-04
Loss = 5.0165e-02, PNorm = 86.3357, GNorm = 0.6609, lr_0 = 9.8056e-04
Loss = 5.7280e-02, PNorm = 86.3590, GNorm = 0.2734, lr_0 = 9.7955e-04
Loss = 4.6454e-02, PNorm = 86.4001, GNorm = 0.2603, lr_0 = 9.7854e-04
Loss = 8.1284e-02, PNorm = 86.4339, GNorm = 0.2802, lr_0 = 9.7754e-04
Loss = 7.2439e-02, PNorm = 86.4784, GNorm = 0.5377, lr_0 = 9.7653e-04
Loss = 7.1190e-02, PNorm = 86.5529, GNorm = 0.2597, lr_0 = 9.7553e-04
Loss = 6.9392e-02, PNorm = 86.5946, GNorm = 0.6357, lr_0 = 9.7453e-04
Loss = 1.1003e-01, PNorm = 86.6247, GNorm = 0.5159, lr_0 = 9.7353e-04
Loss = 5.2946e-02, PNorm = 86.6984, GNorm = 0.1798, lr_0 = 9.7253e-04
Loss = 5.4194e-02, PNorm = 86.7578, GNorm = 0.0246, lr_0 = 9.7153e-04
Loss = 4.1089e-02, PNorm = 86.7663, GNorm = 0.2359, lr_0 = 9.7053e-04
Loss = 2.7078e-02, PNorm = 86.8149, GNorm = 0.5866, lr_0 = 9.6953e-04
Loss = 1.9652e-02, PNorm = 86.8549, GNorm = 0.0340, lr_0 = 9.6854e-04
Loss = 7.4560e-02, PNorm = 86.8608, GNorm = 0.1672, lr_0 = 9.6754e-04
Loss = 5.0548e-02, PNorm = 86.8936, GNorm = 0.3605, lr_0 = 9.6655e-04
Loss = 4.2225e-02, PNorm = 86.9442, GNorm = 0.0851, lr_0 = 9.6555e-04
Loss = 8.6024e-02, PNorm = 86.9583, GNorm = 1.1362, lr_0 = 9.6456e-04
Loss = 7.7400e-02, PNorm = 86.9695, GNorm = 0.6241, lr_0 = 9.6357e-04
Loss = 7.3601e-02, PNorm = 87.0302, GNorm = 0.1671, lr_0 = 9.6258e-04
Loss = 7.8944e-02, PNorm = 87.0563, GNorm = 0.3497, lr_0 = 9.6159e-04
Loss = 2.3582e-02, PNorm = 87.1039, GNorm = 0.1327, lr_0 = 9.6060e-04
Loss = 2.4537e-02, PNorm = 87.1505, GNorm = 0.0145, lr_0 = 9.5962e-04
Loss = 6.8847e-02, PNorm = 87.1424, GNorm = 0.1920, lr_0 = 9.5863e-04
Loss = 6.8555e-02, PNorm = 87.1636, GNorm = 0.3798, lr_0 = 9.5765e-04
Loss = 5.4493e-02, PNorm = 87.2055, GNorm = 0.2242, lr_0 = 9.5666e-04
Loss = 5.7586e-02, PNorm = 87.2376, GNorm = 0.6163, lr_0 = 9.5568e-04
Loss = 4.0154e-02, PNorm = 87.2700, GNorm = 0.1718, lr_0 = 9.5470e-04
Loss = 5.9021e-02, PNorm = 87.2848, GNorm = 0.1461, lr_0 = 9.5372e-04
Loss = 6.8592e-02, PNorm = 87.2980, GNorm = 0.3657, lr_0 = 9.5274e-04
Loss = 1.3057e-02, PNorm = 87.3342, GNorm = 0.1030, lr_0 = 9.5176e-04
Loss = 9.6433e-02, PNorm = 87.3394, GNorm = 0.2600, lr_0 = 9.5078e-04
Loss = 3.6937e-02, PNorm = 87.3643, GNorm = 0.2085, lr_0 = 9.4980e-04
Loss = 2.8390e-02, PNorm = 87.3918, GNorm = 0.1023, lr_0 = 9.4883e-04
Loss = 8.6382e-02, PNorm = 87.3887, GNorm = 0.5220, lr_0 = 9.4785e-04
Loss = 5.8949e-02, PNorm = 87.4012, GNorm = 0.3095, lr_0 = 9.4688e-04
Loss = 7.0296e-02, PNorm = 87.4265, GNorm = 0.3972, lr_0 = 9.4591e-04
Loss = 4.6165e-02, PNorm = 87.4505, GNorm = 0.7138, lr_0 = 9.4493e-04
Loss = 5.5813e-02, PNorm = 87.4569, GNorm = 0.4095, lr_0 = 9.4396e-04
Loss = 3.7947e-02, PNorm = 87.4743, GNorm = 0.4652, lr_0 = 9.4299e-04
Loss = 5.5225e-03, PNorm = 87.5090, GNorm = 0.0446, lr_0 = 9.4203e-04
Loss = 7.8132e-02, PNorm = 87.5048, GNorm = 0.1885, lr_0 = 9.4106e-04
Loss = 3.3243e-02, PNorm = 87.5236, GNorm = 0.1526, lr_0 = 9.4009e-04
Loss = 4.1174e-02, PNorm = 87.5417, GNorm = 0.1683, lr_0 = 9.3912e-04
Loss = 1.7835e-02, PNorm = 87.5645, GNorm = 0.1199, lr_0 = 9.3816e-04
Loss = 2.9351e-02, PNorm = 87.5818, GNorm = 0.4887, lr_0 = 9.3720e-04
Loss = 8.5031e-02, PNorm = 87.5742, GNorm = 0.2001, lr_0 = 9.3623e-04
Loss = 4.0497e-02, PNorm = 87.5953, GNorm = 0.3600, lr_0 = 9.3527e-04
Loss = 6.7056e-02, PNorm = 87.6237, GNorm = 0.3939, lr_0 = 9.3431e-04
Loss = 6.4662e-02, PNorm = 87.6247, GNorm = 0.3062, lr_0 = 9.3335e-04
Loss = 5.7894e-02, PNorm = 87.6450, GNorm = 0.6155, lr_0 = 9.3239e-04
Loss = 5.8841e-02, PNorm = 87.6665, GNorm = 0.2034, lr_0 = 9.3143e-04
Loss = 7.4559e-02, PNorm = 87.6761, GNorm = 0.2587, lr_0 = 9.3048e-04
Loss = 5.1753e-02, PNorm = 87.6939, GNorm = 0.5946, lr_0 = 9.2952e-04
Loss = 4.7323e-02, PNorm = 87.7114, GNorm = 0.1289, lr_0 = 9.2857e-04
Loss = 8.1579e-02, PNorm = 87.7087, GNorm = 0.3369, lr_0 = 9.2761e-04
Loss = 4.9349e-02, PNorm = 87.7273, GNorm = 0.2463, lr_0 = 9.2666e-04
Loss = 5.8820e-02, PNorm = 87.7459, GNorm = 0.1971, lr_0 = 9.2571e-04
Loss = 1.6609e-02, PNorm = 87.7729, GNorm = 0.0955, lr_0 = 9.2476e-04
Loss = 8.8023e-02, PNorm = 87.7728, GNorm = 0.2765, lr_0 = 9.2381e-04
Loss = 6.1577e-02, PNorm = 87.7913, GNorm = 0.4018, lr_0 = 9.2286e-04
Loss = 5.0178e-02, PNorm = 87.8211, GNorm = 0.5371, lr_0 = 9.2191e-04
Loss = 4.3394e-02, PNorm = 87.8423, GNorm = 0.1863, lr_0 = 9.2096e-04
Validation auc = 0.558883
Epoch 3
Loss = 2.4891e-02, PNorm = 87.8681, GNorm = 0.1511, lr_0 = 9.2001e-04
Loss = 1.5659e-02, PNorm = 87.9002, GNorm = 0.0361, lr_0 = 9.1907e-04
Loss = 6.3544e-02, PNorm = 87.8999, GNorm = 0.1256, lr_0 = 9.1812e-04
Loss = 7.1675e-03, PNorm = 87.9321, GNorm = 0.1313, lr_0 = 9.1718e-04
Loss = 3.0562e-02, PNorm = 87.9764, GNorm = 0.0410, lr_0 = 9.1624e-04
Loss = 7.8428e-02, PNorm = 87.9748, GNorm = 0.3073, lr_0 = 9.1530e-04
Loss = 3.4860e-02, PNorm = 88.0161, GNorm = 0.2364, lr_0 = 9.1436e-04
Loss = 6.7537e-02, PNorm = 88.0625, GNorm = 1.5940, lr_0 = 9.1342e-04
Loss = 3.8357e-02, PNorm = 88.0830, GNorm = 0.2435, lr_0 = 9.1248e-04
Loss = 2.4439e-02, PNorm = 88.1353, GNorm = 0.1730, lr_0 = 9.1154e-04
Loss = 1.0706e-01, PNorm = 88.1387, GNorm = 0.3433, lr_0 = 9.1061e-04
Loss = 2.8898e-02, PNorm = 88.1872, GNorm = 0.1920, lr_0 = 9.0967e-04
Loss = 1.3723e-02, PNorm = 88.2429, GNorm = 0.0284, lr_0 = 9.0874e-04
Loss = 4.6397e-02, PNorm = 88.2602, GNorm = 0.0265, lr_0 = 9.0780e-04
Loss = 8.7099e-02, PNorm = 88.2617, GNorm = 0.4166, lr_0 = 9.0687e-04
Loss = 6.6521e-02, PNorm = 88.2952, GNorm = 0.4965, lr_0 = 9.0594e-04
Loss = 5.3972e-02, PNorm = 88.3283, GNorm = 0.4267, lr_0 = 9.0501e-04
Loss = 5.4005e-02, PNorm = 88.3549, GNorm = 0.6196, lr_0 = 9.0408e-04
Loss = 4.7874e-02, PNorm = 88.3693, GNorm = 0.2879, lr_0 = 9.0315e-04
Loss = 6.3564e-02, PNorm = 88.3851, GNorm = 0.2949, lr_0 = 9.0222e-04
Loss = 9.6996e-02, PNorm = 88.3961, GNorm = 1.6678, lr_0 = 9.0129e-04
Loss = 4.2990e-02, PNorm = 88.4185, GNorm = 0.3385, lr_0 = 9.0037e-04
Loss = 3.3159e-02, PNorm = 88.4625, GNorm = 0.0394, lr_0 = 8.9944e-04
Loss = 4.6818e-02, PNorm = 88.4670, GNorm = 0.1080, lr_0 = 8.9852e-04
Loss = 4.2734e-02, PNorm = 88.4758, GNorm = 0.5724, lr_0 = 8.9759e-04
Loss = 7.6579e-02, PNorm = 88.4834, GNorm = 0.4073, lr_0 = 8.9667e-04
Loss = 7.5570e-02, PNorm = 88.5077, GNorm = 0.4227, lr_0 = 8.9575e-04
Loss = 5.6907e-02, PNorm = 88.5457, GNorm = 0.4982, lr_0 = 8.9483e-04
Loss = 4.4168e-02, PNorm = 88.5536, GNorm = 0.2394, lr_0 = 8.9391e-04
Loss = 8.4102e-02, PNorm = 88.5684, GNorm = 0.6155, lr_0 = 8.9299e-04
Loss = 1.4292e-02, PNorm = 88.6023, GNorm = 0.2088, lr_0 = 8.9208e-04
Loss = 3.8804e-02, PNorm = 88.6257, GNorm = 0.0671, lr_0 = 8.9116e-04
Loss = 2.8798e-02, PNorm = 88.6360, GNorm = 0.0992, lr_0 = 8.9024e-04
Loss = 7.4411e-02, PNorm = 88.6308, GNorm = 0.2651, lr_0 = 8.8933e-04
Loss = 5.0071e-02, PNorm = 88.6483, GNorm = 0.4085, lr_0 = 8.8842e-04
Loss = 4.8725e-02, PNorm = 88.6788, GNorm = 0.1248, lr_0 = 8.8750e-04
Loss = 4.2581e-02, PNorm = 88.6896, GNorm = 0.7232, lr_0 = 8.8659e-04
Loss = 3.6158e-02, PNorm = 88.6979, GNorm = 0.5161, lr_0 = 8.8568e-04
Loss = 5.0571e-02, PNorm = 88.7089, GNorm = 0.5044, lr_0 = 8.8477e-04
Loss = 7.6087e-02, PNorm = 88.7143, GNorm = 0.4273, lr_0 = 8.8386e-04
Loss = 8.8697e-02, PNorm = 88.7348, GNorm = 0.3433, lr_0 = 8.8295e-04
Loss = 5.7684e-02, PNorm = 88.7567, GNorm = 0.3401, lr_0 = 8.8205e-04
Loss = 4.0734e-02, PNorm = 88.7825, GNorm = 0.1321, lr_0 = 8.8114e-04
Loss = 6.2275e-02, PNorm = 88.7874, GNorm = 0.2107, lr_0 = 8.8023e-04
Loss = 5.0141e-02, PNorm = 88.8004, GNorm = 0.4856, lr_0 = 8.7933e-04
Loss = 5.5198e-02, PNorm = 88.8188, GNorm = 1.5410, lr_0 = 8.7843e-04
Loss = 1.2949e-01, PNorm = 88.8147, GNorm = 0.5415, lr_0 = 8.7752e-04
Loss = 8.1704e-02, PNorm = 88.8517, GNorm = 0.2950, lr_0 = 8.7662e-04
Loss = 6.0531e-02, PNorm = 88.8763, GNorm = 0.7339, lr_0 = 8.7572e-04
Loss = 1.7971e-02, PNorm = 88.8958, GNorm = 0.1310, lr_0 = 8.7482e-04
Loss = 3.4015e-03, PNorm = 88.9255, GNorm = 0.0585, lr_0 = 8.7392e-04
Loss = 9.5761e-04, PNorm = 88.9524, GNorm = 0.0163, lr_0 = 8.7303e-04
Loss = 9.7451e-02, PNorm = 88.9381, GNorm = 1.0143, lr_0 = 8.7213e-04
Loss = 1.0076e-01, PNorm = 88.9165, GNorm = 0.9910, lr_0 = 8.7123e-04
Loss = 8.1387e-02, PNorm = 88.9505, GNorm = 0.4182, lr_0 = 8.7034e-04
Loss = 6.8906e-02, PNorm = 88.9745, GNorm = 0.8456, lr_0 = 8.6944e-04
Loss = 5.5332e-02, PNorm = 88.9751, GNorm = 0.1699, lr_0 = 8.6855e-04
Loss = 8.0309e-02, PNorm = 88.9812, GNorm = 0.4041, lr_0 = 8.6766e-04
Loss = 4.7483e-02, PNorm = 89.0061, GNorm = 0.4286, lr_0 = 8.6677e-04
Loss = 5.0867e-02, PNorm = 89.0373, GNorm = 2.1932, lr_0 = 8.6588e-04
Loss = 5.1330e-02, PNorm = 89.0347, GNorm = 0.1941, lr_0 = 8.6499e-04
Loss = 5.9459e-02, PNorm = 89.0402, GNorm = 0.5895, lr_0 = 8.6410e-04
Loss = 3.6681e-02, PNorm = 89.0521, GNorm = 0.2851, lr_0 = 8.6321e-04
Loss = 6.1261e-02, PNorm = 89.0556, GNorm = 0.2747, lr_0 = 8.6232e-04
Loss = 6.0678e-02, PNorm = 89.0677, GNorm = 0.7179, lr_0 = 8.6144e-04
Loss = 5.1582e-02, PNorm = 89.0750, GNorm = 0.7277, lr_0 = 8.6055e-04
Loss = 4.8447e-02, PNorm = 89.0921, GNorm = 0.4240, lr_0 = 8.5967e-04
Loss = 7.9550e-02, PNorm = 89.1054, GNorm = 0.5295, lr_0 = 8.5878e-04
Loss = 4.0468e-02, PNorm = 89.1270, GNorm = 0.3310, lr_0 = 8.5790e-04
Loss = 7.0592e-02, PNorm = 89.1429, GNorm = 0.2407, lr_0 = 8.5702e-04
Loss = 3.6724e-02, PNorm = 89.1630, GNorm = 0.2096, lr_0 = 8.5614e-04
Loss = 6.8119e-02, PNorm = 89.1825, GNorm = 0.2027, lr_0 = 8.5526e-04
Loss = 7.4496e-02, PNorm = 89.1909, GNorm = 0.3777, lr_0 = 8.5438e-04
Loss = 6.0702e-02, PNorm = 89.2244, GNorm = 0.3058, lr_0 = 8.5350e-04
Loss = 6.4534e-02, PNorm = 89.2480, GNorm = 0.2869, lr_0 = 8.5263e-04
Loss = 9.7530e-02, PNorm = 89.2686, GNorm = 1.2025, lr_0 = 8.5175e-04
Loss = 7.5231e-02, PNorm = 89.2870, GNorm = 0.5997, lr_0 = 8.5088e-04
Loss = 4.2051e-02, PNorm = 89.3253, GNorm = 0.1429, lr_0 = 8.5000e-04
Loss = 3.4411e-02, PNorm = 89.3493, GNorm = 0.0608, lr_0 = 8.4913e-04
Loss = 6.9477e-02, PNorm = 89.3422, GNorm = 0.2430, lr_0 = 8.4826e-04
Validation auc = 0.558890
Epoch 4
Loss = 7.4094e-02, PNorm = 89.3522, GNorm = 1.3668, lr_0 = 8.4738e-04
Loss = 6.0362e-02, PNorm = 89.3718, GNorm = 0.4473, lr_0 = 8.4651e-04
Loss = 8.3213e-02, PNorm = 89.4056, GNorm = 0.8416, lr_0 = 8.4564e-04
Loss = 2.6675e-02, PNorm = 89.4327, GNorm = 0.2426, lr_0 = 8.4478e-04
Loss = 2.8632e-02, PNorm = 89.4697, GNorm = 0.0749, lr_0 = 8.4391e-04
Loss = 5.1927e-02, PNorm = 89.4824, GNorm = 0.1492, lr_0 = 8.4304e-04
Loss = 3.6472e-02, PNorm = 89.5030, GNorm = 0.2265, lr_0 = 8.4217e-04
Loss = 6.9694e-02, PNorm = 89.5636, GNorm = 0.5352, lr_0 = 8.4131e-04
Loss = 1.7685e+00, PNorm = 90.1791, GNorm = 2.6743, lr_0 = 8.4044e-04
Loss = 1.5065e-01, PNorm = 92.3210, GNorm = 0.0000, lr_0 = 8.3958e-04
Loss = 9.0517e+00, PNorm = 94.0563, GNorm = 8.1271, lr_0 = 8.3872e-04
Loss = 1.7433e-01, PNorm = 95.4768, GNorm = 0.0028, lr_0 = 8.3786e-04
Loss = 5.1121e-02, PNorm = 96.1992, GNorm = 1.0716, lr_0 = 8.3700e-04
Loss = 3.6722e-02, PNorm = 96.6132, GNorm = 0.0039, lr_0 = 8.3614e-04
Loss = 1.1113e-01, PNorm = 96.9493, GNorm = 0.8007, lr_0 = 8.3528e-04
Loss = 7.4034e-02, PNorm = 97.1661, GNorm = 1.0264, lr_0 = 8.3442e-04
Loss = 8.1770e-02, PNorm = 97.2558, GNorm = 0.7868, lr_0 = 8.3356e-04
Loss = 5.1634e-02, PNorm = 97.3085, GNorm = 0.3867, lr_0 = 8.3270e-04
Loss = 2.5260e-02, PNorm = 97.3374, GNorm = 0.1581, lr_0 = 8.3185e-04
Loss = 4.2847e-02, PNorm = 97.3507, GNorm = 1.1009, lr_0 = 8.3099e-04
Loss = 8.8028e-02, PNorm = 97.3519, GNorm = 0.9515, lr_0 = 8.3014e-04
Loss = 4.7649e-02, PNorm = 97.3630, GNorm = 1.4240, lr_0 = 8.2929e-04
Loss = 6.6923e-02, PNorm = 97.3784, GNorm = 0.3613, lr_0 = 8.2844e-04
Loss = 4.3073e-02, PNorm = 97.3946, GNorm = 0.3410, lr_0 = 8.2758e-04
Loss = 3.9485e-02, PNorm = 97.4099, GNorm = 0.2384, lr_0 = 8.2673e-04
Loss = 7.9752e-02, PNorm = 97.4131, GNorm = 0.2981, lr_0 = 8.2589e-04
Loss = 4.6634e-02, PNorm = 97.4267, GNorm = 0.5541, lr_0 = 8.2504e-04
Loss = 5.1741e-02, PNorm = 97.4421, GNorm = 0.2473, lr_0 = 8.2419e-04
Loss = 8.0743e-02, PNorm = 97.4517, GNorm = 0.2365, lr_0 = 8.2334e-04
Loss = 8.8299e-02, PNorm = 97.4552, GNorm = 0.6596, lr_0 = 8.2250e-04
Loss = 5.6399e-02, PNorm = 97.4771, GNorm = 0.4473, lr_0 = 8.2165e-04
Loss = 5.8213e-02, PNorm = 97.4952, GNorm = 0.6517, lr_0 = 8.2081e-04
Loss = 6.6466e-02, PNorm = 97.5002, GNorm = 1.3838, lr_0 = 8.1996e-04
Loss = 5.7502e-02, PNorm = 97.5091, GNorm = 0.4615, lr_0 = 8.1912e-04
Loss = 5.8166e-02, PNorm = 97.5263, GNorm = 0.2851, lr_0 = 8.1828e-04
Loss = 4.0247e-02, PNorm = 97.5436, GNorm = 0.8252, lr_0 = 8.1744e-04
Loss = 3.8156e-02, PNorm = 97.5508, GNorm = 0.1555, lr_0 = 8.1660e-04
Loss = 3.7057e-02, PNorm = 97.5585, GNorm = 0.7716, lr_0 = 8.1576e-04
Loss = 5.8487e-02, PNorm = 97.5667, GNorm = 0.5260, lr_0 = 8.1492e-04
Loss = 7.1665e-02, PNorm = 97.5713, GNorm = 0.6088, lr_0 = 8.1408e-04
Loss = 3.3868e-02, PNorm = 97.5979, GNorm = 0.6354, lr_0 = 8.1325e-04
Loss = 9.8115e-02, PNorm = 97.5947, GNorm = 0.9069, lr_0 = 8.1241e-04
Loss = 7.5733e-02, PNorm = 97.5980, GNorm = 0.6885, lr_0 = 8.1158e-04
Loss = 5.5878e-02, PNorm = 97.6205, GNorm = 1.2689, lr_0 = 8.1074e-04
Loss = 7.7354e-02, PNorm = 97.6241, GNorm = 0.3766, lr_0 = 8.0991e-04
Loss = 2.8862e-02, PNorm = 97.6435, GNorm = 0.2363, lr_0 = 8.0908e-04
Loss = 4.9931e-02, PNorm = 97.6563, GNorm = 0.7687, lr_0 = 8.0825e-04
Loss = 4.2049e-02, PNorm = 97.6679, GNorm = 0.2144, lr_0 = 8.0742e-04
Loss = 4.3915e-02, PNorm = 97.6760, GNorm = 0.2131, lr_0 = 8.0659e-04
Loss = 4.9257e-02, PNorm = 97.6819, GNorm = 0.2252, lr_0 = 8.0576e-04
Loss = 2.9214e-02, PNorm = 97.6967, GNorm = 0.8790, lr_0 = 8.0493e-04
Loss = 5.8875e-02, PNorm = 97.7038, GNorm = 0.9968, lr_0 = 8.0410e-04
Loss = 2.3624e-02, PNorm = 97.7126, GNorm = 0.3087, lr_0 = 8.0328e-04
Loss = 7.6024e-02, PNorm = 97.7198, GNorm = 0.2346, lr_0 = 8.0245e-04
Loss = 7.7306e-02, PNorm = 97.7245, GNorm = 0.4531, lr_0 = 8.0163e-04
Loss = 6.1268e-02, PNorm = 97.7461, GNorm = 0.3873, lr_0 = 8.0081e-04
Loss = 5.2627e-02, PNorm = 97.7665, GNorm = 0.2373, lr_0 = 7.9998e-04
Loss = 4.4627e-02, PNorm = 97.7746, GNorm = 0.7140, lr_0 = 7.9916e-04
Loss = 4.3019e-02, PNorm = 97.7801, GNorm = 0.6335, lr_0 = 7.9834e-04
Loss = 5.4078e-02, PNorm = 97.7873, GNorm = 1.0584, lr_0 = 7.9752e-04
Loss = 5.8478e-02, PNorm = 97.7971, GNorm = 1.9997, lr_0 = 7.9670e-04
Loss = 2.7218e-02, PNorm = 97.7997, GNorm = 0.3541, lr_0 = 7.9588e-04
Loss = 5.2903e-02, PNorm = 97.8092, GNorm = 0.2065, lr_0 = 7.9506e-04
Loss = 4.4698e-02, PNorm = 97.8128, GNorm = 0.4020, lr_0 = 7.9425e-04
Loss = 4.7961e-02, PNorm = 97.8230, GNorm = 0.2547, lr_0 = 7.9343e-04
Loss = 3.8237e-02, PNorm = 97.8316, GNorm = 0.2538, lr_0 = 7.9262e-04
Loss = 5.4308e-02, PNorm = 97.8414, GNorm = 0.2918, lr_0 = 7.9180e-04
Loss = 3.4548e-02, PNorm = 97.8586, GNorm = 0.8348, lr_0 = 7.9099e-04
Loss = 4.6294e-02, PNorm = 97.8593, GNorm = 0.2825, lr_0 = 7.9017e-04
Loss = 3.7040e-02, PNorm = 97.8670, GNorm = 0.3047, lr_0 = 7.8936e-04
Loss = 8.5284e-02, PNorm = 97.8677, GNorm = 0.4778, lr_0 = 7.8855e-04
Loss = 3.4309e-02, PNorm = 97.8872, GNorm = 0.2935, lr_0 = 7.8774e-04
Loss = 3.2391e-02, PNorm = 97.9098, GNorm = 1.0370, lr_0 = 7.8693e-04
Loss = 5.0569e-02, PNorm = 97.9080, GNorm = 0.9407, lr_0 = 7.8612e-04
Loss = 5.8293e-02, PNorm = 97.9013, GNorm = 0.4437, lr_0 = 7.8532e-04
Loss = 4.5478e-02, PNorm = 97.9147, GNorm = 0.9167, lr_0 = 7.8451e-04
Loss = 6.0481e-02, PNorm = 97.9202, GNorm = 0.7659, lr_0 = 7.8370e-04
Loss = 7.4593e-02, PNorm = 97.9180, GNorm = 0.4369, lr_0 = 7.8290e-04
Loss = 5.0887e-02, PNorm = 97.9258, GNorm = 0.4964, lr_0 = 7.8209e-04
Loss = 4.9863e-02, PNorm = 97.9371, GNorm = 0.2807, lr_0 = 7.8129e-04
Validation auc = 0.552784
Epoch 5
Loss = 4.1993e-02, PNorm = 97.9477, GNorm = 0.1646, lr_0 = 7.8049e-04
Loss = 7.4712e-02, PNorm = 97.9416, GNorm = 0.4181, lr_0 = 7.7969e-04
Loss = 4.7745e-02, PNorm = 97.9483, GNorm = 0.5307, lr_0 = 7.7888e-04
Loss = 7.4147e-02, PNorm = 97.9527, GNorm = 0.3496, lr_0 = 7.7808e-04
Loss = 8.1763e-02, PNorm = 97.9549, GNorm = 0.5437, lr_0 = 7.7729e-04
Loss = 4.4447e-02, PNorm = 97.9706, GNorm = 0.9158, lr_0 = 7.7649e-04
Loss = 3.0936e-02, PNorm = 97.9816, GNorm = 0.1559, lr_0 = 7.7569e-04
Loss = 7.9734e-02, PNorm = 97.9811, GNorm = 0.2841, lr_0 = 7.7489e-04
Loss = 5.0743e-02, PNorm = 97.9823, GNorm = 0.4858, lr_0 = 7.7410e-04
Loss = 5.8510e-02, PNorm = 97.9974, GNorm = 0.2971, lr_0 = 7.7330e-04
Loss = 5.2575e-02, PNorm = 98.0068, GNorm = 0.2428, lr_0 = 7.7251e-04
Loss = 4.4797e-02, PNorm = 98.0129, GNorm = 0.2785, lr_0 = 7.7171e-04
Loss = 1.0000e-01, PNorm = 98.0090, GNorm = 0.5995, lr_0 = 7.7092e-04
Loss = 6.3013e-02, PNorm = 98.0186, GNorm = 0.5808, lr_0 = 7.7013e-04
Loss = 7.0208e-02, PNorm = 98.0306, GNorm = 0.7698, lr_0 = 7.6934e-04
Loss = 6.8544e-02, PNorm = 98.0363, GNorm = 0.5738, lr_0 = 7.6855e-04
Loss = 6.7765e-02, PNorm = 98.0415, GNorm = 0.4171, lr_0 = 7.6776e-04
Loss = 6.2602e-02, PNorm = 98.0504, GNorm = 0.4603, lr_0 = 7.6697e-04
Loss = 3.2908e-02, PNorm = 98.0710, GNorm = 1.0669, lr_0 = 7.6618e-04
Loss = 7.0905e-02, PNorm = 98.0752, GNorm = 0.2763, lr_0 = 7.6539e-04
Loss = 4.6585e-02, PNorm = 98.0767, GNorm = 0.4401, lr_0 = 7.6461e-04
Loss = 6.6320e-02, PNorm = 98.0841, GNorm = 0.4369, lr_0 = 7.6382e-04
Loss = 7.3905e-02, PNorm = 98.0942, GNorm = 0.5944, lr_0 = 7.6304e-04
Loss = 4.1477e-02, PNorm = 98.1049, GNorm = 0.3035, lr_0 = 7.6225e-04
Loss = 2.7346e-02, PNorm = 98.1208, GNorm = 0.9596, lr_0 = 7.6147e-04
Loss = 4.0260e-02, PNorm = 98.1309, GNorm = 1.3182, lr_0 = 7.6069e-04
Loss = 2.2046e-02, PNorm = 98.1300, GNorm = 0.2286, lr_0 = 7.5990e-04
Loss = 8.1817e-02, PNorm = 98.1268, GNorm = 0.4072, lr_0 = 7.5912e-04
Loss = 8.4400e-02, PNorm = 98.1350, GNorm = 1.2106, lr_0 = 7.5834e-04
Loss = 3.2549e-02, PNorm = 98.1567, GNorm = 0.2553, lr_0 = 7.5756e-04
Loss = 3.1558e-02, PNorm = 98.1777, GNorm = 0.0871, lr_0 = 7.5679e-04
Loss = 8.0556e-02, PNorm = 98.1704, GNorm = 0.9541, lr_0 = 7.5601e-04
Loss = 3.0467e-02, PNorm = 98.1696, GNorm = 0.3205, lr_0 = 7.5523e-04
Loss = 5.2836e-02, PNorm = 98.1769, GNorm = 0.7500, lr_0 = 7.5446e-04
Loss = 4.9542e-02, PNorm = 98.1834, GNorm = 0.6749, lr_0 = 7.5368e-04
Loss = 7.0826e-02, PNorm = 98.1879, GNorm = 0.4670, lr_0 = 7.5291e-04
Loss = 5.2426e-02, PNorm = 98.1974, GNorm = 0.3983, lr_0 = 7.5213e-04
Loss = 4.6912e-02, PNorm = 98.2069, GNorm = 0.2870, lr_0 = 7.5136e-04
Loss = 4.6625e-02, PNorm = 98.2210, GNorm = 0.6100, lr_0 = 7.5059e-04
Loss = 4.2810e-02, PNorm = 98.2295, GNorm = 0.9574, lr_0 = 7.4982e-04
Loss = 6.3731e-02, PNorm = 98.2228, GNorm = 0.3773, lr_0 = 7.4905e-04
Loss = 5.4027e-02, PNorm = 98.2297, GNorm = 0.3802, lr_0 = 7.4828e-04
Loss = 4.5047e-02, PNorm = 98.2440, GNorm = 0.2262, lr_0 = 7.4751e-04
Loss = 3.5528e-02, PNorm = 98.2554, GNorm = 0.1862, lr_0 = 7.4674e-04
Loss = 4.6610e-02, PNorm = 98.2600, GNorm = 0.1820, lr_0 = 7.4597e-04
Loss = 6.9938e-02, PNorm = 98.2599, GNorm = 0.3605, lr_0 = 7.4521e-04
Loss = 5.2501e-02, PNorm = 98.2668, GNorm = 0.3834, lr_0 = 7.4444e-04
Loss = 1.8915e-02, PNorm = 98.2879, GNorm = 0.1490, lr_0 = 7.4368e-04
Loss = 2.7980e-02, PNorm = 98.3042, GNorm = 0.0765, lr_0 = 7.4291e-04
Loss = 3.9338e-02, PNorm = 98.3078, GNorm = 0.0728, lr_0 = 7.4215e-04
Loss = 3.8470e-02, PNorm = 98.3070, GNorm = 0.6780, lr_0 = 7.4139e-04
Loss = 5.7619e-02, PNorm = 98.3068, GNorm = 0.3490, lr_0 = 7.4062e-04
Loss = 6.2219e-02, PNorm = 98.3142, GNorm = 0.5509, lr_0 = 7.3986e-04
Loss = 5.1704e-02, PNorm = 98.3250, GNorm = 0.3974, lr_0 = 7.3910e-04
Loss = 4.2137e-02, PNorm = 98.3395, GNorm = 1.2706, lr_0 = 7.3834e-04
Loss = 5.9349e-02, PNorm = 98.3442, GNorm = 0.2215, lr_0 = 7.3759e-04
Loss = 5.0014e-02, PNorm = 98.3424, GNorm = 0.2872, lr_0 = 7.3683e-04
Loss = 4.7546e-02, PNorm = 98.3482, GNorm = 0.2267, lr_0 = 7.3607e-04
Loss = 3.6619e-02, PNorm = 98.3630, GNorm = 0.1766, lr_0 = 7.3531e-04
Loss = 2.9900e-02, PNorm = 98.3707, GNorm = 0.0999, lr_0 = 7.3456e-04
Loss = 7.3144e-02, PNorm = 98.3668, GNorm = 0.2838, lr_0 = 7.3380e-04
Loss = 3.0896e-02, PNorm = 98.3759, GNorm = 0.6344, lr_0 = 7.3305e-04
Loss = 5.6130e-02, PNorm = 98.3852, GNorm = 1.2807, lr_0 = 7.3230e-04
Loss = 7.6377e-02, PNorm = 98.3833, GNorm = 0.3380, lr_0 = 7.3155e-04
Loss = 2.0235e-02, PNorm = 98.3957, GNorm = 0.2604, lr_0 = 7.3079e-04
Loss = 5.1566e-02, PNorm = 98.4056, GNorm = 0.1527, lr_0 = 7.3004e-04
Loss = 7.9837e-02, PNorm = 98.3995, GNorm = 0.2942, lr_0 = 7.2929e-04
Loss = 2.3657e-02, PNorm = 98.4077, GNorm = 0.3784, lr_0 = 7.2854e-04
Loss = 6.9072e-02, PNorm = 98.4137, GNorm = 0.2802, lr_0 = 7.2779e-04
Loss = 3.4191e-02, PNorm = 98.4241, GNorm = 0.1972, lr_0 = 7.2705e-04
Loss = 4.4089e-02, PNorm = 98.4307, GNorm = 0.1524, lr_0 = 7.2630e-04
Loss = 8.1428e-02, PNorm = 98.4227, GNorm = 0.4076, lr_0 = 7.2555e-04
Loss = 5.0420e-02, PNorm = 98.4321, GNorm = 0.5107, lr_0 = 7.2481e-04
Loss = 4.5633e-02, PNorm = 98.4430, GNorm = 0.2682, lr_0 = 7.2406e-04
Loss = 2.7619e-02, PNorm = 98.4581, GNorm = 0.1822, lr_0 = 7.2332e-04
Loss = 1.4620e-01, PNorm = 98.4482, GNorm = 0.3929, lr_0 = 7.2258e-04
Loss = 4.3290e-02, PNorm = 98.4549, GNorm = 0.3499, lr_0 = 7.2183e-04
Loss = 7.5230e-02, PNorm = 98.4693, GNorm = 0.6179, lr_0 = 7.2109e-04
Loss = 5.2837e-02, PNorm = 98.4821, GNorm = 0.5959, lr_0 = 7.2035e-04
Loss = 6.9898e-02, PNorm = 98.4851, GNorm = 0.1972, lr_0 = 7.1961e-04
Validation auc = 0.538089
Epoch 6
Loss = 4.4612e-02, PNorm = 98.4895, GNorm = 0.6934, lr_0 = 7.1887e-04
Loss = 9.3905e-02, PNorm = 98.4867, GNorm = 0.5566, lr_0 = 7.1813e-04
Loss = 7.7595e-02, PNorm = 98.4940, GNorm = 1.0357, lr_0 = 7.1740e-04
Loss = 3.0999e-02, PNorm = 98.5103, GNorm = 0.2514, lr_0 = 7.1666e-04
Loss = 3.2176e-02, PNorm = 98.5267, GNorm = 0.0919, lr_0 = 7.1592e-04
Loss = 8.5752e-02, PNorm = 98.5228, GNorm = 0.6534, lr_0 = 7.1519e-04
Loss = 3.1649e-02, PNorm = 98.5245, GNorm = 0.2792, lr_0 = 7.1445e-04
Loss = 4.2078e-02, PNorm = 98.5347, GNorm = 0.4067, lr_0 = 7.1372e-04
Loss = 3.0568e-02, PNorm = 98.5454, GNorm = 0.9045, lr_0 = 7.1298e-04
Loss = 6.0178e-02, PNorm = 98.5484, GNorm = 0.7780, lr_0 = 7.1225e-04
Loss = 3.7023e-02, PNorm = 98.5481, GNorm = 0.3064, lr_0 = 7.1152e-04
Loss = 6.8187e-02, PNorm = 98.5532, GNorm = 0.2646, lr_0 = 7.1079e-04
Loss = 2.9962e-02, PNorm = 98.5593, GNorm = 0.2351, lr_0 = 7.1006e-04
Loss = 7.1411e-02, PNorm = 98.5638, GNorm = 0.2360, lr_0 = 7.0933e-04
Loss = 5.1574e-02, PNorm = 98.5692, GNorm = 1.5051, lr_0 = 7.0860e-04
Loss = 6.0231e-02, PNorm = 98.5746, GNorm = 0.4117, lr_0 = 7.0787e-04
Loss = 4.5220e-02, PNorm = 98.5877, GNorm = 0.3210, lr_0 = 7.0715e-04
Loss = 3.8109e-02, PNorm = 98.6055, GNorm = 0.1571, lr_0 = 7.0642e-04
Loss = 6.5882e-02, PNorm = 98.6124, GNorm = 0.2106, lr_0 = 7.0569e-04
Loss = 4.4889e-02, PNorm = 98.6170, GNorm = 0.3659, lr_0 = 7.0497e-04
Loss = 3.6268e-02, PNorm = 98.6323, GNorm = 0.2309, lr_0 = 7.0424e-04
Loss = 5.0186e-02, PNorm = 98.6437, GNorm = 0.5855, lr_0 = 7.0352e-04
Loss = 4.1899e-02, PNorm = 98.6496, GNorm = 0.1594, lr_0 = 7.0280e-04
Loss = 7.0583e-02, PNorm = 98.6452, GNorm = 0.3935, lr_0 = 7.0208e-04
Loss = 5.9096e-02, PNorm = 98.6567, GNorm = 0.4096, lr_0 = 7.0135e-04
Loss = 3.7172e-02, PNorm = 98.6784, GNorm = 0.2428, lr_0 = 7.0063e-04
Loss = 3.4759e-02, PNorm = 98.6964, GNorm = 0.0807, lr_0 = 6.9991e-04
Loss = 6.0551e-02, PNorm = 98.6939, GNorm = 0.7123, lr_0 = 6.9919e-04
Loss = 7.5460e-02, PNorm = 98.6869, GNorm = 0.4573, lr_0 = 6.9848e-04
Loss = 5.2838e-02, PNorm = 98.6976, GNorm = 0.3554, lr_0 = 6.9776e-04
Loss = 5.0003e-02, PNorm = 98.7124, GNorm = 0.2974, lr_0 = 6.9704e-04
Loss = 7.4705e-02, PNorm = 98.7215, GNorm = 0.2297, lr_0 = 6.9633e-04
Loss = 3.9934e-02, PNorm = 98.7289, GNorm = 0.4598, lr_0 = 6.9561e-04
Loss = 2.2208e-02, PNorm = 98.7466, GNorm = 0.2445, lr_0 = 6.9490e-04
Loss = 4.6609e-02, PNorm = 98.7556, GNorm = 0.1627, lr_0 = 6.9418e-04
Loss = 5.4069e-02, PNorm = 98.7578, GNorm = 0.2254, lr_0 = 6.9347e-04
Loss = 3.2047e-02, PNorm = 98.7681, GNorm = 0.2360, lr_0 = 6.9276e-04
Loss = 9.0549e-02, PNorm = 98.7704, GNorm = 0.9095, lr_0 = 6.9204e-04
Loss = 4.8993e-02, PNorm = 98.7784, GNorm = 0.3644, lr_0 = 6.9133e-04
Loss = 3.2608e-02, PNorm = 98.7926, GNorm = 0.2690, lr_0 = 6.9062e-04
Loss = 7.9623e-02, PNorm = 98.8003, GNorm = 0.5750, lr_0 = 6.8991e-04
Loss = 7.6946e-02, PNorm = 98.8013, GNorm = 0.4870, lr_0 = 6.8920e-04
Loss = 4.4979e-02, PNorm = 98.8184, GNorm = 0.3038, lr_0 = 6.8850e-04
Loss = 6.3865e-02, PNorm = 98.8284, GNorm = 0.2926, lr_0 = 6.8779e-04
Loss = 8.1464e-02, PNorm = 98.8355, GNorm = 0.3001, lr_0 = 6.8708e-04
Loss = 3.0975e-02, PNorm = 98.8520, GNorm = 0.2306, lr_0 = 6.8638e-04
Loss = 8.2787e-02, PNorm = 98.8583, GNorm = 0.2424, lr_0 = 6.8567e-04
Loss = 2.7941e-02, PNorm = 98.8657, GNorm = 0.3164, lr_0 = 6.8497e-04
Loss = 4.9287e-02, PNorm = 98.8798, GNorm = 0.2107, lr_0 = 6.8426e-04
Loss = 9.2760e-02, PNorm = 98.8845, GNorm = 0.6983, lr_0 = 6.8356e-04
Loss = 5.0931e-02, PNorm = 98.8943, GNorm = 0.2980, lr_0 = 6.8286e-04
Loss = 4.2916e-02, PNorm = 98.9108, GNorm = 0.2287, lr_0 = 6.8216e-04
Loss = 3.5270e-02, PNorm = 98.9254, GNorm = 0.1913, lr_0 = 6.8146e-04
Loss = 6.1177e-02, PNorm = 98.9297, GNorm = 0.6469, lr_0 = 6.8076e-04
Loss = 4.6738e-02, PNorm = 98.9342, GNorm = 0.3107, lr_0 = 6.8006e-04
Loss = 5.7236e-02, PNorm = 98.9444, GNorm = 0.5673, lr_0 = 6.7936e-04
Loss = 2.6439e-02, PNorm = 98.9621, GNorm = 0.1975, lr_0 = 6.7866e-04
Loss = 8.4461e-02, PNorm = 98.9662, GNorm = 0.2998, lr_0 = 6.7796e-04
Loss = 4.0315e-02, PNorm = 98.9796, GNorm = 0.2986, lr_0 = 6.7727e-04
Loss = 7.2097e-02, PNorm = 98.9942, GNorm = 0.7832, lr_0 = 6.7657e-04
Loss = 7.2493e-02, PNorm = 98.9923, GNorm = 1.3485, lr_0 = 6.7587e-04
Loss = 6.3563e-02, PNorm = 99.0000, GNorm = 1.0606, lr_0 = 6.7518e-04
Loss = 1.9235e-02, PNorm = 99.0159, GNorm = 0.2127, lr_0 = 6.7449e-04
Loss = 1.8291e-02, PNorm = 99.0345, GNorm = 0.1180, lr_0 = 6.7379e-04
Loss = 8.7015e-02, PNorm = 99.0339, GNorm = 0.2078, lr_0 = 6.7310e-04
Loss = 7.3328e-02, PNorm = 99.0341, GNorm = 1.0821, lr_0 = 6.7241e-04
Loss = 4.5551e-02, PNorm = 99.0436, GNorm = 0.6581, lr_0 = 6.7172e-04
Loss = 4.7672e-02, PNorm = 99.0581, GNorm = 1.2426, lr_0 = 6.7103e-04
Loss = 4.8936e-02, PNorm = 99.0640, GNorm = 0.1696, lr_0 = 6.7034e-04
Loss = 3.2647e-02, PNorm = 99.0694, GNorm = 0.2401, lr_0 = 6.6965e-04
Loss = 6.3279e-02, PNorm = 99.0776, GNorm = 0.3108, lr_0 = 6.6896e-04
Loss = 3.4923e-02, PNorm = 99.0913, GNorm = 0.2551, lr_0 = 6.6828e-04
Loss = 6.0714e-02, PNorm = 99.0997, GNorm = 0.2249, lr_0 = 6.6759e-04
Loss = 4.7113e-02, PNorm = 99.1019, GNorm = 0.5902, lr_0 = 6.6690e-04
Loss = 5.8293e-02, PNorm = 99.1076, GNorm = 1.4900, lr_0 = 6.6622e-04
Loss = 6.3686e-02, PNorm = 99.1097, GNorm = 0.7720, lr_0 = 6.6553e-04
Loss = 5.1085e-02, PNorm = 99.1177, GNorm = 0.3850, lr_0 = 6.6485e-04
Loss = 9.0373e-02, PNorm = 99.1272, GNorm = 0.3842, lr_0 = 6.6417e-04
Loss = 6.1152e-02, PNorm = 99.1359, GNorm = 0.4611, lr_0 = 6.6348e-04
Loss = 3.6677e-02, PNorm = 99.1549, GNorm = 0.7787, lr_0 = 6.6280e-04
Validation auc = 0.560965
Epoch 7
Loss = 6.0406e-02, PNorm = 99.1647, GNorm = 1.4710, lr_0 = 6.6212e-04
Loss = 7.1740e-02, PNorm = 99.1625, GNorm = 0.4081, lr_0 = 6.6144e-04
Loss = 4.4498e-02, PNorm = 99.1762, GNorm = 0.7741, lr_0 = 6.6076e-04
Loss = 5.5333e-02, PNorm = 99.1726, GNorm = 0.3085, lr_0 = 6.6008e-04
Loss = 6.1454e-02, PNorm = 99.1778, GNorm = 0.3786, lr_0 = 6.5940e-04
Loss = 4.8242e-02, PNorm = 99.1874, GNorm = 0.2674, lr_0 = 6.5873e-04
Loss = 5.6243e-02, PNorm = 99.1957, GNorm = 0.3118, lr_0 = 6.5805e-04
Loss = 1.0290e-01, PNorm = 99.1933, GNorm = 0.4796, lr_0 = 6.5737e-04
Loss = 3.3391e-02, PNorm = 99.2087, GNorm = 0.3175, lr_0 = 6.5670e-04
Loss = 5.2446e-02, PNorm = 99.2217, GNorm = 0.1600, lr_0 = 6.5602e-04
Loss = 2.7167e-02, PNorm = 99.2312, GNorm = 0.1421, lr_0 = 6.5535e-04
Loss = 6.4573e-02, PNorm = 99.2327, GNorm = 0.2341, lr_0 = 6.5468e-04
Loss = 5.3282e-02, PNorm = 99.2353, GNorm = 0.4802, lr_0 = 6.5400e-04
Loss = 3.4261e-02, PNorm = 99.2476, GNorm = 0.4527, lr_0 = 6.5333e-04
Loss = 4.2574e-02, PNorm = 99.2566, GNorm = 0.6242, lr_0 = 6.5266e-04
Loss = 2.6154e-02, PNorm = 99.2679, GNorm = 0.1350, lr_0 = 6.5199e-04
Loss = 1.1972e-02, PNorm = 99.2785, GNorm = 0.1662, lr_0 = 6.5132e-04
Loss = 5.1826e-02, PNorm = 99.2845, GNorm = 0.1338, lr_0 = 6.5065e-04
Loss = 1.1264e-01, PNorm = 99.2734, GNorm = 0.9020, lr_0 = 6.4998e-04
Loss = 5.0077e-02, PNorm = 99.2873, GNorm = 0.5771, lr_0 = 6.4931e-04
Loss = 6.4893e-02, PNorm = 99.3065, GNorm = 0.3273, lr_0 = 6.4865e-04
Loss = 3.8056e-02, PNorm = 99.3281, GNorm = 0.1989, lr_0 = 6.4798e-04
Loss = 4.7372e-02, PNorm = 99.3413, GNorm = 0.2044, lr_0 = 6.4732e-04
Loss = 7.2976e-02, PNorm = 99.3497, GNorm = 0.5918, lr_0 = 6.4665e-04
Loss = 4.3633e-02, PNorm = 99.3652, GNorm = 0.4351, lr_0 = 6.4599e-04
Loss = 8.2696e-02, PNorm = 99.3818, GNorm = 0.9737, lr_0 = 6.4532e-04
Loss = 5.0124e-02, PNorm = 99.3881, GNorm = 0.4508, lr_0 = 6.4466e-04
Loss = 4.9830e-02, PNorm = 99.4103, GNorm = 0.2848, lr_0 = 6.4400e-04
Loss = 5.8568e-02, PNorm = 99.4306, GNorm = 0.6392, lr_0 = 6.4334e-04
Loss = 2.7449e-02, PNorm = 99.4508, GNorm = 0.6754, lr_0 = 6.4267e-04
Loss = 5.5623e-02, PNorm = 99.4635, GNorm = 0.2938, lr_0 = 6.4201e-04
Loss = 7.2908e-02, PNorm = 99.4747, GNorm = 0.4020, lr_0 = 6.4135e-04
Loss = 6.3043e-02, PNorm = 99.4810, GNorm = 0.5954, lr_0 = 6.4070e-04
Loss = 3.0426e-02, PNorm = 99.5035, GNorm = 0.1397, lr_0 = 6.4004e-04
Loss = 2.0321e-02, PNorm = 99.5192, GNorm = 0.1173, lr_0 = 6.3938e-04
Loss = 5.0350e-02, PNorm = 99.5263, GNorm = 1.0574, lr_0 = 6.3872e-04
Loss = 2.8851e-02, PNorm = 99.5312, GNorm = 0.1988, lr_0 = 6.3807e-04
Loss = 8.2753e-02, PNorm = 99.5342, GNorm = 0.6840, lr_0 = 6.3741e-04
Loss = 5.1888e-02, PNorm = 99.5427, GNorm = 0.3929, lr_0 = 6.3676e-04
Loss = 7.5916e-02, PNorm = 99.5514, GNorm = 0.4164, lr_0 = 6.3610e-04
Loss = 5.5834e-02, PNorm = 99.5624, GNorm = 0.4254, lr_0 = 6.3545e-04
Loss = 7.2131e-02, PNorm = 99.5755, GNorm = 0.8014, lr_0 = 6.3480e-04
Loss = 7.7506e-02, PNorm = 99.5792, GNorm = 0.5369, lr_0 = 6.3414e-04
Loss = 5.5207e-02, PNorm = 99.5974, GNorm = 0.5326, lr_0 = 6.3349e-04
Loss = 4.8646e-02, PNorm = 99.6227, GNorm = 0.1912, lr_0 = 6.3284e-04
Loss = 7.2329e-02, PNorm = 99.6295, GNorm = 0.3923, lr_0 = 6.3219e-04
Loss = 4.2458e-02, PNorm = 99.6588, GNorm = 0.8937, lr_0 = 6.3154e-04
Loss = 6.2610e-02, PNorm = 99.6933, GNorm = 0.2242, lr_0 = 6.3089e-04
Loss = 6.5067e-02, PNorm = 99.7083, GNorm = 0.3126, lr_0 = 6.3024e-04
Loss = 4.8089e-02, PNorm = 99.7163, GNorm = 0.4422, lr_0 = 6.2960e-04
Loss = 8.0514e-02, PNorm = 99.7304, GNorm = 0.4672, lr_0 = 6.2895e-04
Loss = 4.6963e-02, PNorm = 99.7476, GNorm = 0.9360, lr_0 = 6.2830e-04
Loss = 6.4736e-02, PNorm = 99.7524, GNorm = 0.6188, lr_0 = 6.2766e-04
Loss = 6.7509e-02, PNorm = 99.7554, GNorm = 0.4380, lr_0 = 6.2701e-04
Loss = 4.9336e-02, PNorm = 99.7636, GNorm = 0.7781, lr_0 = 6.2637e-04
Loss = 3.0229e-02, PNorm = 99.7748, GNorm = 0.2078, lr_0 = 6.2573e-04
Loss = 3.2276e-02, PNorm = 99.7811, GNorm = 0.9575, lr_0 = 6.2508e-04
Loss = 2.2025e-02, PNorm = 99.7887, GNorm = 0.1162, lr_0 = 6.2444e-04
Loss = 1.0270e-01, PNorm = 99.7774, GNorm = 1.6065, lr_0 = 6.2380e-04
Loss = 3.4264e-02, PNorm = 99.7779, GNorm = 0.5729, lr_0 = 6.2316e-04
Loss = 9.8663e-02, PNorm = 99.7836, GNorm = 0.5770, lr_0 = 6.2252e-04
Loss = 4.4165e-02, PNorm = 99.7961, GNorm = 0.8650, lr_0 = 6.2188e-04
Loss = 4.9806e-02, PNorm = 99.8063, GNorm = 0.3207, lr_0 = 6.2124e-04
Loss = 2.5136e-02, PNorm = 99.8186, GNorm = 0.1698, lr_0 = 6.2060e-04
Loss = 4.0945e-02, PNorm = 99.8260, GNorm = 0.1476, lr_0 = 6.1996e-04
Loss = 1.5260e-02, PNorm = 99.8307, GNorm = 0.1598, lr_0 = 6.1933e-04
Loss = 3.0969e-02, PNorm = 99.8329, GNorm = 0.1641, lr_0 = 6.1869e-04
Loss = 3.8825e-02, PNorm = 99.8384, GNorm = 0.1602, lr_0 = 6.1805e-04
Loss = 5.6938e-02, PNorm = 99.8400, GNorm = 0.7172, lr_0 = 6.1742e-04
Loss = 2.8724e-02, PNorm = 99.8460, GNorm = 0.2648, lr_0 = 6.1679e-04
Loss = 2.7446e-02, PNorm = 99.8585, GNorm = 0.1625, lr_0 = 6.1615e-04
Loss = 5.5293e-02, PNorm = 99.8623, GNorm = 1.7583, lr_0 = 6.1552e-04
Loss = 2.8305e-02, PNorm = 99.8623, GNorm = 0.5384, lr_0 = 6.1489e-04
Loss = 4.4382e-02, PNorm = 99.8656, GNorm = 0.3041, lr_0 = 6.1425e-04
Loss = 5.7545e-02, PNorm = 99.8718, GNorm = 0.3423, lr_0 = 6.1362e-04
Loss = 5.0837e-02, PNorm = 99.8794, GNorm = 0.7256, lr_0 = 6.1299e-04
Loss = 8.2093e-02, PNorm = 99.8783, GNorm = 0.4700, lr_0 = 6.1236e-04
Loss = 5.3538e-02, PNorm = 99.8830, GNorm = 0.4090, lr_0 = 6.1173e-04
Loss = 7.9823e-02, PNorm = 99.8937, GNorm = 1.3861, lr_0 = 6.1111e-04
Loss = 7.0189e-02, PNorm = 99.8946, GNorm = 0.5160, lr_0 = 6.1048e-04
Validation auc = 0.551686
Epoch 8
Loss = 6.1885e-02, PNorm = 99.8989, GNorm = 0.6551, lr_0 = 6.0985e-04
Loss = 1.0311e-01, PNorm = 99.9056, GNorm = 0.5865, lr_0 = 6.0922e-04
Loss = 3.0217e-02, PNorm = 99.9150, GNorm = 0.5143, lr_0 = 6.0860e-04
Loss = 4.8528e-02, PNorm = 99.9287, GNorm = 0.2156, lr_0 = 6.0797e-04
Loss = 1.1505e-01, PNorm = 99.9274, GNorm = 1.2665, lr_0 = 6.0735e-04
Loss = 6.9945e-02, PNorm = 99.9289, GNorm = 2.2034, lr_0 = 6.0672e-04
Loss = 2.8132e-02, PNorm = 99.9452, GNorm = 0.4530, lr_0 = 6.0610e-04
Loss = 3.8631e-02, PNorm = 99.9610, GNorm = 0.1569, lr_0 = 6.0548e-04
Loss = 7.8756e-02, PNorm = 99.9615, GNorm = 0.7171, lr_0 = 6.0486e-04
Loss = 4.9604e-02, PNorm = 99.9648, GNorm = 0.3852, lr_0 = 6.0423e-04
Loss = 1.9793e-02, PNorm = 99.9801, GNorm = 0.2326, lr_0 = 6.0361e-04
Loss = 4.3212e-02, PNorm = 99.9888, GNorm = 0.1393, lr_0 = 6.0299e-04
Loss = 7.2914e-02, PNorm = 99.9834, GNorm = 0.2907, lr_0 = 6.0237e-04
Loss = 5.8025e-02, PNorm = 99.9865, GNorm = 0.4514, lr_0 = 6.0175e-04
Loss = 2.0265e-02, PNorm = 100.0057, GNorm = 0.2473, lr_0 = 6.0114e-04
Loss = 2.7933e-02, PNorm = 100.0219, GNorm = 0.1256, lr_0 = 6.0052e-04
Loss = 2.6402e-03, PNorm = 100.0391, GNorm = 0.0723, lr_0 = 5.9990e-04
Loss = 8.2328e-02, PNorm = 100.0366, GNorm = 0.9678, lr_0 = 5.9929e-04
Loss = 5.5109e-02, PNorm = 100.0224, GNorm = 0.4761, lr_0 = 5.9867e-04
Loss = 8.6329e-02, PNorm = 100.0248, GNorm = 0.5291, lr_0 = 5.9805e-04
Loss = 3.9187e-02, PNorm = 100.0381, GNorm = 0.4188, lr_0 = 5.9744e-04
Loss = 2.5113e-02, PNorm = 100.0547, GNorm = 0.1819, lr_0 = 5.9683e-04
Loss = 5.3277e-02, PNorm = 100.0584, GNorm = 0.1504, lr_0 = 5.9621e-04
Loss = 1.1290e-01, PNorm = 100.0452, GNorm = 0.6235, lr_0 = 5.9560e-04
Loss = 6.5155e-02, PNorm = 100.0530, GNorm = 0.7071, lr_0 = 5.9499e-04
Loss = 4.1578e-02, PNorm = 100.0738, GNorm = 0.3054, lr_0 = 5.9438e-04
Loss = 5.0827e-02, PNorm = 100.0882, GNorm = 1.1970, lr_0 = 5.9377e-04
Loss = 8.5557e-02, PNorm = 100.0857, GNorm = 0.2667, lr_0 = 5.9316e-04
Loss = 3.1307e-02, PNorm = 100.0880, GNorm = 0.4441, lr_0 = 5.9255e-04
Loss = 5.1726e-02, PNorm = 100.1019, GNorm = 0.2638, lr_0 = 5.9194e-04
Loss = 5.4791e-02, PNorm = 100.1069, GNorm = 0.3585, lr_0 = 5.9133e-04
Loss = 3.7456e-02, PNorm = 100.1172, GNorm = 0.2454, lr_0 = 5.9072e-04
Loss = 6.7608e-02, PNorm = 100.1233, GNorm = 0.7872, lr_0 = 5.9012e-04
Loss = 9.1304e-02, PNorm = 100.1206, GNorm = 0.5581, lr_0 = 5.8951e-04
Loss = 4.3499e-02, PNorm = 100.1326, GNorm = 0.4665, lr_0 = 5.8890e-04
Loss = 6.9451e-02, PNorm = 100.1448, GNorm = 0.8238, lr_0 = 5.8830e-04
Loss = 6.6846e-02, PNorm = 100.1536, GNorm = 0.3818, lr_0 = 5.8769e-04
Loss = 4.6942e-02, PNorm = 100.1734, GNorm = 1.4950, lr_0 = 5.8709e-04
Loss = 3.8870e-02, PNorm = 100.1888, GNorm = 0.2862, lr_0 = 5.8649e-04
Loss = 2.6076e-02, PNorm = 100.2058, GNorm = 0.6674, lr_0 = 5.8589e-04
Loss = 9.1414e-02, PNorm = 100.2065, GNorm = 0.8133, lr_0 = 5.8528e-04
Loss = 5.2540e-02, PNorm = 100.2176, GNorm = 0.5554, lr_0 = 5.8468e-04
Loss = 5.9918e-02, PNorm = 100.2383, GNorm = 0.4194, lr_0 = 5.8408e-04
Loss = 7.4920e-03, PNorm = 100.2722, GNorm = 0.1149, lr_0 = 5.8348e-04
Loss = 7.0066e-02, PNorm = 100.2782, GNorm = 0.1511, lr_0 = 5.8288e-04
Loss = 3.1861e-02, PNorm = 100.2847, GNorm = 0.2596, lr_0 = 5.8228e-04
Loss = 2.9531e-02, PNorm = 100.3005, GNorm = 0.1914, lr_0 = 5.8168e-04
Loss = 4.1149e-02, PNorm = 100.3169, GNorm = 0.2069, lr_0 = 5.8109e-04
Loss = 4.9689e-02, PNorm = 100.3226, GNorm = 0.2433, lr_0 = 5.8049e-04
Loss = 4.4660e-02, PNorm = 100.3373, GNorm = 0.3650, lr_0 = 5.7989e-04
Loss = 2.6902e-02, PNorm = 100.3666, GNorm = 0.2395, lr_0 = 5.7930e-04
Loss = 3.3826e-02, PNorm = 100.3937, GNorm = 0.1807, lr_0 = 5.7870e-04
Loss = 3.9247e-02, PNorm = 100.4119, GNorm = 0.1838, lr_0 = 5.7811e-04
Loss = 3.3630e-02, PNorm = 100.4328, GNorm = 0.1625, lr_0 = 5.7751e-04
Loss = 8.8475e-02, PNorm = 100.4229, GNorm = 0.3906, lr_0 = 5.7692e-04
Loss = 6.3567e-02, PNorm = 100.4257, GNorm = 0.7824, lr_0 = 5.7633e-04
Loss = 3.7936e-02, PNorm = 100.4479, GNorm = 0.7607, lr_0 = 5.7574e-04
Loss = 8.7636e-02, PNorm = 100.4452, GNorm = 0.2863, lr_0 = 5.7514e-04
Loss = 4.8544e-02, PNorm = 100.4484, GNorm = 0.4150, lr_0 = 5.7455e-04
Loss = 6.6840e-02, PNorm = 100.4576, GNorm = 0.3454, lr_0 = 5.7396e-04
Loss = 1.0512e-01, PNorm = 100.4626, GNorm = 0.4636, lr_0 = 5.7337e-04
Loss = 9.0921e-02, PNorm = 100.4815, GNorm = 0.4411, lr_0 = 5.7278e-04
Loss = 6.9691e-02, PNorm = 100.5024, GNorm = 0.8866, lr_0 = 5.7220e-04
Loss = 7.4483e-02, PNorm = 100.5136, GNorm = 1.0749, lr_0 = 5.7161e-04
Loss = 4.9330e-02, PNorm = 100.5280, GNorm = 1.5129, lr_0 = 5.7102e-04
Loss = 8.6050e-02, PNorm = 100.5307, GNorm = 1.6201, lr_0 = 5.7043e-04
Loss = 2.4957e-02, PNorm = 100.5447, GNorm = 0.3180, lr_0 = 5.6985e-04
Loss = 6.6516e-02, PNorm = 100.5510, GNorm = 0.3355, lr_0 = 5.6926e-04
Loss = 5.7016e-02, PNorm = 100.5551, GNorm = 0.8764, lr_0 = 5.6868e-04
Loss = 3.2069e-02, PNorm = 100.5669, GNorm = 0.2196, lr_0 = 5.6809e-04
Loss = 4.3021e-02, PNorm = 100.5735, GNorm = 0.1883, lr_0 = 5.6751e-04
Loss = 3.1067e-02, PNorm = 100.5767, GNorm = 0.1723, lr_0 = 5.6693e-04
Loss = 3.8023e-02, PNorm = 100.5800, GNorm = 0.2402, lr_0 = 5.6634e-04
Loss = 4.2847e-02, PNorm = 100.5840, GNorm = 0.3001, lr_0 = 5.6576e-04
Loss = 1.6249e-02, PNorm = 100.5986, GNorm = 0.1793, lr_0 = 5.6518e-04
Loss = 3.2896e-02, PNorm = 100.6098, GNorm = 0.0996, lr_0 = 5.6460e-04
Loss = 1.8684e-02, PNorm = 100.6220, GNorm = 1.1240, lr_0 = 5.6402e-04
Loss = 5.6808e-02, PNorm = 100.6134, GNorm = 0.1315, lr_0 = 5.6344e-04
Loss = 2.6633e-02, PNorm = 100.6074, GNorm = 0.2025, lr_0 = 5.6286e-04
Loss = 7.6901e-02, PNorm = 100.6116, GNorm = 2.4068, lr_0 = 5.6228e-04
Validation auc = 0.552338
Epoch 9
Loss = 5.7604e-02, PNorm = 100.6121, GNorm = 0.6442, lr_0 = 5.6171e-04
Loss = 1.0923e-01, PNorm = 100.6144, GNorm = 0.4832, lr_0 = 5.6113e-04
Loss = 4.6944e-02, PNorm = 100.6339, GNorm = 0.5393, lr_0 = 5.6055e-04
Loss = 1.1777e-01, PNorm = 100.6408, GNorm = 0.4837, lr_0 = 5.5998e-04
Loss = 6.6920e-02, PNorm = 100.6523, GNorm = 0.7884, lr_0 = 5.5940e-04
Loss = 6.2944e-02, PNorm = 100.6636, GNorm = 0.3937, lr_0 = 5.5883e-04
Loss = 3.1309e-02, PNorm = 100.6781, GNorm = 0.3125, lr_0 = 5.5825e-04
Loss = 2.3547e-02, PNorm = 100.6945, GNorm = 0.1347, lr_0 = 5.5768e-04
Loss = 5.3931e-02, PNorm = 100.6973, GNorm = 0.8006, lr_0 = 5.5711e-04
Loss = 1.1497e-01, PNorm = 100.6850, GNorm = 0.3269, lr_0 = 5.5653e-04
Loss = 6.6975e-02, PNorm = 100.6930, GNorm = 0.7733, lr_0 = 5.5596e-04
Loss = 7.4466e-02, PNorm = 100.7061, GNorm = 0.5993, lr_0 = 5.5539e-04
Loss = 5.6421e-02, PNorm = 100.7255, GNorm = 0.2593, lr_0 = 5.5482e-04
Loss = 5.9666e-02, PNorm = 100.7316, GNorm = 0.3135, lr_0 = 5.5425e-04
Loss = 3.6352e-02, PNorm = 100.7415, GNorm = 0.2847, lr_0 = 5.5368e-04
Loss = 3.9317e-02, PNorm = 100.7518, GNorm = 0.2307, lr_0 = 5.5311e-04
Loss = 2.9921e-02, PNorm = 100.7662, GNorm = 1.0919, lr_0 = 5.5254e-04
Loss = 7.8581e-02, PNorm = 100.7686, GNorm = 1.7049, lr_0 = 5.5198e-04
Loss = 6.9292e-02, PNorm = 100.7644, GNorm = 0.6333, lr_0 = 5.5141e-04
Loss = 5.7958e-02, PNorm = 100.7813, GNorm = 0.5608, lr_0 = 5.5084e-04
Loss = 6.3102e-02, PNorm = 100.7916, GNorm = 0.7483, lr_0 = 5.5028e-04
Loss = 4.7324e-02, PNorm = 100.8034, GNorm = 0.2235, lr_0 = 5.4971e-04
Loss = 2.7484e-02, PNorm = 100.8137, GNorm = 0.7838, lr_0 = 5.4915e-04
Loss = 3.6269e-02, PNorm = 100.8194, GNorm = 0.1754, lr_0 = 5.4858e-04
Loss = 3.1739e-02, PNorm = 100.8252, GNorm = 0.2052, lr_0 = 5.4802e-04
Loss = 3.3337e-02, PNorm = 100.8316, GNorm = 0.2188, lr_0 = 5.4745e-04
Loss = 5.0779e-02, PNorm = 100.8341, GNorm = 0.2220, lr_0 = 5.4689e-04
Loss = 4.5658e-02, PNorm = 100.8426, GNorm = 1.5105, lr_0 = 5.4633e-04
Loss = 6.6870e-02, PNorm = 100.8430, GNorm = 0.4608, lr_0 = 5.4577e-04
Loss = 6.6923e-02, PNorm = 100.8457, GNorm = 0.5142, lr_0 = 5.4521e-04
Loss = 4.1284e-02, PNorm = 100.8640, GNorm = 0.2686, lr_0 = 5.4465e-04
Loss = 3.9465e-02, PNorm = 100.8744, GNorm = 0.2212, lr_0 = 5.4409e-04
Loss = 4.9413e-02, PNorm = 100.8787, GNorm = 0.2286, lr_0 = 5.4353e-04
Loss = 7.0395e-02, PNorm = 100.8796, GNorm = 0.3675, lr_0 = 5.4297e-04
Loss = 5.3138e-02, PNorm = 100.8884, GNorm = 0.4040, lr_0 = 5.4241e-04
Loss = 4.0464e-02, PNorm = 100.9026, GNorm = 1.0234, lr_0 = 5.4186e-04
Loss = 6.4314e-02, PNorm = 100.9049, GNorm = 0.3546, lr_0 = 5.4130e-04
Loss = 4.2615e-02, PNorm = 100.9090, GNorm = 0.3153, lr_0 = 5.4074e-04
Loss = 2.9311e-02, PNorm = 100.9163, GNorm = 0.2052, lr_0 = 5.4019e-04
Loss = 7.1971e-02, PNorm = 100.9184, GNorm = 0.2877, lr_0 = 5.3963e-04
Loss = 3.9189e-02, PNorm = 100.9236, GNorm = 0.3622, lr_0 = 5.3908e-04
Loss = 5.6584e-02, PNorm = 100.9306, GNorm = 0.3406, lr_0 = 5.3852e-04
Loss = 6.2240e-02, PNorm = 100.9398, GNorm = 1.1340, lr_0 = 5.3797e-04
Loss = 4.0606e-02, PNorm = 100.9465, GNorm = 0.3259, lr_0 = 5.3742e-04
Loss = 1.0428e-01, PNorm = 100.9488, GNorm = 0.4043, lr_0 = 5.3687e-04
Loss = 6.0974e-02, PNorm = 100.9568, GNorm = 0.9918, lr_0 = 5.3631e-04
Loss = 3.9605e-02, PNorm = 100.9768, GNorm = 0.6597, lr_0 = 5.3576e-04
Loss = 8.1864e-02, PNorm = 100.9803, GNorm = 0.3328, lr_0 = 5.3521e-04
Loss = 3.1009e-02, PNorm = 100.9907, GNorm = 0.3025, lr_0 = 5.3466e-04
Loss = 4.5766e-02, PNorm = 101.0038, GNorm = 0.2116, lr_0 = 5.3411e-04
Loss = 9.4426e-02, PNorm = 100.9976, GNorm = 0.4636, lr_0 = 5.3357e-04
Loss = 4.9511e-02, PNorm = 101.0061, GNorm = 0.4881, lr_0 = 5.3302e-04
Loss = 3.1218e-02, PNorm = 101.0272, GNorm = 0.1909, lr_0 = 5.3247e-04
Loss = 6.0390e-02, PNorm = 101.0352, GNorm = 0.1859, lr_0 = 5.3192e-04
Loss = 1.8443e-02, PNorm = 101.0454, GNorm = 0.1871, lr_0 = 5.3138e-04
Loss = 3.5288e-02, PNorm = 101.0537, GNorm = 0.1818, lr_0 = 5.3083e-04
Loss = 3.7821e-02, PNorm = 101.0625, GNorm = 0.2208, lr_0 = 5.3028e-04
Loss = 2.3051e-02, PNorm = 101.0794, GNorm = 0.1680, lr_0 = 5.2974e-04
Loss = 2.3370e-02, PNorm = 101.1020, GNorm = 0.1376, lr_0 = 5.2920e-04
Loss = 5.7358e-02, PNorm = 101.0966, GNorm = 0.3649, lr_0 = 5.2865e-04
Loss = 5.3329e-02, PNorm = 101.1054, GNorm = 0.5522, lr_0 = 5.2811e-04
Loss = 6.2162e-02, PNorm = 101.1146, GNorm = 0.4370, lr_0 = 5.2757e-04
Loss = 3.2514e-02, PNorm = 101.1344, GNorm = 0.8522, lr_0 = 5.2702e-04
Loss = 3.5005e-02, PNorm = 101.1492, GNorm = 0.1923, lr_0 = 5.2648e-04
Loss = 4.5855e-02, PNorm = 101.1602, GNorm = 0.1562, lr_0 = 5.2594e-04
Loss = 1.7230e-02, PNorm = 101.1695, GNorm = 0.1633, lr_0 = 5.2540e-04
Loss = 5.2416e-02, PNorm = 101.1745, GNorm = 0.2917, lr_0 = 5.2486e-04
Loss = 4.3863e-02, PNorm = 101.1843, GNorm = 0.2523, lr_0 = 5.2432e-04
Loss = 3.4055e-02, PNorm = 101.1986, GNorm = 0.2913, lr_0 = 5.2378e-04
Loss = 1.8563e-02, PNorm = 101.2188, GNorm = 0.1766, lr_0 = 5.2325e-04
Loss = 8.7836e-02, PNorm = 101.2209, GNorm = 0.7322, lr_0 = 5.2271e-04
Loss = 5.4416e-02, PNorm = 101.2249, GNorm = 1.5462, lr_0 = 5.2217e-04
Loss = 5.8738e-02, PNorm = 101.2343, GNorm = 0.4682, lr_0 = 5.2163e-04
Loss = 2.7370e-02, PNorm = 101.2543, GNorm = 0.2507, lr_0 = 5.2110e-04
Loss = 6.1845e-02, PNorm = 101.2654, GNorm = 0.2198, lr_0 = 5.2056e-04
Loss = 4.9845e-02, PNorm = 101.2675, GNorm = 0.6964, lr_0 = 5.2003e-04
Loss = 6.1781e-02, PNorm = 101.2754, GNorm = 0.9259, lr_0 = 5.1949e-04
Loss = 5.4231e-02, PNorm = 101.2924, GNorm = 0.4407, lr_0 = 5.1896e-04
Loss = 2.7206e-02, PNorm = 101.3230, GNorm = 0.2033, lr_0 = 5.1843e-04
Loss = 9.3833e-02, PNorm = 101.3314, GNorm = 1.5381, lr_0 = 5.1789e-04
Validation auc = 0.544321
Epoch 10
Loss = 3.8067e-02, PNorm = 101.3574, GNorm = 0.4667, lr_0 = 5.1736e-04
Loss = 4.7526e-02, PNorm = 101.3885, GNorm = 0.5461, lr_0 = 5.1683e-04
Loss = 1.3840e-01, PNorm = 101.4170, GNorm = 32.0401, lr_0 = 5.1630e-04
Loss = 8.9506e-02, PNorm = 101.5069, GNorm = 0.8523, lr_0 = 5.1577e-04
Loss = 4.8908e-02, PNorm = 101.6049, GNorm = 0.3883, lr_0 = 5.1524e-04
Loss = 1.0324e-01, PNorm = 101.6448, GNorm = 0.9086, lr_0 = 5.1471e-04
Loss = 5.2301e-02, PNorm = 101.6618, GNorm = 0.5828, lr_0 = 5.1418e-04
Loss = 2.1717e-02, PNorm = 101.6908, GNorm = 0.2902, lr_0 = 5.1365e-04
Loss = 4.1322e-02, PNorm = 101.7136, GNorm = 0.8860, lr_0 = 5.1313e-04
Loss = 4.8252e-02, PNorm = 101.7142, GNorm = 0.1453, lr_0 = 5.1260e-04
Loss = 1.7951e-02, PNorm = 101.7213, GNorm = 0.2298, lr_0 = 5.1207e-04
Loss = 1.2166e-01, PNorm = 101.7158, GNorm = 0.7459, lr_0 = 5.1155e-04
Loss = 4.4585e-02, PNorm = 101.7342, GNorm = 0.6956, lr_0 = 5.1102e-04
Loss = 4.3938e-02, PNorm = 101.7588, GNorm = 0.1919, lr_0 = 5.1049e-04
Loss = 7.2421e-02, PNorm = 101.7667, GNorm = 0.3312, lr_0 = 5.0997e-04
Loss = 3.1637e-02, PNorm = 101.7770, GNorm = 0.3127, lr_0 = 5.0945e-04
Loss = 2.8276e-02, PNorm = 101.7953, GNorm = 0.2053, lr_0 = 5.0892e-04
Loss = 6.4890e-02, PNorm = 101.7988, GNorm = 0.2270, lr_0 = 5.0840e-04
Loss = 3.7404e-02, PNorm = 101.8109, GNorm = 0.8141, lr_0 = 5.0788e-04
Loss = 4.0631e-02, PNorm = 101.8268, GNorm = 0.1544, lr_0 = 5.0736e-04
Loss = 8.5445e-02, PNorm = 101.8293, GNorm = 0.8045, lr_0 = 5.0683e-04
Loss = 3.2193e-02, PNorm = 101.8515, GNorm = 0.6592, lr_0 = 5.0631e-04
Loss = 8.6064e-02, PNorm = 101.8641, GNorm = 0.2636, lr_0 = 5.0579e-04
Loss = 3.9133e-02, PNorm = 101.8759, GNorm = 0.5251, lr_0 = 5.0527e-04
Loss = 1.4772e-01, PNorm = 101.9067, GNorm = 1.1855, lr_0 = 5.0475e-04
Loss = 7.1680e-02, PNorm = 101.9771, GNorm = 1.3685, lr_0 = 5.0424e-04
Loss = 6.4908e-02, PNorm = 102.0191, GNorm = 0.3774, lr_0 = 5.0372e-04
Loss = 5.8069e-02, PNorm = 102.0458, GNorm = 0.5628, lr_0 = 5.0320e-04
Loss = 8.1928e-02, PNorm = 102.0642, GNorm = 1.1973, lr_0 = 5.0268e-04
Loss = 4.1650e-02, PNorm = 102.0807, GNorm = 0.2975, lr_0 = 5.0217e-04
Loss = 9.4380e-02, PNorm = 102.0900, GNorm = 1.8297, lr_0 = 5.0165e-04
Loss = 6.2242e-02, PNorm = 102.0939, GNorm = 0.4868, lr_0 = 5.0114e-04
Loss = 1.9962e-02, PNorm = 102.1132, GNorm = 0.2885, lr_0 = 5.0062e-04
Loss = 3.8866e-02, PNorm = 102.1325, GNorm = 0.7573, lr_0 = 5.0011e-04
Loss = 2.6389e-02, PNorm = 102.1455, GNorm = 0.0923, lr_0 = 4.9959e-04
Loss = 3.9048e-02, PNorm = 102.1462, GNorm = 0.1418, lr_0 = 4.9908e-04
Loss = 9.9251e-02, PNorm = 102.1398, GNorm = 0.5648, lr_0 = 4.9857e-04
Loss = 8.1104e-02, PNorm = 102.1467, GNorm = 0.5904, lr_0 = 4.9805e-04
Loss = 6.1675e-02, PNorm = 102.1675, GNorm = 1.4634, lr_0 = 4.9754e-04
Loss = 3.8101e-02, PNorm = 102.1833, GNorm = 0.2595, lr_0 = 4.9703e-04
Loss = 3.1337e-02, PNorm = 102.2009, GNorm = 0.6274, lr_0 = 4.9652e-04
Loss = 7.0329e-02, PNorm = 102.2092, GNorm = 2.7867, lr_0 = 4.9601e-04
Loss = 7.0041e-02, PNorm = 102.1988, GNorm = 0.4031, lr_0 = 4.9550e-04
Loss = 4.1032e-02, PNorm = 102.2067, GNorm = 0.4515, lr_0 = 4.9499e-04
Loss = 5.0001e-02, PNorm = 102.2221, GNorm = 0.2715, lr_0 = 4.9448e-04
Loss = 5.2874e-02, PNorm = 102.2310, GNorm = 0.5928, lr_0 = 4.9398e-04
Loss = 5.3265e-02, PNorm = 102.2329, GNorm = 0.8135, lr_0 = 4.9347e-04
Loss = 6.5280e-02, PNorm = 102.2379, GNorm = 1.8299, lr_0 = 4.9296e-04
Loss = 3.0313e-02, PNorm = 102.2468, GNorm = 0.8179, lr_0 = 4.9245e-04
Loss = 5.8989e-02, PNorm = 102.2544, GNorm = 1.0497, lr_0 = 4.9195e-04
Loss = 6.4774e-02, PNorm = 102.2576, GNorm = 0.4022, lr_0 = 4.9144e-04
Loss = 7.7252e-02, PNorm = 102.2642, GNorm = 0.5490, lr_0 = 4.9094e-04
Loss = 4.5946e-02, PNorm = 102.2742, GNorm = 0.3749, lr_0 = 4.9043e-04
Loss = 1.7267e-02, PNorm = 102.2902, GNorm = 0.1911, lr_0 = 4.8993e-04
Loss = 5.1646e-02, PNorm = 102.2983, GNorm = 0.1576, lr_0 = 4.8943e-04
Loss = 6.6775e-02, PNorm = 102.2954, GNorm = 0.2927, lr_0 = 4.8892e-04
Loss = 7.2192e-02, PNorm = 102.2954, GNorm = 0.3909, lr_0 = 4.8842e-04
Loss = 5.4461e-02, PNorm = 102.3063, GNorm = 0.4712, lr_0 = 4.8792e-04
Loss = 7.0159e-02, PNorm = 102.3152, GNorm = 0.9077, lr_0 = 4.8742e-04
Loss = 6.1674e-02, PNorm = 102.3215, GNorm = 0.7670, lr_0 = 4.8692e-04
Loss = 3.0809e-02, PNorm = 102.3327, GNorm = 0.3061, lr_0 = 4.8642e-04
Loss = 4.1517e-02, PNorm = 102.3427, GNorm = 0.2239, lr_0 = 4.8592e-04
Loss = 4.1149e-02, PNorm = 102.3531, GNorm = 1.4972, lr_0 = 4.8542e-04
Loss = 4.1291e-02, PNorm = 102.3585, GNorm = 0.8761, lr_0 = 4.8492e-04
Loss = 6.0615e-02, PNorm = 102.3637, GNorm = 0.2727, lr_0 = 4.8442e-04
Loss = 2.8322e-02, PNorm = 102.3737, GNorm = 0.7436, lr_0 = 4.8392e-04
Loss = 8.0726e-02, PNorm = 102.3748, GNorm = 0.3895, lr_0 = 4.8343e-04
Loss = 4.2093e-02, PNorm = 102.3838, GNorm = 0.3019, lr_0 = 4.8293e-04
Loss = 4.6869e-02, PNorm = 102.3942, GNorm = 0.2476, lr_0 = 4.8243e-04
Loss = 3.6605e-02, PNorm = 102.4020, GNorm = 0.2020, lr_0 = 4.8194e-04
Loss = 5.0469e-02, PNorm = 102.4077, GNorm = 0.7973, lr_0 = 4.8144e-04
Loss = 3.1158e-02, PNorm = 102.4168, GNorm = 0.1521, lr_0 = 4.8095e-04
Loss = 4.5066e-02, PNorm = 102.4256, GNorm = 1.2409, lr_0 = 4.8045e-04
Loss = 2.8717e-02, PNorm = 102.4278, GNorm = 0.2170, lr_0 = 4.7996e-04
Loss = 1.6582e-02, PNorm = 102.4402, GNorm = 0.1206, lr_0 = 4.7947e-04
Loss = 4.7515e-02, PNorm = 102.4455, GNorm = 0.1780, lr_0 = 4.7897e-04
Loss = 2.6617e-02, PNorm = 102.4506, GNorm = 0.1832, lr_0 = 4.7848e-04
Loss = 5.0304e-02, PNorm = 102.4581, GNorm = 0.7174, lr_0 = 4.7799e-04
Loss = 8.0504e-02, PNorm = 102.4600, GNorm = 0.7600, lr_0 = 4.7750e-04
Loss = 3.7658e-02, PNorm = 102.4672, GNorm = 0.4657, lr_0 = 4.7701e-04
Validation auc = 0.555450
Epoch 11
Loss = 3.7830e-02, PNorm = 102.4872, GNorm = 0.8766, lr_0 = 4.7652e-04
Loss = 4.2794e-02, PNorm = 102.4993, GNorm = 0.6698, lr_0 = 4.7603e-04
Loss = 2.5609e-02, PNorm = 102.5106, GNorm = 0.1614, lr_0 = 4.7554e-04
Loss = 4.6075e-02, PNorm = 102.5232, GNorm = 0.2041, lr_0 = 4.7505e-04
Loss = 2.9384e-02, PNorm = 102.5417, GNorm = 0.2108, lr_0 = 4.7456e-04
Loss = 4.7974e-02, PNorm = 102.5601, GNorm = 0.7506, lr_0 = 4.7408e-04
Loss = 4.2900e-02, PNorm = 102.5685, GNorm = 0.5708, lr_0 = 4.7359e-04
Loss = 7.2595e-02, PNorm = 102.5740, GNorm = 0.3978, lr_0 = 4.7310e-04
Loss = 4.3263e-02, PNorm = 102.5893, GNorm = 0.4191, lr_0 = 4.7262e-04
Loss = 4.7719e-02, PNorm = 102.6132, GNorm = 1.3675, lr_0 = 4.7213e-04
Loss = 4.4134e-02, PNorm = 102.6230, GNorm = 0.2453, lr_0 = 4.7165e-04
Loss = 3.3802e-02, PNorm = 102.6327, GNorm = 0.2193, lr_0 = 4.7116e-04
Loss = 1.0046e-01, PNorm = 102.6341, GNorm = 0.6379, lr_0 = 4.7068e-04
Loss = 5.1350e-02, PNorm = 102.6384, GNorm = 0.6155, lr_0 = 4.7019e-04
Loss = 8.0202e-02, PNorm = 102.6540, GNorm = 0.3599, lr_0 = 4.6971e-04
Loss = 7.6052e-02, PNorm = 102.6697, GNorm = 0.5088, lr_0 = 4.6923e-04
Loss = 6.5726e-02, PNorm = 102.6847, GNorm = 0.3573, lr_0 = 4.6875e-04
Loss = 4.2145e-02, PNorm = 102.6961, GNorm = 0.3113, lr_0 = 4.6826e-04
Loss = 8.4585e-02, PNorm = 102.7019, GNorm = 0.5285, lr_0 = 4.6778e-04
Loss = 3.9914e-02, PNorm = 102.7134, GNorm = 0.4293, lr_0 = 4.6730e-04
Loss = 7.7604e-02, PNorm = 102.7241, GNorm = 0.6547, lr_0 = 4.6682e-04
Loss = 8.6842e-02, PNorm = 102.7253, GNorm = 0.4535, lr_0 = 4.6634e-04
Loss = 5.8654e-02, PNorm = 102.7382, GNorm = 0.4990, lr_0 = 4.6586e-04
Loss = 5.3596e-02, PNorm = 102.7526, GNorm = 0.2798, lr_0 = 4.6539e-04
Loss = 5.6033e-02, PNorm = 102.7674, GNorm = 0.8533, lr_0 = 4.6491e-04
Loss = 3.4263e-02, PNorm = 102.7723, GNorm = 0.5944, lr_0 = 4.6443e-04
Loss = 6.7221e-02, PNorm = 102.7732, GNorm = 0.3506, lr_0 = 4.6395e-04
Loss = 4.7149e-02, PNorm = 102.7846, GNorm = 0.7996, lr_0 = 4.6348e-04
Loss = 7.1667e-02, PNorm = 102.7894, GNorm = 0.4374, lr_0 = 4.6300e-04
Loss = 5.2323e-02, PNorm = 102.7987, GNorm = 0.4052, lr_0 = 4.6252e-04
Loss = 3.4891e-02, PNorm = 102.8176, GNorm = 0.2494, lr_0 = 4.6205e-04
Loss = 4.2844e-02, PNorm = 102.8292, GNorm = 0.2076, lr_0 = 4.6157e-04
Loss = 7.5498e-02, PNorm = 102.8330, GNorm = 0.2178, lr_0 = 4.6110e-04
Loss = 4.7525e-02, PNorm = 102.8400, GNorm = 0.4812, lr_0 = 4.6063e-04
Loss = 7.9501e-02, PNorm = 102.8579, GNorm = 0.4610, lr_0 = 4.6015e-04
Loss = 6.8234e-02, PNorm = 102.8707, GNorm = 0.9924, lr_0 = 4.5968e-04
Loss = 5.7925e-02, PNorm = 102.8859, GNorm = 0.5918, lr_0 = 4.5921e-04
Loss = 5.5623e-02, PNorm = 102.9043, GNorm = 0.4108, lr_0 = 4.5874e-04
Loss = 2.1115e-02, PNorm = 102.9279, GNorm = 0.1719, lr_0 = 4.5826e-04
Loss = 7.1800e-02, PNorm = 102.9367, GNorm = 1.4784, lr_0 = 4.5779e-04
Loss = 3.0576e-02, PNorm = 102.9454, GNorm = 0.3115, lr_0 = 4.5732e-04
Loss = 4.9623e-02, PNorm = 102.9634, GNorm = 1.3159, lr_0 = 4.5685e-04
Loss = 6.9873e-02, PNorm = 102.9653, GNorm = 0.3969, lr_0 = 4.5638e-04
Loss = 4.7932e-02, PNorm = 102.9788, GNorm = 0.6953, lr_0 = 4.5592e-04
Loss = 2.5303e-02, PNorm = 103.0005, GNorm = 0.2857, lr_0 = 4.5545e-04
Loss = 7.2445e-02, PNorm = 103.0114, GNorm = 0.8740, lr_0 = 4.5498e-04
Loss = 8.4040e-03, PNorm = 103.0307, GNorm = 0.2581, lr_0 = 4.5451e-04
Loss = 5.4706e-02, PNorm = 103.0470, GNorm = 2.0379, lr_0 = 4.5404e-04
Loss = 3.1377e-02, PNorm = 103.0493, GNorm = 0.3051, lr_0 = 4.5358e-04
Loss = 4.6148e-02, PNorm = 103.0583, GNorm = 0.2946, lr_0 = 4.5311e-04
Loss = 7.8606e-02, PNorm = 103.0671, GNorm = 0.8498, lr_0 = 4.5265e-04
Loss = 1.9238e-02, PNorm = 103.0825, GNorm = 0.3930, lr_0 = 4.5218e-04
Loss = 5.4480e-02, PNorm = 103.0956, GNorm = 0.1960, lr_0 = 4.5172e-04
Loss = 7.4376e-02, PNorm = 103.0905, GNorm = 1.1083, lr_0 = 4.5125e-04
Loss = 6.8198e-02, PNorm = 103.0895, GNorm = 0.6131, lr_0 = 4.5079e-04
Loss = 7.9317e-02, PNorm = 103.1044, GNorm = 0.4720, lr_0 = 4.5033e-04
Loss = 5.6138e-02, PNorm = 103.1201, GNorm = 1.3553, lr_0 = 4.4986e-04
Loss = 3.5901e-02, PNorm = 103.1365, GNorm = 0.2061, lr_0 = 4.4940e-04
Loss = 4.3429e-02, PNorm = 103.1529, GNorm = 0.1632, lr_0 = 4.4894e-04
Loss = 8.4730e-02, PNorm = 103.1493, GNorm = 0.4146, lr_0 = 4.4848e-04
Loss = 4.9269e-02, PNorm = 103.1583, GNorm = 0.4183, lr_0 = 4.4802e-04
Loss = 5.6808e-02, PNorm = 103.1720, GNorm = 0.4084, lr_0 = 4.4756e-04
Loss = 4.3284e-02, PNorm = 103.1922, GNorm = 0.2488, lr_0 = 4.4710e-04
Loss = 5.1527e-02, PNorm = 103.2033, GNorm = 0.2629, lr_0 = 4.4664e-04
Loss = 3.6225e-02, PNorm = 103.2154, GNorm = 0.2652, lr_0 = 4.4618e-04
Loss = 4.7602e-02, PNorm = 103.2317, GNorm = 0.2067, lr_0 = 4.4572e-04
Loss = 3.2295e-02, PNorm = 103.2454, GNorm = 0.2160, lr_0 = 4.4526e-04
Loss = 5.1036e-02, PNorm = 103.2548, GNorm = 0.2095, lr_0 = 4.4480e-04
Loss = 4.0115e-02, PNorm = 103.2596, GNorm = 0.2963, lr_0 = 4.4435e-04
Loss = 4.7689e-02, PNorm = 103.2709, GNorm = 0.5810, lr_0 = 4.4389e-04
Loss = 8.0127e-02, PNorm = 103.2728, GNorm = 0.5523, lr_0 = 4.4344e-04
Loss = 3.7801e-02, PNorm = 103.2969, GNorm = 0.3268, lr_0 = 4.4298e-04
Loss = 2.8842e-02, PNorm = 103.3222, GNorm = 0.2451, lr_0 = 4.4252e-04
Loss = 2.4606e-02, PNorm = 103.3440, GNorm = 0.1181, lr_0 = 4.4207e-04
Loss = 6.3219e-02, PNorm = 103.3405, GNorm = 0.1531, lr_0 = 4.4162e-04
Loss = 5.1323e-02, PNorm = 103.3414, GNorm = 0.3978, lr_0 = 4.4116e-04
Loss = 2.8356e-02, PNorm = 103.3531, GNorm = 0.2969, lr_0 = 4.4071e-04
Loss = 7.5130e-02, PNorm = 103.3596, GNorm = 0.6139, lr_0 = 4.4026e-04
Loss = 4.2145e-02, PNorm = 103.3699, GNorm = 0.3942, lr_0 = 4.3980e-04
Loss = 4.1302e-02, PNorm = 103.3804, GNorm = 0.2894, lr_0 = 4.3935e-04
Validation auc = 0.545295
Epoch 12
Loss = 4.0771e-02, PNorm = 103.3892, GNorm = 0.2930, lr_0 = 4.3890e-04
Loss = 5.3340e-02, PNorm = 103.3965, GNorm = 0.7247, lr_0 = 4.3845e-04
Loss = 4.8615e-02, PNorm = 103.4045, GNorm = 0.4502, lr_0 = 4.3800e-04
Loss = 2.7401e-02, PNorm = 103.4243, GNorm = 0.8371, lr_0 = 4.3755e-04
Loss = 6.2389e-02, PNorm = 103.4371, GNorm = 3.0851, lr_0 = 4.3710e-04
Loss = 7.0977e-02, PNorm = 103.4323, GNorm = 0.4906, lr_0 = 4.3665e-04
Loss = 8.3810e-02, PNorm = 103.4420, GNorm = 0.4318, lr_0 = 4.3620e-04
Loss = 3.8333e-02, PNorm = 103.4639, GNorm = 0.4711, lr_0 = 4.3575e-04
Loss = 9.9278e-02, PNorm = 103.4747, GNorm = 0.5641, lr_0 = 4.3531e-04
Loss = 3.4042e-02, PNorm = 103.4926, GNorm = 1.0432, lr_0 = 4.3486e-04
Loss = 6.5575e-02, PNorm = 103.5015, GNorm = 0.3370, lr_0 = 4.3441e-04
Loss = 4.7106e-02, PNorm = 103.5064, GNorm = 0.4153, lr_0 = 4.3397e-04
Loss = 2.7204e-02, PNorm = 103.5221, GNorm = 0.2444, lr_0 = 4.3352e-04
Loss = 2.9907e-02, PNorm = 103.5372, GNorm = 0.1974, lr_0 = 4.3307e-04
Loss = 1.0566e-01, PNorm = 103.5250, GNorm = 0.5977, lr_0 = 4.3263e-04
Loss = 3.8641e-02, PNorm = 103.5294, GNorm = 0.4663, lr_0 = 4.3218e-04
Loss = 2.3590e-02, PNorm = 103.5428, GNorm = 0.3269, lr_0 = 4.3174e-04
Loss = 7.0115e-02, PNorm = 103.5490, GNorm = 0.2429, lr_0 = 4.3130e-04
Loss = 9.5748e-02, PNorm = 103.5429, GNorm = 0.7613, lr_0 = 4.3085e-04
Loss = 6.4512e-02, PNorm = 103.5546, GNorm = 0.6547, lr_0 = 4.3041e-04
Loss = 3.2688e-02, PNorm = 103.5746, GNorm = 0.2410, lr_0 = 4.2997e-04
Loss = 5.7169e-02, PNorm = 103.5823, GNorm = 0.2447, lr_0 = 4.2953e-04
Loss = 8.3167e-02, PNorm = 103.5833, GNorm = 1.7313, lr_0 = 4.2909e-04
Loss = 5.0714e-02, PNorm = 103.5897, GNorm = 1.4150, lr_0 = 4.2865e-04
Loss = 2.6106e-02, PNorm = 103.6073, GNorm = 0.4096, lr_0 = 4.2821e-04
Loss = 3.4205e-02, PNorm = 103.6241, GNorm = 1.3215, lr_0 = 4.2777e-04
Loss = 7.4925e-02, PNorm = 103.6206, GNorm = 0.2172, lr_0 = 4.2733e-04
Loss = 8.2254e-02, PNorm = 103.6157, GNorm = 0.7140, lr_0 = 4.2689e-04
Loss = 7.0588e-02, PNorm = 103.6274, GNorm = 0.5857, lr_0 = 4.2645e-04
Loss = 5.2097e-02, PNorm = 103.6432, GNorm = 0.3737, lr_0 = 4.2601e-04
Loss = 3.6957e-02, PNorm = 103.6539, GNorm = 0.8956, lr_0 = 4.2557e-04
Loss = 4.4558e-02, PNorm = 103.6597, GNorm = 0.2923, lr_0 = 4.2513e-04
Loss = 7.6396e-02, PNorm = 103.6611, GNorm = 0.3479, lr_0 = 4.2470e-04
Loss = 4.3492e-02, PNorm = 103.6711, GNorm = 0.3805, lr_0 = 4.2426e-04
Loss = 6.4829e-02, PNorm = 103.6787, GNorm = 0.3007, lr_0 = 4.2383e-04
Loss = 3.5128e-02, PNorm = 103.6885, GNorm = 0.3117, lr_0 = 4.2339e-04
Loss = 2.5615e-02, PNorm = 103.7015, GNorm = 0.2028, lr_0 = 4.2296e-04
Loss = 2.2935e-02, PNorm = 103.7113, GNorm = 0.1536, lr_0 = 4.2252e-04
Loss = 5.2581e-02, PNorm = 103.7140, GNorm = 0.2599, lr_0 = 4.2209e-04
Loss = 5.9602e-03, PNorm = 103.7283, GNorm = 0.1670, lr_0 = 4.2165e-04
Loss = 1.1946e-01, PNorm = 103.7267, GNorm = 0.8985, lr_0 = 4.2122e-04
Loss = 4.5579e-02, PNorm = 103.7384, GNorm = 0.4955, lr_0 = 4.2079e-04
Loss = 2.9531e-02, PNorm = 103.7572, GNorm = 0.3194, lr_0 = 4.2035e-04
Loss = 3.9932e-02, PNorm = 103.7781, GNorm = 1.2290, lr_0 = 4.1992e-04
Loss = 8.9642e-02, PNorm = 103.7792, GNorm = 0.3325, lr_0 = 4.1949e-04
Loss = 3.7853e-02, PNorm = 103.7927, GNorm = 0.5779, lr_0 = 4.1906e-04
Loss = 5.0013e-02, PNorm = 103.8172, GNorm = 1.5612, lr_0 = 4.1863e-04
Loss = 3.7754e-02, PNorm = 103.8352, GNorm = 0.3134, lr_0 = 4.1820e-04
Loss = 6.0731e-02, PNorm = 103.8601, GNorm = 0.5540, lr_0 = 4.1777e-04
Loss = 6.6413e-02, PNorm = 103.8618, GNorm = 1.4514, lr_0 = 4.1734e-04
Loss = 2.7774e-02, PNorm = 103.8738, GNorm = 0.4243, lr_0 = 4.1691e-04
Loss = 8.6404e-02, PNorm = 103.8796, GNorm = 0.4874, lr_0 = 4.1648e-04
Loss = 8.6488e-02, PNorm = 103.8876, GNorm = 1.6914, lr_0 = 4.1606e-04
Loss = 7.0784e-02, PNorm = 103.8958, GNorm = 0.7137, lr_0 = 4.1563e-04
Loss = 3.5398e-02, PNorm = 103.9152, GNorm = 0.2912, lr_0 = 4.1520e-04
Loss = 6.5390e-02, PNorm = 103.9217, GNorm = 0.2911, lr_0 = 4.1477e-04
Loss = 1.4867e-02, PNorm = 103.9330, GNorm = 0.2570, lr_0 = 4.1435e-04
Loss = 6.0565e-02, PNorm = 103.9390, GNorm = 0.8131, lr_0 = 4.1392e-04
Loss = 2.7710e-02, PNorm = 103.9470, GNorm = 0.2864, lr_0 = 4.1350e-04
Loss = 7.9174e-02, PNorm = 103.9481, GNorm = 0.5830, lr_0 = 4.1307e-04
Loss = 6.4059e-02, PNorm = 103.9540, GNorm = 0.7155, lr_0 = 4.1265e-04
Loss = 3.0573e-02, PNorm = 103.9701, GNorm = 0.3660, lr_0 = 4.1222e-04
Loss = 3.8982e-02, PNorm = 103.9865, GNorm = 0.2369, lr_0 = 4.1180e-04
Loss = 5.1749e-02, PNorm = 103.9903, GNorm = 0.2298, lr_0 = 4.1138e-04
Loss = 6.5297e-02, PNorm = 103.9923, GNorm = 0.9784, lr_0 = 4.1096e-04
Loss = 1.8388e-02, PNorm = 104.0027, GNorm = 0.3115, lr_0 = 4.1053e-04
Loss = 7.8927e-02, PNorm = 104.0100, GNorm = 0.3942, lr_0 = 4.1011e-04
Loss = 3.6484e-02, PNorm = 104.0175, GNorm = 0.3730, lr_0 = 4.0969e-04
Loss = 6.7963e-02, PNorm = 104.0290, GNorm = 0.4000, lr_0 = 4.0927e-04
Loss = 9.4321e-03, PNorm = 104.0479, GNorm = 0.2763, lr_0 = 4.0885e-04
Loss = 7.6123e-02, PNorm = 104.0468, GNorm = 0.2680, lr_0 = 4.0843e-04
Loss = 5.6408e-02, PNorm = 104.0459, GNorm = 0.5212, lr_0 = 4.0801e-04
Loss = 2.0632e-02, PNorm = 104.0581, GNorm = 0.9182, lr_0 = 4.0759e-04
Loss = 1.7912e-02, PNorm = 104.0677, GNorm = 0.1530, lr_0 = 4.0717e-04
Loss = 3.9476e-02, PNorm = 104.0753, GNorm = 1.1526, lr_0 = 4.0675e-04
Loss = 1.2102e-01, PNorm = 104.0598, GNorm = 0.4247, lr_0 = 4.0633e-04
Loss = 4.8559e-02, PNorm = 104.0629, GNorm = 0.8329, lr_0 = 4.0592e-04
Loss = 2.5547e-02, PNorm = 104.0830, GNorm = 0.8907, lr_0 = 4.0550e-04
Loss = 6.0704e-02, PNorm = 104.0908, GNorm = 0.2315, lr_0 = 4.0508e-04
Loss = 6.4773e-02, PNorm = 104.0865, GNorm = 0.4036, lr_0 = 4.0467e-04
Validation auc = 0.566873
Epoch 13
Loss = 4.7778e-02, PNorm = 104.0913, GNorm = 1.3893, lr_0 = 4.0425e-04
Loss = 5.8706e-02, PNorm = 104.0969, GNorm = 1.6821, lr_0 = 4.0384e-04
Loss = 7.8761e-02, PNorm = 104.0980, GNorm = 0.5437, lr_0 = 4.0342e-04
Loss = 2.2471e-02, PNorm = 104.1153, GNorm = 0.3446, lr_0 = 4.0301e-04
Loss = 4.4938e-02, PNorm = 104.1331, GNorm = 0.1531, lr_0 = 4.0259e-04
Loss = 3.7632e-03, PNorm = 104.1433, GNorm = 0.1274, lr_0 = 4.0218e-04
Loss = 4.2046e-02, PNorm = 104.1460, GNorm = 0.1453, lr_0 = 4.0177e-04
Loss = 4.3143e-02, PNorm = 104.1479, GNorm = 1.2647, lr_0 = 4.0135e-04
Loss = 3.5822e-02, PNorm = 104.1478, GNorm = 0.3078, lr_0 = 4.0094e-04
Loss = 4.2292e-02, PNorm = 104.1544, GNorm = 0.3138, lr_0 = 4.0053e-04
Loss = 4.0958e-02, PNorm = 104.1654, GNorm = 0.3149, lr_0 = 4.0012e-04
Loss = 1.0341e-01, PNorm = 104.1688, GNorm = 0.4041, lr_0 = 3.9971e-04
Loss = 4.7659e-02, PNorm = 104.1798, GNorm = 0.5221, lr_0 = 3.9930e-04
Loss = 5.0808e-02, PNorm = 104.1993, GNorm = 0.3629, lr_0 = 3.9889e-04
Loss = 4.2278e-02, PNorm = 104.2209, GNorm = 0.2244, lr_0 = 3.9848e-04
Loss = 9.2479e-02, PNorm = 104.2248, GNorm = 0.9487, lr_0 = 3.9807e-04
Loss = 5.3181e-02, PNorm = 104.2331, GNorm = 0.6112, lr_0 = 3.9766e-04
Loss = 4.4228e-02, PNorm = 104.2540, GNorm = 0.4415, lr_0 = 3.9725e-04
Loss = 4.6147e-02, PNorm = 104.2728, GNorm = 0.3123, lr_0 = 3.9684e-04
Loss = 7.7714e-02, PNorm = 104.2770, GNorm = 0.3169, lr_0 = 3.9643e-04
Loss = 5.9895e-02, PNorm = 104.2756, GNorm = 0.5884, lr_0 = 3.9603e-04
Loss = 7.5471e-02, PNorm = 104.2870, GNorm = 0.6650, lr_0 = 3.9562e-04
Loss = 7.4576e-02, PNorm = 104.3000, GNorm = 0.4576, lr_0 = 3.9521e-04
Loss = 6.9330e-02, PNorm = 104.3109, GNorm = 0.7811, lr_0 = 3.9481e-04
Loss = 5.2295e-02, PNorm = 104.3185, GNorm = 0.4959, lr_0 = 3.9440e-04
Loss = 4.8339e-02, PNorm = 104.3320, GNorm = 0.3053, lr_0 = 3.9400e-04
Loss = 6.2850e-02, PNorm = 104.3429, GNorm = 0.2608, lr_0 = 3.9359e-04
Loss = 4.2885e-02, PNorm = 104.3498, GNorm = 0.2732, lr_0 = 3.9319e-04
Loss = 5.1994e-02, PNorm = 104.3540, GNorm = 0.3187, lr_0 = 3.9278e-04
Loss = 3.5524e-02, PNorm = 104.3636, GNorm = 0.3558, lr_0 = 3.9238e-04
Loss = 2.8220e-02, PNorm = 104.3758, GNorm = 1.0239, lr_0 = 3.9198e-04
Loss = 1.0350e-01, PNorm = 104.3716, GNorm = 0.7094, lr_0 = 3.9157e-04
Loss = 6.1578e-02, PNorm = 104.3775, GNorm = 0.5789, lr_0 = 3.9117e-04
Loss = 4.3615e-02, PNorm = 104.3899, GNorm = 0.5852, lr_0 = 3.9077e-04
Loss = 4.0771e-02, PNorm = 104.4073, GNorm = 0.6343, lr_0 = 3.9037e-04
Loss = 6.5087e-02, PNorm = 104.4142, GNorm = 0.8336, lr_0 = 3.8997e-04
Loss = 6.3372e-02, PNorm = 104.4214, GNorm = 0.3658, lr_0 = 3.8957e-04
Loss = 2.7312e-02, PNorm = 104.4335, GNorm = 0.3919, lr_0 = 3.8917e-04
Loss = 4.0553e-02, PNorm = 104.4475, GNorm = 0.2558, lr_0 = 3.8877e-04
Loss = 3.3632e-02, PNorm = 104.4608, GNorm = 0.3776, lr_0 = 3.8837e-04
Loss = 2.8065e-02, PNorm = 104.4695, GNorm = 0.1918, lr_0 = 3.8797e-04
Loss = 3.8788e-02, PNorm = 104.4759, GNorm = 0.2403, lr_0 = 3.8757e-04
Loss = 7.1073e-02, PNorm = 104.4759, GNorm = 0.3456, lr_0 = 3.8717e-04
Loss = 4.5193e-02, PNorm = 104.4897, GNorm = 0.6402, lr_0 = 3.8677e-04
Loss = 7.0392e-02, PNorm = 104.5015, GNorm = 0.4152, lr_0 = 3.8637e-04
Loss = 6.8787e-02, PNorm = 104.5070, GNorm = 0.6524, lr_0 = 3.8598e-04
Loss = 2.9613e-02, PNorm = 104.5232, GNorm = 0.3855, lr_0 = 3.8558e-04
Loss = 3.4128e-02, PNorm = 104.5411, GNorm = 0.1759, lr_0 = 3.8519e-04
Loss = 6.1639e-02, PNorm = 104.5462, GNorm = 0.8136, lr_0 = 3.8479e-04
Loss = 4.7519e-02, PNorm = 104.5501, GNorm = 0.8743, lr_0 = 3.8439e-04
Loss = 2.7159e-02, PNorm = 104.5607, GNorm = 0.2807, lr_0 = 3.8400e-04
Loss = 8.6920e-02, PNorm = 104.5642, GNorm = 1.0524, lr_0 = 3.8360e-04
Loss = 3.4683e-02, PNorm = 104.5719, GNorm = 0.7506, lr_0 = 3.8321e-04
Loss = 1.6285e-02, PNorm = 104.5904, GNorm = 0.1823, lr_0 = 3.8282e-04
Loss = 7.6043e-02, PNorm = 104.5935, GNorm = 0.2398, lr_0 = 3.8242e-04
Loss = 5.7415e-02, PNorm = 104.5950, GNorm = 0.4325, lr_0 = 3.8203e-04
Loss = 5.1407e-02, PNorm = 104.6037, GNorm = 0.5769, lr_0 = 3.8164e-04
Loss = 5.9860e-02, PNorm = 104.6207, GNorm = 0.6975, lr_0 = 3.8125e-04
Loss = 3.6290e-02, PNorm = 104.6365, GNorm = 0.2948, lr_0 = 3.8085e-04
Loss = 4.2733e-02, PNorm = 104.6418, GNorm = 0.9476, lr_0 = 3.8046e-04
Loss = 4.9422e-02, PNorm = 104.6457, GNorm = 0.2910, lr_0 = 3.8007e-04
Loss = 3.8803e-02, PNorm = 104.6567, GNorm = 1.0054, lr_0 = 3.7968e-04
Loss = 2.5025e-02, PNorm = 104.6687, GNorm = 0.2239, lr_0 = 3.7929e-04
Loss = 4.0926e-02, PNorm = 104.6804, GNorm = 1.1909, lr_0 = 3.7890e-04
Loss = 4.4589e-02, PNorm = 104.6875, GNorm = 0.2198, lr_0 = 3.7851e-04
Loss = 8.7982e-02, PNorm = 104.6824, GNorm = 0.7042, lr_0 = 3.7812e-04
Loss = 7.7437e-02, PNorm = 104.6938, GNorm = 0.7469, lr_0 = 3.7774e-04
Loss = 3.9259e-02, PNorm = 104.7155, GNorm = 0.4513, lr_0 = 3.7735e-04
Loss = 2.9383e-02, PNorm = 104.7347, GNorm = 0.2306, lr_0 = 3.7696e-04
Loss = 8.2306e-02, PNorm = 104.7416, GNorm = 0.1917, lr_0 = 3.7657e-04
Loss = 1.8426e-02, PNorm = 104.7502, GNorm = 0.4950, lr_0 = 3.7619e-04
Loss = 5.0386e-02, PNorm = 104.7648, GNorm = 0.2884, lr_0 = 3.7580e-04
Loss = 6.2605e-02, PNorm = 104.7749, GNorm = 0.4717, lr_0 = 3.7541e-04
Loss = 6.3577e-02, PNorm = 104.7933, GNorm = 0.6478, lr_0 = 3.7503e-04
Loss = 5.9432e-02, PNorm = 104.8157, GNorm = 1.6527, lr_0 = 3.7464e-04
Loss = 6.3811e-02, PNorm = 104.8332, GNorm = 1.8329, lr_0 = 3.7426e-04
Loss = 9.2782e-02, PNorm = 104.8216, GNorm = 0.7328, lr_0 = 3.7387e-04
Loss = 6.0765e-02, PNorm = 104.8382, GNorm = 0.6614, lr_0 = 3.7349e-04
Loss = 4.6286e-02, PNorm = 104.8588, GNorm = 0.4237, lr_0 = 3.7310e-04
Loss = 6.7524e-02, PNorm = 104.8731, GNorm = 2.2638, lr_0 = 3.7272e-04
Validation auc = 0.554538
Epoch 14
Loss = 1.6634e-02, PNorm = 104.8845, GNorm = 0.3230, lr_0 = 3.7234e-04
Loss = 6.1058e-02, PNorm = 104.8919, GNorm = 0.3268, lr_0 = 3.7196e-04
Loss = 3.4950e-02, PNorm = 104.9021, GNorm = 0.3184, lr_0 = 3.7157e-04
Loss = 8.5689e-02, PNorm = 104.9051, GNorm = 0.6624, lr_0 = 3.7119e-04
Loss = 6.3973e-02, PNorm = 104.9167, GNorm = 0.6333, lr_0 = 3.7081e-04
Loss = 4.1160e-02, PNorm = 104.9305, GNorm = 0.3493, lr_0 = 3.7043e-04
Loss = 1.3799e-02, PNorm = 104.9434, GNorm = 0.1975, lr_0 = 3.7005e-04
Loss = 7.3871e-02, PNorm = 104.9457, GNorm = 0.7957, lr_0 = 3.6967e-04
Loss = 4.6994e-02, PNorm = 104.9473, GNorm = 0.3781, lr_0 = 3.6929e-04
Loss = 5.7668e-02, PNorm = 104.9488, GNorm = 0.6170, lr_0 = 3.6891e-04
Loss = 6.3335e-02, PNorm = 104.9578, GNorm = 0.7574, lr_0 = 3.6853e-04
Loss = 6.2801e-02, PNorm = 104.9646, GNorm = 0.4889, lr_0 = 3.6815e-04
Loss = 7.8814e-02, PNorm = 104.9723, GNorm = 1.9318, lr_0 = 3.6777e-04
Loss = 4.1991e-02, PNorm = 104.9824, GNorm = 0.6193, lr_0 = 3.6740e-04
Loss = 4.3708e-02, PNorm = 104.9973, GNorm = 1.1023, lr_0 = 3.6702e-04
Loss = 3.7559e-02, PNorm = 105.0036, GNorm = 0.2207, lr_0 = 3.6664e-04
Loss = 2.5277e-02, PNorm = 105.0131, GNorm = 0.2025, lr_0 = 3.6626e-04
Loss = 5.1766e-02, PNorm = 105.0164, GNorm = 0.2245, lr_0 = 3.6589e-04
Loss = 4.4549e-02, PNorm = 105.0197, GNorm = 0.8831, lr_0 = 3.6551e-04
Loss = 1.0628e-01, PNorm = 105.0196, GNorm = 0.5080, lr_0 = 3.6514e-04
Loss = 2.8895e-02, PNorm = 105.0372, GNorm = 0.7678, lr_0 = 3.6476e-04
Loss = 4.7982e-02, PNorm = 105.0557, GNorm = 0.2987, lr_0 = 3.6439e-04
Loss = 8.8246e-02, PNorm = 105.0640, GNorm = 1.6879, lr_0 = 3.6401e-04
Loss = 5.2433e-02, PNorm = 105.0700, GNorm = 0.6707, lr_0 = 3.6364e-04
Loss = 3.0566e-02, PNorm = 105.0911, GNorm = 0.4048, lr_0 = 3.6326e-04
Loss = 1.4712e-02, PNorm = 105.1156, GNorm = 0.8341, lr_0 = 3.6289e-04
Loss = 6.0273e-02, PNorm = 105.1252, GNorm = 2.0697, lr_0 = 3.6252e-04
Loss = 9.8549e-02, PNorm = 105.1025, GNorm = 1.0278, lr_0 = 3.6215e-04
Loss = 7.7055e-02, PNorm = 105.0960, GNorm = 1.2495, lr_0 = 3.6177e-04
Loss = 4.2996e-02, PNorm = 105.1107, GNorm = 0.4301, lr_0 = 3.6140e-04
Loss = 6.5460e-02, PNorm = 105.1205, GNorm = 1.2260, lr_0 = 3.6103e-04
Loss = 3.7871e-02, PNorm = 105.1278, GNorm = 0.3121, lr_0 = 3.6066e-04
Loss = 8.3993e-02, PNorm = 105.1290, GNorm = 0.5476, lr_0 = 3.6029e-04
Loss = 4.1145e-02, PNorm = 105.1359, GNorm = 1.1863, lr_0 = 3.5992e-04
Loss = 6.3149e-02, PNorm = 105.1424, GNorm = 0.7004, lr_0 = 3.5955e-04
Loss = 6.0981e-02, PNorm = 105.1453, GNorm = 0.5493, lr_0 = 3.5918e-04
Loss = 6.5563e-02, PNorm = 105.1544, GNorm = 0.8865, lr_0 = 3.5881e-04
Loss = 7.3033e-02, PNorm = 105.1575, GNorm = 0.5249, lr_0 = 3.5844e-04
Loss = 5.9374e-02, PNorm = 105.1660, GNorm = 0.6193, lr_0 = 3.5807e-04
Loss = 6.3024e-02, PNorm = 105.1833, GNorm = 0.5583, lr_0 = 3.5771e-04
Loss = 7.2655e-02, PNorm = 105.1928, GNorm = 0.4999, lr_0 = 3.5734e-04
Loss = 2.8459e-02, PNorm = 105.2051, GNorm = 0.4049, lr_0 = 3.5697e-04
Loss = 8.3172e-02, PNorm = 105.2116, GNorm = 0.3204, lr_0 = 3.5661e-04
Loss = 4.2807e-02, PNorm = 105.2153, GNorm = 0.9216, lr_0 = 3.5624e-04
Loss = 3.9215e-02, PNorm = 105.2229, GNorm = 0.3818, lr_0 = 3.5587e-04
Loss = 3.1618e-02, PNorm = 105.2329, GNorm = 0.2680, lr_0 = 3.5551e-04
Loss = 7.7237e-02, PNorm = 105.2366, GNorm = 0.6161, lr_0 = 3.5514e-04
Loss = 3.8157e-02, PNorm = 105.2432, GNorm = 0.3593, lr_0 = 3.5478e-04
Loss = 1.7729e-02, PNorm = 105.2574, GNorm = 0.2451, lr_0 = 3.5441e-04
Loss = 5.9238e-02, PNorm = 105.2613, GNorm = 0.2408, lr_0 = 3.5405e-04
Loss = 5.3566e-02, PNorm = 105.2632, GNorm = 0.3485, lr_0 = 3.5368e-04
Loss = 4.0587e-02, PNorm = 105.2722, GNorm = 0.2991, lr_0 = 3.5332e-04
Loss = 3.6390e-02, PNorm = 105.2812, GNorm = 0.3341, lr_0 = 3.5296e-04
Loss = 4.3539e-02, PNorm = 105.2925, GNorm = 0.8053, lr_0 = 3.5260e-04
Loss = 2.5488e-02, PNorm = 105.2995, GNorm = 0.2860, lr_0 = 3.5223e-04
Loss = 3.2954e-02, PNorm = 105.3053, GNorm = 0.2221, lr_0 = 3.5187e-04
Loss = 5.6355e-02, PNorm = 105.3065, GNorm = 0.3038, lr_0 = 3.5151e-04
Loss = 4.4743e-02, PNorm = 105.3117, GNorm = 0.4292, lr_0 = 3.5115e-04
Loss = 3.3482e-02, PNorm = 105.3231, GNorm = 1.4725, lr_0 = 3.5079e-04
Loss = 8.6503e-02, PNorm = 105.3214, GNorm = 0.7810, lr_0 = 3.5043e-04
Loss = 6.2537e-02, PNorm = 105.3246, GNorm = 1.0115, lr_0 = 3.5007e-04
Loss = 7.9122e-02, PNorm = 105.3303, GNorm = 0.5342, lr_0 = 3.4971e-04
Loss = 5.1706e-02, PNorm = 105.3473, GNorm = 0.5234, lr_0 = 3.4935e-04
Loss = 3.9514e-02, PNorm = 105.3651, GNorm = 1.0197, lr_0 = 3.4899e-04
Loss = 7.7342e-02, PNorm = 105.3676, GNorm = 1.6572, lr_0 = 3.4863e-04
Loss = 6.9784e-02, PNorm = 105.3711, GNorm = 0.4968, lr_0 = 3.4827e-04
Loss = 8.4439e-02, PNorm = 105.3783, GNorm = 0.6660, lr_0 = 3.4792e-04
Loss = 2.4098e-02, PNorm = 105.3999, GNorm = 0.4110, lr_0 = 3.4756e-04
Loss = 3.1861e-02, PNorm = 105.4194, GNorm = 0.1897, lr_0 = 3.4720e-04
Loss = 4.6693e-02, PNorm = 105.4279, GNorm = 1.2920, lr_0 = 3.4684e-04
Loss = 3.6400e-02, PNorm = 105.4293, GNorm = 0.2348, lr_0 = 3.4649e-04
Loss = 4.7202e-02, PNorm = 105.4342, GNorm = 0.3163, lr_0 = 3.4613e-04
Loss = 7.0789e-02, PNorm = 105.4363, GNorm = 0.4409, lr_0 = 3.4578e-04
Loss = 2.8700e-02, PNorm = 105.4490, GNorm = 0.8377, lr_0 = 3.4542e-04
Loss = 1.0055e-01, PNorm = 105.4538, GNorm = 0.5237, lr_0 = 3.4507e-04
Loss = 2.9183e-02, PNorm = 105.4678, GNorm = 0.4963, lr_0 = 3.4471e-04
Loss = 6.7445e-02, PNorm = 105.4835, GNorm = 0.4027, lr_0 = 3.4436e-04
Loss = 1.7146e-02, PNorm = 105.4983, GNorm = 0.2569, lr_0 = 3.4400e-04
Loss = 4.4595e-03, PNorm = 105.5191, GNorm = 0.1420, lr_0 = 3.4365e-04
Loss = 3.1148e-02, PNorm = 105.5336, GNorm = 0.0631, lr_0 = 3.4330e-04
Validation auc = 0.562761
Epoch 15
Loss = 6.5467e-02, PNorm = 105.5307, GNorm = 0.1779, lr_0 = 3.4294e-04
Loss = 4.7734e-02, PNorm = 105.5362, GNorm = 1.0343, lr_0 = 3.4259e-04
Loss = 3.8261e-02, PNorm = 105.5495, GNorm = 0.4722, lr_0 = 3.4224e-04
Loss = 3.8380e-02, PNorm = 105.5770, GNorm = 0.3320, lr_0 = 3.4189e-04
Loss = 5.8516e-02, PNorm = 105.5998, GNorm = 0.6903, lr_0 = 3.4154e-04
Loss = 8.0936e-02, PNorm = 105.6073, GNorm = 0.6750, lr_0 = 3.4119e-04
Loss = 9.6370e-02, PNorm = 105.6020, GNorm = 0.5954, lr_0 = 3.4084e-04
Loss = 6.3752e-02, PNorm = 105.6203, GNorm = 2.0618, lr_0 = 3.4049e-04
Loss = 5.4086e-02, PNorm = 105.6376, GNorm = 1.2859, lr_0 = 3.4014e-04
Loss = 3.4760e-02, PNorm = 105.6457, GNorm = 0.8107, lr_0 = 3.3979e-04
Loss = 4.7957e-02, PNorm = 105.6496, GNorm = 0.8040, lr_0 = 3.3944e-04
Loss = 7.1644e-02, PNorm = 105.6477, GNorm = 1.0566, lr_0 = 3.3909e-04
Loss = 3.6675e-02, PNorm = 105.6544, GNorm = 0.5239, lr_0 = 3.3874e-04
Loss = 4.1838e-02, PNorm = 105.6661, GNorm = 0.3732, lr_0 = 3.3839e-04
Loss = 6.6467e-03, PNorm = 105.6807, GNorm = 0.2041, lr_0 = 3.3804e-04
Loss = 7.3859e-02, PNorm = 105.6829, GNorm = 0.2648, lr_0 = 3.3770e-04
Loss = 5.5809e-02, PNorm = 105.6837, GNorm = 0.3515, lr_0 = 3.3735e-04
Loss = 4.4293e-02, PNorm = 105.6889, GNorm = 0.5763, lr_0 = 3.3700e-04
Loss = 5.8752e-02, PNorm = 105.6997, GNorm = 0.3272, lr_0 = 3.3666e-04
Loss = 8.9456e-02, PNorm = 105.6988, GNorm = 0.7188, lr_0 = 3.3631e-04
Loss = 5.0753e-02, PNorm = 105.7124, GNorm = 0.5979, lr_0 = 3.3597e-04
Loss = 3.4324e-02, PNorm = 105.7252, GNorm = 0.3917, lr_0 = 3.3562e-04
Loss = 4.9887e-02, PNorm = 105.7365, GNorm = 1.0407, lr_0 = 3.3528e-04
Loss = 6.0939e-02, PNorm = 105.7365, GNorm = 0.3797, lr_0 = 3.3493e-04
Loss = 7.9651e-02, PNorm = 105.7381, GNorm = 0.6654, lr_0 = 3.3459e-04
Loss = 7.0550e-02, PNorm = 105.7464, GNorm = 0.7440, lr_0 = 3.3424e-04
Loss = 5.8138e-02, PNorm = 105.7551, GNorm = 0.6163, lr_0 = 3.3390e-04
Loss = 4.6796e-02, PNorm = 105.7643, GNorm = 0.7910, lr_0 = 3.3356e-04
Loss = 8.2033e-02, PNorm = 105.7689, GNorm = 0.4747, lr_0 = 3.3321e-04
Loss = 8.1296e-02, PNorm = 105.7752, GNorm = 1.2548, lr_0 = 3.3287e-04
Loss = 2.3806e-02, PNorm = 105.7913, GNorm = 0.5065, lr_0 = 3.3253e-04
Loss = 6.4880e-02, PNorm = 105.8045, GNorm = 0.2931, lr_0 = 3.3219e-04
Loss = 3.1560e-02, PNorm = 105.8120, GNorm = 0.2710, lr_0 = 3.3185e-04
Loss = 2.5538e-02, PNorm = 105.8222, GNorm = 0.2036, lr_0 = 3.3151e-04
Loss = 4.7336e-02, PNorm = 105.8274, GNorm = 0.6662, lr_0 = 3.3117e-04
Loss = 1.5512e-02, PNorm = 105.8359, GNorm = 0.2125, lr_0 = 3.3082e-04
Loss = 5.0517e-02, PNorm = 105.8414, GNorm = 0.2334, lr_0 = 3.3049e-04
Loss = 2.4185e-02, PNorm = 105.8522, GNorm = 0.1841, lr_0 = 3.3015e-04
Loss = 5.1731e-02, PNorm = 105.8578, GNorm = 0.2663, lr_0 = 3.2981e-04
Loss = 2.6666e-02, PNorm = 105.8671, GNorm = 0.2837, lr_0 = 3.2947e-04
Loss = 1.7108e-02, PNorm = 105.8834, GNorm = 1.1518, lr_0 = 3.2913e-04
Loss = 8.3311e-02, PNorm = 105.8858, GNorm = 0.9537, lr_0 = 3.2879e-04
Loss = 1.7404e-02, PNorm = 105.8869, GNorm = 0.3780, lr_0 = 3.2845e-04
Loss = 3.6456e-02, PNorm = 105.9004, GNorm = 0.3629, lr_0 = 3.2812e-04
Loss = 1.1017e-01, PNorm = 105.9004, GNorm = 0.4412, lr_0 = 3.2778e-04
Loss = 7.3146e-02, PNorm = 105.9299, GNorm = 0.7832, lr_0 = 3.2744e-04
Loss = 6.6005e-02, PNorm = 105.9616, GNorm = 0.3232, lr_0 = 3.2711e-04
Loss = 6.2984e-02, PNorm = 105.9773, GNorm = 0.8109, lr_0 = 3.2677e-04
Loss = 4.1124e-02, PNorm = 105.9902, GNorm = 1.0619, lr_0 = 3.2643e-04
Loss = 5.4783e-02, PNorm = 106.0008, GNorm = 0.6039, lr_0 = 3.2610e-04
Loss = 1.5802e-02, PNorm = 106.0147, GNorm = 0.2547, lr_0 = 3.2576e-04
Loss = 5.3263e-02, PNorm = 106.0270, GNorm = 2.0013, lr_0 = 3.2543e-04
Loss = 7.8289e-02, PNorm = 106.0260, GNorm = 1.0591, lr_0 = 3.2509e-04
Loss = 4.0664e-02, PNorm = 106.0271, GNorm = 0.5285, lr_0 = 3.2476e-04
Loss = 6.8858e-02, PNorm = 106.0328, GNorm = 0.4566, lr_0 = 3.2443e-04
Loss = 5.6091e-02, PNorm = 106.0395, GNorm = 0.4168, lr_0 = 3.2409e-04
Loss = 2.2064e-02, PNorm = 106.0491, GNorm = 0.3521, lr_0 = 3.2376e-04
Loss = 2.2567e-02, PNorm = 106.0622, GNorm = 0.2180, lr_0 = 3.2343e-04
Loss = 8.2168e-02, PNorm = 106.0617, GNorm = 1.0798, lr_0 = 3.2310e-04
Loss = 7.3798e-02, PNorm = 106.0592, GNorm = 0.5729, lr_0 = 3.2276e-04
Loss = 4.8490e-02, PNorm = 106.0647, GNorm = 1.1367, lr_0 = 3.2243e-04
Loss = 6.2736e-02, PNorm = 106.0750, GNorm = 0.6391, lr_0 = 3.2210e-04
Loss = 5.4449e-02, PNorm = 106.0814, GNorm = 0.3167, lr_0 = 3.2177e-04
Loss = 2.4487e-02, PNorm = 106.0951, GNorm = 0.2154, lr_0 = 3.2144e-04
Loss = 4.2845e-02, PNorm = 106.1054, GNorm = 1.4548, lr_0 = 3.2111e-04
Loss = 7.4586e-02, PNorm = 106.1014, GNorm = 0.2948, lr_0 = 3.2078e-04
Loss = 6.8013e-02, PNorm = 106.0987, GNorm = 0.8450, lr_0 = 3.2045e-04
Loss = 3.2079e-02, PNorm = 106.1091, GNorm = 0.5146, lr_0 = 3.2012e-04
Loss = 3.1393e-02, PNorm = 106.1237, GNorm = 1.9419, lr_0 = 3.1979e-04
Loss = 7.4877e-02, PNorm = 106.1246, GNorm = 0.2647, lr_0 = 3.1946e-04
Loss = 4.9662e-02, PNorm = 106.1264, GNorm = 0.6055, lr_0 = 3.1913e-04
Loss = 5.3732e-02, PNorm = 106.1314, GNorm = 0.7272, lr_0 = 3.1881e-04
Loss = 6.4626e-02, PNorm = 106.1384, GNorm = 1.0748, lr_0 = 3.1848e-04
Loss = 3.9612e-02, PNorm = 106.1442, GNorm = 0.3662, lr_0 = 3.1815e-04
Loss = 4.4039e-02, PNorm = 106.1512, GNorm = 0.3809, lr_0 = 3.1782e-04
Loss = 6.2367e-02, PNorm = 106.1555, GNorm = 0.3472, lr_0 = 3.1750e-04
Loss = 4.8986e-02, PNorm = 106.1606, GNorm = 0.4517, lr_0 = 3.1717e-04
Loss = 2.8282e-02, PNorm = 106.1697, GNorm = 0.2789, lr_0 = 3.1685e-04
Loss = 8.6861e-02, PNorm = 106.1741, GNorm = 0.3544, lr_0 = 3.1652e-04
Loss = 9.8297e-02, PNorm = 106.1720, GNorm = 0.7320, lr_0 = 3.1620e-04
Validation auc = 0.565900
Epoch 16
Loss = 6.9941e-02, PNorm = 106.1790, GNorm = 0.7799, lr_0 = 3.1587e-04
Loss = 1.9064e-02, PNorm = 106.1974, GNorm = 0.2893, lr_0 = 3.1555e-04
Loss = 2.6937e-02, PNorm = 106.2124, GNorm = 0.1590, lr_0 = 3.1522e-04
Loss = 1.0237e-01, PNorm = 106.2106, GNorm = 1.7182, lr_0 = 3.1490e-04
Loss = 3.0840e-02, PNorm = 106.2089, GNorm = 0.3628, lr_0 = 3.1457e-04
Loss = 5.5014e-02, PNorm = 106.2121, GNorm = 0.3750, lr_0 = 3.1425e-04
Loss = 6.0018e-02, PNorm = 106.2147, GNorm = 0.3846, lr_0 = 3.1393e-04
Loss = 2.4970e-02, PNorm = 106.2223, GNorm = 0.2859, lr_0 = 3.1361e-04
Loss = 4.3501e-02, PNorm = 106.2302, GNorm = 0.2537, lr_0 = 3.1328e-04
Loss = 5.4192e-02, PNorm = 106.2344, GNorm = 0.2890, lr_0 = 3.1296e-04
Loss = 6.0034e-02, PNorm = 106.2374, GNorm = 0.6133, lr_0 = 3.1264e-04
Loss = 4.4821e-02, PNorm = 106.2441, GNorm = 0.3680, lr_0 = 3.1232e-04
Loss = 9.0065e-02, PNorm = 106.2506, GNorm = 0.8603, lr_0 = 3.1200e-04
Loss = 5.0238e-02, PNorm = 106.2569, GNorm = 0.4615, lr_0 = 3.1168e-04
Loss = 6.3044e-02, PNorm = 106.2649, GNorm = 0.4454, lr_0 = 3.1136e-04
Loss = 4.4823e-02, PNorm = 106.2748, GNorm = 0.3658, lr_0 = 3.1104e-04
Loss = 2.6652e-02, PNorm = 106.2882, GNorm = 0.2319, lr_0 = 3.1072e-04
Loss = 9.0718e-02, PNorm = 106.2889, GNorm = 0.2754, lr_0 = 3.1040e-04
Loss = 1.7613e-02, PNorm = 106.2932, GNorm = 0.3765, lr_0 = 3.1008e-04
Loss = 4.0523e-02, PNorm = 106.3037, GNorm = 1.0468, lr_0 = 3.0976e-04
Loss = 5.5844e-02, PNorm = 106.3074, GNorm = 0.2738, lr_0 = 3.0944e-04
Loss = 5.2116e-02, PNorm = 106.3084, GNorm = 0.4270, lr_0 = 3.0912e-04
Loss = 2.8702e-02, PNorm = 106.3194, GNorm = 0.3132, lr_0 = 3.0881e-04
Loss = 6.0581e-02, PNorm = 106.3276, GNorm = 1.5719, lr_0 = 3.0849e-04
Loss = 6.8677e-02, PNorm = 106.3295, GNorm = 1.4277, lr_0 = 3.0817e-04
Loss = 4.6309e-02, PNorm = 106.3348, GNorm = 1.5056, lr_0 = 3.0786e-04
Loss = 5.4607e-02, PNorm = 106.3404, GNorm = 0.5956, lr_0 = 3.0754e-04
Loss = 2.3750e-02, PNorm = 106.3554, GNorm = 0.3269, lr_0 = 3.0722e-04
Loss = 4.2802e-02, PNorm = 106.3665, GNorm = 0.2074, lr_0 = 3.0691e-04
Loss = 3.8391e-02, PNorm = 106.3739, GNorm = 0.7644, lr_0 = 3.0659e-04
Loss = 3.6843e-02, PNorm = 106.3768, GNorm = 0.7600, lr_0 = 3.0628e-04
Loss = 3.6304e-02, PNorm = 106.3795, GNorm = 0.2521, lr_0 = 3.0596e-04
Loss = 7.4620e-02, PNorm = 106.3836, GNorm = 1.9366, lr_0 = 3.0565e-04
Loss = 2.6632e-02, PNorm = 106.3870, GNorm = 0.3952, lr_0 = 3.0534e-04
Loss = 3.3966e-02, PNorm = 106.3973, GNorm = 1.2570, lr_0 = 3.0502e-04
Loss = 3.5839e-02, PNorm = 106.4034, GNorm = 0.2598, lr_0 = 3.0471e-04
Loss = 5.0870e-02, PNorm = 106.4082, GNorm = 0.2394, lr_0 = 3.0439e-04
Loss = 4.9107e-02, PNorm = 106.4140, GNorm = 0.2422, lr_0 = 3.0408e-04
Loss = 1.8411e-02, PNorm = 106.4200, GNorm = 0.2794, lr_0 = 3.0377e-04
Loss = 8.7270e-02, PNorm = 106.4230, GNorm = 1.3269, lr_0 = 3.0346e-04
Loss = 3.4014e-02, PNorm = 106.4296, GNorm = 0.4264, lr_0 = 3.0315e-04
Loss = 9.3214e-03, PNorm = 106.4446, GNorm = 0.2790, lr_0 = 3.0283e-04
Loss = 5.5234e-02, PNorm = 106.4506, GNorm = 0.7636, lr_0 = 3.0252e-04
Loss = 2.4963e-02, PNorm = 106.4526, GNorm = 0.2140, lr_0 = 3.0221e-04
Loss = 7.6280e-02, PNorm = 106.4500, GNorm = 0.7297, lr_0 = 3.0190e-04
Loss = 2.6974e-02, PNorm = 106.4528, GNorm = 0.4653, lr_0 = 3.0159e-04
Loss = 5.6130e-02, PNorm = 106.4583, GNorm = 0.3443, lr_0 = 3.0128e-04
Loss = 6.5941e-02, PNorm = 106.4661, GNorm = 1.7074, lr_0 = 3.0097e-04
Loss = 8.1356e-02, PNorm = 106.4675, GNorm = 0.9772, lr_0 = 3.0066e-04
Loss = 7.0244e-02, PNorm = 106.4721, GNorm = 0.7218, lr_0 = 3.0035e-04
Loss = 5.3416e-02, PNorm = 106.4843, GNorm = 2.1989, lr_0 = 3.0005e-04
Loss = 4.7511e-02, PNorm = 106.4908, GNorm = 0.4096, lr_0 = 2.9974e-04
Loss = 5.2830e-02, PNorm = 106.4951, GNorm = 0.3663, lr_0 = 2.9943e-04
Loss = 4.7829e-02, PNorm = 106.5016, GNorm = 0.3132, lr_0 = 2.9912e-04
Loss = 2.7610e-02, PNorm = 106.5080, GNorm = 0.2321, lr_0 = 2.9881e-04
Loss = 8.2554e-02, PNorm = 106.5106, GNorm = 2.0755, lr_0 = 2.9851e-04
Loss = 1.4825e-02, PNorm = 106.5100, GNorm = 0.3305, lr_0 = 2.9820e-04
Loss = 4.7672e-02, PNorm = 106.5165, GNorm = 1.1116, lr_0 = 2.9789e-04
Loss = 5.7826e-02, PNorm = 106.5228, GNorm = 2.2459, lr_0 = 2.9759e-04
Loss = 9.5641e-02, PNorm = 106.5202, GNorm = 0.7646, lr_0 = 2.9728e-04
Loss = 6.6344e-02, PNorm = 106.5236, GNorm = 0.5470, lr_0 = 2.9698e-04
Loss = 4.8210e-02, PNorm = 106.5375, GNorm = 0.7482, lr_0 = 2.9667e-04
Loss = 7.2040e-02, PNorm = 106.5464, GNorm = 0.3845, lr_0 = 2.9637e-04
Loss = 6.8137e-02, PNorm = 106.5521, GNorm = 1.0025, lr_0 = 2.9606e-04
Loss = 2.1110e-02, PNorm = 106.5625, GNorm = 0.2756, lr_0 = 2.9576e-04
Loss = 4.4915e-02, PNorm = 106.5721, GNorm = 0.8660, lr_0 = 2.9545e-04
Loss = 4.6543e-02, PNorm = 106.5785, GNorm = 0.3126, lr_0 = 2.9515e-04
Loss = 6.8942e-02, PNorm = 106.5815, GNorm = 0.9658, lr_0 = 2.9485e-04
Loss = 6.1769e-02, PNorm = 106.5843, GNorm = 0.5357, lr_0 = 2.9455e-04
Loss = 5.2892e-02, PNorm = 106.5924, GNorm = 0.4579, lr_0 = 2.9424e-04
Loss = 5.7761e-02, PNorm = 106.6030, GNorm = 0.5544, lr_0 = 2.9394e-04
Loss = 7.1773e-02, PNorm = 106.6123, GNorm = 1.6430, lr_0 = 2.9364e-04
Loss = 7.3550e-02, PNorm = 106.6164, GNorm = 0.4779, lr_0 = 2.9334e-04
Loss = 3.9454e-02, PNorm = 106.6307, GNorm = 0.6470, lr_0 = 2.9304e-04
Loss = 5.4245e-02, PNorm = 106.6441, GNorm = 0.3429, lr_0 = 2.9273e-04
Loss = 4.7579e-02, PNorm = 106.6484, GNorm = 0.7656, lr_0 = 2.9243e-04
Loss = 1.0456e-01, PNorm = 106.6441, GNorm = 0.6484, lr_0 = 2.9213e-04
Loss = 5.0174e-02, PNorm = 106.6533, GNorm = 0.6901, lr_0 = 2.9183e-04
Loss = 5.1098e-02, PNorm = 106.6662, GNorm = 0.4500, lr_0 = 2.9153e-04
Loss = 3.0430e-02, PNorm = 106.6809, GNorm = 0.2467, lr_0 = 2.9123e-04
Validation auc = 0.572663
Epoch 17
Loss = 6.4492e-02, PNorm = 106.6887, GNorm = 0.9581, lr_0 = 2.9093e-04
Loss = 6.8664e-02, PNorm = 106.6895, GNorm = 0.3690, lr_0 = 2.9064e-04
Loss = 4.0468e-02, PNorm = 106.7012, GNorm = 0.5613, lr_0 = 2.9034e-04
Loss = 3.5913e-02, PNorm = 106.7199, GNorm = 0.3909, lr_0 = 2.9004e-04
Loss = 2.4683e-02, PNorm = 106.7290, GNorm = 0.2067, lr_0 = 2.8974e-04
Loss = 4.8119e-02, PNorm = 106.7291, GNorm = 0.1964, lr_0 = 2.8944e-04
Loss = 4.3365e-02, PNorm = 106.7299, GNorm = 0.2724, lr_0 = 2.8915e-04
Loss = 6.7148e-02, PNorm = 106.7282, GNorm = 0.4467, lr_0 = 2.8885e-04
Loss = 5.2646e-02, PNorm = 106.7337, GNorm = 0.4307, lr_0 = 2.8855e-04
Loss = 2.8987e-02, PNorm = 106.7430, GNorm = 0.9303, lr_0 = 2.8825e-04
Loss = 6.1981e-02, PNorm = 106.7474, GNorm = 0.3871, lr_0 = 2.8796e-04
Loss = 4.5826e-02, PNorm = 106.7531, GNorm = 0.9441, lr_0 = 2.8766e-04
Loss = 5.1354e-02, PNorm = 106.7589, GNorm = 0.3128, lr_0 = 2.8737e-04
Loss = 5.1676e-02, PNorm = 106.7641, GNorm = 0.3994, lr_0 = 2.8707e-04
Loss = 9.5399e-02, PNorm = 106.7660, GNorm = 0.5985, lr_0 = 2.8678e-04
Loss = 9.3765e-02, PNorm = 106.7695, GNorm = 0.7500, lr_0 = 2.8648e-04
Loss = 1.9458e-02, PNorm = 106.7828, GNorm = 0.5238, lr_0 = 2.8619e-04
Loss = 4.1846e-02, PNorm = 106.7963, GNorm = 1.2045, lr_0 = 2.8589e-04
Loss = 5.4207e-02, PNorm = 106.7976, GNorm = 0.2321, lr_0 = 2.8560e-04
Loss = 5.0790e-02, PNorm = 106.8007, GNorm = 1.0613, lr_0 = 2.8531e-04
Loss = 4.4477e-02, PNorm = 106.8039, GNorm = 1.3325, lr_0 = 2.8501e-04
Loss = 7.3180e-02, PNorm = 106.8061, GNorm = 1.0741, lr_0 = 2.8472e-04
Loss = 4.9216e-02, PNorm = 106.8089, GNorm = 0.6254, lr_0 = 2.8443e-04
Loss = 8.2049e-02, PNorm = 106.8161, GNorm = 0.4143, lr_0 = 2.8414e-04
Loss = 3.7780e-02, PNorm = 106.8248, GNorm = 0.9180, lr_0 = 2.8384e-04
Loss = 2.6597e-02, PNorm = 106.8350, GNorm = 0.2999, lr_0 = 2.8355e-04
Loss = 3.8766e-02, PNorm = 106.8447, GNorm = 0.2027, lr_0 = 2.8326e-04
Loss = 4.1351e-02, PNorm = 106.8478, GNorm = 0.1833, lr_0 = 2.8297e-04
Loss = 5.1817e-02, PNorm = 106.8494, GNorm = 0.3385, lr_0 = 2.8268e-04
Loss = 4.6815e-02, PNorm = 106.8521, GNorm = 0.4220, lr_0 = 2.8239e-04
Loss = 7.1117e-02, PNorm = 106.8570, GNorm = 1.8133, lr_0 = 2.8210e-04
Loss = 2.9699e-02, PNorm = 106.8643, GNorm = 0.4256, lr_0 = 2.8181e-04
Loss = 3.9640e-02, PNorm = 106.8736, GNorm = 0.3344, lr_0 = 2.8152e-04
Loss = 9.6212e-02, PNorm = 106.8762, GNorm = 0.9117, lr_0 = 2.8123e-04
Loss = 5.3937e-02, PNorm = 106.8785, GNorm = 0.4855, lr_0 = 2.8094e-04
Loss = 3.7637e-02, PNorm = 106.8897, GNorm = 0.7607, lr_0 = 2.8065e-04
Loss = 4.2833e-02, PNorm = 106.9004, GNorm = 0.8962, lr_0 = 2.8036e-04
Loss = 6.3341e-03, PNorm = 106.9126, GNorm = 0.1873, lr_0 = 2.8008e-04
Loss = 9.6549e-02, PNorm = 106.9145, GNorm = 0.8265, lr_0 = 2.7979e-04
Loss = 5.0046e-02, PNorm = 106.9120, GNorm = 0.9760, lr_0 = 2.7950e-04
Loss = 6.1851e-02, PNorm = 106.9131, GNorm = 1.4575, lr_0 = 2.7921e-04
Loss = 6.0891e-02, PNorm = 106.9202, GNorm = 0.5356, lr_0 = 2.7893e-04
Loss = 6.0808e-02, PNorm = 106.9327, GNorm = 0.3730, lr_0 = 2.7864e-04
Loss = 3.7952e-02, PNorm = 106.9431, GNorm = 1.2124, lr_0 = 2.7835e-04
Loss = 6.5406e-02, PNorm = 106.9501, GNorm = 0.4008, lr_0 = 2.7807e-04
Loss = 8.1464e-02, PNorm = 106.9597, GNorm = 2.2856, lr_0 = 2.7778e-04
Loss = 2.3307e-02, PNorm = 106.9728, GNorm = 0.4481, lr_0 = 2.7750e-04
Loss = 5.6374e-02, PNorm = 106.9897, GNorm = 0.8112, lr_0 = 2.7721e-04
Loss = 2.4801e-02, PNorm = 107.0019, GNorm = 0.2638, lr_0 = 2.7693e-04
Loss = 8.5822e-02, PNorm = 106.9882, GNorm = 0.4144, lr_0 = 2.7664e-04
Loss = 2.3579e-02, PNorm = 106.9922, GNorm = 0.4130, lr_0 = 2.7636e-04
Loss = 6.0332e-02, PNorm = 106.9964, GNorm = 0.2918, lr_0 = 2.7607e-04
Loss = 2.6650e-02, PNorm = 107.0023, GNorm = 0.2370, lr_0 = 2.7579e-04
Loss = 1.8518e-02, PNorm = 107.0089, GNorm = 0.2142, lr_0 = 2.7551e-04
Loss = 4.6028e-02, PNorm = 107.0126, GNorm = 1.2325, lr_0 = 2.7522e-04
Loss = 5.9760e-02, PNorm = 107.0120, GNorm = 0.2707, lr_0 = 2.7494e-04
Loss = 4.4827e-02, PNorm = 107.0125, GNorm = 1.1512, lr_0 = 2.7466e-04
Loss = 5.0551e-02, PNorm = 107.0142, GNorm = 0.4405, lr_0 = 2.7438e-04
Loss = 5.3644e-02, PNorm = 107.0217, GNorm = 1.1102, lr_0 = 2.7410e-04
Loss = 4.8735e-02, PNorm = 107.0274, GNorm = 0.8456, lr_0 = 2.7381e-04
Loss = 5.2560e-02, PNorm = 107.0319, GNorm = 0.3399, lr_0 = 2.7353e-04
Loss = 7.4669e-02, PNorm = 107.0353, GNorm = 0.4932, lr_0 = 2.7325e-04
Loss = 8.0009e-02, PNorm = 107.0366, GNorm = 0.6283, lr_0 = 2.7297e-04
Loss = 8.6653e-02, PNorm = 107.0436, GNorm = 2.1810, lr_0 = 2.7269e-04
Loss = 1.4926e-02, PNorm = 107.0533, GNorm = 0.5029, lr_0 = 2.7241e-04
Loss = 2.7021e-02, PNorm = 107.0654, GNorm = 0.3044, lr_0 = 2.7213e-04
Loss = 2.9758e-02, PNorm = 107.0745, GNorm = 0.1461, lr_0 = 2.7185e-04
Loss = 1.0051e-01, PNorm = 107.0670, GNorm = 0.3060, lr_0 = 2.7157e-04
Loss = 5.7652e-02, PNorm = 107.0657, GNorm = 0.7435, lr_0 = 2.7129e-04
Loss = 5.0863e-02, PNorm = 107.0708, GNorm = 0.5312, lr_0 = 2.7101e-04
Loss = 5.5283e-02, PNorm = 107.0809, GNorm = 0.3667, lr_0 = 2.7074e-04
Loss = 5.5156e-02, PNorm = 107.0902, GNorm = 2.4814, lr_0 = 2.7046e-04
Loss = 6.4346e-02, PNorm = 107.0846, GNorm = 0.4326, lr_0 = 2.7018e-04
Loss = 4.9755e-02, PNorm = 107.0866, GNorm = 0.5556, lr_0 = 2.6990e-04
Loss = 5.0572e-02, PNorm = 107.0967, GNorm = 1.4493, lr_0 = 2.6962e-04
Loss = 3.3785e-02, PNorm = 107.1049, GNorm = 0.7212, lr_0 = 2.6935e-04
Loss = 2.6622e-02, PNorm = 107.1114, GNorm = 0.2560, lr_0 = 2.6907e-04
Loss = 4.2306e-02, PNorm = 107.1172, GNorm = 0.2010, lr_0 = 2.6879e-04
Loss = 7.4755e-02, PNorm = 107.1174, GNorm = 0.3077, lr_0 = 2.6852e-04
Loss = 3.3544e-02, PNorm = 107.1211, GNorm = 0.3607, lr_0 = 2.6824e-04
Validation auc = 0.557674
Epoch 18
Loss = 7.5443e-02, PNorm = 107.1252, GNorm = 0.9361, lr_0 = 2.6797e-04
Loss = 5.9136e-02, PNorm = 107.1279, GNorm = 0.6116, lr_0 = 2.6769e-04
Loss = 4.2781e-02, PNorm = 107.1342, GNorm = 0.4457, lr_0 = 2.6742e-04
Loss = 2.7959e-02, PNorm = 107.1428, GNorm = 0.2894, lr_0 = 2.6714e-04
Loss = 2.4760e-02, PNorm = 107.1525, GNorm = 0.2278, lr_0 = 2.6687e-04
Loss = 4.5393e-02, PNorm = 107.1548, GNorm = 0.9960, lr_0 = 2.6659e-04
Loss = 5.2148e-02, PNorm = 107.1546, GNorm = 0.7571, lr_0 = 2.6632e-04
Loss = 5.2201e-02, PNorm = 107.1549, GNorm = 1.2903, lr_0 = 2.6605e-04
Loss = 6.5278e-02, PNorm = 107.1556, GNorm = 0.4447, lr_0 = 2.6577e-04
Loss = 4.2624e-02, PNorm = 107.1586, GNorm = 0.5030, lr_0 = 2.6550e-04
Loss = 6.8861e-02, PNorm = 107.1659, GNorm = 1.7744, lr_0 = 2.6523e-04
Loss = 5.2812e-02, PNorm = 107.1687, GNorm = 0.5510, lr_0 = 2.6495e-04
Loss = 6.2320e-02, PNorm = 107.1722, GNorm = 0.3846, lr_0 = 2.6468e-04
Loss = 6.4832e-02, PNorm = 107.1754, GNorm = 0.4972, lr_0 = 2.6441e-04
Loss = 3.7246e-02, PNorm = 107.1857, GNorm = 0.3509, lr_0 = 2.6414e-04
Loss = 4.8260e-02, PNorm = 107.1943, GNorm = 0.2830, lr_0 = 2.6387e-04
Loss = 4.0564e-02, PNorm = 107.2014, GNorm = 0.2478, lr_0 = 2.6360e-04
Loss = 2.9698e-02, PNorm = 107.2093, GNorm = 0.5589, lr_0 = 2.6332e-04
Loss = 4.4302e-02, PNorm = 107.2130, GNorm = 1.1208, lr_0 = 2.6305e-04
Loss = 2.4556e-02, PNorm = 107.2148, GNorm = 0.2661, lr_0 = 2.6278e-04
Loss = 4.6375e-02, PNorm = 107.2193, GNorm = 0.2552, lr_0 = 2.6251e-04
Loss = 5.1349e-02, PNorm = 107.2211, GNorm = 0.3364, lr_0 = 2.6224e-04
Loss = 2.8687e-02, PNorm = 107.2256, GNorm = 0.3289, lr_0 = 2.6197e-04
Loss = 4.4364e-02, PNorm = 107.2320, GNorm = 0.2362, lr_0 = 2.6171e-04
Loss = 5.8642e-02, PNorm = 107.2343, GNorm = 0.3358, lr_0 = 2.6144e-04
Loss = 5.2531e-02, PNorm = 107.2386, GNorm = 0.3759, lr_0 = 2.6117e-04
Loss = 3.3495e-02, PNorm = 107.2441, GNorm = 0.3795, lr_0 = 2.6090e-04
Loss = 4.9084e-02, PNorm = 107.2517, GNorm = 0.2754, lr_0 = 2.6063e-04
Loss = 4.8869e-02, PNorm = 107.2563, GNorm = 0.2811, lr_0 = 2.6036e-04
Loss = 7.9779e-03, PNorm = 107.2661, GNorm = 0.2893, lr_0 = 2.6010e-04
Loss = 5.3454e-02, PNorm = 107.2750, GNorm = 0.7907, lr_0 = 2.5983e-04
Loss = 7.8225e-02, PNorm = 107.2754, GNorm = 0.3547, lr_0 = 2.5956e-04
Loss = 4.2162e-02, PNorm = 107.2787, GNorm = 0.3349, lr_0 = 2.5930e-04
Loss = 5.5017e-02, PNorm = 107.2852, GNorm = 0.6356, lr_0 = 2.5903e-04
Loss = 7.4919e-02, PNorm = 107.2881, GNorm = 1.2217, lr_0 = 2.5876e-04
Loss = 6.5688e-02, PNorm = 107.2902, GNorm = 0.8287, lr_0 = 2.5850e-04
Loss = 1.2264e-01, PNorm = 107.2882, GNorm = 0.7604, lr_0 = 2.5823e-04
Loss = 6.1407e-02, PNorm = 107.2960, GNorm = 1.4039, lr_0 = 2.5797e-04
Loss = 6.8449e-02, PNorm = 107.3102, GNorm = 0.5513, lr_0 = 2.5770e-04
Loss = 6.9558e-02, PNorm = 107.3259, GNorm = 2.1377, lr_0 = 2.5744e-04
Loss = 2.7118e-02, PNorm = 107.3336, GNorm = 0.6701, lr_0 = 2.5717e-04
Loss = 2.8782e-02, PNorm = 107.3426, GNorm = 0.2646, lr_0 = 2.5691e-04
Loss = 1.9463e-02, PNorm = 107.3500, GNorm = 0.2125, lr_0 = 2.5664e-04
Loss = 3.7270e-02, PNorm = 107.3532, GNorm = 1.3969, lr_0 = 2.5638e-04
Loss = 4.9455e-02, PNorm = 107.3531, GNorm = 0.8758, lr_0 = 2.5612e-04
Loss = 3.8231e-02, PNorm = 107.3522, GNorm = 0.2944, lr_0 = 2.5585e-04
Loss = 4.9126e-02, PNorm = 107.3549, GNorm = 0.2889, lr_0 = 2.5559e-04
Loss = 2.8836e-02, PNorm = 107.3600, GNorm = 0.3012, lr_0 = 2.5533e-04
Loss = 6.0380e-02, PNorm = 107.3590, GNorm = 0.3564, lr_0 = 2.5507e-04
Loss = 6.5364e-02, PNorm = 107.3617, GNorm = 1.4934, lr_0 = 2.5480e-04
Loss = 7.3307e-02, PNorm = 107.3620, GNorm = 0.6149, lr_0 = 2.5454e-04
Loss = 4.0074e-02, PNorm = 107.3664, GNorm = 0.5169, lr_0 = 2.5428e-04
Loss = 1.0697e-02, PNorm = 107.3806, GNorm = 0.2826, lr_0 = 2.5402e-04
Loss = 1.6659e-02, PNorm = 107.3943, GNorm = 0.1629, lr_0 = 2.5376e-04
Loss = 7.7580e-02, PNorm = 107.3855, GNorm = 1.6882, lr_0 = 2.5350e-04
Loss = 5.0220e-02, PNorm = 107.3822, GNorm = 0.2479, lr_0 = 2.5324e-04
Loss = 3.9397e-02, PNorm = 107.3836, GNorm = 0.4261, lr_0 = 2.5298e-04
Loss = 3.8379e-02, PNorm = 107.3905, GNorm = 0.3457, lr_0 = 2.5272e-04
Loss = 3.4820e-02, PNorm = 107.3965, GNorm = 0.2902, lr_0 = 2.5246e-04
Loss = 2.8234e-02, PNorm = 107.4055, GNorm = 0.9620, lr_0 = 2.5220e-04
Loss = 9.2446e-02, PNorm = 107.4046, GNorm = 1.2079, lr_0 = 2.5194e-04
Loss = 6.7921e-02, PNorm = 107.4021, GNorm = 0.4795, lr_0 = 2.5168e-04
Loss = 8.8992e-02, PNorm = 107.4033, GNorm = 0.5246, lr_0 = 2.5142e-04
Loss = 4.6117e-02, PNorm = 107.4135, GNorm = 0.5945, lr_0 = 2.5116e-04
Loss = 3.1367e-02, PNorm = 107.4252, GNorm = 0.2748, lr_0 = 2.5090e-04
Loss = 5.2360e-02, PNorm = 107.4328, GNorm = 0.2209, lr_0 = 2.5065e-04
Loss = 1.4235e-02, PNorm = 107.4393, GNorm = 0.1866, lr_0 = 2.5039e-04
Loss = 8.8036e-02, PNorm = 107.4388, GNorm = 0.6323, lr_0 = 2.5013e-04
Loss = 5.3587e-02, PNorm = 107.4383, GNorm = 0.4220, lr_0 = 2.4988e-04
Loss = 6.7849e-02, PNorm = 107.4416, GNorm = 0.6156, lr_0 = 2.4962e-04
Loss = 5.0664e-02, PNorm = 107.4475, GNorm = 0.4683, lr_0 = 2.4936e-04
Loss = 5.1569e-02, PNorm = 107.4579, GNorm = 0.4087, lr_0 = 2.4911e-04
Loss = 5.2890e-02, PNorm = 107.4642, GNorm = 0.3906, lr_0 = 2.4885e-04
Loss = 4.4929e-02, PNorm = 107.4719, GNorm = 0.8820, lr_0 = 2.4859e-04
Loss = 6.9046e-02, PNorm = 107.4748, GNorm = 0.4009, lr_0 = 2.4834e-04
Loss = 2.7378e-02, PNorm = 107.4819, GNorm = 0.3094, lr_0 = 2.4808e-04
Loss = 6.1518e-02, PNorm = 107.4838, GNorm = 0.4242, lr_0 = 2.4783e-04
Loss = 3.0250e-02, PNorm = 107.4931, GNorm = 0.3182, lr_0 = 2.4757e-04
Loss = 6.9202e-02, PNorm = 107.4991, GNorm = 0.6968, lr_0 = 2.4732e-04
Loss = 1.0627e-01, PNorm = 107.5006, GNorm = 2.1671, lr_0 = 2.4707e-04
Validation auc = 0.569539
Epoch 19
Loss = 5.4694e-02, PNorm = 107.4983, GNorm = 0.6813, lr_0 = 2.4681e-04
Loss = 8.2144e-02, PNorm = 107.5066, GNorm = 1.7787, lr_0 = 2.4656e-04
Loss = 5.0347e-02, PNorm = 107.5143, GNorm = 0.5341, lr_0 = 2.4630e-04
Loss = 6.7139e-02, PNorm = 107.5212, GNorm = 0.4760, lr_0 = 2.4605e-04
Loss = 5.2984e-02, PNorm = 107.5252, GNorm = 0.4357, lr_0 = 2.4580e-04
Loss = 6.8188e-02, PNorm = 107.5306, GNorm = 2.2321, lr_0 = 2.4555e-04
Loss = 2.6456e-02, PNorm = 107.5356, GNorm = 0.6714, lr_0 = 2.4529e-04
Loss = 1.1329e-01, PNorm = 107.5374, GNorm = 1.5558, lr_0 = 2.4504e-04
Loss = 5.5930e-02, PNorm = 107.5392, GNorm = 0.8524, lr_0 = 2.4479e-04
Loss = 2.1998e-02, PNorm = 107.5509, GNorm = 0.4100, lr_0 = 2.4454e-04
Loss = 5.1349e-02, PNorm = 107.5627, GNorm = 0.3269, lr_0 = 2.4429e-04
Loss = 1.1493e-01, PNorm = 107.5626, GNorm = 1.1856, lr_0 = 2.4404e-04
Loss = 5.3579e-02, PNorm = 107.5658, GNorm = 0.6218, lr_0 = 2.4379e-04
Loss = 4.9494e-02, PNorm = 107.5789, GNorm = 0.9670, lr_0 = 2.4354e-04
Loss = 2.6786e-02, PNorm = 107.5924, GNorm = 0.2712, lr_0 = 2.4329e-04
Loss = 4.2616e-02, PNorm = 107.6013, GNorm = 0.2893, lr_0 = 2.4304e-04
Loss = 3.4703e-02, PNorm = 107.6086, GNorm = 0.3098, lr_0 = 2.4279e-04
Loss = 5.8747e-02, PNorm = 107.6152, GNorm = 0.2823, lr_0 = 2.4254e-04
Loss = 5.6726e-02, PNorm = 107.6214, GNorm = 0.4114, lr_0 = 2.4229e-04
Loss = 2.7273e-02, PNorm = 107.6343, GNorm = 0.2742, lr_0 = 2.4204e-04
Loss = 4.6868e-02, PNorm = 107.6468, GNorm = 0.2596, lr_0 = 2.4179e-04
Loss = 4.3643e-02, PNorm = 107.6588, GNorm = 0.7617, lr_0 = 2.4154e-04
Loss = 7.1891e-02, PNorm = 107.6673, GNorm = 1.8003, lr_0 = 2.4129e-04
Loss = 2.7002e-02, PNorm = 107.6761, GNorm = 0.4235, lr_0 = 2.4105e-04
Loss = 6.1757e-02, PNorm = 107.6952, GNorm = 0.2926, lr_0 = 2.4080e-04
Loss = 2.6844e-01, PNorm = 107.6941, GNorm = 1.5449, lr_0 = 2.4055e-04
Loss = 1.5640e-01, PNorm = 107.7229, GNorm = 0.6054, lr_0 = 2.4030e-04
Loss = 4.8835e-02, PNorm = 107.7561, GNorm = 0.2636, lr_0 = 2.4006e-04
Loss = 2.8778e-02, PNorm = 107.7737, GNorm = 0.2023, lr_0 = 2.3981e-04
Loss = 2.8203e-02, PNorm = 107.7826, GNorm = 0.1701, lr_0 = 2.3956e-04
Loss = 2.9240e-03, PNorm = 107.7916, GNorm = 0.0858, lr_0 = 2.3932e-04
Loss = 4.8083e-02, PNorm = 107.7954, GNorm = 1.1963, lr_0 = 2.3907e-04
Loss = 3.7057e-02, PNorm = 107.7950, GNorm = 0.1558, lr_0 = 2.3883e-04
Loss = 6.7514e-02, PNorm = 107.7940, GNorm = 0.2584, lr_0 = 2.3858e-04
Loss = 5.3614e-02, PNorm = 107.7950, GNorm = 0.6883, lr_0 = 2.3833e-04
Loss = 2.9657e-02, PNorm = 107.8014, GNorm = 0.4540, lr_0 = 2.3809e-04
Loss = 5.9673e-02, PNorm = 107.8075, GNorm = 0.9906, lr_0 = 2.3785e-04
Loss = 5.3686e-02, PNorm = 107.8109, GNorm = 1.0042, lr_0 = 2.3760e-04
Loss = 4.9340e-02, PNorm = 107.8127, GNorm = 0.3590, lr_0 = 2.3736e-04
Loss = 4.2063e-02, PNorm = 107.8169, GNorm = 0.3819, lr_0 = 2.3711e-04
Loss = 2.4116e-02, PNorm = 107.8253, GNorm = 0.2837, lr_0 = 2.3687e-04
Loss = 7.6387e-02, PNorm = 107.8290, GNorm = 0.2374, lr_0 = 2.3663e-04
Loss = 3.1050e-02, PNorm = 107.8289, GNorm = 0.3838, lr_0 = 2.3638e-04
Loss = 4.6558e-02, PNorm = 107.8321, GNorm = 0.9528, lr_0 = 2.3614e-04
Loss = 3.0072e-02, PNorm = 107.8358, GNorm = 0.3201, lr_0 = 2.3590e-04
Loss = 8.5883e-02, PNorm = 107.8348, GNorm = 0.6415, lr_0 = 2.3566e-04
Loss = 5.5233e-02, PNorm = 107.8387, GNorm = 0.4467, lr_0 = 2.3541e-04
Loss = 4.3376e-02, PNorm = 107.8436, GNorm = 0.5065, lr_0 = 2.3517e-04
Loss = 2.8662e-02, PNorm = 107.8516, GNorm = 0.3455, lr_0 = 2.3493e-04
Loss = 4.9926e-02, PNorm = 107.8574, GNorm = 0.2999, lr_0 = 2.3469e-04
Loss = 3.2961e-02, PNorm = 107.8619, GNorm = 0.2757, lr_0 = 2.3445e-04
Loss = 3.6721e-02, PNorm = 107.8682, GNorm = 0.2609, lr_0 = 2.3421e-04
Loss = 5.2488e-03, PNorm = 107.8765, GNorm = 0.1445, lr_0 = 2.3397e-04
Loss = 5.9931e-02, PNorm = 107.8804, GNorm = 0.1816, lr_0 = 2.3373e-04
Loss = 4.3730e-02, PNorm = 107.8802, GNorm = 0.2179, lr_0 = 2.3348e-04
Loss = 5.5606e-02, PNorm = 107.8794, GNorm = 0.5787, lr_0 = 2.3325e-04
Loss = 8.4538e-02, PNorm = 107.8806, GNorm = 2.4484, lr_0 = 2.3301e-04
Loss = 4.6498e-02, PNorm = 107.8825, GNorm = 0.7770, lr_0 = 2.3277e-04
Loss = 3.9114e-02, PNorm = 107.8885, GNorm = 0.5114, lr_0 = 2.3253e-04
Loss = 8.7583e-02, PNorm = 107.8938, GNorm = 0.4659, lr_0 = 2.3229e-04
Loss = 4.6599e-02, PNorm = 107.8999, GNorm = 0.4774, lr_0 = 2.3205e-04
Loss = 7.1544e-02, PNorm = 107.9050, GNorm = 0.5397, lr_0 = 2.3181e-04
Loss = 4.2986e-02, PNorm = 107.9139, GNorm = 0.6030, lr_0 = 2.3157e-04
Loss = 9.4560e-02, PNorm = 107.9161, GNorm = 1.2261, lr_0 = 2.3133e-04
Loss = 9.3144e-02, PNorm = 107.9180, GNorm = 0.6113, lr_0 = 2.3110e-04
Loss = 5.6940e-02, PNorm = 107.9234, GNorm = 0.6134, lr_0 = 2.3086e-04
Loss = 3.5437e-02, PNorm = 107.9327, GNorm = 0.4966, lr_0 = 2.3062e-04
Loss = 4.6717e-02, PNorm = 107.9403, GNorm = 0.3603, lr_0 = 2.3039e-04
Loss = 3.6638e-02, PNorm = 107.9473, GNorm = 0.2614, lr_0 = 2.3015e-04
Loss = 4.1912e-02, PNorm = 107.9506, GNorm = 0.2645, lr_0 = 2.2991e-04
Loss = 4.8448e-02, PNorm = 107.9545, GNorm = 0.5200, lr_0 = 2.2968e-04
Loss = 9.3399e-02, PNorm = 107.9508, GNorm = 0.4237, lr_0 = 2.2944e-04
Loss = 4.6967e-02, PNorm = 107.9530, GNorm = 0.5719, lr_0 = 2.2920e-04
Loss = 4.1000e-02, PNorm = 107.9626, GNorm = 0.4765, lr_0 = 2.2897e-04
Loss = 4.7913e-02, PNorm = 107.9711, GNorm = 0.2819, lr_0 = 2.2873e-04
Loss = 4.8390e-02, PNorm = 107.9738, GNorm = 0.3192, lr_0 = 2.2850e-04
Loss = 4.6085e-02, PNorm = 107.9798, GNorm = 0.8626, lr_0 = 2.2826e-04
Loss = 3.2384e-02, PNorm = 107.9823, GNorm = 0.3564, lr_0 = 2.2803e-04
Loss = 6.4590e-02, PNorm = 107.9869, GNorm = 0.6582, lr_0 = 2.2780e-04
Loss = 3.4385e-02, PNorm = 107.9896, GNorm = 0.3153, lr_0 = 2.2756e-04
Validation auc = 0.565805
Epoch 20
Loss = 3.8016e-02, PNorm = 107.9930, GNorm = 0.3430, lr_0 = 2.2733e-04
Loss = 4.8690e-02, PNorm = 107.9973, GNorm = 0.3035, lr_0 = 2.2709e-04
Loss = 2.3312e-02, PNorm = 108.0012, GNorm = 0.3713, lr_0 = 2.2686e-04
Loss = 3.5059e-02, PNorm = 108.0086, GNorm = 0.1987, lr_0 = 2.2663e-04
Loss = 5.8691e-02, PNorm = 108.0084, GNorm = 1.3137, lr_0 = 2.2639e-04
Loss = 6.0437e-02, PNorm = 108.0063, GNorm = 0.3767, lr_0 = 2.2616e-04
Loss = 4.6282e-02, PNorm = 108.0067, GNorm = 0.5509, lr_0 = 2.2593e-04
Loss = 3.7042e-02, PNorm = 108.0134, GNorm = 0.6183, lr_0 = 2.2570e-04
Loss = 4.5531e-02, PNorm = 108.0198, GNorm = 0.3267, lr_0 = 2.2547e-04
Loss = 4.0105e-02, PNorm = 108.0238, GNorm = 0.2749, lr_0 = 2.2523e-04
Loss = 3.5190e-02, PNorm = 108.0286, GNorm = 0.2653, lr_0 = 2.2500e-04
Loss = 3.1630e-02, PNorm = 108.0338, GNorm = 0.2673, lr_0 = 2.2477e-04
Loss = 7.1842e-02, PNorm = 108.0351, GNorm = 0.2819, lr_0 = 2.2454e-04
Loss = 4.5036e-02, PNorm = 108.0349, GNorm = 0.3383, lr_0 = 2.2431e-04
Loss = 6.2252e-02, PNorm = 108.0365, GNorm = 0.5921, lr_0 = 2.2408e-04
Loss = 2.1174e-02, PNorm = 108.0425, GNorm = 0.3548, lr_0 = 2.2385e-04
Loss = 1.4564e-01, PNorm = 108.0414, GNorm = 0.4308, lr_0 = 2.2362e-04
Loss = 7.6928e-02, PNorm = 108.0393, GNorm = 0.4922, lr_0 = 2.2339e-04
Loss = 6.2427e-02, PNorm = 108.0478, GNorm = 0.5945, lr_0 = 2.2316e-04
Loss = 4.1200e-02, PNorm = 108.0577, GNorm = 0.4417, lr_0 = 2.2293e-04
Loss = 6.1893e-02, PNorm = 108.0636, GNorm = 0.3851, lr_0 = 2.2270e-04
Loss = 2.9130e-02, PNorm = 108.0716, GNorm = 0.3266, lr_0 = 2.2247e-04
Loss = 1.7228e-02, PNorm = 108.0808, GNorm = 0.8834, lr_0 = 2.2224e-04
Loss = 3.5594e-02, PNorm = 108.0854, GNorm = 0.1797, lr_0 = 2.2202e-04
Loss = 2.6784e-02, PNorm = 108.0900, GNorm = 0.9893, lr_0 = 2.2179e-04
Loss = 5.1686e-02, PNorm = 108.0890, GNorm = 0.2293, lr_0 = 2.2156e-04
Loss = 2.4637e-02, PNorm = 108.0934, GNorm = 0.2637, lr_0 = 2.2133e-04
Loss = 8.5699e-02, PNorm = 108.0928, GNorm = 0.5714, lr_0 = 2.2110e-04
Loss = 7.0692e-02, PNorm = 108.0958, GNorm = 1.4630, lr_0 = 2.2088e-04
Loss = 7.2635e-02, PNorm = 108.1025, GNorm = 0.8288, lr_0 = 2.2065e-04
Loss = 1.2857e-02, PNorm = 108.1136, GNorm = 0.4307, lr_0 = 2.2042e-04
Loss = 6.0769e-02, PNorm = 108.1204, GNorm = 0.6462, lr_0 = 2.2020e-04
Loss = 4.7931e-02, PNorm = 108.1247, GNorm = 0.3003, lr_0 = 2.1997e-04
Loss = 7.0663e-02, PNorm = 108.1277, GNorm = 1.0080, lr_0 = 2.1975e-04
Loss = 8.3891e-02, PNorm = 108.1281, GNorm = 0.5608, lr_0 = 2.1952e-04
Loss = 3.7840e-02, PNorm = 108.1358, GNorm = 0.5150, lr_0 = 2.1929e-04
Loss = 2.9352e-02, PNorm = 108.1476, GNorm = 0.3131, lr_0 = 2.1907e-04
Loss = 4.6865e-02, PNorm = 108.1552, GNorm = 0.2168, lr_0 = 2.1884e-04
Loss = 7.4572e-02, PNorm = 108.1565, GNorm = 0.9288, lr_0 = 2.1862e-04
Loss = 2.6679e-02, PNorm = 108.1611, GNorm = 0.2959, lr_0 = 2.1839e-04
Loss = 6.4405e-02, PNorm = 108.1628, GNorm = 0.3918, lr_0 = 2.1817e-04
Loss = 4.7916e-02, PNorm = 108.1682, GNorm = 0.5602, lr_0 = 2.1795e-04
Loss = 4.7803e-02, PNorm = 108.1751, GNorm = 0.5475, lr_0 = 2.1772e-04
Loss = 6.1393e-02, PNorm = 108.1775, GNorm = 0.3478, lr_0 = 2.1750e-04
Loss = 6.2148e-02, PNorm = 108.1824, GNorm = 1.4006, lr_0 = 2.1727e-04
Loss = 4.2635e-02, PNorm = 108.1874, GNorm = 1.8905, lr_0 = 2.1705e-04
Loss = 7.2075e-02, PNorm = 108.1876, GNorm = 0.4067, lr_0 = 2.1683e-04
Loss = 3.0872e-02, PNorm = 108.1927, GNorm = 0.4078, lr_0 = 2.1661e-04
Loss = 3.9479e-02, PNorm = 108.1977, GNorm = 0.3441, lr_0 = 2.1638e-04
Loss = 5.7890e-02, PNorm = 108.1999, GNorm = 0.9047, lr_0 = 2.1616e-04
Loss = 1.8195e-02, PNorm = 108.2026, GNorm = 0.2635, lr_0 = 2.1594e-04
Loss = 7.7332e-02, PNorm = 108.2040, GNorm = 0.9372, lr_0 = 2.1572e-04
Loss = 5.8389e-02, PNorm = 108.2055, GNorm = 0.6894, lr_0 = 2.1550e-04
Loss = 4.9318e-02, PNorm = 108.2071, GNorm = 0.4676, lr_0 = 2.1527e-04
Loss = 6.9764e-02, PNorm = 108.2097, GNorm = 0.4489, lr_0 = 2.1505e-04
Loss = 7.8920e-02, PNorm = 108.2107, GNorm = 0.4727, lr_0 = 2.1483e-04
Loss = 4.2499e-02, PNorm = 108.2175, GNorm = 0.5380, lr_0 = 2.1461e-04
Loss = 5.4474e-02, PNorm = 108.2269, GNorm = 0.7881, lr_0 = 2.1439e-04
Loss = 4.6107e-02, PNorm = 108.2320, GNorm = 0.8227, lr_0 = 2.1417e-04
Loss = 5.7095e-02, PNorm = 108.2356, GNorm = 0.7416, lr_0 = 2.1395e-04
Loss = 5.8199e-02, PNorm = 108.2366, GNorm = 0.4184, lr_0 = 2.1373e-04
Loss = 4.4247e-02, PNorm = 108.2416, GNorm = 1.2776, lr_0 = 2.1351e-04
Loss = 1.4787e-02, PNorm = 108.2474, GNorm = 0.5428, lr_0 = 2.1329e-04
Loss = 6.3698e-02, PNorm = 108.2507, GNorm = 0.7910, lr_0 = 2.1307e-04
Loss = 4.9102e-02, PNorm = 108.2487, GNorm = 0.3486, lr_0 = 2.1285e-04
Loss = 4.0876e-02, PNorm = 108.2510, GNorm = 0.3619, lr_0 = 2.1263e-04
Loss = 4.3263e-02, PNorm = 108.2542, GNorm = 0.3431, lr_0 = 2.1242e-04
Loss = 3.3875e-02, PNorm = 108.2603, GNorm = 0.2705, lr_0 = 2.1220e-04
Loss = 7.9139e-02, PNorm = 108.2600, GNorm = 0.8147, lr_0 = 2.1198e-04
Loss = 7.1849e-02, PNorm = 108.2586, GNorm = 0.5282, lr_0 = 2.1176e-04
Loss = 4.6493e-02, PNorm = 108.2616, GNorm = 0.4051, lr_0 = 2.1154e-04
Loss = 5.0285e-02, PNorm = 108.2663, GNorm = 0.3788, lr_0 = 2.1133e-04
Loss = 3.5143e-02, PNorm = 108.2724, GNorm = 0.3872, lr_0 = 2.1111e-04
Loss = 4.6197e-02, PNorm = 108.2776, GNorm = 0.2740, lr_0 = 2.1089e-04
Loss = 5.7823e-02, PNorm = 108.2813, GNorm = 0.2763, lr_0 = 2.1068e-04
Loss = 5.8845e-02, PNorm = 108.2839, GNorm = 0.6836, lr_0 = 2.1046e-04
Loss = 6.1171e-02, PNorm = 108.2855, GNorm = 0.4149, lr_0 = 2.1024e-04
Loss = 4.2221e-02, PNorm = 108.2894, GNorm = 0.3816, lr_0 = 2.1003e-04
Loss = 3.4614e-02, PNorm = 108.2962, GNorm = 0.3768, lr_0 = 2.0981e-04
Loss = 6.8313e-03, PNorm = 108.3053, GNorm = 0.2539, lr_0 = 2.0960e-04
Validation auc = 0.570153
Epoch 21
Loss = 8.7390e-02, PNorm = 108.3053, GNorm = 0.8754, lr_0 = 2.0938e-04
Loss = 4.2649e-02, PNorm = 108.3026, GNorm = 0.3066, lr_0 = 2.0917e-04
Loss = 5.9244e-02, PNorm = 108.3006, GNorm = 0.3900, lr_0 = 2.0895e-04
Loss = 7.4710e-02, PNorm = 108.3018, GNorm = 0.9018, lr_0 = 2.0874e-04
Loss = 3.0488e-02, PNorm = 108.3072, GNorm = 0.4897, lr_0 = 2.0852e-04
Loss = 8.4714e-02, PNorm = 108.3106, GNorm = 0.4143, lr_0 = 2.0831e-04
Loss = 6.6001e-02, PNorm = 108.3138, GNorm = 0.4020, lr_0 = 2.0809e-04
Loss = 4.4819e-02, PNorm = 108.3177, GNorm = 0.5021, lr_0 = 2.0788e-04
Loss = 5.2582e-02, PNorm = 108.3258, GNorm = 0.4231, lr_0 = 2.0767e-04
Loss = 3.1074e-02, PNorm = 108.3326, GNorm = 0.4027, lr_0 = 2.0745e-04
Loss = 2.5536e-02, PNorm = 108.3396, GNorm = 0.2867, lr_0 = 2.0724e-04
Loss = 4.0538e-02, PNorm = 108.3451, GNorm = 0.2106, lr_0 = 2.0703e-04
Loss = 5.1094e-02, PNorm = 108.3458, GNorm = 1.6286, lr_0 = 2.0681e-04
Loss = 6.4443e-02, PNorm = 108.3436, GNorm = 0.2873, lr_0 = 2.0660e-04
Loss = 3.6482e-02, PNorm = 108.3441, GNorm = 0.3732, lr_0 = 2.0639e-04
Loss = 2.8869e-02, PNorm = 108.3500, GNorm = 0.7680, lr_0 = 2.0618e-04
Loss = 6.8095e-02, PNorm = 108.3509, GNorm = 0.2378, lr_0 = 2.0597e-04
Loss = 4.4523e-02, PNorm = 108.3517, GNorm = 0.3526, lr_0 = 2.0575e-04
Loss = 6.2707e-02, PNorm = 108.3545, GNorm = 1.5726, lr_0 = 2.0554e-04
Loss = 4.1218e-02, PNorm = 108.3571, GNorm = 0.4349, lr_0 = 2.0533e-04
Loss = 3.8894e-02, PNorm = 108.3635, GNorm = 0.2958, lr_0 = 2.0512e-04
Loss = 4.8866e-02, PNorm = 108.3684, GNorm = 0.2817, lr_0 = 2.0491e-04
Loss = 1.8549e-02, PNorm = 108.3752, GNorm = 0.3032, lr_0 = 2.0470e-04
Loss = 8.3452e-02, PNorm = 108.3740, GNorm = 0.3153, lr_0 = 2.0449e-04
Loss = 6.9110e-02, PNorm = 108.3711, GNorm = 0.5074, lr_0 = 2.0428e-04
Loss = 2.9357e-02, PNorm = 108.3765, GNorm = 0.4004, lr_0 = 2.0407e-04
Loss = 3.3733e-02, PNorm = 108.3832, GNorm = 0.3856, lr_0 = 2.0386e-04
Loss = 3.5179e-02, PNorm = 108.3897, GNorm = 1.7198, lr_0 = 2.0365e-04
Loss = 3.5198e-02, PNorm = 108.3918, GNorm = 0.2752, lr_0 = 2.0344e-04
Loss = 4.1566e-02, PNorm = 108.3958, GNorm = 0.8839, lr_0 = 2.0323e-04
Loss = 4.5629e-02, PNorm = 108.3971, GNorm = 1.7588, lr_0 = 2.0302e-04
Loss = 3.6876e-02, PNorm = 108.3973, GNorm = 0.2891, lr_0 = 2.0281e-04
Loss = 4.1740e-02, PNorm = 108.4012, GNorm = 0.6699, lr_0 = 2.0261e-04
Loss = 9.9616e-02, PNorm = 108.3991, GNorm = 1.5291, lr_0 = 2.0240e-04
Loss = 2.1689e-02, PNorm = 108.4012, GNorm = 0.4588, lr_0 = 2.0219e-04
Loss = 3.8850e-02, PNorm = 108.4085, GNorm = 0.8197, lr_0 = 2.0198e-04
Loss = 6.5091e-02, PNorm = 108.4113, GNorm = 0.3308, lr_0 = 2.0177e-04
Loss = 3.4336e-02, PNorm = 108.4151, GNorm = 0.2969, lr_0 = 2.0157e-04
Loss = 5.8476e-02, PNorm = 108.4180, GNorm = 0.3343, lr_0 = 2.0136e-04
Loss = 5.5679e-02, PNorm = 108.4206, GNorm = 0.3760, lr_0 = 2.0115e-04
Loss = 6.2867e-02, PNorm = 108.4216, GNorm = 0.4099, lr_0 = 2.0095e-04
Loss = 5.5700e-02, PNorm = 108.4244, GNorm = 0.4367, lr_0 = 2.0074e-04
Loss = 4.4782e-02, PNorm = 108.4283, GNorm = 0.5779, lr_0 = 2.0053e-04
Loss = 3.8081e-02, PNorm = 108.4336, GNorm = 0.3735, lr_0 = 2.0033e-04
Loss = 2.8880e-02, PNorm = 108.4408, GNorm = 0.3139, lr_0 = 2.0012e-04
Loss = 5.0047e-02, PNorm = 108.4465, GNorm = 1.2807, lr_0 = 1.9992e-04
Loss = 5.0119e-02, PNorm = 108.4470, GNorm = 0.9555, lr_0 = 1.9971e-04
Loss = 7.6868e-03, PNorm = 108.4517, GNorm = 0.2718, lr_0 = 1.9951e-04
Loss = 6.0084e-02, PNorm = 108.4555, GNorm = 0.2675, lr_0 = 1.9930e-04
Loss = 5.6706e-02, PNorm = 108.4585, GNorm = 0.3061, lr_0 = 1.9910e-04
Loss = 2.7246e-02, PNorm = 108.4660, GNorm = 0.2722, lr_0 = 1.9889e-04
Loss = 7.9475e-02, PNorm = 108.4726, GNorm = 0.3278, lr_0 = 1.9869e-04
Loss = 6.6229e-02, PNorm = 108.4790, GNorm = 0.4747, lr_0 = 1.9848e-04
Loss = 8.9036e-02, PNorm = 108.4861, GNorm = 0.5176, lr_0 = 1.9828e-04
Loss = 2.9916e-02, PNorm = 108.5049, GNorm = 0.4753, lr_0 = 1.9808e-04
Loss = 4.9842e-02, PNorm = 108.5266, GNorm = 0.0218, lr_0 = 1.9787e-04
Loss = 4.6502e-02, PNorm = 108.5210, GNorm = 0.5236, lr_0 = 1.9767e-04
Loss = 4.6669e-02, PNorm = 108.5234, GNorm = 0.4899, lr_0 = 1.9747e-04
Loss = 4.0913e-02, PNorm = 108.5299, GNorm = 0.4755, lr_0 = 1.9726e-04
Loss = 4.1612e-02, PNorm = 108.5370, GNorm = 0.8931, lr_0 = 1.9706e-04
Loss = 5.3251e-02, PNorm = 108.5405, GNorm = 0.3695, lr_0 = 1.9686e-04
Loss = 4.1916e-02, PNorm = 108.5468, GNorm = 0.2955, lr_0 = 1.9666e-04
Loss = 9.1883e-02, PNorm = 108.5487, GNorm = 7.1011, lr_0 = 1.9645e-04
Loss = 5.7382e-02, PNorm = 108.5384, GNorm = 0.6096, lr_0 = 1.9625e-04
Loss = 1.8222e-02, PNorm = 108.5416, GNorm = 0.4598, lr_0 = 1.9605e-04
Loss = 6.0588e-02, PNorm = 108.5469, GNorm = 0.2886, lr_0 = 1.9585e-04
Loss = 5.6364e-02, PNorm = 108.5492, GNorm = 1.5355, lr_0 = 1.9565e-04
Loss = 6.6697e-02, PNorm = 108.5494, GNorm = 0.3837, lr_0 = 1.9545e-04
Loss = 6.0680e-02, PNorm = 108.5519, GNorm = 0.4555, lr_0 = 1.9525e-04
Loss = 8.7509e-02, PNorm = 108.5530, GNorm = 0.4963, lr_0 = 1.9504e-04
Loss = 4.2688e-02, PNorm = 108.5566, GNorm = 0.5761, lr_0 = 1.9484e-04
Loss = 4.9420e-02, PNorm = 108.5612, GNorm = 0.6416, lr_0 = 1.9464e-04
Loss = 5.5209e-02, PNorm = 108.5651, GNorm = 0.9928, lr_0 = 1.9444e-04
Loss = 5.4314e-02, PNorm = 108.5682, GNorm = 0.3348, lr_0 = 1.9424e-04
Loss = 5.6904e-02, PNorm = 108.5709, GNorm = 0.4446, lr_0 = 1.9404e-04
Loss = 7.8497e-02, PNorm = 108.5723, GNorm = 1.3764, lr_0 = 1.9385e-04
Loss = 6.3776e-02, PNorm = 108.5724, GNorm = 0.5441, lr_0 = 1.9365e-04
Loss = 3.8722e-02, PNorm = 108.5753, GNorm = 0.9408, lr_0 = 1.9345e-04
Loss = 5.0841e-02, PNorm = 108.5795, GNorm = 0.4003, lr_0 = 1.9325e-04
Loss = 2.5698e-02, PNorm = 108.5844, GNorm = 0.3922, lr_0 = 1.9305e-04
Validation auc = 0.564760
Epoch 22
Loss = 4.0238e-02, PNorm = 108.5904, GNorm = 1.0052, lr_0 = 1.9285e-04
Loss = 7.1430e-02, PNorm = 108.5901, GNorm = 0.3554, lr_0 = 1.9265e-04
Loss = 5.3718e-02, PNorm = 108.5926, GNorm = 0.9581, lr_0 = 1.9246e-04
Loss = 3.9543e-02, PNorm = 108.5955, GNorm = 0.3900, lr_0 = 1.9226e-04
Loss = 3.2235e-02, PNorm = 108.6003, GNorm = 0.4626, lr_0 = 1.9206e-04
Loss = 2.7756e-02, PNorm = 108.6040, GNorm = 0.2592, lr_0 = 1.9186e-04
Loss = 1.1101e-01, PNorm = 108.6031, GNorm = 1.1491, lr_0 = 1.9167e-04
Loss = 4.4783e-02, PNorm = 108.6020, GNorm = 0.4589, lr_0 = 1.9147e-04
Loss = 5.1828e-02, PNorm = 108.6046, GNorm = 0.4597, lr_0 = 1.9127e-04
Loss = 4.7161e-02, PNorm = 108.6087, GNorm = 0.4222, lr_0 = 1.9108e-04
Loss = 4.1255e-02, PNorm = 108.6127, GNorm = 0.3729, lr_0 = 1.9088e-04
Loss = 4.6147e-02, PNorm = 108.6168, GNorm = 0.3529, lr_0 = 1.9068e-04
Loss = 5.8477e-02, PNorm = 108.6196, GNorm = 2.2915, lr_0 = 1.9049e-04
Loss = 1.7055e-02, PNorm = 108.6221, GNorm = 0.3080, lr_0 = 1.9029e-04
Loss = 1.5435e-02, PNorm = 108.6272, GNorm = 0.2329, lr_0 = 1.9010e-04
Loss = 4.5153e-03, PNorm = 108.6333, GNorm = 0.1540, lr_0 = 1.8990e-04
Loss = 1.3219e-02, PNorm = 108.6387, GNorm = 0.1157, lr_0 = 1.8971e-04
Loss = 8.8499e-02, PNorm = 108.6353, GNorm = 0.9872, lr_0 = 1.8951e-04
Loss = 3.1223e-02, PNorm = 108.6312, GNorm = 0.2802, lr_0 = 1.8932e-04
Loss = 4.6809e-02, PNorm = 108.6310, GNorm = 1.1297, lr_0 = 1.8912e-04
Loss = 1.6527e-02, PNorm = 108.6338, GNorm = 0.2364, lr_0 = 1.8893e-04
Loss = 6.4398e-02, PNorm = 108.6353, GNorm = 0.3447, lr_0 = 1.8873e-04
Loss = 6.2552e-02, PNorm = 108.6361, GNorm = 0.3607, lr_0 = 1.8854e-04
Loss = 4.7352e-02, PNorm = 108.6384, GNorm = 1.0519, lr_0 = 1.8835e-04
Loss = 2.8266e-02, PNorm = 108.6431, GNorm = 0.3010, lr_0 = 1.8815e-04
Loss = 5.5944e-02, PNorm = 108.6458, GNorm = 0.3695, lr_0 = 1.8796e-04
Loss = 5.0202e-02, PNorm = 108.6490, GNorm = 1.9947, lr_0 = 1.8777e-04
Loss = 5.3718e-02, PNorm = 108.6498, GNorm = 0.3544, lr_0 = 1.8757e-04
Loss = 7.5610e-02, PNorm = 108.6498, GNorm = 1.2972, lr_0 = 1.8738e-04
Loss = 3.6269e-02, PNorm = 108.6530, GNorm = 0.3848, lr_0 = 1.8719e-04
Loss = 4.8567e-02, PNorm = 108.6587, GNorm = 1.4770, lr_0 = 1.8700e-04
Loss = 5.7546e-02, PNorm = 108.6612, GNorm = 0.4290, lr_0 = 1.8680e-04
Loss = 3.8188e-02, PNorm = 108.6651, GNorm = 0.8480, lr_0 = 1.8661e-04
Loss = 3.7134e-02, PNorm = 108.6691, GNorm = 0.2992, lr_0 = 1.8642e-04
Loss = 1.9558e-02, PNorm = 108.6750, GNorm = 0.2656, lr_0 = 1.8623e-04
Loss = 3.5410e-02, PNorm = 108.6781, GNorm = 0.2002, lr_0 = 1.8604e-04
Loss = 5.1053e-02, PNorm = 108.6807, GNorm = 0.9361, lr_0 = 1.8585e-04
Loss = 4.5637e-02, PNorm = 108.6817, GNorm = 0.9718, lr_0 = 1.8565e-04
Loss = 4.7214e-02, PNorm = 108.6833, GNorm = 0.3944, lr_0 = 1.8546e-04
Loss = 5.3966e-02, PNorm = 108.6860, GNorm = 0.7609, lr_0 = 1.8527e-04
Loss = 5.1826e-02, PNorm = 108.6886, GNorm = 0.3873, lr_0 = 1.8508e-04
Loss = 4.5585e-02, PNorm = 108.6919, GNorm = 0.3794, lr_0 = 1.8489e-04
Loss = 4.5521e-02, PNorm = 108.6960, GNorm = 0.3747, lr_0 = 1.8470e-04
Loss = 1.9128e-02, PNorm = 108.7031, GNorm = 0.2724, lr_0 = 1.8451e-04
Loss = 4.6358e-02, PNorm = 108.7072, GNorm = 0.2634, lr_0 = 1.8432e-04
Loss = 6.3531e-02, PNorm = 108.7076, GNorm = 0.3480, lr_0 = 1.8413e-04
Loss = 5.8885e-02, PNorm = 108.7088, GNorm = 1.0006, lr_0 = 1.8394e-04
Loss = 4.9954e-02, PNorm = 108.7117, GNorm = 1.5279, lr_0 = 1.8376e-04
Loss = 1.0028e-01, PNorm = 108.7124, GNorm = 0.6782, lr_0 = 1.8357e-04
Loss = 4.4859e-02, PNorm = 108.7189, GNorm = 0.6086, lr_0 = 1.8338e-04
Loss = 6.0107e-02, PNorm = 108.7276, GNorm = 0.6002, lr_0 = 1.8319e-04
Loss = 6.3140e-02, PNorm = 108.7348, GNorm = 0.6373, lr_0 = 1.8300e-04
Loss = 5.6846e-02, PNorm = 108.7420, GNorm = 0.5721, lr_0 = 1.8281e-04
Loss = 1.0164e-01, PNorm = 108.7425, GNorm = 0.8371, lr_0 = 1.8263e-04
Loss = 5.7495e-02, PNorm = 108.7401, GNorm = 0.6326, lr_0 = 1.8244e-04
Loss = 7.0129e-02, PNorm = 108.7447, GNorm = 0.8080, lr_0 = 1.8225e-04
Loss = 4.2563e-02, PNorm = 108.7526, GNorm = 0.4383, lr_0 = 1.8206e-04
Loss = 5.0116e-02, PNorm = 108.7585, GNorm = 0.4399, lr_0 = 1.8188e-04
Loss = 6.1828e-02, PNorm = 108.7634, GNorm = 1.1053, lr_0 = 1.8169e-04
Loss = 8.9863e-02, PNorm = 108.7626, GNorm = 0.4600, lr_0 = 1.8150e-04
Loss = 8.6053e-02, PNorm = 108.7639, GNorm = 1.5131, lr_0 = 1.8132e-04
Loss = 3.3825e-02, PNorm = 108.7698, GNorm = 0.5537, lr_0 = 1.8113e-04
Loss = 6.1005e-02, PNorm = 108.7765, GNorm = 0.7235, lr_0 = 1.8094e-04
Loss = 5.3563e-02, PNorm = 108.7811, GNorm = 1.1036, lr_0 = 1.8076e-04
Loss = 5.4773e-02, PNorm = 108.7837, GNorm = 0.5660, lr_0 = 1.8057e-04
Loss = 4.6195e-02, PNorm = 108.7873, GNorm = 1.4342, lr_0 = 1.8039e-04
Loss = 4.3176e-02, PNorm = 108.7895, GNorm = 0.3613, lr_0 = 1.8020e-04
Loss = 3.8708e-02, PNorm = 108.7936, GNorm = 0.2873, lr_0 = 1.8002e-04
Loss = 2.7559e-02, PNorm = 108.7988, GNorm = 0.2599, lr_0 = 1.7983e-04
Loss = 5.5722e-02, PNorm = 108.8014, GNorm = 0.2294, lr_0 = 1.7965e-04
Loss = 7.4142e-02, PNorm = 108.7979, GNorm = 0.3869, lr_0 = 1.7946e-04
Loss = 6.2366e-02, PNorm = 108.7979, GNorm = 0.8968, lr_0 = 1.7928e-04
Loss = 4.4855e-02, PNorm = 108.8007, GNorm = 0.4802, lr_0 = 1.7909e-04
Loss = 4.7340e-02, PNorm = 108.8053, GNorm = 0.4162, lr_0 = 1.7891e-04
Loss = 4.9435e-02, PNorm = 108.8090, GNorm = 0.3334, lr_0 = 1.7873e-04
Loss = 5.1472e-02, PNorm = 108.8116, GNorm = 0.3693, lr_0 = 1.7854e-04
Loss = 5.1477e-02, PNorm = 108.8169, GNorm = 0.7601, lr_0 = 1.7836e-04
Loss = 6.6869e-02, PNorm = 108.8170, GNorm = 0.8497, lr_0 = 1.7818e-04
Loss = 3.9569e-02, PNorm = 108.8185, GNorm = 0.4453, lr_0 = 1.7799e-04
Loss = 4.6081e-02, PNorm = 108.8231, GNorm = 2.1967, lr_0 = 1.7781e-04
Validation auc = 0.565866
Epoch 23
Loss = 3.1699e-02, PNorm = 108.8253, GNorm = 0.4902, lr_0 = 1.7763e-04
Loss = 3.3301e-02, PNorm = 108.8288, GNorm = 0.2489, lr_0 = 1.7744e-04
Loss = 3.8323e-02, PNorm = 108.8320, GNorm = 0.2561, lr_0 = 1.7726e-04
Loss = 4.3511e-02, PNorm = 108.8343, GNorm = 0.8145, lr_0 = 1.7708e-04
Loss = 4.5309e-02, PNorm = 108.8366, GNorm = 0.2485, lr_0 = 1.7690e-04
Loss = 5.6874e-02, PNorm = 108.8358, GNorm = 0.3444, lr_0 = 1.7672e-04
Loss = 6.2185e-02, PNorm = 108.8356, GNorm = 0.4858, lr_0 = 1.7653e-04
Loss = 6.1297e-02, PNorm = 108.8366, GNorm = 0.4807, lr_0 = 1.7635e-04
Loss = 2.3029e-02, PNorm = 108.8408, GNorm = 0.4147, lr_0 = 1.7617e-04
Loss = 5.9699e-02, PNorm = 108.8464, GNorm = 1.8824, lr_0 = 1.7599e-04
Loss = 6.7236e-02, PNorm = 108.8440, GNorm = 0.3882, lr_0 = 1.7581e-04
Loss = 2.6644e-02, PNorm = 108.8465, GNorm = 0.4330, lr_0 = 1.7563e-04
Loss = 4.9023e-02, PNorm = 108.8506, GNorm = 0.7349, lr_0 = 1.7545e-04
Loss = 9.8634e-02, PNorm = 108.8492, GNorm = 0.4863, lr_0 = 1.7527e-04
Loss = 4.7448e-02, PNorm = 108.8510, GNorm = 1.1938, lr_0 = 1.7509e-04
Loss = 7.2792e-02, PNorm = 108.8523, GNorm = 0.5513, lr_0 = 1.7491e-04
Loss = 4.5698e-02, PNorm = 108.8573, GNorm = 0.4970, lr_0 = 1.7473e-04
Loss = 4.1273e-02, PNorm = 108.8641, GNorm = 0.3998, lr_0 = 1.7455e-04
Loss = 6.6921e-02, PNorm = 108.8689, GNorm = 1.1539, lr_0 = 1.7437e-04
Loss = 8.4018e-02, PNorm = 108.8701, GNorm = 0.5881, lr_0 = 1.7419e-04
Loss = 3.5216e-02, PNorm = 108.8721, GNorm = 0.4446, lr_0 = 1.7401e-04
Loss = 4.5914e-02, PNorm = 108.8766, GNorm = 0.9081, lr_0 = 1.7383e-04
Loss = 2.5086e-02, PNorm = 108.8825, GNorm = 0.2980, lr_0 = 1.7366e-04
Loss = 9.8339e-02, PNorm = 108.8857, GNorm = 1.0704, lr_0 = 1.7348e-04
Loss = 3.6587e-02, PNorm = 108.8863, GNorm = 0.4597, lr_0 = 1.7330e-04
Loss = 6.1147e-02, PNorm = 108.8908, GNorm = 0.4779, lr_0 = 1.7312e-04
Loss = 4.2672e-02, PNorm = 108.8945, GNorm = 0.4505, lr_0 = 1.7294e-04
Loss = 3.0010e-02, PNorm = 108.9005, GNorm = 0.3335, lr_0 = 1.7276e-04
Loss = 4.3181e-02, PNorm = 108.9049, GNorm = 0.5408, lr_0 = 1.7259e-04
Loss = 6.0142e-02, PNorm = 108.9068, GNorm = 5.1732, lr_0 = 1.7241e-04
Loss = 3.7818e-02, PNorm = 108.9006, GNorm = 0.3680, lr_0 = 1.7223e-04
Loss = 3.8401e-02, PNorm = 108.9018, GNorm = 0.3149, lr_0 = 1.7206e-04
Loss = 5.0292e-02, PNorm = 108.9040, GNorm = 0.8517, lr_0 = 1.7188e-04
Loss = 5.3321e-02, PNorm = 108.9061, GNorm = 0.6788, lr_0 = 1.7170e-04
Loss = 5.6138e-02, PNorm = 108.9078, GNorm = 0.8936, lr_0 = 1.7153e-04
Loss = 5.6169e-02, PNorm = 108.9088, GNorm = 0.7347, lr_0 = 1.7135e-04
Loss = 9.5790e-02, PNorm = 108.9075, GNorm = 0.7423, lr_0 = 1.7117e-04
Loss = 4.9843e-02, PNorm = 108.9115, GNorm = 0.6789, lr_0 = 1.7100e-04
Loss = 4.1714e-02, PNorm = 108.9171, GNorm = 0.9466, lr_0 = 1.7082e-04
Loss = 6.6673e-02, PNorm = 108.9216, GNorm = 1.8586, lr_0 = 1.7065e-04
Loss = 6.8859e-02, PNorm = 108.9221, GNorm = 0.4636, lr_0 = 1.7047e-04
Loss = 5.3806e-02, PNorm = 108.9237, GNorm = 0.4724, lr_0 = 1.7030e-04
Loss = 3.6036e-02, PNorm = 108.9276, GNorm = 0.4500, lr_0 = 1.7012e-04
Loss = 3.3926e-02, PNorm = 108.9343, GNorm = 1.3826, lr_0 = 1.6995e-04
Loss = 1.4843e-02, PNorm = 108.9400, GNorm = 0.2025, lr_0 = 1.6977e-04
Loss = 3.2475e-02, PNorm = 108.9435, GNorm = 0.1838, lr_0 = 1.6960e-04
Loss = 1.5027e-02, PNorm = 108.9465, GNorm = 0.1856, lr_0 = 1.6942e-04
Loss = 2.5702e-02, PNorm = 108.9491, GNorm = 0.1600, lr_0 = 1.6925e-04
Loss = 5.9921e-02, PNorm = 108.9480, GNorm = 0.1770, lr_0 = 1.6908e-04
Loss = 6.8534e-02, PNorm = 108.9458, GNorm = 0.4496, lr_0 = 1.6890e-04
Loss = 4.8747e-02, PNorm = 108.9440, GNorm = 0.4229, lr_0 = 1.6873e-04
Loss = 2.7766e-02, PNorm = 108.9466, GNorm = 0.6865, lr_0 = 1.6855e-04
Loss = 6.2041e-02, PNorm = 108.9494, GNorm = 1.3049, lr_0 = 1.6838e-04
Loss = 5.3272e-02, PNorm = 108.9519, GNorm = 0.3295, lr_0 = 1.6821e-04
Loss = 6.6287e-02, PNorm = 108.9536, GNorm = 0.4405, lr_0 = 1.6804e-04
Loss = 2.0109e-02, PNorm = 108.9580, GNorm = 0.8757, lr_0 = 1.6786e-04
Loss = 4.8225e-02, PNorm = 108.9619, GNorm = 0.3835, lr_0 = 1.6769e-04
Loss = 4.6640e-02, PNorm = 108.9652, GNorm = 0.2911, lr_0 = 1.6752e-04
Loss = 5.4224e-02, PNorm = 108.9662, GNorm = 0.3138, lr_0 = 1.6735e-04
Loss = 4.2244e-02, PNorm = 108.9671, GNorm = 0.3357, lr_0 = 1.6717e-04
Loss = 7.4430e-02, PNorm = 108.9688, GNorm = 0.6417, lr_0 = 1.6700e-04
Loss = 2.7940e-02, PNorm = 108.9718, GNorm = 0.3903, lr_0 = 1.6683e-04
Loss = 7.6341e-02, PNorm = 108.9746, GNorm = 0.3856, lr_0 = 1.6666e-04
Loss = 6.7555e-02, PNorm = 108.9769, GNorm = 0.6878, lr_0 = 1.6649e-04
Loss = 4.2110e-02, PNorm = 108.9798, GNorm = 0.3946, lr_0 = 1.6632e-04
Loss = 7.3267e-02, PNorm = 108.9826, GNorm = 0.3549, lr_0 = 1.6615e-04
Loss = 5.3315e-02, PNorm = 108.9857, GNorm = 0.7304, lr_0 = 1.6598e-04
Loss = 3.2285e-02, PNorm = 108.9904, GNorm = 0.4048, lr_0 = 1.6581e-04
Loss = 6.5899e-02, PNorm = 108.9935, GNorm = 0.7801, lr_0 = 1.6563e-04
Loss = 2.8629e-02, PNorm = 108.9968, GNorm = 0.5995, lr_0 = 1.6546e-04
Loss = 4.7683e-02, PNorm = 109.0000, GNorm = 0.3083, lr_0 = 1.6529e-04
Loss = 5.2211e-02, PNorm = 109.0026, GNorm = 0.8665, lr_0 = 1.6512e-04
Loss = 3.6642e-02, PNorm = 109.0049, GNorm = 0.3453, lr_0 = 1.6496e-04
Loss = 4.3016e-02, PNorm = 109.0092, GNorm = 1.3744, lr_0 = 1.6479e-04
Loss = 6.4061e-02, PNorm = 109.0103, GNorm = 0.3623, lr_0 = 1.6462e-04
Loss = 6.0163e-02, PNorm = 109.0106, GNorm = 0.5037, lr_0 = 1.6445e-04
Loss = 3.8084e-02, PNorm = 109.0150, GNorm = 0.3973, lr_0 = 1.6428e-04
Loss = 4.3571e-02, PNorm = 109.0197, GNorm = 0.3651, lr_0 = 1.6411e-04
Loss = 7.1566e-02, PNorm = 109.0206, GNorm = 0.3750, lr_0 = 1.6394e-04
Loss = 4.3640e-02, PNorm = 109.0236, GNorm = 0.3342, lr_0 = 1.6377e-04
Validation auc = 0.567277
Epoch 24
Loss = 4.9354e-02, PNorm = 109.0229, GNorm = 0.3024, lr_0 = 1.6360e-04
Loss = 3.2209e-02, PNorm = 109.0261, GNorm = 0.6243, lr_0 = 1.6344e-04
Loss = 4.9899e-02, PNorm = 109.0279, GNorm = 0.3275, lr_0 = 1.6327e-04
Loss = 5.2917e-02, PNorm = 109.0299, GNorm = 0.3534, lr_0 = 1.6310e-04
Loss = 5.2458e-02, PNorm = 109.0314, GNorm = 0.7799, lr_0 = 1.6293e-04
Loss = 7.8403e-02, PNorm = 109.0318, GNorm = 0.4284, lr_0 = 1.6277e-04
Loss = 6.7437e-02, PNorm = 109.0318, GNorm = 0.5856, lr_0 = 1.6260e-04
Loss = 5.4977e-02, PNorm = 109.0356, GNorm = 0.5104, lr_0 = 1.6243e-04
Loss = 5.3352e-02, PNorm = 109.0392, GNorm = 0.6894, lr_0 = 1.6226e-04
Loss = 2.9347e-02, PNorm = 109.0447, GNorm = 0.3182, lr_0 = 1.6210e-04
Loss = 4.8843e-02, PNorm = 109.0477, GNorm = 0.2595, lr_0 = 1.6193e-04
Loss = 5.8551e-02, PNorm = 109.0485, GNorm = 0.3526, lr_0 = 1.6176e-04
Loss = 3.0956e-02, PNorm = 109.0513, GNorm = 0.3642, lr_0 = 1.6160e-04
Loss = 4.1155e-02, PNorm = 109.0546, GNorm = 0.6242, lr_0 = 1.6143e-04
Loss = 3.4151e-02, PNorm = 109.0594, GNorm = 0.2954, lr_0 = 1.6127e-04
Loss = 3.5779e-02, PNorm = 109.0629, GNorm = 0.2575, lr_0 = 1.6110e-04
Loss = 4.0850e-02, PNorm = 109.0657, GNorm = 0.2673, lr_0 = 1.6094e-04
Loss = 4.1352e-02, PNorm = 109.0683, GNorm = 1.1240, lr_0 = 1.6077e-04
Loss = 4.4415e-02, PNorm = 109.0701, GNorm = 0.2933, lr_0 = 1.6060e-04
Loss = 5.0109e-02, PNorm = 109.0708, GNorm = 1.5404, lr_0 = 1.6044e-04
Loss = 6.5140e-02, PNorm = 109.0674, GNorm = 0.3702, lr_0 = 1.6028e-04
Loss = 2.9485e-02, PNorm = 109.0712, GNorm = 0.3409, lr_0 = 1.6011e-04
Loss = 1.1610e-01, PNorm = 109.0712, GNorm = 0.5009, lr_0 = 1.5995e-04
Loss = 1.3014e-02, PNorm = 109.0753, GNorm = 0.4874, lr_0 = 1.5978e-04
Loss = 3.9161e-02, PNorm = 109.0813, GNorm = 0.3589, lr_0 = 1.5962e-04
Loss = 3.4753e-02, PNorm = 109.0859, GNorm = 0.3748, lr_0 = 1.5945e-04
Loss = 6.6330e-02, PNorm = 109.0869, GNorm = 0.4589, lr_0 = 1.5929e-04
Loss = 3.4177e-02, PNorm = 109.0895, GNorm = 0.2820, lr_0 = 1.5913e-04
Loss = 6.8118e-02, PNorm = 109.0910, GNorm = 0.3126, lr_0 = 1.5896e-04
Loss = 5.3711e-02, PNorm = 109.0910, GNorm = 0.8078, lr_0 = 1.5880e-04
Loss = 6.2821e-02, PNorm = 109.0912, GNorm = 1.6318, lr_0 = 1.5864e-04
Loss = 4.3293e-02, PNorm = 109.0944, GNorm = 0.4362, lr_0 = 1.5847e-04
Loss = 5.4876e-02, PNorm = 109.0986, GNorm = 0.7477, lr_0 = 1.5831e-04
Loss = 3.9819e-02, PNorm = 109.1036, GNorm = 0.7809, lr_0 = 1.5815e-04
Loss = 3.7644e-02, PNorm = 109.1059, GNorm = 0.3401, lr_0 = 1.5799e-04
Loss = 3.7005e-02, PNorm = 109.1078, GNorm = 0.2911, lr_0 = 1.5782e-04
Loss = 5.3495e-02, PNorm = 109.1098, GNorm = 0.3105, lr_0 = 1.5766e-04
Loss = 6.1064e-02, PNorm = 109.1112, GNorm = 0.3172, lr_0 = 1.5750e-04
Loss = 6.0393e-02, PNorm = 109.1136, GNorm = 1.1031, lr_0 = 1.5734e-04
Loss = 5.0589e-02, PNorm = 109.1167, GNorm = 0.4104, lr_0 = 1.5718e-04
Loss = 6.1123e-02, PNorm = 109.1202, GNorm = 0.6739, lr_0 = 1.5701e-04
Loss = 5.4946e-02, PNorm = 109.1229, GNorm = 0.3899, lr_0 = 1.5685e-04
Loss = 4.6362e-02, PNorm = 109.1263, GNorm = 0.8608, lr_0 = 1.5669e-04
Loss = 3.2895e-02, PNorm = 109.1307, GNorm = 0.3222, lr_0 = 1.5653e-04
Loss = 2.4913e-02, PNorm = 109.1368, GNorm = 0.2380, lr_0 = 1.5637e-04
Loss = 3.7246e-02, PNorm = 109.1410, GNorm = 0.2645, lr_0 = 1.5621e-04
Loss = 2.7217e-02, PNorm = 109.1439, GNorm = 0.2339, lr_0 = 1.5605e-04
Loss = 3.3151e-02, PNorm = 109.1471, GNorm = 0.2255, lr_0 = 1.5589e-04
Loss = 4.5748e-02, PNorm = 109.1491, GNorm = 0.2260, lr_0 = 1.5573e-04
Loss = 8.3492e-02, PNorm = 109.1471, GNorm = 0.3024, lr_0 = 1.5557e-04
Loss = 6.9983e-02, PNorm = 109.1462, GNorm = 0.4247, lr_0 = 1.5541e-04
Loss = 4.8659e-02, PNorm = 109.1471, GNorm = 0.4381, lr_0 = 1.5525e-04
Loss = 4.1643e-02, PNorm = 109.1525, GNorm = 0.6309, lr_0 = 1.5509e-04
Loss = 8.8686e-02, PNorm = 109.1544, GNorm = 0.5016, lr_0 = 1.5493e-04
Loss = 7.1460e-02, PNorm = 109.1568, GNorm = 0.4785, lr_0 = 1.5477e-04
Loss = 4.9084e-02, PNorm = 109.1612, GNorm = 0.5115, lr_0 = 1.5461e-04
Loss = 3.1323e-02, PNorm = 109.1678, GNorm = 0.3879, lr_0 = 1.5445e-04
Loss = 7.5452e-02, PNorm = 109.1719, GNorm = 0.2986, lr_0 = 1.5429e-04
Loss = 5.9955e-02, PNorm = 109.1710, GNorm = 0.7409, lr_0 = 1.5414e-04
Loss = 2.1206e-02, PNorm = 109.1731, GNorm = 1.0822, lr_0 = 1.5398e-04
Loss = 5.0888e-02, PNorm = 109.1756, GNorm = 0.8761, lr_0 = 1.5382e-04
Loss = 2.5937e-02, PNorm = 109.1804, GNorm = 0.3260, lr_0 = 1.5366e-04
Loss = 6.1619e-02, PNorm = 109.1825, GNorm = 0.2872, lr_0 = 1.5350e-04
Loss = 4.6143e-02, PNorm = 109.1848, GNorm = 0.5277, lr_0 = 1.5335e-04
Loss = 2.9003e-02, PNorm = 109.1898, GNorm = 0.3019, lr_0 = 1.5319e-04
Loss = 5.6606e-02, PNorm = 109.1910, GNorm = 0.3585, lr_0 = 1.5303e-04
Loss = 5.3074e-02, PNorm = 109.1913, GNorm = 0.3946, lr_0 = 1.5287e-04
Loss = 2.6796e-02, PNorm = 109.1944, GNorm = 0.7690, lr_0 = 1.5272e-04
Loss = 1.5809e-02, PNorm = 109.1994, GNorm = 0.2721, lr_0 = 1.5256e-04
Loss = 6.9596e-02, PNorm = 109.2004, GNorm = 0.9442, lr_0 = 1.5240e-04
Loss = 6.1609e-02, PNorm = 109.1994, GNorm = 0.3638, lr_0 = 1.5225e-04
Loss = 4.8520e-02, PNorm = 109.2001, GNorm = 0.7031, lr_0 = 1.5209e-04
Loss = 4.0733e-02, PNorm = 109.2021, GNorm = 0.3801, lr_0 = 1.5193e-04
Loss = 7.1052e-02, PNorm = 109.2056, GNorm = 0.8340, lr_0 = 1.5178e-04
Loss = 8.2046e-02, PNorm = 109.2058, GNorm = 0.4941, lr_0 = 1.5162e-04
Loss = 3.9719e-02, PNorm = 109.2093, GNorm = 0.5353, lr_0 = 1.5147e-04
Loss = 6.6218e-02, PNorm = 109.2148, GNorm = 0.4511, lr_0 = 1.5131e-04
Loss = 9.3516e-02, PNorm = 109.2165, GNorm = 2.4364, lr_0 = 1.5115e-04
Loss = 1.9690e-02, PNorm = 109.2214, GNorm = 0.4274, lr_0 = 1.5100e-04
Loss = 3.7586e-02, PNorm = 109.2286, GNorm = 0.7415, lr_0 = 1.5084e-04
Validation auc = 0.571915
Epoch 25
Loss = 7.2268e-02, PNorm = 109.2330, GNorm = 0.3325, lr_0 = 1.5069e-04
Loss = 6.6238e-02, PNorm = 109.2321, GNorm = 0.4616, lr_0 = 1.5053e-04
Loss = 3.8142e-02, PNorm = 109.2358, GNorm = 0.8418, lr_0 = 1.5038e-04
Loss = 7.2676e-02, PNorm = 109.2394, GNorm = 0.4617, lr_0 = 1.5022e-04
Loss = 2.6174e-02, PNorm = 109.2437, GNorm = 0.4035, lr_0 = 1.5007e-04
Loss = 2.7428e-02, PNorm = 109.2488, GNorm = 0.3266, lr_0 = 1.4992e-04
Loss = 3.6818e-02, PNorm = 109.2532, GNorm = 0.2458, lr_0 = 1.4976e-04
Loss = 4.3843e-02, PNorm = 109.2571, GNorm = 0.7727, lr_0 = 1.4961e-04
Loss = 5.1969e-02, PNorm = 109.2574, GNorm = 0.2685, lr_0 = 1.4945e-04
Loss = 5.6505e-02, PNorm = 109.2576, GNorm = 0.2973, lr_0 = 1.4930e-04
Loss = 5.3179e-02, PNorm = 109.2591, GNorm = 0.4459, lr_0 = 1.4915e-04
Loss = 2.9386e-02, PNorm = 109.2645, GNorm = 0.3195, lr_0 = 1.4899e-04
Loss = 3.7069e-02, PNorm = 109.2710, GNorm = 0.2584, lr_0 = 1.4884e-04
Loss = 5.3088e-02, PNorm = 109.2756, GNorm = 1.0647, lr_0 = 1.4869e-04
Loss = 7.5116e-02, PNorm = 109.2756, GNorm = 1.2650, lr_0 = 1.4854e-04
Loss = 7.5930e-02, PNorm = 109.2738, GNorm = 0.9733, lr_0 = 1.4838e-04
Loss = 4.9508e-02, PNorm = 109.2776, GNorm = 0.5395, lr_0 = 1.4823e-04
Loss = 4.8131e-02, PNorm = 109.2854, GNorm = 0.4709, lr_0 = 1.4808e-04
Loss = 4.0214e-02, PNorm = 109.2928, GNorm = 0.3575, lr_0 = 1.4793e-04
Loss = 6.1950e-02, PNorm = 109.2961, GNorm = 0.3831, lr_0 = 1.4777e-04
Loss = 5.3391e-02, PNorm = 109.3006, GNorm = 1.1364, lr_0 = 1.4762e-04
Loss = 9.2308e-02, PNorm = 109.2925, GNorm = 0.5529, lr_0 = 1.4747e-04
Loss = 8.9714e-02, PNorm = 109.2918, GNorm = 0.6718, lr_0 = 1.4732e-04
Loss = 4.5928e-02, PNorm = 109.2952, GNorm = 0.5556, lr_0 = 1.4717e-04
Loss = 4.4249e-02, PNorm = 109.3013, GNorm = 0.4660, lr_0 = 1.4702e-04
Loss = 8.7985e-02, PNorm = 109.3029, GNorm = 0.4991, lr_0 = 1.4687e-04
Loss = 4.6130e-02, PNorm = 109.3062, GNorm = 0.4391, lr_0 = 1.4671e-04
Loss = 4.6661e-02, PNorm = 109.3106, GNorm = 1.1925, lr_0 = 1.4656e-04
Loss = 5.6351e-02, PNorm = 109.3142, GNorm = 0.5754, lr_0 = 1.4641e-04
Loss = 4.9074e-02, PNorm = 109.3162, GNorm = 0.6730, lr_0 = 1.4626e-04
Loss = 2.9394e-02, PNorm = 109.3191, GNorm = 0.8260, lr_0 = 1.4611e-04
Loss = 4.6492e-02, PNorm = 109.3211, GNorm = 0.3677, lr_0 = 1.4596e-04
Loss = 6.3175e-02, PNorm = 109.3214, GNorm = 0.3114, lr_0 = 1.4581e-04
Loss = 5.7126e-02, PNorm = 109.3233, GNorm = 1.5689, lr_0 = 1.4566e-04
Loss = 6.8239e-02, PNorm = 109.3230, GNorm = 0.6152, lr_0 = 1.4551e-04
Loss = 3.0339e-02, PNorm = 109.3265, GNorm = 0.7869, lr_0 = 1.4536e-04
Loss = 9.0594e-03, PNorm = 109.3321, GNorm = 0.3618, lr_0 = 1.4521e-04
Loss = 3.7241e-02, PNorm = 109.3371, GNorm = 1.1969, lr_0 = 1.4506e-04
Loss = 3.8613e-02, PNorm = 109.3386, GNorm = 0.2625, lr_0 = 1.4492e-04
Loss = 4.0339e-02, PNorm = 109.3394, GNorm = 0.2576, lr_0 = 1.4477e-04
Loss = 5.1054e-02, PNorm = 109.3400, GNorm = 0.2662, lr_0 = 1.4462e-04
Loss = 2.4580e-02, PNorm = 109.3430, GNorm = 0.2683, lr_0 = 1.4447e-04
Loss = 4.4724e-02, PNorm = 109.3463, GNorm = 0.7687, lr_0 = 1.4432e-04
Loss = 7.1043e-02, PNorm = 109.3446, GNorm = 0.2818, lr_0 = 1.4417e-04
Loss = 9.8959e-02, PNorm = 109.3410, GNorm = 1.1978, lr_0 = 1.4402e-04
Loss = 5.8961e-02, PNorm = 109.3409, GNorm = 0.7213, lr_0 = 1.4388e-04
Loss = 2.0723e-02, PNorm = 109.3454, GNorm = 0.4423, lr_0 = 1.4373e-04
Loss = 3.8507e-02, PNorm = 109.3510, GNorm = 0.9548, lr_0 = 1.4358e-04
Loss = 4.4759e-02, PNorm = 109.3536, GNorm = 0.2762, lr_0 = 1.4343e-04
Loss = 1.4982e-02, PNorm = 109.3580, GNorm = 0.2530, lr_0 = 1.4329e-04
Loss = 1.4982e-02, PNorm = 109.3620, GNorm = 0.2160, lr_0 = 1.4314e-04
Loss = 4.7232e-02, PNorm = 109.3630, GNorm = 0.1648, lr_0 = 1.4299e-04
Loss = 7.6888e-02, PNorm = 109.3604, GNorm = 1.0854, lr_0 = 1.4285e-04
Loss = 4.2141e-02, PNorm = 109.3606, GNorm = 0.3181, lr_0 = 1.4270e-04
Loss = 5.0088e-02, PNorm = 109.3623, GNorm = 1.0970, lr_0 = 1.4255e-04
Loss = 6.0219e-02, PNorm = 109.3625, GNorm = 0.9686, lr_0 = 1.4241e-04
Loss = 2.6160e-02, PNorm = 109.3652, GNorm = 0.7922, lr_0 = 1.4226e-04
Loss = 4.8395e-02, PNorm = 109.3674, GNorm = 0.3188, lr_0 = 1.4211e-04
Loss = 5.0716e-02, PNorm = 109.3694, GNorm = 0.8790, lr_0 = 1.4197e-04
Loss = 4.8112e-02, PNorm = 109.3712, GNorm = 1.1653, lr_0 = 1.4182e-04
Loss = 5.0059e-02, PNorm = 109.3714, GNorm = 0.6991, lr_0 = 1.4168e-04
Loss = 3.2500e-02, PNorm = 109.3733, GNorm = 0.7839, lr_0 = 1.4153e-04
Loss = 3.4486e-02, PNorm = 109.3763, GNorm = 0.3240, lr_0 = 1.4138e-04
Loss = 4.8232e-02, PNorm = 109.3779, GNorm = 0.8073, lr_0 = 1.4124e-04
Loss = 7.9330e-02, PNorm = 109.3781, GNorm = 2.4717, lr_0 = 1.4109e-04
Loss = 7.1083e-02, PNorm = 109.3755, GNorm = 0.5777, lr_0 = 1.4095e-04
Loss = 3.9317e-02, PNorm = 109.3772, GNorm = 0.4881, lr_0 = 1.4080e-04
Loss = 3.8474e-02, PNorm = 109.3821, GNorm = 0.4606, lr_0 = 1.4066e-04
Loss = 1.9236e-02, PNorm = 109.3886, GNorm = 0.2940, lr_0 = 1.4052e-04
Loss = 9.4210e-02, PNorm = 109.3901, GNorm = 0.3310, lr_0 = 1.4037e-04
Loss = 5.3878e-02, PNorm = 109.3891, GNorm = 0.4130, lr_0 = 1.4023e-04
Loss = 5.2289e-02, PNorm = 109.3912, GNorm = 0.4027, lr_0 = 1.4008e-04
Loss = 7.7817e-02, PNorm = 109.3925, GNorm = 0.4383, lr_0 = 1.3994e-04
Loss = 5.2838e-02, PNorm = 109.3962, GNorm = 0.4988, lr_0 = 1.3979e-04
Loss = 6.9008e-02, PNorm = 109.3992, GNorm = 0.8278, lr_0 = 1.3965e-04
Loss = 1.9653e-02, PNorm = 109.4028, GNorm = 0.3814, lr_0 = 1.3951e-04
Loss = 7.5309e-02, PNorm = 109.4053, GNorm = 0.4836, lr_0 = 1.3936e-04
Loss = 2.9847e-02, PNorm = 109.4070, GNorm = 0.3512, lr_0 = 1.3922e-04
Loss = 7.4578e-02, PNorm = 109.4080, GNorm = 0.7445, lr_0 = 1.3908e-04
Loss = 2.7909e-02, PNorm = 109.4110, GNorm = 0.8069, lr_0 = 1.3894e-04
Validation auc = 0.565689
Epoch 26
Loss = 8.5962e-02, PNorm = 109.4109, GNorm = 0.6093, lr_0 = 1.3879e-04
Loss = 8.6907e-02, PNorm = 109.4107, GNorm = 1.3001, lr_0 = 1.3865e-04
Loss = 3.0068e-02, PNorm = 109.4141, GNorm = 0.4114, lr_0 = 1.3851e-04
Loss = 2.7013e-02, PNorm = 109.4194, GNorm = 0.7617, lr_0 = 1.3837e-04
Loss = 4.0930e-02, PNorm = 109.4231, GNorm = 0.2984, lr_0 = 1.3822e-04
Loss = 3.6399e-02, PNorm = 109.4266, GNorm = 0.7191, lr_0 = 1.3808e-04
Loss = 2.5743e-02, PNorm = 109.4301, GNorm = 0.2467, lr_0 = 1.3794e-04
Loss = 2.7714e-02, PNorm = 109.4326, GNorm = 0.2279, lr_0 = 1.3780e-04
Loss = 5.2041e-02, PNorm = 109.4320, GNorm = 0.2290, lr_0 = 1.3766e-04
Loss = 4.6325e-02, PNorm = 109.4328, GNorm = 1.4621, lr_0 = 1.3751e-04
Loss = 3.0199e-02, PNorm = 109.4333, GNorm = 1.0403, lr_0 = 1.3737e-04
Loss = 5.6858e-02, PNorm = 109.4351, GNorm = 1.2397, lr_0 = 1.3723e-04
Loss = 9.0909e-02, PNorm = 109.4344, GNorm = 2.2576, lr_0 = 1.3709e-04
Loss = 5.9124e-02, PNorm = 109.4309, GNorm = 0.3678, lr_0 = 1.3695e-04
Loss = 6.8455e-02, PNorm = 109.4329, GNorm = 0.6054, lr_0 = 1.3681e-04
Loss = 5.1388e-02, PNorm = 109.4376, GNorm = 0.5564, lr_0 = 1.3667e-04
Loss = 6.2100e-02, PNorm = 109.4436, GNorm = 0.6483, lr_0 = 1.3653e-04
Loss = 3.4628e-02, PNorm = 109.4485, GNorm = 0.3960, lr_0 = 1.3639e-04
Loss = 2.6295e-02, PNorm = 109.4554, GNorm = 0.2780, lr_0 = 1.3625e-04
Loss = 5.4830e-02, PNorm = 109.4591, GNorm = 0.9646, lr_0 = 1.3611e-04
Loss = 4.0746e-02, PNorm = 109.4607, GNorm = 0.2937, lr_0 = 1.3597e-04
Loss = 2.6722e-02, PNorm = 109.4652, GNorm = 1.2115, lr_0 = 1.3583e-04
Loss = 5.0631e-02, PNorm = 109.4657, GNorm = 0.2372, lr_0 = 1.3569e-04
Loss = 4.6459e-02, PNorm = 109.4657, GNorm = 0.2214, lr_0 = 1.3555e-04
Loss = 5.3455e-02, PNorm = 109.4664, GNorm = 0.3391, lr_0 = 1.3541e-04
Loss = 3.8539e-02, PNorm = 109.4689, GNorm = 0.3074, lr_0 = 1.3527e-04
Loss = 5.4592e-02, PNorm = 109.4718, GNorm = 0.2830, lr_0 = 1.3513e-04
Loss = 5.2373e-02, PNorm = 109.4733, GNorm = 0.7748, lr_0 = 1.3499e-04
Loss = 6.0778e-02, PNorm = 109.4744, GNorm = 0.3994, lr_0 = 1.3485e-04
Loss = 8.4302e-02, PNorm = 109.4738, GNorm = 0.7817, lr_0 = 1.3472e-04
Loss = 4.6299e-02, PNorm = 109.4736, GNorm = 0.4686, lr_0 = 1.3458e-04
Loss = 5.6982e-02, PNorm = 109.4741, GNorm = 0.4542, lr_0 = 1.3444e-04
Loss = 4.7818e-02, PNorm = 109.4741, GNorm = 1.0022, lr_0 = 1.3430e-04
Loss = 5.0993e-02, PNorm = 109.4762, GNorm = 0.3744, lr_0 = 1.3416e-04
Loss = 8.3014e-02, PNorm = 109.4760, GNorm = 0.5313, lr_0 = 1.3403e-04
Loss = 4.1819e-02, PNorm = 109.4786, GNorm = 0.8471, lr_0 = 1.3389e-04
Loss = 4.8886e-02, PNorm = 109.4813, GNorm = 0.7565, lr_0 = 1.3375e-04
Loss = 3.1626e-02, PNorm = 109.4849, GNorm = 0.3899, lr_0 = 1.3361e-04
Loss = 1.7706e-02, PNorm = 109.4899, GNorm = 0.2892, lr_0 = 1.3348e-04
Loss = 1.4567e-02, PNorm = 109.4954, GNorm = 0.7171, lr_0 = 1.3334e-04
Loss = 2.2841e-02, PNorm = 109.4988, GNorm = 0.1581, lr_0 = 1.3320e-04
Loss = 2.4342e-02, PNorm = 109.5009, GNorm = 0.1515, lr_0 = 1.3306e-04
Loss = 5.6807e-02, PNorm = 109.5011, GNorm = 0.8423, lr_0 = 1.3293e-04
Loss = 1.1301e-01, PNorm = 109.4948, GNorm = 1.8878, lr_0 = 1.3279e-04
Loss = 4.8636e-02, PNorm = 109.4892, GNorm = 0.4969, lr_0 = 1.3265e-04
Loss = 4.7244e-02, PNorm = 109.4904, GNorm = 0.4428, lr_0 = 1.3252e-04
Loss = 5.7638e-02, PNorm = 109.4933, GNorm = 0.4806, lr_0 = 1.3238e-04
Loss = 4.2135e-02, PNorm = 109.4979, GNorm = 0.3148, lr_0 = 1.3225e-04
Loss = 3.6976e-02, PNorm = 109.5017, GNorm = 0.3279, lr_0 = 1.3211e-04
Loss = 6.8679e-02, PNorm = 109.5029, GNorm = 0.3551, lr_0 = 1.3197e-04
Loss = 2.9485e-02, PNorm = 109.5054, GNorm = 0.3271, lr_0 = 1.3184e-04
Loss = 5.4331e-02, PNorm = 109.5088, GNorm = 0.8979, lr_0 = 1.3170e-04
Loss = 2.6246e-02, PNorm = 109.5109, GNorm = 0.3041, lr_0 = 1.3157e-04
Loss = 4.6404e-02, PNorm = 109.5130, GNorm = 0.2782, lr_0 = 1.3143e-04
Loss = 5.2042e-02, PNorm = 109.5124, GNorm = 0.2906, lr_0 = 1.3130e-04
Loss = 5.9080e-02, PNorm = 109.5133, GNorm = 0.9311, lr_0 = 1.3116e-04
Loss = 4.1624e-02, PNorm = 109.5144, GNorm = 0.9742, lr_0 = 1.3103e-04
Loss = 5.6350e-02, PNorm = 109.5147, GNorm = 0.3528, lr_0 = 1.3089e-04
Loss = 3.9839e-02, PNorm = 109.5170, GNorm = 0.3493, lr_0 = 1.3076e-04
Loss = 4.2835e-02, PNorm = 109.5201, GNorm = 1.3926, lr_0 = 1.3063e-04
Loss = 4.6087e-02, PNorm = 109.5224, GNorm = 0.7361, lr_0 = 1.3049e-04
Loss = 7.3734e-02, PNorm = 109.5211, GNorm = 0.3659, lr_0 = 1.3036e-04
Loss = 5.0147e-02, PNorm = 109.5221, GNorm = 0.3816, lr_0 = 1.3022e-04
Loss = 6.3395e-02, PNorm = 109.5240, GNorm = 1.7246, lr_0 = 1.3009e-04
Loss = 5.4594e-02, PNorm = 109.5260, GNorm = 0.6780, lr_0 = 1.2996e-04
Loss = 4.8770e-02, PNorm = 109.5282, GNorm = 1.2792, lr_0 = 1.2982e-04
Loss = 7.9132e-02, PNorm = 109.5272, GNorm = 0.9845, lr_0 = 1.2969e-04
Loss = 3.2143e-02, PNorm = 109.5306, GNorm = 0.4222, lr_0 = 1.2956e-04
Loss = 4.2599e-02, PNorm = 109.5348, GNorm = 0.5414, lr_0 = 1.2942e-04
Loss = 4.7861e-02, PNorm = 109.5381, GNorm = 0.3028, lr_0 = 1.2929e-04
Loss = 7.0200e-02, PNorm = 109.5387, GNorm = 0.3393, lr_0 = 1.2916e-04
Loss = 5.9129e-02, PNorm = 109.5396, GNorm = 0.3971, lr_0 = 1.2902e-04
Loss = 2.8108e-02, PNorm = 109.5435, GNorm = 0.6743, lr_0 = 1.2889e-04
Loss = 6.9949e-02, PNorm = 109.5453, GNorm = 1.5906, lr_0 = 1.2876e-04
Loss = 4.6725e-02, PNorm = 109.5456, GNorm = 0.3591, lr_0 = 1.2863e-04
Loss = 7.4484e-02, PNorm = 109.5476, GNorm = 0.7912, lr_0 = 1.2849e-04
Loss = 5.2428e-02, PNorm = 109.5481, GNorm = 0.4469, lr_0 = 1.2836e-04
Loss = 5.5754e-02, PNorm = 109.5511, GNorm = 0.5711, lr_0 = 1.2823e-04
Loss = 4.6852e-02, PNorm = 109.5547, GNorm = 0.6445, lr_0 = 1.2810e-04
Loss = 5.3083e-02, PNorm = 109.5578, GNorm = 0.3718, lr_0 = 1.2797e-04
Validation auc = 0.561816
Epoch 27
Loss = 4.0449e-02, PNorm = 109.5603, GNorm = 0.3256, lr_0 = 1.2784e-04
Loss = 6.0501e-02, PNorm = 109.5632, GNorm = 0.5498, lr_0 = 1.2770e-04
Loss = 6.5093e-02, PNorm = 109.5638, GNorm = 0.7609, lr_0 = 1.2757e-04
Loss = 4.4847e-02, PNorm = 109.5651, GNorm = 0.7838, lr_0 = 1.2744e-04
Loss = 4.2077e-02, PNorm = 109.5679, GNorm = 0.3461, lr_0 = 1.2731e-04
Loss = 2.5481e-02, PNorm = 109.5706, GNorm = 0.2715, lr_0 = 1.2718e-04
Loss = 6.2326e-02, PNorm = 109.5731, GNorm = 1.5852, lr_0 = 1.2705e-04
Loss = 6.4487e-02, PNorm = 109.5719, GNorm = 0.3403, lr_0 = 1.2692e-04
Loss = 2.9277e-02, PNorm = 109.5729, GNorm = 0.3523, lr_0 = 1.2679e-04
Loss = 8.6343e-02, PNorm = 109.5732, GNorm = 0.6559, lr_0 = 1.2666e-04
Loss = 6.1388e-02, PNorm = 109.5737, GNorm = 0.4793, lr_0 = 1.2653e-04
Loss = 4.0654e-02, PNorm = 109.5769, GNorm = 0.4612, lr_0 = 1.2640e-04
Loss = 3.0018e-02, PNorm = 109.5824, GNorm = 0.5785, lr_0 = 1.2627e-04
Loss = 6.2343e-02, PNorm = 109.5847, GNorm = 1.5094, lr_0 = 1.2614e-04
Loss = 3.8249e-02, PNorm = 109.5839, GNorm = 0.3420, lr_0 = 1.2601e-04
Loss = 4.9142e-02, PNorm = 109.5855, GNorm = 0.2965, lr_0 = 1.2588e-04
Loss = 3.6130e-02, PNorm = 109.5870, GNorm = 0.3583, lr_0 = 1.2575e-04
Loss = 3.5046e-02, PNorm = 109.5899, GNorm = 0.2947, lr_0 = 1.2562e-04
Loss = 5.1078e-02, PNorm = 109.5924, GNorm = 0.8445, lr_0 = 1.2549e-04
Loss = 2.2384e-02, PNorm = 109.5945, GNorm = 0.2502, lr_0 = 1.2536e-04
Loss = 3.4816e-02, PNorm = 109.5970, GNorm = 0.9191, lr_0 = 1.2523e-04
Loss = 3.8515e-02, PNorm = 109.5977, GNorm = 0.2534, lr_0 = 1.2511e-04
Loss = 6.2501e-02, PNorm = 109.5987, GNorm = 0.9350, lr_0 = 1.2498e-04
Loss = 2.9051e-02, PNorm = 109.5990, GNorm = 0.2976, lr_0 = 1.2485e-04
Loss = 4.8332e-02, PNorm = 109.6009, GNorm = 0.7923, lr_0 = 1.2472e-04
Loss = 4.2836e-02, PNorm = 109.6011, GNorm = 0.3092, lr_0 = 1.2459e-04
Loss = 6.4409e-02, PNorm = 109.6006, GNorm = 0.3386, lr_0 = 1.2446e-04
Loss = 4.4983e-02, PNorm = 109.6024, GNorm = 0.7189, lr_0 = 1.2434e-04
Loss = 7.9088e-02, PNorm = 109.6026, GNorm = 0.6880, lr_0 = 1.2421e-04
Loss = 4.7385e-02, PNorm = 109.6061, GNorm = 1.5097, lr_0 = 1.2408e-04
Loss = 3.9167e-02, PNorm = 109.6101, GNorm = 0.3832, lr_0 = 1.2395e-04
Loss = 4.9551e-02, PNorm = 109.6138, GNorm = 0.3146, lr_0 = 1.2383e-04
Loss = 7.9643e-02, PNorm = 109.6142, GNorm = 0.4679, lr_0 = 1.2370e-04
Loss = 9.4518e-02, PNorm = 109.6141, GNorm = 0.5487, lr_0 = 1.2357e-04
Loss = 4.7470e-02, PNorm = 109.6178, GNorm = 0.6680, lr_0 = 1.2344e-04
Loss = 5.2616e-02, PNorm = 109.6216, GNorm = 0.4288, lr_0 = 1.2332e-04
Loss = 6.0956e-02, PNorm = 109.6231, GNorm = 0.4612, lr_0 = 1.2319e-04
Loss = 9.5104e-02, PNorm = 109.6218, GNorm = 0.4381, lr_0 = 1.2306e-04
Loss = 5.0216e-02, PNorm = 109.6231, GNorm = 1.0323, lr_0 = 1.2294e-04
Loss = 1.9604e-02, PNorm = 109.6257, GNorm = 0.4018, lr_0 = 1.2281e-04
Loss = 6.2494e-02, PNorm = 109.6287, GNorm = 0.5131, lr_0 = 1.2269e-04
Loss = 5.1464e-02, PNorm = 109.6310, GNorm = 0.3217, lr_0 = 1.2256e-04
Loss = 5.7327e-02, PNorm = 109.6325, GNorm = 0.3418, lr_0 = 1.2243e-04
Loss = 4.7776e-02, PNorm = 109.6342, GNorm = 0.3159, lr_0 = 1.2231e-04
Loss = 5.6174e-02, PNorm = 109.6347, GNorm = 0.4120, lr_0 = 1.2218e-04
Loss = 3.7274e-02, PNorm = 109.6367, GNorm = 0.3871, lr_0 = 1.2206e-04
Loss = 2.9952e-02, PNorm = 109.6403, GNorm = 0.3457, lr_0 = 1.2193e-04
Loss = 2.6207e-02, PNorm = 109.6447, GNorm = 0.2903, lr_0 = 1.2181e-04
Loss = 3.6374e-02, PNorm = 109.6482, GNorm = 0.5207, lr_0 = 1.2168e-04
Loss = 2.5241e-02, PNorm = 109.6507, GNorm = 0.2009, lr_0 = 1.2156e-04
Loss = 4.5092e-02, PNorm = 109.6526, GNorm = 0.2236, lr_0 = 1.2143e-04
Loss = 5.0127e-02, PNorm = 109.6534, GNorm = 1.3760, lr_0 = 1.2131e-04
Loss = 2.5791e-02, PNorm = 109.6536, GNorm = 0.3021, lr_0 = 1.2118e-04
Loss = 4.4161e-02, PNorm = 109.6549, GNorm = 0.8343, lr_0 = 1.2106e-04
Loss = 8.2889e-02, PNorm = 109.6529, GNorm = 0.3145, lr_0 = 1.2093e-04
Loss = 5.1876e-02, PNorm = 109.6520, GNorm = 0.3799, lr_0 = 1.2081e-04
Loss = 3.8624e-02, PNorm = 109.6545, GNorm = 0.8491, lr_0 = 1.2068e-04
Loss = 2.6630e-02, PNorm = 109.6574, GNorm = 0.3202, lr_0 = 1.2056e-04
Loss = 1.0007e-01, PNorm = 109.6575, GNorm = 0.6375, lr_0 = 1.2044e-04
Loss = 2.9570e-02, PNorm = 109.6588, GNorm = 0.4278, lr_0 = 1.2031e-04
Loss = 9.0768e-02, PNorm = 109.6583, GNorm = 0.4114, lr_0 = 1.2019e-04
Loss = 4.7598e-02, PNorm = 109.6600, GNorm = 0.4440, lr_0 = 1.2007e-04
Loss = 5.0375e-02, PNorm = 109.6637, GNorm = 0.4295, lr_0 = 1.1994e-04
Loss = 6.0383e-02, PNorm = 109.6650, GNorm = 0.4078, lr_0 = 1.1982e-04
Loss = 5.8031e-02, PNorm = 109.6661, GNorm = 0.6530, lr_0 = 1.1970e-04
Loss = 3.4971e-02, PNorm = 109.6683, GNorm = 0.3770, lr_0 = 1.1957e-04
Loss = 6.2553e-02, PNorm = 109.6715, GNorm = 0.3632, lr_0 = 1.1945e-04
Loss = 7.5204e-02, PNorm = 109.6713, GNorm = 0.4599, lr_0 = 1.1933e-04
Loss = 4.8800e-02, PNorm = 109.6746, GNorm = 1.3535, lr_0 = 1.1921e-04
Loss = 3.6498e-02, PNorm = 109.6783, GNorm = 0.3426, lr_0 = 1.1908e-04
Loss = 4.6723e-02, PNorm = 109.6822, GNorm = 0.2898, lr_0 = 1.1896e-04
Loss = 4.4873e-02, PNorm = 109.6848, GNorm = 0.6681, lr_0 = 1.1884e-04
Loss = 6.5611e-02, PNorm = 109.6855, GNorm = 0.3355, lr_0 = 1.1872e-04
Loss = 2.7043e-02, PNorm = 109.6872, GNorm = 0.4466, lr_0 = 1.1859e-04
Loss = 4.8200e-02, PNorm = 109.6887, GNorm = 0.3763, lr_0 = 1.1847e-04
Loss = 6.2622e-02, PNorm = 109.6911, GNorm = 0.9285, lr_0 = 1.1835e-04
Loss = 1.5933e-02, PNorm = 109.6932, GNorm = 0.3033, lr_0 = 1.1823e-04
Loss = 2.6151e-02, PNorm = 109.6973, GNorm = 0.8484, lr_0 = 1.1811e-04
Loss = 4.2895e-02, PNorm = 109.6997, GNorm = 0.1944, lr_0 = 1.1799e-04
Loss = 5.5419e-02, PNorm = 109.6995, GNorm = 0.9699, lr_0 = 1.1786e-04
Validation auc = 0.562243
Epoch 28
Loss = 4.8463e-02, PNorm = 109.6999, GNorm = 0.2992, lr_0 = 1.1774e-04
Loss = 5.1940e-02, PNorm = 109.6993, GNorm = 0.3510, lr_0 = 1.1762e-04
Loss = 5.1631e-02, PNorm = 109.7008, GNorm = 0.3528, lr_0 = 1.1750e-04
Loss = 6.6108e-02, PNorm = 109.7026, GNorm = 1.1474, lr_0 = 1.1738e-04
Loss = 6.5016e-02, PNorm = 109.7031, GNorm = 0.4477, lr_0 = 1.1726e-04
Loss = 3.1321e-02, PNorm = 109.7051, GNorm = 0.4444, lr_0 = 1.1714e-04
Loss = 3.6223e-02, PNorm = 109.7091, GNorm = 0.3238, lr_0 = 1.1702e-04
Loss = 4.5184e-02, PNorm = 109.7115, GNorm = 0.3016, lr_0 = 1.1690e-04
Loss = 2.4669e-02, PNorm = 109.7140, GNorm = 0.2492, lr_0 = 1.1678e-04
Loss = 5.6584e-02, PNorm = 109.7164, GNorm = 0.2760, lr_0 = 1.1666e-04
Loss = 6.3892e-02, PNorm = 109.7165, GNorm = 0.7943, lr_0 = 1.1654e-04
Loss = 5.0241e-02, PNorm = 109.7161, GNorm = 0.3458, lr_0 = 1.1642e-04
Loss = 2.8313e-02, PNorm = 109.7190, GNorm = 0.2967, lr_0 = 1.1630e-04
Loss = 6.4736e-02, PNorm = 109.7217, GNorm = 0.2767, lr_0 = 1.1618e-04
Loss = 7.5593e-02, PNorm = 109.7200, GNorm = 0.3667, lr_0 = 1.1606e-04
Loss = 4.0403e-02, PNorm = 109.7218, GNorm = 0.4207, lr_0 = 1.1594e-04
Loss = 7.9189e-02, PNorm = 109.7206, GNorm = 0.3499, lr_0 = 1.1582e-04
Loss = 5.8664e-02, PNorm = 109.7189, GNorm = 0.4663, lr_0 = 1.1570e-04
Loss = 7.4939e-02, PNorm = 109.7199, GNorm = 0.4241, lr_0 = 1.1559e-04
Loss = 4.5996e-02, PNorm = 109.7201, GNorm = 0.4651, lr_0 = 1.1547e-04
Loss = 7.0408e-02, PNorm = 109.7214, GNorm = 0.5062, lr_0 = 1.1535e-04
Loss = 5.2210e-02, PNorm = 109.7241, GNorm = 0.5615, lr_0 = 1.1523e-04
Loss = 5.1082e-02, PNorm = 109.7269, GNorm = 0.4440, lr_0 = 1.1511e-04
Loss = 4.8140e-02, PNorm = 109.7279, GNorm = 0.4386, lr_0 = 1.1499e-04
Loss = 6.2476e-02, PNorm = 109.7308, GNorm = 0.3985, lr_0 = 1.1487e-04
Loss = 4.6664e-02, PNorm = 109.7341, GNorm = 0.3621, lr_0 = 1.1476e-04
Loss = 3.1684e-02, PNorm = 109.7377, GNorm = 0.3596, lr_0 = 1.1464e-04
Loss = 6.1250e-02, PNorm = 109.7397, GNorm = 1.0426, lr_0 = 1.1452e-04
Loss = 5.5771e-02, PNorm = 109.7404, GNorm = 0.3736, lr_0 = 1.1440e-04
Loss = 7.6908e-02, PNorm = 109.7391, GNorm = 0.6805, lr_0 = 1.1429e-04
Loss = 4.3606e-02, PNorm = 109.7412, GNorm = 0.3752, lr_0 = 1.1417e-04
Loss = 4.8008e-02, PNorm = 109.7424, GNorm = 0.3464, lr_0 = 1.1405e-04
Loss = 4.0849e-02, PNorm = 109.7459, GNorm = 0.9532, lr_0 = 1.1393e-04
Loss = 3.5958e-02, PNorm = 109.7485, GNorm = 0.3146, lr_0 = 1.1382e-04
Loss = 1.9839e-02, PNorm = 109.7523, GNorm = 0.2460, lr_0 = 1.1370e-04
Loss = 3.8406e-02, PNorm = 109.7550, GNorm = 0.2087, lr_0 = 1.1358e-04
Loss = 4.3202e-02, PNorm = 109.7558, GNorm = 0.2322, lr_0 = 1.1347e-04
Loss = 4.2117e-02, PNorm = 109.7555, GNorm = 0.2631, lr_0 = 1.1335e-04
Loss = 2.8797e-02, PNorm = 109.7572, GNorm = 1.0153, lr_0 = 1.1323e-04
Loss = 6.6311e-02, PNorm = 109.7574, GNorm = 0.9843, lr_0 = 1.1312e-04
Loss = 2.5310e-02, PNorm = 109.7582, GNorm = 0.3086, lr_0 = 1.1300e-04
Loss = 3.8134e-02, PNorm = 109.7607, GNorm = 0.2556, lr_0 = 1.1288e-04
Loss = 4.2235e-02, PNorm = 109.7620, GNorm = 0.9470, lr_0 = 1.1277e-04
Loss = 6.3206e-02, PNorm = 109.7613, GNorm = 0.3071, lr_0 = 1.1265e-04
Loss = 2.4747e-02, PNorm = 109.7633, GNorm = 0.3549, lr_0 = 1.1254e-04
Loss = 4.9972e-02, PNorm = 109.7651, GNorm = 0.3512, lr_0 = 1.1242e-04
Loss = 5.1358e-02, PNorm = 109.7653, GNorm = 0.8394, lr_0 = 1.1231e-04
Loss = 4.2498e-02, PNorm = 109.7671, GNorm = 0.9971, lr_0 = 1.1219e-04
Loss = 1.3261e-02, PNorm = 109.7699, GNorm = 0.2613, lr_0 = 1.1208e-04
Loss = 8.6855e-02, PNorm = 109.7700, GNorm = 0.2671, lr_0 = 1.1196e-04
Loss = 4.5383e-02, PNorm = 109.7699, GNorm = 0.2571, lr_0 = 1.1184e-04
Loss = 7.6172e-02, PNorm = 109.7689, GNorm = 0.4415, lr_0 = 1.1173e-04
Loss = 6.0105e-02, PNorm = 109.7698, GNorm = 0.4969, lr_0 = 1.1162e-04
Loss = 5.1770e-02, PNorm = 109.7727, GNorm = 0.4283, lr_0 = 1.1150e-04
Loss = 3.2523e-02, PNorm = 109.7770, GNorm = 0.4065, lr_0 = 1.1139e-04
Loss = 2.3038e-02, PNorm = 109.7814, GNorm = 0.3006, lr_0 = 1.1127e-04
Loss = 7.1926e-02, PNorm = 109.7845, GNorm = 0.3143, lr_0 = 1.1116e-04
Loss = 5.9628e-02, PNorm = 109.7840, GNorm = 0.3798, lr_0 = 1.1104e-04
Loss = 2.3643e-02, PNorm = 109.7859, GNorm = 0.3981, lr_0 = 1.1093e-04
Loss = 6.6268e-02, PNorm = 109.7874, GNorm = 0.4047, lr_0 = 1.1081e-04
Loss = 3.4944e-02, PNorm = 109.7903, GNorm = 0.6778, lr_0 = 1.1070e-04
Loss = 4.6656e-02, PNorm = 109.7924, GNorm = 0.7657, lr_0 = 1.1059e-04
Loss = 3.9059e-02, PNorm = 109.7945, GNorm = 0.2807, lr_0 = 1.1047e-04
Loss = 7.8858e-02, PNorm = 109.7953, GNorm = 0.3378, lr_0 = 1.1036e-04
Loss = 5.5169e-02, PNorm = 109.7968, GNorm = 0.3599, lr_0 = 1.1025e-04
Loss = 3.5165e-02, PNorm = 109.7998, GNorm = 0.3502, lr_0 = 1.1013e-04
Loss = 5.9911e-02, PNorm = 109.8031, GNorm = 0.8431, lr_0 = 1.1002e-04
Loss = 4.9997e-02, PNorm = 109.8049, GNorm = 1.0897, lr_0 = 1.0991e-04
Loss = 7.8806e-02, PNorm = 109.8056, GNorm = 0.7868, lr_0 = 1.0979e-04
Loss = 6.5355e-02, PNorm = 109.8064, GNorm = 0.4498, lr_0 = 1.0968e-04
Loss = 4.8589e-02, PNorm = 109.8090, GNorm = 0.4797, lr_0 = 1.0957e-04
Loss = 4.3510e-02, PNorm = 109.8140, GNorm = 0.4051, lr_0 = 1.0946e-04
Loss = 1.7193e-02, PNorm = 109.8201, GNorm = 0.3351, lr_0 = 1.0934e-04
Loss = 7.6530e-02, PNorm = 109.8233, GNorm = 1.3471, lr_0 = 1.0923e-04
Loss = 6.0865e-02, PNorm = 109.8234, GNorm = 0.8308, lr_0 = 1.0912e-04
Loss = 6.1710e-02, PNorm = 109.8250, GNorm = 0.7860, lr_0 = 1.0901e-04
Loss = 5.1944e-02, PNorm = 109.8289, GNorm = 0.3819, lr_0 = 1.0890e-04
Loss = 4.7282e-02, PNorm = 109.8341, GNorm = 0.4061, lr_0 = 1.0878e-04
Loss = 8.7355e-03, PNorm = 109.8428, GNorm = 0.3045, lr_0 = 1.0867e-04
Loss = 7.9441e-02, PNorm = 109.8417, GNorm = 0.6655, lr_0 = 1.0856e-04
Validation auc = 0.562269
Epoch 29
Loss = 7.4425e-02, PNorm = 109.8405, GNorm = 0.8632, lr_0 = 1.0845e-04
Loss = 4.4339e-02, PNorm = 109.8422, GNorm = 0.4089, lr_0 = 1.0834e-04
Loss = 8.8542e-02, PNorm = 109.8436, GNorm = 0.4724, lr_0 = 1.0823e-04
Loss = 5.8823e-02, PNorm = 109.8464, GNorm = 0.4803, lr_0 = 1.0811e-04
Loss = 5.5347e-02, PNorm = 109.8514, GNorm = 0.4462, lr_0 = 1.0800e-04
Loss = 2.1511e-02, PNorm = 109.8577, GNorm = 0.3489, lr_0 = 1.0789e-04
Loss = 7.6309e-02, PNorm = 109.8622, GNorm = 0.3342, lr_0 = 1.0778e-04
Loss = 5.2090e-02, PNorm = 109.8652, GNorm = 0.7870, lr_0 = 1.0767e-04
Loss = 5.0480e-02, PNorm = 109.8665, GNorm = 0.3344, lr_0 = 1.0756e-04
Loss = 2.8847e-02, PNorm = 109.8706, GNorm = 0.3460, lr_0 = 1.0745e-04
Loss = 4.3256e-02, PNorm = 109.8765, GNorm = 0.2925, lr_0 = 1.0734e-04
Loss = 6.0915e-02, PNorm = 109.8754, GNorm = 0.3173, lr_0 = 1.0723e-04
Loss = 6.7190e-02, PNorm = 109.8719, GNorm = 1.1532, lr_0 = 1.0712e-04
Loss = 3.7073e-02, PNorm = 109.8682, GNorm = 0.4681, lr_0 = 1.0701e-04
Loss = 6.2728e-02, PNorm = 109.8672, GNorm = 0.7736, lr_0 = 1.0690e-04
Loss = 5.5161e-02, PNorm = 109.8689, GNorm = 1.3512, lr_0 = 1.0679e-04
Loss = 3.6200e-02, PNorm = 109.8712, GNorm = 0.3953, lr_0 = 1.0668e-04
Loss = 3.8866e-02, PNorm = 109.8745, GNorm = 0.3444, lr_0 = 1.0657e-04
Loss = 1.7824e-02, PNorm = 109.8776, GNorm = 0.3054, lr_0 = 1.0646e-04
Loss = 2.6939e-02, PNorm = 109.8809, GNorm = 0.2084, lr_0 = 1.0635e-04
Loss = 6.0479e-02, PNorm = 109.8828, GNorm = 2.0483, lr_0 = 1.0624e-04
Loss = 6.2015e-02, PNorm = 109.8812, GNorm = 2.1210, lr_0 = 1.0613e-04
Loss = 3.2327e-02, PNorm = 109.8806, GNorm = 0.3355, lr_0 = 1.0602e-04
Loss = 2.5110e-02, PNorm = 109.8823, GNorm = 0.2824, lr_0 = 1.0591e-04
Loss = 6.1478e-02, PNorm = 109.8831, GNorm = 0.3879, lr_0 = 1.0581e-04
Loss = 1.8468e-02, PNorm = 109.8858, GNorm = 0.2587, lr_0 = 1.0570e-04
Loss = 5.6381e-02, PNorm = 109.8861, GNorm = 0.2890, lr_0 = 1.0559e-04
Loss = 1.7073e-02, PNorm = 109.8886, GNorm = 0.2806, lr_0 = 1.0548e-04
Loss = 5.3902e-02, PNorm = 109.8904, GNorm = 0.6965, lr_0 = 1.0537e-04
Loss = 3.2085e-02, PNorm = 109.8905, GNorm = 0.2742, lr_0 = 1.0526e-04
Loss = 5.5610e-02, PNorm = 109.8892, GNorm = 0.2728, lr_0 = 1.0516e-04
Loss = 5.1381e-02, PNorm = 109.8842, GNorm = 0.2933, lr_0 = 1.0505e-04
Loss = 3.7645e-02, PNorm = 109.8832, GNorm = 0.3677, lr_0 = 1.0494e-04
Loss = 4.9217e-02, PNorm = 109.8838, GNorm = 0.2932, lr_0 = 1.0483e-04
Loss = 8.0040e-02, PNorm = 109.8838, GNorm = 0.3652, lr_0 = 1.0472e-04
Loss = 3.4722e-02, PNorm = 109.8846, GNorm = 0.4105, lr_0 = 1.0462e-04
Loss = 2.0003e-02, PNorm = 109.8882, GNorm = 0.3432, lr_0 = 1.0451e-04
Loss = 4.5403e-02, PNorm = 109.8923, GNorm = 0.3100, lr_0 = 1.0440e-04
Loss = 2.3468e-02, PNorm = 109.8955, GNorm = 0.2628, lr_0 = 1.0429e-04
Loss = 3.9365e-02, PNorm = 109.8973, GNorm = 0.2269, lr_0 = 1.0419e-04
Loss = 4.9647e-02, PNorm = 109.8982, GNorm = 0.2240, lr_0 = 1.0408e-04
Loss = 8.5386e-02, PNorm = 109.8974, GNorm = 2.0544, lr_0 = 1.0397e-04
Loss = 6.2085e-02, PNorm = 109.8962, GNorm = 0.3903, lr_0 = 1.0387e-04
Loss = 4.8181e-02, PNorm = 109.8982, GNorm = 1.1512, lr_0 = 1.0376e-04
Loss = 7.6351e-02, PNorm = 109.8982, GNorm = 0.4454, lr_0 = 1.0365e-04
Loss = 5.5098e-02, PNorm = 109.9001, GNorm = 0.8105, lr_0 = 1.0355e-04
Loss = 4.7324e-02, PNorm = 109.9026, GNorm = 0.4111, lr_0 = 1.0344e-04
Loss = 6.5794e-02, PNorm = 109.9050, GNorm = 0.6284, lr_0 = 1.0333e-04
Loss = 9.4959e-02, PNorm = 109.9043, GNorm = 0.8770, lr_0 = 1.0323e-04
Loss = 1.0533e-01, PNorm = 109.9038, GNorm = 0.4739, lr_0 = 1.0312e-04
Loss = 4.9097e-02, PNorm = 109.9051, GNorm = 0.6198, lr_0 = 1.0302e-04
Loss = 4.0835e-02, PNorm = 109.9093, GNorm = 0.6912, lr_0 = 1.0291e-04
Loss = 4.0773e-02, PNorm = 109.9148, GNorm = 0.3759, lr_0 = 1.0280e-04
Loss = 3.0541e-02, PNorm = 109.9183, GNorm = 0.3720, lr_0 = 1.0270e-04
Loss = 4.3946e-02, PNorm = 109.9220, GNorm = 0.2481, lr_0 = 1.0259e-04
Loss = 3.4275e-02, PNorm = 109.9236, GNorm = 0.6021, lr_0 = 1.0249e-04
Loss = 5.6572e-02, PNorm = 109.9245, GNorm = 0.2564, lr_0 = 1.0238e-04
Loss = 5.1458e-02, PNorm = 109.9251, GNorm = 0.8827, lr_0 = 1.0228e-04
Loss = 5.7286e-02, PNorm = 109.9251, GNorm = 0.3479, lr_0 = 1.0217e-04
Loss = 2.8565e-02, PNorm = 109.9268, GNorm = 0.3161, lr_0 = 1.0207e-04
Loss = 1.9798e-02, PNorm = 109.9300, GNorm = 0.3226, lr_0 = 1.0196e-04
Loss = 7.6945e-02, PNorm = 109.9300, GNorm = 0.2750, lr_0 = 1.0186e-04
Loss = 4.5364e-02, PNorm = 109.9297, GNorm = 1.1126, lr_0 = 1.0175e-04
Loss = 2.4125e-02, PNorm = 109.9318, GNorm = 0.3303, lr_0 = 1.0165e-04
Loss = 3.5882e-02, PNorm = 109.9339, GNorm = 0.2964, lr_0 = 1.0154e-04
Loss = 2.7428e-02, PNorm = 109.9359, GNorm = 0.3118, lr_0 = 1.0144e-04
Loss = 8.2569e-02, PNorm = 109.9356, GNorm = 0.3025, lr_0 = 1.0133e-04
Loss = 6.2079e-02, PNorm = 109.9348, GNorm = 0.4032, lr_0 = 1.0123e-04
Loss = 3.0544e-02, PNorm = 109.9374, GNorm = 0.9029, lr_0 = 1.0113e-04
Loss = 1.7646e-02, PNorm = 109.9413, GNorm = 0.3144, lr_0 = 1.0102e-04
Loss = 6.4209e-02, PNorm = 109.9432, GNorm = 0.2871, lr_0 = 1.0092e-04
Loss = 7.6418e-02, PNorm = 109.9409, GNorm = 0.5191, lr_0 = 1.0082e-04
Loss = 4.6461e-02, PNorm = 109.9398, GNorm = 0.3760, lr_0 = 1.0071e-04
Loss = 6.3321e-02, PNorm = 109.9414, GNorm = 0.6119, lr_0 = 1.0061e-04
Loss = 4.7364e-02, PNorm = 109.9425, GNorm = 0.3846, lr_0 = 1.0050e-04
Loss = 4.5846e-02, PNorm = 109.9449, GNorm = 0.3716, lr_0 = 1.0040e-04
Loss = 5.6499e-02, PNorm = 109.9467, GNorm = 0.3441, lr_0 = 1.0030e-04
Loss = 4.2846e-02, PNorm = 109.9475, GNorm = 0.3433, lr_0 = 1.0020e-04
Loss = 3.1511e-02, PNorm = 109.9497, GNorm = 0.3578, lr_0 = 1.0009e-04
Loss = 4.6472e-02, PNorm = 109.9524, GNorm = 0.6925, lr_0 = 1.0000e-04
Validation auc = 0.559546
Model 0 best validation auc = 0.572663 on epoch 16
Loading pretrained parameter "encoder.encoder.0.cached_zero_vector".
Loading pretrained parameter "encoder.encoder.0.W_i.weight".
Loading pretrained parameter "encoder.encoder.0.W_h.weight".
Loading pretrained parameter "encoder.encoder.0.W_o.weight".
Loading pretrained parameter "encoder.encoder.0.W_o.bias".
Loading pretrained parameter "ffn.1.weight".
Loading pretrained parameter "ffn.1.bias".
Loading pretrained parameter "ffn.4.weight".
Loading pretrained parameter "ffn.4.bias".
Loading pretrained parameter "ffn.7.weight".
Loading pretrained parameter "ffn.7.bias".
Model 0 test auc = 0.598266
Ensemble test auc = 0.598266
1-fold cross validation
	Seed 8 ==> test auc = 0.598266
Overall test auc = 0.598266 +/- 0.000000
Elapsed time = 1 day, 6:33:34
