Command line
python /home/felixjwong/miniconda3/envs/chemprop/bin/chemprop_train --data_path ./hdpc.csv --dataset_type classification --config_path ./hyperparameters.json --save_dir ./hdpc/9 --ensemble_size 1 --seed 9 --features_generator rdkit_2d_normalized --no_features_scaling
Args
{'activation': 'ReLU',
 'aggregation': 'mean',
 'aggregation_norm': 100,
 'atom_descriptor_scaling': True,
 'atom_descriptors': None,
 'atom_descriptors_path': None,
 'atom_descriptors_size': 0,
 'atom_features_size': 0,
 'atom_messages': False,
 'batch_size': 50,
 'bias': False,
 'bond_feature_scaling': True,
 'bond_features_path': None,
 'bond_features_size': 0,
 'cache_cutoff': 10000,
 'checkpoint_dir': None,
 'checkpoint_path': None,
 'checkpoint_paths': None,
 'class_balance': False,
 'config_path': './hyperparameters.json',
 'crossval_index_dir': None,
 'crossval_index_file': None,
 'crossval_index_sets': None,
 'cuda': False,
 'data_path': './hdpc.csv',
 'dataset_type': 'classification',
 'depth': 5,
 'device': device(type='cpu'),
 'dropout': 0.35,
 'ensemble_size': 1,
 'epochs': 30,
 'extra_metrics': [],
 'features_generator': ['rdkit_2d_normalized'],
 'features_only': False,
 'features_path': None,
 'features_scaling': False,
 'features_size': None,
 'ffn_hidden_size': 1600,
 'ffn_num_layers': 3,
 'final_lr': 0.0001,
 'folds_file': None,
 'gpu': None,
 'grad_clip': None,
 'hidden_size': 1600,
 'ignore_columns': None,
 'init_lr': 0.0001,
 'log_frequency': 10,
 'max_data_size': None,
 'max_lr': 0.001,
 'metric': 'auc',
 'metrics': ['auc'],
 'minimize_score': False,
 'mpn_shared': False,
 'multiclass_num_classes': 3,
 'no_atom_descriptor_scaling': False,
 'no_bond_features_scaling': False,
 'no_cache_mol': False,
 'no_cuda': False,
 'no_features_scaling': True,
 'num_folds': 1,
 'num_lrs': 1,
 'num_tasks': 1,
 'num_workers': 8,
 'number_of_molecules': 1,
 'overwrite_default_atom_features': False,
 'overwrite_default_bond_features': False,
 'pytorch_seed': 0,
 'quiet': False,
 'save_dir': './hdpc/9',
 'save_preds': False,
 'save_smiles_splits': False,
 'seed': 9,
 'separate_test_atom_descriptors_path': None,
 'separate_test_bond_features_path': None,
 'separate_test_features_path': None,
 'separate_test_path': None,
 'separate_val_atom_descriptors_path': None,
 'separate_val_bond_features_path': None,
 'separate_val_features_path': None,
 'separate_val_path': None,
 'show_individual_scores': False,
 'smiles_columns': ['\ufeffSMILES'],
 'split_sizes': (0.8, 0.1, 0.1),
 'split_type': 'random',
 'target_columns': None,
 'task_names': ['HIT'],
 'test': False,
 'test_fold_index': None,
 'train_data_size': None,
 'undirected': False,
 'use_input_features': True,
 'val_fold_index': None,
 'warmup_epochs': 2.0}
Loading data
Number of tasks = 1
Fold 0
Splitting data with seed 9
Class sizes
HIT 0: 99.12%, 1: 0.88%
Total size = 50,000 | train size = 40,000 | val size = 5,000 | test size = 5,000
Building model 0
MoleculeModel(
  (sigmoid): Sigmoid()
  (encoder): MPN(
    (encoder): ModuleList(
      (0): MPNEncoder(
        (dropout_layer): Dropout(p=0.35, inplace=False)
        (act_func): ReLU()
        (W_i): Linear(in_features=147, out_features=1600, bias=False)
        (W_h): Linear(in_features=1600, out_features=1600, bias=False)
        (W_o): Linear(in_features=1733, out_features=1600, bias=True)
      )
    )
  )
  (ffn): Sequential(
    (0): Dropout(p=0.35, inplace=False)
    (1): Linear(in_features=1800, out_features=1600, bias=True)
    (2): ReLU()
    (3): Dropout(p=0.35, inplace=False)
    (4): Linear(in_features=1600, out_features=1600, bias=True)
    (5): ReLU()
    (6): Dropout(p=0.35, inplace=False)
    (7): Linear(in_features=1600, out_features=1, bias=True)
  )
)
Number of parameters = 11,014,401
Epoch 0
Loss = 1.4780e-01, PNorm = 82.6431, GNorm = 0.0012, lr_0 = 1.0619e-04
Loss = 8.0600e-06, PNorm = 82.6522, GNorm = 0.0001, lr_0 = 1.1181e-04
Loss = 1.2728e-01, PNorm = 82.6535, GNorm = 2.4274, lr_0 = 1.1744e-04
Loss = 8.4407e-02, PNorm = 82.6522, GNorm = 0.3359, lr_0 = 1.2306e-04
Loss = 6.7075e-02, PNorm = 82.6625, GNorm = 0.4352, lr_0 = 1.2869e-04
Loss = 7.0823e-02, PNorm = 82.6692, GNorm = 0.4248, lr_0 = 1.3431e-04
Loss = 3.9835e-02, PNorm = 82.6753, GNorm = 0.1156, lr_0 = 1.3994e-04
Loss = 4.9961e-02, PNorm = 82.6832, GNorm = 0.0881, lr_0 = 1.4556e-04
Loss = 4.0702e-02, PNorm = 82.6922, GNorm = 0.4662, lr_0 = 1.5119e-04
Loss = 7.0364e-02, PNorm = 82.6947, GNorm = 0.3799, lr_0 = 1.5681e-04
Loss = 7.5176e-02, PNorm = 82.7035, GNorm = 0.3249, lr_0 = 1.6244e-04
Loss = 2.7416e-02, PNorm = 82.7182, GNorm = 0.0612, lr_0 = 1.6806e-04
Loss = 6.2747e-02, PNorm = 82.7249, GNorm = 0.0764, lr_0 = 1.7369e-04
Loss = 4.7846e-02, PNorm = 82.7321, GNorm = 0.5117, lr_0 = 1.7931e-04
Loss = 1.6201e-02, PNorm = 82.7431, GNorm = 0.0744, lr_0 = 1.8494e-04
Loss = 2.5841e-02, PNorm = 82.7556, GNorm = 0.0188, lr_0 = 1.9056e-04
Loss = 4.0769e-02, PNorm = 82.7587, GNorm = 0.0719, lr_0 = 1.9619e-04
Loss = 4.3897e-02, PNorm = 82.7691, GNorm = 0.0851, lr_0 = 2.0181e-04
Loss = 2.9189e-02, PNorm = 82.7844, GNorm = 0.5522, lr_0 = 2.0744e-04
Loss = 8.0923e-02, PNorm = 82.7904, GNorm = 0.3842, lr_0 = 2.1306e-04
Loss = 4.7838e-02, PNorm = 82.8101, GNorm = 0.0660, lr_0 = 2.1869e-04
Loss = 4.0018e-02, PNorm = 82.8220, GNorm = 0.0561, lr_0 = 2.2431e-04
Loss = 4.6019e-02, PNorm = 82.8315, GNorm = 0.3568, lr_0 = 2.2994e-04
Loss = 6.9223e-02, PNorm = 82.8422, GNorm = 0.1577, lr_0 = 2.3556e-04
Loss = 4.1504e-02, PNorm = 82.8607, GNorm = 0.4901, lr_0 = 2.4119e-04
Loss = 4.1935e-02, PNorm = 82.8714, GNorm = 0.1187, lr_0 = 2.4681e-04
Loss = 4.8902e-02, PNorm = 82.8847, GNorm = 0.4898, lr_0 = 2.5244e-04
Loss = 1.7636e-02, PNorm = 82.8986, GNorm = 0.0542, lr_0 = 2.5806e-04
Loss = 8.8873e-02, PNorm = 82.9058, GNorm = 0.2594, lr_0 = 2.6369e-04
Loss = 4.4201e-02, PNorm = 82.9332, GNorm = 0.0546, lr_0 = 2.6931e-04
Loss = 6.6956e-02, PNorm = 82.9471, GNorm = 0.1320, lr_0 = 2.7494e-04
Loss = 8.2571e-02, PNorm = 82.9631, GNorm = 0.2708, lr_0 = 2.8056e-04
Loss = 3.6492e-02, PNorm = 82.9908, GNorm = 0.0341, lr_0 = 2.8619e-04
Loss = 1.0834e-01, PNorm = 82.9978, GNorm = 0.2484, lr_0 = 2.9181e-04
Loss = 7.6970e-02, PNorm = 83.0320, GNorm = 0.0797, lr_0 = 2.9744e-04
Loss = 6.8093e-02, PNorm = 83.0516, GNorm = 0.1081, lr_0 = 3.0306e-04
Loss = 1.7814e-02, PNorm = 83.0742, GNorm = 0.0515, lr_0 = 3.0869e-04
Loss = 9.0691e-02, PNorm = 83.0796, GNorm = 0.1488, lr_0 = 3.1431e-04
Loss = 3.2018e-02, PNorm = 83.1031, GNorm = 0.0597, lr_0 = 3.1994e-04
Loss = 5.4170e-02, PNorm = 83.1148, GNorm = 0.0638, lr_0 = 3.2556e-04
Loss = 3.6703e-02, PNorm = 83.1276, GNorm = 0.3360, lr_0 = 3.3119e-04
Loss = 3.8384e-02, PNorm = 83.1408, GNorm = 0.0638, lr_0 = 3.3681e-04
Loss = 3.7925e-02, PNorm = 83.1514, GNorm = 0.0987, lr_0 = 3.4244e-04
Loss = 7.3073e-02, PNorm = 83.1641, GNorm = 0.1458, lr_0 = 3.4806e-04
Loss = 4.2083e-02, PNorm = 83.1901, GNorm = 0.3174, lr_0 = 3.5369e-04
Loss = 6.7852e-02, PNorm = 83.2064, GNorm = 0.0952, lr_0 = 3.5931e-04
Loss = 7.5001e-02, PNorm = 83.2316, GNorm = 0.1470, lr_0 = 3.6494e-04
Loss = 1.2003e-01, PNorm = 83.2554, GNorm = 0.8571, lr_0 = 3.7056e-04
Loss = 6.2499e-02, PNorm = 83.2733, GNorm = 0.2663, lr_0 = 3.7619e-04
Loss = 4.2631e-02, PNorm = 83.3093, GNorm = 0.0303, lr_0 = 3.8181e-04
Loss = 2.7722e-02, PNorm = 83.3226, GNorm = 0.0391, lr_0 = 3.8744e-04
Loss = 4.6934e-02, PNorm = 83.3292, GNorm = 0.3501, lr_0 = 3.9306e-04
Loss = 2.7132e-02, PNorm = 83.3394, GNorm = 0.0903, lr_0 = 3.9869e-04
Loss = 3.6604e-02, PNorm = 83.3521, GNorm = 0.0847, lr_0 = 4.0431e-04
Loss = 4.3471e-02, PNorm = 83.3698, GNorm = 0.4752, lr_0 = 4.0994e-04
Loss = 4.9642e-02, PNorm = 83.3794, GNorm = 0.2052, lr_0 = 4.1556e-04
Loss = 8.0718e-02, PNorm = 83.3892, GNorm = 0.2952, lr_0 = 4.2119e-04
Loss = 4.5209e-02, PNorm = 83.4258, GNorm = 0.0568, lr_0 = 4.2681e-04
Loss = 5.7467e-02, PNorm = 83.4423, GNorm = 0.0478, lr_0 = 4.3244e-04
Loss = 6.7954e-02, PNorm = 83.4501, GNorm = 0.2209, lr_0 = 4.3806e-04
Loss = 6.7005e-02, PNorm = 83.4776, GNorm = 0.1188, lr_0 = 4.4369e-04
Loss = 6.6325e-02, PNorm = 83.4956, GNorm = 0.4096, lr_0 = 4.4931e-04
Loss = 3.2331e-02, PNorm = 83.5086, GNorm = 0.1258, lr_0 = 4.5494e-04
Loss = 4.2682e-02, PNorm = 83.5264, GNorm = 0.3576, lr_0 = 4.6056e-04
Loss = 4.6529e-02, PNorm = 83.5373, GNorm = 0.1016, lr_0 = 4.6619e-04
Loss = 6.8986e-02, PNorm = 83.5488, GNorm = 0.1641, lr_0 = 4.7181e-04
Loss = 5.7052e-02, PNorm = 83.5728, GNorm = 0.2764, lr_0 = 4.7744e-04
Loss = 7.5584e-02, PNorm = 83.5943, GNorm = 0.1352, lr_0 = 4.8306e-04
Loss = 6.5360e-02, PNorm = 83.6216, GNorm = 0.2624, lr_0 = 4.8869e-04
Loss = 6.0738e-02, PNorm = 83.6487, GNorm = 0.0865, lr_0 = 4.9431e-04
Loss = 2.5118e-02, PNorm = 83.6736, GNorm = 0.0688, lr_0 = 4.9994e-04
Loss = 1.3783e-02, PNorm = 83.6963, GNorm = 0.0272, lr_0 = 5.0556e-04
Loss = 6.3940e-02, PNorm = 83.6988, GNorm = 0.0988, lr_0 = 5.1119e-04
Loss = 6.1628e-02, PNorm = 83.7162, GNorm = 0.1633, lr_0 = 5.1681e-04
Loss = 5.7839e-02, PNorm = 83.7469, GNorm = 0.1541, lr_0 = 5.2244e-04
Loss = 5.7667e-02, PNorm = 83.7830, GNorm = 0.1170, lr_0 = 5.2806e-04
Loss = 3.1405e-02, PNorm = 83.8257, GNorm = 0.0738, lr_0 = 5.3369e-04
Loss = 4.6150e-02, PNorm = 83.8603, GNorm = 0.3659, lr_0 = 5.3931e-04
Loss = 5.4187e-02, PNorm = 83.9095, GNorm = 0.1977, lr_0 = 5.4494e-04
Loss = 6.6530e-02, PNorm = 83.9649, GNorm = 0.0831, lr_0 = 5.5056e-04
Validation auc = 0.533495
Epoch 1
Loss = 6.2668e-02, PNorm = 83.9974, GNorm = 0.1667, lr_0 = 5.5619e-04
Loss = 6.0734e-02, PNorm = 84.0409, GNorm = 0.1050, lr_0 = 5.6181e-04
Loss = 3.0191e-03, PNorm = 84.0869, GNorm = 0.0146, lr_0 = 5.6744e-04
Loss = 8.1631e-02, PNorm = 84.0967, GNorm = 0.0304, lr_0 = 5.7306e-04
Loss = 6.6313e-02, PNorm = 84.1168, GNorm = 0.2931, lr_0 = 5.7869e-04
Loss = 3.6834e-02, PNorm = 84.1649, GNorm = 0.0649, lr_0 = 5.8431e-04
Loss = 6.2914e-02, PNorm = 84.1779, GNorm = 0.3629, lr_0 = 5.8994e-04
Loss = 2.6503e-02, PNorm = 84.2018, GNorm = 0.1094, lr_0 = 5.9556e-04
Loss = 2.3020e-02, PNorm = 84.2256, GNorm = 0.0266, lr_0 = 6.0119e-04
Loss = 1.1330e-01, PNorm = 84.2211, GNorm = 0.2769, lr_0 = 6.0681e-04
Loss = 3.3926e-02, PNorm = 84.2635, GNorm = 0.0881, lr_0 = 6.1244e-04
Loss = 8.6719e-02, PNorm = 84.2820, GNorm = 0.0454, lr_0 = 6.1806e-04
Loss = 1.0770e-01, PNorm = 84.2905, GNorm = 0.3675, lr_0 = 6.2369e-04
Loss = 2.7687e-02, PNorm = 84.3371, GNorm = 0.0736, lr_0 = 6.2931e-04
Loss = 4.4606e-02, PNorm = 84.3668, GNorm = 0.7285, lr_0 = 6.3494e-04
Loss = 5.0358e-02, PNorm = 84.3635, GNorm = 0.0959, lr_0 = 6.4056e-04
Loss = 4.1825e-02, PNorm = 84.3778, GNorm = 0.1965, lr_0 = 6.4619e-04
Loss = 1.0486e-01, PNorm = 84.3925, GNorm = 0.6199, lr_0 = 6.5181e-04
Loss = 3.6329e-02, PNorm = 84.4124, GNorm = 0.1549, lr_0 = 6.5744e-04
Loss = 6.1660e-02, PNorm = 84.4396, GNorm = 0.0270, lr_0 = 6.6306e-04
Loss = 4.2594e-03, PNorm = 84.4582, GNorm = 0.0683, lr_0 = 6.6869e-04
Loss = 6.3406e-02, PNorm = 84.4721, GNorm = 0.1243, lr_0 = 6.7431e-04
Loss = 3.9122e-02, PNorm = 84.5004, GNorm = 0.0911, lr_0 = 6.7994e-04
Loss = 5.8928e-02, PNorm = 84.5077, GNorm = 0.2274, lr_0 = 6.8556e-04
Loss = 4.8426e-02, PNorm = 84.5419, GNorm = 0.1000, lr_0 = 6.9119e-04
Loss = 4.7424e-02, PNorm = 84.5615, GNorm = 0.0589, lr_0 = 6.9681e-04
Loss = 4.7770e-02, PNorm = 84.5739, GNorm = 0.1468, lr_0 = 7.0244e-04
Loss = 3.7562e-02, PNorm = 84.5954, GNorm = 0.1208, lr_0 = 7.0806e-04
Loss = 5.9343e-02, PNorm = 84.6107, GNorm = 0.4293, lr_0 = 7.1369e-04
Loss = 3.3724e-02, PNorm = 84.6228, GNorm = 0.1642, lr_0 = 7.1931e-04
Loss = 5.2181e-02, PNorm = 84.6449, GNorm = 0.3512, lr_0 = 7.2494e-04
Loss = 1.0066e-01, PNorm = 84.6479, GNorm = 0.6169, lr_0 = 7.3056e-04
Loss = 6.7148e-02, PNorm = 84.6756, GNorm = 0.3160, lr_0 = 7.3619e-04
Loss = 4.2914e-02, PNorm = 84.7098, GNorm = 0.0629, lr_0 = 7.4181e-04
Loss = 7.9265e-02, PNorm = 84.7124, GNorm = 0.1936, lr_0 = 7.4744e-04
Loss = 5.3218e-02, PNorm = 84.7298, GNorm = 0.2536, lr_0 = 7.5306e-04
Loss = 6.7333e-02, PNorm = 84.7433, GNorm = 0.1852, lr_0 = 7.5869e-04
Loss = 5.0671e-02, PNorm = 84.7615, GNorm = 0.1454, lr_0 = 7.6431e-04
Loss = 7.7123e-02, PNorm = 84.7747, GNorm = 0.2941, lr_0 = 7.6994e-04
Loss = 5.6982e-02, PNorm = 84.7988, GNorm = 0.3444, lr_0 = 7.7556e-04
Loss = 1.6987e-02, PNorm = 84.8300, GNorm = 0.0559, lr_0 = 7.8119e-04
Loss = 4.0857e-02, PNorm = 84.8458, GNorm = 0.5038, lr_0 = 7.8681e-04
Loss = 3.0781e-02, PNorm = 84.8571, GNorm = 0.0999, lr_0 = 7.9244e-04
Loss = 4.5682e-02, PNorm = 84.8728, GNorm = 0.1719, lr_0 = 7.9806e-04
Loss = 5.2240e-02, PNorm = 84.8918, GNorm = 0.1804, lr_0 = 8.0369e-04
Loss = 1.9277e-02, PNorm = 84.9284, GNorm = 0.0439, lr_0 = 8.0931e-04
Loss = 2.6673e-02, PNorm = 84.9454, GNorm = 0.0393, lr_0 = 8.1494e-04
Loss = 2.9659e-02, PNorm = 84.9586, GNorm = 0.0868, lr_0 = 8.2056e-04
Loss = 5.3036e-02, PNorm = 84.9810, GNorm = 0.1497, lr_0 = 8.2619e-04
Loss = 4.1576e-02, PNorm = 85.0217, GNorm = 0.1038, lr_0 = 8.3181e-04
Loss = 8.5578e-02, PNorm = 85.0452, GNorm = 0.3840, lr_0 = 8.3744e-04
Loss = 8.5961e-02, PNorm = 85.0892, GNorm = 0.8808, lr_0 = 8.4306e-04
Loss = 6.0229e-02, PNorm = 85.1309, GNorm = 0.8353, lr_0 = 8.4869e-04
Loss = 4.7039e-02, PNorm = 85.1574, GNorm = 0.1751, lr_0 = 8.5431e-04
Loss = 6.9842e-02, PNorm = 85.1898, GNorm = 0.2002, lr_0 = 8.5994e-04
Loss = 5.8669e-02, PNorm = 85.2386, GNorm = 0.4431, lr_0 = 8.6556e-04
Loss = 6.2955e-02, PNorm = 85.2817, GNorm = 0.1186, lr_0 = 8.7119e-04
Loss = 3.6433e-02, PNorm = 85.3250, GNorm = 0.4421, lr_0 = 8.7681e-04
Loss = 5.7544e-02, PNorm = 85.3645, GNorm = 0.1649, lr_0 = 8.8244e-04
Loss = 9.2777e-02, PNorm = 85.3921, GNorm = 0.3506, lr_0 = 8.8806e-04
Loss = 4.1600e-02, PNorm = 85.4442, GNorm = 0.1230, lr_0 = 8.9369e-04
Loss = 3.3960e-02, PNorm = 85.4867, GNorm = 0.0794, lr_0 = 8.9931e-04
Loss = 8.0315e-02, PNorm = 85.5045, GNorm = 0.3715, lr_0 = 9.0494e-04
Loss = 5.6225e-02, PNorm = 85.5598, GNorm = 0.1610, lr_0 = 9.1056e-04
Loss = 5.8559e-02, PNorm = 85.5998, GNorm = 0.1990, lr_0 = 9.1619e-04
Loss = 6.9823e-02, PNorm = 85.6408, GNorm = 0.3591, lr_0 = 9.2181e-04
Loss = 4.3679e-02, PNorm = 85.6985, GNorm = 0.4737, lr_0 = 9.2744e-04
Loss = 5.6813e-02, PNorm = 85.7024, GNorm = 0.5065, lr_0 = 9.3306e-04
Loss = 4.6578e-02, PNorm = 85.7299, GNorm = 0.2922, lr_0 = 9.3869e-04
Loss = 5.9864e-03, PNorm = 85.7733, GNorm = 0.0411, lr_0 = 9.4431e-04
Loss = 1.1328e-01, PNorm = 85.7737, GNorm = 0.3413, lr_0 = 9.4994e-04
Loss = 8.3737e-02, PNorm = 85.8040, GNorm = 0.5170, lr_0 = 9.5556e-04
Loss = 7.6137e-02, PNorm = 85.8555, GNorm = 0.6480, lr_0 = 9.6119e-04
Loss = 6.5373e-02, PNorm = 85.8789, GNorm = 0.4219, lr_0 = 9.6681e-04
Loss = 3.9127e-02, PNorm = 85.9425, GNorm = 0.0626, lr_0 = 9.7244e-04
Loss = 4.6051e-02, PNorm = 85.9656, GNorm = 0.0866, lr_0 = 9.7806e-04
Loss = 3.5267e-02, PNorm = 85.9877, GNorm = 0.1276, lr_0 = 9.8369e-04
Loss = 2.7431e-02, PNorm = 86.0160, GNorm = 0.1563, lr_0 = 9.8931e-04
Loss = 6.8995e-02, PNorm = 86.0473, GNorm = 0.3008, lr_0 = 9.9494e-04
Loss = 4.8072e-02, PNorm = 86.0929, GNorm = 0.1883, lr_0 = 9.9990e-04
Validation auc = 0.534757
Epoch 2
Loss = 1.0604e-01, PNorm = 86.1156, GNorm = 0.4978, lr_0 = 9.9887e-04
Loss = 1.0217e-01, PNorm = 86.1906, GNorm = 0.3763, lr_0 = 9.9784e-04
Loss = 5.7542e-02, PNorm = 86.2838, GNorm = 0.1456, lr_0 = 9.9682e-04
Loss = 4.0301e-02, PNorm = 86.3638, GNorm = 0.5831, lr_0 = 9.9579e-04
Loss = 6.5410e-02, PNorm = 86.4390, GNorm = 0.2917, lr_0 = 9.9477e-04
Loss = 3.4111e-02, PNorm = 86.5320, GNorm = 0.1199, lr_0 = 9.9375e-04
Loss = 6.3377e-02, PNorm = 86.5835, GNorm = 0.4644, lr_0 = 9.9273e-04
Loss = 8.4970e-02, PNorm = 86.6122, GNorm = 0.4430, lr_0 = 9.9171e-04
Loss = 2.6707e-02, PNorm = 86.6900, GNorm = 0.6423, lr_0 = 9.9069e-04
Loss = 4.0015e-02, PNorm = 86.7308, GNorm = 0.0237, lr_0 = 9.8967e-04
Loss = 4.3073e-02, PNorm = 86.7332, GNorm = 0.2012, lr_0 = 9.8865e-04
Loss = 4.7412e-02, PNorm = 86.7526, GNorm = 0.1834, lr_0 = 9.8764e-04
Loss = 5.1674e-02, PNorm = 86.7738, GNorm = 0.4837, lr_0 = 9.8662e-04
Loss = 8.7154e-02, PNorm = 86.7868, GNorm = 0.4264, lr_0 = 9.8561e-04
Loss = 3.8110e-02, PNorm = 86.8319, GNorm = 0.1428, lr_0 = 9.8460e-04
Loss = 9.7456e-02, PNorm = 86.8493, GNorm = 1.2418, lr_0 = 9.8359e-04
Loss = 2.6470e-02, PNorm = 86.8812, GNorm = 0.2795, lr_0 = 9.8258e-04
Loss = 3.5410e-02, PNorm = 86.9411, GNorm = 0.0467, lr_0 = 9.8157e-04
Loss = 1.7070e-02, PNorm = 86.9671, GNorm = 0.0416, lr_0 = 9.8056e-04
Loss = 8.8952e-02, PNorm = 86.9558, GNorm = 0.5147, lr_0 = 9.7955e-04
Loss = 6.2930e-02, PNorm = 86.9638, GNorm = 0.3799, lr_0 = 9.7854e-04
Loss = 6.6325e-02, PNorm = 86.9992, GNorm = 0.6247, lr_0 = 9.7754e-04
Loss = 6.1847e-02, PNorm = 87.0050, GNorm = 0.3224, lr_0 = 9.7653e-04
Loss = 6.2601e-02, PNorm = 87.0252, GNorm = 0.1605, lr_0 = 9.7553e-04
Loss = 1.4254e-02, PNorm = 87.0486, GNorm = 0.0583, lr_0 = 9.7453e-04
Loss = 1.1156e-01, PNorm = 87.0337, GNorm = 0.4964, lr_0 = 9.7353e-04
Loss = 5.8136e-02, PNorm = 87.0618, GNorm = 0.2420, lr_0 = 9.7253e-04
Loss = 4.3143e-02, PNorm = 87.0861, GNorm = 0.1090, lr_0 = 9.7153e-04
Loss = 8.2342e-02, PNorm = 87.0830, GNorm = 0.2765, lr_0 = 9.7053e-04
Loss = 5.6920e-02, PNorm = 87.0969, GNorm = 0.2701, lr_0 = 9.6953e-04
Loss = 7.1122e-03, PNorm = 87.1302, GNorm = 0.0478, lr_0 = 9.6854e-04
Loss = 4.5557e-02, PNorm = 87.1442, GNorm = 0.9266, lr_0 = 9.6754e-04
Loss = 6.6265e-02, PNorm = 87.1242, GNorm = 0.2768, lr_0 = 9.6655e-04
Loss = 6.1197e-02, PNorm = 87.1374, GNorm = 0.2855, lr_0 = 9.6555e-04
Loss = 7.7915e-03, PNorm = 87.1699, GNorm = 0.0748, lr_0 = 9.6456e-04
Loss = 7.2610e-02, PNorm = 87.1670, GNorm = 0.0998, lr_0 = 9.6357e-04
Loss = 5.0957e-02, PNorm = 87.1630, GNorm = 0.3891, lr_0 = 9.6258e-04
Loss = 4.8449e-02, PNorm = 87.1799, GNorm = 0.9372, lr_0 = 9.6159e-04
Loss = 1.7436e-02, PNorm = 87.1968, GNorm = 0.1255, lr_0 = 9.6060e-04
Loss = 5.1675e-02, PNorm = 87.2020, GNorm = 0.1211, lr_0 = 9.5962e-04
Loss = 5.3658e-02, PNorm = 87.1985, GNorm = 0.1878, lr_0 = 9.5863e-04
Loss = 5.1427e-02, PNorm = 87.2039, GNorm = 0.2761, lr_0 = 9.5765e-04
Loss = 4.2317e-02, PNorm = 87.2194, GNorm = 0.4128, lr_0 = 9.5666e-04
Loss = 4.6920e-02, PNorm = 87.2319, GNorm = 0.1380, lr_0 = 9.5568e-04
Loss = 5.2460e-02, PNorm = 87.2364, GNorm = 0.2151, lr_0 = 9.5470e-04
Loss = 6.5533e-02, PNorm = 87.2478, GNorm = 0.6946, lr_0 = 9.5372e-04
Loss = 2.0665e-02, PNorm = 87.2676, GNorm = 0.1573, lr_0 = 9.5274e-04
Loss = 2.6610e-02, PNorm = 87.2847, GNorm = 0.0934, lr_0 = 9.5176e-04
Loss = 9.6971e-02, PNorm = 87.2803, GNorm = 0.3634, lr_0 = 9.5078e-04
Loss = 3.8281e-02, PNorm = 87.2954, GNorm = 0.4319, lr_0 = 9.4980e-04
Loss = 3.9130e-02, PNorm = 87.3307, GNorm = 0.0754, lr_0 = 9.4883e-04
Loss = 1.1050e-01, PNorm = 87.3329, GNorm = 1.4439, lr_0 = 9.4785e-04
Loss = 3.7923e-02, PNorm = 87.3511, GNorm = 0.3586, lr_0 = 9.4688e-04
Loss = 6.6601e-02, PNorm = 87.3903, GNorm = 1.1816, lr_0 = 9.4591e-04
Loss = 5.8286e-02, PNorm = 87.4011, GNorm = 0.3132, lr_0 = 9.4493e-04
Loss = 6.3091e-02, PNorm = 87.4310, GNorm = 0.2955, lr_0 = 9.4396e-04
Loss = 6.6667e-02, PNorm = 87.4790, GNorm = 0.9355, lr_0 = 9.4299e-04
Loss = 3.5472e-02, PNorm = 87.5283, GNorm = 0.9468, lr_0 = 9.4203e-04
Loss = 5.0250e-02, PNorm = 87.5792, GNorm = 0.5877, lr_0 = 9.4106e-04
Loss = 5.8400e-02, PNorm = 87.6321, GNorm = 0.5379, lr_0 = 9.4009e-04
Loss = 5.3707e-03, PNorm = 87.6890, GNorm = 0.0330, lr_0 = 9.3912e-04
Loss = 5.3189e-02, PNorm = 87.7125, GNorm = 0.1022, lr_0 = 9.3816e-04
Loss = 5.3916e-02, PNorm = 87.7443, GNorm = 0.3073, lr_0 = 9.3720e-04
Loss = 5.6547e-02, PNorm = 87.7730, GNorm = 0.4180, lr_0 = 9.3623e-04
Loss = 4.5824e-02, PNorm = 87.8139, GNorm = 0.1273, lr_0 = 9.3527e-04
Loss = 6.8211e-02, PNorm = 87.8194, GNorm = 0.2204, lr_0 = 9.3431e-04
Loss = 4.9132e-02, PNorm = 87.8411, GNorm = 0.2669, lr_0 = 9.3335e-04
Loss = 3.7858e-02, PNorm = 87.8687, GNorm = 0.1592, lr_0 = 9.3239e-04
Loss = 3.5279e-02, PNorm = 87.8883, GNorm = 0.1270, lr_0 = 9.3143e-04
Loss = 7.0826e-02, PNorm = 87.9001, GNorm = 0.7167, lr_0 = 9.3048e-04
Loss = 7.9666e-02, PNorm = 87.9029, GNorm = 0.2915, lr_0 = 9.2952e-04
Loss = 5.8023e-02, PNorm = 87.9445, GNorm = 0.8321, lr_0 = 9.2857e-04
Loss = 5.9946e-02, PNorm = 87.9554, GNorm = 0.3014, lr_0 = 9.2761e-04
Loss = 4.0032e-02, PNorm = 87.9812, GNorm = 0.2035, lr_0 = 9.2666e-04
Loss = 6.0670e-02, PNorm = 87.9973, GNorm = 0.1885, lr_0 = 9.2571e-04
Loss = 8.1171e-02, PNorm = 88.0079, GNorm = 0.4556, lr_0 = 9.2476e-04
Loss = 6.6526e-02, PNorm = 88.0313, GNorm = 0.7461, lr_0 = 9.2381e-04
Loss = 3.9613e-02, PNorm = 88.0475, GNorm = 0.2521, lr_0 = 9.2286e-04
Loss = 2.8626e-02, PNorm = 88.0761, GNorm = 0.5552, lr_0 = 9.2191e-04
Loss = 7.1708e-02, PNorm = 88.0768, GNorm = 0.2666, lr_0 = 9.2096e-04
Validation auc = 0.521943
Epoch 3
Loss = 4.8006e-02, PNorm = 88.0975, GNorm = 1.3469, lr_0 = 9.2001e-04
Loss = 1.6697e-02, PNorm = 88.1198, GNorm = 0.1016, lr_0 = 9.1907e-04
Loss = 4.6716e-02, PNorm = 88.1283, GNorm = 0.1353, lr_0 = 9.1812e-04
Loss = 1.3026e-01, PNorm = 88.1175, GNorm = 0.4873, lr_0 = 9.1718e-04
Loss = 8.4420e-02, PNorm = 88.1530, GNorm = 0.3676, lr_0 = 9.1624e-04
Loss = 6.7840e-02, PNorm = 88.1854, GNorm = 0.2749, lr_0 = 9.1530e-04
Loss = 3.2064e-02, PNorm = 88.2074, GNorm = 0.1819, lr_0 = 9.1436e-04
Loss = 3.4176e-02, PNorm = 88.2391, GNorm = 0.6935, lr_0 = 9.1342e-04
Loss = 4.9988e-02, PNorm = 88.2323, GNorm = 0.2030, lr_0 = 9.1248e-04
Loss = 3.9955e-02, PNorm = 88.2518, GNorm = 0.2021, lr_0 = 9.1154e-04
Loss = 6.7738e-02, PNorm = 88.2734, GNorm = 0.4902, lr_0 = 9.1061e-04
Loss = 7.3078e-02, PNorm = 88.2973, GNorm = 0.4242, lr_0 = 9.0967e-04
Loss = 5.2888e-02, PNorm = 88.3493, GNorm = 0.7942, lr_0 = 9.0874e-04
Loss = 3.3501e-02, PNorm = 88.4121, GNorm = 0.1238, lr_0 = 9.0780e-04
Loss = 3.8742e-02, PNorm = 88.4675, GNorm = 0.2034, lr_0 = 9.0687e-04
Loss = 5.6670e-02, PNorm = 88.5403, GNorm = 0.7291, lr_0 = 9.0594e-04
Loss = 5.7479e-02, PNorm = 88.5679, GNorm = 0.3448, lr_0 = 9.0501e-04
Loss = 7.3191e-02, PNorm = 88.6105, GNorm = 1.0779, lr_0 = 9.0408e-04
Loss = 5.5428e-02, PNorm = 88.6348, GNorm = 0.7875, lr_0 = 9.0315e-04
Loss = 6.1054e-02, PNorm = 88.6437, GNorm = 0.4038, lr_0 = 9.0222e-04
Loss = 5.4299e-02, PNorm = 88.6720, GNorm = 0.2235, lr_0 = 9.0129e-04
Loss = 4.1693e-02, PNorm = 88.6900, GNorm = 0.0915, lr_0 = 9.0037e-04
Loss = 3.4421e-02, PNorm = 88.6962, GNorm = 0.2016, lr_0 = 8.9944e-04
Loss = 2.6588e-02, PNorm = 88.7151, GNorm = 0.7136, lr_0 = 8.9852e-04
Loss = 1.0853e-01, PNorm = 88.7050, GNorm = 0.8175, lr_0 = 8.9759e-04
Loss = 3.9440e-02, PNorm = 88.7288, GNorm = 0.3506, lr_0 = 8.9667e-04
Loss = 3.2248e-02, PNorm = 88.7564, GNorm = 0.9861, lr_0 = 8.9575e-04
Loss = 2.8565e-02, PNorm = 88.7629, GNorm = 0.8548, lr_0 = 8.9483e-04
Loss = 9.7807e-02, PNorm = 88.7469, GNorm = 0.6357, lr_0 = 8.9391e-04
Loss = 5.5433e-02, PNorm = 88.7697, GNorm = 0.6813, lr_0 = 8.9299e-04
Loss = 3.1676e-02, PNorm = 88.7869, GNorm = 0.3846, lr_0 = 8.9208e-04
Loss = 4.3172e-02, PNorm = 88.7897, GNorm = 0.1376, lr_0 = 8.9116e-04
Loss = 6.7276e-02, PNorm = 88.7859, GNorm = 0.4633, lr_0 = 8.9024e-04
Loss = 4.8973e-02, PNorm = 88.8020, GNorm = 0.2754, lr_0 = 8.8933e-04
Loss = 2.5034e-02, PNorm = 88.8183, GNorm = 0.1321, lr_0 = 8.8842e-04
Loss = 2.6413e-02, PNorm = 88.8268, GNorm = 0.0824, lr_0 = 8.8750e-04
Loss = 1.0413e-01, PNorm = 88.8137, GNorm = 0.2439, lr_0 = 8.8659e-04
Loss = 5.4087e-02, PNorm = 88.8126, GNorm = 0.4372, lr_0 = 8.8568e-04
Loss = 8.5517e-02, PNorm = 88.8255, GNorm = 0.7229, lr_0 = 8.8477e-04
Loss = 3.9597e-02, PNorm = 88.8343, GNorm = 0.2270, lr_0 = 8.8386e-04
Loss = 5.2858e-02, PNorm = 88.8420, GNorm = 0.5247, lr_0 = 8.8295e-04
Loss = 6.5820e-02, PNorm = 88.8478, GNorm = 0.9720, lr_0 = 8.8205e-04
Loss = 5.9130e-02, PNorm = 88.8544, GNorm = 0.3821, lr_0 = 8.8114e-04
Loss = 5.2313e-02, PNorm = 88.8726, GNorm = 0.1647, lr_0 = 8.8023e-04
Loss = 6.7864e-02, PNorm = 88.8782, GNorm = 0.5743, lr_0 = 8.7933e-04
Loss = 8.2447e-02, PNorm = 88.8883, GNorm = 0.4485, lr_0 = 8.7843e-04
Loss = 9.3894e-02, PNorm = 88.9072, GNorm = 0.7471, lr_0 = 8.7752e-04
Loss = 4.6003e-02, PNorm = 88.9373, GNorm = 0.2192, lr_0 = 8.7662e-04
Loss = 4.5953e-02, PNorm = 88.9573, GNorm = 0.1270, lr_0 = 8.7572e-04
Loss = 6.6988e-02, PNorm = 88.9646, GNorm = 0.6103, lr_0 = 8.7482e-04
Loss = 2.3778e-02, PNorm = 88.9932, GNorm = 0.2676, lr_0 = 8.7392e-04
Loss = 3.5022e-02, PNorm = 89.0194, GNorm = 0.0668, lr_0 = 8.7303e-04
Loss = 1.4970e-02, PNorm = 89.0382, GNorm = 0.0477, lr_0 = 8.7213e-04
Loss = 8.0858e-02, PNorm = 89.0359, GNorm = 0.7149, lr_0 = 8.7123e-04
Loss = 6.5628e-02, PNorm = 89.0552, GNorm = 0.6258, lr_0 = 8.7034e-04
Loss = 7.4617e-02, PNorm = 89.1093, GNorm = 0.8877, lr_0 = 8.6944e-04
Loss = 5.0215e-02, PNorm = 89.1615, GNorm = 0.9869, lr_0 = 8.6855e-04
Loss = 3.6677e-02, PNorm = 89.2287, GNorm = 2.1174, lr_0 = 8.6766e-04
Loss = 1.4392e-02, PNorm = 89.3299, GNorm = 0.1562, lr_0 = 8.6677e-04
Loss = 4.3171e-02, PNorm = 89.4215, GNorm = 0.1997, lr_0 = 8.6588e-04
Loss = 6.8784e-02, PNorm = 89.4623, GNorm = 0.3868, lr_0 = 8.6499e-04
Loss = 2.9270e-02, PNorm = 89.5087, GNorm = 0.2098, lr_0 = 8.6410e-04
Loss = 8.6106e-02, PNorm = 89.5270, GNorm = 0.3741, lr_0 = 8.6321e-04
Loss = 6.9577e-02, PNorm = 89.5532, GNorm = 0.3629, lr_0 = 8.6232e-04
Loss = 3.8579e-02, PNorm = 89.5875, GNorm = 0.8116, lr_0 = 8.6144e-04
Loss = 1.6306e-02, PNorm = 89.6104, GNorm = 0.0963, lr_0 = 8.6055e-04
Loss = 4.5036e-02, PNorm = 89.6160, GNorm = 0.1185, lr_0 = 8.5967e-04
Loss = 3.7131e-02, PNorm = 89.6321, GNorm = 0.1663, lr_0 = 8.5878e-04
Loss = 8.5569e-02, PNorm = 89.6363, GNorm = 0.3283, lr_0 = 8.5790e-04
Loss = 4.7203e-02, PNorm = 89.6834, GNorm = 0.3019, lr_0 = 8.5702e-04
Loss = 4.2929e-02, PNorm = 89.7309, GNorm = 0.1134, lr_0 = 8.5614e-04
Loss = 2.6964e-02, PNorm = 89.7424, GNorm = 0.1346, lr_0 = 8.5526e-04
Loss = 8.3606e-02, PNorm = 89.7462, GNorm = 0.3195, lr_0 = 8.5438e-04
Loss = 5.5074e-02, PNorm = 89.7815, GNorm = 0.5945, lr_0 = 8.5350e-04
Loss = 3.9297e-02, PNorm = 89.8160, GNorm = 0.2133, lr_0 = 8.5263e-04
Loss = 6.6612e-02, PNorm = 89.8650, GNorm = 0.4220, lr_0 = 8.5175e-04
Loss = 2.5535e-02, PNorm = 89.9691, GNorm = 0.1432, lr_0 = 8.5088e-04
Loss = 6.5478e-02, PNorm = 90.0278, GNorm = 0.2230, lr_0 = 8.5000e-04
Loss = 4.0503e-02, PNorm = 90.0770, GNorm = 0.1986, lr_0 = 8.4913e-04
Loss = 2.8185e-02, PNorm = 90.1273, GNorm = 0.1000, lr_0 = 8.4826e-04
Validation auc = 0.523581
Epoch 4
Loss = 9.4127e-02, PNorm = 90.1508, GNorm = 0.5164, lr_0 = 8.4738e-04
Loss = 1.4603e-02, PNorm = 90.2208, GNorm = 0.1576, lr_0 = 8.4651e-04
Loss = 7.4140e-02, PNorm = 90.2576, GNorm = 0.6484, lr_0 = 8.4564e-04
Loss = 7.6996e-02, PNorm = 90.2665, GNorm = 0.5957, lr_0 = 8.4478e-04
Loss = 1.3460e-01, PNorm = 90.3896, GNorm = 0.7513, lr_0 = 8.4391e-04
Loss = 7.9624e-02, PNorm = 90.9935, GNorm = 0.4155, lr_0 = 8.4304e-04
Loss = 1.4684e-02, PNorm = 91.5740, GNorm = 0.0000, lr_0 = 8.4217e-04
Loss = 2.0448e-01, PNorm = 91.9668, GNorm = 0.6451, lr_0 = 8.4131e-04
Loss = 4.9827e-02, PNorm = 92.3013, GNorm = 0.1869, lr_0 = 8.4044e-04
Loss = 5.6201e-02, PNorm = 92.4625, GNorm = 1.7851, lr_0 = 8.3958e-04
Loss = 6.1533e-02, PNorm = 92.5475, GNorm = 0.5328, lr_0 = 8.3872e-04
Loss = 6.7808e-02, PNorm = 92.6114, GNorm = 0.6986, lr_0 = 8.3786e-04
Loss = 2.9187e-02, PNorm = 92.6421, GNorm = 0.7611, lr_0 = 8.3700e-04
Loss = 3.2191e-02, PNorm = 92.6624, GNorm = 0.1325, lr_0 = 8.3614e-04
Loss = 6.0022e-02, PNorm = 92.6707, GNorm = 0.3551, lr_0 = 8.3528e-04
Loss = 2.6353e-02, PNorm = 92.6951, GNorm = 0.1714, lr_0 = 8.3442e-04
Loss = 1.8520e-01, PNorm = 92.7093, GNorm = 12.5500, lr_0 = 8.3356e-04
Loss = 3.6381e-02, PNorm = 93.2679, GNorm = 0.4135, lr_0 = 8.3270e-04
Loss = 4.8715e-02, PNorm = 93.6782, GNorm = 0.7475, lr_0 = 8.3185e-04
Loss = 8.0078e-02, PNorm = 93.8422, GNorm = 0.5407, lr_0 = 8.3099e-04
Loss = 7.5134e-02, PNorm = 93.9147, GNorm = 0.5232, lr_0 = 8.3014e-04
Loss = 1.4603e-02, PNorm = 93.9682, GNorm = 0.0738, lr_0 = 8.2929e-04
Loss = 6.4850e-04, PNorm = 94.0006, GNorm = 0.0098, lr_0 = 8.2844e-04
Loss = 1.4503e-01, PNorm = 93.9764, GNorm = 0.2141, lr_0 = 8.2758e-04
Loss = 4.1367e-02, PNorm = 93.9813, GNorm = 0.5902, lr_0 = 8.2673e-04
Loss = 4.6732e-02, PNorm = 94.0013, GNorm = 0.4939, lr_0 = 8.2589e-04
Loss = 7.0769e-02, PNorm = 94.0073, GNorm = 2.0116, lr_0 = 8.2504e-04
Loss = 4.8965e-02, PNorm = 94.0052, GNorm = 0.4713, lr_0 = 8.2419e-04
Loss = 1.0293e-01, PNorm = 94.0090, GNorm = 0.8846, lr_0 = 8.2334e-04
Loss = 5.5267e-02, PNorm = 94.0163, GNorm = 1.1432, lr_0 = 8.2250e-04
Loss = 8.6821e-02, PNorm = 94.0218, GNorm = 1.0429, lr_0 = 8.2165e-04
Loss = 6.1688e-02, PNorm = 94.0282, GNorm = 0.4888, lr_0 = 8.2081e-04
Loss = 6.8475e-02, PNorm = 94.0370, GNorm = 0.5582, lr_0 = 8.1996e-04
Loss = 5.8702e-02, PNorm = 94.0515, GNorm = 1.3414, lr_0 = 8.1912e-04
Loss = 8.6546e-02, PNorm = 94.0476, GNorm = 0.3839, lr_0 = 8.1828e-04
Loss = 5.1057e-02, PNorm = 94.0639, GNorm = 0.3640, lr_0 = 8.1744e-04
Loss = 3.9463e-02, PNorm = 94.0829, GNorm = 0.1741, lr_0 = 8.1660e-04
Loss = 1.5389e-02, PNorm = 94.1019, GNorm = 0.0494, lr_0 = 8.1576e-04
Loss = 4.8423e-02, PNorm = 94.1043, GNorm = 0.8384, lr_0 = 8.1492e-04
Loss = 1.7194e-02, PNorm = 94.0997, GNorm = 0.1525, lr_0 = 8.1408e-04
Loss = 1.4372e-02, PNorm = 94.1084, GNorm = 0.1231, lr_0 = 8.1325e-04
Loss = 8.7947e-02, PNorm = 94.1033, GNorm = 0.5439, lr_0 = 8.1241e-04
Loss = 3.8533e-02, PNorm = 94.1149, GNorm = 0.3358, lr_0 = 8.1158e-04
Loss = 9.0252e-02, PNorm = 94.1233, GNorm = 0.3906, lr_0 = 8.1074e-04
Loss = 1.4823e-02, PNorm = 94.1407, GNorm = 0.2616, lr_0 = 8.0991e-04
Loss = 7.5758e-02, PNorm = 94.1506, GNorm = 0.1780, lr_0 = 8.0908e-04
Loss = 7.4364e-03, PNorm = 94.1667, GNorm = 0.1085, lr_0 = 8.0825e-04
Loss = 4.4177e-02, PNorm = 94.1755, GNorm = 0.0781, lr_0 = 8.0742e-04
Loss = 6.1724e-02, PNorm = 94.1756, GNorm = 0.2237, lr_0 = 8.0659e-04
Loss = 8.1987e-02, PNorm = 94.1768, GNorm = 0.5338, lr_0 = 8.0576e-04
Loss = 7.9519e-02, PNorm = 94.1933, GNorm = 0.4316, lr_0 = 8.0493e-04
Loss = 5.2928e-02, PNorm = 94.2137, GNorm = 0.1459, lr_0 = 8.0410e-04
Loss = 3.4958e-02, PNorm = 94.2251, GNorm = 0.1697, lr_0 = 8.0328e-04
Loss = 5.8854e-02, PNorm = 94.2339, GNorm = 2.4211, lr_0 = 8.0245e-04
Loss = 7.2866e-02, PNorm = 94.2279, GNorm = 0.2934, lr_0 = 8.0163e-04
Loss = 9.2657e-02, PNorm = 94.2353, GNorm = 0.5898, lr_0 = 8.0081e-04
Loss = 4.0270e-02, PNorm = 94.2589, GNorm = 0.1366, lr_0 = 7.9998e-04
Loss = 4.7553e-02, PNorm = 94.2696, GNorm = 0.1030, lr_0 = 7.9916e-04
Loss = 3.1585e-02, PNorm = 94.2742, GNorm = 0.7857, lr_0 = 7.9834e-04
Loss = 9.5582e-02, PNorm = 94.2604, GNorm = 0.6206, lr_0 = 7.9752e-04
Loss = 6.5000e-02, PNorm = 94.2712, GNorm = 0.5176, lr_0 = 7.9670e-04
Loss = 5.7780e-02, PNorm = 94.2819, GNorm = 0.2343, lr_0 = 7.9588e-04
Loss = 4.0859e-02, PNorm = 94.2941, GNorm = 0.1127, lr_0 = 7.9506e-04
Loss = 1.3498e-02, PNorm = 94.2988, GNorm = 0.1099, lr_0 = 7.9425e-04
Loss = 2.7945e-02, PNorm = 94.3058, GNorm = 0.0665, lr_0 = 7.9343e-04
Loss = 3.1855e-02, PNorm = 94.3072, GNorm = 0.1072, lr_0 = 7.9262e-04
Loss = 3.1614e-02, PNorm = 94.3080, GNorm = 0.6908, lr_0 = 7.9180e-04
Loss = 3.5161e-02, PNorm = 94.3099, GNorm = 0.1541, lr_0 = 7.9099e-04
Loss = 4.6745e-02, PNorm = 94.3151, GNorm = 1.3303, lr_0 = 7.9017e-04
Loss = 3.6014e-02, PNorm = 94.3155, GNorm = 0.2337, lr_0 = 7.8936e-04
Loss = 7.2584e-02, PNorm = 94.3191, GNorm = 0.2921, lr_0 = 7.8855e-04
Loss = 5.3789e-02, PNorm = 94.3299, GNorm = 0.2552, lr_0 = 7.8774e-04
Loss = 5.5847e-02, PNorm = 94.3444, GNorm = 0.1730, lr_0 = 7.8693e-04
Loss = 4.9879e-02, PNorm = 94.3449, GNorm = 0.3030, lr_0 = 7.8612e-04
Loss = 5.3210e-02, PNorm = 94.3561, GNorm = 0.6287, lr_0 = 7.8532e-04
Loss = 6.6819e-02, PNorm = 94.3595, GNorm = 0.5752, lr_0 = 7.8451e-04
Loss = 3.2377e-02, PNorm = 94.3719, GNorm = 0.6908, lr_0 = 7.8370e-04
Loss = 7.1028e-02, PNorm = 94.3692, GNorm = 0.3105, lr_0 = 7.8290e-04
Loss = 6.5745e-02, PNorm = 94.3795, GNorm = 1.0393, lr_0 = 7.8209e-04
Loss = 7.2552e-02, PNorm = 94.3844, GNorm = 0.4680, lr_0 = 7.8129e-04
Validation auc = 0.543705
Epoch 5
Loss = 4.1868e-02, PNorm = 94.3974, GNorm = 0.2021, lr_0 = 7.8049e-04
Loss = 4.8865e-02, PNorm = 94.4124, GNorm = 0.8077, lr_0 = 7.7969e-04
Loss = 3.6368e-02, PNorm = 94.4157, GNorm = 0.1900, lr_0 = 7.7888e-04
Loss = 6.3652e-02, PNorm = 94.4211, GNorm = 0.5955, lr_0 = 7.7808e-04
Loss = 4.6910e-02, PNorm = 94.4229, GNorm = 0.3209, lr_0 = 7.7729e-04
Loss = 5.2865e-02, PNorm = 94.4345, GNorm = 0.5861, lr_0 = 7.7649e-04
Loss = 4.6015e-02, PNorm = 94.4441, GNorm = 0.2453, lr_0 = 7.7569e-04
Loss = 3.7116e-02, PNorm = 94.4549, GNorm = 0.1743, lr_0 = 7.7489e-04
Loss = 8.9269e-02, PNorm = 94.4552, GNorm = 0.2944, lr_0 = 7.7410e-04
Loss = 6.6941e-02, PNorm = 94.4649, GNorm = 0.4030, lr_0 = 7.7330e-04
Loss = 2.9208e-02, PNorm = 94.4881, GNorm = 0.2155, lr_0 = 7.7251e-04
Loss = 8.0632e-02, PNorm = 94.4984, GNorm = 0.1253, lr_0 = 7.7171e-04
Loss = 7.3526e-02, PNorm = 94.4936, GNorm = 0.5313, lr_0 = 7.7092e-04
Loss = 4.5648e-02, PNorm = 94.5192, GNorm = 0.4916, lr_0 = 7.7013e-04
Loss = 5.1762e-02, PNorm = 94.5407, GNorm = 1.3973, lr_0 = 7.6934e-04
Loss = 7.0719e-02, PNorm = 94.5444, GNorm = 0.2702, lr_0 = 7.6855e-04
Loss = 5.7219e-02, PNorm = 94.5525, GNorm = 0.3903, lr_0 = 7.6776e-04
Loss = 7.0742e-02, PNorm = 94.5708, GNorm = 0.3876, lr_0 = 7.6697e-04
Loss = 6.7224e-02, PNorm = 94.5937, GNorm = 0.3684, lr_0 = 7.6618e-04
Loss = 8.6924e-02, PNorm = 94.6182, GNorm = 1.5116, lr_0 = 7.6539e-04
Loss = 1.8500e-02, PNorm = 94.6344, GNorm = 0.2376, lr_0 = 7.6461e-04
Loss = 2.3305e-02, PNorm = 94.6625, GNorm = 0.0841, lr_0 = 7.6382e-04
Loss = 3.7917e-02, PNorm = 94.6769, GNorm = 0.0864, lr_0 = 7.6304e-04
Loss = 9.0112e-02, PNorm = 94.6722, GNorm = 0.2463, lr_0 = 7.6225e-04
Loss = 5.5637e-02, PNorm = 94.7016, GNorm = 0.3592, lr_0 = 7.6147e-04
Loss = 6.5851e-02, PNorm = 94.7325, GNorm = 0.5227, lr_0 = 7.6069e-04
Loss = 6.7998e-02, PNorm = 94.7460, GNorm = 0.3787, lr_0 = 7.5990e-04
Loss = 6.7163e-02, PNorm = 94.7618, GNorm = 0.3454, lr_0 = 7.5912e-04
Loss = 6.2796e-02, PNorm = 94.7838, GNorm = 0.6428, lr_0 = 7.5834e-04
Loss = 4.9598e-02, PNorm = 94.8009, GNorm = 0.5332, lr_0 = 7.5756e-04
Loss = 2.5675e-02, PNorm = 94.8169, GNorm = 0.1509, lr_0 = 7.5679e-04
Loss = 8.1223e-02, PNorm = 94.8183, GNorm = 0.4013, lr_0 = 7.5601e-04
Loss = 4.3490e-02, PNorm = 94.8371, GNorm = 0.3942, lr_0 = 7.5523e-04
Loss = 2.6732e-02, PNorm = 94.8574, GNorm = 0.1459, lr_0 = 7.5446e-04
Loss = 3.2378e-02, PNorm = 94.8739, GNorm = 0.5785, lr_0 = 7.5368e-04
Loss = 4.1834e-02, PNorm = 94.8759, GNorm = 0.6024, lr_0 = 7.5291e-04
Loss = 7.3968e-02, PNorm = 94.8767, GNorm = 0.4164, lr_0 = 7.5213e-04
Loss = 4.9904e-02, PNorm = 94.8931, GNorm = 0.2321, lr_0 = 7.5136e-04
Loss = 5.0908e-02, PNorm = 94.9097, GNorm = 0.8991, lr_0 = 7.5059e-04
Loss = 4.3183e-02, PNorm = 94.9116, GNorm = 0.1764, lr_0 = 7.4982e-04
Loss = 4.1627e-02, PNorm = 94.9186, GNorm = 0.2629, lr_0 = 7.4905e-04
Loss = 3.5192e-02, PNorm = 94.9325, GNorm = 0.1231, lr_0 = 7.4828e-04
Loss = 3.7436e-03, PNorm = 94.9503, GNorm = 0.0569, lr_0 = 7.4751e-04
Loss = 1.8561e-02, PNorm = 94.9625, GNorm = 0.0307, lr_0 = 7.4674e-04
Loss = 3.9887e-02, PNorm = 94.9590, GNorm = 0.1234, lr_0 = 7.4597e-04
Loss = 5.0528e-02, PNorm = 94.9540, GNorm = 0.1847, lr_0 = 7.4521e-04
Loss = 5.0978e-02, PNorm = 94.9544, GNorm = 0.3711, lr_0 = 7.4444e-04
Loss = 5.8062e-02, PNorm = 94.9646, GNorm = 0.3033, lr_0 = 7.4368e-04
Loss = 5.4140e-02, PNorm = 94.9772, GNorm = 0.2080, lr_0 = 7.4291e-04
Loss = 5.7481e-02, PNorm = 94.9840, GNorm = 0.3267, lr_0 = 7.4215e-04
Loss = 4.8212e-02, PNorm = 94.9954, GNorm = 0.2619, lr_0 = 7.4139e-04
Loss = 2.0685e-02, PNorm = 95.0160, GNorm = 0.0793, lr_0 = 7.4062e-04
Loss = 5.6332e-02, PNorm = 95.0200, GNorm = 1.0001, lr_0 = 7.3986e-04
Loss = 6.1184e-02, PNorm = 95.0144, GNorm = 0.3158, lr_0 = 7.3910e-04
Loss = 4.5198e-02, PNorm = 95.0267, GNorm = 0.5778, lr_0 = 7.3834e-04
Loss = 6.4804e-02, PNorm = 95.0421, GNorm = 0.6025, lr_0 = 7.3759e-04
Loss = 6.4787e-02, PNorm = 95.0496, GNorm = 0.3923, lr_0 = 7.3683e-04
Loss = 3.8762e-02, PNorm = 95.0750, GNorm = 0.1833, lr_0 = 7.3607e-04
Loss = 1.1903e-01, PNorm = 95.0707, GNorm = 0.3828, lr_0 = 7.3531e-04
Loss = 5.8216e-02, PNorm = 95.0874, GNorm = 0.4154, lr_0 = 7.3456e-04
Loss = 2.0743e-02, PNorm = 95.1204, GNorm = 0.0619, lr_0 = 7.3380e-04
Loss = 1.4827e-02, PNorm = 95.1374, GNorm = 0.0276, lr_0 = 7.3305e-04
Loss = 6.0371e-02, PNorm = 95.1326, GNorm = 0.0683, lr_0 = 7.3230e-04
Loss = 3.1312e-02, PNorm = 95.1318, GNorm = 0.1728, lr_0 = 7.3155e-04
Loss = 5.6155e-02, PNorm = 95.1326, GNorm = 0.1775, lr_0 = 7.3079e-04
Loss = 4.6947e-02, PNorm = 95.1344, GNorm = 0.2547, lr_0 = 7.3004e-04
Loss = 4.7425e-02, PNorm = 95.1434, GNorm = 0.1829, lr_0 = 7.2929e-04
Loss = 9.6035e-02, PNorm = 95.1405, GNorm = 0.8536, lr_0 = 7.2854e-04
Loss = 6.8848e-02, PNorm = 95.1422, GNorm = 0.4186, lr_0 = 7.2779e-04
Loss = 3.2838e-02, PNorm = 95.1659, GNorm = 0.1643, lr_0 = 7.2705e-04
Loss = 7.6051e-02, PNorm = 95.1687, GNorm = 0.6348, lr_0 = 7.2630e-04
Loss = 8.1101e-02, PNorm = 95.1629, GNorm = 0.3184, lr_0 = 7.2555e-04
Loss = 4.6749e-02, PNorm = 95.1700, GNorm = 0.3521, lr_0 = 7.2481e-04
Loss = 3.1590e-02, PNorm = 95.1895, GNorm = 1.3271, lr_0 = 7.2406e-04
Loss = 7.7926e-02, PNorm = 95.1851, GNorm = 1.4903, lr_0 = 7.2332e-04
Loss = 2.9486e-02, PNorm = 95.1871, GNorm = 0.2587, lr_0 = 7.2258e-04
Loss = 4.2172e-02, PNorm = 95.1991, GNorm = 0.1499, lr_0 = 7.2183e-04
Loss = 4.9252e-02, PNorm = 95.2054, GNorm = 0.5678, lr_0 = 7.2109e-04
Loss = 5.3977e-02, PNorm = 95.2070, GNorm = 0.2526, lr_0 = 7.2035e-04
Loss = 7.7968e-02, PNorm = 95.2089, GNorm = 0.3855, lr_0 = 7.1961e-04
Validation auc = 0.537726
Epoch 6
Loss = 4.4580e-02, PNorm = 95.2214, GNorm = 0.2020, lr_0 = 7.1887e-04
Loss = 7.4168e-02, PNorm = 95.2220, GNorm = 0.5507, lr_0 = 7.1813e-04
Loss = 9.1105e-02, PNorm = 95.2195, GNorm = 0.4888, lr_0 = 7.1740e-04
Loss = 8.5410e-02, PNorm = 95.2337, GNorm = 0.5069, lr_0 = 7.1666e-04
Loss = 3.4368e-02, PNorm = 95.2484, GNorm = 0.2281, lr_0 = 7.1592e-04
Loss = 2.9261e-02, PNorm = 95.2598, GNorm = 0.1109, lr_0 = 7.1519e-04
Loss = 2.7483e-02, PNorm = 95.2723, GNorm = 0.7859, lr_0 = 7.1445e-04
Loss = 6.1529e-02, PNorm = 95.2711, GNorm = 0.6355, lr_0 = 7.1372e-04
Loss = 8.5487e-02, PNorm = 95.2652, GNorm = 0.5650, lr_0 = 7.1298e-04
Loss = 5.7891e-02, PNorm = 95.2819, GNorm = 0.3554, lr_0 = 7.1225e-04
Loss = 3.2700e-02, PNorm = 95.3061, GNorm = 0.1451, lr_0 = 7.1152e-04
Loss = 6.9669e-02, PNorm = 95.3146, GNorm = 0.1066, lr_0 = 7.1079e-04
Loss = 8.4081e-02, PNorm = 95.3099, GNorm = 1.0020, lr_0 = 7.1006e-04
Loss = 8.0420e-02, PNorm = 95.3121, GNorm = 0.6658, lr_0 = 7.0933e-04
Loss = 5.2611e-02, PNorm = 95.3394, GNorm = 0.1547, lr_0 = 7.0860e-04
Loss = 4.2237e-02, PNorm = 95.3505, GNorm = 0.1346, lr_0 = 7.0787e-04
Loss = 3.6541e-02, PNorm = 95.3608, GNorm = 0.0871, lr_0 = 7.0715e-04
Loss = 7.8323e-02, PNorm = 95.3576, GNorm = 1.0588, lr_0 = 7.0642e-04
Loss = 3.4706e-02, PNorm = 95.3653, GNorm = 0.3251, lr_0 = 7.0569e-04
Loss = 9.1503e-02, PNorm = 95.3759, GNorm = 0.2831, lr_0 = 7.0497e-04
Loss = 3.5396e-02, PNorm = 95.3940, GNorm = 0.7288, lr_0 = 7.0424e-04
Loss = 5.4064e-02, PNorm = 95.4084, GNorm = 0.1839, lr_0 = 7.0352e-04
Loss = 6.0525e-02, PNorm = 95.4120, GNorm = 0.6943, lr_0 = 7.0280e-04
Loss = 2.8592e-02, PNorm = 95.4234, GNorm = 0.1653, lr_0 = 7.0208e-04
Loss = 5.3818e-02, PNorm = 95.4329, GNorm = 0.1468, lr_0 = 7.0135e-04
Loss = 7.7285e-02, PNorm = 95.4344, GNorm = 1.0581, lr_0 = 7.0063e-04
Loss = 2.9705e-02, PNorm = 95.4462, GNorm = 0.2681, lr_0 = 6.9991e-04
Loss = 6.2052e-02, PNorm = 95.4576, GNorm = 0.2079, lr_0 = 6.9919e-04
Loss = 5.0369e-02, PNorm = 95.4657, GNorm = 0.2021, lr_0 = 6.9848e-04
Loss = 1.6680e-02, PNorm = 95.4804, GNorm = 0.2251, lr_0 = 6.9776e-04
Loss = 3.5766e-02, PNorm = 95.4920, GNorm = 0.6245, lr_0 = 6.9704e-04
Loss = 6.7893e-02, PNorm = 95.4898, GNorm = 1.0220, lr_0 = 6.9633e-04
Loss = 2.4931e-02, PNorm = 95.4939, GNorm = 0.2425, lr_0 = 6.9561e-04
Loss = 6.6814e-02, PNorm = 95.5017, GNorm = 0.2506, lr_0 = 6.9490e-04
Loss = 2.8476e-02, PNorm = 95.5241, GNorm = 0.6132, lr_0 = 6.9418e-04
Loss = 4.9033e-02, PNorm = 95.5321, GNorm = 0.1410, lr_0 = 6.9347e-04
Loss = 4.3306e-02, PNorm = 95.5436, GNorm = 0.2360, lr_0 = 6.9276e-04
Loss = 3.6813e-02, PNorm = 95.5533, GNorm = 0.1594, lr_0 = 6.9204e-04
Loss = 4.0412e-02, PNorm = 95.5719, GNorm = 0.5846, lr_0 = 6.9133e-04
Loss = 4.7353e-02, PNorm = 95.5895, GNorm = 0.6921, lr_0 = 6.9062e-04
Loss = 6.1780e-02, PNorm = 95.5935, GNorm = 0.3757, lr_0 = 6.8991e-04
Loss = 7.4761e-02, PNorm = 95.6104, GNorm = 0.6396, lr_0 = 6.8920e-04
Loss = 4.9800e-02, PNorm = 95.6323, GNorm = 0.2900, lr_0 = 6.8850e-04
Loss = 7.2124e-02, PNorm = 95.6556, GNorm = 0.7039, lr_0 = 6.8779e-04
Loss = 7.8261e-02, PNorm = 95.6577, GNorm = 0.4063, lr_0 = 6.8708e-04
Loss = 4.3762e-02, PNorm = 95.6897, GNorm = 0.4747, lr_0 = 6.8638e-04
Loss = 4.1232e-02, PNorm = 95.7129, GNorm = 0.1565, lr_0 = 6.8567e-04
Loss = 7.0471e-02, PNorm = 95.7158, GNorm = 0.5666, lr_0 = 6.8497e-04
Loss = 6.0172e-02, PNorm = 95.7154, GNorm = 0.4054, lr_0 = 6.8426e-04
Loss = 5.1962e-02, PNorm = 95.7241, GNorm = 0.3347, lr_0 = 6.8356e-04
Loss = 1.7639e-02, PNorm = 95.7454, GNorm = 0.1083, lr_0 = 6.8286e-04
Loss = 7.7758e-02, PNorm = 95.7394, GNorm = 0.2849, lr_0 = 6.8216e-04
Loss = 2.5128e-02, PNorm = 95.7546, GNorm = 0.2021, lr_0 = 6.8146e-04
Loss = 4.7877e-02, PNorm = 95.7653, GNorm = 0.1624, lr_0 = 6.8076e-04
Loss = 7.6845e-02, PNorm = 95.7619, GNorm = 0.2406, lr_0 = 6.8006e-04
Loss = 5.5581e-02, PNorm = 95.7803, GNorm = 0.4185, lr_0 = 6.7936e-04
Loss = 6.9954e-02, PNorm = 95.8019, GNorm = 1.0191, lr_0 = 6.7866e-04
Loss = 3.9444e-02, PNorm = 95.8158, GNorm = 0.7694, lr_0 = 6.7796e-04
Loss = 2.0106e-02, PNorm = 95.8298, GNorm = 0.1222, lr_0 = 6.7727e-04
Loss = 5.0289e-02, PNorm = 95.8343, GNorm = 0.5223, lr_0 = 6.7657e-04
Loss = 6.7022e-02, PNorm = 95.8291, GNorm = 0.7020, lr_0 = 6.7587e-04
Loss = 3.9211e-02, PNorm = 95.8334, GNorm = 0.4740, lr_0 = 6.7518e-04
Loss = 4.6758e-02, PNorm = 95.8435, GNorm = 0.2107, lr_0 = 6.7449e-04
Loss = 5.7173e-02, PNorm = 95.8473, GNorm = 0.2513, lr_0 = 6.7379e-04
Loss = 4.2909e-02, PNorm = 95.8538, GNorm = 0.2719, lr_0 = 6.7310e-04
Loss = 5.4905e-02, PNorm = 95.8602, GNorm = 0.5489, lr_0 = 6.7241e-04
Loss = 5.8127e-02, PNorm = 95.8645, GNorm = 0.6288, lr_0 = 6.7172e-04
Loss = 5.0301e-02, PNorm = 95.8698, GNorm = 0.2884, lr_0 = 6.7103e-04
Loss = 5.1319e-02, PNorm = 95.8767, GNorm = 0.3068, lr_0 = 6.7034e-04
Loss = 4.0972e-02, PNorm = 95.8880, GNorm = 0.2374, lr_0 = 6.6965e-04
Loss = 5.0726e-02, PNorm = 95.8964, GNorm = 0.7487, lr_0 = 6.6896e-04
Loss = 3.0076e-02, PNorm = 95.9097, GNorm = 0.7816, lr_0 = 6.6828e-04
Loss = 3.7094e-02, PNorm = 95.9153, GNorm = 1.4481, lr_0 = 6.6759e-04
Loss = 4.0565e-02, PNorm = 95.9154, GNorm = 0.2587, lr_0 = 6.6690e-04
Loss = 5.8567e-02, PNorm = 95.9220, GNorm = 0.5841, lr_0 = 6.6622e-04
Loss = 4.4647e-02, PNorm = 95.9368, GNorm = 0.2556, lr_0 = 6.6553e-04
Loss = 1.0167e-01, PNorm = 95.9399, GNorm = 0.4150, lr_0 = 6.6485e-04
Loss = 2.7994e-02, PNorm = 95.9585, GNorm = 0.3084, lr_0 = 6.6417e-04
Loss = 2.5354e-02, PNorm = 95.9782, GNorm = 0.0685, lr_0 = 6.6348e-04
Loss = 3.6069e-02, PNorm = 95.9858, GNorm = 0.0716, lr_0 = 6.6280e-04
Validation auc = 0.521761
Epoch 7
Loss = 9.8267e-02, PNorm = 95.9732, GNorm = 0.7174, lr_0 = 6.6212e-04
Loss = 5.2209e-02, PNorm = 95.9787, GNorm = 0.4360, lr_0 = 6.6144e-04
Loss = 5.2910e-02, PNorm = 96.0028, GNorm = 0.5391, lr_0 = 6.6076e-04
Loss = 3.6389e-02, PNorm = 96.0190, GNorm = 0.1395, lr_0 = 6.6008e-04
Loss = 5.5037e-02, PNorm = 96.0259, GNorm = 0.2115, lr_0 = 6.5940e-04
Loss = 5.0584e-02, PNorm = 96.0388, GNorm = 0.2601, lr_0 = 6.5873e-04
Loss = 5.6015e-02, PNorm = 96.0523, GNorm = 0.5683, lr_0 = 6.5805e-04
Loss = 3.6519e-02, PNorm = 96.0699, GNorm = 0.5367, lr_0 = 6.5737e-04
Loss = 7.3758e-02, PNorm = 96.0796, GNorm = 0.2623, lr_0 = 6.5670e-04
Loss = 5.4058e-02, PNorm = 96.1018, GNorm = 0.3233, lr_0 = 6.5602e-04
Loss = 4.1840e-02, PNorm = 96.1453, GNorm = 0.1007, lr_0 = 6.5535e-04
Loss = 1.2281e-01, PNorm = 96.1554, GNorm = 0.3733, lr_0 = 6.5468e-04
Loss = 6.6894e-02, PNorm = 96.2022, GNorm = 0.3317, lr_0 = 6.5400e-04
Loss = 7.3439e-02, PNorm = 96.2316, GNorm = 1.4741, lr_0 = 6.5333e-04
Loss = 2.8861e-02, PNorm = 96.2456, GNorm = 0.2205, lr_0 = 6.5266e-04
Loss = 2.3082e-02, PNorm = 96.2648, GNorm = 0.1405, lr_0 = 6.5199e-04
Loss = 9.1934e-02, PNorm = 96.2668, GNorm = 1.3628, lr_0 = 6.5132e-04
Loss = 6.1426e-02, PNorm = 96.2709, GNorm = 0.4796, lr_0 = 6.5065e-04
Loss = 2.3125e-02, PNorm = 96.2948, GNorm = 0.1546, lr_0 = 6.4998e-04
Loss = 9.9264e-02, PNorm = 96.3073, GNorm = 2.0825, lr_0 = 6.4931e-04
Loss = 2.8179e-02, PNorm = 96.3064, GNorm = 0.4127, lr_0 = 6.4865e-04
Loss = 4.9671e-02, PNorm = 96.3239, GNorm = 0.6023, lr_0 = 6.4798e-04
Loss = 2.4827e-02, PNorm = 96.3403, GNorm = 0.1448, lr_0 = 6.4732e-04
Loss = 3.7184e-02, PNorm = 96.3504, GNorm = 0.0965, lr_0 = 6.4665e-04
Loss = 5.1790e-02, PNorm = 96.3575, GNorm = 0.9765, lr_0 = 6.4599e-04
Loss = 3.7812e-02, PNorm = 96.3576, GNorm = 0.6734, lr_0 = 6.4532e-04
Loss = 3.2711e-02, PNorm = 96.3676, GNorm = 0.2376, lr_0 = 6.4466e-04
Loss = 6.2423e-02, PNorm = 96.3841, GNorm = 0.9768, lr_0 = 6.4400e-04
Loss = 3.9407e-02, PNorm = 96.4020, GNorm = 0.2544, lr_0 = 6.4334e-04
Loss = 4.3722e-03, PNorm = 96.4425, GNorm = 0.0264, lr_0 = 6.4267e-04
Loss = 3.0966e-02, PNorm = 96.4701, GNorm = 0.0760, lr_0 = 6.4201e-04
Loss = 3.5469e-02, PNorm = 96.4998, GNorm = 0.7202, lr_0 = 6.4135e-04
Loss = 3.5596e-02, PNorm = 96.5174, GNorm = 0.6613, lr_0 = 6.4070e-04
Loss = 5.3858e-02, PNorm = 96.5354, GNorm = 1.1589, lr_0 = 6.4004e-04
Loss = 7.0330e-02, PNorm = 96.5527, GNorm = 0.3438, lr_0 = 6.3938e-04
Loss = 7.6471e-02, PNorm = 96.5794, GNorm = 0.7517, lr_0 = 6.3872e-04
Loss = 5.1911e-02, PNorm = 96.6123, GNorm = 0.3423, lr_0 = 6.3807e-04
Loss = 1.3403e-01, PNorm = 96.6282, GNorm = 0.6298, lr_0 = 6.3741e-04
Loss = 8.8415e-02, PNorm = 96.6626, GNorm = 1.0214, lr_0 = 6.3676e-04
Loss = 2.3201e-02, PNorm = 96.7213, GNorm = 0.1309, lr_0 = 6.3610e-04
Loss = 2.2423e-02, PNorm = 96.7547, GNorm = 0.0506, lr_0 = 6.3545e-04
Loss = 1.2446e-02, PNorm = 96.7744, GNorm = 0.0391, lr_0 = 6.3480e-04
Loss = 7.0672e-02, PNorm = 96.7607, GNorm = 0.1562, lr_0 = 6.3414e-04
Loss = 5.3412e-02, PNorm = 96.7601, GNorm = 0.3808, lr_0 = 6.3349e-04
Loss = 4.7488e-02, PNorm = 96.7809, GNorm = 0.2797, lr_0 = 6.3284e-04
Loss = 4.0789e-02, PNorm = 96.7956, GNorm = 0.1844, lr_0 = 6.3219e-04
Loss = 6.1127e-02, PNorm = 96.8064, GNorm = 0.6995, lr_0 = 6.3154e-04
Loss = 3.0055e-02, PNorm = 96.8251, GNorm = 0.3620, lr_0 = 6.3089e-04
Loss = 7.7426e-02, PNorm = 96.8294, GNorm = 0.6207, lr_0 = 6.3024e-04
Loss = 3.2385e-02, PNorm = 96.8465, GNorm = 0.6096, lr_0 = 6.2960e-04
Loss = 6.4719e-02, PNorm = 96.8604, GNorm = 0.2043, lr_0 = 6.2895e-04
Loss = 4.8429e-02, PNorm = 96.8734, GNorm = 0.2788, lr_0 = 6.2830e-04
Loss = 5.1519e-02, PNorm = 96.8862, GNorm = 0.3254, lr_0 = 6.2766e-04
Loss = 4.6834e-02, PNorm = 96.9066, GNorm = 0.2401, lr_0 = 6.2701e-04
Loss = 5.0132e-02, PNorm = 96.9221, GNorm = 0.2060, lr_0 = 6.2637e-04
Loss = 4.0818e-02, PNorm = 96.9323, GNorm = 0.2225, lr_0 = 6.2573e-04
Loss = 2.9748e-02, PNorm = 96.9487, GNorm = 0.6162, lr_0 = 6.2508e-04
Loss = 5.3510e-02, PNorm = 96.9519, GNorm = 0.2346, lr_0 = 6.2444e-04
Loss = 1.0210e-01, PNorm = 96.9555, GNorm = 0.3382, lr_0 = 6.2380e-04
Loss = 5.9406e-02, PNorm = 96.9706, GNorm = 0.3888, lr_0 = 6.2316e-04
Loss = 6.1602e-02, PNorm = 96.9936, GNorm = 1.3782, lr_0 = 6.2252e-04
Loss = 5.5435e-02, PNorm = 96.9941, GNorm = 0.6573, lr_0 = 6.2188e-04
Loss = 4.9239e-02, PNorm = 97.0039, GNorm = 0.3409, lr_0 = 6.2124e-04
Loss = 5.7138e-02, PNorm = 97.0099, GNorm = 0.3013, lr_0 = 6.2060e-04
Loss = 1.9592e-02, PNorm = 97.0249, GNorm = 0.1572, lr_0 = 6.1996e-04
Loss = 8.7130e-02, PNorm = 97.0210, GNorm = 0.8043, lr_0 = 6.1933e-04
Loss = 1.9692e-02, PNorm = 97.0249, GNorm = 0.2373, lr_0 = 6.1869e-04
Loss = 2.6772e-02, PNorm = 97.0320, GNorm = 0.1618, lr_0 = 6.1805e-04
Loss = 7.2002e-02, PNorm = 97.0328, GNorm = 0.2284, lr_0 = 6.1742e-04
Loss = 7.6149e-03, PNorm = 97.0423, GNorm = 0.1761, lr_0 = 6.1679e-04
Loss = 6.6083e-02, PNorm = 97.0471, GNorm = 0.6878, lr_0 = 6.1615e-04
Loss = 5.6644e-02, PNorm = 97.0427, GNorm = 0.4631, lr_0 = 6.1552e-04
Loss = 3.8495e-02, PNorm = 97.0584, GNorm = 0.4172, lr_0 = 6.1489e-04
Loss = 5.1312e-02, PNorm = 97.0687, GNorm = 0.1622, lr_0 = 6.1425e-04
Loss = 5.5598e-02, PNorm = 97.0754, GNorm = 0.2232, lr_0 = 6.1362e-04
Loss = 5.2124e-02, PNorm = 97.0817, GNorm = 0.3471, lr_0 = 6.1299e-04
Loss = 4.0850e-02, PNorm = 97.0999, GNorm = 0.6969, lr_0 = 6.1236e-04
Loss = 6.5747e-02, PNorm = 97.1069, GNorm = 0.5015, lr_0 = 6.1173e-04
Loss = 5.0174e-02, PNorm = 97.1168, GNorm = 0.3132, lr_0 = 6.1111e-04
Loss = 4.8377e-02, PNorm = 97.1322, GNorm = 0.2142, lr_0 = 6.1048e-04
Validation auc = 0.506942
Epoch 8
Loss = 3.6086e-02, PNorm = 97.1429, GNorm = 0.1884, lr_0 = 6.0985e-04
Loss = 5.2454e-02, PNorm = 97.1479, GNorm = 0.6114, lr_0 = 6.0922e-04
Loss = 5.7179e-02, PNorm = 97.1536, GNorm = 0.5280, lr_0 = 6.0860e-04
Loss = 1.8351e-02, PNorm = 97.1721, GNorm = 0.1798, lr_0 = 6.0797e-04
Loss = 4.6772e-02, PNorm = 97.1851, GNorm = 0.7449, lr_0 = 6.0735e-04
Loss = 6.6083e-02, PNorm = 97.1840, GNorm = 0.2781, lr_0 = 6.0672e-04
Loss = 6.3395e-02, PNorm = 97.1934, GNorm = 0.6679, lr_0 = 6.0610e-04
Loss = 5.0100e-02, PNorm = 97.2049, GNorm = 0.3502, lr_0 = 6.0548e-04
Loss = 3.5926e-02, PNorm = 97.2244, GNorm = 0.2140, lr_0 = 6.0486e-04
Loss = 2.9353e-02, PNorm = 97.2374, GNorm = 0.1726, lr_0 = 6.0423e-04
Loss = 2.7641e-02, PNorm = 97.2531, GNorm = 0.1387, lr_0 = 6.0361e-04
Loss = 5.1530e-02, PNorm = 97.2669, GNorm = 1.4539, lr_0 = 6.0299e-04
Loss = 4.0824e-02, PNorm = 97.2720, GNorm = 0.2270, lr_0 = 6.0237e-04
Loss = 2.8091e-02, PNorm = 97.2857, GNorm = 0.1955, lr_0 = 6.0175e-04
Loss = 1.1371e-01, PNorm = 97.2880, GNorm = 0.5479, lr_0 = 6.0114e-04
Loss = 6.4740e-02, PNorm = 97.3046, GNorm = 0.9703, lr_0 = 6.0052e-04
Loss = 4.1436e-02, PNorm = 97.3273, GNorm = 0.3272, lr_0 = 5.9990e-04
Loss = 7.0674e-02, PNorm = 97.3414, GNorm = 0.1954, lr_0 = 5.9929e-04
Loss = 4.5500e-02, PNorm = 97.3462, GNorm = 0.2738, lr_0 = 5.9867e-04
Loss = 4.9564e-02, PNorm = 97.3566, GNorm = 0.3740, lr_0 = 5.9805e-04
Loss = 3.2650e-02, PNorm = 97.3737, GNorm = 0.1570, lr_0 = 5.9744e-04
Loss = 6.8715e-02, PNorm = 97.3776, GNorm = 0.8446, lr_0 = 5.9683e-04
Loss = 7.1299e-02, PNorm = 97.3808, GNorm = 1.1585, lr_0 = 5.9621e-04
Loss = 7.2954e-02, PNorm = 97.3981, GNorm = 0.6947, lr_0 = 5.9560e-04
Loss = 9.8796e-02, PNorm = 97.4147, GNorm = 0.4143, lr_0 = 5.9499e-04
Loss = 4.1243e-02, PNorm = 97.4365, GNorm = 0.3397, lr_0 = 5.9438e-04
Loss = 4.5896e-02, PNorm = 97.4602, GNorm = 0.1804, lr_0 = 5.9377e-04
Loss = 5.6106e-02, PNorm = 97.4747, GNorm = 0.7910, lr_0 = 5.9316e-04
Loss = 3.9234e-02, PNorm = 97.4887, GNorm = 0.2024, lr_0 = 5.9255e-04
Loss = 7.8983e-02, PNorm = 97.5069, GNorm = 0.7282, lr_0 = 5.9194e-04
Loss = 5.2533e-02, PNorm = 97.5437, GNorm = 0.8316, lr_0 = 5.9133e-04
Loss = 8.3546e-02, PNorm = 97.5773, GNorm = 0.4492, lr_0 = 5.9072e-04
Loss = 4.0739e-02, PNorm = 97.6606, GNorm = 0.4314, lr_0 = 5.9012e-04
Loss = 5.9773e-02, PNorm = 97.7186, GNorm = 0.1885, lr_0 = 5.8951e-04
Loss = 2.7798e-02, PNorm = 97.7498, GNorm = 0.1716, lr_0 = 5.8890e-04
Loss = 2.2414e-02, PNorm = 97.7700, GNorm = 0.1064, lr_0 = 5.8830e-04
Loss = 7.6807e-02, PNorm = 97.7717, GNorm = 0.2810, lr_0 = 5.8769e-04
Loss = 8.9432e-02, PNorm = 97.7775, GNorm = 0.5291, lr_0 = 5.8709e-04
Loss = 4.1339e-02, PNorm = 97.8069, GNorm = 0.4049, lr_0 = 5.8649e-04
Loss = 4.7951e-02, PNorm = 97.8295, GNorm = 0.1867, lr_0 = 5.8589e-04
Loss = 7.1868e-02, PNorm = 97.8370, GNorm = 1.0088, lr_0 = 5.8528e-04
Loss = 3.7260e-02, PNorm = 97.8423, GNorm = 0.6550, lr_0 = 5.8468e-04
Loss = 4.0814e-02, PNorm = 97.8509, GNorm = 0.2709, lr_0 = 5.8408e-04
Loss = 3.2584e-02, PNorm = 97.8654, GNorm = 0.2240, lr_0 = 5.8348e-04
Loss = 4.9254e-02, PNorm = 97.8756, GNorm = 0.1960, lr_0 = 5.8288e-04
Loss = 6.8129e-02, PNorm = 97.8813, GNorm = 0.5494, lr_0 = 5.8228e-04
Loss = 8.0251e-02, PNorm = 97.8836, GNorm = 0.6251, lr_0 = 5.8168e-04
Loss = 4.1698e-02, PNorm = 97.8991, GNorm = 0.3166, lr_0 = 5.8109e-04
Loss = 4.8002e-02, PNorm = 97.9127, GNorm = 0.1265, lr_0 = 5.8049e-04
Loss = 5.6866e-02, PNorm = 97.9134, GNorm = 0.5347, lr_0 = 5.7989e-04
Loss = 5.6835e-02, PNorm = 97.9131, GNorm = 0.3629, lr_0 = 5.7930e-04
Loss = 1.1859e-02, PNorm = 97.9278, GNorm = 0.2303, lr_0 = 5.7870e-04
Loss = 6.9423e-02, PNorm = 97.9380, GNorm = 0.9783, lr_0 = 5.7811e-04
Loss = 6.9085e-02, PNorm = 97.9413, GNorm = 0.3300, lr_0 = 5.7751e-04
Loss = 8.9063e-02, PNorm = 97.9519, GNorm = 0.4045, lr_0 = 5.7692e-04
Loss = 8.6393e-02, PNorm = 98.0788, GNorm = 0.3527, lr_0 = 5.7633e-04
Loss = 6.9715e-02, PNorm = 98.2941, GNorm = 1.8457, lr_0 = 5.7574e-04
Loss = 7.5908e-02, PNorm = 98.4003, GNorm = 0.7308, lr_0 = 5.7514e-04
Loss = 6.9232e-02, PNorm = 98.4657, GNorm = 1.4119, lr_0 = 5.7455e-04
Loss = 3.4638e-02, PNorm = 98.4998, GNorm = 0.2711, lr_0 = 5.7396e-04
Loss = 2.9358e-02, PNorm = 98.5256, GNorm = 0.1748, lr_0 = 5.7337e-04
Loss = 7.6421e-02, PNorm = 98.5305, GNorm = 1.0335, lr_0 = 5.7278e-04
Loss = 2.8089e-02, PNorm = 98.5407, GNorm = 0.2713, lr_0 = 5.7220e-04
Loss = 6.4015e-03, PNorm = 98.5654, GNorm = 0.1119, lr_0 = 5.7161e-04
Loss = 6.2119e-02, PNorm = 98.5744, GNorm = 0.0826, lr_0 = 5.7102e-04
Loss = 5.4211e-02, PNorm = 98.5688, GNorm = 0.8423, lr_0 = 5.7043e-04
Loss = 8.4523e-02, PNorm = 98.5664, GNorm = 0.5358, lr_0 = 5.6985e-04
Loss = 5.6645e-02, PNorm = 98.5824, GNorm = 0.4321, lr_0 = 5.6926e-04
Loss = 5.4107e-02, PNorm = 98.6017, GNorm = 0.1804, lr_0 = 5.6868e-04
Loss = 3.0398e-02, PNorm = 98.6147, GNorm = 0.1558, lr_0 = 5.6809e-04
Loss = 3.8722e-03, PNorm = 98.6300, GNorm = 0.1234, lr_0 = 5.6751e-04
Loss = 4.5500e-02, PNorm = 98.6372, GNorm = 1.0079, lr_0 = 5.6693e-04
Loss = 6.0814e-02, PNorm = 98.6343, GNorm = 0.1940, lr_0 = 5.6634e-04
Loss = 3.6976e-02, PNorm = 98.6410, GNorm = 0.2933, lr_0 = 5.6576e-04
Loss = 3.5668e-02, PNorm = 98.6560, GNorm = 0.2257, lr_0 = 5.6518e-04
Loss = 4.2381e-02, PNorm = 98.6685, GNorm = 0.6822, lr_0 = 5.6460e-04
Loss = 6.2970e-02, PNorm = 98.6765, GNorm = 0.3183, lr_0 = 5.6402e-04
Loss = 3.9022e-02, PNorm = 98.7003, GNorm = 0.2368, lr_0 = 5.6344e-04
Loss = 4.1538e-02, PNorm = 98.7206, GNorm = 0.2306, lr_0 = 5.6286e-04
Loss = 5.4933e-02, PNorm = 98.7430, GNorm = 1.5019, lr_0 = 5.6228e-04
Validation auc = 0.529006
Epoch 9
Loss = 3.6789e-02, PNorm = 98.7531, GNorm = 0.5186, lr_0 = 5.6171e-04
Loss = 4.4267e-02, PNorm = 98.7777, GNorm = 0.2803, lr_0 = 5.6113e-04
Loss = 5.0122e-02, PNorm = 98.7986, GNorm = 0.2293, lr_0 = 5.6055e-04
Loss = 4.1120e-02, PNorm = 98.8154, GNorm = 0.8625, lr_0 = 5.5998e-04
Loss = 5.5608e-02, PNorm = 98.8223, GNorm = 0.5547, lr_0 = 5.5940e-04
Loss = 1.7695e-02, PNorm = 98.8440, GNorm = 0.2205, lr_0 = 5.5883e-04
Loss = 7.6801e-02, PNorm = 98.8514, GNorm = 0.2587, lr_0 = 5.5825e-04
Loss = 3.7739e-02, PNorm = 98.8699, GNorm = 0.5482, lr_0 = 5.5768e-04
Loss = 7.2719e-02, PNorm = 98.8883, GNorm = 0.3624, lr_0 = 5.5711e-04
Loss = 2.8179e-02, PNorm = 98.9069, GNorm = 0.2428, lr_0 = 5.5653e-04
Loss = 7.8687e-02, PNorm = 98.9160, GNorm = 1.2700, lr_0 = 5.5596e-04
Loss = 8.7285e-02, PNorm = 98.9157, GNorm = 0.7136, lr_0 = 5.5539e-04
Loss = 6.3745e-02, PNorm = 98.9353, GNorm = 0.4611, lr_0 = 5.5482e-04
Loss = 6.1377e-02, PNorm = 98.9453, GNorm = 0.3137, lr_0 = 5.5425e-04
Loss = 4.6992e-02, PNorm = 98.9571, GNorm = 0.7201, lr_0 = 5.5368e-04
Loss = 5.9837e-02, PNorm = 98.9664, GNorm = 0.2105, lr_0 = 5.5311e-04
Loss = 8.3404e-02, PNorm = 98.9741, GNorm = 0.5927, lr_0 = 5.5254e-04
Loss = 5.0382e-02, PNorm = 98.9961, GNorm = 0.2950, lr_0 = 5.5198e-04
Loss = 7.1777e-02, PNorm = 99.0088, GNorm = 0.5837, lr_0 = 5.5141e-04
Loss = 8.8599e-03, PNorm = 99.0314, GNorm = 0.1124, lr_0 = 5.5084e-04
Loss = 5.3825e-02, PNorm = 99.0428, GNorm = 1.1007, lr_0 = 5.5028e-04
Loss = 1.6463e-02, PNorm = 99.0454, GNorm = 0.1118, lr_0 = 5.4971e-04
Loss = 3.0485e-02, PNorm = 99.0504, GNorm = 0.1035, lr_0 = 5.4915e-04
Loss = 7.6126e-02, PNorm = 99.0410, GNorm = 0.2783, lr_0 = 5.4858e-04
Loss = 2.1691e-02, PNorm = 99.0486, GNorm = 0.5966, lr_0 = 5.4802e-04
Loss = 5.8613e-03, PNorm = 99.0627, GNorm = 0.1066, lr_0 = 5.4745e-04
Loss = 1.4014e-02, PNorm = 99.0740, GNorm = 0.9334, lr_0 = 5.4689e-04
Loss = 1.8477e-02, PNorm = 99.0766, GNorm = 0.0468, lr_0 = 5.4633e-04
Loss = 7.6954e-02, PNorm = 99.0686, GNorm = 0.1174, lr_0 = 5.4577e-04
Loss = 2.5856e-02, PNorm = 99.0660, GNorm = 0.2296, lr_0 = 5.4521e-04
Loss = 2.8513e-02, PNorm = 99.0747, GNorm = 0.2098, lr_0 = 5.4465e-04
Loss = 7.4169e-02, PNorm = 99.0808, GNorm = 0.2999, lr_0 = 5.4409e-04
Loss = 7.6013e-02, PNorm = 99.0858, GNorm = 0.4731, lr_0 = 5.4353e-04
Loss = 3.1873e-02, PNorm = 99.1050, GNorm = 0.2450, lr_0 = 5.4297e-04
Loss = 6.2008e-02, PNorm = 99.1183, GNorm = 0.1559, lr_0 = 5.4241e-04
Loss = 3.9313e-02, PNorm = 99.1232, GNorm = 0.2072, lr_0 = 5.4186e-04
Loss = 6.7858e-02, PNorm = 99.1304, GNorm = 0.6478, lr_0 = 5.4130e-04
Loss = 9.3816e-02, PNorm = 99.1329, GNorm = 0.4948, lr_0 = 5.4074e-04
Loss = 4.5586e-02, PNorm = 99.1557, GNorm = 0.5181, lr_0 = 5.4019e-04
Loss = 3.0953e-02, PNorm = 99.1835, GNorm = 0.9899, lr_0 = 5.3963e-04
Loss = 4.0979e-02, PNorm = 99.1910, GNorm = 0.1120, lr_0 = 5.3908e-04
Loss = 1.0168e-01, PNorm = 99.1822, GNorm = 0.3302, lr_0 = 5.3852e-04
Loss = 5.6963e-02, PNorm = 99.1988, GNorm = 0.7593, lr_0 = 5.3797e-04
Loss = 3.0316e-02, PNorm = 99.2237, GNorm = 0.2516, lr_0 = 5.3742e-04
Loss = 7.3856e-02, PNorm = 99.2394, GNorm = 0.5322, lr_0 = 5.3687e-04
Loss = 3.2977e-02, PNorm = 99.2500, GNorm = 0.4890, lr_0 = 5.3631e-04
Loss = 4.9903e-02, PNorm = 99.2468, GNorm = 0.2868, lr_0 = 5.3576e-04
Loss = 4.5357e-02, PNorm = 99.2587, GNorm = 1.0527, lr_0 = 5.3521e-04
Loss = 7.8792e-02, PNorm = 99.2627, GNorm = 0.9002, lr_0 = 5.3466e-04
Loss = 6.1371e-02, PNorm = 99.2615, GNorm = 0.4667, lr_0 = 5.3411e-04
Loss = 7.8726e-02, PNorm = 99.2670, GNorm = 0.4922, lr_0 = 5.3357e-04
Loss = 5.9298e-02, PNorm = 99.2862, GNorm = 0.3491, lr_0 = 5.3302e-04
Loss = 3.5895e-02, PNorm = 99.3093, GNorm = 0.2144, lr_0 = 5.3247e-04
Loss = 5.5437e-02, PNorm = 99.3215, GNorm = 0.9345, lr_0 = 5.3192e-04
Loss = 1.6854e-02, PNorm = 99.3384, GNorm = 0.7091, lr_0 = 5.3138e-04
Loss = 1.0545e-01, PNorm = 99.3348, GNorm = 1.1968, lr_0 = 5.3083e-04
Loss = 5.5451e-02, PNorm = 99.3368, GNorm = 0.5189, lr_0 = 5.3028e-04
Loss = 5.3254e-02, PNorm = 99.3634, GNorm = 1.0456, lr_0 = 5.2974e-04
Loss = 5.1231e-02, PNorm = 99.3840, GNorm = 0.2279, lr_0 = 5.2920e-04
Loss = 3.6073e-03, PNorm = 99.4227, GNorm = 0.0002, lr_0 = 5.2865e-04
Loss = 1.7738e-01, PNorm = 99.5413, GNorm = 0.6737, lr_0 = 5.2811e-04
Loss = 7.3619e-02, PNorm = 99.7306, GNorm = 0.7968, lr_0 = 5.2757e-04
Loss = 6.6823e-02, PNorm = 99.8672, GNorm = 0.7063, lr_0 = 5.2702e-04
Loss = 5.0253e-02, PNorm = 99.9238, GNorm = 0.2315, lr_0 = 5.2648e-04
Loss = 3.8436e-02, PNorm = 99.9563, GNorm = 0.1535, lr_0 = 5.2594e-04
Loss = 3.4239e-02, PNorm = 99.9692, GNorm = 0.1754, lr_0 = 5.2540e-04
Loss = 4.7668e-02, PNorm = 99.9754, GNorm = 0.2836, lr_0 = 5.2486e-04
Loss = 1.6469e-02, PNorm = 99.9920, GNorm = 0.8129, lr_0 = 5.2432e-04
Loss = 2.7572e-02, PNorm = 100.0015, GNorm = 0.1231, lr_0 = 5.2378e-04
Loss = 3.7354e-02, PNorm = 100.0087, GNorm = 1.4962, lr_0 = 5.2325e-04
Loss = 7.2702e-02, PNorm = 100.0026, GNorm = 0.4016, lr_0 = 5.2271e-04
Loss = 1.2541e-01, PNorm = 100.0048, GNorm = 0.9807, lr_0 = 5.2217e-04
Loss = 7.0826e-02, PNorm = 100.0279, GNorm = 0.4155, lr_0 = 5.2163e-04
Loss = 3.8308e-02, PNorm = 100.0502, GNorm = 0.2143, lr_0 = 5.2110e-04
Loss = 5.7948e-02, PNorm = 100.0608, GNorm = 0.1681, lr_0 = 5.2056e-04
Loss = 2.7909e-02, PNorm = 100.0711, GNorm = 0.1645, lr_0 = 5.2003e-04
Loss = 4.4208e-02, PNorm = 100.0788, GNorm = 0.1614, lr_0 = 5.1949e-04
Loss = 6.3748e-02, PNorm = 100.0822, GNorm = 0.7166, lr_0 = 5.1896e-04
Loss = 2.8007e-02, PNorm = 100.0953, GNorm = 0.2378, lr_0 = 5.1843e-04
Loss = 5.7869e-02, PNorm = 100.1069, GNorm = 0.2041, lr_0 = 5.1789e-04
Validation auc = 0.518945
Epoch 10
Loss = 6.7354e-02, PNorm = 100.1168, GNorm = 0.2069, lr_0 = 5.1736e-04
Loss = 4.5852e-02, PNorm = 100.1292, GNorm = 0.2971, lr_0 = 5.1683e-04
Loss = 2.3028e-02, PNorm = 100.1503, GNorm = 0.2267, lr_0 = 5.1630e-04
Loss = 3.4977e-02, PNorm = 100.1712, GNorm = 0.1200, lr_0 = 5.1577e-04
Loss = 2.4736e-02, PNorm = 100.1811, GNorm = 0.1167, lr_0 = 5.1524e-04
Loss = 5.1733e-02, PNorm = 100.1872, GNorm = 0.1619, lr_0 = 5.1471e-04
Loss = 5.0389e-02, PNorm = 100.1939, GNorm = 0.2595, lr_0 = 5.1418e-04
Loss = 6.9457e-02, PNorm = 100.2071, GNorm = 1.0603, lr_0 = 5.1365e-04
Loss = 1.0375e-01, PNorm = 100.2088, GNorm = 1.8613, lr_0 = 5.1313e-04
Loss = 4.3880e-02, PNorm = 100.2250, GNorm = 0.3331, lr_0 = 5.1260e-04
Loss = 6.6495e-02, PNorm = 100.2402, GNorm = 0.3347, lr_0 = 5.1207e-04
Loss = 5.5240e-02, PNorm = 100.2533, GNorm = 0.2258, lr_0 = 5.1155e-04
Loss = 6.9308e-02, PNorm = 100.2629, GNorm = 0.6485, lr_0 = 5.1102e-04
Loss = 2.9244e-02, PNorm = 100.2766, GNorm = 0.2794, lr_0 = 5.1049e-04
Loss = 5.4068e-02, PNorm = 100.2896, GNorm = 0.1961, lr_0 = 5.0997e-04
Loss = 4.7563e-02, PNorm = 100.3005, GNorm = 0.1880, lr_0 = 5.0945e-04
Loss = 2.9639e-02, PNorm = 100.3162, GNorm = 0.4217, lr_0 = 5.0892e-04
Loss = 9.1581e-02, PNorm = 100.3153, GNorm = 0.4154, lr_0 = 5.0840e-04
Loss = 5.1912e-02, PNorm = 100.3263, GNorm = 0.4940, lr_0 = 5.0788e-04
Loss = 7.7759e-02, PNorm = 100.3419, GNorm = 0.7430, lr_0 = 5.0736e-04
Loss = 2.6705e-02, PNorm = 100.3565, GNorm = 0.2542, lr_0 = 5.0683e-04
Loss = 7.8239e-02, PNorm = 100.3670, GNorm = 0.6536, lr_0 = 5.0631e-04
Loss = 9.3411e-02, PNorm = 100.3700, GNorm = 0.4809, lr_0 = 5.0579e-04
Loss = 4.9172e-02, PNorm = 100.3856, GNorm = 0.5374, lr_0 = 5.0527e-04
Loss = 4.8520e-02, PNorm = 100.4099, GNorm = 0.3028, lr_0 = 5.0475e-04
Loss = 5.8167e-02, PNorm = 100.4211, GNorm = 0.1636, lr_0 = 5.0424e-04
Loss = 6.1818e-02, PNorm = 100.4225, GNorm = 0.6490, lr_0 = 5.0372e-04
Loss = 3.7552e-02, PNorm = 100.4297, GNorm = 0.3094, lr_0 = 5.0320e-04
Loss = 8.0061e-02, PNorm = 100.4375, GNorm = 0.5471, lr_0 = 5.0268e-04
Loss = 5.5768e-02, PNorm = 100.4454, GNorm = 0.3884, lr_0 = 5.0217e-04
Loss = 5.8011e-02, PNorm = 100.4582, GNorm = 0.3494, lr_0 = 5.0165e-04
Loss = 4.6379e-02, PNorm = 100.4719, GNorm = 0.2633, lr_0 = 5.0114e-04
Loss = 2.9332e-02, PNorm = 100.4950, GNorm = 0.7155, lr_0 = 5.0062e-04
Loss = 7.4358e-02, PNorm = 100.4922, GNorm = 0.3296, lr_0 = 5.0011e-04
Loss = 6.4999e-02, PNorm = 100.5006, GNorm = 0.4732, lr_0 = 4.9959e-04
Loss = 5.2528e-02, PNorm = 100.5130, GNorm = 0.3232, lr_0 = 4.9908e-04
Loss = 4.2639e-02, PNorm = 100.5312, GNorm = 0.4365, lr_0 = 4.9857e-04
Loss = 1.7818e-02, PNorm = 100.5498, GNorm = 0.7894, lr_0 = 4.9805e-04
Loss = 3.5658e-02, PNorm = 100.5585, GNorm = 0.7020, lr_0 = 4.9754e-04
Loss = 5.7905e-02, PNorm = 100.5599, GNorm = 0.2483, lr_0 = 4.9703e-04
Loss = 2.4509e-02, PNorm = 100.5695, GNorm = 0.2384, lr_0 = 4.9652e-04
Loss = 7.3934e-02, PNorm = 100.5819, GNorm = 0.1619, lr_0 = 4.9601e-04
Loss = 1.8764e-02, PNorm = 100.5881, GNorm = 0.2385, lr_0 = 4.9550e-04
Loss = 2.9597e-02, PNorm = 100.6089, GNorm = 0.1660, lr_0 = 4.9499e-04
Loss = 4.1744e-02, PNorm = 100.6247, GNorm = 0.9977, lr_0 = 4.9448e-04
Loss = 7.5026e-02, PNorm = 100.6272, GNorm = 0.2728, lr_0 = 4.9398e-04
Loss = 2.2630e-02, PNorm = 100.6563, GNorm = 0.2050, lr_0 = 4.9347e-04
Loss = 1.4182e-01, PNorm = 100.6978, GNorm = 0.5262, lr_0 = 4.9296e-04
Loss = 3.8370e-02, PNorm = 100.7974, GNorm = 0.3200, lr_0 = 4.9245e-04
Loss = 6.3396e-02, PNorm = 100.8549, GNorm = 0.7862, lr_0 = 4.9195e-04
Loss = 5.3501e-02, PNorm = 100.8796, GNorm = 0.7420, lr_0 = 4.9144e-04
Loss = 4.2908e-02, PNorm = 100.8926, GNorm = 0.3085, lr_0 = 4.9094e-04
Loss = 4.0401e-02, PNorm = 100.9051, GNorm = 0.3751, lr_0 = 4.9043e-04
Loss = 2.4383e-02, PNorm = 100.9232, GNorm = 0.1759, lr_0 = 4.8993e-04
Loss = 7.5327e-02, PNorm = 100.9335, GNorm = 2.8353, lr_0 = 4.8943e-04
Loss = 7.9081e-02, PNorm = 100.9243, GNorm = 0.6710, lr_0 = 4.8892e-04
Loss = 5.7337e-02, PNorm = 100.9311, GNorm = 0.5885, lr_0 = 4.8842e-04
Loss = 3.7929e-02, PNorm = 100.9476, GNorm = 0.3055, lr_0 = 4.8792e-04
Loss = 3.9731e-02, PNorm = 100.9595, GNorm = 0.8020, lr_0 = 4.8742e-04
Loss = 4.2289e-02, PNorm = 100.9666, GNorm = 1.5999, lr_0 = 4.8692e-04
Loss = 1.5019e-02, PNorm = 100.9689, GNorm = 0.1357, lr_0 = 4.8642e-04
Loss = 2.8207e-02, PNorm = 100.9730, GNorm = 0.1428, lr_0 = 4.8592e-04
Loss = 5.5028e-02, PNorm = 100.9742, GNorm = 0.2051, lr_0 = 4.8542e-04
Loss = 5.5669e-02, PNorm = 100.9747, GNorm = 0.3252, lr_0 = 4.8492e-04
Loss = 4.2854e-02, PNorm = 100.9817, GNorm = 0.3011, lr_0 = 4.8442e-04
Loss = 6.0498e-02, PNorm = 100.9868, GNorm = 0.6454, lr_0 = 4.8392e-04
Loss = 3.1471e-02, PNorm = 100.9926, GNorm = 0.2301, lr_0 = 4.8343e-04
Loss = 4.6005e-02, PNorm = 101.0001, GNorm = 0.2625, lr_0 = 4.8293e-04
Loss = 1.1266e-01, PNorm = 100.9976, GNorm = 0.4921, lr_0 = 4.8243e-04
Loss = 4.9154e-02, PNorm = 101.0055, GNorm = 0.4120, lr_0 = 4.8194e-04
Loss = 4.4280e-02, PNorm = 101.0200, GNorm = 1.3164, lr_0 = 4.8144e-04
Loss = 3.3789e-02, PNorm = 101.0314, GNorm = 0.6885, lr_0 = 4.8095e-04
Loss = 4.1760e-02, PNorm = 101.0369, GNorm = 0.8331, lr_0 = 4.8045e-04
Loss = 4.6460e-02, PNorm = 101.0411, GNorm = 0.2734, lr_0 = 4.7996e-04
Loss = 4.7971e-02, PNorm = 101.0483, GNorm = 0.7333, lr_0 = 4.7947e-04
Loss = 5.9696e-02, PNorm = 101.0499, GNorm = 0.3244, lr_0 = 4.7897e-04
Loss = 5.6015e-02, PNorm = 101.0610, GNorm = 0.3278, lr_0 = 4.7848e-04
Loss = 4.6351e-02, PNorm = 101.0659, GNorm = 0.3526, lr_0 = 4.7799e-04
Loss = 2.2748e-02, PNorm = 101.0805, GNorm = 0.8625, lr_0 = 4.7750e-04
Loss = 3.0732e-02, PNorm = 101.0879, GNorm = 0.1150, lr_0 = 4.7701e-04
Validation auc = 0.536857
Epoch 11
Loss = 3.1014e-02, PNorm = 101.0929, GNorm = 0.1208, lr_0 = 4.7652e-04
Loss = 7.6602e-02, PNorm = 101.0913, GNorm = 0.2708, lr_0 = 4.7603e-04
Loss = 5.8274e-02, PNorm = 101.0885, GNorm = 0.4511, lr_0 = 4.7554e-04
Loss = 5.9035e-02, PNorm = 101.0985, GNorm = 0.5879, lr_0 = 4.7505e-04
Loss = 4.8087e-02, PNorm = 101.1074, GNorm = 0.3760, lr_0 = 4.7456e-04
Loss = 2.5311e-02, PNorm = 101.1241, GNorm = 0.1893, lr_0 = 4.7408e-04
Loss = 3.4692e-02, PNorm = 101.1355, GNorm = 0.1172, lr_0 = 4.7359e-04
Loss = 9.3526e-02, PNorm = 101.1306, GNorm = 0.4274, lr_0 = 4.7310e-04
Loss = 3.7127e-02, PNorm = 101.1381, GNorm = 0.3942, lr_0 = 4.7262e-04
Loss = 5.1394e-02, PNorm = 101.1511, GNorm = 0.2804, lr_0 = 4.7213e-04
Loss = 4.6041e-02, PNorm = 101.1663, GNorm = 0.8666, lr_0 = 4.7165e-04
Loss = 4.0166e-02, PNorm = 101.1737, GNorm = 0.1954, lr_0 = 4.7116e-04
Loss = 3.0307e-02, PNorm = 101.1821, GNorm = 0.8849, lr_0 = 4.7068e-04
Loss = 8.4952e-02, PNorm = 101.1810, GNorm = 0.6983, lr_0 = 4.7019e-04
Loss = 1.8506e-02, PNorm = 101.1908, GNorm = 0.3503, lr_0 = 4.6971e-04
Loss = 2.3726e-02, PNorm = 101.2100, GNorm = 0.1452, lr_0 = 4.6923e-04
Loss = 4.2333e-02, PNorm = 101.2157, GNorm = 0.1820, lr_0 = 4.6875e-04
Loss = 5.3010e-02, PNorm = 101.2174, GNorm = 0.2188, lr_0 = 4.6826e-04
Loss = 4.9417e-02, PNorm = 101.2226, GNorm = 0.3595, lr_0 = 4.6778e-04
Loss = 5.0782e-02, PNorm = 101.2327, GNorm = 0.3562, lr_0 = 4.6730e-04
Loss = 3.8599e-02, PNorm = 101.2476, GNorm = 0.8839, lr_0 = 4.6682e-04
Loss = 5.6738e-02, PNorm = 101.2556, GNorm = 0.2972, lr_0 = 4.6634e-04
Loss = 2.2838e-02, PNorm = 101.2720, GNorm = 0.2188, lr_0 = 4.6586e-04
Loss = 3.0089e-02, PNorm = 101.2872, GNorm = 0.1296, lr_0 = 4.6539e-04
Loss = 4.2970e-02, PNorm = 101.2976, GNorm = 0.1337, lr_0 = 4.6491e-04
Loss = 7.8758e-02, PNorm = 101.2920, GNorm = 0.5407, lr_0 = 4.6443e-04
Loss = 8.5882e-02, PNorm = 101.2923, GNorm = 0.6305, lr_0 = 4.6395e-04
Loss = 5.1019e-02, PNorm = 101.3065, GNorm = 0.4614, lr_0 = 4.6348e-04
Loss = 8.1452e-02, PNorm = 101.3129, GNorm = 0.4201, lr_0 = 4.6300e-04
Loss = 2.1430e-02, PNorm = 101.3254, GNorm = 0.2241, lr_0 = 4.6252e-04
Loss = 2.9613e-02, PNorm = 101.3376, GNorm = 0.1595, lr_0 = 4.6205e-04
Loss = 5.1319e-02, PNorm = 101.3413, GNorm = 0.1410, lr_0 = 4.6157e-04
Loss = 1.5775e-02, PNorm = 101.3446, GNorm = 0.1637, lr_0 = 4.6110e-04
Loss = 4.4742e-02, PNorm = 101.3504, GNorm = 0.8500, lr_0 = 4.6063e-04
Loss = 3.9005e-02, PNorm = 101.3552, GNorm = 0.1698, lr_0 = 4.6015e-04
Loss = 9.0114e-02, PNorm = 101.3550, GNorm = 0.5055, lr_0 = 4.5968e-04
Loss = 1.2375e-02, PNorm = 101.3667, GNorm = 0.3358, lr_0 = 4.5921e-04
Loss = 5.4587e-02, PNorm = 101.3817, GNorm = 1.5350, lr_0 = 4.5874e-04
Loss = 4.7479e-02, PNorm = 101.3859, GNorm = 0.2390, lr_0 = 4.5826e-04
Loss = 5.9638e-02, PNorm = 101.3912, GNorm = 0.3087, lr_0 = 4.5779e-04
Loss = 4.4041e-02, PNorm = 101.4024, GNorm = 0.4246, lr_0 = 4.5732e-04
Loss = 8.4893e-02, PNorm = 101.4199, GNorm = 0.4989, lr_0 = 4.5685e-04
Loss = 3.9980e-02, PNorm = 101.4503, GNorm = 0.3574, lr_0 = 4.5638e-04
Loss = 4.7219e-02, PNorm = 101.4968, GNorm = 0.1767, lr_0 = 4.5592e-04
Loss = 1.2004e-01, PNorm = 101.5442, GNorm = 0.5299, lr_0 = 4.5545e-04
Loss = 4.4622e-02, PNorm = 101.6203, GNorm = 0.6697, lr_0 = 4.5498e-04
Loss = 1.1525e-02, PNorm = 101.6801, GNorm = 0.1820, lr_0 = 4.5451e-04
Loss = 2.3504e-03, PNorm = 101.7172, GNorm = 0.0323, lr_0 = 4.5404e-04
Loss = 9.3440e-02, PNorm = 101.7162, GNorm = 2.3311, lr_0 = 4.5358e-04
Loss = 5.5418e-02, PNorm = 101.7098, GNorm = 0.7439, lr_0 = 4.5311e-04
Loss = 5.4070e-02, PNorm = 101.7075, GNorm = 0.5162, lr_0 = 4.5265e-04
Loss = 5.9126e-02, PNorm = 101.7189, GNorm = 0.5891, lr_0 = 4.5218e-04
Loss = 5.3056e-02, PNorm = 101.7374, GNorm = 1.6320, lr_0 = 4.5172e-04
Loss = 6.6072e-02, PNorm = 101.7427, GNorm = 0.5716, lr_0 = 4.5125e-04
Loss = 6.7780e-02, PNorm = 101.7451, GNorm = 0.5539, lr_0 = 4.5079e-04
Loss = 4.8564e-02, PNorm = 101.7542, GNorm = 0.3941, lr_0 = 4.5033e-04
Loss = 5.9263e-02, PNorm = 101.7630, GNorm = 0.3347, lr_0 = 4.4986e-04
Loss = 4.5892e-02, PNorm = 101.7730, GNorm = 0.2509, lr_0 = 4.4940e-04
Loss = 2.0781e-02, PNorm = 101.7837, GNorm = 0.2600, lr_0 = 4.4894e-04
Loss = 7.2831e-02, PNorm = 101.7877, GNorm = 0.2885, lr_0 = 4.4848e-04
Loss = 7.5715e-03, PNorm = 101.7987, GNorm = 0.2250, lr_0 = 4.4802e-04
Loss = 6.9232e-02, PNorm = 101.8032, GNorm = 0.1692, lr_0 = 4.4756e-04
Loss = 1.0812e-01, PNorm = 101.7981, GNorm = 0.6895, lr_0 = 4.4710e-04
Loss = 6.6278e-02, PNorm = 101.8163, GNorm = 0.6241, lr_0 = 4.4664e-04
Loss = 6.3616e-02, PNorm = 101.8470, GNorm = 0.3999, lr_0 = 4.4618e-04
Loss = 3.8770e-02, PNorm = 101.8759, GNorm = 0.2108, lr_0 = 4.4572e-04
Loss = 6.8004e-02, PNorm = 101.8866, GNorm = 0.3219, lr_0 = 4.4526e-04
Loss = 3.8381e-02, PNorm = 101.9029, GNorm = 0.3399, lr_0 = 4.4480e-04
Loss = 3.6694e-02, PNorm = 101.9257, GNorm = 0.2277, lr_0 = 4.4435e-04
Loss = 1.2124e-01, PNorm = 101.9352, GNorm = 2.9961, lr_0 = 4.4389e-04
Loss = 5.9589e-02, PNorm = 101.9642, GNorm = 0.4791, lr_0 = 4.4344e-04
Loss = 3.2690e-02, PNorm = 102.0039, GNorm = 0.3357, lr_0 = 4.4298e-04
Loss = 7.7700e-02, PNorm = 102.0232, GNorm = 0.8250, lr_0 = 4.4252e-04
Loss = 4.6312e-02, PNorm = 102.0300, GNorm = 0.2898, lr_0 = 4.4207e-04
Loss = 5.7064e-02, PNorm = 102.0382, GNorm = 0.3154, lr_0 = 4.4162e-04
Loss = 4.8654e-02, PNorm = 102.0458, GNorm = 0.4096, lr_0 = 4.4116e-04
Loss = 6.6290e-02, PNorm = 102.0596, GNorm = 0.6305, lr_0 = 4.4071e-04
Loss = 1.9736e-02, PNorm = 102.0736, GNorm = 0.2745, lr_0 = 4.4026e-04
Loss = 5.9093e-02, PNorm = 102.0825, GNorm = 0.7095, lr_0 = 4.3980e-04
Loss = 6.0504e-02, PNorm = 102.0853, GNorm = 0.7870, lr_0 = 4.3935e-04
Validation auc = 0.536303
Epoch 12
Loss = 4.6967e-02, PNorm = 102.0918, GNorm = 0.3177, lr_0 = 4.3890e-04
Loss = 2.7232e-02, PNorm = 102.1043, GNorm = 0.2189, lr_0 = 4.3845e-04
Loss = 8.0038e-02, PNorm = 102.1111, GNorm = 0.4325, lr_0 = 4.3800e-04
Loss = 1.0574e-01, PNorm = 102.1103, GNorm = 0.6743, lr_0 = 4.3755e-04
Loss = 5.3138e-02, PNorm = 102.1259, GNorm = 0.5422, lr_0 = 4.3710e-04
Loss = 5.0357e-02, PNorm = 102.1459, GNorm = 0.2456, lr_0 = 4.3665e-04
Loss = 6.3904e-02, PNorm = 102.1543, GNorm = 0.3056, lr_0 = 4.3620e-04
Loss = 3.9523e-02, PNorm = 102.1639, GNorm = 0.2122, lr_0 = 4.3575e-04
Loss = 4.9924e-02, PNorm = 102.1674, GNorm = 0.3588, lr_0 = 4.3531e-04
Loss = 3.6774e-02, PNorm = 102.1773, GNorm = 0.6033, lr_0 = 4.3486e-04
Loss = 4.9515e-02, PNorm = 102.1817, GNorm = 0.2439, lr_0 = 4.3441e-04
Loss = 1.8174e-02, PNorm = 102.1930, GNorm = 0.2485, lr_0 = 4.3397e-04
Loss = 7.3852e-02, PNorm = 102.1972, GNorm = 0.1943, lr_0 = 4.3352e-04
Loss = 3.1198e-02, PNorm = 102.1979, GNorm = 0.3756, lr_0 = 4.3307e-04
Loss = 6.6284e-02, PNorm = 102.2054, GNorm = 1.3144, lr_0 = 4.3263e-04
Loss = 4.1574e-02, PNorm = 102.2137, GNorm = 0.2604, lr_0 = 4.3218e-04
Loss = 3.8045e-02, PNorm = 102.2249, GNorm = 0.3422, lr_0 = 4.3174e-04
Loss = 5.0616e-02, PNorm = 102.2389, GNorm = 0.2949, lr_0 = 4.3130e-04
Loss = 4.2973e-02, PNorm = 102.2522, GNorm = 1.0327, lr_0 = 4.3085e-04
Loss = 6.8642e-02, PNorm = 102.2476, GNorm = 0.4233, lr_0 = 4.3041e-04
Loss = 7.8467e-02, PNorm = 102.2510, GNorm = 0.5717, lr_0 = 4.2997e-04
Loss = 3.9447e-02, PNorm = 102.2660, GNorm = 0.3429, lr_0 = 4.2953e-04
Loss = 4.0062e-02, PNorm = 102.2862, GNorm = 1.1742, lr_0 = 4.2909e-04
Loss = 4.5509e-02, PNorm = 102.2904, GNorm = 0.6034, lr_0 = 4.2865e-04
Loss = 5.4709e-02, PNorm = 102.2881, GNorm = 0.3083, lr_0 = 4.2821e-04
Loss = 2.6073e-02, PNorm = 102.3001, GNorm = 0.2917, lr_0 = 4.2777e-04
Loss = 3.4790e-02, PNorm = 102.3139, GNorm = 0.1195, lr_0 = 4.2733e-04
Loss = 7.9885e-02, PNorm = 102.3111, GNorm = 0.3259, lr_0 = 4.2689e-04
Loss = 4.4618e-02, PNorm = 102.3188, GNorm = 0.3413, lr_0 = 4.2645e-04
Loss = 3.9671e-02, PNorm = 102.3337, GNorm = 0.2366, lr_0 = 4.2601e-04
Loss = 1.7663e-02, PNorm = 102.3497, GNorm = 0.1535, lr_0 = 4.2557e-04
Loss = 4.9910e-02, PNorm = 102.3592, GNorm = 0.1417, lr_0 = 4.2513e-04
Loss = 2.6339e-02, PNorm = 102.3611, GNorm = 0.1941, lr_0 = 4.2470e-04
Loss = 6.9238e-02, PNorm = 102.3659, GNorm = 1.5562, lr_0 = 4.2426e-04
Loss = 8.1890e-02, PNorm = 102.3640, GNorm = 1.3196, lr_0 = 4.2383e-04
Loss = 6.6602e-02, PNorm = 102.3690, GNorm = 0.6662, lr_0 = 4.2339e-04
Loss = 3.5516e-02, PNorm = 102.3863, GNorm = 0.2718, lr_0 = 4.2296e-04
Loss = 6.6954e-02, PNorm = 102.3914, GNorm = 0.2092, lr_0 = 4.2252e-04
Loss = 7.0129e-02, PNorm = 102.3938, GNorm = 0.3040, lr_0 = 4.2209e-04
Loss = 3.4652e-02, PNorm = 102.3991, GNorm = 0.2892, lr_0 = 4.2165e-04
Loss = 2.7299e-02, PNorm = 102.4102, GNorm = 0.2302, lr_0 = 4.2122e-04
Loss = 3.6839e-02, PNorm = 102.4209, GNorm = 0.1442, lr_0 = 4.2079e-04
Loss = 5.7000e-02, PNorm = 102.4226, GNorm = 0.6752, lr_0 = 4.2035e-04
Loss = 4.2045e-02, PNorm = 102.4237, GNorm = 0.2475, lr_0 = 4.1992e-04
Loss = 7.8817e-02, PNorm = 102.4252, GNorm = 1.2943, lr_0 = 4.1949e-04
Loss = 4.1963e-02, PNorm = 102.4280, GNorm = 0.3914, lr_0 = 4.1906e-04
Loss = 6.7139e-02, PNorm = 102.4323, GNorm = 0.4379, lr_0 = 4.1863e-04
Loss = 5.9992e-02, PNorm = 102.4413, GNorm = 0.4231, lr_0 = 4.1820e-04
Loss = 2.7091e-02, PNorm = 102.4572, GNorm = 0.2312, lr_0 = 4.1777e-04
Loss = 4.8616e-02, PNorm = 102.4668, GNorm = 0.8233, lr_0 = 4.1734e-04
Loss = 3.3647e-02, PNorm = 102.4693, GNorm = 0.2294, lr_0 = 4.1691e-04
Loss = 5.2631e-02, PNorm = 102.4728, GNorm = 0.2703, lr_0 = 4.1648e-04
Loss = 3.2677e-02, PNorm = 102.4801, GNorm = 0.2323, lr_0 = 4.1606e-04
Loss = 7.4015e-02, PNorm = 102.4839, GNorm = 1.3764, lr_0 = 4.1563e-04
Loss = 3.5670e-02, PNorm = 102.4896, GNorm = 0.5502, lr_0 = 4.1520e-04
Loss = 6.8618e-02, PNorm = 102.4934, GNorm = 0.3784, lr_0 = 4.1477e-04
Loss = 3.1283e-02, PNorm = 102.5096, GNorm = 0.2122, lr_0 = 4.1435e-04
Loss = 4.8289e-02, PNorm = 102.5166, GNorm = 0.1719, lr_0 = 4.1392e-04
Loss = 5.0588e-02, PNorm = 102.5206, GNorm = 0.3337, lr_0 = 4.1350e-04
Loss = 2.2238e-02, PNorm = 102.5294, GNorm = 0.2237, lr_0 = 4.1307e-04
Loss = 3.5819e-02, PNorm = 102.5402, GNorm = 0.1415, lr_0 = 4.1265e-04
Loss = 6.5916e-02, PNorm = 102.5436, GNorm = 0.2223, lr_0 = 4.1222e-04
Loss = 4.9028e-02, PNorm = 102.5495, GNorm = 0.2938, lr_0 = 4.1180e-04
Loss = 5.5446e-02, PNorm = 102.5619, GNorm = 0.6626, lr_0 = 4.1138e-04
Loss = 6.6219e-02, PNorm = 102.5724, GNorm = 0.4085, lr_0 = 4.1096e-04
Loss = 4.4330e-02, PNorm = 102.5922, GNorm = 0.2328, lr_0 = 4.1053e-04
Loss = 4.7146e-02, PNorm = 102.6114, GNorm = 0.2249, lr_0 = 4.1011e-04
Loss = 6.6266e-02, PNorm = 102.6244, GNorm = 0.2910, lr_0 = 4.0969e-04
Loss = 4.8276e-02, PNorm = 102.6362, GNorm = 0.3610, lr_0 = 4.0927e-04
Loss = 6.2210e-02, PNorm = 102.6597, GNorm = 0.4096, lr_0 = 4.0885e-04
Loss = 4.4954e-02, PNorm = 102.7026, GNorm = 0.5243, lr_0 = 4.0843e-04
Loss = 7.1939e-02, PNorm = 102.7148, GNorm = 0.3440, lr_0 = 4.0801e-04
Loss = 2.2697e-02, PNorm = 102.7377, GNorm = 0.3141, lr_0 = 4.0759e-04
Loss = 4.3839e-02, PNorm = 102.7461, GNorm = 0.2796, lr_0 = 4.0717e-04
Loss = 2.3471e-02, PNorm = 102.7633, GNorm = 0.1500, lr_0 = 4.0675e-04
Loss = 7.6695e-02, PNorm = 102.7714, GNorm = 0.1590, lr_0 = 4.0633e-04
Loss = 6.0645e-02, PNorm = 102.7735, GNorm = 0.4814, lr_0 = 4.0592e-04
Loss = 5.6492e-02, PNorm = 102.7894, GNorm = 0.3787, lr_0 = 4.0550e-04
Loss = 6.5964e-02, PNorm = 102.7990, GNorm = 0.3559, lr_0 = 4.0508e-04
Loss = 3.5779e-02, PNorm = 102.8113, GNorm = 0.2422, lr_0 = 4.0467e-04
Validation auc = 0.524019
Epoch 13
Loss = 3.6768e-02, PNorm = 102.8272, GNorm = 0.2165, lr_0 = 4.0425e-04
Loss = 4.7893e-02, PNorm = 102.8374, GNorm = 0.2298, lr_0 = 4.0384e-04
Loss = 9.7123e-02, PNorm = 102.8476, GNorm = 1.8658, lr_0 = 4.0342e-04
Loss = 2.1635e-02, PNorm = 102.8733, GNorm = 0.3679, lr_0 = 4.0301e-04
Loss = 4.8061e-02, PNorm = 102.9037, GNorm = 0.7032, lr_0 = 4.0259e-04
Loss = 2.3524e-02, PNorm = 102.9213, GNorm = 0.1790, lr_0 = 4.0218e-04
Loss = 7.6194e-02, PNorm = 102.9289, GNorm = 1.0715, lr_0 = 4.0177e-04
Loss = 1.6160e-02, PNorm = 102.9376, GNorm = 0.2563, lr_0 = 4.0135e-04
Loss = 5.1652e-02, PNorm = 102.9490, GNorm = 0.3163, lr_0 = 4.0094e-04
Loss = 5.1674e-02, PNorm = 102.9639, GNorm = 0.3650, lr_0 = 4.0053e-04
Loss = 1.4451e-02, PNorm = 102.9962, GNorm = 0.0503, lr_0 = 4.0012e-04
Loss = 2.0807e-01, PNorm = 103.0222, GNorm = 25.6113, lr_0 = 3.9971e-04
Loss = 6.2117e-02, PNorm = 103.1615, GNorm = 0.6035, lr_0 = 3.9930e-04
Loss = 6.1629e-02, PNorm = 103.2543, GNorm = 0.3960, lr_0 = 3.9889e-04
Loss = 4.8751e-02, PNorm = 103.3062, GNorm = 0.2544, lr_0 = 3.9848e-04
Loss = 9.0624e-02, PNorm = 103.3211, GNorm = 0.3586, lr_0 = 3.9807e-04
Loss = 7.1688e-02, PNorm = 103.3337, GNorm = 0.6575, lr_0 = 3.9766e-04
Loss = 6.1399e-02, PNorm = 103.3514, GNorm = 0.4000, lr_0 = 3.9725e-04
Loss = 3.5730e-02, PNorm = 103.3675, GNorm = 0.2711, lr_0 = 3.9684e-04
Loss = 3.6313e-02, PNorm = 103.3792, GNorm = 0.2492, lr_0 = 3.9643e-04
Loss = 2.4732e-02, PNorm = 103.3928, GNorm = 0.2136, lr_0 = 3.9603e-04
Loss = 7.2235e-02, PNorm = 103.4014, GNorm = 0.8217, lr_0 = 3.9562e-04
Loss = 4.9531e-02, PNorm = 103.4159, GNorm = 0.3649, lr_0 = 3.9521e-04
Loss = 3.4569e-02, PNorm = 103.4437, GNorm = 1.0972, lr_0 = 3.9481e-04
Loss = 5.0109e-02, PNorm = 103.4578, GNorm = 0.3412, lr_0 = 3.9440e-04
Loss = 6.8722e-02, PNorm = 103.4802, GNorm = 0.4005, lr_0 = 3.9400e-04
Loss = 4.8921e-02, PNorm = 103.5082, GNorm = 0.4609, lr_0 = 3.9359e-04
Loss = 4.7776e-02, PNorm = 103.5356, GNorm = 0.3331, lr_0 = 3.9319e-04
Loss = 1.2791e-01, PNorm = 103.5337, GNorm = 3.1353, lr_0 = 3.9278e-04
Loss = 5.3539e-02, PNorm = 103.5786, GNorm = 0.5189, lr_0 = 3.9238e-04
Loss = 1.2987e-02, PNorm = 103.6286, GNorm = 0.2470, lr_0 = 3.9198e-04
Loss = 8.1528e-02, PNorm = 103.6489, GNorm = 0.2363, lr_0 = 3.9157e-04
Loss = 7.0003e-02, PNorm = 103.6549, GNorm = 0.9738, lr_0 = 3.9117e-04
Loss = 4.7270e-02, PNorm = 103.6623, GNorm = 0.5093, lr_0 = 3.9077e-04
Loss = 5.9518e-02, PNorm = 103.6754, GNorm = 0.4494, lr_0 = 3.9037e-04
Loss = 5.7386e-02, PNorm = 103.6851, GNorm = 0.3846, lr_0 = 3.8997e-04
Loss = 3.6641e-02, PNorm = 103.6978, GNorm = 0.7791, lr_0 = 3.8957e-04
Loss = 2.7049e-02, PNorm = 103.7075, GNorm = 0.1894, lr_0 = 3.8917e-04
Loss = 3.6127e-02, PNorm = 103.7170, GNorm = 0.1869, lr_0 = 3.8877e-04
Loss = 6.7242e-02, PNorm = 103.7197, GNorm = 0.8467, lr_0 = 3.8837e-04
Loss = 2.0206e-02, PNorm = 103.7280, GNorm = 0.3434, lr_0 = 3.8797e-04
Loss = 4.3509e-02, PNorm = 103.7391, GNorm = 0.5281, lr_0 = 3.8757e-04
Loss = 8.2583e-02, PNorm = 103.7388, GNorm = 0.3771, lr_0 = 3.8717e-04
Loss = 6.8329e-02, PNorm = 103.7455, GNorm = 0.4724, lr_0 = 3.8677e-04
Loss = 4.7337e-02, PNorm = 103.7551, GNorm = 0.3879, lr_0 = 3.8637e-04
Loss = 9.1328e-03, PNorm = 103.7716, GNorm = 0.2015, lr_0 = 3.8598e-04
Loss = 6.7142e-02, PNorm = 103.7782, GNorm = 0.1110, lr_0 = 3.8558e-04
Loss = 8.5369e-02, PNorm = 103.7731, GNorm = 2.2032, lr_0 = 3.8519e-04
Loss = 7.7688e-02, PNorm = 103.7692, GNorm = 0.8068, lr_0 = 3.8479e-04
Loss = 3.4472e-02, PNorm = 103.7839, GNorm = 0.4102, lr_0 = 3.8439e-04
Loss = 4.2188e-02, PNorm = 103.7972, GNorm = 0.2130, lr_0 = 3.8400e-04
Loss = 5.6773e-02, PNorm = 103.8025, GNorm = 0.2612, lr_0 = 3.8360e-04
Loss = 4.4510e-02, PNorm = 103.8073, GNorm = 0.6998, lr_0 = 3.8321e-04
Loss = 3.5708e-02, PNorm = 103.8127, GNorm = 0.2845, lr_0 = 3.8282e-04
Loss = 3.8341e-02, PNorm = 103.8186, GNorm = 0.6091, lr_0 = 3.8242e-04
Loss = 8.0744e-02, PNorm = 103.8189, GNorm = 0.3003, lr_0 = 3.8203e-04
Loss = 3.3799e-02, PNorm = 103.8222, GNorm = 0.3824, lr_0 = 3.8164e-04
Loss = 6.1080e-02, PNorm = 103.8290, GNorm = 0.5694, lr_0 = 3.8125e-04
Loss = 2.8471e-02, PNorm = 103.8361, GNorm = 0.2803, lr_0 = 3.8085e-04
Loss = 6.6909e-02, PNorm = 103.8415, GNorm = 0.2822, lr_0 = 3.8046e-04
Loss = 8.1800e-02, PNorm = 103.8426, GNorm = 0.4803, lr_0 = 3.8007e-04
Loss = 2.2035e-02, PNorm = 103.8554, GNorm = 0.3701, lr_0 = 3.7968e-04
Loss = 4.8105e-02, PNorm = 103.8658, GNorm = 0.2231, lr_0 = 3.7929e-04
Loss = 3.3476e-02, PNorm = 103.8735, GNorm = 0.1867, lr_0 = 3.7890e-04
Loss = 1.7468e-02, PNorm = 103.8800, GNorm = 0.1401, lr_0 = 3.7851e-04
Loss = 3.4170e-03, PNorm = 103.8894, GNorm = 0.1130, lr_0 = 3.7812e-04
Loss = 1.5560e-02, PNorm = 103.8959, GNorm = 0.0836, lr_0 = 3.7774e-04
Loss = 5.1619e-02, PNorm = 103.8939, GNorm = 0.8923, lr_0 = 3.7735e-04
Loss = 4.0994e-02, PNorm = 103.8901, GNorm = 0.1786, lr_0 = 3.7696e-04
Loss = 5.9129e-02, PNorm = 103.8892, GNorm = 0.5075, lr_0 = 3.7657e-04
Loss = 6.9776e-02, PNorm = 103.8921, GNorm = 1.0307, lr_0 = 3.7619e-04
Loss = 5.6979e-02, PNorm = 103.8987, GNorm = 0.4192, lr_0 = 3.7580e-04
Loss = 6.7433e-02, PNorm = 103.9066, GNorm = 0.5067, lr_0 = 3.7541e-04
Loss = 6.7422e-02, PNorm = 103.9110, GNorm = 0.6063, lr_0 = 3.7503e-04
Loss = 6.0230e-02, PNorm = 103.9182, GNorm = 0.7783, lr_0 = 3.7464e-04
Loss = 4.5902e-02, PNorm = 103.9252, GNorm = 0.3302, lr_0 = 3.7426e-04
Loss = 3.5748e-02, PNorm = 103.9334, GNorm = 0.7802, lr_0 = 3.7387e-04
Loss = 8.5218e-02, PNorm = 103.9321, GNorm = 0.4305, lr_0 = 3.7349e-04
Loss = 5.6577e-02, PNorm = 103.9374, GNorm = 0.4423, lr_0 = 3.7310e-04
Loss = 3.1177e-02, PNorm = 103.9469, GNorm = 0.3471, lr_0 = 3.7272e-04
Validation auc = 0.540057
Epoch 14
Loss = 5.7602e-02, PNorm = 103.9576, GNorm = 1.1793, lr_0 = 3.7234e-04
Loss = 2.6631e-02, PNorm = 103.9596, GNorm = 0.2133, lr_0 = 3.7196e-04
Loss = 3.3808e-02, PNorm = 103.9641, GNorm = 0.2347, lr_0 = 3.7157e-04
Loss = 4.3544e-02, PNorm = 103.9661, GNorm = 0.2640, lr_0 = 3.7119e-04
Loss = 1.7760e-02, PNorm = 103.9750, GNorm = 0.1812, lr_0 = 3.7081e-04
Loss = 5.1190e-02, PNorm = 103.9816, GNorm = 0.6840, lr_0 = 3.7043e-04
Loss = 2.7967e-02, PNorm = 103.9850, GNorm = 0.1684, lr_0 = 3.7005e-04
Loss = 3.4788e-02, PNorm = 103.9878, GNorm = 0.2316, lr_0 = 3.6967e-04
Loss = 3.0865e-02, PNorm = 103.9912, GNorm = 0.2771, lr_0 = 3.6929e-04
Loss = 3.0580e-02, PNorm = 104.0012, GNorm = 1.0146, lr_0 = 3.6891e-04
Loss = 3.0135e-03, PNorm = 104.0081, GNorm = 0.0795, lr_0 = 3.6853e-04
Loss = 4.7864e-02, PNorm = 104.0123, GNorm = 1.4505, lr_0 = 3.6815e-04
Loss = 2.2953e-02, PNorm = 104.0120, GNorm = 0.1739, lr_0 = 3.6777e-04
Loss = 3.8339e-02, PNorm = 104.0150, GNorm = 0.1850, lr_0 = 3.6740e-04
Loss = 6.2992e-02, PNorm = 104.0144, GNorm = 0.2417, lr_0 = 3.6702e-04
Loss = 4.4532e-02, PNorm = 104.0153, GNorm = 0.3580, lr_0 = 3.6664e-04
Loss = 4.5559e-02, PNorm = 104.0240, GNorm = 0.3631, lr_0 = 3.6626e-04
Loss = 3.9719e-02, PNorm = 104.0327, GNorm = 0.2330, lr_0 = 3.6589e-04
Loss = 3.8953e-02, PNorm = 104.0414, GNorm = 1.5437, lr_0 = 3.6551e-04
Loss = 3.0595e-02, PNorm = 104.0499, GNorm = 1.8278, lr_0 = 3.6514e-04
Loss = 5.7154e-02, PNorm = 104.0501, GNorm = 0.2645, lr_0 = 3.6476e-04
Loss = 4.0557e-02, PNorm = 104.0550, GNorm = 0.3025, lr_0 = 3.6439e-04
Loss = 4.8476e-02, PNorm = 104.0641, GNorm = 0.2337, lr_0 = 3.6401e-04
Loss = 5.5499e-02, PNorm = 104.0707, GNorm = 0.3083, lr_0 = 3.6364e-04
Loss = 1.2158e-01, PNorm = 104.0744, GNorm = 0.5800, lr_0 = 3.6326e-04
Loss = 3.5474e-02, PNorm = 104.0819, GNorm = 0.5962, lr_0 = 3.6289e-04
Loss = 5.9261e-02, PNorm = 104.0986, GNorm = 0.5945, lr_0 = 3.6252e-04
Loss = 4.6889e-02, PNorm = 104.1134, GNorm = 1.5799, lr_0 = 3.6215e-04
Loss = 9.3148e-02, PNorm = 104.1142, GNorm = 0.6399, lr_0 = 3.6177e-04
Loss = 5.7273e-02, PNorm = 104.1190, GNorm = 0.4169, lr_0 = 3.6140e-04
Loss = 4.9884e-02, PNorm = 104.1318, GNorm = 0.9631, lr_0 = 3.6103e-04
Loss = 4.9086e-02, PNorm = 104.1433, GNorm = 0.7891, lr_0 = 3.6066e-04
Loss = 4.0139e-02, PNorm = 104.1522, GNorm = 0.2261, lr_0 = 3.6029e-04
Loss = 1.9516e-02, PNorm = 104.1619, GNorm = 0.1931, lr_0 = 3.5992e-04
Loss = 2.9257e-02, PNorm = 104.1736, GNorm = 0.1564, lr_0 = 3.5955e-04
Loss = 7.9572e-02, PNorm = 104.1745, GNorm = 0.2037, lr_0 = 3.5918e-04
Loss = 6.8589e-02, PNorm = 104.1719, GNorm = 0.9902, lr_0 = 3.5881e-04
Loss = 4.0619e-02, PNorm = 104.1795, GNorm = 0.3925, lr_0 = 3.5844e-04
Loss = 4.5766e-02, PNorm = 104.1917, GNorm = 0.3100, lr_0 = 3.5807e-04
Loss = 6.1480e-02, PNorm = 104.1990, GNorm = 0.6289, lr_0 = 3.5771e-04
Loss = 5.7552e-02, PNorm = 104.2041, GNorm = 0.8038, lr_0 = 3.5734e-04
Loss = 5.2250e-02, PNorm = 104.2098, GNorm = 0.3815, lr_0 = 3.5697e-04
Loss = 6.7386e-02, PNorm = 104.2194, GNorm = 0.4895, lr_0 = 3.5661e-04
Loss = 7.1032e-02, PNorm = 104.2257, GNorm = 0.4865, lr_0 = 3.5624e-04
Loss = 7.0328e-02, PNorm = 104.2359, GNorm = 0.6115, lr_0 = 3.5587e-04
Loss = 6.9888e-02, PNorm = 104.2444, GNorm = 0.4065, lr_0 = 3.5551e-04
Loss = 8.1644e-02, PNorm = 104.2536, GNorm = 0.8223, lr_0 = 3.5514e-04
Loss = 2.9811e-02, PNorm = 104.2673, GNorm = 0.5808, lr_0 = 3.5478e-04
Loss = 4.7742e-02, PNorm = 104.2812, GNorm = 0.2352, lr_0 = 3.5441e-04
Loss = 1.0514e-01, PNorm = 104.2797, GNorm = 0.8810, lr_0 = 3.5405e-04
Loss = 2.3417e-02, PNorm = 104.2862, GNorm = 0.4887, lr_0 = 3.5368e-04
Loss = 4.5430e-02, PNorm = 104.2991, GNorm = 0.2266, lr_0 = 3.5332e-04
Loss = 5.0102e-02, PNorm = 104.3049, GNorm = 0.2319, lr_0 = 3.5296e-04
Loss = 8.1765e-02, PNorm = 104.3027, GNorm = 0.6399, lr_0 = 3.5260e-04
Loss = 3.2343e-02, PNorm = 104.3098, GNorm = 0.8484, lr_0 = 3.5223e-04
Loss = 6.7875e-02, PNorm = 104.3162, GNorm = 0.5744, lr_0 = 3.5187e-04
Loss = 6.7376e-02, PNorm = 104.3234, GNorm = 2.2898, lr_0 = 3.5151e-04
Loss = 7.5933e-02, PNorm = 104.3232, GNorm = 0.5328, lr_0 = 3.5115e-04
Loss = 3.1944e-02, PNorm = 104.3355, GNorm = 0.3744, lr_0 = 3.5079e-04
Loss = 8.2194e-02, PNorm = 104.3456, GNorm = 0.2677, lr_0 = 3.5043e-04
Loss = 7.5548e-02, PNorm = 104.3492, GNorm = 0.5276, lr_0 = 3.5007e-04
Loss = 5.4595e-02, PNorm = 104.3576, GNorm = 0.4657, lr_0 = 3.4971e-04
Loss = 5.4300e-02, PNorm = 104.3751, GNorm = 0.7935, lr_0 = 3.4935e-04
Loss = 3.8190e-02, PNorm = 104.3865, GNorm = 0.7076, lr_0 = 3.4899e-04
Loss = 3.3298e-02, PNorm = 104.3983, GNorm = 0.2203, lr_0 = 3.4863e-04
Loss = 6.2409e-02, PNorm = 104.4060, GNorm = 0.2540, lr_0 = 3.4827e-04
Loss = 3.8707e-02, PNorm = 104.4124, GNorm = 0.2881, lr_0 = 3.4792e-04
Loss = 3.3133e-02, PNorm = 104.4244, GNorm = 0.2628, lr_0 = 3.4756e-04
Loss = 2.7325e-02, PNorm = 104.4386, GNorm = 0.2010, lr_0 = 3.4720e-04
Loss = 4.1736e-03, PNorm = 104.4628, GNorm = 0.0824, lr_0 = 3.4684e-04
Loss = 8.0052e-02, PNorm = 104.4846, GNorm = 0.1187, lr_0 = 3.4649e-04
Loss = 5.3486e-02, PNorm = 104.5093, GNorm = 0.2184, lr_0 = 3.4613e-04
Loss = 2.4913e-02, PNorm = 104.5340, GNorm = 0.3275, lr_0 = 3.4578e-04
Loss = 3.8142e-02, PNorm = 104.5632, GNorm = 0.2285, lr_0 = 3.4542e-04
Loss = 7.0891e-02, PNorm = 104.5750, GNorm = 0.3407, lr_0 = 3.4507e-04
Loss = 7.0501e-02, PNorm = 104.5893, GNorm = 0.6659, lr_0 = 3.4471e-04
Loss = 5.8699e-02, PNorm = 104.6024, GNorm = 0.5623, lr_0 = 3.4436e-04
Loss = 5.7256e-02, PNorm = 104.6220, GNorm = 0.4643, lr_0 = 3.4400e-04
Loss = 1.5958e-02, PNorm = 104.6586, GNorm = 0.0633, lr_0 = 3.4365e-04
Loss = 9.4548e-02, PNorm = 104.6622, GNorm = 0.3837, lr_0 = 3.4330e-04
Validation auc = 0.572187
Epoch 15
Loss = 1.3865e-02, PNorm = 104.6928, GNorm = 0.4314, lr_0 = 3.4294e-04
Loss = 4.9555e-02, PNorm = 104.7203, GNorm = 0.1916, lr_0 = 3.4259e-04
Loss = 4.2436e-02, PNorm = 104.7363, GNorm = 0.3946, lr_0 = 3.4224e-04
Loss = 4.3029e-02, PNorm = 104.7505, GNorm = 0.3084, lr_0 = 3.4189e-04
Loss = 4.5650e-02, PNorm = 104.7639, GNorm = 1.6161, lr_0 = 3.4154e-04
Loss = 3.8948e-02, PNorm = 104.7696, GNorm = 0.3040, lr_0 = 3.4119e-04
Loss = 2.5422e-02, PNorm = 104.7835, GNorm = 0.2357, lr_0 = 3.4084e-04
Loss = 2.6539e-02, PNorm = 104.7983, GNorm = 0.1662, lr_0 = 3.4049e-04
Loss = 6.9069e-02, PNorm = 104.7986, GNorm = 0.2669, lr_0 = 3.4014e-04
Loss = 3.2774e-02, PNorm = 104.8069, GNorm = 0.3366, lr_0 = 3.3979e-04
Loss = 3.6563e-02, PNorm = 104.8210, GNorm = 0.2922, lr_0 = 3.3944e-04
Loss = 5.7804e-02, PNorm = 104.8303, GNorm = 0.3412, lr_0 = 3.3909e-04
Loss = 3.8069e-02, PNorm = 104.8424, GNorm = 0.3176, lr_0 = 3.3874e-04
Loss = 5.7374e-02, PNorm = 104.8542, GNorm = 0.4152, lr_0 = 3.3839e-04
Loss = 2.8113e-02, PNorm = 104.8764, GNorm = 0.2689, lr_0 = 3.3804e-04
Loss = 7.6802e-02, PNorm = 104.8976, GNorm = 0.6650, lr_0 = 3.3770e-04
Loss = 5.2737e-02, PNorm = 104.9031, GNorm = 0.4149, lr_0 = 3.3735e-04
Loss = 6.2151e-02, PNorm = 104.9133, GNorm = 0.4858, lr_0 = 3.3700e-04
Loss = 2.2394e-02, PNorm = 104.9358, GNorm = 0.3803, lr_0 = 3.3666e-04
Loss = 9.1599e-02, PNorm = 104.9446, GNorm = 0.3478, lr_0 = 3.3631e-04
Loss = 5.3551e-02, PNorm = 104.9494, GNorm = 0.4532, lr_0 = 3.3597e-04
Loss = 4.2682e-02, PNorm = 104.9611, GNorm = 0.3801, lr_0 = 3.3562e-04
Loss = 4.1033e-02, PNorm = 104.9795, GNorm = 0.3069, lr_0 = 3.3528e-04
Loss = 1.4497e-02, PNorm = 104.9986, GNorm = 0.1554, lr_0 = 3.3493e-04
Loss = 6.2197e-02, PNorm = 105.0042, GNorm = 0.2132, lr_0 = 3.3459e-04
Loss = 3.6225e-02, PNorm = 105.0084, GNorm = 0.2885, lr_0 = 3.3424e-04
Loss = 6.1175e-02, PNorm = 105.0164, GNorm = 0.6791, lr_0 = 3.3390e-04
Loss = 7.1984e-02, PNorm = 105.0224, GNorm = 0.6833, lr_0 = 3.3356e-04
Loss = 5.0724e-02, PNorm = 105.0360, GNorm = 0.5266, lr_0 = 3.3321e-04
Loss = 6.0823e-02, PNorm = 105.0572, GNorm = 0.3127, lr_0 = 3.3287e-04
Loss = 5.2850e-02, PNorm = 105.0730, GNorm = 0.2609, lr_0 = 3.3253e-04
Loss = 6.3717e-02, PNorm = 105.0842, GNorm = 0.3162, lr_0 = 3.3219e-04
Loss = 4.5547e-02, PNorm = 105.0986, GNorm = 0.3796, lr_0 = 3.3185e-04
Loss = 3.0854e-02, PNorm = 105.1183, GNorm = 0.3213, lr_0 = 3.3151e-04
Loss = 4.2523e-02, PNorm = 105.1326, GNorm = 0.2229, lr_0 = 3.3117e-04
Loss = 9.8466e-02, PNorm = 105.1333, GNorm = 0.3745, lr_0 = 3.3082e-04
Loss = 4.1014e-02, PNorm = 105.1518, GNorm = 0.4350, lr_0 = 3.3049e-04
Loss = 1.0153e-01, PNorm = 105.1673, GNorm = 0.4599, lr_0 = 3.3015e-04
Loss = 4.3229e-02, PNorm = 105.1774, GNorm = 0.6088, lr_0 = 3.2981e-04
Loss = 7.0113e-02, PNorm = 105.1892, GNorm = 0.3670, lr_0 = 3.2947e-04
Loss = 5.8980e-02, PNorm = 105.1973, GNorm = 0.9468, lr_0 = 3.2913e-04
Loss = 5.5697e-02, PNorm = 105.2025, GNorm = 0.4024, lr_0 = 3.2879e-04
Loss = 3.0491e-02, PNorm = 105.2103, GNorm = 0.7608, lr_0 = 3.2845e-04
Loss = 3.2642e-02, PNorm = 105.2194, GNorm = 0.2393, lr_0 = 3.2812e-04
Loss = 5.7887e-02, PNorm = 105.2270, GNorm = 0.7793, lr_0 = 3.2778e-04
Loss = 9.0893e-02, PNorm = 105.2267, GNorm = 0.9671, lr_0 = 3.2744e-04
Loss = 4.7987e-02, PNorm = 105.2304, GNorm = 0.6483, lr_0 = 3.2711e-04
Loss = 6.7934e-02, PNorm = 105.2380, GNorm = 0.5753, lr_0 = 3.2677e-04
Loss = 3.6174e-02, PNorm = 105.2492, GNorm = 0.3319, lr_0 = 3.2643e-04
Loss = 6.2899e-02, PNorm = 105.2545, GNorm = 0.2754, lr_0 = 3.2610e-04
Loss = 4.2899e-02, PNorm = 105.2648, GNorm = 0.2373, lr_0 = 3.2576e-04
Loss = 4.1250e-02, PNorm = 105.2814, GNorm = 0.2538, lr_0 = 3.2543e-04
Loss = 4.8744e-02, PNorm = 105.2928, GNorm = 0.3029, lr_0 = 3.2509e-04
Loss = 2.7679e-02, PNorm = 105.3002, GNorm = 0.3270, lr_0 = 3.2476e-04
Loss = 4.7166e-02, PNorm = 105.3060, GNorm = 0.2799, lr_0 = 3.2443e-04
Loss = 3.7572e-02, PNorm = 105.3141, GNorm = 0.3332, lr_0 = 3.2409e-04
Loss = 5.4977e-02, PNorm = 105.3236, GNorm = 0.9353, lr_0 = 3.2376e-04
Loss = 5.5115e-02, PNorm = 105.3368, GNorm = 0.3865, lr_0 = 3.2343e-04
Loss = 3.9929e-02, PNorm = 105.3554, GNorm = 0.8142, lr_0 = 3.2310e-04
Loss = 5.2805e-02, PNorm = 105.3674, GNorm = 0.2858, lr_0 = 3.2276e-04
Loss = 1.7665e-02, PNorm = 105.3773, GNorm = 0.2558, lr_0 = 3.2243e-04
Loss = 7.3033e-02, PNorm = 105.3821, GNorm = 0.6865, lr_0 = 3.2210e-04
Loss = 8.9576e-02, PNorm = 105.3793, GNorm = 0.7498, lr_0 = 3.2177e-04
Loss = 7.1820e-02, PNorm = 105.3805, GNorm = 0.3521, lr_0 = 3.2144e-04
Loss = 6.0283e-02, PNorm = 105.3913, GNorm = 0.7576, lr_0 = 3.2111e-04
Loss = 4.5370e-02, PNorm = 105.3994, GNorm = 0.3338, lr_0 = 3.2078e-04
Loss = 6.3061e-02, PNorm = 105.4020, GNorm = 0.4130, lr_0 = 3.2045e-04
Loss = 4.7418e-02, PNorm = 105.4073, GNorm = 0.5862, lr_0 = 3.2012e-04
Loss = 4.3620e-02, PNorm = 105.4125, GNorm = 0.2769, lr_0 = 3.1979e-04
Loss = 1.7075e-02, PNorm = 105.4212, GNorm = 0.2666, lr_0 = 3.1946e-04
Loss = 4.6977e-02, PNorm = 105.4289, GNorm = 0.3070, lr_0 = 3.1913e-04
Loss = 6.0457e-02, PNorm = 105.4338, GNorm = 0.2058, lr_0 = 3.1881e-04
Loss = 2.5868e-02, PNorm = 105.4415, GNorm = 0.2592, lr_0 = 3.1848e-04
Loss = 8.0395e-02, PNorm = 105.4450, GNorm = 0.3348, lr_0 = 3.1815e-04
Loss = 5.7620e-02, PNorm = 105.4514, GNorm = 0.5310, lr_0 = 3.1782e-04
Loss = 2.0409e-02, PNorm = 105.4664, GNorm = 0.3274, lr_0 = 3.1750e-04
Loss = 7.1268e-02, PNorm = 105.4777, GNorm = 0.2808, lr_0 = 3.1717e-04
Loss = 7.1698e-02, PNorm = 105.4797, GNorm = 0.3977, lr_0 = 3.1685e-04
Loss = 5.2622e-02, PNorm = 105.4833, GNorm = 0.4948, lr_0 = 3.1652e-04
Loss = 4.1034e-02, PNorm = 105.4942, GNorm = 0.3713, lr_0 = 3.1620e-04
Validation auc = 0.544054
Epoch 16
Loss = 6.1045e-02, PNorm = 105.4985, GNorm = 0.3240, lr_0 = 3.1587e-04
Loss = 2.0095e-02, PNorm = 105.5066, GNorm = 0.2693, lr_0 = 3.1555e-04
Loss = 6.7949e-02, PNorm = 105.5127, GNorm = 0.2882, lr_0 = 3.1522e-04
Loss = 5.0965e-02, PNorm = 105.5147, GNorm = 0.6315, lr_0 = 3.1490e-04
Loss = 8.6050e-02, PNorm = 105.5164, GNorm = 0.4653, lr_0 = 3.1457e-04
Loss = 3.2878e-02, PNorm = 105.5284, GNorm = 0.3944, lr_0 = 3.1425e-04
Loss = 2.5198e-02, PNorm = 105.5435, GNorm = 0.2600, lr_0 = 3.1393e-04
Loss = 5.8865e-02, PNorm = 105.5511, GNorm = 0.2917, lr_0 = 3.1361e-04
Loss = 8.7794e-02, PNorm = 105.5555, GNorm = 0.4407, lr_0 = 3.1328e-04
Loss = 5.4596e-02, PNorm = 105.5660, GNorm = 1.0442, lr_0 = 3.1296e-04
Loss = 1.1122e-01, PNorm = 105.5674, GNorm = 0.5375, lr_0 = 3.1264e-04
Loss = 5.6908e-02, PNorm = 105.5776, GNorm = 0.4299, lr_0 = 3.1232e-04
Loss = 3.9147e-02, PNorm = 105.5965, GNorm = 0.4827, lr_0 = 3.1200e-04
Loss = 8.5350e-02, PNorm = 105.6045, GNorm = 1.4069, lr_0 = 3.1168e-04
Loss = 9.5213e-03, PNorm = 105.6074, GNorm = 0.2931, lr_0 = 3.1136e-04
Loss = 4.4145e-02, PNorm = 105.6177, GNorm = 0.2822, lr_0 = 3.1104e-04
Loss = 4.7749e-02, PNorm = 105.6251, GNorm = 0.9805, lr_0 = 3.1072e-04
Loss = 7.8773e-02, PNorm = 105.6234, GNorm = 0.9322, lr_0 = 3.1040e-04
Loss = 1.0590e-02, PNorm = 105.6276, GNorm = 0.2797, lr_0 = 3.1008e-04
Loss = 4.6734e-02, PNorm = 105.6347, GNorm = 0.2545, lr_0 = 3.0976e-04
Loss = 2.6597e-02, PNorm = 105.6426, GNorm = 0.2606, lr_0 = 3.0944e-04
Loss = 3.9603e-02, PNorm = 105.6484, GNorm = 0.1880, lr_0 = 3.0912e-04
Loss = 5.4923e-02, PNorm = 105.6487, GNorm = 0.2872, lr_0 = 3.0881e-04
Loss = 1.8753e-02, PNorm = 105.6546, GNorm = 0.2484, lr_0 = 3.0849e-04
Loss = 5.0240e-02, PNorm = 105.6606, GNorm = 0.2425, lr_0 = 3.0817e-04
Loss = 3.8175e-02, PNorm = 105.6628, GNorm = 0.8139, lr_0 = 3.0786e-04
Loss = 3.7503e-02, PNorm = 105.6683, GNorm = 0.2417, lr_0 = 3.0754e-04
Loss = 8.3295e-02, PNorm = 105.6707, GNorm = 1.1652, lr_0 = 3.0722e-04
Loss = 6.4389e-02, PNorm = 105.6733, GNorm = 0.4440, lr_0 = 3.0691e-04
Loss = 3.6988e-02, PNorm = 105.6862, GNorm = 0.4834, lr_0 = 3.0659e-04
Loss = 2.9811e-02, PNorm = 105.7041, GNorm = 0.2317, lr_0 = 3.0628e-04
Loss = 1.2191e-02, PNorm = 105.7230, GNorm = 0.0956, lr_0 = 3.0596e-04
Loss = 1.0292e-01, PNorm = 105.7312, GNorm = 0.6629, lr_0 = 3.0565e-04
Loss = 6.5554e-02, PNorm = 105.7506, GNorm = 0.5903, lr_0 = 3.0534e-04
Loss = 3.2177e-02, PNorm = 105.7727, GNorm = 0.4070, lr_0 = 3.0502e-04
Loss = 2.5200e-02, PNorm = 105.7974, GNorm = 0.7607, lr_0 = 3.0471e-04
Loss = 8.5024e-02, PNorm = 105.8038, GNorm = 0.2611, lr_0 = 3.0439e-04
Loss = 5.3361e-02, PNorm = 105.8127, GNorm = 0.3830, lr_0 = 3.0408e-04
Loss = 4.5058e-02, PNorm = 105.8261, GNorm = 0.3481, lr_0 = 3.0377e-04
Loss = 4.5692e-02, PNorm = 105.8380, GNorm = 0.3072, lr_0 = 3.0346e-04
Loss = 1.6478e-02, PNorm = 105.8507, GNorm = 0.3192, lr_0 = 3.0315e-04
Loss = 6.3488e-02, PNorm = 105.8595, GNorm = 0.2507, lr_0 = 3.0283e-04
Loss = 6.3706e-02, PNorm = 105.8647, GNorm = 1.6039, lr_0 = 3.0252e-04
Loss = 2.7467e-02, PNorm = 105.8722, GNorm = 0.3252, lr_0 = 3.0221e-04
Loss = 7.2586e-02, PNorm = 105.8821, GNorm = 0.4308, lr_0 = 3.0190e-04
Loss = 3.5993e-02, PNorm = 105.8951, GNorm = 0.3753, lr_0 = 3.0159e-04
Loss = 5.0929e-02, PNorm = 105.9086, GNorm = 0.2924, lr_0 = 3.0128e-04
Loss = 8.7027e-02, PNorm = 105.9150, GNorm = 0.9667, lr_0 = 3.0097e-04
Loss = 4.0178e-02, PNorm = 105.9234, GNorm = 0.5191, lr_0 = 3.0066e-04
Loss = 5.2674e-02, PNorm = 105.9319, GNorm = 0.3743, lr_0 = 3.0035e-04
Loss = 3.7071e-02, PNorm = 105.9436, GNorm = 0.3388, lr_0 = 3.0005e-04
Loss = 4.7298e-02, PNorm = 105.9558, GNorm = 0.9542, lr_0 = 2.9974e-04
Loss = 3.7827e-02, PNorm = 105.9658, GNorm = 0.2248, lr_0 = 2.9943e-04
Loss = 2.4527e-02, PNorm = 105.9783, GNorm = 0.2067, lr_0 = 2.9912e-04
Loss = 5.4911e-02, PNorm = 105.9844, GNorm = 0.2682, lr_0 = 2.9881e-04
Loss = 4.3049e-02, PNorm = 105.9953, GNorm = 0.8021, lr_0 = 2.9851e-04
Loss = 3.7876e-02, PNorm = 106.0029, GNorm = 0.2907, lr_0 = 2.9820e-04
Loss = 9.0703e-02, PNorm = 106.0088, GNorm = 2.2786, lr_0 = 2.9789e-04
Loss = 3.7022e-02, PNorm = 106.0174, GNorm = 0.4455, lr_0 = 2.9759e-04
Loss = 6.1397e-02, PNorm = 106.0323, GNorm = 0.3974, lr_0 = 2.9728e-04
Loss = 5.4861e-02, PNorm = 106.0426, GNorm = 0.8557, lr_0 = 2.9698e-04
Loss = 3.7744e-02, PNorm = 106.0523, GNorm = 0.3132, lr_0 = 2.9667e-04
Loss = 9.1998e-02, PNorm = 106.0562, GNorm = 0.6439, lr_0 = 2.9637e-04
Loss = 4.3738e-02, PNorm = 106.0672, GNorm = 0.7162, lr_0 = 2.9606e-04
Loss = 7.8041e-02, PNorm = 106.0749, GNorm = 0.4872, lr_0 = 2.9576e-04
Loss = 2.1685e-02, PNorm = 106.0894, GNorm = 0.3107, lr_0 = 2.9545e-04
Loss = 4.7118e-02, PNorm = 106.1005, GNorm = 0.2195, lr_0 = 2.9515e-04
Loss = 3.5765e-02, PNorm = 106.1062, GNorm = 1.0579, lr_0 = 2.9485e-04
Loss = 3.9189e-02, PNorm = 106.1080, GNorm = 0.2342, lr_0 = 2.9455e-04
Loss = 7.9344e-02, PNorm = 106.1063, GNorm = 0.3211, lr_0 = 2.9424e-04
Loss = 3.0927e-02, PNorm = 106.1141, GNorm = 0.4393, lr_0 = 2.9394e-04
Loss = 8.4555e-03, PNorm = 106.1275, GNorm = 0.2579, lr_0 = 2.9364e-04
Loss = 2.7876e-02, PNorm = 106.1365, GNorm = 0.1331, lr_0 = 2.9334e-04
Loss = 6.9108e-02, PNorm = 106.1337, GNorm = 0.2194, lr_0 = 2.9304e-04
Loss = 1.0625e-01, PNorm = 106.1281, GNorm = 0.4818, lr_0 = 2.9273e-04
Loss = 5.8788e-02, PNorm = 106.1291, GNorm = 0.3885, lr_0 = 2.9243e-04
Loss = 3.3592e-02, PNorm = 106.1409, GNorm = 1.1912, lr_0 = 2.9213e-04
Loss = 5.9327e-02, PNorm = 106.1489, GNorm = 0.3161, lr_0 = 2.9183e-04
Loss = 6.7798e-02, PNorm = 106.1521, GNorm = 0.7870, lr_0 = 2.9153e-04
Loss = 3.8936e-02, PNorm = 106.1567, GNorm = 0.3058, lr_0 = 2.9123e-04
Validation auc = 0.545102
Epoch 17
Loss = 6.3281e-02, PNorm = 106.1629, GNorm = 0.3599, lr_0 = 2.9093e-04
Loss = 2.5422e-02, PNorm = 106.1735, GNorm = 0.2944, lr_0 = 2.9064e-04
Loss = 9.4140e-02, PNorm = 106.1784, GNorm = 0.3427, lr_0 = 2.9034e-04
Loss = 2.9034e-02, PNorm = 106.1860, GNorm = 0.6369, lr_0 = 2.9004e-04
Loss = 6.2776e-02, PNorm = 106.1891, GNorm = 0.4413, lr_0 = 2.8974e-04
Loss = 4.0427e-02, PNorm = 106.1949, GNorm = 0.3190, lr_0 = 2.8944e-04
Loss = 4.8748e-02, PNorm = 106.2000, GNorm = 1.3961, lr_0 = 2.8915e-04
Loss = 2.9492e-02, PNorm = 106.2044, GNorm = 0.3193, lr_0 = 2.8885e-04
Loss = 5.1723e-02, PNorm = 106.2083, GNorm = 0.2336, lr_0 = 2.8855e-04
Loss = 6.3102e-02, PNorm = 106.2140, GNorm = 0.8649, lr_0 = 2.8825e-04
Loss = 1.7233e-02, PNorm = 106.2210, GNorm = 0.2981, lr_0 = 2.8796e-04
Loss = 3.1778e-02, PNorm = 106.2302, GNorm = 0.1709, lr_0 = 2.8766e-04
Loss = 4.2665e-02, PNorm = 106.2360, GNorm = 0.8261, lr_0 = 2.8737e-04
Loss = 7.7483e-02, PNorm = 106.2392, GNorm = 2.0032, lr_0 = 2.8707e-04
Loss = 5.9281e-02, PNorm = 106.2359, GNorm = 0.5499, lr_0 = 2.8678e-04
Loss = 6.1896e-02, PNorm = 106.2375, GNorm = 0.5392, lr_0 = 2.8648e-04
Loss = 6.7787e-02, PNorm = 106.2462, GNorm = 0.5759, lr_0 = 2.8619e-04
Loss = 3.8648e-02, PNorm = 106.2549, GNorm = 0.8356, lr_0 = 2.8589e-04
Loss = 8.1311e-02, PNorm = 106.2594, GNorm = 0.9361, lr_0 = 2.8560e-04
Loss = 4.6978e-02, PNorm = 106.2624, GNorm = 0.7375, lr_0 = 2.8531e-04
Loss = 1.9775e-02, PNorm = 106.2713, GNorm = 0.2518, lr_0 = 2.8501e-04
Loss = 8.7705e-02, PNorm = 106.2739, GNorm = 0.5186, lr_0 = 2.8472e-04
Loss = 5.1929e-02, PNorm = 106.2789, GNorm = 0.4555, lr_0 = 2.8443e-04
Loss = 1.7329e-02, PNorm = 106.2904, GNorm = 0.2713, lr_0 = 2.8414e-04
Loss = 5.6001e-02, PNorm = 106.2989, GNorm = 0.1826, lr_0 = 2.8384e-04
Loss = 5.6772e-02, PNorm = 106.3030, GNorm = 0.2532, lr_0 = 2.8355e-04
Loss = 6.7690e-02, PNorm = 106.3057, GNorm = 0.7663, lr_0 = 2.8326e-04
Loss = 4.7748e-02, PNorm = 106.3140, GNorm = 0.7658, lr_0 = 2.8297e-04
Loss = 2.0733e-02, PNorm = 106.3263, GNorm = 0.2198, lr_0 = 2.8268e-04
Loss = 3.4781e-02, PNorm = 106.3407, GNorm = 0.1955, lr_0 = 2.8239e-04
Loss = 6.8491e-02, PNorm = 106.3437, GNorm = 0.6079, lr_0 = 2.8210e-04
Loss = 5.4871e-02, PNorm = 106.3396, GNorm = 0.4261, lr_0 = 2.8181e-04
Loss = 4.9899e-02, PNorm = 106.3436, GNorm = 0.4589, lr_0 = 2.8152e-04
Loss = 3.0447e-02, PNorm = 106.3562, GNorm = 0.3007, lr_0 = 2.8123e-04
Loss = 9.8052e-02, PNorm = 106.3626, GNorm = 1.0517, lr_0 = 2.8094e-04
Loss = 2.3032e-02, PNorm = 106.3677, GNorm = 0.3946, lr_0 = 2.8065e-04
Loss = 6.3609e-02, PNorm = 106.3744, GNorm = 0.3053, lr_0 = 2.8036e-04
Loss = 2.7672e-02, PNorm = 106.3803, GNorm = 0.2990, lr_0 = 2.8008e-04
Loss = 4.8710e-02, PNorm = 106.3853, GNorm = 0.2222, lr_0 = 2.7979e-04
Loss = 4.8968e-02, PNorm = 106.3876, GNorm = 0.4910, lr_0 = 2.7950e-04
Loss = 7.7714e-02, PNorm = 106.3873, GNorm = 0.4853, lr_0 = 2.7921e-04
Loss = 3.6748e-02, PNorm = 106.3942, GNorm = 0.3444, lr_0 = 2.7893e-04
Loss = 5.1791e-02, PNorm = 106.4040, GNorm = 0.3700, lr_0 = 2.7864e-04
Loss = 4.5458e-02, PNorm = 106.4094, GNorm = 0.2868, lr_0 = 2.7835e-04
Loss = 4.1501e-02, PNorm = 106.4154, GNorm = 0.2967, lr_0 = 2.7807e-04
Loss = 3.1719e-02, PNorm = 106.4211, GNorm = 0.2394, lr_0 = 2.7778e-04
Loss = 4.1439e-02, PNorm = 106.4248, GNorm = 0.2470, lr_0 = 2.7750e-04
Loss = 4.7430e-02, PNorm = 106.4308, GNorm = 1.2464, lr_0 = 2.7721e-04
Loss = 7.8171e-02, PNorm = 106.4295, GNorm = 0.3082, lr_0 = 2.7693e-04
Loss = 2.8717e-02, PNorm = 106.4343, GNorm = 0.4743, lr_0 = 2.7664e-04
Loss = 1.8657e-02, PNorm = 106.4439, GNorm = 0.2540, lr_0 = 2.7636e-04
Loss = 4.1434e-02, PNorm = 106.4526, GNorm = 0.8415, lr_0 = 2.7607e-04
Loss = 4.1221e-02, PNorm = 106.4542, GNorm = 0.2357, lr_0 = 2.7579e-04
Loss = 4.6402e-02, PNorm = 106.4567, GNorm = 0.2907, lr_0 = 2.7551e-04
Loss = 2.9040e-02, PNorm = 106.4616, GNorm = 0.2502, lr_0 = 2.7522e-04
Loss = 5.5509e-02, PNorm = 106.4651, GNorm = 0.2054, lr_0 = 2.7494e-04
Loss = 5.2652e-02, PNorm = 106.4675, GNorm = 0.2985, lr_0 = 2.7466e-04
Loss = 4.2324e-02, PNorm = 106.4740, GNorm = 1.9585, lr_0 = 2.7438e-04
Loss = 7.0666e-02, PNorm = 106.4800, GNorm = 0.6271, lr_0 = 2.7410e-04
Loss = 5.8460e-02, PNorm = 106.4868, GNorm = 0.9189, lr_0 = 2.7381e-04
Loss = 4.4169e-02, PNorm = 106.4953, GNorm = 0.3448, lr_0 = 2.7353e-04
Loss = 6.4977e-02, PNorm = 106.4998, GNorm = 0.4107, lr_0 = 2.7325e-04
Loss = 4.5537e-02, PNorm = 106.5087, GNorm = 0.7381, lr_0 = 2.7297e-04
Loss = 3.8585e-02, PNorm = 106.5198, GNorm = 0.6659, lr_0 = 2.7269e-04
Loss = 5.9811e-02, PNorm = 106.5285, GNorm = 0.2550, lr_0 = 2.7241e-04
Loss = 4.8706e-02, PNorm = 106.5370, GNorm = 0.2528, lr_0 = 2.7213e-04
Loss = 5.8512e-02, PNorm = 106.5434, GNorm = 0.3315, lr_0 = 2.7185e-04
Loss = 3.8455e-02, PNorm = 106.5565, GNorm = 0.2677, lr_0 = 2.7157e-04
Loss = 9.1658e-02, PNorm = 106.5558, GNorm = 0.3777, lr_0 = 2.7129e-04
Loss = 3.2400e-02, PNorm = 106.5680, GNorm = 0.4540, lr_0 = 2.7101e-04
Loss = 4.4524e-02, PNorm = 106.5817, GNorm = 0.4984, lr_0 = 2.7074e-04
Loss = 2.8965e-02, PNorm = 106.5907, GNorm = 0.1945, lr_0 = 2.7046e-04
Loss = 2.9904e-02, PNorm = 106.5971, GNorm = 0.1682, lr_0 = 2.7018e-04
Loss = 4.6193e-02, PNorm = 106.6027, GNorm = 0.1626, lr_0 = 2.6990e-04
Loss = 5.4558e-02, PNorm = 106.6043, GNorm = 1.0512, lr_0 = 2.6962e-04
Loss = 6.6973e-02, PNorm = 106.6017, GNorm = 0.3340, lr_0 = 2.6935e-04
Loss = 6.2269e-02, PNorm = 106.6044, GNorm = 0.5234, lr_0 = 2.6907e-04
Loss = 7.1347e-02, PNorm = 106.6131, GNorm = 0.5191, lr_0 = 2.6879e-04
Loss = 3.8375e-02, PNorm = 106.6250, GNorm = 0.3681, lr_0 = 2.6852e-04
Loss = 5.4404e-02, PNorm = 106.6320, GNorm = 1.5666, lr_0 = 2.6824e-04
Validation auc = 0.540572
Epoch 18
Loss = 8.4491e-02, PNorm = 106.6333, GNorm = 0.4204, lr_0 = 2.6797e-04
Loss = 5.7644e-02, PNorm = 106.6353, GNorm = 0.5982, lr_0 = 2.6769e-04
Loss = 5.9643e-02, PNorm = 106.6410, GNorm = 0.4865, lr_0 = 2.6742e-04
Loss = 4.2334e-02, PNorm = 106.6480, GNorm = 0.3399, lr_0 = 2.6714e-04
Loss = 6.8464e-02, PNorm = 106.6535, GNorm = 0.7763, lr_0 = 2.6687e-04
Loss = 3.8339e-02, PNorm = 106.6584, GNorm = 0.3175, lr_0 = 2.6659e-04
Loss = 4.7608e-02, PNorm = 106.6632, GNorm = 0.3286, lr_0 = 2.6632e-04
Loss = 3.5245e-02, PNorm = 106.6689, GNorm = 0.2711, lr_0 = 2.6605e-04
Loss = 2.8170e-02, PNorm = 106.6758, GNorm = 0.2469, lr_0 = 2.6577e-04
Loss = 5.7193e-02, PNorm = 106.6800, GNorm = 0.2463, lr_0 = 2.6550e-04
Loss = 1.5567e-02, PNorm = 106.6865, GNorm = 0.2042, lr_0 = 2.6523e-04
Loss = 2.7714e-02, PNorm = 106.6945, GNorm = 0.1839, lr_0 = 2.6495e-04
Loss = 8.7445e-02, PNorm = 106.6900, GNorm = 0.2719, lr_0 = 2.6468e-04
Loss = 5.0121e-02, PNorm = 106.6887, GNorm = 0.3835, lr_0 = 2.6441e-04
Loss = 7.2283e-02, PNorm = 106.6926, GNorm = 0.7678, lr_0 = 2.6414e-04
Loss = 4.8049e-02, PNorm = 106.6990, GNorm = 0.3650, lr_0 = 2.6387e-04
Loss = 4.3058e-02, PNorm = 106.7070, GNorm = 0.3050, lr_0 = 2.6360e-04
Loss = 4.7213e-02, PNorm = 106.7142, GNorm = 0.2997, lr_0 = 2.6332e-04
Loss = 6.3468e-02, PNorm = 106.7170, GNorm = 1.7751, lr_0 = 2.6305e-04
Loss = 3.3048e-02, PNorm = 106.7206, GNorm = 0.3292, lr_0 = 2.6278e-04
Loss = 1.7303e-02, PNorm = 106.7282, GNorm = 0.2619, lr_0 = 2.6251e-04
Loss = 7.2144e-02, PNorm = 106.7332, GNorm = 1.4280, lr_0 = 2.6224e-04
Loss = 2.5254e-02, PNorm = 106.7335, GNorm = 0.2664, lr_0 = 2.6197e-04
Loss = 4.9504e-02, PNorm = 106.7365, GNorm = 0.2885, lr_0 = 2.6171e-04
Loss = 4.0958e-02, PNorm = 106.7421, GNorm = 0.2574, lr_0 = 2.6144e-04
Loss = 5.0094e-02, PNorm = 106.7472, GNorm = 0.2457, lr_0 = 2.6117e-04
Loss = 4.0181e-02, PNorm = 106.7526, GNorm = 0.9201, lr_0 = 2.6090e-04
Loss = 2.9462e-02, PNorm = 106.7582, GNorm = 0.2046, lr_0 = 2.6063e-04
Loss = 3.1496e-02, PNorm = 106.7631, GNorm = 0.2035, lr_0 = 2.6036e-04
Loss = 3.1938e-02, PNorm = 106.7702, GNorm = 0.2081, lr_0 = 2.6010e-04
Loss = 3.4437e-02, PNorm = 106.7793, GNorm = 0.8713, lr_0 = 2.5983e-04
Loss = 3.6637e-02, PNorm = 106.7870, GNorm = 0.2055, lr_0 = 2.5956e-04
Loss = 1.6116e-02, PNorm = 106.7958, GNorm = 0.1722, lr_0 = 2.5930e-04
Loss = 6.0042e-02, PNorm = 106.7890, GNorm = 0.2467, lr_0 = 2.5903e-04
Loss = 8.5927e-02, PNorm = 106.7890, GNorm = 1.2076, lr_0 = 2.5876e-04
Loss = 4.2142e-02, PNorm = 106.7927, GNorm = 0.4968, lr_0 = 2.5850e-04
Loss = 4.4626e-02, PNorm = 106.8026, GNorm = 0.4962, lr_0 = 2.5823e-04
Loss = 7.6526e-02, PNorm = 106.8091, GNorm = 0.3494, lr_0 = 2.5797e-04
Loss = 4.5062e-02, PNorm = 106.8153, GNorm = 0.8333, lr_0 = 2.5770e-04
Loss = 5.1480e-02, PNorm = 106.8210, GNorm = 0.3904, lr_0 = 2.5744e-04
Loss = 5.4982e-02, PNorm = 106.8296, GNorm = 2.1380, lr_0 = 2.5717e-04
Loss = 3.6748e-02, PNorm = 106.8359, GNorm = 0.3509, lr_0 = 2.5691e-04
Loss = 4.3642e-02, PNorm = 106.8436, GNorm = 0.3101, lr_0 = 2.5664e-04
Loss = 6.8461e-02, PNorm = 106.8498, GNorm = 0.9410, lr_0 = 2.5638e-04
Loss = 8.1398e-02, PNorm = 106.8574, GNorm = 0.4378, lr_0 = 2.5612e-04
Loss = 3.0989e-02, PNorm = 106.8673, GNorm = 0.4836, lr_0 = 2.5585e-04
Loss = 6.8099e-02, PNorm = 106.8778, GNorm = 0.3735, lr_0 = 2.5559e-04
Loss = 4.3110e-02, PNorm = 106.8898, GNorm = 0.3661, lr_0 = 2.5533e-04
Loss = 5.8178e-02, PNorm = 106.8993, GNorm = 0.2376, lr_0 = 2.5507e-04
Loss = 3.0047e-02, PNorm = 106.9056, GNorm = 0.3447, lr_0 = 2.5480e-04
Loss = 5.1562e-02, PNorm = 106.9180, GNorm = 1.4769, lr_0 = 2.5454e-04
Loss = 4.9452e-02, PNorm = 106.9264, GNorm = 0.2876, lr_0 = 2.5428e-04
Loss = 8.2474e-02, PNorm = 106.9286, GNorm = 0.3803, lr_0 = 2.5402e-04
Loss = 5.6758e-02, PNorm = 106.9363, GNorm = 0.4208, lr_0 = 2.5376e-04
Loss = 4.5385e-02, PNorm = 106.9475, GNorm = 0.4461, lr_0 = 2.5350e-04
Loss = 6.2948e-02, PNorm = 106.9558, GNorm = 0.6674, lr_0 = 2.5324e-04
Loss = 3.8248e-02, PNorm = 106.9643, GNorm = 0.3145, lr_0 = 2.5298e-04
Loss = 4.9680e-02, PNorm = 106.9699, GNorm = 0.2552, lr_0 = 2.5272e-04
Loss = 5.1329e-02, PNorm = 106.9745, GNorm = 0.2963, lr_0 = 2.5246e-04
Loss = 8.3778e-02, PNorm = 106.9779, GNorm = 1.4978, lr_0 = 2.5220e-04
Loss = 5.7285e-02, PNorm = 106.9818, GNorm = 0.4610, lr_0 = 2.5194e-04
Loss = 4.8033e-02, PNorm = 106.9893, GNorm = 0.4642, lr_0 = 2.5168e-04
Loss = 2.5893e-02, PNorm = 107.0002, GNorm = 0.2582, lr_0 = 2.5142e-04
Loss = 2.0302e-02, PNorm = 107.0137, GNorm = 1.1636, lr_0 = 2.5116e-04
Loss = 7.1046e-02, PNorm = 107.0115, GNorm = 0.2299, lr_0 = 2.5090e-04
Loss = 6.4176e-02, PNorm = 107.0122, GNorm = 0.3166, lr_0 = 2.5065e-04
Loss = 2.0581e-02, PNorm = 107.0199, GNorm = 0.3258, lr_0 = 2.5039e-04
Loss = 7.5522e-02, PNorm = 107.0289, GNorm = 0.8438, lr_0 = 2.5013e-04
Loss = 8.0251e-02, PNorm = 107.0254, GNorm = 0.5686, lr_0 = 2.4988e-04
Loss = 6.7546e-02, PNorm = 107.0243, GNorm = 0.5317, lr_0 = 2.4962e-04
Loss = 4.1222e-02, PNorm = 107.0308, GNorm = 0.4413, lr_0 = 2.4936e-04
Loss = 4.6813e-02, PNorm = 107.0400, GNorm = 0.3417, lr_0 = 2.4911e-04
Loss = 2.3565e-02, PNorm = 107.0502, GNorm = 0.1788, lr_0 = 2.4885e-04
Loss = 4.6520e-02, PNorm = 107.0554, GNorm = 0.1677, lr_0 = 2.4859e-04
Loss = 3.7629e-02, PNorm = 107.0573, GNorm = 0.1987, lr_0 = 2.4834e-04
Loss = 3.9881e-02, PNorm = 107.0608, GNorm = 0.8074, lr_0 = 2.4808e-04
Loss = 3.4964e-02, PNorm = 107.0651, GNorm = 0.2247, lr_0 = 2.4783e-04
Loss = 5.2589e-02, PNorm = 107.0675, GNorm = 0.2490, lr_0 = 2.4757e-04
Loss = 8.2578e-02, PNorm = 107.0673, GNorm = 0.3755, lr_0 = 2.4732e-04
Loss = 2.0137e-02, PNorm = 107.0744, GNorm = 0.3676, lr_0 = 2.4707e-04
Validation auc = 0.553152
Epoch 19
Loss = 2.0682e-02, PNorm = 107.0858, GNorm = 0.2313, lr_0 = 2.4681e-04
Loss = 5.7853e-02, PNorm = 107.0901, GNorm = 0.1884, lr_0 = 2.4656e-04
Loss = 2.6811e-02, PNorm = 107.0927, GNorm = 0.2124, lr_0 = 2.4630e-04
Loss = 3.1125e-02, PNorm = 107.0974, GNorm = 0.1913, lr_0 = 2.4605e-04
Loss = 2.7453e-02, PNorm = 107.1022, GNorm = 0.2003, lr_0 = 2.4580e-04
Loss = 5.7733e-02, PNorm = 107.1033, GNorm = 0.1697, lr_0 = 2.4555e-04
Loss = 3.2620e-02, PNorm = 107.1059, GNorm = 0.2036, lr_0 = 2.4529e-04
Loss = 5.0679e-02, PNorm = 107.1097, GNorm = 0.2783, lr_0 = 2.4504e-04
Loss = 1.6101e-02, PNorm = 107.1164, GNorm = 0.2268, lr_0 = 2.4479e-04
Loss = 2.6805e-02, PNorm = 107.1248, GNorm = 0.2353, lr_0 = 2.4454e-04
Loss = 8.9315e-02, PNorm = 107.1277, GNorm = 0.2568, lr_0 = 2.4429e-04
Loss = 4.6616e-02, PNorm = 107.1315, GNorm = 1.6018, lr_0 = 2.4404e-04
Loss = 1.7413e-02, PNorm = 107.1373, GNorm = 0.3128, lr_0 = 2.4379e-04
Loss = 3.9405e-02, PNorm = 107.1446, GNorm = 0.1949, lr_0 = 2.4354e-04
Loss = 8.6997e-02, PNorm = 107.1417, GNorm = 0.3258, lr_0 = 2.4329e-04
Loss = 7.2155e-02, PNorm = 107.1416, GNorm = 0.4932, lr_0 = 2.4304e-04
Loss = 3.8533e-02, PNorm = 107.1473, GNorm = 0.4689, lr_0 = 2.4279e-04
Loss = 9.6479e-03, PNorm = 107.1587, GNorm = 0.2156, lr_0 = 2.4254e-04
Loss = 5.2241e-02, PNorm = 107.1652, GNorm = 0.1560, lr_0 = 2.4229e-04
Loss = 5.0495e-02, PNorm = 107.1668, GNorm = 0.1561, lr_0 = 2.4204e-04
Loss = 4.8898e-02, PNorm = 107.1666, GNorm = 0.2233, lr_0 = 2.4179e-04
Loss = 3.0228e-02, PNorm = 107.1716, GNorm = 0.2360, lr_0 = 2.4154e-04
Loss = 5.1749e-02, PNorm = 107.1760, GNorm = 0.8310, lr_0 = 2.4129e-04
Loss = 6.7941e-02, PNorm = 107.1810, GNorm = 0.7909, lr_0 = 2.4105e-04
Loss = 5.5563e-02, PNorm = 107.1847, GNorm = 0.3840, lr_0 = 2.4080e-04
Loss = 4.7439e-02, PNorm = 107.1901, GNorm = 0.3349, lr_0 = 2.4055e-04
Loss = 4.7388e-02, PNorm = 107.1938, GNorm = 0.3411, lr_0 = 2.4030e-04
Loss = 3.9230e-02, PNorm = 107.2011, GNorm = 0.3137, lr_0 = 2.4006e-04
Loss = 3.7363e-02, PNorm = 107.2088, GNorm = 0.2312, lr_0 = 2.3981e-04
Loss = 2.9388e-02, PNorm = 107.2148, GNorm = 0.1984, lr_0 = 2.3956e-04
Loss = 9.7104e-02, PNorm = 107.2111, GNorm = 1.0881, lr_0 = 2.3932e-04
Loss = 6.9939e-02, PNorm = 107.2093, GNorm = 0.5186, lr_0 = 2.3907e-04
Loss = 4.1198e-02, PNorm = 107.2166, GNorm = 0.4103, lr_0 = 2.3883e-04
Loss = 5.3002e-02, PNorm = 107.2272, GNorm = 0.7193, lr_0 = 2.3858e-04
Loss = 8.7938e-02, PNorm = 107.2290, GNorm = 0.3725, lr_0 = 2.3833e-04
Loss = 4.3285e-02, PNorm = 107.2348, GNorm = 0.5056, lr_0 = 2.3809e-04
Loss = 4.6466e-02, PNorm = 107.2404, GNorm = 0.4958, lr_0 = 2.3785e-04
Loss = 7.1024e-02, PNorm = 107.2423, GNorm = 0.7255, lr_0 = 2.3760e-04
Loss = 2.8030e-02, PNorm = 107.2459, GNorm = 0.3367, lr_0 = 2.3736e-04
Loss = 3.0209e-02, PNorm = 107.2483, GNorm = 0.2756, lr_0 = 2.3711e-04
Loss = 3.4387e-02, PNorm = 107.2526, GNorm = 0.2013, lr_0 = 2.3687e-04
Loss = 8.0154e-02, PNorm = 107.2502, GNorm = 1.2270, lr_0 = 2.3663e-04
Loss = 4.1075e-02, PNorm = 107.2466, GNorm = 0.2714, lr_0 = 2.3638e-04
Loss = 4.3938e-02, PNorm = 107.2506, GNorm = 0.3275, lr_0 = 2.3614e-04
Loss = 7.1502e-02, PNorm = 107.2534, GNorm = 0.3169, lr_0 = 2.3590e-04
Loss = 6.2973e-02, PNorm = 107.2552, GNorm = 0.5646, lr_0 = 2.3566e-04
Loss = 6.0817e-02, PNorm = 107.2585, GNorm = 0.6161, lr_0 = 2.3541e-04
Loss = 3.9511e-02, PNorm = 107.2635, GNorm = 0.4732, lr_0 = 2.3517e-04
Loss = 5.4955e-02, PNorm = 107.2694, GNorm = 1.1893, lr_0 = 2.3493e-04
Loss = 5.6518e-02, PNorm = 107.2734, GNorm = 0.9707, lr_0 = 2.3469e-04
Loss = 5.3659e-02, PNorm = 107.2753, GNorm = 0.4137, lr_0 = 2.3445e-04
Loss = 3.9129e-02, PNorm = 107.2814, GNorm = 0.3016, lr_0 = 2.3421e-04
Loss = 7.4510e-02, PNorm = 107.2849, GNorm = 0.2735, lr_0 = 2.3397e-04
Loss = 5.7037e-02, PNorm = 107.2882, GNorm = 0.3040, lr_0 = 2.3373e-04
Loss = 5.5960e-02, PNorm = 107.2919, GNorm = 0.3360, lr_0 = 2.3348e-04
Loss = 3.7419e-02, PNorm = 107.2981, GNorm = 0.2649, lr_0 = 2.3325e-04
Loss = 8.2130e-02, PNorm = 107.3027, GNorm = 0.2869, lr_0 = 2.3301e-04
Loss = 3.5838e-02, PNorm = 107.3067, GNorm = 0.2966, lr_0 = 2.3277e-04
Loss = 2.9985e-02, PNorm = 107.3125, GNorm = 0.2135, lr_0 = 2.3253e-04
Loss = 8.2624e-02, PNorm = 107.3147, GNorm = 2.0984, lr_0 = 2.3229e-04
Loss = 3.9464e-02, PNorm = 107.3159, GNorm = 0.2678, lr_0 = 2.3205e-04
Loss = 4.1802e-02, PNorm = 107.3207, GNorm = 0.3097, lr_0 = 2.3181e-04
Loss = 5.6466e-02, PNorm = 107.3268, GNorm = 0.2857, lr_0 = 2.3157e-04
Loss = 2.7451e-02, PNorm = 107.3330, GNorm = 0.2153, lr_0 = 2.3133e-04
Loss = 3.1560e-02, PNorm = 107.3403, GNorm = 0.9111, lr_0 = 2.3110e-04
Loss = 2.3220e-02, PNorm = 107.3457, GNorm = 0.1571, lr_0 = 2.3086e-04
Loss = 3.5988e-02, PNorm = 107.3505, GNorm = 0.9380, lr_0 = 2.3062e-04
Loss = 7.6597e-02, PNorm = 107.3485, GNorm = 0.8634, lr_0 = 2.3039e-04
Loss = 5.0475e-02, PNorm = 107.3475, GNorm = 0.2765, lr_0 = 2.3015e-04
Loss = 6.1406e-02, PNorm = 107.3521, GNorm = 0.3043, lr_0 = 2.2991e-04
Loss = 5.8899e-02, PNorm = 107.3585, GNorm = 0.3929, lr_0 = 2.2968e-04
Loss = 8.8123e-02, PNorm = 107.3671, GNorm = 0.3247, lr_0 = 2.2944e-04
Loss = 8.5002e-02, PNorm = 107.3723, GNorm = 0.5306, lr_0 = 2.2920e-04
Loss = 3.5092e-02, PNorm = 107.3823, GNorm = 0.5053, lr_0 = 2.2897e-04
Loss = 5.2256e-02, PNorm = 107.3919, GNorm = 0.2993, lr_0 = 2.2873e-04
Loss = 7.2145e-02, PNorm = 107.3949, GNorm = 0.4939, lr_0 = 2.2850e-04
Loss = 5.5750e-02, PNorm = 107.3938, GNorm = 0.3734, lr_0 = 2.2826e-04
Loss = 3.8308e-02, PNorm = 107.3981, GNorm = 0.2851, lr_0 = 2.2803e-04
Loss = 3.2267e-02, PNorm = 107.4041, GNorm = 0.2314, lr_0 = 2.2780e-04
Loss = 6.2505e-03, PNorm = 107.4124, GNorm = 0.1543, lr_0 = 2.2756e-04
Validation auc = 0.559824
Epoch 20
Loss = 4.5096e-02, PNorm = 107.4179, GNorm = 0.6340, lr_0 = 2.2733e-04
Loss = 4.9273e-02, PNorm = 107.4178, GNorm = 0.2087, lr_0 = 2.2709e-04
Loss = 3.1098e-02, PNorm = 107.4203, GNorm = 0.5424, lr_0 = 2.2686e-04
Loss = 4.3996e-02, PNorm = 107.4228, GNorm = 0.2364, lr_0 = 2.2663e-04
Loss = 7.6371e-02, PNorm = 107.4229, GNorm = 1.4676, lr_0 = 2.2639e-04
Loss = 1.9038e-02, PNorm = 107.4256, GNorm = 0.2905, lr_0 = 2.2616e-04
Loss = 3.4999e-02, PNorm = 107.4298, GNorm = 0.2270, lr_0 = 2.2593e-04
Loss = 5.7478e-02, PNorm = 107.4314, GNorm = 0.4512, lr_0 = 2.2570e-04
Loss = 4.8831e-02, PNorm = 107.4330, GNorm = 0.2322, lr_0 = 2.2547e-04
Loss = 2.9077e-02, PNorm = 107.4375, GNorm = 0.2609, lr_0 = 2.2523e-04
Loss = 3.8095e-02, PNorm = 107.4425, GNorm = 0.6882, lr_0 = 2.2500e-04
Loss = 4.3561e-02, PNorm = 107.4476, GNorm = 0.5862, lr_0 = 2.2477e-04
Loss = 2.3425e-02, PNorm = 107.4536, GNorm = 0.7152, lr_0 = 2.2454e-04
Loss = 1.7176e-02, PNorm = 107.4579, GNorm = 0.1521, lr_0 = 2.2431e-04
Loss = 6.0171e-02, PNorm = 107.4592, GNorm = 1.3129, lr_0 = 2.2408e-04
Loss = 7.1871e-02, PNorm = 107.4575, GNorm = 0.7424, lr_0 = 2.2385e-04
Loss = 7.8864e-02, PNorm = 107.4581, GNorm = 0.7026, lr_0 = 2.2362e-04
Loss = 4.8569e-02, PNorm = 107.4620, GNorm = 0.4682, lr_0 = 2.2339e-04
Loss = 5.6921e-02, PNorm = 107.4718, GNorm = 0.4019, lr_0 = 2.2316e-04
Loss = 4.4827e-02, PNorm = 107.4793, GNorm = 0.5334, lr_0 = 2.2293e-04
Loss = 6.0614e-02, PNorm = 107.4845, GNorm = 0.2853, lr_0 = 2.2270e-04
Loss = 3.5075e-02, PNorm = 107.4913, GNorm = 0.2553, lr_0 = 2.2247e-04
Loss = 5.8140e-02, PNorm = 107.4973, GNorm = 1.4335, lr_0 = 2.2224e-04
Loss = 4.5633e-02, PNorm = 107.5023, GNorm = 0.2812, lr_0 = 2.2202e-04
Loss = 4.2946e-02, PNorm = 107.5105, GNorm = 0.2886, lr_0 = 2.2179e-04
Loss = 2.0836e-02, PNorm = 107.5238, GNorm = 0.2275, lr_0 = 2.2156e-04
Loss = 8.7981e-02, PNorm = 107.5210, GNorm = 0.7059, lr_0 = 2.2133e-04
Loss = 7.2300e-02, PNorm = 107.5204, GNorm = 2.8326, lr_0 = 2.2110e-04
Loss = 2.7229e-02, PNorm = 107.5217, GNorm = 0.3696, lr_0 = 2.2088e-04
Loss = 4.1567e-02, PNorm = 107.5278, GNorm = 0.3116, lr_0 = 2.2065e-04
Loss = 7.5979e-02, PNorm = 107.5312, GNorm = 0.2893, lr_0 = 2.2042e-04
Loss = 4.8573e-02, PNorm = 107.5345, GNorm = 0.3253, lr_0 = 2.2020e-04
Loss = 4.9249e-02, PNorm = 107.5384, GNorm = 0.3208, lr_0 = 2.1997e-04
Loss = 5.6961e-02, PNorm = 107.5428, GNorm = 0.2663, lr_0 = 2.1975e-04
Loss = 2.9664e-02, PNorm = 107.5476, GNorm = 0.2471, lr_0 = 2.1952e-04
Loss = 7.0710e-02, PNorm = 107.5495, GNorm = 0.2530, lr_0 = 2.1929e-04
Loss = 4.3472e-02, PNorm = 107.5517, GNorm = 0.3149, lr_0 = 2.1907e-04
Loss = 7.6924e-02, PNorm = 107.5545, GNorm = 1.0715, lr_0 = 2.1884e-04
Loss = 7.2046e-02, PNorm = 107.5583, GNorm = 0.4249, lr_0 = 2.1862e-04
Loss = 2.9927e-02, PNorm = 107.5654, GNorm = 0.3409, lr_0 = 2.1839e-04
Loss = 4.5372e-02, PNorm = 107.5722, GNorm = 0.2898, lr_0 = 2.1817e-04
Loss = 3.5754e-02, PNorm = 107.5776, GNorm = 0.1886, lr_0 = 2.1795e-04
Loss = 3.5729e-02, PNorm = 107.5812, GNorm = 0.5323, lr_0 = 2.1772e-04
Loss = 4.6728e-02, PNorm = 107.5843, GNorm = 0.8927, lr_0 = 2.1750e-04
Loss = 2.5717e-02, PNorm = 107.5864, GNorm = 0.1988, lr_0 = 2.1727e-04
Loss = 3.8004e-02, PNorm = 107.5884, GNorm = 0.2257, lr_0 = 2.1705e-04
Loss = 8.9857e-02, PNorm = 107.5888, GNorm = 0.6002, lr_0 = 2.1683e-04
Loss = 4.2849e-02, PNorm = 107.5904, GNorm = 0.3619, lr_0 = 2.1661e-04
Loss = 4.7156e-02, PNorm = 107.5946, GNorm = 0.3777, lr_0 = 2.1638e-04
Loss = 4.2881e-02, PNorm = 107.6016, GNorm = 0.2611, lr_0 = 2.1616e-04
Loss = 6.4861e-02, PNorm = 107.6052, GNorm = 0.2845, lr_0 = 2.1594e-04
Loss = 6.3468e-02, PNorm = 107.6079, GNorm = 0.2803, lr_0 = 2.1572e-04
Loss = 6.8916e-02, PNorm = 107.6109, GNorm = 0.2727, lr_0 = 2.1550e-04
Loss = 8.3213e-02, PNorm = 107.6151, GNorm = 0.9258, lr_0 = 2.1527e-04
Loss = 4.1218e-02, PNorm = 107.6227, GNorm = 0.3800, lr_0 = 2.1505e-04
Loss = 1.8456e-02, PNorm = 107.6325, GNorm = 0.2301, lr_0 = 2.1483e-04
Loss = 4.9463e-02, PNorm = 107.6392, GNorm = 0.8476, lr_0 = 2.1461e-04
Loss = 2.8151e-02, PNorm = 107.6401, GNorm = 0.6144, lr_0 = 2.1439e-04
Loss = 3.3421e-02, PNorm = 107.6412, GNorm = 0.1685, lr_0 = 2.1417e-04
Loss = 6.2873e-02, PNorm = 107.6414, GNorm = 0.9573, lr_0 = 2.1395e-04
Loss = 6.0672e-02, PNorm = 107.6394, GNorm = 0.2857, lr_0 = 2.1373e-04
Loss = 5.0870e-02, PNorm = 107.6389, GNorm = 0.4071, lr_0 = 2.1351e-04
Loss = 4.4309e-02, PNorm = 107.6431, GNorm = 0.3469, lr_0 = 2.1329e-04
Loss = 6.7054e-02, PNorm = 107.6489, GNorm = 0.3631, lr_0 = 2.1307e-04
Loss = 3.9001e-02, PNorm = 107.6539, GNorm = 0.2517, lr_0 = 2.1285e-04
Loss = 4.6288e-02, PNorm = 107.6598, GNorm = 0.5654, lr_0 = 2.1263e-04
Loss = 7.2522e-02, PNorm = 107.6622, GNorm = 0.2860, lr_0 = 2.1242e-04
Loss = 3.3404e-02, PNorm = 107.6655, GNorm = 0.3040, lr_0 = 2.1220e-04
Loss = 4.8455e-02, PNorm = 107.6715, GNorm = 1.2751, lr_0 = 2.1198e-04
Loss = 6.3237e-02, PNorm = 107.6733, GNorm = 0.4770, lr_0 = 2.1176e-04
Loss = 4.0800e-02, PNorm = 107.6773, GNorm = 0.2779, lr_0 = 2.1154e-04
Loss = 3.4354e-02, PNorm = 107.6821, GNorm = 0.2580, lr_0 = 2.1133e-04
Loss = 6.0827e-02, PNorm = 107.6858, GNorm = 0.2333, lr_0 = 2.1111e-04
Loss = 4.4870e-02, PNorm = 107.6853, GNorm = 0.2851, lr_0 = 2.1089e-04
Loss = 5.1027e-02, PNorm = 107.6885, GNorm = 0.2728, lr_0 = 2.1068e-04
Loss = 8.4066e-03, PNorm = 107.6948, GNorm = 0.2468, lr_0 = 2.1046e-04
Loss = 5.2939e-02, PNorm = 107.7002, GNorm = 0.8246, lr_0 = 2.1024e-04
Loss = 1.4342e-02, PNorm = 107.7047, GNorm = 0.1820, lr_0 = 2.1003e-04
Loss = 4.6976e-02, PNorm = 107.7062, GNorm = 0.1810, lr_0 = 2.0981e-04
Loss = 8.3268e-02, PNorm = 107.7035, GNorm = 0.5821, lr_0 = 2.0960e-04
Validation auc = 0.566893
Epoch 21
Loss = 5.7395e-02, PNorm = 107.7015, GNorm = 0.3612, lr_0 = 2.0938e-04
Loss = 5.8841e-02, PNorm = 107.7050, GNorm = 0.4056, lr_0 = 2.0917e-04
Loss = 9.0763e-02, PNorm = 107.7087, GNorm = 0.4026, lr_0 = 2.0895e-04
Loss = 4.3802e-02, PNorm = 107.7159, GNorm = 0.4036, lr_0 = 2.0874e-04
Loss = 7.8086e-02, PNorm = 107.7225, GNorm = 0.6668, lr_0 = 2.0852e-04
Loss = 7.9079e-02, PNorm = 107.7288, GNorm = 0.3827, lr_0 = 2.0831e-04
Loss = 6.1219e-02, PNorm = 107.7338, GNorm = 0.4252, lr_0 = 2.0809e-04
Loss = 4.8805e-02, PNorm = 107.7422, GNorm = 0.6496, lr_0 = 2.0788e-04
Loss = 6.5345e-02, PNorm = 107.7467, GNorm = 0.5103, lr_0 = 2.0767e-04
Loss = 7.8984e-02, PNorm = 107.7503, GNorm = 0.4584, lr_0 = 2.0745e-04
Loss = 4.7327e-02, PNorm = 107.7579, GNorm = 0.3712, lr_0 = 2.0724e-04
Loss = 5.6013e-02, PNorm = 107.7650, GNorm = 0.3201, lr_0 = 2.0703e-04
Loss = 5.0274e-02, PNorm = 107.7706, GNorm = 0.2560, lr_0 = 2.0681e-04
Loss = 9.0533e-03, PNorm = 107.7785, GNorm = 0.2532, lr_0 = 2.0660e-04
Loss = 1.1864e-02, PNorm = 107.7885, GNorm = 0.1397, lr_0 = 2.0639e-04
Loss = 1.5738e-02, PNorm = 107.7976, GNorm = 0.1012, lr_0 = 2.0618e-04
Loss = 3.9034e-02, PNorm = 107.8000, GNorm = 0.0979, lr_0 = 2.0597e-04
Loss = 2.6347e-02, PNorm = 107.8021, GNorm = 0.1124, lr_0 = 2.0575e-04
Loss = 5.2480e-02, PNorm = 107.8003, GNorm = 0.1540, lr_0 = 2.0554e-04
Loss = 4.2674e-02, PNorm = 107.8032, GNorm = 1.1804, lr_0 = 2.0533e-04
Loss = 4.1209e-02, PNorm = 107.8064, GNorm = 0.2416, lr_0 = 2.0512e-04
Loss = 4.9417e-02, PNorm = 107.8118, GNorm = 0.2648, lr_0 = 2.0491e-04
Loss = 2.1574e-02, PNorm = 107.8204, GNorm = 0.2395, lr_0 = 2.0470e-04
Loss = 7.3169e-02, PNorm = 107.8272, GNorm = 0.2304, lr_0 = 2.0449e-04
Loss = 5.8729e-02, PNorm = 107.8328, GNorm = 0.3194, lr_0 = 2.0428e-04
Loss = 6.0476e-02, PNorm = 107.8336, GNorm = 0.3911, lr_0 = 2.0407e-04
Loss = 4.9409e-02, PNorm = 107.8315, GNorm = 0.4100, lr_0 = 2.0386e-04
Loss = 8.8647e-02, PNorm = 107.8345, GNorm = 0.5508, lr_0 = 2.0365e-04
Loss = 5.1018e-02, PNorm = 107.8401, GNorm = 0.4317, lr_0 = 2.0344e-04
Loss = 3.8066e-02, PNorm = 107.8501, GNorm = 0.6648, lr_0 = 2.0323e-04
Loss = 3.6819e-02, PNorm = 107.8560, GNorm = 0.5552, lr_0 = 2.0302e-04
Loss = 4.8630e-02, PNorm = 107.8581, GNorm = 0.2616, lr_0 = 2.0281e-04
Loss = 5.6002e-02, PNorm = 107.8624, GNorm = 0.2456, lr_0 = 2.0261e-04
Loss = 4.9484e-02, PNorm = 107.8656, GNorm = 0.9995, lr_0 = 2.0240e-04
Loss = 3.7443e-02, PNorm = 107.8697, GNorm = 0.2914, lr_0 = 2.0219e-04
Loss = 2.8014e-02, PNorm = 107.8760, GNorm = 0.2395, lr_0 = 2.0198e-04
Loss = 6.2713e-02, PNorm = 107.8799, GNorm = 0.2246, lr_0 = 2.0177e-04
Loss = 6.9572e-02, PNorm = 107.8835, GNorm = 0.2248, lr_0 = 2.0157e-04
Loss = 7.5825e-02, PNorm = 107.8839, GNorm = 0.3844, lr_0 = 2.0136e-04
Loss = 6.7866e-02, PNorm = 107.8853, GNorm = 0.4271, lr_0 = 2.0115e-04
Loss = 4.5641e-02, PNorm = 107.8839, GNorm = 0.4192, lr_0 = 2.0095e-04
Loss = 5.4209e-02, PNorm = 107.8878, GNorm = 0.3069, lr_0 = 2.0074e-04
Loss = 2.7799e-02, PNorm = 107.8950, GNorm = 0.2247, lr_0 = 2.0053e-04
Loss = 6.5423e-02, PNorm = 107.8976, GNorm = 0.2248, lr_0 = 2.0033e-04
Loss = 4.2016e-02, PNorm = 107.9000, GNorm = 0.2330, lr_0 = 2.0012e-04
Loss = 1.5995e-02, PNorm = 107.9050, GNorm = 0.2158, lr_0 = 1.9992e-04
Loss = 5.8785e-02, PNorm = 107.9078, GNorm = 1.2622, lr_0 = 1.9971e-04
Loss = 1.8195e-02, PNorm = 107.9102, GNorm = 0.1812, lr_0 = 1.9951e-04
Loss = 3.7732e-02, PNorm = 107.9093, GNorm = 0.1743, lr_0 = 1.9930e-04
Loss = 2.1107e-02, PNorm = 107.9118, GNorm = 0.1837, lr_0 = 1.9910e-04
Loss = 2.3639e-02, PNorm = 107.9154, GNorm = 0.1585, lr_0 = 1.9889e-04
Loss = 4.3968e-02, PNorm = 107.9188, GNorm = 1.1604, lr_0 = 1.9869e-04
Loss = 3.7390e-02, PNorm = 107.9201, GNorm = 0.1580, lr_0 = 1.9848e-04
Loss = 4.7067e-02, PNorm = 107.9194, GNorm = 0.5101, lr_0 = 1.9828e-04
Loss = 6.3611e-02, PNorm = 107.9191, GNorm = 0.2660, lr_0 = 1.9808e-04
Loss = 4.5811e-02, PNorm = 107.9217, GNorm = 0.2842, lr_0 = 1.9787e-04
Loss = 3.1444e-02, PNorm = 107.9274, GNorm = 0.2678, lr_0 = 1.9767e-04
Loss = 6.1405e-02, PNorm = 107.9318, GNorm = 0.2662, lr_0 = 1.9747e-04
Loss = 3.4242e-02, PNorm = 107.9354, GNorm = 0.2522, lr_0 = 1.9726e-04
Loss = 5.3661e-02, PNorm = 107.9393, GNorm = 0.2372, lr_0 = 1.9706e-04
Loss = 4.3421e-02, PNorm = 107.9422, GNorm = 0.5929, lr_0 = 1.9686e-04
Loss = 4.3012e-02, PNorm = 107.9443, GNorm = 0.5098, lr_0 = 1.9666e-04
Loss = 3.1984e-02, PNorm = 107.9464, GNorm = 0.2096, lr_0 = 1.9645e-04
Loss = 4.9951e-02, PNorm = 107.9486, GNorm = 0.2850, lr_0 = 1.9625e-04
Loss = 4.3321e-02, PNorm = 107.9512, GNorm = 0.7153, lr_0 = 1.9605e-04
Loss = 1.4944e-02, PNorm = 107.9560, GNorm = 0.2346, lr_0 = 1.9585e-04
Loss = 1.0400e-01, PNorm = 107.9565, GNorm = 0.2637, lr_0 = 1.9565e-04
Loss = 1.7136e-02, PNorm = 107.9594, GNorm = 0.2820, lr_0 = 1.9545e-04
Loss = 4.4489e-02, PNorm = 107.9610, GNorm = 0.2854, lr_0 = 1.9525e-04
Loss = 3.0366e-02, PNorm = 107.9640, GNorm = 0.2521, lr_0 = 1.9504e-04
Loss = 4.9651e-02, PNorm = 107.9674, GNorm = 0.5049, lr_0 = 1.9484e-04
Loss = 8.7177e-02, PNorm = 107.9666, GNorm = 0.2868, lr_0 = 1.9464e-04
Loss = 2.7871e-02, PNorm = 107.9689, GNorm = 0.3381, lr_0 = 1.9444e-04
Loss = 2.9859e-02, PNorm = 107.9735, GNorm = 0.2404, lr_0 = 1.9424e-04
Loss = 1.9180e-02, PNorm = 107.9787, GNorm = 0.1867, lr_0 = 1.9404e-04
Loss = 8.2319e-02, PNorm = 107.9812, GNorm = 1.5244, lr_0 = 1.9385e-04
Loss = 7.2466e-02, PNorm = 107.9784, GNorm = 0.7974, lr_0 = 1.9365e-04
Loss = 6.7963e-02, PNorm = 107.9774, GNorm = 0.4165, lr_0 = 1.9345e-04
Loss = 5.7794e-02, PNorm = 107.9817, GNorm = 0.4524, lr_0 = 1.9325e-04
Loss = 3.8835e-02, PNorm = 107.9899, GNorm = 0.2924, lr_0 = 1.9305e-04
Validation auc = 0.577631
Epoch 22
Loss = 7.0830e-02, PNorm = 107.9952, GNorm = 0.4100, lr_0 = 1.9285e-04
Loss = 3.0226e-02, PNorm = 107.9998, GNorm = 0.2849, lr_0 = 1.9265e-04
Loss = 3.1212e-02, PNorm = 108.0055, GNorm = 0.2405, lr_0 = 1.9246e-04
Loss = 3.6373e-02, PNorm = 108.0115, GNorm = 0.6350, lr_0 = 1.9226e-04
Loss = 5.9105e-02, PNorm = 108.0138, GNorm = 0.6876, lr_0 = 1.9206e-04
Loss = 5.4266e-02, PNorm = 108.0137, GNorm = 0.2781, lr_0 = 1.9186e-04
Loss = 7.4033e-02, PNorm = 108.0149, GNorm = 0.3300, lr_0 = 1.9167e-04
Loss = 4.7847e-02, PNorm = 108.0192, GNorm = 0.2875, lr_0 = 1.9147e-04
Loss = 5.7098e-02, PNorm = 108.0259, GNorm = 0.5965, lr_0 = 1.9127e-04
Loss = 4.7616e-02, PNorm = 108.0345, GNorm = 0.6712, lr_0 = 1.9108e-04
Loss = 3.1070e-02, PNorm = 108.0404, GNorm = 0.2633, lr_0 = 1.9088e-04
Loss = 7.2715e-02, PNorm = 108.0439, GNorm = 0.3150, lr_0 = 1.9068e-04
Loss = 6.8200e-02, PNorm = 108.0480, GNorm = 1.1452, lr_0 = 1.9049e-04
Loss = 5.6975e-02, PNorm = 108.0520, GNorm = 1.4173, lr_0 = 1.9029e-04
Loss = 2.7934e-02, PNorm = 108.0568, GNorm = 0.3099, lr_0 = 1.9010e-04
Loss = 7.3385e-02, PNorm = 108.0613, GNorm = 0.3300, lr_0 = 1.8990e-04
Loss = 4.5922e-02, PNorm = 108.0664, GNorm = 0.3224, lr_0 = 1.8971e-04
Loss = 2.4909e-02, PNorm = 108.0750, GNorm = 0.2244, lr_0 = 1.8951e-04
Loss = 6.3608e-02, PNorm = 108.0804, GNorm = 0.7582, lr_0 = 1.8932e-04
Loss = 2.1641e-02, PNorm = 108.0841, GNorm = 0.1831, lr_0 = 1.8912e-04
Loss = 3.3024e-02, PNorm = 108.0907, GNorm = 0.1843, lr_0 = 1.8893e-04
Loss = 3.7025e-02, PNorm = 108.0973, GNorm = 0.5393, lr_0 = 1.8873e-04
Loss = 4.5705e-02, PNorm = 108.1002, GNorm = 0.1392, lr_0 = 1.8854e-04
Loss = 8.1283e-02, PNorm = 108.1013, GNorm = 0.6018, lr_0 = 1.8835e-04
Loss = 7.1637e-02, PNorm = 108.1041, GNorm = 0.4216, lr_0 = 1.8815e-04
Loss = 9.6147e-02, PNorm = 108.1093, GNorm = 0.5200, lr_0 = 1.8796e-04
Loss = 3.1930e-02, PNorm = 108.1281, GNorm = 0.5175, lr_0 = 1.8777e-04
Loss = 6.7184e-02, PNorm = 108.1328, GNorm = 0.3763, lr_0 = 1.8757e-04
Loss = 1.1145e-01, PNorm = 108.1336, GNorm = 0.4895, lr_0 = 1.8738e-04
Loss = 4.5802e-02, PNorm = 108.1366, GNorm = 0.4990, lr_0 = 1.8719e-04
Loss = 7.7627e-02, PNorm = 108.1354, GNorm = 0.6007, lr_0 = 1.8700e-04
Loss = 7.2881e-02, PNorm = 108.1416, GNorm = 0.3641, lr_0 = 1.8680e-04
Loss = 6.4243e-02, PNorm = 108.1476, GNorm = 0.4115, lr_0 = 1.8661e-04
Loss = 3.8795e-02, PNorm = 108.1557, GNorm = 0.3249, lr_0 = 1.8642e-04
Loss = 2.5106e-02, PNorm = 108.1626, GNorm = 0.2501, lr_0 = 1.8623e-04
Loss = 7.8672e-02, PNorm = 108.1658, GNorm = 0.1833, lr_0 = 1.8604e-04
Loss = 4.0811e-02, PNorm = 108.1672, GNorm = 0.4743, lr_0 = 1.8585e-04
Loss = 6.3873e-02, PNorm = 108.1655, GNorm = 0.2496, lr_0 = 1.8565e-04
Loss = 9.6831e-03, PNorm = 108.1694, GNorm = 0.2594, lr_0 = 1.8546e-04
Loss = 3.8347e-02, PNorm = 108.1748, GNorm = 0.1239, lr_0 = 1.8527e-04
Loss = 3.1464e-02, PNorm = 108.1759, GNorm = 0.1643, lr_0 = 1.8508e-04
Loss = 6.9399e-02, PNorm = 108.1768, GNorm = 0.1742, lr_0 = 1.8489e-04
Loss = 4.1215e-02, PNorm = 108.1783, GNorm = 0.5333, lr_0 = 1.8470e-04
Loss = 2.6843e-02, PNorm = 108.1823, GNorm = 0.2010, lr_0 = 1.8451e-04
Loss = 4.3155e-02, PNorm = 108.1854, GNorm = 0.8294, lr_0 = 1.8432e-04
Loss = 1.6422e-02, PNorm = 108.1900, GNorm = 0.1944, lr_0 = 1.8413e-04
Loss = 1.0698e-01, PNorm = 108.1884, GNorm = 0.2674, lr_0 = 1.8394e-04
Loss = 5.3073e-02, PNorm = 108.1885, GNorm = 0.3504, lr_0 = 1.8376e-04
Loss = 6.4152e-02, PNorm = 108.1919, GNorm = 0.3315, lr_0 = 1.8357e-04
Loss = 5.2800e-02, PNorm = 108.1967, GNorm = 0.3708, lr_0 = 1.8338e-04
Loss = 3.4719e-02, PNorm = 108.2043, GNorm = 0.3032, lr_0 = 1.8319e-04
Loss = 6.9056e-02, PNorm = 108.2082, GNorm = 0.4964, lr_0 = 1.8300e-04
Loss = 5.0555e-02, PNorm = 108.2114, GNorm = 0.5066, lr_0 = 1.8281e-04
Loss = 2.8995e-02, PNorm = 108.2170, GNorm = 0.2320, lr_0 = 1.8263e-04
Loss = 2.8172e-02, PNorm = 108.2221, GNorm = 0.5417, lr_0 = 1.8244e-04
Loss = 4.7373e-02, PNorm = 108.2270, GNorm = 0.6504, lr_0 = 1.8225e-04
Loss = 1.8223e-02, PNorm = 108.2318, GNorm = 0.8630, lr_0 = 1.8206e-04
Loss = 5.3341e-02, PNorm = 108.2321, GNorm = 0.1470, lr_0 = 1.8188e-04
Loss = 4.7388e-02, PNorm = 108.2315, GNorm = 0.2305, lr_0 = 1.8169e-04
Loss = 2.0639e-02, PNorm = 108.2349, GNorm = 0.2270, lr_0 = 1.8150e-04
Loss = 1.8646e-02, PNorm = 108.2414, GNorm = 0.1584, lr_0 = 1.8132e-04
Loss = 4.4996e-02, PNorm = 108.2453, GNorm = 0.1271, lr_0 = 1.8113e-04
Loss = 2.5780e-02, PNorm = 108.2506, GNorm = 0.5959, lr_0 = 1.8094e-04
Loss = 5.1915e-02, PNorm = 108.2533, GNorm = 0.7770, lr_0 = 1.8076e-04
Loss = 1.5713e-02, PNorm = 108.2570, GNorm = 0.1573, lr_0 = 1.8057e-04
Loss = 8.3167e-02, PNorm = 108.2583, GNorm = 0.4591, lr_0 = 1.8039e-04
Loss = 4.1995e-02, PNorm = 108.2611, GNorm = 0.4077, lr_0 = 1.8020e-04
Loss = 4.0061e-02, PNorm = 108.2673, GNorm = 1.3245, lr_0 = 1.8002e-04
Loss = 7.7238e-03, PNorm = 108.2762, GNorm = 0.1613, lr_0 = 1.7983e-04
Loss = 5.8715e-02, PNorm = 108.2813, GNorm = 0.1508, lr_0 = 1.7965e-04
Loss = 1.3735e-02, PNorm = 108.2874, GNorm = 0.1294, lr_0 = 1.7946e-04
Loss = 4.4565e-02, PNorm = 108.2913, GNorm = 0.1469, lr_0 = 1.7928e-04
Loss = 6.4616e-02, PNorm = 108.2973, GNorm = 1.3860, lr_0 = 1.7909e-04
Loss = 4.2221e-02, PNorm = 108.2971, GNorm = 0.2092, lr_0 = 1.7891e-04
Loss = 3.4208e-02, PNorm = 108.3024, GNorm = 0.6597, lr_0 = 1.7873e-04
Loss = 3.3516e-02, PNorm = 108.3072, GNorm = 0.1968, lr_0 = 1.7854e-04
Loss = 5.8210e-02, PNorm = 108.3119, GNorm = 0.2309, lr_0 = 1.7836e-04
Loss = 5.2200e-02, PNorm = 108.3160, GNorm = 0.3103, lr_0 = 1.7818e-04
Loss = 3.8519e-02, PNorm = 108.3196, GNorm = 0.2417, lr_0 = 1.7799e-04
Loss = 4.4302e-02, PNorm = 108.3251, GNorm = 0.2233, lr_0 = 1.7781e-04
Validation auc = 0.555586
Epoch 23
Loss = 6.2009e-02, PNorm = 108.3295, GNorm = 0.3922, lr_0 = 1.7763e-04
Loss = 2.9792e-02, PNorm = 108.3348, GNorm = 0.2067, lr_0 = 1.7744e-04
Loss = 6.0214e-02, PNorm = 108.3435, GNorm = 0.9157, lr_0 = 1.7726e-04
Loss = 2.2553e-02, PNorm = 108.3468, GNorm = 0.2144, lr_0 = 1.7708e-04
Loss = 5.4712e-02, PNorm = 108.3498, GNorm = 0.2081, lr_0 = 1.7690e-04
Loss = 6.7996e-02, PNorm = 108.3507, GNorm = 0.5033, lr_0 = 1.7672e-04
Loss = 4.2188e-02, PNorm = 108.3543, GNorm = 0.2977, lr_0 = 1.7653e-04
Loss = 2.6722e-02, PNorm = 108.3617, GNorm = 0.2267, lr_0 = 1.7635e-04
Loss = 4.5256e-02, PNorm = 108.3688, GNorm = 0.7568, lr_0 = 1.7617e-04
Loss = 5.1238e-02, PNorm = 108.3702, GNorm = 0.1854, lr_0 = 1.7599e-04
Loss = 2.8452e-02, PNorm = 108.3725, GNorm = 0.2213, lr_0 = 1.7581e-04
Loss = 8.5605e-02, PNorm = 108.3728, GNorm = 0.3576, lr_0 = 1.7563e-04
Loss = 3.0689e-02, PNorm = 108.3730, GNorm = 0.2466, lr_0 = 1.7545e-04
Loss = 5.5680e-02, PNorm = 108.3769, GNorm = 0.9586, lr_0 = 1.7527e-04
Loss = 6.0327e-02, PNorm = 108.3793, GNorm = 0.3123, lr_0 = 1.7509e-04
Loss = 6.4323e-02, PNorm = 108.3815, GNorm = 0.3006, lr_0 = 1.7491e-04
Loss = 6.3015e-02, PNorm = 108.3861, GNorm = 0.3967, lr_0 = 1.7473e-04
Loss = 7.2519e-02, PNorm = 108.3896, GNorm = 0.3881, lr_0 = 1.7455e-04
Loss = 8.2157e-02, PNorm = 108.3922, GNorm = 0.4143, lr_0 = 1.7437e-04
Loss = 4.9884e-02, PNorm = 108.3974, GNorm = 0.3245, lr_0 = 1.7419e-04
Loss = 3.3695e-02, PNorm = 108.4048, GNorm = 0.3007, lr_0 = 1.7401e-04
Loss = 4.9558e-02, PNorm = 108.4129, GNorm = 0.2302, lr_0 = 1.7383e-04
Loss = 4.5275e-02, PNorm = 108.4187, GNorm = 0.6097, lr_0 = 1.7366e-04
Loss = 2.2878e-02, PNorm = 108.4230, GNorm = 0.1500, lr_0 = 1.7348e-04
Loss = 2.5895e-02, PNorm = 108.4266, GNorm = 0.1728, lr_0 = 1.7330e-04
Loss = 2.8258e-02, PNorm = 108.4305, GNorm = 0.1412, lr_0 = 1.7312e-04
Loss = 7.2023e-02, PNorm = 108.4319, GNorm = 0.9461, lr_0 = 1.7294e-04
Loss = 5.5879e-02, PNorm = 108.4327, GNorm = 1.3109, lr_0 = 1.7276e-04
Loss = 4.9371e-02, PNorm = 108.4350, GNorm = 0.2729, lr_0 = 1.7259e-04
Loss = 5.1053e-02, PNorm = 108.4399, GNorm = 0.5257, lr_0 = 1.7241e-04
Loss = 2.0240e-02, PNorm = 108.4463, GNorm = 0.2128, lr_0 = 1.7223e-04
Loss = 4.5714e-02, PNorm = 108.4520, GNorm = 0.2029, lr_0 = 1.7206e-04
Loss = 3.5523e-02, PNorm = 108.4581, GNorm = 0.1892, lr_0 = 1.7188e-04
Loss = 5.8030e-02, PNorm = 108.4620, GNorm = 0.1720, lr_0 = 1.7170e-04
Loss = 1.6185e-02, PNorm = 108.4628, GNorm = 0.1563, lr_0 = 1.7153e-04
Loss = 5.2101e-02, PNorm = 108.4656, GNorm = 0.1795, lr_0 = 1.7135e-04
Loss = 2.9182e-02, PNorm = 108.4694, GNorm = 0.1742, lr_0 = 1.7117e-04
Loss = 4.5090e-02, PNorm = 108.4752, GNorm = 1.3125, lr_0 = 1.7100e-04
Loss = 2.1674e-02, PNorm = 108.4798, GNorm = 0.1565, lr_0 = 1.7082e-04
Loss = 2.6371e-02, PNorm = 108.4854, GNorm = 0.1551, lr_0 = 1.7065e-04
Loss = 4.8175e-02, PNorm = 108.4908, GNorm = 1.6413, lr_0 = 1.7047e-04
Loss = 5.1445e-02, PNorm = 108.4919, GNorm = 0.1702, lr_0 = 1.7030e-04
Loss = 4.6861e-02, PNorm = 108.4934, GNorm = 0.2405, lr_0 = 1.7012e-04
Loss = 6.2505e-02, PNorm = 108.4966, GNorm = 0.9945, lr_0 = 1.6995e-04
Loss = 2.3069e-02, PNorm = 108.5008, GNorm = 0.2614, lr_0 = 1.6977e-04
Loss = 6.0775e-02, PNorm = 108.5045, GNorm = 0.8000, lr_0 = 1.6960e-04
Loss = 1.7477e-02, PNorm = 108.5105, GNorm = 0.2191, lr_0 = 1.6942e-04
Loss = 1.7756e-02, PNorm = 108.5173, GNorm = 0.2009, lr_0 = 1.6925e-04
Loss = 3.9353e-02, PNorm = 108.5223, GNorm = 0.1585, lr_0 = 1.6908e-04
Loss = 3.7811e-02, PNorm = 108.5234, GNorm = 0.1356, lr_0 = 1.6890e-04
Loss = 4.1800e-02, PNorm = 108.5232, GNorm = 0.1940, lr_0 = 1.6873e-04
Loss = 6.8450e-02, PNorm = 108.5213, GNorm = 0.2127, lr_0 = 1.6855e-04
Loss = 7.7045e-02, PNorm = 108.5211, GNorm = 0.3455, lr_0 = 1.6838e-04
Loss = 4.9186e-02, PNorm = 108.5274, GNorm = 0.4966, lr_0 = 1.6821e-04
Loss = 5.4576e-02, PNorm = 108.5335, GNorm = 0.5362, lr_0 = 1.6804e-04
Loss = 6.1171e-02, PNorm = 108.5376, GNorm = 0.2850, lr_0 = 1.6786e-04
Loss = 4.7081e-02, PNorm = 108.5443, GNorm = 0.2602, lr_0 = 1.6769e-04
Loss = 8.0315e-02, PNorm = 108.5476, GNorm = 0.3663, lr_0 = 1.6752e-04
Loss = 2.8926e-02, PNorm = 108.5552, GNorm = 0.2707, lr_0 = 1.6735e-04
Loss = 4.8701e-02, PNorm = 108.5628, GNorm = 0.5267, lr_0 = 1.6717e-04
Loss = 4.8070e-02, PNorm = 108.5670, GNorm = 0.6451, lr_0 = 1.6700e-04
Loss = 7.3285e-02, PNorm = 108.5679, GNorm = 0.3014, lr_0 = 1.6683e-04
Loss = 3.4990e-02, PNorm = 108.5741, GNorm = 0.4285, lr_0 = 1.6666e-04
Loss = 2.8974e-02, PNorm = 108.5827, GNorm = 0.2362, lr_0 = 1.6649e-04
Loss = 4.8490e-02, PNorm = 108.5901, GNorm = 0.2446, lr_0 = 1.6632e-04
Loss = 2.6098e-02, PNorm = 108.5984, GNorm = 1.1766, lr_0 = 1.6615e-04
Loss = 6.0790e-02, PNorm = 108.6023, GNorm = 1.0116, lr_0 = 1.6598e-04
Loss = 2.7955e-02, PNorm = 108.6046, GNorm = 0.1925, lr_0 = 1.6581e-04
Loss = 1.2223e-01, PNorm = 108.6041, GNorm = 0.6342, lr_0 = 1.6563e-04
Loss = 4.7034e-02, PNorm = 108.6074, GNorm = 0.3942, lr_0 = 1.6546e-04
Loss = 4.8453e-02, PNorm = 108.6188, GNorm = 0.4042, lr_0 = 1.6529e-04
Loss = 8.0000e-02, PNorm = 108.6114, GNorm = 0.3746, lr_0 = 1.6512e-04
Loss = 2.0163e-02, PNorm = 108.6185, GNorm = 0.2509, lr_0 = 1.6496e-04
Loss = 1.8579e-02, PNorm = 108.6270, GNorm = 0.2095, lr_0 = 1.6479e-04
Loss = 4.5854e-02, PNorm = 108.6324, GNorm = 0.6276, lr_0 = 1.6462e-04
Loss = 5.6024e-02, PNorm = 108.6319, GNorm = 0.1872, lr_0 = 1.6445e-04
Loss = 4.8121e-02, PNorm = 108.6311, GNorm = 0.2114, lr_0 = 1.6428e-04
Loss = 4.9827e-02, PNorm = 108.6315, GNorm = 0.2478, lr_0 = 1.6411e-04
Loss = 8.6208e-02, PNorm = 108.6302, GNorm = 0.5532, lr_0 = 1.6394e-04
Loss = 7.1560e-02, PNorm = 108.6301, GNorm = 0.4055, lr_0 = 1.6377e-04
Validation auc = 0.573816
Epoch 24
Loss = 3.0705e-02, PNorm = 108.6351, GNorm = 0.3379, lr_0 = 1.6360e-04
Loss = 4.6477e-02, PNorm = 108.6398, GNorm = 0.2774, lr_0 = 1.6344e-04
Loss = 7.8707e-02, PNorm = 108.6432, GNorm = 0.8067, lr_0 = 1.6327e-04
Loss = 7.4440e-02, PNorm = 108.6452, GNorm = 1.9888, lr_0 = 1.6310e-04
Loss = 8.9814e-02, PNorm = 108.6463, GNorm = 1.3776, lr_0 = 1.6293e-04
Loss = 6.9718e-02, PNorm = 108.6495, GNorm = 0.6394, lr_0 = 1.6277e-04
Loss = 2.5590e-02, PNorm = 108.6571, GNorm = 0.4248, lr_0 = 1.6260e-04
Loss = 1.9847e-02, PNorm = 108.6668, GNorm = 0.2221, lr_0 = 1.6243e-04
Loss = 7.3070e-02, PNorm = 108.6726, GNorm = 0.4587, lr_0 = 1.6226e-04
Loss = 5.3611e-02, PNorm = 108.6740, GNorm = 0.2610, lr_0 = 1.6210e-04
Loss = 3.8339e-02, PNorm = 108.6770, GNorm = 0.2281, lr_0 = 1.6193e-04
Loss = 2.8029e-02, PNorm = 108.6807, GNorm = 0.2436, lr_0 = 1.6176e-04
Loss = 7.5586e-02, PNorm = 108.6844, GNorm = 1.0669, lr_0 = 1.6160e-04
Loss = 5.8234e-02, PNorm = 108.6872, GNorm = 1.3454, lr_0 = 1.6143e-04
Loss = 4.2939e-02, PNorm = 108.6911, GNorm = 0.2595, lr_0 = 1.6127e-04
Loss = 2.6317e-02, PNorm = 108.6986, GNorm = 0.2358, lr_0 = 1.6110e-04
Loss = 4.6548e-02, PNorm = 108.7048, GNorm = 0.2138, lr_0 = 1.6094e-04
Loss = 3.3274e-02, PNorm = 108.7124, GNorm = 1.0182, lr_0 = 1.6077e-04
Loss = 3.3098e-02, PNorm = 108.7143, GNorm = 0.1706, lr_0 = 1.6060e-04
Loss = 6.2955e-02, PNorm = 108.7150, GNorm = 1.0349, lr_0 = 1.6044e-04
Loss = 2.9675e-02, PNorm = 108.7192, GNorm = 0.2451, lr_0 = 1.6028e-04
Loss = 5.5679e-02, PNorm = 108.7257, GNorm = 0.2367, lr_0 = 1.6011e-04
Loss = 3.4305e-02, PNorm = 108.7329, GNorm = 1.0157, lr_0 = 1.5995e-04
Loss = 7.3717e-02, PNorm = 108.7314, GNorm = 0.2635, lr_0 = 1.5978e-04
Loss = 5.0273e-02, PNorm = 108.7329, GNorm = 0.3221, lr_0 = 1.5962e-04
Loss = 4.0429e-02, PNorm = 108.7364, GNorm = 0.2642, lr_0 = 1.5945e-04
Loss = 3.7743e-02, PNorm = 108.7414, GNorm = 0.2171, lr_0 = 1.5929e-04
Loss = 3.8277e-02, PNorm = 108.7459, GNorm = 0.2328, lr_0 = 1.5913e-04
Loss = 3.8605e-02, PNorm = 108.7500, GNorm = 0.1982, lr_0 = 1.5896e-04
Loss = 4.1711e-02, PNorm = 108.7539, GNorm = 0.1786, lr_0 = 1.5880e-04
Loss = 3.3273e-02, PNorm = 108.7567, GNorm = 0.2109, lr_0 = 1.5864e-04
Loss = 3.2271e-02, PNorm = 108.7536, GNorm = 0.1718, lr_0 = 1.5847e-04
Loss = 5.4436e-02, PNorm = 108.7528, GNorm = 0.5408, lr_0 = 1.5831e-04
Loss = 5.3213e-02, PNorm = 108.7520, GNorm = 0.2423, lr_0 = 1.5815e-04
Loss = 6.0980e-02, PNorm = 108.7521, GNorm = 0.2528, lr_0 = 1.5799e-04
Loss = 7.3788e-02, PNorm = 108.7530, GNorm = 0.7596, lr_0 = 1.5782e-04
Loss = 3.8125e-02, PNorm = 108.7568, GNorm = 0.2545, lr_0 = 1.5766e-04
Loss = 5.9597e-02, PNorm = 108.7618, GNorm = 0.2761, lr_0 = 1.5750e-04
Loss = 3.4829e-02, PNorm = 108.7676, GNorm = 0.2879, lr_0 = 1.5734e-04
Loss = 5.4290e-02, PNorm = 108.7720, GNorm = 0.6028, lr_0 = 1.5718e-04
Loss = 2.7612e-02, PNorm = 108.7758, GNorm = 0.2213, lr_0 = 1.5701e-04
Loss = 5.4692e-02, PNorm = 108.7787, GNorm = 0.2270, lr_0 = 1.5685e-04
Loss = 3.5239e-02, PNorm = 108.7803, GNorm = 0.2379, lr_0 = 1.5669e-04
Loss = 6.6277e-02, PNorm = 108.7825, GNorm = 0.5252, lr_0 = 1.5653e-04
Loss = 3.3583e-02, PNorm = 108.7849, GNorm = 0.2076, lr_0 = 1.5637e-04
Loss = 5.6016e-02, PNorm = 108.7881, GNorm = 0.2692, lr_0 = 1.5621e-04
Loss = 6.0506e-02, PNorm = 108.7916, GNorm = 0.2925, lr_0 = 1.5605e-04
Loss = 9.6497e-03, PNorm = 108.7961, GNorm = 0.2216, lr_0 = 1.5589e-04
Loss = 3.9339e-02, PNorm = 108.8014, GNorm = 0.6603, lr_0 = 1.5573e-04
Loss = 6.2005e-02, PNorm = 108.8048, GNorm = 1.3600, lr_0 = 1.5557e-04
Loss = 3.9548e-02, PNorm = 108.8063, GNorm = 0.1930, lr_0 = 1.5541e-04
Loss = 4.5925e-02, PNorm = 108.8086, GNorm = 0.2346, lr_0 = 1.5525e-04
Loss = 5.9707e-02, PNorm = 108.8117, GNorm = 0.2367, lr_0 = 1.5509e-04
Loss = 5.1602e-02, PNorm = 108.8157, GNorm = 0.7786, lr_0 = 1.5493e-04
Loss = 5.6375e-02, PNorm = 108.8176, GNorm = 0.2494, lr_0 = 1.5477e-04
Loss = 5.1746e-02, PNorm = 108.8235, GNorm = 1.1500, lr_0 = 1.5461e-04
Loss = 4.3432e-02, PNorm = 108.8301, GNorm = 0.2039, lr_0 = 1.5445e-04
Loss = 3.3077e-02, PNorm = 108.8364, GNorm = 0.5861, lr_0 = 1.5429e-04
Loss = 6.1024e-02, PNorm = 108.8380, GNorm = 1.0942, lr_0 = 1.5414e-04
Loss = 2.6804e-02, PNorm = 108.8405, GNorm = 0.2061, lr_0 = 1.5398e-04
Loss = 5.4617e-02, PNorm = 108.8440, GNorm = 0.1893, lr_0 = 1.5382e-04
Loss = 4.9609e-02, PNorm = 108.8480, GNorm = 0.2173, lr_0 = 1.5366e-04
Loss = 6.4259e-02, PNorm = 108.8516, GNorm = 0.2603, lr_0 = 1.5350e-04
Loss = 9.2496e-02, PNorm = 108.8542, GNorm = 1.0151, lr_0 = 1.5335e-04
Loss = 3.7032e-02, PNorm = 108.8582, GNorm = 0.3237, lr_0 = 1.5319e-04
Loss = 6.4650e-02, PNorm = 108.8630, GNorm = 0.3434, lr_0 = 1.5303e-04
Loss = 1.9797e-02, PNorm = 108.8703, GNorm = 0.2801, lr_0 = 1.5287e-04
Loss = 3.9419e-02, PNorm = 108.8758, GNorm = 0.1876, lr_0 = 1.5272e-04
Loss = 6.5989e-02, PNorm = 108.8738, GNorm = 0.1624, lr_0 = 1.5256e-04
Loss = 3.8135e-02, PNorm = 108.8744, GNorm = 0.2238, lr_0 = 1.5240e-04
Loss = 2.6278e-02, PNorm = 108.8776, GNorm = 0.1739, lr_0 = 1.5225e-04
Loss = 5.4977e-02, PNorm = 108.8811, GNorm = 0.6308, lr_0 = 1.5209e-04
Loss = 1.4365e-02, PNorm = 108.8852, GNorm = 0.1742, lr_0 = 1.5193e-04
Loss = 2.1584e-02, PNorm = 108.8899, GNorm = 0.8239, lr_0 = 1.5178e-04
Loss = 5.8555e-02, PNorm = 108.8908, GNorm = 0.1402, lr_0 = 1.5162e-04
Loss = 5.5228e-02, PNorm = 108.8849, GNorm = 0.3116, lr_0 = 1.5147e-04
Loss = 5.3539e-02, PNorm = 108.8827, GNorm = 0.5243, lr_0 = 1.5131e-04
Loss = 4.3545e-02, PNorm = 108.8835, GNorm = 0.2635, lr_0 = 1.5115e-04
Loss = 4.6943e-02, PNorm = 108.8854, GNorm = 0.6680, lr_0 = 1.5100e-04
Loss = 2.8677e-02, PNorm = 108.8864, GNorm = 0.1957, lr_0 = 1.5084e-04
Validation auc = 0.566912
Epoch 25
Loss = 2.1639e-02, PNorm = 108.8897, GNorm = 0.1730, lr_0 = 1.5069e-04
Loss = 8.7073e-02, PNorm = 108.8898, GNorm = 0.1955, lr_0 = 1.5053e-04
Loss = 8.1847e-03, PNorm = 108.8930, GNorm = 0.2022, lr_0 = 1.5038e-04
Loss = 8.3815e-02, PNorm = 108.8936, GNorm = 0.2461, lr_0 = 1.5022e-04
Loss = 8.5298e-02, PNorm = 108.8923, GNorm = 0.2294, lr_0 = 1.5007e-04
Loss = 5.2503e-02, PNorm = 108.8945, GNorm = 0.4020, lr_0 = 1.4992e-04
Loss = 5.7808e-02, PNorm = 108.8965, GNorm = 0.3476, lr_0 = 1.4976e-04
Loss = 2.8879e-02, PNorm = 108.9023, GNorm = 0.5283, lr_0 = 1.4961e-04
Loss = 5.6721e-02, PNorm = 108.9085, GNorm = 0.9352, lr_0 = 1.4945e-04
Loss = 3.3662e-02, PNorm = 108.9122, GNorm = 0.4822, lr_0 = 1.4930e-04
Loss = 5.7056e-02, PNorm = 108.9151, GNorm = 0.6181, lr_0 = 1.4915e-04
Loss = 5.9879e-02, PNorm = 108.9150, GNorm = 0.2529, lr_0 = 1.4899e-04
Loss = 4.0473e-02, PNorm = 108.9171, GNorm = 0.2565, lr_0 = 1.4884e-04
Loss = 1.6377e-02, PNorm = 108.9210, GNorm = 0.2226, lr_0 = 1.4869e-04
Loss = 4.0512e-02, PNorm = 108.9247, GNorm = 0.2132, lr_0 = 1.4854e-04
Loss = 7.2050e-02, PNorm = 108.9271, GNorm = 1.5858, lr_0 = 1.4838e-04
Loss = 7.5020e-02, PNorm = 108.9250, GNorm = 0.2737, lr_0 = 1.4823e-04
Loss = 4.2441e-02, PNorm = 108.9263, GNorm = 0.2968, lr_0 = 1.4808e-04
Loss = 3.2506e-02, PNorm = 108.9305, GNorm = 0.3978, lr_0 = 1.4793e-04
Loss = 3.4165e-02, PNorm = 108.9344, GNorm = 0.4438, lr_0 = 1.4777e-04
Loss = 4.4380e-02, PNorm = 108.9369, GNorm = 0.2264, lr_0 = 1.4762e-04
Loss = 4.0489e-02, PNorm = 108.9394, GNorm = 0.2140, lr_0 = 1.4747e-04
Loss = 4.2097e-02, PNorm = 108.9411, GNorm = 0.1830, lr_0 = 1.4732e-04
Loss = 7.6711e-02, PNorm = 108.9401, GNorm = 0.2195, lr_0 = 1.4717e-04
Loss = 6.7394e-02, PNorm = 108.9390, GNorm = 0.3085, lr_0 = 1.4702e-04
Loss = 5.1456e-02, PNorm = 108.9414, GNorm = 0.3664, lr_0 = 1.4687e-04
Loss = 7.0135e-02, PNorm = 108.9468, GNorm = 1.3564, lr_0 = 1.4671e-04
Loss = 4.8090e-02, PNorm = 108.9488, GNorm = 0.3204, lr_0 = 1.4656e-04
Loss = 2.3867e-02, PNorm = 108.9527, GNorm = 0.2427, lr_0 = 1.4641e-04
Loss = 2.6157e-02, PNorm = 108.9569, GNorm = 0.2030, lr_0 = 1.4626e-04
Loss = 4.8226e-02, PNorm = 108.9587, GNorm = 0.1921, lr_0 = 1.4611e-04
Loss = 5.9587e-02, PNorm = 108.9597, GNorm = 0.1990, lr_0 = 1.4596e-04
Loss = 4.3422e-02, PNorm = 108.9608, GNorm = 0.7222, lr_0 = 1.4581e-04
Loss = 8.0604e-02, PNorm = 108.9600, GNorm = 0.2862, lr_0 = 1.4566e-04
Loss = 2.2616e-02, PNorm = 108.9619, GNorm = 0.2506, lr_0 = 1.4551e-04
Loss = 4.7415e-02, PNorm = 108.9651, GNorm = 0.5069, lr_0 = 1.4536e-04
Loss = 4.0213e-02, PNorm = 108.9668, GNorm = 0.2305, lr_0 = 1.4521e-04
Loss = 4.8339e-02, PNorm = 108.9681, GNorm = 0.2669, lr_0 = 1.4506e-04
Loss = 6.0150e-02, PNorm = 108.9708, GNorm = 0.6367, lr_0 = 1.4492e-04
Loss = 4.5701e-02, PNorm = 108.9760, GNorm = 0.4360, lr_0 = 1.4477e-04
Loss = 2.8687e-02, PNorm = 108.9807, GNorm = 0.2157, lr_0 = 1.4462e-04
Loss = 3.5458e-02, PNorm = 108.9849, GNorm = 0.2011, lr_0 = 1.4447e-04
Loss = 6.5815e-02, PNorm = 108.9858, GNorm = 0.2169, lr_0 = 1.4432e-04
Loss = 1.7068e-02, PNorm = 108.9886, GNorm = 0.1930, lr_0 = 1.4417e-04
Loss = 4.8319e-02, PNorm = 108.9910, GNorm = 0.4654, lr_0 = 1.4402e-04
Loss = 5.7103e-02, PNorm = 108.9910, GNorm = 0.2078, lr_0 = 1.4388e-04
Loss = 2.3207e-02, PNorm = 108.9925, GNorm = 0.1912, lr_0 = 1.4373e-04
Loss = 6.1014e-02, PNorm = 108.9920, GNorm = 0.2395, lr_0 = 1.4358e-04
Loss = 2.5219e-02, PNorm = 108.9950, GNorm = 0.5759, lr_0 = 1.4343e-04
Loss = 2.8233e-02, PNorm = 108.9984, GNorm = 0.1900, lr_0 = 1.4329e-04
Loss = 4.5171e-02, PNorm = 109.0014, GNorm = 0.6104, lr_0 = 1.4314e-04
Loss = 1.4565e-02, PNorm = 109.0037, GNorm = 0.1459, lr_0 = 1.4299e-04
Loss = 7.4829e-02, PNorm = 109.0056, GNorm = 1.0090, lr_0 = 1.4285e-04
Loss = 2.0658e-02, PNorm = 109.0050, GNorm = 0.2050, lr_0 = 1.4270e-04
Loss = 4.8713e-02, PNorm = 109.0075, GNorm = 0.1758, lr_0 = 1.4255e-04
Loss = 5.6396e-02, PNorm = 109.0079, GNorm = 0.2004, lr_0 = 1.4241e-04
Loss = 4.6342e-02, PNorm = 109.0099, GNorm = 0.2293, lr_0 = 1.4226e-04
Loss = 2.4832e-02, PNorm = 109.0137, GNorm = 0.2207, lr_0 = 1.4211e-04
Loss = 1.3888e-02, PNorm = 109.0187, GNorm = 0.1824, lr_0 = 1.4197e-04
Loss = 7.8143e-02, PNorm = 109.0215, GNorm = 0.1513, lr_0 = 1.4182e-04
Loss = 4.3942e-02, PNorm = 109.0212, GNorm = 0.1915, lr_0 = 1.4168e-04
Loss = 8.0415e-02, PNorm = 109.0223, GNorm = 0.4756, lr_0 = 1.4153e-04
Loss = 3.5801e-02, PNorm = 109.0260, GNorm = 0.2676, lr_0 = 1.4138e-04
Loss = 5.3850e-02, PNorm = 109.0304, GNorm = 0.7406, lr_0 = 1.4124e-04
Loss = 5.4817e-02, PNorm = 109.0330, GNorm = 0.2289, lr_0 = 1.4109e-04
Loss = 2.3988e-02, PNorm = 109.0366, GNorm = 0.2077, lr_0 = 1.4095e-04
Loss = 8.1902e-02, PNorm = 109.0385, GNorm = 0.4892, lr_0 = 1.4080e-04
Loss = 6.0079e-02, PNorm = 109.0373, GNorm = 0.2727, lr_0 = 1.4066e-04
Loss = 5.3805e-02, PNorm = 109.0380, GNorm = 0.3010, lr_0 = 1.4052e-04
Loss = 1.1237e-02, PNorm = 109.0422, GNorm = 0.2796, lr_0 = 1.4037e-04
Loss = 4.5979e-02, PNorm = 109.0456, GNorm = 0.1870, lr_0 = 1.4023e-04
Loss = 2.6715e-02, PNorm = 109.0486, GNorm = 0.1811, lr_0 = 1.4008e-04
Loss = 5.8409e-02, PNorm = 109.0500, GNorm = 0.1822, lr_0 = 1.3994e-04
Loss = 3.0479e-02, PNorm = 109.0515, GNorm = 0.4309, lr_0 = 1.3979e-04
Loss = 7.0032e-02, PNorm = 109.0516, GNorm = 0.2309, lr_0 = 1.3965e-04
Loss = 5.0304e-02, PNorm = 109.0524, GNorm = 0.2544, lr_0 = 1.3951e-04
Loss = 7.5295e-02, PNorm = 109.0537, GNorm = 0.2678, lr_0 = 1.3936e-04
Loss = 7.4481e-02, PNorm = 109.0557, GNorm = 0.3423, lr_0 = 1.3922e-04
Loss = 2.4260e-02, PNorm = 109.0605, GNorm = 0.2875, lr_0 = 1.3908e-04
Loss = 5.4059e-02, PNorm = 109.0655, GNorm = 0.2342, lr_0 = 1.3894e-04
Validation auc = 0.572457
Epoch 26
Loss = 1.9607e-02, PNorm = 109.0691, GNorm = 0.1963, lr_0 = 1.3879e-04
Loss = 7.5876e-02, PNorm = 109.0705, GNorm = 0.2182, lr_0 = 1.3865e-04
Loss = 5.6084e-02, PNorm = 109.0718, GNorm = 1.2744, lr_0 = 1.3851e-04
Loss = 5.3769e-02, PNorm = 109.0726, GNorm = 0.5371, lr_0 = 1.3837e-04
Loss = 4.7864e-02, PNorm = 109.0747, GNorm = 0.4829, lr_0 = 1.3822e-04
Loss = 4.4585e-02, PNorm = 109.0773, GNorm = 0.2496, lr_0 = 1.3808e-04
Loss = 5.8665e-02, PNorm = 109.0805, GNorm = 0.5143, lr_0 = 1.3794e-04
Loss = 8.5158e-02, PNorm = 109.0799, GNorm = 0.2925, lr_0 = 1.3780e-04
Loss = 4.2710e-02, PNorm = 109.0826, GNorm = 0.2918, lr_0 = 1.3766e-04
Loss = 8.0626e-02, PNorm = 109.0861, GNorm = 0.5351, lr_0 = 1.3751e-04
Loss = 4.7407e-02, PNorm = 109.0895, GNorm = 0.2885, lr_0 = 1.3737e-04
Loss = 3.9479e-02, PNorm = 109.0932, GNorm = 0.2580, lr_0 = 1.3723e-04
Loss = 5.1650e-02, PNorm = 109.0978, GNorm = 0.2332, lr_0 = 1.3709e-04
Loss = 4.3885e-02, PNorm = 109.1004, GNorm = 0.2397, lr_0 = 1.3695e-04
Loss = 2.2744e-02, PNorm = 109.1043, GNorm = 0.1886, lr_0 = 1.3681e-04
Loss = 3.6475e-02, PNorm = 109.1071, GNorm = 0.2120, lr_0 = 1.3667e-04
Loss = 1.7942e-02, PNorm = 109.1096, GNorm = 0.1436, lr_0 = 1.3653e-04
Loss = 1.5603e-02, PNorm = 109.1124, GNorm = 0.1259, lr_0 = 1.3639e-04
Loss = 3.5609e-02, PNorm = 109.1144, GNorm = 0.4530, lr_0 = 1.3625e-04
Loss = 5.3256e-02, PNorm = 109.1128, GNorm = 0.1294, lr_0 = 1.3611e-04
Loss = 3.9191e-02, PNorm = 109.1127, GNorm = 0.1646, lr_0 = 1.3597e-04
Loss = 5.4676e-02, PNorm = 109.1129, GNorm = 0.1427, lr_0 = 1.3583e-04
Loss = 1.7731e-02, PNorm = 109.1140, GNorm = 0.1589, lr_0 = 1.3569e-04
Loss = 6.2763e-02, PNorm = 109.1148, GNorm = 0.2073, lr_0 = 1.3555e-04
Loss = 5.1988e-02, PNorm = 109.1158, GNorm = 0.1995, lr_0 = 1.3541e-04
Loss = 4.5994e-02, PNorm = 109.1178, GNorm = 0.2133, lr_0 = 1.3527e-04
Loss = 1.1678e-01, PNorm = 109.1181, GNorm = 0.4822, lr_0 = 1.3513e-04
Loss = 6.1941e-02, PNorm = 109.1202, GNorm = 0.3387, lr_0 = 1.3499e-04
Loss = 7.3924e-02, PNorm = 109.1242, GNorm = 0.4730, lr_0 = 1.3485e-04
Loss = 2.1198e-02, PNorm = 109.1294, GNorm = 0.2979, lr_0 = 1.3472e-04
Loss = 5.2286e-02, PNorm = 109.1352, GNorm = 0.5357, lr_0 = 1.3458e-04
Loss = 5.5797e-02, PNorm = 109.1391, GNorm = 0.5498, lr_0 = 1.3444e-04
Loss = 4.8607e-02, PNorm = 109.1408, GNorm = 0.2162, lr_0 = 1.3430e-04
Loss = 5.2608e-02, PNorm = 109.1433, GNorm = 0.2533, lr_0 = 1.3416e-04
Loss = 7.3003e-02, PNorm = 109.1439, GNorm = 0.2962, lr_0 = 1.3403e-04
Loss = 4.4799e-02, PNorm = 109.1455, GNorm = 0.2487, lr_0 = 1.3389e-04
Loss = 3.0222e-02, PNorm = 109.1489, GNorm = 0.2644, lr_0 = 1.3375e-04
Loss = 3.5170e-02, PNorm = 109.1536, GNorm = 0.2314, lr_0 = 1.3361e-04
Loss = 7.2229e-02, PNorm = 109.1550, GNorm = 0.2524, lr_0 = 1.3348e-04
Loss = 2.6032e-02, PNorm = 109.1566, GNorm = 0.2158, lr_0 = 1.3334e-04
Loss = 7.3082e-02, PNorm = 109.1569, GNorm = 0.2418, lr_0 = 1.3320e-04
Loss = 6.6693e-02, PNorm = 109.1582, GNorm = 0.4024, lr_0 = 1.3306e-04
Loss = 6.9666e-02, PNorm = 109.1592, GNorm = 0.4493, lr_0 = 1.3293e-04
Loss = 2.7583e-02, PNorm = 109.1613, GNorm = 0.4450, lr_0 = 1.3279e-04
Loss = 1.7977e-02, PNorm = 109.1666, GNorm = 0.2054, lr_0 = 1.3265e-04
Loss = 3.4730e-02, PNorm = 109.1724, GNorm = 0.5851, lr_0 = 1.3252e-04
Loss = 4.7676e-02, PNorm = 109.1727, GNorm = 0.1498, lr_0 = 1.3238e-04
Loss = 4.5164e-02, PNorm = 109.1730, GNorm = 0.1835, lr_0 = 1.3225e-04
Loss = 1.4503e-02, PNorm = 109.1752, GNorm = 0.1495, lr_0 = 1.3211e-04
Loss = 3.3593e-02, PNorm = 109.1783, GNorm = 0.1424, lr_0 = 1.3197e-04
Loss = 6.1880e-02, PNorm = 109.1790, GNorm = 0.6297, lr_0 = 1.3184e-04
Loss = 5.2151e-02, PNorm = 109.1785, GNorm = 0.1964, lr_0 = 1.3170e-04
Loss = 4.6933e-02, PNorm = 109.1811, GNorm = 0.4460, lr_0 = 1.3157e-04
Loss = 3.6233e-02, PNorm = 109.1835, GNorm = 0.2047, lr_0 = 1.3143e-04
Loss = 5.6122e-02, PNorm = 109.1853, GNorm = 0.4019, lr_0 = 1.3130e-04
Loss = 3.0293e-02, PNorm = 109.1884, GNorm = 0.2085, lr_0 = 1.3116e-04
Loss = 4.1315e-02, PNorm = 109.1904, GNorm = 0.2200, lr_0 = 1.3103e-04
Loss = 1.0682e-01, PNorm = 109.1903, GNorm = 0.1790, lr_0 = 1.3089e-04
Loss = 3.7082e-02, PNorm = 109.1903, GNorm = 0.3104, lr_0 = 1.3076e-04
Loss = 3.0622e-02, PNorm = 109.1953, GNorm = 1.0218, lr_0 = 1.3063e-04
Loss = 4.0759e-02, PNorm = 109.1998, GNorm = 0.4723, lr_0 = 1.3049e-04
Loss = 3.3859e-02, PNorm = 109.2034, GNorm = 0.1509, lr_0 = 1.3036e-04
Loss = 6.7971e-02, PNorm = 109.2037, GNorm = 0.6176, lr_0 = 1.3022e-04
Loss = 3.1570e-02, PNorm = 109.2040, GNorm = 0.1811, lr_0 = 1.3009e-04
Loss = 2.8266e-02, PNorm = 109.2067, GNorm = 0.2012, lr_0 = 1.2996e-04
Loss = 2.7842e-02, PNorm = 109.2097, GNorm = 0.1745, lr_0 = 1.2982e-04
Loss = 6.0904e-02, PNorm = 109.2119, GNorm = 0.6430, lr_0 = 1.2969e-04
Loss = 3.5190e-02, PNorm = 109.2126, GNorm = 0.1684, lr_0 = 1.2956e-04
Loss = 4.5018e-02, PNorm = 109.2144, GNorm = 0.2229, lr_0 = 1.2942e-04
Loss = 1.0475e-01, PNorm = 109.2135, GNorm = 1.3421, lr_0 = 1.2929e-04
Loss = 3.6074e-02, PNorm = 109.2152, GNorm = 0.3385, lr_0 = 1.2916e-04
Loss = 3.8013e-02, PNorm = 109.2202, GNorm = 0.2411, lr_0 = 1.2902e-04
Loss = 3.8431e-02, PNorm = 109.2254, GNorm = 0.2495, lr_0 = 1.2889e-04
Loss = 3.9880e-02, PNorm = 109.2297, GNorm = 0.3988, lr_0 = 1.2876e-04
Loss = 2.8449e-02, PNorm = 109.2337, GNorm = 0.1710, lr_0 = 1.2863e-04
Loss = 2.6286e-02, PNorm = 109.2384, GNorm = 0.1678, lr_0 = 1.2849e-04
Loss = 4.2725e-02, PNorm = 109.2408, GNorm = 0.1496, lr_0 = 1.2836e-04
Loss = 1.1303e-01, PNorm = 109.2402, GNorm = 1.6164, lr_0 = 1.2823e-04
Loss = 2.3157e-02, PNorm = 109.2407, GNorm = 0.3112, lr_0 = 1.2810e-04
Loss = 4.7188e-02, PNorm = 109.2450, GNorm = 0.2928, lr_0 = 1.2797e-04
Validation auc = 0.569918
Epoch 27
Loss = 4.7258e-02, PNorm = 109.2504, GNorm = 0.2203, lr_0 = 1.2784e-04
Loss = 1.0055e-01, PNorm = 109.2520, GNorm = 0.2448, lr_0 = 1.2770e-04
Loss = 4.3329e-02, PNorm = 109.2573, GNorm = 0.7560, lr_0 = 1.2757e-04
Loss = 5.2129e-02, PNorm = 109.2586, GNorm = 0.2808, lr_0 = 1.2744e-04
Loss = 4.7687e-02, PNorm = 109.2632, GNorm = 1.0131, lr_0 = 1.2731e-04
Loss = 2.0835e-02, PNorm = 109.2683, GNorm = 0.2022, lr_0 = 1.2718e-04
Loss = 1.8717e-02, PNorm = 109.2733, GNorm = 0.1389, lr_0 = 1.2705e-04
Loss = 7.3710e-02, PNorm = 109.2755, GNorm = 0.4215, lr_0 = 1.2692e-04
Loss = 6.8808e-02, PNorm = 109.2771, GNorm = 0.5128, lr_0 = 1.2679e-04
Loss = 1.7600e-02, PNorm = 109.2796, GNorm = 0.2600, lr_0 = 1.2666e-04
Loss = 1.0069e-01, PNorm = 109.2800, GNorm = 0.3509, lr_0 = 1.2653e-04
Loss = 5.5511e-02, PNorm = 109.2792, GNorm = 0.3160, lr_0 = 1.2640e-04
Loss = 4.6777e-02, PNorm = 109.2824, GNorm = 0.3264, lr_0 = 1.2627e-04
Loss = 2.0244e-02, PNorm = 109.2878, GNorm = 0.2757, lr_0 = 1.2614e-04
Loss = 2.8195e-02, PNorm = 109.2935, GNorm = 0.1797, lr_0 = 1.2601e-04
Loss = 4.4605e-02, PNorm = 109.2968, GNorm = 0.1761, lr_0 = 1.2588e-04
Loss = 4.2366e-02, PNorm = 109.2982, GNorm = 0.2142, lr_0 = 1.2575e-04
Loss = 8.2862e-02, PNorm = 109.2987, GNorm = 1.1703, lr_0 = 1.2562e-04
Loss = 4.1774e-02, PNorm = 109.3000, GNorm = 0.2392, lr_0 = 1.2549e-04
Loss = 9.6757e-02, PNorm = 109.3035, GNorm = 0.4516, lr_0 = 1.2536e-04
Loss = 2.9236e-02, PNorm = 109.3085, GNorm = 0.2864, lr_0 = 1.2523e-04
Loss = 4.4641e-02, PNorm = 109.3146, GNorm = 0.2625, lr_0 = 1.2511e-04
Loss = 8.5100e-02, PNorm = 109.3214, GNorm = 2.5723, lr_0 = 1.2498e-04
Loss = 5.2142e-02, PNorm = 109.3241, GNorm = 0.2877, lr_0 = 1.2485e-04
Loss = 1.7801e-02, PNorm = 109.3299, GNorm = 0.2042, lr_0 = 1.2472e-04
Loss = 3.4915e-02, PNorm = 109.3349, GNorm = 0.2300, lr_0 = 1.2459e-04
Loss = 4.4634e-02, PNorm = 109.3400, GNorm = 0.1865, lr_0 = 1.2446e-04
Loss = 3.5551e-02, PNorm = 109.3441, GNorm = 0.1596, lr_0 = 1.2434e-04
Loss = 5.3608e-02, PNorm = 109.3467, GNorm = 0.6508, lr_0 = 1.2421e-04
Loss = 4.6202e-02, PNorm = 109.3440, GNorm = 0.2046, lr_0 = 1.2408e-04
Loss = 5.0292e-02, PNorm = 109.3455, GNorm = 0.1897, lr_0 = 1.2395e-04
Loss = 5.2610e-02, PNorm = 109.3480, GNorm = 0.2266, lr_0 = 1.2383e-04
Loss = 6.8083e-02, PNorm = 109.3509, GNorm = 0.5431, lr_0 = 1.2370e-04
Loss = 6.0661e-02, PNorm = 109.3529, GNorm = 0.3017, lr_0 = 1.2357e-04
Loss = 4.7063e-02, PNorm = 109.3568, GNorm = 0.2571, lr_0 = 1.2344e-04
Loss = 4.8333e-02, PNorm = 109.3614, GNorm = 0.2628, lr_0 = 1.2332e-04
Loss = 8.9974e-02, PNorm = 109.3651, GNorm = 0.3656, lr_0 = 1.2319e-04
Loss = 3.1345e-02, PNorm = 109.3713, GNorm = 0.2882, lr_0 = 1.2306e-04
Loss = 2.6792e-02, PNorm = 109.3808, GNorm = 0.1711, lr_0 = 1.2294e-04
Loss = 4.1019e-02, PNorm = 109.3863, GNorm = 0.1724, lr_0 = 1.2281e-04
Loss = 9.0279e-02, PNorm = 109.3874, GNorm = 0.6761, lr_0 = 1.2269e-04
Loss = 5.5962e-02, PNorm = 109.3896, GNorm = 0.2563, lr_0 = 1.2256e-04
Loss = 2.0640e-02, PNorm = 109.3969, GNorm = 0.2230, lr_0 = 1.2243e-04
Loss = 5.1810e-02, PNorm = 109.4026, GNorm = 0.3533, lr_0 = 1.2231e-04
Loss = 6.0377e-02, PNorm = 109.3935, GNorm = 4.0791, lr_0 = 1.2218e-04
Loss = 5.8086e-02, PNorm = 109.3857, GNorm = 0.4049, lr_0 = 1.2206e-04
Loss = 2.1680e-02, PNorm = 109.3866, GNorm = 0.5258, lr_0 = 1.2193e-04
Loss = 1.5433e-02, PNorm = 109.3901, GNorm = 0.2095, lr_0 = 1.2181e-04
Loss = 6.3937e-02, PNorm = 109.3927, GNorm = 0.3520, lr_0 = 1.2168e-04
Loss = 4.0389e-02, PNorm = 109.3946, GNorm = 0.5599, lr_0 = 1.2156e-04
Loss = 5.9511e-02, PNorm = 109.3946, GNorm = 0.2173, lr_0 = 1.2143e-04
Loss = 1.5780e-02, PNorm = 109.3974, GNorm = 0.2100, lr_0 = 1.2131e-04
Loss = 3.6935e-02, PNorm = 109.4007, GNorm = 0.1700, lr_0 = 1.2118e-04
Loss = 2.5782e-02, PNorm = 109.4030, GNorm = 0.1623, lr_0 = 1.2106e-04
Loss = 4.6952e-02, PNorm = 109.4054, GNorm = 0.7756, lr_0 = 1.2093e-04
Loss = 1.6213e-02, PNorm = 109.4069, GNorm = 0.1614, lr_0 = 1.2081e-04
Loss = 7.7814e-02, PNorm = 109.4079, GNorm = 1.2815, lr_0 = 1.2068e-04
Loss = 1.1698e-01, PNorm = 109.4000, GNorm = 0.2248, lr_0 = 1.2056e-04
Loss = 4.0246e-02, PNorm = 109.3978, GNorm = 0.2863, lr_0 = 1.2044e-04
Loss = 2.8651e-02, PNorm = 109.4021, GNorm = 0.3448, lr_0 = 1.2031e-04
Loss = 2.9119e-02, PNorm = 109.4064, GNorm = 0.2054, lr_0 = 1.2019e-04
Loss = 3.6061e-02, PNorm = 109.4090, GNorm = 0.2089, lr_0 = 1.2007e-04
Loss = 4.4724e-02, PNorm = 109.4105, GNorm = 0.2533, lr_0 = 1.1994e-04
Loss = 6.1869e-02, PNorm = 109.4117, GNorm = 0.6055, lr_0 = 1.1982e-04
Loss = 6.4837e-02, PNorm = 109.4101, GNorm = 0.2751, lr_0 = 1.1970e-04
Loss = 5.8662e-02, PNorm = 109.4093, GNorm = 0.2226, lr_0 = 1.1957e-04
Loss = 2.8227e-02, PNorm = 109.4106, GNorm = 0.2257, lr_0 = 1.1945e-04
Loss = 1.6175e-02, PNorm = 109.4140, GNorm = 0.1870, lr_0 = 1.1933e-04
Loss = 4.6306e-02, PNorm = 109.4166, GNorm = 0.2068, lr_0 = 1.1921e-04
Loss = 5.6070e-02, PNorm = 109.4182, GNorm = 0.1766, lr_0 = 1.1908e-04
Loss = 5.1210e-02, PNorm = 109.4182, GNorm = 0.2097, lr_0 = 1.1896e-04
Loss = 5.7356e-02, PNorm = 109.4190, GNorm = 0.1957, lr_0 = 1.1884e-04
Loss = 4.0371e-02, PNorm = 109.4212, GNorm = 0.2257, lr_0 = 1.1872e-04
Loss = 3.7513e-02, PNorm = 109.4243, GNorm = 0.4310, lr_0 = 1.1859e-04
Loss = 5.5547e-02, PNorm = 109.4260, GNorm = 0.5571, lr_0 = 1.1847e-04
Loss = 1.7951e-02, PNorm = 109.4297, GNorm = 0.2116, lr_0 = 1.1835e-04
Loss = 4.2438e-02, PNorm = 109.4320, GNorm = 0.1697, lr_0 = 1.1823e-04
Loss = 1.8474e-02, PNorm = 109.4352, GNorm = 0.6652, lr_0 = 1.1811e-04
Loss = 7.0384e-02, PNorm = 109.4356, GNorm = 0.5352, lr_0 = 1.1799e-04
Loss = 4.7739e-02, PNorm = 109.4354, GNorm = 0.7087, lr_0 = 1.1786e-04
Validation auc = 0.573404
Epoch 28
Loss = 5.0612e-02, PNorm = 109.4356, GNorm = 0.6699, lr_0 = 1.1774e-04
Loss = 3.9432e-02, PNorm = 109.4369, GNorm = 0.1939, lr_0 = 1.1762e-04
Loss = 5.5479e-02, PNorm = 109.4383, GNorm = 0.5161, lr_0 = 1.1750e-04
Loss = 6.2132e-02, PNorm = 109.4389, GNorm = 0.2527, lr_0 = 1.1738e-04
Loss = 9.6002e-02, PNorm = 109.4387, GNorm = 0.4750, lr_0 = 1.1726e-04
Loss = 4.3398e-02, PNorm = 109.4397, GNorm = 0.3231, lr_0 = 1.1714e-04
Loss = 2.9867e-02, PNorm = 109.4434, GNorm = 0.2990, lr_0 = 1.1702e-04
Loss = 4.1844e-02, PNorm = 109.4463, GNorm = 0.2074, lr_0 = 1.1690e-04
Loss = 2.4815e-02, PNorm = 109.4494, GNorm = 0.5659, lr_0 = 1.1678e-04
Loss = 4.0333e-02, PNorm = 109.4515, GNorm = 0.1533, lr_0 = 1.1666e-04
Loss = 2.8702e-02, PNorm = 109.4532, GNorm = 0.1779, lr_0 = 1.1654e-04
Loss = 9.6089e-02, PNorm = 109.4530, GNorm = 0.4821, lr_0 = 1.1642e-04
Loss = 8.1893e-02, PNorm = 109.4512, GNorm = 0.2282, lr_0 = 1.1630e-04
Loss = 7.2726e-02, PNorm = 109.4508, GNorm = 0.6929, lr_0 = 1.1618e-04
Loss = 5.5953e-02, PNorm = 109.4527, GNorm = 0.5293, lr_0 = 1.1606e-04
Loss = 7.3130e-02, PNorm = 109.4548, GNorm = 0.3960, lr_0 = 1.1594e-04
Loss = 6.4356e-02, PNorm = 109.4580, GNorm = 0.8151, lr_0 = 1.1582e-04
Loss = 6.7368e-02, PNorm = 109.4594, GNorm = 0.4238, lr_0 = 1.1570e-04
Loss = 6.0267e-02, PNorm = 109.4614, GNorm = 0.3275, lr_0 = 1.1559e-04
Loss = 4.3894e-02, PNorm = 109.4637, GNorm = 0.2527, lr_0 = 1.1547e-04
Loss = 7.3706e-02, PNorm = 109.4657, GNorm = 0.2568, lr_0 = 1.1535e-04
Loss = 3.6976e-02, PNorm = 109.4684, GNorm = 0.3994, lr_0 = 1.1523e-04
Loss = 2.5205e-02, PNorm = 109.4716, GNorm = 0.2196, lr_0 = 1.1511e-04
Loss = 2.7885e-02, PNorm = 109.4746, GNorm = 0.1715, lr_0 = 1.1499e-04
Loss = 5.1966e-02, PNorm = 109.4765, GNorm = 0.5081, lr_0 = 1.1487e-04
Loss = 1.7531e-02, PNorm = 109.4789, GNorm = 0.1561, lr_0 = 1.1476e-04
Loss = 4.3607e-02, PNorm = 109.4813, GNorm = 0.6046, lr_0 = 1.1464e-04
Loss = 5.2722e-02, PNorm = 109.4821, GNorm = 0.3222, lr_0 = 1.1452e-04
Loss = 2.5044e-02, PNorm = 109.4834, GNorm = 0.1559, lr_0 = 1.1440e-04
Loss = 3.9359e-02, PNorm = 109.4845, GNorm = 0.1538, lr_0 = 1.1429e-04
Loss = 4.7320e-02, PNorm = 109.4861, GNorm = 0.9122, lr_0 = 1.1417e-04
Loss = 2.1576e-02, PNorm = 109.4878, GNorm = 0.1628, lr_0 = 1.1405e-04
Loss = 7.1890e-02, PNorm = 109.4892, GNorm = 1.0743, lr_0 = 1.1393e-04
Loss = 4.7459e-02, PNorm = 109.4887, GNorm = 0.1973, lr_0 = 1.1382e-04
Loss = 5.2864e-02, PNorm = 109.4899, GNorm = 0.5361, lr_0 = 1.1370e-04
Loss = 3.0382e-02, PNorm = 109.4918, GNorm = 0.2240, lr_0 = 1.1358e-04
Loss = 6.1690e-02, PNorm = 109.4945, GNorm = 1.4111, lr_0 = 1.1347e-04
Loss = 3.5911e-02, PNorm = 109.4955, GNorm = 0.1623, lr_0 = 1.1335e-04
Loss = 2.9409e-02, PNorm = 109.4973, GNorm = 0.2123, lr_0 = 1.1323e-04
Loss = 5.3925e-02, PNorm = 109.4991, GNorm = 0.3010, lr_0 = 1.1312e-04
Loss = 6.8947e-02, PNorm = 109.5002, GNorm = 0.2486, lr_0 = 1.1300e-04
Loss = 4.6398e-02, PNorm = 109.5008, GNorm = 0.1996, lr_0 = 1.1288e-04
Loss = 4.1767e-02, PNorm = 109.5031, GNorm = 0.1966, lr_0 = 1.1277e-04
Loss = 2.1045e-02, PNorm = 109.5065, GNorm = 0.1732, lr_0 = 1.1265e-04
Loss = 7.5684e-03, PNorm = 109.5108, GNorm = 0.1646, lr_0 = 1.1254e-04
Loss = 4.6343e-02, PNorm = 109.5121, GNorm = 0.1580, lr_0 = 1.1242e-04
Loss = 5.0021e-02, PNorm = 109.5135, GNorm = 0.1148, lr_0 = 1.1231e-04
Loss = 5.2626e-02, PNorm = 109.5136, GNorm = 0.1563, lr_0 = 1.1219e-04
Loss = 2.4407e-02, PNorm = 109.5153, GNorm = 0.1443, lr_0 = 1.1208e-04
Loss = 5.2460e-02, PNorm = 109.5161, GNorm = 0.1662, lr_0 = 1.1196e-04
Loss = 6.6392e-02, PNorm = 109.5162, GNorm = 0.3234, lr_0 = 1.1184e-04
Loss = 6.9857e-02, PNorm = 109.5171, GNorm = 0.2408, lr_0 = 1.1173e-04
Loss = 3.7788e-02, PNorm = 109.5197, GNorm = 0.4108, lr_0 = 1.1162e-04
Loss = 4.6743e-02, PNorm = 109.5233, GNorm = 0.8866, lr_0 = 1.1150e-04
Loss = 9.5611e-03, PNorm = 109.5286, GNorm = 0.1860, lr_0 = 1.1139e-04
Loss = 4.7325e-02, PNorm = 109.5325, GNorm = 0.7185, lr_0 = 1.1127e-04
Loss = 2.9854e-02, PNorm = 109.5350, GNorm = 0.4781, lr_0 = 1.1116e-04
Loss = 3.3873e-02, PNorm = 109.5369, GNorm = 0.1510, lr_0 = 1.1104e-04
Loss = 3.7839e-02, PNorm = 109.5395, GNorm = 0.5975, lr_0 = 1.1093e-04
Loss = 8.3148e-02, PNorm = 109.5388, GNorm = 1.1824, lr_0 = 1.1081e-04
Loss = 7.7387e-02, PNorm = 109.5383, GNorm = 1.3390, lr_0 = 1.1070e-04
Loss = 6.8596e-02, PNorm = 109.5380, GNorm = 0.5779, lr_0 = 1.1059e-04
Loss = 3.9478e-02, PNorm = 109.5409, GNorm = 0.3097, lr_0 = 1.1047e-04
Loss = 3.4727e-02, PNorm = 109.5453, GNorm = 0.2559, lr_0 = 1.1036e-04
Loss = 6.6570e-02, PNorm = 109.5497, GNorm = 0.2184, lr_0 = 1.1025e-04
Loss = 9.1321e-03, PNorm = 109.5538, GNorm = 0.1501, lr_0 = 1.1013e-04
Loss = 4.8279e-02, PNorm = 109.5559, GNorm = 0.1586, lr_0 = 1.1002e-04
Loss = 5.4233e-02, PNorm = 109.5579, GNorm = 0.1674, lr_0 = 1.0991e-04
Loss = 7.1275e-02, PNorm = 109.5584, GNorm = 0.5484, lr_0 = 1.0979e-04
Loss = 5.1466e-02, PNorm = 109.5590, GNorm = 0.5952, lr_0 = 1.0968e-04
Loss = 3.3913e-02, PNorm = 109.5628, GNorm = 0.2332, lr_0 = 1.0957e-04
Loss = 3.3816e-02, PNorm = 109.5682, GNorm = 0.4250, lr_0 = 1.0946e-04
Loss = 3.9457e-02, PNorm = 109.5719, GNorm = 0.2301, lr_0 = 1.0934e-04
Loss = 4.0017e-02, PNorm = 109.5746, GNorm = 0.3112, lr_0 = 1.0923e-04
Loss = 4.6062e-02, PNorm = 109.5774, GNorm = 0.1467, lr_0 = 1.0912e-04
Loss = 4.8553e-02, PNorm = 109.5803, GNorm = 0.1908, lr_0 = 1.0901e-04
Loss = 2.7086e-02, PNorm = 109.5841, GNorm = 0.1829, lr_0 = 1.0890e-04
Loss = 2.2219e-02, PNorm = 109.5884, GNorm = 0.1680, lr_0 = 1.0878e-04
Loss = 6.0774e-02, PNorm = 109.5875, GNorm = 0.6204, lr_0 = 1.0867e-04
Loss = 4.3834e-02, PNorm = 109.5867, GNorm = 0.1541, lr_0 = 1.0856e-04
Validation auc = 0.571318
Epoch 29
Loss = 2.3872e-02, PNorm = 109.5892, GNorm = 0.1758, lr_0 = 1.0845e-04
Loss = 2.4778e-02, PNorm = 109.5917, GNorm = 0.1375, lr_0 = 1.0834e-04
Loss = 4.6865e-02, PNorm = 109.5937, GNorm = 0.5349, lr_0 = 1.0823e-04
Loss = 6.9156e-02, PNorm = 109.5938, GNorm = 0.1651, lr_0 = 1.0811e-04
Loss = 3.6025e-02, PNorm = 109.5961, GNorm = 0.1844, lr_0 = 1.0800e-04
Loss = 6.1742e-02, PNorm = 109.5965, GNorm = 0.6459, lr_0 = 1.0789e-04
Loss = 3.9349e-02, PNorm = 109.5882, GNorm = 0.2252, lr_0 = 1.0778e-04
Loss = 5.7214e-02, PNorm = 109.5877, GNorm = 0.4023, lr_0 = 1.0767e-04
Loss = 5.1183e-02, PNorm = 109.5893, GNorm = 0.3390, lr_0 = 1.0756e-04
Loss = 2.0920e-02, PNorm = 109.5930, GNorm = 0.2191, lr_0 = 1.0745e-04
Loss = 4.8501e-02, PNorm = 109.5969, GNorm = 0.6685, lr_0 = 1.0734e-04
Loss = 4.9274e-02, PNorm = 109.5987, GNorm = 0.1593, lr_0 = 1.0723e-04
Loss = 2.7625e-02, PNorm = 109.6008, GNorm = 0.2609, lr_0 = 1.0712e-04
Loss = 3.6382e-02, PNorm = 109.6035, GNorm = 0.1657, lr_0 = 1.0701e-04
Loss = 5.8346e-02, PNorm = 109.6057, GNorm = 0.1484, lr_0 = 1.0690e-04
Loss = 1.8436e-02, PNorm = 109.6087, GNorm = 0.1794, lr_0 = 1.0679e-04
Loss = 4.3177e-02, PNorm = 109.6107, GNorm = 0.1606, lr_0 = 1.0668e-04
Loss = 3.1179e-02, PNorm = 109.6120, GNorm = 0.1659, lr_0 = 1.0657e-04
Loss = 9.0873e-02, PNorm = 109.6119, GNorm = 1.0941, lr_0 = 1.0646e-04
Loss = 4.0078e-02, PNorm = 109.6099, GNorm = 0.1972, lr_0 = 1.0635e-04
Loss = 5.4738e-02, PNorm = 109.6107, GNorm = 0.2249, lr_0 = 1.0624e-04
Loss = 5.7431e-02, PNorm = 109.6132, GNorm = 0.4885, lr_0 = 1.0613e-04
Loss = 4.7567e-02, PNorm = 109.6154, GNorm = 0.2513, lr_0 = 1.0602e-04
Loss = 5.3849e-02, PNorm = 109.6186, GNorm = 0.6826, lr_0 = 1.0591e-04
Loss = 6.0580e-02, PNorm = 109.6210, GNorm = 0.8231, lr_0 = 1.0581e-04
Loss = 2.7514e-02, PNorm = 109.6246, GNorm = 0.5859, lr_0 = 1.0570e-04
Loss = 3.5826e-02, PNorm = 109.6282, GNorm = 0.1716, lr_0 = 1.0559e-04
Loss = 6.7978e-02, PNorm = 109.6296, GNorm = 0.1754, lr_0 = 1.0548e-04
Loss = 4.7552e-02, PNorm = 109.6312, GNorm = 0.1767, lr_0 = 1.0537e-04
Loss = 6.0292e-02, PNorm = 109.6346, GNorm = 0.4651, lr_0 = 1.0526e-04
Loss = 2.5753e-02, PNorm = 109.6396, GNorm = 0.4162, lr_0 = 1.0516e-04
Loss = 7.5785e-02, PNorm = 109.6413, GNorm = 0.1850, lr_0 = 1.0505e-04
Loss = 6.0879e-02, PNorm = 109.6434, GNorm = 0.2406, lr_0 = 1.0494e-04
Loss = 4.1802e-02, PNorm = 109.6466, GNorm = 0.2001, lr_0 = 1.0483e-04
Loss = 6.1372e-02, PNorm = 109.6450, GNorm = 0.2390, lr_0 = 1.0472e-04
Loss = 1.6535e-02, PNorm = 109.6476, GNorm = 0.1960, lr_0 = 1.0462e-04
Loss = 4.3161e-02, PNorm = 109.6515, GNorm = 0.1841, lr_0 = 1.0451e-04
Loss = 2.7947e-02, PNorm = 109.6542, GNorm = 0.5325, lr_0 = 1.0440e-04
Loss = 3.5324e-02, PNorm = 109.6565, GNorm = 0.1457, lr_0 = 1.0429e-04
Loss = 6.0516e-02, PNorm = 109.6569, GNorm = 0.8836, lr_0 = 1.0419e-04
Loss = 3.6179e-02, PNorm = 109.6576, GNorm = 0.1652, lr_0 = 1.0408e-04
Loss = 9.0659e-02, PNorm = 109.6564, GNorm = 0.2289, lr_0 = 1.0397e-04
Loss = 3.6518e-02, PNorm = 109.6566, GNorm = 0.9796, lr_0 = 1.0387e-04
Loss = 1.7963e-02, PNorm = 109.6591, GNorm = 0.2270, lr_0 = 1.0376e-04
Loss = 5.4310e-02, PNorm = 109.6614, GNorm = 0.3141, lr_0 = 1.0365e-04
Loss = 1.7815e-02, PNorm = 109.6635, GNorm = 0.1968, lr_0 = 1.0355e-04
Loss = 5.9556e-02, PNorm = 109.6630, GNorm = 0.1672, lr_0 = 1.0344e-04
Loss = 5.7269e-02, PNorm = 109.6634, GNorm = 0.1731, lr_0 = 1.0333e-04
Loss = 6.9379e-02, PNorm = 109.6645, GNorm = 0.9834, lr_0 = 1.0323e-04
Loss = 3.7328e-02, PNorm = 109.6664, GNorm = 0.3600, lr_0 = 1.0312e-04
Loss = 3.7983e-02, PNorm = 109.6693, GNorm = 0.1848, lr_0 = 1.0302e-04
Loss = 3.9565e-02, PNorm = 109.6725, GNorm = 0.3258, lr_0 = 1.0291e-04
Loss = 5.2162e-02, PNorm = 109.6744, GNorm = 0.6286, lr_0 = 1.0280e-04
Loss = 2.7983e-02, PNorm = 109.6762, GNorm = 0.1884, lr_0 = 1.0270e-04
Loss = 6.3986e-02, PNorm = 109.6765, GNorm = 0.6526, lr_0 = 1.0259e-04
Loss = 5.0253e-02, PNorm = 109.6775, GNorm = 0.5962, lr_0 = 1.0249e-04
Loss = 5.8964e-02, PNorm = 109.6766, GNorm = 0.3955, lr_0 = 1.0238e-04
Loss = 1.0241e-01, PNorm = 109.6738, GNorm = 0.2829, lr_0 = 1.0228e-04
Loss = 5.3971e-02, PNorm = 109.6739, GNorm = 0.2859, lr_0 = 1.0217e-04
Loss = 4.5939e-02, PNorm = 109.6757, GNorm = 0.2793, lr_0 = 1.0207e-04
Loss = 6.0169e-02, PNorm = 109.6784, GNorm = 0.2552, lr_0 = 1.0196e-04
Loss = 3.3982e-02, PNorm = 109.6815, GNorm = 0.2456, lr_0 = 1.0186e-04
Loss = 2.7933e-02, PNorm = 109.6856, GNorm = 0.1875, lr_0 = 1.0175e-04
Loss = 4.7618e-02, PNorm = 109.6885, GNorm = 0.1547, lr_0 = 1.0165e-04
Loss = 4.9031e-02, PNorm = 109.6893, GNorm = 0.4094, lr_0 = 1.0154e-04
Loss = 3.4340e-02, PNorm = 109.6911, GNorm = 0.1583, lr_0 = 1.0144e-04
Loss = 6.3707e-02, PNorm = 109.6919, GNorm = 0.2008, lr_0 = 1.0133e-04
Loss = 9.1122e-02, PNorm = 109.6923, GNorm = 0.2325, lr_0 = 1.0123e-04
Loss = 3.2121e-02, PNorm = 109.6935, GNorm = 0.2871, lr_0 = 1.0113e-04
Loss = 4.4716e-02, PNorm = 109.6962, GNorm = 0.2036, lr_0 = 1.0102e-04
Loss = 6.5321e-02, PNorm = 109.6984, GNorm = 0.2428, lr_0 = 1.0092e-04
Loss = 4.0396e-02, PNorm = 109.7009, GNorm = 0.2530, lr_0 = 1.0082e-04
Loss = 2.6349e-02, PNorm = 109.7043, GNorm = 0.2223, lr_0 = 1.0071e-04
Loss = 6.5430e-02, PNorm = 109.7062, GNorm = 0.4930, lr_0 = 1.0061e-04
Loss = 3.6950e-02, PNorm = 109.7079, GNorm = 0.1804, lr_0 = 1.0050e-04
Loss = 6.5285e-02, PNorm = 109.7098, GNorm = 0.9010, lr_0 = 1.0040e-04
Loss = 5.0546e-02, PNorm = 109.7108, GNorm = 0.2256, lr_0 = 1.0030e-04
Loss = 3.0749e-02, PNorm = 109.7137, GNorm = 0.1986, lr_0 = 1.0020e-04
Loss = 2.7110e-02, PNorm = 109.7177, GNorm = 0.1670, lr_0 = 1.0009e-04
Loss = 1.9341e-02, PNorm = 109.7217, GNorm = 0.1319, lr_0 = 1.0000e-04
Validation auc = 0.576684
Model 0 best validation auc = 0.577631 on epoch 21
Loading pretrained parameter "encoder.encoder.0.cached_zero_vector".
Loading pretrained parameter "encoder.encoder.0.W_i.weight".
Loading pretrained parameter "encoder.encoder.0.W_h.weight".
Loading pretrained parameter "encoder.encoder.0.W_o.weight".
Loading pretrained parameter "encoder.encoder.0.W_o.bias".
Loading pretrained parameter "ffn.1.weight".
Loading pretrained parameter "ffn.1.bias".
Loading pretrained parameter "ffn.4.weight".
Loading pretrained parameter "ffn.4.bias".
Loading pretrained parameter "ffn.7.weight".
Loading pretrained parameter "ffn.7.bias".
Model 0 test auc = 0.548065
Ensemble test auc = 0.548065
1-fold cross validation
	Seed 9 ==> test auc = 0.548065
Overall test auc = 0.548065 +/- 0.000000
Elapsed time = 1 day, 6:55:16
