Command line
python /home/felixjwong/miniconda3/envs/chemprop/bin/chemprop_train --data_path ./hdpc.csv --dataset_type classification --config_path ./hyperparameters.json --save_dir ./hdpc/1 --ensemble_size 1 --seed 1 --features_generator rdkit_2d_normalized --no_features_scaling
Args
{'activation': 'ReLU',
 'aggregation': 'mean',
 'aggregation_norm': 100,
 'atom_descriptor_scaling': True,
 'atom_descriptors': None,
 'atom_descriptors_path': None,
 'atom_descriptors_size': 0,
 'atom_features_size': 0,
 'atom_messages': False,
 'batch_size': 50,
 'bias': False,
 'bond_feature_scaling': True,
 'bond_features_path': None,
 'bond_features_size': 0,
 'cache_cutoff': 10000,
 'checkpoint_dir': None,
 'checkpoint_path': None,
 'checkpoint_paths': None,
 'class_balance': False,
 'config_path': './hyperparameters.json',
 'crossval_index_dir': None,
 'crossval_index_file': None,
 'crossval_index_sets': None,
 'cuda': False,
 'data_path': './hdpc.csv',
 'dataset_type': 'classification',
 'depth': 5,
 'device': device(type='cpu'),
 'dropout': 0.35,
 'ensemble_size': 1,
 'epochs': 30,
 'extra_metrics': [],
 'features_generator': ['rdkit_2d_normalized'],
 'features_only': False,
 'features_path': None,
 'features_scaling': False,
 'features_size': None,
 'ffn_hidden_size': 1600,
 'ffn_num_layers': 3,
 'final_lr': 0.0001,
 'folds_file': None,
 'gpu': None,
 'grad_clip': None,
 'hidden_size': 1600,
 'ignore_columns': None,
 'init_lr': 0.0001,
 'log_frequency': 10,
 'max_data_size': None,
 'max_lr': 0.001,
 'metric': 'auc',
 'metrics': ['auc'],
 'minimize_score': False,
 'mpn_shared': False,
 'multiclass_num_classes': 3,
 'no_atom_descriptor_scaling': False,
 'no_bond_features_scaling': False,
 'no_cache_mol': False,
 'no_cuda': False,
 'no_features_scaling': True,
 'num_folds': 1,
 'num_lrs': 1,
 'num_tasks': 1,
 'num_workers': 8,
 'number_of_molecules': 1,
 'overwrite_default_atom_features': False,
 'overwrite_default_bond_features': False,
 'pytorch_seed': 0,
 'quiet': False,
 'save_dir': './hdpc/1',
 'save_preds': False,
 'save_smiles_splits': False,
 'seed': 1,
 'separate_test_atom_descriptors_path': None,
 'separate_test_bond_features_path': None,
 'separate_test_features_path': None,
 'separate_test_path': None,
 'separate_val_atom_descriptors_path': None,
 'separate_val_bond_features_path': None,
 'separate_val_features_path': None,
 'separate_val_path': None,
 'show_individual_scores': False,
 'smiles_columns': ['\ufeffSMILES'],
 'split_sizes': (0.8, 0.1, 0.1),
 'split_type': 'random',
 'target_columns': None,
 'task_names': ['HIT'],
 'test': False,
 'test_fold_index': None,
 'train_data_size': None,
 'undirected': False,
 'use_input_features': True,
 'val_fold_index': None,
 'warmup_epochs': 2.0}
Loading data
Number of tasks = 1
Fold 0
Splitting data with seed 1
Class sizes
HIT 0: 99.12%, 1: 0.88%
Total size = 50,000 | train size = 40,000 | val size = 5,000 | test size = 5,000
Building model 0
MoleculeModel(
  (sigmoid): Sigmoid()
  (encoder): MPN(
    (encoder): ModuleList(
      (0): MPNEncoder(
        (dropout_layer): Dropout(p=0.35, inplace=False)
        (act_func): ReLU()
        (W_i): Linear(in_features=147, out_features=1600, bias=False)
        (W_h): Linear(in_features=1600, out_features=1600, bias=False)
        (W_o): Linear(in_features=1733, out_features=1600, bias=True)
      )
    )
  )
  (ffn): Sequential(
    (0): Dropout(p=0.35, inplace=False)
    (1): Linear(in_features=1800, out_features=1600, bias=True)
    (2): ReLU()
    (3): Dropout(p=0.35, inplace=False)
    (4): Linear(in_features=1600, out_features=1600, bias=True)
    (5): ReLU()
    (6): Dropout(p=0.35, inplace=False)
    (7): Linear(in_features=1600, out_features=1, bias=True)
  )
)
Number of parameters = 11,014,401
Epoch 0
Loss = 1.7894e-01, PNorm = 82.6421, GNorm = 0.0024, lr_0 = 1.0619e-04
Loss = 2.2942e-02, PNorm = 82.6484, GNorm = 0.0113, lr_0 = 1.1181e-04
Loss = 3.4167e-02, PNorm = 82.6516, GNorm = 0.7933, lr_0 = 1.1744e-04
Loss = 5.9143e-02, PNorm = 82.6532, GNorm = 0.1970, lr_0 = 1.2306e-04
Loss = 4.0900e-02, PNorm = 82.6610, GNorm = 0.0902, lr_0 = 1.2869e-04
Loss = 5.9110e-02, PNorm = 82.6666, GNorm = 0.0822, lr_0 = 1.3431e-04
Loss = 3.9584e-02, PNorm = 82.6751, GNorm = 0.0999, lr_0 = 1.3994e-04
Loss = 4.1193e-02, PNorm = 82.6848, GNorm = 0.5988, lr_0 = 1.4556e-04
Loss = 2.7993e-02, PNorm = 82.6921, GNorm = 0.0700, lr_0 = 1.5119e-04
Loss = 3.9856e-02, PNorm = 82.7018, GNorm = 0.0987, lr_0 = 1.5681e-04
Loss = 3.9920e-02, PNorm = 82.7127, GNorm = 0.0421, lr_0 = 1.6244e-04
Loss = 4.8587e-02, PNorm = 82.7192, GNorm = 0.0934, lr_0 = 1.6806e-04
Loss = 5.6488e-02, PNorm = 82.7304, GNorm = 0.3709, lr_0 = 1.7369e-04
Loss = 2.8942e-02, PNorm = 82.7480, GNorm = 0.0611, lr_0 = 1.7931e-04
Loss = 1.0046e-01, PNorm = 82.7557, GNorm = 0.3657, lr_0 = 1.8494e-04
Loss = 5.2313e-02, PNorm = 82.7780, GNorm = 0.0722, lr_0 = 1.9056e-04
Loss = 2.0146e-02, PNorm = 82.7979, GNorm = 0.8085, lr_0 = 1.9619e-04
Loss = 4.0452e-02, PNorm = 82.8020, GNorm = 0.1121, lr_0 = 2.0181e-04
Loss = 9.7232e-02, PNorm = 82.8161, GNorm = 0.2023, lr_0 = 2.0744e-04
Loss = 4.4530e-02, PNorm = 82.8381, GNorm = 0.0202, lr_0 = 2.1306e-04
Loss = 3.2375e-02, PNorm = 82.8478, GNorm = 0.0810, lr_0 = 2.1869e-04
Loss = 6.1609e-02, PNorm = 82.8579, GNorm = 0.3789, lr_0 = 2.2431e-04
Loss = 2.1049e-02, PNorm = 82.8729, GNorm = 0.0798, lr_0 = 2.2994e-04
Loss = 3.9058e-02, PNorm = 82.8870, GNorm = 0.0301, lr_0 = 2.3556e-04
Loss = 6.6004e-02, PNorm = 82.8917, GNorm = 0.1716, lr_0 = 2.4119e-04
Loss = 4.7757e-02, PNorm = 82.9119, GNorm = 0.0817, lr_0 = 2.4681e-04
Loss = 4.9898e-02, PNorm = 82.9258, GNorm = 0.0565, lr_0 = 2.5244e-04
Loss = 4.1496e-02, PNorm = 82.9370, GNorm = 0.0678, lr_0 = 2.5806e-04
Loss = 6.8127e-02, PNorm = 82.9477, GNorm = 0.1767, lr_0 = 2.6369e-04
Loss = 3.5626e-02, PNorm = 82.9705, GNorm = 0.4578, lr_0 = 2.6931e-04
Loss = 1.0509e-01, PNorm = 82.9721, GNorm = 0.3239, lr_0 = 2.7494e-04
Loss = 3.3281e-02, PNorm = 83.0046, GNorm = 0.0322, lr_0 = 2.8056e-04
Loss = 4.4748e-02, PNorm = 83.0224, GNorm = 0.0085, lr_0 = 2.8619e-04
Loss = 1.2065e-01, PNorm = 83.0209, GNorm = 0.3628, lr_0 = 2.9181e-04
Loss = 7.2251e-02, PNorm = 83.0492, GNorm = 0.1121, lr_0 = 2.9744e-04
Loss = 1.1180e-01, PNorm = 83.0627, GNorm = 0.1353, lr_0 = 3.0306e-04
Loss = 4.8512e-02, PNorm = 83.0853, GNorm = 0.4218, lr_0 = 3.0869e-04
Loss = 1.1547e-01, PNorm = 83.0941, GNorm = 0.3534, lr_0 = 3.1431e-04
Loss = 5.7579e-02, PNorm = 83.1059, GNorm = 0.2135, lr_0 = 3.1994e-04
Loss = 1.9143e-02, PNorm = 83.1302, GNorm = 0.0264, lr_0 = 3.2556e-04
Loss = 4.6515e-02, PNorm = 83.1361, GNorm = 0.0250, lr_0 = 3.3119e-04
Loss = 6.9029e-02, PNorm = 83.1336, GNorm = 0.1791, lr_0 = 3.3681e-04
Loss = 2.2022e-02, PNorm = 83.1515, GNorm = 0.0566, lr_0 = 3.4244e-04
Loss = 5.8638e-02, PNorm = 83.1602, GNorm = 0.4257, lr_0 = 3.4806e-04
Loss = 1.0147e-01, PNorm = 83.1571, GNorm = 0.2353, lr_0 = 3.5369e-04
Loss = 8.2304e-02, PNorm = 83.1739, GNorm = 0.1737, lr_0 = 3.5931e-04
Loss = 4.8600e-02, PNorm = 83.1936, GNorm = 0.3239, lr_0 = 3.6494e-04
Loss = 4.5526e-02, PNorm = 83.2028, GNorm = 0.0743, lr_0 = 3.7056e-04
Loss = 9.0367e-02, PNorm = 83.2101, GNorm = 0.2562, lr_0 = 3.7619e-04
Loss = 4.4552e-02, PNorm = 83.2363, GNorm = 0.0418, lr_0 = 3.8181e-04
Loss = 6.3463e-02, PNorm = 83.2459, GNorm = 0.4659, lr_0 = 3.8744e-04
Loss = 4.9238e-02, PNorm = 83.2561, GNorm = 0.1318, lr_0 = 3.9306e-04
Loss = 7.8287e-02, PNorm = 83.2702, GNorm = 0.2473, lr_0 = 3.9869e-04
Loss = 8.3716e-02, PNorm = 83.2923, GNorm = 0.3221, lr_0 = 4.0431e-04
Loss = 5.5301e-02, PNorm = 83.3144, GNorm = 0.3519, lr_0 = 4.0994e-04
Loss = 8.1161e-02, PNorm = 83.3284, GNorm = 0.2709, lr_0 = 4.1556e-04
Loss = 5.9345e-02, PNorm = 83.3605, GNorm = 0.8513, lr_0 = 4.2119e-04
Loss = 2.2485e-02, PNorm = 83.3764, GNorm = 0.0407, lr_0 = 4.2681e-04
Loss = 8.1820e-02, PNorm = 83.3772, GNorm = 0.2672, lr_0 = 4.3244e-04
Loss = 8.0818e-02, PNorm = 83.4011, GNorm = 0.2363, lr_0 = 4.3806e-04
Loss = 7.3828e-02, PNorm = 83.4119, GNorm = 0.2159, lr_0 = 4.4369e-04
Loss = 6.0633e-02, PNorm = 83.4369, GNorm = 0.8988, lr_0 = 4.4931e-04
Loss = 4.0711e-02, PNorm = 83.4431, GNorm = 0.0706, lr_0 = 4.5494e-04
Loss = 6.8074e-02, PNorm = 83.4479, GNorm = 0.2186, lr_0 = 4.6056e-04
Loss = 4.8933e-02, PNorm = 83.4641, GNorm = 0.0859, lr_0 = 4.6619e-04
Loss = 2.7898e-02, PNorm = 83.4794, GNorm = 0.5008, lr_0 = 4.7181e-04
Loss = 3.0164e-02, PNorm = 83.4858, GNorm = 0.0739, lr_0 = 4.7744e-04
Loss = 1.0240e-01, PNorm = 83.4889, GNorm = 0.2610, lr_0 = 4.8306e-04
Loss = 9.8568e-02, PNorm = 83.5155, GNorm = 0.3124, lr_0 = 4.8869e-04
Loss = 6.4535e-02, PNorm = 83.5405, GNorm = 0.3685, lr_0 = 4.9431e-04
Loss = 7.5666e-02, PNorm = 83.5482, GNorm = 0.2999, lr_0 = 4.9994e-04
Loss = 4.5376e-02, PNorm = 83.5781, GNorm = 0.4495, lr_0 = 5.0556e-04
Loss = 2.0534e-02, PNorm = 83.5888, GNorm = 0.0359, lr_0 = 5.1119e-04
Loss = 7.0318e-02, PNorm = 83.5913, GNorm = 0.3145, lr_0 = 5.1681e-04
Loss = 2.8739e-02, PNorm = 83.6074, GNorm = 0.0726, lr_0 = 5.2244e-04
Loss = 5.5065e-02, PNorm = 83.6189, GNorm = 0.3115, lr_0 = 5.2806e-04
Loss = 3.1941e-02, PNorm = 83.6266, GNorm = 0.0826, lr_0 = 5.3369e-04
Loss = 6.9253e-02, PNorm = 83.6344, GNorm = 0.2554, lr_0 = 5.3931e-04
Loss = 3.2365e-02, PNorm = 83.6555, GNorm = 0.4073, lr_0 = 5.4494e-04
Loss = 9.0726e-02, PNorm = 83.6590, GNorm = 0.1843, lr_0 = 5.5056e-04
Validation auc = 0.533435
Epoch 1
Loss = 6.1605e-02, PNorm = 83.6783, GNorm = 0.1583, lr_0 = 5.5619e-04
Loss = 8.8022e-02, PNorm = 83.6954, GNorm = 0.2077, lr_0 = 5.6181e-04
Loss = 5.0838e-02, PNorm = 83.7212, GNorm = 0.1223, lr_0 = 5.6744e-04
Loss = 1.3246e-01, PNorm = 83.7316, GNorm = 0.2856, lr_0 = 5.7306e-04
Loss = 5.6235e-02, PNorm = 83.7732, GNorm = 0.0814, lr_0 = 5.7869e-04
Loss = 5.4276e-02, PNorm = 83.7969, GNorm = 0.0579, lr_0 = 5.8431e-04
Loss = 5.8425e-02, PNorm = 83.8163, GNorm = 0.1821, lr_0 = 5.8994e-04
Loss = 4.1414e-02, PNorm = 83.8521, GNorm = 0.0517, lr_0 = 5.9556e-04
Loss = 4.4314e-02, PNorm = 83.8703, GNorm = 0.1127, lr_0 = 6.0119e-04
Loss = 6.5334e-02, PNorm = 83.8899, GNorm = 0.1764, lr_0 = 6.0681e-04
Loss = 6.4491e-02, PNorm = 83.9380, GNorm = 0.4434, lr_0 = 6.1244e-04
Loss = 9.4547e-02, PNorm = 84.0053, GNorm = 0.0736, lr_0 = 6.1806e-04
Loss = 6.1426e-02, PNorm = 84.2269, GNorm = 0.3307, lr_0 = 6.2369e-04
Loss = 6.3380e-02, PNorm = 84.3844, GNorm = 0.2144, lr_0 = 6.2931e-04
Loss = 3.0648e-02, PNorm = 84.4684, GNorm = 0.0398, lr_0 = 6.3494e-04
Loss = 1.0048e-01, PNorm = 84.5018, GNorm = 0.2708, lr_0 = 6.4056e-04
Loss = 6.5938e-02, PNorm = 84.5458, GNorm = 0.4016, lr_0 = 6.4619e-04
Loss = 5.7554e-02, PNorm = 84.5597, GNorm = 0.2876, lr_0 = 6.5181e-04
Loss = 6.6157e-02, PNorm = 84.5714, GNorm = 0.2179, lr_0 = 6.5744e-04
Loss = 4.9528e-02, PNorm = 84.5928, GNorm = 0.3969, lr_0 = 6.6306e-04
Loss = 2.3766e-02, PNorm = 84.6159, GNorm = 0.7349, lr_0 = 6.6869e-04
Loss = 4.4067e-02, PNorm = 84.6249, GNorm = 0.1247, lr_0 = 6.7431e-04
Loss = 4.4582e-02, PNorm = 84.6448, GNorm = 0.1253, lr_0 = 6.7994e-04
Loss = 8.6587e-02, PNorm = 84.6566, GNorm = 0.3818, lr_0 = 6.8556e-04
Loss = 3.1780e-02, PNorm = 84.6852, GNorm = 0.0796, lr_0 = 6.9119e-04
Loss = 4.7118e-02, PNorm = 84.7031, GNorm = 0.4537, lr_0 = 6.9681e-04
Loss = 3.6413e-02, PNorm = 84.7062, GNorm = 0.1249, lr_0 = 7.0244e-04
Loss = 5.6486e-02, PNorm = 84.7224, GNorm = 0.7560, lr_0 = 7.0806e-04
Loss = 8.3192e-02, PNorm = 84.7357, GNorm = 0.3030, lr_0 = 7.1369e-04
Loss = 5.2757e-02, PNorm = 84.7685, GNorm = 0.4061, lr_0 = 7.1931e-04
Loss = 5.5759e-02, PNorm = 84.7822, GNorm = 0.1142, lr_0 = 7.2494e-04
Loss = 6.1376e-02, PNorm = 84.7983, GNorm = 0.6699, lr_0 = 7.3056e-04
Loss = 6.2067e-02, PNorm = 84.8130, GNorm = 0.2554, lr_0 = 7.3619e-04
Loss = 4.6635e-02, PNorm = 84.8469, GNorm = 0.1270, lr_0 = 7.4181e-04
Loss = 5.6490e-02, PNorm = 84.8747, GNorm = 1.4431, lr_0 = 7.4744e-04
Loss = 1.7263e-02, PNorm = 84.8828, GNorm = 0.1015, lr_0 = 7.5306e-04
Loss = 3.3113e-02, PNorm = 84.8983, GNorm = 0.2967, lr_0 = 7.5869e-04
Loss = 5.5943e-02, PNorm = 84.9033, GNorm = 0.1735, lr_0 = 7.6431e-04
Loss = 8.6080e-02, PNorm = 84.9174, GNorm = 0.2277, lr_0 = 7.6994e-04
Loss = 3.6214e-02, PNorm = 84.9471, GNorm = 0.0842, lr_0 = 7.7556e-04
Loss = 2.7254e-02, PNorm = 84.9624, GNorm = 0.0624, lr_0 = 7.8119e-04
Loss = 9.5672e-02, PNorm = 84.9622, GNorm = 0.2570, lr_0 = 7.8681e-04
Loss = 2.8904e-02, PNorm = 84.9947, GNorm = 0.0632, lr_0 = 7.9244e-04
Loss = 8.3870e-02, PNorm = 85.0061, GNorm = 0.0403, lr_0 = 7.9806e-04
Loss = 4.8645e-02, PNorm = 85.0067, GNorm = 0.3251, lr_0 = 8.0369e-04
Loss = 3.9513e-02, PNorm = 85.0271, GNorm = 0.0841, lr_0 = 8.0931e-04
Loss = 3.7816e-02, PNorm = 85.0408, GNorm = 0.8130, lr_0 = 8.1494e-04
Loss = 6.1217e-02, PNorm = 85.0396, GNorm = 0.1434, lr_0 = 8.2056e-04
Loss = 5.4594e-02, PNorm = 85.0530, GNorm = 0.2914, lr_0 = 8.2619e-04
Loss = 4.8157e-02, PNorm = 85.0721, GNorm = 0.0739, lr_0 = 8.3181e-04
Loss = 5.0003e-02, PNorm = 85.0767, GNorm = 0.1387, lr_0 = 8.3744e-04
Loss = 5.7146e-02, PNorm = 85.0904, GNorm = 0.1654, lr_0 = 8.4306e-04
Loss = 3.7803e-02, PNorm = 85.1109, GNorm = 0.0492, lr_0 = 8.4869e-04
Loss = 5.4206e-02, PNorm = 85.1166, GNorm = 0.2398, lr_0 = 8.5431e-04
Loss = 4.7327e-02, PNorm = 85.1364, GNorm = 0.0598, lr_0 = 8.5994e-04
Loss = 2.7682e-02, PNorm = 85.1475, GNorm = 0.1104, lr_0 = 8.6556e-04
Loss = 7.1775e-02, PNorm = 85.1526, GNorm = 0.2729, lr_0 = 8.7119e-04
Loss = 4.1367e-02, PNorm = 85.1808, GNorm = 0.1048, lr_0 = 8.7681e-04
Loss = 5.3521e-02, PNorm = 85.1971, GNorm = 0.0992, lr_0 = 8.8244e-04
Loss = 6.3937e-02, PNorm = 85.2059, GNorm = 0.2901, lr_0 = 8.8806e-04
Loss = 6.9019e-02, PNorm = 85.2232, GNorm = 0.2302, lr_0 = 8.9369e-04
Loss = 6.5847e-02, PNorm = 85.2424, GNorm = 0.2592, lr_0 = 8.9931e-04
Loss = 2.5237e-02, PNorm = 85.2720, GNorm = 0.0581, lr_0 = 9.0494e-04
Loss = 5.2349e-02, PNorm = 85.2797, GNorm = 0.6085, lr_0 = 9.1056e-04
Loss = 8.8228e-02, PNorm = 85.2787, GNorm = 0.3787, lr_0 = 9.1619e-04
Loss = 8.8765e-02, PNorm = 85.3143, GNorm = 0.2591, lr_0 = 9.2181e-04
Loss = 6.1618e-02, PNorm = 85.3484, GNorm = 0.3177, lr_0 = 9.2744e-04
Loss = 6.1927e-02, PNorm = 85.3639, GNorm = 0.2024, lr_0 = 9.3306e-04
Loss = 5.5905e-02, PNorm = 85.3875, GNorm = 0.1971, lr_0 = 9.3869e-04
Loss = 3.5467e-02, PNorm = 85.4221, GNorm = 0.1071, lr_0 = 9.4431e-04
Loss = 6.5974e-02, PNorm = 85.4408, GNorm = 0.5416, lr_0 = 9.4994e-04
Loss = 5.0350e-02, PNorm = 85.4647, GNorm = 0.1880, lr_0 = 9.5556e-04
Loss = 1.0265e-01, PNorm = 85.4850, GNorm = 0.3434, lr_0 = 9.6119e-04
Loss = 4.6582e-02, PNorm = 85.5299, GNorm = 0.1056, lr_0 = 9.6681e-04
Loss = 6.2668e-02, PNorm = 85.5454, GNorm = 0.1805, lr_0 = 9.7244e-04
Loss = 5.6645e-02, PNorm = 85.5657, GNorm = 0.2792, lr_0 = 9.7806e-04
Loss = 3.8477e-02, PNorm = 85.6032, GNorm = 0.0853, lr_0 = 9.8369e-04
Loss = 4.3495e-02, PNorm = 85.6199, GNorm = 0.0650, lr_0 = 9.8931e-04
Loss = 4.5818e-02, PNorm = 85.6271, GNorm = 0.2285, lr_0 = 9.9494e-04
Loss = 5.7026e-02, PNorm = 85.6478, GNorm = 0.5755, lr_0 = 9.9990e-04
Validation auc = 0.517123
Epoch 2
Loss = 6.0759e-02, PNorm = 85.6644, GNorm = 0.4671, lr_0 = 9.9887e-04
Loss = 6.8813e-02, PNorm = 85.6880, GNorm = 0.3251, lr_0 = 9.9784e-04
Loss = 6.9600e-02, PNorm = 85.7175, GNorm = 0.2753, lr_0 = 9.9682e-04
Loss = 8.6544e-02, PNorm = 85.7439, GNorm = 0.3076, lr_0 = 9.9579e-04
Loss = 3.3601e-02, PNorm = 85.7936, GNorm = 0.0439, lr_0 = 9.9477e-04
Loss = 5.3152e-02, PNorm = 85.8178, GNorm = 0.8336, lr_0 = 9.9375e-04
Loss = 8.8071e-02, PNorm = 85.8219, GNorm = 0.3177, lr_0 = 9.9273e-04
Loss = 5.5479e-02, PNorm = 85.8746, GNorm = 1.0002, lr_0 = 9.9171e-04
Loss = 5.6687e-02, PNorm = 85.8894, GNorm = 0.7040, lr_0 = 9.9069e-04
Loss = 4.8337e-02, PNorm = 85.9194, GNorm = 0.3437, lr_0 = 9.8967e-04
Loss = 7.4199e-02, PNorm = 85.9378, GNorm = 0.2568, lr_0 = 9.8865e-04
Loss = 4.4186e-02, PNorm = 85.9716, GNorm = 0.1185, lr_0 = 9.8764e-04
Loss = 6.5722e-02, PNorm = 85.9825, GNorm = 0.1780, lr_0 = 9.8662e-04
Loss = 4.6041e-02, PNorm = 86.0065, GNorm = 0.1862, lr_0 = 9.8561e-04
Loss = 4.7935e-02, PNorm = 86.0340, GNorm = 0.0943, lr_0 = 9.8460e-04
Loss = 8.2934e-02, PNorm = 86.0444, GNorm = 0.3750, lr_0 = 9.8359e-04
Loss = 3.5202e-02, PNorm = 86.0735, GNorm = 0.2030, lr_0 = 9.8258e-04
Loss = 1.9122e-02, PNorm = 86.1173, GNorm = 0.0264, lr_0 = 9.8157e-04
Loss = 8.4335e-02, PNorm = 86.1191, GNorm = 0.0563, lr_0 = 9.8056e-04
Loss = 7.0387e-02, PNorm = 86.1280, GNorm = 0.3998, lr_0 = 9.7955e-04
Loss = 3.1861e-02, PNorm = 86.1831, GNorm = 0.1277, lr_0 = 9.7854e-04
Loss = 7.2738e-02, PNorm = 86.2007, GNorm = 0.0716, lr_0 = 9.7754e-04
Loss = 2.7494e-02, PNorm = 86.2114, GNorm = 0.2029, lr_0 = 9.7653e-04
Loss = 1.7895e-02, PNorm = 86.2425, GNorm = 0.0712, lr_0 = 9.7553e-04
Loss = 7.9556e-02, PNorm = 86.2510, GNorm = 0.8809, lr_0 = 9.7453e-04
Loss = 5.1310e-02, PNorm = 86.2540, GNorm = 0.4071, lr_0 = 9.7353e-04
Loss = 6.4394e-02, PNorm = 86.2976, GNorm = 0.1727, lr_0 = 9.7253e-04
Loss = 5.6568e-02, PNorm = 86.3400, GNorm = 0.7658, lr_0 = 9.7153e-04
Loss = 3.6700e-02, PNorm = 86.3632, GNorm = 0.1581, lr_0 = 9.7053e-04
Loss = 5.2198e-02, PNorm = 86.4030, GNorm = 0.3373, lr_0 = 9.6953e-04
Loss = 4.6183e-02, PNorm = 86.4361, GNorm = 0.1945, lr_0 = 9.6854e-04
Loss = 3.8406e-02, PNorm = 86.5296, GNorm = 0.0816, lr_0 = 9.6754e-04
Loss = 6.6100e-02, PNorm = 86.5836, GNorm = 0.2495, lr_0 = 9.6655e-04
Loss = 4.8818e-02, PNorm = 86.6383, GNorm = 0.4017, lr_0 = 9.6555e-04
Loss = 1.3871e-02, PNorm = 86.7007, GNorm = 0.0303, lr_0 = 9.6456e-04
Loss = 3.7321e-02, PNorm = 86.7608, GNorm = 0.9152, lr_0 = 9.6357e-04
Loss = 5.9986e-02, PNorm = 86.7993, GNorm = 0.4894, lr_0 = 9.6258e-04
Loss = 6.6369e-02, PNorm = 86.8468, GNorm = 0.2117, lr_0 = 9.6159e-04
Loss = 5.2367e-02, PNorm = 86.8929, GNorm = 0.2397, lr_0 = 9.6060e-04
Loss = 5.2455e-02, PNorm = 86.9376, GNorm = 0.7092, lr_0 = 9.5962e-04
Loss = 6.1414e-02, PNorm = 86.9633, GNorm = 0.8540, lr_0 = 9.5863e-04
Loss = 1.8901e-02, PNorm = 87.0191, GNorm = 0.1170, lr_0 = 9.5765e-04
Loss = 1.0869e-01, PNorm = 87.0258, GNorm = 0.3317, lr_0 = 9.5666e-04
Loss = 4.3720e-02, PNorm = 87.0670, GNorm = 0.2590, lr_0 = 9.5568e-04
Loss = 3.1195e-02, PNorm = 87.1088, GNorm = 0.0539, lr_0 = 9.5470e-04
Loss = 1.3058e-01, PNorm = 87.0964, GNorm = 0.6806, lr_0 = 9.5372e-04
Loss = 7.6112e-02, PNorm = 87.1390, GNorm = 0.4536, lr_0 = 9.5274e-04
Loss = 7.4393e-02, PNorm = 87.1655, GNorm = 0.1661, lr_0 = 9.5176e-04
Loss = 8.4504e-02, PNorm = 87.1648, GNorm = 0.4792, lr_0 = 9.5078e-04
Loss = 6.9082e-02, PNorm = 87.1926, GNorm = 0.3435, lr_0 = 9.4980e-04
Loss = 5.6762e-02, PNorm = 87.2139, GNorm = 0.1016, lr_0 = 9.4883e-04
Loss = 4.6874e-02, PNorm = 87.2241, GNorm = 1.1935, lr_0 = 9.4785e-04
Loss = 2.6573e-02, PNorm = 87.2415, GNorm = 0.1300, lr_0 = 9.4688e-04
Loss = 3.7305e-02, PNorm = 87.2602, GNorm = 0.7801, lr_0 = 9.4591e-04
Loss = 6.1451e-02, PNorm = 87.2625, GNorm = 0.2681, lr_0 = 9.4493e-04
Loss = 6.2562e-02, PNorm = 87.2848, GNorm = 0.3502, lr_0 = 9.4396e-04
Loss = 6.8301e-02, PNorm = 87.3025, GNorm = 0.3065, lr_0 = 9.4299e-04
Loss = 5.5429e-02, PNorm = 87.3417, GNorm = 0.2713, lr_0 = 9.4203e-04
Loss = 4.1790e-02, PNorm = 87.3852, GNorm = 0.1251, lr_0 = 9.4106e-04
Loss = 5.8341e-02, PNorm = 87.4104, GNorm = 0.8621, lr_0 = 9.4009e-04
Loss = 6.4369e-02, PNorm = 87.4230, GNorm = 0.2381, lr_0 = 9.3912e-04
Loss = 4.7319e-02, PNorm = 87.4885, GNorm = 0.1992, lr_0 = 9.3816e-04
Loss = 9.0645e-02, PNorm = 87.5437, GNorm = 0.0965, lr_0 = 9.3720e-04
Loss = 4.9433e-02, PNorm = 87.5614, GNorm = 0.3754, lr_0 = 9.3623e-04
Loss = 1.7672e-02, PNorm = 87.5970, GNorm = 0.1211, lr_0 = 9.3527e-04
Loss = 2.9691e-01, PNorm = 87.6529, GNorm = 0.0678, lr_0 = 9.3431e-04
Loss = 1.0341e-01, PNorm = 88.2931, GNorm = 0.9950, lr_0 = 9.3335e-04
Loss = 8.2902e-02, PNorm = 88.7972, GNorm = 0.4447, lr_0 = 9.3239e-04
Loss = 7.4725e-02, PNorm = 89.1850, GNorm = 0.4370, lr_0 = 9.3143e-04
Loss = 2.5459e-02, PNorm = 89.4095, GNorm = 0.0441, lr_0 = 9.3048e-04
Loss = 6.5753e-02, PNorm = 89.5135, GNorm = 0.5777, lr_0 = 9.2952e-04
Loss = 7.2794e-02, PNorm = 89.5944, GNorm = 0.5104, lr_0 = 9.2857e-04
Loss = 5.1332e-02, PNorm = 89.6671, GNorm = 0.2604, lr_0 = 9.2761e-04
Loss = 6.5253e-02, PNorm = 89.7066, GNorm = 0.1700, lr_0 = 9.2666e-04
Loss = 8.7854e-02, PNorm = 89.7254, GNorm = 1.0878, lr_0 = 9.2571e-04
Loss = 6.9160e-02, PNorm = 89.7464, GNorm = 0.4239, lr_0 = 9.2476e-04
Loss = 4.3453e-02, PNorm = 89.7787, GNorm = 0.1696, lr_0 = 9.2381e-04
Loss = 9.4378e-02, PNorm = 89.7890, GNorm = 0.3777, lr_0 = 9.2286e-04
Loss = 6.4663e-02, PNorm = 89.8173, GNorm = 1.0315, lr_0 = 9.2191e-04
Loss = 9.5590e-02, PNorm = 89.8263, GNorm = 0.3472, lr_0 = 9.2096e-04
Validation auc = 0.501298
Epoch 3
Loss = 8.0871e-02, PNorm = 89.8495, GNorm = 0.3052, lr_0 = 9.2001e-04
Loss = 8.7255e-02, PNorm = 89.8620, GNorm = 0.4576, lr_0 = 9.1907e-04
Loss = 3.7144e-02, PNorm = 89.8888, GNorm = 0.1780, lr_0 = 9.1812e-04
Loss = 6.4110e-02, PNorm = 89.9021, GNorm = 0.1627, lr_0 = 9.1718e-04
Loss = 4.4891e-02, PNorm = 89.9139, GNorm = 0.6437, lr_0 = 9.1624e-04
Loss = 1.6006e-02, PNorm = 89.9308, GNorm = 0.1362, lr_0 = 9.1530e-04
Loss = 6.1309e-02, PNorm = 89.9402, GNorm = 0.5754, lr_0 = 9.1436e-04
Loss = 4.9629e-02, PNorm = 89.9537, GNorm = 1.7204, lr_0 = 9.1342e-04
Loss = 8.0433e-02, PNorm = 89.9514, GNorm = 0.5221, lr_0 = 9.1248e-04
Loss = 7.5942e-02, PNorm = 89.9715, GNorm = 0.3575, lr_0 = 9.1154e-04
Loss = 3.3845e-02, PNorm = 89.9953, GNorm = 0.1360, lr_0 = 9.1061e-04
Loss = 1.1224e-01, PNorm = 89.9950, GNorm = 0.2548, lr_0 = 9.0967e-04
Loss = 5.0527e-02, PNorm = 90.0078, GNorm = 0.3505, lr_0 = 9.0874e-04
Loss = 3.8679e-02, PNorm = 90.0402, GNorm = 0.7776, lr_0 = 9.0780e-04
Loss = 6.5234e-02, PNorm = 90.0428, GNorm = 0.6261, lr_0 = 9.0687e-04
Loss = 8.5271e-02, PNorm = 90.0448, GNorm = 0.4162, lr_0 = 9.0594e-04
Loss = 6.7556e-02, PNorm = 90.0607, GNorm = 0.4385, lr_0 = 9.0501e-04
Loss = 8.1425e-02, PNorm = 90.0785, GNorm = 1.3905, lr_0 = 9.0408e-04
Loss = 4.6454e-02, PNorm = 90.0827, GNorm = 0.2504, lr_0 = 9.0315e-04
Loss = 4.5936e-02, PNorm = 90.0979, GNorm = 0.1323, lr_0 = 9.0222e-04
Loss = 4.1940e-02, PNorm = 90.1063, GNorm = 0.5160, lr_0 = 9.0129e-04
Loss = 7.3761e-02, PNorm = 90.1073, GNorm = 0.5711, lr_0 = 9.0037e-04
Loss = 3.2961e-02, PNorm = 90.1194, GNorm = 0.2525, lr_0 = 8.9944e-04
Loss = 5.5789e-02, PNorm = 90.1337, GNorm = 0.3607, lr_0 = 8.9852e-04
Loss = 6.4369e-02, PNorm = 90.1368, GNorm = 0.3280, lr_0 = 8.9759e-04
Loss = 4.4765e-02, PNorm = 90.1537, GNorm = 0.1173, lr_0 = 8.9667e-04
Loss = 2.7629e-02, PNorm = 90.1682, GNorm = 0.0861, lr_0 = 8.9575e-04
Loss = 3.9947e-02, PNorm = 90.1748, GNorm = 0.1113, lr_0 = 8.9483e-04
Loss = 2.6819e-02, PNorm = 90.1821, GNorm = 0.1773, lr_0 = 8.9391e-04
Loss = 4.9945e-02, PNorm = 90.1906, GNorm = 0.3426, lr_0 = 8.9299e-04
Loss = 4.0453e-02, PNorm = 90.1999, GNorm = 0.1438, lr_0 = 8.9208e-04
Loss = 9.6713e-02, PNorm = 90.1973, GNorm = 0.6629, lr_0 = 8.9116e-04
Loss = 9.5182e-02, PNorm = 90.2017, GNorm = 0.4546, lr_0 = 8.9024e-04
Loss = 5.6349e-02, PNorm = 90.2257, GNorm = 0.1436, lr_0 = 8.8933e-04
Loss = 7.3945e-02, PNorm = 90.2307, GNorm = 0.4085, lr_0 = 8.8842e-04
Loss = 3.9268e-02, PNorm = 90.2396, GNorm = 0.4899, lr_0 = 8.8750e-04
Loss = 3.7643e-02, PNorm = 90.2522, GNorm = 0.1279, lr_0 = 8.8659e-04
Loss = 6.9821e-02, PNorm = 90.2543, GNorm = 0.2130, lr_0 = 8.8568e-04
Loss = 4.6612e-02, PNorm = 90.2597, GNorm = 0.2370, lr_0 = 8.8477e-04
Loss = 7.5826e-02, PNorm = 90.2653, GNorm = 0.4810, lr_0 = 8.8386e-04
Loss = 6.5377e-02, PNorm = 90.2734, GNorm = 0.3517, lr_0 = 8.8295e-04
Loss = 4.6383e-02, PNorm = 90.2875, GNorm = 0.1703, lr_0 = 8.8205e-04
Loss = 2.6410e-02, PNorm = 90.2975, GNorm = 0.5205, lr_0 = 8.8114e-04
Loss = 7.2405e-02, PNorm = 90.2993, GNorm = 0.2598, lr_0 = 8.8023e-04
Loss = 5.3844e-02, PNorm = 90.3048, GNorm = 0.3354, lr_0 = 8.7933e-04
Loss = 6.9740e-02, PNorm = 90.3179, GNorm = 0.2532, lr_0 = 8.7843e-04
Loss = 4.7613e-02, PNorm = 90.3319, GNorm = 0.2372, lr_0 = 8.7752e-04
Loss = 3.7929e-02, PNorm = 90.3492, GNorm = 0.5668, lr_0 = 8.7662e-04
Loss = 8.2111e-02, PNorm = 90.3436, GNorm = 0.3041, lr_0 = 8.7572e-04
Loss = 3.3072e-02, PNorm = 90.3632, GNorm = 1.0193, lr_0 = 8.7482e-04
Loss = 1.0571e-01, PNorm = 90.3608, GNorm = 0.3387, lr_0 = 8.7392e-04
Loss = 3.0034e-02, PNorm = 90.3827, GNorm = 0.1903, lr_0 = 8.7303e-04
Loss = 8.3824e-02, PNorm = 90.3895, GNorm = 1.0492, lr_0 = 8.7213e-04
Loss = 3.2447e-02, PNorm = 90.3931, GNorm = 0.2919, lr_0 = 8.7123e-04
Loss = 1.8025e-02, PNorm = 90.4117, GNorm = 0.0757, lr_0 = 8.7034e-04
Loss = 4.1106e-02, PNorm = 90.4219, GNorm = 0.8237, lr_0 = 8.6944e-04
Loss = 3.7177e-02, PNorm = 90.4211, GNorm = 0.1439, lr_0 = 8.6855e-04
Loss = 7.2006e-02, PNorm = 90.4191, GNorm = 0.3064, lr_0 = 8.6766e-04
Loss = 6.1009e-02, PNorm = 90.4265, GNorm = 0.3848, lr_0 = 8.6677e-04
Loss = 7.9127e-02, PNorm = 90.4377, GNorm = 0.2920, lr_0 = 8.6588e-04
Loss = 7.9010e-02, PNorm = 90.4434, GNorm = 0.5584, lr_0 = 8.6499e-04
Loss = 5.0796e-02, PNorm = 90.4481, GNorm = 0.2804, lr_0 = 8.6410e-04
Loss = 4.8732e-02, PNorm = 90.4596, GNorm = 0.2526, lr_0 = 8.6321e-04
Loss = 8.1631e-02, PNorm = 90.4632, GNorm = 0.3155, lr_0 = 8.6232e-04
Loss = 2.9260e-02, PNorm = 90.4744, GNorm = 0.4968, lr_0 = 8.6144e-04
Loss = 4.2765e-02, PNorm = 90.4868, GNorm = 0.1068, lr_0 = 8.6055e-04
Loss = 3.8267e-02, PNorm = 90.4876, GNorm = 0.1355, lr_0 = 8.5967e-04
Loss = 3.7993e-02, PNorm = 90.4906, GNorm = 0.1548, lr_0 = 8.5878e-04
Loss = 1.7117e-02, PNorm = 90.4986, GNorm = 0.1622, lr_0 = 8.5790e-04
Loss = 4.9314e-02, PNorm = 90.5057, GNorm = 0.6821, lr_0 = 8.5702e-04
Loss = 4.3896e-02, PNorm = 90.5041, GNorm = 0.2372, lr_0 = 8.5614e-04
Loss = 7.8024e-02, PNorm = 90.5053, GNorm = 0.3199, lr_0 = 8.5526e-04
Loss = 8.0176e-02, PNorm = 90.5131, GNorm = 0.2865, lr_0 = 8.5438e-04
Loss = 8.9328e-02, PNorm = 90.5250, GNorm = 0.4273, lr_0 = 8.5350e-04
Loss = 4.0786e-02, PNorm = 90.5437, GNorm = 0.1484, lr_0 = 8.5263e-04
Loss = 5.8844e-02, PNorm = 90.5565, GNorm = 0.7724, lr_0 = 8.5175e-04
Loss = 7.8277e-02, PNorm = 90.5584, GNorm = 0.7200, lr_0 = 8.5088e-04
Loss = 6.4060e-02, PNorm = 90.5749, GNorm = 0.2935, lr_0 = 8.5000e-04
Loss = 5.0248e-02, PNorm = 90.5918, GNorm = 0.1927, lr_0 = 8.4913e-04
Loss = 3.8867e-02, PNorm = 90.6043, GNorm = 0.1324, lr_0 = 8.4826e-04
Validation auc = 0.533827
Epoch 4
Loss = 8.7695e-02, PNorm = 90.6063, GNorm = 0.8111, lr_0 = 8.4738e-04
Loss = 9.4063e-02, PNorm = 90.6107, GNorm = 0.3920, lr_0 = 8.4651e-04
Loss = 6.6968e-02, PNorm = 90.6357, GNorm = 0.2688, lr_0 = 8.4564e-04
Loss = 7.5514e-02, PNorm = 90.6535, GNorm = 0.1815, lr_0 = 8.4478e-04
Loss = 7.8525e-02, PNorm = 90.6554, GNorm = 0.4525, lr_0 = 8.4391e-04
Loss = 3.6164e-02, PNorm = 90.6729, GNorm = 0.4187, lr_0 = 8.4304e-04
Loss = 4.8413e-02, PNorm = 90.6892, GNorm = 0.1387, lr_0 = 8.4217e-04
Loss = 7.2503e-02, PNorm = 90.6930, GNorm = 0.2384, lr_0 = 8.4131e-04
Loss = 6.7427e-02, PNorm = 90.7045, GNorm = 0.3648, lr_0 = 8.4044e-04
Loss = 3.1422e-02, PNorm = 90.7298, GNorm = 0.2211, lr_0 = 8.3958e-04
Loss = 1.5298e-02, PNorm = 90.7598, GNorm = 0.0595, lr_0 = 8.3872e-04
Loss = 1.1797e-02, PNorm = 90.7779, GNorm = 0.0147, lr_0 = 8.3786e-04
Loss = 5.5271e-02, PNorm = 90.7711, GNorm = 0.8032, lr_0 = 8.3700e-04
Loss = 5.3964e-02, PNorm = 90.7719, GNorm = 0.1576, lr_0 = 8.3614e-04
Loss = 5.7752e-02, PNorm = 90.7737, GNorm = 0.3968, lr_0 = 8.3528e-04
Loss = 7.1609e-02, PNorm = 90.7906, GNorm = 0.5487, lr_0 = 8.3442e-04
Loss = 6.7874e-02, PNorm = 90.8052, GNorm = 0.4741, lr_0 = 8.3356e-04
Loss = 5.3978e-02, PNorm = 90.8167, GNorm = 0.3128, lr_0 = 8.3270e-04
Loss = 1.3924e-01, PNorm = 90.8140, GNorm = 0.6028, lr_0 = 8.3185e-04
Loss = 6.2306e-02, PNorm = 90.8409, GNorm = 0.3008, lr_0 = 8.3099e-04
Loss = 6.4521e-02, PNorm = 90.8596, GNorm = 0.4290, lr_0 = 8.3014e-04
Loss = 4.2250e-02, PNorm = 90.8708, GNorm = 0.2490, lr_0 = 8.2929e-04
Loss = 5.3327e-02, PNorm = 90.8867, GNorm = 1.3149, lr_0 = 8.2844e-04
Loss = 5.3366e-02, PNorm = 90.8895, GNorm = 0.5880, lr_0 = 8.2758e-04
Loss = 7.6686e-02, PNorm = 90.9017, GNorm = 0.4455, lr_0 = 8.2673e-04
Loss = 4.6292e-02, PNorm = 90.9313, GNorm = 0.1208, lr_0 = 8.2589e-04
Loss = 6.2098e-02, PNorm = 90.9374, GNorm = 0.2283, lr_0 = 8.2504e-04
Loss = 3.7974e-02, PNorm = 90.9470, GNorm = 0.2416, lr_0 = 8.2419e-04
Loss = 4.7471e-02, PNorm = 90.9596, GNorm = 0.1857, lr_0 = 8.2334e-04
Loss = 7.7968e-02, PNorm = 90.9641, GNorm = 0.4388, lr_0 = 8.2250e-04
Loss = 3.2665e-02, PNorm = 90.9731, GNorm = 0.2282, lr_0 = 8.2165e-04
Loss = 5.7220e-02, PNorm = 90.9787, GNorm = 0.3096, lr_0 = 8.2081e-04
Loss = 8.9812e-02, PNorm = 90.9854, GNorm = 0.3440, lr_0 = 8.1996e-04
Loss = 4.3091e-02, PNorm = 90.9994, GNorm = 0.2294, lr_0 = 8.1912e-04
Loss = 4.3293e-02, PNorm = 91.0116, GNorm = 0.1419, lr_0 = 8.1828e-04
Loss = 3.7595e-02, PNorm = 91.0199, GNorm = 0.1648, lr_0 = 8.1744e-04
Loss = 4.7658e-02, PNorm = 91.0255, GNorm = 0.1669, lr_0 = 8.1660e-04
Loss = 1.7887e-02, PNorm = 91.0351, GNorm = 0.0988, lr_0 = 8.1576e-04
Loss = 8.5449e-02, PNorm = 91.0291, GNorm = 0.2442, lr_0 = 8.1492e-04
Loss = 6.1507e-02, PNorm = 91.0274, GNorm = 0.4604, lr_0 = 8.1408e-04
Loss = 5.5424e-02, PNorm = 91.0393, GNorm = 0.2120, lr_0 = 8.1325e-04
Loss = 5.2797e-02, PNorm = 91.0480, GNorm = 0.4794, lr_0 = 8.1241e-04
Loss = 7.7144e-02, PNorm = 91.0461, GNorm = 0.3471, lr_0 = 8.1158e-04
Loss = 6.2890e-02, PNorm = 91.0558, GNorm = 0.6319, lr_0 = 8.1074e-04
Loss = 1.6167e-02, PNorm = 91.0695, GNorm = 0.1475, lr_0 = 8.0991e-04
Loss = 3.4544e-02, PNorm = 91.0780, GNorm = 0.0764, lr_0 = 8.0908e-04
Loss = 2.9088e-02, PNorm = 91.0828, GNorm = 0.0611, lr_0 = 8.0825e-04
Loss = 8.2810e-02, PNorm = 91.0743, GNorm = 1.2526, lr_0 = 8.0742e-04
Loss = 7.2549e-02, PNorm = 91.0729, GNorm = 0.7182, lr_0 = 8.0659e-04
Loss = 5.6876e-02, PNorm = 91.0878, GNorm = 0.1999, lr_0 = 8.0576e-04
Loss = 4.0485e-02, PNorm = 91.1052, GNorm = 0.7388, lr_0 = 8.0493e-04
Loss = 5.7493e-02, PNorm = 91.1102, GNorm = 1.3936, lr_0 = 8.0410e-04
Loss = 9.2121e-02, PNorm = 91.1044, GNorm = 0.2563, lr_0 = 8.0328e-04
Loss = 6.8647e-02, PNorm = 91.1200, GNorm = 0.2878, lr_0 = 8.0245e-04
Loss = 4.1892e-02, PNorm = 91.1409, GNorm = 0.1832, lr_0 = 8.0163e-04
Loss = 2.2773e-02, PNorm = 91.1585, GNorm = 0.0526, lr_0 = 8.0081e-04
Loss = 3.2119e-02, PNorm = 91.1643, GNorm = 0.9192, lr_0 = 7.9998e-04
Loss = 4.4926e-02, PNorm = 91.1595, GNorm = 0.1787, lr_0 = 7.9916e-04
Loss = 5.2429e-02, PNorm = 91.1628, GNorm = 0.3564, lr_0 = 7.9834e-04
Loss = 5.1207e-02, PNorm = 91.1701, GNorm = 0.6018, lr_0 = 7.9752e-04
Loss = 8.0292e-02, PNorm = 91.1733, GNorm = 0.3132, lr_0 = 7.9670e-04
Loss = 6.3737e-02, PNorm = 91.1797, GNorm = 0.3401, lr_0 = 7.9588e-04
Loss = 3.3978e-02, PNorm = 91.1945, GNorm = 0.1741, lr_0 = 7.9506e-04
Loss = 6.6231e-02, PNorm = 91.1976, GNorm = 0.1882, lr_0 = 7.9425e-04
Loss = 5.3338e-02, PNorm = 91.2035, GNorm = 1.2930, lr_0 = 7.9343e-04
Loss = 3.4021e-02, PNorm = 91.2083, GNorm = 0.2806, lr_0 = 7.9262e-04
Loss = 4.6756e-02, PNorm = 91.2171, GNorm = 0.2129, lr_0 = 7.9180e-04
Loss = 3.2499e-02, PNorm = 91.2240, GNorm = 0.1334, lr_0 = 7.9099e-04
Loss = 5.1997e-02, PNorm = 91.2289, GNorm = 0.4083, lr_0 = 7.9017e-04
Loss = 7.5991e-02, PNorm = 91.2254, GNorm = 0.3825, lr_0 = 7.8936e-04
Loss = 5.8189e-02, PNorm = 91.2309, GNorm = 0.3947, lr_0 = 7.8855e-04
Loss = 3.9810e-02, PNorm = 91.2462, GNorm = 0.6962, lr_0 = 7.8774e-04
Loss = 2.7985e-02, PNorm = 91.2568, GNorm = 0.0787, lr_0 = 7.8693e-04
Loss = 6.9624e-02, PNorm = 91.2504, GNorm = 0.2628, lr_0 = 7.8612e-04
Loss = 9.0130e-02, PNorm = 91.2519, GNorm = 0.8503, lr_0 = 7.8532e-04
Loss = 3.1769e-02, PNorm = 91.2673, GNorm = 0.2213, lr_0 = 7.8451e-04
Loss = 5.8262e-02, PNorm = 91.2780, GNorm = 0.0959, lr_0 = 7.8370e-04
Loss = 5.8411e-02, PNorm = 91.2767, GNorm = 0.6019, lr_0 = 7.8290e-04
Loss = 6.2295e-02, PNorm = 91.2740, GNorm = 0.3882, lr_0 = 7.8209e-04
Loss = 3.3756e-02, PNorm = 91.2906, GNorm = 0.1617, lr_0 = 7.8129e-04
Validation auc = 0.546401
Epoch 5
Loss = 4.6229e-02, PNorm = 91.2998, GNorm = 0.0973, lr_0 = 7.8049e-04
Loss = 3.9967e-02, PNorm = 91.3040, GNorm = 0.1669, lr_0 = 7.7969e-04
Loss = 4.8085e-02, PNorm = 91.3075, GNorm = 0.2035, lr_0 = 7.7888e-04
Loss = 3.0314e-02, PNorm = 91.3180, GNorm = 0.1662, lr_0 = 7.7808e-04
Loss = 4.2242e-02, PNorm = 91.3288, GNorm = 0.1263, lr_0 = 7.7729e-04
Loss = 2.3280e-02, PNorm = 91.3438, GNorm = 0.1327, lr_0 = 7.7649e-04
Loss = 8.3745e-02, PNorm = 91.3430, GNorm = 0.1788, lr_0 = 7.7569e-04
Loss = 6.6642e-02, PNorm = 91.3504, GNorm = 1.5031, lr_0 = 7.7489e-04
Loss = 6.7514e-02, PNorm = 91.3621, GNorm = 0.2964, lr_0 = 7.7410e-04
Loss = 7.0522e-02, PNorm = 91.3758, GNorm = 0.4109, lr_0 = 7.7330e-04
Loss = 5.6545e-02, PNorm = 91.3994, GNorm = 0.7242, lr_0 = 7.7251e-04
Loss = 6.3399e-02, PNorm = 91.4078, GNorm = 0.2975, lr_0 = 7.7171e-04
Loss = 7.3125e-02, PNorm = 91.4196, GNorm = 0.4866, lr_0 = 7.7092e-04
Loss = 5.8526e-02, PNorm = 91.4343, GNorm = 0.2773, lr_0 = 7.7013e-04
Loss = 5.2235e-02, PNorm = 91.4475, GNorm = 0.2200, lr_0 = 7.6934e-04
Loss = 5.3252e-02, PNorm = 91.4556, GNorm = 0.6348, lr_0 = 7.6855e-04
Loss = 1.0118e-01, PNorm = 91.4541, GNorm = 0.4544, lr_0 = 7.6776e-04
Loss = 3.8653e-02, PNorm = 91.4761, GNorm = 0.6725, lr_0 = 7.6697e-04
Loss = 7.8202e-02, PNorm = 91.4838, GNorm = 0.1989, lr_0 = 7.6618e-04
Loss = 4.7497e-02, PNorm = 91.4900, GNorm = 1.1691, lr_0 = 7.6539e-04
Loss = 6.2419e-02, PNorm = 91.4922, GNorm = 0.3135, lr_0 = 7.6461e-04
Loss = 4.3727e-02, PNorm = 91.5070, GNorm = 0.1730, lr_0 = 7.6382e-04
Loss = 5.9702e-03, PNorm = 91.5364, GNorm = 0.0805, lr_0 = 7.6304e-04
Loss = 5.5453e-02, PNorm = 91.5416, GNorm = 0.7363, lr_0 = 7.6225e-04
Loss = 7.1935e-02, PNorm = 91.5326, GNorm = 0.6891, lr_0 = 7.6147e-04
Loss = 4.2333e-02, PNorm = 91.5435, GNorm = 0.3353, lr_0 = 7.6069e-04
Loss = 3.8818e-02, PNorm = 91.5643, GNorm = 0.1191, lr_0 = 7.5990e-04
Loss = 7.6998e-02, PNorm = 91.5672, GNorm = 0.2166, lr_0 = 7.5912e-04
Loss = 4.7089e-02, PNorm = 91.5723, GNorm = 0.7469, lr_0 = 7.5834e-04
Loss = 4.1128e-02, PNorm = 91.5858, GNorm = 0.5885, lr_0 = 7.5756e-04
Loss = 5.0755e-02, PNorm = 91.5971, GNorm = 0.9968, lr_0 = 7.5679e-04
Loss = 4.8865e-02, PNorm = 91.5994, GNorm = 0.3985, lr_0 = 7.5601e-04
Loss = 5.6982e-02, PNorm = 91.6053, GNorm = 0.4927, lr_0 = 7.5523e-04
Loss = 4.1768e-02, PNorm = 91.6136, GNorm = 0.2266, lr_0 = 7.5446e-04
Loss = 5.8473e-02, PNorm = 91.6217, GNorm = 0.2275, lr_0 = 7.5368e-04
Loss = 1.0081e-01, PNorm = 91.6213, GNorm = 0.5087, lr_0 = 7.5291e-04
Loss = 4.6089e-02, PNorm = 91.6393, GNorm = 0.3588, lr_0 = 7.5213e-04
Loss = 5.4936e-02, PNorm = 91.6584, GNorm = 0.1685, lr_0 = 7.5136e-04
Loss = 7.9415e-02, PNorm = 91.6608, GNorm = 0.2595, lr_0 = 7.5059e-04
Loss = 7.3055e-02, PNorm = 91.6671, GNorm = 0.4450, lr_0 = 7.4982e-04
Loss = 4.9935e-02, PNorm = 91.6871, GNorm = 0.2248, lr_0 = 7.4905e-04
Loss = 8.6353e-02, PNorm = 91.6941, GNorm = 0.4970, lr_0 = 7.4828e-04
Loss = 5.9780e-02, PNorm = 91.7016, GNorm = 0.4905, lr_0 = 7.4751e-04
Loss = 4.5745e-02, PNorm = 91.7228, GNorm = 0.2912, lr_0 = 7.4674e-04
Loss = 4.9903e-02, PNorm = 91.7436, GNorm = 0.1848, lr_0 = 7.4597e-04
Loss = 5.6153e-02, PNorm = 91.7535, GNorm = 0.3525, lr_0 = 7.4521e-04
Loss = 7.6536e-03, PNorm = 91.7748, GNorm = 0.1054, lr_0 = 7.4444e-04
Loss = 3.1227e-02, PNorm = 91.7854, GNorm = 0.0819, lr_0 = 7.4368e-04
Loss = 9.7209e-02, PNorm = 91.7782, GNorm = 1.3829, lr_0 = 7.4291e-04
Loss = 7.8651e-02, PNorm = 91.7674, GNorm = 0.6422, lr_0 = 7.4215e-04
Loss = 4.6509e-02, PNorm = 91.7902, GNorm = 1.0302, lr_0 = 7.4139e-04
Loss = 9.8268e-02, PNorm = 91.7887, GNorm = 0.2733, lr_0 = 7.4062e-04
Loss = 3.1867e-02, PNorm = 91.7982, GNorm = 0.2746, lr_0 = 7.3986e-04
Loss = 7.2554e-02, PNorm = 91.8048, GNorm = 0.3213, lr_0 = 7.3910e-04
Loss = 1.8770e-02, PNorm = 91.8302, GNorm = 0.1114, lr_0 = 7.3834e-04
Loss = 6.4489e-02, PNorm = 91.8382, GNorm = 0.0803, lr_0 = 7.3759e-04
Loss = 7.4904e-02, PNorm = 91.8256, GNorm = 0.4744, lr_0 = 7.3683e-04
Loss = 5.5372e-02, PNorm = 91.8369, GNorm = 0.5067, lr_0 = 7.3607e-04
Loss = 6.4629e-02, PNorm = 91.8503, GNorm = 0.7066, lr_0 = 7.3531e-04
Loss = 3.2667e-02, PNorm = 91.8670, GNorm = 0.7603, lr_0 = 7.3456e-04
Loss = 5.8586e-02, PNorm = 91.8700, GNorm = 0.4335, lr_0 = 7.3380e-04
Loss = 9.1810e-02, PNorm = 91.8663, GNorm = 0.4720, lr_0 = 7.3305e-04
Loss = 3.6348e-02, PNorm = 91.8829, GNorm = 0.3222, lr_0 = 7.3230e-04
Loss = 6.5664e-02, PNorm = 91.8987, GNorm = 0.1748, lr_0 = 7.3155e-04
Loss = 5.7990e-02, PNorm = 91.9056, GNorm = 0.2965, lr_0 = 7.3079e-04
Loss = 2.7729e-02, PNorm = 91.9194, GNorm = 0.1888, lr_0 = 7.3004e-04
Loss = 5.1039e-02, PNorm = 91.9277, GNorm = 0.1825, lr_0 = 7.2929e-04
Loss = 2.2979e-02, PNorm = 91.9386, GNorm = 0.1247, lr_0 = 7.2854e-04
Loss = 7.8492e-02, PNorm = 91.9386, GNorm = 0.7081, lr_0 = 7.2779e-04
Loss = 5.4062e-02, PNorm = 91.9426, GNorm = 0.3758, lr_0 = 7.2705e-04
Loss = 8.0557e-02, PNorm = 91.9563, GNorm = 0.3579, lr_0 = 7.2630e-04
Loss = 4.9049e-02, PNorm = 91.9727, GNorm = 0.3128, lr_0 = 7.2555e-04
Loss = 7.0819e-02, PNorm = 91.9870, GNorm = 0.4386, lr_0 = 7.2481e-04
Loss = 5.0639e-02, PNorm = 91.9941, GNorm = 0.2891, lr_0 = 7.2406e-04
Loss = 3.9527e-02, PNorm = 92.0079, GNorm = 0.2398, lr_0 = 7.2332e-04
Loss = 4.2745e-02, PNorm = 92.0188, GNorm = 0.1495, lr_0 = 7.2258e-04
Loss = 5.6385e-02, PNorm = 92.0244, GNorm = 0.1909, lr_0 = 7.2183e-04
Loss = 5.2680e-02, PNorm = 92.0323, GNorm = 0.2961, lr_0 = 7.2109e-04
Loss = 3.9093e-02, PNorm = 92.0443, GNorm = 0.2647, lr_0 = 7.2035e-04
Loss = 3.8844e-02, PNorm = 92.0618, GNorm = 0.7853, lr_0 = 7.1961e-04
Validation auc = 0.571442
Epoch 6
Loss = 4.8470e-02, PNorm = 92.0584, GNorm = 0.2280, lr_0 = 7.1887e-04
Loss = 5.4361e-02, PNorm = 92.0663, GNorm = 0.2288, lr_0 = 7.1813e-04
Loss = 6.2442e-02, PNorm = 92.0669, GNorm = 0.4059, lr_0 = 7.1740e-04
Loss = 2.9993e-02, PNorm = 92.0886, GNorm = 0.1899, lr_0 = 7.1666e-04
Loss = 9.8855e-02, PNorm = 92.0936, GNorm = 0.2162, lr_0 = 7.1592e-04
Loss = 5.0291e-02, PNorm = 92.1045, GNorm = 0.5752, lr_0 = 7.1519e-04
Loss = 3.9555e-02, PNorm = 92.1224, GNorm = 0.2233, lr_0 = 7.1445e-04
Loss = 8.2873e-02, PNorm = 92.1284, GNorm = 0.5762, lr_0 = 7.1372e-04
Loss = 4.2736e-02, PNorm = 92.1330, GNorm = 0.3644, lr_0 = 7.1298e-04
Loss = 4.1633e-02, PNorm = 92.1523, GNorm = 0.8201, lr_0 = 7.1225e-04
Loss = 5.2469e-02, PNorm = 92.1628, GNorm = 0.8557, lr_0 = 7.1152e-04
Loss = 2.8649e-02, PNorm = 92.1605, GNorm = 0.2413, lr_0 = 7.1079e-04
Loss = 6.1200e-02, PNorm = 92.1669, GNorm = 0.4268, lr_0 = 7.1006e-04
Loss = 5.9418e-02, PNorm = 92.1779, GNorm = 0.3032, lr_0 = 7.0933e-04
Loss = 6.0479e-02, PNorm = 92.1902, GNorm = 0.6429, lr_0 = 7.0860e-04
Loss = 5.4303e-02, PNorm = 92.1974, GNorm = 0.3799, lr_0 = 7.0787e-04
Loss = 1.0182e-01, PNorm = 92.2047, GNorm = 1.7609, lr_0 = 7.0715e-04
Loss = 8.0146e-02, PNorm = 92.2112, GNorm = 0.7193, lr_0 = 7.0642e-04
Loss = 5.4856e-02, PNorm = 92.2358, GNorm = 0.2464, lr_0 = 7.0569e-04
Loss = 3.1437e-02, PNorm = 92.2585, GNorm = 0.1037, lr_0 = 7.0497e-04
Loss = 3.1633e-02, PNorm = 92.2658, GNorm = 0.0862, lr_0 = 7.0424e-04
Loss = 4.8639e-02, PNorm = 92.2633, GNorm = 0.4543, lr_0 = 7.0352e-04
Loss = 4.3378e-02, PNorm = 92.2659, GNorm = 0.6255, lr_0 = 7.0280e-04
Loss = 2.9907e-02, PNorm = 92.2758, GNorm = 0.1611, lr_0 = 7.0208e-04
Loss = 2.7201e-02, PNorm = 92.2876, GNorm = 0.1394, lr_0 = 7.0135e-04
Loss = 4.0615e-02, PNorm = 92.2942, GNorm = 0.1481, lr_0 = 7.0063e-04
Loss = 4.1099e-02, PNorm = 92.2977, GNorm = 0.1927, lr_0 = 6.9991e-04
Loss = 3.7703e-02, PNorm = 92.3031, GNorm = 0.2192, lr_0 = 6.9919e-04
Loss = 4.6791e-02, PNorm = 92.3120, GNorm = 0.1908, lr_0 = 6.9848e-04
Loss = 1.0414e-01, PNorm = 92.3082, GNorm = 0.3330, lr_0 = 6.9776e-04
Loss = 5.0214e-02, PNorm = 92.3198, GNorm = 0.4134, lr_0 = 6.9704e-04
Loss = 4.5372e-02, PNorm = 92.3408, GNorm = 0.6621, lr_0 = 6.9633e-04
Loss = 4.3919e-02, PNorm = 92.3476, GNorm = 0.1650, lr_0 = 6.9561e-04
Loss = 6.0552e-02, PNorm = 92.3509, GNorm = 1.1524, lr_0 = 6.9490e-04
Loss = 8.2345e-02, PNorm = 92.3498, GNorm = 0.4686, lr_0 = 6.9418e-04
Loss = 5.7832e-02, PNorm = 92.3677, GNorm = 0.3363, lr_0 = 6.9347e-04
Loss = 3.8350e-02, PNorm = 92.3875, GNorm = 0.1861, lr_0 = 6.9276e-04
Loss = 2.5379e-02, PNorm = 92.4017, GNorm = 0.6757, lr_0 = 6.9204e-04
Loss = 8.4495e-02, PNorm = 92.3970, GNorm = 0.2757, lr_0 = 6.9133e-04
Loss = 6.7526e-02, PNorm = 92.3997, GNorm = 0.4829, lr_0 = 6.9062e-04
Loss = 6.2741e-02, PNorm = 92.4172, GNorm = 0.4074, lr_0 = 6.8991e-04
Loss = 6.0969e-02, PNorm = 92.4267, GNorm = 0.2633, lr_0 = 6.8920e-04
Loss = 6.3690e-02, PNorm = 92.4370, GNorm = 0.3042, lr_0 = 6.8850e-04
Loss = 6.4998e-02, PNorm = 92.4474, GNorm = 0.2351, lr_0 = 6.8779e-04
Loss = 2.5737e-02, PNorm = 92.4566, GNorm = 0.1722, lr_0 = 6.8708e-04
Loss = 6.4019e-02, PNorm = 92.4616, GNorm = 0.5962, lr_0 = 6.8638e-04
Loss = 4.7704e-02, PNorm = 92.4609, GNorm = 0.5522, lr_0 = 6.8567e-04
Loss = 8.1311e-02, PNorm = 92.4628, GNorm = 0.9315, lr_0 = 6.8497e-04
Loss = 3.3011e-02, PNorm = 92.4769, GNorm = 0.2136, lr_0 = 6.8426e-04
Loss = 6.1301e-02, PNorm = 92.4876, GNorm = 1.6680, lr_0 = 6.8356e-04
Loss = 6.3787e-02, PNorm = 92.4872, GNorm = 0.2808, lr_0 = 6.8286e-04
Loss = 4.4782e-02, PNorm = 92.4997, GNorm = 0.3427, lr_0 = 6.8216e-04
Loss = 4.1032e-02, PNorm = 92.5236, GNorm = 0.8573, lr_0 = 6.8146e-04
Loss = 5.7273e-02, PNorm = 92.5200, GNorm = 0.1824, lr_0 = 6.8076e-04
Loss = 6.8820e-02, PNorm = 92.5197, GNorm = 0.4537, lr_0 = 6.8006e-04
Loss = 5.7513e-02, PNorm = 92.5325, GNorm = 0.5922, lr_0 = 6.7936e-04
Loss = 9.0843e-02, PNorm = 92.5387, GNorm = 0.3692, lr_0 = 6.7866e-04
Loss = 5.5163e-02, PNorm = 92.5539, GNorm = 0.3891, lr_0 = 6.7796e-04
Loss = 9.3909e-02, PNorm = 92.5663, GNorm = 0.3069, lr_0 = 6.7727e-04
Loss = 5.4987e-02, PNorm = 92.5773, GNorm = 0.9239, lr_0 = 6.7657e-04
Loss = 3.4471e-02, PNorm = 92.5971, GNorm = 0.2241, lr_0 = 6.7587e-04
Loss = 5.7902e-02, PNorm = 92.6121, GNorm = 0.5709, lr_0 = 6.7518e-04
Loss = 7.5246e-02, PNorm = 92.6073, GNorm = 0.4139, lr_0 = 6.7449e-04
Loss = 7.9320e-02, PNorm = 92.6103, GNorm = 0.3512, lr_0 = 6.7379e-04
Loss = 5.7410e-02, PNorm = 92.6241, GNorm = 0.3110, lr_0 = 6.7310e-04
Loss = 5.2516e-02, PNorm = 92.6374, GNorm = 0.6787, lr_0 = 6.7241e-04
Loss = 6.0335e-02, PNorm = 92.6377, GNorm = 0.2910, lr_0 = 6.7172e-04
Loss = 5.0009e-02, PNorm = 92.6493, GNorm = 0.2878, lr_0 = 6.7103e-04
Loss = 5.6438e-02, PNorm = 92.6633, GNorm = 0.7407, lr_0 = 6.7034e-04
Loss = 9.0259e-02, PNorm = 92.6678, GNorm = 0.9035, lr_0 = 6.6965e-04
Loss = 5.6096e-02, PNorm = 92.6817, GNorm = 0.3888, lr_0 = 6.6896e-04
Loss = 3.3080e-02, PNorm = 92.7026, GNorm = 0.1939, lr_0 = 6.6828e-04
Loss = 4.0492e-03, PNorm = 92.7361, GNorm = 0.0284, lr_0 = 6.6759e-04
Loss = 8.6885e-02, PNorm = 92.7338, GNorm = 0.0560, lr_0 = 6.6690e-04
Loss = 4.3304e-02, PNorm = 92.7270, GNorm = 0.2522, lr_0 = 6.6622e-04
Loss = 1.8666e-02, PNorm = 92.7457, GNorm = 0.2065, lr_0 = 6.6553e-04
Loss = 5.8567e-02, PNorm = 92.7610, GNorm = 0.1129, lr_0 = 6.6485e-04
Loss = 3.5470e-02, PNorm = 92.7679, GNorm = 0.2535, lr_0 = 6.6417e-04
Loss = 3.1341e-02, PNorm = 92.7847, GNorm = 0.6852, lr_0 = 6.6348e-04
Loss = 6.7673e-02, PNorm = 92.7907, GNorm = 0.5863, lr_0 = 6.6280e-04
Validation auc = 0.608336
Epoch 7
Loss = 4.9640e-02, PNorm = 92.7969, GNorm = 0.3501, lr_0 = 6.6212e-04
Loss = 1.9024e-02, PNorm = 92.8292, GNorm = 0.1326, lr_0 = 6.6144e-04
Loss = 1.0281e-01, PNorm = 92.8365, GNorm = 0.2110, lr_0 = 6.6076e-04
Loss = 4.0085e-02, PNorm = 92.8566, GNorm = 0.4019, lr_0 = 6.6008e-04
Loss = 1.0321e-01, PNorm = 92.8857, GNorm = 1.4033, lr_0 = 6.5940e-04
Loss = 5.0899e-02, PNorm = 92.9072, GNorm = 0.4070, lr_0 = 6.5873e-04
Loss = 5.3765e-02, PNorm = 92.9357, GNorm = 0.2861, lr_0 = 6.5805e-04
Loss = 7.0798e-02, PNorm = 92.9492, GNorm = 0.3279, lr_0 = 6.5737e-04
Loss = 6.8242e-02, PNorm = 92.9739, GNorm = 0.6289, lr_0 = 6.5670e-04
Loss = 4.9112e-02, PNorm = 92.9895, GNorm = 0.2757, lr_0 = 6.5602e-04
Loss = 1.4113e-01, PNorm = 92.9873, GNorm = 0.4275, lr_0 = 6.5535e-04
Loss = 6.7287e-02, PNorm = 93.0140, GNorm = 0.4566, lr_0 = 6.5468e-04
Loss = 9.3911e-03, PNorm = 93.0582, GNorm = 0.0695, lr_0 = 6.5400e-04
Loss = 3.0670e-02, PNorm = 93.0835, GNorm = 0.9697, lr_0 = 6.5333e-04
Loss = 9.3067e-02, PNorm = 93.0555, GNorm = 0.1797, lr_0 = 6.5266e-04
Loss = 3.1699e-02, PNorm = 93.0622, GNorm = 0.2832, lr_0 = 6.5199e-04
Loss = 6.1495e-02, PNorm = 93.0799, GNorm = 1.1731, lr_0 = 6.5132e-04
Loss = 5.6054e-02, PNorm = 93.0828, GNorm = 0.4240, lr_0 = 6.5065e-04
Loss = 5.6738e-02, PNorm = 93.0962, GNorm = 1.1937, lr_0 = 6.4998e-04
Loss = 2.7225e-02, PNorm = 93.1154, GNorm = 0.2010, lr_0 = 6.4931e-04
Loss = 6.4983e-02, PNorm = 93.1307, GNorm = 0.5089, lr_0 = 6.4865e-04
Loss = 3.6012e-02, PNorm = 93.1458, GNorm = 0.4055, lr_0 = 6.4798e-04
Loss = 6.6996e-02, PNorm = 93.1658, GNorm = 0.4343, lr_0 = 6.4732e-04
Loss = 7.4712e-02, PNorm = 93.1836, GNorm = 0.2748, lr_0 = 6.4665e-04
Loss = 6.0095e-02, PNorm = 93.2195, GNorm = 0.3556, lr_0 = 6.4599e-04
Loss = 6.3211e-02, PNorm = 93.2582, GNorm = 0.6549, lr_0 = 6.4532e-04
Loss = 5.7630e-02, PNorm = 93.2800, GNorm = 0.5134, lr_0 = 6.4466e-04
Loss = 4.5237e-02, PNorm = 93.3115, GNorm = 0.9027, lr_0 = 6.4400e-04
Loss = 5.5184e-02, PNorm = 93.3381, GNorm = 0.3635, lr_0 = 6.4334e-04
Loss = 5.4247e-02, PNorm = 93.3664, GNorm = 0.1799, lr_0 = 6.4267e-04
Loss = 4.5187e-02, PNorm = 93.3829, GNorm = 1.2611, lr_0 = 6.4201e-04
Loss = 5.2454e-02, PNorm = 93.3889, GNorm = 0.2656, lr_0 = 6.4135e-04
Loss = 3.4984e-02, PNorm = 93.4041, GNorm = 0.2247, lr_0 = 6.4070e-04
Loss = 3.1211e-02, PNorm = 93.4261, GNorm = 0.1686, lr_0 = 6.4004e-04
Loss = 8.2401e-02, PNorm = 93.4342, GNorm = 0.2770, lr_0 = 6.3938e-04
Loss = 2.2247e-02, PNorm = 93.4546, GNorm = 0.2497, lr_0 = 6.3872e-04
Loss = 5.6158e-02, PNorm = 93.4736, GNorm = 0.4646, lr_0 = 6.3807e-04
Loss = 9.9836e-02, PNorm = 93.4735, GNorm = 1.9172, lr_0 = 6.3741e-04
Loss = 6.3380e-02, PNorm = 93.4786, GNorm = 0.6086, lr_0 = 6.3676e-04
Loss = 5.7482e-02, PNorm = 93.5035, GNorm = 0.2755, lr_0 = 6.3610e-04
Loss = 3.6640e-02, PNorm = 93.5300, GNorm = 0.0704, lr_0 = 6.3545e-04
Loss = 4.4637e-02, PNorm = 93.5341, GNorm = 1.0438, lr_0 = 6.3480e-04
Loss = 3.8967e-02, PNorm = 93.5369, GNorm = 0.2023, lr_0 = 6.3414e-04
Loss = 4.0781e-02, PNorm = 93.5488, GNorm = 0.6116, lr_0 = 6.3349e-04
Loss = 2.6542e-02, PNorm = 93.5633, GNorm = 0.1702, lr_0 = 6.3284e-04
Loss = 5.3450e-02, PNorm = 93.5691, GNorm = 0.1658, lr_0 = 6.3219e-04
Loss = 5.4327e-02, PNorm = 93.5756, GNorm = 0.3026, lr_0 = 6.3154e-04
Loss = 2.4884e-02, PNorm = 93.5905, GNorm = 0.1937, lr_0 = 6.3089e-04
Loss = 5.4105e-02, PNorm = 93.6025, GNorm = 0.1718, lr_0 = 6.3024e-04
Loss = 3.1879e-02, PNorm = 93.6176, GNorm = 0.1412, lr_0 = 6.2960e-04
Loss = 6.2332e-02, PNorm = 93.6287, GNorm = 0.4874, lr_0 = 6.2895e-04
Loss = 4.4581e-02, PNorm = 93.6467, GNorm = 0.2703, lr_0 = 6.2830e-04
Loss = 4.5652e-02, PNorm = 93.6662, GNorm = 0.2791, lr_0 = 6.2766e-04
Loss = 2.4775e-02, PNorm = 93.7044, GNorm = 0.1095, lr_0 = 6.2701e-04
Loss = 6.8761e-04, PNorm = 93.7534, GNorm = 0.0000, lr_0 = 6.2637e-04
Loss = 7.2854e-01, PNorm = 94.2148, GNorm = 2.1018, lr_0 = 6.2573e-04
Loss = 5.8674e-02, PNorm = 94.8508, GNorm = 3.3563, lr_0 = 6.2508e-04
Loss = 2.6825e-02, PNorm = 95.2241, GNorm = 0.0974, lr_0 = 6.2444e-04
Loss = 6.1128e-02, PNorm = 95.4046, GNorm = 0.3345, lr_0 = 6.2380e-04
Loss = 8.2299e-02, PNorm = 95.5049, GNorm = 0.5798, lr_0 = 6.2316e-04
Loss = 7.2113e-02, PNorm = 95.5745, GNorm = 0.6174, lr_0 = 6.2252e-04
Loss = 5.2547e-02, PNorm = 95.6169, GNorm = 0.9561, lr_0 = 6.2188e-04
Loss = 8.7612e-02, PNorm = 95.6363, GNorm = 0.4980, lr_0 = 6.2124e-04
Loss = 4.2113e-02, PNorm = 95.6581, GNorm = 0.3545, lr_0 = 6.2060e-04
Loss = 7.2100e-02, PNorm = 95.6709, GNorm = 0.3813, lr_0 = 6.1996e-04
Loss = 4.1340e-02, PNorm = 95.6898, GNorm = 0.8624, lr_0 = 6.1933e-04
Loss = 4.8677e-02, PNorm = 95.6978, GNorm = 0.3225, lr_0 = 6.1869e-04
Loss = 7.5345e-02, PNorm = 95.7049, GNorm = 0.7192, lr_0 = 6.1805e-04
Loss = 4.9897e-02, PNorm = 95.7159, GNorm = 0.8005, lr_0 = 6.1742e-04
Loss = 7.4831e-02, PNorm = 95.7244, GNorm = 0.5618, lr_0 = 6.1679e-04
Loss = 5.7040e-02, PNorm = 95.7411, GNorm = 0.3012, lr_0 = 6.1615e-04
Loss = 5.7316e-02, PNorm = 95.7494, GNorm = 0.4319, lr_0 = 6.1552e-04
Loss = 7.4860e-02, PNorm = 95.7595, GNorm = 0.4777, lr_0 = 6.1489e-04
Loss = 6.8040e-02, PNorm = 95.7739, GNorm = 0.4855, lr_0 = 6.1425e-04
Loss = 5.2400e-02, PNorm = 95.7933, GNorm = 0.3016, lr_0 = 6.1362e-04
Loss = 5.3204e-02, PNorm = 95.8033, GNorm = 0.7270, lr_0 = 6.1299e-04
Loss = 1.8396e-02, PNorm = 95.8159, GNorm = 0.2541, lr_0 = 6.1236e-04
Loss = 9.0162e-02, PNorm = 95.8255, GNorm = 1.4336, lr_0 = 6.1173e-04
Loss = 5.9955e-02, PNorm = 95.8320, GNorm = 0.6929, lr_0 = 6.1111e-04
Loss = 5.8578e-02, PNorm = 95.8538, GNorm = 0.3890, lr_0 = 6.1048e-04
Validation auc = 0.532993
Epoch 8
Loss = 6.8292e-02, PNorm = 95.8675, GNorm = 0.5419, lr_0 = 6.0985e-04
Loss = 3.0251e-02, PNorm = 95.8773, GNorm = 0.3485, lr_0 = 6.0922e-04
Loss = 3.1477e-02, PNorm = 95.8954, GNorm = 1.1211, lr_0 = 6.0860e-04
Loss = 6.2529e-02, PNorm = 95.8932, GNorm = 0.7225, lr_0 = 6.0797e-04
Loss = 7.3001e-03, PNorm = 95.9054, GNorm = 0.1825, lr_0 = 6.0735e-04
Loss = 1.0247e-01, PNorm = 95.9101, GNorm = 0.7861, lr_0 = 6.0672e-04
Loss = 3.6145e-02, PNorm = 95.9129, GNorm = 0.5699, lr_0 = 6.0610e-04
Loss = 5.8518e-02, PNorm = 95.9315, GNorm = 0.5886, lr_0 = 6.0548e-04
Loss = 1.6121e-02, PNorm = 95.9576, GNorm = 0.1544, lr_0 = 6.0486e-04
Loss = 1.3027e-01, PNorm = 95.9568, GNorm = 0.6102, lr_0 = 6.0423e-04
Loss = 3.6221e-02, PNorm = 95.9797, GNorm = 0.5145, lr_0 = 6.0361e-04
Loss = 4.9510e-02, PNorm = 96.0052, GNorm = 0.2559, lr_0 = 6.0299e-04
Loss = 5.9377e-02, PNorm = 96.0147, GNorm = 0.2574, lr_0 = 6.0237e-04
Loss = 6.2953e-02, PNorm = 96.0171, GNorm = 0.3086, lr_0 = 6.0175e-04
Loss = 4.4404e-02, PNorm = 96.0244, GNorm = 0.3034, lr_0 = 6.0114e-04
Loss = 3.8397e-02, PNorm = 96.0364, GNorm = 0.2795, lr_0 = 6.0052e-04
Loss = 7.9224e-02, PNorm = 96.0448, GNorm = 0.3080, lr_0 = 5.9990e-04
Loss = 4.1691e-02, PNorm = 96.0564, GNorm = 0.3203, lr_0 = 5.9929e-04
Loss = 3.9099e-02, PNorm = 96.0721, GNorm = 0.6489, lr_0 = 5.9867e-04
Loss = 7.3785e-02, PNorm = 96.0741, GNorm = 0.5643, lr_0 = 5.9805e-04
Loss = 9.3289e-02, PNorm = 96.0830, GNorm = 0.6502, lr_0 = 5.9744e-04
Loss = 5.2375e-02, PNorm = 96.1170, GNorm = 0.5506, lr_0 = 5.9683e-04
Loss = 4.9649e-02, PNorm = 96.1495, GNorm = 0.2675, lr_0 = 5.9621e-04
Loss = 7.3339e-02, PNorm = 96.1783, GNorm = 0.9642, lr_0 = 5.9560e-04
Loss = 2.2922e-02, PNorm = 96.2286, GNorm = 0.2390, lr_0 = 5.9499e-04
Loss = 2.6473e-02, PNorm = 96.2902, GNorm = 0.1457, lr_0 = 5.9438e-04
Loss = 3.4872e-02, PNorm = 96.3285, GNorm = 0.2294, lr_0 = 5.9377e-04
Loss = 4.8540e-02, PNorm = 96.3700, GNorm = 0.8384, lr_0 = 5.9316e-04
Loss = 5.7151e-02, PNorm = 96.3915, GNorm = 0.8647, lr_0 = 5.9255e-04
Loss = 4.2400e-02, PNorm = 96.4111, GNorm = 0.3701, lr_0 = 5.9194e-04
Loss = 1.0451e-01, PNorm = 96.4320, GNorm = 1.1965, lr_0 = 5.9133e-04
Loss = 8.1868e-02, PNorm = 96.4523, GNorm = 0.7409, lr_0 = 5.9072e-04
Loss = 3.4380e-02, PNorm = 96.4946, GNorm = 0.3591, lr_0 = 5.9012e-04
Loss = 7.2237e-02, PNorm = 96.5210, GNorm = 0.9956, lr_0 = 5.8951e-04
Loss = 8.3018e-02, PNorm = 96.5261, GNorm = 0.5570, lr_0 = 5.8890e-04
Loss = 5.7709e-02, PNorm = 96.5450, GNorm = 0.5245, lr_0 = 5.8830e-04
Loss = 8.5288e-02, PNorm = 96.5667, GNorm = 1.3788, lr_0 = 5.8769e-04
Loss = 5.2068e-02, PNorm = 96.5825, GNorm = 0.6992, lr_0 = 5.8709e-04
Loss = 1.8742e-02, PNorm = 96.6105, GNorm = 0.2765, lr_0 = 5.8649e-04
Loss = 8.4004e-02, PNorm = 96.6273, GNorm = 0.7730, lr_0 = 5.8589e-04
Loss = 6.2308e-02, PNorm = 96.6405, GNorm = 0.4195, lr_0 = 5.8528e-04
Loss = 7.3817e-02, PNorm = 96.6627, GNorm = 0.3894, lr_0 = 5.8468e-04
Loss = 5.2193e-02, PNorm = 96.6945, GNorm = 0.3631, lr_0 = 5.8408e-04
Loss = 4.3955e-02, PNorm = 96.7187, GNorm = 0.2992, lr_0 = 5.8348e-04
Loss = 5.6033e-02, PNorm = 96.7405, GNorm = 0.3205, lr_0 = 5.8288e-04
Loss = 8.4184e-02, PNorm = 96.7586, GNorm = 1.2639, lr_0 = 5.8228e-04
Loss = 5.1052e-02, PNorm = 96.7776, GNorm = 0.4779, lr_0 = 5.8168e-04
Loss = 5.7918e-02, PNorm = 96.7945, GNorm = 0.4519, lr_0 = 5.8109e-04
Loss = 4.9068e-02, PNorm = 96.8148, GNorm = 0.9263, lr_0 = 5.8049e-04
Loss = 2.8465e-02, PNorm = 96.8301, GNorm = 0.1653, lr_0 = 5.7989e-04
Loss = 7.8798e-02, PNorm = 96.8353, GNorm = 0.6364, lr_0 = 5.7930e-04
Loss = 8.4279e-02, PNorm = 96.8352, GNorm = 0.7101, lr_0 = 5.7870e-04
Loss = 7.6614e-02, PNorm = 96.8482, GNorm = 0.7389, lr_0 = 5.7811e-04
Loss = 4.0518e-02, PNorm = 96.8748, GNorm = 0.2773, lr_0 = 5.7751e-04
Loss = 7.7318e-02, PNorm = 96.8871, GNorm = 1.5989, lr_0 = 5.7692e-04
Loss = 2.8457e-02, PNorm = 96.8959, GNorm = 0.3319, lr_0 = 5.7633e-04
Loss = 3.6895e-02, PNorm = 96.9141, GNorm = 0.1942, lr_0 = 5.7574e-04
Loss = 6.7488e-02, PNorm = 96.9290, GNorm = 0.1974, lr_0 = 5.7514e-04
Loss = 4.8641e-02, PNorm = 96.9574, GNorm = 0.2209, lr_0 = 5.7455e-04
Loss = 6.2251e-02, PNorm = 96.9887, GNorm = 0.4124, lr_0 = 5.7396e-04
Loss = 5.5725e-02, PNorm = 97.0168, GNorm = 0.3470, lr_0 = 5.7337e-04
Loss = 3.9550e-02, PNorm = 97.0405, GNorm = 0.7358, lr_0 = 5.7278e-04
Loss = 4.6175e-02, PNorm = 97.0521, GNorm = 0.2153, lr_0 = 5.7220e-04
Loss = 5.6511e-02, PNorm = 97.0619, GNorm = 0.3183, lr_0 = 5.7161e-04
Loss = 4.9939e-02, PNorm = 97.0861, GNorm = 0.2310, lr_0 = 5.7102e-04
Loss = 4.6815e-02, PNorm = 97.1481, GNorm = 0.0367, lr_0 = 5.7043e-04
Loss = 8.5266e-01, PNorm = 97.3176, GNorm = 1.8883, lr_0 = 5.6985e-04
Loss = 1.0155e-01, PNorm = 97.7471, GNorm = 0.5771, lr_0 = 5.6926e-04
Loss = 8.3034e-02, PNorm = 97.9823, GNorm = 0.3328, lr_0 = 5.6868e-04
Loss = 6.3946e-02, PNorm = 98.0803, GNorm = 1.0912, lr_0 = 5.6809e-04
Loss = 5.5416e-02, PNorm = 98.1244, GNorm = 2.9746, lr_0 = 5.6751e-04
Loss = 5.2356e-02, PNorm = 98.1374, GNorm = 0.4318, lr_0 = 5.6693e-04
Loss = 2.9586e-02, PNorm = 98.1559, GNorm = 0.2990, lr_0 = 5.6634e-04
Loss = 7.9226e-02, PNorm = 98.1612, GNorm = 0.4029, lr_0 = 5.6576e-04
Loss = 4.0130e-02, PNorm = 98.1683, GNorm = 0.3996, lr_0 = 5.6518e-04
Loss = 3.9740e-02, PNorm = 98.1791, GNorm = 0.2360, lr_0 = 5.6460e-04
Loss = 8.1609e-02, PNorm = 98.1827, GNorm = 0.9160, lr_0 = 5.6402e-04
Loss = 6.8966e-02, PNorm = 98.1842, GNorm = 0.5602, lr_0 = 5.6344e-04
Loss = 4.1021e-02, PNorm = 98.1920, GNorm = 0.5707, lr_0 = 5.6286e-04
Loss = 3.6514e-02, PNorm = 98.2065, GNorm = 0.2522, lr_0 = 5.6228e-04
Validation auc = 0.520934
Epoch 9
Loss = 9.2807e-02, PNorm = 98.2086, GNorm = 0.8186, lr_0 = 5.6171e-04
Loss = 2.9397e-02, PNorm = 98.2162, GNorm = 0.3579, lr_0 = 5.6113e-04
Loss = 2.2438e-02, PNorm = 98.2355, GNorm = 1.2471, lr_0 = 5.6055e-04
Loss = 5.1769e-02, PNorm = 98.2401, GNorm = 1.2020, lr_0 = 5.5998e-04
Loss = 3.5310e-02, PNorm = 98.2410, GNorm = 0.2620, lr_0 = 5.5940e-04
Loss = 8.1417e-02, PNorm = 98.2445, GNorm = 0.8232, lr_0 = 5.5883e-04
Loss = 6.7629e-02, PNorm = 98.2470, GNorm = 0.7193, lr_0 = 5.5825e-04
Loss = 5.9697e-02, PNorm = 98.2597, GNorm = 0.4888, lr_0 = 5.5768e-04
Loss = 5.9909e-02, PNorm = 98.2751, GNorm = 0.3567, lr_0 = 5.5711e-04
Loss = 3.5256e-02, PNorm = 98.2890, GNorm = 0.3249, lr_0 = 5.5653e-04
Loss = 3.9237e-02, PNorm = 98.3001, GNorm = 0.2254, lr_0 = 5.5596e-04
Loss = 4.3328e-02, PNorm = 98.3059, GNorm = 0.2838, lr_0 = 5.5539e-04
Loss = 7.3815e-02, PNorm = 98.3104, GNorm = 0.5049, lr_0 = 5.5482e-04
Loss = 5.2911e-02, PNorm = 98.3192, GNorm = 0.6331, lr_0 = 5.5425e-04
Loss = 7.1233e-02, PNorm = 98.3310, GNorm = 0.4989, lr_0 = 5.5368e-04
Loss = 5.3858e-02, PNorm = 98.3472, GNorm = 0.5567, lr_0 = 5.5311e-04
Loss = 9.2428e-03, PNorm = 98.3779, GNorm = 0.2540, lr_0 = 5.5254e-04
Loss = 6.7024e-02, PNorm = 98.3981, GNorm = 1.1039, lr_0 = 5.5198e-04
Loss = 5.1304e-02, PNorm = 98.4100, GNorm = 2.7282, lr_0 = 5.5141e-04
Loss = 4.4789e-02, PNorm = 98.4151, GNorm = 2.0693, lr_0 = 5.5084e-04
Loss = 3.7951e-02, PNorm = 98.4186, GNorm = 0.3738, lr_0 = 5.5028e-04
Loss = 7.8219e-02, PNorm = 98.4271, GNorm = 0.3905, lr_0 = 5.4971e-04
Loss = 5.4035e-02, PNorm = 98.4414, GNorm = 0.3746, lr_0 = 5.4915e-04
Loss = 4.7630e-02, PNorm = 98.4469, GNorm = 0.6291, lr_0 = 5.4858e-04
Loss = 6.4550e-02, PNorm = 98.4541, GNorm = 0.7435, lr_0 = 5.4802e-04
Loss = 3.9320e-02, PNorm = 98.4634, GNorm = 0.3434, lr_0 = 5.4745e-04
Loss = 6.7455e-02, PNorm = 98.4771, GNorm = 1.5910, lr_0 = 5.4689e-04
Loss = 3.1072e-02, PNorm = 98.4929, GNorm = 0.5618, lr_0 = 5.4633e-04
Loss = 8.4525e-02, PNorm = 98.5044, GNorm = 0.8707, lr_0 = 5.4577e-04
Loss = 6.9243e-02, PNorm = 98.5204, GNorm = 0.5819, lr_0 = 5.4521e-04
Loss = 6.9780e-02, PNorm = 98.5580, GNorm = 0.4833, lr_0 = 5.4465e-04
Loss = 4.8323e-02, PNorm = 98.6046, GNorm = 0.4234, lr_0 = 5.4409e-04
Loss = 4.2172e-02, PNorm = 98.6472, GNorm = 0.2909, lr_0 = 5.4353e-04
Loss = 3.5961e-02, PNorm = 98.6853, GNorm = 0.1692, lr_0 = 5.4297e-04
Loss = 1.1228e-01, PNorm = 98.6993, GNorm = 0.5501, lr_0 = 5.4241e-04
Loss = 3.8307e-02, PNorm = 98.7423, GNorm = 0.3219, lr_0 = 5.4186e-04
Loss = 8.8467e-02, PNorm = 98.7615, GNorm = 0.9070, lr_0 = 5.4130e-04
Loss = 5.6633e-02, PNorm = 98.7720, GNorm = 0.3725, lr_0 = 5.4074e-04
Loss = 5.9227e-02, PNorm = 98.7807, GNorm = 0.4741, lr_0 = 5.4019e-04
Loss = 3.9694e-02, PNorm = 98.7912, GNorm = 0.3567, lr_0 = 5.3963e-04
Loss = 1.1673e-01, PNorm = 98.7942, GNorm = 1.4709, lr_0 = 5.3908e-04
Loss = 5.8862e-02, PNorm = 98.7968, GNorm = 0.6789, lr_0 = 5.3852e-04
Loss = 4.8921e-02, PNorm = 98.8123, GNorm = 0.5363, lr_0 = 5.3797e-04
Loss = 4.4208e-02, PNorm = 98.8263, GNorm = 0.2720, lr_0 = 5.3742e-04
Loss = 4.7324e-02, PNorm = 98.8382, GNorm = 0.2083, lr_0 = 5.3687e-04
Loss = 2.6755e-02, PNorm = 98.8508, GNorm = 0.6693, lr_0 = 5.3631e-04
Loss = 8.5907e-02, PNorm = 98.8478, GNorm = 1.0596, lr_0 = 5.3576e-04
Loss = 3.1902e-02, PNorm = 98.8498, GNorm = 0.4026, lr_0 = 5.3521e-04
Loss = 6.1022e-02, PNorm = 98.8571, GNorm = 0.3300, lr_0 = 5.3466e-04
Loss = 6.0961e-02, PNorm = 98.8592, GNorm = 0.8262, lr_0 = 5.3411e-04
Loss = 6.3415e-02, PNorm = 98.8615, GNorm = 0.4408, lr_0 = 5.3357e-04
Loss = 5.1918e-02, PNorm = 98.8686, GNorm = 0.4671, lr_0 = 5.3302e-04
Loss = 3.7812e-02, PNorm = 98.8811, GNorm = 0.7418, lr_0 = 5.3247e-04
Loss = 8.4832e-02, PNorm = 98.8857, GNorm = 0.7293, lr_0 = 5.3192e-04
Loss = 4.9788e-02, PNorm = 98.8895, GNorm = 0.6370, lr_0 = 5.3138e-04
Loss = 6.2172e-02, PNorm = 98.8944, GNorm = 0.5051, lr_0 = 5.3083e-04
Loss = 3.9011e-02, PNorm = 98.9055, GNorm = 0.2578, lr_0 = 5.3028e-04
Loss = 4.9175e-02, PNorm = 98.9143, GNorm = 0.8206, lr_0 = 5.2974e-04
Loss = 5.9803e-02, PNorm = 98.9172, GNorm = 0.2807, lr_0 = 5.2920e-04
Loss = 6.5673e-02, PNorm = 98.9195, GNorm = 0.5472, lr_0 = 5.2865e-04
Loss = 7.3984e-02, PNorm = 98.9204, GNorm = 0.6287, lr_0 = 5.2811e-04
Loss = 6.0306e-02, PNorm = 98.9305, GNorm = 0.4222, lr_0 = 5.2757e-04
Loss = 6.3094e-02, PNorm = 98.9435, GNorm = 0.6364, lr_0 = 5.2702e-04
Loss = 5.0845e-02, PNorm = 98.9516, GNorm = 0.3210, lr_0 = 5.2648e-04
Loss = 3.3733e-02, PNorm = 98.9618, GNorm = 0.2571, lr_0 = 5.2594e-04
Loss = 7.8497e-02, PNorm = 98.9659, GNorm = 0.6706, lr_0 = 5.2540e-04
Loss = 5.8057e-02, PNorm = 98.9705, GNorm = 0.4206, lr_0 = 5.2486e-04
Loss = 5.2697e-02, PNorm = 98.9835, GNorm = 2.1857, lr_0 = 5.2432e-04
Loss = 8.5125e-02, PNorm = 98.9827, GNorm = 0.8388, lr_0 = 5.2378e-04
Loss = 3.0514e-02, PNorm = 98.9875, GNorm = 0.3950, lr_0 = 5.2325e-04
Loss = 2.1954e-02, PNorm = 99.0024, GNorm = 0.2632, lr_0 = 5.2271e-04
Loss = 4.5571e-02, PNorm = 99.0109, GNorm = 0.2317, lr_0 = 5.2217e-04
Loss = 3.6258e-02, PNorm = 99.0173, GNorm = 0.1409, lr_0 = 5.2163e-04
Loss = 6.3803e-02, PNorm = 99.0168, GNorm = 0.2824, lr_0 = 5.2110e-04
Loss = 1.7031e-02, PNorm = 99.0198, GNorm = 0.2751, lr_0 = 5.2056e-04
Loss = 7.3283e-02, PNorm = 99.0211, GNorm = 0.2783, lr_0 = 5.2003e-04
Loss = 9.7855e-02, PNorm = 99.0156, GNorm = 0.6364, lr_0 = 5.1949e-04
Loss = 4.1276e-02, PNorm = 99.0231, GNorm = 0.4472, lr_0 = 5.1896e-04
Loss = 1.6259e-02, PNorm = 99.0377, GNorm = 0.1902, lr_0 = 5.1843e-04
Loss = 6.3939e-02, PNorm = 99.0424, GNorm = 0.1638, lr_0 = 5.1789e-04
Validation auc = 0.564433
Epoch 10
Loss = 6.5464e-02, PNorm = 99.0369, GNorm = 0.3298, lr_0 = 5.1736e-04
Loss = 5.3908e-02, PNorm = 99.0420, GNorm = 0.3306, lr_0 = 5.1683e-04
Loss = 9.5975e-02, PNorm = 99.0460, GNorm = 1.0246, lr_0 = 5.1630e-04
Loss = 5.4668e-02, PNorm = 99.0534, GNorm = 0.4492, lr_0 = 5.1577e-04
Loss = 5.7645e-02, PNorm = 99.0645, GNorm = 0.6004, lr_0 = 5.1524e-04
Loss = 6.2618e-02, PNorm = 99.0760, GNorm = 1.3232, lr_0 = 5.1471e-04
Loss = 7.2034e-02, PNorm = 99.0794, GNorm = 1.1715, lr_0 = 5.1418e-04
Loss = 2.9255e-02, PNorm = 99.0880, GNorm = 0.4002, lr_0 = 5.1365e-04
Loss = 5.7481e-02, PNorm = 99.0975, GNorm = 0.3024, lr_0 = 5.1313e-04
Loss = 2.5820e-02, PNorm = 99.1090, GNorm = 0.2198, lr_0 = 5.1260e-04
Loss = 3.0197e-02, PNorm = 99.1195, GNorm = 0.1973, lr_0 = 5.1207e-04
Loss = 6.2127e-02, PNorm = 99.1226, GNorm = 0.7143, lr_0 = 5.1155e-04
Loss = 6.1586e-02, PNorm = 99.1195, GNorm = 0.7736, lr_0 = 5.1102e-04
Loss = 6.1829e-02, PNorm = 99.1256, GNorm = 0.3753, lr_0 = 5.1049e-04
Loss = 3.6030e-02, PNorm = 99.1348, GNorm = 0.3639, lr_0 = 5.0997e-04
Loss = 4.7989e-02, PNorm = 99.1487, GNorm = 0.2672, lr_0 = 5.0945e-04
Loss = 3.9373e-02, PNorm = 99.1640, GNorm = 1.7000, lr_0 = 5.0892e-04
Loss = 2.8929e-02, PNorm = 99.1731, GNorm = 0.1522, lr_0 = 5.0840e-04
Loss = 4.1582e-02, PNorm = 99.1809, GNorm = 0.1968, lr_0 = 5.0788e-04
Loss = 5.4301e-02, PNorm = 99.1861, GNorm = 0.2722, lr_0 = 5.0736e-04
Loss = 5.5649e-02, PNorm = 99.1917, GNorm = 0.7516, lr_0 = 5.0683e-04
Loss = 3.8843e-02, PNorm = 99.1999, GNorm = 0.3156, lr_0 = 5.0631e-04
Loss = 3.9296e-02, PNorm = 99.2111, GNorm = 0.2239, lr_0 = 5.0579e-04
Loss = 1.5941e-02, PNorm = 99.2247, GNorm = 0.1856, lr_0 = 5.0527e-04
Loss = 3.9661e-02, PNorm = 99.2387, GNorm = 0.1858, lr_0 = 5.0475e-04
Loss = 4.5587e-02, PNorm = 99.2553, GNorm = 0.2000, lr_0 = 5.0424e-04
Loss = 5.1484e-02, PNorm = 99.2761, GNorm = 0.2837, lr_0 = 5.0372e-04
Loss = 4.1369e-02, PNorm = 99.3018, GNorm = 0.4230, lr_0 = 5.0320e-04
Loss = 3.8880e-02, PNorm = 99.3354, GNorm = 0.2751, lr_0 = 5.0268e-04
Loss = 8.2475e-02, PNorm = 99.3403, GNorm = 1.3979, lr_0 = 5.0217e-04
Loss = 7.6089e-02, PNorm = 99.3444, GNorm = 0.5053, lr_0 = 5.0165e-04
Loss = 5.7520e-02, PNorm = 99.3559, GNorm = 0.5096, lr_0 = 5.0114e-04
Loss = 5.6244e-02, PNorm = 99.3701, GNorm = 0.3724, lr_0 = 5.0062e-04
Loss = 8.1795e-02, PNorm = 99.3783, GNorm = 0.7096, lr_0 = 5.0011e-04
Loss = 7.9206e-02, PNorm = 99.3891, GNorm = 0.5054, lr_0 = 4.9959e-04
Loss = 1.8393e-02, PNorm = 99.3977, GNorm = 0.3573, lr_0 = 4.9908e-04
Loss = 7.7606e-02, PNorm = 99.4059, GNorm = 0.6878, lr_0 = 4.9857e-04
Loss = 6.6500e-02, PNorm = 99.4082, GNorm = 0.4454, lr_0 = 4.9805e-04
Loss = 2.1432e-02, PNorm = 99.4231, GNorm = 0.2672, lr_0 = 4.9754e-04
Loss = 3.7521e-02, PNorm = 99.4380, GNorm = 0.1897, lr_0 = 4.9703e-04
Loss = 1.4717e-02, PNorm = 99.4519, GNorm = 0.0890, lr_0 = 4.9652e-04
Loss = 1.5385e-02, PNorm = 99.4580, GNorm = 0.0874, lr_0 = 4.9601e-04
Loss = 7.3826e-02, PNorm = 99.4547, GNorm = 0.1850, lr_0 = 4.9550e-04
Loss = 6.0036e-02, PNorm = 99.4519, GNorm = 0.4680, lr_0 = 4.9499e-04
Loss = 3.5385e-02, PNorm = 99.4643, GNorm = 0.3440, lr_0 = 4.9448e-04
Loss = 7.8447e-02, PNorm = 99.4745, GNorm = 0.3533, lr_0 = 4.9398e-04
Loss = 6.0311e-02, PNorm = 99.4828, GNorm = 0.8782, lr_0 = 4.9347e-04
Loss = 3.8377e-02, PNorm = 99.5016, GNorm = 0.3731, lr_0 = 4.9296e-04
Loss = 8.2808e-02, PNorm = 99.5209, GNorm = 0.7592, lr_0 = 4.9245e-04
Loss = 7.7412e-02, PNorm = 99.5283, GNorm = 1.9556, lr_0 = 4.9195e-04
Loss = 8.3825e-02, PNorm = 99.5258, GNorm = 0.5336, lr_0 = 4.9144e-04
Loss = 4.5229e-02, PNorm = 99.5439, GNorm = 0.8043, lr_0 = 4.9094e-04
Loss = 2.0441e-02, PNorm = 99.5634, GNorm = 0.1821, lr_0 = 4.9043e-04
Loss = 4.9575e-02, PNorm = 99.5693, GNorm = 0.2002, lr_0 = 4.8993e-04
Loss = 7.0623e-02, PNorm = 99.5707, GNorm = 0.6195, lr_0 = 4.8943e-04
Loss = 8.5658e-02, PNorm = 99.5662, GNorm = 1.3075, lr_0 = 4.8892e-04
Loss = 5.2256e-02, PNorm = 99.5741, GNorm = 1.4976, lr_0 = 4.8842e-04
Loss = 7.1593e-02, PNorm = 99.5818, GNorm = 1.3365, lr_0 = 4.8792e-04
Loss = 6.1239e-02, PNorm = 99.5848, GNorm = 0.4994, lr_0 = 4.8742e-04
Loss = 1.9073e-02, PNorm = 99.5981, GNorm = 0.2237, lr_0 = 4.8692e-04
Loss = 3.8277e-02, PNorm = 99.6064, GNorm = 0.1068, lr_0 = 4.8642e-04
Loss = 6.5553e-02, PNorm = 99.6030, GNorm = 0.2592, lr_0 = 4.8592e-04
Loss = 7.5716e-02, PNorm = 99.5984, GNorm = 0.4611, lr_0 = 4.8542e-04
Loss = 5.2462e-02, PNorm = 99.6034, GNorm = 0.6305, lr_0 = 4.8492e-04
Loss = 4.0385e-02, PNorm = 99.6131, GNorm = 0.2815, lr_0 = 4.8442e-04
Loss = 7.9755e-02, PNorm = 99.6160, GNorm = 0.3582, lr_0 = 4.8392e-04
Loss = 6.9544e-02, PNorm = 99.6187, GNorm = 1.5324, lr_0 = 4.8343e-04
Loss = 6.4819e-02, PNorm = 99.6237, GNorm = 2.2803, lr_0 = 4.8293e-04
Loss = 3.4555e-02, PNorm = 99.6294, GNorm = 0.4612, lr_0 = 4.8243e-04
Loss = 4.9340e-02, PNorm = 99.6395, GNorm = 0.8281, lr_0 = 4.8194e-04
Loss = 4.9166e-02, PNorm = 99.6453, GNorm = 0.2351, lr_0 = 4.8144e-04
Loss = 3.5559e-02, PNorm = 99.6497, GNorm = 0.6848, lr_0 = 4.8095e-04
Loss = 1.3086e-02, PNorm = 99.6577, GNorm = 0.1789, lr_0 = 4.8045e-04
Loss = 4.8413e-02, PNorm = 99.6624, GNorm = 1.8720, lr_0 = 4.7996e-04
Loss = 9.7808e-02, PNorm = 99.6547, GNorm = 0.7363, lr_0 = 4.7947e-04
Loss = 5.0995e-02, PNorm = 99.6563, GNorm = 0.5501, lr_0 = 4.7897e-04
Loss = 4.3437e-02, PNorm = 99.6710, GNorm = 1.4633, lr_0 = 4.7848e-04
Loss = 5.7785e-02, PNorm = 99.6783, GNorm = 1.0861, lr_0 = 4.7799e-04
Loss = 1.1397e-01, PNorm = 99.6710, GNorm = 0.6482, lr_0 = 4.7750e-04
Loss = 7.1500e-02, PNorm = 99.6765, GNorm = 0.6614, lr_0 = 4.7701e-04
Validation auc = 0.564699
Epoch 11
Loss = 7.1139e-02, PNorm = 99.6881, GNorm = 1.0017, lr_0 = 4.7652e-04
Loss = 9.5917e-03, PNorm = 99.7002, GNorm = 0.2673, lr_0 = 4.7603e-04
Loss = 3.7328e-02, PNorm = 99.7104, GNorm = 1.7328, lr_0 = 4.7554e-04
Loss = 7.2698e-02, PNorm = 99.7057, GNorm = 0.9978, lr_0 = 4.7505e-04
Loss = 6.3394e-02, PNorm = 99.7031, GNorm = 0.3098, lr_0 = 4.7456e-04
Loss = 7.3156e-02, PNorm = 99.7029, GNorm = 0.6335, lr_0 = 4.7408e-04
Loss = 5.2513e-02, PNorm = 99.7104, GNorm = 0.3558, lr_0 = 4.7359e-04
Loss = 7.1277e-02, PNorm = 99.7183, GNorm = 0.3834, lr_0 = 4.7310e-04
Loss = 5.8678e-02, PNorm = 99.7230, GNorm = 0.7975, lr_0 = 4.7262e-04
Loss = 7.1257e-02, PNorm = 99.7233, GNorm = 0.3764, lr_0 = 4.7213e-04
Loss = 6.0867e-02, PNorm = 99.7281, GNorm = 0.4836, lr_0 = 4.7165e-04
Loss = 6.8045e-02, PNorm = 99.7355, GNorm = 0.6051, lr_0 = 4.7116e-04
Loss = 1.0573e-02, PNorm = 99.7477, GNorm = 0.3282, lr_0 = 4.7068e-04
Loss = 4.8697e-02, PNorm = 99.7561, GNorm = 0.1282, lr_0 = 4.7019e-04
Loss = 5.5158e-02, PNorm = 99.7526, GNorm = 0.2270, lr_0 = 4.6971e-04
Loss = 2.7862e-02, PNorm = 99.7567, GNorm = 0.2480, lr_0 = 4.6923e-04
Loss = 4.4135e-02, PNorm = 99.7586, GNorm = 0.7127, lr_0 = 4.6875e-04
Loss = 4.9953e-02, PNorm = 99.7617, GNorm = 0.2492, lr_0 = 4.6826e-04
Loss = 1.6106e-02, PNorm = 99.7693, GNorm = 0.2073, lr_0 = 4.6778e-04
Loss = 6.3165e-02, PNorm = 99.7741, GNorm = 1.6054, lr_0 = 4.6730e-04
Loss = 4.6473e-02, PNorm = 99.7690, GNorm = 0.2727, lr_0 = 4.6682e-04
Loss = 3.2064e-02, PNorm = 99.7742, GNorm = 0.2683, lr_0 = 4.6634e-04
Loss = 4.3369e-02, PNorm = 99.7790, GNorm = 0.2394, lr_0 = 4.6586e-04
Loss = 5.6140e-02, PNorm = 99.7789, GNorm = 0.2879, lr_0 = 4.6539e-04
Loss = 6.1579e-02, PNorm = 99.7826, GNorm = 0.3392, lr_0 = 4.6491e-04
Loss = 7.0059e-02, PNorm = 99.7872, GNorm = 0.5172, lr_0 = 4.6443e-04
Loss = 1.8103e-02, PNorm = 99.7963, GNorm = 0.2932, lr_0 = 4.6395e-04
Loss = 5.1880e-02, PNorm = 99.8058, GNorm = 0.2114, lr_0 = 4.6348e-04
Loss = 2.2047e-02, PNorm = 99.8145, GNorm = 0.1968, lr_0 = 4.6300e-04
Loss = 4.6687e-02, PNorm = 99.8188, GNorm = 0.2433, lr_0 = 4.6252e-04
Loss = 7.2795e-02, PNorm = 99.8217, GNorm = 1.3687, lr_0 = 4.6205e-04
Loss = 5.5849e-02, PNorm = 99.8241, GNorm = 0.4742, lr_0 = 4.6157e-04
Loss = 4.9102e-02, PNorm = 99.8337, GNorm = 0.4185, lr_0 = 4.6110e-04
Loss = 3.0305e-02, PNorm = 99.8502, GNorm = 0.2082, lr_0 = 4.6063e-04
Loss = 6.0542e-02, PNorm = 99.8553, GNorm = 0.2413, lr_0 = 4.6015e-04
Loss = 3.0426e-02, PNorm = 99.8592, GNorm = 0.2662, lr_0 = 4.5968e-04
Loss = 7.8231e-02, PNorm = 99.8630, GNorm = 0.8347, lr_0 = 4.5921e-04
Loss = 6.4355e-02, PNorm = 99.8613, GNorm = 0.6744, lr_0 = 4.5874e-04
Loss = 6.6606e-02, PNorm = 99.8668, GNorm = 0.4062, lr_0 = 4.5826e-04
Loss = 4.8534e-02, PNorm = 99.8762, GNorm = 0.4956, lr_0 = 4.5779e-04
Loss = 4.7993e-02, PNorm = 99.8864, GNorm = 0.3719, lr_0 = 4.5732e-04
Loss = 7.3406e-02, PNorm = 99.8937, GNorm = 0.2859, lr_0 = 4.5685e-04
Loss = 4.3063e-02, PNorm = 99.9005, GNorm = 0.7511, lr_0 = 4.5638e-04
Loss = 4.1331e-02, PNorm = 99.9043, GNorm = 0.2554, lr_0 = 4.5592e-04
Loss = 4.3783e-02, PNorm = 99.9132, GNorm = 0.2728, lr_0 = 4.5545e-04
Loss = 6.5613e-03, PNorm = 99.9246, GNorm = 0.1473, lr_0 = 4.5498e-04
Loss = 7.3033e-02, PNorm = 99.9274, GNorm = 0.6222, lr_0 = 4.5451e-04
Loss = 9.2162e-02, PNorm = 99.9211, GNorm = 0.4145, lr_0 = 4.5404e-04
Loss = 6.1005e-02, PNorm = 99.9311, GNorm = 0.4686, lr_0 = 4.5358e-04
Loss = 4.2175e-02, PNorm = 99.9428, GNorm = 0.2281, lr_0 = 4.5311e-04
Loss = 2.1484e-02, PNorm = 99.9580, GNorm = 0.1818, lr_0 = 4.5265e-04
Loss = 9.4319e-02, PNorm = 99.9636, GNorm = 0.6112, lr_0 = 4.5218e-04
Loss = 4.9073e-02, PNorm = 99.9656, GNorm = 0.3860, lr_0 = 4.5172e-04
Loss = 3.7955e-02, PNorm = 99.9729, GNorm = 0.3147, lr_0 = 4.5125e-04
Loss = 5.1262e-02, PNorm = 99.9844, GNorm = 0.2664, lr_0 = 4.5079e-04
Loss = 1.0944e-01, PNorm = 99.9942, GNorm = 1.0084, lr_0 = 4.5033e-04
Loss = 4.0548e-02, PNorm = 100.0057, GNorm = 0.4692, lr_0 = 4.4986e-04
Loss = 7.3097e-02, PNorm = 100.0303, GNorm = 0.3858, lr_0 = 4.4940e-04
Loss = 5.8239e-02, PNorm = 100.0540, GNorm = 1.7909, lr_0 = 4.4894e-04
Loss = 2.6114e-02, PNorm = 100.0696, GNorm = 0.2418, lr_0 = 4.4848e-04
Loss = 5.5485e-02, PNorm = 100.0749, GNorm = 0.3299, lr_0 = 4.4802e-04
Loss = 2.8947e-02, PNorm = 100.0944, GNorm = 0.2162, lr_0 = 4.4756e-04
Loss = 5.0915e-02, PNorm = 100.1036, GNorm = 0.2705, lr_0 = 4.4710e-04
Loss = 7.1373e-02, PNorm = 100.1088, GNorm = 0.6629, lr_0 = 4.4664e-04
Loss = 3.2114e-02, PNorm = 100.1197, GNorm = 0.7200, lr_0 = 4.4618e-04
Loss = 7.7674e-02, PNorm = 100.1246, GNorm = 0.4155, lr_0 = 4.4572e-04
Loss = 3.8362e-02, PNorm = 100.1326, GNorm = 0.3786, lr_0 = 4.4526e-04
Loss = 5.3853e-02, PNorm = 100.1442, GNorm = 0.2298, lr_0 = 4.4480e-04
Loss = 6.7886e-02, PNorm = 100.1494, GNorm = 0.3098, lr_0 = 4.4435e-04
Loss = 7.3485e-02, PNorm = 100.1516, GNorm = 0.9954, lr_0 = 4.4389e-04
Loss = 5.9337e-02, PNorm = 100.1571, GNorm = 0.5675, lr_0 = 4.4344e-04
Loss = 5.1665e-02, PNorm = 100.1685, GNorm = 1.4685, lr_0 = 4.4298e-04
Loss = 6.6420e-02, PNorm = 100.1743, GNorm = 0.9184, lr_0 = 4.4252e-04
Loss = 6.1125e-02, PNorm = 100.1768, GNorm = 0.3849, lr_0 = 4.4207e-04
Loss = 3.7498e-02, PNorm = 100.1880, GNorm = 0.2855, lr_0 = 4.4162e-04
Loss = 4.8412e-02, PNorm = 100.1976, GNorm = 0.2045, lr_0 = 4.4116e-04
Loss = 1.1841e-01, PNorm = 100.1931, GNorm = 2.0402, lr_0 = 4.4071e-04
Loss = 6.5974e-02, PNorm = 100.1969, GNorm = 0.6394, lr_0 = 4.4026e-04
Loss = 7.7885e-02, PNorm = 100.2101, GNorm = 0.6478, lr_0 = 4.3980e-04
Loss = 5.2995e-02, PNorm = 100.2242, GNorm = 0.5685, lr_0 = 4.3935e-04
Validation auc = 0.549937
Epoch 12
Loss = 6.2702e-02, PNorm = 100.2336, GNorm = 1.5193, lr_0 = 4.3890e-04
Loss = 5.2209e-02, PNorm = 100.2357, GNorm = 0.6685, lr_0 = 4.3845e-04
Loss = 2.8928e-02, PNorm = 100.2428, GNorm = 0.3368, lr_0 = 4.3800e-04
Loss = 5.5891e-02, PNorm = 100.2510, GNorm = 0.7190, lr_0 = 4.3755e-04
Loss = 4.8487e-02, PNorm = 100.2585, GNorm = 0.7728, lr_0 = 4.3710e-04
Loss = 6.0682e-02, PNorm = 100.2629, GNorm = 0.3201, lr_0 = 4.3665e-04
Loss = 8.8308e-02, PNorm = 100.2635, GNorm = 0.5206, lr_0 = 4.3620e-04
Loss = 6.2412e-02, PNorm = 100.2756, GNorm = 0.4646, lr_0 = 4.3575e-04
Loss = 2.1612e-02, PNorm = 100.2933, GNorm = 0.8494, lr_0 = 4.3531e-04
Loss = 7.4817e-02, PNorm = 100.2966, GNorm = 0.8210, lr_0 = 4.3486e-04
Loss = 4.0885e-02, PNorm = 100.2959, GNorm = 0.3092, lr_0 = 4.3441e-04
Loss = 5.0417e-02, PNorm = 100.3013, GNorm = 0.3414, lr_0 = 4.3397e-04
Loss = 6.3061e-02, PNorm = 100.3071, GNorm = 0.3039, lr_0 = 4.3352e-04
Loss = 5.7058e-02, PNorm = 100.3113, GNorm = 0.6617, lr_0 = 4.3307e-04
Loss = 1.8144e-02, PNorm = 100.3218, GNorm = 0.2497, lr_0 = 4.3263e-04
Loss = 4.2674e-02, PNorm = 100.3325, GNorm = 2.0148, lr_0 = 4.3218e-04
Loss = 2.6499e-02, PNorm = 100.3348, GNorm = 0.9157, lr_0 = 4.3174e-04
Loss = 7.1176e-02, PNorm = 100.3330, GNorm = 0.7285, lr_0 = 4.3130e-04
Loss = 7.7598e-02, PNorm = 100.3316, GNorm = 0.5054, lr_0 = 4.3085e-04
Loss = 4.4574e-02, PNorm = 100.3424, GNorm = 0.5415, lr_0 = 4.3041e-04
Loss = 7.4173e-02, PNorm = 100.3534, GNorm = 0.5747, lr_0 = 4.2997e-04
Loss = 1.1460e-02, PNorm = 100.3712, GNorm = 0.2225, lr_0 = 4.2953e-04
Loss = 7.9034e-02, PNorm = 100.3805, GNorm = 0.7425, lr_0 = 4.2909e-04
Loss = 7.2596e-03, PNorm = 100.3890, GNorm = 0.1814, lr_0 = 4.2865e-04
Loss = 2.0505e-02, PNorm = 100.4044, GNorm = 1.2064, lr_0 = 4.2821e-04
Loss = 6.4236e-02, PNorm = 100.4005, GNorm = 0.2018, lr_0 = 4.2777e-04
Loss = 5.3344e-02, PNorm = 100.4013, GNorm = 0.8281, lr_0 = 4.2733e-04
Loss = 2.6131e-02, PNorm = 100.4087, GNorm = 0.3104, lr_0 = 4.2689e-04
Loss = 5.6209e-02, PNorm = 100.4199, GNorm = 0.2858, lr_0 = 4.2645e-04
Loss = 8.1297e-02, PNorm = 100.4287, GNorm = 1.2154, lr_0 = 4.2601e-04
Loss = 2.8403e-02, PNorm = 100.4331, GNorm = 0.3700, lr_0 = 4.2557e-04
Loss = 6.0143e-02, PNorm = 100.4478, GNorm = 0.8644, lr_0 = 4.2513e-04
Loss = 5.1310e-02, PNorm = 100.4565, GNorm = 0.3265, lr_0 = 4.2470e-04
Loss = 5.9197e-02, PNorm = 100.4622, GNorm = 0.3242, lr_0 = 4.2426e-04
Loss = 7.6900e-02, PNorm = 100.4688, GNorm = 0.8239, lr_0 = 4.2383e-04
Loss = 6.4850e-02, PNorm = 100.4800, GNorm = 0.7111, lr_0 = 4.2339e-04
Loss = 4.8665e-02, PNorm = 100.4959, GNorm = 0.4143, lr_0 = 4.2296e-04
Loss = 6.5780e-02, PNorm = 100.5122, GNorm = 0.3122, lr_0 = 4.2252e-04
Loss = 7.4708e-02, PNorm = 100.5282, GNorm = 0.4248, lr_0 = 4.2209e-04
Loss = 8.0535e-02, PNorm = 100.5252, GNorm = 0.5230, lr_0 = 4.2165e-04
Loss = 6.2422e-02, PNorm = 100.5394, GNorm = 0.4072, lr_0 = 4.2122e-04
Loss = 5.1590e-02, PNorm = 100.5546, GNorm = 0.4080, lr_0 = 4.2079e-04
Loss = 2.7042e-02, PNorm = 100.5706, GNorm = 0.2092, lr_0 = 4.2035e-04
Loss = 4.3248e-02, PNorm = 100.5800, GNorm = 0.1175, lr_0 = 4.1992e-04
Loss = 1.1783e-01, PNorm = 100.5711, GNorm = 0.4855, lr_0 = 4.1949e-04
Loss = 3.6613e-02, PNorm = 100.5805, GNorm = 0.5117, lr_0 = 4.1906e-04
Loss = 3.9383e-02, PNorm = 100.5979, GNorm = 0.2701, lr_0 = 4.1863e-04
Loss = 4.9228e-02, PNorm = 100.6093, GNorm = 0.5118, lr_0 = 4.1820e-04
Loss = 8.8294e-02, PNorm = 100.6072, GNorm = 0.3702, lr_0 = 4.1777e-04
Loss = 6.0917e-02, PNorm = 100.6125, GNorm = 1.8971, lr_0 = 4.1734e-04
Loss = 4.4369e-02, PNorm = 100.6184, GNorm = 0.4292, lr_0 = 4.1691e-04
Loss = 4.7711e-02, PNorm = 100.6305, GNorm = 0.5617, lr_0 = 4.1648e-04
Loss = 6.5501e-02, PNorm = 100.6358, GNorm = 0.3109, lr_0 = 4.1606e-04
Loss = 8.6424e-02, PNorm = 100.6375, GNorm = 0.6381, lr_0 = 4.1563e-04
Loss = 5.0137e-02, PNorm = 100.6447, GNorm = 0.5394, lr_0 = 4.1520e-04
Loss = 7.0312e-02, PNorm = 100.6554, GNorm = 0.5543, lr_0 = 4.1477e-04
Loss = 8.4074e-02, PNorm = 100.6544, GNorm = 0.5386, lr_0 = 4.1435e-04
Loss = 5.7092e-02, PNorm = 100.6633, GNorm = 1.1763, lr_0 = 4.1392e-04
Loss = 4.6820e-02, PNorm = 100.6712, GNorm = 0.3366, lr_0 = 4.1350e-04
Loss = 7.7835e-02, PNorm = 100.6758, GNorm = 0.8952, lr_0 = 4.1307e-04
Loss = 5.4415e-02, PNorm = 100.6824, GNorm = 0.4846, lr_0 = 4.1265e-04
Loss = 3.8594e-02, PNorm = 100.6930, GNorm = 0.3111, lr_0 = 4.1222e-04
Loss = 6.5307e-02, PNorm = 100.6967, GNorm = 0.3119, lr_0 = 4.1180e-04
Loss = 1.9441e-02, PNorm = 100.7014, GNorm = 0.2633, lr_0 = 4.1138e-04
Loss = 3.6917e-02, PNorm = 100.7098, GNorm = 0.6397, lr_0 = 4.1096e-04
Loss = 7.1970e-02, PNorm = 100.7118, GNorm = 1.8810, lr_0 = 4.1053e-04
Loss = 4.1890e-02, PNorm = 100.7108, GNorm = 0.3522, lr_0 = 4.1011e-04
Loss = 4.1965e-02, PNorm = 100.7182, GNorm = 0.6717, lr_0 = 4.0969e-04
Loss = 4.2884e-02, PNorm = 100.7278, GNorm = 0.8403, lr_0 = 4.0927e-04
Loss = 4.8257e-02, PNorm = 100.7309, GNorm = 0.9612, lr_0 = 4.0885e-04
Loss = 7.6886e-02, PNorm = 100.7294, GNorm = 0.9354, lr_0 = 4.0843e-04
Loss = 4.9799e-02, PNorm = 100.7322, GNorm = 0.3987, lr_0 = 4.0801e-04
Loss = 4.9900e-02, PNorm = 100.7380, GNorm = 0.4131, lr_0 = 4.0759e-04
Loss = 4.9916e-02, PNorm = 100.7462, GNorm = 0.3288, lr_0 = 4.0717e-04
Loss = 1.7090e-02, PNorm = 100.7597, GNorm = 0.1743, lr_0 = 4.0675e-04
Loss = 3.7004e-02, PNorm = 100.7692, GNorm = 0.1405, lr_0 = 4.0633e-04
Loss = 7.9794e-02, PNorm = 100.7626, GNorm = 1.0648, lr_0 = 4.0592e-04
Loss = 5.5152e-02, PNorm = 100.7610, GNorm = 0.4013, lr_0 = 4.0550e-04
Loss = 2.8004e-02, PNorm = 100.7717, GNorm = 0.3019, lr_0 = 4.0508e-04
Loss = 7.6699e-02, PNorm = 100.7780, GNorm = 0.3725, lr_0 = 4.0467e-04
Validation auc = 0.574268
Epoch 13
Loss = 4.4570e-02, PNorm = 100.7854, GNorm = 0.6129, lr_0 = 4.0425e-04
Loss = 2.4003e-02, PNorm = 100.7973, GNorm = 0.2367, lr_0 = 4.0384e-04
Loss = 6.2815e-02, PNorm = 100.8039, GNorm = 0.2563, lr_0 = 4.0342e-04
Loss = 7.2754e-02, PNorm = 100.8018, GNorm = 0.5907, lr_0 = 4.0301e-04
Loss = 3.4309e-02, PNorm = 100.8072, GNorm = 0.3635, lr_0 = 4.0259e-04
Loss = 2.7419e-02, PNorm = 100.8180, GNorm = 0.2373, lr_0 = 4.0218e-04
Loss = 2.5798e-02, PNorm = 100.8275, GNorm = 0.1246, lr_0 = 4.0177e-04
Loss = 5.2190e-02, PNorm = 100.8298, GNorm = 0.9306, lr_0 = 4.0135e-04
Loss = 4.5714e-02, PNorm = 100.8283, GNorm = 0.9470, lr_0 = 4.0094e-04
Loss = 3.5336e-02, PNorm = 100.8323, GNorm = 0.2723, lr_0 = 4.0053e-04
Loss = 5.9747e-02, PNorm = 100.8394, GNorm = 0.2724, lr_0 = 4.0012e-04
Loss = 3.9920e-02, PNorm = 100.8465, GNorm = 0.5788, lr_0 = 3.9971e-04
Loss = 7.0781e-02, PNorm = 100.8520, GNorm = 0.3992, lr_0 = 3.9930e-04
Loss = 5.3893e-02, PNorm = 100.8610, GNorm = 0.7392, lr_0 = 3.9889e-04
Loss = 6.7249e-02, PNorm = 100.8659, GNorm = 0.4466, lr_0 = 3.9848e-04
Loss = 1.0749e-01, PNorm = 100.8693, GNorm = 0.5957, lr_0 = 3.9807e-04
Loss = 4.8504e-02, PNorm = 100.8771, GNorm = 0.5593, lr_0 = 3.9766e-04
Loss = 5.8216e-02, PNorm = 100.8938, GNorm = 1.5467, lr_0 = 3.9725e-04
Loss = 5.3979e-02, PNorm = 100.8994, GNorm = 0.3965, lr_0 = 3.9684e-04
Loss = 8.0122e-02, PNorm = 100.9046, GNorm = 0.5463, lr_0 = 3.9643e-04
Loss = 5.0363e-02, PNorm = 100.9149, GNorm = 0.4076, lr_0 = 3.9603e-04
Loss = 3.7645e-02, PNorm = 100.9253, GNorm = 0.2825, lr_0 = 3.9562e-04
Loss = 6.1754e-02, PNorm = 100.9318, GNorm = 0.2251, lr_0 = 3.9521e-04
Loss = 8.1198e-02, PNorm = 100.9340, GNorm = 0.3296, lr_0 = 3.9481e-04
Loss = 2.3059e-02, PNorm = 100.9449, GNorm = 0.3800, lr_0 = 3.9440e-04
Loss = 3.3441e-02, PNorm = 100.9621, GNorm = 0.1332, lr_0 = 3.9400e-04
Loss = 4.6988e-02, PNorm = 100.9658, GNorm = 0.2083, lr_0 = 3.9359e-04
Loss = 5.0508e-02, PNorm = 100.9723, GNorm = 1.8859, lr_0 = 3.9319e-04
Loss = 4.6644e-02, PNorm = 100.9716, GNorm = 0.3346, lr_0 = 3.9278e-04
Loss = 3.4581e-02, PNorm = 100.9785, GNorm = 0.4133, lr_0 = 3.9238e-04
Loss = 4.1822e-02, PNorm = 100.9902, GNorm = 0.6643, lr_0 = 3.9198e-04
Loss = 7.7643e-02, PNorm = 100.9899, GNorm = 1.5802, lr_0 = 3.9157e-04
Loss = 2.0485e-02, PNorm = 100.9927, GNorm = 0.3576, lr_0 = 3.9117e-04
Loss = 8.7992e-02, PNorm = 100.9980, GNorm = 0.5729, lr_0 = 3.9077e-04
Loss = 4.8169e-02, PNorm = 101.0044, GNorm = 0.4628, lr_0 = 3.9037e-04
Loss = 2.1233e-02, PNorm = 101.0205, GNorm = 0.2888, lr_0 = 3.8997e-04
Loss = 8.9795e-02, PNorm = 101.0272, GNorm = 0.8492, lr_0 = 3.8957e-04
Loss = 5.5765e-02, PNorm = 101.0280, GNorm = 0.7659, lr_0 = 3.8917e-04
Loss = 6.7770e-02, PNorm = 101.0332, GNorm = 0.5091, lr_0 = 3.8877e-04
Loss = 4.0604e-02, PNorm = 101.0500, GNorm = 0.3373, lr_0 = 3.8837e-04
Loss = 2.7647e-02, PNorm = 101.0664, GNorm = 0.2140, lr_0 = 3.8797e-04
Loss = 1.6662e-02, PNorm = 101.0760, GNorm = 0.1148, lr_0 = 3.8757e-04
Loss = 6.1265e-02, PNorm = 101.0786, GNorm = 0.9482, lr_0 = 3.8717e-04
Loss = 4.2695e-02, PNorm = 101.0739, GNorm = 0.6621, lr_0 = 3.8677e-04
Loss = 4.6612e-02, PNorm = 101.0761, GNorm = 0.8498, lr_0 = 3.8637e-04
Loss = 3.7992e-02, PNorm = 101.0851, GNorm = 0.3169, lr_0 = 3.8598e-04
Loss = 6.9093e-02, PNorm = 101.0926, GNorm = 0.3421, lr_0 = 3.8558e-04
Loss = 1.0849e-01, PNorm = 101.0962, GNorm = 1.1987, lr_0 = 3.8519e-04
Loss = 5.1966e-02, PNorm = 101.1038, GNorm = 0.5831, lr_0 = 3.8479e-04
Loss = 3.8956e-02, PNorm = 101.1179, GNorm = 0.4501, lr_0 = 3.8439e-04
Loss = 7.0003e-02, PNorm = 101.1283, GNorm = 0.4164, lr_0 = 3.8400e-04
Loss = 7.1260e-02, PNorm = 101.1302, GNorm = 1.0783, lr_0 = 3.8360e-04
Loss = 8.8241e-02, PNorm = 101.1274, GNorm = 0.5246, lr_0 = 3.8321e-04
Loss = 6.6408e-02, PNorm = 101.1336, GNorm = 0.5973, lr_0 = 3.8282e-04
Loss = 5.9770e-02, PNorm = 101.1473, GNorm = 0.7200, lr_0 = 3.8242e-04
Loss = 5.5385e-02, PNorm = 101.1622, GNorm = 0.2563, lr_0 = 3.8203e-04
Loss = 5.8167e-02, PNorm = 101.1702, GNorm = 1.4418, lr_0 = 3.8164e-04
Loss = 3.0625e-02, PNorm = 101.1801, GNorm = 1.0239, lr_0 = 3.8125e-04
Loss = 9.5489e-02, PNorm = 101.1767, GNorm = 0.4732, lr_0 = 3.8085e-04
Loss = 3.5716e-02, PNorm = 101.1851, GNorm = 0.5011, lr_0 = 3.8046e-04
Loss = 5.5363e-02, PNorm = 101.2003, GNorm = 1.1295, lr_0 = 3.8007e-04
Loss = 4.6435e-02, PNorm = 101.2083, GNorm = 0.5679, lr_0 = 3.7968e-04
Loss = 7.1251e-02, PNorm = 101.2088, GNorm = 0.3589, lr_0 = 3.7929e-04
Loss = 3.8187e-02, PNorm = 101.2141, GNorm = 0.6456, lr_0 = 3.7890e-04
Loss = 5.9434e-02, PNorm = 101.2199, GNorm = 0.3328, lr_0 = 3.7851e-04
Loss = 5.0646e-02, PNorm = 101.2238, GNorm = 0.3530, lr_0 = 3.7812e-04
Loss = 4.4566e-02, PNorm = 101.2299, GNorm = 0.3560, lr_0 = 3.7774e-04
Loss = 2.6972e-02, PNorm = 101.2406, GNorm = 0.2704, lr_0 = 3.7735e-04
Loss = 8.5037e-02, PNorm = 101.2433, GNorm = 0.8378, lr_0 = 3.7696e-04
Loss = 5.5520e-02, PNorm = 101.2395, GNorm = 0.4718, lr_0 = 3.7657e-04
Loss = 3.7479e-02, PNorm = 101.2492, GNorm = 0.6403, lr_0 = 3.7619e-04
Loss = 2.9954e-02, PNorm = 101.2599, GNorm = 0.2377, lr_0 = 3.7580e-04
Loss = 5.4175e-02, PNorm = 101.2655, GNorm = 0.6796, lr_0 = 3.7541e-04
Loss = 5.8441e-02, PNorm = 101.2678, GNorm = 0.7619, lr_0 = 3.7503e-04
Loss = 4.0703e-02, PNorm = 101.2688, GNorm = 0.4404, lr_0 = 3.7464e-04
Loss = 2.8377e-02, PNorm = 101.2787, GNorm = 0.2246, lr_0 = 3.7426e-04
Loss = 5.4389e-02, PNorm = 101.2853, GNorm = 0.2281, lr_0 = 3.7387e-04
Loss = 7.8234e-02, PNorm = 101.2851, GNorm = 0.7492, lr_0 = 3.7349e-04
Loss = 6.4154e-02, PNorm = 101.2856, GNorm = 0.4898, lr_0 = 3.7310e-04
Loss = 8.2479e-02, PNorm = 101.2945, GNorm = 0.5711, lr_0 = 3.7272e-04
Validation auc = 0.586271
Epoch 14
Loss = 2.1308e-02, PNorm = 101.3137, GNorm = 0.3198, lr_0 = 3.7234e-04
Loss = 3.9510e-02, PNorm = 101.3288, GNorm = 0.1371, lr_0 = 3.7196e-04
Loss = 8.7253e-02, PNorm = 101.3195, GNorm = 0.2535, lr_0 = 3.7157e-04
Loss = 7.5084e-02, PNorm = 101.3162, GNorm = 0.6298, lr_0 = 3.7119e-04
Loss = 5.7975e-02, PNorm = 101.3243, GNorm = 0.4707, lr_0 = 3.7081e-04
Loss = 5.4723e-02, PNorm = 101.3337, GNorm = 0.8818, lr_0 = 3.7043e-04
Loss = 7.4295e-02, PNorm = 101.3387, GNorm = 1.2595, lr_0 = 3.7005e-04
Loss = 5.2797e-02, PNorm = 101.3409, GNorm = 0.5287, lr_0 = 3.6967e-04
Loss = 3.5488e-02, PNorm = 101.3547, GNorm = 0.2835, lr_0 = 3.6929e-04
Loss = 1.4184e-02, PNorm = 101.3684, GNorm = 0.1629, lr_0 = 3.6891e-04
Loss = 4.4694e-02, PNorm = 101.3738, GNorm = 0.7903, lr_0 = 3.6853e-04
Loss = 8.6877e-02, PNorm = 101.3679, GNorm = 0.2926, lr_0 = 3.6815e-04
Loss = 8.6668e-02, PNorm = 101.3687, GNorm = 1.5976, lr_0 = 3.6777e-04
Loss = 4.3628e-02, PNorm = 101.3724, GNorm = 0.5439, lr_0 = 3.6740e-04
Loss = 4.8582e-02, PNorm = 101.3857, GNorm = 0.3612, lr_0 = 3.6702e-04
Loss = 5.7040e-02, PNorm = 101.3957, GNorm = 0.3058, lr_0 = 3.6664e-04
Loss = 6.9284e-02, PNorm = 101.4015, GNorm = 0.3596, lr_0 = 3.6626e-04
Loss = 6.3095e-02, PNorm = 101.4070, GNorm = 0.4214, lr_0 = 3.6589e-04
Loss = 8.8118e-02, PNorm = 101.4119, GNorm = 0.4806, lr_0 = 3.6551e-04
Loss = 3.9441e-02, PNorm = 101.4237, GNorm = 0.5963, lr_0 = 3.6514e-04
Loss = 2.5426e-02, PNorm = 101.4386, GNorm = 0.2134, lr_0 = 3.6476e-04
Loss = 4.0744e-02, PNorm = 101.4499, GNorm = 0.1448, lr_0 = 3.6439e-04
Loss = 5.2157e-02, PNorm = 101.4499, GNorm = 0.2119, lr_0 = 3.6401e-04
Loss = 8.2781e-02, PNorm = 101.4517, GNorm = 0.3082, lr_0 = 3.6364e-04
Loss = 4.5219e-02, PNorm = 101.4570, GNorm = 0.4550, lr_0 = 3.6326e-04
Loss = 8.3566e-02, PNorm = 101.4629, GNorm = 0.5259, lr_0 = 3.6289e-04
Loss = 1.9183e-02, PNorm = 101.4819, GNorm = 0.3013, lr_0 = 3.6252e-04
Loss = 5.1167e-02, PNorm = 101.4941, GNorm = 0.2375, lr_0 = 3.6215e-04
Loss = 2.6721e-02, PNorm = 101.5077, GNorm = 0.1853, lr_0 = 3.6177e-04
Loss = 2.5312e-02, PNorm = 101.5202, GNorm = 0.0997, lr_0 = 3.6140e-04
Loss = 1.0178e-01, PNorm = 101.5153, GNorm = 1.3776, lr_0 = 3.6103e-04
Loss = 7.7844e-02, PNorm = 101.5123, GNorm = 0.6131, lr_0 = 3.6066e-04
Loss = 3.5599e-02, PNorm = 101.5285, GNorm = 0.4593, lr_0 = 3.6029e-04
Loss = 6.7461e-02, PNorm = 101.5504, GNorm = 1.6177, lr_0 = 3.5992e-04
Loss = 1.1041e-01, PNorm = 101.5495, GNorm = 0.4770, lr_0 = 3.5955e-04
Loss = 6.0050e-02, PNorm = 101.5655, GNorm = 0.6063, lr_0 = 3.5918e-04
Loss = 7.8535e-02, PNorm = 101.5852, GNorm = 0.5286, lr_0 = 3.5881e-04
Loss = 8.1381e-02, PNorm = 101.5965, GNorm = 0.5204, lr_0 = 3.5844e-04
Loss = 5.9043e-02, PNorm = 101.6085, GNorm = 1.0095, lr_0 = 3.5807e-04
Loss = 3.7373e-02, PNorm = 101.6209, GNorm = 0.2902, lr_0 = 3.5771e-04
Loss = 5.3359e-02, PNorm = 101.6331, GNorm = 1.7160, lr_0 = 3.5734e-04
Loss = 6.7429e-02, PNorm = 101.6305, GNorm = 0.6780, lr_0 = 3.5697e-04
Loss = 5.9021e-02, PNorm = 101.6330, GNorm = 0.5790, lr_0 = 3.5661e-04
Loss = 4.8909e-02, PNorm = 101.6440, GNorm = 0.3740, lr_0 = 3.5624e-04
Loss = 6.6399e-02, PNorm = 101.6547, GNorm = 0.7714, lr_0 = 3.5587e-04
Loss = 1.8721e-02, PNorm = 101.6725, GNorm = 0.2376, lr_0 = 3.5551e-04
Loss = 6.0808e-02, PNorm = 101.6831, GNorm = 0.2749, lr_0 = 3.5514e-04
Loss = 1.0960e-01, PNorm = 101.6905, GNorm = 1.1084, lr_0 = 3.5478e-04
Loss = 5.1481e-02, PNorm = 101.7172, GNorm = 0.9637, lr_0 = 3.5441e-04
Loss = 3.5291e-02, PNorm = 101.7559, GNorm = 1.2672, lr_0 = 3.5405e-04
Loss = 2.8925e-02, PNorm = 101.7680, GNorm = 0.3287, lr_0 = 3.5368e-04
Loss = 2.7749e-02, PNorm = 101.7959, GNorm = 0.2095, lr_0 = 3.5332e-04
Loss = 3.0343e-02, PNorm = 101.8259, GNorm = 0.1581, lr_0 = 3.5296e-04
Loss = 1.8836e-01, PNorm = 101.8382, GNorm = 1.7522, lr_0 = 3.5260e-04
Loss = 4.6403e-02, PNorm = 101.8703, GNorm = 0.5235, lr_0 = 3.5223e-04
Loss = 1.6338e-02, PNorm = 101.9075, GNorm = 0.3868, lr_0 = 3.5187e-04
Loss = 7.1872e-02, PNorm = 101.9282, GNorm = 0.3473, lr_0 = 3.5151e-04
Loss = 5.9531e-02, PNorm = 101.9383, GNorm = 0.6155, lr_0 = 3.5115e-04
Loss = 6.0754e-02, PNorm = 101.9452, GNorm = 1.5161, lr_0 = 3.5079e-04
Loss = 7.0215e-02, PNorm = 101.9540, GNorm = 0.8098, lr_0 = 3.5043e-04
Loss = 6.8048e-02, PNorm = 101.9576, GNorm = 0.5497, lr_0 = 3.5007e-04
Loss = 5.6528e-02, PNorm = 101.9671, GNorm = 0.7182, lr_0 = 3.4971e-04
Loss = 2.5573e-02, PNorm = 101.9787, GNorm = 0.2777, lr_0 = 3.4935e-04
Loss = 4.2422e-02, PNorm = 101.9885, GNorm = 0.1632, lr_0 = 3.4899e-04
Loss = 8.3031e-02, PNorm = 101.9881, GNorm = 2.1848, lr_0 = 3.4863e-04
Loss = 3.7941e-02, PNorm = 101.9871, GNorm = 0.3993, lr_0 = 3.4827e-04
Loss = 3.1443e-02, PNorm = 101.9972, GNorm = 0.5508, lr_0 = 3.4792e-04
Loss = 1.6341e-02, PNorm = 102.0091, GNorm = 0.1864, lr_0 = 3.4756e-04
Loss = 3.9361e-02, PNorm = 102.0144, GNorm = 0.1211, lr_0 = 3.4720e-04
Loss = 3.2917e-02, PNorm = 102.0159, GNorm = 0.1431, lr_0 = 3.4684e-04
Loss = 7.5555e-02, PNorm = 102.0132, GNorm = 0.2569, lr_0 = 3.4649e-04
Loss = 5.6095e-02, PNorm = 102.0160, GNorm = 0.7112, lr_0 = 3.4613e-04
Loss = 5.3628e-02, PNorm = 102.0224, GNorm = 0.4744, lr_0 = 3.4578e-04
Loss = 3.9011e-02, PNorm = 102.0347, GNorm = 0.3117, lr_0 = 3.4542e-04
Loss = 4.1576e-02, PNorm = 102.0457, GNorm = 0.2320, lr_0 = 3.4507e-04
Loss = 6.0710e-02, PNorm = 102.0515, GNorm = 0.2204, lr_0 = 3.4471e-04
Loss = 4.2538e-02, PNorm = 102.0555, GNorm = 0.4948, lr_0 = 3.4436e-04
Loss = 1.7142e-02, PNorm = 102.0648, GNorm = 0.3019, lr_0 = 3.4400e-04
Loss = 6.2021e-02, PNorm = 102.0699, GNorm = 0.2545, lr_0 = 3.4365e-04
Loss = 6.3213e-02, PNorm = 102.0721, GNorm = 0.8620, lr_0 = 3.4330e-04
Validation auc = 0.535785
Epoch 15
Loss = 2.7804e-02, PNorm = 102.0741, GNorm = 0.3582, lr_0 = 3.4294e-04
Loss = 3.6415e-02, PNorm = 102.0846, GNorm = 0.6104, lr_0 = 3.4259e-04
Loss = 6.6083e-02, PNorm = 102.0875, GNorm = 0.2727, lr_0 = 3.4224e-04
Loss = 7.0551e-02, PNorm = 102.0900, GNorm = 0.7721, lr_0 = 3.4189e-04
Loss = 8.2082e-02, PNorm = 102.0965, GNorm = 0.4870, lr_0 = 3.4154e-04
Loss = 4.9633e-02, PNorm = 102.1037, GNorm = 0.4824, lr_0 = 3.4119e-04
Loss = 7.8054e-02, PNorm = 102.1135, GNorm = 0.4789, lr_0 = 3.4084e-04
Loss = 6.5233e-02, PNorm = 102.1208, GNorm = 0.4238, lr_0 = 3.4049e-04
Loss = 5.8365e-02, PNorm = 102.1327, GNorm = 0.4418, lr_0 = 3.4014e-04
Loss = 3.0468e-02, PNorm = 102.1482, GNorm = 0.2980, lr_0 = 3.3979e-04
Loss = 2.4647e-02, PNorm = 102.1621, GNorm = 0.1599, lr_0 = 3.3944e-04
Loss = 3.8383e-02, PNorm = 102.1716, GNorm = 0.1969, lr_0 = 3.3909e-04
Loss = 6.4410e-02, PNorm = 102.1765, GNorm = 0.2069, lr_0 = 3.3874e-04
Loss = 5.0359e-02, PNorm = 102.1781, GNorm = 0.7077, lr_0 = 3.3839e-04
Loss = 4.3546e-02, PNorm = 102.1772, GNorm = 0.4131, lr_0 = 3.3804e-04
Loss = 3.8029e-02, PNorm = 102.1876, GNorm = 0.2856, lr_0 = 3.3770e-04
Loss = 6.7351e-02, PNorm = 102.1928, GNorm = 0.2854, lr_0 = 3.3735e-04
Loss = 5.7144e-02, PNorm = 102.1926, GNorm = 0.3653, lr_0 = 3.3700e-04
Loss = 9.0325e-02, PNorm = 102.1936, GNorm = 0.5995, lr_0 = 3.3666e-04
Loss = 5.0549e-02, PNorm = 102.2019, GNorm = 0.4959, lr_0 = 3.3631e-04
Loss = 6.4852e-02, PNorm = 102.2139, GNorm = 0.3040, lr_0 = 3.3597e-04
Loss = 8.8428e-02, PNorm = 102.2189, GNorm = 0.5739, lr_0 = 3.3562e-04
Loss = 3.6296e-02, PNorm = 102.2287, GNorm = 0.3649, lr_0 = 3.3528e-04
Loss = 6.7940e-02, PNorm = 102.2378, GNorm = 1.4489, lr_0 = 3.3493e-04
Loss = 2.0920e-02, PNorm = 102.2469, GNorm = 0.2566, lr_0 = 3.3459e-04
Loss = 3.6934e-02, PNorm = 102.2576, GNorm = 0.2237, lr_0 = 3.3424e-04
Loss = 3.3703e-02, PNorm = 102.2628, GNorm = 0.2234, lr_0 = 3.3390e-04
Loss = 2.7992e-02, PNorm = 102.2674, GNorm = 0.1901, lr_0 = 3.3356e-04
Loss = 2.9169e-02, PNorm = 102.2708, GNorm = 0.1946, lr_0 = 3.3321e-04
Loss = 4.3289e-02, PNorm = 102.2742, GNorm = 0.2161, lr_0 = 3.3287e-04
Loss = 4.8435e-02, PNorm = 102.2785, GNorm = 0.6913, lr_0 = 3.3253e-04
Loss = 4.8342e-02, PNorm = 102.2809, GNorm = 0.8743, lr_0 = 3.3219e-04
Loss = 5.8569e-02, PNorm = 102.2819, GNorm = 0.3791, lr_0 = 3.3185e-04
Loss = 5.4947e-02, PNorm = 102.2904, GNorm = 0.3883, lr_0 = 3.3151e-04
Loss = 2.6238e-02, PNorm = 102.3033, GNorm = 0.2525, lr_0 = 3.3117e-04
Loss = 9.0478e-02, PNorm = 102.3068, GNorm = 0.7429, lr_0 = 3.3082e-04
Loss = 4.3275e-02, PNorm = 102.3119, GNorm = 0.4014, lr_0 = 3.3049e-04
Loss = 9.8720e-02, PNorm = 102.3134, GNorm = 1.1788, lr_0 = 3.3015e-04
Loss = 5.5572e-02, PNorm = 102.3198, GNorm = 0.5318, lr_0 = 3.2981e-04
Loss = 9.5517e-02, PNorm = 102.3297, GNorm = 1.8018, lr_0 = 3.2947e-04
Loss = 5.7715e-02, PNorm = 102.3357, GNorm = 0.5148, lr_0 = 3.2913e-04
Loss = 2.3096e-02, PNorm = 102.3501, GNorm = 0.3432, lr_0 = 3.2879e-04
Loss = 6.6041e-02, PNorm = 102.3561, GNorm = 0.2764, lr_0 = 3.2845e-04
Loss = 5.0589e-02, PNorm = 102.3620, GNorm = 0.2979, lr_0 = 3.2812e-04
Loss = 4.8483e-02, PNorm = 102.3682, GNorm = 0.2815, lr_0 = 3.2778e-04
Loss = 5.2106e-02, PNorm = 102.3712, GNorm = 0.3126, lr_0 = 3.2744e-04
Loss = 8.5357e-02, PNorm = 102.3714, GNorm = 0.3933, lr_0 = 3.2711e-04
Loss = 8.1658e-02, PNorm = 102.3744, GNorm = 0.5467, lr_0 = 3.2677e-04
Loss = 3.8690e-02, PNorm = 102.3883, GNorm = 1.2024, lr_0 = 3.2643e-04
Loss = 2.7997e-02, PNorm = 102.4008, GNorm = 0.2309, lr_0 = 3.2610e-04
Loss = 1.4173e-02, PNorm = 102.4112, GNorm = 0.1193, lr_0 = 3.2576e-04
Loss = 6.8935e-02, PNorm = 102.4136, GNorm = 1.6289, lr_0 = 3.2543e-04
Loss = 2.9296e-02, PNorm = 102.4137, GNorm = 0.2251, lr_0 = 3.2509e-04
Loss = 6.2001e-02, PNorm = 102.4125, GNorm = 0.6622, lr_0 = 3.2476e-04
Loss = 6.1021e-02, PNorm = 102.4149, GNorm = 0.4025, lr_0 = 3.2443e-04
Loss = 5.1717e-02, PNorm = 102.4215, GNorm = 0.3917, lr_0 = 3.2409e-04
Loss = 2.4738e-02, PNorm = 102.4327, GNorm = 0.2498, lr_0 = 3.2376e-04
Loss = 4.7337e-02, PNorm = 102.4404, GNorm = 0.2177, lr_0 = 3.2343e-04
Loss = 5.6459e-02, PNorm = 102.4427, GNorm = 0.6942, lr_0 = 3.2310e-04
Loss = 4.0091e-02, PNorm = 102.4444, GNorm = 0.7741, lr_0 = 3.2276e-04
Loss = 6.1273e-02, PNorm = 102.4448, GNorm = 0.3715, lr_0 = 3.2243e-04
Loss = 5.6208e-02, PNorm = 102.4471, GNorm = 0.7487, lr_0 = 3.2210e-04
Loss = 8.1865e-02, PNorm = 102.4464, GNorm = 1.7354, lr_0 = 3.2177e-04
Loss = 5.0783e-02, PNorm = 102.4484, GNorm = 0.3716, lr_0 = 3.2144e-04
Loss = 3.8112e-02, PNorm = 102.4567, GNorm = 0.3256, lr_0 = 3.2111e-04
Loss = 6.4417e-02, PNorm = 102.4599, GNorm = 0.3338, lr_0 = 3.2078e-04
Loss = 3.6097e-02, PNorm = 102.4684, GNorm = 0.2986, lr_0 = 3.2045e-04
Loss = 4.8214e-02, PNorm = 102.4750, GNorm = 0.6885, lr_0 = 3.2012e-04
Loss = 4.4031e-02, PNorm = 102.4807, GNorm = 0.1971, lr_0 = 3.1979e-04
Loss = 5.3891e-02, PNorm = 102.4854, GNorm = 1.0821, lr_0 = 3.1946e-04
Loss = 5.9196e-02, PNorm = 102.4891, GNorm = 0.3272, lr_0 = 3.1913e-04
Loss = 3.1146e-02, PNorm = 102.4999, GNorm = 0.3070, lr_0 = 3.1881e-04
Loss = 6.2032e-02, PNorm = 102.5066, GNorm = 0.6499, lr_0 = 3.1848e-04
Loss = 3.5000e-02, PNorm = 102.5112, GNorm = 0.2397, lr_0 = 3.1815e-04
Loss = 6.7923e-03, PNorm = 102.5241, GNorm = 0.1472, lr_0 = 3.1782e-04
Loss = 2.5952e-02, PNorm = 102.5336, GNorm = 0.1013, lr_0 = 3.1750e-04
Loss = 4.2115e-02, PNorm = 102.5361, GNorm = 0.1448, lr_0 = 3.1717e-04
Loss = 6.4979e-02, PNorm = 102.5334, GNorm = 0.8035, lr_0 = 3.1685e-04
Loss = 1.0160e-01, PNorm = 102.5325, GNorm = 1.9853, lr_0 = 3.1652e-04
Loss = 9.4419e-02, PNorm = 102.5322, GNorm = 0.8496, lr_0 = 3.1620e-04
Validation auc = 0.535578
Epoch 16
Loss = 3.2680e-02, PNorm = 102.5498, GNorm = 0.5221, lr_0 = 3.1587e-04
Loss = 4.8241e-02, PNorm = 102.5667, GNorm = 0.2716, lr_0 = 3.1555e-04
Loss = 9.3652e-02, PNorm = 102.5683, GNorm = 0.2894, lr_0 = 3.1522e-04
Loss = 6.8359e-02, PNorm = 102.5698, GNorm = 0.3840, lr_0 = 3.1490e-04
Loss = 9.2450e-02, PNorm = 102.5708, GNorm = 0.6378, lr_0 = 3.1457e-04
Loss = 3.3139e-02, PNorm = 102.5835, GNorm = 0.3992, lr_0 = 3.1425e-04
Loss = 6.7187e-02, PNorm = 102.5908, GNorm = 0.2769, lr_0 = 3.1393e-04
Loss = 5.7253e-02, PNorm = 102.5944, GNorm = 0.7734, lr_0 = 3.1361e-04
Loss = 1.0086e-01, PNorm = 102.5936, GNorm = 0.3203, lr_0 = 3.1328e-04
Loss = 3.9715e-02, PNorm = 102.5975, GNorm = 0.4670, lr_0 = 3.1296e-04
Loss = 2.6130e-02, PNorm = 102.6104, GNorm = 1.0226, lr_0 = 3.1264e-04
Loss = 6.7449e-02, PNorm = 102.6172, GNorm = 0.8218, lr_0 = 3.1232e-04
Loss = 2.1003e-02, PNorm = 102.6222, GNorm = 0.2308, lr_0 = 3.1200e-04
Loss = 8.7611e-02, PNorm = 102.6225, GNorm = 1.2467, lr_0 = 3.1168e-04
Loss = 4.5976e-02, PNorm = 102.6222, GNorm = 0.2584, lr_0 = 3.1136e-04
Loss = 5.0382e-02, PNorm = 102.6292, GNorm = 0.6547, lr_0 = 3.1104e-04
Loss = 1.9905e-02, PNorm = 102.6375, GNorm = 0.2455, lr_0 = 3.1072e-04
Loss = 2.8051e-02, PNorm = 102.6469, GNorm = 0.1708, lr_0 = 3.1040e-04
Loss = 8.7332e-02, PNorm = 102.6464, GNorm = 0.5318, lr_0 = 3.1008e-04
Loss = 4.3305e-02, PNorm = 102.6526, GNorm = 0.3118, lr_0 = 3.0976e-04
Loss = 5.9758e-02, PNorm = 102.6587, GNorm = 0.3415, lr_0 = 3.0944e-04
Loss = 2.7611e-02, PNorm = 102.6707, GNorm = 0.3167, lr_0 = 3.0912e-04
Loss = 2.7659e-02, PNorm = 102.6804, GNorm = 0.2426, lr_0 = 3.0881e-04
Loss = 9.9678e-02, PNorm = 102.6821, GNorm = 0.2328, lr_0 = 3.0849e-04
Loss = 3.4914e-02, PNorm = 102.6902, GNorm = 0.3135, lr_0 = 3.0817e-04
Loss = 3.6827e-02, PNorm = 102.7014, GNorm = 0.2801, lr_0 = 3.0786e-04
Loss = 3.1869e-02, PNorm = 102.7271, GNorm = 0.0979, lr_0 = 3.0754e-04
Loss = 2.4841e-01, PNorm = 102.7404, GNorm = 0.3326, lr_0 = 3.0722e-04
Loss = 4.9477e-02, PNorm = 102.8027, GNorm = 0.5195, lr_0 = 3.0691e-04
Loss = 5.8364e-02, PNorm = 102.8606, GNorm = 1.5027, lr_0 = 3.0659e-04
Loss = 5.5551e-02, PNorm = 102.8883, GNorm = 0.7256, lr_0 = 3.0628e-04
Loss = 2.7495e-02, PNorm = 102.9034, GNorm = 0.2548, lr_0 = 3.0596e-04
Loss = 5.1875e-02, PNorm = 102.9118, GNorm = 0.2296, lr_0 = 3.0565e-04
Loss = 5.3524e-02, PNorm = 102.9170, GNorm = 0.2246, lr_0 = 3.0534e-04
Loss = 6.2084e-02, PNorm = 102.9219, GNorm = 0.3460, lr_0 = 3.0502e-04
Loss = 1.5661e-02, PNorm = 102.9322, GNorm = 0.2669, lr_0 = 3.0471e-04
Loss = 5.6174e-02, PNorm = 102.9388, GNorm = 0.2616, lr_0 = 3.0439e-04
Loss = 4.5955e-02, PNorm = 102.9442, GNorm = 0.2468, lr_0 = 3.0408e-04
Loss = 6.5692e-02, PNorm = 102.9516, GNorm = 0.2962, lr_0 = 3.0377e-04
Loss = 5.8247e-02, PNorm = 102.9573, GNorm = 0.3432, lr_0 = 3.0346e-04
Loss = 9.5170e-02, PNorm = 102.9637, GNorm = 0.5168, lr_0 = 3.0315e-04
Loss = 6.7038e-02, PNorm = 102.9749, GNorm = 0.6150, lr_0 = 3.0283e-04
Loss = 9.6056e-02, PNorm = 102.9866, GNorm = 0.4881, lr_0 = 3.0252e-04
Loss = 4.1693e-02, PNorm = 103.0048, GNorm = 0.4452, lr_0 = 3.0221e-04
Loss = 2.7693e-02, PNorm = 103.0255, GNorm = 0.1997, lr_0 = 3.0190e-04
Loss = 5.0321e-02, PNorm = 103.0360, GNorm = 0.2072, lr_0 = 3.0159e-04
Loss = 6.5775e-02, PNorm = 103.0405, GNorm = 0.8016, lr_0 = 3.0128e-04
Loss = 3.8199e-02, PNorm = 103.0485, GNorm = 0.9642, lr_0 = 3.0097e-04
Loss = 8.5166e-03, PNorm = 103.0617, GNorm = 0.2210, lr_0 = 3.0066e-04
Loss = 7.4609e-02, PNorm = 103.0663, GNorm = 0.2379, lr_0 = 3.0035e-04
Loss = 4.2141e-02, PNorm = 103.0723, GNorm = 0.2698, lr_0 = 3.0005e-04
Loss = 3.8394e-02, PNorm = 103.0820, GNorm = 0.8733, lr_0 = 2.9974e-04
Loss = 7.0152e-02, PNorm = 103.0851, GNorm = 0.7223, lr_0 = 2.9943e-04
Loss = 6.3391e-02, PNorm = 103.0854, GNorm = 0.4961, lr_0 = 2.9912e-04
Loss = 7.1293e-02, PNorm = 103.0892, GNorm = 0.4280, lr_0 = 2.9881e-04
Loss = 7.7134e-02, PNorm = 103.0956, GNorm = 0.5185, lr_0 = 2.9851e-04
Loss = 2.9225e-02, PNorm = 103.1059, GNorm = 0.3570, lr_0 = 2.9820e-04
Loss = 4.3187e-02, PNorm = 103.1163, GNorm = 0.2979, lr_0 = 2.9789e-04
Loss = 4.7866e-02, PNorm = 103.1229, GNorm = 0.2608, lr_0 = 2.9759e-04
Loss = 8.1901e-02, PNorm = 103.1260, GNorm = 0.2456, lr_0 = 2.9728e-04
Loss = 4.9283e-02, PNorm = 103.1290, GNorm = 0.4428, lr_0 = 2.9698e-04
Loss = 5.9190e-02, PNorm = 103.1362, GNorm = 0.4122, lr_0 = 2.9667e-04
Loss = 7.5347e-02, PNorm = 103.1417, GNorm = 0.4139, lr_0 = 2.9637e-04
Loss = 2.6504e-02, PNorm = 103.1497, GNorm = 0.3228, lr_0 = 2.9606e-04
Loss = 3.7336e-02, PNorm = 103.1583, GNorm = 0.6952, lr_0 = 2.9576e-04
Loss = 5.8669e-02, PNorm = 103.1615, GNorm = 0.2093, lr_0 = 2.9545e-04
Loss = 4.5803e-02, PNorm = 103.1679, GNorm = 0.6251, lr_0 = 2.9515e-04
Loss = 7.5861e-02, PNorm = 103.1691, GNorm = 0.7301, lr_0 = 2.9485e-04
Loss = 5.6055e-02, PNorm = 103.1706, GNorm = 0.4369, lr_0 = 2.9455e-04
Loss = 1.2963e-02, PNorm = 103.1852, GNorm = 0.3094, lr_0 = 2.9424e-04
Loss = 9.7878e-02, PNorm = 103.1934, GNorm = 0.3290, lr_0 = 2.9394e-04
Loss = 8.3458e-02, PNorm = 103.1987, GNorm = 1.2714, lr_0 = 2.9364e-04
Loss = 4.3895e-02, PNorm = 103.2079, GNorm = 0.7427, lr_0 = 2.9334e-04
Loss = 6.6440e-02, PNorm = 103.2230, GNorm = 1.7244, lr_0 = 2.9304e-04
Loss = 4.0699e-02, PNorm = 103.2430, GNorm = 0.3163, lr_0 = 2.9273e-04
Loss = 4.6397e-02, PNorm = 103.2591, GNorm = 0.2877, lr_0 = 2.9243e-04
Loss = 4.8033e-02, PNorm = 103.2769, GNorm = 0.2757, lr_0 = 2.9213e-04
Loss = 9.7447e-02, PNorm = 103.2826, GNorm = 0.3271, lr_0 = 2.9183e-04
Loss = 2.6029e-02, PNorm = 103.2924, GNorm = 0.4318, lr_0 = 2.9153e-04
Loss = 5.6168e-02, PNorm = 103.3096, GNorm = 0.3533, lr_0 = 2.9123e-04
Validation auc = 0.532361
Epoch 17
Loss = 3.2761e-02, PNorm = 103.3276, GNorm = 0.2721, lr_0 = 2.9093e-04
Loss = 3.0020e-02, PNorm = 103.3411, GNorm = 0.1753, lr_0 = 2.9064e-04
Loss = 9.3406e-02, PNorm = 103.3444, GNorm = 0.3193, lr_0 = 2.9034e-04
Loss = 3.7794e-02, PNorm = 103.3586, GNorm = 0.3175, lr_0 = 2.9004e-04
Loss = 2.5264e-02, PNorm = 103.3811, GNorm = 0.2500, lr_0 = 2.8974e-04
Loss = 9.2965e-02, PNorm = 103.3968, GNorm = 0.6369, lr_0 = 2.8944e-04
Loss = 7.1885e-02, PNorm = 103.3918, GNorm = 0.5306, lr_0 = 2.8915e-04
Loss = 6.2165e-02, PNorm = 103.3983, GNorm = 0.5479, lr_0 = 2.8885e-04
Loss = 5.8393e-02, PNorm = 103.4124, GNorm = 0.8038, lr_0 = 2.8855e-04
Loss = 7.0083e-02, PNorm = 103.4227, GNorm = 0.4459, lr_0 = 2.8825e-04
Loss = 6.3788e-02, PNorm = 103.4341, GNorm = 0.7606, lr_0 = 2.8796e-04
Loss = 4.0448e-02, PNorm = 103.4444, GNorm = 0.3389, lr_0 = 2.8766e-04
Loss = 1.0694e-01, PNorm = 103.4461, GNorm = 1.6530, lr_0 = 2.8737e-04
Loss = 4.1223e-02, PNorm = 103.4527, GNorm = 0.6121, lr_0 = 2.8707e-04
Loss = 6.9753e-02, PNorm = 103.4625, GNorm = 0.4287, lr_0 = 2.8678e-04
Loss = 6.7675e-02, PNorm = 103.4722, GNorm = 0.5563, lr_0 = 2.8648e-04
Loss = 2.6260e-02, PNorm = 103.4834, GNorm = 0.3192, lr_0 = 2.8619e-04
Loss = 6.6995e-02, PNorm = 103.4916, GNorm = 0.2876, lr_0 = 2.8589e-04
Loss = 3.6628e-02, PNorm = 103.5008, GNorm = 0.6120, lr_0 = 2.8560e-04
Loss = 4.1920e-02, PNorm = 103.5093, GNorm = 0.2664, lr_0 = 2.8531e-04
Loss = 2.2946e-02, PNorm = 103.5195, GNorm = 0.1701, lr_0 = 2.8501e-04
Loss = 7.4813e-02, PNorm = 103.5219, GNorm = 0.7472, lr_0 = 2.8472e-04
Loss = 9.4096e-02, PNorm = 103.5198, GNorm = 0.3635, lr_0 = 2.8443e-04
Loss = 6.4159e-02, PNorm = 103.5216, GNorm = 0.5664, lr_0 = 2.8414e-04
Loss = 1.0108e-01, PNorm = 103.5264, GNorm = 0.6689, lr_0 = 2.8384e-04
Loss = 3.3207e-02, PNorm = 103.5409, GNorm = 0.3604, lr_0 = 2.8355e-04
Loss = 8.9271e-02, PNorm = 103.5509, GNorm = 0.3199, lr_0 = 2.8326e-04
Loss = 5.7112e-02, PNorm = 103.5591, GNorm = 0.3841, lr_0 = 2.8297e-04
Loss = 3.2032e-02, PNorm = 103.5683, GNorm = 0.2596, lr_0 = 2.8268e-04
Loss = 4.7927e-02, PNorm = 103.5779, GNorm = 1.5878, lr_0 = 2.8239e-04
Loss = 3.1188e-02, PNorm = 103.5834, GNorm = 1.4310, lr_0 = 2.8210e-04
Loss = 8.2677e-02, PNorm = 103.5845, GNorm = 0.6238, lr_0 = 2.8181e-04
Loss = 4.0201e-02, PNorm = 103.5877, GNorm = 0.2950, lr_0 = 2.8152e-04
Loss = 8.1329e-02, PNorm = 103.5979, GNorm = 0.4946, lr_0 = 2.8123e-04
Loss = 2.2598e-02, PNorm = 103.6204, GNorm = 0.3009, lr_0 = 2.8094e-04
Loss = 3.5508e-02, PNorm = 103.6376, GNorm = 0.6692, lr_0 = 2.8065e-04
Loss = 8.2787e-02, PNorm = 103.6413, GNorm = 0.4752, lr_0 = 2.8036e-04
Loss = 5.5354e-02, PNorm = 103.6477, GNorm = 0.3003, lr_0 = 2.8008e-04
Loss = 6.6774e-02, PNorm = 103.6563, GNorm = 1.2877, lr_0 = 2.7979e-04
Loss = 1.0898e-02, PNorm = 103.6672, GNorm = 0.3262, lr_0 = 2.7950e-04
Loss = 5.8238e-02, PNorm = 103.6759, GNorm = 0.3080, lr_0 = 2.7921e-04
Loss = 5.6803e-02, PNorm = 103.6825, GNorm = 0.4136, lr_0 = 2.7893e-04
Loss = 6.4126e-02, PNorm = 103.6830, GNorm = 0.7362, lr_0 = 2.7864e-04
Loss = 2.7381e-02, PNorm = 103.6909, GNorm = 0.7106, lr_0 = 2.7835e-04
Loss = 3.0971e-02, PNorm = 103.6986, GNorm = 0.2205, lr_0 = 2.7807e-04
Loss = 3.2871e-02, PNorm = 103.7044, GNorm = 0.2036, lr_0 = 2.7778e-04
Loss = 1.0907e-01, PNorm = 103.7054, GNorm = 1.3471, lr_0 = 2.7750e-04
Loss = 3.9640e-02, PNorm = 103.7088, GNorm = 0.3454, lr_0 = 2.7721e-04
Loss = 4.3715e-02, PNorm = 103.7182, GNorm = 0.4081, lr_0 = 2.7693e-04
Loss = 2.8019e-02, PNorm = 103.7304, GNorm = 0.3009, lr_0 = 2.7664e-04
Loss = 5.6989e-02, PNorm = 103.7407, GNorm = 1.0377, lr_0 = 2.7636e-04
Loss = 7.1274e-02, PNorm = 103.7392, GNorm = 0.3061, lr_0 = 2.7607e-04
Loss = 3.6525e-02, PNorm = 103.7443, GNorm = 0.3274, lr_0 = 2.7579e-04
Loss = 4.0074e-02, PNorm = 103.7527, GNorm = 0.3021, lr_0 = 2.7551e-04
Loss = 1.0501e-01, PNorm = 103.7529, GNorm = 0.4620, lr_0 = 2.7522e-04
Loss = 2.1957e-02, PNorm = 103.7627, GNorm = 0.2792, lr_0 = 2.7494e-04
Loss = 2.7525e-02, PNorm = 103.7743, GNorm = 0.2245, lr_0 = 2.7466e-04
Loss = 2.6947e-02, PNorm = 103.7832, GNorm = 0.1595, lr_0 = 2.7438e-04
Loss = 4.9011e-02, PNorm = 103.7869, GNorm = 0.1535, lr_0 = 2.7410e-04
Loss = 4.9601e-02, PNorm = 103.7907, GNorm = 0.1869, lr_0 = 2.7381e-04
Loss = 7.2747e-02, PNorm = 103.7910, GNorm = 0.2947, lr_0 = 2.7353e-04
Loss = 3.3938e-02, PNorm = 103.7994, GNorm = 0.4091, lr_0 = 2.7325e-04
Loss = 2.0313e-02, PNorm = 103.8114, GNorm = 0.2426, lr_0 = 2.7297e-04
Loss = 1.1556e-01, PNorm = 103.8234, GNorm = 0.2595, lr_0 = 2.7269e-04
Loss = 8.5171e-02, PNorm = 103.8426, GNorm = 0.4448, lr_0 = 2.7241e-04
Loss = 4.0161e-02, PNorm = 103.8608, GNorm = 0.4410, lr_0 = 2.7213e-04
Loss = 4.8335e-02, PNorm = 103.8767, GNorm = 0.8392, lr_0 = 2.7185e-04
Loss = 5.8070e-02, PNorm = 103.8852, GNorm = 0.2504, lr_0 = 2.7157e-04
Loss = 5.7834e-02, PNorm = 103.8879, GNorm = 0.3931, lr_0 = 2.7129e-04
Loss = 3.1071e-02, PNorm = 103.8955, GNorm = 0.3866, lr_0 = 2.7101e-04
Loss = 4.8898e-02, PNorm = 103.9023, GNorm = 0.2886, lr_0 = 2.7074e-04
Loss = 5.7594e-02, PNorm = 103.9063, GNorm = 0.3040, lr_0 = 2.7046e-04
Loss = 7.4032e-02, PNorm = 103.9087, GNorm = 0.5866, lr_0 = 2.7018e-04
Loss = 3.1160e-02, PNorm = 103.9147, GNorm = 0.3699, lr_0 = 2.6990e-04
Loss = 6.2073e-02, PNorm = 103.9202, GNorm = 0.4742, lr_0 = 2.6962e-04
Loss = 7.8941e-02, PNorm = 103.9232, GNorm = 0.7453, lr_0 = 2.6935e-04
Loss = 3.7096e-02, PNorm = 103.9284, GNorm = 0.5147, lr_0 = 2.6907e-04
Loss = 4.6090e-02, PNorm = 103.9347, GNorm = 0.3379, lr_0 = 2.6879e-04
Loss = 6.1507e-02, PNorm = 103.9403, GNorm = 0.3405, lr_0 = 2.6852e-04
Loss = 6.0366e-02, PNorm = 103.9451, GNorm = 0.7152, lr_0 = 2.6824e-04
Validation auc = 0.568409
Epoch 18
Loss = 9.1236e-02, PNorm = 103.9448, GNorm = 0.5066, lr_0 = 2.6797e-04
Loss = 4.2120e-02, PNorm = 103.9517, GNorm = 1.3852, lr_0 = 2.6769e-04
Loss = 7.3765e-02, PNorm = 103.9584, GNorm = 0.6195, lr_0 = 2.6742e-04
Loss = 2.6885e-02, PNorm = 103.9655, GNorm = 0.3067, lr_0 = 2.6714e-04
Loss = 1.6222e-02, PNorm = 103.9746, GNorm = 0.2323, lr_0 = 2.6687e-04
Loss = 2.7535e-02, PNorm = 103.9806, GNorm = 0.1664, lr_0 = 2.6659e-04
Loss = 4.7124e-02, PNorm = 103.9832, GNorm = 0.8497, lr_0 = 2.6632e-04
Loss = 2.7038e-02, PNorm = 103.9839, GNorm = 0.1685, lr_0 = 2.6605e-04
Loss = 6.4247e-02, PNorm = 103.9856, GNorm = 0.2582, lr_0 = 2.6577e-04
Loss = 6.2758e-02, PNorm = 103.9850, GNorm = 0.5587, lr_0 = 2.6550e-04
Loss = 5.2817e-02, PNorm = 103.9893, GNorm = 0.3814, lr_0 = 2.6523e-04
Loss = 4.2078e-02, PNorm = 103.9970, GNorm = 0.3404, lr_0 = 2.6495e-04
Loss = 4.5311e-02, PNorm = 104.0046, GNorm = 0.2791, lr_0 = 2.6468e-04
Loss = 4.2071e-02, PNorm = 104.0089, GNorm = 0.2410, lr_0 = 2.6441e-04
Loss = 5.2076e-02, PNorm = 104.0145, GNorm = 0.2394, lr_0 = 2.6414e-04
Loss = 5.4210e-02, PNorm = 104.0172, GNorm = 0.5186, lr_0 = 2.6387e-04
Loss = 5.8597e-02, PNorm = 104.0183, GNorm = 0.3188, lr_0 = 2.6360e-04
Loss = 3.6316e-02, PNorm = 104.0236, GNorm = 0.7658, lr_0 = 2.6332e-04
Loss = 4.2599e-02, PNorm = 104.0261, GNorm = 0.3022, lr_0 = 2.6305e-04
Loss = 4.7631e-02, PNorm = 104.0316, GNorm = 0.3108, lr_0 = 2.6278e-04
Loss = 5.1141e-02, PNorm = 104.0376, GNorm = 0.2753, lr_0 = 2.6251e-04
Loss = 7.7722e-02, PNorm = 104.0401, GNorm = 0.7041, lr_0 = 2.6224e-04
Loss = 4.9980e-02, PNorm = 104.0439, GNorm = 0.3581, lr_0 = 2.6197e-04
Loss = 5.4455e-02, PNorm = 104.0536, GNorm = 1.8821, lr_0 = 2.6171e-04
Loss = 1.0151e-01, PNorm = 104.0580, GNorm = 1.2355, lr_0 = 2.6144e-04
Loss = 4.9536e-02, PNorm = 104.0625, GNorm = 0.4500, lr_0 = 2.6117e-04
Loss = 3.2904e-02, PNorm = 104.0729, GNorm = 0.4651, lr_0 = 2.6090e-04
Loss = 2.3788e-02, PNorm = 104.0868, GNorm = 0.5462, lr_0 = 2.6063e-04
Loss = 5.6801e-02, PNorm = 104.0970, GNorm = 0.1542, lr_0 = 2.6036e-04
Loss = 5.5066e-02, PNorm = 104.1047, GNorm = 0.5438, lr_0 = 2.6010e-04
Loss = 4.8943e-02, PNorm = 104.1139, GNorm = 0.7071, lr_0 = 2.5983e-04
Loss = 2.6906e-02, PNorm = 104.1245, GNorm = 0.2581, lr_0 = 2.5956e-04
Loss = 3.6086e-02, PNorm = 104.1386, GNorm = 0.2443, lr_0 = 2.5930e-04
Loss = 3.8250e-02, PNorm = 104.1486, GNorm = 0.2014, lr_0 = 2.5903e-04
Loss = 2.6156e-02, PNorm = 104.1568, GNorm = 0.1878, lr_0 = 2.5876e-04
Loss = 3.1976e-02, PNorm = 104.1678, GNorm = 0.1760, lr_0 = 2.5850e-04
Loss = 4.4685e-02, PNorm = 104.1752, GNorm = 0.1917, lr_0 = 2.5823e-04
Loss = 7.5618e-02, PNorm = 104.1751, GNorm = 0.3244, lr_0 = 2.5797e-04
Loss = 6.8430e-02, PNorm = 104.1844, GNorm = 0.3200, lr_0 = 2.5770e-04
Loss = 5.1432e-02, PNorm = 104.1881, GNorm = 0.3999, lr_0 = 2.5744e-04
Loss = 2.8560e-02, PNorm = 104.1954, GNorm = 0.4578, lr_0 = 2.5717e-04
Loss = 6.9214e-02, PNorm = 104.1996, GNorm = 0.2378, lr_0 = 2.5691e-04
Loss = 6.9133e-02, PNorm = 104.2013, GNorm = 0.5887, lr_0 = 2.5664e-04
Loss = 1.9827e-02, PNorm = 104.2077, GNorm = 0.3027, lr_0 = 2.5638e-04
Loss = 3.9067e-02, PNorm = 104.2141, GNorm = 0.2665, lr_0 = 2.5612e-04
Loss = 6.6069e-02, PNorm = 104.2160, GNorm = 0.2733, lr_0 = 2.5585e-04
Loss = 2.6811e-02, PNorm = 104.2221, GNorm = 1.3072, lr_0 = 2.5559e-04
Loss = 7.0299e-02, PNorm = 104.2259, GNorm = 0.8508, lr_0 = 2.5533e-04
Loss = 4.9038e-02, PNorm = 104.2263, GNorm = 0.5729, lr_0 = 2.5507e-04
Loss = 5.1588e-02, PNorm = 104.2289, GNorm = 0.5661, lr_0 = 2.5480e-04
Loss = 8.3620e-02, PNorm = 104.2303, GNorm = 0.4245, lr_0 = 2.5454e-04
Loss = 5.3894e-02, PNorm = 104.2368, GNorm = 0.4230, lr_0 = 2.5428e-04
Loss = 4.4822e-02, PNorm = 104.2462, GNorm = 0.9029, lr_0 = 2.5402e-04
Loss = 8.8206e-02, PNorm = 104.2505, GNorm = 1.2167, lr_0 = 2.5376e-04
Loss = 9.5018e-02, PNorm = 104.2498, GNorm = 0.5632, lr_0 = 2.5350e-04
Loss = 7.3939e-02, PNorm = 104.2537, GNorm = 0.5665, lr_0 = 2.5324e-04
Loss = 4.6703e-02, PNorm = 104.2602, GNorm = 0.4738, lr_0 = 2.5298e-04
Loss = 7.7071e-02, PNorm = 104.2667, GNorm = 1.2963, lr_0 = 2.5272e-04
Loss = 4.2827e-02, PNorm = 104.2738, GNorm = 0.2839, lr_0 = 2.5246e-04
Loss = 1.9273e-02, PNorm = 104.2852, GNorm = 0.2170, lr_0 = 2.5220e-04
Loss = 8.0047e-02, PNorm = 104.2912, GNorm = 1.8574, lr_0 = 2.5194e-04
Loss = 6.1674e-02, PNorm = 104.2894, GNorm = 0.3213, lr_0 = 2.5168e-04
Loss = 1.1125e-01, PNorm = 104.2901, GNorm = 0.5413, lr_0 = 2.5142e-04
Loss = 8.4606e-02, PNorm = 104.2965, GNorm = 0.6528, lr_0 = 2.5116e-04
Loss = 4.3890e-02, PNorm = 104.3076, GNorm = 0.4156, lr_0 = 2.5090e-04
Loss = 4.3842e-02, PNorm = 104.3164, GNorm = 0.2649, lr_0 = 2.5065e-04
Loss = 6.7199e-02, PNorm = 104.3217, GNorm = 0.2707, lr_0 = 2.5039e-04
Loss = 5.6192e-02, PNorm = 104.3242, GNorm = 0.2945, lr_0 = 2.5013e-04
Loss = 4.4622e-02, PNorm = 104.3293, GNorm = 0.3149, lr_0 = 2.4988e-04
Loss = 4.5719e-02, PNorm = 104.3324, GNorm = 0.2806, lr_0 = 2.4962e-04
Loss = 4.4799e-02, PNorm = 104.3365, GNorm = 0.3302, lr_0 = 2.4936e-04
Loss = 5.0687e-02, PNorm = 104.3424, GNorm = 0.2403, lr_0 = 2.4911e-04
Loss = 4.6439e-02, PNorm = 104.3455, GNorm = 0.2574, lr_0 = 2.4885e-04
Loss = 5.4348e-02, PNorm = 104.3489, GNorm = 0.2954, lr_0 = 2.4859e-04
Loss = 6.1888e-02, PNorm = 104.3534, GNorm = 0.3191, lr_0 = 2.4834e-04
Loss = 6.2206e-02, PNorm = 104.3537, GNorm = 0.9776, lr_0 = 2.4808e-04
Loss = 5.1248e-02, PNorm = 104.3561, GNorm = 0.4027, lr_0 = 2.4783e-04
Loss = 4.8213e-02, PNorm = 104.3620, GNorm = 0.3016, lr_0 = 2.4757e-04
Loss = 4.9199e-02, PNorm = 104.3671, GNorm = 0.2636, lr_0 = 2.4732e-04
Loss = 4.6757e-02, PNorm = 104.3728, GNorm = 0.2209, lr_0 = 2.4707e-04
Validation auc = 0.554761
Epoch 19
Loss = 5.1337e-02, PNorm = 104.3753, GNorm = 0.7809, lr_0 = 2.4681e-04
Loss = 4.0294e-02, PNorm = 104.3782, GNorm = 0.6660, lr_0 = 2.4656e-04
Loss = 4.4387e-02, PNorm = 104.3825, GNorm = 1.1982, lr_0 = 2.4630e-04
Loss = 7.6683e-03, PNorm = 104.3894, GNorm = 0.2005, lr_0 = 2.4605e-04
Loss = 4.3273e-02, PNorm = 104.3949, GNorm = 0.1844, lr_0 = 2.4580e-04
Loss = 2.3482e-02, PNorm = 104.3990, GNorm = 0.1717, lr_0 = 2.4555e-04
Loss = 2.9959e-02, PNorm = 104.4033, GNorm = 0.1391, lr_0 = 2.4529e-04
Loss = 9.4258e-02, PNorm = 104.3979, GNorm = 0.2511, lr_0 = 2.4504e-04
Loss = 6.2447e-02, PNorm = 104.3956, GNorm = 0.3924, lr_0 = 2.4479e-04
Loss = 6.0652e-02, PNorm = 104.4005, GNorm = 0.4145, lr_0 = 2.4454e-04
Loss = 6.0827e-02, PNorm = 104.4087, GNorm = 0.9977, lr_0 = 2.4429e-04
Loss = 2.2644e-02, PNorm = 104.4189, GNorm = 0.3034, lr_0 = 2.4404e-04
Loss = 2.8010e-02, PNorm = 104.4314, GNorm = 1.1549, lr_0 = 2.4379e-04
Loss = 4.9502e-02, PNorm = 104.4339, GNorm = 0.9503, lr_0 = 2.4354e-04
Loss = 7.3165e-02, PNorm = 104.4296, GNorm = 0.2698, lr_0 = 2.4329e-04
Loss = 5.9998e-02, PNorm = 104.4274, GNorm = 0.3622, lr_0 = 2.4304e-04
Loss = 2.9496e-02, PNorm = 104.4340, GNorm = 0.3542, lr_0 = 2.4279e-04
Loss = 8.2873e-02, PNorm = 104.4401, GNorm = 1.3001, lr_0 = 2.4254e-04
Loss = 4.0169e-02, PNorm = 104.4453, GNorm = 0.2765, lr_0 = 2.4229e-04
Loss = 4.9838e-02, PNorm = 104.4506, GNorm = 1.3208, lr_0 = 2.4204e-04
Loss = 3.6692e-02, PNorm = 104.4545, GNorm = 0.3031, lr_0 = 2.4179e-04
Loss = 5.4779e-02, PNorm = 104.4587, GNorm = 0.2642, lr_0 = 2.4154e-04
Loss = 3.2574e-02, PNorm = 104.4648, GNorm = 0.2245, lr_0 = 2.4129e-04
Loss = 5.6975e-02, PNorm = 104.4682, GNorm = 0.2630, lr_0 = 2.4105e-04
Loss = 8.4777e-02, PNorm = 104.4711, GNorm = 0.3174, lr_0 = 2.4080e-04
Loss = 4.4680e-02, PNorm = 104.4778, GNorm = 0.3527, lr_0 = 2.4055e-04
Loss = 1.7390e-02, PNorm = 104.4942, GNorm = 0.2631, lr_0 = 2.4030e-04
Loss = 6.2275e-02, PNorm = 104.4989, GNorm = 0.2730, lr_0 = 2.4006e-04
Loss = 7.6481e-03, PNorm = 104.5089, GNorm = 0.2036, lr_0 = 2.3981e-04
Loss = 7.7274e-02, PNorm = 104.5141, GNorm = 0.9739, lr_0 = 2.3956e-04
Loss = 5.6978e-02, PNorm = 104.5157, GNorm = 0.7478, lr_0 = 2.3932e-04
Loss = 6.0641e-02, PNorm = 104.5168, GNorm = 0.3363, lr_0 = 2.3907e-04
Loss = 7.2843e-02, PNorm = 104.5198, GNorm = 0.4122, lr_0 = 2.3883e-04
Loss = 8.2594e-02, PNorm = 104.5291, GNorm = 0.8769, lr_0 = 2.3858e-04
Loss = 6.5631e-02, PNorm = 104.5404, GNorm = 0.4323, lr_0 = 2.3833e-04
Loss = 4.7582e-02, PNorm = 104.5532, GNorm = 0.3515, lr_0 = 2.3809e-04
Loss = 3.1418e-02, PNorm = 104.5638, GNorm = 0.2873, lr_0 = 2.3785e-04
Loss = 7.7297e-02, PNorm = 104.5703, GNorm = 0.2885, lr_0 = 2.3760e-04
Loss = 6.6077e-02, PNorm = 104.5724, GNorm = 0.3282, lr_0 = 2.3736e-04
Loss = 5.4807e-02, PNorm = 104.5767, GNorm = 0.3536, lr_0 = 2.3711e-04
Loss = 7.7083e-02, PNorm = 104.5823, GNorm = 1.6931, lr_0 = 2.3687e-04
Loss = 5.3934e-02, PNorm = 104.5869, GNorm = 0.4410, lr_0 = 2.3663e-04
Loss = 5.7606e-02, PNorm = 104.5936, GNorm = 0.4099, lr_0 = 2.3638e-04
Loss = 3.8769e-02, PNorm = 104.6038, GNorm = 1.1220, lr_0 = 2.3614e-04
Loss = 4.3665e-02, PNorm = 104.6101, GNorm = 0.7049, lr_0 = 2.3590e-04
Loss = 1.2501e-01, PNorm = 104.6166, GNorm = 0.3363, lr_0 = 2.3566e-04
Loss = 2.3906e-02, PNorm = 104.6397, GNorm = 0.7269, lr_0 = 2.3541e-04
Loss = 5.1323e-02, PNorm = 104.6583, GNorm = 0.3820, lr_0 = 2.3517e-04
Loss = 2.2495e-02, PNorm = 104.6682, GNorm = 0.2424, lr_0 = 2.3493e-04
Loss = 6.3000e-02, PNorm = 104.6731, GNorm = 1.6030, lr_0 = 2.3469e-04
Loss = 5.8303e-02, PNorm = 104.6741, GNorm = 1.2918, lr_0 = 2.3445e-04
Loss = 1.9534e-02, PNorm = 104.6792, GNorm = 0.2731, lr_0 = 2.3421e-04
Loss = 4.6439e-02, PNorm = 104.6849, GNorm = 0.1998, lr_0 = 2.3397e-04
Loss = 6.4157e-02, PNorm = 104.6876, GNorm = 0.6592, lr_0 = 2.3373e-04
Loss = 6.6214e-02, PNorm = 104.6896, GNorm = 1.2646, lr_0 = 2.3348e-04
Loss = 6.5565e-02, PNorm = 104.6913, GNorm = 0.3053, lr_0 = 2.3325e-04
Loss = 2.3491e-02, PNorm = 104.6965, GNorm = 0.3583, lr_0 = 2.3301e-04
Loss = 7.3408e-02, PNorm = 104.7005, GNorm = 0.5408, lr_0 = 2.3277e-04
Loss = 8.3199e-02, PNorm = 104.7030, GNorm = 0.4413, lr_0 = 2.3253e-04
Loss = 3.9268e-02, PNorm = 104.7075, GNorm = 0.3790, lr_0 = 2.3229e-04
Loss = 3.0936e-02, PNorm = 104.7129, GNorm = 0.2924, lr_0 = 2.3205e-04
Loss = 4.5290e-02, PNorm = 104.7164, GNorm = 0.3147, lr_0 = 2.3181e-04
Loss = 5.6840e-02, PNorm = 104.7208, GNorm = 0.2342, lr_0 = 2.3157e-04
Loss = 6.9262e-02, PNorm = 104.7207, GNorm = 0.3076, lr_0 = 2.3133e-04
Loss = 5.9703e-02, PNorm = 104.7220, GNorm = 0.3434, lr_0 = 2.3110e-04
Loss = 4.7855e-02, PNorm = 104.7253, GNorm = 0.4350, lr_0 = 2.3086e-04
Loss = 5.1738e-02, PNorm = 104.7301, GNorm = 0.4556, lr_0 = 2.3062e-04
Loss = 5.9855e-02, PNorm = 104.7328, GNorm = 0.6355, lr_0 = 2.3039e-04
Loss = 6.6278e-02, PNorm = 104.7351, GNorm = 1.6140, lr_0 = 2.3015e-04
Loss = 3.9604e-02, PNorm = 104.7381, GNorm = 0.3012, lr_0 = 2.2991e-04
Loss = 7.6148e-02, PNorm = 104.7400, GNorm = 0.3837, lr_0 = 2.2968e-04
Loss = 6.8775e-02, PNorm = 104.7415, GNorm = 0.4322, lr_0 = 2.2944e-04
Loss = 6.1249e-02, PNorm = 104.7451, GNorm = 0.3557, lr_0 = 2.2920e-04
Loss = 7.1752e-02, PNorm = 104.7498, GNorm = 0.8145, lr_0 = 2.2897e-04
Loss = 3.7747e-02, PNorm = 104.7558, GNorm = 0.3329, lr_0 = 2.2873e-04
Loss = 1.1137e-01, PNorm = 104.7572, GNorm = 0.4656, lr_0 = 2.2850e-04
Loss = 2.8736e-02, PNorm = 104.7633, GNorm = 0.4300, lr_0 = 2.2826e-04
Loss = 7.0511e-02, PNorm = 104.7707, GNorm = 0.3738, lr_0 = 2.2803e-04
Loss = 1.7829e-02, PNorm = 104.7805, GNorm = 0.3188, lr_0 = 2.2780e-04
Loss = 3.8512e-02, PNorm = 104.7900, GNorm = 0.1857, lr_0 = 2.2756e-04
Validation auc = 0.566621
Epoch 20
Loss = 3.9727e-02, PNorm = 104.7956, GNorm = 0.1769, lr_0 = 2.2733e-04
Loss = 3.0640e-02, PNorm = 104.7998, GNorm = 0.2251, lr_0 = 2.2709e-04
Loss = 4.4356e-02, PNorm = 104.8040, GNorm = 0.2134, lr_0 = 2.2686e-04
Loss = 9.2817e-02, PNorm = 104.8041, GNorm = 0.3147, lr_0 = 2.2663e-04
Loss = 4.2353e-02, PNorm = 104.8096, GNorm = 0.5416, lr_0 = 2.2639e-04
Loss = 4.8788e-02, PNorm = 104.8159, GNorm = 0.3916, lr_0 = 2.2616e-04
Loss = 6.2535e-02, PNorm = 104.8244, GNorm = 0.3415, lr_0 = 2.2593e-04
Loss = 7.3505e-02, PNorm = 104.8313, GNorm = 0.6208, lr_0 = 2.2570e-04
Loss = 6.8216e-02, PNorm = 104.8415, GNorm = 0.6578, lr_0 = 2.2547e-04
Loss = 1.9225e-02, PNorm = 104.8555, GNorm = 0.2945, lr_0 = 2.2523e-04
Loss = 5.6728e-02, PNorm = 104.8691, GNorm = 0.7357, lr_0 = 2.2500e-04
Loss = 4.7051e-02, PNorm = 104.8773, GNorm = 0.2247, lr_0 = 2.2477e-04
Loss = 7.2780e-02, PNorm = 104.8861, GNorm = 0.2958, lr_0 = 2.2454e-04
Loss = 2.1997e-02, PNorm = 104.8923, GNorm = 0.2598, lr_0 = 2.2431e-04
Loss = 4.6474e-02, PNorm = 104.8944, GNorm = 0.2188, lr_0 = 2.2408e-04
Loss = 8.6213e-02, PNorm = 104.8898, GNorm = 0.4984, lr_0 = 2.2385e-04
Loss = 6.0213e-02, PNorm = 104.8896, GNorm = 0.4802, lr_0 = 2.2362e-04
Loss = 5.9021e-02, PNorm = 104.8903, GNorm = 0.4188, lr_0 = 2.2339e-04
Loss = 4.6085e-02, PNorm = 104.8951, GNorm = 0.3494, lr_0 = 2.2316e-04
Loss = 5.1935e-02, PNorm = 104.8998, GNorm = 0.3285, lr_0 = 2.2293e-04
Loss = 3.9708e-02, PNorm = 104.9037, GNorm = 0.2745, lr_0 = 2.2270e-04
Loss = 4.9845e-02, PNorm = 104.9068, GNorm = 0.2848, lr_0 = 2.2247e-04
Loss = 6.6380e-02, PNorm = 104.9106, GNorm = 2.2176, lr_0 = 2.2224e-04
Loss = 6.7377e-02, PNorm = 104.9121, GNorm = 1.3446, lr_0 = 2.2202e-04
Loss = 6.7895e-02, PNorm = 104.9140, GNorm = 0.3931, lr_0 = 2.2179e-04
Loss = 6.5514e-02, PNorm = 104.9187, GNorm = 0.3132, lr_0 = 2.2156e-04
Loss = 4.6401e-02, PNorm = 104.9238, GNorm = 0.4282, lr_0 = 2.2133e-04
Loss = 1.8690e-02, PNorm = 104.9305, GNorm = 0.2529, lr_0 = 2.2110e-04
Loss = 4.9151e-02, PNorm = 104.9364, GNorm = 0.1711, lr_0 = 2.2088e-04
Loss = 5.8630e-02, PNorm = 104.9351, GNorm = 0.2498, lr_0 = 2.2065e-04
Loss = 3.8454e-02, PNorm = 104.9363, GNorm = 0.2347, lr_0 = 2.2042e-04
Loss = 1.8076e-02, PNorm = 104.9408, GNorm = 0.2315, lr_0 = 2.2020e-04
Loss = 2.7277e-02, PNorm = 104.9450, GNorm = 0.1955, lr_0 = 2.1997e-04
Loss = 3.7307e-02, PNorm = 104.9480, GNorm = 0.6199, lr_0 = 2.1975e-04
Loss = 2.5605e-02, PNorm = 104.9512, GNorm = 0.1827, lr_0 = 2.1952e-04
Loss = 6.7876e-02, PNorm = 104.9531, GNorm = 0.5862, lr_0 = 2.1929e-04
Loss = 1.0500e-01, PNorm = 104.9480, GNorm = 0.2655, lr_0 = 2.1907e-04
Loss = 6.8427e-02, PNorm = 104.9473, GNorm = 0.4553, lr_0 = 2.1884e-04
Loss = 6.0641e-02, PNorm = 104.9517, GNorm = 0.8567, lr_0 = 2.1862e-04
Loss = 7.4872e-02, PNorm = 104.9566, GNorm = 0.3838, lr_0 = 2.1839e-04
Loss = 2.7621e-02, PNorm = 104.9648, GNorm = 0.3784, lr_0 = 2.1817e-04
Loss = 6.5879e-02, PNorm = 104.9718, GNorm = 0.8890, lr_0 = 2.1795e-04
Loss = 3.6220e-02, PNorm = 104.9750, GNorm = 0.2915, lr_0 = 2.1772e-04
Loss = 5.0790e-02, PNorm = 104.9785, GNorm = 0.7697, lr_0 = 2.1750e-04
Loss = 4.9810e-02, PNorm = 104.9783, GNorm = 0.3366, lr_0 = 2.1727e-04
Loss = 5.1662e-02, PNorm = 104.9811, GNorm = 0.2744, lr_0 = 2.1705e-04
Loss = 2.7307e-02, PNorm = 104.9868, GNorm = 0.7298, lr_0 = 2.1683e-04
Loss = 7.2297e-02, PNorm = 104.9888, GNorm = 0.6380, lr_0 = 2.1661e-04
Loss = 4.1089e-02, PNorm = 104.9911, GNorm = 0.2899, lr_0 = 2.1638e-04
Loss = 4.1295e-02, PNorm = 104.9953, GNorm = 0.2254, lr_0 = 2.1616e-04
Loss = 6.4497e-02, PNorm = 104.9979, GNorm = 0.6114, lr_0 = 2.1594e-04
Loss = 5.8049e-02, PNorm = 105.0010, GNorm = 1.2714, lr_0 = 2.1572e-04
Loss = 6.1029e-02, PNorm = 105.0011, GNorm = 0.3286, lr_0 = 2.1550e-04
Loss = 5.4338e-02, PNorm = 105.0038, GNorm = 0.3470, lr_0 = 2.1527e-04
Loss = 3.4622e-02, PNorm = 105.0100, GNorm = 0.3216, lr_0 = 2.1505e-04
Loss = 4.8364e-02, PNorm = 105.0154, GNorm = 0.2842, lr_0 = 2.1483e-04
Loss = 5.8999e-02, PNorm = 105.0208, GNorm = 0.5892, lr_0 = 2.1461e-04
Loss = 3.7091e-02, PNorm = 105.0261, GNorm = 0.2651, lr_0 = 2.1439e-04
Loss = 7.7516e-02, PNorm = 105.0305, GNorm = 1.0515, lr_0 = 2.1417e-04
Loss = 9.9253e-03, PNorm = 105.0372, GNorm = 0.2669, lr_0 = 2.1395e-04
Loss = 5.9528e-02, PNorm = 105.0430, GNorm = 0.2351, lr_0 = 2.1373e-04
Loss = 4.7631e-02, PNorm = 105.0489, GNorm = 0.4712, lr_0 = 2.1351e-04
Loss = 8.2262e-02, PNorm = 105.0517, GNorm = 0.3294, lr_0 = 2.1329e-04
Loss = 6.1617e-02, PNorm = 105.0581, GNorm = 0.3857, lr_0 = 2.1307e-04
Loss = 4.8689e-02, PNorm = 105.0675, GNorm = 0.3329, lr_0 = 2.1285e-04
Loss = 2.0936e-02, PNorm = 105.0785, GNorm = 0.2377, lr_0 = 2.1263e-04
Loss = 3.6821e-02, PNorm = 105.0889, GNorm = 0.2141, lr_0 = 2.1242e-04
Loss = 6.0942e-02, PNorm = 105.0849, GNorm = 0.2289, lr_0 = 2.1220e-04
Loss = 6.5920e-02, PNorm = 105.0861, GNorm = 0.6952, lr_0 = 2.1198e-04
Loss = 7.0725e-02, PNorm = 105.0866, GNorm = 0.2970, lr_0 = 2.1176e-04
Loss = 5.6153e-02, PNorm = 105.0902, GNorm = 0.6253, lr_0 = 2.1154e-04
Loss = 3.8904e-02, PNorm = 105.0978, GNorm = 0.3708, lr_0 = 2.1133e-04
Loss = 7.2860e-02, PNorm = 105.1018, GNorm = 0.3268, lr_0 = 2.1111e-04
Loss = 7.7089e-02, PNorm = 105.1042, GNorm = 0.4769, lr_0 = 2.1089e-04
Loss = 4.6314e-02, PNorm = 105.1074, GNorm = 0.4350, lr_0 = 2.1068e-04
Loss = 4.1189e-02, PNorm = 105.1144, GNorm = 0.3173, lr_0 = 2.1046e-04
Loss = 7.2721e-02, PNorm = 105.1183, GNorm = 0.7283, lr_0 = 2.1024e-04
Loss = 7.8445e-02, PNorm = 105.1201, GNorm = 0.6223, lr_0 = 2.1003e-04
Loss = 4.0888e-02, PNorm = 105.1247, GNorm = 0.3848, lr_0 = 2.0981e-04
Loss = 2.0710e-02, PNorm = 105.1312, GNorm = 0.3187, lr_0 = 2.0960e-04
Validation auc = 0.562724
Epoch 21
Loss = 5.1835e-02, PNorm = 105.1368, GNorm = 0.1856, lr_0 = 2.0938e-04
Loss = 4.4726e-02, PNorm = 105.1391, GNorm = 0.4803, lr_0 = 2.0917e-04
Loss = 4.2036e-02, PNorm = 105.1419, GNorm = 0.8424, lr_0 = 2.0895e-04
Loss = 7.7201e-02, PNorm = 105.1409, GNorm = 0.8839, lr_0 = 2.0874e-04
Loss = 2.6585e-02, PNorm = 105.1426, GNorm = 0.2885, lr_0 = 2.0852e-04
Loss = 5.6571e-02, PNorm = 105.1467, GNorm = 0.2344, lr_0 = 2.0831e-04
Loss = 2.4911e-02, PNorm = 105.1526, GNorm = 0.5467, lr_0 = 2.0809e-04
Loss = 3.4881e-02, PNorm = 105.1557, GNorm = 0.1996, lr_0 = 2.0788e-04
Loss = 6.5260e-02, PNorm = 105.1570, GNorm = 0.2231, lr_0 = 2.0767e-04
Loss = 1.7471e-02, PNorm = 105.1594, GNorm = 0.2458, lr_0 = 2.0745e-04
Loss = 5.3960e-02, PNorm = 105.1633, GNorm = 0.4913, lr_0 = 2.0724e-04
Loss = 1.6828e-02, PNorm = 105.1673, GNorm = 0.1911, lr_0 = 2.0703e-04
Loss = 3.9242e-02, PNorm = 105.1696, GNorm = 0.1914, lr_0 = 2.0681e-04
Loss = 5.8283e-02, PNorm = 105.1707, GNorm = 0.1992, lr_0 = 2.0660e-04
Loss = 3.8407e-02, PNorm = 105.1720, GNorm = 0.2342, lr_0 = 2.0639e-04
Loss = 7.2769e-02, PNorm = 105.1736, GNorm = 0.5507, lr_0 = 2.0618e-04
Loss = 5.9844e-02, PNorm = 105.1760, GNorm = 0.5325, lr_0 = 2.0597e-04
Loss = 3.9653e-02, PNorm = 105.1806, GNorm = 0.6766, lr_0 = 2.0575e-04
Loss = 5.1668e-02, PNorm = 105.1842, GNorm = 0.6105, lr_0 = 2.0554e-04
Loss = 3.7549e-02, PNorm = 105.1896, GNorm = 0.2707, lr_0 = 2.0533e-04
Loss = 6.4567e-02, PNorm = 105.1922, GNorm = 0.3252, lr_0 = 2.0512e-04
Loss = 7.5640e-02, PNorm = 105.1967, GNorm = 1.3138, lr_0 = 2.0491e-04
Loss = 9.0382e-02, PNorm = 105.1987, GNorm = 0.4796, lr_0 = 2.0470e-04
Loss = 6.5057e-02, PNorm = 105.2051, GNorm = 0.5428, lr_0 = 2.0449e-04
Loss = 7.5545e-02, PNorm = 105.2105, GNorm = 0.4685, lr_0 = 2.0428e-04
Loss = 4.6533e-02, PNorm = 105.2208, GNorm = 0.3674, lr_0 = 2.0407e-04
Loss = 7.7723e-02, PNorm = 105.2280, GNorm = 0.3303, lr_0 = 2.0386e-04
Loss = 7.2075e-02, PNorm = 105.2330, GNorm = 1.1988, lr_0 = 2.0365e-04
Loss = 2.7311e-02, PNorm = 105.2398, GNorm = 0.6412, lr_0 = 2.0344e-04
Loss = 1.4217e-02, PNorm = 105.2498, GNorm = 0.2254, lr_0 = 2.0323e-04
Loss = 2.6451e-02, PNorm = 105.2582, GNorm = 0.1220, lr_0 = 2.0302e-04
Loss = 9.1371e-02, PNorm = 105.2569, GNorm = 0.2230, lr_0 = 2.0281e-04
Loss = 1.7228e-02, PNorm = 105.2590, GNorm = 0.2681, lr_0 = 2.0261e-04
Loss = 6.1944e-02, PNorm = 105.2646, GNorm = 0.2064, lr_0 = 2.0240e-04
Loss = 9.4591e-02, PNorm = 105.2672, GNorm = 0.3797, lr_0 = 2.0219e-04
Loss = 6.1249e-02, PNorm = 105.2741, GNorm = 0.3578, lr_0 = 2.0198e-04
Loss = 5.3118e-02, PNorm = 105.2849, GNorm = 0.8756, lr_0 = 2.0177e-04
Loss = 7.7738e-02, PNorm = 105.2943, GNorm = 3.3458, lr_0 = 2.0157e-04
Loss = 9.3196e-02, PNorm = 105.2898, GNorm = 0.4935, lr_0 = 2.0136e-04
Loss = 2.7823e-02, PNorm = 105.2959, GNorm = 0.4294, lr_0 = 2.0115e-04
Loss = 3.8288e-02, PNorm = 105.3031, GNorm = 0.3183, lr_0 = 2.0095e-04
Loss = 7.7738e-02, PNorm = 105.3066, GNorm = 0.2726, lr_0 = 2.0074e-04
Loss = 3.0303e-02, PNorm = 105.3123, GNorm = 0.2828, lr_0 = 2.0053e-04
Loss = 2.6085e-02, PNorm = 105.3181, GNorm = 0.2094, lr_0 = 2.0033e-04
Loss = 6.2424e-02, PNorm = 105.3213, GNorm = 0.6944, lr_0 = 2.0012e-04
Loss = 5.6163e-02, PNorm = 105.3224, GNorm = 1.5205, lr_0 = 1.9992e-04
Loss = 4.4802e-02, PNorm = 105.3231, GNorm = 0.4651, lr_0 = 1.9971e-04
Loss = 4.1694e-02, PNorm = 105.3246, GNorm = 0.3288, lr_0 = 1.9951e-04
Loss = 4.6131e-02, PNorm = 105.3282, GNorm = 0.2986, lr_0 = 1.9930e-04
Loss = 6.0219e-02, PNorm = 105.3322, GNorm = 0.2351, lr_0 = 1.9910e-04
Loss = 6.6198e-02, PNorm = 105.3324, GNorm = 0.3571, lr_0 = 1.9889e-04
Loss = 4.9964e-02, PNorm = 105.3335, GNorm = 0.5316, lr_0 = 1.9869e-04
Loss = 3.7345e-02, PNorm = 105.3365, GNorm = 0.2947, lr_0 = 1.9848e-04
Loss = 6.9883e-02, PNorm = 105.3390, GNorm = 0.7431, lr_0 = 1.9828e-04
Loss = 5.5000e-02, PNorm = 105.3416, GNorm = 0.5419, lr_0 = 1.9808e-04
Loss = 5.3522e-02, PNorm = 105.3443, GNorm = 0.3183, lr_0 = 1.9787e-04
Loss = 9.7169e-02, PNorm = 105.3454, GNorm = 0.3628, lr_0 = 1.9767e-04
Loss = 4.4605e-02, PNorm = 105.3476, GNorm = 0.5592, lr_0 = 1.9747e-04
Loss = 7.1854e-02, PNorm = 105.3520, GNorm = 0.6496, lr_0 = 1.9726e-04
Loss = 3.9911e-02, PNorm = 105.3560, GNorm = 0.3848, lr_0 = 1.9706e-04
Loss = 4.3523e-02, PNorm = 105.3603, GNorm = 0.2693, lr_0 = 1.9686e-04
Loss = 1.5728e-02, PNorm = 105.3657, GNorm = 0.2345, lr_0 = 1.9666e-04
Loss = 3.6382e-02, PNorm = 105.3686, GNorm = 0.2057, lr_0 = 1.9645e-04
Loss = 6.4567e-02, PNorm = 105.3692, GNorm = 0.2201, lr_0 = 1.9625e-04
Loss = 4.7653e-02, PNorm = 105.3703, GNorm = 0.1942, lr_0 = 1.9605e-04
Loss = 5.2455e-02, PNorm = 105.3703, GNorm = 0.2729, lr_0 = 1.9585e-04
Loss = 3.3710e-02, PNorm = 105.3730, GNorm = 0.2773, lr_0 = 1.9565e-04
Loss = 9.0377e-02, PNorm = 105.3727, GNorm = 0.2960, lr_0 = 1.9545e-04
Loss = 9.6433e-02, PNorm = 105.3714, GNorm = 0.4606, lr_0 = 1.9525e-04
Loss = 4.9285e-02, PNorm = 105.3762, GNorm = 0.4932, lr_0 = 1.9504e-04
Loss = 4.1842e-02, PNorm = 105.3860, GNorm = 0.4730, lr_0 = 1.9484e-04
Loss = 5.7768e-02, PNorm = 105.3928, GNorm = 0.5085, lr_0 = 1.9464e-04
Loss = 1.7984e-02, PNorm = 105.3995, GNorm = 0.2239, lr_0 = 1.9444e-04
Loss = 6.0714e-02, PNorm = 105.4040, GNorm = 1.3579, lr_0 = 1.9424e-04
Loss = 4.1932e-02, PNorm = 105.4067, GNorm = 0.2313, lr_0 = 1.9404e-04
Loss = 3.6924e-02, PNorm = 105.4098, GNorm = 0.7753, lr_0 = 1.9385e-04
Loss = 7.1689e-02, PNorm = 105.4088, GNorm = 0.2686, lr_0 = 1.9365e-04
Loss = 5.6202e-02, PNorm = 105.4082, GNorm = 0.3369, lr_0 = 1.9345e-04
Loss = 4.0839e-02, PNorm = 105.4102, GNorm = 0.3189, lr_0 = 1.9325e-04
Loss = 4.3031e-02, PNorm = 105.4144, GNorm = 0.3305, lr_0 = 1.9305e-04
Validation auc = 0.554806
Epoch 22
Loss = 4.9679e-02, PNorm = 105.4206, GNorm = 0.9473, lr_0 = 1.9285e-04
Loss = 7.0565e-02, PNorm = 105.4223, GNorm = 0.3277, lr_0 = 1.9265e-04
Loss = 5.7885e-02, PNorm = 105.4245, GNorm = 0.9179, lr_0 = 1.9246e-04
Loss = 6.0220e-02, PNorm = 105.4262, GNorm = 0.3322, lr_0 = 1.9226e-04
Loss = 8.1226e-02, PNorm = 105.4285, GNorm = 0.6861, lr_0 = 1.9206e-04
Loss = 6.9900e-02, PNorm = 105.4306, GNorm = 0.4441, lr_0 = 1.9186e-04
Loss = 4.9655e-02, PNorm = 105.4348, GNorm = 0.4080, lr_0 = 1.9167e-04
Loss = 3.9391e-02, PNorm = 105.4418, GNorm = 0.4241, lr_0 = 1.9147e-04
Loss = 5.1873e-02, PNorm = 105.4461, GNorm = 0.5303, lr_0 = 1.9127e-04
Loss = 6.8787e-02, PNorm = 105.4464, GNorm = 0.2551, lr_0 = 1.9108e-04
Loss = 5.7448e-02, PNorm = 105.4467, GNorm = 0.3566, lr_0 = 1.9088e-04
Loss = 2.0407e-02, PNorm = 105.4531, GNorm = 0.2818, lr_0 = 1.9068e-04
Loss = 2.5805e-02, PNorm = 105.4590, GNorm = 0.2169, lr_0 = 1.9049e-04
Loss = 4.8944e-02, PNorm = 105.4622, GNorm = 0.2030, lr_0 = 1.9029e-04
Loss = 3.7567e-02, PNorm = 105.4656, GNorm = 0.7593, lr_0 = 1.9010e-04
Loss = 6.2046e-02, PNorm = 105.4653, GNorm = 0.5321, lr_0 = 1.8990e-04
Loss = 2.6258e-02, PNorm = 105.4670, GNorm = 0.2224, lr_0 = 1.8971e-04
Loss = 3.8041e-02, PNorm = 105.4689, GNorm = 0.2324, lr_0 = 1.8951e-04
Loss = 1.5386e-02, PNorm = 105.4736, GNorm = 0.1969, lr_0 = 1.8932e-04
Loss = 3.0036e-02, PNorm = 105.4768, GNorm = 0.1687, lr_0 = 1.8912e-04
Loss = 1.2241e-01, PNorm = 105.4731, GNorm = 0.7193, lr_0 = 1.8893e-04
Loss = 4.5277e-02, PNorm = 105.4711, GNorm = 0.3709, lr_0 = 1.8873e-04
Loss = 6.1268e-02, PNorm = 105.4741, GNorm = 0.7479, lr_0 = 1.8854e-04
Loss = 6.1695e-02, PNorm = 105.4774, GNorm = 0.4234, lr_0 = 1.8835e-04
Loss = 4.9303e-02, PNorm = 105.4834, GNorm = 0.3414, lr_0 = 1.8815e-04
Loss = 8.2825e-02, PNorm = 105.4875, GNorm = 0.6151, lr_0 = 1.8796e-04
Loss = 3.9921e-02, PNorm = 105.4899, GNorm = 0.2926, lr_0 = 1.8777e-04
Loss = 1.9281e-02, PNorm = 105.4947, GNorm = 0.2577, lr_0 = 1.8757e-04
Loss = 5.0237e-02, PNorm = 105.4987, GNorm = 0.7835, lr_0 = 1.8738e-04
Loss = 2.5447e-02, PNorm = 105.5019, GNorm = 0.2194, lr_0 = 1.8719e-04
Loss = 1.8526e-02, PNorm = 105.5066, GNorm = 0.1774, lr_0 = 1.8700e-04
Loss = 2.7649e-02, PNorm = 105.5109, GNorm = 0.9790, lr_0 = 1.8680e-04
Loss = 8.5710e-02, PNorm = 105.5096, GNorm = 0.2038, lr_0 = 1.8661e-04
Loss = 8.0042e-03, PNorm = 105.5125, GNorm = 0.2291, lr_0 = 1.8642e-04
Loss = 2.9456e-02, PNorm = 105.5162, GNorm = 0.1738, lr_0 = 1.8623e-04
Loss = 3.6630e-02, PNorm = 105.5194, GNorm = 0.1661, lr_0 = 1.8604e-04
Loss = 5.6917e-02, PNorm = 105.5177, GNorm = 0.1967, lr_0 = 1.8585e-04
Loss = 2.4856e-02, PNorm = 105.5183, GNorm = 0.2097, lr_0 = 1.8565e-04
Loss = 4.8680e-02, PNorm = 105.5210, GNorm = 0.9247, lr_0 = 1.8546e-04
Loss = 5.5263e-02, PNorm = 105.5215, GNorm = 0.2582, lr_0 = 1.8527e-04
Loss = 7.1627e-02, PNorm = 105.5214, GNorm = 0.5260, lr_0 = 1.8508e-04
Loss = 3.8511e-02, PNorm = 105.5255, GNorm = 0.3354, lr_0 = 1.8489e-04
Loss = 2.0525e-02, PNorm = 105.5319, GNorm = 0.7259, lr_0 = 1.8470e-04
Loss = 4.8348e-02, PNorm = 105.5372, GNorm = 0.2270, lr_0 = 1.8451e-04
Loss = 4.2726e-02, PNorm = 105.5406, GNorm = 0.2498, lr_0 = 1.8432e-04
Loss = 8.8157e-02, PNorm = 105.5412, GNorm = 0.2970, lr_0 = 1.8413e-04
Loss = 3.1738e-02, PNorm = 105.5435, GNorm = 0.3274, lr_0 = 1.8394e-04
Loss = 5.8397e-02, PNorm = 105.5479, GNorm = 0.3726, lr_0 = 1.8376e-04
Loss = 1.0886e-01, PNorm = 105.5543, GNorm = 2.0353, lr_0 = 1.8357e-04
Loss = 5.3630e-02, PNorm = 105.5617, GNorm = 0.4487, lr_0 = 1.8338e-04
Loss = 7.5107e-02, PNorm = 105.5718, GNorm = 1.0403, lr_0 = 1.8319e-04
Loss = 7.3402e-02, PNorm = 105.5752, GNorm = 0.4396, lr_0 = 1.8300e-04
Loss = 7.7395e-02, PNorm = 105.5780, GNorm = 0.6500, lr_0 = 1.8281e-04
Loss = 7.0823e-02, PNorm = 105.5845, GNorm = 0.5742, lr_0 = 1.8263e-04
Loss = 2.3021e-02, PNorm = 105.5957, GNorm = 0.3801, lr_0 = 1.8244e-04
Loss = 4.5882e-02, PNorm = 105.6076, GNorm = 0.2477, lr_0 = 1.8225e-04
Loss = 3.2377e-02, PNorm = 105.6148, GNorm = 0.2005, lr_0 = 1.8206e-04
Loss = 7.0237e-02, PNorm = 105.6179, GNorm = 0.5095, lr_0 = 1.8188e-04
Loss = 2.8345e-02, PNorm = 105.6221, GNorm = 0.2646, lr_0 = 1.8169e-04
Loss = 5.1698e-02, PNorm = 105.6265, GNorm = 0.5484, lr_0 = 1.8150e-04
Loss = 7.1303e-02, PNorm = 105.6252, GNorm = 0.2709, lr_0 = 1.8132e-04
Loss = 2.5875e-02, PNorm = 105.6246, GNorm = 0.2706, lr_0 = 1.8113e-04
Loss = 5.7033e-02, PNorm = 105.6286, GNorm = 0.7207, lr_0 = 1.8094e-04
Loss = 9.0354e-02, PNorm = 105.6291, GNorm = 0.5625, lr_0 = 1.8076e-04
Loss = 7.3148e-02, PNorm = 105.6318, GNorm = 0.4359, lr_0 = 1.8057e-04
Loss = 4.1060e-02, PNorm = 105.6357, GNorm = 0.3927, lr_0 = 1.8039e-04
Loss = 5.4964e-02, PNorm = 105.6413, GNorm = 0.3269, lr_0 = 1.8020e-04
Loss = 5.9655e-02, PNorm = 105.6470, GNorm = 1.5809, lr_0 = 1.8002e-04
Loss = 4.2898e-02, PNorm = 105.6523, GNorm = 0.4738, lr_0 = 1.7983e-04
Loss = 4.2478e-02, PNorm = 105.6558, GNorm = 0.2772, lr_0 = 1.7965e-04
Loss = 8.7883e-02, PNorm = 105.6573, GNorm = 0.2921, lr_0 = 1.7946e-04
Loss = 5.8662e-02, PNorm = 105.6616, GNorm = 0.3448, lr_0 = 1.7928e-04
Loss = 4.8461e-02, PNorm = 105.6662, GNorm = 0.4079, lr_0 = 1.7909e-04
Loss = 7.3941e-02, PNorm = 105.6699, GNorm = 0.4374, lr_0 = 1.7891e-04
Loss = 6.8278e-02, PNorm = 105.6722, GNorm = 0.3527, lr_0 = 1.7873e-04
Loss = 6.6518e-02, PNorm = 105.6785, GNorm = 0.3542, lr_0 = 1.7854e-04
Loss = 7.2083e-02, PNorm = 105.6844, GNorm = 0.3069, lr_0 = 1.7836e-04
Loss = 2.0593e-02, PNorm = 105.6912, GNorm = 0.3893, lr_0 = 1.7818e-04
Loss = 3.7563e-02, PNorm = 105.6989, GNorm = 0.2212, lr_0 = 1.7799e-04
Loss = 4.3686e-02, PNorm = 105.7042, GNorm = 0.8112, lr_0 = 1.7781e-04
Validation auc = 0.559098
Epoch 23
Loss = 4.5439e-02, PNorm = 105.7067, GNorm = 0.2155, lr_0 = 1.7763e-04
Loss = 4.6248e-02, PNorm = 105.7095, GNorm = 0.1906, lr_0 = 1.7744e-04
Loss = 4.7866e-02, PNorm = 105.7113, GNorm = 0.2542, lr_0 = 1.7726e-04
Loss = 2.5398e-02, PNorm = 105.7152, GNorm = 0.5871, lr_0 = 1.7708e-04
Loss = 6.7294e-02, PNorm = 105.7164, GNorm = 0.6897, lr_0 = 1.7690e-04
Loss = 2.8966e-02, PNorm = 105.7206, GNorm = 0.6533, lr_0 = 1.7672e-04
Loss = 3.8448e-02, PNorm = 105.7251, GNorm = 0.2075, lr_0 = 1.7653e-04
Loss = 3.9466e-02, PNorm = 105.7289, GNorm = 0.1816, lr_0 = 1.7635e-04
Loss = 4.8015e-02, PNorm = 105.7315, GNorm = 0.8084, lr_0 = 1.7617e-04
Loss = 5.4785e-02, PNorm = 105.7308, GNorm = 0.2230, lr_0 = 1.7599e-04
Loss = 6.6703e-02, PNorm = 105.7323, GNorm = 0.4910, lr_0 = 1.7581e-04
Loss = 5.6890e-02, PNorm = 105.7356, GNorm = 1.0877, lr_0 = 1.7563e-04
Loss = 6.3206e-02, PNorm = 105.7409, GNorm = 0.3274, lr_0 = 1.7545e-04
Loss = 8.8480e-02, PNorm = 105.7455, GNorm = 0.3950, lr_0 = 1.7527e-04
Loss = 5.3367e-02, PNorm = 105.7508, GNorm = 0.4005, lr_0 = 1.7509e-04
Loss = 4.8017e-02, PNorm = 105.7595, GNorm = 0.6358, lr_0 = 1.7491e-04
Loss = 6.7144e-02, PNorm = 105.7645, GNorm = 0.2748, lr_0 = 1.7473e-04
Loss = 5.3403e-02, PNorm = 105.7686, GNorm = 0.3351, lr_0 = 1.7455e-04
Loss = 6.0265e-02, PNorm = 105.7750, GNorm = 0.2865, lr_0 = 1.7437e-04
Loss = 8.1906e-02, PNorm = 105.7790, GNorm = 0.3061, lr_0 = 1.7419e-04
Loss = 7.3224e-02, PNorm = 105.7827, GNorm = 0.9842, lr_0 = 1.7401e-04
Loss = 6.1908e-02, PNorm = 105.7877, GNorm = 0.6122, lr_0 = 1.7383e-04
Loss = 4.8315e-02, PNorm = 105.7937, GNorm = 0.8718, lr_0 = 1.7366e-04
Loss = 3.0386e-02, PNorm = 105.7997, GNorm = 0.2956, lr_0 = 1.7348e-04
Loss = 7.3085e-02, PNorm = 105.8043, GNorm = 1.4032, lr_0 = 1.7330e-04
Loss = 5.1814e-02, PNorm = 105.8067, GNorm = 0.7470, lr_0 = 1.7312e-04
Loss = 5.8365e-02, PNorm = 105.8071, GNorm = 0.2813, lr_0 = 1.7294e-04
Loss = 5.1147e-02, PNorm = 105.8095, GNorm = 0.3366, lr_0 = 1.7276e-04
Loss = 1.9254e-02, PNorm = 105.8162, GNorm = 0.2632, lr_0 = 1.7259e-04
Loss = 5.4084e-02, PNorm = 105.8207, GNorm = 0.2076, lr_0 = 1.7241e-04
Loss = 7.2748e-02, PNorm = 105.8228, GNorm = 0.2657, lr_0 = 1.7223e-04
Loss = 3.1924e-02, PNorm = 105.8260, GNorm = 0.2658, lr_0 = 1.7206e-04
Loss = 4.3715e-02, PNorm = 105.8300, GNorm = 0.2597, lr_0 = 1.7188e-04
Loss = 2.6015e-02, PNorm = 105.8356, GNorm = 0.6728, lr_0 = 1.7170e-04
Loss = 8.3538e-02, PNorm = 105.8376, GNorm = 0.2028, lr_0 = 1.7153e-04
Loss = 8.0509e-02, PNorm = 105.8378, GNorm = 1.0545, lr_0 = 1.7135e-04
Loss = 5.1513e-02, PNorm = 105.8403, GNorm = 0.8366, lr_0 = 1.7117e-04
Loss = 5.6379e-02, PNorm = 105.8448, GNorm = 0.4704, lr_0 = 1.7100e-04
Loss = 7.5649e-02, PNorm = 105.8493, GNorm = 0.4288, lr_0 = 1.7082e-04
Loss = 6.6367e-02, PNorm = 105.8546, GNorm = 0.3826, lr_0 = 1.7065e-04
Loss = 5.3679e-02, PNorm = 105.8623, GNorm = 0.5444, lr_0 = 1.7047e-04
Loss = 1.9420e-02, PNorm = 105.8727, GNorm = 0.2705, lr_0 = 1.7030e-04
Loss = 4.9917e-02, PNorm = 105.8806, GNorm = 0.1941, lr_0 = 1.7012e-04
Loss = 8.7128e-02, PNorm = 105.8838, GNorm = 0.7651, lr_0 = 1.6995e-04
Loss = 4.0356e-02, PNorm = 105.8867, GNorm = 0.6421, lr_0 = 1.6977e-04
Loss = 3.2206e-02, PNorm = 105.8930, GNorm = 0.2560, lr_0 = 1.6960e-04
Loss = 4.5304e-02, PNorm = 105.9000, GNorm = 0.6132, lr_0 = 1.6942e-04
Loss = 4.4817e-02, PNorm = 105.9056, GNorm = 0.2259, lr_0 = 1.6925e-04
Loss = 5.4423e-02, PNorm = 105.9101, GNorm = 0.2332, lr_0 = 1.6908e-04
Loss = 5.6829e-02, PNorm = 105.9169, GNorm = 0.9032, lr_0 = 1.6890e-04
Loss = 1.8806e-02, PNorm = 105.9233, GNorm = 0.6633, lr_0 = 1.6873e-04
Loss = 3.3377e-02, PNorm = 105.9313, GNorm = 0.6622, lr_0 = 1.6855e-04
Loss = 6.0052e-02, PNorm = 105.9338, GNorm = 0.9230, lr_0 = 1.6838e-04
Loss = 5.9344e-02, PNorm = 105.9327, GNorm = 0.7502, lr_0 = 1.6821e-04
Loss = 9.1192e-02, PNorm = 105.9230, GNorm = 0.3980, lr_0 = 1.6804e-04
Loss = 2.9242e-02, PNorm = 105.9271, GNorm = 0.8615, lr_0 = 1.6786e-04
Loss = 6.1535e-02, PNorm = 105.9308, GNorm = 0.7709, lr_0 = 1.6769e-04
Loss = 7.0793e-02, PNorm = 105.9321, GNorm = 0.6148, lr_0 = 1.6752e-04
Loss = 3.9160e-02, PNorm = 105.9354, GNorm = 0.5390, lr_0 = 1.6735e-04
Loss = 4.4669e-02, PNorm = 105.9396, GNorm = 0.2302, lr_0 = 1.6717e-04
Loss = 1.0683e-01, PNorm = 105.9402, GNorm = 1.3237, lr_0 = 1.6700e-04
Loss = 1.2259e-02, PNorm = 105.9435, GNorm = 0.2893, lr_0 = 1.6683e-04
Loss = 6.1025e-02, PNorm = 105.9478, GNorm = 0.3068, lr_0 = 1.6666e-04
Loss = 9.1282e-02, PNorm = 105.9498, GNorm = 0.3527, lr_0 = 1.6649e-04
Loss = 5.2251e-02, PNorm = 105.9529, GNorm = 0.2980, lr_0 = 1.6632e-04
Loss = 4.2382e-02, PNorm = 105.9575, GNorm = 0.4331, lr_0 = 1.6615e-04
Loss = 4.6617e-02, PNorm = 105.9631, GNorm = 0.2594, lr_0 = 1.6598e-04
Loss = 5.7932e-02, PNorm = 105.9649, GNorm = 0.2601, lr_0 = 1.6581e-04
Loss = 8.7466e-03, PNorm = 105.9695, GNorm = 0.2086, lr_0 = 1.6563e-04
Loss = 8.7265e-02, PNorm = 105.9722, GNorm = 1.6180, lr_0 = 1.6546e-04
Loss = 4.5149e-02, PNorm = 105.9716, GNorm = 0.2636, lr_0 = 1.6529e-04
Loss = 4.9248e-02, PNorm = 105.9737, GNorm = 0.2606, lr_0 = 1.6512e-04
Loss = 3.8384e-02, PNorm = 105.9765, GNorm = 0.2793, lr_0 = 1.6496e-04
Loss = 2.5007e-02, PNorm = 105.9807, GNorm = 0.2148, lr_0 = 1.6479e-04
Loss = 4.3068e-02, PNorm = 105.9841, GNorm = 0.2045, lr_0 = 1.6462e-04
Loss = 2.1782e-02, PNorm = 105.9873, GNorm = 0.1951, lr_0 = 1.6445e-04
Loss = 3.1401e-02, PNorm = 105.9910, GNorm = 0.1436, lr_0 = 1.6428e-04
Loss = 4.5875e-02, PNorm = 105.9929, GNorm = 1.3595, lr_0 = 1.6411e-04
Loss = 2.5972e-02, PNorm = 105.9944, GNorm = 0.6032, lr_0 = 1.6394e-04
Loss = 5.2103e-02, PNorm = 105.9946, GNorm = 0.1890, lr_0 = 1.6377e-04
Validation auc = 0.556652
Epoch 24
Loss = 5.6877e-02, PNorm = 105.9935, GNorm = 0.2316, lr_0 = 1.6360e-04
Loss = 6.9230e-02, PNorm = 105.9946, GNorm = 0.2035, lr_0 = 1.6344e-04
Loss = 4.6279e-02, PNorm = 105.9973, GNorm = 0.6068, lr_0 = 1.6327e-04
Loss = 5.8304e-02, PNorm = 106.0003, GNorm = 0.3254, lr_0 = 1.6310e-04
Loss = 5.1218e-02, PNorm = 106.0033, GNorm = 0.2438, lr_0 = 1.6293e-04
Loss = 4.6155e-02, PNorm = 106.0072, GNorm = 0.5827, lr_0 = 1.6277e-04
Loss = 5.0182e-02, PNorm = 106.0099, GNorm = 0.2699, lr_0 = 1.6260e-04
Loss = 7.0951e-02, PNorm = 106.0127, GNorm = 0.3135, lr_0 = 1.6243e-04
Loss = 6.2571e-02, PNorm = 106.0162, GNorm = 0.2645, lr_0 = 1.6226e-04
Loss = 4.3348e-02, PNorm = 106.0192, GNorm = 0.2747, lr_0 = 1.6210e-04
Loss = 7.0796e-02, PNorm = 106.0232, GNorm = 0.7150, lr_0 = 1.6193e-04
Loss = 5.4746e-02, PNorm = 106.0257, GNorm = 0.3662, lr_0 = 1.6176e-04
Loss = 5.5101e-02, PNorm = 106.0302, GNorm = 1.1365, lr_0 = 1.6160e-04
Loss = 4.2402e-02, PNorm = 106.0342, GNorm = 0.2750, lr_0 = 1.6143e-04
Loss = 5.0029e-02, PNorm = 106.0385, GNorm = 0.2856, lr_0 = 1.6127e-04
Loss = 2.9263e-02, PNorm = 106.0416, GNorm = 0.2094, lr_0 = 1.6110e-04
Loss = 6.5773e-02, PNorm = 106.0444, GNorm = 0.9542, lr_0 = 1.6094e-04
Loss = 5.9027e-02, PNorm = 106.0442, GNorm = 0.2106, lr_0 = 1.6077e-04
Loss = 1.7654e-02, PNorm = 106.0482, GNorm = 0.5336, lr_0 = 1.6060e-04
Loss = 3.7537e-02, PNorm = 106.0518, GNorm = 0.2027, lr_0 = 1.6044e-04
Loss = 5.5338e-02, PNorm = 106.0542, GNorm = 0.2120, lr_0 = 1.6028e-04
Loss = 3.0533e-02, PNorm = 106.0564, GNorm = 0.2140, lr_0 = 1.6011e-04
Loss = 2.8444e-02, PNorm = 106.0604, GNorm = 0.2181, lr_0 = 1.5995e-04
Loss = 5.0027e-02, PNorm = 106.0608, GNorm = 0.1615, lr_0 = 1.5978e-04
Loss = 3.1701e-02, PNorm = 106.0616, GNorm = 0.1833, lr_0 = 1.5962e-04
Loss = 1.5584e-02, PNorm = 106.0658, GNorm = 0.2216, lr_0 = 1.5945e-04
Loss = 3.6148e-02, PNorm = 106.0706, GNorm = 0.8540, lr_0 = 1.5929e-04
Loss = 1.6171e-02, PNorm = 106.0752, GNorm = 0.7619, lr_0 = 1.5913e-04
Loss = 5.8781e-02, PNorm = 106.0763, GNorm = 0.5553, lr_0 = 1.5896e-04
Loss = 8.9585e-02, PNorm = 106.0729, GNorm = 0.2993, lr_0 = 1.5880e-04
Loss = 4.0869e-02, PNorm = 106.0739, GNorm = 0.3436, lr_0 = 1.5864e-04
Loss = 2.0555e-02, PNorm = 106.0794, GNorm = 0.2183, lr_0 = 1.5847e-04
Loss = 4.5387e-02, PNorm = 106.0848, GNorm = 0.5579, lr_0 = 1.5831e-04
Loss = 5.0662e-02, PNorm = 106.0898, GNorm = 0.1999, lr_0 = 1.5815e-04
Loss = 2.3648e-02, PNorm = 106.0944, GNorm = 0.5176, lr_0 = 1.5799e-04
Loss = 1.6620e-02, PNorm = 106.0995, GNorm = 0.1648, lr_0 = 1.5782e-04
Loss = 4.1482e-02, PNorm = 106.1023, GNorm = 0.1684, lr_0 = 1.5766e-04
Loss = 3.3487e-02, PNorm = 106.1054, GNorm = 0.1575, lr_0 = 1.5750e-04
Loss = 5.8426e-02, PNorm = 106.1059, GNorm = 0.2342, lr_0 = 1.5734e-04
Loss = 4.7973e-02, PNorm = 106.1078, GNorm = 0.2474, lr_0 = 1.5718e-04
Loss = 7.8953e-02, PNorm = 106.1078, GNorm = 0.2890, lr_0 = 1.5701e-04
Loss = 8.0030e-02, PNorm = 106.1110, GNorm = 0.4754, lr_0 = 1.5685e-04
Loss = 4.0349e-02, PNorm = 106.1157, GNorm = 0.3672, lr_0 = 1.5669e-04
Loss = 5.5893e-02, PNorm = 106.1196, GNorm = 0.2832, lr_0 = 1.5653e-04
Loss = 5.3688e-02, PNorm = 106.1230, GNorm = 0.2756, lr_0 = 1.5637e-04
Loss = 6.8692e-02, PNorm = 106.1264, GNorm = 0.2593, lr_0 = 1.5621e-04
Loss = 7.4062e-02, PNorm = 106.1284, GNorm = 0.6709, lr_0 = 1.5605e-04
Loss = 3.5447e-02, PNorm = 106.1314, GNorm = 0.3553, lr_0 = 1.5589e-04
Loss = 2.6959e-02, PNorm = 106.1382, GNorm = 0.2371, lr_0 = 1.5573e-04
Loss = 4.6643e-02, PNorm = 106.1442, GNorm = 0.4183, lr_0 = 1.5557e-04
Loss = 7.9508e-02, PNorm = 106.1440, GNorm = 1.3103, lr_0 = 1.5541e-04
Loss = 1.0121e-01, PNorm = 106.1407, GNorm = 0.5170, lr_0 = 1.5525e-04
Loss = 4.3043e-02, PNorm = 106.1414, GNorm = 0.4187, lr_0 = 1.5509e-04
Loss = 5.6054e-02, PNorm = 106.1478, GNorm = 0.3657, lr_0 = 1.5493e-04
Loss = 3.8638e-02, PNorm = 106.1551, GNorm = 0.5676, lr_0 = 1.5477e-04
Loss = 6.5789e-02, PNorm = 106.1604, GNorm = 0.2441, lr_0 = 1.5461e-04
Loss = 4.9730e-02, PNorm = 106.1633, GNorm = 0.2448, lr_0 = 1.5445e-04
Loss = 3.6030e-02, PNorm = 106.1685, GNorm = 0.9269, lr_0 = 1.5429e-04
Loss = 7.8012e-02, PNorm = 106.1706, GNorm = 0.6589, lr_0 = 1.5414e-04
Loss = 6.2692e-02, PNorm = 106.1740, GNorm = 0.4779, lr_0 = 1.5398e-04
Loss = 7.9938e-02, PNorm = 106.1763, GNorm = 0.9981, lr_0 = 1.5382e-04
Loss = 5.9856e-02, PNorm = 106.1784, GNorm = 0.4021, lr_0 = 1.5366e-04
Loss = 5.2586e-02, PNorm = 106.1815, GNorm = 0.3507, lr_0 = 1.5350e-04
Loss = 1.9850e-02, PNorm = 106.1878, GNorm = 0.2904, lr_0 = 1.5335e-04
Loss = 8.5445e-02, PNorm = 106.1913, GNorm = 0.6489, lr_0 = 1.5319e-04
Loss = 3.5212e-02, PNorm = 106.1947, GNorm = 0.2766, lr_0 = 1.5303e-04
Loss = 4.9707e-02, PNorm = 106.1990, GNorm = 0.2792, lr_0 = 1.5287e-04
Loss = 1.0613e-01, PNorm = 106.1985, GNorm = 1.2416, lr_0 = 1.5272e-04
Loss = 3.3835e-02, PNorm = 106.2000, GNorm = 0.3397, lr_0 = 1.5256e-04
Loss = 3.4925e-02, PNorm = 106.2061, GNorm = 0.4717, lr_0 = 1.5240e-04
Loss = 4.9637e-02, PNorm = 106.2114, GNorm = 1.0617, lr_0 = 1.5225e-04
Loss = 2.4739e-02, PNorm = 106.2166, GNorm = 0.2284, lr_0 = 1.5209e-04
Loss = 1.5608e-02, PNorm = 106.2243, GNorm = 0.1766, lr_0 = 1.5193e-04
Loss = 1.5542e-02, PNorm = 106.2314, GNorm = 0.1351, lr_0 = 1.5178e-04
Loss = 7.5284e-02, PNorm = 106.2319, GNorm = 0.5587, lr_0 = 1.5162e-04
Loss = 1.1895e-01, PNorm = 106.2277, GNorm = 1.3558, lr_0 = 1.5147e-04
Loss = 4.9889e-02, PNorm = 106.2241, GNorm = 0.3559, lr_0 = 1.5131e-04
Loss = 6.7009e-02, PNorm = 106.2277, GNorm = 0.4019, lr_0 = 1.5115e-04
Loss = 6.5732e-02, PNorm = 106.2318, GNorm = 0.3740, lr_0 = 1.5100e-04
Loss = 5.4412e-02, PNorm = 106.2369, GNorm = 0.3481, lr_0 = 1.5084e-04
Validation auc = 0.569056
Epoch 25
Loss = 1.0099e-01, PNorm = 106.2387, GNorm = 0.3215, lr_0 = 1.5069e-04
Loss = 5.7532e-02, PNorm = 106.2426, GNorm = 0.4076, lr_0 = 1.5053e-04
Loss = 5.6545e-02, PNorm = 106.2485, GNorm = 0.3539, lr_0 = 1.5038e-04
Loss = 5.8135e-02, PNorm = 106.2550, GNorm = 1.0334, lr_0 = 1.5022e-04
Loss = 5.5055e-02, PNorm = 106.2559, GNorm = 0.3009, lr_0 = 1.5007e-04
Loss = 4.5459e-02, PNorm = 106.2602, GNorm = 1.0609, lr_0 = 1.4992e-04
Loss = 3.3713e-02, PNorm = 106.2641, GNorm = 0.5043, lr_0 = 1.4976e-04
Loss = 5.6779e-02, PNorm = 106.2676, GNorm = 0.2318, lr_0 = 1.4961e-04
Loss = 5.0793e-02, PNorm = 106.2715, GNorm = 0.2231, lr_0 = 1.4945e-04
Loss = 7.8442e-02, PNorm = 106.2749, GNorm = 2.0563, lr_0 = 1.4930e-04
Loss = 5.9587e-02, PNorm = 106.2752, GNorm = 0.3236, lr_0 = 1.4915e-04
Loss = 2.2905e-02, PNorm = 106.2786, GNorm = 0.3188, lr_0 = 1.4899e-04
Loss = 7.6283e-02, PNorm = 106.2827, GNorm = 0.6176, lr_0 = 1.4884e-04
Loss = 1.0123e-02, PNorm = 106.2868, GNorm = 0.2738, lr_0 = 1.4869e-04
Loss = 4.9435e-02, PNorm = 106.2918, GNorm = 0.1767, lr_0 = 1.4854e-04
Loss = 3.5427e-02, PNorm = 106.2935, GNorm = 0.1824, lr_0 = 1.4838e-04
Loss = 7.2876e-02, PNorm = 106.2935, GNorm = 0.1947, lr_0 = 1.4823e-04
Loss = 5.0367e-02, PNorm = 106.2934, GNorm = 0.3958, lr_0 = 1.4808e-04
Loss = 2.9551e-02, PNorm = 106.2961, GNorm = 0.2767, lr_0 = 1.4793e-04
Loss = 3.6878e-02, PNorm = 106.3017, GNorm = 0.2137, lr_0 = 1.4777e-04
Loss = 7.7933e-02, PNorm = 106.3035, GNorm = 0.5068, lr_0 = 1.4762e-04
Loss = 4.4846e-02, PNorm = 106.3072, GNorm = 0.5613, lr_0 = 1.4747e-04
Loss = 6.8930e-02, PNorm = 106.3113, GNorm = 0.2957, lr_0 = 1.4732e-04
Loss = 1.9083e-02, PNorm = 106.3191, GNorm = 0.2261, lr_0 = 1.4717e-04
Loss = 3.8948e-02, PNorm = 106.3288, GNorm = 0.2424, lr_0 = 1.4702e-04
Loss = 6.4114e-02, PNorm = 106.3367, GNorm = 0.2221, lr_0 = 1.4687e-04
Loss = 8.9676e-02, PNorm = 106.3451, GNorm = 0.2639, lr_0 = 1.4671e-04
Loss = 7.2018e-02, PNorm = 106.3433, GNorm = 0.4239, lr_0 = 1.4656e-04
Loss = 3.1314e-02, PNorm = 106.3444, GNorm = 0.4513, lr_0 = 1.4641e-04
Loss = 7.5424e-02, PNorm = 106.3488, GNorm = 0.2617, lr_0 = 1.4626e-04
Loss = 7.1278e-02, PNorm = 106.3501, GNorm = 0.3759, lr_0 = 1.4611e-04
Loss = 3.9335e-02, PNorm = 106.3500, GNorm = 0.3246, lr_0 = 1.4596e-04
Loss = 4.0613e-02, PNorm = 106.3559, GNorm = 0.6995, lr_0 = 1.4581e-04
Loss = 3.9634e-02, PNorm = 106.3606, GNorm = 0.2250, lr_0 = 1.4566e-04
Loss = 4.9300e-02, PNorm = 106.3640, GNorm = 0.9896, lr_0 = 1.4551e-04
Loss = 3.1889e-02, PNorm = 106.3667, GNorm = 0.1842, lr_0 = 1.4536e-04
Loss = 4.4397e-02, PNorm = 106.3690, GNorm = 0.1941, lr_0 = 1.4521e-04
Loss = 7.1585e-02, PNorm = 106.3690, GNorm = 0.2620, lr_0 = 1.4506e-04
Loss = 8.2879e-02, PNorm = 106.3704, GNorm = 0.4162, lr_0 = 1.4492e-04
Loss = 3.1621e-02, PNorm = 106.3717, GNorm = 0.3177, lr_0 = 1.4477e-04
Loss = 2.9826e-02, PNorm = 106.3758, GNorm = 0.3368, lr_0 = 1.4462e-04
Loss = 4.5477e-02, PNorm = 106.3800, GNorm = 0.2372, lr_0 = 1.4447e-04
Loss = 2.9009e-02, PNorm = 106.3853, GNorm = 0.6634, lr_0 = 1.4432e-04
Loss = 4.4265e-02, PNorm = 106.3881, GNorm = 0.2012, lr_0 = 1.4417e-04
Loss = 4.2200e-02, PNorm = 106.3899, GNorm = 0.1776, lr_0 = 1.4402e-04
Loss = 5.5512e-02, PNorm = 106.3904, GNorm = 0.2267, lr_0 = 1.4388e-04
Loss = 4.5715e-02, PNorm = 106.3918, GNorm = 0.2753, lr_0 = 1.4373e-04
Loss = 5.8851e-02, PNorm = 106.3956, GNorm = 0.2800, lr_0 = 1.4358e-04
Loss = 6.2850e-02, PNorm = 106.3987, GNorm = 0.4406, lr_0 = 1.4343e-04
Loss = 4.8147e-02, PNorm = 106.4023, GNorm = 0.3021, lr_0 = 1.4329e-04
Loss = 9.6421e-02, PNorm = 106.4036, GNorm = 0.3375, lr_0 = 1.4314e-04
Loss = 7.1888e-02, PNorm = 106.4074, GNorm = 0.4660, lr_0 = 1.4299e-04
Loss = 4.0398e-02, PNorm = 106.4124, GNorm = 0.3634, lr_0 = 1.4285e-04
Loss = 2.6070e-02, PNorm = 106.4193, GNorm = 0.2709, lr_0 = 1.4270e-04
Loss = 5.9242e-02, PNorm = 106.4244, GNorm = 0.5622, lr_0 = 1.4255e-04
Loss = 3.9528e-02, PNorm = 106.4264, GNorm = 0.7886, lr_0 = 1.4241e-04
Loss = 3.4306e-02, PNorm = 106.4283, GNorm = 0.6644, lr_0 = 1.4226e-04
Loss = 6.9062e-02, PNorm = 106.4278, GNorm = 0.2054, lr_0 = 1.4211e-04
Loss = 6.7010e-02, PNorm = 106.4267, GNorm = 0.3793, lr_0 = 1.4197e-04
Loss = 7.4437e-02, PNorm = 106.4273, GNorm = 0.2867, lr_0 = 1.4182e-04
Loss = 6.0139e-02, PNorm = 106.4299, GNorm = 0.7694, lr_0 = 1.4168e-04
Loss = 8.5619e-02, PNorm = 106.4318, GNorm = 0.3695, lr_0 = 1.4153e-04
Loss = 2.4303e-02, PNorm = 106.4388, GNorm = 0.5309, lr_0 = 1.4138e-04
Loss = 4.8023e-02, PNorm = 106.4440, GNorm = 0.6208, lr_0 = 1.4124e-04
Loss = 4.6198e-02, PNorm = 106.4476, GNorm = 0.3749, lr_0 = 1.4109e-04
Loss = 2.0544e-02, PNorm = 106.4510, GNorm = 0.2244, lr_0 = 1.4095e-04
Loss = 2.2431e-02, PNorm = 106.4551, GNorm = 0.1579, lr_0 = 1.4080e-04
Loss = 4.7774e-02, PNorm = 106.4561, GNorm = 0.1691, lr_0 = 1.4066e-04
Loss = 8.5158e-02, PNorm = 106.4546, GNorm = 0.6289, lr_0 = 1.4052e-04
Loss = 3.7499e-02, PNorm = 106.4545, GNorm = 0.2458, lr_0 = 1.4037e-04
Loss = 5.0765e-02, PNorm = 106.4550, GNorm = 0.2457, lr_0 = 1.4023e-04
Loss = 5.2903e-02, PNorm = 106.4570, GNorm = 0.4698, lr_0 = 1.4008e-04
Loss = 4.7143e-02, PNorm = 106.4589, GNorm = 0.5891, lr_0 = 1.3994e-04
Loss = 3.0838e-02, PNorm = 106.4621, GNorm = 0.6072, lr_0 = 1.3979e-04
Loss = 6.2746e-02, PNorm = 106.4637, GNorm = 0.4209, lr_0 = 1.3965e-04
Loss = 2.5761e-02, PNorm = 106.4672, GNorm = 0.2447, lr_0 = 1.3951e-04
Loss = 5.5654e-02, PNorm = 106.4702, GNorm = 0.6863, lr_0 = 1.3936e-04
Loss = 7.0347e-02, PNorm = 106.4691, GNorm = 0.2993, lr_0 = 1.3922e-04
Loss = 3.9908e-02, PNorm = 106.4711, GNorm = 0.2563, lr_0 = 1.3908e-04
Loss = 6.8693e-02, PNorm = 106.4724, GNorm = 0.2705, lr_0 = 1.3894e-04
Validation auc = 0.577147
Epoch 26
Loss = 3.9630e-02, PNorm = 106.4759, GNorm = 0.2651, lr_0 = 1.3879e-04
Loss = 3.5812e-02, PNorm = 106.4785, GNorm = 0.2400, lr_0 = 1.3865e-04
Loss = 6.0467e-02, PNorm = 106.4791, GNorm = 0.2251, lr_0 = 1.3851e-04
Loss = 5.3043e-02, PNorm = 106.4786, GNorm = 0.2414, lr_0 = 1.3837e-04
Loss = 3.4640e-02, PNorm = 106.4793, GNorm = 0.1836, lr_0 = 1.3822e-04
Loss = 4.5114e-02, PNorm = 106.4804, GNorm = 0.2093, lr_0 = 1.3808e-04
Loss = 4.6488e-02, PNorm = 106.4815, GNorm = 0.2070, lr_0 = 1.3794e-04
Loss = 6.8591e-02, PNorm = 106.4825, GNorm = 0.7454, lr_0 = 1.3780e-04
Loss = 6.9606e-02, PNorm = 106.4823, GNorm = 0.3451, lr_0 = 1.3766e-04
Loss = 3.7901e-02, PNorm = 106.4862, GNorm = 1.1129, lr_0 = 1.3751e-04
Loss = 4.8758e-02, PNorm = 106.4912, GNorm = 0.5751, lr_0 = 1.3737e-04
Loss = 6.3219e-02, PNorm = 106.4939, GNorm = 0.2443, lr_0 = 1.3723e-04
Loss = 5.3374e-02, PNorm = 106.4956, GNorm = 0.2401, lr_0 = 1.3709e-04
Loss = 8.7271e-02, PNorm = 106.4962, GNorm = 0.9387, lr_0 = 1.3695e-04
Loss = 9.4039e-02, PNorm = 106.4973, GNorm = 0.4150, lr_0 = 1.3681e-04
Loss = 2.8922e-02, PNorm = 106.5021, GNorm = 0.3379, lr_0 = 1.3667e-04
Loss = 4.2793e-02, PNorm = 106.5076, GNorm = 0.2999, lr_0 = 1.3653e-04
Loss = 5.2444e-02, PNorm = 106.5120, GNorm = 0.4182, lr_0 = 1.3639e-04
Loss = 5.5169e-02, PNorm = 106.5142, GNorm = 0.2872, lr_0 = 1.3625e-04
Loss = 6.8107e-02, PNorm = 106.5165, GNorm = 0.2203, lr_0 = 1.3611e-04
Loss = 4.6060e-02, PNorm = 106.5187, GNorm = 0.2943, lr_0 = 1.3597e-04
Loss = 3.9310e-02, PNorm = 106.5229, GNorm = 0.2400, lr_0 = 1.3583e-04
Loss = 7.3603e-02, PNorm = 106.5243, GNorm = 0.2866, lr_0 = 1.3569e-04
Loss = 3.6512e-02, PNorm = 106.5293, GNorm = 0.2596, lr_0 = 1.3555e-04
Loss = 3.9867e-02, PNorm = 106.5352, GNorm = 0.2257, lr_0 = 1.3541e-04
Loss = 3.6114e-02, PNorm = 106.5404, GNorm = 0.7956, lr_0 = 1.3527e-04
Loss = 9.0172e-02, PNorm = 106.5377, GNorm = 0.2371, lr_0 = 1.3513e-04
Loss = 1.9840e-02, PNorm = 106.5393, GNorm = 0.6132, lr_0 = 1.3499e-04
Loss = 1.5310e-02, PNorm = 106.5433, GNorm = 0.2017, lr_0 = 1.3485e-04
Loss = 4.7258e-02, PNorm = 106.5465, GNorm = 0.1879, lr_0 = 1.3472e-04
Loss = 8.4252e-02, PNorm = 106.5467, GNorm = 0.4078, lr_0 = 1.3458e-04
Loss = 2.7533e-02, PNorm = 106.5467, GNorm = 0.2758, lr_0 = 1.3444e-04
Loss = 5.6380e-02, PNorm = 106.5491, GNorm = 0.2252, lr_0 = 1.3430e-04
Loss = 4.4661e-02, PNorm = 106.5507, GNorm = 0.2708, lr_0 = 1.3416e-04
Loss = 7.3366e-02, PNorm = 106.5528, GNorm = 2.1623, lr_0 = 1.3403e-04
Loss = 4.9048e-02, PNorm = 106.5525, GNorm = 0.2567, lr_0 = 1.3389e-04
Loss = 2.7828e-02, PNorm = 106.5571, GNorm = 0.3094, lr_0 = 1.3375e-04
Loss = 4.7328e-02, PNorm = 106.5637, GNorm = 0.5176, lr_0 = 1.3361e-04
Loss = 3.2679e-02, PNorm = 106.5672, GNorm = 0.3220, lr_0 = 1.3348e-04
Loss = 3.4455e-02, PNorm = 106.5700, GNorm = 0.2303, lr_0 = 1.3334e-04
Loss = 5.5614e-02, PNorm = 106.5725, GNorm = 0.3642, lr_0 = 1.3320e-04
Loss = 9.1598e-02, PNorm = 106.5730, GNorm = 1.0924, lr_0 = 1.3306e-04
Loss = 5.9732e-02, PNorm = 106.5714, GNorm = 0.3834, lr_0 = 1.3293e-04
Loss = 8.8791e-02, PNorm = 106.5736, GNorm = 1.1233, lr_0 = 1.3279e-04
Loss = 3.9325e-02, PNorm = 106.5760, GNorm = 0.5056, lr_0 = 1.3265e-04
Loss = 3.0821e-02, PNorm = 106.5818, GNorm = 0.2882, lr_0 = 1.3252e-04
Loss = 4.8096e-02, PNorm = 106.5855, GNorm = 0.1999, lr_0 = 1.3238e-04
Loss = 6.8360e-02, PNorm = 106.5882, GNorm = 0.6569, lr_0 = 1.3225e-04
Loss = 5.8046e-02, PNorm = 106.5897, GNorm = 0.7945, lr_0 = 1.3211e-04
Loss = 6.7503e-02, PNorm = 106.5900, GNorm = 0.3010, lr_0 = 1.3197e-04
Loss = 1.2116e-02, PNorm = 106.5945, GNorm = 0.2852, lr_0 = 1.3184e-04
Loss = 5.7299e-02, PNorm = 106.5994, GNorm = 0.2198, lr_0 = 1.3170e-04
Loss = 5.6882e-02, PNorm = 106.6015, GNorm = 0.2077, lr_0 = 1.3157e-04
Loss = 3.6113e-02, PNorm = 106.6037, GNorm = 0.2681, lr_0 = 1.3143e-04
Loss = 7.6172e-02, PNorm = 106.6054, GNorm = 0.3988, lr_0 = 1.3130e-04
Loss = 4.4207e-02, PNorm = 106.6070, GNorm = 0.4731, lr_0 = 1.3116e-04
Loss = 5.9332e-02, PNorm = 106.6088, GNorm = 0.2943, lr_0 = 1.3103e-04
Loss = 7.8646e-02, PNorm = 106.6098, GNorm = 0.4553, lr_0 = 1.3089e-04
Loss = 7.5956e-02, PNorm = 106.6106, GNorm = 0.3134, lr_0 = 1.3076e-04
Loss = 7.2259e-02, PNorm = 106.6122, GNorm = 0.4156, lr_0 = 1.3063e-04
Loss = 3.8202e-02, PNorm = 106.6163, GNorm = 0.3007, lr_0 = 1.3049e-04
Loss = 4.5986e-02, PNorm = 106.6213, GNorm = 0.2899, lr_0 = 1.3036e-04
Loss = 4.2890e-02, PNorm = 106.6267, GNorm = 0.2946, lr_0 = 1.3022e-04
Loss = 4.6447e-02, PNorm = 106.6307, GNorm = 0.2212, lr_0 = 1.3009e-04
Loss = 1.6713e-02, PNorm = 106.6347, GNorm = 0.1982, lr_0 = 1.2996e-04
Loss = 4.5656e-02, PNorm = 106.6368, GNorm = 0.1737, lr_0 = 1.2982e-04
Loss = 4.2325e-02, PNorm = 106.6345, GNorm = 0.1791, lr_0 = 1.2969e-04
Loss = 4.6031e-02, PNorm = 106.6318, GNorm = 0.5753, lr_0 = 1.2956e-04
Loss = 4.1465e-02, PNorm = 106.6318, GNorm = 0.6217, lr_0 = 1.2942e-04
Loss = 5.7141e-02, PNorm = 106.6312, GNorm = 0.2228, lr_0 = 1.2929e-04
Loss = 4.1598e-02, PNorm = 106.6325, GNorm = 0.6356, lr_0 = 1.2916e-04
Loss = 6.6373e-02, PNorm = 106.6326, GNorm = 0.2414, lr_0 = 1.2902e-04
Loss = 6.6306e-02, PNorm = 106.6346, GNorm = 1.1855, lr_0 = 1.2889e-04
Loss = 3.8597e-02, PNorm = 106.6363, GNorm = 0.3044, lr_0 = 1.2876e-04
Loss = 3.7563e-02, PNorm = 106.6398, GNorm = 0.2657, lr_0 = 1.2863e-04
Loss = 6.8526e-02, PNorm = 106.6421, GNorm = 0.6077, lr_0 = 1.2849e-04
Loss = 3.8483e-02, PNorm = 106.6444, GNorm = 0.2580, lr_0 = 1.2836e-04
Loss = 8.3398e-02, PNorm = 106.6450, GNorm = 0.2775, lr_0 = 1.2823e-04
Loss = 3.3595e-02, PNorm = 106.6465, GNorm = 0.2567, lr_0 = 1.2810e-04
Loss = 3.9046e-02, PNorm = 106.6489, GNorm = 0.2380, lr_0 = 1.2797e-04
Validation auc = 0.575004
Epoch 27
Loss = 4.8245e-02, PNorm = 106.6519, GNorm = 0.2492, lr_0 = 1.2784e-04
Loss = 4.6007e-02, PNorm = 106.6547, GNorm = 0.6086, lr_0 = 1.2770e-04
Loss = 2.7613e-02, PNorm = 106.6566, GNorm = 0.2172, lr_0 = 1.2757e-04
Loss = 5.8385e-02, PNorm = 106.6585, GNorm = 0.3797, lr_0 = 1.2744e-04
Loss = 9.6452e-02, PNorm = 106.6573, GNorm = 0.2714, lr_0 = 1.2731e-04
Loss = 8.0114e-02, PNorm = 106.6562, GNorm = 0.3483, lr_0 = 1.2718e-04
Loss = 7.5932e-02, PNorm = 106.6576, GNorm = 0.3763, lr_0 = 1.2705e-04
Loss = 7.1921e-02, PNorm = 106.6597, GNorm = 0.5144, lr_0 = 1.2692e-04
Loss = 1.0057e-01, PNorm = 106.6624, GNorm = 0.4248, lr_0 = 1.2679e-04
Loss = 4.4452e-02, PNorm = 106.6672, GNorm = 0.6693, lr_0 = 1.2666e-04
Loss = 3.7534e-02, PNorm = 106.6727, GNorm = 0.3116, lr_0 = 1.2653e-04
Loss = 3.0715e-02, PNorm = 106.6777, GNorm = 0.2552, lr_0 = 1.2640e-04
Loss = 2.8484e-02, PNorm = 106.6817, GNorm = 0.1879, lr_0 = 1.2627e-04
Loss = 3.8175e-02, PNorm = 106.6845, GNorm = 0.1866, lr_0 = 1.2614e-04
Loss = 7.2391e-02, PNorm = 106.6844, GNorm = 0.9509, lr_0 = 1.2601e-04
Loss = 3.0263e-02, PNorm = 106.6855, GNorm = 0.3938, lr_0 = 1.2588e-04
Loss = 1.9420e-02, PNorm = 106.6882, GNorm = 0.1809, lr_0 = 1.2575e-04
Loss = 3.3503e-02, PNorm = 106.6906, GNorm = 0.1776, lr_0 = 1.2562e-04
Loss = 6.5913e-02, PNorm = 106.6903, GNorm = 0.1643, lr_0 = 1.2549e-04
Loss = 3.7370e-02, PNorm = 106.6909, GNorm = 0.1748, lr_0 = 1.2536e-04
Loss = 7.3094e-02, PNorm = 106.6907, GNorm = 0.5585, lr_0 = 1.2523e-04
Loss = 4.5830e-02, PNorm = 106.6917, GNorm = 0.2576, lr_0 = 1.2511e-04
Loss = 8.3951e-02, PNorm = 106.6930, GNorm = 0.2767, lr_0 = 1.2498e-04
Loss = 7.2919e-02, PNorm = 106.6943, GNorm = 0.5206, lr_0 = 1.2485e-04
Loss = 4.6931e-02, PNorm = 106.6969, GNorm = 0.7178, lr_0 = 1.2472e-04
Loss = 5.2096e-02, PNorm = 106.7004, GNorm = 0.3179, lr_0 = 1.2459e-04
Loss = 9.5083e-02, PNorm = 106.7020, GNorm = 0.5461, lr_0 = 1.2446e-04
Loss = 5.0155e-02, PNorm = 106.7033, GNorm = 0.3609, lr_0 = 1.2434e-04
Loss = 7.9527e-02, PNorm = 106.7059, GNorm = 0.3340, lr_0 = 1.2421e-04
Loss = 4.4223e-02, PNorm = 106.7099, GNorm = 0.4414, lr_0 = 1.2408e-04
Loss = 4.3218e-02, PNorm = 106.7140, GNorm = 0.3706, lr_0 = 1.2395e-04
Loss = 4.4050e-02, PNorm = 106.7189, GNorm = 0.2486, lr_0 = 1.2383e-04
Loss = 8.4853e-02, PNorm = 106.7216, GNorm = 0.2490, lr_0 = 1.2370e-04
Loss = 3.5653e-02, PNorm = 106.7225, GNorm = 0.2629, lr_0 = 1.2357e-04
Loss = 4.7303e-02, PNorm = 106.7245, GNorm = 0.2277, lr_0 = 1.2344e-04
Loss = 2.2060e-02, PNorm = 106.7290, GNorm = 0.2255, lr_0 = 1.2332e-04
Loss = 2.6031e-02, PNorm = 106.7335, GNorm = 0.1729, lr_0 = 1.2319e-04
Loss = 4.4035e-02, PNorm = 106.7366, GNorm = 0.5614, lr_0 = 1.2306e-04
Loss = 6.9961e-02, PNorm = 106.7378, GNorm = 0.6568, lr_0 = 1.2294e-04
Loss = 3.6976e-02, PNorm = 106.7381, GNorm = 0.2249, lr_0 = 1.2281e-04
Loss = 5.8769e-02, PNorm = 106.7385, GNorm = 0.2413, lr_0 = 1.2269e-04
Loss = 6.3485e-02, PNorm = 106.7399, GNorm = 0.2447, lr_0 = 1.2256e-04
Loss = 5.4993e-02, PNorm = 106.7415, GNorm = 0.2857, lr_0 = 1.2243e-04
Loss = 6.3936e-02, PNorm = 106.7435, GNorm = 0.5980, lr_0 = 1.2231e-04
Loss = 4.7293e-02, PNorm = 106.7454, GNorm = 0.3919, lr_0 = 1.2218e-04
Loss = 3.1319e-02, PNorm = 106.7422, GNorm = 0.2377, lr_0 = 1.2206e-04
Loss = 4.0188e-02, PNorm = 106.7434, GNorm = 0.6410, lr_0 = 1.2193e-04
Loss = 7.3050e-02, PNorm = 106.7435, GNorm = 0.4481, lr_0 = 1.2181e-04
Loss = 5.2937e-02, PNorm = 106.7465, GNorm = 0.5689, lr_0 = 1.2168e-04
Loss = 4.5410e-02, PNorm = 106.7489, GNorm = 0.2008, lr_0 = 1.2156e-04
Loss = 5.3244e-02, PNorm = 106.7496, GNorm = 0.2756, lr_0 = 1.2143e-04
Loss = 5.7654e-02, PNorm = 106.7515, GNorm = 0.7263, lr_0 = 1.2131e-04
Loss = 3.6966e-02, PNorm = 106.7538, GNorm = 0.2672, lr_0 = 1.2118e-04
Loss = 3.3600e-02, PNorm = 106.7571, GNorm = 0.2341, lr_0 = 1.2106e-04
Loss = 1.5127e-02, PNorm = 106.7613, GNorm = 0.1949, lr_0 = 1.2093e-04
Loss = 4.1856e-02, PNorm = 106.7644, GNorm = 0.1421, lr_0 = 1.2081e-04
Loss = 2.6043e-02, PNorm = 106.7664, GNorm = 0.1337, lr_0 = 1.2068e-04
Loss = 7.6634e-02, PNorm = 106.7661, GNorm = 0.1507, lr_0 = 1.2056e-04
Loss = 5.3003e-02, PNorm = 106.7633, GNorm = 0.2034, lr_0 = 1.2044e-04
Loss = 1.9106e-02, PNorm = 106.7645, GNorm = 0.2121, lr_0 = 1.2031e-04
Loss = 6.7637e-02, PNorm = 106.7656, GNorm = 0.6232, lr_0 = 1.2019e-04
Loss = 1.7668e-02, PNorm = 106.7680, GNorm = 0.2031, lr_0 = 1.2007e-04
Loss = 2.8180e-02, PNorm = 106.7712, GNorm = 0.1890, lr_0 = 1.1994e-04
Loss = 3.3143e-02, PNorm = 106.7736, GNorm = 0.1568, lr_0 = 1.1982e-04
Loss = 7.1311e-02, PNorm = 106.7746, GNorm = 0.6595, lr_0 = 1.1970e-04
Loss = 3.4787e-02, PNorm = 106.7739, GNorm = 0.6047, lr_0 = 1.1957e-04
Loss = 3.7321e-02, PNorm = 106.7747, GNorm = 0.2288, lr_0 = 1.1945e-04
Loss = 3.9754e-02, PNorm = 106.7770, GNorm = 0.6325, lr_0 = 1.1933e-04
Loss = 1.4651e-02, PNorm = 106.7803, GNorm = 0.1723, lr_0 = 1.1921e-04
Loss = 3.8141e-02, PNorm = 106.7832, GNorm = 0.1613, lr_0 = 1.1908e-04
Loss = 7.5584e-02, PNorm = 106.7822, GNorm = 0.1804, lr_0 = 1.1896e-04
Loss = 7.6473e-02, PNorm = 106.7787, GNorm = 0.2407, lr_0 = 1.1884e-04
Loss = 8.2206e-02, PNorm = 106.7780, GNorm = 0.5735, lr_0 = 1.1872e-04
Loss = 5.3894e-02, PNorm = 106.7794, GNorm = 0.4180, lr_0 = 1.1859e-04
Loss = 7.1556e-02, PNorm = 106.7824, GNorm = 0.3407, lr_0 = 1.1847e-04
Loss = 3.1774e-02, PNorm = 106.7872, GNorm = 0.3048, lr_0 = 1.1835e-04
Loss = 5.5081e-02, PNorm = 106.7918, GNorm = 0.2685, lr_0 = 1.1823e-04
Loss = 4.0490e-02, PNorm = 106.7944, GNorm = 0.2783, lr_0 = 1.1811e-04
Loss = 3.9366e-02, PNorm = 106.7965, GNorm = 0.1968, lr_0 = 1.1799e-04
Loss = 5.4785e-02, PNorm = 106.7980, GNorm = 1.1277, lr_0 = 1.1786e-04
Validation auc = 0.577433
Epoch 28
Loss = 9.9741e-02, PNorm = 106.7952, GNorm = 0.5126, lr_0 = 1.1774e-04
Loss = 8.6094e-02, PNorm = 106.7935, GNorm = 0.3653, lr_0 = 1.1762e-04
Loss = 2.7051e-02, PNorm = 106.7965, GNorm = 0.3442, lr_0 = 1.1750e-04
Loss = 4.7324e-02, PNorm = 106.8004, GNorm = 0.4901, lr_0 = 1.1738e-04
Loss = 2.7288e-02, PNorm = 106.8033, GNorm = 0.2443, lr_0 = 1.1726e-04
Loss = 3.9036e-02, PNorm = 106.8072, GNorm = 0.7380, lr_0 = 1.1714e-04
Loss = 5.9020e-02, PNorm = 106.8087, GNorm = 0.1994, lr_0 = 1.1702e-04
Loss = 5.5521e-02, PNorm = 106.8088, GNorm = 0.2414, lr_0 = 1.1690e-04
Loss = 7.4928e-02, PNorm = 106.8094, GNorm = 0.1966, lr_0 = 1.1678e-04
Loss = 1.0425e-01, PNorm = 106.8079, GNorm = 0.3514, lr_0 = 1.1666e-04
Loss = 4.1215e-02, PNorm = 106.8105, GNorm = 0.3637, lr_0 = 1.1654e-04
Loss = 3.8983e-02, PNorm = 106.8153, GNorm = 0.3306, lr_0 = 1.1642e-04
Loss = 2.1107e-02, PNorm = 106.8209, GNorm = 0.2607, lr_0 = 1.1630e-04
Loss = 6.4286e-02, PNorm = 106.8233, GNorm = 0.2269, lr_0 = 1.1618e-04
Loss = 5.6247e-02, PNorm = 106.8241, GNorm = 0.2037, lr_0 = 1.1606e-04
Loss = 6.6681e-02, PNorm = 106.8242, GNorm = 0.2597, lr_0 = 1.1594e-04
Loss = 2.2003e-02, PNorm = 106.8265, GNorm = 0.2326, lr_0 = 1.1582e-04
Loss = 1.7496e-02, PNorm = 106.8302, GNorm = 0.1786, lr_0 = 1.1570e-04
Loss = 6.8572e-02, PNorm = 106.8315, GNorm = 0.7326, lr_0 = 1.1559e-04
Loss = 6.9108e-02, PNorm = 106.8306, GNorm = 0.5693, lr_0 = 1.1547e-04
Loss = 2.8113e-02, PNorm = 106.8307, GNorm = 0.2163, lr_0 = 1.1535e-04
Loss = 2.8745e-02, PNorm = 106.8331, GNorm = 0.2366, lr_0 = 1.1523e-04
Loss = 4.9126e-02, PNorm = 106.8366, GNorm = 0.1942, lr_0 = 1.1511e-04
Loss = 5.0498e-02, PNorm = 106.8385, GNorm = 0.8189, lr_0 = 1.1499e-04
Loss = 6.2407e-02, PNorm = 106.8387, GNorm = 0.1970, lr_0 = 1.1487e-04
Loss = 4.5233e-02, PNorm = 106.8399, GNorm = 0.2315, lr_0 = 1.1476e-04
Loss = 4.7968e-02, PNorm = 106.8421, GNorm = 0.2327, lr_0 = 1.1464e-04
Loss = 5.1816e-02, PNorm = 106.8442, GNorm = 0.2642, lr_0 = 1.1452e-04
Loss = 5.0333e-02, PNorm = 106.8469, GNorm = 0.7863, lr_0 = 1.1440e-04
Loss = 2.6468e-02, PNorm = 106.8495, GNorm = 0.2364, lr_0 = 1.1429e-04
Loss = 3.9072e-02, PNorm = 106.8533, GNorm = 0.1550, lr_0 = 1.1417e-04
Loss = 6.1512e-02, PNorm = 106.8531, GNorm = 0.1791, lr_0 = 1.1405e-04
Loss = 2.6100e-02, PNorm = 106.8521, GNorm = 0.1909, lr_0 = 1.1393e-04
Loss = 6.0646e-02, PNorm = 106.8525, GNorm = 0.2198, lr_0 = 1.1382e-04
Loss = 4.1120e-02, PNorm = 106.8535, GNorm = 0.2022, lr_0 = 1.1370e-04
Loss = 3.7880e-02, PNorm = 106.8551, GNorm = 0.2045, lr_0 = 1.1358e-04
Loss = 8.7175e-02, PNorm = 106.8551, GNorm = 0.2155, lr_0 = 1.1347e-04
Loss = 6.2081e-02, PNorm = 106.8546, GNorm = 0.4175, lr_0 = 1.1335e-04
Loss = 6.1990e-02, PNorm = 106.8558, GNorm = 0.2585, lr_0 = 1.1323e-04
Loss = 4.1098e-02, PNorm = 106.8581, GNorm = 0.3256, lr_0 = 1.1312e-04
Loss = 8.1537e-02, PNorm = 106.8590, GNorm = 0.3197, lr_0 = 1.1300e-04
Loss = 4.4861e-02, PNorm = 106.8615, GNorm = 0.2806, lr_0 = 1.1288e-04
Loss = 5.6650e-02, PNorm = 106.8642, GNorm = 0.4176, lr_0 = 1.1277e-04
Loss = 7.6235e-02, PNorm = 106.8641, GNorm = 0.2946, lr_0 = 1.1265e-04
Loss = 2.9085e-02, PNorm = 106.8673, GNorm = 0.2655, lr_0 = 1.1254e-04
Loss = 3.5042e-02, PNorm = 106.8712, GNorm = 0.2896, lr_0 = 1.1242e-04
Loss = 4.0061e-02, PNorm = 106.8750, GNorm = 0.2329, lr_0 = 1.1231e-04
Loss = 6.0664e-02, PNorm = 106.8764, GNorm = 0.1629, lr_0 = 1.1219e-04
Loss = 6.1665e-02, PNorm = 106.8769, GNorm = 0.6059, lr_0 = 1.1208e-04
Loss = 6.3131e-02, PNorm = 106.8769, GNorm = 0.2784, lr_0 = 1.1196e-04
Loss = 7.2414e-02, PNorm = 106.8766, GNorm = 0.2829, lr_0 = 1.1184e-04
Loss = 6.0551e-02, PNorm = 106.8769, GNorm = 0.2935, lr_0 = 1.1173e-04
Loss = 3.5679e-02, PNorm = 106.8800, GNorm = 0.3131, lr_0 = 1.1162e-04
Loss = 4.9121e-02, PNorm = 106.8824, GNorm = 0.2861, lr_0 = 1.1150e-04
Loss = 4.2465e-02, PNorm = 106.8852, GNorm = 0.2778, lr_0 = 1.1139e-04
Loss = 6.5798e-02, PNorm = 106.8861, GNorm = 0.2523, lr_0 = 1.1127e-04
Loss = 4.0549e-02, PNorm = 106.8888, GNorm = 0.6623, lr_0 = 1.1116e-04
Loss = 3.5039e-02, PNorm = 106.8907, GNorm = 0.2203, lr_0 = 1.1104e-04
Loss = 5.8090e-02, PNorm = 106.8924, GNorm = 0.4877, lr_0 = 1.1093e-04
Loss = 1.6606e-02, PNorm = 106.8951, GNorm = 0.1964, lr_0 = 1.1081e-04
Loss = 5.5378e-02, PNorm = 106.8967, GNorm = 0.3536, lr_0 = 1.1070e-04
Loss = 6.2578e-02, PNorm = 106.8961, GNorm = 0.2294, lr_0 = 1.1059e-04
Loss = 4.6522e-02, PNorm = 106.8967, GNorm = 0.2210, lr_0 = 1.1047e-04
Loss = 5.8382e-02, PNorm = 106.8973, GNorm = 0.2554, lr_0 = 1.1036e-04
Loss = 5.3158e-02, PNorm = 106.8990, GNorm = 0.2749, lr_0 = 1.1025e-04
Loss = 4.8123e-02, PNorm = 106.9021, GNorm = 0.2449, lr_0 = 1.1013e-04
Loss = 6.8889e-02, PNorm = 106.9042, GNorm = 0.5501, lr_0 = 1.1002e-04
Loss = 7.2112e-02, PNorm = 106.9047, GNorm = 0.2824, lr_0 = 1.0991e-04
Loss = 2.8071e-02, PNorm = 106.9070, GNorm = 0.4854, lr_0 = 1.0979e-04
Loss = 4.6509e-02, PNorm = 106.9092, GNorm = 0.2374, lr_0 = 1.0968e-04
Loss = 1.8574e-02, PNorm = 106.9131, GNorm = 0.2071, lr_0 = 1.0957e-04
Loss = 7.3221e-02, PNorm = 106.9142, GNorm = 0.2051, lr_0 = 1.0946e-04
Loss = 2.8876e-02, PNorm = 106.9158, GNorm = 0.2260, lr_0 = 1.0934e-04
Loss = 3.8459e-02, PNorm = 106.9178, GNorm = 0.1893, lr_0 = 1.0923e-04
Loss = 3.5959e-02, PNorm = 106.9196, GNorm = 0.2107, lr_0 = 1.0912e-04
Loss = 2.4889e-02, PNorm = 106.9224, GNorm = 0.1654, lr_0 = 1.0901e-04
Loss = 6.0383e-02, PNorm = 106.9230, GNorm = 0.1782, lr_0 = 1.0890e-04
Loss = 4.4198e-02, PNorm = 106.9238, GNorm = 0.1933, lr_0 = 1.0878e-04
Loss = 3.6568e-02, PNorm = 106.9249, GNorm = 0.1662, lr_0 = 1.0867e-04
Loss = 9.7418e-02, PNorm = 106.9243, GNorm = 1.0324, lr_0 = 1.0856e-04
Validation auc = 0.575530
Epoch 29
Loss = 6.6758e-02, PNorm = 106.9238, GNorm = 0.5290, lr_0 = 1.0845e-04
Loss = 2.7550e-02, PNorm = 106.9269, GNorm = 0.6630, lr_0 = 1.0834e-04
Loss = 5.1403e-02, PNorm = 106.9300, GNorm = 0.2694, lr_0 = 1.0823e-04
Loss = 5.3141e-02, PNorm = 106.9324, GNorm = 0.2267, lr_0 = 1.0811e-04
Loss = 4.3578e-02, PNorm = 106.9355, GNorm = 0.6485, lr_0 = 1.0800e-04
Loss = 9.7668e-02, PNorm = 106.9360, GNorm = 0.4067, lr_0 = 1.0789e-04
Loss = 9.9813e-02, PNorm = 106.9350, GNorm = 0.3008, lr_0 = 1.0778e-04
Loss = 3.7687e-02, PNorm = 106.9357, GNorm = 0.3457, lr_0 = 1.0767e-04
Loss = 4.3019e-02, PNorm = 106.9389, GNorm = 0.3169, lr_0 = 1.0756e-04
Loss = 2.7759e-02, PNorm = 106.9438, GNorm = 0.2435, lr_0 = 1.0745e-04
Loss = 3.6070e-02, PNorm = 106.9481, GNorm = 0.4240, lr_0 = 1.0734e-04
Loss = 6.3060e-02, PNorm = 106.9486, GNorm = 0.6088, lr_0 = 1.0723e-04
Loss = 3.4864e-02, PNorm = 106.9502, GNorm = 0.1965, lr_0 = 1.0712e-04
Loss = 6.2502e-02, PNorm = 106.9517, GNorm = 0.2240, lr_0 = 1.0701e-04
Loss = 1.8868e-02, PNorm = 106.9546, GNorm = 0.2154, lr_0 = 1.0690e-04
Loss = 8.7668e-02, PNorm = 106.9544, GNorm = 0.2272, lr_0 = 1.0679e-04
Loss = 1.6480e-02, PNorm = 106.9560, GNorm = 0.4096, lr_0 = 1.0668e-04
Loss = 6.2545e-02, PNorm = 106.9584, GNorm = 1.2686, lr_0 = 1.0657e-04
Loss = 4.5965e-02, PNorm = 106.9592, GNorm = 0.1845, lr_0 = 1.0646e-04
Loss = 9.4923e-02, PNorm = 106.9566, GNorm = 0.2573, lr_0 = 1.0635e-04
Loss = 3.8612e-02, PNorm = 106.9569, GNorm = 0.4459, lr_0 = 1.0624e-04
Loss = 4.0903e-02, PNorm = 106.9597, GNorm = 0.2697, lr_0 = 1.0613e-04
Loss = 4.1473e-02, PNorm = 106.9629, GNorm = 0.2450, lr_0 = 1.0602e-04
Loss = 3.0791e-02, PNorm = 106.9654, GNorm = 0.1900, lr_0 = 1.0591e-04
Loss = 6.6422e-02, PNorm = 106.9675, GNorm = 1.3788, lr_0 = 1.0581e-04
Loss = 3.4292e-02, PNorm = 106.9682, GNorm = 0.5360, lr_0 = 1.0570e-04
Loss = 4.9815e-02, PNorm = 106.9690, GNorm = 0.1863, lr_0 = 1.0559e-04
Loss = 5.0433e-02, PNorm = 106.9700, GNorm = 0.7401, lr_0 = 1.0548e-04
Loss = 6.6758e-02, PNorm = 106.9704, GNorm = 0.4066, lr_0 = 1.0537e-04
Loss = 4.2954e-02, PNorm = 106.9713, GNorm = 0.2060, lr_0 = 1.0526e-04
Loss = 4.2934e-02, PNorm = 106.9734, GNorm = 0.5842, lr_0 = 1.0516e-04
Loss = 8.0905e-02, PNorm = 106.9739, GNorm = 0.2529, lr_0 = 1.0505e-04
Loss = 3.1413e-02, PNorm = 106.9760, GNorm = 0.2434, lr_0 = 1.0494e-04
Loss = 5.0166e-02, PNorm = 106.9781, GNorm = 0.2495, lr_0 = 1.0483e-04
Loss = 1.0320e-01, PNorm = 106.9780, GNorm = 0.3076, lr_0 = 1.0472e-04
Loss = 2.8928e-02, PNorm = 106.9798, GNorm = 0.3149, lr_0 = 1.0462e-04
Loss = 2.4775e-02, PNorm = 106.9835, GNorm = 0.2397, lr_0 = 1.0451e-04
Loss = 3.4779e-02, PNorm = 106.9874, GNorm = 0.1934, lr_0 = 1.0440e-04
Loss = 6.1308e-02, PNorm = 106.9886, GNorm = 0.5540, lr_0 = 1.0429e-04
Loss = 3.5234e-02, PNorm = 106.9899, GNorm = 0.1803, lr_0 = 1.0419e-04
Loss = 6.8342e-03, PNorm = 106.9919, GNorm = 0.1679, lr_0 = 1.0408e-04
Loss = 1.0567e-01, PNorm = 106.9903, GNorm = 0.2223, lr_0 = 1.0397e-04
Loss = 3.7327e-02, PNorm = 106.9910, GNorm = 0.2217, lr_0 = 1.0387e-04
Loss = 3.6132e-02, PNorm = 106.9931, GNorm = 0.2640, lr_0 = 1.0376e-04
Loss = 5.3267e-02, PNorm = 106.9960, GNorm = 0.1996, lr_0 = 1.0365e-04
Loss = 5.5825e-02, PNorm = 106.9977, GNorm = 0.2215, lr_0 = 1.0355e-04
Loss = 3.9924e-02, PNorm = 107.0004, GNorm = 0.2085, lr_0 = 1.0344e-04
Loss = 5.8576e-02, PNorm = 107.0014, GNorm = 0.5992, lr_0 = 1.0333e-04
Loss = 3.6000e-02, PNorm = 107.0030, GNorm = 0.3641, lr_0 = 1.0323e-04
Loss = 3.3431e-02, PNorm = 107.0052, GNorm = 0.1917, lr_0 = 1.0312e-04
Loss = 6.5341e-02, PNorm = 107.0072, GNorm = 0.8879, lr_0 = 1.0302e-04
Loss = 7.3174e-02, PNorm = 107.0065, GNorm = 0.2618, lr_0 = 1.0291e-04
Loss = 6.3542e-02, PNorm = 107.0074, GNorm = 0.2360, lr_0 = 1.0280e-04
Loss = 4.5390e-02, PNorm = 107.0106, GNorm = 0.5542, lr_0 = 1.0270e-04
Loss = 6.2896e-02, PNorm = 107.0140, GNorm = 0.9649, lr_0 = 1.0259e-04
Loss = 6.7764e-02, PNorm = 107.0149, GNorm = 0.2609, lr_0 = 1.0249e-04
Loss = 3.0850e-02, PNorm = 107.0174, GNorm = 0.3172, lr_0 = 1.0238e-04
Loss = 6.2897e-02, PNorm = 107.0205, GNorm = 0.4209, lr_0 = 1.0228e-04
Loss = 3.8221e-02, PNorm = 107.0233, GNorm = 0.2481, lr_0 = 1.0217e-04
Loss = 6.1326e-02, PNorm = 107.0244, GNorm = 0.2560, lr_0 = 1.0207e-04
Loss = 1.8556e-02, PNorm = 107.0275, GNorm = 0.2178, lr_0 = 1.0196e-04
Loss = 6.1121e-02, PNorm = 107.0299, GNorm = 0.2070, lr_0 = 1.0186e-04
Loss = 4.5850e-02, PNorm = 107.0310, GNorm = 0.4519, lr_0 = 1.0175e-04
Loss = 4.6634e-02, PNorm = 107.0326, GNorm = 1.1367, lr_0 = 1.0165e-04
Loss = 4.8065e-02, PNorm = 107.0334, GNorm = 0.2354, lr_0 = 1.0154e-04
Loss = 5.4439e-02, PNorm = 107.0349, GNorm = 0.6633, lr_0 = 1.0144e-04
Loss = 3.9465e-02, PNorm = 107.0354, GNorm = 0.1998, lr_0 = 1.0133e-04
Loss = 3.7804e-02, PNorm = 107.0368, GNorm = 0.4232, lr_0 = 1.0123e-04
Loss = 4.2502e-02, PNorm = 107.0378, GNorm = 0.2179, lr_0 = 1.0113e-04
Loss = 8.3797e-02, PNorm = 107.0381, GNorm = 0.5307, lr_0 = 1.0102e-04
Loss = 4.4000e-02, PNorm = 107.0382, GNorm = 0.2617, lr_0 = 1.0092e-04
Loss = 5.3867e-02, PNorm = 107.0399, GNorm = 1.0382, lr_0 = 1.0082e-04
Loss = 3.4922e-02, PNorm = 107.0415, GNorm = 0.2422, lr_0 = 1.0071e-04
Loss = 7.1324e-02, PNorm = 107.0426, GNorm = 0.2167, lr_0 = 1.0061e-04
Loss = 6.3898e-02, PNorm = 107.0444, GNorm = 0.2293, lr_0 = 1.0050e-04
Loss = 5.1908e-02, PNorm = 107.0469, GNorm = 0.2426, lr_0 = 1.0040e-04
Loss = 3.2494e-02, PNorm = 107.0497, GNorm = 0.2788, lr_0 = 1.0030e-04
Loss = 4.7125e-02, PNorm = 107.0542, GNorm = 0.7474, lr_0 = 1.0020e-04
Loss = 5.9067e-02, PNorm = 107.0540, GNorm = 0.2580, lr_0 = 1.0009e-04
Loss = 4.0988e-02, PNorm = 107.0554, GNorm = 0.2133, lr_0 = 1.0000e-04
Validation auc = 0.579254
Model 0 best validation auc = 0.608336 on epoch 6
Loading pretrained parameter "encoder.encoder.0.cached_zero_vector".
Loading pretrained parameter "encoder.encoder.0.W_i.weight".
Loading pretrained parameter "encoder.encoder.0.W_h.weight".
Loading pretrained parameter "encoder.encoder.0.W_o.weight".
Loading pretrained parameter "encoder.encoder.0.W_o.bias".
Loading pretrained parameter "ffn.1.weight".
Loading pretrained parameter "ffn.1.bias".
Loading pretrained parameter "ffn.4.weight".
Loading pretrained parameter "ffn.4.bias".
Loading pretrained parameter "ffn.7.weight".
Loading pretrained parameter "ffn.7.bias".
Model 0 test auc = 0.624428
Ensemble test auc = 0.624428
1-fold cross validation
	Seed 1 ==> test auc = 0.624428
Overall test auc = 0.624428 +/- 0.000000
Elapsed time = 1 day, 6:25:10
