SMILES,HIT
S(=O)(=O)(CCNC(COC1=CC=C2C(C=CC=C2)=C1)=O)N1CCN(CC1)C1=CC=C(C=C1)OC,0.00401809997856617
C1(=COC(COC2C=CC(=CC=2OC)C)=N1)C(=O)NCC1CCN(C)C1,0.0068918782053515315
C1(C(C)=CC=C(C)C=1C)OCC(NCCN1CCCC(C(N)=O)C1)=O,0.007968610851094127
S(=O)(=O)(CCNC(COC1C=CC=CC=1OC)=O)N1CCN(CC1)C1=CC=C(C=C1)OC,0.005131678155157715
N12C=NN=C1C=CC(OCC(=O)N(CCC)CC1=CC=CC=C1OC)=N2,0.00806521470658481
C(=O)(N[C@@H](CC1C=CC(=CC=1)O)C(O)=O)C1=CC(C)=NC2=C(C=CC=C21)C,0.0031308060511946677
CN1CCN(C2=C3C(N(C4=CC(Cl)=CC=C4)C=C3C3=CC=CC=C3)=NC=N2)CC1,0.008220414188690484
C1(C(NCCC2NN=C(C3=CC=CN=C3)N=2)=O)=C(CC)C2=C(C=CC=C2)N1,0.004133839113637805
S(=O)(=O)(CCNC(COC1C=CC=C(OC)C=1)=O)N1CCN(CC1)C1=CC=C(C=C1)OC,0.004695199057459831
N1(C[C@@H](C[C@H]1C(=O)N(CC)CC)N)C(=O)C1C=CN=C(N)C=1,0.004627026221714914
COC1=NC(NN)=C(N(=O)=O)C=N1,0.0016834613459650427
S(=O)(=O)(CCNC(COC1C=CC(=CC=1)OC)=O)N1CCN(CC1)C1C=CC(=CC=1)OC,0.004733670759014786
CC1=C(C)C(C(C2=CC=NC=C2)N2CCOCC2)=C(NC(C2=CC=CC=C2)=O)S1,0.007152191177010536
S(=O)(=O)(CCNC(COC1C=CC(=CC=1)OCC)=O)N1CCN(CC1)C1C=CC(=CC=1)OC,0.00479901151265949
N(C(C)C)(CC1C=CC=C(C)C=1)C(=O)CCC(C)N1CCN(CC1)C,0.014038300001993775
S(=O)(=O)(CCNC(COC1=CC=C(C=C1)C(C)C)=O)N1CCN(CC1)C1=CC=C(C=C1)OC,0.005122518283315003
C(=O)(NC1C=CC(=CC=1)NC(CCCC)=O)CC(C)N1CCCCC1,0.008896036026999354
S(=O)(=O)(CCNC(COC1C=CC=CC=1F)=O)N1CCN(CC1)C1=CC=C(C=C1)OC,0.0047353707137517635
CCOC1=CC=C(N2C3=C(C(=NC=N3)NCCOCCO)C(C3=CC=CC=C3)=C2)C=C1,0.004254974657669663
S(=O)(=O)(CCNC(COC1=CC=C(C=C1)F)=O)N1CCN(CC1)C1C=CC(=CC=1)OC,0.004343502351548523
CCOC(C1C(C)=C(C(NN=CC2=CC(OC)=C(OC)C=C2)=O)NC=1C)=O,0.005716584250330925
C1(=CC2=C(C=CC=C2)S1)C(=O)N(C)CC1=NOC(C(C)C)=N1,0.008066433016210794
S(=O)(=O)(CCNC(CC1=CC=C(C(OC)=C1)OC)=O)N1CCN(CC1)C1C=CC(=CC=1)OC,0.005274320160970092
S(=O)(=O)(CCNC(CC1=CC=C(C=C1)OCC)=O)N1CCN(CC1)C1C=CC(=CC=1)OC,0.004814487008843571
C1(=NNC(=O)N1CC)C1C=NN(C)C=1C,0.004240275989286601
C1(=CC=C(CN(C(CC)CO)CC2C=CC=CN=2)S1)C1=CC=NN1,0.003094171220436692
S(=O)(=O)(CCNC(CC1C=CC(=CC=1)Cl)=O)N1CCN(CC1)C1C=CC(=CC=1)OC,0.0040614437428303065
C(NCCO)(=O)C1=NC=CC(=C1)NC(C)C1C=CC2=C(OCCCO2)C=1,0.004157103504985571
S(=O)(=O)(CCNC(CC1C=CC(=CC=1)N(=O)=O)=O)N1CCN(CC1)C1C=CC(=CC=1)OC,0.0027358372695744037
S(=O)(=O)(CCNC(=O)CC1=CC=CC2=CC=CC=C12)N1CCN(CC1)C1=CC=C(C=C1)OC,0.004136302426923066
C(OCC)(CN(C)CCCSC1=CC=CC=C1)=O,0.00999591494910419
S(=O)(=O)(CCNC(=O)C(C1C=CC=CC=1)C1=CC=CC=C1)N1CCN(CC1)C1=CC=C(C=C1)OC,0.005181107495445758
S(=O)(=O)(CCNC(CC1C=CC(=CC=1)C1C=CC=CC=1)=O)N1CCN(CC1)C1=CC=C(C=C1)OC,0.00434710803674534
C1(=O)C(CCCN1CC1C=CC=C(OC)C=1OC)(O)CNC1(C(C)C)CC1,0.0098096773494035
S(=O)(=O)(CCNC(=O)C1=CC=C(Br)O1)N1CCN(CC1)C1=CC=C(C=C1)OC,0.004858334828168154
CCOC1=CC=C(N2C3=C(C(N4CCC(C(N)=O)CC4)=NC=N3)C(C3=CC=CC=C3)=C2)C=C1,0.0070369542110711334
S(=O)(=O)(CCNC(=O)C1CC(N(C2=CC=CC=C2)C1)=O)N1CCN(CC1)C1=CC=C(C=C1)OC,0.005605932278558612
C1(C2C=CC(NC=2)=O)=NC(=NN1C1C=CC=C(C)C=1)CCC1C=CC=CC=1,0.0054734731558710335
S(=O)(=O)(CCNC(CCC1C=CC(=CC=1)OC)=O)N1CCN(CC1)C1C=CC(=CC=1)OC,0.004984597698785365
S(=O)(=O)(CCNC(=O)C1=CC=CC=C1SCC)N1CCN(CC1)C1C=CC(=CC=1)OC,0.003968790732324123
S(=O)(=O)(CCNC(=O)C1OC2C=CC=CC=2C(=O)C=1)N1CCN(CC1)C1=CC=C(C=C1)OC,0.004208426980767399
CCOC(C1CCN(C(C2=CC(F)=CC=C2)C2=C(NC(C3=CC=CC=C3)=O)SC(C)=C2C)CC1)=O,0.005846541281789542
C12C=C(CN3CCC(CNC(=O)C4(CCCC4)N)C3)C=CC1=NON=2,0.008891120553016663
S(=O)(=O)(CCNC(=O)C1C=CC(=CC=1)C(C)(C)C)N1CCN(CC1)C1C=CC=CC=1OC,0.005185466585680842
S(=O)(=O)(CCNC(=O)C1C=CC(=CC=1)OC(C)C)N1CCN(CC1)C1C=CC=CC=1OC,0.00480543621815741
C12=NC=CC(N)=C1C=CC=C2C1C=CC(=CC=1)C(C)N1CCOCC1,0.007498056627810001
N1(C(C)=CC(C)=N1)C1CN(C1)CC1=CC2=CC(C)=CC=C2NC1=O,0.0062948357546702026
C1(N=CC2=C(CCN2C2C=CC=CC=2)N=1)N1CCC(C(NC)=O)C1,0.0074347844813019036
S(=O)(=O)(CCNC(=O)C1C=CC(=CC=1)OCCCC)N1CCN(CC1)C1C=CC=CC=1OC,0.004439876857213676
N1=C(C2C=CC3C(=CC=CC=3)C=2)OC(C)=C1CN(C)CCCO,0.0037510501453652976
S(=O)(=O)(CCNC(=O)C1=CC=CC(OC)=C1OC)N1CCN(CC1)C1C=CC=CC=1OC,0.00540587876457721
C(=O)(CCC(=O)N(C)C)N(CCCC)CC1=CC=CC=C1F,0.00928214848972857
N12C=C(N=C1SC=C2C(NCCN1C=CN=C1CC)=O)C1=CC=CC=C1,0.004528795881196856
C1(CN(CCN1C)CC1C=CC2C(=C(C=CC=2)O)N=1)C(O)=O,0.0026047022198326885
S(=O)(=O)(CCNC(=O)C1=CC=C(C(OCC)=C1)OCC)N1CCN(CC1)C1C=CC=CC=1OC,0.0055561240296810865
N1=C(C)ON=C1CN(C)C(=O)CSC1C=CC(=CC=1)Cl,0.006645305268466473
S(=O)(=O)(CCNC(=O)C1C=C(OC)C(=C(OC)C=1)OC)N1CCN(CC1)C1C=CC=CC=1OC,0.005721376789733767
S(=O)(=O)(CCNC(=O)C1=CC=CC=C1Br)N1CCN(CC1)C1C=CC=CC=1OC,0.004872529208660126
S(=O)(=O)(CCNC(=O)C1=CC=CC(Br)=C1)N1CCN(CC1)C1C=CC=CC=1OC,0.004807538050226867
C1(=CN=C(N=C1C)N)C(=O)N(CCC)CC1=CC=C(C=C1)SC,0.004736752063035965
S(=O)(=O)(CCNC(=O)C1C=CC(=CC=1)Br)N1CCN(CC1)C1C=CC=CC=1OC,0.004850909207016229
C1(CC2=CC=CC=C2)(CC(=O)NC2(CC)CC2)C2=CC=CC=C2N(C)C1=O,0.012461780896410346
S(=O)(=O)(CCNC(=O)C1=C(C=CC=C1Cl)F)N1CCN(CC1)C1C=CC=CC=1OC,0.003979934507515282
C1(=NC=CN1C1CCCC2C=CC=CC1=2)C1C=CC=CC=1OCCO,0.005760992248542607
C1(C(NCCC2C=CC(=CC=2)O)=O)=C(C)OC(C2=CC=CC=C2Cl)=C1,0.004238553391769528
S(=O)(=O)(CCNC(=O)C1=CC(Cl)=CC=C1OC)N1CCN(CC1)C1C=CC=CC=1OC,0.004166203469503671
C1(C(C)=CC=C(C)C=1C)OCC(=O)NCC1=CC=CC(OC)=C1OC,0.011839887266978622
S(=O)(=O)(CCNC(=O)C1=CC=CC(=C1C)N(=O)=O)N1CCN(CC1)C1C=CC=CC=1OC,0.0036939755198545756
N1(C[C@@H]2[C@@H](CC(=CC2)C)C1)C(=O)C1=CNN=C1CC,0.007978431391529739
S(=O)(=O)(CCNC(=O)C1=CC=C(C(=C1)N(=O)=O)C)N1CCN(CC1)C1C=CC=CC=1OC,0.0037117018131539226
N1=C(C2CC2)ON=C1C1C=CC(=CC=1)C(=O)N1C[C@@H]2[C@@H](C[C@H]([C@@H](O)C2)O)C1,0.003883426345873886
S(=O)(=O)(CCNC(=O)C1=CC=CC(=C1)C(F)(F)F)N1CCN(CC1)C1C=CC=CC=1OC,0.0032253994781058283
N1C(CNC(COC2=CC=CC(=C2)NC(CC)=O)=O)=CSC=1C(C)C,0.005631969030946493
S(=O)(=O)(CCNC(=O)C1C=CC(=CC=1)C(F)(F)F)N1CCN(CC1)C1C=CC=CC=1OC,0.003345960285514593
N1(CCN(CC1C(O)=O)C1N=CC=CN=1)C(=O)CC1C=CC(=CC=1C)F,0.004298216290771961
S(=O)(=O)(CCNC(=O)C1=CC=CC2=CC=CC=C12)N1CCN(CC1)C1C=CC=CC=1OC,0.004050031292717904
C(=O)(C1=CC=C(N=C1)C1=CC=CC(=C1)C(O)=O)N1CCCN(C2CCCCC2)CC1,0.00854165768250823
S(=O)(=O)(CCNC(=O)C1=CC=C2C(C=CC=C2)=C1)N1CCN(CC1)C1C=CC=CC=1OC,0.0040389848756603895
C1(C=NC=CC=1C)C(=O)NCC1=CC=CN=C1OC1C=CC(=C(F)C=1)F,0.005470471503213048
S(=O)(=O)(CCNC(=O)C1=CC=C(C=C1)C1C=CC=CC=1)N1CCN(CC1)C1C=CC=CC=1OC,0.004278152051847428
C12CN(CCOC1=C(C=C(C1C=CC=C(Cl)C=1)C=2)O)CCCN1C=CC=N1,0.005702809989452362
S(=O)(=O)(CCNC(COC1=CC=C(C=C1)Cl)=O)N1CCN(CC1)C1C=CC=CC=1OC,0.0041180681553669276
C12C=C(CNC(=O)C3=CC=CC(=C3)CN3C=CC=N3)C=CC1=NON=2,0.0058230958878993985
S(=O)(=O)(CCNC(COC1=CC=C2C(C=CC=C2)=C1)=O)N1CCN(CC1)C1C=CC=CC=1OC,0.004154335393104702
C1(=CNN=C1C1C=C(C)C=CC=1C)CN1CCN(CC1)C1=NC=CN=C1C#N,0.003932687651831657
S(=O)(=O)(CCNC(COC1C=CC=CC=1OC)=O)N1CCN(CC1)C1C=CC=CC=1OC,0.005254833900835365
C1(=COC(C)=C1)C(=O)NC1=CC=C(C=C1)NC(=O)C1CC(=NO1)C,0.0058295886730775235
S(=O)(=O)(CCNC(COC1C=CC=C(OC)C=1)=O)N1CCN(CC1)C1C=CC=CC=1OC,0.004848450049757957
C1(SC(=NC=1C)C)C(=O)N(CCCO)CC1=CC=C(C)S1,0.004446503520011902
S(=O)(=O)(CCNC(COC1C=CC(=CC=1)OC)=O)N1CCN(CC1)C1C=CC=CC=1OC,0.004919244209304452
N1(C(=O)CCO)C[C@H]([C@H]2N3CCC(CC3)[C@H]21)C1=CC=C(C=C1)OC,0.004588790726847947
S(=O)(=O)(CCNC(COC1C=CC(=CC=1)OCC)=O)N1CCN(CC1)C1C=CC=CC=1OC,0.004974523116834462
C1(C(=O)N(C)CCN2C3=CC=CC=C3C=C2)ON=C2C=CC=CC=12,0.008917438890784979
S(=O)(=O)(CCNC(COC1=CC=C(C=C1)C(C)C)=O)N1CCN(CC1)C1C=CC=CC=1OC,0.005275751242879778
N1=C(C)ON=C1CN1CCN(CC1)C(=O)C1=CC=CC(=C1)NCC1=CC=CS1,0.005261337431147694
S(=O)(=O)(CCNC(COC1C=CC=CC=1F)=O)N1CCN(CC1)C1C=CC=CC=1OC,0.004914959543384612
S(=O)(=O)(CCNC(COC1=CC=C(C=C1)F)=O)N1CCN(CC1)C1C=CC=CC=1OC,0.0045308863860555
C1(CN(CCCC)CC)=NN=C(CC2CCNCC2)N1C1=CC=CC=C1,0.012321890844032169
S(=O)(=O)(CCNC(CC1=CC=C(C=C1)OCC)=O)N1CCN(CC1)C1C=CC=CC=1OC,0.004962707904633134
S(=O)(=O)(CCNC(CC1C=CC(=CC=1)Cl)=O)N1CCN(CC1)C1C=CC=CC=1OC,0.004196341836359352
C1(C2=CC=C(C=C2C)OC)N(CCC2=CC=NC=C2)C=NC=1C1C=CC=CC=1,0.009867611760273575
S(=O)(=O)(CCNC(CC1C=CC(=CC=1)N(=O)=O)=O)N1CCN(CC1)C1C=CC=CC=1OC,0.002829066279809922
C1(C=C(SC=1NC(=O)C(C)(C)C)C)C(=O)N(C)CC1=NOC(C)=N1,0.0071544949896633625
S(=O)(=O)(CCNC(=O)CC1=CC=CC2=CC=CC=C12)N1CCN(CC1)C1C=CC=CC=1OC,0.0042850513593293725
C1(C=NN(C)C=1C)C1C=C(C2=CC(=CS2)CN2CCCC2)N=C(N)C=1C#N,0.004601323662791401
S(=O)(=O)(CCNC(=O)C(C1C=CC=CC=1)C1=CC=CC=C1)N1CCN(CC1)C1C=CC=CC=1OC,0.005366131663322449
CS(N1CCNCC1)(=O)=O,0.005545601289486513
C1([C@H](CC(C)C)NC(C)=O)=NC(=NN1C1=CC=C2C(OCCO2)=C1)C,0.00847064694389701
S(=O)(=O)(CCNC(=O)C1=CC=C(Br)O1)N1CCN(CC1)C1C=CC=CC=1OC,0.005040428158827126
C12=CC(C3C=CC=CC=3C)=CC(O)=C1OCCN(C(=O)CN1C=CN=C1C)C2,0.003805401315912604
CS(N1CCNCC1)(=O)=O.Cl,0.005010671104537323
S(=O)(=O)(CCNC(=O)C1CC(N(C2=CC=CC=C2)C1)=O)N1CCN(CC1)C1C=CC=CC=1OC,0.005619047326035798
C1(C(=O)NCC2=CSC(C3=CN=CC=N3)=N2)C(C)NC(NC=1C)=O,0.0034409139421768486
S(=O)(=O)(CCNC(CCC1C=CC(=CC=1)OC)=O)N1CCN(CC1)C1C=CC=CC=1OC,0.005104858998674899
C1(C=CC(=C(C)C=1)F)C(N(C)CCN1C=CC=N1)C(O)=O,0.005035845981910825
S(=O)(=O)(CCNC(=O)C1=CC=CC=C1SCC)N1CCN(CC1)C1C=CC=CC=1OC,0.00409999523544684
S=C1N(C2CCCCC2)N=NN1,0.008447464718483389
C1(N2CCC(CC2)C(=O)N(C)CCO)=C2CCCC2=NC(C2C=CC=CC=2)=N1,0.005282940226607025
S(=O)(=O)(CCNC(=O)C1OC2C=CC=CC=2C(=O)C=1)N1CCN(CC1)C1C=CC=CC=1OC,0.004245784238446504
C1(C2NC=CN=2)=C(C2=CC=CC=C2)N=CN1CC1CC2=CC=CC=C2CN1C,0.005888031981885433
S(=O)(=O)(CCNC(CCCC)=O)N1CCN(CC1)C1=CC=CC=C1,0.005273779225535691
C(C1OCCC1)NCC1=CN=CC=C1,0.011027590883895756
[C@@H]12CN(C[C@@H]1[C@H]1CC[C@@H]2O1)CC1C=CC=C(OC)C=1OCCN1CCOCC1,0.012300627757539928
N1(C2=CC=C(C=C2)CCCC)C=C(C=N1)CNCC1=NC(C)=CC(=O)N1,0.005123223783448339
S(=O)(=O)(CCNC(=O)C(C)(C)C)N1CCN(CC1)C1C=CC=CC=1,0.005409455741755664
N1(C=CC=N1)C1=CC=CC(CNC(C)CSCC)=C1,0.007668479415588081
S(=O)(=O)(CCNC(CC(C)(C)C)=O)N1CCN(CC1)C1C=CC=CC=1,0.0058925647754222155
S(=O)(=O)(CCNC(=O)C1=CC=C(C(OCC)=C1)OCC)N1CCN(CC1)C1C=CC=CC=1,0.005513786943629384
S(=O)(=O)(CCNC(=O)C1C=C(OC)C(=C(OC)C=1)OC)N1CCN(CC1)C1=CC=CC=C1,0.005760371964424848
N1(CC2=CC=C(C=C2)F)C(C(C)C)CN(CCC1=O)CC1C(C)=NNC=1C,0.00560044888406992
S(=O)(=O)(CCNC(=O)C1=CC=CC=C1Br)N1CCN(CC1)C1=CC=CC=C1,0.0050605347380042074
C1(C=C(C)C=CC=1NC(C(C)C)=O)C(=O)N(C)CC1NC=C(C)N=1,0.0034216866886708887
C12CC(CCC=1N(N=C2C(O)=O)CC)N(C)CC1ON=C(C2=CC=NC=C2)C=1,0.009149205312132836
S(=O)(=O)(CCNC(=O)C1=CC=CC(Br)=C1)N1CCN(CC1)C1C=CC=CC=1,0.005009828787297011
N1=C(C2C=CC=C(Cl)C=2)OC(C)=C1CN1C=CN=C1C(C)C,0.005255010409746319
N1(CC(C1)O)C(=O)C(CC)NC1C=CC=C(OC)C=1,0.0025398283556569367
CC(N1C(C(O)=O)CCC1)=O,0.00827178223989904
S(=O)(=O)(CCNC(=O)C1C=CC(=CC=1)Br)N1CCN(CC1)C1=CC=CC=C1,0.005040948046371341
C1(C=C(ON=1)CN1CCN(CC1)CC)C(=O)N(C)CC1=CC=CO1,0.010743335587903857
N1C(C2=CC=CN=C2)=NC2=C(CCN(C(C(C)O)=O)C2)C=1N(C)C,0.0034113409463316204
S(=O)(=O)(CCNC(=O)C1=CC=CC=C1I)N1CCN(CC1)C1=CC=CC=C1,0.004976501083001494
C1(C(=O)NCC2=NOC(C3=CC=CO3)=C2)=CC2=C(C=CS2)N1,0.004129164176993072
S(=O)(=O)(CCNC(COC1=CC=C2C(C=CC=C2)=C1)=O)N1CCN(CC1)C1=CC=CC=C1,0.004204339697025716
S(=O)(=O)(CCNC(=O)C(C1C=CC=CC=1)C1=CC=CC=C1)N1CCN(CC1)C1=CC=CC=C1,0.005444486741907895
S(=O)(=O)(CCNC(CC1C=CC(=CC=1)C1C=CC=CC=1)=O)N1CCN(CC1)C1C=CC=CC=1,0.004903872706927359
C1(C=C(NN=1)COC1=CC=CC(OC)=C1)C(=O)N(CC)CCO,0.002866794925648719
S(=O)(=O)(CCNC(=O)CC(C1C=CC=CC=1)C1=CC=CC=C1)N1CCN(CC1)C1C=CC=CC=1,0.005635674227960408
C1(C(C)=NN(C)C=1Cl)S(NCCC1CCCN(CC)C1)(=O)=O,0.0049430073471739885
S(=O)(=O)(CCNC(=O)C1(CCCC1)C1=CC=C(C=C1)Cl)N1CCN(CC1)C1C=CC=CC=1,0.005366143630817532
S(=O)(=O)(N(C)C)C1=CC=C(C=C1)C(NCCS(=O)(=O)N1CCN(CC1)C1C=CC=CC=1)=O,0.004700341168791056
C1(C=CN(CC)N=1)C(=O)N1CCC(CC1)N1CCCC(C(NCCOC)=O)C1,0.007091018836945295
N1(CC2=C(C=NC(C(C)(C)C)=N2)C1)C1=CN=CC(C(=O)N2CCOCC2)=N1,0.007788289245218039
C(=O)(C1=CC=C(N=C1)NCCCN)N1CCCCC1CCN1C=CC=N1,0.00567728360183537
CC1=C(C)C=C2C(N=C(N2)CO)=C1,0.002087363897589967
N1(C[C@@H](C[C@H]1C(=O)N(CC)CC)N)C(=O)CN1C=C2C(C=CC=C2)=N1,0.007952274987474084
S(=O)(=O)(CCNC(=O)C1C2C=CC=CC=2OC2C=CC=CC1=2)N1CCN(CC1)C1C=CC=CC=1,0.0043592928093858065
N1(CC2C=CC(=CC=2)F)C(=O)CCN(C2C=CN=C(N)N=2)CC1C(C)C,0.005137547641061247
C1(CN2CCOCC(CN(C)C)C2)=CC2=CC=C(C=C2NC1=O)C,0.006621628790162504
S(=O)(=O)(CCNC(=O)C1CC(N(C2=CC=CC=C2)C1)=O)N1CCN(CC1)C1=CC=CC=C1,0.005476645275484771
N1N(CCCNCC2=CN=C(N=C2)C2=CC=CC(C)=C2)C2C(=CC=CC=2)N=1,0.00687317259144038
S(=O)(=O)(CCNC(=O)C1CC(N(C2=CC=C(C=C2)C)C1)=O)N1CCN(CC1)C1C=CC=CC=1,0.0057458703638985755
S(=O)(=O)(CCNC(=O)C1CC(N(C2=CC=C(C=C2)OC)C1)=O)N1CCN(CC1)C1=CC=CC=C1,0.005651944526471197
S(=O)(=O)(CCNC(=O)C1CC(N(C2=CC=C(C=C2)F)C1)=O)N1CCN(CC1)C1=CC=CC=C1,0.004928283218760043
N1=C(CC(C)C)ON=C1CN(CC)CC1=CC=CN=C1NC,0.008692978252656757
C1(C2C=C(OC)C(=C(Cl)C=2)O)NC2=C(C=CC=C2)N=1,0.0024596234085038303
S(=O)(=O)(CCNC(=O)C1CC(N(C2=CC=C(C=C2)Cl)C1)=O)N1CCN(CC1)C1=CC=CC=C1,0.005027686269022525
C1(C(=O)NC2=CC=CC=C2)C=C2N(CCCN(C(=O)CSC(C)C)C2)N=1,0.006859910069033503
C1(C=C(NN=1)COC1=CC=CC(F)=C1)C(=O)N(C)CC1=NN=CN1CC,0.003793651855085045
C1(C2C=CC=CC=2OCCO)N(CCCC2C(C)=NNC=2C)C=NC=1C1C=CC=CC=1,0.0035717214457690718
C1(CC(=O)NC(C)C2C=CC(=C(F)C=2)OC)C(C)=NC(=NC=1C)N,0.005936936778016389
C(=O)(N1CCCCCC1)C1=CC=CC=C1NC(=O)C1C=CCN1,0.008209046511910855
S(=O)(=O)(CCNC(=O)C1CC(N(C2C=CC(=C(C)C=2)C)C1)=O)N1CCN(CC1)C1C=CC=CC=1,0.005876580870244652
C1(C2=CC=CC=C2)=C(C)C2=C(C(=CC(Cl)=C2)CNC(=O)C(C)CN(C)C)N1,0.006562614045105874
S(=O)(=O)(CCNS(=O)(=O)C1C=CC(=CC=1)F)N1CCN(CC1)C1C=CC=C(Cl)C=1,0.0034887760411947966
CC1=CC=C(SCCNC(C2=CNC(=O)C=C2)=O)C=C1,0.0032026645727455615
C1(NC=NC=1C)C1=NC=CN1CC1C=NN(CC2=CC=CC=C2)C=1,0.0045973332831636075
C1(C2CCCN2CC(=O)N2CCCC3C=C(C)C=CC2=3)ON=C(CCOC)N=1,0.01060359375551343
C12=C(CCN(C(C)C(N)=O)C1)ON=C2C(C1=CC=CC=C1)C1=CC=CC=C1,0.01082638343796134
C12CN(CCC=1N(N=C2C(O)=O)CCCC1=CC=CC=C1)C(=O)C1=CC=CN1,0.0049534180434420705
C1(=O)C(CCCN1CC1=CC(OC)=CC=C1F)(CNCCC1SC=CN=1)O,0.004980097548104823
S(=O)(=O)(CCNS(=O)(=O)C1=CC=C(C=C1)N(=O)=O)N1CCN(CC1)C1C=CC=C(Cl)C=1,0.0023352518444880845
N1(C=CN=C1C1C=CC(=CC=1)C(C)N(C)C)CC1=CC=CO1,0.008861381700262428
S(=O)(=O)(CCNS(=O)(=O)C1C=CC(=CC=1)Cl)N1CCN(CC1)C1C=CC=CC=1F,0.004033126775175333
C1(C2=CC=CC=C2C)OC(=C(CN2CCN(CC2)C2=NC=CC=C2C(N)=O)N=1)C,0.004692646150942892
COC1=C(OC)C=C2C(CCNC32C2=C(C=CC=C2)NC3=O)=C1,0.010512855648994446
C1(C#N)=C(C2C=NC(=NC=2)CC)C=C(N=C1N)C1=CC=CC(=C1)C(O)=O,0.002750608528731391
S(=O)(=O)(CCNS(=O)(=O)C1C=CC(=CC=1)OC)N1CCN(CC1)C1C=CC=CC=1F,0.004679134662728757
N1(CCCC1C1C=CC=CN=1)CC1C=NC(=NC=1)C1=CC=C2C(C=CC=C2)=C1,0.011434413865208626
S(=O)(=O)(CCNS(=O)(=O)C1=CC=C(C=C1)NC(C)=O)N1CCN(CC1)C1C=CC=CC=1F,0.0039036004920490084
S(=O)(=O)(CCNS(=O)(=O)C1C=CC2=C(OCCO2)C=1)N1CCN(CC1)C1C=CC=CC=1F,0.004719878081232309
S(NCCS(=O)(=O)N1CCN(CC1)C1C=CC=CC=1F)(=O)(=O)C1=C(OC)C=CC(OC)=C1,0.004750001023057848
C1(=CC=C(CN(CC2CCCO2)CC2C=CSC=2)O1)C1=CC=NN1,0.007583857537247241
S(=O)(=O)(CCNS(=O)(=O)C1C=CC(=CC=1)Cl)N1CCN(CC1)C1C=CC(=CC=1)F,0.003759546740911901
N1(CC(C)C)C=NC=C1CNCC1=CC=CC(=C1)OCC(C)=C,0.009250578982755542
S(=O)(=O)(CCNS(=O)(=O)C1C=CC(=CC=1)OC)N1CCN(CC1)C1C=CC(=CC=1)F,0.004364840185735375
N1(CC)C(=O)NN=C1C1CCCN(C1)C1C=C(C)N=C(C(C)C)N=1,0.00404501692391932
S(=O)(=O)(CCNS(=O)(=O)C1=CC=C(C=C1)N(=O)=O)N1CCN(CC1)C1C=CC(=CC=1)F,0.002323187014553696
C1(C=C(N=C(N)C=1C#N)C1C=CN(C)C=1)C1C=C(OC)C(=CC=1Cl)O,0.0026367799029685555
S(NCCS(=O)(=O)N1CCN(CC1)C1=CC=C(C=C1)F)(=O)(=O)C1C(F)=CC=C(F)C=1,0.0035086931311525404
C1(C=CC=CC=1C1C=CC=C(C=1)NC(C)=O)OC(C)C,0.008097607595846056
S(=O)(=O)(CCNS(=O)(=O)C1C=CC2=C(OCCO2)C=1)N1CCN(CC1)C1=CC=C(C=C1)F,0.004323307424783707
C1(=CC=CC2=NON=C12)C1=NC=CN1CC(OC)C1=CC=CS1,0.0058566310675814744
S(NCCS(=O)(=O)N1CCN(CC1)C1=CC=C(C=C1)F)(=O)(=O)C1=C(OC)C=CC(OC)=C1,0.00446449217852205
C1(NN=CC=1C1=CC=C(C=C1)C)C1CCCN(C(=O)C2C=NC=CN=2)C1,0.004228782246354967
S(=O)(=O)(CCNS(=O)(=O)C1=CC=C2C(C=CC=C2)=C1)N1CCN(CC1)C1=CC=C(C=C1)F,0.0036498426110483707
C(=O)(C1=CC=CS1)NC(C)(C)C(=O)NCC1C=NC(=CN=1)C,0.006027267733588815
O=C(NC1=C(C(NCC2=CC=CC=C2)=O)C=CC=C1)CSC1NC2=C(C=CC=C2)N=1,0.00335381162003614
C1(CN(C)CC2=CC3CCCC=3C=C2OC)=NN=CN1CC,0.0162749913521111
S(=O)(=O)(CCNS(=O)(=O)C1C=CC(=CC=1)C)N1CCN(CC1)C1C=CC(=CC=1)OC,0.00444056011037901
N1C(C)=NC(=CC=1NCC1=CC=C(C(OC)=C1)O)CCN,0.005110455537214875
S(=O)(=O)(CCNS(=O)(=O)C1C=CC(=CC=1)F)N1CCN(CC1)C1C=CC(=CC=1)OC,0.004115850722882897
S(=O)(=O)(CCNS(=O)(=O)C1C=CC(=CC=1)Cl)N1CCN(CC1)C1C=CC(=CC=1)OC,0.003915611130651087
C(=O)(C1=CC=CN=C1OC)N1CCCC(CCC2C=CC(=CC=2)F)C1,0.007244027429260313
S(=O)(=O)(CCNS(=O)(=O)C1=CC=C(C=C1)NC(C)=O)N1CCN(CC1)C1=CC=C(C=C1)OC,0.004044937482103705
N1(CC)C=CC2=CC=C(CN3CCCN(C(COC)=O)CC3)C=C12,0.010381513508036733
S(NCCS(=O)(=O)N1CCN(CC1)C1=CC=C(C=C1)OC)(=O)(=O)C1=C(OC)C=CC(OC)=C1,0.004529914050363004
C1(CN2CCCCCC2=O)N(C2C=CC(=CC=2)F)N=C(C2C=CC=CC=2)N=1,0.006320679606869817
S(=O)(=O)(CCNS(=O)(=O)C1=CC=C2C(C=CC=C2)=C1)N1CCN(CC1)C1=CC=C(C=C1)OC,0.003865064086858183
C1(N(CC)N=CN=1)NC(=O)C1=CC=CC(=C1)CN1CCCC1C1=CC(=NO1)C,0.006631309608928859
S(=O)(=O)(CCNS(=O)(=O)C1=CC=C(C=C1)N(=O)=O)N1CCN(CC1)C1C=CC=CC=1OC,0.0026067169033922254
N1C(C2CC2)=NNC=1C1C2=CC=CC=C2N=C(C2C=CN=CC=2)C=1,0.00666857052128762
S(NCCS(=O)(=O)N1CCN(CC1)C1C=CC=CC=1OC)(=O)(=O)C1=C(OC)C=CC(OC)=C1,0.004690395516809076
C12C(=CC=C(C3C=CC=CC=3CN3CCOCC3)C=1)N=CN=C2OC,0.008473265590146184
S(=O)(=O)(CCNS(CC)(=O)=O)N1CCN(CC1)C1C=CC=CC=1,0.004508122405968607
S(=O)(=O)(CCNS(=O)(=O)C1C=CC(=CC=1)C)N1CCN(CC1)C1=CC=CC=C1,0.004615510639268905
C1(=CC(=NO1)CC)C(=O)N(C(C)COC)CC1=CC=C(C(OC)=C1)OC,0.011891892505809664
C12C(CC)=C(SC=1N=CN=C2N1CCCN(C(COC)=O)CC1)C,0.006495494651608169
S(=O)(=O)(CCNS(=O)(=O)C1C=CC(=CC=1)Cl)N1CCN(CC1)C1C=CC=CC=1,0.004221832030452788
C1(=COC(COC2=CC=C3C(OCO3)=C2)=N1)C(=O)N(CC=C)C(C)C,0.007029394106939435
S(=O)(=O)(CCNS(=O)(=O)C1C=CC(=CC=1)Br)N1CCN(CC1)C1C=CC=CC=1,0.005071004130877554
C(=O)(NC(C)(C)C)C1C=CC=C(C=1C)NC(=O)C1C=CC(=C(C)C=1)C,0.009836447099223733
C1(C(=O)NC2=CC=CC(=C2)NC(=O)C2C=CC=CC=2OC)=NOC(C)=C1COC,0.008127844100818038
S(=O)(=O)(CCNS(=O)(=O)C1=CC=C(C=C1)N(=O)=O)N1CCN(CC1)C1C=CC=CC=1,0.0025533580163028093
C1(=CN=C2C=CC=CN12)C(=O)N(CCO)CC1=NC=CN1C,0.002281040220987052
S(=O)(=O)(CCNS(=O)(=O)C1=CC=C(C=C1)NC(C)=O)N1CCN(CC1)C1=CC=CC=C1,0.004217021004296839
C1(N2CCCC2)=NC(N)=CC(NCC2(CCCCC2)O)=N1,0.008390216436237097
OC(C1=C(SC2=CC=CC=C2)C=CC=C1)=O,0.007004843791946769
S(=O)(=O)(CCNS(=O)(=O)C1C(C)=CC(=CC=1C)C)N1CCN(CC1)C1=CC=CC=C1,0.005175998655613512
S(=O)(=O)(CCNS(=O)(=O)C1C=CC(=C(OC)C=1)OC)N1CCN(CC1)C1=CC=CC=C1,0.005285835277754813
C1(C(C)NC2C=C(CCN)N=C(C)N=2)=C(C)N(N=C1C)CC,0.010054488154128193
S(=O)(=O)(CCNS(=O)(=O)C1C=CC2=C(OCCO2)C=1)N1CCN(CC1)C1=CC=CC=C1,0.0048133317031897604
C(=O)(N(CCO)CC1=CC=C(C=C1)SC)C1=CC=NC=C1F,0.0033147455425933
S(=O)(=O)(CCNS(=O)(=O)C1C=CC(=C(C)C=1)OC)N1CCN(CC1)C1=CC=CC=C1,0.0045994959305971864
N1=C(NCCC2=NN=C(N)S2)C2CCNCC=2N=C1C1=CC=CC=C1,0.004484081175178289
S(NCCS(=O)(=O)N1CCN(CC1)C1=CC=CC=C1)(=O)(=O)C1=C(OC)C=CC(OC)=C1,0.0045171777019277215
C(=O)(N(C)CCOC1=CC=CC=C1OCC)C1=CC=C2C(OCC(=O)N2)=C1,0.009855718351900578
C1(=CN=C(N2CCOCC2)S1)C1=NC=CN1C1C=CC=C(OC)C=1,0.007024092227220535
CC(C1C2=C(C=CC(=C2)O)C(C)(C)C1)C,0.016003427281975745
S(=O)(=O)(CCNS(=O)(=O)C1=CC=C2C(C=CC=C2)=C1)N1CCN(CC1)C1C=CC=CC=1,0.0042182124685496095
C(=O)(C1=CC=C(N=C1)C1C=CSC=1)N1CCCC(C2C=CC=CC=2)CC1,0.010345000354573131
S(=O)(=O)(CCNS(=O)(=O)C1=CC=C2C(OCCO2)=C1)N1CCN(CC1)CC,0.005722230183891952
C1(CN(C)CC2NC3C(=CC=C(F)C=3)N=2)=CC(=O)OC2=CC(C)=C(C)C=C12,0.00317259740550071
S(=O)(=O)(CCNS(C)(=O)=O)N1CCN(CC1)CC1C=CC=CC=1,0.004571174469310791
C1(C(NCCSC2=NN=C(C)S2)=O)OC(=NC=1C)CC,0.004430392803624272
N1=C(COC2=CC=CC3C=CC(C(N)=O)=NC2=3)ON=C1C1C=CC2=C(OCO2)C=1,0.007117434171959758
N1(C(=O)C=CC(C2C=CC=CC=2)=N1)CC1=NN=C(SCC2C=CC=CC=2)O1,0.007086156867444515
N12C=CC=CC1=NC=C2CCNC(=O)CC1CCC2=CC=CC=C12,0.0062654814682900906
N1(C(=O)C=CC(C2C=CC=CC=2)=N1)CC1=NN=C(SCC2=CC=CC=C2F)O1,0.005515030724927783
C1(C(C)=NNC=1C)C(NC(CCC1=CC=C2C(OCO2)=C1)=O)C(O)=O,0.004254395479802042
C1(C2=CC=CC=N2)=NC=C(C=N1)CN1CCCN2CCC[C@H]2C1,0.010590716451406478
N1(C(=O)C=CC(C2C=CC=CC=2)=N1)CC1=NN=C(SCC2C=CC=C(F)C=2)O1,0.005527294310741127
C(=O)(N1CCN(CC1)C)C1CCCN(C2CCN(CC2)C(=O)C(C)(C)OC)C1,0.01281634820625186
CN1C(C2=CC(NS(C3=CC=C(F)C=C3)(=O)=O)=CC=C2)=NN=C1,0.003800996765494347
N1C(C2=CC=CN=C2)=NC2=C(CCNC2)C=1N1CCCN(C)CC1,0.00832909820601344
N1(C(=O)C=CC(C2C=CC=CC=2)=N1)CC1=NN=C(SCC2=CC=C(C=C2)F)O1,0.0055910894647240635
S(NC)(=O)(=O)C1C=CC(=CC=1)CN(CCOC)CC1C=CC(=CC=1)C,0.0070970124332234265
N1(C(=O)C=CC(C2C=CC=CC=2)=N1)CC1=NN=C(SCC(=O)NC2C=C(C)C=C(C)C=2)O1,0.005465265596285462
N1(C=NN=C1CC1C2C=CC=CC=2NC=1)C1=CC(=NN1C)C,0.005370626004878432
N1(C(=O)C=CC(C2C=CC=CC=2)=N1)CC1=NN=C(SCC(=O)NC2C=CC3=C(OCCO3)C=2)O1,0.004918855777941644
N1(C(=O)C=CC(C2C=CC=CC=2)=N1)CC1=NN=C(SCC(=O)NCC2=CC=C(C=C2)F)O1,0.004871048266068101
C12C(=O)NC(=NC=1SC(C(=O)N1C[C@@H](C[C@H]1C(NCC)=O)N)=C2C)C,0.0037448456743732093
N1(C(=O)C=CC(C2=CC=CC=C2)=N1)CC1=NN=C(SCC(NCCC2C=CC=CC=2)=O)O1,0.005737781547941268
N1=CN(C(C2C=CC(=CC=2)C#CCCO)=C1C1C=CC=CC=1)CCNC(C)=O,0.003035186033230275
CCOC(C1C(C)=C(NC(NNC(C2=C(Cl)C=CC=C2)=O)=O)NC=1C)=O,0.0018733038188656792
C12(CCN(CC1)C(=O)NC1CCCCC1)C(=O)NC(COC)=N2,0.0035038903122767808
N1(C(=O)C=CC(C2C=CC=CC=2)=N1)CC1=NN=C(SCC(=O)N2CCN(CC2)C2C=CC=CC=2)O1,0.005118657927960157
C1(=O)N(CCCC1(CNCC1=CC=C(C)O1)O)CCC1C=CC=CC=1,0.009256600635126233
N1(C(=O)C=CC(C2=CC=CC=C2)=N1)CC1=NN=C(SCC(=O)N2CCOCC2)O1,0.005644045607186854
C1(C=CC(N(CC(=O)N2CCC3(CCCNC3)C2)C=1)=O)C(F)(F)F,0.004419209167826921
N1(C(=O)C=CC(C2C=CC=CC=2)=N1)CC1=NN=C(SCC(C2C=CC=CC=2)=O)O1,0.009743038658052683
N1(C(=O)C=CC(C2C=CC=CC=2)=N1)CC1=NN=C(SCC(=O)NCC2CCCO2)O1,0.005384182371199131
C1(C(=O)N2CCC3=C(N=C(NC3=O)N(C)C)C2)=NNC2CCN(C)CC1=2,0.004865760030224919
N1(C(=O)C=CC(C2C=CC(=CC=2)C)=N1)CC1=NN=C(SCC(=O)N2CCCC3=CC=CC=C23)O1,0.006709991674870253
S(=O)(=O)(N1CCC2=C(C=CC=C2)C1)C1C(C)=NN(C(CC)=O)C=1C,0.007163389236666262
S(=O)(=O)(N1CCC2=C(C=CC=C2)C1)C1C(C)=NN(C(CCC)=O)C=1C,0.007682266901247204
O=C1NC(=O)C(C2=CC=CC=C2)N1,0.0017906240274896846
S(=O)(=O)(N1CCC2=C(C=CC=C2)C1)C1C(C)=NN(C(=O)C(C)(C)C)C=1C,0.009089293004944921
N1(CCCN(CC2OC(=NN=2)C)CC1C(C)C)CC1=CC=C(C=C1)F,0.009006046038120986
S(=O)(=O)(N1CCC2=C(C=CC=C2)C1)C1C(C)=NN(C(=O)CC(C)C)C=1C,0.008901274064555764
S(=O)(=O)(N1CCC2=C(C=CC=C2)C1)C1C(C)=NN(C(=O)C2CC2)C=1C,0.00868688323535025
C1(C2=CC(O)=C3C(CN(CCO3)C(CSC)=O)=C2)SC2=C(C=CC=C2)N=1,0.003915993217378855
C1(C(C)=NN(C(C2=CC=CC=C2)=O)C=1C)S(=O)(=O)N1CCOCC1,0.005254800221882761
C1(C=CSC=1)C(=O)NCC1=CC=CN=C1OC1=CC=CC(=C1)C(F)(F)F,0.0038849584641866388
C1(C(C)=NN(C(C2C=CC=CC=2)=O)C=1C)S(=O)(=O)N1CCCCCC1,0.007056511216796934
N1=C(CN(CC=C)C(=O)C2C=CC=C(OC)C=2OC)ON=C1C1=CC=CC=C1,0.008880966482684017
C1(C(C)=NN(C(C2C=CC=CC=2)=O)C=1C)S(=O)(=O)N1CCCC1,0.006107051786966622
C1(C=NN(C)C=1)C1=CC(=C2C(C=CC=C2)=N1)C(=O)NC1CCCCCC1,0.010664596548303961
C1(C(C)=NN(C(C2C=CC=CC=2)=O)C=1C)S(=O)(=O)N1CCCCC1,0.005717014311812818
N1(CCCC1C)CC1C=CC=C(C=1)C(=O)NC1C=CC2=C(CCC2=O)C=1,0.013572379108518362
C1(C(C)=NN(C(C2=CC=CC=C2)=O)C=1C)S(=O)(=O)N1CCC(CC1)C,0.006209731195122003
S(CC1=CC=CC(Cl)=C1)(=O)(=O)N[C@H]1CN([C@H](C(OC)=O)C1)C,0.003692434134427458
CC1(CC(=O)NC(=O)C1)C,0.004298501962330193
C1(CN2C(=O)C=CC(=O)N2)=NC(=NN1C1C=CN=CC=1C)C1=CC=CC=C1,0.003695513657294214
C1(C=NN2C=C(CN(CC)CC)C=NC=12)C(=O)N1CCC(CC1)CN,0.008351802942343056
S(=O)(=O)(N1CCC2=C(C=CC=C2)C1)C1C(C)=NN(C(C2=CC=CC=C2)=O)C=1C,0.007238356047309935
CN(C(N1CCN(C(N(C)C)=O)CC1)=O)C,0.006521556014195085
C1(C(C)=NN(C(C2C=CC=CC=2)=O)C=1C)S(=O)(=O)N(CC)CC,0.006523318705148995
S(=O)(=O)(N1CCC2=C(C=CC=C2)C1)C1C(C)=NN(C(=O)C2=CC=CC=C2C)C=1C,0.007600582600571215
N(C)(C[C@H]1CC[C@@H](CC2=CC=CC(O)=C2)O1)C1CCN(CC1)C,0.00806197957135737
C1(C(C)=NN(C(=O)C2=CC=CC(C)=C2)C=1C)S(=O)(=O)N1CCOCC1,0.00564476908184588
C1(C2C=CC=CC=2CO)N=C(N)N=C2NN=CC=12,0.0013727256417041644
C1(=CC(C)=NC2=C(C=CC=C21)C)C(=O)N(C)CC1C=CC(=CN=1)CC,0.012196322483941913
C1(C(C)=NN(C(=O)C2=CC=CC(C)=C2)C=1C)S(=O)(=O)N1CCCC1,0.006526674423366785
C(=O)(C1C=CC=CC=1C)N1CCOC(C1)C1=CC=C(C(Cl)=C1)Cl,0.010362788010388613
C1(C(C)=NN(C(=O)C2=CC=CC(C)=C2)C=1C)S(=O)(=O)N1CCCCC1,0.006082633510231972
C1(C(C)(C)C)=CC(=NN1)CN1CCN(CC1)C1C(=CC=CN=1)C,0.00571107380092144
C1(=NC=CN1C1=CC=CC(=C1)N1CCNC1=O)C1SC=CC=1C,0.0026839533471502363
C1(C(C)=NN(C(=O)C2=CC=CC(C)=C2)C=1C)S(=O)(=O)N1CCC(CC1)C,0.006545143201947212
C1(=O)NCCN1CCNC(COC1=CC=CC(=C1)NC(CC)=O)=O,0.00433688493212685
CN(C1=NC(CC#N)=NC(N)=N1)C,0.0036552876620817186
N12C=C(Cl)C=CC1=NC(C)=C2CN1CCC2=C(N=CN2)C1C1C=CN=CC=1,0.00558049090905115
S(=O)(=O)(N1CCC2=C(C=CC=C2)C1)C1C(C)=NN(C(=O)C2=CC=CC(C)=C2)C=1C,0.007509968453086912
C1(C(C)=NN(C(=O)C2C=CC(=CC=2)C)C=1C)S(=O)(=O)N1CCOCC1,0.0057620560517534615
N1(C2C(=CC=CN=2)C)N=C(N=C1C(C1=CC=CC=C1)N1C=NN=N1)C1CC1,0.009012528648599982
C1(C(C)=NN(C(=O)C2=CC=C(C=C2)C)C=1C)S(=O)(=O)N1CCCCCC1,0.007546488335356117
C1(CN2CCC(C2)N(C)C(C)=O)=CC2=CC=C(C=C2NC1=O)SC,0.00430473149754107
C1(C(C)=NN(C(=O)C2=CC=C(C=C2)C)C=1C)S(=O)(=O)N1CCCC1,0.006644220626913011
C1(C)=C(CNCC2=CC(OCC)=C(C(Cl)=C2)OCC)N=CC(C)=C1O,0.00869661250617355
C1(C2=CC=C(C3C=CC=CC2=3)OC)OC(=C(CN2CCCC(CN)C2)N=1)C,0.007832615170627832
C1(C(C)=NN(C(=O)C2=CC=C(C=C2)C)C=1C)S(=O)(=O)N1CCCCC1,0.0061685043619945645
C1(CNC(=O)C2CCCN(CC3=CC=CO3)C2)(CN2C=CC=N2)CC1,0.009121439326554537
C1(C(C)=NN(C(=O)C2=CC=C(C=C2)C)C=1C)S(=O)(=O)N1CCC(CC1)C,0.00664691582787782
C1(N(CCOCC)C=NC=1C1=CC=CC=C1)C1C=C(OC)C(=CC=1OC)OC,0.008481184812262654
C12CN(CCC=1NN=C2C1=CC=CC2=CC=CC=C12)CC1=NC=CN1C(C)C,0.005844398564659059
S(=O)(=O)(N1CCC2=C(C=CC=C2)C1)C1C(C)=NN(C(=O)C2C=CC(=CC=2)C)C=1C,0.007601656159386039
C12C=C(C=CC=1C(C1C=CC(=CC=1)C)CC(=O)N2)NC(=O)C1C=CC=NC=1,0.007058551022782922
N1N=CN(CCCC(=O)N2CCC3(CC2)CCOCC3)N=1,0.006407736334949732
C1(C(=O)NC2=CC=CC=C2)C=C2N(CCN(CC3C(CO)=CN=C(C)C=3O)C2)N=1,0.004152993520256132
C1(C(C)=NN(C(=O)C2=CC=C(C=C2)C)C=1C)S(=O)(=O)N(CC)CC,0.0071216618409380315
C12CCN(CCC=1N=C(N(C)C2=O)C)C(=O)NC1C=CC=CC=1C(C)C,0.0058775270357728
C1(C(C)=NN(C(=O)C2C=C(C)C=C(C)C=2)C=1C)S(=O)(=O)N1CCOCC1,0.006291840225458145
C1(C2SC=CC=2C)=C(C2C=CC=CC=2)N=CN1CC1C=C(NN=1)COC,0.005124971573241055
SC1N(CC2=CC=CC=C2)N=NN=1,0.0039154284299002026
C1(C(C)=NN(C(=O)C2C=C(C)C=C(C)C=2)C=1C)S(=O)(=O)N1CCCCCC1,0.0080566116143018
N1(C)C(COC2=CC=C(C=C12)C(=O)N(C)C)CC(=O)NCC1=CN=CN1C1CC1,0.005714625283144414
C1(C(C)=NN(C(=O)C2C=C(C)C=C(C)C=2)C=1C)S(=O)(=O)N1CCCC1,0.007200446864590049
C1(=CNC(C)=N1)C1N(CCC2N(C)C3=C(C=CC=C3)N=2)C=NC=1C1C=CC=CC=1,0.005976566416211426
C12C(CC(NC=1N(N=C2C1C=CC=CN=1)C)=O)C1C=NN(C2=CC=CC(C)=C2)C=1,0.006942952005192638
C1(=CC(C)=CC=C1OC)C(C(O)=O)N1CCCN(C2C=CN=CC=2)CC1,0.007404864998534322
C1(C(C)=NN(C(=O)C2C=C(C)C=C(C)C=2)C=1C)S(=O)(=O)N1CCCCC1,0.006678146496415138
N1(C[C@H]2CC[C@H](CC2)N)CC(C1)OC1=CC=CC=C1OC,0.017521886480972172
C(=O)(C1CCCNC1=O)N1CCOC2=C(C=C(C=C2C1)C1=CC=C(C)S1)O,0.004084446118213236
C1(C(C)=NN(C(=O)C2C=C(C)C=C(C)C=2)C=1C)S(=O)(=O)N1CCC(CC1)C,0.007081512408331036
C1(C(NCCC2N=C(C)C3=C(CCCC3)N=2)=O)C=NN2C=CN(C)C=12,0.00712056141346693
C1(C(C)=NN(C(=O)C2C=C(C)C=C(C)C=2)C=1C)S(=O)(=O)N(CC)CC,0.007793741091154516
C1(=NC=CC(C)=N1)N1CCC(CC1)(CO)CC1C=CC=C(F)C=1,0.0031446212902665137
C1(C(C)=NN(C(=O)C2=CC=C(C(C)=C2)C)C=1C)S(=O)(=O)N1CCOCC1,0.006197953503578902
N1([C@H]2CC[C@@H]1CC(N(C)C2)=O)C(=O)CN(C)CC1C=CN=CC=1,0.008723683073185384
COC1=C(NC(CN2C(=O)C3=C(SC4=C3CCCC4)N=C2)=O)C=C(Cl)C=C1,0.005668395408429205
N1(CC)C(C2CCN(CC2)C(=O)C2C=CC=CC=2N2C=NC=N2)=NN(C)C1=O,0.0060389797203242775
C1(C(C)=NN(C(=O)C2=CC=C(C(C)=C2)C)C=1C)S(=O)(=O)N1CCCCCC1,0.00799009958282113
C12C(=O)NCC(C)(C)CC=1NC(C1C=C(NN=1)COC)=N2,0.003772409725934267
C1(C(C)=NN(C(=O)C2=CC=C(C(C)=C2)C)C=1C)S(=O)(=O)N1CCCC1,0.0071111789904534815
C1(=C(C)C=NN1C(CC)CC)NC(=O)C1=CC=NN1CCC,0.007650172663852572
C1(C(C)=NN(C(=O)C2=CC=C(C(C)=C2)C)C=1C)S(=O)(=O)N1CCCCC1,0.006606121710501611
C12=NC(=CN1N=C(C)S2)CCNC(=O)C1=CC(=NN1C)C(C)C,0.0055961242178454995
C1(C(C)=NN(C(=O)C2=CC=C(C(C)=C2)C)C=1C)S(=O)(=O)N1CCC(CC1)C,0.007002848479896784
C1(CC(C)C2C=CC=CC=2)=C(C2=CC=CC=C2)N=CN1CC1C=NC(=CN=1)C,0.011173174437135457
S(=O)(=O)(N1CCC2=C(C=CC=C2)C1)C1C(C)=NN(C(=O)C2=CC=C(C(C)=C2)C)C=1C,0.007920287759043276
C1(OC(=C(CN2CCN(CC2)C)N=1)C)C1=CC=C(C=C1F)OC,0.005392283597029745
CS(C1=CC=C(F)C=C1)(=O)=O,0.007866961532272398
C1(C(C)=NN(C(=O)C2=CC=C(C(C)=C2)C)C=1C)S(=O)(=O)N(CC)CC,0.007704639527946711
CC1N(C2=CC=CC=C2)C(C)=C(CO)C=1,0.006618549930863082
N1C(=O)C=C(N=C1CCNC(=O)[C@@H](O)C1=CC=CC=C1)C,0.0021376743912696838
C1(C(C)=NN(C(=O)C2=CC=C(C=C2)C(C)(C)C)C=1C)S(=O)(=O)N1CCOCC1,0.007269589882344008
C1(=CC=C(COC)O1)C(=O)N(CCO)CCSC1=CC=C(C=C1)Cl,0.003691144718322903
C1(C=CC=CC=1F)C(NCCC(=O)N(C(C)COC)CC1C=CC2=C(OCO2)C=1)=O,0.007704410422593355
S(=O)(=O)(N1CCC2=C(C=CC=C2)C1)C1C(C)=NN(C(=O)C2C=CC(=CC=2)C(C)(C)C)C=1C,0.00866524619050324
NCCCN1C2=C(C=CC=C2)N=C1,0.009522238560020924
C(=O)(NC1C=CC(=CC=1)C(OCC)=O)N1CCC2(CCCNC2)C1,0.0055255464045330886
C1(CCCN(CC2=CC(OC)=CC=C2F)C1=O)(O)CN(C)CC(C)(C)CO,0.005445787124335766
S(=O)(=O)(N1CCC2=C(C=CC=C2)C1)C1C(C)=NN(C(=O)C2=CC=CC=C2OC)C=1C,0.007931260601617396
CC1=NC=C(C(N)=O)C=C1,0.009563828958198429
S(=O)(=O)(N1CCC2=C(C=CC=C2)C1)C1C(C)=NN(C(=O)C2=CC=CC(OC)=C2)C=1C,0.007120042783208191
C12C(C)=C(SC=1N=CN=C2N1CC(C1)N1C(C)=CC(C)=N1)C,0.0088863012380898
C(NC1=CC=CC=C1)CNC1=CC=CC=C1,0.008911064616404474
S(=O)(=O)(N1CCC2=C(C=CC=C2)C1)C1C(C)=NN(C(=O)C2C=CC(=CC=2)OC)C=1C,0.007062600296922028
S(=O)(=O)(N1CCC2=C(C=CC=C2)C1)C1C(C)=NN(C(=O)C2=CC=CC=C2OCC)C=1C,0.007945923111401498
C1(=NC=CC(CCC(F)(F)F)=N1)N(C)CC1ON=C(C2=CC=NC=C2)C=1,0.0046438435150776055
S(=O)(=O)(N1CCC2=C(C=CC=C2)C1)C1C(C)=NN(C(=O)C2C=CC(=CC=2)OCC)C=1C,0.007157318154349923
NC1=CC=C(N2CCCCCC2)C=C1,0.012780711613595485
C1(C(C)=NN(C(=O)C2=CC=C(C=C2)OC(C)C)C=1C)S(=O)(=O)N(CC)CC,0.007835511304438113
C12(CN(C)CCN1C)CCN(CC2)C(=O)CC1C=CC=CC=1O,0.005526628321968019
Cl.NC1=CC=C(N2CCCCCC2)C=C1,0.011989840026944875
S(=O)(=O)(N1CCC2=C(C=CC=C2)C1)C1C(C)=NN(C(=O)C2=CC=C(C(OC)=C2)OC)C=1C,0.007417670427821576
S(=O)(=O)(N1CCC2=C(C=CC=C2)C1)C1C(C)=NN(C(=O)C2=CC=CC(OC)=C2OC)C=1C,0.00784027895424515
NC1=CC2=C(NN=C2)C=C1,0.005033094447571784
N1(C)[C@](C)(C(O)=O)C[C@H](C(=O)N2CCOCC2)[C@@H]1C1=CC=CC=C1Cl,0.006905425060540438
C1(C(C)=NN(C(=O)C2=CC=C(C(OCC)=C2)OCC)C=1C)S(=O)(=O)N1CCOCC1,0.007047870079986751
C1(CN2CCC(CNC(=O)C3C=CC(=NC=3)C)C2)=NC=CN1CC,0.005936468718573451
Cl.NC1=CC2=C(NN=C2)C=C1,0.0046410972136072814
C1(C(C)=NN(C(=O)C2=CC=C(C(OCC)=C2)OCC)C=1C)S(=O)(=O)N1CCCCCC1,0.008278708253055812
N1(C[C@@H](C[C@H]1C(=O)NC(C)C)N)C(=O)C1NN=C(C2=CC=CC(OC)=C2)C=1,0.004695434006862342
C1(C(C)=NN(C(=O)C2=CC=C(C(OCC)=C2)OCC)C=1C)S(=O)(=O)N1CCCC1,0.00786166221369058
CSC1=C(C(NC2=C(C(N)=O)C=CC=C2)=O)C=CC=N1,0.004488850419875234
C1(C(C)=NN(C(=O)C2=CC=C(C(OCC)=C2)OCC)C=1C)S(=O)(=O)N1CCCCC1,0.007181812054477632
N1CCCC(C1)CCC1C=CC=C(F)C=1,0.00883503956720233
C1(C(C)=NN(C(=O)C2=CC=C(C(OCC)=C2)OCC)C=1C)S(=O)(=O)N1CCC(CC1)C,0.007957015628926456
S(=O)(=O)(N1CCC2=C(C=CC=C2)C1)C1C(C)=NN(C(=O)C2=CC=C(C(OCC)=C2)OCC)C=1C,0.0077702319249510765
N1(CCCC1C(=O)NCC1=CN=CN1CCOC)C(C1CCCCC1)=O,0.007340559759177268
S(C)(=O)(=O)N1CCCC1C(=O)NCC1=CC=CN=C1N1CCN(CC1)C,0.003961556067224592
C1(C(C)=NN(C(=O)C2=CC=C(C(OCC)=C2)OCC)C=1C)S(=O)(=O)N(CC)CC,0.008671689685434103
S(=O)(=O)(NC(C)C)C1C=C(C=C(C2C=CC=CC=2CO)C=1)C(O)=O,0.0018169635877711698
N1(CCOCC)C2=NC=C(C=C2N(CCN(C)C)C1=O)C(O)=O,0.004234361322596669
N1=C(N(C)C)N=C(C(C)=C1N1CCC(CC1)OCC1C=CC=NC=1)C,0.008237916021607816
C1(C(C)=NN(C(=O)C2=CC(OCC)=C(C(OCC)=C2)OCC)C=1C)S(=O)(=O)N1CCC(CC1)C,0.008136881981045008
C12SC=NN1C=C(C(C)NC(=O)CC(=O)NC1C=CC(=C(Cl)C=1)C)N=2,0.0039560604374855755
C1(C(C)=NN(C(=O)C2=CC=CC=C2F)C=1C)S(=O)(=O)N1CCOCC1,0.005325674964115024
N1(C)C(CO)=NN=C1CC1CCN(CC1)CC1=CC=NC(C(C)C)=N1,0.004869000590406358
C12CN(CCN1C(CN(C)C2=O)=O)S(=O)(=O)C=CC1=CC=CC=C1,0.005799468886107206
C1(C(C)=NN(C(=O)C2=CC=CC=C2F)C=1C)S(=O)(=O)N1CCCCCC1,0.006890089041553438
C1(C(C)=NN(C(=O)C2=CC=CC=C2F)C=1C)S(=O)(=O)N1CCCC1,0.0059196035843342544
C1(C(C)=NN(C(=O)C2=CC=CC=C2F)C=1C)S(=O)(=O)N1CCCCC1,0.005566026410087943
N1(CCCC(CCC2=CC=C(C=C2)F)C1)C(C1CCOCC1)=O,0.009686827659606934
C1(C(C)=NN(C(=O)C2=CC=CC=C2F)C=1C)S(=O)(=O)N1CCC(CC1)C,0.00639061292167753
C1(C(=O)NCC2(CC2)CN2C(C)=CC(C)=N2)=CC(=NN1C)CC(C)C,0.01197209544479847
CCOC(C1C2C(N(C3=CC=C(CC)C=C3)C(=O)C2N(C(C)=O)N=1)=O)=O,0.004136269493028521
C1(C(C)=C(C2C=CC(=CC=2)O)N=C(N)C=1C#N)C1C(C)=NNC=1C,0.001976570358965546
S(=O)(=O)(N1CCC2=C(C=CC=C2)C1)C1C(C)=NN(C(=O)C2=CC=CC=C2F)C=1C,0.006622349424287677
C1(C(C)=NN(C(=O)C2=CC=CC(F)=C2)C=1C)S(=O)(=O)N1CCOCC1,0.0051294658333063126
C1(C(=O)NCC2OCCC3=CC=CC=C23)C=C2N(CCNC2)N=1,0.007546990318223834
C1(C(C)=NN(C(=O)C2=CC=CC(F)=C2)C=1C)S(=O)(=O)N1CCCCCC1,0.006629119068384171
C([C@H](CCCC)N)(=O)N(CC=C)CC1C=CC(=CC=1)F,0.009707944095134735
C1(CN(CC)CC)=C(CC)OC(C(NCCC2C(C)=NNC=2C)=O)=C1,0.008011273038573564
C1(C(C)=NN(C(=O)C2=CC=CC(F)=C2)C=1C)S(=O)(=O)N1CCCC1,0.005654600611887872
C1(C(C)=NN(C(=O)C2=CC=CC(F)=C2)C=1C)S(=O)(=O)N1CCCCC1,0.005333474162034691
C1(C(=O)N(C)CC2=CSC(C3C=CC=CC=3)=N2)C=C2N(CCCNC2)N=1,0.007049757405184209
C1(=CC=C(C(OC)=C1F)F)C(=O)NCC1(CC1)CN1C=CN=C1C,0.006930018193088472
C1(C(C)=NN(C(=O)C2=CC=CC(F)=C2)C=1C)S(=O)(=O)N1CCC(CC1)C,0.006116590206511318
C1(N2CCN(CC2)C)C2CCNCC=2N=C(C2C=CC(=CC=2)C(N)=O)N=1,0.005217757157515735
S(=O)(=O)(N1CCC2=C(C=CC=C2)C1)C1C(C)=NN(C(=O)C2=CC=CC(F)=C2)C=1C,0.006320662214420736
C1(C(C)=NN(C(=O)C2=CC=CC(F)=C2)C=1C)S(=O)(=O)N(CC)CC,0.006086431676521897
C1(=COC(COC2C=CC3=C(C=2)N=C(S3)C)=N1)C(=O)N(C)CCCO,0.0028069647261872886
S(=O)(=O)(N1CCC2=C(C=CC=C2)C1)C1C(C)=NN(C(=O)C2C=CC(=CC=2)F)C=1C,0.006433937861584127
C1(=CC=C(OCC)O1)C(=O)NC1CCN(CC1)C(NCC)=O,0.0043010922498069705
S(=O)(=O)(N1CCC2=C(C=CC=C2)C1)C1C(C)=NN(C(=O)C2=CC=CC=C2Cl)C=1C,0.006783850281499327
N1=C(C2C=CC=CC=2)N=C(C=C1N1CC2=C(C=NC(CC(C)C)=N2)C1)C,0.012480034260079265
C1(C(C)=NN(C(=O)C2=CC=CC(Cl)=C2)C=1C)S(=O)(=O)N1CCOCC1,0.005196528974920511
OC1=NC=C(C(NCCSC2=CC=CC=C2)=O)C=C1,0.003959433396812528
C1(C=C(N=C(N)C=1C#N)C1C(C)=NNC=1C)C1=CC=CN1C1C=CN=CC=1,0.0031635392981115727
N1(CCC(CC1)(CCC1=CC=CC=C1)C(O)=O)C(C(C)C)=O,0.00915022543631494
C1(C(=O)NCC2=CC=CN=C2N2CCC3C(=CC=CC=3)C2)NN=C(C(C)C)C=1,0.00473343615885824
C1(C(C)=NN(C(=O)C2=CC=CC(Cl)=C2)C=1C)S(=O)(=O)N1CCC(CC1)C,0.006269252276979387
N1(CC(=O)N(CC2=CC=CO2)C(C)C(C)C)C=CC(C2=CC=CC=C12)=O,0.011904978845268487
CC1=C(C)C(C(C2=CC=CC=C2)NC2=NC(C)=CC=C2)=C(NC(C2=CC=CC=C2)=O)S1,0.0070143722696229815
C1(C=NN2C=C(C3C=CN=CC=3)C=NC=12)C1C=C(F)C=C2CC(CN)OC=12,0.007927118754014372
C1(C(C)=NN(C(=O)C2=CC=CC(Cl)=C2)C=1C)S(=O)(=O)N(CC)CC,0.006594013073481619
C1(SC2=C(CCNC2)C=1C(O)=O)S(=O)(=O)N1CCCC(C)(CO)C1,0.0016409756237408147
C1(C(C)=NN(C(=O)C2C=CC(=CC=2)Cl)C=1C)S(=O)(=O)N1CCOCC1,0.005334449140354991
C1(CN(C)CCC(C)(C)O)=CC2=CC3OCOC=3C=C2NC1=O,0.0059960961109027265
C1(C(=O)NCC2(O)CCN(CC2)C)C=C(ON=1)COC1C=CC(=CC=1Cl)F,0.006123017426580191
C1(C(C)=NN(C(=O)C2=CC=C(C=C2)Cl)C=1C)S(=O)(=O)N1CCCCCC1,0.007026768266223371
C1(C(OC)=O)C=C2N(CCN(C(=O)C3=CC=C(O3)C#CC(C)(C)O)C2)N=1,0.011109327245503665
CCCCOC(C1=C(C(OCCCC)=O)NC=N1)=O,0.0056187371024861935
C1(C=C(NN=1)CN1C2C=CC=CC=2N=C1)C(=O)N(C)C(C)C1C=CN=CN=1,0.004152209218591452
C1(C(C)=NN(C(=O)C2=CC=C(C=C2)Cl)C=1C)S(=O)(=O)N1CCCC1,0.0061884014401584865
N1(CC(=O)N2[C@H]3CC[C@@H]2CC(NC3)=O)C(=O)C2=CC=CC=C2N=N1,0.0046889686957001684
C1(C(C)=NN(C(=O)C2=CC=C(C=C2)Cl)C=1C)S(=O)(=O)N1CCCCC1,0.005776771623641252
N1(C2C=CC(=CC=2)CC(=O)N(CC=C)CC2=CC=CC=C2C)C(C)=NN=N1,0.008010393008589745
C1(C(C)=NN(C(=O)C2=CC=C(C=C2)Cl)C=1C)S(=O)(=O)N1CCC(CC1)C,0.0062744187656790015
N1=C(C)C=C(C)N1CCCN(CCCC)CC1=CC=CO1,0.018477273546159266
C1(C(C)=NN(C(=O)C2=CC=C(C=C2)Cl)C=1C)S(=O)(=O)N(CC)CC,0.006753733661025762
S(=O)(=O)(N1CCC2=C(C=CC=C2)C1)C1C(C)=NN(C(=O)C2=CC=CC=C2Br)C=1C,0.00800735605880618
C1(=C(Cl)C=CC(OC2C=C(C=CN=2)C#N)=C1Cl)CN1CCCC1,0.006204574601724744
S(=O)(=O)(N1CCC2=C(C=CC=C2)C1)C1C(C)=NN(C(=O)C2=CC=CC(Br)=C2)C=1C,0.0078053411561995745
C1(C=NN(C)C=1)C1=C(C)C(C2=CC=CC(=C2)N2C=CC=N2)=C(C(N)=N1)C#N,0.004794584738556295
C1(C(C)=NN(C(=O)C2C=CC(=CC=2)Br)C=1C)S(=O)(=O)N1CCOCC1,0.006883179023861885
C(=O)(C1=C(C)C=CC=C1OC)N1CC[C@@H](C[C@@H]1C(OC)=O)O,0.0031531964428722858
C1(C(C)=NN(C(=O)C2=CC=C(C=C2)Br)C=1C)S(=O)(=O)N1CCCCC1,0.00742075564339757
N1(C[C@@H](C[C@H]1C(=O)N(CC)CC)N)C(=O)CC1=CC=CN=C1,0.008751676138490438
C1(C(C)=NN(C(=O)C2=CC=C(C=C2)Br)C=1C)S(=O)(=O)N1CCC(CC1)C,0.007815736578777432
S(=O)(=O)(NCC1=CC=CC=C1)N(C)CC1C=CC=C2C=NC=CC=12,0.006648401019629091
C1(C(C)=NN(C(=O)C2=CC=C(C=C2)Br)C=1C)S(=O)(=O)N(CC)CC,0.008686537202447654
C1(C=C2C=CC=NC2=NC=1C)C(=O)N(C)CCOC1C=C(C)C=C(C)C=1,0.010414811363443733
C1(C(C)=NN(C(=O)C2=CC=CC=C2I)C=1C)S(=O)(=O)N1CCOCC1,0.006521309865638614
C1(=C(C)N=C(C(C)C)S1)C(=O)N(C)CC(=O)C1=CC=C(C=C1)O,0.008351877797394991
C1(C(C)=NN(C(=O)C2=CC=CC=C2I)C=1C)S(=O)(=O)N1CCCCCC1,0.008322273846715689
C1(C2CCC(N(C)N=2)=O)=NC(=NN1C1C=C(C)C=CC=1C)C1C=CC=CC=1,0.007642063545063138
N1=C(N)N=C(C=C1N1CCN(CC1)C1CCN(CC1)CC1=CC=CC=C1)N,0.005517006176523865
C1(C(C)=NN(C(=O)C2=CC=CC=C2I)C=1C)S(=O)(=O)N1CCCC1,0.007584363780915737
C1(C(C)=NN(C(=O)C2=CC=CC=C2I)C=1C)S(=O)(=O)N1CCCCC1,0.006994733260944486
COC1=C(Cl)C=C(OC)C(S(N)(=O)=O)=C1,0.006802270864136517
C1(=NC=CN1CC1C=NN(C2=CC=C(C=C2)F)C=1)C1C=NC(=NC=1)CC,0.00605867775157094
C1(=CC=NN1C1CCN(CC1)C(=O)C1=CN=CN=C1CCC)NC(=O)C1CC1,0.006450467393733561
C1(C(C)=NN(C(=O)C2=CC=CC=C2I)C=1C)S(=O)(=O)N1CCC(CC1)C,0.007307566469535232
C1(OC(=NN=1)CCC)C(=O)N1CCN(C(C)(C)C1)C1=CC=CC(OC)=C1,0.00685479030944407
C1(C(C)=NN(C(=O)C2=CC=CC=C2I)C=1C)S(=O)(=O)N(CC)CC,0.008236197615042328
C1(C(=CC=CC=1OC)OC)CN1CCOC(C2=CC=C(C=C2)Cl)C1,0.011907786596566439
C1(=O)N(CCCC1(CNCC1C=CC(=C(F)C=1)F)O)CCC1C=CC=CC=1,0.007095619128085673
C1(C(C)=NN(C(=O)C2=C(C=CC=C2F)F)C=1C)S(=O)(=O)N1CCOCC1,0.005414182599633932
N1(CCCC(CCC2=CC=C(C=C2)F)C1)C(=O)CN1CCNC(=O)C1,0.005538763082586229
C1(C(C)=NN(C(=O)C2=C(C=CC=C2F)F)C=1C)S(=O)(=O)N1CCCCCC1,0.006810561171732843
C1(SC=CN=1)NC(=O)CCNC(=O)C(N(C)C)C1C=CC=C(C)C=1,0.005935689364559948
C1(COC(C)=O)C=C(C=CC=1OCC)CNC(C)CC1C=NC=CN=1,0.007778151636011898
C1(C(NCCO)=O)C=C2N(CCN(C3CCN(CC3)CC(C)C)C2)N=1,0.004806176852434873
C1(C(C)=NN(C(=O)C2=C(C=CC=C2F)F)C=1C)S(=O)(=O)N1CCCC1,0.005853853467851877
FC(C1N(CCC#N)C2=C(C=CC=C2)N=1)(F)F,0.002270648224168781
C1(C(C)=NN(C(=O)C2=C(C=CC=C2F)F)C=1C)S(=O)(=O)N1CCCCC1,0.005523898964747786
C12N=CC(=CN1N=CC=2C1C=CC=CC=1)CN(C)CC1NC2C(=CC(=CC=2)C)N=1,0.005339677911251783
C1(C(C)=NN(C(=O)C2=C(C=CC=C2F)F)C=1C)S(=O)(=O)N1CCC(CC1)C,0.00627824580296874
O=N(C1=CC(C(NC2=CC3=C(OC(O3)(F)F)C=C2)=O)=CC=C1)=O,0.0031505741411820055
S(=O)(=O)(N1CCC2=C(C=CC=C2)C1)C1C(C)=NN(C(=O)C2=C(C=CC=C2F)F)C=1C,0.006416225293651223
C(=O)(N(CCO)CC=CC1=CC=CC=C1)CC(=O)NC1C=C(C)C=CC=1C,0.004934018477797508
N1(C(=O)C2=C(C=CC=C2F)F)N=C(C(S(=O)(=O)N(CC)CC)=C1C)C,0.00634963191114366
S(=O)(=O)(N1CCC2=C(C=CC=C2)C1)C1C(C)=NN(C(=O)C2=CC=CC(=C2)N(=O)=O)C=1C,0.004449153458699584
C(COC1=CC=C(C=C1)C(CC)=O)(NCCC1=CC=CC=N1)=O,0.01004866068251431
C1(C(C)=NN(C(=O)C2=CC=CC(=C2C)N(=O)=O)C=1C)S(=O)(=O)N1CCOCC1,0.005030197789892554
N(C(CNCC1C=CC2=C(OCO2)C=1)=O)C1C=CC(=CC=1C)F,0.005494591128081083
S(=O)(=O)(N1CCC2=C(C=CC=C2)C1)C1C(C)=NN(C(=O)C2=CC=CC(=C2C)N(=O)=O)C=1C,0.00570961928460747
C1(C(C)=NN(C(=O)C2=CC=C(C(=C2)N(=O)=O)C)C=1C)S(=O)(=O)N1CCOCC1,0.004731012741103768
C1(=NC=C(C=N1)CCC)N1CCN(CC1)CC1C=CN(C(C)C)C=1,0.01048960005864501
C1(C(C)=NN(C(=O)C2=CC=C(C(=C2)N(=O)=O)C)C=1C)S(=O)(=O)N1CCCCCC1,0.00585158932954073
COC1=C(OCC(O)=O)C=CC(C=C2C(=O)OC(C3=CC=CC=C3)=N2)=C1,0.006454022484831512
C1=C(CN2CCC(CC2)(CO)O)OC=C(OC)C1=O,0.0040579626336693765
C1(C(C)=NN(C(=O)C2=CC=C(C(=C2)N(=O)=O)C)C=1C)S(=O)(=O)N1CCCC1,0.00525039650965482
N1(C2C=CC(=CC=2)F)N=C(N=C1CO)C,0.0030778140178881587
C1(C(C)=NN(C(=O)C2=CC=C(C(=C2)N(=O)=O)C)C=1C)S(=O)(=O)N1CCCCC1,0.004848353401757777
N1C(CC)=C(C2C=C(C)C=C(CNC3=NC=CC=C3C(=O)N(C)C)C1=2)C,0.00502413505455479
C1(C(C)=NN(C(=O)C2=CC=C(C(=C2)N(=O)=O)C)C=1C)S(=O)(=O)N1CCC(CC1)C,0.0054622148396447304
CC(C1=CC=CC=C1)N(S(C1=CC=C(N(=O)=O)C=C1)(=O)=O)C,0.0035639208392240105
C1(=NC=CN1C)C1C=CC(=NN=1)N1CCCC(CCOC2C=CC=CC=2)(CO)C1,0.0040039470419287685
CC1=CC=C(C2OC(=O)C(=CC3=CC=C(OCC(N)=O)C=C3)N=2)C=C1,0.0059839576249942185
C1(C(C)=NOC=1C)NC(=O)C1=CC=CC(=C1)CN1CCC(C(NCC)=O)C1,0.006953709735535085
C(=O)(CC1CCNCC=1)N(CCCC)CC1=CC=CC=C1F,0.008248201617971063
N1C(=O)C=C(N=C1SCC(=O)N(CC(C)C)CC1C=CSC=1)C,0.005783875100314617
S(=O)(=O)(N1CCC2=C(C=CC=C2)C1)C1C(C)=NN(C(=O)C2=CC=C(C(=C2)N(=O)=O)C)C=1C,0.0054216562304645775
[C@]1(CCCN2CCCC[C@@]21[H])(O)CN[C@H]1CCCCNC1=O,0.010217091394588351
CC(CNC(C1CC(=O)N(NC2=CC=CC=C2)C1)=O)C,0.0039137752668466416
C1(C(C)=NN(C(=O)C2=CC=C(C(=C2)N(=O)=O)C)C=1C)S(=O)(=O)N(CC)CC,0.005740965739823878
C1(NC(=O)C2C=CC(NC=2)=O)=CC(=NN1C(CC)CC)C,0.0036996241309680046
C1(C(C)=NN(C(=O)C2=CC=CC(=C2)C(F)(F)F)C=1C)S(=O)(=O)N1CCOCC1,0.004461731691844761
C(=O)(C1=CC=CO1)C(=O)N1CCC(CC1)C1=CC(=NN1)CC1=CC=CC=C1,0.009247272601351142
C1(C(C)=NN(C(=O)C2=CC=CC(=C2)C(F)(F)F)C=1C)S(=O)(=O)N1CCCCCC1,0.005642694048583507
C1(=CNN=C1C1CCCCC1)[C@@H]1C[C@@H](C[C@H](CC(C)C)O1)NC(C)=O,0.009071363182738424
C1(C(C)=NN(C(=O)C2=CC=CC(=C2)C(F)(F)F)C=1C)S(=O)(=O)N1CCCC1,0.004908595082815737
N1(C2=CC=CC=C2)C(=O)N(N=C1C1CCCN(C1)C(=O)C(=O)C1=CC=CO1)C,0.010522591369226574
C1(C(C)=NN(C(=O)C2=CC=CC(=C2)C(F)(F)F)C=1C)S(=O)(=O)N1CCCCC1,0.004645129467826336
N1(CCOC(CCNC(CNC(N)=O)=O)C1)C1CCCCCC1,0.006760525843128562
C12=C(N=CN=C1SC(C(O)=O)=C2C)NC(CO)C(C)C,0.002014015149325132
C1(C(C)=NN(C(=O)C2=CC=CC(=C2)C(F)(F)F)C=1C)S(=O)(=O)N1CCC(CC1)C,0.00520430498290807
N1(CC2C=CC(=CC=2)F)C(=O)CCN(C(=O)CN2CCOC2=O)CC1C(C)C,0.008444405207410455
N1(C=CN=C1)C1=CC=CC=C1CNC1CCN(CC1)CC1=CC=CC=N1,0.006301616039127112
C1(=NC=CC(=N1)C1C=CC(=NC=1C)C)NC(C1CC1)C1C(=CC=CN=1)C,0.010208080057054758
S(=O)(=O)(N1CCC2=C(C=CC=C2)C1)C1C(C)=NN(C(=O)C2=CC=CC(=C2)C(F)(F)F)C=1C,0.005381959211081267
S(=O)(=O)(N1CCC2=C(C=CC=C2)C1)C1C(C)=NN(C(=O)COC2C=CC(=CC=2)OC)C=1C,0.00710392037872225
S(=O)(=O)(N1CCC2=C(C=CC=C2)C1)C1C(C)=NN(C(=O)COC2C=CC(=CC=2)C)C=1C,0.007463907590135932
S(=O)(=O)(N1CCC2=C(C=CC=C2)C1)C1C(C)=NN(C(=O)COC2=CC=C(C=C2)F)C=1C,0.006785817723721266
S(=O)(=O)(N1CCC2=C(C=CC=C2)C1)C1C(C)=NN(C(=O)C2=CC=CO2)C=1C,0.008047954691573978
N(C(C(C)NCC1C=CC(=C(F)C=1F)OC)=O)C1SC=CN=1,0.005609902529977262
CC(C1=CC=CC=C1)N(S(C1=C(N(=O)=O)C=CC=C1)(=O)=O)C,0.004742700781207532
C1(CN2CCC(CNC(C3=CC=NC=C3)=O)C2)N(C)C2=C(C=CC=C2)N=1,0.0054247870575636625
CC1=C(C)C(C(C2=CN=CC=C2)N2CCCCC2)=C(NC(C2=CC=CC=C2)=O)S1,0.00785055449232459
C1(=CC=C(NC1=O)C)C(=O)NC1=CC=CC=C1C(=O)NC1C=CC=CC=1CC,0.005615130905061961
C1(=CC=NN1C1CCN(CC1)CC(N)=O)NC(=O)C1C=CC=CC=1C,0.004315384931396693
C1(C)C=NC=CC=1NCCNC(C)COC,0.007967305625788868
C1(C(C)=NN(C(=O)C2=CC=CS2)C=1C)S(=O)(=O)N1CCOCC1,0.00469634726177901
C1(C(C)=NN(C(=O)C2=CC=CS2)C=1C)S(=O)(=O)N1CCCCCC1,0.006200534896925092
N1C(=O)C(C)=CN(CC(=O)N2C[C@H](C[C@H]2C(NCC)=O)N)C1=O,0.004000230738893151
C1(C(C)=NN(C(=O)C2=CC=CS2)C=1C)S(=O)(=O)N1CCCCC1,0.004872943111695349
C12CN(CCC=1NC1=C(C=CC=C12)Cl)C1C=C(CCN)N=C(C)N=1,0.00576834335224703
C1(C(C)=NN(C(=O)C2=CC=CS2)C=1C)S(=O)(=O)N1CCC(CC1)C,0.0053028927417472
S(=O)(=O)(N1CCC2=C(C=CC=C2)C1)C1C(C)=NN(C(=O)C2=CC=CS2)C=1C,0.0062443629372864965
N1(CCOC(C1)C1=CC=C(C(Cl)=C1)Cl)C(=O)CNC(C)=O,0.006850544386543334
C1(C(C)=NN(C(=O)C2=CC=CS2)C=1C)S(=O)(=O)N(CC)CC,0.0059932227013632655
C1(=O)N(CC2CC2)C2C(=CC(=CC=2)C(O)=O)N1C(C)C(=O)N1CCCC1,0.0055580725194886325
C1(C(=O)N(C)CC2=CC(=NO2)CC)=NNC2CCN(C)CC1=2,0.006929906643927097
S(=O)(=O)(N1CCC2=C(C=CC=C2)C1)C1C(C)=NN(C(=O)C2=CC3C=CC=CC=3OC2=O)C=1C,0.006536047928966582
N1(CC2=NN=CN2C2C=CC=C(F)C=2)C(C)=C(C(C)=N1)C,0.007097112899646163
S(=O)(=O)(N1CCC2=C(C=CC=C2)C1)C1C(C)=NN(C(=O)CC2=CC=C(C=C2)F)C=1C,0.0067490740213543175
N1=C(C2=CC(OC)=C3C(OCO3)=C2)OC(C)=C1CN1C=NC(CCC)=N1,0.008536181389354169
FC1=CC=C(CC(NC2=CC3=C(C=CC=C3)N=C2)=O)C=C1,0.004620972310658544
N1(CC2C=NC(=CN=2)C)C=NC(C2C=CC=CC=2)=C1C(C)CCC,0.011283795861527324
C1(C(C)=NN(C(=O)CC2CCCCC2)C=1C)S(=O)(=O)N1CCCCC1,0.009611670160666108
N1=C(CC2CCC3=CC=CC=C23)NN=C1C1CC1,0.009032321628183126
S(=O)(=O)(N1CCC2=C(C=CC=C2)C1)C1C(C)=NN(C(=O)CC2CCCCC2)C=1C,0.009644528897479177
S(=O)(=O)(N1CCC2=C(C=CC=C2)C1)C1C(C)=NN(C(=O)C2=CC=CC=C2N(=O)=O)C=1C,0.005504185915924609
S(=O)(=O)(N1CCC2=C(C=CC=C2)C1)C1C(C)=NN(C(=O)CC2=CC=C(C=C2)OC)C=1C,0.007427945011295378
S(=O)(=O)(N1CCC2=C(C=CC=C2)C1)C1C(C)=NN(C(=O)COC2C=CC=CC=2)C=1C,0.00739054090809077
C1(C(C)=NN(C(=O)C2=CC3=C(CCCC3)S2)C=1C)S(=O)(=O)N1CCOCC1,0.006443652394227684
S(=O)(=O)(N1CCC2=C(C=CC=C2)C1)C1C(C)=NN(C(=O)C2=CC3=C(CCCC3)S2)C=1C,0.007930869585834444
S(=O)(=O)(N1CCC2=C(C=CC=C2)C1)C1C(C)=NN(C(=O)COC2=CC=CC=C2N(=O)=O)C=1C,0.005539424414746463
N1(CCCCC1C(OCC)=O)C(=O)C1=CC=CC(=C1)CN1C=CC=N1,0.00692238830961287
C1(C(C)=NN(C(=O)COC2C=CC(=CC=2)C(C)(C)C)C=1C)S(=O)(=O)N1CCCC1,0.008239975431933999
C1(=COC(COC2C=CC3=C(C=C(C=C3)OC)C=2)=N1)C(=O)N(C)CC1C=CNN=1,0.0038620874285697935
C1(=NC=CN1CC1=CC=CC=N1)C1=CC=C(S1)C#CC(C)(C)O,0.0068733184831216935
C1(=CN=NN1C1C=CC=CC=1)C(=O)N1C[C@@H](C[C@H]1C(NCC)=O)N,0.005437024147249758
S(=O)(=O)(N1CCC2=C(C=CC=C2)C1)C1C(C)=NN(C(=O)COC2=CC=C(C=C2)C(C)(C)C)C=1C,0.008285668957978488
N1=CN(C(C2=CC=C(C=C2)O)=C1C1C=CC=CC=1)CCNC(C1C=CN=CC=1)=O,0.0031688876217231153
C1(C(C)=NN(C(=O)COC2C=CC(=CC=2)C(C)(C)C)C=1C)S(=O)(=O)N(CC)CC,0.009028193075209856
N1(CC2OC(=NN=2)C)C=NC(C2=CC=CC=C2)=C1C1=CC=C(C=N1)CC,0.006567356479354203
S(=O)(=O)(N1CCC2=C(C=CC=C2)C1)C1C(C)=NN(C(=O)C2=CC(=CC(=C2)N(=O)=O)N(=O)=O)C=1C,0.004603735136333853
C(=O)(C1=CC=C(C=C1)CNC[C@@H]1CCCN2CCCC[C@@]21[H])N1CCCC1,0.012049495521932841
C1(C(C)=NN(C(=O)C2C=CC=C(C=2)S(=O)(=O)N(C)C)C=1C)S(=O)(=O)N1CCOCC1,0.006612851680256426
C(=O)(C1C=CC=CC=1OC1C=CC=CC=1)N1CC[C@H]([C@@H](OC)C1)N,0.007652264088392258
C1(C(C)=NN(C(=O)C2C=CC=C(C=2)S(=O)(=O)N(C)C)C=1C)S(=O)(=O)N1CCCCCC1,0.007452492043375969
C(=O)(N1CCC(N(CC2C=CC=CC=2)C(CC)C1)=O)C1=CN=C(N=C1C)N,0.005306921084411442
C1(C(C)=NN(C(=O)C2C=CC=C(C=2)S(=O)(=O)N(C)C)C=1C)S(=O)(=O)N1CCCC1,0.007043013907968998
C1(C(C)=NN(C(=O)C2C=CC=C(C=2)S(=O)(=O)N(C)C)C=1C)S(=O)(=O)N1CCCCC1,0.006428205315023661
N1=C(C2=CC=CC(=C2)C(F)(F)F)OC(C)=C1CN1CCN(CC1)CC,0.0038498616544529797
C1(C(C)=NN(C(=O)C2C=CC=C(C=2)S(=O)(=O)N(C)C)C=1C)S(=O)(=O)N1CCC(CC1)C,0.006963278283365071
N1(C=CN=C1C1C=NC(=NC=1)OC)C(C1=CC=CC=C1)CN1C=CC=N1,0.006589277368038893
C1(C(C)=NN(C(=O)C2C=CC=C(C=2)S(=O)(=O)N(C)C)C=1C)S(=O)(=O)N(CC)CC,0.007823073747567832
OC(C(O)=O)=O.C(C1OCCC1)NCC1=CC=C(OCC2=CC=CC=C2)C=C1,0.008137026336044073
C(=O)(C1C=CC=C(C=1)NCC(O)=O)NCC1CCN(CCCOC)C1,0.006428429298102856
[C@H]1(CN(CC2C=CC=CC=2)C[C@@H](C(O)=O)C1)C(=O)N1CCCC1,0.007154467282816768
C1(C(C)=NN(C(=O)C2C=CC=C(C=2)S(=O)(=O)N(CC)CC)C=1C)S(=O)(=O)N1CCOCC1,0.007040513562969863
C12CN(CC=1C=NN2CC1=CC=C(C=C1)F)C1C=CN=C(OC)C=1C#N,0.005903787421993911
C1(C(C)=NN(C(=O)C2C=CC=C(C=2)S(=O)(=O)N(CC)CC)C=1C)S(=O)(=O)N1CCCCCC1,0.00785511927679181
C1(C(=O)NCC2=CC=CN=C2N2CCN(CC2)C(C)=O)C=C(ON=1)CCC,0.005191506096161902
C1(C(C)=NN(C(=O)C2C=CC=C(C=2)S(=O)(=O)N(CC)CC)C=1C)S(=O)(=O)N1CCCC1,0.007598216203041375
C(=O)(NC1=CC=C(C=C1C)C)C(=O)N(C)CCC(C)(C)O,0.010564052732661366
C1(C(C)=NN(C(=O)C2C=CC=C(C=2)S(=O)(=O)N(CC)CC)C=1C)S(=O)(=O)N1CCCCC1,0.006859037606045604
N1([C@H]2CC[C@@H]1C[C@H](O)C2)C(=O)C1=CC=C(CSC2=NN=CN2)O1,0.0020785062748473137
C1(C(C)=NN(C(=O)C2C=CC=C(C=2)S(=O)(=O)N(CC)CC)C=1C)S(=O)(=O)N1CCC(CC1)C,0.007459244690835476
C1(C(C)=NN(C(=O)C2C=CC=C(C=2)S(=O)(=O)N(CC)CC)C=1C)S(=O)(=O)N(CC)CC,0.008504477888345718
C(=O)(N1CCC(CC1)O)C1(CCCC1)NC1C=CC(=CC=1)C,0.004075333976652473
C1(C(C)=NN(C(=O)C2C=CC=C(C=2)S(=O)(=O)N2CCCCC2)C=1C)S(=O)(=O)N1CCOCC1,0.006377867609262467
CCOC(C1C(C)=C(C(NN=CC2=CC(OC)=CC=C2)=O)NC=1C)=O,0.004938373842742294
C1(C(C)=NN(C(=O)C2C=CC=C(C=2)S(=O)(=O)N2CCCCC2)C=1C)S(=O)(=O)N1CCCC1,0.006895362283103168
C1(N(CCC2ON=C(C(C)C)N=2)C=NC=1C1C=CC=CC=1)C1NC=C(C)N=1,0.005177964956965297
C1(C(C)=NN(C(=O)C2C=CC=C(C=2)S(=O)(=O)N2CCCCC2)C=1C)S(=O)(=O)N1CCCCC1,0.007032463490031659
N1(CC2=CC=C(C=C2)F)C(C(C)C)CN(CCC1=O)CCCF,0.007691856799647212
N1(C[C@@H](C[C@H]1C(O)=O)N(C)C)C(=O)C1ON=C(C2=CC=CC=C2)C=1,0.005276294727809727
C1(C(C)=NN(C(=O)C2C=CC=C(C=2)S(=O)(=O)N2CCCCC2)C=1C)S(=O)(=O)N(CC)CC,0.006891049304977059
C1(C(C)=NN(C(=O)C2C=CC=C(C=2)S(=O)(=O)N2CCOCC2)C=1C)S(=O)(=O)N1CCOCC1,0.007403275766409934
C1(C(=O)N(C)CCCC)N=C2N(C=CC=C2)C=1CN1CCOCC1,0.007276324275881052
C1(C(C)=NN(C(=O)C2C=CC=C(C=2)S(=O)(=O)N2CCOCC2)C=1C)S(=O)(=O)N1CCCC1,0.007104715937748552
CC1=C(C)C(C(C2=C(F)C=CC=C2)N2CCOCC2)=C(NC(C2=CC=CC=C2)=O)S1,0.00578920089174062
C12C3CCNCC=3SC=1N=CN(CCC1C=CC(=CC=1)S(N)(=O)=O)C2=O,0.005244092363864183
C1(C(C)=NN(C(=O)C2C=CC=C(C=2)S(=O)(=O)N2CCOCC2)C=1C)S(=O)(=O)N1CCCCC1,0.006344722188077867
C1(C(C)=NN(C(=O)C2C=CC=C(C=2)S(=O)(=O)N2CCC(CC2)C)C=1C)S(=O)(=O)N1CCCC1,0.007466817949898541
N1(CC2=CC=C(C=C2)C(O)=O)C[C@H]([C@H]2N3CCC(CC3)[C@H]21)C1C=CC=CC=1,0.0070244931324850764
C1(C(C)=NN(C(=O)C2C=CC=C(C=2)S(=O)(=O)N2CCC(CC2)C)C=1C)S(=O)(=O)N(CC)CC,0.007507438678294421
C(=O)(N(CC=C)CC1C=CC=C(OCC)C=1)C1C=NC(=NC=1)CC,0.008469416992738843
N1(S(C)(=O)=O)N=C(C(S(=O)(=O)N2CCOCC2)=C1C)C,0.006601247354410589
N1(S(C)(=O)=O)N=C(C(S(=O)(=O)N2CCCCCC2)=C1C)C,0.008020551456138492
N1(CCCCC1CCN1C=CN=C1)CC1=CC=CC(OC)=C1O,0.004857123992405832
N1(S(C)(=O)=O)N=C(C(S(=O)(=O)N2CCCC2)=C1C)C,0.0069874718086794015
C1(C(=O)N2CCC(C2)C2C=C(OC)C=CC=2OC)=CC(=NN1C)C(C)C,0.011540037859231234
N1(S(C)(=O)=O)N=C(C(S(=O)(=O)N2CCCCC2)=C1C)C,0.0063689750502817334
N1(C2C=CC=CC=2)C(=O)N(N=C1C1CCNCC1)CCOC1C=CC=CC=1,0.005855440394952893
C1(=COC(COC2=CC=CC3C=NC=CC2=3)=N1)C(=O)N[C@@H](CC)CO,0.0023175209760665895
N1(S(C)(=O)=O)N=C(C(S(=O)(=O)N2CCC(CC2)C)=C1C)C,0.006663602753542363
N1(CCC2=C(N=CN=C2NC[C@@H]2CCCN2CC)C1)C(=O)C1=CC=CN=C1,0.00675456877797842
N1=C2CCCCC2=C(CCC(=O)NCC2=CC=C3C(CC(O3)(C)C)=C2)N1,0.008567716879770159
N1(S(C)(=O)=O)N=C(C(S(=O)(=O)N(CC)CC)=C1C)C,0.007960307318717242
C1(=NC=CC=C1C#N)N1CCC(CC1)NC(C)CCN1C=CC=N1,0.00491934698075056
N1(S(C)(=O)=O)N=C(C(S(=O)(=O)N2CCCC(C)C2)=C1C)C,0.00611771724652499
N1(C=CN=C1C)C1=CC=CC=C1CNC1=NC=CC(N2CCCC(O)C2)=N1,0.001744902430800721
N1N(CCN2CCOCC2)C=C(CC(C)C2=CC=CC=C2)N=1,0.01074404651299119
CCOC(C1C(C)=C(C(NN=CC2=CC=CC=C2)=O)NC=1C)=O,0.004690173827111721
C1(=O)C2C=CC=CC=2C=NN1CCNC(=O)CC1C=C(F)C=CC=1C,0.004687526065390557
N1(N=C(C(S(=O)(=O)N2CCOCC2)=C1C)C)S(C1C=CC=CC=1)(=O)=O,0.006815581163391471
N1(CC2=C(C=NC(CC)=N2)C1)C(=O)C1C=CC(=CC=1)C1C=CC=CC=1C,0.009496750682592392
N1(N=C(C(S(=O)(=O)N2CCC(CC2)C)=C1C)C)S(C1C=CC=CC=1)(=O)=O,0.007073958148248493
N1(N=C(C(S(=O)(=O)N(CC)CC)=C1C)C)S(C1=CC=CC=C1)(=O)=O,0.007834002887830139
N12N=C(SC1=NN=C2C(C)C)CCC1=CC=CN=C1,0.008963162824511529
N1(N=C(C(S(=O)(=O)N2CCCC(C)C2)=C1C)C)S(C1=CC=CC=C1)(=O)=O,0.006675170292146504
N1=C(C2=CC=CC(=C2)C(F)(F)F)OC(C)=C1CN1CCC(N(C)C)C1,0.004462434106972069
N1(N=C(C(=C1C)S(=O)(=O)N(C)C1C=CC=CC=1)C)S(C1=CC=CC=C1)(=O)=O,0.008039924711920322
C1(CN(C)C2C=C(C3CCCNC3)N=C(C)N=2)C2CCCCC=2ON=1,0.009855987085029484
N1(N=C(C(S(=O)(=O)N2CCOCC2)=C1C)C)S(=O)(=O)C1C=CC(=CC=1)C,0.006826000171713531
C12C(C)=CC=CN1C(=CN=2)CNCC(=O)NC1NC2=C(C=CC=C2)N=1,0.002633696439443156
N1(N=C(C(S(=O)(=O)N2CCCCCC2)=C1C)C)S(=O)(=O)C1=CC=C(C=C1)C,0.008317760052159428
N1(C2C=CC(=CC=2)CC(=O)N(C)CCOC2C=C(C)C=CC=2C)C(C)=NN=N1,0.008597715385258197
N1(N=C(C(S(=O)(=O)N2CCCC2)=C1C)C)S(=O)(=O)C1=CC=C(C=C1)C,0.007504119537770748
C1(C=C(OC)C=CC=1F)C1C=CN=C(CO)C=1,0.003223574662115425
N(C(CNCCC1C=CC(=CC=1)O)=O)C1=CC=C(C=C1F)Cl,0.00278783175162971
CCOC(C1C(C)=C(NC(OCC2=CC=CC=C2)=O)NC=1C)=O,0.004514155094511807
N1(N=C(C(S(=O)(=O)N2CCCCC2)=C1C)C)S(=O)(=O)C1=CC=C(C=C1)C,0.006951662129722536
N1=C(OC)C=CN=C1N1CCN(CC1)CC1=CC=C(C=C1)C(O)=O,0.003957187291234732
N1(N=C(C(S(=O)(=O)N2CCC(CC2)C)=C1C)C)S(=O)(=O)C1=CC=C(C=C1)C,0.0071257270174100995
S(=O)(=O)(CCNCC1=CC(C)=C(C(C)=C1)OC(C)=O)N1CCCC1,0.004726006998680532
N1(N=C(C(S(=O)(=O)N2CCCC(C)C2)=C1C)C)S(=O)(=O)C1C=CC(=CC=1)C,0.007109622564166784
C1(C(=O)NC(C)CC2C(=CC=CN=2)C)N(C)N=C(C(F)(F)F)C=1Cl,0.005000760057009756
N1(N=C(C(=C1C)S(=O)(=O)N(C)C1C=CC=CC=1)C)S(=O)(=O)C1C=CC(=CC=1)C,0.007954511558637023
CCOC(C1C(C)=C(C(NN=CC2=CC=C(Br)C=C2)=O)NC=1C)=O,0.005733428127132356
N1(CCN(CC1)C1=CC=C(C=N1)C#N)C(CCC1=CC(C)=CC(C)=C1)=O,0.0055065856198780235
N1(C2C=CC=CC=2)C(CC2CCN(CC2)C(=O)C2=CN=CO2)=NN(C)C1=O,0.005213046679273248
C1(CN(C)CC2(CCCC2)CO)NC=NC=1C,0.0035103797446936367
N1(N=C(C(S(=O)(=O)N2CCOCC2)=C1C)C)S(=O)(=O)C1C=CC(=CC=1)F,0.006234362651593983
N1C(=O)OCC1C(=O)NCC1=CC=CN=C1OC1C=CC(=C(F)C=1F)C,0.0032491237041540446
N1(N=C(C(S(=O)(=O)N2CCCCCC2)=C1C)C)S(=O)(=O)C1=CC=C(C=C1)F,0.007805272215045988
C1(C2=CN=CC=N2)SC=C(CNC2C=C(C)N=C(CCC)N=2)N=1,0.006297880480997264
C1(CN2CCC(CN)C2)C2=CC=C(C=C2N(C)C=1)OC,0.012420747801661492
N12C=CC=C(C)C1=NC(Cl)=C(CN(CC)CC1=NOC(CCC)=N1)C2=O,0.008012630697339772
N1(N=C(C(S(=O)(=O)N2CCCC2)=C1C)C)S(=O)(=O)C1=CC=C(C=C1)F,0.0067937846528366205
C1(C(C)NC(NC=1C)=O)C(=O)N(CCOC)CC1SC=CN=1,0.003884092043153942
N1(N=C(C(S(=O)(=O)N2CCCCC2)=C1C)C)S(=O)(=O)C1=CC=C(C=C1)F,0.006339208013378084
CC1=NC(SC2=C(C=O)C(=O)N3C(C(=CC=C3)C)=N2)=NC(C)=C1,0.007924178708344698
N1C(C2=CC=NC=C2)=NC2=C(CCN(C(C)=O)C2)C=1NCC(CC)O,0.003178429405670613
N1(N=C(C(S(=O)(=O)N2CCC(CC2)C)=C1C)C)S(=O)(=O)C1=CC=C(C=C1)F,0.007173185958527029
N1(CCC(CC1)N(C)CC1CCCN(CCO)C1)C(C)=O,0.005518032214604318
N1(N=C(C(S(=O)(=O)N(CC)CC)=C1C)C)S(=O)(=O)C1=CC=C(C=C1)F,0.007533956971019507
C1(=COC(COC2C=CC3=C(C=2)N=C(S3)C)=N1)C(=O)NC(C)C1NC=CN=1,0.0024925491365138442
N1(N=C(C(S(=O)(=O)N2CCCC(C)C2)=C1C)C)S(=O)(=O)C1C=CC(=CC=1)F,0.006745063699781895
NC(COC1=CC=C(C=C2C(=O)OC(C3=CC=CC=C3)=N2)C=C1)=O,0.005571999377571047
N1(N=C(C(=C1C)S(=O)(=O)N(C)C1C=CC=CC=1)C)S(=O)(=O)C1C=CC(=CC=1)F,0.007022074842825532
N1(N=C(C(S(=O)(=O)N2CCOCC2)=C1C)C)S(=O)(=O)C1C=CC(=CC=1)Cl,0.006441299570724368
C1(C(NCCNC(=O)C(F)(F)F)=O)C2CCCCC=2N(C)N=1,0.0061937807593494655
N1(N=C(C(S(=O)(=O)N2CCCCCC2)=C1C)C)S(=O)(=O)C1=CC=C(C=C1)Cl,0.008389598550274968
C1(C2C=COC=2)=C(C2=CC=CC=C2)N=CN1C(C)CN1C(C)=CC(C)=N1,0.013306120317429304
CCC(NC(C(NC1CC1)=O)=O)C,0.010788692580536007
N1(CC)C(C2CCCNC2)=NN(CC(=O)NC2C(C)=NN(CC)C=2C)C1=O,0.004643819306511432
N1N(C)N=NC=1C1C=CC(=CC=1)C1ON=C(CC2CCN(CC2)C)N=1,0.00738213078584522
N1(N=C(C(S(=O)(=O)N2CCCC2)=C1C)C)S(=O)(=O)C1=CC=C(C=C1)Cl,0.007608902524225414
N1(CCC(CNC(CC2=CC=NC=C2)=O)C1)CC1=CC=CC(F)=C1,0.0053642199141904715
N1(N=C(C(S(=O)(=O)N2CCCCC2)=C1C)C)S(=O)(=O)C1=CC=C(C=C1)Cl,0.0070190078811720015
C(=O)(N1CCCC1)C1CCCN(C2CCN(CC2)CC2C=CC(=CC=2)O)C1,0.007423028559423983
N1(N=C(C(S(=O)(=O)N2CCC(CC2)C)=C1C)C)S(=O)(=O)C1=CC=C(C=C1)Cl,0.007194235851056874
C1(CCCN(CC2C=CC=NC=2)C1)(CCC1=CC=CC=C1)C(O)=O,0.008477743389084936
N1(N=C(C(S(=O)(=O)N(CC)CC)=C1C)C)S(=O)(=O)C1=CC=C(C=C1)Cl,0.008400325803086162
C1(NS(=O)(=O)C=CC2=CC=CC=C2)C(C)=NN(CC(O)=O)C=1C,0.003164603328332305
C(=O)(N1CCOCCC1)C1CCCN(C2CCN(CC2)CC2C=CN=CC=2)C1,0.012083002598956227
N1(N=C(C(S(=O)(=O)N2CCCC(C)C2)=C1C)C)S(=O)(=O)C1C=CC(=CC=1)Cl,0.006777046900242567
C12CN(CCOC1=C(C=C(C1=CC=C(C=N1)Cl)C=2)O)CC1CCNC1,0.004929356020875275
N1(N=C(C(=C1C)S(=O)(=O)N(C)C1C=CC=CC=1)C)S(=O)(=O)C1C=CC(=CC=1)Cl,0.007246635528281331
N1=C(C2=CC=CC(OC3C=CC=CC=3)=C2)OC(C)=C1CN1C=NC(C2CC2)=N1,0.008536814758554102
C(=O)(C1=CC=C(C=C1)OCC(C)=C)N(C)C(C)C1C=CON=1,0.011251532472670078
C1(C(=O)N2CCCC2)C=C2N(CCCN(C(=O)NCC3=CC=CC(F)=C3)C2)N=1,0.004919747961685062
N1(N=C(C(S(=O)(=O)N2CCOCC2)=C1C)C)S(=O)(=O)C1C=CC(=CC=1)Br,0.00806372226215899
N1C(=CSC=1SCC)CC(=O)NCC1=CC=C(C(OC)=C1)O,0.0039425029186531905
N1(N=C(C(S(=O)(=O)N2CCCCCC2)=C1C)C)S(=O)(=O)C1=CC=C(C=C1)Br,0.009370974684134125
N1=C(C2C=CC=CC=2)ON=C1N1CCOC2=C(C=C(C3C=CC=CC=3C)C=C2C1)O,0.005666123959235847
N1(N=C(C(S(=O)(=O)N2CCCC2)=C1C)C)S(=O)(=O)C1=CC=C(C=C1)Br,0.008730379166081548
C1(C2=CC=CC=C2C)SC(=CN=1)CNCC1=CSC(C(C)C)=N1,0.008993873279541731
N1(N=C(C(S(=O)(=O)N2CCCCC2)=C1C)C)S(=O)(=O)C1=CC=C(C=C1)Br,0.008021019492298364
N1(N=C(C(S(=O)(=O)N2CCC(CC2)C)=C1C)C)S(=O)(=O)C1=CC=C(C=C1)Br,0.008045724593102932
C12CCN(CC=1N=C(C1=CC=CN=C1)NC2=O)C(=O)C1C(=CC=CN=1)O,0.00498858445789665
N1(N=C(C(S(=O)(=O)N(CC)CC)=C1C)C)S(=O)(=O)C1=CC=C(C=C1)Br,0.010165994102135301
C(CN(C)CCCC1CCCO1)(=O)NC1=CC=C(C=C1F)Cl,0.00743236078415066
N1(N=C(C(S(=O)(=O)N2CCCC(C)C2)=C1C)C)S(=O)(=O)C1C=CC(=CC=1)Br,0.007622815063223242
C1(C2=CC=CN=C2)N=C(C)C=C(NC(C)C2NN=CN=2)N=1,0.003935951541643589
N1(N=C(C(=C1C)S(=O)(=O)N(C)C1C=CC=CC=1)C)S(=O)(=O)C1C=CC(=CC=1)Br,0.00888438792899251
COC1=C(NC(C2=C(SC)N=CC=C2)=O)C=C(N(=O)=O)C=C1,0.0031417918507941067
N1(N=C(C(S(=O)(=O)N2CCOCC2)=C1C)C)S(=O)(=O)C1C=CC(=CC=1)OC,0.007346891798079014
CC1=CC=C(S(N2CCC(C(NC3=CC=C(C(O)=O)C=C3)=O)CC2)(=O)=O)C=C1,0.0038483337964862587
C12(CN(CCN1C)CCC(F)(F)F)CCN(CC2)C(=O)COC1C=CC=CC=1,0.006753501232014969
C1(SC=CC=1NC(C)=O)C(=O)N(C)C1CC2C(=CC=CC=2)C1,0.008360825409181417
N1(C[C@H](C[C@H]1C(=O)N(CC)CC)N)CC1C=CC=NC=1,0.00917674284428358
N1(N=C(C(S(=O)(=O)N2CCCCCC2)=C1C)C)S(=O)(=O)C1=CC=C(C=C1)OC,0.008678215276449918
N1(N=C(C(S(=O)(=O)N2CCCC2)=C1C)C)S(=O)(=O)C1=CC=C(C=C1)OC,0.00805383427068591
C1(C(OC)=O)=COC(CN2CCOC(C2)C2C=CC3C(=CC=C(OC)C=3)C=2)=N1,0.0065587915945798155
C12CN(CCOC1=C(C=C(C1C=CC=CC=1C)C=2)O)CC1=CC=CC=N1,0.006454404490068555
N1(N=C(C(S(=O)(=O)N2CCCCC2)=C1C)C)S(=O)(=O)C1=CC=C(C=C1)OC,0.00737113521900028
C1(C(=O)NC2CCCN(C(C(C)C)=O)C2)C=C(ON=1)CN1CCOCC1,0.007416490325704217
S(=O)(=O)(C1C=CC=CC=1C)N1CCCN2C(=CC(=N2)C(=O)N2CCCC2)C1,0.006978353159502149
N1(N=C(C(S(=O)(=O)N2CCC(CC2)C)=C1C)C)S(=O)(=O)C1=CC=C(C=C1)OC,0.008138701436109841
C1(=COC(COC2=CC=CC3C=NC=CC2=3)=N1)C(=O)N(C)CC1CCCCO1,0.00682274664286524
C(=O)(C1C=CC=C(C=1)C#N)N(C(C)C)CC1C=CC=C(C=1)SC,0.00833442669827491
N1(N=C(C(S(=O)(=O)N(CC)CC)=C1C)C)S(=O)(=O)C1=CC=C(C=C1)OC,0.008964952640235424
C1(C(=O)N2CCN(CC2)S(CC)(=O)=O)OC(=NN=1)CN(C)C,0.004147635085973889
N1(N=C(C(S(=O)(=O)N2CCCC(C)C2)=C1C)C)S(=O)(=O)C1C=CC(=CC=1)OC,0.007635272899642586
N1=C(CNCC2=CC=CC=C2N2C=CC=N2)ON=C1C1C=CC=CC=1C,0.007363902241922915
N1(N=C(C(=C1C)S(=O)(=O)N(C)C1C=CC=CC=1)C)S(=O)(=O)C1C=CC(=CC=1)OC,0.007796092564240098
N1=NC(=CN1C1CCN(CC1)CC1=CC=CO1)C1=CC=C(C(O)=C1)OC,0.0046992311719805
N1(N=C(C(S(=O)(=O)N2CCOCC2)=C1C)C)S(=O)(=O)C1C=CC(=C(OC)C=1)OC,0.008509493572637439
C1(C2=CC=CC(=C2C)NCC2=CC=CN=C2)=NC(=NN1C1C=CC=CN=1)C(C)C,0.008415950206108391
N1(N=C(C(S(=O)(=O)N2CCCCCC2)=C1C)C)S(=O)(=O)C1C=CC(=C(OC)C=1)OC,0.009105532104149461
COC(C1=C(Cl)C=CC(NS(C2=CC=CC=C2)(=O)=O)=C1)=O,0.004374409164302051
N1(N=C(C(S(=O)(=O)N2CCCC2)=C1C)C)S(=O)(=O)C1C=CC(=C(OC)C=1)OC,0.008596635283902287
COC(C1=C(Cl)C=CC(NC(C2=CC=C(OC)C=C2)=O)=C1)=O,0.006249462952837348
N1(N=C(C(S(=O)(=O)N2CCC(CC2)C)=C1C)C)S(=O)(=O)C1C=CC(=C(OC)C=1)OC,0.00847500623203814
N1=C(NCC)C=CN=C1C=CC1=CC=CC=C1,0.0072727796854451295
O=N(C1=CC2=C(C(N(C3=CC=NC=C3)C2=O)=O)C=C1)=O,0.0020471308846026657
N1(C[C@H](C[C@H]1C(NC)=O)N)CC1C=NC(=NC=1)NCC,0.005230505287181586
N1(N=C(C(S(=O)(=O)N2CCCC(C)C2)=C1C)C)S(=O)(=O)C1C=CC(=C(OC)C=1)OC,0.008026489242911338
N1=C(C)SC=C1CC(=O)N(CC1CCCO1)CC1C=CC=CN=1,0.008463180111721157
C1(C=CC(=C(C)C=1)F)C(N(C)CCOC1C=CC=CC=1)C(O)=O,0.006593428854830563
N1(N=C(C(=C1C)S(=O)(=O)N(C)C1C=CC=CC=1)C)S(=O)(=O)C1C=CC(=C(OC)C=1)OC,0.008476771740242839
N1C(=CC=C(N=1)C1C=CC=CC=1OCC)N1CCCC1,0.011659055389463902
N1(N=C(C(S(=O)(=O)N2CCOCC2)=C1C)C)S(=O)(=O)C1C=CC(=C(C)C=1)OC,0.007439220696687699
[C@@H]12[C@](C3C=CC=CC=3)(C(OC)=O)N[C@H](CCN3C=CC=N3)[C@@H]1C(N(C)C2=O)=O,0.002919918338548655
N1(N=C(C(S(=O)(=O)N2CCCCCC2)=C1C)C)S(=O)(=O)C1C=CC(=C(C)C=1)OC,0.008020225772634148
N1(N=C(C(S(=O)(=O)N2CCCC2)=C1C)C)S(=O)(=O)C1C=CC(=C(C)C=1)OC,0.008074254030361772
C1(C(=O)NC2CC2)=CN(N=N1)C1CCN(CC1)C1=NC=NC(C)=C1C,0.006479483377188444
N1(N=C(C(S(=O)(=O)N2CCC(CC2)C)=C1C)C)S(=O)(=O)C1C=CC(=C(C)C=1)OC,0.008100714604370295
C12CN(CCC=1N(N=C2C(O)=O)CCCC1C=CC=CC=1)C(=O)C1(CCC1)COC,0.009038373758085073
N1(N=C(C(S(=O)(=O)N(CC)CC)=C1C)C)S(=O)(=O)C1C=CC(=C(C)C=1)OC,0.009142816951498389
N1(N=C(C(S(=O)(=O)N2CCCC(C)C2)=C1C)C)S(=O)(=O)C1C=CC(=C(C)C=1)OC,0.007565657724626362
N1(N=C(C(=C1C)S(=O)(=O)N(C)C1C=CC=CC=1)C)S(=O)(=O)C1C=CC(=C(C)C=1)OC,0.00797046993393451
N1=C(C=C(C2=CC=CC(OC)=C12)C)C1C=CNN=1,0.0055232902406714855
O=C(NC1NC=NN=1)CCC1=CC=CC=C1,0.0031197964795865118
N1(CCOC(C1)C1=CC=C(C(Cl)=C1)Cl)CC(=O)NCC1C=CC=CN=1,0.00654925275593996
N1(N=C(C(S(=O)(=O)N2CCOCC2)=C1C)C)S(=O)(=O)C1=CC=CS1,0.005570446420460939
S(NC)(=O)(=O)C1=CC=C(C=C1)C1=NC=CN1C1C=CC=C(C=1)N1C=NN=N1,0.00237743720645085
CSC1=C(C(NC2=CC=C(N(=O)=O)C=C2)=O)C=CC=N1,0.0025960902916267515
N1(N=C(C(S(=O)(=O)N2CCCCCC2)=C1C)C)S(=O)(=O)C1=CC=CS1,0.007132419408299029
C1(CN2CCN(CC2)C2C=C(C)N=C(N)N=2)=C(C)C2=C(C=CC=C2)S1,0.004343282140325755
N1(N=C(C(S(=O)(=O)N2CCCC2)=C1C)C)S(=O)(=O)C1=CC=CS1,0.006605691742151976
C1(=CN(N=C1C)CC)C(=O)NC(C)C1=CC(=NO1)CC,0.009481671219691633
CSC1=C(C(NC2=CC(N(=O)=O)=CC=C2)=O)C=CC=N1,0.0025033653189893814
C1(C=NNC=1C1CCN(CC1)C1=NC=NC2NC=CC1=2)C1C=CC=C(OC)C=1,0.005063896928913891
C1(C(OCC)=O)=NC=CN1CCN1CCCC1=O,0.0048948350129649045
N1(N=C(C(S(=O)(=O)N2CCCCC2)=C1C)C)S(=O)(=O)C1=CC=CS1,0.005777654983103275
C1(C=C(NN=1)COC1=CC=CC(F)=C1)C(=O)NC(CO)CO,0.00216018000501208
N1(N=C(C(S(=O)(=O)N2CCC(CC2)C)=C1C)C)S(=O)(=O)C1=CC=CS1,0.006062098895199597
CC1=C(N2C(=O)C=C(O)N=C2SCC(NC2CC2)=O)C=CC=C1,0.007867437135428191
C12CCN(CC=1N=CN=C2N(C)CC1CC2=C(C=CC=C2)O1)C(=O)C1CC1,0.010632402449846267
CCOC1=C(OCC2=CC=CC=C2)C(Br)=CC(C2NC(=O)C3=C(C=CC=C3)N=2)=C1,0.00652265721000731
C1(C2=NC=CN2CC2CCCN(C(C)=O)C2)=NC2C(=CC=CC=2)N1CC(C)C,0.008062026440165937
C12CN(CC=1C=NN2CCO)C(=O)C1C=CC(=C(Cl)C=1)F,0.003454363194759935
N1(N=C(C(S(=O)(=O)N(CC)CC)=C1C)C)S(=O)(=O)C1=CC=CS1,0.007180492696352303
C1(C(NCCSC2=NN=NN2C)=O)C=NN2C=CN(C)C=12,0.0025535299733746796
N1(N=C(C(S(=O)(=O)N2CCCC(C)C2)=C1C)C)S(=O)(=O)C1=CC=CS1,0.005667342944070697
CC1N(C2=C(C#N)C(C)=C(C)S2)C(C)=C(C=C2C(=O)N(C3=C(C)C=CC=C3)C(=O)NC2=O)C=1,0.0016928497760090977
N1(N=C(C(=C1C)S(=O)(=O)N(C)C1C=CC=CC=1)C)S(=O)(=O)C1=CC=CS1,0.006691570952534675
CC1N(C2CCCCC2)C(SCC2ON=C(C3=CC=C(Cl)C=C3)N=2)=NN=1,0.010124581074342132
C12(CCN(CC1)C(=O)C1=CC=C(OCC)O1)N(C)CCCNC2=O,0.007718463451601565
C1(CNCC2=C(C)N=C(CCC)S2)=CN(N=C1C)CC=C,0.01117973430082202
N1(N=C(C(S(=O)(=O)N2CCOCC2)=C1C)C)S(=O)(=O)C1=C(OC)C=CC(OC)=C1,0.007677130680531263
CN(C1=C(Br)C=C(C=C2C(=O)N(C3=C(C)C=CC=C3)C(=O)NC2=O)C=C1)C,0.002379475760972127
C1(C(O)=O)C=C2N(CCCN(CCC3C(C)(C)CCCC=3C)C2)N=1,0.016163433669134974
N1(N=C(C(S(=O)(=O)N2CCCC2)=C1C)C)S(=O)(=O)C1=C(OC)C=CC(OC)=C1,0.0077218869235366585
CC1=CC(N2C(C=C3C(=O)N(C4=C(C)C=CC=C4)C(=O)NC3=O)=CC=C2)=CC=C1,0.002000277314800769
N1(N=C(C(S(=O)(=O)N2CCCCC2)=C1C)C)S(=O)(=O)C1=C(OC)C=CC(OC)=C1,0.0070533821359276775
C1(=C(C2=CC=CC=C2)N=CN1CC1=NOC(C2=CC=CO2)=C1)C1NC=NC=1C,0.005550620844587684
N1(N=C(C(S(=O)(=O)N2CCC(CC2)C)=C1C)C)S(=O)(=O)C1=C(OC)C=CC(OC)=C1,0.007688155700452626
N1(N=C(C(S(=O)(=O)N(CC)CC)=C1C)C)S(=O)(=O)C1=C(OC)C=CC(OC)=C1,0.008870648266747595
C1(C=NNC=1C1CCN(CC1)C(=O)C1CCC(NC1)=O)C1C=CC=C(F)C=1,0.0035497860633768143
N1(N=C(C(S(=O)(=O)N2CCCC(C)C2)=C1C)C)S(=O)(=O)C1=C(OC)C=CC(OC)=C1,0.0072616502875462174
C1(N(C)C)=NC2CN(CCC=2C(=O)N1)C(=O)C(O)C1C=CC(=CC=1)Cl,0.0027252228872384878
C1(=NC=CC=C1CNC(C1CCCNCC1)=O)N1CCCCCCC1,0.008890334866009653
N1(N=C(C(=C1C)S(=O)(=O)N(C)C1C=CC=CC=1)C)S(=O)(=O)C1=C(OC)C=CC(OC)=C1,0.007582371775060892
N1(N=C(C(S(=O)(=O)N2CCOCC2)=C1C)C)S(=O)(=O)C1=CC=C2C(C=CC=C2)=C1,0.006247770041227341
N1(C[C@@H](C[C@H]1C(NCC)=O)N)C(=O)C1=CC=C(C(=C1)NC(C1CCCC1)=O)C,0.009346678457222878
N1(N=C(C(S(=O)(=O)N2CCCCCC2)=C1C)C)S(=O)(=O)C1=CC=C2C(C=CC=C2)=C1,0.007290774094872177
N1(CCOC(C2=CC=C(C=C2)Cl)C1)C1=NC=CC(=C1)C(=O)N1CCOCC1,0.006418514787219465
N1(C=CN=C1C1C=CC2=C(C=CO2)C=1)CC1C(=CC=CN=1)C,0.00722850242163986
N1(C(=O)CNS(C)(=O)=O)C[C@@H]([C@H]2N3CCC(CC3)[C@H]21)C1C=CC=CC=1,0.004369844263419509
N1(N=C(C(S(=O)(=O)N2CCCC2)=C1C)C)S(=O)(=O)C1=CC=C2C(C=CC=C2)=C1,0.006761309178546071
[C@]12(CNC[C@@H]1CN(C(C)=O)C2)C(NCCCCC1C=CC=CN=1)=O,0.006144176051020622
C1(C(NCCC2=NC(C)=CC(=O)N2)=O)C=C(NN=1)CN1C2C=CC=CC=2N=C1,0.003012623486574739
N1(N=C(C(S(=O)(=O)N2CCCCC2)=C1C)C)S(=O)(=O)C1=CC=C2C(C=CC=C2)=C1,0.006217895518057048
C(=O)(C1C=CN=C(CC)C=1)N1CCC(CC1)N1CCCC(C1)C(=O)NC1CC1,0.009764243196696044
N1(N=C(C(S(=O)(=O)N2CCC(CC2)C)=C1C)C)S(=O)(=O)C1=CC=C2C(C=CC=C2)=C1,0.0062502272427082065
N1(N=C(C(S(=O)(=O)N2CCCC(C)C2)=C1C)C)S(=O)(=O)C1=CC=C2C(C=CC=C2)=C1,0.006263408088125288
N1(N=C(C(=C1C)S(=O)(=O)N(C)C1C=CC=CC=1)C)S(=O)(=O)C1=CC=C2C(C=CC=C2)=C1,0.006954792630858719
N1(N=C(C(S(=O)(=O)N2CCOCC2)=C1C)C)S(=O)(=O)C1C=CC=C(C=1)N(=O)=O,0.004048258159309625
C1(C(=O)NCC(C)OC2C=CC=NC=2)=CC(=O)C2=C(C=CC=C2)N1,0.004312244395259767
N1(N=C(C(S(=O)(=O)N2CCCCCC2)=C1C)C)S(=O)(=O)C1C=CC=C(C=1)N(=O)=O,0.0048090067692101
CC1=CC=C(C(C=CC2=CC3=C(N=CC=N3)C=C2)=O)C=C1,0.015739098424091935
C1(C(O)C2CCN(CC2)CC(=O)NCC2C=CC=CC=2F)=NC=CN1C,0.0019140901218634098
C1(C=C(C)C=CC=1F)NC(CCC(=O)NCC1=CC=C(C(OC)=C1)OC)=O,0.008375325822271407
N1(N=C(C(S(=O)(=O)N2CCCCC2)=C1C)C)S(=O)(=O)C1C=CC=C(C=1)N(=O)=O,0.003952485113404691
N1(CC[C@H]([C@H](O)C1)C1=CC=CC(OC)=C1)C(=O)C1C=C(OC)C=C(OC)C=1,0.0035069513018243016
C1(C(NCCSCC2NC=NC=2C)=O)=C2CCCCC2=CS1,0.003625910321716219
N1(N=C(C(S(=O)(=O)N2CCC(CC2)C)=C1C)C)S(=O)(=O)C1C=CC=C(C=1)N(=O)=O,0.004094853636343032
C(=O)(N(CCOC)CC1=CC=CS1)C1CCCN(CC2=CC=CO2)C1,0.00939430920407176
CCOC1=C(C2N(C(C3OC=CC=3)=O)N=C(C3=CC(NS(C)(=O)=O)=CC=C3)C2)C=CC=C1,0.004592420998960733
CCOC1=C(C2N(S(C)(=O)=O)N=C(C3=CC(NS(C)(=O)=O)=CC=C3)C2)C=CC=C1,0.005263745307456702
N1(N=C(C(S(=O)(=O)N(CC)CC)=C1C)C)S(=O)(=O)C1C=CC=C(C=1)N(=O)=O,0.004762605496216566
N1(CCN(C(=O)C1)C1CCCC1)C(C(O)=O)C1=CC(C)=CC=C1OC,0.008225096086971462
CCOC1=C(C2N(S(CC)(=O)=O)N=C(C3=CC(NS(C)(=O)=O)=CC=C3)C2)C=CC=C1,0.005678839632309973
N1C(CN2CCOC3=C(C=C(C4C=CC=C(Cl)C=4)C=C3C2)O)=COC=1C(C)C,0.0046772102126851674
N1(N=C(C(S(=O)(=O)N2CCCC(C)C2)=C1C)C)S(=O)(=O)C1C=CC=C(C=1)N(=O)=O,0.00386999836191535
N12CCN(CC1CN(CC1C=CC(=CC=1)N1C=CN=C1)CC2)C,0.008446051296778024
N1(N=C(C(=C1C)S(=O)(=O)N(C)C1C=CC=CC=1)C)S(=O)(=O)C1C=CC=C(C=1)N(=O)=O,0.0046623725909739734
C12(CCN(CC1)C)CN(CCN2C)CC1=CC(OCC)=C(C(Cl)=C1)O,0.0070226821582764385
CCS(NC1=CC=C(C2CC(C3=CC=CC=C3)N(C(C)=O)N=2)C=C1)(=O)=O,0.005352614994626493
N1(N=C(C(S(=O)(=O)N2CCOCC2)=C1C)C)S(=O)(=O)C1=CC=C(C=C1)C(C)C,0.006683100131340325
C1(CN(C)CC2=NOC(C)=N2)=C(C2C=CC=CC=2)N=C2N=CC=CN21,0.0068481557071208956
N12CC[C@H](C[C@@]1([H])C(N(CCCN1CCOCC1)CC2=O)=O)O,0.0035247953375801442
N1(CC[C@H]([C@@H](OC)C1)N)C(=O)C1=CC=C2C(N=CC=C2)=N1,0.00576349733164534
CCS(NC1=CC=C(C2CC(C3OC=CC=3)N(C(C3=CC(OC)=CC=C3)=O)N=2)C=C1)(=O)=O,0.00489682792685926
N1(N=C(C(S(=O)(=O)N2CCCCCC2)=C1C)C)S(=O)(=O)C1=CC=C(C=C1)C(C)C,0.008271945128217339
N1(N=C(C(S(=O)(=O)N2CCCC2)=C1C)C)S(=O)(=O)C1=CC=C(C=C1)C(C)C,0.007758455164730549
CCS(NC1=CC=C(C2CC(C3SC=CC=3)N(C(C3OC=CC=3)=O)N=2)C=C1)(=O)=O,0.005024139117449522
N1(N=C(C(S(=O)(=O)N2CCCCC2)=C1C)C)S(=O)(=O)C1=CC=C(C=C1)C(C)C,0.007081422139890492
C1(NC(CC)C2C=NN(C)C=2)C2CCNCCC=2N=C(C2=CC=NC=C2)N=1,0.008717117691412568
N1(N=C(C(S(=O)(=O)N2CCC(CC2)C)=C1C)C)S(=O)(=O)C1=CC=C(C=C1)C(C)C,0.00768623014446348
N1(CC[C@H]([C@H](O)C1)C1SC=CC=1C)C(=O)C1C=CC2=C(C=1)N=C(S2)N,0.0016743287560530007
C1(=C(C=CC=C1F)OC)C1=CC=C(C=C1)C(O)CN1CCOCC1,0.003325604775454849
CCS(NC1=CC=C(C2CC(C3=CC=C(OC)C=C3)N(C(C)=O)N=2)C=C1)(=O)=O,0.0054196006618440155
N1(CCCCC1)CCNC(COC1C=CC(=CC=1)NC(CC)=O)=O,0.007412068010307848
N1(N=C(C(S(=O)(=O)N(CC)CC)=C1C)C)S(=O)(=O)C1=CC=C(C=C1)C(C)C,0.008339839009568095
C1(C(NCCC2=NOC(C)=N2)=O)C=C(ON=1)CN(C)CC1=CC=CC=C1,0.008024878753349184
N1(N=C(C(S(=O)(=O)N2CCCC(C)C2)=C1C)C)S(=O)(=O)C1C=CC(=CC=1)C(C)C,0.0076896263984963294
N1C(N)=NC2C(=CC(=CC=2)C(O)=O)C=1NCC1C=CC=C2C=1C=CN2,0.0018787023669574409
CCOC(C1C(=O)C=C(C2SC=CC=2)CC1C1=CC=CC=C1)=O,0.015005301032215358
C12CN(CCOC1=C(C=C(C=2)C1=CC=C(C)S1)OC)CCNC(N)=O,0.004462499974761158
N1(N=C(C(=C1C)S(=O)(=O)N(C)C1C=CC=CC=1)C)S(=O)(=O)C1C=CC(=CC=1)C(C)C,0.008029123721644282
C1(C(C)C)N=NSC=1CNC(COC1C=CC(=CC=1)NC(CC)=O)=O,0.006456289254128933
CCOC(C1C(=O)C=C(C2SC=CC=2)CC1C1=CC=C(OC)C=C1)=O,0.014190438902005553
N12CCCCCC1=NN=C2CNCC1C(C)=CC(=C(COC(C)=O)C=1C)C,0.010973502742126584
N1(N=C(C(S(=O)(=O)N2CCOCC2)=C1C)C)S(=O)(=O)C1C=CC(=CC=1)C(C)(C)C,0.00764588201418519
N1(N=C(C(S(=O)(=O)N2CCCCCC2)=C1C)C)S(=O)(=O)C1C=CC(=CC=1)C(C)(C)C,0.009735067654401065
N1(N=C(C(S(=O)(=O)N2CCCC2)=C1C)C)S(=O)(=O)C1C=CC(=CC=1)C(C)(C)C,0.008495240425691008
N1=NC(=CN1C1CCN(CC1)C1=NC=CC=C1C(NC)=O)C1C=CC=CC=1,0.0047000102698802945
N1(N=C(C(S(=O)(=O)N2CCCCC2)=C1C)C)S(=O)(=O)C1C=CC(=CC=1)C(C)(C)C,0.008374867867678404
C1(SC=CC=1C)CN(CC(C)C)C(=O)CC1=CC=CN=C1,0.010012139659374952
N1(N=C(C(S(=O)(=O)N2CCC(CC2)C)=C1C)C)S(=O)(=O)C1C=CC(=CC=1)C(C)(C)C,0.008398085972294212
S1(=O)(=O)CCN(CC1)CC1=C(C)OC(C2C=CC(=CC=2)SC)=N1,0.00485327816568315
N1(N=C(C(S(=O)(=O)N2CCCC(C)C2)=C1C)C)S(=O)(=O)C1=CC=C(C=C1)C(C)(C)C,0.008037136308848858
N1(CCN(C2(CCN(CC2)C)C1)C)C(=O)C1C=CC(=CC=1)NC(C)=O,0.007387164910323918
N(CC=C)(C1CCOCC1)CC1C=CC=CN=1,0.012937617022544146
N1(N=C(C(=C1C)S(=O)(=O)N(C)C1C=CC=CC=1)C)S(=O)(=O)C1=CC=C(C=C1)C(C)(C)C,0.008732576528564096
N1(N=C(C(S(=O)(=O)N2CCOCC2)=C1C)C)S(=O)(=O)C1C=CC(=CC=1)OCC,0.00692079346626997
N1C(C2=CC=NC=C2)=NOC=1C1CCCN1C1CCN(CC1)C(C)=O,0.008556603128090501
N1(N=C(C(S(=O)(=O)N2CCCCCC2)=C1C)C)S(=O)(=O)C1=CC=C(C=C1)OCC,0.007944154879078269
N1(CCOC2=C(C=C(C3=CC=CN=C3)C=C2C1)O)C(=O)C(C)N1C=CN=C1,0.0033411891316063704
N1(C2=CC=CC(Cl)=C2F)N=C(N=C1CCCN1C=NC=N1)C,0.0067506135441362854
N1(N=C(C(S(=O)(=O)N2CCCC2)=C1C)C)S(=O)(=O)C1=CC=C(C=C1)OCC,0.007539728586561978
C(=O)(CC1=CC=NC=C1)N(CCO)CCSC1=CC=C(C=C1)Cl,0.002958769490942359
N1(N=C(C(S(=O)(=O)N2CCCCC2)=C1C)C)S(=O)(=O)C1=CC=C(C=C1)OCC,0.006921714823693037
N1(N=C(C(S(=O)(=O)N2CCC(CC2)C)=C1C)C)S(=O)(=O)C1=CC=C(C=C1)OCC,0.007651685154996812
N1(CCC(CC1)C)C(=O)CCNC1CCN(CC1)CC(C)C,0.01486877966672182
N1=C(CCC)ON=C1CN(CC)C(=O)CCN1C2C=CC=CC=2N=C1,0.007912624720484018
N1(N=C(C(S(=O)(=O)N(CC)CC)=C1C)C)S(=O)(=O)C1=CC=C(C=C1)OCC,0.008540996443480253
N1(C=CN=C1C1=CC=CS1)CC1=CC=CC=C1CN1C=CC=N1,0.006307345861569047
C1(C(=O)NCC2(CCOCC2)N(C)C)=CC2=C(C=CC(C)=C2)O1,0.009927226649597286
N1(N=C(C(S(=O)(=O)N2CCCC(C)C2)=C1C)C)S(=O)(=O)C1C=CC(=CC=1)OCC,0.007479965197853744
C1(=NC=CC=C1CNC(CC1CC1)=O)N(C)CC1C=CC=CC=1,0.007054459839127958
N1(N=C(C(=C1C)S(=O)(=O)N(C)C1C=CC=CC=1)C)S(=O)(=O)C1C=CC(=CC=1)OCC,0.007371538481675088
C1(CN(CC)CC)=C(CC)OC(C(NCCN2C=C(N=N2)C)=O)=C1,0.008931321930140257
N1(N=C(C(S(=O)(=O)N2CCOCC2)=C1C)C)S(=O)(=O)C1C=CC(=C(C)C=1)C,0.006700983364135027
C1(N(C)C2=C(C=CC=C2)N=1)C1=NC=CN1CC1=CC=CC(OC)=C1OC,0.010496562253683806
N1(N=C(C(S(=O)(=O)N2CCCCCC2)=C1C)C)S(=O)(=O)C1C=CC(=C(C)C=1)C,0.008639867417514324
N1(CC)C(=O)COC2=CC3NC(=O)CC(C4=CC=NC(C(C)C)=N4)C=3C=C12,0.007354245404712856
N1(N=C(C(S(=O)(=O)N2CCCC2)=C1C)C)S(=O)(=O)C1C=CC(=C(C)C=1)C,0.007915337570011616
N1(CC(=O)NC(C)C)C2=CC=CC=C2C(CN(CC2C=NN(C)C=2)C2CC2)=C1,0.01079686377197504
N1=C(C2=CC=CC=C2)ON=C1CN(C)C(C)C(=O)NC1SC=CN=1,0.005341726867482066
N1(N=C(C(S(=O)(=O)N2CCC(CC2)C)=C1C)C)S(=O)(=O)C1C=CC(=C(C)C=1)C,0.007401967467740178
C1(C(=O)NC(CC)CO)C=C(ON=1)COC1C=CC2=C(C=CC=N2)C=1,0.003847922873683274
C1(=CC2=CC=CC=C2NC1=O)C1=NC=CN1C(C)CN1C=NC=N1,0.0029505661397706716
N1(N=C(C(S(=O)(=O)N(CC)CC)=C1C)C)S(=O)(=O)C1C=CC(=C(C)C=1)C,0.008454729709774256
C1(CN2CCCC(CNC(=O)C3=CN=CN=C3)C2)=CC2C(=CC=CC=2)N1,0.004512096429243684
C12CN(CCOC1=C(C=C(C1=CC=C(C=N1)Cl)C=2)O)CC=CC1=CC=CC=C1,0.005851896130479872
N1(N=C(C(S(=O)(=O)N2CCCC(C)C2)=C1C)C)S(=O)(=O)C1C=CC(=C(C)C=1)C,0.0073979396373033525
N1(C)C[C@H](C[C@H]1C(=O)NCC1C=CC(=CC=1)C)NC(=O)C1CC1,0.009323771414346992
N1(N=C(C(=C1C)S(=O)(=O)N(C)C1C=CC=CC=1)C)S(=O)(=O)C1C=CC(=C(C)C=1)C,0.008214295445941388
N1(C[C@H]([C@H]2N3CCC(CC3)[C@H]21)C1C=CC=CC=1)C(=O)C1SN=NC=1CC,0.008550910721533
N1(N=C(C(S(=O)(=O)N2CCCCCC2)=C1C)C)S(=O)(=O)C1C=C(C)C=CC=1C,0.008481666399165987
C12=C(CCN(C(=O)C(=O)NC3CCCC3)C1)NN=C2C1C=CC(=CC=1)Cl,0.005247905408032239
ClC1=CC=C(OCC(NC2=C(C(N3CCOCC3)=O)C=CC=C2)=O)C=C1,0.007175268908031285
C12C(C)=CC=CN1C=C(CNC(=O)C1C=C(ON=1)COC1C=CC(=CC=1F)F)N=2,0.005111659900285304
N1(N=C(C(S(=O)(=O)N2CCCC2)=C1C)C)S(=O)(=O)C1C=C(C)C=CC=1C,0.007741306535899639
C1(CN(C)CC2COC3=C(C=CC=C3OC)C=2)C=NN(C)C=1C,0.015436685597524046
N1(N=C(C(S(=O)(=O)N2CCC(CC2)C)=C1C)C)S(=O)(=O)C1C=C(C)C=CC=1C,0.00731059794779867
C12C=C(CNC(=O)C3=CC=NN3CC)C(=NC=1CN(C1CCCC1)C2=O)OC,0.007763641932979226
N1(N=C(C(S(=O)(=O)N(CC)CC)=C1C)C)S(=O)(=O)C1C=C(C)C=CC=1C,0.008382527017965912
C1(=C(C)N(N=C1C)CC=C)C1N(CCC2NN=NN=2)C=NC=1C1=CC=CC=C1,0.0038418978569097818
N1(C(C)C)C[C@@H]([C@@H](NC2=NC=CC(C3CCCC3)=N2)C1)OC,0.009025351190939546
CCCN1C(=S)SC(=CC2=NC=CC=C2)C1=O,0.011642871936783195
C12=C(C[C@@H]3CC[C@H]1N3C)N=C(C(C#N)=C2C1C=CC2=C(C=CO2)C=1)N,0.004978531552478671
O=C1C(=CC2SC=CC=2)SC(=S)N1C1=C2C(C=CC=C2)=CC=C1,0.009644132992252707
N1(N=C(C(S(=O)(=O)N2CCCC(C)C2)=C1C)C)S(=O)(=O)C1C=C(C)C=CC=1C,0.007263553072698414
C(=O)(N1CCC(CC1)NC)C1CCCN(C2CCN(CC2)CC2=CC=NC=C2)C1,0.010446516703814268
N1(N=C(C(=C1C)S(=O)(=O)N(C)C1C=CC=CC=1)C)S(=O)(=O)C1C=C(C)C=CC=1C,0.008178412890993058
N1(C(C)C(=O)N[C@H]2CC[C@@H](CC2)N2C=NN=C2)C2C=CC=CC=2N=C1,0.005581066361628473
N1(N=C(C(S(=O)(=O)N2CCOCC2)=C1C)C)S(=O)(=O)C1C=CC(=CC=1)OCCCC,0.007039569062180817
C1(C(NCCC(C)O)=O)C=C(ON=1)CN1CCN(CC1)CC,0.004518807074055076
N1(N=C(C(S(=O)(=O)N2CCCCCC2)=C1C)C)S(=O)(=O)C1=CC=C(C=C1)OCCCC,0.007561889127828181
N1C(CCN(C)C(=O)CCN2CCCCCCC2)=NOC=1C(C)C,0.014707824494689704
N1(N=C(C(S(=O)(=O)N2CCCC2)=C1C)C)S(=O)(=O)C1=CC=C(C=C1)OCCCC,0.007680600043386221
N1(CC(C)NCCN2CCCC3=CC=CC=C23)C=CN=C1C,0.007547503500245511
N1(N=C(C(S(=O)(=O)N2CCCCC2)=C1C)C)S(=O)(=O)C1=CC=C(C=C1)OCCCC,0.006532012415118515
N1(CC(C)NCC(=O)NC2=CN=CC=N2)C2C=CC=CC=2C=C1,0.005412247776985168
N1(N=C(C(S(=O)(=O)N2CCC(CC2)C)=C1C)C)S(=O)(=O)C1=CC=C(C=C1)OCCCC,0.007167619303800166
C1(C(N)=O)=CN=C2CN(CCN12)C(=O)C1CC(C2C=CC=CC1=2)=O,0.009880244405940175
C1(=C(C)N=C2SC=CN21)C(=O)NC1=NN=C(C(C)CCC)S1,0.004583792446646839
N1(N=C(C(S(=O)(=O)N(CC)CC)=C1C)C)S(=O)(=O)C1=CC=C(C=C1)OCCCC,0.008691968023777008
C1(CN[C@@H](CC2=CC=CC=C2)C(N)=O)=CN(N=C1C)CC=C,0.006008536135777831
N1(N=C(C(S(=O)(=O)N2CCCC(C)C2)=C1C)C)S(=O)(=O)C1C=CC(=CC=1)OCCCC,0.006746732327155769
N1=C(C(C)C)ON=C1N1CCCC(C1)C(=O)C1C=CC(=C(OC)C=1)OC,0.012259663734585046
OC(C(C1=CC=CC=C1)SC1=CC=CC=C1)=O,0.006419593747705221
N12C[C@H](C[C@H]1C(N(C)CC2=O)=O)NC(=O)C1=CC=NC(C(C)C)=N1,0.005104137095622718
N1(N=C(C(=C1C)S(=O)(=O)N(C)C1C=CC=CC=1)C)S(=O)(=O)C1C=CC(=CC=1)OCCCC,0.00740418559871614
C12C(C)=C(SC=1N=CN=C2N1CCNC(C)C1)C,0.005170085467398167
N1(N=C(C(S(=O)(=O)N2CCOCC2)=C1C)C)S(=O)(=O)C1C=CC2=C(CCCC2)C=1,0.008003514911979436
S1C(C)=NN=C1SCC(=O)NCC1N=CC(=C(O)C=1C)C,0.006116950465366244
C1(C(NCCOC2C(C)=NON=2)=O)=C(C)N=C2SC=CN21,0.0037384897819720208
N1(N=C(C(S(=O)(=O)N2CCC(CC2)C)=C1C)C)S(=O)(=O)C1C=CC2=C(CCCC2)C=1,0.00852981919888407
C1(=O)C2=CC=CN=C2CN1CCC1=CC=CC=C1OCC,0.010914667882025242
N1(N=C(C(S(=O)(=O)N2CCCC(C)C2)=C1C)C)S(=O)(=O)C1C=CC2=C(CCCC2)C=1,0.008502259198576213
N1(N=C(C(S(=O)(=O)N2CCOCC2)=C1C)C)S(=O)(=O)C1C=CC(=CC=1)OC(C)C,0.007839249423705041
N1(N=C(C(S(=O)(=O)N2CCCCCC2)=C1C)C)S(=O)(=O)C1=CC=C(C=C1)OC(C)C,0.00840560980141163
C1(C=C2CCCC2=NC=1OC)C(=O)N1CC2=C(C=NC(CC(C)C)=N2)C1,0.012227130122482777
N1(N=C(C(S(=O)(=O)N2CCCC2)=C1C)C)S(=O)(=O)C1=CC=C(C=C1)OC(C)C,0.007950938493013381
C1(C(=O)N2CC[C@@]([C@@H](CC(C)C)C2)(C)O)=CC(=NN1CC)C(C)C,0.011179959075525403
N1(N=C(C(S(=O)(=O)N2CCCCC2)=C1C)C)S(=O)(=O)C1=CC=C(C=C1)OC(C)C,0.007247270061634481
N1(CCC[C@H]1C(=O)N(C)C)C(=O)COC1=CC=C(C=C1)NC(CC)=O,0.007796137966215611
N1(N=C(C(S(=O)(=O)N2CCC(CC2)C)=C1C)C)S(=O)(=O)C1=CC=C(C=C1)OC(C)C,0.007938974909484387
C1(=CC=NN1C1CCN(CC1)C(=O)CCN)NC(=O)NC1C=CC=CC=1C,0.003919704374857247
N1(N=C(C(=C1C)S(=O)(=O)N(C)C1C=CC=CC=1)C)S(=O)(=O)C1C=CC(=CC=1)OC(C)C,0.008285718876868487
N1=C(N(C)C)N=C(C(C)=C1N1CCC2=C(C=NN2)C1)C,0.004780920292250812
N1C2C=CC=CC=2N=C(SCC(=O)NC2C=CC=CC=2)CC=1C1C=CC(=CC=1)F,0.006410093838348984
C(NCCC(NCCCOC(C)C)=O)(=O)C1C=CC(=CC=1)F,0.005181014048866927
N1C2C=CC=CC=2N=C(SCC(=O)NC2C=CC=CC=2C)CC=1C1C=CC(=CC=1)F,0.006823601317591965
N1(C=NC(C2=CC=CC=C2)=C1C(C)=CC1=CC=CO1)C1CCN(C)C1=O,0.007977924076840281
N1C2C=CC=CC=2N=C(SCC(=O)NC2C=CC=C(C)C=2)CC=1C1C=CC(=CC=1)F,0.006712443218566478
N1(C=CN=C1C(C)C)C(C)C(=O)N1CCC(CC1)OC1=NC=CC=N1,0.005337288207374513
N1C2C=CC=CC=2N=C(SCC(=O)NC2C=CC(=CC=2)C)CC=1C1=CC=C(C=C1)F,0.006806027120910585
N1=C(C)C=C(CC(=O)NCC(C)OC2C=CC=NC=2)O1,0.007066687708720565
N1(CCCOC2C(=CC=CC=2C1)OC)C(=O)C1C=C(C(C)C)N=C(N)N=1,0.006128728971816599
N1C2C=CC=CC=2N=C(SCC(=O)NCC2C=CC=CC=2)CC=1C1=CC=C(C=C1)F,0.0066902479389682416
C1(NC=NC=1C)C1=NC=CN1CCC1N=C(C)C2=C(CCC2)N=1,0.006248122465331107
N1C2C=CC=CC=2N=C(SCC(=O)NC2C=C(C)C=CC=2C)CC=1C1C=CC(=CC=1)F,0.0070818145759403706
C1(=NC=CN1CC1C=CC(=CC=1)S(N)(=O)=O)C1SC=CC=1C,0.004070364951621741
N1C2C=CC=CC=2N=C(SCC(=O)NC2C(C)=CC=CC=2C)CC=1C1=CC=C(C=C1)F,0.007226104359142482
C12C3CCNCC=3SC=1N=CN(CC1ON=C(CC(C)C)C=1)C2=O,0.008262992603704333
N1C2C=CC=CC=2N=C(SCC(=O)NC2C=C(C)C=C(C)C=2)CC=1C1=CC=C(C=C1)F,0.007156956917606294
N1(CCNC(C)CN2C=CC=N2)C2=CC=CC=C2C=C1C,0.010918357828631996
N1C2C=CC=CC=2N=C(SCC(=O)NC2C=CC=CC=2OC)CC=1C1=CC=C(C=C1)F,0.005820257542654872
C1(C2CCCCO2)=NC=CN1CCC1=CC=CC=C1Cl,0.008065277826972306
N1C2C=CC=CC=2N=C(SCC(=O)NC2C=CC=C(OC)C=2)CC=1C1=CC=C(C=C1)F,0.005561872641555965
N1C2C=CC=CC=2N=C(SCC(=O)NC2C=CC(=C(OC)C=2)OC)CC=1C1=CC=C(C=C1)F,0.005861024907790125
C1(=NC=CC=C1CNC(=O)CC(C)N1CCOCC1)N1CCN(CC1)C,0.0064633175730705265
N1C2C=CC=CC=2N=C(SCC(=O)NC2=CC(OC)=CC(OC)=C2)CC=1C1=CC=C(C=C1)F,0.0052877070615068075
N(CC1=CC=C(C=C1)F)(C(C)C1C=CC=CC=1)C(=O)C1C=NC=CN=1,0.007748600863851607
N1C2C=CC=CC=2N=C(SCC(=O)NC2C=CC=CC=2Cl)CC=1C1=CC=C(C=C1)F,0.005795894656330347
N1(CC(O)CC2=CC=CC=C2)C=NC(C2=CC=CC=C2)=C1C1C=CN=CC=1,0.0046376574435271324
C1(NN=C(N)N=1)C(=O)N1CC[C@H]2N(C)[C@H](CC2)C1,0.0027461933088488875
N1C2C=CC=CC=2N=C(SCC(=O)NC2C=CC=C(Cl)C=2)CC=1C1=CC=C(C=C1)F,0.0055428514839150015
C12NC(=O)CC(C=1C=NN2C(CC)CC)C1NC(NC=1C(OCC)=O)=O,0.003962316375691444
N1C2C=CC=CC=2N=C(SCC(=O)NC2=CC=C(C=C2)Cl)CC=1C1C=CC(=CC=1)F,0.00559314105194062
C1(=O)C2=CC=CC=C2N=CN1CCCC(NCCC1=NN=C(N)S1)=O,0.00373575990088284
N1C2C=CC=CC=2N=C(SCC(=O)NC2C=CC=CC=2F)CC=1C1=CC=C(C=C1)F,0.005870271474123001
N12NC(C=C1N=CC(C(=O)NCC1CCN(CC(C)C)C1)=C2C)=O,0.005550834606401623
N1C2C=CC=CC=2N=C(SCC(=O)NC2C=CC=C(F)C=2)CC=1C1=CC=C(C=C1)F,0.005782472994178533
C12CN(CCC=1N(N=C2C(O)=O)CC(C)C)C(=O)C1=C(Cl)C=NN1CC,0.007871806086041034
N1C2C=CC=CC=2N=C(SCC(=O)NC2C=CC(=CC=2F)F)CC=1C1=CC=C(C=C1)F,0.0056279222946614025
C1(C=C(OC)C=CC=1OC)C1=CN=CC(N)=C1,0.006731789885088801
N1C2C=CC=CC=2N=C(SCC(=O)NC2C=CC(=C(F)C=2)F)CC=1C1=CC=C(C=C1)F,0.006071069580502808
N1C2C=CC=CC=2N=C(SCC(=O)NC2=C(F)C=CC(F)=C2)CC=1C1=CC=C(C=C1)F,0.00549754302483052
N(C1=C(C)C=CC=C1C)C(=O)C1=CC=CC(=C1)NC(CNC)=O,0.007908162171952426
N1C2C=CC=CC=2N=C(SCC(=O)NC2C=CC3=C(OCCO3)C=2)CC=1C1=CC=C(C=C1)F,0.00542276066262275
N1C2C=CC=CC=2N=C(SCC(=O)NC2C=CC3=C(OCO3)C=2)CC=1C1C=CC(=CC=1)F,0.005388650530949235
C1(C(OC)=O)C=C2N(CCN(C(=O)[C@H]3CC4C=CC=CC=4CN3)C2)N=1,0.007618942554108799
N1C2C=CC=CC=2N=C(SCC(=O)NC2C=CC=C(CC)C=2)CC=1C1C=CC(=CC=1)F,0.0069555941503494974
N1(C[C@@H](C[C@H]1C(OC)=O)O)CC1C=C(CC=C)C(=C(OC)C=1)OC(C)C,0.0040019254200160505
N1C2C=CC=CC=2N=C(SCC(=O)NC2C=CC(=CC=2)CC)CC=1C1=CC=C(C=C1)F,0.007044331403449178
C1(C(=O)N(CCC)CC#CC2C=CC=CC=2)C=C2N(C=C(C=N2)CCO)N=1,0.004551068088039756
N1C2C=CC=CC=2N=C(SCC(=O)NC2C=CC=C(C=2)C(F)(F)F)CC=1C1=CC=C(C=C1)F,0.004392916313372552
N1(CCCC2C=CC=CC=2)CCC2(CCC1=O)CCCO2,0.01523760026320815
CC1N(C2=CC=C(Cl)C=C2)C(C)=C(C(O)=O)C=1,0.005747634381987154
N1C2C=CC=CC=2N=C(SCC(=O)NC2=CC=C(C=C2)Br)CC=1C1C=CC(=CC=1)F,0.007182709081098438
C1(=CNN=C1C1C=CC(=CC=1)F)CN1C(C)CNC(=O)CC1,0.0029486368293873966
N1C2C=CC=CC=2N=C(SCC(=O)NC2C=CC(=C(Cl)C=2)F)CC=1C1=CC=C(C=C1)F,0.005429452587850392
N1=C(C2C=CC=C(Cl)C=2)OC(C)=C1CN1CCC(C1)NC(C)=O,0.004758538433816284
N1C2C=CC=CC=2N=C(SCC(=O)NC2=C(OC)C=C(C(Cl)=C2)OC)CC=1C1C=CC(=CC=1)F,0.005117527255788445
N1C2C=CC=CC=2N=C(SCC(=O)NC2C(C)=CC(=CC=2C)C)CC=1C1=CC=C(C=C1)F,0.007648134534247219
C1(C2C=CC(=CC=2)C#CC(C)(C)O)=NC=CN1C1CCN(CC1)C,0.008166512846946717
N1C2C=CC=CC=2N=C(SCC(=O)NC2C=CC(=CC=2F)Br)CC=1C1=CC=C(C=C1)F,0.0065175025723874565
S(=O)(=O)(N1CCCC1)C1C=C(C=C(C=1)N1C=CC(C2C=CC=CC=2)=N1)C(O)=O,0.004350281786173582
COC(CN1C2=C(C=CC=C2)C=C1)=O,0.009638011548668146
N1C2C=CC=CC=2N=C(SCC(=O)NC2C=C(C)C(=CC=2OC)Cl)CC=1C1C=CC(=CC=1)F,0.005431134032551199
N1=C(C2=CC(OC)=C3C(OCO3)=C2)OC(C)=C1CN1C=C(C=N1)C,0.008230719505809248
N1C2C=CC=CC=2N=C(SCC(=O)NC2=CC=C(C=C2)C(C)=O)CC=1C1C=CC(=CC=1)F,0.008051012316718698
N1(C(C)=C(C=C1C)CN1CCC(CC1)C(O)C1=CC=CS1)N1C=NN=C1,0.005006948113441467
N1C2C=CC=CC=2N=C(SCC(=O)NC2CCCCC2)CC=1C1C=CC(=CC=1)F,0.007674516830593348
C1(NC(CNCC2N=CN=C(O)C=2)=O)C(C)=NN(CC)C=1C,0.0055080920225009326
N1C2C=CC=CC=2N=C(SCC(=O)NC2CCCC2)CC=1C1C=CC(=CC=1)F,0.007295103860087693
C1(NC(=NC=1C)CC)C1=C(C2C=CC=CC=2)N=CN1CC1=CSC(C)=N1,0.005366176925599575
N1C2C=CC=CC=2N=C(SCC(=O)NC2C=CC(=CC=2Cl)C)CC=1C1C=CC(=CC=1)F,0.0060186551185324785
C1(C=C(ON=1)COC1C(C)=CC=CC=1C)C(=O)N(CC)C1CCS(=O)(=O)C1,0.008570730965584517
N1C2C=CC=CC=2N=C(SCC(=O)NC2=C(OC)C=CC(Cl)=C2)CC=1C1=CC=C(C=C1)F,0.0052911362843588
N1C2C=CC=CC=2N=C(SCC(=O)NC2C=CC(=CC=2)C(OCC)=O)CC=1C1C=CC(=CC=1)F,0.005393504281528294
C12N=CC(=CN1N=CC=2C1=CC=CC=C1)CN(C)C(C)C1C=CON=1,0.012123915925621986
N1C2C=CC=CC=2N=C(SCC(=O)NC2C=CC=CC=2OCC)CC=1C1=CC=C(C=C1)F,0.005866796267218888
CC1=CC(CNCC2=CC=CC=C2)=CC=C1,0.012634247448295355
N1C2C=CC=CC=2N=C(SCC(=O)NC2C=CC(=CC=2)OCC)CC=1C1C=CC(=CC=1)F,0.005863285553641617
N1C2C=CC=CC=2N=C(SCC(=O)NC2=CC=C(C(Cl)=C2)OC)CC=1C1=CC=C(C=C1)F,0.005229638307355344
C1(NN=C(C2=CC=CN2C)C=1)C(=O)N1CCC2=C(N=CN2)C1,0.003790501970797777
C(=O)(C(C(C)C)OC1=CC=CC=C1C)N1CCC2(CC1)CN(C)CCN2C,0.013925878470763564
C12N=CNC=1N=CN=C2N1CCOC2=C(C=C(C=C2C1)C1=CC=C(C)S1)O,0.002371764078270644
N1C2C=CC=CC=2N=C(SCC(=O)NC2=CC=C(C(Cl)=C2)C)CC=1C1=CC=C(C=C1)F,0.005843097728211432
N1([C@@H](CC=C)CC(=C[C@@H]1CC=C)C)C(=O)C1=CC=CC(=C1)N1C=NN=C1,0.011210172064602375
N1C2C=CC=CC=2N=C(SCC(=O)NCC2C=CC(=CC=2)C)CC=1C1C=CC(=CC=1)F,0.007094160164706409
N1C(C2=CC=C(C=C2)C)=C(C2C=NC=NC=2)C=NC=1N(C)CCC1CCOCC1,0.011219666851684452
N1C2C=CC=CC=2N=C(SCC(=O)NCC2=CC=CC=C2Cl)CC=1C1C=CC(=CC=1)F,0.005897286953404546
C1(=COC(COC2C=CC(=CC=2Cl)F)=N1)C(=O)N1CC(C1)N1CCCCC1,0.006480457494035363
N1C2C=CC=CC=2N=C(SCC(=O)NCC2=CC=C(C=C2)Cl)CC=1C1=CC=C(C=C1)F,0.005885869136545807
N1C2C=CC=CC=2N=C(SCC(=O)NCC2=CC=C(C=C2)F)CC=1C1=CC=C(C=C1)F,0.00603863534051925
C12C=NN(CC)C=1NC(=O)CC2C1=NC=CN1CCOC,0.00457254647044465
N1C2C=CC=CC=2N=C(SCC(=O)NCC2=CC=CC(OC)=C2)CC=1C1=CC=C(C=C1)F,0.0059673256473615766
S(=O)(=O)(N1CCOCC1)C1C=C(C=C(C=1)N1C=CC(C)=N1)C(O)=O,0.003210306481923908
N1C2C=CC=CC=2N=C(SCC(=O)NCC2=CC=CC=C2OC)CC=1C1C=CC(=CC=1)F,0.005941872647963464
N1C2C=CC=CC=2N=C(SCC(=O)NCC2C=CC3=C(OCO3)C=2)CC=1C1=CC=C(C=C1)F,0.005636716517619789
C1(SC=CN=1)N1CC[C@H]([C@H](O)C1)N1CCN(CC1)C1C=CC=CC=1F,0.0022774698096327483
N1C2C=CC=CC=2N=C(SCC(NCCC2C=CC=CC=2)=O)CC=1C1=CC=C(C=C1)F,0.007001427398063242
NC(NCC1=CN=CC=C1)=O,0.004219854983966797
N1C2C=CC=CC=2N=C(SCC(NCCCC2C=CC=CC=2)=O)CC=1C1C=CC(=CC=1)F,0.00656187990680337
N1C2C=CC=CC=2N=C(SCC(NCCC2CCCCC=2)=O)CC=1C1C=CC(=CC=1)F,0.008993983175605536
C1(C2C=CC=CC=2SC=1C)C1=NC=CN1CC1C=NC(=CN=1)C,0.0064730063080787655
S1(=O)(=O)C2=CC=CC=C2C(=NN1CC(=O)NC1C=CC=CC=1)C1C=CC=CC=1,0.00526426745345816
C1(C=C(ON=1)CCC)C(=O)NC1C=CC(=C(Cl)C=1)NC(=O)C(C)(C)C,0.007312243292108178
N12C(CCC)=NN=C1SC(C1=CNN=C1C1C=CC=C(F)C=1)=N2,0.0038175023975782095
S1(=O)(=O)C2=CC=CC=C2C(=NN1CC(=O)NC1=CC=CC=C1C)C1C=CC=CC=1,0.005494414723943919
S1(=O)(=O)C2=CC=CC=C2C(=NN1CC(=O)NC1=CC=CC(C)=C1)C1C=CC=CC=1,0.00526315369643271
N1=C(C2=CC=CC(=C2)C(F)(F)F)OC(C)=C1CN1CCCN(C)CC1,0.004506197641603649
S1(=O)(=O)C2=CC=CC=C2C(=NN1CC(=O)NC1C=CC(=CC=1)C)C1C=CC=CC=1,0.005328804499004036
C12CN(CCC=1N(N=C2C(O)=O)CCCC1=CC=CC=C1)C(=O)C1NN=CN=1,0.004319790122099221
S1(=O)(=O)C2=CC=CC=C2C(=NN1CC(=O)NC1=CC=CC=C1OC)C1C=CC=CC=1,0.005649146134965121
S1(=O)(=O)C2=CC=CC=C2C(=NN1CC(=O)NC1=CC=CC(OC)=C1)C1C=CC=CC=1,0.005093577317893505
C1(C(C2C=CC=CC=2)N(C)CC2=CC(=NN2)C)=NN=NN1C1=CC=CC=C1C,0.0067624917952343825
S1(=O)(=O)C2=CC=CC=C2C(=NN1CC(=O)NC1C=CC(=CC=1)OC)C1C=CC=CC=1,0.005107675888575613
C1(C(=O)NC2C=CC=CC=2)C=C2N(CCN(C2)S(CCCC)(=O)=O)N=1,0.005473521281965077
C1(SC=CC=1C)[C@@H]1CCN(C[C@H]1O)CC(C)=CC,0.003507973346859217
C1(C=C(CCC2CCCCN2)C=C(O)C=1)C1C=CC=CN=1,0.005078239133581519
C1(C(=O)NCC2C=NC(=CN=2)C)NN=C(C2CC2)C=1,0.005113175068981945
C1(CN(CC2=CC3=C(C=CC=C3)N2C)C2CC2)C(C)=NN(C)C=1C,0.01905352408066392
C(C)(=O)C1C=CC(=CC=1)CN(CCC)CC1=CC=CN=C1,0.01914429636672139
S1(=O)(=O)C2=CC=CC=C2C(=NN1CC(=O)NC1=CC=C(C=C1)F)C1C=CC=CC=1,0.004213575785979628
C1(C2=CC=CC=C2)(CC1)NC(=O)C1CCCN(C2CCN(CC2)C)C1,0.013116985699161888
S1(=O)(=O)C2=CC=CC=C2C(=NN1CC(=O)NC1=CC=C(C=C1)Br)C1C=CC=CC=1,0.005783254350535572
C1(C(NC)=O)=NOC(CN2CCC(=CC2)C2C=NN(C3C=CC(=CC=3)OC)C=2)=N1,0.007587123429402709
S1(=O)(=O)C2=CC=CC=C2C(=NN1CC(=O)NC1=CC=CC=C1C(F)(F)F)C1C=CC=CC=1,0.004351259721443057
C(=O)(C1=CC=CN=C1O)N1CCOC2=C(C=C(C3C=CC=CC=3C)C=C2C1)O,0.004777995683252811
CCOC(C1C(=O)C=C(C2=CC(NS(C)(=O)=O)=CC=C2)CC1C1=C(F)C=CC=C1)=O,0.007022810960188508
N1(C(C)C2C=CN=CN=2)C=NC(C2C=CC=CC=2)=C1C1=CC=C2C(OCCO2)=C1,0.010280203772708774
S1(=O)(=O)C2=CC=CC=C2C(=NN1CC(=O)NC1=CC=CC(=C1)C(F)(F)F)C1C=CC=CC=1,0.004112848150543869
O1[C@@H](CC2=CC=CC=C2)C[C@H](C[C@H]1C1=CC=CC(O)=C1)NC(C)=O,0.004801503336057067
S1(=O)(=O)C2=CC=CC=C2C(=NN1CC(=O)NC1=CC=C(C(Cl)=C1)OC)C1C=CC=CC=1,0.004840079823043198
C1(=CC(=NN1)C)C(=O)N(CC=C)CC1=CC=CC=C1OC,0.005083973391447216
S1(=O)(=O)C2=CC=CC=C2C(=NN1CC(=O)NC1=CC=C(C(C)=C1)C)C1C=CC=CC=1,0.0055881949723698195
C(C)(=O)NC1=CC=C(C=C1)C1=CN=CC(OC)=C1,0.00618799498770386
S1(=O)(=O)C2=CC=CC=C2C(=NN1CC(=O)NC1C=C(C)C=C(C)C=1)C1C=CC=CC=1,0.005609949969220906
S1(=O)(=O)C2=CC=CC=C2C(=NN1CC(=O)NC1=CC(C)=CC=C1C)C1C=CC=CC=1,0.005569442280102521
N1(CC(C)C)C=NC(C2=CC=CC=C2)=C1C1C=CC=NC=1,0.008831137395463883
S1(=O)(=O)C2=CC=CC=C2C(=NN1CC(=O)NC1=CC=C(C(Cl)=C1)C)C1C=CC=CC=1,0.004793530190363526
N1(C2=CC=CC=C2OC1=O)CC(=O)N(C)C(C)C1SC=CN=1,0.005344570428133011
S1(=O)(=O)C2=CC=CC=C2C(=NN1CC(=O)NC1=CC=C(C(F)=C1)C)C1C=CC=CC=1,0.0044298066524788736
C1(=CNN=C1C1C=CC=C(F)C=1)C1C=C(C2=CC=CN2)N=C(N)C=1C#N,0.00224329648190178
S1(=O)(=O)C2=CC=CC=C2C(=NN1CC(=O)NC1=CC=C(C=C1C)C)C1C=CC=CC=1,0.005599219107534736
C(=O)(NC1=CC=C(C=C1)OC)N1CCC2(CCNCC2)C1,0.005578358191996813
S1(=O)(=O)C2=CC=CC=C2C(=NN1CC(=O)NC1C(C)=CC=CC=1C)C1C=CC=CC=1,0.005913845228496939
C1(CN(C)C(=O)C(OC)C2C=CC=CC=2)=C(C)C2C(=CC=CC=2)N1,0.008733852091245354
S1(=O)(=O)C2=CC=CC=C2C(=NN1CC(=O)NC1=CC=C(C(F)=C1)F)C1C=CC=CC=1,0.0043239033780992035
C12CN(CCOC1=C(C=C(C1C=CC=C(Cl)C=1)C=2)O)CC(C)O,0.0025466502062045037
N1(CCCC(C1)OCC1C=CC=CN=1)C(CNC)=O,0.006233165529556573
COC1=CC=C(C(OC2=NN(S(C3=CC=C(C)C=C3)(=O)=O)C(N)=C2)=O)C=C1,0.005016737594269216
C1(C=CC(=CC=1C)OC)C1=CC=C(C(CC)=C1)NC(C)=O,0.00891182424966246
COC(C1=C(C)C(NC(C=CC2=CC(N(=O)=O)=CC=C2)=O)=CC=C1)=O,0.004336502554360777
S1(=O)(=O)C2=CC=CC=C2C(=NN1CC(=O)NC1=CC=C2C(OCO2)=C1)C1C=CC=CC=1,0.004804611229337752
C1(OC(=C(CN(C)CC(CO)O)N=1)C)C1=CC(OC)=CC=C1F,0.0032046907814219593
O=C(N1CCCCCC1)NC1SC2=C(C=CC=C2)N=1,0.006010150676593185
COC(COC1=C(C)C=C(S(NC2=CC=C(I)C=C2)(=O)=O)C=C1)=O,0.005928728822618723
S1(=O)(=O)C2=CC=CC=C2C(=NN1CC(=O)NC1=CC(C)=CC=C1OC)C1C=CC=CC=1,0.0056496307021006945
COC(C1=C(Cl)C=CC(NS(C2=CC=C(C)C=C2)(=O)=O)=C1)=O,0.004514440102502704
C12=C(F)C=C(C=C1CC(CN)O2)C1=CC=CS1,0.008182198205031455
OC(C1=CC=C(C2OC(C=NNC(C3=CC=C(Br)C=C3)=O)=CC=2)C=C1)=O,0.0064071524422615765
C(=O)(N1CCC(N(CC2C=CC=CC=2)C(CC)C1)=O)C1=CC(OC)=CC=C1O,0.005322558991611004
CN(C1=CC2=C(C=CC=C2)C=C1)C(C1=NSN=C1)=O,0.008613642840646207
S1(=O)(=O)C2=CC=CC=C2C(=NN1CC(=O)NC1=C(C)C=C(C=C1C)C)C1C=CC=CC=1,0.006032585178036243
N1=C(CCC)SC(CNC(=O)[C@@H]2C[C@@H](C)NC(=S)N2)=C1C,0.008091290784068405
S1(=O)(=O)C2=CC=CC=C2C(=NN1CC(=O)NCC1C=CC=CC=1)C1C=CC=CC=1,0.0057086169486865405
C1(C=CC(=C(OC)C=1F)F)CN(C(C)CC)CC1=CC=CN=C1,0.0106292013078928
CCCN(C(NC1SC2=C(C=CC=C2)N=1)=O)CC1=CC=CC=C1,0.005660414393059909
C1(C(=O)NCC(=O)NC2C=CC=CC=2C)=NNC(N)=C1C1C=CC=CC=1,0.003464269096730277
CC(CCNC(C1=C(N(S(C)(=O)=O)C)C=CC=C1)=O)C,0.00549880500184372
N1(C2=C(CC)C=CC=C2C)CC(CC1=O)C(=O)NN1C=NN=C1,0.005774696008302271
S1(=O)(=O)C2=CC=CC=C2C(=NN1CC(=O)NC1=CC=CC(=C1)C#N)C1C=CC=CC=1,0.0040165936341509225
C12C(CCCC=1C(=C(C(N)=N2)C#N)C1=CC=C(CO)O1)C1=CC=CC=C1,0.0030637211049906908
C1(C=C(ON=1)CN1CCC(CC1)O)C(=O)N(C)CC1=CC=CS1,0.00332641052082181
S1(=O)(=O)C2=CC=C(C=C2C(=NN1CC(=O)NC1=CC=CC=C1)C1=CC=CC=C1)Cl,0.004729895235504955
S1(CC(C=C1)CC1NN=C(CC2C=CC=CC=2)N=1)(=O)=O,0.0047459064051508905
C1(C=C2N(CCCN(CC3=CC=CC=C3)C2)N=1)C(=O)N1CCC[C@H]1CO,0.005622949148528278
CCC1=CC=C(NC(C2CC(=O)N(C(C)C)C2)=O)C=C1,0.009300754219293595
C1(=C2C=CC=CC2=CC=N1)OC1C=CC(=CC=1OCC)CN1CCCC1,0.01077748043462634
CCOC1=CC(C=C2C(=O)N(CC(O)=O)C(=S)S2)=CC=C1,0.007935409666970372
N1(CCCC=CCC)C[C@@H](C[C@H]1C(=O)NC(C)C)N,0.011277510784566402
CN(C1=CC=C(C2C(C(C)=O)=C(C)NC(=O)N2)C=C1)C,0.008568404475226998
S1(=O)(=O)C2=CC=C(C=C2C(=NN1CC(=O)NC1=CC=C(C=C1)C)C1=CC=CC=C1)Cl,0.0048139750258997084
C1(C(=O)N2CC[C@H]([C@H](O)C2)N2CCCCCC2)=NNC2CCN(C)CC1=2,0.00309247801778838
S1(=O)(=O)C2=CC=C(C=C2C(=NN1CC(=O)NC1=CC=CC=C1OC)C1=CC=CC=C1)Cl,0.004974063206464052
N1=C(SCC(=O)N(CCCC)CC2SC=CC=2C)NN=C1N,0.003441126551479101
S1(=O)(=O)C2=CC=C(C=C2C(=NN1CC(=O)NC1=CC=CC(OC)=C1)C1=CC=CC=C1)Cl,0.00457178452052176
C1(C(C)NCC2=CC=C(C=C2)OCC(=O)N2CCOCC2)=C(C)N(N=C1C)CC,0.009084186423569918
C1(=CN(N=N1)CC1CCCNC1)C(=O)N(C)CC1C=COC=1,0.007437868928536773
C1(=C(C)C=CC(C(O)=O)=C1)C1C=CC(=CC=1)C(C)N1CCCCC1,0.008609941718168557
S1(=O)(=O)C2=CC=C(C=C2C(=NN1CC(=O)NC1=CC=C(C=C1)OC)C1=CC=CC=C1)Cl,0.0045340473530814055
C1(=CC=CN1C1=NC=CC=N1)C1C2COCCC=2N=C(N)C=1C#N,0.0033542260993272067
C12C=C(C#N)C(NC=1C=CN(CCC1=CC=CC3=CC=CC=C13)C2=O)=O,0.004368076624814421
[C@]12(CNC[C@@H]1CNC2)C(=O)NCC1CCN(CC1)CC1C=CC=CC=1,0.008471200615167618
O=N(C1=C(C2OC(C=C3C(=O)N(C4=CC5=C(OCO5)C=C4)C(=S)S3)=CC=2)C=CC=C1)=O,0.006770616048015654
C1(C(OC)=O)C=C2N(CCN(C(=O)CCN3C=CN=C3CC)C2)N=1,0.006116520473733544
C=CCN1C(C2OC=CC=2)=NN=C1SCC(NC1=CC=CC=C1)=O,0.006603212957270443
S(C)(NCCC(=O)N(C)CC1=CC=CC=C1C(F)(F)F)(=O)=O,0.0028063383884727954
CC(C1=CC=CC=C1)NC(CSC1N(CC=C)C(C2OC=CC=2)=NN=1)=O,0.008320818282663822
CC(COC1=CC=C(C=C2C(=O)N(CC(O)=O)C(=S)S2)C=C1)C,0.010163657646626235
O=C(NC1SC2=C(CCC2)N=1)CC1=CC=CC=C1,0.008737876685336233
C1(=CSC2=NC(C)=CN12)C(=O)N1[C@H]2CC[C@@H]1CC(NC2)=O,0.003961985057685524
O=C(NC1SC2=C(CCC2)N=1)CSC1=CC=CC=C1,0.007371407118625939
O=C(NC1SC2=C(CCC2)N=1)CSC1OC2=C(C=CC=C2)N=1,0.005638864589855075
C1(C2C=CC=NC=2)=NC=CN1CC1C=CC2C(=NSN=2)C=1,0.005740120308473706
CC1=C(C)SC(NC2=CC=C(C)C=C2)=N1,0.009538115025497973
S1(=O)(=O)C2=CC=C(C=C2C(=NN1CC(=O)NC1=CC=C(C(OC)=C1)OC)C1=CC=CC=C1)Cl,0.004674098652321846
C1(=CC=NN1C1CCN(CC1)CC(=O)N(C)C)NC(=O)C1C=CC=CC=1C,0.005399384838528931
N1(C[C@H]2C[C@H]3C[C@@H](C2)C[C@H]1C3)C(COCC1CCCCO1)=O,0.016730263084173202
S1(=O)(=O)C2=CC=C(C=C2C(=NN1CC(=O)NC1=CC=C(C(C)=C1)C)C1=CC=CC=C1)Cl,0.005014229170046747
C1(C(=O)N(C)CCC)C=C(ON=1)CN(C)CCC1C=CC=CC=1,0.013137576216831804
S1(=O)(=O)C2=CC=C(C=C2C(=NN1CC(=O)NC1C=C(C)C=C(C)C=1)C1=CC=CC=C1)Cl,0.005061972618568689
C12CCN(CCC=1N=C(N(C)C2=O)C)C(=O)C1C=CC(=CN=1)CCCC,0.010344640677794814
C1(C2=C(C=CC=C2F)OC)=C(C2C=CC=CC=2)N=CN1CC(O)C1C=CC=CC=1,0.004179654584731907
C1(C(OC)=O)C=C2N(CCN(C(=O)C3C=CC=CC=3C(C)=O)C2)N=1,0.01468585841357708
N1(CC2C=CC=CC=2)C(CC)CN(CCC1=O)C(=O)CN(C)C,0.01156533882021904
S(C1=CC=CC=C1)(=O)(=O)CCN1CCCC(C1)N1CCCC1=O,0.007430348568595946
NC(CCSC1OC(C2=CC=CC=C2)=NN=1)=O,0.0048331423895433545
C1(CNC)C(OC)=CC=C(C2=CC=C(C(Cl)=C2)OC)C=1,0.010002284706570209
N1(C[C@H](C[C@H]1C(NCC)=O)N)C(=O)CC1CCCCC=1,0.012167514720931649
S1(=O)(=O)C2=CC=C(C=C2C(=NN1CC(=O)NC1=CC=CC(C)=C1C)C1=CC=CC=C1)Cl,0.005010342714376748
CN(CCSC1OC(C2=CC(N(=O)=O)=CC=C2)=NN=1)C,0.003776968247257173
S1(=O)(=O)C2=CC=C(C=C2C(=NN1CC(=O)NC1=CC=C(C=C1C)C)C1=CC=CC=C1)Cl,0.005029440042562783
NC(CCSC1OC2=C(C=CC=C2)N=1)=O,0.004804191971197724
N1=C(CNC(=O)C2CC(=NO2)C(C)C)C2C(=CC=C(C)C=2)N1C,0.006933985603973269
S1(=O)(=O)C2=CC=C(C=C2C(=NN1CC(=O)NC1=CC=C(C=C1)OCC)C1=CC=CC=C1)Cl,0.004550421866588295
C1(=C(C)C(=NN1)CC)C(=O)N1CCN2C(=CC(=N2)C(NCCO)=O)C1,0.003461762482766062
N1(C[C@@H]2CCCO2)C=NC(C2C=CC=CC=2)=C1C1C=CC=C(C=1)CN1C=CC=N1,0.010158258164301515
COCCCN1C(=NS(C2=CC=CC=C2)(=O)=O)SC(=CC2OC=CC=2)C1=O,0.005088915722444654
N1(C[C@H]([C@H]2N3CCC(CC3)[C@H]21)C1C=CC=CC=1)C(=O)[C@H]1C[C@@]2(C1)NC(NC2=O)=O,0.0019035021541640162
N1(CCCC(C(NCCCN)=O)C1)C1CCN(CC1)CC1C=CN=CC=1,0.008319392264820636
C(=O)(C1=CC=C(CSC2=NN=CN2)O1)N1CCCC1(CC=C)CC=C,0.007596371928229928
C1(F)C(F)=CC=C(C=1)NC(CNC(COC1C=CC(=CC=1)C(CC)=O)=O)=O,0.008924747677519917
N1(CCOCC1CCC)CC1C=CC2=C(C=CC=C2)N=1,0.012547226948663592
C1(CN2CCN(CC2)CCCOC)=CC2=CC(C)=CC(C)=C2NC1=O,0.00603800502140075
C1(C=C(NN=1)CN1C2C=CC=CC=2N=C1)C(=O)N1CC(C1)OC1C=CC=CC=1,0.0037100863177329303
S1(=O)(=O)C2=CC=C(C=C2C(=NN1CC(=O)NC1=CC=C2C(OCCO2)=C1)C1=CC=CC=C1)Cl,0.004485433490481227
N1(C(=O)CCC2C(O)=NC3C(=CC=CC=3)N=2)[C@H]2CC[C@@H]1CC(N(C)C2)=O,0.007351178233511746
N1C(C2=CC=C(C=C2)C(N)=O)=NC2=C(CCNC2)C=1N(C)CCCO,0.0029653237201273442
C12(CN(C)CCN1C)CCN(CC2)C(=O)C(C)OC1=CC=CC(OC)=C1,0.011381214344874024
C(=O)(C1=NC=CC(N)=C1)N(CC1=CC=C(C)S1)C1CC1,0.005654217465780676
C1(NN=C(C(C)C)C=1)C(=O)N1CCNCC(CC(O)=O)C1,0.004835661605466157
C1(C=NN(CCC)C=1C)C(=O)N1CC[C@@H](C[C@@H]1C(O)=O)O,0.002162672590930015
N1=C(C)C=C(CC(C)NC(COC2=CC=C(C=C2)C(CC)=O)=O)N1,0.007643180317245424
C(=O)(CN1CCC(CC1)C(N)=O)N(CC=CC1=CC=CC=C1)CC(C)C,0.00928719905205071
NC(CCSC1OC2=C(C=C(C=C2)Cl)N=1)=O,0.004000757436733693
N1=CN(C(C)=C1C1=CC=CC=C1)CCNC1=CC=CC=C1,0.006393385143019259
C1(C=C(CN)C=CC=1F)C1C=CC=CC=1OC(C)C,0.009838323760777711
N1(CC2C=CC(=CC=2)F)C(=O)CCN(C(=O)C2=CC=NC=C2F)CC1C(C)C,0.008624060917645693
C1(=O)C2=CC=CC=C2CN1CCCCC(=O)N(C)CC1NC2=C(C=CC=C2)N=1,0.0035484583349898458
N1(C[C@@H](C[C@H]1C(=O)N(CC)CC)N)C(=O)CN1CCCC1=O,0.011474576778709888
C1(C2=CC=CN=C2)N=C(C)C=C(NCC2SC=C(CC)N=2)N=1,0.005977505631744861
N1=NC(=CN1C1CCN(CC1)C(=O)NCC1=CC=CC(F)=C1)C1C=CC=CC=1,0.0032958412310108544
N1(C2N=CC=CC=2C=N1)C1C=CC(=CC=1C(O)=O)OC,0.0049111601780168716
CCNC(NS(C1SC=CC=1)(=O)=O)=S,0.004732010699808597
C1(=O)C2=CC=CC=C2CN1CCCCC(=O)N(C)CCC1C=NNC=1,0.005353636667132377
N1(C2CCN(CC2)C(C)=O)CCN(C(=O)C1CCCC)C,0.01100589456036687
O1C(CC)=NN=C1SCC(=O)N(CC1CCCO1)CC1C=CC=CN=1,0.008081860188394786
C12N=C(C)C=C(C)N1N=C(C(=O)N1CCOC(CCCC3=CC=CC=C3)C1)C=2,0.009694411372765898
N1(CC2=CC=C(C=C2)F)C(C(C)C)CN(CCC1=O)CCCN1C=CC=N1,0.00889986262191087
C1(SN=NC=1CCC)C(=O)N1CC2=C(C=NC(CC(C)C)=N2)C1,0.01044764444231987
ClC1SC(S(N=C2N(CC=C)C(=O)CS2)(=O)=O)=CC=1,0.004452457302249968
S(=O)(=O)(C1C(C)=CC=C(C=1)C1=CN=C(C)O1)N1CCNC(C(O)=O)C1,0.0025126690976321696
C1(C(C)NC(CSC2C=CN=CC=2)=O)=NNC(C)=N1,0.0031157458084635436
C(C1=CC=CC=C1)(=O)N1CCC(CC1)N1CCCC(C(NCCOC)=O)C1,0.007878596824593843
N(C(C)CC)(CC1=CC=CC(=C1)OC1N=CC=CN=1)CC1=CC=CN=C1,0.008843534812331199
C(=O)(CCN)N(C(C)CC)C1CCCC1,0.020761269982904194
N1(CC[C@@]2([C@@]([H])(CCCC2)C1)O)CC1C=NC(=NC=1)COC,0.009498141007497907
C1(C=C(ON=1)CN(C)CCC1C=CC=CC=1)C(=O)N1CCCC1(C)C,0.013920753542333842
C12=CNN=C1CCN(CC1C=CC(=CC=1)C(=O)NC1C(=CC=CN=1)OCC)C2,0.004768382362090051
N(C(CNC(C)CN1CCCCC1)=O)C1=CC=C(C=C1F)C,0.006149949389509857
C1(N(C)C)=NC2=C(C(CC(=O)NC2)C2C=CC(=C(CN(C)C)C=2)OC)S1,0.007550598052330315
S(C1C=CC=CC=1)(=O)(=O)N1C=CC=C1CN1C[C@@H](C[C@H]1C(NCC)=O)N,0.006607840722426772
S(=O)(=O)(C1=CC=C(C=C1)CCCCC)N[C@@H]1CC[C@@H](N)C1,0.0076894988771528
C1(=CNC(C(Cl)=C1)=O)C(=O)NC1=CC=CC=C1C(=O)NC1C=CC=CC=1CC,0.004801898112054915
C1(=CC=NN1C1CCN(CC1)C1=NC(C)=CC(C)=C1C#N)NC(=O)C(C)(C)C,0.006069407449103892
C1(C2=CC=C(C3C=CC=CC2=3)OC)OC(=C(CN2CCNC(=O)C2)N=1)C,0.004438482574187219
S1(=O)(=O)C2=CC=C(C=C2C(=NN1CC(=O)NC1CCCC1)C1=CC=CC=C1)Cl,0.005684984289109707
C(=O)(NCC1CCN(CC=CC2C=CC=CC=2)C1)C1C=CC(=NC=1)N,0.004814064828678966
N1N(C2CCN(CC2)C(=O)NC2CCCCC2)C=C(C2C=CC=CN=2)N=1,0.005131327081471682
N1=C(N)N=C(C=C1N1CCC(CC1)C1NN=CC=1C1C=CC=C(OC)C=1)N,0.00393602104159072
CCN1C(=NS(C2=CC=C(C)C=C2)(=O)=O)SC(=CC2SC=CC=2)C1=O,0.005878384318202734
FC1=CC=C(S(N=C2N(CC=C)C(=O)C(=CC3OC=CC=3)S2)(=O)=O)C=C1,0.005265405192039907
C12(CCN(CC1)C)CN(CCCN2C)C(=O)CC1OCCN(C(C)C)C1,0.015101411566138267
C1(=COC(CN2CCN(CC2)CC2=CC=CC=C2)=N1)C(=O)N(C)CC,0.006603102758526802
[C@]12(CNC[C@@H]1CN(C(=O)C1CC1)C2)C(NCCC1=CNC=N1)=O,0.0036065967404283585
S1(=O)(=O)C2=CC=C(C=C2C(=NN1CC(=O)NC1C=CC(=CC=1)C(C)=O)C1=CC=CC=C1)Cl,0.00621410240419209
C1(CNC(=O)C2=CC=C(C=C2)OCC(C)=C)=NC=CN1CC,0.005567422066815197
C12C=C(CNC(CCC3=CC=CN=C3)=O)C(=NC=1CN(CC)C2=O)OC,0.007372835814021528
N1(C=CC=N1)CC1=CC=CC=C1CNC(=O)C1CCN(CC1)C(C)C,0.008116879966109991
CC(C(NC1=C(C)C=CC(C)=C1)=O)N1S(=O)(=O)C2C3C(C=CC=2)=CC=CC1=3,0.005036532098893076
CN1C2=C(C=CC=C2)C(C=C2C(=O)N(CC(N3CCCCCC3)=O)C(=O)S2)=C1,0.004542314750142396
C1(C2=CC=CC=N2)=NC=C(C=N1)CN(CCOC)CC1C=CC(=CC=1)C,0.01035764762200415
S1(=O)(=O)C2=CC=C(C=C2C(=NN1CC(=O)NC(C)C)C1=CC=CC=C1)Cl,0.00496733816107735
C1(C(=O)N(C)C2CC3C(=CC=CC=3)C2)=NN=C2N=C(C)C=C(C)N12,0.009103378024883568
O=S(C1=C2C(C=CC=C2)=CC=C1)(N1CCCC1)=O,0.005990274145733565
C1(N=CN=C(C2CC2)C=1)N1CCOC(C2C=CC(=CC=2)Cl)C1,0.008534834394231439
C1(CC2C=CC(=CC=2)C)(CC1)NC(=O)C=CC1C=NN(C)C=1,0.010609815549105405
C1(=CSC2=NC(C3C=CC=CC=3F)=CN12)C(=O)N(CC1=CC=CC=N1)C1CC1,0.00542637724429369
C1(C2C=CN=C(NCCC3=CC=CC=N3)N=2)=C(C)N(N=C1C)C,0.006638131476938725
COC1=C(Cl)C=C(C(NC2=C(N3CCOCC3)C(Cl)=CC=C2)=O)C=C1Cl,0.009217996522784233
C12=C(CCNC1C1=CC=CC=C1CN1C=CC=N1)NC=N2,0.004642228514421731
C1(=CNC2C(=CC(=CC=2)C)C1=O)C(=O)N(C(C)C)CC1C=CC=CC=1Cl,0.004625805676914752
C1(C(C)NC(NC=1C)=O)C(=O)N1CCC(=CC1)C1=CC=C(C=C1)F,0.004885500343516469
N1(CCCC(CO)(CC2=CC=CC=C2C)C1)C1=CC=C(C=N1)C(C)=O,0.006879668729379773
C1(CCCN(C2N=CN=C(N)C=2)C1)(CC1=CC=CC=C1F)C(O)=O,0.00354304889915511
N1(CC)C(CC2CCNCC2)=NN(CC2=CC3OCOC=3C=C2Cl)C1=O,0.00539207758847624
N(C(C)CC)(CC1=CC=CN=C1)CC1C=CC(=NC=1)Cl,0.01118518109433353
S1(=O)(=O)C2=CC=C(C=C2C(=NN1CC(=O)NC1=CC=C(C=C1)OC)C1=CC=CC=C1F)Cl,0.004389298113528639
C12CN(CCC=1ON=C2C1C=CC(=CC=1)C1C=CC=CC=1)CC1C=CC=NC=1,0.01293333452194929
C12NC(=O)CC(C=1C=NN2CC1C=CC=CC=1Cl)C1N(CC)N=CN=1,0.0054103495785966516
C12CN(CCN1CCN(C)C2=O)C(=O)CCC1C=CC(=CC=1F)F,0.006802235939539969
C1(=CC=C(C)O1)C(N(C)C)CNC(=O)C1C=CC=C(C=1)NCC(O)=O,0.0061223609140142795
C1(NC(=O)CN2C=C(C=N2)C2=CC=C(N=N2)C)N(C)N=C(C2C=CC=CC=2)C=1,0.007175518618896604
S1C(C)=NN=C1SCC(=O)N(CCOC)CC1CCCO1,0.009651216398924588
N1(CCOC(C1)C1=CC=C(C(Cl)=C1)Cl)C1=NC=CC(=C1)C(=O)NC1CC1,0.005586969223804772
N1(C[C@H](C[C@H]1C(=O)NC(C)C)N)C(=O)C1SN=NC=1CC,0.006666939496062696
CC1=CC(S(N=C2C3=C(C=CC=C3)C3(O)C(N(CCO3)CCO)=C2)(=O)=O)=C(C)C=C1,0.003728567506186664
C1(=CC=CC2C=CC=CC1=2)C(NCCC1CN(CC)CCO1)=O,0.009409793233498932
[C@@H]12[C@](C)(C(OC)=O)N[C@H](C3=CC(Cl)=CC=C3Cl)[C@@H]1C(N(C)C2=O)=O,0.003084390037309248
N1(CCN(CC1)C1CCOCC1)C1=NC=CC(=C1)C(=O)NC1CC1,0.007483480824157595
C1(NC=NC=1C)C(=O)N1CCCC(C1)C1NN=CC=1C1C=CC=CC=1,0.002983966295141727
C1(C#N)C(N)=NC(=CC=1C1=COC(C)=N1)C1C=CC(=C(OC)C=1OC)OC,0.004460830823518336
N1C(=CC=NC=1C(C)C)CN1CC[C@@]([C@@H](CC(C)C)C1)(C)O,0.010901860287413
ClC1=CC2=C(OCC(N2CC(NC2=CC(Br)=CC=C2)=O)=O)C=C1,0.007189434161409736
C1(C(OCC)=O)C2CNCCC=2N(CC2C=CC(=CC=2)OC)N=1,0.007060761912725866
N1(CCNC(C(O)=O)C1)C(CCCOC1C=CC=CC=1)=O,0.004181700677145272
C12C(=O)NCCCC=1NC(C=C(C)CC/C=C(\C)/C)=N2,0.0048832397675141696
C1([C@H](O)C2=CC=CC=C2)N(C2=CC=C3C(OCCO3)=C2)N=C(C(C)C)N=1,0.006010898039676249
CC(NC1=CC=C(NC(CN2C(=O)C3=C(SC4=C3CCCC4)N=C2)=O)C=C1)=O,0.005843107169494033
C(N)(=O)[C@H](CC1=CC=CC=C1)NC1CCC2(CC1)CCNCC2,0.010085444757714867
N1(C(C)(CO)CO)C=NC(C2=CC=CC=C2)=C1C(CC)=CC,0.005022010812535882
C1(N(C)C2=C(C=CC=C2)N=1)C1=C(C)C=C(C(OC)=C1OC)OC,0.009544038795866072
C(=O)(C1CCN(CC1)CC1C=NC(=NC=1)NCC)N1CCCC1,0.007281386363320053
C1(CN2C=CN=C2)(CC1)C(=O)N(CC)CC1C=CC=CC=1OCC=C,0.008640758669935166
C1(C(NCCC2N=C(C)C=C(N=2)C(F)(F)F)=O)SC(=NC=1C)CC,0.004184841259848327
C1(C(OCC)=O)=NC=CN1CCC1N=C(C)C=C(N=1)C(F)(F)F,0.004126698442269117
C1(=CNN=C1C(OC)=O)C1C=C(N=C(N)C=1C#N)C1C=C2N(C=CC=C2)C=1,0.0026336403505411
C1(N(CCCCN2CCCC2)C=NC=1C1C=CC=CC=1)C1NC=CN=1,0.005397204146720469
C1(N)(CC1)C(=O)NCC1=CC=CN=C1OC1C=CC(=CC=1F)F,0.006403256696648896
N1(C(C)=CC=N1)CC(=O)NCC1=CC=CN=C1OC1=CC=CC(=C1)C(F)(F)F,0.0039267975953407586
C12SN=C(C)C=1C(CC(=O)N2)C1C2=C(C=CC=C2N(C)N=1)Cl,0.007887003221549093
COC(C1C2=C(C=CC=C2)N(CC(NC2=CC=C(C)C=C2)=O)C=1)=O,0.00577015159651637
C1(=CC(=NO1)CC)C1=NC=CN1C1C=CC(=CC=1)C1=CC=NN1,0.004113272519316524
CC1N(C(CN2C3=C(C=C(C=C3)Br)C(C=O)=C2)=O)C2=C(C=C(C=C2)F)CC1,0.007426782540278509
N1=C(C)ON=C1CN(C)CC1=CC=C(S1)C#CC(C)(C)O,0.010007272381335497
C1(N=CN=C(N)C=1)N1CCC(CC1)(CC1=CC=CC=C1C(F)(F)F)C(O)=O,0.0033611154300160705
FC1=CC=C(S(N2CC(C(NCC3=CC=C(Cl)C=C3)=O)CCC2)(=O)=O)C=C1,0.004251529893372208
C1(C=C2CCCC2=NC=1OC)C(=O)N1CCC2=C(N=CN2)C1,0.004732862685341388
N1C2=CC=C(C(C)=C2NC=1CN(CC1CCCO1)CC1C=CC=CN=1)C,0.005550422158557921
S1(=O)(=O)CC(C=C1)NCCC(=O)N1CCC2C(=CC=CC=2)C1,0.007081803539767862
S1(=O)(=O)C2=CC=C(C=C2C(=NN1CC(=O)NC1C(C)=CC(=CC=1C)C)C1=CC=CC=C1F)Cl,0.004591027263086289
C1(CN(CCOC)C(=O)C2C=CC(NN=2)=O)C(C)=NN(CC)C=1C,0.0050670513417571785
FC1=CC=C(S(N2CC(C(NC3=C(Cl)C=CC(Cl)=C3)=O)CCC2)(=O)=O)C=C1,0.004611768550239504
C1(C2=CC=CO2)C=C(NN=1)C1CCN(CC1)C[C@@H]1CCCN2CCCC[C@@]21[H],0.010224626772105694
S1(=O)(=O)C2=CC=C(C=C2C(=NN1CC(=O)NCC1=CC=CC=C1)C1=CC=CC=C1F)Cl,0.004297988244798034
C1(C(N(C)C)C2C=CC=C(C)C=2)NN=C(CC2=CC=CC=C2)N=1,0.00747871717903763
C(=O)(N(CC(C)C)CC1C=NN(C)C=1)C1=NC=CC=C1C(C1=CC=CC=C1)=O,0.01295027662999928
C1(=CNC(=CC1=O)C)C(=O)N1CCCC(C1)C1NN=CC=1C1=CC=C(C=C1)C,0.0050117239821702245
C1(N)(CC1)C(=O)N1CCCC(CCC2C=CC(=CC=2)OC)C1,0.01365850823931396
O=C1C(=CC2OC=CC=2)NC(=S)N1CC1OCCC1,0.011400642711669207
C1(C(O)=O)=NN(C2CCC(CC1=2)NCC1=C(C)C=C(N=C1OC)C)CC,0.007111051236279309
N1(C[C@@H](C[C@H]1C(NC)=O)N)S(CCC1=CC=NC=C1)(=O)=O,0.004604481696151197
N1=CNC=C1CCNCC1=CC=CC=C1OCC(C)=C,0.004034067189786583
COC1=CC(OC)=C(C=C2C(=O)N(CC3OCCC3)C(=S)N2)C=C1,0.010379705531522631
C1(=NN=CN1C1C=CC=CC=1)CN(C)S(C)(=O)=O,0.004289014101959765
N1(CC2=CC=C(N=C2)OC2=CC=CC=C2)[C@H](CO)C[C@@H](N(C)C)C1,0.003684368508402258
S1(=O)(=O)C2=CC=C(C=C2C(=NN1CC(=O)NCC1C=CC=C(OC)C=1)C1=CC=CC=C1F)Cl,0.004598229588009417
C(=O)(NC1=CC=C(C=C1)NC(CCCC)=O)C(C)(O)C1C=CC=CC=1,0.011976682161912323
C1(C=CC(NC=1)=O)C(=O)N(CCCC)CC1=CC=CO1,0.005224759690463543
S1(=O)(=O)C2=CC=C(C=C2C(=NN1CC(=O)NCC1=CC=CO1)C1=CC=CC=C1F)Cl,0.004918056703172624
N1(C=NC=N1)C1=CC=CC=C1CNC(=O)C1=CC=C(C=C1)OCC(C)=C,0.006565666547976435
S1(=O)(=O)C2=CC=C(C=C2C(=NN1CC(NCCC1=CC=CC=C1)=O)C1=CC=CC=C1F)Cl,0.0042593814199790355
N(CC1CCCO1)(CC1C=CC=CN=1)C(=O)CNC(C1C=CC=CC=1)=O,0.007682360406033695
S1(=O)(=O)C2=CC=C(C=C2C(=NN1CC(=O)NC1CCCCC1)C1=CC=CC=C1F)Cl,0.0053284516907297075
C1(C2=CC=CC=C2C)OC2=C(C=CC(=C2)NC(=O)C2=CNC(C)=N2)N=1,0.002194542120560072
N1(CC(O)CC2=CC=CC=C2)C=NC(C2C=CC=CC=2)=C1C1C=CC=NC=1,0.004577491118106991
CC1=CC(NS(C2=C(C)C=CC(C(O)=O)=C2)(=O)=O)=C(C)C=C1,0.004005252686329186
C1(C=C(NN=1)COC1C=CC=CC=1OC)C(=O)NC1CCCNC1=O,0.004271646006964147
C1(CNC(=O)C2=CC=C(C(=C2)NC(=O)C2CC2)C)=NN=CN1CCCOC,0.005721543543040752
N1(CC(C)NC(=O)C2=CN=C(N=C2)NCC)C(C)=CC(C)=N1,0.0054564637131989
N1=CNC=C1CCNCCC(=O)NC(C)C1C=CC=CC=1,0.002886090794345364
N1=CN(C(C2C=CC(=CC=2)C#CCO)=C1C1C=CC=CC=1)CCC1CCCN1C,0.005343073094263673
CC1=CC(C)=C(NS(C2=C(C)C=CC(C(O)=O)=C2)(=O)=O)C=C1,0.004020199144724757
C12CN(CC(C)O)CCC=1ON=C2C1=CC=CC=C1F,0.00261823832988739
C1(C2NC=CN=2)N(CCN2CCCC(C(N)=O)C2)C=NC=1C1C=CC=CC=1,0.003320461930707097
C1(=NC=CC=C1CNC(=O)C1=CC=CN1)OC1C(C)=CC=CC=1C,0.003964595904108137
S1(=O)(=O)C2=CC=C(C=C2C(=NN1CC(=O)NC1=CC=CC=C1C#N)C1=CC=CC=C1F)Cl,0.0033781516656745227
C1(NC(=NC=1C)CC)C1NC2=C(C=C(C=C2)N2C=NN=N2)N=1,0.0028776886232662947
S1(=O)(=O)C2=CC=C(C=C2C(=NN1CC(NCCC(C)C)=O)C1=CC=CC=C1F)Cl,0.004433722759131342
N1C(C=CCCC)=NNC=1C1=CC=CC=N1,0.005535499192774296
C1(OC(C)C)=C(OCC)C=C(C(Cl)=C1)CNCC1C=CC(=NC=1)Cl,0.00931213777512312
C(=O)(N[C@H]1CCCC[C@@H]1O)CC(=O)NC1C=C(C)C=C(C)C=1,0.00397462781984359
C1(C(=O)NC2=CC=CC=C2)=C(C)N(N=N1)CC1=C(C)OC(C2C=CC(=CC=2)OCC)=N1,0.0050490112858824435
C12(CCN(CC1)CC1=CC=C(C3CCCO3)S1)CN(C)CCN2C,0.014724729489535094
C1(C(=O)NC2C=CC=CC=2)=C(C)N(N=N1)CC1=C(C)OC(C2=CC=CC(Cl)=C2)=N1,0.004110996739473194
C1(NC2CCCNC2)C2CCNCC=2N=C(C2=CC=CC=C2)N=1,0.006369739375077188
C1(C(=O)NC2C=CC=CC=2)=C(C)N(N=N1)CC1=C(C)OC(C2C=CC(=CC=2)Cl)=N1,0.004155870724935085
C1(C2=CC=CO2)=NOC(CNCC2N=C(C)C3=C(CCCC3)N=2)=N1,0.011033419193699956
C1(C(=O)NC2=CC=CC=C2)=C(C)N(N=N1)CC1=C(C)OC(C2=CC(Br)=CC=C2OC)=N1,0.005346722155809403
C1(N2CCCC2)=NC(C)=NC2CN(C(CCC3ON=C(O)C=3)=O)CCC1=2,0.007181938248686492
C1(C(=O)NC2C=CC=CC=2)=C(C)N(N=N1)CC1=C(C)OC(C2=CC=CC=C2C)=N1,0.005067546584177763
C1(CCCC1)(NC1=CC=C(C=C1)C)C(=O)NCC(COCC)O,0.005298711359500885
N1=C(C(C)C)ON=C1N1CCOC2=C(C=C(C3C=CC=CC=3C)C=C2C1)O,0.005786076537333429
C1(C(=O)NC2C=CC=CC=2)=C(C)N(N=N1)CC1=C(C)OC(C2C=CC=CC=2)=N1,0.004742060590069741
C1(=COC(COC2C=CC=C3C=CC=NC=23)=N1)C(=O)NCC1CCN(C)C1,0.005255292844958603
C1(C(=O)NC2C=CC=CC=2)=C(C)N(N=N1)CC1=C(C)OC(C2=CC=C(C(OC)=C2)OCC)=N1,0.00526411944301799
C(=O)(N(CC)CCOC1C=CC(=CC=1)OC)C1CCCN(C)C1,0.012209763983264565
C1(C(=O)NC2=CC=CC=C2)=C(C)N(N=N1)CC1=C(C)OC(C2=CC=CC(OC)=C2OC)=N1,0.005212141608353704
[C@H]1(C[C@H](NC(C)=O)C[C@H](C2C=CC=CC=2)O1)C1=CC=C(C=C1C)N1C=CC=N1,0.008207053202204407
C1(C(=O)NC2=CC=C(C=C2)Cl)=C(C)N(N=N1)CC1=C(C)OC(C2C=CC(=CC=2)OCC)=N1,0.004346517694648356
N1=C(C2CCCCC=2N=C1C1C=CNN=1)C(F)(F)F,0.0037240562785882505
C1(C(=O)NC2=CC=C(C=C2)Cl)=C(C)N(N=N1)CC1=C(C)OC(C2=CC=CC=C2OCC)=N1,0.0045302814454771575
C1(C(=O)NC2C=CC(=CC=2)Br)=C(C)N(N=N1)CC1=C(C)OC(C2=CC=CS2)=N1,0.005026755249127745
N1(C2CCCN(C(C)=O)C2)C=NC(C2C=CC=CC=2)=C1CCC1C=CC=CC=1,0.007686456432566047
C1(C(=O)NC2=CC=C(C=C2)Br)=C(C)N(N=N1)CC1=C(C)OC(C2C=CC(=CC=2)OCC)=N1,0.005307241855189204
COC1=C(OC)C=C(CC(NN=CC2OC(C3=C(C#N)C=CC=C3)=CC=2)=O)C=C1,0.005814186006318778
N1=C(NC)C=CN=C1NC1CN(C(=O)C1)CCOC,0.004758955247234553
C1(C(=O)NC2C=CC(=CC=2)Br)=C(C)N(N=N1)CC1=C(C)OC(C2=CC=CC=C2C)=N1,0.005448361649177969
N1(C=CC(C2C=CC(=CC=2)C(O)=O)=N1)C1=CC2OCOC=2C=C1C(N)=O,0.005464939633384347
C1(C#N)=C(C2CCOC2)C=C(N=C1N)C1C=CC(=CC=1)N1CCOCC1,0.004598001763224602
C1(C(=O)NC2C=CC(=CC=2)Br)=C(C)N(N=N1)CC1=C(C)OC(C2=CC=CC=C2OC)=N1,0.0053549074102193115
S1C(C)=NN=C1SCC(=O)N1CCN(C(=O)C1)CCCC,0.007938011223450303
C1(C(=O)NC2CC2)C=C2N(CCN(C2)C(=O)C2=CC=CC3=CC=CN=C23)N=1,0.00868381019681692
C1(C(=O)NC2C=CC(=CC=2)Br)=C(C)N(N=N1)CC1=C(C)OC(C2C=CC=CC=2)=N1,0.0051419110735878345
N1C(COC)=NOC=1CN(CC)C(=O)[C@@H]1CC[C@H](CC1)CCC,0.014620166085660458
N1(CC[C@H]([C@H](O)C1)C1=CC=C2C(C=CC=C2)=C1)C(=O)CC1=CC=NC=C1,0.002650859160348773
CN1C(=O)C2=C(N=CN2CC2=C(F)C=CC=C2)N(C)C1=O,0.005094161839224398
C1(C(=O)NC2=CC=C(C=C2C)C)=C(C)N(N=N1)CC1=C(C)OC(C2C=CC(=CC=2)OCC)=N1,0.005448417109437287
C1(=O)C(C)N(C2CCN(CC2)C(C)=O)CCN1CC(OC)=O,0.007947767293080688
C1(C(=O)NC2=CC=C(C=C2C)C)=C(C)N(N=N1)CC1=C(C)OC(C2=CC=CC(Cl)=C2)=N1,0.00452176749240607
C(=O)(N1CCCN(C)CC1C)C1=C2C=CC=CC2=NC(=C1)C1C=NN(C(C)C)C=1,0.010946179414168
C1(C(=O)NC2=CC=C(C=C2C)C)=C(C)N(N=N1)CC1=C(C)OC(C2C=CC(=CC=2)Cl)=N1,0.0045963170123286545
N1(CCC(C1)C1=CC=NC(C2C=CC(=CC=2)C2=CC=NN2)=C1)CC1C=NC(=NC=1)COC,0.00629207391757518
N1C(CN(C)CC2=NN=CN2CCC)=C(OC=1C1=CC=CO1)C,0.0077748735900968315
C12N=CNC=1CCN(CC1=COC(C(C)C)=N1)C2C1=CC=CC(F)=C1,0.004108087928034365
C1(C(=O)NC2=CC=C(C=C2C)C)=C(C)N(N=N1)CC1=C(C)OC(C2C=CC(=CC=2)OC(C)C)=N1,0.005812706775031984
C12=NC(=CN1N=C(C)S2)CCNC1C=CC(=NN=1)C1C=CC=CC=1OC,0.0054191637085750696
C1(C(=O)NC2=CC=C(C=C2C)C)=C(C)N(N=N1)CC1=C(C)OC(C2=CC=CC=C2C)=N1,0.005618692841380835
C1(C(=O)NC2=CC=C(C=C2C)C)=C(C)N(N=N1)CC1=C(C)OC(C2=CC=CC=C2OCC)=N1,0.00557324499823153
C1(=NC=CN1CCN1CCNC1=O)C1=CC=C(C2C=CC=CC1=2)OC,0.003430264291819185
C1(C(=O)NC2=CC=C(C=C2C)C)=C(C)N(N=N1)CC1=C(C)OC(C2=CC=CC=C2OC)=N1,0.005420432332903147
N1(CC)C(=O)NN=C1C1CCN(CC1)C(=O)C1SC=C(C(C)C)N=1,0.0036681497702375056
C1(=C(C)OC=N1)C(=O)N1CCCN(CC2C=CC(=CC=2)F)C(C(C)C)C1,0.00805253623984754
C12C=C(C=CC=1SC=C2)CNC(=O)CN1CCNCC1,0.004510323668364435
FC1=CC=C(C2OC(C=NNC(CC3=CC4=C(OCCO4)C=C3)=O)=CC=2)C=C1,0.005875030369497836
N1C(CC)=C(C2C=C(C)C=C(CNC3N=CC=C(N(C)CC)N=3)C1=2)C,0.005269949918147177
C1(C(=O)NC2=CC=C(C=C2C)C)=C(C)N(N=N1)CC1=C(C)OC(C2=CC=C(C(OC)=C2)OCC)=N1,0.005492075788788497
C1(=COC(COC2C=CC3=C(C=2)N=C(S3)C)=N1)C(=O)N1CCNC(=O)C1C,0.0037802262231707573
CCOC(C1=CC(C2OC(C=NNC(C3=CC4=C(OCO4)C=C3)=O)=CC=2)=CC=C1)=O,0.006164168799296021
O=N(C1=CC=C(C2OC(C=NNC(C3=C(Cl)N=CC=C3)=O)=CC=2)C=C1)=O,0.003150858642766252
CC1N(C2=C(C#N)C(C)=C(C)O2)C(C)=C(C=NNC(CC2=CC3=C(OCCO3)C=C2)=O)C=1,0.006310727493837476
N1(C=NC(C2C=CC=CC=2)=C1C1C=CC(=CC=1)C#CCO)CC1C(C)=NNC=1C,0.0031284112890716644
CCOC1=C(C=NNC(CC2(SCCS2)C)=O)C=C(Cl)C=C1,0.006366194318979978
FC(C1=CC(N2C(C=NNC(C3=C(Cl)N=CC=C3)=O)=CC=C2)=CC=C1)(F)F,0.00402029714314267
C1(C(=O)N2CCOCC2)N=C2N(C=CC=C2C)C=1CN1CCC(CC1)CO,0.002892612642608583
CC1(SCCS1)CC(NN=CC1OC(Br)=CC=1)=O,0.00858174911700189
N1(C=C(C=N1)C)C1C=CC(=NC=1C)N,0.005555829254444688
C1(C(=O)NC2=CC=CC=C2OC)=C(C)N(N=N1)CC1=C(C)OC(C2C=CC(=CC=2)OCC)=N1,0.005170652479864657
BrC1OC(C=C2C(=O)N(CC(N3CCCCCC3)=O)C(=O)S2)=CC=1,0.0058033011155202985
C1(C(=O)NC2=CC=CC=C2OC)=C(C)N(N=N1)CC1=C(C)OC(C2=CC=CC(Cl)=C2)=N1,0.0043296463671140374
N1(CCC(CC1)(CO)CC1=CC=C(C=C1)OC)C1C=C(C=CN=1)C#N,0.00375374989816919
C1(C(=O)NC2=CC=CC=C2OC)=C(C)N(N=N1)CC1=C(C)OC(C2C=CC(=CC=2)Cl)=N1,0.004367627622559667
C1(C(=O)NC2=CC=CC=C2OC)=C(C)N(N=N1)CC1=C(C)OC(C2C=CC(=CC=2)OC(C)C)=N1,0.005460972688160837
C1(C(=O)NC2=CC=CC=C2OC)=C(C)N(N=N1)CC1=C(C)OC(C2=CC=CC=C2C)=N1,0.005178644752595574
N1(CCC(CC1)NCCSCC1=CC=CC=C1C)C(C)=O,0.006882360274903476
C1(C(=O)NC2=CC=CC=C2OC)=C(C)N(N=N1)CC1=C(C)OC(C2=CC=CC=C2OCC)=N1,0.0053171315579675135
C1(C(=O)NC2=CC=CC=C2OC)=C(C)N(N=N1)CC1=C(C)OC(C2=CC=CC=C2OC)=N1,0.005181300244294107
C1(C(=O)NC2=CC=CC=C2OC)=C(C)N(N=N1)CC1=C(C)OC(C2=CC=CC=C2)=N1,0.004895438032690436
N1(C(C)CCCC(C)(C)O)C=NC(C2C=CC=CC=2)=C1C1CCOCC1,0.012470776168629526
C1(C(=O)NC2=CC=CC=C2OC)=C(C)N(N=N1)CC1=C(C)OC(C2=CC=C(C=C2OC)OC)=N1,0.005319523892831057
C1(=O)N(CCCC1(CNCC1C=CC(=CC=1)F)O)CCC1CCCCC1,0.010339190997183324
C1(=NC=CN1CCOC1C=CC=CC=1)C1CCCN(CC)C1,0.008790118782781065
C1(=CNN=C1CCC)C(=O)N1CCOC(C2C=CC(=CC=2)Cl)C1,0.005070765363052487
C1(C(=O)NC2=CC=CC(C)=C2C)=C(C)N(N=N1)CC1=C(C)OC(C2=CC=C(C=C2)OCC)=N1,0.005438325158320367
N1C(CC)=NOC=1CN(CC)C(=O)C1C=CC2=C(SC=N2)C=1,0.006662918999791145
N1(C=CN=C1)C1=NC=CC=C1CNC(=O)C1=CC=CN=C1OCC,0.003796579851768911
C1(C(=O)NC2=CC=CC(C)=C2C)=C(C)N(N=N1)CC1=C(C)OC(C2=CC=CC(Cl)=C2)=N1,0.0045288657653145496
C12CNC(CC(C=CC3=CC=CC=C3OC)C=1N1C(C=CC=C1)=N2)=O,0.006116041145287454
C1(C(=O)NC2=CC=CC(C)=C2C)=C(C)N(N=N1)CC1=C(C)OC(C2=CC=C(C=C2)Cl)=N1,0.004585889761801809
C12=CC(C3=CC=CN=C3)=CC(O)=C1OCCN(C1CCOCC1)C2,0.006250398466363549
C1(C(=O)NC2=CC=CC(C)=C2C)=C(C)N(N=N1)CC1=C(C)OC(C2=CC=C(C=C2)OC(C)C)=N1,0.0058061462361365555
C12N=CN=C(NCC3CCOCC3)C=1C(=C(C)S2)C,0.007561135012656451
C1(=CC(=NN1)C)C(=O)N1CCC(CC1)C1NN=CC=1C1C=CC=C(C)C=1,0.0048684290610253814
CCOCC1OC(C(NC2=CC(C)=C(C)C=C2)=O)=CC=1,0.007775618229061365
C1(C(=O)NC2=CC=CC(C)=C2C)=C(C)N(N=N1)CC1=C(C)OC(C2=CC=CC=C2C)=N1,0.0056489391019567846
C1(C(=O)NC2=CC=CC(C)=C2C)=C(C)N(N=N1)CC1=C(C)OC(C2=CC=CC=C2OCC)=N1,0.00558000432793051
C1(C(=O)NC2=CC=CC(C)=C2C)=C(C)N(N=N1)CC1=C(C)OC(C2=CC=CC=C2OC)=N1,0.0054225387750193475
C1(=C(C#N)C(N)=NC2[C@H]3CC[C@H](C3)C1=2)C1C(C)=NNC=1C,0.0033854109642561525
C1(C(=O)NC2=CC=CC(C)=C2C)=C(C)N(N=N1)CC1=C(C)OC(C2C=CC=CC=2)=N1,0.005221213994082064
N1=C(C2C=CC=C(Cl)C=2)OC(C)=C1CN1C[C@@H]2C[C@H]1CN2,0.0037868272862397133
C1(C(=O)NC2=CC=CC(C)=C2C)=C(C)N(N=N1)CC1=C(C)OC(C2=CC=C(C=C2OC)OC)=N1,0.0052166850888170305
C1(=CSC=N1)C(=O)N1CCC(CC1)N1CCCC(C1)C(=O)N1CCCC1,0.009128200355917215
C1(=COC(COC2C=CC=C3C=CC=NC=23)=N1)C(=O)N[C@@H](C)C1=C(C=CC=N1)C,0.005656792689114809
C1(C2=CC=CC=C2O)NC=C(C2C=CC(=CC=2)OCC)N=1,0.0024337084032595158
C1(C(=O)NC2=CC=CC=C2F)=C(C)N(N=N1)CC1=C(C)OC(C2C=CC(=CC=2)OCC)=N1,0.0046116670593619345
N1(CCOCC)C2=NC=C(C=C2N(CC2C=CC=C(Cl)N=2)C1=O)C(O)=O,0.00406019997317344
C1(C(=O)NC2=CC=CC=C2F)=C(C)N(N=N1)CC1=C(C)OC(C2=CC=CC(Cl)=C2)=N1,0.004347544175107032
C1(C(=O)NC2=CC=CC=C2F)=C(C)N(N=N1)CC1=C(C)OC(C2=CC(Br)=CC=C2OC)=N1,0.0050623011076822875
C1(C(=O)NC2=CC=CC=C2F)=C(C)N(N=N1)CC1=C(C)OC(C2=CC=CC=C2C)=N1,0.004708642850164324
N1(C2C=CC=CN=2)N=C(N=C1COC1C=CC=NC=1)CCC1=CC=CC=C1,0.009474483551457524
C1(C(=O)NC2=CC=CC=C2F)=C(C)N(N=N1)CC1=C(C)OC(C2=CC=CC=C2OC)=N1,0.004545961320400238
N1(CC)C(C2CCN(CC2)CC2CCN(CC2)CCOC)=NN(C)C1=O,0.011433091573417186
C1(C(=O)NC2=CC=CC=C2F)=C(C)N(N=N1)CC1=C(C)OC(C2=CC=C(C=C2OC)OC)=N1,0.0049749017925933
C1(C2=CC=C(C=C2)C2=CC=C(C=C2)C(C)O)=CC=NN1,0.003597915463615209
C1(C(=O)NC2=CC=CC=C2F)=C(C)N(N=N1)CC1=C(C)OC(C2=CC=CC(OC)=C2OC)=N1,0.004779112956020981
C1(C(=O)NC2=CC=CC=C2C)=C(C)N(N=N1)CC1=C(C)OC(C2=CC=CS2)=N1,0.004944171255920083
S(C)(=O)(=O)NCC1CCN(CC2=CC=C(CC(C)C)S2)C1,0.005588559864554555
C1(C2=CC=CC=N2)=NOC(CCNC(=O)C2=CC3=C(C=CS3)N2)=N1,0.0031757989316247405
C1(C(=O)NC2=CC=CC=C2C)=C(C)N(N=N1)CC1=C(C)OC(C2=CC=CC(Cl)=C2)=N1,0.00437394994078204
C1(C(=O)NC2=CC=CC=C2C)=C(C)N(N=N1)CC1=C(C)OC(C2C=CC(=CC=2)Cl)=N1,0.004453419637866318
C1(C(=O)NC2=CC=CC=C2C)=C(C)N(N=N1)CC1=C(C)OC(C2C=CC(=CC=2)OC(C)C)=N1,0.005706278420984745
C1(C=CC2C(=CC=C(OC)C=2)C=1)C1OCCN(CCCCC(OC)=O)C1,0.010108002088963985
C1(C(=O)NC(C(C)C)C2=NN=C3CCNCCN23)C2CCCCC=2N(C)N=1,0.010639944206923246
N1C(C)=NNC=1SCCNC(=O)[C@H]1CCCO1,0.003341404674574733
C1(C(=O)NC2=CC=CC=C2C)=C(C)N(N=N1)CC1=C(C)OC(C2=CC=CC=C2C)=N1,0.005459145805798471
C12C(=O)NCCCC=1NC(COC1=C(C)C=C(C=C1C)C)=N2,0.004157721484079957
C1(C(=O)NC2=CC=CC=C2C)=C(C)N(N=N1)CC1=C(C)OC(C2=CC=CC=C2OCC)=N1,0.005377807002514601
C(=O)(NC1C=CC=C(C=1)NC(C)=O)CCN1CCCN(C)CC1,0.007993157068267465
C1(C(=O)NC2=CC=CC=C2C)=C(C)N(N=N1)CC1=C(C)OC(C2=CC=CC=C2OC)=N1,0.005197710322681815
C1(C(=O)NC2=CC=CC=C2C)=C(C)N(N=N1)CC1=C(C)OC(C2C=CC=CC=2)=N1,0.005071272805798799
C1(C2C=CC=CC=2)(CC1)C(=O)N1CCC(CC1)CC1=NNC(=O)N1CC,0.004531095980200917
C1(C(=O)NC2=CC=CC=C2C)=C(C)N(N=N1)CC1=C(C)OC(C2=CC=C(C=C2OC)OC)=N1,0.005164269381202758
C(=O)(C1C=CC=CC=1OCCC)N1CCOC(C2=CC=C(C=C2)F)C1,0.00823882846161723
C1(C(=O)NC2=CC=CC=C2C)=C(C)N(N=N1)CC1=C(C)OC(C2=CC=C(C(OC)=C2)OCC)=N1,0.005408738285768777
C1(C(=O)NC2=CC=CC=C2C)=C(C)N(N=N1)CC1=C(C)OC(C2=CC=CC(OC)=C2OC)=N1,0.005376402626279741
C1(NN=C(C2CC2)C=1)C(=O)N(CC1=CC=C2C(OCO2)=C1)C1CC1,0.0065007335506379604
C1(=NC=CN=C1OC)OC1=CC=CC=C1CN1CCN(CC1)C,0.008015447505749762
C1(C(=O)NC2=CC=CC(Cl)=C2)=C(C)N(N=N1)CC1=C(C)OC(C2C=CC(=CC=2)OCC)=N1,0.004277239739894867
C(N(C)C)(C1C=CC=CN=1)CNC1C=C(OC)N=CN=1,0.0065773103851825
C1(C(=O)NC2=CC=CC(Cl)=C2)=C(C)N(N=N1)CC1=C(C)OC(C2=CC=CC=C2C)=N1,0.004290268674958497
C1(CN(CCN1)CC1=CC(Cl)=CC=C1OCCCN1C=CN=C1)C(O)=O,0.0028447429533116518
C1(C(=O)NC2=CC=CC(Cl)=C2)=C(C)N(N=N1)CC1=C(C)OC(C2=CC=CC=C2OCC)=N1,0.004491330694872886
C12=C(CCN(C(=O)C3=CC=C(C(C)=C3)O)C1)ON=C2C1=CC=C(C=C1)Cl,0.004758021328598261
C1(CN(CC)CC2ON=C(CC)N=2)=CC2=CC=C(C=C2NC1=O)F,0.003643464855849743
C1(C(=O)NC2=CC=CC(Cl)=C2)=C(C)N(N=N1)CC1=C(C)OC(C2=CC=CC=C2OC)=N1,0.004351547244004906
C12C(=O)NCCCC=1NC(C1=CC=CC(C(F)(F)F)=C1F)=N2,0.0017612853203900158
C1(CNCC2=C(C=CC=C2OC)OC)=CNN=C1C1C=CC(=CC=1)F,0.004401352838613093
C1(N(C)C)N=C(C)C(=C(C2=CC=CC(=C2)C(O)=O)N=1)C,0.005170216504484415
C1(C(=O)NC2=CC=CC(Cl)=C2)=C(C)N(N=N1)CC1=C(C)OC(C2=CC=CC=C2)=N1,0.003991898323874921
C1(C(=O)NC2=CC=CC(Cl)=C2)=C(C)N(N=N1)CC1=C(C)OC(C2=CC=C(C=C2OC)OC)=N1,0.004288178880233318
C1(C(=O)NC2=CC=CC(Cl)=C2)=C(C)N(N=N1)CC1=C(C)OC(C2=CC=C(C(OC)=C2)OCC)=N1,0.004507302236743271
N1=C(C)NC=C1CN1CCC(CC1)N1CCCC(C(=O)NCC2=CC=CC=N2)C1,0.004182681778911501
OC(C(O)=O)=O.CN1CCN(CCOC2=C(CC=C)C=CC=C2)CC1,0.007538575050421059
C1(C(=O)NC2=CC=CC(Cl)=C2)=C(C)N(N=N1)CC1=C(C)OC(C2=CC=CC(OC)=C2OC)=N1,0.004600892448797822
C1(C(=O)NC2=CC=C(C(Cl)=C2)OC)=C(C)N(N=N1)CC1=C(C)OC(C2C=CC(=CC=2)OCC)=N1,0.004485179844778031
N1=C(NCCOCC)C2CCNCCC=2N=C1C1C=CN=CC=1,0.005898454668931663
C1(C(=O)NC2=CC=C(C(Cl)=C2)OC)=C(C)N(N=N1)CC1=C(C)OC(C2=CC=CC=C2OCC)=N1,0.004682525317184627
C1(=C(C)OC=N1)C(=O)N1CCC(CC1)N1CCCC(C1)C(=O)N1CCOCC1,0.007895626663230359
C1(C(=O)NC2=CC=C(C(Cl)=C2)OC)=C(C)N(N=N1)CC1=C(C)OC(C2=CC=CC=C2OC)=N1,0.004572943935636431
N1(C[C@H]2[C@H](CC=CC2)C1)C(=O)C(N(C)C)C1=CC=CC(F)=C1,0.010483900178223848
C1(C(=O)NC2=CC=C(C(Cl)=C2)OC)=C(C)N(N=N1)CC1=C(C)OC(C2=CC=CC=C2)=N1,0.004175548464991153
C1(C(=O)NC2=CC=C(C(Cl)=C2)OC)=C(C)N(N=N1)CC1=C(C)OC(C2=CC=C(C=C2OC)OC)=N1,0.004626223037485033
S(C)(=O)(=O)NCC1CCN(C2CSCCSC2)C1,0.006520838022697717
C1(C(=O)NC2=CC=C(C(Cl)=C2)OC)=C(C)N(N=N1)CC1=C(C)OC(C2=CC=CC(OC)=C2OC)=N1,0.0048297438654117284
C12C(=O)NCC(C)(C)CC=1NC(CCN1CCN(CC1)CC)=N2,0.005053651053458452
C1(C(=O)NC2=CC=CC(SC)=C2)=C(C)N(N=N1)CC1=C(C)OC(C2C=CC(=CC=2)OCC)=N1,0.0046791758039034905
N1CCCC(C1)NCCCC1=CC=CC=C1OC,0.010280180443078279
C1(C(=O)NC2=CC=CC(SC)=C2)=C(C)N(N=N1)CC1=C(C)OC(C2=CC=CC(Cl)=C2)=N1,0.003911934641655535
S(=O)(=O)(CCNC(=O)CCN1CCCCCCC1)N1CCCC1,0.009756720531731844
C1(C(=O)NC2=CC=CC(SC)=C2)=C(C)N(N=N1)CC1=C(C)OC(C2C=CC(=CC=2)Cl)=N1,0.003913240518886596
C1(C(=O)NC2=CC=CC(SC)=C2)=C(C)N(N=N1)CC1=C(C)OC(C2C=CC(=CC=2)OC(C)C)=N1,0.004968588729389012
CCOCC1OC(C(NC2=CC=C(C(C)=O)C=C2)=O)=CC=1,0.010890648560598492
C1(C(=O)NC2=CC=CC(SC)=C2)=C(C)N(N=N1)CC1=C(C)OC(C2=CC=CC=C2C)=N1,0.004780037491582334
C12C(=O)NCC(C)(C)CC=1NC(C1CC(N(C3CC3)C1)=O)=N2,0.004201830003876239
C1(C(=O)NC2=CC=CC(SC)=C2)=C(C)N(N=N1)CC1=C(C)OC(C2=CC=CC=C2OCC)=N1,0.004897680785506964
N1(CCNC(=O)C1C(C)C)C(=O)CSC1C=CC=CC=1NC(C)=O,0.0058074257336556915
C1(C(=O)NC2=CC=C(C(Cl)=C2)C)=C(C)N(N=N1)CC1=C(C)OC(C2C=CC(=CC=2)OC(C)C)=N1,0.004792268911842257
C1(NC(CN(C)CC2C=CC=NC=2)=O)=C(C)C=NN1C(CC)CC,0.00747599380556494
C1(C(=O)NC2=CC=C(C(Cl)=C2)C)=C(C)N(N=N1)CC1=C(C)OC(C2=CC=CC=C2C)=N1,0.004597769828978926
C1(=NC=CN1[C@@H](C)C(N)=O)C1=NC=CN1C,0.004077434237115085
C1(C(=O)NC2=CC=C(C(Cl)=C2)C)=C(C)N(N=N1)CC1=C(C)OC(C2=CC=CC=C2OCC)=N1,0.004714684071950614
C1(CN(CC)CC2C=NN(C)C=2)=CC2=CC=C(C=C2NC1=O)OC,0.005931081785820425
C1(C(=O)NC2=CC(C)=CC=C2C)=C(C)N(N=N1)CC1=C(C)OC(C2=CC=C(C=C2)OCC)=N1,0.005414026766084134
N1(C[C@H]2CC[C@H](CC2)N)C[C@@H]([C@H]2N3CCC(CC3)[C@H]21)C1C=CC=CC=1,0.014929981995373964
C1(C(=O)NC2=CC(C)=CC=C2C)=C(C)N(N=N1)CC1=C(C)OC(C2=CC=CC(Cl)=C2)=N1,0.0044882255140692
C1(C(=O)NC2=CC(C)=CC=C2C)=C(C)N(N=N1)CC1=C(C)OC(C2=CC=C(C=C2)Cl)=N1,0.00456299246288836
C1(C(=O)NC2=CC(C)=CC=C2C)=C(C)N(N=N1)CC1=C(C)OC(C2=CC=C(C=C2)OC(C)C)=N1,0.005780942342244089
S1(CCC(CC1)CC(=O)N1CC2=C(C=NC(CC(C)C)=N2)C1)(=O)=O,0.008589259162545205
C1(C(=O)NCC2=CC=CN=C2OC2=C(C)C=CC=C2C)=CC(=NN1)CC,0.004293144377879798
C1(CN(C)CC2=CC=CN2C2=CC=C(C=N2)Cl)C=NN(C)C=1C,0.009540776861831546
N1=C(CC(C)C)NN=C1C1C=CC=C(C(C)=O)C=1,0.008328554616309703
C(=O)(N(C)CCCOC1=CC=CC=C1CC)C1C=NC(=NC=1)NC,0.006031545298174024
C1(C(=O)NC2=CC(C)=CC=C2C)=C(C)N(N=N1)CC1=C(C)OC(C2=CC=CC=C2OC)=N1,0.005376870790496468
[C@H]1(C[C@H](NC(C)=O)C[C@H](C2CCCCC2)O1)C1C=CC=CC=1OCCO,0.006478574709035456
C1(C(=O)NC2=CC(C)=CC=C2C)=C(C)N(N=N1)CC1=C(C)OC(C2C=CC=CC=2)=N1,0.005170695739798248
C1(=CC=CC=C1NCC1=CC=CS1)C(NCCNC(C)=O)=O,0.0044583760085515674
C1(C(=O)NC2C=C(C)C=C(C)C=2)=C(C)N(N=N1)CC1=C(C)OC(C2=CC=CS2)=N1,0.00517773712053895
C1(N(C)C)N=C(CC)C=C(NCC2=CC=CN=C2N2C=CN=C2)N=1,0.003913757717236876
C1(C(=O)NC2=CC(C)=CC(C)=C2)=C(C)N(N=N1)CC1=C(C)OC(C2=CC=C(C=C2)OCC)=N1,0.00550864702090621
C(=O)(C1=CC=CN=C1O)N1CCCC(C1)CCC1=CC=CC=C1C(F)(F)F,0.005098940758034587
C1(C(=O)NC2C=C(C)C=C(C)C=2)=C(C)N(N=N1)CC1=C(C)OC(C2=CC=CC(Cl)=C2)=N1,0.004576864629052579
N1(CC2=C(C=NC(CC(C)C)=N2)C1)C(=O)C(C)CN1CCOCC1,0.010493529634550214
C1(C(=O)NC2C=C(C)C=C(C)C=2)=C(C)N(N=N1)CC1=C(C)OC(C2=CC=C(C=C2)Cl)=N1,0.0046513887238688765
C1(NN=CC=1C1=CC=C(C=C1)F)C1CCCN(C2=CC=C(C=N2)C(C)=O)C1,0.005696673423517496
N1C2=C(C)C=CC=C2C(CC(NCCSC2C=CC=CN=2)=O)C1=O,0.004996916186064482
C1(C(=O)NC2=CC(C)=CC(C)=C2)=C(C)N(N=N1)CC1=C(C)OC(C2=CC=C(C=C2)OC(C)C)=N1,0.005871134996414185
COC(C1C(C2=CC=CC=C2)N2C(SC(C2=O)=CC2=CC(OC)=C(O)C=C2)=NC=1C)=O,0.006060539837926626
N1(C(CCCC2C=CC=CC=2)=O)C[C@@H]2[C@@H]([C@@H]3O[C@H]2CC3)C1,0.009744657461525464
COC1=CC(S(N(CC(N)=O)C)(=O)=O)=C(OC)C=C1,0.0057984726736322045
C1(C(=O)N2CCOCC2)C=C2N(CCCN(C2)C2=NC=CC=C2C(OCC)=O)N=1,0.007337999972514808
CC1=CC(NC(C2OC(C3=C(F)C=CC=C3)=CC=2)=O)=CC=C1,0.006031923624686897
C1(C=C(C)N=C(CC)N=1)N1CCC(CC1)N1CCCC(C1)C(=O)N1CCOCC1,0.00949001619592309
C12=CNN=C1NC(=O)CC2C1COC2=C(C=CC=C2OC)C=1,0.005454186256974936
C1(C(=O)NC2=CC(C)=CC(C)=C2)=C(C)N(N=N1)CC1=C(C)OC(C2=CC=CC=C2OCC)=N1,0.0056334893684834245
N1(CCOC(C1)C1C=CC2C(=CC=C(OC)C=2)C=1)C(=O)NCC(OC)=O,0.004941294412128627
C(=O)(N(C)CCC1(CCCC1)O)C(C)N1C=CC=C1,0.014409611001610756
C1(C(=O)NC2C=C(C)C=C(C)C=2)=C(C)N(N=N1)CC1=C(C)OC(C2=CC=CC=C2OC)=N1,0.005474977404810488
C1(C2C=CC=CC=2NC(=O)C2C=NN(CCC)C=2C)C(=O)NC(=NN=1)SCC,0.0044028687756508585
CC1SC(NC(C2OC(C3=C(F)C=CC=C3)=CC=2)=O)=NN=1,0.00497045514639467
C1(C(=O)NC2=CC(C)=CC(C)=C2)=C(C)N(N=N1)CC1=C(C)OC(C2=CC=C(C=C2OC)OC)=N1,0.005276852869428694
C1(C(=O)NC2C=C(C)C=C(C)C=2)=C(C)N(N=N1)CC1=C(C)OC(C2=CC=C(C(OC)=C2)OCC)=N1,0.005547015042975545
N1(C[C@@H]([C@@H](N2CCCCC2)C1)O)C(=O)C1=CC(C)=NC2=C(C=CC=C21)C,0.003806738858111203
C1(C(=O)NC2=CC(C)=CC(C)=C2)=C(C)N(N=N1)CC1=C(C)OC(C2=CC=CC(OC)=C2OC)=N1,0.005570498947054148
C1(=COC(COC2C=CC3=C(C=2)N=C(S3)C)=N1)C(=O)N[C@@H](CC)CO,0.0024632923072203995
C1(C(=O)NC2=CC=CC(Cl)=C2C)=C(C)N(N=N1)CC1=C(C)OC(C2=CC=C(C=C2)OC(C)C)=N1,0.004776392446365208
C1(C(C)=NNC=1C)C(C(O)=O)NC(=O)C1=CC=C(C2=CC=C(C=C2)C)O1,0.004857474891468883
C1(C(=O)NC2=CC=CC(Cl)=C2C)=C(C)N(N=N1)CC1=C(C)OC(C2=CC=CC=C2C)=N1,0.004581363033503294
C1(C(C)C)=NC=CN1CCCNC(=O)C1C=NC=CN=1,0.004005072568543255
C1(C(=O)NC2=CC=CC(Cl)=C2C)=C(C)N(N=N1)CC1=C(C)OC(C2=CC=CC=C2OCC)=N1,0.004715876292902976
C1(C(=O)NCC2=NNC(C)=N2)C=C(ON=1)CN(C)CCC1=CC=CC=C1,0.005337058729492128
C1(C(=O)NC2=CC=CC(Cl)=C2C)=C(C)N(N=N1)CC1=C(C)OC(C2=CC=CC(OC)=C2OC)=N1,0.00478777065873146
C12=C(OC)C=CC(OC)=C1C(=CC(NC1CCN(C)C1=O)=N2)C,0.005964739597402513
C1(C(=O)NC2C=CC(=CC=2)OCC)=C(C)N(N=N1)CC1=C(C)OC(C2=CC=C(C=C2OC)OC)=N1,0.005274660035502166
N1(CCCC(C(NCCC)=O)C1)C1CCN(CC1)CC1C=CC=CC=1,0.012661865819245577
C1(C(=O)NC2=CC=C(C(Cl)=C2)Cl)=C(C)N(N=N1)CC1=C(C)OC(C2C=CC(=CC=2)OCC)=N1,0.004580537648871541
C12=CC(C3=CC=CN=C3)=CC(O)=C1OCCN(C(CCCCCOC)=O)C2,0.0048108208691701295
N1(CCC2=C(N=CN=C2NCCC2CCCOC2)C1)C(=O)C1=CC=CN=C1,0.007236976595595479
C1(C(=O)NC2=CC=C(C(Cl)=C2)Cl)=C(C)N(N=N1)CC1=C(C)OC(C2=CC=CC=C2OC)=N1,0.004642977600451559
N1(C[C@H](C[C@H]1C(=O)NC(C)C)N)C(=O)C(=O)N1CCOCC1,0.007081979070790112
BrC1=CC=C(CC2SC(NC(C3CC3)=O)=NC=2)C=C1,0.008551148581318557
C1(C(=O)NC2=CC=C(C(Cl)=C2)Cl)=C(C)N(N=N1)CC1=C(C)OC(C2=CC=CC=C2)=N1,0.0042966776993125675
C12C=CC(=NC1=CC=CC=2C1C=CC(=CN=1)CN(C)C)C,0.012355782324448228
C1(C(=O)NC2=CC=C(C(Cl)=C2)Cl)=C(C)N(N=N1)CC1=C(C)OC(C2=CC=C(C=C2OC)OC)=N1,0.004594570188783109
C1(N(CC)C2C(=CC=CC=2)N=1)C1=NC=CN1C(C)CN1C(C)=CC(C)=N1,0.011222001491114497
C1(C(=O)NC2=CC=C(C(Cl)=C2)Cl)=C(C)N(N=N1)CC1=C(C)OC(C2=CC=CC(OC)=C2OC)=N1,0.004834148776717484
S1(CCC(CC1)NC1C=C(OC)N=CN=1)(=O)=O,0.004887374304234982
C1(C(=O)NC2=CC=C(C(C)=C2)Br)=C(C)N(N=N1)CC1=C(C)OC(C2C=CC(=CC=2)OCC)=N1,0.005491520697250962
C(=O)(NC1C=CC(=CC=1)NC(CCCC)=O)CC1=CC=CC=N1,0.006969506363384425
C1(C(=O)NC2=CC=C(C(C)=C2)Br)=C(C)N(N=N1)CC1=C(C)OC(C2=CC=CC(Cl)=C2)=N1,0.004709180979989469
C1(C(=O)NC2=CC=C(C(C)=C2)Br)=C(C)N(N=N1)CC1=C(C)OC(C2=CC=CC=C2OC)=N1,0.005534097691997886
C1(NC=NC=1C)C1=NC=CN1CC(O)COC1C=CC=C(OC)C=1,0.002285456593381241
C1(C(=O)NC2=CC=C(C(F)=C2)C)=C(C)N(N=N1)CC1=C(C)OC(C2C=CC(=CC=2)OCC)=N1,0.004590462078340352
N(CC1=CC=CO1)(C(C)C(C)C)C(=O)CCN1C=NC=N1,0.010417587915435433
C1(C(=O)NC2=CC=C(C(F)=C2)C)=C(C)N(N=N1)CC1=C(C)OC(C2=CC=CC(Cl)=C2)=N1,0.00400412876624614
C1(=CC2=CC=CC=C2NC1=O)C(=O)N[C@@H]1CC[C@@H](N)C1,0.005866198928561062
C1(C(=O)NC2=CC=C(C(F)=C2)C)=C(C)N(N=N1)CC1=C(C)OC(C2C=CC(=CC=2)Cl)=N1,0.004028016678057611
N1=C(C)NN=C1CNC(=O)C1CCCN(C2CCN(CC2)CC2=CC=NC=C2)C1,0.005552461557090283
N1C(CCC2=CC=CC=C2)=NNC=1CC(F)(F)F,0.002544909370772075
CC1=CC(Br)=C(OCCCN2C(=O)C3=C(C=CC=C3)N=C2)C(C)=C1,0.009873177530243993
ClC1=CC(Cl)=C(OCCCN2C(=O)C3=C(C=CC=C3)N=C2)C(Cl)=C1,0.008075282024219633
C12C=C(CNC(=O)C3=CC=CN3C)C(=NC=1CN(C1CCCC1)C2=O)OC,0.008601709781214596
C1(C(=O)NC2=CC=C(C(F)=C2)C)=C(C)N(N=N1)CC1=C(C)OC(C2=CC=CC=C2OC)=N1,0.004637644719332456
C1(CN2CCC(CC2)C(N)=O)C(=O)NC2C(=C(OC)C(=C(OC)C=2)OC)C=1,0.004251985158771276
CN1CCN(CCCOC2=C(C)C=C(C(C)(C)C)C=C2)CC1.OC(C(O)=O)=O,0.011078811669722199
C1(C(=O)NC2=CC=C(C(F)=C2)C)=C(C)N(N=N1)CC1=C(C)OC(C2=CC=CC=C2)=N1,0.004273178114090115
C1(C=NNC=1C1CCN(CC1)C1=NC=NC(COC)=C1)C1C=CC=C(OC)C=1,0.005315262591466308
C1(C(=O)NC2=CC=C(C(F)=C2)C)=C(C)N(N=N1)CC1=C(C)OC(C2=CC=C(C=C2OC)OC)=N1,0.00472459876909852
[C@]12(CNC[C@@H]1CN(C1CCCC1)C2)C(NCCC1C(C)=NNC=1C)=O,0.006977558648213744
C1(C(=O)NC2=CC=C(C(F)=C2)C)=C(C)N(N=N1)CC1=C(C)OC(C2=CC=CC(OC)=C2OC)=N1,0.004896303522400558
C1(C(=O)NC2=CC=C(C=C2Br)C)=C(C)N(N=N1)CC1=C(C)OC(C2C=CC(=CC=2)OCC)=N1,0.005569539894349873
N1=C(CNC(=O)CCN2CCCCCCC2)C=C(C(C)C)O1,0.011143809789791704
C1(C(=O)NC2=CC=C(C=C2Br)C)=C(C)N(N=N1)CC1=C(C)OC(C2=CC=CC(Cl)=C2)=N1,0.0047846365254372355
O=C(C1=CC=C(OCCCN2CCOCC2)C=C1)C1=CC=CC=C1,0.013072118582203984
C1(=CC2=CC(C)=CC=C2N=C1C)C(=O)N(C(CC)CO)CC1C=CC=CN=1,0.006315984297543764
C1(C(=O)NC2=CC=C(C=C2Br)C)=C(C)N(N=N1)CC1=C(C)OC(C2C=CC(=CC=2)Cl)=N1,0.004842478409409523
C1(NC(C)C2N(CC)N=CN=2)=NC(C)=NC2SC=CC1=2,0.005798875307664275
C1(C(=O)NC2=CC=C(C=C2Br)C)=C(C)N(N=N1)CC1=C(C)OC(C2=CC=CC=C2C)=N1,0.005729669868014753
OC(C(O)=O)=O.O=C(C1=CC=C(OCCCN2CCOCC2)C=C1)C1=CC=CC=C1,0.008590388530865311
C1(C(=O)NC2=CC=C(C=C2Br)C)=C(C)N(N=N1)CC1=C(C)OC(C2=CC=CC=C2OCC)=N1,0.005690696090459824
C1(C(=O)NC2=CC=C(C=C2Br)C)=C(C)N(N=N1)CC1=C(C)OC(C2=CC=CC=C2OC)=N1,0.00557007307652384
N1C(NCC2CCN(CC=C)C2)=NC=C(C)C=1N(C)C,0.006889900704845786
C1(CNCC2=CC=CC(OC)=C2OCC(C)=C)=CC2=CC=C(C=C2NC1=O)F,0.004375205910764635
OC(C(O)=O)=O.CN1CCN(CCCCOC2=C(CC=C)C=CC=C2)CC1,0.00856267949566245
C1(C(=O)NC2=CC=C(C=C2Br)C)=C(C)N(N=N1)CC1=C(C)OC(C2C=CC=CC=2)=N1,0.005448458506725729
C12(CCCN(C)C1=O)CCN(C(=O)C1=CC=CC(=C1)NC(COC)=O)C2,0.0072684521088376645
C1(C(=O)NC2=CC=C(C=C2F)F)=C(C)N(N=N1)CC1=C(C)OC(C2C=CC(=CC=2)Cl)=N1,0.0043519030907191334
C1(C(=O)N(C)CC2SN=NC=2C)=C(C)NC(C(C)=O)=C1C,0.009269258799031376
C1(C(=O)NC2=CC=C(C=C2F)F)=C(C)N(N=N1)CC1=C(C)OC(C2C=CC(=CC=2)OC(C)C)=N1,0.004980925121344626
C1(C(=O)NC2=CC=C(C=C2F)F)=C(C)N(N=N1)CC1=C(C)OC(C2=CC(Br)=CC=C2OC)=N1,0.005231794435530901
C1(N=C(C)C2C(=CC3=C(CCC3)C=2)N=1)N1CCN2C(CCC2)C1,0.011520883161574602
N1(CC[C@H]([C@H](O)C1)N1CCN(CC1)C)C1=NC=CN=C1OC,0.0028081648168154063
C1(C(=O)NC2=CC=C(C=C2F)F)=C(C)N(N=N1)CC1=C(C)OC(C2=CC=CC=C2C)=N1,0.004671836958732456
Cl.O=C(C1=CC=C(OCCCCN2CCCCC2)C=C1)C1=CC=CC=C1,0.014057136932387948
C(=O)(N(CC1=CC=CC=C1)CC1SC=CN=1)C1=CC=CN=C1OC,0.006562975235283375
C1(C(=O)NC2=CC=C(C=C2F)F)=C(C)N(N=N1)CC1=C(C)OC(C2=CC=CC=C2OCC)=N1,0.004917368688620627
CN1CCN(CCCCSC2=CC=C(Cl)C=C2)CC1,0.010692757414653897
C(=O)(C1=CC=CC(=C1)NC(=O)[C@H](COC)N)N(CC)C1C=CC=CC=1,0.007947499793954194
CN1CCN(CCCCSC2=CC=C(Cl)C=C2)CC1.OC(C(O)=O)=O,0.007159584201872349
C1(C(=O)NC2=CC=C(C=C2F)F)=C(C)N(N=N1)CC1=C(C)OC(C2=CC=CC=C2OC)=N1,0.004803414922207594
C1(C(=O)NC2=CC=C(C=C2F)F)=C(C)N(N=N1)CC1=C(C)OC(C2=CC=CC=C2)=N1,0.004371982766315341
C1(C2=CN=CC=N2)SC=C(CNC(C)CN2CCOCC2)N=1,0.006978731090202928
C1(C(=O)NC2C(C)=CC=C(F)C=2)=C(C)N(N=N1)CC1=C(C)OC(C2=CC=C(C=C2)OCC)=N1,0.004583493410609663
N1C(N)=C(C)C=NC=1N1CCN(CC1)CC1C2=CC=CC(C)=C2N(C)C=1,0.006043506972491741
C1(C(=O)NC2C(C)=CC=C(F)C=2)=C(C)N(N=N1)CC1=C(C)OC(C2=CC=CC(Cl)=C2)=N1,0.004015468806028366
N1(CC)C(=O)NN=C1C1CCN(CC1)CC1NC(NC=1C(OCC)=O)=O,0.0030544036999344826
C1(C(=O)NC2C(C)=CC=C(F)C=2)=C(C)N(N=N1)CC1=C(C)OC(C2=CC=C(C=C2)Cl)=N1,0.004031533934175968
C1(C#N)=C(CCSC)C=C(N=C1N)C1C=CC(=C(OC)C=1)OC,0.005143152282107622
ClC1=CC=C(SCCCCN2CCOCC2)C=C1,0.00972907361574471
C1(C(=O)NC2C(C)=CC=C(F)C=2)=C(C)N(N=N1)CC1=C(C)OC(C2=CC=C(C=C2)OC(C)C)=N1,0.004862612159922719
N1(C=CC=C1CN(CC=C)CC#CC1C=CC=CC=1)C1SC=CN=1,0.010630520386621356
ClC1=CC=C(SCCCCN2CCOCC2)C=C1.OC(C(O)=O)=O,0.006439291057176888
C1(C(=O)NC2C(C)=CC=C(F)C=2)=C(C)N(N=N1)CC1=C(C)OC(C2=CC(Br)=CC=C2OC)=N1,0.004999639792367816
C1(C(=O)NC2C(C)=CC=C(F)C=2)=C(C)N(N=N1)CC1=C(C)OC(C2=CC=CC=C2C)=N1,0.0046216756338253616
C(=O)(N1CCCN(C(COC)=O)CC1)C1C=CC=CC=1NC,0.007163560669869185
CN(CCSC1SC(NC(C)=O)=NN=1)C,0.006712279468774796
C1(C(=O)NC2C(C)=CC=C(F)C=2)=C(C)N(N=N1)CC1=C(C)OC(C2=CC=CC=C2OCC)=N1,0.004737805854529142
C1(C=COC=1C)C(=O)N(C)C(CC)C1=CC=C(C=C1)OC,0.013610576698556542
CN(CCSC1SC(NC(C)=O)=NN=1)C.Cl,0.007070403802208603
C1(C(=O)NC2C(C)=CC=C(F)C=2)=C(C)N(N=N1)CC1=C(C)OC(C2=CC=CC=C2OC)=N1,0.004625638783909381
C1(CN(CC(C)C)CC2=CC=C(C3CCCCO3)O2)C=NN(C)C=1,0.017723550228402017
C1(C(=O)NC2C(C)=CC=C(F)C=2)=C(C)N(N=N1)CC1=C(C)OC(C2=CC=C(C=C2OC)OC)=N1,0.004681338963564485
N1(CC2=CC=CC=C2)C(CC)CN(CCC1=O)C(=O)C1C=CC2=C(C=CN2)C=1,0.005600919155403972
COC1=CC=C(C(NC2=CC(C(N(C)C)=O)=CC=C2)=O)C=C1,0.007961896038614214
C1(=CC(=NN1)C)C1N(CCS(C)(=O)=O)C=NC=1C1C=CC=CC=1,0.003053634165553376
C1(C(=O)NC2C(C)=CC=C(F)C=2)=C(C)N(N=N1)CC1=C(C)OC(C2=CC=CC(OC)=C2OC)=N1,0.004852475982625037
N1(C=CN=C1C1C=CC=NC=1)C1C=C(C)C=CN=1,0.005532732559368014
C1(C(=O)NC2C(C)=CC=C(Cl)C=2)=C(C)N(N=N1)CC1=C(C)OC(C2=CC=CC(Cl)=C2)=N1,0.004345311899669468
C1(C(=O)NC2C(C)=CC=C(Cl)C=2)=C(C)N(N=N1)CC1=C(C)OC(C2=CC=C(C=C2)Cl)=N1,0.004399878869298846
C1(C=NN(CC2=CC=CC=C2)C=1)C(=O)NCC1=NN=C(C2C=CC=CC=2)O1,0.006545653729699552
C1(C(=O)NC2C(C)=CC=C(Cl)C=2)=C(C)N(N=N1)CC1=C(C)OC(C2=CC=CC=C2C)=N1,0.004567954258527606
C1(C(=O)NC2C(C)=CC=C(Cl)C=2)=C(C)N(N=N1)CC1=C(C)OC(C2=CC=CC=C2OCC)=N1,0.004687947814818472
C1(C(C)=NON=1)C(=O)NC(C1C=CN=CC=1)C1=CC=C(C=C1)C,0.008002352085895836
C1(C(=O)NC2C(C)=CC=C(Cl)C=2)=C(C)N(N=N1)CC1=C(C)OC(C2=CC=CC=C2OC)=N1,0.004563602129928767
N1OC(=CC=1CN(C)C(=O)C1=CC=C(C=C1)NC(C1CCC1)=O)C(C)C,0.0087559568695724
C1(C(=O)NC2C(C)=CC=C(Cl)C=2)=C(C)N(N=N1)CC1=C(C)OC(C2=CC=CC=C2)=N1,0.00428004669956863
C1(C(=O)NC2C(C)=CC=C(Cl)C=2)=C(C)N(N=N1)CC1=C(C)OC(C2=CC=C(C=C2OC)OC)=N1,0.004441412317100912
C1(=CC=NN1C1CCN(CC1)C(CO)=O)NS(CC1C=CC=CC=1)(=O)=O,0.0018263283651322126
C1(C(=O)NC2C(C)=CC=C(Cl)C=2)=C(C)N(N=N1)CC1=C(C)OC(C2=CC=CC(OC)=C2OC)=N1,0.0047270564129576085
N1(CC2=CC=CC=C2OC)[C@H]2CN(C[C@H]2OC1=O)C1=NC=NC2NC=NC1=2,0.00302163977175951
C1(C(=O)NC2=CC=CC=C2Cl)=C(C)N(N=N1)CC1=C(C)OC(C2=CC=CC(Cl)=C2)=N1,0.00441899987636134
C1(CNC2CC(C)(C)OC3=CC=C(OC)C=C23)=CN(N=C1C)CC=C,0.011809096578508616
N1(CC(=O)N2[C@H](CC=C)CC=C[C@H]2C)C(C)=C(C(C)=N1)C(C)=O,0.01742778280749917
C1(N(C2C=CC(=CC=2)Cl)N=C(C2CC2)N=1)C1=CC=C(NC1=O)C,0.004756238602567464
C1(C(=O)NC2=CC=CC=C2Cl)=C(C)N(N=N1)CC1=C(C)OC(C2C=CC(=CC=2)Cl)=N1,0.004471246595494449
C(=O)(NC1=CC=C(C=C1)C)CC(=O)NC(C)CCC1=CC=CO1,0.007977903680875897
N1(C=NN=C1)C1C=CC(=CN=1)C(=O)N1CCN(CC1)CC1C=CC=C(C)C=1,0.005894705629907548
OC(C(O)=O)=O.CCC(NCCCOC1=C(OC)C=C(C)C=C1)C,0.009848654177039862
C1(C(=O)NC2=CC=CC=C2Cl)=C(C)N(N=N1)CC1=C(C)OC(C2=CC(Br)=CC=C2OC)=N1,0.0050272251595743
N1(C[C@@H]2[C@@H](C[C@@H]([C@@H](O)C2)O)C1)C(=O)COC1C=CC=CC=1,0.004541014927140452
C1(C2C=CC=CC=2N(CC)C=1)C1=CC(C2=CNC(C)=N2)=C(C(N)=N1)C#N,0.0022657971800072118
C1(C(=O)NC2C(C)=CC=CC=2C)=C(C)N(N=N1)CC1=C(C)OC(C2=CC=CC(Cl)=C2)=N1,0.004728427226655185
C12=NC=NN1C(=CC(C(=O)N1CCOC(CC3=CC=C(C=C3)OC)C1)=N2)C(C)C,0.00801472133025527
C1(C2C=CC=CC=2N(C)N=1)C(=O)NN1C(C)=CC(=CC1=O)C,0.006877894001081586
C1(CN2CCN(CC2)C2C=CC=C(C)C=2C)=NN=CN1C1C=CC(=CC=1)OC,0.009378515370190143
CCCC1=C(C#N)C2N(C3=C(N=2)C=CC=C3)C(S)=C1,0.003430517895321827
C1(C(=O)NC2=C(C)C=CC=C2C)=C(C)N(N=N1)CC1=C(C)OC(C2=CC(Br)=CC=C2OC)=N1,0.0057853938080370424
C1(C2=CC=CC=C2)=C(C)C2=C(C(=CC(C)=C2)CNC(=O)C2=CC(=NO2)CC)N1,0.006526964763179421
C1(OC)=C(Cl)C=C(C=C1F)CN(C(CC)CO)CC1C=CC=CN=1,0.005101063498295843
C1(C=NN(CC)C=1C)C(=O)N1CCC2=C(C(=O)NC(N(C)C)=N2)CC1,0.004516583192162216
C12C=C(SC=1N(N=C2C(F)(F)F)C)C(=O)N(C)CCC(C)(C)O,0.0060922781936824325
C(=O)(N1CCCN(C)CC1)C1CCCN(C2CCN(CC2)CC2C=CC=NC=2)C1,0.013554794481024146
N1(CCC2(CCN(CC2)C)C1)C(=O)C(C)(C)NC1C=CC(=CC=1)OC,0.010724690789356828
C1(C(=O)NC2=C(C)C=CC=C2C)=C(C)N(N=N1)CC1=C(C)OC(C2=CC=CC=C2OCC)=N1,0.005663394182920456
C1(C=C(C2C=CC(=CC=2)C(O)=O)N=C(N)C=1C#N)C1=CC(O)=CC=C1OC,0.0018769159796647727
C1(C(=O)NC2C(C)=CC=CC=2C)=C(C)N(N=N1)CC1=C(C)OC(C2=CC=CC=C2OC)=N1,0.005514650791883469
C1(=CC(=C(CC)O1)CN(CC)CC)C(=O)N1CCC(CC1)(CO)O,0.005570289073511958
C1(C(=O)NC2C(C)=CC=CC=2C)=C(C)N(N=N1)CC1=C(C)OC(C2=CC=CC=C2)=N1,0.005443774175364524
N1(CC(C1)N1C=CC=N1)C(=O)C1OC(=CC=1C)COC1C=CC=CC=1,0.009259336488321423
C1(C(=O)NC2C(F)=CC=C(F)C=2)=C(C)N(N=N1)CC1=C(C)OC(C2=CC=C(C=C2)Cl)=N1,0.004338381509296596
N1(C=CC=N1)C1=CC=C(C=C1)CN1CC[C@H]([C@H](O)C1)C1=CC=CC(OC)=C1,0.003229959181044251
N1(C[C@@H](C[C@H]1C(OC)=O)O)CC1=CC(C)=C(C(C)=C1)OC(C)=O,0.003796975128352642
C1(C(C)N(C)C(=O)CCN2CCCCO2)=CC2C(=CC=CC=2)N1,0.0015461512783076614
C1(C(=O)NC2=CC=C(C(F)=C2)F)=C(C)N(N=N1)CC1=C(C)OC(C2C=CC(=CC=2)OCC)=N1,0.004766003927215934
C1(COC2C(=CC=CC=2)O1)C(=O)N1CCC(CC1)C1=CC(=NN1)CC(OC)=O,0.004783269157633186
C1(C(=O)NC2=CC=C(C(F)=C2)F)=C(C)N(N=N1)CC1=C(C)OC(C2=CC=CC(Cl)=C2)=N1,0.004158750141505152
C1(C(=O)NCCN1C(C)C)CC(=O)N(C)CC1(CCCC1)CO,0.006417092564515769
C1(C(=O)NC2=CC=C(C(F)=C2)F)=C(C)N(N=N1)CC1=C(C)OC(C2C=CC(=CC=2)Cl)=N1,0.004443193436600268
C1(C(C)=NNC=1C)C1=CC(C2C=CC3=C(C=CN3)C=2)=C(C(N)=N1)C#N,0.0028245765483006836
CC1=C(C#N)C2N(C3=C(N=2)C=CC=C3)C(NC2CCCCC2)=C1CCC#N,0.004997516718140105
S(C)(NCCNC[C@@]1(CCCN2CCCC[C@@]21[H])O)(=O)=O,0.004803202988114208
C1(C(=O)NC2=CC=C(C(F)=C2)F)=C(C)N(N=N1)CC1=C(C)OC(C2=CC(Br)=CC=C2OC)=N1,0.005238004378043115
N1(C[C@@H]([C@H]2N3CCC(CC3)[C@H]21)C1=CC=CC=C1)C(=O)C1C=CC2=C(C=1)N=NN2,0.004253572586458176
O=C(C1OC=CC=1)NC1=CC=C(C(NC2=CC=CC=C2)=O)C=C1,0.008702827687375247
C1(C(=O)NC2=CC=C(C(F)=C2)F)=C(C)N(N=N1)CC1=C(C)OC(C2=CC=CC=C2OC)=N1,0.004841119912452996
N12C=C(C)C=CC1=NC(C)=C2C(=O)NCC1=CC=C(C(OC)=C1)O,0.0029269132064655423
CC1=CC(NC(C2=CC=C(NC(C3OC=CC=3)=O)C=C2)=O)=C(C)C=C1,0.00901024197228253
C1(C2C=CC(=CC=2)CN(CC=C)CC2=CC=C(C=C2)F)=NNN=N1,0.002943458588561043
C1(C(=O)NC2=CC=C(C(F)=C2)F)=C(C)N(N=N1)CC1=C(C)OC(C2=CC=CC=C2)=N1,0.004475606151390821
C1(C(=O)NC2=CC=C(C(F)=C2)F)=C(C)N(N=N1)CC1=C(C)OC(C2=CC=C(C=C2OC)OC)=N1,0.005103636952117086
N1(C=CN=C1C)C1=CC=CC=C1CN1CC(CC1=O)C(O)=O,0.004590787529014051
C1(C(=O)NC2=CC=C(C(F)=C2)F)=C(C)N(N=N1)CC1=C(C)OC(C2=CC=CC(OC)=C2OC)=N1,0.005421852064318955
N1(C=CN=C1C)C1=CC=CC=C1CNC(C)CN1C=NC=N1,0.005246713978704065
C1(C(=O)NC2=CC=CC=C2CC)=C(C)N(N=N1)CC1=C(C)OC(C2C=CC(=CC=2)OCC)=N1,0.005386744742281735
C(=O)(N[C@H](CO)C1C=CC=CC=1)CC(=O)NC1C=C(C)C=C(C)C=1,0.004620165866799653
CCC1=CC=C(NC2N3C(=NC4=C3C=CC=C4)C(C#N)=C(C)C=2CC=C)C=C1,0.004910555330570787
C1(C(=O)NC2=CC=CC=C2CC)=C(C)N(N=N1)CC1=C(C)OC(C2=CC=CC(Cl)=C2)=N1,0.004471050656866283
C1(C(=O)NC2=CC=CC=C2CC)=C(C)N(N=N1)CC1=C(C)OC(C2C=CC(=CC=2)Cl)=N1,0.00453847631579265
C1([C@H](C)NC(C)=O)=NC(=NN1C1C=CC(=CC=1)F)CC(C)C,0.006058859382756054
C1(C(=O)NC2=CC=CC=C2CC)=C(C)N(N=N1)CC1=C(C)OC(C2=CC=CC=C2C)=N1,0.005589885171502829
N1OC(=CC=1C1C=CC=CN=1)CNCCC(=O)NC1SC=CN=1,0.0037175949080847205
C1(C(=O)NC2=CC=CC=C2CC)=C(C)N(N=N1)CC1=C(C)OC(C2=CC=CC=C2OCC)=N1,0.005432207672856748
N1=C(C2CCN(CC2)CC2=CC3=CC=CC=C3NC2=O)ON=C1C(C)C,0.005890968162566424
C1(C(=O)NC2=CC=CC=C2CC)=C(C)N(N=N1)CC1=C(C)OC(C2=CC=CC=C2OC)=N1,0.005279458814766258
N1(C[C@H](C[C@H]1C(=O)NC(C)C)N)C(=O)C1=CC(=C(C2=CC=CC=C2)S1)C,0.0070932824863120915
C1(C(=O)NC2=CC=CC=C2CC)=C(C)N(N=N1)CC1=C(C)OC(C2=CC=CC=C2)=N1,0.005223707831464708
C1(=C(C)C2C(=CC(=CC=2)C)O1)C(=O)N1CCCC(C1)C1NN=CC=1CC,0.006030147126875818
C1(C(=O)NC2=CC=CC=C2CC)=C(C)N(N=N1)CC1=C(C)OC(C2=CC=C(C=C2OC)OC)=N1,0.005179681093432009
O1C(=CC=C1C1C=NC2C(=CC=CC=2)C=1)C(NCC=C)=O,0.006207580212503672
C1(C(=O)NC2=CC=C(C=C2Cl)C)=C(C)N(N=N1)CC1=C(C)OC(C2C=CC(=CC=2)OCC)=N1,0.004672050743829459
C1(C(=O)NC2=CC=C(C=C2Cl)C)=C(C)N(N=N1)CC1=C(C)OC(C2=CC=CC(Cl)=C2)=N1,0.004500261018984019
C(=O)(C1=CC=C(N=C1)C1=CC=NC=C1)N1CCC(CC1)OC1C=CC=NC=1,0.00867881434969604
C1(C(=O)NC2=CC=C(C=C2Cl)C)=C(C)N(N=N1)CC1=C(C)OC(C2C=CC(=CC=2)Cl)=N1,0.004557158309035003
C1(CN2CCOC(C3C=CC(=CC=3)F)C2)N=C(NC=1Cl)CCCC,0.003992701845709235
C1(C(=O)NC2=CC=C(C=C2Cl)C)=C(C)N(N=N1)CC1=C(C)OC(C2=CC=CC=C2OC)=N1,0.004685634712222964
C1(N(CCNC2=NC(C)=CC(=O)N2)C=NC=1C1C=CC=CC=1)C1NC=CN=1,0.0027240633207838982
C1(C(=O)NC2=CC=C(C=C2Cl)C)=C(C)N(N=N1)CC1=C(C)OC(C2=CC=C(C=C2OC)OC)=N1,0.004674443474505097
C1(NC=NC=1C)C(=O)N1CCCC(C1)C1NN=CC=1C1C=CC(=CC=1)F,0.002658905094722286
C1(C(=O)NC2=CC=C(C=C2Cl)C)=C(C)N(N=N1)CC1=C(C)OC(C2=CC=CC(OC)=C2OC)=N1,0.00491199481766671
C12(CCN(CC1)C(=O)CN1CCCC1=O)C(=O)NC(CCC(C)C)=N2,0.006199717242270708
CC1=CC(Br)=C(OCCNCC2=CC=CC=C2)C(C)=C1,0.012799687450751662
N1(CCC2=C(C=NC(C)=C2C#N)C1)C(=O)C1CCN(CC1)C(C)C,0.007995789567939938
C1(C(=O)NC2=CC=CC=C2OCC)=C(C)N(N=N1)CC1=C(C)OC(C2C=CC(=CC=2)OCC)=N1,0.005381921771913767
C1(C(NCCC(C)C)=O)C=C(NN=1)COC1=CC=CC(OC)=C1,0.005912126274779439
C1(C(=O)NC2=CC=CC=C2OCC)=C(C)N(N=N1)CC1=C(C)OC(C2=CC=CC(Cl)=C2)=N1,0.004455456836149096
N1N(CCN2CCOC2=O)C=C(CC2C(C)(C)CCCC=2C)N=1,0.010555539885535837
C1(C(=O)NC2=CC=CC=C2OCC)=C(C)N(N=N1)CC1=C(C)OC(C2C=CC(=CC=2)Cl)=N1,0.0044969543698243795
C1(C(=O)NC2=CC=CC=C2OCC)=C(C)N(N=N1)CC1=C(C)OC(C2C=CC(=CC=2)OC(C)C)=N1,0.0055392113048583266
N1C(=CC=NC=1N1CCC(CC1)C(OC)=O)N(C)CC,0.007136781909503042
C1(C(=O)NC2=CC=CC=C2OCC)=C(C)N(N=N1)CC1=C(C)OC(C2=CC(Br)=CC=C2OC)=N1,0.00553171660285443
C1(C(=O)NC2=CC=CC=C2OCC)=C(C)N(N=N1)CC1=C(C)OC(C2=CC=CC=C2C)=N1,0.005334359570406377
C1(C(=O)NC2=CC=CC=C2OCC)=C(C)N(N=N1)CC1=C(C)OC(C2=CC=CC=C2OCC)=N1,0.005530727142468095
C1(C(=O)NC2=CC=CC=C2OCC)=C(C)N(N=N1)CC1=C(C)OC(C2=CC=CC=C2OC)=N1,0.005313174810726196
C1(C(=O)NC2=CC=CC=C2OCC)=C(C)N(N=N1)CC1=C(C)OC(C2=CC=CC=C2)=N1,0.005042210489045828
C1(C(=O)NC2=CC=CC=C2OCC)=C(C)N(N=N1)CC1=C(C)OC(C2=CC=C(C=C2OC)OC)=N1,0.005383663182146847
C1(C(=O)NC2=CC=CC=C2OCC)=C(C)N(N=N1)CC1=C(C)OC(C2=CC=CC(OC)=C2OC)=N1,0.005524472496472299
N1(CCN(CC1C(O)=O)C1N=CC=CN=1)C(=O)C1C=CC=C(C)C=1C,0.004477870499249548
C1(C(=O)NC2C(C)=CC(=CC=2C)C)=C(C)N(N=N1)CC1=C(C)OC(C2C=CC(=CC=2)Cl)=N1,0.004924645216669887
CCCCC1=CC=C(N2C3N4C(C(=C(C)C=3CC2)C#N)=NC2=C4C=CC=C2)C=C1,0.00792868307325989
C1(C(=O)NC2=C(C)C=C(C=C2C)C)=C(C)N(N=N1)CC1=C(C)OC(C2=CC(Br)=CC=C2OC)=N1,0.00588003215380013
C1(C(=O)NC2C(C)=CC(=CC=2C)C)=C(C)N(N=N1)CC1=C(C)OC(C2=CC=CC=C2C)=N1,0.0060118598397821185
N1N(C2C=CC(=CC=2)C2N=CC(=CN=2)C)C(=CC=1C(O)=O)C,0.006925792759284377
C1(C(=O)NC2=C(C)C=C(C=C2C)C)=C(C)N(N=N1)CC1=C(C)OC(C2=CC=CC=C2OCC)=N1,0.005874051433056593
C1(C(=O)NC2C(C)=CC(=CC=2C)C)=C(C)N(N=N1)CC1=C(C)OC(C2=CC=CC=C2OC)=N1,0.0057242918526753785
N1(C2=CC=CC=C2N=C1)C(=O)C1=CC=CC=C1NC(=O)CCN1C=NC=N1,0.0038612562930211425
C1(C(=O)NC2C(C)=CC(=CC=2C)C)=C(C)N(N=N1)CC1=C(C)OC(C2=CC=CC=C2)=N1,0.005624481593258679
CC1=C(C)C2=C(N=CN=C2SC2=NC(C)=CC(C)=N2)S1,0.011213385406881571
C1(C(=O)NC2=CC=C(C=C2OC)OC)=C(C)N(N=N1)CC1=C(C)OC(C2C=CC(=CC=2)OC(C)C)=N1,0.005386071722023189
N1(CCN(CC1)CC1C=CC=C(C)C=1)C(CCCC#C)=O,0.006242707348428666
C1(C(=O)NC2=CC=C(C=C2OC)OC)=C(C)N(N=N1)CC1=C(C)OC(C2=CC=CC=C2C)=N1,0.004977516655344516
C1(=O)N(CCOC)CCCC1(CNCC1=CC(C)=NC(C)=C1)O,0.00867504752241075
C1(C(=O)NC2=CC=C(C=C2OC)OC)=C(C)N(N=N1)CC1=C(C)OC(C2=CC=CC=C2)=N1,0.004754257993772626
C12=CC(C3C=CC=CC=3C)=CC(O)=C1OCCN(C(C)C(OC)=O)C2,0.005760835064575076
C1(C(=O)NC2=CC=C(C(OC)=C2)OC)=C(C)N(N=N1)CC1=C(C)OC(C2C=CC(=CC=2)OCC)=N1,0.005078312463592738
C1(CC2=CC=CC=C2)(CC(NCCCOC)=O)C2=CC=CC=C2N(C)C1=O,0.009689916437491775
C1(C(=O)NC2=CC=C(C(OC)=C2)OC)=C(C)N(N=N1)CC1=C(C)OC(C2=CC=CC(Cl)=C2)=N1,0.0042487837607041
C(=O)(N(CCCCO)CC)C1C=CC=C(C=1)OCC(C)=C,0.005598649778403342
N1SC(=C(C)N=1)CNC(=O)C1=CC=CC(C2=CC=CC(F)=C2)=C1,0.005149076972156763
C1(C(=O)NC2=CC=C(C(OC)=C2)OC)=C(C)N(N=N1)CC1=C(C)OC(C2C=CC(=CC=2)Cl)=N1,0.004288265132345259
N1(CC)C(=O)NN=C1C1CCN(CC1)C(=O)C1C=CC(=CC=1)N1C=CC=N1,0.0031918546301312745
C1(C(=O)NC2=CC=C(C(OC)=C2)OC)=C(C)N(N=N1)CC1=C(C)OC(C2=CC=CC=C2OC)=N1,0.0052655048202723265
C1(C(=O)NC2=CC=C(C(OC)=C2)OC)=C(C)N(N=N1)CC1=C(C)OC(C2=CC=CC=C2)=N1,0.0047924758517183365
C1(=NC=CC=C1CNC([C@H](C)NC)=O)OC1C=CC(=CC=1F)F,0.004830541624687612
C1(C(=O)NC2C(OC)=CC=C(OC)C=2)=C(C)N(N=N1)CC1=C(C)OC(C2=CC=C(C=C2)OCC)=N1,0.005189190665259957
C1(=CC=C(C(OC)=C1F)F)C(=O)N(C)CC1=CC=C(N=C1)Cl,0.007791776559315622
C1(C(=O)NC2C(OC)=CC=C(OC)C=2)=C(C)N(N=N1)CC1=C(C)OC(C2=CC=CC(Cl)=C2)=N1,0.004267031303606927
N1(C[C@@H]([C@H]2N3CCC(CC3)[C@H]21)C1C=CC=CC=1)C(=O)CN1C(=O)CNC1=O,0.001995824242476374
C1(C(=O)NC2C(OC)=CC=C(OC)C=2)=C(C)N(N=N1)CC1=C(C)OC(C2=CC=C(C=C2)Cl)=N1,0.004301846807356924
C(=O)(CC(=O)NC1C=CC(=CC=1OC)OC)N1CCN(CC1)CCO,0.002948330622166395
C1(C(=O)NC2C(OC)=CC=C(OC)C=2)=C(C)N(N=N1)CC1=C(C)OC(C2=CC=C(C=C2)OC(C)C)=N1,0.0053799344226717945
C1(C(=O)NC2C(OC)=CC=C(OC)C=2)=C(C)N(N=N1)CC1=C(C)OC(C2=CC=CC=C2C)=N1,0.0050422488595359026
C12CCN(CC=1N=C(C1C=CN=CC=1)NC2=O)C(=O)C1C=CC(=CC=1)CCC,0.004967164108529687
C1(C(=O)NC2C(OC)=CC=C(OC)C=2)=C(C)N(N=N1)CC1=C(C)OC(C2=CC=CC=C2OCC)=N1,0.005387665517628193
N1(CCCC2(CCN(CC3=C(C)C=CC4C=CC=CC3=4)C2)C1)C(C)=O,0.012978640338405966
C1(C(=O)NC2C(OC)=CC=C(OC)C=2)=C(C)N(N=N1)CC1=C(C)OC(C2=CC=CC=C2OC)=N1,0.0053020187886431815
C1(C=C(C)C=CC=1F)NC(CCC(=O)N[C@H]1COCC1)=O,0.00519165073055774
C1(C(=O)NC2C(OC)=CC=C(OC)C=2)=C(C)N(N=N1)CC1=C(C)OC(C2=CC=CC=C2)=N1,0.004819120664615184
C1(=C(C)N=C(C(C)C)S1)C(=O)N1CCC2C(=C(C(NC)=O)NN=2)C1,0.00449665985070169
C1(C(=O)NC2=CC=CC(=C2)C(F)(F)F)=C(C)N(N=N1)CC1=C(C)OC(C2=CC=C(C=C2)OCC)=N1,0.0035129861440509557
C1(C(=O)NC2=CC=CC(=C2)C(F)(F)F)=C(C)N(N=N1)CC1=C(C)OC(C2=CC=CC=C2OC)=N1,0.003582122304942459
C1(C(=O)NC2=CC=CC(=C2)C(F)(F)F)=C(C)N(N=N1)CC1=C(C)OC(C2=CC=C(C=C2OC)OC)=N1,0.0037461871979758143
C1(C(=O)NC2=CC=CC(=C2)C(F)(F)F)=C(C)N(N=N1)CC1=C(C)OC(C2=CC=CC(OC)=C2OC)=N1,0.003981669235508889
CC1=CC(Cl)=C(OCCNC(C)(C)C)C=C1.OC(C(O)=O)=O,0.006848580064252019
C1(C(=O)NCC2C=CC(=CC=2OC)OC)=C(C)N(N=N1)CC1=C(C)OC(C2=CC=C(C=C2)C)=N1,0.005271169706247747
N1(C=CN=C1)CC(C(C)C)NC(CC1C=CC(=CC=1)NC(CCC)=O)=O,0.005777561594732106
C1(=C(C)N(N=N1)C1=CC=C(C=C1)F)C1=NN=C(SCC(=O)NC2C=CC(=CC=2)Cl)O1,0.004843507113400846
C1(=C(C)N(N=N1)C1=CC=C(C=C1)F)C1=NN=C(SCC(=O)NC2C=CC(=CC=2)Br)O1,0.005590505688451231
C(=O)(C(N(C)C)C1C=CC(=CC=1)C)N1CCNC(=O)C1,0.00735245542600751
C12C=CC(=CC1=NOC=2C1=CC=CC=C1)C(=O)N1CCN(CC1)C(=O)C1=CC=CO1,0.008341833064332605
CCC1N(C(C2=CC=C(NC(C3OC=CC=3)=O)C=C2)=O)CCCC1,0.008803247660398483
C12C=CC(=CC1=NOC=2C1C=CC=CC=1)C(=O)NC1C=CC=C(C(C)=O)C=1,0.009579991130158306
C12C=CC(=CC1=NOC=2C1=CC=CC=C1)C(=O)NC1C=CC=C(F)C=1,0.005538015183992684
S(=O)(=O)(C1C=CC=CC=1C)N1CCN2C(=CC(=N2)C(=O)NC2CC2)C1,0.00590399643406272
Cl.Cl.COCCNCCOC1=C(Br)C=C(C)C=C1,0.012403898453339935
C12C=CC(=CC1=NOC=2C1C=CC=CC=1)C(=O)NC1=CC(OC)=C(C(OC)=C1)OC,0.007133071287535131
C12C=CC(=CC1=NOC=2C1C=CC=CC=1)C(=O)NC1=CC=C(C=C1)C(C)=O,0.009637694992125034
C1(C2=CC=C(C(C)=C2)OC)=NC=CN1CC1CCNC1,0.007362964469939471
C1(CN(C)CC2=NC=CC=C2C(O)=O)C2CCCCC=2ON=1,0.007489739591255784
C12C=CC(=CC1=NOC=2C1C=CC=CC=1)C(=O)NC1C=CC(=CC=1)Br,0.007974911178462208
COCCNCCOC1=C(C2=CC=CC=C2)C=CC=C1,0.009779692301526666
OC(C(O)=O)=O.COCCNCCOC1=C(C2=CC=CC=C2)C=CC=C1,0.00647698319517076
N1(CCCC1C1C=CC=CN=1)CC1C(C)=CC(=C(CO)C=1C)C,0.0080223242752254
S(=O)(=O)(NC1C=CC(=CC=1)C)C1=NNC(C(OCC)=O)=C1,0.0027899861801415683
S(=O)(=O)(NC1=CC=CC(C)=C1)C1=NNC(C(OCC)=O)=C1,0.00270731586497277
S(=O)(=O)(NC1=CC=CC=C1C)C1=NNC(C(OCC)=O)=C1,0.0031286985438782723
S(=O)(=O)(NC1=CC=CC(C)=C1C)C1=NNC(C(OCC)=O)=C1,0.003073128266260028
C1(C#N)C(N)=NC(=CC=1C1=CC=C(C(O)=C1)OC)C(C)(C)C,0.0035079824272543194
N1(CCC[C@H]1C(=O)NC1C=CC(=C(Cl)C=1)NC(CC)=O)C(C)=O,0.005957702826708555
C1(C(O)=O)=CN(CC(O)CC2=CC=CC=C2)C=C(OC2=CC=CC=C2)C1=O,0.003195407649036497
S(=O)(=O)(NC1=CC(C)=CC=C1C)C1=NNC(C(OCC)=O)=C1,0.003065702016465366
S(=O)(=O)(NC1C(C)=CC=CC=1C)C1=NNC(C(OCC)=O)=C1,0.0033289020066149533
C(=O)(C1C(=CC=CC=1O)O)N1CCCC(C(=O)C2=CC=CC=N2)C1,0.007056763581931591
S(=O)(=O)(NC1=CC=C(C(C)=C1)C)C1=NNC(C(OCC)=O)=C1,0.0030477030319161712
C1(=CN=C(CN2CCCC2)S1)C(=O)N1C[C@@H]2[C@@H](CC=CC2)C1,0.012880478100851179
S(=O)(=O)(NC1C(C)=CC(=CC=1C)C)C1=NNC(C(OCC)=O)=C1,0.0035749331116676332
N1=C(CNC(=O)C2=CC=C(O2)C#CC(C)(C)O)NC2C=CC(C)=C(C)C1=2,0.0050913840183056894
N1C(C(C)C)=NOC=1C1CCCN1C(=O)C1=CC(OC)=NC(OC)=N1,0.009265775652602315
C1(=C(C)C=NN1C(C)C1CC1)NC(=O)C1=CC=CC(=C1)N1C=NN=C1,0.006215519737452269
S(=O)(=O)(NC1=CC=CC=C1CC)C1=NNC(C(OCC)=O)=C1,0.0031608011573553084
S(NC)(=O)(=O)C1C=CC(=CC=1)CCC1NN=C(CC2=CC=CC=C2)N=1,0.0035202161991037427
C12ON=C(C)C=1C(=C1CCCC1=N2)C(=O)N1CCC2(CCCN(C)C2=O)C1,0.00990123776718974
N1C(C2=CC=CN=C2)=NC2=C(CCN(C(=O)C3C=CN=C(N)C=3)C2)C=1N(C)C,0.005168953165411949
C12NC(=O)CC(C=1C=NN2C1CCCCC1)C1=COC2=C(C=CC=C2)C1=O,0.00905918013304472
S(=O)(=O)(NC1C=CC(=CC=1)OC)C1=NNC(C(OCC)=O)=C1,0.002985821571201086
C1(=CC(C)=C(N(C)C1=O)C)C(=O)N1CCCC(C1)CCC1C=CC(=CC=1F)F,0.007520721759647131
N1(CC2=C(C=NC(C(C)(C)C)=N2)C1)C(=O)COC1=CC=CC=C1OC,0.011471157660707831
N1([C@H]2CC[C@@H]1CC(NC2)=O)C(=O)C1C=CC2=C(SC=N2)C=1,0.004980701766908169
S(=O)(=O)(NC1=CC=CC=C1OC)C1=NNC(C(OCC)=O)=C1,0.0031533591449260713
CC1=NC(N2CCN(C(C3=CC=CC=C3)C3=CC=CC=C3)CC2)=C(C#N)C(C)=C1,0.007872911635786295
N1(C[C@@H]([C@@H](N2CCN(CC2)C2=CC=CC=N2)C1)O)C(=O)C1(CCC1)N,0.00281331684673205
C(=O)(C1C=CC=C(C=1)NC(CC)=O)NC(C)CC(O)=O,0.006093424302525819
N1C(NCCN2CCCC(CO)C2)=CC(=NC=1C1=CC=CC=C1)C,0.003468356130179018
C1(=NC=NC2NC=CC1=2)N1CCN(CC1)CC1C(Cl)=CC=C(OC)C=1F,0.003641742002218962
C1(SC(=NC=1C)C)C(=O)N(CCC)CC=C,0.011181911174207925
N1=CN(C(C2=CN=CN=C2)=C1C1C=CC=CC=1)CCNC1=CC=CC=C1,0.006466664769686758
S(=O)(=O)(NC1C(OC)=CC=C(OC)C=1)C1=NNC(C(OCC)=O)=C1,0.003183096938300878
C1(=O)N(CCCC1(CNCC1=CC(=NO1)C)O)CCC1C=CC=CC=1,0.008456791238859295
S(=O)(=O)(NC1=CC=C(C(OC)=C1)OC)C1=NNC(C(OCC)=O)=C1,0.0032789338263683023
N1(CC(NCCN2C(C)=C(C(C)=N2)Cl)=O)N=NN=C1N,0.0030843504588119685
C1(N=CN=C(N2CCOCC2)C=1)N1CCN(CC1)C1C=CC=CC=1C,0.009358258778229355
S(=O)(=O)(NC1C=C(OC)C(=C(OC)C=1)OC)C1=NNC(C(OCC)=O)=C1,0.0035423901746980844
C(=O)(C1=CC=C(N=C1)NC1(CC)CC1)N1CCC(CC1)OC1C=CC=NC=1,0.006978071993216872
C(=O)(N1CCCC1)C1CCCN(C2CCN(CC2)C2=CC=C(N=N2)C)C1,0.011778179556131363
S(=O)(=O)(NC1=CC=CC=C1OCC)C1=NNC(C(OCC)=O)=C1,0.003368803730700165
N1(CC2=CC=CC=C2)C(CC)CN(CCC1=O)CC1=NC=CN1C,0.007462946674786508
C1(NN=CC=1C1C=CC(=CC=1)C)C1CCCN(C(=O)CN2C=CN=C2CC)C1,0.0034854145254939795
S(=O)(=O)(NC1C=CC(=CC=1)OC1C=CC=CC=1)C1=NNC(C(OCC)=O)=C1,0.0028766616480425
C1(=CC(C)=CC=C1C)NC(=O)CCN1CCC(CC1)OC1C=CC=NC=1,0.006965336692519486
N1=C(C2(CCCC2)N)ON=C1C1(CCOC1)C1C=CC(=CC=1)F,0.011466179694980382
S(=O)(=O)(NC1=CC=C2C(OCO2)=C1)C1=NNC(C(OCC)=O)=C1,0.0025820821523666383
O=N(C1=C(OCCCOC2=C3C(C=CC=N3)=CC=C2)C=CC=C1)=O,0.005540466052480042
S(=O)(=O)(NC1=CC=C2C(OCCO2)=C1)C1=NNC(C(OCC)=O)=C1,0.0028544321656227114
S(=O)(=O)(NC1C=CC(=CC=1)C(OCC)=O)C1=NNC(C(OCC)=O)=C1,0.003665804024785757
S(=O)(=O)(NC1C=CC(=CC=1)N(C)C)C1=NNC(C(OCC)=O)=C1,0.0027707629778888077
C1(N2CCOCC2)N=C(CC)C=C(OC(CCC=C)CN2CCOCC2)N=1,0.011334744002670049
S(=O)(=O)(NC1C=CC(=CC=1)C(OC)=O)C1=NNC(C(OCC)=O)=C1,0.003388791892211884
C1(SN=CN=1)NC(=O)C1=CC=CC(=C1)CN(C)C(C)C1=CC=CO1,0.006163781345821917
C1(C=C(NN=1)COC1C=CC=CC=1OC)C(=O)N1CC(C1)O,0.002156057092361152
S(=O)(=O)(NC1=CC=CC(=C1)C(OCC)=O)C1=NNC(C(OCC)=O)=C1,0.0036339429090730844
[C@@]12(CNC[C@H]1CNC2)C(=O)N(C)CC1C=CC(=CC=1)N1C=CC=N1,0.005387140228413046
S(=O)(=O)(NC1C=CC(=CC=1)NC(C)=O)C1=NNC(C(OCC)=O)=C1,0.0026282460137736054
N1(CC2NN=CN=2)C=NC(C2=CC=CC=C2)=C1C1C=CC(=C(COCC)C=1)OC,0.004940409155096859
N1=C(C)SC(CNC(=O)CC(=O)NC2=CC=C(C=C2)C)=C1CC,0.006108372658491135
C1(NN=C2CCC(C)CC=12)C(=O)N1CCC2=C(N=C(NC2=O)N(C)C)C1,0.005513348546810448
N1(CCOC(C1)C1=CC=C(C(Cl)=C1)Cl)C(=O)CN1CCOCC1,0.01000830139964819
C1(CN(CC(C)C)CC2C=COC=2)C=NN(CC)C=1,0.016494800709187983
C1(C(=O)N2CCC3(CC2)NCCNC3=O)=C(C)NC(C(OCC)=O)=C1C,0.003928361367434264
OC(CCN1CCNCC1)=O,0.008017524355091154
C1(CNC(=O)C(C)(C2=CC=CC=C2)NC2=CC=C(C=C2)C)C(C)=NNC=1C,0.006123960390686989
OC(CCN1CCNCC1)=O.Cl.Cl,0.006886303145438433
S1(=O)(=O)C[C@H]([C@@H](C1)N1C=CN=C1C1=NC=CN1C1C=CC(=CC=1)OC)O,0.0023930787167046217
N1(CCC2=C(N=CN2)C1C1C=NC(=NC=1)NCCC)CC1=NC=CN1C,0.00504262640606612
C12N=CN=C(NCC3C=CC4=C(CC(O4)C)C=3)C=1C1=C(CNCC1)S2,0.00754811386577785
C1(CN2CCN(CC2)C2=NC=C(C=N2)Cl)=C(F)C=C(C=C1F)OC,0.005734359845519066
S(=O)(=O)(N1CCCCCC1)C1=CC(=CC(C(O)=O)=C1)C1C=C(OC)C=C(OC)C=1,0.0054164684377610685
C1(C2=CC=CC=C2NN=1)C(=O)N1CC[C@H]([C@H](O)C1)C1=CC=C2C(OCO2)=C1,0.001733824488474056
S(=O)(=O)(NC1=CC=C(C(Cl)=C1)F)C1=NNC(C(OCC)=O)=C1,0.002280771982623264
N12C=C(C=CC1=NN=N2)C(=O)N1CCCC(CCC2C=CC(=CC=2)F)C1,0.005276811076328158
C(=O)(C1=CC=NC(Cl)=C1)N(C)CC1C=C(NN=1)CCC,0.004457667481619865
N1(CC2C=CC=CC=2)C(=O)NN=C1C1CCN(CC1)C1=NC=CC=C1C(N)=O,0.003029385826084763
CN(C(C1=CC(NC(C2=CC(C)=CC=C2)=O)=CC=C1)=O)C,0.008232956542633474
C1(C(CO)=CN=C(C)C=1O)CN(CC1C=NN(C)C=1)C1CC1,0.005235236440785229
[C@]12(CC[C@](OC1=O)(C)C2(C)C)C(NCCCC1OC2=C(C=CC=C2)N=1)=O,0.00704135384876281
C1(NC(=O)CN2CCCC2C2NC3C(=CC=C(C)C=3)N=2)C(C)=NN(CC)C=1C,0.004131196497473866
N1(C[C@H](C[C@H]1C(=O)N(CC)CC)N)C(=O)CN1C=CC=NC1=O,0.006114959414117038
S(=O)(=O)(NC1=CC=CC(Cl)=C1C)C1=NNC(C(OCC)=O)=C1,0.002669773530215025
C1(C2=CC=CC=C2OCC=C)=C(C2=CC=CC=C2)N=CN1C1CCN(CC1)C,0.009738962491974234
C1(C(OC)=O)C=C2N(CCN(C(=O)CCN3C4=CC=CC=C4N=N3)C2)N=1,0.007626028382219374
C1(=CNN=C1C1=CC=CC=C1)C(=O)NCC1SC=C(CC)N=1,0.0036313274409621953
C1(=C(C)C=C(C=C1N1C=CC=N1)C)CN(C)C(C)C(=O)N(C)C,0.009683874668553472
S(=O)(=O)(NC1=CC=C(C=C1Cl)C)C1=NNC(C(OCC)=O)=C1,0.002668775850906968
C(=O)(C(C)(O)C1C=CC=CC=1)N1CCC(CC1)N1CCC(CC1)C(=O)NC1CC1,0.010809378884732723
C1(C(=O)NCC2C=NNC=2C2=CC=CS2)=C(C)NC(C(C)=O)=C1C,0.006817858922295273
S(=O)(=O)(NC1=CC(C)=C(C=C1OC)Cl)C1=NNC(C(OCC)=O)=C1,0.0029446428059600295
C1(C2=CC=CN=C2)N=C(C)C=C(NCC2CC(=NO2)CC)N=1,0.006420331378467381
C1(=CC=C(NC1=O)C)C(=O)N(CCCC)CC=CC1C=CC=CC=1,0.006513402215205133
N1=C(CC(C)C)ON=C1CN(CC)C(=O)C1C=CC(=CC=1)NC(C)=O,0.008134360541589558
C(NC1CCCC1)(C1=CC=CC(C)=C1)C(OC)=O,0.010949128773063421
C1(CN2CC[C@H]([C@H](O)C2)C2=CC=C3C(C=CC=C3)=C2)=NC=CN1CC,0.002309553045779467
N1(CC(C)NCCC2=CNC3C(=CC=CC=32)C)C(C)=CC(C)=N1,0.008818110846914352
N1(CCCCC1C1=CC=C(C=C1)F)C(=O)C1=NC=CC(N)=C1,0.00416805335553363
COCCCNCCSC1=CC=C(Cl)C=C1.Cl,0.008570598298683762
N1(C=CN=C1C(C)C)C1=CC=CC=C1OC1C=CC=NC=1,0.00802887009922415
S1C(N)=NN=C1SCC(=O)N(CCC)CC1CCCO1,0.0063202377874404195
C12CN(CCCN3C=NN=N3)CCC=1NN=C2C1C=CC(=CC=1)C1C=CC=CC=1,0.005550215672701597
C1(=CNN=C1C(O)=O)CN1CCCC(C1)C1NN=CC=1CC1C=CC=CC=1,0.004216243524570018
N1(CC[C@H]([C@H](O)C1)C1SC=CC=1C)C(=O)C1=CC=C(C=C1)CN1C=NN=N1,0.001955685607390478
C12C(=O)NCC(C3C=CC=CC=3OC)CC=1NC(CC(=O)NC1=CC=C(C=C1)C)=N2,0.0034593194955959915
C1(C=NNC=1C1=CC=C(C=C1)F)CN(C)C(=O)CC1=C(C)SC(C)=N1,0.004261550307273865
N#CC1=C(OCCCOC2=C(C#N)C=CC=C2)C=CC=C1,0.010229957359842955
N1(CC2=CC=C(C=C2)F)C(C(C)C)CN(CCC1=O)CC1=CC=CC(OC)=C1,0.009769897582009435
S(=O)(=O)(N1CCC(CC1)C(OCC)=O)C1=NNC(C(OCC)=O)=C1,0.0043111196835525336
C1(=CC=CN=C1N1CCOCC1)C(=O)N1CCC2(CCN(CC2)C)C1,0.008598087751306594
C1(=CC=NN1C1CCN(CC1)C(=O)CCN)NC(=O)NC1C=CC=CC=1OC,0.00426938075106591
C(=O)(N1CCC(CC1)(CCOC1=CC=CC=C1)CO)C1C=C(C)C=C(C)C=1,0.006343300524167717
S(=O)(=O)(N1CCN(CC1)C)C1=NNC(C(OCC)=O)=C1,0.002784535672981292
C1(C=CN(C(C)(C)C)C=1)C(=O)N1CCCC(CCC2=CC=C(C=C2)F)C1,0.010131616983562708
C12C(=O)NCCCC=1NC(C1CCCN(CC3C=CC=CC=3)C1)=N2,0.003684271511156112
S(=O)(=O)(N1CCN(CC1)CC1C=CC=CC=1)C1=NNC(C(OCC)=O)=C1,0.003155705251265317
N1(CC[C@H]([C@H](O)C1)C1=CC=C2C(OCO2)=C1)C(=O)C1C=CC2=C(C=CN2)C=1,0.0018018814502283932
N1(C(=O)C=CC(=O)N1)CC(=O)N1CCN(C(=O)C1)CC1C=CC(=CC=1)C,0.003627391287591308
C1(C(C)N(C)CC2=CC(Cl)=CC=C2O)=C(C)SC(C)=N1,0.005780454841442406
C1(=CSC(C)=N1)C(=O)N(CC1=CN=CS1)C1CC1,0.00906609846279025
N1(CCCC2(CCNC2)C1)C(=O)CN(C)CC1C=CC(=CC=1)C,0.010677555995061993
N1(C[C@@H]2C[C@@H]1CC2)C(CCC(=O)NC1CCCCCCC1)=O,0.013057083636522294
C1(C(=CC=CC=1F)OC)C(=O)NCC(C)(C)COC,0.008681276254355908
N1=NC(=CN1[C@H](CO)CC(C)C)C1=CC=C(C(OC)=C1)OC,0.0056287860730662945
CC(C(O)=O)CN1CCOCC1,0.010909023415297269
C1(=NC=CC=C1C(OCC)=O)N1CCN(CC1)CC1=CNC(C)=N1,0.0026179999171290548
N1(CCC2(CCCNC2)C1)CC1C=CC(=C(OC)C=1)OCC,0.014681425644084811
S(=O)(=O)(N1CCN(CC1)C1C=CC(=CC=1)F)C1=NNC(C(OCC)=O)=C1,0.0025941080413758753
C12CCN(CC=1N=CNC2=O)C(=O)C1(CCCC1)C1C=CC=CC=1,0.0066243397071957585
C1(SC(=NC=1C)C)C(=O)N1C[C@@H]2[C@H](C1)N(C(=O)O2)CC1=CC=CC=N1,0.0059251194819808
N12C(C=CC=C1C(=O)N[C@@H]1CC[C@H](CC1)N1C=NN=C1)=NN=N2,0.006143306288868189
C1(C(=O)NCC2=CC=CN=C2OCC)=CN(N=N1)CC1CCCNC1,0.005380397813860327
N1(C(CC(C)C)C2=CC=CN=C2)C=NC(C2C=CC=CC=2)=C1C1=CC(=NN1)C,0.007519497792236507
C12N=CC(=CN1N=CC=2C(=O)NCC1C=CSC=1)CN(CC)CC,0.007478285534307361
S(C)(=O)(=O)C1C=CC(=CC=1)C1C=C(OC(C)C)N=C(N)N=1,0.0041784003027714785
N1(CCC(CC1)C(O)C1=CC=CN=C1)C(=O)COC1C=CC(=CC=1)C(CC)=O,0.006343239522539079
C(=O)(CCN1CCCCC1)N(CCC)CC1=CC=CC=C1OC,0.01216085609048605
C12CN(CCC=1N=C(N)S2)C(=O)C1C=NC(=NC=1)NC1=CC=CC=C1,0.00403631180524826
C1C[N+]2(CCN(C3=NC=CC=N3)CC2)CC1,0.0023754799622111022
N1=C(C=CN=C1NCCC1CCOC1)C1CCCC1,0.011257159058004618
[Br-].C1C[N+]2(CCN(C3=NC=CC=N3)CC2)CC1,0.00300111336982809
N1(C2=CC=CC=C2)C(=O)NN=C1CC1CCN(CC1)C(=O)CC1=CC=CN=C1,0.0034140597796067595
C1(=CN=C2CCCCN12)NC(=O)C(C)C1C=CC=CC=1,0.005376703513320535
C1(=C(C)N=C2C=CC=CN12)CC(=O)N1CCN2C(=CC(=N2)C(=O)NC2CC2)C1,0.006230478850193321
C1(=NNC(C(OCC)=O)=C1)S(=O)(=O)NCC1=CC=C(C=C1)Cl,0.0028387576574459674
N1=C(C2C=CC3C(=CC=CC=3)C=2)OC(C)=C1CN1CCC2(CC1)CNC(=O)C2,0.006618905626237392
C1(NC2CCN(CC2)C(OCC)=O)C=C(CCN)N=C(C)N=1,0.005026903410907835
C12C(=O)NCC(C3=CC=C(C=C3)Cl)CC=1NC(C1NC=CN=1)=N2,0.0027606331859715283
N1=C(CNC(CSCC2C=CC=CC=2Cl)=O)ON=C1C1=CC=CN=C1,0.00450852467911318
C12N=CC(=CN1N=CC=2C(=O)NCC(C)C1C=CC=CC=1)CN(CC)CC,0.008532688440755009
C1(=NNC(C(OCC)=O)=C1)S(=O)(=O)NCC1=CC=CC=N1,0.0028836978250183164
C1(=C(CCC)C=NC(C)=N1)N1CC[C@H]([C@H](O)C1)N1CCN(CC1)C,0.0031049842247739433
S(=O)(=O)(NCC1C=CC=CC=1)NCC1=NN=C(C2C=CC=CC=2)O1,0.005612142675090581
C1(=NNC(C(OCC)=O)=C1)S(=O)(=O)NCC1=CC=CO1,0.003064471378456801
C(=O)(N(C)C(C)CC1C=CC=CN=1)C1C=CC=NC=1SC,0.008087255945429205
S(C)(=O)(=O)CC(=O)N(C)C(C)C1C=CC=NC=1,0.005931260390207171
C1(=CC(C)=CC(C)=C1N1C=CC=N1)C1=NC=CN1CC1COCCO1,0.007472083088941872
N1=C(C)C(=CN1CCN1CCC(CC1)C#N)CNCC1=CC=CC=C1,0.006598136099637486
C1(=NC=CN1CCC1=CSC(C2=CN=CC=N2)=N1)C1C=C(C)C(=C(C)C=1)O,0.004256857326254249
C(=O)(N(CC)CCN1CCOCC1)C(N)=O,0.007732204953208565
C1(CN(C(C)C)CC(=O)NC2C=CC(=C(C)C=2)Cl)OC(=NN=1)CC,0.0063539930852130055
C1(C=NNC=1C1CCN(CC1)C(CO)=O)C1C=CC=C(OC)C=1,0.002025280852103606
N1C=C(C)N=CC=1CNC(CSCC1C=CC=CC=1Cl)=O,0.005361567647196352
C1(CN2CCCC2C2=CC=C(C(NC)=O)S2)=CC2=CC(OC)=CC=C2NC1=O,0.004205932747572661
C1(N=C(NC=1Cl)CCCC)C1NC2=C(C=C(C=C2)N2C=NN=N2)N=1,0.002875147038139403
N(C(C)C(C)C)(CC1=CC=CO1)CC1=CNC=N1,0.006175627605989576
CC1=CC(N2CCOCC2)=CC(CN2C(=O)C3=C(C=CC=C3)C2=O)=C1,0.004623977257870138
C12CN(CCCOC)CCC=1NN=C2C(C1=CC=CC=C1)C1C=CC=CC=1,0.009542417712509632
N1(C(C)=CC(C)=N1)C(C)C(=O)N1CCN(C2(CCN(CC2)C)C1)C,0.01057624868117273
C1(=C(C)C=NN1CC1C=CC=CC=1Cl)NC(=O)C1=CSN=N1,0.004423906246665865
C1(C2CCN(CC2)CC2=CC3OCCCOC=3C=C2OC)NN=CC=1CC,0.00798633771482855
N1(CC[C@H]([C@H](O)C1)N(C)CCC1C=CC=CN=1)C1=CN=C2C(C=CC=C2)=N1,0.0029428586538415404
C12CCN(CC=1N=C(C)NC2=O)C(=O)C(O)C1C=CC(=CC=1)C(F)(F)F,0.0020158926898147913
C1(CNC(=O)CN2CCCCCC2)(CN2C=CN=C2)CC1,0.008392955013550817
C1(C=NN2C=CN(C)C=12)C(=O)NC(C)C1CCCCC=1,0.008290665294043719
C1(C2=CC=CO2)ON=C(CNC2=NC=CC(CCC(F)(F)F)=N2)C=1,0.004327602026751265
N1C(C2=CC=CC=N2)=NOC=1C1CCCN1C(=O)C1C=CC(=CN=1)Cl,0.006041378970257938
N1=C(CNC(=O)C2=CC(=CC=C2Cl)NC(C)=O)C2=CC=CC=C2C(=O)N1,0.0031991271418519316
C1(N(C)C)=NC2CN(CCC=2C(=O)N1)C(=O)C1=CC=C(O1)C#CC(C)(C)O,0.006178245227783918
C1(CCN(CC1)C1C(C)=NC=CN=1)(CC1=CC=CC=C1Cl)C(O)=O,0.005899785086512566
N1C(=O)C=C(N=C1N)CC(=O)NCC1C=CC2=C(C=1)C1CCCCCCC=1N2,0.0050586214754730465
N1SC(=C(C)N=1)CNCC1(CCCN(CCOC)C1=O)O,0.007570284837856889
C1(=NC=NC(C(C)C)=C1)N1CCOC(C1)C(F)(F)F,0.00398791943807737
N1(C2=CC=CC=C2OC)C=C(C=N1)C1C=CN=C(NC2CCNCC2)N=1,0.005618418985977769
C1(C(N)=O)=CC2=CC=CC=C2OC1=NNC(=O)C1C=CC=CC=1OC,0.005676202336326241
C1(CC2=CC=CC=C2)(CC(=O)N(CCC)CCO)C2=CC=CC=C2N(C)C1=O,0.009637321718037129
C12=CC(C3=CC=C(C=N3)Cl)=CC(O)=C1OCCN(C(=O)CNC(C)=O)C2,0.003689879842568189
N1(C[C@@H]([C@@H](N2CCOCC2)C1)O)C(CCC1=CC=CN=C1)=O,0.002489986806176603
N1(CC[C@H]([C@@H](OC)C1)N)C(=O)C1=CC=CC(C2C=CC=CC=2C)=C1,0.00869229631498456
OC(C(O)=O)=O.CCN(CCOC1=C(C)C=CC=C1C)CC,0.013079221174120904
C1(SC=C2OCCOC=12)C(=O)N1CCC(CC1)(O)C1=CC=C(C=N1)C,0.007765949773602188
CC1=C(NC(CCl)=O)C(C)=CC(C(C)(C)C)=C1,0.008351220097392798
N1C(C2C=CC=CC=2)=NOC=1N1CCOC2=C(C=C(C3C=CC=CC=3C)C=C2C1)O,0.005058919638395309
S(C)(=O)(=O)NCC(=O)NCC1=CC=CN=C1N1CCCC(O)C1,0.0010942355176666752
C1(C(OC)=O)C=C2N(CCCN(C2)C(=O)C2=CC(C)=NC3=CC=C(C)C=C23)N=1,0.009655272075906395
S(N)(=O)(=O)C1=CC=C(C(=C1)C(=O)N(CC)CCN1CCCCCC1)C,0.009086556173861027
C1(N)(CCN(CC2=CC=C(C(CC=C)=C2)OC)C1)C(O)=O,0.008015885786153375
C1(C2=CC=CC=C2C)OC2=C(C=CC(=C2)N2C=NN=C2)N=1,0.005902612442150712
N1(C=CN=C1C1CC1)CC1=CC=CC=C1C(F)(F)F,0.0034802311158273367
CCN(CCOC1=C(C)C=C(C)C=C1)CC.OC(C(O)=O)=O,0.012477853149175645
N1(C2=C(C)C=CC(F)=C2)C(=O)NN=C1CC1C(C)=NNC=1C,0.002793752122670412
S(C)(=O)(=O)CC(=O)N(C(C)C)CC1C=CC=C(C)C=1,0.00824450496584177
O=N(C1=C(OCCCNCC2=CC=CC=C2)C=CC=C1)=O.OC(C(O)=O)=O,0.005512044252827764
N1C(C)=NC(=CC=1NCCC1=CNC=N1)CCN,0.0037439257139340043
S(=O)(=O)(NCC1=CC=CC=C1)NC(C1C=CN=CC=1)C1C=CC=CC=1C,0.007988201221451163
N1C(N)=C(C)C=NC=1N1CCN(CC1)CCCC=CCC,0.0054620083188638095
S(=O)(=O)(NC(C)C)C1=CC(C2C=CC=C(CO)C=2)=CC(C(O)=O)=C1,0.0018062591465422884
N(C(C)C)(CC1C=CC(=C2C=CC=CC=12)OC)C(=O)CCN1CCN(CC1)C,0.01111528230831027
CC(OC1=C(OCCOC2=C(OC(C)C)C=CC=C2)C=CC=C1)C,0.01792630087584257
C1(=O)N=C(C)C=C(C)N1CCC(=O)N[C@@H]1CN2[C@H](CN(CC2)C)C1,0.005837342375889421
C1(=NC=CN1CC(C)O)C1=CC(Cl)=C(C(F)=C1)OC,0.00290555878309533
C(F)(F)(F)C1OCCN(CC2OC=C(C(=O)C=2)OC)C1,0.005269041030260269
C1(C2=CC=CS2)=NC2(N=C1SCC1C=CC=CC=1)CCCCC2,0.014648489933460952
C1(N2CCOCC2)N=C(C=C(N)N=1)C1C=C(OC)C=CC=1OC,0.00439502268563956
C1(C2=CC=CS2)=NC2(N=C1SCC1C=CC=CC=1)CCCCCC2,0.015540006011724472
N(CC1=CCCN(CCCOC2C=CC=CC=2)C1)(C(C)=O)C1CC1,0.01448776237666607
C1(C2=CC=CS2)=NC2(N=C1SCC1=CC=CC=C1C)CCCCC2,0.015214263275265694
N1(C2C=CN=C(C)C=2)N=C(N=C1CCCNC(C)=O)CCC1=CC=CC=C1,0.006636702339164913
C1(C2=CC=CS2)=NC2(N=C1SCC1=CC=CC=C1Cl)CCCCC2,0.012479575350880623
C1(C(=O)NC2CCCC2)=CN(N=N1)C1CCN(CC1)C1=CC=C(N=N1)C,0.0077655782457441095
C1(C2=CC=CS2)=NC2(N=C1SCC1C=CC(=CC=1)Cl)CCCCC2,0.0126670079305768
N1(CC(CC)N2CCN(CC2)C)C=NC(C2=CC=CC=C2)=C1CCCC,0.013236300041899084
C1(C2=CC=C(C=C2)OC)ON=C(CNC(=O)CCN2CCCCO2)C=1,0.0019744858320336787
C1(C2=CC=CS2)=NC2(N=C1SCC1=CC=C(C=C1C)C)CCCCC2,0.015901320427656174
N1(CC2CC2)C(C(C)C)CN(CCC1=O)CC1OC=C(C(=O)C=1)OC,0.01480013132095337
C1(C2=CC=CS2)=NC2(N=C1SCC1=CC=CC=C1F)CCCCC2,0.01067360220476985
OC(C(O)=O)=O.CCOC1=CC=C(OCCCCN(C)C)C=C1,0.009350975602865219
C1(C2=CC=CS2)=NC2(N=C1SCC1C(=CC=CC=1Cl)F)CCCCC2,0.009476780705153943
CN(CCOCCOC1=C2C(C=CC=C2)=C(Cl)C=C1)C,0.010562696494162083
C12CN(CCC=1NN=C2C1=CC=CC(F)=C1)C1=CC=C(N=N1)C,0.004065171454567462
CN(CCOCCOC1=C2C(C=CC=C2)=C(Cl)C=C1)C.OC(C(O)=O)=O,0.006706776982173324
C1(C2=CC=CS2)=NC2(N=C1SCC1=CC=C(C=C1)C)CCCCC2,0.01532837189733982
C12N=C(OC=1N=C(C)N=C2N(CCCCO)CC1=CC=CC=C1)C,0.003237991186324507
C1(C2=CC=CS2)=NC2(N=C1SCC1C=CC(=CC=1)F)CCCCC2,0.011049079755321146
C1(N)(CC1)C(=O)N(CC=C)CC1=CC=C(C=C1)SC,0.013797739567235113
C1(C2=CC=CS2)=NC2(N=C1SCC1=CC=C(C=C1Cl)F)CCCCC2,0.00981867634691298
N12CCCC[C@]1([H])[C@@](CCC2)(CNCC1C=NC(=CN=1)C)O,0.010144068580120801
C1(C2=CC=CS2)=NC2(N=C1SCC1=CC(C)=CC=C1C)CCCCC2,0.015853834804147482
N1(C=CN=C1C1=CC=CO1)C(C)C1C=NN(C2C=CC=CC=2)C=1,0.009989499021321535
C(=O)(NC1CCCCC1)C(=O)N1CCC2(CC1)NCCNC2=O,0.006893984391354024
C1(C2=CC=CS2)=NC2(N=C1SCC1C=CC=C(C)C=1)CCCCC2,0.01505955308675766
Cl.O=CC1=CC=C(OCCCCN2CCOCC2)C=C1,0.009189345774939284
C1(OC(=C(CN2CCC(COC)C2)N=1)C)C1=CC(OC)=CC=C1F,0.006878449814394116
N1NC=CC=1C1C=CC2=C(C=CC(C)=N2)C=1,0.0059348113602027295
C1(C2=CC=CS2)=NC2(N=C1SCC1C=CC=C(OC)C=1)CCCCC2,0.013643559860065579
C12N=CC=CN1N=CC=2C1C=CC(=CC=1)C(C)N1CCCC1,0.012890134053304792
N1(CC2=CC=CC=C2C(F)(F)F)CC(CC1=O)C(O)=O,0.005164963391143829
C12N=CN=C(NCC3=CSC(N)=N3)C=1C(=C(C)S2)C,0.004104405338875949
CN1C2=C(C=CC=C2)C(=NNC(CC2=C(C3=CC=CC=C3)N=C(N)S2)=O)C1=O,0.00402651607291773
C1(NC2=C(C=CC(=C2)C(O)=O)N=1)C1=CC=CC(F)=C1O,0.0014610644371714442
C1(C2=CC=CS2)=NC2(N=C1SCC(=O)NCC1C=CC=CC=1)CCCCCC2,0.009243525797501206
N1C2C=CC(=CC=2C2CCCCC=21)CNC(=O)C1CCC(N(CCC)C1)=O,0.006625218689441681
C1(C2=CC=CS2)=NC2(N=C1SCC(=O)NCC1C=CC(=CC=1)F)CCCCC2,0.007457694597542286
C1(C2=CC=CS2)=NC2(N=C1SCC(=O)NCC1C=CC(=CC=1)F)CCCCCC2,0.007840893184766173
C1(C(=O)N2CCOCC2)=C(C)NC(NC1C1C=CC=CC=1OCC(O)=O)=O,0.004808365623466671
COCCNCCOC1=CC=C(Cl)C=C1,0.00968168310355395
C1(C2=CC=CS2)=NC2(N=C1SCC(=O)NCC1C=CC=CC=1Cl)CCCCC2,0.007641725544817746
Cl.COCCNCCOC1=CC=C(Cl)C=C1,0.008941116952337324
C1(C2=CC=CS2)=NC2(N=C1SCC(=O)NCC1=CC=C3C(OCO3)=C1)CCCCC2,0.007434035791084171
C1(C(=O)N2CCN(C(=O)C2)C)C=C2N(CCCN(C(C)C)C2)N=1,0.009641006961464882
C1(C2=CC=CS2)=NC2(N=C1SCC(=O)NCC1C=CC=CC=1OC)CCCCC2,0.008258073264732957
N1(C2C=CC=CC=2)CCC2N=C(NCCCC3=NN=C(N)S3)N=CC1=2,0.004451782559044659
COC1=C(Br)C=C(CC(OCC(C2=CC=C(Cl)C=C2)=O)=O)C=C1,0.01712921345606446
C1(CC(=O)NCC2=CC=CN=C2N(C)C2CCCCC2)=CN=C(NC1=O)C,0.0046555162640288476
CC(C(C1=CC=C(C)C=C1)=O)OC(C1=NC=C(Br)C=C1)=O,0.014378433860838414
C1(C2=CC=CS2)=NC2(N=C1SCC(=O)NCC1C=CC(=CC=1)Cl)CCCCC2,0.007693273783661425
N1(CCC2(CCC1=O)CCCO2)CC1C=CC=CC=1F,0.008665092382580042
C1(C2=CC=CS2)=NC2(N=C1SCC(=O)NCC1C=CC(=CC=1)Cl)CCCCCC2,0.008079216699115932
C1(N2CCC(CC2)C(=O)N2[C@H](C)CC[C@@H]2C)=C2CCCC2=NC(C2=CC=CC=C2)=N1,0.010220922715961932
C1(C2=CC=CS2)=NC2(N=C1SCC(=O)NCC1=CC=C(C=C1)OC)CCCCC2,0.008327812794595957
N1(CC2=CC=CC=C2)C(=O)NN=C1C1CCN(CC1)CC1N(CC)N=CN=1,0.004438056808430702
C1(C2=CC=CS2)=NC2(N=C1SCC(=O)NCC1=CC=C(C=C1)OC)CCCCCC2,0.008667487557977438
C1(C2=CC=CS2)=NC2(N=C1SCC(=O)NCC1=CC=C(C=C1)C)CCCCC2,0.009407517127692699
S1C(C)=NN=C1SCCC(=O)N(CC)CCOC1=CC=CC=C1F,0.008486122218891978
C1(C2=CC=CS2)=NC2(N=C1SCC(=O)NCC1=CC=CC(OC)=C1)CCCCC2,0.008221485698595644
CC1=CC=C(C(COC(C2=NC=C(Br)C=C2)=O)=O)C=C1,0.014456883212551475
N1=C(CCC)SC=C1CNC1CCN(CC1)C(C1=CC=CC=C1)=O,0.006892307731322944
C1(C2=CC=CS2)=NC2(N=C1SCC(=O)NC1C=CC=C(C=1)C(F)(F)F)CCCC2,0.005251160683110356
C1(NC2CCNCC2)C2CCNCC=2N=C(C2=CC=NC=C2)N=1,0.0060001310193911195
C1(C2=CC=CS2)=NC2(N=C1SCC(=O)NC1C=CC=C(C=1)C(F)(F)F)CCCCC2,0.0051823469111695886
C1(C2=CC=CS2)=NC2(N=C1SCC(=O)NC1C=CC=C(C=1)C(F)(F)F)CCCCCC2,0.005437786923721433
N1C(SCC(=O)NCC2=CSC(C)=N2)=NC2=C(C=CC=C2)C=1O,0.006065735570155084
C1(C2=CC=CS2)=NC2(N=C1SCC(=O)NC1=CC=C(C=C1)OCC)CCCC2,0.007454760419204831
C1(C2=CC=CC=N2)NC(=NC=1C1=CC=CC(F)=C1)CNC(=O)C1COCCO1,0.002910671249264851
C1(C2=CC=CS2)=NC2(N=C1SCC(=O)NC1=CC=C(C=C1)OCC)CCCCC2,0.0077792825410142544
C1(C(=O)NCC2(CN3C=CC=N3)CC2)=C(C)NC(NC1C1=CC=CS1)=O,0.0049255432328209284
C1(C2=CC=CS2)=NC2(N=C1SCC(=O)NC1=CC=C(C=C1)OCC)CCCCCC2,0.008146049221977592
COC1=C(C)C(C)=C(S(N2C3=C(C=CC=C3)N=C2)(=O)=O)C=C1,0.00647332223597914
N1(CC2=NN=C3CCCN23)C=NC(C2C=CC=CC=2)=C1C(C)CCC,0.010989388823509217
C1(C2=CC=CS2)=NC2(N=C1SCC(=O)NC1C=CC=C(OC)C=1)CCCC2,0.007209207280538976
C12CN(CCOC)CCC=1ON=C2C(C1=CC=CC=C1)C1C=CC=CC=1,0.016459124721586706
C1(C2=CC=CS2)=NC2(N=C1SCC(=O)NC1C=CC=C(OC)C=1)CCCCC2,0.007559669786132872
C1(C(C)N2CCCC2)=NNC(=O)N1C1C=CC(=CC=1)C,0.004770955757703632
C1(C2=CC=CS2)=NC2(N=C1SCC(=O)NC1C=CC=C(OC)C=1)CCCCCC2,0.007911051716655492
FC1=CC=C(C2N=C(CCC(N3CCCC3)=O)ON=2)C=C1,0.005552559858188033
C1(C2=CC=CS2)=NC2(N=C1SCC(=O)NC1=CC=C(C=C1)CC)CCCC2,0.008402661886066198
CC1CCN(C(CCC2ON=C(C3=CC=C(F)C=C3)N=2)=O)CC1,0.006135920318774879
C(=O)(/C=C(/C)\C)N(CC1C=CN=CC=1)CC1=CC=NC=C1,0.010090103186666966
COC1=C(NC(CCC2ON=C(C3=CC=C(F)C=C3)N=2)=O)C=CC=C1,0.005193347227759659
C1(C2=CC=CS2)=NC2(N=C1SCC(=O)NC1=CC=C(C=C1)CC)CCCCC2,0.008845911314710974
N1=C(C2=CC(OC)=C3C(OCO3)=C2)OC(C)=C1CN1C(C)=CC(C)=N1,0.008982491726055742
C1(C2=CC=CS2)=NC2(N=C1SCC(=O)NC1=CC=C(C=C1)CC)CCCCCC2,0.00932706710882485
C12C=C(C#N)C(=NC=1C=CN(CC1CCN(C1)C1C=NN(C(=O)C=1)C)C2=O)OC,0.0056015901151113216
C1(C2=CC=CS2)=NC2(N=C1SCC(=O)NC1C=CC=CC=1Cl)CCCC2,0.0066725439857691525
C1(C2=CC=CS2)=NC2(N=C1SCC(=O)NC1C=CC=CC=1Cl)CCCCC2,0.007085852161981166
C1(C2CC2)=NC=CN1CCCCN1CCCCCC1,0.013633138313889504
C1(C2=CC=CS2)=NC2(N=C1SCC(=O)NC1C=CC=CC=1Cl)CCCCCC2,0.007492812792770564
C(=O)(N(CC#CC1C=CC=CC=1)C1CCCC1)C1C=CC=NC=1C,0.013073678500950337
C1(C2=CC=CS2)=NC2(N=C1SCC(=O)NC1=CC=C(C=C1)C)CCCC2,0.007959807198494673
C1(C2=CC=CS2)=NC2(N=C1SCC(=O)NC1=CC=C(C=C1)C)CCCCC2,0.008417902141809463
C(=O)(C1=CN=C(N=C1)NC1=CC=CC=C1)N1CCC2(CC1)CCCO2,0.006245378474704921
C1(C2=CC=CS2)=NC2(N=C1SCC(=O)NC1=CC=C(C=C1)C)CCCCCC2,0.008932404918596148
C12CCNCC=1N=CN=C2NCC1=CC=CC=C1OCC1C=CC=CC=1,0.007700383453629911
C12N=CC=CN1N=CC=2CN1CCN(CC1)C1C=C(C)N=C(CCC)N=1,0.009297237824648618
C1(C2=CC=CS2)=NC2(N=C1SCC(=O)NC1C=C(OC)C=C(OC)C=1)CCCCC2,0.007059463835321367
N1=NC(=CN1[C@@H]1CN[C@H](C(NC)=O)C1)CN(C)C(=O)C1SC=CC=1C,0.0051923216553404926
C1(C2=CC=CS2)=NC2(N=C1SCC(=O)NC1C=C(OC)C=C(OC)C=1)CCCCCC2,0.007323894929140806
C1(=CSC(CCC)=N1)C(=O)N(C)CC1ON=C(C2=CC=CC(C)=C2)N=1,0.007123057497665286
COC1=C(S(N(C2CCCCC2)C)(=O)=O)C=C(F)C=C1,0.009194530779495835
C(=O)(N1CCCC1)C1CCCN(CC2=CC=CC=C2CN2C=CC=N2)C1,0.011024352815002202
C1(C2=CC=CS2)=NC(N=C1SCC(=O)NC1C=CC=CC=1C(F)(F)F)(C)C,0.004311744391452521
C1(CN2CCC(CC2)C2(C)NC(NC2=O)=O)=NC2C(=CC=CC=2)N1C(C)C,0.001819045055890456
C1(C2=CC=CS2)=NC2(N=C1SCC(=O)NC1C=CC=CC=1C(F)(F)F)CCCC2,0.005438570980913937
C12CN(CCOC1=C(C=C(C=2)C1=CC=C(C)S1)O)CCNC(C)=O,0.004347927821800113
COC1=C(C)C(C)=C(S(N(C2CCCCC2)C)(=O)=O)C=C1,0.010394583083689212
N1(C[C@H]2[C@H](C[C@@H]([C@@H](O)C2)O)C1)C(=O)C1C=CC2C(=NC=CC=2)C=1O,0.0020607958650316503
C1(C2=CC=CS2)=NC2(N=C1SCC(=O)NC1C=CC=CC=1C(F)(F)F)CCCCC2,0.005357799190096557
C12C(=O)NCC(C)(C)CC=1NC(C1CCN(CC1)CC1C=CC=CC=1)=N2,0.004599644849076867
C1(C2=CC=CS2)=NC2(N=C1SCC(=O)NC1C=CC=CC=1C(F)(F)F)CCCCCC2,0.005615690420381725
C1(C2=CC=CS2)=NC2(N=C1SCC(=O)NC1C=CC(=C(Cl)C=1)C)CCCC2,0.0066841300809755925
C(=O)(C1CCC(NC1)=O)NC1=CC=CC=C1SCC1C=CC=CC=1F,0.0045507486560381945
C1(C2=CC=CS2)=NC2(N=C1SCC(=O)NC1C=CC(=C(Cl)C=1)C)CCCCC2,0.007089598756283522
C1(NN=C(CCC2C=CC=CC=2)N=1)C(OC)(C1C=CC=CC=1)C(F)(F)F,0.0037741476291557772
N1(CCC2=CC=CC(Cl)=C2)[C@H]2CN(C[C@H]2OC1=O)C(C1CCOCC1)=O,0.0067690694471821185
[C@H]1(C[C@H]2C[C@@H]1C=C2)C(NCCN1CCCC2=CC=CC=C12)=O,0.011068867752328515
C1(C2=CC=CS2)=NC2(N=C1SCC(=O)NC1C=CC(=C(Cl)C=1)C)CCCCCC2,0.0074185936246067286
C1(C2=CC=CS2)=NC2(N=C1SCC(=O)NC1C=CC=CC=1OC)CCCC2,0.007229734188877046
N1(C[C@@H](C[C@H]1C(=O)NC(C)C)N)C(=O)C1=CC=CN=C1OC,0.006627535121515394
C1(C2=CC=CS2)=NC2(N=C1SCC(=O)NC1C=CC=CC=1OC)CCCCC2,0.007594158709980548
N1C(COC2C=CC(=CC1=2)CC(=O)N(CCC)CC=CC1=CC=CC=C1)=O,0.008365482254885138
C1(C2=CC=CS2)=NC2(N=C1SCC(=O)NC1C=CC=CC=1OC)CCCCCC2,0.007933314004912973
C1(C2NN=CN=2)=NC(=NN1C1C=CN=CC=1C)C1CC1,0.0046529365819878874
C1(C2=CC=CS2)=NC2(N=C1SCC(=O)NC1C=CC(=C(C)C=1)C)CCCC2,0.00844688732177019
O=C(NC1=CC=CC=C1)CCC1OC(C2=CC=CC=C2)=NN=1,0.00569564662873745
C1(C2=CC=CS2)=NC2(N=C1SCC(=O)NC1C=CC(=C(C)C=1)C)CCCCC2,0.00890645938925445
COC1=CC(NC(CCC2OC(C3=CC=CC=C3)=NN=2)=O)=CC=C1,0.005348797608166933
C12C=C(C#N)C(=NC=1C=CN(CC1NN=C(C(C)(C)C)C=1)C2=O)OC,0.003955411748029292
C1(C2=CC=CS2)=NC2(N=C1SCC(=O)NC1C=CC(=C(C)C=1)C)CCCCCC2,0.009390244353562593
COC1=CC=C(NC(CCC2OC(C3=CC=CC=C3)=NN=2)=O)C=C1,0.005729532311670482
C1(CN2CCN(CC2)CC2C=CC=C(F)C=2)=NC=CN1CCOC,0.00563529806677252
C1(C2=CC=CS2)=NC2(N=C1SCC(=O)NC1=C(OC)C=CC(OC)=C1)CCCCC2,0.0071667096810415385
N1(C2C=CC=CC=2N=C1)C1=NC=CC=C1CNC(=O)C1(C)CC(=NO1)C,0.0039482236723415555
C1(C2=CC=CS2)=NC2(N=C1SCC(=O)NC1C=CC=CC=1CC)CCCC2,0.00837592938914895
ClCC1OC(C2=C(Cl)C=CC=C2)=NN=1,0.006081273476593196
N1=C(C2=CC=CC(=C2)C(F)(F)F)OC(C)=C1CN1CCC(CC1)CN,0.004261458688415587
C1(C2=CC=CS2)=NC2(N=C1SCC(=O)NC1C=CC=CC=1CC)CCCCC2,0.00879821707494557
C1(C(N)=O)(CC1)C(=O)N(C(CC)CC)CCC1C=CC=CC=1,0.013915122859179974
N1=C(NCCC(OCC)=O)C2CCN(CC=2N=C1C1=CC=CN=C1)C(C)=O,0.005677498644217849
C1(C2=CC=CS2)=NC2(N=C1SCC(=O)NC1C=CC=CC=1CC)CCCCCC2,0.009237779537215829
C1(CC(N(CC(C)C)C1)=O)C(=O)N1CCC(CC1)(O)C1C=CC=CC=1,0.011842070426791907
C1(C2=CC=CS2)=NC2(N=C1SCC(=O)NC1C=CC(=CC=1)C(C)C)CCCC2,0.008758394327014685
N1=CN(C(C2=CC=NC=C2)=C1C1C=CC=CC=1)CCCC1=CC=CN=C1,0.010207365499809384
C1(C2=CC=CS2)=NC2(N=C1SCC(=O)NC1C=CC(=CC=1)C(C)C)CCCCC2,0.009120268747210503
C1(=CC=NN1CC1=CC=CS1)NC(=O)CN1C=C(C=N1)C1=CC=C(N=N1)C,0.0050240668002516035
C1(C2=CC=CS2)=NC2(N=C1SCC(=O)NC1C=CC(=CC=1)C(C)C)CCCCCC2,0.009550295257940888
CCOC1=C(Cl)C=C(S(N2CCOCC2)(=O)=O)C(Cl)=C1,0.005876910267397761
C1(C2=CC=CS2)=NC2(N=C1SCC(=O)NC1=CC=C(C=C1)OC)CCCC2,0.007399551523849368
ClC1=CC=C(C=NC2SC3=C(CCCC3)N=2)C=C1,0.01150065150577575
C1(C2=CC=CS2)=NC2(N=C1SCC(=O)NC1=CC=C(C=C1)OC)CCCCC2,0.007768387463875115
C1(C2=CC=CS2)=NC2(N=C1SCC(=O)NC1=CC=C(C=C1)OC)CCCCCC2,0.008147470280528068
C1(=CC2=C(C=CC=C2)S1)C(=O)N1CCCCC1C1=CCCN(C)C1,0.010658764326944948
C1(C2=CC=CS2)=NC2(N=C1SCC(=O)NC1C=CC(=CC=1)F)CCCC2,0.0066333606373518705
C(=O)(N(C)CC1NC=C(C)N=1)C(C)(C)NC(=O)C1=CC=CS1,0.002796900150133297
C1(C2=CC=CS2)=NC2(N=C1SCC(=O)NC1C=CC(=CC=1)F)CCCCC2,0.007092210045084357
C1(C2=CC=CS2)=NC2(N=C1SCC(=O)NC1C=CC(=CC=1)F)CCCCCC2,0.007553702243603766
C1(C2=CC=CS2)=NC2(N=C1SCC(=O)NC1C=CC(=C(Cl)C=1)OC)CCCC2,0.006271656858734787
CCOC1=C(C)C(C)=C(S(N2CCCCC2)(=O)=O)C=C1C,0.00786565791349858
C1(C(=O)NCC2=CC=CN=C2)C=C(NN=1)CN1C2C=CC=CC=2N=C1,0.0030347531661391257
CCCOC1=C2C(C=CC=C2)=C(S(N2CCCCC2)(=O)=O)C=C1,0.00625420690048486
N1(C2=CC=C(N=C2)NC(=O)C2CC2)C=C(C=N1)CCO,0.002576497884001583
C1(C2=CC=CS2)=NC2(N=C1SCC(=O)NC1C=CC(=C(Cl)C=1)OC)CCCCC2,0.006533461040817201
N1([C@H]2CC[C@@H]1CC(NC2)=O)C(=O)C1CCN(CC1)C(=O)CC1C=CC=CC=1,0.00820642481558025
C1(C2=CC=CS2)=NC2(N=C1SCC(=O)NC1C=CC(=C(Cl)C=1)OC)CCCCCC2,0.006865665432997048
N1C(N)=NC(=CC=1N(C)CC1(CCOCC1)CO)NC1CC1,0.00312688845442608
C1(C2=CC=CS2)=NC2(N=C1SCC(=O)NC1C=CC=CC=1C)CCCC2,0.007983914646320044
C12CN(CCC=1NN=C2C(C1C=CC=CC=1)C1=CC=CC=C1)C(CCCCCN)=O,0.008012862643226981
C1(C2=CC=CS2)=NC2(N=C1SCC(=O)NC1C=CC=CC=1C)CCCCC2,0.008431365410797299
C1(C#N)C(N)=NC(=CC=1C1=CC=C(C=C1Cl)O)C1=CC=C(C(OC)=C1)O,0.002661846473347396
C1(C2=CC=CS2)=NC2(N=C1SCC(=O)NC1C=CC=CC=1C)CCCCCC2,0.008931301161646843
C1(=CN=C2CCCCN12)NC(=O)C1=CC=C(C(OC)=C1F)F,0.005662722303532064
C1(C2=CC=CS2)=NC2(N=C1SCC(=O)NC1C=CC=C(C)C=1)CCCC2,0.007810645760037005
C1(C2=CC=CS2)=NC2(N=C1SCC(=O)NC1C=CC=C(C)C=1)CCCCC2,0.00825238071847707
C1(OC)=NC(C)=CC(C)=C1CNCC1=CNN=C1C1=CC=C(C=C1)F,0.003743286547251046
C1(C2=CC=CS2)=NC2(N=C1SCC(=O)NC1C=CC=C(C)C=1)CCCCCC2,0.008741676434874534
C1(SCC(=O)N(CCO)CC=CC2=CC=CC=C2)SC=C(C)N=1,0.003965831664390862
C1(=NNC(=O)N1CC)C1=CC=NN1CC,0.0035427038674242795
CCCOC1=C(S(N2CCOCC2)(=O)=O)C=C(Cl)C(C)=C1,0.005674738739617169
C1(C2=CC=CS2)=NC2(N=C1SCC(=O)NC1C=CC=CC=1F)CCCC2,0.006777598988264799
C1(C2=CC=CS2)=NC2(N=C1SCC(=O)NC1C=CC=CC=1F)CCCCC2,0.007157060783356428
C(F)(F)(F)C1=CC=NC(=C1)N1CCC(CC1)(O)C(O)=O,0.003540933993645012
C(=O)(C1C=CC=CC=1C(N)=O)N1CCOC(C2=CC=C(C=C2)Cl)C1,0.007382210087962448
C1(C2=CC=CS2)=NC2(N=C1SCC(=O)NC1C=CC=CC=1F)CCCCCC2,0.0076465321239084
C(=O)(C1CCNC1)N(CCCC)CC1=CC=CO1,0.0114261738024652
C1(C2=CC=CS2)=NC2(N=C1SCC(=O)NC1C=CC(=CC=1F)Br)CCCCC2,0.00809342646971345
N1(CCNC2CC(C)(C)NC(C)(C)C2)C(C)=C(C(C)=N1)Cl,0.013031285721808672
C1(C2=CC=CS2)=NC2(N=C1SCC(=O)NC1C=CC=C(Cl)C=1)CCCC2,0.006305627897381783
C1(C2=CC=CS2)=NC2(N=C1SCC(=O)NC1C=CC=C(Cl)C=1)CCCCC2,0.006719873636029661
C1(N)(CCN(CC2=CC=CC=C2O)C1)C(O)=O,0.0050128745846450325
C1(C(C)=NN(C)C=1Cl)C1N(CCSC2NN=CN=2)C=NC=1C1C=CC=CC=1,0.0045283565297722815
C1(C2=CC=CS2)=NC2(N=C1SCC(=O)NC1C=CC=C(Cl)C=1)CCCCCC2,0.007126874383538961
C12=C(C=CC=C1C1N(CCNC(C)=O)C=NC=1C1=CC=CC=C1)C(=C(C)N2)C,0.005003403255250305
CCCOC1=C(S(N(CC)CC)(=O)=O)C=C(Cl)C(C)=C1,0.007447503833100199
C1(=CC(=NN1C)CC(C)C)C(=O)NC1CCN(CC1)C(NCC)=O,0.004405008524190635
C1(C2=CC=CS2)=NC2(N=C1SCC(=O)NC1C=CC=CC=1OCC)CCCC2,0.007232097303494811
C1(CN2CCN(C3(CCN(CC3)C)C2)C)C2=CC=CC=C2OC=1CC,0.014140077121555805
CCCOC1=C2C(C=CC=C2)=C(S(NCC2=CC=CC=C2)(=O)=O)C=C1,0.005277752783149481
C1(C(O)=CC=C(C=1)N1C=CC=C1)C(=O)N(C)CC1=CC=C(C)O1,0.005353964562527835
CC1=CC=C(NC(CC2C(=O)NC(=O)N2)=O)C=C1,0.0015775898878928273
C1(C2=CC=CS2)=NC2(N=C1SCC(=O)NC1C=CC=CC=1OCC)CCCCC2,0.007531203189864754
C1(C2=CC=CS2)=NC2(N=C1SCC(=O)NC1C=CC=CC=1OCC)CCCCCC2,0.007861526613123716
C1(C2=CC=CS2)=NC2(N=C1SCC(=O)NC1=C(OC)C=CC(Cl)=C1)CCCC2,0.006219030125066638
N1(CC2ON=C(C(NCCC3SC=CC=3C)=O)C=2)C2C=CC=CC=2N=C1C,0.005467211268842221
C1(C2=CC=CS2)=NC2(N=C1SCC(=O)NC1=C(OC)C=CC(Cl)=C1)CCCCC2,0.006475836504250765
N12C=C(C)C=CC1=NC1CNC(=O)CC(C3C=CC4=C(C=CN4)C=3)C2=1,0.0042307653347961605
C1(C2=CC=CS2)=NC2(N=C1SCC(=O)NC1=C(OC)C=CC(Cl)=C1)CCCCCC2,0.006799331423826516
N1N=CN(CC(=O)NC2C=CC(=C(C)C=2)NC(CCCC)=O)N=1,0.0037445459980517625
N1(CCCC1C1C=CC=CN=1)C(=O)C1=CC=C(O1)C#CC(C)(C)O,0.012252660654485225
C1(C2=CC=CS2)=NC2(N=C1SCC(=O)NC1C(C)=CC(=CC=1C)C)CCCC2,0.009057754976674914
N1(C2C=CC=CC=2)C(=O)N(N=C1C1CCCN(C1)C(=O)NC1CCCC1)C,0.005091487639583647
C1(C2=CC=CS2)=NC2(N=C1SCC(=O)NC1C(C)=CC(=CC=1C)C)CCCCC2,0.009426002111285924
N1(C=CC=N1)C1=CC=CC(=C1)CNC(=O)C1=CN=C(N=C1)C1=CC=CC=N1,0.005920872651040554
N1(CC2=CC=CC(=C2)N2C=CC=N2)C2=CC(=CC=C2N(CCOC)C1=O)C(O)=O,0.004577956057619304
C1(C#N)C(N)=NC(=CC=1C1C=CC(=C(CN(C)C)C=1)OC)C1CCC1,0.005697210785001516
C1(C2=CC=CS2)=NC2(N=C1SCC(=O)NC1C(C)=CC(=CC=1C)C)CCCCCC2,0.00985601106658578
C1(C(=CC=CC=1O)O)C(=O)NCC1=CC=CN=C1N(C)CCC1C=CC=CN=1,0.004355389438569546
COC1=CC(C=NC2=CC3=C(C=CC=C3)C=C2)=C(O)C=C1,0.00539687646087259
N1=C(C=CC(OC2=CC=C(C(OC)=C2)CN2CCCC2)=N1)C1=CC=CC=C1,0.009684880496934056
CCCOC1=C2C(C=CC=C2)=C(S(NCC2=NC=CC=C2)(=O)=O)C=C1,0.004594759945757687
C1(C2=CC=CS2)=NC2(N=C1SCC(=O)NC1=C(C)C=CC(Cl)=C1)CCCCC2,0.007199620455503463
C12NC(=O)CC(C3=CC=C(C(C(OC)=O)=C3)O)C=1C=NN2C(CC)CC,0.004535968718118966
C1(C2=CC=CS2)=NC2(N=C1SCC(=O)NC1C=CC(=CC=1C)C)CCCC2,0.008403391228057444
N1(CC[C@@H](C[C@@H]1C(OC)=O)O)CC1=CC=C(C2C=CC=CC1=2)OC,0.0031005699187517167
N1(CCCC1=O)CCC1CCN(CC1)CC(CO)O,0.004845669656060636
CCCOC1=C2C(C=CC=C2)=C(S(N(C)C)(=O)=O)C=C1,0.005944786849431694
C1(=CC=CC=C1F)CN(CCC)C1CCNCC1,0.00804519688244909
C1(C2=CC=CS2)=NC2(N=C1SCC(=O)NC1C=CC(=CC=1C)C)CCCCCC2,0.009322127047926187
C1(C2=CC=CS2)=NC2(N=C1SCC(=O)NC1C=CC(=CC=1Cl)C)CCCC2,0.0068944573635235425
N1(C=CN=C1C1C=CC=C(C=1)C#N)C(C1C=CC=CC=1)CCN1C=NC=N1,0.005933992704376579
C1(C2=CC=CS2)=NC2(N=C1SCC(=O)NC1C=CC(=CC=1Cl)C)CCCCC2,0.007290841266512871
C1(=CC=CC(OC)=C1O)CN(C)CC1NC=CN=1,0.0027251911698840557
CCOC1=C(S(NCC2OC=CC=2)(=O)=O)C=C(C)C(C)=C1,0.005081599438562989
C1(C2=CC=CS2)=NC2(N=C1SCC(=O)NC1C=CC(=CC=1Cl)C)CCCCCC2,0.007612557848915458
C1(=NC=CC=C1C(N)=O)N1CC[C@H]([C@H](O)C1)C1=CC=C2C(OCO2)=C1,0.0020055047352798283
C1(C2=CC=CS2)=NC2(N=C1SCC(=O)NC1C(C)=CC=CC=1C)CCCC2,0.00855234230402857
N1=C(CN(C)CC2=CC=C(C=C2)C(=O)NC2=CC=CC=C2)ON=C1C1CC1,0.008697140263393521
N1(C2C=CC=CC=2N=C1)C1=C(C=CC=N1)C,0.006440600147470832
C1(C2=CC=CS2)=NC2(N=C1SCC(=O)NC1C(C)=CC=CC=1C)CCCCC2,0.00899711400270462
CCCOC1=C2C(C=CC=C2)=C(S(NCC2=CN=CC=C2)(=O)=O)C=C1,0.004366627580020576
C1(C2=CC=CS2)=NC2(N=C1SCC(=O)NC1C(C)=CC=CC=1C)CCCCCC2,0.009436216298490762
C1(C2=CC=CS2)=NC2(N=C1SCC(=O)NC1C=CC(=CC=1F)F)CCCC2,0.006574493320658803
C1(C2=CC=CS2)=NC2(N=C1SCC(=O)NC1C=CC(=CC=1F)F)CCCCC2,0.006978286360390484
C1(C2=CC=CS2)=NC2(N=C1SCC(=O)NC1C=CC(=CC=1F)F)CCCCCC2,0.007464936445467174
N1C(COC2=CC=C(C3=CC=CN=C23)COCC)=C(OC=1C1=CC=CO1)C,0.00812592296861112
C1(C2=CC=CS2)=NC2(N=C1SCC(=O)NC1C=CC(=CC=1)Br)CCCC2,0.008526479778811335
C1(C2=CC=CS2)=NC2(N=C1SCC(=O)NC1C=CC(=CC=1)Br)CCCCC2,0.00892757042311132
C1(C2=CC=CS2)=NC2(N=C1SCC(=O)NC1C=CC(=CC=1)Br)CCCCCC2,0.009339754562824964
CCCOC1=C2C(C=CC=C2)=C(S(N2CCCC2)(=O)=O)C=C1,0.006663258094340563
C1(N(C)C2=C(C=CC=C2)N=1)C1=CNN=C1C(OCC)=O,0.003585604252293706
C1(C2=CC=CS2)=NC2(N=C1SCC(=O)NC1C=CC(=CC=1F)Cl)CCCCC2,0.006617739074863493
C1(N(C)CC2C=C(ON=2)C2C=CC=CC=2)C=C(C2CCNCC2)N=C(C)N=1,0.007681915233843028
C1(C2=CC=CS2)=NC2(N=C1SCC(=O)NC1C=CC(=C(F)C=1)C)CCCCC2,0.007207739120349288
C1(C(=O)NCC(C)O)C=C(NN=1)COC1C=CC=CC=1OC,0.0030631785630248487
C1(C2=CC=CS2)=NC2(N=C1SCC(=O)NC1C=CC(=C(F)C=1)C)CCCCCC2,0.007594963884912431
C1(C2=CC=CS2)=NC2(N=C1SCC(=O)NC1C=CC=C(CC)C=1)CCCCC2,0.008670438732951879
S1C(C2C=CC=C(C=2)N2C=CC=N2)=CC=C1C(NC)=O,0.0051385810598731044
COC1=C(NC(C(C)=CC(O)=O)=O)C=C(Cl)C=C1,0.004820296261459589
C1(=CC=NN1C1CCN(CC1)C(C)C(=O)NC(C)C)NC(C1CCCC1)=O,0.007634145580232144
CC(C(NC1=CC(C)=C(C)C=C1)=O)=CC(O)=O,0.00601394425611943
N1C(=CC=C2C=CC=CC=12)CN1CCC(=CC1)CNC(C)=O,0.008835389977321029
C1(C2=CC=CS2)=NC2(N=C1SCC(=O)NC1C=CC=C(CC)C=1)CCCCCC2,0.009117764420807362
N1C2C=C(C)C=CC=2OC=1C1C=CC(=C(C)C=1)NC(=O)CS(C)(=O)=O,0.003971417562570423
N1(CCCC(O)C1)C1=NC=CC=C1CNC1=CC=NC2C=C(Cl)C=CC1=2,0.0021895098267123102
C1(C2=CC=CS2)=NC2(N=C1SCC(=O)NC1C=CC(=C(Cl)C=1)F)CCCCC2,0.006859890138730407
C1(C2=CC=CS2)=NC2(N=C1SCC(=O)NC1C=CC(=C(Cl)C=1)F)CCCCCC2,0.007272883411496877
C1(C2=CC=CS2)=NC2(N=C1SCC(=O)NC1C=CC=CC=1)CCCC2,0.007630499987863004
N(C)(CC1=CC=C(C=C1)C1C=CC=CN=1)C(C)C1C=CC=CN=1,0.01427689758129418
C1(C2=CC=CS2)=NC2(N=C1SCC(=O)NC1C=CC=CC=1)CCCCCC2,0.00863563227467239
C1(C2=CC=CS2)=NC2(N=C1SCC(=O)NC1C=C(C)C=C(C)C=1)CCCCC2,0.008845364954322577
N1(C(C)=C(C(C)=N1)C1C=CC(=C2N=C(C)C=CC=12)OC)C1NN=NN=1,0.004646807431709021
C1(C(C)C)=NC=CN1CCCNC(=O)C1=CC=C(N=C1)N1CCC(CC1)(C)C,0.0057088967179879544
C1(C2=CC=CS2)=NC2(N=C1SCC(=O)NC1C=C(C)C=C(C)C=1)CCCCCC2,0.009312463272362948
C1(CNCC2OC3=C(C=C(C=C3)C(C)(C)C)N=2)=CN(N=C1C)CC=C,0.0075591899221763015
C1(C2=CC=CS2)=NC2(N=C1SCC(=O)NC1C=CC(=CC=1)Cl)CCCC2,0.006571839633397758
C12CCN(CCC=1N=C(N(C)C2=O)C)CC1=C(C)N=C(CC)N1,0.005403251806274057
C1(C2=CC=CS2)=NC2(N=C1SCC(=O)NC1C=CC(=CC=1)Cl)CCCCC2,0.007045106077566743
C12CN(CCC=1N(N=C2C(O)=O)CC1=CC=C(C=C1)F)C(=O)CCOCC,0.00490567481610924
C1(C2=CC=CS2)=NC2(N=C1SCC(=O)NC1C=CC(=CC=1)Cl)CCCCCC2,0.0074875118443742394
C(=O)(N1CCC(N(CC2C=CC=CC=2)C(CC)C1)=O)C1=CC(C)=CC=C1OC,0.010801647510379552
CCOC1=C(Cl)C=CC(S(NC2CCCCCC2)(=O)=O)=C1,0.006874084565788507
C12N=CNC=1N=CN=C2C1=CC=CC(O)=C1,0.002415665058651939
CCOC1=C(Br)C=CC(S(NC2CCCCCC2)(=O)=O)=C1,0.009124563448131085
C1(C2=CC=CS2)=NC2(N=C1SCC(=O)NC1C=CC=C(SC)C=1)CCCC2,0.00799812893383205
C1(CN2C(=O)C=CC(Cl)=N2)=NC(=NN1C1=CC=C(C=C1C)Cl)C,0.006751877581700682
CCOC1=C(S(NC2CCCCCC2)(=O)=O)C=C(Cl)C(C)=C1,0.007318969769403339
C1(C2=CC=CS2)=NC2(N=C1SCC(=O)NC1C=CC=C(SC)C=1)CCCCC2,0.00841597798280418
C1(C2=CC=CS2)=NC2(N=C1SCC(=O)NC1C=CC=C(SC)C=1)CCCCCC2,0.008796722209081054
C1(C(=O)N2CCCN(CC3C=CC=NC=3)CC2)=C(C)NC(C(C)=O)=C1C,0.009882713388651609
C12CN(CCC=1ON=C2C1=CC=CC2=CC=CC=C12)CCC(=O)N1CCCC1,0.010342601779848337
CCOC1=C(C)C=C(S(NC2CCCCCC2)(=O)=O)C=C1,0.008091380586847663
C1(C2=CC=CS2)=NC2(N=C1SCC(=O)NC1C=C(C)C=CC=1C)CCCC2,0.008293580263853073
C1(=NC=CC(=C1)C(N)=O)C1C=CC=CC=1CN1CCOCC1,0.006000405573286116
CCCOC1=C2C(C=CC=C2)=C(S(N2CCCCCC2)(=O)=O)C=C1,0.007789046852849424
C1(C2=CC=CS2)=NC2(N=C1SCC(=O)NC1C=C(C)C=CC=1C)CCCCC2,0.008738524513319135
S(C)(=O)(=O)NCC(=O)NCC1C=CC2=C(C=CS2)C=1,0.0028661744319833813
COCCNS(C1=CC(OC)=C(Br)C=C1)(=O)=O,0.005266846262384206
C1(C2=CC=CS2)=NC2(N=C1SCC(=O)NC1C=C(C)C=CC=1C)CCCCCC2,0.00919820750132203
N1(CCC(CC1)(CC1=CC=C(C=C1)Cl)C(O)=O)C1C(=CC=CN=1)F,0.005726852221414447
C1(C2=CC=CS2)=NC2(N=C1SCC(=O)NC1C=CC(=CC=1OC)OC)CCCC2,0.00691703069023788
C1(=CC(Cl)=CC=C1OC)C1=CN=CC=C1N,0.005499667464755475
CCOC1=C(Br)C=CC(S(NCCOC)(=O)=O)=C1,0.005129895778372884
C1(C2=CC=CS2)=NC2(N=C1SCC(=O)NC1C=CC(=CC=1OC)OC)CCCCC2,0.007248772983439266
C1(C2=CC=CS2)=NC2(N=C1SCC(=O)NC1C=CC(=CC=1OC)OC)CCCCCC2,0.00751466671936214
C1(=C2CCCCC2=CS1)C(=O)N(C1CC1)CC1=NC=CN1C,0.00879283077083528
C1(C2=CC=CS2)=NC2(N=C1SCC(=O)NC1C=CC(=C(OC)C=1)OC)CCCC2,0.007049281639046967
C1(C2=CC=CS2)=NC2(N=C1SCC(=O)NC1C=CC(=C(OC)C=1)OC)CCCCC2,0.007389133702963591
C1(C2=CC=CS2)=NC2(N=C1SCC(=O)NC1C=CC(=C(OC)C=1)OC)CCCCCC2,0.007666483987122774
N1(C)C(=O)C(N(C)C1=O)CC1=NC(=NN1C1=CC=CC2C=CC=NC1=2)C1CC1,0.0028029828914441167
CCOC1=C(S(NCCOC)(=O)=O)C=C(Cl)C(C)=C1,0.004311856278218329
N1C(=O)C(NC1=O)CC(=O)NC1=CC=CC(=C1)NC(=O)C1C=CC=CC=1OC,0.0025723200174979865
C1(C2=CC=CS2)=NC2(N=C1SCC(=O)NC1C=CC=C(Cl)C=1C)CCCCC2,0.0071114476304501295
C1(=NC=CC=C1C(N)=O)N1CCCC(C1)C(=O)C1C=CC=CC=1OC,0.008167264983057976
C1(C2=CC=CS2)=NC2(N=C1SCC(=O)NC1C=CC=C(Cl)C=1C)CCCCCC2,0.0074406184256076814
C(=O)(NC1CC1)C1CCCN(C2CCN(CC2)CC2=CNC=N2)C1,0.0046669659786857665
N(CC(C)C)(CC1C=CSC=1)C(=O)C1C=CC=C(C=1)NC(C)=O,0.007413589395582676
C1(C2=CC=CS2)=NC2(N=C1SCC(=O)NC1C=CC=C(Br)C=1)CCCCC2,0.008819398656487464
CCCOC1=C2C(C=CC=C2)=C(S(NC(C2=CC=CC=C2)C)(=O)=O)C=C1,0.005877006950322538
C1(C(=O)N2CCN(CC2)C2=NC=NC(CC)=C2)OC(=NN=1)COC,0.004620103631168604
COC1=C(Br)C=CC(S(NC(C2=CC=CC=C2)C)(=O)=O)=C1,0.006326246145181358
C1(C2=CC=CS2)=NC2(N=C1SCC(=O)NC1C=CC=C(Br)C=1)CCCCCC2,0.009214209206402302
C1(C=NC(=NC=1C1CCCNC1)N(C)CC1=CC=CC=N1)S(C)(=O)=O,0.004419315257109702
CCOC1=C(Cl)C=CC(S(NC(C2=CC=CC=C2)C)(=O)=O)=C1,0.004887682944536209
C1(C2=CC=CS2)=NC2(N=C1SCC(=O)NC1=C(F)C=CC(F)=C1)CCCC2,0.006564375176094472
N1=C(C2=CC=CC(=C2)C(F)(F)F)OC(C)=C1CN1CCC(N(CC)CC)C1,0.005199027736671269
C1(C2=CC=CS2)=NC2(N=C1SCC(=O)NC1=C(F)C=CC(F)=C1)CCCCC2,0.0070275355130434035
C1(C2=CC=CS2)=NC2(N=C1SCC(=O)NC1=C(F)C=CC(F)=C1)CCCCCC2,0.007421083631925285
S(NCCC1CN(CC)CCO1)(=O)(=O)C1C=NN(CC)C=1,0.0046019802102819085
CCOC1=C(Cl)C=C(S(NC(C2=CC=CC=C2)C)(=O)=O)C(Cl)=C1,0.005889140069484711
C12C(=O)NCC(C)(C)CC=1NC(C1C=C(C)C=CC=1C)=N2,0.004726295650471002
C1(C2=CC=CS2)=NC2(N=C1SCC(=O)NC1C=CC(=C(F)C=1)F)CCCC2,0.006655125669203699
C1(C2=CC=CS2)=NC2(N=C1SCC(=O)NC1C=CC(=C(F)C=1)F)CCCCC2,0.0070580291794613
CCOC1=C(C(C)C)C=C(S(NC(C2=CC=CC=C2)C)(=O)=O)C=C1,0.007203615689650178
C1(C2=CC=CS2)=NC2(N=C1SCC(=O)NC1C=CC(=C(F)C=1)F)CCCCCC2,0.007553353463299573
N1(CCCC(CNC(=O)NC2C=CC(=CC=2)C(C)=O)C1)C(C)C,0.007618953194469214
C1(C2=CC=CS2)=NC2(N=C1SCC(=O)NC1C=CC3=C(OCO3)C=1)CCCC2,0.006261557061225176
N1(C)C(SC)=NN=C1CC1CCN(CC1)C(=O)C(=O)C1=CC=CS1,0.01006550812162459
C1(C2=CC=CS2)=NC2(N=C1SCC(=O)NC1C=CC3=C(OCO3)C=1)CCCCC2,0.006564725539647043
COC1=C(S(NC(C2=CC=CC=C2)C)(=O)=O)C=C(C(C)(C)C)C=C1,0.006831962033174932
C1(C2=CC(O)=C3C(CN(CCO3)C(CCC3=CC=CO3)=O)=C2)SC2=C(C=CC=C2)N=1,0.0046562384581193324
CCOC1=C(C)C=C(S(N(C2CCCCC2)C)(=O)=O)C=C1,0.009780850494280457
C1(C2=CC=CS2)=NC2(N=C1SCC(=O)NC1C=CC3=C(OCO3)C=1)CCCCCC2,0.006857226509600878
CCOC1=C(S(N(C2CCCCC2)C)(=O)=O)C=C(Cl)C(C)=C1,0.008655056171119214
C1(C2=CC=CS2)=NC2(N=C1SCC(=O)NC1C=CC3=C(OCCO3)C=1)CCCC2,0.00633143219165504
CCCOC1=C2C(C=CC=C2)=C(S(N(C2CCCCC2)C)(=O)=O)C=C1,0.009100120235234498
C1(C2=CC=CS2)=NC2(N=C1SCC(=O)NC1C=CC3=C(OCCO3)C=1)CCCCC2,0.006621802086010575
C1(C=NN(C2=CC=CC=N2)C=1C)C(=O)N1CCC(CC1)(O)C1=CC=C(C=N1)C,0.00827744125854224
CCN(S(C1=CC(OC)=C(Br)C=C1)(=O)=O)C1CCCCC1,0.011013418529182672
C1(=C(C2=CC=CC=C2)N=CN1CC(O)CC1=CC=CC=C1)C1N(CC)N=CN=1,0.004244132176972925
C1(C2=CC=CS2)=NC2(N=C1SCC(=O)NC1C=CC3=C(OCCO3)C=1)CCCCCC2,0.0068999782903119925
CCOC1=C(Cl)C=CC(S(N(C2CCCCC2)CC)(=O)=O)=C1,0.00862982585094869
C(NCCC(=O)NCC1(CCCCC1)O)(=O)C1C=CC(=CC=1)F,0.00868646614253521
C1(C2=CC=CS2)=NC2(N=C1SCC(=O)NC1CCCC1)CCCC2,0.011233457457274198
S(C)(=O)(=O)N(C)CCNC1CCN(CC1)CC1=CC=CC=C1,0.0056328597012907265
CCCOC1=C2C(C=CC=C2)=C(S(N(C2CCCCC2)CC)(=O)=O)C=C1,0.00950027103535831
N1(C=CN=C1C1=CC(=CS1)C#CCO)C(C)C1SC=C(C)N=1,0.003511991212144494
C1(C2=CC=CS2)=NC2(N=C1SCC(=O)NC1CCCC1)CCCCC2,0.011674586636945605
OC(C=CC(NC(C1=CC=CC=C1)C1=CC=CC=C1)=O)=O,0.0058504781685769554
C1(C2=CC=CS2)=NC2(N=C1SCC(=O)NC1CCCC1)CCCCCC2,0.012221215711906552
C1(=NC=C(C=C1C1C=CC=C(Cl)C=1Cl)C)N1C=NN=C1,0.006031755451112985
C1(C2=CC=CS2)=NC2(N=C1SCC(=O)NC1CCCCC1)CCCC2,0.011667180247604847
N1(C=CN=C1C(C)C)C(C)C(=O)N(C)CC1=NN=CN1C(C)C,0.008030151668936013
OC(C1=C(C(NCC2=CC3=C(OCO3)C=C2)=O)C=CC=C1)=O,0.005855431105010212
C12NC(=NC=1N(N=C2C1CC1)C)C1=CC(F)=CC=C1OC,0.004428627027664334
C1(C2=CC=CS2)=NC2(N=C1SCC(=O)NC1CCCCC1)CCCCC2,0.012191704381257296
C1(C2=CC=CS2)=NC2(N=C1SCC(=O)NC1CCCCC1)CCCCCC2,0.012706567440181971
C1(C2=CC=CS2)=NC2(N=C1SCC(=O)NC1SC=CN=1)CCCCC2,0.007486942666582763
C1(N(C)C)=NC2CN(CCC=2C(=O)N1)C(=O)C1=CC=CC(C)=C1Cl,0.0038218988105654717
N1(CCCC(C(NCCC2C=CC(=C(OC)C=2)OC)=O)C1)C1C=NC2C(=CC=CC=2)N=1,0.007033242471516132
C1(C(=O)NCC2CCCN(CC3=CNC(C)=N3)C2)=CC(=NN1)C,0.0033065160387195647
N1C2=CC=CC=C2N=CC=1N1CCC(CC1)C(NCCCN(CC)C1=CC=CC=C1)=O,0.006530852313153446
N1(CCCC(C(NCCCN(CC)C2=CC=CC=C2)=O)C1)C1C=NC2C(=CC=CC=2)N=1,0.006304223067127168
N1(CC[C@H]([C@H](O)C1)C1=CC=C2C(C=CC=C2)=C1)C(OC)=O,0.0022558813041541727
N1(CCCC(C(=O)NCC2C=CC(=C(OC)C=2)OC)C1)C1C=NC2C(=CC=CC=2)N=1,0.006832020753063261
N1C2=CC=CC=C2N=CC=1N1CCC(CC1)C(=O)NCC1C=CC(=C(OC)C=1)OC,0.007120219664648176
N1(C[C@@]2(C[C@H]1CC(C2)(C)C)C)C(=O)COC1C=CC(=CC=1)NC(CC)=O,0.009912699414417147
N1C2=CC=CC=C2N=CC=1N1CCC(CC1)C(=O)NC(C)CCC1C=CC=CC=1,0.007519345241598785
N1(CC2C=CC=CC=2)C(=O)NN=C1C1CCN(CC1)C(CCC1=CC=CN=C1)=O,0.0034495482803322377
N1(CCCC(C(=O)NCC2=CC=CC=C2OC)C1)C1C=NC2C(=CC=CC=2)N=1,0.006349407648667693
N1C2=CC=CC=C2N=CC=1NC1C=CC=C(C=1)C(=O)NCC1=CC=CC=C1OC,0.005639183335006237
N1C2=CC=CC=C2N=CC=1N1CCC(CC1)C(=O)NCC1=CC=CC=C1OC,0.006612562295049429
S(=O)(=O)(C1=CC=C2C(C=CC(=O)O2)=C1)N1[C@H](CO)C[C@@H](N(C)C)C1,0.0021178950904868544
CC1=C(C)C(C)=C(S(OC2=CC=C(F)C=C2)(=O)=O)C=C1,0.007945194188505412
C1(=O)O[C@H]2[C@H](CN(CC3N=CC=CN=3)C2)N1CCCN1CCOCC1,0.00689572305418551
N1C2=CC=CC=C2N=CC=1N1CCC(CC1)C(=O)NC1=CC=C(C(OC)=C1)OC,0.00691606446634978
C1(C(=O)N[C@H]2COC[C@@H]2OCC)C=C2N(CCCN(C(C)=O)C2)N=1,0.007162349484860897
N1(CCCC(C(=O)NCC2=CC=CC=C2Cl)C1)C1C=NC2C(=CC=CC=2)N=1,0.005326693714596331
N1C(CC2CCN(CC2)CCC)=NOC=1C1C=CCN1,0.012323814211413264
N1(CCCC(C1)C(=O)NC1=CC=C(C(OC)=C1)OC)C1C=NC2C(=CC=CC=2)N=1,0.006816024566069246
C12CN(CCOC1=C(C=C(C=2)C1=CC=C(C)S1)O)CC(NC)=O,0.003946183109655976
N1C2=CC=CC=C2N=CC=1N1CCC(CC1)C(=O)NC1C=CC=CC=1OCC,0.0068971622502431275
N1C2=CC=CC=C2N=CC=1N1CCC(CC1)C(OCC)=O,0.007498552044853568
COC1=C(F)C=CC(S(N2CCOCC2)(=O)=O)=C1,0.0057257298962213096
N1C2=CC=CC=C2N=CC=1N1CCC(CC1)C(=O)NC1=CC=C(C=C1OC)OC,0.006524119898676873
N1(CC[C@H]([C@H](O)C1)C1=CC=C2C(OCO2)=C1)C(=O)C1C=CN=CC=1C,0.0027913100027944894
N1(CCCC(C1)C(=O)NC1=CC(OC)=C(C(OC)=C1)OC)C1C=NC2C(=CC=CC=2)N=1,0.006954502058215439
C12C(C)=CC=CN1C(=CN=2)CC(=O)N1CCC2(CCCNC2)C1,0.005153564026113599
N1C2=CC=CC=C2N=CC=1N1CCC(CC1)C(=O)NC1C=C(OC)C=C(OC)C=1,0.006350839766673744
N12C[C@H](C[C@H]1C(NCC2=O)=O)NC(=O)C1=CC(Cl)=CC=C1C,0.005091537453699857
N1C2=CC=CC=C2N=CC=1N1CCC(CC1)C(=O)NC1C(OC)=CC(=C(Cl)C=1)OC,0.0057822645641863344
N1=C(OC)C=CN=C1C1C=C(CCC2CCCCN2)C=C(O)C=1,0.004266656737308949
N1C2=CC=CC=C2N=CC=1N1CCC(CC1)C(=O)NC1=CC(OC)=C(C(OC)=C1)OC,0.007138668722473085
COC1=C2C(C=CC=C2)=C(S(NCC2=CC=C(C)C=C2)(=O)=O)C=C1,0.005041440983768552
N1(C2C=C(C)C=CN=2)C(CCSC2=NN=NN2C)=NC(C2=CC=CC=C2)=N1,0.006743950862437486
N1C2=CC=CC=C2N=CC=1N1CCC(CC1)C(=O)NCC(C)C1=CC=CC=C1,0.006983240903355181
CCCOC1=CC2=C(C=C(S(N3CCCCC3)(=O)=O)C=C2)C=C1,0.006524695339612663
C1(=NC=CC(CCC(F)(F)F)=N1)N1CCCC(CC)(CO)C1,0.0020520571459201166
CCCOC1=CC2=C(C=C(S(N3CCN(C4=CC=CC=C4)CC3)(=O)=O)C=C2)C=C1,0.005636181146837771
N1C2=CC=CC=C2N=CC=1N1CCC(CC1)C(=O)NCC1=CC=CC=C1Cl,0.005614269233774394
N1(CCCC(C1)C(=O)NC1C(OC)=CC(=C(Cl)C=1)OC)C1C=NC2C(=CC=CC=2)N=1,0.005609471595380455
C1(C2=CC=CC=C2Cl)OC(=C(COC2=CC=C(C=C2)C(N)=O)N=1)C,0.004719580779783428
N1(CCCC(C1)C(=O)NC1C=CC=CC=1CC)C1C=NC2C(=CC=CC=2)N=1,0.0067406866233795885
C1(CN(C)C2C=C(C)N=C(CCC)N=2)SN=NC=1C,0.009100039023905993
N1(CCCC(C(=O)NCC2C=CC(=CC=2)C)C1)C1C=NC2C(=CC=CC=2)N=1,0.006633001565933228
N1(CCCC(C1)C(=O)NC1C=CC=CC=1OC)C1C=NC2C(=CC=CC=2)N=1,0.00642856708727777
C(=O)(N1CCC2(CC1)CCCO2)C1=CC=CN=C1O,0.007609037682414055
N1(CCCC(C1)C(=O)NC1C=CC=C(SC)C=1)C1C=NC2C(=CC=CC=2)N=1,0.005337067530490458
N1C2=CC=CC=C2N=CC=1N1CCC(CC1)C(=O)NC1C=CC=C(OC)C=1,0.006521059363149106
C1(C(=O)NCC2ON=C(CSC)N=2)NC2=C(C=C(C=C2)C)N=1,0.002830571698723361
N1C2=CC=CC=C2N=CC=1N1CCC(CC1)C(=O)NC1C=CC=CC=1CC,0.00695607615634799
C12CN(CCC=1N(N=C2C(O)=O)CC1CC1)C(=O)C1NC=NC=1C,0.0038599900202825666
N1C2=CC=CC=C2N=CC=1N1CCC(CC1)C(=O)NCC1=CC=C(C=C1)C,0.006780193117447197
N1C2=CC=CC=C2N=CC=1N1CCC(CC1)C(=O)NCC1=CC=CC=C1,0.006252368236891926
N1(CC(=O)N2CCOC(C2)C(F)(F)F)C(C)=C(C(C)=N1)CC,0.00575650159153156
N1(CCCC(C(=O)NCC2C=CC(=CC=2)Cl)C1)C1C=NC2C(=CC=CC=2)N=1,0.005330813431646675
C1(=CC(=NN1CC)CC(C)C)C(=O)N1CCOC(CC2C=CC=C(F)C=2)C1,0.008258041040971876
N1(CCCC(C(=O)NCC2C=CC(=CC=2)OC)C1)C1C=NC2C(=CC=CC=2)N=1,0.006462991260923446
C(=O)(CN1C=CN=C1CC)N1[C@H](CC=C)CC=C[C@H]1C,0.00649320799857378
C(COC1=CC=CC(=C1)NC(CC)=O)(=O)NC(CC)CO,0.0039639878552407025
N1C2=CC=CC=C2N=CC=1N1CCC(CC1)C(O)=O,0.0058164831949397925
COC1=C(C)C(C)=C(S(N2CCN(C3=CC=CC=C3)CC2)(=O)=O)C=C1C,0.00643052717205137
N1(CCCC(C1)C(=O)NC1C=CC=C(OC)C=1)C1C=NC2C(=CC=CC=2)N=1,0.006317640538327396
N1(CCC(CNC(=O)C2C=CC=C(N)C=2)C1)CC1C=CC=CC=1C#N,0.004641912796068936
N1C2=CC=CC=C2N=CC=1NC1C=CC=C(C=1)C(=O)NCC1=CC=C(C=C1)C,0.005640285566914827
CC(C1=CC(C(C)C)=C(S(N(C2CCCCC2)C)(=O)=O)C(C(C)C)=C1)C,0.016478487476706504
N1C2=CC=CC=C2N=CC=1NC1C=CC=C(C=1)C(=O)NCC1=CC=C(C=C1)F,0.004689415579196066
C(=O)(N(CC=C)CC=CC1C=CC=CC=1)C1C=CC=C(C=1)NCC(O)=O,0.00620526357088238
N1(CCCC(C(O)=O)C1)C1C=NC2C(=CC=CC=2)N=1,0.005675988341681659
N1C2=CC=CC=C2N=CC=1N1CCC(CC1)C(=O)NC1=C(OC)C=CC(Cl)=C1,0.0057738829171285035
C1(=CN=C2CCCCN12)NC(=O)C1NN=C(C2=CC=NC=C2)C=1,0.0026512225857004525
N1C2=CC=CC=C2N=CC=1N1CCC(CC1)C(=O)NCC1=CC=C(C=C1)Cl,0.005563959339633584
N1(CC)C(C2CCN(CC2)C(=O)C2=CN=C(C=N2)C)=NN(C)C1=O,0.006101198028773069
N1(CCCC(C(=O)NCC2C=CC(=CC=2)F)C1)C1C=NC2C(=CC=CC=2)N=1,0.005214564641937614
C1(=CC=NN1C)C(=O)N1CCCN(CC2=CC=C(C=C2)F)C(C(C)C)C1,0.00836963918991387
N1C2=CC=CC=C2N=CC=1NC1C=CC=C(C=1)C(=O)NCC1=CC=C(C=C1)Cl,0.004812372103333473
C1(=C(C)NC2CCCC(=O)C1=2)C(=O)N1C[C@H]2[C@@](CNC2)(C(O)=O)C1,0.007689401763491333
N1C2=CC=CC=C2N=CC=1N1CCC(CC1)C(=O)NCC1=CC=C(C=C1)F,0.005362630961462856
C1(C=NC=C(N2CCC3(CC2)CCNCC3)N=1)C(=O)N(C)C,0.008107362245209516
N1(CCCC(C(=O)NCC2=CC=CC=C2)C1)C1C=NC2C(=CC=CC=2)N=1,0.006130875996313989
N1C(N)=NC2=C(CCNC2)C=1NCC1=C(C)N=C(CCC)S1,0.005441851308569312
CCCOC1=C2C(C=CC=C2)=C(S(N2C(C(C)C)=NC=C2)(=O)=O)C=C1,0.007321575842797756
N1C2=CC=CC=C2N=CC=1N1CCC(CC1)C(=O)NC1=CC=C(C(Cl)=C1)OC,0.005773996934294701
N1=C(CCNC(=O)C2CCCN(CC3=CC=CO3)C2)NN=C1C1C=CN=CC=1,0.00456317508360371
N1C2=CC=CC=C2N=CC=1N1CCC(CC1)C(=O)NCC1=CC=C(C=C1)OC,0.006703803944401443
N1(CC(=O)N(C)CC2C=CC=C3C=2C=CC=N3)C(C)=C(C(C)=N1)C(C)=O,0.013232178846374154
N(C1=C(C)C=C(C=C1C)C)C(=O)C1CCCN(C2C=NC3C(=CC=CC=3)N=2)C1,0.007608692068606615
C1(=O)N=C(C)C=C(C)N1CCC(=O)NC(C1C=CC=CC=1)CN1C=CC=N1,0.006336197210475803
N1C2=CC=CC=C2N=CC=1NC1=CC=C(C=C1)C(OC)=O,0.005211327481083572
N1=C(N)N=C(C=C1N1CCN(CC1)C)NCC1CCCCC=1,0.007050737435929477
N1C2=CC=CC=C2N=CC=1N1CCC(CC1)C(=O)NC1=CC=C(C=C1)Cl,0.005579389980994165
N12CCN(CCC1=NN=C2CCC1=CC=CC=C1)C(=O)CC1C=CC(=CC=1)O,0.005350837134756148
N1C2=CC=CC=C2N=CC=1N1CCC(CC1)C(=O)NC1C=CC(=C(C)C=1)C,0.007180467946454883
N12C=CC=CC1=NN=C2C1CCN(CC1)C(=O)CC1CCN(CC1)CCC,0.010535517381504178
N1C2=CC=CC=C2N=CC=1N1CCC(CC1)C(=O)NC1C=CC(=C(Cl)C=1)C,0.006029910373035819
N1CCC(CC1)(CO)CC1=CC=C(C=C1)Cl,0.005250923323910683
CCCOC1=C2C(C=CC=C2)=C(S(N2C=C(C)N=C2)(=O)=O)C=C1,0.006159990094602108
C1(C2=CC=C(C(C)=C2C)OC)OC(=C(CN2[C@H]3CC[C@@H]2C[C@H](O)C3)N=1)C,0.003970155434217304
N1C2=CC=CC=C2N=CC=1N1CCC(CC1)C(=O)NC1C=C(C)C=CC=1C,0.007210387825034558
C1(C(C)NC(=O)C2=C(C=CC=C2O)O)=NN=CN1CCC,0.0051664890255779024
N1C2=CC=CC=C2N=CC=1N1CCC(CC1)C(=O)NC1=CC(C)=CC(C)=C1,0.007326222443953157
N1(C[C@H](C[C@H]1C(NCC)=O)N)C(COCC1=CC=CC=C1)=O,0.007823930960148573
C1(OC(=C(CN2CCC(CC2)C(N)=O)N=1)C)C1=CC(OC)=CC=C1OC,0.005577940074726939
N1C2=CC=CC=C2N=CC=1N1CCC(CC1)C(=O)NC1C=CC=CC=1F,0.005199838057160377
N1C2=CC=CC=C2N=CC=1N1CCC(CC1)C(=O)NC1=CC=C(C=C1)F,0.005249579786323011
N1(C=CN=C1C1=CC=C(C=C1)S(C)(=O)=O)C1=CC=C(C=C1)C1NC(=NN=1)C,0.0029482832993380725
N1C2=CC=CC=C2N=CC=1N1CCN(CC1)CC1=CC=C2C(OCO2)=C1,0.007679107692092657
COC1=C(S(N2C3=C(C=CC=C3)N=N2)(=O)=O)C=C(Cl)C(C)=C1,0.007850323081947863
N1C2=CC=CC=C2N=CC=1N1CCN(CC1)C1C=CC=C(OC)C=1,0.008247109642252327
C12(CCN(CC1)CC1C=CC=CC=1OCC(O)=O)N(C)CCCNC2=O,0.006062969216145575
N1(CCCC(C1)C(=O)NC1C=C(C)C=CC=1C)C1C=NC2C(=CC=CC=2)N=1,0.006970472866669297
C1(C=CC(N(C)C=1)=O)C(=O)NCC1C=CC2=C(CC(O2)C)C=1,0.007555585633963346
COC1=C(C)C(C)=C(S(N2CCOCC2)(=O)=O)C=C1,0.00594724880065769
N1(CCCC(C1)C(=O)NC1C=CC=C(Cl)C=1)C1C=NC2C(=CC=CC=2)N=1,0.005312289681751281
N1(CCCC(C1)C(=O)NC1C=CC(=C(F)C=1)C)C1C=NC2C(=CC=CC=2)N=1,0.005261372472159564
C1(C2=CC(OC)=CC=C2OC)=C(C#N)C(N)=NC2C(SCC1=2)C,0.004352381592616439
N1(CCCC(C1)C(=O)NC1C=CC(=CC=1)F)C1C=NC2C(=CC=CC=2)N=1,0.00503832777030766
C1(=C(OCC)C=CC(=C1)C1C=CN=C(CC2=CC=C(C(OC)=C2)OC)N=1)C(O)=O,0.006729448586702347
N1(CCCC(C1)C(=O)NC1C=CC(=C(C)C=1)C)C1C=NC2C(=CC=CC=2)N=1,0.0069515503942966465
N1(CCCC(C1)C(=O)NC1=CC=CC=C1)C1C=NC2C(=CC=CC=2)N=1,0.0059817969799041745
C12CN(CCOC1=C(C=C(C1C=CC=C(Cl)C=1)C=2)O)CC(=O)N(CC)CC,0.005433451756834984
N1(CCCC(C1)C(=O)NC1C=CC2=C(OCCO2)C=1)C1C=NC2C(=CC=CC=2)N=1,0.006362364487722516
C1(C=C(F)C=CC=1F)C(=O)NCC(C)OCCC,0.0064702302683144804
N1(CCCC(C1)C(=O)NC1=CC=C(C=C1)C(C)C)C1C=NC2C(=CC=CC=2)N=1,0.0072949200868606566
N1(CCCC(C1)C(=O)NC1=CC=CC=C1C)C1C=NC2C(=CC=CC=2)N=1,0.006556782452389598
C1(=CC=C(C=C1OC)OC1=CC=C(C(C)=C1)OC)CN1CCCC1,0.015342335496097804
N1(CCCC(C1)C(=O)NC1C=CC(=CC=1C)C)C1C=NC2C(=CC=CC=2)N=1,0.006942889420315623
C1(=NC=CC(=N1)C(F)(F)F)N1CCC(CC1)N1CCCC(C1)C(=O)NC1CC1,0.0044220394222065805
N(C1C(C)=CC=CC=1C)C(=O)C1CCCN(C2C=NC3C(=CC=CC=3)N=2)C1,0.007156441919505596
C1(C2=CC=CC=C2SC=1)C1=CC(O)=C2C(CN(CCO2)C(=O)CCN)=C1,0.004989375523291528
N1C2=CC=CC=C2N=CC=1N1CCC(CC1)C(=O)NC1C=CC(=CC=1)Br,0.007291018404066563
S(C)(=O)(=O)N1CCC(CC1)NCC1C=NN(CC2C=CC=CC=2)C=1,0.004959835007321089
N1C2=CC=CC=C2N=CC=1N1CCC(CC1)C(=O)NC1=CC=C(C=C1)C(C)C,0.00756282068323344
N1C=CNC=1CN(CC=C)CC1C=CC=C(OC)C=1,0.004128376615699381
N1C2=CC=CC=C2N=CC=1N1CCC(CC1)C(=O)NC1=CC=CC=C1C,0.006778923328965902
CCOC1=C(S(N2CCN(C3=CC=CC=C3)CC2)(=O)=O)C=CC(Cl)=C1Cl,0.0055552289821207525
N1C2=CC=CC=C2N=CC=1N1CCC(CC1)C(=O)NC1=CC=CC=C1Cl,0.00572355471085757
C1(C(C)NC(=O)C2=CC(C)=NC3=CC=C(C)C=C23)=NN=CN1CCC,0.007755933399312198
N1C2=CC=CC=C2N=CC=1N1CCC(CC1)C(=O)NC1C=CC(=CC=1)OC,0.006751066143624485
C12C(CC(NCC=1N=C1C=CC=CN21)=O)C1=CC=C(C(OC)=C1Cl)OC,0.005580366239883006
N12N=C(N=C1N=C(C)C=C2O)SCC(=O)N1CCC2=C(N=CNC2=O)C1,0.004137973580509424
N1(C)C(COC2=CC=C(C=C12)C(=O)N(C)C)CC(=O)N(C(C)C)CCC(N)=O,0.010105537995696069
N1C2=CC=CC=C2N=CC=1N1CCC(CC1)C(=O)NC1C=CC(=CC=1)CC,0.007000553421676159
C1(C2=CC=CN=C2)N=C(C)C=C(NCCC2=NN=C(N)S2)N=1,0.003381730685941875
N1C2=CC=CC=C2N=CC=1N1CCC(CC1)C(=O)NC1C=CC(=CC=1Cl)C,0.006162599381059408
C1(ON=C(CC2CCN(CC2)CCC)N=1)C1=CC=CN=C1OC,0.009734966792166233
N1C2=CC=CC=C2N=CC=1N1CCC(CC1)C(=O)NC1C=CC2=C(OCCO2)C=1,0.006619981746189297
N1(CC(C)C(=O)N2CCC3(CC2)CCCO3)C(C)=NC(C)=N1,0.01003374825231731
N1C2=CC=CC=C2N=CC=1N1CCC(CC1)C(=O)NC1C=CC=C(Cl)C=1,0.005516834871377796
C1(=CC(=NN1)C)C(=O)N(CC)CC1C=NN(C)C=1,0.0055337578523904085
COC1=C(C)C(C)=C(S(N2CC(C)OC(C)C2)(=O)=O)C=C1,0.00786047508008778
N1(CCNC(=O)C(N(C)C)C2C=CC=C(C)C=2)C(=O)C=CC(=O)N1,0.004242043755948543
CCCOC1=C2C(C=CC=C2)=C(S(N2C3=C(C=CC=C3)N=N2)(=O)=O)C=C1,0.007894290727563202
N1C2=CC=CC=C2N=CC=1N1CCC(CC1)C(=O)NC1C=CC(=CC=1C)F,0.005619426420889795
C1(C2=CSC(CN(C)C)=N2)N(C2=CC=CC=C2)N=C(C(C)C)N=1,0.010697228601202369
N1C2=CC=CC=C2N=CC=1N1CCC(CC1)C(=O)NC1C=CC(=C(F)C=1)C,0.005401075398549437
N1C(CC(C)C)=NNC=1C[C@@H]1C[C@@H](C)NC(=S)N1,0.007513160607777536
N(C(=O)C1CCN(CC1)C1C=NC2C(=CC=CC=2)N=1)C1=C(C)C=C(C=C1C)C,0.00792067360598594
N12N=C(N=C1N=C(C)C=C2O)SCC(=O)N1[C@H](CC=C)CC=C[C@H]1C,0.007552779419347644
N1C2=CC=CC=C2N=CC=1N1CCC(CC1)C(=O)NC1C=CC(=CC=1C)C,0.00717953029088676
N1C2=CC=CC=C2N=CC=1N1CCC(CC1)C(=O)NC1=CC=C(C=C1F)F,0.00521528315730393
C1(C2=CC=C(C(C)=C2C)OC)OC(=C(CN2CCC(CC2)CN)N=1)C,0.009301549312658608
N1C2=CC=CC=C2N=CC=1N1CCN(CC1)C1=CC=CC=C1,0.0076903255423530935
C1(=C(C2=CC=CC=C2)N=CN1[C@H](C)C(N)=O)C1=CC2OCOC=2C=C1OC,0.0063107323599979285
N1C2=CC=CC=C2N=CC=1N1CCN(CC1)C1=CC=C(C=C1)C(C)=O,0.011157792853191495
C1(C=C(ON=1)COC1=CC=C(N=C1)C)C(=O)N1CCN(C(CCO)C1)C,0.00411662629339844
COC1=C(Br)C=CC(S(N2C3=C(C=CC=C3)N=N2)(=O)=O)=C1,0.008879627985879778
C(=O)(C1CCCN1CC=C)N1CCC(CC1)N1CCC(CC1)C(=O)NC(C)C,0.011803414579480887
C1(C(C)NCC2=CC=CC(OC)=C2OCC(C)=C)=C(C)N(N=C1C)CC,0.015299453726038336
COC1=C(S(N2C3=C(C=CC=C3)N=C2)(=O)=O)C=C(Cl)C(C)=C1,0.006003090692684054
C(=O)(C1=CC=CC(=C1)NCC1SC=CC=1C)N[C@H]1COC[C@@H]1N1CCOCC1,0.006168444082140923
N1C2=CC=CC=C2N=CC=1N1CCN(CC1)C1C=CC=C(Cl)C=1,0.006880458653904497
C1(=O)OC2C(=CC3=C(NC(CC3C3C=CC=C(C=3)CN3C=CC=N3)=O)C=2)N1C,0.005506414151750505
C12=C(CCN(C([C@H](CCCCN)N)=O)C1)ON=C2C1=CC=CC2=CC=CC=C12,0.009590148366987706
CCOC1=C(Cl)C=C(S(N2C3=C(C=CC=C3)N=C2)(=O)=O)C(Cl)=C1,0.005999068706296384
N(=O)(=O)C1=CC=C(C=C1)N1CCN(CC1)C1C=NC2C(=CC=CC=2)N=1,0.003931796527467668
C(CCC(=O)NC1CCCC1)(=O)N(CCO)CC1=CC=CC=C1,0.005929126567207277
N1C2=CC=CC=C2N=CC=1N1CCN(CC1)C1=CC=C(C=C1C)C,0.009045583056285977
C(=O)(NN1CCCC(C(O)=O)C1)C1=CC=CC=C1OCC(C)=C,0.0030067491461522877
S(=O)(=O)(N1CCC(CC1)N1C=C(N=N1)CCO)C1=CSC=C1,0.001976970283431001
N1C2=CC=CC=C2N=CC=1N1CCN(CC1)C1=CC=CC=C1F,0.006230956432409585
N1(CCC2C(=CC=CC=2)C1)C1=NC=CC=C1CNC1C=C(C=CN=1)C(NC)=O,0.006081101228483021
C1(CN2CCCC(C2)CCC2C=CC(=CC=2)F)=CN(N=C1C)C,0.009707803837954998
N1C2=CC=CC=C2N=CC=1N1CCN(CC1)C1C(C)=CC=C(Cl)C=1,0.00754411683883518
N1C2=CC=CC=C2N=CC=1N1CCN(CC1)C1=CC=C(C=C1)Cl,0.006957909045740962
N1=CC(=CN1C)CCC(=O)N(C(CC)CC)CCC1C=CC=CC=1,0.014299393631517887
N1C2=CC=CC=C2N=CC=1NC1C=CC(=CC=1)OC,0.007244872651062906
C1(C=C(NN=1)CN1C2C=CC=CC=2N=C1)C(=O)N1C[C@@]2(C[C@H]1CC(C2)(C)C)C,0.005441447789780796
C1(CC2C=CC=CC=2)(CC(NCCOC)=O)C2=CC=CC=C2N(C)C1=O,0.009526921506039798
C1(C(NCCCN2C(C)=NC(C)=N2)=O)C2C=C(O)C=CC=2N(C)C=1C,0.003785314131528139
N1C2=CC=CC=C2N=CC=1NC1C=CC(=CC=1)Br,0.00748391195666045
N1(CCCCC)C(=O)NN=C1C1CCC1,0.005368700041435659
C(=O)(C1=CC=C(C=C1)CNC(C(C)C)=O)N1CCC2(CC1)CCOCC2,0.01013359660282731
N1C2=CC=CC=C2N=CC=1NC1=CC=C(C=C1)C(C)C,0.007869818760082126
C1(C(OC)=O)N(C)N=CC=1C1=CC=CC(OCC)=C1,0.008675602241419255
N1C2=CC=CC=C2N=CC=1NC1C=CC(=C(F)C=1)C,0.005067328386940062
CCOC1=C(Cl)C=CC(S(NC2=NC=C(Cl)C=C2)(=O)=O)=C1,0.0038100022356957197
N1(C(CCC2C(C)=NNC=2C)=NNC1=O)C1C=CC(=C(Cl)C=1)C,0.003403097135014832
C1(=O)N(CCCC1(CNCC1=NC=CN1CC)O)CCC1CCCCC1,0.008958213636651636
C1(N(C)C)=NC2CN(CCC=2C(=O)N1)C(=O)C1C=CC(=CC=1)C1C=CNN=1,0.003566869953647256
C1(C=CC(=CC=1OC)OC)C1C=CN=C(N)C=1,0.005871740868315101
N1C2=CC=CC=C2N=CC=1NC1C=CC(=C(Cl)C=1)C,0.005792931525502354
S(=O)(=O)(NCC1=CC=CC=C1)NCC1C=NN(CC2C=CC=CC=2)C=1,0.007962765730917453
C12N(C)C3CCN(CC=3C(=O)N1N=CC=2C(=O)N1CCN(CC1)C1C=CC=C(OC)C=1)CC1C=CC(=CC=1)OC,0.007248061802238226
C1(=C(C2C=CC=CC=2)N=CN1CC1NC=CN=1)C1=CC=C(CC)O1,0.005209996469784528
N12N=CC(C(=O)NCC3C=CC4=C(OCO4)C=3)=C1N(C1CCN(CC3=CC=C(C=C3)OC)CC=1C2=O)C,0.0075013709487393495
N1(C=NC(C2C=CC=CC=2)=C1C1=CC=C(C(OCC)=C1)OC)CC1C(C)=NNC=1C,0.006823467207141221
N1(C2CC2)CC(CC1=O)C(=O)NCC(C)(C)CO,0.005332482792437076
C12N(CC)C3CCN(CC=3C(=O)N1N=CC=2C(=O)N1CCN(CC1)C1=CC=C(C=C1)OC)CC1C=CC(=CC=1)OC,0.006870926753617823
C1(NC=NC=1C)C(=O)N1CCC(CC1)(CO)CC1=CC=CC=C1Cl,0.0018562273180577904
N12N=CC(C(=O)NCC3C=CC4=C(OCO4)C=3)=C1N(C1CCN(CC3=CC=C(C=C3)OC)CC=1C2=O)CC,0.007096215803176165
C1(C=C(ON=1)CN(C)CC1=CC=CC=C1)C(=O)N(C)CC1=CSC(C)=N1,0.009489586995914578
COC1=CC(N2C(=O)CC(C(NC3=CC(Cl)=C(Cl)C=C3)=O)C2)=CC=C1,0.0075561311328783635
C(=O)([C@H](N)CC(C)C)N1CCC(CC1)OCC1C=CC=NC=1,0.009764773957431316
COC1=CC(N2C(=O)CC(C(NC3=C(C)C=C(C)C=C3)=O)C2)=CC=C1,0.008692167489789427
C1(=NC(=CC=C1C(O)=O)C1=CC=C(C=C1)F)N1CC2=C(C=NC(CC(C)C)=N2)C1,0.005840765964239836
N12N=CC(C(=O)NCC3=CC=C(C=C3)OC)=C1N(C1CCN(CC3=CC=C(C=C3)OC)CC=1C2=O)CC,0.007644404238089919
C1(N2CCCOC3C(=CC=CC=3C2)OC)=NC2CCNCCC=2C(=O)N1,0.0057975030969828365
N12N=CC(C(=O)NC3C=CC4=C(OCO4)C=3)=C1N(C1CCN(CC3=CC=C(C=C3)OC)CC=1C2=O)CC,0.006442916835658253
S(CCCC(=O)N1CCCC(CCC2C=CC(=CC=2)F)C1)(N)(=O)=O,0.006114693568088114
N12N=CC(C(=O)NC3C=CC(=C(Cl)C=3)F)=C1N(C1CCN(CC3=CC=C(C=C3)OC)CC=1C2=O)CC,0.005849901889450848
C1(C2=CC=CC=C2N(CC(O)=O)C=1C)C1N(C)C2=C(C=CC=C2)N=1,0.006655431305989623
N1=CN(C(C2C=CC=C(C=2)C#N)=C1C1=CC=CC=C1)CCNC(C)=O,0.003937813790980726
N12N=CC(C(=O)NC3C=CC(=C(Cl)C=3)C)=C1N(C1CCN(CC3C=CC(=CC=3)OC)CC=1C2=O)CC,0.0061114001087844375
COC1=CC(N2C(=O)CC(C(NC3=CC(Cl)=CC=C3)=O)C2)=CC=C1,0.0071229006629437205
N12N=CC(C(=O)NCC3=CC=CC(Cl)=C3)=C1N(C1CCN(CC3C=CC(=CC=3)OC)CC=1C2=O)CC,0.006662634457461536
N12N=CC(C(=O)NCC3C=CC=CC=3Cl)=C1N(C1CCN(CC3C=CC(=CC=3)OC)CC=1C2=O)CC,0.0067080823238939045
COC1=CC(N2C(=O)CC(C(NCC3=CC=CC=C3)=O)C2)=CC=C1,0.007606492424383759
C12NC(=O)CC(C3C=NC(=NC=3)SCCC)C=1C=NN2CC1=CC=CN=C1,0.007479461608454585
S(C)(=O)(=O)C1C=CC(=CC=1)C1N=CN=C(NC(C)C)C=1,0.004872845089994371
N12N=CC(C(NCCN3CCCC4=CC=CC=C34)=O)=C1N(C1CCN(CC3C=CC(=CC=3)OC)CC=1C2=O)CC,0.007571762730367482
N(CC1=CC=C(C=C1)SC)(C1CC1)C([C@H](C)NC)=O,0.009002440585754811
N12N=CC(C(=O)NC3CCN(CC3)CC3C=CC=CC=3)=C1N(C1CCN(CC3C=CC(=CC=3)OC)CC=1C2=O)CC,0.006518412590958178
N12N=CC(C(=O)NC3=CC=CC(=C3)CN3CCCC3)=C1N(C1CCN(CC3C=CC(=CC=3)OC)CC=1C2=O)CC,0.006695294333621859
COC1=CC(N2C(=O)CC(C(NC3=CC(C)=CC=C3)=O)C2)=CC=C1,0.008078430639579892
N12N=CC(C(=O)NCC3CCN(CC3)CC3C=CC(=CC=3)C)=C1N(C1CCN(CC3C=CC(=CC=3)OC)CC=1C2=O)CC,0.006824503326788545
N12N=CC(C(=O)NC3C=CC(=CC=3)CN3CCCCC3)=C1N(C1CCN(CC3C=CC(=CC=3)OC)CC=1C2=O)CC,0.006167645310051739
N12N=CC(C(=O)NCC3CCN(CC3)CC3=CC=CC(F)=C3)=C1N(C1CCN(CC3=CC=C(C=C3)OC)CC=1C2=O)CC,0.0051958684111014005
N12N=CC(C(=O)NCC3CCN(CC3)CC3=CC=CC(Cl)=C3)=C1N(C1CCN(CC3=CC=C(C=C3)OC)CC=1C2=O)CC,0.005718278861604631
N12N=CC(C(=O)NCC3CCN(CC3)CC3=CC=C(C=C3)Cl)=C1N(C1CCN(CC3=CC=C(C=C3)OC)CC=1C2=O)CC,0.0058301488868892195
N12N=CC(C(=O)NCC3CCN(CC3)CC3C=CC=CC=3F)=C1N(C1CCN(CC3=CC=C(C=C3)OC)CC=1C2=O)CC,0.005152753135189414
N12N=CC(C(NCCCN3CCC(CC3)CC3C=CC=CC=3)=O)=C1N(C1CCN(CC3C=CC(=CC=3)OC)CC=1C2=O)CC,0.005983599228784442
N12N=CC(C(=O)NCC3CCN(CC3)CCC3C=CC(=CC=3)OC)=C1N(C1CCN(CC3C=CC(=CC=3)OC)CC=1C2=O)CC,0.0064550564158707855
C12N(CC)C3CCN(CC=3C(=O)N1N=CC=2C(=O)N1CCC(CC1)C(OCC)=O)CC1=CC=C(C=C1)OC,0.007429621438495815
N12N=CC(C(=O)NC3C=CC=C(C=3)C(OCC)=O)=C1N(C1CCN(CC3=CC=C(C=C3)OC)CC=1C2=O)CC,0.0060062673408538105
N12N=CC(C(=O)NC3=CC=C(C=C3)C(OCC)=O)=C1N(C1CCN(CC3=CC=C(C=C3)OC)CC=1C2=O)CC,0.005949708796106279
N12N=CC(C(=O)NCC3C=CC(=CC=3)Cl)=C1N(C1CCN(CC3C=CC(=CC=3)OC)CC=1C2=O)CC,0.006775231612846255
C12N(CC)C3CCN(CC=3C(=O)N1N=CC=2C(=O)N1CCN(CC1)C1C=CC(=CC=1)F)CC1=CC=C(C=C1)OC,0.005722363060340285
COC1=C(S(OC2=CC(C)=C(Cl)C(C)=C2)(=O)=O)C=C(C)C=C1,0.011681312508881093
C12N(CC)C3CCN(CC=3C(=O)N1N=CC=2C(=O)N1CCN(CC1)C1C(C)=CC=C(Cl)C=1)CC1=CC=C(C=C1)OC,0.006139395455829799
N12N=CC(C(NCCN3CCN(CC3)CC)=O)=C1N(C1CCN(CC3=CC=C(C=C3)OC)CC=1C2=O)CC,0.007895721099339425
COC1=CC=C(S(OC2=CC(C)=C(Cl)C(C)=C2)(=O)=O)C=C1,0.009952682396396994
N12N=CN=C1N=C(C(C)=C2NC1C=CC(=C(C)C=1)Br)C,0.006839489284902811
N1=CN(C(C2C=CC3=C(C=CN3C)C=2)=C1C1=CC=CC=C1)C,0.010080244997516275
N12N=CN=C1N=C(C(C)=C2NC1C=C(C)C=CC=1OC)C,0.0066142647294327615
CC1=C(Cl)C(C)=CC(OS(C2=CC=C(F)C=C2)(=O)=O)=C1,0.007943729846738279
OC(C1=CC(NC(C2C(=O)OC3=C(C=CC=C3)C=2)=O)=CC=C1)=O,0.004922395863104612
N1(C=CC=N1)C1C=CC(=CC=1)CN(CC)CC1CCOCC1,0.012346863187849522
C(=O)(C1C(O)=CC=C(C=1)N1C=NN=N1)N1CCO[C@@H]2CCCC[C@@H]12,0.0032642318517901005
N12N=CN=C1N=C(C(C)=C2NC1C(OC)=CC(=C(Cl)C=1)OC)C,0.005540962773375213
C12CN(CCC=1ON=C2C1=CC=CC(OC)=C1)CC1NC=C(C(=O)C=1C)C,0.007533080689609051
N1C(CCC(=O)N(CCC)CC2=CC=CC(Cl)=C2)=NNC=1N,0.002821704524103552
N12N=CN=C1N=C(C(C)=C2NC1=CC(C)=C(C=C1OC)Cl)C,0.005612346366979182
N1(CCCNC(CCC(=O)NC2CCCC2)=O)CCC(CC1)O,0.004874280630610883
COC1=CC=C(NC(C2CC(=O)N(C3=CC(OC)=CC=C3)C2)=O)C=C1,0.007657153159379959
C1(C=C(NN=1)COC1=CC=CC(OC)=C1)C(=O)NC(CO)CO,0.0027064098278060554
N12N=CN=C1N=C(C(C)=C2NC1=CC=C(C=C1Cl)C)C,0.005220464756712317
C12=NC(=CN1N=C(C)S2)CNC(=O)C1OC(=NC=1C)CC,0.00394189195940271
C1(C2CCN(CC2)CC2C=CN=CC=2Cl)(C2C=CC=CN=2)NC(NC1=O)=O,0.002286438341252506
N12N=CN=C1N=C(C(C)=C2NC1C=CC=C(F)C=1)C,0.004308465053327382
C12CCN(CC=1N=CN=C2N(C)C)C(=O)C1=CC(C)=C2C(SC(=N2)N)=C1,0.0055701359640806915
N1=C(C)ON=C1C1C=CC=C(C=1)C(=O)N(C(C)CC)CC1=CC=NC=C1,0.00905296318233013
N12N=CN=C1N=C(C(C)=C2NC1=CC=C(C(F)=C1)C)C,0.0045963272918015715
CC1=C(C)C(C)=C(S(NC2CCCCCC2)(=O)=O)C=C1,0.009672982478514313
C1(CN(C(C)C)CC2C=CC(=C(OC)C=2F)F)C(C)=NN(C)C=1C,0.013295323215425014
C1(C)(C)C(C1(C)C)C(=O)N(CC)CCN1CCCC1,0.025428722333163022
N12N=CN=C1N=C(C(C)=C2N1CCN(CC1)C1=CC=CC=N1)C,0.006431572581641376
N1(C=NN=C1C1CCOCC1)C1C(OC)=CC=C(OC)C=1,0.010516398958861828
N12N=CN=C1N=C(C(C)=C2NC1=CC(OC)=C(C(OC)=C1)OC)C,0.006436942052096129
N12N=CN=C1N=C(C(C)=C2N1CCN(CC1)C1=CC=CC(C)=C1C)C,0.008343950239941477
C12CC(CCC=1N(N=C2C(O)=O)CC=C)N(C)CC1C=CN=CC=1C,0.00892333707306534
N1(CCOC(C1)C1C=CC2C(=CC=C(OC)C=2)C=1)C(=O)C(N)=O,0.007330559939146042
N12N=CN=C1N=C(C(C)=C2N1CCN(CC1)C1=CC(C)=CC=C1C)C,0.008266944135539234
C1(C2C=CC=C(C=2)NC(C)=O)=CSC(CN2CCNCC2)=C1,0.004796181514393538
COC1=C(C)C=C(S(NC2CCCCCC2)(=O)=O)C(C)=C1,0.008786095026880502
C1(=CN(N=N1)CCNC1N=CC(=C(CC)N=1)C)C(=O)N1CCSCC1,0.0053728786297142506
N12N=CN=C1N=C(C(C)=C2NC1C=CC2=C(OCO2)C=1)C,0.005873260367661714
N12N=CN=C1N=C(C(C)=C2N1CCN(CC1)C1C(C)=CC=C(Cl)C=1)C,0.006956746568903327
C1(=C(C)SC(C)=N1)CC(=O)N(CCC)CC1=CC=C(C=C1)OC,0.010277098743245006
COC1=C(Cl)C=CC(S(NC2CCCCCC2)(=O)=O)=C1,0.0073347573168575765
C(=O)(N(C(C)CC)CC1=CC=NC=C1)C1C=CC=C(OC)C=1OC,0.012308526737615465
N12N=CN=C1N=C(C(C)=C2N1CCN(C(C)C1)C1=CC=CC(C)=C1)C,0.007732365955598652
C1(CN(C)C(=O)CCSCC2=CC=C(C=C2)F)=NC=CN1C,0.004514123231638223
N12N=CN=C1N=C(C(C)=C2NC1C=CC(=C(Cl)C=1)C)C,0.005117207288276404
COC1=C(C)C=C(C)C(S(NC2CCCCCC2)(=O)=O)=C1,0.008500655274838209
N12N=CN=C1N=C(C(C)=C2NC1C=CC(=CC=1)OC)C,0.006116414908319712
COC1=C(S(NC2CCCCCC2)(=O)=O)C=C(C)C(C)=C1,0.008507717959582805
CCOC1=C(C)C=C(S(N2CCC(C)CC2)(=O)=O)C(C)=C1,0.008310713991522788
N1(CCC(C1)C1C=C(OC)C=CC=1OC)C(=O)C1=CC=CN=C1,0.009162808815017343
N12N=CN=C1N=C(C(C)=C2NC1=C(OC)C=CC(OC)=C1)C,0.00618861811235547
C12C(NCC3=CC4C(=CC=C(OC)C=4)N3)=NC(=NC=1OC(C)=N2)C,0.0036955281510017814
C1(C2CCCCCN2C)=NC(=NN1C1C=CC=CN=1)C,0.009579326584935188
N1C(CC2CCN(CC2)C)=NOC=1C1=CN=C2C(C=CC=C2)=C1,0.010054834512993693
C12CN(CCC=1NC1=C(C=CC=C12)Cl)C(=O)C1=CC=C(CO)O1,0.0026461834786459804
N12N=CN=C1N=C(C(C)=C2NC1=CC=C(C(C)=C1)C)C,0.006493401597253978
C12N=CC(=CN1N=CC=2C1=CC=CC=C1)CN(CC)CC1OC(=NN=1)CC,0.010034984350204468
N12N=CN=C1N=C(C(C)=C2NC1=CC=C(C(Cl)=C1)OC)C,0.005221220594830811
N12C=C(C)C=CC1=NC(CNCC1=CN(N=C1C)CC=C)=C2,0.005885214498266578
N12N=CN=C1N=C(C(C)=C2NC1C(OC)=CC=C(Cl)C=1)C,0.00521223769756034
C1(NC(=O)CN(C2CCCCC2)CC2=CC=CC=N2)C(C)=NN(CC)C=1C,0.010808126488700508
N12N=CN=C1N=C(C(C)=C2NC1C=CC(=CC=1)F)C,0.004552588157821447
C(=O)(CC(=O)NC(C1=CC=CC=C1)CN1C=CN=C1)NC1C=CC=C(C)C=1C,0.005329343630000949
N1C(C2=CC=CN=C2)=NC2=C(CCN(C(CN)=O)C2)C=1N(C)C,0.007075487170368433
C1(=NC=CN1C)CN(C(C)C)C(=O)CC1=CSC(C)=N1,0.006249227630905807
N12N=CN=C1N=C(C(C)=C2NC1C=C(C)C=CC=1C)C,0.006409247778356076
N1(C2=CC=CC=C2OC)C=C(C=N1)C1C=CN=C(NCCC2N(C)N=CN=2)N=1,0.007311490667052567
N12N=CN=C1N=C(C(C)=C2NC1=CC(C)=CC(C)=C1)C,0.006627040752209723
[C@@H]12[C@](CC)(C(OC)=O)N[C@H](C3C=CC(=CC=3)C#N)[C@@H]1C(N(CC)C2=O)=O,0.003208053070796524
C1(=NC=CN1CC1CCCCN1C)C1C=CC=CC=1OCCO,0.0036931106355041266
OC(C1=C(N(=O)=O)C=CC=C1C(NC1=C(C#N)C2=C(CCCC2)S1)=O)=O,0.003634195355698466
C1(CN(C(C)C)C(=O)CC2CCC=C2)C(C)=NN(C)C=1C,0.017072458751499653
N1(C[C@H]([C@H]2N3CCC(CC3)[C@H]21)C1=CC=CC(OC)=C1)C(=O)C1(CCCC1)O,0.01074467906728387
N12N=CN=C1N=C(C(C)=C2NCC1C=CC=C(OC)C=1)C,0.006039322633296251
N12N=CN=C1N=C(C(C)=C2N1CCN(CC1)CC1C=CC=CC=1)C,0.007083451212383807
N1C2=CC=C(C=C2C=C1CNC[C@@]1(CCCN2CCCC[C@@]21[H])O)OC,0.006749517912976444
N1(CCCC(COC)C1)C(=O)C1=CC=C(N=C1)N(C)CCC(C)(C)O,0.008787324698641897
C1(C(C)NC(=O)C2C(Cl)=CC=C(C=2)N2C=CC=N2)N(CC)N=CN=1,0.005096079991199076
N1(CCN(C2(CCN(CC2)C)C1)C)C(=O)C1CCN(CCOC)C1,0.01428275895304978
N12N=CN=C1N=C(C(C)=C2N1CCN(CC1)C1=CC=CC=C1F)C,0.0060022658668458465
C1(C2C(C)=CC(=C(C)C=2)OC)OC(=C(CN2CCC(N(C)C)C2)N=1)C,0.010064371745102108
C1(NC(=O)CN2C=C(C=N2)C2=CC=CC(F)=C2C(N)=O)=CC(=NN1C)C,0.0041950186830945315
N12N=CN=C1N=C(C(C)=C2NC1C=CC=C(C)C=1)C,0.005703971069306135
C1(=CSC(C)=C1CC)C(=O)NC(CC)C1C=CC=CN=1,0.009101066691800951
N12N=CN=C1N=C(C(C)=C2NC1C=CC=C(OC)C=1)C,0.005820185854099691
C1(CN(CCN1)CC1=CC=C(C=C1)OC1=CC=C(C(C)=C1)C)C(O)=O,0.0057673353468999265
COC1=C(S(N2CCN(C3=CC=CC=C3)CC2)(=O)=O)C(C)=C(Cl)C(C)=C1,0.005267673812340945
N12N=CN=C1N=C(C(C)=C2NCC1C=CC(=CC=1)C)C,0.006208535749465227
N1(CCCC(C1)C(=O)CC(C)C)C(=O)C1=CC=C(N=C1)C1=CC=CC(O)=C1,0.005936828372068703
C1(=CC=CNC1=O)C1=NC=CC(C2N=CC=C(C=2)C(O)=O)=N1,0.0035660975496284663
C1(C(=O)N2CCN3C(=NC=C3C(N)=O)C2)=NN2C(N=C(C=C2C)C)=N1,0.004232662671711296
N12N=CN=C1N=C(C(C)=C2NCC1=CC=CC=C1Cl)C,0.004752155498135835
C12N=CC(=CN1N=CN=2)CC1NN=C(CC2C=CC=CC=2)N=1,0.004309353302232921
N12N=CN=C1N=C(C(C)=C2N1CCN(CC1)C1=CC=CC(Cl)=C1)C,0.006257083476521074
C1(=CC(C)=NC2C=CC=CC1=2)N1CCC2(CC1)CNC(=O)C2,0.007632725755684078
N12N=CN=C1N=C(C(C)=C2NC1C=CC(=CC=1)Cl)C,0.0046468607964925464
C1(=CNN=C1C1C=CC=C(F)C=1)C(=O)N1CCCN(CC2CC2)C(C(C)C)C1,0.005780903296545148
C12CC(CCC=1N(N=C2C(O)=O)CC)N(C)CC1=NC=C(C(OC)=C1C)C,0.009608847904019058
C(=O)(C1=CC=C2C(=C1)N=C(C(C)=N2)C)N(CCN(C)C)CC1CCCO1,0.011165035609155893
C1(C2=CC=CC=N2)=NOC(CCNC(=O)CCN2CCCCO2)=N1,0.0014931524929124862
N1(CCC(=O)N(C2CC2)CC2=CC=CC=C2OC)C(C)=C(C(C)=N1)C,0.012430273508653045
N12N=CN=C1N=C(C(C)=C2NC1C=CC(=CC=1C)C)C,0.006464185751974582
C1(=O)N(CC(=O)NC2=NN=C(C(C)CCC)S2)CC(=O)N1,0.001596114959102124
S(=O)(=O)(N1CCN(CC1)C)C1=CC(C2=CC=C(C=C2)OC)=CC(C(O)=O)=C1,0.003785451059229672
N12N=CN=C1N=C(C(C)=C2NC1=CC=C(C=C1)C)C,0.005934620555490255
N1(C[C@@H]([C@@H](N2CCCCC2)C1)O)C(=O)C1=CC2=CC(C)=CC=C2N=C1C,0.0037406499497592447
C12N=CC(=CN1N=CC=2C1=CC=CC=C1)CN(C(C)C)CC1C=NN(CC)C=1,0.014580680010840296
N12N=CN=C1N=C(C(C)=C2NC1=CC=CC=C1)C,0.005528172047343105
N1(CC2C=CC=CC=2)C(C2CCNCC2)=NN(CCOCC)C1=O,0.004832383734174073
N12N=CN=C1N=C(C(C)=C2NC1=CC=CC=C1C)C,0.006043193209916353
N12N=CN=C1N=C(C(C)=C2N1CCN(CC1)C1C=CC(=CC=1)OC)C,0.007868944760411977
C1(C(=O)N[C@H]2COC[C@@H]2OCC)=CC(C)=C(N(C)C1=O)CC,0.007860485510900617
C1(=CC(=CN1)C)C(=O)N1CCOC(C1)CC(C1C=CC=CC=1)C1C=CC=CC=1,0.006851001363247633
C1(C(N)=O)=CN=C2CN(C(C(O)CCSC)=O)CCN12,0.0023020703403744845
N12N=CN=C1N=C(C(C)=C2NC1C=CC=C(C)C=1C)C,0.006469403323717415
C1(CN(C)C(=O)C2OC(=NN=2)CCC)C(C)=NN(C)C=1C,0.008602589275687933
CCC1=C(N2CCN(S(C3=C(C)C=C(C)C(OC)=C3)(=O)=O)CC2)C=CC=C1,0.00659979241900146
N1(CCN(C(=O)C1C)CC1=CC=CC(C)=C1)C(=O)C1C=CC(NN=1)=O,0.0036132838693447413
N1(C=CC=N1)C1=CC=CC(=C1)C(=O)N[C@@H]1CC[C@@H](N)C1,0.007510110433213413
N12N=CN=C1N=C(C(C)=C2NC1C=CC=C(C=1)C(F)(F)F)C,0.0030729572346899657
C1(C(=O)N(C)CC2C=CC(=CN=2)CC)=CC(=O)N(C(=O)N1C)C,0.008418710576370359
N12N=CN=C1N=C(C(C)=C2NC1C=CC=C(Cl)C=1)C,0.004520589218009264
N12N=CN=C1N=C(C(C)=C2NC1=CC=C(C=C1)OCC)C,0.006152747478336096
CCC1=C(N2CCN(S(C3=C(OC)C=C(C)C=C3)(=O)=O)CC2)C=CC=C1,0.0060800044564530255
N12N=CN=C1N=C(C(C)=C2N1CCN(CC1)C1C=CC=CC=1)C,0.007195813767611981
N12N=CN=C1N=C(C(C)=C2N1CCN(CC1)C1=CC=CC=C1OC)C,0.008195845899172128
COC1=C(C)C=C(S(N2CCN(C3=C(C)C=C(C)C=C3C)CC2)(=O)=O)C=C1,0.007006478938274085
N12N=CN=C1N=C(C(C)=C2NC1C=CC=C(CC)C=1)C,0.0059114070376381275
N1(CC)C(C2CCN(CC2)C(=O)C2=CC=C3C(N=CC=C3)=N2)=NN(C)C1=O,0.0061607250245288014
N12N=CN=C1N=C(C(C)=C2NC1=CC=C2C(OCCO2)=C1)C,0.006497527426108718
C1(=NC=CC=C1C(N)=O)N1CCCC(CO)(CC2C=CC(=CC=2F)F)C1,0.0024394248030148447
C1(CN2CCC(CNC(=O)C3C=CC(=C(C)C=3)C)C2)=CC(=NO1)C,0.011750991269946099
N12N=CN=C1N=C(C(C)=C2NCC1=CC=CC=C1OC)C,0.006192033062689006
N1(CCC2NC3C(=CC(=CC=3)C(C)(C)C)N=2)C(C)=CC(C)=N1,0.005838469322770834
N12N=CN=C1N=C(C(C)=C2N1CCN(CC1)C1C=CC(=CC=1)F)C,0.006024412787519395
N1=C(N(C)CCCC)C=C(N=C1N1CCOCC1)C,0.008514594892039895
N12N=CN=C1N=C(C(C)=C2N1CCN(CC1)C1=CC=C(C=C1C)C)C,0.008328226278536022
[C@@H]12CN(C[C@@H]1[C@@](N[C@@H]2C1=CC=CC=C1C)(CO)CCO)CC1C=CC=CC=1,0.005462282424993248
N12N=CN=C1N=C(C(C)=C2NC1C=CC(=CC=1)Br)C,0.006238021864555776
C1(=CN(N=N1)CCCN1CCCC1=O)C1C=CC=C(OC)C=1OC,0.008567358646541835
N1=C(CN2C=CN=C2C2=CN=C(N=C2)SC)ON=C1C(C)C,0.006657163496129215
N12N=CN=C1N=C(C(C)=C2NC1C=CC(=C(Cl)C=1)F)C,0.004300909978337586
C1(C2C=CC=CC=2F)=C(C)C2=C(C=CC(CNC(=O)C3=NNC(N)=C3)=C2)N1,0.0026644346537068484
N12N=CN=C1N=C(C(C)=C2NC1C=CC(=C(OC)C=1)OC)C,0.006527233286760747
N12N=CN=C1N=C(C(C)=C2NC1C(C)=CC=C(Cl)C=1)C,0.00500411840621382
COC1=C(S(NC2=C(Cl)C=CC=C2)(=O)=O)C=CC(Cl)=C1Cl,0.006760680582374334
C1(CN2CCC(CC2)(O)C2=CC=C(C=N2)C)=C2C=CC=CN2C(C)=N1,0.007637390913441777
N1(CCN(C2(CCN(CC2)C)C1)C)C(=O)CCN1C[C@@H](C)O[C@@H](C)C1,0.01115839839912951
N12N=CN=C1N=C(C(C)=C2NC1C=CC(=CC=1)OC(F)(F)F)C,0.0027110554336104544
N12N=CN=C1N=C(C(C)=C2NC1C=CC=C2CCCCC=12)C,0.008534681936725973
N12CCN(CCC1=NN=C2C(C)C)C1=NC=CC(CCC(F)(F)F)=N1,0.004676692280918359
N12N=CN=C1N=C1C(CCC1)=C2N1CCN(CC1)C(=O)C1=CC=CO1,0.008277315646409988
N1(CCC2=C(N=CN=C2NCCC2=CNC=N2)C1)C(=O)C1=CC=CN=C1,0.003165750845801085
N12N=CN=C1N=C1C(CCC1)=C2NC1C=CC(=C(C)C=1)Br,0.009097304753959179
C1(NC2C=C(C)C=CC=2OC)=C2CCCC2=NC2=NC=NN12,0.008129058266058564
C1(C(C)=NOC=1C)NC(=O)C1=CC=CC(=C1)CN(C)C(C)C1SC=CN=1,0.00695999797899276
C1(NC2C(OC)=CC(=C(Cl)C=2)OC)=C2CCCC2=NC2=NC=NN12,0.007168227853253484
C1(OC2=C(C=CC=C2)N=1)N1CC[C@@]([C@@H](CC2=CC=CC=C2)C1)(C)O,0.00737717654556036
C1(=O)N(CC(NCCC2SC(=C(C)N=2)C)=O)C(C(=O)N1)(C)C,0.0015738003770820797
N12N=CN=C1N=C1C(CCC1)=C2NC1=CC=C(C=C1F)Br,0.007281949883326888
C12CN(CC=1C=NN2CC1C=CC(=CC=1)F)C1=C(F)C=C(C=N1)Cl,0.007873095106333494
C1(NC2=CC(C)=C(C=C2OC)Cl)=C2CCCC2=NC2=NC=NN12,0.0067048948258161545
C1(C2C=CC=CC=2)N=CNC=1C1=CC=C(C=C1)OCCN1C=CN=C1,0.004643987654708326
N12N=CN=C1N=C1C(CCC1)=C2NC1=CC=C(C=C1Cl)C,0.006522749084979296
COC1=C(C2N(S(C3=CC(N(=O)=O)=CC=C3)(=O)=O)CCS2)C=C(Br)C=C1,0.0033992131939157844
C12C(=O)NCCN1CCN(C(=O)C1C=CC(=CC=1)N1C=CC=N1)C2,0.004591586499009282
N1(CC(O)=O)C(C)=C(C(C)=N1)NC(=O)C1C=C(CC(C)C)NC(=O)N=1,0.004741186439059675
N12N=CN=C1N=C1C(CCC1)=C2NC1C=CC=C(F)C=1,0.005657042446546257
N1(CCCC2C=C(C)C=CC1=2)C(CNCC1=CC=CC(OC)=C1OC)=O,0.010341768572106957
C1(C(=O)N2CCCOC3C(=CC=CC=3C2)OC)=C(C)N=C2N=CC=CN21,0.0066367890918627385
N12N=CN=C1N=C1CCCC1=C2NCCC1=CC=C(C=C1)Cl,0.006897692638449371
N1=C(N(C)CC2C=COC=2)C=C(N=C1N1CCOCC1)C,0.007363818935118616
N12N=CN=C1N=C1C(CCC1)=C2NC1=CC=C(C(F)=C1)C,0.0058680402114987375
C1(C2C=CC=CC=2C(NN=1)=O)C(=O)N1CC=CC1CCCC,0.006203500577248633
N12N=CN=C1N=C1C(CCC1)=C2N1CCN(CC1)C1=CC=CC=N1,0.007778280833736062
C1(SC2=C(CCNC2)C=1C(O)=O)S(=O)(=O)N(C)CC1=CN=CC=N1,0.0032019470643717797
C12C=C(CNC(=O)C(C3C=CC=NC=3)N3CCCC3)C=CC1=NON=2,0.006026614690199494
N12N=CN=C1N=C1C(CCC1)=C2NC1=CC(OC)=C(C(OC)=C1)OC,0.00784662663936615
N1(CCNC(=O)C1CC(OC)=O)CC1NC=CN=1,0.001984193176031113
N(C(C)C)(CC1=CC(OC)=C(C=C1OC)OC)C(C1CCOCC1)=O,0.014017339237034321
N12N=CN=C1N=C1C(CCC1)=C2N1CCN(CC1)C1=CC=CC(C)=C1C,0.009679551282897592
C1(=C(C)C=CC(C(O)=O)=C1)C1=CC=C(N=C1)OC,0.005019897327292711
N12N=CN=C1N=C1C(CCC1)=C2N1CCN(CC1)C1=CC(C)=CC=C1C,0.009642494888976217
C1(CN2CC[C@H]([C@H](O)C2)C2=CC=C3C(C=CC=C3)=C2)C(CO)=CN=C(C)C=1O,0.003187044581864029
N12N=CN=C1N=C1C(CCC1)=C2N1CCN(CC1)C1C(C)=CC=C(Cl)C=1,0.007871514395810663
C(=O)(C1=CC=CC2C=NC=CC1=2)N(CC1CCCO1)CC1C=CC=CN=1,0.009782912069931626
N12N=CN=C1N=C1C(CCC1)=C2NCC1C=CC2=C(OCO2)C=1,0.007510452135466039
N1C=CN(CC2CCCN(CC3=CC=C(C=C3)NC(C)=O)C2)C=1,0.0048021975322626535
N12N=CN=C1N=C1C(CCC1)=C2N1CCN(CC1)C1CCCCC1,0.010696060070768
N1(C=NN=C1)C1C=CC=C(C=1)C(=O)N(CC)CCOC1=CC=CC(C)=C1,0.008856934122741222
N12N=CN=C1N=C1C(CCC1)=C2NC1C=CC(=C(Cl)C=1)C,0.006446091900579631
C1(C(=O)N(C)CC2NC3C(=CC(=C(C)C=3)C)N=2)C=C2N(CCN(C(C)=O)C2)N=1,0.004266126756556332
N12N=CN=C1N=C1C(CCC1)=C2NC1C=CC(=CC=1)OC,0.007638043281622231
C1(C2C(C)=CC(=C(C)C=2)OC)OC(=C(CN2CCC(CC2)C(N)=O)N=1)C,0.006677805539220571
N1(C=CC=C1CN1CCC(CN)C1)C1N=CC=CN=1,0.007698241318576038
C1(NC2=C(OC)C=CC(OC)=C2)=C2CCCC2=NC2=NC=NN12,0.007869449467398227
C1(CN2CCNC(C(O)=O)C2)=CN(N=C1C1C=CC=CC=1)C1=CC=CC=C1,0.004829626530408859
C1(C=C(C2=CC=CS2)N=C(N)C=1C#N)C1C=C(OC)C(=CC=1OC)OC,0.004614557500462979
N12N=CN=C1N=C1C(CCC1)=C2NC1=CC=C(C=C1)C(C)=O,0.010033073276281357
N12N=CN=C1N=C1C(CCC1)=C2NC1=CC=C(C(C)=C1)C,0.008510711090639233
N1=C(C(C)C)ON=C1N1CCC(CC1)C1NN=CC=1C1C=CC=C(F)C=1,0.003758810553699732
C12=CC(C3C=CC=C(Cl)C=3)=CC(O)=C1OCCN(C(=O)CCOCC)C2,0.004647474712692201
N12N=CN=C1N=C1C(CCC1)=C2NC1=CC=C(C(Cl)=C1)OC,0.006532076117582619
C1(NC(CNCC2C=CC(=C(F)C=2F)OC)=O)C(C)=NN(CC)C=1C,0.007182447379454971
N1C(=O)C=CN(CCC(=O)NC2C=CC(=CC=2)C(=O)OC2CCCC2)C1=O,0.00476327883079648
C1(NC2C(OC)=CC=C(Cl)C=2)=C2CCCC2=NC2=NC=NN12,0.006654889998026192
C1(C2=CC=CC(C)=C2)=NC=C(C=N1)CN(CC)CCN(C)C,0.012743743369355798
C1(=CC=C(CN(CC)CCN2CCCCCC2)O1)C1=CC=NN1,0.009967051539570093
N12N=CN=C1N=C1C(CCC1)=C2NC1=CC=CC=C1Cl,0.006432194309309125
C1(C2=CC=CS2)(CC1(C)C)C(=O)N[C@H]1CC[C@@H](CC1)N1C=NN=C1,0.010592932719737292
N12N=CN=C1N=C1C(CCC1)=C2NC1C=CC(=CC=1)F,0.0062933516222983595
C1(C(F)=CC=C(C)C=1F)C(=O)N(CCOC)CC1C=NN(C)C=1,0.008005349128507078
C12CN(CCC=1ON=C2C1=CC=CC2=CC=CC=C12)C1=NC=NC(COC)=C1,0.009423766611143946
C1(NC2C=C(C)C=CC=2C)=C2CCCC2=NC2=NC=NN12,0.008005373203195632
N1(CC2ON=C(C(C)(C)C)N=2)C=NC(C2=CC=CC=C2)=C1C1=CC=C(C=C1)C(C)=O,0.011158290831372143
N1(CC(=O)NCC2CCCN(CC3=CC=CO3)C2)C=C(C=N1)Cl,0.0066917372401803735
N12N=CN=C1N=C1C(CCC1)=C2NC1=CC(C)=CC(C)=C1,0.008146887691691519
C1(C=CC(=CC=1N1CCCC1)N1C=NN=C1)C(N)=O,0.00603478541597724
N12N=CN=C1N=C1C(CCC1)=C2NC1C=CC=CC=1OC,0.007955914968624711
C(=O)(N(C)CCOC1=C(C)C=CC(C)=C1C)C1C=NC=CN=1,0.009704195940867067
N12N=CN=C1N=C1C(CCC1)=C2NC1C=CC=CC=1OCC,0.007911929325200618
N12N=CN=C1N=C1CCCC1=C2NCCC1=CC=CC=C1,0.007780705811455846
N1(CC2CC2)C(=O)CCN(C2C=NC=CN=2)CC1C(C)C,0.011278554936870933
N1=NC=C(SCCNC(=O)C2C=C(C)N=C(C)N=2)N1,0.0027050825650803746
N12N=CN=C1N=C1C(CCC1)=C2NCC1=CC=C(C=C1)F,0.006485717417672276
C1(=NC=CN1CCN1CCN(CC1)C1N=CC=CN=1)C1C=C(C)C(=C(C)C=1)O,0.0035920024034567176
N12N=CN=C1N=C1C(CCC1)=C2NCC1C=CC=C(OC)C=1,0.007795054512098431
C1(=CSC(NC)=N1)C(=O)NCC1=CC=CN=C1N(C)C1CCCCC1,0.006462864857167005
S(NCCOC)(=O)(=O)C1C=C(C=C(C2=C(C=CC=C2F)OC)C=1)C(O)=O,0.0030364623351488264
N12N=CN=C1N=C1C(CCC1)=C2NCC1=CC(OC)=CC=C1OC,0.007924346602521837
C1(=O)NCCN1CCNC1=NC(C)=CC(C2CCC2)=N1,0.004425837006419897
N12N=CN=C1N=C1C(CCC1)=C2N1CCCCCC1,0.011947043798863887
C1(=CN=C2N(C=CC=C2O)C1=O)C(=O)N1CCC(CC1)C1NN=CC=1CC,0.0046774425311014054
N12N=CN=C1N=C1C(CCC1)=C2N1CCN(CC1)CC1C=CC=CC=1,0.008825507713481784
C1(=NC=CC=C1C(O)=O)N1CCOC2=C(C=C(C3=CC=CN=C3)C=C2C1)O,0.003050332120619714
CCOC(CC1N=C(NC(C2CCCCC2)=O)SC=1)=O,0.008767922082915902
N(CC=CC1=CC=CO1)(C(C)CC)CC1=CC=CN=C1,0.013697413448244333
N12N=CN=C1N=C1C(CCC1)=C2N1CCN(CC1)C1=CC=CC=C1F,0.007033829553984105
N1(C2CCCCC2)CCC(CC1)CC(NC)=O,0.015414088405668736
N12N=CN=C1N=C1C(CCC1)=C2NC1C=CC=C(C)C=1,0.007809250056743622
COC1=CC(C(NC2=CC=C(C3N=C(C)SC=3)C=C2)=O)=CC(OC)=C1,0.005852679628878832
N1(C=NN=C1CCC1C(C)=NNC=1C)C1C(OC)=CC=C(OC)C=1,0.006402045767754316
CC1=CC(OCC(NNC(C2=CC=C(NC(C3=CC=CC=C3)=O)C=C2)=O)=O)=CC=C1,0.004343376774340868
N12N=CN=C1N=C1C(CCC1)=C2N1CCC2=C(C=CC=C2)C1,0.011504004662856459
C12C(C3CCN(CC3)C(C)C)CC(NC1=NNC=2C(C)C)=O,0.007352741737850011
N12N=CN=C1N=C1C(CCC1)=C2NC1C=CC=C(OC)C=1,0.007393127493560314
N12N=CN=C1N=C1C(CCC1)=C2N1CCC(CC1)CC1=CC=CC=C1,0.011275840131565929
N12N=CN=C1N=C1C(CCC1)=C2NCC1=CC=CC=C1Cl,0.006276004039682448
N1=C(CN2C=CN=C2C2=CC=C(C3CCCCO3)O2)ON=C1C1=CC=CN=C1,0.00785738294944167
N1C=C(C2C=CC=C(C)C1=2)CCNC1CCN(CC1)C(=O)C1CCCO1,0.005835420195944607
N12N=CN=C1N=C1C(CCC1)=C2N1CCN(CC1)C1=CC=CC(Cl)=C1,0.007348337257280946
C12(CCN(CC1)C(=O)C1C=CC(=C(O)C=1)C)N(C)CCNC2=O,0.003963176673278212
CC1(NC(C)(C)CC(NC(CCC2=CC=CC=C2)=O)C1)C,0.009897889988496899
CC1=CC(OCC(NC2=NC=CC=C2)=O)=CC=C1,0.005801171204075218
N1(CC2=CC=CC=C2)C(=O)NN=C1C1CCN(CC1)C(=O)C(=O)C1=CC=CO1,0.00670178160071373
N12N=CN=C1N=C1CCCC1=C2NCCN1CCN(CC1)C1=CC=CC=C1F,0.0059343842323869465
C1(=CC=NN1CC1C=CC=C(Cl)C=1)NC(=O)C1=CC=C(OC)O1,0.00531639854889363
CC1=CC=C(S(N2CSCC2)(=O)=O)C=C1,0.0049042852246202525
N12N=CN=C1N=C1C(CCC1)=C2NC1C=CC(=CC=1)Cl,0.006109844008460641
C12C(=O)NCC(C3C=CC=CC=3OC)CC=1NC(C1=CC=CC=C1OC)=N2,0.00392259395448491
N12N=CN=C1N=C1C(CCC1)=C2NC1=CC=C(C=C1)C,0.007929317490197717
N1=CN(C(C2C=CC(=CC=2)C#N)=C1C1C=CC=CC=1)CCN1C=C(N=N1)C,0.0066506503848358985
C(=O)(N(CC1=CC=CC=C1)CC1SC=CN=1)C(CC)N1C=CC=N1,0.007527280342765152
CC1N(S(C2=CC=C(I)C=C2)(=O)=O)CCS1,0.006258667912334204
[C@@]12(CC[C@@]([C@@H](O)C1)(C)C2(C)C)C(NCCC1NC2=C(C=CC=C2)N=1)=O,0.002292019920423627
N12N=CN=C1N=C1C(CCC1)=C2NC1=CC=CC=C1,0.007094179163686931
C1(=NC=CC2OC=CC1=2)N1CCCC(CCOC2=CC=CC=C2)(C(O)=O)C1,0.005969425546936691
CC(C(NC1=CC(C2N=C3N(C(=CC=C3)C)C=2)=CC=C1)=O)C,0.005597389547619969
N1(CC2=COC(C)=N2)C(=O)C(NC1=O)(CCCC1=CC=CC=C1)C1CCNCC1,0.0023234526510350407
N12N=CN=C1N=C1C(CCC1)=C2NC1=CC=C(C=C1)OC1=CC=C(C=C1)Cl,0.006761586479842663
S1(=O)(=O)CCN(CC1)C1=C(CC)C=NC(C)=N1,0.007046429603360593
N1(CC(C1)OC1=CC=CC(C)=C1)C(=O)CCC1C(C)=C(NN=1)C,0.005762688000686467
N12N=CN=C1N=C1CCCC1=C2NCCC1CCCCC=1,0.0110290901735425
C12SC=CC=1C(=NC(C)=N2)NCC(CC=C)(CC=C)O,0.007639754447154701
CC1=C(NC(COC2=CC=C(Br)C=C2)=O)N=CC=C1,0.006940353778190911
N12N=CN=C1N=C1C(CCC1)=C2NC1=CC=CC=C1C,0.007556973095051944
N1(C2C=CC=CC=2)C(=O)N(N=C1C1CCNCC1)CCN1C=CN=C1CC,0.004299833253026008
C12CN(CCC=1N=C(N)S2)C1C=C(C2CCCNC2)N=C(C)N=1,0.004993435461074114
N12N=CN=C1N=C1C(CCC1)=C2N1CCN(CC1)C1C=CC(=CC=1)OC,0.00912558352574706
N1(CCC(CC1)N(CC=C)CC1C=CC=CN=1)C(C)=O,0.007813216862268746
N12N=CN=C1N=C1CCCC1=C2NCCN1CCN(CC1)C1=CC=C(C=C1)OC,0.0075630498817190524
C1(OC(=C(CN2C=CN=C2)N=1)C)C1=CC=C(C=C1F)OC,0.003934419003780931
N12N=CN=C1N=C1C(CCC1)=C2NC1C=CC=C(C=1)C(F)(F)F,0.004502497857902199
N1=C(N)N=C(C=C1N1CCN(CC1)C)NC(C)C1C=CC=CC=1N1C=CC=N1,0.005121134500950575
N12N=CN=C1N=C1C(CCC1)=C2NC1C=CC=CC=1F,0.006315924692898989
C1(CN(CC)CC)=C(CC)OC(C(=O)NCC2=CC=C(C=C2)C(O)=O)=C1,0.008230839809402823
C1(C(=O)N(CCCC)CC#CC2C=CC=CC=2)=C(C)N=C2N=CC=CN21,0.006566597009077668
N12N=CN=C1N=C1C(CCC1)=C2NC1C=CC=C(Cl)C=1,0.005926239467225969
C1(CN2CCOC(CCNC(C(C)C)=O)C2)SC=CC=1C,0.008783629536628723
C12N=C(C)C=C(C)N1N=C(CC(=O)NCC1=CC=C3C(CC(O3)(C)C)=C1)N=2,0.006895501213148236
N12N=CN=C1N=C1C(CCC1)=C2NC1=CC=C(C=C1)OCC,0.007593809138052165
N1(C(C)C)C=C(C=N1)CNC(=O)C1=CC=CC=C1OCC(C)=C,0.008741161553189158
N12N=CN=C1N=C1CCCC1=C2NCCC1=CC=C(C(OC)=C1)OC,0.009398206789046525
C1(C2=CC=CC=C2F)(C(NCCC2ON=C(C(C)C)N=2)=O)CC1,0.006932179117575288
N12N=CN=C1N=C1CCCC1=C2NCCC1C=CC(=CC=1)C,0.008375882147811353
C1(=CC=NN1CC1=CC=C(C)O1)NC(=O)CN1C=C(C=N1)C1N=CC=CN=1,0.006374380900524557
N12N=CN=C1N=C1C(CCC1)=C2N1CCN(CC1)C1C=CC=CC=1,0.008808614010922611
C1(NC(=O)CN2C=C(C=N2)C2=NC=CN=C2OC)C2C=CC=CC=2N(C)N=1,0.006274440744891763
S(C)(=O)(=O)N1CCCC1C(=O)N(C(C)C)CC1=CC=CC=C1OC,0.007411342905834317
C1(C2=CC=CC(C)=C2)=NC=C(C=N1)CN1CCC2(CCCNC2)C1,0.009869989426806568
N12N=CN=C1N=C1C(CCC1)=C2NC1CCCCCC1,0.010431036166846753
N1(CCC2C(=CC=CC=2)C1)C1=NC=CC=C1CNC1N=CN=C(C=1)C1CC1,0.008703431161120535
N12N=CN=C1N=C1C(CCC1)=C2NC1CCCCCCC1,0.01106987171806395
N1(CCCCO)CCOC(C2=CC=C(C=C2)F)C1,0.003769570356234908
N12N=CN=C1N=C1C(CCC1)=C2NC1C=CC(=CC=1F)F,0.006347305863164366
C(=O)(C1=CC=CS1)N(C)CC(=O)C1C=CC(=CC=1)O,0.00960900541394949
N12N=CN=C1N=C1C(CCC1)=C2NC1C=CC(=CC=1Cl)F,0.005732673779129982
N12N=CN=C1N=C1C(CCC1)=C2N1CCN(CC1)C1=CC=CC(=C1)C(F)(F)F,0.004760937276296317
[C@@H]12[C@](CC)(C(OC)=O)N[C@H](C3C=C(F)C(=C(F)C=3)F)[C@@H]1C(N(C)C2=O)=O,0.0032838732150082704
N12N=CN=C1N=C1C(CCC1)=C2N1CCN(CC1)C1=CC=CC=C1OC,0.009199842065572738
C1(=NC=CN1CCN1CCCCC1=O)C1C=CC=CC=1C1=CC=CO1,0.0060639145318418745
C1(C#N)C(N)=NC(=CC=1C1=CC=CC(O)=C1)C1=CC=CC(=C1)C(O)=O,0.0017556691425852477
N12N=CN=C1N=C1C(CCC1)=C2NCC1C=CC=CN=1,0.006771251861937344
C12CCN(CC=1N=C(N=C2NCC1C=CC2=C(C=CS2)C=1)C)C(C)=O,0.005698140896856785
C1(=C2CCCC2=NC2=NC=NN12)N1CCC2=CC=CC=C12,0.011211969517171383
S1C(C)=NN=C1SCCCN1CC(CC1=O)C(O)=O,0.006529570883139968
N1C(NCCS(NC)(=O)=O)=C(C)C(=NC=1N(C)C)C,0.0034841073676943777
N12N=CN=C1N=C1C(CCC1)=C2NC1C=CC=C(CC)C=1,0.007841484085656703
C12N=CNC=1CCN(CC1=CC=C(C=C1)NC(C)=O)C2C1=CC=CC(F)=C1,0.0032317045028321446
N12N=CN=C1N=C1C(CCC1)=C2NC1=CC=C2C(OCCO2)=C1,0.008012902620248497
N1=C(C)SC=C1CC(NCCSC1C=CC=CN=1)=O,0.004653991537634283
N12N=CN=C1N=C1C(CCC1)=C2NC1C=CC(=CC=1)C(C)C,0.009171455423347652
N12N=CN=C1N=C1C(CCC1)=C2NCC1=CC=CC=C1OC,0.007906381576322018
COC1=CC=C(S(NC2=C3C4=C(CCC4=CC=C3)C=C2)(=O)=O)C=C1,0.0060485415160655975
N1(CCC(NCCSC2=NC=CN2C)=O)C2C=CC=CC=2C=C1C,0.0056516783311963085
C1(CN(CC)CC2=CC=CC=C2F)=CC=C(CO)O1,0.0038609313196502626
N12N=CN=C1N=C1C(CCC1)=C2N1CCN(CC1)C1=CC=C(C=C1C)C,0.009707524813711644
N1(CCCC(C1)C(=O)CC(C)C)C(=O)C1=CC=C(N=C1)NCCC1=CNC=N1,0.004404392268043011
C12C(C)=C(SC=1N=CN=C2NC(CC)C1ON=C(C)N=1)C,0.006392441177740693
N12N=CN=C1N=C1C(CCC1)=C2NC1C=CC(=CC=1)Br,0.007990656420588493
C(NCCSCC)(=O)CCN1CCCCCCC1,0.010562306363135576
N12N=CN=C1N=C1C(CCC1)=C2NC1C=CC(=C(Cl)C=1)F,0.005903745908290148
C12CN(CCC=1ON=C2C(C1=CC=CC=C1)C1C=CC=CC=1)CC(N)=O,0.01016535721719265
N1(C2=CC=CC=C2)C(=O)N(N=C1C1CCCNC1)CC1=CC=CC2=CC=CC=C12,0.005767181213013828
N12N=CN=C1N=C1C(CCC1)=C2NC1C=CC(=C(OC)C=1)OC,0.007954547321423889
C1(CCNCC1)(CN(C)CC1CC2=C(C=CC=C2)O1)C1=CC=C(C=N1)C,0.011544183921068906
C1(C(NCCSC2=CN=NN2)=O)C=C(NN=1)C1C=CC(=CC=1)C,0.0033722389256581665
C1(=CC(=NN1CC)CC(C)C)C(=O)N1CCC2=C(N=CN=C2N(C)C)C1,0.009827198134735227
N12N=CN=C1N=C1C(CCC1)=C2NC1=CC(OC)=CC(OC)=C1,0.0075915956404060125
C1(C(C)=NN(CC(O)=O)C=1C)NS(=O)(=O)C1C=CC2=C(OCCN2C)C=1,0.003869570919778198
N12N=CN=C1N=C1C(CCC1)=C2NC1C=CC(=CC=1OC)OC,0.007711362140253186
N1(CCC2=C(N=CN=C2NC2CC=CC2)C1)C(=O)C1CC1,0.009187509748153388
C1(C=C(NN=1)CN1C2C=CC=CC=2N=C1)C(=O)N(CC1C=CN=CC=1)C1CC1,0.004352154256775975
C1(NC2C(C)=CC=C(Cl)C=2)=C2CCCC2=NC2=NC=NN12,0.006358930072747171
N1(C2C(OC)=CC=C(Cl)C=2)C(=O)NN=C1C1CC1,0.003813595848623663
C1(C(C)=NNC=1C)C(C(O)=O)NC(=O)CC(F)(F)F,0.0021547021722653882
N12N=CN=C1N=C1C(CCC1)=C2NC1C=CC(=CC=1)N1CCOCC1,0.007237923447974026
N1(CC[C@@H](C[C@@H]1C(O)=O)O)CC(C)=CC,0.0026612783432938157
N12N=CN=C1N=C1C(CCC1)=C2NCC1=CC=CS1,0.006334202806465327
N12N=CN=C1N=C1C(CCC1)=C2NC1C=CC(=CC=1)OC(F)(F)F,0.003884963772725314
N1([C@@H](CC)C2=CC=CC=C2)C(CCC)=NNC1=O,0.004375102312769741
C1(NC2C=CC=C3CCCCC=23)=C2CCCC2=NC2=NC=NN12,0.010080809099599719
N12N=CN=C1N=C1C(CCCC1)=C2NC1C=CC=C(F)C=1,0.006074874149635434
C1(N2CCOCC2)N=C(CC)C=C(NCC2=CC(=NN2)C)N=1,0.003912591910921037
N12N=CN=C1N=C1C(CCCC1)=C2NC1=CC=C(C(F)=C1)C,0.00632194709032774
CCOC(N1CCN(C(C=CC2=C3C(C=CC=C3)=CC=C2)=O)CC1)=O,0.006760729942470789
C1(C(C)=NOC=1C)NC(=O)C1=CC=C(C=C1)CN1C[C@@H](C[C@H]1C(OC)=O)O,0.0029400760191492735
N12N=CN=C1N=C1C(CCCC1)=C2NC1=CC(OC)=C(C(OC)=C1)OC,0.008357549249194563
C1(C=C(OC=1C1C=CC=CC=1)C)C(=O)N(CC)C(C)CO,0.005507373507134617
N12N=CN=C1N=C1C(CCCC1)=C2N1CCN(CC1)C1=CC(C)=CC=C1C,0.01014641486108303
C1(=O)C(C2CCN(CC2)C(=O)C2=CC=CN2)(C2=CC=CN=C2)NC(=O)N1,0.0015526448580203578
N12N=CN=C1N=C1C(CCCC1)=C2N1CCN(CC1)C1C(C)=CC=C(Cl)C=1,0.008402596903033554
C1(=CN2C(C=CC=C2)=N1)C(=O)N1CC[C@H]([C@H](O)C1)C1=CC=C2C(OCO2)=C1,0.0017052138457074762
COC1=C(OC)C(OC)=CC(C(NC2=CC=C(C3N=C4N(C=CC(=C4)C)C=3)C=C2)=O)=C1,0.005343045596964658
CCN(C(C1=C(C)N=C(C2=CC=CC=C2)S1)=O)CC,0.00825065914541483
C1(OC(=NC=1C)C)C(=O)N(CC)CCOC1=CC=CC(C)=C1,0.007966449949890375
N12N=CN=C1N=C1C(CCCC1)=C2NCC1C=CC2=C(OCO2)C=1,0.007981003890745342
N1N=CN(CCC(=O)N(CC2=CC=CN=C2)CC2=CC=CC=C2OC)N=1,0.00589351742528379
N12N=CN=C1N=C1C(CCCC1)=C2NC1C=CC(=C(Cl)C=1)C,0.00691981406416744
N1(CCCN(CC2=CC=C(C=C2)F)C(C(C)C)C1)C(=O)C1=CN=C(C=N1)C,0.008794652577489615
N12N=CN=C1N=C1C(CCCC1)=C2NC1=CC=C(C(C)=C1)C,0.00872313897125423
CC1=CC2N(C=C(C3=CC=C(NC(C4=C(F)C=CC=C4)=O)C=C3)N=2)C=C1,0.0046097466489300135
N1=C(CSC2N=CC=CN=2)NN=C1CC(C)C,0.006784203904680907
CC1=C(C(N2CCOCC2)=O)SC(C2=CC=CC=C2)=N1,0.006133703188970685
N12N=CN=C1N=C1C(CCCC1)=C2NC1=CC=C(C(Cl)=C1)OC,0.006936746509745717
N1(CC(=O)N(C)CC2C=NN(C)C=2C)C2C=CC=CC=2N(CC)C1=N,0.006698525743559003
N12N=CN=C1N=C1C(CCCC1)=C2NC1C=CC(=CC=1)F,0.0067940167617052795
C1(=CC=C(N=C1)NCC1CCCO1)C(NCCCC1C=CC=CN=1)=O,0.005553818331100047
C1(NC2C=C(C)C=CC=2C)=C2CCCCC2=NC2=NC=NN12,0.008708087168633938
C1(=C(C)C=C(NC1=O)C)C(=O)N1CCN(CC1)CC1=CC=CC=C1CO,0.0026748792559374126
COC(C1C(C2=C(Cl)C=CC=C2)NC(=S)NC=1C1=CC=C(Cl)C=C1)=O,0.008630152512341737
N1(C2C=CC=C(Cl)C=2)C(SCC(O)=O)=NN=C1CN1C=CC=N1,0.005121254245750606
CN1CCN(S(C2=CC=C(NC(CCC3=CC=CC=C3)=O)C=C2)(=O)=O)CC1,0.004721392411738634
N12CCCC[C@]1([H])[C@@H](CCC2)CNCCC1CCN(CC1)CC1C=CC=CC=1,0.016018830146640538
N12N=CN=C1N=C1C(CCCC1)=C2NC1=CC(C)=CC(C)=C1,0.00891565524507314
CN1CCN(S(C2=CC=C(NC(COC3=CC4=C(C=CC=C4)C=C3)=O)C=C2)(=O)=O)CC1,0.0039290223270654675
C12=C(C=CC=C1C(=O)N1C[C@@H]3[C@@H](C[C@@H]([C@@H](O)C3)O)C1)C1=C(CCCC1)N2,0.0031608419503413644
C12(CCN(CC1)C(=O)CCOC)CN(CCN2C)CC1C=CC=C(C=1)C=C,0.010746133094653488
N12N=CN=C1N=C1C(CCCC1)=C2NCC1C=CC=C(OC)C=1,0.008292888477444648
C1(C(N)=O)=CN=C2CN(CCN12)C(=O)C1OC=CC=1C,0.005728976312093436
N1=C(C)ON=C1CN(C(C)C)C(=O)C1C=CN=C(NC)C=1,0.005538631696254015
N12N=CN=C1N=C1C(CCCC1)=C2NCC1=CC(OC)=CC=C1OC,0.008396483189426363
N12N=CN=C1N=C1C(CCCC1)=C2N1CCN(CC1)CC1C=CC=CC=1,0.009401708003133535
N1=CC=CN1CCCN(C)CC1C=CSC=1,0.012534662056714297
N12N=CN=C1N=C1C(CCCC1)=C2NC1CCN(CC1)CC1=CC=CC=C1,0.007873923564329744
N12CCCC1=NN=C2CNC(=O)C1=CC(=CC=C1Cl)NC(C)=O,0.004610542114824057
N12N=CN=C1N=C1C(CCCC1)=C2N1CCN(CC1)C1=CC=CC=C1F,0.007613021554425359
C1(CN2CCC3=C(N=CN3)C2C(C)C)=CC2=CC=CC=C2N(C)C1=O,0.005030704149976373
N12N=CN=C1N=C1C(CCCC1)=C2NC1C=CC=C(C)C=1,0.007932675583288074
C1(=NC=CC=C1C(OCC)=O)C1C=CC(=CC=1OC)OC,0.007193323457613587
N12N=CN=C1N=C1C(CCCC1)=C2NC1C=CC=C(OC)C=1,0.007880227663554252
N1(C2CCCC2)CC(CC1=O)CN(C)CC1C(C)=CC(=C(CO)C=1C)C,0.00955371679738164
N1(C2CCCNC2)CCC2C(=CC=CC=2)C1,0.013305362593382598
N12N=CN=C1N=C1C(CCCC1)=C2N1CCC(CC1)CC1=CC=CC=C1,0.011896410910412668
C(=O)(NC1=CC=C(C(NC(CCCC)=O)=C1)OC)C1C=CN=CC=1Cl,0.005962708685547114
C1(C2=CC=CC=C2SC=1)C1=CC(O)=C2C(CN(CCO2)C(=O)C2(N)CC2)=C1,0.005437023658305407
N12N=CN=C1N=C1C(CCCC1)=C2N1CCN(CC1)C1=CC=CC(Cl)=C1,0.007959709060378373
C1(=CC(=NN1CC)C(C)C)C1NN=C(CCC2=CC=CC=C2)N=1,0.007241196883842349
N12N=CN=C1N=C1C(CCCC1)=C2NC1C=CC(=CC=1)Cl,0.0066134023247286676
C1(C2C=CC(=CC=2)OC)ON=C(CNC2CCCNC2)C=1,0.00831296811811626
N(CC1=CC=C2C(OCO2)=C1)(CC1C=CC=NC=1)CC1=CC=CN=C1,0.011844117566943169
N12N=CN=C1N=C1C(CCCC1)=C2NC1=CC=C(C=C1)C,0.008108837110921741
C1(=CC=C(N=C1)NCC1COCCO1)C(NCCCC1C=CC=CN=1)=O,0.0051736134802922605
C(=O)(C1C=CC2=C(OCO2)C=1)N(CCCC)CC1=CC=CO1,0.011554947961121798
N12N=CN=C1N=C1C(CCCC1)=C2NC1=CC=CC=C1,0.0077574725029990075
N12C(CCC)=NN=C1SC(C1CCCCN1C(=O)C1CC1)=N2,0.010566656477749348
C(=O)(N1CCCC1)C1CCCN(C2CCN(CC2)CCCN2C=CC=C2)C1,0.01702822633087635
N12N=CN=C1N=C1C(CCCC1)=C2N1CCN(CC1)C1C=CC(=CC=1)OC,0.00957641750574112
C1(CN2CCN(CC2C)C2=CC=CC=C2C)C(C)=NN(CCO)C=1C,0.0063346945215016605
N12N=CN=C1N=C1C(CCCC1)=C2NC1C=CC=C(C=1)C(F)(F)F,0.004597424203529954
N1=CN(N=C1)CCN1CCN(CC1)CC1NC=CN=1,0.0029769475280772895
C1(CC(=O)NC(C2=CC=CC(C)=C2)C2=CC=CS2)=CC(=O)NNC1=O,0.0047251649899408225
N12N=CN=C1N=C1C(CCCC1)=C2NC1C=CC=C(Cl)C=1,0.00643107348587364
C1(=C(C2C=CC=CC=2)N=CN1CC1NC=CN=1)C1C=CC=C(OC)C=1OC,0.0053607358480803665
N1C2=C(C)C=C(C=C2SC=1N)C(=O)NCC1CCN(CC)C1,0.00602345981169492
N12N=CN=C1N=C1C(CCCC1)=C2NC1=CC=C(C=C1)OCC,0.008095720456913114
N1(CCOCC)C2=NC=C(C=C2N(CC2C=C(OC)C=CN=2)C1=O)C(O)=O,0.004371815430931747
N12N=CN=C1N=C1C(CCCC1)=C2N1CCN(CC1)C1C=CC=CC=1,0.00947825564071536
C1(N[C@@H]([C@@H](C)CC)C(N)=O)C=C(C2CCNCC2)N=C(C)N=1,0.004811820946633816
N1(C2C=CC=CC=2)C(SCC(O)=O)=NN=C1CC1C2C=CC=CC=2NC=1,0.0047175885993056
N12N=CN=C1N=C1C(CCCC1)=C2NCC1=CC=CC=C1OC,0.008379752468317746
CC(C1=CC=C(OCCCN2C3=C(C=CC=C3)C(=O)C2=O)C=C1)(C)C,0.01726904883980751
N1=C(CNC(=O)C2CCCN(C3CCN(CC3)C(=O)C3CC3)C2)C2=C(CCC2)N1,0.007497722399421036
N12N=CN=C1N=C1C(CCCC1)=C2N1CCN(CC1)C1C=CC(=CC=1)F,0.007702936325222254
N12N=CN=C1N=C1C(CCCC1)=C2N1CCN(CC1)C1=CC=C(C=C1C)C,0.01020888057537377
C1(=NC=CC=C1CNC(=O)C(N)=O)OC1C=CC=CC=1OC,0.005652164458297193
N12N=CN=C1N=C1C(CCCC1)=C2NC1C=CC(=CC=1)Br,0.008661598665639758
N1=C(CCC(=O)NCC2=CC=CN=C2N2CCN(CC2)C)NN=C1Cl,0.0025187622697558252
N12N=CN=C1N=C1C(CCCC1)=C2NC1=CC(OC)=CC(OC)=C1,0.008150392514653503
N1C2C=C(C=CC=2OC=1CNC(=O)C1=CC=CN=C1)C(C)(C)C,0.005779324425384402
N12N=C(N=C1N=C1CCCCC1=C2NC1C=CC=C(C(C)=O)C=1)C1=CC=CS1,0.00948565467260778
C1(C2CCOC2)=NC=CN1CCOC1C=CC=CC=1,0.00827650639694184
COC1=C(OC)C=C(C2N=C(CSC3N(C4CCCCC4)C(C4OC=CC=4)=NN=3)ON=2)C=C1,0.011588569870218635
N1(C=CC=N1)C1=CC=CC(=C1)CN(C)C1=NC=NC(CCN)=C1,0.0074029193259775635
N12N=C(N=C1N=C1CCCCC1=C2NC1C=CC(=C(C)C=1)Br)C1=CC=CS1,0.008979997178539634
N12C=C(N=C1SC=C2C(=O)NC(CC)C1N(C)N=CN=1)C1C=CC=CC=1C,0.005526660708710551
CC1=C(C)C2=C(N=C(N(C2=O)CC2OC=CC=2)SCC(NC2=CC(O)=CC=C2)=O)S1,0.0029849449056200683
C12CCN(CC=1N=CN=C2N(C)C)C(=O)C1C=CC2=C(C(C)=C(N2)C)C=1,0.004915913112927228
C12=CC(C3=CC=CN=C3)=CC(O)=C1OCCN(C(CC=C)=O)C2,0.0043618802446872
N12N=C(N=C1N=C1CCCCC1=C2NC1C=C(C)C=CC=1OC)C1=CC=CS1,0.008386105019599199
COC(CN1C2=C(C=CC=C2)SC1=O)=O,0.009689656412228942
N12N=C(N=C1N=C1CCCCC1=C2NC1C(OC)=CC(=C(Cl)C=1)OC)C1=CC=CS1,0.007073744293302297
N12N=C(N=C1N=C1CCCCC1=C2NC1=CC=C(C=C1F)Br)C1=CC=CS1,0.007112631783820688
C1(=CN=C2N(C=CC=C2)C1=O)C(=O)N(C(C)C)CC1C(C)=NN(C)C=1C,0.009468375192955136
N12N=C(N=C1N=C1CCCCC1=C2NC1=CC=C(C=C1Cl)C)C1=CC=CS1,0.006995919812470675
N1=C(C(C)NC(=O)C2C=C(ON=2)C(C)C)ON=C1C1=CC=CC=N1,0.007592384656891227
N12N=C(N=C1N=C1CCCCC1=C2NC1C=CC=C(F)C=1)C1=CC=CS1,0.006203151354566216
C1(C=C(ON=1)CN(C)CC1=CC=CC=C1)C(=O)N1CCCC1C1C(C)=NON=1,0.009650520188733936
C1(=NC=CN1C(C)C1C=CC(=CC=1)N1C=NC=N1)C1=CC2OCOC=2C=C1OC,0.008054162561893462
N12N=C(N=C1N=C1CCCCC1=C2NC1=CC=C(C(F)=C1)C)C1=CC=CS1,0.006478407187387347
N1C(NCCN2CCCC(C)C2)=NC=CC=1C1C=CC(=NC=1C)C,0.007382598519325256
N12N=C(N=C1N=C1CCCCC1=C2N1CCN(CC1)C1=CC=CC(C)=C1C)C1=CC=CS1,0.009256876586005092
N1(CC2C=CC=C(C=2)C(=O)NCC2=CC=C(C(OC)=C2)O)C=CC=N1,0.0044821236515417695
C1(C2C=CC(=CN=2)C(=O)N2CCCCC2)=CC2=CC=CC=C2N=C1OC,0.00825103260576725
N12N=C(N=C1N=C1CCCCC1=C2N1CCN(CC1)C1=CC(C)=CC=C1C)C1=CC=CS1,0.009205182874575257
N12N=C(N=C1N=C1CCCCC1=C2N1CCN(CC1)C1C(C)=CC=C(Cl)C=1)C1=CC=CS1,0.007535742549225688
N1=C(NCC2=CC=CN=C2N(C)CCC2C=CC=CN=2)C=C(N=C1C(C)C)C,0.010043126670643688
N12N=C(N=C1N=C1CCCCC1=C2NCC1C=CC2=C(OCO2)C=1)C1=CC=CS1,0.007846160815097392
COC1=C(CN2C3=C(N=C4C(=N3)C=CC=C4)C3=C2C=CC(=C3)Cl)C=CC=C1,0.010022209631279111
N12N=C(N=C1N=C1CCCCC1=C2NC1C=CC(=C(Cl)C=1)C)C1=CC=CS1,0.006914814538322389
C1(C=C(Cl)C=C2CC(CN)OC=12)C1C(C)=NC=C(C)N=1,0.010090194549411536
N12N=C(N=C1N=C1CCCCC1=C2NC1=CC=C(C=C1)CC)C1=CC=CO1,0.00894969399087131
N1C(CCNC2C=C(C3CCNCC3)N=C(C)N=2)=NNC1=O,0.0028157609165646138
N12N=C(N=C1N=C1CCCCC1=C2NC1C=CC=CC=1F)C1=CC=CO1,0.007170595368370414
C1(C=C(OC)C=CC=1OC)C1=NC=CC=C1C#N,0.009051607665605843
N12N=C(N=C1N=C1CCCCC1=C2NC1C=CC=C(Cl)C=1)C1=CC=CO1,0.006719192047603429
N12N=C(N=C1N=C1CCCCC1=C2N1CCN(CC1)C1C=CC=CC=1)C1=CC=CO1,0.009008209058083593
N12N=C(N=C1N=C1CCCCC1=C2NC1C=CC(=CC=1F)F)C1=CC=CO1,0.006692593079060316
O1[C@@H](C2CCCCC2)C[C@H](C[C@H]1C1=CN=C2C(C=CC=C2)=C1)NC(C)=O,0.010431405436247588
N12N=C(N=C1N=C1CCCCC1=C2N1CCN(CC1)C1=CC=CC=C1OC)C1=CC=CO1,0.008521998813375831
N1(C)C(COC2=CC=C(C=C12)C(=O)N(C)C)CC(=O)NC(CO)(CO)CO,0.006461081840097904
N12N=C(N=C1N=C1CCCCC1=C2NC1C=CC=C(CC)C=1)C1=CC=CO1,0.008796694292686879
C1(C=C(NN=1)COC1C=CC=CC=1)C(=O)N1CCCN2N=C(C#N)C=C2C1,0.00494150685844943
N12N=C(N=C1N=C1CCCCC1=C2NCC1=CC=CC=C1OC)C1=CC=CO1,0.008052742225117981
N1(C(SCC(O)=O)=NN=C1CC1C=CC=CC=1F)C1=CC(=NN1C)C,0.005292950384318829
N12N=C(N=C1N=C1CCCCC1=C2N1CCN(CC1)C1C=CC(=CC=1)F)C1=CC=CO1,0.007310206000693142
C(=O)(N1CCCC2(CCN(C)C2)C1)C1=CN=C(N=C1C)C(C)C,0.011388742784038185
N1(C2C=CC=CC=2C)N=C(N=C1CCC(C)N1CCN(CC1)C)CC(C)C,0.014918606402352453
N12N=C(N=C1N=C1CCCCC1=C2NC1C=CC(=CC=1)Br)C1=CC=CO1,0.008811850100755692
C12C(=CC=CC=1C(=C(C)N2)C)[C@@H]1C[C@@H](C[C@H](CC(C)C)O1)NC(C)=O,0.00791035194415599
N12N=C(N=C1N=C1CCCCC1=C2NC1C=CC(=C(OC)C=1)OC)C1=CC=CO1,0.007925722328945995
C1(C(=O)NC2(CCCC2)C(N)=O)=CN(N=N1)CC1CCCNC1,0.007146843476220965
N12N=C(N=C1N=C1CCCCC1=C2NC1=CC(OC)=CC(OC)=C1)C1=CC=CO1,0.007440808019600809
C1(CN2CCC(CC2)N2CCCC2=O)=C(C)C=C(C=C1N1C=CC=N1)C,0.008833186933770776
C1(SC=CC=1S(N)(=O)=O)C(=O)N1CCC(CC1)(O)C1=CC=C(C=N1)C,0.0042058614315465094
N12N=C(N=C1N=C1CCCCC1=C2NC1C=CC(=CC=1OC)OC)C1=CC=CO1,0.007909211050719022
CC1=C(C)C2=C(N=C(N(C2=O)CC2OC=CC=2)SCC(NCC2=CC=CC=C2)=O)S1,0.006220689322799444
N1C(CN2CCOC(C3C=CC(=CC=3)Cl)C2)=NOC=1C(C)(C)C,0.010741413664072752
N12N=C(N=C1N=C1CCCCC1=C2NC1C=CC(=C(C(F)(F)F)C=1)Cl)C1=CC=CO1,0.004920409631449729
C1(=CSC(C(C)=O)=C1)C1=NC=CN1CCN1C(=O)C=CC(=O)N1,0.0036151622771285474
N12N=C(N=C1N=C1CCCCC1=C2NC1=C(C)C=CC(F)=C1)C1=CC=CO1,0.006812259880825877
C1(NC2=C(C=CC=C2)N=1)C1=NC=CN1CC1C=CN=CN=1,0.003913014102727175
CN1CCN(CC2=CC(C(O)=O)=CC=C2)CC1,0.0059964692452922465
C1(CCC(=O)N2CCCC3(C=CC4C(=CC=CC=4)O3)CC2)C(C)=NNC=1C,0.0070726659148931505
N12N=C(N=C1N=C1CCCCC1=C2NC1C=CC(=CC=1)N1CCOCC1)C1=CC=CO1,0.007240074896253645
CN1CCN(CC2=CC(C(O)=O)=CC=C2)CC1.Cl.Cl,0.006023798789829016
N12N=C(N=C1N=C1CCCCC1=C2NC1C=CC(=CC=1)OC(F)(F)F)C1=CC=CO1,0.004813184146769345
C1(=CC=CN=C1N(C)C1CCCCC1)C(=O)N1CCNC(C(O)=O)C1,0.005300087248906493
CC1N2C(C=CC=C2)=C(C=O)N=1,0.006086789513938129
C(=O)(N(C)CC1C=CC2C(=CC=CC=2)N=1)C1=CC=C(N=C1)N(C)CCO,0.004101149155758321
N12N=C(N=C1N=C1CCCCC1=C2NC1C=CC(=C(F)C=1)F)C1=CC=CO1,0.006917245173826814
N1(CCC(CN)C1)C(=O)C1C=CC(=CC=1)C1C=CC(=CC=1)CCC,0.012960127973929047
C1(=NC=CN1C1CCOCC1)C1=CC2=C(C=CC=C2)O1,0.008799439808353782
C1(C2=CN=CC=N2)SC=C(CNC(=O)C2CCN(CC2)C(C)C)N=1,0.00573319224640727
N12N=C(N=C1N=C1CCCCC1=C2NC1C=CC=C(C(C)=O)C=1)C,0.009445177530869842
N1C(=CC(=NC=1N1CCOCC1)CC)N1CCN(C(C(O)=O)C1)C,0.00450439378619194
N12N=C(N=C1N=C1CCCCC1=C2NC1C=CC(=C(C)C=1)Br)C,0.009004162438213826
C(F)(F)(F)CCN(C(C)C)CCC(N)=O,0.005612040496635018
C12C(CC(NCC=1N=C1SC=CN12)=O)C1C=CC=C(C=1)CN1C=CC=N1,0.005833515827544033
CC(N1C2=C(C=C(C=C2)C)C(=O)C1=O)C,0.027785669453442095
C1(C=C(OC)C=CC=1F)C1=CC=CN=C1O,0.006130207004025579
N12N=C(N=C1N=C1CCCCC1=C2NC1C=CC=C(F)C=1)C,0.005492479889653623
C(=O)(N(C)CC1C=COC=1)C1=CC=CC=C1NCC1SC=CC=1C,0.0089550512842834
N12N=C(N=C1N=C1CCCCC1=C2NC1=CC=C(C(F)=C1)C)C,0.005887651746161282
C1(=NC(C2C=CC=CC=2)=CC=C1C(O)=O)N1CC2=C(C=NC(C3=CC=CC=C3)=N2)C1,0.006496139336377382
CCOC(CC(CSC1N(CC2OC=CC=2)C(=O)C2=C(SC(=C2C)C)N=1)=O)=O,0.010799075569957494
C1(NCC2C=CC=CC=2)=NC=C(C=N1)CN(CC=C)CC1=CC=CO1,0.0071178926853463055
CC1=C(C)C2=C(N=C(N(C2=O)CC2OC=CC=2)SCC2=NNC(O)=C2)S1,0.0038132888614200054
[C@]12(CN(C[C@@H]1CN(C(=O)C1CC1)C2)CC1C=NN(CC=C)C=1)C(O)=O,0.007067915750667453
CC(NC1=C(C(C2=CC(Cl)=C(Cl)C=C2)N2CCOCC2)C2=C(CCCC2)S1)=O,0.00815675063058734
N12N=C(N=C1N=C1CCCCC1=C2NC1=CC(OC)=C(C(OC)=C1)OC)C,0.0075722539098933336
CCC1SC(NC(C2=CC=CC=C2)=O)=C(CN2CCCCC2)C=1,0.00808515171520412
C12=C(C[C@@H]3CC[C@H]1N3C)N=C(C(C#N)=C2C1C=NN(CC=C)C=1)N,0.0038782342220656575
N12N=C(N=C1N=C1CCCCC1=C2N1CCN(CC1)C1=CC=CC(C)=C1C)C,0.0097001685295254
C1(=CNN=C1C1=CC=CC(C)=C1)C1NN=C(C2CC2)N=1,0.005870633944869042
CCOC(C1CCN(CC2=C(NC(C3=CC=CC=C3)=O)SC(CC)=C2)CC1)=O,0.007813971443101763
C1(NN=C(C2=CC=CC=C2)C=1)C(=O)N1CCCC1C1=CC(=NO1)C,0.00575894508510828
CCC1SC(NC(C2=CC=CC=C2)=O)=C(CN2CCN(CCO)CC2)C=1,0.003107093449216336
N12N=C(N=C1N=C1CCCCC1=C2N1CCN(CC1)C1C(C)=CC=C(Cl)C=1)C,0.008068319666199386
C12CN(CCC=1N(N=C2C(O)=O)CC)C(=O)CC1=C(C)N=C2C=CC=CN12,0.004931077803485095
N12N=C(N=C1N=C1CCCCC1=C2NC1C=CC(=C(Cl)C=1)C)C,0.0067322510993108155
C1(=COC(COC2=CC=CC3C=NC=CC2=3)=N1)C(=O)N(CCC)CC,0.0061609479598701
N12N=C(N=C1N=C1CCCCC1=C2NCC1=CC=C(C(OC)=C1)OCC)C,0.008702270314097404
C1(C=C(NN=1)COC1=CC=CC=C1)C(=O)N[C@@H](CO)C(C)C,0.0026704629533924164
CCCCCOC1=C(OC)C=C(C=CC(C2=CC=C(O)C=C2)=O)C=C1,0.008527936600148677
N1(C=CN=C1C1CCCCO1)C1C=CC(=CC=1)C=CC1C=CC=CN=1,0.009339577378705144
N1C(C2C=CC(=CC=2)OCC)=CNC=1C1=CC=NC=C1,0.003928867052309215
C1(C2C=CC=CC=2C)=NOC(CCC(=O)N(CC)CC2C=CC=CN=2)=N1,0.009414073219522834
N12N=C(N=C1N=C1CCCCC1=C2NC1=CC=C(C=C1)C(C)=O)C,0.00962969046086073
N1(CCOC(C1)C1C=CC2C(=CC=C(OC)C=2)C=1)CCC(=O)NC(C)C,0.008350689057260751
N12N=C(N=C1N=C1CCCCC1=C2NC1=CC=C(C(C)=C1)C)C,0.008571731415577233
N1C(C)=CC=C2C=CC=C(OCCNC3CSCC3)C=12,0.00636144035961479
N12N=C(N=C1N=C1CCCCC1=C2NC1=CC=C(C(Cl)=C1)OC)C,0.006294082151725888
C1(C2=CC=CC=C2Cl)OC(=C(CN2C=C(C=N2)C(OCC)=O)N=1)C,0.0050967116840183735
N12N=C(N=C1N=C1CCCCC1=C2NC1C(OC)=CC=C(Cl)C=1)C,0.006385200354270637
C1(C=C(NN=1)COC1C=CC=CC=1OC)C(=O)N(CC)C1CCCC1,0.007813527272082866
C1(CN(CCOC)CC2=CC=CN=C2NC)SC=CC=1C,0.006690444168634712
C1(CN(CCOC)C(=O)C2C=CC=C(C=2)OCC(C)=C)C=NN(C)C=1,0.010937918443232775
N12N=C(N=C1N=C1CCCCC1=C2NC1=CC=CC=C1Cl)C,0.0064349346561357375
N12N=C(N=C1N=C1CCCCC1=C2NC1C=CC(=CC=1)F)C,0.005819033854641021
OC(C1=CC=C(CN2CCCCC2)C=C1)=O,0.007043601293116808
N1C(CC)=C(C2C=C(F)C=C(CNC3N=CC(=C(N4CCOCC4)N=3)F)C1=2)C,0.0040192517102696
C12C(C)=CC=CN1C(=CN=2)CNC(=O)C1=CN=C(NC1=O)C1CC1,0.003447270533069968
N12N=C(N=C1N=C1CCCCC1=C2NC1C=C(C)C=CC=1C)C,0.008488427894189954
C1(=CSC(C)=C1CC)C(=O)N(C(CC)CO)CC1=CC=CS1,0.006820873357355595
CN1CCN(C(C2C3=C(C(C4=C(C3=O)C=CC=C4)=O)OC=2C)=O)CC1,0.014828958874568343
N1(C2C=CC=CC=2Cl)C(=O)NN=C1C1C=CC(=C(OC)C=1)O,0.0023852167883887886
N12N=C(N=C1N=C1CCCCC1=C2NCCC1=CC=CC=C1)C,0.008017316600307823
C1(N2CCCC2)=NC2=C(C(CC(=O)NC2)C2=CC=CC3=NSN=C23)S1,0.0066267335787415504
N1=CC(=CN1)CCN(C)C(=O)CCC1CCCCN1C,0.005754822446033358
N12N=C(N=C1N=C1CCCCC1=C2NCC1=CC=C(C=C1)F)C,0.006063697324134409
C1(CC2CCN(CC2)CC2C=CC=CC=2OCC(N)=O)=NN=CN1C,0.0072673749178648
N1(CCCC(CNC(=O)[C@H]2CC[C@@H](CC2)C)C1)CC1=CC=CO1,0.011593669047579169
CCC1SC(NC(C2=CC=CC=C2)=O)=C(CN2CCN(C3=NC=CC=C3)CC2)C=1,0.005490434402599931
C1(=O)N(C)C2=C(C=C(C=C2)CNC2CCN(CC2)CC(C)C)N1C,0.005878815334290266
CCC1SC(NC(C2=CC=CC=C2)=O)=C(C(C2=CC=C(SC)C=C2)N2CCC(C)CC2)C=1,0.00828190720640123
N12N=C(N=C1N=C1CCCCC1=C2NCC1C=CC=C(OC)C=1)C,0.0076822221744805574
N1C(N(C)C)=NC2=C(CCN(C(C)=O)C2)C=1N(C)CCC1C=NNC=1,0.005236231326125562
N12N=C(N=C1N=C1CCCCC1=C2NCCC1=CC=C(C(OCC)=C1)OCC)C,0.00979313049465418
N12N=C(N=C1N=C1CCCCC1=C2N1CCN(CC1)CC1C=CC=CC=1)C,0.008799100667238236
C1(=CC=C(COC)O1)C(=O)NC1=CC=CC(=C1)NC(CC1C=CC=CC=1)=O,0.006621452048420906
N12N=C(N=C1N=C1CCCCC1=C2N1CCN(CC1)C1=CC=CC=C1F)C,0.0071919365553185345
C12C=C(CNC(=O)[C@H]3[C@H](C3)CCC)C(=NC=1CN(C1CCCC1)C2=O)OC,0.009499435219913721
N12N=C(N=C1N=C1CCCCC1=C2NC1C=CC=C(C)C=1)C,0.00773590945173055
N1(CCC2(CC1)CNC(=O)C2)C(CCCC1=CC=C(C=C1)Cl)=O,0.008652261714451015
N12N=C(N=C1N=C1CCCCC1=C2NCC1C=CC(=CC=1)C)C,0.008380325068719685
C(=O)(NC1C=CC(=C(Cl)C=1)C)CC(NCCCOC(C)C)=O,0.0062384817749261854
S(NCCCNC(=O)C1C=C(C)N=C(C)N=1)(=O)(=O)C1C=CC(=CC=1)C,0.0035623237024992706
N12N=C(N=C1N=C1CCCCC1=C2N1CCN(CC1)C1=CC=CC(Cl)=C1)C,0.007505187904462219
N12N=C(N=C1N=C1CCCCC1=C2NC1C=CC(=CC=1)Cl)C,0.006260932958684862
N1(C[C@@H]([C@@H](N2CCCC2)C1)O)C1C=C(C)N=C(CCC)N=1,0.003337213397026062
N1C2=CC(F)=CC=C2NC=1CCN(C)C(=O)C1=CC=CN=C1OCC,0.002533727465197444
N12N=C(N=C1N=C1CCCCC1=C2NC1=CC=C(C=C1)C)C,0.007976690912619233
C1(CN2CCN(CC2)CC2=CC=CN=C2)=CC2=CC=C(C=C2NC1=O)Cl,0.00470621440326795
C1(NC(C)CC2C=NC=CN=2)N=C(C)C=C(C)N=1,0.0063185561215505
N1(CCCC(COC2=CC=C(C=C2)C)C1)CC1=CC=C(C(CO)=C1)OC,0.007151168677955866
Cl.CC1SC2=C(C(=NC=N2)NC2=CC(F)=CC=C2)C=1,0.004403431678656489
C(=O)(N1CCOCC1)C1CCCN(C2CCN(CC2)CC2=CC(=NN2)CC)C1,0.007014856254681945
C(=O)(CC(=O)NC1C=CC=CC=1C)N(C1CCCCC1)CC1=CC=CC=N1,0.009797144355252385
CCOC(C1=CC=C(N2C(=O)C(SCC(NC3=CC=C(S(N)(=O)=O)C=C3)=O)CC2=O)C=C1)=O,0.002862893498968333
C1(CN2CCCC(C2)N2CCCC2=O)=CC2=CC=C(C=C2N=C1O)C,0.007063323887996376
CCC1SC(NC(C2=CC=CC=C2)=O)=C(C(C2=CC=C(C(C)C)C=C2)N2CCCCC2)C=1,0.009124012105166912
C1(CC2=CC=CC=C2)C=NNC=1C1CCCN(C(CO)=O)C1,0.002083179645705968
CCC1SC(NC(C2=CC=CC=C2)=O)=C(C(C2=C(OC)C=CC=C2)N2CCOCC2)C=1,0.007278286502696574
C1(C(N)=O)=CN=C2CN(C(CCC(=O)NC3=CC=CC=C3SC)=O)CCN12,0.003928538889158517
CCC1SC(NC(C2=CC=CC=C2)=O)=C(C(C2=C(F)C=CC=C2)N2CCOCC2)C=1,0.005633793119341135
N1(CCCCCC1)C(CCC(NCCC1CN(C)CCO1)=O)=O,0.011273596296086907
CN(C1=CC=C(NC2=C3C(SC(=C3)C)=NC=N2)C=C1)C,0.005136139190290124
C1(=CN(N=N1)CCN)C(=O)N1CCCN(CC(C)C)CC1,0.010401652241125704
C1(N(C)CCC2SC=NC=2C)=C(CC)C=NC(C)=N1,0.00930477175861597
Cl.CN(C1=CC=C(NC2=C3C(SC(=C3)C)=NC=N2)C=C1)C,0.005727194645442068
N12N=C(N=C1N=C1CCCCC1=C2N1CCN(CC1)C1C=CC(=CC=1)OC)C,0.008893901668488979
N1(C[C@H](C[C@H]1C(=O)NC(C)C)N)C(=O)C1C=CC=C(C=1)N1C=CC=N1,0.005811905371956527
N12N=C(N=C1N=C1CCCCC1=C2NC1=CC=C(C=C1)CC)C,0.008230283483862877
CCC1SC(NC(C2=CC=CC=C2)=O)=C(C(C2=NC=CC=C2)N2CCOCC2)C=1,0.006776167871430516
C1(CN2CCN(CC2)C2=CC=C(N=N2)Cl)=CC2=CC=C(C=C2N=C1O)C,0.005455760064069182
CCC1SC(NC(C2=CC=CC=C2)=O)=C(C(C2=NC=CC=C2)N2CCN(C)CC2)C=1,0.007242757081985474
C1(=CNN=C1CC)C(=O)N1CCCC(C1)CCC1=CC=CC=C1C(F)(F)F,0.003810227965004742
CC1=CC=C(C(N2C(C3=CC=CC=C3)C3C(CCCC3)(Cl)CC2)=O)C=C1,0.012439718237146735
C1(NC(CC)C2C(=CC=CN=2)C)C2CCNCC=2N=C(C2=CC=NC=C2)N=1,0.008631796133704484
N1(CC(C1)OC1=CC=CC=C1C)C(=O)CSC1=NC=CC=N1,0.008557890565134585
N12N=C(N=C1N=C1CCCCC1=C2NC1C=CC=C(Cl)C=1)C,0.005958904058206827
C1(C=C(ON=1)CN(C)CC1C=CC=CC=1)C(=O)N(C)CC1=CC=C(C=C1)C,0.012331167003139853
N12N=C(N=C1N=C1CCCCC1=C2NCCC1C=CC(=CC=1)C)C,0.008792384853586554
ClC12CCN(C(C3SC=CC=3)=O)C(C3=CC=CC=C3)C1CCCC2,0.01147983493283391
C1(C=C(ON=1)CN1CCN(CC1)CC)C(=O)N1CCC1C1C=CC(=CC=1)F,0.008678227290511131
CCOC(C1CCN(C(C2=CC(Cl)=CC=C2)C2C3=C(CCCC3)SC=2NC(C)=O)CC1)=O,0.007366472738794982
C12=C(CCN(C(C)C(=O)N(C)CC)C1)ON=C2C1C=CC(=CC=1)C1=CC=CC=C1,0.011569250375032425
CC(NC1=C(C(C2=CN=CC=C2)N2CCCC2)C2=C(CCCC2)S1)=O,0.009559776028618216
CN1CCN(C(C2=CN=CC=C2)C2C3=C(CCCC3)SC=2NC(C)=O)CC1,0.008562279399484396
N12N=C(N=C1N=C1CCCCC1=C2N1CCN(CC1)C1C=CC=CC=1)C,0.008852833788841963
N1=C(C2CC2)N=C(CCC=C)N1C1=CC=C2C(OCO2)=C1,0.009573380788788199
N1(CCCC(C1)C(=O)CC(C)C)C(=O)C1=CC=C(N=C1)C1C=CC(=C(F)C=1)F,0.009402771713212132
CC(OC1=C2C(C=CC=C2)=C2C(C(=C(O2)C)C(N2CCN(C3=CC=C(F)C=C3)CC2)=O)=C1)=O,0.005507051525637507
N12N=C(N=C1N=C1CCCCC1=C2N1CCN(CC1)C1=CC=CC(=C1)C(F)(F)F)C,0.005055571522098035
N12N=C(N=C1N=C1CCCCC1=C2N1CCN(CC1)C1=CC=CC=C1OC)C,0.009080277988687158
COCCNC(C1C2=C(C(C3=C(C2=O)C=CC=C3)=O)OC=1C)=O,0.01239407672546804
N1=NC(=CN1[C@@H]1CN[C@H](C(NC)=O)C1)CNC(=O)NC1C=CC(=CC=1C)Cl,0.0032973957946524023
N12N=C(N=C1N=C1CCCCC1=C2NC1C=CC=C(CC)C=1)C,0.008021567249670625
N12N=C(N=C1N=C1CCCCC1=C2NC1=CC=C2C(OCCO2)=C1)C,0.00793573611881584
C1(C2=CC=CC=C2C(N(C)N=1)=O)C(=O)N(C)CCCOC1C=C(C)C=C(C)C=1,0.008650098042562605
N12N=C(N=C1N=C1CCCCC1=C2NCC1=CC=CC=C1OC)C,0.007790922257117927
C12CN(CCC=1N(N=C2C(O)=O)CC(C)C)C(=O)C1C2CCCC=2NN=1,0.007266209041699767
N12N=C(N=C1N=C1CCCCC1=C2N1CCN(CC1)C1C=CC(=CC=1)F)C,0.0073375161970034245
C1(=CNN=C1C1C=C(C)C=CC=1C)CN1[C@@H]2CNCC[C@H]1CC2,0.007859763270244003
N12N=C(N=C1N=C1CCCCC1=C2N1CCN(CC1)C1=CC=C(C=C1C)C)C,0.009716984536498784
C1(=CC=C(N=C1)C1=CC=CN1)C(NCCCC1C=CC(=CC=1)OC)=O,0.00489537613466382
C1(C#N)C(N)=NC(=CC=1C1C=CC=C(C=1)C(OC)=O)C1C=CC(=CC=1)O,0.0025146841653622687
N12N=C(N=C1N=C1CCCCC1=C2NC1C=CC(=CC=1)Br)C,0.008367090485990047
C1(CCCN(CCOC)C1=O)(O)CN1CC(C1)OC1C=CC=CC=1,0.008856619335711002
N12N=C(N=C1N=C1CCCCC1=C2NC1C=CC(=C(Cl)C=1)F)C,0.0055045743705704805
N1(CCCC(CNC(CO)=O)C1)CC1=CC(Cl)=CC(Cl)=C1,0.0031203444581478835
CC(OC1=C2C(C=CC=C2)=C2C(C(=C(O2)C)C(NCC2=CC=NC=C2)=O)=C1)=O,0.00578188847284764
C1(C#N)C(N)=NC(=CC=1C1=CC=C(C(OC)=C1)OCC(OC)=O)C1=CC=CO1,0.004486761102452874
C(=O)([C@H](N)CC(C)C)N(C)C1CC2C(=CC=CC=2)C1,0.018452926864847542
N1C(C2C=CC=CC=2)=NNC=1CN1C=C(N=N1)C1CCC=CC1,0.006162097491323948
C1(CCNCC1)(OC1=CC=C2C(C=CC=N2)=C1)C(=O)NCC(F)F,0.003862673754338175
N1(C=CN=C1C1C=CC=CC=1)CC(=O)N1CCC2(CC1)CNC(=O)C2,0.004206829110626131
C1(NN=CN=1)C(=O)NC1=CC=CC(=C1)NC(CC1C=CC=CC=1)=O,0.0030187810305505993
COC1=CC=C(C(NC2SC(C)=C(C)C=2)=O)C=C1,0.007192547898739576
N12N=C(N=C1N=C1CCCCC1=C2N1CCN(CC1)CC1=CC=C2C(OCO2)=C1)C,0.008173866593278945
C1(C2=CC=CC=C2C(N(C)N=1)=O)C(=O)N(CCC)CC=CC1=CC=CC=C1,0.010857817903161048
N12N=C(N=C1N=C1CCCCC1=C2NC1C=CC(=C(F)C=1)F)C,0.006453261291608214
C1(C2C=CC(=CC=2)C(C)N2CCOCC2)SC=CC=1C,0.012435618415474891
N12N=C(N=C1N=C1CCCCC1=C2NC1C=CC=C(C=1)C(OCC)=O)C,0.006239117565564811
COC1=CC=C(C(NC2=C(CN3CCC(C)CC3)C(C)=C(C)S2)=O)C=C1,0.008733572997152805
CCOC(C1CCN(CC2=C(NC(C3=CC=C(OC)C=C3)=O)SC(C)=C2C)CC1)=O,0.007021652883850038
C1(=C(O)C=CC(C(C)(C)C)=C1)CN(C)C(C)CC(NC)=O,0.006176437367685139
CCOC(N1CCN(CC2=C(NC(C3=CC=C(OC)C=C3)=O)SC(C)=C2C)CC1)=O,0.005368557758629322
C12CN(CCC=1NN=C2C1=CC=CC=C1)CC(=O)NCC1C=CC=CC=1C,0.005664085573516786
N12N=C(N=C1N=C1CCCC1=C2NC1=CC=C(C(F)=C1)C)CC,0.006068522110581398
N(C)(C(C)(C)C(NC)=O)C(=O)C1C=CC(=CC=1)CN(CCC)CCC,0.013571852585300803
COC1=CC=C(C(NC2=C(CN3CCN(C4=NC=CC=C4)CC3)C(C)=C(C)S2)=O)C=C1,0.005723782372660935
N1(CCOC2=C(C=C(C3=CC=C(C=C3)C)C=C2C1)O)C(C1CCNCC1)=O,0.005064715701155365
N12N=C(N=C1N=C1CCCC1=C2N1CCN(CC1)C1=CC=CC=N1)CC,0.008371053473092615
CCCCN1CC2=C(SC(=C2C)C)N(C(C2=CC=C(OC)C=C2)=O)C1,0.010623020678758621
COC1=CC=C(C(NC2=C(C(C3=CC=C(F)C=C3)N3CCOCC3)C(C)=C(C)S2)=O)C=C1,0.0059400476748123765
C1(=CC=C(N=C1)NC1COC2C(=CC=CC=2)C1)C(NCCCC1C=CC=CN=1)=O,0.006179957999847829
CCOC1=CC=C(C(C2=C(NC(C3=CC=C(OC)C=C3)=O)SC(C)=C2C)N2CCOCC2)C=C1,0.0074242936912924055
C1(C=CC(=CC=1OC)OC)C1=CC=CC(CN2CCCC2)=C1,0.014205112867057324
COC1=CC=C(C(NC2=C(C(C3=CC(F)=CC=C3)N3CCOCC3)C(C)=C(C)S2)=O)C=C1,0.00582413962110877
N12N=C(N=C1N=C1CCCC1=C2N1CCN(CC1)C1=CC=CC(C)=C1C)CC,0.010093001555651427
O=CC1=C2N(C=CC=C2)C(C2OC=CC=2)=N1,0.00582661730441032
N12N=C(N=C1N=C1CCCC1=C2N1CCN(CC1)C1=CC(C)=CC=C1C)CC,0.01006209054030478
NNC(CC1N=C(N)SC=1)=O,0.002382909640436992
C1(=CC=C(Cl)S1)C(=O)N(C)CCC1SC=NC=1C,0.007825988507829607
N1=C(C2CCCN(CC(C)(C)N3CCOCC3)C2)ON=C1C1=CC=CN=C1,0.00965571654960513
N12N=C(N=C1N=C1CCCC1=C2N1CCN(CC1)C1C(C)=CC=C(Cl)C=1)CC,0.008345975587144495
N12N=C(N=C1N=C1CCCC1=C2N1CCN(C(C)C1)C1=CC=CC(C)=C1)CC,0.009588647168129683
C12OC(CC1=CC(=CC=2C1C=NC2=C(C=CC=C2)C=1)F)CN,0.007767071761190891
CN1C(CC2N=C(N)SC=2)=NN=C1S,0.0034114734968170523
N12N=C(N=C1N=C1CCCC1=C2NC1C=CC(=C(Cl)C=1)C)CC,0.00690618644002825
C1(C2CCCN(CC3=CC=C(C=C3)NC(C)=O)C2)OC2C(=CC=CC=2)N=1,0.0054863336961716415
N12N=C(N=C1N=C1CCCC1=C2NC1=CC=C(C=C1)C(C)=O)CC,0.009824235225096345
C1(C2=CC=C(C=C2)OCC(=O)N2CCOCC2)=NC=CN1C1CCCC1,0.00764203486032784
N12N=C(N=C1N=C1CCCC1=C2NC1=CC=C(C(C)=C1)C)CC,0.008715961407870055
N1(CC(O)=O)C(C)=C(C(C)=N1)NC(=O)C1=CC(OC)=NC(OC)=N1,0.006029728450812399
C1(CN2CC[C@H]([C@H](O)C2)C2=CC=C3C(OCO3)=C2)=C2C=CC=CN2C(C)=N1,0.0024181290937121958
S(C)(=O)(=O)C1=CC=C(C=C1)C1C=CC=CC=1C(N)=O,0.005568091943860054
C12CN(CCC=1NN=C2C1=CC=C(C(F)=C1)F)CC(=O)NC1C=CC(=CN=1)C,0.00347587363794446
OCC1OC(C(C2=CC(N(=O)=O)=CC=C2)NC2=NC=CC=C2)=C(O)C(=O)C=1,0.0023153500456828623
C1(C(=O)NCC2C=CC3C(=NON=3)C=2)=NNC(N)=C1C1C=CC=CC=1,0.002686519519193098
COC1=CC=C(C(N2C3=C(C(=C(S3)C)C)CN(CC3=CC=NC=C3)C2)=O)C=C1,0.008606636244803668
C1(N(CC)CC)=NC=CC(C2N=CC=C(C=2)C(O)=O)=N1,0.004744259361177683
N12N=C(N=C1N=C1CCCC1=C2N1CCN(CC1)C1=CC=CC=C1F)CC,0.007390200230292976
C1(=CC(=NN1)CCC)C(=O)N(C)CC1NC2C(=CC(=CC=2)Cl)N=1,0.0028305717452894895
COC1=CC=C(C(N2C3=C(C(=C(S3)C)C)CN(CC3OC=CC=3)C2)=O)C=C1,0.00961083839647472
COC1=CC=C(C(N2C3=C(C(=C(S3)C)C)CN(C3CS(=O)(=O)CC3)C2)=O)C=C1,0.006690721353515982
ClC1=CC=C(C=C2C(=N)NC(=O)S2)C=C1,0.003630921128205955
N12N=C(N=C1N=C1CCCC1=C2N1CCN(CC1)C1C=CC=CC=1)CC,0.009489483898505569
O=C(NCC1OC=CC=1)CN1C(=O)C2=C(SC3=C2CCCC3)N=C1,0.007493450585752725
N12N=C(N=C1N=C1CCCC1=C2N1CCN(CC1)C1=CC=CC(=C1)C(F)(F)F)CC,0.005363730597309768
C1(=CC(CCC)=NC(C)=N1)N1CCN(CC1)C1CCOCC1,0.011468697106465697
N12N=C(N=C1N=C1CCCC1=C2N1CCN(CC1)C1=CC=CC=C1OC)CC,0.009403001191094518
C1(C2=CC=CC=C2Cl)OC(=C(CN2C(C)=NC(C)=N2)N=1)C,0.006294238404370845
C1(CN(CC2=CC=CC=C2OCC(C)=C)C2CC2)=NC=CN1C,0.011617326131090521
N12N=C(N=C1N=C1CCCC1=C2N1CCN(CC1)C1C=CC(=CC=1)F)CC,0.007699098368175328
N12N=C(N=C1N=C1CCCC1=C2N1CCN(CC1)C1=CC=C(C=C1C)C)CC,0.010129525419324636
C1(CNCCC2NN=C3CCCCC=23)=CN(N=C1C)CC=C,0.008798447134904564
N12N=C(N=C1N=C1CCCC1=C2NC1C=CC(=CC=1)Br)CC,0.008546080719679595
C1(=CN(N=C1C)CCO)C1C=C(C2CCCCC2)N=C(N)C=1C#N,0.0025934684090316296
C1(C=C(NN=1)COC1C=CC=CC=1)C(=O)NC1(CC2=CC=C(C=C2)C)CC1,0.0064568349160254
N12N=C(N=C1N=C1CCCC1=C2NC1C=CC(=C(C)C=1)Br)C,0.008267962094396352
C(=O)(C1=CC=C(C(OCC)=C1)OCC=C)N(CC1=CN=CS1)C1CC1,0.011285247839987278
C1(C(=O)NC(C2=CC=CC=C2)CN2C=CN=C2)C=C2N(CCN(C)C2)N=1,0.006774400477297604
N12N=C(N=C1N=C1CCCC1=C2NC1=CC(C)=C(C=C1OC)Cl)C,0.006204804498702287
C1(C(=O)NC2CC2)C=C2N(CCCN(C(=O)C3=CC=CN3)C2)N=1,0.006436608172953129
N1(CC(F)F)C(=O)NC(C2CCNCC2)(C2=CC=CN=C2)C1=O,0.0014020205155247823
C12=C(CCN(C1)C1=NC=CC(N)=N1)ON=C2C1C=CC(=CC=1)Cl,0.0041198594612069424
N1(C(C)=C(C=C1C)CN1CCC(C1)N1C(C)=CC(C)=N1)N1C=NN=C1,0.012335995398461818
N12N=C(N=C1N=C1CCCC1=C2NC1=CC=C(C(F)=C1)C)C,0.005425405665300786
C1(C)(CC(=NO1)C)C(=O)NCC1=CC=CN=C1N1CCC2C(=CC=CC=2)C1,0.006043694564141333
N12N=C(N=C1N=C1CCCC1=C2N1CCN(CC1)C1=CC=CC=N1)C,0.007399314036592841
C1(=CSN=N1)C(=O)N(CC(C)C)CC1C=CC=CN=1,0.009695892361924053
N1=NC(=CN1[C@@H]1CN[C@@H](C1)C(=O)N(CC)CC)COC,0.005650492105633021
N12N=C(N=C1N=C1CCCC1=C2NC1=CC(OC)=C(C(OC)=C1)OC)C,0.007164833880960941
N12N=C(N=C1N=C1CCCC1=C2N1CCN(CC1)C1=CC=CC(C)=C1C)C,0.009258586959913374
N1C=CNC=1CN(CC=C)CC1C=CC=CN=1,0.0032837388571351767
N12N=C(N=C1N=C1CCCC1=C2N1CCN(CC1)C1=CC(C)=CC=C1C)C,0.009225818933919072
N1([C@H]2CC[C@@H]1CC(N(C)C2)=O)C(=O)C1C=CN=C(C=1)N1C=NN=C1,0.0054119868436828256
N12N=C(N=C1N=C1CCCC1=C2N1CCN(CC1)C1C(C)=CC=C(Cl)C=1)C,0.007676018867641687
C(NCCC1CCCN(CC)C1)(=O)NC1CCCC1,0.00845021172426641
N12CCN(CCC1=NN=C2CCC1C=CC=CC=1)C(=O)C(O)C1=CC=C(C=C1)F,0.004047685884870589
C1(CC(=NO1)C(C)C)C(=O)N(C)CC(=O)C1C=CC(=CC=1)O,0.010104134678840637
N12N=C(N=C1N=C1CCCC1=C2NC1C=CC(=C(Cl)C=1)C)C,0.006148699158802629
[C@@]12(CN(C[C@H]1CN(C(=O)C1C=CC3=C(C=1)N(C)C(CO3)=O)C2)C)C(O)=O,0.00764865530654788
N12N=C(N=C1N=C1CCCC1=C2NC1=CC=C(C(C)=C1)C)C,0.007735008513554931
C1(=CC2C=NC=CC=2N=C1C)C(=O)N(C)CC1C=NNC=1C1C=CC(=CC=1)F,0.004255023319274187
N12N=C(N=C1N=C1CCCC1=C2NC1=CC=C(C(Cl)=C1)OC)C,0.0058974087936803695
S(=O)(=O)(N1CCCC1)C1C=CSC=1C(=O)N1CCC(CC1)(CO)O,0.002375711512286216
C1(C#N)=C(C2=CC=C(C=C2)S(C)(=O)=O)C=C(N=C1N)C1C=CN(C)C=1,0.0035696601145900784
N12C=C(N=C1SC=C2C(=O)NC1CCCNC1=O)C1C=CC(=CC=1)C(F)(F)F,0.0024765773792751133
N1C(NCC2CNCCO2)=C(C)C(=NC=1N(C)C)C,0.005242953379638493
C(=O)(NC(C)COC)C1=CC=CC(=C1C)NCC1C=CC=CN=1,0.007057779654860497
N1=C(CN(C)CC(=O)N2CCCC3C=C(C)C=CC2=3)ON=C1C1=CC=CN=C1,0.008925014082342387
N(C1=CC=CC=C1F)C(=O)CCNCCC1C=CC=CC=1,0.00489054131321609
C1(CN(CC)CC2ON=C(CC)N=2)=CNN=C1C1=CC=C(C=C1)F,0.0043697875225916505
N12N=C(N=C1N=C1CCCC1=C2NC1C=CC=CC=1OC)C,0.007294624811038375
C1(=CC=C2C(OCO2)=C1)[C@@H]1CCN(C[C@H]1O)CCCSC,0.0031908105360344053
C12CN(CCOC1=C(C=C(C=2)C1=CC=C(C)S1)O)CC1=NC=CN1C,0.004291954590007663
C1(N(CCCO)C=NC=1C1=CC=CC=C1)C1=CC=CN1C1=CC=CC=N1,0.0037637678091414274
N12N=C(N=C1N=C1CCCC1=C2N1CCN(CC1)C1=CC=CC=C1F)C,0.006791607150807977
C(=O)(C1=CC=CN=C1NC)N1CC[C@H]([C@H](O)C1)C1=CC=C2C(OCO2)=C1,0.001837078999960795
C12SC=CN1C=C(CNC(=O)CC(=O)NC1C=CC(=C(Cl)C=1)F)N=2,0.0030262853077147158
C1(C(O)=O)N(C)CCN(C(CCCC2C=NNC=2)=O)C1,0.0034692461835220457
N12N=C(N=C1N=C1CCCC1=C2NC1C=CC=C(OC)C=1)C,0.006777524692006409
C(=O)(C1=CC=C(N=C1)NCC(CC)O)N1CCC(CC1)CCC1C=CC=CC=1,0.003991180728189647
N1(CCNC(=O)C1CC(OC)=O)CC1=CC=CC(OC)=C1OCC(C)=C,0.007805942464619875
C1(=COC(COC2C=CC3=C(C=CC=N3)C=2)=N1)C(=O)NC(C)C1C(=CC=CN=1)C,0.005757590057328343
C1(C2=CC=CC(C)=C2)N=CC(=CN=1)CN1CCN(CC1)C1CCOCC1,0.011730605317279697
N1(C[C@@H]([C@@H](N(C)C)C1)O)C1=NC=CC(C2CCCC2)=N1,0.003512662893626839
C1(C2=CC(O)=C3C(CN(CCO3)C(=O)C3C=CC=C(F)C=3)=C2)SC2=C(C=CC=C2)N=1,0.0041405646479688585
C1(CN2CC[C@@H](C[C@@H]2C(OC)=O)O)=NC2C(=CC=CC=2)N1CCC(C)C,0.0029715567594394087
CC1=NC(NC2CCCCC2)=C(C#N)C(C)=C1,0.008153212047182024
S(=O)(=O)(CCNC1=CC(C)=NC(N2CCCCC2)=N1)N(C)C,0.004175819281954318
S1(=O)(=O)C[C@H]([C@H](N(C)C(=O)C2=CC3C(=CC(=CC=3)C(C)C)N2)C1)O,0.002012216628645547
C1(C=C(N(NC(C)=O)C=1C)C)C1=C(C2=CC=CC=C2)N=CN1C[C@H]1CCCN1,0.006166206626221538
N1=CNC=C1CC(=O)NCC(=O)NC(C1C=CC=CC=1)C1C=CC=CC=1,0.003932396741583943
N12N=C(N=C1N=C1CCCC1=C2NC1=CC=C(C=C1)C)C,0.007180442707613111
C1(C(=O)N2CCC(CC2)N2N=CC=C2NC(=O)C2C=CC=CC=2C)CC1(F)F,0.005081332696136087
N1(CCCC1C1=CC=CC=C1OC)C(=O)C1C=CC(=CC=1)N1C=NN=C1,0.008738348400220275
N12N=C(N=C1N=C1CCCC1=C2NC1=CC=C(C=C1)OC1=CC=C(C=C1)Cl)C,0.006258199154399335
C(=O)(CN1CCN(CC1)CCC(=O)NCC1=CC=CO1)NC(C)C,0.007228306401520968
C1(CNCCSC2NN=CN=2)=CN(N=C1C)CC=C,0.0038560980814509095
N12N=C(N=C1N=C1CCCC1=C2NC1=CC=CC=C1C)C,0.007240047468803823
C12C=C(C)C=CN1C=C(CNC(=O)C1C=C(ON=1)CN1CCOCC1)N=2,0.004707821691408753
N12N=C(N=C1N=C1CCCC1=C2NC1=CC=C(C=C1)CC)C,0.007454976649023592
C(=O)(N1CCC(CC1)OCC1C=CC=NC=1)C1C(C)=CC=CC=1Cl,0.00842710230499506
N1=C(C(C)C)C=C(C2CCN(CC2)CC2C=NC(=NC=2)C2=CC=CC=N2)N1,0.00592233978677541
C1(=NC=CN1CCCC1=CC=NC=C1)C1=CN=C(N=C1)C1=CC=CC=N1,0.008324339031241834
N1OC(=CC=1C1=CC=CC=N1)CN1CCOC(C2=CC=C(C=C2)Cl)C1,0.009089733054861427
N12N=C(N=C1N=C1CCCC1=C2NC1C=CC(=CC=1C)F)C,0.005689782253466546
C(=O)([C@@H]1C[C@H]2C[C@@H]1C=C2)N1CCOC2=C(C=C(C3C=CC=C(Cl)C=3)C=C2C1)O,0.005129367916379124
N12N=C(N=C1N=C1CCCC1=C2N1CCN(CC1)C1=CC=CC(=C1)C(F)(F)F)C,0.0047470974386669695
N1(CCO[C@@H]2CCCC[C@@H]12)C(=O)C1=CC=CC(=C1)CN1C=CC=N1,0.009317727060988545
C1(C(=O)N2CCC(N(CC3CC3)C(C(C)C)C2)=O)=C(C)NC(C(C)=O)=C1C,0.0120613609906286
N12N=C(N=C1N=C1CCCC1=C2N1CCN(CC1)C1=CC=CC=C1OC)C,0.008685054164379835
C1(C=C(N(C)C=1)C#N)C1C=C(C2C=CC(=CC=2)OCC(O)=O)N=C(N)C=1C#N,0.004093206417746842
N1NC(=CC=1C1=CC=CC=C1)CN1C=NN=C1,0.005026564653962851
C1(CN(C(C)C)C(CCC2=CC=CN=C2)=O)C(C)=NN(C)C=1C,0.012174288369715213
C12C(=O)NCC(C3C=CC(=CC=3)F)CC=1NC(CCNC1=CC=CN=C1)=N2,0.0025043783884029836
C(=O)(N(CCC)CC1CCCO1)C1NC=CN=1,0.004382615792565048
N12N=C(N=C1N=C1CCCC1=C2NCC1=CC=CC=C1OC)C,0.007273853220976889
N1(CC(=O)N2CCC(CC2)C2=NNC(=O)N2CC)C(=O)C2=CC=CC=C2N=N1,0.002516903867945075
C1(NCC(N(C)C)C2=CC=CC=C2C)C2CCNCC=2N=C(C)N=1,0.009415966575033963
N1(C2C=CC=CN=2)C(COC2C=CC3=C(C=2)OC(C=C3)=O)=NC(C(C)C)=N1,0.007011155341751873
N1(CCCC2C=C(C)C=CC1=2)C(=O)CN1CCC(CC1)(O)C1=CC=CN=C1,0.00831861007027328
N12N=C(N=C1N=C1CCCC1=C2N1CCN(CC1)C1=CC=C(C=C1C)C)C,0.00928043806925416
N1=C(C2CC2)ON=C1C1C=CC(=CC=1)C1NN=C(C)N=1,0.005740497563965619
N12N=C(N=C1N=C1CCCC1=C2NC1C=CC(=CC=1)Br)C,0.007548904931172729
N1(CC2(CNC(=O)C(CC)NC3C=CC=C(OC)C=3)CC2)C(C)=CC(C)=N1,0.009122728742659092
C12N=C(C)C=C(C)N1N=C(CC(=O)NCC1ON=C(C3=CC=CC=C3F)C=1)N=2,0.004932109196670353
N1(C2CCCC2)CC(CC1=O)CN(C)CC1C(F)=CC=C(F)C=1Cl,0.010554169164970517
C1(N2CCC(CC2)N2CCCCC2)=CC(C(C)C)=NC(C)=N1,0.013817923981696368
C12(CCCN(C)C1=O)CCN(CC1=CC3C(=CC=CC=3)N1)C2,0.006160444649867714
N1(CC[C@H]([C@H](O)C1)C1=CC=C2C(OCO2)=C1)C(=O)C1=CC=C(COC)O1,0.0028734763443935664
C1(=CC=CC2OCOC1=2)CN(CC1=CC=NC=C1)CC1C=CC(=CC=1)F,0.008021517377346753
C1(C2=CC=CC(OC)=C2)ON=C(CNC(=O)CC2=CSC(C)=N2)C=1,0.006459583900868893
N1C(CC)=NNC=1SCC(=O)NCC1C2=CC=CC=C2C(NN=1)=O,0.003503537573851645
N12N=C(N=C1N=C1CCCC1=C2NC1C=CC(=C(C(F)(F)F)C=1)Cl)C,0.004145565303042531
C1(CN(C)CC=CC2=CC=CO2)C2CCCCCC=2NN=1,0.011600211123004555
C1(=O)N(CC2=CN=CN2CC)C2C(=NC=C(C(O)=O)C=2)N1C(CC)CC,0.006354594137519598
N12N=C(N=C1N=C1CCCC1=C2NC1C=CC(=C(C)C=1)Br)C1=CC=CC=C1,0.00868690931238234
C1(=CC(OC)=CC=C1N1C=CC=N1)CN1CCC(CC1)C1NN=CC=1CC,0.006439369567669928
N12N=C(N=C1N=C1CCCC1=C2NC1C=CC=C(F)C=1)C1=CC=CC=C1,0.005952551937662065
C1(C(O)=O)=CN(N=N1)CC1CCCN(C2C=CC(=CN=2)C(OCC)=O)C1,0.00541486187139526
N12N=C(N=C1N=C1CCCC1=C2NC1=CC=C(C(F)=C1)C)C1=CC=CC=C1,0.006199748790822923
C1(=S)N[C@H](C)C[C@H](N1)C(=O)NC1=CC=C(C=C1NC(C(C)C)=O)OC,0.009170127427205443
C12C=C(CNC(=O)C3CCCO3)C(=NC=1CN(CCC1=CC=CC=N1)C2=O)OC,0.007077330350875854
N12N=C(N=C1N=C1CCCC1=C2N1CCN(CC1)C1=CC=CC=N1)C1C=CC=CC=1,0.00791158527135849
S1C(CCNC2=NC=CC(C3CCCC3)=N2)=NN=C1N,0.004932094318792224
CC1SC2=C(C(N(C(=N2)SCC(C2=CC=C(F)C=C2)=O)CC2OC=CC=2)=O)C=1,0.009266109578311444
N1=C(COC)SC(CNC(=O)CC2CCC3=CC=CC=C23)=C1C,0.008871023263782262
CC1SC2=C(C(N(C(=N2)SCC(C2SC=CC=2)=O)CC2OC=CC=2)=O)C=1,0.011688192887231708
N12N=C(N=C1N=C1CCCC1=C2N1CCN(CC1)C1=CC=CC(C)=C1C)C1=CC=CC=C1,0.009323178953491152
N1(CCC2=C(N=CN=C2NCC(COCC)O)C1)C(=O)C1=CC=CN=C1,0.0031420036568306385
N12N=C(N=C1N=C1CCCC1=C2N1CCN(CC1)C1=CC(C)=CC=C1C)C1=CC=CC=C1,0.009281251556240022
C1(C(=O)N(CC(C)C)CC2C=CSC=2)C(=O)NC2C(=CC=CC=2)N=1,0.005979745090007782
N12N=C(N=C1N=C1CCCC1=C2NC1=CC=C(C(C)=C1)C)C1=CC=CC=C1,0.008547796262428164
C12NC(=O)CC(C3C(O)=CC=C(C)N=3)C=1C(=NN2C1CCCCC1)C,0.008510023495182395
C12C(=O)N(C)C=NC=1SC(C(=O)NC(C1=CC=CN=C1)C1C=CC(=CC=1C)C)=C2C,0.007212855364196002
C1(=NNC=C1C(=O)NCC(=O)NC1=CC=C(C=C1F)C)N1C=NN=N1,0.0025262093462515623
COC1=CC=C(NC(CSC2N(CC3OC=CC=3)C(=O)C3=C(SC(=C3)C)N=2)=O)C=C1,0.005197803233750164
[C@]1(CCCN2CCCC[C@@]21[H])(O)CN1CCN(CC1)C1C=CC=C(OC)C=1,0.009725884860381484
N12N=C(N=C1N=C1CCCC1=C2NC1=CC=C(C(Cl)=C1)OC)C1=CC=CC=C1,0.006712419795803726
N1=C(C)C(=C(C)N1)CCNC(=O)CCN1CCCCO1,0.001305857062106952
C12N=CC(=CN1N=CC=2C1=CC=CC=C1)CN(CC)CC1ON=C(CC)N=1,0.010989605821669102
N12N=C(N=C1N=C1CCCC1=C2NC1C=CC(=CC=1)F)C1C=CC=CC=1,0.0062132638180628415
S(=O)(=O)(N1CCOCC1)C1=CC(Br)=CC(C(O)=O)=C1,0.0042762487893924115
N12N=C(N=C1N=C1CCCC1=C2NC1=CC(C)=CC(C)=C1)C1=CC=CC=C1,0.008610021299682557
C12C=CNC=1N=CN=C2N(C)CC1=NC=CN1CC1=CC=CC=C1,0.003587263938970864
N12N=C(N=C1N=C1CCCC1=C2N1CCN(CC1)C1=CC=CC=C1F)C1C=CC=CC=1,0.006941652554087341
C1(C=C(C)N=C(CC)N=1)N1CCN(CC1)C1CCN(CC1)C(C(C)C)=O,0.009396624681539834
N12N=C(N=C1N=C1CCCC1=C2NC1C=CC=C(C)C=1)C1C=CC=CC=1,0.007877094601280988
N1(C2=CC=CC=C2OC)C=C(C=N1)C(NCCC1NN=C2CCCCC=12)=O,0.006013168022036552
N12N=C(N=C1N=C1CCCC1=C2NCC1C=CC(=CC=1)C)C1C=CC=CC=1,0.008430990297347308
C1(C=C(C(C)C)N=C(N)C=1C#N)C1C=CC=C(OC)C=1OC,0.005963661102578044
N12N=C(N=C1N=C1CCCC1=C2N1CCN(CC1)C1=CC=CC(Cl)=C1)C1C=CC=CC=1,0.0073978555155918
N12N=C(N=C1N=C1CCCC1=C2NC1C=CC(=CC=1)Cl)C1C=CC=CC=1,0.006498594325967133
C1(CO)=CC(=CC=C1OC)CN(CCOC)CC1=CC=C(C=C1)C,0.00774326678365469
N12N=C(N=C1N=C1CCCC1=C2NC1=CC=C(C=C1)C)C1=CC=CC=C1,0.008038560720160603
C1(SC2=C(CCNC2)C=1C(O)=O)S(=O)(=O)NCC1CCOCC1,0.0037973821046762167
N12N=C(N=C1N=C1CCCC1=C2NC1=CC=C(C=C1)CC)C1=CC=CC=C1,0.008523466740734875
C12N=CC(=CN1N=CC=2C1C=CC=CC=1)CN1CCOC(CN)C1,0.009903995180502534
N12N=C(N=C1N=C1CCCC1=C2NC1C=CC=C(C=1)C(F)(F)F)C1=CC=CC=C1,0.004894622147548944
N1(CCOC(C2=CC=C(C=C2)Cl)C1)CC1C=CC(=C(C)C=1)O,0.006111736921593547
N12N=C(N=C1N=C1CCCC1=C2NC1C=CC=C(Cl)C=1)C1=CC=CC=C1,0.00639356707688421
C1(SC(=CC=1C(=O)NCC1CCCO1)C)NC(=O)C(C)(C)C,0.007534024631604552
C1(CN(C)CC2SN=NC=2C)=C(C2C=CC(=CC=2)C)N=C2SC=CN21,0.009794233273714781
N12N=C(N=C1N=C1CCCC1=C2N1CCN(CC1)C1=CC=CC(=C1)C(F)(F)F)C1C=CC=CC=1,0.005087325256317854
C1(=CC=C(C(OC)=C1F)F)C(=O)N1CCOC(CN)C1,0.009956951020285487
N12N=C(N=C1N=C1CCCC1=C2NC1C=CC=C(CC)C=1)C1C=CC=CC=1,0.008344576717354358
C(=O)(N1CCC2(CC1)CN(CCN2C)CC1NC=CN=1)C1C=CC=CC=1OC,0.003919289004988969
N12N=C(N=C1N=C1CCCC1=C2NC1=CC=C2C(OCCO2)=C1)C1=CC=CC=C1,0.007814980531111359
N1=C(CNCC(=O)NCC2C=CC=CC=2OC)OC2C=CC=C(C)C1=2,0.005330331902951002
N12N=C(N=C1N=C1CCCC1=C2NC1C=CC(=C(Cl)C=1)F)C1=CC=CC=C1,0.005838272580876947
CN1CCN(C2=NC=C(N(=O)=O)C=C2)CC1,0.005024346639402211
N12N=C(N=C1N=C1CCCCC1=C2NC1C=CC(=CC=1)F)C1C=CC=CC=1,0.006704486184753477
CN(C1=NC=C(N(=O)=O)C=C1)C,0.005352928768843412
C1(=NC=NC(CCN)=C1)N(C)C(C)CC1C(=CC=CN=1)C,0.009700784250162542
N1(CCOC(C1)C1C=CC2C(=CC=C(OC)C=2)C=1)CCC(NCC)=O,0.0077535984572023155
N12N=C(N=C1N=C1CCCCC1=C2NC1C=CC=C(Cl)C=1)C1=CC=CC=C1,0.006886310153640806
C1(C=NC2N(N=CC=2)C=1C)C(=O)N1C[C@H](C[C@H]1C(=O)NC(C)C)N,0.00651050868909806
C1(=CC(C)=NC2=CC=C(C)C=C12)C(=O)NCC1=CC=CN=C1N1CCOCC1,0.005436643678694964
N12N=C(N=C1N=C1CCCCC1=C2N1CCN(CC1)CC)C1=CC=CC=C1,0.009987123543396592
N12N=C(N=C1N=C1CCCCC1=C2N1CCN(CC1)C1=CC=CC=C1OC)C1C=CC=CC=1,0.009009115258231759
C1(CN2CCCC(CNC(NCC)=O)C2)=CC2=C(C=CC=C2)O1,0.004629616450984031
N12N=C(N=C1N=C1CCCCC1=C2NC1C=CC=C(CC)C=1)C1C=CC=CC=1,0.008860080526210368
C12N=CC(=CN1N=CC=2C(=O)NCC1C=CC2=C(C=1)C(C)=C(N2)C)CCO,0.0029356709506828337
N12N=C(N=C1N=C1CCCC1=C2NC1C=CC(=C(C)C=1)Br)C1=CC=CO1,0.008606335474178195
O=C1N(CCOC2=C3C(C=CC=C3)=CC=C2)C2=C(C=CC=C2)O1,0.006273563182912767
C12C=C(CNC(=O)CCOC)C(=NC=1CN(C1CCCC1)C2=O)OC,0.00844266670756042
N12N=C(N=C1N=C1CCCC1=C2NC1C=CC=C(F)C=1)C1=CC=CO1,0.005933930864557624
C1(C(C(C)C)NCC2C=NC(=NC=2)C2=CC=CC(C)=C2)NC2C(=CC(=CC=2)C)N=1,0.006525434856303036
N1(C=CN=C1C1=CC=C(C=N1)CC)C1C=CC2=C(OCO2)C=1,0.0070144320139661435
C1(C=C(O)C(=C(O)C=1)C)C(=O)N(CCC)CC=CC1C=CC=CC=1,0.006794858071953058
N12N=C(N=C1N=C1CCCC1=C2N1CCN(CC1)C1=CC=CC=N1)C1=CC=CO1,0.007767956610769034
C(=O)(N1CCN(CC1)C)C1CCCN(C2CCN(CC2)C(CCCC(N)=O)=O)C1,0.00999780003912747
N12N=C(N=C1N=C1CCCC1=C2N1CCN(CC1)C1=CC=CC(C)=C1C)C1=CC=CO1,0.00899314503185451
C1(O)N=C(C)C(=C(C)N=1)CCC(=O)NCC1(CCOCC1)C1C=CC=CC=1,0.006928499415516853
N12N=C(N=C1N=C1CCCC1=C2N1CCN(CC1)C1=CC(C)=CC=C1C)C1=CC=CO1,0.008932197047397495
N1(CC[C@@H]2N[C@@H](CC2)C1)CC1C=NC(=NC=1)COC,0.007947014505043625
N12N=C(N=C1N=C1CCCC1=C2N1CCN(CC1)C1C(C)=CC=C(Cl)C=1)C1=CC=CO1,0.007361066434532404
C(=O)(CC1C=CC(=CC=1C)F)N(C(CC)CO)CC1=CC=CO1,0.004304452647920698
N12N=C(N=C1N=C1CCCC1=C2NC1C=CC(=C(Cl)C=1)C)C1=CC=CO1,0.006687445100396872
C1(NN=CN=1)C(=O)NCC1=CC=CN=C1OC1=CC=CC(=C1)C(F)(F)F,0.0022593170928303153
N12N=C(N=C1N=C1CCCC1=C2NC1=CC=C(C(Cl)=C1)OC)C1=CC=CO1,0.006439147074706853
N12CCCC[C@]1([H])[C@@](CCC2)(CNCCC1=CC=C(C(O)=C1)OC)O,0.006203093938529492
N12N=C(N=C1N=C1CCCC1=C2NCC1C=CC=CC=1)C1=CC=CO1,0.007752232206985355
C(=O)(C1=CC=CC=C1O)N1CC[C@H]([C@H](O)C1)C1=CC=C2C(C=CC=C2)=C1,0.0021685437764972447
N12N=C(N=C1N=C1CCCC1=C2NCC1=CC=C(C=C1)F)C1=CC=CO1,0.0064141145441681145
N1(CC2=CC=CC=N2)CC(CC1=O)C(=O)NCC1SN=NC=1C(C)C,0.008469779649749399
S(=O)(=O)(C1CC1)N1C[C@H](C[C@H]1C(NCC)=O)N,0.005593829671852291
N12N=C(N=C1N=C1CCCC1=C2NCC1C=CC=C(OC)C=1)C1=CC=CO1,0.0075413606129586695
N1(CCCCO1)CCC(=O)NCC(O)COC1C=CC=C(OC)C=1,0.001032303379906807
N12N=C(N=C1N=C1CCCC1=C2NCC1=CC(OC)=CC=C1OC)C1=CC=CO1,0.007502620946615935
N1(C[C@H]([C@H]2N3CCC(CC3)[C@H]21)C1C=CC=C(F)C=1F)C(=O)C1=CC=CN1,0.004527168732602149
N12N=C(N=C1N=C1CCCC1=C2N1CCN(CC1)C1=CC=CC=C1F)C1=CC=CO1,0.007012617494910956
C12CN(CCOC1=C(C=C(C=2)C1=CC=C(C)S1)O)CC(CO)O,0.0025000982685014607
N12N=C(N=C1N=C1CCCC1=C2NC1C=CC=C(OC)C=1)C1=CC=CO1,0.007146776909939945
N1(C[C@H](C[C@H]1C(NCC)=O)N)C(=O)C1=CC=C(C(C)=O)S1,0.01005427143536508
N12N=C(N=C1N=C1CCCC1=C2NCC1C=CC(=CC=1)C)C1=CC=CO1,0.008273591706529259
C12CCNCC=1N=CN=C2NCCC1(CCOC(C)(C)C1)C1=CC=CC=C1,0.010120780486613513
N12N=C(N=C1N=C1CCCC1=C2NCC1=CC=CC=C1Cl)C1=CC=CO1,0.006609107274562121
C1(C(C)=NOC=1C)NC(=O)N1CCOC(C1)C(F)(F)F,0.0028428129335225094
CC1NC(SCC2=C(Cl)C=CC=C2)=NN=1,0.004529404698405415
N1(C2=CC=CC=C2)C=NN=C1CC1CCN(CC1)C1=CC=C(N=N1)Cl,0.008652664837427437
N12N=C(N=C1N=C1CCCC1=C2NC1C=CC(=CC=1)Cl)C1=CC=CO1,0.006294956617057324
N1(CCCC(C(NCCC2=CC=CC=C2)=O)C1)C1CCN(CC1)CC(NC)=O,0.00892242630943656
N12N=C(N=C1N=C1CCCC1=C2NC1=CC=C(C=C1)C)C1=CC=CO1,0.00784344314597547
C1(=NC=CC=C1CNC(=O)[C@H]1CCCN1)OC1C=CC(=CC=1F)F,0.004940189491026104
N1(C[C@@H](C[C@H]1C(NCC)=O)N)CC1C=CC2C(=CC=C(C=2)NC(C)=O)N=1,0.006261896272189915
N12N=C(N=C1N=C1CCCC1=C2NC1=CC=CC=C1)C1=CC=CO1,0.0075266794068738815
C1(CCCN(C2CCN(CC2)CC2C=CC=NC=2)C1)C(=O)N(C)CCOC,0.012021566368639469
S(NCCC1CN(CC)CCO1)(=O)(=O)C1=CC2=C(C=CC=C2)O1,0.004675681586377323
N12N=C(N=C1N=C1CCCC1=C2NC1=CC=C(C=C1)CC)C1=CC=CO1,0.008358705905266106
C12(CCN(CC1)C(OCCC)=O)C(=O)NC(CSC1C=CC=CC=1)=N2,0.0034209841396659613
N1C(C)=NOC=1CN(CC)C(CCC1=CC(C)=CC(C)=C1)=O,0.012421079771593213
N12N=C(N=C1N=C1CCCC1=C2NC1C=CC=C(Cl)C=1)C1=CC=CO1,0.006231068167835474
N12N=C(N=C1N=C1CCCC1=C2NC1=CC=C(C=C1)OCC)C1=CC=CO1,0.0074477531015872955
C12CCN(CC=1N=C(C1=CC=CC=N1)NC2=O)C(=O)C1C=C(ON=1)C1CC1,0.005237626261077821
C1(C(=O)NCC2=CC=CC=C2N2C=CN=C2C)C=C(ON=1)C(C)C,0.005532699730247259
N12N=C(N=C1N=C1CCCC1=C2N1CCN(CC1)C1C=CC=CC=1)C1=CC=CO1,0.008602238516323269
C1(C(N)=O)=CN=C2CN(C(=O)C3CCC(N(CCC)C3)=O)CCN12,0.004272655537351966
N12N=C(N=C1N=C1CCCC1=C2N1CCN(CC1)C1=CC=CC(=C1)C(F)(F)F)C1=CC=CO1,0.004847757983952761
N1C(CC(C)C)=NNC=1[C@H](CCC(N)=O)NC(C)=O,0.00416655009612441
N12N=C(N=C1N=C1CCCC1=C2N1CCN(CC1)C1=CC=CC=C1OC)C1=CC=CO1,0.008296589041128755
N1(CC2CC2)C(=O)CCN(C(=O)C2OC=CC=2C)CC1C(C)C,0.015784081630408765
N12N=C(N=C1N=C1CCCC1=C2NC1C=CC=C(CC)C=1)C1=CC=CO1,0.008247180678881704
N1(CC[C@H]([C@@H](OC)C1)N)CC1=CC=CC(OC)=C1OCCN1C=CN=C1,0.007465251139365137
N12N=C(N=C1N=C1CCCC1=C2NC1=CC=C2C(OCCO2)=C1)C1=CC=CO1,0.007324970071204006
N12N=C(N=C1N=C1CCCC1=C2NCC1=CC=CC=C1OC)C1=CC=CO1,0.007641437533311546
N1([C@H]2CC[C@@H]1CC(N(C)C2)=O)C1=NC=CC(=C1)C(=O)NC1CC1,0.006187941739335656
S(N)(=O)(=O)C1=CC=C(C=C1)CCNCC1=CN(N=C1C)CC=C,0.0049041224177926775
N12N=C(N=C1N=C1CCCC1=C2N1CCN(CC1)C1C=CC(=CC=1)F)C1=CC=CO1,0.007019947632215917
N1=NC(=CN1[C@H]1CN[C@@H](C1)C(=O)NC(C)C)CN(C)C(=O)C1C=CC=C(F)C=1,0.004560630675405264
N12N=C(N=C1N=C1CCCC1=C2N1CCN(CC1)C1=CC=C(C=C1C)C)C1=CC=CO1,0.008974887826479972
C1(C2=CC=CC=N2)NC(=NC=1C1=CC=CC(F)=C1)CNC(=O)C(=O)C1=CC=CO1,0.004603926069103181
N12N=C(N=C1N=C1CCCC1=C2NC1C=CC(=CC=1)Br)C1=CC=CO1,0.008235210226848722
C1(C(OCC)=O)=CN(CCNC2=CC(C)=CC=N2)C=C(OC2=CC=CC=C2)C1=O,0.006133462744764983
N12N=C(N=C1N=C1CCCC1=C2NC1C=CC(=C(Cl)C=1)F)C1=CC=CO1,0.006278861174359917
C1(C2=NC=CN2CCCN2CCCC2=O)N2C=CSC2=NC=1Cl,0.005110798217356205
S1C(N)=NN=C1CC(=O)N(CC=C)CC1C=CC=CC=1Cl,0.004483002994675189
N12N=C(N=C1N=C1CCCC1=C2NC1=CC(OC)=CC(OC)=C1)C1=CC=CO1,0.007134732301346957
N12N=C(N=C1N=C1CCCC1=C2NC1C(C)=CC=C(Cl)C=1)C1=CC=CO1,0.006574227544479072
N12N=C(N=C1N=C1CCCC1=C2NC1C=CC(=C(C(F)(F)F)C=1)Cl)C1=CC=CO1,0.004951353929936886
CC1=CC2=C(OC(N2CC#N)=O)C=C1,0.004190202513217533
N12N=C(N=C1N=C1CCCC1=C2NCC1=CC=CS1)C1=CC=CO1,0.007508411863818764
C1(CN2CCOC3=C(C=C(C4C=CC=C(Cl)C=4)C=C3C2)O)=CN(N=C1C)CC,0.005912300711497664
N1(CCOC(C1)C1C=CC2C(=CC=C(OC)C=2)C=1)C1=CN=C2C(C=CC=C2)=N1,0.009731949772685766
C1(=NC=CN1[C@H](CO)CCSC)C1C=CC=CC=1C(O)=O,0.001626236760057509
N12N=C(N=C1N=C1CCCC1=C2NC1C=CC(=C(F)C=1)F)C1=CC=CO1,0.006426237616688013
N1([C@H]2CC[C@@H]1CC(N(C)C2)=O)C(=O)C1=CC=NC(OC)=C1,0.007610170310363174
N12N=C(N=C1N=C1CCCCC1=C2NC1C=CC(=C(C)C=1)Br)C1=CC=CC=C1,0.009201261727139354
N12N=C(N=C1N=C1CCCCC1=C2NC1C=C(C)C=CC=1OC)C1C=CC=CC=1,0.008745431946590543
C1(SC2=C(CCNC2)C=1C(O)=O)S(NCCCC(O)=O)(=O)=O,0.002743873844156042
N1(C=NN=N1)[C@@H](C)C(=O)NCC1=CC=CN=C1OC1C=CC(=CC=1F)F,0.003688783582765609
N12N=C(N=C1N=C1CCCCC1=C2NC1C(OC)=CC(=C(Cl)C=1)OC)C1C=CC=CC=1,0.00723806784953922
N12N=C(N=C1N=C1CCCCC1=C2NC1=CC(C)=C(C=C1OC)Cl)C1C=CC=CC=1,0.00721834113355726
N12N=C(N=C1N=C1CCCCC1=C2NC1C=CC=C(F)C=1)C1=CC=CC=C1,0.006439340603537858
C1(CCCN(CCCC2C=CC=CC=2)C1=O)(O)CN1CCN(CC1)C(C)=O,0.008577683568000793
N12N=C(N=C1N=C1CCCCC1=C2NC1=CC=C(C(F)=C1)C)C1=CC=CC=C1,0.0066628774860873815
N1(C2CCN(CC3=CC=C(O3)SC3=NN=CN3C)C2)C(C)=CC(C)=N1,0.013895104220137
C1(CN2C[C@@H](C[C@H]2C(NC)=O)N)=CC2=CC(C)=CC(C)=C2NC1=O,0.004925042355898768
N12N=C(N=C1N=C1CCCCC1=C2N1CCN(CC1)C1=CC=CC(C)=C1C)C1=CC=CC=C1,0.009552524657920003
C1(=O)N(C)C2=C(C=C(C=C2)CN2C=CN=C2C2=NC=CN2CC)N1C,0.007743386900983751
N12N=C(N=C1N=C1CCCCC1=C2N1CCN(CC1)C1=CC(C)=CC=C1C)C1=CC=CC=C1,0.009514661272987723
C12CN(CCC3C4C=CC=CC=4NC=3)CCC=1ON=C2C1=CC=C(C=C1)Cl,0.007180760940536856
N12N=C(N=C1N=C1CCCCC1=C2NC1C=CC2=C(OCO2)C=1)C1C=CC=CC=1,0.007895378838293254
C1(SC=CN=1)NC(=O)CCNC(=O)C1C=CC=C(C=1)N1C=CC=N1,0.004208864562679082
N12N=C(N=C1N=C1CCCCC1=C2N1CCN(CC1)C1C(C)=CC=C(Cl)C=1)C1C=CC=CC=1,0.007857902534306049
C1(=CC=CN=C1NC)CN(CC1C=CC=CC=1)CC(C)CO,0.003770013002213091
N12N=C(N=C1N=C1CCCCC1=C2N1CCN(C(C)C1)C1=CC=CC(C)=C1)C1C=CC=CC=1,0.009196466999128461
N12N=C(N=C1N=C1CCCCC1=C2N1CCN(CC1)C1CCCCC1)C1=CC=CC=C1,0.010286986827850342
C1(=CC=C(C2C=CC=C(C=2)NC(C)=O)O1)C(=O)NC1=CC=C(C=C1)OC,0.005914926342666149
N12N=C(N=C1N=C1CCCCC1=C2NC1C=CC(=C(Cl)C=1)C)C1=CC=CC=C1,0.0073159147752448915
C12=C(CCN(C1)C(=O)C1=CC=CC(F)=C1OC)ON=C2C1=CC=CC=C1F,0.009210569318383932
N12N=C(N=C1N=C1CCCCC1=C2NC1=C(OC)C=CC(OC)=C1)C1=CC=CC=C1,0.00837552584707737
N12CCN(CCC1=NN=C2CCC1C=CC=CC=1)C(=O)C1=CN=C(C=N1)O,0.006230417150072753
N12N=C(N=C1N=C1CCCCC1=C2NC1C=CC(=CC=1)C(OCC)=O)C1C=CC=CC=1,0.006958360155113042
N1(C[C@@H]([C@H]2N3CCC(CC3)[C@H]21)C1=CC=CC=C1)C(=O)C1C=NN2C=CC=CC=12,0.007764946832321584
N12N=C(N=C1N=C1CCCCC1=C2NC1=CC=C(C(Cl)=C1)OC)C1=CC=CC=C1,0.007133520976640284
C1(C=C(SC=1NC(=O)C(C)(C)C)C)C(=O)N1CC[C@@]([C@@H](CC)C1)(C)O,0.007332511804997921
N12N=C(N=C1N=C1CCCCC1=C2NCC1C=CC=CC=1)C1=CC=CC=C1,0.008717332570813596
S(=O)(=O)(N1CCC2=C(N=C(NC2=O)C)C1)C1=CC=C(C2C=CON=2)S1,0.0031278415699489415
N12N=C(N=C1N=C1CCCCC1=C2NC1C=CC(=CC=1)C(OC)=O)C1C=CC=CC=1,0.007063003769144416
C1(CN2CCN(CC2)C2=NC=NC3NC=NC2=3)N(CC=C)C2C(=CC=CC=2)N=1,0.0037601164192892613
N(C1=C2C(NC=N2)=NC=N1)C1=CC=C(OC2=CC=CC=C2)C=C1,0.003314838686492294
N12N=C(N=C1N=C1CCCCC1=C2NC1C=C(C)C=CC=1C)C1C=CC=CC=1,0.0090382186928764
N1=C(NCC)C=CN=C1N1CCN(CC1)CC1=C(C)C=C2C(OCO2)=C1,0.007240753620862961
C(F)(F)(F)C1=CC=CC=C1CN(C)CC1C=CC(=C(O)C=1)O,0.0046878193737939
N12N=C(N=C1N=C1CCCCC1=C2NC1=CC(C)=CC(C)=C1)C1=CC=CC=C1,0.009149565477855504
N12N=C(N=C1N=C1CCCCC1=C2NC1C=CC=CC=1OC)C1=CC=CC=C1,0.008720781048759818
C1(=COC(COC2=CC=C3C(OCO3)=C2)=N1)C(=O)N1CCC(CC1)C1NN=NN=1,0.002792073437012732
N12N=C(N=C1N=C1CCCCC1=C2NCC1=CC=C(C=C1)F)C1=CC=CC=C1,0.006903278012759984
C1(=O)C(CCCN1CC1=CC=CC(OC)=C1)(CNCCC1=NOC(C)=N1)O,0.006338411243632436
N12N=C(N=C1N=C1CCCCC1=C2N1CCN(CC1)C)C1=CC=CC=C1,0.0096090292558074
N1(C2C=CC=CN=2)N=C(N=C1COC1C=CC(=NC=1CC)C)C,0.009574526222422719
N1(C2C=CC=CC=2N=C1)C1C=NC(=CN=1)N,0.0040748766623437405
N12N=C(N=C1N=C1CCCCC1=C2N1CCN(CC1)CC1C=CC=CC=1)C1C=CC=CC=1,0.009214786067605018
C12CN(CC=1C=NN2CCO)C(=O)C1C=C(NN=1)CN1C2C=CC=CC=2N=C1,0.0028115776192862542
N12N=C(N=C1N=C1CCCCC1=C2NC1CCN(CC1)CC1=CC=CC=C1)C1=CC=CC=C1,0.00763573709409684
C1(=CNN=C1CCC)C(=O)N1CCOC(CC2=CC=CC=C2Cl)C1,0.0053158433642238375
N12N=C(N=C1N=C1CCCCC1=C2N1CCN(CC1)C1=CC=CC=C1F)C1C=CC=CC=1,0.007162521779537201
N12C[C@@H](C[C@H]1C(NCC2=O)=O)NC(=O)C1=CC=CC(OC)=C1C,0.00568739406298846
N12N=C(N=C1N=C1CCCCC1=C2NC1C=CC=C(C)C=1)C1C=CC=CC=1,0.008459967421367764
C1(C2SC=CC=2C)=C(C2C=CC=CC=2)N=CN1CC(O)C1C=CC=NC=1,0.0041494017466902735
N12N=C(N=C1N=C1CCCCC1=C2NC1C=CC=C(OC)C=1)C1=CC=CC=C1,0.008139330823905767
N1(C2CCCCC2)C=NN=C1CNC(CCC1=CC(C)=CC(C)=C1)=O,0.011722921160981059
N12N=C(N=C1N=C1CCCCC1=C2N1CCC(CC1)CC1=CC=CC=C1)C1C=CC=CC=1,0.011135835433378816
C1(SC=C(C(N)=O)N=1)N1CCOC(C1)C(F)(F)F,0.002926027455396252
N12N=C(N=C1N=C1CCCCC1=C2N1CCN(CC1)C1=CC=CC(Cl)=C1)C1C=CC=CC=1,0.007694487436674535
C1(C(C)=CC2C(=CC=CC=2)N=1)N1CCC2(CC1)CNC(=O)C2,0.006718347151763737
N12N=C(N=C1N=C1CCCCC1=C2NC1C=CC(=CC=1)Cl)C1C=CC=CC=1,0.007110227085649967
C1(OC(=C(CN2C3N=CC=CC=3C=N2)N=1)C)C1=CC(OC)=CC=C1OC,0.007284727157093584
N12N=C(N=C1N=C1CCCCC1=C2NC1C=CC(=CC=1C)C)C1C=CC=CC=1,0.009099204069934785
C1(C(C(C)C)NC(=O)C2C=CC3=C(C=CC=C3)N=2)=NN=C2CCNCCN12,0.006565694720484317
C1(=CC(=NN1)C)C(=O)N1CCC2=C(N=C(N=C2N(C)C)C2=CC=CN=C2)C1,0.004431167140137404
N12N=C(N=C1N=C1CCCCC1=C2NC1=CC=C(C=C1)C)C1=CC=CC=C1,0.008625584188848734
N(C(CC)CO)(CC1C=CSC=1)CC1C=CC=CC=1C#N,0.004606970411259681
N12N=C(N=C1N=C1CCCCC1=C2NC1=CC=CC=C1)C1C=CC=CC=1,0.008479382493533194
N1(CCC(CC1)NC(C)CSC)CC(OC)=O,0.007656583515927196
ClC1=CC=C(CNC2=CC=CC=C2)C=C1,0.010032253782264888
C1(C(=O)NC2=CC(C)=CC=C2NC(CCCC)=O)C=C(ON=1)C(C)C,0.007908008829690515
N12N=C(N=C1N=C1CCCCC1=C2N1CCC(CC1)C)C1C=CC=CC=1,0.011237348522990942
C12C(C)=CC=CN1C(=CN=2)CC(=O)N(CC)CC1=NOC(CC(C)C)=N1,0.009217294538393617
N12N=C(N=C1N=C1CCCCC1=C2NC1=CC=C(C=C1)OC1=CC=C(C=C1)Cl)C1=CC=CC=C1,0.006919978419318795
C1(=NC=CN1C1C=CC=C(C=1)C1=CSC=N1)C1=CC=C(C#CCO)S1,0.0034586472087539733
N12N=C(N=C1N=C1CCCCC1=C2NC1=CC=C(C=C1)CC)C1=CC=CC=C1,0.0090332301100716
N12CCCC3C=CC=C(C1=3)C(=CC2=O)CN1CCCC1C1C=CC=CN=1,0.013083378039300441
C1(CN[C@@H](CC2=CC=CC=C2)C(N)=O)=CNN=C1C1=CC=C(C=C1)F,0.0030709024285897613
N12N=C(N=C1N=C1CCCCC1=C2NC1C=CC=C(C=1)C(F)(F)F)C1=CC=CC=C1,0.005293356557376683
C1(C(NCCC2=NC(C)=CC(=O)N2)=O)NN=C(C2=CC=C(C=C2)C)C=1,0.0034928428125567735
N12N=C(N=C1N=C1CCCCC1=C2NC1=CC=C(C=C1)OCC)C1C=CC=CC=1,0.008525316114537418
N1(CCCC(CCC2C=CC(=CC=2)F)C1)C(=O)C1C=NC(=NC=1)C(C)C,0.008528683893382549
N12N=C(N=C1N=C1CCCCC1=C2N1CCN(CC1)C1C=CC=CC=1)C1=CC=CC=C1,0.009297294775024056
N1(C(CCNC2C=CC=CC=2)=NNC1=O)C1C(C)=NOC=1C,0.0030332890339195727
N12N=C(N=C1N=C1CCCCC1=C2N1CCN(CC1)C1=CC=CC(=C1)C(F)(F)F)C1C=CC=CC=1,0.005214485991746187
C1(C2=CC=CC=C2N=C(C2C=CN=CC=2)C=1)C(=O)NC(C)CC1=CC=CC=N1,0.00821023709140718
N12N=C(N=C1N=C1CCCCC1=C2NC1=CC=C2C(OCCO2)=C1)C1=CC=CC=C1,0.008216434065252543
C1(=NC=CN1[C@H]1CC[C@@H](CC1)O)C1C=C(OC)C(=CC=1OC)OC,0.004202942829579115
N12N=C(N=C1N=C1CCCCC1=C2NC1C=CC(=CC=1)C(C)C)C1C=CC=CC=1,0.00961508578620851
N1(CC2C=NC=CN=2)C(=O)C(NC1=O)(C1CCNCC1)CC1=CC=CC=C1F,0.002125103661091998
N12N=C(N=C1N=C1CCCCC1=C2NCC1=CC=CC=C1OC)C1C=CC=CC=1,0.008538104128092527
C1(=COC(COC2C=CC(=CC=2)F)=N1)C(=O)N(C)CC1ON=C(CC)N=1,0.0061999675584957
N12N=C(N=C1N=C1CCCCC1=C2N1CCN(CC1)C1=CC=C(C=C1C)C)C1=CC=CC=C1,0.009551813500002027
CCCCCCOC1=CC=C(CO)C=C1,0.007866481877863407
N1([C@H]2CC[C@@H]1CC(N(C)C2)=O)C(=O)CC1=CC=C(C=C1)S(C)(=O)=O,0.00782701065763831
N12N=C(N=C1N=C1CCCCC1=C2NC1C=CC(=CC=1)Br)C1C=CC=CC=1,0.009040603414177895
N1(CC(=O)N[C@H]2CN3[C@H](C(=O)N(CC3=O)C)C2)C(C)=C(C(C)=N1)C,0.0072153312619775535
N12N=C(N=C1N=C1CCCCC1=C2NC1C=CC(=C(Cl)C=1)F)C1=CC=CC=C1,0.006266747461631894
C(CNC(C)CN(C)C)(=O)NC(C)C,0.011156905349344015
N12N=C(N=C1N=C1CCCCC1=C2NC1=CC(OC)=CC(OC)=C1)C1=CC=CC=C1,0.008103862009011208
C12CN(CCC=1NN=C2C1=CC=C(C=C1)C1=CC=CC=C1)CC1NC(=O)NC(=O)C=1,0.00488084270618856
C1(C2=CC=C(C(C)=C2C)OC)OC(=C(CN(C)CC(NC)=O)N=1)C,0.0065202336758375164
N12N=C(N=C1N=C1CCCCC1=C2NC1C=CC(=CC=1OC)OC)C1=CC=CC=C1,0.0082122033694759
N12N=C(N=C1N=C1CCCCC1=C2NC1=C(OCC)C=CC(OCC)=C1)C1=CC=CC=C1,0.008682853705249727
C1(C=C(NN=1)COC1=CC=CC(F)=C1)C(=O)N1CC(C1)N1CCOCC1,0.004289476771373302
C1(N2CCC(CC2)N2CCCC(C2)C(=O)NC2CC2)=CC(C(C)C)=NC(C)=N1,0.009222505893558264
N12N=C(N=C1N=C1CCCCC1=C2NC1C=CC(=CC=1)OC(F)(F)F)C1C=CC=CC=1,0.005007378349546343
N12N=C(N=C1N=C1CCCCC1=C2NC1C=CC=C2CCCCC=12)C1C=CC=CC=1,0.010799507331103086
N1C(COC2C=CC(=CC=2)F)=NC=CC=1C1N=CC=C(C=1)C(O)=O,0.004926594509743154
N12N=C(N=C1N=C1CCCCC1=C2NC1C=CC(=C(F)C=1)F)C1=CC=CC=C1,0.007103250175714493
C1(CNCC2OCCC3=CC=CC=C23)=CC(=O)OC2=CC=C(CC)C=C12,0.00940315742045641
N12N=C(N=C1N=C1CCCCC1=C2NC1C=CC(=C(C)C=1)Br)C1=CC=C(C=C1)C,0.010010021924972533
C1(N(C)CC2C=CC=CC=2)C2=CC=CC=C2N=C(CCN)N=1,0.008761433232575656
N12N=C(N=C1N=C1CCCCC1=C2NC1C(OC)=CC(=C(Cl)C=1)OC)C1=CC=C(C=C1)C,0.007439307775348425
C1(=CC=C(CN(C)CC2C=CSC=2)O1)C1C=CNN=1,0.006289338693022728
N12N=C(N=C1N=C1CCCCC1=C2NC1=CC(C)=C(C=C1OC)Cl)C1=CC=C(C=C1)C,0.007681161211803555
N1(C[C@H](C[C@H]1C(NC)=O)N)CC1=CC=CC(=C1)OCC(C)=C,0.008838084316812456
CC1SC2=C(C(N(C(=N2)SCC(NC2=C(O)C=CC=C2)=O)CC2OC=CC=2)=O)C=1,0.0030811249278485777
N1C(CC2C=CC=CC=2)=NNC=1CC1=CSC(SCC)=N1,0.005149890179745853
CC1SC2=C(C(N(C(=N2)SCC(NC2=CC(O)=CC=C2)=O)CC2OC=CC=2)=O)C=1,0.0028509546420536934
N12N=C(N=C1N=C1CCCCC1=C2NC1C=CC(=C(Cl)C=1)C)C1=CC=C(C=C1)C,0.007930948631837964
N12N=C(N=C1N=C1CCCCC1=C2NC1=CC=C(C(C)=C1)C)C1=CC=C(C=C1)C,0.00999150751158595
C1(=C(C)C2C(=CC=C(F)C=2)N1)C1N(CCC2NC=NC1=2)CC1=CC=CO1,0.004454731848090887
N12N=C(N=C1N=C1CCCCC1=C2NC1=CC=C(C(Cl)=C1)OC)C1=CC=C(C=C1)C,0.007465136121027172
C1(=C(C=CC=C1OC)OC)C1=CC=C(C=N1)C(NCCCC1C=CC=CN=1)=O,0.0075125000439584255
N12N=C(N=C1N=C1CCCCC1=C2NC1=CC(C)=CC(C)=C1)C1C=CC(=CC=1)C,0.01004937500692904
N12N=C(N=C1N=C1CCCCC1=C2NCC1=CC(OC)=CC=C1OC)C1=CC=C(C=C1)C,0.00854073951486498
N12N=C(N=C1N=C1CCCCC1=C2N1CCN(CC1)C1=CC=CC=C1F)C1C=CC(=CC=1)C,0.007511304481886328
C(=O)(N(C(CC)CO)CC1=CC=CN=C1)C1=CC=NC=C1F,0.0043329271022230385
N12N=C(N=C1N=C1CCCCC1=C2NC1C=CC=C(C)C=1)C1C=CC(=CC=1)C,0.009370705881156027
CCOC1=C(C2N3C(=NC=N3)NC(C3=CC=C(F)C=C3)C2)C=CC=C1,0.007335884962230921
N12N=C(N=C1N=C1CCCCC1=C2NC1C=CC(=CC=1)Cl)C1C=CC(=CC=1)C,0.007557025412097573
C1(=CC=CN=C1C1C=CC=C2CNCCC=12)C(=O)N(C)C,0.007944933115504682
C(=O)(C1C=CC=NC=1C)N1CCOC2=C(C=C(C3C=CC=C(Cl)C=3)C=C2C1)O,0.0046206557424739005
N12N=C(N=C1N=C1CCCCC1=C2NC1=CC=CC=C1)C1=CC=C(C=C1)C,0.008896658662706614
C12N=C(C)C=C(C)N1N=C(CC(=O)N(C1CC1)CC1SC=CC=1C)N=2,0.008539462578482926
N12N=C(N=C1N=C1CCCCC1=C2NC1C=CC=C(C=1)C(F)(F)F)C1C=CC(=CC=1)C,0.005433257308322936
N1=CN(N=C1)CCCC(=O)N(CC1CCCO1)CC1C=CC(=CC=1)F,0.007060727127827704
N12N=C(N=C1N=C1CCCCC1=C2NC1C=CC=C(Cl)C=1)C1=CC=C(C=C1)C,0.00723635321483016
C12CN(CCC=1N(N=C2C(O)=O)CCC1=CC=C(C=C1)OC)C(=O)C1=CN=CN1,0.003450970852281898
N1C2=CC(C)=CC=C2NC=1CCN(CC)C(=O)CCC1C(C)=NC(=NC=1C)O,0.0036918409750796854
COC1=C(OCCN2C3=C(C=C(C=C3)C)C(=O)C2=O)C=CC=C1,0.017112249694764613
C12C(C)=C(SC=1N=C(CCN)N=C2NCCSC1=NN=C(C)N1CC)C,0.00713450419716537
N1(C[C@@H](C[C@H]1C(NC)=O)N)CC1C(C)=CC(=C(C)C=1)OC,0.009713593497872352
N12N=C(N=C1N=C1CCCCC1=C2NCC1=CC=CC=C1OC)C1C=CC(=CC=1)C,0.008924170513637364
C1(SC2=C(CCNC2)C=1C(O)=O)S(=O)(=O)NC(CC)C1=CC=NN1C,0.0037433662917464973
N12C(C3CCCC3)=NN=C1SC(C(C)OC(C)C)=N2,0.013923123758286238
N12N=C(N=C1N=C1CCCCC1=C2NC1C=CC(=C(Cl)C=1)F)C1=CC=C(C=C1)C,0.006579552730545402
C1(C(C2=CC=CC=C2)N(C)CC2=NC=CN2CCOC)=NN=NN1C1=CC=CC=C1C,0.0073082407237961885
N12N=C(N=C1N=C1CCCCC1=C2NC1=C(OCC)C=CC(OCC)=C1)C1C=CC(=CC=1)C,0.009039508737623691
C1(CO)=NC2=C(C=CC=C2)N1C1C=CC(=CC=1)C(O)CN1CCOCC1,0.002699218993075192
N12N=C(N=C1N=C1CCCC1=C2NC1C=CC(=C(C)C=1)Br)C1=CC=C(C=C1)C,0.009554051840677858
N12N=C(N=C1N=C1CCCC1=C2NC1=CC=C(C(F)=C1)C)C1=CC=C(C=C1)C,0.006770956050604582
C1(OCCNC(=O)CCNC(=O)C2=CC=C(C=C2)F)C(C)=NON=1,0.004669534740969539
N1(C2CCN(C2)C(=O)C2(CCCC2)N2CCCC2)C(C)=CC(C)=N1,0.016125356405973436
N12N=C(N=C1N=C1CCCC1=C2N1CCN(CC1)C1=CC=CC=N1)C1C=CC(=CC=1)C,0.008258584979921579
C12=NNC(CCC)=C1C(CC(=O)N2)COCC1=CC=CC=C1,0.005807745037600398
N12N=C(N=C1N=C1CCCC1=C2N1CCN(CC1)C1=CC=CC(C)=C1C)C1=CC=C(C=C1)C,0.009827144909650087
S(C)(=O)(=O)N1CCCC1C(=O)N(CC=C)CC1=CC=C(C)S1,0.006089674378745258
N12N=C(N=C1N=C1CCCC1=C2N1CCN(CC1)C1=CC(C)=CC=C1C)C1=CC=C(C=C1)C,0.009838372189551591
C1(=CC=C(NC1=O)C)C(=O)N1CCCC(CCC2C=CC(=CC=2)F)C1,0.004562412353698165
N12N=C(N=C1N=C1CCCC1=C2N1CCN(CC1)C1C(C)=CC=C(Cl)C=1)C1=CC=C(C=C1)C,0.008045943500474096
C1(CC2=CC=CC=C2)(CCC(NCCC(C)C)=O)C2=CC=CC=C2N(C)C1=O,0.0123209735378623
N1CCCC(C1)CCC1=CC=C(C=C1)OC,0.01591607164591551
N12N=C(N=C1N=C1CCCC1=C2N1CCN(C(C)C1)C1=CC=CC(C)=C1)C1C=CC(=CC=1)C,0.009488837281242012
C1(=COC(COC2C=CC=C3C=CC=NC=23)=N1)C(=O)NC(C)C1=CC=C(C=C1)O,0.00309944887412712
N12N=C(N=C1N=C1CCCC1=C2N1CCN(CC1)C1=CC=CC=C1F)C1C=CC(=CC=1)C,0.007329570082947612
N1=C(C=CN=C1N1CCC(CC1)(O)CC1C=CC=CC=1)N1CCCC(O)C1,0.003274429019074887
N12N=C(N=C1N=C1CCCC1=C2N1CCN(CC1)C1=CC=CC(Cl)=C1)C1C=CC(=CC=1)C,0.007668823120184243
N1(C[C@@H](C[C@H]1C(=O)NC(C)C)N)C(=O)CNC(C1C=CC=CC=1)=O,0.008076991140842437
C12(CCN(CC1)C(=O)CC1=CSC(C)=N1)C(=O)NC(CCC(C)C)=N2,0.004578558914363384
N12N=C(N=C1N=C1CCCC1=C2N1CCN(CC1)C1C=CC(=CC=1)OC)C1=CC=C(C=C1)C,0.008869635872542858
C12C=C(C=CC=1C(C)=CC(=O)O2)CN1CCN(CC1)C(C1C=CC=CC=1)=O,0.007659331080503762
N12N=C(N=C1N=C1CCCC1=C2N1CCN(CC1)C1C=CC=CC=1)C1=CC=C(C=C1)C,0.009365482907742261
C1(N2CCOCC2)N=C(CC)C=C(NCC2=NN=CN2CCC)N=1,0.0062723739072680475
N12N=C(N=C1N=C1CCCC1=C2N1CCN(CC1)C1=CC=CC(=C1)C(F)(F)F)C1=CC=C(C=C1)C,0.005165019340347498
C(=O)([C@H]1CCCC[C@H]1C(=O)NC(C)(C)C)N(C(C)C)CCC(N)=O,0.011213336931541562
N12N=C(N=C1N=C1CCCC1=C2N1CCN(CC1)C1=CC=CC=C1OC)C1C=CC(=CC=1)C,0.009024584293365478
C1(=NC(=NN1C1C=C(C)C=CN=1)C1=CC=CC=C1)C1=NN2C(N=CC=C2)=N1,0.00745907686650753
N12N=C(N=C1N=C1CCCC1=C2N1CCN(CC1)C1C=CC(=CC=1)F)C1=CC=C(C=C1)C,0.007486465596593916
N1(C)C(=O)NC=C(CC(=O)NC2=CC(=NN2C(CC)CC)C)C1=O,0.003978431224822998
N12N=C(N=C1N=C1CCCC1=C2N1CCN(CC1)C1=CC=C(C=C1C)C)C1C=CC(=CC=1)C,0.009872492402791977
N12N=C(N=C1N=C1CCCC1=C2N1CCN(CC1)CC1=CC=C2C(OCO2)=C1)C1=CC=C(C=C1)C,0.007940217154100537
C1(C2=C(C=CC=C2O)O)=NC(=NN1C1C=CC(=CC=1)F)CC(C)C,0.005318137374706567
N12N=C(N=C1N=C1CCCC1=C2NC1C=CC=C(F)C=1)CC1C=CC(=CC=1)Cl,0.005661185970529914
C1(CN2C(=O)CNC2=O)=NC(=NN1C1C=CC=CC=1Cl)CC(C)C,0.0018529410037444905
N12N=C(N=C1N=C1CCCC1=C2NC1=CC=C(C(F)=C1)C)CC1=CC=C(C=C1)Cl,0.005893121659755707
C1(CN(CC2=CC=CN=C2)CC2=CC=CC=C2OC)=COC2=C(C=C(C=C2)C)C1=O,0.011642727069556713
N12N=C(N=C1N=C1CCCC1=C2N1CCN(CC1)C1=CC=CC(C)=C1C)CC1C=CC(=CC=1)Cl,0.008096286677755415
S(=O)(=O)(N1CCOCC1)C1C=C(C=C(C2C=CC=CC=2CO)C=1)C(O)=O,0.0017851251672254876
N12N=C(N=C1N=C1CCCC1=C2N1CCN(CC1)C1=CC(C)=CC=C1C)CC1=CC=C(C=C1)Cl,0.008079060283489526
C1(C#N)C(N)=NC(=CC=1C1=CC=C(C(CO)=C1)OCC)C1=CC=CS1,0.0017924973042681813
COC1=C(OC)C=C(C2N=C(CSC3N(C)C(C4OC=CC=4)=NN=3)ON=2)C=C1,0.011108212685212494
N12N=C(N=C1N=C1CCCC1=C2NCC1C=CC2=C(OCO2)C=1)CC1C=CC(=CC=1)Cl,0.0068616960663348435
C1(C2=CC=C(C=C2)C(O)=O)=NC=CN1CCCN1CCCCC1CO,0.002217072551138699
N12N=C(N=C1N=C1CCCC1=C2NC1C=CC(=CC=1)OC)CC1C=CC(=CC=1)Cl,0.007138554891571403
CC1=C(C)C2=C(N=C(N(C2=O)CC2OC=CC=2)SCC#N)S1,0.005078288689583132
N12N=C(N=C1N=C1CCCC1=C2NCC1=CC=C(C(OC)=C1)OCC)CC1C=CC(=CC=1)Cl,0.007421466847881674
ClC1=CC=C(NC(CSC2NN=C(C3OC=CC=3)N=2)=O)C=C1,0.003242176165804267
C1(CN2CCC(CC2)(O)CN2C=CN=C2)C2C=CC=CC=2N(CCC(N)=O)C=1,0.006146876374259591
CC1=C2C(SC(=N2)NC(C2=C(I)C=CC=C2)=O)=C(C)C=C1,0.009239926282316447
C1(C=NN(C)C=1C1CC1)C1C=C(C(C)C)N=C(N)C=1C#N,0.005694897309876978
N12N=C(N=C1N=C1CCCC1=C2NC1=CC=C(C(C)=C1)C)CC1C=CC(=CC=1)Cl,0.007848910009488463
C12CN(C(C)C1=NC(N)=NC=2C1=CC=CC(C)=C1)CC1C=NC(=NC=1)COC,0.0066122867166996
C12CCN(CC=1N=C(C1C=CC(=CC=1)C(N)=O)NC2=O)C1=NC=NC2CCCC1=2,0.0048494931310415264
N12N=C(N=C1N=C1CCCC1=C2NCC1C=CC=CC=1)CC1=CC=C(C=C1)Cl,0.007628351915627718
C1(=NC(C)=NC2CCNCCC1=2)N1CCCOC2C(=CC=CC=2C1)OC,0.010609504394233226
C12CN(CCC=1N(N=C2C(O)=O)CCCC1C=CC=CC=1)C(=O)C1=CN=CN=C1,0.007648621452972293
N12N=C(N=C1N=C1CCCC1=C2NC1=CC(C)=CC(C)=C1)CC1C=CC(=CC=1)Cl,0.007908027456142008
N1(C[C@H](C[C@H]1C(=O)N(CC)CC)N)C(=O)C1=CC=C2C(OCC(=O)N2)=C1,0.008430560352280736
N12N=C(N=C1N=C1CCCC1=C2NCC1=CC=C(C=C1)F)CC1C=CC(=CC=1)Cl,0.006219037296250463
C1(=CSC(C)=C1C1C=CC=CC=1)C(=O)N1[C@H]2CC[C@@H]1CC(NC2)=O,0.006434133136644959
N12N=C(N=C1N=C1CCCC1=C2NC(C)C1=CC=CC=C1)CC1C=CC(=CC=1)Cl,0.008152615884318948
C1(C(O)=O)=CN(N=N1)CC1CCCN(C1)C1N=CC=CC=1C(=O)N1CCCC1,0.005825843708589673
N12N=C(N=C1N=C1CCCC1=C2NCC1C=CC=C(OC)C=1)CC1C=CC(=CC=1)Cl,0.0071591418934986
ClC1=CC=C(OCC(NC2=CC=NC=C2)=O)C=C1,0.005999923520721495
C1(C(C(C)C)NC(CC2=CC=CN=C2)=O)=NN=C2CCNCCN12,0.007665512221865356
N1(C[C@H](C[C@H]1C(NC)=O)N)C(=O)CN(C)CC1C=CC=NC=1,0.006838147668167949
N12N=C(N=C1N=C1CCCC1=C2NCC1=CC(OC)=CC=C1OC)CC1C=CC(=CC=1)Cl,0.00685583904851228
N1=C(CN2CC(CC2=O)C(O)=O)ON=C1C1=CC=C(C(OC)=C1)OC,0.008182288194075227
N12N=C(N=C1N=C1CCCC1=C2N1CCN(CC1)C1=CC=CC=C1F)CC1C=CC(=CC=1)Cl,0.006412977981381118
C1(CNC(CCC(=O)NC2C=C(C)C=CC=2F)=O)C(C)=NNC=1C,0.003914490540046245
CC1=C(NC(COC2=C(Cl)C=CC=C2)=O)N=CC=C1,0.005304148094728589
N12N=C(N=C1N=C1CCCC1=C2NC1C=CC=C(C)C=1)CC1=CC=C(C=C1)Cl,0.007305645057931543
N1C2C(C)=CC=CC=2NC=1CNC(=O)C(=O)NC1=CC=C(C=C1C)C,0.0032055744144599886
N12N=C(N=C1N=C1CCCC1=C2NC1C=CC=C(OC)C=1)CC1=CC=C(C=C1)Cl,0.006851785443723201
N1(C2=CC=CC=C2)C(=O)N(N=C1C1CCCNC1)CC1CCC1,0.006908895447850227
N12N=C(N=C1N=C1CCCC1=C2NCC1C=CC(=CC=1)C)CC1=CC=C(C=C1)Cl,0.007941056368872523
N1(C=NC=N1)C1=CC=CC=C1CNCC1=CC(C)=C(C(C)=C1)OC(C)=O,0.006280758581124246
N12N=C(N=C1N=C1CCCC1=C2N1CCC(CC1)CC1=CC=CC=C1)CC1C=CC(=CC=1)Cl,0.009363048220984637
C1(=CN=C(N(C)C)S1)C1=NC=CN1C(C)C1ON=C(C2=CC=CN=C2)N=1,0.007001833920367062
N12N=C(N=C1N=C1CCCC1=C2NC1=CC=C(C=C1)C)CC1C=CC(=CC=1)Cl,0.007484416197985411
C1(CN(CCOC)CC2=CC(F)=CC=C2O)C(C)=NN(CC)C=1C,0.005688828928396106
N12N=C(N=C1N=C1CCCC1=C2NC1=CC=CC=C1)CC1=CC=C(C=C1)Cl,0.007271554414182901
C1(C2=CC=CN=C2)N=C(C)C=C(N[C@@H](C)C2=C(C=CC=N2)C)N=1,0.007791248708963394
N12N=C(N=C1N=C1CCCC1=C2N1CCN(CC1)C1C=CC(=CC=1)OC)CC1=CC=C(C=C1)Cl,0.007321152929216623
C1(C=C(ON=1)COC1C=CC=CC=1SC)C(=O)N(C)CC1(C)COC1,0.010006333189085125
N12N=C(N=C1N=C1CCCC1=C2NC1=CC=C(C=C1)CC)CC1C=CC(=CC=1)Cl,0.00800384716130793
N1=C(CNC(=O)C2C=CC=CC=2N2CCCC2)ON=C1C1=CC=CC=N1,0.005910166352987289
N12N=C(N=C1N=C1CCCC1=C2NC1C=CC=C(C=1)C(F)(F)F)CC1=CC=C(C=C1)Cl,0.004733849607873708
N1C(=CC=NC=1C(C)C)CN(C)CC1C=CC=C2C=NC=CC=12,0.00991920568048954
N12N=C(N=C1N=C1CCCC1=C2NC1=CC=C(C=C1)OCC)CC1C=CC(=CC=1)Cl,0.007261164556257427
N1(C)CCCC(CNC(CSCCC)=O)C1,0.00858051860705018
N1=C(CN(C)C(=O)CN2CCCN(C)CC2)ON=C1C1=CC=CC(C)=C1,0.010005964059382677
N12N=C(N=C1N=C1CCCC1=C2N1CCN(CC1)C1C=CC=CC=1)CC1C=CC(=CC=1)Cl,0.007924192422069608
C1(C=C(ON=1)CN(C)CCC1C=CC=CC=1)C(=O)N(CC)C(C)C,0.013636578433215618
N12N=C(N=C1N=C1CCCC1=C2N1CCN(CC1)C1=CC=CC=C1OC)CC1=CC=C(C=C1)Cl,0.007414208562113345
N12N=C(N=C1N=C1CCCC1=C2NCC1=CC=CO1)CC1C=CC(=CC=1)Cl,0.007633779291063547
C1(C(C)C)N=NSC=1CNC(CCC1C2=CC=CC=C2NC=1)=O,0.005336222378537059
S(=O)(=O)(N1CCOCC1)C1C=C(C=C(C2C=C(OC)C=CC=2F)C=1)C(O)=O,0.003623989794868976
N12N=C(N=C1N=C1CCCC1=C2NC1C=CC=C(CC)C=1)CC1=CC=C(C=C1)Cl,0.007784131076186895
C12N=CC(=CN1N=CC=2C(=O)NC1C=CC(=C(Cl)C=1)F)CN(CC)CC,0.005736252828501165
N12N=C(N=C1N=C1CCCC1=C2NC1=CC=C2C(OCCO2)=C1)CC1C=CC(=CC=1)Cl,0.006864842935465276
C1(C(NCCC2=CNC=N2)=O)=C(C)C2C(=C(C)C=C(C)C=2)N1,0.0034931368893012403
N12N=C(N=C1N=C1CCCC1=C2NCC1=CC=CC=C1OC)CC1=CC=C(C=C1)Cl,0.007235348387621343
C1(C2C=CN=CN=2)C2C=CC=C(C)C=2NC=1,0.005524466710630805
N12N=C(N=C1N=C1CCCC1=C2N1CCN(CC1)C1C=CC(=CC=1)F)CC1C=CC(=CC=1)Cl,0.00657912390306592
N12N=C(N=C1N=C1CCCC1=C2N1CCN(CC1)C1=CC=C(C=C1C)C)CC1=CC=C(C=C1)Cl,0.008102631173096597
C12=CC(=CC(O)=C1OCCN(C(C)=O)C2)C1=CC=C(C)S1,0.004889048845507204
N12N=C(N=C1N=C1CCCC1=C2NC1C=CC(=C(OC)C=1)OC)CC1C=CC(=CC=1)Cl,0.006861313222907483
N12N=C(N=C1N=C1CCCC1=C2NC1=CC(OC)=CC(OC)=C1)CC1C=CC(=CC=1)Cl,0.006515805306844413
N1=C(N(C)C)N=C2C(CCCC2)=C1NC(C1CC1)C1=NC=CN1C,0.008034058404155076
N12N=C(N=C1N=C1CCCC1=C2NCC1=CC=CS1)CC1C=CC(=CC=1)Cl,0.006955338828265667
COC1=CC=C(OCCN2C(=O)C3=C(C=CC=C3)N=C2)C=C1,0.008178711775690318
N12N=C(N=C1N=C1CCCC1=C2NC1C=CC(=C(F)C=1)F)CC1C=CC(=CC=1)Cl,0.006266099982894957
CC1=CC(I)=C(OCCOCCN2C(=O)C3=C(C=CC=C3)N=C2)C=C1,0.00880171824246645
C1(C=C(ON=1)CN1CCOCC1)C(=O)N1CCCC1(C)C,0.011595460306853055
N12N=C(N=C1N=C1CCCCC1=C2NC1=CC=C(C(F)=C1)C)CC1=CC=C(C=C1)Cl,0.006230199616402388
C12=C(CCN(C(=O)C(CO)NC(C)=O)C1)ON=C2C1=CC=CC2=CC=CC=C12,0.0038111798465251924
CC(C(C1=CC=C(C)C=C1)=O)OC(C1C2=C(C=CC=C2)C(=O)NN=1)=O,0.007697220612317324
N12N=C(N=C1N=C1CCCCC1=C2N1CCN(CC1)C1=CC=CC=N1)CC1=CC=C(C=C1)Cl,0.007175307278521359
C(=O)(N1CCN(CC1)C1=CC=C(C=C1)C)C1=CC=CC=C1NCC(OCC)=O,0.007201985595747829
N12N=C(N=C1N=C1CCCCC1=C2NC1=CC(OC)=C(C(OC)=C1)OC)CC1=CC=C(C=C1)Cl,0.006847254885360599
N1(C=CC(C)=N1)C1=CC2OCOC=2C=C1C(N)=O,0.006598634063266218
N12N=C(N=C1N=C1CCCCC1=C2N1CCN(CC1)C1=CC=CC(C)=C1C)CC1C=CC(=CC=1)Cl,0.00826782751828432
S(=O)(=O)(C1CC1)N(C)CC1ON=C(C2=CCCN(C)C2)N=1,0.008338549919426442
N1(CC2=CN=C(N=C2)CC)C[C@H]([C@H]2N3CCC(CC3)[C@H]21)C1=CC=C(C=C1)OC,0.010319858870934695
C12C(CCN(C(=O)CN3CCCCCC3)C1)=NNC=2C(NC)=O,0.0051689432235434655
N12N=C(N=C1N=C1CCCCC1=C2NCC1=CC=C(C(OC)=C1)OCC)CC1C=CC(=CC=1)Cl,0.0076625359011814
N12N=C(N=C1N=C1CCCCC1=C2NC1=CC=C(C(C)=C1)C)CC1C=CC(=CC=1)Cl,0.0082675646757707
C(=O)(C1C=CC=C(OC)C=1)N1CCN(CC1)CC1=CC=CC(OC)=C1O,0.005089584668166935
N12N=C(N=C1N=C1CCCCC1=C2NCC1C=CC=CC=1)CC1=CC=C(C=C1)Cl,0.008020924916490913
C1(F)=C(OC)C=CC(CNC(C)C(=O)NC2CCCC2)=C1F,0.009599254420027136
N12N=C(N=C1N=C1CCCCC1=C2NC1C=CC(=CC=1)F)CC1=CC=C(C=C1)Cl,0.006253583636134863
C1(C=C(NN=1)COC1C=CC=CC=1)C(=O)N1CCCC1CCCC,0.007233912963420153
N1([C@H]2CCCC[C@@H]2O)C=NC(C2=CC=CC=C2)=C1C1C=C(NN=1)CC(C)C,0.0035043810261413456
N12N=C(N=C1N=C1CCCCC1=C2NC1=CC(C)=CC(C)=C1)CC1C=CC(=CC=1)Cl,0.00831875428557396
N12N=C(N=C1N=C1CCCCC1=C2NCC1=CC=C(C=C1)F)CC1C=CC(=CC=1)Cl,0.006614054529927671
C1(C2CCNCC=2N=C(C2=CC=CN=C2)N=1)N1CCC(COCCC)C1,0.008151638484559954
N12N=C(N=C1N=C1CCCCC1=C2N1CCN(CC1)CC1C=CC=CC=1)CC1=CC=C(C=C1)Cl,0.008064290788024665
S(=O)(=O)(N1CCCC1)N1CCN(CC1)CC(=O)NCC1C=CC=CC=1F,0.0055073238210752605
C(F)(F)(F)C1=CC=CC(CCC2CCCN(C(=O)CCO)C2)=C1,0.002806546975625679
N12N=C(N=C1N=C1CCCCC1=C2NCC1C=CC(=CC=1)C)CC1=CC=C(C=C1)Cl,0.008321336563676595
N1=C(N)C=CN=C1N1CCC(CC1)(CC1=CC=CC=C1Cl)C(O)=O,0.003367125999648124
N12N=C(N=C1N=C1CCCCC1=C2N1CCC(CC1)CC1=CC=CC=C1)CC1C=CC(=CC=1)Cl,0.009573017293587328
N1(CC)C(C2CCN(CC2)C(=O)C2C=C(ON=2)C2CC2)=NN(C)C1=O,0.007978611020371318
N12N=C(N=C1N=C1CCCCC1=C2NC1=CC=C(C=C1)CC)CC1C=CC(=CC=1)Cl,0.008387643657624722
N12N=C(N=C1N=C1CCCCC1=C2N1CCN(CC1)C1C=CC(=CC=1)F)CC1C=CC(=CC=1)Cl,0.006745846499688924
N1(CCN(CC1)CC=CC1C=CC=CC=1)C1C=CC(=CN=1)C(N)=O,0.005235138325951993
N12N=C(N=C1N=C1CCCCC1=C2N1CCN(CC1)C1=CC=C(C=C1C)C)CC1=CC=C(C=C1)Cl,0.008269259775988757
N12N=C(N=C1N=C1CCCCC1=C2NC1C=CC(=C(OC)C=1)OC)CC1C=CC(=CC=1)Cl,0.0071692949859425426
N12N=C(N=C1N=C1CCCCC1=C2NC1=CC(OC)=CC(OC)=C1)CC1C=CC(=CC=1)Cl,0.00676504890434444
C12CN(CCN1C(CN(C)C2=O)=O)CC1C2=C(C=CC=C2N(C)N=1)Cl,0.007646960276179016
C12N=CNC=1CCN(CC1C=CC3C(=C(C=CC=3)Cl)N=1)C2C1=CC=NC=C1,0.00549061824567616
N12N=C(N=C1N=C1CCCCC1=C2NC1C=CC=C(C(C)=O)C=1)CC1C=CC(=CC=1)C,0.010547163896262646
C1(C(=O)NCC(C)C(NC)=O)C=C(ON=1)CN(C)CC1C=CC=CC=1,0.008535895845852792
N12N=C(N=C1N=C1CCCCC1=C2NC1C=CC(=C(C)C=1)Br)CC1C=CC(=CC=1)C,0.01031618402339518
FC1=CC=C(N2C(C3=CC=NC=C3)=NN=C2SCC2ON=C(C3=CC=C(Cl)C=C3)N=2)C=C1,0.0055401157354936
N1(CCCC1C(=O)N(CCSC1C=CC=CC=1)C(C)C)C(N)=O,0.004520153300836683
N1(CC2=C(C=NC(CC(C)C)=N2)C1)C(=O)C1C=CC=CC=1OC1C=CC=CC=1,0.010716073773801326
N12N=C(N=C1N=C1CCCCC1=C2NC1C=C(C)C=CC=1OC)CC1C=CC(=CC=1)C,0.009577244147658348
N1C(NCC2C=C(NN=2)C(C)(C)C)=NC=CC=1N1CCC(O)C1,0.0018250316847115756
C1(=CC=CN=C1NC)CN(CC1C=CC(=CC=1)OCC)C1CC1,0.009177899733185769
C1(NC(=O)CCN2C=NC=N2)=CC(=NN1CC1=CC=CC(C)=C1)C,0.005492858728393913
N12N=C(N=C1N=C1CCCCC1=C2NC1C(OC)=CC(=C(Cl)C=1)OC)CC1C=CC(=CC=1)C,0.00745392048265785
C1(=O)C(CCCN1CC1C=CC(=CC=1)F)(CNCC1NC2=C(C(C)=CC=C2)N=1)O,0.0032460428192280233
N12N=C(N=C1N=C1CCCCC1=C2NC1=CC=C(C=C1Cl)C)CC1C=CC(=CC=1)C,0.008424907946027816
C1(C2C=CC(=CC=2)CC)=NC=CN1CCC1C=NC=CN=1,0.007003378076478839
BrC1=CC=C(C(C#N)=CC2=CC=CC=C2)C=C1,0.013766970532014967
C1(OC=CC=1C)C(=O)N(C)CCOC1=CC=CC=C1CC=C,0.010988804046064615
N12N=C(N=C1N=C1CCCCC1=C2NC1C=CC=C(F)C=1)CC1=CC=C(C=C1)C,0.007355121709406376
C1(CN2CCOC(C2)C2C=CC3C(=CC=C(OC)C=3)C=2)SN=NC=1C,0.01098719765432179
CN(S(NC1=NC=CC=C1)(=O)=O)C,0.004519571684068069
N12N=C(N=C1N=C1CCCCC1=C2NC1=CC=C(C(F)=C1)C)CC1C=CC(=CC=1)C,0.007657180051319301
C1(C#N)=C(C2C=CC(=CC=2)OCCO)C(C)=C(N=C1N)C1C=CC(=CC=1)O,0.001368960493709892
N12N=C(N=C1N=C1CCCCC1=C2N1CCN(CC1)C1=CC=CC=N1)CC1C=CC(=CC=1)C,0.008840700681321322
N1=C(NC)C=CN=C1C1C=CC(=CC=1)O,0.004659419518429786
N12N=C(N=C1N=C1CCCCC1=C2NC1=CC(OC)=C(C(OC)=C1)OC)CC1C=CC(=CC=1)C,0.0081010730471462
N12N=C(N=C1N=C1CCCCC1=C2N1CCN(CC1)C1=CC(C)=CC=C1C)CC1C=CC(=CC=1)C,0.010254355613142252
N12N=C(N=C1N=C1CCCCC1=C2N1CCN(CC1)C1C(C)=CC=C(Cl)C=1)CC1=CC=C(C=C1)C,0.00850828296970576
N(C1CCCC1)(CC1=CC=C(C)S1)C(CCC#C)=O,0.010929102171212434
N12N=C(N=C1N=C1CCCCC1=C2NCC1C=CC2=C(OCO2)C=1)CC1=CC=C(C=C1)C,0.008530142181552947
CN(S(NC1=C(C)C=C(C)C=C1)(=O)=O)C,0.007423979439772665
N12N=C(N=C1N=C1CCCCC1=C2NC1C=CC(=C(Cl)C=1)C)CC1C=CC(=CC=1)C,0.008222745708189904
N1=C(NC)C=CN=C1NCC1(C2C=CC=CC=2)CCN(CC1)C,0.005790432495996356
N12N=C(N=C1N=C1CCCCC1=C2NC1C=CC(=CC=1)OC)CC1=CC=C(C=C1)C,0.009018489392474294
CN(S(NC1=CN=CC=C1)(=O)=O)C,0.00569924921146594
N12N=C(N=C1N=C1CCCCC1=C2NC1=C(OC)C=CC(OC)=C1)CC1C=CC(=CC=1)C,0.008727533207274974
C1(OC(=C(CN2CCC(C2)NC(C)=O)N=1)C)C1=CC=C(C(C)=C1OC)OC,0.006003599846735597
N12N=C(N=C1N=C1CCCCC1=C2NC1=CC=C(C=C1)C(C)=O)CC1=CC=C(C=C1)C,0.010752951446920633
C1(C2=CC=C(C(C)=C2C)OC)OC(=C(CN2C[C@@H]([C@@H](OC(C)C)C2)O)N=1)C,0.003203429473796859
C1(C(CC(C)C)NC(=O)CCNC(=O)C2C=CC=CC=2F)N(C)N=CN=1,0.006887959060259163
C1(C(=O)N2CCCC2)C=C2N(CCN(CC3SC4=C(CCCC4)N=3)C2)N=1,0.012111486680805684
N12N=C(N=C1N=C1CCCCC1=C2NC1=CC=C(C(C)=C1)C)CC1=CC=C(C=C1)C,0.010337598854675889
N1(CC2=C(C=NC(CC)=N2)C1)C1=NC=CC=C1C(F)(F)F,0.0041775033110752705
N12N=C(N=C1N=C1CCCCC1=C2NC1=CC=C(C(Cl)=C1)OC)CC1=CC=C(C=C1)C,0.0075610109837725755
N1C=C(C2C=CC=C(C)C1=2)CCNC(=O)[C@H](N)C1C=CC=CC=1,0.006356387678533792
N12N=C(N=C1N=C1CCCCC1=C2NC1C(OC)=CC=C(Cl)C=1)CC1=CC=C(C=C1)C,0.007651224988512695
N1([C@H]2CC[C@@H]1CC(NC2)=O)CC1C=NC=NC=1,0.0052812221925705675
N12N=C(N=C1N=C1CCCCC1=C2NCC1C=CC=CC=1)CC1C=CC(=CC=1)C,0.009762701205909252
N1(C2=CC=CC=C2)C(=O)NN=C1C1CCN(CC1)C(=O)C1C(C)=NNC=1C,0.003646770352497697
N12N=C(N=C1N=C1CCCCC1=C2NC1C=CC(=CC=1)F)CC1C=CC(=CC=1)C,0.00815774400252849
N1(CC2=C(C=NC(C3=CC=CC=C3)=N2)C1)C1=NC=CC=C1C(O)=O,0.004910592548549175
N12N=C(N=C1N=C1CCCCC1=C2NC1C=C(C)C=CC=1C)CC1=CC=C(C=C1)C,0.010339102894067764
C1(CC2C=CC=CC=2)(CCC(=O)NC2CCC2)C2=CC=CC=C2N(C)C1=O,0.011001197388395667
N12N=C(N=C1N=C1CCCCC1=C2NC1=CC(C)=CC(C)=C1)CC1=CC=C(C=C1)C,0.010410542227327823
[C@@H]12[C@](C3C=CC=CC=3)(C(OC)=O)N[C@H](C3C=C(C)C=CC=3O)[C@@H]1C(N(C)C2=O)=O,0.0020453273733267
N1=C(C)C(=C(C)N1)CCCNC1CCCC(C)(C)C1,0.014213775936514138
N1(CCCC1C(=O)NC(C)(C)C1=CC=C(C=C1)C)C(N)=O,0.004909393202979118
N12N=C(N=C1N=C1CCCCC1=C2NC1C=CC=CC=1OC)CC1=CC=C(C=C1)C,0.009198449552059174
C1(=COC(C(C)C)=N1)C1=NC=CN1C(C)C1=CC=CS1,0.006849986943416297
N12N=C(N=C1N=C1CCCCC1=C2NC1C=CC=CC=1OCC)CC1=CC=C(C=C1)C,0.009339647716842592
C1(NC=C(C2=CC=C(C=C2)OCC)N=1)C1=NC=CN1CCOC,0.004610251565463841
Cl.CCN1CCN(CCOC2=CC=C(C(C3=CC=CC=C3)(C)C)C=C2)CC1,0.016240357793867587
N12N=C(N=C1N=C1CCCCC1=C2NCC1=CC=C(C=C1)F)CC1=CC=C(C=C1)C,0.00802168797235936
C1(=NC=CN1CCCC1=CC=CN=C1)C1C=NC(=NC=1)C(C)C,0.008098520943894983
N12N=C(N=C1N=C1CCCCC1=C2N1CCN(CC1)C1=CC=CC=C1F)CC1=CC=C(C=C1)C,0.007692595804110169
CC1=CC(OCCCN2C(=O)C(C)(C)NC2=O)=C(C)C=C1,0.0022001194476615636
N1=C2CCCCC2=C(CCNC(=O)C2CC(=O)NC3=CC=C(F)C=C23)N1,0.005657175020314753
N12N=C(N=C1N=C1CCCCC1=C2NC1C=CC=C(C)C=1)CC1C=CC(=CC=1)C,0.009732521022669971
C1(C(C)N(C)CC2C=NC(=NC=2)C2=CC=CC(C)=C2)C(C)=NNC=1C,0.007731160987168551
N12N=C(N=C1N=C1CCCCC1=C2NC1C=CC=C(OC)C=1)CC1C=CC(=CC=1)C,0.008676609583199024
C1(=COC(COC2C=CC=C3C=CC=NC=23)=N1)C(=O)N(C)CC1NC=CN=1,0.002543682657415047
N12N=C(N=C1N=C1CCCCC1=C2NC1C=CC=CC=1Br)CC1C=CC(=CC=1)C,0.009990151599049568
C(=O)(C1CCCN(CC(N)=O)C1)N(C(C)C)CC1OC(=NN=1)CC,0.006889555929228663
N12N=C(N=C1N=C1CCCCC1=C2NCC1C=CC(=CC=1)C)CC1C=CC(=CC=1)C,0.010539025533944368
N1(CCOC2=C(C=C(C=C2C1)C1=CC=C(C)S1)O)C(=O)C1(N)CC1,0.005797746451571583
N12N=C(N=C1N=C1CCCCC1=C2N1CCC(CC1)CC1=CC=CC=C1)CC1=CC=C(C=C1)C,0.01249636742286384
C1(C=C(ON=1)COC1C=CC2=C(C=1)N=C(S2)C)C(=O)N(C)C(C)C1=CC=CO1,0.008991020824760198
N12N=C(N=C1N=C1CCCCC1=C2NCC1=CC=CC=C1Cl)CC1=CC=C(C=C1)C,0.008049060381017626
N1(CC2=C(C=NC(CC(C)C)=N2)C1)C(=O)C1=CC=C(C=C1)S(C)(=O)=O,0.008589352061972023
C1(=CC(OC)=CC=C1N1C=CC=N1)CN1C[C@H]2[C@H]([C@@H]3C[C@H]2CC3)C1,0.01032458335461115
N12N=C(N=C1N=C1CCCCC1=C2N1CCN(CC1)C1=CC=CC(Cl)=C1)CC1C=CC(=CC=1)C,0.008209155150689184
N1(C(C)CNC(=O)CC1)CC1=CC=C(C=C1)OCC(=O)N1CCOCC1,0.007926238002255559
N12N=C(N=C1N=C1CCCCC1=C2NC1C=CC(=CC=1)Cl)CC1C=CC(=CC=1)C,0.007924625929445029
C1(CN(C)C(=O)C(=O)C2=CC=CO2)C=NN(C)C=1C,0.020504366047680377
N12N=C(N=C1N=C1CCCCC1=C2NC1C=CC(=CC=1C)C)CC1=CC=C(C=C1)C,0.010383362323045731
ClC1=C(OCC2=C3C(C=CC=C3)=CC=C2)C=CC(C#N)=C1,0.008213436952792108
N12N=C(N=C1N=C1CCCCC1=C2NC1=CC=C(C=C1)C)CC1=CC=C(C=C1)C,0.009987538261339069
C12CN(CCC=1ON=C2C(C1=CC=CC=C1)C1=CC=CC=C1)CCC(NCC)=O,0.010431174468249083
N12N=C(N=C1N=C1CCCCC1=C2NC1C=CC=C(Cl)C=1C)CC1=CC=C(C=C1)C,0.008214184013195337
N12N=C(N=C1N=C1CCCCC1=C2N1CCN(CC1)C1C=CC(=CC=1)OC)CC1C=CC(=CC=1)C,0.009066882310435176
C1(CN2CCN(CC2)C2C=CC(=CN=2)C(N)=O)=C(C)C2=C(C=CC=C2)S1,0.004667308554053307
N12N=C(N=C1N=C1CCCCC1=C2NC1=CC=C(C=C1)CC)CC1=CC=C(C=C1)C,0.010233143251389265
C1(=C(OCC)C=CC(=C1)C1C=CN=C(NC2CCCCC2)N=1)C(O)=O,0.005378174316138029
N12N=C(N=C1N=C1CCCCC1=C2NC1C=CC=CC=1CC)CC1=CC=C(C=C1)C,0.0102908156812191
C12CN(CCC=1NC1=CC=C(C)C=C21)C(=O)C1CCCN(CC(N)=O)C1,0.004958881693892181
C1(SC=C(CCNC(=O)C2=CC=CS2)N=1)C1=CCCN(C)C1,0.00827231928706169
N12N=C(N=C1N=C1CCCCC1=C2NC1C=CC=C(Cl)C=1)CC1=CC=C(C=C1)C,0.007608984573744237
C1(C(C)=NON=1)CC(=O)NC(C)C(=O)NC1=CC=C(C=C1C)F,0.005371363996528089
N12N=C(N=C1N=C1CCCCC1=C2NC1=CC=C(C=C1)OCC)CC1=CC=C(C=C1)C,0.00918266517110169
N1(CCC(CN)C1)C1=CC=C(C=N1)C(NCCCC1=CC=C(C=C1)OC)=O,0.007420528377406299
N12N=C(N=C1N=C1CCCCC1=C2N1CCN(CC1)C1C=CC=CC=1)CC1=CC=C(C=C1)C,0.009858271852135659
S(C)(=O)(=O)N1CCCN(C(=O)CCC2SC=NC=2C)CC1,0.005353660299442708
N12N=C(N=C1N=C1CCCCC1=C2NC1C=CC(=CC=1C)F)CC1C=CC(=CC=1)C,0.008003337727859616
N12N=C(N=C1N=C1CCCCC1=C2NC1C=CC(=CC=1Cl)F)CC1=CC=C(C=C1)C,0.007191357482224703
C1(CN2C(C)=C(C(C)=N2)C)=NNC(=O)N1C1=CC=C(C(OC)=C1)OC,0.0050015511689707635
N12N=C(N=C1N=C1CCCCC1=C2N1CCN(CC1)C1=CC=CC=C1OC)CC1C=CC(=CC=1)C,0.009185697208158672
C1(C=C(ON=1)CN1CCC(CC1)O)C(=O)N(C)CC1C=CC2C(=NON=2)C=1,0.0032225056085735558
N12N=C(N=C1N=C1CCCCC1=C2NC1C=CC=C(CC)C=1)CC1C=CC(=CC=1)C,0.009997569676488637
C1(C=CC(NC=1)=O)C(=O)N1CCCN(CCCC2=CC=CC=C2)CC1,0.006624894984997809
C(=O)(C1=CC=C(N=C1)NCC(=O)N(C)C)N1CCC(CC1)CCC1=CC=CC=C1,0.006800148612819612
N12N=C(N=C1N=C1CCCCC1=C2NCC1=CC=CC=C1OC)CC1C=CC(=CC=1)C,0.009076588973402976
N12N=C(N=C1N=C1CCCCC1=C2N1CCN(CC1)C1C=CC(=CC=1)F)CC1=CC=C(C=C1)C,0.007902038912288845
CC1=NC(NC(C2=CC3=C(OCO3)C=C2)=O)=CC=C1,0.005617535673081875
N12N=C(N=C1N=C1CCCCC1=C2N1CCN(CC1)C1=CC=C(C=C1C)C)CC1C=CC(=CC=1)C,0.010275500267744065
CC1=NC(NC(C2=CC(C)=C(C)C=C2)=O)=CC=C1,0.0059708250686526295
N1(CC2NN=C(C(=O)N(C)CC3=NC=CN3C)C=2)C2C=CC=CC=2N=C1C,0.004074598825536668
N12N=C(N=C1N=C1CCCCC1=C2NC1C=CC(=CC=1)Br)CC1C=CC(=CC=1)C,0.009818998165428638
N1C(CCC)=NC(=CC=1C1=CC=CC(O)=C1)C,0.0058744695968925955
N12N=C(N=C1N=C1CCCCC1=C2NC1C=CC(=C(Cl)C=1)F)CC1=CC=C(C=C1)C,0.007335442653857172
O=C(C1=CC2=C(OCO2)C=C1)NC1=CC=C(NC2=CC=CC=C2)C=C1,0.0072887414833530785
C(=O)(NC1CC1)C1CCCN(C2CCN(CC2)CC2=CC=C(C=C2)C#N)C1,0.008546312944963575
C1(C2C=CC=CC=2NC=1C)CC(=O)N(CC1CCCO1)CC1C=CC=CN=1,0.006070098769851029
N12N=C(N=C1N=C1CCCCC1=C2NC1=CC(OC)=CC(OC)=C1)CC1=CC=C(C=C1)C,0.008460919628851116
S1(CC(C=C1)CC(=O)N(CCCC)CC1=CC=CC=C1C)(=O)=O,0.012136306753382087
C1(C(=O)NCC2OC(=NN=2)C)C=C(ON=1)CN(C)CCC1=CC=CC=C1,0.008158723148517311
N12N=C(N=C1N=C1CCCCC1=C2NC1C(C)=CC=C(Cl)C=1)CC1C=CC(=CC=1)C,0.00809036148712039
C1(C(=O)NCC2C(OC)=NC3=C(C(=O)N(C3)CC)C=2)=CN2C(C=CC=C2C)=N1,0.005507720122113824
N12N=C(N=C1N=C1CCCCC1=C2NC1C=CC(=C(C(F)(F)F)C=1)Cl)CC1C=CC(=CC=1)C,0.0051868327660486106
C1(C(=O)NC(C)CC2=CC(=NN2)C)C=C(ON=1)CN(C)CC1C=CC=CC=1,0.006356673105619848
N12N=C(N=C1N=C1CCCCC1=C2NC1=C(OCC)C=CC(OCC)=C1)CC1C=CC(=CC=1)C,0.008982489514164627
N12N=C(N=C1N=C1CCCCC1=C2NC1=C(C)C=CC(F)=C1)CC1C=CC(=CC=1)C,0.0079535887343809
C12N=CC(=CN1N=CC=2C(=O)NC1C=CC(=CC=1)CO)CN(CC)CC,0.003823378344532102
N12N=C(N=C1N=C1CCCCC1=C2NC1C=CC(=CC=1)N1CCOCC1)CC1=CC=C(C=C1)C,0.007778636552393437
N1C(C)=CSC=1CCCNC1=NC=NC(N(C)C)=C1,0.005148442834615708
N12N=C(N=C1N=C1CCCCC1=C2NC1C=CC(=CC=1)OC(F)(F)F)CC1C=CC(=CC=1)C,0.005201805580873043
CCN(C1=CC=CC=C1)CC,0.019854410411790015
N12N=C(N=C1N=C1CCCCC1=C2N1CCN(CC1)C1C=CC(=CC=1)C(C)=O)CC1C=CC(=CC=1)C,0.010498951002955437
C12CN(CCOC1=C(C=C(C1C=CC(=CC=1)C)C=2)O)CC1=CC(O)=C(C=N1)OC,0.006563716754317284
N12N=C(N=C1N=C1CCCCC1=C2N1CCN(CC1)CC1=CC=C2C(OCO2)=C1)CC1C=CC(=CC=1)C,0.0082231032429263
N12N=C(N=C1N=C1CCCCC1=C2NC1C(F)=CC=C(F)C=1)CC1=CC=C(C=C1)C,0.007130350498482585
C1(C=CC(N(C)C=1)=O)C(=O)N(C(CC)CC)CC1C=CC2=C(OCO2)C=1,0.011493266187608242
N12N=C(N=C1N=C1CCCCC1=C2NC1C=CC(=C(F)C=1)F)CC1=CC=C(C=C1)C,0.008039987622760236
C1(C(=O)N2CCCC(C2)CCC2=CC=CC=C2C(F)(F)F)=NNC(N)=C1,0.0026697940949816255
N12N=C(N=C1N=C1CCCC1=C2NC1C=CC(=C(C)C=1)Br)CC1C=CC(=CC=1)C,0.00988350254483521
C1(C(=O)N(C)CCOC2=CC=CC=C2CC)=C(C)C(=NN1)CC,0.007060707942582667
N12N=C(N=C1N=C1CCCC1=C2NC1C=CC=C(F)C=1)CC1=CC=C(C=C1)C,0.006976498803123832
C1(NC(C)C2C=CC(=CC=2)Cl)C2=CC(=CC=C2N=C(N)N=1)C(O)=O,0.0027225141937378796
N12N=C(N=C1N=C1CCCC1=C2NC1=CC=C(C(F)=C1)C)CC1C=CC(=CC=1)C,0.0072680414654314515
N12C(C(C)C)=NN=C1SC(C1SC=CC=1S(=O)(=O)N1CCCC1)=N2,0.005899860244244337
C12C=C(CNC(=O)CN3N=CN=N3)C(=NC=1CN(CC)C2=O)OC,0.005177887924946845
N12N=C(N=C1N=C1CCCC1=C2NC1=CC(OC)=C(C(OC)=C1)OC)CC1C=CC(=CC=1)C,0.007939155981875955
C12C=C(CNC(=O)C3=CC=CC4CCOC3=4)C(=NC=1CN(CC)C2=O)OC,0.0074773327680304645
N12N=C(N=C1N=C1CCCC1=C2N1CCN(CC1)C1=CC=CC(C)=C1C)CC1=CC=C(C=C1)C,0.010064859827980398
C1(=O)OCCCN1CCNC(=O)C1=CN=C(N=C1)CC,0.004085105122067034
N12N=C(N=C1N=C1CCCC1=C2N1CCN(CC1)C1=CC(C)=CC=C1C)CC1C=CC(=CC=1)C,0.010082649812102319
C1(C(=O)NC2=CC=CC=C2)C=C2N(CCN(C(=O)C3NN=CN=3)C2)N=1,0.0038736537215299906
N12N=C(N=C1N=C1CCCC1=C2NC1C=CC2=C(OCO2)C=1)CC1C=CC(=CC=1)C,0.007977974554523825
N12N=C(N=C1N=C1CCCC1=C2N1CCN(CC1)C1C(C)=CC=C(Cl)C=1)CC1=CC=C(C=C1)C,0.008340811263769865
C12CCNCC=1N=CN=C2NCC(C)(C1C=CC=CC=1)C1=CC=CC=C1,0.009540076740086079
N12N=C(N=C1N=C1CCCC1=C2NCC1C=CC2=C(OCO2)C=1)CC1=CC=C(C=C1)C,0.008235549018718303
N12N=C(N=C1N=C1CCCC1=C2NC1C=CC(=CC=1)OC)CC1=CC=C(C=C1)C,0.008599532139487564
C1(=O)N=C(C)C=C(C)N1CCC(=O)N(CC)CC1C=CN=CC=1,0.007042404008097946
N12N=C(N=C1N=C1CCCC1=C2NC1=CC=C(C=C1)C(C)=O)CC1=CC=C(C=C1)C,0.010448471130803227
C1(C2=CC=CC(=N2)N2C=NN=C2)=NC(=NN1C1C=CC(=CC=1)F)CC(C)C,0.008014979842118918
N12N=C(N=C1N=C1CCCC1=C2NC1=CC=C(C(C)=C1)C)CC1=CC=C(C=C1)C,0.009834749926812946
N1C(N(C)C)=NC2=C(CCNC2)C=1N(C)CC1CCN(C2=CC=CC=C2)C1,0.009475958254188298
N12N=C(N=C1N=C1CCCC1=C2NC1=CC=C(C(Cl)=C1)OC)CC1=CC=C(C=C1)C,0.007274464005604386
N1(CCN2C(C(=O)NCC2)C1)C(=O)C1=CC=CC(=C1C)NCC1=CC=CN=C1,0.005012201506178826
N12N=C(N=C1N=C1CCCC1=C2NC1C=CC(=CC=1)F)CC1C=CC(=CC=1)C,0.007738406141288579
N12N=C(N=C1N=C1CCCC1=C2NC1=CC(C)=CC(C)=C1)CC1=CC=C(C=C1)C,0.009924962371587753
N12N=C(N=C1N=C1CCCC1=C2NCC1=CC=C(C=C1)F)CC1=CC=C(C=C1)C,0.007669120305217802
N12N=C(N=C1N=C1CCCC1=C2N1CCN(CC1)C1=CC=CC=C1F)CC1=CC=C(C=C1)C,0.007503778184764087
N12N=C(N=C1N=C1CCCC1=C2NC1C=CC=C(C)C=1)CC1C=CC(=CC=1)C,0.009230335778556763
C1(C(NCCNC(C)=O)=O)C=C(NN=1)COC1=CC=CC(OC)=C1,0.003381570347119123
N12N=C(N=C1N=C1CCCC1=C2NC1C=CC=C(OC)C=1)CC1C=CC(=CC=1)C,0.008304774668067694
C1(C2NC=CN=2)N(CCC2N=C(C)C3=C(CCCC3)N=2)C=NC=1C1C=CC=CC=1,0.006998770637437701
N12N=C(N=C1N=C1CCCC1=C2NCC1C=CC(=CC=1)C)CC1C=CC(=CC=1)C,0.010050518158823251
N1=C(C(C)C)C=C(C2CCN(CC2)C(=O)C2C=CC(=CC=2)C2=NNC=N2)N1,0.004523174895439297
N12N=C(N=C1N=C1CCCC1=C2NCC1=CC=CC=C1Cl)CC1=CC=C(C=C1)C,0.007655726815573871
N1(CC2NC=CN=2)C=NC(C2=CC=CC=C2)=C1C1=CC=C(C=C1)C(O)=O,0.0031570962280966343
N12N=C(N=C1N=C1CCCC1=C2N1CCN(CC1)C1=CC=CC(Cl)=C1)CC1C=CC(=CC=1)C,0.007973465393297375
N1(C=C(C=N1)C)C(C)C(=O)N(C)CC1C=CC=C(C=1)SC,0.008496877597644925
C1(N)(CCN(CC2=CSC(C3C=CC=CC=3)=N2)C1)C(O)=O,0.005629729107022285
N12N=C(N=C1N=C1CCCC1=C2NC1C=CC(=CC=1)Cl)CC1C=CC(=CC=1)C,0.007487788354046643
C12C=C(C=CN1N=NN=2)C(=O)N(C)CC1CCCN(CC)C1,0.00602743006311357
C1(C=C(ON=1)CN1CCOCC1)C(=O)N(C)CC1SC=CC=1C,0.008214692305773496
C1(N2CCCC(C)C2)C2CCN(CC=2N=C(C2=CC=CC=N2)N=1)C(C)=O,0.008082224009558558
N12N=C(N=C1N=C1CCCC1=C2NC1=CC=C(C=C1)C)CC1=CC=C(C=C1)C,0.009517593705095351
N1N(C)C2=C(C=C(C=C2)C2CC(=O)NC3=CC(O)=C(C)C=C32)N=1,0.0035576330497860908
N1(CCCC(CCNC(C2CCOCC2)=O)C1)CC1C=CC=CC=1,0.011393276182934642
N12N=C(N=C1N=C1CCCC1=C2NC1=CC=CC=C1)CC1C=CC(=CC=1)C,0.008781773294322193
N12N=C(N=C1N=C1CCCC1=C2N1CCN(CC1)C1C=CC(=CC=1)OC)CC1C=CC(=CC=1)C,0.008942512655630707
N1=C(C2C=CC=C(Cl)C=2)OC(C)=C1CN(C)CCC(N)=O,0.0042302574147470295
C(=O)(C1=CC=CC(=C1)NC(=O)C(C)(C)O)N(CC)C1C=CC=CC=1,0.011076605832204222
N12N=C(N=C1N=C1CCCC1=C2NC1=CC=C(C=C1)CC)CC1=CC=C(C=C1)C,0.009781889803707599
C1(CCCN(C2C(=CC=CN=2)F)C1)(CC1C=CC(=CC=1)F)C(O)=O,0.005921923799905926
C1(C=C(NN=1)CN1C2C=CC=CC=2N=C1)C(=O)N(C)CC1(C)COC1,0.004304184333886951
C1(C(=O)N2CCC(CC2)C2=NNC(=O)N2CC)=C(C)N(N=N1)CC1C=CC=CC=1,0.0037078199791722
N12N=C(N=C1N=C1CCCC1=C2NC1C=CC=C(Cl)C=1)CC1=CC=C(C=C1)C,0.007223210786469281
N1(C2CCN(CC3C=CC=C(C=3)C(=O)NC3=CC=NC=C3)C2)C(C)=CC(C)=N1,0.008094048057682813
N12N=C(N=C1N=C1CCCC1=C2NC1=CC=C(C=C1)OCC)CC1=CC=C(C=C1)C,0.008802325907163322
C12SC(=NC=1CNC(=O)CC2C1=CC(=CS1)C#CCO)N,0.0020741213636938484
N12N=C(N=C1N=C1CCCC1=C2N1CCN(CC1)C1C=CC=CC=1)CC1=CC=C(C=C1)C,0.00966297856066376
N1=C(C2=CC(OC)=C3C(OCO3)=C2)OC(C)=C1CN1[C@H]2CNC[C@@H]1CC2,0.005559175182133913
N12N=C(N=C1N=C1CCCC1=C2NC1C=CC(=CC=1C)F)CC1C=CC(=CC=1)C,0.007612041337415576
N12C=C(Cl)C=CC1=NC(C)=C2CN1CCCN(C(COC)=O)CC1,0.0058915720786899325
N12N=C(N=C1N=C1CCCC1=C2N1CCN(CC1)C1=CC=CC(=C1)C(F)(F)F)CC1=CC=C(C=C1)C,0.0054404490627348425
C12C3CCNCC=3SC=1N=CN(CC1=C(C)N=C(CCC)S1)C2=O,0.007921394985169172
N12N=C(N=C1N=C1CCCC1=C2N1CCN(CC1)C1=CC=CC=C1OC)CC1C=CC(=CC=1)C,0.009082848695106805
C1(/C=C(/C)\C)=C(C2=CC=CC=C2)N=CN1C(C)CC1C=NC=CN=1,0.010444987518712878
N12N=C(N=C1N=C1CCCC1=C2NC1=CC=C2C(OCCO2)=C1)CC1=CC=C(C=C1)C,0.008274052175693214
N1=CN(C(CCN2C(C)=CC(C)=N2)=C1C1=CC=CC=C1)CCCC1=CC=CN=C1,0.011303396802395583
C1(SCCC)=NC=C(C=N1)CN1CCC2(CCNCC2)C1,0.011747976159676909
N12N=C(N=C1N=C1CCCC1=C2N1CCN(CC1)C1C=CC(=CC=1)F)CC1=CC=C(C=C1)C,0.0076912898570299145
C(=O)(C1=CC=CC=C1NC(CN(C)CC1C=CC=CN=1)=O)NC1C(C)=CC=CC=1C,0.007829246437177062
N12N=C(N=C1N=C1CCCC1=C2N1CCN(CC1)C1=CC=C(C=C1C)C)CC1C=CC(=CC=1)C,0.010110754240304231
S(=O)(=O)(CCOC1C=CC=CC=1)N1CCC2=C(N=CN=C2N(C)C)C1,0.006484096334315836
N12N=C(N=C1N=C1CCCC1=C2NC1C=CC(=CC=1)Br)CC1C=CC(=CC=1)C,0.009387715486809611
N12N=C(N=C1N=C1CCCC1=C2NC1C=CC(=C(Cl)C=1)F)CC1=CC=C(C=C1)C,0.006989975273609161
C1(C(=O)N(C)CC2C3CCCCCC=3NN=2)NN=C(C2=CC=CN2C)C=1,0.00837526072282344
N12N=C(N=C1N=C1CCCC1=C2NC1=CC(OC)=CC(OC)=C1)CC1=CC=C(C=C1)C,0.0082050871104002
N1SC(=C(C)N=1)CNC(=O)C1C=CC=CC=1N1CCCC1,0.008102734526619314
C1(C(=O)N(C)CC2NC=C(C)N=2)C(C2=CC=C(C=C2)SC)NC(NC=1C)=O,0.002382828202098608
N12N=C(N=C1N=C1CCCC1=C2NC1C=CC(=C(C(F)(F)F)C=1)Cl)CC1C=CC(=CC=1)C,0.00499540768796578
S(=O)(=O)(N1CC[C@@]([C@@H](CC2=CC=CC=C2)C1)(C)O)C1C=NN(CC)C=1,0.00527093003038317
N12N=C(N=C1N=C1CCCC1=C2NC1C=CC(=CC=1)N1CCOCC1)CC1=CC=C(C=C1)C,0.0075832698727026585
N12N=C(N=C1N=C1CCCC1=C2NCC1=CC=CS1)CC1=CC=C(C=C1)C,0.008846814441494644
C1(=C(CC)OC=N1)C(=O)N(C)CC1=CSC(C2C=CC=CC=2)=N1,0.006108653172850609
N12N=C(N=C1N=C1CCCC1=C2N1CCN(CC1)C1C=CC(=CC=1)C(C)=O)CC1C=CC(=CC=1)C,0.010169713478535413
N12N=C(N=C1N=C1CCCC1=C2NC1C=CC(=C(F)C=1)F)CC1=CC=C(C=C1)C,0.007598957209847867
C1(=NC=CN1C1C=CC2=C(NN=C2)C=1)C1=CC=C(C2CCCO2)S1,0.0043096505803987386
C12=NSN=C1C=CC(C(=O)NC1C=CC(=C(C)C=1)Br)=C2,0.007472286466509104
C1(=NC=CC2OC=CC1=2)N1CCCC(CCOC2=CC=CC=C2)(CO)C1,0.0049499854212626815
C1(=NC=CN1C)C(=O)N1CCCC(C1)C1NN=CC=1C1=CC=C(C=C1)C,0.003969598561525345
N1(CCC(=CC1)CNC(=O)C1C=CC=C(OC)C=1)C1CCCC=C1,0.013827579375356436
N(=O)(=O)C1C=CC=C(C=1C)NC(=O)C1C=CC2C(=NSN=2)C=1,0.004462037945631892
C(=O)(N(C)CCOC1=CC=CC=C1CC)C1C=CC2=C(OCO2)C=1,0.012698866380378603
C1(N=CC=C2C=CC=CC=12)N1CCN(CC1)CC1=CC=CC(OCCO)=C1,0.00400479732779786
C1(C=CC2C(=NSN=2)C=1)C(=O)N1CCN(CC1)C1=CC=C(C=C1)N(=O)=O,0.004083363758400083
N1(CC)C(=O)NN=C1C1CCN(CC1)C(=O)C1C=C(CC(C)C)N=C(C)N=1,0.004547099594492465
C12=NSN=C1C=CC(C(=O)NC1=CC=C(C=C1F)Br)=C2,0.005939772492274642
N1(C2CCCC2)CC(CC1=O)CNC1CCN(CC1)CC(C)C,0.015935804694890976
C1(=NC(=NN1C1C=CC=CN=1)CC(C)C)C1=CC2C=NC=CC=2N=C1C,0.011721561523154378
C12=NSN=C1C=CC(C(=O)NC1=CC=C(C=C1Cl)C)=C2,0.005517774901818484
N1C2=CC=C(C=C2C=C1CNC(CCC1SC=NC=1C)=O)OC,0.004181981307920068
C12=NSN=C1C=CC(C(=O)NC1C=CC=C(F)C=1)=C2,0.004539946070872247
S(N)(=O)(=O)C1=CC=C(C=C1)C1ON=C(CC2CCN(CC2)C)N=1,0.00539335620123893
C12=NSN=C1C=CC(C(=O)NC1=CC=C(C(F)=C1)C)=C2,0.004801022890023887
C1(C=C(C2=CC=C(N=C2)OC)N=C(N)C=1C#N)C1=CC2OCOC=2C=C1OC,0.0046872150152921675
N1=C(C)N=CC(CC)=C1C1=CC=C(C=C1)C(O)=O,0.00592239792458713
C12=NSN=C1C=CC(C(=O)NC1=CC(OC)=C(C(OC)=C1)OC)=C2,0.006784547469578683
S1(CCC(C1)N(CC)C(=O)C1C=CC(=CC=1)NC(C1CCC1)=O)(=O)=O,0.007182592665776611
C1(C=CC2C(=NSN=2)C=1)C(=O)N1CCN(CC1)C1=CC=CC(C)=C1C,0.008323921356350183
C1(C(=O)NCC2=CC=C(C=C2)N2C=CN=C2C)=C(C)N(N=C1C)CC,0.005608210084028542
C1(C=CC2C(=NSN=2)C=1)C(=O)N1CCN(CC1)C1=CC(C)=CC=C1C,0.008329464122653008
C1(=COC(C)=C1)C(=O)NC1C=CC(=CC=1)NC(=O)CCN1C=CN=C1CC,0.004511617729440332
C12=NSN=C1C=CC(C(=O)NCC1C=CC3=C(OCO3)C=1)=C2,0.006441072793677449
C1(C2C=CC=CC=2NC=1)C1=CC(C2=CNC=N2)=C(C(N)=N1)C#N,0.0017378994554746896
N1C(CNC(CCC2SC=NC=2C)=O)=NOC=1C1=CC=CS1,0.005626108753494919
C12=NSN=C1C=CC(C(=O)NC1C=CC(=C(Cl)C=1)C)=C2,0.005343572702258825
N1(CC)C(C2CCNCC2)=NN(CC2=CSC(C3=CC=CC=C3)=N2)C1=O,0.004919353546574712
C12=NSN=C1C=CC(C(=O)NCC1=CC=C(C(OC)=C1)OCC)=C2,0.007619254547171295
N1(CCC2=CC=CC(Cl)=C2)[C@H]2CN(C[C@H]2OC1=O)C(=O)CC1CC1,0.007251267042011023
C12=NSN=C1C=CC(C(=O)NC1C(OC)=CC=C(Cl)C=1)=C2,0.005462423781864345
N1(CC2C=CC(=NC=2)C(F)(F)F)C=NC(C2C=CC=CC=2)=C1C1CCOC1,0.0042143084574490786
N1(C[C@@H]([C@@H](N2CCN(CC2)C)C1)O)C1=CC(C)=NC(C2=CC=CN=C2)=N1,0.0030145897180773318
C12=NSN=C1C=CC(C(=O)NC1=CC(C)=CC(C)=C1)=C2,0.007032957999035716
C1(=COC2CCCC(=O)C1=2)C(=O)N1CCC2=C(N=CN2)C21CCCCC2,0.008385778125375509
C(=O)(C1=CC=C(N=C1)N(C)CCCO)N1CCC(CC1)CCC1C=CC=CC=1,0.004606948082800955
N(=O)(=O)C1C=CC(=C(C=1)NC(=O)C1C=CC2C(=NSN=2)C=1)OC,0.00397217235295102
[C@]1(CCCN2CCCC[C@@]21[H])(O)CN1CCCN(CC1)C(=O)C1=CC=CO1,0.01097306222654879
C1(CN(CC2=CC=CC=N2)CC2=CC=CO2)=CN(N=C1C)CC=C,0.011962441960349679
N1=C(C=CC2C=CC=CC1=2)CN(CCO)CC1C=CC=C(OCC)C=1,0.0055962989805266265
C12=NSN=C1C=CC(C(=O)NC1C=CC=C(Cl)C=1C)=C2,0.0052775647956877945
C1(=CN2C(C=CC(Cl)=C2)=N1)C(=O)N1CCC2(CC1)CN(C)CCN2C,0.005670076911337673
C12=NSN=C1C=CC(C(=O)NC1=CC=C(C=C1)N1CCOCC1)=C2,0.006026807520538568
N1(C2C=CC=CC=2C)C=C(C=N1)C1CCN(CC=1)CC1SC(=NN=1)C,0.012452807789668442
N1=C(CC2=CC=CC=C2)ON=C1CNC(=O)C1C=CC2=C(C=C(O2)C)C=1,0.007977392571046949
C1(CNC(=O)C2=CC=C3C(=C2)OC(=N3)CC2C=CC=CC=2)C(C)=NN(C)C=1C,0.006913917465135455
C(=O)(C1C=CC=C(C=1)NC(CC)=O)N(C)CC1C=CC=C(OCC=C)C=1,0.007324595982208848
N1C2=CC=C(C=C2OC=1CC1=CC=CC=C1)C(NCCN1CCC(CC1)CC1C=CC=CC=1)=O,0.0068765960866585376
C12CN(CCOC1=C(C=C(C1C=CC=C(Cl)C=1)C=2)O)CC1=CC=CC=C1OC,0.006047874758951366
N1C2=CC=C(C=C2OC=1CCC1C=CC=CC=1)C(NCCN1CCCCC1)=O,0.006399813503958285
N1(CC[C@H]([C@H](O)C1)N1CCN(CC1)CCC1C=CC=CC=1)C1C=CC=C(N=1)C#N,0.0021706842468120157
N1C2=CC=C(C=C2OC=1C(C)C)C(NCCN1CCC(CC1)CC1C=CC=CC=1)=O,0.0074994032038375735
CN1C(=S)SC(=CC2C=C(C(C)(C)C)C(O)=C(C(C)(C)C)C=2)C1=O,0.009855652134865523
C1(C=C2N(CCCN(C)C2)N=1)C(=O)N1CCCC1C1=CC=CC=C1C,0.012865278171375394
N1C2=CC=C(C=C2OC=1CC1C=CC(=CC=1)OC)C(NCCCC)=O,0.005817535798996687
C1(C=CC=C2C=CC=NC=12)C1=CC=C(N=N1)NC1CC1,0.0074588597752153875
C1(=CC=C(C2=CC=CC=C2)S1)C1=NC=CN1CCC(N)=O,0.003853565454483032
N1C2=CC=C(C=C2OC=1CC1C=CC(=CC=1)OC)C(NCCN1CCCCC1C)=O,0.005854914290830493
C(=O)(N(CC=C)CC1C=CC=CC=1OCC)C1C=CC=CC=1C1NN=CN=1,0.004619500658009201
C12(CCN(CC1)C)CN(CCN2C)CC1C=CC=NC=1OCC(F)(F)F,0.005984460294712335
N1C2=CC=C(C=C2OC=1CC1=CC=CC=C1F)C(=O)NCC1=CC=C(C=C1)OC,0.004877150012180209
C12N=CC(=CN1N=CC=2C1=CC=CC=C1)CN(CCC)CC1=CC=NC=C1,0.012817400507628918
C12=CC(C3C=CC=C(Cl)C=3)=CC(O)=C1OCCN(C(=O)CC1CC1)C2,0.005684805125929416
N1=C(C2=CC=CO2)OC(C)=C1CN1CCN(C(=O)C1C)CC1=CC=CC(C)=C1,0.007106233015656471
C1(C(C)N(C)C(=O)C2=CC=NC(OC)=C2)=C(C)N(N=C1C)C,0.00988138122484088
N12C[C@@H](C[C@H]1C(NCC2=O)=O)NC(=O)CC1C2C=CC=CC=2NC=1C,0.00396301478613168
N1C2=CC=C(C=C2OC=1CC1=CC=CC=C1F)C(=O)NCC1=CC=CC=C1OC,0.004962120112031699
C1(ON=C2C=CC=CC=12)C(=O)N(CCOC)CC1C=NN(C)C=1,0.007710026204586029
N1C2=CC=C(C=C2OC=1CC1=CC=CC=C1F)C(=O)NCC1=CC=C(C)O1,0.005329005175735801
N1(CC2=C(C=NC(C(C)(C)C)=N2)C1)C(=O)CN(C)CC1C=CC(=CC=1)C,0.011551651684567333
N1C2=CC=C(C=C2OC=1CC1=CC=CC=C1F)C(NCCN1CCOCC1)=O,0.004771424573846161
CC1=CC(C2N3C(CC(C4=CC(NS(C)(=O)=O)=CC=C4)=N3)C3=C(C=CC=C3)O2)=CC=C1,0.006431000400334596
C1(=CC=C(C=C1NC(CC)=O)Cl)C(=O)N(C)CC1NC=CN=1,0.002187070675427094
N1C2=CC=C(C=C2OC=1CC1=CC=CC=C1F)C(=O)NCC1=CNN=C1C,0.0032325185369700194
S1(CCC(N(CC=C)C(CCCC2ON=C(C3C=CC=C(OC)C=3)N=2)=O)C1)(=O)=O,0.007210154342465103
C1(=CC=C2C3C(=CC=CC1=3)CC2)C(=O)C1CCCN(C(CO)CO)C1,0.008769498812034726
N1C2=CC=C(C=C2OC=1CC1=CC=CC=C1F)C(NCCCN1CCN(CC1)C)=O,0.004754483385477215
C1(C=C(C)C2C(=CC(=CC=2)F)N=1)N1CCC2(CC1)CNC(=O)C2,0.005088365729898214
CS(NC1=CC(C2CC3C4=C(OC(C5=CC(N(=O)=O)=CC=C5)N3N=2)C=CC=C4)=CC=C1)(=O)=O,0.003076648130081594
C1(CC(=NO1)C(C)C)C(=O)N1CCCN(CC2C=CC=NC=2)CC1,0.009060562169179321
N1C2C=C(C=CC=2NC=1CO)C1=C(C=CC=C1OC)OC,0.002096633455948904
N1C2=CC=C(C=C2OC=1CC1=CC=CC=C1F)C(NCCCN1CCCC1)=O,0.00557749904692173
C1(=NC=CC(=N1)C1C=CC(=NC=1C)C)N(C)CC1C=CC(=CN=1)CC,0.009369157766923309
N1C2=CC=C(C=C2OC=1CC1=CC=CC=C1F)C(NCCN1CCCC1)=O,0.005710789770819247
CCOC(COC1=CC=C(C2CC(C3OC=CC=3)N(C(C3SC=CC=3)=O)N=2)C=C1)=O,0.007417595782317221
C1(CCCN(CC2=CC(OC)=CC=C2F)C1=O)(O)CN(C)CC1NC=CN=1,0.0034681264660321176
N1C2=CC=C(C=C2OC=1CC1=CC=CC=C1F)C(=O)NCC1C=C(OC)C(=C(OC)C=1)OC,0.005335014592856169
C1(=NC=CC(=N1)C1C=CC(=NC=1C)C)N1CCOC2(COCCNC2)C1,0.006257519568316638
N1C2=CC=C(C=C2OC=1CC1=CC=CC=C1F)C(=O)NCC1C=CC(=C(OC)C=1)OC,0.005169135006144643
C12C(CC(NC1=NNC=2C1=CC=CC=C1)=O)C1=CC=CC2=C1C=CN2,0.005342208058573305
N1C2=CC=C(C=C2OC=1CC1=CC=CC=C1F)C(=O)NCC1C=CC(=C(OC)C=1)OCC,0.005246149585582316
N1(CC2NN=C(C3=CC=CC=C3)C=2)CC(CC1=O)C(O)=O,0.003931800310965627
ClC1=CC2=C(N=C(C3=CC(NC(C4SC=CC=4)=O)=CC=C3)C=C2C2=CC=CC=C2)C=C1,0.006066811177879572
S1(=O)(=O)C[C@@H]([C@@H](N(CC)CC2C=CC=CC=2C(O)=O)C1)O,0.0021160028351005166
N1C=C(C)N=CC=1CNCCC(=O)NC1C=CC=NC=1,0.004778953490313142
N1C2=CC=C(C=C2OC=1CC1=CC=CC=C1F)C(=O)NCC1C=CC(=CC=1OC)OC,0.004865354462526739
N1C2=CC=C(C=C2OC=1CC1=CC=CC=C1F)C(=O)NCC1=CC(OC)=CC=C1OC,0.004949344787746668
N1(C=CN=C1C1C=CC=CC=1)C1=CC=C(C(=O)N2CCOCC2)O1,0.004708864213898778
N1C2=CC=C(C=C2OC=1CC1=CC=CC=C1F)C(=O)NCC1=CC=CC(F)=C1,0.005230123898945749
CNCC(C1=CC=CC=C1)C,0.01614391221664846
N1C2=CC=C(C=C2OC=1CC1=CC=CC=C1F)C(NCCC1C=CC=CC=1OC)=O,0.005255964398384094
CC(C(NC1=C(C)C=CC=N1)=O)OC1=CC=C(C)C=C1,0.006813543406315148
N1C2=CC=C(C=C2OC=1CC1=CC=CC(Cl)=C1)C(=O)NC(C)CC,0.005578939453698695
C(=O)(N(C)CCOC1C=CC(=CC=1)CC)C1C=CN=CC=1Cl,0.00892625106498599
N1C2=CC=C(C=C2OC=1CC1=CC=CC(Cl)=C1)C(NCCC1C=CC(=C(OC)C=1)OC)=O,0.0057524742092937235
N1(C[C@H](C[C@H]1C(NCC)=O)N)C(=O)C1=CC=C(NC1=O)C(C)C,0.00577879271004349
N1C2=CC=C(C=C2OC=1CC1=CC=CC(Cl)=C1)C(NCCCOCC)=O,0.004543416236992925
N1C2=CC=C(C=C2OC=1CC1=CC=CC(Cl)=C1)C(NCCN1CCOCC1)=O,0.00460701382253319
N1(CC2=C(C=NC(CC(C)C)=N2)C1)C(=O)[C@H]1CCCC[C@H]1C(NC)=O,0.00917908912524581
N1(CC(C1)OCC1=CC=C(C=C1)C)C(=O)C1C=CC(=CC=1)Cl,0.010922388732433319
N1=C(C=CN=C1N(C)CC1ON=C(C2C=CC=CN=2)C=1)N1CCC(CC1)O,0.0033799129538238048
N1(CC(C1)OCC1C=CC(=CC=1)C)C(=O)C1=CC=C(C=C1)C#N,0.009276639949530364
C1(C2=CC=CN=C2)OC2=C(C=C(C=C2)N2C=C(C=N2)CCO)N=1,0.002832109131850302
C1(=O)NC2=C(C=CC=C2)N1C1CCN(CC1)CC1(CCCN(CCOC)C1=O)O,0.0035195778938941656
N1(CC(C1)OCC1=CC=C(C=C1)C)C(C1CCC1)=O,0.015582343656569719
C1(C=NNC=1C1CCN(CC1)CC1NC=CN=1)C1C=CC=C(F)C=1,0.002668083575554192
C1(C2C=CC=NC=2)=NC=CN1C1C=CC=C(C(CC)=O)C=1,0.00888466415926814
N1(CC(C1)OCC1=CC=C(C=C1)C)C(=O)C1CC1,0.014627427235245705
C1(C(=O)NCC2=CSC(N)=N2)=CN(N=N1)CC1CCCNC1,0.004027416079770774
N1(CC2=CC=CS2)C(=O)NN=C1CC1C(C)=NOC=1C,0.0031986040878109632
N1(CC(C1)OCC1=CC=C(C=C1)C)C(=O)C1C=CC=C(C)C=1,0.011740455403923988
N1(CC(C1)OCC1C=CC(=CC=1)C)C(=O)C1C=CC(=CC=1)C,0.012188911763951182
CC1=CC=C(C=CC2C(=O)N(C)C3=C(C=CC=C3)N=2)C=C1,0.010447217570617794
C1(=C(C)C=C(N(C)C1=O)C)C(=O)N1CCC2=C(C(C3=CC=CC=C3F)=NN2)C1,0.004524563648737967
CN1C2=C(C=CC=C2)N=C(C=CC2=CC=C(O)C=C2)C1=O,0.005322765279561281
C1(=CN=C(N2CCCC2)S1)C1=NC=CN1CCCN1C=CN=C1,0.008482286846265197
N1(CC(C1)OCC1=CC=C(C=C1)C)C(C1CCCCC1)=O,0.01777497734874487
N1=C(CNC2CCN(CC2)CC2=CC=CC=C2)N=C(C2CCCCC=21)C,0.012042320659384131
C1(=CSC(NC)=N1)C(=O)N[C@@H]1CC[C@@H](N)C1,0.007611294370144605
N1(CC(C1)OCC1=CC=C(C=C1)C)C(=O)CC1CCCC1,0.017869625985622407
C1(CN2CCOC(CC3CCCCC3)C2)C(C)=NNC=1C,0.012810048693791033
N1(CC(C1)OCC1=CC=C(C=C1)C)C(=O)CC(C)C,0.013898840034380555
C1(C(=O)N2CCC3(CC2)CCCO3)=NNC2CCN(C)CC1=2,0.007330002589151263
N1(C2CCN(C(=O)CN3CCOC4C=CC=CC=4C3)C2)C(C)=CC(C)=N1,0.009980363585054875
C1(CN(CCN(C)C)CC(O)=O)SC=CC=1C,0.008667192561551929
N1(CC(C1)OCC1C=CC(=CC=1)C)C(=O)C1=CC=CC=C1OCC,0.012230625795200466
N1(C2CCN(CC2)C2=CC=CC(C)=C2C)C[C@@H]2[C@@H](C[C@H]([C@@H](O)C2)O)C1,0.00569313504213369
N1(CC(C1)OCC1=CC=C(C=C1)C)C(=O)C1=C(C=CC=C1F)F,0.00831872399430722
C1(C(C)NC2C=C(OC)N=CN=2)N(CC)N=CN=1,0.006343880365602672
N1(CC(C1)OCC1C=CC(=CC=1)C)C(=O)C1C=CC=CC=1Cl,0.01072578439489007
CCOC(CNC(NCC(OCC)=O)=O)=O,0.006090512755326927
C1(=NC=CN1C(C)CO)C1=CC=C(C=C1OC)C,0.0035741487867198885
CCOC1=CC=C(C2N(S(C)(=O)=O)N=C(C3=CC(OC)=C(OC)C=C3)C2)C=C1,0.008745998423546553
C12CN(CC=1C=NN2CC1C=CC(=CC=1)F)C1C=C(OC(C)C)N=C(N)N=1,0.00589371535461396
OCCNC(COC1=CC=C(C2=NC3=C(C=C(C=C3)Cl)C(C3=CC=CC=C3)=C2)C=C1)=O,0.003601528494618833
N1(CC(C1)OCC1=CC=C(C=C1)C)C(=O)CSC1=CC=CC=C1,0.00881730136461556
CCC(N1C(C2OC=CC=2)CC(C2=CC=C(NS(C3=CC=CC=C3)(=O)=O)C=C2)=N1)=O,0.005286318715661764
N1(CC(C1)OCC1C=CC(=CC=1)C)C(CCCC)=O,0.013151104329153895
N1(CC(C1)OCC1=CC=C(C=C1)C)C(C(C)C)=O,0.013617758313193918
N1(CC(C1)OCC1=CC=C(C=C1)C)C(=O)C1=CC=C(C=C1)F,0.008875305438414216
C12SC=CN1C(=C(C)N=2)CN1CCN(CC1)C1=NC(C)=CC(C)=C1C#N,0.004615953471511602
C(=O)(C1C=CC=C(C=1)NC(CC)=O)N(C)CC1(CCC1)CO,0.005001687444746494
N1=C(C)C=CC2C1=CC=C(C=2)C1(O)CCN(CC1)CC1=CC=C(C=C1Cl)O,0.0052780543453991415
C1(C=C(ON=1)COC1C=CC(=CC=1F)F)C(=O)N(C)CCO,0.004082107730209827
N1(CC(C1)OCC1=CC=C(C=C1)C)C(=O)COC1C=CC(=CC=1)F,0.00909955333918333
N1(CCOC2=C(C=C(C3C=CC=C(Cl)C=3)C=C2C1)O)C(=O)C(CN)O,0.0035853829002007844
N1(CC(C1)OCC1C=CC(=CC=1)F)C(=O)C1C=CC(=CC=1)Cl,0.007386059919372201
CCOC1=C(C)C=C(S(NC2=CC(C)=CC(C)=C2)(=O)=O)C=C1,0.0056825276697054505
N1(CC(=O)N2C[C@H](C[C@H]2C(=O)NC(C)C)N)C(C)=C(C(C)=N1)C,0.00864001822192222
C1(C=C(ON=1)CN1CCOCC1)C(=O)NC(CO)C1=CC=CN=C1,0.003500445047393441
C1(C=NN(C2=CC=CC=C2OC)C=1)C(=O)N1CCC2(CC1)CCNC(=O)CC2,0.006542775966227055
N1(CC(C1)OCC1=CC=C(C=C1)F)C(=O)C1=CC=C(C=C1)C#N,0.006067943456582725
N1(CC(C1)OCC1=CC=C(C=C1)F)C(=O)C1C=C(OC)C=C(OC)C=1,0.009203084325417877
C1(N(C)CCC2CCCCO2)=NC(C)=NC2CCN(C)CCC1=2,0.014299955032765866
C1(CNC2C3CCNCC=3N=C(C3=CC=CN=C3)N=2)C(C)=NN(CCC)C=1C,0.008341574971564115
N1(CC(C1)OCC1=CC=C(C=C1)F)C(=O)C1C=CC=CC=1F,0.007827444677241146
C1(C2=CC(O)=C3C(CN(CCO3)CC3CCCN3C)=C2)SC2=C(C=CC=C2)N=1,0.005718240700662136
C1(=CNN=C1C)C(=O)N1CC[C@H]([C@H](O)C1)C1C=CC(=CC=1)F,0.0011959527881117537
C1(C(=O)N(C)CC2CCCN(C)C2)=NNC(N)=C1C1C=CC=CC=1,0.003454727993812412
FC1=CC=C(C2C3=C(NC(S3)=O)SC3C2C2C4C(N(C5=CC=C(F)C=C5)C(=O)C4C3C2)=O)C=C1,0.0024419146007858216
N1(CC(C1)OCC1C=CC(=CC=1)F)C(=O)C1=CC=CO1,0.008334776503033936
CC1=CC(NC(CN2C(=O)SC3=C2SCC2C3C3=C(C=CC=C3)OC2)=O)=CC=C1,0.006513196020387113
N1(CC(C1)OCC1C=CC(=CC=1)F)C(=O)CC1C=CC(=CC=1)OC,0.007939405529759825
OC1=C(/N=C2/C(=CC=CC3=CC=CC=C3)SC(=O)N/2)C=CC=C1,0.00233860332518816
N1(CC(C1)OCC1=CC=C(C=C1)F)C(CCC1C=CC(=CC=1)OC)=O,0.00847510292660445
CCOC(CC1N=C(NC(C(OC2=CC(C)=CC=C2)C)=O)SC=1)=O,0.00676848622970283
C(=O)(N(C(C)CC)CC1=CC=CN=C1)C1=CC=CC=C1N1C=CC=N1,0.009560994198545813
C1(C=NN2C=C(CN(CC)CC)C=NC=12)C(=O)N1CCCC1,0.009471668023616075
C(=O)(C1=CC=CC(C)=C1)NC1=C(C)C=CC(=C1)NC([C@H](CCCC)N)=O,0.010235552000813187
CNS(C1=CC(NC(C)=O)=C(OC)C=C1)(=O)=O,0.004059116163989529
C1(CN(CC2=CC=CC=N2)C2CC2)=CC2=CC(OC)=CC=C2NC1=O,0.006054954091086984
N1(CC(C1)OCC1C=CC(=CC=1)F)C(=O)C1=CC=CS1,0.005962181254290044
N1(CC2NN=C(C3=CC=CC=C3)N=2)C(=O)C2C(C)([C@H]3C[C@@H]2C=C3)C1=O,0.002521720208460465
CCCNS(C1=CC(NC(C)=O)=C(OC)C=C1)(=O)=O,0.004026164032984525
C1(C2=CC=CC=C2)(CN(C)CC2=NC=CC=C2C(O)=O)CC1(C)C,0.010480190254747867
N1(CC(C1)OCC1=CC=C(C=C1)F)C(=O)C1C=CC=CC=1C,0.007845928543247283
C1(=CC=CC=C1N1C=CC=N1)C(=O)N1CCC(CC1)(O)C(O)=O,0.005664438870735466
N1(C2C3CCN(CC3)C2)C=NC(C2=CC=CC=C2)=C1C1C=CSC=1,0.010576505912467837
C1(=CC(=NN1)CCC)C(=O)N1CCC(N(CC2CC2)C(C(C)C)C1)=O,0.008079967717640102
N1(CC(C1)OCC1C=CC(=CC=1)F)C(=O)C1C=CC=C(C)C=1,0.007714883750304579
N1(CCC(CNC(=O)NC(C)C)C1)CC(C)(C)N1CCCCC1,0.008302404778078198
N1(CC(C1)OCC1=CC=C(C=C1)F)C(=O)C1C=CC(=CC=1)C,0.00786887553986162
C1(C(=O)NCC(OC)C2=CC=CS2)=NN=C2CCCCCN12,0.0063778844894841315
COC1=C(NC(C)=O)C=C(S(NCC2=CC=C(Cl)C=C2)(=O)=O)C=C1,0.00414942717179656
C(F)(F)(F)C1C=CC=C(C=1)OC1=CC(=CC=C1OC)CN1CCCC1,0.008104229439049959
S1C(N)=NN=C1SCC(=O)N1[C@H](CC=C)CC=C[C@H]1CC=C,0.008247928926721215
CC(C(NC1=NC=CC(C)=C1)=O)OC1=CC=CC=C1,0.0064279749291017655
N1(CC2C=CC(=CC=2)F)C(=O)CCN(C(=O)C2C=NN(C)C=2)CC1C(C)C,0.008217048901133239
COC1=CC(C2N3C(=NC=N3)NC(C)=C2C(NC2=C(C)C=CC=C2)=O)=CC=C1,0.0061919063096866015
C12=C(C[C@@H]3CC[C@H]1N3C)N=C(C(C#N)=C2C1=CC2=C(C=CC=C2)O1)N,0.005129019671585411
N1(CC(C1)OCC1C=CC(=CC=1)F)C(C(CC)CC)=O,0.009424992417916656
C1(=O)N=C(C)C=C(C)N1CCNCC1C2C=CC=CC=2N(CCC(N)=O)C=1,0.005085659842006862
N1(CC(C1)OCC1=CC=C(C=C1)F)C(=O)C1C=CC(=CC=1)OC,0.008378839353099465
C1(N(C)C=NC=1C1C=CC=CC=1)C1C(F)=CC=C(C)C=1F,0.006560297519899905
N1N=C(C=C1C1CCN(CC1)C(=O)CCNC(N)=O)CC1C=CC=CC=1,0.0026490159798413515
N1(CC(C1)OCC1=CC=C(C=C1)F)C(=O)C1C=CC(=CC=1)OCC,0.008131776982918382
C1(C2=CC=CC=C2C)OC(=C(CN2CCC(CC2)(O)CN2C=CN=C2)N=1)C,0.005790564673952758
N1(CCCC(C(=O)NCC2=CC=CC=N2)C1)C1CCN(CC1)C(CNC)=O,0.007911549438722432
N1(CC(C1)OCC1=CC=C(C=C1)F)C(=O)C1=CC=CC=C1OCC,0.008332313667051495
S(=O)(=O)(C1=CC=C(C=C1)S(C)(=O)=O)N1CCC2(CCCNC2)C1,0.004987857560627163
N1(CC(C1)OCC1C=CC(=CC=1)F)C(=O)COC1C=CC(=CC=1)Cl,0.0076477402355521916
N1(C2C=CC=CC=2N=C1CCCO)C1=CC(O)=C(C(F)=C1)F,0.0017446683661546559
C12CN(CCC=1ON=C2C1C=CC2=C(OCO2)C=1)CC(=O)NCC1CCCO1,0.008031528163701295
N1(CC(C1)OCC1C=CC(=CC=1)F)C(=O)C1=C(C=CC=C1F)F,0.007894292240962386
N1(CC(C1)OCC1=CC=C(C=C1)F)C(=O)C1C=CC=CC=1Cl,0.007633985858410597
C(=O)(N(C)CC1C=CSC=1)C1CCCN(C2CCN(CC2)C(=O)C2CC2)C1,0.012262501940131187
C1(=CC=CC=C1NC(CCCN1C=NC=N1)=O)C(=O)NCC1C=CC=CN=1,0.0051745912991464135
N1(CC(C1)OCC1C=CC(=CC=1)F)C(=O)CSC1=CC=CC=C1,0.005778123461641371
OC1=C(C2N(C(C3OC(N(=O)=O)=CC=3)=O)N=C(C3SC=CC=3)C2)C=CC=C1,0.0035328478319570423
N1(CC(C1)OCC1=CC=C(C=C1)F)C(CCC)=O,0.007672051549889147
CCOC1=CC=C(C2N(C(C)=O)N=C(C3SC=CC=3)C2)C=C1,0.008546364540234209
N1(CC(C1)OCC1C=CC(=CC=1)F)C(=O)C1=CC=C(C=C1)F,0.007853294839151204
C1(=CC=CC2OCOC1=2)CN(CC1C=CN=CC=1)CC1=CC=C(C)S1,0.010681909369304776
N1(CC(C1)OCC1C=CC(=CC=1)F)C(=O)COC1C=CC(=CC=1)F,0.00924940318800509
C1(CC(N(CCOC)C1)=O)C(=O)N(CCN(C)C)CC1=CC=C(C)S1,0.01195426108315587
N1(CC(C1)OCC1C=CC(=CC=1)F)C(=O)C(C)OC1C=CC=CC=1,0.009296552790328861
C1(NC(=O)CCN2CCCCO2)=NN=C(CCOC2=CC=C(C=C2)C)S1,0.0017555543105117976
S(=O)(=O)(C1=CC=C(C=C1)C(=O)N1CC(C1)OCC1C=CC(=CC=1)F)N1CCOCC1,0.0062661270378157495
C1(C=CC(NC=1)=O)C(=O)N1CCCC(CCCC2C=CC=CC=2)(C(O)=O)C1,0.004808484064415097
N1(CC(C1)OCC1C=CC(=CC=1)Cl)C(=O)C1C=CC=C(OC)C=1,0.00912963217124343
N1(CC(C1)OCC1=CC=C(C=C1)Cl)C(=O)C1C=CC(=CC=1)C#N,0.007443573954515159
N1(CC(C1)OCC1C=CC(=CC=1)Cl)C(=O)C1CC1,0.012040942395105957
N1(CC2=C(C=NC(CC3C=CC(=CC=3)OC)=N2)C1)C(=O)[C@H](C)NC(C)=O,0.006747892871499061
C1(CN2CCN(CC2)CC2=CC=CC=C2CO)C(C)=NN(C)C=1Cl,0.005590581148862839
N1(CC(C1)OCC1=CC=C(C=C1)Cl)C(=O)C1C=C(OC)C=C(OC)C=1,0.009194113360717893
CS(N1C(C2OC(Cl)=CC=2)CC(C2SC=CC=2)=N1)(=O)=O,0.004952310991939157
[C@@H]1(CN(C[C@@H]1C1NC(=NC=1C)CC)C)C(=O)N1CC(C1)OC1=CC=CC(C)=C1,0.005324061925057322
C12CN(CCC=1NN=C2C1=CC=CC2=CC=CC=C12)CC1NC(=O)NC(=O)C=1,0.004395046504214406
N1=NC(=CN1[C@H]1CN[C@H](C(NC)=O)C1)CN(C)C(=O)C1C=C(F)C=CC=1Cl,0.0045095709385350345
N1(CC(C1)OCC1=CC=C(C=C1)Cl)C(=O)C1C=CC=CC=1F,0.007566246669739485
C1(C2=CC(OCC)=CC=C2OC=1C)C(=O)N1CCC2=C(N=C(NC2=O)C)C1,0.0055014278506860135
C1(=CC=C(C(NC)=O)O1)C1C=CC=C2C=CC=CC=12,0.007792943739332259
N1(CC(C1)OCC1C=CC(=CC=1)Cl)C(=O)C1=CC=CO1,0.008841346297413111
N1=C(CN(CC=C)C(=O)C(CC)N2C=CC=N2)ON=C1C1C=CC=CC=1,0.008100538421422243
N1(CC(C1)OCC1C=CC(=CC=1)Cl)C(=O)CC1=CC=C(C=C1)OC,0.009579099155962468
N1(CCCC(C(=O)NCC(F)F)C1)C1CCN(CC1)CC1C=CN=CC=1,0.006202895031310618
CS(NC1=CC(C2CC(C3=C(O)C=CC=C3)N(S(C)(=O)=O)N=2)=CC=C1)(=O)=O,0.003520457772538066
C12C=C(C=CC=1C(C)=CC(=O)O2)CN(CC1CCCO1)CC1C=CSC=1,0.010299647832289338
N1(CC(C1)OCC1=CC=C(C=C1)Cl)C(CCC1C=CC(=CC=1)OC)=O,0.010217694519087672
C1(C(NCCC2C3CCCCC=3NN=2)=O)C(C)NC(NC=1C)=O,0.00508827087469399
C1(=CN=C(NC(C)=O)S1)C(=O)N1CC2=C(C=NC(CC(C)C)=N2)C1,0.006913878233171999
S(=O)(=O)(NC(C)C)C1=CC(C2C=CC(=CC=2)O)=CC(C(O)=O)=C1,0.002065513451816514
COC1=CC(C2N(S(C)(=O)=O)N=C(C3=CC(OC)=C(OC)C=C3)C2)=CC=C1,0.008534287963993848
N1(C(=O)CNC(C)=O)C[C@H]([C@H]2N3CCC(CC3)[C@H]21)C1C=CC(=CC=1)OC,0.0075574078597128395
CN1C2=C(C=C(C=C2)Cl)C(C2=CC=CC=C2)=C(C2CC(C3OC=CC=3)N(S(C)(=O)=O)N=2)C1=O,0.005145727051422
C1(=C(C2C=CC=CC=2)N=CN1CC1C(C)=NOC=1C)C1=CN=CN1CC,0.01027326351031661
N1(CC(C1)OCC1C=CC(=CC=1)Cl)C(=O)C1=CC=CS1,0.007213921309448779
CC1N(C2=NC3=C(C=C(C=C3)Cl)C(C3=CC=CC=C3)=N2)CCCC1,0.007558307657018304
N1(CC(C1)OCC1=CC=C(C=C1)Cl)C(=O)C1C=CC=CC=1C,0.009806632855907082
N1=C(CN(C)CCCC2CCCO2)ON=C1C1C=CC=CC=1C,0.012146555678918957
N1(CC(C1)OCC1C=CC(=CC=1)Cl)C(=O)C1C=CC=C(C)C=1,0.009702906105667352
N1(CCCC(CC=CC2C=CC=CC=2)(C(O)=O)C1)C(=O)C1C=CC2=C(C=1)N=CN2,0.003638719825539738
CN(S(C1=CC=C(Br)C=C1)(=O)=O)CC(N1CCCCCC1)=O,0.010231522703543305
N1(CCCC(CO)(CC2=CC=CC=C2C)C1)C1C=C(C=CN=1)C#N,0.0036160055198706685
N1(CC(C1)OCC1=CC=C(C=C1)Cl)C(=O)C1C=CC(=CC=1)C,0.010020541260018945
ClC1=C(C2N(C(C3OC=CC=3)=O)N=C(C3=CC=CC=C3)C2)C=C2C(C=C3C(=C2)OCCO3)=N1,0.006945923110470176
N1(CC(C1)OCC1C=CC(=CC=1)Cl)C(C1CCCCC1)=O,0.014677263144403697
CC1=C(C=CC(C2C(=O)N(C)C3=C(C=C(C=C3)Cl)C=2C2=CC=CC=C2)=O)C=CC=C1,0.01218934627249837
N1(CC(C1)OCC1C=CC(=CC=1)Cl)C(C(CC)CC)=O,0.013072161283344031
N1(CC(C1)OCC1=CC=C(C=C1)Cl)C(=O)C1C=CC(=CC=1)OC,0.009367407904937864
C1(C=CON=1)C(=O)N(CC=C)CC1C=CC=C(OCC)C=1,0.00904259798116982
N1(CC(C1)OCC1C=CC(=CC=1)Cl)C(=O)CC1CCCC1,0.014692595787346363
C(=O)(CC1CCN(CC1)CCC)N(C(C)CC)CC1=CC=NC=C1,0.012748555792495609
CC1=C(C(C=CC2=CC3=C(OCO3)C=C2)=O)C(C2=CC=CC=C2)=C2C(C=CC(=C2)Br)=N1,0.012902382807806135
C1(C(=O)NCC2(CC2)CN2C(C)=CC(C)=N2)=C(C)N=C2SC=CN21,0.007094610971398652
C(NCCCC1CCOC1)(=O)C1(C)CCN(CC1)C,0.011199428886175155
C1(=NNC=C1Cl)C(=O)N1CCC(CC1)C1NN=CC=1C1C=CC=C(F)C=1,0.0032420083181932567
C1(C(N)=O)=CN=C2CN(C(=O)CN3C[C@H]4C[C@@H]3CC4)CCN12,0.0040842264308594165
N1(C=CN=C1)C1=CC=C(C=C1)CN1CCCC1,0.008175960974767804
N1(CC(C1)OCC1=CC=C(C=C1)Cl)C(=O)C1C=CC(=CC=1)OCC,0.009649395197629928
C(=O)(N1CCCC1CC1=CC=CN=C1)C1=CC(=NC2=CC=C(C)C=C12)C1C=NN(C)C=1,0.009663111437112093
N1(CC(C1)OCC1=CC=C(C=C1)Cl)C(=O)C1=CC=CC=C1OCC,0.010004783049225807
C1(CN(C)CC2C=CN=CC=2C)=CC2=C(C=CC=C2)O1,0.011354699777439237
N1(CCC2(CC1)CCCO2)C(=O)CC1C=CC2=C(OCO2)C=1,0.011863428493961692
N1(CC(C1)OCC1=CC=C(C=C1)Cl)C(=O)C1C=CC=CC=1OC,0.009637540578842163
C1(C#N)C(N)=NC(=C(CCC)C=1C1=CN=C(N=C1)NCC)C1CCOC(C)(C)C1,0.004531765764113516
N1(CC(C1)OCC1C=CC(=CC=1)Cl)C(=O)C1=C(C=CC=C1F)F,0.006995162647217512
N1(C2C=CC=CN=2)C(COC2C=CC3N(C=NN=3)N=2)=NC(C(C)C)=N1,0.008293523406609892
N1(C[C@@H](C[C@H]1C(O)=O)O)C(=O)C1=CC2=CC(C)=CC=C2N=C1C,0.0020740206295158715
N1(CC(C1)OCC1=CC=C(C=C1)Cl)C(=O)CC1=CC=CS1,0.006858171406202018
N1C(CNC(=O)C(CC)OC2C=CC3=C(CCCC3)C=2)=NC(=CC1=O)C,0.006950131617486477
COC1=C(S(N)(=O)=O)C=C(Cl)C=C1,0.006871614011470228
C1(SC(=NC=1C1=CC=CC=C1)C)C(=O)N1CCC(CC1)(O)C(O)=O,0.005659617995843291
N1(CC(C1)OCC1C=CC(=CC=1)Cl)C(=O)COC1=CC=CC(C)=C1,0.00982286068610847
N1=C(C2=CC(OC)=C3C(OCO3)=C2)OC(C)=C1CN1C=NC(C2CCCC2)=N1,0.009523627581074834
N1(CC2=C(C=NC(CC(C)C)=N2)C1)C(=O)C1C=CC=C(C=1)S(C)(=O)=O,0.008316907729022206
N1(CC(C1)OCC1C=CC(=CC=1)Cl)C(=O)CSC1=CC=CC=C1,0.007216960424557328
N1=CN(C(C2C=C(Cl)C=C(F)C=2)=C1C1C=CC=CC=1)CCNC(C)=O,0.003653521090745926
N1(CC(C1)OCC1=CC=C(C=C1)Cl)C(CC)=O,0.009527865168638527
C1(=C(C=CC=C1OC)OC)C1C=CC(=CC=1)CN1CCCCC1,0.013713346607983113
C1(C(=O)NCC2=CC=CN=C2OC2C(C)=CC=CC=2C)=CNC(NC1=O)=O,0.0034350470756180584
N1(CC(C1)OCC1=CC=C(C=C1)Cl)C(CCCC)=O,0.010962638957425951
C(=O)(N1CCC(CC1)N1CCCC(C1)C(=O)NC1CC1)C1C(=CC=CN=1)O,0.007632413995452225
C1(C(O)=O)NN=C(C2=CC(C3C=CC(=CC=3)C#CCCO)=C(C(N)=N2)C#N)C=1,0.0010251139989122748
N1(CC(C1)OCC1=CC=C(C=C1)Cl)C(CCC)=O,0.010111152241006494
N1C2=C(C)C=CC=C2NC=1CCN(C)C(=O)C1C=COC=1,0.0038648221525363624
N1(CC(C1)OCC1C=CC(=CC=1)Cl)C(C(C)C)=O,0.010715708252973855
C(C1CCOCC1)(=O)NC1=CC=CC=C1OCCOC1=CC=CC=C1,0.007859034999273717
N1(C[C@H]2[C@H](C[C@@H]([C@@H](O)C2)O)C1)C(=O)C1=CN=C(N=C1C1=CC=CC=C1)C,0.0032607263903400964
N1(CC(C1)OCC1C=CC(=CC=1)Cl)C(=O)C1=CC=C(C=C1)F,0.00688349693082273
C1(SC(=NC=1C)NCC)C(=O)N1CCC2(CC1)N(C)CCNC2=O,0.0051324795698747035
C12CN(CCC=1ON=C2C1C=CC2=C(OCO2)C=1)CC1ON=C(C(N)=O)N=1,0.0076724139507859945
C1(=CC2C(=CC(=CC=2)OC)N1)C(=O)N1CC(C1)OCC1C=CC(=CC=1)Cl,0.004500480554997921
COC1=C(S(NC2=C(Cl)C(Cl)=CC=C2)(=O)=O)C=C(Cl)C=C1,0.005491831351537258
N1(C)C(COC2=CC=C(C=C12)C(=O)N(C)C)CC(=O)NCC(=O)NC1CC1,0.008230671379715204
N1(CC(C1)OCC1C=CC(=CC=1)Cl)C(C1=CC=CC=C1)=O,0.009320850088261067
C1(=COC(COC2C=CC3=C(C=CC=N3)C=2)=N1)C(=O)N1CC(C1)N1CCCCC1,0.005877260793931782
N1NC2C(=C(C)C=CC=2)C=1C1=CC=C(C=C1)O,0.00378890426363796
N1(CC(C1)OCC1C=CC(=CC=1)Cl)C(=O)COC1C=CC=CC=1,0.009703304013237357
C1(=C(C)C=C(NC1=O)C)C(=O)N1CCC2=C(C(C3=CC=CC=C3F)=NO2)C1,0.00473408323014155
N1(CC(C1)OCC1=CC=C(C=C1)Cl)C(=O)CC1C=CC=CC=1,0.008956219418905675
N1(CCNC(COC2=CC=CC(=C2)NC(CC)=O)=O)C(=O)C=CC(=O)N1,0.004183547187130899
CCOC1=C(S(NCCCOC)(=O)=O)C=C(Cl)C=C1,0.004110646073240787
N1(CCNC1=O)C1C(C)=CC=C(C=1)C(=O)N(CC(C)C)CC1C=CC=CN=1,0.005126620165538043
N1(CC(C1)OCC1=CC=C(C=C1)Cl)C(=O)C1C=CC=C(F)C=1,0.006722671282477677
C1(=COC(COC2C=CC3=C(C=2)N=C(S3)C)=N1)C(=O)NC(CO)C(C)C,0.0030853172764182092
N1(CC(C1)OCC1=CC=C(C=C1)Cl)C(=O)COC1=CC=C(C=C1)OC,0.009700389672070741
N1(CCCN(CC2=CC=C(C=C2)F)C(C(C)C)C1)C(=O)C(CC)=O,0.01293503581546247
N1(CC(C1)OCC1C=CC(=CC=1)Cl)C(=O)C(C)OC1C=CC=CC=1,0.011290875915437936
C1(=C(C2C=CC=CC=2)N=CN1C[C@H](C)O)C1=CC(C)=CC=C1N1C=CC=N1,0.004553416150156408
N1(CCOC(CCNC(=O)/C=C(/C)\C)C1)CC1=CN=C(N=C1)C,0.0065914148464798926
C1(CCCN(CC2=CC=C(C=C2)C(C)C)C1=O)(O)CN1CCN(CC1)CCO,0.0048550627892836925
N1(CCOC2=C(C=C(C3C(C)=NC=C(C)N=3)C=C2C1)O)C(=O)C(=O)CC(C)C,0.0077010105364024636
C12C(=O)NCCN1CCN(C1CCN(CC1)C(=O)C1=CC=CS1)C2,0.0055477847810834644
C1(C2C=CC=NC=2OC)C(=O)NN=CC=1N1CCCC1,0.0038028655690141022
N1(CCC2=C(N=CN2)C1C1=CC=NC=C1)CC1=CNN=C1C1=CC=CC=C1,0.005235534626990557
S(=O)(=O)(NC(C)C)C1C=C(C=C(C2C=CC=CC=2CN(C)C)C=1)C(O)=O,0.004125478910282254
N1(CC(C1)OCC1=CC=CC=C1Cl)C(=O)C1=CC=CO1,0.008895443612709641
N1(C[C@H](C[C@H]1C(NCC)=O)N)C(=O)C1=CC=C(C=C1O)OC,0.005009071854874492
N1(CC(C1)OCC1=CC=CC=C1Cl)C(=O)CC1=CC=C(C=C1)OC,0.009439518954604865
C1(=C(OC)C=CC(=C1)C(NC)=O)C1C=C(F)C=CC=1C,0.005863896291702986
N1(CC(C1)OCC1=CC=CC=C1Cl)C(CCC1=CC=C(C=C1)OC)=O,0.010047216201201081
N1(CCCC1C(=O)NCC1C=NC(=CN=1)C)C(C1CCCCC1)=O,0.011306917015463113
[C@@]12(C(O)=O)CN(C[C@@H]1CN(C(=O)C1CC1)C2)C(=O)CC1=CC(=NO1)C,0.008954314747825265
N1(CC(C1)OCC1=CC=CC=C1Cl)C(=O)C1=CC=CS1,0.007243787054903805
C12C(=CC=CC=1C(NCCCC1C(C)=NNC=1C)=O)C(=C(C)N2)C,0.006368064391426742
N1(CC(C1)OCC1=CC=CC=C1Cl)C(C1CCCCC1)=O,0.014613617956638337
S1C(C)=NN=C1SCCCNC(=O)C1C=CC2=C(NC=C2)C=1,0.004113180504646152
N1(CC(C1)OCC1=CC=CC=C1Cl)C(C(CC)CC)=O,0.012389894435182213
C1(C=CC(=C(C)C=1)OCC)C(CCC(NCCN1CCOCC1)=O)=O,0.011879495764151215
N1(CC(C1)OCC1=CC=CC=C1Cl)C(=O)CC(C)C,0.011096483375877143
C1(C(=O)N[C@@H]2CC[C@H](CC2)N2C=NN=C2)=C(C)N=C(C(C)C)S1,0.00858396510593593
N1C=CSC=1CN1CCOC(C1)C1C=CC2C(=CC=C(OC)C=2)C=1,0.009073996543884277
N1(CC(C1)OCC1=CC=CC=C1Cl)C(=O)C1C=CC(=CC=1)OCC,0.009601128660142422
N1C(CC)=C(C2C=C(F)C=C(CNC(=O)C3CCOC3)C1=2)C,0.004430633212905377
N1C2C=CC(=CC=2C(C)=C1CC)CNC(CCC(F)(F)F)=O,0.0029983594504301436
N1(CC(C1)OCC1=CC=CC=C1Cl)C(=O)C1=C(C=CC=C1F)F,0.006971436785534024
S(=O)(=O)(N1[C@H]2CCNC[C@@H]1CC2)C1=CC=C(C2=CC=NO2)O1,0.0053328437265008685
N1(CC(C1)OCC1=CC=CC=C1Cl)C(CCC)=O,0.00968257593922317
C1(SCCNC2N=CN=C(N3CCOCC3)C=2)=NC=CN1C,0.004677704302594066
N1(CC(C1)OCC1=CC=CC=C1Cl)C(C(C)C)=O,0.010638771858066321
C(=O)(N(CC1C=CC=CC=1)CC(C)CO)C(=O)NC1=CC=C(C=C1)F,0.003385404497385025
C1(NC(=O)C2CCCO2)=CC(=NN1C(CC)CC)C,0.008039065217599273
N1NC(=CC=1C1=CC=CC=C1)CN(C)CC1=NC=CC=C1C(O)=O,0.0032574568991549312
C1(C(OCC)=O)NC(NC=1CN1[C@H]2CC[C@@H]1CC(N(C)C2)=O)=O,0.002965442545246333
C1(=NC=CN1C)C1C=CC(=NN=1)NCCC(OC)=O,0.003759547823574394
N1(CC(C1)OCC1=CC=CC=C1Cl)C(=O)COC1=CC=C(C=C1)OC,0.009687150595709682
C12C(CC(NC=1NN=C2C(NC)=O)=O)C1C=C(OC)C(=C(Cl)C=1)O,0.0029199868091382085
N1(CC(C1)OCC1=CC=CC=C1Cl)C(=O)C(C)OC1C=CC=CC=1,0.01130875013768673
C12CN(CCC=1NN=C2C1=CC=C(C=C1)Cl)CC1C=C(O)N=C(C2CC2)N=1,0.005227483459748328
C1(C2C=CC=CC=2)(CC1)C(=O)N1CCN2C(=CC(=N2)C(NCCO)=O)C1,0.004887945530936122
N1(CC(C1)OCC1=CC=CC=C1F)C(=O)C1=CC=C(Br)O1,0.010483299242332577
C1(=O)OCCN1CC(=O)N1CCC(CC1)(O)C1=CC=C(C=N1)C,0.0051778189837932585
N1(CC(C1)OCC1=CC=CC=C1F)C(=O)C1C=CC(=CC=1)C#N,0.006152691156603396
N1=C(C2=CC=CN=C2)N=C(C=C1N1CCC(CC1)NC1=NC=CC=N1)C,0.006005696533247828
C(C1CCNCC1)(NCCC1CCCN(C/C=C(\C)/C)C1)=O,0.0126409356482327
C1(C(C)=NNC=1C)SC1C=CC=CC=1NC(=O)CC1=CC(=NO1)C,0.005307149386499077
N1(CC(C1)OCC1=CC=CC=C1F)C(CCC1=CC=C(C=C1)OC)=O,0.00813204636797309
N1(C=NN=N1)CC(=O)N1CCC(CC1)N1CCCC(C(NCCOC)=O)C1,0.00463192593306303
N1=C(C)C(=C(C)N1)C1C=CC(=CC=1)C(C)OCC,0.009451939910650253
CCOC1=C(C)C=C(S(NC2=C(F)C=CC=C2)(=O)=O)C=C1,0.004676237853709608
C1(C(O)=O)=NNC=C1CN1CCCN(CC1)C(=O)C1=CC=CO1,0.0039094250998459755
N1(CC(C1)OCC1=CC=CC=C1F)C(=O)C1=CC=CC=C1OCC,0.008536570821888745
C1(=CC(=NO1)CC)C(=O)N1CCCC(C1)C1NN=CC=1C1=CC=C(C=C1)C,0.005006047477945685
N1(CC(C1)OCC1=CC=CC=C1F)C(=O)C1=C(C=CC=C1F)F,0.007941033993847667
CCOC1=C(C)C=C(S(NC2=CC=C(F)C=C2)(=O)=O)C=C1,0.004178523144219071
N1(CC(C1)OCC1=CC=CC=C1F)C(CCC)=O,0.007457955670543015
N1(CC(C1)OCC1=CC=CC=C1F)C(=O)C1=CC=C(C=C1)F,0.007324162172153592
N1(C[C@H](C[C@H]1C(NC)=O)N)C(=O)C1C=CC=C(C2C=CC=CC=2OC)C=1,0.007382338494062423
N1(CC(C1)OCC1C=CC=C(F)C=1)C(=O)C1C=CC=C(Cl)C=1,0.007192497723735869
C1(=COC2CCCC(=O)C1=2)C(=O)N1CCCN2C(=CC(=N2)C(O)=O)C1,0.012404774967581033
S1C(C)=NN=C1SCCC(=O)N[C@@H]1CN2[C@H](CN(CC2)C)C1,0.006752556632272899
C1(C=C(ON=1)CC(C)C)C(=O)N1CC(C1)OCC1C=CC=C(F)C=1,0.008397234044969082
N1C=C(C=CC=1Cl)CN(CCO)CC1=CC=CC=C1C,0.004075211868621409
C1(=NOC(C2=CC=CS2)=C1)C(=O)N1CC(C1)OCC1C=CC=C(F)C=1,0.006261271121911704
OC1=C(C(NC2=CC=C(F)C=C2)=O)C=C(Br)C=C1,0.005448440019972622
S(=O)(=O)(C1=CC=C(C=C1)C(=O)N1CC(C1)OCC1C=CC=C(F)C=1)N1CCOCC1,0.006111090956255794
N(C(C1=CC=NC=C1)C1C=CC(=CC=1)C)C(=O)C1=CN=C(N=C1)OC,0.007124237786047161
C1(=CC=CC=C1NCC1C=CC=CN=1)C(=O)NCC1CCCN(C)C1,0.006722982483915984
N1(CC(C1)OCC1C=CC=C(F)C=1)C(=O)C1C=CC(=CC=1)Cl,0.007252523628994823
N1=C(CNC2CCC3=C(C=C(C=C3)OC)C2)C=C(CC(C)C)O1,0.017788649536669254
S(=O)(=O)(C1C=CC(=CC=1)C)N1CC(C1)OCC1=CC=C(C=C1)C,0.008764070738106967
N1C2=CC(=CC=C2NC=1C1=CC=C(C=C1)C(O)=O)C#N,0.002048849579296075
N1(CC[C@H]([C@H](O)C1)C1=CC=C2C(C=CC=C2)=C1)C(=O)C1=CC=CN1,0.001693323120707646
N1(CCC(C1)C1=CC=NC(C2=CC=C(C(C)=C2)OC)=C1)CC1=CN=C(N=C1)N,0.006036966713145376
S(=O)(=O)(C1=CC=C(C=C1)NC(C)=O)N1CC(C1)OCC1C=CC(=CC=1)C,0.00570460434537381
N(CC1=CC=CO1)(C(C)C(C)C)C(=O)CCN1C=CC=C1,0.013832023041322828
C(=O)(N(CCC)CC#CC1C=CC=CC=1)[C@@H](N)CC(O)=O,0.009140988835133613
S(=O)(=O)(C1=CC=C(C=C1)Cl)N1CC(C1)OCC1C=CC(=CC=1)C,0.0074055851204320785
N1(CC2=C(C=NC(CC(C)C)=N2)C1)C1N=CC=NC=1N(C)C,0.012051728507503866
N1(CC)C(C2CCN(CC2)CC2C=NC(=NC=2)C2=CC=CC=C2)=NN(C)C1=O,0.008104725694283842
S(=O)(=O)(C1=CC=C(C=C1)C(C)(C)C)N1CC(C1)OCC1C=CC(=CC=1)C,0.011081093130633235
N1=C2C=CC=CC2=NC=C1N1CCCC(CO)(CC2C=CC=C(OC)C=2)C1,0.0050695710582658645
S(=O)(=O)(NC(C)C)C1=CC(C2C=CC(=CC=2)CCC(O)=O)=CC(C(O)=O)=C1,0.004325559502467513
C1(=O)C2=CC=CC=C2N=C(CCNC2=NC(C)=NC3CCN(C)CCC2=3)N1,0.00461302543990314
S(=O)(=O)(N1CCC2=C(N=C(N=C2N(C)C)C)C1)C1=CC2=C(C=CC=C2)O1,0.005503056850284338
S(=O)(=O)(N1CC(C1)OCC1C=CC(=CC=1)C)C1=CC=CC2=NSN=C12,0.0064860486658290025
C12=C(C[C@H]3N(C)[C@@H]1CCC3)N=C(C(C#N)=C2C1=CC=C(C=C1)NC(C)=O)N,0.0031063045433256777
C1(=O)C(CCCN1CC1=CC=C(C=C1)C(C)C)(CNCCS(C)(=O)=O)O,0.005666093225590885
C1(=NN=CN1C)SC1=CC=C(CN(CCC)CC#CC2=CC=CC=C2)O1,0.015165845118463039
C1(C(=O)N2CCCC2)C=C2N(CCN(C2)C(=O)C2=CC=C(NC2=O)C(C)C)N=1,0.006913793063722551
S(=O)(=O)(C1=C(OC)C=CC(OC)=C1)N1CC(C1)OCC1C=CC(=CC=1)C,0.007947994186542929
C1(C2=CC=C(NC2=O)C)N(C2C=CN=C(C)C=2)N=C(C(C)C)N=1,0.005392796196974814
S(=O)(=O)(C1=CC=C(C(OC)=C1)OC)N1CC(C1)OCC1=CC=C(C=C1)C,0.009358949912711977
C1(C2C=CC=CC=2C(NN=1)=O)C(=O)NC(C)CC1C(=CC=CN=1)C,0.00418810221599415
C1(NC(=O)CC2=C(C)SC(C)=N2)=CC(=NN1C(CC)CC)C,0.0075918149668723345
C1(C=NC(=NC=1C)C1C=CC=CC=1)C(=O)N1CCC2(CC1)N(C)CCNC2=O,0.005471281660720706
C1(C2CCN(CC2)C(=O)CC(C2C=CC=CC=2)C2C=CC(=CC=2)C)=NN=CN1C,0.009517347859218716
C1(=CC=C(N=C1)C1=CC=CC(O)=C1)C(NCCC1COC2C(=CC=CC=2)O1)=O,0.0044309638906270266
C(=O)(N1CCC2=C(N=CN=C2N(C)C)C1)C1=CC=C(C=C1O)N1C=NN=N1,0.0030070470878854395
C1C(N)=NC=NC=1C1C=C(CCC2CCCCN2)C=C(O)C=1,0.003029330086428672
C1(CN2N=C3C(C=CC=C3)=N2)=NC(=NN1C1C=CN=C(C)C=1)C(C)C,0.01085021710023284
S(=O)(=O)(C1=CC=C(C=C1)CCC)N1CC(C1)OCC1C=CC(=CC=1)F,0.007083970191888511
N1(C[C@H](C)O[C@H](C)C1)CC(=O)N(C)CC(=O)C1C=CC(=CC=1)O,0.007944548036903143
C(C)(C)(NC(CCC(=O)NC1=CC=CC(CC)=C1)=O)C(OC)=O,0.0072979358024895195
N1=NC(=CN1C1CCN(CC1)C(=O)NC1=CC=C(C=C1)SC)C1C=CC=CC=1,0.003944694972597062
S(=O)(=O)(C1C=CC(=CC=1)C)N1CC(C1)OCC1C=CC(=CC=1)F,0.0063011876307427885
C1(O)(CCN(CC1)CC1=CC=C(C(OC)=C1)OCC(N)=O)C1=CC=C(C=N1)C,0.008242586068809033
S(=O)(=O)(C1=CC=C(C=C1)NC(C)=O)N1CC(C1)OCC1=CC=C(C=C1)F,0.004960809322074056
C1(=CNN=C1C1=CC=CC(OC)=C1)C(=O)N1CCCN2CCC[C@H]2C1,0.005656473012641073
C1(C=C(NN=1)COC1C=CC=CC=1F)C(=O)N(CC)[C@H]1COC[C@@H]1O,0.002585322054801509
S(=O)(=O)(C1C=CC2C(=CC=CC=2)C=1)N1CC(C1)OCC1C=CC(=CC=1)F,0.0059334948426112534
S(=O)(=O)(C1=CC=C(C=C1)Cl)N1CC(C1)OCC1=CC=C(C=C1)F,0.005824055941775441
C1(C2=CC=C3C(CC4=C3C=CC=C4)=C2)=NC=CN1CC1CCN(CC1)C(C)=O,0.008477093023248016
N1C(CNC2=CC=C(C=N2)C(NCCCC2C=CC=CN=2)=O)=CSC=1N,0.0036170903011225166
S(=O)(=O)(C1=CC=C(C=C1)C(C)(C)C)N1CC(C1)OCC1=CC=C(C=C1)F,0.008145651919767261
C1(C=C(ON=1)CN1CCC(CC1)O)C(=O)N1CCCCC1C1SC=CN=1,0.00402114363387227
S(=O)(=O)(C1C=CC=CC=1C(F)(F)F)N1CC(C1)OCC1C=CC(=CC=1)F,0.004937026998959482
N1(CCOC2=C(C=C(C3=CC=CN=C3)C=C2C1)O)C(=O)C1CCCO1,0.004868674604222178
C1(C2C=CC=CC=2F)=NOC(CCC(=O)N2CCC[C@H]2CN2CCCC2)=N1,0.007432629843242467
C1(=CNC(C)=N1)C1C2CC(C3C=CC=CC=3)CCC=2N=C(N)C=1C#N,0.002887639502296224
C1(CN(C)C2=NC=CC(C3CCCC3)=N2)=NN=CN1C,0.009684894047677518
S(=O)(=O)(N1CC(C1)OCC1=CC=C(C=C1)F)C1=CC=CC2=NSN=C12,0.005512826354242861
C1(C(=O)N(CCCO)CC2=CC=C(C)S2)=CC(=NN1CC)C(C)C,0.0049293299438431856
N1=C(CN(CC=C)CC2=CC=C(C3CCCO3)S2)ON=C1C1C=CC=CC=1,0.010164859844371677
C(F)(F)(F)CCN1CCC(CC1)CNC(=O)C1C=CC=C(O)C=1C,0.003273527548299171
S(=O)(=O)(C1C=C(C)C=CC=1C)N1CC(C1)OCC1C=CC(=CC=1)F,0.0067759850062429905
C1(=NC=NC(N(C)CCC2CCCCO2)=C1)N1CCOCC1,0.011156309489160776
C1(C(C(C)C)NC(C)=O)=NC(=NN1C1=CC=CC=C1OC)C(C)C,0.01025540279224515
S(=O)(=O)(C1=C(OC)C=CC(OC)=C1)N1CC(C1)OCC1=CC=C(C=C1)F,0.00710352654568851
C1(N2CCN(CC2)CC2=CC=C(C=N2)CC)N(CCO)C2=C(C=CC=C2)N=1,0.00312048225896433
C1(N(CCNC2=NC(C)=CC(=O)N2)C=NC=1C1=CC=CC=C1)C1N(CC)N=CN=1,0.0029871143284253775
S(=O)(=O)(C1=CC=C(C(OC)=C1)OC)N1CC(C1)OCC1C=CC(=CC=1)F,0.0076710923807695505
N1=C(C(C)NC2C=C(CCN)N=C(C)N=2)ON=C1C1C=CC=CC=1C,0.007206691987812519
C1(NCC2C=CC=C(OC)C=2OCC)C2=CC=CC=C2N=C(CCN)N=1,0.008928420417942107
[C@@H]1(CN(CC2=CC=C3C(OCCO3)=C2)C[C@@H](C(O)=O)C1)C(=O)N1CCOCC1,0.006747118663042784
S(=O)(=O)(C1=CC=CS1)N1CC(C1)OCC1=CC=C(C=C1)F,0.005550966202281416
C(CCC(=O)NC1CCCCCC1)(=O)N(CC)CC(C)=C,0.01674169171601534
S(=O)(=O)(C1=CC=C(C(Cl)=C1)F)N1CC(C1)OCC1C=CC(=CC=1)F,0.0066434250911697745
N1(C2C=CC=C(OC)C=2)C(=O)NN=C1C(C)OC(C)C,0.004817881458438933
N1CC2(CC1=O)CCN(CC2)CC1=CC=C(N=C1)OCC,0.007284788624383509
N12C[C@@H](C[C@H]1C(N(C)CC2=O)=O)NC(=O)C(CC)=O,0.01007355242036283
N1C2=CC=C(C=C2NC=1CNC(=O)C1CCOC1)Cl,0.0026147099968511613
C1(C(=O)NC(C)C2=CN3C(SC=C3)=N2)=CC2CCCCC=2NC1=O,0.004396513348910958
N1(C)C(=O)N(C)C(=C(C2=CC(F)=C3C(CC(O3)CN)=C2)C1=O)C,0.007696038042195141
S(=O)(=O)(C1=CC=C(C=C1)C(C)C)N1CC(C1)OCC1=CC=C(C=C1)F,0.007183883036486804
C1(C=C(ON=1)CN(C)CC1C=CC=CC=1)C(=O)N1CC[C@@H](O)C1,0.003349411371164024
C(=O)(CC(C1=CC=CC=C1)C1=CC=CC=C1)N1CCC2(CC1)CNC(=O)C2,0.009021481778472663
S(=O)(=O)(C1C(OC)=CC=C(Cl)C=1)N1CC(C1)OCC1C=CC(=CC=1)F,0.007035644701682031
S(=O)(=O)(C1C=CC(=CC=1)CC(C)C)N1CC(C1)OCC1=CC=C(C=C1)F,0.0074024414177984
C12CN(CC=1C=NN2CC1C=CC(=CC=1)F)C(=O)CC1C=CC(=CC=1C)F,0.008534348593093455
S(=O)(=O)(C1=CC=C(C=C1)NC(CC)=O)N1CC(C1)OCC1=CC=C(C=C1)F,0.004937996412627399
C12C=C(C#N)C(=NC=1C=CN(CCCN(C)C)C2=O)OC,0.006068978575058281
S(=O)(=O)(C1C=CC(=CC=1)CC)N1CC(C1)OCC1C=CC(=CC=1)F,0.006367646297439933
C1(=O)N=C(C)C=C(C)N1CCC(=O)N(CCOC)CC#CC1=CC=CC=C1,0.007788917561993003
S(=O)(=O)(C1C=CC(=CC=1)OCC)N1CC(C1)OCC1C=CC(=CC=1)F,0.006496572308242321
C(=O)(C1=CC=CC(C2=CC=C(C=C2)O)=C1)N1CCN(CC1)C1C(=CC=CN=1)C,0.0037641095696017146
S(=O)(=O)(C1=CC(C)=CC=C1NC(C)=O)N1CC(C1)OCC1=CC=C(C=C1)F,0.005528576951473951
S(=O)(=O)(C1=CC=CC(=C1)C#N)N1CC(C1)OCC1=CC=C(C=C1)F,0.004861239460296929
N1=CN(C(CCN2C(C)=CC(C)=N2)=C1C1=CC=CC=C1)CCSC1NN=CN=1,0.005181046237703412
S(=O)(=O)(C1=CC=C2C(=C1)N(C)C(C(=O)N2C)=O)N1CC(C1)OCC1C=CC=CC=1,0.006889548664912581
C12CN(CCN1C(CNC2=O)=O)C(=O)C1(CCCC1)C1C=CC=CC=1,0.009535034699365497
C1(CN2CCC3(CC2)N(C)CCNC3=O)C(C)=NN(C)C=1Cl,0.006884567392989993
C1(CN(C)CCC(C)(C)O)=C(C)C=C2C(OCO2)=C1,0.016734549775719643
N1(C(C)=CC(C)=N1)C1=CC(C)=CC=C1C1=CC=C(C(=O)N(C)C)O1,0.010192858800292016
S(=O)(=O)(C1C=CC(=CC=1C)C)N1CC(C1)OCC1C=CC=CC=1,0.008502598223276436
C1(C(=O)NCC2=CC=CN=C2N2CCOCC2)=CN(N=N1)CC1CCCNC1,0.004832785006146878
C1(=CC2=C(C=CC=C2)S1)C(=O)N(C)CC1=NN=CN1CCC,0.00831430098041892
S(=O)(=O)(C1C=CC(=C(C)C=1)C)N1CC(C1)OCC1C=CC=CC=1,0.008492465177550913
C12C(CC(NC=1N(N=C2C1C=CC=CN=1)C)=O)C1=CNN=C1C(OCC)=O,0.004334715439472348
S(=O)(=O)(C1C=CC(=C(Cl)C=1)OC)N1CC(C1)OCC1=CC=CC=C1,0.0070009148912504315
N1(CC)C(=O)N(N=C1C1CCCN(C1)C(=O)C1C=C(ON=1)C(C)C)C,0.007227194588631391
N1(C2=CC=CC=C2)C(=O)NN=C1CC1CCN(CC1)C1=CC=NC(C)=N1,0.004052241193130612
C12SC(=C(C)C=1C(NC(CCNC1=C(CC)C=NC(C)=N1)=N2)=O)C,0.0036136620328761637
C1(=CC=NN1C)C(COC)NC1CCSCC1,0.01267028832808137
N1(CC[C@H]([C@H](O)C1)C1=CC=C2C(OCO2)=C1)CC1=CC(OC)=CC(OC)=C1,0.00427337073488161
S(=O)(=O)(C1=C(C)C=CC(F)=C1)N1CC(C1)OCC1C=CC=CC=1,0.006153658544644713
N1(CCCC2(CCNC2)C1)C(=O)C(C)(C)NC1=CC=C(C=C1)C,0.008824021369218827
C(F)(F)(F)C1C=CC(=CN=1)CN(CCO)CC1=CC=C(C=C1)SC,0.0022802174382377414
S(=O)(=O)(C1C(C)=CC(=C(C)C=1)C)N1CC(C1)OCC1=CC=CC=C1,0.009420683141797781
N1(C)C(COC2=CC=C(C=C12)C(NCCOC)=O)CC(=O)NCC1=CC=CO1,0.006498083937913179
C1(=O)C(CCCN1CC(C)(C)C)(CNCCNC1=CC(C)=CC=N1)O,0.007017204281874001
C1(=NC=CC=C1C(N)=O)N1CCOC(C1)C1C=CC2C(=CC=C(OC)C=2)C=1,0.005898409360088408
N1(C=CN=C1C1C=CC=NC=1)C[C@@]1(CCCN2CCCC[C@@]21[H])O,0.006456335564143956
C1(=NC=CC=C1CNC(=O)C(O)C(C)C)N(C)CCC1C=CC=CN=1,0.0037341810879297555
S(C)(=O)(=O)N1CCOC(CNC2CCN(CC2)C2C=C(C)C=C(C)C=2)C1,0.0066174238454550505
C1(=CSN=N1)C(=O)NC1C=CC=C(Cl)C=1N1CCN(CC1)CC,0.006150025245733559
S(=O)(=O)(C1=CC=C(C=C1)C(C)=O)N1CC(C1)OCC1=CC=CC=C1,0.01100939977914095
C1(C2CCN(CC2)C(=O)C2C=CC=C(C=2)C#CC(C)(C)O)=NN=CN1C,0.008721117721870541
C1(CNC(=O)C2=CC(C)=NC3=CC(F)=CC=C32)=NN=CN1CCC,0.004724613041616976
S(=O)(=O)(C1=CC=C(C=C1)CCC)N1CC(C1)OCC1C=CC(=CC=1)Cl,0.008292370778508484
C12(CCN(CC1)C(=O)C1C=CC=CC=1C(F)(F)F)N(C)CCNC2=O,0.004157654382288456
N1(CC)C(=O)N(N=C1C1CCCN(C(=O)C2C=CC(=NC=2)C#N)C1)CCN(C)C,0.0048981913481839
S(=O)(=O)(C1C=CC(=CC=1)F)N1CC(C1)OCC1=CC=C(C=C1)Cl,0.0054487772984430196
C1(NN=C(C2=CC=CN2C)C=1)C(=O)N1CCC2=C(N=CNC2=O)C1,0.004748456715606153
C1(=CC(C)=NC2=CC=C(C)C=C12)C(=O)N(C)CC1=CC=CO1,0.00996531853452325
C1(CN2CCC(CC2)C2C=CN=CC=2)=CC2=CC(OCC)=CC=C2NC1=O,0.005621277331374586
S(C1C=CC=CC=1)(=O)(=O)N1CC(C1)OCC1=CC=C(C=C1)Cl,0.006697208294644952
C1(C(C)C)=NC=CN1CCCNC(=O)C1=CC=C(N=C1)NC1CCN(CC1)C,0.004357460455503314
S(=O)(=O)(C1C=CC(=CC=1)NC(C)=O)N1CC(C1)OCC1=CC=C(C=C1)Cl,0.004797184886410832
N1(CC)C(=O)NN=C1CC1CCN(CC1)CCN1C2=CC=CC=C2OC1=O,0.003670390334445983
S(=O)(=O)(C1=CC=C(C=C1)C(C)(C)C)N1CC(C1)OCC1=CC=C(C=C1)Cl,0.009381338488310575
C12CCN(CC=1N=C(C)NC2=O)C(=O)C(=O)NC1=NN=C(CC)S1,0.003398788534104824
S(=O)(=O)(C1=CC=C2C(=C1)N(C)C(C(=O)N2C)=O)N1CC(C1)OCC1C=CC(=CC=1)Cl,0.006145736784674227
C1(C=NN2C=CC=NC=12)C1NC=C(C2=CC=C(C(OCC)=C2)OCC)N=1,0.0051055785617791115
C1(=CSC(C)=C1CC)C(=O)N1CC2=C(C=NC(C3C=CC=CC=3)=N2)C1,0.008710353542119265
S(=O)(=O)(N1CC(C1)OCC1=CC=C(C=C1)Cl)C1=CC=CC2=NSN=C12,0.005486773559823632
C1(=CC2=C(C=CC=C2)O1)C(=O)N(C)C(C)CC1C=C(C)C=CN=1,0.010731652192771435
S(=O)(=O)(CC1=CC=CC=C1)N1CC(C1)OCC1C=CC(=CC=1)Cl,0.007960512093268335
C1(=CC(C2C=NN(C)C=2)=NC2=C(C(C)=CC=C21)C)C(=O)N(C)CC1CCN(CC1)C,0.00930500840768218
C12=CNN=C1NC(=O)CC2C1=CC(OC)=CC=C1O,0.0030242935521528126
C1(=NC=CN1CC1=NOC(C(C)C)=N1)C1C(OC)=CC2=C(CCC2)C=1,0.010541204968467355
S(=O)(=O)(C1C=C(C)C=CC=1C)N1CC(C1)OCC1C=CC(=CC=1)Cl,0.007868094672448932
C1(N(C)C)=NC2(C(=O)N1)CCN(CC2)C1=NC=NC2SC(C)=C(C)C1=2,0.0027611915953457355
S1C(CCNC(=O)C2=CC=C(C=C2)CN2CCCCC2)=NN=C1N,0.0045649518724530935
S(=O)(=O)(C1=CC=C(C=C1)C1CCCCC1)N1CC(C1)OCC1=CC=C(C=C1)Cl,0.009264851408079266
C1(C(=O)N(CC(C)C)CC2SC=CC=2C)C=C2N(CCCN(C(C)=O)C2)N=1,0.010805805213749409
S(=O)(=O)(C1=CC=C(C(OC)=C1)OC)N1CC(C1)OCC1C=CC(=CC=1)Cl,0.0077971103601157665
S(=O)(=O)(C1C=CC(=C(C)C=1)C)N1CC(C1)OCC1C=CC(=CC=1)Cl,0.00792088417802006
N1=C(C2=CC=CC(=C2)C(F)(F)F)OC(C)=C1CN1CCC(CC1)CC(N)=O,0.0032239793450571596
CCOC1=CC(/C=C2/C(=O)C3=C(C=CC=C3)C/2=O)=CC=C1,0.020601902063935994
N1(C2C=CC=CC=2)C(=O)N(N=C1C1CCCN(C(=O)C2C=CC=C(O)C=2)C1)C,0.0035008574719540774
C(=O)(C1C=CC=CC=1OCCC)N1CCCN(C)C2(CCN(CC2)C)C1,0.014250533748418092
S(=O)(=O)(C1C=CC(=CC=1)C(C)C)N1CC(C1)OCC1=CC=C(C=C1)Cl,0.008065028116106987
N1(CC)C(C)=NN=C1SCCNC(=O)C1C=CC=C(C=1)NC(CCC)=O,0.005142334615811706
C1(C=NN(C)C=1)C1=C(C)C(C2C=NC(=NC=2)C(C)C)=C(C(N)=N1)C#N,0.005242034862749279
C1(SC2=C(CCNC2)C=1C(O)=O)S(=O)(=O)NC(C)C1=CC=CC(C)=N1,0.0032836999744176865
S(=O)(=O)(C1C=CC(=CC=1)CC(C)C)N1CC(C1)OCC1=CC=C(C=C1)Cl,0.008358125644735991
C1(=NC=NC2NC=CC1=2)N1CCN(CC1)CCC1C=CC=CC=1,0.004234546818770469
S(=O)(=O)(N1CCOCC1)C1C=C(C=C(C=1)N1C=CC(C2=CN=CC=N2)=N1)C(O)=O,0.0033401061780750753
S(=O)(=O)(C1C=CC(=CC=1)NC(CC(C)C)=O)N1CC(C1)OCC1C=CC(=CC=1)Cl,0.005409284133929759
N1([C@H](C)C(N)=O)C=NC(C2C=CC=CC=2)=C1C1=CC(CC=C)=C(C(OC)=C1)O,0.0037015337031334637
S(=O)(=O)(C1C=CC(=CC=1)CC)N1CC(C1)OCC1C=CC(=CC=1)Cl,0.007552102324552834
C1(=CC(=NN1C)CC(C)C)C(=O)N(C)CC1ON=C(C2=CC=CC=N2)N=1,0.009210839495062828
C12CN(CCC=1N(N=C2C(O)=O)CC1=CC=C(C=C1)OC)C(=O)[C@H]1CCCO1,0.006526856892742216
S(=O)(=O)(N(C)C)N1CCN(CC1)C1=CC(C)=NC(C2=CC=CN=C2)=N1,0.005723630031570792
S(=O)(=O)(C1C=CC(=CC=1)OCC)N1CC(C1)OCC1C=CC(=CC=1)Cl,0.0071445229230448605
C1(=CNN=C1C1=CC=CC=C1)C(=O)N1CCC(CC1)(O)C1C=CC=CC=1,0.005546826566569507
S(C)(=O)(=O)C1C=CC(=CC=1)C1=CC=CC2=C(C=CN=C12)N,0.004448842187412083
S(=O)(=O)(C1C=CC(=CC=1F)F)N1CC(C1)OCC1C=CC(=CC=1)Cl,0.005471029586624354
S(=O)(=O)(C1=CC=C(C=C1)C(C)=O)N1CC(C1)OCC1C=CC(=CC=1)Cl,0.010064525716006755
C1(C(C)=NON=1)C(=O)N1CCCC(C1)CCC1=CC=CC=C1C(F)(F)F,0.006613372312858701
C1(=CC=C(C2C=CC=NC=2OC)S1)S(CC)(=O)=O,0.005768011673353612
S(=O)(=O)(C1=CC(C)=CC(C)=C1)N1CC(C1)OCC1C=CC(=CC=1)Cl,0.007946396293118597
N1=CC(=CN1CCCNC(C)CCC1=CC=CC=C1)C,0.011783803813159466
S(=O)(=O)(C1=CC=CC(=C1)C#N)N1CC(C1)OCC1=CC=C(C=C1)Cl,0.005222824029624462
N1(C2C=CC=CC=2N=C1)C1=NC=CC=C1CNC(=O)C1NN=C(C2CC2)C=1,0.0032819316373206677
CC1CCNCC1,0.021474820002913474
S(=O)(=O)(C1=CC=C(C=C1)CCC)N1CC(C1)OCC1C=CC=CC=1C,0.009627500269562005
C1CNCC1,0.027170082461088894
FC1=CC=C(NC(CN2CCNCC2)=O)C=C1,0.003996679850388318
S(=O)(=O)(C1C=CC(=CC=1)F)N1CC(C1)OCC1C=CC=CC=1C,0.006304980837740004
S(=O)(=O)(C1C(C)=CC(=CC=1C)C)N1CC(C1)OCC1C=CC=CC=1C,0.010560305835679174
N1(C2CCCCCC2)C(=O)C(NC1=O)(C1CCNCC1)CC1C=CC(=CC=1)F,0.0036979810101911426
CC1=NC(S)=NC=C1.Cl,0.007697209075558931
C1(=CC=CC2OCOC1=2)CN(C(CC)CO)CC1C=CSC=1,0.006175362295471132
S(=O)(=O)(C1=CC=C(C=C1)Cl)N1CC(C1)OCC1C=CC=CC=1C,0.0073205855209380385
S(=O)(=O)(NCC(=O)N(C(CC)CO)CC1=CC=CS1)C1=CC=CS1,0.002598099602619186
S(=O)(=O)(C1=CC=CC=C1C)N1CC(C1)OCC1C=CC=CC=1C,0.008843970345333218
C1(CN(CCN1)CC1C=CC=C(OC)C=1OC)C(O)=O,0.005130547005683184
N1C=C(N)N=CC=1C1=CC=C(C(C)=C1)OC,0.006390812085010111
C1(C(OC)=O)=CC(=CN1C)C1=CC=CC(O)=C1,0.004968054476194084
S(=O)(=O)(C1C=CC(=CC=1)F)N1CC(C1)OCC1=CC=CC=C1Cl,0.005592682142741978
C12CN(CCC=1ON=C2C1=CC=CC=C1F)CC(=O)NC1=CN(N=C1C)C,0.005394791904836893
C1(C(O)=O)CN(CCN1CC1=CNC=N1)C1N=CC=CN=1,0.0016035897831898182
S(=O)(=O)(C1C(C)=CC(=CC=1C)C)N1CC(C1)OCC1=CC=CC=C1Cl,0.008746773982420564
C1(C(=O)N(C)CCC(O)C2=CC=CC=C2)C=C2N(CCCN(C)C2)N=1,0.006765890447422862
N1(CC2=CC(=CS2)C#CCO)[C@H](CO)C[C@@H](N(C)C)C1,0.004127594374585897
C1(N)(CCN(CC2=CC=C(C=C2)OCC(=O)N2CCCCC2)C1)C(O)=O,0.008817314915359021
C12CCN(CC=1N=CNC2=O)C(=O)CC1=COC2C(=C(C)C=C(C)C=21)C,0.006185317318886519
N12C=C(N=C1SC=C2C(=O)N(C)CC1=NN=CN1CC)C1C=CC=CC=1Cl,0.0051736532710492614
S(=O)(=O)(C1=CC=C(C=C1)Br)N1CC(C1)OCC1=CC=CC=C1Cl,0.008359207538887858
N1C(CC2C=CC=CC=2)=NNC=1[C@H](CCC(N)=O)NC(C)=O,0.0036137003102339805
S(=O)(=O)(N(CC)CC)N1CCN2C(=CC(=N2)C(=O)N2CCCC2)C1,0.011990681383758783
C1(N(CCOCC)C=NC=1C1=CC=CC=C1)C1=CC=C(C(O)=C1Cl)OC,0.003914719633758068
S(=O)(=O)(C1C=CC(=CC=1)NC(C)=O)N1CC(C1)OCC1=CC=CC=C1Cl,0.004738761519547552
C(=O)(N1CCC(CC1)(CC1=CC=CC=C1Cl)C(O)=O)C1C=CC=NC=1C,0.007525796513073146
C1(=C(C)N(N(C2=CC=CC=C2)C1=O)C)C1=CN(N=N1)[C@@H](C(C)C)C(N)=O,0.00617650575004518
[C@]12(CNC[C@@H]1CN(C1=NC=CC=N1)C2)C(=O)NC(C)(C)CN1CCOCC1,0.006561355711892247
N1(CC2C=CC=CC=2)C(CC)CN(CCC1=O)C(=O)C1C=CC(=C(OC)C=1)O,0.005935913906432689
C1(CCCN(C1)C1SC=CN=1)(CC1C=CC=CC=1)C(O)=O,0.006140991486608982
S(=O)(=O)(C1=CC=C(C=C1)C(C)(C)C)N1CC(C1)OCC1=CC=CC=C1Cl,0.009351244382560252
C12(CCN(CC1)C(COC)=O)CN(CCN2C)CC1=CC=C(C=C1OC)C,0.01077388497069478
S(=O)(=O)(C1=CC=C2C(=C1)N(C)C(C(=O)N2C)=O)N1CC(C1)OCC1=CC=CC=C1Cl,0.006167003884911537
N1(C[C@H]([C@H]2N3CCC(CC3)[C@H]21)C1C=CC=CC=1)C(=O)CN1C(=O)CNC1=O,0.001982537172443699
[C@H]12C(=O)N(C(=O)[C@H]1[C@H](N[C@@]2(CO)C(OC)=O)C1C=CC=C(C=1)C(OC)=O)C,0.0018353012739680708
S(=O)(=O)(C1=CC=CC=C1C)N1CC(C1)OCC1=CC=CC=C1Cl,0.007193165272474289
N1=C(C2=CN=CC=N2)C=CN1C1=CC=C(C(CO)=C1)OCCC,0.004266746575012803
S(=O)(=O)(N1CC(C1)OCC1=CC=CC=C1Cl)C1=CC=CC2=NSN=C12,0.005432861763983965
S(C)(NCCC(=O)N1CCCC(C1)CCC1=CC=CC=C1F)(=O)=O,0.00411466252990067
[C@@H]12CN(C[C@@H]1[C@](N[C@@H]2C1=CC=C(C=C1Cl)F)([H])CO)C1C=CC=CC=1,0.0026725005747878063
S(=O)(=O)(C1C=C(C)C=CC=1C)N1CC(C1)OCC1=CC=CC=C1Cl,0.007736548851244152
C(=O)(N(C)C1CCCCCC1)C1=C2C=CC=CC2=NC(=C1)C1C=NN(CC)C=1,0.012075726734474301
C1(=COC(COC2=CC=CC(F)=C2)=N1)C(=O)N1C[C@@H]([C@@H](N2CCCCC2)C1)O,0.002289445116184652
C(=O)(CCNC(C)=O)N(CCO)CC=CC1=CC=CC=C1,0.004319357825443149
S(=O)(=O)(N1CC(C1)OCC1=CC=CC=C1Cl)C1=C(Br)C=C2C(=C1)N(CC2)C(C)=O,0.006726141483522951
C12N=C(C)C=C(C)N1N=CC=2CN1CCC2(CC1)CN(C)CCN2C,0.012285247119143606
C1(C=C(NN=1)COC1C=CC=CC=1F)C(=O)N(C)CC1=NC=CN1CC,0.0035774763207882644
S(=O)(=O)(C1C=CC2=C(CCCC2)C=1)N1CC(C1)OCC1=CC=CC=C1Cl,0.009496848098933697
C1(C=CON=1)C(=O)N1CCC(CC1)N1CCCC(C(NCCOC)=O)C1,0.007193188741803169
S(=O)(=O)(C1C=CC(=CC=1)C(C)C)N1CC(C1)OCC1=CC=CC=C1Cl,0.00797923980280757
C(=O)(C1C=CC(=CC=1)CN1CCC(CC1)O)NC1=CC=C2C(CC(O2)C)=C1,0.00377804710296914
S(=O)(=O)(C1C(OC)=CC=C(Cl)C=1)N1CC(C1)OCC1=CC=CC=C1Cl,0.006964668142609298
N1(CCOC2=C(C=C(C3C=CC=CC=3C)C=C2C1)O)C(=O)C1C=CC(=CC=1)F,0.005250660260207951
C(=O)(C1CCCNC1)NC1=CC=C(C=C1NC(C(C)C)=O)OC,0.007140383287332952
CC1=C(Cl)C=C(NC(CNC(C(NC2=CC=CC=C2)=O)=O)=O)C=C1,0.005546612199395895
C1(C(=O)N2CCCC(C2)C2NN=CC=2CC)=NN2C(N=CC(C)=C2)=C1Cl,0.00425406782887876
S(=O)(=O)(C1C=CC(=CC=1)CC(C)C)N1CC(C1)OCC1=CC=CC=C1Cl,0.008228369639255106
C(=O)(N1CCN(CC1)C)C1CCCN(C2CCN(CC2)C2=NC=CC=N2)C1,0.009656098927371204
C1(=COC(CN2CCN(CC2)CC2C=CC=CC=2)=N1)C(=O)N1CCCC(CC)(O)C1,0.005361161474138498
S(=O)(=O)(C1C=CC(=CC=1)NC(CC)=O)N1CC(C1)OCC1=CC=CC=C1Cl,0.00477113826200366
C12SC(=NC=1CNC(=O)CC2C1=CC2OCOC=2C=C1OC)N,0.004885790590196848
S(=O)(=O)(C1C=CC(=CC=1)CC)N1CC(C1)OCC1=CC=CC=C1Cl,0.007386442017741501
S(C1C=CC=CC=1)(=O)(=O)N1CCC(CC1)NC1C=C(OC)N=CN=1,0.0037733179633505642
N1(CCOC(C1)C1=CC=C(C(Cl)=C1)Cl)C(COCCOC)=O,0.008646443393081427
N1(CCCC(CCC2C=CC(=CC=2)F)C1)C(=O)C1C=CC=C(C=1)C#N,0.006707810633815825
C1(=NC=CC=C1CNC(CCC(C)C)=O)OC1C=CC(=C(F)C=1)F,0.007403974328190089
C(=O)(C1C=CC=CC=1C1NC=CN=1)N(C)C1CC2C(=CC=CC=2)C1,0.004686777968890965
COC1=CC=C(S(N2CC(C(NC3=C(F)C=CC=C3)=O)CCC2)(=O)=O)C=C1,0.005193579895421863
C1(=NC=CN1CC1=NOC(CC)=N1)C1=CN=C(N=C1)NC(C)C,0.005078539182431996
N1C2=CC(Cl)=CC=C2NC=1CNC(=O)C1CCCN(CCO)C1,0.0010171769245062023
CSC1=C(NC(C2CN(S(C3=CC=C(F)C=C3)(=O)=O)CCC2)=O)C=CC=C1,0.004114845709409565
N1(CCC2=C(C=NN2)C1)C(=O)C(N(C)C)C1=CC=CC(F)=C1,0.004059349652379751
COCC1N(CC2=C(Cl)C=CC=C2Cl)C2=C(C=CC=C2)N=1,0.006294387171510607
N1N(C)C2=C(C=C(C=N2)C2ON=C(CC3CCN(CC3)CCC)N=2)N=1,0.008545204298570752
S(=O)(=O)(C1C(C)=CC(=C(C)C=1)C)N1CC(C1)OCC1=CC=CC=C1Cl,0.008560444205068051
C1(=CSC(C)=N1)C(=O)N(CC)CCC1CCCCC=1,0.014518041722476482
S(=O)(=O)(C1C=CC(=CC=1F)F)N1CC(C1)OCC1=CC=CC=C1Cl,0.005542956269346177
C1(=NC=CC=N1)N1CCC(CC1)N1CCCC(C1)C(=O)NC1CC1,0.00793673568405211
S(=O)(=O)(C1=CC=CC(Cl)=C1C)N1CC(C1)OCC1=CC=CC=C1Cl,0.007393329031765461
S(=O)(=O)(NCC(=O)NC(C(OC)=O)CC(OC)=O)C1=CC=C(C=C1C)C,0.006281208666041494
C1(=O)C(CCCN1CC1=CC=C(C(F)=C1)F)(O)CNC1(CC(C)C)CC1,0.008756883721798659
S(=O)(=O)(C1=CC=C(C(Cl)=C1)Cl)N1CC(C1)OCC1=CC=CC=C1Cl,0.007762390119023621
C12CN(CCN1N=C(C)C=2)C(CC)C(=O)NC1CCCCC1,0.013205558527261019
C1(C2CCN(CC2)CC2(CCNCC2)C2=CC=C(C=N2)C)=NN=CN1C,0.010518754366785288
S(=O)(=O)(C1=CC=C(C=C1)C(C)=O)N1CC(C1)OCC1=CC=CC=C1Cl,0.010029746172949671
C1(SC=C(C(N)=O)N=1)N1CCCC(C1)C(=O)C1C=CC(=C(OC)C=1)OC,0.0074653092073276636
S(=O)(=O)(C1=CC(C)=CC(C)=C1)N1CC(C1)OCC1=CC=CC=C1Cl,0.007850361661985517
N1(CCCC(C1)C(=O)CC(C)C)C(=O)C1=CC=C(N=C1)C1C=CC(=CC=1)F,0.008670277683995664
C1(SN=NC=1CC)C(=O)N1CCN(C(=O)C1)CCCC,0.007600583089515567
S(=O)(=O)(C1=CC=CC(=C1)C#N)N1CC(C1)OCC1=CC=CC=C1Cl,0.005207387707196176
C1(N=CN=C(N2CCOCC2)C=1)N1CCOC(C1)C1=CC=C(C(Cl)=C1)Cl,0.008498056745156645
C1(=CC(Cl)=CC=C1OC)CN(CC)C(=O)CCN1CCCCCC1=O,0.01021025595255196
C1(CN2CCC(CC2)(O)C2=CC=C(C=N2)C)=NN=NN1CC1C=CC=CC=1,0.0073221264174208045
S(=O)(=O)(C1=CC=C(C=C1)CCC)N1CC(C1)OCC1=CC=CC=C1F,0.006670249672606587
C1(C=NN(C)C=1)C(=O)N1CCCC(C1)C1NN=CC=1C1=CC=C(C=C1)C,0.00554333021864295
N1=C(CN(C)C(=O)[C@@H](N)CC2=CSC=N2)ON=C1C1=CC=CC(C)=C1,0.007652401784434914
N1(C)C(SC)=NN=C1CC1CCN(CC1)C(=O)CC1=CC=NC=C1,0.008056986355222761
C1(C(=O)N2CCOCC2)N=C2N(C=CC=C2C)C=1CN1CC[C@@H]([C@@H](O)C1)O,0.0016498889996000798
S(C)(=O)(=O)N1CC(C1)OCC1=CC=CC=C1F,0.0051077344920486215
N1(CCCC(C1)CCC1=CC=CC=C1C)C(=O)C1=CC=C(C(C)=C1)O,0.007088603731244802
C1(=CC=CN=C1NC)CN(CC1=CC=CO1)CC1C=CSC=1,0.007337315031327308
C12=C(CCN(C(=O)[C@@H](NC)CC(C)C)C1)NN=C2C1=CC=C(C=C1)Cl,0.005416465445887297
S(=O)(=O)(C1C=CC(=CC=1)C)N1CC(C1)OCC1=CC=CC=C1F,0.0060265422333031895
N1(CCCN(CC2C=CC(=CC=2)F)C(C(C)C)C1)C(=O)C1CC1,0.011618271376937628
C1(=CC=C(N(C)C1=O)C(C)C)C(=O)N1CC2=C(C=NC(C(C)(C)C)=N2)C1,0.011338757071644067
S(=O)(=O)(C1=CC=C(C=C1)Br)N1CC(C1)OCC1=CC=CC=C1F,0.007914596726186574
S(=O)(=O)(NCC1C=CC=CC=1)N1CCCC1CCC1C=CC=CC=1,0.012140856124460697
N1C(=O)C(C2=C(C=CC(C)=C12)C)CC(=O)NCC1C=CC2=C(OCO2)C=1,0.009018482244573533
S(=O)(=O)(C1C=CC(=CC=1)NC(C)=O)N1CC(C1)OCC1=CC=CC=C1F,0.004828864266164601
N1(C=CN=C1C(C)C)C1C=CC(=CC=1)C1=CC=NN1,0.004038943350315094
C12C=C(C)C=CN1C=C(CNC(=O)C1C=CC=C(C=1)N1C=CC=N1)N=2,0.004815777286421507
CC(N1C2=C(C=CC=C2)N=C1CNC(C1=CC=CC=C1)=O)C,0.005492414243053645
NC(C1=CC(N)=C(N2CCCC2)C=C1)=O,0.006121808290481567
S(=O)(=O)(C1C=CC2C(=CC=CC=2)C=1)N1CC(C1)OCC1=CC=CC=C1F,0.00603952428791672
NC(C1=CC(N)=C(N2CCCC2)C=C1)=O.Cl,0.0057575668208301066
C1(C=C(NN=1)C1=CC=C(C=C1)OC)C(=O)N(C(C)C)CC1=NC=CN1C,0.004838242952246219
C12C3CCNCC=3SC=1N=CN(C(CCCC)C1=CC=CN=C1)C2=O,0.007836882350966334
C(=O)(N(C)CCCN1C=CC=N1)C1=CC=CS1,0.007814488443545996
S(=O)(=O)(C1=CC=C(C=C1)C(C)(C)C)N1CC(C1)OCC1=CC=CC=C1F,0.008263813005760312
C1(=NC=CC=C1CNC1=CC=C(N=N1)C)OC1C=CC=CC=1C,0.005625653732568026
S(=O)(=O)(C1=CC=C2C(=C1)N(C)C(C(=O)N2C)=O)N1CC(C1)OCC1=CC=CC=C1F,0.006001029163599014
N1(CCC(=O)N[C@@H](CO)CC2C=CC=CC=2)C2C=CC=CC=2C=C1C,0.004717090295162052
S(=O)(=O)(C1=CC=CC=C1C)N1CC(C1)OCC1=CC=CC=C1F,0.00601846135687083
C12=CC(C3C=CC=C(Cl)C=3)=CC(O)=C1OCCN(C(CCCC(N)=O)=O)C2,0.004921894241124392
S(=O)(=O)(C1C=C(C)C=CC=1C)N1CC(C1)OCC1=CC=CC=C1F,0.006406582449562848
N1N=C(OC=1C1C=CC=CC=1)CN1C=NN=C1,0.0072016975376755
COCCCNS(C1=CC(C(N)=O)=C(C)C=C1)(=O)=O,0.003831832145806402
N12C[C@@H](C[C@H]1C(NCC2=O)=O)NC(=O)CN1CCCCCCC1,0.008442714135162533
S(=O)(=O)(N1CC(C1)OCC1=CC=CC=C1F)C1=C(Br)C=C2C(=C1)N(CC2)C(C)=O,0.0068858455866575245
CC1=C(C(N)=O)C=C(S(NCC2=NC=CC=C2)(=O)=O)C=C1,0.003753964067436755
C1(CN(CC)CC2=CC(Cl)=CC=C2OC)=NC=CN1C,0.00852105338126421
C12CN(CCOC1=C(C=C(C=2)C1=CC=C(C)S1)O)CC(C)O,0.0026327238010708243
CC1=C(C(N)=O)C=C(S(N2CCC(C(N)=O)CC2)(=O)=O)C=C1,0.004970404808409512
C1(C#N)C(N)=NC(=C(CC)C=1C1C=NC(=NC=1)OC)C(C)C,0.004018558212555945
C1(=NN=C(SCC(O)=O)N1C1C=CC=CC=1)C1C=CN(CC)N=1,0.0067912556929513816
C12CN(CC=1C=NN2CC1=CC=C(C=C1)F)C1=CN=CC(C(=O)N(C)C)=N1,0.006679618940688669
O=C(NC1=C(C#N)C(C2=CC=CC=C2)=C(C2=CC=CC=C2)O1)CSC1=NC2=C(C3=C(N2)C=CC=C3)N=N1,0.003003249136963859
C1(=NC=CC=C1C(N)=O)N1CCN(CC1)CC1C=CC(=C2N=CC=CC2=1)C,0.005785309383645654
C1(C(=O)NCC2=CC=CN=C2N(C)CC2C=CC=CC=2)NC(=O)NC(=O)C=1,0.0031535249552689494
S(=O)(=O)(C1C=CC(=CC=1C)C)N1CC(C1)OCC1=CC=CC=C1F,0.006487764837220311
C1(NN=CC=1C1=CC=C(C=C1)F)C1CCCN(C2N=CN=C(N)C=2)C1,0.0026233330136165023
Cl.CCN(CC=CC1=C(F)C(F)=C(OC)C(F)=C1F)CC,0.013606908591464162
N1(CC)C(=O)NN=C1C1CCN(CC1)C1N=C2CCCC2=C(NC)N=1,0.004104213288519532
S(=O)(=O)(C1C=CC(=C(C)C=1)C)N1CC(C1)OCC1=CC=CC=C1F,0.006450398452579975
C1(=CC=C(NC1=O)C)C(=O)N(C(CC)CO)CC1=CC=C(C)S1,0.0027810268220491707
C1(C2CCCCC=2N=C(N)C=1C#N)C1=CC=C(C(OC)=C1OC)OC,0.006104416260495782
N1C(=CC=C(N=1)C1C=C(CCC2CCCCN2)C=C(O)C=1)N1CCCC1,0.0056615158217027785
S(=O)(=O)(C1C=CC(=CC=1)CC(C)C)N1CC(C1)OCC1=CC=CC=C1F,0.007030458771623671
C1(C2CC2)=CC(=NN1)CN(C)CCC(=O)NC1=CC=CC=C1Cl,0.004822270572185516
S(=O)(=O)(C1C=CC(=CC=1)CC)N1CC(C1)OCC1=CC=CC=C1F,0.005991489998996258
N=C(C1=NC=CC=C1)NNC(CC1=CC=CC=C1)=O,0.0022389850055333227
C1(C=CNN=1)C(=O)N1CCC(CC1)N1CCCC(C1)C(=O)NC1CC1,0.005706527619622648
CC1=CC=C(OCC(NNC(C2=NC=CC=C2)=N)=O)C=C1,0.002446244197199121
C1(C#N)=C(C2=CC=NC=C2)C(C)=C(N=C1N)C(C)C,0.0049751877784729006
S(=O)(=O)(C1=CC=CC(Cl)=C1)N1CC(C1)OCC1=CC=CC=C1F,0.005736474646255374
C(=O)(N(C)C1CCN(CC2C=CC=CC=2)C1)C1C=C(C)N=C(C)N=1,0.008673455379903317
C1(CC(=O)NC2=CC=CC(=C2)C(=O)NC2=CC=CC(OC)=C2)C(C)=NC(=NC=1C)N,0.0047193184494972226
N1(CC(NC1)=O)C(=O)C1(CCC1)COC,0.013310854462906719
S(=O)(=O)(C1C=CC(=CC=1)OCC)N1CC(C1)OCC1=CC=CC=C1F,0.006397857028059661
[C@@]1(C)(CC[C@H](C(NCC)=O)C1(C)C)C(=O)NCC1C=COC=1,0.01282662283629179
S(=O)(=O)(NCC(=O)N(C)CC1ON=C(C2=CC=CC(C)=C2)N=1)C1=CC=CS1,0.004069531650748104
S(=O)(=O)(C1C=CC(=CC=1F)F)N1CC(C1)OCC1=CC=CC=C1F,0.00610494059510529
S(=O)(=O)(C1=CC=C(C=C1)C(C)=O)N1CC(C1)OCC1=CC=CC=C1F,0.009639303712174297
C1(=COC(COC2C=CC(=CC=2OC)C)=N1)C(=O)N1CC(C1)N1CCCCC1,0.007597450655885041
S(=O)(=O)(C1=CC=CC(=C1)C#N)N1CC(C1)OCC1=CC=CC=C1F,0.004731131077278405
C1(C(NC)=O)ON=C(CN2CCOC(C2)C2=CC=C(C(Cl)=C2)Cl)N=1,0.00683814228978008
S(=O)(=O)(C1=CC=C(C=C1)CCC)N1CC(C1)OCC1C=CC=C(F)C=1,0.00690592210739851
CC1N(C2=NC=C(C(F)(F)F)C=C2)C=CN=1,0.002659514162223786
COC(CN1C2=C(N(C(N(C2=O)C)=O)C)N=C1Cl)=O,0.006467472831718624
C1(=C(C)C=NN1CC1C=CC=C(F)C=1)NC(=O)C1=CC2=C(C=CC=C2)N1C,0.005891321017406881
N1(CCC(N(CC)C(C)=O)C1)C(=O)C1(CCCC1)NC1C=CC(=CC=1)C,0.010932299168780446
C1(=NC=CN1CC1C=COC=1)C1C(F)=CC=C(Cl)C=1F,0.006370163010433316
S(=O)(=O)(C1C=CC(=CC=1)F)N1CC(C1)OCC1C=CC=C(F)C=1,0.005995691032148897
C1(N2CCC(CC2)C2NN=CC=2C2C=CC=C(C)C=2)N=C(OC)N=C(OC)N=1,0.004878603492397815
S(=O)(=O)(C1C(C)=CC(=CC=1C)C)N1CC(C1)OCC1C=CC=C(F)C=1,0.007500414317473769
C(=O)(CN1CCN(CC1)CC)N(CC1C=CC=C(OCC)C=1)C1CC1,0.012797117698937654
C1(CNC(=O)C2C=CC=C(C=2)NCC(O)=O)=C(C)C=C(N=C1OC)C,0.004310892906505615
N1=C(NCC2ON=C(CCOC)N=2)C2CCNCC=2N=C1C1=CC=CN=C1,0.006057062977924943
CCC1N(CC(N(C2=C(CC)C=CC=C2C)CCOC)=O)C2=C(C=CC=C2)N=1,0.00713464473374188
S(=O)(=O)(C1=CC=C(C=C1)OC)N1CC(C1)OCC1C=CC=C(F)C=1,0.006518837995827198
C1(CN2CC[C@@]([C@@H](CC3=CC=CC=C3)C2)(C)O)C(C)=NN(C(C)C)C=1C,0.013851579558104277
C1(=CSC(CC2C=CC=CC=2)=N1)C(=O)N1CCN2C(C(=O)NCC2)C1,0.004652797267772258
S(C1C=CC=CC=1)(=O)(=O)N1CC(C1)OCC1C=CC=C(F)C=1,0.005915397428907454
C1(CN2CCCC2)C(F)=CC(=CC=1Cl)OC1C=CC=C(N=1)C#N,0.004685129527933896
S(=O)(=O)(C1=CC=C(C=C1)Br)N1CC(C1)OCC1C=CC=C(F)C=1,0.007716850657016039
ClC1=C(C2N(CCC3CCCCC3)C3=C(C=CC=C3)N=2)C=CC=C1,0.012248514965176583
N1C2C=C(C=CC=2SC=1N)C(=O)N1CCCC(C1)CCC1=CC=CC=C1C,0.006657119886949658
C1(=NC=CC(CCC(F)(F)F)=N1)N1CCC(CC1)CCN1C=CN=C1C,0.004227849544258788
S(=O)(=O)(C1C=CC(=CC=1)NC(C)=O)N1CC(C1)OCC1C=CC=C(F)C=1,0.004872168845031411
C1(NC(C)CC2=CC=CC(C)=N2)C2CCNCC=2N=C(C2C=CN=CC=2)N=1,0.008117908402346075
N1(C2=CC=CC=C2)C(=O)NN=C1C1CCN(CC1)C(=O)C1C=CN=C(NC)C=1,0.002699873165693134
C1(NC(=O)CN2CCCCCC2=O)=CC(=NN1C(CC)CC)C,0.007470246730372309
C1(=CN=C2CCCCN12)NC(=O)CCN1C2=CC=CC=C2N=N1,0.004070052865426987
S(=O)(=O)(C1=CC=C(C=C1)Cl)N1CC(C1)OCC1C=CC=C(F)C=1,0.005673707439564168
S(CC)(=O)(=O)N1CC(C1)OCC1C=CC=C(F)C=1,0.006191299203783274
C(NCCC1CCCN(C)C1)(=O)C1C=CC(=CC=1)C=C,0.010066736303269864
N(C1CC1)(CC1C=CC=CC=1OCC)C(=O)CCN1C(C)=CC=N1,0.0111506303306669
S(=O)(=O)(C1=CC=C(C=C1)C(C)(C)C)N1CC(C1)OCC1C=CC=C(F)C=1,0.00801651244983077
C1(C(=O)N[C@H](CO)C2C=CC=CC=2)C=C(NN=1)CN1C=CN=C1C(C)C,0.0018423080793581903
N1(CC[C@H]([C@H](O)C1)C1=CC=C(C=C1)F)CC1=CC=C(N=C1)OCC,0.0019843338115606455
S(=O)(=O)(C1C=CC=CC=1C(F)(F)F)N1CC(C1)OCC1C=CC=C(F)C=1,0.004858310450799763
C12C=C(CNC(=O)C3C=CON=3)C(=NC=1CN(CCC1=CC=CC=N1)C2=O)OC,0.007674822490662337
C1(=O)C(CCCN1CC1=CC=C(C(F)=C1)F)(CNCCN1C=NN=C1)O,0.004393875692039728
N(CCOC)(CC1=CC=C(C=C1)C)CC1=CC=CC(O)=C1,0.007684196485206485
C1(C2C=CC=CC=2C(O)=O)=C(C2=CC=CC=C2)N=CN1C[C@H]1CCCN1,0.004383090091869235
S(=O)(=O)(N1CC(C1)OCC1C=CC=C(F)C=1)C1=CN(C=N1)C,0.004949091630987823
C1(N=C(C)C2C(=CC3=C(CCC3)C=2)N=1)N1CC[C@H]([C@H](O)C1)CN(C)C,0.0038796283886767926
CC1C(C2=CC=CC=C2)=NOC(C(C2=CC=C(Br)C=C2)=O)(C)N1O,0.003183222922962159
N1C(CN2CCC(CNC(=O)C3=CC=CN=C3O)C2)=COC=1C(C)C,0.005943592614494264
N1(CCCC(C(=O)NCC2=CC=CC=N2)C1)C1CCN(CC1)CCCF,0.007459311559796333
N1(CC[C@H]([C@H](O)C1)C1=CC=C2C(C=CC=C2)=C1)C(C)=O,0.002550904592499137
N1C(=CN=CC=1C(N)=O)N1CCC(CC1)(O)C1=CC=C(C=N1)C,0.005970222363248468
S(=O)(=O)(N1CC(C1)OCC1C=CC=C(F)C=1)C1=CC=CC2=NSN=C12,0.005540534621104598
C1(C(NCCN2C(C)=C(C(C)=N2)Cl)=O)C(C2C=CC=NC=2)NC(NC=1C)=O,0.004744787514209747
S(=O)(=O)(C1C=C(C)C=CC=1C)N1CC(C1)OCC1C=CC=C(F)C=1,0.006621714239008725
C(=O)(C1C=CC=CC=1C#N)N1CCC(CC1)N1CCCC(C(NCCOC)=O)C1,0.005984304659068585
N1C(=NC=CC=1N1CCC(CC1)O)C1C=CC2=C(C=CN2)C=1,0.0021626329573336987
C(=O)(N[C@@H]1CN2[C@H](CN(CC2)C)C1)[C@@H]1C2CCC(C2)[C@@H]1C(NCC=C)=O,0.009158065263181924
C12CCN(CC=1N=C(C)NC2=O)C(=O)CCN1C2=CC(C)=CC=C2OC1=O,0.003705880045890808
C1(=CN(N=C1C)CC)C(=O)N1CCCC(CCC2=CC=C(C=C2)F)C1,0.008572729909792543
S(=O)(=O)(C1=CC=C(C(OC)=C1)OC)N1CC(C1)OCC1C=CC=C(F)C=1,0.0075808099005371336
C1(C=CC(NC=1)=O)C(=O)NCC1=CC=CN=C1OC1C(C)=CC=CC=1C,0.004069883236661553
C(=O)(C1=CC=C(N=C1)N(C)CCNC)N1CCC(CC1)OC1C=CC=NC=1,0.006232409807853401
N1(CCC2(CCNCC2)C1)C1CCN(CC1)C(OCC)=O,0.010568167548626661
C1(=O)NC2=C(C=C(C=C2)CNC(=O)C(N(C)C)C2=CC=CC(F)=C2)N1,0.002210182213457301
S(=O)(=O)(C1=CC=C(C(Cl)=C1)F)N1CC(C1)OCC1C=CC=C(F)C=1,0.006445658346638084
S(=O)(=O)(C1=CC=C(Br)S1)N1CC(C1)OCC1C=CC=C(F)C=1,0.007080861134454608
C12N=CC(=CN1N=CC=2C(=O)NC1=CC=C(N=C1OC)OC)CN(CC)CC,0.006431146338582039
C1(C=C(NN=1)COC1=CC=CC(F)=C1)C(=O)N1C(C)CNC(=O)CC1,0.003410656738560647
S(=O)(=O)(C1C=CC2=C(CCCC2)C=1)N1CC(C1)OCC1C=CC=C(F)C=1,0.008244689460843802
N1=C(NCCOCCC)C2CCN(CC=2N=C1C1=CC=NC=C1)C(C)=O,0.005902214837260544
S(=O)(=O)(C1C=CC(=CC=1C)C)N1CC(C1)OCC1C=CC=C(F)C=1,0.0067030140198767185
C1(C=C(ON=1)CN1CCOCC1)C(=O)N(C)C(C)C(C)C,0.011872890451923013
S(=O)(=O)(C1C=CC(=CC=1)C(C)C)N1CC(C1)OCC1C=CC=C(F)C=1,0.007057415344752372
C1(=CN=C(NC1=O)C(C)C)C(=O)N1CCC(CC1)N1CCCC1=O,0.004327724687755108
S(=O)(=O)(C1C=CC(=CC=1)CC(C)C)N1CC(C1)OCC1C=CC=C(F)C=1,0.007218065182678401
N1(C2C=CC=CC=2)C(CC2CCN(CC2)C(=O)C2=CC=CN2)=NN(C)C1=O,0.003858470031991601
C(F)(F)(F)C1C=CC=C(C=1)OC1=NC=CC=C1CNC(=O)C1=CC=C(C=C1)CN,0.004820554377511143
S(=O)(=O)(C1C=CC(=CC=1)NC(CC)=O)N1CC(C1)OCC1C=CC=C(F)C=1,0.00484818615950644
C1(CC(=O)NC2=CC(O)=C(C)C=C12)C1=CC(OC)=CC=C1N1C=CC=N1,0.003551865986082703
[C@@]12(CC[C@@]([C@@H](O)C1)(C)C2(C)C)C(=O)N1CCC2=C(C(=O)NC(C)=N2)CC1,0.0035704751615412535
S(=O)(=O)(C1C=CC(=CC=1)CC)N1CC(C1)OCC1C=CC=C(F)C=1,0.006204589526169002
S(=O)(=O)(C1=CC=CC(Cl)=C1)N1CC(C1)OCC1C=CC=C(F)C=1,0.005926961172372102
C1(=CC=C(NC1=O)C)C(=O)N(C)CCOC1C=CC(=CC=1)CC,0.006023736041970551
C#CCN1C2=C(C=CC=C2)N=C1CSC1=CC=CC=C1,0.005059966968838125
C1(C=CC=CC=1F)C(NCCC(=O)NC(CF)CC1C=CC=CC=1)=O,0.004799360630568117
S(=O)(=O)(C1=CC=CC(F)=C1)N1CC(C1)OCC1C=CC=C(F)C=1,0.006576777785085142
C1(CN2C[C@H](C[C@H]2C(=O)N(CC)CC)N)C(C)=NN(CC)C=1C,0.011949225934222341
N1(CC[C@@H](C[C@@H]1C(O)=O)O)C(=O)C1C=CC=CC=1OCC=C,0.002527698338963091
C12CN(CCOC1=C(C=C(C1C=CC=CC=1C)C=2)O)CC1=CC=C(C=C1)C#N,0.005708808521740138
S(=O)(=O)(N1CC(C1)OCC1C=CC=C(F)C=1)C1C=NN(C(F)F)C=1C,0.004225850338116288
C1(C=C(NN=1)COC1C=CC=CC=1)C(=O)N[C@H](C(C)C)C(N)=O,0.004860325180925429
COC1=C(C=C2C(=O)OC(C3=CC=C(NC(C)=O)C=C3)=N2)C=CC=C1,0.005162797053344548
N12C=C(N=C1SC=C2C(=O)N[C@@H](CO)C(C)C)C1=CC=C(C=C1)C(F)(F)F,0.0018696559767704458
FC1=CC=C(S(N2CC(C(NC3=C(F)C=CC=C3)=O)CCC2)(=O)=O)C=C1,0.004630625632125884
C12CCN(CCC=1N=C(N(C)C2=O)C)C(=O)CCOC1=CC=CC=C1C,0.010213173646479844
C1(=NC=CN1C1C=CC(=C(OC)C=1)C)C1=CC(=CS1)C#CCO,0.003488815762102604
N1C(=CSC=1SCC)CC(=O)NC(CCSC)C(O)=O,0.00467231310904026
S(=O)(=O)(C1=C(C)C=CC(F)=C1)N1CC(C1)OCC1C=CC=C(F)C=1,0.007171321148052812
N1C(C)(C)CC(CC1(C)C)N(C)CC1C=CC=CC=1C(O)=O,0.007679337426088751
N12CCCCCC1=NN=C2CNC(CCC(=O)NC1CCCCCC1)=O,0.011728691263124346
C12N=C(C)C=C(C(=O)NCC3=CC=CN=C3N3C=CN=C3)C=1C=NN2C(C)C,0.005588561506010592
S(=O)(=O)(C1=C(F)C=CC(F)=C1)N1CC(C1)OCC1C=CC=C(F)C=1,0.006177448504604399
C1(=C(C)N(N(C2=CC=CC=C2)C1=O)C)C1=CN(N=N1)CC1=CSC(C(C)C)=N1,0.008988041197881103
N1(CCN2C=NC(C3=CC=CC=C3)=C2C2=CN=C(N=C2)OC)C(C)=C(C(C)=N1)C,0.0092941306065768
C1(C=CC=CC=1F)C(NCCC(=O)N(C)CCN1CCCCCC1)=O,0.00910036861896515
S(=O)(=O)(C1C(C)=CC(=C(C)C=1)C)N1CC(C1)OCC1C=CC=C(F)C=1,0.0074083572952076794
C1(C(C)(C)NC(=O)C2SC=CC=2C)=CN(N=N1)[C@@H]1CN[C@H](C(O)=O)C1,0.004963100049644708
S(=O)(=O)(C1=CC=CC(C)=C1)N1CC(C1)OCC1C=CC=C(F)C=1,0.006017038389109075
N1(CC2=C(C=NC(CC(C)C)=N2)C1)C1=NC=NC2ON=C(C)C1=2,0.010151884565129877
C1(=NC=CC(CCC(F)(F)F)=N1)N1CCC(CC1)(O)C(O)=O,0.003974655221099965
C1(=CNN=C1C1CCCCC1)CN1CCN(CC1)C1=NC=C(C=N1)CC,0.006932862405665219
S(=O)(=O)(C1=CC=CC(Cl)=C1C)N1CC(C1)OCC1C=CC=C(F)C=1,0.006348276068456471
N1(CC[C@H]([C@H](O)C1)C1=CC=C2C(OCO2)=C1)C(=O)CCN1CCCCCC1=O,0.003955491958186031
N1(C2=CC=C3C(OCCO3)=C2)N=C(N=C1CC1CCS(=O)(=O)C1)C,0.008239069208502769
S(=O)(=O)(C1=CC=C(C(Cl)=C1)Cl)N1CC(C1)OCC1C=CC=C(F)C=1,0.006697990535758436
C(=O)(N(C(C)C)CC1C=CC(=C2C=CC=CC=12)OC)C1=CC=CN=C1NC,0.006584433582611382
S(=O)(=O)(C1=CC=C(C=C1)C(C)=O)N1CC(C1)OCC1C=CC=C(F)C=1,0.009783876733854413
N1(C[C@H](C[C@H]1C(NCC)=O)N)C(=O)CC1=CC=CC=N1,0.006560991518199444
C1(SC=CC=1C)CN(C(C)CC)C(CCC1=CC=NC=C1)=O,0.01045110602863133
S(=O)(=O)(C1=CC(C)=CC=C1NC(C)=O)N1CC(C1)OCC1=CC=C(C(F)=C1)OC,0.006911631533876061
N1C=CNC=1CN(C)CCC(C)N1CCCC1,0.005775965517386794
C1(C#N)C(N)=NC(=CC=1C1=CC=C(C=C1OC)OC)C(C)(C)C,0.005627076362725347
C1(C(OCC)=O)=C(C)ON=C1C1=CC=C(Br)S1,0.008088452578522264
C1(OC(=C(CN(C)CC(CO)O)N=1)C)C1=CC=C(C(C)=C1OC)OC,0.004425149131566286
C1(=C(C)C=NN1CC1C=CC=C(Cl)C=1)NC(=O)C1C=NC=CN=1,0.004287979612126946
C1(=NOC(C)=C1C(O)=O)C1=CN(N=C1C)C,0.006718707992695272
C(=O)(N1CCC(CC1)C1=CC(=NN1)CC1C=CC=CC=1)C1CCCNC1=O,0.005765796871855855
N1(C2C=CC=CC=2N=C1)C1=NC=CC=C1CNC(=O)C1CCCCN2N=NN=C12,0.004472275206353515
C1(C(=O)NC2=CC=C(C=C2)C)SC(=NN=1)CCC(=O)NC1=CC=C(C=C1)OC,0.005624555889517069
S(=O)(=O)(N(CC)CC)N1CCC2=C(C(C3=CC=C(C(F)=C3)F)=NO2)C1,0.00848631844855845
C1(SCC2=CC=C(C(=O)NCC3=CN=CN3CCOC)O2)=NN=CN1,0.003301770752295852
C1(=O)N=C(C)C=C(C)N1CCC(=O)N1CC2=C(C=NC(CC(C)C)=N2)C1,0.009223985951393843
C1(C(=O)NC2=CC=C(C=C2)C)SC(=NN=1)CCC(=O)NC1C=CC=C(Cl)C=1,0.00482826279476285
CC1OC(=O)C(=CC2=C(N(=O)=O)C=CC=C2)N=1,0.0059382371371611955
C1(C(OCC)=O)=CN(CC2=CSC(N)=N2)C=C(OC2=CC=CC=C2)C1=O,0.004754689440596848
C1(C(=O)NC2C=CC(=CC=2)C)SC(=NN=1)CCC(=O)NC1C=CC(=CC=1)Cl,0.004952212190255522
C1(C2C=CC=CC=2N(CC(N)=O)C=1C)C1=NC2=C(C(C)=CC=C2)N1,0.0035356307053007185
S1C(C2CCCN2)=CC=C1C(=O)NCC1=CC=CN=C1N1CCOCC1,0.005085824686102569
C1(C(=O)NC2C=CC(=CC=2)C)SC(=NN=1)CCC(=O)NC1C(OC)=CC(=C(Cl)C=1)OC,0.005144411092624068
N1(CCCC1=O)C1CCCN(CC2COC3=C(C=C(C=C3)Cl)C=2)C1,0.00940931672230363
C1(C(=O)NC2C=CC(=CC=2)C)SC(=NN=1)CCC(=O)NC1C=CC(=CC=1OC)OC,0.005675719608552754
N1=C(CNC(=O)[C@@H]2CCCCN2)ON=C1CC1=CC=CS1,0.005214798217639327
C1(C(=O)NC2=CC=C(C=C2)C)SC(=NN=1)CCC(=O)NC1C=C(OC)C=C(OC)C=1,0.005510541051626206
N1(CCNC(=O)C2=CC(C)=NC3=CC(C)=CC(C)=C23)C(=O)C=CC(=O)N1,0.004364295129198581
C1(C(=O)NC2C=CC(=CC=2)C)SC(=NN=1)CCC(=O)NC1C=CC=C(C)C=1C,0.0065555405803024765
C12CCN(CCC=1N=C(N(C)C2=O)C)C(=O)CN1C[C@H]2C[C@H]1CC2,0.008201063703745603
C1(C(=O)NC2=CC=C(C=C2)C)SC(=NN=1)CCC(=O)NC1C=CC(=CC=1)CC,0.006579449353739619
N1(C[C@H](C[C@H]1C(=O)NC(C)C)N)C(=O)CC1C=CC=CC=1O,0.00547952747438103
C1(C(=O)NC2C=CC(=CC=2)C)SC(=NN=1)CCC(=O)NC1=CC=C(C=C1)F,0.0044431068818084896
N1(C)C(COC2=CC=C(C=C12)C(=O)N(C)C)CC(=O)NC1=C(C)C=CC=C1O,0.004889366985298693
C1(C(=O)NC2=CC=C(C=C2)C)SC(=NN=1)CCC(=O)NC1=CC=C(C=C1)OCC,0.005772655131295323
C1(C(=O)NC2=CC=C(C=C2)C)SC(=NN=1)CCC(=O)NC1C=CC=CC=1C,0.006265538278967142
C(=O)(N(CCO)CC=CC1C=CC=CC=1)C1=CC=CO1,0.0063850675011053685
C1(C(=O)NC2=CC=C(C=C2)C)SC(=NN=1)CCC(=O)NC1C=C(C)C=CC=1C,0.006563457171432674
C1(C=C2N(CCCN(C)C2)N=1)C(=O)N1CCNC(=O)C1CC(OC)=O,0.00685124818701297
C1(C(=O)NC2C=CC(=CC=2)C)SC(=NN=1)CCC(=O)NC1=CC=C(C=C1)C(OCC)=O,0.005501141678541899
C1(ON=C(C(C)C)C=1)C(=O)N(CCN(C)C)CC1=CC=CC=C1C,0.011863794689998031
C1(C(=O)NC2=CC=C(C=C2)C)SC(=NN=1)CCC(=O)NC1C=CC(=C(C)C=1)C,0.006629305030219257
C(=O)(C1C=CC(=C(Cl)C=1)OC)N(CC=C)CC1=CC=CN=C1,0.007069162698462606
C1(C(=O)NC2C=CC(=CC=2)C)SC(=NN=1)CCC(=O)NC1C=CC(=C(C)C=1)Br,0.00696062904316932
C1(C(=O)NC2C=CC(=CC=2)C)SC(=NN=1)CCC(=O)NC1C=CC2=C(OCO2)C=1,0.005555782676674425
C1(=C(C)NC(C(C#N)=C1)=O)C(=O)N1CCCC(CN2C=C(N=N2)C(O)=O)C1,0.002779759094119072
C1(C(=O)NC2C=CC(=CC=2)C)SC(=NN=1)CCC(=O)NC1=CC=C(C=C1)C(C)C,0.006913720513693988
C12C=C(SC=1N=CN=C2SCC(=O)N1CCCC(C1)C1=CC=NN1)C,0.0033101742970757186
C1(CN(CCC)CC2=CC=C(C=C2)SC)=NC=CN1CCOC,0.008457593503408134
C1(=CSC2=NC(C3=CC=CC(=C3)C(F)(F)F)=CN12)C(=O)N(CC)C(C)CCO,0.0022201669868081807
C(=O)(C1=CC=CC=C1C1NN=NN=1)N1CCOC(C2C=CC(=CC=2)Cl)C1,0.002878028864506632
C1(C(=O)NC2=CC=C(C=C2)C)SC(=NN=1)CCC(=O)NC1C=CC2=C(OCCO2)C=1,0.005729545303620398
C1(C2=CC=CC=N2)=NC=C(C=N1)CN1CCC(CC1)(O)C1=CC=C(C=N1)C,0.009125519776716828
C1(C(=O)NC2C=CC(=CC=2)C)SC(=NN=1)CCC(=O)NC1C(OC)=CC=C(Cl)C=1,0.005254595167934894
C12CCC(=O)C=1C=CC(C1=CC=C(C=C1)C(C)N1CCOCC1)=C2,0.01833358211442828
C1(C(=O)NC2C=CC(=CC=2)C)SC(=NN=1)CCC(=O)NC1C=CC(=C(Cl)C=1)OC,0.005325127625837922
N12C(C3CC3)=NN=C1SC(C1=C(C)ON=C1C1C=CC=CC=1Cl)=N2,0.009567938325926662
C1(C(C)C2=CC=CC=C2)=CN(N=N1)CC(=O)NC1=CC=C(C=C1F)C,0.005319912661798298
C1(C(=O)NC2C=CC(=CC=2)C)SC(=NN=1)CCC(=O)NC1C=CC(=CC=1C)N(CC)CC,0.007175062363967299
C1(=CC2CCCCC=2N(C)C1=O)C(=O)N(CC=C)CC1C=CC=CC=1Cl,0.011305053997784854
C12ON=C(C)C=1C(=C1CCCC1=N2)C(=O)N1CC[C@H]2N(C)[C@H](CC2)C1,0.011490810057148337
C1(C(=O)NC2=CC=C(C=C2)C)SC(=NN=1)CCC(=O)NC1C=C(C)C=CC=1OC,0.006096642464399338
N(CC1C=CN=CC=1)(CC1=CC=C(C=C1)F)CC(C)(C)CN1CCOCC1,0.011195515282452106
C1(C(=O)NC2=CC=C(C=C2)C)SC(=NN=1)CCC(=O)N(C)C1=CC=C(C=C1)C,0.00684014952275902
C1(CN(CC2C=CC=CN=2)CC2SC=CC=2C)=CC(=NN1C)C,0.013407592475414277
C1(C(=O)NC2=CC=C(C=C2)OC)SC(=NN=1)CCC(=O)NC1=CC=C(C=C1)OC,0.006072310847230256
C1(C=NN(CC=C)C=1)C1=C(C2C=CC=CC=2)N=CN1CC1=CN=CN1CCOC,0.008558439370244742
C1(C(=O)NC2C=CC(=CC=2)OC)SC(=NN=1)CCC(=O)NC1C=CC(=CC=1OC)OC,0.0062639506999403235
C#CCN1C=NC=C1,0.006358928384725004
C1(C(=O)NC2=CC=C(C=C2)OC)SC(=NN=1)CCC(=O)NC1=CC=C(C=C1)OCC,0.005868671904318034
C1(C(=O)NC2C=CC(=CC=2)OC)SC(=NN=1)CCC(=O)NC1C=CC(=CC=1C)N(CC)CC,0.006325953826308251
Cl.C#CCN1C=NC=C1,0.006722995510790497
C1(C(=O)NC2=CC=C(C=C2)OC)SC(=NN=1)CCC(=O)NC1C=C(C)C=CC=1OC,0.005749365198425949
C1(=CSC(CCC)=N1)C(=O)N1CCC(CC1)CC1=NNC(=O)N1CC,0.003983225696720183
N1(CC2CC2)C(=O)CCN(C(=O)NC2CCCCC2)CC1C(C)C,0.00975584052503109
C12=NC=NN1C(=CC(C(=O)NCC1=CC=CN=C1N1C=CN=C1)=N2)C(C)C,0.004698887793347239
N1=C(C=CN=C1N1CCC2=C(N=CN2)C1)N1CCCC(O)C1,0.0011495472339447589
N1(CCN2C(CN(CC2)C)C1)C1=NC=CC(=C1)C(=O)N1CCN(CC1)C,0.010040638409554959
N1=C(CN(C)CC2=CC[C@@H]3C(C)(C)[C@H]2C3)ON=C1C1=CC=NC=C1,0.013341983873397112
C1(C(=O)NC2=CC=C(C=C2)F)SC(=NN=1)CCC(=O)NC1C=CC=CC=1Cl,0.0043682083021849396
C1(C(=O)NC2C=CC(=CC=2)F)SC(=NN=1)CCC(=O)NC1C=CC=C(Cl)C=1,0.004025150917004794
C1(=CSC(C)=C1CC)C(=O)N1CC[C@H]([C@H](O)C1)C1SC=CC=1C,0.0035448170267045496
C1(C(=O)NC2=CC=C(C=C2)F)SC(=NN=1)CCC(=O)NC1C(OC)=CC(=C(Cl)C=1)OC,0.0050884240306913854
C12C(CC)=C(SC=1N=CN=C2N1C[C@@H]2C[C@H]1CN2)C,0.004844061529729516
C1(C(=O)NC2=CC=C(C=C2)F)SC(=NN=1)CCC(=O)NC1=C(C)C=CC(Cl)=C1,0.004035449086222798
S1C(NC(CNCC2N=C(C)C3=C(CCCC3)N=2)=O)=NN=C1C1CCCO1,0.007204940635710954
C1(C(=O)NC2C=CC(=CC=2)F)SC(=NN=1)CCC(=O)NC1=CC=C(C=C1F)F,0.00444878819398582
C1(=CC=CC(=O)N1)C(=O)NC1=CC=CC(=C1)NC(CCC1=CC=CC=C1)=O,0.004181586031336337
C(=O)(N(C)CC1C=CC(=CN=1)CC)C1C=CC=CC=1NCC=C,0.00771090155467391
C1(C(=O)NC2=CC=C(C=C2)F)SC(=NN=1)CCC(=O)NC1C=CC(=CC=1OC)OC,0.005277716694399715
C1(CN(CC2=CC=CC=C2OC)C2CC2)C(CC)=NN(C)C=1Cl,0.01462134625762701
C1(C(=O)NC2=CC=C(C=C2)F)SC(=NN=1)CCC(=O)NC1C=CC=C(C)C=1C,0.004892426286824047
N1(CC[C@H]([C@@H](OC)C1)N)C(=O)C1C(C)=CC2=C(OCCO2)C=1,0.00897011263296008
C1(C(=O)NC2C=CC(=CC=2)F)SC(=NN=1)CCC(=O)NC1C=CC(=CC=1)CC,0.00497373603284359
C1(C(=O)NC2=CC=C(C=C2)F)SC(=NN=1)CCC(=O)NC1C=CC=CC=1F,0.004648821870796382
N1C(C2=CC=CC=N2)=NC2=C(CCN(C(CO)=O)C2)C=1N(C)C,0.003040814190171659
C1(C(=O)NC2=CC=C(C=C2)F)SC(=NN=1)CCC(=O)NC1=CC=C(C=C1)F,0.004363185737747699
N1=C(C(C)NC2CCN(CC2)CC(C)C)ON=C1C1=CC=CC=N1,0.00891061737202108
C1(C(=O)NC2=CC=C(C=C2)F)SC(=NN=1)CCC(=O)NC1C=CC(=C(Cl)C=1)C,0.00408946459647268
C1(=CC=CC=C1C)CN(CC=C)CC1C=CC=NC=1,0.011525073973461985
C1(C(O)=O)C=C2N(CCN(C(=O)C3=CC=CC(=C3)CN3C=CC=N3)C2)N=1,0.007021222217008472
C(=O)(N(CCO)CC=CC1=CC=CC=C1)[C@@H](OC)C1C=CC=CC=1,0.007086435938253999
C1(C(=O)NC2=CC=C(C=C2)F)SC(=NN=1)CCC(=O)NC1=CC=C(C=C1)C(OCC)=O,0.0050118275918066505
C1(C(C(C)C)NC(=O)C2=CC=CC3CCOC2=3)=NN=C2CCNCCN12,0.008922276739031076
C1(C(=O)NC2C=CC(=CC=2)F)SC(=NN=1)CCC(=O)NC1=C(OC)C=CC(OC)=C1,0.005330149806104601
N1(CC(C1)N1C=CC=N1)C1=NC=CC(=N1)C1C=NN(C2=CC=CC(OC)=C2)C=1,0.008502897387370468
C1(C(=O)NC2C=CC(=CC=2)F)SC(=NN=1)CCC(=O)NC1C=CC(=C(C)C=1)C,0.004960240563377738
C1(C2=CC=C(C=N2)CC)N(CCCC2NN=NN=2)C=NC=1C1C=CC=CC=1,0.003854056936688721
C1(C(=O)NC2C=CC(=CC=2)F)SC(=NN=1)CCC(=O)NC1C=CC=C(SC)C=1,0.004268040868919343
C1(CC(N(CC=C)C1)=O)C(=O)N1CCN(CC1)CCC1C=CN=CC=1,0.009232035558670759
C1(C(=O)NC2=CC=C(C=C2)F)SC(=NN=1)CCC(=O)NC1C=CC(=C(C)C=1)Br,0.005373062705621124
N1(CCCN(CCC(N)=O)CC1C(C)C)CC1C=CC(=CC=1)F,0.007744112215004861
C(=O)(N(C(C)C)CC1CCC(=O)N1)C1=CN=C(N=C1C)C(C)C,0.007134716981090606
C1(C(=O)NC2=CC=C(C=C2)F)SC(=NN=1)CCC(=O)NC1=CC=C(C=C1)C(C)C,0.0054182221181690695
N1(CCC2(CCCNC2)C1)CC1C=CC=CC=1C#N,0.010225106263533235
C1(C(=O)NC2C=CC(=CC=2)F)SC(=NN=1)CCC(=O)NC1C=CC2=C(OCCO2)C=1,0.004935037903487682
N1(CC2C=CC=CC=2)C(CC)CN(CCC1=O)CC(=O)N(C)C,0.011184832733124494
C1(C(=O)NC2=CC=C(C=C2)F)SC(=NN=1)CCC(=O)NC1C=CC(=C(Cl)C=1)OC,0.004688209481537342
C1(=CC=NN1C1CCN(CC1)C(=O)C1CC1)NC(=O)CCOC1=CC=CC=C1,0.007046991656534374
C1(C(=O)NC2=CC=C(C=C2)F)SC(=NN=1)CCC(=O)NC1C=CC(=CC=1C)N(CC)CC,0.005548199382610619
C(=O)(C(N(C)C)C1=CC=C(C=C1)F)N[C@H]1CC[C@@H](CC1)N1C=NN=C1,0.006763787264935673
C1(C(=O)NC2C=CC(=CC=2)F)SC(=NN=1)CCC(=O)NC1C=C(C)C=CC=1OC,0.004911026614718139
N1C(CN(C)C(=O)C2CCN(CC2)C(C)C)=CSC=1C(C)C,0.010558960773050786
N1(CC[C@H]([C@H](O)C1)N1CCN(CC1)C1C=CC=CC=1F)C1C=CC=C(N=1)C#N,0.001683804628555663
C1(C(=O)NC2C=CC(=CC=2)F)SC(=NN=1)CCC(=O)NC1=CC=CC(CC)=C1,0.004808340594172478
S(=O)(=O)(N1CCN(CC1)C)C1C=C(C=C(C2C(C)=CC=CC=2C)C=1)C(O)=O,0.004250466101802885
C1(C(=O)NC2=CC=C(C=C2)F)SC(=NN=1)CCC(=O)NC1=CC=C(C=C1C)Cl,0.004050225846003741
C1(C(=O)NC(C(O)=O)C2C(C)=NNC=2C)=C(C)C2C(=C(C)C=CC=2)N1C,0.005414855224080384
C(=O)(N(C)CCN1CCCCC1C)C=CC1C=CC=CC=1,0.011279262509196997
C1(C(=O)NC2=CC=C(C=C2)F)SC(=NN=1)CCC(=O)NC1C=CC(=C(F)C=1)C,0.004465109179727733
C(=O)(C1C=CN=C(C2C=CC=C3C=NC=CC=23)C=1)N1CCN(CC1)C,0.008584327111020685
C12SC=CN1C(C(=O)NC1CN(C(=O)C1)CCC)=CC(=O)N=2,0.0054808384738862514
C1(C(=O)NC2=CC=C(C=C2)F)SC(=NN=1)CCC(=O)NC1C=C(OC)C(=C(OC)C=1)OC,0.005751095153391362
[C@H]1(CC(C)C)CN(CC[C@@]1(C)O)CC1=CN=C(N=C1)NCCC,0.007839195779524744
C1(C(=O)NC2C=CC(=CC=2)F)SC(=NN=1)CCC(=O)NC1C=CC=CC=1OCC,0.004949068464338779
C(=O)(C(C)CN1C=NC=N1)N(CC1C=CC=C(OCC)C=1)C1CC1,0.010139033105224371
COC1=C(C)C=C(S(N2CCN(C3=CC=CC=C3)CC2)(=O)=O)C=C1,0.005533338862005621
N1=C(CCC(=O)N2CCC3(CC2)CCCO3)C2=C(CCCC2)N1,0.008235349971801042
C1(C(=O)NC2C=CC(=CC=2)F)SC(=NN=1)CCC(=O)NC1C=CC=C(C)C=1,0.0044569226331077514
C(=O)(C1=CC=CC(C2=CC=CC(F)=C2)=C1)NC(C)CC1C=NC=CN=1,0.005529841920360923
N1C(N)=NC(=CC=1N1CCOC(C1)CC(C1C=CC=CC=1)C1C=CC=CC=1)C,0.006588305695913732
C1(C(=O)NC2=CC=C(C=C2)F)SC(=NN=1)CCC(=O)NC1C=CC(=CC=1)Br,0.005027761170640588
N1=C(CCC(=O)N(C(C)C)CCN2CCCCCC2)NN=C1C,0.006263049761764705
C1(C(=O)NC2C=CC(=CC=2)F)SC(=NN=1)CCC(=O)NC1C(OC)=CC(=CC=1Cl)OC,0.004950768640264868
C1(C(=O)NC2C=CC=C(Cl)C=2)SC(=NN=1)CCC(=O)NC1C=CC=CC=1C(F)(F)F,0.0042912324890494345
C1(C(=O)NC2C=CC=C(Cl)C=2)SC(=NN=1)CCC(=O)NC1=CC=C(C=C1)OC,0.005050661694258452
C1(=CC(=NN1CC1=CC=CC(C)=C1)C)NC(=O)C1C(CC)=NOC=1C,0.007344229542650282
C1(C(=O)NC2C=CC=C(Cl)C=2)SC(=NN=1)CCC(=O)NC1C=CC=CC=1Cl,0.0055067002773284916
C1(=COC2CCCC(=O)C1=2)C(=O)N1CCC(N(CC2CC2)C(C(C)C)C1)=O,0.01782736126333475
C1(C(=O)NC2C=CC=C(Cl)C=2)SC(=NN=1)CCC(=O)NC1C=CC=C(Cl)C=1,0.005303727020509541
C1(=CN=C2CCCCN12)NC(=O)C1C=CC(=CC=1C)Cl,0.004537372814957053
C1(C(=O)NC2C=CC=C(Cl)C=2)SC(=NN=1)CCC(=O)NC1C=CC(=CC=1)Cl,0.005212591332383454
N1(C2=C(F)C=CC(F)=C2)N=C(N=C1CC1=C(C)NNC1=O)CC(C)C,0.003961115435231477
C12N=CC(=CN1N=CC=2C(=O)NC1=C(C)C=CC=C1C)CN(CC)CC,0.008208812028169633
C1(C(=O)NC2C=CC=C(Cl)C=2)SC(=NN=1)CCC(=O)NC1C(OC)=CC(=C(Cl)C=1)OC,0.0054644520161673425
N1(C[C@H](C[C@H]1C(=O)NC(C)C)N)C(=O)C1C=CC2=C(C=1)N=NN2,0.003740828949958086
C(=O)(N(CCC)CC=CC1=CC=CC=C1)[C@@H](CO)N,0.005981045798398555
C1(C(=O)NC2C=CC=C(Cl)C=2)SC(=NN=1)CCC(=O)NC1=C(C)C=CC(Cl)=C1,0.005046976555604488
N1(CCCN(C2C=CN=CC=2)CC1)C(=O)COC1C=CC(=CC=1)C(CC)=O,0.011840275768190623
C1(CC2CCN(CC2)C(=O)CCN2C3C=CC=CC=3N=C2)=NN=CN1C,0.005315370508469641
C1(C(=O)NC2C=CC=C(Cl)C=2)SC(=NN=1)CCC(=O)NC1=CC=C(C=C1F)F,0.004080703959334642
C1(N2CCN(CC2)CC=CC2=CC=CC=C2)C(CO)=CC2C(=CC=CC=2)N=1,0.004379174381028861
C1(C(=O)NC2C=CC=C(Cl)C=2)SC(=NN=1)CCC(=O)NC1C=CC(=CC=1OC)OC,0.005070668878033757
N1(CC2=CC=C(C=C2)F)C(=O)CCN(C(=O)C2=CC=C(C=C2)CO)CC1C(C)C,0.004911850276403129
C12NC(=O)CC(CCSC)C=1C=NN2CC1C=CC=CC=1Cl,0.005882999766618014
C1(C(=O)NC2C=CC=C(Cl)C=2)SC(=NN=1)CCC(=O)NC1C=C(OC)C=C(OC)C=1,0.005019599432125687
C1(C2=CC=CC=C2NC=1)CC(=O)N(C)C(C)CC1C=C(C)C=CN=1,0.0061811468796804546
C1(C(=O)NC2C=CC=C(Cl)C=2)SC(=NN=1)CCC(=O)NC1C=CC=CC=1F,0.004292639635968954
CC(N1C=NC=C1)C1=CC=CC=C1,0.009328873548656701
C1(C#N)=C(C2=CC=C(C=C2)OCCCN(C)C)C=C(N=C1N)C1=CC=CN1,0.0029644152033142745
N1C2C=CC=CC=2NC=1C(C)NCC1=CC=CC=C1OCC(C)=C,0.005166101804934442
C12N=CNC=1N=CN=C2N1CCCC(CC=CC2C=CC=CC=2)(C(O)=O)C1,0.003456068388186395
N1(C)C(COC2=CC=C(C=C12)C(NCCOC)=O)CC(NCCF)=O,0.004826949466951192
C1(C(=O)NC2C=CC=C(Cl)C=2)SC(=NN=1)CCC(=O)NC1=CC=C(C=C1)F,0.004016462818253785
N1(C2C=CC=CC=2)C(=O)N(N=C1C1CCN(CC1)C(=O)C1CC(=NO1)C)C,0.004949833243153989
N1(C[C@@H](C[C@H]1C(NCC)=O)N)C(=O)C1NN=C(C2=CC=CC=C2OC)C=1,0.004612805158831179
C1(C(=O)NC2C=CC=C(Cl)C=2)SC(=NN=1)CCC(=O)NC1=CC=C(C=C1)OCC,0.004835550719872117
C1(C2=CC=CC=C2)(CN(C)C(=O)CSC2=NN=C(C)S2)CC1(C)C,0.014719654666259884
C1(=NC=CN1CCC1=NC(C)=CC(=O)N1)C1=CC=NC2C=CC=CC1=2,0.003133984451415017
C1(C(=O)NC2C=CC=C(Cl)C=2)SC(=NN=1)CCC(=O)NC1=CC=C(C=C1)C(OCC)=O,0.005029865237884223
C1(C(=O)NC2C=CC=C(Cl)C=2)SC(=NN=1)CCC(=O)NC1C(C)=CC(=CC=1C)C,0.005769786681048572
C1(C(=O)NC2C=CC=C(Cl)C=2)SC(=NN=1)CCC(=O)NC1C=CC(=C(C)C=1)Br,0.005789575399830937
C12=C(CCN(C1)C(=O)C1SN=NC=1CC)NN=C2C1=CC=CC(OC)=C1,0.0052301533985883
C1(C(=O)NC2C=CC=C(Cl)C=2)SC(=NN=1)CCC(=O)NC1=C(CC)C=CC=C1C,0.0057013246696442366
C12SC=CN1C=C(CNC1=NC=C(C(N(C)C)=N1)C)N=2,0.0036781289149075747
C1(C(=O)NC2C=CC=C(Cl)C=2)SC(=NN=1)CCC(=O)NC1C=CC2=C(OCO2)C=1,0.005067400960251689
N1(CC2=C(C=NC(CC3C=CC(=CC=3)OC)=N2)C1)C(=O)CN(C)C,0.009539481857791543
C1(C(=O)NC2C=CC=C(Cl)C=2)SC(=NN=1)CCC(=O)NC1C=CC2=C(OCCO2)C=1,0.005228973552584648
C1(C(=O)NC2C=CC=C(Cl)C=2)SC(=NN=1)CCC(=O)NC1C(OC)=CC=C(Cl)C=1,0.005516050197184086
C1(C(=O)NC2C=CC=C(Cl)C=2)SC(=NN=1)CCC(=O)NC1C=CC(=C(Cl)C=1)OC,0.005518501391634345
C1(C(=O)N(CC=C)CC2C=CC=CC=2OCC)=C(C)C=C(NC1=O)C,0.005514288507401943
C1(C(=O)NC2C=CC=C(Cl)C=2)SC(=NN=1)CCC(=O)NC1C=CC(=CC=1C)N(CC)CC,0.005915824812836945
C1(C=C(NN=1)COC1=CC=CC(F)=C1)C(=O)N1C[C@@H]([C@@H](OC(C)C)C1)O,0.0017053632851457222
C1(C(=O)NC2C=CC=C(Cl)C=2)SC(=NN=1)CCC(=O)NC1C=C(C)C=CC=1OC,0.00511261923238635
CC(NCCC1N(CCOC2=CC3=C(C=CC=C3)C=C2)C2=C(C=CC=C2)N=1)=O,0.005709533463232219
C(=O)(C1=CC=CC=C1NC(CCC1=CC=CN=C1)=O)NC1C(C)=CC=CC=1C,0.00725162192247808
C1(N[C@@H](CC2=CC=CC=C2)C(N)=O)=NC(C)=NC2SC=CC1=2,0.003486265812534839
C1(C(=O)NC2=CC=CC=C2)SC(=NN=1)CCC(=O)NC1C=CC=C(C=1)C(F)(F)F,0.004441761353518814
C(=O)(C1=CC=CC(=C1)NC(CCCN1CCCC1=O)=O)NC1C=CC=CC=1CC,0.007663790974766016
C1(C(=O)NC2C=CC=CC=2)SC(=NN=1)CCC(=O)NCC1=CC=CC=N1,0.0053041307255625725
C(=O)(CC(=O)NC1C=CC(=CC=1)OC)N1CCC2(CC1)NCCNC2=O,0.0058168345130980015
N1(C2=CC=CC=C2F)C=C(C=N1)C(C)NC(=O)C1CCN(CC1)C(C)C,0.006519040861167014
Cl.COCC1N(CC(C)C)C2=C(C=CC=C2)N=1,0.008575751958414913
N1=C(C2C=C(F)C=C(F)C=2)OC(C)=C1CN1C=CC=N1,0.005044187419116497
C1(C(=O)NC(C)CC2=CC(=NN2)C)=NNC(N)=C1C1C=CC=CC=1,0.003565074293874204
C1(C(=O)NC2=CC=CC=C2)SC(=NN=1)CCC(=O)NC1=CC=C(C(OC)=C1)OC,0.00610361872240901
C1(CN(C)C(CSCC2C=CC=CC=2Cl)=O)C(C)=NON=1,0.005498516373336315
C1(C(=O)NC2C=CC=CC=2)SC(=NN=1)CCC(=O)NC1C=CC=C(OC)C=1,0.005327416583895683
C1(CC(=O)N[C@@H]2CN3[C@H](CN(CC3)C)C2)=CC(=O)OC2=CC(C)=CC=C21,0.005955868074670434
C1(C(=O)NC2=CC=CC=C2)SC(=NN=1)CCC(=O)NCC1=CC=CC=C1,0.005715392110869288
C1(NN=C(C(F)(F)F)C=1)C(=O)N1CCN2C(C(=O)NCC2)C1,0.00211254880996421
C1(C(=O)NC2C=CC=CC=2)SC(=NN=1)CCC(=O)NC(C)CC,0.005748733947984874
C1(C(C)=CC=CC=1C(C)C)NC(=O)CN(C)C(C)C1SC=CN=1,0.007796412846073508
C1(C(=O)NC2C=CC=CC=2)SC(=NN=1)CCC(NCCC1C=CC(=CC=1)Cl)=O,0.005371052143163979
COC1=C(C=CC2N(CC(N(C3=CC=CC=C3)C(C)C)=O)C3=C(C=CC=C3)N=2)C=CC=C1,0.007513831905089319
N1(CCC(CC1)(O)C(O)=O)C(CCCCC1C=CC=CC=1)=O,0.006550255324691534
C1(C(=O)NC2=CC=CC=C2)SC(=NN=1)CCC(=O)N1CCN(CC1)C1=CC=C(C=C1)Cl,0.005080964020453394
C1(C(=O)NC2C=CC=CC=2)SC(=NN=1)CCC(=O)NC1CCCCCC1,0.008023415505886079
C1(C(=O)NC2C=CC=CC=2)SC(=NN=1)CCC(=O)NC1CCCC1,0.006882458459585905
C1(C(=O)NC2=CC=CC=C2)SC(=NN=1)CCC(=O)NC1C=CC(=CC=1OC)OC,0.005632598348893225
C1(=NC=CN1C1=CC=C(C=C1)C1=CC=NN1)C1=CN=C(N=C1)COC,0.004010789608582854
C1(C(=O)NC2=CC=CC=C2)SC(=NN=1)CCC(=O)NC1C=C(OC)C=C(OC)C=1,0.005485747870989144
N1(CCC(CC1)CNC(C)CO)CCC1=CC=CC=C1,0.006238478305749595
C1(C(=O)NC2=CC=CC=C2)SC(=NN=1)CCC(=O)NC1C=CC=C(C)C=1C,0.006133422418497503
C(F)(F)(F)C1OCCN(C(CCC2ON=C(Cl)C=2)=O)C1,0.004756289579381701
C1(C(=O)NC2C=CC=CC=2)SC(=NN=1)CCC(NCCN(C)C)=O,0.005599077977240086
C1(C(=O)N[C@H]2CN3[C@H](C(=O)NCC3=O)C2)=CC(=NN1C)C1=CC=CC=C1,0.00520694199949503
C1(C(=O)NC2=CC=CC=C2)SC(=NN=1)CCC(=O)NC1C=CC=C(C=1)C(OCC)=O,0.005434129806235433
N1N(CCNCC2(CCCN(CC3C=CC(=CC=3)C(C)C)C2=O)O)C=C(C)N=1,0.00717323599383235
C1(C(=O)NC2C=CC=CC=2)SC(=NN=1)CCC(=O)NC1C=CC=CC=1CC,0.006173641723580659
[C@]12(CNC[C@@H]1CN(C1N=CC=CN=1)C2)C(=O)NCC1C=CC2=C(OCO2)C=1,0.005830599600449205
COC1=CC=C(S(NC(C(NC(C)(C)C)=O)C)(=O)=O)C=C1,0.005291392188519239
C1(C(=O)NCC2=NNC=N2)C=C(ON=1)COC1C=CC=C2C=CC=NC=12,0.00396936823381111
C1(SC(=NC=1C)NCC)C(=O)N1CCC(N(CC2CC2)C(C(C)C)C1)=O,0.010061136307194829
C1(C(=O)NC2C=CC=CC=2)SC(=NN=1)CCC(=O)NC1C=CC(=CC=1)CC,0.006267600296996534
N1(C=C(C=N1)Cl)C(C)C(=O)N(C)CC1ON=C(C(C)C)N=1,0.009839915251359344
C1(C(=O)NC2C=CC=CC=2)SC(=NN=1)CCC(=O)N1CCC(CC1)C(OCC)=O,0.006353532196953893
C1(C(=O)NC2C=CC=CC=2)SC(=NN=1)CCC(=O)NC1C=CC=C(F)C=1,0.004150734387803823
N1(CC[C@@H](C[C@@H]1C(O)=O)O)C(=O)C1C=CC(=CC=1)NCCC,0.0018896915309596807
N1C(C2=CC=CC=C2)=NOC=1C1CCCN(CC2=NC=CC=C2C(O)=O)C1,0.0047447547316551205
CC1=CC(OCCCCN2C3=C(C=CC=C3)N=C2CO)=CC=C1,0.003817279706709087
N1([C@H](C2=CC=C(C=C2)O)C(OC)=O)CC2C(=CC=CN=2)C1=O,0.005553808505646884
C1(C(=O)NC2C=CC=CC=2)SC(=NN=1)CCC(=O)NC1=CC=C(C=C1)F,0.004186548828147352
C1(C(=O)NC2=CC=CC=C2)SC(=NN=1)CCC(=O)NCC1=CC=C(C=C1)OC,0.005632363562472165
C1(C(=O)NC2=CC=CC=C2)SC(=NN=1)CCC(=O)N1CCN(CC1)C1C=CC=C(OC)C=1,0.00526637933216989
C1(C(=O)NC2C=CC=CC=2)SC(=NN=1)CCC(=O)NCC1=CC=C(C=C1)C,0.005972961662337184
C1(=O)NC2C(=CC(=CC=2)C(=O)NCC2CCN(CC3=CC=CO3)C2)N1,0.003101342701120302
C1(C(=O)NC2C=CC=CC=2)SC(=NN=1)CCC(=O)N1CCC(CC1)C,0.005624994961544871
Cl.COCC1N(CCCCOC2=C(C)C=CC=C2)C2=C(C=CC=C2)N=1,0.008503734553232788
N1(CCCC(C1)C1=CC=NN1)C(=O)C1=CC=CC(C2C=CC=CC=2C)=C1,0.005183532182127237
C1(N2CCCC2)=NC(C)=NC2CN(C(=O)CCN3C=NN=N3)CCC1=2,0.005915079289115966
COCC1N(CCCCOC2=CC=C(C)C=C2)C2=C(C=CC=C2)N=1,0.009054138604551554
C(=O)(N1CCC(CC1)N)C1CCCN(C2CCN(CC2)CC2C=CC=NC=2)C1,0.011749388510361313
C1(NCCC)=NC=C(C=N1)CN1CCOC(CC2C=CC=C(F)C=2)C1,0.0055100294994190335
C1(C(=O)NC2=CC=CC=C2)SC(=NN=1)CCC(=O)NC1=CC=C(C=C1)OCC,0.005612242082133889
C1(CN(C)CC2=CC=CC(OC)=C2O)=CC(=NO1)CC,0.008135950798168779
C1(C(=O)NC2=CC=CC=C2)SC(=NN=1)CCC(=O)N1CCN(CC1)C1C=CC=CC=1,0.005737150460481644
N1=C(CC(C)C)ON=C1CN(C)C(=O)C1CCCN(CC2=CC=CO2)C1,0.012206093547865749
N1(CC)C(=O)NN=C1C1CCCN(C(=O)C2=CN=C(N=C2)C2=CC=CC=N2)C1,0.003412842482794076
Cl.CCC(CN1C2=C(C=CC=C2)N=C1COC)C,0.009364985534921289
C1(CNCC(=O)NC2=CN=CC=N2)=CC2CCCC=2C=C1OC,0.007955063227564096
C1(C(=O)NC2C=CC=CC=2)SC(=NN=1)CCC(NCCCC1C=CC=CC=1)=O,0.005974582908675074
N1(C2C=CS(=O)(=O)C2)N=C(N(CC)C1=O)CC1CCNCC1,0.0050463976571336385
C1(C(=O)NC2=CC=CC=C2)SC(=NN=1)CCC(=O)NCC1C=CC2=C(OCO2)C=1,0.005733622005209327
O1C(C)=NN=C1SCC(=O)N1CC[C@H]([C@H](O)C1)C1=CC=C2C(OCO2)=C1,0.0024706055235583337
C1(C(=O)NC2=CC=CC=C2)SC(=NN=1)CCC(=O)N1CCCC1,0.00581042030826211
C1(C=C(C)C=C2CC(CN)OC=12)C1=CC=C(N=C1N)C,0.0071511311456561085
C1(C(=O)NC2=CC=CC=C2)SC(=NN=1)CCC(=O)N1CCN(CC1)C1C=CC=C(Cl)C=1,0.0050621154252439736
C1(NN=CC=1C1C=CC(=CC=1)F)C1CCCN(C(=O)C(=O)CC(C)C)C1,0.005122326174750924
C(=O)(C1=CC=C(N=C1)NCC(NC)=O)N1CCC(CC1)OC1C=CC=NC=1,0.004512370890006423
C12CN(CCC=1N(N=C2C(O)=O)CC1C=CC(=CC=1)F)C(=O)C1(COC)CC1,0.0070353949442505835
C1(C(=O)NC2=CC=CC=C2)SC(=NN=1)CCC(=O)N1CCN(CC1)C1CCCCC1,0.007323922775685787
N1(CC)C(CC2CCN(CC2)C(=O)[C@@H]2C[C@H](CN2)O)=NN(C)C1=O,0.0018238125718198716
C1(C(=O)NC2C=CC=CC=2)SC(=NN=1)CCC(=O)N1CCN(CC1)C1=CC=CC(C)=C1C,0.006232713302597404
Cl.COCC1N(CCCOC2=CC=CC=C2)C2=C(C=CC=C2)N=1,0.007249175338074565
C12=C(CCCC1C(=O)N(C)CC1ON=C(C3CC3)N=1)C1C(=CC=CC=1)N2,0.008140151714906096
C1(C(=O)NC2C=CC=CC=2)SC(=NN=1)CCC(=O)N1CCN(CC1)C1C=C(C)C=CC=1C,0.006185302603989839
C1(CN2CCC(CC2)C(C)O)=CC2=CC(OCC)=CC=C2NC1=O,0.002815932815428823
COCC1N(CCCOC2=CC(C)=CC=C2)C2=C(C=CC=C2)N=1,0.00793234680313617
N1N=C(C=C1C1CCN(CC1)C(=O)C(C)(C)OC)CC(O)=O,0.004231527983210981
C1(C(=O)NC2C=CC=CC=2)SC(=NN=1)CCC(=O)NC1=CC(OC)=C(C(OC)=C1)OC,0.006358391302637756
[C@@H]1(C[C@H](N(C)[C@H]1C1C=CC=C(F)C=1F)C(O)=O)C(=O)N(C)CC1=CC(=NO1)C,0.007821561500895769
C1(C(=O)NC2=CC=CC=C2)SC(=NN=1)CCC(=O)N1CCN(C(C)C1)C1=CC=CC(C)=C1,0.00600849196780473
N12C=C(C)C=CC1=NC1CNC(=O)CC(C3C=CC=C(C=3)C=C)C2=1,0.006666006799787283
C1(C(=O)NC2C=CC=CC=2)SC(=NN=1)CCC(=O)NC(C)C,0.005254334397614002
N1(CCCC(C(NCCC2NC=CN=2)=O)C1)C1CCN(CC1)CC1=CC=NC=C1,0.004101736354641616
C1(=CC=CC=C1O)CN(CC=C)CC1=CC=CC=C1C,0.007355414563789964
Cl.COCC1N(CCCOC2=CC(C)=CC=C2)C2=C(C=CC=C2)N=1,0.007552083651535213
C1(C(=O)NC2C=CC=CC=2)SC(=NN=1)CCC(NCCC)=O,0.005259588058106601
C1(CN(C)CC2C=CC3=C(C=2)OC(O3)(F)F)=NN=CN1C(C)C,0.0062147439923137425
C1(C(=O)NC2C=CC=CC=2)SC(=NN=1)CCC(NCCN(CC)CC)=O,0.006953451316803694
[C@@H](NC(CCC(=O)NC1=CC=CC=C1SC)=O)(C(OC)=O)C1CC1,0.007279063668102026
C1(C(=O)NC2=CC=CC=C2)SC(=NN=1)CCC(=O)NC1=C(OC)C=CC(OC)=C1,0.005539356428198516
C1(NC(=O)CN2CCC(=CC2)C2C=NN(CC3=CC=CC=C3)C=2)=CN(N=C1C)C,0.010034662252292038
C1(C(=O)NC2C=CC=CC=2)SC(=NN=1)CCC(=O)NC(C)C1=CC=CC=C1,0.006391509668901563
N1(C[C@H](C[C@H]1C(=O)N(CC)CC)N)C1CC2C(=CC=CC=2)C1,0.014422725886106491
Cl.CCCCCCN1C2=C(C=CC=C2)N=C1CC1=CC=C(OC)C=C1,0.010567595018073916
C1(CN(CC(C)C)CC2SC=CC=2C)C=NN(CC)C=1,0.014104422181844711
C1(C(=O)NC2C=CC=CC=2)SC(=NN=1)CCC(NCCCN1CCOCC1)=O,0.004961112095043063
C12C=C(C#N)C(=NC=1C=CN(CCC1C=NC=CN=1)C2=O)OC,0.005105439748149365
C1(C(=O)NC2=CC=CC=C2)SC(=NN=1)CCC(=O)NC1C=CC(=C(C)C=1)C,0.006170569150708616
C1(C(OCC)=O)C(=O)C(OC2=CC=CC=C2)=CN(C2C(C)=CC(NC=2C)=O)C=1,0.005280084977857769
C1(C(=O)NC2=CC=CC=C2)SC(=NN=1)CCC(NCCC(C)C)=O,0.006328620109707117
C(=O)(C(=O)C1=CC=CN=C1)N1CCC(CC1)C1=CC(=NN1)CC1=CC=CC=C1,0.0071300576673820615
C1(C(=O)NC2C=CC=CC=2)SC(=NN=1)CCC(=O)NCC1C=CC=C(C)C=1,0.005826802062802017
C1(C(=O)N(CC)CC)=CN(N=N1)C1CCN(CC1)C1C=CN=C(N)N=1,0.004246416920796037
N1=C(C2C=CC=C(Cl)C=2)OC(C)=C1CN1CCN(CC1)CCO,0.0020890333398710936
C1(C(=O)NC2C=CC=CC=2)SC(=NN=1)CCC(NCCC1C=CC=CC=1)=O,0.006134049175307155
C1(C2CC2)OC(=NN=1)CN1CCOC2=C(C=C(C3C=CC=C(Cl)C=3)C=C2C1)O,0.004763101600110531
C(=O)(C1=CC=C(N=C1)NC(C)CO)N1CCC(CC1)CN1C=CC=N1,0.002816146134864539
C1(C(=O)NC2C=CC=CC=2)SC(=NN=1)CCC(=O)N1CCOCC1,0.005097440234385431
N1(C=NN=C1)C1C=CC=C(C=1)C(=O)NCC1=CC=CN=C1N1CCN(CC1)C,0.0043249567039310936
N1=C(CC(C)C)ON=C1CN(CC)C(=O)CN1CCCCCC1=O,0.013025284744799137
C1(C(=O)NC2C=CC=CC=2)SC(=NN=1)CCC(NCCCN1CCCC1=O)=O,0.004977778415195644
S1C(C)=NN=C1SCCCNC(=O)C1N=CC=C2C=CC=CC=12,0.005536334263160825
C1(C(=O)NC2C=CC=CC=2)SC(=NN=1)CCC(=O)N1CCN(CC1)CC1C=CC=CC=1,0.005794731830246746
N1(CCCC(C(NCCOC)=O)C1)C1CCN(CC1)CC1=CC=CC(O)=C1,0.004732477432116866
C1(C(=O)NC2=CC=CC=C2)SC(=NN=1)CCC(=O)NC1C=C(C)C=C(C)C=1,0.006180715467780829
N1(C)C(=O)COC2=CC3=C(NC(CC3C3ON=C(C(C)C)C=3)=O)C=C12,0.008737047389149665
C1(C(=O)NC2C=CC=CC=2)SC(=NN=1)CCC(=O)NC1=CC=CC(C(C)=O)=C1,0.008242141036316753
Cl.CCC(CN1C2=C(C=CC=C2)N=C1CC(C)(C)C)C,0.01388281504623592
C1(CN(CC(C)C)CC2=C(C)C=C(C(CN3C=NC=N3)=C2)C)C=NN(C)C=1,0.014130801148712634
C1(C(=O)NC2C=CC=CC=2)SC(=NN=1)CCC(NCCN1CCCCC1)=O,0.005622302298434079
C1(C(O)=O)SC2C(=C(NCC(C)OC3C=CC=NC=3)N=CN=2)C=1C,0.0033722556778229772
C12(CCN(CC1)CC1C=C(OC)C(=C(OC)C=1)O)N(C)CCNC2=O,0.004551332397386432
Cl.CC1=CC=C(OCCCN2C3=C(C=CC=C3)N=C2CC(C)(C)C)C=C1,0.011198563547804952
C1(SC(=NC=1C)NCC)C(=O)N1CCC2=C(N=C(NC2=O)N(C)C)C1,0.004115718719549477
C1(C(=O)NC2=CC=CC=C2)SC(=NN=1)CCC(=O)N1CCN(CC1)CCC,0.005918818013742566
C12C(NCC(C)(C)N(C)CC)=NC=NC=1OC(C)=N2,0.006942796963267028
C1(C(=O)NC2C=CC=CC=2)SC(=NN=1)CCC(NCCOC)=O,0.004329777858220041
N1(CC[C@H]([C@H](O)C1)C1=CC=C2C(OCO2)=C1)C(=O)/C=C(/C)\C,0.003294751129578799
N1(C)C(COC2=CC=C(C=C12)C(=O)N(C)C)CC(NCCOCC)=O,0.007155070686712861
C1(C(=O)NC2C=CC=CC=2)SC(=NN=1)CCC(=O)N1CCN(CC1)C1C=CC=C(C=1)C(F)(F)F,0.003991583012975752
C12CC(CCC=1N(N=C2C(O)=O)CCC)N(C)CC1=CN=C(N=C1)NC,0.007682024594396352
C1(C(=O)NC2=CC=CC=C2)SC(=NN=1)CCC(=O)N1CCC(CC1)N1CCCCC1,0.00702303210273385
C1(C(O)=O)=CN(CC2=CN=CN2CCOC)C=C(OC2=CC=CC=C2)C1=O,0.004521801322698593
C1(C(=O)NC2C=CC=CC=2)SC(=NN=1)CCC(=O)N1CCN(CC1)C1=CC=CC=N1,0.004328382050152868
C(=O)(N1CCOC(CC2=CC=CC=C2Cl)C1)C1=CC=CC(F)=C1OC,0.008720581093803048
N12C=C(Cl)C=CC1=NC(C)=C2C(=O)NCC1=CC=CN=C1N1CCOCC1,0.003324905561748892
C1(C(=O)NC2=CC=CC=C2)SC(=NN=1)CCC(=O)NC1C=CC(=C(C)C=1)Br,0.006531643052585423
N#CC1=CC=NC=C1,0.013214329420588911
N1(CC)C(C2CCN(CC2)C(=O)C2=CN=C(N=C2C)C(C)C)=NN(C)C1=O,0.007353255129419267
O=N(C1=C(C#N)C=CC=C1)=O,0.006970982218626886
C1(C(=O)NC2=CC=CC=C2)SC(=NN=1)CCC(=O)NCC1=CC=CC=C1OC,0.005517681688070297
N1(C2=CC=CC=C2)C(=O)NN=C1C1CCN(CC1)C1CCN(CC1)CCC,0.005829212977550924
N1(CCN(CC1)CC1CCCO1)C1CCC2(CC1)CCNCC2,0.019391581043601037
COC1=C(OC)C(OC)=CC(C#N)=C1,0.015456492989324033
C1(C(=O)NC2=CC=CC=C2)SC(=NN=1)CCC(=O)NCC1C=CC=C(OC)C=1,0.005516279838047922
C1(C=C(CCN)N=C(C)N=1)N1CCCC1C1=CC=CC=C1OC,0.011664795549586415
C1(C(=O)NC2C=CC=CC=2)SC(=NN=1)CCC(=O)NC1C=CC2=C(OCO2)C=1,0.00552455538418144
N(CC1=CC=C(C=C1)C(O)=O)(CC1=CC=CN=C1)CC1=CC=CC=C1OC,0.007343439827673137
C1(CN(C)CC2=CSC(C(C)=O)=C2)=NN=CN1C(C)C,0.015275711473077536
N#CC1=C2C(C=CC=C2)=CC=C1,0.01287409458309412
C1(C(=O)NC2=CC=CC=C2)SC(=NN=1)CCC(=O)NCC1=CC=C(C=C1)F,0.0043600155273452405
C1(NN=C(C2CC2)C=1)C(=O)N1C[C@@H]2[C@@H]([C@@H]3O[C@H]2CC3)C1,0.005120400585322748
C1(C(=O)NC2C=CC=CC=2)SC(=NN=1)CCC(=O)NC1=CC=C(C=C1)C(C)C,0.006646376242861152
C1(SC(=CN=1)C)NC(=O)C1=CC=CC(=C1)CN(CC)[C@H]1COC[C@@H]1O,0.003074113023467362
FC(C1=CC=C(C#N)C=C1)(F)F,0.0067520679498557
C1(C(=O)NC2C=CC=CC=2)SC(=NN=1)CCC(=O)NC1=CC=CC(CC)=C1,0.006165541592054069
C12N=CC(=CN1N=CC=2C(NCCN1C=NN=C1)=O)CN(CC)CC,0.006760246399790048
C1(C(=O)NC2C=CC=CC=2)SC(=NN=1)CCC(=O)N1CCC2(CC1)OCCO2,0.00638612771872431
C1(=CN=CN1C)C(=O)N1CCCC(C1)C1NN=CC=1C1=CC=C(C=C1)C,0.0036679341457784174
N#CC1=CSC=C1,0.014473121729679406
C1(C(=O)NC2=CC=CC=C2)SC(=NN=1)CCC(=O)N1CCN(CC1)C1C=CC(=CC=1)F,0.0044581096852198245
C1(C(=O)NC2C=CC=CC=2)SC(=NN=1)CCC(NCCC1C2C=CC=CC=2NC=1)=O,0.004087287920992821
N1=C(CCNC(=O)CN2CCCCCC2)NN=C1C1=CC=CN=C1,0.004047003842424601
C1(C(=O)NC2=CC=CC=C2)SC(=NN=1)CCC(=O)NC1CCN(CC1)CC1C=CC=CC=1,0.005571362632326782
N1=C(C2CCCN(C2)C2=NC=NC3CNCCC2=3)ON=C1C1=CC=CN=C1,0.005784289399161935
FC1=C(C#N)C=CC(Cl)=C1,0.009649737528525293
N(C(C)COC)(C(=O)CNC(C)=O)CC1=CC=CC=C1OC,0.009028286766260862
C1(C(=O)NC2=CC=CC=C2)SC(=NN=1)CCC(=O)NCC1=CC=CS1,0.005457312520593405
C12C(=NC=NC=1SC(C)=C2C)C1C=NN(CC(=O)NC2=CC=NN2C)C=1,0.005281832045875489
C1(C(=O)NC2=CC=CC=C2)SC(=NN=1)CCC(=O)NC1C=CC(=C(F)C=1)C,0.0043024773709476
C1(C(=O)NC2C=CC=CC=2)SC(=NN=1)CCC(=O)N1CCN(CC1)CC1=CC=C2C(OCO2)=C1,0.005265086446888745
N1C(C)=NOC=1CN(C)C(=O)C1C=C(CC(C)C)N=C(N)N=1,0.006100710667669773
C1(C(=O)NC2=CC=CC=C2)SC(=NN=1)CCC(=O)NC1C=CC=CC=1OCC,0.005737738404422999
C12C(C3C=CC(=CC=3)C(C)N3CCOCC3)=NC=NC=1C(=CS2)C,0.010253528505563736
C1(C(=O)NC2=CC=CC=C2)SC(=NN=1)CCC(=O)N1CCN(CC1)C(=O)C1=CC=CO1,0.006833890732377767
FC1=CC(C#N)=C(F)C=C1,0.00881925931898877
C1(N2CCCC2)=NC(C)=NC2CN(CCC1=2)C(=O)C(=O)N1CCOCC1,0.007677341112866998
N1C(C)=NOC=1CN1CCC=C(CNC(=O)C2=CC=NC(Cl)=C2)C1,0.00714525505900383
CCC1=CC=C(C#N)C=C1,0.016205633874051273
N1(C2=CC=CC=C2OC)C=C(C=N1)C1CCN(CC=1)CCC1C=CC=CN=1,0.011991621553897857
C1(C(=O)NC2=CC=CC=C2)SC(=NN=1)CCC(NCCC1CCCCC=1)=O,0.008703746227547526
N1(C)[C@@H](C2=CC=C(C=C2)OC)[C@H](C[C@@]1(CC)C(O)=O)C(=O)NCC1=CC=CO1,0.0071616775472648445
C1(C(=O)NC2C=CC=CC=2)SC(=NN=1)CCC(=O)N1CCN(CC1)C1N=CC=CN=1,0.0046485433587804435
C1(SC=C(C)N=1)C1=NC=CN1CCC1NN=C(C2=CC=CN=C2)N=1,0.003622685396112502
C1(C(=O)NC2=CC=CC=C2)SC(=NN=1)CCC(=O)N1CCN(CC1)CC,0.00587306406814605
C1(C(=O)NC2=CC=CC=C2)SC(=NN=1)CCC(=O)N1CCN(CC1)C1C=CC(=CC=1)OC,0.005306226154789329
C1(NC2CCN(CC2)CCC)=NC(C)=CC(C2CCC2)=N1,0.010696863010525703
C1(C(=O)NC2=CC=CC=C2)SC(=NN=1)CCC(=O)NC(C)CCC1=CC=CC=C1,0.007163728913292288
C1(C(=O)NC2=CC=CC=C2)SC(=NN=1)CCC(NCCCOC)=O,0.004658976313658058
C1(CN2C=CN=C2C2=CC=NC3C=CC=CC2=3)=CN(N=C1C)C,0.007527171121910215
C1(C(=O)NC2C=CC=CC=2)SC(=NN=1)CCC(=O)NCC1=CC=C(C)O1,0.005665204836986959
CC1=CC(C)=C(OCCN2C3=C(C=CC=C3)N=N2)C=C1,0.009494709596037865
C1(C(=O)NC2=CC=CC=C2)SC(=NN=1)CCC(=O)NC1C=CC(=CC=1C)F,0.004298579634632915
N1(C2C=CC=C(C)C=2)C=C(C=N1)C1CCN(CC=1)CCCC(N)=O,0.009576871665194631
C1(C(N)=O)(CC1)C(=O)N1CCN(C(=O)C1C)CC1=CC=CC(C)=C1,0.009271468501538038
C1(C(=O)NC2=CC=CC=C2)SC(=NN=1)CCC(=O)NC1=CC=C(C=C1Cl)F,0.004077023197896779
C1(=CC2=CC=CC=C2N=C1OC)C1N(CCC2NC=NC1=2)CC1C=COC=1,0.005193175934255123
C1(=CC2C(=CC(=CC=2)OC)N1C)C(=O)N(CC=C)C1CCS(=O)(=O)C1,0.006872959574684501
C1(C(=O)NC2=CC=CC=C2)SC(=NN=1)CCC(=O)NC1C=C(C)C=CC=1OC,0.005777832330204546
N1=C(OC)N=C(N=C1C1C=CC(=C(CO)C=1)F)OC,0.002956681838259101
C1(C(=O)NC2=CC=CC=C2)SC(=NN=1)CCC(=O)NC1=C(OCC)C=CC(OCC)=C1,0.005947609222494066
N1(C(C)(C)C)C(C)=C(C(C)=N1)C1CC(=O)NC2=CC3OCOC=3C=C12,0.010705534787848591
CC(CNC(C1CN(S(C2=CC=C(Br)C=C2)(=O)=O)CCC1)=O)C,0.0066233128542080525
C1(C(=O)NC2=CC=CC=C2)SC(=NN=1)CCC(=O)NC1C=CC(=C(Cl)C=1)OC,0.005154270702041686
C1(C(=O)NC2=CC=CC=C2)SC(=NN=1)CCC(=O)NC1C=CC(=CC=1)NC(C)=O,0.005430120509117842
C1(OC(=NN=1)CCC)C(=O)N1CCCC(CO)(CC(C)C)C1,0.003914047789294273
C12SCCN1C=C(CNC(=O)C1=CC3=CC(C)=CC=C3N=C1C)N=2,0.005759197100996971
C1(C(=O)NC2=CC=CC=C2)SC(=NN=1)CCC(NCCN1CCOCC1)=O,0.005103743495419621
CCCCNC(C1CN(S(C2=CC=C(OC)C=C2)(=O)=O)CCC1)=O,0.005333231342956424
C1(C(=O)NC2=CC=CC=C2)SC(=NN=1)CCC(=O)NC1C=CC(=CC=1C)N(CC)CC,0.006846082932315767
COC1=CC=C(S(N2CC(C(NC3CCCCC3)=O)CCC2)(=O)=O)C=C1,0.0073009873507544395
C1(C(=O)NC2C=CC=CC=2)SC(=NN=1)CCC(=O)NC1CCCCC1,0.0073498674435541035
C1(C(=O)NC2=CC=CC=C2)SC(=NN=1)CCC(=O)N1CCCCC1,0.0055143993580713865
C1(=CNC(C)=N1)C1=C(C=CC=C1Cl)OC,0.004163138661533594
C1(CN(CC)CC2ON=C(COC)N=2)=CNN=C1C1=CC=C(C=C1)F,0.004009868658613414
C1(C(=O)NC2C=CC=CC=2)SC(=NN=1)CCC(=O)NC1C=CC(=CC=1)Br,0.006412021489813924
CCCC(NC(C1CN(S(C2=CC=C(OC)C=C2)(=O)=O)CCC1)=O)C,0.00628774487413466
N1(CCOC2=C(C=C(C=C2C1)C1=CC=C(C)S1)O)C(=O)C1C=CC(=NC=1)C,0.004644867335446179
C1(C=C(SC=1NC(=O)C(C)(C)C)C)C(=O)N(C)CC1=CC=C(C(OCC)=C1)OC,0.008977077528834343
C1(C(=O)NC2C=CC=CC=2)SC(=NN=1)CCC(NCCCC)=O,0.005111465766094625
N1(CCC2=C(NC3=C2C=CC=C3)C1C(C)C)C(=O)C1=CC(Cl)=CNC1=O,0.006344051565974951
N1(C)[C@@H](C2C=CC(=CC=2)F)[C@H](C[C@@]1(CC)C(O)=O)C(=O)N1CCN(CC1)C,0.006244199781212956
N1=C(C=CN=C1N1CCN(CC1)C1N=CC=CC=1C#N)N1CCCC(O)C1,0.001866728049935773
C12CN(CCOC1=C(C=C(C1C=CC=CC=1C)C=2)O)CC1=C(C=CC=N1)C,0.007013135123997927
C1(=C(C)C2C(=CC(=CC=2)C)O1)C(=O)N1CC[C@@H](C[C@@H]1C(O)=O)O,0.0026346053695306183
NC(COC1=CC=C(C=C2C(=O)OC(C3=CC(F)=CC=C3)=N2)C=C1)=O,0.004687928105704486
N1(CC(C1)OC1=CC=CC=C1C)C(=O)C(O)C(F)(F)F,0.00255614537090878
C1(C(=O)NC2C=CC=CC=2)SC(=NN=1)CCC(=O)NC1C=CC=CC=1OC,0.005652350792661309
N1(CC2=C(C=NC(C(C)(C)C)=N2)C1)C(=O)C(C)OC1=CC=CC(Cl)=C1,0.00997582683339715
C1(C(=O)NC2C=CC=CC=2)SC(=NN=1)CCC(NCCC1C(C)=NOC=1C)=O,0.005758346640504897
NC(COC1=CC=C(C=C2C(=O)OC(C3=C(Br)C=CC=C3)=N2)C=C1)=O,0.006516067264601588
C1(C(=O)NC2C=CC=CC=2)SC(=NN=1)CCC(=O)NC1C(OC)=CC(=CC=1Cl)OC,0.004910510429181158
COC1=CC=C(C2OC(=O)C(=CC3=CC=C(OCC(N)=O)C=C3)N=2)C=C1,0.0057364668464288116
C1(=CN=C2CCCCN12)NC(=O)CC1C2=CC=CC=C2C(=O)N1,0.004723205720074475
CC1=CC=C(C2OC(=O)C(=CC3=CC(F)=C(F)C=C3)N=2)C=C1,0.006684860726818442
C12=NC(=CN1N=C(C)S2)CNC1=NC(C)=NC2CN(C(C)=O)CCC1=2,0.005305673379916697
C1(C(=O)NC2=CC=CC=C2)SC(=NN=1)CCC(NCCC1=CNC2C=CC(OC)=CC1=2)=O,0.003718902345281094
C1(NC(C)CN2CCC3=C(C=CC=C3)C2)=NC(C)=NC2CN(C(C)=O)CCC1=2,0.008516224729828537
CC1=CC(C2OC(=O)C(=CC3=CC(F)=C(F)C=C3)N=2)=CC=C1,0.006527751847170293
C1(CN(C)CC2=CC=C3C(CC4=C3C=CC=C4)=C2)=NN=CN1C(C)C,0.014900302886962891
C1(C(=O)NC2=CC=CC=C2)SC(=NN=1)CCC(=O)NC(C)CC1=CC=CO1,0.006114884000271559
C1(C(=O)NC2=CC=CC=C2)SC(=NN=1)CCC(NCCC1=CNC2C=CC(C)=CC1=2)=O,0.0042727520107291635
C1(C(=O)NC2=CC=CC=C2)SC(=NN=1)CCC(NCCC1=CNC2C=CC(Cl)=CC1=2)=O,0.0035165040520951153
FC1=CC=C(C2OC(=O)C(=CC3=CC(F)=C(F)C=C3)N=2)C=C1,0.006420295592397452
N1C(=O)C=CN(CCC(=O)N2CC[C@H]([C@H](O)C2)C2SC=CC=2C)C1=O,0.00107459865976125
FC(OC1=CC=C(C=C2C(=O)OC(C3=CC4=C(OCO4)C=C3)=N2)C=C1)(F)F,0.005125264031812548
N1N(CCNC(=O)CN2CCCCCC2)C2C(=CC=CC=2)N=1,0.005947312177158892
C1(C(=O)NC2=CC=CC=C2)SC(=NN=1)CCC(NCCCN1CCN(CC1)C)=O,0.005315393535420298
C1(=CSC2=NC(C)=CN12)C(=O)N1CCC2=C(C(=O)N(C(C)=N2)C)CC1,0.006614983570761979
C1(C(=O)NC2=CC=CC=C2)SC(=NN=1)CCC(NCCCN1CCCCC1)=O,0.005458644405007362
C1(C(=O)NC2=CC=CC=C2)SC(=NN=1)CCC(NCCCN1CCCCCC1)=O,0.006544811325147748
COC1=C(OCC(N)=O)C(Cl)=CC(C=C2C(=O)OC(C3=CC=CC=C3)=N2)=C1,0.00563807706348598
N1C2C(C)=CC=CC=2NC=1C1CCCN(CC2C=CC=CC=2C(O)=O)C1,0.0028411331528332084
C1(C(=O)NC2=CC=CC=C2)SC(=NN=1)CCC(NCCCN1CCCCC1C)=O,0.005413014814257622
C1(C=NN2CCCCC=12)C(=O)N1CCC(N(CC2=CC=CC=C2)C(CC)C1)=O,0.01075771595351398
C1(C(=O)NC2=CC=CC=C2)SC(=NN=1)CCC(NCCCN1CCCC1)=O,0.005825825594365596
N1OC2C(=CC=CC=2)C=1CC(=O)NC(C)C(=O)NC1=CC=C(C=C1F)C,0.006176204071380198
C1(C(=O)NC2C=CC=CC=2)SC(=NN=1)CCC(NCCN1CCCCCC1)=O,0.0068148113787174225
COC1=C(OCC(N)=O)C(Cl)=CC(C=C2C(=O)OC(C3=CC4=C(OCO4)C=C3)=N2)=C1,0.006061633443459868
C1(C=C2N(CCCN(C(C)=O)C2)N=1)C(=O)N1[C@H](CC=C)CC=C[C@H]1CC=C,0.013151576649397612
C1(=CC=CN=C1NC)CN(CCOC)CC1C=CC(=CC=1)C,0.007980295829474926
C1(C(=O)NC2=CC=CC=C2)SC(=NN=1)CCC(NCCN(C)CC1C=CC=CC=1)=O,0.00675758805591613
C1(C=C(C=CC=1OC)CN1CCC2(CC1)CCCO2)CN1C=CC=N1,0.012799095641821624
C1(C(=O)NC2=CC=CC=C2)SC(=NN=1)CCC(NCCCN1CCN(CC1)CC)=O,0.00568342343904078
C1(C=C2N(CCCN(CC3=CC=CC=C3)C2)N=1)C(=O)N(C)C(C)C1=CC=CO1,0.013198472559452057
C1(C(=O)NC2C=CC=CC=2)SC(=NN=1)CCC(NCCN1CCCCC1C)=O,0.00572426375001669
N1(CC[C@@H](C[C@@H]1C(O)=O)O)CC1CCN(CC1)C(C)C,0.004550363612361252
C1(C(=O)NC2C=CC=CC=2)SC(=NN=1)CCC(NCCN1CCN(CC1)CC)=O,0.006083975802175701
C1(C(Cl)=CC=C(C2=CC=C3C(OCO3)=C2)C=1)C(NC)=O,0.007345182285644114
C1(C(=O)NC2=CC=CC=C2)SC(=NN=1)CCC(NCCCN1CCN(CC1)C1C=CC=CC=1F)=O,0.003656837181188166
C1(C(=O)NC2=CC=CC=C2)SC(=NN=1)CCC(=O)NCC1C=CC=CC=1F,0.004262357670813799
N(CC1CCCO1)(CC1C=CSC=1)C(CCC1=CC=CN=C1)=O,0.009595151292160153
C1(C(=O)NC2=CC=CC=C2)SC(=NN=1)CCC(=O)NCC1C=C(OC)C(=C(OC)C=1)OC,0.006693911389447749
C12C=C(CNC(C)C3CCC3)C(=NC=1CN(CCC1=CC=CC=N1)C2=O)OC,0.00950816199183464
C1(C(=O)NC2C=CC=CC=2)SC(=NN=1)CCC(=O)NCC1=CC=CC=C1OCC,0.005605383985675871
C1(C2=CC=NC3C=CC=CC2=3)=CN(N=N1)CC1CCS(=O)(=O)C1,0.006441962416283786
C1(C(=O)NC2=CC=CC=C2)SC(=NN=1)CCC(=O)NCC1CCN(CC1)CC1C=CC(=CC=1)C,0.00589620138052851
N1(CCCN(CC2=NC=CN2CCC)CC1C(C)C)CC1CC1,0.016315210657194257
C1(=CC=CC2=NON=C12)C1=NC=CN1CCCN1C=CN=C1,0.006375988619402051
C1(C(=O)NC2C=CC=CC=2)SC(=NN=1)CCC(NCCCN1CCCC(C)C1)=O,0.005288612749427557
C1(C(=O)NC2=CC=CC=C2)SC(=NN=1)CCC(NCCCN1CCN(CC1)C1C=CC(=CC=1)F)=O,0.0037369024474173786
N1(C2C=CC=CC=2)C(=O)N(N=C1C1CCNCC1)CC1C=CC=C(C)C=1,0.005777488858439028
C1(C(=O)NC2C=CC=CC=2)SC(=NN=1)CCC(NCCCN1CCC(CC1)CC1C=CC=CC=1)=O,0.005435096402652562
C1(OC(=C(CN2CCC(C(NC)=O)C2)N=1)C)C1=CC=C(C(C)=C1OC)OC,0.006612105970270931
C1(C(=O)NC2C=CC=CC=2)SC(=NN=1)CCC(NCCCN1CCN(CC1)CC1C=CC=CC=1)=O,0.005125418701209128
N1(C(C)=CC(C)=N1)C1=CC=C(C=C1C1NC=CN=1)F,0.002726237667957321
C1(C(=O)NC2=CC=CC=C2)SC(=NN=1)CCC(NCCCN1CCC(CC1)N1CCCCC1)=O,0.006417062086984515
C1(C(=O)NC2C=CC=CC=2)SC(=NN=1)CCC(NCCCN1CCC2C(=CC=CC=2)C1)=O,0.006055431650020182
C1(C(=O)NC2C=CC=CC=2)SC(=NN=1)CCC(=O)NCC1CCN(CC1)CC1=CC=C(C=C1)Cl,0.005016849574167282
C1(C(=O)NC2=CC=CC=C2)SC(=NN=1)CCC(NCCCN1CCN(CC1)C1C=CC=CC=1)=O,0.005064665665850043
S(C)(=O)(=O)N(C)CC1=CC=C(CN(CC2=CC=CC=C2OC)C2CC2)O1,0.008883098606020212
C1(C(=O)NC2=CC=CC=C2)SC(=NN=1)CCC(NCCCN1CCN(CC1)CCC)=O,0.005744613870047033
C1(C(=O)NC2C=CC=CC=2)SC(=NN=1)CCC(NCCN1CCN(CC1)C)=O,0.005643696873448789
N1C(=O)NC(CCC)(C2CCN(CC2)C2=NC=NC3NC=NC2=3)C1=O,0.0011293856310658156
C1(C(=O)NC2C=CC=CC=2)SC(=NN=1)CCC(NCCN1CCN(CC1)C1C=CC=CC=1F)=O,0.004063978558406234
C1(C(=CC=CC=1O)O)C(=O)NCC(CC)OCC,0.007051979610696435
C1(C(=O)NC2C=CC=CC=2)SC(=NN=1)CCC(NCCN1CCN(CC1)C1=CC=CC(Cl)=C1)=O,0.004849169088993221
C1(C2CCN(CC2)C2C=CC(=CN=2)C(NCC)=O)NN=CC=1CC,0.003986811160575599
C1(C(=O)NC2=CC=CC=C2)SC(=NN=1)CCC(NCCN1CCC(CC1)CC1C=CC=CC=1)=O,0.00599662943277508
N1(CCC2C=CC=NC=2)CC(CC1=O)C(O)=O,0.006354066007770598
C1(C(=O)NC2C=CC=CC=2)SC(=NN=1)CCC(=O)N(C)CC1=CC=CO1,0.006492509972304106
C1(C(=O)NC2C=CC=CC=2)SC(=NN=1)CCC(=O)NCC1C=CC(=C(OC)C=1)OC,0.006271877721883356
C1(C(=O)NC2=CC=CC=C2)SC(=NN=1)CCC(NCCN1CCN(CC1)CC1C=CC=CC=1)=O,0.005646205693483353
C(=O)(C1C=CC(=CC=1C)OC)N1CCC2(CC1)CNC(=O)C2,0.008681219955906271
C1(C(=O)NC2C=CC=CC=2)SC(=NN=1)CCC(=O)NCC1=CC(OC)=CC=C1OC,0.005593949556350708
N1C(CNC2CCN(CC3=CC=CC=C3)C2)=NOC=1C1=CC=CO1,0.00813743551261723
C1(C(=O)NC2C=CC=CC=2)SC(=NN=1)CCC(=O)NCC1C=CC(=CC=1)OCC,0.0057237447472289205
N1(CC)C(CC2CCN(CC2)C(=O)CCOC2C=CC=CC=2)=NN(C)C1=O,0.00705161381047219
N1(CC2=NN=CN2CCC)C=NC(C2C=CC=CC=2)=C1C1=CC=CC=C1OCC,0.009849401051178574
C1(C(=O)NC2C=CC=CC=2)SC(=NN=1)CCC(=O)NCC1C=C(Br)C=CC=1OC,0.005994508392177522
C1(C(=O)NC2=CC=CC=C2)SC(=NN=1)CCC(=O)NCC1=CC=C(C=C1)N(C)C,0.006039242586120963
C1(C(=O)NC2=CC=CC=C2)SC(=NN=1)CCC(NCCCN(C)C1=CC=CC=C1)=O,0.005810525733977556
C1(C(=O)NC2=CC=CC=C2)SC(=NN=1)CCC(NCCCN1CCN(CC1)C1CCCCC1)=O,0.006257855170406401
C1(C(=O)NC2=CC=CC=C2)SC(=NN=1)CCC(NCCN1CCN(CC1)C1C=CC=C(C)C=1C)=O,0.005888465163297951
C1(C(=O)NC2C=CC=CC=2)SC(=NN=1)CCC(NCCC1=CC=CS1)=O,0.005759905138984322
S(=O)(=O)(N(C)C)N1CCOC(C2=CC=C(C(Cl)=C2)Cl)C1,0.010568224964663387
C1(C(=O)NC2C=CC=CC=2)SC(=NN=1)CCC(NCCC1=CC=CO1)=O,0.005620801099576056
N1C(CNC(=O)[C@H]2CC3C=CC=CC=3CN2)=NOC=1C1=CC=CO1,0.006706509878858924
C1(C(=O)NC2=CC=CC=C2)SC(=NN=1)CCC(NCCC1C=CC(=CC=1)OCC)=O,0.005992804025299847
N1=CN(C(C(CC)=CC)=C1C1=CC=CC=C1)CCCCNC,0.009029030986130237
C1(C(=O)NC2=CC=CC=C2)SC(=NN=1)CCC(=O)NCC1=CC=CC=C1C,0.005930133163928986
N1(C[C@@]2(CCCN3CCCC[C@@]32[H])O)C2=CC=C(C=C2N=C1COC)C,0.008691988652572036
C1(C(=O)NC2C=CC=CC=2)SC(=NN=1)CCC(=O)NCC1C=CC(=CC=1)OC(C)C,0.006120260595344007
N1N=C(NN=1)CCN1CCOC2=C(C=C(C3C=CC=CC=3C)C=C2C1)O,0.0025078060338273645
N1=NC(=CN1CC1=NC(C)=CC(=N1)C(F)(F)F)CCC1=CC=CC=C1,0.005847416142933071
C1(C(=O)NC2=CC=CC=C2)SC(=NN=1)CCC(=O)NCC1=CC=CC(F)=C1,0.004269422509241849
C1(=CC2OCOC=2C=C1Cl)C1=NC=CN1CCN1CCCCC1CO,0.00256144815357402
C1(C(=O)NC2C=CC=CC=2)SC(=NN=1)CCC(NCCC(C)N1CCCCCC1)=O,0.007657201727852225
C1(C(=O)NC2=CC=CC=C2)SC(=NN=1)CCC(=O)NCC1C=CC(=CC=1)OCCCC,0.005544009245932102
N(C1=CN=CC=N1)C(CNCC1C=CC(=C(Cl)C=1)Cl)=O,0.004305157286580652
C1(C(=O)NC2C=CC=CC=2)SC(=NN=1)CCC(NCCC1C=CC=CC=1OC)=O,0.005866971518844366
N1(CCCN(CC2=CC=C(C=C2)F)C(C(C)C)C1)C(=O)C1=CN=CC(F)=C1,0.008869765093550086
C1(C(=O)NC2=CC=CC=C2)SC(=NN=1)CCC(=O)NC1=CC=C(C=C1)CN1CCN(CC1)CC,0.005941408313810825
C12C(C3=CC=NC=C3)CC(NC1=NN(CC1=CC=CC=C1)C=2C)=O,0.007718359562568366
C1(C(=O)NC2=CC=CC=C2)SC(=NN=1)CCC(=O)NC(C)C1C=CC2=C(OCCO2)C=1,0.006249683350324631
C1(C=NNC=1C1CCN(CC1)CC1N(CC)N=CN=1)C1C=CC=C(F)C=1,0.004208815202582627
C1(C(=O)NC2C=CC=CC=2)SC(=NN=1)CCC(=O)NCC1CCN(CC1)CC1C=CC=CC=1F,0.004545949515886605
N1(C)C(COC2=CC=C(C=C12)C(=O)N(C)C)CC(=O)N(CCO)CCO,0.006016987189650535
C1(C(=O)NC2C=CC=CC=2)SC(=NN=1)CCC(=O)NC1C=CC2=C(CN(C2)CC2C=CC=CC=2)C=1,0.006501394463703037
N1(C2C=CC=CC=2N=C1)C1=NC=CC=C1CNC1=NC=NC(N(C)C)=C1,0.004750137077644467
C1(C(=O)NC2C=CC(=CC=2)OC)SC(=NN=1)CCC(=O)NCC1=CC=CC=N1,0.005166090023703873
C1(C(=O)NCC2C=C(F)C=CC=2C)C=C(NN=1)CN1C2C=CC=CC=2C=C1,0.004061110864859075
C1(=CC=C(CN2CCN(CC2)CC2C=CC=C(F)C=2)O1)C1=CC=NN1,0.004396098060533404
C1(C(=O)NC2C=CC(=CC=2)OC)SC(=NN=1)CCC(=O)NCC1=CC=CC=C1,0.0054876205511391165
C1(CN2CCCC2)=C(CC)OC(C(=O)N[C@H]2CCCCNC2=O)=C1,0.008549863053485752
C1(C(=O)NC2=CC=C(C=C2)OC)SC(=NN=1)CCC(=O)NC(C)CC,0.00576847093179822
N1(C2C=CC=NC=2)C(CCC2=CC=CC=C2O)=NN=C1SCC(O)=O,0.003815593454055488
C1(C(=O)NC2=CC=C(C=C2)OC)SC(=NN=1)CCC(=O)NC1CCCCCC1,0.007771490607410669
C1(C(=O)NC2=CC=C(C=C2)OC)SC(=NN=1)CCC(=O)NC1CCCC1,0.0068709109211340545
C1(=NC=CC(=C1)C(N)=O)N1CCN(CC1)CC=CC1C=CC=CC=1,0.005058873072266578
C1(C(=O)NC2C=CC(=CC=2)OC)SC(=NN=1)CCC(NCCN(C)C)=O,0.005679699871689081
N1(CCCC(C(NCCOC)=O)C1)C1CCN(CC1)CC1=CC=CC=C1C,0.010310022532939911
C1(C(=O)NC2C=CC(=CC=2)OC)SC(=NN=1)CCC(=O)NCC1=CC=C(C=C1)OC,0.0057526326039806005
N1(C=CC=N1)C1=CC=C(C=C1)CN1CCN(CC1)C1C=CC(=CN=1)C(O)=O,0.004927272978238762
N1(C2C=CC=C(Cl)C=2)C(SCC(O)=O)=NN=C1CC1=CC=C(C=C1)O,0.003192682540975511
C1(C(=O)NC2C=CC(=CC=2)OC)SC(=NN=1)CCC(=O)NCC1=CC=C(C=C1)C,0.005763231706805527
N1(CCNC(=O)C1CC(OC)=O)CC(C)=CC,0.0076476221438497305
C1(NC(CC2C=CC3=C(C=2)NC(CO3)=O)=O)=C(C)C=NN1CC1C=CC=C(F)C=1,0.005057251313701272
C1(C(=O)NC2=CC=C(C=C2)OC)SC(=NN=1)CCC(=O)NCC1C=CC2=C(OCO2)C=1,0.006079929275438189
C1(CN(CC2C=CC=CN=2)CC2=CC(=CS2)C#CCO)SC=CC=1C,0.005905168992467224
C1(C(=O)NC2=CC=C(C=C2)OC)SC(=NN=1)CCC(NCCC)=O,0.005384018737822771
C1(=NC=CC(C2CCCC2)=N1)N1CCOC(CN)C1,0.01023110980167985
C1(C(=O)NC2=CC=C(C=C2)OC)SC(=NN=1)CCC(=O)NC(C)C1=CC=CC=C1,0.0060502334730699655
C1(OC=NC=1C)C(=O)N1CCC(CC1)N1CCCC(C1)C(=O)N1CCOCC1,0.007942360546439885
C1(C(=O)NC2=CC=C(C=C2)OC)SC(=NN=1)CCC(NCCCN1CCOCC1)=O,0.005047852289862931
S(C)(=O)(=O)NC1CCN(CC1)CC1C=NC(=NC=1)C1CCCCC1,0.006166046927683055
C1(C(=O)NC2=CC=C(C=C2)OC)SC(=NN=1)CCC(NCCC(C)C)=O,0.0071935975458472965
C1(C(=O)NC2C=CC(=CC=2)OC)SC(=NN=1)CCC(=O)NCC1C=CC=C(C)C=1,0.005604862770996988
N1(CC2C=CC(=CC=2)F)C(=O)CCN(C(C2=CC=CC=C2)=O)CC1C(C)C,0.009153397800400854
C1(NCC(O)=O)N=CC(=CN=1)CN(CC=C)CC#CC1=CC=CC=C1,0.004303051775787025
C1(C(=O)NC2=CC=C(C=C2)OC)SC(=NN=1)CCC(NCCC1C=CC=CC=1)=O,0.005791202560067177
N1(CCCC(C(NCCOC)=O)C1)C1CCN(CC1)CCC1C=CC=CC=1,0.010213658818975091
C1(C(=O)NC2C=CC(=CC=2)OC)SC(=NN=1)CCC(NCCN1CCCCC1)=O,0.0057556125801056625
S(NC)(=O)(=O)C1C=CC(=CC=1)CN(C)CC1NC2C(=CC=C(F)C=2)N=1,0.0017192322731716559
C1(C(=O)NC2=CC=C(C=C2)OC)SC(=NN=1)CCC(NCCOC)=O,0.0047961066942662
N1(C(C)C)C[C@@H]([C@@H](NC2C=C(C)N=C(CCC)N=2)C1)O,0.0024709072604309767
C1(C(=O)NC2C=CC(=CC=2)OC)SC(=NN=1)CCC(=O)NCC1=CC=CC=C1OC,0.005671281623654068
N1=CN(N=C1)CCCC(=O)N(C(C)COC)CC1=CC=C(C(OC)=C1)OC,0.010006105806678534
C1(C(=O)NC2=CC=C(C=C2)OC)SC(=NN=1)CCC(=O)NCC1=CC=C(C=C1)F,0.0050237259129062295
C1(C(=O)NC2=CC=C(C=C2)OC)SC(=NN=1)CCC(=O)NCC1=CC=CS1,0.00533063798211515
CC1=C(F)C=CC(S(N2CCCCC2)(=O)=O)=C1,0.005071786709595472
C1(C(=O)NC2=CC=C(C=C2)OC)SC(=NN=1)CCC(NCCC1CCCCC=1)=O,0.008378925174474717
N1(C[C@@H](C[C@H]1C(NCC)=O)N)C(=O)C1=CC=C(C2=CC=CC=C2)N1,0.004612758487928659
C1(C(=O)NC2=CC=C(C=C2)OC)SC(=NN=1)CCC(=O)NC(C)CCC1=CC=CC=C1,0.006412026728503406
C(=O)(C1=CC=C(C=C1)CO)N(CC)CC1=CC(Cl)=CC=C1OC,0.004674578958656639
C1(C(=O)NC2=CC=C(C=C2)OC)SC(=NN=1)CCC(NCCCOC)=O,0.005075261974707246
C1(ON=C(CC(C)C)C=1)C(=O)N1CCOC(CCN(C)C)C1,0.01057759434916079
C1(C(=O)NC2=CC=C(C=C2)OC)SC(=NN=1)CCC(=O)NCC1=CC=C(C)O1,0.00573904444463551
N1(CCCC(C1)C(=O)CC(C)C)C(=O)C1=CC=C(N=C1)NCC1=CC=CC=C1,0.008280481002293527
C1(SCCNC(=O)C2C=CC(=CC=2)CN(CCC)CCC)=NN=NN1C,0.006120829144492745
C1(C=NN2C=CC=NC=12)C1=C(C=CC=C1Cl)OC,0.008680604677647353
C1(C(=O)NC2=CC=C(C=C2)OC)SC(=NN=1)CCC(NCCN1CCOCC1)=O,0.005431803921237588
C1(C2=CC=CC=C2Cl)OC(=C(CN2C3N=CC=CC=3C=N2)N=1)C,0.0060035138158127666
C1(C(=O)NC2=CC=C(C=C2)OC)SC(=NN=1)CCC(NCCCC)=O,0.00548358813393861
C1(CCCN(CC2=CC=CC=C2F)C1=O)(O)CN(C)CCN1CCCC1,0.010469571873545646
C1(C(=O)NC2=CC=C(C=C2)OC)SC(=NN=1)CCC(NCCCN1CCN(CC1)C)=O,0.005283002345822752
C1(C(=O)N2C[C@@H](C)O[C@@H](C)C2)N=C2N(C=C(C=C2)Cl)C=1CN1CCCC1,0.006137084751389921
CC1CCN(S(C2=C(Cl)C=C(Cl)C(C)=C2)(=O)=O)CC1,0.006759880669414997
C1(C(=O)NCC2NC=CN=2)C=C(ON=1)COC1C=CC(=C(F)C=1)F,0.0031614445964805783
C1(C=NN(C)C=1)NC(=O)C1=CC=C(C=C1)CN(C)CC1CCCO1,0.008952900161966681
C1(C(=O)NC2C=CC(=CC=2)OC)SC(=NN=1)CCC(NCCCN1CCCCC1)=O,0.005444004572927952
C12=CC(C3C=CC=C(Cl)C=3)=CC(O)=C1OCCN(C(COCCC)=O)C2,0.00436310691293329
CC(NC1=CC(C2N=C(C3=CC=CC=C3)SC=2)=CC=C1)=O,0.005164550128392875
N1=C(C2CCN(CC2)C(=O)C2C=CC=CN=2)ON=C1CN(C)C,0.00750185027718544
C1(C(=O)NC2C=CC(=CC=2)OC)SC(=NN=1)CCC(NCCCN1CCCCCC1)=O,0.006391994142904878
N1(CCCC1)CCCNCC(=O)NCC1C=CC=CC=1F,0.006164552667178214
C1(C(=O)NC2C=CC(=CC=2)OC)SC(=NN=1)CCC(NCCCN1CCCC1)=O,0.005867231846787035
C1(C(=O)NC2C=CC(=CC=2)OC)SC(=NN=1)CCC(NCCN1CCCCCC1)=O,0.0068033106159418825
C1(C(=O)NCC2COC3=C(C=CC=C3)O2)C=C(ON=1)CN1CCC(CC1)O,0.0037286319537088277
C1(C(=O)NC2C=CC(=CC=2)OC)SC(=NN=1)CCC(NCCN1CCCC1)=O,0.006141371070407331
C12C(=O)NCC(C)(C)CC=1NC(C1C=CC(=C(F)C=1F)OC)=N2,0.0036894292919896544
C1(C(=O)NC2C=CC(=CC=2)OC)SC(=NN=1)CCC(NCCN1CCCCC1C)=O,0.005781204230152071
C12C(CC(NCC=1N=C1C=C(C)C=CN21)=O)C1C=NN(CCC)C=1C,0.006824651616625488
C1(C(=O)NC2=CC=C(C=C2)OC)SC(=NN=1)CCC(NCCN1CCN(CC1)CC)=O,0.0060446306597441435
C1(CN2C=CN=C2C2=CC=C(C3CCCCO3)O2)C(C)=NN(CC)C=1C,0.011621345346793533
C1(C(=O)NC2C=CC(=CC=2)OC)SC(=NN=1)CCC(=O)NCC1=CC=CC=C1OCC,0.005719545017927885
C1(=O)NC2C(=CC(=CC=2)C(=O)N2CCC(CC2)C2NN=CC=2CC2C=CC=CC=2)N1,0.002869015617761761
N1(CC2=CC=C(C=C2)OC2=NC=CC=N2)C[C@@H](C[C@H]1C(NCC)=O)N,0.004931519320234656
C1(C(=O)NC2=CC=C(C=C2)OC)SC(=NN=1)CCC(NCCCN1CCCC(C)C1)=O,0.005677642161026597
C1(C(C)NC(=O)C2C=C(ON=2)COC2=CC=CC3C=NC=CC2=3)=NNC(C)=N1,0.004359934618696571
C1(C(=O)NC2=CC=C(C=C2)OC)SC(=NN=1)CCC(=O)NCC1C=CC(=C(OC)C=1)OC,0.006389251723885536
N1=C(SCC(=O)N(CC)CC2=NOC(CCC)=N2)NN=C1N,0.0034096398507244886
CC1=C(S(N)(=O)=O)C=CC=C1,0.007856479322072119
C1(C(=O)NC2=CC=C(C=C2)OC)SC(=NN=1)CCC(=O)NCC1C=CC(=CC=1OC)OC,0.0057950922520831226
C1(C(=O)NC2C=CC(=CC=2)OC)SC(=NN=1)CCC(=O)NCC1=CC(OC)=CC=C1OC,0.005913338484242558
CCOC1=C(C(CSC2N3C(=NC4=C3C=CC=C4)C(C#N)=C(C)C=2)=O)C=CC=C1,0.008164260420016944
C1(C(C)=NN(C2C=CC=CC=2)C=1Cl)C1N(C)C=NC=1C1=CC=CC=C1,0.009450893756002188
C1(C(=O)NC2C=CC(=CC=2)OC)SC(=NN=1)CCC(=O)NCC1C=CC(=CC=1)OCC,0.005800817906856537
C1(C(=O)NC2C=CC(=CC=2)OC)SC(=NN=1)CCC(=O)NCC1=CC=CC=C1C,0.0056651567574590445
N1C(=CC=NC=1C(C)C)CN1CCC(CNC(=O)C(C)(C)C)C1,0.00940705807879567
C1(C(=O)NC2C=CC(=CC=2)OC)SC(=NN=1)CCC(=O)NCC1=CC=CC(F)=C1,0.0049000562401488425
C1(=NC=CN1C(C)C1SC=CN=1)C1C=CC=CC=1C1=CC=CO1,0.007986089214682579
N1(CC2NN=C(C3C=CC=NC=3)N=2)C(=O)C2=CC=CC=C2C(CC2C=CC=CC=2)=N1,0.0043147904332727196
C1(C(=O)NC2C=CC(=CC=2)OC)SC(=NN=1)CCC(=O)NCC1C=CC(=CC=1)CC,0.0062429990852251645
C1(N2CCC3(CC2)NC2=CC=CC=C2NC3=O)=NC(C)=NC2CNCCC1=2,0.006310644675977528
N1=C(OC)C=CN=C1N1CCN(CC1)CC1=CC(=CS1)C#CCO,0.003011749172583222
C1(C(=O)NC2=CC=C(C=C2)F)SC(=NN=1)CCC(=O)NCC1=CC=CC(Cl)=C1,0.003941611514892429
C1(C(O)=O)N(C)CCN(C2CCN(CC2)C(C2=CC=CC=C2)=O)C1,0.007066214527003467
C1(C(=O)NC2C=CC(=CC=2)F)SC(=NN=1)CCC(=O)NC1=CC=C(C=C1)C(C)=O,0.0069246996426954865
C12C=C(CNC(=O)C3C=CN=C(CC)C=3)C(=NC=1CN(CC)C2=O)OC,0.007671447610482574
CCCC1=C(Cl)N2C(=NC3=C2C=CC=C3)C(C#N)=C1C,0.006479355308692902
N1C(N(C)C)=NC2=C(CCN(C(=O)CCC3C(C)=NNC=3C)C2)C=1N(C)C,0.005662628484424203
C1(C(=O)NC2=CC=C(C=C2)F)SC(=NN=1)CCC(=O)NCC1=CC=CC=N1,0.004086973774246871
C1(C=C(NN=1)COC1=CC=CC(F)=C1)C(=O)N1CCC(CC)(CC)C1,0.006055084755644202
N1(CCCC(CCNC(=O)C2C=NC=C(C)C=2)C1)C1CCOCC1,0.010137627366930246
C1(C(=O)NC2=CC=C(C=C2)F)SC(=NN=1)CCC(=O)NCC1C=CC=NC=1,0.00390975889749825
C1(=COC(COC2=CC=CC(OC)=C2)=N1)C(=O)NC(C)(C)CO,0.0030629485845565796
C1(C(=O)NC2=CC=C(C=C2)F)SC(=NN=1)CCC(=O)NCC1=CC=CC=C1,0.004428638180252164
N1C2C=CC=CC=2N(C)C=1CCCNC(=O)CCN1CCCCO1,0.0012728974281344563
C1(C(=O)NC2C=CC(=CC=2)F)SC(=NN=1)CCC(=O)NC(C)CC,0.004460638202726841
N1(C(CC)C2NN=C(C3CC3)N=2)C2=CC=CC=C2N=C1CC,0.006465283827856183
C1(C(=O)NC2=CC=C(C=C2)F)SC(=NN=1)CCC(NCCC1C=CC(=CC=1)Cl)=O,0.004314157890621573
N1(CC)C(=O)COC2=CC3NC(=O)CC(C=3C=C12)C1=CC=C(C(O)=O)S1,0.0045824369182810186
C1(C(=O)NC2C=CC(=CC=2)F)SC(=NN=1)CCC(=O)NC1CCCCCC1,0.006922843935899437
C1(C(=O)NC2C=CC(=CC=2)F)SC(=NN=1)CCC(=O)NC1CCCC1,0.005766564607620239
C1(CN2CCN(CC2)C(C2C=CC=CC=2)=O)=NC=CN1C1C=CC(=CC=1)OC,0.006180409179069102
S1C(C)=CC=C1CN(CC1=CC=NC=C1)CC1=CC=C(C=C1)NC(C)=O,0.008179880445823073
C1(C(=O)NC2=CC=C(C=C2)F)SC(=NN=1)CCC(NCCN(C)C)=O,0.0043421816546469925
C(=O)(C1=CC=CN=C1OC)N1CCOC(C1)C1C=CC2C(=CC=C(OC)C=2)C=1,0.007031617523171008
C1(C(=O)N2CCCC2)C=C2N(CCN(C2)C2=NC=NC3SC=C(C)C2=3)N=1,0.007055274676531553
N1=C(CNC2C=C(OC)N=CN=2)C=C(CC(C)C)O1,0.007510401215404272
C1(C(=O)NC2=CC=C(C=C2)F)SC(=NN=1)CCC(=O)NCC1=CC=C(C=C1)OC,0.004858457134105265
C1(C(=O)NC2=CC=C(C=C2)F)SC(=NN=1)CCC(=O)NCC1=CC=C(C=C1)C,0.004796166508458555
N1(CC2CC2)C(=O)CCN(C(=O)C2C=CN=C(N)C=2)CC1C(C)C,0.006535012647509575
C1(C(=O)NC2C=CC(=CC=2)F)SC(=NN=1)CCC(=O)NCC1C=CC2=C(OCO2)C=1,0.004583401302807033
C(=O)(C1(CCNCC1)OC1=CC=C(C=C1)Cl)N1CCOCC1CO,0.0035827245796099306
C1(C(=O)NC2C=CC(=CC=2)F)SC(=NN=1)CCC(NCCC)=O,0.004036457138136029
N1(CC2=C(C=NC(C(C)(C)C)=N2)C1)C(=O)CC1=CC=C(C(OC)=C1)OC,0.011536483606323599
C1(C(=O)NC2C=CC(=CC=2)F)SC(=NN=1)CCC(=O)NC(C)C1=CC=CC=C1,0.005036527174524963
C1(=C(C)NC(C(C#N)=C1)=O)C(=O)N1CCOC(CC2C=CC=CC=2)C1,0.0037251347675919533
C1(C(=O)NC2C=CC(=CC=2)F)SC(=NN=1)CCC(NCCCN1CCOCC1)=O,0.004121478367596865
C1(C=NN(CC=C)C=1C)C1C=C(C2=CC=C(C(OC)=C2)O)N=C(N)C=1C#N,0.002692036738153547
C1(C(=O)NC2C=CC(=CC=2)F)SC(=NN=1)CCC(NCCC(C)C)=O,0.005778272938914597
C1(C2=CC=C(C(CN(C)C)=C2)O)=NC=CN1CCN1CCCC1,0.004404510487802327
C1(C(=O)NC2=CC=C(C=C2)F)SC(=NN=1)CCC(=O)NCC1C=CC=C(C)C=1,0.004660679958760738
C1(=CC2=C(C=CC=C2)O1)C1=NC=CN1CC(C1=CC=NC=C1)N1CCOCC1,0.008269206481054425
C1(C(=O)NC2C=CC(=CC=2)F)SC(=NN=1)CCC(NCCC1C=CC=CC=1)=O,0.0047843372216448184
C1(SCCNC(=O)C(CC)NC2C=CC=C(OC)C=2)=NN=NN1C,0.00391689696116373
C1(=NC=CC=C1C(O)=O)N1CC[C@H]([C@H](O)C1)N1CCN(CC1)C,0.0013565734232543036
C1(C(=O)NC2=CC=C(C=C2)F)SC(=NN=1)CCC(NCCN1CCCCC1)=O,0.0047102301148697736
N1(CC)C(=O)N(N=C1C1CCCNC1)CCCCC(OC)=O,0.0052951348945498465
C1(C(=O)NC2C=CC(=CC=2)F)SC(=NN=1)CCC(NCCOC)=O,0.0035611871746368704
C1(CN2CCC3(CC2)NCCNC3=O)=C(OC)C=C(C=C1OC)OC,0.006429385161027312
C1(C(=O)NC2=CC=C(C=C2)F)SC(=NN=1)CCC(=O)NCC1=CC=CC=C1OC,0.004819439304992556
C1(=CC=C(C=C1C)NC(C)=O)C(NCCC1CN(CC)CCO1)=O,0.007233999483287334
C1(C(=O)NC2C=CC(=CC=2)F)SC(=NN=1)CCC(=O)NCC1=CC=C(C=C1)F,0.004493072046898305
N1(C=CC=N1)C1=CC=C(C(C)=C1)CN1CCC(CC1)C1NN=CC=1CC,0.0063792315777391195
C1(C=NC(=NC=1C)C)C(=O)N(C)CCCOC1=CC=CC=C1CC,0.009505377057939768
C1(C(=O)NC2C=CC(=CC=2)F)SC(=NN=1)CCC(=O)NCC1=CC=CS1,0.004208874003961682
N12CC[C@H](C[C@@]1([H])C(N(CCC1=CC=CC=N1)CC2=O)=O)O,0.002462368173291907
C1(C2=CC=CC=N2)NC(=NC=1C1=CC=CC(F)=C1)CNC(=O)C1COCCN1,0.0021030131203588097
C1(C(=O)NC2C=CC(=CC=2)F)SC(=NN=1)CCC(NCCC1CCCCC=1)=O,0.007231371616944671
C12C=C(CNC(=O)C3=CN=C(C=N3)C)C(=NC=1CN(C1CCCC1)C2=O)OC,0.008181578177027405
CN(S(C1=CC(C)=C(F)C=C1)(=O)=O)C,0.005583348509389907
C1(C(=O)NC2C=CC(=CC=2)F)SC(=NN=1)CCC(=O)NC(C)CCC1=CC=CC=C1,0.005556898377835751
C1(C(=O)NC2C=CC(=CC=2)F)SC(=NN=1)CCC(NCCCOC)=O,0.0038254628889262676
C1(OC23CCCN(CC2)C3)=C(F)C=C(C=C1F)F,0.009534540819004178
C1(C(=O)NC2C=CC(=CC=2)F)SC(=NN=1)CCC(=O)NCC1=CC=C(C)O1,0.004636812605895102
C12CCN(CC=1N=C(C1=CC=CC=N1)NC2=O)C(=O)C1COCCO1,0.004743097187019885
CC1=C(S(NC2=C(Cl)C=CC(Cl)=C2)(=O)=O)C=CC(F)=C1,0.004687858070246876
C1(C(=O)NCC(C)OC2C=CC=NC=2)C(Cl)=C(N(C)N=1)C,0.007425757637247443
C1(C(=O)NC2C=CC(=CC=2)F)SC(=NN=1)CCC(NCCN1CCOCC1)=O,0.004345956118777394
C1(=CC=NN1C1CCN(CC1)C(C(C)O)=O)NC(=O)NC1C=CC=C(F)C=1,0.0017375345283653586
C1(C(=O)NC2C=CC(=CC=2)F)SC(=NN=1)CCC(NCCCC)=O,0.0042398680932819845
C1(N2CCNC(CC)C2)C2CCNCC=2N=C(C2=CC=C(C=C2)C(N)=O)N=1,0.0049038918339647354
C1(C(=O)NC2C=CC(=CC=2)F)SC(=NN=1)CCC(NCCCN1CCN(CC1)C)=O,0.004421260161325336
C1(C(=O)N2C[C@H]3[C@@](CN(C)C3)(C(O)=O)C2)=C(C)N=C2SC=CN21,0.004467153875157237
C1(C(=O)NC2=CC=C(C=C2)F)SC(=NN=1)CCC(NCCCN1CCCCC1)=O,0.004554274189285934
C1(=CC=C(CN(CCOC)CC2=CC=CS2)S1)C1=CC=NN1,0.00673055115621537
C1(C(=O)NC2=CC=C(C=C2)F)SC(=NN=1)CCC(NCCCN1CCCCCC1)=O,0.005470798094756901
N1(CCCC2(CCN(CC3=CC=CC(=C3)N3C=CC=N3)C2)C1)C(OC)=O,0.00812584557570517
C1(C(=O)NC2=CC=C(C=C2)F)SC(=NN=1)CCC(NCCCN1CCCCC1C)=O,0.004462318634614349
N1=C2C(C)=CC=CN2C=C1C(=O)NCC1=CC=CN=C1OC1=CC=C(N=C1)C,0.0045891432440839704
C1(C(=O)NC2=CC=C(C=C2)F)SC(=NN=1)CCC(NCCCN1CCCC1)=O,0.004860082012601197
C12CN(CC(CC)O)CCC=1ON=C2C1C=CC(=CC=1)C1=CC=CC=C1,0.005539216590113938
C1(C(=O)NC2=CC=C(C=C2)F)SC(=NN=1)CCC(NCCN1CCCCCC1)=O,0.0056916414992883805
C1(C=C(CCN)N=C(C)N=1)N1CCCC1C1C(C)=NON=1,0.010546825546771287
C12CN(CCC=1ON=C2C1=CC=CC=C1F)CC1C=CC=CC=1C(O)=O,0.004950419417582452
SC1NC(=O)C(CC(C2SC=CC=2)=O)=NN=1,0.004760510835330934
C1(C=CC(=C2N=CC=CC=12)C)C1N=CC=C(C2CCN(CC(O)=O)C2)C=1,0.009168060589581728
C1(C(=O)NC2=CC=C(C=C2)F)SC(=NN=1)CCC(NCCN1CCCC1)=O,0.0049532312666997315
C1(C=NN(C)C=1)C(=O)NCC1=CC=CN=C1OC1C=CC=CC=1C,0.005858347890898586
C1(=CC=C(N=C1)C1C=CC=C2C=NC=CC=12)C(NCCCC1C=CC=CN=1)=O,0.00808933584485203
C1(C(=O)NC2=CC=C(C=C2)F)SC(=NN=1)CCC(NCCN1CCCCC1C)=O,0.004754804540425539
OC(C1=C(C(C2=CC=C(Br)C=C2)=O)C=CC=C1)=O,0.011343737202696502
C1(C(=O)NC2C=CC(=CC=2)F)SC(=NN=1)CCC(NCCN1CCN(CC1)CC)=O,0.0050612721825018525
C1(=O)C(CCCN1CC1C=CC(=CC=1)C(C)C)(CNCC1=CC=CC=N1)O,0.008771455194801093
C1(C(=O)NC2=CC=C(C=C2)F)SC(=NN=1)CCC(=O)NCC1=CC=CC=C1OCC,0.00498458337970078
N1(C(C)=CC(C)=N1)C1=CC(C)=CC=C1C1C=CC(=CC=1)C(O)C(O)=O,0.004813937575090676
C1(CN(CCN1C)CC1C=NC(=NC=1)C1CCCCC1)C(O)=O,0.007594619388692081
C1(C(=O)NC2C=CC(=CC=2)F)SC(=NN=1)CCC(NCCCN1CCCC(C)C1)=O,0.00484624735545367
C1(=COC(COC2C=CC(=CC=2)F)=N1)C(=O)NCC1CC(N(CC)C1)=O,0.0046806892263703045
C1(C(=O)NC2C=CC(=CC=2)F)SC(=NN=1)CCC(=O)NCC1C=CC(=C(OC)C=1)OC,0.005004042712971568
C1(NC=C(C)N=1)C(=O)NC1=CC=CC(=C1C)C(=O)NC1CCCCC1,0.004811442387290299
C12=C(CCNC1C1C(OC)=CC=C(C(C)C)C=1)NC=N2,0.006117744417861104
N1(C[C@H]([C@H]2N3CCC(CC3)[C@H]21)C1C=CC=CC=1)C(=O)C1=CSC(CCC)=N1,0.007981332472991199
C1(C(=O)NC2C=CC(=CC=2)F)SC(=NN=1)CCC(=O)NCC1C=CC(=CC=1OC)OC,0.004471131367608905
N1([C@H]2CC[C@@H](CC2)NC(=O)C2C=CC=CC=2CC2=CC=C(C=C2)C)C=NN=C1,0.009584971563890576
C1(C(=O)NC2=CC=C(C=C2)F)SC(=NN=1)CCC(=O)NCC1=CC(OC)=CC=C1OC,0.004776230081915855
C1(NNC(=O)C=1)C(=O)N(CC1C=CC=CC=1)CC1SC=NC=1C,0.00373124087927863
C1(C(=O)NC2=CC=C(C=C2)F)SC(=NN=1)CCC(=O)NCC1C=CC(=CC=1)OCC,0.005015016277320683
C1(CC2C3=CC(C)=CC=C3NC2=O)N(C2=CC=CC=C2)N=C(C2CC2)N=1,0.007944909320212901
C1(C(=O)NC2=CC=C(C=C2)F)SC(=NN=1)CCC(=O)NCC1=CC=CC=C1C,0.004714226769283414
N(CC1=CC=CC(Cl)=C1)(CC1=CC=C(CO)O1)C1CC1,0.0057568820659071205
C1(C(=O)NC2=CC=C(C=C2)F)SC(=NN=1)CCC(=O)NCC1=CC=CC(F)=C1,0.004376900638453663
C1(N(C)CC2=NOC(CC)=N2)C2=CC=CC=C2N=C(CCN)N=1,0.008006667043082416
C1(C(=O)NC2=CC=C(C=C2)F)SC(=NN=1)CCC(=O)NCC1C=CC(=CC=1)CC,0.005227029672823846
C(=O)(N(CCC)CC1=CC=CC=C1F)[C@@H]1C[C@@H](CN1C)N,0.007414393918588757
C1(C(=O)NC2C=CC(=CC=2)C)SC(=NN=1)CCC(=O)NCC1=CC=CC=N1,0.005388149293139577
C1(C(=O)NC2C=CC(=CC=2)C)SC(=NN=1)CCC(=O)NCC1C=CC=NC=1,0.005122263845987618
C1(C(=O)NC2C=CC(=CC=2)C)SC(=NN=1)CCC(=O)NCC1=CC=CC=C1,0.005862038815394044
C1(C(=O)NC2=CC=C(C=C2)C)SC(=NN=1)CCC(=O)NC(C)CC,0.006119285081513226
N1(C2=CC=CC=C2)C(CC2CCNCC2)=NN(CC2CCN(C)C2)C1=O,0.006817501969635487
C1(C(=O)NC2=CC=C(C=C2)C)SC(=NN=1)CCC(=O)NCC1C=CC=CC=1Cl,0.005133000947535038
C12C(CC(NC=1NN=C2C(C)(C)C)=O)C1=CC=NC2C=CC=CC1=2,0.005268296669237315
C1(C(=O)NC2C=CC(=CC=2)C)SC(=NN=1)CCC(NCCC1C=CC(=CC=1)Cl)=O,0.005539223249070346
C1(C=C(NN=1)COC1C=CC=CC=1OC)C(=O)N1CCOCC1CO,0.002694064727984369
COC1=C(OC)C=C(C2=C(N)NN=C2C)C=C1,0.004862173739820719
C1(C(=O)NC2=CC=C(C=C2)C)SC(=NN=1)CCC(=O)NC1CCCCCC1,0.0080199777148664
N1=C(CNC(=O)C2C(C)=C(C)C=C(C)C=2C)ON=C1CC(C)C,0.012212896114215254
N1(CCCC(C1)C(=O)C1=CC(C)=C(C(C)=C1)OC)C1=NC=NC(COC)=C1,0.012965756608173251
C1(C(=O)NC2=CC=C(C=C2)C)SC(=NN=1)CCC(=O)NC1CCCC1,0.006937150843441486
N1(CCC(CNC2CCN(CC2)C(C2=CC=CC=C2)=O)C1)C1C=CC(=CC=1)C,0.009907019045203923
S(C)(=O)(=O)N(C)CCC(=O)N1CCN(CC1C)C1=CC=CC=C1,0.006023878895211965
C1(C(=O)NC2C=CC(=CC=2)C)SC(=NN=1)CCC(NCCN(C)C)=O,0.005865707318298519
C1(C(=O)NC2C=CC(=CC=2)C)SC(=NN=1)CCC(=O)NCC1=CC=C(C=C1)OC,0.0057430267333984375
N1(C=CC=N1)C1=CC=CC(=C1)C(=O)NCC1(CN2C=CC=N2)CC1,0.00822137794457376
C1(C(=O)NC2CC2)C=C2N(CCCN(C2)C(=O)C2C=CC=CC=2C(C)=O)N=1,0.012296911282464861
C1(C(=O)NC2C=CC(=CC=2)C)SC(=NN=1)CCC(=O)NCC1=CC=C(C=C1)C,0.006460934597998858
C1(=NC=CC=C1CN(CC(C)C)CC1SC=CC=1C)N1CCOCC1,0.010419075656682254
C1(C(=O)NC2=CC=C(C=C2)C)SC(=NN=1)CCC(=O)NCC1C=CC2=C(OCO2)C=1,0.005847165849991143
C1(C(=O)NC2=CC=C(C=C2)C)SC(=NN=1)CCC(NCCC)=O,0.00552945111412555
C1(=O)C(CCCN1CC1C=CC=C(OC)C=1OC)(O)CNC1CCCC1,0.010635002097114921
C1(=NC=CC(C2CCCC2)=N1)N1CCC(N(CC)CC)C1,0.015550822112709283
C12NC(=O)CC(C3C=NC(=NC=3)SCCCC)C=1C(=NN2C(C)C)C,0.008446611557155847
C1(C(=O)NC2=CC=C(C=C2)C)SC(=NN=1)CCC(=O)NC(C)C1=CC=CC=C1,0.006592953833751381
C1(C(=O)NC2=CC=C(C=C2)C)SC(=NN=1)CCC(NCCCN1CCOCC1)=O,0.005015355115756392
N1(CCCCC1C)C1C=CC(=CC=1NC(COCCCC)=O)C(N)=O,0.006616852851584554
C1(C=CC(=C(C)C=1)F)C(N(CC=C)CC#CC1=CC=CC=C1)C(O)=O,0.006389176193624735
N1N=C(NN=1)CCN1CCOC2=C(C=C(C=C2C1)C1=CC=C(C)S1)O,0.002607160329353064
C12CSC(C)C=1N=C(C(C#N)=C2C1C=NC(=NC=1)C(C)C)N,0.004344019456766546
C1(C(=O)NC2=CC=C(C=C2)C)SC(=NN=1)CCC(NCCC(C)C)=O,0.00671064187772572
C1(=NC=CC=C1CNC(=O)C(CCC)=O)N1CCN(CC1)C1=CC=CC=N1,0.006694054044783115
C1(C(=O)NC2C=CC(=CC=2)C)SC(=NN=1)CCC(=O)NCC1C=CC=C(C)C=1,0.006264653662219644
N12N=CN=C1N=C(C)C=C2N1CCN(CC1)C1C=C(C2CCNCC2)N=C(C)N=1,0.006694177957251668
C1(C(=O)NC2=CC=C(C=C2)C)SC(=NN=1)CCC(NCCC1C=CC=CC=1)=O,0.0062788441777229306
C1(C(=O)NC2C=CC(=CC=2)C)SC(=NN=1)CCC(NCCN1CCCCC1)=O,0.005738676176406443
C1(C(=O)NC2=CC=C(C=C2)C)SC(=NN=1)CCC(NCCOC)=O,0.004466418130323291
C1(CN(CC)C(=O)CC2C=CC(=CC=2)NC(CCC)=O)C=NN(CC)C=1,0.00909952437505126
C1(C(=O)NC2C=CC(=CC=2)C)SC(=NN=1)CCC(=O)NCC1=CC=CC=C1OC,0.005725248297676444
C1(=NC=CC=C1CNC(=O)C1=CC=C(C=C1)CO)OC1C=CC=CC=1C,0.0033307531266473234
C1(C(=O)NC2=CC=C(C=C2)C)SC(=NN=1)CCC(=O)NCC1=CC=C(C=C1)F,0.004605372017249465
C1(C=C(C2=CC=CC(=C2)C(O)=O)N=C(N)C=1C#N)C1=CC(O)=CC=C1OC,0.0018247385043650866
C1(C(=O)NC2=CC=C(C=C2)C)SC(=NN=1)CCC(=O)NCC1=CC=CS1,0.005553781078197062
C1(C(=O)NC2=CC=C(C=C2)C)SC(=NN=1)CCC(NCCC1CCCCC=1)=O,0.00872009452432394
N1(C2CCN(C2)C2N=C(C)C3C(=CC(=CC=3)OC)N=2)C(C)=CC(C)=N1,0.009899498103186488
C1(C(=O)NC2=CC=C(C=C2)C)SC(=NN=1)CCC(=O)NC(C)CCC1=CC=CC=C1,0.007173393690027297
C1(C(=O)NC2=CC=C(C=C2)C)SC(=NN=1)CCC(NCCCOC)=O,0.0047819252824410794
C1(C=NC=C(N2CCC3(CC2)CCCO3)N=1)C(=O)N1CCOCC1,0.00796552561223507
C1(C(=O)NC2=CC=C(C=C2)C)SC(=NN=1)CCC(=O)NCC1=CC=C(C)O1,0.006083240709267556
C1(CO)=CC(=CC=C1OC)CN(CCC)CC1=CC=CC=C1OC,0.008138446346856653
C1(C(=O)NC2=CC=C(C=C2)C)SC(=NN=1)CCC(NCCN1CCOCC1)=O,0.005307577224448324
N1(CC2C=CC=CC=2)C(CC)CN(CCC1=O)C1CCOCC1,0.013223405089229345
C1(C(=O)NC2=CC=C(C=C2)C)SC(=NN=1)CCC(NCCCC)=O,0.005374728795140981
C12C(=O)NCC(C3=CC=C(C=C3)Cl)CC=1NC(C1C=C(C)C=CN=1)=N2,0.002957878803135827
C1(CCCN(CCN2CCOCC2)C1)C(=O)C1=CC=C(C=C1)C1C=CC=CC=1,0.015026940498501062
C1(C(=O)NC2=CC=C(C=C2)C)SC(=NN=1)CCC(NCCCN1CCN(CC1)C)=O,0.005414836411364377
N1(C[C@@H]2[C@@H]([C@H]3C[C@@H]2CC3)C1)C(=O)C1=CC=C(C2CCCO2)S1,0.011970483553562871
C1(C(=O)NC2C=CC(=CC=2)C)SC(=NN=1)CCC(NCCCN1CCCCC1)=O,0.005477359378710389
C1(C=C(NN=1)COC1=CC=CC(F)=C1)C(=O)N(CC)CC1=CC=CC=C1,0.004641060100402683
C1(C(=O)NC2C=CC(=CC=2)C)SC(=NN=1)CCC(NCCCN1CCCCCC1)=O,0.006541563128121197
C1(C=NN(C)C=1)NC(=O)C1=CC=CC(CN2CCN(CC2)CC(=O)N(C)C)=C1,0.007303029717877507
C1(C(=O)NC2C=CC(=CC=2)C)SC(=NN=1)CCC(NCCCN1CCCCC1C)=O,0.005415261466987431
C1(C(=O)NC2C=CC(=CC=2)C)SC(=NN=1)CCC(NCCCN1CCCC1)=O,0.00589324978645891
N1C2C=C(C=CC=2NC=1CO)C1C=CC=C(OC(C)C)C=1,0.0021909837261773644
N(C(CN[C@@H]1C[C@@H]2C[C@H]1CC2)=O)C1C=CC(=CC=1C)F,0.007027859432855621
CC(CC1=C(C)C=CC=C1)N,0.022946898359805346
C1(C(=O)NC2C=CC(=CC=2)C)SC(=NN=1)CCC(NCCN1CCCCCC1)=O,0.00687149534933269
C1(C(=O)NC2C=CC(=CC=2)C)SC(=NN=1)CCC(NCCN1CCCC1)=O,0.006088386313058436
Cl.CC(CC1=C(C)C=CC=C1)N,0.02102171666920185
C(=O)(C1=CC=CC(C2=CC=C(C=C2)O)=C1)N(CCOC)CC1C=CC=CN=1,0.004971098015084862
C1(C(=O)NC2C=CC(=CC=2)C)SC(=NN=1)CCC(NCCN1CCCCC1C)=O,0.00578449044842273
C1(N2CCN(CC2)CC2=CC=C3C(OCO3)=C2)=CC(C(C)C)=NC(C)=N1,0.009289446799084545
O=N(C1=CC(C(NC2=C(C(NCC3OCCC3)=O)C=CC=C2)=O)=CC=C1)=O,0.005114955385215581
C1(C(=O)NC2=CC=C(C=C2)C)SC(=NN=1)CCC(NCCN1CCN(CC1)CC)=O,0.0062083455733954905
C1(C=C(ON=1)CN1CCN(CC1)CC)C(=O)N(CC(C)C)CC(C)C,0.016714724618941544
C1(C(=O)N(C)CC2ON=C(C3C=CC=CC=3)C=2)=C(C)N=C2C=CC(C)=CN12,0.00680505782365799
CC1=C(C)C(C(C2=C(F)C=CC=C2)NC2=NC=CC=C2)=C(NC(C2=CC=CC=C2)=O)S1,0.005606423621065915
C1(C(=O)NC2C=CC(=CC=2)C)SC(=NN=1)CCC(=O)NCC1=CC=CC=C1OCC,0.005920346127822995
C1(C(=O)NC2=CC=C(C=C2)C)SC(=NN=1)CCC(NCCCN1CCCC(C)C1)=O,0.005426992266438902
C1(C(=O)NC2=CC=C(C=C2)C)SC(=NN=1)CCC(=O)NCC1C=CC(=C(OC)C=1)OC,0.006266838009469211
N1(CC2=CC=CN=C2)C(C)=CC(CN2CCC3(CC2)N(C)CCNC3=O)=C1C,0.007800255506299436
C1(C(=O)NC2=CC=C(C=C2)C)SC(=NN=1)CCC(=O)NCC1C=CC(=CC=1OC)OC,0.0055307436268776655
N1(CCOC(CC2=CC=C(C=C2)OC)C1)C(=O)C1=CC=CC(=C1)C1NC=CN=1,0.0034714005887508392
N1(CC2C=NN(CC)C=2)C=NC(C2C=CC=CC=2)=C1C1C=CC(=CC=1)C(C)=O,0.012961173569783569
C1(C(=O)NC2C=CC(=CC=2)C)SC(=NN=1)CCC(=O)NCC1=CC(OC)=CC=C1OC,0.005587305617518723
[C@H]12C(=O)N(C(=O)[C@H]1[C@H](N[C@]2(C(OC)=O)CC(OC)=O)C1=CC=CC(C)=N1)C,0.004302577387716155
C1(C(=O)NC2C=CC(=CC=2)C)SC(=NN=1)CCC(=O)NCC1C=CC(=CC=1)OCC,0.005959812155924738
N1(CCN(CC1)CC1C(=CC=CN=1)C)C(=O)COC1C=CC=NC=1,0.00891381329856813
C1(C(=O)NC2C=CC(=CC=2)C)SC(=NN=1)CCC(=O)NCC1=CC=CC=C1C,0.006300362036563456
C1(CN(CC=C)CC2=CC=CO2)=CC2OCOC=2C=C1Cl,0.00923242182470858
C12CCN(CC=1N=CN=C2N1CCOCC1)C(=O)C1C=NC(=NC=1)NCC,0.005543104675598443
C1(C(=O)NC2C=CC(=CC=2)C)SC(=NN=1)CCC(=O)NCC1=CC=CC(F)=C1,0.004415831598453224
N1(C(COC)=O)C[C@H]([C@H]2N3CCC(CC3)[C@H]21)C1C=CC=C(F)C=1F,0.007289026683429256
C1(=NC=NC(OC)=C1)N1CCCC(CO)(CC2=CC=CC=C2C)C1,0.004468620999250561
C1(C(=O)NC2C=CC=C(Cl)C=2)SC(=NN=1)CCC(=O)NCC1C=CC=NC=1,0.004412587382830679
C1(C(=O)NCC2C=CC=CC=2CN2CCCC2=O)=CC(=NN1C)C(C)C,0.007783163501881063
C1(=CN=C(NC1=O)C)C(=O)N1CCOC(C1)C1=CC=C(C(Cl)=C1)Cl,0.003989468840882182
N1C(=O)NC=C(CCNC2=NC=CC(=N2)C2C=CC(=NC=2C)C)C1=O,0.0027756871713791043
CCCCCCCCN1C2=C(C=CC=C2)N=C1CCC,0.013863560371100902
C1(C(=O)NC2C=CC=C(Cl)C=2)SC(=NN=1)CCC(=O)NCC1=CC=CC=C1,0.004842087556608021
C1(C(=O)NC2C=CC=C(Cl)C=2)SC(=NN=1)CCC(=O)NC(C)CC,0.00500827762298286
C1(C(=O)NC2C=CC=C(Cl)C=2)SC(=NN=1)CCC(=O)NCC1C=CC=CC=1Cl,0.004990889853797853
C1(CCCN(CCC(O)=O)C1)C(=O)C1=CC=C(C=C1)OC1=CC=CC=C1,0.010022647003643215
C1(C(=O)NC2C=CC=C(Cl)C=2)SC(=NN=1)CCC(NCCC1C=CC(=CC=1)Cl)=O,0.00527074933052063
N1(CC)C(=O)NN=C1C1CCN(CC1)CC1C=CC(=CC=1)CN1C=CC=N1,0.004481756105087697
C(=O)(NC1=CC=C(C=C1)C)CC(=O)NCC1=CC=C(C=C1OC)OC,0.007422142126597464
C1(C2C=CC(=CC=2)OC)(C(=O)NCC2=CC=CN=C2N2CCN(CC2)C)CC1,0.007155847875401378
C1(C(=O)NC2C=CC=C(Cl)C=2)SC(=NN=1)CCC(=O)NC1CCCCCC1,0.007235679216682911
C(=O)(C1CC2=C(C=CC=C2)C1)NC1=CC=C(C=C1NC(C(C)C)=O)OC,0.009855620400048792
C1(C(=O)NC2C=CC=C(Cl)C=2)SC(=NN=1)CCC(=O)NC1CCCC1,0.00624112447258085
N1=CSC(CCC(=O)N(CC=C)CC2C=CC=C(OCC)C=2)=C1C,0.009528275998309254
C1(C(=O)NC2C=CC=C(Cl)C=2)SC(=NN=1)CCC(NCCN(C)C)=O,0.0048773014452308415
C12CN(CCC=1N(N=C2C(O)=O)CCCC1=CC=CC=C1)C(=O)C1CC(N(C)C1)=O,0.0076852267608046535
C1(C(=O)NC2C=CC=C(Cl)C=2)SC(=NN=1)CCC(=O)NCC1=CC=C(C=C1)OC,0.004742291034199297
C1(C(=O)N(C)CCCC2CCCO2)C=C2N(CCCN(C(C)C)C2)N=1,0.015223431214690209
C12CN(CCC=1NC1=CC=C(OC)C=C21)C(=O)C1=CN=C(N=C1)CC,0.005288656544871628
C1(C(=O)NC2C=CC=C(Cl)C=2)SC(=NN=1)CCC(=O)NCC1=CC=C(C=C1)C,0.0051245096256025136
N1(C2=CC=CC=C2)C(=O)N(N=C1C1CCNCC1)CC1=CSC(CC)=N1,0.005412783240899444
C1(C(=O)NC2C=CC=C(Cl)C=2)SC(=NN=1)CCC(=O)NCC1C=CC2=C(OCO2)C=1,0.004867558018304408
C1(=CC=C(C(OC)=C1OC)OC)C1C=CC=C(N=1)C#N,0.007823705673217773
C1(SC2=C(CCCC2)N=1)C1=CC=C(C(OC)=C1OC)OC,0.012810398451983928
CC1(CC(NCC(C2=CC=CC=C2)O)=CC(=O)C1)C,0.009002809599041938
C1(C(=O)NC2C=CC=C(Cl)C=2)SC(=NN=1)CCC(NCCC)=O,0.004575905355159194
C1=C(C=NN(C)C1=O)N1CCN(CC1)C(C(O)=O)C1=CC(F)=CC=C1OC,0.0047405758174136284
C1(C(=O)NC2C=CC=C(Cl)C=2)SC(=NN=1)CCC(=O)NC(C)C1=CC=CC=C1,0.00547302330378443
C1(C2C=CC=CC=2C2=CC=CO2)=C(C2C=CC=CC=2)N=CN1C[C@H](C)O,0.004413074546027929
C1(C(=O)NC2C=CC=C(Cl)C=2)SC(=NN=1)CCC(NCCCN1CCOCC1)=O,0.004483887576498091
C(=O)(N[C@H]1CN[C@H](C(NCCNC2=CC=CC=C2)=O)C1)C1C=CC(=C(F)C=1)F,0.005018568341620266
C1(C(=O)NC2C=CC=C(Cl)C=2)SC(=NN=1)CCC(NCCC(C)C)=O,0.0058963778661564
C1(C(N)=O)=CN=C2CN(C(COCC3=CC=CC=C3)=O)CCN12,0.004856002517044544
C1(C(=O)NC2C=CC=C(Cl)C=2)SC(=NN=1)CCC(=O)NCC1C=CC=C(C)C=1,0.005054064374417066
C(=O)(C1C=NC(=NC=1)C(C)C)N1CCC2(CC1)CCNCC2,0.009004536690190435
C1(C(=O)NC2C=CC=C(Cl)C=2)SC(=NN=1)CCC(NCCC1C=CC=CC=1)=O,0.00520780545193702
C1(C(=O)NC2C=CC=C(Cl)C=2)SC(=NN=1)CCC(NCCN1CCCCC1)=O,0.005213317088782787
C1(=CC=C(C=C1Cl)O)CN1CCC(CC1)C(O)C1=CC=CS1,0.0024539727251976728
C1(C(=O)NC2C=CC=C(Cl)C=2)SC(=NN=1)CCC(NCCOC)=O,0.004011885402724147
N(C(CC)CO)(CC1=CC=CC=C1C)C(=O)C1=CC=C(C=C1)CO,0.007273926446214318
C1(C(=O)NC2C=CC=C(Cl)C=2)SC(=NN=1)CCC(=O)NCC1=CC=CC=C1OC,0.004802428558468819
C1(N(C)C)N=CC(=CN=1)CN1CCC2(CCNCC2)C1,0.007635380723513663
C1(C(C)NS(C)(=O)=O)N(C2C=CC=C(C)C=2)N=C(C2=CC=CC=C2)N=1,0.004587785934563726
C1(C(=O)NC2C=CC=C(Cl)C=2)SC(=NN=1)CCC(=O)NCC1=CC=C(C=C1)F,0.00413094371324405
C12NC(=O)CC(C3=CC=C(C=C3)S(NC)(=O)=O)C=1C(=NN2CCC)C,0.004348297079559416
C1(C(=O)NC2C=CC=C(Cl)C=2)SC(=NN=1)CCC(=O)NCC1=CC=CS1,0.00475203434471041
N1(C[C@@H](C[C@H]1C(OC)=O)O)C(=O)CCSC1C=CC2=C(OCCO2)C=1,0.002693140774499625
C1(SC2=C(C=CC=C2)N=1)N1CCN(C(C(O)=O)C1)CC1C=CC=NC=1,0.005095930106472224
C1(C(=O)NC2C=CC=C(Cl)C=2)SC(=NN=1)CCC(NCCC1CCCCC=1)=O,0.007836197968572378
C1(C2C=CN=CC=2)C=C(C)C(=C(C)C=1)OC,0.013659332925453783
C1(C(=O)NC2C=CC=C(Cl)C=2)SC(=NN=1)CCC(=O)NC(C)CCC1=CC=CC=C1,0.005920309107750654
C1(C2=CC=CC=C2N=C(CCN)N=1)N1CCCCC1CCCOC,0.008372496161609889
C1(C(=O)NC2C=CC=C(Cl)C=2)SC(=NN=1)CCC(NCCCOC)=O,0.004335939849261195
C12CN(CC1=NC(N)=NC=2C1=CC=CN=C1)C(C1CCCC1)=O,0.0062633328139781955
C1(C(=O)NC2C=CC=C(Cl)C=2)SC(=NN=1)CCC(=O)NCC1=CC=C(C)O1,0.004861732141580433
N1=C(C(C)C)ON=C1N1CC2=C(C=NC(CC(C)C)=N2)C1,0.010198383731767536
C1(C(=O)NC2C=CC=C(Cl)C=2)SC(=NN=1)CCC(NCCN1CCOCC1)=O,0.004765873379074037
N1(CC2C=CC(=CC=2)F)C(=O)CCN(C2=CC=NC(SC)=N2)CC1C(C)C,0.008729866053909064
C1(C(=O)NC2C=CC=C(Cl)C=2)SC(=NN=1)CCC(NCCCC)=O,0.004750419850461185
N1C[C@@H](C[C@H]1C(NCCCCC1C=CC=CN=1)=O)N,0.0068701154086738825
C1(C(=O)NC2C=CC=C(Cl)C=2)SC(=NN=1)CCC(NCCCN1CCN(CC1)C)=O,0.00485089065041393
N1=C2C=CC=CC2=NC=C1OC1=CC=C(C(OC)=C1)CN1CCCC1,0.009193251840770245
C1(C(=O)NC2C=CC=C(Cl)C=2)SC(=NN=1)CCC(NCCCN1CCCCC1)=O,0.00495909268502146
C1(=CC=CC2=NON=C12)C1=NC=CN1CCN1CCC(CC1)O,0.0024987509823404253
C1(C(=O)NC2C=CC=C(Cl)C=2)SC(=NN=1)CCC(NCCCN1CCCCCC1)=O,0.0058986147632822394
N1(CC2=C(C=NC(CC3C=CC(=CC=3)OC)=N2)C1)C(=O)[C@H]1CCCN1,0.007178441900759935
C1(C(=O)NC2C=CC=C(Cl)C=2)SC(=NN=1)CCC(NCCCN1CCCCC1C)=O,0.005006656050682068
C1(C(=O)NC2C=CC=C(Cl)C=2)SC(=NN=1)CCC(NCCCN1CCCC1)=O,0.005332343489862978
C1(=CN=C2C=CC=CN12)C(=O)N1CCC2=C(N=C(N=C2N(C)C)C2=CC=NC=C2)C1,0.006209196033887565
C1(C(=O)NC2C=CC=C(Cl)C=2)SC(=NN=1)CCC(NCCN1CCCCCC1)=O,0.006245271628722548
C1(N2CCC3(CC2)NCCNC3=O)=NC(N)=NC(NCC2C=CC=CC=2)=N1,0.003992484288755804
C1(C(=O)NC2C=CC=C(Cl)C=2)SC(=NN=1)CCC(NCCN1CCCC1)=O,0.005519877024926245
C1(=C(C)N(N=N1)CC1C=CC=CC=1)C1NN=C(C2CC2)N=1,0.005581634154077619
C1(C(=O)NC2C=CC=C(Cl)C=2)SC(=NN=1)CCC(NCCN1CCCCC1C)=O,0.005349343735724687
C1(C(NCCC(=O)NC2C=CC(=CC=2)C)=O)=C(C)C=C(N(C)C1=O)C,0.006981822615489364
C1(C(=O)NC2C=CC=C(Cl)C=2)SC(=NN=1)CCC(NCCN1CCN(CC1)CC)=O,0.005551991518586874
C1(C(=O)NC2C=CC=C(Cl)C=2)SC(=NN=1)CCC(=O)NCC1C=CC=CC=1F,0.004088365775533021
C(=O)(C1CC1)NC1C(C)=CC=C(C=1)C(NCCNC1=CC(C)=CC=N1)=O,0.005400378233753144
C1(C(=O)NC2C=CC=C(Cl)C=2)SC(=NN=1)CCC(=O)NCC1=CC=CC=C1OCC,0.00487034993711859
C1(=CC2=CC=CC=C2NC1=O)C(=O)N1C[C@H](C[C@H]1C(=O)NC(C)C)N,0.004771981423255056
OC(C1=NN(C2=CC=CC=C2)C(C2=CC=CC=C2)=C1)=O,0.0067575904307886955
C1(C(=O)NC2C=CC=C(Cl)C=2)SC(=NN=1)CCC(NCCCN1CCCC(C)C1)=O,0.004836788144893944
C1(C(=O)NC2C=CC=C(Cl)C=2)SC(=NN=1)CCC(=O)NCC1C=CC(=C(OC)C=1)OC,0.0053191303974017504
C1(C(=O)NC2C=CC=C(Cl)C=2)SC(=NN=1)CCC(=O)NCC1C=CC(=CC=1OC)OC,0.004773112200200558
NC1=C(Cl)C=CC(C(F)(F)F)=C1,0.004678588354727254
C1(NCCCC2=CC=CC=C2OCC)C2CCNCC=2N=C(C)N=1,0.008309645787812769
C1(C(=O)NC2C=CC=C(Cl)C=2)SC(=NN=1)CCC(=O)NCC1=CC(OC)=CC=C1OC,0.004801581404171884
C1(CN(CCO)CC2C(C)=CC(=C(CO)C=2C)C)=NC=CN1C,0.004502022010274232
C12C=C(CNC(=O)CN3C=C(C=N3)C)C(=NC=1CN(C1CCCC1)C2=O)OC,0.007790549378842116
C1(C(=O)NC2C=CC=C(Cl)C=2)SC(=NN=1)CCC(=O)NCC1C=CC(=CC=1)OCC,0.00482540437951684
C(=O)(C1C=CN=C(C=1)C1C=CC(=C2N=CC=CC=12)C)N1CCCC1,0.010232545016333462
C1(C(=O)NC2C=CC=C(Cl)C=2)SC(=NN=1)CCC(=O)NCC1=CC=CC=C1C,0.005058743664994836
C1(CN(C)C(C)C2C=CC=NC=2)=NC=CN1C(C)C,0.008260698593221604
C1(C(=O)NC2C=CC=C(Cl)C=2)SC(=NN=1)CCC(=O)NCC1=CC=CC(F)=C1,0.004088143329136073
C(F)(F)(F)CC(C)NCCC1C(OC)=CC=C2C=CC=CC=12,0.005695976436254568
C1(C(=O)NC2C=CC=C(Cl)C=2)SC(=NN=1)CCC(=O)NCC1C=CC(=CC=1)CC,0.005632936884649098
C1(C(NCCSC2=CN=NN2)=O)C2C=CC=CC=2N(C)C=1,0.0034701886936090885
N1(C[C@@H]2C[C@@H]1CC2)C(=O)C1(CCNCC1)OC1=CC=C(N=C1)C,0.009040254447609187
C1(C(=O)NC2C=CC=C(C)C=2)SC(=NN=1)CCC(=O)NC1C=CC=C(OC)C=1,0.005367040866985917
C1(=C(C2=CC=CC=C2)N=CN1[C@H]1C2C=CC=CC=2C[C@H]1O)C1NC(=NC=1C)CC,0.0033456264878623187
C1(C(=O)NC2C=CC=C(C)C=2)SC(=NN=1)CCC(=O)NC1C=CC=CC=1OC,0.005746544757857919
C1(C(NCCC2=NN=CN2CC)=O)=C(C)C2C(=CC=C(C)C=2)N1,0.003878881165292114
C1(C(=O)NC2C=CC=C(C)C=2)SC(=NN=1)CCC(=O)NC1C=CC=CC=1Cl,0.005098795494996011
C1(C(=O)NC2C=CC=C(C)C=2)SC(=NN=1)CCC(=O)NC1C=CC=C(Cl)C=1C,0.005168868391774595
C1(=C(CC)C=NC(C)=N1)N1CCC(CC1)(C1=CC=CC=C1)C#N,0.005616046135128272
C1(C(=O)NC2C=CC=C(C)C=2)SC(=NN=1)CCC(=O)NC(C)C1=CC=CC=C1,0.006524333846755326
C1(N2CCC(CC2)N2C=C(N=N2)COC)=C2C=NNC2=NC(N)=N1,0.00271401604404673
C1(C(=O)NC2C=CC=C(C)C=2)SC(=NN=1)CCC(=O)NC1=CC=CC(C(C)=O)=C1,0.008017816278152168
C1(C(=O)NC2C=CC=C(C)C=2)SC(=NN=1)CCC(=O)NC1C=C(C)C=CC=1OC,0.005972823197953403
C1(C(=O)NC2C=CC=C(C)C=2)SC(=NN=1)CCC(=O)NC1C=CC=CC=1Br,0.006634292542003095
C1(C(=O)NC2C=CC=C(C)C=2)SC(=NN=1)CCC(=O)NC1C=C(C)C=CC=1F,0.004747556499205529
N12C=C(N=C1SC=C2C(=O)N1CCCNC(=O)C1)C1C=CC(=CC=1)C(F)(F)F,0.003089862747583538
C1(C(=O)NC2C=CC=C(C)C=2)SC(=NN=1)CCC(=O)NC1=C(C)C=CC(F)=C1,0.0045403768075630065
C1(C(=O)NC2C=CC=C(C)C=2)SC(=NN=1)CCC(=O)NC1C(Cl)=CC=C(F)C=1,0.0042313664336688815
N1=NC(=CN1C1CCN(CC1)C1=NC=NC(=C1)N1C=C(C=N1)C)CCC,0.008791516069322824
C1(C(=O)NC2C=CC=C(C)C=2)SC(=NN=1)CCC(=O)NC1C=CC=CC=1CC,0.006588470097631216
C1(N=CC=C(NC(C)C)N=1)N1CC2=C(C=NC(CC3=CC=C(C=C3)OC)=N2)C1,0.007977041183039546
C1(C(=O)NC2C=CC=C(C)C=2)SC(=NN=1)CCC(=O)NC1C(OC)=CC=C(Cl)C=1,0.005152678838931024
C1(C2=CC=C(C3C=CC=CC2=3)OC)OC(=C(CN2CCC(CC2)CO)N=1)C,0.003936319367494434
C1(C(=O)NC2C=CC=C(C)C=2)SC(=NN=1)CCC(=O)NC1C=CC=CC=1SC,0.0058530908543616535
N1(C2C=CC=CN=2)N=C(N=C1CN(C)C1CCS(=O)(=O)C1)C(C)C,0.0072284344583749775
C1(C(=O)NC2C=CC=C(C)C=2)SC(=NN=1)CCC(=O)N1CCCC1,0.0057873221347108485
C1(C=C(C2C=CC(=C(F)C=2)F)N=C(N)C=1C#N)C1=CN=CN1C,0.0032798339787404986
C1(C(=O)NC2C=CC=CC=2)SC(=NN=1)CCC(=O)NC1=C(C)C=CC(F)=C1,0.004366194212343544
C12N=CC(=CN1N=CC=2C(=O)NC1=CC=CC2C1=CC=CN=2)CN(CC)CC,0.006710641062818467
C1(C(=O)NC2C=CC=CC=2C)SC(=NN=1)CCC(=O)NC1C=CC(=CC=1)Cl,0.005038145394064486
[C@]12(CNC[C@@H]1CN(C(C)=O)C2)C(NCCCOC1C=CC=NC=1)=O,0.005750119755975902
C1(C(=O)NC2C=CC=C(OC)C=2)SC(=NN=1)CCC(=O)NC1C=CC(=CC=1Cl)C,0.005045313178561628
C1(C(NCCCN2C(C)=CC(C)=N2)=O)=CC(=NN1)C,0.004615497286431491
C1(C(=O)NC2C=CC=C(OC)C=2)SC(=NN=1)CCC(=O)NC1C=CC=C(Cl)C=1C,0.004904664121568203
C1(C(=O)N2CCCCCC2)N=C2N(C=CC(C)=C2)C=1C1NC=CN=1,0.0038224188494496046
C1(C(=O)NC2C=CC=C(OC)C=2)SC(=NN=1)CCC(=O)NC1C=C(C)C=CC=1F,0.004860623856075108
N1(CCC2=CC(CNC(=O)NC(C3=CC=CC=C3)CC(OCC)=O)=CC=C12)C(CC)=O,0.006600318429991603
S(=O)(=O)(N1CCCC1)C1C=C(C=C(C2=CC(F)=CC=C2OC)C=1)C(O)=O,0.0038483812008053065
N1(CCC2=CC(CNC(NCCCOC)=O)=CC=C12)C(C1C=CC=CC=1)=O,0.004687576403375715
N1(C2C=CC(=CC=2)C(=O)N(CC=C)CC2=CC=C(C)S2)C=NN=C1,0.008602685108780862
N1(CCC2=CC(CNC(=O)NC3=CC=C(C=C3F)F)=CC=C12)C(C1=CC=CC=C1)=O,0.004346733016427606
C1(C(C2C=CC=NC=2)CNC(=O)NC2=CC=CC=C2OC)C2=CC=CC=C2NC=1,0.003303663490805775
C12CCN(CCC=1N=C(N(C)C2=O)C)C(=O)CN1CCCCC1=O,0.007799293822608888
C1(C(C2C=CC=NC=2)CNC(=O)NC2=CC=CC(OC)=C2)C2=CC=CC=C2NC=1,0.0032607176341116428
C1(C(C2C=CC=NC=2)CNC(=O)NC2=CC=C(C=C2)CC)C2=CC=CC=C2NC=1,0.0040157504845410585
C1(C(C2C=CC=NC=2)CNC(=O)NC2=CC=CC(C)=C2C)C2=CC=CC=C2NC=1,0.0040733521338552235
C1(C(C2C=CC=NC=2)CNC(=O)NC2C(OC)=CC=C(Cl)C=2)C2=CC=CC=C2NC=1,0.002904569183010608
C1(C(C2C=CC=NC=2)CNC(=O)NC2C(OC)=CC=C(OC)C=2)C2=CC=CC=C2NC=1,0.0032546565285883843
C1(C(C2C=CC=NC=2)CNC(=O)NC2C=CC=CC=2C(OCC)=O)C2=CC=CC=C2NC=1,0.0037385381059721113
C1(C(C2C=CC=NC=2)CNC(=O)NC2C(C)=CC=C(Cl)C=2)C2=CC=CC=C2NC=1,0.0032914740382693707
C1(C(C2C=CC=NC=2)CNC(=O)NC2=C(OC)C=C(C(Cl)=C2)OC)C2=CC=CC=C2NC=1,0.0028983228490687906
C1(C(C2C=CC=NC=2)CNC(=O)NC2=CC=CC=C2OCC)C2=CC=CC=C2NC=1,0.0034047109191305937
C1(C(C2C=CC=NC=2)CNC(=O)NC2=CC=C(C=C2)OCC)C2=CC=CC=C2NC=1,0.0034529447788372637
C1(C(C2C=CC=NC=2)CNC(=O)NC2=CC=CC(Br)=C2)C2=CC=CC=C2NC=1,0.004130365583114326
C1(C(C2C=CC=NC=2)CNC(=O)NC2=CC=C(C=C2)C(OCC)=O)C2=CC=CC=C2NC=1,0.0035999512183479965
C1(C(C2C=CC=NC=2)CNC(=O)NC2=CC=CC(Cl)=C2C)C2=CC=CC=C2NC=1,0.0032801746274344623
C1(C(C2C=CC=NC=2)CNC(=O)NC2=CC=C(C=C2F)Br)C2=CC=CC=C2NC=1,0.0033869325881823896
C1(C(C2C=CC=NC=2)CNC(=O)NC2=CC=CC(C)=C2)C2=CC=CC=C2NC=1,0.003755900438409299
C1(C(C2C=CC=NC=2)CNC(=O)NC2=CC=C(C=C2)Br)C2=CC=CC=C2NC=1,0.00417713049100712
C1(C(=O)N(C)CC2=CC=C(C)O2)NN=C(C(C)C)C=1,0.006175940670073032
C1(C(C2C=CC=NC=2)CNC(=O)NC2=CC=CC=C2CC)C2=CC=CC=C2NC=1,0.004044417524710298
C1(CN2CCC(CNC(=O)C(N)=O)C2)=CC2OCOC=2C=C1Cl,0.005914538470096886
C1(C(C2C=CC=NC=2)CNC(=O)NC2=CC=CC=C2C(F)(F)F)C2=CC=CC=C2NC=1,0.0025008065102156253
C12CN(CC=1C=NN2CC1C=CC(=CC=1)F)C(=O)[C@H](C)NC(C)=O,0.005656700814142823
C1(C(C2C=CC=NC=2)CNC(=O)NC2=CC=C(C=C2C)C)C2=CC=CC=C2NC=1,0.004033081862144172
N1(CC)C(C2CCN(CC2)C2C=CC(=CN=2)C2ON=C(C)N=2)=NN(C)C1=O,0.006913150777108967
N1C(N)=NC(=CC=1N1CCN(CC1)C1=NC=CC(CCC(F)(F)F)=N1)C,0.0026695884676882996
C(=O)(C1=CC=CN=C1NC)N1CCOC2=C(C=C(C3=CC=CN=C3)C=C2C1)O,0.0034088913584128023
C1(C(C2C=CC=NC=2)CNC(=O)NC2=CC(OC)=C(C(OC)=C2)OC)C2=CC=CC=C2NC=1,0.0035880229668691756
C1(=CC2=C(C=CS2)N1)C(=O)N1CCCC(CO)(CC2=CC=CC=C2)C1,0.002510461211204529
C12CN(CCC=1N(N=C2C(O)=O)C)C(=O)C1C(C)=NC=CC=1C1C=CC=CC=1,0.007391704246401787
C1(C(C2C=CC=NC=2)CNC(=O)NC2=CC=C(C=C2OC)OC)C2=CC=CC=C2NC=1,0.00326388388639316
C1(C(C2C=CC=NC=2)CNC(=O)NC2=CC=C(C=C2F)F)C2=CC=CC=C2NC=1,0.0027346842864062635
C1(C(C2C=CC=NC=2)CNC(=O)NC2=CC=CC(SC)=C2)C2=CC=CC=C2NC=1,0.0032309228321537376
C1(C(C2C=CC=NC=2)CNC(=O)NC2=CC=CC(F)=C2)C2=CC=CC=C2NC=1,0.0027761826699133963
C1(C(C2C=CC(=CC=2)F)CNC(=O)NC2=CC=CC=C2OC)C2=CC=CC=C2NC=1,0.0030245883273892103
C1(N(CCCN)C=NC=1C1C=CC=CC=1)C1C=CC=C(Cl)C=1Cl,0.008536711311899125
C1(C(C2C=CC(=CC=2)F)CNC(=O)NC2=CC=CC=C2)C2=CC=CC=C2NC=1,0.0030443900323007256
C1(C(C2C=CC(=CC=2)F)CNC(=O)NC2=CC=C(C=C2)Cl)C2=CC=CC=C2NC=1,0.0027536542271263897
C1(C(C2C=CC(=CC=2)F)CNC(=O)NC2=CC=C(C(OC)=C2)OC)C2=CC=CC=C2NC=1,0.0031656335573643445
C1(C(C2=CC=C(C=C2)F)CNC(=O)NC2C(OC)=CC=C(Cl)C=2)C2=CC=CC=C2NC=1,0.0028666435042396187
C1(C(C2=CC=C(C=C2)F)CNC(=O)NC2C(OC)=CC=C(OC)C=2)C2=CC=CC=C2NC=1,0.002915172791108489
C1(C(C2C=CC(=CC=2)F)CNC(=O)NC2=CC=C(C=C2)C)C2=CC=CC=C2NC=1,0.0032916341442614794
C1(C(C2C=CC(=CC=2)F)CNC(=O)NC2=CC=C(C=C2)OC)C2=CC=CC=C2NC=1,0.002964344073552638
C1(C(C2C=CC(=CC=2)F)CNC(=O)NC2=C(OC)C=C(C(Cl)=C2)OC)C2=CC=CC=C2NC=1,0.0027575000014621763
C1(C(C2C=CC(=CC=2)F)CNC(=O)NC2=CC=C(C=C2)OCC)C2=CC=CC=C2NC=1,0.002984900027513504
C1(C(C2=CC=C(C=C2)F)CNC(=O)NC2=CC=CC(C)=C2)C2=CC=CC=C2NC=1,0.003232267370913178
C1(C(C2C=CC(=CC=2)F)CNC(=O)NCC2C=CC=CC=2)C2=CC=CC=C2NC=1,0.0031982976826839147
C1(C(C2C=CC(=CC=2)F)CNC(=O)NCC(OCC)=O)C2=CC=CC=C2NC=1,0.003136533184442669
C1(C(C2C=CC(=CC=2)F)CNC(NCCCOC)=O)C2=CC=CC=C2NC=1,0.0026347965293098243
C1(C(C2C=CC(=CC=2)F)CNC(=O)NC2C=CC(=CC=2)F)C2=CC=CC=C2NC=1,0.0028283471474424005
C1(=CC(=NN1)C)C(=O)NC1=NN=C(CC2C=CC=CC=2C)S1,0.003707718860823661
C1(C(C2C=CC(=CC=2)F)CNC(=O)NC2C=CC(=C(F)C=2)C)C2=CC=CC=C2NC=1,0.0029786977509502323
C1(C(C2C=CC(=CC=2)F)CNC(NCCCOCC)=O)C2=CC=CC=C2NC=1,0.002752453542780131
C1(C(C2C=CC(=CC=2)F)CNC(=O)NC2=CC=C(C=C2OC)OC)C2=CC=CC=C2NC=1,0.0029171025729738177
C1(C(C2=CC=C(C=C2)F)CNC(=O)NC2=CC(C)=CC=C2OC)C2=CC=CC=C2NC=1,0.0031822378048673274
C1(C(C2C=CC(=CC=2)F)CNC(=O)NCC2=CC=CC(OC)=C2)C2=CC=CC=C2NC=1,0.0030574393458664417
C1(C(C2C=CC(=CC=2)F)CNC(=O)NCC2=CC=C(C=C2)F)C2=CC=CC=C2NC=1,0.00294892301899381
N1(CC(C)N2C=NC=N2)C=NC(C2=CC=CC=C2)=C1CCC1=CC=CC=C1,0.01018615998327732
C1(C(C2C=CC(=CC=2)F)CNC(=O)NC(C)C)C2=CC=CC=C2NC=1,0.003051418351242319
C1(C(C2C=CC(=CC=2)F)CNC(=O)NC2CCCCC2)C2=CC=CC=C2NC=1,0.004207762784790248
N1(C2C=CC=CC=2)C(=O)N(N=C1C1CCCN(CC2=CC=CC(C)=N2)C1)C,0.007009166781790555
C1(C(C2C=CC(=CC=2)F)CNC(=O)NCC(C)C)C2=CC=CC=C2NC=1,0.0035188737558200954
[C@@]12(CNC[C@H]1CNC2)C(=O)N(C)CC1SC2=C(CCCC2)N=1,0.007662746123969555
C1(C(C2C=CC(=CC=2)F)CNC(NCCOC)=O)C2=CC=CC=C2NC=1,0.0024327866965904834
N1(CCCC(C(=O)NCC2=CC=CC=N2)C1)C1CCN(CC1)C(=O)CC(C)C,0.00943382983095944
C1(C2=CC=CC=C2NC=1)C(CNC(=O)NC1=CC=CC(OC)=C1)C1C=CC(=C(OC)C=1)OC,0.0037857638439163567
C1(C2=CC=CC=C2NC=1)C(CNC(=O)NC1=CC=CC(Cl)=C1)C1C=CC(=C(OC)C=1)OC,0.0034369670203886924
C1(C2=CC=CC=C2NC=1)C(CNC(=O)NC1=CC=CC=C1Cl)C1C=CC(=C(OC)C=1)OC,0.0035636392189189793
N1=C(C)C(=C(C)N1C)CCC(=O)N(CC1=CC=CO1)C(C)C(C)C,0.015995352203026413
CCOC(COC1=C(N(=O)=O)C=C(S(C)(=O)=O)C=C1)=O,0.005305105750449002
N1C2=CC(OC)=CC=C2NC=1CCN(CC)C(=O)C1CCC(NN=1)=O,0.0025411931332200766
C1(CN2CC[C@H]([C@H](O)C2)C2=CC=C(C=C2)F)N(CC)C2C(=CC=CC=2)N=1,0.002121197374071926
C1(C2=CC=CC=C2NC=1)C(CNC(=O)NC1=CC=CC=C1)C1C=CC(=C(OC)C=1)OC,0.004062600969336927
S1(CC(C=C1)CC(=O)NCC1C=CC2=C(C=1)C(C)=C(N2)C)(=O)=O,0.004893648019060492
C1(C2=CC=CC=C2NC=1)C(CNC(=O)NC1=CC=C(C=C1)CC)C1C=CC(=C(OC)C=1)OC,0.004286855401005596
C1(C2=CC=CC=C2NC=1)C(CNC(=O)NC1=CC=C(C=C1)Cl)C1C=CC(=C(OC)C=1)OC,0.0034618367673829196
C1(C2=CC=CC=C2NC=1)C(CNC(=O)NC1=CC=C(C(Cl)=C1)C)C1C=CC(=C(OC)C=1)OC,0.0035810417612083256
NNC(C1NN=C(C2OC=CC=2)C=1)=O,0.001573375830776058
C1(C2=CC=CC=C2NC=1)C(CNC(=O)NC1=CC=CC=C1C(OC)=O)C1C=CC(=C(OC)C=1)OC,0.003757919499184936
N1(C(=O)NN=C1C1CCCN(C)C1)C1C(C)=NOC=1C,0.0038438423653133214
C1(CN(C)C(=O)CCN(C)S(C)(=O)=O)N(C)C2=C(C=CC=C2)N=1,0.004498657712247223
C1(C2=CC=CC=C2NC=1)C(CNC(=O)NC1=CC=C(C(C)=C1)C)C1C=CC(=C(OC)C=1)OC,0.004309220216237008
N1(C2C=CC=CN=2)C(COC2C=CC=C(C=2)N2C=NN=N2)=NC(C(C)C)=N1,0.00766499110031873
C1(C2=CC=CC=C2NC=1)C(CNC(=O)NC1C=C(C)C=CC=1C)C1C=CC(=C(OC)C=1)OC,0.004322644695639611
CSCCC(C(O)=O)NC1=C2C(SC3=C2CCC3)=NC=N1,0.00455566446762532
C1(C2=CC=CC=C2NC=1)C(CNC(=O)NC1C=C(C)C=C(C)C=1)C1C=CC(=C(OC)C=1)OC,0.004384497448336333
C1(C2=CC=CC=C2NC=1)C(CNC(=O)NC1=CC=C(C=C1Cl)C)C1C=CC(=C(OC)C=1)OC,0.003659698774572462
C1(C2=CC=CC=C2NC=1)C(CNC(=O)NC1=CC=C(C(OC)=C1)OC)C1C=CC(=C(OC)C=1)OC,0.004114608769305051
N1(C2C=CC=CN=2)N=C(N=C1C(C)CN1C(C)=NC(C)=N1)C(C)C,0.011086520878598094
N1(CCCN(CC2=CNC=N2)CC1C(C)C)CC1CC1,0.008706122916191817
C1(C2=CC=CC=C2NC=1)C(CNC(=O)NC1C(OC)=CC=C(Cl)C=1)C1C=CC(=C(OC)C=1)OC,0.003327441413421184
C(=O)(N1CCCC(CCC2C=CC(=C(F)C=2)F)C1)C1C(=CC=CC=1O)O,0.00561812159139663
C1(C2=CC=CC=C2NC=1)C(CNC(=O)NC1C(OC)=CC=C(OC)C=1)C1C=CC(=C(OC)C=1)OC,0.0038220177637413146
C1(CCCN(CCOC)C1=O)(O)CN1CCC(CC1)(O)CN1C=CN=C1,0.007141630630940199
C1(C2=CC=CC=C2NC=1)C(CNC(=O)NC1=CC=C(C=C1)C)C1C=CC(=C(OC)C=1)OC,0.004222930979449302
C1(C2=CC=CC=C2NC=1)C(CNC(=O)NC1=CC=CC=C1C)C1C=CC(=C(OC)C=1)OC,0.004210800630971789
C1(C2=CC=CC=C2NC=1)C(CNC(=O)NC1C(C)=CC=C(Cl)C=1)C1C=CC(=C(OC)C=1)OC,0.003553051268681884
C(=O)(C(C)N1C=CC=N1)N1CCOC2=C(C=C(C=C2C1)C1=CC=C(C)S1)O,0.004599009221419692
C1(=O)C2=CC=CN=C2CN1[C@H]1CC[C@@H](CC1)O,0.0051036988850682976
C1(C2=CC=CC=C2NC=1)C(CNC(=O)NC1C=CC(=C(Cl)C=1)F)C1C=CC(=C(OC)C=1)OC,0.003053471929160878
C1(C=C(C)C=C2CC(CN)OC=12)C1=CC=NC2=C1C=CC=C2C(F)(F)F,0.0061369897099211815
C1(C2=CC=CC=C2NC=1)C(CNC(=O)NC1=CC=C(C=C1)OC)C1C=CC(=C(OC)C=1)OC,0.003875266120303422
N1(C2=CC=CC(C)=C2)C=C(C=N1)CN(C)C(=O)CCN1CCCCO1,0.002096944855293259
C1(C2=CC=CC=C2NC=1)C(CNC(=O)NC1=CC=CC=C1OCC)C1C=CC(=C(OC)C=1)OC,0.0039460665895603595
C12CN(CCOC1=C(C=C(C=2)C1=CC=C(C)S1)O)CCN1C=CN=C1C,0.004239870887249708
OC1=C(C(NC2=CC=C(Br)C=C2)=O)C=CC=C1,0.007197575620375573
C1(C2=CC=CC=C2NC=1)C(CNC(=O)NC1=CC=C(C=C1)OCC)C1C=CC(=C(OC)C=1)OC,0.003902452462352812
C12CCN(CC=1N=CN=C2N(C)C)C(=O)C1C=CC=C(OCCOCC)C=1,0.0075746661517769095
C1(C2=CC=CC=C2NC=1)C(CNC(=O)NC1=CC=CC(Cl)=C1C)C1C=CC(=C(OC)C=1)OC,0.0035074283834546803
C1(SC2=C(CCNC2)C=1C(O)=O)S(=O)(=O)NCC1C=CSC=1,0.0031232439912855627
C1(C2=CC=CC=C2NC=1)C(CNC(=O)NC1=CC=CC(C)=C1)C1C=CC(=C(OC)C=1)OC,0.004164781712461263
C(CC)(=O)NC1C=CC(=CC=1)OCC(NCCC1CCCCC=1)=O,0.011279072798788547
C(=O)(N(C)C)C1C=CC(=CC=1)OC1C=CC(=C(CN2CCCC2)C=1)OC,0.01142479651607573
C1(C2=CC=CC=C2NC=1)C(CNC(=O)NC1=CC=C(C=C1)Br)C1C=CC(=C(OC)C=1)OC,0.004371283983346075
C1(C2=CC=CC=C2NC=1)C(CNC(=O)NC1=CC=CC=C1CC)C1C=CC(=C(OC)C=1)OC,0.004314297193195671
C1(=C(C)C=C(NC1=O)C)C(=O)N1CC[C@H]([C@H](O)C1)C1=CC=C2C(C=CC=C2)=C1,0.0022912691929377615
N1(CCCC(C1)C(=O)CC(C)C)C(=O)C1=CC=C(N=C1)N1CCC2(CC1)CCO2,0.011633367231115698
CC1=C(C)C(C2C(=O)N(C3=CC=CC=C3)C(=O)C=2)=C(NC(C2OC=CC=2)=O)S1,0.0035953946760855617
C1(C2=CC=CC=C2NC=1)C(CNC(=O)NC1=CC=C(C=C1C)C)C1C=CC(=C(OC)C=1)OC,0.004353511903900653
N1C(=CC=NC=1C(C)C)CN1CCOC(CCC2C=CC=CC=2)C1,0.01144767557270825
C1(C2=CC=CC=C2NC=1)C(CNC(=O)NCC1C=CC=CC=1)C1C=CC(=C(OC)C=1)OC,0.0041541404905729
C1(C2=CC=CC=C2NC=1)C(CNC(=O)NC1C=CC(=C(F)C=1)C)C1C=CC(=C(OC)C=1)OC,0.003334987093694508
N1C(CCC2=CC=CC=C2)=NNC=1CC1C=CC(=CC=1)NC(=O)C1CC1,0.00580435935407877
N1N=CN(CCC(=O)NC2C=C(C=CC=2N2CCCC(C)C2)C(N)=O)N=1,0.0036616332828998564
N1(CC2=CC=C(C=C2)F)C(=O)CCN(C(=O)CC2=CC(=NO2)C)CC1C(C)C,0.008898667758330703
C12SC=CC=1N=CN(CC(=O)N(CC(C)C)CC1C=CSC=1)C2=O,0.007220714329741895
C(=O)(C1C=CC(=CC=1)OC1C=CC(=CC=1)OC)N[C@H]1CCCC[C@@H]1O,0.004663175833411515
C1(=O)O[C@H]2[C@H](CN(CC3=NC(C)=CC(C)=N3)C2)N1CCCN1CCOCC1,0.008172537386417388
C1(C2=CC=CC=C2NC=1)C(CNC(=O)NC1C(F)=CC=C(F)C=1)C1C=CC(=C(OC)C=1)OC,0.003421308333054185
C1(C=C(NN=1)COC1C=CC=CC=1OC)C(=O)NC(C)C(=O)N(C)C,0.005409983731806278
N(CC(C)C)(CC1C=NN(C)C=1)C(=O)C1=CC=NC(OC)=C1,0.00893717366270721
N12C=C(N=C1SC=C2C(=O)NCC1CCNC1)C1C=CC(=C(F)C=1)OC,0.0046157912816852335
C1(C2=CC=CC=C2NC=1)C(CNC(=O)NC1C=C(OC)C=C(OC)C=1)C1C=CC(=C(OC)C=1)OC,0.0037864434183575214
C1(CNC(=O)C2C=CC=CC=2NCC=C)(CN2C=CN=C2)CC1,0.005676836904603988
C1(C2=CC=CC=C2NC=1)C(CNC(=O)NC1=CC=CC(=C1)C(F)(F)F)C1C=CC(=C(OC)C=1)OC,0.0030447600991465153
C12C(CC(NC1=NNC=2C1C=CC=CC=1)=O)C(C)=CC1=CC=CO1,0.005781285045668483
C1(C2=CC=CC=C2NC=1)C(CNC(=O)NCC1C=CC(=CC=1)C)C1C=CC(=C(OC)C=1)OC,0.004253271070774644
C1(C2=CC=CC=C2NC=1)C(CNC(=O)NC1=CC=CC=C1F)C1C=CC(=C(OC)C=1)OC,0.0034256841405294835
C1(=O)C2=CC=CN=C2CN1CCC1=CSC(C2C=CC=NC=2)=N1,0.007605101121589542
C1(C2=CC=CC=C2NC=1)C(CNC(=O)NC1=CC(C)=CC=C1OC)C1C=CC(=C(OC)C=1)OC,0.004008758557029068
C1(C2=CC=CC=C2NC=1)C(CNC(=O)NC1C=CC2=C(OCCO2)C=1)C1C=CC(=C(OC)C=1)OC,0.003770561458077282
C12=CC(=NN1C(=CC(C(=O)NCC1=CC=CN=C1N1CCN(CC1)C)=N2)C)C,0.005721296137198806
C12=NON=C1C=CC=C2CN(CCN(C)C)CC1=CC=C(C)S1,0.010111797135323286
C1(CN2CCOC(CN)C2)C2C=CC=CC=2N(CCC(N)=O)C=1,0.007219804404303432
N1=C(NCCSC2NN=CN=2)C2CCNCC=2N=C1C1=CC=CN=C1,0.0037467612070031463
C1(C2=CC=CC=C2NC=1)C(CNC(=O)NC1=CC=C2C(OCO2)=C1)C1C=CC(=C(OC)C=1)OC,0.003763129119761288
C1(C2C=CC=C(OC)C=2OCCN2CCOCC2)=NC2=C(C(C)=CC=C2)N1,0.005217411881312728
CCC1SC2=C(C(=NC=N2)NCCC2=CC(OC)=C(OC)C=C2)C=1,0.007823335169814528
C1(C2=CC=CC=C2NC=1)C(CNC(=O)NCC1=CC=C(C=C1)F)C1C=CC(=C(OC)C=1)OC,0.0033093544887378814
N1(CC[C@H]([C@H](O)C1)C1=CC=C2C(C=CC=C2)=C1)C(=O)CN1C=CC=C1,0.002547970978775993
C1(OC(=C(CN2CCNC(=O)C2)N=1)C)C1=CC=C(C(C)=C1OC)OC,0.0046457453281618655
C1(C2=CC=CC=C2NC=1)C(CNC(=O)NC1=CC=CC(SC)=C1)C1C=CC(=C(OC)C=1)OC,0.0034619336598552763
C1(SC=CC=1NC(=O)NCC(C1C=CC(=C(OC)C=1)OC)C1C2=CC=CC=C2NC=1)C(OC)=O,0.0032284451415762307
N1(C2=CC=C(C=C2)C(F)(F)F)N=C(N=C1CCN)C,0.003975368558894843
N1(CC2(CN3C=NN=C3)CC2)C(C)=CC(C)=N1,0.015016826521605253
C1(C2=CC=CC=C2NC=1)C(CNC(=O)NC1=CC=CC(F)=C1)C1C=CC(=C(OC)C=1)OC,0.003241333982441574
N1=CN(C(C2=CC=C(C(OC)=C2)C)=C1C1C=CC=CC=1)CCCO,0.004304831696208567
C1(C(=O)NCC(=O)NC2CC2)C=C(ON=1)COC1C=CC(=CC=1F)F,0.006374052911996842
S(=O)(=O)(CCNC1=NC=CC(NC)=N1)C1=CC=C(C=C1)C,0.004278869938571006
N1=C(CCCNC2CSCC2)NC2C=CC(C)=C(C)C1=2,0.004330589913297445
N1(C2C=CC=C(F)C=2)N=C(N=C1CSC1=NN=C(C)O1)CCC1=CC=CC=C1,0.006172696780413389
C1(C(C2C=CC=CC=2)CNC(=O)NC2=CC=CC(OC)=C2)C2=CC=CC=C2NC=1,0.0035960446577519177
C(=O)(NC1C=CC=C(C=1)NC(CCC1=NN=CN1C)=O)C1C=CC=CC=1OC,0.005719992145895958
C1(C(C2C=CC=CC=2)CNC(=O)NC2=CC=CC(Cl)=C2)C2=CC=CC=C2NC=1,0.003371790167875588
N1(CC2=C(C=NC(C3C=CC=CC=3)=N2)C1)C(COCC(F)(F)C(F)F)=O,0.005108866188675165
N1(CC)C(=O)N(N=C1C1CCCN(CC2C=NN3C(=CC(C)=NC=23)C)C1)C,0.008693956770002842
C1(C(C2C=CC=CC=2)CNC(=O)NC2=CC=C(C(C)=C2)C)C2=CC=CC=C2NC=1,0.004404897417407483
N1(C=NN=C1)C1=NC=CC(=C1)C(=O)NC(CC)C1=CC=C(C=C1)F,0.004473101242911071
C1(C(C2=CC=CC=C2)CNC(=O)NC2C=C(C)C=CC=2C)C2=CC=CC=C2NC=1,0.004326383047737181
OC(CCC(NC1NC2=C(C=CC=C2)N=1)=O)=O,0.0023240617651026697
C1(C(C2C=CC=CC=2)CNC(=O)NC2=CC=C(C(OC)=C2)OC)C2=CC=CC=C2NC=1,0.004133998125325888
N1(CC(C)NC(CCC(=O)NC2C=C(C)C=CC=2F)=O)C(C)=CC(C)=N1,0.0066161919618025426
C1(C(C2C=CC=CC=2)CNC(=O)NC2=CC=CC=C2C)C2=CC=CC=C2NC=1,0.004101345781236887
N1(CCOC(CC)C1)C1=CC=C(C=N1)C(NCCCC1=CC=C(C=C1)OC)=O,0.006678315391764045
C1(C(C2=CC=CC=C2)CNC(=O)NC2=CC=C(C=C2)OCC)C2=CC=CC=C2NC=1,0.003903237357735634
C1(C(C2=CC=CC=C2)CNC(=O)NC2=CC=CC(C)=C2)C2=CC=CC=C2NC=1,0.004034309182316065
C1(C(C2C=CC=CC=2)CNC(=O)NC2=CC=CC=C2CC)C2=CC=CC=C2NC=1,0.004317547788377851
C1(C(C2=CC=CC=C2)CNC(=O)NC2=CC=C(C=C2C)C)C2=CC=CC=C2NC=1,0.004405063320882618
C1(C(C2=CC=CC=C2)CNC(=O)NC2=CC(OC)=C(C(OC)=C2)OC)C2=CC=CC=C2NC=1,0.0039082660689018665
C1(C(C2C=CC=CC=2)CNC(=O)NCC(OCC)=O)C2=CC=CC=C2NC=1,0.003846643946599215
C1(C(C2C=CC=CC=2)CNC(NCCCOC)=O)C2=CC=CC=C2NC=1,0.0032487268443219365
C1(C(C2=CC=CC=C2)CNC(=O)NC2C=CC(=CC=2)F)C2=CC=CC=C2NC=1,0.0032503093592822553
C1(C(C2C=CC=CC=2)CNC(=O)NC2C=CC(=C(F)C=2)C)C2=CC=CC=C2NC=1,0.003285333630628884
N1(CCC2(CCCNC2)C1)C1C(Cl)=CC(=CN=1)C(O)=O,0.005066870735026896
CC(C(NC(C(Cl)(Cl)Cl)NC1=NC=CC=N1)=O)(C)C,0.006031618057750166
C1(C(C2C=CC=CC=2)CNC(=O)NC2=CC=C(C=C2OC)OC)C2=CC=CC=C2NC=1,0.003677122190129012
CC1=CC(N(=O)=O)=C(OCCCN2C(=O)C3=C(C=CC=C3)N=C2C2=CC=C(Br)C=C2)C=C1,0.0055096894036978485
C1(C(C2=CC=CC=C2)CNC(=O)NC2=CC(C)=CC=C2OC)C2=CC=CC=C2NC=1,0.00392260670196265
C1(NC(=O)CN2CCCC2C2=CC=CC=C2C)=NN=C(COC)S1,0.007619908428750932
C1(C(C2C=CC=CC=2)CNC(=O)NCC2=CC=CC(OC)=C2)C2=CC=CC=C2NC=1,0.003855951619334519
C1(C(C2C=CC=CC=2)CNC(=O)NCC2=CC=CO2)C2=CC=CC=C2NC=1,0.003884781710803509
C1(C(=O)N2CCOCC2)N=C2N(C=CC=C2C)C=1CN(C)CC(NC)=O,0.004506300133652985
C1(C(C2C=CC=CC=2)CNC(=O)NCC2=CC=C(C=C2)F)C2=CC=CC=C2NC=1,0.0033750929986126723
FC1=CC=C(OCCCCN2C(=O)C3=C(C=CC=C3)N=C2C2=CC=C(Br)C=C2)C=C1,0.007701622601598501
C1(C(C2C=CC=CC=2)CNC(=O)NC2=CC=CC(SC)=C2)C2=CC=CC=C2NC=1,0.003425188537221402
C1(C=NN2C=C(CN(CC)CC)C=NC=12)C(=O)N1CCCCC21CC2,0.009865373186767102
N1N(C)N=NC=1C1C=CC(=CC=1)C(=O)N1C[C@H]2[C@H](C[C@@H]([C@H](O)C2)O)C1,0.002566077470021355
C(=O)(C1C=CC(=NC=1)C#N)N1CCC(CC1)N1CCCC(C(NCCOC)=O)C1,0.004606911342125386
C1(C(C2=CC=CC=C2)CNC(=O)NC2CCCCC2)C2=CC=CC=C2NC=1,0.005083703040145338
C1(=CC(CCC)=NC(C)=N1)C1C=CC=CC=1C(C)=O,0.015367070212960243
C1(C(C2C=CC=CC=2)CNC(=O)NC2=CC=CC(F)=C2)C2=CC=CC=C2NC=1,0.0031481078476645052
C(=O)(C1C=CC(=CC=1)N1CCN(CC1)C)N(CC)CC1CCCO1,0.01245246990583837
C1(C(C2C=CC=CC=2)CNC(=O)NCC(C)C)C2=CC=CC=C2NC=1,0.004178526008035988
C1(C(C2C=CC=CC=2)CNC(NCCOC)=O)C2=CC=CC=C2NC=1,0.0030117800226435064
N1(C=CN=C1)C1=CC=CC=C1CNC(=O)C1C=NC(=NC=1)C1=CC=CN=C1,0.005072923528496176
C1(C(C2C=CC=NC=2)CNC(=O)NC2=CC=C(C=C2)OC)C2=CC=CC=C2N(CC)C=1,0.0052934871055185795
C1(C(C2C=CC=NC=2)CNC(=O)NC2=C(OC)C=C(C(Cl)=C2)OC)C2=CC=CC=C2N(CC)C=1,0.004292057000566274
C1(C(C2C=CC=NC=2)CNC(=O)NC2=CC=C(C=C2)OCC)C2=CC=CC=C2N(CC)C=1,0.005422275373712182
C1(C(C2C=CC=NC=2)CNC(=O)NC2=CC=C(C=C2)C(OCC)=O)C2=CC=CC=C2N(CC)C=1,0.005410212487913668
N1(C2=CC=CC=C2CCO)CC(CC1=O)C(O)=O,0.0034125799313187597
C1(C(C2C=CC=NC=2)CNC(=O)NC2=CC=C(C(C)=C2)Br)C2=CC=CC=C2N(CC)C=1,0.00648857846390456
CC(CC1=CC=C(C(C2N(CC3=CC=CC=C3)C3=C(C=CC=C3)N=2)C)C=C1)C,0.014116395078599454
[C@]12(CN(C[C@@H]1CN(C(C)=O)C2)CC1=CC=CN1C1=CC=CC=N1)C(O)=O,0.005606620607431978
C(=O)(C1C=CC(=CC=1)CN(C)CC1C=CN=CC=1C)NC1=CC=C(N=C1)C#N,0.0055821695015765725
C1(=CC2=CC(C)=CC=C2N=C1C)C(=O)N(CC)C1CCOC(C)(C)C1,0.012442643567919732
C1(C(C2C=CC=NC=2)CNC(=O)NC2=CC=CC(SC)=C2)C2=CC=CC=C2N(CC)C=1,0.00501974793151021
C12SC=NN1C=C(C(C)NC(COC1C=CC(=CC=1)NC(CC)=O)=O)N=2,0.004411267640534788
C1(C(C2C=CC=NC=2)CNC(NCCC(C)C)=O)C2=CC=CC=C2N(CC)C=1,0.006485339556820691
C1(C(C2C=CC=NC=2)CNC(=O)NC2CCCCC2)C2=CC=CC=C2N(CC)C=1,0.0067883618641644715
C1(CCCN(CC2=CC(OC)=CC=C2F)C1=O)(O)CN1CCNC(=O)C1,0.004820349020883441
C1(C(C2C=CC=NC=2)CNC(=O)NC2=CC=CC=C2OC)C2=CC=CC=C2N(C)C=1,0.005314042326062918
C1(CN2CCCC2)=C(CC)OC(C(=O)NCC2=CN=C3C=CC=CN23)=C1,0.006186651811003685
C1(C(C2C=CC=NC=2)CNC(=O)NC2=CC=CC(OC)=C2)C2=CC=CC=C2N(C)C=1,0.005248997430317104
C12CN(CCC=1ON=C2C1=CC=C(C(F)=C1)F)CC1=C(C)C=C(C=C1C)O,0.005842928308993578
C1(C(C2C=CC=NC=2)CNC(=O)NC2=CC=CC(Cl)=C2)C2=CC=CC=C2N(C)C=1,0.005035937996581197
CC1=C(C)C2=C(N(C(C3=CC=CC=C3)=O)CN(C3CC(C)(C)NC(C)(C)C3)C2)S1,0.008317824034020305
C1(C(C2C=CC=NC=2)CNC(=O)NC2=CC=CC=C2Cl)C2=CC=CC=C2N(C)C=1,0.005168961477465928
C(=O)([C@@H](N)CC1=CNC=N1)N(CCCC)CC1=CC=CO1,0.004735401261132211
C1(C(C2C=CC=NC=2)CNC(=O)NC2=CC=CC=C2)C2=CC=CC=C2N(C)C=1,0.005953535600565374
C1(=CC(=NN1)C)C(=O)N1CCCN(CC2C=CC(=CC=2)F)C(C(C)C)C1,0.00532694545108825
C1(C(C2C=CC=NC=2)CNC(=O)NC2=CC=C(C=C2)CC)C2=CC=CC=C2N(C)C=1,0.006506906310096383
C1(C(F)=CC=C(C)C=1F)CN1C=CN=C1C1=CC=C(C=C1)S(C)(=O)=O,0.0050962870242074135
C1(C(C2C=CC=NC=2)CNC(=O)NC2=CC=CC(C)=C2C)C2=CC=CC=C2N(C)C=1,0.006404569232836365
C1(C(C2C=CC=NC=2)CNC(=O)NC2=CC=C(C(Cl)=C2)C)C2=CC=CC=C2N(C)C=1,0.005262749060057104
CC(C1=CC=C(C(C2C3=C(C=CC=C3)N(C)C=2C2=CC=CC=C2)CN(=O)=O)C=C1)C,0.013773323316127063
C1(C(C2C=CC=NC=2)CNC(=O)NC2=CC=C(C(C)=C2)C)C2=CC=CC=C2N(C)C=1,0.006473403214477003
C1(C(C2C=CC=NC=2)CNC(=O)NC2C=C(C)C=CC=2C)C2=CC=CC=C2N(C)C=1,0.006353279808536172
ClC1SC(Cl)=C(C2N=C(NC(C3OC=CC=3)=O)SC=2)C=1,0.005462661548517644
C1(C(C2C=CC=NC=2)CNC(=O)NC2C=C(C)C=C(C)C=2)C2=CC=CC=C2N(C)C=1,0.006454424932599068
C12C=CNC=1C=CC=C2C1C=CC=C(C(C)=O)C=1,0.00988658405840397
C1(C(C2C=CC=NC=2)CNC(=O)NC2=CC=C(C=C2Cl)C)C2=CC=CC=C2N(C)C=1,0.005306864727754146
C1(C(C2C=CC=NC=2)CNC(=O)NC2C(OC)=CC=C(Cl)C=2)C2=CC=CC=C2N(C)C=1,0.004632555809803307
C1(C(=O)N(CC)CC)=CN(N=N1)C1CCN(CC1)C1C=NC=CN=1,0.0067455359036102894
C1(C(C2C=CC=NC=2)CNC(=O)NC2C(OC)=CC=C(OC)C=2)C2=CC=CC=C2N(C)C=1,0.005148552637547254
C1(C(C2C=CC=NC=2)CNC(=O)NC2C=CC=CC=2C(OCC)=O)C2=CC=CC=C2N(C)C=1,0.005875630071386695
N1=C(CCC2=CC=CC(F)=C2)NN=C1CCC1=CC=CC=C1,0.005085596162825823
C1(C(C2C=CC=NC=2)CNC(=O)NC2=CC=C(C=C2)C)C2=CC=CC=C2N(C)C=1,0.006142527749761939
C1(C=C(NN=1)COC1C=CC(=CC=1Cl)OC)C(=O)N(C)CCC(C)(C)O,0.00633045460563153
C1(C(=O)NC2C=CC=CC=2)C=C2N(CCCN(CC3=CN=C(N=C3)CC)C2)N=1,0.007762642903253436
C1(C(C2C=CC=NC=2)CNC(=O)NC2=CC=CC=C2C)C2=CC=CC=C2N(C)C=1,0.0061249984195455905
C1(CC(=O)N2CCCC(C2)CCC2=CC=CC=C2F)=CN=C(NC1=O)C,0.0037627846468240023
N1(C[C@@H](C[C@H]1C(=O)N(CC)CC)N)C(=O)C1CCCCC=1,0.013436210388317705
C1(C(C2C=CC=NC=2)CNC(=O)NC2=CC=C(C=C2)OC)C2=CC=CC=C2N(C)C=1,0.0054097374668344855
C1(C(=O)NC2C=CC=CC=2)C=C2N(CCN(CC3C=NN4C=CC=NC=34)C2)N=1,0.0074463374447077514
C1(C(C2C=CC=NC=2)CNC(=O)NC2=C(OC)C=C(C(Cl)=C2)OC)C2=CC=CC=C2N(C)C=1,0.004513842612504959
C1(C(=O)N2CCOCC2)C=C2N(CCCN(C3CC4C(=CC=CC=4)C3)C2)N=1,0.012533328449353575
C1(C(C2C=CC=NC=2)CNC(=O)NC2=CC=CC=C2OCC)C2=CC=CC=C2N(C)C=1,0.00538780412171036
C1(C(C2C=CC=NC=2)CNC(=O)NC2=CC=C(C=C2)OCC)C2=CC=CC=C2N(C)C=1,0.005474569601938128
C12C=C(CNC([C@H](CCC)N)=O)C(=NC=1CN(C1CCCC1)C2=O)OC,0.010186240216717124
C1(C(C2C=CC=NC=2)CNC(=O)NC2=CC=CC(Br)=C2)C2=CC=CC=C2N(C)C=1,0.006559747434221208
C1(C(C2C=CC=NC=2)CNC(=O)NC2=CC=C(C=C2)C(OCC)=O)C2=CC=CC=C2N(C)C=1,0.005697315093129873
C1(C(C2C=CC=NC=2)CNC(=O)NC2=CC=CC(Cl)=C2C)C2=CC=CC=C2N(C)C=1,0.005267094390001148
C1(C(C2C=CC=NC=2)CNC(=O)NC2=CC=C(C=C2F)Br)C2=CC=CC=C2N(C)C=1,0.005420962115749717
N1(C)C(COC2=CC=C(C=C12)C(=O)N(C)C)CC(=O)N(C)CC=C,0.009708062186837197
C1(C(C2C=CC=NC=2)CNC(=O)NC2=CC=CC(C)=C2)C2=CC=CC=C2N(C)C=1,0.0060259351739659905
C1(C(C2C=CC=NC=2)CNC(=O)NC2=CC=CC=C2CC)C2=CC=CC=C2N(C)C=1,0.006424482096917927
C1(C(C2C=CC=NC=2)CNC(=O)NC2=CC=C(C=C2C)C)C2=CC=CC=C2N(C)C=1,0.006468212488107384
N1(CC)C(CC2CCN(CC2)CC(C)=CC2=CC=CC=C2)=NN(C)C1=O,0.008974595321342349
C1(C(C2C=CC=NC=2)CNC(=O)NC2=CC(OC)=C(C(OC)=C2)OC)C2=CC=CC=C2N(C)C=1,0.00553654613904655
C1(C(C2C=CC=NC=2)CNC(=O)NC2C=CC(=C(F)C=2)C)C2=CC=CC=C2N(C)C=1,0.0046870042686350645
C1(C(C2C=CC=NC=2)CNC(=O)NC2=CC=C(C=C2OC)OC)C2=CC=CC=C2N(C)C=1,0.005163324391469359
C12=C(CCN(C(=O)C(O)CC(C)C)C1)NN=C2C1=CC=C(C=C1)Cl,0.0029986100853420794
C1(C(C2C=CC=NC=2)CNC(=O)NC2=CC=C(C(C)=C2)Br)C2=CC=CC=C2N(C)C=1,0.006701465835794807
C1(C(C2C=CC=NC=2)CNC(=O)NC2=CC=CC=C2F)C2=CC=CC=C2N(C)C=1,0.004760037001688033
C1(C(C2C=CC=NC=2)CNC(=O)NC2=CC(C)=CC=C2OC)C2=CC=CC=C2N(C)C=1,0.0053403402213007215
C1(CN(CC)C(=O)C2=CC=C(N=C2)C2=CC=CC(OC)=C2F)=NC=CN1C,0.006319963629357517
C1(C(C2C=CC=NC=2)CNC(=O)NC2=CC=C3C(OCO3)=C2)C2=CC=CC=C2N(C)C=1,0.005074486788362265
C1(C(C2C=CC=NC=2)CNC(=O)NC2=CC=CC(SC)=C2)C2=CC=CC=C2N(C)C=1,0.005228959955275059
C12CN(CCC=1ON=C2C(C1C=CC=CC=1)C1C=CC=CC=1)CCC1NN=NN=1,0.006021789880469442
C1(C(C2C=CC=NC=2)CNC(=O)NC2=CC=CC(F)=C2)C2=CC=CC=C2N(C)C=1,0.0045870772446505725
C1(=NC=CC=C1C(OCC)=O)N1CCN(CC1)CC1NC2=C(C=CC=C2)N=1,0.0027221430849749596
S(=O)(=O)(NCC(C1C=CC=NC=1)C1C2=CC=CC=C2NC=1)C1C=CC2=C(CCCC2)C=1,0.0051286329049617056
S(=O)(=O)(NCC(C1C=CC=NC=1)C1C2=CC=CC=C2NC=1)C1C=CC(=CC=1C)C,0.004171407828107476
S(=O)(=O)(C1C=CC(=CC=1)C(C)C)NCC(C1C=CC=NC=1)C1C2=CC=CC=C2NC=1,0.00429147076793015
S(=O)(=O)(NCC(C1C=CC=NC=1)C1C2=CC=CC=C2NC=1)C1C(C)=NOC=1C,0.0038361863465979696
N1=C(CNC2CCC3(CC2)CCNCC3)NN=C1C1C=CN=CC=1,0.006415101862512529
S(=O)(=O)(NCC(C1C=CC=NC=1)C1C2=CC=CC=C2NC=1)C1=CC=C(C(Cl)=C1)Cl,0.003517261799424887
S(=O)(=O)(C1=CC=CC=C1CC)NCC(C1C=CC=NC=1)C1C2=CC=CC=C2NC=1,0.004109104990493506
[C@@]12(CNC[C@H]1CNC2)C(=O)NC1CCN(CC1)C(=O)NC1CCCCC1,0.006176265049725771
S(C1C=CC=CC=1)(=O)(=O)NCC(C1=CC=C(C=C1)F)C1C2=CC=CC=C2NC=1,0.0032222265377640723
N1=C(C)N=C(C=C1C1=CC=C2C(OCO2)=C1)C(C)C,0.01109280725941062
S(=O)(=O)(C1C=CC(=CC=1)NC(C)=O)NCC(C1C=CC(=CC=1)F)C1C2=CC=CC=C2NC=1,0.0028512014250736684
S(CC1=CC=CC=C1)(=O)(=O)NCC(C1=CC=C(C=C1)F)C1C2=CC=CC=C2NC=1,0.00350962292868644
S(=O)(=O)(NCC(C1C=CC(=CC=1)F)C1C2=CC=CC=C2NC=1)C1=C(OC)C=CC(OC)=C1,0.0034401343669742345
C1(C2C=CC(=CC=2Cl)N2C=NN=C2)N(C2C=CN=C(C)C=2)N=C(C2CC2)N=1,0.008252014569006861
C1(=C(C)N(N=C1C)C)S(=O)(=O)NCC(C1=CC=C(C=C1)F)C1C2=CC=CC=C2NC=1,0.003608549875207245
S(=O)(=O)(C1C=CC(=CC=1)OCC)NCC(C1=CC=C(C=C1)F)C1C2=CC=CC=C2NC=1,0.0034382059471681713
S(=O)(=O)(NCC(C1C=CC(=C(OC)C=1)OC)C1C2=CC=CC=C2NC=1)C1=CC=CC2=NSN=C12,0.0034654902177862824
S(=O)(=O)(NCC(C1C=CC(=C(OC)C=1)OC)C1C2=CC=CC=C2NC=1)C1=CC=C(C(Cl)=C1)F,0.0032545577036216856
S(=O)(=O)(NCC(C1C=CC(=C(OC)C=1)OC)C1C2=CC=CC=C2NC=1)C1C=CC=CC=1F,0.0036791446269489824
N1=C(OC)C=C(N=C1OC)C(=O)NCC1OCCN(C(C)=O)C1,0.00691791083663702
C1(C(C2=CC=CC=C2)CNS(CC)(=O)=O)C2=CC=CC=C2NC=1,0.003726268303580582
S(=O)(=O)(NCC(C1=CC=CC=C1)C1C2=CC=CC=C2NC=1)C1=CC=C2C(CCC(=O)N2)=C1,0.003549057710915804
C1(=CC(=NN1C)C)N1C=NN=C1CCC1=CC=CC=C1O,0.00559561129193753
C1(C2=CC=C(C(C)=C2C)OC)OC(=C(CN2CCNC(=O)C2C)N=1)C,0.005356453754939139
S(=O)(=O)(NCC(C1=CC=CC=C1)C1C2=CC=CC=C2NC=1)C1=CC=CC2=NSN=C12,0.0035765598062425853
C1(=CNN=C1C(O)=O)CN1CCCC(C1)C(=O)C1=CC=CS1,0.004383111465722322
S(CC1=CC=CC=C1)(=O)(=O)NCC(C1C=CC=CC=1)C1C2=CC=CC=C2NC=1,0.004763811710290611
C1(N(CCCNC)C=NC=1C1=CC=CC=C1)C1=CC(=C(C)O1)C,0.007436105189844966
S(=O)(=O)(NCC(C1C=CC=CC=1)C1C2=CC=CC=C2NC=1)C1=C(OC)C=CC(OC)=C1,0.0037168105947785078
C1(=C(C)N(N=C1C)C)S(=O)(=O)NCC(C1C=CC=CC=1)C1C2=CC=CC=C2NC=1,0.0044513739994727075
N1(C)C(COC2=CC=C(C=C12)C(NCCOC)=O)CC(=O)N(C)C(C)C,0.0077689038822427395
C1(C=NN(C(F)F)C=1C)S(=O)(=O)NCC(C1=CC=CC=C1)C1C2=CC=CC=C2NC=1,0.002516676881350577
S(=O)(=O)(C1C=CC(=CC=1)OCC)NCC(C1=CC=CC=C1)C1C2=CC=CC=C2NC=1,0.0039873729227110745
C1(C=CC=C2C=1C=CC(=N2)C)C1=CC=CC=C1CN1CCNCC1,0.008491110661998391
C12C(=O)NCC(C3C=CC=CC=3OC)CC=1NC(=N2)C1(CN2C=CC=N2)CC1,0.004419261228758842
C1(C(C2C=CC=NC=2)CNS(=O)(=O)C2C=CC(=C(C)C=2)C)C2=CC=CC=C2N(C)C=1,0.007071598875336349
N1(CC2CC2)C(=O)CCN(C(=O)CN2C=NN=N2)CC1C(C)C,0.0075965543743222955
C1(C=NN2C=CN(C)C=12)C(=O)N1CC(C1)N1C(C)=CC(C)=N1,0.006949971616268158
C1(C(C2C=CC=NC=2)CNS(=O)(=O)C2C=CC(=CC=2)CC)C2=CC=CC=C2N(C)C=1,0.0072582169668748975
C1(C=C(NN=1)COC1C=CC=CC=1OC)C(=O)NC(CO)CO,0.0031249891268089413
C1(C=NN(C(F)F)C=1C)S(=O)(=O)NCC(C1C=CC=NC=1)C1C2=CC=CC=C2N(C)C=1,0.0039038088754750786
S(=O)(=O)(NCC(C1C=CC=NC=1)C1C2=CC=CC=C2N(C)C=1)C1C(C)=NOC=1C,0.006464831787161529
N1=NNC(CNC(=O)CC2C(=O)NCCN2CC2C=CC=CC=2)=N1,0.00257424067822285
C1(C(C2C=CC=NC=2)CNS(=O)(=O)C2=CC=CC=C2CC)C2=CC=CC=C2N(C)C=1,0.00704958492424339
C12=C(CCN(C(=O)C3CC3(CC)CC)C1)ON=C2C1=CC=CC(F)=C1,0.009683127142488956
C12CC(CCC=1N(N=C2C(O)=O)CCC)N1CCC(CC1)F,0.005533813568763435
C1(C(NCCC(=O)NC2=CC(C)=CC=C2C)=O)=CC(=NN1C)C1C=CC=CC=1,0.006865398655645549
C1(CCCN(C2CCN(CC2)CC2C=CC=NC=2)C1)C(=O)N(C)CCN(C)C,0.013561344239860773
C1(=O)C(CCCN1CC1C=CC(=CC=1)C(C)C)(CNCCC1=CNC=N1)O,0.004017190937884152
C1(C=NN2C=CN(C)C=12)C(=O)N(C)CCOC,0.006592776975594461
C12CC(CCC=1N(N=C2C(O)=O)CCC)N1CCC2(CC1)CCO2,0.009636197052896023
N1C(CCNC(CC2C=CC(=CC=2)C)=O)=NNC=1C1C=CC(=CC=1)C,0.004926675488241017
C1(NN=C(CC(C)C)N=1)C1=CC=C(O1)C#CC(C)(C)O,0.008754024747759104
C12C(=O)N(C)C=NC=1SC(C(=O)N(C)CC1C=CC=C(OCC=C)C=1)=C2C,0.007709267269819975
C1(C(NCCC2=NNC(C3C=CC(=CC=3)C)=N2)=O)=NOC(C2=CC=CS2)=C1,0.004067352472338826
C1(OC(=C(CN(C)CC2(CO)CC2)N=1)C)C1=CC=C(C=C1F)OC,0.003455049532931298
N1C(CCNC(=O)C=CC2C=CC=CC=2)=NNC=1C1C=CC(=CC=1)C,0.004376280540600419
N1(CC2=CC=NC=C2)CC[C@H]([C@H](O)C1)C1=CC=C2C(C=CC=C2)=C1,0.003119064134079963
N1C(CCNC(C2CCCC2)=O)=NNC=1C1=CC=C(C=C1)C,0.005894520063884556
ClC1=C2C(OCO2)=CC(C2SC3=C(C=CC=C3)N=C(C3SC=CC=3)C2)=C1,0.009193451353348791
N1C2CCCCC=2SC=1CN1CCN(CC1)C1=NC=CC2OC=CC1=2,0.009692548168823123
CCN1C2C3C(C(=CC=2)NC(C2SC=CC=2)=O)=CC=CC=3C1=O,0.006606035539880395
N1C(CCNC(CC2C=CC=C(C)C=2)=O)=NNC=1C1=CC=C(C=C1)C,0.004729774675797671
N1C(CCNC(C(CCC)CCC)=O)=NNC=1C1C=CC(=CC=1)C,0.006917969975620508
S(CCCC(=O)N1CCC(CC1)(O)C1=CC=C(C=N1)C)(N)(=O)=O,0.005539833195507526
S(=O)(=O)(C1C=CC(=CC=1)C)N1CCC(CC1)C(NCCC1=NNC(C2C=CC(=CC=2)C)=N1)=O,0.003649407287593931
N1(CC2C=CC=CC=2)C(CC)CN(CCC1=O)C1C=C(C=CN=1)C#N,0.005742657266091555
C1(C(NCCC2=NNC(C3C=CC(=CC=3)C)=N2)=O)C=C(ON=1)C1C=CC(=CC=1)OC,0.004989906784612685
C1(C2CC2)=NC=CN1C1=CC=C(C=C1)C=CC1C=CC=CN=1,0.009292260836809873
N1C(CCNC(CC2C=CC(=CC=2)C)=O)=NNC=1C1=CC=CC=C1,0.0043010578723624345
S(C)(=O)(=O)CC(=O)N(CC1CCC1)CC1C=CC=CC=1,0.009183583757840097
N1C(CCNC(CC2=CC=C(C(OC)=C2)OC)=O)=NNC=1C1=CC=CC=C1,0.004932900948915631
N1(CCCC2=CC=C(C(OCC)=C2)OCC)C=NN=C1,0.013560702465474606
C1(C=C(NN=1)CN1C(C)=CC(C)=N1)C(=O)N1CCC(O)(C2C=CC=CC=2C)C1,0.005851320922374725
C1(C(NCCC2=NNC(C3C=CC=CC=3)=N2)=O)=NOC(C2=CC=CS2)=C1,0.003739484876859933
N1(CC)C(=O)NN=C1C1CCN(CC1)C1=NC=NC2SC(C)=CC1=2,0.0029160923790186644
S(NCCN1CC(CC1=O)C(O)=O)(=O)(=O)C1C=CC(=CC=1)OC,0.0044237894238904115
N1(CCOCC1CCC)CC1C=CC=CC=1C#N,0.011548754014074802
N1C(CCNC(=O)C2=CC=C(C=C2)C)=NNC=1C1C=CC=CC=1,0.004143617209047079
N1C2=CC=CC(C)=C2NC=1CCNC(=O)C(C)OC1=CC(C)=CC=C1C,0.00458965499419719
N1C(CCNC(=O)C=CC2C=CC=CC=2)=NNC=1C1=CC=CC=C1,0.004061534279026091
C1(C2=CC=CC=C2SC=1)C1=CC(O)=C2C(CN(CCO2)CCN2CCOCC2)=C1,0.0055988449836149815
[C@]12(CNC[C@@H]1CN(C(=O)C1CC1)C2)C(=O)NCC1C(C)=NN(CC)C=1C,0.008553663152270019
N1C(CCNC(=O)C2=CC=CC=C2C(F)(F)F)=NNC=1C1C=CC=CC=1,0.0025931257696356624
S1C(C)=NN=C1SCCCNC(=O)C1CCNC1,0.0069171485491096975
N1C(CCNC(CCC2C=CC=CC=2)=O)=NNC=1C1=CC=CC=C1,0.004405198327731341
C12NC(=O)CC(C=1C(=NN2CC(C)C)C)C1C=NN2C=CC=NC=12,0.00798501146491617
C1(=NC=CN1C1C=CC2=C(NN=C2)C=1)C1C=CC=C(OC)C=1OC,0.0045028047752566636
N1(CCCC(CCC2C=CC=C(C=2)C(F)(F)F)C1)C(=O)C1=CC=CN=C1,0.005574089847505093
C1(C=NNC=1C1CCN(CC1)C(=O)C(C)(C)N)C1C=CC=C(C)C=1,0.006443691509775818
N1C(CCNC(C2CCCCC2)=O)=NNC=1C1=CC=CC=C1,0.005744278919883073
N1(CCCC(O)C1)CCNC(CCCC1C=CC(=C(C)C=1)OCC)=O,0.0038913813885301353
N12CCN(CC1C(NCC2=O)=O)CC1COC2=C(C=C(C=C2)Cl)C=1,0.0058148311451077465
N1C(CCNC(=O)C2C=CC=CC=2OC)=NNC=1C1=CC=CC=C1,0.004378648847341538
C12NC(=O)CC(C=1C=NN2C1=CC=CC=C1)C1N2C=CSC2=NC=1Cl,0.004055498330853879
C12C(=O)NCC(C3C=CC=CC=3OC)CC=1NC(C1=CC=C(C=C1)CO)=N2,0.002019225462572649
C12C=C(CNC(=O)CCOCC)C(=NC=1CN(C1CCCC1)C2=O)OC,0.007685746531933546
N1C(CCNC(CC2C=CC=CC=2)=O)=NNC=1C1C=CC=CC=1,0.004035351099446416
N1C(CCNC(CC2=CC=C(C=C2)OC)=O)=NNC=1C1C=CC=CC=1,0.004479275504127145
N1(C[C@@H](C[C@H]1C(NC)=O)N)C(=O)C1=CC=C(CN2CCC(CC2)C)O1,0.00875135133974254
N1(CCOC2=C(C=C(C3=CC=C(C=N3)Cl)C=C2C1)O)C(=O)[C@H]1CCCO1,0.004255401622503996
N1C(CCNC(=O)C2=CC=C(C=C2)OC)=NNC=1C1=CC=CC=C1,0.004253499116748572
C1(=NC=CN1[C@H]1CCC[C@H]1O)C1=CC=CC=C1OCC,0.0033402477041818202
N1C(CCNC(=O)C2C=CC=CC=2C)=NNC=1C1=CC=CC=C1,0.00415399584453553
N1(C[C@@H](C[C@H]1C(NCC)=O)N)C(=O)C1NN=C(C2=CC=NC=C2)C=1,0.003914418525528163
N1C(CCNC(=O)C2=CC=CC=C2OCC)=NNC=1C1=CC=CC=C1,0.004569827811792493
S1C(C)=NN=C1SCC(=O)NC(C)CC1C=NC=CN=1,0.006367463804781437
N1C(CCNC(=O)C2C=CC=C(C)C=2)=NNC=1C1=CC=CC=C1,0.0040454633650369946
N1C(C2=CC=CN=C2)=NC2=C(CCN(C(CCC(F)(F)F)=O)C2)C=1N(C)C,0.004690634593134746
N1C(C)=NNC=1SCCNC(=O)C1=CC=C2C(=C1)NC(N2)=O,0.00194201628328301
N1C(CCNC(COC2=CC=C(C=C2)OC)=O)=NNC=1C1=CC=CC=C1,0.004454698204062879
C1(CN2CCC(CC2)CC2=NN=CN2C)=CC2=CC=C(C=C2N=C1O)OC,0.006485732202418148
N1C(CCNC(=O)C2C=CC(=CC=2)OCC)=NNC=1C1=CC=CC=C1,0.004409904114436358
C1(C(=O)N2CCC(CC2)(O)C2=CC=CC=N2)C=C2N(CCN(C)C2)N=1,0.009667167579755187
N1C(CCNC(CC2C=CC=C(C)C=2)=O)=NNC=1C1C=CC=CC=1,0.004253013303969056
C1(C2CC(=O)NC3N(N=CC=32)C2=CC=CC=C2)=C(C)N(N(C2C=CC=CC=2)C1=O)C,0.006274836882948875
N1(C[C@H](C[C@H]1C(NC)=O)N)C(=O)C1C=CC=CC=1OC1C=CC=CC=1,0.006907664961181581
N1C(CCNC(COC2=CC=C(C=C2)F)=O)=NNC=1C1=CC=CC=C1,0.0032200859976001086
C1(=CC(O)=CC=C1OC)CN1CCCC(C1)CCC1C(=CC=CC=1F)F,0.005250053852796555
N1(C(C)CNC(=O)C2C=CC(=CC=2)OCC(C)=C)C=NC=N1,0.006907467427663505
N1C(CCNC(CSC2=CC=CC=C2)=O)=NNC=1C1=CC=CC=C1,0.0034726412734016774
N1=C(NCC)C=CN=C1N1CCC(CC1)C(O)C1=CC=CC=N1,0.0030976855545304717
N1C(CCNC(=O)C2=CC=C(Br)O2)=NNC=1C1C=CC=CC=1,0.004652152117341757
C1(=O)N(C)C=NC2C=C(C=CC1=2)C(=O)N(CC1CCCO1)CC1C=CSC=1,0.008817021967843175
N1C(CCNC(=O)C2C=C(OC)C=C(OC)C=2)=NNC=1C1C=CC=CC=1,0.004359385359566659
N1C(N)=C(C=NC=1N1CCN(CC1)CC1C=C(NN=1)C(C)(C)C)C#N,0.0026579031196888535
[C@@H]12[C@](C)(C(OC)=O)N[C@H](C3C=CC=CC=3OCCC)[C@@H]1C(N(C)C2=O)=O,0.0036019605291755853
N1C(CCNC(C(CCC)CCC)=O)=NNC=1C1=CC=CC=C1,0.006217277212999761
S(=O)(=O)(C1C=CC(=CC=1)C)N1CCC(CC1)C(NCCC1=NNC(C2=CC=CC=C2)=N1)=O,0.0034444767283275724
C(=O)(C1CC1)NC1C(C)=CC=C(C=1)C(=O)N[C@H](CO)COCC1=CC=CC=C1,0.00511436922242865
N1C(CCNC(CCC2=CC=C(C=C2)OC)=O)=NNC=1C1=CC=CC=C1,0.004883346392307431
C1(C(=O)N[C@@H]2CN([C@H](C(OC)=O)C2)C)=CC2=C(C=CC=C2)N1C,0.007017997791990638
N1C(CCNC(=O)C2C=CC=CC=2Cl)=NNC=1C1=CC=CC=C1,0.003503167349845171
ON=C(C1=C2C(C=CC=C2)=CC=N1)C1=CC=CC=C1,0.00803236928768456
C1(OC=CC=1C)C(=O)NCC1C=C(ON=1)CC(C)C,0.010149668110534549
C1(C(NCCC2=NNC(C3C=CC=CC=3)=N2)=O)C=C(ON=1)C1C=CC(=CC=1)F,0.003408260317519307
N1(CC)C(=O)N(N=C1C1CCCN(C(=O)C2=CC=C(OCC)O2)C1)C,0.006994139868766069
O=C(C1=CC(C(NN=CC2OC=CC=2)=O)=CC=C1)NN=CC1OC=CC=1,0.007993285707198084
C1(C(OC)=O)C=C2N(CCN(C(=O)NCC3=CC=CC(F)=C3)C2)N=1,0.004930077493190766
C1(=O)N(CCCC1(CNCCNC(C)=O)O)CCC1=CC=CC=C1,0.0067717375233769415
CCCCC(NC1=CC(NC(C(C)C)=O)=CC=C1)=O,0.00922407554462552
C1(CC2CCN(CC2)CC2C(OC)=CC=C(C(C)C)C=2)=NN=CN1C,0.012748221261426806
N1C(CCNC(COC2=CC=CC(C)=C2)=O)=NNC=1C1C=CC=CC=1,0.0044127557310275735
C1(C(NCCC2=NNC(C3C=CC=CC=3)=N2)=O)C=C(ON=1)C1C=CC(=CC=1)OC,0.0046761357807554305
N1C(CCNC(COC2C=CC=CC=2)=O)=NNC=1C1=CC=CC=C1,0.0043933007749728855
C1(CN2CCCC(C(=O)C3=CC=CC=N3)C2)C(C)=NN(C)C=1N1CCOCC1,0.011987121216952801
C1(C(=O)N(C)CCC2=NOC(C(C)C)=N2)=C(C)C2C(=CC=C(OC)C=2)N1,0.006227118079550564
C1(C=NN(C)C=1C)C1C=C(C2C=CC=C(OC)C=2)N=C(N)C=1C#N,0.005046891258098185
C1(C=C(C2C=CC=CC=2OCC(N)=O)N=C(N)C=1C#N)C1C(C)=NNC=1C,0.002633025875547901
N1C(CCNC(=O)C2C=CC=C(Cl)C=2)=NNC=1C1=CC=C(C=C1)OC,0.003681289288215339
N1=C(N)N=C(C=C1N1CC2=C(C=NC(C(C)(C)C)=N2)C1)N,0.005926756002008915
N1C(CCNC(CC2C=CC(=CC=2)C)=O)=NNC=1C1=CC=C(C=C1)OC,0.004847117315512151
N1=CN(C(C2=CC=CC(O)=C2)=C1C1=CC=CC=C1)CCN1CCCOC1=O,0.002656280167866498
N1C(CCNC(CC2=CC=C(C(OC)=C2)OC)=O)=NNC=1C1=CC=C(C=C1)OC,0.005075356154702604
C1(=O)N(CCCC1(CNCC1C=NN(C)C=1)O)CCC1C=CC=CC=1,0.008975886413827539
N1C(CCNC(=O)C2C=C(ON=2)CC(C)C)=NNC=1C1C=CC(=CC=1)OC,0.005476849316619336
C1(=CC2=C(C=CC=C2)N1C)C1CC(=O)NC2=CC(OC)=C(NC(CCC)=O)C=C12,0.00828610835596919
S(=O)(=O)(C1=CC=C(C=C1)C(NCCC1=NNC(C2C=CC(=CC=2)OC)=N1)=O)N1CCOCC1,0.003013654157985002
C1(SC=C(C(N)=O)N=1)N1CCCC(C1)C1NN=CC=1C1C=CC(=CC=1)F,0.0033438775571994483
N1C(CCNC(=O)C2C=CC(=CC=2)Cl)=NNC=1C1C=CC(=CC=1)OC,0.003767039452213794
C1(OC)=C(Cl)C=C(C=C1F)CN(CCN1CCOCC1)CC1=CC=CO1,0.009157253918237985
COC1=CC=C(C(C(C(C(F)(F)F)=O)=CNC2=CC=CC=C2)=O)C=C1,0.010284517053514719
N1(CCCCC1CCC1=CC=CS1)CCN,0.014482688996940852
FC(C(C(C(C1OC=CC=1)=O)=CNC1=CC(Cl)=CC=C1)=O)(F)F,0.008231250289827585
N1(CC)C(=O)NN=C1C1CCN(CC1)C(=O)C1=CC(C)=NC2ON=C(C)C1=2,0.0036348854540847243
N1C(CCNC(CCC2C=CC=CC=2)=O)=NNC=1C1=CC=C(C=C1)OC,0.004783619148656726
C1(C(NCCSC2NN=C(C)N=2)=O)=C(C)C2C(=CC(=CC=2)OC)O1,0.0035613108542747796
N1C(CCNC(C2CCCCC2)=O)=NNC=1C1C=CC(=CC=1)OC,0.005920962896198034
C1(=CN(N=N1)CCN)C(=O)N1CCCC2(CCNC2)C1,0.007871881779283284
C1(C(=O)N(C)CCN2CCCCCC2)C=C(ON=1)CN1CCOCC1,0.013614540593698621
N1C(CCNC(=O)C2C=CC=CC=2OC)=NNC=1C1=CC=C(C=C1)OC,0.00458278130972758
C1(C=CON=1)C(C)N(C)C(=O)COC1C=CC(=CC=1)C(CC)=O,0.015082081547006965
N1C(CCNC(=O)C2C=CC=C(OC)C=2)=NNC=1C1=CC=C(C=C1)OC,0.004384876776020974
C(C1=CC=CC=C1)CN1C(C2OC=CC=2)=NN=N1,0.006735189189203084
C12CN(CC=1C=NN2CCO)C(CCC1=CC=CN=C1)=O,0.004317398462444544
N1(C[C@H]([C@H]2N3CCC(CC3)[C@H]21)C1=CC=CC(OC)=C1)C(=O)[C@@H]1[C@@H]2[C@H]1CNC2,0.007118666466733037
N1C(CCNC(=O)C2=CC=CC(F)=C2)=NNC=1C1=CC=C(C=C1)OC,0.0033145900117233394
N1C(CN(C)C(=O)C2=CC=C(C(=C2)NC(=O)C2CC2)C)=CSC=1C(C)C,0.007686113868840039
C1(C(=O)N2CCCC(C2)C2NN=CC=2C2=CC=C(C=C2)F)=CC(=NN1C)C(C)C,0.0045807766262441875
N1C(CCNC(CC2C=CC=CC=2)=O)=NNC=1C1=CC=C(C=C1)OC,0.0044579494628123936
C12OC(CC1=CC(=CC=2C1C=CC(=NN=1)C1=CC=CC=C1)Cl)CN,0.010670827515423299
N1(C)CCC(CC1)NCC(CC=C)(CC=C)O,0.01471322625875473
N1C(CCNC(CC2=CC=C(C=C2)OC)=O)=NNC=1C1=CC=C(C=C1)OC,0.004738354205619544
N1=C(CCNC(=O)C2C=CC(=CC=2)NC(C2CCC2)=O)ON=C1C1C=CC(=CC=1)C,0.007121577602811157
N1C(CCNC(=O)C2C=CC=CC=2C)=NNC=1C1=CC=C(C=C1)OC,0.004590127454139292
N1C(CCNC(=O)C2=CC=CC=C2OCC)=NNC=1C1=CC=C(C=C1)OC,0.0047910535940900445
C1(=CC=C(N(CC)C1=O)C)C(=O)N1CCCC(CCC2C=CC(=CC=2)OC)C1,0.010579569451510906
N1C(CCNC(=O)C2C=CC=CC=2F)=NNC=1C1=CC=C(C=C1)OC,0.003570467059034854
C1(C(=O)N2CCCC2)N=C2N(C=CS2)C=1CN(C)CC1NC=CN=1,0.0031932216370478272
N1C(CCNC(COC2=CC=C(C=C2)OC)=O)=NNC=1C1=CC=C(C=C1)OC,0.004801234696060419
C1(C2C=CC=CC=2C)=NOC(CCC(=O)NC(C)CC2C(=CC=CN=2)C)=N1,0.008181642019189894
N1C(CCNC(=O)C2C=CC(=CC=2)OCC)=NNC=1C1C=CC(=CC=1)OC,0.004707936523482203
C1(CO)=C(OC)C=CC(C2=CC=CC(C(C)N(C)C)=C2)=C1,0.007033844781108201
C1(=O)N(CCCC1(CNCCN1C=CC=N1)O)CCC1C=CC=CC=1,0.007154794689267874
N1C(CCNC(CC2C=CC=C(C)C=2)=O)=NNC=1C1C=CC(=CC=1)OC,0.004769793932791799
N1(C)C(COC2=CC=C(C=C12)C(=O)N(C)C)CC(NCCCCO)=O,0.0037691657315008344
N1C(CCNC(COC2=CC=C(C=C2)F)=O)=NNC=1C1=CC=C(C=C1)OC,0.0035483745741657913
N1C2C=CC=CC=2C=CC=1N1CCC(CC1)N1CCCC(C1)C(=O)NC1CC1,0.007665538764558733
C1(NC(=O)CN2N=C3C(C=CC=C3)=N2)=C(C)C(=NN1C1C=CC=CC=1)CC,0.006314680515788496
N1C(CCNC(CSC2=CC=CC=C2)=O)=NNC=1C1C=CC(=CC=1)OC,0.003766172716859728
C1(CN(CC)CC2=CC=CC(=C2)OCC(C)=C)OC(=NN=1)CC,0.011834185989573597
C12=CNN=C1NC(=O)CC2C(C)=CC1=CC=CC=C1,0.004789730673655868
C1(C(NCCC2C=NNC=2)=O)C=C(ON=1)CN(C)CC1C=CC=CC=1,0.005321115814149379
N1C(CCNC(=O)C2C=C(OC)C=C(OC)C=2)=NNC=1C1=CC=C(C=C1)OC,0.004687844903673977
N1=C(CC(C)C)ON=C1CN(CC)CC1=CC(Cl)=C(C(F)=C1)OC,0.011171668535098433
C1(OC(=C(CN2[C@@H](C)CN[C@H](C)C2)N=1)C)C1C=CC=C(F)C=1F,0.004503139690496027
N1C(CCNC(C(CC)CC)=O)=NNC=1C1=CC=C(C=C1)OC,0.00549554678145796
N1(CC)C(CC2CCN(CC2)C(=O)C2C=CC(=C(C)C=2)C)=NN(C)C1=O,0.007435834384523332
N1C(CCNC(C(CCC)CCC)=O)=NNC=1C1=CC=C(C=C1)OC,0.00664300776552409
C1(=NC=NC2CNCCC1=2)N1CCC(CC1)C1C=CN=CC=1,0.006849102256819606
C1(ON=C(C2CC2)C=1)C(=O)N1CC2=C(C=NC(CC(C)C)=N2)C1,0.010645736986771227
S(=O)(=O)(C1C=CC(=CC=1)C)N1CCC(CC1)C(NCCC1=NNC(C2=CC=C(C=C2)OC)=N1)=O,0.003532860497944057
N1(CCCC(CNC(NCC)=O)C1)CC1=CC=CC=C1OC,0.005345954094082117
N1C(CCNC(CCC2=CC=C(C=C2)OC)=O)=NNC=1C1=CC=C(C=C1)OC,0.005159036815166473
C1(N=CC=C2C=CC=CC=12)C(=O)NCC1CCN(CC2=CC=CO2)C1,0.007749940338544548
N1C(CCNC(=O)C2C=CC=CC=2Cl)=NNC=1C1=CC=C(C=C1)OC,0.0038676413940265776
N1C(CCC2=CC=CC=C2)=NNC=1C1=CC=C(C(NC(CCC)=O)=C1)C,0.005077669606544077
C1(C(=O)N2CCC(CC2)C2=NNC(=O)N2CC)=CN2CCC3=CC=CC(=C23)C1=O,0.003016153606586158
C(=O)(C1C=CC=CN=1)NC1=CC=CC=C1OCCCC1C=CC=CC=1,0.0068156856810674075
N1C(CCNC(CC2C=CC=C(OC)C=2)=O)=NNC=1C1C=CC(=CC=1)OC,0.004568062024191022
C1(=CNN=C1C1C=CC=C(F)C=1)C(=O)NC(C)CC1=CC(=NN1)C,0.0033954308251850306
N1C(CCNC(COC2=CC=CC(C)=C2)=O)=NNC=1C1=CC=C(C=C1)OC,0.004680326057132334
C1(C(NCCC2=NNC(C3=CC=C(C=C3)OC)=N2)=O)C=C(ON=1)C1C=CC(=CC=1)OC,0.004849331313744187
N1C(CNC(COC2=CC=C(C=C2)C(CC)=O)=O)=CSC=1N,0.005676883831620216
N1C(CCNC(COC2C=CC(=CC=2)Cl)=O)=NNC=1C1=CC=C(C=C1)OC,0.003933224861975759
C1(=O)NC2=C(C=CC(=C2)C(=O)N[C@@H]2CC[C@@H](N)C2)N1[C@H]1CC[C@@H](CC1)O,0.0023411966569256036
N1C(CCNC(=O)C2C=CC(=CC=2)C#N)=NNC=1C1=CC=C(C=C1)Cl,0.002853186352876946
C12C=C(CN(C)CC3C=NC(=NC=3)C3=CC=CC(C)=C3)C=CC1=NSN=2,0.010518971737474203
C(=O)(N(CC#C)CC1C=CC(=CC=1)C)CC(=O)NC1=CC=C(C=C1)C,0.00620764154009521
S(NC)(=O)(=O)C1=CC=C(C=C1)CN1CC[C@@]([C@@H](CC(C)C)C1)(C)O,0.005513974232599139
C12N=CC(=CN1N=CC=2C(=O)N[C@@H](C)C(OC)=O)CN(CC)CC,0.00690719741396606
N1(C)C(SC)=NN=C1CC1CCN(CC1)C(=O)[C@H](N)CC1=CC=CC=C1,0.008545409841462969
N1C(CCNC(=O)C2C=CC(=CC=2)OCC)=NNC=1C1=CC=C(C=C1)Cl,0.003964395285584033
ON=CC1C(=O)N2C(C=CC=C2)=NC=1SC1=CC=C(Cl)C=C1,0.0058686827076599
N1C(CCNC(=O)C2C=CC(=CC=2)C(F)(F)F)=NNC=1C1C=CC(=CC=1)Cl,0.0025649048446211966
OCCNC1=C(C=NCCO)C(=O)N2C(C=CC=C2)=N1,0.002377047133632004
C(=O)(C1=CC=CC(=C1)NCC1SC=CC=1C)N[C@H](C)C(N)=O,0.005021090828813612
N1C(CCNC(CSC2=CC=CC=C2)=O)=NNC=1C1=CC=C(C=C1)Cl,0.0030575483106076717
N1(C=CN=C1C1=CC=NC=C1)CC1C=CC2=C(C=CS2)C=1,0.005288611399009824
N1C(CCNC(COC2C=CC=CC=2)=O)=NNC=1C1C=CC(=CC=1)Cl,0.0037572426488623025
C1(CC2=CC=CC=C2)(CC(NCCOCC)=O)C2=CC=CC=C2N(C)C1=O,0.009677491383627057
C1(C=NNC=1C1CCN(CC1)C(=O)CNC(C(C)C)=O)C1=CC=CC=C1C,0.005289015523158014
N1C(CCNC(=O)C2C=CC=C(F)C=2)=NNC=1C1C=CC(=CC=1)Cl,0.0026752759236842393
C1(C2CCCN(C(CO)CO)C2)NC2C(=CC=CC=2)N=1,0.0017612730269320309
N1C(CCNC(=O)C2C=CC(=CC=2)Cl)=NNC=1C1=CC=C(C=C1)F,0.002897184627363458
C12C(=CC=C(C3=C(C=CC=C3OC(C)C)F)C=1)N=CN=C2N1CCN(CC1)C,0.007894953526556493
C1(C(=O)NCC(C)C)=CN(N=N1)C1CCN(CC1)C(C1=CC=CC=C1)=O,0.00669856583699584
N1C(CCNC(=O)C2=CC=CC=C2Br)=NNC=1C1C=CC(=CC=1)F,0.003602684591896832
C1(C(=O)NC2=NN=CS2)=NC(=NN1C1C=CC=C(C)C=1)CCC1=CC=CC=C1,0.004953127820044756
N1(C2C=CC=CN=2)N=C(N=C1CC1(C)C(=O)N=C2C=CC=CN12)C(C)C,0.0059013287769630555
C12=C(C[C@H]3N(C)[C@@H]1CCC3)N=C(C(C#N)=C2C1C=CC=CC=1OCCO)N,0.002236311824526638
C1(CC(=O)N2CCOC(C2)C(F)(F)F)=C(C)N=C(NC1=O)CC,0.002553605792490998
C1(N2CCOC(C2)C(F)(F)F)=NN=NN1C1C=CC(=CC=1)C1C=CC=CC=1,0.004776799280080013
N1C2=CC=CC=C2OC=1CN(C)C(=O)COC1C=CC(=CC=1)C(CC)=O,0.009524291381239891
N1C(CCNC(=O)C2C=CC(=CC=2)C)=NNC=1C1=CC=C(C=C1)F,0.0031759654870256782
C(=O)(C1=CC=NC(Cl)=C1)NCC1CCCN(CC)C1,0.006724870949983597
N1C(CCNC(CCCC)=O)=NNC=1C1C=CC(=CC=1)F,0.0033563620294444264
N1(CCCNC(C)CC)CCC(CC1)O,0.005854017450474203
N1NC(=CC=1C(C)(C)C)CN(C)C(=O)CC1C2=CC=CC=C2NC=1,0.006440228107385338
N1C(CCNC(=O)C2C=CC=C(F)C=2)=NNC=1C1C=CC(=CC=1)F,0.00315195081057027
C1(NN=CC=1C1=CC=C(C=C1)C)C1CCCN(CC2C=CC(=CC=2)O)C1,0.003898524644318968
C1(OCCCC)=C(C=CC=C1CNC1(CCCC1)CO)OC,0.007875971239991486
N1C(CCNC(=O)C2C=CC=C(Cl)C=2)=NNC=1CC1=CC=C(C=C1)C,0.00435199310304597
C1(C=C(ON=1)C)C(=O)N1CCCN(CC2C=CC(=CC=2)F)C(C(C)C)C1,0.00936716184951365
N1C(CCNC(CC2=CC=C(C=C2)C)=O)=NNC=1CC1C=CC(=CC=1)C,0.0056720898719504476
C(=O)(CC1=CSC(C)=N1)N1CCN(CC1)CCN1C=NC=N1,0.005648335674777627
N1(CCC2C(=CC=CC=2)C1)C(=O)CCNCC1=CC=CC=C1N1C=CN=C1,0.005191112356260419
C1(C(=O)NCC2CCN(CC3=CC=CO3)C2)NN=C(C(C)C)C=1,0.0066319267265498635
S(=O)(=O)(C1=CC=C(C=C1)C(NCCC1=NNC(CC2C=CC(=CC=2)C)=N1)=O)N1CCOCC1,0.0033008041675202547
N(CC(=O)NC1C=CC(=CC=1C)C)[C@@H](C1=CC=CC=C1)C(OC)=O,0.006460791965946555
N1C(CCNC(C2CCC2)=O)=NNC=1CC1C=CC(=CC=1)C,0.006341449311003089
C1(=NC=CC=C1C#N)C1C=CC=C(C=1)NC(C)=O,0.004266244702739641
N1C(CCNC(=O)C2C=CC(=CC=2)Cl)=NNC=1CC1C=CC(=CC=1)C,0.004462859232444316
N1=C(C=CN=C1N1CCC(C1)NC(C)=O)N1CCC(CC1)O,0.002801070106215775
N1C(CCNC(=O)C=CC2C=CC=CC=2)=NNC=1CC1C=CC(=CC=1)C,0.00467701026936993
N1C(CCNC(CCC2C=CC=CC=2)=O)=NNC=1CC1=CC=C(C=C1)C,0.005381259776186198
C12CN(CCC=1ON=C2C1=CC=CC(F)=C1)C1C=CC(=NN=1)C1=NC=CN1C,0.006298311427235604
N1(C=CC=C1CN1CCN(CC1)C1=NC=NC(OC)=C1)C1=NC=CC=N1,0.006855631759390235
N1C(CCNC(=O)C2C=CC(=C(F)C=2)C)=NNC=1CC1C=CC(=CC=1)C,0.004201122431550175
C1(CN2CCC3(CCNCC3)C2)C(CC)=NN(C)C=1Cl,0.011998407170176506
N1C(CCNC(=O)C2C=CC(=CC=2)F)=NNC=1CC1C=CC(=CC=1)C,0.0040606266004033385
C12C(CC(NC=1N(N=C2C1CC1)C)=O)C1=CC=C(CN2CCCCC2)S1,0.008104708651080728
C12CN(CCOC1=C(C=C(C1C=CC=CC=1C)C=2)O)CC1=CN=CN1C,0.005142518458887935
C1(=NC=CC(C2C=CC(=C(C(O)=O)C=2)OCC)=N1)N1CCC(N)C1,0.00507582111749798
N1C(CCNC(C2CCCCC2)=O)=NNC=1CC1C=CC(=CC=1)C,0.007356241974048316
N1(CCN(CC1=O)C(CCC1C=CC=CN=1)=O)CC1=CC=C(C=C1)C,0.008061374304816127
O1C(C)CC2C=C(CNC(CC3CCN(CC3)CCC)=O)C=CC=21,0.010825207317247986
N1C(CCNC(=O)C2=CC=CO2)=NNC=1CC1C=CC(=CC=1)C,0.0049514731741510335
C1(C(N)=O)=CN=C2CN(C(=O)CC3=CC=CS3)CCN12,0.003647067304700613
C1(=CC(=CC=C1Cl)NC(C)=O)C(=O)N(C)CC1=CSC(C(C)C)=N1,0.005557085946202278
N1C(CCNC(=O)C2C=CC=C(OC)C=2)=NNC=1CC1C=CC(=CC=1)C,0.0053484074771404265
N1C(=O)NC(CC)(C2CCN(CC2)CC2=CC=C(C3C=CNN=3)O2)C1=O,0.001671798143070191
C1(=CC=NN1C1CCN(CC1)C1C=NC=CN=1)NC(CCC1=CC=CC=C1)=O,0.005960912583395839
C1(=NC=NC2C=CSC1=2)N1CCN(CC1)CC1=CC=C(C=N1)CC,0.0065627180272713305
N1C(CCNC(CC2C=CC(=CC=2)OC)=O)=NNC=1CC1C=CC(=CC=1)C,0.0055512901395559314
CC1=CC2=C(N=C(N2)SCC2N=C3N(C=CC=N3)C=2)C=C1,0.0035350890131667255
C1(CN2C=CC=N2)(CC1)C(=O)N1CCCC(C1)CCC1=CC=CC=C1F,0.008646384719759226
N1C(CCNC(CC)=O)=NNC=1CC1=CC=C(C=C1)C,0.00426024388289079
C1(ON=C(CC(C)C)C=1)C(=O)N1CCC(O)(C2C=CC=CC=2)C1,0.008467655070126057
C1(=CN(N=C1C)CCO)C1C=C(C2C=CC3=C(C=CC=C3)C=2)N=C(N)C=1C#N,0.0022984370996709915
N1C(CCNC(=O)C2=C(C=CC=C2F)F)=NNC=1CC1C=CC(=CC=1)C,0.004099539807066321
C1(CC(=O)NCC2=CC=CN=C2OC2C=CC=CC=2)C2=CC=CC=C2NC=1,0.004019138566218316
N1C(CCNC(=O)C2C=CC=C(C)C=2)=NNC=1CC1C=CC(=CC=1)C,0.005037493398413062
S(=O)(=O)(NCC1C=CC=CC=1)N1CCCCC1C(OC)=O,0.007230807817541063
N1(C2=CC=C(C=C2C)Cl)N=C(N=C1C1CCCN(C(N)=O)C1)CC(C)C,0.0043273175018839535
N1C(CCNC(COC2=CC=C(C=C2)OC)=O)=NNC=1CC1=CC=C(C=C1)C,0.005725847464054823
N1(C2C=CN=C(C)C=2)N=C(N=C1C1C=CC(=C(O)C=1)C)C,0.005431320169009268
C1(C(C)(C)NC(=O)C2C=CC=CC=2Cl)=CN(N=N1)[C@@H]1CN[C@H](C(NC)=O)C1,0.005518017569556832
N1C(CCNC(=O)C2C=CC(=CC=2)OCC)=NNC=1CC1=CC=C(C=C1)C,0.005386750889010727
C1(C=CC(=CC=1C)OC)C1C=CN=C(N)C=1,0.006287403125315905
N1C(CCNC(CC2C=CC=C(C)C=2)=O)=NNC=1CC1=CC=C(C=C1)C,0.005443100584670901
S1(=O)(=O)CCN(CC1)CC(=O)NC(C)C1C=CC(=CC=1)C,0.006614206684753298
C1(CN(CC2C=CC=CN=2)CC2=CNC=N2)SC=CC=1C,0.0040999070508405564
N1C(CCNC(COC2=CC=C(C=C2)F)=O)=NNC=1CC1C=CC(=CC=1)C,0.004377210489474237
C1(CC(N(CC2C=CC(=CC=2)C)C1)=O)C(=O)N(C)CCCC1=NC=CN1C,0.007329928316175937
N1C(CCNC(CSC2=CC=CC=C2)=O)=NNC=1CC1C=CC(=CC=1)C,0.004296531213913113
C(=O)(N(CC=C)CC1=CC=CO1)CC(=O)NC1C=CC=CC=1OCC,0.007538091554306447
N1C(CCNC(CC(C)C)=O)=NNC=1CC1C=CC(=CC=1)C,0.0054397196508944035
C1(C2C=CC=CC=2F)=C(C)C2=C(C=CC(CNC(=O)C(C)CN3C=NC=N3)=C2)N1,0.004268243140541017
N1C(CCNC(=O)C2C=C(OC)C=C(OC)C=2)=NNC=1CC1=CC=C(C=C1)C,0.005598940886557102
C12=CC(=NN1C(=CC(C(=O)N1C[C@H](C[C@H]1C(=O)N(CC)CC)N)=N2)C)C,0.008399306423962116
N1C(CCNC(C(CC)CC)=O)=NNC=1CC1C=CC(=CC=1)C,0.006226399028673768
N1(CCCC(C(=O)NCC2=CC=CC=N2)C1)C1CCN(CC1)CC1=CC=NC=C1,0.009040815010666847
N1C(CCNC(CC2CCCC2)=O)=NNC=1CC1C=CC(=CC=1)C,0.007389245135709643
N1C(CCNC(CCC)=O)=NNC=1CC1=CC=C(C=C1)C,0.004592065664473921
N1C(CCNC(CCCC)=O)=NNC=1CC1=CC=C(C=C1)C,0.005397478421218693
C12CC(CCC=1N(N=C2C(O)=O)CCC)N1CCC(CC1)(O)C1=CC=CC=N1,0.007914961874485016
S1C(N)=NN=C1SCC(=O)N(C)CC1=NOC(CC)=N1,0.005160745489411056
N1C(CCNC(=O)C2C=C(OC)C(=C(OC)C=2)OC)=NNC=1CC1C=CC(=CC=1)C,0.005987234227359295
C1(C2=CC=CC=C2)C=NNC=1C1CCN(CC1)C(=O)C(C)CN1C=NC=N1,0.004519137809984386
S(=O)(=O)(C1C=CC(=CC=1)C)N1CCC(CC1)C(NCCC1=NNC(CC2C=CC(=CC=2)C)=N1)=O,0.003945225733332336
IC1=CC=C(S(N2C(C3=CC=CC=C3)SCC2)(=O)=O)C=C1,0.006507666897960007
N1C(CCNC(CCC2=CC=C(C=C2)OC)=O)=NNC=1CC1=CC=C(C=C1)C,0.005838313372805715
ClC1=C(C2N3C(C=CC=C3)=C(/C=C3/C(=O)NC(=O)NC/3=O)N=2)C=CC=C1,0.0009372965636430308
C1(NC(=O)CC2=CSC(SCC)=N2)C2=C(C)C=CC=C2NC1=O,0.00518029488157481
O=N(C1=CC(C2N3C(C=CC=C3)=C(C=NC3=CC=CC=C3)N=2)=CC=C1)=O,0.0032659373187925666
C1(OCCN2CC(CC2=O)C(O)=O)C(C)=NON=1,0.006273509934544563
C1(C(NCCC2=NNC(CC3=CC=C(C=C3)C)=N2)=O)C=C(ON=1)C1C=CC(=CC=1)F,0.003860698395874351
C12C3CCNCC=3SC=1N=CN(CC1=CC=CC(=C1)C1NN=NN=1)C2=O,0.0032452857703901827
N1C(CCNC(COC2=CC=CC(C)=C2)=O)=NNC=1CC1C=CC(=CC=1)C,0.005400579189881682
C1(C(NCCC2=NNC(CC3C=CC(=CC=3)C)=N2)=O)C=C(ON=1)C1C=CC(=CC=1)OC,0.00501062364783138
N1(CCCC(C(=O)C2=CC=CC=N2)C1)C1C=CC(=NN=1)C1C=CC=CC=1OC,0.011381468549370766
N1C(CCNC(COC2C=CC=CC=2)=O)=NNC=1CC1C=CC(=CC=1)C,0.005223060911521316
C1(C(C)N(C)CC(NCCC2=CC=C(C=C2)Cl)=O)SC=CN=1,0.006332366773858666
CCCCN1CC2=CC(=C3C(=C2OC1)N=CC=C3)Cl,0.01093449923209846
C1(CN2CCN(CC2)CC=C)=CC2=CC=C(C=C2NC1=O)SC,0.004823016421869397
N1C(CCNC(COC2C=CC(=CC=2)Cl)=O)=NNC=1CC1C=CC(=CC=1)C,0.004729587666224689
N1(CC2C=CC=CC=2)C(CC)CN(CCC1=O)CC1=CN=C(N=C1)CC,0.009760544402524829
COC1=C(C(NCC2=C3C4C(=CC=C3)C(=O)NC=4C=C2)=O)C=CC=C1,0.0068095490569248796
S(NCCC1=NNC(C2=CC=C(C=C2)C)=N1)(=O)(=O)C1=CC=C(C=C1)Br,0.003458053944632411
C1(=NC=CN1C)C(C(C)C)NC1=NC(C)=CC(C2CCC2)=N1,0.008389212051406502
S(NCCC1=NNC(C2C=CC(=CC=2)C)=N1)(=O)(=O)C1=CC=C(C=C1)C1CCCCC1,0.004653953562956304
C(=O)(CN1C=NC=N1)N(CC1=CC=C(C)S1)C1CC1,0.006882932316511869
S(NCCC1=NNC(C2C=CC(=CC=2)C)=N1)(=O)(=O)C1=CC=CC(F)=C1,0.002290099044330418
C1(=NC(C)=CC(C)=C1C#N)N1CCN(CC1)CC(C)(C)N1CCOCC1,0.008178799506276846
CC(NC1=CC=C(S(NCC2=C3C4C(=CC=C3)C(=O)NC=4C=C2)(=O)=O)C=C1)=O,0.003976009006146341
S(NCCC1=NNC(C2C=CC(=CC=2)C)=N1)(=O)(=O)C1C=CC=CC=1F,0.0023186428181361405
C1(C(=O)NC2C(C)=NN(CC(O)=O)C=2C)N=C2N(C(C)=CC=C2)C=1F,0.0036177639849483967
C1(=CSC(C)=N1)C(=O)N1CCC(CC1)N1C2=CC=CC=C2CC1=O,0.005992851476185024
S(NCCC1=NNC(C2C=CC(=CC=2)C)=N1)(=O)(=O)C1=C(F)C=CC(F)=C1,0.002468710718676448
COC1=C(OC)C=C(C(C2=C(NC(C3OC=CC=3)=O)SC(C)=C2C)NC2=NC=CC=C2)C=C1,0.006606167461723089
S(NCCC1=NNC(C2C=CC(=CC=2)C)=N1)(=O)(=O)C1=CC=C(C(F)=C1)F,0.002793401130475104
S1C(N)=NN=C1SCC(=O)NC1(CC2C=CC=CC=2C)CC1,0.0060497138416394595
S(NCCC1=NNC(C2C=CC(=CC=2)C)=N1)(=O)(=O)C1=CC=CC(C)=C1,0.0030542976164724678
C1(CN(CC)CC2C=CC=CN=2)=CC2=CC=C(C=C2NC1=O)OC,0.005710740643553436
S(NCCC1=NNC(C2=CC=C(C=C2)C)=N1)(=O)(=O)C1=CC=CC(Cl)=C1C,0.002871197840431705
C12N=CC(=CN1N=CC=2C(=O)N[C@@H]1CN2[C@H](CN(CC2)C)C1)CCO,0.003522786288522184
C1(=O)CN(CCN1CCCC)CC1CCNCC1,0.009729008516296744
S(NCCC1=NNC(C2C=CC(=CC=2)C)=N1)(=O)(=O)C1=CC=C(C=C1)C(C)=O,0.00443265374051407
C1(C(=O)N(CCC)CC=CC2C=CC=CC=2)=CC(=O)C2=C(C=CC=C2)N1,0.006106680142693222
S(NCCC1=NNC(C2C=CC=CC=2)=N1)(=O)(=O)C1=CC=C(C=C1)CCC,0.003551388450432569
N1(CCOC(CCN)C1)C(=O)C1C=CC(=CC=1)CN(CCC)CCC,0.014474705513566732
S(NCCC1=NNC(C2C=CC=CC=2)=N1)(=O)(=O)C1C=CC(=CC=1)C,0.002802164648892358
C12=C(C=CC=C1C(=O)C=C(CN1CCOC(C1)C(F)(F)F)N2)F,0.002328637540631462
S(NCCC1=NNC(C2=CC=CC=C2)=N1)(=O)(=O)C1=CC=C(C=C1)Br,0.00322848460637033
C1(C(C)=C(SC=1N1C=CC=C1)C)C(=O)N(C)CC1ON=C(C)N=1,0.008410206669941545
N(C(C1C=CN=CC=1)C1C=CC(=CC=1)C)C(C1CCOCC1)=O,0.009358459711074829
S(NCCC1=NNC(C2C=CC=CC=2)=N1)(=O)(=O)C1=CC=C(C=C1)C(C)(C)C,0.003887409588787705
C1(N[C@H](CO)CCSC)=NC(C)=NC2SC=CC1=2,0.002268221613485366
C12SC=CC=1C(=NC(C)=N2)NCCC1C=CN=CC=1,0.004865709436126053
ON=CC1=C2N(C=CC=C2)C(C2=CC=C(Cl)C=C2)=N1,0.00451349422801286
S(NCCC1=NNC(C2=CC=CC=C2)=N1)(=O)(=O)C1C=C(C)C=CC=1C,0.0030371786560863256
C12C(NCCCC3=CC=CC=C3OCCC)=NC=NC=1OC(C)=N2,0.005947453528642654
S(NCCC1=NNC(C2C=CC=CC=2)=N1)(=O)(=O)C1=C(OC)C=CC(OC)=C1,0.0031383309978991747
C1(ON=C2C=CC=CC=12)C(=O)N(C)C1CC2C(=CC=CC=2)C1,0.011360352160409093
S(=O)(=O)(NCC1C=CC=CC=1)NC1=CC=C(C=C1)N1C(C)CCC1=O,0.005867567053064704
S(NCCC1=NNC(C2C=CC=CC=2)=N1)(=O)(=O)C1=CC=C(C(OC)=C1)OC,0.003433247981593013
S(NCCC1=NNC(C2C=CC=CC=2)=N1)(=O)(=O)C1C=CC2=C(CCCC2)C=1,0.004217585746664554
S(NCCC1=NNC(C2=CC=CC=C2)=N1)(=O)(=O)C1C=CC(=CC=1C)C,0.0030590550566557797
C1(=NC=CN1CC1ON=C(C2=CC=CC=N2)N=1)C1C(F)=CC=C(Cl)C=1F,0.005370982619933784
S(NCCC1=NNC(C2C=CC=CC=2)=N1)(=O)(=O)C1C=CC(=C(C)C=1)C,0.0030993565276730807
C1(C2=CC=C3C(C=CC=C3)=C2)=NC=C(C=N1)CNCC(C)OC1C=CC=NC=1,0.008950779610313476
C1(CN2CCN(C(=O)C2C)CC)=CC2=CC(OCC)=CC=C2NC1=O,0.004336187965236604
S(NCCC1=NNC(C2=CC=CC=C2)=N1)(=O)(=O)C1C=CC(=CC=1)C(C)C,0.003490105317905545
C(=O)(NCC1CCN(C)C1)NC1=CC=CC=C1C1=CC=CC=C1,0.005052241845987737
CC1=CC=C(NC2=NC3=C(C=CC=C3)C(NCCO)=N2)C=C1,0.002656260138610378
C(C1=CC=NC=C1)(=O)N(C(CC)CC)CC1C=CC2=C(OCO2)C=1,0.011279472056776286
N1=CNC=C1CCNCCC(=O)NC1CCCCCCC1,0.0043744649621658025
C(=O)(N1CCCC1)C1CCCN(C2CCN(CC2)C2N=CN=C(C3CC3)C=2)C1,0.011578757734969258
S(NCCC1=NNC(C2C=CC=CC=2)=N1)(=O)(=O)C1C=CC(=CC=1)CC(C)C,0.003978203784208744
CCC1SC2=C(C(=NC(=N2)C)NC(C(O)=O)C(C)C)C=1,0.004775878344662488
N1(C(C)C(O)=O)C=C(C=N1)C1C=CC(=CC=1)C(N)=O,0.004493609140627086
C12C(=O)NCC(C3C=CC=C(OC)C=3)CC=1NC(CCCN1CCCC1)=N2,0.004651801276486367
S(NCCC1=NNC(C2C=CC=CC=2)=N1)(=O)(=O)C1C=CC(=CC=1)CC,0.0031586174736730754
C1(=CC2=CC(C)=CC=C2N=C1C)C(=O)N[C@@H]([C@@H](C)O)C(O)=O,0.0025534147513099014
N1(CC(=O)NCC2C(C)=NOC=2C)N=C2C(C=CC=C2)=N1,0.006346391211263835
C1(OC(=NN=1)C)C(=O)N1CCC(CC1)SC1=CC=CC=C1C,0.0068962836638093
S(NCCC1=NNC(C2=CC=CC=C2)=N1)(=O)(=O)C1C=CC=CC=1F,0.0020993114041630177
N1=C(CC2CCCC2)NC=C1CN1CCOC(C2C=CC(=CC=2)Cl)C1,0.0064710397506132725
BrC1=CC=C(NCC2SC=CC=2)C=C1,0.009249333664774895
S(NCCC1=NNC(C2=CC=CC=C2)=N1)(=O)(=O)C1C=CC(=CC=1)OCC,0.003114254993852228
C12=C(CCN(C(=O)[C@@H](N)[C@@H](C)O)C1)NN=C2C(C1=CC=CC=C1)C1C=CC=CC=1,0.004303389741107821
S(NCCC1=NNC(C2=CC=CC=C2)=N1)(=O)(=O)C1C(C)=CC(=C(C)C=1)C,0.0034806090407073498
N1=C(CN(C)C(=O)C2CCN(CCOC)C2)ON=C1C1=CC=CC(C)=C1,0.009822926996275783
C1(N2CCC(CC2)N2CCCC(C(=O)NCC3=NNC=N3)C2)OC2=C(C=CC=C2)N=1,0.0034692445187829435
C1(N2CCCCC2)N=C(C)C=C(NC(CC)C2=CC=CN=C2)N=1,0.007131767529062927
S(NCCC1=NNC(C2=CC=CC=C2)=N1)(=O)(=O)C1=CC=CC(C)=C1,0.0027307050477247685
N1(C2C=CC(=CC=2)CC)C(=O)NN=C1C1CC(N(CC2=CC=CC=C2)C1)=O,0.0035965196904726325
COC1=C2C(SC(=N2)NC(C2=CC=C(C#N)C=C2)=O)=CC=C1,0.004985809419304132
C(=O)(C1=CN=C(N=C1)CC)NC1(CCC1)C(OCC)=O,0.007537078950554133
C1(C=CC=C(C)C=1C)NC(CNCCC1C=CC(=CC=1)OC)=O,0.007483504293486476
S(NCCC1=NNC(C2C=CC=CC=2)=N1)(=O)(=O)C1=CC=CC(Cl)=C1C,0.00252844124333933
N1(CC2C=CC=CC=2)C(=O)NN=C1C1CCN(CC1)C1=CN=C2C(C=CC=C2)=N1,0.004026197525672614
S(NCCC1=NNC(C2C=CC(=CC=2)OC)=N1)(=O)(=O)C1=CC=C(C=C1)CCC,0.003985335398465395
N1(CC)C(CC2CCNCC2)=NN(CCC(NC)=O)C1=O,0.004403943102806807
S(NCCC1=NNC(C2C=CC(=CC=2)OC)=N1)(=O)(=O)C1C=CC=C(C=1)C(F)(F)F,0.0020849810331128537
C1(=C(C)C2C(=CC=C(OC)C=2)N1)C(=O)N1CCC2(CCCNC2)C1,0.0056526099098846315
S(NCCC1=NNC(C2C=CC(=CC=2)OC)=N1)(=O)(=O)C1C=CC(=CC=1)F,0.0026144796400330962
C1(NN=C2CCC(C)CC=12)C1NN=C(CC2=CC=CC=C2)N=1,0.007729186210781336
S(NCCC1=NNC(C2=CC=C(C=C2)OC)=N1)(=O)(=O)C1C(C)=CC(=CC=1C)C,0.003958060324657708
C12CN(CC=1C=NN2CCO)C1C=CC(=NN=1)C(C)C,0.005556534288916737
S(NCCC1=NNC(C2C=CC(=CC=2)OC)=N1)(=O)(=O)C1=CC=C(C=C1)OC,0.003242917684838176
C1(C=NNC=1C1CCN(CC1)C(C(CC)O)=O)C1C=CC=C(C)C=1,0.002471875271294266
S(NCCC1=NNC(C2C=CC(=CC=2)OC)=N1)(=O)(=O)C1C=CC(=CC=1)C,0.0033233906491659583
S(=O)(=O)(C1=CC=CC(=C1)C1=NOC(C)=N1)N1CCCC2(CCNC2)C1,0.00512211297173053
N1CCCC(C1)CCC1=CC=CC=C1,0.015376998623833061
S(NCCC1=NNC(C2C=CC(=CC=2)OC)=N1)(C1C=CC=CC=1)(=O)=O,0.0030331735615618527
S(=O)(=O)(N1CCOCC1)C1C=C(C=C(C2C=CC=CC=2CN(C)C)C=1)C(O)=O,0.004109477053862065
S(NCCC1=NNC(C2C=CC(=CC=2)OC)=N1)(=O)(=O)C1=CC=C(C=C1)Cl,0.0027656174905132504
N1C(=CC=C(C2C=CC(=CC=2)C(C)N2CCOCC2)N=1)N1CCCC1,0.012791817262768745
C1(C=NN(C(C)C)C=1)C1C=C(C2C(=CC(=CC=2C)C)N=1)C(=O)N1CCCC1,0.010833063442260028
C1(NC2=C(C=CC=C2)C=1CC(C)NC(C)=O)C(=O)N1C[C@@H]2[C@@H](CC=CC2)C1,0.005620719422586263
C1(CN(C)CC(C)(C)N2CCOCC2)N(C)C2=C(C=CC=C2)N=1,0.009987571556121112
S(NCCC1=NNC(C2C=CC(=CC=2)OC)=N1)(=O)(=O)C1=CC=C(C=C1)C(C)(C)C,0.004265012661926448
C1(C(=O)NCC2(CC2)CN2C(C)=CC(C)=N2)=C(C)C=C(NC1=O)C,0.0074262313544750215
C(C)(=O)NC1=CC=C(C=C1)CN(CCOC)CC=CC1=CC=CC=C1,0.009509779280051589
N1=C(CN(C)C2CCC3(CC2)CCNCC3)ON=C1C1=CC=CN=C1,0.009899977780878543
CN1CCN(CC2=C(OC(C3=CC=C(C)C=C3)=O)C3=C(C=CC=N3)C(Cl)=C2)CC1,0.006381648755632341
N1(C2C=CC=CC=2OC)C(SCC(O)=O)=NN=C1C1CCOCC1,0.006468430743552744
C1(=CC=C(NC1=O)C)C(=O)N(CC1=CC=CO1)C(C)C(C)C,0.007835956453345717
S(NCCC1=NNC(C2=CC=C(C=C2)OC)=N1)(=O)(=O)C1=CC=C(C(OC)=C1)OC,0.003633502987213433
C(=O)(C(C)N(C)CC1C=CC=C(C=1)N1C=CC=N1)NC1CCCC1,0.008796191588044167
S(NCCC1=NNC(C2C=CC(=CC=2)OC)=N1)(=O)(=O)C1=CC=CS1,0.0024364609213080256
N1(C2=CC=C(C=C2)C(=O)NC(C)C2C=CC=CC=2N2C=CC=N2)C=NN=C1,0.0066303959349170325
S(NCCC1=NNC(C2C=CC(=CC=2)OC)=N1)(=O)(=O)C1=CC=C(Cl)S1,0.0022693800565321
C1(=CC(=NN1)C)C(=O)N1CCCC(C2=CC=CC=C2)C1,0.004618858674075454
CCOC(SCC1N=C2N(C=CC(=C2)C)C=1)=S,0.007292655133642256
C12CN(CCN1C(CN(C)C2=O)=O)CC1=CC=C(C(CO)=C1)OC(C)C,0.004591968888416886
C1(=NC=CN1CCN1C=CC=N1)C1=CN=C(N=C1)C1=CC=CO1,0.007679028669372201
C12NC(=O)CC(C3=CC=CC4=NSN=C34)C=1C(=NN2CC(O)=O)C,0.004762377927545458
S(NCCC1=NNC(C2=CC=C(C=C2)OC)=N1)(=O)(=O)C1C=CC(=C(C)C=1)C,0.003576362447347492
C1(N2C=CC=C2)SC(=C(C)C=1C(=O)N[C@H]1CN([C@H](C(OC)=O)C1)C)C,0.006011364609003067
FC1=C(N2CCN(C(SCC3N=C4N(C=CC=N4)C=3)=S)CC2)C=CC=C1,0.004650055989623069
C1(=CC=NN1C1CCN(CC1)C(=O)C1=CC=CN1)NC(=O)C1C=CC=C(F)C=1,0.0034431502921506763
C1(C=C(NN=1)COC1C=CC(=CC=1Cl)OC)C(=O)N[C@@H](C)C(N)=O,0.004177122667897493
CC1=CC2N(C=C(N=2)CSC(N2CCOCC2)=S)C=C1,0.006877601053565741
C1(CCCN(C1)C1=NC=NC2NC=NC1=2)(CC1C=CC(=CC=1F)F)C(O)=O,0.0027214083995204417
S(NCCC1=NNC(C2=CC=C(C=C2)OC)=N1)(=O)(=O)C1C=CC(=CC=1)C(C)C,0.003927636053413152
C12=CC(=CC(O)=C1OCCN(C1CCCNC1)C2)C1=CC=C(C)S1,0.004689873615279794
S(NCCC1=NNC(C2=CC=C(C=C2)OC)=N1)(=O)(=O)C1C(OC)=CC=C(Cl)C=1,0.0029026578762568534
N1(C)C(=O)NC(C2=C(C=C(C)N=C12)C(=O)N1C[C@@H]2[C@@H](CC(=CC2)C)C1)=O,0.004801764630246908
C(=O)(C1C=CCN1)N(CCC)CC1=CC=CC=C1OC,0.010246326494961978
C1(=NC=CN1CCN(C)C)C1=CC=C(C2=CC=CC=C2C#N)O1,0.006310418457724154
S(NCCC1=NNC(C2C=CC(=CC=2)OC)=N1)(=O)(=O)C1C=CC(=CC=1)CC(C)C,0.004362360166851431
C1(CN(C)[C@@H](C)C(OC)=O)=CC2=CC3OCOC=3C=C2NC1=O,0.004101989895571023
S(NCCC1=NNC(C2C=CC(=CC=2)OC)=N1)(=O)(=O)C1C=CC(=CC=1)CC,0.0036332979216240346
C1(=CN=C(N=C1C)N)C(=O)N1CCC2(CC1)CCCN(C)CC2,0.007118347939103842
S(NCCC1=NNC(C2=CC=C(C=C2)OC)=N1)(=O)(=O)C1=CC=CC(Cl)=C1,0.002695268590468913
N1(CC)C(C2CCN(CC2)C(=O)CC2NC3=C(C=CC=C3)N=2)=NN(C)C1=O,0.0026922957273200153
S(NCCC1=NNC(C2=CC=C(C=C2)OC)=N1)(=O)(=O)C1=CC=CC=C1Cl,0.0027917748084291816
C1(=C(C)NC(C2C=CC=CC=2)=N1)C(=O)N1CCC2=C(N=CN=C2N(C)C)C1,0.0033390724333003164
S(NCCC1=NNC(C2C=CC(=CC=2)OC)=N1)(=O)(=O)C1C(C)=NOC=1C,0.003520340973045677
N1=CNN=C1SCC(=O)N1CC[C@H]([C@H](O)C1)C1=CC=C2C(C=CC=C2)=C1,0.0011591069138376041
S(NCCC1=NNC(C2C=CC(=CC=2)OC)=N1)(=O)(=O)C1C=CC(=CC=1)OCC,0.003357054863590747
C(=O)(NCC1=CC=C(C=C1)F)N1CCCC2(CCNC2)C1,0.004511700756847858
C1(=O)N(CCOC)C2C(=CC(=CC=2)C(O)=O)N1CCN1C(C)=CC(C)=N1,0.004961786651983857
C1(C(NCCC2CCCN2C)=O)=C(C)C2C(=CC(=CC=2)C)O1,0.00977131063118577
C1(C(=O)N2CCCC(C2)C2=CC=NN2)N(C)N=C(C(OC)=O)C=1,0.004437329934444278
C1(CCCN(CC(N)=O)C1)C(=O)NCC1=CC=CC=C1CN1C=CC=N1,0.006064427085220814
S(NCCC1=NNC(C2=CC=C(C=C2)Cl)=N1)(=O)(=O)C1=CC=C(C=C1)CCC,0.0032394672045484183
C(=O)(C1C=NC(=NC=1)NCC)N(C(C)C)CCN1CCCCCC1,0.008530558599159122
S(NCCC1=NNC(C2=CC=C(C=C2)Cl)=N1)(=O)(=O)C1C=CC(=CC=1)F,0.002086230058921501
S(=O)(=O)(C1C=C(SC=1C)C)N1C[C@@H](C[C@H]1C(OC)=O)N(C)C,0.005359841068275273
OC1=C2C(C=CC=N2)=C(Cl)C=C1CN1CCN(C2=NC=CC=C2)CC1,0.003505044267512858
C12C(=CC=CC=1C1N=CN=C(C=1)C1CC1)CC(CN)O2,0.013301912788301706
CCOC(C1C2=C3C(=C4C(=C2OC=1C)C=CC=C4)OCN(CC1=CN=CC=C1)C3)=O,0.007705088565126061
C1(C=NN(CC2=CC=CC=C2)C=1)C(=O)N1CCC2=C(N=CNC2=O)C1,0.005234323744662106
S(NCCC1=NNC(C2=CC=C(C=C2)Cl)=N1)(=O)(=O)C1=CC=C(C=C1)OC,0.002731608896283433
C1(CNC(CCC(=O)NC2CCCC2)=O)=C(C)C=C(N=C1OC)C,0.008576197177171707
N1(C[C@@H]2[C@@H]([C@@H]3CC[C@H]2CC3)C1)C(=O)CC1C=CC(=CC=1)CO,0.006194754168268446
S(NCCC1=NNC(C2=CC=C(C=C2)Cl)=N1)(C1C=CC=CC=1)(=O)=O,0.0024383393756579608
N1(CC2C=CC=CC=2)C(CC)CN(CCC1=O)CC1C=CC2C(=NON=2)C=1,0.008224866399541498
S(NCCC1=NNC(C2C=CC(=CC=2)Cl)=N1)(=O)(=O)C1=CC=CC=C1C,0.0026299649151042106
CCC(C1=CC(C(CC)(C)C)=C(OCCCC(NC2=CC=C(C(N)=O)C=C2)=O)C=C1)(C)C,0.010624399222433568
CC1=C(C(C2=CC=C(C(F)(F)F)C=C2)CN(=O)=O)C2=C(C=CC=C2)N1,0.0033352176600601525
N1(CCC(CC1)NC(C)CC(C)(C)OC)CC1C=CC=C(O)C=1,0.007197922980412841
C1(SN=NC=1CC)C(=O)N1CC2=C(C=NC(CC)=N2)C1,0.007870956929400564
S(NCCC1=NNC(C2=CC=C(C=C2)Cl)=N1)(=O)(=O)C1C=C(C)C=CC=1C,0.0028427414246834813
N1(CCCCC1CO)CCOC1C=CC=C(C)C=1C,0.005976900015957654
C1(C2=CC=CC=C2)C=NNC=1C1CCN(CC1)CC1C=C(OC)C(=C(OC)C=1)O,0.003973910142667592
S(NCCC1=NNC(C2C=CC(=CC=2)Cl)=N1)(=O)(=O)C1=CC=C(C=C1)C1CCCCC1,0.003914927050936967
N1=C(CN(C)CC=CC2=CC=CO2)ON=C1C1=CC=CC(C)=C1,0.01143677500076592
S(NCCC1=NNC(C2C=CC(=CC=2)Cl)=N1)(=O)(=O)C1=C(OC)C=CC(OC)=C1,0.00282826708862558
N1=C(C2=CC=CC(OC3=CC=CC=C3)=C2)OC(C)=C1CN1CCC(CC1)N,0.0072697415482252834
S(NCCC1=NNC(C2C=CC(=CC=2)Cl)=N1)(=O)(=O)C1C=CC2=C(CCCC2)C=1,0.0037656672997400165
S(NCCC1=NNC(C2C=CC(=CC=2)Cl)=N1)(=O)(=O)C1C=CC(=CC=1C)C,0.0028796596627216784
N1=C(N)N=C(C=C1N1CCOCC1)NCCC(=O)NC1=CC=CC=C1C,0.00432529179379344
S(NCCC1=NNC(C2C=CC(=CC=2)Cl)=N1)(=O)(=O)C1C=CC(=C(C)C=1)C,0.0028927946521434935
C1(=O)N=C(C)C=C(C)N1CCNC1C=CC(=NN=1)C1C=CC=CC=1OC,0.00541410380974412
S(NCCC1=NNC(C2C=CC(=CC=2)Cl)=N1)(=O)(=O)C1C=CC(=CC=1)C(C)C,0.0032159174676053225
N1=C(N(C)C)N=C(C(C)=C1N1CCC(CC1)N1CCCCC1)C,0.011768411425873638
S(NCCC1=NNC(C2=CC=C(C=C2)Cl)=N1)(=O)(=O)C1C=CC(=CC=1)CC(C)C,0.0035983184934593737
C12=C(Cl)C=C(C=C1CC(CN)O2)C1=CN=CC=N1,0.010014916071668267
S(NCCC1=NNC(C2C=CC(=CC=2)Cl)=N1)(=O)(=O)C1C=CC(=CC=1)NC(CC)=O,0.002380407741293311
C1(=COC(CN2CCN(CC2)CC2C=CC=CC=2)=N1)C(=O)N(C)CC1CC1,0.008755039377138018
S(NCCC1=NNC(C2=CC=C(C=C2)Cl)=N1)(=O)(=O)C1C=CC(=CC=1)CC,0.0029397116450127214
N1(CCC2(CCCN(CC3C=NN(CC=C)C=3)C2)C1)C(=O)CC(C)(C)C,0.011910895723849535
N1(C2C=CC=CC=2)C(=O)NN=C1C1CCCN(C1)C(=O)C1C=CC=CC=1C#N,0.0026495983940549193
C(F)(F)(F)C1C=CC=C(C=1)OC1=NC=CC=C1CNC1=NC=CC=C1C#N,0.002931782352970913
FC(C1(OC2=C(C=CC=C2)O1)NC(NC1=C2C(N=CN2)=NC=N1)=O)(F)F,0.0018872954628022854
C1(C(C)=NOC=1C)C(=O)N[C@H]1CN[C@H](C(NCCC2=CC=CC=N2)=O)C1,0.00564432218670845
S(NCCC1=NNC(C2=CC=C(C=C2)Cl)=N1)(=O)(=O)C1=CC(C)=CC=C1NC(C)=O,0.002301174285821617
C1(N2CCC(CC2)C(=O)NCC2CCOC2)=C2CCCC2=NC(C2C=CC=CC=2)=N1,0.008390121650882066
S(NCCC1=NNC(C2C=CC(=CC=2)F)=N1)(=O)(=O)C1C(C)=CC(=CC=1C)C,0.002830784232355654
S(NCCC1=NNC(C2=CC=C(C=C2)F)=N1)(=O)(=O)C1=CC=C(C=C1)OC,0.0026623325480613857
S(NCCC1=NNC(C2=CC=C(C=C2)F)=N1)(=O)(=O)C1C=CC(=CC=1)C,0.0022955767053645104
C12N=CC(=CN1N=CC=2C(=O)NC(C1CC1)C1CC1)CN(CC)CC,0.010808070562779904
OCCSCC(NC1SC=C(C2=CC=C(C3CCCCC3)C=C2)N=1)=O,0.0037759188562631607
S(C)(=O)(=O)N(C)CCNCCC(=O)NC1=CC=CC(Cl)=C1,0.0033302541589364408
S(NCCC1=NNC(C2=CC=C(C=C2)F)=N1)(C1C=CC=CC=1)(=O)=O,0.0021909619215875866
CC1=CC(OCCN2C3=C(C=CC=C3)C(=NNC(CC3=CC=CC=C3)=O)C2=O)=CC=C1,0.00660629898775369
S(NCCC1=NNC(C2=CC=C(C=C2)F)=N1)(=O)(=O)C1=CC=C(C=C1)Br,0.0028134631691500546
COC1=C(OCCN2C3=C(C=CC=C3)C(=NNC(C3=CC=CC=C3)=O)C2=O)C=CC=C1,0.007000308251008391
N1(C(=O)CCC2NN=C(C)C=2C)[C@H]2CC[C@@H]1CC(N(C)C2)=O,0.005615105817560107
CCCN1C(=S)NC(=CC2OC(C3=CC=C(Cl)C=C3)=CC=2)C1=O,0.008065631776116789
N1(CCCC1=O)C1CCCN(CC=CC2=CC=CO2)C1,0.010544180730357766
S(NCCC1=NNC(C2C=CC(=CC=2)F)=N1)(=O)(=O)C1C=CC(=CC=1)NC(C)=O,0.0022685157833620905
C(=O)(N1CCCCCC1)C1CCCN(C2CCN(CC2)CC2C=CC=NC=2)C1,0.014041353948414326
S(NCCC1=NNC(C2=CC=C(C=C2)F)=N1)(=O)(=O)C1=CC=C(C=C1)C(C)(C)C,0.0030456572538241746
S1(CC(C=C1)CC(=O)NCC1C=CC2=C(C=1)C1CCCCC=1N2)(=O)=O,0.00657129727769643
C1(=O)OC2=C(C=CC(=C2)S(NCCC2=NNC(C3C=CC(=CC=3)F)=N2)(=O)=O)N1C,0.0022520714905112983
C12=C(CCN(C1)C(=O)C1C=CC=C(C)C=1OC)NN=C2C1=CC=C(C(F)=C1)F,0.005183035274967551
C(F)(F)(F)C1=CC=C(N=C1)N1CCC(CC1)(O)C1=CC=C(C=N1)C,0.004302996315527707
S(NCCC1=NNC(C2C=CC(=CC=2)F)=N1)(=O)(=O)C1=CC=C(C=C1)C1CCCCC1,0.003584093693643808
S(NCCC1=NNC(C2C=CC(=CC=2)F)=N1)(=O)(=O)C1=CC=C(C(OC)=C1)OC,0.0030614826711826025
N1(CCN(C(C)C1)C)C(=O)C1C=CC(=CC=1)C1C=CC=CC=1OC,0.010653461283072829
S(NCCC1=NNC(C2C=CC(=CC=2)F)=N1)(=O)(=O)C1C=CC(=CC=1)C(C)C,0.0027891373669262976
COC1=C(C)C=C(C=C2C3=C(C=CC=C3)N(C)C2=O)C=C1,0.012455394258722663
C(=O)(N1CCCC1)C1CCCN(C2CCN(CC2)C(=O)C2C=CN=C(NC)C=2)C1,0.0074358092388138175
C1(CN(CC#C)CC2C=CC(=CC=2)OC)=CNN=C1C1=CC=C(C=C1)F,0.0034598681726492942
C1(C)(CC(=O)N(C)CC2=CC=CN=C2Cl)C(=O)N=C2C=CC=CN12,0.005650060996413231
S(NCCC1=NNC(C2=CC=C(C=C2)F)=N1)(=O)(=O)C1C=CC(=CC=1)CC(C)C,0.003219830896705389
C1(C(=O)N2CCC3(CCCN(C)C3=O)C2)=NC2=CC=CC=C2C(=O)N1,0.0049852445954456925
ON=C(C1=CC=CC=C1)C(N1CCCCC1)=O,0.009658587537705899
C(=O)(C1CC1)N1CCC(CC1)N1CCCC(C(=O)NCC2C=C(C)C=CC=2C)C1,0.012277761194854974
S(NCCC1=NNC(C2C=CC(=CC=2)F)=N1)(=O)(=O)C1C=CC(=CC=1)NC(CC)=O,0.0024257391109131277
C1(=CN=C2CCCCN12)NC(=O)C1C=C(ON=1)C(C)C,0.00587621966842562
S(NCCC1=NNC(C2C=CC(=CC=2)F)=N1)(=O)(=O)C1C=CC=CC=1F,0.0023761620454024524
C1(CN(CC2=CC=CN=C2)CC2=CC=CC=C2OC)=CN(N=C1C)CC=C,0.012315809400752187
S(NCCC1=NNC(C2C=CC(=CC=2)F)=N1)(=O)(=O)C1C(C)=CC(=C(C)C=1)C,0.0027942715038079768
C(=O)(NC1=CC=C(C(=C1)NC(=O)C1=CC=CO1)OC)C(C)(O)C1C=CC=CC=1,0.011052055889740587
C1(C(C)C2C=CC=CC=2)=NC=CN1CC1C=NC(=CN=1)C,0.008418416953645647
C1(NN=CC=1C1C=CC(=CC=1)C)C1CCCN(C(=O)C2=CC=CN=C2)C1,0.00487905612681061
N1(C(C)C2CC2)N=CC(C)=C1NC(CCC1ON=C(O)C=1)=O,0.007343179290182888
N1(CCC(=O)N2CCCN(CC3=CC=CC=N3)CC2)C2C=CC=CC=2C=C1C,0.010757451504468917
C1(C(O)=O)=CN(N=N1)CC1CCCN(C2C=CC(=CN=2)C(N)=O)C1,0.0036292760982178152
S(NCCC1=NNC(C2C=CC(=CC=2)F)=N1)(=O)(=O)C1=CC=CC(C)=C1,0.0022097514709457757
N1(CC[C@@H]2N[C@@H](CC2)C1)C1=CC=C(N=N1)Cl,0.007444759970530868
S(NCCC1=NNC(CC2=CC=C(C=C2)C)=N1)(=O)(=O)C1=CC=C(C=C1)CCC,0.00425379624357447
N1N(C2CCN(CC2)C(=O)NC2C=CC=C(Cl)C=2)C=C(C2C=CC=CN=2)N=1,0.003104307735338807
O=C1C(=CC2C(C3=CC=NC=C3)=NN(C3=CC=CC=C3)C=2)SC(=S)N1,0.006834153295494616
C1(=CC(Cl)=CC=C1NC)C(NCCNC(=O)C(F)(F)F)=O,0.003345185879152268
NC1N(N=CC2=CC(OCC3=CC=C(F)C=C3)=CC=C2)N=NN=1,0.0040190140018239616
S(NCCC1=NNC(CC2C=CC(=CC=2)C)=N1)(=O)(=O)C1C=CC=C(C=1)C(F)(F)F,0.002190715982578695
S(=O)(=O)(N1CCCC1)C1=CC(Br)=CC(C(O)=O)=C1,0.005393799324519932
S(NCCC1=NNC(CC2C=CC(=CC=2)C)=N1)(=O)(=O)C1C=CC(=CC=1)F,0.002796492853667587
C1(C#N)C(N)=NC(=C(C)C=1C1C=NC(=NC=1)NCC1CCCO1)C1CCCC1,0.004389828559942544
CC(N1C(C2=CC=C(Br)C=C2)CC(C2=CC3=C(OCO3)C=C2)=N1)=O,0.01178821329958737
N1(CCOC2=C(C=C(C3=CC=CN=C3)C=C2C1)O)C(=O)C1=CC=CN=C1,0.004943075496703387
S(NCCC1=NNC(CC2=CC=C(C=C2)C)=N1)(=O)(=O)C1C(C)=CC(=CC=1C)C,0.004298478132113814
C1(CN(CC)CC2C=CC=C3C=NC=CC=23)C=NN(CC)C=1,0.012196534732356667
C(=O)(C1=CC=C(N=C1)N1CCCCC1C)N1CCC(CC1)N1CCOCC1,0.00878530009649694
S(NCCC1=NNC(CC2=CC=C(C=C2)C)=N1)(=O)(=O)C1C=CC(=CC=1)C,0.003597360732965171
N1(CCCC(C(NCCOCC)=O)C1)C1CCN(CC1)CC1C=CN=CC=1,0.008158746012486517
S(NCCC1=NNC(CC2C=CC(=CC=2)C)=N1)(C1C=CC=CC=1)(=O)=O,0.0032042567152529957
C12CN(CCC=1N(N=C2C(O)=O)C)C(=O)C(C)CN1C(C)=NC(C)=N1,0.006890152348205447
S(NCCC1=NNC(CC2C=CC(=CC=2)C)=N1)(=O)(=O)C1=CC=C(C=C1)Br,0.0039040755247697232
COC1=CC=C(C2OC(N3CCCC3)=C(S(C3=CC=CC=C3)(=O)=O)N=2)C=C1,0.005704421503469348
COC1=CC=C(C2OC(NCCCN(C)C)=C(S(C3=CC=CC=C3)(=O)=O)N=2)C=C1,0.004329635272733867
C1(=COC(COC2C=CC(=CC=2OC)C)=N1)C(=O)NC(C)C1NC=CN=1,0.003078504977747798
S(NCCC1=NNC(CC2C=CC(=CC=2)C)=N1)(=O)(=O)C1=CC=C(C=C1)Cl,0.0030386073398403824
N1(C)CCCC(CNC(CCC2=CC(C)=CC(C)=C2)=O)C1,0.011402118811383843
N1(C)C(COC2=CC=C(C=C12)C(=O)N1CCOCC1)CC(=O)NCC(C)=C,0.007927091885358095
N1(CC2C=CC(=CC=2)F)C(=O)CCN(C(=O)C2C=CC=NN=2)CC1C(C)C,0.007505705137737096
C1(NC=CN=1)C1=CC(Cl)=C(C(F)=C1)OC,0.003747893060790375
N(C1CC1)(CC1=CC=CC=C1OC)C(=O)C1=CC(F)=C(C(F)=C1)OC,0.011135992547497153
S(NCCC1=NNC(CC2C=CC(=CC=2)C)=N1)(=O)(=O)C1=CC=C(C=C1)C(C)(C)C,0.0046034979866817595
N1C(C2C=CC=CC=2)=NOC=1N1CCC(CC1)C1(C)NC(NC1=O)=O,0.0015228259144350886
S(NCCC1=NNC(CC2C=CC(=CC=2)C)=N1)(=O)(=O)C1C=CC=CC=1C(F)(F)F,0.002163998020114377
CC(N1C(C2=CC=CC=C2)CC(C2=CC3=C(OCO3)C=C2)=N1)=O,0.010333523852750659
C1(C2=CC(O)=C3C(CN(CCO3)C(=O)C3(CCC3)N)=C2)SC2=C(C=CC=C2)N=1,0.005272979941219091
S1C(C)=NN=C1SCC(=O)NCC(N(C)C)C1C=CC=CC=1Cl,0.007490986119955778
S(NCCC1=NNC(CC2=CC=C(C=C2)C)=N1)(=O)(=O)C1=CC=CC=C1C,0.0035053753526881337
N1C=CNC=1CNC(CCCC1C=CC(=C(C)C=1)OCC)=O,0.003816738387104124
C1(=CC=CC2=NSN=C12)S(NCCC1=NNC(CC2C=CC(=CC=2)C)=N1)(=O)=O,0.0031905956799164414
C12N=CN=C(NCCN3C(=O)CCC3=O)C=1C(=C(C)S2)C,0.001712107437197119
C1(CN(C)CC2=CC(=C(C)O2)C)C=NN(C)C=1C,0.01598006971180439
S(CC1=CC=CC=C1)(NCCC1=NNC(CC2=CC=C(C=C2)C)=N1)(=O)=O,0.0037495112977921964
S(NCCC1=NNC(CC2=CC=C(C=C2)C)=N1)(=O)(=O)C1C=C(C)C=CC=1C,0.003841570729855448
S(NCCC1=NNC(CC2C=CC(=CC=2)C)=N1)(=O)(=O)C1=CC=C(C=C1)C1CCCCC1,0.004949889716226607
S(C)(=O)(=O)NCC(=O)N1CCCC(C1)CCC1=CC=CC=C1F,0.003982182871550321
C1(C=C(ON=1)COC1=CC=C2C(CCCC2)=C1)C(=O)N(CCC)CCC,0.01697848504409194
S(NCCC1=NNC(CC2C=CC(=CC=2)C)=N1)(=O)(=O)C1=C(OC)C=CC(OC)=C1,0.003784832649398595
C(=O)(N(C(CC)CC)CCC1=CC=CC=C1)C1=CC=CC(=O)N1,0.006055494211614132
S(NCCC1=NNC(CC2=CC=C(C=C2)C)=N1)(=O)(=O)C1=CC=C(C(OC)=C1)OC,0.00407257997430861
C1(C(C)=NN(C(C)(C)C)C=1C)C1NC2=C(C=CC(=C2)C(O)=O)N=1,0.0036752317217178644
S(NCCC1=NNC(CC2C=CC(=CC=2)C)=N1)(=O)(=O)C1=CC=CS1,0.0026086576108355075
C1(C(=O)N(C)CC2C(C)=NON=2)OC(=NN=1)CN(C)C,0.006886696163564921
C1(C(C)=NOC=1C)C1CCCN1CC1C=CC=C(C=1)C(=O)NC1=CN(N=N1)C,0.00781683272216469
S(NCCC1=NNC(CC2=CC=C(C=C2)C)=N1)(=O)(=O)C1=CC=C(C(Cl)=C1)F,0.0025844221643637868
S(NCCC1=NNC(CC2=CC=C(C=C2)C)=N1)(=O)(=O)C1=CC=C(Cl)S1,0.0024946033488959076
N1(CCCN(CC2=CN=C(N=C2)CC)CC1C(C)C)CC1C=CC(=CC=1)F,0.011499090120196342
C(=O)(C1=CC=C(C(=C1)NC(=O)C1CC1)C)N(C)CC1SC=CC=1C,0.008271993976086378
S(NCCC1=NNC(CC2=CC=C(C=C2)C)=N1)(=O)(=O)C1C=CC2=C(CCCC2)C=1,0.004864446981810033
C12CN(CCC=1ON=C2C1=CC=CC(F)=C1)C1=NC=CC(=C1)C(=O)NC(C)C,0.005254537053406239
S(NCCC1=NNC(CC2=CC=C(C=C2)C)=N1)(=O)(=O)C1C=CC(=CC=1C)C,0.0038780256058089436
S(=O)(=O)(CCNC(=O)C(O)C1C=CC(=CC=1)C(F)(F)F)N(C)C,0.0015948819258483128
O1[C@@H](C(C)C)C[C@H](C[C@H]1C1C=CC(=NC=1)OC)NC(C1C=CC=CC=1)=O,0.007934617181308567
S(NCCC1=NNC(CC2=CC=C(C=C2)C)=N1)(=O)(=O)C1C=CC(=C(C)C=1)C,0.003864793630782515
N1(CCC(CC1)N)C1=CC=C(C=N1)C(NCCC1COC2C(=CC=CC=2)O1)=O,0.007397136790677905
N1(CCC2=CC=CC=N2)C2=NC=C(C=C2N(CCCCCF)C1=O)C(O)=O,0.003709349490236491
S(NCCC1=NNC(CC2C=CC(=CC=2)C)=N1)(=O)(=O)C1C=CC(=CC=1)C(C)C,0.004206213250290603
S(NCCC1=NNC(CC2=CC=C(C=C2)C)=N1)(=O)(=O)C1C(OC)=CC=C(Cl)C=1,0.0033019414520822467
N1(C2CCCC3C=CC=CC2=3)C=C(N=N1)C1=CC=CC(C)=N1,0.012881405372172593
S(NCCC1=NNC(CC2C=CC(=CC=2)C)=N1)(=O)(=O)C1C=CC(=CC=1)CC(C)C,0.004823717521503568
C(=O)(CC1=CC=CS1)N(C(C)C)CC1C=CC=C(C=1)SC,0.009355701063759625
S(NCCC1=NNC(CC2C=CC(=CC=2)C)=N1)(=O)(=O)C1C=CC(=CC=1)NC(CC)=O,0.003053091315086931
S(NCCC1=NNC(CC2=CC=C(C=C2)C)=N1)(=O)(=O)C1=CC=CC(Cl)=C1,0.002979084133403376
C1(N=CC=C2C=CC=CC=12)N1CCN(CC1)CC1C=CC(=CC=1)C(O)=O,0.0047518287785351275
S(NCCC1=NNC(CC2=CC=C(C=C2)C)=N1)(=O)(=O)C1=CC=CC(F)=C1,0.002657934476155788
C1(C(=O)NCC(C)N2C=C(C=N2)C)C=C(ON=1)CN1CCC(CC1)O,0.0037513366667553784
S(NCCC1=NNC(CC2=CC=C(C=C2)C)=N1)(=O)(=O)C1=CC=CC=C1Cl,0.0030753994651604444
C1(=CN(N=C1C)CCC)C(=O)N(C(CC)CO)CC1C=CC=CN=1,0.0059283912181854245
S(NCCC1=NNC(CC2=CC=C(C=C2)C)=N1)(=O)(=O)C1C=CC=CC=1F,0.0026170470577199013
C(=O)(C1C=CC=CC=1C)N1CCC(CC1)N1CCCC(C1)C(=O)N1CCCC1,0.014065434131771326
N12C=C(N=C1SC=C2C(=O)NCC1=CC=CN=C1N)C1C=CC=C(OC)C=1,0.0027998778619803487
N1=C(CNCC2SC=C(CC)N=2)ON=C1C1C=CC=CC=1C,0.006082411669194698
N1(CCNC(=O)C1C)C(=O)C1=CC=C(C(OCC)=C1)OCC=C,0.007526334701105952
S(NCCC1=NNC(CC2C=CC(=CC=2)C)=N1)(=O)(=O)C1C(C)=NOC=1C,0.003833214717451483
C12=NC(=CN1N=C(C)S2)CCNC(=O)CCN1CCCCO1,0.001229192505707033
S(NCCC1=NNC(CC2=CC=C(C=C2)C)=N1)(=O)(=O)C1C=CC(=CC=1)OCC,0.003865316661540419
S(NCCC1=NNC(CC2C=CC(=CC=2)C)=N1)(=O)(=O)C1=C(C)C=CC(F)=C1,0.0029272184241563083
C(=O)(C(N)CC1CCCC1)N1CCC(CC1)(O)C1=CC=C(C=N1)C,0.012592951580882073
CC(C1=CC(NC(C2C(C(O)=O)CCCC2)=O)=CC=C1)=O,0.012308882037177681
C1(=O)NC2C(=CC(=CC=2)C(=O)NCC(N(C)C)C2SC=CC=2C)N1,0.0029212054156232624
S(NCCC1=NNC(CC2=CC=C(C=C2)C)=N1)(=O)(=O)C1=CC=C(C(F)=C1)F,0.0030217227642424403
C12C=NN(C)C=1NC(=O)CC2C1=CC2=C(C=CC=C2)O1,0.008142330590635538
S(NCCC1=NNC(CC2=CC=C(C=C2)C)=N1)(=O)(=O)C1C(C)=CC(=C(C)C=1)C,0.004197027185000479
C1(C=C(C2=CC=C(N=C2)OC)N=C(N)C=1C#N)C1=CC(F)=CC=C1OC,0.003677819564472884
C1(N=CC(=C(CC)N=1)C)N1CCC(CC1)N1CCCC(C1)C(=O)N1CCOCC1,0.009803178021684289
CCCCCCCCCN1C2=C(C=CC=C2)N=C1C(C1=CC=C(CC(C)C)C=C1)C,0.01714303493499756
CCCCCN1C2=C(C=CC=C2)N=C1C(C1=CC=C(CC(C)C)C=C1)C,0.014784762915223838
ClC1=C(Cl)C=C(NCC2=CN=CC=C2)C=C1,0.006971638742834329
C12C=C(CNC(=O)C3CCCCO3)C(=NC=1CN(C1CCCC1)C2=O)OC,0.008531626127660275
C(F)(F)(F)C1C=CC(=CN=1)CN(CC1=CC=CC=C1)CC(C)CO,0.0028477885585743933
C1(=O)N(C2C=CC(=CC=2)C(=O)NC2C=CC(=C(C)C=2)NC(CCCC)=O)CC(=O)N1,0.0022313266759738325
S(NCCC1=NNC(CC2C=CC(=CC=2)C)=N1)(=O)(=O)C1=CC=CC(C)=C1,0.0034730968996882438
N1(C=CC=C1CN1CCC(CC1)NS(C)(=O)=O)C1SC=CN=1,0.003920032002497464
ClC1=C(Cl)C(C2OC(C(NC3SCCN=3)=O)=CC=2)=CC=C1,0.004797948943451047
S(NCCC1=NNC(CC2=CC=C(C=C2)C)=N1)(=O)(=O)C1C=CC(=CC=1F)F,0.0028020366735290736
C1(=COC(CN2CCN(CC2)C2=NC=CC=N2)=N1)C(=O)N1CC=CC1CC,0.006532410648651421
S(NCCC1=NNC(CC2C=CC(=CC=2)C)=N1)(=O)(=O)C1=CC=CC(Cl)=C1C,0.0032382301636971534
N1=C(C)C=C(CC(C)NC2CCN(CC2)CC(C)C)N1,0.008443442964926362
S(NCCC1=NNC(CC2=CC=C(C=C2)C)=N1)(=O)(=O)C1=CC=C(C=C1)C(C)=O,0.004841435048729181
C1(=CC(=NN1C)C(C)C)C(=O)N1C[C@H]([C@H]2N3CCC(CC3)[C@H]21)C1=CC=CC=C1,0.009578504506498576
C1(C(=CN=CC=1Cl)Cl)CN1CCN(C(CCO)C1)CC1=CC=CO1,0.004448470496572554
CC(C(NC(C(Cl)(Cl)Cl)SC1=NC=CC=N1)=O)(C)C,0.0088081325404346
C1(F)=C(OC)C=CC(CNC(=O)C(N(C)C)C2C=CC=C(C)C=2)=C1F,0.008723867312073707
C1(C(OCC)=O)OC2C(=CC(=CC=2)S(NCCC2=NNC(CC3C=CC(=CC=3)C)=N2)(=O)=O)C=1C,0.003229750890750438
CCOC1=CC=C(C2OC(NC)=C(S(C3=CC=C(F)C=C3)(=O)=O)N=2)C=C1,0.0037522554979659618
N1C(COC2=CC=CN=C2N)=C(OC=1C1=CC(OC)=C2C(OCO2)=C1)C,0.004945716052316129
S(=O)(=O)(NCC(=O)N[C@@H]1CC[C@@H](N)C1)C1C=CC(=C(C)C=1)F,0.005216944543644786
S(NCCC1=NNC(CC2C=CC(=CC=2)C)=N1)(=O)(=O)C1=CC=CC(=C1)C#N,0.002660007873782888
C1(=NC=CN=C1C(=O)NC1=CN=C2CCCCN12)C(=O)N1CCCCC1,0.005001681414432824
C1(C#N)C(N)=NC(=CC=1C1C=CC=C(C=1)OCC(N)=O)C(C)C,0.003472117008641362
S(NCCC1=NNC(CC2=CC=C(C=C2)F)=N1)(=O)(=O)C1=CC=C(C=C1)CCC,0.0032142480136826634
S(NCCC1=NNC(CC2C=CC(=CC=2)F)=N1)(=O)(=O)C1C=CC(=CC=1)F,0.002623415639391169
C12CN(CCC=1N(N=C2C(O)=O)CC1C=CC=CN=1)C(=O)C1CCCO1,0.006298714689910412
C1(C2=CN=C(C=N2)C)NN=C(C)N=1,0.005127369880210608
S(NCCC1=NNC(CC2=CC=C(C=C2)F)=N1)(=O)(=O)C1C=CC(=CC=1)C,0.00264736192766577
C1(C=NNC=1C1=CC=C(C=C1)F)CN(C)CC1=NC=CN1C,0.0031810251937713476
S(NCCC1=NNC(CC2C=CC(=CC=2)F)=N1)(C1C=CC=CC=1)(=O)=O,0.0025262926588766276
C1(C=C(C)C=CC=1NC(C(C)C)=O)C(=O)NC1CCN(CC1)CC1=CC=CN=C1,0.0067587590776383875
S(NCCC1=NNC(CC2C=CC(=CC=2)F)=N1)(=O)(=O)C1=CC=C(C=C1)Cl,0.0024955926986876876
N(CC1C=CC(=CC=1)OC)(CC1=CC=CC(C)=C1)C(COCC)=O,0.01180057218298316
C1(C(OC)=CC=C(C=1)NC(COC1C=CC=CC=1O)=O)NC(CCCC)=O,0.005168339773081243
N1(C=NN=C1)C1C=CC=C(C=1)C(=O)NCC1CCN(C(C)C)C1,0.006621789769269526
S(NCCC1=NNC(CC2=CC=C(C=C2)F)=N1)(=O)(=O)C1=CC=C(C(OC)=C1)OC,0.0033568999846465887
C1(C=NN2C=C(CCO)C=NC=12)C(=O)N1CCC(CC1)(O)C1=CC=C(C=N1)C,0.0038795847329311075
S(NCCC1=NNC(CC2=CC=C(C=C2)F)=N1)(=O)(=O)C1=CC=C(Cl)S1,0.002054511953610927
C1(C(=O)NCC2C=CC3=C(C=2)C2CCCCCC=2N3)=C(Cl)C=NN1C,0.00760998073965311
S(NCCC1=NNC(CC2=CC=C(C=C2)F)=N1)(=O)(=O)C1C=CC(=C(C)C=1)C,0.0028703068441245706
N1(CC[C@H]([C@H](O)C1)C1=CC=C2C(OCO2)=C1)C(=O)C1C=CN=C(N)C=1,0.0014036899054190144
S(NCCC1=NNC(CC2C=CC(=CC=2)F)=N1)(=O)(=O)C1C=CC(=CC=1)C(C)C,0.003140960820019245
C1(C=C(NN=1)COC1C=CC(=CC=1Cl)OC)C(=O)N(C)CC1NC=CN=1,0.0033284986508078872
S(NCCC1=NNC(CC2C=CC(=CC=2)F)=N1)(=O)(=O)C1C=CC(=CC=1)CC(C)C,0.0036223179660737513
N1(CC(=O)NC2=CC=CC=C2OCCCC2=CC=CC=C2)N=NN=C1N,0.0034575162339024247
S(NCCC1=NNC(CC2=CC=C(C=C2)F)=N1)(=O)(=O)C1C=CC(=CC=1)CC,0.0028999611735343934
C1(=C(C)C=C(NC1=O)C)C1ON=C(CC2CCN(CC2)CCC)N=1,0.006894930987618864
N1N(CCC(=O)NC2=CC=NN2C(C)CC)N=NC=1C1C=CC=CC=1,0.004431891103740782
S(NCCC1=NNC(CC2=CC=C(C=C2)F)=N1)(=O)(=O)C1C=CC(=CC=1)OCC,0.0029464878141880037
C1(C(=O)NC2CCN(CC2)C2=NC=CC=C2C#N)NN=C(C2CC2)C=1,0.0029886651318520308
S(NCCC1=NNC(CC2=CC=C(C=C2)F)=N1)(=O)(=O)C1=CC=C(C(F)=C1)F,0.0028281481761951
N1(CC2=CC=C(C=C2)OC(F)(F)F)C[C@@H](C[C@H]1C(=O)N(CC)CC)N,0.005223617935553193
C1(C#N)C(N)=NC(=CC=1C1=CC=CO1)C1C=CC2=C(OCO2)C=1,0.003998856875114143
N1(C=CN=C1)C1=NC=CC=C1CNC(=O)C1C=NC(=NC=1)C1=CC=CN=C1,0.004812776949256659
N1C(C2CC2)=NNC=1C(C)C1C2C=CC=CC=2C(NN=1)=O,0.005006322357803583
BrC1=CC=C(NC(NCNC(C2=CC=CC=C2)=O)=S)C=C1,0.010748343961313366
N1(CC2=CC=C(C=C2)F)C(C(C)C)CN(CCC1=O)CCC(=O)NC1CC1,0.008683006139472127
C(=O)(N[C@H](C)C1CCCCC1)N1CCC2(CC1)NCCNC2=O,0.004876073671039194
N1(C(CC)COC)C=NC(C2=CC=CC=C2)=C1C1C=CC(=CC=1)NC(C)=O,0.006850818102248013
C1(=CC=C(C2=CC=CC=C2C#N)O1)C1CC(=O)NC2=CC(O)=C(C)C=C21,0.0035888075479306282
N1N(CCNC(=O)C2C=CC=C(C3C=CC=CC=3OC)C=2)C=CN=1,0.006075420347042382
N1(CC2CCN(CCCOC)C2)C=NC(C2C=CC=CC=2)=C1C1=CC=CS1,0.008125850395299495
CCN1CCN(C(C2=NC=CC=C2)C2=C(NC(C3=CC=CC=C3)=O)SC(C)=C2C)CC1,0.007835774798877537
C1(C=C(C2C=CNC=2)N=C(N)C=1C#N)C1SC=CC=1C,0.002010605623945594
COC1=C(Cl)C=C(C(NC2=CC=C(N3CCN(C(C4=C(C)C=CC=C4)=O)CC3)C=C2)=O)C=C1Cl,0.007388332369737327
C1(C2=CC=CC=C2N=C(CCN)N=1)N1CCC[C@H]1C(OC)=O,0.006499758339487016
C1(C=CN(C)N=1)C(=O)N1CC[C@H]([C@H](O)C1)C1=CC=C2C(OCO2)=C1,0.002655360207427293
CC1=C(C)C=C(N2C(C=C3C(=O)N(C4=C(C)C=CC=C4)C(=O)NC3=O)=CC=C2)C=C1,0.002215113484999165
C1(=CN=C2CCCCN12)NC(=O)C1C=NC2=C(N=NN2C)C=1,0.0045791660668328404
CC1OC(=O)C(C(C2C(=O)OC(C)=CC=2O)C2=CN=CC=C2)=C(O)C=1,0.009894323395565152
N1(C)[C@@H](C2=CC=C(C=C2)OC)[C@H](C[C@@]1(CC)C(O)=O)C(=O)NC(CO)CO,0.004332559613976628
N1C(CCNC(=O)NC2=CC=CC=C2Cl)=NNC=1C1C=CC=CC=1,0.002277630678145215
N1(C(CCC(=O)NC2=CC=CC(F)=C2)=O)[C@H]2CC[C@@H]1CC(N(C)C2)=O,0.006913790316320956
N1C(CCNC(=O)NC2C=CC(=C(Cl)C=2)F)=NNC=1C1C=CC=CC=1,0.001984778419137001
N1C=CSC=1CN(CC1=CC=CC=C1)CC1C=CC=CC=1OCCO,0.0053393390029668805
C1(C2=CC=C(C=C2OC)F)=C(C2C=CC=CC=2)N=CN1CC1NN=NN=1,0.002673228515777737
CNC1=C(N)C=CC=C1,0.012030074512585998
C1(CN2CCCC(CNC(C)=O)C2)=CC2=CC(OC)=CC=C2N=C1O,0.005201209941878915
N1C(CCNC(=O)NC2=CC=CC=C2Br)=NNC=1C1C=CC=CC=1,0.0030800527427345516
N1C(=O)NN=C1C(C)NC(=O)C1C=C(Cl)C(=C(Cl)C=1)OCC=C,0.004161650547757745
N1C(CCNC(=O)NC2=CC=C(C=C2)OCC)=NNC=1C1=CC=CC=C1,0.0028386782738380133
N1(C2C=CC=CC=2N=C1)C1=NC=CC=C1CNC(=O)C1(CN2C=CN=C2)CC1,0.005395075597334653
C(=O)(N1CC=CC1)C1CCCN(C2CCN(CC2)C(=O)C2CC2)C1,0.016035015368834137
N1C(CCNC(=O)NC2=CC=CC=C2Cl)=NNC=1C1=CC=C(C=C1)OC,0.0026017767493613066
C12N=CNC=1CCN(CC1NC=CN=1)C2C1=CC=C(C2C=CC=CC=2F)O1,0.0037184860673733057
N1(CC2=CC=CC=C2)C(C2CCNCC2)=NN(CC2CCC2)C1=O,0.007714798138476908
C1(C(OC)=O)C=C2N(CCN(C(=O)C3CCCN(CC(N)=O)C3)C2)N=1,0.006275621661916375
C1(=CC=C(C(C)=O)S1)C(=O)N(C)CC1C=CC(=CN=1)CC,0.015289436094462872
O=C1C(=O)C2=C(C=CC=C2)N1CCOC1=CC=CC=C1,0.018159441743046047
C1(C(NCCSC2=NN=NN2C)=O)N=C2N(C(C)=CC=C2)C=1F,0.002783021953655407
C1(NC(CNC(C)C2=CN3C(SC=C3)=N2)=O)C(C)=NN(CC)C=1C,0.005102087918203324
COC(C1=C(Cl)C=CC(NC(C2=C(N(S(C)(=O)=O)C)C=CC=C2)=O)=C1)=O,0.00477750797290355
C1(=C(C)C=C(N(C)C1=O)C)C(=O)N1CCCC(CCC2=CC=CC=C2)C1,0.010582184698432685
N1C(CCNC(=O)NC2=CC=CC=C2C(F)(F)F)=NNC=1C1=CC=C(C=C1)OC,0.002333677199203521
N1N=CN(CCC(=O)N2CCOC3=C(C=C(C4=CC=CN=C4)C=C3C2)O)N=1,0.0030290074762888254
CCC1C(=O)N(CC)C(=NS(C2=CC=C(F)C=C2)(=O)=O)S1,0.003799019241705537
N1=C(N)N=C(C=C1N1CCOCC1)C=CCCC,0.005060816230252385
N1=CN(C(CCN2C=CC=N2)=C1C1=CC=CC=C1)CCOC1C=CC(=CC=1)F,0.0066176610300317405
N1(CCCC(C(=O)NCC2=CC=CC=N2)C1)C1CCN(CC1)CC(=O)N(C)C,0.008966873213648797
C1(CC(=O)N2CCC(CC2)C2NN=CC=2CC)=C(C)NC(NC1=O)=O,0.0034257232793606816
COCCNS(C1=CC=C(C(O)=O)C=C1)(=O)=O,0.0029706840578000993
N1C(CCNC(=O)NC2=CC=CC(C)=C2)=NNC=1C1=CC=C(C=C1)F,0.0020454869838431476
N1C(CCNC(=O)NC2=CC=CC=C2OC)=NNC=1CC1=CC=C(C=C1)C,0.003437456872779876
C(=O)(C1=CC=C(N=C1)NCC(NC)=O)N1CCC(CC1)CN1CCCC1=O,0.005652832542546093
CC1N(C2=C(C#N)C(C)=C(C)O2)C(C)=C(C=NNC(CC2=CC=C(Cl)C=C2)=O)C=1,0.00527840374270454
N1(C2CCCCC2)C=NN=C1CNCC1=CC(=O)OC2=C(C=C(C)C=C21)C,0.007806123699992895
N1C(CCNC(=O)NC2=CC=CC(OC)=C2)=NNC=1CC1C=CC(=CC=1)C,0.003170069435145706
C12=C(C[C@@H]3CC[C@H]1N3C)N=C(C(C#N)=C2C1=CC(OC)=CC=C1OC)N,0.004960012622177601
N1C(CCNC(=O)NC2=CC=CC=C2Cl)=NNC=1CC1C=CC(=CC=1)C,0.00280836847377941
C1(CN2CCN(CC2)C(=O)C2CCCO2)=CN(N=C1C)CC=C,0.009060664335265756
N1C(C2C=CN=CC=2)=NOC=1C1CCCN1CC1ON=C(C2=CC=CO2)N=1,0.012477965746074914
CC(NC(CCC1ON=C(C2=CC=C(F)C=C2)N=1)=O)C,0.004473305691499263
N1=C(N(C)CCCC2C(C)=NNC=2C)C2CCNCC=2N=C1N(C)C,0.006137303565628827
CCCOC1=C2C(C=CC=C2)=C(S(N2CCOCC2)(=O)=O)C=C1,0.005463110445998609
C(=O)(C1C=CC(=CC=1)N1C=CC=C1)N(CC=C)CC1C=CC=CN=1,0.009142335737124085
N1C(CCNC(=O)NC2=CC=C(C(Cl)=C2)C)=NNC=1CC1C=CC(=CC=1)C,0.002858381124678999
C1(SN=CN=1)NC(=O)C1=CC=CC(=C1)CN1CC[C@H](O)C1,0.0015792285732459277
N1C(CCNC(=O)NC2=CC=C(C(C)=C2)C)=NNC=1CC1=CC=C(C=C1)C,0.003523048746865243
COC1=C(N(=O)=O)C=C(C(C)=NNC(CC2(SCCS2)C)=O)C=C1,0.004705034068319946
N1C(CCNC(=O)NC2=CC=C(C(OC)=C2)OC)=NNC=1CC1=CC=C(C=C1)C,0.003852968965657055
CC1=NC2N(C=C(N=2)CCl)C(C)=C1,0.004889691760763526
[C@H]1(CCN(C[C@H]1O)CC=CC1=CC=CC=C1)C1=CC=CC(OC)=C1,0.003967500012367964
C12C(=O)NCC(C3C=CC=C(OC)C=3)CC=1NC(C1C=NN(CCC)C=1)=N2,0.003829176723957062
N1(C)C(SC)=NN=C1CC1CCN(CC1)CC1C=NC(=NC=1)COC,0.009604045422747731
C1(CN(C)CC2NC=NC=2C)C(C)=NOC=1C,0.005010825756471604
N1C(CCNC(=O)NC2C=CC=CC=2C(OCC)=O)=NNC=1CC1=CC=C(C=C1)C,0.003979876986704767
N1(C[C@@H](C[C@H]1C(NC)=O)N)C(=O)C1=CC=CN=C1N1CCOCC1,0.004960031365044415
C1(=CSC(C)=C1CC)C(=O)NC(C)C1N(CC)N=CN=1,0.006152245518751443
S(C)(=O)(=O)C1=CC=C(C=C1)CN(C)C(C)C1C=CC=CN=1,0.008643271680921317
N1C(CCNC(=O)NC2=CC=C(C=C2)OC)=NNC=1CC1=CC=C(C=C1)C,0.00353891896083951
N1OC(=CC=1C1=CC=NC=C1)CN(C)CC(=O)NC1CCCCCCC1,0.010546053433790803
CN1CCN(C(C2=CN=CC=C2)C2=C(NC(C3=CC=CC=C3)=O)SC(C)=C2C)CC1,0.007272288203239441
N1C(CCNC(=O)NC2=CC=CC=C2Br)=NNC=1CC1C=CC(=CC=1)C,0.0036394627066329123
N1C(CCNC(=O)NC2=CC=CC=C2OCC)=NNC=1CC1=CC=C(C=C1)C,0.003618526284117252
C1(SC(=NC=1C1C=CC=CC=1)C)C(=O)N(C)CC1SN=NC=1C,0.008753015287220478
N1C(CCNC(=O)NC2=CC=CC(Br)=C2)=NNC=1CC1=CC=C(C=C1)C,0.0034235527040436865
N1C(CCNC(=O)NC2=CC=CC=C2CC)=NNC=1CC1=CC=C(C=C1)C,0.003586208587512374
C1(C2=CC=CC=C2N=C(CCN)N=1)N(C1CC1)CC1SC=CC=1C,0.009280838863924145
CC(C(NC1C(Cl)=CC2C(=NN(C3=CC=CC=C3)N=2)C=1)=O)C,0.005652543902397156
C1(=NC(=NN1C1C=CC=CC=1F)C)C1C=C(NN=1)C1C=NN(C)C=1C,0.005042567744385451
C1(CC2C3=CC=CC=C3C(=O)N2)N(C2=CC=CC=C2)N=C(C2CC2)N=1,0.008729179995134473
N1C(CCNC(=O)NC2=CC=C(C=C2)CC(OCC)=O)=NNC=1CC1=CC=C(C=C1)C,0.003919382649473846
N1(CCOCC1)C(=O)COC1=CC=C(C=C1)CN1CCC(CC1)NC(C)=O,0.007178454822860658
N1C(CCNC(=O)NC2=CC=CC=C2C(F)(F)F)=NNC=1CC1C=CC(=CC=1)C,0.0024779347062576563
C1(N=COC=1C(C)C)C(=O)N1CCCC(C1)C1NN=CC=1CC1=CC=CC=C1,0.0048036809312179685
N1C(CCNC(=O)NCC(OCC)=O)=NNC=1CC1=CC=C(C=C1)C,0.0032456498011015356
C1(C2=CC=CC=C2C)OC(=C(CN2CCC3(CC2)C(=O)NC(C)=N3)N=1)C,0.004076982859987766
N1C(CCNC(=O)NC2C(F)=CC=C(F)C=2)=NNC=1CC1=CC=C(C=C1)C,0.0026575657771900295
C1(C#N)C(N)=NC(=CC=1C1C=CC(=C(O)C=1)O)C1C=C(OC)C=CC=1OC,0.0031411792384460568
C1(=CN=NN1C1C=CC=CC=1)C(=O)N1CCN2C(=CC(=N2)C(=O)NC2CC2)C1,0.0073569723637774585
N1C(CCNC(=O)NC2=CC=C(C=C2OC)OC)=NNC=1CC1C=CC(=CC=1)C,0.0037543476675637065
S(C)(=O)(=O)NC1CCN(CC1)C1C=C(C)C2C(=CC3=C(CCC3)C=2)N=1,0.0060236496850848194
N1C(N)=NC(=CC=1N(C)CCN1C=CC=N1)NC1CC1,0.005081537319347263
N1C(CCNC(=O)NC2=CC=CC(=C2)C(F)(F)F)=NNC=1CC1C=CC(=CC=1)C,0.002403445914387703
N1C(CCNC(=O)NCC2C=CC(=CC=2)C)=NNC=1CC1C=CC(=CC=1)C,0.003684865438845009
C(=O)(N(C)C)C(C1=CC=CC=C1)NC(=O)CC(=O)NC1C=CC(=CC=1)C,0.008789129042997956
N1C(CCNC(=O)NC2=CC(C)=CC=C2OC)=NNC=1CC1C=CC(=CC=1)C,0.003631536231841892
COC1=C(C=C2C(=O)N(CC3OCCC3)C(=S)N2)C=CC=C1,0.011274413205683231
N1C(CCNC(NCCC2C=CC=CC=2)=O)=NNC=1CC1=CC=C(C=C1)C,0.0036102021927945315
COC1=CC=C(C(N2C3=C(C(=C(S3)C)C)CN(C3CC(C)(C)NC(C)(C)C3)C2)=O)C=C1,0.007846909831278026
C1(=CC=C(C=C1OC)OC1C=CC=C(N=1)C#N)CN1CCCC1,0.006835777801461518
C1(C2C(C)=CC(=C(C)C=2)OC)OC(=C(CN2CCC(CC2)(CO)O)N=1)C,0.0036330190952867268
N1C(CCNC(=O)NCC(C)C)=NNC=1CC1C=CC(=CC=1)C,0.003917005262337625
N(CC1=CC=CC(C)=C1)(CC1=CC=CC=C1OC)C(=O)C1C=CN=NC=1,0.01088816593401134
COC1=CC(C2C(C(C3OC4=C(C=CC=C4OC)C=3)=O)=C(O)C(=O)N2CCN(C)C)=CC=C1,0.010896045481786132
C1(C(=O)NCC2CCN(C3CCOCC3)C2)C2=CC(C)=CC=C2NN=1,0.006263980059884489
CCN1C2=C(C=CC=C2)N=C1C1CC(=O)N(C2=C3C(C=CC=C3)=CC=C2)C1,0.006356904678978026
N1C(=O)C=CN(CCC(=O)N[C@@H]2CC[C@@H](N)C2)C1=O,0.004839133657515049
C1(C=NN(C(C)C)C=1)C(=O)N1CCCC(C1)C1NN=CC=1C1=CC=C(C=C1)F,0.004394042317289859
N1(CCC(CC1)C(=O)NCC(N(C)C)C1=CC=CC(C)=C1)C(C)=O,0.009635791089385748
N1C(CCNC(=O)NC2=CC(OC)=C(C(OC)=C2)OC)=NNC=1CC1C=CC(=CC=1)F,0.0032290002447552977
C1(=CN2C(N=CC=C2)=N1)C(=O)N1CCC(CC1)C1NN=CC=1CC1=CC=CC=C1,0.0031110016745515166
N1C(CCNC(=O)NC2C=C(Cl)C=CC=2C(OC)=O)=NNC=1CC1=CC=C(C=C1)F,0.0028334254515357316
C1(NC(=O)CN2CC(C2)OC2=C(C)C=CC=C2C)C(C)=NN(CC)C=1C,0.009342557890340686
C1(=CC(C(C)C)=NC(C)=N1)N1CCCC(C1)OCC1C=CC=CN=1,0.009736328455619513
C1(CN(C)C(C)C(=O)N(C)C)C(CC)=NN(C)C=1Cl,0.011301191011443733
N1C(CCNC(=O)NC2=CC=C(C=C2OC)OC)=NNC=1CC1C=CC(=CC=1)F,0.003015588503330946
N1C(NCCN2CCC3=CC=CC=C23)=NC=CC=1N1CCC(O)C1,0.002851241361349821
S(=O)(=O)(C=CC1=CC=CC=C1)N1CCCN2C(=CC(=N2)C(=O)NC2CC2)C1,0.005808299803175032
N1C(CCNC(=O)NC2=CC=C(C=C2)C)=NNC=1CC1C=CC=C(F)C=1,0.0023154336493462326
N1(C(C)=CC=N1)CC(=O)N1CC[C@H]([C@H](O)C1)C1=CC=C2C(C=CC=C2)=C1,0.0027125562424771487
C1(CN(C)C(C)C)=CC2=CC(OCC)=CC=C2NC1=O,0.005674824491143227
C1(C2CC(=O)NC3=CC(O)=CC=C32)C(C)=NN(C)C=1OC1C=CC(=CC=1)Cl,0.003640624543186277
N1C(CCNC(=O)NC2=CC=CC=C2C(F)(F)F)=NNC=1CC1C=CC=C(C)C=1,0.0024348486971575768
N1=C(C2CC2)ON=C1N1CC2=C(N(N=C2)CC2C=CC(=CC=2)F)C1,0.00787542392499745
O=C1N(CC2=CC3=C(OCO3)C=C2)C(=S)SC1,0.011345679312944413
C1(ON=C2C=CC=CC=12)C(=O)N1CCC(CC1)(CCCC1=CC=CC=C1)CO,0.004693437716923654
N1(C2=CC=CC=C2N=C1COCC(O)=O)C1=CC=CC(=C1)C(NC)=O,0.003656621277332306
C1(CN(CC(C)C)CC2=CC=CC(OCC)=C2O)C=NN(C)C=1,0.008410371164791286
N1C(CCNC(=O)NC2C=CC(=CC=2)OC)=NNC=1CC1C=CC=C(C)C=1,0.003252882428932935
N1(C)C(=O)C2C(SC)=C(C(C)C)C=NC=2N(C)C1=O,0.006279333890415728
C1(C(=O)NCC2=CC=CN=C2OC2C=CC=CC=2F)C=NC2N(N=CC=2)C=1C,0.006272348645143211
C1(C2=CC=NC(C(C)C)=N2)=C(C2C=CC=CC=2)N=CN1C(C)CC1=CC=NC=C1,0.010508953500539065
N1(C)C(=O)C2C(SCC)=C(C(C)C)C=NC=2N(C)C1=O,0.0065844111610203985
N1(NC(C)=O)C(C)=CC(CN2CCN(CC2)C2=C(C)N=CC(C)=N2)=C1C,0.00697267425712198
N1(C[C@H](C[C@H]1C(NCC)=O)N)C(=O)C1C=C(ON=1)C(C)C,0.007423207117244601
N1(C)C(=O)C2C(SCCC)=C(C(C)C)C=NC=2N(C)C1=O,0.007595594692975283
N12C=CC=C(C)C1=NC1CNC(=O)CC(C3=CN=C(N=C3)NC(C)C)C2=1,0.004831963567994535
N1(CCCO)C(=O)C(NC1=O)(CCCC1C=CC=CC=1)C1CCNCC1,0.0015556990110781044
C12CN(CCOC1=C(C=C(C1=CC=C(C=N1)Cl)C=2)O)CC1=NC=CN1CC,0.0038520020199939607
C1(NC2C(=CC3=C(C=2)NC(N3)=O)N=1)C1C(Cl)=CC=C(OC)C=1F,0.002847702143481001
C1(C2C=CC=C3C=NC=CC=23)SC=C(CO)N=1,0.0034016196499578656
N1(C)C(=O)C2C(SCCCC)=C(C(C)C)C=NC=2N(C)C1=O,0.007506132777780295
C1(=CC=CC=C1O)C(NCCC1CCCN(CC2C=CC=NC=2)C1)=O,0.004626948595978319
N1(C(C)C(C)C)N=CC=C1NC(COC1C=CC(=NC=1CC)C)=O,0.00937493545934558
N1C=NNC=1C1=CC=C(C=C1)C(=O)N[C@H]1CN([C@H](CO)C1)C,0.0015792585094459356
N1(C)C(=O)C2C(SCCC(C)C)=C(C(C)C)C=NC=2N(C)C1=O,0.008243724890053272
C12C(=O)NCC(C3C=CC=CC=3OC)CC=1NC(C1=CC=NC=C1)=N2,0.0032504435745067894
N1(C=NN=C1)C1=CC=CC(C2C=CC=C(C=2)NC(C)=O)=C1,0.00502790892496705
N1(C)C(=O)C2C(SCC=C)=C(C(C)C)C=NC=2N(C)C1=O,0.007278239470906556
N1=CN(C(C2=CC=CC(C)=C2)=C1C1=CC=CC=C1)CCCN1C=CN=C1,0.01038498911075294
N1(CCCC(C(NCCCC2=CC=CC=C2)=O)C1)C1CCN(CC1)C,0.010719667049124837
N1(C)C(=O)C2C(SC3CCCC3)=C(C(C)C)C=NC=2N(C)C1=O,0.00881829191930592
N1C(COC)=NOC=1CN(CC)C(=O)[C@@H](N)C1C=CC=CC=1Cl,0.008490239060483873
C1(CN(CC)CC)=C(CC)OC(C(=O)NCC2OC(=NN=2)C)=C1,0.008272736705839634
C1(=O)C(CCCN1CC1C=CC(=CC=1)C(C)C)(O)CNC(C)(C)C(N)=O,0.008391926810145379
C1(=C(C)OC(C)=N1)C(=O)N1CCCC(C1)CCC1=CC=CC=C1C(F)(F)F,0.005902214860543609
C1(=CC(=NC2=C(C=CC=C21)C)C1C=NN(C)C=1)C(=O)N1CCCCCCC1,0.010940459603443742
N1(C)C(=O)C2C(SCCOCC)=C(C(C)C)C=NC=2N(C)C1=O,0.0059374765958637
C1(CNCC2=CC3C(=CC=C(OC)C=3)N2)=CN(N=C1C)CC=C,0.005581721244379878
N1(C)C(=O)C2C(SCC(=O)N3CCCC3)=C(C(C)C)C=NC=2N(C)C1=O,0.0059788494370877745
C1(=CC2=C(C=CS2)N1)C(=O)N1CCCC(CCC2=CC=C(C=C2)F)C1,0.004020581941585988
N1(C)C(=O)C2C(SCC(=O)N3CCCCC3)=C(C(C)C)C=NC=2N(C)C1=O,0.005584457470104098
C(=O)(CC1C=CC(=CC=1)OCC)N(CCO)CC=CC1C=CC=CC=1,0.005597883672453463
N12CCN(CCC1=NN=C2CCC1=CC=CC=C1)C(=O)C1=CC(OC)=CC=C1O,0.004911888786591589
N1(C)C(=O)C2C(SCC(=O)N3CCCCCC3)=C(C(C)C)C=NC=2N(C)C1=O,0.0067688512150198225
C1(C=C(ON=1)CN(C)CC1=CC=CC=C1)C(=O)N1CCN(CC1)CCC,0.010849029384553432
S(NC)(=O)(=O)C1C=CC(=CC=1)CN1CCCN(CC(C)C)CC1,0.00737597078550607
N1(C)C(=O)C2C(SCC(=O)N3CCOCC3)=C(C(C)C)C=NC=2N(C)C1=O,0.005369425844401121
C1(CC(C)CCCC(C)(C)OC)N(C)C2=C(C=CC=C2)N=1,0.015190054662525654
N1(C)C(=O)C2C(SCC(=O)N3CCC(CC3)C)=C(C(C)C)C=NC=2N(C)C1=O,0.005643034889362753
N1(C)C(=O)C2C(SCC(=O)N3CCN(CC3)C3C=CC=CC=3)=C(C(C)C)C=NC=2N(C)C1=O,0.005092573282308876
C1(CC(=O)N2[C@H]3CC[C@@H]2CC(NC3)=O)=C(C)C2=CC=C(C=C2OC1=O)OC,0.005790769564919173
N1(C)C(=O)C2C(SCC(=O)N3CCN(CC3)C(OCC)=O)=C(C(C)C)C=NC=2N(C)C1=O,0.005487960577011108
N1(CC2C=CC(=CC=2)C)CC(CC1=O)C(=O)NCC(O)=O,0.006328965164721012
N1(C)C(=O)C2C(SCC(=O)N3CCCC4C=CC=CC3=4)=C(C(C)C)C=NC=2N(C)C1=O,0.006358340079896152
N1(C)C(=O)C2C(SCC(=O)N3CCC4C=CC=CC3=4)=C(C(C)C)C=NC=2N(C)C1=O,0.006217468716204167
COC1=CC(C2N(C(C3OC=CC=3)=O)N=C(C3=CC(NS(C)(=O)=O)=CC=C3)C2)=C(OC)C=C1,0.004531735740602017
C1(C2C=CC=NC=2)=NC=CN1C(C)COC1C(C)=CC=CC=1C,0.009427986107766628
N1(C)C(=O)C2C(SCC(N)=O)=C(C(C)C)C=NC=2N(C)C1=O,0.004466699855402112
COC1=C(OC)C(C2N(C(C)=O)N=C(C3=CC(NS(C)(=O)=O)=CC=C3)C2)=CC=C1,0.00542991915717721
N1(C)C(=O)C2C(SCC(=O)NC3C=CC=CC=3)=C(C(C)C)C=NC=2N(C)C1=O,0.004804155370220542
N1(C)C(=O)C2C(SCC(=O)NC3C=CC=C4C=CC=CC=34)=C(C(C)C)C=NC=2N(C)C1=O,0.004897651728242636
CCS(NC1=CC=C(C2CC(C3OC=CC=3)N(S(C)(=O)=O)N=2)C=C1)(=O)=O,0.005627289321273566
C1(=CC=CC2C=C(C)OC1=2)C(=O)N1CCC2(CC1)CCC(N(C)CC2)=O,0.010905426880344748
C1(CN(C)CC2=NN=C(C3=CC=CC=C3)O2)=C(C)N=C(CC)N1,0.003575180657207966
N1(C)C(=O)C2C(SCC(=O)NC3=CC=CC=C3C)=C(C(C)C)C=NC=2N(C)C1=O,0.0050063598668202754
N1=C2CCCCC2=C(CCC(=O)NC2=C(C)C=C3C(C(C)=CC(=O)O3)=C2)N1,0.005417059734463691
N1(C)C(=O)C2C(SCC(=O)NC3=CC=CC(C)=C3)=C(C(C)C)C=NC=2N(C)C1=O,0.004823263839352876
C1(=NC=CC(C2CCCC2)=N1)N(C)CC1(CO)CC1,0.006110079865902662
N1(C)C(=O)C2C(SCC(=O)NC3=CC=C(C=C3)C)=C(C(C)C)C=NC=2N(C)C1=O,0.004944819840602577
C12CN(CCC=1N(N=C2C(O)=O)CC)C(=O)C(C1C=CC=CC=1)C1C=CC=CC=1,0.008128259959630669
N1(C)C(=O)C2C(SCC(=O)NC3=CC=CC(C)=C3C)=C(C(C)C)C=NC=2N(C)C1=O,0.0051639026263728734
C1(C(CC(C)C)NC(=O)C2=CC=CC=C2OCC(C)=C)N(C)N=CN=1,0.00946150328963995
N1(C)C(=O)C2C(SCC(=O)NC3=CC(C)=CC=C3C)=C(C(C)C)C=NC=2N(C)C1=O,0.005139556271024049
C(CSC1C=CC=C(OC)C=1)(=O)N[C@@H]1CC[C@@H](N)C1,0.008534608315676451
N1(CC2C=CC=CC=2)C(=O)NN=C1C1CCN(CC1)C(=O)C1SN=NC=1C,0.003463765839114785
N1(C)C(=O)C2C(SCC(=O)NC3=CC=C(C=C3C)C)=C(C(C)C)C=NC=2N(C)C1=O,0.005181010672822594
N1(C(C)C(=O)NCC2SN=NC=2C)C2=CC=CC=C2N=C1CCC,0.005566478916443884
N1(C)C(=O)C2C(SCC(=O)NC3=CC(C)=CC(C)=C3)=C(C(C)C)C=NC=2N(C)C1=O,0.005217739730142057
N1=CN(C(C2C=CC(=CC=2)C2=CN=CN=C2)=C1C1C=CC=CC=1)CCOCC,0.00815561469644308
N1(C)C(=O)C2C(SCC(=O)NC3C(C)=CC(=CC=3C)C)=C(C(C)C)C=NC=2N(C)C1=O,0.0055364843923598524
C12CN(CCN1C(CN(C)C2=O)=O)C(=O)C1OC2C(=CC(=CC=2)C)C=1C,0.009468965674750507
N1(C)C(=O)C2C(SCC(=O)NC3=CC=C(C=C3)CC)=C(C(C)C)C=NC=2N(C)C1=O,0.005300801037810743
C(=O)(N(C)C)N1CCCC(C(NCCNC2=CC(C)=CC=N2)=O)C1,0.0029528407263569533
N1(C)C(=O)C2C(SCC(=O)NC3=CC=CC=C3F)=C(C(C)C)C=NC=2N(C)C1=O,0.0048114342847838994
C1(=CC(Cl)=CC=C1O)C=C(C)CN1CCCC(CNC(C)=O)C1,0.00471832409966737
N1(C)C(=O)C2C(SCC(=O)NC3C=CC=C(F)C=3)=C(C(C)C)C=NC=2N(C)C1=O,0.00446106925373897
C1(=CC=CC2=NON=C12)C1=NC=CN1CC1C=CC(=CC=1)S(N)(=O)=O,0.003868199430871755
N1(C)C(=O)C2C(SCC(=O)NC3C=CC(=CC=3)F)=C(C(C)C)C=NC=2N(C)C1=O,0.0045170082012191415
C1(N=CN=C(N(C)CC)C=1)N1CCN(CC1)CC(OCC)=O,0.006455881055444479
N1(C)C(=O)C2C(SCC(=O)NC3=CC=C(C=C3F)F)=C(C(C)C)C=NC=2N(C)C1=O,0.004430962004698813
C1(OC)N=CC=CC=1C1=CC=C(C=C1)C(O)CN1CCOCC1,0.002919848007149994
N1(C)C(=O)C2C(SCC(=O)NC3C=CC=CC=3OC)=C(C(C)C)C=NC=2N(C)C1=O,0.0050380321918055415
C1(C2C=NC(=NC=2)C2=CC=CC=C2OC)=C(C2C=CC=CC=2)N=CN1[C@@H](C)COC,0.010418940987437963
C1(N)(CCN(CC(C)(C)CN2CCOCC2)C1)C(O)=O,0.011837834864854813
N1(C)C(=O)C2C(SCC(=O)NC3C=CC=C(OC)C=3)=C(C(C)C)C=NC=2N(C)C1=O,0.004728112695738673
C1(=O)C2C=CC=CC=2C=NN1CCNC1=CC(C)=NC(C2=CC=CN=C2)=N1,0.005103713262360543
N1(C)C(=O)C2C(SCC(=O)NC3=CC=C(C=C3)OC)=C(C(C)C)C=NC=2N(C)C1=O,0.00488068382255733
C1(C2C=CC=NN=2)N(C2C=CC(=CC=2)Cl)N=C(C2CC2)N=1,0.007719892519526183
N1(C)C(=O)C2C(SCC(=O)NC3C=CC=CC=3OCC)=C(C(C)C)C=NC=2N(C)C1=O,0.005106222652830184
N1(C)C(=O)C2C(SCC(=O)NC3=CC=C(C=C3)OCC)=C(C(C)C)C=NC=2N(C)C1=O,0.004966445034369826
C1(=CC=NN1CC1C=CC=C(Cl)C=1)NC(CC=CC)=O,0.0047101738629862664
N1(C)C(=O)C2C(SCC(=O)NC3=CC=C(C=C3OC)OC)=C(C(C)C)C=NC=2N(C)C1=O,0.005056482786312699
C1(C=CC=C2CCCNC=12)C(=O)N1CCC(CC1)(O)C1=CC=C(C=N1)C,0.007961044507101177
N1(C)C(=O)C2C(SCC(=O)NC3C=CC(=C(OC)C=3)OC)=C(C(C)C)C=NC=2N(C)C1=O,0.005400282866321504
C1(=CN(N=C1C)CC=C)C1NCCC2NC=NC1=2,0.004329344700090587
N1(C)C(=O)C2C(SCC(=O)NC3=CC=C4C(OCO4)=C3)=C(C(C)C)C=NC=2N(C)C1=O,0.004935243190266192
COC(COC1=C(C)C=C(S(NC2=CC(C)=CC=C2)(=O)=O)C=C1)=O,0.00506100453203544
S(=O)(=O)(C1=CC=C(C=C1OC)OC)N1CCC2=C(N=CN=C2N(C)C)C1,0.00600213601719588
N1(C)C(=O)C2C(SCC(=O)NC3=CC=CC=C3C(F)(F)F)=C(C(C)C)C=NC=2N(C)C1=O,0.00433922455413267
C1(C=CC(N(C)C=1)=O)C(=O)N(CC)CCOC1=CC=CC(Cl)=C1,0.007801533071324229
CCN(CCCNC1=C(N(=O)=O)C(N)=NC=N1)CC,0.0032769218203611674
N1(C)C(=O)C2C(SCC(=O)NC3=CC=CC(=C3)C(F)(F)F)=C(C(C)C)C=NC=2N(C)C1=O,0.00421891895821318
C1(C(C)NC(CCC(=O)NC2=CC=CC(CC)=C2)=O)NN=CN=1,0.003606673062313348
N1(C)C(=O)C2C(SCC(=O)NC3=CC=C(C=C3)C(F)(F)F)=C(C(C)C)C=NC=2N(C)C1=O,0.00431748537812382
C1(=CC=C(C2CCCN2)S1)C(=O)N(C(C)C)CCN1CCCCCC1,0.012671914836391806
N1(C)C(=O)C2C(SCC(=O)NC3C=CC(=CC=3)OC(F)(F)F)=C(C(C)C)C=NC=2N(C)C1=O,0.004009768890682608
C12C(CCN3C(C)=CC(C)=N3)CC(NC=1NN=C2C(NC)=O)=O,0.004380723694339395
CCN1C(=NS(C2=CC=C(C)C=C2)(=O)=O)SC(=CC2=CC(OC)=C(OC)C=C2)C1=O,0.006484731729142368
S(=O)(=O)(NCC1=CC=CC=C1)N1CCN(CC1)C(=O)C1=NNC=N1,0.002554108074400574
N1(C)C(=O)C2C(SCC(=O)NC3C=CC=C(C=3)N(=O)=O)=C(C(C)C)C=NC=2N(C)C1=O,0.003425605234224349
N1C(C2=CC=CN=C2)=NC2=C(CCN(C(=O)C3C=CC=C(O)C=3)C2)C=1N(C)C,0.004095759661868215
N1(C)C(=O)C2C(SCC(=O)NC3C=CC(=CC=3)N(=O)=O)=C(C(C)C)C=NC=2N(C)C1=O,0.0034545995178632436
[C@@]12(CNC[C@H]1CN(CC1=CC=CN1C1SC=CN=1)C2)C(OC)=O,0.006030607619322836
N1(C)C(=O)C2C(SCC(=O)NC3=CC=CC=C3C(OCC)=O)=C(C(C)C)C=NC=2N(C)C1=O,0.006094297696836293
CC1=CC=C(S(N=C2C3=C(C=CC=C3)C3(O)C(N(CCO3)CCO)=C2)(=O)=O)C=C1,0.003597469022497535
N1(C)C(=O)C2C(SCC(=O)NC3C=CC(=CC=3)C(OCC)=O)=C(C(C)C)C=NC=2N(C)C1=O,0.005725621688179671
C1(CCCN(CC2C=CC=C(OC)C=2OC)C1=O)(O)CN(C)CC#C,0.008620322169736027
N1(C)C(=O)C2C(SCC(=O)NC3C=CC(=CC=3)C(OC)=O)=C(C(C)C)C=NC=2N(C)C1=O,0.005636979057453573
C1(CSC2N=CC=CN=2)=NC(=NN1C1C=CC(=CC=1)F)C,0.00679108165204525
N1(C)C(=O)C2C(SCC(=O)NC3=CC=C(C=C3)C(C)=O)=C(C(C)C)C=NC=2N(C)C1=O,0.007073000026866794
C1(C(NCCC(C)(C)C)=O)C=C(NN=1)COC1=CC=CC(F)=C1,0.005070124589838088
N1(C)C(=O)C2C(SCC(=O)NC3=CC=C(C=C3)NC(C)=O)=C(C(C)C)C=NC=2N(C)C1=O,0.004705290915444494
N1(C)C(=O)C2C(SCC(=O)NC3CCCC3)=C(C(C)C)C=NC=2N(C)C1=O,0.006105841789394617
C1(SC(=NC=1C)OC)C(=O)N1CCC(N(CC2C=CC=CC=2)C(CC)C1)=O,0.009431300824508071
N1(C)C(=O)C2C(SCC(=O)NC3CCCCC3)=C(C(C)C)C=NC=2N(C)C1=O,0.006446428154595197
N1(C)C(=O)C2C(SCC(=O)NCC(OCC)=O)=C(C(C)C)C=NC=2N(C)C1=O,0.0065229378640651705
N1(C=CC=C1CN1CCCC2(CCN(CC2)C)CC1)C1N=CC=CN=1,0.01203434751369059
N1(C)C(=O)C2C(SCC(=O)NCC3=CC=CC=C3)=C(C(C)C)C=NC=2N(C)C1=O,0.00514006931334734
C1(=NC=CC=C1CNC(=O)C1(CCC1)COC)N1CCCCCCC1,0.010522832814604043
N1(C)C(=O)C2C(SCC(=O)NCC3=CC=C(C=C3)F)=C(C(C)C)C=NC=2N(C)C1=O,0.004771219624672085
C1(=CC2C(=CC=CC=2)S1)C1=NC=CN1CCCN1C=CN=C1,0.005995748983696103
COC1=CC2=C(N=C(N3C(=O)CC(C(O)=O)C3)S2)C=C1,0.005910138110630214
N12C=C(SC1=NC1CNC(=O)CC(C3=CC=C4C(OCCO4)=C3)C2=1)C,0.0057682710699737075
N1(C[C@H]([C@H]2N3CCC(CC3)[C@H]21)C1=CC=C(C=C1)OC)C(C1CCC1)=O,0.011966615729033948
N1(C)C(=O)C2C(SCC(=O)NCC3C=CC4=C(OCO4)C=3)=C(C(C)C)C=NC=2N(C)C1=O,0.005490826978348196
N1=C(C2=CC(OC)=C3C(OCO3)=C2)OC(C)=C1CN1C=CN=C1CCC,0.006985015887767077
N1(C)C(=O)C2C(SCC(=O)NCC3=CC=CO3)=C(C(C)C)C=NC=2N(C)C1=O,0.005604909243993461
C1(C(=O)N2CCCC(C2)C2NN=CC=2CC)N(C)N=C(C=1)C1=C(C)N(N=C1C)C,0.006163691356778145
N1(C)C(=O)C2C(SCC(NCCC3C=CC=CC=3)=O)=C(C(C)C)C=NC=2N(C)C1=O,0.005292050680145622
N1C(NC2CCN(CC2)CC2CCCO2)=NC=C(C)C=1N(C)C,0.00741775541100651
N1(CC2=CC=CC=C2)C(CC)CN(CCC1=O)CC1C=CC=C(C=1)C#N,0.008629586058668792
C1(CN2CCN(CC2)C2C=C(C)N=C(CCC)N=2)=NC=CN1C(C)C,0.008685452654026449
N1(C)C(=O)C2C(SCC(NCCC3=CC=C(C(OC)=C3)OC)=O)=C(C(C)C)C=NC=2N(C)C1=O,0.00590480505488813
C1(CC(N(CCCCC2C=CC=CN=2)C1)=O)C(O)=O,0.006680167163722217
N1(C)C(=O)C2C(SCC(=O)NC3SC4=C(C=CC=C4)N=3)=C(C(C)C)C=NC=2N(C)C1=O,0.00553173494990915
C1(=NC=CC(CCC(F)(F)F)=N1)N(C)CC1C=CN=CN=1,0.003916672451305203
COC1=CC(C2CC(C3SC=CC=3)N(C(C)=O)N=2)=CC=C1,0.00810141465626657
N1(C)C(=O)C2C(SCC(=O)NC3SC4=C(C=CC(C)=C4)N=3)=C(C(C)C)C=NC=2N(C)C1=O,0.005520645063370466
N1(CC2C=CC=C(C=2)C#N)C[C@H]([C@H]2N3CCC(CC3)[C@H]21)C1C=CC(=CC=1)OC,0.008876079169567674
N1(C)C(=O)C2C(SCC(=O)NC3SC=CN=3)=C(C(C)C)C=NC=2N(C)C1=O,0.005063715670257807
N1(C(C)C(=O)NCC2=NN=C3CCCN23)C2=CC=CC3=CC=CC(=C23)C1=O,0.006365785258822143
N1(C)C(=O)C2C(SCC(=O)NC3SC=C(C)N=3)=C(C(C)C)C=NC=2N(C)C1=O,0.0054123822133988145
N1(C(=O)C=CC(Cl)=N1)CC(=O)N(CCSC1=CC=CC=C1)CC=C,0.0053607550449669365
N1(C)C(=O)C2C(SCC(=O)NC3=NN=C(C)S3)=C(C(C)C)C=NC=2N(C)C1=O,0.005253853439353406
FC(C1=CN=C(SC2=NC=CC=N2)C=C1)(F)F,0.005022239545360208
C1(CCCN(C2CCN(CC2)CC2C=CC=NC=2)C1)C(=O)N(C)CCO,0.005830746865831316
N1(C)C(=O)C2C(SCC(=O)NC3=NN=C(SCC)S3)=C(C(C)C)C=NC=2N(C)C1=O,0.005861589405685663
C1(C(C)NC(=O)CCNC(=O)C2C=CC=CC=2F)=NN=CN1CCOC,0.005370633048005402
C1(C2C=C(OC)C=CC=2N(C)C=1C)C(=O)N1CC2=C(C=NC(CC)=N2)C1,0.010826265905052423
N1(C)C(=O)C2C(SCC(=O)NC3C=C(ON=3)C)=C(C(C)C)C=NC=2N(C)C1=O,0.004957935737911612
C1(C=NN2C=CC=CC=12)C1NN=C(CC2=CC=CC=C2)N=1,0.0052565402002073824
N1C=CNC=1CNC(=O)C1C=CC=C(C=1)NC(CC)=O,0.0021808864548802376
N1=C(C2CCCC2)ON=C1CN(C)C(=O)CCC1NN=C2CCCCC=12,0.010011588875204324
N1(C)C(=O)C2C(SCC(=O)NCC3C=CC(=CC=3)C)=C(C(C)C)C=NC=2N(C)C1=O,0.0054272660752758385
N1(C2C=CC=C(Cl)C=2)C(CSC2=NN=CN2C)=NC(C2CC2)=N1,0.008061148039996625
N1(C)C(=O)C2C(SCC(=O)NC3C=CC(=CC=3)C(N)=O)=C(C(C)C)C=NC=2N(C)C1=O,0.0044056608458049595
C1(NC=NC=1C1=CC=CC=C1)C1C(=CC=CC=1OC)OC,0.004857755277771503
N1(C)C(=O)C2C(SCC(=O)N(CC)CC)=C(C(C)C)C=NC=2N(C)C1=O,0.00658638880122453
C1(CN(C)C(=O)C(N(C)C)C2C=CC(=CC=2)F)C2CCCCC=2NN=1,0.00701858988031745
N1C(C2C=CC(=CC=2)C)=C(C=NC=1N1CCN(CC1)C)C1C=CC(=CC=1C)OC,0.010019824374467134
N1(C)C(=O)C2C(SCCN3CCOCC3)=C(C(C)C)C=NC=2N(C)C1=O,0.006430387333966792
C1(N2CCC(CC2)C(=O)N2CCC(CC2)N)=C2CCCC2=NC(C2=CC=CC=C2)=N1,0.00949274692684412
N1(C)C(=O)C2C(SCCN3CCCCC3)=C(C(C)C)C=NC=2N(C)C1=O,0.006947396160103381
N1(C)C(=O)C2C(SCCN3CCCC3)=C(C(C)C)C=NC=2N(C)C1=O,0.007412101374939084
N1(C)C(=O)C2C(SCC3=CC=CC=C3)=C(C(C)C)C=NC=2N(C)C1=O,0.006902686040848494
N1(C)C(=O)C2C(SCC3=CC=CC(F)=C3)=C(C(C)C)C=NC=2N(C)C1=O,0.005510533065535128
C1(=NC=CC(C2CCCC2)=N1)N1CCCN([C@H]2COC[C@@H]2O)CC1,0.004761507315561175
C1(CN(C)CC2C=CC=C(C=2)C(=O)NC2C=NN(C)C=2)OC(=NN=1)CC,0.0068205579882487655
N1(C)C(=O)C2C(SCC3=CC=C(C=C3)F)=C(C(C)C)C=NC=2N(C)C1=O,0.005688833212479949
N1(C)C(COC2=CC=C(C=C12)C(=O)N(C)C)CC(=O)N(CC=C)C1CCCC1,0.010960897663608193
N1C=CC=C(C=1)NCCNC1CCCC(C)(C)C1,0.011745744151994586
N1(C)C(=O)C2C(SCC3C=CC=CC=3C)=C(C(C)C)C=NC=2N(C)C1=O,0.007387761236168444
N1(CCCC1C1C=CC=CN=1)CC1C=CC=C(N=1)C(OC)=O,0.00896306752692908
N1(C)C(=O)C2C(SCC3C=CC(=CC=3)N(=O)=O)=C(C(C)C)C=NC=2N(C)C1=O,0.0042391380411572754
C1(CN(C)CC2=NC=CN2C)=CC2=CC3OCOC=3C=C2NC1=O,0.0035078560118563472
C1(CN2CCC3(CCCNC3)C2)N(CC)N=CN=1,0.008738475339487194
N1(C)C(=O)C2C(SCC3C=CC=C(C)C=3)=C(C(C)C)C=NC=2N(C)C1=O,0.0073768660658970475
C1(ON=C2C=CC=CC=12)C(=O)N1CC[C@@H]2N[C@@H](CC2)C1,0.0058828238397836685
N1(C)C(=O)C2C(SCC3C=C(C)C=CC=3C)=C(C(C)C)C=NC=2N(C)C1=O,0.008455256978049875
N1C(CC)=C(C2C=C(C)C=C(CNC3N=CC(=C(N)N=3)C)C1=2)C,0.003565895417705178
N1(C)C(=O)C2C(SCC3C=CC(=CC=3)C)=C(C(C)C)C=NC=2N(C)C1=O,0.008014941727742553
N1N(C)C2=C(C=C(C=C2)C(=O)NC(C)CC2=CC(=NN2)C)N=1,0.003943200164940208
N1(C)C(=O)C2C(SCC3C=CC=C(C=3)C(F)(F)F)=C(C(C)C)C=NC=2N(C)C1=O,0.005447516799904406
CC1=C(C=NNC(C2NN=C(C3C4=C(C=CC=C4)NC=3)C=2)=O)C2=C(C=CC=C2)N1,0.004362915153615176
N1C(C2C=CC=CC=2)=NC2=C(CCN(C(=O)CN(C)C)C2)C=1N(C)C,0.008689190354198217
N1(C)C(=O)C2C(SCC3=CC=C(C=C3)C(F)(F)F)=C(C(C)C)C=NC=2N(C)C1=O,0.0054277179297059774
C1(CN(C)CC2C=NN(C3=CC=CC(C)=C3)C=2)=CN(N=C1C)CC=C,0.011359459115192294
N1(C)C(=O)C2C(SCC3=CC=C(C(OC)=O)O3)=C(C(C)C)C=NC=2N(C)C1=O,0.007343640201725066
C1(CN2CCC(CNC(=O)NC3=CC=CC=C3)C2)SC=CC=1C,0.004587886133231222
N1(C)C(=O)C2C(SCC3C=CC=CC=3F)=C(C(C)C)C=NC=2N(C)C1=O,0.005555730010382831
C1(NC(=O)CN2CCCC2C2=CC=C(C(N)=O)S2)C(C)=NN(CC)C=1C,0.006566209648735821
CCOC1=C(C(C)C)C=C(S(N(CC)CC)(=O)=O)C=C1,0.009025599062442779
N1=C(C=CN=C1N(C)CCCC1C(C)=NNC=1C)N1CCCC(O)C1,0.002058077952824533
COC1=C(C=NNC(CC2=CC3=C(OCCO3)C=C2)=O)C=C(N(=O)=O)C(OC)=C1,0.00526798302307725
C1(C=NN(CCO)C=1)C1CCN(CC=1)CC1ON=C(C(C)C)C=1,0.007620357139967382
N1(C)C(=O)C2C(SCC3=CC=CC4=CC=CC=C34)=C(C(C)C)C=NC=2N(C)C1=O,0.007388368854299188
N1(CC2=CC=CC(F)=C2)C(=O)C(NC1=O)(C1CCNCC1)CC1C=CC(=CC=1)F,0.002399391116341576
N1C(C2=CC=C3C(OCCO3)=C2)=CN(CCC2=NC(C)=CC(=O)N2)N=1,0.00422640738543123
N1(C)C(=O)C2C(SCC3=CC=CN=C3)=C(C(C)C)C=NC=2N(C)C1=O,0.006647695880383253
N1=C(N)C=CN=C1N1CCC(CC1)N1CCCC(C(=O)NCC2=CC=CN=C2)C1,0.004712523031048477
C1(=NC=CC=C1CNC(=O)C1CCNC1)N1CCN(CC1)C1=CC=CC=N1,0.005840237415395677
N1(C)C(=O)C2C(SCC3=CC=CC(=C3)N(=O)=O)=C(C(C)C)C=NC=2N(C)C1=O,0.0041728635900653895
C1(C#N)C(N)=NC(=CC=1C1C=CC=CC=1OCCN1C=CN=C1)C1CC1,0.003777042287401855
N1(C)C(=O)C2C(SCC3C=CC=CN=3)=C(C(C)C)C=NC=2N(C)C1=O,0.006756712566129863
C12SN=C(C)C=1C(CC(=O)N2)C1C=CC2C(=C(C=CC=2)O)N=1,0.004174778051674366
C1(=O)N(CC(=O)N1)CC(=O)N(C)CC1=C(C)C2C(=CC=CC=2)N1,0.0010916920640738682
N1(C)C(=O)C2C(SCC(OC)=O)=C(C(C)C)C=NC=2N(C)C1=O,0.007775702141225338
C12CN(CCC=1N(N=C2C(O)=O)CCO)C(=O)C1SC=C2OCCOC=12,0.0028851272538304327
N1(C)C(=O)C2C(SCC(OCC)=O)=C(C(C)C)C=NC=2N(C)C1=O,0.008052772888913751
C(=O)(C1C=CC(=CC=1)OC1C=CC(=CC=1OC)CN1CCCC1)N1CCCCC1,0.012531176116317511
N1(C)C(=O)C2C(SCC(OCC3C=CC=CC=3)=O)=C(C(C)C)C=NC=2N(C)C1=O,0.008245307486504316
C1(CN2CCC(C2)C2=CC=NC(C3=CC=CC(O)=C3)=C2)C(CO)=CN=C(C)C=1O,0.0030474249157123267
N1(CCCC1=O)C1CCN(CC1)CCC1C2C=CC=CC=2NC=1,0.006369642145000398
N1(C)C(=O)C2C(SCC(O)=O)=C(C(C)C)C=NC=2N(C)C1=O,0.005795511906035245
N1C2C=CC(=CC=2C2CCCCC=21)CNC(=O)/C=C(/C)\C,0.007768385391682386
C1(CN(C)C(C2C=CC=CC=2)CCC(C)C)N(CC)N=CN=1,0.01532588661648333
N1(C)C(=O)C2C(SCC(C3=CC=CC=C3)=O)=C(C(C)C)C=NC=2N(C)C1=O,0.009823160339146852
C1(C(C)NC(=O)C2=CC=C(C=C2)NC(CCCC)=O)NN=NN=1,0.003008597932057455
N1(C)C(=O)C2C(SCC(=O)C3C=CC(=CC=3)OC)=C(C(C)C)C=NC=2N(C)C1=O,0.009457311127334833
C1(CN(CCO)C(CCC(=O)NC2C=C(C)C=CC=2F)=O)=NC=CN1C,0.002623219252564013
N1(C2=CC=CC=C2)C=C(C=N1)CN(C)C(=O)C(C)N1C=NC=N1,0.007754461537115276
C1(C(C)NS(C)(=O)=O)=NC(=NN1C1C=CC=CN=1)CC(C)C,0.004472970846109092
N1(C)C(=O)C2C(SCC(NCCC)=O)=C(C(C)C)C=NC=2N(C)C1=O,0.004987677978351712
N1(CCCC(C(=O)C2=CC=CC=N2)C1)CC(C)(C)N1CCOCC1,0.01524994457140565
N1(C)C(=O)C2C(SCC(=O)NC(C)C)=C(C(C)C)C=NC=2N(C)C1=O,0.005247724079526961
C1(C#N)C(N)=NC(=CC=1C1=CC=CC(O)=C1)C1C=CC(=CC=1)C(O)=O,0.001748136372771114
N1(C)C(=O)C2C(SCC(=O)NC(C)(C)C)=C(C(C)C)C=NC=2N(C)C1=O,0.005476091848686337
C1(C(C)NC(CCC(=O)NC2CCCCCC2)=O)NN=CN=1,0.0059448860352858904
C1(=O)N=C(C)C=C(C)N1CCC(=O)N(C)CCCC1C(C)=NNC=1C,0.005275383475236595
N1(C)C(=O)C2C(SCC(NCCOC)=O)=C(C(C)C)C=NC=2N(C)C1=O,0.0044472433626651766
C1(=NC=NC(OC)=C1)N1CCC(CC1)N1CCC(CC1)C(=O)N1CCOCC1,0.008737642713822425
N1(C)C(=O)C2C(SCC(=O)N3CC(C)OC(C)C3)=C(C(C)C)C=NC=2N(C)C1=O,0.006163992243818939
N1(C)C(=O)C2C(SCC(=O)N(C(C)C)C(C)C)=C(C(C)C)C=NC=2N(C)C1=O,0.007928707264363765
N1(C[C@@H]([C@@H](N2CCN(CC2)C2=CC=CC=N2)C1)O)C(=O)C1C=CC(=CC=1)Cl,0.0020952448481693863
N1(C)C(=O)C2C(SCC(NCC=C)=O)=C(C(C)C)C=NC=2N(C)C1=O,0.005144238891080022
N1(C)C(=O)C2C(SCC3=CC(OC)=CC(OC)=C3)=C(C(C)C)C=NC=2N(C)C1=O,0.007294924627058208
N1(C(=O)C=CC(Cl)=N1)CC(=O)N1CCC(CC1)CC1=NN=CN1C,0.00515341954305768
N1(C)C(=O)C2C(SCC3C=CC(=CC=3)C(OC)=O)=C(C(C)C)C=NC=2N(C)C1=O,0.0075049027102068065
N1(CCC(C1)C1=CC=NC(C2=CC=NC=C2)=C1)CC(C)(C)N1CCOCC1,0.013536493480205535
C(C1=CC=C(CN(C)C(C)C2=CC=CS2)S1)#CC(C)(C)O,0.014773451257497072
N1(C)C(=O)C2C(SCC(=O)NC3C=CC=C(Cl)C=3)=C(C(C)C)C=NC=2N(C)C1=O,0.004282612237147987
O=C(NC1=C2C(C=CC=C2)=CC=C1)CCC1OC(C2=CC=CC=C2)=NN=1,0.006057174690067768
N1(CCOC(C1)C1=CC=C(C(Cl)=C1)Cl)CC1=CC=CC=C1O,0.00619460828602314
N1(C)C(=O)C2C(SCC(=O)NC3C=CC(=CC=3)Cl)=C(C(C)C)C=NC=2N(C)C1=O,0.004353092447854578
N1(CCC[C@H]1C(N)=O)C(=O)C1=CC=CC(=C1)NCC1SC=CC=1C,0.005168155417777598
N1(C)C(=O)C2C(SCC(=O)NC3C=CC(=CC=3)Br)=C(C(C)C)C=NC=2N(C)C1=O,0.005284573999233544
C1(C(=O)N2CCOCC2)N=C2N(C=CC=C2)C=1C1NC2=C(C(C)=CC=C2)N=1,0.0033220746903680266
N1(C)C(=O)C2C(SCC(=O)NC3C=CC(=C(Cl)C=3)C)=C(C(C)C)C=NC=2N(C)C1=O,0.004495952464640141
C1(N2CCOCC2)=NC=C(C=N1)C(=O)N[C@@H]1CN2[C@H](CN(CC2)C)C1,0.005730119463987648
N1(C)C(=O)C2C(SCC(=O)NCC3C=CC=CC=3Cl)=C(C(C)C)C=NC=2N(C)C1=O,0.004769821604713798
S(=O)(=O)(C1C=CC=C(OC)C=1)N1C[C@H](C[C@H]1C(=O)N(CC)CC)N,0.0063330265926197175
N1(C)C(=O)C2C(SCC3=CC=C(C=C3)Br)=C(C(C)C)C=NC=2N(C)C1=O,0.007924528373405338
C12=CC(C3=CC=C(C=N3)Cl)=CC(O)=C1OCCN(C1=CC=NC(C)=N1)C2,0.004214312951080501
N1(C)C(=O)C2C(SCC3=CC=C(C=C3)Cl)=C(C(C)C)C=NC=2N(C)C1=O,0.005952293775044382
N1(C[C@H](C[C@H]1C(NC)=O)N)C(=O)CN(C)CC1C=CC=CN=1,0.006959059648215771
N1(C)C(=O)C2C(SCC3C(=CC=CC=3Cl)F)=C(C(C)C)C=NC=2N(C)C1=O,0.005555453361012042
C12=CC(=CC(O)=C1OCCN(C2)C1N=CN=C(C2CC2)C=1)C1=CC=C(C)S1,0.005174022610299289
N1(C)C(=O)C2C(SCC3C=CC=CC=3Cl)=C(C(C)C)C=NC=2N(C)C1=O,0.005918042990379036
CCOC1=C(Cl)C=C(S(NCC2=CN=CC=C2)(=O)=O)C(Cl)=C1,0.004115929733961821
N1(C(C)C)CCN(CC1C)CC1=CC=C(C=C1)NC(C)=O,0.008592641889117658
C1(CN(C)CC2SN=NC=2C)=CC=C(C)N1C1C=CC=NC=1,0.01218102192506194
N1(C)C(=O)C2C(SCC3=CC=CC(Cl)=C3)=C(C(C)C)C=NC=2N(C)C1=O,0.005812543001957238
C1(C(=O)NCC2=CC=CC=N2)C=C2N(CCN(C(=O)C(C)(C)COC)C2)N=1,0.010218966798856855
N1(C)C(=O)C2C(SCC(=O)C3C=CC(=CC=3)Cl)=C(C(C)C)C=NC=2N(C)C1=O,0.008402802143245935
C1(=CC=C(CO)O1)C(=O)N1CCN(CC1)C1CC2C(=CC=CC=2)C1,0.005438020825386048
CC1=CC=C(NC(C2=CC=C(NC(C3OC=CC=3)=O)C=C2)=O)C=C1,0.008611724223010242
N1(C)C(=O)C2C(SC)=C(CCCC)C=NC=2N(C)C1=O,0.006957317981868982
N1C(=CC=CC=1N1CCN(CC1)CC1C=NC(=NC=1)SCC)C(C)C,0.01080905357375741
N1(C)C(=O)C2C(SCC)=C(CCCC)C=NC=2N(C)C1=O,0.007036951277405024
N1(C2=CC=CC=C2)C=NN=C1CC1CCN(CC1)CCCC,0.01189577141776681
N1(C)C(=O)C2C(SCCC)=C(CCCC)C=NC=2N(C)C1=O,0.007770032389089465
N1C(=O)C=C(N=C1CCNC1CCN(CC1)CC(C)C)C,0.005832512560300529
N1(C)C(=O)C2C(=C(CCCC)C=NC=2N(C)C1=O)SC(C)C,0.008085374999791384
C(N1CCN(CC#CC2=CC=CC=C2)CC1)C=CC1=CC=CC=C1,0.01241203173995018
N1(C)C(=O)C2C(SCCCC)=C(CCCC)C=NC=2N(C)C1=O,0.007755761267617345
NC(C1C(=NC2=CC=C(O)C=C2)OC2=C(C=CC=C2)C=1)=O,0.0041024551261216406
C(=O)(N1CCOC2=C(C=C(C3C=CC=C(Cl)C=3)C=C2C1)O)C1C(=CC=CN=1)O,0.0042777692200616
N1(C)C(=O)C2C(SCCC(C)C)=C(CCCC)C=NC=2N(C)C1=O,0.008605376025661826
C1(C(OC)=O)C=C2N(CCCN(C(=O)C3C=CC4=C(C=3)N=C(S4)N)C2)N=1,0.005910203699022532
C12N=CC=CC1=C(C=CC=2OC1C=CC(=NN=1)C1=CC=CC=C1)CN1CCOCC1,0.007817512657493354
C1(=O)C2=CC=CC=C2C(CC(=O)N2CCC(CC2)(O)C2=CC=C(C=N2)C)N1,0.007734846277162433
N1(C2C=CC=C(OC)C=2)C(=O)NN=C1CC1SC=C(C)N=1,0.0031318420660682023
N1(C)C(=O)C2C(SCC=C)=C(CCCC)C=NC=2N(C)C1=O,0.0072134157409891484
C1(=CC=C(N(C)C1=O)C)C(=O)N1CCC(CC1)C1NN=CC=1CC1=CC=CC=C1,0.005608565732836723
C1(N)=NC=C(C=N1)C1C=CC=CC=1OCC,0.005163551319856197
N1(C)C(=O)C2C(SCC#C)=C(CCCC)C=NC=2N(C)C1=O,0.005822191154584289
C(=O)([C@H](COC)N)N(C(CC)CC)CC1C=CC2=C(OCO2)C=1,0.014213362848386169
N1N(CC2CCN(CC2)C(=O)NC2C=CC3=C(OCO3)C=2)C=C(CNC)N=1,0.0035603848518803716
N1(C)C(=O)C2C(=C(CCCC)C=NC=2N(C)C1=O)SCC(=O)N1CCCCC1,0.00593393542803824
N1(C)C(=O)C2C(=C(CCCC)C=NC=2N(C)C1=O)SCC(=O)N1CCCCCC1,0.007116552023217082
S(=O)(=O)(NC(C)C)C1C=C(C=C(C2C=CC=C(C(C)=O)C=2F)C=1)C(O)=O,0.005301836831495166
S(=O)(=O)(C1=CC=C2C(=C1)NC(N2)=O)N1C[C@H](C[C@H]1C(NCC)=O)N,0.0021283697336912156
N1(C)C(=O)C2C(=C(CCCC)C=NC=2N(C)C1=O)SCC(=O)N1CCN(CC1)C1C=CC=CC=1,0.005222749593667686
N1N(C)C2=C(C=C(C=N2)C(=O)N2CCC(CC2)C2NN=CC=2C2=CC=CC=C2)N=1,0.004290802427567542
N1(C)C(=O)C2C(=C(CCCC)C=NC=2N(C)C1=O)SCC(=O)N1CCN(CC1)C(OCC)=O,0.006066428800113499
N1(C2C=CC=CN=2)N=C(N=C1CC1=CN2C(SC=C2)=N1)C(C)C,0.007193036726675928
N1(C)C(=O)C2C(=C(CCCC)C=NC=2N(C)C1=O)SCC(=O)N1CCCC2C=CC=CC1=2,0.006642586784437299
N1(C[C@H]([C@H]2N3CCC(CC3)[C@H]21)C1=CC=CC(OC)=C1)C(=O)[C@H]1CC[C@H](CC1)O,0.005076905316673219
N1(C)C(=O)C2C(=C(CCCC)C=NC=2N(C)C1=O)SCC(=O)N1CCC2C=CC=CC1=2,0.006514427927322685
N1C2C(C)=CC=CC=2NC=1C1CCN(CC1)C(=O)C1C=CN=C(NC)C=1,0.0028170752979349346
N1(C)C(=O)C2C(=C(CCCC)C=NC=2N(C)C1=O)SCC(N)=O,0.005178382014855742
CC(C1=CC(S(NC2CC(C)(C)NC(C)(C)C2)(=O)=O)=C(C)C=C1)C,0.007236284716054797
C1(NC(=O)C2CCCN2CC=C)SC2=C(CCCC2)C=1C(NC)=O,0.008853967394679784
N1(C)C(=O)C2C(=C(CCCC)C=NC=2N(C)C1=O)SCC(=O)NC1C=CC=CC=1,0.0052425411064177755
C1(C=CC(=C(C)C=1)F)C(C(O)=O)N1CCC(CC1)N(CCC)CCC,0.008646810264326631
N1(C)C(=O)C2C(=C(CCCC)C=NC=2N(C)C1=O)SCC(=O)NC1C=CC=C2C=CC=CC=12,0.00520218457095325
N1C(N)=NC(=CC=1N1CCN(CC1)C(=O)C1=CC(C)=NC2=CC=C(C)C=C12)C,0.004300402547232807
N1=C(NC2CCN(CC3C=CC=CC=3)C2)C2CCNCC=2N=C1N(C)C,0.006873085093684494
N1(C)C(=O)C2C(=C(CCCC)C=NC=2N(C)C1=O)SCC(=O)NC1=CC=CC=C1C,0.005431666783988476
C1(NN=C(C)N=1)C1=CSC(CCC)=N1,0.005001585325226187
C1(NC(=O)C2=CC=CC(CN(C)CC3=CC=NO3)=C2)N(C)C2=C(C=CC=C2)N=1,0.005485035630408674
N1(C)C(=O)C2C(=C(CCCC)C=NC=2N(C)C1=O)SCC(=O)NC1=CC=CC(C)=C1,0.005250510293990374
N1(C)C(=O)C2C(=C(CCCC)C=NC=2N(C)C1=O)SCC(=O)NC1=CC=C(C=C1)C,0.005375428055413067
C1(N2CCOC3=C(C=C(C4C=CC=CC=4C)C=C3C2)O)=NN=NN1C1C=CC=CC=1,0.0046855100663378835
N1(C)C(=O)C2C(=C(CCCC)C=NC=2N(C)C1=O)SCC(=O)NC1=CC=CC(C)=C1C,0.005564335058443249
C1(CN2CCOC(C2)C2=CC=C(C(Cl)=C2)Cl)C(C)=NNC=1C,0.006802458385936916
CCCOC1=C2C(C=CC=C2)=C(S(NCCOC)(=O)=O)C=C1,0.004319679795298725
CCOC1=C(C)C=C(S(NC(C2=CC=CC=C2)C)(=O)=O)C(C)=C1,0.006369923474267125
N1(C)C(=O)C2C(=C(CCCC)C=NC=2N(C)C1=O)SCC(=O)NC1=CC(C)=CC=C1C,0.0055409468244761225
C1(C=C(ON=1)C)C(=O)N1CCC(CC1)N1CCCC(C1)C(=O)NC1CC1,0.009598699072375894
N1(C)C(=O)C2C(=C(CCCC)C=NC=2N(C)C1=O)SCC(=O)NC1=CC=C(C=C1C)C,0.005589929688721895
COC1=C(S(N(C2CCCCC2)C)(=O)=O)C=C(Cl)C(C)=C1,0.008647632133215667
N1(C)C(=O)C2C(=C(CCCC)C=NC=2N(C)C1=O)SCC(=O)NC1=CC(C)=CC(C)=C1,0.005637925723567605
N1(C=CN=C1C(C)C)C(C)C(=O)N1C[C@H]2[C@H](CC=CC2)C1,0.009494829154573382
N1(C)C(=O)C2C(=C(CCCC)C=NC=2N(C)C1=O)SCC(=O)NC1C(C)=CC(=CC=1C)C,0.005966781359165907
N1(CCCC1=O)C1CCN(CC1)CC1C=C(Cl)C(=C(Cl)C=1)C,0.011331381928175687
CCOC1=C(Cl)C=C(S(N(C2CCCCC2)CC)(=O)=O)C(Cl)=C1,0.00921259974129498
N1(C)C(=O)C2C(=C(CCCC)C=NC=2N(C)C1=O)SCC(=O)NC1=CC=C(C=C1)CC,0.005758143472485244
COC1=CC(N2C(=O)CC(C(NC3=CC(Cl)=C(C)C=C3)=O)C2)=CC=C1,0.007621208531782031
N1(C)C(=O)C2C(=C(CCCC)C=NC=2N(C)C1=O)SCC(=O)NC1=CC=CC=C1F,0.005288639175705612
C1(=CC=C(C(=O)NCC2=CN=CN2CC)O1)C1C=CC=CC=1Cl,0.004684084572363645
N1(C)C(=O)C2C(=C(CCCC)C=NC=2N(C)C1=O)SCC(=O)NC1C=CC=C(F)C=1,0.004915050766430795
N1C(NCCC2=CN=C3C=CC=CN23)=NC=C(C)C=1N(C)C,0.004047199559863657
C1(C2=CC=CC=C2OCCN2CCCCC2)NC2C(=CC(=CC=2)C#N)N=1,0.003717224468709901
N1(C)C(=O)C2C(=C(CCCC)C=NC=2N(C)C1=O)SCC(=O)NC1C=CC(=CC=1)F,0.004936733772046864
COC1=CC(N2C(=O)CC(C(NC3=C(Cl)C(Cl)=CC=C3)=O)C2)=CC=C1,0.007812811946496367
S(=O)(=O)(C1C=CC2=C(OCCO2)C=1)N1CCC2(CCNCC2)C1,0.0064668368315324186
COC1=C(Br)C=C(C=NC2=CC=C(C(O)=O)C=C2)C=C1,0.007078372268006205
C1(=CN=C(C)N1C)C1=C(C#N)C(N)=NC2C3=C(C(=CC=C3)O)CCC=21,0.0027710556285455825
N1(C)C(=O)C2C(=C(CCCC)C=NC=2N(C)C1=O)SCC(=O)NC1=CC=C(C=C1F)F,0.004454822768457234
C1(C2C=CC=CC=2N(C)N=1)C(=O)N1CCC(CC1)C(C)N1CCOCC1,0.0094063940923661
N1(C)C(=O)C2C(=C(CCCC)C=NC=2N(C)C1=O)SCC(=O)NC1C=CC=CC=1OC,0.005180511088110506
O=N(C1=CN=C(OC2=CC=C(C=C3C(=O)N(CC(N4CCCCCC4)=O)C(=O)S3)C=C2)C=C1)=O,0.003229853801894933
C1(C2=CC=CC=C2F)(CC1)C(=O)N1CCN(C(C(O)=O)C1)C,0.005509268492460251
N1(C)C(=O)C2C(=C(CCCC)C=NC=2N(C)C1=O)SCC(=O)NC1C=CC=C(OC)C=1,0.005176354735158384
N1=C(NCC2=CC=C3C(CC(O3)(C)C)=C2)C2CCNCC=2N=C1N(C)C,0.00866754837334156
C1(C(NCCC2=NN=CN2CC)=O)C=C(NN=1)CN1C2C=CC=CC=2N=C1,0.003006347082555294
N1(C)C(=O)C2C(=C(CCCC)C=NC=2N(C)C1=O)SCC(=O)NC1=CC=C(C=C1)OC,0.005327526340261101
N1(C)C(COC2=CC=C(C=C12)C(=O)N(C)C)CC(=O)NCC1(CCC)CCC1,0.01119841863401234
N1(C)C(=O)C2C(=C(CCCC)C=NC=2N(C)C1=O)SCC(=O)NC1C=CC=CC=1OCC,0.005225648544728756
C1(C(=O)NCC2=NN=C3CCCN23)=CC(=NN1CC)CC(C)C,0.009383631264790892
CC(C1=CC(OCCOCCN2CCN(C)CC2)=CC(C)=C1)C.OC(C(O)=O)=O,0.009628485958091914
N1(C)C(=O)C2C(=C(CCCC)C=NC=2N(C)C1=O)SCC(=O)NC1=CC=C(C=C1)OCC,0.005135288112796843
C12SC=CC=1N=CN(CC(=O)NCC1=C(CC)N=C(C)S1)C2=O,0.0052023826399818065
N1(C)C(=O)C2C(=C(CCCC)C=NC=2N(C)C1=O)SCC(=O)NC1=CC=C(C=C1OC)OC,0.005447369231842458
CN(CCSC1SC(NCC2OC(C3=CC=C(N(=O)=O)C=C3)=CC=2)=NN=1)C,0.004320072289556265
[C@H]1(CCCC[C@@H]1C(NCCC1=CC=CC=C1Cl)=O)C(NCC=C)=O,0.008711200533434748
CCOC1=C(C)C=C(S(N2CCN(C3=CC=CC=C3)CC2)(=O)=O)C(C)=C1,0.006231415783986449
S(N)(=O)(=O)C1=C(C)C(C)=CC(C(=O)NCC2=NN=CN2CCC)=C1,0.004825383541174233
C1(C2C=CC(=C(Cl)C=2)Cl)=NC=CN1CCNC(C)=O,0.0032967101724352688
N1(C)C(=O)C2C(=C(CCCC)C=NC=2N(C)C1=O)SCC(=O)NC1=C(OC)C=CC(OC)=C1,0.005454215966165066
N1(C)C(=O)C2C(=C(CCCC)C=NC=2N(C)C1=O)SCC(=O)NC1C=CC(=C(OC)C=1)OC,0.005786453699693083
C1(NCCOCC2=CC=C(C=C2)Cl)C2CCNCC=2N=C(C)N=1,0.005624922411516309
N1(C)C(=O)C2C(=C(CCCC)C=NC=2N(C)C1=O)SCC(=O)NC1=CC=C2C(OCO2)=C1,0.005374750355258584
CC1=NN(S(C2=CC=C(C3CCCCC3)C=C2)(=O)=O)C=C1,0.014939657133072614
N1(C)C(=O)C2C(=C(CCCC)C=NC=2N(C)C1=O)SCC(=O)NC1=CC=C2C(OCCO2)=C1,0.005500242835842073
N1(C[C@@H](C[C@H]1C(OC)=O)O)CC1=CC=CC(OC)=C1OCC(C)=C,0.004139378620311618
N1(C)C(=O)C2C(=C(CCCC)C=NC=2N(C)C1=O)SCC(=O)NC1=CC=CC=C1C(F)(F)F,0.004415217798668891
N1(C)C(=O)C2C(=C(CCCC)C=NC=2N(C)C1=O)SCC(=O)NC1=CC=CC(=C1)C(F)(F)F,0.004339721158612519
N1C(C)=NOC=1C1C=CC(=NC=1)C1=C(C=CC=C1F)OC,0.007629824453033507
N1(C)C(=O)C2C(=C(CCCC)C=NC=2N(C)C1=O)SCC(=O)NC1=CC=C(C=C1)C(F)(F)F,0.004353208548855037
N1(C)C(=O)C2C(=C(CCCC)C=NC=2N(C)C1=O)SCC(=O)NC1C=CC(=CC=1)OC(F)(F)F,0.003974295465741307
N1(C[C@@H]([C@@H](N2CCN(CC2)C)C1)O)C1C=C(C)C2C(=CC3=C(CCC3)C=2)N=1,0.004243649775162339
N1(C)C(=O)C2C(=C(CCCC)C=NC=2N(C)C1=O)SCC(=O)NC1C=CC=C(C=1)N(=O)=O,0.0036373990471474825
N1(C)C(=O)C2C(=C(CCCC)C=NC=2N(C)C1=O)SCC(=O)NC1C=CC(=CC=1)N(=O)=O,0.003721763694193214
N1(C[C@H](C[C@H]1C(=O)N(CC)CC)N)C(=O)C1=CC(=CC=C1Cl)NC(C)=O,0.007425440731458366
N1(C)C(=O)C2C(=C(CCCC)C=NC=2N(C)C1=O)SCC(=O)NC1=CC=CC=C1C(OCC)=O,0.006431085988879204
N1(C2=CC=CC=C2OC)C(CCCN2CCCCC2=O)=NC(C2CC2)=N1,0.009069007867947221
N1(C)C(=O)C2C(=C(CCCC)C=NC=2N(C)C1=O)SCC(=O)NC1C=CC(=CC=1)C(OCC)=O,0.006069915555417538
N1(C)C(=O)C2C(=C(CCCC)C=NC=2N(C)C1=O)SCC(=O)NC1C=CC(=CC=1)C(OC)=O,0.006020513456314802
N1(C)C(=O)C2C(=C(CCCC)C=NC=2N(C)C1=O)SCC(=O)NC1=CC=C(C=C1)C(C)=O,0.007575888256542385
CC(CC(NNC(C1N2C(C=CC=C2)=NC=1C)=O)=O)C,0.0019565823226002977
N1(C)C(=O)C2C(=C(CCCC)C=NC=2N(C)C1=O)SCC(=O)NC1C=CC=C(C=1)NC(C)=O,0.005067675304599106
N1(CCCN(CC2=CC=C(C=C2)F)C(C(C)C)C1)C(C1CCOCC1)=O,0.01115475045517087
N1(C)C(=O)C2C(=C(CCCC)C=NC=2N(C)C1=O)SCC(=O)NC1=CC=C(C=C1)NC(C)=O,0.005134320515207946
N12C=C(N=C1SC=C2C(=O)N(C)CC1(CCCC1)CO)C1C=CC=CC=1,0.004190284002106637
N1(C)C(=O)C2C(=C(CCCC)C=NC=2N(C)C1=O)SCC(=O)NC1CCCC1,0.006970635149627924
COC1=CC=C(C(NC2=C(CN3CCN(C)CC3)C(C)=C(C)S2)=O)C=C1,0.007246553199365735
C1(C(=O)N(C)CCC2C=CC=CN=2)OC(=NN=1)COC,0.006662358529865742
N1(C)C(=O)C2C(=C(CCCC)C=NC=2N(C)C1=O)SCC(=O)NC1CCCCC1,0.007255251449532807
N1(C)C(=O)C2C(=C(CCCC)C=NC=2N(C)C1=O)SCC(=O)NCC(OCC)=O,0.007020481093786657
COC1=CC=C(C(NC2=C(CN3CC4=C(C=CC=C4)CC3)C(C)=C(C)S2)=O)C=C1,0.008670567814260722
C1(=O)C(CCCN1CC1=CC(OC)=CC=C1F)(O)CNC(CO)CO,0.004288991587236524
COC1=CC=C(C(N2C3=C(C(=C(S3)C)C)CN(CC3=CN=CC=C3)C2)=O)C=C1,0.008445799257606268
C(=O)(C1C=CC(=CC=1)N1CCN(CC1)C)N(C)C(C)CC1C=C(C)C=CN=1,0.010728338081389666
C1(=CNC(C(Cl)=C1)=O)C(=O)NC(C1C=CN=CC=1)C1C=CC(=CC=1)C,0.005165968718938529
S(=O)(=O)(CCNC(=O)C1CCCCCN1C)C1=CC=C(C=C1)C,0.008501139143481851
N1(C)C(=O)C2C(=C(CCCC)C=NC=2N(C)C1=O)SCC(=O)NCC1=CC=CC=C1,0.005575978825800121
[C@]12(CNC[C@@H]1CN(C)C2)C(=O)NC1CCN(CC1)C(=O)C1=CC=CO1,0.007230706280097365
N1(C)C(=O)C2C(=C(CCCC)C=NC=2N(C)C1=O)SCC(=O)NCC1=CC=C(C=C1)F,0.005260297795757651
C1(N(CC)CC)=NC=CC=C1CNC1C=CC=C(N=1)C#N,0.005419355572666973
N1(C)C(=O)C2C(=C(CCCC)C=NC=2N(C)C1=O)SCC(=O)NCC1C=CC2=C(OCO2)C=1,0.005601465795189142
N1=C(C)C=C(C)N1CCCN(CCOC)CC1=CC=CC=C1F,0.010464841313660145
N1(C)C(=O)C2C(=C(CCCC)C=NC=2N(C)C1=O)SCC(=O)NCC1=CC=CO1,0.006262216181494295
N1(C2C=CC=CN=2)N=C(N=C1COC1=CC=CC(=C1)NC(CC)=O)C,0.004827291879337281
N1(C)C(=O)C2C(=C(CCCC)C=NC=2N(C)C1=O)SCC(=O)NCC1CCCO1,0.005977270030416548
C1(CN(C)CC2(CCNCC2)C2=CC=C(C=N2)C)C2CCCCCC=2NN=1,0.010893373657017947
N1(C)C(=O)C2C(=C(CCCC)C=NC=2N(C)C1=O)SCC(NCCC1C=CC=CC=1)=O,0.005700878403149545
N1(C2C=CC(=CC=2)CC(=O)N2CC[C@H]([C@@H](OC)C2)N)C(C)=NN=N1,0.004943123820703476
N1(C)C(=O)C2C(=C(CCCC)C=NC=2N(C)C1=O)SCC(=O)NC1SC2=C(C=CC=C2)N=1,0.005656543234363198
N1(C)C(=O)C2C(=C(CCCC)C=NC=2N(C)C1=O)SCC(=O)NC1SC2=C(C=CC(C)=C2)N=1,0.005619197431951761
C(=O)(NCC1CCCN(CC(C)C)C1)C1=C(C=CC=N1)C,0.008852385892532766
N1(C)C(=O)C2C(=C(CCCC)C=NC=2N(C)C1=O)SCC(=O)NC1SC=CN=1,0.005706245568580926
C1(=NC=CN1CCN(C)C)C1=CN=C(N=C1)NCC,0.004319414705969393
N1(C)C(=O)C2C(=C(CCCC)C=NC=2N(C)C1=O)SCC(=O)NC1SC=C(C)N=1,0.005668300273828209
N1(C)C(=O)C2C(=C(CCCC)C=NC=2N(C)C1=O)SCC(=O)NC1=NN=C(C)S1,0.005522632924839854
N1N(CCC2=CNC=N2)C=C(CCC2C=CC=CC=2)N=1,0.004273087519686669
N1(C)C(=O)C2C(=C(CCCC)C=NC=2N(C)C1=O)SCC(=O)NC1=NN=C(SCC)S1,0.006020316435024142
C1(C#N)C(N)=NC2=C([C@H]3CC[C@H](N3)C2)C=1COCC1=CC=CC=C1,0.003974160877987742
N1(C)C(=O)C2C(=C(CCCC)C=NC=2N(C)C1=O)SCC(=O)NC1C=C(ON=1)C,0.005506061017513275
C12CCN(CCC=1N=C(NC2=O)C)CC1C=CC=C(OC)C=1OC,0.006886034202761948
N1(C)C(=O)C2C(=C(CCCC)C=NC=2N(C)C1=O)SCC(=O)NCC1C=CC(=CC=1)C,0.005794826778583229
C1(=C(C2C=CC=CC=2)N=CN1CC1=CC=CN=C1)C1SC2=C(CCCC2)N=1,0.010559667740017176
N1(C)C(=O)C2C(=C(CCCC)C=NC=2N(C)C1=O)SCC(=O)NC1C=CC(=CC=1)C(N)=O,0.004797828267328441
C1(=CC(C)=CC=C1OC)C(C(O)=O)N1CCC=CC1,0.009674550034105778
N1(C)C(=O)C2C(SCCN3CCOCC3)=C(CCCC)C=NC=2N(C)C1=O,0.00679117206018418
COC1=C(OC)C(OC)=CC(C(NC2=CC=C(S(N3CCN(C)CC3)(=O)=O)C=C2)=O)=C1,0.005388140375725925
C1(C(=O)N(CC(C)C)CC2C=CC=C(OC)C=2)C2CCCC=2NN=1,0.00898226781282574
CCC1SC(NC(C2=CC=CC=C2)=O)=C(C(C2=CC(F)=CC=C2)N2CCN(C)CC2)C=1,0.00603939222637564
C1(C(=O)NCC2(CSCC2)N(C)C)=C(C)C=C(NC1=O)C,0.005579184833914041
N1(C)C(=O)C2C(SCCN3CCCCC3)=C(CCCC)C=NC=2N(C)C1=O,0.007179460348561406
CCC1SC(NC(C2=CC=CC=C2)=O)=C(C(C2=CC(F)=CC=C2)N2CCN(C3=NC=CC=C3)CC2)C=1,0.004775249608792364
N1(C)C(=O)C2C(SCCN3CCCC3)=C(CCCC)C=NC=2N(C)C1=O,0.007714276015758514
C1(C2CCCN(CCC(=O)NC3SC=CN=3)C2)NC2C(=CC=CC=2)N=1,0.002633457159390673
C(=O)(C1C=CN=C(CCC)C=1)NCC1CCCN(C)C1,0.009000556054525077
N1C(C)=NOC=1C1C=CC(=NC=1)N1CCN(CC1)CC(C)=CC1=CC=CO1,0.008659967081621289
N1(C)C(=O)C2C(=C(CCCC)C=NC=2N(C)C1=O)SCC1=CC=CC=C1,0.007298422325402498
C12C=C(CNC(=O)C3=CC=CC(CO)=N3)C(=NC=1CN(CC)C2=O)OC,0.0039001033757813273
N1(C)C(=O)C2C(=C(CCCC)C=NC=2N(C)C1=O)SCC1=CC=CC(F)=C1,0.005916739394888282
C1(C(=O)N2CCOC3=C(C=C(C4C=CC(=CC=4)C)C=C3C2)O)=NOC(C)=C1CO,0.003221782762557268
C1(C(O)=O)C=C2N(CCCN(C2)C(=O)N[C@@H](C)C2C=CC=C(OC)C=2)N=1,0.004674015624914318
N1(C)C(=O)C2C(=C(CCCC)C=NC=2N(C)C1=O)SCC1=CC=C(C=C1)F,0.006435093260370195
BrC1=CC=C(OCCN2C(=O)C3=C(C=CC=C3)N=C2)C=C1,0.008901895489543676
N1(C[C@H]([C@H]2N3CCC(CC3)[C@H]21)C1C=CC(=CC=1)OC)C(=O)C1C=CC=C(C)C=1,0.010423511464614421
N1(C)C(=O)C2C(=C(CCCC)C=NC=2N(C)C1=O)SCC1C=CC=CC=1C,0.007709553861059248
C1(C(O)=O)=COC(COC2C=CC=CC=2F)=N1,0.00404318607179448
CC1=C(OCCCN2C3=C(C=CC=C3)C(=O)C2=O)C=CC=C1,0.015859359549358486
C1(=NC=CC(CCC(F)(F)F)=N1)N1CCC(CC1)N1C[C@@H](C)O[C@@H](C)C1,0.005453870975179598
N1(C)C(=O)C2C(=C(CCCC)C=NC=2N(C)C1=O)SCC1C=CC(=CC=1)N(=O)=O,0.00475667892023921
C1(C2=CC=CC=C2SC=1)C1=CC(O)=C2C(CN(CCO2)C(=O)C2C=CC=NN=2)=C1,0.0043610215187072756
N1(C)C(=O)C2C(=C(CCCC)C=NC=2N(C)C1=O)SCC1C=CC=C(C)C=1,0.007725460454821587
C(=O)(NC1C=CC=C(C=1)C#N)N1CCCC2(CCNCC2)CC1,0.004816849681083113
C1(C(=O)N(C)CC2ON=C(C3C=CC=CN=3)C=2)C=C2N(CCCN(C)C2)N=1,0.01002054214477539
N1(C)C(=O)C2C(=C(CCCC)C=NC=2N(C)C1=O)SCC1C=C(C)C=CC=1C,0.008306828839704395
C(=O)(N1CCC(CC1)N1CCCC(C1)C(=O)NC1CC1)C1C=COC=1,0.010301753552630544
N1(C)C(=O)C2C(=C(CCCC)C=NC=2N(C)C1=O)SCC1C=CC(=CC=1)C,0.00789010082371533
O=C(NC1=CC=NC=C1)CCN1C(=O)C2=C(C=CC=C2)C1=O,0.0029941883985884488
C1(=CC(C)=NC2C=CC=CC1=2)N1CCN(CC1)CC1=NC=CN1CCC,0.007207143120467663
O=N(C1=CC=C(CNC2=CC=CC=C2)C=C1)=O,0.004554339090827852
C1(OC(=NN=1)C)C(=O)N(C(C)C)CC1C=CC=CC=1Cl,0.007074226369149983
N1(C)C(=O)C2C(=C(CCCC)C=NC=2N(C)C1=O)SCC1C=CC=C(C=1)C(F)(F)F,0.005466628610156477
C1(C=C(CCN)N=C(C)N=1)N1CCC(N(C)C(C)=O)C1,0.008225970645435154
N1(C)C(=O)C2C(=C(CCCC)C=NC=2N(C)C1=O)SCC1=CC=C(C=C1)C(F)(F)F,0.0059985557803884145
C1(=CNN=C1C1C=CC=C(F)C=1)C(=O)N1CCN(C(=O)C1C)C,0.002924109424930066
N1(C)C(=O)C2C(=C(CCCC)C=NC=2N(C)C1=O)SCC1=CC=C(C(OC)=O)O1,0.008100501587614417
C1(SC=CC=1Cl)C(=O)NCC1C=CC=CC=1CN1CCCC1=O,0.005366444704122841
N1(C)C(=O)C2C(=C(CCCC)C=NC=2N(C)C1=O)SCC1C=CC=CC=1F,0.006390700954943896
C1(CN(CCN1)CC1C=CC=C(C=1)OCC1C=CC=CN=1)C(O)=O,0.004416541266255081
N1(C)C(=O)C2C(=C(CCCC)C=NC=2N(C)C1=O)SCC1=CC=CC2=CC=CC=C12,0.007643168978393078
C1(C2=CC(O)=C3C(CN(CCO3)C(=O)CC3CC3)=C2)SC2=C(C=CC=C2)N=1,0.004922492220066488
N1(C)C(=O)C2C(=C(CCCC)C=NC=2N(C)C1=O)SCC1=CC=CN=C1,0.006995966844260693
S(C)(=O)(=O)NCC1CCN(CC2=CC=C(C=C2)C2C=CC=CN=2)C1,0.0045309087377972904
N1(C)C(=O)C2C(=C(CCCC)C=NC=2N(C)C1=O)SCC1=CC=CC(=C1)N(=O)=O,0.0043949771323241295
C1(C=COC=1C)C(=O)N1CCOC2=C(C=C(C3C=CC=C(Cl)C=3)C=C2C1)O,0.0053133171983063224
C1(C(=O)N(CC#CC)CC2=CC=CO2)C=C(ON=1)C1=CC=CC=C1,0.009730412065982819
CC1=C(C)C2=C(N=C(N(C2=O)CC2OC=CC=2)SCC(NCC2OCCC2)=O)S1,0.0062246770365163686
C1(=NC(C)=CC(C)=C1C#N)N1CCCC(CC2=CC=CC=C2)(C(O)=O)C1,0.0056605680845677854
N1(C)C(=O)C2C(=C(CCCC)C=NC=2N(C)C1=O)SCC1C=CC=CN=1,0.007111543160863221
N1(C2C=CC=CC=2N=C1)C(C)C1NN=C(CCC2=CC=CC=C2)N=1,0.005509440915193409
C1(=NC=CC2OC=CC1=2)N1CCC(CC1)(CO)CC1=CC=C(C=C1)OC,0.004844793281517923
CCC1NC(SCC2=C(Cl)C=CC=C2)=NN=1,0.0046256673173047606
N1(C)C(=O)C2C(SCC#N)=C(CCCC)C=NC=2N(C)C1=O,0.00420582836882204
N1(C(C)CNC(=O)CC1)CC1=CC=C(C=C1)OCC1C=CC=CN=1,0.006842071306891739
CCOC(C1CCN(C(C2=CC(F)=CC=C2)C2C3=C(CCCC3)SC=2NC(C)=O)CC1)=O,0.0064104563556611534
N1(CCCC(C(=O)NCC2=CC=CC=N2)C1)C1CCN(CC1)CC(O)=O,0.007389206881634891
N1(C(C)(C)C)CC(CC1=O)CN(C)C1=NC=CC(=N1)C1C=CC(=NC=1C)C,0.009868611535057425
C1(=C(C)OC=N1)C(=O)N1CCC(CC1)N1CCCC(C(NCCOC)=O)C1,0.005781679716892541
N1(C)C(=O)C2C(=C(CCCC)C=NC=2N(C)C1=O)SCC(O)=O,0.006532166921533644
N1([C@H](C)C2C=CC(=CC=2)F)C(=O)NN=C1CC1SC=C(C)N=1,0.0028359684743918478
C1(=CC2=CC=C(C=C2NC1=O)F)C1=NC=CN1CC1=CC(=NO1)C,0.0027522221906110646
N1(C)C(=O)C2C(=C(CCCC)C=NC=2N(C)C1=O)SCC(C1=CC=CC=C1)=O,0.010101286601275206
S(=O)(=O)(NCC1=CC=CC=C1)NC1=CC=CC=C1N1CCOC1=O,0.00460596279008314
N1(C)C(=O)C2C(=C(CCCC)C=NC=2N(C)C1=O)SCC(=O)C1C=CC(=CC=1)OC,0.010156481806188822
C12CN(CCC=1ON=C2C1=CC=CC=C1F)CC1=C(C=CC=N1)C,0.007823981600813568
N1(C)C(=O)C2C(=C(CCCC)C=NC=2N(C)C1=O)SCC(NC)=O,0.005170905753038824
N1(CCCC1=O)CC1C=CC=CC=1CNC(C)COC,0.008676631608977914
N1(C)C(=O)C2C(=C(CCCC)C=NC=2N(C)C1=O)SCC(NCCC)=O,0.005632173712365329
CC1=C(C(N2CCN(CC3=CC=CC=C3)CC2)=O)C2=C(C(C3=C(C2=O)C=CC=C3)=O)O1,0.013099710643291473
C1(CN(C)CC2CCN(CC2)CCO)=CN(N=C1C)CC=C,0.004919300368055701
N1(C)C(=O)C2C(=C(CCCC)C=NC=2N(C)C1=O)SCC(=O)NC(C)C,0.005678327265195548
N1C(C2=CC=C(C=C2)C)=C(C2C=CC=NC=2)C=NC=1N(C)CC1C=CN=CC=1C,0.009532964276149868
N1(CCCC(C1)CCC1=C(C=CC=C1F)F)C(=O)C1C=NC(=NC=1)C(C)C,0.007795823621563613
N1(C)C(=O)C2C(=C(CCCC)C=NC=2N(C)C1=O)SCC(=O)NC(C)(C)C,0.005951609602198005
C1(F)C(=CC=C(F)C=1F)NC(CNC[C@@]1(CCCN2CCCC[C@@]21[H])O)=O,0.007827803865075112
C1(=O)O[C@H]2[C@H](CN(C(=O)CC3=CC=CN=C3)C2)N1CCCN1CCOCC1,0.006149596394971013
N1(C)C(=O)C2C(=C(CCCC)C=NC=2N(C)C1=O)SCC(NCCOC)=O,0.0051901597063988445
C(=O)(C1C=CN=C(NC)C=1)N(C)C(C)C1SC=CN=1,0.0048296791035681965
N1(C)C(=O)C2C(=C(CCCC)C=NC=2N(C)C1=O)SCC(=O)N1CC(C)OC(C)C1,0.006357380049303174
C(F)(F)(F)C1=CC=CC(CC2CN(CCO2)CC(N)=O)=C1,0.003615766274742782
N1(C)C(=O)C2C(=C(CCCC)C=NC=2N(C)C1=O)SCC(=O)N(C(C)C)C(C)C,0.008110782923176884
C1(CNC(C)CC2=CC=CC=C2F)(CN2CCN(CC2)C)CC1,0.012143660988658666
N1(C)C(=O)C2C(=C(CCCC)C=NC=2N(C)C1=O)SCC(NCC=C)=O,0.006107879430055618
C1(N=COC=1C(C)C)C(=O)N1CCOC(C1)C1=CC=C(C(Cl)=C1)Cl,0.006889163050800562
N1(C)C(=O)C2C(=C(CCCC)C=NC=2N(C)C1=O)SCC1=CC(OC)=CC(OC)=C1,0.007426552870310843
C1(CN2CCC3(CC2)N(C)CCCNC3=O)=CC=C(C)N1C1C=CC=NC=1,0.007875698804855346
C12CN(CCC=1N(N=C2C(O)=O)CC1=CC=C(C=C1)F)C(=O)C1C=CC=C(C)C=1,0.006259296764619648
CC1=CC=C(C2NC3N(N=CN=3)C(C3=CC=C(OCC4=CC=CC=C4)C=C3)C2)C=C1,0.010009779455140233
S(=O)(=O)(C1=CC=C(C=C1)C(F)(F)F)N1C[C@@H](C[C@H]1C(NCC)=O)N,0.0032306868117302654
N1C(CC)=CSC=1CNC(=O)C1=CC=C(N=C1)NCC(=O)N(C)C,0.00455259281443432
N1(C)C(=O)C2C(=C(CCCC)C=NC=2N(C)C1=O)SCC1C=CC(=CC=1)C(OC)=O,0.007738766167312861
C1(C=C(OC=1C1C=CC=CC=1)C)C(=O)N1CCN2C(=NC=C2C(N)=O)C1,0.005794893461279571
N1(C)C(=O)C2C(=C(CCCC)C=NC=2N(C)C1=O)SCC(=O)NC1C=CC=C(Cl)C=1,0.0047554978867992755
C1(=O)O[C@H]2[C@H](CN(CC3C=CC(=C(C)C=3)O)C2)N1CCCN1CCOCC1,0.0045020109042525295
N1(C)C(=O)C2C(=C(CCCC)C=NC=2N(C)C1=O)SCC(=O)NC1C=CC(=CC=1)Cl,0.004824797611217946
N12C=C(Cl)C=CC1=NC(C)=C2C(=O)N[C@@H]1CC[C@H](CC1)N1C=NN=C1,0.004799911973532289
N1(C)C(=O)C2C(=C(CCCC)C=NC=2N(C)C1=O)SCC(=O)NC1C=CC(=CC=1)Br,0.005630419589579105
C1(=NC=C(C=N1)F)N1CCN(CC1)CC1C(C)=CC(=CC=1C)O,0.004191119247116149
N1(C)C(=O)C2C(=C(CCCC)C=NC=2N(C)C1=O)SCC(=O)NC1C=CC(=C(Cl)C=1)C,0.004647029039915651
C(=O)(C1=CC=C(N=C1)N1CCC(CC1)O)N1CCC(CC1)CCC1=CC=CC=C1,0.00497165999840945
N1(C)C(=O)C2C(=C(CCCC)C=NC=2N(C)C1=O)SCC(=O)NCC1C=CC=CC=1Cl,0.005050675082020462
C1(C=C(OC)C(=C(OC)C=1)OC)C1C=CC=NC=1OC,0.01043908866122365
N1(C)C(=O)C2C(=C(CCCC)C=NC=2N(C)C1=O)SCC1=CC=C(C=C1)Br,0.008159104501828551
C1(=CC2=CC(C)=CC=C2N=C1C)C(=O)N(C)CC1NC=C(C)N=1,0.0036687766551040113
N1(C2C=CC=CC=2N=C1)C1=NC=CC=C1CNC(=O)C1=CC=CN=C1NC,0.003651515825185925
N1(C)C(=O)C2C(=C(CCCC)C=NC=2N(C)C1=O)SCC1=CC=C(C=C1)Cl,0.006194183509796858
CC(OC1=C2C(C=CC=C2)=C2C(C(=C(O2)C)C(NCCC2C3=C(C=CC=C3)NC=2)=O)=C1)=O,0.0044149033492431045
N1(C)C(=O)C2C(=C(CCCC)C=NC=2N(C)C1=O)SCC1C(=CC=CC=1Cl)F,0.0061566501157358285
C12CN(CC=1C=NN2CCO)C1=CC=NC(SC)=N1,0.004280139645561576
N1(C)C(=O)C2C(=C(CCCC)C=NC=2N(C)C1=O)SCC1C=CC=CC=1Cl,0.006185377552174032
C1(O)C(OC)=CC(=CC=1Cl)CN(CC1=CC=CN=C1)CC1C=CSC=1,0.00580749697983265
CCOC(C1=CC=C(NC(C2=C(O)C(=O)C=C(CO)O2)C2=NC=CC=C2)C=C1)=O,0.003934455255512148
C12=NC=CC(N)=C1C=CC=C2C1=CC=CC(C(C)N(C)C)=C1,0.008373742830008269
N1(C)C(=O)C2C(=C(CCCC)C=NC=2N(C)C1=O)SCC1=CC=CC(Cl)=C1,0.00605124186258763
CS(N1C(C2=C3C4=C(CCCC4=CC=C3)C=C2)SCC1)(=O)=O,0.008909618225879967
N1(C)C(=O)C2C(SC)=C(CC(C)C)C=NC=2N(C)C1=O,0.006142327608540654
N1(C2=CC=C3C(OCCO3)=C2)N=C(N=C1CCN1C=CN=C1CC)C,0.008315964927896857
N1(C)C(=O)C2C(SCC)=C(CC(C)C)C=NC=2N(C)C1=O,0.007112363842315972
C1(C(=O)N(C)CC2=CN=CC=N2)=CN2CCC3=CC=CC(=C23)C1=O,0.008192172460258006
N1(C)C(=O)C2C(SCC=C)=C(CC(C)C)C=NC=2N(C)C1=O,0.006939434679225087
C1([C@H](O)C2=CC=CC=C2)N(C2=CC=C(C(C)=C2)C)N=C(C2CC2)N=1,0.005749310343526303
N1(C)C(=O)C2C(SCC(=O)N3CCCC3)=C(CC(C)C)C=NC=2N(C)C1=O,0.006150336703285575
S(CC)(=O)(=O)N1CCN(CC1)C(=O)CC1C(=O)NCCN1CC1=CC=CC=C1,0.005408112984150648
CN(C1=CC=C(C2N(C(C3C(=O)OC4=C(C=CC=C4)C=3)=O)CCS2)C=C1)C,0.00640728478319943
N1(CC)C(CCC2NC3=C(C=CC=C3)N=2)=NNC1=O,0.002243997296318412
CCC1SC(NC(C2=CC=CC=C2)=O)=C(CN2CCN(CC3=CC=CC=C3)CC2)C=1,0.008093616180121898
N1(C)C(=O)C2C(SCC(=O)N3CCCCC3)=C(CC(C)C)C=NC=2N(C)C1=O,0.00574067619163543
C1(CN2C=NC(C3C=CC=CC=3)=C2C2=CC=C(CO)O2)C(C)=NN(CC)C=1C,0.005210954789072275
N1(C)C(=O)C2C(SCC(=O)N3CCCCCC3)=C(CC(C)C)C=NC=2N(C)C1=O,0.006888888473622501
N1(C)C(=O)C2C(SCC(=O)N3CCOCC3)=C(CC(C)C)C=NC=2N(C)C1=O,0.00590308562386781
N1(C)C(=O)C2C(SCC(=O)N3CCC(CC3)C)=C(CC(C)C)C=NC=2N(C)C1=O,0.005861008237116039
C1(=CC(=CC=C1Cl)NC(C)=O)C(=O)N(C)CCCN1CCCCCC1,0.009710160689428449
N1(C)C(=O)C2C(SCC(=O)N3CCC4C=CC=CC3=4)=C(CC(C)C)C=NC=2N(C)C1=O,0.006237743492238224
N1(C)C(=O)C2C(SCC(N)=O)=C(CC(C)C)C=NC=2N(C)C1=O,0.004986365092918277
C1(C2CCCN(CC3=CC=CC(OC)=C3O)C2)NC2C(=CC=CC=2)N=1,0.002661561919376254
N1(C)C(=O)C2C(SCC(=O)NC3C=CC=CC=3)=C(CC(C)C)C=NC=2N(C)C1=O,0.004639130970463157
N1=C(C2=CC=CN=C2)C=CN1C1=CC=C(C=C1)SCC(N)=O,0.004955462319776416
N1N(CCC)C2C(=CC(=CC=2)C2=CC(C3C=NN(C)C=3)=C(C(N)=N2)C#N)N=1,0.004212001105770469
N1(C)C(=O)C2C(SCC(=O)NC3C=CC=C4C=CC=CC=34)=C(CC(C)C)C=NC=2N(C)C1=O,0.004530940996482968
C(=O)(C1=CC=CC(=C1)OCC(N)=O)N1CCC2(CC1)CCCO2,0.009553592139855027
N1(C)C(=O)C2C(SCC(=O)NC3=CC=CC=C3C)=C(CC(C)C)C=NC=2N(C)C1=O,0.004883815872017294
N1(C)C(=O)C2C(SCC(=O)NC3=CC=CC(C)=C3)=C(CC(C)C)C=NC=2N(C)C1=O,0.004716479277703911
N1(C)C(=O)C2C(SCC(=O)NC3=CC=C(C=C3)C)=C(CC(C)C)C=NC=2N(C)C1=O,0.004825403797440231
S1C(C2CC2)=NN=C1NC(=O)C1=CC=C(C=C1)CN1CCC[C@@H]1C(N)=O,0.005928541044704616
N1(C)C(=O)C2C(SCC(=O)NC3=CC=CC(C)=C3C)=C(CC(C)C)C=NC=2N(C)C1=O,0.005008787265978754
N1C(C2=CC=CC=N2)=NOC=1C1CCCN1CC1SC=CC=1C,0.008489537285640836
N1(C)C(=O)C2C(SCC(=O)NC3=CC(C)=CC=C3C)=C(CC(C)C)C=NC=2N(C)C1=O,0.004985777987167239
N1(CCC(C1)N(C)C(C)=O)CC(NCCC1C=CC(=CC=1)Cl)=O,0.008079368434846402
N1(C)C(=O)C2C(SCC(=O)NC3=CC=C(C=C3C)C)=C(CC(C)C)C=NC=2N(C)C1=O,0.005026410310529172
N1(C)C(=O)C2C(SCC(=O)NC3=CC(C)=CC(C)=C3)=C(CC(C)C)C=NC=2N(C)C1=O,0.005053699389100075
C1(=CSC(C)=C1CC)C(=O)N1CCCN(C)C2(CCN(CC2)C)C1,0.01394206378608942
N1(C)C(=O)C2C(SCC(=O)NC3C(C)=CC(=CC=3C)C)=C(CC(C)C)C=NC=2N(C)C1=O,0.005361782107502222
N1(C2C=CC=C(C)C=2C)C(CCNC(C)=O)=NC(C2CC2)=N1,0.007977370149455964
N1(C)C(=O)C2C(SCC(=O)NC3=CC=C(C=C3)CC)=C(CC(C)C)C=NC=2N(C)C1=O,0.005103080091066659
C1(NC(=O)CN(C)C(C)C2C=CC3=C(OCCO3)C=2)C(C)=NN(CC)C=1C,0.010140055464580655
N1(C)C(=O)C2C(SCC(=O)NC3=CC=CC=C3F)=C(CC(C)C)C=NC=2N(C)C1=O,0.004824484337586909
C1(C(O)=CC=C(C=1)N1C=CC=C1)C(=O)N1CCC2(CCCN(C)C2=O)C1,0.0053337716031819585
N1(C)C(=O)C2C(SCC(=O)NC3C=CC(=CC=3)F)=C(CC(C)C)C=NC=2N(C)C1=O,0.00490517218131572
C1(=NC=NC2C=CSC1=2)N1CCC(CC1)(CC1CCCCO1)C(O)=O,0.005761241132859141
C(=O)(N1CCC(CC1)N1CCCC(C1)C(=O)N1CCCC1)C1C=COC=1,0.013183350441977382
N1(C2C=CC=CN=2)N=C(N=C1[C@H](CC(C)C)NC(C)=O)C1C=CC=CC=1,0.007337165181525052
O=N(C1=CC(NC(CCCC2ON=C(C3=CC=CC=C3)N=2)=O)=CC=C1)=O,0.0034747177618555725
N1(CC2SC=C(CC)N=2)C=NC(C2C=CC=CC=2)=C1C1=CC=CO1,0.009082723315805197
N1(C)C(=O)C2C(SCC(=O)NC3=CC=C(C=C3F)F)=C(CC(C)C)C=NC=2N(C)C1=O,0.0043326595914550126
C12=C(CCN(C(=O)C(CC)=O)C1)ON=C2C(C1=CC=CC=C1)C1=CC=CC=C1,0.01606147699058056
CCN(C1=CC=CC=C1)CC1=CC=CC=C1,0.016235210886225104
N1(C)C(=O)C2C(SCC(=O)NC3C=CC=CC=3OC)=C(CC(C)C)C=NC=2N(C)C1=O,0.005103077832609415
N1(C)C(=O)C2C(SCC(=O)NC3C=CC=C(OC)C=3)=C(CC(C)C)C=NC=2N(C)C1=O,0.005094319861382246
C1(=CC=NN1C)C(CC)NC(COC1=CC=CC(=C1)NC(CC)=O)=O,0.007255088770762086
N(C1SC=CN=1)C(=O)C(C)N(CC1=CC=C2C(C=CN2)=C1)C1CC1,0.004805351805407554
N1(C)C(=O)C2C(SCC(=O)NC3=CC=C(C=C3)OC)=C(CC(C)C)C=NC=2N(C)C1=O,0.005243642069399357
N1(CCCCC1CCN1C=CC=N1)CC1=CC=CC(OC)=C1O,0.006572711374610662
N1(C)C(=O)C2C(SCC(=O)NC3C=CC=CC=3OCC)=C(CC(C)C)C=NC=2N(C)C1=O,0.00519288529176265
C1(=NC=CC=C1CNC(C(CC)O)=O)N1CCN(CC1)C1=CC=CC=C1OC,0.0031937021529302003
N1(C)C(=O)C2C(SCC(=O)NC3=CC=C(C=C3)OCC)=C(CC(C)C)C=NC=2N(C)C1=O,0.005045835045166314
N1C2C=CC(=CC=2C=CC=1C1C=CNN=1)Cl,0.0043003805447369816
N1(C)C(=O)C2C(SCC(=O)NC3=CC=C(C=C3OC)OC)=C(CC(C)C)C=NC=2N(C)C1=O,0.005421127029694617
N1(C)C(=O)C2C(SCC(=O)NC3=C(OC)C=CC(OC)=C3)=C(CC(C)C)C=NC=2N(C)C1=O,0.005428513465449214
C(=O)(C1=CC=C(N=C1)NCCNC)N1CCCCC1CCN1C=CC=N1,0.0048569992650300264
N1(C)C(=O)C2C(SCC(=O)NC3C=CC(=C(OC)C=3)OC)=C(CC(C)C)C=NC=2N(C)C1=O,0.005750313401222229
C1(N(C)C)=NC2=C(C(C3=CC=C(C=C3)S(C)(=O)=O)CC(=O)NC2)S1,0.005510668875649572
N1(C)C(=O)C2C(SCC(=O)NC3=CC=C4C(OCO4)=C3)=C(CC(C)C)C=NC=2N(C)C1=O,0.005324890371412039
N1(CC(O)C2C=CC=CC=2)C=NC(C2C=CC=CC=2)=C1C1=CC=CC(O)=C1,0.002688011049758643
N1(C)C(=O)C2C(SCC(=O)NC3=CC=CC=C3C(F)(F)F)=C(CC(C)C)C=NC=2N(C)C1=O,0.00426858781138435
C1(=NC=CN1CC1=NOC(C2=CC=CC=C2)=N1)C1C=CC=C2C=1C=CC=N2,0.006512401020154357
N1(CCCCC1)C(C)C1C=CC(=CC=1)C1=NC=CN=C1C#N,0.00824781903065741
C1(=COC(COC2C=CC3=C(C=2)N=C(S3)C)=N1)C(=O)N[C@H](C)CO,0.0022678156150504948
N1(C)C(=O)C2C(SCC(=O)NC3=CC=CC(=C3)C(F)(F)F)=C(CC(C)C)C=NC=2N(C)C1=O,0.0041818164056167005
C1(C2=CC=CN=C2)N=C(C)C=C(NCCN2CCNC2=O)N=1,0.003268621163442731
N1(C)C(=O)C2C(SCC(=O)NC3=CC=C(C=C3)C(F)(F)F)=C(CC(C)C)C=NC=2N(C)C1=O,0.004172624694183469
N1(C)C(=O)C2C(SCC(=O)NC3C=CC(=CC=3)OC(F)(F)F)=C(CC(C)C)C=NC=2N(C)C1=O,0.0038024208741262557
CN(S(C1=CC=C(Br)C=C1)(=O)=O)CC(NC1=C(C)C=CC(Cl)=C1)=O,0.005766789161134512
N1(C)C(=O)C2C(SCC(=O)NC3C=CC=C(C=3)N(=O)=O)=C(CC(C)C)C=NC=2N(C)C1=O,0.0033678416395559905
N1(CC2C=CN=CC=2C)CC(CC1=O)C(O)=O,0.006730397418141365
N1(C)C(=O)C2C(SCC(=O)NC3C=CC(=CC=3)N(=O)=O)=C(CC(C)C)C=NC=2N(C)C1=O,0.003437175287399441
C12CC(CCC=1N(N=C2C(O)=O)CC)N(C)CC1OC(=NN=1)CC,0.007598527590744197
N1(C)C(=O)C2C(SCC(=O)NC3=CC=CC=C3C(OCC)=O)=C(CC(C)C)C=NC=2N(C)C1=O,0.006316094379872084
N1C=CN(CC2(O)CCN(CC2)CC2C=CC(=C(OC)C=2)OC(C)CC)C=1,0.010035612899810076
N1(C)C(=O)C2C(SCC(=O)NC3C=CC(=CC=3)C(OCC)=O)=C(CC(C)C)C=NC=2N(C)C1=O,0.006005014362744987
C12NC(=O)CC(C=1C(=NN2C1=CC=CC=N1)C)C1=CC=NN1C1=CC=CC=C1,0.006864432874135673
C1(=O)OC2(CN1C)CCN(CC2)C(=O)C1=CC=CC(=C1)CN1C=CC=N1,0.006564883631654084
Cl.ClCC(N1CCN(C(C2=CC=CC=C2)C2=CC=CC=C2)CC1)=O,0.008060548338107765
N1C2=CC=CC=C2SC=1CCC(=O)N[C@@H](C)C1=C(C=CC=N1)C,0.006608131970278919
N(CC)(CC1C=CN=CC=1)C(C1=CC=C(C=C1)OC(C)C)C(O)=O,0.009453678852878511
C1(=CC(Cl)=CC(Cl)=C1OC)C(=O)N1CC2=C(C=NC(CC)=N2)C1,0.00792336652521044
C1(=NC=CC=C1C(N)=O)N1CCC(CC1)(CO)CC1=CC=CC=C1C(F)(F)F,0.002080360479885712
N1C(N(C)C)=NC2=C(CCN(C(=O)CN3CCC(CC3)O)C2)C=1N(C)C,0.0035304607008583844
N1(C)C(=O)C2C(SCC(=O)NC3=CC=C(C=C3)C(C)=O)=C(CC(C)C)C=NC=2N(C)C1=O,0.0071641721995547416
C1(C(=O)N2CCOCC2)N=C2N(C=CC=C2C)C=1CN1CCOCCC1,0.007049544109031558
N1(C)C(=O)C2C(SCC(=O)NC3=CC=C(C=C3)NC(C)=O)=C(CC(C)C)C=NC=2N(C)C1=O,0.005059520853683353
C1(C(=O)NCC2=CC(C)=CC3C(=C(CC)NC2=3)C)=CC(=NN1)C,0.005913075362332165
N1(C)C(=O)C2C(SCC(=O)NC3CCCC3)=C(CC(C)C)C=NC=2N(C)C1=O,0.006589710502885282
CC(NC1=CC=C(C2OC(=O)C(=CC3=CC=C(OCC4=CC=CC=C4)C=C3)N=2)C=C1)=O,0.005480418703518808
N1(C)C(=O)C2C(SCC(=O)NCC(OCC)=O)=C(CC(C)C)C=NC=2N(C)C1=O,0.006366262026131153
N1C(CC(C)C)=NOC=1C(C)NC1CCN(CC1)C1C=CC2=C(OCO2)C=1,0.010124015808105468
C1(N=C(C)C=CC=1C(N)=O)N1CCCC(CCCC2=CC=CC=C2)(CO)C1,0.003963583218865097
N1(C)C(=O)C2C(SCC(=O)NCC3=CC=CC=C3)=C(CC(C)C)C=NC=2N(C)C1=O,0.005161353503353894
C1(=CC=CC=C1OC1=CC=C(C(C)=C1)OC)CN1CCN(CC1)C,0.013033626368269324
N1(C)C(=O)C2C(SCC(=O)NCC3=CC=C(C=C3)F)=C(CC(C)C)C=NC=2N(C)C1=O,0.005131235765293241
C1(NN=C(C(C)C)C=1)C(=O)N(C(CC)CO)CC1=CC=CS1,0.0026963208336383106
N1(C)C(=O)C2C(SCC(=O)NCC3C=CC4=C(OCO4)C=3)=C(CC(C)C)C=NC=2N(C)C1=O,0.005548107135109603
C1(CC(N(CC2=CC=C(C=C2)C)C1)=O)C(=O)N1CCC(CC1)CCC(O)=O,0.00968769178725779
N1(C)C(=O)C2C(SCC(=O)NCC3=CC=CO3)=C(CC(C)C)C=NC=2N(C)C1=O,0.006143621937371791
C1(C2C=CC=CC=2C)=NOC(CCC(=O)NCC2=CN=CN2CC)=N1,0.005246569321025163
C1(CN(CCN1C)CC1=CC=C(C(O)=C1)OC)C(O)=O,0.0038139931624755264
N1(C)C(=O)C2C(SCC(=O)NCC3CCCO3)=C(CC(C)C)C=NC=2N(C)C1=O,0.005496660270728171
C12N=CNC=1CCN(CCC1C=CC=CC=1)C2C1=CNC=N1,0.005239865300245583
N1(C)C(=O)C2C(SCC(NCCC3C=CC=CC=3)=O)=C(CC(C)C)C=NC=2N(C)C1=O,0.005290362588129938
C1(C=CC(=C(Cl)C=1Cl)C)C1=NC=CN1CCCO,0.002523899299558252
N1(C)C(=O)C2C(SCC(=O)NC3SC4=C(C=CC(C)=C4)N=3)=C(CC(C)C)C=NC=2N(C)C1=O,0.005134289304260164
C(=O)(C1CC1)N1CCC(CC1)N1CCCC(C(NCCN2C=CC=N2)=O)C1,0.00929125864058733
N1(C)C(=O)C2C(SCC(=O)NC3SC=CN=3)=C(CC(C)C)C=NC=2N(C)C1=O,0.005106328532565385
C1(C=NC=C(N=1)C1=CC=CN=C1OCC)C(=O)N1CCOCC1,0.005775089072994888
N1(C)C(=O)C2C(SCC(=O)NC3SC=C(C)N=3)=C(CC(C)C)C=NC=2N(C)C1=O,0.005165209574624896
C(=O)(N(CCOC)CC1C=NN(C)C=1)C1C=CC=CC=1C(C)=O,0.015256423316895962
N1(C)C(=O)C2C(SCC(=O)NC3=NN=C(C)S3)=C(CC(C)C)C=NC=2N(C)C1=O,0.005083570606075227
N1(C)C(=O)C2C(SCC(=O)NC3=NN=C(SCC)S3)=C(CC(C)C)C=NC=2N(C)C1=O,0.005836372869089246
N1(CCNC(=O)C1C1=CC=C(C=C1)F)CC1C=CC=C(N=1)C(OC)=O,0.003689743729773909
N1(C)C(=O)C2C(SCC(=O)NC3C=C(ON=3)C)=C(CC(C)C)C=NC=2N(C)C1=O,0.005492133158259094
N1(CCCN(C(=O)CCC(=O)N(C)C)CC1C(C)C)CC1C=CC(=CC=1)F,0.01062789005227387
N1(C[C@@H]2[C@H](C1)N(C(=O)O2)CCCN1CCOCC1)C(=O)C1=CC2=C(C=CC=C2)O1,0.0066016183467581865
N1(C)C(=O)C2C(SCC(=O)NC3C=CC(=CC=3)C(N)=O)=C(CC(C)C)C=NC=2N(C)C1=O,0.004725583153776825
N1(C2C=CC=CN=2)C(CCN2C3=CC=CC=C3N=N2)=NC(C2CC2)=N1,0.009345671255141496
N1(C)C(=O)C2C(SCCN3CCOCC3)=C(CC(C)C)C=NC=2N(C)C1=O,0.00645579353440553
N1C2N=CC=CC=2OC=1C1C=CC(=C(C=1)NC(=O)[C@@H]1C[C@H](CN1)O)OC,0.0016909754718653857
N1(C)C(=O)C2C(SCCN3CCCCC3)=C(CC(C)C)C=NC=2N(C)C1=O,0.006901564472354948
S(=O)(=O)(NCC1=CC=CC=C1)NC(C)C1ON=C(CCOC)N=1,0.006270622974261642
N1OC(=CC=1CN(C)C(=O)C1=CC=C(C=C1)NCC1SC=CC=1C)C(C)C,0.008009400917217135
N1(C)C(=O)C2C(SCCN3CCCC3)=C(CC(C)C)C=NC=2N(C)C1=O,0.007430217205546796
N1(CCC(O)=O)C(=O)NN=C1C1=CC=C(Cl)S1,0.0028365871170535684
N1(C)C(=O)C2C(SCC3=CC=CC=C3)=C(CC(C)C)C=NC=2N(C)C1=O,0.00696067619137466
N1(C[C@@H](C[C@H]1C(=O)NC(C)C)N)CC1=CC=NN1C1=CC=CC=C1,0.00663012070581317
N1(C)C(=O)C2C(SCC3=CC=CC(F)=C3)=C(CC(C)C)C=NC=2N(C)C1=O,0.005731182172894478
C(=O)(N1CCCC1)C1CCCN(C2CCN(CC2)C(=O)C2C=CC(=CN=2)O)C1,0.008071933290921152
N1(C[C@@H](C[C@H]1C(NC)=O)N)C(=O)C1C=CC=C(C=1)NC(C1CCCC1)=O,0.009281695261597634
N1(C)C(=O)C2C(SCC3=CC=C(C=C3)F)=C(CC(C)C)C=NC=2N(C)C1=O,0.0062635446898639206
N1(CC2=CC=CC(F)=C2)C(=O)NN=C1CN1CCN(CC1)C1C=CC=C(C)C=1C,0.0034390465705655517
FC1=CC=C(NC(CC2C(=O)NC(=O)N2)=O)C=C1,0.0012296995759243146
N1(C)C(=O)C2C(SCC3C=CC=CC=3C)=C(CC(C)C)C=NC=2N(C)C1=O,0.007543978281319141
N1(C)C(=O)C2C(SCC3C=CC(=CC=3)N(=O)=O)=C(CC(C)C)C=NC=2N(C)C1=O,0.004669380490668118
C1(C2CCCN2CC2=CN(N=C2C)CCO)NC2C(=C(C)C=CC=2)N=1,0.0027196669019758702
N1(C)C(=O)C2C(SCC3C=CC=C(C)C=3)=C(CC(C)C)C=NC=2N(C)C1=O,0.007484951801598072
C1(=NC=CC=C1CNC(=O)C1=CN=C(N=C1)OC)N1CCCN(C)CC1,0.005921712308190763
N1(C)C(=O)C2C(SCC3C=C(C)C=CC=3C)=C(CC(C)C)C=NC=2N(C)C1=O,0.008149109594523907
C1(NC(C)CC)C2CCN(CC=2N=C(C2=CC=CC=N2)N=1)C(C)=O,0.006764991278760135
N1(C)C(=O)C2C(SCC3C=CC(=CC=3)C)=C(CC(C)C)C=NC=2N(C)C1=O,0.007707645860500633
C12N=CC(=CN1N=CN=2)CC(=O)N(C(CC)CC)CCC1C=CC=CC=1,0.008805499318987131
CC1=CC=C(C2N(CC3=CC=CC=C3)C3=C(C=CC=C3)N=2)C=C1,0.008799075009301304
C(=O)(N1CCC(CC1)(C(N)=O)N1CCCCC1)C1=CC=CC=C1NCC(O)=O,0.006495863455347717
FC1=C(NC(C2CN(S(C3=CC=C(Br)C=C3)(=O)=O)CCC2)=O)C(F)=CC=C1,0.005589554295875132
C1(=CC=C2C3C(=CC=CC1=3)CC2)C(=O)C1CCCN(CC(=O)NC2CC2)C1,0.012233831500634552
N1(C)C(=O)C2C(SCC3C=CC=C(C=3)C(F)(F)F)=C(CC(C)C)C=NC=2N(C)C1=O,0.005242089624516666
N1(C=NN=C1)C1=CC=CC=C1CC(=O)N(C)C,0.00723928480874747
N1(C)C(=O)C2C(SCC3=CC=C(C(OC)=O)O3)=C(CC(C)C)C=NC=2N(C)C1=O,0.007915511704050004
S(=O)(=O)(N1CCCCCC1)C1=CC(Br)=CC(C(O)=O)=C1,0.006436392269097269
N1(C)C(=O)C2C(SCC3=CC=CC4=CC=CC=C34)=C(CC(C)C)C=NC=2N(C)C1=O,0.007315367762930691
C1(N(C)C2=C(C=CC=C2)N=1)C1C=C2N(CCN(C3CCN(CC3)CCC)C2)N=1,0.010498988488689066
N1(C)C(=O)C2C(SCC3=CC=CN=C3)=C(CC(C)C)C=NC=2N(C)C1=O,0.006727139675058424
N1C(=CC(=NC=1N1CCOCC1)CC)N1CCN(CC1)C(=O)C1CCCO1,0.00839080144651234
N1(C)C(=O)C2C(SCC3=CC=CC(=C3)N(=O)=O)=C(CC(C)C)C=NC=2N(C)C1=O,0.004317116388119757
N1(CCOC(CC)(CC)C1)C(=O)C1CCN(CCOC)C1,0.015167695842683316
N1(C)C(=O)C2C(SCC3C=CC=CN=3)=C(CC(C)C)C=NC=2N(C)C1=O,0.006826257635839284
C1(C(OC)=O)C=C2N(CCCN(C2)C2=CC=NC(SC)=N2)N=1,0.008685105573385954
N1(C)C(=O)C2C(SCC(OCC)=O)=C(CC(C)C)C=NC=2N(C)C1=O,0.008417772455140948
C12=CC(=CC(O)=C1OCCN(C1CCCC1)C2)C1=CC=C(C)S1,0.007412254111841321
N1(C)C(=O)C2C(=C(CC(C)C)C=NC=2N(C)C1=O)SC(CC)C(OC)=O,0.008978075115010142
N12CCN(CCC1=NN=C2CCC1C=CC=CC=1)C(=O)[C@@H](N)[C@@H](C)OC,0.008407690562307835
N1(C)C(=O)C2C(SCC(OCC3C=CC=CC=3)=O)=C(CC(C)C)C=NC=2N(C)C1=O,0.008117422927170992
N1(CCCC1=O)C(C)C(=O)N(CC)CC1C=CC(=CC=1)F,0.007760501094162464
N1(C)C(=O)C2C(SCC(C3=CC=CC=C3)=O)=C(CC(C)C)C=NC=2N(C)C1=O,0.009678291529417038
C1(=NC=CC=C1CNC(=O)C1CNC(=O)C1)N(C)CC1C=CC=CC=1,0.0051836570957675574
N1(C)C(=O)C2C(SCC(=O)C3C=CC(=CC=3)OC)=C(CC(C)C)C=NC=2N(C)C1=O,0.009952930873259902
C1(CCCN(CC2C=CC=C(OC)C=2OC)C1=O)(O)CN1CCNC(=O)CC1,0.007383020198903978
CC1=C(C(N)=O)C=C(S(NC2=CC3=C(OCO3)C=C2)(=O)=O)C=C1,0.004259988770354539
S(=O)(=O)(NC(C)C)C1C=C(C=C(C=1)N1C=CN=N1)C(O)=O,0.0024897180555853993
N1(C)C(=O)C2C(SCC(C)=O)=C(CC(C)C)C=NC=2N(C)C1=O,0.009431882807984949
C1(C(=O)N(CCCC)CC2=CC=CO2)=C(C)N=C2N=CC=CN21,0.0065095394384115934
CC1=C(C(N)=O)C=C(S(NCC2=CC3=C(OCO3)C=C2)(=O)=O)C=C1,0.005174230993725359
C1(C=NN2C=C(CN(CC)CC)C=NC=12)C(=O)N(C)CC1C=CNN=1,0.005875388719141483
N1(C)C(=O)C2C(SCC(NC)=O)=C(CC(C)C)C=NC=2N(C)C1=O,0.004722359939478338
N1(C=NN=C1)C1=CC=CC(=C1)C1=CC2=CC=CC=C2N=C1OC,0.00739139684010297
N1(C)C(=O)C2C(SCC(NCCC)=O)=C(CC(C)C)C=NC=2N(C)C1=O,0.005232161795720458
C1(C2=CC=CC=C2SC=1)C1=CC(O)=C2C(CN(CCO2)C(=O)CN(C)C)=C1,0.004947961028665304
C(=O)(C1=CC=CN=C1O)N1CCOC(CCCC2C=CC=CC=2)C1,0.007171227969229222
N1(C)C(=O)C2C(SCC(=O)NC(C)C)=C(CC(C)C)C=NC=2N(C)C1=O,0.0053708523511886595
C1(C2C=CC=NC=2)=NC=CN1CC1=CC=C(C=C1)N1C=NC=N1,0.005607235338538885
OC(C1=CC(CCl)=CC=C1)=O,0.0058748905779793855
[C@@]12(C(O)=O)CN(C[C@@H]1CN(C(=O)C1CC1)C2)C(=O)C1=CC=C(OC)O1,0.009250053321011364
N1(C)C(=O)C2C(SCC(=O)NC(C)(C)C)=C(CC(C)C)C=NC=2N(C)C1=O,0.005515734199434519
C12=NC=NN1C(=CC(C(=O)N(CC1CCCO1)CC1C=CSC=1)=N2)C(C)C,0.008415262494236232
ClC1=CC(Cl)=C(C=CC2C(=O)NC3=C(C=CC=C3)N=2)C=C1,0.004357045202050358
C1(=CSC(CCC)=N1)C(=O)N1C[C@H]2[C@H]([C@H]3O[C@@H]2CC3)C1,0.006615427163654886
N1(C)C(=O)C2C(SCC(NCCOC)=O)=C(CC(C)C)C=NC=2N(C)C1=O,0.004779650224372744
C(=O)(C1C=CC=C(C=1)OCC(C)=C)NC(CCSC)C(O)=O,0.006145187700167298
CC1=CC=C(C2CC(C3=C(O)C=CC=C3)N(C(C3=CC=CC=C3)=O)N=2)C=C1,0.0062563289422541855
N1(C)C(=O)C2C(SCC(=O)N(C)C3C=CC=CC=3)=C(CC(C)C)C=NC=2N(C)C1=O,0.0058543197577819225
N1(C)C(=O)C2C(SCC(=O)N3CC(C)OC(C)C3)=C(CC(C)C)C=NC=2N(C)C1=O,0.0061735816998407245
N1(C2C=CC=CC=2)CCC2=C1C=NC(=N2)N1CCN(CC1)CCCCOC,0.009018102707341314
N1(C)C(=O)C2C(SCC(=O)N(C(C)C)C(C)C)=C(CC(C)C)C=NC=2N(C)C1=O,0.007860654825344681
C1(=O)N(CCOC)CCCC1(CNCC1C=CSC=1)O,0.00811128756031394
N1(C(C)CNC(=O)CC1)C1CCN(CC1)CC1=CC=CO1,0.008170932531356812
C1(=CC(Cl)=CC(OC)=C1OC)CN1CC[C@@]([C@@H](CC)C1)(C)O,0.011711664451286196
C1(=CSN=N1)C(=O)NC1C(Cl)=CC=C(C=1)C(=O)N(CC)CC,0.006129582738503813
N1(C)C(=O)C2C(SCC(NCC=C)=O)=C(CC(C)C)C=NC=2N(C)C1=O,0.005551273608580232
Cl.C=CCN1C2=C(C=CC=C2)N=C1CSC1=CC=CC=C1,0.007596782129257918
C1(=COC(COC2C=CC3=C(C=2)N=C(S3)C)=N1)C(=O)N(C)CCNC,0.004608779132831841
N1(C)C(=O)C2C(SCC3=CC(OC)=CC(OC)=C3)=C(CC(C)C)C=NC=2N(C)C1=O,0.007233884767629206
C1(C2=CC=CC=C2C(F)(F)F)=CN(N=N1)CCCC1=CC=CN=C1,0.004726971255149692
N1(C)C(=O)C2C(SCC3C=CC(=CC=3)C(OC)=O)=C(CC(C)C)C=NC=2N(C)C1=O,0.007474862947128713
C1(=CC(=CC=C1Cl)NC(C)=O)C(=O)N(CCOC)CC1CC1,0.00796213406138122
N1(C)C(=O)C2C(SCC(=O)NC3C=CC=C(Cl)C=3)=C(CC(C)C)C=NC=2N(C)C1=O,0.004336723336018622
C1(C(NCCC2CCCN2C)=O)C=C(ON=1)COC1C=CC=CC=1OC,0.009508743323385716
N1(C)C(=O)C2C(SCC(=O)NC3C=CC(=CC=3)Cl)=C(CC(C)C)C=NC=2N(C)C1=O,0.00438676216872409
N1(CC)C(=O)NN=C1C1CCN(CC1)C(=O)C1=CC(C)=C2C(SC(=N2)N)=C1,0.002469832560745999
C12CN(CCC=1N(N=C2C(O)=O)CC1C=CC=C(OC)C=1)C(C(C)CC)=O,0.0076351281953975555
N1(C)C(=O)C2C(SCC(=O)NC3C=CC(=CC=3)Br)=C(CC(C)C)C=NC=2N(C)C1=O,0.005004432168789208
C1(C=CC2N(C=CN=2)C=1)C(=O)N(C)CCCOC1=C(C)C=CC=C1C,0.006720710336230696
CN(C1=CC=C(O)C=C1)C1SC(=CC2=CC=C(C3=CC=CC=C3)C=C2)C(=O)N=1,0.004325553798116744
C(=O)(N1CCCC1)C1CCCN(C2CCN(CC2)CC2=CC=CS2)C1,0.012900087097659708
N1(C)C(=O)C2C(SCC(=O)NC3C=CC(=C(Cl)C=3)C)=C(CC(C)C)C=NC=2N(C)C1=O,0.0042981221457012
N12C(C3CCCC3)=NN=C1SC(C1CCN(CC1)C(C(C)C)=O)=N2,0.011531634628772736
N1(C)C(=O)C2C(SCC(=O)NC3=C(OC)C=CC(Cl)=C3)=C(CC(C)C)C=NC=2N(C)C1=O,0.004691827669739723
N1(C)C(=O)C2C(SCC(=O)NCC3C=CC=CC=3Cl)=C(CC(C)C)C=NC=2N(C)C1=O,0.004584428493399173
C1(CC2=C(C)N=C(N)S2)N(C2=CC=CC=C2)N=C(C2CC2)N=1,0.006553376093506813
N1(C)C(=O)C2C(SCC(=O)C3C=CC(=CC=3)Cl)=C(CC(C)C)C=NC=2N(C)C1=O,0.008772712154313921
C12CN(CCOC1=C(C=C(C=2)C1=CC=C(C)S1)O)CC(NCC=C)=O,0.0041432524099946026
C12CN(CCC=1N=C(C(C#N)=C2C1C=CC(=CC=1)O)N)C(=O)C1CCCO1,0.002413270459510386
C12CCN(CC=1N=C(C1=CC=CC=N1)NC2=O)C(=O)C1(CCC1)COC,0.005684693879447878
N1(C)C(=O)C2C(SCC)=C(COC)C=NC=2N(C)C1=O,0.005312190600670874
C1(C2=CC=CC(OC)=C2OCCN(C)C)N(C)C2=C(C=CC=C2)N=1,0.010876901727169753
C1(=COC(COC2C=CC=C3C=CC=NC=23)=N1)C(=O)N1CCCC(C(N)=O)C1,0.004494509717915207
N1(C)C(=O)C2C(SCCC)=C(COC)C=NC=2N(C)C1=O,0.006189439026638865
C1(C(NCCC)=O)C=C(NN=1)COC1C=CC=CC=1OC,0.005368283856660128
C1(C=NNC=1C1CCN(CC1)C(=O)C(C)(C)OC)C1C=CC=C(OC)C=1,0.006026250123977661
C1(=CC=NN1C(C)C(C)C)NC(=O)C1C=CC=C(C=1)C#N,0.006000299600418657
N1(C)C(=O)C2C(SCCCC)=C(COC)C=NC=2N(C)C1=O,0.006141780922189355
C(=O)(C1C=NC(=NC=1)NCC)N1CCCN(C2=CC=CC=C2C)CC1,0.006910996767692268
C1(C(OC)=CC=C(OC)C=1)NC(=O)CCN[C@@H]1C[C@@H]2C[C@H]1CC2,0.009157583222258837
C(=O)(C1=CC=CC(=C1)C#N)N[C@H]1CN[C@@H](C1)C(=O)NCC1(CCCCC1)O,0.00756000354886055
C1(=NN=CS1)NC(=O)C1=CC=CC(=C1)CN1CCCCC1C1SC=CN=1,0.005313893314450979
N1(C)C(=O)C2C(SCC#C)=C(COC)C=NC=2N(C)C1=O,0.004553441924508661
N1(C[C@@H]2[C@@H]([C@@H]3CC[C@H]2CC3)C1)C1=NC=CC(=C1)C(=O)NC(C)C,0.008643001870314037
N1(C)C(=O)C2C(=C(COC)C=NC=2N(C)C1=O)SCC(=O)N1CCCC1,0.005572736170142889
N1=NC(=CN1[C@H]1CN[C@H](C(NC)=O)C1)CN(C)C(=O)NC1C=CC(=CC=1)F,0.0030618102289736273
C1(C2=CC=CC(C)=C2)=NC=C(C=N1)CNCC(O)C1C=CC=CC=1Cl,0.0037862333003431557
N1(CCC(NCCSC2=CN=NN2)=O)C2C=CC=CC=2C=C1C,0.0034361925325356426
C(=O)(C1=CC=CO1)C(=O)N[C@H]1CCC[C@H]1CC1C=CC(=CC=1)F,0.013393898867070675
N1(C)C(=O)C2C(=C(COC)C=NC=2N(C)C1=O)SCC(=O)N1CCCCCC1,0.006315025268122554
C1(=NC=CN1C(CC)C1C=CN=CC=1)C1=CC=C(C=C1OC)OC,0.0090549704618752
N1(C)C(=O)C2C(=C(COC)C=NC=2N(C)C1=O)SCC(=O)N1CCOCC1,0.005538562848232687
ClC1=CC(CN2C=NC=C2)=CC=C1,0.006928167212754488
C(=O)(C1C=CC(=CC=1)C)NC1C=CC=C(C=1)NC(CCCC=C)=O,0.006408662116155028
N1(C)C(=O)C2C(=C(COC)C=NC=2N(C)C1=O)SCC(=O)N1CCC(CC1)C,0.00525568809825927
N(C)(C(C)C1=CC=CS1)C(=O)COC1C=CC(=CC=1)F,0.007958153868094087
N1(C)C(=O)C2C(=C(COC)C=NC=2N(C)C1=O)SCC(=O)N1CCC2C=CC=CC1=2,0.005797302071005106
N1C(N)=NC(=CC=1N1CCC(O)(C2C=CC=CC=2C)C1)NC1CC1,0.005822836491279304
N1(C[C@@H]([C@@H](N2CCCC2)C1)O)C1N=CC2=C(CCN2C2=CC=CC=C2)N=1,0.003567096870392561
C1(=CC(N2CCC(CC2)C2=CC(=NN2)CC(O)=O)=NC(C)=N1)N1C=CC=N1,0.0038637369289062917
N1(C)C(=O)C2C(SCC(=O)NC3C=CC=CC=3)=C(COC)C=NC=2N(C)C1=O,0.004503092856612057
N1(C2=CC=CC=C2)C(=O)N(N=C1C1CCCN(C(=O)C2C=CC(NC=2)=O)C1)C,0.0030670220265164973
C1(C(=O)N2CC3=C(C=NC(CC)=N3)C2)C2=CC(C)=CC=C2N(C)N=1,0.009310310706496239
N1(C)C(=O)C2C(SCC(=O)NC3C=CC=C4C=CC=CC=34)=C(COC)C=NC=2N(C)C1=O,0.004618963738903403
C1(CCN2C=CN=C2C2=CC=C(C=C2)C2C=CC=CN=2)C(C)=NNC=1C,0.004911008756607771
COC1=C(N(=O)=O)C=C(C2OC(=O)C(=CC3=C(Cl)N(C4=CC=CC=C4)N=C3C)N=2)C=C1,0.005277420813217759
N1(C)C(=O)C2C(SCC(=O)NC3=CC=CC=C3C)=C(COC)C=NC=2N(C)C1=O,0.00470486240228638
N1N(C)C2C(=C(C=CC=2)Cl)C=1CNCC1(CCCN(CC2CC2)C1=O)O,0.007503529032692313
C(=O)(C1=CC=CC=C1C1NN=NN=1)N1CCCC2(CCCN(CC)C2)C1,0.0044356330530717965
N1(C)C(=O)C2C(SCC(=O)NC3=CC=CC(C)=C3)=C(COC)C=NC=2N(C)C1=O,0.004482325993012637
C(=O)(N[C@H](C)C(N)=O)C(C)(C)NC(=O)C1=CC=CS1,0.00586255535017699
N1(C)C(=O)C2C(SCC(=O)NC3=CC=C(C=C3)C)=C(COC)C=NC=2N(C)C1=O,0.004591505427379161
C1(N2CCC(CC2)CN2C=C(N=N2)C2CC2)=C2C=NNC2=NC(N)=N1,0.003988542908336968
N1(C)C(=O)C2C(SCC(=O)NC3=CC=CC(C)=C3C)=C(COC)C=NC=2N(C)C1=O,0.004854514519684017
N1=C(CN(C)C(=O)CCC2C3=CC=CC=C3NC=2)ON=C1C1=CC=CC=N1,0.005142018268816173
N1(C)C(=O)C2C(SCC(=O)NC3=CC=C(C=C3C)C)=C(COC)C=NC=2N(C)C1=O,0.004871769726742059
S(=O)(=O)(NCC1=CC=CC=C1)NC(C)CCC1=CC=CO1,0.007634890847839415
N1(C)C(=O)C2C(SCC(=O)NC3=CC(C)=CC(C)=C3)=C(COC)C=NC=2N(C)C1=O,0.00490812623174861
C1(=CC(=O)NC2C=CC(C)=CC1=2)C(=O)N(CC1C=CSC=1)C1CC1,0.005290695605799556
N1(C)C(=O)C2C(SCC(=O)NC3C(C)=CC(=CC=3C)C)=C(COC)C=NC=2N(C)C1=O,0.005239521421026438
C1(=CC=CC2=NON=C12)C1=NC=CN1C1C=CC2=C(NN=C2)C=1,0.003140356339281425
OCC1=C2C(C=CC=C2)=C(Cl)C2=C1C=CC=C2,0.005577046575490385
N1(C)C(=O)C2C(SCC(=O)NC3=CC=C(C=C3)CC)=C(COC)C=NC=2N(C)C1=O,0.005003869300708175
C1(C(=O)NCC2=CC=CC=N2)C=C2N(CCN(C(=O)C(C)(C)N)C2)N=1,0.010047482559457421
N1(C)C(=O)C2C(SCC(=O)NC3=CC=CC=C3F)=C(COC)C=NC=2N(C)C1=O,0.004528294526971876
COC(C1=C(C(OC)=O)C=CC=C1)=O,0.012848395062610507
N1(C)C(=O)C2C(SCC(=O)NC3C=CC(=CC=3)F)=C(COC)C=NC=2N(C)C1=O,0.004532311914954334
C1(CN(C(CC)CO)CC2=CC=CC=C2C)=C(C)N=C(CC)N1,0.003381969186011702
N1(C)C(=O)C2C(SCC(=O)NC3=CC=C(C=C3F)F)=C(COC)C=NC=2N(C)C1=O,0.004183619504328817
N1(C=NN=C1CC1SC=C(C)N=1)C1C(OC)=CC=C(OC)C=1,0.008909983187913894
N1(C)C(=O)C2C(SCC(=O)NC3C=CC=CC=3OC)=C(COC)C=NC=2N(C)C1=O,0.004742370010353625
N1(C)C(=O)C2C(SCC(=O)NC3=CC=C(C=C3)OC)=C(COC)C=NC=2N(C)C1=O,0.004875727742910385
N1(C2=CC=C(C=N2)Cl)C=C(N=C1)C[C@H](NC(C)=O)C(O)=O,0.0024138319422490895
N1(C)C(=O)C2C(SCC(=O)NC3C=CC=CC=3OCC)=C(COC)C=NC=2N(C)C1=O,0.004711290472187102
C(=O)(NCC1=CC=CC(C)=C1)NCC1CCN(CC2=CC=CC=N2)C1,0.004896104789804667
N1(C)C(=O)C2C(SCC(=O)NC3=CC=C(C=C3)OCC)=C(COC)C=NC=2N(C)C1=O,0.004658087575808168
N1(C)C(=O)C2C(SCC(=O)NC3=CC=C(C=C3OC)OC)=C(COC)C=NC=2N(C)C1=O,0.005123400548473001
S1C(N)=NN=C1SCC(=O)N(C)CC1NN=C(C(C)(C)C)C=1,0.003766097768675536
N1(C)C(=O)C2C(SCC(=O)NC3=C(OC)C=CC(OC)=C3)=C(COC)C=NC=2N(C)C1=O,0.005148551217280329
N1NC2=C(C=C(C=C2)C(=O)N2CCC(CC2)N2CCCC(C2)C(=O)NC2CC2)N=1,0.004489764780737459
N1(C)C(=O)C2C(SCC(=O)NC3C=CC(=C(OC)C=3)OC)=C(COC)C=NC=2N(C)C1=O,0.005522259813733399
N1(CC[C@@]([C@@H](CC)C1)(C)O)CC1C=CC(=NC=1)Cl,0.007590733421966434
N1(C)C(=O)C2C(SCC(=O)NC3=CC=CC=C3C(F)(F)F)=C(COC)C=NC=2N(C)C1=O,0.00422029395122081
C1(C=NN2C=C(CN(CC)CC)C=NC=12)C(=O)N1CCC(CC1)CC(N)=O,0.006612426368519664
N1(C)C(=O)C2C(SCC(=O)NC3=CC=CC(=C3)C(F)(F)F)=C(COC)C=NC=2N(C)C1=O,0.004194902197923511
N1OC(=CC=1C1C=CC=C(OC)C=1)CNC(=O)C(C)(C)NC(=O)C1=CC=CS1,0.0065471296664327385
N1(C)C(=O)C2C(SCC(=O)NC3=CC=C(C=C3)C(F)(F)F)=C(COC)C=NC=2N(C)C1=O,0.004095262836199254
C1(ON=C2C=CC=CC=12)C(=O)N(CC)CC1=NOC(C2CC2)=N1,0.009318353841081262
N1(C)C(=O)C2C(SCC(=O)NC3C=CC(=CC=3)OC(F)(F)F)=C(COC)C=NC=2N(C)C1=O,0.003919605026021599
C1(CC2=CC=CC=C2)(CC(=O)NCC2=NNC=N2)C2=CC=CC=C2N(C)C1=O,0.005011831957381219
N1(C)C(=O)C2C(SCC(=O)NC3=CC=CC=C3C(OCC)=O)=C(COC)C=NC=2N(C)C1=O,0.005864010425284505
N1(CC(CC1=O)CNC(=O)C1=CC=CC(=C1)CN1C=CC=N1)C1CC1,0.007841118262149394
N1(C)C(=O)C2C(SCC(=O)NC3C=CC(=CC=3)C(OCC)=O)=C(COC)C=NC=2N(C)C1=O,0.0057402160484343765
N1(C[C@@H]2C[C@@H](C[C@H](CC3=CC=CC=C3)O2)NC(C)=O)C2=CC=CC=C2OC1=O,0.005404593655839562
C1(=O)C2C=CC=CC=2C=NN1CCNC(=O)C1=CC=C(C2CCCO2)S1,0.005842110537923872
N1(C)C(=O)C2C(SCC(=O)NC3C=CC(=CC=3)C(OC)=O)=C(COC)C=NC=2N(C)C1=O,0.00569877999369055
C1(CN(C)CC2=CC=CN2C2=CC=C(C=N2)Cl)C(C)=NOC=1C,0.009553372208029032
C1(CN(C)C(=O)C2C=CC=C(C=2)C#CC(C)(C)O)C=NN(C)C=1C,0.011540803266689182
N1(CCOC)CC(CC1=O)CNC1C=C(C)C2C(=CC(=CC=2)SC)N=1,0.005560828349553048
N1(C)C(=O)C2C(SCC(=O)NC3=CC=C(C=C3)C(C)=O)=C(COC)C=NC=2N(C)C1=O,0.007045299652963877
C1(N=CC=C2C=CC=CC=12)N1CCN(CC1)CC1=CN=C(N=C1)COC,0.0076595432823523876
N1(C)C(=O)C2C(SCC(=O)NC3C=CC=C(C=3)NC(C)=O)=C(COC)C=NC=2N(C)C1=O,0.0048339251894503835
N1(C)C(=O)C2C(SCC(=O)NC3=CC=C(C=C3)NC(C)=O)=C(COC)C=NC=2N(C)C1=O,0.004859265079721809
C1(C=C2N(CCN(C3C=CN=C(N)N=3)C2)N=1)C1NC2=C(C(C)=C(C=C2)C)N=1,0.0033998519415035845
N1(C)C(=O)C2C(SCC(=O)NC3CCCC3)=C(COC)C=NC=2N(C)C1=O,0.006001209025271237
C1(=CSC(CN(C)C)=N1)C(=O)N1CCCC2(CCN(C)C2)C1,0.009210789809003472
N1(C)C(=O)C2C(SCC(=O)NC3CCCCC3)=C(COC)C=NC=2N(C)C1=O,0.0063347832532599565
C1(NC(=O)CC2=CC(=NO2)C)=C(C)C=NN1CC1C=CC=C(F)C=1,0.00508781768148765
C1(=NNC=C1Cl)C(=O)N1CCOC(CC2C=CC=C(C=2)C(F)(F)F)C1,0.0032981410273350774
N1(C)C(=O)C2C(SCC(=O)NCC(OCC)=O)=C(COC)C=NC=2N(C)C1=O,0.006313376035541296
S(C)(=O)(=O)CC(=O)N(CC1=CC=CC=C1)CC(C)CO,0.003708083077799529
C1(C2=C(C)C=CC=C2NC1=O)NC(=O)C1=CC=CC=C1N1CCOCC1,0.0071123547852039335
N1(C)C(=O)C2C(SCC(=O)NCC3=CC=C(C=C3)F)=C(COC)C=NC=2N(C)C1=O,0.00485610868781805
C1(=NC=CN=C1C#N)N1CCN(CC1)C1=NC=NC(OC)=C1,0.005314608209300786
N1(C)C(=O)C2C(SCC(=O)NCC3C=CC4=C(OCO4)C=3)=C(COC)C=NC=2N(C)C1=O,0.005244838749058544
C1(CN2CCC(CC2)(O)C2=CC=C(C=N2)C)C(C)=CC(=CC=1C)C,0.014735698886215686
N1(C)C(=O)C2C(SCC(=O)NCC3=CC=CO3)=C(COC)C=NC=2N(C)C1=O,0.005387222464196384
C1(CN2CCN3C(CN(CC3)C)C2)=C(C)N=C(CC)N1,0.0057756329770199955
C1(=CC=CN=C1CN1CCN(CC1)CC1=CC=C2C(OCO2)=C1)C(O)=O,0.004881130345165729
N1(C2C=CC(=CC=2C)C)C(CNC)=NNC1=O,0.0033134225057438018
N1=C(CC2CCNCC=2)ON=C1CC1CCN(CC1)CCC,0.013997338199988007
N1(C)C(=O)C2C(SCC(NCCC3=CC=C(C(OC)=C3)OC)=O)=C(COC)C=NC=2N(C)C1=O,0.005601057969033718
N1(C)C(=O)C2C(SCC(=O)NC3SC4=C(C=CC=C4)N=3)=C(COC)C=NC=2N(C)C1=O,0.005124808510299772
N1(C)C(=O)C2C(SCC(=O)NC3SC4=C(C=CC(C)=C4)N=3)=C(COC)C=NC=2N(C)C1=O,0.005064689391292632
N1(C)C(=O)C2C(SCC(=O)NC3SC=CN=3)=C(COC)C=NC=2N(C)C1=O,0.005051673739217222
[C@]1(CCCN2CCCC[C@@]21[H])(O)CN1CCN(CC1)C1C=CN=CC=1C,0.009869169956073166
N1(C)C(=O)C2C(SCC(=O)NC3SC=C(C)N=3)=C(COC)C=NC=2N(C)C1=O,0.004979855089914054
C1(=NC(C)=CC(NC)=N1)N1[C@H]2CC[C@@H]1CC(N(C)C2)=O,0.005640241072978824
N1(C)C(=O)C2C(SCC(=O)NC3=NN=C(C)S3)=C(COC)C=NC=2N(C)C1=O,0.00516769930254668
N1(C[C@@H](C[C@H]1C(=O)NC(C)C)N)C(=O)C1C=CC=C(OCC=C)C=1,0.008368159411475062
N1(C)C(=O)C2C(SCC(=O)NC3=NN=C(SCC)S3)=C(COC)C=NC=2N(C)C1=O,0.005445249564945698
C1(SC=C2OCCOC=12)C(=O)N1CCCC1C1C(C)=NOC=1C,0.009892660519108176
N1(C)C(=O)C2C(SCC(=O)NC3C=C(ON=3)C)=C(COC)C=NC=2N(C)C1=O,0.0048311100923456255
C1(C=NC2N(N=CC=2)C=1C)C(=O)N1CCC2(CC1)N(C)CCCNC2=O,0.00665887575596571
CCC(NC(C1=C(NC(C2=CC(OC)=C(OC)C(OC)=C2)=O)C=CC=C1)=O)C,0.009909458970651031
N1(C)C(=O)C2C(SCC(=O)NCC3C=CC(=CC=3)C)=C(COC)C=NC=2N(C)C1=O,0.0051714089466258885
N1=CC(=CC=C1C1C=CC(=C(CO)C=1)F)CN1CCCC1,0.003678257204592228
N1(C)C(=O)C2C(SCC(=O)NC3C=CC(=CC=3)C(N)=O)=C(COC)C=NC=2N(C)C1=O,0.004337323934305459
CCSC1NC(N)=C(C#N)C2(CCCCC2)C=1C#N,0.006757758528692648
C(=O)(NC1(CCCCC1)C#N)C1C=C(C)N=C(C)N=1,0.005432478161070975
N1(C)C(=O)C2C(=C(COC)C=NC=2N(C)C1=O)SCC(=O)N(CC)CC,0.006200654921121896
N1(CCC(CC1)N(C)C(C)CC1C=CC=CN=1)C1C=CC2=C(OCO2)C=1,0.011023252783343197
C1(=CC=CC(F)=C1)C(N(C)C)C(=O)NCC1C=COC=1,0.00673069367185235
S(CC)(=O)(=O)N1CCN(CC1)C1=NC=CC(CCC(F)(F)F)=N1,0.0027723014034563677
C(=O)(N1CCC2(CC1)CCOCC2)C(C)(C)C(C)=C,0.017487925104796888
OC(C(O)=O)=O.OCCNCC1=CC=C(OCC2=CC=C(Cl)C=C2)C=C1,0.0028512569377198817
N1(C)C(=O)C2C(SCCN3CCCCC3)=C(COC)C=NC=2N(C)C1=O,0.006313653429970145
C1(C(O)=O)=NNC=C1CN1CCC(CC1)C1NN=CC=1C1C=CC=C(C)C=1,0.00417851775418967
N1(C)C(=O)C2C(SCC3=CC=CC=C3)=C(COC)C=NC=2N(C)C1=O,0.005688211391679942
C1(=CC(C)=C(N(C)C1=O)C)C(=O)N1CCCC(CCC2=CC=C(C=C2)F)C1,0.0082101991167292
C12=CC(C3C=CC=C(Cl)C=3)=CC(O)=C1OCCN(C(=O)CC(C)N)C2,0.005482117482461035
N1=C(C(C)C)ON=C1N1CCCC(C1)C(=O)C1C=CC(=CC=1OC)OC,0.01146146641112864
OC(CSC1N(C2=CC=CC=C2)C(=O)C2=C(C=CC=C2)N=1)=O,0.006668215012177825
N1NC(=CC=1C(C)(C)C)CN(C)C(=O)COC1C=CC=NC=1,0.006730753392912447
CC1=C(C(O)=O)C=C2C(C=C(C=C2)Cl)=N1,0.005372620152775199
C(C1=CC=CC=C1)(=O)N1CCN(CC1)CC1C=CC2=C(C=CN2)C=1,0.004894504300318658
CN1C(=O)C2=C(NC(N(=O)=O)=N2)N(C)C1=O,0.0025753226364031434
N1(C)C(=O)C2C(SCC3=CC=CC(F)=C3)=C(COC)C=NC=2N(C)C1=O,0.004964915080927312
C1(CCCN(CC2=CC(OC)=CC=C2F)C1=O)(O)CN1CCC(CC1)CO,0.00410192203707993
N1(C)C(=O)C2C(SCC3=CC=C(C=C3)F)=C(COC)C=NC=2N(C)C1=O,0.005373747111298144
N1(C(C)=CC(C)=N1)C(C)C(=O)N(C)CCC1SC=NC=1C,0.009015418263152242
C12(CCN(CC1)CC1C=CC3C(=C(C=CC=3)OC)N=1)N(C)CCCNC2=O,0.00694185949396342
C1(C(=O)NCC2=CSC3CCCCC2=3)C=NN2C=CNC=12,0.003838862956035882
N1(C)C(=O)C2C(=C(COC)C=NC=2N(C)C1=O)SCC1C=CC=CC=1C,0.00623883914668113
C1(N(CCC2C=NC=CN=2)C=NC=1C1C=CC=CC=1)C1NC=C(C)N=1,0.0045414224965497855
N1(C)C(=O)C2C(SCC3C=CC(=CC=3)N(=O)=O)=C(COC)C=NC=2N(C)C1=O,0.004163106961641461
C(F)(F)(F)C1C=C(C)N=C(CNCCC(=O)NC2=C(C)C=C(C=C2C)C)N=1,0.004051277984399348
N1(C)C(=O)C2C(SCC3C=CC=C(C)C=3)=C(COC)C=NC=2N(C)C1=O,0.006182175246067345
C1(C=C(NN=1)COC1C=CC=CC=1OC)C(=O)NC(C)C(NC)=O,0.005159375537186861
CCCCCCCCCN1C2=C(C=CC=C2)N=C1CCC,0.015129564376547933
N1(C)C(=O)C2C(=C(COC)C=NC=2N(C)C1=O)SCC1C=C(C)C=CC=1C,0.007268353551626206
C1(C(=O)NCC2=NOC(C3=CC=CO3)=C2)=CC(=NN1C)C(C)C,0.008929772628471255
N1(C)C(=O)C2C(SCC3C=CC(=CC=3)C)=C(COC)C=NC=2N(C)C1=O,0.006283990014344454
C12CN(CCC=1N(N=C2C(O)=O)CC1=CC=C(C=C1)OC)C(=O)CCSC,0.005871992860920727
N1(C)C(=O)C2C(SCC3C=CC=C(C=3)C(F)(F)F)=C(COC)C=NC=2N(C)C1=O,0.005115846660919488
C1(=C2CCCC2=NC(C2=CC=CC=C2)=N1)N1CCCC(C(=O)NCC2C=CON=2)C1,0.007498013391159475
C1(=CC=CN=C1OC1=CC=CC=C1CN1CCN(CC1)C)C(F)(F)F,0.004291870794259012
COC1=C(NC(C2=C(F)C(C(NC3=C(OC)C=CC=C3)=O)=C(F)C(F)=C2F)=O)C=CC=C1,0.0019977460120571776
C1(=CC=NN1C1CCN(CC1)C(CN)=O)NC(=O)C1C=CC2=C(OCO2)C=1,0.005872058565728366
N1(C)C(=O)C2C(SCC3=CC=C(C=C3)C(F)(F)F)=C(COC)C=NC=2N(C)C1=O,0.005137791007291526
N1(CC2NN=C(C(=O)N(C)CC3C=CN=CN=3)C=2)C2C=CC=CC=2N=C1C,0.0036163109238259495
N1C(=O)NC=C(CC(=O)N2CCCC(C2)C2NN=CC=2C2C=CC(=CC=2)F)C1=O,0.002845997270196676
NC(C1=CC=C(Br)C=C1)C(N)=O,0.012289851997047662
N1(C)C(=O)C2C(=C(COC)C=NC=2N(C)C1=O)SCC1C=CC=CC=1F,0.005541017837822437
C1(=CC=C(C2C=CNN=2)S1)C1=NC=CN1CCCN(C)C,0.003556421771645546
N1(C)C(=O)C2C(SCC3=CC=CN=C3)=C(COC)C=NC=2N(C)C1=O,0.005879575433209538
C1(OC(C)C)=C(OCC)C=C(C(Cl)=C1)CN[C@@H](CO)C1C=CC=CC=1,0.006382572464644909
N1(C)C(=O)C2C(SCC3=CC=CC(=C3)N(=O)=O)=C(COC)C=NC=2N(C)C1=O,0.0040970175177790225
C1(=CC(=C(C)O1)C)C1C=C(C2=CC=C(C(OC)=C2)O)N=C(N)C=1C#N,0.003207725181709975
N1(C)C(=O)C2C(SCC3C=CC=CN=3)=C(COC)C=NC=2N(C)C1=O,0.005915166321210563
CC1=CC(C(NC2=NC=CC=C2)=O)=CC=C1,0.0050757742719724774
N1(C)C(=O)C2C(SCC(OC)=O)=C(COC)C=NC=2N(C)C1=O,0.007616420835256576
C(=O)(N1CCC(CC1)C1NN=CC=1CC)C1COC2=C(C=CC=C2OC)C1,0.006836302997544408
CC1=C(C#N)C(=O)N(N=CC2OC(C3=CC=C(Cl)C=C3)=CC=2)C(C)=C1,0.006933970935642719
N1=C(NCCN2CCOCC2)C2CCN(CC=2N=C1C1=CC=CC=N1)C(C)=O,0.0059858190827071665
C(=O)(C1C=CN=C(C2=CC=C(C(Cl)=C2)OC)C=1)NC1CC1,0.00687768601346761
C12C(CC(NC1=NNC=2C1C=CC=CC=1)=O)C1C=CC2=C(C(C)=NO2)C=1,0.0057447923114523295
N1(CCNCC1)CC1C=CC(=CC=1)C1=CC=C(C=C1)C(C)OC,0.011667607305571436
N1(C)C(=O)C2C(=C(COC)C=NC=2N(C)C1=O)SCC(C1=CC=CC=C1)=O,0.008765299711376429
C(=O)(N(C)CC1=CC=NN1)CC(=O)NC1C=CC(=C(Cl)C=1)F,0.002945092209847644
N1(C)C(=O)C2C(=C(COC)C=NC=2N(C)C1=O)SCC(=O)C1C=CC(=CC=1)OC,0.009149740636348724
OC1=C(C=NNC(C2C3=C(C=CC=C3)NC(=O)C=2)=O)C2=C(OC3=C2CCCC3)C=C1Br,0.003079567162785679
N1(C)C(=O)C2C(SCC(NC)=O)=C(COC)C=NC=2N(C)C1=O,0.004467375529929996
C(CNC)(NCCSC1C=CC(=CC=1)Cl)=O,0.004783803655300289
N1(C)C(=O)C2C(SCC(NCCC)=O)=C(COC)C=NC=2N(C)C1=O,0.004674135497771204
C1(=O)C(CCCN1CC1=CC=C(C=C1)C(C)C)(CNCC1C=CC(=CC=1)F)O,0.008881753636524081
N1(C)C(=O)C2C(SCC(=O)NC(C)(C)C)=C(COC)C=NC=2N(C)C1=O,0.0052460010163486006
N1C(=CN=CC=1C(N)=O)N1CCC(CC1)(CO)CC1=CC=CC=C1,0.0029835945344530044
N1(C)C(=O)C2C(=C(COC)C=NC=2N(C)C1=O)SCC(=O)N(C)C1C=CC=CC=1,0.005753680947236717
C1(NN=C(C2CC2)C=1)C(=O)N(CC1CCCO1)CC1C=CC=CN=1,0.0062445939751341936
N1(C)C(=O)C2C(=C(COC)C=NC=2N(C)C1=O)SCC(=O)N(C(C)C)C(C)C,0.0072692424524575475
N1(C(CCCNC(C)=O)=O)C[C@@H]([C@H]2N3CCC(CC3)[C@H]21)C1=CC=CC=C1,0.007618453400209546
N1(C)C(=O)C2C(SCC(NCC=C)=O)=C(COC)C=NC=2N(C)C1=O,0.005207179789431393
N1(CC)C(=O)NN=C1C1CCN(CC1)C(=O)C1C=C(NN=1)C1C=NN(C)C=1C,0.004099220875650645
C1(CCCN(CC2C=CC(=CC=2)C(C)C)C1=O)(O)CN1CCCC(F)(F)C1,0.0077708287630230185
N1(C)C(=O)C2C(SCC3=CC(OC)=CC(OC)=C3)=C(COC)C=NC=2N(C)C1=O,0.006742291967384517
N1(C=NC=N1)C1=CC=CC=C1CNC1CCCCCC1,0.01083835568279028
NC1=CC(Cl)=C(N)C=C1,0.012889813864603639
N1(C)C(=O)C2C(SCC3C=CC(=CC=3)C(OC)=O)=C(COC)C=NC=2N(C)C1=O,0.007109571876935661
OS(O)(=O)=O.NC1=CC(Cl)=C(N)C=C1,0.005930349742993712
C1(C(=O)NCC2=CN3C(SCC3)=N2)C=NN(CCC)C=1C,0.00623943789396435
N1C(N)=NC(=CC=1N1CC[C@@H](O)C1)OC(C)C,0.0020093755796551705
N1(C)C(=O)C2C(SCC(=O)NC3C=CC=C(Cl)C=3)=C(COC)C=NC=2N(C)C1=O,0.0042642458225600425
N1(CCC2(CCCN(CCOCC3C=CC=CC=3)C2)C1)C(=O)N(C)C,0.007826799526810646
N1(C)C(=O)C2C(SCC(=O)NC3C=CC(=CC=3)Br)=C(COC)C=NC=2N(C)C1=O,0.005064178188331425
C1(NN=C(C2C=CC(=CC=2)OC)C=1)C(=O)N1CCOC(C2=CC=C(C=C2)F)C1,0.004082667431794107
N1(C)C(=O)C2C(SCC(=O)NC3C=CC(=C(Cl)C=3)C)=C(COC)C=NC=2N(C)C1=O,0.004192471853457391
C(=O)(CC(=O)NCC(O)COC1C=CC=C(OC)C=1)NC1C=CC=C(C)C=1C,0.005028387729544193
N1(CCCC(CO)(CC2C=CC(=CC=2)F)C1)C1=CC=C(C=N1)Cl,0.0032926430343650282
N1(C)C(=O)C2C(SCC(=O)NC3=C(OC)C=CC(Cl)=C3)=C(COC)C=NC=2N(C)C1=O,0.004368261515628547
N1(C)C(=O)C2C(SCC(=O)NCC3C=CC=CC=3Cl)=C(COC)C=NC=2N(C)C1=O,0.004551145795267076
C1(=NC=NC2CCCC1=2)N1CCC(CC1)(O)C(O)=O,0.007300669373944402
N1(CC2C=CC(=CC=2)N2C=NC=N2)CC(CC1=O)C(O)=O,0.004755001002922654
N1(CC2=C(C=NC(CC3C=CC(=CC=3)OC)=N2)C1)C(C(C)SCC)=O,0.0088844021782279
N1(C)C(=O)C2C(SCC3=CC=C(C=C3)Br)=C(COC)C=NC=2N(C)C1=O,0.006797821330837906
C(=O)(CCNC(C)=O)N(CC=C)CC1=CC=C(C=C1)F,0.005475065391510725
C1(C(=O)NC2CC2)=CN(N=N1)C1CCN(CC1)C(C1CCNCC1)=O,0.006869550724513829
N1(C)C(=O)C2C(SCC3=CC=C(C=C3)Cl)=C(COC)C=NC=2N(C)C1=O,0.005229535256512463
N1(CC2=C(C=NC(CC(C)C)=N2)C1)C(CCCN1CCOCC1)=O,0.010252603888511657
N1(C)C(=O)C2C(=C(COC)C=NC=2N(C)C1=O)SCC1C(=CC=CC=1Cl)F,0.005317407450638712
C12NC(=O)CC(C=1C=NN2C1=CC=CC=C1)C1=COC2=C(C=CC=C2)C1=O,0.0075975891668349504
N1(C)C(=O)C2C(=C(COC)C=NC=2N(C)C1=O)SCC1C=CC=CC=1Cl,0.005219427496194839
C1(=CC(C)=CC=C1NC(C)C)C(=O)N1CCC(CC1)C(N)=O,0.0064294997602701185
N1(C)C(=O)C2C(SCC3=CC=CC(Cl)=C3)=C(COC)C=NC=2N(C)C1=O,0.0050993194105103615
N1(CCC2(CC1)CCN(C)C2)C(OCCOC)=O,0.009091344103217125
C1(C2=CC=CC(O)=C2)NC2C(=CC(=CC=2)C#N)N=1,0.002009488671319559
C1(=NN=C(C2=CC=C(C=C2)F)O1)C1=NC2=CC=CC=C2C(NC2CCCCC2)=N1,0.006089810351841152
S1(=O)(=O)N(C)CC(C2SC=CC1=2)NC(=O)C1NN=C(C2CC2)C=1,0.002998687617946416
C1(=NN=C(C2=CC=C(C=C2)F)O1)C1=NC2=CC=CC=C2C(NC2=CC=C(C(Cl)=C2)OC)=N1,0.004230731260031461
N1(C[C@H]([C@H]2N3CCC(CC3)[C@H]21)C1=CC=CC=C1)C(=O)C(C)=O,0.011178186209872366
C1(=NN=C(C2=CC=C(C=C2)F)O1)C1=NC2=CC=CC=C2C(NC2=CC=C(C=C2OC)OC)=N1,0.004599070304539055
C1(=NN=C(C2=CC=C(C=C2)F)O1)C1=NC2=CC=CC=C2C(NC2=CC(OC)=C(C(OC)=C2)OC)=N1,0.004955008567776531
N1(CCOC(C1)C1=CC=C(C(Cl)=C1)Cl)CCC(N)=O,0.00697052706964314
C1(=NN=C(C2=CC=C(C=C2)F)O1)C1=NC2=CC=CC=C2C(NC2C(OC)=CC(=C(Cl)C=2)OC)=N1,0.004321791604161263
C1(=NN=C(C2C=CC(=CC=2)F)O1)C1=NC2=CC=CC=C2C(N2CCN(CC2)C2=CC=CC(Cl)=C2)=N1,0.004447188717313111
C1(C(=O)N(C)CC(C)=C)C=C2N(CCCN(C(C)=O)C2)N=1,0.012523067323490978
C1(=NN=C(C2=CC=C(C=C2)F)O1)C1=NC2=CC=CC=C2C(NCC2=CC=CO2)=N1,0.004880519083235413
C1(=NN=C(C2C=CC(=CC=2)F)O1)C1=NC2=CC=CC=C2C(NCCC2C=CC(=C(OC)C=2)OC)=N1,0.004987739538773894
[C@H]1(C2C=CC=C(F)C=2F)CN([C@@H]2C3CCN(CC3)[C@H]12)C,0.010419935188110685
C1(=NN=C(C2=CC=C(C=C2)F)O1)C1=NC2=CC=CC=C2C(NC2=CC=C(C=C2)OCC)=N1,0.004735917132347822
C1(C(C)N2CCCCC2)=CC=C(C(=O)NCC2C=C(F)C=CC=2F)O1,0.007514046761207283
N1(C[C@@H]2C[C@@H]1CC2)CCC(=O)N(CC)C1=CC=CC=C1C,0.011388386180624367
C12CC(CCC=1N(N=C2C(O)=O)CCC)N(C)CCN(C)C,0.012226703204214573
N1=C(SCC(=O)N2CCOCC2CCC)NN=C1N,0.0027530920691788197
C1(=NN=C(C2=CC=C(C=C2)F)O1)C1=NC2=CC=CC=C2C(NC2=CC=CC(SC)=C2)=N1,0.004493368382100016
C12C3C=CC=C(O)C=3CC=1C(=C(C#N)C(N)=N2)C1C=CSC=1,0.00300487611675635
C1(=NN=C(C2=CC=C(C=C2)F)O1)C1=NC2=CC=CC=C2C(NC2=CC=C(C=C2)OC)=N1,0.004710235213860869
C1(=NN=C(C2=CC=C(C=C2)F)O1)C1=NC2=CC=CC=C2C(NCC2=CC=C(C=C2)Cl)=N1,0.004145845700986683
S(C)(=O)(=O)NC1CCN(CC1)CC1=CC=C(C(CC=C)=C1)O,0.002550195186631754
C1(=NN=C(C2=CC=C(C=C2)F)O1)C1=NC2=CC=CC=C2C(NC2C=CC(=C(C)C=2)C)=N1,0.005182617122773081
COC1=C(CN)C=CC=C1,0.020982397254556417
C1(C2CCCN(C2)C2=C(CCC)C=NC(C)=N2)=NN=C2C=CC=CN12,0.008459838130511344
C1(=NN=C(C2=CC=C(C=C2)F)O1)C1=NC2=CC=CC=C2C(NC2=CC=C(C=C2)C)=N1,0.004795484815258533
C1(C=NNC=1C1CCN(CC1)C(=O)C1OC=C(C(=O)C=1)OC)C1C=CC=C(C)C=1,0.0053574681049212815
C12C(=O)NCC(C)(C)CC=1NC(C1CCCN(C(=O)C3CC3)C1)=N2,0.004022687813267112
C1(=NN=C(C2=CC=C(C=C2)OC)O1)C1=NC2=CC=CC=C2C(NC2=CC=CC=C2OC)=N1,0.00566560048609972
C(F)(F)(F)C1C=CC=C(C=1)OC1=NC=CC=C1CNC(=O)C1=CC=CC=C1O,0.0027862057089805604
C1(=NN=C(C2=CC=C(C=C2)OC)O1)C1=NC2=CC=CC=C2C(NC2=CC=C(C=C2)F)=N1,0.0045675203204154965
N1=C(CC(C)C)ON=C1CN(CC)C(=O)CC1C=CC2=C(OCO2)C=1,0.013966884603723884
C1(C(N)=O)(CC1)C(=O)N1CCC2=C(N=C(N=C2N(C)C)C2C=CC=CC=2)C1,0.007082235906273127
C1(=NN=C(C2=CC=C(C=C2)OC)O1)C1=NC2=CC=CC=C2C(NC2=CC=CC(OC)=C2)=N1,0.005504910252057016
C12SC=CN1C=C(CC(=O)N1CCC(CC1)C1NN=CC=1CC)N=2,0.00325447719078511
N1(CCCC(CCC2C=CC(=C(F)C=2)F)C1)C(CO)=O,0.003574183792807162
N1(C2C=CC=C(CC)C=2)C(CCC2C(C)=NNC=2C)=NNC1=O,0.00402321764267981
O=S(C1=CC=CC=C1)(N1C(C2=CC=CC=C2)C1)=O,0.00665643448010087
C1(C=C(N(N2C=NN=C2)C=1C)C)C1NC=C(C2C=CC(=CC=2)OCC)N=1,0.004768426122609526
N1C(C2C=CN=CC=2)=NOC=1C(C)N1C=CN=C1C1=CC=CC(=C1)N1C=CC=N1,0.006961257639341056
C1(C(=O)NCC2=CN=CN2CC(C)C)=CC(=O)C2=C(C=CC=C2)N1,0.0033573119260836394
C1(C=CC=C(O)C=1C)C(=O)NCC1CCN(CC(C)=CCC)C1,0.0070413348730653524
S1(CCC(CNC(=O)C2C=CC(=C(C)C=2)NC(=O)C2=CC=CO2)C1)(=O)=O,0.007086579222232103
C(=O)(N(C)CC1CCCN(C)C1)C1C=CC=CC=1C(OC)=O,0.010379289789125324
C1(=NN=C(C2C=CC(=CC=2)OC)O1)C1=NC2=CC=CC=C2C(NCCC2C=CC(=C(OC)C=2)OC)=N1,0.005999061465263367
C1(C(=O)N(CC=C)CC#CC2=CC=CC=C2)=CC(=O)N(C(=O)N1C)C,0.007625791965983808
C1(C(=O)NCC2C=CC(=CC=2)S(N)(=O)=O)=C(C)N=C(C(C)C)S1,0.00497380478773266
C1(=NN=C(C2=CC=C(C=C2)OC)O1)C1=NC2=CC=CC=C2C(NC2=CC=C(C=C2)OCC)=N1,0.005704843811690808
C1(=CC=NN1C1CCN(CC1)C1N=CN=C(NCCO)C=1)NC(=O)C1CC1,0.0032309827161952852
C1(=NN=C(C2C=CC(=CC=2)OC)O1)C1=NC2=CC=CC=C2C(N2CCC3(CC2)OCCO3)=N1,0.007144094188697636
C1(=NN=C(C2=CC=C(C=C2)OC)O1)C1=NC2=CC=CC=C2C(NC2C=CC=CC=2OCC)=N1,0.00579655219335109
N1(C2C=CC(=CC=2)OCC)C(CN)=NNC1=O,0.004274079413153231
C1(C(=O)N(C)CC2=NN=C(C3=CC=CC=C3)O2)C=C(ON=1)C(C)C,0.008302187081426382
N1(CC2=C(C=NC(C(C)(C)C)=N2)C1)C(=O)C(C)N1C=NC=N1,0.008912598714232445
C1(=NN=C(C2=CC=C(C=C2)OC)O1)C1=NC2=CC=CC=C2C(NC2C=CC(=CC=2)CC)=N1,0.006090861884877086
C1(=NN=C(C2=CC=C(C=C2)OC)O1)C1=NC2=CC=CC=C2C(NCC2=CC=C(C)O2)=N1,0.006175543833523989
N1(C2=CC=CC=C2)C(=O)NN=C1C1CCCN(C2=CC=C(C=N2)C#N)C1,0.002596652670763433
C1(=NN=C(C2C=CC(=CC=2)OC)O1)C1=NC2=CC=CC=C2C(NCC2=CC=C3C(OCO3)=C2)=N1,0.005953665403649211
C1(C=COC=1C)C(=O)NC1=CC=C(C=C1)C(=O)N(C)CC1ON=C(CCOC)N=1,0.008403090224601329
C1(=NN=C(C2C=CC(=CC=2)OC)O1)C1=NC2=CC=CC=C2C(NCC2=CC=CC=C2OCC)=N1,0.0056210396811366085
N1(C)CCC(CC1)(C)CN(CCO)CC=CC1C=CC=CC=1,0.008128028875216842
C1(=NN=C(C2=CC=C(C=C2)OC)O1)C1=NC2=CC=CC=C2C(NC2=CC=CC(SC)=C2)=N1,0.005570867913775146
C(=O)(C1=CC=C(N=C1)C1C=C(C)C=C(C)C=1)N1CCC(CC1)OC1C=CC=NC=1,0.00934061030857265
C1(=NN=C(C2=CC=C(C=C2)OC)O1)C1=NC2=CC=CC=C2C(NCC2=CC=C(C=C2)C)=N1,0.006036535417661071
C1(C#N)C(N)=NC(=CC=1C1C=C(NN=1)C(C)(C)C)C1=CC=C(C(OC)=C1)O,0.0022191553201992066
C12CC(CCC=1N(N=C2C(O)=O)CC(C)C)N(C)CCC(NC)=O,0.008853792888112366
C1(=NN=C(C2=CC=C(C=C2)OC)O1)C1=NC2=CC=CC=C2C(NCC2=CC=CC(OC)=C2)=N1,0.005546859209425747
N1(CCNC(=O)C2C=CC=CC=2N2CCCC2)C(=O)C=CC(=O)N1,0.004286523093469441
C1(=NN=C(C2=CC=C(C=C2)OC)O1)C1=NC2=CC=CC=C2C(NCC2=CC=CC(Cl)=C2)=N1,0.004883767908904701
N1=NC(=CN1[C@@H]1CN[C@H](C(NC)=O)C1)CN(C)C(=O)C1C=CC=C(Cl)C=1F,0.005052116385195404
C1(=NN=C(C2C=CC(=CC=2)OC)O1)C1=NC2=CC=CC=C2C(NCC2C=CC=CC=2Cl)=N1,0.004963732417672872
C1(=NN=C(C2=CC=C(C=C2)OC)O1)C1=NC2=CC=CC=C2C(NCC2=CC=C(C=C2)Cl)=N1,0.004940330900717526
N1C(CNC2C=C(OC)N=CN=2)=NN=C1C1=CC=CC=C1,0.0032176370033994315
C1(C2=CC=CC=C2N=C(N=1)C1=NN=C(C2=CC=C(C=C2)OC)O1)N1CCC2C=CC=CC1=2,0.007410461828112602
C1(=NN=C(C2=CC=C(C=C2)OC)O1)C1=NC2=CC=CC=C2C(NCCC2=CC=C(C=C2)C)=N1,0.006299410713836551
C1(=NN=C(C2C=CC(=CC=2)OC)O1)C1=NC2=CC=CC=C2C(NC2C=C(C)C=C(C)C=2)=N1,0.0062326251994818446
C1(=C(C)C=NN1C(C)C1CC1)NC(=O)C1=COC2CCCC(=O)C1=2,0.013009998388588429
C1(=NN=C(C2=CC=C(C=C2)OC)O1)C1=NC2=CC=CC=C2C(NCC2C=CC=CC=2)=N1,0.005691981827840209
C12C=C(CNC(=O)C3CNC(=O)N3)C(=NC=1CN(C1CCCC1)C2=O)OC,0.005222634295932949
C1(=NN=C(C2=CC=C(C=C2)OC)O1)C1=NC2=CC=CC=C2C(NCCC2C=CC=CC=2)=N1,0.006009328737854957
C1(=NN(C=N1)C)NC(=O)C1=CC=CC(CN(C)CC2SC=CC=2C)=C1,0.005450119753368199
N1(C(C)C2C=CC=CC=2)C=NN=C1CN1CCN(CC1)C1C=CC=C(C)C=1C,0.010811484465375543
C1(=NN=C(C2=CC=C(C=C2)OC)O1)C1=NC2=CC=CC=C2C(NCCCC2C=CC=CC=2)=N1,0.0056605401914566755
CC(OC1=CC=C(C(O)=O)C=C1)=O,0.007855592924170197
C1(=NN=C(C2C=CC(=CC=2)OC)O1)C1=NC2=CC=CC=C2C(NCC2=CC=C(C=C2OC)OC)=N1,0.005429335543885827
C1(=NN=C(C2C=CC=CC=2)O1)C1=NC2=CC=CC=C2C(NCC2C=CC=NC=2)=N1,0.0049473213613964616
C1(=NN=C(C2=CC=CC=C2)O1)C1=NC2=CC=CC=C2C(NC2C=CC=C(OC)C=2)=N1,0.00547125821467489
N1(C2=CC=CC=C2OC)C=C(C=N1)C1C=CN=C(N2CCN(CC2)C)N=1,0.007838263758458197
C1(=NN=C(C2C=CC=CC=2)O1)C1=NC2=CC=CC=C2C(NCC2C=CC=CC=2Cl)=N1,0.0049544290523044765
C1(=NN=C(C2=CC=CC=C2)O1)C1=NC2=CC=CC=C2C(NCC2=CC=C(C=C2)Cl)=N1,0.0049329052329994735
N/C(/N)=N\N=CC1=C(OCC2=C(Cl)C=CC=C2)C=CC=C1,0.006954724295064807
N1=C(CN(C)C(C(O)=O)C2=CC(C)=CC=C2OC)ON=C1C1=CC=CN=C1,0.006633480242453515
C1(=NN=C(C2C=CC=CC=2)O1)C1=NC2=CC=CC=C2C(NC2C(OC)=CC(=C(Cl)C=2)OC)=N1,0.004962368297856301
N1(CC)C(=O)NN=C1CC1CCN(CC1)C(=O)C1C=CC2=C(C=1)N=CN2,0.002532292593969032
C1(=NN=C(C2C=CC=CC=2)O1)C1=NC2=CC=CC=C2C(NCCC2C=CC(=CC=2)Cl)=N1,0.00515773834194988
N1=C(C2=CC=CC(=C2)C(F)(F)F)OC(C)=C1CN1CCOC(CCO)C1,0.001751959667308256
C1(=NN=C(C2C=CC=CC=2)O1)C1=NC2=CC=CC=C2C(NC2C=CC=C(C)C=2C)=N1,0.006138847745023668
C1(CN2CCC(CC2)C2NN=CC=2CC2=CC=CC=C2)N(CC)N=CN=1,0.005974846053868532
C1(=NN=C(C2C=CC=CC=2)O1)C1=NC2=CC=CC=C2C(NC2C=CC=C(C=2)C(OCC)=O)=N1,0.004915169230662287
C1(=NC=CC=C1C#N)N1CCC(CC1)NC[C@@]1(CCCN2CCCC[C@@]21[H])O,0.006174786062911153
C1(=NN=C(C2=CC=CC=C2)O1)C1=NC2=CC=CC=C2C(NC2C=CC(=CC=2)CC)=N1,0.00606543542817235
C1(C=C(C)C=C2CC(CN)OC=12)C1C=CC=CC=1C(NCC)=O,0.009812762308865786
NC1=C2C(C=CC=C2S(O)(=O)=O)=CC=C1,0.006613580056000501
N12C(CCC)=NN=C1SC(CC1C3=CC=CC=C3ON=1)=N2,0.010191158670932055
C1(=NN=C(C2=CC=CC=C2)O1)C1=NC2=CC=CC=C2C(NCC2=CC=CO2)=N1,0.0057882597669959065
C1(C2=CC=CC=C2SC=1)C1=CC(O)=C2C(CN(CCO2)C(=O)C2C=CN=C(N)C=2)=C1,0.0025167565792798994
C1(=NN=C(C2=CC=CC=C2)O1)C1=NC2=CC=CC=C2C(NCC2=CC=C(C=C2)OC)=N1,0.005660642497241497
[C@]1(CC(C)C)(C(O)=O)C[C@@H]([C@H](C2C=CC=NC=2)N1C)C(=O)NC1CCOCC1,0.0074463310884311795
C1(=NN=C(C2C=CC=CC=2)O1)C1=NC2=CC=CC=C2C(NCC2=CC=C(C=C2)C)=N1,0.005985388439148665
N1(C=CN=C1C1C=CC=CN=1)C1C=NC(=CN=1)N,0.003615761792752892
C(NCCC1C=CC(=CC=1)F)(CN[C@@H](CO)C1C=CC=CC=1)=O,0.0026877844356931746
C1(=NN=C(C2C=CC=CC=2)O1)C1=NC2=CC=CC=C2C(NC2=CC=C(C=C2)OCC)=N1,0.005754566448740661
C1(N=COC=1C(C)C)C(=O)N1CCC2=C(C(C3=CC=C(C(F)=C3)F)=NO2)C1,0.007490768795832992
C1(=NN=C(C2C=CC=CC=2)O1)C1=NC2=CC=CC=C2C(NC2=CC(OC)=C(C(OC)=C2)OC)=N1,0.005921497149392963
N1(CC2CCN(CC2)C(C)=O)C=CN=C1C(C)CC/C=C(\C)/C,0.009219006868079305
C1(=NN=C(C2=CC=CC=C2)O1)C1=NC2=CC=CC=C2C(NC2C=CC(=C(Cl)C=2)C)=N1,0.005092115083243698
C1(C2C=CC=CC=2C)=NOC(CCC(=O)N[C@H](CO)C2C=CC=CC=2)=N1,0.003926790086552501
C1(=NN=C(C2C=CC=CC=2)O1)C1=NC2=CC=CC=C2C(NC(C)C2=CC=CC=C2)=N1,0.006577710341662169
C1(C2C=CC=CC=2)C=NNC=1C1CCN(CC1)C1C=CC(=NN=1)C(C)C,0.006839331379160285
C1(=NN=C(C2=CC=CC=C2)O1)C1=NC2=CC=CC=C2C(NC2C=CC(=C(C)C=2)C)=N1,0.006135338847525418
N1(C2=CC=CC=C2)C(=O)N(N=C1C1CCNCC1)CC1C=CC=C(OC)C=1,0.006033998867496848
C1(=NN=C(C2C=CC=CC=2)O1)C1=NC2=CC=CC=C2C(NCC2C=CC=C(C)C=2)=N1,0.005853910907171666
C12(CCN(CC1)CCC(=O)NC(C)C1C=CC=CC=1)NC1=CC=CC=C1NC2=O,0.007524385186843574
CCC1N(CC2=CC(OC)=C(OC)C=C2)C2=C(C=CC=C2)N=1,0.010149102844297885
C1(=NN=C(C2=CC=CC=C2)O1)C1=NC2=CC=CC=C2C(NCCC2C=CC=CC=2)=N1,0.005875325459055602
C1(=NN=C(C2=CC=CC=C2)O1)C1=NC2=CC=CC=C2C(NCCC2=CC=C(C=C2)C)=N1,0.006206620810553431
C1(=NN=C(C2=CC=CC=C2)O1)C1=NC2=CC=CC=C2C(NC2C=C(C)C=C(C)C=2)=N1,0.006160215032286942
C12CN(CCOC1=C(C=C(C1C=CC=C(Cl)C=1)C=2)O)CC1C=C(OC)C=CN=1,0.005050347372889519
C1(=NN=C(C2C=CC=CC=2)O1)C1=NC2=CC=CC=C2C(NC2=CC=CC(C(C)=O)=C2)=N1,0.007211422105319798
O=N(C1=C(NC2=CC=CC=C2)C=CC(C(NC2SC3=C(CCCC3)N=2)=O)=C1)=O,0.00565398526377976
C1(=NN=C(C2=CC=CC=C2)O1)C1=NC2=CC=CC=C2C(NC2C=CC=C(SC)C=2)=N1,0.005420831125229597
C12CN(CCC=1N(N=C2C(O)=O)CC1CC1)C(=O)CNC(C)=O,0.006215174961835146
C1(=NN=C(C2C=CC=CC=2)O1)C1=NC2=CC=CC=C2C(NCC2=CC=CC=C2OC)=N1,0.005587713560089469
C1(=NC=CN1CC1NC2C(=CC=C(Cl)C=2)N=1)C1CCCN(CC)C1,0.003941558685619384
C1(=NN=C(C2=CC=CC=C2)O1)C1=NC2=CC=CC=C2C(NCC2=CC=C(C=C2)F)=N1,0.004506972688250244
[C@H]1(C[C@@H](C[C@H](CC2C=CC=CC=2)O1)NC(C)=O)C1=CN=C2C(C=CC=C2)=C1,0.00825320917647332
C1(=NN=C(C2C=CC=CC=2)O1)C1=NC2=CC=CC=C2C(NCC(C)C2C=CC=CC=2)=N1,0.006431977823376655
C1(=NN=C(C2=CC=CC=C2)O1)C1=NC2=CC=CC=C2C(NC2C=CC(=C(F)C=2)C)=N1,0.004554271057713777
N1(C2C=CC=C(C)C=2C)N=C(N=C1C1C=CN=C(C=1)N1C=NN=C1)C1=CC=CC=C1,0.009325926890596747
C1(=NN=C(C2=CC=CC=C2)O1)C1=NC2=CC=CC=C2C(NC2C=CC=CC=2OCC)=N1,0.005870075826533139
N1(CC2C=CC=CC=2)C(CC)CN(CCC1=O)C(=O)CN1C=NC=N1,0.006969421077519656
C1(CN2CCOC(C2)C2=CC=C(C(Cl)=C2)Cl)SC(=NN=1)C,0.009763180976733565
C1(C2=CC(C)=CC=C2NC=1C(O)=O)C1NC=NC=1C1C=CC=CC=1,0.0028024424391333014
COC1=CC(C2CC(C3OC=CC=3)N(C(CCC(O)=O)=O)N=2)=CC=C1,0.0066329559311270716
C1(=NN=C(C2C=CC=CC=2)O1)C1=NC2=CC=CC=C2C(NCC2=CC=C(C)O2)=N1,0.00618612039834261
C1(=CC=CS1)C(OC)CNC(CC1=CC=CN=C1)=O,0.005880806501954794
C1(=NC=CC=C1CNC(=O)C(N)=O)N1CCN(CC1)C1=CC=CC=N1,0.004333812091499567
C1(=NN=C(C2C=CC=CC=2)O1)C1=NC2=CC=CC=C2C(NC2C=C(C)C=CC=2OC)=N1,0.00594092991668731
C12CN(CCC=1N(N=C2C(O)=O)CC)C(=O)C(C1C=CC=CC=1)N1C=NN=N1,0.005205488251522184
C1(C=C(ON=1)COC1C=CC(=CC=1OC)Cl)C(=O)N(C)CC(C)C,0.010501502035185694
N1(C(C)C(NCCC2ON=C(C(C)C)N=2)=O)C2=CC=CC=C2N=C1CCC,0.007149161351844668
C1(=NN=C(C2=CC=CC=C2)O1)C1=NC2=CC=CC=C2C(NC2C=CC(=CC=2)NC(C)=O)=N1,0.00439829413080588
C(=O)(C1C=CC=C(C=1)NCC(O)=O)N(C)C(C)C1SC=CN=1,0.004177878971677274
C1(C=CC=CC=1NCC=C)C(NCCNC(=O)C1=CC=CN=C1)=O,0.005199166620150209
C1(=NN=C(C2=CC=CC=C2)O1)C1=NC2=CC=CC=C2C(NC2=CC=C(C=C2)C)=N1,0.005690238776151091
N1C(CCOC)=NOC=1CN(C)C(=O)C1C=CC(=CC=1)OCC(C)=C,0.010256053460761905
C1(=NN=C(C2C=CC=CC=2)O1)C1=NC2=CC=CC=C2C(NC2C=CC=C(C)C=2)=N1,0.005683878425043076
CC1=C(N(=O)=O)C=CC(C(NC2=C(C(NCC=C)=O)C=CC=C2)=O)=C1,0.005902553629130125
C1(=CC=NN1C1CCN(CC1)CCCOC)NC(=O)C1C=CC=CC=1OC,0.0058366261888295416
N1(C(=O)C=CC(=O)N1)CC(=O)N(CCCC)CC#CC1=CC=CC=C1,0.004425931768491864
C1(=NN=C(C2=CC=CC=C2)O1)C1=NC2=CC=CC=C2C(NC2C=CC=CC=2OC)=N1,0.005650605168193578
C1(C2=C(C=CC=C2N(C)N=1)Cl)C1=NC=CN1C(C)C1SC=CN=1,0.006703881220892072
C1(=NN=C(C2=CC=CC=C2)O1)C1=NC2=CC=CC=C2C(NCCC2=CC=C(C(OCC)=C2)OCC)=N1,0.006511671538464725
S1C(C)=CC=C1CN(CCN(C)C)CC1CCOC1,0.016611690632998943
COC1=CC=C(C2N3C(C=CC=C3)=C(C=O)N=2)C=C1,0.005939414068416226
C1(=NN=C(C2C=CC=CC=2)O1)C1=NC2=CC=CC=C2C(NCC2C=CC=CC=2F)=N1,0.0043868983397260305
N1(CC)C(C2CCNCC2)=NN(CC2CCCCN2C)C1=O,0.007358185201883316
C1(NC(=O)CN2C=C(C=N2)C2=CC3OCOC=3C=C2C(N)=O)=CC(=NN1C)C,0.005951026966795325
C1(=NN=C(C2=CC=CC=C2)O1)C1=NC2=CC=CC=C2C(NCC2C=CC(=CC=2)OCC)=N1,0.005873144255019724
N1C(C)=NN(CCCNC2CCC3=C(C=C(C=C3)OC)C2)C=1C,0.010597920743748546
C1(=NN=C(C2=CC=CC=C2)O1)C1=NC2=CC=CC=C2C(NCC2=CC=C(C=C2)N(C)C)=N1,0.00563960166182369
C1(=NN=C(C2=CC=CC=C2)O1)C1=NC2=CC=CC=C2C(NCCCSCCC)=N1,0.0055747737642377615
C12C(C)=CC=CN1C(=CN=2)CC(=O)NCC1CCN(CC(C)C)C1,0.006355254584923387
C1(=NN=C(C2C=CC=CC=2)O1)C1=NC2=CC=CC=C2C(NCCC2=CC=CS2)=N1,0.005556874955072999
C1(=NN=C(C2=CC=CC=C2)O1)C1=NC2=CC=CC=C2C(NCCC2C=CC(=CC=2OC)OC)=N1,0.005633799755014479
N1=C(C2=CC=CN=C2)C=CN1C1C=CC=C(N)N=1,0.004855951375793666
C1(=NN=C(C2C=CC=CC=2)O1)C1=NC2=CC=CC=C2C(NCC2=CC=CC=C2C)=N1,0.0058747863629832866
C1(=NN=C(C2C=CC=CC=2)O1)C1=NC2=CC=CC=C2C(NCC2C=CC(=CC=2)OC(C)C)=N1,0.006306549930013716
C1(C=C(C=CC=1O)CN(CC1C=CC=CN=1)CC1SC=CC=1C)C(O)=O,0.004412407893687487
CC1=C(C)C(C(C2SC=CC=2)N2CCCCC2)=C(NC(C2=CC=CC=C2)=O)S1,0.009723254898563027
C(CCCNC(C)=O)(=O)N(C)CCOC1C=C(C)C=CC=1C,0.008072266750968993
C1(=NN=C(C2=CC=CC=C2)O1)C1=NC2=CC=CC=C2C(NCC2=CC=CC(F)=C2)=N1,0.004454331181477755
C1(C(=O)N(CC)CC2=NOC(CC(C)C)=N2)C(=O)NC2C(=CC=CC=2)N=1,0.00584352322621271
C1(=NN=C(C2C=CC=CC=2)O1)C1=NC2=CC=CC=C2C(NCCC2C=CC=CC=2Cl)=N1,0.005173497379291803
C(F)(F)(F)C1C=CC(=CN=1)CN(CC=C)CC1=CC=CC=C1OC,0.005301924236118793
C1(=NN=C(C2C=CC=CC=2)O1)C1=NC2=CC=CC=C2C(NCC2C=CC(=CC=2)CC)=N1,0.006248663133010268
N1(C[C@H]2[C@H](C[C@@H]([C@@H](O)C2)O)C1)C(=O)C1CC2=CC=CC=C2CN1CC,0.004757870572359479
C1(=NN=C(C2=CC=C(C=C2)OC)O1)C1=NC2=CC=CC=C2C(NC2=CC=C(C=C2)C(C)=O)=N1,0.007081316178664565
N1(CC)C(=O)NN=C1CC1CCN(CC1)C(=O)C1C=NC(=NC=1)NC(C)C,0.003338000923395157
C12SC=NN1C=C(C(C)NC(=O)C1=CC(=C(CC)O1)CN(CC)CC)N=2,0.00701005884911865
CC1=CC=C(S(NC2=C(C(NC3SC4=C(C=CC5=C4C=CC=C5)N=3)=O)C=CC=C2)(=O)=O)C=C1,0.0056122527457773685
C1(C2CCCC=2NN=1)C(=O)N1CCCC(C1)C1NN=CC=1CC1=CC=CC=C1,0.0064273026771843435
CN1C2=C(C=C(C=C2)NC(C2OC=CC=2)=O)N(C)C1=O,0.005362933233845979
N1(C=NN=C1)C1C=CC(=CN=1)C(=O)N1CCC(CC1)C1NN=CC=1CC,0.0036731994594447316
CC1=C(C)C=C(NCC2N3C(CCCCC3)=NN=2)C=C1,0.011996802128851413
C1(C(=O)N(C)CC2C3CCCC=3N=N2)C(C2C=CC=NC=2)NC(NC=1C)=O,0.004503896064125002
C1(=NN=C(C2=CC=C(C=C2)OC)O1)C1=NC2=CC=CC=C2C(NCC2C=CC=C(C)C=2)=N1,0.00597594769205898
N1C(=CSC=1SCC)CC(NCCCN1CCOCC1)=O,0.005929507524706423
C1(C(=O)NCC2(CC2)CN2C(C)=CC(C)=N2)=C(C)N=C2N=CC=CN21,0.005888722464442253
N1(C2C=CC=CN=2)N=C(N=C1C1=CC=CC(=C1)N1CCNC1=O)CC(C)C,0.004319954244419932
C1(=NN=C(C2=CC=C(C=C2)OC)O1)C1=NC2=CC=CC=C2C(NCC=C)=N1,0.00556854922324419
N(CC1C=COC=1)(CC1C=CC=CC=1OCC)C1CC1,0.015444753505289555
C1(=NN=C(C2=CC=C(C=C2)OC)O1)C1=NC2=CC=CC=C2C(NC2C=CC(=C(F)C=2)F)=N1,0.005154009093530476
N12C=C(N=C1SC=C2C(=O)N(CCC)CCO)C1=CC=C(C=C1)Cl,0.0026271904935128987
C1(=NN=C(C2C=CC(=CC=2)OC)O1)C1=NC2=CC=CC=C2C(NC2C=CC(=CC=2)NC(C)=O)=N1,0.004416554921772331
C1(=NN=C(C2=CC=C(C=C2)OC)O1)C1=NC2=CC=CC=C2C(NC2C=CC(=CC=2)Br)=N1,0.006182370451278984
C1(CC2CCN(CC2)CC2=CC=C(C(OC)=C2)OCC(N)=O)=NN=CN1C,0.007453695172443986
C1(=NN=C(C2=CC=C(C=C2)OC)O1)C1=NC2=CC=CC=C2C(NC2C=CC=C(Br)C=2)=N1,0.006133441557176411
C1(C(C)=NNC=1C)C(C(O)=O)NC(=O)C1C=CC=CC=1NCC=C,0.003935354552231729
C1(=NN=C(C2=CC=C(C=C2)OC)O1)C1=NC2=CC=CC=C2C(NC2C(OC)=CC(=CC=2Cl)OC)=N1,0.004894258582498878
CCC(N1C(C2=CC=C(F)C=C2)CC(C2C(=O)NC3=C(C=C(C=C3)Cl)C=2C2=CC=CC=C2)=N1)=O,0.0036087717511691154
C1(=CNN=C1C1=CC=CC(C)=C1)C(=O)NCC1=CC=CN=C1N(C)C,0.0031671447213739157
C1(C(=O)N(CC2=CC=CN=C2)CC2=CC=CC=C2OC)C2CCCC=2NN=1,0.007120004366151988
C1(=CC2=C(C=CC=C2)S1)C(=O)N(C)CCC(C)(C)O,0.010395436361432076
C1(=CC2=C(C=CC=C2)N1C)C1N(CCOCCO)C=NC=1C1=CC=CC=C1,0.004962049296591431
C1(=NN=C(C2C=CC(=CC=2)OC)O1)C1=NC2=CC=CC=C2C(NCC2C=CC(=CC=2Cl)F)=N1,0.004200390679761768
C1(C(C)=NOC=1C)NC(=O)C1=CC=CC(=C1)CN1CCCCC1C(OC)=O,0.006527734827250243
C1(=NN=C(C2=CC=C(C=C2)OC)O1)C1=NC2=CC=CC=C2C(NCC2=CC=C(C=C2)SC)=N1,0.005539576476439834
N1C(=CC=CC=1C1=CC=CC=C1CC)C#N,0.007790363160893321
C(=O)(C1=CC=C(N=C1)NCC1=CC=CN=C1O)N1CCC(CC1)N1CCOCC1,0.004824655549600721
C1(=NC=CC(C2N=CC=C(C=2)C(O)=O)=N1)N(C)CC1C=CC=C(C)C=1,0.005397733487188816
CN(C=NC1SC2=C(CCCC2)N=1)C,0.014848952740430832
C1(=NN=C(C2=CC=C(C=C2)OC)O1)C1=NC2=CC=CC=C2C(NCC2=CC=CC(Br)=C2)=N1,0.00609399089589715
N12C(C3CC3)=NN=C1SC(C1=CC=CC3C=NC=CC1=3)=N2,0.009398164041340352
C1(=NN=C(C2=CC=C(C=C2)OC)O1)C1=NC2=CC=CC=C2C(NCC2=CC=CC=C2C)=N1,0.005996695533394813
N1=C(CNC(C)CC2C=CC=C(OC)C=2)C2=C(CCCCC2)N1,0.01106548449024558
C1(=NN=C(C2C=CC(=CC=2)Cl)O1)C1=NC2=CC=CC=C2C(NCC2C=CC=NC=2)=N1,0.004397475719451904
C1(C=NN(CC2C=CC=CC=2)C=1)C(=O)N1CCN(CC1)CC1=NOC(C)=N1,0.008477366482838988
C1(=NN=C(C2=CC=C(C=C2)Cl)O1)C1=NC2=CC=CC=C2C(NC2=CC=C(C(OC)=C2)OC)=N1,0.005100087320897728
C1(=NN=C(C2=CC=C(C=C2)Cl)O1)C1=NC2=CC=CC=C2C(NC2=CC=C(C=C2)OC)=N1,0.004878969991113991
C1(=NN=C(C2=CC=C(C=C2)Cl)O1)C1=NC2=CC=CC=C2C(NCC2=CC=CC=C2)=N1,0.004867425083648414
N1(C2C=CC(=CC=2)C(=O)N(C)CC2C=C(ON=2)C2C=CC=CC=2)C=NN=C1,0.008089692937210203
C1(=NN=C(C2=CC=C(C=C2)Cl)O1)C1=NC2=CC=CC=C2C(NCC2=CC=C(C=C2)OC)=N1,0.004904331348370761
N(C(=O)C1=CC=CC(=C1)CN1CCCC(C(N)=O)C1)C1C(C)=CC(=CC=1C)C,0.0073103661416098475
C1(=NN=C(C2=CC=C(C=C2)Cl)O1)C1=NC2=CC=CC=C2C(NC2=CC=C(C=C2)OCC)=N1,0.004946102830581367
N1(C)C[C@H](C[C@H]1C(=O)NCC1=CC(OC)=CC=C1OC)NC(=O)C1=CC=CO1,0.006589789874851704
C1(=NN=C(C2=CC=C(C=C2)Cl)O1)C1=NC2=CC=CC=C2C(NC2=CC(OC)=C(C(OC)=C2)OC)=N1,0.00522198281250894
C1(C2=NC=CN2CCSC2=CN=NN2)N(CC)C2C(=CC=CC=2)N=1,0.003979926463216543
C1(=NN=C(C2C=CC(=CC=2)Cl)O1)C1=NC2=CC=CC=C2C(NC2=C(OC)C=CC(OC)=C2)=N1,0.004791688767727465
C1(SC2=C(CCNC2)C=1C(O)=O)S(NCCCN(C)C)(=O)=O,0.00301426270743832
C1(=NN=C(C2C=CC(=CC=2)Cl)O1)C1=NC2=CC=CC=C2C(NC2C=C(C)C=CC=2OC)=N1,0.005096513230819255
C1(=NN=C(C2C=CC(=CC=2)Cl)O1)C1=NC2=CC=CC=C2C(NC2C=CC(=CC=2)NC(C)=O)=N1,0.0037828476284630596
OC(C1(NC(OCC2=CC=CC=C2)=O)OC(=O)CC1)=O,0.0041007842170074586
C1(=NN=C(C2=CC=C(C=C2)Cl)O1)C1=NC2=CC=CC=C2C(NCC2=CC=C(C=C2)N(C)C)=N1,0.004814479826018214
C1(=NN=C(C2=CC=C(C=C2)Cl)O1)C1=NC2=CC=CC=C2C(NCC2=CC=CC(F)=C2)=N1,0.004032241692766547
N1(CC2C=CC=CC=2)C(CC)CN(CCC1=O)CC1=CSC=N1,0.008155214926227927
C1(=NN=C(C2C=CC=C(C)C=2)O1)C1=NC2=CC=CC=C2C(NCC2C=CC=NC=2)=N1,0.005161752039566636
C1(C(=O)NCC2C=C(NN=2)COC)OC2C=CC=CC=2C(=O)C=1,0.005430770968087017
C1(=NN=C(C2C=CC=C(C)C=2)O1)C1=NC2=CC=CC=C2C(NC2=CC=C(C(OC)=C2)OC)=N1,0.006053917435929179
C1(=NN=C(C2C=CC=C(C)C=2)O1)C1=NC2=CC=CC=C2C(NC2=CC=C(C=C2)OC)=N1,0.0058183585526421664
N1(CC)C(=O)NN=C1CC1CCN(CC1)CC1C=NN(C)C=1C1CC1,0.005870180856436491
C1(=NN=C(C2C=CC=C(C)C=2)O1)C1=NC2=CC=CC=C2C(NCC2=CC=CC=C2)=N1,0.0057801438961178064
C1(=NN=C(C2C=CC=C(C)C=2)O1)C1=NC2=CC=CC=C2C(N(C)CC2C=CC=CC=2)=N1,0.007301903236657381
C1(=NN=C(C2C=CC=C(C)C=2)O1)C1=NC2=CC=CC=C2C(NC(C)CC)=N1,0.0064616734161973
C1(=CNN=C1C1C=CC(=CC=1)F)CN(C)C(C)CC1C=C(C)C=CN=1,0.0055143558885902165
COC1=C(OC)C=C2C(N=C3C(=N2)C2=C(C=CC=C2)N3CC(C)C)=C1,0.013700122479349375
C1(=NN=C(C2C=CC=C(C)C=2)O1)C1=NC2=CC=CC=C2C(NC2C=C(OC)C=C(OC)C=2)=N1,0.005410327692516148
C1(C(=O)N2CCCC(C2)C2NN=CC=2CC2C=CC=CC=2)=NN2C(N=CC=C2)=N1,0.0034441508702002465
C1(=NN=C(C2C=CC=C(C)C=2)O1)C1=NC2=CC=CC=C2C(NC2=CC=C(C=C2)F)=N1,0.0046260655391961334
C1(=NN=C(C2C=CC=C(C)C=2)O1)C1=NC2=CC=CC=C2C(NCC2=CC=CO2)=N1,0.006041462230496108
N1=C(CCC)ON=C1CN(CC)C(=O)C1C=CC2=C(SC=N2)C=1,0.007730149198323488
N1C(CN(C)C(=O)CCC2SC=NC=2C)=CSC=1C(C)C,0.009562301356345415
OC(CCC(N1C(C2=CC(N(=O)=O)=CC=C2)CC(C2=CC=CC=C2)=N1)=O)=O,0.004856760625261814
C1(=CNC2C=CC(C)=CC1=2)C1N(CCNC(C)=O)C=NC=1C1=CC=CC=C1,0.004290958400815725
C1(=CC=NN1C)C(COC)NC(CSC1=NN=C(C)S1)=O,0.007526569277979433
FC1=CC=C(N2C3=C(C(=NC=N3)NCC3=NC=CC=C3)C(C3=CC=CC=C3)=C2)C=C1,0.006744555942714214
C1(C2=CC=CC=C2N=C(N=1)C1=NN=C(C2C=CC=C(C)C=2)O1)N1CCC2C=CC=CC1=2,0.007618224271573127
C1(=NN=C(C2C=CC=C(C)C=2)O1)C1=NC2=CC=CC=C2C(NCC2=CC=C(C=C2)OC)=N1,0.0058695696759969
C1(C(=O)NC(C)CC2=CC=NC=C2)C=C(NN=1)CN1C2C=CC=CC=2N=C1,0.0037878288538195195
C1(=NN=C(C2C=CC=C(C)C=2)O1)C1=NC2=CC=CC=C2C(NCC2=CC=C(C=C2)C)=N1,0.006223045452497899
C(F)(F)(F)C1=CC=CC=C1CCC1CCCNC1,0.00567196742631495
C1(C2=CC=CC=C2N=C(N=1)C1=NN=C(C2C=CC=C(C)C=2)O1)N1CCCCC1C,0.00732715732883662
C1(C=CC(N(C)C=1)=O)C(=O)NCC1OC2=C(C=C(C=C2)C(C)(C)C)N=1,0.006571374973282218
C1(=NN=C(C2C=CC=C(C)C=2)O1)C1=NC2=CC=CC=C2C(NC2=CC=C(C=C2)OCC)=N1,0.0060323611833155155
N1C(C)=NSC=1NC(=O)C1=CC=CC(=C1)CN1CCCC1C1C=CC=CN=1,0.005690288566984236
N1(CCCC1=O)CC(=O)N(C)CCCOC1=CC=CC(CC)=C1,0.010307816369459034
N1(C=CN=C1C1=CC=CC(C(C)=O)=C1)CC1=CC=CC=C1OC,0.010874767787754536
C1(=NN=C(C2C=CC=C(C)C=2)O1)C1=NC2=CC=CC=C2C(NCCC)=N1,0.005946794082410634
C1(OC)=C(F)C=C(C=C1F)CN1CCC(CNC(=O)C(F)F)C1,0.006046852981671691
C1(=NN=C(C2C=CC=C(C)C=2)O1)C1=NC2=CC=CC=C2C(NCCC2=CNC=N2)=N1,0.002864139183657244
C1(=O)C(CCCN1CC1C=CC=C(OC)C=1OC)(O)CNC(C)(C)C(N)=O,0.0072256813291460276
COC1=C(C)C2=C(C(C(C3=CN(C4=CC=CC=C4)N=C3)=CO2)=O)C=C1,0.008975701872259378
C1(=NN=C(C2C=CC=C(C)C=2)O1)C1=NC2=CC=CC=C2C(NC2=C(OC)C=CC(OC)=C2)=N1,0.005635244352743029
N1(CC(C)C)C=NC=C1CNCC1C=NC(=NC=1)C1=CC=CC(C)=C1,0.008515909849666058
C1(=NN=C(C2C=CC=C(C)C=2)O1)C1=NC2=CC=CC=C2C(NC(C)C2=CC=CC=C2)=N1,0.006856016395613551
N1(CC)C(C2CCN(CC2)C(=O)NC(C)(C)CC(C)(C)C)=NN(C)C1=O,0.0060218710917979475
C1(=NN=C(C2C=CC=C(C)C=2)O1)C1=NC2=CC=CC=C2C(NCCCN2CCCC2=O)=N1,0.004626821249257773
C1(=NN=C(C2C=CC=C(C)C=2)O1)C1=NC2=CC=CC=C2C(NC2=CC=CC(C(C)=O)=C2)=N1,0.00758590993937105
CCCOC1=CC=C(C(C2C(=O)CC(C)(C)CC2=O)C2C(=O)CC(C)(C)CC2=O)C=C1,0.023501685168594123
N1=C(CC2C=CC(=C(C)C=2)OC)NN=C1C1C=CC=NC=1,0.005089427880011499
C1(=NN=C(C2C=CC=C(C)C=2)O1)C1=NC2=CC=CC=C2C(NCC2=CC=CC=C2OC)=N1,0.005788922240026295
C1(=CC(Cl)=CNC1=O)C(=O)NC1C=CC(=C(OC)C=1)NC(CCC)=O,0.00403888279106468
C1(=NN=C(C2C=CC=C(C)C=2)O1)C1=NC2=CC=CC=C2C(NCC2C=CC=C(OC)C=2)=N1,0.005818402068689466
C12=CC(C3=CC=C(C=N3)Cl)=CC(O)=C1OCCN(C(CNC)=O)C2,0.0037097153370268645
C1(=NN=C(C2C=CC=C(C)C=2)O1)C1=NC2=CC=CC=C2C(NCC2=CC=C(C=C2)F)=N1,0.004745854460634291
C1(=NN=C(C2C=CC=C(C)C=2)O1)C1=NC2=CC=CC=C2C(NC(C)(C)CC)=N1,0.007448011264204979
C1(=NN=C(C2C=CC=C(C)C=2)O1)C1=NC2=CC=CC=C2C(NC2C=CC(=C(F)C=2)C)=N1,0.00478943376801908
C1(=CC=C(O1)C#CC(C)(C)O)C(NCCC1SC=CC=1C)=O,0.009766436833888292
C1(=NN=C(C2C=CC=C(C)C=2)O1)C1=NC2=CC=CC=C2C(NC2C=CC=CC=2OCC)=N1,0.006123731378465891
N1C=NNC=1SCCNC1CCN(CC1)C(OCC)=O,0.0027280489448457956
N1(CC2=CC=CC(O)=C2)C[C@@H]([C@H]2N3CCC(CC3)[C@H]21)C1=CC=CC=C1,0.006071249139495194
C1(=NN=C(C2C=CC=C(C)C=2)O1)C1=NC2=CC=CC=C2C(NCC2=CC=C(C)O2)=N1,0.006550395698286593
C1(OC(=C(COC2=CC=CN=C2C)N=1)C)C1=CC(OC)=CC=C1OC,0.007797565218061209
C1(=NN=C(C2C=CC=C(C)C=2)O1)C1=NC2=CC=CC=C2C(NC2C=C(C)C=CC=2OC)=N1,0.006256193621084094
C1(=NN=C(C2C=CC=C(C)C=2)O1)C1=NC2=CC=CC=C2C(NC2C=CC(=CC=2)NC(C)=O)=N1,0.0045942680444568396
O1[C@@H](C(C)C)C[C@H](C[C@H]1C1C=CC(=CC=1)C(C)(C)C)NC(C)=O,0.014142636209726334
C1(=NN=C(C2C=CC=C(C)C=2)O1)C1=NC2=CC=CC=C2C(NCCN2CCOCC2)=N1,0.0053950452478602525
N1C(=O)C=CC=C1C(=O)NCC1CCCN(CC2=CC=CC=C2F)C1,0.0029730757931247355
N1(CC(=O)NC2CC2)C(=O)C(NC1=O)(C1CCNCC1)CC1C=CC=CC=1,0.002633477281779051
C1(=NN=C(C2C=CC=C(C)C=2)O1)C1=NC2=CC=CC=C2C(NC2=CC=C(C=C2)C)=N1,0.006091829482465982
C1(C2CCCN2C(=O)CCN2CCCCO2)SC2C(=CC=CC=2)N=1,0.002118258737027645
C1(=NN=C(C2C=CC=C(C)C=2)O1)C1=NC2=CC=CC=C2C(NC2C=CC=C(C)C=2)=N1,0.006086824764497578
N1N(CCC(=O)N2CC3=C(C=NC(CC(C)C)=N3)C2)C2C(=CC=CC=2)N=1,0.008669614209793508
C1(=NN=C(C2C=CC=C(C)C=2)O1)C1=NC2=CC=CC=C2C(NC2CCCCC2)=N1,0.0075724593363702295
N1N(CC2C=NN(CC)C=2)C=C(CC(C)C2C=CC=CC=2)N=1,0.010863256501033902
C1(=NN=C(C2C=CC=C(C)C=2)O1)C1=NC2=CC=CC=C2C(NCC)=N1,0.005388308211695403
N1(CCC(CC1)NCCCC1CCOC1)C(OCC)=O,0.007474992075003684
C1(=NN=C(C2C=CC=C(C)C=2)O1)C1=NC2=CC=CC=C2C(NC2C=CC=CC=2OC)=N1,0.00585801163688302
N1(CCC(CC1)NCC(C)OCCC)C(C)=O,0.009326706267893314
C1(=NN=C(C2C=CC=C(C)C=2)O1)C1=NC2=CC=CC=C2C(NCCC2C(C)=NOC=2C)=N1,0.006632159231230617
C1(CN2CC[C@H]([C@H](O)C2)C2=CC=CC(OC)=C2)=CC2=CC=CC=C2N(C)C1=O,0.003535565559286624
C1(=CC(=NN1CC)C)C(=O)NC1C=CC(=C(C(=O)OC(C)C)C=1)Cl,0.006412977096624672
N1(CC[C@H]([C@H](O)C1)C1=CC=C2C(C=CC=C2)=C1)C(=O)CCN1C=CC=C1,0.002982788160443306
C1(=NN=C(C2C=CC=C(C)C=2)O1)C1=NC2=CC=CC=C2C(NCC2=CC=CC=C2OCC)=N1,0.0060027189087122675
C1(C=NN(C)C=1C)C1ON=C(C(=O)N(C(C)C)CC2CC2)C=1,0.01297029945999384
C1(=NN=C(C2C=CC=C(C)C=2)O1)C1=NC2=CC=CC=C2C(NCC2=CC(OC)=CC=C2OC)=N1,0.0056458321865648035
N1C2=CC=C(C=C2NC=1CC(C)CCCC(C)(C)OC)F,0.0059982941718772055
C1(=NN=C(C2C=CC=C(C)C=2)O1)C1=NC2=CC=CC=C2C(NCC2C=CC(=CC=2)OCC)=N1,0.00609256774187088
C1(=NN=C(C2C=CC=C(C)C=2)O1)C1=NC2=CC=CC=C2C(NCC2=CC=C(C=C2)N(C)C)=N1,0.005798326642252505
N(C)(CC1=CC=C(C(OC)=C1)F)C(C)C1C=CC=NC=1,0.010730760404840112
C1(=NN=C(C2C=CC=C(C)C=2)O1)C1=NC2=CC=CC=C2C(NCCCSCCC)=N1,0.005854339920915663
C1(C(OC)=O)C=C2N(CCN(C(=O)CC(=O)NC3C=CC(=CC=3)C)C2)N=1,0.007430844847112894
C1(=NN=C(C2C=CC=C(C)C=2)O1)C1=NC2=CC=CC=C2C(NCCC2=CC=CO2)=N1,0.006168315047398209
C1(=NN=C(C2C=CC=C(C)C=2)O1)C1=NC2=CC=CC=C2C(NCC2=CC=CC=C2C)=N1,0.006164879444986582
BrC1OC(C=NNC(CCNC(C2=CC=CC=C2)=O)=O)=CC=1,0.0075522031169384714
C1(=NN=C(C2C=CC=C(C)C=2)O1)C1=NC2=CC=CC=C2C(NC(C)C(=O)N2CCCCC2)=N1,0.005170664028264582
C1(OC2C(=CC(=CC=2)C)C=1C)C1=NC=CN1CCN1CCC(CC1)O,0.004021424648817629
C1(=NN=C(C2=CC=C(C=C2)F)O1)C1=NC2=CC=CC=C2C(NCC2C=CC=C(C)C=2)=N1,0.0048801562399603425
C1(C2=CC=CC(CN3CCOCC3)=C2)=C(C)C2C=CC=CC=2NC1=O,0.005957634653896093
C1(=NN=C(C2C=CC(=CC=2)F)O1)C1=NC2=CC=CC=C2C(NC2C=CC(=CC=2)NC(C)=O)=N1,0.0035267760860733686
N1(CC2=C(C)OC(C3=CC(OC)=C4C(OCO4)=C3)=N2)C(C)=C(C(C)=N1)C(C)=O,0.011993145011365414
C1(=NN=C(C2=CC=C(C=C2)F)O1)C1=NC2=CC=CC=C2C(NCC2=CC=C(C=C2)SC)=N1,0.004626238776836544
S(=O)(=O)(C1=CC=C(C=C1)NC(C)=O)NCC1C=CC2=C(C=1)C(C)=C(N2)C,0.003017437644302845
C1(=NN=C(C2=CC=C(C=C2)F)O1)C1=NC2=CC=CC=C2C(NCC2C=CC(=CC=2)OCC)=N1,0.00475197957130149
CC1C(C(OCC(C2=CC3=C(CCCC3)C=C2)=O)=O)=C(C)OC(=O)C=1,0.018430749140679836
C1(=NN=C(C2C=CC(=CC=2)C)O1)C1=NC2=CC=CC=C2C(NCC2=CC=CC=N2)=N1,0.005444999563042075
CCC1SC(NC(C2=CC=CC=C2)=O)=C(C(C2=CC=C(C)C=C2)N2CCOCC2)C=1,0.00832915809005499
C1(=NC=CN1CC1C=NC(=CN=1)C)C1C=CC=CC=1C(O)=O,0.0039025313453748822
C1(=NN=C(C2C=CC(=CC=2)C)O1)C1=NC2=CC=CC=C2C(NCC2C=CC=NC=2)=N1,0.005183445278089493
C1(=NN=C(C2=CC=C(C=C2)C)O1)C1=NC2=CC=CC=C2C(NC2=CC=C(C(OC)=C2)OC)=N1,0.0060904777841642496
C1(=NN=C(C2=CC=C(C=C2)C)O1)C1=NC2=CC=CC=C2C(NC2C=CC=C(OC)C=2)=N1,0.005726677039638162
C1(=NN=C(C2=CC=C(C=C2)C)O1)C1=NC2=CC=CC=C2C(NC2=CC=C(C=C2)OC)=N1,0.005873930267989635
C1(C2C=CC(=CC=2)OC)(CC1)C(=O)N(CC=C)CC1ON=C(C2=CC=CC=C2)N=1,0.010082160122692585
C1(=NN=C(C2=CC=C(C=C2)C)O1)C1=NC2=CC=CC=C2C(NCC2=CC=CC=C2)=N1,0.005820615426637232
C1(=NN=C(C2C=CC(=CC=2)C)O1)C1=NC2=CC=CC=C2C(N(C)CC2C=CC=CC=2)=N1,0.007380456454120577
C1(=O)C(C2CCN(CC2)CC2CC2)(C2=CC=CN=C2)NC(=O)N1,0.0022948689176701008
N1(CC2CCN(CC2)C(C(C)C)=O)C=CN=C1C1=CC=C(C=C1)SC,0.006134072528220713
N1(C=NN=C1)C1C(C)=CC(=CN=1)C1C=NC2C(=CC=CC=2)C=1,0.007694174256175757
C1(=CC(=NN1)CCC)C(=O)NC(CC(O)=O)C(F)(F)F,0.002530318815479404
C1(=NN=C(C2=CC=C(C=C2)C)O1)C1=NC2=CC=CC=C2C(NC2C(OC)=CC(=C(Cl)C=2)OC)=N1,0.005138023511972278
C1(=CNC(CCCC)=N1)C1=NC=CN1C(C)CN1C=CC=N1,0.0050407126196660105
C1(=NN=C(C2=CC=C(C=C2)C)O1)C1=NC2=CC=CC=C2C(NC2C=CC(=CC=2OC)OC)=N1,0.005679220473393798
C1(=NC=NC(OC)=C1)N1CCCC2(CCN(C)C2)C1,0.009656617674045265
CC(OC(NC1(C(Cl)(Cl)Cl)OC2=C(C=CC=C2)O1)=O)(C)C,0.0066421599825844165
C1(=NN=C(C2=CC=C(C=C2)C)O1)C1=NC2=CC=CC=C2C(NC2C=C(OC)C=C(OC)C=2)=N1,0.00543357766000554
C1(=CN=CN1C)C(=O)N1CCC(N(CC2=CC=C(C=C2)F)C(C(C)C)C1)=O,0.006256565195508301
C1(=NN=C(C2C=CC(=CC=2)C)O1)C1=NC2=CC=CC=C2C(NC2C=CC=C(C=2)C(OCC)=O)=N1,0.005106367601547391
N1(CC2CC2)C(=O)CCN(C(=O)C2=CN=CN=C2CCC)CC1C(C)C,0.012137187831103801
C1(=NN=C(C2=CC=C(C=C2)C)O1)C1=NC2=CC=CC=C2C(NC2=CC=C(C=C2)F)=N1,0.004673058609478175
N1=CN(N=C1)CC1C=C(C=CC=1OC)CN1CC[C@H]([C@@H](OC)C1)N,0.007536779879592359
C1(=NN=C(C2=CC=C(C=C2)C)O1)C1=NC2=CC=CC=C2C(NCC2=CC=CO2)=N1,0.006073352810926735
N1C(C2=CC=C(C=C2)C)=C(C2=CC=NC=C2)C=NC=1N1CCCC1,0.009053518297150731
C1(=NN=C(C2=CC=C(C=C2)C)O1)C1=NC2=CC=CC=C2C(N2CCCCCC2)=N1,0.008679763367399573
N1(CC)C(=O)N(N=C1C1CCCN(CC2OC3C(=CC=CC=3)C=2C)C1)C,0.008268030686303973
CC(C=NNC(C1=C(C)C=CC=C1)=O)C,0.007816864992491901
C1(C2=CC=CC=C2N=C(N=1)C1=NN=C(C2=CC=C(C=C2)C)O1)N1CCC2C=CC=CC1=2,0.007731920853257179
C1(=NN=C(C2=CC=C(C=C2)C)O1)C1=NC2=CC=CC=C2C(NCC2=CC=C(C=C2)C)=N1,0.006332869315519929
C1(=CC=CS1)C(C1CCCCC1)NC(CNC)=O,0.012026432575657964
OC1=C(C(CC2(C3=C(C=CC=C3)N(CC3=CC=CC=C3)C2=O)O)=O)C=CC=C1,0.015441532805562019
C1(C2=CC=CC=C2N=C(N=1)C1=NN=C(C2C=CC(=CC=2)C)O1)N1CCCCC1C,0.007507817866280675
N1(CCCC(C1)CCC1=C(C=CC=C1F)F)C(=O)CN(CC)CC,0.009646852733567357
BrC1=CC=C(C(CN2C(=O)SCC2=O)=O)C=C1,0.006663360423408449
C1(=C(CC)C=NC(C)=N1)N1CCC2(CC1)CN(C)CCN2C,0.010572877153754235
C1(=NN=C(C2=CC=C(C=C2)C)O1)C1=NC2=CC=CC=C2C(NC2=CC=C(C=C2)OCC)=N1,0.006096498970873654
C1(=CC=NN1C1CCN(CC1)C1=NC=CC(NCC)=N1)NC(=O)C1CC1,0.006603791075758636
C1(=NN=C(C2=CC=C(C=C2)C)O1)C1=NC2=CC=CC=C2C(NCCCC2C=CC=CC=2)=N1,0.005747917154803872
N1(CCN(C(=O)C1C)C)C(=O)CC1C2C=CC=CC=2N(C)C=1,0.008749784366227687
C1(=NN=C(C2=CC=C(C=C2)C)O1)C1=NC2=CC=CC=C2C(N2CCCC2)=N1,0.007571645709685981
N1C(C)=NC(=CC=1NCCC1=CC=CC=N1)CCN,0.0070286436239257455
C(=O)(N(CC=C)CC#CC1C=CC=CC=1)C1=CC=CO1,0.011115203564986586
COC1=C(C(OCC(C2=CC(N(=O)=O)=CC=C2)=O)=O)C=CC=C1,0.008933787699788809
C1(=NN=C(C2=CC=C(C=C2)C)O1)C1=NC2=CC=CC=C2C(NC2=CC(OC)=C(C(OC)=C2)OC)=N1,0.006080376729369163
C1(=NN=C(C2C=CC(=CC=2)C)O1)C1=NC2=CC=CC=C2C(NC2SC3=C(C=CC=C3)N=2)=N1,0.006355242198333144
N1(C)C(COC2=CC=C(C=C12)C(NCCOC)=O)CC(NCC)=O,0.006598673504777252
C12=NNC(CCC)=C1C(CC(=O)N2)C1=CNN=C1C1C=C(C)C=CC=1C,0.0061110156821087
C1(=NN=C(C2C=CC(=CC=2)C)O1)C1=NC2=CC=CC=C2C(NC2=C(OC)C=CC(OC)=C2)=N1,0.005675907083787024
C1(C#N)=C(C2C=NC(=NC=2)C(C)C)C=C(N=C1N)C1C=CC2=C(OCO2)C=1,0.004360997746698558
N1(C2C(=CC=CN=2)C)N=C(N=C1C1C=NC(=NC=1)CC)CCC1=CC=CC=C1,0.010072107519954443
C1(=NN=C(C2=CC=C(C=C2)C)O1)C1=NC2=CC=CC=C2C(NCCC(C)C)=N1,0.007504353229887783
C1(=NN=C(C2=CC=C(C=C2)C)O1)C1=NC2=CC=CC=C2C(NCC2C=CC=C(C)C=2)=N1,0.006260712421499193
C(=O)(NC1CCCC1)C(=O)N(C)CCOC1=CC=CC=C1OCC,0.011342501826584339
C1(=NN=C(C2C=CC(=CC=2)C)O1)C1=NC2=CC=CC=C2C(N2CCOCC2)=N1,0.006125568808056414
C1(=NN=C(C2C=CC(=CC=2)C)O1)C1=NC2=CC=CC=C2C(NCCCN2CCCC2=O)=N1,0.0046856853761710225
C1(C=NNC=1C1C=CC(=CC=1)F)CN(C)C(=O)CSC1=NNC=N1,0.0028195151942782106
C1(=NN=C(C2C=CC(=CC=2)C)O1)C1=NC2=CC=CC=C2C(NCC2=CC=CC=C2OC)=N1,0.0058550276327878235
N1(CCCC1=O)C1=CC=C(C=C1)CNC1CCC2(CC1)CCNCC2,0.010957295680418611
C1(=NN=C(C2=CC=C(C=C2)C)O1)C1=NC2=CC=CC=C2C(NCC2C=CC=C(OC)C=2)=N1,0.005851872963830829
C1(C(=CN=C(SC)N=1)C(OCC)=O)N1CC2=C(N(N=C2)CCO)C1,0.004251468251459301
C1(=NN=C(C2=CC=C(C=C2)C)O1)C1=NC2=CC=CC=C2C(NCC2=CC=C(C=C2)F)=N1,0.004797434457577765
N1(C2=CC=CS2)C2=CC=CC(C)=C2N=C1COCC(O)=O,0.003934621799271554
C1(=NN=C(C2C=CC(=CC=2)C)O1)C1=NC2=CC=CC=C2C(NC2C=CC3=C(OCCO3)C=2)=N1,0.005957478098571301
N1=C(C2C=CC3C(=CC=CC=3)C=2)OC(C)=C1CN1CCCC(CO)(CO)C1,0.003785534272901714
C1(=NN=C(C2=CC=C(C=C2)C)O1)C1=NC2=CC=CC=C2C(NC2C=CC(=C(F)C=2)C)=N1,0.004829025221988558
C1(=NN=C(C2=CC=C(C=C2)C)O1)C1=NC2=CC=CC=C2C(NCC=C)=N1,0.005475318210665136
C1(C(=O)NCC2ON=C(C3=CC=CC=N3)N=2)=C(C)C2C(=C(C)C=C(C)C=2)N1,0.004523179621901363
C1(=NN=C(C2=CC=C(C=C2)C)O1)C1=NC2=CC=CC=C2C(NCCC2CCCCC=2)=N1,0.00867194791790098
N1(C[C@@H](C[C@H]1C(=O)N(CC)CC)N)C(=O)C1=CC(=NN1)C,0.005314036412164569
C1(=NN=C(C2=CC=C(C=C2)C)O1)C1=NC2=CC=CC=C2C(NCC2=CC=C(C)O2)=N1,0.006551934615708887
C1(=NC=CC=C1CNC(=O)C[C@@H]1C[C@H]2C[C@@H]1C=C2)OC1C=CC=CC=1F,0.007002223108429462
C1(=NN=C(C2C=CC(=CC=2)C)O1)C1=NC2=CC=CC=C2C(NC2C=C(C)C=CC=2OC)=N1,0.00630117601249367
C1(=NN=C(C2=CC=C(C=C2)C)O1)C1=NC2=CC=CC=C2C(NC2C=CC(=C(Cl)C=2)OC)=N1,0.005129716510418802
C1(=NN=C(C2C=CC(=CC=2)C)O1)C1=NC2=CC=CC=C2C(NC2C=CC(=CC=2)NC(C)=O)=N1,0.004627735726535321
C1(=NN=C(C2=CC=C(C=C2)C)O1)C1=NC2=CC=CC=C2C(NC2=CC=C(C=C2)C)=N1,0.00617896590847522
C1(=CC2=CC(C)=CC=C2N=C1C)C(=O)NCC1=CN=CN1CCOC,0.005593723454512656
C1(=NN=C(C2C=CC(=CC=2)C)O1)C1=NC2=CC=CC=C2C(NC2C=CC=C(C)C=2)=N1,0.006097943033091724
C1(=C(C)N=C2SC=CN12)C(=O)N1CCCCC1CCC1=CC=CC=N1,0.005978921265341342
C1(=NN=C(C2=CC=C(C=C2)C)O1)C1=NC2=CC=CC=C2C(NC2CCCCC2)=N1,0.007731913728639484
C1(=NN=CN1C)SC1=CC=C(CN(C)C2CC3C(=CC=CC=3)C2)O1,0.017629479896277188
C1(=NC=CC(N)=N1)N1CC[C@H]([C@H](O)C1)N1CCC(CC1)O,0.0014439697464695201
CC1CCN(S(C2=C(C)C=C(C)C(C)=C2)(=O)=O)CC1,0.00796938706189394
C1(=NN=C(C2=CC=C(C=C2)C)O1)C1=NC2=CC=CC=C2C(NCCCC)=N1,0.005710533866658807
C1(CN(C)C(=O)C2=CC=C(C(C)N3CCCCC3)O2)C(C)=NN(C)C=1C,0.012453048955649137
C1(=NN=C(C2C=CC(=CC=2)C)O1)C1=NC2=CC=CC=C2C(NCCC2C(C)=NOC=2C)=N1,0.006616554874926806
N1=C(C)C(=C(C)N1CC)CCNC(=O)C(N(C)C)C1C=CC=C(C)C=1,0.011054788483306766
C1(=NN=C(C2=CC=C(C=C2)C)O1)C1=NC2=CC=CC=C2C(NC2C(OC)=CC(=CC=2Cl)OC)=N1,0.004976047144737095
S(N)(=O)(=O)C1=CC=C(C2C=CC=C(C=2)NC(C)=O)S1,0.0031960245512891563
N1(CCCC1=O)CC(=O)N(CCO)CCSC1=CC=C(C=C1)Cl,0.0034028398105874656
C(=O)(C1=CC=CO1)N1CCCN(CC(C)=CC2=CC=CC=C2)CC1,0.013376792892813683
C1(=NN=C(C2=CC=C(C=C2)C)O1)C1=NC2=CC=CC=C2C(NCC2C=C(OC)C(=C(OC)C=2)OC)=N1,0.006264555430971086
CN1C(SCC2NC3=C(C=CC=C3)N=2)=NN=N1,0.0023879058251623066
C1(=NN=C(C2C=CC(=CC=2)C)O1)C1=NC2=CC=CC=C2C(NCC2=CC=CC=C2OCC)=N1,0.006069255666807294
C1(=NN=C(C2C=CC(=CC=2)C)O1)C1=NC2=CC=CC=C2C(NCCCN2CCC3C(=CC=CC=3)C2)=N1,0.005669213784858585
C1(=CN(N=N1)CC1C2=CC(C)=CC=C2N(C)N=1)C1SC=CC=1C,0.010593241034075617
C1(NN=CC=1C1C=CC(=CC=1)F)C1CCCN(C1)C1C=CN=C(N)N=1,0.0023988276079762727
C1(O)(CCN(CC1)CC(=O)NC1=CC=CC=C1NC(C)=O)C1=CC=C(C=N1)C,0.006632828107103706
C1(=NN=C(C2=CC=C(C=C2)C)O1)C1=NC2=CC=CC=C2C(NCC2=CC(OC)=CC=C2OC)=N1,0.005689646536484361
C1(CN2CC[C@H]([C@H](O)C2)C2=CC=C3C(OCO3)=C2)=NC=CN1CCC,0.0024506119021680205
C1(=NN=C(C2=CC=C(C=C2)C)O1)C1=NC2=CC=CC=C2C(NCC2C=CC(=CC=2)OCC)=N1,0.006083662598393857
N1=C(CN(C(CC)CO)CC2C=CSC=2)SC=C1C(C)C,0.006009802664630115
C1(=NN=C(C2=CC=C(C=C2)C)O1)C1=NC2=CC=CC=C2C(NCC2=CC=C(C=C2)N(C)C)=N1,0.005770075693726539
C1(=NN=C(C2=CC=C(C=C2)C)O1)C1=NC2=CC=CC=C2C(NCCCSCCC)=N1,0.005955730681307614
C1(OC2C=CC=CC=2C(=O)C=1)C(=O)N(C)C1CC2C(=CC=CC=2)C1,0.016192778153344987
C1(=NN=C(C2C=CC(=CC=2)C)O1)C1=NC2=CC=CC=C2C(NCCC2=CC=CS2)=N1,0.0058460527332499625
N1(CCN(CC1)CC1=CC=CC(=C1)CN1CCOCC1)C1C=CN=CC=1,0.011151090497151017
C1(=NN=C(C2C=CC(=CC=2)C)O1)C1=NC2=CC=CC=C2C(NCCC2=CC=CO2)=N1,0.006177614373154938
N1(CCC(C2=CC=NC(C3=CC=NC=C3)=C2)C1)C(=O)CCN1C=CN=C1CC,0.0068134597269818185
C1(=NN=C(C2=CC=C(C=C2)C)O1)C1=NC2=CC=CC=C2C(NCC2=CC=CC=C2C)=N1,0.006258435687050224
N1=C(C2=CC=CC(=C2)C(F)(F)F)OC(C)=C1CN1C=NC=N1,0.0030949024483561518
C1(=NN=C(C2=CC=C(C=C2)C)O1)C1=NC2=CC=CC=C2C(NCC2=CC=CC(F)=C2)=N1,0.004732739157043397
C1(OC(C)=O)C(C)=CC(=CC=1C)CNC(C)CC1C=NC=CN=1,0.007792929303832352
C1(=NN=C(C2C=CC=C(Cl)C=2)O1)C1=NC2=CC=CC=C2C(NCC2C=CC=NC=2)=N1,0.004350936051923782
C1(=CC=C(C=C1NC(CC)=O)Cl)C(=O)NC(C)(C)C(OC)=O,0.006371417548507452
C1(=NN=C(C2C=CC=C(Cl)C=2)O1)C1=NC2=CC=CC=C2C(NC2=CC=C(C(OC)=C2)OC)=N1,0.005094000475946814
C(=O)(N[C@H]1CCCCNC1=O)C1C=CC=CC=1NCC=C,0.005992140085436404
C1(=NN=C(C2C=CC=C(Cl)C=2)O1)C1=NC2=CC=CC=C2C(NC2=CC=C(C=C2)OC)=N1,0.004841727251186967
C1(=NC=CC=C1CNC(=O)C1C=CC(=C(O)C=1)C)OC1C=CC(=C(F)C=1)F,0.00357570240739733
C1(=NN=C(C2C=CC=C(Cl)C=2)O1)C1=NC2=CC=CC=C2C(NC2CCCC2)=N1,0.0058385033393278715
C(=O)(CN(C)C)N1CCCCC1CCC1=CC=CC=N1,0.009632433438673616
C1(=NN=C(C2C=CC=C(Cl)C=2)O1)C1=NC2=CC=CC=C2C(NC2C=CC(=CC=2OC)OC)=N1,0.004775062296539545
S(=O)(=O)(C1C=CC2=C(OCCN2C)C=1)N1C[C@H](C[C@H]1C(=O)NC(C)C)N,0.005236268043518066
C1(=NN=C(C2C=CC=C(Cl)C=2)O1)C1=NC2=CC=CC=C2C(NCC2=CC=CO2)=N1,0.005037161207292229
C1(=NN=C(C2C=CC=C(Cl)C=2)O1)C1=NC2=CC=CC=C2C(N2CCCCCC2)=N1,0.006999131175689399
C1(CNCC(=O)NC2=CC(C)=CC=C2OC)=CN(N=C1C)CC=C,0.00601552203297615
C1(=NN=C(C2C=CC=C(Cl)C=2)O1)C1=NC2=CC=CC=C2C(NCC2=CC=C(C=C2)OC)=N1,0.004865267430432141
S(CC)(=O)(=O)C1C=CC(=C(C=1)N1C=NN=C1)O,0.0041136248270049695
C1(=NN=C(C2C=CC=C(Cl)C=2)O1)C1=NC2=CC=CC=C2C(N2CCCC2)=N1,0.0060785256791859865
C1(=NN=C(C2C=CC=C(Cl)C=2)O1)C1=NC2=CC=CC=C2C(NC(C)C)=N1,0.004983763548079878
NC(C1=C(N)C2=C(N=C3C(=C2C2=CC=C(Cl)C=C2)CCC3)S1)=O,0.004158162779640406
C1(=NN=C(C2C=CC=C(Cl)C=2)O1)C1=NC2=CC=CC=C2C(N2CCOCC2)=N1,0.0050142484717071055
C1(NC2=C(C=C(C=C2)N2C=NN=N2)N=1)C1=C(C)C=C(C=C1N1C=CC=N1)C,0.0032419523398857565
C1(=CN=C(C)S1)C1N(CCSC2C=CC=CN=2)C=NC=1C1=CC=CC=C1,0.0074888015631586315
C1(=NN=C(C2C=CC=C(Cl)C=2)O1)C1=NC2=CC=CC=C2C(NCC2=CC=CC=C2OC)=N1,0.0047815553494729105
C12C3CCNCC=3SC=1N=CN(CC(C)OC1C=CC=NC=1)C2=O,0.005878020543605089
C1(=NN=C(C2C=CC=C(Cl)C=2)O1)C1=NC2=CC=CC=C2C(NCC2C=CC=C(OC)C=2)=N1,0.004821836063638329
C1(=NN=C(C2C=CC=C(Cl)C=2)O1)C1=NC2=CC=CC=C2C(NCC2=CC=C(C=C2)F)=N1,0.004066044790670275
C1(C(=O)N2CCCCC2)N=C2N(C=CS2)C=1CN1CCCC(C(N)=O)C1,0.0048676221398636695
C1(=NN=C(C2C=CC=C(Cl)C=2)O1)C1=NC2=CC=CC=C2C(NCCC2CCCCC=2)=N1,0.007081471919082105
N1(CC(=O)NC(C)C2=NNC(C)=N2)C2C=CC=CC=2C(C#N)=C1C,0.0034507011296227574
C12C(=O)NCC(C3C=CC=CC=3OC)CC=1NC(CCCC1C=CC=CN=1)=N2,0.004359338304493576
C1(=C(C2=CC=CC=C2)N=CN1C1CNCC1)C1=CNC(CCCC)=N1,0.005107443814631551
N1NC(=CC=1C(C)(C)C)CN(C)C(CCC(=O)NC1CCCC1)=O,0.008179276762530208
C1(=NN=C(C2C=CC=C(Cl)C=2)O1)C1=NC2=CC=CC=C2C(NCC2=CC(OC)=CC=C2OC)=N1,0.004690031928475946
C1(CN2CCCC2)C(OC)=CC(=CC=1Cl)OC1=NC=CC=C1C#N,0.0064127514837309715
CCN1C2=C(C=CC=C2)N=C1C(F)(F)F,0.003477498883148655
[C@@H]1([C@@H](O)CC2C=CC=CC1=2)NC(=O)CN1CCOC2C=CC=CC=2C1,0.00449437404749915
N1(CC2=CC=CN=C2N)C[C@H]([C@H]2N3CCC(CC3)[C@H]21)C1C=CC(=CC=1)OC,0.00588906838092953
C1(C(OCC)=O)C(C)=C(NC=1C)CCC(=O)N1CCCCC1,0.005029490357264877
S(=O)(=O)(CCNCC1=CN(N=C1C)CC=C)N1CCCC1,0.0044866264797747135
C1(C=C(OC)C(=CC=1F)OC)C1=NC=CN1CCCN1CCOCC1,0.006306799780577421
C1(C(OCC)=O)C(C)=C(NC=1C)CCC(=O)NC1=CC=C(C=C1)C(C)=O,0.007430617371574045
C1(C(=O)N2CCN3C(C(=O)NCC3=O)C2)=NNC(N)=C1C1C=CC=CC=1,0.002877030539093539
C1(C(OCC)=O)C(C)=C(NC=1C)CCC(=O)NC1C=CC=CC=1C(F)(F)F,0.0042517377296462655
C1(C(=O)N(C)CCSC2C=CC(=CC=2)C)SC2=C(CCCC2)N=1,0.011925764102488755
N1(C)C(COC2=CC=C(C=C12)C(=O)N(C)C)CC(=O)NC(CO)CO,0.005174353579059243
C1(C(OCC)=O)C(C)=C(NC=1C)CCC(=O)NCC1C=CC=NC=1,0.004615737916901707
C12NC(=O)CC(C3=CC=C(C=C3O)OCC3=CC=CC=C3)C=1C(=NN2C)C,0.004542550910264254
N1(CC)C(=O)NN=C1C1CCCN(CC2C=CC=CC=2C(O)=O)C1,0.002825586567632854
C1(C(OCC)=O)C(C)=C(NC=1C)CCC(=O)NC1=CC=C(C(OC)=C1)OC,0.005088235717266798
C1(=O)C2=CC=CC=C2CN1CCCCC(=O)N(C)C(C)C1SC=CN=1,0.00779956104233861
[C@H]1(C[C@@H]2C[C@H]1CC2)NC(COC1=CC=CC(=C1)NC(CC)=O)=O,0.008600608655251562
C1(C(OCC)=O)C(C)=C(NC=1C)CCC(=O)NC1C=CC=C(OC)C=1,0.004167523130308837
C1(N(CCCCO)CC2=CC=CC=C2)C2=CC=CC=C2N=C(CCN)N=1,0.004755110084079206
C1(C(OCC)=O)C(C)=C(NC=1C)CCC(=O)NC1=CC=C(C=C1)OC,0.004447412176523358
C1(=NC=CN1CCC1C=CC=NC=1)C1=CNC=N1,0.003382288827560842
N1(C(C)=CC(C)=N1)C1CN(C1)C(=O)COC1C=CC(=CC=1)C(CC)=O,0.01352102062664926
C1(C(OCC)=O)C(C)=C(NC=1C)CCC(=O)NCC1=CC=CC=C1,0.0052829967113211754
C1(C=C(ON=1)COC1=CC=C2C(CCCC2)=C1)C(=O)N(CCC)CCO,0.0074106433894485235
N1=C(C)ON=C1CN(C)C(=O)C1C=CC=CC=1C1NC=CN=1,0.002842040074756369
C1(C(OCC)=O)C(C)=C(NC=1C)CCC(=O)NC1C=CC=CC=1Br,0.0057707079220563175
C1(C=C(C)C=CC=1F)NC(CCC(=O)N[C@@H](C1=CC=CC=C1)C(OC)=O)=O,0.007438153377734125
C1(C(OCC)=O)C(C)=C(NC=1C)CCC(=O)NC(C)CC,0.005800004373304546
C1(C(OCC)=O)C(C)=C(NC=1C)CCC(=O)NC1C=CC=CC=1Cl,0.0043440032633952795
C1(C(=O)NCC2=CC=CC=N2)C=C2N(CCN(C(=O)C3CC(=NO3)C(C)C)C2)N=1,0.008489028993062675
C1(C(OCC)=O)C(C)=C(NC=1C)CCC(=O)NC1C=CC=C(Cl)C=1,0.003977823525201529
S(C1C=CC=CC=1)(=O)(=O)N1C=CC=C1CN1CCC(C1)N1C(C)=CC(C)=N1,0.010007052449509501
C1(C(OCC)=O)C(C)=C(NC=1C)CCC(=O)NCC1C=CC=CC=1Cl,0.004700270399916917
S1(=O)(=O)CCN(CC1)C1=CC=CC=C1C1ON=C(CC2CCN(CC2)C)N=1,0.007223964342847467
C1(C(=O)N2CCCC3(CCN(C)C3)C2)=C(C)NC2CCCC(=O)C1=2,0.011543789086863399
C1(C(C)=C(N=C(N)C=1C#N)C1C=NN(C)C=1)C1C(C)=NNC=1C,0.0032131994899827986
C1(C(OCC)=O)C(C)=C(NC=1C)CCC(=O)NC1=CC=C(C=C1C)Cl,0.004430676740594208
C12=C(CCN(C(C)C(=O)N3CCCC3)C1)ON=C2C1=CC=C(C=C1)Cl,0.008906920184381306
C1(SCCC(=O)N(CC=C)CC2=CC=CC=C2C)=NN=NN1C,0.0068591399351134895
C1(C(OCC)=O)C(C)=C(NC=1C)CCC(=O)NC1=C(C)C=CC(Cl)=C1,0.004386115446686744
C1(C2C=CC=CC=2CO)=NC(C)=CC(C2CCC2)=N1,0.005492146266624332
C1(C(OCC)=O)C(C)=C(NC=1C)CCC(=O)NC1CCCCCC1,0.007958829682320357
C1(C=C(NN=1)COC1C=CC=CC=1OC)C(=O)N(C)CC1=NC=CN1C,0.004565150965936482
C1(C(OCC)=O)C(C)=C(NC=1C)CCC(=O)NC1CCCCCCC1,0.008039014879614115
N1=NC(=CN1[C@@H]1CN[C@H](C(O)=O)C1)C1C=CC=CC=1Cl,0.0033675624057650567
C1(N(CCS(C)(=O)=O)C=NC=1C1C=CC=CC=1)C1=NC=CN1CCC,0.006431055162101984
C1(C(OCC)=O)C(C)=C(NC=1C)CCC(=O)NC1CCCC1,0.0063743844861164686
C1(=NC=NC=N1)N1CCN(CC1)C(=O)CCN1CCCCO1,0.0014179474441334606
C1(C(OCC)=O)C(C)=C(NC=1C)CCC(=O)NC1=CC=C(C=C1F)F,0.003899958182591945
N1(C[C@H](C[C@H]1C(NC)=O)N)CC1=CC2=CC=C(C=C2N=C1N1CCOCC1)C,0.005992511683143675
C1(C(OCC)=O)C(C)=C(NC=1C)CCC(=O)NC1C=CC(=CC=1OC)OC,0.004454859741963446
C1(=C(C)N=C(C(C)C)S1)C(=O)N(CCC)CC1=NC=CN1C,0.007766932714730501
C1(C(OCC)=O)C(C)=C(NC=1C)CCC(=O)NC1C=CC=C(C)C=1C,0.005496956780552864
C1(C=CC=C2CCCNC=12)C(=O)NCC1C=C(ON=1)CC(C)C,0.009110367111861705
C1(C(OCC)=O)C(C)=C(NC=1C)CCC(=O)NC1=C(C)C=CC=C1C,0.005777586530894041
C1(C=NN2C=C(CN(CC)CC)C=NC=12)C(=O)N(C)CC1NC=C(C)N=1,0.0044399996288120745
C1(C(OCC)=O)C(C)=C(NC=1C)CCC(NCCN(C)C)=O,0.005593521473929286
C1(NN=CC=1C1C=CC(=CC=1)F)C1CCCN(C(=O)C2=CN=C(N=C2)C2CC2)C1,0.004243016697000712
CC1=CC(C)=C(OCCCCNCCO)C(C)=C1.OC(C(O)=O)=O,0.005115188146010041
C1(C(=O)N(C)CC2NN=C3CCCC=23)C=C(ON=1)C1=CC=CC=C1,0.006979461945593357
C1(C(OCC)=O)C(C)=C(NC=1C)CCC(=O)NC1C=CC=C(C=1)C(OCC)=O,0.005459604924544692
C1(C(=O)NCC2(CCCCC2)O)C=C(NN=1)CN1C2C=CC=CC=2N=C1,0.005341954156756401
C12(CCN(CC1)CC1=CC=C(C(CC=C)=C1)OC)CN(C)CCN2C,0.01317958664149046
CCC1=C(O)C=C(O)C(C2C(OC3=CC=C(Cl)C=C3)=C(C)NN=2)=C1,0.0035001757089048622
C1(C2C=CC=C(N)C=2)=NC(=NN1C1=CC=C(C=C1)OC)C,0.005935994489118457
C1(C(OCC)=O)C(C)=C(NC=1C)CCC(=O)NC1C=CC=CC=1CC,0.005625422880984843
C1(C(OCC)=O)C(C)=C(NC=1C)CCC(=O)NC1C=CC(=CC=1)CC,0.005433993460610509
C1(C(OCC)=O)C(C)=C(NC=1C)CCC(=O)NC1C=CC=CC=1F,0.003944474761374295
C1(C(OCC)=O)C(C)=C(NC=1C)CCC(=O)NC1C=CC=C(F)C=1,0.003621645097155124
C1(C(OCC)=O)C(C)=C(NC=1C)CCC(=O)NCC1=CC=C(C=C1)OC,0.005059982906095684
N1(C)C(COC2=CC=C(C=C12)C(=O)N1CCOCC1)CC(NCCCCO)=O,0.003585976478643715
C1(C(OCC)=O)C(C)=C(NC=1C)CCC(=O)NC1C=CC=CC=1C(OC)=O,0.005456831050105393
N1(CC)C(C2CCN(CC2)C(=O)C2=CC(OC)=NC(OC)=N2)=NN(C)C1=O,0.0068108072271570565
C1(C(OCC)=O)C(C)=C(NC=1C)CCC(=O)NCC1=CC=C(C=C1)C,0.005776602448895574
N1(C[C@H](C[C@H]1C(NCC)=O)N)C(=O)C1OC=CC=1C,0.008485638583078981
C1(NC(=O)NC(=O)C=1)C(=O)N1CCC(N(CC2CC2)C(C(C)C)C1)=O,0.00525453828740865
C1(C(OCC)=O)C(C)=C(NC=1C)CCC(NCCCC1C=CC=CC=1)=O,0.005619130819104612
C1(C(C)NC(=O)CC(=O)NC2C=CC=C(Cl)C=2C)NN=NN=1,0.0029406658955849706
C1(C(OCC)=O)C(C)=C(NC=1C)CCC(=O)NCC1C=CC2=C(OCO2)C=1,0.005283738416619599
N1(C=C(C=N1)C)C(C)C(=O)NCC1=CC(C)=CC2C(=C(C)NC1=2)C,0.0063928493298590185
C1(C(OCC)=O)C(C)=C(NC=1C)CCC(=O)NC1C=CC(=CC=1F)Br,0.004714452207554132
C([C@H](C)O)(=O)N(C)CCOC1C=CC(=CC=1C)C,0.0061119839316234
C(=O)(C1=CN=CN=C1C)N1CCC(N(CC2=CC=CC=C2)C(CC)C1)=O,0.00827330183237791
C1(C(OCC)=O)C(C)=C(NC=1C)CCC(=O)NC1C=CC=CC=1C,0.0051696645095944405
N1=C(C)C(=CN1CCN1CCSCC1)CNCC1=CC=CC=N1,0.0094573097769171
C1(C(OCC)=O)C(C)=C(NC=1C)CCC(=O)NC1C=C(OC)C(=C(OC)C=1)OC,0.005354638607241213
N1=C(C2CCCN(CC3NC=CN=3)C2)ON=C1C1=CC=CN=C1,0.002900640876032412
C1(C(OCC)=O)C(C)=C(NC=1C)CCC(=O)NC1C=CC(=C(Cl)C=1)C,0.004411099723074585
C1(C(OCC)=O)C(C)=C(NC=1C)CCC(=O)NC1C=CC(=CC=1C)C,0.005392746487632394
ClC1=CC=C(C2N3C(C=CC=C3)=C(C=O)N=2)C=C1,0.004489000281319022
C(CSCC1C=CC=CC=1Cl)(=O)NCC1CNCCO1,0.0046133274445310235
C1(C(OCC)=O)C(C)=C(NC=1C)CCC(=O)NC(C)C,0.005338663980364799
C1(=COC(COC2C=CC(=CC=2OC)C)=N1)C(NCCO)=O,0.0028537323465570807
C1(C(OCC)=O)C(C)=C(NC=1C)CCC(NCCN(CC)CC)=O,0.007039118674583733
N12C=C(N=C1SC=C2C(=O)NC1C=C(C=CC=1N1CCCC(C)C1)C(N)=O)C,0.003884254628792405
C1(C=C(NN=1)COC1=CC=CC(OC)=C1)C(=O)N[C@@H](C(C)C)C(N)=O,0.004764503508340567
C1(C(OCC)=O)C(C)=C(NC=1C)CCC(=O)NC(C)C1=CC=CC=C1,0.005961120827123523
C1(C=NN(C)C=1C)C1C=C(C(C)(C)CC)N=C(N)C=1C#N,0.005853020783979446
C1(C(OCC)=O)C(C)=C(NC=1C)CCC(NCCCN1CCOCC1)=O,0.005097672389820218
C(=O)(C1C=NC(=NC=1)C1=CC=CN=C1)N1CCC(CC1)(O)C1=CC=C(C=N1)C,0.007804829813539982
C1(C(OCC)=O)C(C)=C(NC=1C)CCC(=O)NC1CC1,0.005379258119501173
C1(C(OCC)=O)C(C)=C(NC=1C)CCC(=O)NC1C=CC(=C(C)C=1)C,0.0054013673448935155
C1(C(N)=O)(CC1)C(=O)N(C)C(C1=CC=CC=C1)CCC(C)C,0.01450416217558086
C1(C(OCC)=O)C(C)=C(NC=1C)CCC(NCCC(C)C)=O,0.006415083166211843
N1(C2=CC=C(C=C2)C)C(SCC(O)=O)=NN=C1CC1C=CC(=CC=1)O,0.004035198083147407
C1(C(OCC)=O)C(C)=C(NC=1C)CCC(=O)NCC1C=CC=C(C)C=1,0.005658893240615725
ClC1=C2C(N=CC=C2)=C2C(CN(C3CCCC3)CO2)=C1,0.012111124489456416
O=C1C2=C(C=CC=C2)C(=O)C2=C1OC1=C2C=CC2=C1CN(C1CCCCC1)CO2,0.013737093564122916
N1C2=CC=C(C=C2NC=1CNCC(=O)NC1C=CC(=C(F)C=1)C)OC,0.0024184564885217697
C1(C(OCC)=O)C(C)=C(NC=1C)CCC(NCCC1C=CC=CC=1)=O,0.0056316787376999855
C1(C=C(NN=1)COC1=CC=CC(F)=C1)C(=O)N(CC)[C@@H]1CCCC[C@H]1O,0.00268897715723142
C1(C(OCC)=O)C(C)=C(NC=1C)CCC(=O)NCC1CCCO1,0.005537707265466452
N1(CCC[C@@H]1C(N)=O)CC1=CC=CC(OC)=C1OCCN1C=CN=C1,0.00563755095936358
C1(C(OCC)=O)C(C)=C(NC=1C)CCC(=O)NC1C(C)=CC(=CC=1C)C,0.006135614588856697
C1(CC(=O)NCC2=CC(F)=CC3C(=C(CC)NC2=3)C)=C(C)N=C(NC1=O)CC,0.004061386361718178
C1(C(OCC)=O)C(C)=C(NC=1C)CCC(NCCCN1CCCC1=O)=O,0.005010222201235592
N1OC(=CC=1C(C)C)CN1CCC(CNC(=O)C2=CN=C(C=N2)C)C1,0.00917762964963913
C1(C(OCC)=O)C(C)=C(NC=1C)CCC(=O)NC1C=C(C)C=C(C)C=1,0.005582063435576856
C1(=CN2C(SC=C2)=N1)C(=O)N1C[C@H]2[C@H](C[C@@H]([C@H](O)C2)O)C1,0.0018610268875860925
COC1=C(O)C=CC(C=NNC(C(OC2=CC=C(Cl)C=C2)(C)C)=O)=C1,0.004586084140464663
C1(=NC=CN=C1C(=O)N1CCCCC1)C(=O)N1CCC2(CCCNC2)C1,0.010194326657801867
C1(C(OCC)=O)C(C)=C(NC=1C)CCC(NCCN1CCCCC1)=O,0.005370673048309982
C1(NC(=O)CN2C=C(C=N2)C2=NC=NC3NC=NC2=3)C2C=CC=CC=2N(C)N=1,0.0031834911729674785
C1(C(OCC)=O)C(C)=C(NC=1C)CCC(=O)NC1C=CC(=C(C)C=1)Br,0.005967883416451514
N1=C(C2=CC(F)=CC(F)=C2)OC(C)=C1CN1C=NC=N1,0.005070046568289399
C1(C(OCC)=O)C(C)=C(NC=1C)CCC(=O)NC1=C(CC)C=CC=C1C,0.006124830082990229
C1(=C2CCCCC2=NC(N(C)C)=N1)C1C=CC=NC=1OC,0.010560318315401673
C1(C(OCC)=O)C(C)=C(NC=1C)CCC(=O)NCC1=CC=CC=C1OC,0.005027124658226967
C1(=CC(=O)NC2=CC=C(F)C=C12)C(=O)N1CCCC(CCC2=CC=C(C=C2)F)C1,0.003971481916960329
N1(CC2C=CC(=CC=2)F)C(=O)CCN(C(=O)CCNC(C)=O)CC1C(C)C,0.008210632926784455
C1(C(OCC)=O)C(C)=C(NC=1C)CCC(=O)NCC1C=CC=C(OC)C=1,0.004903957992792129
C12C(=CC=CC=1C1=CC=CC(OC)=N1)CC(CN)O2,0.009631488285958768
C1(C(OCC)=O)C(C)=C(NC=1C)CCC(=O)NCC1=CC=C(C=C1)F,0.004078969231341034
C1(=NC=CC=C1C#N)OC1C=CC=C(CN2CCCC2)C=1F,0.005812298867385835
C(=O)(C1=CC=C(C=C1)CO)N(C(C)CC)CC1C=CSC=1,0.005902134976349771
N1=C(NCC2C=NC(=CC=2C)C)N=CC(F)=C1N1CCCC1,0.006285606534220278
C1(C(OCC)=O)C(C)=C(NC=1C)CCC(=O)NC1=CC=C(C=C1)C(C)C,0.005719657521694899
C1(C(OCC)=O)C(C)=C(NC=1C)CCC(NCCC1C2C=CC=CC=2NC=1)=O,0.005651466129347682
C(=O)(N1CCOCC1)N1CCC2(CC1)CN(CC=CCCC)CCN2C,0.008825138490647078
C1(C(OCC)=O)C(C)=C(NC=1C)CCC(=O)NC1CCN(CC1)CC1C=CC=CC=1,0.005311072373297065
C1(C2=CC(C3C=CC=NC=3)=C(C(N)=N2)C#N)C2C=CC=CC=2N(C)C=1C,0.00542177704628557
C1(=CC=C(C=N1)C(NCCCC1C=CC(=CC=1)OC)=O)N1CCCC1,0.007028236007317901
N1(CC(=O)N[C@@H]2CC[C@H](CC2)N2C=NN=C2)C2=CC(C)=CC=C2OC1=O,0.004810246452689171
C1(C(OCC)=O)C(C)=C(NC=1C)CCC(=O)NC1=C(F)C=CC(F)=C1,0.003980298666283489
N1(C=NN=C1CC1CCNCC1)C1=CC(=NN1C)C,0.007011662400327623
C1(C(OCC)=O)C(C)=C(NC=1C)CCC(=O)NCC1=CC=CS1,0.004467079974710941
C1(C(=O)N(C)CCC2NC3C(=CC(=CC=3)F)N=2)=C(C)N(N=C1C)CC,0.0031583735311869533
C1(C(OCC)=O)C(C)=C(NC=1C)CCC(=O)NC1C=CC(=C(F)C=1)C,0.003922499448526651
N1(C(=O)CNC1=O)CC(=O)N(CCOC)CC1C(C)=NN(CC)C=1C,0.002111241966485977
CC(C1(C2(C)C(C3C(CC2)C2(C)C(=CC(CC2)=O)C=C3)CC1)O)=O,0.027963841520249843
C1(C(OCC)=O)C(C)=C(NC=1C)CCC(=O)NC1C(OC)=CC=C(Cl)C=1,0.004140988970175385
C1(SC2=C(CCNC2)C=1C(O)=O)S(NCCN1C=C(N=N1)C)(=O)=O,0.0031513342808466406
C1(C(OCC)=O)C(C)=C(NC=1C)CCC(=O)NC1C=C(ON=1)C,0.004261369106825441
C1(C(OCC)=O)C(C)=C(NC=1C)CCC(=O)NC1C=CSC=1C(OC)=O,0.004293382808100432
N1(CCC2(CC1)CNC(=O)C2)C(=O)CC1C=CC(=C(C)C=1)F,0.006448670360259712
CN(C1=CC=C(C(C2C=C(C(C)(C)C)C(O)=C(C(C)(C)C)C=2)N2CCOCC2)C=C1)C,0.009488745778799056
C1(C(OCC)=O)C(C)=C(NC=1C)CCC(=O)NC1C=CC=CC=1OCC,0.004886823799461126
C1(C(OCC)=O)C(C)=C(NC=1C)CCC(NCCC1CCCCC=1)=O,0.008790037874132395
C1(C(OCC)=O)C(C)=C(NC=1C)CCC(=O)NC1=CC2OCOC=2C=C1C(C)=O,0.006861592037603259
N1(C(CNC)=O)C[C@H]([C@H]2N3CCC(CC3)[C@H]21)C1C=CC=CC=1,0.008010785153601319
C1(C(OCC)=O)C(C)=C(NC=1C)CCC(=O)NC(C)CCC1=CC=CC=C1,0.006684735091403127
C1(C(OCC)=O)C(C)=C(NC=1C)CCC(NCCCOC)=O,0.0049376462819054725
C1(=C(C)N=C2C=CC=CN12)CC(=O)N1CCC2(CC1)CCNC(=O)CC2,0.005382524547167122
C1(C(OCC)=O)C(C)=C(NC=1C)CCC(=O)NCC1=CC=C(C)O1,0.004925570311024785
C1(C(=O)NCC2CCN(CC3=CC=C(C=C3)C)C2)=NN(C=C1Cl)C,0.008707030629739165
C1(C(OCC)=O)C(C)=C(NC=1C)CCC(NCCC1=CC=C(C=C1)S(N)(=O)=O)=O,0.004751876427326352
C12CN(CCC=1NN=C2C1=CC=CC2=CC=CC=C12)C(=O)CNC(C)=O,0.004900108324363828
C1(C(OCC)=O)C(C)=C(NC=1C)CCC(=O)NC1C=CC(=CC=1C)F,0.003945276839658618
C12CN(CCC=1NN=C2C1=CC=C(C(F)=C1)F)CC1=NC=C(C(OC)=C1C)C,0.006052340986207128
CC1=C(C(C2=CC=C(C)C=C2)CN(=O)=O)C2=C(C=CC=C2)N1,0.006171217514201998
C1(C=C(ON=1)CN1CCOCC1)C(=O)N(C)C(C)C1C=CC(=CC=1)OC,0.01041788780130446
C1(=CC(C)=C(N(C)C1=O)CC)C(=O)N(C1CC1)CC1=CC=CC=C1OC,0.012309283390641213
C1(C(OCC)=O)C(C)=C(NC=1C)CCC(=O)NC1=CC=C(C=C1Cl)F,0.003610264498274773
C1(C2=CC=CN=C2)OC2=C(C=C(C=C2)C[C@@H]2CC[C@H](CN3CCOCC3)O2)N=1,0.007185703050345183
C12N=CC(=CN1N=CC=2C(NCCOC1C=CC=CC=1)=O)C,0.005478856805711985
C1(C(OCC)=O)C(C)=C(NC=1C)CCC(=O)NC1C=C(C)C=CC=1OC,0.004790867224801332
C1(C(OCC)=O)C(C)=C(NC=1C)CCC(NCCN1CCOCC1)=O,0.005174474255181849
CC1=NC(SCC(CS(CC2=CC=CC=C2)=O)O)=C(C#N)C(C)=C1,0.003395637194626033
C1(C=C(ON=1)COC1C=CC(=CC=1F)F)C(=O)N(C)CC1=CC=C(C=C1)C,0.008935998100787402
C1(C(OCC)=O)C(C)=C(NC=1C)CCC(=O)NC1C=CC(=CC=1C)N(CC)CC,0.00639049329329282
C1(C(OCC)=O)C(C)=C(NC=1C)CCC(=O)NC1=CC=C(C=C1)C,0.005046569579280913
N1C(OC)=NC(=CC=1N1CCN(CC1)CC(C)(C)N1CCOCC1)OC,0.009200514759868383
C1(C(OCC)=O)C(C)=C(NC=1C)CCC(=O)NC1C=CC=C(C)C=1,0.004884529241826386
C12CCNCC1=CC=CC=2C1C=CC(=CC=1)C(O)=O,0.006214499822817743
CC(C1=CC=CC=C1)NC(CCC(NC1=C(O)C=CC=C1)=O)=O,0.005609938292764127
C1(C(O)=CC=C(C=1)N1C=CC=C1)C(=O)N1CCOC(C1)C(F)(F)F,0.0032108000537846237
N1=C(C=CN=C1N1CCCC(OCCC)C1)N1CCC(CC1)O,0.004528448474593461
S(=O)(=O)(NC(C(O)=O)C1C(C)=NNC=1C)C1C=C(SC=1C)C,0.0022250894864555447
C1(C(OCC)=O)C(C)=C(NC=1C)CCC(=O)NC1CCCCC1,0.006908058957196772
S(=O)(=O)(C1C=CC(=CC=1)F)N1CCCC2(CCN(C)C2)C1,0.006659502047114074
C(=O)(NC1C=CC=C(C=1)NC(CNC(C)=O)=O)C1C=CC=CC=1OC,0.007213319675065577
C12=C(CCN(C(=O)C(C)(C(C)C)N)C1)ON=C2C(C1=CC=CC=C1)C1C=CC=CC=1,0.014454518118873239
C1(C(OCC)=O)C(C)=C(NC=1C)CCC(NCC)=O,0.004925048374570906
C1(=C(C2=CC=CC=C2)N=CN1C(C)CCCC(C)(C)O)C1=CC=C(CO)O1,0.006184763228520751
C1(CN(CCO)CC2=CC=C(C=C2)SC)=CC(=NN1C)C,0.005523474607616663
C1(C(OCC)=O)C(C)=C(NC=1C)CCC(=O)NC1C=CC(=CC=1)Br,0.005569125781767071
C1(C(OC)=O)(CC1)C(=O)NC(C)C1C=CC(=C(F)C=1)O,0.0054213652620092034
C1(C(OCC)=O)C(C)=C(NC=1C)CCC(NCCCC)=O,0.005352295516058802
N1C(CNC2=NC=CC(CCC(F)(F)F)=N2)=CSC=1C1=NC=CC=N1,0.0036328101705294102
N1(CC2=C(C=NC(CC3C=CC(=CC=3)OC)=N2)C1)C([C@H](CCCCO)N)=O,0.004773084213957191
C1(C(OCC)=O)C(C)=C(NC=1C)CCC(NC)=O,0.0046364216017536816
C1(C(C)=CC(=CC=1C)C)NC(CCC(=O)N(CC=C)CC1C=CN=CC=1)=O,0.00831725934986025
C1(C(OCC)=O)C(C)=C(NC=1C)CCC(=O)NC1C(F)=C(F)C=C(F)C=1F,0.005339277535676956
C1(=NC=CN1CCCN1C=CC=N1)C1=NC=CN1CC,0.008115578046999871
N1(CC)C(=O)NN=C1C1CCN(CC1)C(=O)C1(N)CC1,0.003980884607881307
C1(C(OCC)=O)C(C)=C(NC=1C)CCC(=O)NC1C=CC=CC=1OC,0.004595398984383792
C1(C(OCC)=O)C(C)=C(NC=1C)CCC(=O)NC1C=C2OCOC2=CC=1C(OC)=O,0.0058102704584598545
[C@@H]1(C2C=CC(=CC=2)F)CCN(C[C@H]1O)CC=CC1=CC=CO1,0.0023405286658089606
C1(C(OCC)=O)C(C)=C(NC=1C)CCC(NCCC1C(C)=NOC=1C)=O,0.005566251138225198
N1(CCCC(C(=O)NCC2=CC=CN=C2)C1)C1CCN(CC1)CC1C=CSC=1,0.008333319867961108
C1(C(OCC)=O)C(C)=C(NC=1C)CCC(=O)NC(C(C)C)C1=CC=CS1,0.006445561489090324
C(=O)(N(CC=C)C(C)C)C1C=CC=CC=1N1C=NC=N1,0.0071345658507198095
O=C(NC1SCCN=1)CNC(C1CCCCC1)=O,0.007512660906650126
C1(C(OCC)=O)C(C)=C(NC=1C)CCC(=O)NC1C(OC)=CC(=CC=1Cl)OC,0.0039381203707307575
C1(C(OCC)=O)C(C)=C(NC=1C)CCC(NCCC1=CNC2C=CC(OC)=CC1=2)=O,0.004958836431615055
C1(NN=CC=1C1=CC=C(C=C1)C)C1CCCN(C(=O)CCO)C1,0.002351152081973851
C1(C(OCC)=O)C(C)=C(NC=1C)CCC(=O)NC(C)CC1=CC=CO1,0.005237890384159982
C12CCN(CC=1N=C(C)NC2=O)C(=O)C1=CC2=C(C(OC)=CC(Cl)=C2)O1,0.004849324864335358
C1(C(OCC)=O)C(C)=C(NC=1C)CCC(=O)NCC1=CNN=C1C,0.004878505552187562
C(=O)(N1CCOCC1)C1CCCN(C2CCN(CC2)CCC2C=CC=CN=2)C1,0.0107535217422992
C1(SC=CN=1)NC(CNC(=O)CC(=O)NC1C=CC(=CC=1)C)=O,0.005112834693863988
C1(C(OCC)=O)C(C)=C(NC=1C)CCC(NCCCN1CCN(CC1)C)=O,0.005400902358815074
N1(CCC(CC1)NC(CSCC1C=CC=CC=1Cl)=O)CC(OC)=O,0.005234250822104514
C12C(=O)NCC(C3=CC=C(C=C3)Cl)CC=1NC(=N2)C1ON=C(COC)N=1,0.0029419786296784878
C1(C(OCC)=O)C(C)=C(NC=1C)CCC(NCCCN1CCCCC1)=O,0.0054584049154073
C12C(CC(NCC=1N=C1SC=CN12)=O)C1=CC=CC(OCCC(C)C)=C1,0.007092702039517462
C1(C(OCC)=O)C(C)=C(NC=1C)CCC(NCCCN1CCN(CC1)C1=CC=CC(Cl)=C1)=O,0.0039866090170107785
N1(C(C2=CC=CC=C2)CN2C=CN=C2)C=C(N=N1)C1CCCCC1,0.011042183451354503
[C@@H]1(C[C@@H](O)CCN1CCCC1=CC=CC=C1)C(O)=O,0.002665497444104403
C1(C(OCC)=O)C(C)=C(NC=1C)CCC(NCCCN1CCCCCC1)=O,0.006660889252088964
C1(COC)(CNC(=O)C2=CC=CC=C2OCC(C)=C)CC1,0.012263223389163613
C1(C(OCC)=O)C(C)=C(NC=1C)CCC(NCCCN1CCCCC1C)=O,0.005417929717805236
C1(C(OCC)=O)C(C)=C(NC=1C)CCC(NCCCN1CCCC1)=O,0.005818456714041531
C1(C(OCC)=O)C(C)=C(NC=1C)CCC(NCCN1CCCCCC1)=O,0.006646817596629262
N1(C(CC)C(=O)NCC2OC(=NN=2)C)C2=CC=CC=C2C(C(C)=O)=C1,0.009784863237291575
C1(C(N)=O)=CN=C2CN(C(=O)C3C=CC=CC=3C3C=CC=CC=3)CCN12,0.005397276999428868
C1(C(OCC)=O)C(C)=C(NC=1C)CCC(NCCN1CCCC1)=O,0.005699000414460897
N1=C(N)N=C(C=C1N1CCN(CC1)C)C1C=CC=NC=1OC,0.004348164517432451
C1(C(OCC)=O)C(C)=C(NC=1C)CCC(NCCN(C)CC1C=CC=CC=1)=O,0.006477387133054435
S(=O)(=O)(NCC1CCCN(C)C1)C1=CC=CC(=C1)NC(C)=O,0.0037553272326476873
C1(C(OCC)=O)C(C)=C(NC=1C)CCC(NCCCN1CCN(CC1)CC)=O,0.005873749754391611
C12(CCN(CC1)CC1=CC=CC(OC)=C1OC(C)CC)CN(C)CCN2C,0.016629953449591995
C1(C(OCC)=O)C(C)=C(NC=1C)CCC(NCCN1CCCCC1C)=O,0.0054776985547505316
C(=O)(N(CC=C)CC1C=CC=C(OC)C=1)C1=C(C=CC=C1F)O,0.0044062338070943955
C1(C(OCC)=O)C(C)=C(NC=1C)CCC(NCCN1CCN(CC1)CC)=O,0.006041884119622409
C1(C(OCC)=O)C(C)=C(NC=1C)CCC(NCCCN1CCN(CC1)C1C=CC=CC=1F)=O,0.0038199902279302477
C1(C(OCC)=O)C(C)=C(NC=1C)CCC(=O)NCC1=CC(OC)=C(C(OC)=C1)OC,0.0062561072409152985
N1(CC(C)NC(=O)CC(=O)NC2C=CC(=CC=2)C)C(C)=CC(C)=N1,0.00812151727732271
N1C(=O)C(C2=CC=C(C)C(C)=C12)CC(=O)NCC1C(C)=NOC=1C,0.008545571495778859
C1(C(OCC)=O)C(C)=C(NC=1C)CCC(=O)NCC1CCN(CC1)CC1C=CC(=CC=1)C,0.0060078899725340305
C1(C(NCCSC2NN=CN=2)=O)=C(C)OC(C2=CC=CC=C2Cl)=C1,0.003289321984630078
C1(C(OCC)=O)C(C)=C(NC=1C)CCC(NCCCN1CCCC(C)C1)=O,0.00550821159267798
C1(C(OCC)=O)C(C)=C(NC=1C)CCC(NCCCN1CCN(CC1)C1=CC=C(C=C1)F)=O,0.0038227196084335445
C1(NC(=O)C2C=CC(=CC=2)CN(C)CC2=CC=NO2)OC(=C(C)C=1C#N)C,0.00609125045593828
C1(C(OCC)=O)C(C)=C(NC=1C)CCC(NCCCN1CCC(CC1)CC1C=CC=CC=1)=O,0.00563730678986758
C1(C2C=CC(=C(CN3C=CC=N3)C=2)OC)NC2=C(C=CC(C)=C2)N=1,0.004496768862009048
C1(C(OCC)=O)C(C)=C(NC=1C)CCC(NCCCN1CCN(CC1)CC1C=CC=CC=1)=O,0.0051380600547417995
C1(C(OCC)=O)C(C)=C(NC=1C)CCC(NCCCN1CCC(CC1)N1CCCCC1)=O,0.00657920001540333
C1(N=C(C)C=CC=1C(N)=O)N1CCN(CC1)CC1=CC=C(N=C1)OCC,0.005889674951322377
C1(C(OCC)=O)C(C)=C(NC=1C)CCC(NCCCN1CCN(CC1)CCC)=O,0.005853266920894384
N1(CC)C(CC2CCN(CC2)CC2C=CC(=C(C(O)=O)C=2)O)=NN(C)C1=O,0.0046572986291721465
C1(ON=C(CC(C)C)C=1)C(=O)N(C)CC1=CC=CS1,0.009256264241412283
C1(C(OCC)=O)C(C)=C(NC=1C)CCC(NCCN(C)C1CCCCC1)=O,0.008214937779121101
C(=O)(C1CCOC1)N(CCO)CC1=CC=CS1,0.004140525124967098
C1(C(OCC)=O)C(C)=C(NC=1C)CCC(NCCN1CCN(CC1)C1=CC=CC(Cl)=C1)=O,0.004424392385408283
N1=CN(N=C1)CC(C)NC1CCC2(CC1)CCNCC2,0.011289612390100956
C1(C(OCC)=O)C(C)=C(NC=1C)CCC(NCCN1CCC(CC1)CC1C=CC=CC=1)=O,0.006031971087213606
S1C(N)=NN=C1SCC(=O)N(CCOC)CC1=CC=CN=C1,0.00474975008983165
C1(C(OCC)=O)C(C)=C(NC=1C)CCC(=O)NCC1C=CC(=C(OC)C=1)OC,0.0058694298844784495
C1(C(OCC)=O)C(C)=C(NC=1C)CCC(NCCN1CCN(CC1)CC1C=CC=CC=1)=O,0.005513807013630867
C1(CN(CC(C)C)CC2=CC(OC)=C3C(OCO3)=C2)C=NN(CC)C=1,0.015150242950767279
C1(C(OCC)=O)C(C)=C(NC=1C)CCC(=O)NCC1=CC=C(C=C1)SC,0.005040823295712471
C1(C(OCC)=O)C(C)=C(NC=1C)CCC(=O)NCC1C=CC(=CC=1OC)OC,0.004927805531769991
C1(C(OCC)=O)C(C)=C(NC=1C)CCC(=O)NCC1=CC(OC)=CC=C1OC,0.004988779372069985
C1(=CC=C(C=C1O)OC)C(=O)NCC1CCCN(C2CCOCC2)C1,0.005490439734421671
C1(C(OCC)=O)C(C)=C(NC=1C)CCC(=O)NCC1C=C(Br)C=CC=1OC,0.005612709885463118
C12CN(CCOC1=C(C=C(C1=CC=C(C=C1)C)C=2)O)CCC(OC)=O,0.005892937886528671
COC1=CC=C(N2C(=O)C3=C(C=CC=C3)N=C2SCC2OC(=O)NC2)C=C1,0.004272725200280547
C1(CN[C@H](CO)C2C=CC=CC=2)=CN(N=C1C)CC=C,0.00408271390479058
C1(C(OCC)=O)C(C)=C(NC=1C)CCC(=O)NCC1=CC=C(C=C1)N(C)C,0.005254073208197952
C1(=NC(C)=CC(C)=C1C#N)N1CCC(CC1)N1CCCC(C1)C(=O)NC1CC1,0.00623319149017334
C1(C(OCC)=O)C(C)=C(NC=1C)CCC(NCCCN1CCN(CC1)C1CCCCC1)=O,0.006457623234018684
C1(CN(CCOC)CC2=C(C=CC=C2O)OC)C(C)=NN(CC)C=1C,0.007282122573815286
C1(C(OCC)=O)C(C)=C(NC=1C)CCC(NCCN1CCN(CC1)C1C=CC=C(C)C=1C)=O,0.005394668248482048
S(NCCC1OCCN(C(C)C)C1)(=O)(=O)C=CC1=CC=CC=C1,0.005551483819726854
C1(C(OCC)=O)C(C)=C(NC=1C)CCC(NCCC1=CC=CS1)=O,0.004661301500163972
C(=O)(N1CCCCCC1)C1=CC=CC=C1NC(CCC1NN=C(C)N=1)=O,0.0038603529799729587
C1(C(OCC)=O)C(C)=C(NC=1C)CCC(NCCC1=CC=CO1)=O,0.004772534081712365
N1(C)N=CC=C1CNCC1C(C)=CC(=C(COC(C)=O)C=1C)C,0.010848341835662722
C1(C(OCC)=O)C(C)=C(NC=1C)CCC(NCCCN1CCN(CC1)C1=C(C)C=CC(Cl)=C1)=O,0.004182677459903061
N12C(CCC)=NN=C1SC(C1=CC(C)=NC3N(N=CC=31)C(C)C)=N2,0.010104489186778665
C1(C(OCC)=O)C(C)=C(NC=1C)CCC(NCCCN1CCN(CC1)C1=CC(C)=CC=C1C)=O,0.004949404601939022
CC(C1=C(O)C=CC=C1)=NNC(CCCCCNC(C1=CC=CC=C1)=O)=O,0.004233963950537145
C1(C(OCC)=O)C(C)=C(NC=1C)CCC(=O)NCC1=CC=CC(Br)=C1,0.006216937908902764
C1(OC=NC=1C)C(=O)N1CCC(CC1)N1CCCC(C(NCCOC)=O)C1,0.005798968649469316
N1(C2=CC=CC=C2C=N1)CC(=O)NCC1=CC=CN=C1OC1C=CC=CC=1,0.005378110730089247
C1(C(OCC)=O)C(C)=C(NC=1C)CCC(=O)NCC1=CC=CC=C1C,0.005777870793826878
C1(=CC=C2C(OCO2)=C1)[C@@H]1CCN(C[C@H]1O)CC=CC1=CC=CO1,0.0034371020272374155
C1(CN(CC)CC2C=C(Cl)C(=C(Cl)C=2)OCC=C)OC(=NN=1)CC,0.01137402132153511
C1(C(OCC)=O)C(C)=C(NC=1C)CCC(=O)NCC1=CC=CC(F)=C1,0.003948943957220763
N12C=C(N=C1SC=C2C(=O)N(CC)CC1C=CC=CN=1)C1=CC=C(C=C1)Cl,0.005413124314509332
C1(C(OCC)=O)C(C)=C(NC=1C)CCC(=O)NC1=CC=C(C=C1)N1CCC(CC1)C,0.005555503373034299
C12CN(CCOC1=C(C=C(C=2)C1=CC=C(C)S1)OC)CCC1C=NNC=1,0.00670203878544271
C1(C(OCC)=O)C(C)=C(NC=1C)CCC(=O)NC(C)C1C=CC2=C(OCCO2)C=1,0.005746018025092781
N1=C(CNCC(=O)NCC2C=CC=CC=2F)C=C(C(C)C)O1,0.004709733533672988
C1(C(OCC)=O)C(C)=C(NC=1C)CCC(=O)NC1ON=C(C2=CC=CC(Cl)=C2)C=1,0.0039007974904961885
C12C=CC=C(OC)C=1OCCCN(CC(OCC)=O)C2,0.012548965774476529
C1(C(OCC)=O)C(C)=C(NC=1C)CCC(=O)NC1ON=C(C2=CC=CC(F)=C2)C=1,0.003751592885237187
N1(CC2(CCC2)CO)C=NC(C2=CC=CC=C2)=C1C1=CC=CC=C1,0.005832482944242656
C1(C(OCC)=O)C(C)=C(NC=1C)CCC(=O)NCC1=CC=C(C=C1)CC,0.006441705883480609
C1(=NC=CC(CCC(F)(F)F)=N1)C1C=CC=CC=1CN1CCOCC1,0.004640394367743284
C1(C(OCC)=O)C(C)=C(NC=1C)CCC(=O)NC1C=CC2=C(CN(C2)CC2C=CC=CC=2)C=1,0.006045589316636324
C12(CCN(CC1)C1C=CC3C(=C(C=CC=3)OC)N=1)N(C)CCNC2=O,0.005549437133595347
C1(C(OCC)=O)C(C)=C(N(CC)C=1C)CCC(=O)NCC1=CC=CC=C1,0.009159074630588293
C1(CN2CCOC3=C(C=C(C4C=CC=C(Cl)C=4)C=C3C2)O)C=NN(CC)C=1C,0.005948938010260463
N1(CC(N)=O)C2C=CC=CC=2C(CNC(CC)C2C=C(C)C=CN=2)=C1C,0.008508312818594276
C1(C(OCC)=O)C(C)=C(N(CC)C=1C)CCC(=O)NC1CCCCCC1,0.012632210785523058
C1(C(OCC)=O)C(C)=C(N(CC)C=1C)CCC(=O)NC1CCCC1,0.010855482704937459
C1(C(OCC)=O)C(C)=C(N(CC)C=1C)CCC(=O)N1CCCCCC1,0.012111194990575313
C1(C(OCC)=O)C(C)=C(N(CC)C=1C)CCC(=O)N1CCCC1,0.010830424539744855
C1(NN=C(C2=CC=NC=C2)C=1)C(=O)N1CCCC1CCCC,0.005569847440347076
C1(C(OCC)=O)C(C)=C(N(CC)C=1C)CCC(=O)N1CCN(CC1)C1CCCCC1,0.01221827482804656
Cl.ClCC(N1CCN(CC2=CC3=C(OCO3)C=C2)CC1)=O,0.006961106671951711
N1(C=CC=C1CN1CC[C@H]([C@H](O)C1)C1C=CC(=CC=1)F)C1N=CC=CN=1,0.0019281619926914573
C1(C(OCC)=O)C(C)=C(N(CC)C=1C)CCC(=O)NC(C)C,0.00923572233878076
C1(C=C(F)C=CC=1OC)C(=O)C1CCCNC1,0.012831524340435862
C1(=NC=CC=C1C(N)=O)N1CCOC2=C(C=C(C=C2C1)C1C2=CC=CC=C2SC=1)O,0.003372888802550733
C1(C#N)=C(C2C=CC=NC=2)C=C(N=C1N)C1C=CC=CC=1OCC(N)=O,0.0035385863622650502
CC1=C(CC#N)C(C)=CC(C(C)(C)C)=C1,0.015904334778019447
C1(C(OCC)=O)C(C)=C(N(CC)C=1C)CCC(=O)NC1CC1,0.009389745257794856
S1(=O)(=O)CCN(CC1)C1=CC=CC=C1C(=O)NCC1CCCCC=1,0.008229980617761612
C1(C(OCC)=O)C(C)=C(N(CC)C=1C)CCC(=O)N1CCN(CC1)CCC,0.011063954373821617
C1(CN(C)C(=O)C2=CC=C(C(=C2)NC(C2CCCC2)=O)C)=NC=CN1C,0.005917647224850953
C1(C(OCC)=O)C(C)=C(N(CC)C=1C)CCC(=O)NCC1=CC=C(C=C1)F,0.007077045924961567
C1(=CN=C2CCCCN12)NC(=O)C1=CC=CC2CCOC1=2,0.006053753336891532
C1(C(OCC)=O)C(C)=C(N(CC)C=1C)CCC(=O)N1CCC2(CC1)OCCO2,0.011202225694432855
C1(C(OCC)=O)C(C)=C(N(CC)C=1C)CCC(=O)N1CCN(CC1)C(=O)C1=CC=CO1,0.009917820803821087
C1(C(OCC)=O)C(C)=C(N(CC)C=1C)CCC(=O)N1CCN(CC1)CC,0.011177566042169929
C(=O)(N(C)CC1SC=CC=1C)CC(=O)NC1C=CC(=CC=1)C,0.007274856651201844
C1(C(OCC)=O)C(C)=C(N(CC)C=1C)CCC(=O)NC1CCCCC1,0.011424148827791214
S1(CC(C=C1)CC(=O)N(CCC)CC=CC1=CC=CC=C1)(=O)=O,0.010803241934627294
FC(C(C(C(C1SC=CC=1)=O)=CNC1=CC=C(Cl)C=C1)=O)(F)F,0.006237652897834778
N1(C2=CC=C3C(OCCO3)=C2)N=C(N=C1C1CCOC1)CC(C)C,0.011925761261954904
C1(=NC=CN1C1C=CC(=CC=1)OC)C1=NC=CN1CC1=NC=CN1CC,0.008958352264016867
C1(C=C2N(CCCN(C(OCC=C)=O)C2)N=1)C1NC2C(=CC(=CC=2)F)N=1,0.0028861064929515123
N1(C2C=CC(=CC=2F)F)C(SCC(O)=O)=NN=C1CN1C=CC=N1,0.004303321684710681
C12N=C(C)C=C(C)N1N=C1NC(=O)CC(C=21)C1=CNN=C1C(O)=O,0.002769704966340214
C1(C(OCC)=O)C(C)=C(N(CC)C=1C)CCC(=O)NCC1=CC=C(C=C1)SC,0.008416651887819171
C1(COC2=C(C=CC=C2OC)C1)C(=O)N(CC=C)CC1=CC=CO1,0.012259566271677614
C1(C(OCC)=O)C(C)=C(N(C)C=1C)CCC(=O)NCC1=CC=CC(Cl)=C1,0.00811896298546344
C1(=CC=CC2C(=CC=NC1=2)C1=CC=C(C=C1)S(C)(=O)=O)C(F)(F)F,0.004397269384935498
C1(C(OCC)=O)C(C)=C(N(C)C=1C)CCC(=O)NCC1C=CC=NC=1,0.00823269907850772
C1(C(OCC)=O)C(C)=C(N(C)C=1C)CCC(=O)NCC1=CC=CC=C1,0.009303224878385663
NS(C1=CC=C(NC(CSC2SC(SCC3=CC=C(F)C=C3)=NN=2)=O)C=C1)(=O)=O,0.004956781514920294
[C@@H]1(CN(CC2=CC=C(C=C2F)F)C[C@@H](C(O)=O)C1)C(=O)NCC1C=CN=CC=1,0.0038831299054436384
C1(C(OCC)=O)C(C)=C(N(C)C=1C)CCC(=O)NC(C)CC,0.010147717501968145
C1(C(OCC)=O)C(C)=C(N(C)C=1C)CCC(=O)NCC1C=CC=CC=1Cl,0.008230462064966559
S1(CC(C=C1)CC(=O)N(CC)CC1=CC=C(C=C1)F)(=O)=O,0.00788401896134019
C1(C(OCC)=O)C(C)=C(N(C)C=1C)CCC(=O)NC1CCCCCC1,0.01295895162038505
C1(N2CCOCC2)N=CC(=CN=1)CN(C)C(C)C1C=CC=CN=1,0.007856950047425926
C1(C(OCC)=O)C(C)=C(N(C)C=1C)CCC(=O)NCC1=CC=CO1,0.008105070423334837
C1(=C(C)C=NN1CC1C=CC=C(F)C=1)NC(=O)C1CCCN1C(C1CCCCC1)=O,0.007346383132971823
C1(=CN(N=N1)CCN)C(=O)NC1C=CC=CC=1SC1C(C)=NNC=1C,0.005742245703004301
CCOC1=CC=C(C(NC2=C(N3CCCC3)C=CC(C(F)(F)F)=C2)=O)C=C1,0.005697357677854597
N1C2C(=CC=CC=2F)C=CC=1C(=O)N1CCC[C@H](N)C1,0.0054718609899282455
C1(C(OCC)=O)C(C)=C(N(C)C=1C)CCC(=O)N1CCCCCC1,0.012227871268987656
C12CN(CCC=1ON=C2C(C1C=CC=CC=1)C1C=CC=CC=1)CC1CNC(=O)O1,0.0055941705359146
C(F)(F)(F)CCN1CCC(CC1)CC(NC)=O,0.004019933304516598
C1(C(OCC)=O)C(C)=C(N(C)C=1C)CCC(=O)NCC1=CC=C(C=C1)OC,0.008523501711897552
N1=C(C2=CC=CC=C2)N=C(CCOC)N1C1C=CC(=CC=1)F,0.0060721600195392965
OC1=CC(C=NNC(COC2=CC3=C(C=CC=C3)C=C2)=O)=CC=C1,0.003493373596575111
C1(C(OCC)=O)C(C)=C(N(C)C=1C)CCC(=O)N1CCC(CC1)C,0.00978569856379181
C1(C(OCC)=O)C(C)=C(N(C)C=1C)CCC(=O)N1CCN(CC1)C1C=CC=CC=1,0.009434176539070905
C1(=CC=CC=C1NC(=O)[C@H]1C[C@H](CN1)O)C(=O)NCC1=CC=CC(C)=C1,0.00315172896371223
C1(C(OCC)=O)C(C)=C(N(C)C=1C)CCC(=O)NCC1C=CC2=C(OCO2)C=1,0.008653660747222602
N1C(CC2C=CC=CC=2)=NNC=1C1CCN(CC1)C1N=CC=CN=1,0.004552619077730924
C1(C(OCC)=O)C(C)=C(N(C)C=1C)CCC(=O)N1CCCC1,0.010737430257722735
N1(CCCNC2CCCC(C)(C)C2)C=CN=C1CC,0.010795764345675706
CC1=C2C(C=CC=C2)=NC(C(O)=O)=C1,0.005962815613020212
C1(C(OCC)=O)C(C)=C(N(C)C=1C)CCC(=O)N1CCN(CC1)C1C=CC=C(Cl)C=1,0.008011276926845312
N12C=C(N=C1SC=C2C(NCCS(C(C)C)(=O)=O)=O)C1C=CC(=CC=1)F,0.00363930226303637
C1(C(OCC)=O)C(C)=C(N(C)C=1C)CCC(=O)NC(C)C,0.00932295066304505
N1(C[C@@H](C[C@H]1C(=O)N(CC)CC)N)C(=O)C1=CN=C(NC1=O)C(C)C,0.005697366106323898
C1(C(OCC)=O)C(C)=C(N(C)C=1C)CCC(NCCC)=O,0.009256475325673818
C1(C(OCC)=O)C(C)=C(N(C)C=1C)CCC(=O)NC(C)C1=CC=CC=C1,0.010304461792111396
N1=C(CNCC2=CC=C(C(OCC)=C2)OC(C)CC)OC(C)=N1,0.010732163675129414
C1(=COC(COC2=CC=CC(F)=C2F)=N1)C(=O)N(C)CCC1C=NNC=1,0.004005746671464294
N1(C)[C@](C)(C(O)=O)C[C@H](C(=O)N2CCC(CC2)O)[C@@H]1C1=CC=CC=C1Cl,0.0035508864326402544
C1(C2=CC=CC=C2C)OC(=C(COC2C=CC(=CC=2)S(C)(=O)=O)N=1)C,0.006019743741489947
C1(C(OCC)=O)C(C)=C(N(C)C=1C)CCC(=O)NCC1C=CC=C(C)C=1,0.00999928223900497
C1(C=NN2C=CNC=12)C(=O)N1CCCN2C(=CC(=N2)C2NC3=C(C=CC=C3)N=2)C1,0.004180260980501771
CN(CCOC(COC1=CC=C(Cl)C=C1)=O)C,0.008723872154951096
C1(C(OCC)=O)C(C)=C(N(C)C=1C)CCC(NCCC1C=CC=CC=1)=O,0.009792447229847312
C1(C(CC)N2C=CC=N2)=NC(=NN1C1C=CN=C(C)C=1)CCC1C=CC=CC=1,0.012343682255595923
Cl.CN(CCOC(COC1=CC=C(Cl)C=C1)=O)C,0.008110795356333255
C(=O)(CN1CCNCC1)N1[C@H](CC=C)CC=C[C@H]1C,0.0074479032540693876
C1(C(OCC)=O)C(C)=C(N(C)C=1C)CCC(=O)N1CCOCC1,0.009602349950000644
C12C=C(CN(CCOC)CC=CC3C=CC=CC=3)C=CC1=NON=2,0.011232093162834644
CC(CNCC1=CC=CC=C1)O,0.006674583838321269
C12CN(CCC=1N(N=C2C(O)=O)CCC1C=CC(=CC=1)OC)C(=O)C1C=CC=CN=1,0.006828506314195693
C(=O)(CN1CCN(CC1)CCC(=O)NC1CCCCC1)NC1=CC=CC=C1,0.008713237941265106
C1(C(OCC)=O)C(C)=C(N(C)C=1C)CCC(=O)N1CCN(CC1)C1=CC=CC=N1,0.007451733550988137
C1(=NN=C(CC2C=CC=CC=2C)S1)NC(=O)C(C)N1CCCC1,0.008071796363219618
C1(C(OCC)=O)C(C)=C(N(C)C=1C)CCC(=O)NCC1=CC=C(C=C1)F,0.0071610201383009555
N1(C2C=CC=CN=2)N=C(N=C1C(C)CN1C=CC=N1)CCC1C=CC=CC=1,0.010256212158128619
C1(C(OCC)=O)C(C)=C(N(C)C=1C)CCC(=O)N1CCC2(CC1)OCCO2,0.01126568834297359
S1(CC(C=C1)CC(=O)NC1C=CC(=CC=1)NC(CCCC)=O)(=O)=O,0.007163098151795566
C1(C(OCC)=O)C(C)=C(N(C)C=1C)CCC(=O)NCC(C)C1C=CC=CC=1,0.010454020462930202
C1(C(OCC)=O)C(C)=C(N(C)C=1C)CCC(=O)NC1CCN(CC1)CC1C=CC=CC=1,0.008483361289836466
C1(C(C)=NNC=1C)C(C(O)=O)NC(=O)C1=C(C)C=CC=C1OC,0.0044785959995351735
C1(C(OCC)=O)C(C)=C(N(C)C=1C)CCC(=O)N1CCN(CC1)C1N=CC=CN=1,0.007958630099892616
N1(CCOC(C1)C1C=CC2C(=CC=C(OC)C=2)C=1)CC1C=CC(=C(C)C=1)O,0.006627342407591641
CC(CNCC1=CC=CC=C1)C,0.01661340924911201
C1(C(OCC)=O)C(C)=C(N(C)C=1C)CCC(=O)N1CCN(CC1)CC,0.011205475684255362
S1C(C)=NN=C1SCC(NCCOC1=CC=CC2=CC=C(C)N=C12)=O,0.0057078156853094695
C(=O)(N(CC(C)C)CC1C=CC=CN=1)C1OC=CC=1C,0.013223804859444499
C1(C(OCC)=O)C(C)=C(N(C)C=1C)CCC(=O)NCC1=CC=C(C)O1,0.008809610060416162
C1(CCCN(CC2CCCCC2)C1=O)(O)CN1CCN(CC1)C1C=CN=CC=1C,0.009663703944534063
C1(C(OCC)=O)C(C)=C(N(C)C=1C)CCC(NCCN1CCOCC1)=O,0.008684382471255959
N1(C)C(=O)COC2=CC3NC(=O)CC(C4=CC=C(N=C4)OC4=CC=CC=C4)C=3C=C12,0.006622537644580007
N1(C[C@@H]2C[C@H]1CC2)C(=O)C1C=CC=NC=1C1=CC(Cl)=CC=C1OC,0.007603254122659564
N1(C2C=CC=CC=2)C(=O)N(N=C1C1CCCN(CC(O)=O)C1)C,0.00546406777575612
C1(C(OCC)=O)C(C)=C(N(C)C=1C)CCC(=O)NC1CCCCC1,0.011613184353336692
C12CCN(CC=1N=CNC2=O)C(=O)C1C=CC=CC=1C1=CC=CC=C1C,0.005629071732982993
CCCN1C2=C(C=CC=C2)N=C1C(C)C,0.010520600969903171
C1(C2=CC=CC=C2C)SC(=CN=1)CNCC1=CC=CC(=C1)C(NC)=O,0.005989547469653189
COC1=CC=C(C(C2C3=C(C=CC=C3)NC=2C)N2CCN(C)CC2)C=C1,0.008725892310030759
S(C1=CC=CC=C1)(=O)(=O)NC1=NC=C(C=N1)C1NC=NC=1C1=CC=CC=C1,0.002522406866773963
C1(=NC(C)=CC(C2C=CC(=CC=2)S(C)(=O)=O)=N1)C1C=CC=CC=1O,0.004460296966135502
C1(C(OCC)=O)C(C)=C(N(C)C=1C)CCC(=O)N1CCCCC1,0.00982047226279974
C1(C#N)=C(C2CCOC2)C=C(N=C1N)C1=CC=C(C=C1C(F)(F)F)F,0.002476251166081056
C1(C(OCC)=O)C(C)=C(N(C)C=1C)CCC(=O)NCC1=CNN=C1C,0.005840510618872941
CC1=C(C(C2=CC3=C(OCO3)C=C2)NC2=NC=CC(C)=C2)C2=C(C=CC=C2)N1,0.0061805460834875705
C1(C(OCC)=O)C(C)=C(N(C)C=1C)CCC(NCCN1CCCCCC1)=O,0.010760751273483037
C12CN(CCOC1=C(C=C(C=2)C1=CC=C(C)S1)OC)CC1=NC=CN1C,0.008626839565113186
S(C)(=O)(=O)NC1CCN(CC1)CC(CO)O,0.001986999067594297
C1(C(OCC)=O)C(C)=C(N(C)C=1C)CCC(NCCN1CCCC1)=O,0.009495822852477432
C1(=CN=CC(=C1)C1C=CC(=CC=1Cl)F)C(N)=O,0.004250203946139663
C1(C(OCC)=O)C(C)=C(N(C)C=1C)CCC(NCCN1CCN(CC1)CC)=O,0.009768924093805254
C1(=C(F)C=C(C=N1)F)C(=O)N1CCCN(CC2CC2)C(C(C)C)C1,0.01201302306726575
C1(C(OCC)=O)C(C)=C(N(C)C=1C)CCC(=O)NCC1C=CC=CC=1F,0.0068520905915647745
N12CCCC3C=CC=C(C1=3)C(=CC2=O)CN(CC1=NC=CN1C)C1CC1,0.009443661803379655
CCCCCNCC1=CC=C(Cl)C=C1,0.013609453616663814
S(CC)(=O)(=O)N1CCN(CC1)C(CCC(=O)NC1CCCC1)=O,0.006736603658646345
C1(C(OCC)=O)C(C)=C(N(C)C=1C)CCC(=O)NCC1CCN(CC1)CC1=CC=C(C=C1)Cl,0.007132532331161201
N1(C(C)C)CCC2=CC(=CC=C12)C1=NC=CN1CCOC,0.007740482781082391
S1(CCC(C1)CC1NN=C(C2CC2)N=1)(=O)=O,0.00618331073783338
C1(C(OCC)=O)C(C)=C(N(C)C=1C)CCC(NCCN1CCN(CC1)C)=O,0.009109494788572193
COC1=CC=C(NCC2=CC=C(C(C)C)C=C2)C=C1,0.012801078800112008
C1(C(OCC)=O)C(C)=C(N(C)C=1C)CCC(NCCN1CCN(CC1)C1C=CC=CC=1F)=O,0.006481509376317263
C1(C(OCC)=O)C(C)=C(N(C)C=1C)CCC(=O)N(C)CC1=CC=CO1,0.010606502508744597
C1(C2=CC=CC=C2F)(C(=O)NCC2=CC3C(=CC=C(OC)C=3)N2)CC1,0.004087581427302212
C1(C(OCC)=O)C(C)=C(N(C)C=1C)CCC(NCCN1CCN(CC1)CC1C=CC=CC=1)=O,0.008579558716155589
C1(C(NCCO)=O)C=C(NN=1)COC1=CC=CC(F)=C1,0.0017364317667670549
C1(C(OCC)=O)C(C)=C(N(C)C=1C)CCC(=O)NCC1=CC=C(C=C1)SC,0.008687265496701003
CCNCC1=CC(OC)=C(OCC2SC=CC=2)C=C1,0.009864730550907553
C1(=CC=C(C(C)=O)S1)C(=O)N(CC)CC1=NOC(CCC)=N1,0.01245150128379464
C1(C(OCC)=O)C(C)=C(N(C)C=1C)CCC(=O)NCC1C=CC(=CC=1)OCC,0.008954345202073454
C1(CNC(C)(C)CN2CCOCC2)=CNN=C1C1=CC=C(C=C1)F,0.004448772431351245
C1(C(OCC)=O)C(C)=C(N(C)C=1C)CCC(=O)NCC1=CC=C(C=C1)N(C)C,0.009038696344941855
CC(NC1=C(C(C2=CC(Br)=CC=C2)N2CCOCC2)C2=C(CCCC2)S1)=O,0.010863229818642139
C1(C(OCC)=O)C(C)=C(N(C)C=1C)CCC(=O)NCC1=CC=CC=C1C,0.01006037942133844
CC(CCN1CC2=C(SC3=C2CCCC3)N(C(C)=O)C1)C,0.015397721249610186
C1(C(OCC)=O)C(C)=C(N(C)C=1C)CCC(=O)NCC1C=CC(=CC=1)OC(C)C,0.009299021703191102
COC1=C(OCC2=C(Cl)C=C(Cl)C=C2)C(CNCCO)=CC=C1,0.004308556951582432
C12CN(CCC=1N(N=C2C(O)=O)CC1CC1)C(CCC1C=CC(NN=1)=O)=O,0.0051292757038027045
C1(C(OCC)=O)C(C)=C(N(C)C=1C)CCC(=O)NCC1=CC=CC(F)=C1,0.006932276231236756
N1C(C2=CC=CC=N2)=NC2=C(CCN(C(=O)C3C=CN=C(N)C=3)C2)C=1N(C)C,0.0051843237830325965
N1(CC(C)C)CC(CC1=O)C(NCCN1C=CN=N1)=O,0.00694855481851846
N(C1SC=CN=1)C(=O)C(C)N(CC(C)C)CC1C=CC=CN=1,0.006758608855307102
C1(ON=C(CS(C2C=CC=CC=2)(=O)=O)N=1)C(=O)NC(C)CC,0.005644489615224302
C(=O)(C1C=CC(=C(Cl)C=1)C)N(C(CC)CO)CC1C=CC=CN=1,0.004900067881681025
C1(ON=C(CS(C2=CC=CC=C2)(=O)=O)N=1)C(=O)N1CCC(CC1)C(OCC)=O,0.0075406986754387615
C1(N=COC=1C1CC1)C(=O)N1CCC(CC1)C1=NNC(=O)N1C1C=CC=CC=1,0.0037797847180627286
S1(=O)(=O)C[C@H]([C@H](N(C)CC2SC=C(C(C)C)N=2)C1)O,0.0030342115642270073
C1(ON=C(CS(C2=CC=CC=C2)(=O)=O)N=1)C(=O)N1CCCCCC1,0.007732715597376228
C1(C(NCCCN2CCOCC2)=O)ON=C(CS(C2C=CC=CC=2)(=O)=O)N=1,0.005141043127514422
C1(NN=C(C2CC2)C=1)C(=O)N1CCC(N(CC2C=CC=CC=2)C(CC)C1)=O,0.0059092347510159016
C1(C2SC=CC=2C)OC(=C(COC2C=CC(=CC=2)CC(N)=O)N=1)C,0.005105947609990835
C1(C(=O)NCC2=CC=C(C=C2)F)ON=C(CS(C2=CC=CC=C2)(=O)=O)N=1,0.005103733739815652
CNCC1=CC=C(OCC2=CC=CC=C2)C=C1.OC(C(O)=O)=O,0.006831055344082415
N1C2=CC(Cl)=CC=C2NC=1CNC(C)CC(C)(C)OC,0.004140238440595567
C1(C(NCCOC)=O)ON=C(CS(C2C=CC=CC=2)(=O)=O)N=1,0.004637184529565274
C12C(C)=C(SC=1N=CN=C2N[C@@H](CCCCN)C(O)=O)C,0.004389430023729801
C(F)(F)(F)CC(C)NCCNC1=CC=CN=C1,0.002899065594829153
C1(ON=C(CS(C2C=CC=CC=2)(=O)=O)N=1)C(=O)NC(C)C,0.005502457241527736
[C@]1(CCCN2CCCC[C@@]21[H])(O)CN1CCC(CC1)NC1=NC=CC=N1,0.00686479527503252
C1(C(NCCCC)=O)ON=C(CS(C2=CC=CC=C2)(=O)=O)N=1,0.004929527943022549
C12CN(CCC=1N(N=C2C(O)=O)C)C(=O)C1(CCCO1)C,0.007130229333415628
C12N=CC(=CN1N=CC=2C1C=CC=CC=1)CN(CC1=CC=CC=N1)C1CC1,0.01263245870359242
C1(ON=C(CS(C2C=CC=CC=2)(=O)=O)N=1)C(=O)NC1CCCCCC1,0.00834763958118856
C(=O)(C1C=CC=C(C=1)NCC(O)=O)N1CCC(CC1)N1CCCC1,0.006813657679595053
C1(C(=O)NCC2CCCN2CC)ON=C(CS(C2C=CC=CC=2)(=O)=O)N=1,0.00662959604524076
N1(CC(=O)NC2C=NN(C)N=2)C2=CC=C(C=C2C=N1)C1C=CC(=CC=1)CO,0.0034789224271662535
C1(C(=O)NCC2C=CC=NC=2)ON=C(CS(C2C=CC=CC=2)(=O)=O)N=1,0.00543067951221019
C1(ON=C(CS(C2C=CC=CC=2)(=O)=O)N=1)C(=O)N1CCN(CC1)C1=CC=CC=N1,0.005053920880891382
C12=C(CCN(C1)C(=O)C1=CC(C)=CC=C1OC)ON=C2C1=CC=CC=C1F,0.007890428625978529
C1(ON=C(CS(C2C=CC=CC=2)(=O)=O)N=1)C(=O)N1CCC2(CC1)OCCO2,0.006591264135204255
N1(C2C=CC(=CC=2C)OC)C(C)=NNC1=O,0.0038560297223739328
C1(C(NCCCN(CC)C2C=CC=CC=2)=O)ON=C(CS(C2=CC=CC=C2)(=O)=O)N=1,0.005572962481528521
C1(C(NCCCOC(C)C)=O)ON=C(CS(C2C=CC=CC=2)(=O)=O)N=1,0.005302644218318164
C(=O)(N(C)CC1C=C(NN=1)C)C(C)(C1=CC=CC=C1)NC1C=CC(=CC=1)C,0.006920021143741906
C1(=COC(COC2=CC=C3C(OCO3)=C2)=N1)C(=O)N1CCN(CC1)C(C)C,0.00614346640650183
C1(SC(=NC=1C)OC)C(=O)N1[C@H]2CC[C@@H]1CC(NC2)=O,0.006758353300392627
C1(C(=O)NCC2=CC=C(C)O2)ON=C(CS(C2C=CC=CC=2)(=O)=O)N=1,0.006861830316483975
C1(C=CC(=CC=1Cl)F)C(=O)N(CC)CCN1CCOCC1,0.007377030537463724
C1(C(NCCC(C)C)=O)ON=C(CS(C2C=CC=CC=2)(=O)=O)N=1,0.006506815226748586
C1(C(NCCCOCC)=O)ON=C(CS(C2C=CC=CC=2)(=O)=O)N=1,0.004686262295581401
C(=O)(NC1=CC=CC(Cl)=C1)CCN(C)CC1(CCOCC1)CO,0.0043328755418770015
C1(ON=C(CS(C2C=CC=CC=2)(=O)=O)N=1)C(=O)N1CCN(CC1)C1=CC=CC(=C1)C(F)(F)F,0.004467566777020693
C(=O)(N(CC)CC1C=CN=CC=1)C1CCCN(C(COC)=O)C1,0.008199599501676858
C1(ON=C(CS(C2=CC=CC=C2)(=O)=O)N=1)C(=O)N1CCN(CC1)C1C(C)=CC=C(Cl)C=1,0.004976130404975266
N(C1C=CC=CC=1C)C(CNC(C)CCC(C)=C)=O,0.008880035998299719
C1(ON=C(CS(C2=CC=CC=C2)(=O)=O)N=1)C(=O)N1CCN(CC1)C(=O)C1=CC=CO1,0.007439677673391998
C1(ON=C(CS(C2C=CC=CC=2)(=O)=O)N=1)C(=O)N1CCN(C(C)C1)C1=CC=CC(C)=C1,0.005955900065600872
C1(CCCNC1)(CCOC1=CC=CC=C1)C(OCC)=O,0.009281541081145405
C1(C=C(C)C(=C(C)C=1)OC)C(N(C)CCCN(C)C)C(O)=O,0.013049771217629314
C1(ON=C(CS(C2=CC=CC=C2)(=O)=O)N=1)C(=O)N1CCN(CC1)C1C=CC=C(C)C=1C,0.006159353232942521
C1(C(=O)N(C)CC2(C)CCN(C)C2)OC(=NN=1)CCC,0.009524976834654808
C1(C2=CC=C3C(OCCO3)=C2)=NC=CN1C1C=CC=C(CO)C=1,0.003416501963511109
C1(C(NCCN2CCN(CC2)C2=CC=C(C=C2)OC)=O)ON=C(CS(C2C=CC=CC=2)(=O)=O)N=1,0.004805850936099887
C1(ON=C(CS(C2C=CC=CC=2)(=O)=O)N=1)C(=O)N1CCN(CC1)C1=CC(C)=CC=C1C,0.006459469813853503
C1(C(=O)NCC2=NN=C(C3C=CC=CC=3)O2)C2C=C(OC)C=CC=2N(C)C=1C,0.007128326152451336
C1(C(=O)NC(CC)CO)C=C(NN=1)COC1=CC=CC(F)=C1,0.0019434841466136276
C1(C(=O)NCC2CCN(CC2)CC2=CC=CC(C)=C2)ON=C(CS(C2C=CC=CC=2)(=O)=O)N=1,0.006659752922132611
C1(=NC=CC=C1C(N)=O)N1CC[C@@]([C@@H](CC2C=CC=CC=2)C1)(C)O,0.0054902603384107355
C1(ON=C(CS(C2=CC=CC=C2)(=O)=O)N=1)C(=O)NC(C)CCC1=CC=CC=C1,0.0072608836460858585
N1(CC2=C(C=NC(CC(C)C)=N2)C1)C(=O)C(C)OC1=CC=CC(Cl)=C1,0.010487436410039663
C1(C(NCCN(C)CCCC)=O)ON=C(CS(C2C=CC=CC=2)(=O)=O)N=1,0.007248625229112804
N1=NNC(CNC2=CC=C(C=N2)C(NCCC2COC3C(=CC=CC=3)O2)=O)=N1,0.003323625249322504
N1N(C)C2=C(C=C(C=C2)C(=O)NCC2ON=C(C3CCCCC3)N=2)N=1,0.00755909220315516
C1(ON=C(C2C=CC(=CC=2)Cl)N=1)C1=NC=CN1CC1C=NN(CC)C=1,0.005481159768532961
C1(ON=C(CS(C2C=CC=CC=2)(=O)=O)N=1)C(=O)NC1CCCC1,0.007060336321592331
C1(=CC=NN1C)C(=O)N1CCC(CC1)N1CCCC(C1)C(=O)N1CCN(CC1)C,0.010183189157396555
N1C(N(C)C)=NC2=C(CCN(C(C)=O)C2)C=1N(C)CCCC1CCCO1,0.010198346665129065
C1(C(=O)NCC2=CC=CC(Cl)=C2)ON=C(CS(C2=CC=CC=C2)(=O)=O)N=1,0.0054561757016927
N1C(C2C=CC(=CC=2)OCC)=CNC=1C1C=CC=C(C=1)OCC(N)=O,0.0035659097018651666
C1(C(=O)NCC2(CN3C=CC=N3)CC2)=C(C)NC(C(C)=O)=C1C,0.0103208277374506
C1(C(=O)NCC2C=CC=CC=2Cl)ON=C(CS(C2C=CC=CC=2)(=O)=O)N=1,0.00557006832677871
C1(C(C)=CC(=C(COC(C)=O)C=1C)C)CN1C(C)CNC(=O)CC1,0.009801536239683628
C1(C(=O)NCC2=CC=C(C=C2)Cl)ON=C(CS(C2=CC=CC=C2)(=O)=O)N=1,0.005556261166930199
N1(CCN(CC1)CC1=CC=C(C(CC=C)=C1)O)C1C=CC(=CN=1)C(N)=O,0.0029379245126619933
C1(C(=O)N2CCCC2)C=C2N(CCCN(CC3=CC=C(C(OCC)=C3)O)C2)N=1,0.006177038000896573
C1(ON=C(CS(C2=CC=CC=C2)(=O)=O)N=1)C(=O)N1CCC2C(=CC=CC=2)C1,0.007954088738188148
C1(C=NNC=1C1CCN(CC1)C(=O)C1CCCO1)C1C=CC=C(C)C=1,0.0056557195959612725
C1(C(NCCC2=CC=C(C=C2)C)=O)ON=C(CS(C2C=CC=CC=2)(=O)=O)N=1,0.006415090500377118
N1(CC2=CC=C(C=C2)F)C(=O)CCN(C(=O)CN2N=CN=N2)CC1C(C)C,0.00629598896484822
N1C2C=CC=CC=2NC=1CCC=CCC,0.005161383445374668
C1(C(NCCC2=CC=C(C=C2)S(N)(=O)=O)=O)ON=C(CS(C2C=CC=CC=2)(=O)=O)N=1,0.0051355407340452075
C1(C2=CC=CC=N2)NC(=NC=1C1C=CC(=CC=1)C)CNC(CO)=O,0.001494372374145314
C1(ON=C(CS(C2C=CC=CC=2)(=O)=O)N=1)C(=O)N1CCC(C2=CC=CC=C2)C1,0.007381280488334596
C1(C2=CC=C(C(C)=C2C)OC)=C(C2=CC=CC=C2)N=CN1C1CCOCC1,0.0114656962454319
C1(CN(C)CC2C=CC=C(C=2)C(=O)NC2=CC=NC=C2)C=NN(CC)C=1,0.0078079488826915625
C1(C(NCCCN2CCCC(C)C2)=O)ON=C(CS(C2=CC=CC=C2)(=O)=O)N=1,0.005943478061817586
C(=O)(NCC1CCN(C)C1)C1=CC=C(C(F)=C1)OC,0.009483621548861265
C1(C(NCCC2=CC=C(C=C2)SC)=O)ON=C(CS(C2=CC=CC=C2)(=O)=O)N=1,0.005509594362229109
N1(CCCC1=O)CCCNC(=O)CC(=O)NC1=C(C)C=CC(Cl)=C1,0.00564626157283783
C1(C(NCCC2C=CSC=2)=O)ON=C(CS(C2C=CC=CC=2)(=O)=O)N=1,0.005627502617426216
S1C=CC=C1CC(CO)CNC1CCCC1,0.006003655213862658
C1(C(NCCCN2CCN(CC2)C2=CC(C)=CC=C2C)=O)ON=C(CS(C2C=CC=CC=2)(=O)=O)N=1,0.004907119646668434
C1(C(NCCCN2CCC(CC2)CC2=CC=CC=C2)=O)ON=C(CS(C2C=CC=CC=2)(=O)=O)N=1,0.006203794153407216
C12NC(=O)CC(C=1C=NN2C(CC)CC)C1=CC=NN1C1=CC=CC=C1,0.008075553411617874
C1(C(NCCN(C2CCCC2)CC2=CC=CO2)=O)ON=C(CS(C2=CC=CC=C2)(=O)=O)N=1,0.007608934841118753
C12=CC(C3C=CC=C(Cl)C=3)=CC(O)=C1OCCN(C(CCCC)=O)C2,0.0056879823096096516
C1(C(NCCCN2CCC(CC2)N2CCCCC2)=O)ON=C(CS(C2=CC=CC=C2)(=O)=O)N=1,0.006706103030592203
C(=O)(N(C1CC1)CC1=NC=CN1C)C1=CN=C(N=C1C)C(C)C,0.008724960661493242
N1(CCC2C=CC(=CC=2)OC)CC(CC1=O)N,0.011087993811815976
C1(C=NN(C)C=1)C1N(CCCC2SC=NC=2C)C=NC=1C1=CC=CC=C1,0.009985730983316898
C1(C(NCCCN2CCCCC2C)=O)ON=C(CS(C2=CC=CC=C2)(=O)=O)N=1,0.0055352596566081045
N1([C@H](CO)C[C@@H](N(C)C)C1)CC1=CC=CN=C1NC,0.002700771519448608
C1(C(NCCC)=O)ON=C(CS(C2=CC=CC=C2)(=O)=O)N=1,0.005102639319375157
N1(CCCC(C1)C(=O)C1C=C(C)C(=C(C)C=1)OC)C1N=CN=C(N)C=1,0.008719772868789732
C1(=CN=C2CCCCN12)NC(=O)[C@H](N)CC1C2C=CC=CC=2NC=1,0.004017115128226579
N1(CC(=O)N2CCC(CC2)(O)C2=CC=C(C=N2)C)C(C)=C(C(C)=N1)CC,0.00968930865637958
N1(CCC2(CCCN(CC3C=CC=C(C=3)C=C)C2)C1)C(=O)C1=CC=CO1,0.013229120709002017
C1(C(=O)NCC2CCN(CC2)CC2C=CC(=CC=2)C)ON=C(CS(C2=CC=CC=C2)(=O)=O)N=1,0.00674528640229255
C1(C2=CC=CC=C2C#N)=CC=C(CN2CCN(CC2)C2=NC=C(C=N2)F)O1,0.004975121829193086
C1(C(NCCN2CCCC3=CC=CC=C23)=O)ON=C(CS(C2C=CC=CC=2)(=O)=O)N=1,0.006348101096227765
S1(=O)(=O)C[C@H]([C@H](NC(=O)C2C=C(ON=2)COC2C=CC=CC=2OC)C1)O,0.0032090956810861826
C1(C(=O)NCC2CCN(CC2)CC2=CC=C(C=C2)Cl)ON=C(CS(C2C=CC=CC=2)(=O)=O)N=1,0.005186233553104103
C12C=C(CNC(CO)=O)C(=NC=1CN(CCC1=CC=CC=N1)C2=O)OC,0.0037594633526168765
C1(C(=O)NCC2CCN(CC2)CC2=CC=CC=C2C)ON=C(CS(C2C=CC=CC=2)(=O)=O)N=1,0.006736227031797171
C1(C(N)=O)=CN=C2CN(C(=O)C(C)SC3C=CC=CN=3)CCN12,0.00446895593777299
C1(C(=O)NCC2CCN(CC2)CC2C=CC(=CC=2)F)ON=C(CS(C2C=CC=CC=2)(=O)=O)N=1,0.0052343907998874785
C1(=NC=CN1CCCSC)C1C=CC2C(=NSN=2)C=1,0.005390112334862351
C1(C(=O)NCC2CCN(CC2)CC2=CC=CC(Cl)=C2)ON=C(CS(C2=CC=CC=C2)(=O)=O)N=1,0.005145893443841487
N(C(CNCCC(=O)NC1=CC=CC=C1Cl)=O)C1=CC=C(C=C1F)C,0.005224970844574272
C1(C(=O)NCC2CCN(CC2)CC2C=CC=CC=2F)ON=C(CS(C2=CC=CC=C2)(=O)=O)N=1,0.004714067478198558
S(C)(=O)(=O)N(C)CC1=CC=C(CN2CCC(C3C=CC=CC=3Cl)C2)O1,0.007168281311169267
C1(C(=O)NCC2CCN(CC2)CC2=CC=CC(F)=C2)ON=C(CS(C2=CC=CC=C2)(=O)=O)N=1,0.0047761389170773326
C1(C(C)N2C3C=CC=CC=3N=C2)=NC(=NN1C1C=CN=CC=1C)C1CC1,0.010771478107199074
N1(C)C[C@H](C[C@H]1C(=O)NCC1=CC=CN=C1OC1C=CC(=C(F)C=1F)C)N,0.0065246322890743615
C1(CC2=CC=CC=C2)(CC1)NC(=O)CC(=O)NC1C=CC=CC=1OCC,0.009201498422771692
C1(C(NCCCN2CCCC3=CC=CC=C23)=O)ON=C(CS(C2=CC=CC=C2)(=O)=O)N=1,0.0059554410399869084
N1(CCCCC1C1=CC=CN=C1)C(=O)CN1CCCCCC1,0.011736632650718093
C1(C(=O)NCC2CCN(CC2)CC2=CC=CC=C2Cl)ON=C(CS(C2=CC=CC=C2)(=O)=O)N=1,0.005182994715869427
C(=O)(N1CCCC2(C=CC3C(=CC=CC=3)O2)CC1)C1OC=CC=1C,0.012824785802513361
C1(C(NCCCN(C)C2CCCCC2)=O)ON=C(CS(C2=CC=CC=C2)(=O)=O)N=1,0.007652059104293585
N1=C(N)N=C(C=C1N1CCOCC1)N(C)CC1C(C)=NON=1,0.00428384558763355
N1(C=CC=CC1=O)CCC(=O)N1CCC(CC1)(CO)O,0.00354498551459983
N1C(C2C=CC(=CC=2)C(N)=O)=NC2=C(CCNC2)C=1NCC1NC=CN=1,0.002786157571244985
C1(C(NCCCN(C)C2C=CC=CC=2)=O)ON=C(CS(C2=CC=CC=C2)(=O)=O)N=1,0.005337546300143004
C1(C=C(ON=1)COC1=CC=C(N=C1)C)C(=O)N1C[C@H]2C[C@H]3C[C@@H](C2)C[C@H]1C3,0.011522316373884678
C1(C(NCCCN2CCN(CC2)C2CCCCC2)=O)ON=C(CS(C2=CC=CC=C2)(=O)=O)N=1,0.006167250708676875
C1(SC(=CN=1)C)NC(=O)C1=CC=CC(CN(C)CC2=CC=NO2)=C1,0.005959340394474566
C1(ON=C(CS(=O)(=O)C2C=CC(=CC=2)Cl)N=1)C(=O)N(C)CC1=CC=CC=C1,0.006584057514555752
CC1=C(C(NC2CS(=O)(=O)CC2)=O)C=CC=C1,0.0066175861982628705
N1C(COC)=NOC=1CN(CC)CC1=CC=C(C=C1)OC1N=CC=CN=1,0.007865627529099584
N1=C(C)C=C(C)N1CCCC(=O)N1CCNC(C(O)=O)C1,0.004717205837368965
C1(C(NCCOC)=O)ON=C(CS(=O)(=O)C2=CC=C(C=C2)Cl)N=1,0.004299323284067213
N1(C(CC)C2=CC=CS2)C=NC(C2C=CC=CC=2)=C1C1=CN=C(N=C1)N,0.0047020984231494365
C1(N(CCCO)C=NC=1C1=CC=CC=C1)C1C=CC=CC=1C(O)=O,0.0023576187959406525
FC1=CC=C(NN=C(C2OC3=C(C=CC=C3)N=2)C(C(F)(F)F)=O)C=C1,0.005003971501719206
C1(C2C=CC=CC=2F)=C(C)C2=C(C=CC(CNC(=O)CN3C(=O)CNC3=O)=C2)N1,0.001077446443377994
C1(C(NCCN(C)C)=O)ON=C(CS(=O)(=O)C2=CC=C(C=C2)Cl)N=1,0.005057340790517628
C1(C2=CC=C(C(C)=C2C)OC)OC(=C(CN2CCC(CC2)N)N=1)C,0.00842820315156132
C1(C(NCCCC)=O)ON=C(CS(=O)(=O)C2=CC=C(C=C2)Cl)N=1,0.004618345410563052
C1(C(NCCCOC)=O)ON=C(CS(=O)(=O)C2=CC=C(C=C2)Cl)N=1,0.004361959651578218
C1(C(=O)NCC2OC3C(=CC=CC=3)C=2C)=CN(N=N1)CC1CCCNC1,0.006667750212363899
N1(CC)C(=O)NN=C1C1CCN(CC1)C(=O)C1CCCN1CC=C,0.003776617278344929
C1(C(=O)NCC2CCCN2CC)ON=C(CS(=O)(=O)C2C=CC(=CC=2)Cl)N=1,0.006036646105349064
N1C(C)=C(SC=1CCNC(C)CN1C=NC=N1)C,0.007612794707529247
C1(C(NCCN(CC)CC)=O)ON=C(CS(=O)(=O)C2=CC=C(C=C2)Cl)N=1,0.006148844119161367
C1(NC(CCCNC(C)=O)=O)=C(C)C=NN1CC1C=CC=CC=1Cl,0.003978338558226824
C1(C(NCCC2C=CC(=C(OC)C=2)OC)=O)ON=C(CS(=O)(=O)C2C=CC(=CC=2)Cl)N=1,0.005856378166936338
C1(C(NCCCN(C)CC2=CC=CC=C2)=O)ON=C(CS(=O)(=O)C2=CC=C(C=C2)Cl)N=1,0.00524655943736434
N1(C[C@@H]2[C@@H](CC=CC2)C1)C(=O)C1(CCNCC1)OC1C=CC=NC=1C,0.009720779117196798
C1(NC(=O)CN2C=C(C=N2)C2N=C(C)C=CC=2C(N)=O)C2C=CC=CC=2N(C)N=1,0.006140878377482295
C1(C(NCCCOC(C)C)=O)ON=C(CS(=O)(=O)C2=CC=C(C=C2)Cl)N=1,0.004841376910917461
N1(CCCC(CCC2=CC=C(C=C2)F)C1)C(CN)=O,0.0074774452950805426
C1(C(=O)NCC2=CC=C(C)O2)ON=C(CS(=O)(=O)C2C=CC(=CC=2)Cl)N=1,0.006244001840241253
C1(C(N)=O)C2C=CC=CC=2N(CC(=O)N2C[C@H]3[C@H](C[C@@H]([C@H](O)C3)O)C2)C=1,0.0032263156740327758
C1(C(NCCC(C)C)=O)ON=C(CS(=O)(=O)C2=CC=C(C=C2)Cl)N=1,0.006076265824958682
COC1=CC(C(C2=C(NC(C3=CC=CC=C3)=O)SC(C)=C2C)NC2=NC=CC=C2)=CC=C1,0.006766780978068709
C1(C(NCCCOCC)=O)ON=C(CS(=O)(=O)C2=CC=C(C=C2)Cl)N=1,0.004354754625819623
N(C(C1C=CN=CC=1)C1C=CC=CC=1C)C(=O)C(C)(F)F,0.004480293788947165
N1(CC[C@H]([C@H](O)C1)C1=CC=C2C(OCO2)=C1)CC1=CC=C(CC)O1,0.0038216526852920653
C1(C(=O)NCC2=CC=C(C=C2)OC)ON=C(CS(=O)(=O)C2=CC=C(C=C2)Cl)N=1,0.00585204130038619
N1([C@H](CC=C)CC=C[C@H]1C1C=CC=CC=1)C(=O)C1C=C(C)NC(=O)C=1,0.005850146291777492
C1(ON=C(CS(=O)(=O)C2C=CC(=CC=2)Cl)N=1)C(=O)NC1CC1,0.005457631987519562
[C@@H]12[C@](C)(C(OC)=O)N[C@H](C3C(C)=CC(=C(C(C)=O)C=3C)C)[C@@H]1C(N(C)C2=O)=O,0.006359582107529604
N1(C2CCN(C2)C(=O)C2C=CC=CC=2N2C=NC=N2)C(C)=CC(C)=N1,0.008454885520040988
C1(C2=CC=NC(C(C)C)=N2)=C(C2=CC=CC=C2)N=CN1CC1CCCO1,0.010190947074443102
CCCCCCCCCCN1C2=C(C=CC=C2)N=C1COC1=CC=CC=C1,0.01321376790292561
C(=O)(C(C(C)C)OC1=CC=CC(C)=C1)N1CCC2(CC1)CN(C)CCN2C,0.013618618855252862
C(=O)(C1=CC=C(N=C1)C1C=CC=C(C)C=1)N1CCCCC1CCN1C=CC=N1,0.009216190641745925
C1(C(=O)NCC2=CC=C(C=C2)CC)ON=C(CS(=O)(=O)C2=CC=C(C=C2)Cl)N=1,0.00611204351298511
C1(=CC(=NN1C)C(C)C)C(=O)N1CCNC(=O)C1C1C=CC(=CC=1)F,0.005242946231737733
N1(CC2C=CC=CN=2)C(=O)C(NC1=O)(C1CCNCC1)CCC(C)C,0.00247067462769337
N1(CC)C(=O)N(N=C1C1CCCN(CC2=CC=NN2C2=CC=CC=C2)C1)C,0.007430970924906433
C1(CN(C)CC2=CC=C(S2)C#CC(C)(C)O)C(C)=NOC=1C,0.013077091053128242
C1(C(=O)NCC2=CC=CC(OC)=C2)ON=C(CS(=O)(=O)C2=CC=C(C=C2)Cl)N=1,0.005407165922224522
C1(C2=CC=CC=C2F)C=C(ON=1)CNC(=O)C1=CC=C(CSC2N=CC=CN=2)O1,0.006566050741821527
C1(C(NCCC2=CC=C(C=C2)C)=O)ON=C(CS(=O)(=O)C2=CC=C(C=C2)Cl)N=1,0.005777068715542555
S1C(C2CC2)=NN=C1NC(=O)CCN1CCN(CC1)C(=O)C1CCCO1,0.006439940421842039
C1(C(NCCC2=CC=C(C=C2)S(N)(=O)=O)=O)ON=C(CS(=O)(=O)C2C=CC(=CC=2)Cl)N=1,0.004450614657253027
C1(C2CCCCC2)=NC=CN1[C@H](CO)CCSC,0.0045704545453190805
C1(C(NCC)=O)ON=C(CS(=O)(=O)C2=CC=C(C=C2)Cl)N=1,0.004557003651279956
N1(CC[C@@]([C@@H](CC)C1)(C)O)C(CCCC1=CC=C(C=C1)OC)=O,0.01076761530712247
C1(C(NCCCN2CCCC(C)C2)=O)ON=C(CS(=O)(=O)C2C=CC(=CC=2)Cl)N=1,0.005272989021614194
C1(C2=CC=CC=C2)C=NNC=1C1CCN(CC1)C(=O)CC(C)NC(C)=O,0.004407350951805711
C1(C(NCCN(C)C2CCCCC2)=O)ON=C(CS(=O)(=O)C2C=CC(=CC=2)Cl)N=1,0.007597705814987421
C(=O)(N(C)CC1=CC=CC(O)=C1)C1CCCN(C2CCN(CC2)C(=O)C2CC2)C1,0.006449204101227224
C1(C(NCCC2C=CSC=2)=O)ON=C(CS(=O)(=O)C2C=CC(=CC=2)Cl)N=1,0.004984350968152284
C(=O)(C1C=CC=CC=1C1NC=CN=1)N(C1CCCCCC1)CC1C=CC=NC=1,0.0047961427364498375
C(=O)(N1CCOCC1)C1CCCN(C2CCN(CC2)C(=O)CN2C=CC=N2)C1,0.008919170964509249
OC(CC(Cl)(Cl)Cl)CC(C1=CC=CC=C1)=NNC1=CC=CC=C1,0.00571435607871768
C1(C2=CC=CO2)=NOC(CN2CCC3=C(C=NC(C)=C3C#N)C2)=N1,0.008400590904057027
N1(CC(C1)OC1=CC=CC=C1OC)CC1=CC=CC2OCOC1=2,0.012914015213027596
C1(C(NCCN(C(C)CC)CC2=CC=CO2)=O)ON=C(CS(=O)(=O)C2C=CC(=CC=2)Cl)N=1,0.006523889885284006
N1N=C(C=C1C1CCN(CC1)C1=NC=CC(=C1)C(N)=O)CC1=CC=CC=C1,0.0039074654458090665
C1(C(NCCN(C2CCCC2)CC2=CC=CO2)=O)ON=C(CS(=O)(=O)C2C=CC(=CC=2)Cl)N=1,0.0064442406175658105
N1(C(C)=CC(C)=N1)C1=CC(C)=CC=C1C1N=CC(=C(N)N=1)C#N,0.00532029295573011
C1(C(=O)NCC2C=CC=CC=2)ON=C(CS(=O)(=O)C2=CC=C(C=C2)Cl)N=1,0.005181955639272928
N1(CCCC(CO)(CC2C=CC=C(Cl)C=2)C1)C1C=CC=C(N=1)C#N,0.002938610903220251
C1(C(NCCC2C=CC=CC=2)=O)ON=C(CS(=O)(=O)C2=CC=C(C=C2)Cl)N=1,0.005380925023928285
C1(C(NCCN2CCC(CC2)C)=O)ON=C(CS(=O)(=O)C2C=CC(=CC=2)Cl)N=1,0.00587106745224446
N1(CCOC(C1)C1=CC=C(C(Cl)=C1)Cl)C(=O)CCN1C=CN=C1,0.004972747631836682
S1C(C)=NN=C1SCC(=O)N1CCC[C@H]1CN1CCCC1,0.010886110691353678
CC1=C(N(S(C)(=O)=O)CC(NC2=C(C(NCC3OC=CC=3)=O)C=CC=C2)=O)C=CC=C1,0.006020096899010241
N1C2=CC=C(C(C)=C2NC=1CN(C)CC1C=CC2C(=NON=2)C=1)C,0.004981254285667092
C1(C(NCCN(C(C)C)CC2C=CC=CC=2)=O)ON=C(CS(=O)(=O)C2=CC=C(C=C2)Cl)N=1,0.005812921258620918
N1(C(C)C2C=CC=CC=2)C(SCC(O)=O)=NN=C1CN1C=CC=N1,0.008059503370895981
C1(C(NCCC2=CC=CO2)=O)ON=C(CS(=O)(=O)C2C=CC(=CC=2)Cl)N=1,0.005898560117930174
N1(CCC(=O)NC(CCSC)C(OC)=O)C2C=CC=CC=2C=C1C,0.006333430903032422
C1(C(NCCN(CC)CC2=CC=CC=C2)=O)ON=C(CS(=O)(=O)C2=CC=C(C=C2)Cl)N=1,0.006012516911141574
C1([C@H](CCC(N)=O)NC(C)=O)=NC(=NN1C1C=CC(=CC=1)F)C,0.0048004724434576925
C1(NN=C(C)N=1)C1=CC=C(CN2CCC(CC2)C)O1,0.006333245011046529
C1(C(NCCCC2C=CC=CC=2)=O)ON=C(CS(=O)(=O)C2=CC=C(C=C2)Cl)N=1,0.005277376202866435
N1C(CC)=CSC=1CNC1CCN(CC1)C(OCC)=O,0.005343542294576764
C1(C(=O)NCC2=CC=C(C=C2OC)OC)ON=C(CS(=O)(=O)C2C=CC(=CC=2)Cl)N=1,0.005693555087782442
C1(=CN=C(C)S1)C(=O)N1CC[C@H]([C@H](O)C1)C1=CC=C2C(C=CC=C2)=C1,0.002574262151028961
CC1=C(NC(CSC2=C(C(N)=O)C(C)=C(C)C(C)=N2)=O)C=CC=C1,0.006773229921236634
C1(C(NCCCN2CCCCCC2)=O)ON=C(CS(=O)(=O)C2C=CC(=CC=2)Cl)N=1,0.006111993291415274
C1(C(NCCCN(C)C2CCCCC2)=O)ON=C(CS(=O)(=O)C2C=CC(=CC=2)Cl)N=1,0.006622714851982891
C1(C2=CC=CC(C(C)=O)=C2)=NC2=C(C(C)=C(C=C2)C)N1,0.0065983283333480355
C1(C(NCCCN(C)C2C=CC=CC=2)=O)ON=C(CS(=O)(=O)C2=CC=C(C=C2)Cl)N=1,0.004514410940464586
N1C(N)=C(C)C=NC=1N1CCN(CC1)CC1=CN=C(N=C1)SCC,0.005618038796819746
CCC(C1=CC(C(CC)(C)C)=C(OCCCC(NC2CCCCCCC2)=O)C=C1)(C)C,0.01795546319335699
S(C1C=CC=CC=1)(=O)(=O)CC1=NOC(CCC(NCCC2CCCCC=2)=O)=N1,0.010203301440924406
S(C1C=CC=CC=1)(=O)(=O)CC1=NOC(CCC(=O)NC2CCCCC2)=N1,0.008664519060403109
C1(SC(=NC=1C)OC)C(=O)NC(C)C1C=CC(=C(F)C=1)O,0.004910798370838165
N1C(N(C)C)=NC2=C(CCNC2)C=1N1CCN(CC1)S(CC)(=O)=O,0.004312363127246499
S(C1C=CC=CC=1)(=O)(=O)CC1=NOC(CCC(=O)NC(C)CC)=N1,0.006896126340143383
C1(CC2=CC=CC(C)=C2)(CC1)NC(=O)C1CCCN(C(COC)=O)C1,0.010961226001381875
S(C1=CC=CC=C1)(=O)(=O)CC1=NOC(CCC(=O)N2CCCCCC2)=N1,0.007881084666587412
N1(CC[C@H]([C@@H](OC)C1)N)C(CCCC1C=NNC=1)=O,0.004558294150047004
C1(=NC=CN1CCN1C=CN=C1)C1=CC=C(CC)O1,0.007749229297041893
S(C1C=CC=CC=1)(=O)(=O)CC1=NOC(CCC(=O)N2CCN(CC2)C2C=CC=CC=2OC)=N1,0.006031152792274952
S(=O)(=O)(N1CCSCC1)C1C=C(C=C(C=1)N1C=NC=N1)C(O)=O,0.0026968812919221817
C(=O)(C1=CC=CC(CN(C)CC2(C)COC2)=C1)NC1C=C(C)C=C(C)N=1,0.00821385143790394
S(C1C=CC=CC=1)(=O)(=O)CC1=NOC(CCC(=O)N2CCN(CC2)C2C=CC=CC=2F)=N1,0.005598922772333026
S1C(CCCNC2=NC=CC(=N2)C2C=CC(=NC=2C)C)=NN=C1N,0.0035797527059912683
S(C1C=CC=CC=1)(=O)(=O)CC1=NOC(CCC(=O)NCC2C=CC=CC=2OC)=N1,0.006659937952645123
S(C1C=CC=CC=1)(=O)(=O)CC1=NOC(CCC(=O)N2CCN(CC2)C2=CC=CC(Cl)=C2)=N1,0.005609800294041634
N1=NC(=CN1[C@@H]1CN[C@H](C(NCC)=O)C1)C1=CC=C(C=C1)F,0.003385993221309036
S(C1C=CC=CC=1)(=O)(=O)CC1=NOC(CCC(NCCCN2CCOCC2)=O)=N1,0.005876345816068352
S(C1C=CC=CC=1)(=O)(=O)CC1=NOC(CCC(=O)N2CCC(CC2)CC2=CC=CC=C2)=N1,0.007680797460488975
C1(C(=O)NC2CCCC2)=CN(N=N1)C1CCN(CC1)C1SC=CN=1,0.0075174405239522455
S(C1=CC=CC=C1)(=O)(=O)CC1=NOC(CCC(=O)NCC2CCCO2)=N1,0.007077242201194167
N1(C=NC=N1)C1=CC=CC=C1CNC1CCC2=C(C=CC=C2)C1,0.010153909074142575
S(C1=CC=CC=C1)(=O)(=O)CC1=NOC(CCC(=O)NCC2=CC=C(C=C2)F)=N1,0.006368232914246619
CC1=C(I)C=CC(NC(C2=C(Cl)C=CC=C2)=O)=N1,0.005831169302109629
S(C1C=CC=CC=1)(=O)(=O)CC1=NOC(CCC(NCCOC)=O)=N1,0.005608139047399163
S(C1C=CC=CC=1)(=O)(=O)CC1=NOC(CCC(=O)NC(C)C)=N1,0.006326508056372404
S(C1C=CC=CC=1)(=O)(=O)CC1=NOC(CCC(NCCN(C)C)=O)=N1,0.006682247226126492
C1(=CC2=CC(C)=CC=C2N=C1C)C(=O)NCC1=CC=NC=C1,0.007763312477618456
S(C1C=CC=CC=1)(=O)(=O)CC1=NOC(CCC(NCCCOC)=O)=N1,0.005891591776162386
S(C1=CC=CC=C1)(=O)(=O)CC1=NOC(CCC(NCCCN(CC)CC)=O)=N1,0.007664790493436158
N12CCN(C[C@@H]1C[C@@H](C2)NC(=O)C1=CC=NC(Cl)=C1)C,0.005901560373604298
S(C1C=CC=CC=1)(=O)(=O)CC1=NOC(CCC(=O)NC2CCCCCC2)=N1,0.009275953005999326
C1(C(NCCC(=O)NC2=CC=CC=C2F)=O)NN=C(C2=CC=CN2C)C=1,0.0034947150270454586
C1(CN(C)CCOC2=CC=CC=C2OCC)=NC=CN1C,0.010906069446355105
S(C1=CC=CC=C1)(=O)(=O)CC1=NOC(CCC(NCCN2CCOCC2)=O)=N1,0.006253162492066621
C1(C(=CN=CC=1Cl)Cl)CN(CCCN1C=CN=C1)CC1=CC=CN=C1,0.009029993880540132
S(C1C=CC=CC=1)(=O)(=O)CC1=NOC(CCC(NCCC2C=CC(=C(OC)C=2)OC)=O)=N1,0.006932876235805452
N1C(COC)=NOC=1CN(CC)CC1C=CC=CC=1C(O)=O,0.005689419456757605
S(C1=CC=CC=C1)(=O)(=O)CC1=NOC(CCC(=O)NCC2=CC=CC=N2)=N1,0.006526161939837039
N1(CCCC1C1=CC=C(C=C1)CN(C)C)CC1C=COC=1,0.01801807889714837
C1(NN=C(N)N=1)C(=O)N1CCC(C2C=CC=CC=2Cl)C1,0.002112938673235476
S(C1C=CC=CC=1)(=O)(=O)CC1=NOC(CCC(=O)NCC2C=CC=NC=2)=N1,0.006202850257977843
N1=C(C)C=C(C)N1CCCNC1CCN(CC1)CC(C)C,0.012931949691846967
CCOC(C1CCN(C(C2C3=C(C=CC=C3)NC=2C)C2SC=CC=2)CC1)=O,0.006932987016625702
C12=CC(C)=CC=C1C(CC(C)(C)O2)NC(=O)C1CCN(CC1)C(C)=O,0.009877005033195019
CC1=C(C(NCC2=C3C4C(=CC=C3)C(=O)NC=4C=C2)=O)C=CC=C1,0.00747631483245641
S(C1=CC=CC=C1)(=O)(=O)CC1=NOC(CCC(=O)N2CCN(CC2)C2C=CC(=CC=2)F)=N1,0.005862392229028046
CCC(NCC1=C2C3C(=CC=C2)C(=O)NC=3C=C1)=O,0.006561609986238182
S(C1=CC=CC=C1)(=O)(=O)CC1=NOC(CCC(=O)N2CCN(CC2)CC)=N1,0.007145618950016796
S(C)(=O)(=O)N1CCCC(C1)CN1C=CN=C1C1CCCC1,0.005881378753110766
S(C1C=CC=CC=1)(=O)(=O)CC1=NOC(CCC(=O)N2CCOCC2)=N1,0.007016485487110913
N1(CCCC2(C=CC3C(=CC=CC=3)O2)CC1)C(=O)CCC1C=CC=CC=1O,0.006302162096835673
C1(C=C(N=C(N)C=1C#N)C1C=CN(C)C=1)C1C2=CC=CC=C2NC=1,0.0030512279365211724
S(C1=CC=CC=C1)(=O)(=O)CC1=NOC(CCC(=O)N2CCCCC2)=N1,0.006309008924290538
C1(C(=CC=CN=1)O)C(NCCC1CCCN(C2CCN(CC2)C)C1)=O,0.009637250192463398
S(=O)(=O)(C1C=CC(=CC=1)NC(NC)=O)N1CCC2(CCNCC2)C1,0.003407549113035202
S(C1=CC=CC=C1)(=O)(=O)CC1=NOC(CCC(NCCCN(C)CC2=CC=CC=C2)=O)=N1,0.006740258377976716
C1(C=C(CCN)N=C(C)N=1)N1CCCC(CN2CCCCC2)C1,0.012326244497671723
S(C1C=CC=CC=1)(=O)(=O)CC1=NOC(CCC(NCCN2CCCC2)=O)=N1,0.007196830445900559
C12N=C(C)C=C(C)N1N=CC=2CN1CCCC(CN2C=CN=C2)C1,0.008723141974769533
C12=C(CCN(C(=O)C3C=CN(C)N=3)C1)NN=C2C1=CC=C(C=C1)C1C=CC=CC=1,0.006983681744895875
S(C1=CC=CC=C1)(=O)(=O)CC1=NOC(CCC(NCCCN2CCCC2)=O)=N1,0.006832436309196055
N1(CCCC(C1)CCC1=CC=CC=C1C(F)(F)F)C(=O)C1C=CC2=C(NC=C2)C=1,0.0036902708117850123
C(=O)(C1=CC=CC(=C1)CN1CC[C@H](O)C1)NC1=CC=CC=C1CCO,0.003313234739471227
N1=C(NCC2=CC=C3C(CCCO3)=C2)N=CC(F)=C1N1CCOCC1,0.006274406984448433
S(C1=CC=CC=C1)(=O)(=O)CC1=NOC(CCC(NCCCN(CC)C2C=CC=CC=2)=O)=N1,0.006131306267343461
C12CN(CCCO)CCC=1NN=C2C1=CC=CC2=CC=CC=C12,0.004065478860866278
N1=NC(=CN1CC1COC2=C(C=CC=C2)O1)CCC1C=CC=CC=1,0.012786754593253135
N1(C2CCCC2)CC(CC1=O)CN(C)CC1=CC2OCOC=2C=C1Cl,0.012645372562110424
S(C1C=CC=CC=1)(=O)(=O)CC1=NOC(CCC(NCCCOC(C)C)=O)=N1,0.006453219591639936
C1(CC(N(CC=C)C1)=O)C(NCCC1C(=CC=CN=1)C)=O,0.007327370182611048
S(C1=CC=CC=C1)(=O)(=O)CC1=NOC(CCC(=O)NCC2=CC=CS2)=N1,0.005867021973244846
N1=C(C(C)C)C=C(C2CCN(CC2)CC2C=CC(=C(Cl)C=2)O)N1,0.004006126965396106
S(=O)(=O)(C1=CC=C2C(CCC(=O)N2)=C1)N1CCN2C(C(=O)NCC2)C1,0.003582432051189244
C(C1=CC=NC=C1)(=O)N1CCC(CC1)N(C)CC(C)N1CCOCC1,0.010967274941504002
S(C1C=CC=CC=1)(=O)(=O)CC1=NOC(CCC(=O)NCC2=CC=C(C)O2)=N1,0.00701435876544565
[C@H]([C@@H](C)O)(C(N)=O)NC1=NC=CC(CCC(F)(F)F)=N1,0.0012454627678380348
COC1=CC(OC)=C(C2SC3=C(C=CC=C3)N=C(C3=CC(NC(C)=O)=CC=C3)C2)C=C1,0.007261361298151314
S(C1=CC=CC=C1)(=O)(=O)CC1=NOC(CCC(=O)NCC2=CC=C3C(OCO3)=C2)=N1,0.006470920681022107
CC1CCN(C(C2=CN=CC=C2)C2C3=C(C=CC=C3)NC=2C)CC1,0.008475422579795121
C1(C=C(NN=1)COC1C=CC=CC=1OC)C(=O)NC(C)(C)C(OC)=O,0.00510141144040972
S(C1=CC=CC=C1)(=O)(=O)CC1=NOC(CCC(NCCC2=CC=C(C=C2)Cl)=O)=N1,0.006224296172149479
C1(CN2CCOC3=C(C=C(C=C3C2)C2=CC=C(C)S2)O)C(C)=NOC=1C,0.006312469602562487
S(C1C=CC=CC=1)(=O)(=O)CC1=NOC(CCC(NCCCOCC)=O)=N1,0.005721383239142596
N1=CN(C(C2C=CSC=2)=C1C1=CC=CC=C1)CCCN1CCCC(C(N)=O)C1,0.006522834533825517
N1=CNC=C1C[C@H](N)C(=O)NCC1C=CC2=C(C=CS2)C=1,0.0030035923002287744
S(C1=CC=CC=C1)(=O)(=O)CC1=NOC(CCC(=O)NCC2=CC=C(C=C2)OC)=N1,0.006692701997235417
N1(CCCC(C1)C(=O)CC(C)C)C(=O)C1=CC=C(N=C1)N(C)CCOC,0.01098993537016213
S(C1=CC=CC=C1)(=O)(=O)CC1=NOC(CCC(=O)N2CCN(CC2)C2C(C)=CC=C(Cl)C=2)=N1,0.005614959402009845
C1(=CC=CC2CCOC1=2)C(=O)N1CCC(CC1)N1CCCC1=O,0.009787503443658353
C1(C(=O)N2CCC(N(CC3C=CC=CC=3)C(CC)C2)=O)C2CCCCC=2N(C)N=1,0.01328324843198061
S(C1C=CC=CC=1)(=O)(=O)CC1=NOC(CCC(=O)N2CCN(C(C)C2)C2=CC=CC(C)=C2)=N1,0.006669826363213361
C(N)(=O)C1C=CC(=CC=1)C=CC1C=CC=CC=1,0.009794405358843506
CCCCC1=CC2=C(N=C(S2)NC(C2OC(C3=CC=C(Cl)C=C3)=CC=2)=O)C=C1,0.0076643740059807895
C1(C(C)=CC=CC=1C(C)C)NC(CNCC1OCCC2=CC=CC=C12)=O,0.010342584503814579
S(C1=CC=CC=C1)(=O)(=O)CC1=NOC(CCC(=O)N2CCN(CC2)C2CCCCC2)=N1,0.007704260409809649
C12N=CN=C(NCCC34CCCN3CCC4)C=1C1=C(CNCC1)S2,0.007605635095387697
S(C1=CC=CC=C1)(=O)(=O)CC1=NOC(CCC(=O)N2CCN(CC2)C2C=CC=C(C)C=2C)=N1,0.006785170361399651
N1(CCOC2=C(C=C(C3C=CC=C(Cl)C=3)C=C2C1)O)C(=O)C1(N)CC1,0.005780751793645322
S(C1C=CC=CC=1)(=O)(=O)CC1=NOC(CCC(=O)N2CCN(CC2)C2=CC(C)=CC=C2C)=N1,0.006739136669784785
S(C1=CC=CC=C1)(=O)(=O)CC1=NOC(CCC(=O)N2CCC(CC2)N2CCCCC2)=N1,0.007662979606539011
S(C1C=CC=CC=1)(=O)(=O)CC1=NOC(CCC(=O)NCC2=CC=CC=C2OCC)=N1,0.0067309440113604065
N1(CC(O)=O)C(C)=C(C(C)=N1)NC(=O)C1=C(C)ON=C1C1C=CC=CC=1Cl,0.005910298740491271
S(C1C=CC=CC=1)(=O)(=O)CC1=NOC(CCC(NCCCN2CCCC2=O)=O)=N1,0.005554860737174749
C(=O)(CC1C2=CC=CC=C2NC=1)N1CCCCC1CCOC,0.005055308877490461
S(C1C=CC=CC=1)(=O)(=O)CC1=NOC(CCC(=O)NC2CC2)=N1,0.006874097441323101
C1(=C(C2=CC=CC=C2)N=CN1CC1C=NC(=CN=1)C)C1=CC(=NN1)C,0.005715636105742305
S(C1=CC=CC=C1)(=O)(=O)CC1=NOC(CCC(=O)NC2CCN(CC2)CC2C=CC=CC=2)=N1,0.006209115218371153
N12C=C(C)C=CC1=NC(CNCC1C3C=CC=CC=3N(CCC(N)=O)C=1)=C2,0.005663235776592046
C1(=NC=CN1CC1C=CC=C(C=1)N1C=CC=N1)C1=CN=C(N=C1)N(C)C,0.005639475025236607
S(C1C=CC=CC=1)(=O)(=O)CC1=NOC(CCC(=O)NCC2=CC=C(C=C2)CC)=N1,0.007771275681443512
S(C)(=O)(=O)C1=CC=C(C=C1)CN1CCN(CC1)C1C(=CC=CN=1)C,0.006122070294804871
S(C1C=CC=CC=1)(=O)(=O)CC1=NOC(CCC(=O)NCC2=CC=C(C=C2)C)=N1,0.007108330633491278
C12CN(CCOC1=C(C=C(C1C=CC=CC=1C)C=2)O)CC1CCOC1,0.008210117323324084
S(C1C=CC=CC=1)(=O)(=O)CC1=NOC(CCC(=O)NCC2C=C(Br)C=CC=2OC)=N1,0.006830403138883412
C12C=C(CNC(=O)C3C=CC=CC=3OC)C(=NC=1CN(C1CCCC1)C2=O)OC,0.008375280350446702
S(C1C=CC=CC=1)(=O)(=O)CC1=NOC(CCC(=O)NC2CCCC2)=N1,0.008176570245996117
N1C[C@@H](C[C@H]1C(=O)NCC1C=CC=C(C=1)OC1=CC=CC=C1)N,0.007305501471273601
C12CN(CCCO)CCC=1ON=C2C1=CC=C(C=C1)Cl,0.004569958359934389
S(C1C=CC=CC=1)(=O)(=O)CC1=NOC(CCC(=O)NCC2C=C(OC)C=CC=2OC)=N1,0.007119282777421176
N1(CCCC(CCC2=CC=C(C=C2)OC)C1)C(=O)CNC(N)=O,0.004613519692793488
S(C1=CC=CC=C1)(=O)(=O)CC1=NOC(CCC(=O)NCC2=CC=CC(OC)=C2)=N1,0.006570057175122201
C1(NN=CN=1)C(=O)N(C)C(C)C1C=CC=NC=1,0.003597914264537394
S(C1=CC=CC=C1)(=O)(=O)CC1=NOC(CCC(=O)NCC2=CC=CC(Cl)=C2)=N1,0.006039043539203703
S(C1C=CC=CC=1)(=O)(=O)CC1=NOC(CCC(=O)NCC2C=CC=CC=2Cl)=N1,0.0061537327477708455
C1(C2CCCCO2)=CC=C(CN2CCC(CC2)(CO)O)O1,0.0059896066784858705
S(C)(=O)(=O)NCC1CCN(CC2=CC=C(C3C=CNN=3)O2)C1,0.0030658455332741143
COC1=CC=C(C2N(CC3=C(Cl)C=CC=C3F)C3=C(C=CC=C3)N=2)C=C1,0.005874740437138826
C12NC(=O)CC(C=1C=NN2C1C=CC=CC=1)C1C(C)=NN(C)C=1Cl,0.0060042633325792846
S(C1=CC=CC=C1)(=O)(=O)CC1=NOC(CCC(=O)NCC2=CC=C(C=C2)Cl)=N1,0.006140671600587666
C1(NC=CN=1)C1C=CC=CC=1OCCCN1C=CN=C1,0.00348840142833069
N1(CC[C@@H](C1)NC(C)=O)CCC(=O)NC1C=CC(=C(Cl)C=1)F,0.004729158338159322
CC1C(C(C2=CC=C(Br)C=C2)CN(=O)=O)=C(O)N(C2=CC=CC=C2)N=1,0.009565967181697489
C(=O)(CCNC(C)=O)N(CCO)CC1=CC=C(C=C1)SC,0.0034829789074137807
COC1=C(OC)C=C(C2SC3=C(C=CC=C3)N=C(C3=CC(NC(C)=O)=CC=C3)C2)C=C1,0.00810571894980967
S(C1=CC=CC=C1)(=O)(=O)CC1=NOC(CCC(=O)N2CCN(CC2)C2=CC=C(C=C2C)C)=N1,0.006781891756691039
N1(CC(OC)=O)C2=CC=CC=C2C(CN2CCN3C(C(=O)NCC3)C2)=C1,0.005999588221311569
CC(C1=C(NC(CN(S(C)(=O)=O)C2=C(C)C(Cl)=CC=C2)=O)C=CC=C1)C,0.00521296433871612
C1(C=NN(CC)C=1)C1=C(C2C=CC=CC=2)N=CN1CC1CCCN(C(C)=O)C1,0.007370338193140924
C1(=CN=C2CCCCN12)NC(=O)C1C=C(ON=1)C1C=CC=CC=1,0.0051128711784258485
CCCN1N=C(NC(COC2=CC(C)=C(Cl)C(C)=C2)=O)N=N1,0.004665800929069519
S(C1C=CC=CC=1)(=O)(=O)CC1=NOC(CCC(NCCC2=CC=C(C=C2)C)=O)=N1,0.007418361585587263
C(=O)(C1=CC(C)=NC2=C(C(C)=CC=C21)C)N1CC[C@H]([C@@H](OC)C1)N,0.008158126752823592
S(C1C=CC=CC=1)(=O)(=O)CC1=NOC(CCC(=O)N(CC(C)C)CC(C)C)=N1,0.010367013979703188
C1(=NC=CC=N1)C1C=C(CCC2CCCCN2)C=C(O)C=1,0.004738208721391857
N12N=C(SC1=NN=C2CC(C)C)CCC1C=NN(C)C=1,0.010671591805294155
S(C1=CC=CC=C1)(=O)(=O)CC1=NOC(CCC(=O)N2CCC3=C(C=C(C(OC)=C3)OC)C2C)=N1,0.008617380890063942
S(C1=CC=CC=C1)(=O)(=O)CC1=NOC(CCC(NCC)=O)=N1,0.005647629546001553
O=N(C1=CC(NC(NC2(C(F)(F)F)OC3=C(C=CC(=C3)Cl)O2)=O)=C(Cl)C=C1)=O,0.002401267396635376
C1(=CC(C(C)=O)=C(NC1=O)C)C(=O)N1CCOC(CC2=CC=CC=C2Cl)C1,0.006678759283386171
S(C1C=CC=CC=1)(=O)(=O)CC1=NOC(CCC(NCCN2CCCCCC2)=O)=N1,0.00807773128617555
S(C1C=CC=CC=1)(=O)(=O)CC1=NOC(CCC(NCCN2CCCCC2C)=O)=N1,0.006549338274635374
S(C1=CC=CC=C1)(=O)(=O)CC1=NOC(CCC(NCCCN2CCCC(C)C2)=O)=N1,0.00603126403875649
S(C1=CC=CC=C1)(=O)(=O)CC1=NOC(CCC(NCCC2C=CC(=CC=2OC)OC)=O)=N1,0.006567952898330986
S(C1C=CC=CC=1)(=O)(=O)CC1=NOC(CCC(NCCC2C=CSC=2)=O)=N1,0.006926352973096073
N1C(C2=CC=CN=C2)=NC2=C(CCN(C(C3CCCC3)=O)C2)C=1N(C)C,0.009541447181254626
S(C1=CC=CC=C1)(=O)(=O)CC1=NOC(CCC(NCCCN2CCCCC2)=O)=N1,0.006265825382433832
C1(NCC2=CC=CN=C2OC2C=CC=CC=2F)N=C(C)C=CC=1C#N,0.00442202677950263
S(C1=CC=CC=C1)(=O)(=O)CC1=NOC(CCC(=O)NC(C)C2=CC=CC=C2)=N1,0.007701966259628534
C(=O)(C1CC1)N1CCC(CC1)CNC(=O)C1C=CC=C(C=1)OCC(C)=C,0.009350870409980417
S(C1=CC=CC=C1)(=O)(=O)CC1=NOC(CCC(NCCCN2CCCCC2C)=O)=N1,0.006115644099190831
C1(C(C)=O)C=CC(=CC=1C)OC12CCCN(CC1)C2,0.01943652527406812
S(C1=CC=CC=C1)(=O)(=O)CC1=NOC(CCC(NCCC)=O)=N1,0.0062004006933420895
S(C1=CC=CC=C1)(=O)(=O)CC1=NOC(CCC(NCCC2C=CC=CC=2)=O)=N1,0.007295422302559018
N1(CCC2(CC1)CCC(CC2)N1CCN(CC1)C1C=CN=CC=1)C(OC)=O,0.010379503481090069
S(C1=CC=CC=C1)(=O)(=O)CC1=NOC(CCC(NCCN2CCC(CC2)C)=O)=N1,0.006696659442968667
N1(C(C)CNC(=O)CC1)CC(OCC)=O,0.007751387031748891
S(C1=CC=CC=C1)(=O)(=O)CC1=NOC(CCC(=O)NCC2CCN(CC2)CC2C=CC(=CC=2)C)=N1,0.006508589256554842
C1(C(C)C)=NC=CN1CCCNC(=O)C1=CC=C(N=C1)N1CCNCCC1,0.004688002541661263
S(C1=CC=CC=C1)(=O)(=O)CC1=NOC(CCC(=O)NCC2=CC=C(C=C2)N(C)C)=N1,0.006414772477000952
N1(C=CN=C1C(C)C)C(C)C(=O)NC1(CC2=CC=CC(C)=C2)CC1,0.007592446636408567
S(C1C=CC=CC=1)(=O)(=O)CC1=NOC(CCC(NCCCC2C=CC=CC=2)=O)=N1,0.006875759735703468
C1(=O)C(CCCN1CC1C=CC(=CC=1)F)(CNCC1OC2C(=CC=CC=2)C=1C)O,0.006823508976958692
S(C1C=CC=CC=1)(=O)(=O)CC1=NOC(CCC(=O)NCC2=CC=C(C=C2OC)OC)=N1,0.006605257815681398
N12C(C3CC3)=NN=C1SC(C1=CC(=C(CC)O1)CN(CC)CC)=N2,0.01425986597314477
N(C)(C(C)C1C=CC=C(OC)C=1)C(=O)COC1C=CC=NC=1,0.011217939434573054
S(C1=CC=CC=C1)(=O)(=O)CC1=NOC(CCC(NCCCN(C)C2C=CC=CC=2)=O)=N1,0.005882269237190485
C(NCCC1=CCCN(CC#C)C1)(=O)N(C)C,0.004577199183404446
CC1=C(C(C2=CC=CC=C2)NC2=NC=CC=C2)C2=C(C=CC=C2)N1,0.005886446998920292
C1(C(=O)NC(C)CCC(C)C)C=C(ON=1)CN1CCC2C(=CC=CC=2)C1,0.013075653742998839
S(=O)(=O)(C1=CC=C(C=C1)Cl)CC1=NOC(CCC(=O)NC2=CC=CC=C2OC)=N1,0.005942370346747339
N1(C[C@@H](C[C@H]1C(=O)N(CC)CC)N)C(=O)C1=CC=C(C2=CC=C(C=C2)C)O1,0.009851440135389567
S(=O)(=O)(C1C=CC(=CC=1)Cl)CC1=NOC(CCC(=O)NC2=CC=CC(=C2)C(F)(F)F)=N1,0.00430527237476781
C1(=C(C)N=C(C(C)C)S1)C(=O)N(C)CC1C=CC(=CN=1)CC,0.009829053375869989
S(=O)(=O)(C1=CC=C(C=C1)Cl)CC1=NOC(CCC(=O)NC2=CC=C(C(F)=C2)C)=N1,0.005343525554053485
C(=O)(NC(C)C1C=NN(C)C=1)C1C(C)=C(C)C=C(C)C=1C,0.012200169591233134
S(=O)(=O)(C1=CC=C(C=C1)Cl)CC1=NOC(CCC(=O)NC2=CC=C(C=C2OC)OC)=N1,0.005620586150325835
C1(=CC=CC=C1NCC(O)=O)C(=O)NCC1=CC=CC=N1,0.0047049060347490014
S(=O)(=O)(C1=CC=C(C=C1)Cl)CC1=NOC(CCC(=O)NC2=CC=C(C=C2F)F)=N1,0.005484780634287745
C(=O)(C1=CC(=CC=C1Cl)NC(C)=O)N1CCCCC1C(O)=O,0.00398646907415241
S(=O)(=O)(C1=CC=C(C=C1)Cl)CC1=NOC(CCC(=O)NC(C)CC)=N1,0.006552278576418757
C1(=NC(C)=CC(C2CCC2)=N1)N1CCC(N(C)C)C1,0.014470873679965735
N1=C(C2=CC=CC(=C2)C(F)(F)F)OC(C)=C1CN1CCC(CC1)CO,0.0018266232684254647
S(=O)(=O)(C1=CC=C(C=C1)Cl)CC1=NOC(CCC(=O)NCC2=CC=C(C=C2)F)=N1,0.005904664774425328
S(=O)(=O)(C1C=CC(=CC=1)Cl)CC1=NOC(CCC(NCCCC)=O)=N1,0.005640226136893034
C1(CN2CCOC(CN)C2)=C(C2C=CC=CC=2)N=C2N=CC=CN21,0.0058767972746863965
S(=O)(=O)(C1=CC=C(C=C1)Cl)CC1=NOC(CCC(NCCC2C=CC(=C(OC)C=2)OC)=O)=N1,0.0060034513007849455
N1(C2=CC=CC=C2C2=CC=CC=C2)C(=O)NN=C1CC1NN=NN=1,0.0026174743077717723
CC1=C(C)C(C(C2=CC3=C(OCO3)C=C2)N2CCOCC2)=C(NC(C2OC=CC=2)=O)S1,0.006827904935926199
N1(CCCC(C(=O)NCC2C=CN=CN=2)C1)C1CCN(CC1)CC1=CC=NC=C1,0.007448648172430694
CC1=C(C)C(CN2CCOCC2)=C(NC(C2OC=CC=2)=O)S1,0.007264501042664051
S(=O)(=O)(CCNC1CCN(CC1)C1C=CC2=C(OCO2)C=1)N(C)C,0.005325272143818438
S(=O)(=O)(C1=CC=C(C=C1)Cl)CC1=NOC(CCC(=O)NC2=CC=C(C=C2)OCC)=N1,0.005267910449765623
N1C(=O)C(NC1=O)CC(=O)N(CCOC)CC1C=NN(C)C=1,0.001657090400112793
S(=O)(=O)(C1C=CC(=CC=1)Cl)CC1=NOC(CCC(=O)NC2=C(OC)C=CC(OC)=C2)=N1,0.005619733454659581
C1(=O)C(CCCN1CC1C=CC=C(OC)C=1OC)(CNCC1=CC=NO1)O,0.008220073720440268
S(=O)(=O)(C1=CC=C(C=C1)Cl)CC1=NOC(CCC(=O)NC2C=CC=CC=2OCC)=N1,0.005491479695774615
N1=C(C)ON=C1CN1CCN(CC1)C[C@@]1(CCCN2CCCC[C@@]21[H])O,0.009082912420853972
CCC(C1CC2=C(NN=C2C(NN=CC2=C(C)N(C3=CC=CC=C3)N=C2C)=O)CC1)(C)C,0.0072337202960625294
C1(NCCN2CCCC(CO)C2)=NC(C)=CC(C2CCC2)=N1,0.004129062755964696
S(=O)(=O)(C1=CC=C(C=C1)Cl)CC1=NOC(CCC(=O)N2CCOCC2)=N1,0.006566744949668646
S(=O)(=O)(C1=CC=C(C=C1)Cl)CC1=NOC(CCC(=O)NC2C=CC(=CC=2)CC)=N1,0.0061433817958459255
S(=O)(=O)(C1C=CC(=CC=1)Cl)CC1=NOC(CCC(=O)NC2=CC=C(C=C2)C(C)C)=N1,0.006209205230697989
C1(C=C(ON=1)CN1C2C=CC=CC=2N=C1)C(=O)N(C)CC1C(C)=NON=1,0.006886290409602225
S(=O)(=O)(C1C=CC(=CC=1)Cl)CC1=NOC(CCC(=O)NCC2=CC=CS2)=N1,0.005183662101626396
S(=O)(=O)(C1C=CC(=CC=1)Cl)CC1=NOC(CCC(=O)NCC2=CC=C(C)O2)=N1,0.006304726493544877
FC1=CC=C(CN2C3=C(C=C(C=C3)Br)C(C=C3C4=C(C=CC=C4)NC3=O)=C2)C=C1,0.007914686459116638
S(=O)(=O)(C1=CC=C(C=C1)Cl)CC1=NOC(CCC(=O)NCC2=CC=C(C=C2)OC)=N1,0.005871986597776413
N1(CC(N)=O)C2C=CC=CC=2C(CNCCCC2=CSC(N)=N2)=C1C,0.0039982310961931946
N1(CCCCC2C=CC=CC=2)C(=O)C(NC1=O)(C)C1CCNCC1,0.0025752208312042058
S(=O)(=O)(C1C=CC(=CC=1)Cl)CC1=NOC(CCC(=O)NC2=CC=CC(CC)=C2)=N1,0.00598596828058362
N1(CCCN(CC2CC2)C(C(C)C)C1)C(=O)C1C=CC(=C(O)C=1)C,0.009154213918372988
S(=O)(=O)(C1=CC=C(C=C1)Cl)CC1=NOC(CCC(=O)NC2=CC=CC(SC)=C2)=N1,0.004648022202309221
C1(C(NCCO)=O)C=C(NN=1)COC1C=CC=CC=1OC,0.0026225342589896172
S(=O)(=O)(C1=CC=C(C=C1)Cl)CC1=NOC(CCC(=O)NCC2=CC=C(C=C2)CC)=N1,0.006976405740715563
S(=O)(=O)(C1=CC=C(C=C1)Cl)CC1=NOC(CCC(=O)NCC2=CC=C(C=C2)C)=N1,0.006430103257298469
N1C(CNC(C)COC2C=CC3=C(C=2)OC(C=C3)=O)=CN2C=CC=CC2=1,0.0045944586861878635
OC1=C2C(C=CC=N2)=C(Cl)C=C1C(C1=NC=CC=C1)N1CCCC1,0.005834483937360346
OC1=C2C(C=CC=N2)=C(Cl)C=C1C(C1=NC=CC=C1)N1CCOCC1,0.0045312236761674285
C1(=NC=CN1CC1C=CC2=C(OCO2)C=1)C1C=NC(=NC=1)SCC,0.00740258872974664
S(=O)(=O)(C1=CC=C(C=C1)Cl)CC1=NOC(CCC(=O)NC2CCCC2)=N1,0.0076156015740707515
N1(CC2=CC=CS2)C(CCC(F)(F)F)=NNC1=O,0.001945465962489834
S(=O)(=O)(C1=CC=C(C=C1)Cl)CC1=NOC(CCC(=O)NCC2C=C(OC)C=CC=2OC)=N1,0.006086350465193391
C1(=CC=CN=C1CN(CC)C(C)C)C(O)=O,0.0074627435533329844
S(=O)(=O)(C1C=CC(=CC=1)Cl)CC1=NOC(CCC(=O)NC2=CC=CC=C2C)=N1,0.005845541774760932
O=N(C1=CC=C(C2OC(C=C3C4=C(C=CC=C4)N(C4=CC=CC=C4)C3=O)=CC=2)C=C1)=O,0.006399850710295141
S(=O)(=O)(C1=CC=C(C=C1)Cl)CC1=NOC(CCC(=O)NC2C=CC=CC=2CC)=N1,0.006231070938520133
S(=O)(=O)(C1=CC=C(C=C1)Cl)CC1=NOC(CCC(=O)NC2=CC=C(C=C2)OC)=N1,0.005531194899231195
C1(CC(=O)NC2C=C(N(C)C(C)=O)C=CC=21)C1C=C(C)C=CC=1F,0.006326177157461643
C12=C(Cl)C=C(C=C1CC(CN)O2)C1N=CC=CC=1NC(C(C)C)=O,0.006463694479316473
S(=O)(=O)(C1C=CC(=CC=1)Cl)CC1=NOC(CCC(=O)N2CCC3C=CC=CC2=3)=N1,0.007187980017624796
N12C(C)=C(SC1=NC=C(C(=O)N1CCC3(CCCN(C)C3=O)C1)C2=O)C,0.007869412307627499
C1(C2C=CC=CC=2)C=NNC=1C1CCN(CC1)C(=O)C1=CC=NC(C(C)C)=N1,0.004597661690786481
S(=O)(=O)(C1C=CC(=CC=1)Cl)CC1=NOC(CCC(NCCC2=CC=C(C=C2)C)=O)=N1,0.006663795118220151
N1C(=CC=NC=1N1CCOC(C1)C(F)(F)F)NC(C)C,0.002971931597130606
C1(C(=O)N2CCN(CC2)CC2C=CC=C(C)C=2)=NN(C=C1Cl)C,0.009133778931573033
S(=O)(=O)(C1C=CC(=CC=1)Cl)CC1=NOC(CCC(NCC)=O)=N1,0.005353170912712812
C12C=CC(=NC1=C(C=CC=2C1=CC=C(N=N1)NCCO)OC)C,0.0030525833484716714
S(=O)(=O)(C1C=CC(=CC=1)Cl)CC1=NOC(CCC(NCCC2=CC=C(C=C2)SC)=O)=N1,0.005573564860969782
S(=O)(=O)(C1C=CC(=CC=1)Cl)CC1=NOC(CCC(=O)NC2C=C(C)C=C(C)C=2)=N1,0.006037045898847282
CCOC(C1C2C(C(C3=C(C=2OC=1C)C=CC=C3)=O)=CNCCCC(O)=O)=O,0.009434340009465813
S(=O)(=O)(C1=CC=C(C=C1)Cl)CC1=NOC(CCC(=O)NCC2C=CC=CC=2)=N1,0.0062746248440817
C1(CN2CCCN(CC3CC3)C(C(C)C)C2)C(C)=NN(C(C)C)C=1C,0.026501810643821955
S(=O)(=O)(C1C=CC(=CC=1)Cl)CC1=NOC(CCC(NCCC)=O)=N1,0.005899640289135278
S(=O)(=O)(C1C=CC2=C(OCCN2C)C=1)N1CC[C@@H](C[C@@H]1C(OC)=O)O,0.002385453903116286
S(=O)(=O)(C1=CC=C(C=C1)Cl)CC1=NOC(CCC(=O)NC2C=CC(=C(C)C=2)C)=N1,0.005999015155248344
CCOC(C1C2C(C(C3=C(C=2OC=1C)C=CC=C3)=O)=CNCC1OCCC1)=O,0.010296908626332878
CC(C1=CC=CC=C1)N1CC2=C(C=CC3=C2OC2=C3C(C3=C(C2=O)C=CC=C3)=O)OC1,0.01313099404796958
COC1=C(OC)C=C(C(C(N2CCOCC2)C(C2=CC=CC=C2)N2CCOCC2)=O)C=C1,0.015758766746148466
S(=O)(=O)(C1C=CC(=CC=1)Cl)CC1=NOC(CCC(NCCC2C=CC=CC=2)=O)=N1,0.006469273148104549
COCCOC1=C(OC)C=C(C=C2C3=C(C=CC=C3)NC2=O)C=C1,0.008073538704775274
C(=O)(N(CCC)CCOC)C1C=CC=C(C=1)NC(CCCC)=O,0.009977875463664531
CCCCCC1C(=O)NC(SCCN(CCC)CCC)=NC=1O,0.009518693853169679
C1(=NC=CN1CC=C)C1C=C(OC)C(=C(Cl)C=1)OC,0.006116355326958001
S(=O)(=O)(C1=CC=C(C=C1)Cl)CC1=NOC(CCC(=O)NC2=CC=C(C=C2)C)=N1,0.005674584303051233
Cl.CCCCCC1C(=O)NC(SCCN(CCC)CCC)=NC=1O,0.008779046405106784
S(=O)(=O)(C1C=CC(=CC=1)Cl)CC1=NOC(CCC(=O)NC2C=C(C)C=CC=2C)=N1,0.005962183396331966
S(=O)(=O)(C1=CC=C(C=C1)Cl)CC1=NOC(CCC(NCCC2=CC=CO2)=O)=N1,0.006155897886492312
N1(C[C@@H](C[C@H]1C(NC)=O)N)C(=O)C1=CC=CC=C1NCC1C=CC=CN=1,0.006293225637637079
S(=O)(=O)(C1C=CC(=CC=1)Cl)CC1=NOC(CCC(=O)NC2C=CC=C(C)C=2C)=N1,0.005993898003362119
C(CCC(C)=O)(=O)N(C)CC1C=CC=CC=1OCC(C)C,0.017735683266073464
S(=O)(=O)(C1=CC=C(C=C1)Cl)CC1=NOC(CCC(=O)NC2C=CC(=CC=2C)C)=N1,0.0060096705798059705
N1(CCOC2=C(C=C(C3C=CC=C(Cl)C=3)C=C2C1)O)C(=O)C1=CN=CC(F)=C1,0.00400971727212891
S(=O)(=O)(C1=CC=C(C=C1)Cl)CC1=NOC(CCC(=O)NC2C=C(OC)C=C(OC)C=2)=N1,0.005468327365815639
C1(Cl)C=C(F)C=CC=1C1=CN=CN=C1,0.0069969442905858156
C1(/C=C(\C)/C)=C(C2C=CC=CC=2)N=CN1C[C@H]1CCCO1,0.010176071664318442
S(=O)(=O)(C1C=CC(=CC=1)Cl)CC1=NOC(CCC(NCCCC2C=CC=CC=2)=O)=N1,0.006018179166130721
N1(CCC2(CC1)CCOCC2)C(COCCCC)=O,0.011832869006320834
S(=O)(=O)(C1C=CC(=CC=1)Cl)CC1=NOC(CCC(=O)NCC2=CC=C(C=C2OC)OC)=N1,0.005693672876805067
C1(CN(CC)CC2C=NN(C)C=2)=CC2=CC=C(C=C2NC1=O)Cl,0.005271234689280391
S(=O)(=O)(C1C=CC(=CC=1)C)CC1=NOC(CCC(=O)NCC2=CC=CC(Cl)=C2)=N1,0.006220263708382845
C1(C=NN(C)C=1)C1=C(C)C(C2=CC=C(C(C(OC)=O)=C2)O)=C(C(N)=N1)C#N,0.002683103864546865
S(=O)(=O)(C1=CC=C(C=C1)C)CC1=NOC(CCC(=O)NC2=CC=C(C=C2)C(C)=O)=N1,0.008351560938172043
C1(C=C(C2=CC=CN2)N=C(N)C=1C#N)C1C=CC=C2C=NC=CC=12,0.002566535957157612
S(=O)(=O)(C1C=CC(=CC=1)C)CC1=NOC(CCC(=O)NC2C=CC=CC=2C(F)(F)F)=N1,0.004670294583775103
C1(C=NN(C)C=1)C(=O)N1CC[C@H]([C@H](O)C1)C1=CC=C2C(OCO2)=C1,0.002884001494385302
S(=O)(=O)(C1=CC=C(C=C1)C)CC1=NOC(CCC(=O)NC2C=CC=C(C=2)C(F)(F)F)=N1,0.0044582467875443395
S(=O)(=O)(C1=CC=C(C=C1)C)CC1=NOC(CCC(=O)NC2SC3=C(C=CC(OC)=C3)N=2)=N1,0.005825404915958643
C(=O)(C1C=CC=C(C=1)C#CC(C)(C)O)N(C)CC1=CN=C(N=C1)NC,0.006764184916391969
S(=O)(=O)(C1=CC=C(C=C1)C)CC1=NOC(CCC(=O)NCC2=CC=CC=N2)=N1,0.006769681791774928
C1(C(NCCCC2C(C)=NNC=2C)=O)=C(C)NC(NC1C1C=COC=1)=O,0.00411356589756906
C1(C(O)=O)=NN(C2CCC(CC1=2)NCC1=CC=CC=C1N1C=NC=N1)CC,0.006804977054707706
S1(CCC(N(C)CC(=O)N(CCCC)C2CCCCCC2)C1)(=O)=O,0.014868128672242164
S(=O)(=O)(C1C=CC(=CC=1)C)CC1=NOC(CCC(=O)NC2=CC=C(C(OC)=C2)OC)=N1,0.006341958092525602
N1(CCC(CC1)C(NCCCOC)=O)C1CCN(CC1)CC1=CC=CC=C1C,0.011274187965318561
N1(C=NN=C1CCC1C=CC=CC=1)C1C=CC=CC=1OC,0.011073429090902209
S(=O)(=O)(C1C=CC(=CC=1)C)CC1=NOC(CCC(=O)NC2=CC=C(C=C2)OC)=N1,0.006223653932102025
C1(=O)N=C(C)C=C(C)N1CCNCC(=O)NC1NC2=C(C=CC=C2)N=1,0.0018799982033669948
S(=O)(=O)(C1C=CC(=CC=1)C)CC1=NOC(CCC(=O)NCC2=CC=CC=C2)=N1,0.007188079901970923
C1(=CNC(=CC1=O)C)C(=O)N1CCCC2(C=CC3C(=CC=CC=3)O2)CC1,0.00597683279775083
O=C(NN=CC1=CC=NC=C1)CNS(C1=CC=CC=C1)(=O)=O,0.003461358149070293
C1(C(=O)NC2CCN(CC2)C(NCC)=O)=CN(N=N1)CC1CCCNC1,0.004612238192930817
C12C=C(C#N)C(NC=1C=CN(CCOCC1=CC=CC=C1)C2=O)=O,0.0032685806218069047
S(=O)(=O)(C1C=CC(=CC=1)C)CC1=NOC(CCC(=O)NC2C=CC=CC=2Br)=N1,0.007242647605016828
C(=O)(N(C)CC=C)C1C=CC(=CC=1)OC1C=CC(=CC=1)OC,0.010453132260590792
N1(C=CN=C1)C1=NC=CC=C1CNC(=O)C(CCC)N1C=CC=C1,0.0046283503877930345
C1(N(C)CCC2C=CC=CN=2)=NC(C)=CC(C2CCC2)=N1,0.01107446220703423
N12CCN(CCC1=NN=C2CCC1C=CC=CC=1)C(=O)C1=CC=CC(F)=C1OC,0.008372084191069006
N1(C2C(=CC=CN=2)C)N=C(N=C1C(=O)NCC(C)C)C1CC1,0.006612149043940007
N1(CC(C)C)C=NC=C1CNC(COC1=CC=C(C=C1)C(CC)=O)=O,0.009436411783099174
S(=O)(=O)(C1C=CC(=CC=1)C)CC1=NOC(CCC(=O)NC2C=CC=CC=2Cl)=N1,0.006025407800916582
C1(C2=CC=C(C(CO)=C2)OCC)=NC=CN1CCN(C)C,0.0035598188638687133
S(=O)(=O)(C1C=CC(=CC=1)C)CC1=NOC(CCC(=O)NC2C=CC=C(Cl)C=2)=N1,0.00556175293168053
C12CN(CCN(C)C)CCC=1ON=C2C(C1C=CC=CC=1)C1C=CC=CC=1,0.01823318712413311
S(=O)(=O)(C1C=CC(=CC=1)C)CC1=NOC(CCC(=O)NC2C=CC(=CC=2)Cl)=N1,0.005674807261675597
N1(C(=O)CNC1=O)CC(=O)N1CC[C@H]([C@H](O)C1)C1=CC=C2C(OCO2)=C1,0.0006662005675025284
ClC(C(NC1(C(Cl)(Cl)Cl)OCCO1)=O)(Cl)Cl,0.008454497996717691
S(=O)(=O)(C1=CC=C(C=C1)C)CC1=NOC(CCC(=O)NCC2C=CC=CC=2Cl)=N1,0.006313507258892059
N1(C=CN=C1C1C=C(C)C(=C(C)C=1)O)[C@@H]1CCC[C@@H]1COC,0.005118223163299263
S(=O)(=O)(C1C=CC(=CC=1)C)CC1=NOC(CCC(=O)NCC2=CC=C(C=C2)Cl)=N1,0.006351175298914313
N1(C(CCN)=NNC1=O)C1C(OC)=CC=C(Cl)C=1,0.0035189574351534247
FC(C1(OC2=C(C=C(C(=C2)Cl)Cl)O1)NC(NCCN1CCOCC1)=O)(F)F,0.0035036428831517696
S(=O)(=O)(C1C=CC(=CC=1)C)CC1=NOC(CCC(=O)NC2C(OC)=CC(=C(Cl)C=2)OC)=N1,0.005561047920491546
C1(C=CNN=1)C1=CC=C(C=N1)C(NCCC1COC2C(=CC=CC=2)O1)=O,0.005021606292575598
S(=O)(=O)(C1C=CC(=CC=1)C)CC1=NOC(CCC(=O)NC2=CC=C(C=C2C)Cl)=N1,0.005879186594393104
C12CN(CCC=1ON=C2C1=CC=CC=C1F)CC(N)=O,0.004543841921258718
S(=O)(=O)(C1=CC=C(C=C1)C)CC1=NOC(CCC(=O)NC2=C(C)C=CC(Cl)=C2)=N1,0.005862953932955861
[C@@H]12[C@](C)(C(OC)=O)N[C@H](C3=CC=CC=C3CN3C=CC=N3)[C@@H]1C(N(C)C2=O)=O,0.0030600966847487143
S(=O)(=O)(C1=CC=C(C=C1)C)CC1=NOC(CCC(NCCC2C=CC(=CC=2)Cl)=O)=N1,0.006423305463977158
C(=O)(C1C=CC(=CC=1)CN(CCC)CCC)N[C@H]1CCCCNC1=O,0.009908689325675369
S(=O)(=O)(C1C=CC(=CC=1)C)CC1=NOC(CCC(=O)NC2CCCCCC2)=N1,0.008817818760871888
N1(CCN2C(=CC=C2)C1C)C(=O)C1C=C(ON=1)CN1CCC(CC1)O,0.0047224120702594515
S(=O)(=O)(C1C=CC(=CC=1)C)CC1=NOC(CCC(=O)NC2CCCCCCC2)=N1,0.009003574680536985
N1(CC(=O)NC2C=NN(CC)N=2)C2=CC=C(C=C2C=N1)C1C=CC=CC=1OC,0.0064201468601822855
C1(C#N)C(N)=NC(=CC=1C1C=NN(CC)C=1)C1=CC(=CS1)CN(C)C,0.003874761692713946
S(=O)(=O)(C1C=CC(=CC=1)C)CC1=NOC(CCC(=O)NC2=CC=C(C=C2F)F)=N1,0.005822252575308084
C1(N(C)CC2=CC=CC=C2N2C=CC=N2)=NC(C)=NC2CCNCCC1=2,0.007729073683731258
COC1=C(OC)C=C(C(NC2SC(C3=CC=CC=C3)=C(C3SC=CC=3)N=2)=O)C=C1,0.006777991168200969
N1C(=O)NC(C)(C2CCN(CC2)CC2=CC=NC(C(C)C)=N2)C1=O,0.0020910144899971782
C1(C=CN(CC)N=1)C(=O)N1CCN2C(CC1)=NN=C2CCC1=CC=CC=C1,0.009278795681893826
S(=O)(=O)(C1C=CC(=CC=1)C)CC1=NOC(CCC(=O)NC2C=CC(=CC=2OC)OC)=N1,0.006166732893325389
N1(CC2C=CC=CC=2)C(CC)CN(CCC1=O)C(=O)CCN1C=C(C=N1)Cl,0.0091705362778157
S(=O)(=O)(C1C=CC(=CC=1)C)CC1=NOC(CCC(=O)NC2C=C(OC)C=C(OC)C=2)=N1,0.005943742976523936
C1(C(NCCOC2C=CC=CC=2)=O)C=NN2C=CN(C)C=12,0.004317363852169365
S(=O)(=O)(C1=CC=C(C=C1)C)CC1=NOC(CCC(=O)NC2C=CC=C(C)C=2C)=N1,0.007072673900984228
S(=O)(=O)(C1=CC=C(C=C1)C)CC1=NOC(CCC(=O)NC2=C(C)C=CC=C2C)=N1,0.007366070291027427
CC1=C(OCCN2C3=C(C=CC=C3)C(=NNC(C3=CC=CC=C3)=O)C2=O)C=CC=C1,0.007081090705469251
S(=O)(=O)(C1=CC=C(C=C1)C)CC1=NOC(CCC(=O)NC2C=CC=C(C=2)C(OCC)=O)=N1,0.006105432123877108
C(=O)(N(CCC)CC1=CC=CN=C1)CC1=CC(=NO1)C,0.009165498008951545
S(=O)(=O)(C1C=CC(=CC=1)C)CC1=NOC(CCC(=O)NC2C=CC=CC=2CC)=N1,0.007193195656873286
N1(C[C@H](C[C@H]1C(NC)=O)N)C(=O)C1=CC=NN1CCC,0.006520561501383781
S(=O)(=O)(C1C=CC(=CC=1)C)CC1=NOC(CCC(=O)NC2C=CC=CC=2F)=N1,0.0060247732792049645
S(=O)(=O)(C1C=CC(=CC=1)C)CC1=NOC(CCC(=O)NC2C=CC=C(F)C=2)=N1,0.0056018836330622435
C12C(=CC=CC=1C1C=CC=CC=1C(N)=O)CC(CN)O2,0.008270944887772202
S(=O)(=O)(C1=CC=C(C=C1)C)CC1=NOC(CCC(=O)NCC2=CC=CO2)=N1,0.007142878836020827
N1(C=CN=C1C)C1=CC=CC=C1CNC(=O)C1C=C(C)N=C(C)N=1,0.0046230987994931635
S(=O)(=O)(C1C=CC(=CC=1)C)CC1=NOC(CCC(=O)N2CCCCCC2)=N1,0.008043797896243631
C(=O)(N(C)CCN1C2=CC=CC=C2C=C1)[C@@H]1C[C@H]2C[C@@H]1C=C2,0.011607393063604832
S(=O)(=O)(C1C=CC(=CC=1)C)CC1=NOC(CCC(=O)N2CCC3C=CC=CC2=3)=N1,0.008392167673446239
S(=O)(=O)(C1C=CC(=CC=1)C)CC1=NOC(CCC(=O)NCC2=CC=C(C=C2)OC)=N1,0.006923465081490577
C12=NC(=CN1N=C(C)S2)CNC(=O)C1C=CC=C(C=1)OCC(C)=C,0.005061655212193728
S(=O)(=O)(C1C=CC(=CC=1)C)CC1=NOC(CCC(=O)NC2C=CC=CC=2C(OC)=O)=N1,0.006501540914177895
S(=O)(=O)(C1C=CC=C(C=1)C#N)N1C[C@H](C[C@H]1C(=O)N(CC)CC)N,0.005305223946925253
N1(CC)C(=O)NN=C1C1CCN(CC1)C(=O)CCNC(=O)C1C=CC(=CC=1)F,0.002596398687455803
N1C2=CC(=CC=C2NC=1C1C=CC(=CC=1)C#CC(C)(C)O)C#N,0.004082733986433595
S(=O)(=O)(C1C=CC(=CC=1)C)CC1=NOC(CCC(=O)NCC2=CC=C(C=C2)C)=N1,0.007671990501694381
N1(CC=CC1C(C)C)CC1C=CC=C(C=1)C(=O)NC1=CC=CC(=C1)C(N)=O,0.009076364780776202
S(=O)(=O)(C1=CC=C(C=C1)C)CC1=NOC(CCC(NCCCC2C=CC=CC=2)=O)=N1,0.006815128633752466
C1(=C2C=CC=CC2=CC=N1)OC1C=CC(=C2C=CC=NC=12)CN1CCOCC1,0.00808292585425079
C(=O)(C(C)CN(C)C(C)C)NC1=CC(C)=CC=C1NC(CCCC)=O,0.01225546612404287
S(=O)(=O)(C1=CC=C(C=C1)C)CC1=NOC(CCC(=O)NC2C=CC(=CC=2)S(N)(=O)=O)=N1,0.005199300067033619
C12CN(CCC=1NN=C2C1=CC=CC=C1F)C(=O)CN1C=CN=C1CC,0.002753621252486482
C1(C2CC(=O)NC3=CC(=CC=C32)NS(C)(=O)=O)=C(C)N(N=C1C)CC=C,0.004216597252525389
S(=O)(=O)(C1C=CC(=CC=1)C)CC1=NOC(CCC(=O)NC2C=CC(=CC=2F)Br)=N1,0.006553262658417225
C1(C2=CC=C(C3C=CC=CC2=3)OC)OC(=C(CN2C[C@@H]([C@@H](N(C)C)C2)O)N=1)C,0.002995452960021794
C1(NC2CN(C(=O)C2)CCOC)C2CCNCC=2N=C(C2=CC=CN=C2)N=1,0.005300764576531947
S(=O)(=O)(C1C=CC(=CC=1)C)CC1=NOC(CCC(=O)NC2C=CC=CC=2C)=N1,0.006889392551966011
S(=O)(=O)(C1C=CC(=CC=1)C)CC1=NOC(CCC(=O)NC2=CC(OC)=C(C(OC)=C2)OC)=N1,0.006507864804007113
C1(=O)O[C@H]2[C@H](CN(CC3=NOC(CC)=N3)C2)N1CCCN1CCOCC1,0.007523552188649774
S(=O)(=O)(C1C=CC(=CC=1)C)CC1=NOC(CCC(=O)NC2C=CC(=C(Cl)C=2)C)=N1,0.005882282473612577
C1(C=CC=CC=1F)C(NCCC(NCCNC1=CC(C)=CC=N1)=O)=O,0.004055672255344689
S(=O)(=O)(C1=CC=C(C=C1)C)CC1=NOC(CCC(=O)NC2C=C(C)C=CC=2C)=N1,0.0070914828684180975
C(=O)(N1CCCC1)C1CCCN(C2CCN(CC2)CC2C=CC(=CC=2)C)C1,0.017064657993614674
S(=O)(=O)(C1C=CC(=CC=1)C)CC1=NOC(CCC(=O)NC2C=CC(=CC=2C)C)=N1,0.007145638857036829
ClC1=C(C2OC(NCCN3CCOCC3)=C(S(C3=CC=CC=C3)(=O)=O)N=2)C=CC=C1,0.0036587559268809857
C1(C2C=CC=CC=2)(C(=O)NCC2=CC=CN=C2OC2C=CC=CC=2F)CC1,0.007955138385295869
FC1=C(C2OC(NCC3OC=CC=3)=C(S(C3=CC=CC=C3)(=O)=O)N=2)C=CC=C1,0.00509793262463063
C1(=NC=CC=C1CNC(=O)[C@@H](C(C)C)N)N1CCN(CC1)C1=CC=CC=C1OC,0.007318058027885854
C1(N2CCOCC2)=NC(C)=CC(NCCCN2CCCC(O)C2)=N1,0.0022582458157557996
C(=O)(N1CCOCC1)C1CCCN(C2CCN(CC2)C2=NC=CN=C2OC)C1,0.008969014626927674
C1(C=C(ON=1)CN1CCC(CC1)CC1=CC=CC=C1)C(=O)NC(CO)C(C)C,0.005659234803169965
N(CC1=CC=CC=C1)(CC1SC=CN=1)C(=O)CCC1CCCCN1C,0.007848243881016969
C1(CN2CCC(CNC(=O)C3C=CC(=CC=3)C#N)C2)=NC=CN1CC,0.004526924004312605
N1(C=CN=C1C1=CC=CC(CN2CCOCC2)=C1)CC1=CSC(C)=N1,0.0063932241639122365
S(=O)(=O)(C1=CC=C(C=C1)C)CC1=NOC(CCC(=O)NC2SC3=C(C=CC=C3)N=2)=N1,0.006318631581962109
C12C(N(CCC)CCC3C=CC=CC=3)=NC=NC=1OC(C)=N2,0.007739047380164265
N1(CCC2=C(N=CN=C2NCCCN2CCCC2=O)C1)C(=O)C1=CC=CN=C1,0.005139218107797205
S(=O)(=O)(C1C=CC(=CC=1)C)CC1=NOC(CCC(=O)NC(C)C)=N1,0.0069294516695663335
C1(C(=O)N2CCCC2)C=C2N(CCN(C(=O)C3=CC=CC4C=NC=CC3=4)C2)N=1,0.00962549210526049
C12C=C(C=CC=1NC(C)=C2C)C(=O)N1CCC(CC1)C1NN=CC=1CC,0.005501646548509598
N1=CC(=CN1C)C=CC(=O)N1CCCC2(C=CC3C(=CC=CC=3)O2)CC1,0.011826219968497753
S(=O)(=O)(C1=CC=C(C=C1)C)CC1=NOC(CCC(=O)NC2=CC=C(C=C2)C(OCC)=O)=N1,0.006196420313790441
C1(C=C(ON=1)CN1CCN(CC1)CC)C(=O)N1CC(C1)O,0.004161571024451405
S(=O)(=O)(C1=CC=C(C=C1)C)CC1=NOC(CCC(=O)NC2=C(OC)C=CC(OC)=C2)=N1,0.0061639977619051935
S(=O)(=O)(C1=CC=C(C=C1)C)CC1=NOC(CCC(=O)NC(C)C2=CC=CC=C2)=N1,0.007895398256368934
C1(=CC=C(N(C)C1=O)C)C(=O)N1CCCN(CC2CC2)C(C(C)C)C1,0.014685817621648311
N1(CC2=C(C=NC(C(C)(C)C)=N2)C1)C(=O)C1CC(C2C=CC=CC1=2)=O,0.015547472517937422
S(=O)(=O)(C1C=CC(=CC=1)C)CC1=NOC(CCC(=O)NC2C=CC(=CC=2Cl)C)=N1,0.006147191929630935
N1=CN(C(CCSC)=C1C1C=CC=CC=1)CCC1NN=C2CCCCC=12,0.007337113469839096
S1C=CC=C1CN(CCOC)CC1C=CC(=CC=1)C(C)=O,0.016736866906285286
N1=NC=C(SCCNCC2=CNN=C2C2C=CC(=CC=2)F)N1,0.002538406848907471
N1(CC2=C(C=NC(CC(C)C)=N2)C1)C(=O)C1C(C)=NON=1,0.010065833572298288
S(=O)(=O)(C1=CC=C(C=C1)C)CC1=NOC(CCC(=O)NC2CC2)=N1,0.006883144425228238
C1(N=C(NC=1Cl)CCCC)C1=NC=CN1C(C)COC,0.004697876691352576
S(=O)(=O)(C1=CC=C(C=C1)C)CC1=NOC(CCC(NCCC(C)C)=O)=N1,0.007877041772007942
C12CCN(CCC=1N=C(N(C)C2=O)C)C(=O)C1CCCN1CC=C,0.008639058028347791
S(=O)(=O)(C1C=CC(=CC=1)C)CC1=NOC(CCC(=O)NCC2C=CC=C(C)C=2)=N1,0.007489932444877922
N1N(CCNC(CCC2NN=C3CCCCC=23)=O)C2C(=CC=CC=2)N=1,0.005469950474798679
S(=O)(=O)(C1=CC=C(C=C1)C)CC1=NOC(CCC(NCCC2C=CC=CC=2)=O)=N1,0.007432476012036204
C1(SC=C(CO)N=1)N1CC[C@H]([C@H](O)C1)N1CCN(CC1)C1C=CC=CC=1F,0.0023584596870932727
CCCCCCCCCN1C2=C(C=CC=C2)NC1=O,0.005320725566707552
S(=O)(=O)(C1=CC=C(C=C1)C)CC1=NOC(CCC(NCCC2=CC=C(C=C2)C)=O)=N1,0.00782180749811232
N1=C(C)C(=C(C)N1)CCNC(=O)C1=CC=C(C(OCC)=C1)OCC=C,0.0066212514415383335
S(=O)(=O)(C1C=CC(=CC=1)C)CC1=NOC(CCC(=O)NC2C(C)=CC(=CC=2C)C)=N1,0.007593313418328762
N1C(C2=CC=CN=C2)=NC2=C(CCN(C(=O)C(C)N(C)CC)C2)C=1N(C)C,0.008934053545817732
S(=O)(=O)(C1=CC=C(C=C1)C)CC1=NOC(CCC(=O)N2CCOCC2)=N1,0.007114510098472237
N1(C[C@@H]2C[C@H]1CC2)C(=O)C1C=CC=NC=1C1C=C(OC)C=CC=1F,0.006863812170922756
C1(=CC=C(CN2C=CN=C2)O1)C(=O)N1CCC2(CC1)CCCO2,0.007045602146536112
S(=O)(=O)(C1=CC=C(C=C1)C)CC1=NOC(CCC(=O)NC2C=C(C)C=C(C)C=2)=N1,0.00712132325861603
C1(C(=O)NCC(N(C)C)C2=CC=C(C)O2)=CC(=NN1C)C(C)C,0.011738728825002908
S(=O)(=O)(C1=CC=C(C=C1)C)CC1=NOC(CCC(=O)NC2=CC=CC(C(C)=O)=C2)=N1,0.008226304501295089
C1(=CNN=C1CCC)C(=O)N1CCCN(CC2CC2)C(C(C)C)C1,0.011090247472748161
S(=O)(=O)(C1=CC=C(C=C1)C)CC1=NOC(CCC(NCCOC)=O)=N1,0.005684154434129595
C1(N(CCN2C=CN=C2)C=NC=1C1C=CC=CC=1)C1C=CC=CC=1C(O)=O,0.00517580994637683
N12C(C(C)C)=NN=C1SC(C1CCN(CC1)C(=O)C1=CC=CC(OC)=C1)=N2,0.0083771382458508
S(=O)(=O)(C1C=CC(=CC=1)C)CC1=NOC(CCC(=O)NC2C=CC=C(SC)C=2)=N1,0.005546900909394026
C1(=CC(OC)=C(C(OC)=C1)OC)C1C=C(Cl)C=CC=1NC(C)=O,0.007977622770704329
S(=O)(=O)(C1=CC=C(C=C1)C)CC1=NOC(CCC(=O)NC2=C(CC)C=CC=C2C)=N1,0.007552515063434839
C1(=NC=CC=C1CNC(=O)C1C=CC=CC=1F)N(C)CC1=CC=CC=C1,0.006007253751158714
C1(C=NN(C)C=1C1CC1)C1C=C(N=C(N)C=1C#N)C1C2C=CC=CC=2NC=1,0.003580013185273856
S(=O)(=O)(C1=CC=C(C=C1)C)CC1=NOC(CCC(=O)NCC2=CC=CC=C2OC)=N1,0.006837070244364441
N1=C(CC(C)C)ON=C1CN(CC)C(C(C)SCC=C)=O,0.012939554080367089
S(=O)(=O)(C1C=CC(=CC=1)C)CC1=NOC(CCC(=O)NCC2C=CC=C(OC)C=2)=N1,0.006768770096823573
N1(CC[C@H]([C@H](O)C1)C1=CC=C2C(OCO2)=C1)C1=C(Cl)C=C(C=N1)C,0.0025881883862894028
S(=O)(=O)(C1C=CC(=CC=1)C)CC1=NOC(CCC(=O)NCC2=CC=C(C=C2)F)=N1,0.006256885151378811
C(=O)(CC1C=C(OC)C=CC=1OC)N(CCOC)CC1=CC=CS1,0.008999826293438673
S(=O)(=O)(C1=CC=C(C=C1)C)CC1=NOC(CCC(=O)NC2=CC=C(C=C2)C(C)C)=N1,0.006978980847634375
C1(C(=O)NCC2NN=C(C(C)(C)C)C=2)C=C(ON=1)CN1CCC(CC1)O,0.002971715817693621
S(=O)(=O)(C1=CC=C(C=C1)C)CC1=NOC(CCC(=O)NC2=CC=CC(CC)=C2)=N1,0.006926154578104615
S(=O)(=O)(C1=CC=C(C=C1)C)CC1=NOC(CCC(=O)NC2CCCC3C=CC=CC2=3)=N1,0.009067776380106807
C12CN(CCOC1=C(C=C(C1C=CC=C(Cl)C=1)C=2)O)CC(O)=O,0.003927811305038631
N1=C(CC)ON=C1CN(C)CC1C=NC(=NC=1)SCCC,0.011057249596342444
S(=O)(=O)(C1=CC=C(C=C1)C)CC1=NOC(CCC(=O)NC2=C(F)C=CC(F)=C2)=N1,0.005868141911923886
S(=O)(=O)(C1C=CC(=CC=1)C)CC1=NOC(CCC(=O)NC2C=CC(=C(F)C=2)C)=N1,0.005838539288379252
CC1NC(SCC2=C(Cl)C=C(Cl)C=C2)=NN=1,0.004415550827980041
N1=C(CN2C=CN=C2C2=CNC=N2)ON=C1C1C=CC=CC=1,0.0030815066711511463
S(=O)(=O)(C1C=CC(=CC=1)C)CC1=NOC(CCC(=O)NC2C=CC=CC=2OCC)=N1,0.006454300088807941
S(=O)(=O)(NCC1=CC=CC=C1)N1CCC1C1C=CC=C(OC)C=1,0.009075695136561989
C1(N(CCOC)CC2SC=CC=2C)=NC(C)=NC2SC=CC1=2,0.009173497650772333
C1(N(C)CCN2CCCCC2=O)=CC(C(C)C)=NC(C)=N1,0.00780780897475779
S(=O)(=O)(C1C=CC(=CC=1)C)CC1=NOC(CCC(=O)NC2=CC=C(C=C2F)Cl)=N1,0.005356081807985902
N1C(CNC(=O)C2=CC=C(N=C2)N2CCN(CC2)C)=NOC=1C(C)C,0.005879939836449921
S(=O)(=O)(C1C=CC(=CC=1)C)CC1=NOC(CCC(=O)NC2=CC=C(C=C2C)Br)=N1,0.007285670354031026
S(=O)(=O)(C1=CC=C(C=C1)C)CC1=NOC(CCC(=O)NCC2=CC=C(C)O2)=N1,0.007631072006188333
C(=O)(C(=O)C1=CC=CN=C1)N[C@H]1COC[C@@H]1OCC,0.008266842341981828
S(=O)(=O)(C1C=CC(=CC=1)C)CC1=NOC(CCC(NCCC2=CC=C(C=C2)S(N)(=O)=O)=O)=N1,0.005695119360461831
C1(CCCN(CCOC)C1=O)(O)CN1CCC2(CC1)NC1=CC=CC=C1NC2=O,0.0072830499615520235
S(=O)(=O)(C1C=CC(=CC=1)C)CC1=NOC(CCC(=O)NC2C=CC(=CC=2C)F)=N1,0.005880151363089681
N1C(N)=NC(=CC=1N1CCN(CC1)CC1ON=C(C(C)C)C=1)OC(C)C,0.008068191865459085
S(=O)(=O)(C1C=CC(=CC=1)C)CC1=NOC(CCC(=O)NC2=CC=C(C=C2Cl)F)=N1,0.00555563202360645
N1(CCOC(C1)C1C=CC2C(=CC=C(OC)C=2)C=1)C(=O)C1C=CC=NN=1,0.007565431110560894
S(=O)(=O)(C1C=CC(=CC=1)C)CC1=NOC(CCC(=O)NC2C=CC(=CC=2)OC(F)(F)F)=N1,0.003613597631920129
C(=O)(C1C=CC2=C(C=1)N=CN2)N1CCCCC1CCC1C=CC(=CC=1)O,0.0022648238111287354
S(=O)(=O)(C1=CC=C(C=C1)C)CC1=NOC(CCC(=O)NC2C=CC(=CC=2)NC(C)=O)=N1,0.005777080659754574
N1(C2C=CN=CC=2C)N=C(N=C1C1=CC=CC(=O)N1)C(C)C,0.004705130343791097
S(=O)(=O)(C1=CC=C(C=C1)C)CC1=NOC(CCC(NCCN2CCOCC2)=O)=N1,0.006229571928270161
N1(CCN(CC1)CC1C=CC=CC=1OC(F)F)C1=CC=NC=C1F,0.004050873045343906
S(=O)(=O)(C1C=CC(=CC=1)C)CC1=NOC(CCC(=O)NC2=CC=C(C=C2)C)=N1,0.006794487056322396
[C@]12(CNC[C@@H]1CN(C)C2)C(NCCC1NN=C(C2C=CN=CC=2)N=1)=O,0.003789423132548109
S(=O)(=O)(C1=CC=C(C=C1)C)CC1=NOC(CCC(=O)NC2C=CC=C(C)C=2)=N1,0.006651242636144162
CC(NC(C1=C(C(NN)=O)N=CN1)=O)C,0.001435580023098737
S(=O)(=O)(C1C=CC(=CC=1)C)CC1=NOC(CCC(=O)NC2CCCCC2)=N1,0.008277793321758509
S(=O)(=O)(C1=CC=C(C=C1)C)CC1=NOC(CCC(NCC)=O)=N1,0.006140119419433177
S(=O)(=O)(C1C=CC(=CC=1)C)CC1=NOC(CCC(=O)NC2C=CC=CC=2OC)=N1,0.006415664753876627
C1(C2CCCN(CCOC3=CC=C(C=C3OC)C)C2)=NN=C2C=CC=CN12,0.009857116034254432
S(=O)(=O)(C1C=CC(=CC=1)C)CC1=NOC(CCC(=O)NC2C=CC=C(Br)C=2)=N1,0.006940811383537948
N1C(=O)C=C(N=C1CCNC(C)COC1C=CC=CC=1)C,0.004621627368032932
S(=O)(=O)(C1C=CC(=CC=1)C)CC1=NOC(CCC(=O)NC2C(OC)=CC(=CC=2Cl)OC)=N1,0.005490125366486609
C(=O)(C1C=CC2=C(SC=N2)C=1)N(C)C(C)CC1C=C(C)C=CN=1,0.008593756589107215
S(=O)(=O)(C1C=CC(=CC=1)C)CC1=NOC(CCC(=O)NCC2C=C(C)C=CC=2C)=N1,0.007929671602323652
S(=O)(=O)(C1=CC=C(C=C1)C)CC1=NOC(CCC(=O)NCC2C=CC=CC=2F)=N1,0.005997783341445029
C12C(=CC=C(C=1)C1C=C(C)C(=C(C)C=1)OC)N=CNC2=O,0.005538235884159803
S(=O)(=O)(C1C=CC(=CC=1)C)CC1=NOC(CCC(=O)NCC2=CC=C(C=C2)SC)=N1,0.0062687622616067525
C(=O)(N1CCN(CC1)C1=NC=CN=C1C#N)C1=CC(C)=NC2=CC(C)=CC=C21,0.004859615501482039
S(=O)(=O)(C1C=CC(=CC=1)C)CC1=NOC(CCC(=O)NCC2C=CC(=CC=2)OCC)=N1,0.006911943014711141
COC1=CC(C=NNC2=NC3=C(C=C(C=C3)Cl)C(C3=CC=CC=C3)=N2)=CC=C1,0.005622940463945269
S(=O)(=O)(C1C=CC(=CC=1)C)CC1=NOC(CCC(NCCC2=CC=CS2)=O)=N1,0.006189971813000739
C1(C=C(NN=1)COC1=CC=CC=C1)C(=O)N1CCCN2N=C(C)C=C2C1,0.006593673140741885
FC1=CC(C=NNC2=NC3=C(C=C(C=C3)Cl)C(C3=CC=CC=C3)=N2)=CC=C1,0.004669522924814373
S(=O)(=O)(C1C=CC(=CC=1)C)CC1=NOC(CCC(NCCC2=CC=CO2)=O)=N1,0.007226210739463568
C(=O)(C(C)N1C=CC=C1)N(C)CC(=O)C1=CC=C(C=C1)O,0.009857142250984907
S(=O)(=O)(C1C=CC(=CC=1)C)CC1=NOC(CCC(=O)NCC2=CC=CC(Br)=C2)=N1,0.007675729226320982
C1(C=C2CCCC2=NC=1OC)C(=O)N1CCOC(CC2C=CC=C(OC)C=2)C1,0.009098710026592016
C1(C2=CC=CC=C2C)OC(=C(COC2C=CC=CC=2C(N)=O)N=1)C,0.00578974150121212
S(=O)(=O)(C1C=CC(=CC=1)C)CC1=NOC(CCC(=O)NCC2C=CC(=CC=2)OC(C)C)=N1,0.007344908663071692
C1(=NC=CN1C)C1C=CC(=NN=1)NC(C)CC1C=NC=CN=1,0.00534794096602127
S(=O)(=O)(C1C=CC(=CC=1)C)CC1=NOC(CCC(NCCC2C=CC=CC=2Cl)=O)=N1,0.0063976026372984055
C1(=NC=CC(=N1)C1C=CC(=NC=1C)C)N1CCC(CC1)NC1=NC=CC=N1,0.006624671793542802
S(=O)(=O)(C1C=CC(=CC=1)C)CC1=NOC(CCC(=O)NCC2C=CC(=CC=2)CC)=N1,0.007933912239968777
C1(SCCNC(=O)CN2CCCCCC2)=NN=NN1C,0.0053848741110414265
CC(C1C2=C(C=CC(N(S(C3=C(C)C=C(C)C=C3C)(=O)=O)C(C3CCCCC3)=O)=C2)OC=1C)=O,0.010536661744117737
C12(CCCN(C)C1=O)CCN(C(COCC1NC3C(=CC(=CC=3)F)N=1)=O)C2,0.0027318918611854313
C1(=C(C)C=NN1CC1C=CC=C(F)C=1)NC(=O)C1C=CC=C(C=1)NC(C)=O,0.0044966127839870754
CC1=CC=C(S(CC2=CC=C(Cl)C=C2)(=O)=O)C=C1,0.008935088803991676
S(=O)(=O)(C1=CC=C(C=C1)F)CC1=NOC(CCC(=O)NCC2=CC=CC(Cl)=C2)=N1,0.005218743276782334
N1(C=CC=N1)C1=CC=CC(CNCC(=O)NC2=CC=C(C=C2F)Cl)=C1,0.003974629973527044
S(=O)(=O)(C1C=CC(=CC=1)F)CC1=NOC(CCC(=O)NC2=CC=C(C=C2)C(C)=O)=N1,0.007709436374716461
N1(C(C)C2NC(=NN=2)C)C=NC(C2=CC=CC=C2)=C1C1C=CC2=C(C=CO2)C=1,0.006029418460093439
S(=O)(=O)(C1=CC=C(C=C1)F)CC1=NOC(CCC(=O)NC2C=CC=CC=2C(F)(F)F)=N1,0.00468356111086905
C1(=CSC(CN(C)C)=N1)C(=O)N(C)CC1NC2C(=CC=C(F)C=2)N=1,0.0023679698293562978
N1(C2C=CC(=CC=2)OC)C=NN=C1CC1C2C=CC=CC=2NC=1,0.005618191952817142
S(=O)(=O)(C1C=CC(=CC=1)F)CC1=NOC(CCC(=O)NC2C=CC=C(C=2)C(F)(F)F)=N1,0.004479729558806866
C(=O)(CC1C=CSC=1)N(CCC)CC1=CC=CN=C1,0.008608277142047881
N1(CCC2(CCN(CC2)C)C1)C1=CC=NC(C)=N1,0.011961265467107296
CC1=CC2=C(N=C(N=C2C2=CC=CC=C2)NN=CC2=CC=CC=C2)C=C1,0.006403605220839381
N1=C(NC)C=CN=C1NCC1C=C2OCCOC2=CC=1OC,0.0060701992129907015
N1(CCC[C@H]1CN1CCCC1)C(=O)CCNC(=O)C1C=CC=CC=1F,0.007869780855253338
S(=O)(=O)(C1=CC=C(C=C1)F)CC1=NOC(CCC(=O)NC2=CC=C(C(OC)=C2)OC)=N1,0.006311041722074151
N1(CC[C@H]2N(C)[C@H](CC2)C1)C(=O)C1C=CC(=CC=1)N1C=NN=C1,0.007639956707134843
S(=O)(=O)(C1=CC=C(C=C1)F)CC1=NOC(CCC(=O)NC2C=CC=C(OC)C=2)=N1,0.0059244169387966394
C1(=CN=C(NC1=O)C)C(=O)N1CCC(CC1)C1NN=CC=1C1C=CC=C(F)C=1,0.0032790542813017965
S(=O)(=O)(C1=CC=C(C=C1)F)CC1=NOC(CCC(=O)NC2=CC=C(C=C2)OC)=N1,0.006128151621669531
N1C(=O)C(NC1=O)CC(=O)N1CCC(CC1)C1NN=CC=1C1C=CC=C(F)C=1,0.0009858922858256847
S(=O)(=O)(C1=CC=C(C=C1)F)CC1=NOC(CCC(=O)NCC2=CC=CC=C2)=N1,0.005957737821154297
C1(CN(C)CC2C=CC(=NC=2)Cl)=NN=CN1CC,0.007144000334665179
C1(C(OCC)=O)=CN(CC(C)N2C=NC=N2)C=C(OC2C=CC=CC=2)C1=O,0.00844280777964741
S(=O)(=O)(C1=CC=C(C=C1)F)CC1=NOC(CCC(=O)NC2C=CC=CC=2Cl)=N1,0.005544780450873077
C1(C=CC=CC=1OCC)CN(CC)CC1=CC=C(C(O)=C1)OC,0.008652248466387392
N1(C=CN=C1)C1=NC=CC=C1CNC(=O)C1CCCN(CC2=CC=CO2)C1,0.004879672487732023
C1(=CC=CN=C1CN1CCC(CC1)C1=CC=CC=C1OC)C(O)=O,0.005535616213455797
N1C(CC)=C(C2C=C(C)C=C(CNC(CC(C)C)=O)C1=2)C,0.0077568634646013376
S(=O)(=O)(C1=CC=C(C=C1)F)CC1=NOC(CCC(=O)NCC2=CC=C(C=C2)Cl)=N1,0.005310793011449278
C1(C=NC=C(N=1)C1=CC=C(C=C1N1C=CC=N1)C)C(=O)N1CCCCC1,0.007592541538178921
S(=O)(=O)(C1=CC=C(C=C1)F)CC1=NOC(CCC(=O)NC2C(OC)=CC(=C(Cl)C=2)OC)=N1,0.00570648112334311
C1(=S)N[C@H](C)C[C@H](N1)C(=O)NC1=C(C)C=C2C(C(C)=CC(=O)O2)=C1,0.005917449318803847
CC1=CC=C(C2CC(C3C(=O)NC4=C(C=CC=C4C)C=3)N(C(CCC(O)=O)=O)N=2)C=C1,0.005054903461132199
S(=O)(=O)(NCC1=CC=CC=C1)NCC1=CSC(CC2C=CC=CC=2)=N1,0.0069456800352782015
S(=O)(=O)(C1C=CC(=CC=1)F)CC1=NOC(CCC(=O)NC2=C(C)C=CC(Cl)=C2)=N1,0.005083755578380078
N1(CCN(C(CCO)C1)CC1=CC=CO1)C(=O)CC1C=CC=CC=1O,0.0022373404819518326
S(=O)(=O)(C1C=CC(=CC=1)F)CC1=NOC(CCC(NCCC2C=CC(=CC=2)Cl)=O)=N1,0.005411122553050518
[C@H]1(CN(CC2=NC=CN2C)C[C@@H](C(O)=O)C1)C(=O)N1CCOCC1,0.0036570123746059837
S(=O)(=O)(C1=CC=C(C=C1)F)CC1=NOC(CCC(=O)NC2CCCCCC2)=N1,0.008438388118520379
N1C(C)=CNC=1CN(C)C(=O)COC1C(C)=CC=C(C)C=1C,0.00526957141701132
S(=O)(=O)(C1=CC=C(C=C1)F)CC1=NOC(CCC(=O)NC2CCCCCCC2)=N1,0.008416836056858302
C1(C(=O)NCC2ON=C(C3CCCCC3)N=2)C(=O)NC2C(=CC=CC=2)N=1,0.006023315200582147
S(=O)(=O)(C1=CC=C(C=C1)F)CC1=NOC(CCC(=O)NC2=CC=C(C=C2F)F)=N1,0.006078973668627441
C1(C=CC(=CC=1OC)C)C(=O)N(CCOC)CC1=CC=CS1,0.009403234161436558
COC1=C(OS(C2=CC3=C(NC(N3)=O)C=C2)(=O)=O)C=CC=C1,0.0033815937698818744
C(=O)([C@H](N)C1CCCCC1)NC1=CC=C(C=C1NC(C(C)C)=O)OC,0.010951504204422235
S(=O)(=O)(C1=CC=C(C=C1)F)CC1=NOC(CCC(=O)NC2C=CC(=CC=2OC)OC)=N1,0.006265142443589866
C1(=NNC(=O)N1C1C=CC=CC=1OCC)C1NC=NC=1C,0.0027387598354835065
S(=O)(=O)(C1C=CC(=CC=1)F)CC1=NOC(CCC(=O)NC2=C(C)C=CC=C2C)=N1,0.006366390106268227
C12=CC(C)=C(C=C1C(=CC(=O)O2)C)NC(=O)CCN1C=CN=C1CC,0.003883512516040355
C1(NN=C2CCN(C)CC=12)C(=O)N1CCCN(C)C2(CCN(CC2)C)C1,0.008134852512739599
S(=O)(=O)(C1C=CC(=CC=1)F)CC1=NOC(CCC(=O)NC2C=CC=C(C=2)C(OCC)=O)=N1,0.0056212351890280845
