SMILES,HIT
C1(=CC(=NN1C)C)C1ON=C(C2=C(C)N=CC3CN(CCCC)CCC2=3)N=1,0.01236518770456314
C1(SCC(=O)NC2C=CC=C(Cl)C=2)=NC=CN1C1CCCCC1,0.0059784417739138
S(C)(=O)(=O)N1C[C@@H]2[C@H](C1)N(C(=O)O2)CCC1=CC=CC(Cl)=C1,0.0037589142681099474
C1(C=C(NN=1)COC1=CC=CC(C(C)=O)=C1)C(=O)N(C)CC1=CC=CN=C1,0.007026443723589182
COC1=C(F)C=C(C(COC(C2=C(C)C(C(C)=O)=C(C)N2)=O)=O)C=C1,0.008976120175793767
N1=CN(C(CCSC)=C1C1C=CC=CC=1)CC1C=CC2=C(C=1)NC(N2)=O,0.003461642551701516
CC(C1C(C)=C(C(OCC(N(C2CCCCC=2)C2CC2)=O)=O)NC=1C)=O,0.011095314938575029
C1(C(=O)NCC2=CC=CC=C2N2C=CN=C2)C(C2C=CC=NC=2)NC(NC=1C)=O,0.0034426341415382923
C1(SCC(=O)NC2C=CC(=CC=2)Cl)=NC=CN1C1CCCCC1,0.0060668757651001215
N1(CCCCC1C1SC=CN=1)C(CCC1OC(=NN=1)CCC1C2=CC=CC=C2NC=1)=O,0.004790238710120321
CCCN1C2=C(C=C(S(N(C)C)(=O)=O)C=C2)N=C1COC(C1=C(C)C(C(C)=O)=C(C)N1)=O,0.004427489975932985
C1(=NC=CC=C1CNC(=O)[C@@H](N)[C@@H](C)O)N1CCN(CC1)C1=CC=CC=N1,0.0026209802716039123
N1(CCCC(COC)C1)C(=O)C1=CC=C(N=C1)N(C)CCN1C=CN=C1C,0.0066832947777584195
C1(SCC(=O)NC2C=CC(=CC=2)Br)=NC=CN1C1CCCCC1,0.008363044075667857
CC(C(C(OCC1ON=C(C2=CC=C(Cl)C=C2)N=1)=O)NC(C1=C(F)C=CC=C1)=O)C,0.0065748118562623855
C1(SCC(=O)NC2=C(OC)C=CC(Cl)=C2)=NC=CN1C1CCCCC1,0.006163247651420534
ClC1=CC=C(C2N=C(CSC3OC4=C(C=C(S(N5CCOCC5)(=O)=O)C=C4)N=3)ON=2)C=C1,0.003923988714814186
C1(OC=NC=1C)C(=O)N1CCCC(CCC2C=CC=C(C=2)C(F)(F)F)C1,0.00499627054668963
CCN(C1CCCC=1)C(CSC1N(C2=CC=CC=C2)C(C2=CC=C(C(C)(C)C)C=C2)=NN=1)=O,0.012695952923968435
C1(SCC(=O)NC2C(Cl)=CC=C(C=2)C(F)(F)F)=NC=CN1C1CCCCC1,0.004632864065933972
C1(SCC(=O)NC2C=CC(=C(Cl)C=2)C)=NC=CN1C1CCCCC1,0.006474982085637748
C12CCN(CC=1N=C(C1=CC=NC=C1)NC2=O)C(=O)C[C@H](C)C1C=CC=CC=1,0.0042997764889150854
O=C(N1CCN(C(C2SC=CC=2)=O)CC1)CN1C(=O)C2(CCCCCC2)NC1=O,0.002428435278125107
C1(CN2CC[C@H]([C@H](O)C2)C2=CC=C3C(C=CC=C3)=C2)=CC(=NN1)CC,0.0024315445101819933
COC1=C(F)C=C(C(CN2C(=O)C3(CCCCCC3)NC2=O)=O)C=C1,0.005295206909067929
N1=C(CCC(=O)N1)CCC(=O)N1CCC(CC1)(CC1CCCCO1)C(OCC)=O,0.007888650381937623
O=C(N(C1CCCCC=1)C1CC1)CN1C(=O)C2(CCCCCC2)NC1=O,0.004336191364564002
C1(SCC(N)=O)=NC=CN1CC1C=CC=CC=1Cl,0.004499355412553996
N1=C(CN2CCCCC2)ON=C1C1C=CC=CN=1,0.007416048389859498
C1(SCC(=O)NC2C=CC=CC=2)=NC=CN1CC1C=CC=CC=1Cl,0.004596142587251962
N1(CC(=O)N(CC)CC2C=CC=CC=2OCC=C)C(=O)C2=CC=CC=C2C(C)=N1,0.008353277132846415
C1(SCC(=O)NC2=CC=CC(C)=C2)=NC=CN1CC1C=CC=CC=1Cl,0.004710484656970948
C1(=CC=NN1C1CCN(CC1)CC1=CC=CC=C1OC)NC(=O)C1=CC=CN=C1,0.006027816724963486
CN1C2N(C(=NN=2)CN2C(=O)C3(CCCCCC3)NC2=O)C2=C(C=CC=C2)C1=O,0.002698942576535046
C1(C(=O)NCC2CCN(CC(C)=CC)C2)C2C=CC=CC=2C(NN=1)=O,0.005221171467565
C(=O)(N(CC)CC1C=CC=CC=1)CCN1CCC[C@H]1CO,0.0046197115676477555
C1(SCC(=O)NC2=CC=C(C=C2)C)=NC=CN1CC1C=CC=CC=1Cl,0.004787564720027148
C1(SCC(=O)NC2=CC=CC(C)=C2C)=NC=CN1CC1C=CC=CC=1Cl,0.005247770436108112
O=C(NC(C1=CC=CC=C1)CC1=CC=CC=C1)CN1C(=O)C2(CCCCCC2)NC1=O,0.0031366518349386753
C(=O)(N(CCO)CC=CC1=CC=CC=C1)CCN1CCCCO1,0.0013106567930663005
CCS(N1C2=C(C=C(C(CN3C(=O)C4(CCCCCC4)NC3=O)=O)C=C2)CC1)(=O)=O,0.0034727872582152484
C12N=CC(=CN1N=CC=2C1C=CC=CC=1)CN1CCN(CC1)CC1CCCO1,0.011652763187885284
C1(SCC(=O)NC2=CC(C)=CC=C2C)=NC=CN1CC1C=CC=CC=1Cl,0.005192399187944829
CC(NCC1SC(C(CN2C(=O)C3(CCCCCC3)NC2=O)=O)=CC=1)=O,0.0038084882777184247
C1(C#N)C(N)=NC(=CC=1C1CC1)C1C=C(OC)C(=C(OC)C=1)OC,0.005654094263445586
C1(SCC(=O)NC2=CC=C(C=C2C)C)=NC=CN1CC1C=CC=CC=1Cl,0.005276190245058388
CC(C(NCC1SC(C(CN2C(=O)C3(CCCCCC3)NC2=O)=O)=CC=1)=O)(C)C,0.004388389433734119
C1(SCC(=O)NC2=CC(C)=CC(C)=C2)=NC=CN1CC1C=CC=CC=1Cl,0.005284814292099327
N1=C(C2=CC(F)=CC(F)=C2)OC(C)=C1CN(C)C(C1CC1)C1CC1,0.00967993880622089
C1(SCC(=O)NC2C(C)=CC(=CC=2C)C)=NC=CN1CC1C=CC=CC=1Cl,0.005927321151830256
N1(CC)C(=O)NN=C1C1CCN(CC1)C(=O)C1C=C(C)C2=C(NNC2=O)N=1,0.0031544209807179866
C1(SCC(=O)NC2=CC=C(C=C2)CC)=NC=CN1CC1C=CC=CC=1Cl,0.0053067666478455065
CC1N(CCC2SC=CC=2)C(C)=C(C(COC(C2=C(NCCO)C=CC=C2)=O)=O)C=1,0.005290654511190951
C12CN(CC=1C=NN2CCO)C(=O)C(C)OC1=CC=C(C=C1C)Cl,0.005048185074701905
C1(SCC(=O)NC2C=CC=C(F)C=2)=NC=CN1CC1C=CC=CC=1Cl,0.0039076358312740925
C1(N(CCOC)CC2C=NN(C)C=2)=NC(C)=NC2SC=CC1=2,0.007292164652608335
C1(SCC(=O)NC2C=CC(=CC=2)F)=NC=CN1CC1C=CC=CC=1Cl,0.004058110329788178
C1(CN(C)CC2=CC(=NO2)CC)=CC2=CC=C(C=C2NC1=O)OC,0.006143976212479174
C1(SCC(=O)NC2=CC=C(C=C2F)F)=NC=CN1CC1C=CC=CC=1Cl,0.003999497636687011
C1(SCC(=O)NC2C=CC=C(OC)C=2)=NC=CN1CC1C=CC=CC=1Cl,0.0044068705872632565
C1(C(=O)NC2=CN=C3CCCCN23)=CN(N=N1)[C@@H]1CC[C@@H](CC1)N,0.006020877906121313
CN1C2N(C(=NN=2)COC(C2SC3=C(CCCCC3)C=2)=O)C2=C(C=CC=C2)C1=O,0.009883643127977848
C1(SCC(=O)NC2=CC=C(C=C2)OC)=NC=CN1CC1C=CC=CC=1Cl,0.004760051926132292
CN1C(SCC(NCCOC2=CC=CC=C2)=O)=NN=C1COC1=C(Cl)C=CC=C1,0.006111607071943581
C12N(C)N=C(C)C=1NC(C1=CC=CN1C1=CC=CN=C1)=N2,0.004559830296784639
C1(SCC(=O)NC2=CC=C(C=C2)OCC)=NC=CN1CC1C=CC=CC=1Cl,0.004900234343949705
CC1=CC=C(CC(C#N)SC2N(C)C(COC3=C(Cl)C=CC=C3)=NN=2)C=C1,0.007075116521400559
C1(SCC(=O)NC2=CC=C(C=C2OC)OC)=NC=CN1CC1C=CC=CC=1Cl,0.004588813509326428
COC1=CC=C(OCC2OC(SCC(N3CCN(C(C4SC=CC=4)=O)CC3)=O)=NN=2)C=C1,0.006604289053939283
S(=O)(=O)(N1CCCC(C1)C(=O)C1C=CC=C(Cl)C=1)C1=CC=CC2C=CC=NC1=2,0.006723421183414758
ClC1=CC=C(OCC2OC(SCC(NC(C3=CC=CC=C3)CC3=CC=CC=C3)=O)=NN=2)C=C1,0.006483623967505991
C1(SCC(=O)NC2=C(OC)C=CC(OC)=C2)=NC=CN1CC1C=CC=CC=1Cl,0.004576323146466166
ClC1=CC=C(OCC2OC(SCCCN3C(=O)C4=C(C=CC=C4)C3=O)=NN=2)C=C1,0.003800690860953182
C1(C=NNC=1C1CCN(CC1)C(=O)C1=CC=CN=C1OC)C1C=CC=C(OC)C=1,0.004131918237544596
C1(SCC(=O)NC2C=CC(=C(OC)C=2)OC)=NC=CN1CC1C=CC=CC=1Cl,0.004892796627245843
CC1N(CCC2SC=CC=2)C(C)=C(C(CSC2OC(C3=C(C)OC=C3)=NN=2)=O)C=1,0.013861646130681037
N1(CCCC(C1)NC(CN(C)CC1C=CC=NC=1)=O)CC1=CC=CC=C1F,0.005225681816227734
COC1=CC=C(C(C2=CC=CC=C2)NC(CSC2OC(C3=C(C)OC=C3)=NN=2)=O)C=C1,0.0074937416473403575
C12NC(=O)CC(C3C=CC(=CC=3)N(C)C)C1=C(N)N=C(N1CCOCC1)N=2,0.0048316297819837924
CC1=C(C2OC(SCC(N3CCN(C(C4SC=CC=4)=O)CC3)=O)=NN=2)C=CO1,0.0068319631740450856
N1(CCC(CC1)(O)C1=CC=C2C(C=CC(C)=N2)=C1)C(=O)CCN1C=NN=C1,0.006701786397024989
CC1=C(C2OC(SCC(N3CCN(CC(N4CCCC4)=O)CC3)=O)=NN=2)C=CO1,0.007466206513345242
N1=C(C)C(=C(C)O1)CCNC1=NC=CC(CCC(F)(F)F)=N1,0.0035416963801253587
C1(SCC(=O)NC2=CC=C3C(OCO3)=C2)=NC=CN1CC1C=CC=CC=1Cl,0.004382169200107455
N1(CC2=C(C=NC(CC3=CC=C(C=C3)OC)=N2)C1)C(=O)C(O)CC(C)C,0.00582718038931489
C1(SCC(=O)NC2=CC=C3C(OCCO3)=C2)=NC=CN1CC1C=CC=CC=1Cl,0.00437644753837958
O=C(OCCCN1C(=O)C2=C(C=CC=C2)C1=O)CN1C(=O)C2=C(C=CC=C2)N=C1,0.00428313622251153
C1(=CC(C)=CC=C1N1C=CC=N1)C1=NC=CN1CC1=NN=C2CCCN12,0.00757578550837934
CC1N(CCC2SC=CC=2)C(C)=C(C(CSC2SC3N(C(C(C(C)(C)C)=NN=3)=O)N=2)=O)C=1,0.011272956896573306
C1(SCC(=O)NC2=CC=CC(=C2)C(F)(F)F)=NC=CN1CC1C=CC=CC=1Cl,0.00351280173053965
CC(CCSC1N2C(N(C(C3=C2C=CC=C3)=O)C2=C(C)C=CC=C2)=NN=1)C,0.009631954599171877
N1(C=NC=N1)C1=NC=CC=C1CNC1=NC=NC(C2CCNCC2)=C1,0.005269289948046207
C1(SCC(=O)NC2=CC=C(C=C2)C(F)(F)F)=NC=CN1CC1C=CC=CC=1Cl,0.003459642507368699
C1(C2C=CC(=CC=2)NC(=O)C2CCN(CC2)CC(C)C)NC2C(=CC=CC=2)N=1,0.0038400503573939202
C1(SCC(=O)NC2C=CC(=CC=2)OC(F)(F)F)=NC=CN1CC1C=CC=CC=1Cl,0.002710446430137381
CC1=C(N2C3N(C(=NN=3)SCC3ON=C(C4=CC=C(Cl)C=C4)N=3)C3=C(C=CC=C3)C2=O)C=CC=C1,0.006432375614531338
C1(SCC(=O)NC2C=CC=C(C=2)N(=O)=O)=NC=CN1CC1C=CC=CC=1Cl,0.002671554498374462
FC(C1=CC(Cl)=C(SCC(N(C2CS(=O)(=O)CC2)CC2OCCC2)=O)N=C1)(F)F,0.005201076599769294
C1(C(=O)N2CCCC2)=C(CNCCCC2=CC=CC=C2)N2C(SC=C2)=N1,0.00517522213049233
CCN(C1CCCC=1)C(CSC1=C(Cl)C=C(C(F)(F)F)C=N1)=O,0.006137923942878843
C1(SCC(=O)NC2C=CC(=CC=2)N(=O)=O)=NC=CN1CC1C=CC=CC=1Cl,0.0027694916818290947
CC(NCC1SC(C(CSC2=C(Cl)C=C(C(F)(F)F)C=N2)=O)=CC=1)=O,0.005098810407798737
C1(SCC(=O)NC2C=CC(=CC=2)C(OCC)=O)=NC=CN1CC1C=CC=CC=1Cl,0.004682247503660619
CCN(C1CCCC=1)C(CSC1N(N)C(C2=CC=C(C(C)(C)C)C=C2)=NN=1)=O,0.008160999836400151
C1(SCC(=O)NC2C=CC(=CC=2)C(OC)=O)=NC=CN1CC1C=CC=CC=1Cl,0.004682857217267156
C1(C(=O)N(CCC)CC=CC2C=CC=CC=2)=C(C)N=C2SC=CN21,0.0077281722100451585
CCN1C(=O)N(CC2=CC=CC=C2)C(N)=C(C(CSC2N(C3=CC=CC=C3)C(C)=NN=2)=O)C1=O,0.006425673281773925
N1(NC(CCC2C=CC=CC=2OC)=O)C(C)=CC(=CC1=O)C,0.006275384780019521
COC1=C(F)C=C(C(CSC2N(C3=CC=CC=C3)C(C)=NN=2)=O)C=C1,0.010845323698595167
C1(SCC(=O)NC2=CC=C(C=C2)C(C)=O)=NC=CN1CC1C=CC=CC=1Cl,0.00656627556309104
N#CC(SC1N(C2=CC=CC=C2)C(C2CC2)=NN=1)CC1=CC=CC=C1,0.007344793468070066
C1(SCC(=O)NC2C=CC=C(C=2)NC(C)=O)=NC=CN1CC1C=CC=CC=1Cl,0.004214968613814563
N1=C(N)N=C(C=C1N1CCN(CC1)C)NCC1SN=NC=1C(C)C,0.004979436239227653
O=C1OC(CSC2N(C3=CC=CC=C3)C(C3CC3)=NN=2)CN1,0.0038791094906628133
C1(SCC(=O)NC2=CC=C(C=C2)NC(C)=O)=NC=CN1CC1C=CC=CC=1Cl,0.004296395578421652
C1(SCC(=O)NC2CCCC2)=NC=CN1CC1C=CC=CC=1Cl,0.006092894915491342
C1(N(C)C=NC=1C1=CC=CC=C1)C1C=CC=C2C=NC=CC=12,0.008708152361214161
O=C(N1CCN(C(C2SC=CC=2)=O)CC1)CSC1N(C2=CC=CC=C2)C(C2CC2)=NN=1,0.0067686593858525155
C1(C=CC2N(C=CN=2)C=1)C(=O)N(C(C)CC)C1CCCC1,0.008534325147047639
C=CCN(C(CSC1N(C2=CC=CC=C2)C(C2CC2)=NN=1)=O)CC1SC=CC=1,0.009203105885535478
C1(OCC)=C(OCC)C=C(C=C1Cl)CN(C)C(C)C1C=CC=CN=1,0.014112950023263692
CN1C2N(C(=NN=2)CSC2N(C3=CC=CC=C3)C(C3CC3)=NN=2)C2=C(C=CC=C2)C1=O,0.009279202949255706
C1(SCC(=O)NC2CCCCC2)=NC=CN1CC1C=CC=CC=1Cl,0.006594317499548197
C1(N(C)C)=NC=C(C(C)=N1)C(=O)NC(C)CC1=CC(=NN1)C,0.003636279667261988
O=C(N1CCCC1)CN1CCN(C(CSC2N(C3=CC=CC=C3)C(C3CC3)=NN=2)=O)CC1,0.007923790323548018
C1(C(CC)=NOC=1C)C(=O)N1CCC2(CCCN(CC3C=CC=C(OC)C=3OC)C2)C1,0.011795129720121622
C1(SCC(=O)NCC2=CC=CC=C2)=NC=CN1CC1C=CC=CC=1Cl,0.005117622087709606
C1(C2=CC=C(C(CC)=C2)NC(C)=O)C=NN(C)C=1,0.007211307412944734
CC(NCC1SC(C(CSC2N(C3=CC=CC=C3)C(C3CC3)=NN=2)=O)=CC=1)=O,0.008804468065500259
CC(C(NCC1SC(C(CSC2N(C3=CC=CC=C3)C(C3CC3)=NN=2)=O)=CC=1)=O)(C)C,0.010100733954459429
C1(SCC(=O)NCC2=CC=C(C=C2)F)=NC=CN1CC1C=CC=CC=1Cl,0.004449307709001005
C1(CCNCC1)(OC1C=CC(=CC=1)C)C(NCCCC1CCOC1)=O,0.009402949456125497
CCN(C1CCCC=1)C(CSC1N(C2=CC=CC=C2)C(COC2=CC=C(OC)C=C2)=NN=1)=O,0.00972292348742485
C(=O)(C(C1C=CC=CC=1)=O)N1CCCC(C1)N1CCN(CC1)C1C=CC=CC=1C,0.01138096796348691
CC1=CC2=C(N=C(S2)NC(CSC2N(CC=C)C(C3=CC=NC=C3)=NN=2)=O)C(C)=C1,0.0059329521842300895
C1(SCC(=O)NCC2C=CC3=C(OCO3)C=2)=NC=CN1CC1C=CC=CC=1Cl,0.005147894634865225
OC1C(=O)C=C(CSC2N(CC=C)C(C3=CC=NC=C3)=NN=2)OC=1,0.006813892442733049
N1(CCC(N)=O)C2C=CC=CC=2C(CNC(C2=CC=CC=C2)CN2C=CN=C2)=C1,0.006479454576037824
C1(SCC(NC)=O)=NC=CN1CC1C=CC=CC=1Cl,0.004008804308250546
N1(C2=CC(O)=C(C(F)=C2)F)C(C)=C(C(C)=N1)C1C=CC=CC=1O,0.005671405140310526
C1(SCC(=O)NC(C)C)=NC=CN1CC1C=CC=CC=1Cl,0.0048004095675423745
[C@]1(CCCN2CCCC[C@@]21[H])(O)CN(CCO)CC=CC1=CC=CC=C1,0.007440894772298634
COC1=C(F)C=C(C(CSC2N(CC=C)C(C3=CC=NC=C3)=NN=2)=O)C=C1,0.01006280044093728
N1C(COC)=NOC=1CN(CC)C(=O)C1C=CC=C(OCC)C=1,0.009446199936792254
C1(SCC(=O)NC2C=CC=C(Cl)C=2)=NC=CN1CC1C=CC=CC=1Cl,0.004475885862484574
C1(SCC(=O)NC2C=CC(=CC=2)Cl)=NC=CN1CC1C=CC=CC=1Cl,0.004584173974581063
CC1=CC=C(CC(C#N)SC2N(CC=C)C(C3OC4=C(C=CC=C4)OC3)=NN=2)C=C1,0.008091783857889823
C1(SCC(=O)NC2C=CC(=CC=2)Br)=NC=CN1CC1C=CC=CC=1Cl,0.005570552183780819
CC(CC(C1=CC=CC=C1)NC(CSC1N(CC=C)C(C2=C(C)OC=C2)=NN=1)=O)C,0.01094990442506969
C1(SCC(=O)NC2=C(OC)C=CC(Cl)=C2)=NC=CN1CC1C=CC=CC=1Cl,0.004676082252990455
COC1=C(F)C=C(CN(C(CSC2N(CC=C)C(C3=C(C)OC=C3)=NN=2)=O)C)C=C1,0.007709678309038281
C1(C=CC=C(Cl)C=1F)C1N=CN=C(NCCO)C=1,0.0025323974376078697
C1(CC2=CC=CC=C2)(CCC(=O)NC2CC=CC2)C2=CC=CC=C2N(C)C1=O,0.014062215946614743
CC1=CC2=C(N=C(S2)NC(CSC2N(C)C(C3=CC=C(F)C=C3)=NN=2)=O)C(C)=C1,0.005725548067130148
N1N(C)C(=O)C=CC=1C(=O)NCC1=CC=CN=C1OC1C=CC(=C(F)C=1F)C,0.006537624774500728
CN1C(C2=CC=C(F)C=C2)=NN=C1SCC1N2C(N(C(C3=C2C=CC=C3)=O)C)=NN=1,0.006570330518297851
N1(CCCC(C1)NC1C=CC(=C(C)C=1)C)C1CCCC1,0.017683668062090874
CCN(C1CCCC=1)C(CSC1N(C)C(C2=CC=C(F)C=C2)=NN=1)=O,0.008236693078652024
C1(SCC(=O)NC2C(Cl)=CC=C(C=2)C(F)(F)F)=NC=CN1CC1C=CC=CC=1Cl,0.003835239156614989
C1(SCC(=O)NC2C=CC(=C(Cl)C=2)C)=NC=CN1CC1C=CC=CC=1Cl,0.004893765819724649
N1(CCCC(N(C)CCCN(C)C)C1)C(=O)CSC1C=CC=CC=1,0.011067149322479963
CC1N(CCC2SC=CC=2)C(C)=C(C(CSC2N(C)C(C3=CN=CC=C3)=NN=2)=O)C=1,0.013788047153502703
C1(CN(CC=C)CC2=CC=CO2)C(C)=CC(=C(CO)C=1C)C,0.0075279294280335305
C1(SCC(N)=O)=NC=CN1CC1C=CC=CC=1OC,0.005296037229709327
C1(C2C=NC=C(C(N)=O)C=2)C2=CC=CC=C2SC=1,0.0053684071637690066
CN1C(C2=CN=CC=C2)=NN=C1SCC(N1CCN(C(C2SC=CC=2)=O)CC1)=O,0.006547584873624146
N1(CCOC2=C(C=C(C3C=CC=C(Cl)C=3)C=C2C1)O)C(=O)C1C=CC(=CN=1)O,0.004003853118047118
CN1C(C2=CN=CC=C2)=NN=C1SCC(N(C1CCCCC=1)C1CC1)=O,0.011085860570892692
C(=O)(C1CCN(CC1)CC1=CC=CO1)N[C@@H](C)C(OC)=O,0.005913235573098063
CCN(C1CCCCC=1)C(CSC1N(C)C(C2=CN=CC=C2)=NN=1)=O,0.01115476991981268
N1(CCCC(CCC2C=CC(=CC=2)F)C1)C1CCN(CC1)CC1=CC=CN=C1,0.01179242916405201
CCN(C1CCCC=1)C(CSC1N(C)C(C2=CN=CC=C2)=NN=1)=O,0.010551050398498773
C12=C(CCN(C(=O)C(C)=O)C1)NN=C2C1=CC=CC=C1F,0.004341780650429427
C1(SCC(=O)NC2C=CC=CC=2)=NC=CN1CC1C=CC=CC=1OC,0.005409589083865285
CN1C(C2CC2)=NN=C1SCC(N1CCN(CC(N2CCCC2)=O)CC1)=O,0.010021860711276531
C1(=CN=CO1)C(=O)NCC1CCN(CC(C)=CC2C=CC=CC=2)C1,0.006991803133860231
CC1N(CCC2SC=CC=2)C(C)=C(C(CSC2N(C)C(C)=NN=2)=O)C=1,0.01668827896937728
N1=C(C2C=CC=C(C3C=NC=CN=3)C=2)C=CN1CC1CC(=NO1)CC,0.012503885803744197
C1(SCC(=O)NC2=CC=CC(C)=C2)=NC=CN1CC1C=CC=CC=1OC,0.005697182496078312
C1(CC2C(=CC=CC=2)C1)(N1CCCCC1)C(=O)N1CCC[C@H]1C(N)=O,0.011001713667064905
CC1N(C)C(SCC(N(C2CS(=O)(=O)CC2)CC2OCCC2)=O)=NN=1,0.007655483880080282
C1(SCC(=O)NC2=CC=C(C=C2)C)=NC=CN1CC1C=CC=CC=1OC,0.00578434020280838
CCN1C(=O)N(CC2=CC=CC=C2)C(N)=C(C(CSC2N(C)C(C3CC3)=NN=2)=O)C1=O,0.007062372798100114
C1(N(C)C)SC(=CN=1)CN1CCC(CC1)C(=O)NC1C=CC(=NC=1)OC1=CC=CC=C1,0.005730026704259217
CC1N(CCC2SC=CC=2)C(C)=C(C(CSC2N(C)C(C3CC3)=NN=2)=O)C=1,0.01643475368618965
C12SN=C(C)C=1C(CC(=O)N2)C1=CC=C(O1)SC1=NN=CN1C,0.009122199844568968
N1(C2CCN(C3C=CN=C(C=3)C(=O)NCC3=CC=CO3)C2)C(C)=CC(C)=N1,0.007774280919693411
C1(SCC(=O)NC2=CC=CC(C)=C2C)=NC=CN1CC1C=CC=CC=1OC,0.006194416154175997
N1(CC[C@@H](C[C@@H]1C(O)=O)O)CC1=CC=C(C(OC)=C1Cl)OC,0.0025314952130429448
CN1C(C2CC2)=NN=C1SCC1NC(=O)C2=C(SC(C3=CC=CC=C3)=C2)N=1,0.005117236240766943
N1(C[C@@H](C[C@H]1C(O)=O)N(C)C)CC1=CC=CC2=NON=C12,0.004817514354363084
COC1=CC=C(C(C2=CC=CC=C2)NC(CSC2N(C)C(C3CC3)=NN=2)=O)C=C1,0.00962297199293971
C12C(CC(NCC=1N=C1SC=CN12)=O)C1C=CC(=C(C)C=1)C,0.00634726770222187
COC1=C(F)C=C(CN(C(CSC2N(C)C(C3CC3)=NN=2)=O)C)C=C1,0.0084036267362535
CN1C(C2CC2)=NN=C1SCC(NC(C1=CC=CC=C1)CC1=CC=CC=C1)=O,0.010430541634559632
C1(SCC(=O)NC2=CC(C)=CC=C2C)=NC=CN1CC1C=CC=CC=1OC,0.0061356770806014534
C1(NC2CCN(CC2)C(=O)CC(C)C)=NC=CC(=N1)C1C=CC(=NC=1C)C,0.006852831784635782
C1(SCC(=O)NC2=CC(C)=CC(C)=C2)=NC=CN1CC1C=CC=CC=1OC,0.0062308615073561665
C1(SCC(=O)N(C)C2CCCN(CC3=CC=CC=C3F)C2)SC=C(C)N=1,0.006329750362783671
C1(=COC(COC2=CC=C3C(OCO3)=C2)=N1)C(=O)NC1(CCCC1)C(N)=O,0.006790424534119666
C1(SCC(=O)NC2C(C)=CC(=CC=2C)C)=NC=CN1CC1C=CC=CC=1OC,0.006874156580306589
CCN(C1CCCCC=1)C(CSC1N(C)C(C2CC2)=NN=1)=O,0.014145832136273384
C12(CCN(CC1)C1=NC=C(C(N)=N1)F)C1=CC=CC=C1[C@@H](N1CCOCC1)[C@@H]2O,0.0028280104044824837
N1C(COC2C=CC(=CC=2Cl)CN2CCCC2)=C(OC=1C1=CC=CO1)C,0.00815755883231759
C1(SCC(=O)NC2=CC=C(C=C2)CC)=NC=CN1CC1C=CC=CC=1OC,0.006270728632807731
C12C=C(CNC([C@@H](C)N)=O)C(=NC=1CN(C1CCCC1)C2=O)OC,0.009438894176855683
CN1C(C2CC2)=NN=C1SCC1OCCN(CC2=C(Cl)C=CC=C2)C1,0.010493969451636076
C1(=CC(=NN1)CC(C)C)C(=O)N(C)CC1CCCN(CCC2C=CC=CC=2F)C1,0.005259883555117995
CN1C(C2CC2)=NN=C1SCC(C1SC(CNC(C(C)(C)C)=O)=CC=1)=O,0.012289005750790238
C1(SCC(=O)NC2C=CC=C(F)C=2)=NC=CN1CC1C=CC=CC=1OC,0.004503888811450451
CC1N(CCC2SC=CC=2)C(C)=C(C(CSC2N(C)C(C3=C(F)C=CC=C3)=NN=2)=O)C=1,0.01075545367784798
C1(SCC(=O)NC2=CC=C(C=C2F)F)=NC=CN1CC1C=CC=CC=1OC,0.004969543765764683
N1(CC[C@H]([C@H](O)C1)N(C)CCC1C=CC=CN=1)CC(C)(C)CN1CCOCC1,0.005844690580852329
CN1C(C2=C(F)C=CC=C2)=NN=C1SCC1N2C(N(C(C3=C2C=CC=C3)=O)C)=NN=1,0.006668958067893982
N1=NC(=CN1C1CCN(CC1)C(=O)NCC1=CC=CO1)CNC,0.003330842300783843
CC(OC1=CC=C(C(OC(C(NC2=C3C(C(C4=C(C3=O)C=CC=C4)=O)=CC=C2)=O)C)=O)C=C1)C,0.011711034271866084
C1(SCC(=O)NC2C=CC=C(OC)C=2)=NC=CN1CC1C=CC=CC=1OC,0.0052380295470356945
CN1C2N(C(=NN=2)CN2C(=O)C3(C4=C(C=CC=C4)CCCC3)NC2=O)C2=C(C=CC=C2)C1=O,0.002725799730978906
CCS(N1C2=C(C=C(C(CN3C(=O)C4(C5=C(C=CC=C5)CCCC4)NC3=O)=O)C=C2)CC1)(=O)=O,0.003182000480592251
CC1N(CCC2SC=CC=2)C(C)=C(C(CN2C(=O)C(C3=CC=CC=C3)(C)NC2=O)=O)C=1,0.003879000642336905
COC1=C(F)C=C(C(CN2C(=O)C(C3=CC=CC=C3)(C)NC2=O)=O)C=C1,0.00416405291762203
CC1(C2=CC=CC=C2)C(=O)N(CC(N(C2CCCCC=2)C2CC2)=O)C(=O)N1,0.0033380868728272615
C12C=C(C#N)C(NC=1C=CN(CCCCC)C2=O)=O,0.003962651349138468
CC1N(S(C)(=O)=O)C2=C(C=C(C(CN3C(=O)C(C4=CC=CC=C4)(C)NC3=O)=O)C=C2)C1,0.002779211150482297
C1(SCC(=O)NC2=CC=C(C=C2)OC)=NC=CN1CC1C=CC=CC=1OC,0.005644810688681901
CCS(N1C2=C(C=C(C(CN3C(=O)C(C4=C5C(C=CC=C5)=CC=C4)(C)NC3=O)=O)C=C2)CC1)(=O)=O,0.0025245875876862556
COC1=C(F)C=C(C(COC(CN2C(=O)C(C)(C)NC2=O)=O)=O)C=C1,0.004538956307806074
C1(SCC(=O)NC2=CC=C(C=C2)OCC)=NC=CN1CC1C=CC=CC=1OC,0.005769522790797055
CCOC1=C(N2C(SC(C#N)CC3=CC=CC=C3)=NN=N2)C=CC=C1,0.0045467567590264935
C1(SCC(=O)NC2=CC=C(C=C2OC)OC)=NC=CN1CC1C=CC=CC=1OC,0.005624454794451594
CC1=CC(C)=C(N2C(SCC(NC3SC4=C(C(=CC(=C4)C)C)N=3)=O)=NN=N2)C=C1,0.006014060555025935
C1(SCC(=O)NC2=C(OC)C=CC(OC)=C2)=NC=CN1CC1C=CC=CC=1OC,0.005608649249188602
N1(CC(=O)N2CCC(CC2)CCN2C=CC=N2)CC(=O)N2[C@@H](CCC2)C1=O,0.008129067369736731
CC1=CC(C)=C(N2C(SCC(NCCOC3=CC=CC=C3)=O)=NN=N2)C=C1,0.005070773721672595
C1(SCC(=O)NC2C=CC(=C(OC)C=2)OC)=NC=CN1CC1C=CC=CC=1OC,0.005815303302370012
CC1=CC(C)=C(N2C(SCC(N3CCN(CC(N4CCCC4)=O)CC3)=O)=NN=N2)C=C1,0.006367661687545478
C1(SCC(=O)NC2=CC=C3C(OCO3)=C2)=NC=CN1CC1C=CC=CC=1OC,0.005452202563174069
N1(C)CCN(CC1CCO)CC1=CC=C(C(OC)=C1)OCC1C=CC=CC=1,0.0065259876195341345
C12CN(CC3=CC=NC=C3)CCC=1ON=C2C(C1=CC=CC=C1)C1=CC=CC=C1,0.015952432854101063
C1(SCC(=O)NC2=CC=C3C(OCCO3)=C2)=NC=CN1CC1C=CC=CC=1OC,0.005343505064956844
C1(SCC(=O)NC2=CC=CC(=C2)C(F)(F)F)=NC=CN1CC1C=CC=CC=1OC,0.0037851301371119917
C1(C=C(NN=1)COC1C=CC=CC=1F)C(=O)N(C)CCO,0.0025814492022618652
C1(SCC(=O)NC2=CC=C(C=C2)C(F)(F)F)=NC=CN1CC1C=CC=CC=1OC,0.00370451818453148
C1(SCC(=O)NC2C=CC(=CC=2)OC(F)(F)F)=NC=CN1CC1C=CC=CC=1OC,0.003286909405142069
C1(C(NCCC(C)C)=O)C=C(NN=1)COC1C=CC=CC=1OC,0.0067142022773623465
CCN(C1CCCCC=1)C(CSC1N(C2=C(C)C=C(C)C=C2)N=NN=1)=O,0.009352892357856035
C(=O)(C1C=CC=NC=1SC)N1CCCC(CN2C=C(N=N2)CO)C1,0.002798698376864195
C1(SCC(=O)NC2C=CC=C(C=2)N(=O)=O)=NC=CN1CC1C=CC=CC=1OC,0.0030158093839418145
C(=O)(CSC1C=CN=CC=1)N(CCO)CC1C=CC(=CC=1)SC,0.003508181928191334
CN1C(=O)C2=C(C=CC=C2)C(C(OCC(NC2SC=C(C3=CC(F)=C(F)C=C3)N=2)=O)=O)=N1,0.00554212920833379
N1(C2CCCC2)CCN(CC1CCO)CC1C=C(NN=1)CC(C)C,0.0053195451153442265
CC1(C2=CC=C(Cl)C=C2)C(=O)N(CC(N2CCN(C(C3SC=CC=3)=O)CC2)=O)C(=O)N1,0.0017273559351451695
N1(CCCC(C1)NC(CC=C)=O)C1CCN(CC1)C,0.010487913247197866
CC(NCC1SC(C(COC(CCC(C2=CC=C(C)C=C2)=O)=O)=O)=CC=1)=O,0.012976819556206465
COC1=CC=C(C2(C3=CC=C(OC)C=C3)C(=O)N(CC(C3=CC(F)=C(OC)C=C3)=O)C(=O)N2)C=C1,0.0042574807186610995
C1(SCC(=O)NC2C=CC(=CC=2)N(=O)=O)=NC=CN1CC1C=CC=CC=1OC,0.0031087676296010615
COC1=CC=C(C2(C3=CC=C(OC)C=C3)C(=O)N(CC(N(C3CCCCC=3)C3CC3)=O)C(=O)N2)C=C1,0.0033969115116633474
C1(SCC(=O)NC2C=CC(=CC=2)C(OCC)=O)=NC=CN1CC1C=CC=CC=1OC,0.00489009206648916
C1(C2C=CC(=CC=2)Cl)(C(=O)NCC2CCCN(C(CCC(OC)=O)=O)C2)CC1,0.00849692604970187
CCN(C1CCCCC=1)C(CN1C(=O)C(C2=CC=C(OC)C=C2)(C2=CC=C(OC)C=C2)NC1=O)=O,0.00364076173864305
C1(=CN(N=C1C)CCC)C(=O)N(C(CC)CO)CC1C=CSC=1,0.006181231699883938
COC1=C(F)C=C(CN(C(COC2=C(Br)C3=C(C=CC=C3)C=C2)=O)C)C=C1,0.010449345223605633
C1(C(=O)NCC2=CC=CN=C2OC2C=CC=CC=2C)=COC2=C(C=CC=C2)C1=O,0.006147920899093151
C1(SCC(=O)NC2C=CC(=CC=2)C(OC)=O)=NC=CN1CC1C=CC=CC=1OC,0.004880699445493519
CN1C(C2OC3=C(C=CC=C3)OC2)=NN=C1SCC1ON=C(C2=CC=C(Cl)C=C2)N=1,0.009799698693677783
C1(SCC(=O)NC2=CC=C(C=C2)C(C)=O)=NC=CN1CC1C=CC=CC=1OC,0.00728080680128187
N1C=NC(=CC=1NCCNC1=C(C=CC=N1)C)OC,0.004673205164726824
C1(SCC(=O)NC2C=CC=C(C=2)NC(C)=O)=NC=CN1CC1C=CC=CC=1OC,0.0046456252923235295
N1(CC2C=C(NN=2)C(C)(C)C)C[C@H]([C@H]2N3CCC(CC3)[C@H]21)C1C=CC=CC=1,0.008245269727194682
C1(SCC(=O)NC2=CC=C(C=C2)NC(C)=O)=NC=CN1CC1C=CC=CC=1OC,0.0047324507613666356
C(=O)(CC1=CC=CN=C1)N(C1CCCC1)CC1CCN(CC1)CCC1C=CC=CC=1C,0.012862943252548576
C1(SCC(=O)NC2CCCC2)=NC=CN1CC1C=CC=CC=1OC,0.007081945124082267
CN1C(C2OC3=C(C=CC=C3)OC2)=NN=C1SCC(N1CCN(C(C2SC=CC=2)=O)CC1)=O,0.007938294974155723
C1(=COC(COC2C=CC(=CC=2OC)C)=N1)C(=O)N1CCN2CCC1CC2,0.007024120213463903
CC(NCC1SC(C(CSC2N(C)C(C3OC4=C(C=CC=C4)OC3)=NN=2)=O)=CC=1)=O,0.010824773972854019
C1(SCC(=O)NCC2=CC=C(C=C2)F)=NC=CN1CC1C=CC=CC=1OC,0.004930576356127858
CC1=CC=C(CC(C#N)SC2N(C)C(C3OC4=C(C=CC=C4)OC3)=NN=2)C=C1,0.008644776412359079
C(C1=CC=CC=C1)(=O)N1CCC(CC1)N(C)C(C)C1C=CC=CC=1OC,0.011531703779473901
CN1C(C2=CC=C(Cl)C=C2)=NN=C1SCC1N2C(N(C(C3=C2C=CC=C3)=O)C)=NN=1,0.007794683380052447
N1(CCOC(CCCC2C=CC=CC=2)C1)C1CCN(CC1)CC1=CC=CO1,0.014444767870008946
COC1=C(F)C=C(CN(C(COC(C2OC3=C(C=CC=C3)C=2)=O)=O)C)C=C1,0.0085297258105129
C1(C(=O)NCC2C=NC3=C(CCC3)C=2)=C(C)N=C2N=CC=CN21,0.00488781618187204
C1(SCC(=O)NCC2C=CC3=C(OCO3)C=2)=NC=CN1CC1C=CC=CC=1OC,0.0062919982708990576
COC1=C(Br)C=C(OC)C(COC2=CC=C(NC(C)=O)C=C2)=C1,0.008831203170120715
N1=C(CNC(=O)C(C)N2C=NC=N2)ON=C1C1C=CC(=CC=1)C,0.00554426689632237
CC(NC1=CC=C(OCC2=C(Cl)N=C3C(C=CC=C3)=C2)C=C1)=O,0.004670940549112856
C1(SCC(NC)=O)=NC=CN1CC1C=CC=CC=1OC,0.005214128410443664
C1(C2=CC=CC=C2)(CN(C)CC2ON=C(CC3C=CC(=C(OC)C=3)OC)N=2)CC1(C)C,0.015610262611880898
C1(SCC(=O)NC(C)C)=NC=CN1CC1C=CC=CC=1OC,0.006032397877424956
C1(NC(=O)C2CCOC2)SC2=C(CCCC2)C=1C(NC)=O,0.008414651965722442
CC(NC1=CC=C(OCC2=C(Br)C=C3C(OCCO3)=C2)C=C1)=O,0.009174996381625533
S(NC)(=O)(=O)CCNC1CCC2(CC1)CCNCC2,0.007876822375692427
C1(SCC(=O)NC2C=CC=C(Cl)C=2)=NC=CN1CC1C=CC=CC=1OC,0.00459941930603236
N1(CCN(CC1CCO)CC1C=CC=C(C=1)SC)CC1=CC=C(C=C1F)OC,0.003919982840307057
COC1=CC=C(C(C2=CC=CC=C2)NC(COC2=CC=C(NC(C)=O)C=C2)=O)C=C1,0.007535577635280788
N1(CC2C=CC=CC=2)C(=O)NN=C1C1CCN(CC1)C(=O)C1C=NOC=1C,0.003696810733526945
COC1=C(F)C=C(CN(C(COC2=CC=C(NC(C)=O)C=C2)=O)C)C=C1,0.007487663440406323
C12CN(CCC=1N=C(N)S2)C1=CC(CCC)=NC(C)=N1,0.006656343815848231
CC(NC1=CC=C(OCC(N(C2CCCCC=2)C2CC2)=O)C=C1)=O,0.00977307204157114
C1(SCC(=O)NC2C=CC(=CC=2)Cl)=NC=CN1CC1C=CC=CC=1OC,0.004716658953111619
CC(NC1=CC=C(OCC2N3C(N(C(C4=C3C=CC=C4)=O)C)=NN=2)C=C1)=O,0.005584373930469155
C1(SCC(=O)NC2C=CC(=CC=2)Br)=NC=CN1CC1C=CC=CC=1OC,0.006183747318573296
S(=O)(=O)(N[C@@H]1CC[C@@H](N)C1)C1=CC=CC=C1OC(F)(F)F,0.0027613812417257577
COC1=CC=C(C2OC(SCC(C3=C(C)N(CCC4SC=CC=4)C(C)=C3)=O)=NN=2)C=C1,0.011051492439582944
C1(SCC(=O)NC2=C(OC)C=CC(Cl)=C2)=NC=CN1CC1C=CC=CC=1OC,0.004761925467755645
N1C(NC(C)CC2C=CC=NC=2)=C(C)C(=NC=1N(C)C)C,0.0065410052426159385
COC1=CC=C(C2OC(SCC(C3=CC(F)=C(OC)C=C3)=O)=NN=2)C=C1,0.009625404281541705
C1(C=C(C2=CC=CN2)N=C(N)C=1C#N)C1=CC=CN1C1=CC=C(C=C1)C#N,0.0030198149324860424
C1(SCC(=O)NC2C=CC(=C(Cl)C=2)C)=NC=CN1CC1C=CC=CC=1OC,0.004950299486517906
N1(CCCC(C1)NC(CCC(=O)C1C=CC(=CC=1)OC)=O)CCCC1=CC=CC=C1,0.012061284529045225
C1(N=COC=1C(C)C)C(=O)N1C[C@H](C[C@H]1C(=O)NC(C)C)N,0.006553272297605872
S(=O)(=O)(C1=CSC=C1)N1CCCC(CNS(=O)(=O)C2=CC=CS2)C1,0.0047399542178027335
C1(=NN=C(SC(C2C=CC=CC=2)C2C=CC=CC=2)N1C)C1C2C=CC=CC=2NC=1,0.008389987889677286
C1(C(=O)N2CCCCC2)=C(CNCCCN2C=CN=C2)N2C(C(C)=CC=C2)=N1,0.00485588803421706
C1(=NN=C(SCC(=O)N2CCC(CC2)CC2C=CC=CC=2)N1CC)C1C2C=CC=CC=2NC=1,0.005616707680746913
CCC1(C(=O)N(CC(C2=C(C)N(CCC3SC=CC=3)C(C)=C2)=O)C(=O)N1)C,0.003994043590500951
N1(CCCC(C1)NC1C=CC(=CC=1)C(C)C)C(C1CCOCC1)=O,0.010713876690715551
C1(=NN=C(SCC(=O)NC2=CC=C(C=C2)CCCC)N1CC)C1C2C=CC=CC=2NC=1,0.005757795041427016
N1(C(=O)CCN2C=CC=N2)[C@H]2CC[C@@H]1CC(N(C)C2)=O,0.008226239844225347
CCCC1(C(=O)N(CC2N3C(N(C(C4=C3C=CC=C4)=O)C)=NN=2)C(=O)N1)CCC,0.0026376015390269457
N1=C(C2C=CC(=CC=2)C(F)(F)F)OC(C)=C1CN1CCN(CC1)C1C(C)=NON=1,0.004007440281566232
C1(=NN=C(SCC(=O)NC2C(Cl)=CC=C(C=2)C(F)(F)F)N1CC)C1C2C=CC=CC=2NC=1,0.0028990994906052947
S(CC)(=O)(=O)CCNC(=O)CCSCC1=CC=C(C=C1)F,0.004520966368727386
C1(=NN=C(SCC(=O)NC2=NN=C(SCC)S2)N1CC)C1C2C=CC=CC=2NC=1,0.004961918084882199
C1(C2C=CC=CC=2C)=NOC(CCC(=O)NCC2C=C(NN=2)C(C)(C)C)=N1,0.0061234852997586135
CCCC1(C(=O)N(CCCN2C(=O)C3=C(C=CC=C3)C2=O)C(=O)N1)CCC,0.003984326869249344
C1(CN(C)CC2=CC=NC=C2)=NN=C(CC2CCNCC2)N1C1=CC=CC=C1,0.008881082152947783
CC1(C(=O)N(CC(N(C2CCCCC=2)C2CC2)=O)C(=O)N1)CCC1=CC=CC=C1,0.0038106553722172974
C1(=NN=C(SC(C)C2C=CC=CC=2)N1CC)C1C2C=CC=CC=2NC=1,0.007138001569546759
CN1C2N(C(=NN=2)CN2C(=O)C(CCC3=CC=CC=C3)(C)NC2=O)C2=C(C=CC=C2)C1=O,0.002352750347927213
N1(CC(=O)N2CCCN(C)C3(CCN(CC3)C)C2)C(C)=C(C(C)=N1)CC,0.012811506912112237
CC1CCC(N(C(CN2C(=O)C(C3=CC(Br)=CC=C3)(C)NC2=O)=O)C)CC1,0.004153280088212341
CC1N(CCC2SC=CC=2)C(C)=C(C(CN2C(=O)C(C3=CC=C(C)C=C3)(C)NC2=O)=O)C=1,0.004022954951506108
CC1=CC=C(C2(C(=O)N(CC(N(C3CCCCC=3)C3CC3)=O)C(=O)N2)C)C=C1,0.0037050961516797544
N1C(=O)C(NC1=O)CC(=O)NC1=CC(C)=CC=C1NC(C1=CC=CC=C1)=O,0.0021470409817993643
C1(=NN=C(SCC2=CC=C(C=C2)Cl)N1CC)C1C2C=CC=CC=2NC=1,0.005567224347032607
N1C(COC2C=CC=CC=2)=NC=CC=1C1N=CC=C(C=1)C(O)=O,0.0052120830281637606
C1(=NN=C(SCC2C(=CC=CC=2Cl)F)N1CC)C1C2C=CC=CC=2NC=1,0.003865394915919751
CC1CCC(N(C(CN2C(=O)C(C3=CC=C(C)C=C3)(C)NC2=O)=O)C)CC1,0.0038861849810928107
C1(=NN=C(SCC2C=CC=C(C)C=2)N1CC)C1C2C=CC=CC=2NC=1,0.006781367282383144
CCC1(C2=CC=CC=C2)C(=O)N(CC(C2=C(C)N(CCC3SC=CC=3)C(C)=C2)=O)C(=O)N1,0.003960862010717392
C1(=NN=C(SCC2=CC(C)=CC=C2C)N1CC)C1C2C=CC=CC=2NC=1,0.00742405247874558
CCC1(C2=CC=CC=C2)C(=O)N(CC(N(C2CCC(C)CC2)C)=O)C(=O)N1,0.0036774914944544433
C1(=NN=C(SC(C2C=CC=CC=2)C2C=CC=CC=2)N1CC)C1C2C=CC=CC=2NC=1,0.008236620691604912
CCC1(C2=CC=CC=C2)C(=O)N(CC(C2=CC3=C(N(S(C)(=O)=O)C(C3)C)C=C2)=O)C(=O)N1,0.0027806529542431235
C1(=NN=C(SCC2=CC=C(C=C2)C(F)(F)F)N1CC)C1C2C=CC=CC=2NC=1,0.00379467565799132
CC1(C2=C3C(C=CC=C3)=CC=C2)C(=O)N(CC(N(C2CCCCC=2)C2CC2)=O)C(=O)N1,0.0032304330728948117
CC(N1C2=C(C=C(C=C2)NC(CN2C(=O)C(C3=C4C(C=CC=C4)=CC=C3)(C)NC2=O)=O)CC1)=O,0.0020811038091778757
S(=O)(=O)(N1CCSCC1)C1=CC(Br)=CC(C(O)=O)=C1,0.004373035987373442
C1(C=NNC=1C1=CC=C(C=C1)F)CN(C)CC1NC2=C(C=CC=C2)N=1,0.0030514748068526387
CCS(N1C2=C(C=C(C(CN3C(=O)C(C4=CC=C(C#N)C=C4)(C)NC3=O)=O)C=C2)CC1)(=O)=O,0.0022179432038683445
N1(CCOC(CC2C=CC=C(C=2)C(F)(F)F)C1)C(CCC1=CC=CN=C1)=O,0.004960511019453407
C1(=NC=NC2NC=CC1=2)N1CCOC(C1)C1=CC=C(C(Cl)=C1)Cl,0.003927389404270798
CCN(C1CCCC=1)C(CN1C(=O)C(C2=CC3=C(C=CC=C3)C=C2)(C)NC1=O)=O,0.003163351130206138
C1(=NN=C(SCC2=CC=C(C=C2)Br)N1CCOC)C1C2C=CC=CC=2NC=1,0.00677156294696033
CC1CCC(N(C(CN2C(=O)C(C3=CC4=C(C=CC=C4)C=C3)(C)NC2=O)=O)C)CC1,0.0032928820117376746
C1(=NN=C(SCC2=CC=C(C=C2)Cl)N1CCOC)C1C2C=CC=CC=2NC=1,0.005300674447789788
C1(CN2CCCCC2CCC2C=CC(=CC=2)O)=NC=CN1CCOC,0.004650149820372462
CCC1(C(=O)N(CC(C2=C(C)N(CCC3SC=CC=3)C(C)=C2)=O)C(=O)N1)CC,0.004241932602599263
C1(=O)N(CCCC1(CNCC(NC)=O)O)CCCC1=CC=CC=C1,0.00930750104598701
C1(=NN=C(SCC2=CC(C)=CC=C2C)N1CCOC)C1C2C=CC=CC=2NC=1,0.006905804481357336
N1(CC2C=CC=CC=2)C(=O)NN=C1C1CCN(CC1)C1C=C(N)N=C(N(C)C)N=1,0.002749232284259051
C1(=NN=C(SCC2C=CC=C(C=2)C(F)(F)F)N1CCOC)C1C2C=CC=CC=2NC=1,0.003449869004543871
C1(=NN=C(SCC2=CC=C(C=C2)C(F)(F)F)N1CCOC)C1C2C=CC=CC=2NC=1,0.003577170707285404
N1(CCCC(CC=CC2=CC=CC=C2)(C(O)=O)C1)C(C1CCC1)=O,0.009394562430679798
C1(CC(=O)N(CCC)CC2=NC=CN2C)C2=CC=CC(F)=C2NC=1C,0.0036244386457838116
C1(=NN=C(SCC2=CC=CC(Cl)=C2)N1CCOC)C1C2C=CC=CC=2NC=1,0.005322052957490086
C1(CN(C)CC2=CC=CC=N2)=CC2=CC=C(C=C2NC1=O)C,0.005510597070679068
C1(=CSN=N1)C(=O)N1CCCC(C1)NC1=CC=C(C=C1)C(C)C,0.006986886635422707
CCC1(C(=O)N(CC(C2=CC3=C(N(S(CC)(=O)=O)CC3)C=C2)=O)C(=O)N1)CC,0.00312496469123289
CC1=NC2=C(C=CC=C2)C(SCC(N(C2CS(=O)(=O)CC2)CC2OCCC2)=O)=N1,0.007333750976249576
C1(=NN=C(SCCCC)N1C1=CC=CC(OC)=C1)C1C2C=CC=CC=2NC=1,0.0065573039697483185
COC1=C(F)C=C(C(CN2C(=O)C3=C(C=CC(N(=O)=O)=C3)N=C2)=O)C=C1,0.007716455985791982
N1(CCN(CC1)[C@@H]1CCN(C[C@H]1O)CC1C=CC(=CC=1)C#C)C1=CC=CC=N1,0.0018805764324497432
COCCN1C(C2=CC(C)=CC=C2)=NN=C1SCC(NC1SC2=C(C(=CC(=C2)C)C)N=1)=O,0.00650069685652852
C12CN(CC=1C=NN2CC1=CC=C(C=C1)F)C(=O)C1C=CC(=C(Cl)C=1)OC,0.007606554660014808
COC1=CC2=C(N=C(N2)SCC(N(C2CCCCC=2)C2CC2)=O)C=C1,0.00542138796299696
C1(C#N)C(OC)=NC=CC=1C1=CC=CC(C(C)N2CCCC2)=C1,0.007301409263163805
COC1=CC2=C(NC(=N2)SCC(N2CCN(CC(N3CCCC3)=O)CC2)=O)C=C1,0.0036008589435368777
N1(C2CCCCC2)CCN(CC1CCO)CC1=CC=C(C=C1)N1C=CC=N1,0.006126119149848818
N1(C2=CC=CC(OC)=C2)C(SC(C)CC)=NN=C1C1C2C=CC=CC=2NC=1,0.007409373321570456
C1(=NN=C(SCCC(C)C)N1C1=CC=CC(OC)=C1)C1C2C=CC=CC=2NC=1,0.008185878908261657
C12CN(CCC=1ON=C2C1=CC=CC=C1F)CCC(=O)NCC1=CC=CO1,0.006087562744505703
C1(=NN=C(SCC=CC2=CC=CC=C2)N1C1=CC=CC(OC)=C1)C1C2C=CC=CC=2NC=1,0.007330006919801235
N1C(NCC2C3=CC=CC=C3C(NN=2)=O)=C(C)C(=NC=1N(C)C)C,0.003290231723804027
C1(=NN=C(SCC=C)N1C1=CC=CC(OC)=C1)C1C2C=CC=CC=2NC=1,0.006656765402294695
C(=O)(C=CC1C=CC=CN=1)N(CCC1C=CC=CC=1)CC1CCN(CC1)C,0.0103973641525954
C1(=NN=C(SCC(=O)N2CCCCCC2)N1C1=CC=CC(OC)=C1)C1C2C=CC=CC=2NC=1,0.005628329166211188
COC1=CC2=C(N=C(N2)SCCCN2C(=O)C3=C(C=CC=C3)C2=O)C=C1,0.0018023990211077034
C1(=NN=C(SCC(=O)N2CCC(CC2)C)N1C1=CC=CC(OC)=C1)C1C2C=CC=CC=2NC=1,0.005072717869188637
C1(SCCNC2C3CCNCC=3N=C(C3=CC=CN=C3)N=2)=NN=NN1C,0.00441187194082886
C1(=NN=C(SCC(=O)N2CCCC3C=CC=CC2=3)N1C1=CC=CC(OC)=C1)C1C2C=CC=CC=2NC=1,0.004920071642845869
CC1N(CCC2SC=CC=2)C(C)=C(C(CN2C(=O)C3(CCCCC3)NC2=O)=O)C=1,0.004373173229396343
S1(CCC(CC1)C(=O)N1CCC(C2=CC=NC(C3C=CC=CC=3)=C2)C1)(=O)=O,0.006622720998711884
C1(=NN=C(SCC(=O)N2CCC3C=CC=CC2=3)N1C1=CC=CC(OC)=C1)C1C2C=CC=CC=2NC=1,0.00464262415189296
N1(CCOC2=C(C=C(C3C=CC=CC=3C)C=C2C1)O)C(C1CCNCC1)=O,0.005018059001304209
C1(=NN=C(SCC(=O)NC2C=CC=CC=2)N1C1=CC=CC(OC)=C1)C1C2C=CC=CC=2NC=1,0.004228542093187571
C1(=NN=C(SCC(O)=O)N1C1C=CC=CC=1)C1NN=C(C2CC2)C=1,0.004646059917286038
C1(=NN=C(SCC(=O)NC2=CC=CC=C2C)N1C1=CC=CC(OC)=C1)C1C2C=CC=CC=2NC=1,0.004323927068617195
COC1=C(F)C=C(C(CN2C(=O)C3(CCCCC3)NC2=O)=O)C=C1,0.0049661381635814905
C1(=NN=C(SCC(=O)NC2=CC=CC(C)=C2)N1C1=CC=CC(OC)=C1)C1C2C=CC=CC=2NC=1,0.004291799350176007
N1C(C2C=CC(=CC=2)F)=CC(NC=1C1=CC=CC(=C1)CN1CCC[C@H]1C(N)=O)=O,0.003109194675926119
C1(=NN=C(SCC(=O)NC2=CC=C(C=C2)C)N1C1=CC=CC(OC)=C1)C1C2C=CC=CC=2NC=1,0.0043299304321408275
CCS(N1C2=C(C=C(C(CN3C(=O)C4(CCCC4)NC3=O)=O)C=C2)CC1)(=O)=O,0.0032051198882982134
C1(=NN=C(SCC(=O)NC2=CC=CC(C)=C2C)N1C1=CC=CC(OC)=C1)C1C2C=CC=CC=2NC=1,0.004439541976898909
C(=O)(C1=CC=CO1)C(=O)NCC1CCCN(C)C1,0.015273996070027352
C1(=NN=C(SCC(=O)NC2=CC(C)=CC=C2C)N1C1=CC=CC(OC)=C1)C1C2C=CC=CC=2NC=1,0.004410899721551687
O=C1N(CCCN2C(=O)C3=C(C=CC=C3)C2=O)C(=O)C2(CCCC2)N1,0.0037368056480772795
C1(=NN=C(SCC(=O)NC2=CC=C(C=C2C)C)N1C1=CC=CC(OC)=C1)C1C2C=CC=CC=2NC=1,0.004452181502711028
C1(=CC=C(C=C1OC1CCN(CC1)CC1CC[C@@H](CC=1)C(C)=C)OC)C(=O)NC1CC1,0.010865831281989813
C1(=NN=C(SCC(=O)NC2=CC(C)=CC(C)=C2)N1C1=CC=CC(OC)=C1)C1C2C=CC=CC=2NC=1,0.00446501086698845
N1(CC2(CC1=O)CCCCC2)CC(=O)N1CCCC(C(C)=O)C1,0.017528028041124345
C1(=NN=C(SCC(=O)NC2C(C)=CC(=CC=2C)C)N1C1=CC=CC(OC)=C1)C1C2C=CC=CC=2NC=1,0.004676405957434326
C1(C=C(ON=1)COC1=CC=C(C=C1OC)C(C)=O)C(=O)N1CCSCC1,0.011650265613570809
C1(=NN=C(SCC(=O)NC2=CC=C(C=C2)CC)N1C1=CC=CC(OC)=C1)C1C2C=CC=CC=2NC=1,0.004455292830243707
C1(=CC=C(C=C1OC1CCN(CC1)C(C)CC1(C)CC1)OC)C(NCCOC)=O,0.009324988536536693
C1(=NN=C(SCC(=O)NC2=CC=CC=C2F)N1C1=CC=CC(OC)=C1)C1C2C=CC=CC=2NC=1,0.0033925438299775125
[C@H]12[C@@H](C(=O)NCC3=CC=CN=C3N3CCN(CC3)C)[C@H]3O[C@@]1(C=C3)CN(C)C2=O,0.005896108772139997
C1(=NN=C(SCC(=O)NC2C=CC=C(F)C=2)N1C1=CC=CC(OC)=C1)C1C2C=CC=CC=2NC=1,0.0032433991669677197
CC(C(NCC1SC(C(CN2C(=O)C3(CCCC3)NC2=O)=O)=CC=1)=O)(C)C,0.004114460304845124
C12CCN(CC=1N=CN=C2N1CCOCC1)C(=O)C(=O)NC1=CC=CC=C1,0.005413353047333658
C1(=NN=C(SCC(=O)NC2C=CC(=CC=2)F)N1C1=CC=CC(OC)=C1)C1C2C=CC=CC=2NC=1,0.0032413370325230064
N1C(N(C)C)=NC2=C(CCN(C2)C(=O)C(C)N2C=C(C=N2)C)C=1N(C)C,0.008749056421220303
C1(=NN=C(SCC(=O)NC2C=CC=C(Cl)C=2)N1C1=CC=CC(OC)=C1)C1C2C=CC=CC=2NC=1,0.003469432925339788
O=C(N1CCCC1)CN1CCN(C(CSC2=C3C(N(C4=CC=CC=C4)N=C3)=NC=N2)=O)CC1,0.0071254277136176825
C1(=NN=C(SCC(=O)NC2C=CC(=CC=2)Cl)N1C1=CC=CC(OC)=C1)C1C2C=CC=CC=2NC=1,0.0034770241123624145
N1(C2=CC=C3C(OCO3)=C2)C=C(C=N1)C1CCN(CC=1)CCN1CCOCC1,0.010533537156879902
C1(=NN=C(SCC(=O)NC2=CC=C(C=C2F)F)N1C1=CC=CC(OC)=C1)C1C2C=CC=CC=2NC=1,0.003385132772382349
CCN(C1CCCC=1)C(CSC1=C2C(N(C3=CC=CC=C3)N=C2)=NC=N1)=O,0.010398889100179077
C1(=NC=C(CN(C)CC2C=CC=C(OC)C=2)N1CC1CCCO1)S(=O)(=O)CC1CC1,0.007883355487138033
C1(=NN=C(SCC(=O)NC2C=CC=CC=2OC)N1C1=CC=CC(OC)=C1)C1C2C=CC=CC=2NC=1,0.003941726195625961
CCS(N1C2=C(C=C(C(CSC3=C4C(N(C5=CC=CC=C5)N=C4)=NC=N3)=O)C=C2)CC1)(=O)=O,0.0072898469166830186
C1(CCNCC1)(OC1C=CC=NC=1C)C(=O)NCC1C=CC=C2C=1C=CN2,0.004471456259489059
CCN(C1=CC=C(C2OC(SC(C(NC3=CC=C(C(C)=O)C=C3)=O)C)=NN=2)C=C1)CC,0.00900795478373766
N1(C2C=CC(=CC=2)NC(=O)C2CCCCN2C(=O)CCN2C=NC=N2)C(C)=CC(C)=N1,0.005495348549447954
C1(=NN=C(SCC(=O)NC2C=CC=C(OC)C=2)N1C1=CC=CC(OC)=C1)C1C2C=CC=CC=2NC=1,0.0038765618577599526
CCN(C1=CC=C(C2OC(SCC3N(CCO)C4=C(C=CC(=C4)Cl)N=3)=NN=2)C=C1)CC,0.0025491783861070873
C1(C(=O)N2CCN(CC2)CC2CCCO2)C=C2N(CCN(C)C2)N=1,0.011879724077880382
CC1(C2=CC=C(N(=O)=O)C=C2)C(=O)N(CC(N2CCN(C(C3SC=CC=3)=O)CC2)=O)C(=O)N1,0.0013143216230673716
N1(CC2NN=C(C(=O)NC(CC)C3C=CN=CC=3)C=2)C2C=CC=CC=2N=C1C,0.003862692497204989
C1(=NN=C(SCC(=O)NC2=CC=C(C=C2)OC)N1C1=CC=CC(OC)=C1)C1C2C=CC=CC=2NC=1,0.003922395361587405
COC1=C(F)C=C(CN(C(CN2C(=O)C(C3=CC=C(C#N)C=C3)(C)NC2=O)=O)C)C=C1,0.002273182070348412
C1(=NN=C(SCC(=O)NC2C=CC=CC=2OCC)N1C1=CC=CC(OC)=C1)C1C2C=CC=CC=2NC=1,0.00395876521943137
CC1(C2=CC=C(C#N)C=C2)C(=O)N(CC(N2CCN(C(C3SC=CC=3)=O)CC2)=O)C(=O)N1,0.0015258245752193035
C1(=NN=C(SCC(=O)NC2=CC=C(C=C2)OCC)N1C1=CC=CC(OC)=C1)C1C2C=CC=CC=2NC=1,0.00395224429666996
O=C(NCCOC1=CC=CC=C1)CN1C(=O)C2(CCCCCCC2)NC1=O,0.002713778370525688
C1(=NN=C(SCC(=O)NC2=CC=C(C=C2)C(C)=O)N1C1=CC=CC(OC)=C1)C1C2C=CC=CC=2NC=1,0.004846216645091772
C1(CN2CCC(CC2)OC2C=CC(=CC=2Cl)C(NCCOC)=O)=CC2=C(C=CC=C2)O1,0.00567109293770045
S(=O)(=O)(N1CCCCC1)N1C[C@@H]2[C@H](C1)N(C(=O)O2)CCC1C=CC(=CC=1)OC,0.007217482570558787
CC(C(NCC1SC(C(CN2C(=O)C3(CCCCCCC3)NC2=O)=O)=CC=1)=O)(C)C,0.004494388797320425
C1(C(=O)N2CCC3=C(C(C4=CC=CC=C4F)=NN3)C2)=C(C)N=C2N=CC=CN21,0.0031569965300150215
C1(=NN=C(SCC(=O)NC2CCCC2)N1C1=CC=CC(OC)=C1)C1C2C=CC=CC=2NC=1,0.00541639281436801
N1(CCN(CC1CCO)CC1=CC=C(C=C1)SC)C/C=C(\C)/C,0.0069683091016486285
C1(=NN=C(SCC(=O)NC2CCCCC2)N1C1=CC=CC(OC)=C1)C1C2C=CC=CC=2NC=1,0.005565550876781344
C1(CC2=CC=C(C(OC)=C2)OC)=NC(CNC(C)=O)=CC(=O)N1,0.004202823154628277
CCS(N1C2=C(C=C(C(CN3C(=O)C(CCC(C)C)(C)NC3=O)=O)C=C2)CC1)(=O)=O,0.003537657589185983
C1(C(=O)N2CCOCC2)=C(CNCCC2=CC=CC=C2OC)N2C(C=CC=C2)=N1,0.0046121953055262566
CC1(C2=CC3=C(C=CC=C3)C=C2)C(=O)N(CC(N(C2CCCCC=2)C2CC2)=O)C(=O)N1,0.0031887434888631105
N1=C(CC2C=CC=C(C)C=2)OC(CCC(=O)N2CCN(CC2)C(OCC)=O)=N1,0.006139169679954648
N1C(CC2C=CC=CC=2)=NOC=1CN1CCC(C1)C1C=CC=C(OC)C=1OC,0.012422041920945048
C1(=NN=C(SCC(=O)NCC2=CC=CC=C2)N1C1=CC=CC(OC)=C1)C1C2C=CC=CC=2NC=1,0.004574276006314904
C1(=NN=C(SCC(=O)NCC2=CC=C(C=C2)F)N1C1=CC=CC(OC)=C1)C1C2C=CC=CC=2NC=1,0.0032827062299475075
CC(NCC1SC(C(CN2C(=O)C(C3=C(Br)C=CC=C3)(C)NC2=O)=O)=CC=1)=O,0.00321802037069574
C1(=NN=C(SCC(NCCC2C=CC=CC=2)=O)N1C1=CC=CC(OC)=C1)C1C2C=CC=CC=2NC=1,0.004691610648296774
CC1=NC2=C(C=CC=C2)C(SC(C#N)CC2=CC=CC=C2)=N1,0.005857943480858552
C1(=NN=C(SCC(=O)NC2=NN=C(CC)S2)N1C1=CC=CC(OC)=C1)C1C2C=CC=CC=2NC=1,0.004400544648524374
COC1=C(F)C=C(C(CSC2=C3C(C=CC=C3)=NC(C)=N2)=O)C=C1,0.012041151151061058
N1(C2=CC=CC(OC)=C2)C(SC(C)C(OCC)=O)=NN=C1C1C2C=CC=CC=2NC=1,0.005153413978405297
N12N=C(SC1=NN=C2C(C)C)CCCC1C=NNC=1,0.005669809598475695
N1(C2=CC=CC(OC)=C2)C(SC(CC)C(OCC)=O)=NN=C1C1C2C=CC=CC=2NC=1,0.005268215993419289
C12(CCN(CC1)C(=O)NCC1=CC=CO1)C1=CC=CC=C1[C@@H](N(C)C)[C@@H]2O,0.002984078403096646
N1(C2=CC=CC(OC)=C2)C(SC(CC)C(OC)=O)=NN=C1C1C2C=CC=CC=2NC=1,0.005203539435751736
C=CCN1C(=O)C2=C(C=CC=C2)N=C1SCC(NC(C1=CC=CC=C1)CC1=CC=CC=C1)=O,0.007149439258500934
C1(=NN=C(SCC(OCC2C=CC=CC=2)=O)N1C1=CC=CC(OC)=C1)C1C2C=CC=CC=2NC=1,0.004806109261699021
C1(=NC=CN1C1C=CC2=C(NN=C2)C=1)C1SC=C(C)N=1,0.003347719996236265
C1(=NN=C(SCC(C2=CC=CC=C2)=O)N1C1=CC=CC(OC)=C1)C1C2C=CC=CC=2NC=1,0.0075561712263152005
N1(CCCC1C(=O)NC1=CC=C(C=C1)N1C=CN=C1C)C(=O)CC1CCCCC=1,0.0059099299367517235
C1(=NN=C(SCC(=O)C2C=CC(=CC=2)Cl)N1C1=CC=CC(OC)=C1)C1C2C=CC=CC=2NC=1,0.006374043179675937
COCCN1C2=C(C=CC=C2)N=C1SCC1ON=C(C2=CC=C(Cl)C=C2)N=1,0.0062171318102627994
C1(=NN=C(SCC(=O)C2C=CC(=CC=2)OC)N1C1=CC=CC(OC)=C1)C1C2C=CC=CC=2NC=1,0.00699100464116782
COCCN1C2=C(C=CC=C2)N=C1SC(C#N)CC1=CC=C(C)C=C1,0.0061858096045085634
C(=O)(NC1=CC=CC=C1OC1C=CC=NC=1)C1CCCN(CC2=CN=C(C)S2)C1,0.005738875083625317
C1(=NN=C(SCCC)N1C1=CC=C(C=C1)OC)C1C2C=CC=CC=2NC=1,0.006976560992188752
COC1=C(S(N2CC(C)CC(C)C2)(=O)=O)C=C(C(OCC#N)=O)C=C1,0.004564591760936309
N1(C)C[C@H](C[C@H]1C(=O)NCC1C=COC=1)NC(=O)C1C=CC=CC=1OC,0.006571666896343231
C1(=NN=C(SC(C)C)N1C1=CC=C(C=C1)OC)C1C2C=CC=CC=2NC=1,0.007094927574507892
C1(=NN=C(SCCCC)N1C1=CC=C(C=C1)OC)C1C2C=CC=CC=2NC=1,0.006530604558065534
COC1=C(S(N2CC(C)CC(C)C2)(=O)=O)C=C(C(OCC2=C(C)ON=C2C)=O)C=C1,0.006922741560265422
N12C(C=CC3=NN=CN13)=NN=C2C1C=C(Cl)C=C(Cl)C=1,0.007264096569269895
COC1=C(S(N2CC(C)CC(C)C2)(=O)=O)C=C(C(OCC2N=C3N(C=CS3)C(=O)C=2)=O)C=C1,0.005099966982379555
C1(=NN=C(SC(C)CC)N1C1=CC=C(C=C1)OC)C1C2C=CC=CC=2NC=1,0.007514705532230437
COC1=C(S(N2CC(C)CC(C)C2)(=O)=O)C=C(C(OCC2N=C3N(C=C(C=C3)C)C(=O)C=2)=O)C=C1,0.005500535829924047
C1(=NN=C(SCCC(C)C)N1C1=CC=C(C=C1)OC)C1C2C=CC=CC=2NC=1,0.008310866029933094
COC1=C(S(N2CC(C)CC(C)C2)(=O)=O)C=C(C(OCCOC2=C(C(C)=O)C=CC=C2)=O)C=C1,0.0074573953868821265
COC1=C(S(N2CC(C)CC(C)C2)(=O)=O)C=C(C(OCC2=C(C)N=C3C(C=CC=C3)=N2)=O)C=C1,0.006244544615037739
COC1=C(F)C=C(C(COC(C2C3=C(C=CC=C3)C(=O)N(CC3=CC=CC=C3)N=2)=O)=O)C=C1,0.010032554902136327
C1(=NN=C(SCC=CC2=CC=CC=C2)N1C1C=CC(=CC=1)OC)C1C2C=CC=CC=2NC=1,0.007444124552421272
CCOC1=C(N2C(C3=CN=CC=C3)=NN=C2SC(C(N(CC2=CC(F)=CC=C2)C)=O)C)C=CC=C1,0.006313778809271753
C1(=NN=C(SCC=C)N1C1=CC=C(C=C1)OC)C1C2C=CC=CC=2NC=1,0.0067513290559872985
CCOC1=C(N2C(C3=CN=CC=C3)=NN=C2SCC(N(C2CCCCC=2)C2CC2)=O)C=CC=C1,0.009201136510819196
C(CCC1CCCN(C)C1)(=O)N(C)CC1=CC=CC(Cl)=C1,0.010329680657014251
CCCCNC1SC(SCC2ON=C(C3=CC=C(Cl)C=C3)N=2)=NN=1,0.005825361958704889
N1(CCSCC1)CC(O)COC1=CC=C(C=C1OC)CN(C)CC1=CN=CC=N1,0.005068554845638573
CC(CC(C1=CC=CC=C1)NC(COC(C1=C(N(=O)=O)C(C)=CC=C1)=O)=O)C,0.009169688960537315
C1(=NN=C(SCC(=O)N2CCCCCC2)N1C1=CC=C(C=C1)OC)C1C2C=CC=CC=2NC=1,0.005700076557695865
C1(=CC=NN1C1CCN(CC1)C(C)CSC)NC(=O)CCOC1=CC=CC=C1,0.006618984322994947
C1(=NN=C(SCC(=O)N2CCC(CC2)C)N1C1=CC=C(C=C1)OC)C1C2C=CC=CC=2NC=1,0.005129825614858419
CC1=C(N(=O)=O)C(C(OCC(C2SC(CNC(C(C)(C)C)=O)=CC=2)=O)=O)=CC=C1,0.009103811206296086
C1(=CC=C(C=C1F)F)CN(CCC1=CC=C(C=C1)OC)CC1CCN(CC1)C,0.00996673535555601
C1(=NN=C(SCC(=O)N2CCCC3C=CC=CC2=3)N1C1=CC=C(C=C1)OC)C1C2C=CC=CC=2NC=1,0.005054001114331186
N1(CCC2=C(N=CN=C2NCC2=NN=CN2CCC)C1)C(=O)C1=CC=CN=C1,0.0066642772173509
C1(=NN=C(SCC(=O)N2CCC3C=CC=CC2=3)N1C1=CC=C(C=C1)OC)C1C2C=CC=CC=2NC=1,0.004677488200832159
O=C(N1CCN(C(C2SC=CC=2)=O)CC1)CN1C(=O)C(CC2=CC=CC=C2)NC1=O,0.0017956918687559663
C1(=NN=C(SCC(=O)NC2C=CC=CC=2)N1C1C=CC(=CC=1)OC)C1C2C=CC=CC=2NC=1,0.004288032476324588
CC1N(CCC2SC=CC=2)C(C)=C(C(CSC2OC(C3=CC=CC=C3)=NN=2)=O)C=1,0.011905139312148094
C1(=NN=C(SCC(=O)NC2=CC=CC=C2C)N1C1C=CC(=CC=1)OC)C1C2C=CC=CC=2NC=1,0.0043926221667788925
CC(NCC1SC(C(CSC2OC(C3=CC=CC=C3)=NN=2)=O)=CC=1)=O,0.008011324750259518
C1(=NN=C(SCC(=O)NC2=CC=CC(C)=C2)N1C1=CC=C(C=C1)OC)C1C2C=CC=CC=2NC=1,0.004324049397837371
O=S(C1=CC(C2OC(SCCN3CCCCC3)=NN=2)=CC=C1)(N1CCCCC1)=O,0.005786018469370902
C1(=NN=C(SCC(=O)NC2=CC=C(C=C2)C)N1C1C=CC(=CC=1)OC)C1C2C=CC=CC=2NC=1,0.004400571109727025
N1=C(C2=CC=C(C(OC)=C2)OC)OC(C)=C1CN1CCCC(C)(O)C1,0.006227558664977551
C1(=NN=C(SCC(=O)NC2=CC=CC(C)=C2C)N1C1=CC=C(C=C1)OC)C1C2C=CC=CC=2NC=1,0.004486283275764435
CC1C(N(=O)=O)=C(C)N(CC(N(C2CCCCC=2)C2CC2)=O)N=1,0.009576522186398507
C1(=NN=C(SCC(=O)NC2=CC(C)=CC=C2C)N1C1=CC=C(C=C1)OC)C1C2C=CC=CC=2NC=1,0.004454573302064091
C1(=NN=C(SCC(=O)NC2=CC=C(C=C2C)C)N1C1C=CC(=CC=1)OC)C1C2C=CC=CC=2NC=1,0.004491624352522194
C1(=NN=C(SCC(=O)NC2=CC(C)=CC(C)=C2)N1C1=CC=C(C=C1)OC)C1C2C=CC=CC=2NC=1,0.004522692575119436
C1(C#N)C(N)=NC(=CC=1C1=CC=C(C#CCO)S1)C1C=CNC=1,0.0010047840085462667
C1(=NN=C(SCC(=O)NC2C(C)=CC(=CC=2C)C)N1C1C=CC(=CC=1)OC)C1C2C=CC=CC=2NC=1,0.0047272986499592665
C1(=NC=CC(C2N=CC=C(C=2)C(O)=O)=N1)N1CCN(CC1)C1=CC=C(C=C1)C,0.005431673815473914
C1(=NN=C(SCC(=O)NC2=CC=C(C=C2)CC)N1C1C=CC(=CC=1)OC)C1C2C=CC=CC=2NC=1,0.004515787481795997
C1(CCCN(CC2=CC=C(C(O)=C2)OC)C1)(CCOC1=CC=CC=C1)C(OCC)=O,0.006007469701580703
C1(=NN=C(SCC(=O)NC2=CC=CC=C2F)N1C1C=CC(=CC=1)OC)C1C2C=CC=CC=2NC=1,0.003474370006006211
CCS(N1C2=C(C=C(C(CN3C(C)=C(N(=O)=O)C(C)=N3)=O)C=C2)CC1)(=O)=O,0.007683758158236742
C1(=NN=C(SCC(=O)NC2C=CC=C(F)C=2)N1C1C=CC(=CC=1)OC)C1C2C=CC=CC=2NC=1,0.0032872863113880156
N1(CCOCC1)C(C)C1CCN(CC1)CC1=CC=NC2C=CC=CC1=2,0.01177129065617919
C1(=NN=C(SCC(=O)NC2C=CC(=CC=2)F)N1C1C=CC(=CC=1)OC)C1C2C=CC=CC=2NC=1,0.0033152615069411695
CC1C(N(=O)=O)=C(C)N(CC(C2SC(CNC(C(C)(C)C)=O)=CC=2)=O)N=1,0.009091814910061658
C1(=NC=CC=C1CNC(=O)[C@@H]1C[C@H]2C[C@@H]1C=C2)N(C)CCC1C=CC=CN=1,0.007623510144185275
ClC1=C(C2N(C3CCCC3)C(SC(C#N)CC3=CC=CC=C3)=NN=2)C=CC=C1,0.0072403701627195005
N1C(CCC)=NOC=1CN(C)CC1COCCO1,0.013106980035081506
C1(=NN=C(SCC(=O)NC2C=CC=C(Cl)C=2)N1C1C=CC(=CC=1)OC)C1C2C=CC=CC=2NC=1,0.003508136933669448
CC(NCC1SC(C(CSC2N(C3CCCC3)C(C3=C(Cl)C=CC=C3)=NN=2)=O)=CC=1)=O,0.008473264845088124
C1(=NN=C(SCC(=O)NC2C=CC(=CC=2)Cl)N1C1C=CC(=CC=1)OC)C1C2C=CC=CC=2NC=1,0.0035493190749548375
CC1=CC=C(CC(C#N)SC2N(C3CCCC3)C(C3=C(Cl)C=CC=C3)=NN=2)C=C1,0.007602750429600747
N1([C@H]2CC[C@@H]1C[C@H](O)C2)CC1C=CC(=CC=1OCC=C)OCC=C,0.006038157036527991
C1(=NN=C(SCC(=O)NC2=CC=C(C=C2F)F)N1C1C=CC(=CC=1)OC)C1C2C=CC=CC=2NC=1,0.003408331540413201
N1(C(C)C)C=NN=C1CCNC(=O)CC1CCC2=CC=CC=C12,0.009012127155438065
C1(=NN=C(SCC(=O)NC2C=CC=CC=2OC)N1C1C=CC(=CC=1)OC)C1C2C=CC=CC=2NC=1,0.004011634481139481
COC1=C(F)C=C(CN(C(COC2=C(C(C)=O)C=C(Br)C=C2)=O)C)C=C1,0.01617329316213727
C1(=NN=C(SCC(=O)NC2C=CC=C(OC)C=2)N1C1C=CC(=CC=1)OC)C1C2C=CC=CC=2NC=1,0.0038903902168385684
N1(CCCC1)C(CCC1CCN(CC1)CC1CCOC(C)(C)C1)=O,0.021076344605535268
C1(=NN=C(SCC(=O)NC2=CC=C(C=C2)OC)N1C1C=CC(=CC=1)OC)C1C2C=CC=CC=2NC=1,0.004038765921723098
C1(=NN=C(SCC(=O)NC2C=CC=CC=2OCC)N1C1C=CC(=CC=1)OC)C1C2C=CC=CC=2NC=1,0.004004969284869731
CC(C1=C(OCC(N2CCN(C(C3SC=CC=3)=O)CC2)=O)C=CC(Br)=C1)=O,0.011052028043195605
C1(CN(C)C(=O)CC(C2C=CC=CC=2)C2=CC=C3C(OCO3)=C2)OC(=NN=1)C,0.01020900597795844
C1(=NN=C(SCC(=O)NC2=CC=C(C=C2)OCC)N1C1C=CC(=CC=1)OC)C1C2C=CC=CC=2NC=1,0.00401344031561166
COC1=C(F)C=C(CN(C(COC2=C(C(C)=O)C=C(Cl)C=C2)=O)C)C=C1,0.013067301968112588
C1(=NC=C(CN(C)CCC2C=NNC=2)N1CCCC1C=CC=CC=1)S(CC)(=O)=O,0.0049548699404113
C1(=NN=C(SCC(=O)NC2=CC=C(C=C2)C(C)=O)N1C1=CC=C(C=C1)OC)C1C2C=CC=CC=2NC=1,0.004942730395123362
N1(C(C)C)C=CC(CN2CCN(CC2)C2=NC=CC(=C2)C(=O)NC(C)C)=C1,0.00705160298384726
C1(=NN=C(SCC(=O)NC2CCCC2)N1C1C=CC(=CC=1)OC)C1C2C=CC=CC=2NC=1,0.005458979378454387
CC(C1=C(OCC2N3C(N(C(C4=C3C=CC=C4)=O)C)=NN=2)C=CC(Cl)=C1)=O,0.009369977377355098
C1(=NN=C(SCC(=O)NC2CCCCC2)N1C1C=CC(=CC=1)OC)C1C2C=CC=CC=2NC=1,0.005611940054222941
N1(CCCC(CCC(=O)NCC2=CC=C(C)O2)C1)C(=O)C1C=CC(=CC=1)C=C,0.008966750046238304
CCCN1C2=C(C=C(S(N(C)C)(=O)=O)C=C2)N=C1COC(C1=C(NCC2OC=CC=2)C=CC=C1)=O,0.00366233034292236
C1(=NN=C(SCC(=O)NCC2=CC=CC=C2)N1C1C=CC(=CC=1)OC)C1C2C=CC=CC=2NC=1,0.004640467837452889
N1(CCCC1C(=O)NC1C=CC(=CC=1)C1C=CC=C(OC)C=1)CC1C=CC=NC=1,0.007364955614320934
C1(=NN=C(SCC(=O)NCC2=CC=C(C=C2)F)N1C1C=CC(=CC=1)OC)C1C2C=CC=CC=2NC=1,0.003358722385019064
N1(CCOC(C1)C(F)(F)F)C(=O)C1C=CC(=CC=1)OCCNC(C)=O,0.004378334466309752
C1(NN=C(C2C=CC(=CC=2)CC)C=1)C(=O)N1CCC2(CC1)CN(C)CCN2C,0.005791338114067912
ClC1=CC=C(C2N=C(CSC3N(CC4OCCC4)C(C4SC=CC=4)=NN=3)ON=2)C=C1,0.008016733569093049
N1NC=CC=1CN(CC)CC1CCCN(CCC2=CC=CC(OC)=C2)C1,0.00866377605125308
C1(=NN=C(SCC(NCCC2C=CC=CC=2)=O)N1C1=CC=C(C=C1)OC)C1C2C=CC=CC=2NC=1,0.004753725370392203
C1(CCCN(C2CCN(CC2)CC2C=CC=NC=2)C1)C(=O)N(C)CCC,0.012801627768203616
C1(=NN=C(SCC(=O)NC2=NN=C(C)S2)N1C1C=CC(=CC=1)OC)C1C2C=CC=CC=2NC=1,0.004409769200719893
S(=O)(=O)(N1CCN(CC1)CC)N1C[C@@H](C[C@H]1C(NC)=O)N,0.00785663437563926
COC1=CC=C(C2N(CC3OCCC3)C(SCC(NC3SC=NN=3)=O)=NN=2)C=C1,0.006617951137013733
C1(=NN=C(SCC(=O)NC2=NN=C(CC)S2)N1C1C=CC(=CC=1)OC)C1C2C=CC=CC=2NC=1,0.004507857095450163
N1(CC2C=CC=CC=2)C(C2CCN(CC2)C(=O)C2C=CN=C(N)C=2)=NN(C)C1=O,0.003922994015738368
C1(=NN=C(SC(C)C(OCC)=O)N1C1C=CC(=CC=1)OC)C1C2C=CC=CC=2NC=1,0.005213435064069927
C1(=NN=C(SC(CC)C(OCC)=O)N1C1C=CC(=CC=1)OC)C1C2C=CC=CC=2NC=1,0.005354707897640765
COC1=CC=C(C2N(CC3OCCC3)C(SCC3ON=C(C4=CC=C(Cl)C=C4)N=3)=NN=2)C=C1,0.008204695745371282
C1(CN2C=CC=N2)=NNC(=O)N1CCC,0.003649580094497651
C1(=NN=C(SC(CC)C(OC)=O)N1C1C=CC(=CC=1)OC)C1C2C=CC=CC=2NC=1,0.005277574365027249
C1(=NN=C(SCC(OCC2C=CC=CC=2)=O)N1C1C=CC(=CC=1)OC)C1C2C=CC=CC=2NC=1,0.004944331059232354
COC1=CC=C(C2N(CC3OCCC3)C(SCC3ON=C(C4=CC=C(C(C)C)C=C4)N=3)=NN=2)C=C1,0.01046844949014485
C1(=NN=C(SCC(C2=CC=CC=C2)=O)N1C1=CC=C(C=C1)OC)C1C2C=CC=CC=2NC=1,0.007677637808956206
COC1=CC=C(C2N(CC3OCCC3)C(SC(C#N)CC3=CC=C(C)C=C3)=NN=2)C=C1,0.0076572372639475365
C1(=NN=C(SCC(=O)C2C=CC(=CC=2)Cl)N1C1=CC=C(C=C1)OC)C1C2C=CC=CC=2NC=1,0.006473417114466429
CC(CC(C1=CC=CC=C1)NC(CSC1OC(C2C3=C(C=CC=C3)NC=2)=NN=1)=O)C,0.005995840299874544
C1(=NN=C(SCC(=O)C2C=CC(=CC=2)OC)N1C1=CC=C(C=C1)OC)C1C2C=CC=CC=2NC=1,0.00708883807528764
S1(CCC(CC(=O)NCC2=CC=CN=C2N2CCCCCCC2)C1)(=O)=O,0.007347629708237946
CC(C(N(CC1=CC(F)=CC=C1)C)=O)SC1OC(C2C3=C(C=CC=C3)NC=2)=NN=1,0.0038591864285990596
N1N=CN(CCC(=O)N2CCC3(CCCN(CC4C=CC=C(F)C=4F)C3)C2)N=1,0.005944032990373671
CCN(C1CCCCC=1)C(CSC1OC(=C2C3=C(C=CC=C3)N=C2)NN=1)=O,0.006009390158578753
C1(C(C)=NNC=1C)SC1C=CC=CC=1NC(=O)CC1NC(NC1=O)=O,0.0014471222239080817
CC(CSC1SC(SCC(NCCOC2=CC=CC=C2)=O)=NN=1)=C,0.008402353711426258
N1(C2=C(OC)C=CC(OC)=C2)C(SCCC)=NN=C1C1C2C=CC=CC=2NC=1,0.006995756994001567
N1C=CN(CC(C)NC2CCN(CC2)CC2C=CC=C(O)C=2)C=1,0.0033511486370116474
N1(C2=C(OC)C=CC(OC)=C2)C(SC(C)C)=NN=C1C1C2C=CC=CC=2NC=1,0.007051755907014012
CC(CSC1SC(SCC(NC(C2=CC=CC=C2)CC2=CC=CC=C2)=O)=NN=1)=C,0.0108982739970088
N1(CCN(CC1)CC1=CC=CC=C1CO)C(=O)COC1C=CC=CC=1,0.00469882539473474
O=C(N1CCN(C(C2SC=CC=2)=O)CC1)COC(C1SC2=C(CCCC2)C=1)=O,0.009690248407423496
N1(C2=C(OC)C=CC(OC)=C2)C(SCCCC)=NN=C1C1C2C=CC=CC=2NC=1,0.006570215127430857
N1(CC2NN=C(C(=O)NCC3=CC=C(C)O3)C=2)C2C=CC=CC=2N=C1C,0.003844541881699115
CC(C(NC1=C2C(C(C3=C(C2=O)C=CC=C3)=O)=CC=C1)=O)OC(C1SC2=C(CCC2)C=1)=O,0.009545864630490541
N(C1=C(C)C=CC=C1C)C(=O)C1=CC=CC(=C1)CN1CCCCC1CCO,0.005004130932502448
CC(NCC1SC(C(COC(C2SC3=C(CCC3)C=2)=O)=O)=CC=1)=O,0.011840988090261817
N12C[C@H](C[C@H]1C(N(C)CC2=O)=O)NC(=O)C1C=CC(=CC=1)N1C=CC=C1,0.005935320910066366
CC(N1C2=C(C=C(C=C2)NC(COC(C2SC3=C(CCC3)C=2)=O)=O)CC1)=O,0.007409938354976475
C1(C2=CC(O)=C3C(CN(CCO3)C(CCCN)=O)=C2)SC2=C(C=CC=C2)N=1,0.004779271222651005
CC(C(NCC1SC(C(COC(C2SC3=C(CCC3)C=2)=O)=O)=CC=1)=O)(C)C,0.013862017448991537
N1(C2=C(OC)C=CC(OC)=C2)C(SC(C)CC)=NN=C1C1C2C=CC=CC=2NC=1,0.007413349789567291
COCCN1C(C2=CC(C)=CC=C2)=NN=C1SCC(NC(C1=CC=CC=C1)CC1=CC=CC=C1)=O,0.007865957147441805
N1(C2=C(OC)C=CC(OC)=C2)C(SCCC(C)C)=NN=C1C1C2C=CC=CC=2NC=1,0.008053430751897395
C1(C(NCCC2N=C(C)C3=C(CCCC3)N=2)=O)C=C(ON=1)CC(C)C,0.012222062703222037
COCCN1C(C2=CC(C)=CC=C2)=NN=C1SC(C#N)CC1=CC=C(C)C=C1,0.007483179485393521
N1(C2=C(OC)C=CC(OC)=C2)C(SCC=CC2=CC=CC=C2)=NN=C1C1C2C=CC=CC=2NC=1,0.006917614745907486
N1(CCCC(CCC(=O)NC2CC2)C1)C1CCN(CC1)C1C=CC(=CC=1C)F,0.008884577639400959
COC1=CC2=C(OC(=C2C)C(OCC(NC2=CC3=C(N(C(C)=O)CC3)C=C2)=O)=O)C=C1,0.006955555896274746
N1(C2=C(OC)C=CC(OC)=C2)C(SCC=C)=NN=C1C1C2C=CC=CC=2NC=1,0.006635891296900809
C12=C(CCN(C(=O)C3(CCC3)N)C1)ON=C2C(C1C=CC=CC=1)C1C=CC=CC=1,0.013817919557914138
CC(C(N(CC1=CC(F)=CC=C1)C)=O)OC(C1=CC2=C(SCC(N2)=O)C=C1)=O,0.006763907079584896
N1(C=NN=C1CC1C=CC=NC=1)C1C=CC=C(C)C=1,0.0073657098691910505
COC1=CC=C(C2N(C3=CC=C(C)C=C3)C(SCC3OC(=O)NC3)=NN=2)C=C1,0.004473903030157089
C1(C2=CC=CO2)=NOC(CNC(COC)C2=CC=NN2C)=N1,0.009718582266941667
CCN(C1CCCC=1)C(CSC1NC(=O)C2=C(N(C3=CC=CC=C3)N=C2)N=1)=O,0.005889954115264118
C(=O)(C1=CC=CC2C=NC=CC1=2)N1CCC(CC1)C(O)C1=CC=CS1,0.0035460848244838416
CC(N1C2=C(C=C(C=C2)NC(CSC2NC(=O)C3=C(N(C4=CC=CC=C4)N=C3)N=2)=O)CC1)=O,0.003897421422880143
COC1=C(F)C=C(C(CSC2N3C(NC4=C3C=CC=C4)=NN=2)=O)C=C1,0.0046349514974281195
N1(C2=C(OC)C=CC(OC)=C2)C(SCC(=O)NC2=CC=CC=C2C)=NN=C1C1C2C=CC=CC=2NC=1,0.003969966655131429
C(SC1N2C(NC3=C2C=CC=C3)=NN=1)CN1CCCCC1,0.004012729739770293
N1(C2=C(OC)C=CC(OC)=C2)C(SCC(=O)NC2=CC=CC(C)=C2)=NN=C1C1C2C=CC=CC=2NC=1,0.003928354929666966
CCOCCN1C2=C(C(N(C(N2C)=O)C)=O)N=C1Br,0.0064072053413838145
N1(CCC(C(NC)=O)C1)C(=O)C1(CCNCC1)OC1=CC=C(C=C1)Cl,0.00696959828492254
N1(C2=C(OC)C=CC(OC)=C2)C(SCC(=O)NC2C=CC(=CC=2)C)=NN=C1C1C2C=CC=CC=2NC=1,0.00397837096825242
CN1C(=O)C2=C(N(C(=N2)Br)CC#N)N(C)C1=O,0.0044880179615855555
C1(=C(C)N=C(C(C)C)S1)C(=O)N1CCCN2C(=CC(=N2)C(O)=O)C1,0.007251302478834987
N12N=C(C=C1NC(CN1CCC(CC1)(CO)O)=CC2=O)C,0.0020675866573583333
CN1C(=O)C2=C(N(C(=N2)Br)CC2=C(C#N)C=CC=C2)N(C)C1=O,0.0057982078054919835
C1(C#N)C(OC)=NC=CC=1N1CCOC(C2C=CC(=CC=2)Cl)C1,0.00486044391291216
CC1C(CN2C3=C(C(N(C(N3C)=O)C)=O)N=C2Br)=C(C)ON=1,0.0075384934665635225
N1(CCCN(CC2=CC=C(C=C2)F)C(C(C)C)C1)C(=O)C(C)(C)OC,0.011528944177553058
CN1C(=O)C2=C(N(C(=N2)Br)CC2=C(Cl)C=C(F)C=C2)N(C)C1=O,0.006225040089339018
N1(C2=C(OC)C=CC(OC)=C2)C(SCC(=O)NCC2C=CC=CC=2)=NN=C1C1C2C=CC=CC=2NC=1,0.004227599164005369
N1(CC2=CC=CC(=C2)C(F)(F)F)CC(CCC1=O)C(=O)N(C)CC1C=NN(C)C=1,0.006043647765181959
N1(C2=C(OC)C=CC(OC)=C2)C(SC(C)C(OCC)=O)=NN=C1C1C2C=CC=CC=2NC=1,0.005036760959774256
C1(N(C)CC2C=NN(CC)C=2)=NC(C)=CC(C2CCC2)=N1,0.01063811769708991
CN1C(=O)C2=C(N(C(=N2)Br)CCOC2=CC=C(C#N)C=C2)N(C)C1=O,0.005600187042728066
N1(C2=C(OC)C=CC(OC)=C2)C(SC(CC)C(OC)=O)=NN=C1C1C2C=CC=CC=2NC=1,0.0051349637564271685
N1NC(=CC=1CN1CCC(CC1)(CO)CC1=CC=C(C=C1)OC)CC(C)C,0.004954931722022593
O=C(N1CCCC1)CN1CCN(C(CSC2OC(C3=CC=CC=C3)=C(C3=CC=CC=C3)N=2)=O)CC1,0.005996203725226223
N1(C2=C(OC)C=CC(OC)=C2)C(SCC(C2=CC=CC=C2)=O)=NN=C1C1C2C=CC=CC=2NC=1,0.00696219289675355
CC(NCC1SC(C(CSC2OC(C3=CC=CC=C3)=C(C3=CC=CC=C3)N=2)=O)=CC=1)=O,0.006724595068953931
C1(=NN=C(SCCC)N1C1=CC=C(C=C1)OCC)C1C2C=CC=CC=2NC=1,0.007345709390938282
C1(CNC(C)C2C=CC=CC=2C(F)(F)F)=CN(N=C1C)CC=C,0.005122494453098625
CC(N1C2=C(C=C(C=C2)NC(COC(C2=C(O)C3=C(C=CC=C3)C(O)=C2)=O)=O)CC1)=O,0.003992710099555552
C1(=NN=C(SC(C)C)N1C1=CC=C(C=C1)OCC)C1C2C=CC=CC=2NC=1,0.007321471092291176
C1(=CC=NN1C1CCN(CC1)C(CCC(F)(F)F)=O)NC(=O)C(C)(C)C,0.004708492456120439
C1(=NN=C(SCCCC)N1C1=CC=C(C=C1)OCC)C1C2C=CC=CC=2NC=1,0.006823525507934391
C1(C=NN(CC=C)C=1)C1NCCC2NC=NC1=2,0.00404148823581636
COC1=C(N2C(SCC(N3CCN(CC(N4CCCC4)=O)CC3)=O)=NN=N2)C=CC=C1,0.006010036077350378
N1(CC2=C(C=NC(CC)=N2)C1)C(=O)CN1C[C@H](C)O[C@H](C)C1,0.00742658986710012
CC1=C(N2C(C3=CC=NC=C3)=NN=C2SC(C#N)CC2=CC=CC=C2)C=CC=C1,0.006327853389552729
ClC1=CC=C(C2N=C(CSC3N(CC4OCCC4)C(C4=CC=C(Cl)C=C4)=NN=3)ON=2)C=C1,0.008155844546854496
C1(=NN=C(SC(C)CC)N1C1=CC=C(C=C1)OCC)C1C2C=CC=CC=2NC=1,0.007818874274380504
COCCN1C(C2=CC=C(Cl)C=C2)=NN=C1SCC(NC1SC2=C(C(=CC(=C2)C)C)N=1)=O,0.005356753512751311
N1(C[C@H](C[C@H]1C(NC)=O)N)C(=O)CN1CCC(CC1)C1C=CC=CC=1,0.008749251277185977
NC(C1=C(NC(CSC2NC(C3SC=CC=3)=NN=2)=O)SC(C2=CC=CC=C2)=C1)=O,0.004309643688611686
C1(=NN=C(SCCC(C)C)N1C1=CC=C(C=C1)OCC)C1C2C=CC=CC=2NC=1,0.008509286772459745
CCN1C(=O)N(CC2=CC=CC=C2)C(N)=C(C(CSC2NC(C3SC=CC=3)=NN=2)=O)C1=O,0.003920043492689729
C1(=NN=C(SCC=CC2=CC=CC=C2)N1C1C=CC(=CC=1)OCC)C1C2C=CC=CC=2NC=1,0.007498822407796979
C(NCCSC1=CC=C(C=C1)Cl)(=O)[C@H]1CCCO1,0.004772776388563216
CC1N(CCC2SC=CC=2)C(C)=C(C(CSC2NN=C(C3SC=CC=3)N=2)=O)C=1,0.007988803088665009
C1(CN(CCOC)CC2C=CC(=C(Cl)C=2)O)SC=CC=1C,0.0056538084289059045
O=C(N1CCN(C(C2SC=CC=2)=O)CC1)CSC1NC(C2SC=CC=2)=NN=1,0.004130894178524613
C1(=NN=C(SCC=C)N1C1=CC=C(C=C1)OCC)C1C2C=CC=CC=2NC=1,0.007008061371743679
CCN(C1CCCCC=1)C(CSC1NN=C(C2SC=CC=2)N=1)=O,0.005493091535754502
C1(=NN=C(SCC(=O)N2CCC3C=CC=CC2=3)N1C1=CC=C(C=C1)OCC)C1C2C=CC=CC=2NC=1,0.0047766588861122726
ClC1=C(CN2CC(CSC3NN=C(C4SC=CC=4)N=3)OCC2)C=CC=C1,0.00414652752224356
C1(=NN=C(SCC(=O)NC2C=CC=CC=2)N1C1C=CC(=CC=1)OCC)C1C2C=CC=CC=2NC=1,0.004307718167547136
N1(CCN(CC1CCO)CC1=CC(=NN1)C)CC1=CC=C(C(C)=C1C)OC,0.004020378144923597
C1(=NN=C(SCC(=O)NC2=CC=CC=C2C)N1C1C=CC(=CC=1)OCC)C1C2C=CC=CC=2NC=1,0.004427607660181821
N12C=C(N=C1SC=C2C(=O)N1CCCCCCC1)C1=CC=CC(=C1)C(F)(F)F,0.004699854739010334
C1(=NN=C(SCC(=O)NC2=CC=CC(C)=C2)N1C1=CC=C(C=C1)OCC)C1C2C=CC=CC=2NC=1,0.0043646712438203394
CC(NCC1SC(C(CSC2NN=C(C3SC=CC=3)N=2)=O)=CC=1)=O,0.005337876314297318
C1(=NN=C(SCC(=O)NC2=CC=C(C=C2)C)N1C1C=CC(=CC=1)OCC)C1C2C=CC=CC=2NC=1,0.004436359321698546
C1(=CC(C)=C(NC1=O)C)C(=O)N1CCCC(CCCC2=CC=CC=C2)(C(OCC)=O)C1,0.00658616132568568
C1(=NN=C(SCC(=O)NC2=CC=CC(C)=C2C)N1C1=CC=C(C=C1)OCC)C1C2C=CC=CC=2NC=1,0.004540851409547031
N1=C(CC)ON=C1CN1CCOC(C1)C1C=CC2C(=CC=C(OC)C=2)C=1,0.010873682890087366
C1(=NN=C(SCC(=O)NC2=CC(C)=CC=C2C)N1C1=CC=C(C=C1)OCC)C1C2C=CC=CC=2NC=1,0.004509316699113697
C1(=NN=C(SCC(=O)NC2=CC=C(C=C2C)C)N1C1C=CC(=CC=1)OCC)C1C2C=CC=CC=2NC=1,0.004542370908893645
C1(=CN(N=N1)CC1C(=CC=CC=1F)F)C(=O)N1CCCC(C(C2C=CC=CC=2)=O)C1,0.00839534834958613
CC(NCC1SC(C(CSC2=C3C(SC(C4=CC=CC=C4)=C3)=NC(C)=N2)=O)=CC=1)=O,0.008013027301058174
C1(=NN=C(SCC(=O)NC2=CC(C)=CC(C)=C2)N1C1=CC=C(C=C1)OCC)C1C2C=CC=CC=2NC=1,0.0045779217965900895
N1(CCC(CC1)(O)C1=CC=C(C=N1)C)C(CCC1=CC=C2C(OCO2)=C1)=O,0.008865078585222364
N#CC(SC1=C2C(SC(C3=CC=CC=C3)=C2)=NC=N1)CC1=CC=CC=C1,0.005675843196462438
C1(=NN=C(SCC(=O)NC2=CC=C(C=C2)CC)N1C1C=CC(=CC=1)OCC)C1C2C=CC=CC=2NC=1,0.0045680854353122415
N1=C(CCNC2CCN(CC2)C2C=CC(=CC=2)C2=CSC=N2)ON=C1C(C)C,0.007304627425037324
O=C1OC(CSC2=C3C(SC(C4=CC=CC=C4)=C3)=NC=N2)CN1,0.003026143554598093
C1(=NN=C(SCC(=O)NC2=CC=CC=C2F)N1C1C=CC(=CC=1)OCC)C1C2C=CC=CC=2NC=1,0.0034183785086497665
O=C(N1CCN(C(C2SC=CC=2)=O)CC1)CSC1=C2C(SC(C3=CC=CC=C3)=C2)=NC=N1,0.005282728397287428
C1(=NN=C(SCC(=O)NC2C=CC=C(F)C=2)N1C1C=CC(=CC=1)OCC)C1C2C=CC=CC=2NC=1,0.003252167603932321
C1(C2=CC=C(C=C2)CN2CCCC(CN)C2)=NC(CCN2C=CC=N2)=CC(=O)N1,0.004801821755245328
C1(=NN=C(SCC(=O)NC2C=CC(=CC=2)F)N1C1C=CC(=CC=1)OCC)C1C2C=CC=CC=2NC=1,0.003321931010577828
C1(=NN=C(SCC(=O)NC2C=CC=CC=2OC)N1C1C=CC(=CC=1)OCC)C1C2C=CC=CC=2NC=1,0.0039664679090492426
N1(C[C@@H](C[C@H]1C(=O)NC(C)C)N)C(=O)C1=CC=CC2C=CC=CC1=2,0.007557980041019619
CC(NCC1SC(C(CSC2=C3C(SC(C4=CC=CC=C4)=C3)=NC=N2)=O)=CC=1)=O,0.007833040738478302
C1(CNC(C)CCCC(C)(C)O)=CNN=C1C1C=CC(=C(C)C=1)C,0.011406646110117435
CC(C(NCC1SC(C(CSC2=C3C(SC(C4=CC=CC=C4)=C3)=NC=N2)=O)=CC=1)=O)(C)C,0.009218559879809619
C1(=NN=C(SCC(=O)NC2C=CC=C(OC)C=2)N1C1C=CC(=CC=1)OCC)C1C2C=CC=CC=2NC=1,0.003852851968258619
CC1C2=C(C=CC=C2)N2C(=NN=C2SCC(NCCOC2=CC=CC=C2)=O)C=1,0.006232803990133107
C1(=NN=C(SCC(=O)NC2=CC=C(C=C2)OC)N1C1C=CC(=CC=1)OCC)C1C2C=CC=CC=2NC=1,0.0039632707950659095
C(=O)(N(C)CC1=CN=CC=N1)CC(C1=CC=CC(O)=C1)C1C=CC=C(Cl)C=1,0.0056265285704284905
C1(=NN=C(SCC(=O)NC2CCCC2)N1C1C=CC(=CC=1)OCC)C1C2C=CC=CC=2NC=1,0.005473508941940963
C1(CN2CCCC(CCCC3C=CC=CC=3)(CO)C2)=NC=CN1C1C=CC(=CC=1)OC,0.0050643969560042025
C1(=NN=C(SCC(=O)NCC2=CC=CC=C2)N1C1C=CC(=CC=1)OCC)C1C2C=CC=CC=2NC=1,0.004661352862603963
C1(C2=CC=CC=C2OCC)OC(=C(CN2[C@H]3CNC[C@@H]2CC3)N=1)C,0.005549367074854672
C1(C(C)=NNC=1C)C(NC(CCC1SC2C(=CC=CC=2)N=1)=O)C(O)=O,0.0036843670764937996
CC1C2=C(C=CC=C2)N2C(=NN=C2SCC(N2CCN(C(C3SC=CC=3)=O)CC2)=O)C=1,0.006525302235968411
C1(C(O)=O)NN=C(C2=CC(C3C=CC=CC=3C3=CC=CO3)=C(C(N)=N2)C#N)C=1,0.002087379456497729
C(=O)(N(C)C(C)C1C=CN=CN=1)C1=CC(=CC=C1Cl)NC(C)=O,0.004985207703430206
CC1C2=C(C=CC=C2)N2C(=NN=C2SCC2N3C(N(C(C4=C3C=CC=C4)=O)C)=NN=2)C=1,0.00914082657545805
C1(C(C)=NON=1)C1CCCN1CC1=CC(=O)OC2=CC(C)=C(C)C=C12,0.010193913150578738
CCN1C(=O)N(CC2=CC=CC=C2)C(N)=C(C(CSC2N3C(C=CC=C3)=NN=2)=O)C1=O,0.006215836643241346
C1(=NOC(C2C=CC(=CN=2)C(OC)=O)=N1)C1=C(C)N=CC2CNCCC1=2,0.00619790127966553
C1(=NN=C(SCC(NCCC2C=CC=CC=2)=O)N1C1=CC=C(C=C1)OCC)C1C2C=CC=CC=2NC=1,0.0047628640895709395
C1(CC2C(=CC=CC=2)C1)(N1CCN(CC1)CC)C(=O)NC(C)CC1C=CC=NC=1,0.009530267724767328
CC1N(CCC2SC=CC=2)C(C)=C(C(CSC2N3C(C=CC=C3)=NN=2)=O)C=1,0.01353279696777463
S1C(C2CC2)=NN=C1NC(=O)CCN1CCCCC1C1SC=CN=1,0.006384073058143258
C1(C=NN(C(C)C)C=1)C1C(C)=C(C2=CC=C(C=C2)O)N=C(N)C=1C#N,0.003064258792437613
CC(C1=CC=C(C2N=C(CSC3N4C(C=CC=C4)=NN=3)ON=2)C=C1)C,0.00973773431032896
C1(=NN=C(SC(C)C(OCC)=O)N1C1C=CC(=CC=1)OCC)C1C2C=CC=CC=2NC=1,0.00537109337747097
C12(CN(C)CCN1C)CCN(CC2)C(=O)C1=CC=CC(=C1)C1C=NNC=1,0.00520720686763525
C1(=NN=C(SC(CC)C(OCC)=O)N1C1C=CC(=CC=1)OCC)C1C2C=CC=CC=2NC=1,0.005564526538364589
N1(CCC(=O)N2C[C@@H](C[C@H]2C(NCC)=O)N)C2=CC(C)=CC=C2OC1=O,0.004847678972873836
ClC1=C(CN2CC(CSC3N4C(C=CC=C4)=NN=3)OCC2)C=CC=C1,0.007629399001598358
C1(=NN=C(SC(CC)C(OC)=O)N1C1C=CC(=CC=1)OCC)C1C2C=CC=CC=2NC=1,0.005447538662701845
C1(=NN=C(SC(C)C(OC)=O)N1C1C=CC(=CC=1)OCC)C1C2C=CC=CC=2NC=1,0.005260307365097106
CCCN1C2=C(C=C(S(N(C)C)(=O)=O)C=C2)N=C1COC(C(NC(C)=O)=CC1=CC=CC=C1)=O,0.004108544648624956
C1(=NN=C(SCC(OCC2C=CC=CC=2)=O)N1C1C=CC(=CC=1)OCC)C1C2C=CC=CC=2NC=1,0.004924514563754201
C1(=NN=C(SCC(C2=CC=CC=C2)=O)N1C1=CC=C(C=C1)OCC)C1C2C=CC=CC=2NC=1,0.007711507054045797
CCC1=C(Cl)C=CC(OCC2N3C(N(C(C4=C3C=CC=C4)=O)C)=NN=2)=C1,0.007878893730230629
C1(=NN=C(SCC(=O)C2C=CC(=CC=2)Cl)N1C1=CC=C(C=C1)OCC)C1C2C=CC=CC=2NC=1,0.006464314460754394
C1(=NN=C(SCC(=O)C2C=CC(=CC=2)OC)N1C1=CC=C(C=C1)OCC)C1C2C=CC=CC=2NC=1,0.006968804076313973
CCC1=C(Cl)C=CC(OCC(NC2=CC3=C(N(C(C)=O)CC3)C=C2)=O)=C1,0.007090587797574699
C1(=NN=C(SCC)N1C1C=CC(=CC=1)F)C1C2C=CC=CC=2NC=1,0.004195319663267583
CCN(S(C1=CC(N(=O)=O)=C(OCCCN2C3=C(C=CC=C3)NC2=O)C=C1)(=O)=O)CC,0.0021912472671829163
C1(=CC(=NO1)CC)C1=NC=CN1CCSC1=CN=NN1,0.003221394377760589
CCN(S(C1=CC(N(=O)=O)=C(OCC2OC3=C(C=CC=C3)N=2)C=C1)(=O)=O)CC,0.0036381014389917253
O=N(C1=C(OCCN2CCCCC2)C=CC(S(N2CCOCC2)(=O)=O)=C1)=O,0.004351674043573439
N(C(C(C)C)C1=CC=CN=C1)C(=O)C1C=CC(=CC=1)NC(CCCC)=O,0.008675868390128016
COC1=C(F)C=C(CN(C(COC2=C(N(=O)=O)C=C(S(N3CCCC3)(=O)=O)C=C2)=O)C)C=C1,0.0055598180508241056
C1(C=CC=C(OC)C=1OC)C(=O)N(CCC1C=CC=CC=1)CC1CCCN(C)C1,0.012666465621441603
CC(C(N(CC1=CC(F)=CC=C1)C)=O)OC1=C(N(=O)=O)C=C(S(N2CCCC2)(=O)=O)C=C1,0.005112939700484276
COC1=C(O)C(C(OCC2N3C(N(C(C4=C3C=CC=C4)=O)C)=NN=2)=O)=CC=C1,0.004904643143527209
N1(CCCC(CNC(=O)C2C=CC(=CC=2)C2C=CC=CC=2)C1)C1CCOCC1,0.009702685428783298
N1=NC(=CN1C1CCN(CC1)CCCC1C=CC=CC=1)CCO,0.0048677556216716765
C1(=NN=C(SCCC)N1C1C=CC(=CC=1)F)C1C2C=CC=CC=2NC=1,0.0045257008983753625
C12C(=O)NCC(C)(C)CC=1NC(CC1COC3C(=CC=CC=3)O1)=N2,0.005129321292042732
C1(=NN=C(SC(C)C)N1C1C=CC(=CC=1)F)C1C2C=CC=CC=2NC=1,0.004568537662271411
N1(C=CC=N1)CC(=O)NC1CCCN(CCCC2=CC=CC=C2)C1,0.00729676871560514
COC1=CC2=C(N=C(N2)SC(C(N(CC2=CC(F)=CC=C2)C)=O)C)C=C1,0.0033358372864313425
S(NC)(=O)(=O)C1=CC=C(C=C1)C1=NC=CN1CCC1C=CN=CC=1,0.003003130783326924
C1(=NN=C(SCCCC)N1C1C=CC(=CC=1)F)C1C2C=CC=CC=2NC=1,0.004393451486248523
CC1N(CCC2SC=CC=2)C(C)=C(C(CN2C(=O)C3(CCCC3)NC2=O)=O)C=1,0.004229244403541088
C1(=NN=C(SC(C)CC)N1C1C=CC(=CC=1)F)C1C2C=CC=CC=2NC=1,0.00494226801674813
O=C(N1CCCC1)CN1CCN(C(CN2C(=O)C3(CCCC3)NC2=O)=O)CC1,0.0027783001540228726
N1(CCCCC1CO)C1=CC=C(C=N1)C(=O)NCC1SC=C(CC)N=1,0.0027871765196323395
COC(C1C(C(OCC2ON=C(C3=CC=C(Cl)C=C3)N=2)=O)C(C(OC)=O)=C(C)NC=1C)=O,0.005307516042375937
C1(=NC=CC=C1C(N)=O)N1CCC(CC1)(O)C1=CC=C(C=N1)C,0.006143283960409462
CC(C(N(CC1=CC(F)=CC=C1)C)=O)SC1OC(COC2=CC(C)=CC=C2)=NN=1,0.007028831634670496
C1(OC(=NN=1)CCC(=O)NCC1C=CC(=CN=1)CC)C1=CC=C(C)S1,0.006740430742502213
C1(=NN=C(SCCC(C)C)N1C1C=CC(=CC=1)F)C1C2C=CC=CC=2NC=1,0.005675794603303075
N1N(CC2CCCN(C(=O)C3C=C(C)C=C(C)C=3)C2)C=C(CNC)N=1,0.007390292757190764
C1(=NN=C(SCC=CC2=CC=CC=C2)N1C1=CC=C(C=C1)F)C1C2C=CC=CC=2NC=1,0.005208437540568411
CC1N(CCC2SC=CC=2)C(C)=C(C(CSC2OC(C3=CC=C(F)C=C3)=NN=2)=O)C=1,0.009060042537748813
C1(=NN=C(SCC=C)N1C1C=CC(=CC=1)F)C1C2C=CC=CC=2NC=1,0.0043209669063799085
CC1CC2=C(C(C(OCC3N4C(N(C(C5=C4C=CC=C5)=O)C)=NN=3)=O)=CS2)CC1,0.009260657895356416
C1(=CC=CO1)C1=CC=C(C=C1)CN1CCC(CC1)(CO)CC1C=CC=CC=1,0.007281023194082081
ClC1=CC=C(C2N=C(CSC3OC(CC4=CC=CC=C4)=NN=3)ON=2)C=C1,0.007158920378424227
C1(CNC(=O)C2C=C(NN=2)COC2C=CC=CC=2F)N(C)C2=C(C=CC=C2)N=1,0.0035391150740906596
COC1=C(F)C=C(CN(C(CSC2OC(CC3=CC=CC=C3)=NN=2)=O)C)C=C1,0.007295460207387805
C1(C2C(C)=CC(=C(C)C=2)OC)OC(=C(CN2CCC(CC2)CC(N)=O)N=1)C,0.0066530543845146894
C1(=NN=C(SCC(=O)N2CCCCCC2)N1C1C=CC(=CC=1)F)C1C2C=CC=CC=2NC=1,0.004165403603110462
O=C(N1CCN(C(C2SC=CC=2)=O)CC1)CSC1OC(CC2=CC=CC=C2)=NN=1,0.006876994506455958
C1(=CNN=C1C1C=CC(=CC=1F)OC)CN1CCN(CC1)CC1=CSC(C)=N1,0.004212932870723307
C1(=NN=C(SCC(=O)N2CCC(CC2)C)N1C1C=CC(=CC=1)F)C1C2C=CC=CC=2NC=1,0.0038022079505026342
C1(=NN=C(SCC(=O)N2CCCC3C=CC=CC2=3)N1C1C=CC(=CC=1)F)C1C2C=CC=CC=2NC=1,0.003926433762535453
C1(=NN=C(SCC(=O)NC2C=CC=CC=2)N1C1=CC=C(C=C1)F)C1C2C=CC=CC=2NC=1,0.0031671165255829693
C(=O)(C1=CC=CC(=C1)NC(=O)C1CCCO1)N(C)CC1C=CN=CC=1C,0.006968081113882363
C1(=NN=C(SCC(=O)NC2=CC=CC=C2C)N1C1=CC=C(C=C1)F)C1C2C=CC=CC=2NC=1,0.0033089993987232445
COC1=C(F)C=C(C(CSC2OC(CC3=CC=CC=C3)=NN=2)=O)C=C1,0.010700317239388824
C1(N2CCC(CC2)C(=O)N2CCCCO2)=C2CCCC2=NC(C2C=CC=CC=2)=N1,0.0029284929682035
C1(=NN=C(SCC(=O)NC2=CC=CC(C)=C2)N1C1C=CC(=CC=1)F)C1C2C=CC=CC=2NC=1,0.003250139276497066
CCN(C1CCCCC=1)C(CSC1OC(CC2=CC=CC=C2)=NN=1)=O,0.011544394306838512
N1(C2=CC=C(C=C2)C)C=NN=C1CCC1=CC=CC=C1O,0.0057849853299558164
C1(=NN=C(SCC(=O)NC2=CC=C(C=C2)C)N1C1=CC=C(C=C1)F)C1C2C=CC=CC=2NC=1,0.003305663715582341
C12=CC(C3C=CC=CC=3C)=CC(O)=C1OCCN(C(CCC)=O)C2,0.006405768962576985
CCS(N1C2=C(C=C(C(CSC3OC(CC4=CC=CC=C4)=NN=3)=O)C=C2)CC1)(=O)=O,0.007819265080615877
N1(C2=CC=C3C(OCO3)=C2)N=C(N=C1CCNC(C)=O)CC(C)C,0.0072514878353104
CC(NCC1SC(C(CSC2OC(CC3=CC=CC=C3)=NN=2)=O)=CC=1)=O,0.00929097468033433
C1(=NN=C(SCC(=O)NC2=CC=CC(C)=C2C)N1C1C=CC(=CC=1)F)C1C2C=CC=CC=2NC=1,0.00343357571400702
CC1=CC=C(CC(C#N)SC2OC(CC3=CC=CC=C3)=NN=2)C=C1,0.005840298511144227
C1(=NN=C(SCC(=O)NC2=CC(C)=CC=C2C)N1C1C=CC(=CC=1)F)C1C2C=CC=CC=2NC=1,0.003406831540632993
CCN1C2=C(N(C(N(C2=O)CC(N(C2CCCCC=2)C2CC2)=O)=O)CC2=CC=CC=C2)N=C1,0.007207481586374342
C1(=NN=C(SCC(=O)NC2=CC=C(C=C2C)C)N1C1=CC=C(C=C1)F)C1C2C=CC=CC=2NC=1,0.0034254521131515505
C1(=NN=C(SCC(=O)NC2=CC(C)=CC(C)=C2)N1C1C=CC(=CC=1)F)C1C2C=CC=CC=2NC=1,0.003458526951726526
COC1=C(OCC#N)C=CC(C=CC(OCC(N2CCN(C(C3SC=CC=3)=O)CC2)=O)=O)=C1,0.004555071747745387
C1(=NN=C(SCC(=O)NC2C(C)=CC(=CC=2C)C)N1C1=CC=C(C=C1)F)C1C2C=CC=CC=2NC=1,0.003629367577377707
CC1=C(C2N(CC3=CC=CC=C3)C(SCC(N(C3CCCCC=3)C3CC3)=O)=NN=2)C=CO1,0.011650901846587658
C1(=NN=C(SCC(=O)NC2=CC=C(C=C2)CC)N1C1=CC=C(C=C1)F)C1C2C=CC=CC=2NC=1,0.0034044104511849584
CCN1C(=O)C2=C(C=CC=C2)C(C(OCC(N2CCN(C(C3SC=CC=3)=O)CC2)=O)=O)=N1,0.0066993593936786056
C1(=NN=C(SCC(=O)NC2=CC=C(C=C2)CCCC)N1C1=CC=C(C=C1)F)C1C2C=CC=CC=2NC=1,0.0036820323788560928
C(=O)(N(C)CCC1CCN(CC=1)C)C(CC)C1=CC=CC=C1,0.01826715199276805
CC1=CC(NC2SC(SCC(N3CCN(C(C4SC=CC=4)=O)CC3)=O)=NN=2)=CC=C1,0.005461930250748992
C1(=NN=C(SCC(=O)NC2=CC=CC=C2F)N1C1=CC=C(C=C1)F)C1C2C=CC=CC=2NC=1,0.0032595462864264844
C1(C(=O)NC2CC2)C=C2N(CCN(C(=O)C(C)CC3C=CC=CC=3)C2)N=1,0.010469813738018275
COC1=CC=C(NC2SC(SCC(N3CCN(CC(N4CCCC4)=O)CC3)=O)=NN=2)C=C1,0.006101420195773244
C1(=NN=C(SCC(=O)NC2C=CC=C(F)C=2)N1C1=CC=C(C=C1)F)C1C2C=CC=CC=2NC=1,0.0031686424859799444
C1(=CC=NN1C1CCN(CC1)C(CO)=O)NC(C1=CC=CC=C1)=O,0.002117856242693961
C1(=NN=C(SCC(=O)NC2C=CC(=CC=2)F)N1C1=CC=C(C=C1)F)C1C2C=CC=CC=2NC=1,0.0031461244099773465
C1(CN(C)CC2NC3C(=CC(=CC=3)Cl)N=2)=CNN=C1C1C=CC(=CC=1F)OC,0.0029161552665755153
COC1=CC(N2C(C3=CC(S(N(C)C)(=O)=O)=CC=C3)=NN=C2SCCC(C)C)=C(OC)C=C1,0.006625212356448173
C1(=NN=C(SCC(=O)NC2C=CC=C(Cl)C=2)N1C1=CC=C(C=C1)F)C1C2C=CC=CC=2NC=1,0.0028323086095042526
C1(CN2CCC(CC2)N2CCCC(C(=O)NCC3C=CC=CC=3)C2)=NC=CN1C,0.0062415067106485365
O=C(N1CCN(C(C2SC=CC=2)=O)CC1)CSC1=C2C(C=CC=C2)=NC(C2SC=CC=2)=N1,0.005975436023436487
C1(=NN=C(SCC(=O)NC2C=CC(=CC=2)Cl)N1C1=CC=C(C=C1)F)C1C2C=CC=CC=2NC=1,0.0028419265174306927
CN1C2N(C(=NN=2)CSC2=C3C(C=CC=C3)=NC(C3SC=CC=3)=N2)C2=C(C=CC=C2)C1=O,0.007734815031290055
C1(=NN=C(SCC(=O)NC2=CC=C(C=C2F)F)N1C1=CC=C(C=C1)F)C1C2C=CC=CC=2NC=1,0.002978767722379416
C1(=O)N(C2CCCC2)C[C@]2([H])C[C@@H](C3=CC=CN3C3=CC=CN=C3)N3CCC[C@]132,0.011128734983503818
CC(NCC1SC(C(CSC2=C3C(C=CC=C3)=NC(C3SC=CC=3)=N2)=O)=CC=1)=O,0.00818890454247594
C1(=NN=C(SCC(=O)NC2C=CC(=C(Cl)C=2)C)N1C1=CC=C(C=C1)F)C1C2C=CC=CC=2NC=1,0.002962094044778496
COC1=CC=C(C(C2=CC=CC=C2)NC(CSC2=C3C(N(C4=CC=CC=C4)N=C3)=NC=N2)=O)C=C1,0.007535458542406559
C1(=NN=C(SCC(=O)NC2C=CC=CC=2OC)N1C1=CC=C(C=C1)F)C1C2C=CC=CC=2NC=1,0.0032300868653692303
O=C(N1CCN(C(C2SC=CC=2)=O)CC1)CSC1=C2C(N(C3=CC=CC=C3)N=C2)=NC=N1,0.0054061538074165584
C1(=NN=C(SCC(=O)NC2C=CC=C(OC)C=2)N1C1=CC=C(C=C1)F)C1C2C=CC=CC=2NC=1,0.0031017105909995736
C1(CN(C)C(CCC2=CN3C(C=CC=C3)=N2)=O)C(C)=NN(C(C)C)C=1C,0.007791852974332869
COC1=C(F)C=C(CN2CCN(C(CSC3=C4C(N(C5=CC=CC=C5)N=C4)=NC=N3)=O)CC2)C=C1,0.005815387656912208
C1(=NN=C(SCC(=O)NC2=CC=C(C=C2)OC)N1C1=CC=C(C=C1)F)C1C2C=CC=CC=2NC=1,0.0031653356971219184
CCS(N1C2=C(C=C(C(COC(CC3C(=O)NC4=C(C=CC=C4)S3)=O)=O)C=C2)CC1)(=O)=O,0.0072843805653974416
C1(=NN=C(SCC(=O)NC2C=CC=CC=2OCC)N1C1=CC=C(C=C1)F)C1C2C=CC=CC=2NC=1,0.003221963008400053
C12C3=CC=CC=C3OCC=1C(=C(C#N)C(N)=N2)C1C=NN(C)C=1,0.004821793793234974
CC(NCC1SC(C(COC(CC2C(=O)NC3=C(C=CC=C3)S2)=O)=O)=CC=1)=O,0.009678525989875198
C1(=NN=C(SCC(=O)NC2=CC=C(C=C2)OCC)N1C1=CC=C(C=C1)F)C1C2C=CC=CC=2NC=1,0.0031630870536901055
O=C(N1CCN(C(C2SC=CC=2)=O)CC1)CSC1OC(C2=CN=CC=C2)=NN=1,0.005751850106753409
C1(=NN=C(SCC(=O)NC2=CC=C3C(OCO3)=C2)N1C1C=CC(=CC=1)F)C1C2C=CC=CC=2NC=1,0.0029956595972180367
C1(=CC=C(C)S1)C(=O)N(C)CC1CCCN(CCC2=CC=C(C=C2)Cl)C1,0.009762423438951373
C1(=NN=C(SCC(=O)NC2C=CC=C(C=2)N(=O)=O)N1C1=CC=C(C=C1)F)C1C2C=CC=CC=2NC=1,0.0018991947232279926
C1(C2C=CC=CC=2)N=CNC=1C1C=CC(=CC=1)C#CC(C)(C)O,0.005301378900185227
C1(=NN=C(SCC(=O)NC2C=CC(=CC=2)N(=O)=O)N1C1=CC=C(C=C1)F)C1C2C=CC=CC=2NC=1,0.001962335599819198
C12CN(CCOC1=C(C=C(C1C=CC=C(Cl)C=1)C=2)O)CC1C=NN(CC)C=1,0.0056230896851047875
O=C(N(C1CCCCC=1)C1CC1)CSC1OC(C2=CN=CC=C2)=NN=1,0.009401233633980155
C1(=NN=C(SCC(=O)NC2=CC=C(C=C2)C(C)=O)N1C1C=CC(=CC=1)F)C1C2C=CC=CC=2NC=1,0.004135780094657093
N#CC1C=CC=CC=1CN(CCC)CC1=CC=CN=C1,0.00971221299842
C1(=NN=C(SCC(=O)NC2CCCCC2)N1C1=CC=C(C=C1)F)C1C2C=CC=CC=2NC=1,0.004305503412615508
O=C(NC(C1=CC=CC=C1)CC1=CC=CC=C1)CSC1OC(C2=CN=CC=C2)=NN=1,0.006738725840114057
C1(=NN=C(SCC(=O)NCC2=CC=CC=C2)N1C1=CC=C(C=C1)F)C1C2C=CC=CC=2NC=1,0.003282877500168979
COC1=CC=C(C2N(N)C(SCC3ON=C(C4=CC=C(C(C)C)C=C4)N=3)=NN=2)C=C1,0.007001698343083262
C1(=NN=C(SCC(=O)NCC2=CC=C(C=C2)F)N1C1=CC=C(C=C1)F)C1C2C=CC=CC=2NC=1,0.0032301286468282343
FC1=C(C2N(C3CC3)C(SCC(N3CCN(C(C4SC=CC=4)=O)CC3)=O)=NN=2)C=CC=C1,0.0052023063180968165
C1(=NN=C(SCC(=O)NCC2C=CC=CC=2Cl)N1C1C=CC(=CC=1)F)C1C2C=CC=CC=2NC=1,0.0029471169924363493
C(CN(CCC)CC1=CC=CN=C1)=CC1=CC=CC=C1OC,0.013849802780896425
FC1=C(C2N(C3CC3)C(SCC(N(CC3SC=CC=3)CC=C)=O)=NN=2)C=CC=C1,0.007011297764256597
C1(=NN=C(SCC(NCCC2C=CC=CC=2)=O)N1C1C=CC(=CC=1)F)C1C2C=CC=CC=2NC=1,0.0034215614316053687
N1(CCNC(C(O)=O)C1)C(=O)C1C=C(OCC2CCC2)C=C(C(O)=O)C=1,0.005988981504924595
CN1C2N(C(=NN=2)CSC2N(C3CC3)C(C3=C(F)C=CC=C3)=NN=2)C2=C(C=CC=C2)C1=O,0.006922547495923937
C(=O)(C1=CC=C(C=C1)OCC(=O)N1CCCCC1)N(CC)CC1C=CC=CN=1,0.008970123017206788
FC1=C(C2N(C3CC3)C(SCC(N3CCN(CC(N4CCCC4)=O)CC3)=O)=NN=2)C=CC=C1,0.0058753635501489045
C1(=NN=C(SCC(=O)NC2=NN=C(C)S2)N1C1=CC=C(C=C1)F)C1C2C=CC=CC=2NC=1,0.0033830310334451497
C(C(=O)N(C)CC(OC)=O)C1C(=O)NCCN1CC1C=CC=C(OC)C=1OC,0.008254999574273825
CCS(N1C2=C(C=C(C(CSC3N(C4CC4)C(C4=C(F)C=CC=C4)=NN=3)=O)C=C2)CC1)(=O)=O,0.006023002928122878
N1=C(C)NC=C1CN(CC(C)C)CC1CCN(CC1)CC1=CC=CC=C1OC,0.007167816325090825
C1(=NN=C(SCC(=O)NC2=NN=C(CC)S2)N1C1=CC=C(C=C1)F)C1C2C=CC=CC=2NC=1,0.003431675280444324
C1(=NN=C(SC(C)C(OCC)=O)N1C1=CC=C(C=C1)F)C1C2C=CC=CC=2NC=1,0.004025565995834768
CC1=CC=C(CC(C#N)SC2N(C3CC3)C(C3=C(F)C=CC=C3)=NN=2)C=C1,0.005508727079717346
C1(=NN=C(SC(CC)C(OCC)=O)N1C1=CC=C(C=C1)F)C1C2C=CC=CC=2NC=1,0.00424743591574952
C1(=NN=C(SC(CC)C(OC)=O)N1C1=CC=C(C=C1)F)C1C2C=CC=CC=2NC=1,0.004156296607106924
CCN(C1CCCC=1)C(CSC1N(C2=CC(OC)=CC=C2)C(=O)C(=CC2=CC=C(OC)C=C2)N=1)=O,0.00620917200576514
CC1N(CCC2SC=CC=2)C(C)=C(C(CSC2OC(C3=C(F)C=CC=C3)=NN=2)=O)C=1,0.010593052580952644
C1(=NN=C(SCC(C2=CC=CC=C2)=O)N1C1C=CC(=CC=1)F)C1C2C=CC=CC=2NC=1,0.005756715009920299
N1(CCN(CC1)CC1C=CC=C(C)C=1)C(=O)CNC(C)=O,0.007814318896271289
C1(=NN=C(SCC(=O)C2C=CC(=CC=2)Cl)N1C1C=CC(=CC=1)F)C1C2C=CC=CC=2NC=1,0.004958654043730348
COC1=CC=C(C(C2=CC=CC=C2)NC(CSC2OC(C3=C(F)C=CC=C3)=NN=2)=O)C=C1,0.005607161298394203
C1(=NN=C(SCC(=O)C2C=CC(=CC=2)OC)N1C1C=CC(=CC=1)F)C1C2C=CC=CC=2NC=1,0.005526564363390207
N1([C@H](CO)C[C@@H](N(C)C)C1)C(=O)NC1C=CC=CC=1OCC,0.002362931857351214
FC1=C(C2OC(SCC3ON=C(C4=CC=C(Cl)C=C4)N=3)=NN=2)C=CC=C1,0.0052478298312053084
N1(CC(=O)NC2=CC=CC=C2)C(=O)C(CC2=CC=CC=C2)=NC(C2C=CC=CC=2)=N1,0.004808327171485871
N1=C(CNC(=O)CC(=O)NC2C=C(C)C=CC=2C)ON=C1C(C)C,0.007955172774381935
FC1=C(C2OC(SCC(NC(C3=CC=CC=C3)CC3=CC=CC=C3)=O)=NN=2)C=CC=C1,0.00601555835455656
N1(CC(=O)NC2=CC=CC=C2C)C(=O)C(CC2=CC=CC=C2)=NC(C2C=CC=CC=2)=N1,0.005107615201268345
CC1=CC=C(CC(C#N)SC2OC(C3=C(F)C=CC=C3)=NN=2)C=C1,0.004638896322670405
CCSC1OC(C2=CC=C(N(CC)CC)C=C2)=NN=1,0.008036074158735574
N1(CC(=O)NC2=CC=C(C=C2)C)C(=O)C(CC2=CC=CC=C2)=NC(C2=CC=CC=C2)=N1,0.00498497107764706
CCN(C1=CC=C(C2OC(SCC(N)=O)=NN=2)C=C1)CC,0.005729131866246462
CCN(C1=CC=C(C2OC(SCCN3C(=O)C4=C(C=CC=C4)C3=O)=NN=2)C=C1)CC,0.0038477967493236063
N1(CC(=O)NC2=CC=C(C=C2)C)C(=O)C(CC2=CC=C3C(OCO3)=C2)=NC(C2=CC=CC=C2)=N1,0.004844868648797273
C(C)(C)(NC(CNC)=O)C1=CC=CC2C=CC=CC1=2,0.008832650468684733
N1(CC(=O)NC2=CC=C(C=C2)C)C(=O)C(CC2=CC=C(C=C2)Cl)=NC(C2=CC=CC=C2)=N1,0.004433957138098776
CCN(C1=CC=C(C2OC(SC3C(=O)OCC3)=NN=2)C=C1)CC,0.005531041324138642
CCN(C1=CC=C(C2OC(SCC(NC3=CC(C(C)=O)=CC=C3)=O)=NN=2)C=C1)CC,0.008249334804713727
N1=C(CC2C=CC(=CC=2)OC)C(=O)NN=C1C1=CC=CC=C1,0.004364508856087923
CCN(C1=CC=C(C2OC(SCC(NC3=C(Cl)C=C(C)C=C3)=O)=NN=2)C=C1)CC,0.005860468698665499
C(=O)(C1=CC=CS1)NC(C)(C)C(NCCCN1CCOCC1)=O,0.005703831114806235
CCN(C1=CC=C(C2OC(SCC(N3CCCC3)=O)=NN=2)C=C1)CC,0.0076864855363965034
CCN(C1=CC=C(C2OC(SCC(NC3=C(F)C=CC(N(=O)=O)=C3)=O)=NN=2)C=C1)CC,0.003433884517289698
N1=C(CC2=CC=C(C=C2)Cl)C(=O)NN=C1C1=CC=CC=C1,0.003323367761913687
C1(C(C)=NN(C)C=1OC1C=CC(=CC=1)Cl)C1NC2=C(C=C(C=C2)N2C=NN=N2)N=1,0.0026797430182341486
C1(C=C(NN=1)COC1=CC=CC(C(C)=O)=C1)C(=O)N1CC(C1)O,0.003079563507344574
CCN(C1=CC=C(C2OC(SCC(C3=C(C)C(C(C)=O)=C(C)N3)=O)=NN=2)C=C1)CC,0.007680190564133227
C12=C(CCN(C(=O)C3=CN=C(N=C3C)C3CC3)C1)ON=C2C1C=CC=CC=1,0.009591903584077955
N1=C(CC2=CC=C(C=C2)OC(C)C)C(=O)NN=C1C1C=CC=CC=1,0.0050851249834522605
C1(CN2CCCC2C2=CC=C(C(N)=O)S2)=NC2C(=CC=CC=2)N1CC(C)C,0.006051469594240189
C1(CN(C)C(CCC2CCCN(C)C2)=O)=CC2C(=CC=CC=2)S1,0.009401088207960128
N1=C(CC2=CC=CO2)C(=O)NN=C1C1=CC=CC=C1,0.004016109509393573
CCN(C1=CC=C(C2OC(SCC(C3=CC4=C(OCCO4)C=C3)=O)=NN=2)C=C1)CC,0.010400910768657923
N1(CC2=CC=C(C(OCC)=O)O2)CC2C(=CC=CN=2)C1=O,0.008097035018727184
CCN(C1=CC=C(C2OC(SCC(C3C4=C(C=CC=C4)NC=3)=O)=NN=2)C=C1)CC,0.006935099349357187
C1(CN2CCN(C(CCO)C2)CC2C=CSC=2)=CN(N=C1C1=CC=CC=C1)C,0.006183868017978966
N1=C(CC2C=CC(=CC=2)OC)C(=O)NN=C1C1=CC=CC(Br)=C1,0.005098314932547509
CCN(C1=CC=C(C2OC(SC(C(C3=CC(Cl)=CC=C3)=O)C)=NN=2)C=C1)CC,0.010219346266239882
CCN(C1=CC=C(C2OC(SC(C(C3=CC=C(Cl)C=C3)=O)C)=NN=2)C=C1)CC,0.010457860957831144
N1(CCCC(C(NCCCN(C)C)=O)C1)C1CCN(CC1)CC1C=CN=CC=1,0.00955178178846836
CCN(C1=CC=C(C2OC(SCC(NC3=C(C#N)C4=C(CCC4)S3)=O)=NN=2)C=C1)CC,0.005286291625816375
N1N(CC2C=COC=2)C=C(CC(C)C2=CC=CC=C2)N=1,0.011436052480712533
CCOC1=C(CSC2OC(C3=CC=C(N(CC)CC)C=C3)=NN=2)C=C(C(C)=O)C=C1,0.011323937168344855
N1C(C)=NNC=1SCCNC(=O)C1=CN=C2C(C=CC=C2)=C1,0.003166814346332103
CCN(C1=CC=C(C2OC(SCC(C3=CC(OC)=C(OC)C=C3)=O)=NN=2)C=C1)CC,0.011205347999930382
C(NCCC1=CC=CC(OC)=C1)(=O)C1C=CC=C(C=1)NCC(O)=O,0.005473639559932053
CCN(C1=CC=C(C2OC(SCC3OC(C4=C(Br)C=CC=C4)=NN=3)=NN=2)C=C1)CC,0.00937417633831501
N1=C(CC2=CC=C(C=C2)OC(C)C)C(=O)NN=C1C1=CC=CC(Br)=C1,0.005912401340901851
C1(=CC=NN1C1CCN(CC1)C(=O)CC1CCCCC=1)NC(=O)NC1C=CC=CC=1OC,0.004947423422709108
CCN(C1=CC=C(C2OC(SC(C(NC3=C(Cl)C=C(F)C=C3)=O)C)=NN=2)C=C1)CC,0.0053171416278928515
N1=C(CC2C=CC=CC=2)C(=O)NN=C1C1C=CC(=CC=1)Br,0.004550513287540525
N1(CCOC2=C(C=C(C3=CC=CN=C3)C=C2C1)O)C(=O)[C@@H]1C[C@H](CN1)O,0.0014444414176978172
CCN(C1=CC=C(C2OC(SCC(C3NC=CC=3)=O)=NN=2)C=C1)CC,0.006891582952812314
N1=C(CC2C=CC(=CC=2)OC)C(=O)NN=C1C1C=CC(=CC=1)Br,0.00524979222100228
C1(=NC=CN1C(C1=CC=CO1)CC(O)=O)C1=CC(C)=CC=C1C,0.0053443688666448
N1=C(CC2=CC=C3C(OCO3)=C2)C(=O)NN=C1C1C=CC(=CC=1)Br,0.0047903107712045315
CCN(C1=CC=C(C2OC(SCC(NC3=C(Cl)C(C)=C(Cl)C=N3)=O)=NN=2)C=C1)CC,0.0053966258419677615
N1(CC2CCCCC2)C(=O)NN=C1C(O)C1C=CC=CC=1,0.0027513148263096808
N1=C(CC2=CC=C(C=C2)Cl)C(=O)NN=C1C1C=CC(=CC=1)Br,0.00413332962198183
N1=C(N2CCN(C(=O)C2)C2C=CC=CC=2)C(N2CCOCC2)=NC2=NON=C12,0.006559865921735764
CCNC(NC(C(SC1OC(C2=CC=C(N(CC)CC)C=C2)=NN=1)C)=O)=O,0.001825058419490233
C1(C(C)C)=NC=CN1CCCNC(=O)C1=CC=C(N=C1)N[C@H]1CC[C@H](CC1)N,0.005822935584001243
CCN(C1=CC=C(C2OC(SCCOC(C3=CC=CC=C3)=O)=NN=2)C=C1)CC,0.005932720401324332
C1(=COC(COC2C=CC=CC=2F)=N1)C(=O)N1CCCC(C(OCC)=O)C1,0.006411233218386769
CCN(C1=CC=C(C2OC(SC(C(NC3=CC=C(N4CCOCC4)C=C3)=O)C)=NN=2)C=C1)CC,0.006338218273594975
C(=O)(CCNC1CC2=C(C=CC=C2)C1)NC1=CC=C(C=C1)CC,0.010678526945412159
CCN(C1=CC=C(C2OC(SC(C(NCC3CCCCC3)=O)C)=NN=2)C=C1)CC,0.009499733103439212
C1(C2=CC=CC=C2OCC)=C(C2C=CC=CC=2)N=CN1CC1=NC(C)=CC(=O)N1,0.004602094693109393
CCN(C1=CC=C(C2OC(SCC3N=C(C)SC=3)=NN=2)C=C1)CC,0.007745461096055806
C12CN(CCC=1ON=C2C(C1=CC=CC=C1)C1=CC=CC=C1)C(=O)CCO,0.00606530699878931
CCN(C1=CC=C(C2OC(SCC3=CC(S(N(C)C)(=O)=O)=CC=C3)=NN=2)C=C1)CC,0.005431905156001449
C12CN(CCN1C(CNC2=O)=O)C(=O)COC1=NC=NC2C=CC=CC1=2,0.005760015128180385
CCN(C1=CC=C(C2OC(SC(C(C3=CC=C(OC)C=C3)=O)C)=NN=2)C=C1)CC,0.011722585977986455
S(=O)(=O)(C1C=CC(=C(F)C=1)F)N1CCCC(CN2C=C(N=N2)C(C)(C)N)C1,0.005282889772206545
N1=C(CC2=CC=C(C=C2)Br)C(=O)NN=C1C1C=CC(=CC=1)Br,0.005878005269914865
N1(CCCCCC1)CC(O)COC1=CC=C(C=C1OC)CNCCCN1CCOCC1,0.005777537520043552
CCN(C1=CC=C(C2OC(SC(C(NC3=NC=C(Cl)C=C3)=O)C)=NN=2)C=C1)CC,0.0047743638511747125
C12(CCN(CC1)CC1=CC(OC)=C(C(Cl)=C1)OCC=C)NCCNC2=O,0.006502642785198987
CCN(C1=CC=C(C2OC(SC(C(NC3C4=C(C=CC=C4)CCC3)=O)C)=NN=2)C=C1)CC,0.00893276473507285
C1(C(NCCC2=CC=CC(F)=C2)=O)=CN(N=N1)CC1C=CC(=CC=1)Cl,0.004791663039941341
N1=C(CC2=CC=C(C=C2)OC(C)C)C(=O)NN=C1C1C=CC(=CC=1)Br,0.006063585565425455
N1C(CCCCC)=NC=CC=1C1N=CC=C(C=1)C(O)=O,0.006014608358964324
N1=C(CC2=CC=CO2)C(=O)NN=C1C1=CC=C(C=C1)Br,0.00476973825134337
CCN(C1=CC=C(C2OC(SC(C(N3CCOCC3)=O)C)=NN=2)C=C1)CC,0.007109333341941237
C1(=CC=CC=C1OC)CN(CCC)CC1=CC=CC(OCCO)=C1,0.007938376627862453
N1=C(CC2C=CC=CC=2)C(=O)NN=C1C1=CC=CC(=C1)N(=O)=O,0.002046189573593438
CCN(C1=CC=C(C2OC(SCC(N(C3CS(=O)(=O)CC3)CC)=O)=NN=2)C=C1)CC,0.005976073816418648
N1(CCC(CC1)CN(C)CC1CCOC(C)(C)C1)CCC1=CC=C(C=C1)OC,0.023243198357522487
CCN(C1=CC=C(C2OC(SC(C#N)C)=NN=2)C=C1)CC,0.004799043972593608
C1(=NC=CC=C1CNC(CC1=CC=CN=C1)=O)N(C)C1CCCCC1,0.007957615330815316
CC(C(NCC1SC(C(CSC2=C3C(SC=C3)=NC=N2)=O)=CC=1)=O)(C)C,0.010307686123996972
C1(C#N)=C(C2C=NC(=NC=2)C(C)C)C=C(N=C1N)C1C=CC(=CC=1F)OC,0.004476575437001884
CCN(C1=CC=C(C2OC(SC3C(=O)N(C(C4=CC=C(Cl)C=C4)=O)CCCC3)=NN=2)C=C1)CC,0.0032891342765651644
N1=C(CC2C=CC=CC=2)C(=O)NN=C1C1C=CC(=CC=1)OC,0.00434415478957817
C12C(C3C=CC(=NC=3)OC)CC(NC=1NN=C2C(C)(C)C)=O,0.004765163618139922
CCN(C1=CC=C(C2OC(SCC3=CC(S(N4CCOCC4)(=O)=O)=CC=C3)=NN=2)C=C1)CC,0.004546122183091939
C1(CCCN(CCC2=CC=CC=C2)C1=O)(O)CN1CCN(CC1)C1CCCC1,0.011320979753509163
CCN(C1=CC=C(C2OC(SCC3ON=C(C4=C(OC)C=CC=C4)N=3)=NN=2)C=C1)CC,0.00856316862627864
N1=C(CC2=CC=C3C(OCO3)=C2)C(=O)NN=C1C1C=CC(=CC=1)OC,0.004418507148511708
S(=O)(=O)(NCC1CCCN(CC2=CC=C(C)O2)C1)C1=CC=CC2C=CC=NC1=2,0.0049839541781693695
CCN(C1=CC=C(C2OC(SCC(N3CCN(CC4=CC(C)=CC=C4)CC3)=O)=NN=2)C=C1)CC,0.007276065833866596
CCN(C1=CC=C(C2OC(SCC3N=C4N(C=CC=C4C)C=3)=NN=2)C=C1)CC,0.005878064455464483
N1=C(CC2=CC=C(C=C2)Cl)C(=O)NN=C1C1C=CC(=CC=1)OC,0.0038443758501671256
C1(C(F)(F)F)=NN=C(N2CCN(CC2)CC2=CNC(C)=N2)S1,0.0013017623889027164
N1=C(CC2=CC=C(C=C2)Br)C(=O)NN=C1C1C=CC(=CC=1)OC,0.005216402397491038
CCN(C1=CC=C(C2OC(SCCCN3C(=O)C4=C(N=CN4C)N(C)C3=O)=NN=2)C=C1)CC,0.005109532596543431
N1=C(CC2=CC=C(C=C2)OC(C)C)C(=O)NN=C1C1C=CC(=CC=1)OC,0.005514061893336475
CCN(C1=CC=C(C2OC(SC(C(C3=CC4=C(OCC(N4)=O)C=C3)=O)C)=NN=2)C=C1)CC,0.008110986091196537
CCN(C1=CC=C(C2OC(SC(C3NC(=O)C4=C(C=CC=C4)N=3)C)=NN=2)C=C1)CC,0.004446458001621067
CCN(C1=CC=C(C2OC(SCC(NC(C3=CC(Cl)=CC=C3)C)=O)=NN=2)C=C1)CC,0.005969122610986232
N1=C(SC)N=CC=C1N1CC2=C(C=NC(C(C)(C)C)=N2)C1,0.01223600199446082
CCN(C1=CC=C(C2OC(SCC(NC(C3=CC4=C(OCO4)C=C3)C)=O)=NN=2)C=C1)CC,0.007261701906099915
CCN(C1=CC=C(C2OC(SCC3N=C(N(C4=CC=CC=C4)C(C)=O)SC=3)=NN=2)C=C1)CC,0.007578309415839613
CCN(C1=CC=C(C2OC(SCC3N=C(C4=CC(OC)=C(OC)C=C4)SC=3)=NN=2)C=C1)CC,0.007938929088413715
C1(C2=CC=CC=C2OC)=NNC(C(CC2C=CC=CC=2)=N1)=O,0.004498636769130826
CCN(C1=CC=C(C2OC(SCC(N(C3CCCC=3)CC)=O)=NN=2)C=C1)CC,0.010526010813191534
C1(C2=CC=CC=C2OC)=NNC(C(CC2C=CC(=CC=2)OC)=N1)=O,0.004782306065317243
ClC1=CC=C(C2N=C(COC(CNC3C4=C(C=CC=C4)S(=O)(=O)N=3)=O)ON=2)C=C1,0.003870293463114649
N1(CCC2C(=CC=CC=2)C1)C1=NC=CC=C1CNC(=O)CC1CCC(=O)N1,0.005735638551414013
C1(C2=CC=CC=C2OC)=NNC(C(CC2=CC=C3C(OCO3)=C2)=N1)=O,0.004608511796686798
C12C(CC(NC1=NNC=2C1CCC1)=O)C1=CC=CC(OCC)=C1O,0.0037716194172389807
CC1N(CCC2SC=CC=2)C(C)=C(C(CSC2OC(C3OC=CC=3)=NN=2)=O)C=1,0.013670546747744084
N1(C2C=CC=C(C)C=2)N=C(N=C1CNC(C1=CC=CC=C1)=O)C,0.006165904016233981
C1(C2=CC=CC=C2OC)=NNC(C(CC2=CC=C(C=C2)Cl)=N1)=O,0.003989601111970842
C1(C2=CC=CC=C2OC)=NNC(C(CC2=CC=CC(=C2)N(=O)=O)=N1)=O,0.002601371967466548
N1(CCC(CC1)N(C)CCC(NC)=O)C1=CC=CC(C)=C1C,0.00954382480122149
ClC1=CC=C(C2N=C(CSC3OC(C4OC=CC=4)=NN=3)ON=2)C=C1,0.0073749268194660544
N1(CC2CC2)C(=O)CCN(C(=O)NC2C=CC=C(C=2)C#N)CC1C(C)C,0.005275024008005858
C1(C2=CC=CC=C2OC)=NNC(C(CC2=CC=C(C=C2)Br)=N1)=O,0.00535036635119468
C1(N2CCN(CC2)CC(C)=CC2=CC=CO2)N(CCO)C2=C(C=CC=C2)N=1,0.003395369602367282
O=C(N1CCCC1)CN1CCN(C(CSC2OC(C3OC=CC=3)=NN=2)=O)CC1,0.007597407372668385
C(=O)(C1CCN(CC1)CC1=CC=CC(F)=C1)NC1C=CC(=NC=1)OC1C=CC=CC=1,0.005396621651016176
O=C(NC(C1=CC=CC=C1)CC1=CC=CC=C1)CSC1OC(C2OC=CC=2)=NN=1,0.008159989910200238
S(=O)(=O)(N1CCCC(C1)C(=O)C1C=CC=C(Cl)C=1)C1C=CC(=CC=1F)F,0.006913785450160503
N1=C(CC2C=CC=CC=2)C(=O)NN=C1C1C=CC(=CC=1)OCCCC,0.0047840634477324786
N1=C(CNC(C(C)C)CN2C=CN=C2)ON=C1C1C=CC=CC=1C,0.006374453078024089
CCS(N1C2=C(C=C(C(CSC3OC(C4OC=CC=4)=NN=3)=O)C=C2)CC1)(=O)=O,0.0080640253610909
N1(C2C=CC(=CC=2)NC(=O)C2CCN(CC2)C2CCOCC2)C=NN=N1,0.004500369098968804
N1=C(CC2=CC=C(C=C2)Br)C(=O)NN=C1C1C=CC(=CC=1)OCCCC,0.005611110222525894
N1C(C2CCCN(C)C2)=CC(NC=1C1C=CC(=C(Cl)C=1)Cl)=O,0.004124506050720811
CC(NCC1SC(C(CSC2OC(C3OC=CC=3)=NN=2)=O)=CC=1)=O,0.008913348522037267
N1=C(C)ON=C1CN1CCC(CC1)N1CCCC(C1)C(=O)N1CCOCC1,0.011176823591813444
CN1C2N(C(=NN=2)COC(CCNC(C2=CC=C(Cl)C=C2)=O)=O)C2=C(C=CC=C2)C1=O,0.007842318410985172
C12=C(C)N(N=C1NC(=O)CC2C1=C(C)C=C(C(CN2C=NC=N2)=C1)C)CC,0.007923672604374588
CC(C(OCC1N2C(N(C(C3=C2C=CC=C3)=O)C)=NN=1)=O)NS(C1=CC=C(Cl)C=C1)(=O)=O,0.00487412626389414
N1=C(CNCCNC(C)=O)ON=C1CC1C=CC=CC=1F,0.0038611134397797285
N1=C(CC2C=CC(=CC=2)OC)C(=O)NN=C1C1C=CC(=CC=1)OCC(C)C,0.006208118121139705
N1=C(CC2=CC=C(C=C2)Br)C(=O)NN=C1C1C=CC(=CC=1)OCC(C)C,0.006806544214487076
C(=O)(C1CCN(CC1)CC1=CC=C(CO)O1)NC1=CC=C(C=C1)C1C=CC=C(C)C=1,0.004841468343511224
C1(=NC=C(CN(C)C2CCCCC2)N1CC(C)C)S(=O)(=O)CC1CCCO1,0.010228651016950608
CC(CC(C1=CC=CC=C1)NC(COC(C(NS(C1=CC=C(C)C=C1)(=O)=O)C)=O)=O)C,0.007408035011030734
CC(NCC1SC(C(CSC2N(C3CCCC3)C(=O)C3=C(C=CC=C3)N=2)=O)=CC=1)=O,0.008437745133414864
N1=C(CC2C=CC(=CC=2)OC)C(=O)NN=C1C1C=CC(=CC=1)C,0.004749257583171129
C1(OC(=NN=1)CCC(=O)N(CCO)CC1=CC=CS1)C1C=CSC=1,0.0037780340877361595
O=C1C2=C(C=CC=C2)C(=O)N1CCCSC1N(C2CCCC2)C(=O)C2=C(C=CC=C2)N=1,0.0048806854756549
C12CN(CCC=1N(N=C2CO)CC)C1C=C(C2CCCNC2)N=C(C)N=1,0.0041695315041579304
N1=C(CC2=CC=C3C(OCO3)=C2)C(=O)NN=C1C1C=CC(=CC=1)C,0.004350054019596428
C1(C#N)C(N)=NC(=CC=1C1=CC=CC(OC)=C1)C1=CC(=CS1)CC(O)=O,0.003227696975227445
CCN(C1CCCC=1)C(CSC1N(CC2=CC=CC=C2)C(C2=CC=NC=C2)=NN=1)=O,0.01011673677712679
C1(C(=O)N2CCN(CC2)CC2=CC=CC=N2)NN=C2CCC(C)CC=12,0.0066741806454956535
ClC1=C(CN2CC(CSC3N(CC4=CC=CC=C4)C(C4=CC=NC=C4)=NN=3)OCC2)C=CC=C1,0.007881785277277231
N1=C(CC2C=CC(=C(OC)C=2)OC)C(=O)NN=C1C1C=CC(=CC=1)C,0.005139896715991199
N1(CC)C(CC2CCNCC2)=NN(CC2=CSC=N2)C1=O,0.00510061455424875
CC(NCC1SC(C(CSC2N(CC3=CC=CC=C3)C(C3=CN=CC=C3)=NN=2)=O)=CC=1)=O,0.007979708118364215
N1(CCOC2=CC=CC=C12)C(=O)CN1CCOC(C1)C(F)(F)F,0.005354672460816801
CC1=CC=C(CC(C#N)SC2N(CC3=CC=CC=C3)C(C3=CN=CC=C3)=NN=2)C=C1,0.006407880028291402
CC1N(CC2=CC=CC=C2)C(SCC(NC2SC3=C(C(=CC(=C3)C)C)N=2)=O)=NN=1,0.006778107839636505
N1(CC2CC2)C(C(C)C)CN(CCC1=O)CC1=CC=C2C(OCCO2)=C1,0.014627928985282779
CCN1C(=O)N(CC2=CC=CC=C2)C(N)=C(C(CSC2N(CC3=CC=CC=C3)C(C)=NN=2)=O)C1=O,0.00688073793426156
N1=C(CC2=CC=C(C=C2)Br)C(=O)NN=C1C1C=CC(=CC=1)C,0.004907537950202823
N1C(C)=NC(=CC=1C(NCCC(=O)NC1C=CC=CC=1OC)=O)C,0.005254537484142929
CC1N(CC2=CC=CC=C2)C(SCC2ON=C(C3=CC=C(Cl)C=C3)N=2)=NN=1,0.007922375272028149
N1=C(CC2=CC=CO2)C(=O)NN=C1C1=CC=C(C=C1)C,0.004273078578989953
C(=O)(C1C=CC=C(OC)C=1)C1CCCN(CC2=CN=C(N=C2)N)C1,0.0070769177749752995
CC1N(CC2=CC=CC=C2)C(SCC(N2CCN(CC(N3CCCC3)=O)CC2)=O)=NN=1,0.008301740908063949
C(=O)(N(C)CC1CCN(CC1)CCC1=CC=CC(F)=C1)C=CC1C=CN=CC=1,0.007843200978823007
C1(CN(C(C)C)C(=O)C2(CCC2)COC)C(C)=NN(C)C=1C,0.016353391809388995
CCS(N1C2=C(C=C(C(CSC3N(CC4=CC=CC=C4)C(C)=NN=3)=O)C=C2)CC1)(=O)=O,0.00786878722719848
C1(C2=CC(O)=C3C(CN(CCCCO)CCO3)=C2)SC2=C(C=CC=C2)N=1,0.0025694424752146006
CC1N(CC2=CC=CC=C2)C(SC(C#N)CC2=CC=C(C)C=C2)=NN=1,0.007722986029455115
C1(C(C)=NC(=NC=1C)N)CC(=O)N1CCCC2(CCNC2)C1,0.0049112556967884306
ClC1=CC=C(C2N=C(CSC3N(CC4=CC=CC=C4)C(C4CC4)=NN=3)ON=2)C=C1,0.00864475746639073
C12SC3=C(C=CC=N3)C=1N=CN(CC(=O)NC1C=CC(=CC=1)C(C)C)C2=O,0.004462556925136596
C12SC3=C(C=CC=N3)C=1N=CN(CC(=O)NC1=CC=C(C(Cl)=C1)OC)C2=O,0.003607497236225754
C12CCN(CC=1N=C(C1=CC=CC=N1)NC2=O)C(=O)CCN1C=CN=C1CC,0.0037297277012839913
CC(CC(C1=CC=CC=C1)NC(CSC1N(CC2=CC=CC=C2)C(C2CC2)=NN=1)=O)C,0.01125364825129509
C1(NN=C(C2CC2)C=1)C(=O)N1CCCC(C1)C1ON=C(CC(C)C)N=1,0.006922341254539788
COC1=C(F)C=C(C(CSC2N(CC3=CC=CC=C3)C(C3CC3)=NN=2)=O)C=C1,0.011289945989847183
C12SC3=C(C=CC=N3)C=1N=CN(CC(=O)NC1=CC=CC(Cl)=C1)C2=O,0.0032780068344436587
C(=O)(N(C)CCCOC1=CC(C)=CC(C)=C1)[C@@H](N)CC1=CNC=N1,0.004506795853376389
C12SC3=C(C=CC=N3)C=1N=CN(CC(=O)NC1C=CC(=CC=1)Cl)C2=O,0.003303388843778521
C1(CN2CCC(CC2)N2CCCC(C(NCCOC)=O)C2)N(CC)N=CN=1,0.007068959739990532
C12SC3=C(C=CC=N3)C=1N=CN(CC(=O)NC1=CC=C(C=C1C)C)C2=O,0.0043542789877392355
O=C(N1CCCC1)CN1CCN(C(CSC2N(CC3=CC=CC=C3)C(C3CC3)=NN=2)=O)CC1,0.008536572568118572
C12CCN(CC=1N=CN=C2N(C)C)C(=O)C(C)(C)C1C=CC=CC=1,0.0089211399666965
CCN(C1CCCCC=1)C(CSC1N(CC2=CC=CC=C2)C(C2CC2)=NN=1)=O,0.013022428378462791
C1(=NN=C(CC2C=CC=C(C)C=2)S1)NC(=O)N(C)CC1ON=C(CC)N=1,0.004449629422742874
C12SC3=C(C=CC=N3)C=1N=CN(CC(=O)NC1=CC=CC=C1F)C2=O,0.0036910938331857325
CC(C1=CC=C(C2N=C(CSC3N(CC4=CC=CC=C4)C(C4CC4)=NN=3)ON=2)C=C1)C,0.011572228837758302
C1(CCCN(CC2C=CC(=CC=2)C(C)C)C1=O)(O)CN1CCCC1,0.012472475878894329
C12SC3=C(C=CC=N3)C=1N=CN(CC(=O)NC1C=C(C)C=C(C)C=1)C2=O,0.004365755955222994
CC(NCC1SC(C(CSC2N(CC3=CC=CC=C3)C(C3CC3)=NN=2)=O)=CC=1)=O,0.009857453079894185
N1(CC2C=CC=CC=2)CCC(CCC1=O)N1CCC(CC1)(CO)O,0.005025799991562963
CC1=CC=C(CC(C#N)SC2N(CC3=CC=CC=C3)C(C3CC3)=NN=2)C=C1,0.008806002405992785
COC1=CC2=C(C(C3=CC=CC=C3)=CC(=N2)SCC(C2SC(CNC(C)=O)=CC=2)=O)C=C1,0.00768817299976945
C12SC3=C(C=CC=N3)C=1N=CN(CC(=O)NC1C=C(OC)C=C(OC)C=1)C2=O,0.00397611876251176
COC1=C(F)C=C(C(CN2C(=O)C(C3=CC=CC=C3)(CC3=CC=CC=C3)NC2=O)=O)C=C1,0.00436768049839884
C1(C(C)=NOC=1C)C(=O)NC1CN(C(=O)C1)CC1=CC=CC(F)=C1,0.005665233545005322
O=C(N(C1CCCCC=1)C1CC1)CN1C(=O)C(C2=CC=CC=C2)(CC2=CC=CC=C2)NC1=O,0.0038614817894995213
C12SC3=C(C=CC=N3)C=1N=CN(CC(=O)NC1=CC=CC(F)=C1)C2=O,0.003311399556696415
CCN(C1CCCCC=1)C(CN1C(=O)C(C2=CC=CC=C2)(CC2=CC=CC=C2)NC1=O)=O,0.003931014053523541
N1(CC2CC2)C(=O)CCN(C(=O)C2C(C)=CC(=C(C)C=2)C)CC1C(C)C,0.017038547713309527
C12SC3=C(C=CC=N3)C=1N=CN(CC(=O)NC1C=CC(=CC=1)C(OC)=O)C2=O,0.003943857236299664
S(C)(=O)(=O)N1CCC(CC1)OC1=CC=CC=C1C(=O)N(C)CC(OC)=O,0.006201154342852533
C12SC3=C(C=CC=N3)C=1N=CN(CC(=O)NC1=CC=C(C=C1)OCC)C2=O,0.003958932554814965
N(C(C)=O)C1C=CC(=CN=1)C=CCCC,0.006393058504909277
C12SC3=C(C=CC=N3)C=1N=CN(CC(=O)NC1C=CC(=CC=1)C(OCC)=O)C2=O,0.004053480282891542
CC(NCC1SC(C(CN2C(=O)C(C3=CC=CC=C3)(CC3=CC=CC=C3)NC2=O)=O)=CC=1)=O,0.0031673194956965745
N12N=C(SC1=NN=C2C1CC1)CCCC1=CC=CS1,0.010996009316295385
FC1=C(NC(COC2=C(C(OCCCN3C(=O)C4=C(C=CC=C4)C3=O)=O)C=CC=C2)=O)C=CC=C1,0.003698685031849891
C12SC3=C(C=CC=N3)C=1N=CN(CC(=O)NC1=CC=CC=C1CC)C2=O,0.004467568593099713
CC1=C2C(C=CC=C2)=NC(SCC(N(C2CS(=O)(=O)CC2)CC2OCCC2)=O)=C1,0.007483049924485385
C1(CCCN(C2=CC=NC(C)=N2)C1)(CC=CC1C=CC=CC=1)C(O)=O,0.006154350540600717
ClC1=CC=C(C2N=C(CSC3=C4C(SC=C4)=NC=N3)ON=2)C=C1,0.0052572334418073295
C12SC3=C(C=CC=N3)C=1N=CN(CC(=O)NC1=CC=CC=C1C(OCC)=O)C2=O,0.0043797618709504604
N1=C(C2=CC=CC(=C2)C(F)(F)F)OC(C)=C1CN(C)CC1NC=CN=1,0.0015001602674601599
COC1=C(F)C=C(C(CSC2=C3C(SC=C3)=NC=N2)=O)C=C1,0.01033091708086431
C12SC3=C(C=CC=N3)C=1N=CN(CC(=O)NC1=CC=CC=C1C(OC)=O)C2=O,0.00428149892250076
N1(C2=CC=CC3C=CC=CC2=3)C(SCC(O)=O)=NN=C1C(C)OC,0.007648099702782929
O=C(N1CCCC1)CN1CCN(C(CSC2=C3C(SC=C3)=NC=N2)=O)CC1,0.005699643399566412
N1C=CN(CCCN(CC2=CC=CN=C2)CC2C=COC=2)C=1,0.009852725127711893
C12SC3=C(C=CC=N3)C=1N=CN(CC(=O)NC1=CC=C(C=C1F)Br)C2=O,0.004354921216145158
C12=C(CCN(C(NCCCC)=O)C1)ON=C2C1C=CC2=C(OCO2)C=1,0.004592059389688074
C12SC3=C(C=CC=N3)C=1N=CN(CC(=O)NC1=CC=CC(C(C)=O)=C1)C2=O,0.0056911223800852895
C1(C(CC)=NOC=1C)C(=O)NC1CCCN(C2CCN(CC2)C)C1,0.009837874909862876
C12SC3=C(C=CC=N3)C=1N=CN(CC(=O)NC1=CC=C(C=C1)C(C)=O)C2=O,0.00577360016759485
CCS(N1C2=C(C=C(C(CSC3=C4C(SC=C4)=NC=N3)=O)C=C2)CC1)(=O)=O,0.006720340671017766
N1(CC[C@H]([C@H](O)C1)C1=CC=C2C(C=CC=C2)=C1)CC1=CN=C(N=C1)C,0.0028332491870969533
ClC1=C(CN2CC(CSC3=C4C(SC=C4)=NC=N3)OCC2)C=CC=C1,0.0066107005113735795
N1(CC(C)(C)CN(C)C)C=NC(C2C=CC=CC=2)=C1C1=CC=NC=C1,0.012179595418274403
C12SC3=C(C=CC=N3)C=1N=CN(CC(=O)NC1C(F)=CC=C(F)C=1)C2=O,0.0032606473308987916
C1(CN2CCN(CC2)C(=O)C(C)(C)C)=CC2=CC(C)=CC=C2NC1=O,0.005619638087227941
C12SC3=C(C=CC=N3)C=1N=CN(CC(=O)NC1=CC=CC3=CC=CC=C13)C2=O,0.0042097743251360955
CC(NCC1SC(C(CSC2=C3C(SC=C3)=NC=N2)=O)=CC=1)=O,0.007840318093076348
C12CN(CCC=1NN=C2CSC1C=CC=CC=1)C1=CC=NC(C)=N1,0.004665535944513977
C12SC3=C(C=CC=N3)C=1N=CN(CC(=O)NC1=CC=CC=C1C)C2=O,0.004093570646364242
CC1=CC=C(CC(C#N)SC2=C3C(SC=C3)=NC=N2)C=C1,0.005077353964179565
C(F)(F)(F)C1C=CC=C(C=1)OC1=NC=CC=C1CNC(C(CC)O)=O,0.0018728490511421114
C1(C(C)=NOC=1C)CN(C)C(=O)CN1CCN(CC1)C1=CC=CC(C)=C1,0.009289102419279516
C12SC3=C(C=CC=N3)C=1N=CN(CC(=O)NC1=CC=C(C(C)=C1)C)C2=O,0.00427097111241892
O=C(N(C1CCCCC=1)C1CC1)CN1C(=O)C2(C3=C(C=CC=C3)OCC2)NC1=O,0.003380051616113633
N(CC1CCN(CC1)CC1=CC=CC=C1F)(CC1CCCO1)C(=O)CCOC,0.00947708315216005
CCN(C1CCCCC=1)C(CN1C(=O)C2(C3=C(C=CC=C3)OCC2)NC1=O)=O,0.0036920397658832373
N1C(C)=C(C2C=C(C)C=C(CNC(CCCN3CCCC3)=O)C1=2)C,0.007692890218459069
C12SC3=C(C=CC=N3)C=1N=CN(CC(=O)NC1=C(OC)C=CC(OC)=C1)C2=O,0.004148874501697719
C1(C=C(C(C)C)N=C(N)C=1C#N)C1=CC=CC(OC)=C1OCCN1C=CN=C1,0.0042998531484045085
C12SC3=C(C=CC=N3)C=1N=CN(CC(=O)NC1=CC=C(C(OC)=C1)OC)C2=O,0.004362338688224554
CCN(C1CCCC=1)C(CN1C(=O)C2(C3=C(C=CC=C3)OCC2)NC1=O)=O,0.0035017923801206052
C12SC3=C(C=CC=N3)C=1N=CN(CC(=O)NC1=CC=C(C(F)=C1)F)C2=O,0.0036420584539882837
CCS(N1C2=C(C=C(C(CN3C(=O)C4(C5=C(C=CC=C5)OCC4)NC3=O)=O)C=C2)CC1)(=O)=O,0.0030914235627278685
C12SC3=C(C=CC=N3)C=1N=CN(CC(=O)NC1=CC=C(C=C1)OC)C2=O,0.0038647525012493133
CC(NCC1SC(C(CN2C(=O)C3(C4=C(C=CC=C4)OCC3)NC2=O)=O)=CC=1)=O,0.0032094940776005386
CC1N(CCC2SC=CC=2)C(C)=C(C(COC(CC(C2=CC=C(Cl)C=C2)NC(N)=O)=O)=O)C=1,0.00608316867146641
NC1=C(C#N)C=NC(SCC(N2C(C3OC=CC=3)CC(C3SC=CC=3)=N2)=O)=N1,0.0042445091181434694
C(=O)(C1=CC=C(C=C1)C(C)=O)N(CCCO)CC1=CC=C(C)S1,0.008031739667057992
NC1=C(C#N)C=NC(SCC(N2C(C3OC=CC=3)CC(C3OC4=C(C=CC=C4)C=3)=N2)=O)=N1,0.004683038755320013
C12SC3=C(C=CC=N3)C=1N=CN(CC(=O)NC1=CC=C(C=C1)C)C2=O,0.0038983405684120953
NC1=C(C#N)C=NC(SCCN2S(=O)(=O)C3=C(C=CC=C3)C2=O)=N1,0.0036080167163163425
ClC1=CC=C(C2N=C(CSC3N(CC4=CC=CC=C4)C(=O)NN=3)ON=2)C=C1,0.0031140962382778525
C1(C(=O)N2CCCC2)C=C2N(CCN(CC3=CC=C(C(OCC)=C3)O)C2)N=1,0.00591802264098078
O=C(N1CCN(C(C2SC=CC=2)=O)CC1)CSC1N(CC2=CC=CC=C2)C(=O)NN=1,0.0032188628683798015
C1(C2C=CC=CC=2C2C=CC=C(C(C)=O)C=2)SC(=NN=1)C,0.015599637385457754
C12SC3=C(C=CC=N3)C=1N=CN(CC(=O)NC1=CC=C(C=C1C(F)(F)F)Cl)C2=O,0.0029134401120245457
CC(C(N(CC1=CC(F)=CC=C1)C)=O)SC1=CC2=C(OCCO2)C=C1,0.007348895282484591
C1(NC=NC=1C1=CC=CC=C1)C1=CC=CC(=C1)C1C=CNN=1,0.004272987821605056
C12SC3=C(C=CC=N3)C=1N=CN(CC(=O)NC1=CC=CC(SC)=C1)C2=O,0.0037609175429679453
N#CC(SC1N(C2=CC=CC=C2)C(C2OC=CC=2)=NN=1)CC1=CC=CC=C1,0.007095132762117373
C12SC3=C(C=CC=N3)C=1N=CN(CC(=O)NC1C=CC(=CC=1)Br)C2=O,0.00437793000601232
O=C(N1CCCC1)CN1CCN(C(CSC2N(C3=CC=CC=C3)C(C3OC=CC=3)=NN=2)=O)CC1,0.008077490865252912
C12C(C)=NOC=1N=C(C)C=C2C(=O)NCC1=CC=CN=C1N1CCCC(O)C1,0.00227615560288541
CCN(C1CCCC=1)C(CSC1N(C2=CC=CC=C2)C(C2OC=CC=2)=NN=1)=O,0.011762341530993582
S(=O)(=O)(CCNCCC(=O)NC1C=C(C)C=C(C)C=1)N(C)C,0.004232783883344382
CCS(N1C2=C(C=C(C(CSC3N(C4=CC=CC=C4)C(C4OC=CC=4)=NN=3)=O)C=C2)CC1)(=O)=O,0.0076545252930372955
C1(C2C=CC=CC=2N(C)N=1)C(=O)N1CCC(CC1)C1=NN(C(=O)N1CC)C,0.006794934906065464
C12SC3=C(C=CC=N3)C=1N=CN(CC(=O)NC1=CC=C(C=C1)CC)C2=O,0.00432821117574349
C1(C(=O)N(C)CCN2CCCCC2C)C=C(ON=1)CN1CCOCC1,0.010960680944845081
C12SC3=C(C=CC=N3)C=1N=CN(CC(=O)NC1=CC=C(C=C1Cl)F)C2=O,0.0034187749843113124
C1(=O)C(CCCN1CC1=CC=CC(C)=C1)(O)CNC(CO)CO,0.005264340480789542
CC(NCC1SC(C(CSC2N(C3=CC=CC=C3)C(C3=CC=NC=C3)=NN=2)=O)=CC=1)=O,0.008075263723731041
N1=C(CNC(=O)NC2=NN(C=N2)CC)ON=C1C1=CC=CC=N1,0.0024871443514712156
C12SC3=C(C=CC=N3)C=1N=CN(CC(=O)NC1=CC(OC)=C(C(OC)=C1)OC)C2=O,0.00471490053460002
S(=O)(=O)(C1=CC=C2C(C=CC(=O)O2)=C1)N1CCC2(CCCNC2)C1,0.004612512700259685
C12SC3=C(C=CC=N3)C=1N=CN(CC(=O)NC1=CC=CC=C1C(F)(F)F)C2=O,0.0031315750908106565
C1(CCCN(CC2C=CC(=CC=2)C(C)C)C1=O)(O)CN(C)CCC,0.01536585814319551
C12SC3=C(C=CC=N3)C=1N=CN(CC(=O)NC1=C(C)C=CC=C1C)C2=O,0.004574910516384989
C1(=CC=NN1C1CCN(CC1)C(=O)NC(C)CC)NC(=O)C1C=CC=CC=1C,0.004236552608199417
CC1=CC2=C(N=C(S2)NC(CSC2N(C)C(C3=CC=NC=C3)=NN=2)=O)C(C)=C1,0.006295304954983294
CN1C(C2=CC=NC=C2)=NN=C1SCC(NC1=C(C(N)=O)C=C(C2=CC=CC=C2)S1)=O,0.0052869085688143965
N1(CCN(C(C)C1)C1CCN(CC1)CC1=CC=CC=N1)C1=CC=CC=C1C,0.012308365292847156
C12SC3=C(C=CC=N3)C=1N=CN(CC(=O)NC1C(C)=CC=C(F)C=1)C2=O,0.003647275420371443
C1(=CC(=NN1C)CCC)C(=O)N1CCC(CC1)C1NN=CC=1C1C=CC=C(C)C=1,0.006134007172659039
N1(CCN(CC1CCO)CC1=CC=C(COC)O1)C/C=C(\C)/C,0.00607326440513134
CN1C(C2=CC=NC=C2)=NN=C1SCC(NCCOC1=CC=CC=C1)=O,0.006101369950920343
N1C(NCC2C=C(NN=2)COC)=C(C)C(=NC=1N(C)C)C,0.003916865342762321
COC1=C(F)C=C(CN2CCN(C(CSC3N(C)C(C4=CC=NC=C4)=NN=3)=O)CC2)C=C1,0.00615802074316889
C(#CC1C=CC=CC=1)C(=O)N1CCCC(C1)CCC(=O)N(C)CCC1C=CC=CN=1,0.009270646050572396
N1(C=CN=C1C(C)C)C(C)C(NCCC1=CSC2=NCCCN21)=O,0.005103004048578441
C12SC3=C(C=CC=N3)C=1N=CN(CC(=O)NC1=CC=C(C(Cl)=C1)C)C2=O,0.003524827875662595
C1(N(C)N=CN=1)C1C(C)=CN=C(NCCC2=CC=CC(OC)=C2)N=1,0.0071769822388887405
CN1C(C2=CC=NC=C2)=NN=C1SCC(N(C1CCCCC=1)C1CC1)=O,0.01117430287413299
N1(CCC2(CC1)NCCNC2=O)C1=NC=CC(=C1)C(=O)NC1CC1,0.004464638978242874
C12SC3=C(C=CC=N3)C=1N=CN(CC(=O)NC1C(C)=CC(=CC=1C)C)C2=O,0.004845344705972821
C1(=CC=NN1C1CCN(CC1)CC1C=NN(C)C=1C)NC(=O)C1C=CC=CC=1OC,0.006835437030531466
C12SC3=C(C=CC=N3)C=1N=CN(CC(=O)NC1=CC=C(C(C)=C1)Br)C2=O,0.004626995790749789
CC(NCC1SC(C(CSC2N(C)C(C3=CC=NC=C3)=NN=2)=O)=CC=1)=O,0.008859977358952165
N1(CCOCC1)C1CCCNC1,0.013532992592081428
CN1C(C2=CC=NC=C2)=NN=C1SCC(C1SC(CNC(C(C)(C)C)=O)=CC=1)=O,0.010216413764283061
C1(OC2=CC=CC=C2CN2CCOCC2)N=C(C)C=CC=1C#N,0.005454400088638067
C12SC3=C(C=CC=N3)C=1N=CN(CC(=O)NC1=CC=CC(=C1)C(F)(F)F)C2=O,0.0031022839713841675
C1(=NC=NC(N(C)C)=C1)N1CCN(CC1)CCC(N)=O,0.004692738049197942
C12SC3=C(C=CC=N3)C=1N=CN(CC(=O)NC1=CC=CC=C1OC)C2=O,0.0041014636750333015
N1C(N)=NC2C(=CC(=CC=2)C(O)=O)C=1NC[C@H]1CCCO1,0.002564227971015498
C12SC3=C(C=CC=N3)C=1N=CN(CC(=O)NC1=CC=CC(CC)=C1)C2=O,0.00431425612187013
CC1N(CCC2SC=CC=2)C(C)=C(C(CSC2N(C)C(C3=CC=CC=C3)=NN=2)=O)C=1,0.014687671139836312
N1C=NNC=1SCCNC(=O)C1=CC=CC=C1OCC(C)=C,0.004107480146922171
CC1C(=O)N(CC2N3C(N(C(C4=C3C=CC=C4)=O)C)=NN=2)C(=O)N1C1=CC=C(F)C=C1,0.00252219766844064
C12SC3=C(C=CC=N3)C=1N=CN(CC(=O)NC1C(Cl)=CC=C(C=1)C(F)(F)F)C2=O,0.0030060829827561974
CC1C(=O)NC2=C(C=CC(C(OCC3ON=C(C4=CC=C(Cl)C=C4)N=3)=O)=C2)S1,0.004792711162008345
C12SC3=C(C=CC=N3)C=1N=CN(CC(=O)NC1=C(OC)C=C(C(Cl)=C1)OC)C2=O,0.003833347279578447
C1(C(NCCNC2=CC(C)=CC=N2)=O)=NN=C2CCCCCN12,0.0038210276863537727
ClC1=CC2=C(C(N(C(=N2)SCC2OC(=O)NC2)C2CCCCC2)=O)C=C1,0.004693170334212482
S(=O)(=O)(C1=CC=C(C=C1)F)C1(CCN(CC1)CC(C)(C)C)CC(OCC)=O,0.00996858235448599
COC1=C(OC)C=C(C2(C(=O)N(CC(N3CCN(C(C4SC=CC=4)=O)CC3)=O)C(=O)N2)C)C=C1,0.0024182218650821595
COC1=C(OC)C=C(C2(C(=O)N(CC(N(C3CCC(C)CC3)C)=O)C(=O)N2)C)C=C1,0.0042150894878432155
CCCN1C(=O)NN=C1SCC1ON=C(C2=CC=C(Cl)C=C2)N=1,0.002798622415866703
C(NCCCC1=CC=CN=C1)(=O)C1C=CC(=CC=1)OCC(C)=C,0.007518299203366041
CCCN1C(SCC(N(C2CCCCC=2)C2CC2)=O)=NN=C1O,0.009234635019674897
N12N=C(SC1=NN=C2C1CC1)CCC(C)N1CCCC1,0.013482369389384985
C12SC3=C(C=CC=N3)C=1N=CN(CC(=O)N(CC)C1=CC=CC=C1)C2=O,0.005430568987503648
CCCN1C(=O)NN=C1SCC(N(C1CCCCC=1)CC)=O,0.005192985851317644
CCCN1C(SCC(C2=CC3=C(N(S(CC)(=O)=O)CC3)C=C2)=O)=NN=C1O,0.00642385627143085
N1(CCNC(C)CN2C=CN=C2)NC(=O)C2=C(C=CC=C2)C1=O,0.002772610553074628
C12CN(CCC=1C1=C(C=CC=C1)N2)C1C=CN=C(C=1)C(=O)NCC1=CC=CO1,0.00507575438823551
ClC1=CC=C(C2N=C(CSC3N(CC4OC=CC=4)C(C4=CN=CC=C4)=NN=3)ON=2)C=C1,0.007940676528960466
C1(=CSC2=NC(C3C=CC=C(Cl)C=3)=CN12)C(=O)N(CC)[C@H]1COC[C@@H]1O,0.002332746802130714
C12SC3=C(C=CC=N3)C=1N=CN(CC(=O)NCC1C=CC=CC=1)C2=O,0.004148622835054993
N1C2=CC=CC=C2NC=1CCN(C)C(=O)COC1C=CC(=CC=1)NC(CC)=O,0.003194182994775474
O=C(N1CCN(C(C2SC=CC=2)=O)CC1)CSC1N(CC2OC=CC=2)C(C2=CN=CC=C2)=NN=1,0.006401353725232184
C1(CN(CCOC)CC2CCN(CC2)CC2=CC=CC=C2F)C(C)=NN(C)C=1Cl,0.008899033721536397
CCN(C1CCCCC=1)C(CSC1N(CC2OC=CC=2)C(C2CC2)=NN=1)=O,0.012961671920493245
C1(NCC=C(C)CC/C=C(/C)\C)C2CCNCC=2N=C(C)N=1,0.011060686316341162
CCOC(C1=CC(Cl)=C(OCC(NC2=CC3=C(N(C(C)=O)CC3)C=C2)=O)C(Cl)=C1)=O,0.007518382067792118
C(=O)(C1=CC=CC=C1N1C=CC=N1)N1CCCC1C1=CC=C(C(N)=O)S1,0.0066875706426799296
FC(OC1=C(C(OCCCN2C(=O)C3=C(C=CC=C3)C2=O)=O)C=CC=C1)F,0.0036668663844466208
C12SC3=C(C=CC=N3)C=1N=CN(CC(=O)NCC1=CC=C(C=C1)C)C2=O,0.004557303502224386
C12SC3=C(C=CC=N3)C=1N=CN(CC(=O)NCC1C=CC(=CC=1)Cl)C2=O,0.003759260184597224
CC(C1=CC=C(C2N=C(CSC3OC(COC4=CC=C(F)C=C4)=NN=3)ON=2)C=C1)C,0.0078881612746045
C12SC3=C(C=CC=N3)C=1N=CN(CC(=O)NCC1C=CC3=C(OCO3)C=1)C2=O,0.004480216396041214
C12SC3=C(C=CC=N3)C=1N=CN(CC(=O)NC1CCCCC1)C2=O,0.005857550306245685
O=C(C1=CC=C(N2C(=O)CCC2)C=C1)OCC1NC(=O)C2=C(SC(C3=CC=CC=C3)=C2)N=1,0.0032980032730847595
N1(CCCC(C1)NC1C=CC(=C(F)C=1)F)CC1=CC=C(C=C1O)OC,0.003829824354033917
ClC1=CC=C(C2N=C(COC(C3=CC=C(N4C(=O)CCC4)C=C3)=O)ON=2)C=C1,0.006486444338224828
C12SC3=C(C=CC=N3)C=1N=CN(CC(=O)N1CCN(CC1)C1C=CC(=CC=1)F)C2=O,0.00395077649736777
CCS(N1C2=C(C=C(C(COC(C3=CC=C(N4C(=O)CCC4)C=C3)=O)=O)C=C2)CC1)(=O)=O,0.00958338426426053
C12SC3=C(C=CC=N3)C=1N=CN(CC(NCCC1C=CC(=CC=1)Cl)=O)C2=O,0.0039895362686365845
C(OC)(=O)C1C=CC(=CC=1)CN1CCC(CC1)(CO)CC1C=CC=C(OC)C=1,0.005334588792175054
CCCN1C2=C(C=C(S(N(C)C)(=O)=O)C=C2)N=C1COC(C1=CC=C(N2C(=O)CCC2)C=C1)=O,0.004022846301086247
C1(=NC=C(CN2CCCN(C3C=CC=CC=3)CC2)N1CC1C=CC=CC=1)S(CC)(=O)=O,0.006752600939944386
C12SC3=C(C=CC=N3)C=1N=CN(CC(=O)NC1CCCC1)C2=O,0.005378017853945494
N1(C=CC=N1)C1=CC=CC(=C1)N1CCC(CC1)NCCCC1C=CC=CN=1,0.007229057396762073
CC1=CC2=C(N=C(S2)NC(CSC2N(N)C(C3OC=CC=3)=NN=2)=O)C(C)=C1,0.004896101308986545
C1(C(O)=O)C=C2N(CCCN(C2)C(=O)C2C=C(OC)C(=CC=2OC)OC)N=1,0.008084157342091202
C1(=NC=CC=C1CNCC1C=CC(=CC=1)C1C=CC=CC=1)N1CCN(CC1)C(C)=O,0.0059993502916768195
C1(=O)[C@H](CCCCN1)NCC(=O)N(CC=C)CC=C,0.00865034309681505
C12SC3=C(C=CC=N3)C=1N=CN(CC(=O)NC(C)C)C2=O,0.0039359658723697065
C1(C=C(NN=1)CN1C=CN=C1C(C)C)C(=O)N(C)C(C)C1C(C)=NNC=1C,0.0047333129215985535
C12SC3=C(C=CC=N3)C=1N=CN(CC(=O)N1CCCCCC1)C2=O,0.006233754241839052
COC1=C(F)C=C(CN(C(CSC2N(N)C(C3OC=CC=3)=NN=2)=O)C)C=C1,0.005167163186706602
C1(SC(=NC=1C1=CC=CC=C1)C)C(=O)N1CCN2C(C(=O)NCC2=O)C1,0.004828403040301054
NN1C(C2OC=CC=2)=NN=C1SCC(N1CCN(C(C2SC=CC=2)=O)CC1)=O,0.0045788026414811615
COC1=C(CC2(C(=O)N(CC(N3CCN(C(C4SC=CC=4)=O)CC3)=O)C(=O)N2)C)C=CC=C1,0.002199541492154822
C1(=NC=C(CN2CCC[C@H]2CO)N1CCCC1C=CC=CC=1)S(CC)(=O)=O,0.0033588143764063717
CCS(N1C2=C(C=C(C(CN3C(=O)C(CC4=C(OC)C=CC=C4)(C)NC3=O)=O)C=C2)CC1)(=O)=O,0.0030134911299683153
CC1=CC(O)=C(C(OCC(N2CCN(C(C3SC=CC=3)=O)CC2)=O)=O)C=C1,0.003981989598833025
C1(OC(=C(CN2CCNCC2)N=1)C)C1=CC=C(C=C1F)OC,0.003639958892017603
O1[C@@H](C(C)(C)C)C[C@H](C[C@H]1C1C=NC(=NC=1)OC)NC(C)=O,0.008170633646659552
C12SC3=C(C=CC=N3)C=1N=CN(CC(=O)NC(C)CC)C2=O,0.004340267449151725
C12COC(C)C=1N=C(C(C#N)=C2C1C=CC(=C(CN2C=CC=N2)C=1)OC)N,0.005116260866634548
C12SC3=C(C=CC=N3)C=1N=CN(CC(N)=O)C2=O,0.003808149299584329
ClC1=CC=C(C2N=C(CSC3N(CC4OCCC4)C(=O)C4=C(C=CC=C4)N=3)ON=2)C=C1,0.0072130671003833415
C1(=CSC=N1)C(=O)N1CCOC2=C(C=C(C3=CC=C(C=N3)Cl)C=C2C1)O,0.0034086535568349065
O=C1C2=C(C=CC=C2)C(=O)N1CCCSC1N(CC2OCCC2)C(=O)C2=C(C=CC=C2)N=1,0.004283958720043302
CC(NCC1SC(C(CSC2OC(C3=CC(Br)=CC=C3)=NN=2)=O)=CC=1)=O,0.008837772766128182
CC1=CC=C(C2OC(SCC(C3SC(CNC(C(C)(C)C)=O)=CC=3)=O)=NN=2)C=C1,0.01083296569995582
C1(=CC=NN1C1=CC=CC=C1)C1C=C(C2C=CNC=2)N=C(N)C=1C#N,0.00263042431906797
S(=O)(=O)(N1CCC(CC1)(O)C(O)=O)C1C(C)=NNC=1C,0.0029060163418762387
CC1=CC=C(C2NC(SCC(NC3SC4=C(C(=CC(=C4)C)C)N=3)=O)=NN=2)C=C1,0.004525640641804785
N1C(=O)C=CN(CCC(=O)N2[C@@H]3CNCC[C@H]2CC3)C1=O,0.0034419067786075177
COC1=C(F)C=C(C(CSC2NN=C(C3=CC=C(C)C=C3)N=2)=O)C=C1,0.007651114324107766
CC(NCC1SC(C(CSC2NN=C(C3=CC=C(C)C=C3)N=2)=O)=CC=1)=O,0.005254676844924688
C12SC3=C(C=CC=N3)C=1N=CN(CC(=O)N1CCN(CC1)C1=CC=CC=C1F)C2=O,0.003976385353598744
CC(N1C2=C(C=C(C=C2)NC(CSC2N(CC3=CC=NC=C3)C(=O)C3=C(C=CC=C3)N=2)=O)CC1)=O,0.005881737638264895
C12SC3=C(C=CC=N3)C=1N=CN(CC(=O)N1CCOC3=CC=C(C)C=C13)C2=O,0.00532617075368762
C1(=NC=CC=C1CNC(=O)C1=CC=C(C=C1)O)N(C)CC1=CC=CC=C1,0.0035494046402163803
C12SC3=C(C=CC=N3)C=1N=CN(CC(NCCC1CCCCC=1)=O)C2=O,0.006859288830310106
C1(=O)C(CCCN1CC1C=CC=C(F)C=1F)(CNCC(C)(C)CO)O,0.003900341538246721
COC1=C(F)C=C(C(CN2C(=O)C3=C(N=CN3C3CCCC3)N(CC3=CC=CC=C3)C2=O)=O)C=C1,0.008413270604796708
C12C(=O)N(CC(=O)NC3=CC=CC=C3)C=NC=1C1=C(N=C(C=C1C)C)S2,0.004396520718000829
N1=C(C2=CC=CC=C2)N=C(CCC(=O)NC2CCCC2)N1C1C=CN=C(C)C=1,0.006989938183687627
C12C(=O)N(CC(=O)NC3C=CC(=CC=3)C(C)C)C=NC=1C1=C(N=C(C=C1C)C)S2,0.005181991984136403
C12(CCCN(CC1)C2)OC1=CC=C(C=C1)CNCC1=CC=CC=N1,0.00989752560853958
C1(SC=C2OCCOC=12)C(=O)N1CCOC(CC2C=CC(=CC=2)F)C1,0.006407552398741245
C12C(=O)N(CC(=O)NC3=CC=C(C(Cl)=C3)OC)C=NC=1C1=C(N=C(C=C1C)C)S2,0.004044455231633037
C1(C(F)=CC=C(F)C=1Cl)CN(C(C)C)CC1CCC(=O)N1,0.005981524591334164
CCN1C2=C(C=C(S(N3CCCCC3)(=O)=O)C=C2)N=C1CSC1OC(C2SC=CC=2)=NN=1,0.003741465893108398
C12C=C(CN(C)C(C)C3C=CC=CN=3)C=CC1=NON=2,0.009718800242990256
C1(=COC(COC2=CC=CC3C=NC=CC2=3)=N1)C(=O)NCC1=NNC=N1,0.0027269973768852653
C12C(=O)N(CC(=O)NC3=CC=CC=C3Cl)C=NC=1C1=C(N=C(C=C1C)C)S2,0.004097792494576424
C1(CN(CC=C)CC2C=CC(=CC=2)F)C(C)=NN(C)C=1Cl,0.008013186068274081
CC1=CC=C(NC2=NC(CSC3OC(C4SC=CC=4)=NN=3)=NC(N)=N2)C=C1,0.004064133949577808
N(CC1=CC=C(C=C1)NC(C)=O)(C(C)C(C)C)CC1=CC=CO1,0.01139274430461228
O=C(NCCOC1=CC=CC=C1)CSC1OC(C2SC=CC=2)=NN=1,0.00498376174364239
COC1=C(F)C=C(CN2CCN(C(CSC3OC(C4SC=CC=4)=NN=3)=O)CC2)C=C1,0.005179280042648315
C12=C(CCN(C(=O)C3=CSN=N3)C1)NN=C2C1=CC=CC=C1F,0.0034664861974306404
C12C(=O)N(CC(=O)NC3=C(C)C=CC(Cl)=C3)C=NC=1C1=C(N=C(C=C1C)C)S2,0.004161916335579008
O=C(N(C1CCCCC=1)C1CC1)CSC1OC(C2SC=CC=2)=NN=1,0.010307263396680356
C(N)(=O)C1C=CC(=CC=1)NC(=O)CCN(CC=C)C1CCCC1,0.00853799213655293
CN1C2N(C(=NN=2)COC(CC2=CC(F)=CC=C2)=O)C2=C(C=CC=C2)C1=O,0.007835914473980665
C1(C2=CC=CC=C2F)(CC1)C(=O)N(CC1CCCO1)CC1C=CN=CC=1,0.008971262909471988
C12C(=O)N(CC(=O)NC3=CC=C(C=C3C)C)C=NC=1C1=C(N=C(C=C1C)C)S2,0.005269607971422374
C1(C(OC)=O)C=C2N(CCN(C(=O)C(=O)NC3=CC(C)=CC(C)=C3)C2)N=1,0.00841861495282501
O=N(C1=C(OCC(NC2=CC3=C(OC4=C3C=CC=C4)C=C2)=O)C=CC=N1)=O,0.005082301679067314
C(=O)(N(C)CC1NC=CN=1)C1CCCN(C2CCN(CC2)C(=O)C2CC2)C1,0.004981568385846913
C12C(=O)N(CC(=O)NC3=CC=C(C=C3F)F)C=NC=1C1=C(N=C(C=C1C)C)S2,0.003951004229020327
C1(CN2CCOCC2)=NN=NN1CCCC(=O)N(C)CC1SC2C(=CC=CC=2)N=1,0.006354162213392555
C1(N2CCC(C2)NC(C)=O)C2CCN(CC=2N=C(C2=CC=CN=C2)N=1)C(C)=O,0.006327705061994493
C1(C(C)=NNC=1C)C(NC(CSC(C)C)=O)C(O)=O,0.003345544240437448
CC1=C(Cl)C=CC(NC(C2=CC=C(COC3=C(N(=O)=O)N=CC=C3)C=C2)=O)=C1,0.004871143749915064
C1(C(C)=NOC=1C)CC(=O)N1CCCC(C1)CCC(=O)N(C)CCC1C=CC=CN=1,0.010706636123359203
C12C(=O)N(CC(=O)NC3=CC=CC=C3F)C=NC=1C1=C(N=C(C=C1C)C)S2,0.004388370690867305
C12C(=O)N(CC(=O)NC3=CC(C)=CC(C)=C3)C=NC=1C1=C(N=C(C=C1C)C)S2,0.00530809098854661
N1C2=CC=C(C=C2OC=1CC1=CC=C(C=C1)OC)C(=O)NCC(F)(F)F,0.0035035505017731337
C12C(=O)N(CC(=O)NC3=CC(OC)=CC(OC)=C3)C=NC=1C1=C(N=C(C=C1C)C)S2,0.00444760910468176
C12C(=O)N(CC(=O)NC3=CC=CC(F)=C3)C=NC=1C1=C(N=C(C=C1C)C)S2,0.00400008613942191
O=N(C1=C(OCC2=CC(C#N)=CC=C2)C=CC=N1)=O,0.004960034461691976
C12C(=O)N(CC(=O)NC3C=CC(=CC=3)C(OC)=O)C=NC=1C1=C(N=C(C=C1C)C)S2,0.004436557006556541
N1C(C2=CC=CC=N2)=NC2=C(CCN(C(=O)CC3CNCCO3)C2)C=1N(C)C,0.0054907925659790635
COC1=C(Br)C=C(OC)C(COC2=C(N(=O)=O)N=CC=C2)=C1,0.007958972873166204
C1(C2=CC=C(C(C)=C2C)OC)OC(=C(CN(C)CC2=NN=CN2C)N=1)C,0.008625597599893809
CC1=C(C)C2=C(C=C(C(=N2)Cl)COC2=C(N(=O)=O)N=CC=C2)C=C1,0.005923415184952319
C12C(=O)N(CC(=O)NC3=CC=C(C=C3)OCC)C=NC=1C1=C(N=C(C=C1C)C)S2,0.004543681407812983
C1(C=C(NN=1)COC1C=CC(=CC=1Cl)OC)C(=O)N1CC=CC1,0.005220787576399743
C12C(=O)N(CC(=O)NC3C=CC(=CC=3)C(OCC)=O)C=NC=1C1=C(N=C(C=C1C)C)S2,0.004538368701469153
N1(CCCC(CN(C)CC2=CC=C(C=C2)NC(C)=O)C1)CCC1=CC=CC=C1OC,0.010140421381220222
C12C(=O)N(CC(=O)NC3=CC=CC=C3CC)C=NC=1C1=C(N=C(C=C1C)C)S2,0.005184475926216692
S1C(C)=NN=C1SCCCNC(=O)C1CCCN(CC2=CC=CO2)C1,0.008071488654240965
COC1=C(COC2=C(N(=O)=O)N=CC=C2)C=C(F)C=C1,0.005524043762125075
C1(CN2CCC(CC2)CN2C=C(N=N2)CN)SC2=C(C=CC=C2)C=1Cl,0.007939578732475638
O=N(C1=C(OCC2=CC=C(C(N3CCCC3)=O)C=C2)C=CC=N1)=O,0.0065612563630566
C12C(=O)N(CC(=O)NC3=CC=C4C(OCO4)=C3)C=NC=1C1=C(N=C(C=C1C)C)S2,0.004393233556766063
S1C(C)=NN=C1SCCNC1C=C(C2CCCNC2)N=C(C)N=1,0.005700032692402601
CC(C(N(CC1=CC(F)=CC=C1)C)=O)OC(C1=CC=C(OCC2OCCC2)C=C1)=O,0.010013094265013933
C12C(=O)N(CC(=O)NC3=CC=C4C(OCCO4)=C3)C=NC=1C1=C(N=C(C=C1C)C)S2,0.0046762273763306435
C12(CCNCC1)C1=CC=CC=C1[C@@H](N1CCC(CC1)CCOC)[C@@H]2O,0.007525077881291508
FC1=CC=C(SCC(OCC(N2CCN(C(C3SC=CC=3)=O)CC2)=O)=O)C=C1,0.006037838431075216
N1(CCNC(=O)C1CC(NCCOC1C=CC=NC=1)=O)CC(C)C,0.005761959450319409
FC1=C(F)C=C(C2N=C(NC(COC(CN3C(=O)C4(CCCC4)NC3=O)=O)=O)SC=2)C=C1,0.002491690416354686
C12C(=O)N(CC(=O)NC3C=C(C)C=CC=3OC)C=NC=1C1=C(N=C(C=C1C)C)S2,0.004788133734837175
COC(C1C(C)=C(C(OCC2ON=C(C3=CC=C(Cl)C=C3)N=2)=O)NC=1C)=O,0.005254273116588592
C12C(=O)N(CC(=O)NC3=CC=CC=C3C(OCC)=O)C=NC=1C1=C(N=C(C=C1C)C)S2,0.004835381440352648
COC(C1C(C)=C(C(OCC(C2=CC(F)=C(OC)C=C2)=O)=O)NC=1C)=O,0.0093013945966959
C12C(=O)N(CC(=O)NC3=CC=CC=C3C(OC)=O)C=NC=1C1=C(N=C(C=C1C)C)S2,0.004751458473037928
C1(=NC=CC=C1CNC(CC1C=CC(=CC=1)C(C)C)=O)N1CCN(CC1)C,0.006760744634084404
C12C(=O)N(CC(=O)NC3=CC=CC(=C3)C(OCC)=O)C=NC=1C1=C(N=C(C=C1C)C)S2,0.004576280084438622
ClC1=CC=C(C2N=C(CSC3=NN(C4=CC=CC=C4)C(C4CC4)=N3)ON=2)C=C1,0.007313306862488389
C12C(=O)N(CC(=O)NC3=CC=C(C=C3F)Br)C=NC=1C1=C(N=C(C=C1C)C)S2,0.00501339107286185
COC1=C(F)C=C(CN(C(CSC2=NN(C3=CC=CC=C3)C(C3CC3)=N2)=O)C)C=C1,0.007174204871989787
C12C(=O)N(CC(=O)NC3=CC=CC(C(C)=O)=C3)C=NC=1C1=C(N=C(C=C1C)C)S2,0.006246264209039509
O=C(N1CCN(C(C2SC=CC=2)=O)CC1)CSC1=NN(C2=CC=CC=C2)C(C2CC2)=N1,0.005934914946556092
N1=C(C2=CC=C(N=C2)NCCN2CCCCC2=O)ON=C1C1C=CC=CC=1F,0.003912731120362878
COC1=C(F)C=C(C(CSC2=NN(C3=CC=CC=C3)C(C3CC3)=N2)=O)C=C1,0.009847030276432633
C12C(=O)N(CC(=O)NC3C(F)=CC=C(F)C=3)C=NC=1C1=C(N=C(C=C1C)C)S2,0.003950058890040964
C12(CCN(CC1)C(=O)CCN1CCCCCC1=O)N(C)CCNC2=O,0.008010479668155313
C12C(=O)N(CC(=O)NC3=CC=CC4=CC=CC=C34)C=NC=1C1=C(N=C(C=C1C)C)S2,0.004726463370025158
C=CCN(C(CSC1=NN(C2=CC=CC=C2)C(C2CC2)=N1)=O)CC1SC=CC=1,0.007978211040608585
C12C(=O)N(CC(=O)NC3=CC=CC=C3C)C=NC=1C1=C(N=C(C=C1C)C)S2,0.004970760643482208
C1(=NC=CC(N2CCCC(O)C2)=N1)C1=C(C=CC=C1OC(C)C)F,0.0027389510651119053
C12C(=O)N(CC(=O)NC3=CC=C(C(C)=C3)C)C=NC=1C1=C(N=C(C=C1C)C)S2,0.005174326431006193
N1(CC2N=C(C)C=C(C)N=2)N=CC(=CC1=O)N(C)CCC1=CC=CC=C1,0.00873982657212764
C12C(=O)N(CC(=O)NC3=CC=C(C=C3OC)OC)C=NC=1C1=C(N=C(C=C1C)C)S2,0.004572249331977219
C1(C=NN(C2=CC=CC=C2OC)C=1)C(=O)N(C)C1CCCN(CC2=CC=CC=C2F)C1,0.006451096152886748
C1(=CN(N=N1)CCCC1C=CC=CC=1)C(=O)N1CCC(C2C=CC=C(Cl)C=2)C1,0.008940904354676604
N1(C2C=NC=C(C(N)=O)C=2)C=NC2C(=NC=NC1=2)C,0.004360229498706758
CN1C2N(C(=NN=2)CSC2=NN(C3=CC=CC=C3)C(C3CC3)=N2)C2=C(C=CC=C2)C1=O,0.008056256221607327
C(=O)(N1CCC(CC1)CCC(=O)NCC1=CC=CN=C1)C1C=CC=CC=1C1NC=CN=1,0.0030011721944902094
CCN(C1CCCCC=1)C(CSC1=NN(C2=CC=CC=C2)C(C2CC2)=N1)=O,0.009997109696269036
C1(C(=O)NCC2=CC=CN=C2OC2C=CC(=CC=2F)F)C(=O)C=C(NC=1C)C,0.003923100151587278
C12C(=O)N(CC(=O)NC3=CC=C(C(OC)=C3)OC)C=NC=1C1=C(N=C(C=C1C)C)S2,0.004794653761200607
N1C(CN2CCOC(C2)C2=CC=C(C(Cl)=C2)Cl)=NOC=1C1=CC=CO1,0.009002214530482888
CCS(N1C2=C(C=C(C(CSC3=NN(C4=CC=CC=C4)C(C4CC4)=N3)=O)C=C2)CC1)(=O)=O,0.00685952571220696
N1(CCCC(CCCC2C=CC=CC=2)(C(O)=O)C1)C(C(C)C)=O,0.009583037509582937
CC(NCC1SC(C(CSC2=NN(C3=CC=CC=C3)C(C3CC3)=N2)=O)=CC=1)=O,0.007906254380941391
N1=NC(=CN1C1CCN(CC1)C(=O)C1=CC=C(C=C1)C1=CC=C(C)O1)CN,0.007374294428154826
C12C(=O)N(CC(=O)NC3=CC=C(C=C3)C)C=NC=1C1=C(N=C(C=C1C)C)S2,0.004786768672056496
C1(C(C)N(C)CCC(=O)NC2C=CC=CC=2C(C)=O)SC=CN=1,0.009282052796334029
C12C(=O)N(CC(=O)NC3=CC=C(C=C3C(F)(F)F)Cl)C=NC=1C1=C(N=C(C=C1C)C)S2,0.0032473747909534723
C1(C2C=CC(=C(Cl)C=2)OCC)NC2C(=CC(=CC=2)C#N)N=1,0.0029085348884109407
CC1=CC=C(CC(C#N)SC2=NN(C3=CC=CC=C3)C(C3CC3)=N2)C=C1,0.00591147724440475
C(NCCNC1C=CN=CC=1C)(=O)C1C=CC=C(C=1)C#N,0.00393475053133443
C12C(=O)N(CC(=O)NC3=CC=CC(SC)=C3)C=NC=1C1=C(N=C(C=C1C)C)S2,0.004330664430744946
N1(CCC2(CC1)CNC(=O)C2)C(=O)CCC(=O)C1C=CC=C2C=CC=CC=12,0.01071833148598671
CC(C(NCC1SC(C(CSC2=NN(C3=CC=CC=C3)C(C3CC3)=N2)=O)=CC=1)=O)(C)C,0.009220790583640337
C12C(=O)N(CC(=O)NC3C=CC(=CC=3)Br)C=NC=1C1=C(N=C(C=C1C)C)S2,0.004967682505957782
NC(NC1=CC=C(C(OCC2ON=C(C3=CC=C(Cl)C=C3)N=2)=O)C=C1)=O,0.003767643275205046
[C@H]1(CC=CC[C@@H]1NC1CCN(CC1)C1C=CC=C(C2=CC=CC=C2)C=1)C(N)=O,0.009324079123325646
COC1=C(F)C=C(C(COC(C2=CC=C(NC(N)=O)C=C2)=O)=O)C=C1,0.008285428490489721
C1(=CC=NN1C1CCN(CC1)CC=CC1=CC=CC=C1)NC(=O)C1C=CC2=C(OCO2)C=1,0.005849689408205449
N1C(N(C)C)=NC2=C(CCN(C(=O)C(CC)N3CCOCC3)C2)C=1N(C)C,0.008805864211171865
C12C(=O)N(CC(=O)NC3=CC=C(C=C3)CC)C=NC=1C1=C(N=C(C=C1C)C)S2,0.005068117449991405
CC(C(NC1=C2C(C(C3=C(C2=O)C=CC=C3)=O)=CC=C1)=O)OC(C1OC(C)=CC=1)=O,0.012590499175712467
C(=O)(C(C)(C)NC)NCC1CCCN(CC(C)C)C1,0.011282166000455618
COC1=C(Br)C=C(OC)C(COC2=CC(C(C)=O)=CC=C2)=C1,0.019419689010828734
C12C(=O)N(CC(=O)NC3=CC=C(C=C3C)N(CC)CC)C=NC=1C1=C(N=C(C=C1C)C)S2,0.005703548644669354
CC(C1=CC(OCC2N3C(N(C(C4=C3C=CC=C4)=O)C)=NN=2)=CC=C1)=O,0.010731081617996097
C1(CC2SC(=NC2=O)NC2=CC=C(C=C2)C)=NC(=NN1C1C=CC(=CC=1)F)C,0.0036122627439908682
CC(C1=CC(OCC(N2CCN(CC(N3CCCC3)=O)CC2)=O)=CC=C1)=O,0.01210294160991907
N1(CCCC(C1)C(=O)N1CCOCC1)C(=O)C1C=CN=C(N)C=1,0.00374561392236501
C12C(=O)N(CC(=O)NC3=CC=C(C=C3Cl)F)C=NC=1C1=C(N=C(C=C1C)C)S2,0.0041348000289872285
C12CCN(CC=1N=C(C)NC2=O)C(=O)C(C)OC1C=CC2=C(OCO2)C=1,0.00635643966961652
CCOC(C1=CC=C(OC(C(NC2C(C)C(C)CCC2)=O)C)C=C1)=O,0.012169978860765696
N1=C(C2C=CC=C(C=2)C2=NC=CC(=N2)C(F)(F)F)C=CN1CC1C=CC=C(C)N=1,0.006463957694359123
N1(C(CCN)=NNC1=O)C1=CC=CC2C=CC=CC1=2,0.003282242553541437
C12C(=O)N(CC(=O)NC3=CC(OC)=C(C(OC)=C3)OC)C=NC=1C1=C(N=C(C=C1C)C)S2,0.005113540787715465
C1(=CC(Cl)=CC=C1OC1CCN(CC1)C(C)=O)C(=O)N1CCCCCC1,0.009299439331516623
C12C(=O)N(CC(=O)NC3C(C)=CC=C(F)C=3)C=NC=1C1=C(N=C(C=C1C)C)S2,0.004356792417820543
N1(CC2=C(C)N=C(C)S2)C(=O)NC(C2CCNCC2)(C2=CC=CN=C2)C1=O,0.002447122917510569
C12C(=O)N(CC(=O)NC3C=CC(=CC=3)F)C=NC=1C1=C(N=C(C=C1C)C)S2,0.0040811569313518705
CCOC(C1=CC=C(OCC(N(CC2=CC(F)=C(OC)C=C2)C)=O)C=C1)=O,0.01005726819857955
C12C(=O)N(CC(=O)NC3=CC=C(C(Cl)=C3)C)C=NC=1C1=C(N=C(C=C1C)C)S2,0.004178436426445842
CCOC(C1=CC=C(OCC2N3C(N(C(C4=C3C=CC=C4)=O)C)=NN=2)C=C1)=O,0.007009052811190486
N1C(=CSC=1SCC)CC(NCCC1=CNC=N1)=O,0.0026514471508562567
COC(C1=CC(OCC(NC2=CC3=C(N(C(C)=O)CC3)C=C2)=O)=CC=C1)=O,0.006856712396256626
C12N=CC(=CN1N=CC=2C1C=CC=CC=1)CN(C)CC1CC(N(CC)C1)=O,0.009797737514600158
NC1=NC(SCC(NC2=CC3=C(OC4=C3C=CC=C4)C=C2)=O)=NC(N)=C1,0.004593631974421442
N1=C(C2C=CC(=CC=2)C2C=CC=CC=2)OC(C)=C1CN1CCC(CC1)N1C[C@@H](C)O[C@@H](C)C1,0.007688741711899638
CC(CC(C1=CC=CC=C1)NC(CSC1=NC(N)=CC(N)=N1)=O)C,0.006329587358050048
C1(=NC=CN1C)C1C=CC(=NN=1)N1CCC(CC1)(CO)O,0.002475034020608291
CCN(C1CCCC=1)C(CSC1=NC(N)=CC(N)=N1)=O,0.006628119922243059
C12C(=O)N(CC(=O)NC3=CC=C(C(C)=C3)Br)C=NC=1C1=C(N=C(C=C1C)C)S2,0.0053942123195156455
CCS(N1C2=C(C=C(C(CSC3=NC(N)=CC(N)=N3)=O)C=C2)CC1)(=O)=O,0.0061551185324788095
C12C(=O)N(CC(=O)NC3=CC=CC(=C3)C(F)(F)F)C=NC=1C1=C(N=C(C=C1C)C)S2,0.0034625764237716794
C12C(=O)N(CC(=O)NC3=CC=C(C=C3Cl)C)C=NC=1C1=C(N=C(C=C1C)C)S2,0.00431580648291856
C12=C(CCN(C(=O)[C@@H]3CCCN3C(C)C)C1)ON=C2C1C=CC2=C(OCO2)C=1,0.009636148856952787
C12C(=O)N(CC(=O)NC3=CC=CC(CC)=C3)C=NC=1C1=C(N=C(C=C1C)C)S2,0.005051256169099361
C1(=C(C)C=CC=C1C(C)(C)C)NC(=O)NCC1CCN(CC)C1,0.007832493563182653
C12C(=O)N(CC(=O)NC3C(OC)=CC=C(Cl)C=3)C=NC=1C1=C(N=C(C=C1C)C)S2,0.004117581713944674
C(C(=O)N1CCC(CC1)CC1C=CC=CC=1)C1C(=O)NCCN1CC1=CC=CS1,0.006696525518782437
C12C(=O)N(CC(=O)NC3=C(OC)C=C(C(Cl)=C3)OC)C=NC=1C1=C(N=C(C=C1C)C)S2,0.004261929879430681
N1(CCCC2=CC=CC=C2)CCN(CC1CCO)CC1=CC=CC(F)=C1,0.005002755019813776
C1(CN2CCC(CC2)CN2C=C(N=N2)C2CCCC2)=CN=C(C)N1C,0.010869954992085696
CN1C2N(C(=NN=2)COC2=CC(I)=CC=C2)C2=C(C=CC=C2)C1=O,0.008770966483280063
C(=O)(C1C=CC=CC=1C)N1CCC(CC1)N1CCCC(C(NCCOC)=O)C1,0.008370469370856882
C1(C(NCCC2=NN=CN2CC)=O)=C(C)C2C(=CC(=CC=2)C)O1,0.006582496548071503
C1(N2CCC(CC2)N2CCCC(C2)C(=O)NC2CC2)SC2=C(C=CC=C2)N=1,0.00858527785167098
C1(CN2CCCC(C2)C(=O)C2=CC=CC3C=CC=CC2=3)C=NN(C)C=1C,0.01399553967639804
CC(N1C2=C(C=C(C=C2)NC(COC2=CC(I)=CC=C2)=O)CC1)=O,0.008025302831083537
C12C(=O)N(CC(=O)NCC3=CC=C(C=C3)OC)C=NC=1C1=C(N=C(C=C1C)C)S2,0.004991795355454087
S(N)(=O)(=O)C1C=CC(=CC=1)CNCC1ON=C(C2C=CC=CC=2C)N=1,0.005122869648039341
C1(=NC=CN1C(C)C)C1=NC=CN1CCOC1=CC=CC=C1,0.00901470398530364
CC(C1=CC=C(CC2C(=O)NC(SCC(NC3=CC=C(Br)C=C3)=O)=NN=2)C=C1)(C)C,0.005239509744569659
CC(C1=CC=C(CC2C(=O)NC(SCC(NC3=CC=C(OC(F)(F)F)C=C3)=O)=NN=2)C=C1)(C)C,0.0034695605281740427
CC(C1=CC=C(CC2C(=O)NC(SCC(NCC3=CC=C(Cl)C=C3)=O)=NN=2)C=C1)(C)C,0.004768249439075589
C12C(=O)N(CC(=O)NCC3C=CC=CC=3Cl)C=NC=1C1=C(N=C(C=C1C)C)S2,0.00436895244056359
CC(C1=CC=C(CC2C(=O)NC(SCC(NC3=C(C#N)C=CC=C3)=O)=NN=2)C=C1)(C)C,0.0038497242145240306
COC1=CC=C(NC(CSC2NC(=O)C(CC3=CC=C(C(C)(C)C)C=C3)=NN=2)=O)C=C1,0.004689471435267478
C12C(=O)N(CC(=O)NCC3=CC=C(C=C3)C)C=NC=1C1=C(N=C(C=C1C)C)S2,0.005458512017503381
C12C(=O)N(CC(=O)NCC3C=CC=C(OC)C=3)C=NC=1C1=C(N=C(C=C1C)C)S2,0.0049290738068521025
S(=O)(=O)(N1CCOCC1)C1C=C(C=C(C=1)N1C=CC(C2C=CC=CC=2)=N1)C(O)=O,0.0035978737054392696
C12C(=O)N(CC(=O)NCC3C=CC(=CC=3)Cl)C=NC=1C1=C(N=C(C=C1C)C)S2,0.004370277340058237
CC1=CC=C(CNC(CSC2NC(=O)C(CC3=CC=C(C(C)(C)C)C=C3)=NN=2)=O)C=C1,0.005807298142462969
C12C(=O)N(CC(=O)NCC3C=CC=C(OC)C=3OC)C=NC=1C1=C(N=C(C=C1C)C)S2,0.005324944271706045
CNC(NC(CSC1NC(=O)C(CC2=CC=C(C(C)(C)C)C=C2)=NN=1)=O)=O,0.0013665851205587388
C12CN(C(C)C)CCC=1ON=C2C1=CC=CC=C1F,0.008019528677687049
COC1=C(F)C=C(CN(C(CSC2N(C)C(COC3=CC=C(Cl)C=C3)=NN=2)=O)C)C=C1,0.006797197833657264
C12C(=O)N(CC(=O)NCC3C=CC4=C(OCO4)C=3)C=NC=1C1=C(N=C(C=C1C)C)S2,0.0050231947796419265
CN1C(SCC(N2CCN(C(C3SC=CC=3)=O)CC2)=O)=NN=C1COC1=CC=C(Cl)C=C1,0.0059892436722293494
CN1C(SCC(NC(C2=CC=CC=C2)CC2=CC=CC=C2)=O)=NN=C1COC1=CC=C(Cl)C=C1,0.0074040863895788785
CC1N(CCC2SC=CC=2)C(C)=C(C(CSC2N(C)C(C3=C(C)OC=C3)=NN=2)=O)C=1,0.015875934343785047
C12C(=O)N(CC(NCCC)=O)C=NC=1C1=C(N=C(C=C1C)C)S2,0.004726109118200839
CC1=C(C2N(C)C(SCC(NCCOC3=CC=CC=C3)=O)=NN=2)C=CO1,0.007174295443110168
C12C(=O)N(CC(=O)NC3CCCCC3)C=NC=1C1=C(N=C(C=C1C)C)S2,0.006689274660311639
CC1=C(C2N(C)C(SCC3ON=C(C4=CC=C(Cl)C=C4)N=3)=NN=2)C=CO1,0.009287437284365296
C12C(=O)N(CC(=O)N3CCN(CC3)C3=CC=C(C=C3)F)C=NC=1C1=C(N=C(C=C1C)C)S2,0.0043845927226357165
C1(C2=CC=CC=C2Cl)C=C(NN=1)C1CCN(CC1)C(=O)CN1C=NN=N1,0.002399128314573318
C12C(=O)N(CC(NCCC3C=CC(=CC=3)Cl)=O)C=NC=1C1=C(N=C(C=C1C)C)S2,0.004611176869366318
C1(CN2CCN(C(CCO)C2)CC2=CC(OC)=CC(OC)=C2)C=NN(C)C=1C,0.006309658102691173
C12C(=O)N(CC(=O)NC3CCCC3)C=NC=1C1=C(N=C(C=C1C)C)S2,0.006244488526135683
CC1=C(C2N(C)C(SCC(N3CCN(C(C4SC=CC=4)=O)CC3)=O)=NN=2)C=CO1,0.007674924400635064
CC1=C(C2N(C)C(SCC(N3CCN(CC(N4CCCC4)=O)CC3)=O)=NN=2)C=CO1,0.009132169000804425
C(=O)(NC1CCCCC1)N1CCCC(N(C)CCCN(C)C)C1,0.010132372146472335
CCN(C1CCCC=1)C(CSC1N(C)C(C2=C(C)OC=C2)=NN=1)=O,0.013124850299209356
C12C(=O)N(CC(=O)NC(C)C)C=NC=1C1=C(N=C(C=C1C)C)S2,0.004821506515145302
CC(NCC1SC(C(CSC2N(C)C(C3=C(C)OC=C3)=NN=2)=O)=CC=1)=O,0.01063189674168825
C12C(=O)N(CC(=O)NC(C)CC)C=NC=1C1=C(N=C(C=C1C)C)S2,0.005293098371475935
N1C(C)=NN(CCN2C=C(N=N2)CC(C)C2C=CC=CC=2)C=1C,0.010310645354911685
C1(=C(C)C=C(NC1=O)C)C(=O)NC(C1=CC=CN=C1)C1C=CC(=C(C)C=1)C,0.0069249723572283985
COC1=C(F)C=C(C(CSC2N(C)C(=O)C3=C(SC=C3)N=2)=O)C=C1,0.010295791598036886
C12C(=O)N(CC(=O)NC3=CC=CC=C3)C=NC=1C1=C(N=C(C=C1C1C=CC=CC=1)C)S2,0.004637080989778042
C1(C2CCCC=2NN=1)C(=O)N1CCN(C(C(O)=O)C1)C,0.005034068459644913
C12C(=O)N(CC(=O)NC3=CC=C(C=C3)C(C)C)C=NC=1C1=C(N=C(C=C1C1C=CC=CC=1)C)S2,0.005014532036148012
C12C(=O)N(CC(=O)NC3=CC=C(C(Cl)=C3)OC)C=NC=1C1=C(N=C(C=C1C1C=CC=CC=1)C)S2,0.003980769240297377
C1(=NC=CC=C1CNC1C=CC(=NN=1)C(C)C)N1CCN(CC1)C1=CC=CC=N1,0.007103184936568141
CC(N1C(=O)C2=C(C=CC=C2)N=C1SCC1ON=C(C2=CC=C(Cl)C=C2)N=1)C,0.00801623989827931
N1(CCCC(CCC(=O)NCC2C=CC=C(OC)C=2)C1)C(=O)CCN1C=NC=N1,0.006590947741642594
C12C(=O)N(CC(=O)NC3=CC=CC=C3Cl)C=NC=1C1=C(N=C(C=C1C1C=CC=CC=1)C)S2,0.004170882841572165
S1C(CCNC(C)CC(C)(C)SC)=NN=C1N,0.006294727325439453
C12C(=O)N(CC(=O)NC3=CC=C(C=C3)Cl)C=NC=1C1=C(N=C(C=C1C1C=CC=CC=1)C)S2,0.003916986694093794
N1(CCC2=C(N=CN=C2NCCN2CCNC2=O)C1)C(=O)C1CC1,0.004425934690516442
C12C(=O)N(CC(=O)NC3=CC=C(C=C3C)C)C=NC=1C1=C(N=C(C=C1C1C=CC=CC=1)C)S2,0.005121547169983387
C1(=NOC(C2CC2)=N1)C1=C(C)N=CC2CN(C(C3CCOCC3)=O)CCC1=2,0.011268807388842107
C12C(=O)N(CC(=O)NC3=CC=C(C=C3F)F)C=NC=1C1=C(N=C(C=C1C1C=CC=CC=1)C)S2,0.004074528487399221
C1(N(CCNC1=O)CC=CC1=CC=CC=C1OC)CC(NCCOC)=O,0.005889096553437412
C12C(=O)N(CC(=O)NC3=CC=CC=C3F)C=NC=1C1=C(N=C(C=C1C1C=CC=CC=1)C)S2,0.004556271713227034
C1(C(NCCC2=CNC=N2)=O)C=C2N(CCCN(C(C)C)C2)N=1,0.0039792513009160755
C12C(=O)N(CC(=O)NC3C=C(C)C=C(C)C=3)C=NC=1C1=C(N=C(C=C1C1C=CC=CC=1)C)S2,0.005052271508611738
CC(N1C(=O)C2=C(C=CC=C2)N=C1SCC(N1CCN(C(C2SC=CC=2)=O)CC1)=O)C,0.00642761264462024
C12N=CN=C(NCCNC(C3C=CN=CC=3)=O)C=1C1=C(CNCC1)S2,0.003851752250920981
C12C(=O)N(CC(=O)NC3C=C(OC)C=C(OC)C=3)C=NC=1C1=C(N=C(C=C1C1C=CC=CC=1)C)S2,0.004215519700665027
C12C(=O)N(CC(=O)NC3=CC=CC(F)=C3)C=NC=1C1=C(N=C(C=C1C1C=CC=CC=1)C)S2,0.0041705405106768016
CC(N1C(=O)C2=C(C=CC=C2)N=C1SC(C(N(CC1=CC(F)=CC=C1)C)=O)C)C,0.008231013151817023
C12C(=O)N(CC(=O)NC3C=CC(=CC=3)OCC)C=NC=1C1=C(N=C(C=C1C1C=CC=CC=1)C)S2,0.0044639806845225396
CC(N1C(=O)C2=C(C=CC=C2)N=C1SC(C#N)CC1=CC=C(C)C=C1)C,0.007166343228192318
C1(=CC(=NN1C)CC)C(=O)N1CCCC(C1)C1NN=CC=1C1C=CC(=CC=1)F,0.00447342311963439
C12C(=O)N(CC(=O)NC3=CC=CC=C3C(OC)=O)C=NC=1C1=C(N=C(C=C1C1C=CC=CC=1)C)S2,0.004443450761027634
C12OCOC1=CC(CN1CCCC(C1)NC1C=CC=CC=1)=CC=2OC,0.009619126957841218
C12C(=O)N(CC(=O)NC3C=CC(=CC=3)C(C)=O)C=NC=1C1=C(N=C(C=C1C1C=CC=CC=1)C)S2,0.005916327750310302
CC(N1C(=O)C2=C(C=C(C=C2)Cl)N=C1SCC(N1CCN(C(C2SC=CC=2)=O)CC1)=O)C,0.00556159031111747
C12C(=O)N(CC(=O)NC3C(F)=CC=C(F)C=3)C=NC=1C1=C(N=C(C=C1C1C=CC=CC=1)C)S2,0.004131426033563912
C1(NC(=O)CN2CCCCC2CN2CCOCC2)C(C)=NN(CC)C=1C,0.008233889285475016
CC(N1C(=O)C2=C(SC(=C2C)C)N=C1SCCN1CCCCC1)C,0.00976847200654447
C12C(=O)N(CC(=O)NC3=CC=CC=C3C)C=NC=1C1=C(N=C(C=C1C1C=CC=CC=1)C)S2,0.005008232791442424
CCC(N1C(=O)C2=C(C=CC=C2)N=C1SCC1ON=C(C2=CC=C(Cl)C=C2)N=1)C,0.008280018321238458
C1(C=C(C)C=C2CC(CN)OC=12)C1=NC=C(C=N1)F,0.01012517218478024
C12C(=O)N(CC(=O)NC3=CC=C(C=C3OC)OC)C=NC=1C1=C(N=C(C=C1C1C=CC=CC=1)C)S2,0.004360174399334937
C(=O)(C1=CN=CN=C1CCC)N1CCC(N(CC2=CC=CC=C2)C(CC)C1)=O,0.009221796412020922
C12C(=O)N(CC(=O)NC3=CC=C(C(OC)=C3)OC)C=NC=1C1=C(N=C(C=C1C1C=CC=CC=1)C)S2,0.004525794519577175
CCC(N1C(=O)C2=C(C=CC=C2)N=C1SCC(N1CCN(C(C2SC=CC=2)=O)CC1)=O)C,0.006518750498071313
C1(N[C@H](CO)COCC2=CC=CC=C2)=NC(C)=NC2SC=CC1=2,0.0026551339018624277
C12C(=O)N(CC(=O)NC3=CC=C(C(F)=C3)F)C=NC=1C1=C(N=C(C=C1C1C=CC=CC=1)C)S2,0.0044421951635740696
C1(=NC=CC=C1CNC(C1CCCCCC1)=O)N(C)CCC1C=CC=CN=1,0.010074885934591294
C12C(=O)N(CC(=O)NC3C=CC(=CC=3)OC)C=NC=1C1=C(N=C(C=C1C1C=CC=CC=1)C)S2,0.004380393016617745
CC(NCC1SC(C(COC2=C(Br)C=C(F)C=C2)=O)=CC=1)=O,0.00919648790732026
C12C(=O)N(CC(=O)NC3=CC=C(C(C)=C3)F)C=NC=1C1=C(N=C(C=C1C1C=CC=CC=1)C)S2,0.004223646910395474
C1(C=C(NN=1)COC1C=CC(=CC=1Cl)OC)C(=O)N(C)CC1CCCCN1C,0.0053473770036362115
C12C(=O)N(CC(=O)NC3C=CC(=CC=3)C)C=NC=1C1=C(N=C(C=C1C1C=CC=CC=1)C)S2,0.004829224315471947
C=CCN(C(CN(S(C1=CC2=C(OCCO2)C=C1)(=O)=O)CC1=CC=CC=C1)=O)CC1SC=CC=1,0.00621659669559449
C12C(=O)N(CC(=O)NC3=CC=CC(OC)=C3)C=NC=1C1=C(N=C(C=C1C1C=CC=CC=1)C)S2,0.004282806592527777
NC(NC(C1=CC=C(Cl)C=C1)CC(OCC(N1CCN(C(C2SC=CC=2)=O)CC1)=O)=O)=O,0.004597706045024097
C12C(=O)N(CC(=O)NC3C=CC(=CC=3)CC)C=NC=1C1=C(N=C(C=C1C1C=CC=CC=1)C)S2,0.0049899232806637885
CN1C2N(C(=NN=2)COC(CC(C2=CC=C(Cl)C=C2)NC(N)=O)=O)C2=C(C=CC=C2)C1=O,0.004683152528014034
C12C(=O)N(CC(=O)NC3=C(C)C=CC=C3C)C=NC=1C1=C(N=C(C=C1C1C=CC=CC=1)C)S2,0.005293608247302473
COC1=C(F)C=C(C(COC(C2(C3=CC=CC=C3)CCCC2)=O)=O)C=C1,0.01534263975918293
C12C(=O)N(CC(=O)NC3C(C)=CC=C(F)C=3)C=NC=1C1=C(N=C(C=C1C1C=CC=CC=1)C)S2,0.00432772912317887
CN1C2N(C(=NN=2)COC(C2(C3=CC=CC=C3)CCCC2)=O)C2=C(C=CC=C2)C1=O,0.010408725822344422
C1(=C(C)C=NN1C(CC)CC)NC(=O)C1NN=C(C2C=CSC=2)C=1,0.0044922782690264285
CCN(C1CCCC=1)C(CSC1N(C2=CC(Cl)=C(OC)C=C2)C(=O)C2=C(C=CC=C2)N=1)=O,0.008446003519929945
C1(=CN=C(NC1=O)SC)C(=O)N1CCN2C(=CC=C2)C1C,0.005959454365074635
C12C(=O)N(CC(=O)NC3=CC=C(C=C3)F)C=NC=1C1=C(N=C(C=C1C1C=CC=CC=1)C)S2,0.004281681182328611
CCCN1C2=C(C=C(S(N(C)C)(=O)=O)C=C2)N=C1COC(CCC1NC(=O)C2=C(C=CC=C2)N=1)=O,0.0027790201012976466
CC(NC1SC=C(COC2=C(Br)C=C(Cl)C=C2)N=1)=O,0.005750326183624565
C12N(C3CCN(CC3)C)N=CC=1NC(C1=CC=CC=N1)=N2,0.003834461304359138
C12C(=O)N(CC(=O)NC3=CC=CC=C3OC)C=NC=1C1=C(N=C(C=C1C1C=CC=CC=1)C)S2,0.004633345047477633
C1(=CC=CC=C1NC(C)=O)C(=O)NCC1=CCCN(CC=CC)C1,0.009480775659903884
C12C(=O)N(CC(=O)NC3=CC=C(C=C3Cl)C)C=NC=1C1=C(N=C(C=C1C1C=CC=CC=1)C)S2,0.004240880417637527
C(=O)(N(CC(C)C)CC1CCN(CC1)CC1=CC=CC=C1OC)C1C=CC=NC=1C,0.011959962081164122
C12SC3=C(C(C)=CC(C)=N3)C=1N=CN(C1C=CC(=CC=1)C(=O)NC1=CC=C(C(OC)=C1)OC)C2=O,0.005007183598354459
C12SC3=C(C(C)=CC(C)=N3)C=1N=CN(C1C=CC(=CC=1)C(=O)NC1=CC=C(C=C1OC)OC)C2=O,0.004860044864472002
CC(N(C1=C(C)C=C(C)C=C1)C1SC=C(COC2=C(Br)C=C(Cl)C=C2)N=1)=O,0.00846631673630327
C12=C(CCN(C3=NC=CC=C3C(O)=O)C1)ON=C2C1C=CC(=CC=1)C(F)(F)F,0.00437625878257677
C12SC3=C(C(C)=CC(C)=N3)C=1N=CN(C1C=CC(=CC=1)C(=O)NC1=CC=C(C(Cl)=C1)OC)C2=O,0.004360235063359141
CN1C2N(C(=NN=2)COC2=C(Br)C=C(Cl)C=C2)C2=C(C=CC=C2)C1=O,0.00809092444833368
N12C(C(C)C)=NN=C1SC(C1CCC(N(CCC)C1)=O)=N2,0.008008640026673675
C12SC3=C(C(C)=CC(C)=N3)C=1N=CN(C1C=CC(=CC=1)C(=O)NC1C=CC(=C(C)C=1)C)C2=O,0.005517686740495265
C1(=O)N(CCCC1(CNCCC(=O)N1CCCC1)O)CCC1CCCCC1,0.011505624279379845
C12SC3=C(C(C)=CC(C)=N3)C=1N=CN(C1C=CC(=CC=1)C(=O)NC1C=CC(=C(F)C=1)C)C2=O,0.0047133495914749805
C12SC3=C(C(C)=CC(C)=N3)C=1N=CN(C1C=CC(=CC=1)C(=O)NC1C=CC(=CC=1)Br)C2=O,0.005302171898074448
C1(N(C)C)=NC2CCN(CCC=2C(=O)N1)C(=O)C1=CNN=C1C,0.0036860179854556916
C12SC3=C(C(C)=CC(C)=N3)C=1N=CN(C1=CC=CC(=C1)C(=O)NCC1C=CC(=CC=1)Cl)C2=O,0.0045916448929347094
N1(CC)C(CC2CCNCC2)=NN(CC(=O)N2CCOCC2)C1=O,0.004878073162399232
FC1=CC(C(OCCCN2C(=O)C3=C(C=CC=C3)C2=O)=O)=CC(F)=C1,0.003648128837812692
N1(C(CN)=NNC1=O)C1=C(OC)C=CC(OC)=C1,0.004530453134793788
CCN1C(=O)N(CC2=CC=CC=C2)C(N)=C(C(COC2=C(Br)C=C(F)C=C2)=O)C1=O,0.007520258217118681
C12SC3=C(C(C)=CC(C)=N3)C=1N=CN(C1=CC=CC(=C1)C(=O)NCC1C=CC(=CC=1)C)C2=O,0.005520508065819741
CC(N(C1=C(C)C=C(C)C=C1C)C1SC=C(COC2=C(Br)C=C(F)C=C2)N=1)=O,0.009481668286025525
C12SC3=C(C(C)=CC(C)=N3)C=1N=CN(C1=CC=CC(=C1)C(NCCCC1=CC=CO1)=O)C2=O,0.004799218336120248
CC(N(C1=CC(Cl)=CC=C1)C1SC=C(COC2=C(Br)C=C(F)C=C2)N=1)=O,0.007194761116988957
C12SC3=C(C(C)=CC(C)=N3)C=1N=CN(C1=CC=CC(=C1)C(=O)NCC1C=CC(=C(OC)C=1)OC)C2=O,0.005273265019059181
C12SC3=C(C(C)=CC(C)=N3)C=1N=CN(C1=CC=CC(=C1)C(=O)NC1C=CC(=CC=1)Cl)C2=O,0.004283814935479313
N1C=NC(=CC=1NCC(=O)NC1C=CC=CC=1C)OC,0.004977543593849987
C12SC3=C(C(C)=CC(C)=N3)C=1N=CN(C1=CC=CC(=C1)C(=O)NC1C=CC=C(F)C=1)C2=O,0.004549855215009302
C12SC3=C(C(C)=CC(C)=N3)C=1N=CN(C1=CC=CC(=C1)C(=O)NC1=CC=C(C=C1OC)OC)C2=O,0.0047723418334499005
C12SC3=C(C(C)=CC(C)=N3)C=1N=CN(C1=CC=CC(=C1)C(=O)NC1C=CC(=C(F)C=1)C)C2=O,0.0047333513153716925
N1(C(C)C)CCC(CC1)NCCCC1=CC=CC=C1OC,0.012343073962256312
C12SC3=C(C(C)=CC(C)=N3)C=1N=CN(C1=CC=CC(=C1)C(=O)NC1=CC=CC=C1C)C2=O,0.005237829312682152
C1(C(=O)NCC2C=CC(=CC=2)OC)=CN(N=N1)CC1=C(C=CC=C1F)F,0.005715632974170148
C12SC3=C(C(C)=CC(C)=N3)C=1N=CN(C1=CC=CC(=C1)C(=O)NC1=CC=C(C=C1)Br)C2=O,0.005191919603385031
C12C(C)=CC=CN1C=C(CN1C=CC(C3C=CC=C(C4=CN=CN=C4)C=3)=N1)N=2,0.00856115713249892
CN1C2N(C(=NN=2)COC2=C(Br)C=C(F)C=C2)C2=C(C=CC=C2)C1=O,0.007030659704469144
C12SC3=C(C(C)=CC(C)=N3)C=1N=CN(C1=CC=CC(=C1)C(=O)NC1C=CC=C(OC)C=1)C2=O,0.0046566512319259346
N1C(=CSC=1SCC)CC(=O)N(C)CC1=CC2C(=CC=C(F)C=2)N1,0.003658490732777864
OC(C1=CC(COC2=C(Br)C=C(F)C=C2)=CC=C1)=O,0.006104808929376304
C12SC3=C(C(C)=CC(C)=N3)C=1N=CN(C1=CC=CC(=C1)C(=O)NC1C=CC=CC=1CC)C2=O,0.00522957369685173
S(CCC)(=O)(=O)N1CCC(N(CC2C=CC=CC=2)C(CC)C1)=O,0.007597907609306276
C12SC3=C(C(C)=CC(C)=N3)C=1N=CN(C1=CC=CC(=C1)C(=O)NC1=CC=C(C=C1)CC)C2=O,0.0052121915621683
C1(=CC=C(COC)O1)C(=O)N(CCN(C)C)CC1CCCN(CC2=CC=CC=C2F)C1,0.00863510782364756
C12SC3=C(C(C)=CC(C)=N3)C=1N=CN(C1=CC=CC(=C1)C(=O)NC1C=CC(=CC=1)C(C)C)C2=O,0.005265766265802085
S(CC)(=O)(=O)N1CCCC1C(=O)NC1C=CC=C(C=1)N1C=CC=N1,0.0038396775373257695
N1N=C(NN=1)CCCNC(=O)CC1C(=O)NCCN1C(C)C,0.002188348933123052
CC1=C(C2OC(COC3=C(Br)C=C(F)C=C3)=NN=2)C(C2=CC=CC=C2)=NO1,0.009286893717944621
C1(C#N)=C(C2C=NC(=NC=2)NCCC)C=C(N=C1N)C1C=CC=C(O)C=1,0.002085613028611988
N1(CCC2=CC(CNC(CSC3=CC=CC=C3)=O)=CC=C12)C(=O)C1=CC=C(C=C1)C,0.007111597410403192
COC(C1=CC(OC)=C(OCC2=CC(C#N)=CC=C2)C=C1)=O,0.0075143605004996065
C1(=CC=NN1C1CCN(CC1)C([C@H](C)N)=O)NS(CC1=CC=CC=C1)(=O)=O,0.0040883398847654465
COC(C1=CC(OC)=C(OCC2=C(OC)C=C(Br)C(OC)=C2)C=C1)=O,0.012216960405930876
N1(CCC2=CC(CNC(CCC3C=C(OC)C(=C(OC)C=3)OC)=O)=CC=C12)C(=O)C1C=CC(=CC=1)Cl,0.007979100150987507
COC(C1=CC(OC)=C(OCC2=C(OC)C=CC(F)=C2)C=C1)=O,0.0086229857057333
N1(CCCC(C1)N1CCN(CC1)C1=CC=CC=C1)C(=O)CCSC,0.009203942911699414
C(CCC(OC)=O)(=O)N(C)CC1CCN(CC1)CCC1C=CC(=CC=1)OC,0.011355418432503938
COC(C1=CC(OC)=C(OCC2=CC=C(C(N3CCCC3)=O)C=C2)C=C1)=O,0.009597759507596493
C(=O)(C1CCOC1)N1CCC(CC1)(O)C1=CC=C(C=N1)C,0.009544747695326806
N1(CCC2=CC(CNC(=O)C3=CC(OCC)=C(C(OCC)=C3)OCC)=CC=C12)C(=O)C1C=CC(=CC=1)Cl,0.008198775257915259
C1(C(OC)=O)(CC1)C(=O)N1CCC(N(CC2=CC=CC=C2)C(CC)C1)=O,0.01364008286036551
N1(CCC2=CC(CNC(CCC3ON=C(C4C=CC(=CC=4)C)N=3)=O)=CC=C12)C(=O)C1C=CC(=CC=1)Cl,0.005745286401361227
N1(CCNC(CSCC2C=CC=CC=2Cl)=O)C=CC=N1,0.004597614309750498
N1(CCC2=CC(CNC(=O)C3C4=CC=CC=C4N=C(C4=CC=CO4)C=3)=CC=C12)C(=O)C1=CC=C(C=C1)Cl,0.00606192082632333
C12C(C)=CC=CN1C(=CN=2)CC(=O)N1CCC(CC1)N1CCCC1=O,0.005535032553598285
N1(CCC2=CC(CNC(=O)C3C4=CC=CC=C4N=C(C4=CC=C(C(C)=C4)C)C=3)=CC=C12)C(C1C=CC=CC=1)=O,0.007958134752698243
S(=O)(=O)(N1CCC(CC1)C(=O)NCC1=CC=C2C(CCN2C(C2C=CC=CC=2)=O)=C1)C1=CC=CS1,0.004218130733352155
C1(OC(=C(CN2CCC(CC2)C2C=CC=CC=2)N=1)C)C1=CC2OCOC=2C=C1Cl,0.007607084000483155
N1(CCC2=CC(CNC(=O)C3C4=CC=CC=C4N=C(C4C=CC(=CC=4)F)C=3)=CC=C12)C(C1=CC=CC=C1)=O,0.006179038295522332
COC(C1=CC(OC)=C(OCC2N3C(N(C(C4=C3C=CC=C4)=O)C)=NN=2)C=C1)=O,0.0075289629166945815
N1(CCC2=CC(CNC(=O)C3=CC=C(CSCC4=CC=CC=C4F)O3)=CC=C12)C(C1C=CC=CC=1)=O,0.006184288626536727
N1(CCC2=CC(CNC(=O)C3=CC(OCC)=C(C(OCC)=C3)OCC)=CC=C12)C(=O)C1C=CC(=CC=1)F,0.007330855331383645
N1(CCC2=CC(CNC(=O)C3=CC(OCC)=C(C(OCC)=C3)OCC)=CC=C12)C(=O)C1C=CC=C(C)C=1,0.009777093818411232
S(=O)(=O)(N(CC)CC)N1CCC(CC1)C(=O)NCC1=CC=C2C(CCN2C(=O)C2C=CC=C(C)C=2)=C1,0.008305263728834689
N1(CCC2=CC(CNC(=O)C3C4=CC=CC=C4N=C(C4=CC=C(C(C)=C4)C)C=3)=CC=C12)C(=O)C1C=CC=C(C)C=1,0.008016982371918857
S(=O)(=O)(N1CCOCC1)N1CCC(CC1)C(=O)NCC1=CC=C2C(CCN2C(=O)C2C=CC=C(C)C=2)=C1,0.0072056017583236095
N1(CC(=O)NCC2=CC=C3C(CCN3C(=O)C3C=CC=C(C)C=3)=C2)C2=CC(Cl)=CC=C2OC(CC)C1=O,0.007406191900372505
C12N(CC3C=CC=CC=3OC)N=CC=1NC(C1=CC=C(C=C1OC)OC)=N2,0.005121009633876383
N1(CCC2=CC(CNC(=O)CN3C(=O)COC4=CC=C(C(C)(C)C)C=C34)=CC=C12)C(=O)C1C=CC=C(C)C=1,0.008342812233604491
S(=O)(=O)(N1CCCC1)N1CCC(CC1)C(=O)NCC1=CC=C2C(CCN2C(=O)C2C=CC=C(C)C=2)=C1,0.007998543372377754
CC1N2C(=NC(=CC2=O)COC(C2OCCC2)=O)SC=1,0.0073215125128626825
CC1=CC=C(NC2=NC(COC(C3OCCC3)=O)=NC(N)=N2)C=C1,0.00452607108745724
N1(CCC2=CC(CNC(=O)CCN3C(=O)CCC(C4C=CC(=CC=4)OC)=N3)=CC=C12)C(=O)C1C=CC=C(C)C=1,0.006027590692974627
CC1=CC=C(NC2=NC(COC3=C(F)C=C(Br)C=C3)=NC(N)=N2)C=C1,0.005528903380036354
C1(C=C(NN=1)COC1C=CC=CC=1OC)C(=O)N1CCC(CC1)C(C)O,0.0031392319942824543
CC1N(S(C)(=O)=O)C2=C(C=C(C(COC3=C(F)C=C(Br)C=C3)=O)C=C2)C1,0.010718293208628892
COC1=C(OCC2=CC(C#N)=CC=C2)C=CC(C(C)=O)=C1,0.014121416257694364
S(N)(=O)(=O)C1=C(C)C(C)=CC(C(=O)NCC2C(C)=NNC=2C)=C1,0.003739650920033455
COC1=C(OCC2=C(Cl)N=C3C(C=CC(=C3)SC)=C2)C=CC(C(C)=O)=C1,0.01022674422711134
S(=O)(=O)(N1CCCC1)N1CCCC(C(=O)NCC2=CC=C3C(CCN3C(=O)C3C=CC=C(C)C=3)=C2)C1,0.00782529111020267
N1(C2=CC=CC=C2OC)C=C(C=N1)CNC1CCCN(C2=CC=C(C=N2)C(F)(F)F)C1,0.003768915904220194
S(=O)(=O)(N1CCC(CC1)C(=O)NCC1=CC=C2C(CCN2C(=O)C2C=CC=C(C)C=2)=C1)C1=CC=CS1,0.004308465030044317
N1(CC(NCCCN2CCCC2=O)=O)N=NN=C1CN1CCC2C(=CC=CC=2)C1,0.004928669077344239
N1(CCC2=CC(CNC(=O)C3C4=CC=CC=C4N=C(C4C=CC(=CC=4)F)C=3)=CC=C12)C(=O)C1C=CC=C(C)C=1,0.006306334678083658
C12CN(CCC=1ON=C2C1=CC=CC=C1F)C(=O)CCC1C=CC=CC=1OC,0.008195977727882563
COC1=C(OCC2=CC=C(C(N3CCCC3)=O)C=C2)C=CC(C(C)=O)=C1,0.014594790944829582
N1(CCC2=CC(CNC(=O)C3=CC=C(CSCC4=CC=CC(C)=C4)O3)=CC=C12)C(=O)C1C=CC=C(C)C=1,0.00829716925509274
COC1=C(OCC(N(C2CCCCC=2)C2CC2)=O)C=CC(C(C)=O)=C1,0.018858912773430346
N1(CCCC(COC)C1)C(=O)C1=CC=C(N=C1)NCC(C)(C)CN(C)C,0.00815726574510336
COC1=C(OCC2N3C(N(C(C4=C3C=CC=C4)=O)C)=NN=2)C=CC(C(C)=O)=C1,0.011268199887126684
C1(C=NN2C=CC=CC=12)C(=O)N(C(CC)CO)CC1C=CC=CN=1,0.004568150360137224
N1(CC(=O)N2CCN(CC2)CC2C=CC=CC=2)C2=CC=CN=C2N(C(=O)C1=O)C,0.0066596801625564694
COC1=CC=C(CCC(OCC(C2SC(CNC(C)=O)=CC=2)=O)=O)C=C1,0.010391462920233607
C1(=CN2C(C=CC(C)=C2)=N1)C(=O)N1CCC(CC1)N1C=C(N=N1)C(C)(C)C,0.0062775798607617615
CCOC(C1=C(COC(C2=CC=C(N3C(=O)CCC3=O)C=C2)=O)C2=C(C=CC=C2)O1)=O,0.004321315628476441
C(=O)(C1=CC=C(N=C1)NC(C)CO)N1CCC(CC1)CCC1C=CC=CC=1,0.00388815343612805
NC1=C2C(SC3=C2CCCC3)=NC(SCCS(OC2=CC=CC=C2)(=O)=O)=N1,0.006186594511382282
N1(C2C=CC=CC=2C)N=CC(C(C)NC(COC2=CC=C(C=C2)C(C)=O)=O)=C1C,0.01129631963558495
N1(CC(=O)N2CCC(CC2)CC2C=CC=CC=2)C2=CC=CN=C2N(C(=O)C1=O)C,0.00676312311552465
CCN(C1CCCC=1)C(CSC1=NC2=C(C3=C(S2)CCCC3)C(N)=N1)=O,0.007138710911385715
O=N(C1=CC(C=O)=C(OCC2SC(Cl)=CC=2)C=C1)=O,0.0033068944059778003
N1(CC(=O)NCC2C=CC=CC=2Cl)C2=CC=CN=C2N(C(=O)C1=O)C,0.005174125044140965
C1(C(C)N(C)CC2NC=NC=2C)=C(C)SC(C)=N1,0.00584481111727655
CC(C1=CC(C(OCC2N3C(N(C(C4=C3C=CC=C4)=O)C)=NN=2)=O)=C(O)C(C(C)C)=C1)C,0.004999691620469093
C12CN(CCOC1=C(C=C(C1C=CC=C(Cl)C=1)C=2)O)CC1=CN=C(N=C1)N,0.0027120484272018077
N1(CC(NCCC2C=CC(=CC=2)Cl)=O)C2=CC=CN=C2N(C(=O)C1=O)C,0.005328151886351407
NC1=C(C#N)C=NC(SCC2=CC=C(Br)C=C2)=N1,0.0054147730697877705
N12C=CC=C(C)C1=NC1CNC(=O)CC(C3C(OC)=CC4=C(CCC4)C=3)C2=1,0.00801330297254026
NC1=C(C#N)C=NC(SCC2=C(Cl)C=CC=C2Cl)=N1,0.0038487557030748576
N1=C(C)C(=C(C)O1)CCCNC(=O)C1=CC=C(N=C1)NC1CCCC1,0.007259753765538335
C1(=CC(C2C=NC(=NC=2)NCC)=NC2=CC(C)=CC(C)=C12)C(=O)N(C)C,0.006089312536641955
N1(CCN(CC1)[C@@H]1CCN(C[C@H]1O)CC1=CN=C(N=C1)OC)C1=CC=CC=N1,0.002082163142040372
N1(CC(=O)NC2CCCCCCC2)C2=CC=CN=C2N(C(=O)C1=O)C,0.00931997001171112
C1(C(NCCCN2CCCC3=CC=CC=C23)=O)=CN(N=N1)CCCC1C=CC=CC=1,0.008763173175975681
N1(CC(NCCC2C=CC(=C(OC)C=2)OC)=O)C2=CC=CN=C2N(C(=O)C1=O)C,0.006658669468015433
NC1=C(C#N)C=NC(SCC2=CC(N(=O)=O)=CC=C2)=N1,0.002233550645178184
N1(C=CC=C1CN1CCN(C(CCO)C1)CCCC1C=CC=CC=1)C1SC=CN=1,0.005574853881262243
CCN(C1=CC=C(NC(CSC2=NC(N)=C(C#N)C=N2)=O)C=C1)C(C)C,0.004278015193995089
N1(CC(=O)NCC2C=CC3=C(OCO3)C=2)C2=CC=CN=C2N(C(=O)C1=O)C,0.006011251010932028
C(=O)(C1CCCN(CC2=CC=C(C(OC)=C2)O)C1)C1C=CC(=CC=1C)Cl,0.007772297132760286
N1(CC(=O)NC(C)C2=CC=CC=C2)C2=CC=CN=C2N(C(=O)C1=O)C,0.006285564065910876
COC1=CC=C(C2N(C(CSC3=NC(N)=C(C#N)C=N3)=O)N=C(C3=CC4=C(C=CC=C4)C=C3)C2)C=C1,0.004073222074657679
N1(CC(=O)NCC2C=CC=C(C)C=2)C2=CC=CN=C2N(C(=O)C1=O)C,0.005734268110245466
NC1=C(C#N)C=NC(SCCOC2=C(F)C=CC=C2)=N1,0.003915242024231702
S(N)(=O)(=O)C1=CC=C(C=C1)CNC1C=C(N2CCOCC2)N=C(N)N=1,0.0028085788013413548
CC(C(NC1=C(Cl)C=C(F)C=C1)=O)SC1=NC(N)=C(C#N)C=N1,0.0031207597930915654
N1(CC(NCCC2C=CC=CC=2)=O)C2=CC=CN=C2N(C(=O)C1=O)C,0.0058488821843639014
CC1=CC=C(C2SC=C(CSC3=NC(N)=C(C#N)C=N3)N=2)C=C1,0.00419437880627811
N1(CC)C(CC2CCN(CC2)C2=CC=C(N=N2)Cl)=NN(C)C1=O,0.0058268865570425986
COC1=CC(CSC2=NC(N)=C(C#N)C=N2)=CC=C1,0.005117950681596995
C12C(C)=C(SC=1N=C(N=C2N1CCC(CC1)C(O)C1=NC=CN1C)CCN)C,0.00345369812566787
CC(C(N(C1=CC=CC=C1)C)=O)SC1=NC(N)=C(C#N)C=N1,0.004340189031790942
C1(C=C(ON=1)CN1C2C=CC=CC=2N=C1)C(=O)N1CCOCC1,0.005592803773470223
N1(CC(NCCC2=CC=C(C=C2)C)=O)C2=CC=CN=C2N(C(=O)C1=O)C,0.006289479741826654
CC1=C(OCCSC2=NC(N)=C(C#N)C=N2)C=CC=C1,0.004558368946891278
S(CC)(=O)(=O)N1CCN(CC1)C1C2CCNCC=2N=C(N)N=1,0.0028854638221673667
N1(CC(=O)NC2CCCC3C=CC=CC2=3)C2=CC=CN=C2N(C(=O)C1=O)C,0.008474597102031111
C1(C=C(C)C(=C(C)C=1)OC)C(=O)C1CCCN(CC(=O)NC2C=NN(C)C=2)C1,0.009213240025565029
N1(CC(=O)NCC(C)C2C=CC=CC=2)C2=CC=CN=C2N(C(=O)C1=O)C,0.006565107731148601
CCOC1=CC=C(OCCSC2=NC(N)=C(C#N)C=N2)C=C1,0.004768141696695238
C12C(C)=CC=CN1C(=CN=2)CNC(=O)C1C=NC(=NC=1)C1=CC=CN=C1,0.005121509206946939
N1(CC(=O)NC2CCN(CC2)CC2C=CC=CC=2)C2=CC=CN=C2N(C(=O)C1=O)C,0.006024091318249702
C1(C(=O)NCC2C=CC(=CC=2)C2=NOC(C)=N2)=CN2C(SC=C2)=N1,0.0037173400982283057
NC1=C(C#N)C=NC(SCCOC2=CC=C(F)C=C2)=N1,0.0037397050647996364
C1(CC(N(CCN(C)C)C1)=O)C(=O)N1CCC(CC1)CN1C=CN=C1,0.00752370033878833
C(=O)(CC(NCCC1=CC=CC=C1OCC)=O)NC1C=CC=C(C)C=1C,0.008516201609745621
NC1=C(C#N)C=NC(SCC2NC(=O)C3=C(C=CS3)N=2)=N1,0.0017006730777211487
N12C=C(N=C1SC=C2C(=O)NCC1(CN2C=CC=N2)CC1)C1=CC=CC=C1,0.005977611150592565
N1(CC(=O)NC(C)CCC2=CC=CC=C2)C2=CC=CN=C2N(C(=O)C1=O)C,0.007301057875156403
N1C(NC)=C(F)C=NC=1N1CC2=C(C=NC(C(C)(C)C)=N2)C1,0.0067490905988961455
N1(CC(=O)NC(CCC)C2=CC=CS2)C2=CC=CN=C2N(C(=O)C1=O)C,0.006399340881034732
CC(C(NC1CC1)=O)SC1=NC(N)=C(C#N)C=N1,0.004103948303963989
N1(CC(=O)NC(C)CC2=CC=CO2)C2=CC=CN=C2N(C(=O)C1=O)C,0.006187860574573279
CC(C(NC1=C(C#N)C=C(N(=O)=O)C=C1)=O)SC1=NC(N)=C(C#N)C=N1,0.0025305708695668727
N1([C@H](CO)C[C@@H](N(C)C)C1)C(=O)C1=CC=C(C2C=CC=C(OC)C=2)O1,0.004802865255624056
CCOC(C1C(C)=C(C(C(SC2=NC(N)=C(C#N)C=N2)C)=O)NC=1C)=O,0.004732043854892254
C1(=C(C)C=C(N(C)C1=O)C)C(=O)N(CC1=CC=C(C=C1)SC)C1CC1,0.011455404805019498
CC(C(NC1C(C)CCCC1)=O)SC1=NC(N)=C(C#N)C=N1,0.005789367074612528
C1(C=C(NN=1)COC1=CC=CC(C(C)=O)=C1)C(=O)N(C)CC(NC)=O,0.007554042269475758
COC1=CC=C(CCSC2=NC(N)=C(C#N)C=N2)C=C1,0.005397270480170846
C1(C(=O)NCC2=CNN=C2C2C=CC(=CC=2)Cl)C=NN(CC)C=1C,0.004506305861286819
N1(CC(=O)NCC2=CC=CC=C2OCC)C2=CC=CN=C2N(C(=O)C1=O)C,0.006017839629203081
S(=O)(=O)(NCC1C=CC(=CC=1)CO)NCC1C=CC=CC=1,0.004257927986327559
CC1=C(CSC2=NC(N)=C(C#N)C=N2)C=CC=C1,0.0048784555518068375
N1C(CC)=CSC=1CNC(=O)C1=CC=C(N=C1)NC1CCOCC1,0.005266622407361865
N1(CC(NCCN2CCN(CC2)C2=CC=CC(Cl)=C2)=O)C2=CC=CN=C2N(C(=O)C1=O)C,0.0047376490198075775
C1(CNC(=O)C2=CC(OC)=NC(OC)=N2)C(C)=NOC=1C,0.006513903778977692
CCCN(C(CSC1=NC(N)=C(C#N)C=N1)=O)CC(NC1=C(C)C=CC=C1)=O,0.004573538480326533
N1(CC(=O)NCC2=CC=C(C=C2)SC)C2=CC=CN=C2N(C(=O)C1=O)C,0.005312200356274843
NC1=C(C#N)C=NC(SCC2N=C(C3=CC=C(F)C=C3)SC=2)=N1,0.003495794825721532
N1(CC(=O)NCC2C=CC(=CC=2OC)OC)C2=CC=CN=C2N(C(=O)C1=O)C,0.006408557924441993
C1(C(C)=NNC=1C)SC1C=CC=CC=1NC(=O)C1C=CC=NN=1,0.004901139112189412
N1(CC(=O)NCC2C=CC=C(OC)C=2OC)C2=CC=CN=C2N(C(=O)C1=O)C,0.007043129205703736
N1(CCCC(C1)C(=O)C1=CC=C(C(F)=C1)C1C=CC=CC=1)C1CCN(CC1)C,0.013765909848734737
N1(C)C(COC2=CC=C(C=C12)C(=O)N(C)C)CC(=O)NC1(CCCC1)COC,0.009668951062485576
N1(C=NN=C1CC1C2C=CC=CC=2NC=1)C1C=CC=C(C(C)=O)C=1,0.007226256979629397
N1(CC(=O)NCC2C=CC(=CC=2)OCC)C2=CC=CN=C2N(C(=O)C1=O)C,0.005985561688430607
N1=C(C2CC2)N=C(CCN2CCCCC2)N1C1C=CC(=CC=1)S(C)(=O)=O,0.00803179843351245
N1(CC(=O)NCC2=CC=C(C=C2)N(C)C)C2=CC=CN=C2N(C(=O)C1=O)C,0.005604787939228117
N1(CC(NCCCSCCC)=O)C2=CC=CN=C2N(C(=O)C1=O)C,0.0052955301711335775
CN(C(CSC1=NC(N)=C(C#N)C=N1)=O)CC1=CC(F)=CC=C1,0.0036169128958135842
N1(CCC(CC1)C(=O)NCC1=CC=CN=C1)C1CCN(CC1)CC1C=CC=CC=1,0.009024604037404061
CC(C1=C(Cl)C=CC=C1)SC1=NC(N)=C(C#N)C=N1,0.004385123704560101
C1(C=NN(CCC)C=1C)C(=O)N(C(CC)CO)CC1=CC=CC=C1C,0.0070752949919551614
C1(NC(CNCC2C=CC3=C(OCO3)C=2)=O)C(C)=NN(CC)C=1C,0.007974359695799649
N1(CC(NCCC2C=CC=CC=2C)=O)C2=CC=CN=C2N(C(=O)C1=O)C,0.006231076829135418
NC1=C(C#N)C=NC(SCC2=C(C(F)(F)F)C=CC=C2)=N1,0.0027149522444233297
[C@]12(CNC[C@@H]1CN(C(=O)C1CC1)C2)C(=O)NCC1=CC(=NN1)C,0.0053657557582482696
N1(CC(NCCC2=CC=CS2)=O)C2=CC=CN=C2N(C(=O)C1=O)C,0.004962697601877153
CN(C(CSC1=NC(N)=C(C#N)C=N1)=O)CC1OC=CC=1,0.0042069369927048685
C1(CCOC1)(CN(C)CC1NC=CN=1)C1=CC=CC(F)=C1,0.0035194848547689616
N1(CC(NCCC2=CC=C(C=C2)SC)=O)C2=CC=CN=C2N(C(=O)C1=O)C,0.005622461158782244
CC(C1=CC=C(F)C=C1)SC1=NC(N)=C(C#N)C=N1,0.004866366169881076
C(=O)(N1CC[C@@]([C@@H](CC)C1)(C)O)C1C2=CC=CC=C2N=C(C2C=CN=CC=2)C=1,0.008205673331394792
N1(CC(=O)NCC2=CC=CC(Br)=C2)C2=CC=CN=C2N(C(=O)C1=O)C,0.00651609837077558
N1C(CN2CCCN(CC2)C(=O)C2=CC=CO2)=C(OC=1C1=CC=C(C)O1)C,0.00855491692200303
N1(CC(=O)NCC2=CC=CC=C2C)C2=CC=CN=C2N(C(=O)C1=O)C,0.005811988294590264
CC1=CC=C(NC2=NC(CSC3=NC(N)=C(C#N)C=N3)=NC(N)=N2)C=C1,0.004102180420886725
N1(CC(=O)NCC2C=CC(=CC=2)OC(C)C)C2=CC=CN=C2N(C(=O)C1=O)C,0.006640678714029491
CC(C(NC1=C(C)C=CC=C1)=O)SC1=NC(N)=C(C#N)C=N1,0.004052090097684413
C12(CCCN(CC3=CC=CC(OC)=C3)C1=O)CCN(C2)C(=O)C1OC=CC=1C,0.010022344067692757
NC1=C(C#N)C=NC(SCC2=C(Br)C=C3C(OCO3)=C2)=N1,0.005259301117621362
N1(CC(NCCC2C=CC=CC=2Cl)=O)C2=CC=CN=C2N(C(=O)C1=O)C,0.005307681299746037
CC(C1=CC(Cl)=C(Cl)C=C1)NC(CSC1=NC(N)=C(C#N)C=N1)=O,0.003525427606655285
N1(CC(=O)NCC2=CC=C(C=C2)CC)C2=CC=CN=C2N(C(=O)C1=O)C,0.006674399855546654
N1=C(C2=CC=C(C(OC)=C2)F)OC(C)=C1CN1CCC(CC1)N1CCNC(=O)CC1,0.005023035430349409
N1(CC(=O)N2CCN(CC2)C2C=CC=CC=2)C2=CC=CN=C2N(C(=O)C1=O)CC,0.005788297299295664
C1(=CN(N=N1)CCCC1C=CC=CC=1)C(=O)N[C@@H]1CCCC[C@H]1C1=CC=CC=C1,0.009870864870026707
N1(CCCC1C(=O)NC1=CC=C(C=C1)C1=CSC=N1)CC1=CC=CC(OC)=C1,0.006223548552952707
C12=CC3NN=CC=3C=C1C(CC(=O)N2)C1COC2=C(C=CC=C2OC)C=1,0.00576441022567451
CC(C1NC(=O)C2=C(C=CC=C2)N=1)SC1=NC(N)=C(C#N)C=N1,0.002402282098773867
C1(=CC=CC=C1OCC(O)CN1CCSCC1)CN1CCCN(C)CC1,0.007015416631475091
CC(C1=C(Cl)C=CC=C1)NC(CSC1=NC(N)=C(C#N)C=N1)=O,0.0032511453493498264
N1C(COC2C=CC(=CC=2)CC(N)=O)=C(OC=1C1C=CC=C(Cl)C=1)C,0.004846080380957574
N1(CC(C)NCC(=O)NC(C)C)C=NC2C(=CC=CC=2)C1=O,0.00570683772675693
N1(CC(=O)N2CCC(CC2)CC2C=CC=CC=2)C2=CC=CN=C2N(C(=O)C1=O)CC,0.007002226682379842
C1(C=C2N(C=CC=N2)N=1)C(=O)N1C[C@@H](C[C@H]1C(=O)N(CC)CC)N,0.007357417140156031
N1(CC(=O)N2CCN(CC2)C2=CC=CC=N2)C2=CC=CN=C2N(C(=O)C1=O)CC,0.005272677796892822
N1(CC(=O)NCC2=CC=CC(Cl)=C2)C2=CC=CN=C2N(C(=O)C1=O)CC,0.004849655122961849
C1(C(=CC=CN=1)Cl)C1C=CC=C(OC(C)C)C=1,0.010872486559674144
N1(CC(=O)NCC2C=CC=CC=2Cl)C2=CC=CN=C2N(C(=O)C1=O)CC,0.004999360092915595
CC(N1C(NC(C(SC2=NC(N)=C(C#N)C=N2)C)=O)=CC=N1)C,0.00382456814404577
N1C(C)=NN(CCCNC2CCN(CC2)C(C2=CC=CC=C2)=O)C=1C,0.0058060804381966594
N1(CC2=CC=CC=C2)C(CC)CN(CCC1=O)C(=O)C1C=CN=C(CCC)C=1,0.0106818791013211
CC1=CC(CSC2=NC(N)=C(C#N)C=N2)=CC=C1,0.00488676642999053
[C@@H]1(NC2=NC=CC(=N2)C2C=CC(=NC=2C)C)C[C@H]1C1C=CC=CC=1,0.006458885490428656
CC(C1C2CC(CC2)C1)NC(NC(CSC1=NC(N)=C(C#N)C=N1)=O)=O,0.0017802653019316494
N1=C(C2C=CC=C(Cl)C=2)OC(C)=C1CN1CCC(CC1)CCC(N)=O,0.005245476891286671
N1(CCOC(C2C=CC(=CC=2)Cl)C1)C(=O)C1C=CC(=CC=1)CC=C,0.008428006246685982
NC1=C(C#N)C=NC(SCC2N=C3N(C=C(C=C3)Cl)C=2)=N1,0.002620798151474446
C12C3=CC=CC=C3OCC=1C(=C(C#N)C(N)=N2)C1C=NC(=NC=1)NCC(O)=O,0.002724130667047575
N1(CC(=O)NCC2=CC=C(C=C2)Cl)C2=CC=CN=C2N(C(=O)C1=O)CC,0.005218920961488039
C1(C(=O)NC(C)CC2C=CC=NC=2)C=C(ON=1)CN1C2C=CC=CC=2N=C1,0.0059289023978635665
N1C(CC)=C(C2C=C(C)C=C(CNC(=O)CN3C=CC=NC3=O)C1=2)C,0.0043211939628236
N1(CC(NCCC2C=CC(=CC=2)Cl)=O)C2=CC=CN=C2N(C(=O)C1=O)CC,0.005191437038592994
S1C(C)=CC=C1CN(CC1CCN(CC1)CCOC)CC1C=CN=CC=1,0.013029579166322946
NC1=C(C#N)C=NC(SCC2OC3=C(C=CC=C3)N=2)=N1,0.003284859412815422
C(=O)(C1C=CC(=C(C)C=1)C)N1CCC(CC1)N1CCC(CC1)C(=O)NCC1CCCO1,0.010705372737720608
NC1=C(C#N)C=NC(SCC(N2C(C3SC=CC=3)CC(C3SC=CC=3)=N2)=O)=N1,0.0043727047392167154
N1(CC(=O)NC2CCCCCC2)C2=CC=CN=C2N(C(=O)C1=O)CC,0.008588257059454919
C1(C2CCCN2C(=O)CCC2NN=C3CCCCC=23)NC2C(=CC=C(C)C=2)N=1,0.005256216658744961
NC1=C(C#N)C=NC(SCC2=C(Br)C=C3C(OCCO3)=C2)=N1,0.006022628000937402
C1(=C(OCC)C=CC(=C1)C1C=CN=C(C2=CC=CC=N2)N=1)C(O)=O,0.005491954216267914
N1=C(CNC(=O)CC2=CSC(C)=N2)C2=C(CCCCC2)N1,0.006551557593047619
N1=C(NCC)C=CN=C1N(C)CC1(CCC1)CO,0.003651333460584283
N1(CC(=O)NC2CCCCCCC2)C2=CC=CN=C2N(C(=O)C1=O)CC,0.008690402423962951
C1(C=C(ON=1)C1CC1)C(=O)N1CC[C@H]([C@H](O)C1)C1=CC=C2C(C=CC=C2)=C1,0.0035466845729388297
N1(CC(NCCC2C=CC(=C(OC)C=2)OC)=O)C2=CC=CN=C2N(C(=O)C1=O)CC,0.006422842899337411
CC(CC(C1=CC=CC=C1)NC(CSC1=NC(N)=C(C#N)C=N1)=O)C,0.004952077567577362
N1(CC(=O)NCC2=CC=C(C=C2)C)C2=CC=CN=C2N(C(=O)C1=O)CC,0.005688006104901433
NC1=C(C#N)C=NC(SCC(N(C2CCCCC=2)C2CC2)=O)=N1,0.005800720630213618
N1(CC(NCCCC2C=CC=CC=2)=O)C2=CC=CN=C2N(C(=O)C1=O)CC,0.005662457924336195
NC1=C(C#N)C=NC(SCC(NC2=CC3=C(OC4(O3)CCCCC4)C=C2)=O)=N1,0.00438913848483935
N1=C(C2=CC=CC=C2)ON=C1CN(C)C(=O)CSC1=NN=C(N)S1,0.004780639847740531
CN1C(=O)C2=C(N=CN2CCSC2=NC(N)=C(C#N)C=N2)N(C)C1=O,0.0029326556774321943
C1(C(O)=O)=CN(N=N1)CC1CCCN(C(=O)C2C=CC(=CC=2)C2C=CNN=2)C1,0.00344291984802112
C12(CCCN(C)C1=O)CCN(CC1=CC=C(C3=CC=NN3)O1)C2,0.006201959680765867
C1(CN(CC(C)C)CC2SC=CC=2C)=C(C)N(N(C2C=CC=CC=2)C1=O)C,0.010395895456895232
C12N(C3=CC=CC=C3)N=C(C)C=1NC(C(C)C)=N2,0.004783624969422817
N1(CC(=O)NCC2C=CC3=C(OCO3)C=2)C2=CC=CN=C2N(C(=O)C1=O)CC,0.005725062638521195
C1(C(=O)N2CCCC2)N=C2N(C=CS2)C=1CN1CCC2(CC1)CCO2,0.007007959182374179
CC1=CC2=C(N=C(S2)NC(CSC2NC(C3=C(Br)C=CC=C3)=NN=2)=O)C(C)=C1,0.00465140778105706
C1(=C(C)C=NN1C(C)C1CC1)NC(=O)C1C2=CC=CC=C2C(N(C)N=1)=O,0.0071861076867207885
BrC1=C(C2NC(SCC(N3CCN(C(C4SC=CC=4)=O)CC3)=O)=NN=2)C=CC=C1,0.004119435558095574
N1(CC(=O)NC(C)C2=CC=CC=C2)C2=CC=CN=C2N(C(=O)C1=O)CC,0.0061011971207335595
C1(C(C)=NON=1)C1CCCN1CC1C=CC=C(C=1)C(=O)NC1=NN(C=N1)CC,0.005568243586458266
CCN(C1CCCCC=1)C(CSC1NC(C2=C(Br)C=CC=C2)=NN=1)=O,0.007482048776000738
N1(CC(=O)NCC2C=CC=C(C)C=2)C2=CC=CN=C2N(C(=O)C1=O)CC,0.005585727188736201
CC1=CC=C(CC(C#N)SC2NC(C3=C(Br)C=CC=C3)=NN=2)C=C1,0.003949786662879262
N1(CC(NCCC2C=CC=CC=2)=O)C2=CC=CN=C2N(C(=O)C1=O)CC,0.005642904667183757
C1(SN=NC=1C)C(=O)N1CCC(CC1)CCC(=O)NC1C=CC2=C(OCCO2)C=1,0.006450996571220458
N1(CC(NCCC2=CC=C(C=C2)C)=O)C2=CC=CN=C2N(C(=O)C1=O)CC,0.006097502936609089
N1=C(CCC2C=CC=CC=2)OC(CCC(=O)NC(C)CC2C=CSC=2)=N1,0.008970252610743046
C1(=CC=NN1C1CCN(CC1)C1=NC=CC2OC=CC1=2)NC(=O)C(C)(C)C,0.007539655594155192
N1=C(C=C(C2=CC=CC(OC)=C12)C)C1=CC(OC)=C2C(CNCCO2)=C1,0.009624626766890288
CN1C2N(C(=NN=2)CSC2N(CC3=CC=CC=C3)C(=O)NN=2)C2=C(C=CC=C2)C1=O,0.004118709522299468
C1(CN2CCN(C(CCO)C2)CC2=CC=CC=C2OCC)C=NN(CC)C=1C,0.006560578756034374
CCS(N1C2=C(C=C(C(CSC3N(CC4=CC=CC=C4)C(=O)NN=3)=O)C=C2)CC1)(=O)=O,0.004217096441425383
C(=O)(C1=CC=C(N=C1)NC(C)C)N1CCC(CC1)CN1CCCC1=O,0.0066489393822848795
CCOC(C1=C(C)C2=C(N=CN(C2=O)CC(NC2=CC3=C(N(C(C)=O)CC3)C=C2)=O)S1)=O,0.004969527246430516
C(=O)(C1C=CC(=CN=1)Cl)N(C)C1CC2C(=CC=CC=2)C1,0.010234907781705261
N1(C[C@@H]2[C@@H](CC(=CC2)C)C1)C(=O)COC1=CC=C(C=C1)C(C)=O,0.017566492781043053
CCS(N1C2=C(C=C(C(CSC3=C(C)C=CC(C)=C3)=O)C=C2)CC1)(=O)=O,0.009662438742816448
N1(CC(=O)NCC(C)C2C=CC=CC=2)C2=CC=CN=C2N(C(=O)C1=O)CC,0.006352113024331629
CCS(N1C2=C(C=C(C(CSC3=C(C)C=C(C)C=C3)=O)C=C2)CC1)(=O)=O,0.0098851487506181
N1(CC(NCCC2CCCCC=2)=O)C2=CC=CN=C2N(C(=O)C1=O)CC,0.009207244915887713
CC1=C(C)C(C)=NC(SCC(C2SC(CNC(C(C)(C)C)=O)=CC=2)=O)=N1,0.0133013307582587
N1(CC(=O)NC(C)CCC2=CC=CC=C2)C2=CC=CN=C2N(C(=O)C1=O)CC,0.0070764195872470735
CCCOC1=CC=C(C(OCC(C2SC(CNC(C(C)(C)C)=O)=CC=2)=O)=O)C=C1,0.011241742689162493
N12C=C(N=C1SC=C2C(=O)N[C@@H](C(C)C)C(N)=O)C1=CC=CC(=C1)C(F)(F)F,0.0029248907463625073
N1(CC(=O)NC(CCC)C2=CC=CS2)C2=CC=CN=C2N(C(=O)C1=O)CC,0.006201061559841037
O=N(C1=CC(C(OCC(N(C2CCCCC=2)C2CC2)=O)=O)=C(N2CCCC2)C=C1)=O,0.008268202957697212
N1(CC(=O)NC(C)CC2=CC=CO2)C2=CC=CN=C2N(C(=O)C1=O)CC,0.006037588859908283
C1(C=C2N(C=C(C=N2)CCO)N=1)C1ON=C(CC2CCN(CC2)C)N=1,0.004257470462471246
CC1=CC=C(CC(C#N)SC2N(CC3=CC4=C(OCO4)C=C3)C(C3=CC=CC=C3)=NN=2)C=C1,0.006604237604824448
N1(CC(NCCC2C(C)=NN(CC)C=2C)=O)C2=CC=CN=C2N(C(=O)C1=O)CC,0.007120010699145496
CCCN1C2=C(C=C(S(N(C)C)(=O)=O)C=C2)N=C1COC(C1=CC=C(CO)C=C1)=O,0.00249647794989869
N1(CC(=O)NCC2=CC=CC=C2OCC)C2=CC=CN=C2N(C(=O)C1=O)CC,0.00590491087641567
OCC1=CC=C(C(OCCCN2C(=O)C3=C(C=CC=C3)C2=O)=O)C=C1,0.0022757440514396877
C12CN(CCC=1NN=C2C1C=CC2=C(OCO2)C=1)C(=O)CC(F)(F)F,0.0032330791553249584
CC(NCC1SC(C(COC(C2=C(C)C3=C(C=CC=C3)O2)=O)=O)=CC=1)=O,0.008615264622494578
CC1C2=C(C=CC=C2)OC=1C(OCCCN1C(=O)C2=C(C=CC=C2)C1=O)=O,0.0041065488010644914
N1(CCN(CC1CCO)CC1=CC=CC=C1OC)CC1C=CC(=C(F)C=1)F,0.004892028879839927
N1(CC(NCCN2CCN(CC2)C2=CC=CC(Cl)=C2)=O)C2=CC=CN=C2N(C(=O)C1=O)CC,0.004484652914106846
N1(CC(=O)NCC2=CC=C(C=C2)SC)C2=CC=CN=C2N(C(=O)C1=O)CC,0.005107018584385514
COC1=C(F)C=C(C(CSC2=C3C(C=CC=C3)=C(C3=CC=C(F)C=C3)N=N2)=O)C=C1,0.010158427897840739
N1(CC(=O)NCC2C=CC(=CC=2OC)OC)C2=CC=CN=C2N(C(=O)C1=O)CC,0.0060904310317710045
O=C(C1=CC(S(NCCC#N)(=O)=O)=CC=C1)OCC=CC1=CC=CC=C1,0.003016051299346145
N1(CC(=O)NCC2C=CC=C(OC)C=2OC)C2=CC=CN=C2N(C(=O)C1=O)CC,0.0067051045130938295
CC(C1=CC=CC=C1)OC(C1=CC(S(NCCC#N)(=O)=O)=CC=C1)=O,0.0033269781240960585
C1(C2C=CN=C(NCC3=NOC(CC)=N3)N=2)C(C)=NN(C2C=CC=CC=2)C=1C,0.008503808733075857
COC1=C(F)C=C(C(COC(C2=CC3=C(N(C4=CC=CC=C4)C(=N3)C)C=C2)=O)=O)C=C1,0.008751701470464468
C1(=NC=CN1C1C=CC2=C(CCC2)C=1)C1C=CC=CC=1OCCO,0.0050642061047256
N1(CC(=O)NCC2=CC(OC)=CC=C2OC)C2=CC=CN=C2N(C(=O)C1=O)CC,0.006217026454396546
CCN(C1CCCCC=1)C(CSC1NC(C)=C(CC2=CC=CC=C2)N=1)=O,0.006925917998887599
C1(=CC=C(OC)O1)C(=O)N1CCCC(CCC(=O)NC2C=CC(=CC=2C)F)C1,0.006644495949149132
N1(CC(=O)NCC2C=CC(=CC=2)OCC)C2=CC=CN=C2N(C(=O)C1=O)CC,0.005852404655888677
C1(C=C(ON=1)CN1CCN(CC1)CC)C(=O)N(C)CC1C=CC=CC=1,0.010329714370891451
C1(=NC=C(CN2CCC[C@H]2C(OC)=O)N1CCC(C)C)S(C(C)C)(=O)=O,0.006850241660140454
CC1=CC(OCCOC2=CC=C(C3OC=NN=3)C=C2)=CC(C)=C1,0.008563947351649403
N1(CCCC(CCC(=O)NC2=CC(OC)=CC(OC)=C2)C1)C(=O)C1C=CC=C(Cl)C=1,0.00681491238065064
C1(C=NN2C=C(CN(CC)CC)C=NC=12)C(=O)N1CCOCC1CC,0.00950507721863687
N1(CCCC(C1)CCC(=O)N1CCN(CC1)C)C(=O)CC1=CC=C(C=C1)OC,0.01094210841692984
N1(CC(=O)NCC2=CC=C(C=C2)N(C)C)C2=CC=CN=C2N(C(=O)C1=O)CC,0.005363999318797141
N1(CC(NCCC2C=CC=CC=2C)=O)C2=CC=CN=C2N(C(=O)C1=O)CC,0.006070185545831918
COC1=C(COC2=CC=C(C3OC=NN=3)C=C2)C=CC=C1,0.008533195266500116
C1(CN2CCCC(C2)NC2C=CC(=C(F)C=2)F)=CC=C(COC)O1,0.006862421752884984
N1(CC(NCCC2=CC=CS2)=O)C2=CC=CN=C2N(C(=O)C1=O)CC,0.004771002801135182
C1(N2CCC(CC2)N)C2CCNCC=2N=C(N)N=1,0.005261982115916908
BrC1=C(COC2=CC=C(C3OC=NN=3)C=C2)C=C2C(OCO2)=C1,0.010703178495168686
C1(NN=CC=1C1C=CC(=CC=1)C)C1CCCN(C2=NC=CC(=C2)C(NC)=O)C1,0.003980775910895318
N1C(C(C)C)=NSC=1NC(=O)C1=CC=CC(=C1)CN1C[C@@H]2CC[C@@H](N2)C1,0.004534601862542331
N1(CC(NCCC2=CC=C(C=C2)SC)=O)C2=CC=CN=C2N(C(=O)C1=O)CC,0.005396866286173463
COC1=C(Br)C=C(OC)C(COC2=CC=C(C3OC=NN=3)C=C2)=C1,0.010330068785697222
C1(CC2=C(C=CC=C2)O1)C(=O)N1CCC(CC1)CCC(=O)NC1=CC=CC=C1,0.008202736056409777
ClC1SC(COC2=CC=C(C3OC=NN=3)C=C2)=CC=1,0.006308926525525749
N1(CC(=O)NCC2=CC=CC(Br)=C2)C2=CC=CN=C2N(C(=O)C1=O)CC,0.006233556754887104
N1(CC(=O)NCC2=CC=CC=C2C)C2=CC=CN=C2N(C(=O)C1=O)CC,0.0056577770505100485
C1(CC2C(=CC=CC=2)C1)(C(=O)NCC(C)(C)CN(C)C)N1CCN(CC1)CC,0.014361278107389807
N1(CC(=O)NCC2C=CC(=CC=2)OC(C)C)C2=CC=CN=C2N(C(=O)C1=O)CC,0.00636330081615597
CC1=C(C)C2=C(C=C(C(=N2)Cl)COC2=CC=C(C3OC=NN=3)C=C2)C=C1,0.007321758288890123
N1(CC(NCCC2C=CC=CC=2Cl)=O)C2=CC=CN=C2N(C(=O)C1=O)CC,0.005161970620974898
ClC1=C(COC2=CC=C(C3OC=NN=3)C=C2)C=C2C(C=CC=C2)=N1,0.006232780939899385
C1(=O)C(CCCN1CC1=CC=C(C=C1)C(C)C)(O)CNC(CO)CO,0.005976763018406927
N1(CC(=O)NCC2=CC=C(C=C2)CC)C2=CC=CN=C2N(C(=O)C1=O)CC,0.0064382427372038364
BrC1=C(COC2=CC=C(C3OC=NN=3)C=C2)C=C2C(OCCO2)=C1,0.010382469044998288
C1(OC(=NN=1)COC)C(=O)N1CCC(C2C=CC=CC=2)(C(OC)=O)C1,0.008103348175063729
COC1=CC=C(NC(C2=CC=C(COC3=CC=C(C4OC=NN=4)C=C3)C=C2)=O)C=C1,0.005798331089317798
N1(CC(=O)NC2C=CN(CC3=CC=CC=C3)N=2)C=C(C=N1)C1C=CN=C(C)C=1,0.006312329950742423
O=C(N(C1CCCCC=1)C1CC1)COC1=CC=C(C2OC=NN=2)C=C1,0.010578476916998624
C1(C(C)N(C)CC(=O)NC2=CC=C(C(OC)=C2)Cl)SC=CN=1,0.005259183736052364
N1(CC2=CC=CC=C2)C2=NC=CC=C2N(C(=O)C1=O)CC(=O)N1CCN(CC1)C1C=CC=CC=1,0.005717299249954522
C1(=COC(CN2CCN(CC2)CC2C=CC=CC=2)=N1)C(=O)N[C@@H](C)C(N)=O,0.004962501185946167
CN1C2N(C(=NN=2)COC2=CC=C(C3OC=NN=3)C=C2)C2=C(C=CC=C2)C1=O,0.008620983315631747
N1(CCCC(C(NCCNC(C)=O)=O)C1)C1CCN(CC1)CC1C=CN=CC=1,0.007363963802345097
N1(CC2C=CC=CC=2)C2=NC=CC=C2N(C(=O)C1=O)CC(=O)N1CCN(CC1)CC1C=CC=CC=1,0.006234003906138241
C(=O)(C1=CC=C(C=C1)OCC(N)=O)N(C)C(C)C1=CC=CO1,0.009327649092301726
O=C(N1CCCC1)CN1CCN(C(COC2=CC=C(C3OC=NN=3)C=C2)=O)CC1,0.007068179617635906
C(=O)(C1C=CC(=C(OC)C=1)OC)C1CCCN(CC2=CC=C(C(OC)=C2)F)C1,0.0134496396407485
CC1=C(C2N(C3=CC=CC=C3)C(SCC(N(C3CCCCC=3)C3CC3)=O)=NN=2)C=CO1,0.011638206103816629
C(=O)(N1CCCC1)C1CCCN(C2CCN(CC2)C2=CC=C(C=N2)C#N)C1,0.007337204576469958
N1(CC2C=CC=CC=2)C2=NC=CC=C2N(C(=O)C1=O)CC(=O)N1CCN(CC1)C1=CC=CC=N1,0.005115067458245903
C1(SC(=CN=1)C#N)NC(=O)C1=CC=CC(CN(CC)CC)=C1,0.005904165306128561
CC(NCC1SC(C(CSC2N(C3=CC=CC=C3)C(C3=C(C)OC=C3)=NN=2)=O)=CC=1)=O,0.009602182358503342
N1(CC)C(=O)N(N=C1C1CCCN(C1)C(=O)C1=CC=CN=C1NC)C,0.004231803503353148
CC(C(N(CC1=CC(F)=CC=C1)C)=O)OC(C1=C(N2CCCC2)C=CC(S(N(C)C)(=O)=O)=C1)=O,0.006460687238723039
C1(OC)=C(Cl)C=C(C=C1F)CN(CCO)CC1C=CC(=CC=1)SC,0.004748257901519537
CC(C(N(CC1=CC(F)=CC=C1)C)=O)OC(C1CCN(S(C2=CC(C)=C(C)C=C2)(=O)=O)CC1)=O,0.007111954479478299
C1(CCCN(CC2CCCCC2)C1=O)(O)CN(C)CC1=CC=NO1,0.014513681828975677
N1(CC2=CC=CC=C2)C2=NC=CC=C2N(C(=O)C1=O)CC(=O)NCC1=CC=CC(Cl)=C1,0.005616506049409509
CCOC(C1C(C2=CC=C(OC)C=C2)NC(=O)NC=1COC1=C(N(=O)=O)C=C(OC)C=C1)=O,0.005849731317721307
N1(CC(CC1=O)NC(=O)CN1C=CC=N1)CC1=CC=CC2C=CC=CC1=2,0.0061097464757040145
COC1=CC(N(=O)=O)=C(OCC2=CC(C#N)=CC=C2)C=C1,0.005700106685981155
C1(C(=O)N(CC)CC=CC2=CC=CC=C2)=C(C)NC(C(C)=O)=C1C,0.012482116091996431
CC1=CC(C2N(CC3OC=CC=3)C(SCC3OC(C4=CC=CC=C4)=CN=3)=NN=2)=CC=C1,0.008866955526173115
N1(CC2=CC=CC=C2)C2=NC=CC=C2N(C(=O)C1=O)CC(=O)NCC1C=CC=CC=1Cl,0.00564237714279443
CCOC(C1C(C)NC(=O)NC=1CSC1N(CC2OC=CC=2)C(C2=CC(C)=CC=C2)=NN=1)=O,0.004877477325499058
N1(CC2=CC=CC=C2)C2=NC=CC=C2N(C(=O)C1=O)CC(=O)NCC1=CC=C(C=C1)Cl,0.005595489614643156
CC1=CC(C2N(CC3OC=CC=3)C(SCC3=C(Cl)C(C)=C4C(C=CC=C4)=N3)=NN=2)=CC=C1,0.010353613598272204
N12C=CC=C(C)C1=NC1CNC(=O)CC(C3=CC(Cl)=C(C(F)=C3)OC)C2=1,0.005605036125052721
CC1=CC(C2N(CC3OC=CC=3)C(SCC(NC(NC3=C(F)C=CC=C3)=O)=O)=NN=2)=CC=C1,0.0017576629645191133
N1(CC2C=CC=CC=2)C2=NC=CC=C2N(C(=O)C1=O)CC(NCCC1C=CC(=CC=1)Cl)=O,0.0056405359413474795
N1(C2C=CC=CC=2Cl)C(SCC(O)=O)=NN=C1CC1=CC=C(C=C1)O,0.0033438659738749266
N1(CC2C=CC=CC=2)C2=NC=CC=C2N(C(=O)C1=O)CC(=O)NC1CCCCCC1,0.008217708254233003
COC1=C(C2N(C)C(SCC3OC=C(O)C(=O)C=3)=NN=2)C=CC=C1,0.007846228335984052
C1(CN2CCC(CC2)C(=O)NC2C=CC=C(C=2)C2=CSC=N2)=CC2C(=CC=CC=2)S1,0.00557638150639832
CC1=C(C)C(C)=NC(SCC(N2CCN(C(C3SC=CC=3)=O)CC2)=O)=N1,0.0071874344255775215
N1(CC2C=CC=CC=2)C2=NC=CC=C2N(C(=O)C1=O)CC(=O)NC1CCCCCCC1,0.008189426362514496
N(C)(C1CCCCC1)CC(O)COC1C=CC=C(CNCC2=CC=CC(Cl)=C2)C=1,0.006837656605057418
N1(CC2=CC=CC=C2)C2=NC=CC=C2N(C(=O)C1=O)CC(NCCC1C=CC(=C(OC)C=1)OC)=O,0.006156915938481689
N1(CC2=CC=CC=C2)C2=NC=CC=C2N(C(=O)C1=O)CC(=O)NCC1=CC=C(C=C1)C,0.006526104081422091
COC1=C(F)C=C(C(COC(C2=CC3=C(C(N4C(=N3)CCC4)=O)C=C2)=O)=O)C=C1,0.010965448291972279
N1(CC2C=CC=CC=2)C2=NC=CC=C2N(C(=O)C1=O)CC(NCCCC1C=CC=CC=1)=O,0.006251172162592411
COC1=C(OCC(OCC(N2CCN(C(C3SC=CC=3)=O)CC2)=O)=O)C=CC(C(C)=O)=C1,0.010179308010265231
N1(CC2=CC=CC=C2)C2=NC=CC=C2N(C(=O)C1=O)CC(=O)NCC1C=CC2=C(OCO2)C=1,0.005884181777946651
C1(C2CCCCC2)=NC=CN1CCC1CCCN1C,0.015051336679607629
CC1N(CCC2SC=CC=2)C(C)=C(C(CN2C(=O)C(=O)N(CC3=CC=CC=C3)C2=O)=O)C=1,0.005131635116413236
N1(CC2=CC=CC=C2)C2=NC=CC=C2N(C(=O)C1=O)CC(=O)NCC1C=CC=C(C)C=1,0.0064874638337641954
COC1=C(F)C=C(CN(C(CN2C(=O)C(=O)N(CC3=CC=CC=C3)C2=O)=O)C)C=C1,0.003979139076545834
N1(CC2C=CC=CC=2)C2=NC=CC=C2N(C(=O)C1=O)CC(NCCC1C=CC=CC=1)=O,0.006463725888170302
O=C(N1CCN(C(C2SC=CC=2)=O)CC1)CN1C(=O)C(=O)N(CC2=CC=CC=C2)C1=O,0.0025950793526135383
N1(CC2C=CC=CC=2)C2=NC=CC=C2N(C(=O)C1=O)CC(NCCC1=CC=C(C=C1)C)=O,0.0066969538107514385
N1(CC2=CC=CC=C2)C2=NC=CC=C2N(C(=O)C1=O)CC(=O)NCC(C)C1C=CC=CC=1,0.0069743871688842775
N1(CC2=CC=CC=C2)C2=NC=CC=C2N(C(=O)C1=O)CC(NCCC1CCCCC=1)=O,0.008695632172748446
COC1=C(F)C=C(C(CN2C(=O)C(=O)N(CC3=CC=CC=C3)C2=O)=O)C=C1,0.005509991408325731
N1(CC2=CC=CC=C2)C2=NC=CC=C2N(C(=O)C1=O)CC(=O)NC(C)CCC1=CC=CC=C1,0.007574737421236932
O=C(N(C1CCCCC=1)C1CC1)CN1C(=O)C(=O)N(CC2=CC=CC=C2)C1=O,0.004799151513725519
CN1C2N(C(=NN=2)CSC2OC(C3=CC=C(OC(F)F)C=C3)=NN=2)C2=C(C=CC=C2)C1=O,0.005393624282442033
C(=O)(N(C)CCCC1C=CC=CC=1)[C@H]1CCCC[C@H]1C(NCC=C)=O,0.01198184434324503
BrC1=C(C2OC(SCC(N(C3CCCCC=3)C3CC3)=O)=NN=2)C=CC=C1,0.011581430537626147
[C@H]1(NC(=O)NCC2C=CC3=C(C=2)C(C)=C(N3)C)C[C@@H]1C1C=CC=CC=1,0.003419131226837635
N1(CC2C=CC=CC=2)C2=NC=CC=C2N(C(=O)C1=O)CC(=O)NC1CCCCC1,0.007533384021371603
CCN(C1CCCC=1)C(CSC1OC(C2=C(Br)C=CC=C2)=NN=1)=O,0.011196042411029339
C1(C(=CC=CC=1NC(=O)CCOCC)Cl)N1CCN(CC1)CC,0.007494363375008107
BrC1=C(C2OC(SCCCN3C(=O)C4=C(C=CC=C4)C3=O)=NN=2)C=CC=C1,0.0038571117212995885
N1(CC2C=CC=CC=2)C2=NC=CC=C2N(C(=O)C1=O)CC(=O)NC(CCC)C1=CC=CS1,0.006428583315573633
N1(CC2C=CC(=CC=2)OCC(=O)N2CCOCC2)C[C@@H]([C@@H](OC(C)C)C1)O,0.004078450682573021
N1(CC2=CC=CC=C2)C2=NC=CC=C2N(C(=O)C1=O)CC(=O)NC(C)CC1=CC=CO1,0.006606883811764419
N1=C(C)N(N=C1NC(NCCC1=NC=CC(C2C=CC=CC=2)=N1)=O)C(C)C,0.0032422146177850664
CCOC1=CC2=C(OC(=C2C)C(OCC(C2=CC3=C(N(S(CC)(=O)=O)CC3)C=C2)=O)=O)C=C1,0.008771609654650092
C1(C(NCCC2=CC=CC(OC)=C2)=O)=CN(N=N1)CC1=CC=C(C=C1)F,0.005303056281991303
CCS(N1C2=C(C=C(C(CSC3=CC(C)=C(C)C=C3)=O)C=C2)CC1)(=O)=O,0.009872598433867097
N1(CC2C=CC=CC=2)C2=NC=CC=C2N(C(=O)C1=O)CC(=O)NCC1C(C)=NN(C)C=1C,0.007156059634871781
O=C(N(C1CCCCC=1)C1CC1)CSC1N(CC2=CC3=C(OCO3)C=C2)C(C2=CC=CC=C2)=NN=1,0.009423420252278446
N1(CC2=CC=CC=C2)C2=NC=CC=C2N(C(=O)C1=O)CC(NCCC1C(C)=NN(CC)C=1C)=O,0.006948590697720647
CCS(N1C2=C(C=C(C(COC(C(NC(C3=C(Cl)C=CC=C3)=O)C)=O)=O)C=C2)CC1)(=O)=O,0.007560448930598795
C1(=CC=C(C)O1)C(=O)NC1=CC=C(C=C1)NC(=O)C1C=CC=CC=1CC,0.008036957145668567
CC(NCC1SC(C(COC(C2C(C3=CC=CC=C3)=NOC=2C)=O)=O)=CC=1)=O,0.008022436359897255
N1(CC2C=CC=CC=2)C2=NC=CC=C2N(C(=O)C1=O)CC(=O)NCC1=CC(OC)=C(C(OC)=C1)OC,0.006239534029737115
CCCN1C2=C(C=C(S(N(C)C)(=O)=O)C=C2)N=C1COC(C1C(C2=CC=CC=C2)=NOC=1C)=O,0.004524980357382446
C1(C(C)(C)N)=CN(N=N1)C1CCN(CC1)C1CCN(CC1)C1C=CC=C(OC)C=1,0.01061358884908259
COC1=C(OC)C=C(N(=O)=O)C(C(OCCCN2C(=O)C3=C(C=CC=C3)C2=O)=O)=C1,0.004341320553794503
C1(CN(CC)CC2=NOC(C)=N2)=CN(N=C1C)CC=C,0.010837553534656763
N1(CC2C=CC=CC=2)C2=NC=CC=C2N(C(=O)C1=O)CC(=O)NCC1=CC=CC=C1OCC,0.006143224658444524
C(=O)(N[C@H](C)C1C=CC(=CC=1)OC)N1CCC(CC1)(O)C1=CC=C(C=N1)C,0.005170892493333667
N1(CC2=CC=CC=C2)C2=NC=CC=C2N(C(=O)C1=O)CC(NCCCN1CCN(CC1)CCC)=O,0.005388506082817912
COC1=C(F)C=C(CN(C(COC(C2CC3C(=O)C(CCC3)C2)=O)=O)C)C=C1,0.015140417544171215
C1(=COC(COC2=CC=C(C=C2)F)=N1)C(=O)N(C)C(C)C1C=CON=1,0.006756481784395874
N1(CC2C=CC=CC=2)C2=NC=CC=C2N(C(=O)C1=O)CC(NCCN1CCN(CC1)C)=O,0.005635751155205071
CCOC1=C(OC)C=C(C(OCC(N(CC2=CC(F)=C(OC)C=C2)C)=O)=O)C=C1Br,0.012160499300807714
C(C1=CC=NC=C1)(=O)N(C)CC1C=CC=CC=1OCC(C)C,0.011419140500947833
ClC1=CC=C(C2N=C(COC(C3CCC(=O)N(C4=CC=CC=C4)N=3)=O)ON=2)C=C1,0.006136993202380836
N1(CC)C(C2CCN(CC2)C(=O)C2=CN=C3N(C=CS3)C2=O)=NN(C)C1=O,0.005721501377411187
N1(CC2C=CC=CC=2)C2=NC=CC=C2N(C(=O)C1=O)CC(=O)NCC1=CC=C(C=C1)SC,0.005559867341071367
COC(C1=CC=C(C(OCCCN2C(=O)C3=C(C=CC=C3)C2=O)=O)C=C1)=O,0.005408022040501237
N1(CC2C=CC=CC=2)C2=NC=CC=C2N(C(=O)C1=O)CC(=O)NCC1C=CC(=CC=1OC)OC,0.005735444906167686
C(=O)(N1CCCCC1)C1=CC=CC=C1OC1CCN(CC1)C1CCC1,0.014612380228936673
N1(CC2=CC=CC=C2)C2=NC=CC=C2N(C(=O)C1=O)CC(=O)NCC1C=CC=C(OC)C=1OC,0.006200168677605688
C1(C(OCC)=O)C(=O)C(OC2=CC=CC=C2)=CN([C@H]2CC[C@@H](CC2)O)C=1,0.00440208469517529
CC(C(N(CC1=CC(F)=CC=C1)C)=O)OC(C=CC1=NC2=C(C=CC=C2)C=C1)=O,0.008405411522835493
N1(CC2C=CC=CC=2)C2=NC=CC=C2N(C(=O)C1=O)CC(=O)NCC1=CC(OC)=CC=C1OC,0.005801769066601991
C1(C(C)C)N=NSC=1CNC(=O)C1=CC(C)=NC2=CC(F)=CC=C21,0.005378157831728458
OC1C(=O)C=C(CSC2NN=C(C3=CC=CC=C3)N=2)OC=1,0.004006945958826691
N1(CCC2C=CC(=CC=2)C2C=CC=CC=2)CCC(O)C1,0.0050492551294155415
CC1N(CCC2SC=CC=2)C(C)=C(C(CSC2NC(C3=CC=CC=C3)=NN=2)=O)C=1,0.00834509707055986
N1(CC2C=CC=CC=2)C2=NC=CC=C2N(C(=O)C1=O)CC(=O)NCC1C=CC(=CC=1)OCC,0.006057247961871326
N1OC(=CC=1CNC1=CC=C(C=N1)C(NCCC1CCCCN1C)=O)C,0.005828593205660581
O=C(N1CCCC1)CN1CCN(C(CSC2NN=C(C3=CC=CC=C3)N=2)=O)CC1,0.004450458253268152
N1(CC2=CC=CC=C2)C2=NC=CC=C2N(C(=O)C1=O)CC(=O)NCC1=CC=C(C=C1)N(C)C,0.005681827338412404
N1(C2=CC=CC=C2OC)C=C(C=N1)C1C=CN=C(N=1)N1CC(C1)N1C=CC=N1,0.008591488189995288
N1(CC2C=CC=CC=2)C2=NC=CC=C2N(C(=O)C1=O)CC(NCCC1C=CC=CC=1C)=O,0.006620917259715498
N(CC1=CCCN(C)C1)(C1CC1)C(=O)C1=CC=C(C=C1)C(F)(F)F,0.00914408559910953
O=C(NC(C1=CC=CC=C1)CC1=CC=CC=C1)CSC1NC(C2=CC=CC=C2)=NN=1,0.005621321895159781
O=C(N(C1CS(=O)(=O)CC1)CC1OCCC1)CSC1NN=C(C2=CC=CC=C2)N=1,0.0042018498876132074
N(C1CCCC1)(CC1=CC=C(C)S1)C(CCCN1CCCC1=O)=O,0.013232996547594666
CCN(C1CCCC=1)C(CSC1NC(C2=CC=CC=C2)=NN=1)=O,0.006180200632661581
N1(CC2C=CC=CC=2)C2=NC=CC=C2N(C(=O)C1=O)CC(NCCC1=CC=CS1)=O,0.00549980930518359
C(SC1NN=C(C2=CC=CC=C2)N=1)CN1CCCCC1,0.005114167812280357
N1(CC2=CC=CC=C2)C2=NC=CC=C2N(C(=O)C1=O)CC(NCCC1=CC=C(C=C1)SC)=O,0.005610753176733851
N1(CCCC1=O)C1CCN(CC1)CC1C=CC2C(=CC=C(C=2)NC(C)=O)N=1,0.006621373374946416
N1(CC2=CC=CC=C2)C2=NC=CC=C2N(C(=O)C1=O)CC(=O)NCC1=CC=CC(Br)=C1,0.0068133720895275475
N1(CC2=CC=CC=C2)C2=NC=CC=C2N(C(=O)C1=O)CC(=O)NCC1=CC=CC=C1C,0.006497961282730102
C1(=CC=CC2CCOC1=2)C(=O)NCC1C=C(NN=1)COC,0.005265216296538711
ClC1=C(Cl)C=C2C(C(N(C2=O)CC(N(C2CCCCC=2)C2CC2)=O)=O)=C1,0.006968649034388363
CN1C2N(C(=NN=2)CN2C(=O)C3=C(C=C(C(=C3)Cl)Cl)C2=O)C2=C(C=CC=C2)C1=O,0.005118364957161248
N1(CC2C=CC=CC=2)C2=NC=CC=C2N(C(=O)C1=O)CC(=O)NCC1C=CC(=CC=1)OC(C)C,0.006594959110952914
C1(=CC=CS1)C(C1CCCCC1)NCC(=O)NC1=CN=CC=N1,0.00818796327803284
N1(CC2=CC=CC=C2)C2=NC=CC=C2N(C(=O)C1=O)CC(=O)NCC1=CC=CC(F)=C1,0.005282928049564361
N1(C2=CC=CC(Cl)=C2C)N=C(N=C1[C@H](C)NC)C,0.006485584983602166
C=CCN1C(C2CCCCC2)=NN=C1SC(C#N)CC1=CC=CC=C1,0.009038379593440027
C1(CN(CC)CC2C=CN=CC=2)=CC2=CC=C(C=C2NC1=O)OC,0.00561306772287935
CN(C1=CC=C(C2OC(CSC3N(CC=C)C(C4CCCCC4)=NN=3)CN2)C=C1)C,0.01088634948246181
N1(CC2C=CC=CC=2)C2=NC=CC=C2N(C(=O)C1=O)CC(NCCC1C=CC=CC=1Cl)=O,0.005657601682469249
C=CCN1C(C2CCCCC2)=NN=C1SCC(N1CCN(C(C2SC=CC=2)=O)CC1)=O,0.008739323634654284
CN1C2N(C(=NN=2)CSC2N(CC=C)C(C3CCCCC3)=NN=2)C2=C(C=CC=C2)C1=O,0.01066858610138297
CC(NCC1SC(C(CSC2N(CC=C)C(C3CCCCC3)=NN=2)=O)=CC=1)=O,0.011422839481383562
N1(CC2=CC=CC=C2)C2=NC=CC=C2N(C(=O)C1=O)CC(=O)NCC1=CC=C(C=C1)CC,0.007016951474361122
CC1N(CCC2SC=CC=2)C(C)=C(C(CN2C(=O)C(CC3C4=C(C=CC=C4)NC=3)NC2=O)=O)C=1,0.0022351045976392926
N1C(CC2C=CC(=CC=2)F)=NOC=1C1=CC=C(N=C1)N1CCCO1,0.0014364403701620176
N1(CC2C=CC(=CC=2)C)C2=NC=CC=C2N(C(=O)C1=O)CC(=O)N1CCN(CC1)CC1C=CC=CC=1,0.0063516721595078705
O=C(N1CCN(C(C2SC=CC=2)=O)CC1)CN1C(=O)C(CC2C3=C(C=CC=C3)NC=2)NC1=O,0.001186569017590955
N1(CC2C=CC(=CC=2)C)C2=NC=CC=C2N(C(=O)C1=O)CC(=O)N1CCN(CC1)C1=CC=CC=N1,0.005204453854821623
O=C(N(C1CCCCC=1)C1CC1)CN1C(=O)C(CC2C3=C(C=CC=C3)NC=2)NC1=O,0.0019367782690096647
CCS(N1C2=C(C=C(C(CN3C(=O)C(CC4C5=C(C=CC=C5)NC=4)NC3=O)=O)C=C2)CC1)(=O)=O,0.001588968245778233
N1(CC2=CC=C(C=C2)C)C2=NC=CC=C2N(C(=O)C1=O)CC(=O)NCC1C=CC=CC=1Cl,0.0058122121379710736
CC1N(CCC2SC=CC=2)C(C)=C(C(CN2C(=O)C3=C(C=CC=C3)N=N2)=O)C=1,0.010512603353708983
N1(CCN(CC1)C1=CC=C(C=C1)OC)C1CCCN(CC2C=CC(=C(Cl)C=2)O)C1,0.004886259022168815
O=C(NCCOC1=CC=CC=C1)CN1C(=O)C2=C(C=CC=C2)N=N1,0.0037421895773150026
N1(CC2=CN=C3C=CC=CN23)C=NC(C2=CC=CC=C2)=C1C1C=CC=C(C=1)C#N,0.0070487032644450665
O=C(N1CCN(C(C2SC=CC=2)=O)CC1)CN1C(=O)C2=C(C=CC=C2)N=N1,0.005097640352323652
N1(CC2C=CC(=CC=2)C)C2=NC=CC=C2N(C(=O)C1=O)CC(NCCC1C=CC(=CC=1)Cl)=O,0.005789609695784748
C1(=CN2C(C=CC=C2)=N1)C(=O)N1CCCC(C1)CCC(=O)N1CCN(CC1)C1=CC=CC=N1,0.004938754171598702
N1(C(=O)C=CC(=O)N1)CC(=O)N1CCCCC1CCC1=CC=CC=N1,0.0038741130847483873
C1(=NC=CC=C1CNC(=O)[C@@H](CO)N)N1CCN(CC1)C1=CC=CC=C1OC,0.003517436853144318
COC1=C(F)C=C(C(CN2C(=O)C3=C(C=CC=C3)N=N2)=O)C=C1,0.008923457795754075
C1(C(OC)=O)N(C)N=CC=1C1C=CC(=CC=1)C(C)N1CCCC1,0.01282444130629301
N1(CC2C=CC(=CC=2)C)C2=NC=CC=C2N(C(=O)C1=O)CC(=O)NC1CCCCCCC1,0.008312487392686307
C1(CN(C)CC2C=C(ON=2)C2C=CC=CC=2)=CNN=C1C1C=CC(=C(C)C=1)C,0.008635870111174882
O=C(N(C1CCCCC=1)C1CC1)CN1C(=O)C2=C(C=CC=C2)N=N1,0.00804959675297141
N1(CC2CCCCC2)CC(CC1=O)NC1CCOCC1,0.015710666542872787
C12=C(CCN(C(=O)[C@@H]3CCCN3)C1)NN=C2C(C1=CC=CC=C1)C1=CC=CC=C1,0.0065428182715550065
N1(CC2C=CC(=CC=2)C)C2=NC=CC=C2N(C(=O)C1=O)CC(NCCC1C=CC(=C(OC)C=1)OC)=O,0.00625357092358172
O=C(NC(C1=CC=CC=C1)CC1=CC=CC=C1)CN1C(=O)C2=C(C=CC=C2)N=N1,0.005555072124116123
N1(CCNC(=O)C2CCCN(C3CCN(CC3)C(C)C)C2)C(C)=CC(C)=N1,0.011403334885835647
N1(CC2C=CC(=CC=2)C)C2=NC=CC=C2N(C(=O)C1=O)CC(=O)NCC1=CC=C(C=C1)OC,0.006303093954920768
O=C1C2=C(C=CC=C2)C(=O)N1CCCN1C(=O)C2=C(C=CC=C2)N=N1,0.003446442575659603
N1(CCCC(C1)NC(CN(C)CC1C=CC=NC=1)=O)CC1CCCCC1,0.011366882175207139
N1(CC2C=CC(=CC=2)C)C2=NC=CC=C2N(C(=O)C1=O)CC(=O)NCC1=CC=C(C=C1)C,0.0068424324272200465
C12CN(CCC=1NN=C2C(C)C)C(=O)COC1=NC=NC2C=CC=CC1=2,0.00518050380051136
N1(CC)C(=O)NN=C1C1CCN(CC1)C(=O)CN1C=NC2=C(C=CC=C2)C1=O,0.002947513689287007
N1(CC2=CC=C(C=C2)C)C2=NC=CC=C2N(C(=O)C1=O)CC(NCCCC1C=CC=CC=1)=O,0.006229795678518712
N1(CCCC(C1)NC(=O)C=CC1=CC=C(C(OC)=C1)OC)CC1=CC=CC=N1,0.007635557581670583
N1(CC2=CC=C(C=C2)C)C2=NC=CC=C2N(C(=O)C1=O)CC(=O)NCC1C=CC2=C(OCO2)C=1,0.006014043022878468
N1(CCC(CC1)C(=O)NCC1=CC=CN=C1)C1CCN(CC1)CC(C)C1C=CC=CC=1,0.009659258089959622
CC1N(S(C)(=O)=O)C2=C(C=C(C(CN3C(=O)C4=C(C=CC=C4)N=N3)=O)C=C2)C1,0.006246629217639565
C1(C(C)=O)SC=CC=1C1=CC=CC(C(C)N(C)C)=C1,0.018022758513689043
C1(C=CC=CC=1F)C(NCCC(=O)N(CC1C=CC=NC=1)C1CCN(CC1)C)=O,0.005554680270142854
N1(CC2=CC=C(C=C2)C)C2=NC=CC=C2N(C(=O)C1=O)CC(=O)NC(C)C1=CC=CC=C1,0.007116346177645028
C(=O)(C(C1C=CC=NC=1)N1CCOCC1)N1CCC(CC1)C1NN=CC=1CC,0.00485375253483653
N1(CC2C=CC(=CC=2)C)C2=NC=CC=C2N(C(=O)C1=O)CC(=O)NCC1C=CC=C(C)C=1,0.006763014779426158
CC(C(NCC1SC(C(CN2C(=O)C3=C(C=CC=C3)N=N2)=O)=CC=1)=O)(C)C,0.008245595591142773
C1(=COC(COC2=CC=CC(=C2)C(F)(F)F)=N1)C(=O)NCC1C(C)=NNC=1C,0.002869778109015897
COC1=C(OCC(OCCCN2C(=O)C3=C(C=CC=C3)C2=O)=O)C=CC(C=CC)=C1,0.005396335618570447
N1(C[C@H](C[C@H]1C(NC)=O)N)C(CCC1=CC=C(C2C=CC(=CC=2)C)O1)=O,0.007824886892922222
CC1=CC=C(COC(C2=CC(S(NCCC#N)(=O)=O)=CC=C2)=O)C=C1,0.003113668593869079
C1(=CC(=NN1CC)C)C(=O)N1CCC(CC1)N1C=C(N=N1)C1CC1,0.007847293838858604
N1(CC2=CC=C(C=C2)C)C2=NC=CC=C2N(C(=O)C1=O)CC(NCCC1C=CC=CC=1)=O,0.006621166225522756
CC(C(N(CC1=CC(F)=CC=C1)C)=O)OC1=CC2=C(C=CC(O2)=O)C=C1,0.00835721492767334
N12CCN(CCC1=NN=C2C)CC1(CCCN(CCOC)C1=O)O,0.006926989974454045
N1(CC2=CC=C(C=C2)C)C2=NC=CC=C2N(C(=O)C1=O)CC(NCCC1=CC=C(C=C1)C)=O,0.006953387521207333
C1(=CN=C2CCCCN12)NC(CC1CCS(=O)(=O)C1)=O,0.004894025053363294
N1(CC2C=CC(=CC=2)C)C2=NC=CC=C2N(C(=O)C1=O)CC(NCCN1CCCCC1)=O,0.005989104579202831
C1(C(=O)NCC2CCOC2)C=C(ON=1)COC1C=CC2=C(C=CC=N2)C=1,0.007140236394479871
N1(CC2C=CC(=CC=2)C)C2=NC=CC=C2N(C(=O)C1=O)CC(=O)NC1CCCC2C=CC=CC1=2,0.008203463698737323
S(=O)(=O)(C1C=CC2C(=NSN=2)C=1)N1[C@H]2CCNC[C@@H]1CC2,0.004631024156697095
CN1C2N(C(=NN=2)COC2=CC3=C(C=CC(O3)=O)C=C2)C2=C(C=CC=C2)C1=O,0.0065348151372745635
N1(CC2C=CC(=CC=2)C)C2=NC=CC=C2N(C(=O)C1=O)CC(=O)NCC(C)C1C=CC=CC=1,0.007139612990431488
CCN(C1CCCCC=1)C(COC1=CC2=C(C=CC(O2)=O)C=C1)=O,0.010873481817543506
C1(C(=O)N2CC[C@H]([C@H](O)C2)C2=CC=C3C(C=CC=C3)=C2)=NN=C2N=C(C)C=CN12,0.002269305678782985
CCN(C1CCCCC=1)C(CSC1N(CC=C)C(=O)C2=C(C=C(C=C2)Cl)N=1)=O,0.008861256344243885
N1(CC2C=CC(=CC=2)C)C2=NC=CC=C2N(C(=O)C1=O)CC(=O)NC(C)CCC1=CC=CC=C1,0.007564831525087357
COCCN1C(=O)C2=C(C=C(C=C2)Cl)N=C1SCCCN1C(=O)C2=C(C=CC=C2)C1=O,0.004042430990375578
N1(CC2=CC=C(C=C2)C)C2=NC=CC=C2N(C(=O)C1=O)CC(=O)NC(CCC)C1=CC=CS1,0.0065601887879893185
CCN1C(C2=CC=CC=C2)=NN=C1SCC(C1=CC(F)=C(OC)C=C1)=O,0.011041347542777658
N1(CC2C=CC(=CC=2)C)C2=NC=CC=C2N(C(=O)C1=O)CC(NCCCN1CCCC1)=O,0.00616699242964387
C(=O)(N(CCOC)C(C)C)C1CCC(N(CCCN2CCCC2=O)C1)=O,0.012381200026720763
C1(C=CN=C(CO)C=1)C1C=CC=CC=1OCC1C=CC=CC=1,0.004851813893765211
N1(CC2C=CC(=CC=2)C)C2=NC=CC=C2N(C(=O)C1=O)CC(=O)NCC1=CC=CC=C1OCC,0.006310332543216645
CCN1C(C2=CC=CC=C2)=NN=C1SCC(C1=CC2=C(N(S(CC)(=O)=O)CC2)C=C1)=O,0.007465752074494958
N1(CC2=CC=C(C=C2)C)C2=NC=CC=C2N(C(=O)C1=O)CC(NCCN1CCN(CC1)C)=O,0.005836518155410886
CCN(C1CCCCC=1)C(CSC1N2C(N(C(C3=C2C=CC=C3)=O)C2=CC(OC)=CC=C2)=NN=1)=O,0.00784217140171677
N1(CC2=CC=C(C=C2)C)C2=NC=CC=C2N(C(=O)C1=O)CC(=O)NCC1=CC=C(C=C1)SC,0.005686545534990728
CCN(C1CCCCC=1)C(CSC1N2C(N(C(C3=C2C=CC=C3)=O)C2=CC=C(OC)C=C2)=NN=1)=O,0.008069219812750817
N1(CC2C=CC(=CC=2)C)C2=NC=CC=C2N(C(=O)C1=O)CC(=O)NCC1C=CC=C(OC)C=1OC,0.006289222557097673
N1(CC2=CC=C(C=C2)C)C2=NC=CC=C2N(C(=O)C1=O)CC(=O)NCC1=CC(OC)=CC=C1OC,0.005899368016980588
CC(CCSC1N2C(N(C(C3=C2C=CC=C3)=O)C2=CC=C(C)C=C2)=NN=1)C,0.009643902210518718
N1(CC2C=CC(=CC=2)C)C2=NC=CC=C2N(C(=O)C1=O)CC(=O)NCC1C=CC(=CC=1)OCC,0.006265184539370239
CCC1=CC=C(C2NN=C(SCC3OC=C(O)C(=O)C=3)N=2)C=C1,0.004246052366215736
C1(CNCC2CCOCC2)=CC(OC)=CC=C1OCC(O)CN1CCC(CC1)O,0.005342007149010897
N1(CC2=CC=C(C=C2)C)C2=NC=CC=C2N(C(=O)C1=O)CC(=O)NCC1=CC=C(C=C1)N(C)C,0.005809865309856832
C1(=COC(COC2C=CC(=CC=2Cl)F)=N1)C(=O)N1CCC1C1C=CC=CC=1,0.006482062372379005
N1(CC2=CC=C(C=C2)C)C2=NC=CC=C2N(C(=O)C1=O)CC(NCCC1C=CC=CC=1C)=O,0.00681826954241842
C1(SC=CC=1C)[C@@H]1CCN(C[C@H]1O)CC1=CC=C(C=C1)N1C=NC=N1,0.0024549021618440747
N1(CC2C=CC(=CC=2)C)C2=NC=CC=C2N(C(=O)C1=O)CC(NCCC1=CC=CS1)=O,0.0056393604259938005
CC1=CC(OCC2N3C(N(C(C4=C3C=CC=C4)=O)C)=NN=2)=C(Cl)C=C1,0.007291436777450144
C1(C=CC(=NC=1OC)OC)C(=O)N1CCOC(CC2CCCCC2)C1,0.012222393974661827
N1(CC2C=CC(=CC=2)C)C2=NC=CC=C2N(C(=O)C1=O)CC(NCCC1=CC=CO1)=O,0.006437471276149154
C1(C2=CC=NC=C2)=NC=CN1CCOC1=CC=CC=C1,0.006758813792839646
CC(C1=CC=C(C2N=C(COC(CCC(C3=CC4=C(OCCO4)C=C3)=O)=O)ON=2)C=C1)C,0.013496767543256284
N1(CC2=CC=CC=C2OC)CC(CCC1=O)C(=O)NC1CCOCC1,0.008291223458945752
N1(CC2C=CC(=CC=2)C)C2=NC=CC=C2N(C(=O)C1=O)CC(NCCC1=CC=C(C=C1)SC)=O,0.005717786913737655
CCOC(C1=CC(C(OCC)=O)=CC(OC(C(N(CC2=CC(F)=CC=C2)C)=O)C)=C1)=O,0.01261415691114962
N1(CCCC(CCCC2C=CC=CC=2)(CO)C1)C1=NC=CC(=C1)C(N)=O,0.003501385962590575
O=C(N1CCN(C(C2SC=CC=2)=O)CC1)CSC1=C2C(C=CC=C2)=C(C2=CC=CC=C2)N=N1,0.005700735934078693
S(CC)(=O)(=O)NC1C=CC(=CC=1)C(=O)N[C@@H]1CN([C@H](C(OC)=O)C1)C,0.0036469710525125266
CN1C2N(C(=NN=2)CSC2=C3C(C=CC=C3)=C(C3=CC=CC=C3)N=N2)C2=C(C=CC=C2)C1=O,0.008112026192247868
N1(CC2C=CC(=CC=2)C)C2=NC=CC=C2N(C(=O)C1=O)CC(=O)NCC1=CC=C(C=C1)CC,0.00712980970274657
CCS(N1C2=C(C=C(C(CSC3=C4C(C=CC=C4)=C(C4=CC=CC=C4)N=N3)=O)C=C2)CC1)(=O)=O,0.006429423997178674
N1(CC2=CC=NC=C2)C2=NC=CC=C2N(C(=O)C1=O)CC(=O)N1CCN(CC1)C1C=CC=CC=1,0.005908742314204574
CCCN1C2=C(C=C(S(N(C)C)(=O)=O)C=C2)N=C1COC(C1=C(N2N=NN=C2)C=CC=C1)=O,0.0036451505147852004
N1(CC2=CC=NC=C2)C2=NC=CC=C2N(C(=O)C1=O)CC(=O)NCC1=CC=CC(Cl)=C1,0.0056960306130349634
O=C(OCC1NC(=O)C2=C(SC(C3=CC=CC=C3)=C2)N=1)CCCN1C2=C(C=CC=C2)OC1=O,0.0036402778583578765
N1(CC2=CC=NC=C2)C2=NC=CC=C2N(C(=O)C1=O)CC(=O)NCC1C=CC=CC=1Cl,0.005736404214985669
ClC1=CC=C(C2N=C(COC(CCCN3C4=C(C=CC=C4)OC3=O)=O)ON=2)C=C1,0.006424636347219348
N1(CC2=CC=NC=C2)C2=NC=CC=C2N(C(=O)C1=O)CC(=O)NCC1=CC=C(C=C1)Cl,0.006103805103339255
C1(=NC=CN1C1=CC=C(C=C1)C1NC(=NN=1)C)C1C=CC2=C(C(C)=NO2)C=1,0.004463451553601771
N1(CC2C=CN=CC=2)C2=NC=CC=C2N(C(=O)C1=O)CC(NCCC1C=CC(=CC=1)Cl)=O,0.005725638917647302
CCN1C(=O)N(CC2=CC=CC=C2)C(N)=C(C(CSC2NC(C)=C(CC3=CC=CC=C3)N=2)=O)C1=O,0.004119748063385486
N1(CC2C=CN=CC=2)C2=NC=CC=C2N(C(=O)C1=O)CC(=O)NC1CCCCCCC1,0.008918013004586101
CC1=C(CC2=CC=CC=C2)N=C(SCC2ON=C(C3=CC=C(Cl)C=C3)N=2)N1,0.004025014082435519
N1(CC2=CC=NC=C2)C2=NC=CC=C2N(C(=O)C1=O)CC(NCCC1C=CC(=C(OC)C=1)OC)=O,0.006312837870791554
CC1=C(CC2=CC=CC=C2)N=C(SCC(N(C2CCCCC=2)C2CC2)=O)N1,0.006852058949880302
N1(CC(=O)N(CC2CCC2)CC2CCCO2)N=NN=C1CN1CCOCC1,0.008762375311926007
N1(CC2C=CN=CC=2)C2=NC=CC=C2N(C(=O)C1=O)CC(=O)NCC1=CC=C(C=C1)C,0.00653061387129128
CC(C(N(CC1=CC(F)=CC=C1)C)=O)OC(CN1C2=C(C=CC=C2)OC1=O)=O,0.0072794183623045685
C1(=COC(COC2=CC=C3C(OCO3)=C2)=N1)C(=O)N1[C@@H](C)CN(C(C)(C)C1)C,0.0064982296200469135
N1(CC2=CC=NC=C2)C2=NC=CC=C2N(C(=O)C1=O)CC(NCCCC1C=CC=CC=1)=O,0.00620040234643966
O=C(OCC(N(C1CCCCC=1)C1CC1)=O)CN1C2=C(C=CC=C2)OC1=O,0.008830793760716915
C1(C=C(ON=1)COC1C=CC(=C(F)C=1)F)C(=O)N(C)CC1=CC=CC=N1,0.007969336118549109
N1(CC2=CC=NC=C2)C2=NC=CC=C2N(C(=O)C1=O)CC(=O)NCC1C=CC2=C(OCO2)C=1,0.006004386907443404
N1(CC2C=CN=CC=2)C2=NC=CC=C2N(C(=O)C1=O)CC(=O)NCC1C=CC=C(C)C=1,0.006464129942469299
N1(CC2C=CN=CC=2)C2=NC=CC=C2N(C(=O)C1=O)CC(NCCC1C=CC=CC=1)=O,0.006422959221526981
CN1C(=O)C2=C(N=C(C(C)(C)C)N=C2SCC(NCCOC2=CC=CC=C2)=O)N(C)C1=O,0.006137788714841008
C1(=CC=NN1C1CCN(CC1)C(=O)C1C=CC(=CC=1C)C)NC(=O)NC1C=CC=CC=1OC,0.0044092289870604874
CC1C2=C(N=C3N(C2=O)CCC3)SC=1C(OCC(NC(C1=CC=CC=C1)CC1=CC=CC=C1)=O)=O,0.006510885758325457
COC1=CC=C(C(C2=CC=CC=C2)NC(CN2N=C(C3=C(Br)C=CC=C3)N=N2)=O)C=C1,0.006573503999970853
N1(CC2=CC=NC=C2)C2=NC=CC=C2N(C(=O)C1=O)CC(NCCC1=CC=C(C=C1)C)=O,0.00669767449144274
CN1C(=O)C2=C(N=C(C(C)(C)C)N=C2SCC(N(C2CCCCC=2)C2CC2)=O)N(C)C1=O,0.00927856913767755
C1(C(C)NC(=O)C2=CC=CC(=C2)NCC2=CC=C(C)S2)NC(=NN=1)C,0.004553419537842274
CCN(C1CCCCC=1)C(CSC1=C2C(N(C(N(C2=O)C)=O)C)=NC(C(C)(C)C)=N1)=O,0.010211498197168111
CN1C(=O)C2=C(N=C(C(C)(C)C)N=C2SCCCN2C(=O)C3=C(C=CC=C3)C2=O)N(C)C1=O,0.00347695869859308
N1C=CNC=1CN(C)CCCC1CCCO1,0.005700968019664287
CN1C2N(C(=NN=2)COC(COC2=CC3=C(OC4=C3CCCC4)C=C2)=O)C2=C(C=CC=C2)C1=O,0.008170953905209898
CC(C(NC1=C2C(C(C3=C(C2=O)C=CC=C3)=O)=CC=C1)=O)OC(CC1=C(C)C2=C(C=CC=C2)N=C1C)=O,0.01053041759878397
C1(=CSC(CCC)=N1)C(=O)NCC1=NC2=CC=CC=C2C(=O)N1,0.003500416595488787
O=C1C2=C(C=CC=C2)C(=O)N1CCCOC1=CC=C(C2OC=NN=2)C=C1,0.003297036932781339
COC1=C(F)C=C(C(CN2C(=O)C(=O)N(CC(C)C)C2=O)=O)C=C1,0.006392344878986478
CC(CN1C(=O)C(=O)N(CC(NC(C2=CC=CC=C2)CC2=CC=CC=C2)=O)C1=O)C,0.00355353212216869
N1(CC2=CC=NC=C2)C2=NC=CC=C2N(C(=O)C1=O)CC(=O)NC(C)CCC1=CC=CC=C1,0.007429692312143743
C1(=NC=NC(NC(C)CC2C=NC=CN=2)=C1)N1CCOCC1,0.005922506423667073
N1(CC2C=CN=CC=2)C2=NC=CC=C2N(C(=O)C1=O)CC(=O)NC(CCC)C1=CC=CS1,0.006556357257068157
CC(CN1C(=O)C(=O)N(CC(C2SC(CNC(C(C)(C)C)=O)=CC=2)=O)C1=O)C,0.005031598242931068
N1(CC2=CC=NC=C2)C2=NC=CC=C2N(C(=O)C1=O)CC(=O)NC(C)CC1=CC=CO1,0.006778983562253415
N1(CC2C=CN=CC=2)C2=NC=CC=C2N(C(=O)C1=O)CC(=O)NCC1=CC=C(C=C1)SC,0.0055842488305643204
C1(C=C(NN=1)COC1=CC=CC(F)=C1)C(=O)N(C)CCC1=CC=CC=C1,0.004890702723059803
N1(CC2C=CN=CC=2)C2=NC=CC=C2N(C(=O)C1=O)CC(=O)NCC1C=CC(=CC=1OC)OC,0.006233919109217822
C1(ON=C2C=CC=CC=12)C(=O)N(C)C(CC)C1C=CC=CN=1,0.008756672404706478
N1(CC2C=CN=CC=2)C2=NC=CC=C2N(C(=O)C1=O)CC(=O)NCC1C=CC=C(OC)C=1OC,0.006706136628054082
N1(C=CC(C2C=CC=C(C=2)C2C=CC=C(C)N=2)=N1)C(C)C(=O)NC1SC=CN=1,0.006677407491952181
CC(C(N(CC1=CC(F)=CC=C1)C)=O)SC1N(C2=CC=CC=C2)C(COC2=C(C)C=CC=C2)=NN=1,0.0069446303648874165
C1(CN2CCCC(O)C2)=CN(N=C1C1=CC2=C(C=CC=C2)O1)CC1=CC=CC=C1,0.004799600248225034
N1(CC2C=CN=CC=2)C2=NC=CC=C2N(C(=O)C1=O)CC(=O)NCC1=CC(OC)=CC=C1OC,0.0062796249985694885
C1(C=C(ON=1)COC1=CC=CC(C(C)=O)=C1)C(=O)N1CCCCC1CCOC,0.01127299852669239
CC1=C(C2N(C3=CC=CC=C3)C(SCC(C3SC(CNC(C(C)(C)C)=O)=CC=3)=O)=NN=2)C=CO1,0.011110283387824892
N1=C(N2CCCC2)N=C(C(C)=C1N1CC(C1)C1=CC=CN=C1)C,0.010740987304598094
N1(CC2=CC=NC=C2)C2=NC=CC=C2N(C(=O)C1=O)CC(=O)NCC1C=CC(=CC=1)OCC,0.006138563365675509
N1C2=CC=CC=C2OC=1C1C=CC(=CC=1)NC(=O)C1CCN(CC1)CCO,0.0022436494880821558
N1(CC2=CC=NC=C2)C2=NC=CC=C2N(C(=O)C1=O)CC(=O)NCC1=CC=C(C=C1)N(C)C,0.005823290022090077
CC1=C(C2=CC=CC=C2)C2=C(N=CN(C2=O)CC(N2CCN(C(C3SC=CC=3)=O)CC2)=O)S1,0.005873666214756668
N1(CC2C=CN=CC=2)C2=NC=CC=C2N(C(=O)C1=O)CC(NCCC1C=CC=CC=1C)=O,0.006596057489514351
N1(CC(=O)N(CC=C)C2CCS(=O)(=O)C2)N=NN=C1CN1CCC(CC1)C,0.006508132931776345
N1(CC2C=CN=CC=2)C2=NC=CC=C2N(C(=O)C1=O)CC(NCCC1=CC=CS1)=O,0.005577813438139856
CC(NCC1SC(C(CN2C(=O)C3=C(SC(=C3C3=CC=CC=C3)C)N=C2)=O)=CC=1)=O,0.008054668549448252
C(=O)(C1C=CC(=CC=1)OCC(C)=C)N(C)CC1CCCCN1C,0.012667405512183904
COC1=C(S(N2C(C)CCCC2)(=O)=O)C=C(C(OCC(N(C2CCCCC=2)C2CC2)=O)=O)C=C1,0.007743075303733349
C1(CCCN(CCCC2C=CC=CC=2)C1=O)(O)CN1CCN(CC1)C,0.011102314991876482
CCN(C1CCCC=1)C(CN1C(=O)C(=O)N(CC2=CC=CC=C2)C1=O)=O,0.004547247756272554
C1(CN2CCN(CC2)C2C=CC=C(C)N=2)=CN(N=C1C1C=CC=C(OC)C=1)C1C=CC=CC=1,0.009027102426625789
C1(CN2CCCCC2CO)=CN(N=C1C1C=CC(=CC=1F)OC)C1C=CC=CC=1,0.003751787357032299
CCN1C(=O)N(CC2=CC=CC=C2)C(N)=C(C(CSC2N(C3=CC=C(O)C=C3)N=NN=2)=O)C1=O,0.002859363867901266
C(=O)(NC1C=CC(=CC=1OC)OC)C1CNCC(=O)N1,0.005125740077346563
C12=C(OC)C=C(C=C1C(=CC(NCCCN(CCO)CCO)=N2)C)OC,0.003914324892684817
OC1=CC=C(N2C(SCC(N3CCN(C(C4SC=CC=4)=O)CC3)=O)=NN=N2)C=C1,0.0027333659469150006
N1(CC2=CC=NC=C2)C2=NC=CC=C2N(C(=O)C1=O)CC(NCCC1=CC=C(C=C1)SC)=O,0.005645180819556117
N1(CC2=CC=NC=C2)C2=NC=CC=C2N(C(=O)C1=O)CC(=O)NCC1=CC=CC(Br)=C1,0.0068051448790356515
OC1=CC=C(N2C(SCC(N3CCN(CC(N4CCCC4)=O)CC3)=O)=NN=N2)C=C1,0.0032446277211420236
N1(CC2=CC=NC=C2)C2=NC=CC=C2N(C(=O)C1=O)CC(=O)NCC1=CC=CC=C1C,0.006475159199908376
C1(CCN2CCSCC2)C=C(OC)C=CC=1OC,0.013816672656685115
N1(CC2C=CN=CC=2)C2=NC=CC=C2N(C(=O)C1=O)CC(=O)NCC1C=CC(=CC=1)OC(C)C,0.006608379515819251
OC1=CC=C(N2C(SCC(NC(C3=CC=CC=C3)CC3=CC=CC=C3)=O)=NN=N2)C=C1,0.003332018374931067
N1(CC2=CC=NC=C2)C2=NC=CC=C2N(C(=O)C1=O)CC(=O)NCC1=CC=C(C=C1)CC,0.007030986878089607
CC1=CC=C(CC(C#N)SC2N(C3=CC=C(O)C=C3)N=NN=2)C=C1,0.0023838215226533064
CC(C(NCC1SC(C(CSC2N(C3=CC=C(O)C=C3)N=NN=2)=O)=CC=1)=O)(C)C,0.004801073810085654
CC(NCC1SC(C(COC(CC2N=C(C)SC=2)=O)=O)=CC=1)=O,0.009013289725407958
C1(OC(=C(CN2CCC(CC2)NC(C)=O)N=1)C)C1=CC=C(C=C1F)OC,0.004073086753487587
CCCN1C2=C(C=C(S(N(C)C)(=O)=O)C=C2)N=C1COC(CC1N=C(C)SC=1)=O,0.004317202337551862
C1(=CN(C)C2C(=CC=CC=2)C1=O)C(=O)N(CC(C)C)CC1C=CC=C(OC)C=1,0.009609246207401157
S(=O)(=O)(C1C=CC(=CC=1)C)N1CCC(CC1)C1C=CN=CC=1,0.005124465469270945
C1(=CC=C(N(C)C1=O)C(C)C)C(=O)N[C@@H]1CN2[C@H](CN(CC2)C)C1,0.0089396734489128
COC1=C(C2N(C3=CC=C(Cl)C=C3)C(SC(C#N)CC3=CC=CC=C3)=NN=2)C=CC=C1,0.00616761088435851
N1(CCN(CC1CCO)CC1=CC=CC(OCC)=C1O)CC1C=CC=CC=1F,0.00242350084008649
CCCN1C(C2=CC(C)=CC=C2)=NN=C1SCC(NC(C1=CC=C(OC)C=C1)C1=CC=CC=C1)=O,0.008803128451108932
C1(=NOC(CN2CCCC(C2)C(=O)CC(C)C)=N1)C1C=CC(=C(OC)C=1OC)OC,0.012967099156230687
CCCN1C(C2=CC(C)=CC=C2)=NN=C1SCC1N2C(N(C(C3=C2C=CC=C3)=O)C)=NN=1,0.00965681872330606
C1(NN=CN=1)C(=O)NCC(C1=CC=CC=C1)N1CCCCCC1,0.004691428993828595
ClC1=CC2=C(N=C(O2)SCC(N(C2CCCCC=2)C2CC2)=O)C=C1,0.007983156992122532
C(=O)(C1CC1)N1CCC(CC1)N1CCCC(C(NCCC2C=CC(=CC=2)O)=O)C1,0.005734479054808617
N1(CCOC(C1)C1=CC=C(C(Cl)=C1)Cl)C(CCCC(N)=O)=O,0.007431016652844846
CN1C2N(C(=NN=2)COC2=CC=C(I)C=C2)C2=C(C=CC=C2)C1=O,0.008924333145841956
C1(=CC=CC(OC)=C1OCC(O)CN1CCOCC1)CN(C)CC1=CC=C(C=C1)F,0.004321648052427918
N1OC(=CC=1O)CCC(=O)N(C(C)CC)CC1C=CC(=CC=1)Cl,0.008101948024705052
C1(=CC=C(C2C=CC=CC=2Cl)O1)C(=O)N1CCC(CC1)C(O)C1=CC=CC=N1,0.004488264408428222
C1(C(=O)N2CCC3C(=CC=CC=3Cl)C2)=CN(N=N1)C1CCCCC1,0.011077270796522497
C(=O)(C1=CC=CC(=C1)NCC1=CC=CS1)N1CCC[C@H]1CO,0.003121648170053959
COC1=C(OCC2N3C(N(C(C4=C3C=CC=C4)=O)C)=NN=2)C=CC(C)=C1,0.009031008742749692
N1(CC(C)NCC2=NOC(C3=CC=CO3)=C2)C=NC2C(=CC=CC=2)C1=O,0.007749323919415474
CC1C2=C(N=C3N(C2=O)CCC3)SC=1C(OCC1ON=C(C2=CC=C(Cl)C=C2)N=1)=O,0.006090731103904545
S(=O)(=O)(C1=CC=C(C=C1)Cl)N1CCC(CC1)C1=CC=NC=C1,0.004487302945926785
N1=C(C)SC=C1CNC(=O)C1=CC=CC(=C1)CN1C=CC=N1,0.006196776241995394
S(=O)(=O)(C1=CC=C(C=C1)C(C)(C)C)N1CCC(CC1)C1C=CN=CC=1,0.006850886391475797
N1(CC)C(=O)NN=C1C1CCN(CC1)C(=O)CCN1C2C=CC=CC=2NC1=O,0.002335309627233073
N1(CCOC(CC2C=CC=C(OC)C=2)C1)C(CCC1CCC(NN=1)=O)=O,0.006494810082949698
S(=O)(=O)(C1C=CC2=C(C=1)OC(N2C)=O)N1CCC(CC1)C1=CC=NC=C1,0.004260242893360555
CC(C(N(CC1=CC(F)=CC=C1)C)=O)OC(C1=C(C)C2=C(N=C3N(C2=O)CCC3)S1)=O,0.007436437276192009
N1(CCCCC1C(=O)NC1C=CC(=CC=1)N1C=CC=N1)CC1C=NN(C)C=1,0.0060283902799710635
CCCNS(C1=CC(C(OCC(C2SC(CNC(C(C)(C)C)=O)=CC=2)=O)=O)=CC=C1)(=O)=O,0.0074033995391801
C1(=O)N=C(C)C=C(C)N1CCC(=O)NC(CC)C1=CC=CN=C1,0.005856136349029839
ClC1=C2C(N=CC=C2)=C(OCC2=CC=C(C#N)C=C2)C=C1,0.006523562257643789
S(=O)(=O)(N1CCC(CC1)C1=CC=NC=C1)C1=CC=CC2=NSN=C12,0.004484811797738075
N1(CCOC2=C(C=C(C3C=CC=CC=3C)C=C2C1)O)C(=O)C1CNC(=O)C1,0.00522254619281739
S(=O)(=O)(C1=CC=C2C(=C1)OC(N2)=O)N1CCC(CC1)C1C=CN=CC=1,0.002111685724230483
N1(CCC2=C(N=CN2)C1C1=CNC=N1)CC1=NC=CN1C1C=CC(=CC=1)OC,0.005200234847143293
CC1N(S(C)(=O)=O)C2=C(C=C(C(COC3=C4C(C=CC=N4)=C(Cl)C=C3)=O)C=C2)C1,0.006441813637502491
C1(C(=O)N(C)CCC2CCCCO2)=CC(=NN1C)C(C)C,0.01320679858326912
CC(N(C(C)C)CCN1C(=O)C2=C(C=CC=C2)N=C1SC(C(N(CC1=CC(F)=CC=C1)C)=O)C)C,0.00829891934990883
C1(CN(C)CC2CCN(CC2)CC2=CC=C(C)O2)C(C)=NN(C)C=1Cl,0.014011543057858945
BrC1=C(C2=NN(CC(N(C3CCCCC=3)C3CC3)=O)N=N2)C=CC=C1,0.008893502037972211
N1N(C)C=CC=1C1C=CC=C(C=1)C1=NC=CC(=C1)C(=O)N1CCN(CC1)C,0.009964239643886685
S(=O)(=O)(N1CCC(CC1)C1C=CN=CC=1)C1=CC=C(Cl)S1,0.003990019403863699
N1C(NC(C)CN2C=NC=N2)=CC(=NC=1N(C)C)C,0.005020947882439941
CC(C(NC1C(C)C(C)CCC1)=O)OC1=CC(C#N)=CC=C1,0.011958491150289774
N1=NC(=CN1C1CCN(CC1)C(C)CC1(C)CC1)CN1CCCCCC1,0.0202579528093338
C1(C(=CC=CC=1F)Cl)CN1CCN(C(CCO)C1)CCC(C)C,0.004743533860892058
C1(C(=CN=CC=1Cl)Cl)CN(C)CCOC1=CC=CC=C1OCC,0.01201564953662455
S(=O)(=O)(C1C=CC(=C(C)C=1)C)N1CCC(CC1)C1C=CN=CC=1,0.0055998983327299355
N1(CCNC(=O)C1CC(NCCC1C=CC(=CC=1)OC)=O)CC1=CC=CC2=CC=CC=C12,0.006345551926642656
N#CC1=CC(COC2=CC(C#N)=CC=C2)=CC=C1,0.011562123824842275
ClC1SC(COC2=CC(C#N)=CC=C2)=CC=1,0.006462998094502836
O=C1C2=C(C=CC=C2)S(=O)(=O)N1CCOC1=CC(C#N)=CC=C1,0.0059385953936725855
S(=O)(=O)(C1C=CC(=C(Cl)C=1)OC)N1CCC(CC1)C1C=CN=CC=1,0.005204402189701795
COC1=C(F)C=C(CN(C(COC2=CC(C#N)=CC=C2)=O)C)C=C1,0.007862414862029255
S(=O)(=O)(N1CCCC(N(C)CCCN(C)C)C1)C1C=C(SC=1C)C,0.008120339852757752
CN1C2N(C(=NN=2)COC2=CC(C#N)=CC=C2)C2=C(C=CC=C2)C1=O,0.006243998720310629
S(=O)(=O)(N1CCCC(C(=O)C2=CC=C(C=C2)SC)C1)C1C(C)=NOC=1C,0.00855607413686812
CC(C(N(CC1=CC(F)=CC=C1)C)=O)OC(C1CCN(S(C2=CC=CC=C2)(=O)=O)CC1)=O,0.007099733198992908
C1(=COC(COC2C=CC3=C(C=CC=N3)C=2)=N1)C(=O)NCC1=CC=CN=C1N,0.003032667585648596
S(=O)(=O)(C1C=CC(=CC=1)CC(C)C)N1CCC(CC1)C1C=CN=CC=1,0.0069350614212453365
N1C2=CC=C(C=C2NC=1)C1=CC=CC(C(C)N(C)C)=C1,0.005773491272702813
COCCN1C(SCC2ON=C(C3=CC=C(Cl)C=C3)N=2)=NN=C1CC1=CC=CC=C1,0.007502052746713161
S(=O)(=O)(C1C=CC(=CC=1)CC)N1CCC(CC1)C1C=CN=CC=1,0.0055962679209187625
N1(CC(=O)N2CC3=C(N(N=C3)CCO)C2)N=C2C(C=CC=C2)=N1,0.004256340838037431
COCCN1C(SCC(N2CCN(C(C3SC=CC=3)=O)CC2)=O)=NN=C1CC1=CC=CC=C1,0.00659052801784128
N1=C(CN(C)C(C(O)=O)C2C=CC(=C(C)C=2)F)ON=C1C1=CC=NC=C1,0.005746048223227262
S(=O)(=O)(N1CCC(CC1)C1=CC=NC=C1)C1C(C)=NOC=1C,0.005561191611923278
N1C(=CN=NC=1NCCCOC(C)C)C1=CC(OC)=C(C(OC)=C1)OC,0.0068132926942780616
S(=O)(=O)(C1C=CC(=CC=1)OCC)N1CCC(CC1)C1=CC=NC=C1,0.005689738411456346
N1=C(C2C=CC=C(C=2)C2=C(C=CC=N2)C)C=CN1C(C)C,0.013411298440769315
COC1=CC(OCC(N2CCN(C(C3SC=CC=3)=O)CC2)=O)=C(C(C2=CC=CC=C2)=O)C=C1,0.008382046967744828
C1(=CC=CN=C1N1CCC(CC1)(O)C(O)=O)C(F)(F)F,0.0036512806662358345
COC1=CC(N(=O)=O)=C(OCC(NCCOC2=CC=CC=C2)=O)C=C1,0.005520596564747393
N1(CCNC(=O)C1CC(NCCC1C(=CC=CN=1)C)=O)CC1=CC=C(C(C)=C1)OC,0.006384123815223575
COC1=CC(N(=O)=O)=C(OC(C(N(CC2=CC(F)=CC=C2)C)=O)C)C=C1,0.00845426507294178
S(=O)(=O)(C1=CC=C(C=C1)Br)N1CCC(CC1)C1=CC=NC=C1,0.006084781442768872
C(=O)(N(C)CCOC)CC(C1=CC=CC=C1)C1=CC=C2C(OCO2)=C1,0.013017923943698407
C(=O)(N(C(C)C)CC1OC(=NN=1)CC)C1COC2=C(C=CC=C2OC)C1,0.012417567940428854
COC1=CC=C(C2N=C(COC3=C(N(=O)=O)C=C(OC)C=C3)ON=2)C=C1,0.0066702116280794145
N1(CC(NCCCC2=CC=CC=C2)=O)N=NN=C1CN1CCCC1,0.004910180810838938
N1=C(CNC(=O)C2C=CC(=CC=2)OC2C=CC(=CC=2)OC)C=C(COC)N1,0.005313752102665603
ClC1=CC=C(C(C2=CC=C(OCC(N3CCN(CC(N4CCCC4)=O)CC3)=O)C=C2)=O)C=C1,0.008856761897914112
N1(CCNC(=O)C1CC(=O)NC1CC2=C(C=CC=C2)C1)CC1C=CC2C(=CC=CC=2)C=1,0.00825768404174596
CC1=CC(C2N(CC3OC=CC=3)C(SCCCC#N)=NN=2)=CC=C1,0.0067382886598352345
CC1CN(C2C(O1)=CC=C(S(=O)(=O)N1CCC(CC1)C1=CC=NC=C1)C=2)C(C)=O,0.00506834676489234
C(=O)(C1=CC=C(N=C1)N1CCC(CC1)O)N1CCC(CC1)N1CCOCC1,0.0039806901942938564
S(=O)(=O)(C1C=CC2=C(CC(N2C(C)=O)C)C=1)N1CCC(CC1)C1=CC=NC=C1,0.0054207453969866036
N1(CC(CC1=O)NC(=O)CC1=CSC(C)=N1)CC1=CC=CC2C=CC=CC1=2,0.006506546121090651
CCN(C1CCCC=1)C(CSC1N(CCC#N)C2=C(C=CC=C2)N=1)=O,0.005572013429991784
S(=O)(=O)(C1C=CC(=CC=1)C1CCCCC1)N1CCC(CC1)C1=CC=NC=C1,0.008167001977562904
C12(CCN(CC1)C(CCC(OC)=O)=O)C1=CC=CC=C1[C@@H](N(C)C)[C@@H]2O,0.005488301697187126
S(=O)(=O)(N1CCC(CC1)C1C=CN=CC=1)C1=C(Br)C=C2C(=C1)N(CC2)C(C)=O,0.005763740558177233
C1(=NC=CN1C(C)C)C1=CC2OCCCOC=2C=C1OC,0.009588917018845677
CC1=CC=C(CC(C#N)SC2N(CCC#N)C3=C(C=CC=C3)N=2)C=C1,0.006194200875778566
[C@@]12(CN(C[C@H]1CN(CC1C(C)=NOC=1C)C2)CC1C=CC=CC=1)C(O)=O,0.008807901456020773
COC1=C(F)C=C(C(COC(CC2=CC3=C(OCCO3)C=C2)=O)=O)C=C1,0.014856042340397835
S(=O)(=O)(N1CCC(CC1)C1C=CN=CC=1)C1=CC=C(Br)S1,0.005478182400111109
N12N=C(SC1=NN=C2CC(C)C)CC1C=C(OC)C=CC=1OC,0.011171662574633956
ClC1=CC=C(C2N(CC=C)C(SC(C#N)CC3=CC=CC=C3)=NN=2)C=C1,0.005477221921489672
C1(C(C)=NOC=1C)C1CCCN1C(=O)CN1C(=O)C=CC(=O)N1,0.004157077614217996
CC(NCC1SC(C(CSC2N(CC=C)C(C3=CC=C(Cl)C=C3)=NN=2)=O)=CC=1)=O,0.007534308731555939
N1(CCOC(CCNC(=O)C2(CCCC2)N)C1)CC(C)C,0.015230391453951598
CC1=CC(C2N(CC=C)C(SCCN3CCCCC3)=NN=2)=CC=C1,0.011454012850299478
S(=O)(=O)(C1=CC=C2C(CC(N2C)=O)=C1)N1CCC(CC1)C1=CC=NC=C1,0.00524293389171362
CC1=CC(C2N(CC3OC=CC=3)C(SCC(NCC3OCCC3)=O)=NN=2)=CC=C1,0.007760275527834893
S(=O)(=O)(N1CCC(CC1)C1=CC=NC=C1)C1C=NN(C(F)F)C=1C,0.0030775238876231013
C1(=COC(COC2C=CC3=C(C=CC=N3)C=2)=N1)C(=O)N(C)CC1C=CN=C(C)C=1,0.006216160394251347
CC1=CC(C2N(CC3OC=CC=3)C(SCC(/C(/C#N)=C3\NC4=C(C=CC=C4)N\3)=O)=NN=2)=CC=C1,0.006792597519233823
C1(CC2C(=CC=CC=2)C1)(C(=O)NCC1=NC=CN1CC)N1C[C@@H](C)O[C@@H](C)C1,0.0063266251934692265
CC1=CC(C2N(CC3OC=CC=3)C(SCC3SC4=C(C=CC=C4)N=3)=NN=2)=CC=C1,0.011045395582914352
N1(CC(=O)N2CCC(CC2)CN2C=C(N=N2)CN)C(C)=C(C(C)=N1)Cl,0.006967876804992557
S(=O)(=O)(C1=CC=C2C(=C1)C(C)=C(O2)C(OCC)=O)N1CCC(CC1)C1=CC=NC=C1,0.005323176202364266
S(N)(=O)(=O)C1C=CC(=CC=1)CNCC1=CN(N=C1C)CC=C,0.004663422796875238
S(=O)(=O)(N(C)C)N1CCC(CC1)C1=CC=NC=C1,0.007709968206472695
CCCN(C(CSC1N(CC2OC=CC=2)C(C2=CC(C)=CC=C2)=NN=1)=O)CC1CC1,0.011890999646857381
N1(CC2=C(C=NC(CC)=N2)C1)C(=O)CSC1NC2=C(C=C(C=C2)C)N=1,0.0040278255706653
CC1=CC(C2N(CC3OC=CC=3)C(SCC(NC3=C(N4CCOCC4)C=CC=C3)=O)=NN=2)=CC=C1,0.0061419187812134625
N1(CCCC(C1)N(C)CC1C=CC=CC=1)C(=O)CSC1C=CN=CC=1,0.007478216546587646
CC1=CC(C2N(CC3OC=CC=3)C(SCC(N3C4=C(C=CC=C4)NC(=O)C3)=O)=NN=2)=CC=C1,0.006546279159374535
C(=O)(N1CCC(CC1)C1C=CN=CC=1)C1=CC=CC=C1Br,0.010576371802017093
N1(CCCC(C1)CCC(=O)N(C)CCC1C=CC=CN=1)C(=O)C1=CC=C2C(OCCO2)=C1,0.009038990619592369
CC1=CC(C2N(CC3OC=CC=3)C(SCC(NC(NC3CCCC3)=O)=O)=NN=2)=CC=C1,0.0023446172126568854
S1(CCC(C1)N1CCN(CC1)CC1ON=C(C2(CCCC2)C2=CC=C(C=C2)C)N=1)(=O)=O,0.009491262398660183
CC1N(CC2OCCC2)C(C)=C(C(CSC2N(CC3OC=CC=3)C(C3=CC(C)=CC=C3)=NN=2)=O)C=1,0.012878797855228186
C1(C=NN2C=CC=CC=12)C(=O)N1CCC(CC1)(CO)CC1C=CC=C(OC)C=1,0.004063672770280391
CC1=CC(C2N(CC3OC=CC=3)C(SCC(NCCN3C(=O)SCC3=O)=O)=NN=2)=CC=C1,0.0029301595059223473
N1C(COC)=NOC=1CN(CC)C(C(O)=O)C1C=C(C)C(=C(C)C=1)OC,0.009112362843006849
CC1=CC(C2N(CC3OC=CC=3)C(SCC3NC(=O)C4=C(SC5=C4CCC5)N=3)=NN=2)=CC=C1,0.006337951868772507
C(=O)(C1=CC=C(N=C1)NCCC)N1CCCCC1CCN1C=CC=N1,0.00608581705018878
C1(=COC(CN2CCC3C(=CC=CC=3)C2)=N1)C(=O)NCC1=NN=C2CCCN12,0.006942483736202121
C1(C2=CC=CC=C2Cl)OC(=C(CN(CC#C)CC2=CC=CO2)N=1)C,0.005089573271106929
CCC1=C2C(C(C(CSC3N(CC4OC=CC=4)C(C4=CC(C)=CC=C4)=NN=3)=O)=CN2)=CC=C1,0.008796074660494924
C1(=O)NCCN1C1C=CC(=CC=1)CN1CCCC(C(=O)C2=CC=C(C=C2)C(C)(C)C)C1,0.00808618131559342
CC1=CC(C2N(CC3OC=CC=3)C(SCC(NC(NCC3OC=CC=3)=O)=O)=NN=2)=CC=C1,0.002159613947151229
C1(NC=NC=1C1=CC=CC=C1)C1=CC=CC(OC)=C1OCCN1C=CN=C1,0.005015399865806102
COC1=CC(OC)=C(C(C(SC2N(CC3OC=CC=3)C(C3=CC(C)=CC=C3)=NN=2)C)=O)C=C1,0.012714386731386185
N1(CC2=CC=CC(F)=C2)CC(CC1=O)NC(=O)NC1C=CC=CC=1C,0.003596068441402167
C1(N)(CC1)C(=O)N1CCOC(C1)CC(C1=CC=CC=C1)C1=CC=CC=C1,0.013454613229259848
CC1=CC(C2N(CC3OC=CC=3)C(SCC(N3C(C)(C)C(=O)NC4=C3C=CC=C4)=O)=NN=2)=CC=C1,0.007161939516663551
C(=O)(N(C)CC1=CC=NN1)C1C=CC=CC=1NCC=C,0.0040805144933983685
CC(C(N)=O)SC1N(CC2OC=CC=2)C(C2=CC(C)=CC=C2)=NN=1,0.007580837467685342
C1(N(CCS(C)(=O)=O)C=NC=1C1C=CC=CC=1)C1N(CC)N=CN=1,0.005296101607382297
CCN1C2=C(C=C(S(N(C)C)(=O)=O)C=C2)N=C1CSC1N(CC2OC=CC=2)C(C2=CC(C)=CC=C2)=NN=1,0.005124362581409514
COC1=C(Br)C=C(C(CSC2N(CC3OC=CC=3)C(C3=CC(C)=CC=C3)=NN=2)=O)C=C1,0.013195232255384326
N1C(CNC(=O)CC2C3=CC=CC(F)=C3NC=2C)=NOC=1C1=CC=CO1,0.003852198366075754
CC1=CC(C2N(CC3OC=CC=3)C(SCCCC(C3SC=CC=3)=O)=NN=2)=CC=C1,0.012425216985866428
N1C(C2=CC=C(C=C2)C2CCCCC2)=CNC=1C1CNC(=O)C1,0.005063666705973446
CC1N(C(CSC2N(CC3OC=CC=3)C(C3=CC(C)=CC=C3)=NN=2)=O)C2=C(C=CC=C2)NC(=O)C1,0.006777862505987287
N1(CCNC(=O)C1(C)C)C(=O)C1=CC=C(C2CCCN2)S1,0.0063769824104383584
CC1=CC(C2N(CC3OC=CC=3)C(SCC(C3=CC4=C(NC(C4)=O)C=C3)=O)=NN=2)=CC=C1,0.008632236765697599
C(=O)(C1C=CC(=CC=1)N(C)C)N1CCC(CC1)C1C=CN=CC=1,0.00838075673673302
CC1=CC(C2N(CC3OC=CC=3)C(SCCN3S(=O)(=O)C4=C(C=CC=C4)C3=O)=NN=2)=CC=C1,0.006412990461103618
C1(=C(CCC)C=NC(C)=N1)N(C)CC1NC=CN=1,0.0037246217601932586
CC(C1=NOC(NC(CSC2N(CC3OC=CC=3)C(C3=CC(C)=CC=C3)=NN=2)=O)=C1)C,0.008019845979288221
C1(N[C@H]2CN([C@H](CO)C2)C)=NC(C)=CC(C2CCC2)=N1,0.0035837357630953194
CC1=CC(C2N(CC3OC=CC=3)C(SCC(N3N=C(C4=CC=CC=C4)CC3)=O)=NN=2)=CC=C1,0.008727062679827213
CC(N1C(NC(C(SC2N(CC3OC=CC=3)C(C3=CC(C)=CC=C3)=NN=2)C)=O)=CC=N1)C,0.007186560938134789
S(C)(=O)(=O)N1CCC(CC1)OC1C=CC(=CC=1Cl)C(NCCCOC)=O,0.004118234862107784
C(=O)(C1=CC=C2C(OCO2)=C1)N1CCC(CC1)C1C=CN=CC=1,0.008360096346586942
CC1=CC(C2N(CC3OC=CC=3)C(SCC(NC3=C(C(NC4CC4)=O)C=CC=C3)=O)=NN=2)=CC=C1,0.006012290972284973
C(=O)(C1=CC=CS1)N1CCC(CC1)C1C=CN=CC=1,0.007525672880001366
CC(NC1SC=C(CSC2N(CC3OC=CC=3)C(C3=CC(C)=CC=C3)=NN=2)N=1)=O,0.006677205441519618
CC1=CC(C2N(CC3OC=CC=3)C(SC(C3=CC=CC=C3)C(NC(N)=O)=O)=NN=2)=CC=C1,0.001940338109852746
CC1=CC(C2N(CC3OC=CC=3)C(SCC3N=C4N(C=CC=C4)C=3)=NN=2)=CC=C1,0.007894990243948996
C1(=CC=C2C3C(=CC=CC1=3)CC2)C(=O)C1CCCN(CC2=CN=C(C)S2)C1,0.013926048111170531
CC(C1SC=CC=1)NC(CSC1N(CC2OC=CC=2)C(C2=CC(C)=CC=C2)=NN=1)=O,0.00835644188337028
C12NC(=O)CC(C3C=C(OC)C(=CC=3F)OC)C=1C=NN2CC1=CC=CS1,0.005583650176413357
CC1=CC(C2N(CC3OC=CC=3)C(SCC(N(C3CCCCC=3)C3CC3)=O)=NN=2)=CC=C1,0.011368119064718485
C(=O)(C1C=CC=CC=1C)N1CCC(CC1)C1=CC=NC=C1,0.00907212090678513
N1C2C=CC=CC=2NC=1CN(C)CC1=CN=C(N=C1)C1=CC=CC(C)=C1,0.005091037508100272
C(=O)(C1C=CC(=CC=1)C)N1CCC(CC1)C1=CC=NC=C1,0.00919162849895656
CC1=CC(C2N(CC3OC=CC=3)C(SCC(NCC3OC4=C(C=CC=C4)OC3)=O)=NN=2)=CC=C1,0.007445967267267406
C(=O)(N1CCC(CC1)C1C=CN=CC=1)C1=CC(OC)=C(C(OC)=C1)OC,0.009660813631489873
CC1=CC(C2N(CC3OC=CC=3)C(SCC(C3=CC=C(NS(C)(=O)=O)C=C3)=O)=NN=2)=CC=C1,0.005739224934950471
C1(CN(C)CC2C=C(NN=2)C)=CN(N=C1C1C=CC=C(F)C=1)C1C=CC=C(C)C=1,0.0057126306230202316
CC1=CC(C2N(CC3OC=CC=3)C(SCC(C3=CC4=C(NC(CC4)=O)C=C3)=O)=NN=2)=CC=C1,0.008619333989918232
N1(CCN(CC1)CCC(N)=O)C1=CC=C(C=N1)C(C)=O,0.007107029436156154
COC1=C(F)C=C(C(CSC2SC(SC)=NN=2)=O)C=C1,0.014493240043520927
C(=O)(N1CCOC(C2C=CC(=CC=2)Cl)C1)C1=CC=CC2=C1N=CC=N2,0.007349409582093358
CN1C(C2OC=CC=2)=NN=C1SCC(N1CCN(CC(N2CCCC2)=O)CC1)=O,0.00890559977851808
C1(C2=CC=C(C3C=CC=CC2=3)OC)OC(=C(CN2CCNC(=O)C2C)N=1)C,0.004879699915181846
N1(CCC(CC1)C1C=CN=CC=1)C(C(CC)CC)=O,0.011547257006168366
C1(=CC=CN=C1CN(C)CC1=CC=CC(Cl)=C1)C(O)=O,0.004860940575599671
C1(C=C(ON=1)C)C(=O)N1CCOC(C1)CC(C1C=CC=CC=1)C1C=CC=CC=1,0.01132778450846672
C(=O)(C1C=CC(=CC=1)OC)N1CCC(CC1)C1C=CN=CC=1,0.009250932419672609
C1(C=CC(=CC=1OC)OC)C(=O)C1CCCN(C2CCN(CC2)CCC)C1,0.01882360908202827
COC1=C(F)C=C(C(CSC2N(C3CCCCC3)C(C3OC=CC=3)=NN=2)=O)C=C1,0.011430886294692754
N1C2=CC=CC(C)=C2NC=1CCNC(=O)C1C=CC=C(C=1)C#CC(C)(C)O,0.004362802230753004
ClC1=CC=C(C2N=C(COC(C3=CC4=C(N=CC=N4)C=C3)=O)ON=2)C=C1,0.007196683762595057
COC(CC1=CC=C(OCC2=CC(C#N)=CC=C2)C=C1)=O,0.007595255319029093
C1(C2=CC=CC=C2F)(C(NCCCN2C(C)=NC(C)=N2)=O)CC1,0.005206194170750677
COC(CC1=CC=C(OCC2=C(Cl)N=C3C(C=CC(=C3)SC)=C2)C=C1)=O,0.0061648632399737835
C1(=C(C)NC(C(C#N)=C1)=O)C(=O)N1CCC(N(CC2C=CC=CC=2)C(CC)C1)=O,0.004231903667096049
CN1C(C(F)(F)F)=NN=C1SCC(N(C1CS(=O)(=O)CC1)CC1OCCC1)=O,0.005817754613235593
C1(C2=CC=C(C3C=CC=CC2=3)OC)OC(=C(CN2CCC(CC2)NC(C)=O)N=1)C,0.005778781278058887
C1(=C(C)C2C(=C(C)C=CC=2)N1)C1C2N=CNC=2CCN1CC1=NC=CN1C,0.00658274490851909
CCN(C1CCCC=1)C(CSC1N(C)C(C(F)(F)F)=NN=1)=O,0.00720429508946836
C12NC(=O)CC(C=1C=NN2CC1CC1)C1SC=C(C(C)C)N=1,0.008131202985532581
N1(CCC(CC1)C1=CC=NC=C1)C(=O)CC(C)C,0.010127548594027758
N1(C=NN=C1CCC1C(C)=NNC=1C)C1C=CC=CC=1C(F)(F)F,0.0030394723638892175
[C@]12(CNC[C@@H]1CN(C2)S(C)(=O)=O)C(=O)NCC1C=NC(=CN=1)C,0.00442816469585523
CCS(N1C2=C(C=C(C(CSC3N(C)C(C(F)(F)F)=NN=3)=O)C=C2)CC1)(=O)=O,0.00636122755240649
CC(NCC1SC(C(CSC2N(C)C(C(F)(F)F)=NN=2)=O)=CC=1)=O,0.0067386862356215715
C12CN(CCC=1N(N=C2C(O)=O)CC1CC1)C(=O)C1(C)CCCN(CC)C1,0.007699067005887628
CCC(NC(CSC1N(C2=CC=CC=C2)C(C2=CC=C(N(CC)CC)C=C2)=NN=1)=O)C,0.008464081818237901
C(=O)(C1C=CC(=CC=1)OCC)N1CCC(CC1)C1C=CN=CC=1,0.009327531838789583
C12N(C3CCCC3)N=CC=1NC(C1=CC=C(C=C1)OCC(=O)N1CCCC1)=N2,0.005324055231176317
C(=O)(C1=CC=C(C=C1)OC1CCN(CC1)CC1=CC=CC=N1)NCC(N)=O,0.006119460379704833
FC1=CC=C(C(N2CCC(C(OCCCN3C(=O)C4=C(C=CC=C4)C3=O)=O)CC2)=O)C=C1,0.004170365154277533
N1(CCN(CC1CCO)CC1C=CC(=CC=1)C#C)CC1C=CC(=C(F)C=1)F,0.0030253065400756896
CC1C(C)C(NC(COC2=C(N(=O)=O)C=C(C)C=C2)=O)CCC1,0.009627453703433275
C1(=NC=NC(C)=C1C)N1CCC(CC1)N1CCCC(C1)C(=O)N1CCOCC1,0.008970272680744528
COC1=C(NC(COC2=C(N(=O)=O)C=C(C)C=C2)=O)C=C(C)C=C1,0.006313762231729925
S(CCC)(=O)(=O)NC1CN(C(=O)C1)CCC1C=CC=CC=1,0.004930620780214667
COC1=C(OC)C=C(C(COC2=C(N(=O)=O)C=C(C)C=C2)=O)C=C1,0.012672322429716587
C1(C(=O)N(C)CC2C=C(ON=2)C2C=CC=CC=2)C=C2N(CCCN(C)C2)N=1,0.01018871869891882
S(=O)(=O)(C1=CC=C(C=C1)C#N)N1C[C@H](C[C@H]1C(=O)N(CC)CC)N,0.005268204817548394
CC1=CC(N(=O)=O)=C(OCC2OC(C3=C(Cl)C=CC=C3)=NN=2)C=C1,0.0051172490697354075
C1(=COC(COC2C=CC3=C(C=2)N=C(S3)C)=N1)C(=O)N(C)CC(NC)=O,0.0048544228775426745
CCN1C2=C(C=C(S(N3CCCCC3)(=O)=O)C=C2)N=C1COC1=C(N(=O)=O)C=C(C)C=C1,0.0030421440256759523
N1(CCCC1C(=O)NC1=CC=CC(C2C=CC=C(C)C=2)=C1)C(=O)C1C=NNC=1,0.004486231098417193
CCN1C2=C(C=C(S(N3CCOCC3)(=O)=O)C=C2)N=C1COC1=C(N(=O)=O)C=C(C)C=C1,0.0029565123142674564
C(O)(=O)C1C=CC=CC=1CN(CCN(C)C)CC1=CC=CC=C1C,0.00943110934458673
N1=C(C(C)(C)C)ON=C1CN1N=CC(=CC1=O)N1CCC2=C(C=CC=C2)C1,0.009670548560097813
N1(CCC(CC1)C1=CC=NC=C1)C(=O)CC1CCCCC1,0.014343018736690282
C1(CN2CCC(CC2)C(O)C2=CC=CS2)=C(C)N=C(CC)N1,0.0022308674175292253
CC1=CC(N(=O)=O)=C(OCC(N2C(=O)NCC2)=O)C=C1,0.0015842343564145267
N1(CC(=O)N2CCC(CC2)C2=CC=NC=C2)C2=CC(Cl)=CC=C2OC(CC)C1=O,0.006781412893906236
C(=O)(N1CCC(CC1)C1C=CN=CC=1)C1C=CC=CC=1Cl,0.008018687623552978
C12CN(CCN1CCN(C)C2=O)C(=O)C(=O)NC1=CC=CC=C1Cl,0.0061228213831782344
CC(C1=NOC(NC(COC2=C(N(=O)=O)C=C(C)C=C2)=O)=C1)C,0.006064911745488644
C1(C=CON=1)C(C)N(C)CC1C=CC=C(OC)C=1OCCN1CCOCC1,0.0135175212752074
CC(C(OCC1N2C(N(C(C3=C2C=CC=C3)=O)C)=NN=1)=O)SC1=CC=C(Cl)C=C1,0.0072736649075523015
C1(C(OC)C2=CC=CC=C2)OC(=NN=1)CCC(=O)N(CCO)CC1=CC=CC=C1,0.005427865381352604
CCN1C(=O)N(CC2=CC=CC=C2)C(N)=C(C(CSC2N(C3=CC(OC)=CC=C3)C=CN=2)=O)C1=O,0.005279371980577707
CCCN1C2N(C(=NN=2)SCCN2CCCCC2)C2=C(C=CC=C2)C1=O,0.00877647679299116
N1(CCC(CC1)C1=CC=NC=C1)C(=O)COC1=CC=CC(C)=C1,0.009572363458573818
CC(NCC1SC(C(CSC2NC3=C(C=C(C=C3Cl)Cl)N=2)=O)=CC=1)=O,0.0038842630106955766
C1(=CC=CN=C1SCC=CC1C=CC=CC=1)C(NCCN)=O,0.00571807969827205
COC1=C(C2N(C)C(SCC(C3=C(C)N(CCC4SC=CC=4)C(C)=C3)=O)=NN=2)C=CC=C1,0.013540757121518254
C(=O)(N1CCN(CC1)C1C=CC=CC=1)C1=CC=CC=C1OC1CCN(CC1)C(COC)=O,0.007244024146348238
COC1=C(C2N(C)C(SCC(N(C3CCCCC=3)C3CC3)=O)=NN=2)C=CC=C1,0.011823762394487857
C1(OC(=NC=1C)CC)C(=O)N1CCC(CC1)C1NN=CC=1C1C=CC=C(C)C=1,0.004314137564506382
COC1=C(C2N(CC=C)C(SC(C#N)CC3=CC=C(C)C=C3)=NN=2)C=CC=C1,0.007657910798479861
C(NOCC=C)(=O)NC1=CC=CC=C1Cl,0.0008375929326575715
COC1=C(F)C=C(C(CSC2N(C3=CC=CC=C3)C(C3=C(OC)C=CC=C3)=NN=2)=O)C=C1,0.010146094718948007
CCN(C1CCCC=1)C(CSC1N(C2=CC=CC=C2)C(C2=C(OC)C=CC=C2)=NN=1)=O,0.010755378240719437
C1(COC2C(=CC=CC=2)O1)C(=O)N1CCC(CC1)CCC(=O)N(C)CC1C=CC=CC=1,0.010563505487516523
CC(C(N(CC1=CC(F)=CC=C1)C)=O)OC(C1CCN(S(C2=C(F)C=CC=C2)(=O)=O)CC1)=O,0.007095282734371722
CSC1SC(SCC2OC=C(O)C(=O)C=2)=NN=1,0.008917547482997178
CSC1SC(SCC2ON=C(C3=CC=C(Cl)C=C3)N=2)=NN=1,0.007919253129512072
C1(=NN=C(SCC(O)=O)N1C)C1NN=C(C2CC2)C=1,0.004228031518869102
COC1=CC(C2N(C3=CC=CC=C3)C(SC(C(N(CC3=CC(F)=CC=C3)C)=O)C)=NN=2)=CC=C1,0.006778184813447297
CCN1C(=O)C(=O)N(CC(C2=C(C)N(CCC3SC=CC=3)C(C)=C2)=O)C1=O,0.005224069440737366
N1(CC[C@H]([C@H](O)C1)C1=CC=C2C(C=CC=C2)=C1)C1C=CC=C(N=1)C#N,0.0019959310186095534
CCN1C(=O)C(=O)N(CCCN2C(=O)C3=C(C=CC=C3)C2=O)C1=O,0.004834053548984229
C1(CO)=CC(=CC=C1OCC)CN(CC=C)CC1=CC=CC=C1C,0.007316611683927476
OC1=C(C(OCC(N2CCN(C(C3SC=CC=3)=O)CC2)=O)=O)C=CC(Cl)=C1,0.0032962872995994986
S1C(CCNC2CCC3=C(C=C(C=C3)OC)C2)=NN=C1N,0.0070761314826086165
N1(CCC(=O)N2CCC(CC2)C2C=CN=CC=2)C(C)=CC(C)=N1,0.0086648462805897
O=C(N1CCN(C(C2SC=CC=2)=O)CC1)COC(C1=C(CC#N)C=CC=C1)=O,0.004547376077243826
C1(=NC=C(CN(C)CCC2C=NN(C)C=2)N1CC1CCCO1)S(CCC)(=O)=O,0.008510065684095024
C1(CN(C)CC2SN=NC=2C)=C(C)C2C(=CC=C(F)C=2)N1,0.004705255408771336
CN1C(C2OC=CC=2)=NN=C1SCC(NC1=C(C(N)=O)C=C(C2=CC=CC=C2)S1)=O,0.0058826805325224996
C1(CN2CCN(C(CCO)C2)CC2C=CC(=C(F)C=2)F)C2=CC=CC=C2NC=1,0.002796225534984842
C(=O)(C1C=CC=C(F)C=1)N1CCC(CC1)C1=CC=NC=C1,0.005929636489599943
N1(C2CC2)C(=O)CCC(C(NCCC2=CC=C(C)O2)=O)C1,0.008838115818798542
CC1N(CCC2SC=CC=2)C(C)=C(C(CSC2N(C)C(C3OC=CC=3)=NN=2)=O)C=1,0.01558364536613226
C1(C=CC=C2CCCNC=12)C(=O)NCC1=CC=CN=C1N(C)C,0.006026747869327664
C(=O)(C(C)OC1C=CC=CC=1)N1CCC(CC1)C1=CC=NC=C1,0.010366483964025975
S(=O)(=O)(N1CCCC(N(C)CCC2=CC=CC=C2)C1)C1=C(OC)C=CC(OC)=C1,0.007110834517516196
CN1C(C2OC=CC=2)=NN=C1SCC(N1CCN(C(C2SC=CC=2)=O)CC1)=O,0.007587950420565903
CC1N(C2CCCCC2)C(SCC(NC2SC3=C(C(=CC(=C3)C)C)N=2)=O)=NN=1,0.0085909511661157
C12CN(CCOC1=C(C=C(C1=CC=C(C=N1)Cl)C=2)O)CCC1C=NNC=1,0.0030944656929932533
C(=O)(N1CCC(CC1)C1=CC=NC=C1)C1=CC=CC=C1C(F)(F)F,0.004956377984490246
N1(C[C@@H](C[C@H]1C(=O)NC(C)C)N)CC1C=NN(C2=CC=CC(F)=C2)C=1,0.0049466918804682795
C1(=CC(=NN1C)CCC)C(=O)N1CCC(CC1)N1CCC(CC1)C(=O)NC(C)C,0.009418497839942575
CC1N(C2CCCCC2)C(SCC2NC(=O)C3=C(SC(C4=CC=CC=C4)=C3)N=2)=NN=1,0.005809504468925297
N1=NC(=CN1[C@@H]1CN[C@H](C(NC)=O)C1)C1=CC=C(C=C1)CN1C[C@@H](C)O[C@@H](C)C1,0.0056781227933242915
COC1=CC=C(C(C2=CC=CC=C2)NC(CSC2N(C3CCCCC3)C(C)=NN=2)=O)C=C1,0.010000419756397604
C1(=C(C)OC(C(C)C)=C1)C(=O)N1CCN(CC1)C1C=NN(C(=O)C=1)C,0.008303992100991309
COC1=C(F)C=C(C(CSC2N(C3CCCCC3)C(C)=NN=2)=O)C=C1,0.013858794746920467
C1(=CC=C(C2C=CC=C3CNCCC=23)S1)C(=O)N(C)C,0.0077649782411754135
CC(NCC1SC(C(CSC2N(C3CCCCC3)C(C3OC=CC=3)=NN=2)=O)=CC=1)=O,0.010874006431549788
C1(=CC=C(CSCC2=CC=CC(C)=C2)O1)C(=O)N1CCC(CC1)C1=CC=NC=C1,0.009845689171925187
N1(CC(=O)NC2C=NN(CCC)N=2)C2=CC=CC(Cl)=C2C=N1,0.004749012365937233
CC1N(CCC2SC=CC=2)C(C)=C(C(CSC2OC(C3=C(C)C=CC=C3)=NN=2)=O)C=1,0.012302738474681973
N1C2CCCC(C=2C=NC=1C1C=CC=NC=1)NCC1CCCCC1,0.013618959672749042
N1(CCC(=O)N2CCC(CC2)C2C=CN=CC=2)C2C=CC=CC=2C2CCCCC1=2,0.011812004307284952
N1(CCC(CC1)N1CCCC(C1)CCC(=O)N1CCCC1)C(OCC)=O,0.011336928047239781
CC(N1C2=C(C=C(C=C2)NC(CSC2N(C3CCCCC3)C3=C(C=CC=C3)N=2)=O)CC1)=O,0.006479541701264679
C1(C(C)=NNC=1C)C(N)C(NCCC1=CC=CC=C1F)=O,0.0040953149436973035
O1C(CNCCC(=O)NCC2=CC=CO2)COC2C=CC=CC1=2,0.00718942591920495
ClC1=CC=C(C2N=C(COC(CCC(N3N=C(C4=CC=CC=C4)CC3)=O)=O)ON=2)C=C1,0.007688575075007975
C1(=NC=C(CN(C)CCN2CCCCC2)N1CC1C=CC=CC=1)S(=O)(=O)CC(C)C,0.007774352026171982
C1(C=C(NN=1)C(C)(C)C)C1=NC=CN1CC1=NC2=CC=CC=C2C(=O)N1,0.0039304376463405784
CC1SC(SCC(NC2SC3=C(C(=CC(=C3)C)C)N=2)=O)=NN=1,0.00632955355104059
C1(C(=O)NCC2=CC=CN=C2N2CCC3C(=CC=CC=3)C2)NN=C(C2CC2)C=1,0.004656296782195568
CC1SC(SCCS(OC2=CC=CC=C2)(=O)=O)=NN=1,0.009122021216899156
N1C(C2=CC=CC=C2)=NSC=1NC(=O)N(C)CC1=CSC(C)=N1,0.0033519748831167817
C1(CCCN(C2CCN(CC2)CC2=CC=CC=C2)C1)C(=O)N(C)CCO,0.007320059393532574
CC1N(CCC2SC=CC=2)C(C)=C(C(CSC2SC(C)=NN=2)=O)C=1,0.016628004610538483
C1(C=C(ON=1)COC1C=CC(=C(F)C=1)F)C(=O)N1CCCC(O)C1,0.002691137231886387
N1=C(C=CC2=CC=CC(F)=C12)C(=O)NCC1C=C(NN=1)C(C)(C)C,0.003782030602451414
CC1SC(SCC(N2CCN(C(C3SC=CC=3)=O)CC2)=O)=NN=1,0.006490132748149335
C12C=C(SC=1N=CN=C2NC1=CC=C(C(Cl)=C1)F)CC,0.004565555194858462
S1C(CN2CCCC2)=CC=C1CN1CCCC(C1)CCC(=O)NC1CC1,0.01183288344182074
CC1SC(SCC(C2SC(CNC(C(C)(C)C)=O)=CC=2)=O)=NN=1,0.012994317477568984
N1=C(CC(C)C)ON=C1CN(CC)C(=O)C1=CC=C(CSC2=NN=CN2)O1,0.00672305456828326
C12C=C(SC=1N=CN=C2NC1=CC=C(C=C1OC)OC)CC,0.006332190940156579
N1(CC(=O)NC(C2C=CC=CC=2)C2=CC=C(C=C2)C)C=CC(C=C1)=O,0.008480508206412196
C12C=C(SC=1N=CN=C2NC1C(OC)=CC=C(Cl)C=1)CC,0.005332529474981129
CCOC(C1=CC(OCC(NC2=CC3=C(N(C(C)=O)CC3)C=C2)=O)=CC=C1)=O,0.007130475412122905
S(=O)(=O)(C1C=CC2=C(C=1)NC(CO2)=O)N1C[C@H](C[C@H]1C(NC)=O)N,0.005510304565541446
CN1C2N(C(=NN=2)CSC2N(C3=CC=CC=C3)C3=C(CCCC3)N=2)C2=C(C=CC=C2)C1=O,0.00796359411906451
C12C=C(SC=1N=CN=C2NC1=CC=CC=C1F)CC,0.004753935826011002
C(C1=CC=NC=C1)(=O)N1CCC(CC1)C(=O)NC1C=CC(=NC=1)OC1C=CC=CC=1,0.005574902007356286
C12C=C(SC=1N=CN=C2NC1=CC=C(C=C1Cl)F)CC,0.004393230914138258
N1C(C2=CC=C(C(OCC)=C2)OCC)=CNC=1C1=CC=CC=N1,0.005057747114915401
O=C(N1CCCC1)CN1CCN(C(CSC2N(C3=CC=CC=C3)C3=C(CCCC3)N=2)=O)CC1,0.007300715544261038
N1=C(C)C=C(C)N1CCCN(C)C1=NC=NC(N(C)C)=C1,0.009520238731056452
CN1C(C2=CC=C(C(C)(C)C)C=C2)=NN=C1SC(C#N)CC1=CC=CC=C1,0.008889560577733846
C1(C(NCCO)=O)C=C2N(CCN(CC3C=CC=CC=3)C2)N=1,0.00392105762148276
CC(C(NC1SC=C(C2=CC=C(F)C=C2)N=1)=O)SC1SC=NN=1,0.005014560208655894
O=C(NC1SC(C2OC=CC=2)=C(C2OC=CC=2)N=1)CSC1SC=NN=1,0.006601028074510395
N1(C)C[C@H](C[C@H]1C(=O)NCC1=CC=CC2C=CC=CC1=2)NC(C1CCC1)=O,0.008448179974220694
O=C(NC1=CC2=C(OC3=C2C=CC=C3)C=C1)CSC1SC=NN=1,0.006214360031299293
C12C=C(SC=1N=CN=C2NC1=CC=CC(OC)=C1)CC,0.005748403840698302
CC1N(CCC2SC=CC=2)C(C)=C(C(CSC2SC=NN=2)=O)C=1,0.01564868725836277
C12C=C(SC=1N=CN=C2NC1=CC(OC)=C(C(OC)=C1)OC)CC,0.006369778863154351
S(N)(=O)(=O)C1=CC=C(C=C1)C(=O)N(C1CC1)CC1SC=CC=1C,0.006647331872954965
C12C=C(SC=1N=CN=C2NC1C=CC(=CC=1C)Br)CC,0.00679864261765033
N1(C2=CC=CC=C2C2=CC=CC=C2)C(=O)NN=C1CN1C=CC=N1,0.003921868687029928
ClC1=CC=C(C2N=C(CSC3SC=NN=3)ON=2)C=C1,0.0061836980516090986
C12C=C(SC=1N=CN=C2NC1C=CC2=C(OCCO2)C=1)CC,0.00647061609197408
N1(CCCCCC1)CC(O)COC1C=CC=C(CN(CC)CC2C=CN=CC=2)C=1,0.0062244351953268055
C12C=C(SC=1N=CN=C2NC(C)CC)CC,0.0068159959046170115
C1(C2=NC=CN2CCCN2C=CN=C2)C2=C(C=CC=C2N(C)N=1)Cl,0.00741011188365519
O=C(NC(C1=CC=CC=C1)CC1=CC=CC=C1)CSC1SC=NN=1,0.008059561811387539
N1(CCO[C@@H]2CCCC[C@@H]12)C(=O)CC1=NN=C(N)S1,0.005083505343645811
CC(N1C2=C(C=C(C=C2)NC(CSC2SC=NN=2)=O)CC1)=O,0.0056627006502822045
C(F)(F)(F)C1=CC=CC(CCC2CCCN(C(C)=O)C2)=C1,0.005612986674532294
CC1=CC=C(CC(C#N)SC2SC=NN=2)C=C1,0.007736081624388347
N1(CCNC(=O)C1CC(NCC=C)=O)CC1C=CC2C(=CC=CC=2)C=1,0.005620562820695341
C12C=C(SC=1N=CN=C2N(C)CC1=CC=CC=C1)CC,0.007206633733585477
C(CNCC1=CC=CN=C1)(NCCC1C=CC(=CC=1)F)=O,0.004222125397063792
CC1N=C(SCC(N2CCN(C(C3SC=CC=3)=O)CC2)=O)SC=1,0.005922066210769117
C12C=C(SC=1N=CN=C2N1CCN(CC1)C1C=CC=CC=1OC)CC,0.007753602392040193
C(=O)(NC1COC2(CCCCC2)C1)C1=CC=CO1,0.016049415152519942
C12C=C(SC=1N=CN=C2N1CCN(CC1)C1C=CC=CC=1F)CC,0.005852516414597631
CC1N=C(SCC(N(C2CS(=O)(=O)CC2)CC2OCCC2)=O)SC=1,0.007676942041143775
C12C=C(SC=1N=CN=C2N1CCC(CC1)C)CC,0.008599252509884536
CC1N=C(SC(C#N)CC2=CC=C(C)C=C2)SC=1,0.006642689425377224
CC1N=C(SCC(C2SC(CNC(C(C)(C)C)=O)=CC=2)=O)SC=1,0.011981585901230574
C1(C(NCCC2NN=C3CCCCC=23)=O)C=NN2C=CN(C)C=12,0.005119362648110836
CCN1C(=O)N(CC2=CC=CC=C2)C(N)=C(C(CSC2N(C)C(C(F)(F)F)=NN=2)=O)C1=O,0.006006266595795751
C1(C=C(NN=1)COC1C=CC=CC=1F)C(=O)NC(CC)C(OC)=O,0.004503384616691619
C12C=C(SC=1N=CN=C2N1CCN(CC1)C1=CC=CC(Cl)=C1)CC,0.005974248680286109
CN1C(C(F)(F)F)=NN=C1SCC(NCCOC1=CC=CC=C1)=O,0.00409731698455289
C1(CCCN(C(=O)C2=CC=CS2)C1)(CC1C=CC=C(Cl)C=1)C(OCC)=O,0.008473144844174385
C12C=C(SC=1N=CN=C2N1CCN(CC1)C1C=CC=CC=1)CC,0.007322741602547467
N1(CCN(CC1CCO)CC1C=CC(=CC=1)OCCO)CC1=CC=CS1,0.0048545569996349515
C1(CCCN(CC2=CC=C(C(F)=C2)F)C1=O)(O)CN(C)CC1C=CON=1,0.007742165098898112
CN1C(C(F)(F)F)=NN=C1SCC1ON=C(C2=CC=C(Cl)C=C2)N=1,0.0056543890852481125
C(=O)(NCC1CCN(CC2=CC=CO2)C1)C1C=CC(=C(Cl)C=1)O,0.004647150705568493
C12C=C(SC=1N=CN=C2NC(C)C)CC,0.0063877393491566185
C12CN(CCC=1ON=C2C1=CC=C(C(F)=C1)F)CC1=NC=CN1CCC,0.0075565716717392204
CN1C(C(F)(F)F)=NN=C1SCC(N1CCN(CC(N2CCCC2)=O)CC1)=O,0.006189546664245427
C(=O)(N1CCCC(CCC(=O)NC2C=CC(=C(Cl)C=2)OC)C1)C1SC=CC=1C,0.005982501665130258
S1(=O)(=O)N(C)CC(C2SC=CC1=2)N1CC2C(=CC=CN=2)C1=O,0.006144090811721981
CN1C(C(F)(F)F)=NN=C1SCC(NC(C1=CC=CC=C1)CC1=CC=CC=C1)=O,0.006284648063592612
N1=C(C2C=CC=C(C3C=CN=CC=3)C=2)C=CN1CC(=O)NC1C=C(ON=1)C,0.006338289030827582
CCN(C1CCCCC=1)C(CSC1N(C)C(C(F)(F)F)=NN=1)=O,0.007917466550134122
N1(CC2C=CC=CC=2)C(CC)CN(CCC1=O)CC1=CC(O)=C(C=N1)OC,0.00879958625882864
C12C(NCCCC)=NC=NC=1SC(CC)=C2,0.005972072249278426
C1(=COC(CN2CCN(CC2)CC2C=CC=CC=2)=N1)C(=O)N(C)CC1NC=CN=1,0.002943533263169229
COC1=CC(C2N(C)C(SCC(NC(C3=CC=CC=C3)CC3=CC=CC=C3)=O)=NN=2)=CC=C1,0.008804057259112597
N1([C@H]2CC[C@@H]1C[C@H](O)C2)C(=O)C1=CC(=C(CC)O1)CN(CC)CC,0.006117427512072027
CC1=C(C2N(C)C(SCC(N3CCN(C(C4SC=CC=4)=O)CC3)=O)=NN=2)C=CC=C1,0.007200575456954539
C12C=C(CN3CCC(CC3)(O)CC3ON=C(C4C=CC=CC=4)C=3)C=CC1=NSN=2,0.010161982476711273
CCN(C1=CC=C(C2N(C3=CC=CC=C3)C(SCC#N)=NN=2)C=C1)CC,0.006732749291040818
N1(CCCC(COC)C1)C(=O)C1=CC=C(N=C1)N(C)CCC1C=NN(C)C=1,0.008210605569183826
CCN(C1=CC=C(C2N(C3=CC=CC=C3)C(SC3C(=O)OCC3)=NN=2)C=C1)CC,0.007442435855045915
CCN(C1=CC=C(C2N(C3=CC=CC=C3)C(SCC(NC3CC3)=O)=NN=2)C=C1)CC,0.007799516618251801
N1(C[C@H]2C[C@@H]1CC2)CC(=O)N1CCCN(C(COC)=O)CC1,0.010525238886475562
C12C=C(SC=1N=CN=C2NC1CCCCCC1)CC,0.009527069376781582
CCNC(NC(C(SC1N(C2=CC=CC=C2)C(C2=CC=C(N(CC)CC)C=C2)=NN=1)C)=O)=O,0.002031460584839806
CCSC1SC(SCC(N(C2CCCCC=2)CC)=O)=NN=1,0.015991599392145874
N1(CCCC(C1)NCC1=CC=C(C=C1)NC(C)=O)CC1CCCCC1,0.011262102145701646
CC(C(N(CC1=CC(F)=CC=C1)C)=O)OC(C1CCN(S(C2=CC=C(F)C=C2)(=O)=O)CC1)=O,0.007258458063006401
C1(C(=O)NC(C)C2C=NN(C)C=2)C=C(NN=1)CN1C=NC2C=C(C)C(C)=CC1=2,0.004876826703548431
CC(C(N(CC1=CC(F)=CC=C1)C)=O)OC(C1CCN(C(C2=CC=C(F)C=C2)=O)CC1)=O,0.009501527599059045
N1=C(CNC(C)COC2C=CC=CC=2)C2=C(CCC2)N1,0.008690417953766882
COC1=C(F)C=C(CN(C(COC2=C(C(NCC3=CC=CC=C3)=O)C=CC=C2)=O)C)C=C1,0.008437363873235881
O=C(N1CCN(C(C2SC=CC=2)=O)CC1)COC1=C(C(NCC2=CC=CC=C2)=O)C=CC=C1,0.006977217691019178
CCN(C1CCCCC=1)C(COC1=C(C(NCC2=CC=CC=C2)=O)C=CC=C1)=O,0.012551698554307222
C(CN(C(C)CC)CC1=CC=NC=C1)#CC1=CC=CC=C1,0.013624066067859531
CC1=CC(N(=O)=O)=C(OCC2N=C3N(C(=CC=C3)C)C(=O)C=2)C=C1,0.005341023183427751
C12C=C(SC=1N=CN=C2N1CCN(CC1)C1=CC=CC=N1)CC,0.00610323934815824
COC(COC1=C(N(=O)=O)C=C(C)C=C1)=O,0.007980793248862028
C1(C(=O)N(CC2CCN(CC2)C2CC3C(=CC=CC=3)C2)CC2CCCO2)C=C(N(C)N=1)C,0.012369007989764213
CC1=CC(N(=O)=O)=C(OCC(NC2=CC=C(N3CCOCC3)C=C2)=O)C=C1,0.005520322173833847
N1(CCN2CCC=C(CNC(C)=O)C2)C(=O)C=C(NC1=O)C,0.004304213332943618
CC1=CC(N(=O)=O)=C(OCC(N2CCC(C(N)=O)CC2)=O)C=C1,0.004974046908318997
C(F)(F)(F)C1=CC=CC(=C1)CC1(CCN(CC1)CC1=CC=C(COC)O1)C(OCC)=O,0.008051142701879144
C1(CC(=O)N2CCNC(=O)CC2)=C(C)N(C2CCCC(=O)C1=2)CCCC,0.014337833551689983
C12C=C(SC=1N=CN=C2N1CCN(CC1)C1C=CC(=CC=1)F)CC,0.005866487487219274
C1(=CC=NN1C1CCN(CC1)CC(=O)NC1CC1)NC(=O)C1C=CC=CC=1C,0.005369489872828126
CC(N1CCN(C(COC2=C(N(=O)=O)C=C(C)C=C2)=O)CC1)=O,0.006054660025984049
C1(NN=C(C(C)=O)C=1)C(=O)N1CCCC(C1)CCC1=C(C=CC=C1F)F,0.006112090009264648
C1(SC(=NC=1C)NC)C(=O)N1CCN(C(=O)C1)CC1=CC=CC(C)=C1,0.005737844249233603
C12C=C(SC=1N=CN=C2NC1C=CC=CC=1OCC)CC,0.00645798419136554
C1(C=C(C2C=NC(=NC=2)N(CC)CC)N=C2C=CC(Cl)=CC=12)C(=O)N(C)C,0.006774353631772101
CCOC(N1CCN(C(COC2=C(N(=O)=O)C=C(C)C=C2)=O)CC1)=O,0.0066248538671061395
N1C(CCC(=O)N2CCOC(CC3CCCCC3)C2)=CSC=1N,0.0077250274829566475
C12C=C(SC=1N=CN=C2N1CCN(CC1)C1C=CC(=CC=1)OC)CC,0.007585415639914573
N1(CCC2(CC1)CCNCC2)C(=O)CN(C)CC1C=CC=NC=1,0.009192263404838742
COC1=C(OC)C=C(CCN(C(COC2=C(N(=O)=O)C=C(C)C=C2)=O)C)C=C1,0.009058650792576372
N1=C(CNC(=O)CC2=CSC(SCC)=N2)ON=C1CC1=CC=CS1,0.006581971189007163
COC1=CC=C(C(NC(COC2=C(N(=O)=O)C=C(C)C=C2)=O)=O)C=C1,0.003079923801124096
CC1=CC(N(=O)=O)=C(OCC2N=C3N(C=CS3)C(=O)C=2)C=C1,0.004894271423108876
C12C=C(SC=1N=CN=C2NC1C=C(C)C=CC=1OC)CC,0.006518484419211745
COC(C1=CC(NC(COC2=C(N(=O)=O)C=C(C)C=C2)=O)=C(C)C=C1)=O,0.006888624816201627
N1NC(=CC=1CN1CCC(CC1)CCC(=O)NCC1CCCO1)CC(C)C,0.007987383543513716
C12C=C(SC=1N=CN=C2N(CC)CC)CC,0.00844464348629117
N1(CCOC(CC2C=CC=C(OC)C=2)C1)C1CC(C)(C)NC(C)(C)C1,0.012840107036754488
C1(=NC=NC2NC=CC1=2)N1CCN(CC1)CC1=CC=C(N=C1)OCC,0.003874990704935044
C12C=C(SC=1N=CN=C2NC1C=CC(=CC=1)CC)CC,0.0066337729804217815
CCNC(NC(C(OC1=C(N(=O)=O)C=C(C)C=C1)C)=O)=O,0.001870713394600898
C1(=NC=CC=C1CNC1CCOCC1)OC1C=CC=CC=1C,0.007369865570217371
C12C=C(SC=1N=CN=C2NC1=CC=C(C=C1)C(C)C)CC,0.007475173403508961
CC(C(NCCC1CCCCC=1)=O)OC1=C(N(=O)=O)C=C(C)C=C1,0.011562747647985816
C12C=C(SC=1N=CN=C2NC1=CC(C)=C(C=C1OC)Cl)CC,0.005571782495826483
COC1=CC(OC)=C(C(COC2=C(N(=O)=O)C=C(C)C=C2)=O)C=C1,0.01078754267655313
C1(=CN(N=N1)CCN)C(=O)N1CCC2=C(N=C(NC2=O)C2C=CC=CC=2)C1,0.004580743773840368
CC1=CC(N(=O)=O)=C(OCC(NC(C2=CC=CC=C2)=O)=O)C=C1,0.0027107260655611755
C12C(NCCCN(CC)C3C=CC=CC=3)=NC=NC=1SC(CC)=C2,0.007028474844992161
CC(C(NCC1CCCCC1)=O)OC1=C(N(=O)=O)C=C(C)C=C1,0.009789598919451237
N1(CCCC(C1)C(=O)NC1=CC=CC(C2C=CC(=CC=2)F)=C1)C(C)=O,0.00549863581545651
C12C=C(SC=1N=CN=C2N(C)C1C=CC(=CC=1OC)OC)CC,0.008242299174889922
COC1=CC=C(CN(C(COC2=C(N(=O)=O)C=C(C)C=C2)=O)C)C=C1,0.007938944734632969
CCN1C2=C(C=C(S(N(C)C)(=O)=O)C=C2)N=C1COC1=C(N(=O)=O)C=C(C)C=C1,0.0032147219986654817
CN(C(COC1=C(N(=O)=O)C=C(C)C=C1)=O)CC1=C(Cl)C=CC=C1F,0.006568044144660235
C12C=NC(=NC=1CCCC2NC(CCCN1C=NC=N1)=O)C1C=CC=CC=1,0.008314748713746666
CN(C(COC1=C(N(=O)=O)C=C(C)C=C1)=O)CC1OC=CC=1,0.0075687599601224065
C1(ON=C(C2C=CC=CC=2)C=1)C1=NC=CN1CCCN1C=CN=C1,0.0072619242826476695
CC1N(C2SC=CN=2)C(C)=C(C(COC2=C(N(=O)=O)C=C(C)C=C2)=O)C=1,0.008271450386382639
CCCC(NC1=CC=C(C(C(OC2=C(N(=O)=O)C=C(C)C=C2)C)=O)C=C1)=O,0.009711558604612947
C1(=CN=C(N=C1C)C1CC1)C(=O)N(C)CC1C=CC2C(=NSN=2)C=1,0.008656776463612913
C12C=C(SC=1N=CN=C2N(C)C1C=CC=CC=1C)CC,0.00816180247347802
C1(C=NN(C)C=1)C1C=CN=C(NCC2CCN(C3C=CC=CC=3)C2)N=1,0.006912011886015534
CC1OC(COC2=C(N(=O)=O)C=C(C)C=C2)=NN=1,0.00566526954062283
C1(CN2C=NC(C3C=CC=CC=3)=C2CCSC)C(C)=NN(CC)C=1C,0.010286422818899155
C12C=C(SC=1N=CN=C2N(C)C1=CC(C)=CC=C1OC)CC,0.008488387404941022
N1(CCN(CC1)[C@@H]1CCN(C[C@H]1O)CC1=CC=C(C)S1)C1=CC=CC=N1,0.002243667491711676
C1(C=COC=1C)C(=O)N(CC)CC1CCN(CC1)CCC1C=CC=CC=1C,0.014911642717197537
N1OC(=CC=1C1=CC=NC=C1)CN(C)C1CCN(CC1)C(=O)C1C=CC=CN=1,0.008679719874635339
C12C=C(SC=1N=CN=C2N(C)C1=CC=C(C=C1)Br)CC,0.00809344444423914
CC1=CC(N(=O)=O)=C(OCC2N3C(N(C(C4=C3C=CC=C4)=O)C)=NN=2)C=C1,0.0055378278484568
C1(N=CN=C(N2CCOCC2)C=1)N1CCOC(C1)C(F)(F)F,0.004294975650554989
CC1=CC(N(=O)=O)=C(OCC(NCC2OC3=C(C=CC=C3)OC2)=O)C=C1,0.006802817340940237
C1(C)=C(C)C(OC)=CC=C1CN1CCCC(C1)CCC(=O)NC1=CC=CC=C1F,0.008295385912060738
COC1=CC=C(N2C(C(N3CCCCC3)C)=NN=C2SCC2N=C3N(C=C(C=C3)C)C(=O)C=2)C=C1,0.007620191690512002
C12C=C(SC=1N=CN=C2N(C)C1C=CC=CC=1F)CC,0.005917419190518558
N1(CC[C@H]([C@H](O)C1)C1=CC=C2C(OCO2)=C1)C(=O)C1C=CN=C(CC)C=1,0.0029593594837933777
N1(CCCN2CCC[C@H]2C1)C(=O)C1=CC=C(C(=C1)NC(=O)C1CC1)C,0.010185561049729586
COC1=CC=C(N2C(C(N3CCCCC3)C)=NN=C2SCC2N=C3N(C(=CS3)C)C(=O)C=2)C=C1,0.00810974061023444
N1(CCCC(C1)N1CCN(CC1)CC1=CC=C2C(OCO2)=C1)C1CCOCC1,0.012639193935319782
COC1=CC=C(N2C(C(N3CCCCC3)C)=NN=C2SCC2N=C3N(C=CC=C3)C=2)C=C1,0.007537956885062158
C1(SC=C(C2=CC=CC=C2)N=1)C(=O)N1[C@H]2CC[C@@H]1CC(NC2)=O,0.005709211924113333
CN1C(SCC(NC2=C(C(N)=O)C=C(C3=CC=CC=C3)S2)=O)=NN=C1CC1SC=CC=1,0.005568828177638352
N1(C=CN=C1C)C1C=CC(=CC=1)NC(=O)C1CCCN(C2CCSCC2)C1,0.005096635001245886
CCN1C(=O)N(CC2=CC=CC=C2)C(N)=C(C(CSC2N(C)C(CC3SC=CC=3)=NN=2)=O)C1=O,0.00639004553668201
C12C(NCCC3=CC=C(C(OCC)=C3)OCC)=NC=NC=1SC(CC)=C2,0.008663302892819047
CN1C(SCC(N2CCN(CC(N3CCCC3)=O)CC2)=O)=NN=C1CC1SC=CC=1,0.008411164558492602
S(=O)(=O)(N1CCCC1)C1=CC(C2C=CC(=CC=2)CCC(O)=O)=CC(C(O)=O)=C1,0.00482235086383298
CCS(N1C2=C(C=C(C(CSC3N(C)C(CC4SC=CC=4)=NN=3)=O)C=C2)CC1)(=O)=O,0.007780016353353858
C1(=O)C(CCCN1CC1=CC=C(C=C1)F)(O)CNC1CCC1,0.008362118108198046
C1(=CC=NN1C1CCN(CC1)C/C=C(\C)/C)NC(=O)C1C=CC=CC=1C,0.006698289536871016
CC1N(S(C)(=O)=O)C2=C(C=C(C(CSC3N(C)C(CC4SC=CC=4)=NN=3)=O)C=C2)C1,0.007815798465162515
C12C(NCCC(C)C)=NC=NC=1SC(CC)=C2,0.0077893384732306
N1(CCN(CC1CCO)CC1C=CC(=CC=1)OC)CC1=CC=C(C=C1)OCC,0.0063391408883035185
CC1=CC=C(CC(C#N)SC2N(C)C(CC3SC=CC=3)=NN=2)C=C1,0.006917631812071079
N1(CCNC(=O)C1CC(NCCC1=CC=CC=C1OC)=O)CC1=CC=CC=C1C,0.007407188159413635
CC(C(NC1=CC=C(C(N)=O)C=C1)=O)SC1NC2C3=C(C=CC=C3C=CC=2)N=1,0.004012429027352482
ClC1=CC=C(C2N=C(CSC3N(C4CC4)C(COC4=C(Cl)C=CC=C4)=NN=3)ON=2)C=C1,0.008150009228847921
C12=NON=C1N=C(C(N(C)CCN1C(C)=CC(C)=N1)=N2)NC1CCCC1,0.009475829917937518
CCN(C1CCCCC=1)C(CSC1N(C2CC2)C(COC2=C(Cl)C=CC=C2)=NN=1)=O,0.009533786540850997
C12C=C(SC=1N=CN=C2NCC1=CC=C2C(OCO2)=C1)CC,0.005705267423763871
C1(C=NN(CC(=O)NC2C=CN(CC3C=CC=CC=3)N=2)C=1)C1N=C(C)C=C(C)N=1,0.006402135663665831
CCN(C1CCCCC=1)C(CSC1N(CCOC)C=NN=1)=O,0.011682769330218435
C1(C2=CC=CC(=C2)NC(=O)C2CCN(CC2)CC2=CC=CC(O)=C2)=CC2C(=CC=CC=2)N1,0.0029212873312644662
COCCN1C(SCCCN2C(=O)C3=C(C=CC=C3)C2=O)=NN=C1,0.003664441325236112
C1(=NC=CC=C1CNC(=O)C(C)CN1C=CC=N1)N1CCN(CC1)C,0.005834598792716861
COCCN1C(SC(C#N)CC2=CC=C(C)C=C2)=NN=C1,0.006824661651045716
C12C(CC(NC=1N(N=C2C1C=CC=CN=1)C)=O)C1=CC=C(C2C=CNN=2)S1,0.004404813330620527
N1(C2=CC=C(C=C2)F)C(C)=C(C(C)=N1)CNC(C)COC,0.007490031910128892
C12C=C(SC=1N=CN=C2NCC1=CC=C(C=C1)OC)CC,0.006421467289328575
CN(S(C1=CC2=C(OC(=N2)SCC(N2CCN(CC(N3CCCC3)=O)CC2)=O)C=C1)(=O)=O)C,0.004562142444774509
N1(CCOC2=C(C=C(C3C(C)=NC=C(C)N=3)C=C2C1)O)C([C@H](CCC)NC)=O,0.004790581436827779
ClC1=CC(Cl)=C(CNC(CSC2NC3C4=C(C=CC=C4C=CC=3)N=2)=O)C=C1,0.0039061790681444108
N1(CCC(CC1)C(=O)NCC1=CC=CC=N1)C1CCN(CC1)CC1CC1,0.011593651212751865
CCN(C(CSC1NC2C3=C(C=CC=C3C=CC=2)N=1)=O)CC(C)=C,0.005526991840451956
S(=O)(=O)(N1CCCC2(CCN(CC2)C)CC1)C1C(C)=NNC=1C,0.005476366681978107
C12C=C(SC=1N=CN=C2N1CCN(CC1)C1C(C)=CC=C(Cl)C=1)CC,0.0066027798457071185
CC(C(NC1=CC=C(N2CCOCC2)C=C1)=O)SC1NC2C3=C(C=CC=C3C=CC=2)N=1,0.004763328144326806
C(=O)(OC(C)C)N1CCC2(CC1)CN(CCN2C)CC1=CC=CC(OC)=C1,0.008738036337308585
C12C=C(SC=1N=CN=C2N1CCN(C(C)C1)C1=CC=CC(C)=C1)CC,0.007946833618916571
COCCCNC(NC(CSC1NC2C3=C(C=CC=C3C=CC=2)N=1)=O)=O,0.0010312199592590332
C1(CN(C(C)CC)CC2C=CN=CC=2)N(C)N=C2C=CC=CC=12,0.014807439176365733
C1(C=C(ON=1)CN1CCC(CC1)O)C(=O)N(C)CC1=CC=CC=C1Cl,0.003618911502417177
C12C=C(SC=1N=CN=C2N1CCN(CC1)C1CCCCC1)CC,0.009688728349283337
N1=C(C2=CC=CC(=C2)C(F)(F)F)OC(C)=C1CN1CCN(CC1)C(OCC)=O,0.003580192953813821
CC(C1SC=CC=1)NC(CSC1NC2C3=C(C=CC=C3C=CC=2)N=1)=O,0.003996624134015292
C1(=CN(N=C1C)CC)C(=O)N1CCC(N(CC2=CC=CC=C2)C(CC)C1)=O,0.010232934495434165
CN(S(C1=CC=C(F)C=C1)(=O)=O)CCCC(OCC1N=C2N(C=C(C=C2)C)C(=O)C=1)=O,0.005233745323494077
C(=O)(NC1C=CC(=CC=1C)OC)N1CCC(CC1)(O)C1=CC=C(C=N1)C,0.004807525675278157
COC1=CC=C(C=CC(NC2=C(C(OCC(C3SC(CNC(C)=O)=CC=3)=O)=O)C=CC=C2)=O)C=C1,0.007720014196820557
C12C=C(SC=1N=CN=C2N1CCN(CC1)C1C=CC=C(C)C=1C)CC,0.008358943415805698
CN1C2N(C(=NN=2)COC(C2SC3=C(CCC4=C3C=CC=C4)C=2)=O)C2=C(C=CC=C2)C1=O,0.0083875288721174
CCN1C(C2=C(C)OC=C2)=NN=C1SCC(NC1=C(C(N)=O)C=C(C2=CC=CC=C2)S1)=O,0.006159888906404376
C12C=C(SC=1N=CN=C2N1CCN(CC1)C1=CC(C)=CC=C1C)CC,0.008362644584849477
COC1=CC=C(C(C2=CC=CC=C2)NC(COC(C2CC(=O)N(C3=C(OC)C=CC=C3)C2)=O)=O)C=C1,0.008887368743307889
N1=CNC=C1CCNCCOC1C=CC=CC=1CC,0.0038254612241871654
CCCCCN1C(=O)C2=C(C=CC=C2)C(C(OCC2N3C(N(C(C4=C3C=CC=C4)=O)C)=NN=2)=O)=N1,0.00781843215227127
C(=O)(C1=CC=C(N=C1)N(CCC)CC1CC1)N1CCCN(CC1)C1=NC=CC=N1,0.01035284292884171
N1(C2CC2)C(=O)CCC(C(=O)N(C)CC2C=CC(=CC=2)C(F)(F)F)C1,0.006868907134048641
C1(CN2CCOCC2)=NN=NN1CCC(=O)N1CCCC(C1)C(=O)C1=CC=CS1,0.007504313043318689
C1(C=C(NN=1)COC1C=CC=CC=1OC)C(=O)N1[C@@H]2CC[C@H]1CN(CC2)C,0.0066466803662478926
CC(NC1=CC=C(SCC(C2=C(C)N(CCC3SC=CC=3)C(C)=C2)=O)C=C1)=O,0.010273368377238513
C1(N(CC)N=CN=1)C1=NC=CN1C[C@H]1CCC2=C(C=CC=C2)O1,0.008555008424445986
CCN(C1CCCCC=1)C(CSC1=CC=C(NC(C)=O)C=C1)=O,0.009320520842447878
N1=C(C(C)C)ON=C1N1CCOC(C2=CC=C(C=C2)F)C1,0.006274611945264042
C12C=C(SC=1N=CN=C2N1CCC(CC1)N1CCCCC1)CC,0.009611027408391237
C12=C(CCN(C(=O)[C@H](CO)N)C1)ON=C2C(C1=CC=CC=C1)C1C=CC=CC=1,0.006299649458378553
CC(NC1=CC=C(SCC(C2SC(CNC(C(C)(C)C)=O)=CC=2)=O)C=C1)=O,0.010482300957664847
N1C(CC2=CC=CC=C2)=NOC=1C1=CC=C(N=C1)N1CCC(CC1)CCO,0.004297165048774332
CC(N1C2=C(C=C(C=C2)NC(COC2=C(CC3=CC=CC=C3)C=C(Cl)C=C2)=O)CC1)=O,0.006951395212672651
N1(CCC(CN(C)CC2C=COC=2)C1)C1=CC=CC=C1,0.015427923807874323
CSC1N(C2=CC=C(F)C=C2)C(C(OCC2N3C(N(C(C4=C3C=CC=C4)=O)C)=NN=2)=O)=CN=1,0.005176835437305271
C1(C(NCCC2C=NC=CN=2)=O)=CN(N=N1)CC1CCCNC1,0.006210442096926272
C1(C2(CCCC2)O)=CN(N=N1)CC1CCCN(CC2=CC=CN=C2N)C1,0.006476238975301385
C12C=C(SC=1N=CN=C2N(CC)C1=CC=C(C=C1)OC)CC,0.008677470777183772
N1(CCC(CC1)OC1C=CC(=CC=1OC)C(=O)NCC1C(=CC=CN=1)C)C(C)=O,0.006834603636525572
N1C(CNC(=O)C2=CC=C(N=C2)C2C=CC(=CC=2)O)=NOC=1C(C)C,0.004378523118793965
C12C=C(SC=1N=CN=C2NC1C=CC=C(C=1)C(OCC)=O)CC,0.004876390960998833
COC1=CC2=C(C=CC(=C2)OCC2=CC(C#N)=CC=C2)C=C1,0.00994718463625759
C1(C(=O)NCC(N(C)C)C2C=CC=CN=2)=C(C)C2C(=CC(=CC=2)C)O1,0.009528594603762031
CC1C(C(OCC(N2CCN(C(C3SC=CC=3)=O)CC2)=O)=O)=C(C)N(CC2=CC=CC=C2)N=1,0.007484214403666556
C1(=CC=C(C=C1)CNCCCO)C1C=CC=NC=1,0.0035177446086890997
C1(C(=CC=CC=1O)O)C(=O)N(CC)CCOC1C=CC(=CC=1)C,0.007357291644439101
C12C=C(SC=1N=CN=C2NC1CCN(CC1)CC1C=CC=CC=1)CC,0.0064301843289285895
C1(=CC(=NN1)C)C(=O)N1CCC2=C(N=C(NC2=O)C2C=CN=CC=2)C1,0.0037278815056197346
C12C(NCCCN3CCN(CC3)C3=CC=C(C=C3)F)=NC=NC=1SC(CC)=C2,0.00489749344997108
COC1=CC(N2C(SCC3N=C4N(C=CC=C4)C=3)=NC=C2)=CC=C1,0.0073113230522722
C12C=C(SC=1N=CN=C2NCC1CCN(CC1)CC1=CC=CC(C)=C1)CC,0.008219228149391711
CC1=C(C)C2=C(N=C(N=C2SCC(N2CCN(CC(N3CCCC3)=O)CC2)=O)C)S1,0.006803187797777355
CC(C(NC1=C(C(OCC2N3C(N(C(C4=C3C=CC=C4)=O)C)=NN=2)=O)C2=C(CCC2)S1)=O)C,0.006742514693178237
C12C=C(SC=1N=CN=C2NCC1=CC=C(C=C1)CC)CC,0.007291190349496901
CC1N(CCC2SC=CC=2)C(C)=C(C(COC(C2=C(O)C=C(O)C=C2)=O)=O)C=1,0.006166623230092228
FC1=CC=C(C2N(CC3OCCC3)C(SCC3ON=C(C4=CC=C(Cl)C=C4)N=3)=NN=2)C=C1,0.006018323358148336
C1(C(NCCCC2C=CC(=CC=2)F)=O)C=C(ON=1)CN1CCOCC1,0.005313583277165889
CC1=CC=C(CC(C#N)SC2N(CC3OCCC3)C(C3=CC=C(F)C=C3)=NN=2)C=C1,0.005313089016112826
C1(C#N)=C(C2CCN(CC2)CCOC)C=C(N=C1N)C1CCC1,0.005910827452316881
C12C=C(SC=1N=CN=C2NCC1=CC=C(C=C1)C)CC,0.006422799569554627
CC(C(N(CC1=CC(F)=CC=C1)C)=O)OC(C1=CC2=C(N3C(S2)=NS(=O)(=O)CC3)C=C1)=O,0.00575232021510601
ClC1=CC=C(C2NC(SCC(NCCOC3=CC=CC=C3)=O)=NN=2)C=C1,0.0033671076875180007
C12C=C(SC=1N=CN=C2NC1CCCC1)CC,0.008021436771377921
C1(CCCN(C2CCN(CC2)C(=O)C2CC2)C1)C(=O)N(CC=C)CC#C,0.012162874173372983
CN1C2N(C(=NN=2)CSC2NC(C3=CC=C(Cl)C=C3)=NN=2)C2=C(C=CC=C2)C1=O,0.004512539273127914
C12C(NCCN(C)CC3C=CC=CC=3)=NC=NC=1SC(CC)=C2,0.007360415812581777
O=C(C1=CC=C(N2N=NN=C2)C=C1)OCCCN1C(=O)C2=C(C=CC=C2)C1=O,0.0027590121258981525
C1(C=CC=C2C=NC=CC=12)C1C=CC(=C(CNC)C=1)OCC,0.008657808462157846
BrC1=C(COC2=CC=C(N3N=NN=C3)C=C2)C=C2C(OCO2)=C1,0.007704846886917948
C12C=C(SC=1N=CN=C2NC1C=CC=CC=1C)CC,0.005721261282451451
COC1=C(Br)C=C(OC)C(COC2=CC=C(N3N=NN=C3)C=C2)=C1,0.008582341112196445
C12C=C(SC=1N=CN=C2NC1C=CC=CC=1CC)CC,0.0063225943595170975
ClC1=C(COC2=CC=C(N3N=NN=C3)C=C2)C=C2C(C=CC=C2)=N1,0.005579368234612048
C(=O)(C1=CC=C(C=C1)OCC(C)=C)N(CC=C)CC1C=CC=CN=1,0.009528219280764461
C12C=C(SC=1N=CN=C2NCC1=CC=CC(Cl)=C1)CC,0.0046746262814849615
N1=C(C2C=CC(=CC=2)SC)OC(C)=C1CN(C)CC1SC=CN=1,0.006540728826075792
O=C(N1CCCC1)CN1CCN(C(COC2=CC=C(N3N=NN=C3)C=C2)=O)CC1,0.005304923374205827
S(C)(=O)(=O)N1CCC(CC1)NC(=O)C1NN=C(C2=CC=C(C)O2)C=1,0.0024226332549005746
C(F)(F)(F)C1OCCN(CC2C=CC(=C(Cl)C=2)OCC(N)=O)C1,0.004669475356058684
O=C(N1CCN(C(C2SC=CC=2)=O)CC1)COC1=CC(N2N=NN=C2)=CC=C1,0.004821800976060331
CC1=CC=C(CC(C#N)SC2NC(C3=C(F)C=CC=C3)=NN=2)C=C1,0.002621300973933671
C12C=C(SC=1N=CN=C2NCC1C=CC=CC=1Cl)CC,0.004715323226992041
COC1=C(F)C=C(C(COC(CC2=CC=C(OCC3=C(C)ON=C3C)C=C2)=O)=O)C=C1,0.013465065835043788
C1(C=C(ON=1)COC1=CC=C2C(CCCC2)=C1)C(=O)N1CCN(C(=O)C1)C1CCCC1,0.010055984975770116
CC(C(N(CC1=CC(F)=CC=C1)C)=O)SC1N(C2=CC=C(F)C=C2)C(C(N2CCCCC2)C)=NN=1,0.006429767212830484
C1(=COC(COC2=CC=CC3C=NC=CC2=3)=N1)C(=O)NCC1=CC=CC=C1OC,0.004902130924165249
C12C=C(SC=1N=CN=C2NCC1=CC=C(C=C1)Cl)CC,0.004818688798695803
N1(CCC(CC1)NCCCN1C=CC=N1)C1C=CC=C(C=1)C1=CSC=N1,0.006382544455118477
CC(C1N(C2=CC=C(F)C=C2)C(SC(C#N)CC2=CC=C(C)C=C2)=NN=1)N1CCCCC1,0.004960419994631593
C1(C(=O)N(C)CC2=CC=CC=C2C(F)(F)F)OC(=NN=1)CN(C)C,0.006120275985449552
C12C=C(SC=1N=CN=C2N(CCC)CCC)CC,0.010012372490018606
CC1C(C(OCC(N2CCN(C(C3SC=CC=3)=O)CC2)=O)=O)=C(C)ON=1,0.007280694972723723
C12C=C(SC=1N=CN=C2N1CCC2C=CC=CC1=2)CC,0.008689408283680677
COC1=C(F)C=C(C(COC(C2=C(C)ON=C2C)=O)=O)C=C1,0.01363306725397706
C12C=C(SC=1N=CN=C2N1CCN(CC1)C1=CC=C(C=C1C)C)CC,0.008422988932579756
CCCN1C2=C(C=C(S(N(C)C)(=O)=O)C=C2)N=C1COC(C1=C(C)ON=C1C)=O,0.004886660818010568
N1(CCC2C(=CC=C(OC)C=2)C1)[C@@H]1C2=CC=CC=C2C2(CCNCC2)[C@H]1O,0.006222188519313931
CCCN1C2=C(C=C(S(N(C)C)(=O)=O)C=C2)N=C1COC(C1CC(=O)N(CC2OC=CC=2)C1)=O,0.004941112082451582
C1(C(C)=NOC=1C)C(=O)N1CCCC(C1)C(=O)NC1=CC=CC(C2=CC=C(C=C2)F)=C1,0.00573194632306695
CC1N(C(C(OCC(NC2SC=C(C3=CC(F)=C(F)C=C3)N=2)=O)=O)=CC2=CC=CC=C2)N=NN=1,0.004600644228048623
N1(CCCCCC1=O)CCC(=O)N(C)CCOC1=CC=CC=C1OCC,0.013385905511677265
C12C=C(SC=1N=CN=C2NC1=CC=C(C=C1)C(OCC)=O)CC,0.004959849920123815
COC1=C(CCC(OCC2ON=C(C3=CC=C(Cl)C=C3)N=2)=O)C=CC=C1,0.008594103669747711
N12C(CCC)=NN=C1SC(C1=CC(=CN1)C)=N2,0.00577034167945385
CC1=CC=C(N2C(=O)CC(C(OCC3ON=C(C4=CC=C(Cl)C=C4)N=3)=O)C2)C=C1,0.008001747773960233
C1(=COC(COC2=CC=CC(F)=C2)=N1)C(=O)N1CCC(N(C)C(C)=O)C1,0.006494280626066029
C12C=C(SC=1N=CN=C2NC1=C(F)C=CC(F)=C1)CC,0.0046461338526569305
N1(C=NN=C1CCN1C=CC=N1)C1C=CC=C(OC)C=1,0.008587471209466457
C12C=C(SC=1N=CN=C2N(C)C1C=CC(=CC=1)F)CC,0.005803807731717825
N1(CCN(CC1CCO)CC1C(C)=CC(=C(C)C=1)OC)CC1C=CC(=CC=1)F,0.005141378217376769
C12C(NCCN(C)C3CCCCC3)=NC=NC=1SC(CC)=C2,0.010188451781868935
C12SCCN1C=C(CNC1C=C(C)C3C(=CC=C(CC)C=3)N=1)N=2,0.006492842035368085
CCS(N1C2=C(C=C(C(CN3C(=O)C(=O)N(CC4OC=CC=4)C3=O)=O)C=C2)CC1)(=O)=O,0.0043295667273923755
C(=O)(N1CCC2(CC1)N(C)CCCNC2=O)C1=CC=CN=C1NC,0.00485531548038125
CN1C2N(C(=NN=2)CN2C(=O)C3(C4=C(SC=C4)CCC3)NC2=O)C2=C(C=CC=C2)C1=O,0.002531658438965678
C12=C(CCN(C(=O)C3SC=CC=3C)C1)ON=C2C1=CC=CC=C1F,0.006243696622550488
CCS(N1C2=C(C=C(C(CN3C(=O)C4(C5=C(SC=C5)CCC4)NC3=O)=O)C=C2)CC1)(=O)=O,0.0025725942105054855
CCS(N1C2=C(C=C(C(CSC3=CC4=C(C=CC=C4)C=C3)=O)C=C2)CC1)(=O)=O,0.008197209169156849
C(=O)(NC(CC)CN1C=CN=C1)C1C=C(C)C=CC=1C,0.006276524462737143
CCN(S(C1=CC2=C(N(C(=N2)SC(C#N)CC2=CC=C(C)C=C2)CC)C=C1)(=O)=O)CC,0.003997325446948708
CCC1=CC=C(NC2SC(SCC(N3CCN(CC(N4CCCC4)=O)CC3)=O)=NN=2)C=C1,0.006858254736289382
N1(CCCC(CCN)C1)C(=O)C1C=CC(=CC=1)C1=NNC=N1,0.004175647906959057
COC1=C(C2OC(SCC(C3=C(C)N(CCC4SC=CC=4)C(C)=C3)=O)=NN=2)C=CC=C1,0.011798922019079328
N1(CCCC(O)C1)C1=NC=CC=C1CNCC1=CC(Cl)=CC(OC)=C1OC,0.0027870818274095656
COC1=C(N2C(SCC(NC3SC4=C(C(=CC(=C4)C)C)N=3)=O)=NN=C2)C=CC=C1,0.0062287415377795695
C12C=C(SC=1N=CN=C2NC1C=CC(=CC=1)CN1CCC(CC1)C)CC,0.00800158423371613
C1(=NNN=N1)C1=C(C)N=CC=C1C1C=CC(=CC=1)C1C=CC=CC=1C(C)=O,0.006555736274458468
C12C=C(SC=1N=CN=C2NC(C)CCC1=CC=CO1)CC,0.007441324088722468
C(=O)(N1CCOCC1)C1CCCN(C2CCN(CC2)C(=O)C2C=NC(=NC=2)C)C1,0.0089068619068712
COC1=C(N2C(SCC(NC3=C(C(N)=O)C=C(C4=CC=CC=C4)S3)=O)=NN=C2)C=CC=C1,0.00592416119761765
N1(C=NN=C1CC1CCNCC1)C1=CC=CC2C=CC=CC1=2,0.0078475785208866
C12C(NCCCN3CCN(CC3)C3=CC(C)=CC=C3C)=NC=NC=1SC(CC)=C2,0.006615742039866745
CCN1C(=O)N(CC2=CC=CC=C2)C(N)=C(C(CSC2N(C3=C(OC)C=CC=C3)C=NN=2)=O)C1=O,0.006175036495551467
N1(CCCC(CCCC2=CC=CC=C2)(CO)C1)C1CCN(CC1)CC1=CC=CC=N1,0.008634491381235421
COC1=C(N2C(SCC3ON=C(C4=CC=C(Cl)C=C4)N=3)=NN=C2)C=CC=C1,0.007591409678570926
COC1=C(N2C(SCC(N3CCN(C(C4SC=CC=4)=O)CC3)=O)=NN=C2)C=CC=C1,0.006297675962559879
COC1=C(N2C(SCC(N3CCN(CC(N4CCCC4)=O)CC3)=O)=NN=C2)C=CC=C1,0.007404700084589422
C1(C=COC=1C)C(=O)N(C)CC1C=CC(=CN=1)CC,0.01096114651300013
COC1=C(N2C(SCC(NC(C3=CC=CC=C3)CC3=CC=CC=C3)=O)=NN=C2)C=CC=C1,0.007907247520051897
C12C(NCCCN3CCN(CC3)C3C=CC=CC=3OC)=NC=NC=1SC(CC)=C2,0.0061873170547187325
C12C=C(SC=1N=CN=C2NC1C=C(C)C=C(C)C=1)CC,0.006803461373783648
C1(C=C(ON=1)CN(C)CC1C=CC=CC=1)C(=O)N(C)CC1CCCCN1C,0.011193180782720446
OC1C(C(OCC(NC(C2=CC=CC=C2)C2=CC=CC=C2)=O)=O)=NN(C2=CC=CC=C2)C=1,0.007291705277748406
C1(=CC=NN1C1CCN(CC1)C(=O)CN1C=CC=N1)NC(=O)C1C=CC=CC=1OC,0.005279197613708675
C12C=C(SC=1N=CN=C2N1CCC(CC1)(C(N)=O)N1CCCCC1)CC,0.006535941362380981
C1(C(OC)=O)C=C2N(CCN(C(=O)C3=CC=C(C4NC=CN=4)S3)C2)N=1,0.00307512111030519
C12C(NCCC)=NC=NC=1SC(CC)=C2,0.006404453376308084
N1OC(=CC=1C1C=CC=CC=1)CN(C)CC1C=C(C)C=CC=1O,0.006627894332632422
C1(C2C=CC=CC=2NC(=O)C(CC)N2C=CC=N2)C(=O)NC(=NN=1)SCC,0.0036186093115247787
C(=O)(CC1=CC=CN=C1)N(CC1CCCO1)CC1C=CC=CN=1,0.009625081392005085
C12C=C(SC=1N=CN=C2NC1C=CC(=C(C)C=1)C)CC,0.006666379724629223
CC(C(NC1=CC2=C(C=CC=C2)C=C1)=O)OC(C1C(O)=CN(C2=CC=CC=C2)N=1)=O,0.005852793203666806
CC(C(OCC1N2C(N(C(C3=C2C=CC=C3)=O)C)=NN=1)=O)NC(C1=CC(C)=CC=C1)=O,0.0067702104104682805
N1OC(=CC=1C(C)C)CN1CCC(CNC(C)=O)C1,0.011311931814998389
CN1C2N(C(=NN=2)COC(C2=C3C(C=CC=C3)=NC(C3SC=CC=3)=C2)=O)C2=C(C=CC=C2)C1=O,0.0069155866047367455
C12C(NCCC3C=CC=CC=3)=NC=NC=1SC(CC)=C2,0.0058767283102497455
CC1N(CCC2SC=CC=2)C(C)=C(C(CN2C(=O)C(=O)N(C3CCCC3)C2=O)=O)C=1,0.0057087439810857175
N1(CCCC(C(=O)C2C=CC(=CC=2)C2C=CC=CC=2)C1)C(=O)CCN1C=CC=N1,0.012040427885949612
O=C(NCCOC1=CC=CC=C1)CN1C(=O)C(=O)N(C2CCCC2)C1=O,0.0028303876984864472
C(C1C(=O)NCCN1CC1=CC=CC=C1OCC)C(=O)N(C(C)C)CC1=NC=CN1C,0.005968036036938429
COC1=C(F)C=C(CN(C(CN2C(=O)C(=O)N(C3CCCC3)C2=O)=O)C)C=C1,0.004596759809646756
C1(C=NN2C=CN(C)C=12)C(=O)NC(C1=CC=CC=C1)CN1C=CN=C1,0.005484230862930417
C1(C2CC=CC2C2C(=CC=CC=2)N1)C(=O)N1CCN(CC1)C1C=NN(C(=O)C=1)C,0.006262897583656013
C1(NC(=CC=1C)C)C(=O)N1CCCC1C1=CC=C(C(=O)N2CCCCC2)S1,0.006269890768453479
N1(C(C)C2C=CC=CC=2)C=NN=C1CCC1C(C)=NNC=1C,0.007290058233775198
C1=C(C=NN(C)C1=O)N1CCN(CC1)C(CCCC1=CC=CS1)=O,0.0056830939371138815
O=C(N1CCN(C(C2SC=CC=2)=O)CC1)CN1C(=O)C(=O)N(C2CCCC2)C1=O,0.0030066783190704884
C1(C=NN2C=C(CN(CC)CC)C=NC=12)C(=O)N(C)CC1SC=CN=1,0.008673308743163943
COC1=C(F)C=C(C(CN2C(=O)C(=O)N(C3CCCC3)C2=O)=O)C=C1,0.006463724607601762
N1(CCN(CC1)C1C=CC=CC=1F)[C@@H]1CCN(C[C@H]1O)CC1=CC=C(C=C1)SC,0.0025788328726775943
O=C(N(C1CCCCC=1)C1CC1)CN1C(=O)C(=O)N(C2CCCC2)C1=O,0.005713706300593912
C12N=CC(=CN1N=CC=2C1C=CC=CC=1)CN1C[C@@H]([C@@H](OC(C)C)C1)O,0.003574900736566633
C12C=C(SC=1N=CN=C2NC1C=C(C)C=CC=1C)CC,0.006597776501439512
CC1=CC(C(OCC(N(C2CCCCC=2)C2CC2)=O)=O)=C(O)C=C1,0.0075920822098851206
N1C(CNC(=O)C2=CC=C(N=C2)C2C=CC=NC=2)=NOC=1C(C)C,0.007284882781095803
C12C(NCCN3CCC(CC3)C)=NC=NC=1SC(CC)=C2,0.007363243959844112
CC(N1C2=C(C=C(C=C2)NC(COC(C2=C(O)C=CC(C)=C2)=O)=O)CC1)=O,0.004334692971315235
C1(C(NC)=O)NN=C2CCN(CC3(CCCN(CCC4=CC=CC=C4)C3=O)O)CC=12,0.004697354952804744
CC1C(COC2=C(C(C3=CC=CC=C3)=O)C=CC(OCC=C)=C2)=C(C)ON=1,0.015564810577780008
C1(C=CC=C2C=1N=C(N2)C)C(=O)N1CCCC(C1)CCC1=CC=CC=C1F,0.0035700841341167688
C1(CN(CC2=CC=NC=C2)CC2=CC=CC=C2)SC=NC=1C,0.011122536798939108
C=CCOC1=CC(OCC(N2CCN(C(C3SC=CC=3)=O)CC2)=O)=C(C(C2=CC=CC=C2)=O)C=C1,0.00857687033712864
N1(C[C@@H]([C@H]2N3CCC(CC3)[C@H]21)C1C=CC=CC=1)C(=O)[C@H]1C[C@@]2(C1)NC(NC2=O)=O,0.001911047362955287
CC(N1C2=C(C=C(C=C2)NC(CSC2NC3=C(C=C(C=C3Cl)Cl)N=2)=O)CC1)=O,0.0030636959883850066
C(=O)(NC1CC1)C1CCCN(C2CCN(CC2)CC(C)=CC2=CC=CC=C2)C1,0.013500054506585002
O=C(N1CCCC1)CN1CCN(C(CSC2N(C3=CC=CC=C3)C(CN3CCCC3)=NN=2)=O)CC1,0.008598745381459594
C1(C2SC=CC=2C)OC(=C(COC2C=CC(=CC=2)S(C)(=O)=O)N=1)C,0.005211798776872456
C1(C=NN(C2=CC=CC=C2)C=1)C1C=CN=C(NC(C)CCN2C=CC=N2)N=1,0.007400824152864516
CC1=NC(SCC2OC(C3=CC=CC=C3)=NN=2)=NC(N)=C1,0.004028929385822266
C1(N2CCN(CC2)C2CCN(CC2)C(C(C)C)=O)OC2=C(C=CC=C2)N=1,0.006785438908264041
N1(CC(=O)NC2C=CN(CC3=CC=CC=C3)N=2)C=C(C=N1)C1=CN=CC(OC)=C1,0.006558733852580189
N1OC(=CC=1C(C)C)CNC(=O)C1CCCN(C2CCN(CC2)C)C1,0.01194629054516554
CC(NCC1SC(C(COC(CC(C2=C(Cl)C=CC=C2)NC(N)=O)=O)=O)=CC=1)=O,0.006652633077464998
C1(CN(CCOC)C(COC)=O)C=NN(C)C=1,0.009904238674789668
CC1=CN2C(=NC(=CC2=O)CSC2N(CC3=CC=CC=C3)C=CN=2)C=C1,0.006495423126034438
N1C2=CC(F)=CC=C2NC=1COCC(=O)N(CC=C)CC1=CC=C(C)S1,0.0027421444887295366
C12C=C(SC=1N=CN=C2NCC1CCN(CC1)CC1=CC=CC(F)=C1)CC,0.006260783853940665
C1(C2=CC=CC=N2)=NC=C(C=N1)CN(C)CCCSC1=CC=CC=C1,0.008077326300553977
CC1N2C(=NC(=CC2=O)CSC2N(CC3=CC=CC=C3)C=CN=2)SC=1,0.00622784486040473
C12C=C(SC=1N=CN=C2NC1C=CC2=C(OCO2)C=1)CC,0.005489312158897519
O=C(N1CCN(C(C2SC=CC=2)=O)CC1)CSC1N(CC2=CC=CC=C2)C=CN=1,0.004913385445252061
C1(CNCC2=C(C)N=C(COC)S2)=CN(N=C1C)CC=C,0.009337653825059532
CCN(C1CCCCC=1)C(CSC1N(C2=CC=C(Cl)C=C2)C(C(N(C)C)C)=NN=1)=O,0.010534202214330435
C1(=NC=C(CN2CCC3=C(C=CS3)C2)N1CC(C)C)S(=O)(=O)CC1CCCO1,0.007007139688357711
ClC1=C(Cl)C=C(C(COC(C=CC2=CSC=C2)=O)=O)C=C1,0.012063031597062946
N1=C(C(NCC2C=CC=CC=2)=NC2=NON=C12)N1CCN(C(=O)[C@@H]1C)C,0.004970599140506238
C12C=C(SC=1N=CN=C2NC1C=CC(=C(Cl)C=1)C)CC,0.004921449453104287
BrC1=CC(C(COC(C=CC2=CSC=C2)=O)=O)=CC=C1,0.015115456050261855
N(C1C(C)=CC=CC=1C)C(=O)C1=CC=CC(=C1)NC(COC1=CC=CC=C1OC)=O,0.008682553307153285
CC(N(C1=C(C)C=C(C)C=C1C)C1SC=C(COC(C=CC2=CSC=C2)=O)N=1)=O,0.008415949437767268
C1(N2CCC(CC2)N2CCCC(C2)C(=O)N2CCCC2)=NOC(CCC)=N1,0.012470351066440344
O=C(C1=CC2=C(CCC2)C=C1)COC(C=CC1=CSC=C1)=O,0.017722675949335097
C12C=C(SC=1N=CN=C2NC1=CC=C(C=C1C)Cl)CC,0.004911757772788405
FC1=C(NC(NC(COC(C=CC2=CSC=C2)=O)=O)=O)C=CC=C1,0.0017305727815255523
C12C=C(SC=1N=CN=C2NC1C=CC=C(Cl)C=1C)CC,0.004921053431462497
N1(CCC(CC1)OC1C=CC(=CC=1OC)C(=O)NC1CCCCC1)C(C)=O,0.009099327912554144
C12C=C(SC=1N=CN=C2NC1C=CC=C(C)C=1C)CC,0.006616991711780429
N1N(CCNC2=NC(C)=NC3CCN(C)CCC2=3)C=C(C)N=1,0.007538726506754756
C12C=C(SC=1N=CN=C2NC1C=CC(=CC=1C)C)CC,0.0066472086356952785
ClC1=C(CN2CC(CSC3N(C4=CC=CC=C4)C(CN4CCCC4)=NN=3)OCC2)C=CC=C1,0.009237321233376861
C1(C(C)=O)=CC(=CS1)CN1CCC(CC1)C(=O)NC1C=CC=C(C=1)C1=CSC=N1,0.007322367723099887
O=C(N(C1CCCCC=1)C1CC1)CSC1OC(CN2CCCC2)=NN=1,0.012503678165376186
C1(=C(C)OC=N1)C(NCCN(C)CCC1C=CC=CC=1)=O,0.006670303572900593
CCS(N1C2=C(C=C(C(CSC3OC(CN4CCCC4)=NN=3)=O)C=C2)CC1)(=O)=O,0.008255569916218519
C1(=C(C)C=C(N(C)C1=O)C)C(=O)N1CCCC(C1)CCC1C(=CC=CC=1F)F,0.007645147852599621
CC(C1=CC=C(C2N=C(CSC3N(CC4=CC=CC=C4)C(CN4CCCC4)=NN=3)ON=2)C=C1)C,0.010677604377269745
N1(CC)C(C2CCN(CC2)C(=O)[C@]23CC[C@H](C(C)(C)C2=C)C3)=NN(C)C1=O,0.009479380119591952
C12C(NCCCN3CCCC4=CC=CC=C34)=NC=NC=1SC(CC)=C2,0.007637957739643752
N1=C(CCC)ON=C1CN(C)C(=O)C1(CCCC1)NC1=CC=C(C=C1)C,0.011000631004571914
CC1=CC(C)=C(OCC2N3C(N(C(C4=C3C=CC=C4)=O)C)=NN=2)C=C1,0.009239824349060654
C12C=C(SC=1N=CN=C2NCC1CCN(CC1)CC1=CC=CC=C1Cl)CC,0.006401722691953183
S(C)(NCCCN1CCOC(C1)C1=CC=C(C(Cl)=C1)Cl)(=O)=O,0.004516249394509941
C12C=C(SC=1N=CN=C2NC1C=C(OC)C=C(OC)C=1)CC,0.006223065196536481
COC1=C(F)C=C(C(COC(C2=CC(N(=O)=O)=C(Br)C=C2)=O)=O)C=C1,0.012297683721408248
C12C=C(SC=1N=CN=C2NC1C=CC=C(F)C=1)CC,0.00424507181160152
C1(=NC=CN1[C@@H](C)C(N)=O)C1SC=C(C2C=CC(=CC=2)F)N=1,0.003545030555687845
C12C(NCCCC3C=CC=CC=3)=NC=NC=1SC(CC)=C2,0.006078079924918711
COC1=C(OCCOC2=CC(C)=CC(C)=C2)C=CC(C#N)=C1,0.010843663848936558
C12C=C(SC=1N=CN=C2NCC1=CC=C(C=C1OC)OC)CC,0.0064427393022924665
COC1=C(OCC2=CC(C#N)=CC=C2)C=CC(C#N)=C1,0.012322340812534093
C12C=C(SC=1N=CN=C2NC1C=CC(=CC=1F)Br)CC,0.005769408727064729
COC1=C(OCC2=C(Br)C=C3C(OCO3)=C2)C=CC(C#N)=C1,0.011792343854904175
C(=O)(CC(C1C=CC=CC=1)C1C=CC=CC=1C)N1CCN(CC1)CCO,0.004274190252181143
COC1=C(OCC2=C(Cl)N=C3C(C=CC(=C3)SC)=C2)C=CC(C#N)=C1,0.0059852937003597615
C1(C=C(C)C=C2CC(CN)OC=12)C1C=CC(=CC=1F)F,0.009433001326397062
C12C(NCCCN3CCN(CC3)C3CCCCC3)=NC=NC=1SC(CC)=C2,0.008200028026476503
N1(C2C=C(C)C=CN=2)C=NC(C2C=CC=CC=2)=C1,0.005928686726838351
COC1=C(OCC2=C(Cl)N=C3C(C=CC=C3)=C2)C=CC(C#N)=C1,0.0069264358608052135
C12C=C(SC=1N=CN=C2NC1=C(C)C=CC(Cl)=C1)CC,0.004856888321228325
C1(C(=O)NCC2C=NC3C(=CC=CC=3)C=2)=CN(N=N1)CC1=CC=CC=C1Cl,0.005696839967276901
COC1=C(COC2=C(OC)C=C(C#N)C=C2)C=C(F)C=C1,0.00835218201391399
C12C=C(SC=1N=CN=C2N1CCC(CC1)C(=O)N1CCCCCC1)CC,0.008517138613387942
S(CCC)(=O)(=O)N1CCOC(CC2CCCCC2)C1,0.011385064106434584
COC1=C(OCC2=C(Br)C=C3C(OCCO3)=C2)C=CC(C#N)=C1,0.012731395103037358
S(C)(=O)(=O)NC1CCN(CC1)C(CC)C(=O)NC1CCCCC1,0.0063857847126200795
C12C=C(SC=1N=CN=C2N1CCC(CC1)C(=O)N1CCCCC1C1C=CC=NC=1)CC,0.00715154183562845
C12C=C(SC=1N=CN=C2N1CCC(CC1)C(=O)N1CCN(CC1)C1C=CC(=CC=1)F)CC,0.005961974430829286
C12C=C(SC=1N=CN=C2N1CCC(CC1)C(=O)N1CCOCC1)CC,0.005946800508536398
COC1=C(F)C=C(C(COC2=C(OC)C=C(C#N)C=C2)=O)C=C1,0.012693272624164819
N1(C2C=CC=CC=2OCC)C(=O)NN=C1C1CC(N(C)C1)=O,0.003126264875754714
COC1=C(OCC(N(C2CCCCC=2)C2CC2)=O)C=CC(C#N)=C1,0.012280140584334732
C1(C=CC=NC=1C1=CC=CN=C1OCC)C(=O)N1CCCC1,0.00799715700559318
COC1=C(OCC2N3C(N(C(C4=C3C=CC=C4)=O)C)=NN=2)C=CC(C#N)=C1,0.006842615944333374
N1(C[C@H]([C@H]2N3CCC(CC3)[C@H]21)C1=CC=CC(OC)=C1)C(=O)C1C=CC(=NC=1)N,0.0048760998120997105
C12C=C(SC=1N=CN=C2N1CCC(CC1)C(=O)NC1=CC=CC=C1OC)CC,0.006089847092516721
C12C=C(SC=1N=CN=C2N1CCC(CC1)C(=O)NC1=CC=C(C=C1)F)CC,0.005205821525305509
CCS(N1C2=C(C=C(C(COC3=C(OC)C=C(C#N)C=C3)=O)C=C2)CC1)(=O)=O,0.00788230886682868
C1(CN(CCOC)C(=O)C2=CC=C(C(F)=C2F)OC)C(C)=NN(CC)C=1C,0.010528744943439961
C12C=C(SC=1N=CN=C2N1CCC(CC1)C(=O)NC1=CC=CC(Cl)=C1)CC,0.004854787711519748
COC1=C(OCCCN2C(=O)C3=C(C=CC=C3)C2=O)C=CC(C#N)=C1,0.0042274660430848595
C1(N(CCN2CCCCC2CO)C=NC=1C1=CC=CC=C1)C1=NC=CN1CC,0.004118467785883695
C12C=C(SC=1N=CN=C2N1CCC(CC1)C(=O)NC1=CC=CC(=C1)C(F)(F)F)CC,0.0035796314710751175
C(=O)(N(C)CCOC1C=C(C)C=C(C)C=1)C1C=NC(=NC=1)NCC,0.006969306315295398
COC1=C(OCC(NC2=CC3=C(N(C(C)=O)CC3)C=C2)=O)C=CC(C#N)=C1,0.0062510124174878
N1N=C(OC=1C1CCCCC1)CCC(=O)NCC1C=CSC=1,0.009314781799912453
C12C=C(SC=1N=CN=C2N1CCC(CC1)C(=O)NC1CCCCC1)CC,0.00740087095182389
C1(C=C(N=C(N)C=1C#N)C1C=CN(C)C=1)C1C=C2OCCOC2=CC=1OC,0.0055400564335286616
C12C=C(SC=1N=CN=C2N1CCC(CC1)C(=O)NC1=CC=C(C(Cl)=C1)F)CC,0.0050852998392656446
COC1=C(OCC(C2SC(CNC(C(C)(C)C)=O)=CC=2)=O)C=CC(C#N)=C1,0.009402356040664018
N1=C(C2=CC=C(N=C2)N2CCOCCC2)ON=C1C1C=CC=C(OC)C=1OC,0.008533326047472655
C12C=C(SC=1N=CN=C2N1CCC(CC1)C(=O)NC1=CC=C(C=C1OC)OC)CC,0.005851321411319077
CCN(C1CCCCC=1)C(CSC1N(C2=CC=CC=C2)C(=O)C2=C(C=C(C(OC)=O)C=C2)N=1)=O,0.00941321263089776
C12CC(C)(C)CC(NCC3=CC=C(C=C3)N3CCNC3=O)C=1C=NN2C1C=CC=CC=1,0.006765560619533062
CS(C1=CC=C(C(OCC2ON=C(C3=CC=C(Cl)C=C3)N=2)=O)C=C1)(=O)=O,0.005893524782732129
C1(=CC(OC)=CC=C1OC1CCN(CC1)C(=O)C1CC1)C(=O)NCC1=CC=C(C)S1,0.006881532515399158
N1(CCC(C)=N1)CC(=O)NCC(=O)NC1C(C)=CC=C(F)C=1,0.004758447746280581
C12C=C(SC=1N=CN=C2N1CCC(CC1)C(=O)NC1=CC=C(C(OC)=C1)OC)CC,0.0061012133955955505
C1(=CC=C(C=C1OC1CCN(CC1)CC1NC2=C(C=CC=C2)N=1)OC)C(=O)NC1CC1,0.003699310845695436
C12C=C(SC=1N=CN=C2N1CCC(CC1)C(=O)NC1=CC=CC=C1F)CC,0.005358920362778008
CC(N1C2=C(C=C(C=C2)NC(COC(CC2C3=C(C=CC=C3)C(=O)NN=2)=O)=O)CC1)=O,0.004261680727358908
C12C=C(SC=1N=CN=C2N1CCC(CC1)C(=O)NC1C=CC2=C(OCCO2)C=1)CC,0.005848134332336485
CCN1C(=O)C2=C(SC=C2C2SC=CC=2)N=C1SCCN1CCCCC1,0.008333475375548006
N1=C(CSC2NN=C(CC)N=2)ON=C1C1CC1,0.006064112158492207
C12C=C(SC=1N=CN=C2N1CCC(CC1)C(=O)NC(C)CC)CC,0.006224282830953598
C12C=C(SC=1N=CN=C2N1CCC(CC1)C(NCCOC)=O)CC,0.004561177897267043
O=C(N(C1CCCCC=1)C1CC1)CN1C(=O)N2C(CCC2)=C(C#N)C1=O,0.007563041755929589
C12C=C(SC=1N=CN=C2N1CCC(CC1)C(NCCC1C=CC(=C(OC)C=1)OC)=O)CC,0.006247723405249417
S(CCCC)(=O)(=O)N1CCC(N(CC2CC2)C(C(C)C)C1)=O,0.0109656753949821
C=CCN(C(CN1C(=O)N2C(CCC2)=C(C#N)C1=O)=O)CC1SC=CC=1,0.005108621809631586
N1C(CNC(C)CC(C)(C)OC)=NOC=1C1CCCC1,0.016268767043948175
C12C=C(SC=1N=CN=C2N1CCC(CC1)C(=O)NC1=CC=C(C=C1)OCC)CC,0.006116150366142392
C1(C=C(ON=1)C)C(=O)N1CC[C@H]([C@H](O)C1)C1=CC=C2C(C=CC=C2)=C1,0.0029943561763502657
C12C=C(SC=1N=CN=C2N1CCC(CC1)C(=O)NC1=C(OC)C=CC(OC)=C1)CC,0.005903910496272147
CCC1(C2=CC=CC=C2)C(=O)N(CC(OCC#C)=O)C(=O)N1,0.0016667772957589476
C12C=C(SC=1N=CN=C2N1CCC(CC1)C(=O)NC1C=C(C)C=CC=1OC)CC,0.006246433896012604
CC1=CC=C(C2=NN(CC(N3CCN(C(C4SC=CC=4)=O)CC3)=O)N=N2)C=C1,0.004766793362796307
C1(=CNN=C1CCC)C(=O)N1CCC(CC1)C1NN=CC=1C1C=CC=C(F)C=1,0.003938946651760489
C12C=C(SC=1N=CN=C2N1CCC(CC1)C(=O)NC1C=CC(=CC=1)CC)CC,0.006153564341366291
CC(N1N=C(C2=CC=C(C)C=C2)N=N1)C(N(CC1=CC(F)=CC=C1)C)=O,0.005465931235812604
C12CN(CCC=1N(N=C2C(O)=O)CC1CC1)C(=O)C1=CC=C2C(=C1)NC(N2)=O,0.003661298588849604
CC1=CC=C(C2=NN(CC(N(C3CCCCC=3)C3CC3)=O)N=N2)C=C1,0.008195055695250631
C12C=C(SC=1N=CN=C2N1CCC(CC1)C(=O)NC1=CC=C(C=C1)C(C)C)CC,0.0065502561395987865
N12C(C3CC3)=NN=C1SC(C1=CSC(CN(C)C)=N1)=N2,0.009124894300475717
C=CCN1C(C2=CC(S(N3CCOCC3)(=O)=O)=CC=C2)=NN=C1SC(C#N)CC1=CC=CC=C1,0.0029448671318732522
C12C=C(SC=1N=CN=C2N1CCC(CC1)C(=O)NC1=CC(C)=C(C=C1OC)Cl)CC,0.005304873757995665
ClC1=CC2=C(C(N(C(=N2)SCC(N(C2CCCCC=2)C2CC2)=O)CC2OC=CC=2)=O)C=C1,0.008884937688708305
C12C=C(SC=1N=CN=C2N1CCC(CC1)C(NCCCOC(C)C)=O)CC,0.005182607611641288
CC(C1NC(=O)C2=C(SC(=C2C)C)N=1)OC(C1=C(C)C=CC(S(NC(C)(C)C)(=O)=O)=C1)=O,0.0038452770910225808
C12C=C(SC=1N=CN=C2N1CCC(CC1)C(=O)NCC1=CC=CS1)CC,0.005862820101901889
C1(=CC2=C(C=CC=C2)O1)C1C=C(NCCO)N=C(N)N=1,0.001953794527798891
CC(NCC1SC(C(COC(CNS(C2=C(F)C(F)=C(F)C=C2)(=O)=O)=O)=O)=CC=1)=O,0.005137377162463963
N1(CC2NC=CN=2)C=NC(C2C=CC=CC=2)=C1C1C=CC(=CC=1)C1=CN=CN=C1,0.0048523394390940664
S(=O)(=O)(C1C=CC(=CC=1)C(C)=O)N1CCCC(CC2=CC=CC=C2C)(C(OCC)=O)C1,0.009946156106889249
C12C=C(SC=1N=CN=C2N1CCC(CC1)C(=O)NCC1=CC=C(C)O1)CC,0.006485326332040131
C1(=CC(Cl)=CC=C1OC1CCN(CC1)C1CCCC1)C(NCCC1=CNC=N1)=O,0.0037210720707662403
CC1N(CCC2SC=CC=2)C(C)=C(C(COC(C2=CC(N3N=NN=C3)=CC=C2)=O)=O)C=1,0.008108048536814749
C1(=CC(=NN1CC)CC(C)C)C(=O)N1CCC2(CCCNC2)C1,0.009670763509348035
C1(=NC=NC2NC=CC1=2)N1CCCC(CC=CC2C=CC=CC=2)(C(O)=O)C1,0.004308746254537255
C12C=C(SC=1N=CN=C2N1CCC(CC1)C(NCCC(C)C)=O)CC,0.006600592541508377
CCN1C(=O)N(CC2=CC=CC=C2)C(N)=C(C(CSC2N(C3=CC(Cl)=CC=C3)C=NN=2)=O)C1=O,0.005149643286131322
CCN1C(=O)N(CC2=CC=CC=C2)C(N)=C(C(CSC2N(C3=C(C)C=CC(C)=C3)C=NN=2)=O)C1=O,0.006378856068477034
C12C=C(SC=1N=CN=C2N1CCC(CC1)C(=O)NCC1=CC=C2C(OCO2)=C1)CC,0.005764550832100213
C1(CN(CCOC)C(=O)C2C=CC=CC=2N(C)C)C(C)=NN(CC)C=1C,0.012132095405831933
CC1=CC(N2C(SCC(N3CCN(CC(N4CCCC4)=O)CC3)=O)=NN=C2)=C(C)C=C1,0.007717276155017316
S(C)(=O)(=O)N(C)CCNC1CSCC1,0.0052882344229146835
COC1=CC(N2C(SCC(NC3=C(C(N)=O)C=C(C4=CC=CC=C4)S3)=O)=NN=C2)=CC=C1,0.00571790577378124
N1(CCCC1C(=O)NC1=CC=CC=C1OC1C=CC=NC=1)CC1=CC=CC(C)=N1,0.007643882744014263
CCN1C(=O)N(CC2=CC=CC=C2)C(N)=C(C(CSC2N(C3=CC(OC)=CC=C3)C=NN=2)=O)C1=O,0.00602764340583235
C12C=C(SC=1N=CN=C2N1CCC(CC1)C(NCCCOCC)=O)CC,0.0049413096392527224
COC1=CC(N2C(SCC(C3=C(C)N(CCC4SC=CC=4)C(C)=C3)=O)=NN=C2)=CC=C1,0.012029538722708821
C12C=C(SC=1N=CN=C2N1CCC(CC1)C(=O)NCC1=CC=C(C=C1)OC)CC,0.00593143948353827
C12(CCN(CC1)C)CN(CCN2C)CC1C(C)=CC(=C(C(C)C)C=1)OCC,0.01816514553502202
COC1=CC(N2C(SCC3ON=C(C4=CC=C(Cl)C=C4)N=3)=NN=C2)=CC=C1,0.007224743580445647
S(NC)(=O)(=O)C1=CC=C(C=C1)C1=NC=CN1CC1C=CC2=C(OCO2)C=1,0.0037613448570482434
COC1=CC(N2C(SCC(N3CCN(CC(N4CCCC4)=O)CC3)=O)=NN=C2)=CC=C1,0.007151780044659972
C12C=C(SC=1N=CN=C2N1CCC(CC1)C(=O)NC1C=CC=C(C=1)C(OCC)=O)CC,0.005182994331698864
COC1=CC(N2C(SC(C#N)CC3=CC=C(C)C=C3)=NN=C2)=CC=C1,0.006669927073264148
C12C=C(SC=1N=CN=C2N1CCC(CC1)C(=O)NC1CC1)CC,0.006116007827222348
C1(=CC=C(N=C1)N(C)CC1C=CON=1)C(NCCC1CCCCN1C)=O,0.00617038041818887
C12C=C(SC=1N=CN=C2N1CCC(CC1)C(=O)NC1CCN(CC1)CC1C=CC=CC=1)CC,0.006257847300730646
C1(NN=CN=1)C(=O)NCC1(CCCC1)C1=CC=C(C=C1)F,0.0037106551695615052
C12C=C(SC=1N=CN=C2N1CCC(CC1)C(=O)NC1=CC=CC(CC)=C1)CC,0.0060274763032794
C12C=C(SC=1N=CN=C2N1CCC(CC1)C(=O)NCC1CCN(CC1)CC1=CC=CC(C)=C1)CC,0.006600673636421561
N1=C(C)C(=C(C)N1C)CCC(=O)N(C(C)C)CC1C=CC2=C(OCO2)C=1,0.013338900124654173
C1(=COC(CN2CCN(CC2)CC=CC2=CC=CC=C2)=N1)C(NCCSC)=O,0.004563553398475051
C12C=C(SC=1N=CN=C2N1CCC(CC1)C(=O)NCC1=CC=C(C=C1)CC)CC,0.0066723688272759315
COC1=CC(N2C(SCC(C3SC(CNC(C(C)(C)C)=O)=CC=3)=O)=NN=C2)=CC=C1,0.009679130697622895
C12C=C(SC=1N=CN=C2N1CCC(CC1)C(=O)NCC1=CC=C(C=C1)C)CC,0.00625014123506844
CCOC1=C(OC)C=CC(C(OCC(N2CCN(C(C3SC=CC=3)=O)CC2)=O)=O)=C1,0.008159074629656971
C12N(CC3=CC=CC(C)=C3)N=C(C)C=1NC(C1=CC3OCOC=3C=C1OC)=N2,0.005136035871692002
O=N(C1=CN(CC(NC2=CC3=C(OC4=C3C=CC=C4)C=C2)=O)C(=O)C=C1)=O,0.004808527487330139
C1(CNC2CCCN(CC3=CC=CC=C3F)C2)C=NN(CC)C=1C,0.006835756520740688
C12C=C(SC=1N=CN=C2N1CCC(CC1)C(=O)NC1CCCC1)CC,0.007027713325805962
C1(C(=O)NCC2C=NN(CCC)C=2)NC(=O)NC(=O)C=1,0.0034693226451054217
COC1=C(F)C=C(CN(C(CN2C(=O)C=CC(N(=O)=O)=C2)=O)C)C=C1,0.006709049502387643
C12C=C(SC=1N=CN=C2N1CCC(CC1)C(NCCN(C)CC1C=CC=CC=1)=O)CC,0.006163584114983678
S(C)(=O)(=O)CC(=O)N(C)CCOC1=CC(C)=CC(C)=C1,0.008787358389236033
CC1N(CCC2SC=CC=2)C(C)=C(C(CN2C(=O)C(=O)N(CC=C)C2=O)=O)C=1,0.005191263626329601
N1=C(C=CN=C1C1C=CC(=C(CO)C=1)F)C1C=CC(=NC=1C)C,0.0036125183920376
C=CCN1C(=O)C(=O)N(CC(NCCOC2=CC=CC=C2)=O)C1=O,0.001977487339172512
C12C=NC(=NC=1CCCC2NC1CCN(CC1)CCC)C1=CC=CC=C1,0.011409301171079278
CC(CC(C1=CC=CC=C1)NC(CN1C(=O)C(=O)N(CC=C)C1=O)=O)C,0.0030510365148074927
C12C=C(SC=1N=CN=C2N1CCC(CC1)C(=O)NCC1=CC=CC(OC)=C1)CC,0.005859730415977538
S1C(C(C)CCC)=NN=C1NC(=O)C1=CN=C(N=C1)C1=CC=CC=N1,0.005590721499174833
CCCN1C2=C(C=CC(C(F)(F)F)=C2)N=C1SCC(N1CCN(C(C2SC=CC=2)=O)CC1)=O,0.003569886356126517
N1(CCCC(C1)CCC(=O)NCC1=CC=CC=C1Cl)CC1=CC=CC(O)=C1,0.0045270217349752786
CCCN1C2=C(C=CC(C(F)(F)F)=C2)N=C1SCC1N2C(N(C(C3=C2C=CC=C3)=O)C)=NN=1,0.004423624894116074
C1(C(O)=O)C=C2N(CCN(CC3C=NC(=NC=3)C3=CC=CC=C3C)C2)N=1,0.0076575316721573475
CC(CC(C1=CC=CC=C1)NC(CSC1=NC(N)=NC(N)=N1)=O)C,0.007274757232517004
C12C=C(SC=1N=CN=C2N1CCC(CC1)C(=O)NCC1=CC=CC(Cl)=C1)CC,0.0047917541349306704
C(=O)(N(CCC)CC1=CC=C(C=C1)OC)[C@H]1CC2C=CC=CC=2CN1,0.009864469850435853
COC1=C(F)C=C(CN(C(CSC2=NC(N)=NC(N)=N2)=O)C)C=C1,0.006187271024100482
C12C=C(SC=1N=CN=C2N1CCC(CC1)C(=O)NC1=CC=C(C=C1)OC)CC,0.00595726624596864
CC(C(N(CC1=CC(F)=CC=C1)C)=O)SC1=NC(N)=NC(N)=N1,0.005069905635900795
C12C=C(SC=1N=CN=C2N1CCC(CC1)C(=O)NCC1C=CC=CC=1Cl)CC,0.00484443767927587
C1(C(=O)NCC2C=CC(=CN=2)CC)=CN(N=N1)CC1CCCNC1,0.006764259282499551
C12C=C(SC=1N=CN=C2N1CCC(CC1)C(=O)NCC1=CC=C(C=C1)Cl)CC,0.004835284478031099
N1(CCN(CC1CCO)C1CCCC1)CC1C=CC(=C(F)C=1)F,0.00586255700327456
C12C=C(SC=1N=CN=C2N1CCC(CC1)C(NCCC1=CC=C(C=C1)C)=O)CC,0.0064588951645419
C12=CC(C)=CC(C)=C1N=CN(CC1CCC(=O)N1C)C2=O,0.007416806952096522
C12C=C(SC=1N=CN=C2N1CCC(CC1)C(NCCCN1CCCC(C)C1)=O)CC,0.006407186854630709
NC1=NC(SCC(N(C2CCCCC=2)C2CC2)=O)=NC(N)=N1,0.008285595569759607
C12C=C(SC=1N=CN=C2N1CCC(CC1)C(NCCC1C=CSC=1)=O)CC,0.00642100980039686
NC1=NC(SCC(N2CCN(CC(N3CCCC3)=O)CC2)=O)=NC(N)=N1,0.005836919695138931
CCN(C1CCCC=1)C(CSC1=NC(N)=NC(N)=N1)=O,0.007692311448045075
C12C=C(SC=1N=CN=C2N1CCC(CC1)C(=O)NC(C)CCC1=CC=CO1)CC,0.006921345600858331
C12C=C(SC=1N=CN=C2N1CCC(CC1)C(=O)NC1C=C(C)C=C(C)C=1)CC,0.006263243360444903
C12C=C(SC=1N=CN=C2N1CCC(CC1)C(=O)NC1C=CC(=C(C)C=1)C)CC,0.006185186514630914
C12=C(CCN(C(=O)C(CO)NC(C)=O)C1)NN=C2C1=CC=C(C(F)=C1)F,0.0019518013286869973
C12C=C(SC=1N=CN=C2N1CCC(CC1)C(NCCC1C=CC=CC=1)=O)CC,0.005649366485886276
C12CCN(CC=1N=C(C1C=CC(=CC=1)C(N)=O)NC2=O)C(=O)C1C=CC=CC=1C,0.0046549078891985115
C12C=C(SC=1N=CN=C2N1CCC(CC1)C(=O)NC1=CC=C(C=C1)C)CC,0.005705761979334057
C12C=C(SC=1N=CN=C2N1CCC(CC1)C(=O)NC1C=CC=CC=1)CC,0.005392886837944389
COC1=CC=C(C2NC(SCC(NC3SC4=C(C(=CC(=C4)C)C)N=3)=O)=NN=2)C=C1,0.0043614899506792424
COC1=CC=C(C2NC(SCC3ON=C(C4=CC=C(Cl)C=C4)N=3)=NN=2)C=C1,0.004677180957514793
C1(NN=CC=1CNC(=O)CCN1CCCCO1)C1=CC=CS1,0.0009758762666024267
C12C=C(SC=1N=CN=C2N1CCC(CC1)C(NCCN1CCC(CC1)C)=O)CC,0.0070834238547831775
C12CN(CCN1CCN(C)C2=O)CC1=CC=CC(CN(C)C)=C1,0.010876041650772095
C12C=C(SC=1N=CN=C2N1CCC(CC1)C(=O)NCC1CCN(CC1)CC1C=CC(=CC=1)C)CC,0.006690306449308991
N1(CC)C(CC2CCN(CC2)C(=O)CN2CCCCCC2=O)=NN(C)C1=O,0.007335036201402545
C12C=C(SC=1N=CN=C2N1CCC(CC1)C(=O)NCC1CCN(CC1)CC1=CC=CC=C1C)CC,0.006632274924777448
COC1=CC=C(C2NC(SCC(N3CCN(C(C4SC=CC=4)=O)CC3)=O)=NN=2)C=C1,0.003906495438423007
C12C=C(SC=1N=CN=C2N1CCC(CC1)C(NCCC1=CC=CO1)=O)CC,0.006130662770010531
C12CN(CCC=1ON=C2C1C=CC(=CC=1)C1C=CC=CC=1)CC(=O)N(C)C,0.01051232274621725
C12C=C(SC=1N=CN=C2N1CCC(CC1)C(=O)NCC1CCN(CC1)CC1=CC=CC(F)=C1)CC,0.0054361599963158366
C1(CNC(C)CN2CCC3=C(C=CC=C3)C2)C(C)=NOC=1C,0.012354381335899233
C12C=C(SC=1N=CN=C2N1CCC(CC1)C(=O)NC1C=CC2=C(OCO2)C=1)CC,0.0055479555623605846
C12C=C(SC=1N=CN=C2N1CCC(CC1)C(=O)NC1C=CC(=C(Cl)C=1)C)CC,0.005216445145197213
C12C=C(SC=1N=CN=C2N1CCC(CC1)C(=O)NC1C=CC=C(Cl)C=1C)CC,0.005199590092524886
C1(=NC=CC=C1CNC(=O)C(C)CN)OC1C=CC(=C(F)C=1)F,0.006179571803659201
C12C=C(SC=1N=CN=C2N1CCC(CC1)C(=O)NC1C=CC=C(C)C=1C)CC,0.0061502290656790136
C(=O)(C1CCN(CC1)C1CCN(CC1)CC1=CC=CC=C1C)N1CCSCC1,0.01466755629517138
C12C=C(SC=1N=CN=C2N1CCC(CC1)C(NCCCN1CCCC2=CC=CC=C12)=O)CC,0.006060153292492032
COC1=CC=C(C2NN=C(SCC(N(C3CCCCC=3)C3CC3)=O)N=2)C=C1,0.005798379937186837
C1(C(=O)NC2CCC2)C=C(ON=1)CN(C)CC1=CC=CC=C1,0.01002424000762403
COC1=CC=C(C2NC(SCC(C3SC(CNC(C)=O)=CC=3)=O)=NN=2)C=C1,0.005870763142593205
C1(CCCN(C(=O)C2CCN(CC2)C(=O)N(C)C)C1)(CC1=CC=CC=C1C)C(OCC)=O,0.009270005719736218
C12C=C(SC=1N=CN=C2N1CCC(CC1)C(=O)NC1C=C(OC)C=C(OC)C=1)CC,0.006206573429517448
C(CCC1C=CC=CN=1)(=O)N(C)CC1CCCN(CCC2=CC=CC=C2OC)C1,0.01081618987955153
COC1=C(S(N(C)C)(=O)=O)C=C(C(OCC2N3C(N(C(C4=C3C=CC=C4)=O)C)=NN=2)=O)C=C1,0.00629800814203918
N12CCC[C@]31[C@](C[C@H]2C1C=C(NN=1)C(C)C)([H])CN(CC1C=CC(=CC=1)OC)C3=O,0.006719436845742166
CN1C2N(C(=NN=2)COC(C2OC(C3SC4=C(C=CC=C4)N=3)=CC=2)=O)C2=C(C=CC=C2)C1=O,0.007923745270818471
C12C(C=CC=C1[C@@H]1C[C@@H](C[C@H](CC3=CC=CC=C3)O1)NC(C)=O)=NSN=2,0.007796519924886525
C12C=C(SC=1N=CN=C2N1CCC(CC1)C(=O)NC1C=CC=C(C)C=1)CC,0.005615414725616575
CCOC(C1=C(COC(C2=CC(S(NC)(=O)=O)=C(OC)C=C2)=O)C2=C(C=CC=C2)O1)=O,0.0062511689029634
C1(CN2CCCC(C2)CCC2C=CC(=CC=2F)F)NC=NC=1C,0.004138466820586472
CCOC(C1=C(COC(C2=C(Cl)C=CC(S(NC)(=O)=O)=C2)=O)C2=C(C=CC=C2)O1)=O,0.005405350960791111
C12C=C(SC=1N=CN=C2N1CCC(CC1)C(=O)NC1C=CC=C(F)C=1)CC,0.00506605627015233
CN(S(C1=C(Br)C=CC(C(OCCCN2C(=O)C3=C(C=CC=C3)C2=O)=O)=C1)(=O)=O)C,0.003965280437842012
C1(C2C=CC=CC=2F)=C(C)C2=C(C=CC(CNC(=O)C3C=NC(=NC=3)NC)=C2)N1,0.0033010824234224858
C12C=C(SC=1N=CN=C2N1CCC(CC1)C(NCCCC1C=CC=CC=1)=O)CC,0.005385543429292738
C12N=CN=C(NCCC3=NC(O)=CC(N)=N3)C=1C(=C(C)S2)C,0.0035539473174139857
CC(NS(C1=CC(C(OCC#C)=O)=CC=C1)(=O)=O)(C)C,0.0034733643755316735
S1C(=CC=C1C1CCCN1CC1C=CSC=1)C(NCCSC)=O,0.007608959404751659
C12C=C(SC=1N=CN=C2N1CCC(CC1)C(=O)NCC1=CC=C(C=C1OC)OC)CC,0.005869279406033457
N1=C(N2CCCC(C2)OCC2C=CC=CN=2)C(N2CCOCC2)=NC2=NON=C12,0.007748942985199392
C12C=C(SC=1N=CN=C2N1CCC(CC1)C(=O)NC1C=CC(=CC=1F)Br)CC,0.0058652277570217844
CCNS(C1=CC(C(OCC(C2SC(CNC(C(C)(C)C)=O)=CC=2)=O)=O)=CC=C1)(=O)=O,0.007402078784070909
S(C)(=O)(=O)C1C=CC(=CC=1)C1=CC=CC(=C1)C1C=CN(CC2C=CC=CN=2)N=1,0.008702281257137656
CC(N1C(=O)C(=O)N(CC(C2=C(C)N(CCC3SC=CC=3)C(C)=C2)=O)C1=O)C,0.005266294302418828
C1(=NC=CC=C1CNC(=O)[C@@H](CC)NC(C)=O)N1CCN(CC1)C,0.004488954681437463
CC(N1C(=O)C(=O)N(CC(N2CCN(C(C3SC=CC=3)=O)CC2)=O)C1=O)C,0.0025314495665952562
C12C=C(SC=1N=CN=C2N1CCC(CC1)C(NCCCN(C)C1C=CC=CC=1)=O)CC,0.005422187247313559
C1(CN2CCC(CC2)CCC(=O)NCC2=CC=CC(=C2)C(F)(F)F)=NC=CN1CC,0.003595321695320308
C12C=C(SC=1N=CN=C2N1CCC(CC1)C(=O)NC1=C(C)C=CC(Cl)=C1)CC,0.005196293257176876
NC(C1=C(NC(CSC2=CC3=C(OCCCO3)C=C2)=O)SC(C2=CC=CC=C2)=C1)=O,0.00596676729619503
C1(C(=O)N2CCCC2)C=C2N(CCN(C3=CC=C(C=N3)C#N)C2)N=1,0.006142210576217622
C12C=C(SC=1N=CN=C2N1CCCC(C1)C(=O)NC1=CC=CC=C1OC)CC,0.00581352710723877
N1=C(NCCN2CCCC2)C2CCN(CC=2N=C1C1=CC=CN=C1)C(C)=O,0.006814947398379445
C12C=C(SC=1N=CN=C2N1CCCC(C1)C(=O)NC1=CC=C(C=C1)F)CC,0.005048530059866607
C1(=COC(C)=N1)C1=NC=CN1C(C)CN1C2C=CC=CC=2C=C1,0.007479611271992326
O=C1C2=C(SC=C2C2=CC=CC=C2)N=C(CSC2=CC3=C(OCCCO3)C=C2)N1,0.004843582771718502
C12C=C(SC=1N=CN=C2N1CCCC(C1)C(=O)NC1=CC=CC(Cl)=C1)CC,0.0047105413395911455
CCN1C(=O)N(CC2=CC=CC=C2)C(N)=C(C(CSC2=CC3=C(OCCCO3)C=C2)=O)C1=O,0.006517216470092535
C1(=CC=NN1C1CCN(CC1)C(=O)C1CCCCC=1)NC(=O)C1C=CC2=C(OCO2)C=1,0.006214580382220447
O=C1C2=C(C=CS2)N=C(CSC2=CC3=C(OCCCO3)C=C2)N1,0.004287230793852359
CCN(C1C(=O)NC(=O)N(CC2=CC=CC=C2)C=1N)C(CSC1=CC2=C(OCCCO2)C=C1)=O,0.003116867691278458
N1(C=CC=C1CN1CCN(C(CCO)C1)CCC(C)C)C1=CC=CC=N1,0.005465845670551061
CCN1C2=C(C=C(S(N(C)C)(=O)=O)C=C2)N=C1CSC1=CC2=C(OCCCO2)C=C1,0.0050273636588826776
C12C=C(C#N)C(=NC=1C=CN(CCCNC1=CC=CN=C1)C2=O)OC,0.0038553302292712033
C12C=C(SC=1N=CN=C2N1CCCC(C1)C(=O)NC1=CC=CC(=C1)C(F)(F)F)CC,0.003772440645843744
O=C1C2=C(SC(C3=CC=CC=C3)=C2)N=C(CSC2=CC3=C(OCCCO3)C=C2)N1,0.005033421842381358
N1C(C2C=CC(=CC=2)C)=C(C=NC=1N1CCN(CC1)C)C1=CC=CC=C1CC,0.009911751840263605
C12C=C(SC=1N=CN=C2N1CCCC(C1)C(=O)NC1CCCCC1)CC,0.00747578798327595
COC1=CC=C(C(C2=CC=CC=C2)NC(CSC2=CC3=C(OCCCO3)C=C2)=O)C=C1,0.009682453656569123
C1(=COC(COC2=CC=CC(OC)=C2)=N1)C(=O)NCC1C=C(F)C=CC=1C,0.005032278783619404
COC1=C(F)C=C(CN2CCN(C(CSC3=CC4=C(OCCCO4)C=C3)=O)CC2)C=C1,0.006925799348391592
C12C=C(SC=1N=CN=C2N1CCCC(C1)C(=O)NC1=CC=C(C(F)=C1)C)CC,0.005214743339456618
O=C(N1CCCC1)CN1CCN(C(CSC2=CC3=C(OCCCO3)C=C2)=O)CC1,0.009264885494485498
N(CC1CCN(CC1)CC1=CC=CC=C1F)(CC1CCCO1)C(=O)C1=CC=CO1,0.009212447609752417
C12C=C(SC=1N=CN=C2N1CCCC(C1)C(=O)NC1=CC=C(C(Cl)=C1)F)CC,0.0051476600579917434
CCS(N1C2=C(C=C(C(CSC3=CC4=C(OCCCO4)C=C3)=O)C=C2)CC1)(=O)=O,0.009261442348361015
N1=NC(=CN1C1CCN(CC1)CC1C=NN(C)C=1)C1=CC(F)=CC(F)=C1,0.006556244473904372
C12C=C(SC=1N=CN=C2N1CCCC(C1)C(=O)NC1=CC=C(C(Cl)=C1)OC)CC,0.005413279216736555
N1(CC2C=CC=CC=2)C(CC)CN(CCC1=O)C(=O)CN1CCC(CC1)O,0.00498056118376553
C12C=C(SC=1N=CN=C2N1CCCC(C1)C(=O)NC1=CC=C(C=C1OC)OC)CC,0.005782623845152557
C12C=C(SC=1N=CN=C2N1CCCC(C1)C(=O)NC1=CC=C(C(OC)=C1)OC)CC,0.005961558036506176
C1(=CN(N=N1)CCN1CCOCC1)C(=O)N1CCCN(C2CC3C(=CC=CC=3)C2)CC1,0.012172306980937719
C12C=C(SC=1N=CN=C2N1CCCC(C1)C(=O)NC1=CC=CC=C1F)CC,0.005417864397168159
C12C(=O)NCC(C)(C)CC=1NC(CCN1CCCC(C(N)=O)C1)=N2,0.0032513644895516337
C12C=C(SC=1N=CN=C2N1CCCC(C1)C(=O)NC1=CC=C(C=C1Cl)F)CC,0.005055436363909394
CC1SC=C(CC2OC(SCC(NC3SC4=C(C(=CC(=C4)C)C)N=3)=O)=NN=2)N=1,0.006682984996587038
C12C=C(SC=1N=CN=C2N1CCCC(C1)C(=O)NC1=CC=CC(OC)=C1)CC,0.005673379870131612
C1(=CNN=C1C(OC)=O)C1C(C)=C(C2=CC=C(C=C2)C)N=C(N)C=1C#N,0.0027723627164959906
C12C=C(SC=1N=CN=C2N1CCCC(C1)C(=O)NC1=CC(OC)=C(C(OC)=C1)OC)CC,0.006401716335676611
C1(=CN(N=N1)CC1C=CC=C(C=1)C(F)(F)F)C(=O)N(C)C(C)C1C=CC=CC=1OC,0.006309073907323182
C12C=C(SC=1N=CN=C2N1CCCC(C1)C(=O)NC1C(OC)=CC(=C(Cl)C=1)OC)CC,0.005377763067372143
N1(CCC(CC1)C(NCCCOC)=O)C1CCN(CC1)CC1=CC=CC(C)=N1,0.009878693800419568
C12C=C(SC=1N=CN=C2N1CCCC(C1)C(=O)NC1C=CC(=CC=1C)Br)CC,0.006323842261917889
C(=O)(C1C=CC(=C(C)C=1)C)N(CCN(C)C)CC1=CC=C(C)S1,0.012845986941829323
C12C=C(SC=1N=CN=C2N1CCCC(C1)C(=O)NC1C=CC2=C(OCCO2)C=1)CC,0.005700157582759857
CC1SC=C(CC2OC(SCC(NC3=C(C(N)=O)C=C(C4=CC=CC=C4)S3)=O)=NN=2)N=1,0.005262236995622516
C12C=C(SC=1N=CN=C2N1CCCC(C1)C(=O)N1CCCCCC1)CC,0.008444359363056719
C12C=C(SC=1N=CN=C2N1CCCC(C(=O)NCC2C=CC=CC=2OC)C1)CC,0.005785087193362415
CCN1C(=O)N(CC2=CC=CC=C2)C(N)=C(C(CSC2OC(CC3N=C(C)SC=3)=NN=2)=O)C1=O,0.00674767279997468
CC1SC=C(CC2OC(SCC(N3CCN(C(C4SC=CC=4)=O)CC3)=O)=NN=2)N=1,0.006535199680365622
C12C=C(SC=1N=CN=C2N1CCCC(C1)C(=O)N1CCN(CC1)C1C=CC=CC=1)CC,0.006573188351467252
N1=C(C)NC=C1CN1CCCC(C1)C(=O)C1C=CC=CC=1SC,0.00579519106540829
C12C=C(SC=1N=CN=C2N1CCCC(C(=O)NCC2=CC=C(C=C2)F)C1)CC,0.005196845438331365
C1(=CN=C(N=C1C)N(C)C)C(=O)N(C)CCCOC1C=CC(=CC=1)OC,0.007688089204020798
C12C=C(SC=1N=CN=C2N1CCCC(C(=O)NCC2=CC=CO2)C1)CC,0.006007501063868404
C12C=C(SC=1N=CN=C2N1CCCC(C1)C(=O)NC(C)C)CC,0.005429483391344548
CCS(N1C2=C(C=C(C(CSC3OC(CC4N=C(C)SC=4)=NN=3)=O)C=C2)CC1)(=O)=O,0.007938636257313192
C12C=C(SC=1N=CN=C2N1CCCC(C(NCCCOC)=O)C1)CC,0.004975944943726063
O=C(N1CCN(C(C2SC=CC=2)=O)CC1)COC1=CC=C(C2SC3=C(C=CC=C3)N=2)C=C1,0.006282614171504974
N1(C[C@@H](C[C@H]1C(=O)N(CC)CC)N)C(=O)COC1C=CC=C(OC)C=1,0.010015489999204874
C12C=C(SC=1N=CN=C2N1CCCC(C1)C(=O)NC1CCCCCC1)CC,0.007957656774669886
C12CN(CCN3CCOCC3)CCC=1ON=C2C1=CC=CC2=CC=CC=C12,0.012161020608618855
N1(C[C@@H](C[C@H]1C(NCC)=O)N)C(=O)CC1C=CC2=C(C=1)NC(CO2)=O,0.007914775423705578
C12C=C(SC=1N=CN=C2N1CCCC(C(NCCC2C=CC(=C(OC)C=2)OC)=O)C1)CC,0.006132409651763737
CC1=CN2C(=NC(=CC2=O)COC(C(N2C(C3=CC=CC=C3)=NN=N2)=CC2OC=CC=2)=O)C=C1,0.006149856792762876
C12C=C(SC=1N=CN=C2N1CCCC(C(=O)NCC2=CC=CC=N2)C1)CC,0.005059940763749183
N1=C(CNCCC2=NN=CN2CC)NC2=C(C(C)=CC=C21)C,0.0033986263908445833
C12C=C(SC=1N=CN=C2N1CCCC(C(=O)NCC2C=CC=NC=2)C1)CC,0.0048660125583410265
COC1=CC(C2=NN(CC(N(C3CCCCC=3)C3CC3)=O)N=N2)=CC=C1,0.008200810849666595
C12C=C(SC=1N=CN=C2N1CCCC(C1)C(=O)NC1=CC=C(C=C1)OCC)CC,0.005883940309286117
N1(CCCC(C1)CCC1=CC=CC=C1C)C(=O)CCN1CCCO1,0.003462735319044441
C12C=C(SC=1N=CN=C2N1CCCC(C1)C(=O)NC1=C(OC)C=CC(OC)=C1)CC,0.0057934371288865805
C1(N=CC2=C(CCN2C2C=CC=CC=2)N=1)N1CCC(N(C)C(C)=O)C1,0.009597406722605228
C12C=C(SC=1N=CN=C2N1CCCC(C1)C(=O)N1CCN(CC1)CC1C=CC=CC=1)CC,0.006772851035930216
C(=O)(N1CCNCCC1)C1CCCN(C2CCN(CC2)CC2C=CC=NC=2)C1,0.009914011252112687
C12C=C(SC=1N=CN=C2N1CCCC(C1)C(=O)N1CCN(CC1)C1=CC=CC=N1)CC,0.0060801682062447075
C12C=C(SC=1N=CN=C2N1CCCC(C1)C(=O)N1CCN(CC1)C1C=CC(=CC=1)F)CC,0.005558419623412192
CC(NC1SC(SCC2OC=C(O)C(=O)C=2)=NN=1)C,0.006712327152490616
C12C=C(SC=1N=CN=C2N1CCCC(C1)C(=O)N1CCN(CC1)CC1=CC=C2C(OCO2)=C1)CC,0.006055855844169855
C12C=C(SC=1N=CN=C2N1CCCC(C1)C(=O)N1CCN(CC1)CC)CC,0.0074591875774785875
C1(CN2CCN(C(CCO)C2)CC2C=CSC=2)C=NN(CC)C=1,0.00548369602765888
C12C=C(SC=1N=CN=C2N1CCCC(C1)C(=O)N1CCN(CC1)C1C=CC(=CC=1)OC)CC,0.006650609220378101
C1(=CN(N=N1)CC1C=CC(=CC=1Cl)F)C(=O)N(C)CC1C=C(NN=1)C1=CC=CC=C1,0.0038961578626185655
C12C=C(SC=1N=CN=C2N1CCCC(C1)C(=O)NC1C=C(C)C=CC=1OC)CC,0.006066690245643258
CCN(CCCN1C(=O)C2=C(C=CC=C2)N=C1SCC(NCCOC1=CC=CC=C1)=O)CC,0.006365701905451715
C12C=C(SC=1N=CN=C2N1CCCC(C1)C(=O)N1CCOCC1)CC,0.006040127575397491
C1(C(O)=O)=NN(C2CCC(CC1=2)NCC1=CC=C(C=C1)C)CC(C)C,0.010779949137941003
C12C=C(SC=1N=CN=C2N1CCCC(C1)C(=O)N1CCCCC1)CC,0.007917450391687453
C1(=NN=CN1C1C=CC=CC=1Cl)C(C)N1C=CC=N1,0.008852141490206123
CC(C1=CC=C(SCC2NC(=O)C3=C(C=CS3)N=2)C=C1)(C)C,0.004559593717567622
C12C=C(SC=1N=CN=C2N1CCCC(C1)C(=O)NC1C=CC(=CC=1)CC)CC,0.006024516490288079
N1(CCCC1C(NCCSC1NN=CN=1)=O)C(C1CCCCC1)=O,0.005735728610306978
C12C=C(SC=1N=CN=C2N1CCCC(C1)C(=O)NC1=CC=C(C=C1)C(C)C)CC,0.006364918383769691
C12C=C(SC=1N=CN=C2N1CCCC(C1)C(=O)NC1=CC(C)=C(C=C1OC)Cl)CC,0.005216614424716682
C1(C2C=CC=CC=2OC)=NOC(CCC(NCCCN2CCOCC2)=O)=N1,0.006788011081516743
C12C=C(SC=1N=CN=C2N1CCCC(C(NCCCN2CCN(CC2)C)=O)C1)CC,0.005730787385255098
C1(NCC(O)=O)N=CC(=CN=1)CN(CCC)CC1=CC=CN=C1,0.0049352667992934585
C12C=C(SC=1N=CN=C2N1CCCC(C(NCCN2CCCC2)=O)C1)CC,0.006539893080480396
C1(SC=CC=1C)CN(C1CCCC1)CC1=CC=C(CO)O1,0.007652884698472917
C=CCN1C(=O)C2=C(C=CC(C(OCC3NC(=O)C4=C(SC=C4C4=CC=CC=C4)N=3)=O)=C2)C1=O,0.002341710089240223
C(=O)(N1CCC(CC1)CCC(=O)N1CCCC1)C1C=COC=1,0.012033912679180503
CCN1C2=C(C=C(S(N(C)C)(=O)=O)C=C2)N=C1COC(C1=CC2=C(C(N(C2=O)CC=C)=O)C=C1)=O,0.0022287599742412565
C1(=NC=CC=C1CNC1CCOCC1)N(C)CC1C=CC=CC=1,0.00791334689129144
CC(NCC1SC(C(CSC2N(CC3OC=CC=3)C(=O)C3=C(C=CC=C3)N=2)=O)=CC=1)=O,0.007759499992243945
C12C=C(SC=1N=CN=C2N1CCCC(C(NCCCN2CCN(CC2)CC)=O)C1)CC,0.006018243846483529
O=C1C2=C(C=CC=C2)C(=O)N1CCCSC1N(CC2OC=CC=2)C(=O)C2=C(C=CC=C2)N=1,0.004523684759624303
C(=O)(N(CCC)CC1C=CC(=CC=1)OC)C1=CN=C(N=C1)OC,0.008293055510148407
COC1=C(F)C=C(C(COC(C2=CC3=C(C(N(C3=O)CC3OC=CC=3)=O)C=C2)=O)=O)C=C1,0.007440171483904123
CC1N(CCC2SC=CC=2)C(C)=C(C(CN2C(=O)C(C3=CC4=C(OCCO4)C=C3)(C)NC2=O)=O)C=1,0.0031545037869364022
C12C=C(SC=1N=CN=C2N1CCCC(C1)C(=O)N1CCN(CC1)C1=NC=CC=N1)CC,0.006490726629272104
CC1(C2=CC3=C(OCCO3)C=C2)C(=O)N(CC(N2CCN(C(C3SC=CC=3)=O)CC2)=O)C(=O)N1,0.0020962184004019945
N1C(C(C)C)=NOC=1C1CCCN1CC(=O)NC1=CC(OC)=CC(OC)=C1,0.008146116533316672
C12C=C(SC=1N=CN=C2N1CCCC(C(NCCCOC(C)C)=O)C1)CC,0.00529147086199373
CCN(C1CCCC=1)C(CN1C(=O)C(C2=CC3=C(OCCO3)C=C2)(C)NC1=O)=O,0.003379037242848426
N1C(CN(C)C(=O)C2=C(C)C=CC=C2OC)=NOC=1C1CC1,0.011204254999756812
C12C(C)=NOC=1N=CN=C2N1CCC(CC1)(O)C1=CC=C(C=N1)C,0.0072077680611982945
C12C=C(SC=1N=CN=C2N1CCCC(C(=O)NCC2=CC=CS2)C1)CC,0.006037523387931287
CCS(N1C2=C(C=C(C(CN3C(=O)C(C4=CC5=C(OCCO5)C=C4)(C)NC3=O)=O)C=C2)CC1)(=O)=O,0.0030216018785722554
C12C=C(SC=1N=CN=C2N1CCCC(C(=O)NCC2=CC=C(C)O2)C1)CC,0.006366023630835116
COC1=C(F)C=C(CN(C(COC2=C(N(=O)=O)C=C(Cl)C=C2)=O)C)C=C1,0.007229272136464715
C12C=C(SC=1N=CN=C2N1CCCC(C(NCCC(C)C)=O)C1)CC,0.0067298087989911435
N1=C2CCCCC2=C(CCNC(=O)C2=CC=C(O2)C#CC(C)(C)O)N1,0.009506443655118347
C12C=C(SC=1N=CN=C2N1CCCC(C(=O)NCC2=CC=C3C(OCO3)=C2)C1)CC,0.005641807965002954
CN1C2N(C(=NN=2)COC2=C(N(=O)=O)C=C(Cl)C=C2)C2=C(C=CC=C2)C1=O,0.004903921578079462
C12C=C(SC=1N=CN=C2N1CCCC(C(NCCC2=CC=C(C=C2)Cl)=O)C1)CC,0.005009955214336515
N1=C(CN(C)CC2NN=C(C(C)(C)C)C=2)ON=C1C1C=CC=CC=1C,0.007304644305258989
C12C=C(SC=1N=CN=C2N1CCCC(C(NCCCOCC)=O)C1)CC,0.005009758332744241
C1(C2=CC=CC=C2NN=1)C(=O)N1CCCC(CC2=CC=CC=C2C)(C(OCC)=O)C1,0.006380228861235082
C12C=C(SC=1N=CN=C2N1CCCC(C(=O)NCC2=CC=C(C=C2)OC)C1)CC,0.005818200344219804
N1C2=CC(C)=CC=C2NC=1CN(C)C(=O)C1CCCN(C2CCN(CC2)C)C1,0.004861772363074124
C12C=C(SC=1N=CN=C2N1CCCC(C1)C(=O)N1CCN(CC1)C1C(C)=CC=C(Cl)C=1)CC,0.0059542892500758175
N1C(C)=NNC=1SCC(=O)N(CC=CC1=CC=CC=C1)CC(C)C,0.005973863787949086
C12C=C(SC=1N=CN=C2N1CCCC(C1)C(=O)N1CCN(CC1)C1=CC=C(C=C1)Cl)CC,0.00578706911765039
C12C=C(SC=1N=CN=C2N1CCCC(C1)C(=O)NC1CCN(CC1)C(OCC)=O)CC,0.004633238061796874
CC(N1C2=C(C=C(C=C2)NC(COC2=C(N(=O)=O)C=C(Cl)C=C2)=O)CC1)=O,0.005292202276177704
C12C=C(SC=1N=CN=C2N1CCCC(C1)C(=O)NC1CC1)CC,0.006223084894008935
C1(C(=O)NC(C)(C)C)C=C(ON=1)CN1CCOCC1,0.007837313413619994
C12C=C(SC=1N=CN=C2N1CCCC(C1)C(=O)NC1CCN(CC1)CC1C=CC=CC=1)CC,0.006258932244963944
FC1=C(OCC2N(C3=CC=CC=C3)C(SC(C#N)CC3=CC=CC=C3)=NN=2)C=CC=C1,0.005426416223190245
C12C=C(SC=1N=CN=C2N1CCCC(C1)C(=O)NC1=CC=CC(=C1)C#N)CC,0.004059272399172187
FC1=C(OCC2N(C3=CC=CC=C3)C(SCC(N(C3CCCCC=3)C3CC3)=O)=NN=2)C=CC=C1,0.007992821745574474
C12C=C(SC=1N=CN=C2N1CCCC(C1)C(=O)NC1=CC=CC(CC)=C1)CC,0.005955958575941622
FC1=C(OCC2N(C3=CC=CC=C3)C(SCC(N(CC3SC=CC=3)CC=C)=O)=NN=2)C=CC=C1,0.006778094195760786
C12C(=CC=CC=1SC1=C(C=CC=C1)O2)C1=CC(O)=C2C(CN(CCO2)C(CN)=O)=C1,0.0066356741357594725
C12C=C(SC=1N=CN=C2N1CCCC(C(=O)NCC2CCN(CC2)CC2=CC=CC(C)=C2)C1)CC,0.006654105428606272
CC(NCC1SC(C(COC(CN2N=C(C(F)(F)F)C=C2)=O)=O)=CC=1)=O,0.007018697308376431
N1(CC(=O)NC2=NN=C(CC)S2)N=CC(=CC1=O)N(C)CC1=CC=CC=C1,0.005389206856489181
C12C=C(SC=1N=CN=C2N1CCCC(C(=O)NCC2=CC=C(C=C2)CC)C1)CC,0.006564252451062203
C12N=CC(=CN1N=CC=2C1=CC=CC=C1)CN1CCCC1CN1C=CC=N1,0.011746504437178373
C12C=C(SC=1N=CN=C2N1CCCC(C(=O)NCC2=CC=C(C=C2)C)C1)CC,0.006204278324730694
FC1=C(SCCCN2C(=O)C3=C(C=CC=C3)C2=O)C=CC=C1,0.003134218417108059
C1(CCOC1)(CNC1C=CC(=CC=1)CC#N)C1C=CC(=CC=1)F,0.00531032113940455
C12C=C(SC=1N=CN=C2N1CCCC(C(NCCCN2CCC3=C(C=CC=C3)C2)=O)C1)CC,0.005756172467954457
C1(=CC=NN1C1CCN(CC1)CC1CNC(=O)O1)NC(=O)C1=CC=C(C=C1)OC,0.0033894225722178816
C12C=C(SC=1N=CN=C2N1CCCC(C(NCCN2CCC3=C(C=CC=C3)C2)=O)C1)CC,0.006275764596648514
C1(C=C(C)C2C(=CC(=C(OC)C=2)OC)N=1)N1CCCC(CCC(N)=O)C1,0.007042961567640305
C12C=C(SC=1N=CN=C2N1CCCC(C1)C(=O)NC1CCCC1)CC,0.007114266185089946
C1(=CN(N=N1)CC1=CC=CC=C1Cl)C(=O)N1CCN(CC1)C1C=CC=C(OC)C=1,0.005588225461542607
C12C=C(SC=1N=CN=C2N1CCCC(C(=O)NCC2C=C(OC)C=CC=2OC)C1)CC,0.005776906060054899
CC(CN1C(=O)C2=C(C=CC(=C2)Cl)N=C1SCC(N(CC1SC=CC=1)CC=C)=O)C,0.007483094348572195
N1(CCC(CC1)CCC(=O)NC1C=CC(=CC=1OC)OC)C1CC2C(=CC=CC=2)C1,0.01019616350531578
C12C=C(SC=1N=CN=C2N1CCCC(C(NCCN2CCN(CC2)C2C=CC=CC=2F)=O)C1)CC,0.004527060710825026
N(C1C(C)=CC=CC=1C)C(=O)C1=CC=CC(=C1)CN(C)C(C)C1=CC=CO1,0.011625947803258896
C12C=C(SC=1N=CN=C2N1CCCC(C1)C(=O)NC1=CC(C)=CC=N1)CC,0.005239642574451864
C(=O)(C(C)(C)N)N1CCC(CC1)N1CCCC(C(=O)NCC2=CC=CN=C2)C1,0.009376115398481488
C12C=C(SC=1N=CN=C2N1CCCC(C(NCCN(C)CC2C=CC=CC=2)=O)C1)CC,0.006226628040894866
C12C=C(SC=1N=CN=C2N1CCCC(C(=O)NCC2=CC=CC(OC)=C2)C1)CC,0.005775474477559328
ClC1=CC2=C(N=C(N2)SCC(NCCOC2=CC=CC=C2)=O)N=C1,0.002400128694716841
C1(C(=O)N2C[C@@H]3[C@@H](CC=CC3)C2)=C(C)NC(C(C)=O)=C1C,0.013063897099345922
C12C=C(SC=1N=CN=C2N1CCCC(C(=O)NCC2=CC=CC(Cl)=C2)C1)CC,0.00469897516304627
ClC1C=C2C(=NC(=N2)SCC(N2CCN(CC(N3CCCC3)=O)CC2)=O)NC=1,0.0031205502396915107
C12C=C(SC=1N=CN=C2N1CCCC(C1)C(=O)NC1SC2=C(C=CC(OCC)=C2)N=1)CC,0.006106890714727342
C12C=C(SC=1N=CN=C2N1CCCC(C1)C(=O)NC1SC=C(C)N=1)CC,0.0057680605910718444
C1(N(C)C)N=CN=C(NCCC2=CC=CC=N2)C=1,0.005539550189860165
C12C=C(SC=1N=CN=C2N1CCCC(C1)C(=O)NC1=CC=C(C=C1)OC)CC,0.005790431913919747
CCN(C1CCCC=1)C(CSC1NC2=C(C=C(C=N2)Cl)N=1)=O,0.00372169460169971
C12C=C(SC=1N=CN=C2N1CCCC(C1)C(=O)NC1C=CC(=CC=1)Cl)CC,0.004692886909469962
C12C=C(SC=1N=CN=C2N1CCCC(C(=O)NCC2C=CC=CC=2Cl)C1)CC,0.004714834433980286
C1(=C(CC)C=NC(C)=N1)N(C)CC1(CCOCC1)CO,0.005323608638718724
N1(CCC2C=CC=CC1=2)C(=O)C1CCCN(C1)C1=NC=NC2SC(CC)=CC1=2,0.007304390147328377
N1=NC(=CN1C1CCN(CC1)C(=O)NC1=CC=CC=C1C1=CC=CC=C1)CO,0.002004095574375242
C12C=C(SC=1N=CN=C2N1CCCC(C1)C(=O)N1CCN(CC1)C1=CC=C(C=C1C)C)CC,0.007354906923137605
C12C=C(SC=1N=CN=C2N1CCCC(C1)C(=O)NC1SC=CN=1)CC,0.00530106402002275
N1(CCN2CCC(CC2)C2C=CC=CC=2)CC(CC1=O)C(O)=O,0.010299918614327908
C12C=C(SC=1N=CN=C2N1CCCC(C(NCCC2=CC=C(C=C2)C)=O)C1)CC,0.006578677985817194
C1(C=C(NN=1)COC1C=CC=CC=1OC)C(=O)N[C@@H]1C[C@H]2C[C@@H]1CC2,0.006575807748595253
C12C=C(SC=1N=CN=C2N1CCCC(C(NCCN2CCCCCC2)=O)C1)CC,0.007192384288646281
COC1=C(OC)C=C(C(OCCCN2C(=O)C3=C(C=CC=C3)C2=O)=O)C(NC(C)=O)=C1,0.004307225509546697
S(=O)(=O)(N1CCN(CC1)C)C1=CC(=CC(C(O)=O)=C1)C1C=CC2=C(NC=C2)C=1,0.0022352257510647178
C12C=C(SC=1N=CN=C2N1CCCC(C(NCCCN2CCC(CC2)N2CCCCC2)=O)C1)CC,0.006981642707251013
C1(=NOC(C2=CC=C(C=C2)C)=N1)C1=C(C)N=CC2CN(C(NCC)=O)CCC1=2,0.004841805109754205
CNC1=C(N(=O)=O)C=C(C(OCC2ON=C(C3=CC=C(Cl)C=C3)N=2)=O)C=C1,0.004056062689051032
C12C=C(SC=1N=CN=C2N1CCCC(C(NCCCN2CCN(CC2)C2C=CC=CC=2)=O)C1)CC,0.005215210909955204
CCOC(C1=C(COC(C2N=C3N(C(=CC=C3)C)C=2)=O)C2=C(C=CC=C2)O1)=O,0.00737733778078109
C12C=C(SC=1N=CN=C2N1CCCC(C(NCCCN2CCCCC2)=O)C1)CC,0.006484038569033146
CC1N2C(=NC(C(OCC3N4C(N(C(C5=C4C=CC=C5)=O)C)=NN=3)=O)=C2)C=CC=1,0.005704843066632747
C12C=C(SC=1N=CN=C2N1CCCC(C1)C(=O)NC1C=C(C)C=C(C)C=1)CC,0.006124775158241391
C12C=C(SC=1N=CN=C2N1CCCC(C(=O)NCC2C=CC=CC=2)C1)CC,0.005332244583405555
CC(NCC1SC(C(COC(C2N=C3N(C(=CC=C3)C)C=2)=O)=O)=CC=1)=O,0.0058913006447255615
C12C=C(SC=1N=CN=C2N1CCCC(C1)C(=O)NC1C=CC(=C(C)C=1)C)CC,0.00608438285999
C1(C2=CC=CC=C2Cl)OC(=C(CN(C)CC2NC3C(=CC=C(F)C=3)N=2)N=1)C,0.0026379430608358236
C12C=C(SC=1N=CN=C2N1CCCC(C(NCCC2C=CC=CC=2)=O)C1)CC,0.005777795845642686
CCCN1C2=C(C(=NC(C(C)C)=N2)SC(C(N(CC2=CC(F)=CC=C2)C)=O)C)C(=O)N(C)C1=O,0.0077579464763402935
C12C=C(SC=1N=CN=C2N1CCCC(C1)C(=O)NC1=CC=C(C=C1)C)CC,0.00561774056404829
CCCN1C2=C(C(=NC(C(C)C)=N2)SCC(N(C2CCCC=2)CC)=O)C(=O)N(C)C1=O,0.01027060062624514
C12C=C(SC=1N=CN=C2N1CCCC(C1)C(=O)NC1C=CC=CC=1)CC,0.005340140825137496
C12C=C(SC=1N=CN=C2N1CCCC(C1)C(=O)NC1C=C(C)C=CC=1C)CC,0.006025416916236282
C1(N(C)CC(C)CN2CCCC2)C2=CC=CC=C2N=C(CCN)N=1,0.011012723622843622
C12C=C(SC=1N=CN=C2N1CCCC(C(NCCN2CCC(CC2)C)=O)C1)CC,0.007111865561455488
CC(C(N(CC1=CC(F)=CC=C1)C)=O)OC(C=CC1=C(F)C=CC(Br)=C1)=O,0.010767046129330993
C12CN(CCC=1ON=C2C1=CC=CC2=CC=CC=C12)CC1=NOC(COC)=N1,0.011173953721299767
C12C=C(SC=1N=CN=C2N1CCCC(C(NCCN2CCCCC2)=O)C1)CC,0.006882642605341971
CCC1=C(C)C=C(C(OCC(C2=CC3=C(N(S(CC)(=O)=O)CC3)C=C2)=O)=O)S1,0.008493966050446033
N1(CCC(CC1)C(=O)NC1=CC=CC(C2C=CC=C(Cl)C=2)=C1)C(=O)CCSC,0.006081360904499888
C12C=C(SC=1N=CN=C2N1CCCC(C(NCCN2CCN(CC2)C2C=CC=CC=2)=O)C1)CC,0.005738673289306462
N1(CCOC(C2C=CC(=CC=2)Cl)C1)C(CCC1C=CC(=CC=1)O)=O,0.004605912626720965
C12C=C(SC=1N=CN=C2N1CCCC(C(=O)NCC2CCN(CC2)CC2C=CC(=CC=2)C)C1)CC,0.006728053255937993
C1(C(C)C)=NC=CN1CCCNC(=O)C1=CC=C(N=C1)N1CCCO1,0.0011680229508783668
C12C=C(SC=1N=CN=C2N1CCCC(C(NCCN2CCCC3=CC=CC=C23)=O)C1)CC,0.006684869411401451
S1C(C2CCCN2)=CC=C1C(=O)NC1=CC=CC=C1CN1C=CN=C1C,0.004425205243751407
C12C=C(SC=1N=CN=C2N1CCCC(C(=O)NCC2CCN(CC2)CC2=CC=CC=C2C)C1)CC,0.006679505156353116
C12C=C(SC=1N=CN=C2N1CCCC(C(NCCC2=CC=CO2)=O)C1)CC,0.006129641248844564
C12C=C(SC=1N=CN=C2N1CCCC(C(=O)NCC2CCN(CC2)CC2C=CC(=CC=2)F)C1)CC,0.005470166192390024
N1C2C=CC=CC=2NC=1C(C)NCC(=O)NC1=CC=C(C(OC)=C1)Cl,0.0026987810793798416
C12C=C(SC=1N=CN=C2N1CCCC(C(=O)NCC2=CC=C(CN3CCCCCC3)O2)C1)CC,0.0072540049208328124
C12C=C(SC=1N=CN=C2N1CCCC(C1)C(=O)NC1C=CC(=C(Cl)C=1)C)CC,0.005040189402643591
CC(NCC1SC(C(CSC2N(CC3OC=CC=3)C(=O)C3=C(SC4=C3CCC4)N=2)=O)=CC=1)=O,0.009083268605172634
C12C=C(SC=1N=CN=C2N1CCCC(C1)C(=O)NC1=CC=C(C=C1C)Cl)CC,0.004987991915550083
N1(CCNC(=O)C1CC(=O)NCC(C)=C)CC1=CC=C(C=C1Cl)F,0.004616723442450166
C12C=C(SC=1N=CN=C2N1CCCC(C1)C(=O)NC1C=CC=C(Cl)C=1C)CC,0.005024959694128484
CCC1C2=C(N=C(N(C2=O)CC2OCCC2)SC(C#N)CC2=CC=CC=C2)SC=1C,0.005805786765813536
C12C=C(SC=1N=CN=C2N1CCCC(C1)C(=O)NC1C=CC=C(C)C=1C)CC,0.006076618772931397
O=C(N1CCN(C(C2SC=CC=2)=O)CC1)CSC1NN=C(C2=CC=NC=C2)N=1,0.003084164357278496
C12C=C(SC=1N=CN=C2N1CCCC(C1)C(=O)NC1C=CC(=CC=1C)C)CC,0.006055611930787563
CCCCCC(N1C(=O)C2=C(C=CC=C2)N=C1SCC1N2C(N(C(C3=C2C=CC=C3)=O)C)=NN=1)C,0.008098318474367261
N1=NC(=CN1CC1=CN=CN1CC)CC1C(C)(C)CCCC=1C,0.015940293949097396
C12C=C(SC=1N=CN=C2N1CCCC(C(NCCCN2CCCC3=CC=CC=C23)=O)C1)CC,0.006125529971905052
CCCN1C(SCC2C3=C(C=C(C=C3)O)OC(=O)C=2)=NC=C1,0.003583136550150812
C12C=C(SC=1N=CN=C2N1CCCC(C1)C(=O)NC1C=C(OC)C=C(OC)C=1)CC,0.0059935245895758275
ClC1=CC=C(N2C(SCC3NC(=O)C4=C(C=CC=C4)N=3)=NC=C2)C=C1,0.0029423885687720032
C12C=C(SC=1N=CN=C2N1CCCC(C1)C(=O)NC1C=CC=C(C)C=1)CC,0.005573667655698955
C12C=C(SC=1N=CN=C2N1CCCC(C1)C(=O)NC1C=CC=C(F)C=1)CC,0.004984530014917254
CC(NCC1SC(C(COC(C2=CC3=C(NC(=C3C)C)C=C2)=O)=O)=CC=1)=O,0.005822548759169877
C1(=NC=NC2CNCCC1=2)N1CCC(CC1)CC(N)=O,0.005056344717741012
C12C=C(SC=1N=CN=C2N1CCCC(C(NCCCC2C=CC=CC=2)=O)C1)CC,0.005503495340235531
N1(CCCC1C(=O)NC1C=CC=C(C=1)N1C=CC=N1)C(=O)CN1C=CC(C)=N1,0.005438073980621993
C12C=C(SC=1N=CN=C2N1CCCC(C(=O)NCC2=CC=C(C=C2OC)OC)C1)CC,0.005585304740816355
N1C(N)=NC(=CC=1N1CCC(CC1)NS(C)(=O)=O)OC(C)C,0.0027862311340868472
C12C=C(SC=1N=CN=C2N1CCCC(C(NCCCN2CCCCCC2)=O)C1)CC,0.00675032208673656
C12C=C(SC=1N=CN=C2N1CCCC(C(NCCCN(C)C2C=CC=CC=2)=O)C1)CC,0.005368722276762128
COC1=CC(NC(CSC2NC(C)=CC(=N)N=2)=O)=CC=C1,0.0035124726709909737
C12C=C(SC=1N=CN=C2N1CCCC(C(NCCCN2CCN(CC2)C2CCCCC2)=O)C1)CC,0.0059800547081977126
N1C(CC)=C(C2C=C(F)C=C(CNC3C=NC=CN=3)C1=2)C,0.0036234597209841013
CC1=CC(NC(CSC2=NC(N)=CC(C)=N2)=O)=CC=C1,0.00404891831567511
COCCNC1SC(SCC(NC2SC3=C(C(=CC(=C3)C)C)N=2)=O)=NN=1,0.005650433409027755
N1(CCCC(C1)C1NN=CC=1CC1C=CC=CC=1)C(=O)C1(CCC1)N,0.007276246207766235
CN1C(=O)C(=O)N(CC(C2=C(C)N(CCC3SC=CC=3)C(C)=C2)=O)C1=O,0.004702056478708983
C(=O)(C1=CC=CC(=C1)CN(C)C(C)C1C=CC=CN=1)NC1=CC=CN=C1O,0.006192932440899313
CN1C(=O)C(=O)N(CC(N(C2CCCCC=2)C2CC2)=O)C1=O,0.004100542806554586
C1(NN=CC=1CNCC1=CN(N=C1C)CC=C)C1=CC=CS1,0.005565551505424082
CC(N1C(SCC(NC2SC3=C(C(=CC(=C3)C)C)N=2)=O)=NN=C1)C,0.006587909907102585
S(=O)(=O)(C1C=CC=NC=1)N1CCC(CC1)CCC(NCCN(C)C)=O,0.004820805101189762
COC1=CC=C(C(C2=CC=CC=C2)NC(CSC2N(C(C)C)C=NN=2)=O)C=C1,0.008969331113621592
C1(CN2CCCC(C2)N2CCCC2=O)C2=CC=CC=C2N(CC)C=1,0.011128667509183288
CC(CC(C1=CC=CC=C1)NC(CSC1N(C(C)C)C=NN=1)=O)C,0.010397467901930213
N1(C2C=CC=CC=2C=N1)C1C=NC(=C(C)C=1)N,0.005111635511275381
CC(N1C(SCC(NC2=CC3=C(N(C(C)=O)CC3)C=C2)=O)=NN=C1)C,0.006448341114446521
C1(OC(=NN=1)CCC)C(=O)N1CCCC(C1)CC1NC2=C(C=CC=C2)N=1,0.003107488830573857
CC1N(CCC2SC=CC=2)C(C)=C(C(CN2C(=O)C(C3=CC4=C(OCO4)C=C3)(C)NC2=O)=O)C=1,0.003035947144962847
C1(=NC=C(CN(C)CC2C(C)=NON=2)N1CC1=CC=CC=C1)S(=O)(=O)CCOC,0.006857896596193314
CC1(C2=CC3=C(OCO3)C=C2)C(=O)N(CC(N2CCN(C(C3SC=CC=3)=O)CC2)=O)C(=O)N1,0.0019640879705548286
N1(CC[C@H]([C@H](O)C1)C1=CC=C2C(C=CC=C2)=C1)C(=O)C(C)(C)N,0.003684452374000102
CC1(C2=CC3=C(OCO3)C=C2)C(=O)N(CC(N(C2CCCCC=2)C2CC2)=O)C(=O)N1,0.0032337131910026074
N1(CC2NC(=O)C=C(C3CCCNC3)N=2)C=NC2=CC(C)=C(C)C=C12,0.0034741222858428954
N1=C(C2=CC=C(C=C2)F)C(=CN1C1=CC=C(C=C1)C)CNC(CC)C1=CC=NC=C1,0.008634717762470245
N1C(C2C=CC(=CC=2)C)=C(C2=CC=NC=C2)C=NC=1N(C)CC1C=CN=CN=1,0.007994805369526148
C1(=NC=CC(NC)=N1)N1CCCC(CO)(CC2C=CC(=CC=2F)F)C1,0.0024191820877604185
C1(C(CC)=NOC=1C)C(=O)NCC1=CC=CN=C1N1CCCCCCC1,0.007802194217219949
C(=O)(C1C=CC=C(C=1)N1C=CC=N1)N(C)CC1=CC=NN1,0.004072106431704014
CCS(N1C2=C(C=C(C(CN3C(=O)C(C4=CC5=C(OCO5)C=C4)(C)NC3=O)=O)C=C2)CC1)(=O)=O,0.002981697756331414
C1(C2=CC=C(C=C2)C(C)N2CCOCC2)=NC=CC(CCC(F)(F)F)=N1,0.005711114150471985
CC1=NC(SCC(NC2=CC=C(Br)C=C2)=O)=NC(N)=C1,0.0046098937280476095
C(=O)(N1CCOC(C1)C(F)(F)F)C1C=CC=C2CCCNC=12,0.00586002486088546
CC1=NC(SCC2=CC=C(N(=O)=O)C=C2)=NC(N)=C1,0.0027749942732043565
N1=C(CNCC2=CSC(N)=N2)NC2=C(C(C)=CC=C21)C,0.002414884092286229
C1(=NC=CC=C1CNC(=O)CCN1CCOCC1)OC1=C(C)C=CC=C1C,0.006701254216022789
COC(C1=CC=C(CSC2=NC(N)=CC(C)=N2)C=C1)=O,0.005016428185626864
C1(C(=O)NCC2SC=CN=2)=CC(=O)NC2=CC=C(F)C=C12,0.002278154843952507
CC1=NC(SCC2=C(Cl)C=C(Cl)C=C2)=NC(N)=C1,0.004714242543559522
C1(C=C(ON=1)COC1C=CC(=CC=1)N1C=NC=N1)C(=O)N(C)CC1C=NN(C)C=1,0.008951484691351652
N1C(COC)=NOC=1C1=CC=C(N=C1)N(C)CCC1CCCCO1,0.008599686529487371
C12=NON=C1C=CC=C2CN1C[C@@H]([C@@H](N2CCOCC2)C1)O,0.0025949060451239347
C12CN(CCC=1ON=C2C1=CC=C(C=C1)Cl)C1CCN(CC1)CC1=CC=CC=N1,0.009480491420254112
CC1=NC(SCCCC(C2=CC=C(F)C=C2)=O)=NC(N)=C1,0.006902429368346929
C1(C=NN(C2=CC=C(C=C2)OC)C=1C)C1NC2=C(C=C(C=C2)N2C=NN=N2)N=1,0.0037325265817344188
C1(=NOC(CCC)=N1)N1CC2=C(C=NC(C(C)(C)C)=N2)C1,0.009869498061016202
CC(N(C1=CC=CC=C1)C(CSC1=NC(N)=CC(C)=N1)=O)C,0.005677266698330641
C1(=NC=C(C=N1)Cl)N1CCN(CC1)CC=CC1C=CC(=CC=1)OC,0.007277452060952783
CC1=NC(SCC(NC2=CC(C(F)(F)F)=CC=C2)=O)=NC(N)=C1,0.0027077369042672215
N1=C(C)NC=C1C1=CC=C(C(Cl)=C1)OC,0.003984530881280079
N1(CCCC(CO)(CC2=CC=CC=C2C)C1)CC1C=CC(=CC=1)OCCO,0.007377091865055263
CC1=NC(SCC2=CC(N(=O)=O)=CC=C2)=NC(N)=C1,0.0026807538815774024
C(=O)(C1C=CC(=C(OC)C=1)O)N1CCC(CC1)CCN1C=CC=N1,0.005541276163421571
CN(C1=CC=CC=C1)C(CSC1=NC(N)=CC(C)=N1)=O,0.004804010409861803
CC1CN(C(CSC2=NC(N)=CC(C)=N2)=O)CC(C)C1,0.005582997156307101
C(C(=O)N(C)CCC1CCOCC1)C1C(=O)NCCN1CC1=CC=CC(F)=C1,0.00684323962777853
CC1=NC(SCC(NCC2=CC=CC=C2)=O)=NC(N)=C1,0.003873134439345449
C1(C(=O)NCC2=CC=CN=C2OC2=CC=CC=C2)NN=C(C2=CC=CN2C)C=1,0.003970172011759132
CC1=NC(SCC(NC2=CC=C(F)C=C2)=O)=NC(N)=C1,0.003813235810957849
C1(C(=O)NCC2=CC(=NO2)CCC)=CC(=NN1C)C1=CC=CS1,0.0076153466245159505
N1(C2CCCC2)CCN(CC1CCO)CC1=CC=C(C(OC)=C1)O,0.003954241704195738
CC1=NC(SCC(NCC2CCCCC2)=O)=NC(N)=C1,0.006932608387432993
C12CN(CCC=1NN=C2C1C=CC(=CC=1)CCC)CC1C=NN2C=CC=NC=12,0.008790861419402062
C1(C(C2C=CC=NC=2)NC(NC=1C)=O)C(=O)N1CCOC2C=CC=CC=2C1,0.004288375575561077
N1(CC2=CC=CC=C2CC1C(N)=O)C(=O)C1=CSC(CCC)=N1,0.0068988293875008825
C1(CN(CC2C=CC=C(O)C=2)C2CC2)=CC2=CC=C(C=C2NC1=O)C,0.0035198458237573503
CCC1N(C(CSC2=NC(N)=CC(C)=N2)=O)CCCC1,0.0050948024028912185
C1(C(=O)NC2(CCCC2)CO)C=C(ON=1)CN1CCC2C(=CC=CC=2)C1,0.006498114019632339
CC1=NC(SCC(NCC2=CC=C(Cl)C=C2)=O)=NC(N)=C1,0.0033826532890088856
C1(=C(C)N=C(C)S1)CC(=O)N1CCCC(CCC(=O)NCC2=CC=C(C)O2)C1,0.00815936243161559
CC1=NC(SCC(NCC2OC=CC=2)=O)=NC(N)=C1,0.004279400501400232
C1(=O)N=CC=CN1CC(=O)N(CC=C)CC1C=CC=CC=1Cl,0.004689173540100455
C1(CN2CCC(CC2)OC2C=CC(=CC=2Cl)C(NCCOC)=O)C=NN(C)C=1C,0.006123116728849709
CC1=NC(SCC(NC2=CC=C(C(C)(C)C)C=C2)=O)=NC(N)=C1,0.0054326165234670045
C1(CNCC2(CCCCC2)O)=CC(OC)=CC=C1OCC(O)CN1CCC(CC1)O,0.0051226087380200624
CC1=NC(SCC(NC2=CC(Br)=CC=C2)=O)=NC(N)=C1,0.00455910568125546
C1(=CC2=C(C=CC=C2)S1)C(=O)N(CC)CC1C=NN(C)C=1,0.007971695880405605
C(=O)(C1CCN(CC1)C1CCN(CC1)CC1=CC=CC2OCOC1=2)NC1CC1,0.010726216854527593
CC1=CC=C(NC(CSC2=NC(N)=CC(C)=N2)=O)C=C1,0.004151357850059867
N1=C(C=C(N=C1N)C)C(=O)NCC1=CC=CN=C1OC1C=CC=CC=1C,0.00388027539011091
N#CC1=CC=C(C=C1)C1=CC=C(C=C1)CNCCCO,0.003569474065443501
CC1=NC(SCC(NC2=CC(Cl)=C(C)C=C2)=O)=NC(N)=C1,0.0035044331569224598
C12CCN(CC=1N=C(C)N=C2NCCC1SC(=C(C)N=1)C)C(C)=O,0.006850726739503443
CC1=NC(SCC(NC2=CC(C)=C(Br)C=C2)=O)=NC(N)=C1,0.0050093285273760555
C1(C2=CC(C)=CC=C2NN=1)C(=O)N1CCC(CC1)C1=NNC(=O)N1CC,0.0033042958239093423
COC1=CC=C(NC(CSC2NC(C)=CC(=N)N=2)=O)C=C1,0.003716900327708572
C1(CCN(CC1)CC#CC1C=CC=CC=1)(CC1C=CC=CC=1)C(OCC)=O,0.013339721085503697
C1(O)(CCN(CC1)CC1=CC=CC=C1C)C(O)=O,0.0073301155585795644
CC1=NC(SCC(NC2=CC(C#N)=CC=C2)=O)=NC(N)=C1,0.002994639246026054
CC1=NC(SCC(NC2=CC3=C(OCO3)C=C2)=O)=NC(N)=C1,0.004106994438916445
CC1=NC(SCC(NC2=CC(C(F)(F)F)=C(Cl)C=C2)=O)=NC(N)=C1,0.00280695702531375
C(C1CCC1)(=O)N1CCCN(CC2C(C)=CC(=C(C)C=2)C)CC1,0.01999902194365859
CC(C(NC1=CC(C(F)(F)F)=CC=C1)=O)SC1=NC(N)=CC(C)=N1,0.003129356657154858
C1(N2CCOC(C2)C(F)(F)F)C(=CC2=C(CCCC2)N=1)C#N,0.004778547463502036
COC1=C(NC(CSC2NC(C)=CC(=N)N=2)=O)C=CC=C1,0.003820955811534077
C1(OCC(O)CN2CCCCCCC2)=CC(OC)=CC=C1CNCCSC,0.00504308280069381
CC1=CC(C)=C(NC(CSC2=NC(N)=CC(C)=N2)=O)C(C)=C1,0.005279390397481621
C1(=C(CCC)C=NC(C)=N1)N1CCC(CC1)(F)F,0.005626156227663159
CSC1=C(NC(CSC2=NC(N)=CC(C)=N2)=O)C=CC=C1,0.003878876578528434
C1(=NC(CCN)=NC2SC(C)=C(C)C1=2)N1CC(C1)N1CCCCC1,0.009355948818847538
CC1=NC(SCC(NC2=C(Cl)C=CC=C2Cl)=O)=NC(N)=C1,0.0038925853907130657
CC1=CC(Br)=C(NC(CSC2=NC(N)=CC(C)=N2)=O)C=C1,0.00507769042160362
C1(CN(CC)C(=O)C2=CC=CC(=C2)NCC2C=CC(=CC=2)C)C=NN(C)C=1,0.009539286885410548
CC1=NC(SCC(NC2=CC=C(C#N)C=C2)=O)=NC(N)=C1,0.0030128868063911797
CC1=NC(SCC(NC2CCCCC2)=O)=NC(N)=C1,0.005821039364673197
N1(CCC2=CC=C(C=C2)F)CC(CC1=O)NCC1=CC=CC(OC)=C1,0.0058391100959852334
N1(CCCC(C1)N1CCN(CC1)CC1=CC=C2C(OCO2)=C1)C(=O)C1C=CSC=1,0.007837443752214313
C12=C(N=CN=C1SC(C(O)=O)=C2C)N1CC(C1)O,0.0013008027715841308
CC1=NC(SCC(NC2=C(Br)C=CC=C2)=O)=NC(N)=C1,0.004857699037529528
COC1=CC=C(C2N(C(CSC3=NC(N)=CC(C)=N3)=O)N=C(C3=CC=CC=C3)C2)C=C1,0.006005544657818973
C1(NC2=C(C=CC(=C2)C(OC)=O)N=1)C1=CC=CN1C1=CC=CC=N1,0.003408298024442047
CN(C(CSC1=NC(N)=CC(C)=N1)=O)C1CCCCC1,0.006940895621664822
C1(=CN(N=N1)CC1C(=CC=CC=1F)F)C(=O)N(C)CC1CCN(CC1)CC(C)C,0.00853190221823752
CC1=NC(SCN2C(=O)C3=C(C=CC=C3)N=N2)=NC(N)=C1,0.00345540443668142
CC1OC(C)CN(C(CSC2=NC(N)=CC(C)=N2)=O)C1,0.00467583613935858
S(NC)(=O)(=O)CCNC1C=C(OC)N=CN=1,0.003689620102522895
CC(C1C(C)=C(C(CSC2=NC(N)=CC(C)=N2)=O)NC=1C)=O,0.006334948167204857
CC1=NC(SCC(NC2=C(N(=O)=O)C=CC=C2)=O)=NC(N)=C1,0.0030472125858068467
N1N(C2C=CC(=CC=2)F)C=C(CNCC2=CN(N=C2C)C)C=1C1C=CC=CC=1Cl,0.007692213635891676
N1=C(N2CCCCCC2)C(N2CCN(CC2)CC(=O)N(C)C)=NC2=NON=C21,0.010092060128226877
CC1=NC(SCC(NCC2=CC=C(F)C=C2)=O)=NC(N)=C1,0.003486235556192696
C12N(C3CCCC3)N=C(C)C=1NC(C1C=CC(=NC=1)OC)=N2,0.0051756549975834785
CC(C(NC1=CC=C(C(C)=O)C=C1)=O)SC1=NC(N)=CC(C)=N1,0.006725324667058885
C(=O)(NC1C=CC=CC=1C)CC(=O)NC(CCSC)C(OC)=O,0.006474739708937705
CC1=NC(SCC2=C3C(C=CC=C3)=CC=C2)=NC(N)=C1,0.0058619334595277905
N1=C(C=C(N=C1C(F)(F)F)C(C)C)N1CCCC(CCOC)(C(O)=O)C1,0.005174174369312823
C1(C2CC(=O)NC3=CC4OCOC=4C=C23)=NC2C(=CC=CC=2)N1CC(C)C,0.00693498479668051
CC1=NC(SCCOC2=C(F)C=CC=C2)=NC(N)=C1,0.004898190218955279
CC1=NC(SCC(NC2=C(C#N)C3=C(CCCCC3)S2)=O)=NC(N)=C1,0.004138770303688944
C1(=COC2CCCC(=O)C1=2)C(=O)N(CC=C)CC#CC1=CC=CC=C1,0.017558200750499964
CC(C(NC1SC=C(C2=CC=CC=C2)N=1)=O)SC1=NC(N)=CC(C)=N1,0.0039850946166552605
COCCCNC(CSC1=NC(N)=CC(C)=N1)=O,0.003621644317172468
CC(CCNC(CSC1=NC(N)=CC(C)=N1)=O)C,0.005571157182566821
C1(C(C2C=CC=CC=2)C2=CC=CC=C2)=NOC(CN2CCCOC3C(=CC=CC=3C2)OC)=N1,0.014570607896894216
CC1=NC(SCC(NC2=CC3=C(OCCO3)C=C2)=O)=NC(N)=C1,0.004319009324535728
C12(CCCN(CC3C=CC=NC=3)C1=O)CCN(CC(C)=CC)C2,0.011257161898538471
COC1=C(OC)C=C(CNC(CSC2=NC(N)=CC(C)=N2)=O)C=C1,0.004896558483596891
C1(=CNN=C1C1C=CC2=C(C=CC(OC)=C2)C=1)CN1CCCCC1CO,0.0031570558552630247
COC(C1=C(C)OC(CSC2=NC(N)=CC(C)=N2)=C1)=O,0.005251433071680367
N1=C(C)C(=C(C)N1C)CCC(=O)N(C)C(C)C1=CC=CO1,0.013585168169811368
CC1=NC(SCC(N(C2=C(F)C=CC=C2)CCC#N)=O)=NC(N)=C1,0.0033385753791662864
C1(=O)N(CC(=O)NCC2=C(CC)N=C(C)S2)CC(=O)N1,0.001323264354141429
CC1=CC=C(CNC(CSC2NC(C)=CC(=N)N=2)=O)C=C1,0.004074953438248485
C1(C(C)=NON=1)C(=O)N1CCC(CC1)(CCCC1C=CC=CC=1)C(OCC)=O,0.01059756176546216
CC1=CC=C(NC(C(C2=CC=CC=C2)SC2=NC(N)=CC(C)=N2)=O)C=C1,0.005185166804585606
C1(C2C=CC=C(C=2)C#N)=NC=CN1CCCSC,0.004304725269321352
N1=NC=C(SCCNC2CCN(CC3=CC=CC=C3)C2)N1,0.004379706492181867
CN(S(C1=CC=C(NC(CSC2=NC(N)=CC(C)=N2)=O)C=C1)(=O)=O)C,0.0033849826781079174
N1=C(C(C)NC(CSC2NN=C(CC)N=2)=O)ON=C1C1=CC=CC=N1,0.004333648772444576
C12C(C)=C(SC=1N=C(N=C2N1CCN(CC1)C1N=CC=CC=1C#N)CCN)C,0.0051957824267447
CC(C(NC1=CC=C(Br)C=C1)=O)SC1=NC(N)=CC(C)=N1,0.005101869325153529
N1(CCN(C(C(O)=O)C1)C)C(=O)C(C)(C)OC1=CC=CC=C1OC,0.008183883735910058
COC1=C(C(NNC(CSC2=NC(N)=CC(C)=N2)=O)=O)C=C(Cl)C=C1,0.002200010191882029
C1(NC=CN=1)C1=CC=C(N=C1)OC1=CC=CC=C1,0.0029049948148895054
N1=CN(C(CCSC)=C1C1C=CC=CC=1)CC1CCOCC1,0.009809949109330774
CN(C(CSC1=NC(N)=CC(C)=N1)=O)C,0.004885435430333018
S1C(C(C)=O)=CC=C1C(=O)NCC1=CC(=NN1)C,0.006675218674354255
CCOC(C1C(C2CC2)=CSC=1NC(CSC1=NC(N)=CC(C)=N1)=O)=O,0.00423921572510153
C(=O)(N1CCCO1)C(C1=CC=CC=C1)N1C=NN=N1,0.0012805396414478309
CCOCCCNC(CSC1=NC(N)=CC(C)=N1)=O,0.0037337649264372885
C1(OC2C=CC(=CC=2)Cl)N(C)N=C(C)C=1C1NC=CN=1,0.0028535069432109594
COCC(NC(CSC1=NC(N)=CC(C)=N1)=O)C,0.004372042638715356
CC1=NC(SCC(NNC(C2=CC=CC=C2)=O)=O)=NC(N)=C1,0.0020553377456963063
N1C=NNC=1C1=CC=C2C(OCCO2)=C1,0.005679986765608191
COC1=CC=C(CNC(C(SC2=NC(N)=CC(C)=N2)C)=O)C=C1,0.004905099282041192
C1(C(NCCC(C)O)=O)C=C(ON=1)COC1C=CC(=CC=1)N1C=NC=N1,0.0033851700951345264
CCOC(C1=C(NC(CSC2=NC(N)=CC(C)=N2)=O)C=C(C2=CC=CC=C2)S1)=O,0.0038877936895005405
N1(CC)C(CC2CCN(CC2)C(=O)CCN2C=C(C=N2)C)=NN(C)C1=O,0.006785441632382571
CC1=NC(SCC(NC2=CC3=C(OC(O3)(F)F)C=C2)=O)=NC(N)=C1,0.002751808101311326
S(=O)(=O)(NCC1=CC=CN=C1OC1=CC=CC=C1)C1=CC=C(C)S1,0.003660471749026328
CC1=NC(SCC2C3=C(C=CC4=C3C=CC=C4)OC(=O)C=2)=NC(N)=C1,0.00472301768604666
C1(N(C)C)SC(=CN=1)CN1CCCC(C1)NC1=CC=C(C=C1)OC,0.007250120723620057
CCOC(C1=C(NC(CSC2=NC(N)=CC(C)=N2)=O)SC(C(NC)=O)=C1C)=O,0.004416201752610505
CC(C(NC1=CC2=C(OCCO2)C=C1)=O)SC1NC(C)=CC(=N)N=1,0.004016832960769534
N1C(=CSC=1SCC)CC(NCCC1=NC(O)=CC(N)=N1)=O,0.0033013525418937205
CC(C(NC1=CC2=C(OCO2)C=C1)=O)SC1=NC(N)=CC(C)=N1,0.00447008078917861
CC(C(NC1=CC=C(N(C)C)C=C1)=O)SC1NC(C)=CC(=N)N=1,0.004248461662791669
N1(CCCC(C1)C(=O)C1C=CC(=C(F)C=1)OC)C(CCC1=CC=CS1)=O,0.010056410962715746
CC(C(NCC1=CC2=C(OCO2)C=C1)=O)SC1=NC(N)=CC(C)=N1,0.004820436518639326
COC(C1OC(CSC2=NC(N)=CC(C)=N2)=CC=1)=O,0.004614682053215802
N1(C(CCN)=NNC1=O)C1C=CC=C(C)C=1C,0.003723247826565057
C1(=CC=C(COC)O1)C(=O)N(CC#CC1=CC=CC=C1)C1CCCC1,0.013391680596396328
N1(CC2=NC=CN2C(C)C)C2=CC(=CN=C2N(CCOCC)C1=O)C(O)=O,0.004661242477595806
CC(C(NC1=CC=C(OC(F)(F)F)C=C1)=O)SC1=NC(N)=CC(C)=N1,0.002502583112800494
C1(=C(C)C2C(=CC=CC=2)N1)C(=O)N1CCOC(C1)C(F)(F)F,0.003107045560318511
CC1=NC(SCC(NN2C(=O)C3(CCCCC3)NC2=O)=O)=NC(N)=C1,0.000940665730740875
N1(CCC(CC1)N1CCC(CC1)C(=O)NCC1=CC=CC=N1)C(C)CC(C)(C)O,0.01164367301389575
CC(C(NC1CCCCC1)=O)SC1=NC(N)=CC(C)=N1,0.006369546591304243
N(CC=C)(CC1C=CC=CC=1Cl)C(CCCN1CCOCC1)=O,0.008838841458782554
CC(C1=C(OCCSC2=NC(N)=CC(C)=N2)C=CC=C1)=O,0.008014680678024888
N1C(C2CC2)=NN(C2C=CN=C(C)C=2)C=1C1CCN(CC1)C1=NC=CC=N1,0.009037487627938389
CC(C(NCC1CCCCC1)=O)SC1=NC(N)=CC(C)=N1,0.00750503249000758
C(=O)(N1CCC(CC1)C#N)C1CCCN(C2CCN(CC2)CC2=CC=NC=C2)C1,0.007607505921623669
CC(C(NC1=CC=C(C(F)(F)F)C=C1)=O)SC1=NC(N)=CC(C)=N1,0.0030532601696904747
C1(C2C=CSC=2)=NOC(CCCNC(C)=O)=N1,0.0051453150110319255
CC(C(NC1=NC=C(Cl)C=C1)=O)SC1=NC(N)=CC(C)=N1,0.0033766023465432228
N1(C2CCCCC2)C=NN=C1CNCC1C=NC(=NC=1)C1=CC=CC(C)=C1,0.009305324871093035
CCOC1=C(OCC)C=C(NC(CSC2=NC(N)=CC(C)=N2)=O)C=C1,0.00516478642821312
C1(=NN=CN1C)SC1=CC=C(CN(CCOC)CC2=CC=CC=C2F)O1,0.008911793632432819
CCOC(C1=C(CSC2=NC(N)=CC(C)=N2)C(C#N)=C(N)S1)=O,0.003117445681709796
CC1=NC(SCC(N(C2SC=C(C3=CC=CC=C3)N=2)CC=C)=O)=NC(N)=C1,0.004632609570398927
N1(C2C(C)=CC=C(Cl)C=2)C(=O)NN=C1C1CCCN(C)C1,0.0033289263607002794
CC1=NC(SCC(N2C(C)(C)C(=O)NC3=C2C=CC=C3)=O)=NC(N)=C1,0.00539719887310639
C1(C2=CC=CC=C2NC(=O)C1)NC(=O)C1(CCC1)COC,0.011289652343839407
CCCN(C(CSC1=NC(N)=CC(C)=N1)=O)C1CS(=O)(=O)CC1,0.004721677233465016
C1(C=NN(CC(=O)NC2C=CN(CC3=CC=CC=C3)N=2)C=1)C1SC=CN=1,0.004678456205874681
COC1=C(NC(C(SC2=NC(N)=CC(C)=N2)C)=O)C=CC=C1,0.004838520300108939
CC(C(NC1CCCC1)=O)SC1=NC(N)=CC(C)=N1,0.005888967378996313
CC1=NC(SCC(N2C3=C(C=CC=C3)SCC2)=O)=NC(N)=C1,0.004753049416467548
CN(C(CSC1=NC(N)=CC(C)=N1)=O)CC1=C(Cl)C=CC=C1F,0.004489972745068372
CC(N(C1=CC(C)=C(C)C=C1)C1SC=C(CSC2=NC(N)=CC(C)=N2)N=1)=O,0.0055808320874348285
N1(CC2SC=CN=2)C(=O)C(NC1=O)(CCCC1C=CC=CC=1)C1CCNCC1,0.0023501246236264707
CCN(C(CSC1=NC(N)=CC(C)=N1)=O)C1CS(=O)(=O)CC1,0.004375048074871301
N1(C2=CC=CC=C2C)C=C(C=N1)C1CC(=O)NC2=CC(=CC=C21)NC(C)=O,0.006255206628702581
CC1=NC(SCC2=C(C)C=CC=C2)=NC(N)=C1,0.006360446009784937
CCC1=C(Cl)C=C2C(OC(C=C2CSC2=NC(N)=CC(C)=N2)=O)=C1,0.00438989078393206
CC1=NC(SCC2C3=C(C=C(C(=C3)C)C)OC(=O)C=2)=NC(N)=C1,0.005249761883169413
N1(C2C=CC=NC=2)C(SCC(O)=O)=NN=C1C(C)OC(C)C,0.007196553982794285
CN(C(CSC1=NC(N)=CC(C)=N1)=O)CC(NC1=C(Cl)C=CC=C1)=O,0.004913213476538658
CCOC(C1C(CC)NC(=O)NC=1CSC1=NC(N)=CC(C)=N1)=O,0.00404274674365297
N1C(NCCCC2=NN=C(N)S2)=NC=CC=1N1CCCC(O)C1,0.0011787787574576215
COC1=C(CSC2=NC(N)=CC(C)=N2)C=CC=C1,0.006511810421943665
COC1=CC=C(N2CCN(C(CSC3=NC(N)=CC(C)=N3)=O)CC2)C=C1,0.0048389899311587214
C(F)(F)(F)C1=CC=CC(CC2CN(CCO2)CCCN2C=CC=N2)=C1,0.005721334624104202
C12CN(CCC=1N(N=C2C(O)=O)C)S(=O)(=O)C1C=CC(=CC=1)N1C=CC=N1,0.0054412422934547065
N1(C2CCCCCC2)CC(CC1=O)NC(CCC1C=NC=CN=1)=O,0.010640804562717677
CCOC(C1=C(CSC2=NC(N)=CC(C)=N2)N=C2C(C=CC=C2)=C1C)=O,0.005413845391012728
N1C(CN(C)C2C=CC(=NN=2)C2=NC=CN2C)=CSC=1C1=CC=CS1,0.007264754828065633
N1=C(CNCC2=CC=CC=N2)ON=C1C1C=CC(=CC=1)C(O)=O,0.004065279534552246
CCNC(NC(C(C1=CC=CC=C1)SC1=NC(N)=CC(C)=N1)=O)=O,0.0011956010712310672
C1(=CC=NN1C1CCN(CC1)CC1C=NN(C)C=1)NC(=O)C1C=CC=CC=1C,0.006373029039241374
CCN(C(C1=CC=C(NC(CSC2=NC(N)=CC(C)=N2)=O)C=C1)=O)CC,0.004744098603259772
N1=C(CNC(=O)CC2=COC3=CC=C(CC)C=C23)C2=C(CCC2)N1,0.008317941287532448
C1(C(=O)N2CCC(CC2)CCC(=O)NC2=CC=CC=C2)=C(C)C2C(=CC(=CC=2)C)O1,0.008239804231561721
C12CN(CCC=1N(N=C2C(O)=O)CC(C)C)C(CCC1=NNC(C)=N1)=O,0.004703701171092689
N1(CC2=C(C=NC(CC(C)C)=N2)C1)C(=O)COC1=CC=CC=C1Cl,0.010045187966898083
CC1=NC(SCC(NC2=CC(Br)=C(C)C=C2)=O)=NC(N)=C1,0.005024981964379549
CC1SC2=C(C=CC=C2)N(C(CSC2=NC(N)=CC(C)=N2)=O)CC1,0.0054813723778352145
C(=O)(C1=CC=C(N=C1)N1CCC(CC1)C(N)=O)N1CCCC(C2C=CC=CC=2)CC1,0.0066201229812577365
CC1=NC(SCC(NC2=CC3=C(OCCCO3)C=C2)=O)=NC(N)=C1,0.004735817131586373
C1(C(=O)OC2=CC=CC(=C2)C(F)(F)F)=C(Cl)C2C(=CC=CC=2)S1,0.004518682742491365
N1(CC[C@H]2N(C)[C@H](CC2)C1)C(COCC(F)(F)C(F)F)=O,0.005095483752666041
C1(C(=O)OC2C=CC=C(F)C=2)=C(Cl)C2C(=CC=CC=2)S1,0.00468928455375135
CC1=CC=C(C2CC(C3OC=CC=3)N(C(CSC3=NC(N)=CC(C)=N3)=O)N=2)C=C1,0.006575985392555594
C1(C(=O)OC2C=C(C)C=C(C)C=2)=C(Cl)C2C(=CC=CC=2)S1,0.0062919816467911
C1(C(=O)OCC2C=CC(=C(F)C=2)F)=C(Cl)C2C(=CC=CC=2)S1,0.005405321228317916
C1(=O)C(C2CCN(CC2)C2=CC=C(N=N2)C)(C2=CC=CN=C2)NC(=O)N1,0.0019244203285779804
C1(SN=NC=1C)C(=O)N1CCC2(CCCN(CC3=CC=C(C=C3)F)C2=O)C1,0.00677812653593719
C1(C=CC2C(=CC=C(OC)C=2)C=1)C1OCCN(CCOCC)C1,0.011593680735677481
C(=O)(C1OC=CC=1C)N1CCOC2=C(C=C(C=C2C1)C1=CC=C(C)S1)O,0.005261813686229288
C1(C(=O)OC2=CC=C3C(C=CN=C3)=C2)=C(Cl)C2C(=CC=CC=2)S1,0.004969650087878108
COC1=CC=C(C2CC(C3OC=CC=3)N(C(CSC3=NC(N)=CC(C)=N3)=O)N=2)C=C1,0.005980478227138519
C1(=CNC(C)=N1)C(=O)N(CCCC)CC1C=CC=C(OC)C=1,0.004433049750514328
CC1=NC(SCC(NC2=C(SCC#N)C=CC=C2)=O)=NC(N)=C1,0.002420364041472567
C(=O)(CN1CCOCC1)N(CC)CC1C=CC=CC=1OCC=C,0.010609986260533333
CC1=NC(SCC(NC2=C(C)C=C(Br)C=C2)=O)=NC(N)=C1,0.005005979747511447
N1(C(C)C(NCCC2N(C)N=CN=2)=O)C2=CC=CC=C2N=C1CCC,0.005891323066316545
CC1=NC(SCC2=C(C)N=C3C(C=CC=C3)=N2)=NC(N)=C1,0.0060831928625702855
C1(C(=O)OC2C=CC(=CC=2)OCC)=C(Cl)C2C(=CC=CC=2)S1,0.006028026714920998
N1(C)[C@](C)(C(O)=O)C[C@H](C(=O)N2CCCC2)[C@@H]1C1=CC=CC=C1Cl,0.008635051501914858
C1(C(=O)OC2=CC=CC=C2)=C(Cl)C2C(=CC=CC=2)S1,0.005591310071758926
CC1N(C(CSC2=NC(N)=CC(C)=N2)=O)C2=C(C=CC=C2)NC(=O)C1,0.004734291066415608
N1(CCN(C(C2C=CC=CC=2)C1)C)C(=O)C1(N)CC1,0.013742012670263648
C1(C(=O)OC2=CC=C(C=C2)OCCC)=C(Cl)C2C(=CC=CC=2)S1,0.0065485630184412
C(=O)(N1CCOC(C1)C(F)(F)F)C1=CN=C(N=C1C)N1CCCCC1,0.0052172431722283365
CC1=NC(SCC(N2C(C3OC=CC=3)CC(C3OC4=C(C=CC=C4)C=3)=N2)=O)=NC(N)=C1,0.0059558523818850516
N1(C)C(COC2=CC=C(C=C12)C(NCCOC)=O)CC(=O)NC1CC1,0.006921315286308527
CC(N(C1=C(C)C(C)=CC=C1)C1SC=C(CSC2=NC(N)=CC(C)=N2)N=1)=O,0.005473533389158547
N1(CCN(CC1)C1C=CC=CC=1F)[C@@H]1CCN(C[C@H]1O)CC1=CC=CC(C)=C1,0.00299011004390195
CC1=NC(SCCN2S(=O)(=O)C3=C(C=CC=C3)C2=O)=NC(N)=C1,0.00430494116153568
N1C2=CC=CC=C2SC=1CN1CCN(C(CCO)C1)CC1C=CSC=1,0.004129935440141707
C1(C(=O)OC2C=CC=C(OC)C=2)=C(Cl)C2C(=CC=CC=2)S1,0.005583655415102839
N1(CCC(CC1)CNC[C@@H]1CCCN2CCCC[C@@]21[H])C(C(C)C)=O,0.014515749691054226
C12=C(CCN(C(=O)C(=O)CC(C)C)C1)ON=C2C1=CC=C(C(F)=C1)F,0.01090927803888917
CC(C1C2CC(CC2)C1)NC(NC(CSC1=NC(N)=CC(C)=N1)=O)=O,0.0022263016726356
C1(CN(CC)CC2CCN(CC2)CCC2C=CC=CC=2C)=NC=CN1CC,0.012109108828008175
CC(N(C1=C(Cl)C=C(C)C=C1C)C1SC=C(CSC2=NC(N)=CC(C)=N2)N=1)=O,0.00495686181820929
C1(C(=O)OC2C=C(C)C=CC=2Cl)=C(N)C2C(=CC=CC=2)S1,0.0034288996015675367
CC1=NC(SCC2OC(C3=CC=C(Cl)C=C3)=CN=2)=NC(N)=C1,0.0035982541972771286
C1(=CC=C(C=C1OC1CCN(CC1)CC=CC1=CC=C(C=C1)F)OC)C(=O)NC1CC1,0.00674378196708858
C1(C(=O)OC2=CC=C(C=C2)C(OCC)=O)=C(N)C2C(=CC=CC=2)S1,0.004382176348008216
N1=C(C2=CC=C(C(OC)=C2)F)OC(C)=C1CN(C)CC1ON=C(C2=CC=CC=C2)N=1,0.007311047287657857
CC1=CC(N(C(CSC2=NC(N)=CC(C)=N2)=O)CC2=CC=CC=C2)=CC=C1,0.005947222397662699
C1(C(=O)NCC2C=C(F)C=C(F)C=2)=CN(N=N1)C1CCCCC1,0.007203573337756097
C1(C(=O)OCC2C=CC(=C(F)C=2)F)=C(N)C2C(=CC=CC=2)S1,0.003656219970434904
C1(C(=O)OC2=CC=C3C(C=CN=C3)=C2)=C(N)C2C(=CC=CC=2)S1,0.0033262047567404807
C1(CN(CC)CC)=C(CC)OC(C(NCCN2C=CC=N2)=O)=C1,0.009540545847266912
CC(C1=CC=C(Br)C=C1)NC(CSC1=NC(N)=CC(C)=N1)=O,0.005617462261579931
CC1=NC(SCC(N2N=C(C3=CC=CC=C3)CC2)=O)=NC(N)=C1,0.005192400678060949
N1(CC2C(=CC=CC=2)C1=O)C(CC)C(=O)N1C[C@H]2[C@H](CC=CC2)C1,0.013227479020133614
CC(C(NCC(NC1=C(F)C(F)=C(F)C=C1)=O)=O)SC1=NC(N)=CC(C)=N1,0.004958103760145605
C1(=COC(COC2=CC=C3C(OCO3)=C2)=N1)C(=O)N(CC)CC(C)=C,0.008110895822755992
CC(N(C1=CC=CC=C1)C1SC=C(CSC2=NC(N)=CC(C)=N2)N=1)=O,0.004832778463605791
N1=C(N(C)C)C(C)=CN=C1N(C)CC1NC2=C(C=CC=C2)N=1,0.0030099376279395075
C1(=NC=CC=C1CNC(=O)CN1C=CC=N1)N(C)CC1C=CC=CC=1,0.0050440784078091385
CCN(C1SC=C(CSC2=NC(N)=CC(C)=N2)N=1)C(C)=O,0.00446802512742579
C1(C=CC=C2C=CC=NC=12)C1C=CC=CC=1CO,0.004963921802118421
CC1=NC(SCC2=C(Cl)N=C3C(C=CC(=C3C)C)=C2)=NC(N)=C1,0.005652233911678195
C(=O)(NC1CC1)C1CCCN(C2CCN(CC2)CC2C=CC(=CC=2)OC)C1,0.011160126235336066
C1(N)N(C2=CC=C(C=C2)C(=O)N2CCN(CC2)C2=CC=C(C=C2)Cl)N=CC=1C(OCC)=O,0.00373386824503541
C1(C=C(ON=1)COC1C=CC=C2C=CC=NC=12)C(=O)N(C)CC1C=NN(C)C=1,0.009425179893150925
C1(N)N(C2C=CC(=CC=2)C(=O)N2CCC(CC2)C(OCC)=O)N=CC=1C(OCC)=O,0.005409703124314547
N1(CCC(N)=O)C2C=CC=CC=2C(CNCCNC(=O)C2C=CC=CC=2Cl)=C1,0.005445196409709752
COC1=C(OC)C(C2SC=C(CSC3=NC(N)=CC(C)=N3)N=2)=CC=C1,0.005937929381616414
C(=O)(NCC(=O)NC1=CC(C)=CC=C1OC)C1(CCCO1)C,0.007893393794074655
C1(N)N(C2=CC=C(C=C2)C(=O)N2CCCCCC2)N=CC=1C(OCC)=O,0.005471592233516276
N1(CC(N)=O)C2C=CC=CC=2C(CNCCNC2=CC=CN=C2)=C1C,0.005151762999594212
CC(C1=CC2=C(OCCO2)C=C1)NC(CSC1=NC(N)=CC(C)=N1)=O,0.005254779034294188
C1(OC(=C(CN2C3N=CC=CC=3C=N2)N=1)C)C1=CC(OC)=CC=C1F,0.005924366670660675
C1(N)N(C2C=CC(=CC=2)C(=O)N2CCN(CC2)C2C=CC=C(OC)C=2)N=CC=1C(OCC)=O,0.0039803068153560165
CC(C1=CC2=C(C=CC=C2)C=C1)NC(CSC1=NC(N)=CC(C)=N1)=O,0.0049767689779400826
C12(CCCN(CCOC)C1=O)CCN(C(C(C)C)=O)C2,0.011776715936139225
C1(N)N(C2=CC=C(C=C2)C(=O)N2CCC(CC2)C)N=CC=1C(OCC)=O,0.004545849864371121
CC1=NC(SCC2=CC=C(C(NC3=CC=CC=C3)=O)C=C2)=NC(N)=C1,0.004812160553410649
C1(=NC=CN1CCC1CCCCC=1)C1=CC=C(CO)O1,0.0057407953077927235
C1(N)N(C2=CC=C(C=C2)C(=O)N2CCN(CC2)C2C=CC=CC=2)N=CC=1C(OCC)=O,0.0044337382540106775
C1(N(C)CC(COC)O)N=C(C)C2C(=CC3=C(CCC3)C=2)N=1,0.004856415302492678
CC1=NC(SCC2=C(Cl)C(C)=C3C(C=CC=C3)=N2)=NC(N)=C1,0.005129088170360774
C(C(=O)N(C)CCC1C=NNC=1)C1C(=O)NCCN1CC1=CC=CC=C1OCC,0.00491357825230807
C1(=CNN=C1C1=CC=CC(C)=C1)C(=O)N1CC[C@@H](C[C@@H]1C(O)=O)O,0.0012451020302250981
C1(N)N(C2=CC=C(C=C2)C(=O)N2CCCC2)N=CC=1C(OCC)=O,0.004673633608035743
C1(=NOC(CC2CCS(=O)(=O)C2)=N1)C1=C(C)N=CC2CNCCC1=2,0.006415454740636051
C1(N)N(C2C=CC(=CC=2)C(=O)N2CCN(CC2)C2C=CC=C(Cl)C=2)N=CC=1C(OCC)=O,0.0036866743583232166
CC1=NC(SCC(NC(NC2=C(F)C=CC=C2)=O)=O)=NC(N)=C1,0.0010958905011648312
N1(CCN(CC1CCO)CC1=CC=CC2OCOC1=2)CC1C=CSC=1,0.0047960270778276025
C1(N)N(C2=CC=C(C=C2)C(=O)N2CCN(CC2)C2CCCCC2)N=CC=1C(OCC)=O,0.0054149365751072764
CC1=NC(SCC(N(C2CCCCC=2)C2CC2)=O)=NC(N)=C1,0.00759087020996958
N1(CCC2(CC1)CNC(=O)C2)C(=O)CC1C=C(OC)C(=C(OC)C=1)OC,0.009620169945992529
CC1=NC(SCC(N2CCN(C3=CC=C(N(=O)=O)C=C3)CC2)=O)=NC(N)=C1,0.0026977199187967925
C1(C=C(NN=1)COC1C=CC=CC=1OC)C(=O)N(C)C(C)C(C)C,0.008054493460804224
C1(N)N(C2=CC=C(C=C2)C(=O)N2CCN(CC2)C2C=C(C)C=CC=2C)N=CC=1C(OCC)=O,0.004850829252973199
C1(=C(C)C=NN1C(CC)CC)NC(=O)[C@@H]1C[C@@H](C)NC(=S)N1,0.007494420628063381
CC1=CC=C(C2=NOC(NC(CSC3=NC(N)=CC(C)=N3)=O)=C2)C=C1,0.004132941213902086
C(=O)(COC1=CC=CC(=C1)NC(CC)=O)N(C)CCCC1CCCO1,0.00977237350307405
N1(C2C=CC=CC=2C=N1)C1C=CC=CC=1CC(O)=O,0.006716500408947468
CC(C1SC=CC=1)NC(CSC1=NC(N)=CC(C)=N1)=O,0.003765116143040359
C1(N)N(C2=CC=C(C=C2)C(=O)N2CCN(CC2)C2C(C)=CC=C(Cl)C=2)N=CC=1C(OCC)=O,0.0039213266223669056
N1N=C(OC=1C1C=CC2=C(OCO2)C=1)CCC(=O)N(CC#C)C1CCCCC1,0.009045987855643034
COC1=C(F)C=C(CN(C(CSC2=NC(N)=CC(C)=N2)=O)C)C=C1,0.005161534971557557
C1(N)N(C2C=CC(=CC=2)C(=O)N2CCN(CC2)C)N=CC=1C(OCC)=O,0.004431436327286065
C1(N)N(C2=CC=C(C=C2)C(=O)N2CCOCC2)N=CC=1C(OCC)=O,0.004263590672053397
C(=O)(C1C=NC(=NC=1)CC)N(CCN(C)C)CC1=CC=C(C)S1,0.00866257594898343
CC1=NC(SCC(N2CCN(C(C3SC=CC=3)=O)CC2)=O)=NC(N)=C1,0.003545257030054927
C(=O)(C1=CC=CN=C1OCC)N1[C@H]2CC[C@@H]1CC(NC2)=O,0.00551100904121995
CC1=NC(SCC(NC2=CC3=C(OC4(O3)CCCCC4)C=C2)=O)=NC(N)=C1,0.0057411421556025745
C1(N)N(C2C=CC(=CC=2)C(=O)N2CCN(CC2)CCC)N=CC=1C(OCC)=O,0.004817359964363277
C(=O)(C1=CC=C(N=C1)NCCCSC)N1CCCN(CC1)C1N=CC=CN=1,0.005401127971708775
CC1=CC=C(S(N2CCC(C(OCCCN3C(=O)C4=C(C=CC=C4)C3=O)=O)CC2)(=O)=O)C=C1,0.0033819728065282106
C1(N)N(C2=CC=C(C=C2)C(=O)N2CCC(CC2)CC2C=CC=CC=2)N=CC=1C(OCC)=O,0.004862398630939424
CCN(C1CCCC=1)C(CSC1N(CC)C2=C(C=C(S(N3CCOCC3)(=O)=O)C=C2)N=1)=O,0.005539586255326867
C1(N)N(C2=CC=C(C=C2)C(=O)N2CCC(CC2)N2CCCCC2)N=CC=1C(OCC)=O,0.005558376759290695
C1(C2N=CC=C(C3CCN(CC4=CC=CO4)C3)C=2)=CC2=C(C=CC=C2)S1,0.011579557880759239
C1(=C(C)C(=NN1)CC)C(=O)N1CCCC(C1)C1=NNC(=O)N1CC,0.0033094842336140575
C1(C=C(ON=1)COC1C=CC=CC=1SC)C(=O)N1CCSCC1,0.008649704232811927
CC1=C(C)C=C2C(OC=C2CC(OCC2N3C(N(C(C4=C3C=CC=C4)=O)C)=NN=2)=O)=C1,0.008961464231833815
N1(CCC(CNC(C2CCC2)=O)C1)CC(C)=CC1=CC=CO1,0.013056641072034835
C1(C=NC2N(N=CC=2)C=1C)C(=O)N1CC2=C(C=NC(CC(C)C)=N2)C1,0.010900226328521967
COC1=C(C(O)=O)C=C(CNC(COC2=C(Cl)C=C(C3=CC=CC=C3)C=C2)=O)C=C1,0.005519086122512817
N1(CCN(C(=O)C1C)CC(O)=O)C(=O)C1C=CC=C(C=1)OCC(C)=C,0.006420362135395407
CCN(C1CCCC=1)C(CSC1N(C)C(C2=CC=C(C)C=C2)=NN=1)=O,0.012872192449867726
C(=O)(NC(C)CC1=CC=NC=C1)CCN1CCCCCCC1,0.01055126404389739
C1(N)N(C2C=CC(=CC=2)C(=O)N2CCN(CC2)C2=CC=CC=N2)N=CC=1C(OCC)=O,0.003660358348861337
N1C2=CC=CC=C2SC=1CNC(CCC(=O)NC1C=C(C)C=CC=1F)=O,0.005050620494876057
C12N=C(OC=1N=C(C)N=C2N(CCOC)CC1=CC=CC=C1C)C,0.007558566727675497
CC(NCC1SC(C(COC(C2=C(C)N=C(C)S2)=O)=O)=CC=1)=O,0.008713099779561162
S1C(C2C=CC(=CC=2)F)=NN=C1NC(NCCC1C=CC=NC=1)=O,0.0023342795378994198
C1(N)N(C2C=CC(=CC=2)C(=O)N2CCC3(CC2)OCCO3)N=CC=1C(OCC)=O,0.004847840219736099
C1(C=C(ON=1)C1CC1)C(=O)N1CCCC(CCC2=CC=C(C=C2)F)C1,0.010044815903529524
C1(N)N(C2=CC=C(C=C2)C(=O)N2CCN(CC2)C2C=CC(=CC=2)F)N=CC=1C(OCC)=O,0.0039848651271313425
CCOC1=C(OCC)C=C(N2C(=O)C(=O)N(CC(C3SC(Cl)=CC=3)=O)C2=O)C=C1,0.004139687039423734
C1(N)N(C2=CC=C(C=C2)C(=O)N2CCCC(C(OCC)=O)C2)N=CC=1C(OCC)=O,0.005205406527966261
CCOC1=C(OCC)C=C(N2C(=O)C(=O)N(CC(C3=C(C)N(C4CC4)C(C)=C3)=O)C2=O)C=C1,0.005699650873430074
C1(N)N(C2C=CC(=CC=2)C(=O)N2CCN(CC2)CC2=CC=C3C(OCO3)=C2)N=CC=1C(OCC)=O,0.003693218424450606
N1(C2=CC=CC=C2)C(CCCN2CCCCC2=O)=NC(CC(C)C)=N1,0.009537549153901637
C1(N)N(C2=CC=C(C=C2)C(=O)N2CCN(CC2)C(=O)C2=CC=CO2)N=CC=1C(OCC)=O,0.00493907411582768
CCOC1=C(OCC)C=C(N2C(=O)C(=O)N(CC(C3=C(C)N(C4=NOC(C)=C4)C(C)=C3)=O)C2=O)C=C1,0.005079083610326052
C1(N)N(C2C=CC(=CC=2)C(=O)N2CCN(CC2)CC)N=CC=1C(OCC)=O,0.004819282819516957
CCOC1=C(OCC)C=C(N2C(=O)C(=O)N(CC(C3=C(C)N(CC)C(C)=C3)=O)C2=O)C=C1,0.005698049440979958
C12C(C)=CC=CN1C(=CN=2)CC1NN=C(CCC2=CC=CC=C2)N=1,0.0044233338558115065
CC1OC(COC(C2CCN(C3=C4C(SC(=C4C)C)=NC=N3)CC2)=O)=NN=1,0.0070928560569882395
C(=O)(CC1=CC=CN=C1)N(C)CC1CCCN(CCC2=CC=C(C=C2)Cl)C1,0.009567105048336088
C1(N)N(C2=CC=C(C=C2)C(=O)N2CCN(CC2)C2C=CC(=CC=2)OC)N=CC=1C(OCC)=O,0.004051423363853246
C1(CN2CCC=C(CNC(C)=O)C2)=CC2OCOC=2C=C1Cl,0.009443910745903849
CC1=NC(SCC(NC(C2=CC=CC=C2)CC2=CC=CC=C2)=O)=NC(N)=C1,0.005606978666037321
N1(C(C)=NN=N1)C(C1C=CC=CC=1)C(=O)NC(C)C1=C(C)N(N=C1C)C,0.007105735247023404
C1(N)N(C2C=CC(=CC=2)C(=O)N2CCN(CC2)C2=CC=CC=C2F)N=CC=1C(OCC)=O,0.00384654727531597
N(CC1C=CC=CC=1)(CC(O)=O)C(=O)CCN1CCCCO1,0.001621311332564801
N1(CCC2C(=CC(=CC=2)NC(=O)C2C=CC(=CC=2)C(F)(F)F)C1)C(C1CCOCC1)=O,0.006489038001745939
CCCN1C2=C(C=C(S(N3CCOCC3)(=O)=O)C=C2)N=C1CSC1=NC(N)=CC(C)=N1,0.0030351001769304276
N1=NC(=CN1[C@@H]1CN[C@H](C(NC)=O)C1)CNC(=O)NC1C=CC(=CC=1F)F,0.002987374470103532
CC1=NC(SCC(NCC2OC(C3=CC=C(Cl)C=C3)=CC=2)=O)=NC(N)=C1,0.003890577924903482
C1(C2CCCN2S(C)(=O)=O)N(C2C=CC=C(C)C=2)N=C(C2=CC=CC=C2)N=1,0.006400510063394904
CC1=NC(SCC(N(C2=CC3=C(OCCO3)C=C2)CC=CC2=CC=CC=C2)=O)=NC(N)=C1,0.0056138219311833385
C1(N)N(C2=CC=C(C=C2)C(=O)N2CCCCC2)N=CC=1C(OCC)=O,0.004358520056121052
C1(CNCC2=CC=CN=C2OC2C=CC(=CC=2F)F)C(C)=NN(CC)C=1C,0.007103893207386136
COC(C1N(C(CSC2=NC(N)=CC(C)=N2)=O)CC2=C(C=CC=C2)C1)=O,0.005827569775283337
C1(C(=O)NC(C)COC)C=C(NN=1)COC1=CC=CC(=C1)C(F)(F)F,0.003559264447540045
COC1=C(F)C=C(C(CSC2N(C3=CC(C)=C(C)C=C3)C(C3=CC=NC=C3)=NN=2)=O)C=C1,0.01120820976793766
C1(N)N(C2=CC=C(C=C2)C(=O)NCC2=CC=CC(Cl)=C2)N=CC=1C(OCC)=O,0.003504710062406957
C1(C=C(C=CC=1O)CN1CCCC1CCCC)C(O)=O,0.006773852347396314
CCN1C(SCC2N3C(N(C(C4=C3C=CC=C4)=O)C)=NN=2)=NN=C1CC1=CC=CC=C1,0.00957949492149055
C1(N)N(C2=CC=C(C=C2)C(=O)NC2=CC=C(C=C2)C(C)=O)N=CC=1C(OCC)=O,0.006483623990789056
C1(=CNN=C1C)C(=O)N1CCC2(CCCN(CC3=CC=CC(OC)=C3)C2=O)C1,0.005753146298229694
CCN1C2=C(C=C(S(N3CCOCC3)(=O)=O)C=C2)N=C1SCCC(C)C,0.005733935651369393
C1(NNC(=O)C=1)C(=O)N(CC1=CC=C(C)S1)C1CC1,0.0046728704706765715
C1(N)N(C2C=CC(=CC=2)C(=O)NC2C=CC=CC=2C(C2C=CC=CC=2)=O)N=CC=1C(OCC)=O,0.00515372131485492
N1(C=CN=C1C1=CC=C(C=C1)NC(C)=O)C(CC)C1=CC=CS1,0.004143960680812598
CCCCN1C(=O)NN=C1SCC(C1=C(C)N(CCC2SC=CC=2)C(C)=C1)=O,0.007304921722970903
S(C)(=O)(=O)NC1CC(C)(C)CC2=C1C=NC(=N2)N(C)CC1C=CC=CC=1,0.007282493775710464
C1(N)N(C2C=CC(=CC=2)C(=O)NCC2=CC=CC=N2)N=CC=1C(OCC)=O,0.0037930669379420577
S(NC)(=O)(=O)C1=CC=C(C=C1)CN1CC[C@H]([C@H](O)C1)C1=CC=C(C=C1)F,0.0015168265323154627
CCN1C(=O)C2=C(SC(=C2C)C)N=C1SCC1N2C(N(C(C3=C2C=CC=C3)=O)C)=NN=1,0.007964311074465514
FC1=CC=C(N2C(SC(C#N)CC3=CC=CC=C3)=NN=C2CC2=CC=CC=C2)C=C1,0.0048038290926342595
C1(=CC(OC)=CC=C1OC1CCN(CC1)C1CCCC1)C(=O)NCC1SC=C(C)N=1,0.007215319224633277
FC1=CC=C(N2C(C3=CC=NC=C3)=NN=C2SCC(N(C2CCCCC=2)C2CC2)=O)C=C1,0.0073864258825778965
C1(N)N(C2C=CC(=CC=2)C(=O)NCC2C=CC=NC=2)N=CC=1C(OCC)=O,0.0036311595235019923
C1(CN2CCC(CC2)(CC=C)OC)=CC2=CC=C(C=C2NC1=O)C,0.005785798374563456
CCCN1C(C2=CC=NC=C2)=NN=C1SCC(NC1SC2=C(C(=CC(=C2)C)C)N=1)=O,0.0066016445402055975
C1(N)N(C2=CC=C(C=C2)C(=O)NC2=CC=C(C(OC)=C2)OC)N=CC=1C(OCC)=O,0.004713810002431274
CCCN1C(C2=CC=NC=C2)=NN=C1SCC(NC1=C(C(N)=O)C=C(C2=CC=CC=C2)S1)=O,0.0055582633474841716
C1(N)N(C2=CC=C(C=C2)C(=O)NC2C=CC=C(OC)C=2)N=CC=1C(OCC)=O,0.004334856965579092
CCCN1C(C2=CC=NC=C2)=NN=C1SCC1=NC(NC2=CC=C(C)C=C2)=NC(N)=N1,0.005198689317330718
C1(N)N(C2=CC=C(C=C2)C(=O)NC2=CC=C(C=C2)OC)N=CC=1C(OCC)=O,0.004375972505658865
O=C(OCC(/C(/C#N)=C1\NC2=C(C=CC=C2)N\1)=O)CN1C(=O)C2(C3=C(C=CC=C3)CCC2)NC1=O,0.003026916115777567
N1(CCCC(C1)C(=O)NC1=CC=CC(C2C=CC=C(C)C=2)=C1)C(CC)=O,0.008592576207593083
CCS(N1C2=C(C=C(C(CSC3N(CC=C)C4=C(C=CC=C4)N=3)=O)C=C2)CC1)(=O)=O,0.00629173843190074
C1(N)N(C2=CC=C(C=C2)C(=O)NCC2=CC=CC=C2)N=CC=1C(OCC)=O,0.004046933725476265
N1N=C(OC=1C1=CC=C(C=C1)C1C=CC=CC=1)CCC(=O)N(C)C1CCOCC1,0.009633370349183679
CCN1C(=O)N(CC2=CC=CC=C2)C(N)=C(C(CSC2N(C3=CC(C)=CC=C3)C(C)=NN=2)=O)C1=O,0.006341885216534138
C1(N)N(C2=CC=C(C=C2)C(=O)NC2C=CC=CC=2Br)N=CC=1C(OCC)=O,0.0047456157393753525
C1(CNCCNC(=O)C2C=CC(=CC=2)F)=CNN=C1C1C=CC(=CC=1)F,0.0027505114732775835
CCN1C(=O)N(CC2=CC=CC=C2)C(N)=C(C(CSC2N(C)C(CC3=CC=CC=C3)=NN=2)=O)C1=O,0.006972160236909985
C1(C=C(NN=1)COC1C=CC=CC=1)C(=O)N(C)CC1C2CCCCCC=2NN=1,0.007883431063964963
CN1C(SCC2ON=C(C3=CC=C(Cl)C=C3)N=2)=NN=C1CC1=CC=CC=C1,0.008238023635931313
C1(N)N(C2=CC=C(C=C2)C(=O)NC2C=CC=CC=2Cl)N=CC=1C(OCC)=O,0.0039324647164903585
C1(=NC=C(CN(C)CC2=CC=CC=C2Cl)N1CCCC)S(CC)(=O)=O,0.007096994714811444
C1(N)N(C2=CC=C(C=C2)C(=O)NC2C=CC(=CC=2)Cl)N=CC=1C(OCC)=O,0.0036878442508168517
C1(CCCN(CC2C=CC(=CC=2)F)C1=O)(O)CN(C)CC1=CC=CN=C1,0.007176476158201694
CCS(N1C2=C(C=C(C(CSC3N(C)C(CC4=CC=CC=C4)=NN=3)=O)C=C2)CC1)(=O)=O,0.008135602762922644
N1(C2C=CC(=CC=2)N2CCC(CC2)N(C)CC2C=CON=2)C(C)=CC(C)=N1,0.010787984216585755
CCN1C2=C(C=C(C(OCC(C3=CC(F)=C(OC)C=C3)=O)=O)C=C2)N=N1,0.009494172828271984
C1(N)N(C2C=CC(=CC=2)C(=O)NCC2C=CC=CC=2Cl)N=CC=1C(OCC)=O,0.003549842757638544
ClC1=C(OCC(N2CCN(CC(N3CCCC3)=O)CC2)=O)C=CC(C2=CC=CC=C2)=C1,0.007872454170137645
C1(N)N(C2=CC=C(C=C2)C(=O)NCC2=CC=C(C=C2)Cl)N=CC=1C(OCC)=O,0.0035804328392259775
C1(=CN(N=N1)CCC1C(C)=NNC=1C)C1C=CC=C(OC)C=1OC,0.006960251508280635
C1(N)N(C2=CC=C(C=C2)C(=O)NC2C(OC)=CC(=C(Cl)C=2)OC)N=CC=1C(OCC)=O,0.004217509739100933
C12SC=CN1C(=C(C)N=2)CN1CCC(CC1)N1N=CC=C1NC(=O)C1C=CC=CC=1OC,0.004407772584818304
C1(N)N(C2C=CC(=CC=2)C(=O)NC2=CC=C(C=C2C)Cl)N=CC=1C(OCC)=O,0.0037200435879640283
C1(C(=O)NC(CC)C2C=CN=CC=2)C=C(NN=1)CN1C2C=CC=CC=2C=C1,0.005758525780402124
C12=NON=C1N=C(C(N(CC)CCN1C=CC=N1)=N2)NC1CCCC1,0.008400054858066141
C1(N)N(C2C=CC(=CC=2)C(=O)NC2=C(C)C=CC(Cl)=C2)N=CC=1C(OCC)=O,0.003688300494104624
C1(C(=O)NCC2=C(C)OC(C3=CC=CS3)=N2)=CN(N=N1)CCC1CCCCC1,0.007482226914726197
CSC1=CC=C(OCC(NC2=CC3=C(N(C(C)=O)CC3)C=C2)=O)C=C1,0.006426547816954553
C1(N)N(C2C=CC(=CC=2)C(NCCC2C=CC(=CC=2)Cl)=O)N=CC=1C(OCC)=O,0.003705293813254684
COC(C1=C(OCC2=CC(S(N(C)C)(=O)=O)=CC=C2)C=C2C(C=CC=C2)=C1)=O,0.00623109694570303
C1(N)N(C2=CC=C(C=C2)C(=O)NC2CCCCCC2)N=CC=1C(OCC)=O,0.00640978675801307
C1(C=C(NN=1)CN1C(C)=CC(C)=N1)C(=O)N1CCCN2N=C(C#N)C=C2C1,0.0059172407141886655
C1(N)N(C2=CC=C(C=C2)C(=O)NC2CCCCCCC2)N=CC=1C(OCC)=O,0.0064081443939358
COC(C1=C(OCC2=C(Cl)N=C3C(C=CC(=C3)SC)=C2)C=C2C(C=CC=C2)=C1)=O,0.006581787089817226
N1(CCCC(C1)CCC1C=CC(=CC=1F)F)CC1C=NC(=NC=1)COC,0.008448966802097857
CCOC1=CC=C(OC2=CC=C(NC(CN3C(=O)C(C4=CC=C(C)C=C4)(CC)NC3=O)=O)C=C2)C=C1,0.0024558845383580775
N1C2C=CC=CC=2NC=1CCC(=O)N(CC=C)CC1=CC=CC=C1OC,0.0036634278832934795
CCC1(C2=CC=C(C)C=C2)C(=O)N(CC(N2CCN(C3=CC=C(OC)C=C3)CC2)=O)C(=O)N1,0.002346702216891572
C1(CN2CCCCC2CCOC)C2C=CC=CC=2N(CCC(N)=O)C=1,0.009590470790863037
CCC1(C2=CC=C(C)C=C2)C(=O)N(CC2=C(C(F)(F)F)C=CC=C2)C(=O)N1,0.0021081759070511906
CCC1(C2=CC=C(C)C=C2)C(=O)N(CC(NC2=CC=C(C(N(C)C)=O)C=C2)=O)C(=O)N1,0.0023800947179552167
C1(CCCN(CCC2CCCCC2)C1=O)(O)CN(C)CC(NC)=O,0.01300797718577087
CCC1(C2=CC=C(C)C=C2)C(=O)N(CC(NC(NCCCOC)=O)=O)C(=O)N1,0.0020287248538807035
C1(=NC=C(CN2CCC(CC2)C(OC)=O)N1CC1CCCO1)S(=O)(=O)CC1CC1,0.0069833820220082995
CCC(NC(NC(CN1C(=O)C(C2=CC=C(C)C=C2)(CC)NC1=O)=O)=O)C,0.002521772513864562
C1(N)N(C2C=CC(=CC=2)C(NCCCN(CC)CC)=O)N=CC=1C(OCC)=O,0.005161047540605068
CCC1(C2=CC=C(C)C=C2)C(=O)N(CC(N(C2=CC=CC=C2)C2CS(=O)(=O)CC2)=O)C(=O)N1,0.002446463471278548
S(=O)(=O)(C1C=CC(=CC=1)C)NCC1CCCN(CC2=CNC=N2)C1,0.002310867112828419
CCC1(C2=CC=C(C)C=C2)C(=O)N(CC(C2=C(C)N(C3CS(=O)(=O)CC3)C(C)=C2)=O)C(=O)N1,0.003549098048824817
CCC1(C2=CC=C(C)C=C2)C(=O)N(CC(NC2=CC3=C(N(C(C)=O)CC3)C=C2)=O)C(=O)N1,0.002482820744626224
C12OCOC1=CC(CN(CCN(C)C)CC1C=CSC=1)=CC=2OC,0.01444138283841312
CC(C(N(CC1=CC(F)=CC=C1)C)=O)OC(C1=CC=C(N2N=CC=C2)C=C1)=O,0.008076964993961155
N1(C=CN=C1)C1=NC=CC=C1CNC(=O)CCOC1C=CC=CC=1,0.00424419721821323
CCCN1C2=C(C=C(S(N(C)C)(=O)=O)C=C2)N=C1COC(C1=CC=C(N2N=CC=C2)C=C1)=O,0.004550138977356255
C1(N)N(C2C=CC(=CC=2)C(=O)NC2=CC=C(C=C2F)F)N=CC=1C(OCC)=O,0.0037081087357364595
ClC1=CC(C2=NN(CC(N(C3CCCCC=3)C3CC3)=O)N=N2)=CC=C1,0.006766160065308213
C1(N)N(C2=CC=C(C=C2)C(=O)NC2C=C(OC)C=C(OC)C=2)N=CC=1C(OCC)=O,0.004261593637056649
O=C(NCCOC1=CC=CC=C1)CN1N=C(C2SC=CC=2)N=N1,0.003983409854117781
N1C=CSC=1CN(CCN(C)C)CC1=CC=CC=C1C,0.011845842376351357
COC1=CC=C(C(C2=CC=CC=C2)NC(CN2N=C(C3SC=CC=3)N=N2)=O)C=C1,0.005966081097722053
C1(C2=CC=CC(=C2)C2C=CNN=2)N=C(C)C=C(C)N=1,0.005575702374335379
O=C(N(C1CCCCC=1)C1CC1)CN1N=C(C2SC=CC=2)N=N1,0.007689086860045791
C1(N)N(C2=CC=C(C=C2)C(NCCC2C=CC(=C(OC)C=2)OC)=O)N=CC=1C(OCC)=O,0.004663709341548384
O=C(N1CCCC1)CN1CCN(C(CN2N=C(C3SC=CC=3)N=N2)=O)CC1,0.005407901736907661
N1(C[C@H](C[C@H]1C(=O)N(CC)CC)N)C(=O)C1C=CC(=CC=1)C1=NNC=N1,0.0044547775411047045
C1(N)N(C2C=CC(=CC=2)C(=O)NC2=C(C)C=CC=C2C)N=CC=1C(OCC)=O,0.004796630749478936
C1(C(NCCC2=NC(C)=CC(C)=N2)=O)C=C(ON=1)COC1C=CC2=C(C=1)N=C(S2)C,0.006705920747481287
O=C(NC(C1=CC=CC=C1)CC1=CC=CC=C1)CN1N=C(C2SC=CC=2)N=N1,0.005719600757583976
N1SC(=C(C)N=1)CNC(=O)C1C=CC=C(C=1)NCC(OCC)=O,0.005274820094928146
C1(N)N(C2C=CC(=CC=2)C(NCCN(C)C)=O)N=CC=1C(OCC)=O,0.004211278830189258
CCN(C1CCCC=1)C(CN1N=C(C2SC=CC=2)N=N1)=O,0.007522740890271962
C1(N)N(C2C=CC(=CC=2)C(=O)NC2C=CC=CC=2CC)N=CC=1C(OCC)=O,0.004649419523775578
FC1=CC(C2=NN(CC(N3CCN(C(C4SC=CC=4)=O)CC3)=O)N=N2)=CC=C1,0.0037090539350174367
C1(C=C(NN=1)COC1C=CC=CC=1OC)C(=O)N1CCCC(CC)(O)C1,0.004999306285753846
FC1=CC(C2=NN(CC(N(C3CCCCC=3)C3CC3)=O)N=N2)=CC=C1,0.006234182161279023
C1(NC(CC)C2C=C(C)C=CN=2)C2CCNCC=2N=C(C2C=CC=CC=2)N=1,0.00882634399458766
C12SC=CN1C=C(C(C)NCC1C=C(C)C(=C(C)C=1)OC(C)=O)N=2,0.005333254323340952
FC1=CC(C2=NN(CC(N(CC3SC=CC=3)CC=C)=O)N=N2)=CC=C1,0.004578674875665456
N1C(NCCN2CCCOC2=O)=NC=CC=1N1CCC(CC1)O,0.0018193328054621817
C1(N)N(C2=CC=C(C=C2)C(=O)NC2=CC=C(C=C2)F)N=CC=1C(OCC)=O,0.0037146889604628085
C1(=CC(CNCC2CCOCC2)=CC=C1OC)OCC(O)CN(CC)CC,0.008925894321873785
C1(N)N(C2C=CC(=CC=2)C(=O)NCC2=CC=CO2)N=CC=1C(OCC)=O,0.004055163101293146
N1(C(C)C)C(C)=C(C(C)=N1)CNC1=CC=C(C=N1)C#N,0.006040379905607551
CN1C2N(C(=NN=2)CN2N=C(C3=CC(F)=CC=C3)N=N2)C2=C(C=CC=C2)C1=O,0.005085040105041116
C1(CN2CCC3(CC2)N(C)CCNC3=O)=C(C2C=CC=CC=2)N=C2C=CC=CN12,0.004609838908072561
CC(NCC1SC(C(CN2N=C(C3=CC(F)=CC=C3)N=N2)=O)=CC=1)=O,0.005376869114115834
N1(CCOC2=C(C=C(C3=CC=CN=C3)C=C2C1)O)C(=O)C1=CN=C(C=N1)O,0.004096246953122318
C1(N)N(C2=CC=C(C=C2)C(=O)NC2C=CC=CC=2C(OC)=O)N=CC=1C(OCC)=O,0.00505384833086282
N1(CCCC(C1)CCC(=O)N1CCOCC1)C(=O)CSC1C=CC=CN=1,0.007669582171365619
C1(N)N(C2=CC=C(C=C2)C(=O)NCC2=CC=C(C=C2)C)N=CC=1C(OCC)=O,0.0044410137692466375
N1(CCN(C(=O)C1C)C)C(=O)C1=CC=C(C=C1)NC(=O)C1C=COC=1C,0.007751674158498645
CC(NCC1SC(C(COC(C2C(C)=NN(C3=CC=CC=C3)N=2)=O)=O)=CC=1)=O,0.008382314816117287
C(=O)(N(C)CC1C=CC=CC=1OCC(C)C)C1C=NC=CC=1C,0.012128171231597661
CCOC(C1=C(N)N=C(SC(C#N)CC2=CC=CC=C2)N=C1)=O,0.003576843950352071
N1(C(C)CNC(=O)CC1)C(CCC(=O)NC1C=C(C)C=CC=1F)=O,0.005722517264075577
CCOC(C1CN(C(CN2C(=O)C=CC(S(N(C)C)(=O)=O)=C2)=O)CCC1)=O,0.005414944305084646
N1(CCN(CC1CCO)CC1C=CC(=CC=1)OCC)CC1=CC=CS1,0.0050277932779863475
C1(N)N(C2C=CC(=CC=2)C(NCCCC2C=CC=CC=2)=O)N=CC=1C(OCC)=O,0.0042798944748938085
N(CC1C=CC=C(OCC)C=1)(CC1NC=CN=1)C1CC1,0.005464292457327246
CN(S(C1=CN(CC(N2CCN(C(C3SC=CC=3)=O)CC2)=O)C(=O)C=C1)(=O)=O)C,0.004201866826042533
C1(SCC(=O)N2CCCC(C2)CCC(=O)N2CCCC2)SC=C(C)N=1,0.009810849791392684
CN(S(C1=CN(CC(N(C2CCCCC=2)C2CC2)=O)C(=O)C=C1)(=O)=O)C,0.0081661029253155
C1(N)N(C2C=CC(=CC=2)C(=O)NC2C=CC(=CC=2F)Br)N=CC=1C(OCC)=O,0.0046005128417164086
N1(CCC(CC1)C(=O)NCC(C)C)C1CCN(CC1)CCCC1C=CC=CC=1,0.01579526485875249
C1(N)N(C2C=CC(=CC=2)C(=O)NC2C=CC=CC=2C)N=CC=1C(OCC)=O,0.004359622031915933
C1(C(C)O)=CN(N=N1)CC1CCN(CC1)C1=NC=CC=N1,0.0027812381740659475
CN(S(C1=CN(CC(NC(C2=CC=CC=C2)CC2=CC=CC=C2)=O)C(=O)C=C1)(=O)=O)C,0.005613667308352888
C1(SC=CC=1Cl)C(=O)N(C)CC1CCN(CC1)CCC1=CC=CC(F)=C1,0.0068803605856373904
CC1N(CCC2SC=CC=2)C(C)=C(C(CSC2SC(SCC(N)=O)=NN=2)=O)C=1,0.012111083697527647
C1(=CC=C(C(OC)=C1OC)OC)C(=O)N1CCC2=C(N=CN=C2N(C)C)C1,0.008731395658105611
NC(CSC1SC(SCC(N(C2CCCCC=2)C2CC2)=O)=NN=1)=O,0.011456360202282667
C1(N)N(C2=CC=C(C=C2)C(=O)NC2=CC(OC)=C(C(OC)=C2)OC)N=CC=1C(OCC)=O,0.004667359334416687
CC1=CC=C(CC(C#N)SC2SC(SCC(N)=O)=NN=2)C=C1,0.004941727490961867
C1(N)N(C2C=CC(=CC=2)C(=O)NC2C=CC=C(Cl)C=2C)N=CC=1C(OCC)=O,0.0036812627222388983
C1(N)N(C2=CC=C(C=C2)C(=O)NC2C=CC(=C(Cl)C=2)C)N=CC=1C(OCC)=O,0.003709479596000165
C1(C(=O)N2CCCC3(C=CC4C(=CC=CC=4)O3)CC2)=CC(=O)C2=C(C=CC=C2)N1,0.005689489422366023
C1(N)N(C2C=CC(=CC=2)C(=O)NC2C=C(C)C=CC=2C)N=CC=1C(OCC)=O,0.004551883030217141
CC1N2C(=NC(=CC2=O)COC2C=C(C(F)(F)F)C=C(C(F)(F)F)C=2)C=CC=1,0.005792366119567305
C1(N)N(C2=CC=C(C=C2)C(=O)NC(C)C)N=CC=1C(OCC)=O,0.004018853791058064
FC(C1=CC(C(F)(F)F)=CC(OCC2OC(C3=C(Cl)C=CC=C3)=NN=2)=C1)(F)F,0.00623161211842671
N1=CC(=CN1C)C=CC(=O)N(C)CC1C=CC2C(=CC=CC=2)N=1,0.010501021891832352
CC1=CC=C(NC2=NC(COC3C=C(C(F)(F)F)C=C(C(F)(F)F)C=3)=NC(N)=N2)C=C1,0.004129137005656957
C1(N)N(C2C=CC(=CC=2)C(NCCC)=O)N=CC=1C(OCC)=O,0.003927164373453707
CN1C2=C(N(C(N(C2=O)CCCOC2C=C(C(F)(F)F)C=C(C(F)(F)F)C=2)=O)C)N=C1,0.005622608854901045
C1(=CC=C(CSC2=NN=CN2)O1)C(=O)N1CCCC(C(O)=O)C1,0.00405079786432907
CCN1C2=C(C=C(S(N)(=O)=O)C=C2)N=C1SCC(N(CC1=CC(F)=C(OC)C=C1)C)=O,0.005193323409184813
C1(N)N(C2=CC=C(C=C2)C(NCCC2=CNC=N2)=O)N=CC=1C(OCC)=O,0.0021937044453807174
CCN1C2=C(C=C(S(N)(=O)=O)C=C2)N=C1SCC(N(C1CCCCC=1)C1CC1)=O,0.006464579538442194
C1(C(=O)N(CC)CC)C=C(ON=1)CN(C)CC1=CC=CC=C1,0.011502757715061308
CCN1C2=C(C=C(S(N)(=O)=O)C=C2)N=C1SCC(NC(C1=CC=CC=C1)CC1=CC=CC=C1)=O,0.0051132590626366435
C1(CNC(=O)C2C=CC=CC=2CC2=CC=C(C=C2)Cl)C=NN(C)C=1C,0.008685908000916242
COC1=CC=C(C(C2=CC=CC=C2)NC(CN2C(=O)C(C3=CC4=C(CCC4)C=C3)(C)NC2=O)=O)C=C1,0.0032935763127170505
C1(C(=O)NCC2C=CC3=C(OCO3)C=2)C=C(ON=1)COC1C(=CC=CC=1F)F,0.007795239239931107
C1(N)N(C2C=CC(=CC=2)C(=O)NC2=CC=C(C=C2)C(OCC)=O)N=CC=1C(OCC)=O,0.004899890138767659
CC(CC(C1=CC=CC=C1)NC(CN1C(=O)C(C2=CC3=C(CCC3)C=C2)(C)NC1=O)=O)C,0.003955220466013998
C1(N)N(C2C=CC(=CC=2)C(=O)NC2=C(OC)C=CC(OC)=C2)N=CC=1C(OCC)=O,0.0044605194358155135
CC1(C2=CC3=C(CCC3)C=C2)C(=O)N(CC(N(CC2SC=CC=2)CC=C)=O)C(=O)N1,0.0031119373859837653
C1(N)N(C2C=CC(=CC=2)C(=O)NC(C)C2=CC=CC=C2)N=CC=1C(OCC)=O,0.004684936581179499
CCN(C1CCCCC=1)C(CN1C(=O)C(C2=CC3=C(CCC3)C=C2)(C)NC1=O)=O,0.004249831417109817
CCS(N1C2=C(C=C(C(CN3C(=O)C(C4=CC5=C(CCC5)C=C4)(C)NC3=O)=O)C=C2)CC1)(=O)=O,0.0033536355011165144
C1(N)N(C2=CC=C(C=C2)C(NCCCN2CCOCC2)=O)N=CC=1C(OCC)=O,0.0039260763674974445
CC(NCC1SC(C(CN2C(=O)C(C3=CC4=C(CCC4)C=C3)(C)NC2=O)=O)=CC=1)=O,0.0038115068571642043
C1(N)N(C2C=CC(=CC=2)C(=O)NC2C=CC(=CC=2Cl)C)N=CC=1C(OCC)=O,0.003830019396264106
FC1=C2C(SC(C(OCCCN3C(=O)C4=C(C=CC=C4)C3=O)=O)=C2)=CC=C1,0.00289726096088998
C1(CCCN(CCC2=CC=CC=C2)C1=O)(O)CN(C)C1CCCCC1,0.01716432608664036
CN(S(C1=CC(C(OCC2N3C(N(C(C4=C3C=CC=C4)=O)C)=NN=2)=O)=C(C)C=C1)(=O)=O)C,0.0066404971992596986
C1(N)N(C2C=CC(=CC=2)C(=O)NC2CC2)N=CC=1C(OCC)=O,0.004341218317858875
C1(=NC=CC=C1CNC1CCOCC1)OC1C=CC(=C(F)C=1)F,0.0057498567504808305
C1(N)N(C2=CC=C(C=C2)C(=O)NC2C=CC(=C(C)C=2)C)N=CC=1C(OCC)=O,0.004629913764074445
N1C(C2C=CC=CC=2)=NC2=C(CCN(C(=O)CN3CCCC3)C2)C=1N(C)C,0.008457104745320975
CC(CCSC1N(CCC2=CC=CC=C2)C(=O)NN=1)C,0.005028200871311128
N1(CCCC(COC)C1)C(=O)C1=CC=C(N=C1)NCC1=CC=C(C)O1,0.006931383837945759
O=C(N1CCN(C(C2SC=CC=2)=O)CC1)CSC1N(CCC2=CC=CC=C2)C(=O)NN=1,0.003274560603313148
C1(N)N(C2C=CC(=CC=2)C(NCCC(C)C)=O)N=CC=1C(OCC)=O,0.005146113643422723
C1(C=C(ON=1)CN1CCN(CC1)CC)C(=O)N(C)CC1C=COC=1,0.01117077162489295
C1(N)N(C2=CC=C(C=C2)C(=O)NCC2C=CC=C(C)C=2)N=CC=1C(OCC)=O,0.0043135980609804395
C1(C2=CC(O)=C3C(CN(CCO3)C(=O)C3NC=C(C)N=3)=C2)SC2=C(C=CC=C2)N=1,0.002152619417756796
CN1C2N(C(=NN=2)CSC2N(CC3=CC=CC=C3)C(=O)C3=C(C=CS3)N=2)C2=C(C=CC=C2)C1=O,0.00735526611097157
C1(CN(CCOC)C(=O)CCNC(=O)C2C=CC=CC=2F)C=NN(C)C=1,0.006295534735545516
CCN(C1CCCCC=1)C(CSC1N(CCC2=CC=CC=C2)C(=O)NN=1)=O,0.00536502820905298
C1(=CC=NN1C1CCN(CC1)C(=O)C1CCCCN1CC)NC(CCCC1=CC=CC=C1)=O,0.007870743097737432
CCN1C(=O)NN=C1SCC(NC1=CC2=C(OC3=C2C=CC=C3)C=C1)=O,0.00295870253467001
C1(N)N(C2=CC=C(C=C2)C(=O)NCC2CCCO2)N=CC=1C(OCC)=O,0.004398175678215921
N1(CCN(C(=O)C1C)C1C=CC(=CC=1)OC)C(=O)C1C=CN=NC=1,0.0066940863616764545
C1(N)N(C2=CC=C(C=C2)C(=O)NC2C(C)=CC(=CC=2C)C)N=CC=1C(OCC)=O,0.0049974429188296195
C1(C#N)C(N)=NC(=CC=1C1C=NN(CC=C)C=1)C1=CC=CC(=C1)C(O)=O,0.002559865772491321
C1(N)N(C2=CC=C(C=C2)C(NCCCN2CCCC2=O)=O)N=CC=1C(OCC)=O,0.003417379513848573
N1(CCC(CC1)CCC(NCCN(C)C)=O)CC1=CC=C(C(OCC)=C1)O,0.0064780502812936906
O=C(NC(C1=CC=CC=C1)CC1=CC=CC=C1)CSC1N(CC2OCCC2)C(=O)NN=1,0.004345446988008916
C1(=NC=CC=C1CNC(NCCC)=O)N1CCN(CC1)C1C=CC=CC=1C,0.004403332911897451
COC1=C(Cl)C=C(NC(COC(CN2C(=O)C3(C4=C(C=CC=C4)CCC3)NC2=O)=O)=O)C=C1,0.0031206658575683834
N1(CCNC(=O)C1)C(=O)C1CCCN(C2CCN(CC2)CCC2=CC=CC=C2)C1,0.009177602222189307
COC1=C(F)C=C(CN(C(CN2N=C(C3=CC=C(Br)C=C3)N=N2)=O)C)C=C1,0.006980290729552507
C1(N)N(C2C=CC(=CC=2)C(=O)NC2C=C(C)C=C(C)C=2)N=CC=1C(OCC)=O,0.004620600549969822
N1(C)[C@@H](C2C=CC(=CC=2)F)[C@H](C[C@@]1(CC)C(O)=O)C(=O)NC1CC1,0.006384647625964135
COC1=CC=C(C(C2=CC=CC=C2)NC(CN2N=C(C3=CC=C(F)C=C3)N=N2)=O)C=C1,0.004350041807629168
C1(N)N(C2=CC=C(C=C2)C(=O)NC2=CC=CC(C(C)=O)=C2)N=CC=1C(OCC)=O,0.006338775949552655
C1(CN(C)C(=O)C2=CC=C(C=C2)OC2CCN(CC2)C(=O)C2CC2)C2CCCCC=2NN=1,0.006225723447278142
FC1=CC=C(C2=NN(CC(N(C3CCCCC=3)C3CC3)=O)N=N2)C=C1,0.006027910532429815
N1C(Cl)=C(SC=1N(C)C)CN1CCC(CC1)(CCCC1C=CC=CC=1)CO,0.006460302928462625
C1(N)N(C2C=CC(=CC=2)C(NCCOC)=O)N=CC=1C(OCC)=O,0.003594932658597827
C(=O)(C1=CC=C(N=C1)NCC(C)=C)N1CCC(CC1)CN1CCCC1=O,0.0070253302808851005
C12OC(CC1=CC(=CC=2C1C=CC=CC=1Cl)C)CN,0.013063849788159132
CC(CCN1C2N(C(=NN=2)SCCN2CCCCC2)C2=C(C=CC=C2)C1=O)C,0.009863880183547735
C1(N)N(C2=CC=C(C=C2)C(=O)NC2C=CC=C(SC)C=2)N=CC=1C(OCC)=O,0.0036467457422986625
N1(C2CCCCC2)CCN(CC1)CCOC1=CC=C(C=C1)F,0.013142667571082711
COC1=C(F)C=C(C(COC(C2CCN(C3=C(N(=O)=O)C=CC=C3)CC2)=O)=O)C=C1,0.00882420523557812
C1(C(O)=O)=CN(CCC2NN=C3CCCCC=23)C=C(OC2=CC=CC=C2)C1=O,0.0050356099382042885
COC1=CC(C2OC(SCC(C3=C(C)N(CCC4SC=CC=4)C(C)=C3)=O)=NN=2)=CC(OC)=C1,0.01013230998069048
C1(N)N(C2=CC=C(C=C2)C(=O)NC2C=CC(=C(C)C=2)Br)N=CC=1C(OCC)=O,0.0048297445056959985
C1(C=NN(C)C=1)C1=C(C)C(C2=CC=C(N=C2)N(C)C)=C(C(N)=N1)C#N,0.004856402648147196
C1(N)N(C2C=CC(=CC=2)C(=O)NCC2=CC=CC=C2OC)N=CC=1C(OCC)=O,0.004149053036235273
COC1=CC(C2OC(SCCCN3C(=O)C4=C(C=CC=C4)C3=O)=NN=2)=CC(OC)=C1,0.003867351170629263
C1(N)N(C2=CC=C(C=C2)C(=O)NCC2C=CC=C(OC)C=2)N=CC=1C(OCC)=O,0.004036743356846273
C1(=O)C(CCCN1CC1=CC(OC)=CC=C1F)(CNCC1=CC=CN=C1O)O,0.005592054268345237
C1(N)N(C2=CC=C(C=C2)C(=O)NCC2=CC=C(C=C2)F)N=CC=1C(OCC)=O,0.003980936971493066
N1(CCNC(=O)C1CC(NCCCOCC)=O)CC1C=CC2C(=CC=CC=2)C=1,0.006034017144702375
C1(N)N(C2C=CC(=CC=2)C(=O)NC2=CC=CC(CC)=C2)N=CC=1C(OCC)=O,0.004492067242972552
C1(=NC=NC(OC)=C1)N1CCOC(C2=CC=C(C=C2)F)C1,0.006157103646546602
CCOC(C1=C(C)N=C(SC(C(N(CC2=CC(F)=CC=C2)C)=O)C)C(C#N)=C1)=O,0.005873050796799362
N12C=C(N=C1SC=C2C(=O)N1CCCNC(=O)C1)C1=CC=C(C=C1)F,0.003453524911310524
CCN(C1CCCCC=1)C(CSC1N(CC2=CC(OC)=C(OC)C=C2)C(=O)C2=C(C=CC=C2)N=1)=O,0.009890180081129074
C1(=NC=C(CN2CCC(CC2)OC)N1CCOC)S(=O)(=O)CC(C)(C)C,0.007147161243483424
CCS(N1C2=C(C=C(C(COC(C3N=C(NCCC(C)C)SC=3)=O)=O)C=C2)CC1)(=O)=O,0.008304995018988848
S(=O)(=O)(N1CCSCC1)C1=CC(=CC(C(O)=O)=C1)C1C=CC2=C(C=CN2)C=1,0.0021599924366455525
CC(CC(C1=CC=CC=C1)NC(CSC1N2C(C=CC=C2)=CN=1)=O)C,0.007418715185485781
C1(N)N(C2C=CC(=CC=2)C(=O)NC2CCCC3C=CC=CC2=3)N=CC=1C(OCC)=O,0.005775369564071297
C1(N(CCOC2=C(C)C=CC=C2C)C=NC=1C1=CC=CC=C1)C1NC=NC=1C,0.006713700806722045
CC(N1C2=C(C=C(C=C2)NC(CSC2N3C(C=CC=C3)=CN=2)=O)CC1)=O,0.004675781459081918
C1(N)N(C2C=CC(=CC=2)C(=O)NCC(C)C2C=CC=CC=2)N=CC=1C(OCC)=O,0.004821331612765789
CC(C1=CC=CC=C1)N1C(=O)CC(C(OCC2ON=C(C3=CC=C(Cl)C=C3)N=2)=O)C1,0.008886029990389944
CC1=CC=C(NC2=NC(COC(C3=C(N)C=C(Cl)C=C3)=O)=NC(N)=N2)C=C1,0.004997440858278424
C1(N)N(C2C=CC(=CC=2)C(=O)NC2CCN(CC2)CC2C=CC=CC=2)N=CC=1C(OCC)=O,0.003938546450808644
FC1=C(C(OCCCN2C(=O)C3=C(C=CC=C3)C2=O)=O)C=C(Br)C=C1,0.004839730379171669
C1(N)N(C2C=CC(=CC=2)C(=O)NCC2=CC=CS2)N=CC=1C(OCC)=O,0.0034064526436850427
CN1C2N(C(=NN=2)COC(C(OC2=CC=C(F)C=C2)(C)C)=O)C2=C(C=CC=C2)C1=O,0.007501628645695746
C1(N)N(C2=CC=C(C=C2)C(=O)NC2C=CC(=C(F)C=2)C)N=CC=1C(OCC)=O,0.003930273768492043
CCN1C2=C(C=C(S(N(C)C)(=O)=O)C=C2)N=C1COC(C1CC(=O)N(C2=C(F)C=CC=C2)C1)=O,0.004501021222677082
C1(N)N(C2C=CC(=CC=2)C(NCCCOCC)=O)N=CC=1C(OCC)=O,0.003807989973574877
C1(C=CC(NN=1)=O)C(=O)N1CCOC(C1)CC1=CC=CC2=CC=CC=C12,0.004122346930671483
C1(N)N(C2C=CC(=CC=2)C(NCC=C)=O)N=CC=1C(OCC)=O,0.0036314581870101393
COC1=C(F)C=C(CN(C(COC(C2=C(O)C3=C(C=CC=C3)C=C2)=O)=O)C)C=C1,0.0048646851209923625
C1(N)N(C2=CC=C(C=C2)C(=O)NC2C=CC=CC=2OCC)N=CC=1C(OCC)=O,0.004570803930982947
CNC1=C2C(C=CC=C2)=NC(SC(C(N(CC2=CC(F)=CC=C2)C)=O)C)=N1,0.005749146058224142
C1(CC2C=CC=CC=2)(CC(=O)NC(C)(C)CN(C)C)C2=CC=CC=C2N(C)C1=O,0.012762153847143054
O=C(C(C1=CC=CC=C1)OC(C1CC1)=O)NC1=CC(S(N2CCOCC2)(=O)=O)=CC=C1,0.005695487279444933
C1(N)N(C2=CC=C(C=C2)C(NCCC2CCCCC=2)=O)N=CC=1C(OCC)=O,0.006701053166761994
FC1=C(F)C=C(C2N=C(NC(COC(C3CC3)=O)=O)SC=2)C=C1,0.005981105379760265
FC1=C(C(OC(C2=CC=CC=C2)C(NC2=CC(S(N3CCOCC3)(=O)=O)=CC=C2)=O)=O)C=CC=C1,0.004666926478967071
C1(N)N(C2C=CC(=CC=2)C(=O)NC2=CC=C(C=C2F)Cl)N=CC=1C(OCC)=O,0.003638313210103661
FC1=C(C(OCC2ON=C(C3=CC=C(Cl)C=C3)N=2)=O)C=CC=C1,0.006005789153277874
C1(N)N(C2C=CC(=CC=2)C(=O)NC2=CC3OCOC=3C=C2C(C)=O)N=CC=1C(OCC)=O,0.00616215777117759
C1(OC(=NN=1)CCC(NCCCSC)=O)C1=CC=C(C(C)=O)S1,0.0076028149574995044
CCCN1C2=C(C=C(S(N(C)C)(=O)=O)C=C2)N=C1COC(C1=C(F)C=CC=C1)=O,0.004116301774047315
C1(N)N(C2=CC=C(C=C2)C(=O)NC(C)CCC2=CC=CC=C2)N=CC=1C(OCC)=O,0.005230426788330078
C1(N)N(C2C=CC(=CC=2)C(NCCCOC)=O)N=CC=1C(OCC)=O,0.003807218314614147
N1(CC2C=CC=CC=2)C(C2CCNCC2)=NN(CC(C)N2CCCC2)C1=O,0.0067587262252345685
C1(N)N(C2C=CC(=CC=2)C(=O)NC2=CC=C(C=C2C)Br)N=CC=1C(OCC)=O,0.004885358340106905
N1(C)C[C@H](C[C@H]1C(OC)=O)NC(=O)C(=O)NC1=CC=CC=C1CC,0.007193883485160768
C1(N)N(C2C=CC(=CC=2)C(=O)NCC2=CC=C(C)O2)N=CC=1C(OCC)=O,0.00391854748595506
CCOC(C1=C(COC(C2=CC(NC(N)=O)=CC=C2)=O)C2=C(C=CC=C2)O1)=O,0.005163702205754817
N1(CCCC(CCC(=O)NCC2=CC=CC=C2Cl)C1)C(CCC1=CC=NC=C1)=O,0.00736774115357548
C1(N)N(C2=CC=C(C=C2)C(NCCC2=CC=C(C=C2)S(N)(=O)=O)=O)N=CC=1C(OCC)=O,0.003536148846615106
C1(CN2CCC(CC2)(CC2C=CC=C(OC)C=2)C(OCC)=O)C=NN(CCC)C=1C,0.011773252673447133
C1(N)N(C2C=CC(=CC=2)C(=O)NC2=CC=C(C=C2Cl)F)N=CC=1C(OCC)=O,0.003562794579192996
C(=O)(N(C)CCN(CC)CC)CC(=O)NC1C=CC(=CC=1C)C,0.012213458167389035
COC1=C(F)C=C(C(COC(C2=CC=C(CNC(N)=O)C=C2)=O)=O)C=C1,0.008583553321659564
C1(N)N(C2=CC=C(C=C2)C(=O)NC2C=CC(=CC=2)OC(F)(F)F)N=CC=1C(OCC)=O,0.0030982789350673555
C1(SC2=C(CCNC2)C=1C(O)=O)S(=O)(=O)N1CCCC(C)C1,0.0033555243571754545
CC(C1=NC2=C(C=NN2C(C)C)C(C(OCCCN2C(=O)C3=C(C=CC=C3)C2=O)=O)=C1)C,0.004954394046217203
C12C=NN(C3C=CC=CC=3)C=1CC(C)(C)CC2NC(=O)C1=CC=C(C=C1)N1C=CN=C1,0.00876591184642166
C1(N)N(C2C=CC(=CC=2)C(=O)NC2C=C(C)C=CC=2OC)N=CC=1C(OCC)=O,0.004549569624941796
C1(NN=C(C2=CC=C(C=C2)C)C=1)C(=O)N1CCCC1C1=CC=C(C(N)=O)S1,0.004801461310125888
C1(N)N(C2=CC=C(C=C2)C(=O)NC2C=CC(=C(Cl)C=2)OC)N=CC=1C(OCC)=O,0.004037785087712109
C1(N)(CC1)C(=O)NCC1=CC=CN=C1OC1C=CC(=C(F)C=1)F,0.0065575057407841085
CC1C2=C(C=C(C(=C2)Cl)OCC(N(C2CCCCC=2)C2CC2)=O)OC(=O)C=1,0.009293025638908149
CCN(C1CCCCC=1)C(COC1=C(Cl)C=C2C(OC(C=C2C)=O)=C1)=O,0.010062983632087708
C1(N)N(C2C=CC(=CC=2)C(=O)NC2C=CC(=CC=2)NC(C)=O)N=CC=1C(OCC)=O,0.0038702146033756436
C1(N)N(C2=CC=C(C=C2)C(NCCN2CCOCC2)=O)N=CC=1C(OCC)=O,0.003994251973927021
C1(N)N(C2C=CC(=CC=2)C(=O)NC2C=CC(=CC=2C)N(CC)CC)N=CC=1C(OCC)=O,0.004989094054326415
C1(CO)(CC1)CN(C)C(=O)[C@@H]1CCCCN1,0.004768239031545818
C1(N)N(C2=CC=C(C=C2)C(=O)NC2=CC=C(C=C2)C)N=CC=1C(OCC)=O,0.00426884819753468
C1(CN2CCC(CC2)N2CCCC(C2)C(=O)N2CCCC2)N(CC)N=CN=1,0.010911104129627347
C1(N)N(C2=CC=C(C=C2)C(=O)NC2CCCCC2)N=CC=1C(OCC)=O,0.005714137759059668
CC1C2=C(C=C(C(=C2)Cl)OCC(C2SC(CNC(C(C)(C)C)=O)=CC=2)=O)OC(=O)C=1,0.008266247645951807
N1(C=CC=N1)C1=CC=CC(=C1)CNC(=O)C(C)OC1=CC(C)=CC=C1C,0.00800472751725465
C1(N)N(C2=CC=C(C=C2)C(=O)NC2C=CC(=CC=2)Br)N=CC=1C(OCC)=O,0.00461020756047219
C=CCNC1SC(SCC(N2CCN(C(C3SC=CC=3)=O)CC2)=O)=NN=1,0.0056917181937024
N1=C(CCC(=O)N(CC(C)C)CC2C=CSC=2)ON=C1C1C=CC=NC=1,0.010227071726694703
COC1=C(F)C=C(C(CSC2SC(NCC=C)=NN=2)=O)C=C1,0.010689723817631603
S(C)(=O)(=O)NC1=CC=C(C=N1)N1C=NC(C2C=CC=CC=2)=C1,0.0025453756388742477
CCCCN1C(=O)NN=C1SCC1N2C(N(C(C3=C2C=CC=C3)=O)C)=NN=1,0.004223895992618054
C1(C(=O)N(C)C)N=C2N(C=C(C=C2)Cl)C=1CN1CCCC(C(C)C)C1,0.006479694577865303
CN1C2N(C(=NN=2)COC(C2(C3=CC=C(F)C=C3)CCCC2)=O)C2=C(C=CC=C2)C1=O,0.0077707922318950295
C1(N)N(C2C=CC(=CC=2)C(NCCCC)=O)N=CC=1C(OCC)=O,0.0042319307569414375
C1(C2=CC=C(C(C)=C2C)OC)OC(=C(CN2CCC(CC2)NC)N=1)C,0.006693126540631056
C1(N)N(C2C=CC(=CC=2)C(NC)=O)N=CC=1C(OCC)=O,0.003564074949827045
C1(N)N(C2=CC=C(C=C2)C(=O)NC2C=CC=CC=2OC)N=CC=1C(OCC)=O,0.0044398432713933286
C1(C=C(NCCO)N=C(N)N=1)C1C=C(OC)C=CC=1F,0.0016873093321919442
C1(N)N(C2=CC=C(C=C2)C(=O)NC2C(OC)=CC(=CC=2Cl)OC)N=CC=1C(OCC)=O,0.004128353332635015
CCS(N1C2=C(C=C(C(COC(C3(C4=CC=C(F)C=C4)CCCC3)=O)=O)C=C2)CC1)(=O)=O,0.009695145254954695
C1(N)N(C2=CC=C(C=C2)C(=O)NC(C)CC2=CC=CO2)N=CC=1C(OCC)=O,0.004185266746208072
CC1=CC=C(NC2=NC(COC(C34SCCN3C(=O)CC4)=O)=NC(N)=N2)C=C1,0.004142325895372778
C1(C(=O)N(C)CC2SC=CC=2C)C=C2N(C=C(C=N2)CCO)N=1,0.0035778337041847408
CN1C2N(C(=NN=2)COC(C(NC(N)=O)CC2=CC=CC=C2)=O)C2=C(C=CC=C2)C1=O,0.0042161047225818035
C1(N)N(C2C=CC(=CC=2)C(NCCC2=CNC3C=CC(C)=CC2=3)=O)N=CC=1C(OCC)=O,0.0031774636008776724
CN1C2N(C(=NN=2)COC(C2=C(Cl)C=CC(S(C)(=O)=O)=C2)=O)C2=C(C=CC=C2)C1=O,0.00608557746745646
CCOC(C1=C(COC(C2=CC(S(C)(=O)=O)=CC=C2)=O)C2=C(C=CC=C2)O1)=O,0.008185344189405442
C1(C(=O)N2CCCCC2)N=C2N(C=CC=C2C)C=1CNC(C)C1=C(C)SC(C)=N1,0.005660264426842332
BrC1=C(OCC(N2CCN(C(C3SC=CC=3)=O)CC2)=O)C=CC=C1,0.008719812519848347
C1(CCCN(C(=O)CCNC(C)=O)C1)(CC1C=CC(=CC=1)F)C(OCC)=O,0.006900800135917961
CCS(N1C2=C(C=C(C(COC3=C(Br)C=CC=C3)=O)C=C2)CC1)(=O)=O,0.010598811786621809
N1(C2CC2)CC(CC1=O)C(NCCC1=CC=C(C(C)=C1)C)=O,0.012924409285187722
CC(N1C2=C(C=C(C=C2)NC(COC2=C(Br)C=CC=C2)=O)CC1)=O,0.008441620785742999
C1(SC2=C(C=CC(Cl)=C2)N=1)N1CC(C1)C1=CC=CC=N1,0.007920156372711063
N1(C(C)C(=O)NCC2=NC=CN2CC)C2=CC=CC3=CC=CC(=C23)C1=O,0.004359115206170827
CC(C1=CC=C(OCC(N2CCN(C(C3SC=CC=3)=O)CC2)=O)C=C1)C,0.009041631128638983
O1CC(NCC2=CC=C(C=C2)SC)CC2=CC=CC=C21,0.009794753277674317
C1(N)N(C2C=CC(=CC=2)C(=O)NCC2COCCO2)N=CC=1C(OCC)=O,0.004320088494569063
CC(C1=CC=C(OCC2N3C(N(C(C4=C3C=CC=C4)=O)C)=NN=2)C=C1)C,0.010145614761859179
C1(=NC=CN1CC1CCN(CC1)CC1=CC=CC=C1)C1=NC=CN1C,0.008811833197250962
C1(N)N(C2=CC=C(C=C2)C(NCCC2C(C)=NN(CC)C=2C)=O)N=CC=1C(OCC)=O,0.005073276022449136
C(CCC1=CC=CC=C1)(=O)N(CCOC)CC1CCN(CC1)CC1=CC=CC=C1F,0.008666521986015141
CC(C1=CC=C(OCC(NC2=CC3=C(N(C(C)=O)CC3)C=C2)=O)C=C1)C,0.00880235773511231
S(=O)(=O)(CCNC1=NC=NC2SC(C)=C(C)C=21)N1CCCC1,0.0038446654682047663
CC(N1C2=C(C=C(C=C2)NC(COC2=CC(Cl)=CC(Cl)=C2)=O)CC1)=O,0.006645321846008301
C12NC=NC=1CCNC2C1=CC=C(C=C1)C1=C(C=CC=C1OC(C)C)F,0.004303079028613865
C1(N)N(C2C=CC(=CC=2)C(NCCCN2CCN(CC2)C)=O)N=CC=1C(OCC)=O,0.004143213341012597
C1(=COC(COC2C=CC(=CC=2OC)C)=N1)C(=O)N(C)CC1CCCO1,0.008327468088828028
CCCC1=C(C)SC(C(OCC2N(CCC)C3=C(C=C(S(N(C)C)(=O)=O)C=C3)N=2)=O)=C1,0.00468070616479963
C(=O)(C1CCOC1)N1CCC(CC1)CCC(=O)NC1C=CC(=C(Cl)C=1)F,0.006762600364163518
COCCCN1C2N(C(=NN=2)SCCC(C)C)C2=C(C=CC=C2)C1=O,0.00905879382044077
C1(N)N(C2=CC=C(C=C2)C(NCCCN2CCCCC2)=O)N=CC=1C(OCC)=O,0.004389374493621289
N1(CCCN(CC2CCNCC2)CC1)C1CC2C(=CC=CC=2)C1,0.018763068597763777
C1(N)N(C2C=CC(=CC=2)C(NCCCN(C)CC2=CC=CC=C2)=O)N=CC=1C(OCC)=O,0.004313391493633389
N1(CCNC(=O)C1CC(=O)N1CCCO1)CC(C1=CC=CC=C1)C1=CC=CC=C1,0.0021331758587621154
C1(N)N(C2=CC=C(C=C2)C(NCCCN2CCCCCC2)=O)N=CC=1C(OCC)=O,0.005266371346078813
C1(OC(=C(CN2CCN(CC2)C(=O)C2C=CC(=CC=2)OC)N=1)C)C1=CC=C(C=C1F)F,0.005369707732461393
C(F)(F)(F)C1=CC=CC(CC2(CO)CCN(CC2)C(=O)CSC2C=CC=CC=2)=C1,0.002740547328721732
C1(N)N(C2C=CC(=CC=2)C(NCCCN2CCCCC2C)=O)N=CC=1C(OCC)=O,0.004237614385783672
C1(CN(C)C(=O)C2=COC(COC3C=CC(=CC=3)OC)=N2)C(C)=NN(C)C=1C,0.00823495495133102
C1(N)N(C2=CC=C(C=C2)C(NCCCN2CCCC2)=O)N=CC=1C(OCC)=O,0.004736760258674621
N1N(CCS(C)(=O)=O)C=C(CC(C)C2=CC=CC=C2)N=1,0.00670062736608088
C1(N)N(C2=CC=C(C=C2)C(NCCN2CCCCCC2)=O)N=CC=1C(OCC)=O,0.005336722545325756
COCCCN1C2N(C(=NN=2)SCC2OC(=O)NC2)C2=C(C=CC=C2)C1=O,0.0029191319947130976
N1(C2C=CC=CC=2)C(=O)NN=C1CC1CCN(CC1)C(=O)C1C=C(C)NC(=O)C=1,0.002999867033213377
C1(N)N(C2=CC=C(C=C2)C(NCCN2CCCC2)=O)N=CC=1C(OCC)=O,0.004700726759620011
CC(C(N(CC1=CC(F)=CC=C1)C)=O)SC1=C(C#N)C(C)=CC(C)=N1,0.005979341152124107
C1(N)N(C2C=CC(=CC=2)C(NCCN(C)CC2C=CC=CC=2)=O)N=CC=1C(OCC)=O,0.004775456944480538
CCN(C1C(=O)NC(=O)N(CC2=CC=CC=C2)C=1N)C(COC(C1N=C(NCC=C)SC=1)=O)=O,0.003845670144073665
N1CCC2(CC1)CCC(CC2)NCCC1=CC=CC(F)=C1,0.012100840266793967
CCN1C2=C(C=C(S(N(C)C)(=O)=O)C=C2)N=C1COC(C1N=C(NCC=C)SC=1)=O,0.0036400146782398224
C1(=O)C(C2CCN(CC2)C2C(C)=NC=C(C)N=2)(C2=CC=CN=C2)NC(=O)N1,0.002244834671728313
C1(N)N(C2C=CC(=CC=2)C(NCCCN2CCN(CC2)CC)=O)N=CC=1C(OCC)=O,0.004401367739774287
N1=C(N2CCOCC2)C(N(C)CC2C=CN=CC=2C)=NC2=NON=C21,0.006623221887275576
CC1=CN2C(=NC(=CC2=O)COC(C2N=C(NCC=C)SC=2)=O)C=C1,0.005645541101694107
C1(N=CN=C(OC(CCC=C)CN2CCCN(C)CC2)C=1)N1CCCCC1,0.011533485678955912
C1(N)N(C2C=CC(=CC=2)C(NCCN2CCN(CC2)CC)=O)N=CC=1C(OCC)=O,0.004604725539684296
N1(CCCCCC1)CC(O)COC1C=CC=C(C=1)CNC1CCCC1,0.006924212304875254
C1(N)N(C2C=CC(=CC=2)C(=O)NCC2CCN(CC2)CC2C=CC(=CC=2)C)N=CC=1C(OCC)=O,0.004602783615700901
OCCCN1C(=O)C2=C(C=CC=C2)N=C1SCC1ON=C(C2=CC=C(Cl)C=C2)N=1,0.0037582412478514016
C1(N)N(C2=CC=C(C=C2)C(NCCCN2CCCC(C)C2)=O)N=CC=1C(OCC)=O,0.004199223162140697
N1C(CC)=NOC=1C(C)NC(CC1C=CN=CC=1)=O,0.006743752118200064
CCS(N1C2=C(C=C(C(COC(C3=C(C)C=CC(S(C)(=O)=O)=C3)=O)=O)C=C2)CC1)(=O)=O,0.008211122103966772
N1(CCC2=CC=CC(F)=C2)CC(CCC1=O)C(=O)N(C)CC1=CC=CC2C=CC=CC1=2,0.00733268188778311
COC1=C(F)C=C(C(CN2C(=O)C3(CCCCC3)N(C)C2=O)=O)C=C1,0.006512990291230381
C1(N)N(C2=CC=C(C=C2)C(NCCCN2CCN(CC2)C2C=CC(=CC=2)F)=O)N=CC=1C(OCC)=O,0.0029743443010374904
C1(CN2CCC3(CCCN(CC4=CC=CC=C4F)C3)C2)=NC=CN1CC,0.007840791041962803
CCS(N1C2=C(C=C(C(CN3C(=O)C4(CCCCC4)N(C)C3=O)=O)C=C2)CC1)(=O)=O,0.004330431460402906
C1(N)N(C2=CC=C(C=C2)C(NCCCN2CCC(CC2)CC2C=CC=CC=2)=O)N=CC=1C(OCC)=O,0.004097653855569661
CCN1C(=O)N(CC2=CC=CC=C2)C(N)=C(C(CSC2N(C3=C(C)C=CC=C3)C=NN=2)=O)C1=O,0.006477399962022901
C1(N)N(C2C=CC(=CC=2)C(NCCCN2CCN(CC2)CC2C=CC=CC=2)=O)N=CC=1C(OCC)=O,0.003724517719820142
C1(C(=O)NCC2=NC=CN2C(C)C)C=C(ON=1)CN(C)CC1C=CC=CC=1,0.006436035479418933
C1(N)N(C2=CC=C(C=C2)C(NCCCN2CCC(CC2)N2CCCCC2)=O)N=CC=1C(OCC)=O,0.004909290955401957
N1(CCCC(C1)C(=O)NC1C=CC(=CC=1)C1C=CC=C(OC)C=1)C(C1CCC1)=O,0.008748881425708533
C1(N)N(C2C=CC(=CC=2)C(=O)NCC2=CC=C(C(OCC)=C2)OC)N=CC=1C(OCC)=O,0.004636859754100442
C(=O)(N[C@H]1CN([C@H](CO)C1)C)C1C=CC(=NC=1)C#N,0.002017878892365843
CC1=C(N2C(SCC(N3CCN(CC(N4CCCC4)=O)CC3)=O)=NN=C2)C=CC=C1,0.0073915082728490235
C1(N)N(C2C=CC(=CC=2)C(NCCCN2CCC3C(=CC=CC=3)C2)=O)N=CC=1C(OCC)=O,0.004489437397569418
C1C(=O)N(C)N=CC=1N1CCC(CNC(=O)C2=CC=CN=C2NC)C1,0.0055506867589429024
C1(N)N(C2C=CC(=CC=2)C(=O)NCC2CCN(CC2)CC2=CC=C(C=C2)Cl)N=CC=1C(OCC)=O,0.003607314673718065
C12=C(CCNC1C1=CC=C(C(CO)=C1)OC(C)C)NC=N2,0.0023876432445831598
CC1=C(N2C(SCCN3CCCCC3)=NN=C2)C=CC=C1,0.010112207336351275
C1(N)N(C2=CC=C(C=C2)C(NCCCN2CCN(CC2)C2C=CC=CC=2)=O)N=CC=1C(OCC)=O,0.003571463213302195
C1(CNC(=O)C2CCCN(CC3=CC=CO3)C2)C(C)=NOC=1C,0.009214831795543433
C1(N)N(C2C=CC(=CC=2)C(NCCCN2CCN(CC2)CCC)=O)N=CC=1C(OCC)=O,0.004422736424021423
N1(CCN(CC1)CCCC(F)(F)F)C1C=CC(=CC=1)OC,0.005995968030765653
C1(N)N(C2C=CC(=CC=2)C(NCCN2CCN(CC2)C)=O)N=CC=1C(OCC)=O,0.004266327270306647
S(C)(=O)(=O)N(C)CCNC1=NC=CC(CCC(F)(F)F)=N1,0.0023836673513869754
CC1=C(C)C(C)=C(C#N)C(SCC(N(C2CCCCC=2)C2CC2)=O)=N1,0.009490941558033228
S(=O)(=O)(N1CCC(CC1)CN1C=C(N=N1)CCO)C1C=C(C)C=CC=1C,0.002720688038971275
CCN(C1CCCC=1)C(CSC1=C(C#N)C(C)=C(C)C(C)=N1)=O,0.009241415397264063
C1(N)N(C2=CC=C(C=C2)C(NCCN(C)C2CCCCC2)=O)N=CC=1C(OCC)=O,0.006199487647973001
NC1=C(C(OCC2NC(=O)C3=C(SC4=C3CCCC4)N=2)=O)N=CC=N1,0.0038358103833161295
C1(N)N(C2C=CC(=CC=2)C(NCCN2CCN(CC2)C2C=CC=CC=2F)=O)N=CC=1C(OCC)=O,0.0032263939850963653
C1(N)N(C2C=CC(=CC=2)C(=O)NCC2C=CC(=C(OC)C=2)OCC)N=CC=1C(OCC)=O,0.004628107463940978
C1(C(C)=NNC=1C)CC(=O)N1CCC2(CC1)NCCNC2=O,0.0035361939924769105
C1(N)N(C2=CC=C(C=C2)C(=O)NCC2=CC=C(C=C2)SC)N=CC=1C(OCC)=O,0.0037930286605842413
C(=O)(N1CCN(CC1)C(C1=CC=CC=C1)=O)C1CCCN(CCO)C1,0.003399349795654416
CC1=CC=C(NC2SC=C(COC(C3=C(N)N=CC=N3)=O)N=2)C=C1,0.004617196600884199
C1(N)N(C2=CC=C(C=C2)C(=O)NCC2C=CC=C(OC)C=2OC)N=CC=1C(OCC)=O,0.004589484399184584
C12C3CCNCC=3SC=1N=CN=C2N1CCCC(C(NCCCO)=O)C1,0.0022239054611418395
C1(N)N(C2=CC=C(C=C2)C(=O)NCC2=CC(OC)=CC=C2OC)N=CC=1C(OCC)=O,0.004206463252194226
C1(N)N(C2=CC=C(C=C2)C(=O)NCC2C=CC(=CC=2)OCC)N=CC=1C(OCC)=O,0.004208538914099336
N1C(CNC(CSC2=NN=C(C)S2)=O)=NOC=1C1CCCO1,0.0069337399443611504
CC1=CN2C(=NC(=CC2=O)COC(C2=C(N)N=CC=N2)=O)C=C1,0.00444854311645031
C1(N)N(C2=CC=C(C=C2)C(=O)NCC2C=C(Br)C=CC=2OC)N=CC=1C(OCC)=O,0.004502707347273827
CCOC(C1=C(COC(C2=C(N)N=CC=N2)=O)C2=C(C=CC=C2)O1)=O,0.0056999630061909555
C1(N)N(C2=CC=C(C=C2)C(=O)NCC2=CC=C(C=C2)N(C)C)N=CC=1C(OCC)=O,0.004214162519201636
CCN(C1C(=O)NC(=O)N(CC2=CC=CC=C2)C=1N)C(COC(C1=C(N)N=CC=N1)=O)=O,0.004304687166586519
C1(N)N(C2=CC=C(C=C2)C(NCCCN2CCN(CC2)C2CCCCC2)=O)N=CC=1C(OCC)=O,0.004565731878392399
C12=C(CCN(C(=O)C3=CSC(C4=CC=CS4)=N3)C1)NN=C2C1CC1,0.004659555130638182
C1(N)N(C2=CC=C(C=C2)C(=O)NCC2=CC=CC=C2C)N=CC=1C(OCC)=O,0.004355970316100866
C1(C=NN(C)C=1)C1=CC=C(C(=O)NCC2=CC=CC=C2)O1,0.007448324793949723
CCN1C2=C(C=C(S(N3CCCCC3)(=O)=O)C=C2)N=C1COC(C1=C(N)N=CC=N1)=O,0.0028793786070309578
C(=O)(CCNC1CC=CC1)N(CC)CC1=CC=CC=C1,0.012284214375540614
CC(C1NC(=O)C2=C(SC(=C2C)C)N=1)OC(C1=C(N)N=CC=N1)=O,0.003120138612575829
C1(N)N(C2=CC=C(C=C2)C(=O)NCC2C=CC(=CC=2)OC(C)C)N=CC=1C(OCC)=O,0.004507468803785742
NC1=C(C(OCC(NC(OCC2=CC=CC=C2)=O)=O)=O)N=CC=N1,0.0013985254103317858
C1(N)N(C2=CC=C(C=C2)C(=O)NCC2=CC=C(C=C2)OCCC)N=CC=1C(OCC)=O,0.0044266486307606105
C1(C(C)=CC=CC=1C(C)C)NC(CN[C@@H]([C@@H](C)O)C(N)=O)=O,0.004100648208986968
NC1=C(C(OCC(N2CCN(C(C3SC=CC=3)=O)CC2)=O)=O)N=CC=N1,0.004037784761749208
C1(N)N(C2=CC=C(C=C2)C(=O)NCC2=CC=CC(F)=C2)N=CC=1C(OCC)=O,0.003813510143663734
N1(CC2=CC=CC=C2OC)CC(CCC1=O)C(=O)NC1CCCCCC1,0.01020187376998365
C1(N)N(C2=CC=C(C=C2)C(NCCC(C)N2CCCC2)=O)N=CC=1C(OCC)=O,0.005264426488429308
C1(=CC(CNCCC2=CC=CC(F)=C2)=CC=C1OC)OCC(O)CN(C)C(C)C,0.004789056454319507
C1(N)N(C2=CC=C(C=C2)C(=O)NC(C)C2C=CC3=C(OCCO3)C=2)N=CC=1C(OCC)=O,0.004628876503556967
C(=O)(NC1C=CC=C(C=1)NC(=O)C1(CCCCO1)C)C1C=CC=CC=1OC,0.00848601683974266
C1(N)N(C2=CC=C(C=C2)C(=O)NCC2=CC=C(C=C2)CC)N=CC=1C(OCC)=O,0.004858996951952577
C1(C(NCCN2CCNC2=O)=O)(CC2C(=CC=CC=2)C1)N1C[C@H](C)O[C@H](C)C1,0.0051785139017738405
NC1=C(C(OCC(N(C2CCCCC=2)C2CC2)=O)=O)N=CC=N1,0.008008507685735822
C1(N)N(C2=CC=C(C=C2)C(=O)NCC2CCN(CC2)CC2C=CC=CC=2F)N=CC=1C(OCC)=O,0.00355832016794011
C1(=COC(COC2C=CC3=C(C=2)N=C(S3)C)=N1)C(=O)N[C@@H](CO)C(C)C,0.0029044794267974795
C1(N)N(C2C=CC(=CC=2)C(=O)NCC2CCN(CC2)CCC2C=CC(=CC=2)F)N=CC=1C(OCC)=O,0.003863494610413909
S(C)(NCCNCC(=O)NC1=CC=C(C=C1F)Cl)(=O)=O,0.002606366976397112
NC1=C(C(OCC(NC(C2=CC=CC=C2)CC2=CC=CC=C2)=O)=O)N=CC=N1,0.005961622367613018
C1(N)N(C2=CC=C(C=C2)C(=O)NC(C)C(=O)N2CCCCC2)N=CC=1C(OCC)=O,0.004084012168459594
CCOC(C1=C(COC(C2=C(C)N=C(C)S2)=O)C2=C(C=CC=C2)O1)=O,0.008466993132606149
C(=O)(N1CCCCC1)C1=CC=CC=C1OC1CCN(CC1)C(C)CCN1C=CC=N1,0.011467691930010914
N1(CCC2C=CC=CC1=2)C(=O)C(=O)N1CCC2(CC1)CN(C)CCN2C,0.009446493024006486
C1(N)N(C2=CC=C(C=C2)C(=O)NC2C=CC3=C(CN(C3)CC3C=CC=CC=3)C=2)N=CC=1C(OCC)=O,0.0043622296769171955
C(=O)(N1CCC(CC1)CCC(=O)NC1CC1)C1C=C(C)C=C(C)C=1,0.011149203171953559
COC1=C(F)C=C(C(COC(C2=C(C)N=C(C)S2)=O)=O)C=C1,0.012093487707898021
C1(=CC=CC=C1Cl)CC1(CCNCC1)CO,0.005248145549558103
CCOC1=C(OCC)C=C(N2C(=O)C(=O)N(CC(C3=CC4=C(C=CC=C4)C=C3)=O)C2=O)C=C1,0.004801754793152213
C1(CN2CC[C@H]([C@H](O)C2)C2=CC=CC(OC)=C2)C2C=CC=CC=2N(C)C=1,0.004292764235287905
COC1=CC(OCC(NC2=CC3=C(N(C(C)=O)CC3)C=C2)=O)=CC(OC)=C1,0.00785478453617543
S(C)(=O)(=O)C1=CC=C(C=C1)C1=CC=NC(SC)=N1,0.007446599868126213
CCOC1=C(OCC)C=C(N2C(=O)C(=O)N(CC(NC)=O)C2=O)C=C1,0.0027105723856948316
CCOC1=C(OCC)C=C(N2C(=O)C(=O)N(CC(NC3=C(Cl)N=CC=C3)=O)C2=O)C=C1,0.002697185188299045
N1(C(CC(C)C)C(N)=O)C=NC2C(=CC(=CC=2C)C)C1=O,0.007421498675830663
C1(N)N(C2=CC=C(C=C2)C(=O)N2CCCCCC2)N=CC=1C(OC)=O,0.005386737734079361
CCOC1=C(OCC)C=C(N2C(=O)C(=O)N(CC(NC3=C(C(C)=O)C=C4C(OCO4)=C3)=O)C2=O)C=C1,0.004815521102864295
C(=O)(C1CCN(CC1)C(C)C)N1CCN(CC1)C1C=CC=CC=1CC,0.01256752023473382
C1(N)N(C2=CC=C(C=C2)C(=O)N2CCC3C=CC=CC2=3)N=CC=1C(OC)=O,0.005166641809046269
COC1=C(F)C=C(CN(C(CN2N=C(C3=CC=C(Cl)C=C3)N=N2)=O)C)C=C1,0.005751758848782628
C1(N)N(C2=CC=C(C=C2)C(=O)N2CCN(CC2)C2C=CC=CC=2)N=CC=1C(OC)=O,0.004378325818106532
ClC1=CC=C(C2=NN(CC(N(C3CCCCC=3)C3CC3)=O)N=N2)C=C1,0.006803379207849502
C1(N)N(C2=CC=C(C=C2)C(=O)N2CCCC2)N=CC=1C(OC)=O,0.00457158840727061
CC(NCC1SC(C(CN2N=C(C3=CC=C(Cl)C=C3)N=N2)=O)=CC=1)=O,0.005597809539176523
C1(N)N(C2C=CC(=CC=2)C(=O)N2CCN(CC2)C2C=CC=C(Cl)C=2)N=CC=1C(OC)=O,0.003650178702082485
N1(CCOCC1)C(C)C1=CC=C(C=C1)C1C=CC2=C(OCO2)C=1,0.012380680534988642
C1(N)N(C2=CC=C(C=C2)C(=O)N2CCN(CC2)C2C=C(C)C=CC=2C)N=CC=1C(OC)=O,0.0048635615268722175
C1(N)N(C2C=CC(=CC=2)C(=O)N2CCN(C(C)C2)C2=CC=CC(C)=C2)N=CC=1C(OC)=O,0.004724822635762393
C1(CN2CCC(CC2)CN2CCCC2=O)=CN(N=C1C1C=CC(=CC=1)F)C1C=CC(=CC=1)C,0.008241943176835775
COC1=C(F)C=C(CN(C(CN2N=C(C3=CC=C(C(C)C)C=C3)N=N2)=O)C)C=C1,0.006716879433952272
C1(N)N(C2C=CC(=CC=2)C(=O)N(CC)CC2C=CC=CC=2)N=CC=1C(OC)=O,0.005083639407530427
N1(CCC(CC1)CCC(=O)NCC1CCCN1CC)C(=O)C=CC1C=CN=CC=1,0.009882005909457803
C1(C2C=CC=CC=2N(CC(=O)NC2=CC=NN2CCCC)N=1)C1C(C)=NOC=1C,0.007408545678481459
CC(C1=CC=C(C2=NN(CC(N(CC3SC=CC=3)CC=C)=O)N=N2)C=C1)C,0.007299151970073581
CCN1C(=O)N(CC2=CC=CC=C2)C(N)=C(C(CSC2N(C3=C(C)C=CC=C3)C(C)=NN=2)=O)C1=O,0.006616036710329354
C1(C(C)=NOC=1C)C1N=C(C)C=CC=1C(N)=O,0.008274228917434812
CN1C2N(C(=NN=2)COC2=CC=C(C(F)(F)F)C=C2)C2=C(C=CC=C2)C1=O,0.00587411317974329
C1(N)N(C2C=CC(=CC=2)C(=O)N2CCN(CC2)CCC)N=CC=1C(OC)=O,0.004629208380356431
CC(N1C2=C(C=C(C=C2)NC(COC2=CC=C(C(F)(F)F)C=C2)=O)CC1)=O,0.005872718268074095
CC1=C(Cl)C=C(N2C(SCC3N4C(N(C(C5=C4C=CC=C5)=O)C)=NN=3)=NN=C2)C=C1,0.007341134967282415
C1(N)N(C2C=CC(=CC=2)C(=O)N2CCN(CC2)C2=CC=CC=N2)N=CC=1C(OC)=O,0.0036004195688292386
C12SC=CN1C=C(CNC(=O)C1CCCN(C3CCN(CC3)C(C)C)C1)N=2,0.00609155313577503
C1(N)N(C2C=CC(=CC=2)C(=O)N2CCC3(CC2)OCCO3)N=CC=1C(OC)=O,0.004808585508726537
C1(C=C(NN=1)CC(C)C)C1N(CCCC(=O)N(C)C)C=NC=1C1=CC=CC=C1,0.0053174268454313275
C1(N)N(C2=CC=C(C=C2)C(=O)N2CCN(CC2)C2C=CC(=CC=2)F)N=CC=1C(OC)=O,0.003895082033704966
N1(CCCC(C1)N1CCCC1=O)C(=O)C1C=CC(=CN=1)O,0.005802410515025258
ClC1=CC=C(C2N=C(COC(CCS(C3=CC4=C(OCCO4)C=C3)(=O)=O)=O)ON=2)C=C1,0.0065516292816028
N1=C(C2=CC=C(N=C2)NCC2=CC=C(C=C2)C(OC)=O)ON=C1C1CC1,0.006401628581807017
CC1=C(C)C2=C(N=CN=C2N2CCC(C(OCC(N)=O)=O)CC2)S1,0.005049139633774758
N1(CCCN(CC(=O)N(C)CC)CC1C(C)C)CC1=CC=C(C=C1)F,0.010962652508169413
C1(N)N(C2C=CC(=CC=2)C(=O)N2CCN(CC2)CC2=CC=C3C(OCO3)=C2)N=CC=1C(OC)=O,0.0036457426380366088
N1=C(N(C)C)N=C(C(C)=C1NC(C)C1=CN2C(SC=C2)=N1)C,0.004992708947975188
CC1=C(C)C2=C(N=CN=C2N2CCC(C(OCC3N=C4N(C=C(C=C4)C)C(=O)C=3)=O)CC2)S1,0.006058624782599509
C1(N)N(C2=CC=C(C=C2)C(=O)N2CCN(CC2)C(=O)C2=CC=CO2)N=CC=1C(OC)=O,0.0048692319076508285
CC1=C(C)C2=C(N=CN=C2N2CCC(C(OCC(C3NC=CC=3)=O)=O)CC2)S1,0.005545971670653671
C1(N)N(C2=CC=C(C=C2)C(=O)N2CCN(CC2)C2C=CC(=CC=2)OC)N=CC=1C(OC)=O,0.003976926021277904
C1(CCCN(CC(N)=O)C1)C(=O)NCC1C=CC=C(Cl)C=1C,0.006060230568982661
C1(N)N(C2C=CC(=CC=2)C(=O)N2CCN(CC2)C2=CC=CC=C2F)N=CC=1C(OC)=O,0.0037640511873178184
N1(CCCC(C(=O)C2C=CC(=CC=2)C2=CC=CC=C2)C1)C(=O)C1C=CC2C(=NC=CN=2)C=1,0.011865773145109415
C1(N)N(C2=CC=C(C=C2)C(=O)N2CCCCC2)N=CC=1C(OC)=O,0.004270254797302186
CC(C(NC1=CC2=C(OCCO2)C=C1)=O)OC(C1CCN(C2=C3C(SC(=C3C)C)=NC=N2)CC1)=O,0.005588397872634232
CC(C(N1CCC(C)CC1)=O)OC(C1CCN(C2=C3C(SC(=C3C)C)=NC=N2)CC1)=O,0.007599417003802955
COCCCN1C(C)=C(C(COC(C2CCN(C3=C4C(SC(=C4C)C)=NC=N3)CC2)=O)=O)C=C1C,0.0070964596699923275
C1(N)N(C2=CC=C(C=C2)C(=O)NCC2C=C(OCC)C(=C(OCC)C=2)OCC)N=CC=1C(OC)=O,0.004673269134946168
CC(N1C(NC(COC(C2CCN(C3=C4C(SC(=C4C)C)=NC=N3)CC2)=O)=O)=CC=N1)C,0.005313036043662578
C1(N)N(C2=CC=C(C=C2)C(=O)NC2=CC=C(C=C2)C(C)=O)N=CC=1C(OC)=O,0.006348354462534189
CCN(C1CCCCC=1)C(CSC1OC(C2CCCCC2)=NN=1)=O,0.015022601187229156
C1(N)N(C2C=CC(=CC=2)C(=O)NC2C=CC=CC=2C(C2C=CC=CC=2)=O)N=CC=1C(OC)=O,0.005141754518263042
CC(CN1C2=C(C=C(C(OCC(NCCOC3=CC=CC=C3)=O)=O)S2)C(C)=N1)C,0.005925892503000796
C1(=C(C)SC(C)=N1)CC(=O)N(CC1C=CC=CC=1)CC1SC=CN=1,0.00884857946075499
O=C(N1CCN(C(C2SC=CC=2)=O)CC1)CSC1OC(C2CCCCC2)=NN=1,0.008850107807666064
C1(=O)OCCN1CC(=O)N(CC1=CC=C(C=C1)OC)CC1=CC=CC(C)=C1,0.00744895355310291
C1(N)N(C2=CC=C(C=C2)C(=O)NC2=CC=C(C=C2)OC)N=CC=1C(OC)=O,0.004285134421661496
N1(C[C@H](C[C@H]1C(NC)=O)N)C(=O)CC1=CN2C(SC=C2)=N1,0.004075615573674441
C1(N)N(C2=CC=C(C=C2)C(=O)NCC2=CC=CC=C2)N=CC=1C(OC)=O,0.0038935507065616546
N1(CCOC(CCNC(C2CCCCCC2)=O)C1)C1CCOCC1,0.01593783823773265
C1(N)N(C2=CC=C(C=C2)C(=O)NC2C=CC(=CC=2)Cl)N=CC=1C(OC)=O,0.003598054894246161
C1(SC=CC=1C)[C@@H]1CCN(C[C@H]1O)C(=O)CNC(C1C=CC=CC=1)=O,0.0022034752764739096
COC1=C(F)C=C(C(CSC2OC(C3CCCCC3)=NN=2)=O)C=C1,0.012538195494562388
N1(CCCC(C(NCCOC)=O)C1)C1CCN(CC1)CC1=CC=CC=C1F,0.006480151950381696
O=C(N1CCCC1)CN1CCN(C(CSC2OC(C3CCCCC3)=NN=2)=O)CC1,0.009902875870466232
C1(=NC=NC2CNCCC1=2)NC(C)C1C=CC(=CC=1)C(C)(C)C,0.01013645580969751
C1(N)N(C2=CC=C(C=C2)C(=O)NC2C(OC)=CC(=C(Cl)C=2)OC)N=CC=1C(OC)=O,0.004250026366207749
C12CCN(CCC=1N=C(N=C2NCCCC1C(C)=NOC=1C)C)C(C)=O,0.007706687459722162
C1(N)N(C2C=CC(=CC=2)C(=O)NC2=CC=C(C=C2C)Cl)N=CC=1C(OC)=O,0.00359936545137316
C1(N2CCN(CC2)CC2=CC=CS2)=C2C=NNC2=NC(N)=N1,0.0024238984566181897
C1(N)N(C2C=CC(=CC=2)C(=O)NC2=C(C)C=CC(Cl)=C2)N=CC=1C(OC)=O,0.003572379006072879
C1(C(=O)N2CCN(CC2)C2CCCCC2)N=C2N(C=CC=C2)C=1CN(C)CCN1C=CN=C1,0.008147236495278775
O=C(NC(C1=CC=CC=C1)CC1=CC=CC=C1)CSC1OC(C2CCCCC2)=NN=1,0.010587470419704915
N1(CCCC(C(NCCOC)=O)C1)C1CCN(CC1)CC1C=CC(=CC=1)C,0.010426142252981663
CCS(N1C2=C(C=C(C(CSC3OC(C4CCCCC4)=NN=3)=O)C=C2)CC1)(=O)=O,0.008922240510582925
CC1=CN2C(=NC(=CC2=O)COC(C23SC4=C(C=CC=C4)N2C(=O)CC3)=O)C=C1,0.0065814110217615965
CCOC(C1=C(COC(C23SC4=C(C=CC=C4)N2C(=O)CC3)=O)C2=C(C=CC=C2)O1)=O,0.00830744942650199
N1(C2CCCCC2)CCN(CC1CCO)CC1=CC=C(CC)O1,0.00877593457698822
COC1=C(N2C3N(C(=NN=3)SCCC(C)C)C3=C(C=CC=C3)C2=O)C=C(C)C=C1,0.009407069091685117
C1(N)N(C2=CC=C(C=C2)C(=O)NC2CCCCCCC2)N=CC=1C(OC)=O,0.006411177595146001
C1(C=C(F)C=CC=1OC)C(=O)C1CCCN(CC2=CC=CC(=C2)N2C=CC=N2)C1,0.010656653810292483
COC1=C(N2C3N(C(=NN=3)SCCN3CCCCC3)C3=C(C=CC=C3)C2=O)C=C(C)C=C1,0.007126041268929839
C1(N)N(C2=CC=C(C=C2)C(=O)NC2CCCC2)N=CC=1C(OC)=O,0.005278133600950241
C(=O)(C1=CC=CC(=C1)CN1CCCC(CN2C=CN=C2)C1)NC1C=CN=CC=1,0.004888467455748469
CCCCN1C2=C(N(C(=N2)COC(C2N(S(C)(=O)=O)CCC2)=O)CCC)C(=O)NC1=O,0.0033861778327263893
N1=C(C)C=CC2C1=CC=C(C=2)C1(O)CCN(CC1)CC1C=CC=C(C=1)C=C,0.012922799494117499
ClC1=CC(N2C(SCC3NC(=O)C4=C(C=CC=C4)N=3)=NC=C2)=CC=C1,0.0029113854689057916
C1(N)N(C2=CC=C(C=C2)C(=O)NC2C=C(OC)C=C(OC)C=2)N=CC=1C(OC)=O,0.004136601858772337
S(=O)(=O)(CCNCC1(CCCN(CCC2CCCCC2)C1=O)O)N(C)C,0.0071611629333347086
C1(N)N(C2=CC=C(C=C2)C(NCCC2C=CC(=C(OC)C=2)OC)=O)N=CC=1C(OC)=O,0.004597208881750703
[C@@H]1(CN(C[C@@H]1O)CC1=CC=C(C=C1)N(C)C1=CC=CC=C1)N1CCOCC1,0.0049874684191308916
CC(NCC1SC(C(COC(CCC2=NC3=C(C=CC=C3)C=C2)=O)=O)=CC=1)=O,0.009061570279300213
C1(C=C(ON=1)COC1C=CC(=CC=1Cl)OC)C(=O)N(C)CC1C=CC(=CN=1)CC,0.009416451351717115
CCCOC1=C(OCCC)C=C(N2C(=O)C(=O)N(CC#N)C2=O)C=C1,0.002413852793603155
C(=O)(NC(C)C)C1C=CC=CC=1C1=CC=C(C=C1)CO,0.004752544977236539
CC1=CC=C(C2N=C(SCC(N3CCN(CC(N4CCCC4)=O)CC3)=O)SC=2)C=C1,0.00733907325193286
C1(N)N(C2C=CC(=CC=2)C(=O)NC2C=CC=C(C)C=2C)N=CC=1C(OC)=O,0.004418440093286335
CC1N(CCC2SC=CC=2)C(C)=C(C(CN2C(=O)C3=C(C=CC(=C3)Cl)N=C2)=O)C=1,0.010332508571445942
C1(N)N(C2C=CC(=CC=2)C(NCCN(C)C)=O)N=CC=1C(OC)=O,0.0040028452291153375
FC1=CC(Cl)=C(OCC(OCCCN2C(=O)C3=C(C=CC=C3)C2=O)=O)C=C1,0.003858712431974709
C1(N)N(C2C=CC(=CC=2)C(=O)NC2C=CC=CC=2CC)N=CC=1C(OC)=O,0.004463438189122826
COC(C1=CC(CN2C(=O)C=CC(S(N3CCCC3)(=O)=O)=C2)=CC=C1)=O,0.0060750006698071955
C1(N)N(C2=CC=C(C=C2)C(=O)NC2C=CC=C(F)C=2)N=CC=1C(OC)=O,0.0035308738006278872
ClC1=C(CN2C(=O)C=CC(S(N3CCCC3)(=O)=O)=C2)C=C2C(C=CC=C2)=N1,0.005513523542322219
BrC1=C(CN2C(=O)C=CC(S(N3CCCC3)(=O)=O)=C2)C=C2C(OCCO2)=C1,0.00698973371181637
C1(C=NN(C2=CC=CC=C2OC)C=1)C(=O)N(CC)CC1=NOC(C)=N1,0.008485989458858968
COC1=C(COC2=CC=C(C(N)=O)C=C2)C=CC=C1,0.007991170417517424
C1(N)N(C2=CC=C(C=C2)C(=O)NC2=CC=C(C=C2)F)N=CC=1C(OC)=O,0.0035942276823334395
C1(CCCO)=NC2=C(C=CC=C2)N1C1C=CC(=CC=1)S(C)(=O)=O,0.0025150014320388437
NC(C1=CC=C(OCC2CCCCC2)C=C1)=O,0.011742454441264271
C12C=NN(C3C=CC(=CC=3)F)C=1CC(C)(C)CC2NC(=O)C1CCN(CC1)C(C)=O,0.006972757377661764
C1(=NC=CN1CCCN1C(C)=CC(C)=N1)C1=CN=C(N=C1)C1=CC=CO1,0.009697930933907629
NC(C1=CC=C(OCC2=C(C(F)(F)F)C=CC=C2)C=C1)=O,0.004865462996531278
C1(N)N(C2=CC=C(C=C2)C(=O)NCC2=CC=C(C=C2)OC)N=CC=1C(OC)=O,0.004000848566647619
C1(C(=O)N(CC2CCCO2)CC2C=CSC=2)C=C(ON=1)C(C)C,0.010973647097125649
CC(C1=CC=C(COC2=CC=C(C(N)=O)C=C2)C=C1)C,0.009974033245816827
C1(N)N(C2=CC=C(C=C2)C(=O)NCC2=CC=C(C=C2)C)N=CC=1C(OC)=O,0.004257230099756271
N1(C2CCN(CC2)C)CCN(CC1CCO)CC1=CC(C)=CC=C1C,0.007660971395671368
C1(N)N(C2C=CC(=CC=2)C(NCCCC2C=CC=CC=2)=O)N=CC=1C(OC)=O,0.0042109363712370396
NC(C1=CC=C(OCC2=C(Br)C=C3C(OCO3)=C2)C=C1)=O,0.009985547326505185
N1(C[C@@H]([C@@H](N2CCCC2)C1)O)C1C=C(C2CCNCC2)N=C(C)N=1,0.002957249025348574
CC(NCC1SC(C(COC(C2CC=CCC2)=O)=O)=CC=1)=O,0.01433192091062665
N1(CCCC(C1)C(=O)C1C=C(F)C=CC=1F)C(=O)C1=CC=CC(=C1)C1NC=CN=1,0.004152450966648758
CN1C2N(C(=NN=2)COC2=C(Cl)C=C(N(=O)=O)C=C2)C2=C(C=CC=C2)C1=O,0.004284392320550978
C1(C(=O)N(C)CCCC2C=CC=CC=2)C=C(ON=1)CN1CCOCC1,0.010278563108295202
C1(N)N(C2=CC=C(C=C2)C(=O)NCC2C=CC3=C(OCO3)C=2)N=CC=1C(OC)=O,0.003753171255812049
N1(CCCN(CCC(=O)N(C)C)CC1C(C)C)CC1C=CC(=CC=1)F,0.010599933750927448
NC(C1=C(NC(CSC2N(C3=CC=CC=C3)C(C3=CC=CC=C3)=CN=2)=O)SC=C1)=O,0.004332772688940167
C1(CN(C)CC2NC=CN=2)=CC(=NO1)CC,0.004963167430832982
CCN(S(C1=CN=C(SCC2ON=C(C3=CC=C(C(C)C)C=C3)N=2)C=C1)(=O)=O)CC,0.0074304542504251
C1(C=CN(C(C)(C)C)C=1)C(=O)N1CC[C@H]([C@@H](OC)C1)N,0.009423640882596373
CC1=CC=C(CC(C#N)SC2OC(C3CCCCC3)=NN=2)C=C1,0.008456851341099992
C1(N)N(C2C=CC(=CC=2)C(=O)NC2C=CC(=CC=2F)Br)N=CC=1C(OC)=O,0.0045475434511899945
CCOC(C1=C(COC(C(SCC(NC2=CC=C(C)C=C2)=O)C)=O)C2=C(C=CC=C2)O1)=O,0.006649362691678107
C1(N)N(C2C=CC(=CC=2)C(=O)NC2C=CC=CC=2C)N=CC=1C(OC)=O,0.004212393169291317
ClC1=CC=C(C2N=C(CSC3N(C4=NC=CC=C4)C(CN4C(=O)CCCCC4)=NN=3)ON=2)C=C1,0.006254672887735069
C1(N)N(C2=CC=C(C=C2)C(=O)NC2=CC(OC)=C(C(OC)=C2)OC)N=CC=1C(OC)=O,0.0046000467147678135
N1(CCCC(C1)NC(CC1C=CC(=CC=1)C1C=CC=CC=1)=O)C1CCN(CC1)C,0.009925451688468456
CCOC(C1=C(COC(C2=C(NS(C)(=O)=O)C=CC=C2)=O)C2=C(C=CC=C2)O1)=O,0.005388450855389237
C1(N)N(C2C=CC(=CC=2)C(=O)NC2C=CC=C(Cl)C=2C)N=CC=1C(OC)=O,0.003569866018369794
C1(CCCN(CC2CCCCC2)C1=O)(O)CN1CCC(CC1)COC,0.014718020614236594
COC1=C(F)C=C(C(COC(C2=C(NS(C)(=O)=O)C=CC=C2)=O)=O)C=C1,0.0077196000376716254
C1(N)N(C2=CC=C(C=C2)C(=O)NC2C=CC(=C(Cl)C=2)C)N=CC=1C(OC)=O,0.0035927997902035712
C1(=O)N(CC(NCCC2=CNC3C(=CC=CC=32)C)=O)C(C(=O)N1)(C)C,0.001305149553809315
C1(N)N(C2C=CC(=CC=2)C(=O)NC2C=C(C)C=CC=2C)N=CC=1C(OC)=O,0.00438812228385359
C12C=C(CNC(C)C)C(=NC=1CN(CCC1=CC=CC=N1)C2=O)OC,0.007885752012953162
CCCN1C2=C(C=C(S(N(C)C)(=O)=O)C=C2)N=C1COC(C1=C(NS(C)(=O)=O)C=CC=C1)=O,0.0037551601650193333
C12C(=O)NCC(C)(C)CC=1NC(C(C)(C)CN(C)C)=N2,0.005370920174755156
C1(N)N(C2C=CC(=CC=2)C(=O)NC2C=CC(=CC=2C)C)N=CC=1C(OC)=O,0.004431072098668665
FC1=C(Cl)C=C(SCC2NC(=O)C3=C(C=CS3)N=2)C=C1,0.0023059919709339737
C1(N)N(C2=CC=C(C=C2)C(=O)NC(C)C)N=CC=1C(OC)=O,0.0038476597983390093
C1(=NC=C(CN(CC)CC2C=CN=CC=2)N1CCCC)S(C1CCCCC1)(=O)=O,0.00916212829761207
C1(N)N(C2C=CC(=CC=2)C(NCCC)=O)N=CC=1C(OC)=O,0.0037123839487321676
C1(C(=O)N2CCN(C(CCO)C2)C)C=C2N(CCCN(C)C2)N=1,0.0053445089142769575
C1(N)N(C2C=CC(=CC=2)C(=O)NC2=CC=C(C=C2)C(OCC)=O)N=CC=1C(OC)=O,0.004762758244760334
C(=O)(NC1C=CC(=C(Cl)C=1)NC(CC)=O)C1C=CC=NN=1,0.0046530612395145
C1(N)N(C2C=CC(=CC=2)C(=O)NC2=C(OC)C=CC(OC)=C2)N=CC=1C(OC)=O,0.0043484545312821865
C1(=COC(C(C)C)=N1)C1=NC=CN1CC1C=CC(=CC=1)OC,0.007606179220601916
C1(N)N(C2C=CC(=CC=2)C(=O)NC(C)C2=CC=CC=C2)N=CC=1C(OC)=O,0.0045229841489344835
C1(N)N(C2C=CC(=CC=2)C(=O)NC2C=CC(=CC=2Br)C)N=CC=1C(OC)=O,0.004777355631813407
C1(=CC(C)=NC2=C(C=CC=C21)C)C(=O)NCC1=CN=CN1CCOC,0.005633009423036128
C1(N)N(C2=CC=C(C=C2)C(=O)NC2C=CC(=C(C)C=2)C)N=CC=1C(OC)=O,0.004463054006919265
CC1=CC=C(NC2=NC(CSC3=CC(Cl)=C(F)C=C3)=NC(N)=N2)C=C1,0.0032270656782202424
C1(N)N(C2C=CC(=CC=2)C(NCCC(C)C)=O)N=CC=1C(OC)=O,0.005006266105920076
CC(C(NC1=C2C(C(C3=C(C2=O)C=CC=C3)=O)=CC=C1)=O)OC(CCC1OC2=C(C=CC=C2)N=1)=O,0.008366431202739477
C1(N)N(C2=CC=C(C=C2)C(=O)NCC2C=CC=C(C)C=2)N=CC=1C(OC)=O,0.004127794865053147
COC1=C(F)C=C(C(COC(C2=CC3=C(OCCCO3)C=C2)=O)=O)C=C1,0.01518931994214654
N1=CSC(CCNC(=O)C2=CC=CN2)=C1C,0.003898504527751356
NC(C1=C(NC(CSC2OC(CN3C(=O)CCC3)=NN=2)=O)SC(C2=CC=CC=C2)=C1)=O,0.005224372446537018
C1(N)N(C2C=CC(=CC=2)C(NCCC2C=CC=CC=2)=O)N=CC=1C(OC)=O,0.004206588456872851
O=C1N(CC2OC(SCC3NC(=O)C4=C(SC(C5=CC=CC=C5)=C4)N=3)=NN=2)CCC1,0.003575252729933709
C1(CN2CCCC(C2)N2CCN(CC2)C2=CC=CC=C2OC)=CC2C(=CC=CC=2)S1,0.008544482570141555
O=C(N1CCN(C(C2SC=CC=2)=O)CC1)CSC1OC(CN2C(=O)CCC2)=NN=1,0.006931705353781581
CC(CSC1SC(SCC(NCCOC2=CC=CC=C2)=O)=NN=1)C,0.008928109612315892
C1(N)N(C2=CC=C(C=C2)C(=O)NC2C(C)=CC(=CC=2C)C)N=CC=1C(OC)=O,0.004879255988635122
C1(CCCN(C(=O)CN2CCOC2=O)C1)(CC1=CC=CC=C1F)C(OCC)=O,0.007524803979322314
CCOC1=C(OC(C2=CC=CC=C2)C(NC2=CC=C(F)C=C2)=O)C=CC(C#N)=C1,0.006279145809821784
C1(NC(=O)C2=CC=CC(=C2)CN(CC2=CC=CC=N2)C2CC2)=CN(N=N1)C,0.007686472381465137
C1(N)N(C2C=CC(=CC=2)C(=O)NC2C=C(C)C=C(C)C=2)N=CC=1C(OC)=O,0.004447962564881891
N1(CCN(CC1)CCC(=O)NCC1=CC=CO1)C1=CC=CC(C)=C1C,0.007875490840524435
C1(N)N(C2=CC=C(C=C2)C(=O)NC2=CC=CC(C(C)=O)=C2)N=CC=1C(OC)=O,0.006231649592518806
CCOC1=C(OCC2=CC(S(N3CCOCC3)(=O)=O)=CC=C2)C=CC(C#N)=C1,0.005447597790043801
N1OC(=CC=1CN1CCC(CC1)C(C)N1CCOCC1)C,0.013499816413968801
C1(N)N(C2C=CC(=CC=2)C(NCCOC)=O)N=CC=1C(OC)=O,0.0033705776208080352
CCOC1=C(OCC(NCC2=CC=C(C(O)=O)C=C2)=O)C=CC(C#N)=C1,0.005091192340478301
C12C3=CC=CC=C3OCC=1C(=C(C#N)C(N)=N2)C1C=NC(=NC=1)OC,0.00349675485631451
CCOC1=C(OCC2=C(Cl)N=C3C(C=CC(=C3)OC)=C2)C=CC(C#N)=C1,0.007106243656016887
C1(C(NCCCN2C=CN=C2C)=O)C=C(ON=1)COC1C=CC(=CC=1F)F,0.004635368846356869
C1(N)N(C2=CC=C(C=C2)C(=O)NC2C=CC=C(SC)C=2)N=CC=1C(OC)=O,0.0035581528674811123
N1C(=O)NC(CC)(C2CCN(CC2)C(=O)C2=CN=C(N=C2)OC)C1=O,0.0022562927450053396
C1(N)N(C2=CC=C(C=C2)C(=O)NC2C=CC(=C(C)C=2)Br)N=CC=1C(OC)=O,0.004724789340980351
CCOC1=C(OCC2=CC=C(C(N3CCCC3)=O)C=C2)C=CC(C#N)=C1,0.00920013531576842
C1(C(=O)NC2COC3(CCCC3)C2)=CN(CC)C2=C(C=CC(C)=N2)C1=O,0.008385100774466992
C1(N)N(C2C=CC(=CC=2)C(=O)NCC2=CC=CC=C2OC)N=CC=1C(OC)=O,0.004034635727293789
CCOC1=C(OCC(N2CCN(C(C3SC=CC=3)=O)CC2)=O)C=CC(C#N)=C1,0.0065424780594185
CCOC1=C(OCC2N3C(N(C(C4=C3C=CC=C4)=O)C)=NN=2)C=CC(C#N)=C1,0.00701142274774611
C1(=C(C=CC(C)=N1)C#N)C1=CC=C(C=C1OC)F,0.006790662044659257
C1(N)N(C2=CC=C(C=C2)C(=O)NCC2C=CC=C(OC)C=2)N=CC=1C(OC)=O,0.003944759024307132
C1(=C(C2=CC=CC=C2)N=CN1CC1CCCO1)C1=CC=CN1C1N=CC=CN=1,0.008305565873160958
C1(N)N(C2=CC=C(C=C2)C(=O)NCC2=CC=C(C=C2)F)N=CC=1C(OC)=O,0.0038248822442255915
CCOC1=C(OCC(N(C2CCCC=2)CC)=O)C=CC(C#N)=C1,0.013050307985395193
C1(N)N(C2C=CC(=CC=2)C(=O)NC2=CC=CC(CC)=C2)N=CC=1C(OC)=O,0.004292772128246724
CCC(C1=C(OCC(N2CCN(C(C3SC=CC=3)=O)CC2)=O)C=CC(Cl)=C1)=O,0.00947513091377914
C1(N)N(C2C=CC(=CC=2)C(=O)NCC(C)C2C=CC=CC=2)N=CC=1C(OC)=O,0.0046619231114164
N1(CC(C)C)C(C)=C(C2C(CC(C)(C)CC=21)=O)CC(=O)N(C)C(C)C,0.025737999752163888
C1(N)N(C2C=CC(=CC=2)C(=O)NCC2CCCN2CC)N=CC=1C(OC)=O,0.004870416014455259
COC1=C(F)C=C(C(COC(C2=C(N(=O)=O)C=C3C(OCCO3)=C2)=O)=O)C=C1,0.010968038393184543
C1(C=C(NN=1)COC1=CC=CC(C(C)=O)=C1)C(=O)N(C)CC1=CC=CO1,0.00798699357546866
C1(N)N(C2C=CC(=CC=2)C(=O)NC2CCN(CC2)CC2C=CC=CC=2)N=CC=1C(OC)=O,0.003923532017506659
N1(C(=O)C=CC(=O)N1)CC1ON=C(CC2CCN(CC2)CCC)N=1,0.005507384077645838
C1(N)N(C2C=CC(=CC=2)C(=O)NC2=C(F)C=CC(F)=C2)N=CC=1C(OC)=O,0.003626990900374949
CC(C(N(CC1=CC(F)=CC=C1)C)=O)SC1N(C2=CC(Cl)=CC=C2)C=CN=1,0.0051246030139736835
CCN1C(=O)N(CC2=CC=CC=C2)C(N)=C(C(CSC2N(CC(C)C)C(C)=C(C)N=2)=O)C1=O,0.007777470326982438
C1(N)N(C2=CC=C(C=C2)C(=O)NC2C=CC(=C(F)C=2)C)N=CC=1C(OC)=O,0.0038063078187406062
CC(CN1C(SCC2N=C3N(C(=CS3)C)C(=O)C=2)=NC(C)=C1C)C,0.008873438090085983
C12CCN(CC=1N=C(C)NC2=O)C(=O)C1=CN=C2C(C=CC(Cl)=C2)=C1O,0.004114243586082011
CC(CN1C(SCC(NCCOC2=CC=CC=C2)=O)=NC(C)=C1C)C,0.007600419968366623
C12C=C(CN3CCCC(C3)NC3C=CC=C(F)C=3)C=CC1=NSN=2,0.005833070958033204
CC1=CC=C(C2C3=C(N=CN=C3SCC3N4C(N(C(C5=C4C=CC=C5)=O)C)=NN=3)SC=2)C=C1,0.007075905334204435
CC1=CC=C(C2C3=C(N=CN=C3SCC(N3CCN(CC(N4CCCC4)=O)CC3)=O)SC=2)C=C1,0.005932369688525796
C(=O)(CCNC(C)CO)NC1C=CC(=CC=1)N(C)C,0.003799089230597019
C1(CN2CCC(CC2)C)=NN=NN1CCCC(=O)NCC1COC2=C(C=CC=C2)O1,0.006612335750833154
C1(N)N(C2C=CC(=CC=2)C(NCCCOCC)=O)N=CC=1C(OC)=O,0.0035981802153401076
N1(C2CCN(CC2)C(C)C)CCN(CC1CCO)CC1C=CC=C(Cl)C=1,0.006616014777682722
CC(NCC1SC(C(CSC2=C3C(SC=C3C3=CC=C(C)C=C3)=NC=N2)=O)=CC=1)=O,0.008294400526210666
C1(N)N(C2C=CC(=CC=2)C(NCC=C)=O)N=CC=1C(OC)=O,0.0034308097092434764
CN1C2N(C(=NN=2)COC(C2=CC3=C(SCCC(N3)=O)C=C2)=O)C2=C(C=CC=C2)C1=O,0.005488622421398759
C1(N)N(C2=CC=C(C=C2)C(NCCC2CCCCC=2)=O)N=CC=1C(OC)=O,0.00664105152245611
S(C)(=O)(=O)CC(=O)N(CCOC)CC1=CC=C(C=C1)OCC,0.00852271900512278
COC(C1=CC2=C(C(N(C(=N2)SCC(N(C2CCCCC=2)C2CC2)=O)CC2OC=CC=2)=O)C=C1)=O,0.008231418626382946
C1(N)N(C2=CC=C(C=C2)C(=O)NC2C=CC(=C(F)C=2)F)N=CC=1C(OC)=O,0.003979520814027637
N1(CCN(C(=O)[C@@H]1C)C)C1=CC=C(C=N1)C(NCCCC1C=CC(=CC=1)OC)=O,0.005051258485764265
CCN(C1CCCCC=1)C(CSC1N(CC2OC=CC=2)C(=O)C2=C(C=C(C(OC)=O)C=C2)N=1)=O,0.008941081864759327
C1(C=NN(C(C)C)C=1)C(=O)N1CCC(CC1)(CO)CC1C=CC=C(C=1)C(F)(F)F,0.003169769060332328
NS(C1=CC(C(OCCCN2C(=O)C3=C(C=CC=C3)C2=O)=O)=C(Cl)C=C1)(=O)=O,0.0032670145970769226
C1(N)N(C2C=CC(=CC=2)C(=O)NC2=CC=C(C=C2F)Cl)N=CC=1C(OC)=O,0.0035540251177735628
NS(C1=CC(C(OCCCN2C(=O)C3=C(C=CC=C3)C2=O)=O)=C(F)C=C1)(=O)=O,0.002929428138304502
N1N(CC2CCCN(C(=O)C=CC3C=C(F)C=CC=3F)C2)C=C(CN)N=1,0.004893719917163253
C1(N)N(C2C=CC(=CC=2)C(NCCCOC)=O)N=CC=1C(OC)=O,0.0035967072239145637
N1(CCN(CC1)CCCC1C=CC(=CC=1)Cl)C1=CC=CN=C1,0.010181249352172017
C1(N)N(C2C=CC(=CC=2)C(=O)NC2=CC=C(C=C2C)Br)N=CC=1C(OC)=O,0.004782976978458464
N1(CCOC(CCCC(C)C)C1)C(=O)CCNC(C)=O,0.009893439151346684
C1(N)N(C2C=CC(=CC=2)C(=O)NCC2=CC=C(C)O2)N=CC=1C(OC)=O,0.003748596739023924
N1=NC(=CN1C1CCN(CC1)CCCCC)C1CC1,0.013036184199154376
CCCOC1=C(OCCC)C=C(N2C(=O)C(=O)N(CC(NC3(CS(=O)(=O)CC3)C)=O)C2=O)C=C1,0.0031071675359271465
N1(CC(=O)NC2=CC=NN2C(C)C(C)C)C2=CC=CC=C2C(=CC1=O)C,0.00659921420738101
C1(=CSC2=NC(C3C=CC=C(F)C=3)=CN12)C(=O)N(C)C(CC)C1C=CC=CN=1,0.005545620410703123
COC1=CC=C(C(C2=CC=CC=C2)NC(CN2C(=O)C3=C(C=CC(=C3)Cl)N=C2)=O)C=C1,0.005722186528146267
C1(N)N(C2=CC=C(C=C2)C(NCCC2=CC=C(C=C2)S(N)(=O)=O)=O)N=CC=1C(OC)=O,0.0034957398194819687
ClC1=CC2=C(N=CN(C2=O)CC(N2CCN(C(C3SC=CC=3)=O)CC2)=O)C=C1,0.0048907710239291195
C1(N)N(C2C=CC(=CC=2)C(=O)NC2=CC=C(C=C2Cl)F)N=CC=1C(OC)=O,0.003489445417653769
COC1=C(F)C=C(C(COC(C2=C3C(C=CC=C3)=NC(C3CC3)=C2)=O)=O)C=C1,0.011146875936537981
N1(CCC2=C(N=CN=C2NCCC2CCCCC=2)C1)C(=O)C1=CC=CN=C1,0.009107836987823248
C1(N)N(C2=CC=C(C=C2)C(=O)NC2C=CC(=CC=2)OC(F)(F)F)N=CC=1C(OC)=O,0.0030733154388144614
N1(CC[C@H]([C@H](O)C1)C1=CC=C2C(OCO2)=C1)C(=O)COC(C)C,0.00320828752592206
ClC1=CC2=C(N=CN(C2=O)CC(N(C2CCCCC=2)C2CC2)=O)C=C1,0.008898075250908733
C1(N)N(C2=CC=C(C=C2)C(=O)NC2C=C(C)C(=CC=2OC)Cl)N=CC=1C(OC)=O,0.00385714559815824
C12=CC(=NN1C(=CC(C(=O)N1CCN3C(C(=O)N(CC3=O)C)C1)=N2)C)C,0.007716424949467182
C1(N)N(C2C=CC(=CC=2)C(=O)NC2C=C(C)C=CC=2OC)N=CC=1C(OC)=O,0.004383764194790274
C1(=CC=C(CN2CCC(CC2)C)O1)C(=O)N1CCOC(C1)C(F)(F)F,0.007761571393348277
C1(N)N(C2=CC=C(C=C2)C(=O)NC2C=CC(=C(Cl)C=2)OC)N=CC=1C(OC)=O,0.003927569626830519
N12C3C=CC=CC=3SC1=NN=C2C1=CC=NC=C1,0.008746329019777477
ClC1=CC2=C(N=CN(C2=O)CC(N(CC2SC=CC=2)CC=C)=O)C=C1,0.005659825052134693
C(=O)(C1CCCN(C2CCN(CC2)C(OCC)=O)C1)C1=CC=CC2C=CC=CC1=2,0.0114521739538759
ClC1=CC2=C(N=CN(C2=O)CC(NC(C2=CC=CC=C2)CC2=CC=CC=C2)=O)C=C1,0.006165710184723139
C1(N)N(C2C=CC(=CC=2)C(=O)NC2C=CC(=CC=2)NC(C)=O)N=CC=1C(OC)=O,0.0037415355211123822
C1(CN2CC(C2)N2CCOCC2)=CN(N=C1C)CCN1CCCCC1,0.016597893554717302
CCN(C1CCCC=1)C(CN1C(=O)C2=C(C=CC(=C2)Cl)N=C1)=O,0.008679764880798756
S1(=O)(=O)CC(C=C1)NCC1C=NN(C2=CC=C(C=C2)CCCC)C=1,0.008765762811526656
C1(N)N(C2=CC=C(C=C2)C(NCCN2CCOCC2)=O)N=CC=1C(OC)=O,0.003841265384107828
N1C(C)=C(C2C=CC=C(CN3CCC(CNC(=O)C(N)=O)C3)C1=2)C,0.0053903326159343125
CC(NCC1SC(C(CN2C(=O)C3=C(C=CC(=C3)Cl)N=C2)=O)=CC=1)=O,0.00678030198905617
C1(N)N(C2C=CC(=CC=2)C(=O)NC2C=CC(=CC=2C)N(CC)CC)N=CC=1C(OC)=O,0.004896994587033987
N1(CCN(CC1CCO)CC1=CC=CC=C1C)CC1C=CC=C(OC)C=1,0.006284979800693691
C1(N)N(C2=CC=C(C=C2)C(=O)NC2=CC=C(C=C2)C)N=CC=1C(OC)=O,0.004111518932040781
C1(N)N(C2C=CC(=CC=2)C(=O)NC2C=CC=C(C)C=2)N=CC=1C(OC)=O,0.004000844911206514
N1(CCCC(C(NCC=C)=O)C1)C1CCN(CC1)CCC1C=CC=CC=1,0.01122780991718173
C1(N)N(C2=CC=C(C=C2)C(=O)NC2CCCCC2)N=CC=1C(OC)=O,0.005670741153880954
ClC1=CC2=C(N=CN(C2=O)CCCN2C(=O)C3=C(C=CC=C3)C2=O)C=C1,0.004080606868956238
N1=C(N2CCSCC2)C(N2CCCN(CC2)C2N=CC=CN=2)=NC2=NON=C21,0.01036818204447627
C1(N)N(C2C=CC(=CC=2)C(NCC)=O)N=CC=1C(OC)=O,0.003388591588009149
CC1=CN2C(=NC(=CC2=O)CSC2=C(C#N)C(C(F)(F)F)=CC(=O)N2)C=C1,0.001975190584198572
C1(C(C)N2C=NC=N2)=NC(=NN1C1=CC=C2C(OCCO2)=C1)CC(C)C,0.013076568162068725
CC1=CN2C(=NC(=CC2=O)COC(C2SC(C3=CC4=C(OCCO4)C=C3)=CC=2)=O)C=C1,0.0067706288071349265
[C@]12(CNC[C@@H]1CNC2)C(=O)NCC1NC2=C(C=C(C(C)=C2)C)N=1,0.0035602789022959767
N1(C=NN=C1CC1C=CC=CC=1)C1C(OC)=CC=C(OC)C=1,0.010089787561446429
O=C1N(CC#N)C=C(S(N2CCCC2)(=O)=O)C=C1,0.0032187165826144336
C1(CN2CCN(C3(CCN(CC3)C)C2)C)=CC=C(C)N1C1C=CC=NC=1,0.012918919464573264
FC1=CC=C(NC(C(N2C(=O)C=CC(S(N3CCCC3)(=O)=O)=C2)C2=CC=CC=C2)=O)C=C1,0.00446616793051362
CC1=C(Cl)C=CC(NC(C2=CC=C(CN3C(=O)C=CC(S(N4CCCC4)(=O)=O)=C3)C=C2)=O)=C1,0.0044329122290946545
N1(CCN(C(CC)C1)C(C)C)C(=O)C1=CC=C(N=C1)N(C)CC,0.008591462392359972
COC1=C(CN2C(=O)C=CC(S(N3CCCC3)(=O)=O)=C2)C=CC=C1,0.005899771070107818
C1(N)N(C2=CC=C(C=C2)C(=O)NC2C=CC(=CC=2)Br)N=CC=1C(OC)=O,0.004531410033814609
C1(N)N(C2C=CC(=CC=2)C(NCCCC)=O)N=CC=1C(OC)=O,0.003985202591866255
N1(CCCC2C=CC=CC=2)CCN(CC1CCO)CC1=CC=C(C=C1)NC(C)=O,0.005177234206348658
COC1=C(Br)C=C(OC)C(CN2C(=O)C=CC(S(N3CCCC3)(=O)=O)=C2)=C1,0.007229753280989825
C1(N)N(C2=CC=C(C=C2)C(=O)NC2=C(F)C(F)=CC(F)=C2F)N=CC=1C(OC)=O,0.004742349707521498
N1N(CC2CCN(CC2)CC2=CC=C(C=C2C)OC)C=C(CO)N=1,0.005513570783659816
C1(N)N(C2=CC=C(C=C2)C(=O)NC2C=CC=CC=2OC)N=CC=1C(OC)=O,0.004317094362340868
S(CC=C)(=O)(=O)N1CCCC(CC2C=CC=C(OC)C=2)(C(OCC)=O)C1,0.006567260250449181
N12C=CC=C(Cl)C1=NN=C2C1=CC=C(S1)C#CC(C)(C)O,0.008912863023579121
ClC1SC(CN2C(=O)C=CC(S(N3CCCC3)(=O)=O)=C2)=CC=1,0.004563820397015661
C1(SC=C2OCCOC=12)C(=O)N(C(CC)CO)CC1C=CC=CN=1,0.0041986977681517604
COC1=CC=C(NC(C2=CC=C(CN3C(=O)C=CC(S(N4CCCC4)(=O)=O)=C3)C=C2)=O)C=C1,0.004761786083690822
C1(N)N(C2=CC=C(C=C2)C(=O)NC2C(OC)=CC(=CC=2Cl)OC)N=CC=1C(OC)=O,0.004156127013266087
O=C(NC(C1=CC=CC=C1)CC1=CC=CC=C1)CN1C(=O)C=CC(S(N2CCCC2)(=O)=O)=C1,0.005738346395082772
C1(=NC=C(C2C=CC=CC=2)N1C)NC(=O)C1C=CC(=CC=1)N1N=CC(C(OC)=O)=C1N,0.0034459920250810685
N1(C=CN=C1C1=CC=C(C(CN(C)C)=C1)O)C1C=CC2=C(C=1)NC(=N2)C,0.0024770287098363044
C1(=NC=C(C2=CC=C(C=C2)OC)N1C)NC(=O)C1C=CC(=CC=1)N1N=CC(C(OC)=O)=C1N,0.0032120087184011937
N(CC1C=CC=C(OCC)C=1)(CC1C=CC=CC=1C(O)=O)C1CC1,0.007942391210235655
CCOC(COC1=CC=C(C(N)=O)C=C1)=O,0.007610266655683517
C1(C2=CC(C)=CC=C2NC=1C(O)=O)C1NCCC2NC=NC1=2,0.002821138757281005
C1(CN2C(C)(C)C(NC2=O)=O)=NC(=NN1C1C=CN=C(C)C=1)C1=CC=CC=C1,0.0019211958511732518
CC1=CC(NC(C(C2=CC=CC=C2)OC2=CC=C(C(N)=O)C=C2)=O)=C(C)C=C1,0.008309260569512844
C(=O)(C1CCCN(CC(C)=CC)C1)NC1C=CC=CC=1C1=CC=C(C=C1)OC,0.009028636803850531
COC1=CC(NC(C(C2=CC=CC=C2)OC2=CC=C(C(N)=O)C=C2)=O)=CC=C1,0.006963008805178106
C12C(CC(NC=1NN=C2C1=CC=CO1)=O)C1=CC=CN=C1N1CCOCC1,0.0037947892444208263
C1(=NN=CN1C)SC1=CC=C(CN2[C@H]3CC[C@@H]2CC(N(C)C3)=O)O1,0.01015058890916407
N1N(CC2CCCN(CC3NC=CN=3)C2)C=C(C2=CC=C(C=C2)F)N=1,0.002845654636621475
C1(N)N(C2C=CC(=CC=2)C(NCCCN(C)CC2=CC=CC=C2)=O)N=CC=1C(OC)=O,0.004279824486002326
CC(OC(COC1=CC=C(C(N)=O)C=C1)=O)(C)C,0.008157666912302375
C12=C(N=CN=C1N(CC(C)C)CC1C=NN(C)C=1)OC(C)=N2,0.007550987880676985
C1(=C2CCCC2=NC(C2C=CC=CC=2)=N1)N1CCCC(C(=O)NCC(F)(F)F)C1,0.0049274411983788015
CC1=CC(COC2=CC=C(C(N)=O)C=C2)=CC(C)=C1,0.009568978566676378
N1=CSC(CCCNCC2=CC=CC(=C2)OCC(O)CN2CCOCC2)=C1C,0.003228968090843409
C1(N2CCN(CC2)CC2=CC(=C(C)S2)C)OC2C(=CC(=CC=2)C)N=1,0.0073717760387808084
C1(N)N(C2C=CC(=CC=2)C(NCCCN2CCN(CC2)C2=CC=CC(Cl)=C2)=O)N=CC=1C(OC)=O,0.0029728412511758505
N1(CC(CC1=O)NCC1=CN(N=C1C)CCC)CC1=CC=CC=C1Cl,0.007482844823971391
C1(N)N(C2C=CC(=CC=2)C(NCCCN2CCCCC2C)=O)N=CC=1C(OC)=O,0.004168507806025445
S(=O)(=O)(N(C)C)N1CCC(CC1)(CO)CC1C=CC=C(OC)C=1,0.005312426690943539
C(=O)(NC(C)CC1=CC(=NN1)C)C1=CN=C(C=N1)O,0.004086401511449367
C1(N)N(C2=CC=C(C=C2)C(NCCN2CCCCCC2)=O)N=CC=1C(OC)=O,0.005242004501633346
NC(C1=CC=C(OCC2=C(Br)C=C3C(OCCO3)=C2)C=C1)=O,0.009979260619729757
C1(N)N(C2=CC=C(C=C2)C(NCCN2CCCC2)=O)N=CC=1C(OC)=O,0.004540449404157698
C1(N)N(C2C=CC(=CC=2)C(NCCCN2CCN(CC2)CC)=O)N=CC=1C(OC)=O,0.00433838339522481
NC(C1=CC=C(OCC(N(CC2SC=CC=2)CC=C)=O)C=C1)=O,0.007831353088840842
C1(C2=CC=CC=C2OCC)OC(=C(CN2C=CN=C2C2C=CC=CN=2)N=1)C,0.006555353570729494
CCS(N1C2=C(C=C(C(COC3=CC=C(C(N)=O)C=C3)=O)C=C2)CC1)(=O)=O,0.008851825259625912
C(F)(F)(F)C1C=CC(=CN=1)CN(CCN(C)C)CC1SC=CC=1C,0.006500099902041256
C1(N)N(C2C=CC(=CC=2)C(NCCN2CCN(CC2)CC)=O)N=CC=1C(OC)=O,0.004475216404534877
N(C)(C(C)C1=CC=CO1)CC1=CC=CC=C1OCCCN1CCN(CC1)C,0.0138776452280581
C1(N)N(C2C=CC(=CC=2)C(=O)NCC2C=CC=CC=2F)N=CC=1C(OC)=O,0.0036493142019025982
COC1=C(OCC(C2SC(CNC(C)=O)=CC=2)=O)C=C(N(=O)=O)C=C1,0.0067394344136118885
C1(N)N(C2=CC=C(C=C2)C(NCCCN2CCCC(C)C2)=O)N=CC=1C(OC)=O,0.004144855693448335
COC1=C(OCC(NC2=CC3=C(N(C(C)=O)CC3)C=C2)=O)C=C(N(=O)=O)C=C1,0.005897329444997013
N1(CCCC(C(NCCC)=O)C1)C1CCN(CC1)CC1=CC=NC=C1,0.01022819543723017
C1(N)N(C2=CC=C(C=C2)C(NCCCN2CCC(CC2)CC2C=CC=CC=2)=O)N=CC=1C(OC)=O,0.0041602726327255365
C(#CC1C=CC=CC=1)C(=O)N1CCC(CC1)CCC(=O)NC1CC1,0.009221872314810753
C1(N)N(C2C=CC(=CC=2)C(NCCCN2CCN(CC2)CC2C=CC=CC=2)=O)N=CC=1C(OC)=O,0.00376174608245492
CCOC1=CC=C(N2C(C3=CC=NC=C3)=NN=C2SCC(N(CC2SC=CC=2)CC=C)=O)C=C1,0.007941091293469071
N1N(C2C=CC(=CC=2)F)C=C(CNCC(COC)O)C=1C1C=CC=CC=1Cl,0.003187315410468727
C1(N)N(C2=CC=C(C=C2)C(NCCCN2CCC(CC2)N2CCCCC2)=O)N=CC=1C(OC)=O,0.004965120204724371
COC(C1=CC2=C(C(N(C(=N2)SCC(N(C2CCCCC=2)C2CC2)=O)CC(C)C)=O)C=C1)=O,0.009744295245036482
N1(C2=CC=CC=C2Cl)C=C(C=N1)CNC1CCCN(C2=NC=CC=N2)C1,0.005214724421966821
C1(N)N(C2C=CC(=CC=2)C(=O)NCC2=CC=C(C(OCC)=C2)OC)N=CC=1C(OC)=O,0.004498032364062965
COC(C1=CC2=C(C(N(C(=N2)SCC(N(CC2SC=CC=2)CC=C)=O)CC(C)C)=O)C=C1)=O,0.008081094454973936
C(=O)(C1C=CC=C(C=1)NCC(O)=O)NC(C)CCC1C=CC=CC=1,0.006889707106165588
C1(N)N(C2C=CC(=CC=2)C(NCCCN2CCC3C(=CC=CC=3)C2)=O)N=CC=1C(OC)=O,0.0044894632650539276
CCN(C1CCCCC=1)C(CSC1N(CC(C)C)C(=O)C2=C(C=C(C(OC)=O)C=C2)N=1)=O,0.011125510092824697
N1C2CCCCC=2C(=NC=1CCNC(=O)CC1=CC(=NO1)C)C,0.009182664193212986
CCN(C1CCCC=1)C(CSC1N(CC(C)C)C(=O)C2=C(C=C(C(OC)=O)C=C2)N=1)=O,0.01102142482995987
N1(C=CN=C1C(C)CC1=CC=C2C(OCO2)=C1)C1=CC=C2C(N=CC=N2)=C1,0.007932968391105532
C1(N)N(C2C=CC(=CC=2)C(NCCCN2CCN(CC2)CCC)=O)N=CC=1C(OC)=O,0.004385402658954263
N1(C)C(COC2=CC=C(C=C12)C(=O)N(C)C)CC(=O)NCC(O)=O,0.00615964902099222
CC1=CN2C(=NC(=CC2=O)COC(C2OC(C3=C(Cl)C=CC=C3)=CC=2)=O)C=C1,0.0067591801751405
N1(CCCC(CCC2C=CC=C(F)C=2)C1)C(CCC1C=NN(C)C=1)=O,0.007478720974177122
C1(N)N(C2=CC=C(C=C2)C(NCCN(C)C2CCCCC2)=O)N=CC=1C(OC)=O,0.006168905459344387
CC1N(C2=CC=C(C(OCCCN3C(=O)C4=C(C=CC=C4)C3=O)=O)C=C2)C(=O)C2=C(C=CC=C2)N=1,0.0039098990149796006
S(=O)(=O)(N1CCCC1)C1C=C(C=C(C=1)N1C=CN=N1)C(O)=O,0.003065732296090573
ClC1=CC=C(C2N=C(COC(C3=CC(Cl)=C4C(OCO4)=C3)=O)ON=2)C=C1,0.007597009744495153
C1(N)N(C2C=CC(=CC=2)C(=O)NCC2C=CC(=C(OC)C=2)OCC)N=CC=1C(OC)=O,0.004492172179743648
CC(NCC1SC(C(COC(C2=CC(Cl)=C3C(OCO3)=C2)=O)=O)=CC=1)=O,0.008599139377474785
C1(=C(C2C=CC=CC=2)N=CN1CC1NN=NN=1)C1=C(C)C2C(=CC=CC=2)O1,0.0038278046995401382
O=C(C1CC(=O)N(C2CCCC2)C1)OCC1NC(=O)C2=C(C=CS2)N=1,0.004589053033851087
S(N)(=O)(=O)C1=CC=C(C=C1)CCN1C=CN=C1C1C=CC(=CC=1)OC,0.0050243338569998745
ClC1=CC=C(C2N=C(COC(C3CC(=O)N(C4CCCC4)C3)=O)ON=2)C=C1,0.009543581819161772
N1(CCC2C=CC(=CC=2)F)CC(CC1=O)NC(COC1C=CC=CC=1)=O,0.0059927577618509534
C1(N)N(C2=CC=C(C=C2)C(=O)NCC2=CC=C(C=C2)SC)N=CC=1C(OC)=O,0.003721985057927668
C1(C(NCCN2CC(C)OC(C)C2)=O)SC(=NC=1C)C,0.007638892251998186
CCCN1C2=C(C=C(S(N(C)C)(=O)=O)C=C2)N=C1COC(C1CC(=O)N(C2CCCC2)C1)=O,0.0055342699401080605
C1(N)N(C2=CC=C(C=C2)C(=O)NCC2C=CC=C(OC)C=2OC)N=CC=1C(OC)=O,0.004488401859998703
CCC(C(C(OCC1N2C(N(C(C3=C2C=CC=C3)=O)C)=NN=1)=O)N1C(=O)C2=C(C=CC=C2)C1=O)C,0.004808629723265767
C1(N)N(C2=CC=C(C=C2)C(=O)NCC2=CC(OC)=CC=C2OC)N=CC=1C(OC)=O,0.004093972709961235
CC1=CN2C(=NC(=CC2=O)COC(C2CCN(S(C3=CC(F)=C(F)C=C3)(=O)=O)CC2)=O)C=C1,0.004959105676971376
C1(N)N(C2=CC=C(C=C2)C(=O)NCC2C=CC(=CC=2)OCC)N=CC=1C(OC)=O,0.00407016173703596
CC1=CN2C(=NC(=CC2=O)COC(C2=CC=C(S(NCC3OCCC3)(=O)=O)C=C2)=O)C=C1,0.004603978293016553
C(C(=O)N(C)CC1C=CN=CN=1)C1C(=O)NCCN1CC1=CC=CC=C1OCC,0.005761098163202405
FC1=CC=C(C2SC3=C(N=CN=C3SCC(N3CCN(CC(N4CCCC4)=O)CC3)=O)C=2)C=C1,0.004843814147170633
N1(CCC2=CC=CC=C2F)C(=O)NN=C1CC1C2C=CC=CC=2NC=1,0.002789802284678444
CC1CC2=C(SC(C3OC(SCC(C4SC(CNC(C)=O)=CC=4)=O)=NN=3)=C2)CC1,0.012017607409507036
O=C(NC(C1=CC=CC=C1)CC1=CC=CC=C1)CN1C(=O)NCCC1=O,0.0019109622691757977
N1=C(C=CN=C1N1CCC(CC1)(C1=CC=CC=C1)C#N)N1CCCC(O)C1,0.0021056751845208053
ClC1=CC=C(C2N=C(COC(CCCNS(C3=CC4=C(OCCO4)C=C3)(=O)=O)=O)ON=2)C=C1,0.004015470552258193
C1(N)N(C2=CC=C(C=C2)C(=O)NCC2C=C(Br)C=CC=2OC)N=CC=1C(OC)=O,0.004507207730785012
CC(NCC1SC(C(CSC2=C3C(C=C(C4=CC=C(Cl)C=C4)S3)=NC=N2)=O)=CC=1)=O,0.006935397209599614
C1(N)N(C2=CC=C(C=C2)C(=O)NCC2=CC=C(C=C2)N(C)C)N=CC=1C(OC)=O,0.004131225170567632
C1(N)N(C2C=CC(=CC=2)C(NCCCSCCC)=O)N=CC=1C(OC)=O,0.0038512381725013256
C12SC=CN1C=C(CC(=O)N1CCCC(CCC(=O)NC3C=CC(=CC=3C)OC)C1)N=2,0.0049132313812151555
CC(CC(C1=CC=CC=C1)NC(COC1=CC(N(=O)=O)=CC=C1)=O)C,0.006918712868355215
C(C(=O)N1CCOCC1)C1C(=O)NCCN1CC1=CC=CC=C1OC,0.006957514816895128
C1(N)N(C2=CC=C(C=C2)C(NCCCN2CCN(CC2)C2CCCCC2)=O)N=CC=1C(OC)=O,0.004622598318383098
C(=O)(C1=CC=C(N=C1)NCC1CC1)N1CCCCC1CCN1C=CC=N1,0.00737225676421076
C12(CCCN(CC3C=CC(=CC=3)F)C1=O)CCN(CCC1C=CC=CC=1)C2,0.009468677313998341
CC(N1C2=C(C=C(C=C2)NC(COC2=CC(N(=O)=O)=CC=C2)=O)CC1)=O,0.004975063225720078
C1(N)N(C2=CC=C(C=C2)C(NCCN2CCN(CC2)C2C(C)=CC=C(Cl)C=2)=O)N=CC=1C(OC)=O,0.0034509773016907276
C1(=CC=CC=C1NCC(O)=O)C(=O)NCC1=CC(=NO1)CCC,0.00672873379662633
C1(N)N(C2=CC=C(C=C2)C(NCCC2=CC=CO2)=O)N=CC=1C(OC)=O,0.003601181565318257
[C@]1(CCCN2CCCC[C@@]21[H])(O)CN(CC#CC1=CC=CC=C1)C1CC1,0.015180174726992846
CN1C2N(C(=NN=2)COC(CCC(C2=CC3=C(CCC3)C=C2)=O)=O)C2=C(C=CC=C2)C1=O,0.013055363623425364
C12C(CC(NCC=1N=C1C=C(C)C=CN21)=O)C1=C(C)N(N=C1C)CC=C,0.006301859416998923
CN1C2=C(C=C(S(N)(=O)=O)C=C2)N=C1SCC(NC(C1=CC=CC=C1)CC1=CC=CC=C1)=O,0.005156941316090524
CCN(C1CCCCC=1)C(CSC1N(C)C2=C(C=C(S(N)(=O)=O)C=C2)N=1)=O,0.006536472216248512
C1(NCC2C=CC=CC=2)=NC=C(C=N1)CN1CCC2(CCNCC2)C1,0.007085936074145138
CC1N2C(=NC(=CC2=O)COC(C2=C3C(C=CC=C3)=NC(C3=CC=C(O)C=C3)=C2)=O)SC=1,0.00391599532449618
C1(=CC=CC=C1OC)CN(CCCSC)CC=C,0.013341886783018708
CCN1C(=O)N(CC2=CC=CC=C2)C(N)=C(C(CSC2N(C3=C(F)C=CC=C3)C=NN=2)=O)C1=O,0.005696285329759121
N1(CCC(CC1)O)[C@@H]1CCN(C[C@H]1O)CC1=CC=CC(=C1)OC1C=CC(=CC=1)Cl,0.0036201425595209003
CC1N(CCC2SC=CC=2)C(C)=C(C(CSC2N(C3=C(F)C=CC=C3)C=NN=2)=O)C=1,0.010721227992326022
COC1=CC=C(C(C2=CC=CC=C2)NC(CSC2N(C3=C(F)C=CC=C3)C=NN=2)=O)C=C1,0.0058577667688950895
C1(N)N(C2=CC=C(C=C2)C(NCCCN2CCN(CC2)C2=CC(C)=CC=C2C)=O)N=CC=1C(OC)=O,0.0039560803328640756
FC1=C(N2C(SCC(N3CCN(CC(N4CCCC4)=O)CC3)=O)=NN=C2)C=CC=C1,0.00587064188439399
C1(N)N(C2=CC=C(C=C2)C(=O)NCC2=CC=CC=C2C)N=CC=1C(OC)=O,0.004175140906590968
FC1=C(N2C(SCC(NC(C3=CC=CC=C3)CC3=CC=CC=C3)=O)=NN=C2)C=CC=C1,0.006091168662533164
N1(CC2=CC=CC=C2F)CC(CCC1=O)C(NCCCC1=CC=CN=C1)=O,0.004855712130665779
C1(N)N(C2=CC=C(C=C2)C(=O)NCC2C=CC(=CC=2)OC(C)C)N=CC=1C(OC)=O,0.00440998855046928
COCCN1C(=O)C2=C(C=CC(=C2)Br)N=C1SCC(N(C1CCCCC=1)C1CC1)=O,0.010030517308041453
C1(N)N(C2=CC=C(C=C2)C(=O)NCC2=CC=C(C=C2)OCCC)N=CC=1C(OC)=O,0.004348435648716986
CCN(C1CCCCC=1)C(CSC1N(CCOC)C(=O)C2=C(C=CC(=C2)Br)N=1)=O,0.010837377049028873
C1(N)N(C2=CC=C(C=C2)C(=O)NCC2=CC=CC(F)=C2)N=CC=1C(OC)=O,0.0036598545149900017
C(=O)(C1CCN(CC1)CC1C=COC=1)NC1C=CC=C(C=1)C1=CSC=N1,0.006134350853972137
C1(N)N(C2C=CC(=CC=2)C(=O)NC2C=CC(=CC=2)CN2CCC(CC2)C)N=CC=1C(OC)=O,0.004264129581861198
CCN(C1CCCC=1)C(CSC1N(CCOC)C(=O)C2=C(C=CC(=C2)Br)N=1)=O,0.010685447324067354
C1(N)N(C2=CC=C(C=C2)C(=O)NCC2=CC=C(C=C2)CC)N=CC=1C(OC)=O,0.004709502239711583
CCN(S(C1=CC(C(OCC2N3C(N(C(C4=C3C=CC=C4)=O)C)=NN=2)=O)=C(F)C=C1)(=O)=O)CC,0.0056183343986049294
C1(N)N(C2=CC=C(C=C2)C(=O)NC2C=CC3=C(CN(C3)CC3C=CC=CC=3)C=2)N=CC=1C(OC)=O,0.004385977890342474
CCN(S(C1=C(OC)C=CC(C(OCC2N3C(N(C(C4=C3C=CC=C4)=O)C)=NN=2)=O)=C1)(=O)=O)CC,0.006546116783283651
N1(CC2C=CC=NC=2)C(C(NCCC(C)C)=O)C2C(=CC=CC=2)C1=O,0.008534245984628796
C1=C(N2CCCCC2)C=NN(CCN2C=C(C=N2)Cl)C1=O,0.007572034071199596
COC1=C(F)C=C(CN(C(CN2C(=O)C3=C(C=C(C4=CC=C(Cl)C=C4)S3)N=C2)=O)C)C=C1,0.005837669339962303
N1(C2=CC=C(C(OC)=C2)OC)C(C(NCCC(C)C)=O)C2C(=CC=CC=2)C1=O,0.010162030719220639
C1(=C(C2C=CC=CC=2)N=CN1CC(C)N1C(C)=CC(C)=N1)C1=NC=CN1C,0.0111163136549294
ClC1=CC=C(C2SC3=C(N=CN(C3=O)CC(N3CCN(C(C4SC=CC=4)=O)CC3)=O)C=2)C=C1,0.005037639755755663
N1(C2=CC=C(C=C2)OCC)C(C(NCCC(C)C)=O)C2C(=CC=CC=2)C1=O,0.00975378048606217
CC1=CC(Br)=C(OCC2N3C(N(C(C4=C3C=CC=C4)=O)C)=NN=2)C=C1,0.009463988477364182
C1(=CN(N=N1)CCN(C)C(=O)C1C(C)=NON=1)C(=O)N1CCSCC1,0.0073449905961751934
N1(CC2C=CC3=C(OCO3)C=2)C(C(NCCC(C)C)=O)C2C(=CC=CC=2)C1=O,0.010506975650787353
CC(NCC1SC(C(COC2=C(Br)C=C(C)C=C2)=O)=CC=1)=O,0.011116069974377751
N1(C2C=CC(=C(C)C=2)Br)C(C(NCCC(C)C)=O)C2C(=CC=CC=2)C1=O,0.010898151295259595
CC(N1C2=C(C=C(C=C2)NC(COC2=C(Br)C=C(C)C=C2)=O)CC1)=O,0.008690801775082945
N1(CC2C=CC(=CC=2)OC(C)C)C(C(NCCC(C)C)=O)C2C(=CC=CC=2)C1=O,0.011588579602539539
N1(CC2=CC=CC(F)=C2)C(C(NCCC(C)C)=O)C2C(=CC=CC=2)C1=O,0.008097589621320367
N1(CC2=CC=C(C=C2)OCCCC)C(C(NCCC(C)C)=O)C2C(=CC=CC=2)C1=O,0.010579375503584742
FC1=CC=C(C2N(CC3=CC=CC=C3)C(SCC#N)=NC=2)C=C1,0.004103189572015253
NC(CSC1N(CC2=CC=CC=C2)C(C2=CC=C(F)C=C2)=CN=1)=O,0.004671012912876904
FC1=CC=C(C2N(CC3=CC=CC=C3)C(SC3C(=O)OCC3)=NC=2)C=C1,0.005119981570169329
N1(C2C=CC(=CC=2)NC(C)=O)C(C(NCCCOC(C)C)=O)C2C(=CC=CC=2)C1=O,0.006844796962104738
FC1=CC=C(C2N(CC3=CC=CC=C3)C(SCC(NCC3OC=CC=3)=O)=NC=2)C=C1,0.0053583633620291945
N1(CC2C=CC(=CC=2)OCC)C(C(NCCCOC(C)C)=O)C2C(=CC=CC=2)C1=O,0.008721469389274716
N1(CC2C=CC=CC=2C)C(C(NCCCOC(C)C)=O)C2C(=CC=CC=2)C1=O,0.009313482791185379
N1(CC2=CC=CC=C2)C(C(NCCCOC)=O)C2C(=CC=CC=2)C1=O,0.007867121789604425
N1=C(C2C=CC(=CC=2)CN2CCCCCC2)ON=C1CN(C)C,0.013531641568988562
FC1=CC=C(C2N(CC3=CC=CC=C3)C(SCC(NCC3OCCC3)=O)=NC=2)C=C1,0.005469556106254459
N1(CC2=CC=C(C=C2)Cl)C(C(NCCCOC)=O)C2C(=CC=CC=2)C1=O,0.006883415021002292
CN1C(=O)N(C)C(=O)C(C(CSC2N(CC3=CC=CC=C3)C(C3=CC=C(F)C=C3)=CN=2)=O)=C1N,0.005131909158080816
NS(C1=CC(NC(CSC2N(CC3=CC=CC=C3)C(C3=CC=C(F)C=C3)=CN=2)=O)=CC=C1)(=O)=O,0.0037328045116737487
CC1ON=C(NC(CSC2N(CC3=CC=CC=C3)C(C3=CC=C(F)C=C3)=CN=2)=O)C=1,0.0046123027801513675
C12CCN(CCC=1N=C(N(C)C2=O)C)C1N=C(C)C=CC=1C#N,0.006466970196925104
FC1=CC=C(C2N(CC3=CC=CC=C3)C(SCC(NC3CS(=O)(=O)CC3)=O)=NC=2)C=C1,0.004122891672886908
N1(CC2=CC=C(C=C2)OC)C(C(NCCCOC)=O)C2C(=CC=CC=2)C1=O,0.00767435347661376
FC1=CC=C(C2N(CC3=CC=CC=C3)C(SCC(NCCN3C(=O)SCC3=O)=O)=NC=2)C=C1,0.002032069134293124
N1(CC2=CC=C(C=C2)C)C(C(NCCCOC)=O)C2C(=CC=CC=2)C1=O,0.008266769885085522
FC1=CC=C(C2N(CC3=CC=CC=C3)C(SCC(NC3=C(C#N)C=CS3)=O)=NC=2)C=C1,0.0033160913677420466
N1(CCCC2=CC=CC=C2)C(C(NCCCOC)=O)C2C(=CC=CC=2)C1=O,0.009011859027668833
N1(C(CC)C2C=CC(=CC=2)C)C=NC2C(=NC=CN=2)C1=O,0.009569869423285127
CC(C(NC1CC1)=O)SC1N(CC2=CC=CC=C2)C(C2=CC=C(F)C=C2)=CN=1,0.005911303404718638
N1(CC2C=CC3=C(OCO3)C=2)C(C(NCCCOC)=O)C2C(=CC=CC=2)C1=O,0.007641448033973574
C1(CC2C(=CC=CC=2)C1)(N1CCCCC1)C(=O)N(C)CC1=CC=CN=C1,0.0109914340544492
CN(C(C1=CC=C(NC(CSC2N(CC3=CC=CC=C3)C(C3=CC=C(F)C=C3)=CN=2)=O)C=C1)=O)C,0.0044686032109893855
N1(CC2C=CC=C(C)C=2)C(C(NCCCOC)=O)C2C(=CC=CC=2)C1=O,0.008149504428729415
C12(CCCN(CC3=CC=C(C=C3)F)C1=O)CCN(C(=O)C1=CC=CO1)C2,0.008682572864927351
COCSC1N(CC2=CC=CC=C2)C(C2=CC=C(F)C=C2)=CN=1,0.0066987294238060715
N1(CCC2=CC=C(C=C2)C)C(C(NCCCOC)=O)C2C(=CC=CC=2)C1=O,0.008703687833622098
FC1=CC=C(C2N(CC3=CC=CC=C3)C(SC3C(=O)CCC3)=NC=2)C=C1,0.009433184610679745
N1(CC2=CC=CC=C2OC)C(C(NCCCOC)=O)C2C(=CC=CC=2)C1=O,0.007827142393216491
N1(CCC[C@H]1COC)CC(NCCC1C=CC=C(Cl)C=1)=O,0.007791608641855419
CC1OC(CSC2N(CC3=CC=CC=C3)C(C3=CC=C(F)C=C3)=CN=2)=NN=1,0.005778518109582365
N1(CC2C=CC=C(OC)C=2)C(C(NCCCOC)=O)C2C(=CC=CC=2)C1=O,0.007518571219407022
CC(NCC1SC(C(CSC2N(CC3=CC=CC=C3)C(C3=CC=C(F)C=C3)=CN=2)=O)=CC=1)=O,0.0058435735059902075
N1(CC2=CC=C(C=C2)F)C(C(NCCCOC)=O)C2C(=CC=CC=2)C1=O,0.0057821418857201936
N#CCSC1N(C2=CC=CC=C2)C(C2=CC=CC=C2)=CN=1,0.004915611115757201
N1(C=CN=C1C1=CC=CC(C(C)N(C)C)=C1)CC1=CC=CN=C1,0.007611949276179075
C(=O)(C1=CC=C(C=C1)CSC1C=CC=CN=1)N(CC#C)CC1=CC=CO1,0.0073277851101011034
N1(CC2C=CC(=CC=2)OCC)C(C(NCCCOC)=O)C2C(=CC=CC=2)C1=O,0.007882511895149946
C1(=NC=C(CN2CCN(CC2)C(C)C)N1CCC1C=CC=CC=1)S(CC)(=O)=O,0.00660864517558366
NC(CSC1N(C2=CC=CC=C2)C(C2=CC=CC=C2)=CN=1)=O,0.005990312597714364
N1(CCC2C=CC(=CC=2)OCC)C(C(NCCCOC)=O)C2C(=CC=CC=2)C1=O,0.008169757993891835
N1(CCOC(C1)C1=CC=C(C(Cl)=C1)Cl)CC(NC)=O,0.007648155512288213
N1(CC2=CC=CC(Br)=C2)C(C(NCCCOC)=O)C2C(=CC=CC=2)C1=O,0.008761130226776003
O=C1C(SC2N(C3=CC=CC=C3)C(C3=CC=CC=C3)=CN=2)CCO1,0.0065957032144069675
N1(CC2C=CC=CC=2C)C(C(NCCCOC)=O)C2C(=CC=CC=2)C1=O,0.008236566628329455
O=C(N1CCN(C(C2OC=CC=2)=O)CC1)CSC1N(C2=CC=CC=C2)C(C2=CC=CC=C2)=CN=1,0.005927766067907214
N1(CC2C=CC(=CC=2)OC(C)C)C(C(NCCCOC)=O)C2C(=CC=CC=2)C1=O,0.00825997292995453
NC(C1=CC=C(NC(CSC2N(C3=CC=CC=C3)C(C3=CC=CC=C3)=CN=2)=O)C=C1)=O,0.00514633801067248
N1(CC2C=CC(=CC=2)CC)C(C(NCCCOC)=O)C2C(=CC=CC=2)C1=O,0.008930160151794552
CN1C(=O)N(C)C(=O)C(C(CSC2N(C3=CC=CC=C3)C(C3=CC=CC=C3)=CN=2)=O)=C1N,0.0060140617657452825
NS(C1=CC=C(CCNC(CSC2N(C3=CC=CC=C3)C(C3=CC=CC=C3)=CN=2)=O)C=C1)(=O)=O,0.004747646430041641
O=C(N(CCC#N)CCC#N)CSC1N(C2=CC=CC=C2)C(C2=CC=CC=C2)=CN=1,0.005237806195231088
N1(C2C=CC=C(F)C=2)C(C(NCCOC)=O)C2C(=CC=CC=2)C1=O,0.005241053376812488
O=C(NC1CS(=O)(=O)CC1)CSC1N(C2=CC=CC=C2)C(C2=CC=CC=C2)=CN=1,0.004854138288646936
C12N=CC=CN1N=CC=2CN1CCN(C(=O)C1)CC1=CC=CC(OC)=C1,0.006581061752513051
COC(CNC(CSC1N(C2=CC=CC=C2)C(C2=CC=CC=C2)=CN=1)=O)=O,0.005537764960899949
N1(CC2=CC=C(C=C2)C)C(C(NCCOC)=O)C2C(=CC=CC=2)C1=O,0.008015890629030764
CC(C(NC1=CC=C(C(N)=O)C=C1)=O)SC1N(C2=CC=CC=C2)C(C2=CC=CC=C2)=CN=1,0.005380814697127789
C1(=NC=CC=C1CNCC1=CN=C(N=C1)SC)N1CCCCCCC1,0.009904011385515332
N1(C2=C(F)C=CC(F)=C2)N=C(N=C1C1=CC=CC(=O)N1)CC(C)C,0.0038341253297403456
N1(CC2C=CC=CC=2)C(CC)CN(CCC1=O)CC1NC=C(C(=O)C=1C)C,0.006844953517429531
N1(CC2=CC=CC=C2OC)C(C(NCCOC)=O)C2C(=CC=CC=2)C1=O,0.007663622824475169
CC1C(NC(CSC2N(C3=CC=CC=C3)C(C3=CC=CC=C3)=CN=2)=O)=C(C)NN=1,0.004136199306230992
N1(C=CN=C1C1C=CC(=CC=1)N1C=CC=N1)CC1C=NN(CC)C=1,0.007149940612725914
CC(C(N1CCCC1)=O)SC1N(C2=CC=CC=C2)C(C2=CC=CC=C2)=CN=1,0.008237322932109237
CC(C(N)=O)SC1N(C2=CC=CC=C2)C(C2=CC=CC=C2)=CN=1,0.006315217562951147
N1(CC2C=CC(=CC=2)OCC)C(C(NCCOC)=O)C2C(=CC=CC=2)C1=O,0.007692808611318469
CC1=C(NC(CNC(CSC2N(C3=CC=CC=C3)C(C3=CC=CC=C3)=CN=2)=O)=O)C(C)=CC=C1,0.005722220055758953
N1(CC2C=CC=CC=2C)C(C(NCCOC)=O)C2C(=CC=CC=2)C1=O,0.008000094257295132
C1(C(C)=NON=1)C1CCCN1CC1=CN=C(NC2C=CC=C(OC)C=2)S1,0.008032290497794747
COCCCNC(NC(CSC1N(C2=CC=CC=C2)C(C2=CC=CC=C2)=CN=1)=O)=O,0.0014243712095776573
C1(C=NN2C=C(CCO)C=NC=12)C(=O)N1CCOC(C1)C(F)(F)F,0.002107762321975315
C1(NN=CC=1C1C=CC(=CC=1)F)C1CCCN(C(=O)C2C=NC(=NC=2)NCC)C1,0.0029919355642050506
N1(CC2=CC=CC(Cl)=C2)C(C(=O)NCC2C=CC=CC=2OC)C2C(=CC=CC=2)C1=O,0.007779455184936524
O=C(N1C(=O)NCC1)CSC1N(C2=CC=CC=C2)C(C2=CC=CC=C2)=CN=1,0.0015406914113555103
N1C(CC)=C(C2C=C(C)C=C(CNC(=O)C3C=CN(C(=O)C=3)C)C1=2)C,0.0067741591716185216
O=C(NCCC#N)CSC1N(C2=CC=CC=C2)C(C2=CC=CC=C2)=CN=1,0.003462980317999609
N1(C2=CC=C(C=C2)OC)C(C(=O)NCC2C=CC=CC=2OC)C2C(=CC=CC=2)C1=O,0.007781306840479374
O=C1C(SC2N(C3=CC=CC=C3)C(C3=CC=CC=C3)=CN=2)CCC1,0.011357337841764093
CC1OC(CSC2N(C3=CC=CC=C3)C(C3=CC=CC=C3)=CN=2)=NN=1,0.0070828861789777875
N1(C2=CC=C(C=C2C)Cl)C(C(=O)NCC2C=CC=CC=2OC)C2C(=CC=CC=2)C1=O,0.007120404555462301
CC(CN1C(C2=CC=C(F)C=C2)=CN=C1SCC(NC1CC1)=O)C,0.006178199429996312
N1(C2C=CC=CC=2CC)C(C(=O)NCC2C=CC=CC=2OC)C2C(=CC=CC=2)C1=O,0.008753017475828528
S(NC)(=O)(=O)CCNC(=O)C1C=CC(=CC=1)NC(C1CCC1)=O,0.0052769220201298594
N1(C2C=CC(=CC=2)CC)C(C(=O)NCC2C=CC=CC=2OC)C2C(=CC=CC=2)C1=O,0.008543125516735018
COC1=CC(OC)=C(NC(CSC2N(CC(C)C)C(C3=CC=C(F)C=C3)=CN=2)=O)C=C1,0.005999058368615806
N1(C2=CC=C(C=C2)F)C(C(=O)NCC2C=CC=CC=2OC)C2C(=CC=CC=2)C1=O,0.006881269672885537
C12C=CNC=1N=CN=C2N(C)CC1NN=C(C2=CC=CS2)C=1,0.0035156618105247617
CNC(NC(C(SC1N(CC(C)C)C(C2=CC=C(F)C=C2)=CN=1)C)=O)=O,0.0015109029598534107
CC(CN1C(C2=CC=C(F)C=C2)=CN=C1SC(C(NC(N)=O)=O)C)C,0.001306402063346468
C1(C(=O)NCC2=NOC(C3=CC=CO3)=N2)OC(=NC=1C)CC,0.005726475105620921
CC(CN1C(C2=CC=C(F)C=C2)=CN=C1SC(C(N)=O)C)C,0.005726316967047751
N1(C2=CC=C(C=C2)OCC)C(C(=O)NCC2C=CC=CC=2OC)C2C(=CC=CC=2)C1=O,0.007911404059268535
CC(CN1C(C2=CC=C(F)C=C2)=CN=C1SCC1N2C(N(C(C3=C2C=CC=C3)=O)C)=NN=1)C,0.005643365345895291
N1(C2=C(C)C=C(C=C2C)C)C(C(=O)NCC2C=CC=CC=2OC)C2C(=CC=CC=2)C1=O,0.009181757969781757
COC1=CC=C(C(NC(COC2=C(N(=O)=O)C=CC(C)=C2)=O)=O)C=C1,0.0031296299188397826
N1(C2C=CC(=C(C)C=2)Br)C(C(=O)NCC2C=CC=CC=2OC)C2C(=CC=CC=2)C1=O,0.00874971505254507
N1(C2=CC=C(C=C2)C(C)C)C(C(=O)NCC2C=CC=CC=2OC)C2C(=CC=CC=2)C1=O,0.008894154941663146
N1(C[C@@H]([C@@H](OC(C)C)C1)O)C(=O)CC1CCN(CC1)CCC,0.004038734946516342
N1(C2=CC=CC(CC)=C2)C(C(=O)NCC2C=CC=CC=2OC)C2C(=CC=CC=2)C1=O,0.008577517769299447
CC(NCC1SC(C(COC(C2=C(Cl)SC(Cl)=C2)=O)=O)=CC=1)=O,0.00940555976703763
N1(CC2C=CC(=CC=2)OCC)C(C(=O)NCC2C=CC=CC=2OC)C2C(=CC=CC=2)C1=O,0.00892150984145701
N1(CC2=CC=C(C=C2)OCCCC)C(C(=O)NCC2C=CC=CC=2OC)C2C(=CC=CC=2)C1=O,0.008376019354909659
N1(CC2C=CC=NC=2)C(=O)CCC1(C)C(NCCCOCC)=O,0.006838215165771544
CCN(S(C1=CN=C(SCC#N)C=C1)(=O)=O)CC,0.0031166263887485003
N1(CC2=CC=CC=C2)C(=O)CCC1(C)C(NCCCOCC)=O,0.007914052484557033
C1(C2C=CC=CC=2NC(=O)[C@H]2CCCO2)C(=O)NC(=NN=1)SCC,0.0033289143582805993
N1(CC2=CC=CC=C2Cl)C(=O)CCC1(C)C(NCCCOCC)=O,0.007442542305216193
CCOC(C1=CC=C(NC(CSC2=NC=C(S(N(CC)CC)(=O)=O)C=C2)=O)C=C1)=O,0.005292801698669791
N1(C(=O)CCC1(C)C(NCCCOCC)=O)C1C(OC)=CC(=C(Cl)C=1)OC,0.006955972034484148
CCN(S(C1=CN=C(SCC(N2C3=C(C=CC=C3)SC3=C2C=CC=C3)=O)C=C1)(=O)=O)CC,0.006168356700800359
N1(C(=O)CCC1(C)C(NCCCOCC)=O)C1=CC=C(C=C1C)Cl,0.006941429455764592
C1(=NN(C=N1)C)NC(=O)C1=CC=CC(CN2CCCN(C(COC)=O)CC2)=C1,0.005523054208606481
N1(CCC2C=CC(=CC=2)Cl)C(=O)CCC1(C)C(NCCCOCC)=O,0.007876535039395094
CCN(S(C1=CN=C(SCC(NC(N)=O)=O)C=C1)(=O)=O)CC,0.0009790410636924206
CCN(S(C1=CN=C(SC(C(NC2=CC=C(Br)C=C2)=O)C)C=C1)(=O)=O)CC,0.0056423224741593
C(=O)(C1=CC=C(N=C1)NCCCOC)N1CCCC(C2C=CC=CC=2)CC1,0.006696459138765931
N1(C(=O)CCC1(C)C(NCCCOCC)=O)C1C=CC(=CC=1OC)OC,0.00765169367659837
CCN(S(C1=CN=C(SCC(NC2=NOC(C)=C2)=O)C=C1)(=O)=O)CC,0.004814717231784016
N1(C(=O)CCC1(C)C(NCCCOCC)=O)C1=CC=CC(C)=C1C,0.008237049961462618
CCN(S(C1=CN=C(SCC(N(C)C)=O)C=C1)(=O)=O)CC,0.00598007463850081
C1(CN2C=C(N=N2)CC(C)C2C=CC=CC=2)C2CCCC=2NN=1,0.008547960361465812
N1(C2C=CC=CC=2CC)C(=O)CCC1(C)C(NCCCOCC)=O,0.008601156994700432
C(F)(F)(F)C1=CC=CC=C1CC1(CCNCC1)C(OCC)=O,0.0066881380043923855
CCN(S(C1=CN=C(SCC(N(C(C2=CC=CC=C2)C2=CC=CC=C2)C)=O)C=C1)(=O)=O)CC,0.007157244277186692
N1(CC(CC1=O)NC(=O)CC1C(C)=NON=1)CC1=CC=CC2C=CC=CC1=2,0.006184336636215449
C1(=NC=C(CN(C)CC2=CC=C(C)O2)N1CC1CCCCC1)S(=O)(=O)CC1CC1,0.010626748017966748
CCN(S(C1=CN=C(SCC(NC(NC2CCCCC2)=O)=O)C=C1)(=O)=O)CC,0.0019190555496606976
N1N=C(OC=1C1C=CC2=C(OCO2)C=1)CCC(=O)N(C)CCC1=CC=CC=C1,0.009681107755750418
S1C(=CC=C1C1CCCN1CC1=CC(=NN1)C)C(=O)NC1C=CC=C(CC)C=1,0.0055824446491897104
CCN(S(C1=CN=C(SCC(NC2=CC3=C(OC(O3)(F)F)C=C2)=O)C=C1)(=O)=O)CC,0.0033440026105381548
C1(=CC=C(N=C1)C1C=NC2C(=CC=CC=2)C=1)C(NCCCC1C=CC=CN=1)=O,0.008418240724131465
N1(CC2=CC=C(C=C2)C)C(=O)CCC1(C)C(NCCCOCC)=O,0.008478492312133313
C12=NON=C1N=C(NCCC1C=CC=C(C)N=1)C(NC1CC1)=N2,0.006088166183326393
N1(C(=O)CCC1(C)C(NCCCOCC)=O)C1=CC(C)=CC=C1C,0.00818217652849853
N1(CCC(CC1)CN(CC)CC1C=CC=NC=1)CCC1C=CC=CC=1C,0.01582677327096462
N1(C(=O)CCC1(C)C(NCCCOCC)=O)C1=CC=C(C=C1C)C,0.008247947320342064
CCN(S(C1=CN=C(SCC(NC(NCC2OC=CC=2)=O)=O)C=C1)(=O)=O)CC,0.0015735158638563007
C1(C(C)NCC2=CC=CC(OC)=C2OCCCC)=NN=CN1C,0.011381163820624351
N1(C(=O)CCC1(C)C(NCCCOCC)=O)C1=C(OC)C=CC(OC)=C1,0.007623265450820327
CCN(S(C1=CN=C(SCCCCN2C(=O)C3=C(C=CC=C3)C2=O)C=C1)(=O)=O)CC,0.00270646158605814
C1(=CC=C(OCC)O1)C(=O)N(C)CC1C=CC=C2C=NC=CC=12,0.008643317921087145
N1(CCC2=CC=C(C=C2)C)C(=O)CCC1(C)C(NCCCOCC)=O,0.009164604125544429
CCN(S(C1=CN=C(SC(C(NC2=CC=C(OC(F)(F)F)C=C2)=O)C)C=C1)(=O)=O)CC,0.003024076751898974
CCN(S(C1=CN=C(SC(C(NC2=CC=C(N(C)C)C=C2)=O)C)C=C1)(=O)=O)CC,0.005259201722219586
C1(NN=C(C2CC2)C=1)C(=O)N1CCC(CC1)(O)C1C=CC(=CC=1)F,0.004545200546272099
CCN(S(C1=CN=C(SCC(NCC(NC2=C(F)C(F)=C(F)C=C2)=O)=O)C=C1)(=O)=O)CC,0.004566240624990314
N1(C(=O)CCC1(C)C(NCCCOCC)=O)C1C=C(C)C(=CC=1OC)Cl,0.0070293380180373784
CCN(S(C1=CN=C(SCC(N2C(=O)NCC2)=O)C=C1)(=O)=O)CC,0.0012293227686313913
N1=NC=C(SCCNC(CCC(=O)NC2=CC=CC=C2SC)=O)N1,0.003169244260061532
N1(C(=O)CCC1(C)C(NCCCOCC)=O)C1C=CC(=C(Cl)C=1)OC,0.006728165014646947
N1(C2=CC=C(C=C2)C)C(=O)CCC1(C)C(NCCCOCC)=O,0.007725850562565029
S1C(=CC=C1C1CCCN1CC1CC1)C(NCCN1CCCOC1=O)=O,0.007162357703782618
N1(C(=O)CCC1(C)C(NCCCOCC)=O)C1C=CC=C2C=CC=CC=12,0.006950087938457727
CCN(S(C1=CN=C(SCC2N=C(N(C3=CC(C)=CC=C3)C(C)=O)SC=2)C=C1)(=O)=O)CC,0.0054063122253865
N1(C2C=CC=CC=2OC)C(=O)CCC1(C)C(NCCCOCC)=O,0.007777419756166637
CCN(S(C1=CN=C(SCC2N=C(C3=C(OC)C(OC)=CC=C3)SC=2)C=C1)(=O)=O)CC,0.006207876303233206
N1(CC2=CC=CC=C2F)C(=O)CCC1(C)C(NCCCOCC)=O,0.005640675011090934
CCN(S(C1=CN=C(SCC(N(C2=CC=CC=C2)C2CCCCC2)=O)C=C1)(=O)=O)CC,0.006928693712688982
C1(C)(CC(=NO1)C)C(=O)NCC1=CC=CN=C1OC1=C(C)C=CC=C1C,0.006519242515787482
CCN(S(C1=CN=C(SCC(NC(C2=CC3=C(C=CC=C3)C=C2)C)=O)C=C1)(=O)=O)CC,0.005480905110016465
N1=C(C2C=CC=C(C=2)C2=C(C)C=NC(C)=N2)C=CN1CC1C=CC=C(C)N=1,0.011242515733465552
CCN(S(C1=CN=C(SCC2ON=C(C3=CC=C(Cl)C=C3)N=2)C=C1)(=O)=O)CC,0.005356429610401392
C1(C(=O)N(CC)CCOC2C=CC(=CC=2)OC)=CN2C(SC=C2)=N1,0.006209404696710408
N1(CC2C=CC(=CC=2)OCC)C(=O)CCC1(C)C(NCCCOCC)=O,0.008632561238482595
N1C=CSC=1CN(CC)CC1CCCN(CCC2=CC=CC(OC)=C2)C1,0.012130606034770609
N1(CCC2=CC=C(C=C2)SC)C(=O)CCC1(C)C(NCCCOCC)=O,0.008080522390082478
N1=C(C=CN=C1N(C)CC1C=CC(=CN=1)CC)N1CCC(CC1)O,0.003419977042358369
N1(CC2=CC=CC(Br)=C2)C(=O)CCC1(C)C(NCCCOCC)=O,0.009535555774345995
CCN(S(C1=CN=C(SCC(NC2=CC3=C(OC4(O3)CCCCC4)C=C2)=O)C=C1)(=O)=O)CC,0.005277814832516015
N1(CC2=CC=CC(F)=C2)C(=O)CCC1(C)C(NCCCOCC)=O,0.005731552839279175
C(=O)(N(CC=C)CC1=CC=C(C)S1)[C@@H]1C[C@H](CN1)N,0.00767025442328304
N1(CC2C=CC=NC=2)C(=O)CCC1(C)C(NCCCOC(C)C)=O,0.007455730624496937
N1=NC(=CN1C1CCN(CC1)C(=O)CSC1=NNC(C)=N1)C1CC1,0.004276568396016955
C1(CN2CCCC(C2)CCC(N)=O)=CC2=CC=C(C=C2NC1=O)SC,0.003431026008911431
COC1=CC(NC(C(SC2=C(C#N)C(C)=C3C(CCC3)=N2)C)=O)=C(OC)C=C1,0.006406205543316901
N1(CC2=CC=C(C=C2)Cl)C(=O)CCC1(C)C(NCCCOC(C)C)=O,0.008091429620981217
C12CN(CCC=1N(N=C2C(O)=O)CC1CC1)C(=O)C1C=CC(=C(F)C=1)C,0.0070376434363424775
C(C)(=O)C1C=CC(=CC=1)CN(CC=C)CC1C=CC(=CC=1)F,0.014552893070504069
CC1=C(C#N)C(SCC2OC3=C(C=CC=C3)N=2)=NC2=C1CCC2,0.007267245394177735
N1(C(=O)CCC1(C)C(NCCCOC(C)C)=O)C1C(OC)=CC(=C(Cl)C=1)OC,0.007308813300915063
CC1=C(C#N)C(SCC(N2C(C3SC=CC=3)CCC2)=O)=NC2=C1CCC2,0.007049371907487512
N1=CC(=CN1C)CNC1C=CC(=NN=1)C1=CC=CC=C1,0.006647742097266018
CC(C1NC(=O)C2=C(C=CC=C2)N=1)OC(CCC1=CSC=C1)=O,0.005149564449675381
N1(CCC2C=CC(=CC=2)Cl)C(=O)CCC1(C)C(NCCCOC(C)C)=O,0.008467308105900883
C1(ON=C(C(C)C)C=1)C(=O)NC(C)C1C=NC(=NC=1C)C1C=CN=CC=1,0.007609353121370077
N1(C(=O)CCC1(C)C(NCCCOC(C)C)=O)C1C=CC(=CC=1OC)OC,0.008086230629123748
OC(CSC1N(C2=CC(F)=CC=C2)C=CN=1)=O,0.0035486695473082364
N1(C2C=CC=CC=2CC)C(=O)CCC1(C)C(NCCCOC(C)C)=O,0.009401422319933772
CC(N(C1=CC=CC=C1)C(CSC1N(C2=CC(F)=CC=C2)C=CN=1)=O)C,0.0059124323772266505
N1(CCCCO1)C(CCC(=O)NC1C=CC=CC=1CC)=O,0.0017682224104646593
C(C(=O)N1CCC(CC1)N1CCCCC1)C1C(=O)NCCN1CC1=CC=CC2=CC=CC=C12,0.00792863368988037
CCCN1C(=O)NC(=O)C(C(CSC2N(C3=CC=C(C(C)C)C=C3)N=NN=2)=O)=C1N,0.0036521792644634843
CC1=C(C#N)C(SCC#N)=NC2=C1CCC2,0.008012442433212641
CC1=C(C#N)C(SCC(NCC2OC=CC=2)=O)=NC2=C1CCC2,0.0066919595468789336
C1(C(=O)NCC2=CC=CC=C2OC)=CN(N=N1)CC1C=CC(=CC=1)OC,0.006746643106453121
C1(=O)C(CCCN1CC1CCCCC1)(CNCC1=CC=CC(F)=C1)O,0.009538371954113245
N1(C[C@H]2[C@H](CC=CC2)C1)C(=O)C1=CC=C(CN2C=CC=N2)O1,0.012352401530370117
N1(C2=CC=C(C=C2)OCC)C(=O)CCC1(C)C(NCCCOC(C)C)=O,0.008483985532075166
C1(C(=O)NCC2ON=C(C3=CC=CN=C3)N=2)C=C2N(CCCN(C(C)C)C2)N=1,0.00829654410481453
CCN(C(CSC1=C(C#N)C(C)=C2C(CCC2)=N1)=O)CC,0.008483086060732604
N1(CC2C=CC3=C(OCO3)C=2)C(=O)CCC1(C)C(NCCCOC(C)C)=O,0.00883528720587492
COC(C1CCN(C(CSC2=C(C#N)C(C)=C3C(CCC3)=N2)=O)CC1)=O,0.0071810144698247315
N1(C2=CC=CC=C2C)C(=O)CCC1(C)C(NCCCOC(C)C)=O,0.008782405918464065
N1(CC2C=NC(=CN=2)C)C=NC(C2C=CC=CC=2)=C1C(C)=CC,0.010251357313245535
N1(C(=O)CCC1(C)C(NCCCOC(C)C)=O)C1=CC=C(C=C1C)C,0.009084429498761893
N1(N=C(C=C1C(F)(F)F)C)C1SC=C(C(=O)N2CC[C@@H]3N[C@@H](CC3)C2)N=1,0.00393194064963609
N1(CC2C=CC=C(C)C=2)C(=O)CCC1(C)C(NCCCOC(C)C)=O,0.009287083055824041
C12N=CC(=CN1N=CC=2C(=O)NC1=CC=CC(C)=C1C)CN(CC)CC,0.007816065452061594
N1(CCC2C=CC=CC=2)C(=O)CCC1(C)C(NCCCOC(C)C)=O,0.00907912482507527
CC1N(C(CSC2=C(C#N)C(C)=C3C(CCC3)=N2)=O)CCCC1,0.007613125466741621
N1(CCC2=CC=C(C=C2)C)C(=O)CCC1(C)C(NCCCOC(C)C)=O,0.0099345862865448
S(C)(=O)(=O)NCC1CCN(CC(C)(C)N2CCOCC2)C1,0.007470169407315552
N1(C(=O)CCC1(C)C(NCCCOC(C)C)=O)C1=CC(C)=CC(C)=C1,0.009247253183275461
CC1N(C(COC(C2=NC3=C(C=CC=C3)N=C2)=O)=O)CCCC1,0.0076086004730314015
N1(CC2=CC=C(C=C2)F)C(=O)CCC1(C)C(NCCCOC(C)C)=O,0.006467464659363031
CC(C(C#N)(NC(CSC1=C(C#N)C(C)=C2C(CCC2)=N1)=O)C)C,0.007464693046011916
C1(C(C)(C)N)=CN(N=N1)C1CCN(CC1)C(C)CN1C(C)=CC(C)=N1,0.012138012051582336
N1(CC2=CC=CS2)C(=O)CCC1(C)C(NCCCOC(C)C)=O,0.007398342713713646
CCOC(C1=C(CSC2=C(C#N)C(C)=C3C(CCC3)=N2)OC=C1)=O,0.008355827420018613
N1(C2=CC=CC=C2OC)C=C(C=N1)C1C=CN=C(NCC2C(C)=NNC=2C)N=1,0.004800710349809378
N1(CC2C=CC(=CC=2)OCC)C(=O)CCC1(C)C(NCCCOC(C)C)=O,0.009139913879334927
S(=O)(=O)(N(C)C)N1CCCC(C1)C(=O)C1C=CC=C(OC(C)C)C=1,0.013696680730208754
N1(CC2=CC=CC(F)=C2)C(=O)CCC1(C)C(NCCCOC(C)C)=O,0.006324583501555026
CC(C(NC1=CC2=C(C=CC=C2)C=C1)=O)SC1=C(C#N)C(C)=C2C(CCC2)=N1,0.006536958180367947
C(=O)(NC1C=CC=C(OC)C=1)N1CCCC(C(=O)C2C=CC(=CC=2)C(F)(F)F)C1,0.006018005812074989
CC(C(N1CCCC1)=O)SC1=C(C#N)C(C)=C2C(CCC2)=N1,0.008923552418127655
C1(C2C(C)=CC(=C(C)C=2)OC)NC2C(=CC3=C(C=2)NC(N3)=O)N=1,0.003557627450209111
N1(CC2C=CC=NC=2)C(=O)CCC1(C)C(NCCCOC)=O,0.0065098734805360435
N1=C(C)ON=C1CN(C)CCC(C)C1C=CC=CC=1,0.013765021553263068
N1(CC2=CC=C(C=C2)Cl)C(=O)CCC1(C)C(NCCCOC)=O,0.007038532267324626
CCN(C(CSC1=C(C#N)C(C)=C2C(CCC2)=N1)=O)C1CS(=O)(=O)CC1,0.006527597364038229
N1(C(=O)CCC1(C)C(NCCCOC)=O)C1C(OC)=CC(=C(Cl)C=1)OC,0.007021058420650661
CC1=C(C#N)C(SCC(NC2(C#N)CCCC2)=O)=NC2=C1CCC2,0.006390651635763333
C1(C(=CC=CC=1O)O)C(NCCCOC1C=CC=CC=1)=O,0.004953765892423689
N1(C(=O)CCC1(C)C(NCCCOC)=O)C1=CC=C(C=C1C)Cl,0.006599178398028016
N1(CCC2C=CC(=CC=2)Cl)C(=O)CCC1(C)C(NCCCOC)=O,0.007442924031056464
CCC1=C(NC2=NC(COC(C3=NC4=C(C=CC=C4)N=C3)=O)=NC(N)=N2)C=CC=C1,0.005560181522741914
N1(CC[C@@]([C@@H](CC)C1)(C)O)C(=O)CN(C)CC1C=CC=NC=1,0.007976680691353977
N1(C(=O)CCC1(C)C(NCCCOC)=O)C1=CC(OC)=CC(OC)=C1,0.007819509762339295
CCOC(C1C(C2=CC=CC=C2)NC(=O)NC=1COC(C1=NC2=C(C=CC=C2)N=C1)=O)=O,0.006332868849858642
CC1=C(C#N)C(SCC(N2C(=O)NCC2)=O)=NC2=C1CCC2,0.0015062145743286238
C1(=CN(N=C1C)CCC)C(=O)NC(C)C1=CN2C(SC=C2)=N1,0.005955058103427291
CN(C1(C#N)CCCCC1)C(CSC1=C(C#N)C(C)=C2C(CCC2)=N1)=O,0.008037114721810212
C1(C(NCCCCC2C=CC=CN=2)=O)C=C2N(CCN(C)C2)N=1,0.008133755531162024
N1(C[C@H](C)O[C@H](C)C1)C1CCN(CC1)CC1=NC=CN1CCC,0.008390929317101836
C1(C(=O)N2CCC(CC2)CCC(=O)N2CCC3C(=CC=CC=3)C2)=CC2=C(C=CS2)N1,0.004894898668862879
N1(C2=CC=C(C=C2)F)C(=O)CCC1(C)C(NCCCOC)=O,0.005388864385895431
N1(CC2CC2)C(C(C)C)CN(CCC1=O)CCN1C(C)=CC=N1,0.01523965080268681
O=C(C1=NC2=C(C=CC=C2)N=C1)OCC1=CC=C(C#N)C=C1,0.0067224816884845495
C12SC(=CN1C=C(CNC1=NC3CCNCCC=3C(=O)N1)N=2)C,0.00284794574836269
N1(CC2=CC=C(C=C2)OC)C(=O)CCC1(C)C(NCCCOC)=O,0.007745855790562928
N1C(=O)NN=C1C(C)NC(=O)C1C=C(NN=1)CN1C=CN=C1C(C)C,0.0034380401484668255
O=N(C1=CC(COC(C2=NC3=C(C=CC=C3)N=C2)=O)=CC=C1)=O,0.004551923891995102
N1(C=NC(C2=CC=CC=C2)=C1C1C=NC(=NC=1)OC)CC1C(C)=NNC=1C,0.004841204883996397
N1(C2=CC=C(C=C2)OCC)C(=O)CCC1(C)C(NCCCOC)=O,0.0073905815603211526
N1(C[C@@H](C[C@H]1C(O)=O)N(C)C)C(=O)C1C(O)=CC=C2C=CC=CC=12,0.0035182211780920626
O=C(N1CCCCCC1)COC(C1=NC2=C(C=CC=C2)N=C1)=O,0.00923031042329967
N12N=C(N=C1N=C(C)C=C2O)SCC(=O)N1CCC(N(C)C(C)=O)C1,0.005991143779829145
CCC1N(C(COC(C2=NC3=C(C=CC=C3)N=C2)=O)=O)CCCC1,0.008239333610981702
C1(=CC=C(CNCC2=CC=CN=C2OCC)O1)SC1=NC=CC=N1,0.007831515558063985
N1(C(=O)CCC1(C)C(NCCCOC)=O)C1=CC(C)=CC=C1C,0.007791569409891963
N1(CCC2(CCCN(CC3C=CC=C(OC)C=3OC)C2)C1)C(COC)=O,0.012580205406993627
FC(OC1=CC=C(NC(COC(C2=NC3=C(C=CC=C3)N=C2)=O)=O)C=C1)(F)F,0.004311231255996972
C1(F)C=C(F)C=CC=1CNCC1=CC=CC=C1OCC(O)CN1CCSCC1,0.0031107335584238172
O=C(NCC1OC=CC=1)COC(C1=NC2=C(C=CC=C2)N=C1)=O,0.00676604041364044
N1(C(=O)CCC1(C)C(NCCCOC)=O)C1C=CC(=C(C)C=1)C,0.007777996337972581
COC1=CC(NC(COC(C2=NC3=C(C=CC=C3)N=C2)=O)=O)=C(OC)C=C1,0.006601358740590512
N1(CCC2C=CC=CC=2)C(=O)CCC1(C)C(NCCCOC)=O,0.007867171918042004
CC1=C(Br)C=CC(NC(COC(C2=NC3=C(C=CC=C3)N=C2)=O)=O)=C1,0.007461954792961478
N1(CCC2=CC=C(C=C2)C)C(=O)CCC1(C)C(NCCCOC)=O,0.008820320619270206
N12CCCC1=NN=C2CNC(=O)C(C)(C)NC(=O)C1=CC=CS1,0.006479058414697647
N1(CC2C=CC=CC=2OC)C(=O)CCC1(C)C(NCCCOC)=O,0.007983010448515414
O=C(NC1=C2C(C=CC=C2)=CC=C1)COC(C1=NC2=C(C=CC=C2)N=C1)=O,0.006564750336110592
N1(C2C=CC=CC=2F)C=C(C(C2C=CC(=CC=2)OC)=N1)CNCCN(CC)CC,0.007208400196395815
N1(C)C(C)=NC=C1CNC1CN(C(=O)C1)CCC1=CC=CC(Cl)=C1,0.0052906181663274765
N1(C2=CC=C(C=C2)C(C)C)C(=O)CCC1(C)C(NCCCOC)=O,0.007939819805324077
CC1N(C(COC(C2=NC3=C(C=CC=C3)N=C2)=O)=O)C2=C(C=CC=C2)C1,0.009260835265740753
C1(C(=O)N2CCCC2)C=C2N(CCN(C(=O)C3=CN=C(C=N3)O)C2)N=1,0.008116526389494538
N1(CCC2C3C=CC=CC=3NC=2)C(=O)CCC1(C)C(NCCCOC)=O,0.004827798111364245
COC1=C(NC(COC(C2=NC3=C(C=CC=C3)N=C2)=O)=O)C=CC=C1,0.006406786292791367
N1(C(=O)CCC1(C)C(NCCCOC)=O)C1=CC=C(C=C1C)F,0.005856853816658259
O=C(NC1CCCCCC1)COC(C1=NC2=C(C=CC=C2)N=C1)=O,0.009945140453055501
C1(C=C(OC=1C)CN(CC)CC)C(=O)N1C[C@@H]2[C@@H]([C@H]3C[C@@H]2CC3)C1,0.015966854643465922
N1(C(=O)CCC1(C)C(NCCCOC)=O)C1C=C(C)C(=CC=1OC)Cl,0.006685270485468209
O1[C@H](C[C@H](C[C@H]1C1=CN=C2C(C=CC=C2)=C1)NC(C)=O)C1=CC(F)=CC(F)=C1,0.005145352194085717
N1(C2C=CC=CC=2OC)C(=O)CCC1(C)C(NCCCOC)=O,0.007339096721261739
O=C(NC1CCCCC1)COC(C1=NC2=C(C=CC=C2)N=C1)=O,0.008723149634897709
N1(CCNC(=O)C1)CC1=CC=CC(=C1)OCC(O)CN1CCC(CC1)C(OC)=O,0.0027678984217345713
N1(CC2=CC=CC=C2F)C(=O)CCC1(C)C(NCCCOC)=O,0.0056470339884981515
N1(C(=O)NN=C1CC1C=CC=CC=1F)C1C(C)=NOC=1C,0.003163173433858901
CC(C1C(C)=C(C(COC(C2=NC3=C(C=CC=C3)N=C2)=O)=O)NC=1C)=O,0.00881582759320736
C1(C(C)NC(=O)C2=CN=C(N=C2C)C(C)C)=NN=CN1C(C)C,0.008114334777928889
N1(CCC2=CC=CS2)C(=O)CCC1(C)C(NCCCOC)=O,0.006549614598043263
N1(CCC2C=CC(=CC=2)OCC)C(=O)CCC1(C)C(NCCCOC)=O,0.008456799620762467
C1(=O)C(CCCN1CC1=CC(OC)=CC=C1F)(CNCCC1=CNC=N1)O,0.0030406964011490344
O=N(C1=C(NC(COC(C2=NC3=C(C=CC=C3)N=C2)=O)=O)C=CC=C1)=O,0.005068321502767504
C1(COC)(CC1)C(=O)N1CCOC2=C(C=C(C3C=CC=C(Cl)C=3)C=C2C1)O,0.0055770987644791605
N1(CCC2=CC=C(C=C2)SC)C(=O)CCC1(C)C(NCCCOC)=O,0.00783036956563592
C1(CC(=O)NCC2=CC=CN=C2N2CCN(CC2)C)=C(C)NC(NC1=O)=O,0.00297845879686065
N1(CC2C=CC=CC=2C)C(=O)CCC1(C)C(NCCCOC)=O,0.008032524003647267
N1(C2=CC=CC=C2OC)N=C(N=C1CC1C(C)=NNC=1C)C(C)C,0.007753788586705923
N1(CC2=CC=CC(Cl)=C2)C(=O)CCC1(C)C(NCCOC)=O,0.006575228250585497
COC1=CC(OC)=C(NC(COC(C2=NC3=C(C=CC=C3)N=C2)=O)=O)C=C1,0.006603146716952324
CCOC(N1CCN(C(COC(C2=NC3=C(C=CC=C3)N=C2)=O)=O)CC1)=O,0.007079393998719752
O=C(NC1=C(CC2=CC=CC=C2)C=CC=C1)COC(C1=NC2=C(C=CC=C2)N=C1)=O,0.007377960113808512
N1(CCCC(C(NCCOC)=O)C1)C1CCN(CC1)CC1=C(C=CC=N1)C,0.008476376137696206
C(=O)(CN(C)CC1C=CN=CC=1)N(CC)CC1CCCN(CCC2=CC=CC(OC)=C2)C1,0.010750189330428839
N1(C(C)C(=O)NCC2=NN=C(C3C=CC=CC=3)O2)C2=CC=CC=C2N=C1CCC,0.005917789530940354
N12NC(C=C1N=CC(C(=O)NC1=NN=C(C(C)CCC)S1)=C2C)=O,0.004262994905002415
C1(C=NN(C(C)C)C=1)C(=O)NCC1=CC=CN=C1N(C)C1CCCCC1,0.008288464043289423
CC(C1=C(NC(COC(C2=NC3=C(C=CC=C3)N=C2)=O)=O)C=CC=C1)=O,0.010062539670616388
C(=O)(C1CCC(N(CCCC2=CC=CC=C2)C1)=O)N1CCCC1(CC=C)CC=C,0.013527416530996561
N1(CC2C=CC=NC=2)C(=O)CCC1(C)C(NCCOC)=O,0.006112381955608726
O=C(C1=NC2=C(C=CC=C2)N=C1)OCC1OC(C2OC=CC=2)=NN=1,0.0077657068613916636
N1(CC2=CC=CC=C2F)C(C)=C(C2C(CCCC=21)=O)CC(=O)N1CCC[C@H]1CO,0.00626803042832762
N1(C2=CC=C(C=C2)OC)C(=O)CCC1(C)C(NCCOC)=O,0.007224281970411539
CC(C(N(C1=CC=CC=C1)C)=O)OC(C1=NC2=C(C=CC=C2)N=C1)=O,0.00913336374796927
ClC1=CC2=C(OCOC2)C(COC(C2=NC3=C(C=CC=C3)N=C2)=O)=C1,0.007356990082189441
C1(=O)NC2C(=CC(=CC=2)C(=O)N2CCOC(CCCC3C=CC=CC=3)C2)N1,0.0033898172318004073
N1(CC2=CC=CC=C2)C(=O)CCC1(C)C(NCCOC)=O,0.007112146145664156
CCOC1=CC=C(OCCOC(C2=NC3=C(C=CC=C3)N=C2)=O)C=C1,0.00790646644309163
N1(C2CC3=C(C=CC=C3)C2)C=C(C=N1)C1CCN(CC=1)CCCC(N)=O,0.013212433829903603
CC(C1=C(C)C=C2C(C(=CC(O2)=O)COC(C2=NC3=C(C=CC=C3)N=C2)=O)=C1)C,0.010854905098676681
C1(CC2C=CC=CC=2)(CC(=O)NCC2OC(=NN=2)C)C2=CC=CC=C2N(C)C1=O,0.008348570787347853
C1(=CC=CO1)C=CCN(C)CC1(CCCC1)CO,0.00869849962182343
CN(S(C1=CC(COC(C2=NC3=C(C=CC=C3)N=C2)=O)=CC=C1)(=O)=O)C,0.005904611269943416
C1(N(CCNC1=O)CCCC1=CC=CC=C1)CC(NCCC1=CC=CO1)=O,0.007428259751759469
C1(C2C=CC(=CC=2)Cl)(C(=O)NCC2CCCN(C3CSCCSC3)C2)CC1,0.009986344072967768
N1C2=CC=C(C(C)=C2NC=1CN(C)CC1=NN=C(C2=CC=CC=C2)O1)C,0.0040233299601823095
N1(CC2=CC=CC=C2Cl)C(=O)CCC1(C)C(NCCOC)=O,0.006616143207065761
CC(C(N1CCC(C)CC1)=O)OC(C1=NC2=C(C=CC=C2)N=C1)=O,0.008860652148723603
N12C(C)=CC=CC1=NC(CNCC1(CCCN(CC3=CC=C(C=C3)F)C1=O)O)=C2,0.004599762754514814
N1(CC2=CC=C(C=C2)Cl)C(=O)CCC1(C)C(NCCOC)=O,0.006673449510708451
O=C(C1=NC2=C(C=CC=C2)N=C1)OCCOC1=CC=C(C#N)C=C1,0.0059745366452261806
CCOC(C1C(C)NC(=O)NC=1COC(C1=NC2=C(C=CC=C2)N=C1)=O)=O,0.006115623912774026
N(CC1=CC=C2C(OCO2)=C1)(CC1=CC=CN=C1)C(=O)C1=CC=CN=C1,0.009228987712413072
COC1=C(COC(C2=NC3=C(C=CC=C3)N=C2)=O)C=C(N(=O)=O)C=C1,0.0048794721253216265
C(C(=O)N1CCC(CC1)OC1=CC=CC=C1Cl)C1C(=O)NCCN1CC1C=CC=CC=1,0.006006990582682193
C12NC(=NC=1N(N=C2C1C=CC=CC=1)C)C1C(C)=NN(C)C=1Cl,0.0043181091896258295
OCCN1C2=C(C=CC(=C2)Cl)N=C1COC(C1=NC2=C(C=CC=C2)N=C1)=O,0.002880880143493414
N1(C(=O)CCC1(C)C(NCCOC)=O)C1C(OC)=CC(=C(Cl)C=1)OC,0.006810334720648825
N1(C(=O)CCC1(C)C(NCCOC)=O)C1=CC=C(C=C1C)Cl,0.006283049192279577
CCOC(C1C(C2=CC=C(Cl)C=C2)NC(=O)NC=1COC(C1=NC2=C(C=CC=C2)N=C1)=O)=O,0.005593278422020375
N1(CCC2C=CC(=CC=2)Cl)C(=O)CCC1(C)C(NCCOC)=O,0.007059955457225442
N1=C(C2=CN=CC=N2)C=CN1C1=CC=C(C=C1)C(=O)C1CC1,0.013551615877076983
N1(C(=O)CCC1(C)C(NCCOC)=O)C1C=CC(=CC=1OC)OC,0.007398232235573232
CC(NS(C1=CC=C(NC(C(OC(C2=NC3=C(C=CC=C3)N=C2)=O)C)=O)C=C1)(=O)=O)C,0.0047348296036943795
C1(C=NN(CCC)C=1C)C(=O)N1CCOC(CC2C=CC=C(OC)C=2)C1,0.010221026791259646
C1(C=CC(NN=1)=O)C(=O)N(CC(C)C)CC1SC=CC=1C,0.004583229136187583
N1(C(=O)CCC1(C)C(NCCOC)=O)C1=CC=CC(C)=C1C,0.0075409200740978125
CC(C1=C(Cl)C=CC=C1)OC(C1=NC2=C(C=CC=C2)N=C1)=O,0.008227060828357936
C1(CCCN(CC2=CC(OC)=CC=C2F)C1=O)(O)CN(C)CCN(C)C,0.00943598400335759
CN(C(COC(C1=NC2=C(C=CC=C2)N=C1)=O)=O)CC1SC=CC=1,0.007656311010941863
C(=O)(C1=CC=CN=C1O)N1CCCC(C1)CCC1C(=CC=CC=1F)F,0.006091457419097423
N1(CC2=CC=CO2)C(=O)CCC1(C)C(NCCOC)=O,0.007337760576047003
N1(CC2=CC=C(C=C2)OC)C(=O)CCC1(C)C(NCCOC)=O,0.007490185042843223
C(=O)(C1CC1)NC1C(C)=CC=C(C=1)C(=O)NCC1CCN(CCOC)C1,0.008893354889005422
N1(CC2=CC=C(C=C2)C)C(=O)CCC1(C)C(NCCOC)=O,0.007697605737484991
CC(N(C1=C(F)C=CC=C1)C1SC=C(COC(C2=NC3=C(C=CC=C3)N=C2)=O)N=1)=O,0.0059474848443642255
N1(CC2CCCCC2)CC(CCC1=O)C(NCCN1CCNC1=O)=O,0.005845101666636765
ClC1=CC(NC(COC(CCC2=CSC=C2)=O)=O)=C(N2N=CN=C2)C=C1,0.004764365078881383
N1(CCCCO1)CCC(=O)NCC1C=NC(=CN=1)C,0.0019049501366680487
CCOC(C1C(C2=CC=C(OC)C=C2)NC(=O)NC=1COC(C1=NC2=C(C=CC=C2)N=C1)=O)=O,0.00624082968570292
C12CN(CC=1C=NN2CC1=CC=C(C=C1)F)C1=NC=CC(NCC)=N1,0.0057411931687965986
N1(C2=CC=C(C=C2)OCC)C(=O)CCC1(C)C(NCCOC)=O,0.007081398856826127
N1(CCCC2=CC=CC=C2)C(=O)CCC1(C)C(NCCOC)=O,0.008384960610419512
COC(C1C(C)=C(C(C(OC(C2=NC3=C(C=CC=C3)N=C2)=O)C)=O)NC=1C)=O,0.009492668509483337
N1(CC2C=CC3=C(OCO3)C=2)C(=O)CCC1(C)C(NCCOC)=O,0.007634167023934424
CC(NC1SC=C(COC(C2=NC3=C(C=CC=C3)N=C2)=O)N=1)=O,0.004763155756518245
N1(C2=CC=CC=C2C)C(=O)CCC1(C)C(NCCOC)=O,0.007228087983094156
N1=C(C)N=C(C=C1NCC1C=NC(=CC=1C)C)C(C)C,0.008508658781647683
CC1=CC=C(C2N=C(COC(C3=NC4=C(C=CC=C4)N=C3)=O)ON=2)C=C1,0.008620473160408437
C1(CSCCNC(=O)C2C=CC3=C(C=C(O3)C)C=2)NC=NC=1C,0.002941749477759004
N1(C(=O)CCC1(C)C(NCCOC)=O)C1=CC(C)=CC=C1C,0.007484029373154044
C1(C(=O)N(C)CC2=NOC(CC)=N2)C(C)=NN(C2C=CC(=CC=2)F)C=1C,0.007397463638335466
O=C(C1=NC2=C(C=CC=C2)N=C1)OCC1OC2=C(C=CC=C2)N=1,0.006718290410935879
N1(C(=O)CCC1(C)C(NCCOC)=O)C1=CC=C(C=C1C)C,0.007543084537610411
N12C(C)=C(SC1=NC=C(C2=O)C1=NC(=NN1C1C=CC=CN=1)C1CC1)C,0.008113608881831168
N1(C(=O)CCC1(C)C(NCCOC)=O)C1C=CC(=C(C)C=1)C,0.007453650212846696
N1(C=NN=C1C1C=CC(=C(OC)C=1)O)C1=CC(=NN1C)C,0.005796590773388744
O=C(C1=NC2=C(C=CC=C2)N=C1)OCC1=CC=C(C(N2CCCC2)=O)C=C1,0.008752123499289156
N1(CC2C=CC=C(C)C=2)C(=O)CCC1(C)C(NCCOC)=O,0.0076974325347691774
FC(C1=C(NC(COC(CCC2=CSC=C2)=O)=O)C=CC(Cl)=C1)(F)F,0.005522444692905993
N1(CCC2C=CC=CC=2)C(=O)CCC1(C)C(NCCOC)=O,0.007511693611741066
N1(C2C=C(C)C=C(C)C=2)N=CC2C(CCCC=21)NC(CCC=C)=O,0.009454984543845057
N1(CCC2=CC=C(C=C2)C)C(=O)CCC1(C)C(NCCOC)=O,0.00850520101375878
C1(C(N)=O)=CN=C2CN(C(=O)CSC3SC=C(C)N=3)CCN12,0.004256976139731705
CN(S(C1=CC(NC(COC(CCC2=CSC=C2)=O)=O)=CC=C1)(=O)=O)C,0.004840882681310177
C1(CN2CCC(C2)C2C=C(OC)C=CC=2OC)C(C)=NN(C)C=1Cl,0.012164222868159413
N1(C(=O)CCC1(C)C(NCCOC)=O)C1=CC(C)=CC(C)=C1,0.0076780011877417564
C1(C(=O)NC2=CC=CC=C2)C=C2N(CCN(C(=O)CCN3C=NN=N3)C2)N=1,0.004986519552767276
O=C(OCC(C1=CC2=C(OCC(N2)=O)C=C1)=O)CCC1=CSC=C1,0.010356829781085253
C12C(CC(NC=1NN=C2C(NC)=O)=O)C1=CNN=C1C1CCCCC1,0.005607017199508846
CC(C(NC1=CC=C(NC(C)=O)C=C1)=O)OC(CCC1=CSC=C1)=O,0.007581217074766755
N1(CC2C=CC=CC=2OC)C(=O)CCC1(C)C(NCCOC)=O,0.007703645736910403
C1(=CC=C(Cl)S1)C(=O)N(CC)CC1=NOC(CCC)=N1,0.007762486883439124
NC(C1=C(NC(COC(CCC2=CSC=C2)=O)=O)SC=C1)=O,0.006377556943334639
C1(N2CCCN(CC2)C(=O)C2=CC=CO2)=CC(C(C)C)=NC(C)=N1,0.009879809711128474
O=C(OCC(C1NC=CC=1)=O)CCC1=CSC=C1,0.007982541667297482
N1(C2CCN(C2)C2=NC=CC(CCC(F)(F)F)=N2)C(C)=CC(C)=N1,0.005076548940269277
N1(CC2=CC=C(C=C2)F)C(=O)CCC1(C)C(NCCOC)=O,0.005541025032289326
O=C(OCC(C1=CC2=C(OCO2)C=C1)=O)CCC1=CSC=C1,0.01270207641646266
N1=C(C2=CC=C(C=C2)C(F)(F)F)OC(C)=C1CN(C)C(C1CC1)C1CC1,0.006954775261692703
N1(C(=O)CCC1(C)C(NCCOC)=O)C1C=CC2=C(OCCO2)C=1,0.007569572306238115
C12CN(CC3CCCO3)CCC=1NN=C2C1=CC=C(C=C1)C1C=CC=CC=1,0.009567915322259068
N1(CCC2C3C=CC=CC=3NC=2)C(=O)CCC1(C)C(NCCOC)=O,0.0045285343658179045
N1C(NCC2C=NNC=2C2=CC=CS2)=NC=C(C)C=1N(C)C,0.002937713451683521
CN(S(C1=CC(COC(CCC2=CSC=C2)=O)=CC=C1)(=O)=O)C,0.005883418815210461
N1(CC2=CC=CS2)C(=O)CCC1(C)C(NCCOC)=O,0.005970909143798053
N1(C(=O)CCC1(C)C(NCCOC)=O)C1=CC=C(C=C1C)F,0.005519274342805147
CCOC(C1C(C2=CC=CC=C2)NC(=O)NC=1COC(CCC1=CSC=C1)=O)=O,0.006758965016342699
N1(C(=O)CCC1(C)C(NCCOC)=O)C1=C(OCC)C=CC(OCC)=C1,0.007955029769800604
CCOC(C1C(C)NC(=O)NC=1COC(CCC1=CSC=C1)=O)=O,0.006336852349340916
N1(C2=CC=C(C=C2)C)C(=O)CCC1(C)C(NCCOC)=O,0.006979745579883456
CC1N(C2SC=CN=2)C(C)=C(C(COC(CCC2=CSC=C2)=O)=O)C=1,0.010711767245084047
N1(CC2=CC=C(C=C2)SC)CC[C@H]([C@H](O)C1)N(C)CCC1C=CC=CN=1,0.003584691521245986
O=C(OCCCN1C2=C(C=CC=C2)NC1=O)CCC1=CSC=C1,0.0034678054391406475
N1(C(=O)CCC1(C)C(NCCOC)=O)C1C=CC=C2C=CC=CC=12,0.006304847821593284
CC1N(C(COC(CCC2=CSC=C2)=O)=O)C2=C(C=CC=C2)NC(=O)C1,0.007928602793253959
N1(CC(=O)N[C@H]2CC[C@@H](CC2)N2C=NN=C2)C2=CC=CC=C2C(C(C)=O)=C1,0.009739416325464845
O=C(OCC1ON=C(C2SC=CC=2)N=1)CCC1=CSC=C1,0.008275819756090642
N1(CC2C=CC=CC=2F)C(=O)CCC1(C)C(NCCOC)=O,0.005298442486673593
CC1C(NC(COC(CCC2=CSC=C2)=O)=O)=C(C)N(C2=CC=C(C)C=C2)N=1,0.00762902139686048
C1(NN=CC=1C1=CC=C(C=C1)C)C1CCCN(C2=CC=NC(C)=N2)C1,0.005249576084315777
CC(C1=C(NC(COC(CCC2=CSC=C2)=O)=O)C=C2C(OCO2)=C1)=O,0.010464580077677966
C1(C(C)=NOC=1C)NC(=O)N1CCC(CC1)CN1C=C(N=N1)C1C=CSC=1,0.00417070984840393
CC(C(C1=CC=C(NS(C)(=O)=O)C=C1)=O)OC(CCC1=CSC=C1)=O,0.006775959068909288
N1(CC(=O)N2CCC(CC2)C2=CC(=NN2)CC2C=CC=CC=2)N=C(C=C1N)C,0.0031163194915279748
N1(CC2C=CC=CC=2OCC)C(=O)CCC1(C)C(NCCOC)=O,0.008126027160324156
C1(=CC(=NN1CC)C(C)C)C(=O)NN1C(C)=CC(=CC1=O)C,0.007005145330913365
N1(C(=O)CCC1(C)C(NCCOC)=O)CC1C=CC(=CC=1OC)OC,0.007576904073357582
N1(C(=O)C=CC(Cl)=N1)CC(=O)N(CCN(C)C)CC1=CC=C(C)S1,0.006332527147606015
N1(C(=O)CCC1(C)C(NCCOC)=O)CC1=CC=CC(OC)=C1OC,0.008719377312809229
N1(CCNC(=O)C1CC(NCCC1C=NC=CN=1)=O)CC1=CC=C(C)O1,0.005921375704929233
N1(CC2C=CC(=CC=2)OCC)C(=O)CCC1(C)C(NCCOC)=O,0.007901091291569174
C1(CCCN(CCOC)C1=O)(O)CN(C)CC1C=NC2C(=CC=CC=2)C=1,0.009637468261644244
N1(C(=O)CCC1(C)C(NCCOC)=O)CC1C=C(Br)C=CC=1OC,0.008651109877973795
CC1(NC(COC(CCC2=CSC=C2)=O)=O)CS(=O)(=O)CC1,0.006696826964616776
N1(CCCC(C1)NC1CCC2(CC1)CCNCC2)C(=O)C1=CC=CO1,0.012876341724768281
N1(CCC2=CC=CS2)C(=O)CCC1(C)C(NCCOC)=O,0.00619036394637078
CS(N1C2=C(C=C(C(COC(CCC3=CSC=C3)=O)=O)C=C2)CCC1)(=O)=O,0.0090648811776191
C1(C=NN(C)C=1)C1=C(C)C(C2C=NC(=NC=2)OC)=C(C(N)=N1)C#N,0.003653481532819569
CC1SC=C(C2=CC(NC(COC(CCC3=CSC=C3)=O)=O)=CC=C2)N=1,0.005855457508005202
C1(C=COC=1C)C(=O)N(C)CC(NCCCC)=O,0.00881928876042366
N1(CCC2C=CC(=CC=2)OCC)C(=O)CCC1(C)C(NCCOC)=O,0.00826742174103856
C1(C(N)=O)=CN=C2CN(C(=O)CSC3C=CC(=CC=3)Cl)CCN12,0.0034303697757422924
N1(CC2=CC=CC(Br)=C2)C(=O)CCC1(C)C(NCCOC)=O,0.008729866100475192
N1(CC(CC1=O)NC(=O)C1=CC=CN=C1)CC1=CC=CC2C=CC=CC1=2,0.006353050540201366
N1(CC2C=CC=CC=2C)C(=O)CCC1(C)C(NCCOC)=O,0.007688105711713434
N1(C(C)COC2=CC=CC=C2)CCC(CC1)CCC(=O)NC1CC1,0.011431100778281689
C(C(=O)N1CCN(CC1)CC1CC1)C1C(=O)NCCN1CC1=CC=C(C(F)=C1)F,0.00820758673362434
N1(CC2=CC=CC(F)=C2)C(=O)CCC1(C)C(NCCOC)=O,0.00540992587339133
C1(NC(CNCC2=NC(C)=CC(=N2)C(F)(F)F)=O)C(C)=NN(CC)C=1C,0.004076209338381887
NC(C1CCN(C(CSC2N(C3=C(Cl)C=CC=C3)C(C3=CC=CC=C3)=CN=2)=O)CC1)=O,0.004896989779081195
C1(C=C(C=CC=1O)CN(C)CC(C)N1CCOCC1)C(O)=O,0.004923001141287386
N1(CC2=CC=CC(Cl)=C2)C(=O)CCC1(C)C(=O)NCC(OCC)=O,0.007042883080430329
N1(CCCCC1=O)CC(=O)N1CCCC(C1)CCC(=O)N(C)C1CCN(CC1)C,0.013824148755520582
N1(CC2=CC=CC=C2Cl)C(=O)CCC1(C)C(=O)NCC(OCC)=O,0.00726521743927151
N1([C@H](C)C2C=CC(=CC=2)F)C(COC(C)C)=NNC1=O,0.003504661109764129
CC1N(C(CSC2N(C3=CC(F)=CC=C3)C=CN=2)=O)C2=C(C=CC=C2)C1,0.005839694663882256
N1(CCC2=CC=C(C(OC)=C2)OC)C(=O)CCC1(C)C(=O)NCC1C=CC(=CC=1)C,0.01026917528361082
C12C(CCCC)=NNC=1CCN(C2)C(=O)C1=NC=CC=C1N1CCCCC1,0.006044940534047782
N1(CCCC2=CC=CC=C2)C(=O)CCC1(C)C(=O)NCC1=CC=C(C=C1)C,0.010299715260043741
C1(SC=CN=1)NC(=O)CCNC(C)CC1=CC=CS1,0.005466584418900311
N1(CC2C=CC=CC=2OC)C(=O)CCC1(C)C(=O)NCC1=CC=C(C=C1)C,0.009399664076045155
COC1=CC2=C(N=C(S2)NC(CSC2N(C3=CC(F)=CC=C3)C=CN=2)=O)C=C1,0.0042770190513692794
N1(CCC2C3C=CC=CC=3NC=2)C(=O)CCC1(C)C(=O)NCC1=CC=C(C=C1)C,0.005879549169912934
N1(CC2C=CC=CC=2OCC)C(=O)CCC1(C)C(=O)NCC1=CC=C(C=C1)C,0.009723350591957568
O=N(C1=C(NC(CSC2N(C3=CC(F)=CC=C3)C=CN=2)=O)C=CC(Cl)=C1)=O,0.002662150835385546
N1(C(=O)CCC1(C)C(=O)NCC1C=CC(=CC=1)C)CC1=CC=CC(OC)=C1OC,0.010080843605101109
C1(=NOC(C2=CC=CN2)=N1)C1=C(C)N=CC2CN(C(=O)C3(CCCCO3)C)CCC1=2,0.00585294624324888
N1(CCC2=CC=CS2)C(=O)CCC1(C)C(=O)NCC1=CC=C(C=C1)C,0.007986001577228308
N1(CCC2C=CC(=CC=2)OCC)C(=O)CCC1(C)C(=O)NCC1C=CC(=CC=1)C,0.009776148805394768
N1(C=CN=C1C(C)C)CC1=CC=CC=C1Cl,0.007451476389542222
FC1=CC(N2C(SCC3N=C4N(C=C(C=C4)Br)C(=O)C=3)=NC=C2)=CC=C1,0.005206082947552204
C12C(=NC=NC=1SC(C(=O)NCC1=CC=CC=C1)=C2C)N1CCCC1,0.00547543172724545
CC(C1C(C)=C(C(CSC2N(C3=CC(F)=CC=C3)C=CN=2)=O)NC=1C)=O,0.006391395721584559
C1(=NOC(C)=N1)C1=C(C)N=CC2CN(C(=O)C3CCC4C(=CC=CC=4)C3)CCC1=2,0.013187110656872392
CCOC(C1C(C)=C(C(CSC2N(C3=CC(F)=CC=C3)C=CN=2)=O)NC=1C)=O,0.005648713209666312
C1(CN2CCC(CC2)C)=NN=NN1CCCC(=O)NC(CC)C1C=CN=CC=1,0.006820058100856841
C1(=CNN=C1C(O)=O)CN1CCN(C(=O)C1C)C1C=CC=C(OC)C=1,0.002528163825627416
CC(NC(CSC1N(C2=CC(F)=CC=C2)C=CN=1)=O)(C)C,0.004052516701631248
N1(C2=CC=C(C=C2CN2CCC(CC2)(CO)CC2C=CC=C(C=2)C(F)(F)F)F)C(C)=CC(C)=N1,0.0033651746809482573
N1=C(CCCC2=CC=CC=C2)OC2=CC=C(C=C12)C(NCCCN1CCOCC1)=O,0.006033065589144826
CC1=C(NC(CSC2N(C3=CC(F)=CC=C3)C=CN=2)=O)C=CC(N(=O)=O)=C1,0.0025298184191342443
N1C(N)=NC(=CC=1N1CCC(CC1)C1NN=CC=1C1=CC=CC=C1)C,0.0031989529030397534
FC1=CC(N2C(SCC(NC3=C(C4=CC=CC=C4)C=CC=C3)=O)=NC=C2)=CC=C1,0.0047602220787666735
N(CC1CCOC1)(CC1=CC=C2C(OCO2)=C1)CC1=CC=CN=C1,0.01209458550438285
FC1=CC(N2C(SCC(NC(NC3=CC4=C(OCCO4)C=C3)=O)=O)=NC=C2)=CC=C1,0.0012416059063980356
C12C(=NC=NC=1SC(C(=O)NCC1=CC=CC=C1Cl)=C2C)N1CCCC1,0.004758370504714548
CC(C(NC1=C(Cl)C=C(F)C=C1)=O)SC1N(C2=CC(F)=CC=C2)C=CN=1,0.004007100313901901
C12C(=NC=NC=1SC(C(=O)NCC1=CC=C(C=C1)Cl)=C2C)N1CCCC1,0.00480411930475384
CC(C(NC1=CC=C(S(N2CCCC2)(=O)=O)C=C1)=O)SC1N(C2=CC(F)=CC=C2)C=CN=1,0.0034983986639417707
C12C(=NC=NC=1SC(C(=O)NC1=CC=C(C=C1C)Cl)=C2C)N1CCCC1,0.005096034659072757
CC(NC(NC(CSC1N(C2=CC(F)=CC=C2)C=CN=1)=O)=O)(C)C,0.0010323209164198488
CC1=CN2C(=NC(=CC2=O)CSC2N(C3=CC(F)=CC=C3)C=CN=2)C=C1,0.0047550929361023005
C1(=CC(C)=CC=C1N1C=CC=N1)CN(CC1CCN(CC1)C1CCCC1)CC1=CC=CN=C1,0.012882281141355634
FC1=CC(N2C(SCC(NCCN3C(=O)SCC3=O)=O)=NC=C2)=CC=C1,0.0016774120333138854
N1C(C)=CSC=1CNC(=O)CC(C1=CC=CC=C1)C1=CC=C(C=C1)F,0.0061823918716982
COC1=CC2=C(C(=CC(O2)=O)CSC2N(C3=CC(F)=CC=C3)C=CN=2)C=C1,0.00485170898027718
C12C(=NC=NC=1SC(C(=O)NC1=C(C)C=CC(Cl)=C1)=C2C)N1CCCC1,0.005086846323683858
CC(C(N(C1=CC=CC=C1)C)=O)SC1N(C2=CC(F)=CC=C2)C=CN=1,0.0054032523185014725
C12C(=NC=NC=1SC(C(NCCC1C=CC(=CC=1)Cl)=O)=C2C)N1CCCC1,0.005268527893349528
N1(C[C@H](C[C@H]1C(NC)=O)N)C(=O)C1C=NC2C(=CC(=CC=2)F)C=1N,0.0036619931692257524
FC1=CC(N2C(SCC(NC(NCC3OC=CC=3)=O)=O)=NC=C2)=CC=C1,0.001234682952053845
C12C(=NC=NC=1SC(C(=O)NC1CCCCCCC1)=C2C)N1CCCC1,0.009062331030145287
C1(=CC(C)=CC=C1OC)C(C(O)=O)N1CCOCCC1,0.007852576742880046
CCOC(NC(CSC1N(C2=CC(F)=CC=C2)C=CN=1)=O)=O,0.0010327657830202952
N1(CCC(CC1)NC1CC2=C(C=CC=C2)C1)C1C=CC=C(C=1)C1=CSC=N1,0.008992855437099934
CC(C(NC1=CC2=C(OCCO2)C=C1)=O)SC1N(C2=CC(F)=CC=C2)C=CN=1,0.004451698972843587
C1(C=NN(CC2C=CC=CC=2)C=1)C(NCCC1N=C(C)C2=C(CCC2)N=1)=O,0.008617614465765654
C1(=COC(COC2C=CC(=CC=2Cl)F)=N1)C(=O)N(CC)CC1C=CN=CC=1,0.005606782669201493
C12C(=NC=NC=1SC(C(=O)NC1CCCC1)=C2C)N1CCCC1,0.007225416437722743
C(=O)(C1CCOC1)N1CCCN(C2C=CC=CC=2)CC1,0.012438588868826627
C12C(=NC=NC=1SC(C(=O)NC1C=CC=C(C)C=1C)=C2C)N1CCCC1,0.006239422410726547
C1(=NOC(C2CCC=CC2)=N1)C1=C(C)N=CC2CNCCC1=2,0.011665468662977218
FC1=CC(N2C(SCC3NC(=O)C4=C(C=CS4)N=3)=NC=C2)=CC=C1,0.0021211829618550835
C(=O)(C1=CC=C(N=C1)N(CC)CC(C)=C)N1CCC(CC1)OC1C=CC=NC=1,0.008986684517003596
CC(C(NC1=CC=C(N2CCOCC2)C=C1)=O)SC1N(C2=CC(F)=CC=C2)C=CN=1,0.004091899807099253
C12C(=NC=NC=1SC(C(=O)NC1=C(C)C=CC=C1C)=C2C)N1CCCC1,0.006481924979016185
N1(CCC(CC1)NC1CSCC1)CC(OC)=O,0.008394035464152693
CC(NC(NC(CSC1N(C2=CC(F)=CC=C2)C=CN=1)=O)=O)C,0.0009945327823515982
C1(C(CC)NC(CCC(=O)NC2C=CC=CC=2C(C)C)=O)SC=CN=1,0.007119894423522055
FC1=CC(N2C(SCC(NN3C(=O)C4(CCCCC4)NC3=O)=O)=NC=C2)=CC=C1,0.000906506518367678
C(=O)(NC1CC1)C1CCCN(C2CCN(CC2)C(CCC2CCCC2)=O)C1,0.015028046211227775
C1(C2=CC=C(C=C2)CN2CCCC2)=NC(CCC2C=CC=CC=2)=CC(=O)N1,0.00609943587332964
C1(OC)=CC(CNCCSC)=CC=C1OCC(O)CN(CC)CC,0.006351648224517703
CC(C(N1C2=C(C=CC=C2)CC1)=O)SC1N(C2=CC(F)=CC=C2)C=CN=1,0.005759269930422306
N1(C2CCCC2)CCN(CC1CCO)CC1C=CC(=C(C)C=1)C,0.009620998008176684
C12C(=NC=NC=1SC(C(=O)NC1C=CC(=CC=1)CC)=C2C)N1CCCC1,0.00605276667047292
C1(N2CCCC2)=NC(C)=NC2CN(CCC1=2)C(=O)C1=CC=CN=C1O,0.006507475022226572
C12C(=NC=NC=1SC(C(=O)NC1C=CC=C(F)C=1)=C2C)N1CCCC1,0.004635447449982166
CC(C(NC1=CC=C(C(N)=O)C=C1)=O)SC1N(C2=CC(F)=CC=C2)C=CN=1,0.0038431336754001675
C(=O)(N1CC=CC1CCCC)C1C=CC(NC=1)=O,0.0071354170329868795
CC(C(NC(CSC1N(C2=CC(F)=CC=C2)C=CN=1)=O)CC1=CC=CC=C1)=O,0.006235037418082357
C1(=C(C2=CC=CC=C2)N=CN1CC(O)C1C=CC=NC=1)C1=CC2C(=CC=CC=2)N1,0.0032342708203941585
COC1=CC(OC)=CC(NC(C(SC2N(C3=CC(F)=CC=C3)C=CN=2)C)=O)=C1,0.004499335004948079
C12C(=NC=NC=1SC(C(=O)NCC1=CC=C(C=C1)C)=C2C)N1CCCC1,0.006086949747987092
CC(C(NC1=NC=C(Cl)C=C1)=O)SC1N(C2=CC(F)=CC=C2)C=CN=1,0.003661822318099439
C12C(=NC=NC=1SC(C(=O)NC1C=CC(=CC=1F)Br)=C2C)N1CCCC1,0.006185115640982985
CCOC(C1=C(CSC2N(C3=CC(F)=CC=C3)C=CN=2)C(C#N)=C(N)S1)=O,0.0025147039035800845
CC1(C(=O)NC2=C(C=CC=C2)N1C(CSC1N(C2=CC(F)=CC=C2)C=CN=1)=O)C,0.004785354237537831
C(CC(=O)NC1CC1)(C1=CC=CC(O)=C1)C1C=CC=CC=1Cl,0.005172578059136868
C12C(=NC=NC=1SC(C(=O)NC1C=CC=C(Cl)C=1C)=C2C)N1CCCC1,0.005143638560548424
C1(=NN(C=N1)C)NC(=O)C1=CC=CC(=C1)CN1CC[C@]2([C@@]([H])(CCCC2)C1)[H],0.005608078301884234
C12C(=NC=NC=1SC(C(=O)NC1C=CC(=C(Cl)C=1)C)=C2C)N1CCCC1,0.005013401340693236
C1(CCCN(C1)C(=O)NC(C)C)(CC1C=CC=CC=1)C(OCC)=O,0.006826244504190981
C(=O)(C1=CC=CO1)N(C1CCCC1)CC1CCN(CC1)CCC1C=CC=CC=1C,0.0164193082600832
CC(C(NC1CCCC1)=O)SC1N(C2=CC(F)=CC=C2)C=CN=1,0.005318551207892597
C1(C=NN(C)C=1)CN(C(C)C)C(=O)CCSC1C=CC2=C(OCCO2)C=1,0.009851727448403836
CC(C(NC1=CC=C(S(N)(=O)=O)C=C1)=O)SC1N(C2=CC(F)=CC=C2)C=CN=1,0.0035943004884757103
C1(C2C=CN=C(NCC3=CSC(C)=N3)N=2)C(C)=NN(C2C=CC=CC=2)C=1C,0.007472564117051661
CC1C(NC(CSC2N(C3=CC(F)=CC=C3)C=CN=2)=O)=C(C)N(C2=CC=CC=C2)N=1,0.0050566003075800834
C1(C=NNC=1C1CCN(CC1)C(=O)CN1CCCC(O)C1)C1C=CC=C(F)C=1,0.0015479207737371325
CCC1=C(NC(CSC2N(C3=CC(F)=CC=C3)C=CN=2)=O)C=CC=C1,0.004420575988478959
C1(=O)C2=CC=CC=C2C(CC(=O)N2CCC(CC2)(CC2=CC=C(C=C2)OC)C(OCC)=O)N1,0.007736805290915072
CC1N2C(=NC(=CC2=O)CSC2N(C3=CC(F)=CC=C3)C=CN=2)SC=1,0.0044242305448278785
C1(=O)C(CCCN1CC(C)(C)C)(CNCC1C=NC(=CN=1)C)O,0.011018706765025855
CC1N(C(CSC2N(C3=CC(F)=CC=C3)C=CN=2)=O)C2=C(C=CC=C2)NC(=O)C1,0.0044572055689059194
C1(C#N)C(N)=NC(=CC=1C1C=CC=CC=1OCCN(C)C)C(C)C,0.006106668198481202
FC1=CC(N2C(SCC(N3C(C4=CC5=C(OCCO5)C=C4)CCC3)=O)=NC=C2)=CC=C1,0.005542680667713284
C1(C(C)NC(=O)C2=CC=C(C(OCC)=C2)OCC=C)NN=CN=1,0.004926792904734611
CC(C1=NOC(NC(CSC2N(C3=CC(F)=CC=C3)C=CN=2)=O)=C1)C,0.004211894772015512
FC1=CC(N2C(SCC(N3C(C4OC=CC=4)CC(C4OC=CC=4)=N3)=O)=NC=C2)=CC=C1,0.006212235451675952
FC1=CC(N2C(SCC(N(C3=CC4=C(OCCO4)C=C3)CCC#N)=O)=NC=C2)=CC=C1,0.0034578274309751576
C1(=CC(=NN1C)C)N1C=NN=C1COC1=CC=CC=C1Cl,0.009227792429737747
FC1=CC(N2C(SCC(N3N=C(C4=CC=CC=C4)CC3)=O)=NC=C2)=CC=C1,0.005476098379585892
C1(C=C(ON=1)CN1CCC(CC1)O)C(=O)N(C)CC1SC=CC=1C,0.0036701923701912163
CN(C1(C#N)CCCCC1)C(CSC1N(C2=CC(F)=CC=C2)C=CN=1)=O,0.004733695458492093
C1(CN2CC[C@H]([C@H](O)C2)N2CCOCC2)=CC2=C(C=CC=C2)O1,0.0029349118063692003
C12C(=NC=NC=1SC(C(=O)NC1C=CC(=C(C)C=1)C)=C2C)N1CCCC1,0.006279630865901708
C1(C2C=CC=CC=2CN2CCCN(CC2)C2N=CC=CN=2)=NC(CCC)=CC(=O)N1,0.005151870800182224
C12C(=NC=NC=1SC(C(NCCC1C=CC=CC=1)=O)=C2C)N1CCCC1,0.005915271723642946
C1(C2=CN=CN=C2)=CNC2C=CC(C)=CC1=2,0.005125016707461327
C12C(=NC=NC=1SC(C(NCCC1=CC=C(C=C1)C)=O)=C2C)N1CCCC1,0.006542141572572291
CC(C1=C(NC(CSC2N(C3=CC(F)=CC=C3)C=CN=2)=O)C=C2C(OCO2)=C1)=O,0.005911660799756646
C12C(=NC=NC=1SC(C(=O)NC1C(C)=CC(=CC=1C)C)=C2C)N1CCCC1,0.006956973462365568
CC(NC(CN1CCN(C(CSC2N(C3=CC(F)=CC=C3)C=CN=2)=O)CC1)=O)(C)C,0.004147694550920278
CC(C1=CC(C)=C(C)C=C1)NC(CSC1N(C2=CC(F)=CC=C2)C=CN=1)=O,0.005735036451369524
CC1N(C(COC(CCN2C(=O)C(C)(C)NC2=O)=O)=O)C(C)CCC1,0.003710771386977285
N1(CCSCC1)C[C@H](CC)C1C=CC=CC=1,0.01606299765408039
CC1(C(=O)N(CCC(OCC(C2=CC(Br)=CC=C2)=O)=O)C(=O)N1)C,0.0061051407363265755
C12C(=NC=NC=1SC(C(=O)NC1C=C(C)C=C(C)C=1)=C2C)N1CCCC1,0.006348669552244246
CC1(C(=O)N(CCC(OCC(C2=C(F)C=CC=C2)=O)=O)C(=O)N1)C,0.004111107951030135
N1(CC(C)NC2C3CCNCC=3N=C(C3=CC=CN=C3)N=2)C(C)=CC(C)=N1,0.0079059834824875
CC1C(COC(CCN2C(=O)C(C)(C)NC2=O)=O)=C(C)ON=1,0.0031610787962563338
C12C(=NC=NC=1SC(C(=O)NC1=CC=CC(C(C)=O)=C1)=C2C)N1CCCC1,0.007279780111275613
C1(C(=O)N(C)CCC2C=CC=CC=2)N=C2N(C=CC=C2C)C=1CN(C)C1CCOCC1,0.008585540484637022
CC1=CC=C(NC2SC=C(COC(CCN3C(=O)C(C)(C)NC3=O)=O)N=2)C=C1,0.0027388833579607306
C1(NC(CC=CC2C=CC=CC=2)=O)=NN=C(CC2C=CC=CC=2C)S1,0.007916618953458965
N1C(CC)=CSC=1CNC(=O)C1=CC=C(N=C1)N(C)CC1C=CN=CN=1,0.005603213491849601
C12C(=NC=NC=1SC(C(=O)NC1C=CC(=C(C)C=1)Br)=C2C)N1CCCC1,0.006670354562811553
C1(=NC=CC=C1CNC(=O)CN1CCCCC1)N1CCN(CC1)C1=CC=CC=N1,0.005557780317030847
C12C(=NC=NC=1SC(C(=O)NC1=CC=C(C=C1)C(C)C)=C2C)N1CCCC1,0.00672495614271611
CC1=CC(C)=C(C(COC(CCN2C(=O)C(C)(C)NC2=O)=O)=O)C(C)=C1,0.005689075868576765
C1(=NC=CC=C1CNC(=O)[C@@H]1C[C@H](CN1)O)N1CCN(CC1)C1=CC=CC=N1,0.0019388261658605187
C12C(=NC=NC=1SC(C(=O)NC1=C(F)C=CC(F)=C1)=C2C)N1CCCC1,0.005197461694478989
CC1(C(=O)N(CCC(OCC2OC(C3OC=CC=3)=NN=2)=O)C(=O)N1)C,0.0026571905589662494
CC1(C(=O)N(CCC(OCCOC2=CC=C(F)C=C2)=O)C(=O)N1)C,0.002597224712371826
N1(CCC(CC1)CCC(NCCOC)=O)C(=O)C#CC,0.007318679546006024
C12CCN(CC=1N=C(C)NC2=O)C(=O)C1=CC=C(C=C1O)N1C=NN=N1,0.002274058456532657
CC1=C(NC(CC2SC=C(COC(CCN3C(=O)C(C)(C)NC3=O)=O)N=2)=O)C=CC=C1,0.0024670248036272823
C1(=O)N(CCCC1(CNCCC1=CNC=N1)O)CCC1C=CC=CC=1,0.0036657603573985397
CC1N2C(=NC(=CC2=O)COC(CCN2C(=O)C(C)(C)NC2=O)=O)SC=1,0.0025678106001578273
C1(=CNC(C(Cl)=C1)=O)C(=O)N1CCN(CC1)C1CC2C(=CC=CC=2)C1,0.005495905049610883
CC(C1NC(=O)C2=C(SC(=C2C)C)N=1)OC(CCN1C(=O)C(C)(C)NC1=O)=O,0.0020025313890073447
CC(NC1SC=C(COC(CCN2C(=O)C(C)(C)NC2=O)=O)N=1)=O,0.0022510513546876608
C12C(=NC=NC=1SC(C(=O)NC1C=CSC=1C(OC)=O)=C2C)N1CCCC1,0.005736624309793115
N1(C=CN=C1CC)CCC(=O)N1CCCC2(C=CC3C(=CC=CC=3)O2)CC1,0.008208080264739692
N1=C(CN(CC)CCO)ON=C1C1C=CC=CC=1,0.003975397674366832
C12C(=NC=NC=1SC(C(=O)NC1=CC=C(C=C1F)Cl)=C2C)N1CCCC1,0.005236323224380612
C12C(=NC=NC=1SC(C(=O)NC1C=CC(=CC=1C)F)=C2C)N1CCCC1,0.004962139041163027
N1(CCCC(C1)CCC1=C(C=CC=C1F)F)C(=O)CCN1C=CN=C1C,0.005305217928253114
CC(C1=CC=C(C2N=C(COC(CCN3C(=O)C(C)(C)NC3=O)=O)ON=2)C=C1)C,0.003384322044439614
N1(CCC(CC1)C(=O)NCC(C)=C)C1CCN(CC1)CC1=CC=CC=C1C,0.013274537632241845
CCSC1=C(C(OCC(C2=CC3=C(OCC(N3)=O)C=C2)=O)=O)C=CC=C1,0.008562605455517769
C(=O)(N1CCCC1(CC=C)CC=C)CC1C(=O)NCCN1CC1=CC=CC2=CC=CC=C12,0.008844734774902463
CCSC1=C(C(OCC(N2C3=C(C=CC=C3)NC(=O)C2)=O)=O)C=CC=C1,0.006512065045535564
N1C2C(C)=CC=CC=2NC=1CNC(=O)C(C1C=CC=NC=1)N1CCCC1,0.0034888175083324312
CCSC1=C(C(OCC(C2NC=CC=2)=O)=O)C=CC=C1,0.0063442574115470055
N1(C2CCCC2)CCC(CC1)CN(CC1CCCO1)CC1C=NC(=NC=1)SC,0.01700483253225684
N1(CCCCC1C)C1C=CC(=CC=1NC(=O)C1=CC=CC(=C1)N1C=NN=C1)C(N)=O,0.00479588177986443
C1(CNC(C)CC2C=CSC=2)=CNN=C1C1C=CC(=CC=1)F,0.004421696974895894
C12C(=NC=NC=1SC(C(=O)NC1C=CC(=CC=1)OC(F)(F)F)=C2C)N1CCCC1,0.0037540536024607716
C1(CN(C)CC2CCN(CC2)CCC2=CC=C(C=C2)Cl)=NC=CN1CC,0.009676683461293578
C12CN(CCC=1ON=C2C1=CC=CC=C1F)C(=O)COC1=CC=CC=C1OC,0.007987915026023983
CCSC1=C(C(OCC(N2C(=O)NCC2)=O)=O)C=CC=C1,0.0019135499198455364
N1(CC2C=CC=CC=2)C(=O)NN=C1C1CCN(CC1)CC1C=CC=CC=1C(O)=O,0.00373127453494817
CCSC1=C(C(OCC(N(C2=CC=CC=C2)CC#N)=O)=O)C=CC=C1,0.005327478695369337
N1C(=O)C=CN(CCC2NN=C(CC3C=CC=CC=3)N=2)C1=O,0.003085939248558134
C12C(=NC=NC=1SC(C(=O)NC1=C(OCC)C=CC(OCC)=C1)=C2C)N1CCCC1,0.0061996098374947906
C1(CN2CCC(CC2)C2NN=CC=2CC2=CC=CC=C2)=NC=CN1C(C)C,0.005407117097638548
CC(C1=CC=C(N2C(SCC(O)=O)=NN=N2)C=C1)C,0.00475843062158674
N1(CCOC(C1)C1=CC=C(C(Cl)=C1)Cl)C(=O)CN1CCNC(=O)C1,0.0065409794449806215
C12C(=NC=NC=1SC(C(=O)NC1=CC=C(C=C1)C)=C2C)N1CCCC1,0.005868357652798295
C12C(=NC=NC=1SC(C(=O)NCC1C=CC=CC=1Br)=C2C)N1CCCC1,0.006229672231711447
C12CN(CCC=1ON=C2C1C=CC(=CC=1)Cl)CC(=O)NC1C=NN(C)C=1,0.006038691592402756
CC(C1=CC=C(N2C(SCCO)=NN=N2)C=C1)C,0.003089323540916666
C12C(=NC=NC=1SC(C(=O)NC1C=CC(=CC=1)Br)=C2C)N1CCCC1,0.0062973648076876994
N1(C=CN=C1)C1=CC=CC=C1CNC1C=CC(=CN=1)C(N)=O,0.003012252232292667
CC(C1=CC=C(N2C(SCC3=CC=C(C#N)C=C3)=NN=N2)C=C1)C,0.006499012466520071
C12C(=NC=NC=1SC(C(=O)NC1=C(F)C(F)=CC(F)=C1F)=C2C)N1CCCC1,0.005927258939482272
CC(C1=CC=C(N2C(SCC3=CC=C(N(=O)=O)C=C3)=NN=N2)C=C1)C,0.003916171041782946
N1(C[C@H]([C@H]2N3CCC(CC3)[C@H]21)C1=CC=CC=C1)C(=O)C1C=CC(=CN=1)Cl,0.007386291772127152
C12C(=NC=NC=1SC(C(=O)NC1C(OC)=CC(=CC=1Cl)OC)=C2C)N1CCCC1,0.005155004072003066
N1(CCCC(CN(CC2=CC=CN=C2)CC2=CC=CC=C2F)C1)C1CCCCC1,0.011370513215661049
C12C(=NC=NC=1SC(C(=O)NCC1C=C(OC)C(=C(OC)C=1)OC)=C2C)N1CCCC1,0.0061388995964080095
N1=C(CN(C)CC2=CC=CC(OC)=C2OCC(C)=C)ON=C1C1=CC=NC=C1,0.010840729996562003
C12C(=NC=NC=1SC(C(=O)NCC1=CC(OC)=CC=C1OC)=C2C)N1CCCC1,0.005873241601511836
C12CN(CCC=1ON=C2C1C=CC(=CC=1)Cl)CC(=O)NCC1=CC=CO1,0.006993640866130591
C12C(=NC=NC=1SC(C(=O)NCC1C=C(Br)C=CC=1OC)=C2C)N1CCCC1,0.006393454782664776
N1(CCCC(CCC(=O)NCC2C=CC=C(OC)C=2)C1)C(CCC(F)(F)F)=O,0.0056877628550864754
CC(C1=CC=C(N2C(SC3C(=O)CCCC3)=NN=N2)C=C1)C,0.01055700620636344
C1(C=NN(CCC)C=1C)C(=O)N(C)CC1=NN=CN1C(C)C,0.010367284994572401
N1(CC(=O)N2CCCC(C2)NC2=CC=C(C=C2)C(C)C)C=NC2=C(C=CC=C2)C1=O,0.005457032844424248
C12C(=NC=NC=1SC(C(NCCC1=CC=C(C=C1)SC)=O)=C2C)N1CCCC1,0.0061035067541524764
C1(CN2CCC(CC2)CCC(=O)NCC2=CC=CC(=C2)C(F)(F)F)=NC=CN1C,0.003287149069365114
CC(C1=CC=C(N2C(SCC(N3CCCCCC3)=O)=NN=N2)C=C1)C,0.007962823379784822
C1(C(=O)N(CCC)CC#CC2=CC=CC=C2)=CC(=O)C2=C(C=CC=C2)N1,0.005220915982499718
C12C(=NC=NC=1SC(C(=O)NCC1=CC=CC(Br)=C1)=C2C)N1CCCC1,0.0062837224453687664
N1(C=CC=N1)CC(=O)NC1CCCN(CC2CCCCC2)C1,0.009777211816981435
C12C(=NC=NC=1SC(C(=O)NCC1=CC=CC=C1C)=C2C)N1CCCC1,0.005974390101619065
C(=O)(N(C)CCN(C)C)C1C=CC=C(OC2CCN(CC2)CC2=CC=CC=C2O)C=1,0.0058653430547565225
CC(C1=CC=C(N2C(SCC(N3C4=C(C=CC=C4)CC3C)=O)=NN=N2)C=C1)C,0.007488300441764295
C(=O)(CC(C)(C)C)N(CC1CCN(CC1)CC1=CC=CC=C1F)CC1CCCO1,0.011119472701102496
CCN1C2=C(C=C(C=C2)NC(CSC2N(C3=CC=C(C(C)C)C=C3)N=NN=2)=O)C2=C1C=CC=C2,0.005836670845746994
C1(=CC=C(C=C1OC1CCN(CC1)CC1SC=CC=1C)Cl)C(=O)N1CCCCC1,0.008821457298472524
C1(CN(CCOC)C(=O)C2C=CC=C(C=2)C(OC)=O)C=NN(C)C=1,0.008889713184908032
C1(NC(C)C2C=CC3=C(C=CC(OC)=C3)C=2)C2CCNCC=2N=C(C)N=1,0.008661435544490814
CC(C1=CC=C(N2C(SCC(N(C3CCCCC3)C)=O)=NN=N2)C=C1)C,0.00941971861757338
N1=CN(C(C2=CC=CC(O)=C2)=C1C1=CC=CC=C1)CCC1=CC=CC=N1,0.0047399169532582166
C12C(=NC=NC=1SC(C(=O)NCC1=CC=CC(Cl)=C1)=C2C)N1CCCCCC1,0.005407362687401473
C1(N=CC(=CN=1)CN1CCCC(CO)(CCC2=CC=CC=C2)C1)C1=CC=CC2=CC=CC=C12,0.006464470876380801
N1=C(C=CC2=CC=CC(O)=C12)CN(CC)CC1CCOCC1,0.006535067548975348
CC(C1=CC=C(N2C(SCC(C3=CC4=C(OCC(N4)=O)C=C3)=O)=NN=N2)C=C1)C,0.006742470408789813
CC(C1=CC=C(N2C(SCC(NCCC3=CC=C(F)C=C3)=O)=NN=N2)C=C1)C,0.004521276266314089
C12C(=NC=NC=1SC(C(=O)NCC1C=CC=NC=1)=C2C)N1CCCCCC1,0.005527277290821075
C1(C=C2N(CCCN(C2)C(=O)C2=CC=CN=C2NC)N=1)C1NC2=C(C=CC=C2)N=1,0.003447181486990303
C12C(=NC=NC=1SC(C(=O)NC1=CC=C(C=C1)OC)=C2C)N1CCCCCC1,0.006786271487362683
N(CC1CCN(CC1)CC1=CC=CC=C1F)(CC1CCCO1)C(=O)C=CC1=CC=CS1,0.007202941365540028
C1(C=NN2C=CN(C)C=12)C(=O)N(C)CC1NC2C(=CC(=CC=2)Cl)N=1,0.0031049843586515636
N1(C2C=C(C)C=C(C)C=2)N=CC2C(CCCC=21)NCC1C=CC(=C(COC)C=1)OC,0.012922945292666554
CC(C1=CC=C(N2C(SCC(NC3=CC(S(N)(=O)=O)=CC=C3)=O)=NN=N2)C=C1)C,0.003799287579022348
C12C(=NC=NC=1SC(C(=O)NC(C)CC)=C2C)N1CCCCCC1,0.007051651808433234
N1C(N)=NC(=CC=1N1CCC(CC1)CN1C=C(N=N1)C1CCCC1)C,0.006589174387045205
C12C(=NC=NC=1SC(C(=O)NCC1C=CC=CC=1Cl)=C2C)N1CCCCCC1,0.0054679027991369365
C(=O)(NCC1CCCN(CC2=CC=C(C=N2)CC)C1)NC(C)C,0.005169056251179427
C12C(=NC=NC=1SC(C(=O)NCC1=CC=C(C=C1)Cl)=C2C)N1CCCCCC1,0.005533854081295431
CC(C1=CC=C(N2C(SCC3SC4=C(C=CC=C4)N=3)=NN=N2)C=C1)C,0.0073641669936478135
CCC(NC(CSC1N(C2=CC=C(C(C)C)C=C2)N=NN=1)=O)C,0.006263980618678033
N1(CC)C(C2CCN(CC2)C(=O)C2=CN3C(SC=C3)=N2)=NN(C)C1=O,0.004412733623757959
C12C(=NC=NC=1SC(C(NCCC1C=CC(=CC=1)Cl)=O)=C2C)N1CCCCCC1,0.005963990231975913
CC(C1=CC=C(N2C(SCC(NC3OC(C4=CC=CC=C4)=NN=3)=O)=NN=N2)C=C1)C,0.0051828553667292
C12C(=NC=NC=1SC(C(=O)NC1CCCC1)=C2C)N1CCCCCC1,0.008128068642690778
COC1=CC(OC)=C(C2N=C(NC(CSC3N(C4=CC=C(C(C)C)C=C4)N=NN=3)=O)SC=2)C=C1,0.005278647062368691
C1(=CN(N=N1)CC1=CC=C(C=C1)F)C(=O)N1CCN(CC1)CC1CC1,0.007243429822847247
C12C(=NC=NC=1SC(C(=O)NC1C=C(OC)C=C(OC)C=1)=C2C)N1CCCCCC1,0.0063879552064463494
C1(C(C)=CC2C(=CC=CC=2)N=1)N1CCN(CC1)CC1=CC(OC)=CC=C1O,0.004505717707797885
CC(C1=CC=C(N2C(SCC3OC(C4OC=CC=4)=NN=3)=NN=N2)C=C1)C,0.009050473151728512
C1(CN2CCC(CC2)(O)C2=CC=C(C=N2)C)N=CC=C(OC)C=1OC,0.01084342016838491
C12C(=NC=NC=1SC(C(=O)NC1C=CC(=CC=1)CC)=C2C)N1CCCCCC1,0.007023191382177174
C(C1=CC=CC(C)=C1)(NC(=O)CCN1CCCCO1)C(OC)=O,0.002016860997537151
C12C(=NC=NC=1SC(C(=O)NC1C=CC=CC=1F)=C2C)N1CCCCCC1,0.006093513965606689
C12C(=NC=NC=1SC(C(=O)NC1C=CC=C(F)C=1)=C2C)N1CCCCCC1,0.005468904692679644
C12C(=NC=NC=1SC(C(=O)NC1=CC=C(C=C1)F)=C2C)N1CCCCCC1,0.005597176542505622
CC(C1=CC=C(N2C(SCC(NC3=C(C(NC4=CC=CC=C4)=O)C=CC=C3)=O)=NN=N2)C=C1)C,0.00501691410318017
N1(CCN(CC1CCO)CCC1C=CC=CC=1)CC1C=CSC=1,0.00614921614760533
C12C(=NC=NC=1SC(C(=O)NCC1=CC=C(C=C1)OC)=C2C)N1CCCCCC1,0.006689218454994261
CCN1CCN(C(C(SC2N(C3=CC=C(C(C)C)C=C3)N=NN=2)C)=O)CC1,0.007621900481171906
S(N)(=O)(=O)C1=CC=C(C=C1)C(NCCNC1=C(C=CC=N1)C)=O,0.0030987311387434603
CC(C1=CC=C(N2C(SCC(N(CC(NC3=CC=C(C)C=C3)=O)C)=O)=NN=N2)C=C1)C,0.0061215904308483
C12C(=NC=NC=1SC(C(=O)NC1C=CC=CC=1C(OC)=O)=C2C)N1CCCCCC1,0.006103799911215901
N1(CCC(CC1)NC(C)C(NCC)=O)C1C=CC(=C(Cl)C=1)C,0.007412826898507774
C12C(=NC=NC=1SC(C(=O)NCC1=CC=C(C=C1)C)=C2C)N1CCCCCC1,0.007053965702652931
CC(C1=CC=C(N2C(SC(C(NCCC3CCCCC=3)=O)C)=NN=N2)C=C1)C,0.009825759893283248
C12C(=NC=NC=1SC(C(=O)NC1=CC=C(C=C1)OCC)=C2C)N1CCCCCC1,0.006857493822462857
CC(C1=CC=C(N2C(SC(C(NC3=CC4=C(OCO4)C=C3)=O)C)=NN=N2)C=C1)C,0.006153646646998823
C12C(=NC=NC=1SC(C(=O)NC1C=CC=C(Cl)C=1C)=C2C)N1CCCCCC1,0.005941287009045481
CC(C1=CC=C(N2C(SC(C(N3CC(C)CC(C)C3)=O)C)=NN=N2)C=C1)C,0.008265065914019942
C12C(=NC=NC=1SC(C(=O)NC(C)C)=C2C)N1CCCCCC1,0.006603300222195685
CC(C1=CC=C(N2C(SC(C(NCC3CCCCC3)=O)C)=NN=N2)C=C1)C,0.009229788742959499
C12C(=NC=NC=1SC(C(NCCC)=O)=C2C)N1CCCCCC1,0.006583165447227657
C12C(=NC=NC=1SC(C(=O)NC1=CC=C(C=C1)C(OCC)=O)=C2C)N1CCCCCC1,0.005669329897500575
C1(NC2C(=CC(=CC=2)C#N)N=1)C1C(OC)=CC2=C(CCC2)C=1,0.004982772644143552
C12C(=NC=NC=1SC(C(=O)NC(C)C1=CC=CC=C1)=C2C)N1CCCCCC1,0.007121751620434225
C1(C=NN(C2=CC=C(C=C2)F)C=1)C1C=CN=C(NCCC2=CC=CO2)N=1,0.0055044690612703565
C12C(=NC=NC=1SC(C(=O)NC1C=CC(=C(C)C=1)C)=C2C)N1CCCCCC1,0.007266441080719233
C12C(=NC=NC=1SC(C(NCCC1C=CC=CC=1)=O)=C2C)N1CCCCCC1,0.006752623687498271
CC(C1=CC=C(N2C(SC(C(N)=O)C)=NN=N2)C=C1)C,0.005518896877765656
C12C(=NC=NC=1SC(C(NCCC1=CC=C(C=C1)C)=O)=C2C)N1CCCCCC1,0.007352792914025486
CC(C1=CC=C(N2C(SCC3N(CCO)C4=C(C=CC(=C4)Cl)N=3)=NN=N2)C=C1)C,0.0025263559364248067
N1N(CCCNC(=O)CC(=O)NC2C=CC=CC=2OCC)C2C(=CC=CC=2)N=1,0.0048673987970687446
CC(C1=CC=C(N2C(SCC(NC3N(C4CCCC4)N=CC=3)=O)=NN=N2)C=C1)C,0.005951848183758557
C12C(=NC=NC=1SC(C(=O)NCC1=CC=C(C=C1)F)=C2C)N1CCCCCC1,0.005693367007188499
C12N=C(C)C=C(C)N1N=CC=2CN1CCC(CC1)CC1=NOC(C2CC2)=N1,0.012412277236580848
CC(C1=CC=C(N2C(SCC3OC4=C(C=CC=C4)N=3)=NN=N2)C=C1)C,0.006176530406810344
C12C(=NC=NC=1SC(C(=O)NC1CCCC3C=CC=CC1=3)=C2C)N1CCCCCC1,0.008437649719417096
CC(C1=CC=C(N2C(SCC(N(CC3SC(Cl)=CC=3)C)=O)=NN=N2)C=C1)C,0.006708876090124249
C12C(=NC=NC=1SC(C(=O)NC1=CC=C(C=C1)C)=C2C)N1CCCCCC1,0.006815834785811603
COC1=C(N2C(C3=CC=CC=C3)=CN=C2SCC(N)=O)C=CC=C1,0.005868928600102663
C12C(=NC=NC=1SC(C(NCCC1C=CC=C(C)C=1)=O)=C2C)N1CCCCCC1,0.00719835520721972
COC(CSC1N(C2=C(OC)C=CC=C2)C(C2=CC=CC=C2)=CN=1)=O,0.0073851430090144275
COC1=C(N2C(C3=CC=CC=C3)=CN=C2SC2C(=O)OCC2)C=CC=C1,0.006116104731336236
COC1=C(N2C(C3=CC=CC=C3)=CN=C2SCC(NC2=CC=C(C(N)=O)C=C2)=O)C=CC=C1,0.0047488226788118485
C(F)(F)(F)C1C=CC=C(CNC(CCC2CCN(CC2)CC2CCOC2)=O)C=1,0.0064025055151432754
CCN1C(C2=CC3=C(OCCO3)C=C2)=CN=C1SCC(C1=CC2=C(OCC(N2)=O)C=C1)=O,0.006766211590729654
CCN1C(C2=CC3=C(OCCO3)C=C2)=CN=C1SCC(N1CCN(C2=CC=CC=C2)CC1)=O,0.005809721443802119
CCN1C(C2=CC3=C(OCCO3)C=C2)=CN=C1SCC(NC1=C(C#N)C=CS1)=O,0.0036028197850100697
C1(C=C(C2C=CC=C(O)C=2)N=C(N)C=1C#N)C1=CC=CN1C1C=CN=CC=1,0.0027500742231495678
CC1(C(=O)N(CC2=C(F)C=CC=C2)C(=O)N1)CC1=CC2=C(OCO2)C=C1,0.001923238002927974
C12C(=NC=NC=1SC(C(=O)NCC1C=CC=CC=1F)=C2C)N1CCCCCC1,0.005397316277958452
N1(CCC(C2CCN(CC2)CC2C=CC=NC=2)C1)C1=CN=C2C(C=CC=C2)=N1,0.010299916984513402
C12C(=NC=NC=1SC(C(=O)NCC1C=C(OC)C(=C(OC)C=1)OC)=C2C)N1CCCCCC1,0.006508298218250275
N1N(C2CCN(CC2)C(=O)NC2C=CC(=CC=2)SC)C=C(C2C=CC=CN=2)N=1,0.003672455390915275
CC1(C(=O)N(CC2=CC=C(Cl)C=C2)C(=O)N1)CC1=CC2=C(OCO2)C=C1,0.0020455759076867253
C1(SC=CC=1C)CN(CCN(C)C)C(CCC1=CC=CN=C1)=O,0.00956073934212327
COC1=CC(C(CN2C(=O)C(CC3=CC4=C(OCO4)C=C3)(C)NC2=O)=O)=C(OC)C=C1,0.003974796214606613
C12C(=NC=NC=1SC(C(=O)NCC1=CC=C(C=C1)SC)=C2C)N1CCCCCC1,0.006524869170971215
C1(=COC(COC2=CC=CC(OC)=C2)=N1)C(=O)NCC1SC=C(C)N=1,0.004913955624215305
CC(CNC(CN1C(=O)C(CC2=CC3=C(OCO3)C=C2)(C)NC1=O)=O)C,0.0024583763908594845
N1(C=CN=C1C1C=CC(=CC=1)N1C=CN=C1)CC1=NC(C)=CC(C)=N1,0.007686454919166863
CC1(C(=O)N(CC2=C(Cl)N=C3C(C=CC=C3)=C2)C(=O)N1)CC1=CC2=C(OCO2)C=C1,0.0018913596693892031
CC1(C(=O)N(CC(N(CC2SC=CC=2)CC=C)=O)C(=O)N1)CC1=CC2=C(OCO2)C=C1,0.0023489969316869974
C12C(=NC=NC=1SC(C(=O)NCC1C=CC(=CC=1)OCC)=C2C)N1CCCCCC1,0.006773419585078955
CC1(C(=O)N(CC(NCC2OC3=C(C=CC=C3)OC2)=O)C(=O)N1)CC1=CC2=C(OCO2)C=C1,0.0028930918546393515
CCN(C1CCCCC=1)C(CN1C(=O)C(CC2=CC3=C(OCO3)C=C2)(C)NC1=O)=O,0.0034602144500240684
C12C(=NC=NC=1SC(C(=O)NCC1C=C(Br)C=CC=1OC)=C2C)N1CCCCCC1,0.006913278996944427
O=N(C1=C(C(OCC#N)=O)C=C2C(OCO2)=C1)=O,0.004073107320618874
C1(C(=O)NCC2=CC=CN=C2OC2C=CC=CC=2OC)=CNC(=CC1=O)C,0.004672576324082911
O=N(C1=C(C(OCC(C2=CC(F)=C(F)C=C2)=O)=O)C=C2C(OCO2)=C1)=O,0.009443179471418262
N1=C(C)C(=C(C)N1)CCCNC(C)C(=O)NC1CCCC1,0.007130453921854496
COC1=C(COC(C2=C(N(=O)=O)C=C3C(OCO3)=C2)=O)C=C(C(C)=O)C=C1,0.01059708776883781
C12SC=CN1C=C(C(C)NCC1ON=C(CC3C=CC=CC=3F)N=1)N=2,0.004096679366193711
CC1=C(COC(C2=C(N(=O)=O)C=C3C(OCO3)=C2)=O)N=C2C(C=CC=C2)=N1,0.006160107231698931
C1(C2SC=CC=2C)OC(=C(COC2=CC=CC(=C2)N2CCOCC2)N=1)C,0.006007420923560857
C12C(=NC=NC=1SC(C(NCCC1=CC=CS1)=O)=C2C)N1CCCCCC1,0.0071509829722344875
S(C)(=O)(=O)N(C1=CC=C(C=C1)C)CC(=O)NCC1C=NC(=CN=1)C,0.004455772018991411
NS(C1=CC=C(CCC(OCC2ON=C(C3=CC=C(Cl)C=C3)N=2)=O)C=C1)(=O)=O,0.0062458703061565755
C1(C(CC(C)C)NC(CNC(C)=O)=O)=NN=C2CCNCCN12,0.008479894185438753
CC(C1=CC=C(N2C(SC(C(NC(NC3CCCCC3)=O)=O)C)=NN=N2)C=C1)C,0.002037877921247855
C12C(=NC=NC=1SC(C(NCCC1=CC=C(C=C1)SC)=O)=C2C)N1CCCCCC1,0.006807273696176707
CC(C1=CC=C(N2C(SCC3OC(C4SC=CC=4)=NN=3)=NN=N2)C=C1)C,0.007622111216187477
C12C(=NC=NC=1SC(C(=O)NCC1=CC=CC=C1C)=C2C)N1CCCCCC1,0.00685595793183893
COCCCN1C(C)=C(C(CSC2N(C3=CC=C(C(C)C)C=C3)N=NN=2)=O)C=C1C,0.010085301147773862
CC(C1=CC=C(N2C(SCC(N(CC3=C(Cl)C=CC=C3F)C)=O)=NN=N2)C=C1)C,0.005375088099390269
C12C(=NC=NC=1SC(C(=O)NCC1C=CC(=CC=1)OC(C)C)=C2C)N1CCCCCC1,0.007101068482734263
C12C(=NC=NC=1SC(C(=O)NCC1=CC=CC(F)=C1)=C2C)N1CCCCCC1,0.005559741798788309
C(=O)(N1CCCC1)C1CCCN(C2CCN(CC2)C2C(C)=NC=CN=2)C1,0.010816561384126544
N1(CCCC(CCC(=O)NC2CC2)C1)C(=O)C1C=CC(=CC=1)N(C)C,0.008757584053091705
C12C(=NC=NC=1SC(C(NCCC1C=CC=CC=1Cl)=O)=C2C)N1CCCCCC1,0.005769317806698382
N1(CCCC(C1)C(=O)CC(C)C)C(=O)C1=CC=C(N=C1)C1C=CC2=C(NC=C2)C=1,0.006924090953543782
C1(N2CCN(CC2)CC2=CC=CC=N2)=C2CCCC2=NC(C2C=CC=CC=2)=N1,0.010224414989352226
C12=C(N=CN=C1N(C)C1CCCCC1)SC(C(=O)NCC1=CC=CC(Cl)=C1)=C2C,0.0060087611433118585
N1C(C)=C(C2C=C(F)C=C(CNC(=O)CN3C=CN=C3)C1=2)C,0.002387969905976206
CC(C1=CC=C(N2C(SCC3=CC(S(N4CCOCC4)(=O)=O)=CC=C3)=NN=N2)C=C1)C,0.004480515397153795
N1=C(CN(C)C(=O)C(C)(C)NC(=O)C2=CC=CS2)ON=C1C1=CC=CC(C)=C1,0.006997584970667959
CC(C1=CC=C(N2C(SCC(NCC(NC3=CC=C(F)C=C3)=O)=O)=NN=N2)C=C1)C,0.004214115755166859
[C@]12(CNC[C@@H]1CNC2)C(=O)N1CCN(CC1)C1=CN=CC=N1,0.005137444799765944
CC(C1=CC=C(N2C(SCC(N3C(=O)NCC3)=O)=NN=N2)C=C1)C,0.0011235926067456603
C12=C(N=CN=C1N(C)C1CCCCC1)SC(C(=O)NCC1=CC=CC=N1)=C2C,0.006540091312490404
CC(C1=CC=C(N2C(SCC3=CC(C#N)=CC=C3)=NN=N2)C=C1)C,0.006171279842965305
C12=C(N=CN=C1N(C)C1CCCCC1)SC(C(=O)NC1=CC=C(C=C1)OC)=C2C,0.007196957734413445
CC(C1=CC=C(N2C(SC(C3NC(=O)C4=C(SC(=C4C)C)N=3)C)=NN=N2)C=C1)C,0.004244427115190774
N1(C2C=CC(=CC=2)NC(=O)C2CCCCN2C(=O)C2C=NC=CN=2)C(C)=CC(C)=N1,0.005102778482250869
C12=C(N=CN=C1N(C)C1CCCCC1)SC(C(=O)NC(C)CC)=C2C,0.00803749281913042
C12=C(N=CN=C1N(C)C1CCCCC1)SC(C(=O)NC1C=CC=CC=1Cl)=C2C,0.006367820710875094
C12=C(N=CN=C1N(C)C1CCCCC1)SC(C(=O)NC1C=CC(=CC=1)Cl)=C2C,0.006236316566355526
C1(C2C=CC=C(C3C=CC=NC=3OC)C=2)SC(=NN=1)C,0.00786485248245299
C12=C(N=CN=C1N(C)C1CCCCC1)SC(C(=O)NCC1C=CC=CC=1Cl)=C2C,0.006053796829655766
CC(C1=CC=C(N2C(SCC(N3C(C4=CC5=C(OCCO5)C=C4)CCC3)=O)=NN=N2)C=C1)C,0.007509767496958375
C12=C(N=CN=C1N(C)C1CCCCC1)SC(C(=O)NCC1=CC=C(C=C1)Cl)=C2C,0.006113599054515362
N12CCCC1=NN=C2CNCC1C=CC(=C(Cl)C=1)OC(C)CC,0.010519536864012479
C12=C(N=CN=C1N(C)C1CCCCC1)SC(C(NCCC1C=CC(=CC=1)Cl)=O)=C2C,0.006428795331157744
S(=O)(=O)(N1CCC(CC1)N1C=C(N=N1)CN(C)C)C1=CC=CS1,0.005242597591131925
CC(C1=CC=C(N2C(SCCCN3C(=O)C4=C(N=CN4C)N(C)C3=O)=NN=N2)C=C1)C,0.0046910556615330275
C(C(=O)N(C)CC1CCOCC1)C1C(=O)NCCN1CC1C=CC2C(=CC=CC=2)C=1,0.008054710295982658
N1(CCCCC1C)C1C=CC(=CC=1NC(CCCN1C=NC=N1)=O)C(N)=O,0.005342425336129964
CC(C1=CC=C(N2C(SCC(C3=CN(C)C=C3)=O)=NN=N2)C=C1)C,0.0116924446541816
C12C(=O)CC(CC=1N(C(C)=C2CC(=O)N1CCN(C(=O)C1)C)CCC)(C)C,0.01799438097514212
C12=C(N=CN=C1N(C)C1CCCCC1)SC(C(=O)NC1CCCCCC1)=C2C,0.010353934392333031
S1C(C)=NN=C1SCCNC1N=NC=C(C2=CC=C(C=C2)C2CCCCC2)N=1,0.0077292750589549545
CC(C1=CC=C(N2C(SCC(NC3=C(C(NC4CC4)=O)C=CC=C3)=O)=NN=N2)C=C1)C,0.005148577108047903
C1(NC(=O)C2C=CC(=CC=2)CN2[C@H]3CC[C@@H]2C[C@H](O)C3)C(C)=NN(C)C=1C,0.004363183851819485
COC1=C(OC)C=C(C2SC=C(CSC3N(C4=CC=C(C(C)C)C=C4)N=NN=3)N=2)C=C1,0.00831088675186038
N1(C2C=CC=CC=2F)C=C(C(C2C=CC(=CC=2)OC)=N1)CN1CCOCC1,0.007492334442213177
C12=C(N=CN=C1N(C)C1CCCCC1)SC(C(=O)NC1CCCCCCC1)=C2C,0.010578984953463077
N1(CC)C(CC2CCN(CC2)C(=O)C2C=CC3N(N=NN=3)C=2)=NN(C)C1=O,0.0048163809115067124
COC1=C(OC)C(C2SC=C(CSC3N(C4=CC=C(C(C)C)C=C4)N=NN=3)N=2)=CC=C1,0.008577567362226545
N1C(CC2C=CC=CC=2)=NNC=1CC1C2=CC=CC=C2NC=1,0.005382924969308078
CC(C1=CC=C(N2C(SCC(N3CCN(CC(N4CCCC4)=O)CC3)=O)=NN=N2)C=C1)C,0.006667988421395421
CC(C1=CC=C(N2C(SCCCN3C(=O)C4=C(C=CC=C4)C3=O)=NN=N2)C=C1)C,0.0032426653429865836
C12=C(N=CN=C1N(C)C1CCCCC1)SC(C(=O)NC1C=CC(=CC=1OC)OC)=C2C,0.006949334475211799
C1(=COC(COC2=CC=C(C=C2)OC)=N1)C(=O)NCC1C=CC(=CC=1F)F,0.005454807728528977
C12=C(N=CN=C1N(C)C1CCCCC1)SC(C(=O)NC1C=CC=C(C)C=1C)=C2C,0.007806578488089144
CC(C1=CC=C(N2C(SCCNC(C)=O)=NN=N2)C=C1)C,0.00465859395917505
C12=C(N=CN=C1N(C)C1CCCCC1)SC(C(=O)NC1C=CC(=CC=1)CC)=C2C,0.007665940979495645
C1(=CC=NN1C)C(=O)N1CCCC(CNC(=O)C2C=CC(=CC=2)C2C=CC=CC=2)C1,0.007003620127215981
COC1=C(N2C(C3=CC=CC=C3)=CN=C2SCCO)C=CC=C1,0.004225339647382498
COC1=C(N2C(C3=CC=CC=C3)=CN=C2SCC#N)C=CC=C1,0.005489172165289347
C12=C(N=CN=C1N(C)C1CCCCC1)SC(C(=O)NCC1=CC=C(C=C1)OC)=C2C,0.007055012625642121
COC1=C(N2C(C3=CC=CC=C3)=CN=C2SCC(N(CCC#N)CCC#N)=O)C=CC=C1,0.0049533108069454105
C1(C(=O)N(C)CCSC2C=CC(=CC=2)C)NN=C(C(C)=O)C=1,0.007106374902650714
COC1=C(N2C(C3=CC=CC=C3)=CN=C2SCC(NC2=NOC(C)=C2)=O)C=CC=C1,0.005628153856378049
N1N=C(C=C1C1CCN(CC1)C1C=CN=C(N)C=1)CC1=CC=CC=C1,0.003668106533586979
C12=C(N=CN=C1N(C)C1CCCCC1)SC(C(=O)NCC1=CC=C(C=C1)C)=C2C,0.0076936359982937574
C12=C(N=CN=C1N(C)C1CCCCC1)SC(C(NCCCC1C=CC=CC=1)=O)=C2C,0.006806757440790534
COC1=C(N2C(C3=CC=CC=C3)=CN=C2SCC2N=C3N(C=CS3)C(=O)C=2)C=CC=C1,0.006774132861755789
C12=C(N=CN=C1N(C)C1CCCCC1)SC(C(=O)NC1C=CC=C(Cl)C=1C)=C2C,0.006438929494470358
COC1=C(N2C(C3=CC=CC=C3)=CN=C2SCC2N=C3N(C=C(C=C3)C)C(=O)C=2)C=CC=C1,0.00749849455896765
C12=C(N=CN=C1N(C)C1CCCCC1)SC(C(=O)NC1C=CC(=CC=1C)C)=C2C,0.007844018470495939
COC1=C(N2C(C3=CC=CC=C3)=CN=C2SCC(NC2=C(C(N)=O)C=CS2)=O)C=CC=C1,0.004426827083807439
C12=CC(C3=CC=CN=C3)=CC(O)=C1OCCN(C(COCCCC)=O)C2,0.004376010852865875
COC1=C(N2C(C3=CC=CC=C3)=CN=C2SCCCC#N)C=CC=C1,0.005504750579711981
C12N=CC=CN1C=C(CCNC(=O)C1CCC(N(C3CCCC3)C1)=O)N=2,0.005341899418272078
COC1=C(N2C(C3=CC=CC=C3)=CN=C2SC(C(NC2CC2)=O)C)C=CC=C1,0.007129426533356309
COC1=C(N2C(C3=CC=CC=C3)=CN=C2SC(C(NC(N)=O)=O)C(C)C)C=CC=C1,0.0019320115854498
N1(C=CC=CC1=O)CCC(=O)N1CCC2(CC1)CCCO2,0.008750158967450261
COC1=C(N2C(C3=CC=CC=C3)=CN=C2SC(C(NC(N)=O)=O)C)C=CC=C1,0.0015809699310921133
N1C(CC2C=CC=CC=2)=NNC=1C1C=CC(=CC=1C)OC,0.006194761418737471
C12=C(N=CN=C1N(C)C1CCCCC1)SC(C(NCCC)=O)=C2C,0.007568678655661643
N1N(CC2CCN(CC2)C(=O)C2=CC=CS2)C=C(CC(C)O)N=1,0.003564436174929142
C12=C(N=CN=C1N(C)C1CCCCC1)SC(C(=O)NC1=CC=C(C=C1)C(OCC)=O)=C2C,0.006129070627503097
COC1=C(N2C(C3=CC=CC=C3)=CN=C2SC(C(N)=O)C)C=CC=C1,0.006252715131267905
C12=C(N=CN=C1N(C)C1CCCCC1)SC(C(=O)NC1=C(OC)C=CC(OC)=C1)=C2C,0.00693288070615381
CN1C(C2=CC=C(Br)C=C2)=CN=C1SCC(N1CCOCC1)=O,0.0070523219648748635
N1(CC2=CC=CC=C2)C(CC)CN(CCC1=O)CC1NC=NC=1C,0.004211344965733587
CN1C(C2=CC=C(Br)C=C2)=CN=C1SCC(NC1CC1)=O,0.007381764915771782
C12CN(CC=1C=NN2CCO)C1=CC(CC)=NC(N2CCOCC2)=N1,0.004077465937007219
C12=C(N=CN=C1N(C)C1CCCCC1)SC(C(=O)NC(C)C1=CC=CC=C1)=C2C,0.007814651797525584
C12SC=CN1C=C(C(C)NC(=O)CN1CCOC3C=CC=CC=3C1)N=2,0.005174100561998784
C12=C(N=CN=C1N(C)C1CCCCC1)SC(C(=O)NC1C=CC(=CC=1Cl)C)=C2C,0.006535120820626616
CN1C(C2=CC=C(Br)C=C2)=CN=C1SCC(NCC1OCCC1)=O,0.007281923503614962
C12=C(N=CN=C1N(C)C1CCCCC1)SC(C(=O)NC1CC1)=C2C,0.007839433290064335
S(=O)(=O)(NCC1=CC=CC=C1)NCC1=CC=CN=C1,0.005478745861910284
CC1=CC(F)=C(NC(CSC2N(C)C(C3=CC=C(Br)C=C3)=CN=2)=O)C=C1,0.006260639009997249
C1(=O)NCCN1C1=CC=C(C=C1)CC(=O)N[C@H]1CN([C@H](C(OC)=O)C1)C,0.004441306309308857
CN(C(CSC1N(C)C(C2=CC=C(Br)C=C2)=CN=1)=O)C,0.007837258884683252
CNC(NC(C(SC1N(C)C(C2=CC=C(Br)C=C2)=CN=1)C)=O)=O,0.001609884446952492
C12CCN(CC=1N=C(C1=CC=CN=C1)NC2=O)C(=O)C1SC=CC=1Cl,0.0030779441120103003
CCN1C(C2=CC3=C(OCCO3)C=C2)=CN=C1SCC1=C(C#N)C=CC=C1,0.00656051579862833
N1(CCC(O)=O)C(=O)NN=C1C1C=CN(C)N=1,0.003855639649555087
C12=C(N=CN=C1N(C)C1CCCCC1)SC(C(NCCC1C=CC=CC=1)=O)=C2C,0.007390177086926996
CCN1C(C2=CC3=C(OCCO3)C=C2)=CN=C1SCC1=C(C)ON=C1C,0.009982651798054576
C12=C(N=CN=C1N(C)C1CCCCC1)SC(C(NCCC1=CC=C(C=C1)C)=O)=C2C,0.007940254500135779
CC(C(NC(N)=O)=O)SC1N(C)C(C2=CC=C(Br)C=C2)=CN=1,0.0014098858344368636
C12=C(N=CN=C1N(C)C1CCCCC1)SC(C(=O)NCC1C=CC=C(OC)C=1)=C2C,0.00691756319720298
CC(C(NC1=CC=C(S(N)(=O)=O)C=C1)=O)SC1N(C)C(C2=CC=C(Br)C=C2)=CN=1,0.005090300925076008
C1(=NC(C)=NC2CN(C(C)=O)CCC1=2)N1C[C@@H]([C@@H](N2CCCC2)C1)O,0.0030238946317695083
CC(C(N)=O)SC1N(C)C(C2=CC=C(Br)C=C2)=CN=1,0.006519686477258801
C1(OC2C(=CC(=CC=2)C)N=1)N1CCCC(CN2C=C(N=N2)C(O)=O)C1,0.004561888496391475
C12=C(N=CN=C1N(C)C1CCCCC1)SC(C(=O)NCC1=CC=C(C=C1)F)=C2C,0.006293634348548949
CN(C(CSC1N(C)C(C2=CC=C(Br)C=C2)=CN=1)=O)CC1OC=CC=1,0.009366206731647253
N(C(C)C(C)C)(CC1=CC=CO1)CC1C(O)=CC=C(C)N=1,0.013611647067591548
CCN1C(C2=CC3=C(OCCO3)C=C2)=CN=C1SC(C(NCC1=CC2=C(OCO2)C=C1)=O)C,0.006682605342939496
N1(CCCC(C1)NC(=O)CCN1CCCO1)C1CCCCCC1,0.0033416927442885937
C12=C(N=CN=C1N(C)C1CCCCC1)SC(C(=O)NC1CCCC3C=CC=CC1=3)=C2C,0.008449043007567525
CN1C(C2=CC=C(Br)C=C2)=CN=C1SCC(N1C(=O)NCC1)=O,0.0016263931524008513
C12=C(N=CN=C1N(C)C1CCCCC1)SC(C(=O)NC1C=CC3=C(OCCO3)C=1)=C2C,0.006945298449136317
C12CN(CCOC1=C(C=C(C1C=CC=CC=1C)C=2)O)CCC(OC)=O,0.005799077544361353
C12=C(N=CN=C1N(C)C1CCCCC1)SC(C(=O)NCC1=CC=CS1)=C2C,0.007690000580623746
CN1C(C2=CC=C(Br)C=C2)=CN=C1SCC(NC1=C(C(NC2CC2)=O)C=CC=C1)=O,0.006205784250050783
N1(CC2=CC=CC=C2)C(=O)NN=C1C1CCN(CC1)C1=NC=NC(N(C)C)=C1,0.0039291454362682995
C12=C(N=CN=C1N(C)C1CCCCC1)SC(C(=O)NCC1=CC=C(C)O1)=C2C,0.008149427361786366
C12=C(N=CN=C1N(C)C1CCCCC1)SC(C(=O)NC1=CC=C(C=C1)C)=C2C,0.007542021712288261
CCN1C(C2=CC3=C(OCCO3)C=C2)=CN=C1SCC#N,0.004931638355901669
C12=C(N=CN=C1N(C)C1CCCCC1)SC(C(=O)NCC1C=CC=CC=1Br)=C2C,0.007507728110067546
CCN1C(C2=CC3=C(OCCO3)C=C2)=CN=C1SC1C(=O)OCC1,0.005619837762787938
C1(C=C(NN=1)COC1=CC=CC(F)=C1)C(=O)N[C@H](C(C)C)C(N)=O,0.003738469153176993
C12=C(N=CN=C1N(C)C1CCCCC1)SC(C(=O)NC1CCCCC1)=C2C,0.009766515856608749
CCN1C(C2=CC3=C(OCCO3)C=C2)=CN=C1SCC(N(CC1=CC=CC=C1)C)=O,0.0073594334302470085
CCN1C(C2=CC3=C(OCCO3)C=C2)=CN=C1SCC(NC1=CC=C(N2CCOCC2)C=C1)=O,0.005207759118638933
C1(C2=CC=CC(C)=N2)N(CCC2=CC=CC=N2)C=NC=1C1C=CC=CC=1,0.01010079081170261
CCN1C(C2=CC3=C(OCCO3)C=C2)=CN=C1SCC(N1N=C(C2=CC=CC=C2)CC1)=O,0.00703432117588818
C1(N(C)CC(C)CN2CCCC2)=NC2C=CC=CC=2C(C)=N1,0.011557372845709324
CCN1C(C2=CC3=C(OCCO3)C=C2)=CN=C1SCC(N1CCN(C(C2OC=CC=2)=O)CC1)=O,0.005425196117721498
N1(CCN2C(CN(CC2)C)C1)C1=C(Cl)C=C(C=N1)C(F)(F)F,0.004610352509189397
CCN1C(C2=CC3=C(OCCO3)C=C2)=CN=C1SCC(NC1=CC2=C(OCO2)C=C1)=O,0.005591120291501284
C12=C(N=CN=C1N(C)C1CCCCC1)SC(C(NCCC1C(C)=NOC=1C)=O)=C2C,0.007502984162420035
N1OC(=CC=1C1C=CC=CN=1)CNC1=NC=CC(C2CCCC2)=N1,0.00795705837663263
C12=C(N=CN=C1N(C)C1CCCCC1)SC(C(NCCC1=CNC3C=CC(OC)=CC1=3)=O)=C2C,0.004682715039234608
CCN1C(C2=CC3=C(OCCO3)C=C2)=CN=C1SCC(N1C2=C(C=CC=C2)CC1)=O,0.007101910561323166
CCN1C(C2=CC3=C(OCCO3)C=C2)=CN=C1SCC(NC1CC1)=O,0.006051943963393569
C12=C(N=CN=C1N(C)C1CCCCC1)SC(C(=O)NCC1C=C(C)C=CC=1C)=C2C,0.007925730617716908
CCN1C(C2=CC3=C(OCCO3)C=C2)=CN=C1SCC(N1CC2=C(C=CC=C2)CC1)=O,0.0076790654333308336
C12=C(N=CN=C1N(C)C1CCCCC1)SC(C(=O)NCC1C=CC=CC=1F)=C2C,0.006070279725827276
C12=C(N=CN=C1N(C)C1CCCCC1)SC(C(=O)NCC1C=C(OC)C(=C(OC)C=1)OC)=C2C,0.0067690006690099835
CCN1C(C2=CC3=C(OCCO3)C=C2)=CN=C1SCC(NC1=CC(OC)=C(OC)C=C1)=O,0.005792863946408033
C12=C(N=CN=C1N(C)C1CCCCC1)SC(C(=O)NCC1=CC=CC=C1OCC)=C2C,0.007030888623557985
N1C(CN2CC(C2)C2=CC=NC=C2)=NOC=1C(C)(C)C,0.011795952776446938
CCN1C(C2=CC3=C(OCCO3)C=C2)=CN=C1SCC(C1C(=O)N(C)C(=O)N(C)C=1N)=O,0.00565673029050231
C12=C(N=CN=C1N(C)C1CCCCC1)SC(C(=O)NCC1=CC=C(C(OCC)=C1)OC)=C2C,0.007080833846703172
CCN1C(C2=CC3=C(OCCO3)C=C2)=CN=C1SCC(C1=CC=CC=C1)=O,0.011146257864311337
C12=C(N=CN=C1N(C)C1CCCCC1)SC(C(NCCCN1CCC3C(=CC=CC=3)C1)=O)=C2C,0.006296589295379818
CCN1C(C2=CC3=C(OCCO3)C=C2)=CN=C1SCN1C(=O)C2=C(C=CC=C2)N=N1,0.0059881978668272495
C12=C(N=CN=C1N(C)C1CCCCC1)SC(C(=O)NCC1C=CC(=C(OC)C=1)OCC)=C2C,0.007085382496006787
N1C(C)=NOC=1C1C=CN=C(C2=CC=C(C=C2)C(N)=O)C=1,0.006661857664585114
C12=C(N=CN=C1N(C)C1CCCCC1)SC(C(=O)NCC1=CC=C(C=C1)SC)=C2C,0.007035576063208282
CCN1C(C2=CC3=C(OCCO3)C=C2)=CN=C1SCC1N=C2N(C=C(C=C2)Br)C(=O)C=1,0.007033967040479183
C12=C(N=CN=C1N(C)C1CCCCC1)SC(C(=O)NCC1C=CC(=CC=1OC)OC)=C2C,0.006549892807379365
CCN1C(C2=CC3=C(OCCO3)C=C2)=CN=C1SCC(C1=C(C)C(C(C)=O)=C(C)N1)=O,0.007439761562272907
C12=C(N=CN=C1N(C)C1CCCCC1)SC(C(=O)NCC1=CC(OC)=CC=C1OC)=C2C,0.006702227634377778
CCN1C(C2=CC3=C(OCCO3)C=C2)=CN=C1SCC(NCC=C)=O,0.005432658758945763
C1(=CN(N=C1C)CC=C)C1C=C(C2=CC=CO2)N=C(N)C=1C#N,0.004193027433939278
CCN1C(C2=CC3=C(OCCO3)C=C2)=CN=C1SCC(N(C(C)C)C(C)C)=O,0.008925496274605394
C1(C=CC(=CC=1F)C)C(=O)NCC(N(C)C)C1=CC=CC=C1C,0.008801079378463328
C12=C(N=CN=C1N(C)C1CCCCC1)SC(C(=O)NCC1C=CC(=CC=1)OCC)=C2C,0.007130022090859711
N1(C[C@@H]2[C@@H](CC=CC2)C1)C(CCCN1C=NN=N1)=O,0.007030779356136918
C12=C(N=CN=C1N(C)C1CCCCC1)SC(C(NCCSCC1=CC=CO1)=O)=C2C,0.006549969082698226
C12(CCCN(CC3CCC3)C1=O)CCN(CC=CC1=CC=CC=C1OC)C2,0.014302016096189618
C12=C(N=CN=C1N(C)C1CCCCC1)SC(C(NCCC1=CC=CS1)=O)=C2C,0.007934777112677694
CCN1C(C2=CC3=C(OCCO3)C=C2)=CN=C1SCC(NC1=NOC(C)=C1)=O,0.005465140985324979
C12=C(N=CN=C1N(C)C1CCCCC1)SC(C(NCCC1=CC=CO1)=O)=C2C,0.007662203093059361
CCN1C(C2=CC3=C(OCCO3)C=C2)=CN=C1SCC(NC(NC1=CC2=C(OCCO2)C=C1)=O)=O,0.0018140342726837844
CCN1C(C2=CC3=C(OCCO3)C=C2)=CN=C1SCC(C1=C(C)N(CCOC)C(C)=C1)=O,0.011187396617606283
N1(CCCC(C1)C(=O)NC1=CC=C(C=C1)C1C=CC=C(OC)C=1)C(C1CCOCC1)=O,0.007797963358461857
C12=C(N=CN=C1N(C)C1CCCCC1)SC(C(NCCC1=CC=C(C=C1)SC)=O)=C2C,0.007215905608609319
C(=O)(C1=CC=CC(=C1)C#C)N(C)CC1CCN(CC1)CCC1=CC=CC(F)=C1,0.006788530084304511
CCN1C(C2=CC3=C(OCCO3)C=C2)=CN=C1SCC(NC1CS(=O)(=O)CC1)=O,0.004470357415266335
C1(C(=O)N2CCC(CC2)N2CCCC(C2)C(=O)N2CCCC2)C=C2N(C=CC=N2)N=1,0.00955168199725449
C12=C(N=CN=C1N(C)C1CCCCC1)SC(C(=O)NCC1=CC=CC=C1C)=C2C,0.007496448350138962
C1(N(CCC)CCOC)=NC(C)=NC2SC=CC1=2,0.007870909105986357
C12=C(N=CN=C1N(C)C1CCCCC1)SC(C(=O)NCC1C=CC(=CC=1)OC(C)C)=C2C,0.0074022404151037335
CCN1C(C2=CC3=C(OCCO3)C=C2)=CN=C1SCC1OC(C2=CC=CC=C2)=NN=1,0.0069507768144831065
C12=C(N=CN=C1N(C)C1CCCCC1)SC(C(=O)NCC1=CC=CC(F)=C1)=C2C,0.006222648266702891
CCN1C(C2=CC3=C(OCCO3)C=C2)=CN=C1SCC(C1=CC2=C(OCO2)C=C1)=O,0.010097850626334549
N1(CC(C)C)CCC(CC1)NCCC(=O)NC1C=CC=C(C)C=1,0.008965197997167707
C12=C(N=CN=C1N(C)C1CCCCC1)SC(C(=O)NCC1=CC=C(C=C1)CC)=C2C,0.007853841106407345
C1(C(=O)N2CCCN(C(C)=O)CC2)OC2=C(C=C(C=C2Cl)C)C=1C,0.009476472181268037
C12C(C)=C(SC=1N=C(N=C2N1CCCC1)C)C(=O)NC1=CC=C(C=C1)OC,0.006433291151188314
C(=O)(C1=CC=C(C=C1)C#CC(C)(C)O)N(C)CC1CCCN(CCC2C=CC=CC=2F)C1,0.009127365984022617
C12C(C)=C(SC=1N=C(N=C2N1CCCC1)C)C(=O)NC1C=CC=CC=1Br,0.0070819666143506765
CCN1C(C2=CC3=C(OCCO3)C=C2)=CN=C1SCC(N1C(=O)CCC1)=O,0.0028004234423860907
C1(C=C(ON=1)CN(C)CC1C=CC=CC=1)C(=O)NC(C)C1C=CC(=NC=1)C,0.00956485173664987
CCN1C(C2=CC3=C(OCCO3)C=C2)=CN=C1SCC(NC(NCC1OC=CC=1)=O)=O,0.001662625523749739
N1N(CCC2C=CC=CC=2)C=CC=1C1C=CC=C(C=1)C1=CC=C(N=N1)C,0.015428087813779712
CCN1C(C2=CC3=C(OCCO3)C=C2)=CN=C1SC(C(NC1=CC2=C(OCO2)C=C1)=O)C,0.0058344400255009535
C12C(C)=C(SC=1N=C(N=C2N1CCCC1)C)C(=O)NC1C=CC=CC=1Cl,0.005371612566523254
C1(=CN(N=C1C)CC=C)[C@@H]1C[C@@H](C[C@H](CCC2=CC=CC=C2)O1)NC(C)=O,0.008784917648881674
C12C(C)=C(SC=1N=C(N=C2N1CCCC1)C)C(=O)NC1C=CC(=CC=1)Cl,0.005202964833006263
CCN(C(CN1C(=O)C(CC2=CC3=C(OCO3)C=C2)(C)NC1=O)=O)CC,0.002563378500053659
C12C(C)=C(SC=1N=C(N=C2N1CCCC1)C)C(=O)NCC1=CC=C(C=C1)Cl,0.005249294685199857
CC(CCNC(CN1C(=O)C(CC2=CC3=C(OCO3)C=C2)(C)NC1=O)=O)C,0.002735163376200944
C12C(C)=C(SC=1N=C(N=C2N1CCCC1)C)C(=O)NC1C(OC)=CC(=C(Cl)C=1)OC,0.0055238427594304085
CCN1C(C2=CC3=C(OCCO3)C=C2)=CN=C1SC(C(NC1=CC=C(N2CCOCC2)C=C1)=O)C,0.005325328023172915
N1(CCC2C=CC(=CC=2)F)[C@H]2CN(C[C@H]2OC1=O)CC1=CN(N=C1C)CCC,0.007017560629174113
CCN1C(C2=CC3=C(OCCO3)C=C2)=CN=C1SCC(NN1C(=O)C2(CCCCC2)NC1=O)=O,0.0010944361827569082
CCN1C(C2=CC3=C(OCCO3)C=C2)=CN=C1SC(C(NC1=CC=C(N(C)C)C=C1)=O)C,0.005951749929226935
CCN1C(C2=CC3=C(OCCO3)C=C2)=CN=C1SCC(C1=C(O)C=C(O)C=C1)=O,0.00522411479614675
C12C(C)=C(SC=1N=C(N=C2N1CCCC1)C)C(=O)NC1=C(C)C=CC(Cl)=C1,0.005513127031736076
CCN1C(C2=CC3=C(OCCO3)C=C2)=CN=C1SCC(NC(C(C)=O)CC1=CC=CC=C1)=O,0.007691629719920457
C12C(C)=C(SC=1N=C(N=C2N1CCCC1)C)C(NCCC1C=CC(=CC=1)Cl)=O,0.005735774477943778
N1(CC2=C(C=NC(CC(C)C)=N2)C1)C(CCCC1C2C=CC=CC=2NC=1)=O,0.006994660291820764
CCN1C(C2=CC3=C(OCCO3)C=C2)=CN=C1SCC1N=C(C)SC=1,0.008088952186517418
N1=C(N(C)CCN2CCCCC2=O)N=CC(F)=C1N1CCOCC1,0.006172417756170034
CCN1C(C2=CC3=C(OCCO3)C=C2)=CN=C1SCC(N(C1CS(=O)(=O)CC1)CC(C)C)=O,0.0061092426301911475
C12C(C)=C(SC=1N=C(N=C2N1CCCC1)C)C(=O)NC1CCCC1,0.007886551786214113
CCCN1C(=O)NC(=O)C(C(CSC2N(CC)C(C3=CC4=C(OCCO4)C=C3)=CN=2)=O)=C1N,0.0037163116852752865
N1(CC[C@H]2N(C)[C@H](CC2)C1)C(NCCC(OCC)=O)=O,0.006332677509635687
CCN1C(C2=CC3=C(OCCO3)C=C2)=CN=C1SC(C(NC(N)=O)=O)C,0.0013509397220332175
C12C(C)=C(SC=1N=C(N=C2N1CCCC1)C)C(=O)NC1=CC=C(C=C1F)F,0.005783744086511433
C12C(C)=C(SC=1N=C(N=C2N1CCCC1)C)C(=O)NC1C=CC(=CC=1OC)OC,0.006183013645932078
N1(C2C=CC(=CC=2C)OC)C(=O)NN=C1C1C=CC(=CC=1)O,0.002291497215628624
CCN1C(C2=CC3=C(OCCO3)C=C2)=CN=C1SC(C(N)=O)C,0.0056254994357004765
C12C(C)=C(SC=1N=C(N=C2N1CCCC1)C)C(=O)NC1C=C(OC)C=C(OC)C=1,0.006021771789528429
N12N=C(SC1=NN=C2C1CC1)CC1C=CC(=CC=1C)F,0.0074494682718068365
C12C(C)=C(SC=1N=C(N=C2N1CCCC1)C)C(=O)NC1C=CC=C(C)C=1C,0.006949865142814815
CCN1C(C2=CC3=C(OCCO3)C=C2)=CN=C1SCC(NC1=C(C)N(C2=CC=CC=C2)N=C1C)=O,0.006049009505659342
C1(N(C(C)C)CC2CCC(=O)N2)=NC(C)=NC2SC=CC1=2,0.004985654377378523
CCN1C(C2=CC3=C(OCCO3)C=C2)=CN=C1SCC(N1CCN(C2=CC=C(OC)C=C2)CC1)=O,0.005714183463715017
C12C(C)=C(SC=1N=C(N=C2N1CCCC1)C)C(=O)NC1C=CC=C(C=1)C(OCC)=O,0.005295173614285886
CCN1C(C2=CC3=C(OCCO3)C=C2)=CN=C1SCC(C1=C(C)N(C2NN=CN=2)C(C)=C1)=O,0.006011848920024931
C1(C2=NC=CN2CCC)C2N=CNC=2CCN1CC1SC=CC=1C,0.005338361766189337
CCN1C(C2=CC3=C(OCCO3)C=C2)=CN=C1SCC(N1C2=C(C=CC=C2)NC(=O)CC1C)=O,0.005367998639121652
CCN1C(C2=CC3=C(OCCO3)C=C2)=CN=C1SCCN1S(=O)(=O)C2=C(C=CC=C2)C1=O,0.005285625625401735
C1(=CC2=CC(C)=CC=C2N=C1C)C(=O)N[C@@H](CC1C=CC(=CC=1)O)C(O)=O,0.003159077954478562
CCN1C(C2=CC3=C(OCCO3)C=C2)=CN=C1SCC(NC1=C(C(NC2CC2)=O)C=CC=C1)=O,0.004621360637247563
C12C(C)=C(SC=1N=C(N=C2N1CCCC1)C)C(=O)NC1C=CC=CC=1CC,0.0067752901231870055
CCN1C(C2=CC3=C(OCCO3)C=C2)=CN=C1SCC(NC1=C(C(C)=O)C=C2C(OCO2)=C1)=O,0.007008589687757194
CN(C(CN1C(=O)C(CC2=CC3=C(OCO3)C=C2)(C)NC1=O)=O)CC1SC(Cl)=CC=1,0.0019394724746234714
C12C(C)=C(SC=1N=C(N=C2N1CCCC1)C)C(=O)NC1C=CC(=CC=1)CC,0.006674363790079951
CC1(C(=O)N(CC2=C(Br)C=C3C(OCCO3)=C2)C(=O)N1)CC1=CC2=C(OCO2)C=C1,0.0030565980938263237
N1(CCNC(=O)C1CC(NCCNC1=CC(C)=CC=N1)=O)CC1C=CC=CC=1,0.003944578894879669
CCN1C(C2=CC3=C(OCCO3)C=C2)=CN=C1SCC1ON=C(C2=CC=CC=C2)N=1,0.007800717675127089
C1(NC(CC)CO)=NC=CC(C2CCCC2)=N1,0.004329747275914997
CCN1C(C2=CC3=C(OCCO3)C=C2)=CN=C1SCC1OC2=C(C=CC=C2)N=1,0.0067112842109054325
C12C(C)=C(SC=1N=C(N=C2N1CCCC1)C)C(=O)NC1C=CC=CC=1F,0.0053615007316693665
CCN1C(C2=CC3=C(OCCO3)C=C2)=CN=C1SCC(N(CC1SC(Cl)=CC=1)C)=O,0.0056594098452478645
C12C(C)=C(SC=1N=C(N=C2N1CCCC1)C)C(=O)NC1C=CC=C(F)C=1,0.004908511065877974
CCN1C(C2=CC3=C(OCCO3)C=C2)=CN=C1SCC(C1=CC2=C(N(S(C)(=O)=O)CC2)C=C1)=O,0.006221228488720953
C1(=NN=CS1)NC(=O)C1=CC=CC(CN2CCN(CC2)CC2CCCO2)=C1,0.006161763146519661
CC1(C(=O)N(CC2=CC=C(Br)C=C2)C(=O)N1)CC1=CC2=C(OCO2)C=C1,0.002744351013097912
C1(=CC=NN1C(C)C(C)C)NC(=O)C1C=CC=CC=1OC(F)F,0.005252153985202313
C12C(C)=C(SC=1N=C(N=C2N1CCCC1)C)C(=O)NC1=CC=C(C=C1)F,0.005046857194975019
C1(CCNCC1)(CN1CCC(CC1)(C1=CC=CC=C1)C#N)C1=CC=C(C=N1)C,0.007322726867278107
CC1(C(=O)N(CC2=CC(Cl)=C(Cl)C=C2)C(=O)N1)CC1=CC2=C(OCO2)C=C1,0.0022041832096874716
C(=O)(CCSC)N(CC)CC1CCCN(CCC2=CC=CC(OC)=C2)C1,0.012463649874553085
CC(C(CN1C(=O)C(CC2=CC3=C(OCO3)C=C2)(C)NC1=O)=O)(C)C,0.003881326434202492
C1(=NN=C(CCOCC)S1)NC(=O)N1CCC(C)(C)C1,0.0040933189680799845
COC1=C(NC(COC(C2=C(N(=O)=O)C=C3C(OCO3)=C2)=O)=O)C=CC=C1,0.00647358694113791
C12C(C)=C(SC=1N=C(N=C2N1CCCC1)C)C(=O)NCC1=CC=C(C=C1)OC,0.006414136989042163
CC(N(C1=CC=CC=C1)C(CN1C(=O)C(CC2=CC3=C(OCO3)C=C2)(C)NC1=O)=O)C,0.0027389085735194385
C12C(C)=C(SC=1N=C(N=C2N1CCCC1)C)C(=O)NCC1=CC=C(C=C1)C,0.006684693857096136
CC1(C(=O)N(CC(N2C3=C(C=CC=C3)CCC2)=O)C(=O)N1)CC1=CC2=C(OCO2)C=C1,0.002579898212570697
C12C(C)=C(SC=1N=C(N=C2N1CCCC1)C)C(=O)NC1=CC=C(C=C1)OCC,0.006610943260602653
N1(CCN(CC1)CCC(=O)NC1=CC=CC(CC)=C1)CC1CCN(CC1)C,0.010044298646971584
CC1C(C)C(NC(CN2C(=O)C(CC3=CC4=C(OCO4)C=C3)(C)NC2=O)=O)CCC1,0.0032425504992716014
N1C(=O)C=C(N=C1NCCNCC1NC2C(=CC=C(C)C=2C)N=1)C,0.002485312073258683
CCC(C1=CC=C(NC(CN2C(=O)C(CC3=CC4=C(OCO4)C=C3)(C)NC2=O)=O)C=C1)C,0.0026758640771731733
CC1(C(=O)N(CC(N2CCCCCC2)=O)C(=O)N1)CC1=CC2=C(OCO2)C=C1,0.0026624200167134405
C1(CCCN(CC2CC2)C1=O)(O)CN1CCC(CC1)CC1=CC=CC=C1F,0.00957097071222961
CC1=C(NC(CN2C(=O)C(CC3=CC4=C(OCO4)C=C3)(C)NC2=O)=O)C=CC=C1Cl,0.001978733774740249
N1NC(=CC=1CN(CC1CCN(CC1)CC1=CC=CC=C1C)CC1=CC=CN=C1)CC(C)C,0.009519032086245716
CC1=C(C)C=C(NC(CN2C(=O)C(CC3=CC4=C(OCO4)C=C3)(C)NC2=O)=O)C=C1,0.002379122842103243
CC1(C(=O)N(CC(NCC2=CC=C(Cl)C=C2)=O)C(=O)N1)CC1=CC2=C(OCO2)C=C1,0.002056794468080625
CC1(C(=O)N(CC(NCC2OC=CC=2)=O)C(=O)N1)CC1=CC2=C(OCO2)C=C1,0.002187639073235914
C1(C(=O)N2CCCC2)SC2=C(C(N3CCCC3)=NC(C)=N2)C=1C,0.00832312279380858
CC1(C(=O)N(CC(NC2=CC(F)=C(F)C=C2)=O)C(=O)N1)CC1=CC2=C(OCO2)C=C1,0.0022208552283700554
C(C(=O)N1CCCCC1)C1C(=O)NCCN1CC1=CC=C(C=C1)C1=CC=CC=C1,0.00732332025654614
CC1(C(=O)N(CC(NC2=C(OC3=CC=CC=C3)C=CC=C2)=O)C(=O)N1)CC1=CC2=C(OCO2)C=C1,0.0023012253979686646
N1(CC(O)=O)C(C)=C(C(C)=N1)NC(=O)C1ON=C(CC(C)C)C=1,0.00764498736243695
CC(NC(CN1C(=O)C(CC2=CC3=C(OCO3)C=C2)(C)NC1=O)=O)CCC1=CC=CC=C1,0.002758806198835373
CC1(C(=O)N(CC(N2C3=C(C=CC=C3)CC2)=O)C(=O)N1)CC1=CC2=C(OCO2)C=C1,0.0024113671854138373
CC1(C(=O)N(CC(NC2CC2)=O)C(=O)N1)CC1=CC2=C(OCO2)C=C1,0.0022243204817641526
C12C(C)=C(SC=1N=C(N=C2N1CCCC1)C)C(=O)NC1C=CC(=CC=1F)Br,0.0060887409839779135
CC1(C(=O)N(CC(N2CC3=C(C=CC=C3)CC2)=O)C(=O)N1)CC1=CC2=C(OCO2)C=C1,0.0024706484866328536
C1=C(N2CCCC2)C=NN(CCN2C=CC=C2)C1=O,0.008778077783063054
CC1(C(=O)N(CC(N2CCCC2)=O)C(=O)N1)CC1=CC2=C(OCO2)C=C1,0.0022901589283719657
C12C(C)=C(SC=1N=C(N=C2N1CCCC1)C)C(=O)NC1C=CC=C(Cl)C=1C,0.005629805661737919
C1(=C(C)OC=N1)C(NCCC1OC2C(=CC=CC=2)N=1)=O,0.0050123753026127815
CC1(C(=O)N(CC(NC2=C(SC3=CC=CC=C3)C=CC=C2)=O)C(=O)N1)CC1=CC2=C(OCO2)C=C1,0.002326175762573257
CC1(C(=O)N(CC(NC2CCCCC2)=O)C(=O)N1)CC1=CC2=C(OCO2)C=C1,0.0027769212261773645
CC1(C(=O)N(CC(C2=CC=C(C3=CC=CC=C3)C=C2)=O)C(=O)N1)CC1=CC2=C(OCO2)C=C1,0.003346463746856898
CC1(C(=O)N(CC(C2SC(Cl)=CC=2)=O)C(=O)N1)CC1=CC2=C(OCO2)C=C1,0.0025197297567501665
C1(CN2C[C@H](C[C@H]2C(NC)=O)N)N(CC=C)C2C(=CC=CC=2)N=1,0.004183737956918776
C12C(C)=C(SC=1N=C(N=C2N1CCCC1)C)C(=O)NC1C=CC(=C(Cl)C=1)C,0.0054304026765748855
CC1(C(=O)N(CC(C2=CC3=C(OCCO3)C=C2)=O)C(=O)N1)CC1=CC2=C(OCO2)C=C1,0.0037493354524485768
CC1(C(=O)N(CC(C2C3=C(C=CC=C3)NC=2)=O)C(=O)N1)CC1=CC2=C(OCO2)C=C1,0.001992360159056261
C12C(C)=C(SC=1N=C(N=C2N1CCCC1)C)C(=O)NC1C=C(C)C=CC=1C,0.0068422867450863125
C1(CN2CCCC(C(NCCCO)=O)C2)C(C)=CC(=C(CO)C=1C)C,0.0048343089642003175
COC1=C(C(CN2C(=O)C(CC3=CC4=C(OCO4)C=C3)(C)NC2=O)=O)C=CC=C1,0.003807915095239878
S1(CCC(CNC(=O)CC(=O)NC2C=CC(=CC=2C)C)C1)(=O)=O,0.0064441038062796
CC1(C(=O)N(CCOC2=C(F)C=CC=C2)C(=O)N1)CC1=CC2=C(OCO2)C=C1,0.002424134232569486
CC(NC(CN1C(=O)C(CC2=CC3=C(OCO3)C=C2)(C)NC1=O)=O)C,0.002241651579970494
C1(CN(CCN(C)C)CC2=CC=C(CO)O2)SC=CC=1C,0.006569082546047866
CC1(C(=O)N(CC2SC3=C(C=CC=C3)N=2)C(=O)N1)CC1=CC2=C(OCO2)C=C1,0.0018956855463329702
CCNC(CN1C(=O)C(CC2=CC3=C(OCO3)C=C2)(C)NC1=O)=O,0.0020459154329728335
C12C(C)=C(SC=1N=C(N=C2N1CCCC1)C)C(=O)NC1C=CC(=CC=1C)C,0.006937695480883121
N1=C(C)C(=C(C)N1C)CCC(=O)NC1CCCN(CCCC2=CC=CC=C2)C1,0.010438414197415114
CC1(C(=O)N(CC(NC2=CC3=C(OCCO3)C=C2)=O)C(=O)N1)CC1=CC2=C(OCO2)C=C1,0.0024522235442418607
N1(C)C(COC2=CC=C(C=C12)C(=O)N(C)C)CC(=O)N(C(C)C)CC1CC1,0.012459546374157072
CC1(C(=O)N(CC(NCCC2CCCCC=2)=O)C(=O)N1)CC1=CC2=C(OCO2)C=C1,0.0032930699409916995
C12C(C)=C(SC=1N=C(N=C2N1CCCC1)C)C(=O)NC1=CC=C(C=C1)C(OCC)=O,0.005333489016629755
C1(CN(C)CCOC)N(C2=CC=CC=C2)N=C(C(C)C)N=1,0.012015207344666124
CC1(C(=O)N(CC(NC2=CC3=C(NC(N3)=O)C=C2)=O)C(=O)N1)CC1=CC2=C(OCO2)C=C1,0.001127968603395857
C1(C(O)=O)=CN(N=N1)CC1CCCN(C1)C1C=C(C)C2C(=CC(=CC=2)OC)N=1,0.0052109741256572304
CC1ON=C(NC(CN2C(=O)C(CC3=CC4=C(OCO4)C=C3)(C)NC2=O)=O)C=1,0.0021704921673517674
CC1(C(=O)N(CC(NC(NC2=CC3=C(OCCO3)C=C2)=O)=O)C(=O)N1)CC1=CC2=C(OCO2)C=C1,0.002580158703494817
C1(=O)NCCN1CCNC(=O)C1C(C)=C(C)C=C(C)C=1C,0.005351032386533916
CC1(C(=O)N(CC2N=C3N(C=CS3)C(=O)C=2)C(=O)N1)CC1=CC2=C(OCO2)C=C1,0.001810130599187687
CC1(C(=O)N(CC(NC2CS(=O)(=O)CC2)=O)C(=O)N1)CC1=CC2=C(OCO2)C=C1,0.0022784164524637164
C12C(C)=C(SC=1N=C(N=C2N1CCCC1)C)C(=O)NC1C=CC(=C(C)C=1)C,0.006966765667311847
CC1=C(C(CN2C(=O)C(CC3=CC4=C(OCO4)C=C3)(C)NC2=O)=O)C2=C(C=CC=C2)N1,0.0020979805733077226
CC1N(C2=CC=CC=C2)C(C)=C(C(CN2C(=O)C(CC3=CC4=C(OCO4)C=C3)(C)NC2=O)=O)C=1,0.003323930350597948
C12C(C)=C(SC=1N=C(N=C2N1CCCC1)C)C(NCCC1C=CC=CC=1)=O,0.006502973474562168
C1(CN(C(C)C)C(=O)CC2C=CN(C)C=2)C(C)=NN(C)C=1C,0.013277839869260788
C1(C(=O)N2CCOCC2)SC2=C(C(N3CCCC3)=NC(C)=N2)C=1C,0.006563743343576789
C(CC(C)C)(C1=CC=CN=C1)NC1CSCCSC1,0.013027844671159982
C12C(C)=C(SC=1N=C(N=C2N1CCCC1)C)C(=O)NCC1=CC=CC=C1OC,0.006354576628655195
C1(=CC=NN1C1CCN(CC1)C(CNC)=O)NC(=O)NC1C=CC=CC=1OC,0.0038401482393965124
O=N(C1=C(C(OCC(C2=C(F)C=CC(F)=C2)=O)=O)C=C2C(OCO2)=C1)=O,0.00909373858012259
C12C(C)=C(SC=1N=C(N=C2N1CCCC1)C)C(=O)NCC1=CC=CS1,0.0064576549222692846
C12(CCCN(C)C1=O)CCN(C(CCC1ON=C(C3=CC=NC=C3)N=1)=O)C2,0.008654690207913518
C1(CN(CC)CCOC)=CC(=NN1C)CC(C)C,0.019092867383733392
CC(NC1=CC=C(C(COC(C2=C(N(=O)=O)C=C3C(OCO3)=C2)=O)=O)C=C1)=O,0.008446098864078521
N1(C2C=CC(=CC=2)CC(NC)=O)C2=CC=CC(Cl)=C2C=N1,0.005836420739069581
C1(C2C=CC=CC=2C(C)=O)=C(C)C2C=CC=CC=2NC1=O,0.009068449353799224
COC1=CC=C(OCCN2C(=O)C(CC3=CC4=C(OCO4)C=C3)(C)NC2=O)C=C1,0.0027519685914739966
C12C(C)=C(SC=1N=C(N=C2N1CCCC1)C)C(NCCC1CCCCC=1)=O,0.009082326106727124
CC1=CC(C(CN2C(=O)C(CC3=CC4=C(OCO4)C=C3)(C)NC2=O)=O)=C(C)C=C1,0.0037986150826327504
C1(C2=CC=CC=C2C)OC(=C(CN(C)CC2C=NN(CC)C=2)N=1)C,0.008526485599577426
CC1(C(=O)N(CC(NCC(F)(F)F)=O)C(=O)N1)CC1=CC2=C(OCO2)C=C1,0.0017895860888529568
C12C(C)=C(SC=1N=C(N=C2N1CCCC1)C)C(=O)NCC1=CC=C(C)O1,0.0069560119416564705
CC1(C(=O)N(CC(NC2=CC3=C(CCC3)C=C2)=O)C(=O)N1)CC1=CC2=C(OCO2)C=C1,0.002696405292954296
CC(C(NC1CC1)=O)N1C(=O)C(CC2=CC3=C(OCO3)C=C2)(C)NC1=O,0.002396171272266656
CC1=CC(CN2C(=O)C(CC3=CC4=C(OCO4)C=C3)(C)NC2=O)=C(C)C=C1,0.002630696800770238
C12C(C)=C(SC=1N=C(N=C2N1CCCC1)C)C(=O)NC1=CC=C(C=C1)C,0.006508258893154562
CC(C(NC1CCCC1)=O)N1C(=O)C(CC2=CC3=C(OCO3)C=C2)(C)NC1=O,0.002786387864034623
CC1=C(C)C=C2C(OC(C=C2CN2C(=O)C(CC3=CC4=C(OCO4)C=C3)(C)NC2=O)=O)=C1,0.002552250208100304
C1(=NC=C(CN(C)CC(OC)=O)N1CC1CCCO1)S(CCC)(=O)=O,0.007134023518301546
CC1(C(=O)N(CCSC2=C(F)C=CC=C2)C(=O)N1)CC1=CC2=C(OCO2)C=C1,0.0018122060457244516
N1(CCC(CC1)C)C(=O)CCNC(C)CSCC,0.009718006337061524
CC1N(C2CC2)C(C)=C(C(CN2C(=O)C(CC3=CC4=C(OCO4)C=C3)(C)NC2=O)=O)C=1,0.003749403462279588
CC1(C(=O)N(CC(NC2=CC3=C(OCCCO3)C=C2)=O)C(=O)N1)CC1=CC2=C(OCO2)C=C1,0.0025638464372605085
CCCC(NC1=CC=C(C(CN2C(=O)C(CC3=CC4=C(OCO4)C=C3)(C)NC2=O)=O)C=C1)=O,0.003375530068296939
COC(C1=CC(CN2C(=O)C(CC3=CC4=C(OCO4)C=C3)(C)NC2=O)=CC=C1)=O,0.0026641207514330745
N1(CC=CC2=CC=CC=C2)CCC2(CCNCC2)C1,0.01600690120831132
CC1(C(=O)N(CC(N2C3=C(C=CC=C3)OCC2C2=CC=CC=C2)=O)C(=O)N1)CC1=CC2=C(OCO2)C=C1,0.0026129030738957226
CC1N(C2CC2)C(C)=C(C(COC(C2=C(N(=O)=O)C=C3C(OCO3)=C2)=O)=O)C=1,0.009777060011401772
C1(C=C(ON=1)COC1C=CC(=C(F)C=1)F)C(=O)NC(CO)CO,0.0037817399017512797
CC(NCC1SC(C(CN2C(=O)C(CC3=CC4=C(OCO4)C=C3)(C)NC2=O)=O)=CC=1)=O,0.002832569705788046
CN(C(CN1C(=O)C(CC2=CC3=C(OCO3)C=C2)(C)NC1=O)=O)C1C2=C(C=CC=C2)CCC1,0.003410537447780371
N1(C)C=NN=C1CCC(=O)N(CCCC)CC1C=CSC=1,0.008993321005254984
C12C(C)=C(SC=1N=C(N=C2N1CCCC1)C)C(NCCC1=CC=C(C(OCC)=C1)OCC)=O,0.007235596957616508
O=N(C1=C(C(OCC(NC2=CC3=C(OCO3)C=C2)=O)=O)C=C2C(OCO2)=C1)=O,0.006398023501969874
C12C(C)=C(SC=1N=C(N=C2N1CCCC1)C)C(=O)NCC1C=C(C)C=CC=1C,0.007064988138154149
O=N(C1=C(C(OCC(N2C3=C(C=CC=C3)CC2)=O)=O)C=C2C(OCO2)=C1)=O,0.007368164020590484
C1(C(F)(F)F)=NN=C(N2CCN(CC2)CC2C(C)=NN(C)C=2Cl)S1,0.0044727077824063596
CC1=C(C)C=C(C(COC(C2=C(N(=O)=O)C=C3C(OCO3)=C2)=O)=O)C=C1,0.010992638673633337
N12C=CC=CC1=NC(C)=C2CC(=O)NCC1ON=C(C2=CC=CC=C2)N=1,0.004988890397362411
C12C(C)=C(SC=1N=C(N=C2N1CCCC1)C)C(=O)NCC1C=C(OC)C(=C(OC)C=1)OC,0.00634526910725981
C1(N(CCCCC2C=CC=CN=2)C=NC=1C1=CC=CC=C1)C1C(C)=NNC=1C,0.006147318333387375
C12C(C)=C(SC=1N=C(N=C2N1CCCC1)C)C(=O)NCC1=CC=CC=C1OCC,0.0064971206011250615
C1(C=NC=C(C2C=CC=C(C=2)NC(C)=O)N=1)C(=O)N1CCOCC1,0.004029330541379749
CC1CCN(C(COC(C2=C(N(=O)=O)C=C3C(OCO3)=C2)=O)=O)CC1,0.006882776203565299
C1(=NC=CC=C1CNC(=O)C(C)CN1C=NC=N1)OC1C=CC=CC=1F,0.006694596516899765
C(=O)(C(O)C1C=CC(=CC=1)C(F)(F)F)N(C)CC1C(=CC=CN=1)C,0.003449719655327499
O=N(C1=C(C(OCC2N=C(C3=CC=CC=C3)SC=2)=O)C=C2C(OCO2)=C1)=O,0.005308274971321225
C1(=NN=C(C)S1)NC(=O)C1C=CC(=CC=1)CN(CC)[C@H]1COC[C@@H]1O,0.003210972575470805
C12C(C)=C(SC=1N=C(N=C2N1CCCC1)C)C(=O)NCC1=CC=C(C=C1)SC,0.006214007991366089
N1(C[C@H](C[C@H]1C(NCC)=O)N)C(=O)C1=CC=C2C(=C1)N=C(C(C)=N2)C,0.006509813060984015
C12C(C)=C(SC=1N=C(N=C2N1CCCC1)C)C(=O)NCC1C=C(Br)C=CC=1OC,0.006702700885944069
S(CCCC(=O)N1CCOCC1CCC)(N)(=O)=O,0.0074743867153301835
C12C(C)=C(SC=1N=C(N=C2N1CCCC1)C)C(NCCC1=CC=C(C=C1)SC)=O,0.006531203351914883
O=N(C1=C(C(OCC(C2=CC3=C(OCCO3)C=C2)=O)=O)C=C2C(OCO2)=C1)=O,0.011231069872155785
N1(CCN(C(=O)C1C)CC1=CC=CC(C)=C1)C(=O)C1C=NC(=NC=1)NC(C)C,0.00557830911129713
CCN(C(COC(C1=C(N(=O)=O)C=C2C(OCO2)=C1)=O)=O)CC,0.008062029536813498
N1(C2C=CC3=C(OCO3)C=2)C(=O)NN=C1C(C)OC(C)C,0.004305201442912221
C12C(C)=C(SC=1N=C(N=C2N1CCCC1)C)C(=O)NCC1=CC=CC=C1C,0.006561398156918585
N1C2C=C(C=CC=2NC=1CO)C1=C(C=CC=C1OC(C)C)F,0.001723100253730081
C(=O)(C1=CC=CC(=C1)NCC1=CC=CS1)N(C)C(C)C1SC=CN=1,0.00664331039879471
O=N(C1=C(C(OCC(NC2=CC(F)=CC=C2)=O)=O)C=C2C(OCO2)=C1)=O,0.0049325109925121065
C1(C(=O)N(C)CC2=CC=CC=C2)=C(CNCC2C=C(N(C)N=2)C)N2C(C=CC=C2)=N1,0.006734736310318112
C12C(C)=C(SC=1N=C(N=C2N1CCCC1)C)C(=O)NCC1C=CC(=CC=1)OC(C)C,0.006954705412499607
COC1=CC(C(COC(C2=C(N(=O)=O)C=C3C(OCO3)=C2)=O)=O)=CC=C1,0.011320068035274744
C1(=CC(CC)=NC(C)=N1)N1CCOC(C1)C1=CC=C(C(Cl)=C1)Cl,0.00845354946795851
C12C(C)=C(SC=1N=C(N=C2N1CCCC1)C)C(=O)NCC1=CC=CC(F)=C1,0.0051714698784053326
N1C(N)=NC=CC=1N1CC[C@@]([C@@H](CC2=CC=CC=C2)C1)(C)O,0.004630583105608821
O=N(C1=C(C(OCC2N=C3N(C=CS3)C(=O)C=2)=O)C=C2C(OCO2)=C1)=O,0.005408296873793006
C1(=CN(N=N1)CCCC1C=CC=CC=1)C(=O)N1CCCC(C1)C(=O)CC(C)C,0.011627723090350628
C12C(C)=C(SC=1N=C(N=C2N1CCCC1)C)C(NCCC1C=CC=CC=1Cl)=O,0.005537684308364987
N1(CCCC(C1)CCC1=CC=CC=C1F)C(=O)C1C=CC(=CC=1)C1=NNC=N1,0.0041291961213573815
O=N(C1=C(C(OCC2OC(C3=CC=CC=C3)=NN=2)=O)C=C2C(OCO2)=C1)=O,0.005603894405066967
N1(C2C=CC=CN=2)C(CCC2=NNC(N)=N2)=NC(C2CC2)=N1,0.002790635026758537
CC1=C(C(COC(C2=C(N(=O)=O)C=C3C(OCO3)=C2)=O)=O)C2=C(C=CC=C2)N1,0.005237910244613886
N1(CCC(C2CCN(CC2)CC2C=CC=C(F)C=2F)C1)C(C1CCOCC1)=O,0.011099911015480756
COC1=CC2=C(C(=CC(O2)=O)COC(C2=C(N(=O)=O)C=C3C(OCO3)=C2)=O)C=C1,0.006955211819149554
C12C(C)=C(SC=1N=C(N=C2N1CCCC1)C)C(=O)NCC1C=CC(=CC=1)CC,0.007034222944639623
C(=O)(C1=CC=CO1)C(=O)NC[C@H]1CCCO1,0.016387801337987184
C12C(C)=C(SC=1N=C(N=C2N1CCCCC1)C)C(=O)NCC1=CC=CC=N1,0.005134445778094232
N1C2CCCCC=2SC=1C(C)NC1CCCC1,0.016926936432719232
C12C(C)=C(SC=1N=C(N=C2N1CCCCC1)C)C(=O)NC1C=CC=C(OC)C=1,0.0055835879873484375
C1(C=NC(=NC=1C1CCCNC1)NCCOC)S(C)(=O)=O,0.003609966556541622
C12C(C)=C(SC=1N=C(N=C2N1CCCCC1)C)C(=O)NC1=CC=C(C=C1)OC,0.006045353435911238
CC(C(NCCC1CCCCC=1)=O)OC(C1=C(N(=O)=O)C=C2C(OCO2)=C1)=O,0.009440264105796814
C12C(C)=C(SC=1N=C(N=C2N1CCCCC1)C)C(=O)NCC1=CC=CC=C1,0.005715664010494947
COC1=CC(OC)=C(C(COC(C2=C(N(=O)=O)C=C3C(OCO3)=C2)=O)=O)C=C1,0.011633042572066188
C12C(C)=C(SC=1N=C(N=C2N1CCCCC1)C)C(=O)NC1C=CC=CC=1Br,0.006615071604028344
CC1=CC=C(OCCOC(C2=C(N(=O)=O)C=C3C(OCO3)=C2)=O)C=C1,0.006316348793916404
C1(=NC=CN1CCN1CCCC1=O)C1C=CC(=C(F)C=1C)C,0.004260804958175868
CCOC(C1=C(COC(C2=C(N(=O)=O)C=C3C(OCO3)=C2)=O)OC=C1)=O,0.008606619387865066
C(=O)(N(C)C)C1C=CC=CC=1C1=NC=NC(N2C=CC=N2)=C1,0.0067144403466954826
C12C(C)=C(SC=1N=C(N=C2N1CCCCC1)C)C(=O)NC1C=CC=CC=1Cl,0.00507027996936813
C1(N(CCOC)CC2CCCO2)C2=CC=CC=C2N=C(CCN)N=1,0.009630408138036728
C12C(C)=C(SC=1N=C(N=C2N1CCCCC1)C)C(=O)NC1C=CC(=CC=1)Cl,0.004927238274831325
C12CN(CCC=1N(N=C2C(O)=O)C)C(CCC1=CC=CN=C1)=O,0.006553397746756673
COC1=CC=C(OCCOC(C2=C(N(=O)=O)C=C3C(OCO3)=C2)=O)C=C1,0.006806382816284895
N1(CC2=C(C=NC(C(C)(C)C)=N2)C1)C(COCC)=O,0.00924233621917665
O=N(C1=C(C(OCC(NC2=CC3=C(CCC3)C=C2)=O)=O)C=C2C(OCO2)=C1)=O,0.007215526886284351
N1C(CN(C)C2=CC=C(C=N2)C2ON=C(CC(C)C)N=2)=NOC=1C1CC1,0.010643116803839803
CC(C(N1C2=C(C=CC=C2)CC1)=O)OC(C1=C(N(=O)=O)C=C2C(OCO2)=C1)=O,0.008025980251841248
C12C(C)=C(SC=1N=C(N=C2N1CCCCC1)C)C(=O)NCC1C=CC=CC=1Cl,0.0048723882529884575
N1C2=CC=C(C=C2OC=1C1CCCCC1)C(=O)N(C)CC1C=CC(=CN=1)CC,0.01047017597593367
C12C(C)=C(SC=1N=C(N=C2N1CCCCC1)C)C(=O)NCC1=CC=C(C=C1)Cl,0.004931632103398443
C1(CCCN(CC2=CC=C(C(F)=C2)F)C1=O)(O)CN1CCCCCC1,0.008880426222458482
CC(C(NC1CC1)=O)OC(C1=C(N(=O)=O)C=C2C(OCO2)=C1)=O,0.006613409542478621
N1(CCC2(CCCN(CC3=CC=C(C(F)=C3)F)C2)C1)C(=O)C1C=COC=1,0.01049296148121357
CC(C(N1CCC(C)CC1)=O)OC(C1=C(N(=O)=O)C=C2C(OCO2)=C1)=O,0.007376247784122825
N1(CCC1C1C=CC(=CC=1)F)C(=O)C1=CC=C(CSC2=NC=CC=N2)O1,0.008855914231389761
C12C(C)=C(SC=1N=C(N=C2N1CCCCC1)C)C(=O)NC1=C(C)C=CC(Cl)=C1,0.005188067443668842
N1=C(C=CN=C1N1CCC(CC1)C(N)=O)N1CCC(O)C1,0.0020981887530069796
C12C(C)=C(SC=1N=C(N=C2N1CCCCC1)C)C(NCCC1C=CC(=CC=1)Cl)=O,0.005349741247482598
N1=C(C=CC=C1C(OC)=O)CN1CCC(CC1)C1C=CN=CC=1,0.007711113756522536
CCOC(C1C(C)=C(C(C(OC(C2=C(N(=O)=O)C=C3C(OCO3)=C2)=O)C)=O)NC=1C)=O,0.008022212330251932
C(=O)(C1CCN(CC1)CC1=CC=CO1)NC1=CC=CC(C2C=CC=C(F)C=2)=C1,0.006894824001938105
CC(C(C1C2=C(C=CC=C2)NC=1C)=O)OC(C1=C(N(=O)=O)C=C2C(OCO2)=C1)=O,0.005765741807408631
C12C(C)=C(SC=1N=C(N=C2N1CCCCC1)C)C(=O)NC1C=C(OC)C=C(OC)C=1,0.0056023573037236925
CC(C(NC1CCCC1)=O)OC(C1=C(N(=O)=O)C=C2C(OCO2)=C1)=O,0.007692260947078466
N1(CC(C)C)C(C)=C(C2C(CC(C)(C)CC=21)=O)CC(=O)N(C)CC1C=CON=1,0.019754247553646565
CC(C(N)=O)OC(C1=C(N(=O)=O)C=C2C(OCO2)=C1)=O,0.006235785083845258
C12(CCCN(CCC3CCCCC3)C1=O)CCN(CC1=CC=C(COC)O1)C2,0.01563910851255059
CC(C#N)OC(C1=C(N(=O)=O)C=C2C(OCO2)=C1)=O,0.0045510104823051735
S1(=O)(=O)C[C@H]([C@H](N(C)C(=O)C2C=CC3=C(OCCN3C)C=2)C1)O,0.003163055924233049
C12C(C)=C(SC=1N=C(N=C2N1CCCCC1)C)C(=O)NC1C=CC=C(C)C=1C,0.006502858549356461
C1(N2CCN(CC2)C(=O)C2C=CC=NN=2)=C2CCCC2=NC(C2=CC=CC=C2)=N1,0.007192787970416248
CCCOC1=CC=C(OCCOC(C2=C(N(=O)=O)C=C3C(OCO3)=C2)=O)C=C1,0.007037314819172025
C1(=CSC(C(C)=O)=C1)C(=O)NC1CN(C(=O)C1)C1CCCCCC1,0.015143479965627194
C12C(C)=C(SC=1N=C(N=C2N1CCCCC1)C)C(=O)NC1=C(C)C=CC=C1C,0.006723251147195697
N1=C(C)C=C(CC(=O)NC(CC)CN2C=CN=C2)O1,0.004894415056332946
O=N(C1=C(C(OCC2N=C(C3=CC=C(F)C=C3)SC=2)=O)C=C2C(OCO2)=C1)=O,0.00511733740568161
C12C(C)=C(SC=1N=C(N=C2N1CCCCC1)C)C(=O)NC1C=CC=C(C=1)C(OCC)=O,0.004905024240724742
C1(C2CC2)=CC(=NN1)CNC(=O)CC(=O)NC1C=CC(=C(Cl)C=1)F,0.0038315422832965853
C12C(C)=C(SC=1N=C(N=C2N1CCCCC1)C)C(=O)NC1C=CC=CC=1CC,0.006375275063328445
C(=O)(N(C)C1CCN(CC1)C)CC(C1=CC=CC(O)=C1)C1C=CC=CC=1Cl,0.005393486260436476
C12C(C)=C(SC=1N=C(N=C2N1CCCCC1)C)C(=O)NC1C=CC(=CC=1)CC,0.00630485787987709
CCOC(C1=C(COC(C2=C(N(=O)=O)C=C3C(OCO3)=C2)=O)N=C2C(C=CC=C2)=C1C)=O,0.006819571321830154
O=N(C1=C(C(OCC2N=C(C3SC=CC=3)SC=2)=O)C=C2C(OCO2)=C1)=O,0.005194920138455928
C1(C(NCCN(C)C)=O)C=C2N(CCCN(C2)C2=NC=NC3NC=NC2=3)N=1,0.003886911948211491
O=N(C1=C(C(OCC2N=C(C3SC=CC=3)OC=2)=O)C=C2C(OCO2)=C1)=O,0.004146202839910984
N1(CC2C=NC=CN=2)C(=O)C(NC1=O)(C1CCNCC1)CC1=CC=C(C=C1)F,0.002168627118226141
COC1=CC2=C(C=C(C(=N2)Cl)COC(C2=C(N(=O)=O)C=C3C(OCO3)=C2)=O)C=C1,0.005161491688340902
C1(C(C)C)=NC=CN1CCCNC(=O)C1=CC=C(N=C1)C1C=CC(=CC=1)CO,0.0027861411566846074
COC1=CC=C(C2SC=C(COC(C3=C(N(=O)=O)C=C4C(OCO4)=C3)=O)N=2)C=C1,0.005429023620672524
C1(C)(CC(=NO1)C)C(=O)NCC1=CC=CN=C1OC1C=CC(=CC=1F)F,0.005049338098615408
C12C(C)=C(SC=1N=C(N=C2N1CCCCC1)C)C(=O)NCC1=CC=C(C=C1)OC,0.005966856121085584
C1(CC2NN=NN=2)N(C2C=CC(=CC=2)Cl)N=C(C2CC2)N=1,0.003570176922949031
O=N(C1=C(C(OCC2N=C3N(C=C(C=C3)Cl)C=2)=O)C=C2C(OCO2)=C1)=O,0.0038640822400338947
C12C(N(CCOC)CC#CC3=CC=CC=C3)=NC=NC=1OC(C)=N2,0.006731247529387474
CC1=C(C2N=C(COC(C3=C(N(=O)=O)C=C4C(OCO4)=C3)=O)ON=2)C=CC=C1,0.0066841465653851625
N1(C=CC=N1)C1=CC=CC(=C1)NC(=O)C1CCCN(CC2=CC=C(COC)O2)C1,0.005991037981584668
O=N(C1=C(C(OCC2OC3=C(C=CC=C3)N=2)=O)C=C2C(OCO2)=C1)=O,0.005106360535137355
C12C(C)=C(SC=1N=C(N=C2N1CCCCC1)C)C(=O)NCC1=CC=C(C=C1)C,0.006311179208569229
N1(CCCC(CCC(=O)NCC2C=CC(=C(F)C=2)F)C1)C(=O)C1C=CC=C(C)N=1,0.005975379864685238
C12C(C)=C(SC=1N=C(N=C2N1CCCCC1)C)C(=O)NC1C=CC(=CC=1F)Br,0.00575660124886781
N1([C@@H](C)CN(C(C)(C)C1)C)C1C=CN=C(C=1)C(=O)NCC1=CC=CN=C1,0.007001049327664077
C12C(C)=C(SC=1N=C(N=C2N1CCCCC1)C)C(=O)NC1C=CC=CC=1C,0.006150456564500928
N1(CCN(CC1CCO)CC1=CC=C(C(C)=C1)OC)CC1=CC=CS1,0.00524369792547077
CC(C(C1C2=C(C=CC=C2)NC=1)=O)OC(C1=C(N(=O)=O)C=C2C(OCO2)=C1)=O,0.0051457325229421255
C12C(C)=C(SC=1N=C(N=C2N1CCCCC1)C)C(=O)NC1C=CC=C(Cl)C=1C,0.005294039659202099
C12C(C)=C(SC=1N=C(N=C2N1CCCCC1)C)C(=O)NC1C=C(C)C=CC=1C,0.006406058673746884
O=N(C1=C(C(OCC2=CC=C(C(N3CCCC3)=O)C=C2)=O)C=C2C(OCO2)=C1)=O,0.006963417329825461
N1(CC2C(=CC=CN=2)C1=O)CC1=CNN=C1C1=CC=CS1,0.0042377671343274415
C12C(C)=C(SC=1N=C(N=C2N1CCCCC1)C)C(=O)NC1=CC=C(C=C1)C(OCC)=O,0.005001662112772465
COC1=C(F)C=C(C(COC(C2=C(N(=O)=O)C=C3C(OCO3)=C2)=O)=O)C=C1,0.010537130199372769
C12C(C)=C(SC=1N=C(N=C2N1CCCCC1)C)C(=O)NC1C=CC(=C(C)C=1)C,0.006522885174490511
C1(NN=C(CCC2=CC=CC=C2)N=1)C1=CC=CC2CCOC1=2,0.007188445259816945
C12C(C)=C(SC=1N=C(N=C2N1CCCCC1)C)C(=O)NCC1C=CC=C(C)C=1,0.006104057095944882
C1(=O)OC2C(=CC=CC=2)N1CCN1CCC2(CC1)N(C)CCNC2=O,0.004055276466533542
CCOC(C1=C(NC(COC(CSC(N2CCCC2)=S)=O)=O)C=CC=C1)=O,0.010334974061697722
[C@@H]12C[C@@H](C1(C)C)CC=C2CN1CCC(CC1)CCC(NCCOC)=O,0.012220368161797524
CC1=C(NC(COC(CSC(N2CCCC2)=S)=O)=O)C=C(S(N2CCCCC2)(=O)=O)C=C1,0.005902247480116784
C1(C(=O)N2CCCC(C3=CC=CC=C3)CC2)=CN(N=N1)C(C1C=CC=CC=1)C1C=CC=CC=1,0.010519719636067747
C12C(C)=C(SC=1N=C(N=C2N1CCCCC1)C)C(NCCC1C=CC=CC=1)=O,0.006083596381358802
C(=O)(C1CCCCC=1)N1CCC(CC1)(CO)CC1C=CC=C(OC)C=1,0.006536141247488558
CN(C(COC1=C(F)C=C(F)C=C1)=O)CC(NC1=CC(C(F)(F)F)=C(Cl)C=C1)=O,0.004936714714858681
N1=C(C2C=CC=CC=2C2NC=CN=2)ON=C1C1=CN(C=N1)C,0.003126640495611355
CCN1C2=C(C=C(S(N(C)C)(=O)=O)C=C2)N=C1COC(CCC1=C(C)N2C(=NC=N2)N=C1C)=O,0.0048708497313782574
S1(CC(C=C1)CC(=O)NC1CCN(CC1)C1=CC=CC=C1F)(=O)=O,0.005507207685150206
CC1=CC(N2C(SCC3NC(=O)C4=C(C=CC=C4)N=3)=NC=C2)=CC=C1,0.0035824463469907642
C12C(C)=C(SC=1N=C(N=C2N1CCCCC1)C)C(NCCC1=CC=C(C=C1)C)=O,0.0065954746678471565
C1(=COC(CN2C3C=CC=CC=3N=C2)=N1)C(=O)N1CCC(C2CCCCC2)C1,0.007921842578798532
C1(C(=O)N2CCOCC2)SC2=C(C(N3CCCCC3)=NC(C)=N2)C=1C,0.006131080980412662
C1(=CC=C(CNC(=O)[C@@H]2C[C@@H](CN2C)N)O1)C1=CC=CC=C1Cl,0.0068122965283691885
CC(C(N(CC1=CC(F)=CC=C1)C)=O)SC1N(C2=CC(C)=CC=C2)C=CN=1,0.006239772331900895
C1(CN(C)C2CCCN(CC3=CC=CC=C3F)C2)C(C)=NN(C)C=1Cl,0.00893252172973007
C12C(C)=C(SC=1N=C(N=C2N1CCCCC1)C)C(=O)NCC(C)C1C=CC=CC=1,0.006538682128302753
C12CN(CCC=1NN=C2CCC)CC1=NC=CN1C1C=CC(=CC=1)OC,0.005800694739446044
N1NC(=CC=1C(C)(C)C)CN(C)C(=O)C1C=CC(=CC=1)N1C=NN=C1,0.005415153852663934
OCCSC1SC(NC2=CC(F)=CC=C2)=NN=1,0.0023772790445946157
N1C(C)=C(C(C)NC(=O)NCC2C=CC=CC=2)C=NC=1C1=CC=NC=C1,0.004354644473642111
C12C(C)=C(SC=1N=C(N=C2N1CCCCC1)C)C(=O)NC1=CC=C(C=C1F)Cl,0.004692500049713999
C1(CCCN(CC2=CC=NC=C2)C1)C(=O)C1=CC=C(C=C1)C(C)(C)C,0.016826984565705062
CSC1SC(NC2=CC(F)=CC=C2)=NN=1,0.005185307026840747
C12C(C)=C(SC=1N=C(N=C2N1CCCCC1)C)C(=O)NCC1=CC=C(C)O1,0.006541286129504442
C1(=C(C)N(N=C1C)C)C(=O)N1CCCC(CCC2=CC=C(C=C2)F)C1,0.008647404983639717
C12C(C)=C(SC=1N=C(N=C2N1CCCCC1)C)C(=O)NC1C=CC(=CC=1C)F,0.005093238828703761
C1(=O)NCCN1C1C=CC(=CC=1)CC(=O)N1CCC2(CC1)CCOCC2,0.0053669209941290315
C1(=O)C(C2CCN(CC2)C2C=CC(=NN=2)C(C)C)(C2=CC=CN=C2)NC(=O)N1,0.002294880757108331
C12C(C)=C(SC=1N=C(N=C2N1CCCCC1)C)C(=O)NC1=CC=C(C=C1)C,0.006107374397106469
C1(=NC=C(C=N1)CC)N1CCC(CC1)C1=CC(=NN1)CC(O)=O,0.0035008318605832755
O=N(C1=CC=C(CSC2SC(NC3=CC(F)=CC=C3)=NN=2)C=C1)=O,0.0030234216363169255
N1N(CC2CCN(CC2)C(=O)NC2C=CC3=C(OCO3)C=2)C=C(CCO)N=1,0.0018240307574160397
N1N(CC2CCN(CC2)C(=O)[C@H](CC(C)C)NC(C)=O)C=C(C(C)(C)C)N=1,0.008183682919479907
N(C)(C1CCSCC1)CC1C=CC=CC=1CN1CCCC1,0.02043995363637805
C12C(C)=C(SC=1N=C(N=C2N1CCCCC1)C)C(NCCC1=CC=C(C(OCC)=C1)OCC)=O,0.006658371165394783
C1(NC(=O)CN2C(=O)C=CC(=O)N2)=C(C)C=NN1CC1=CC=CC(C)=C1,0.0032979753625113515
C1(C=NN(CCC)C=1C)C(=O)N(C)CC1ON=C(C2=CC=CN=C2)N=1,0.008375273272395133
C12C(C)=C(SC=1N=C(N=C2N1CCCCC1)C)C(=O)NCC1C=CC=CC=1F,0.004663620563223958
N1(C2C=C(C)C=CC=2C)C=C(C(C2C=CC=CC=2)=N1)CN1CCC(CC1)CN1CCCC1=O,0.011360687995329499
C12C(C)=C(SC=1N=C(N=C2N1CCCCC1)C)C(=O)NCC1C=C(OC)C(=C(OC)C=1)OC,0.005783704365603626
C1(=CSN=N1)C(=O)N1CCC(CC1)(CCCC1=CC=CC=C1)C(OCC)=O,0.010528800077736378
C12C(C)=C(SC=1N=C(N=C2N1CCCCC1)C)C(=O)NCC1=CC=CC=C1OCC,0.006020094663836062
[C@]12(CNC[C@@H]1CN(C)C2)C(NCCC1=CC=CC=C1C)=O,0.008758625574409961
COC(C(SC1SC(NC2CC2)=NN=1)C)=O,0.008502331329509616
C(=O)(C1C=CC=C(C=1)NC(CC)=O)NC(C)CN1C=CC=N1,0.005423549865372479
CC1=C(NC(CSC2SC(NC3CC3)=NN=2)=O)C=C(Cl)C=C1,0.0060710369143635035
C12C(C)=C(SC=1N=C(N=C2N1CCCCC1)C)C(=O)NCC1C=C(Br)C=CC=1OC,0.006188269425183535
C1(C=CC=C(C2=CC=C(C=C2)CC(O)=O)C=1)C(C)N(C)C,0.010653497092425824
C12C(C)=C(SC=1N=C(N=C2N1CCCCC1)C)C(NCCC1=CC=CS1)=O,0.0063147869193926455
CCN(C1=CC=C(NC(CSC2SC(NC3CC3)=NN=2)=O)C=C1)C(C)C,0.008295497810468077
N1C(=CC=NC=1C(C)C)CN1CCCC(CN2C=CN=C2)C1,0.00830289050936699
C12C(C)=C(SC=1N=C(N=C2N1CCCCC1)C)C(NCCC1=CC=C(C=C1)SC)=O,0.006056855386123061
C1(C=CC=NC=1N1CCN(CC1)CC1C=COC=1)C(=O)N1CCCCC1,0.007661520224064589
CC1=CC=C(NC(CSC2SC(NC3CC3)=NN=2)=O)C=C1,0.006958523532375693
N1(CCN(CC1)C1C=CC=CC=1)C(CCC1CCN(CC1)CC1=CC=CC2=CC=CC=C12)=O,0.0097484041005373
C12C(C)=C(SC=1N=C(N=C2N1CCCCC1)C)C(=O)NCC1=CC=CC=C1C,0.006156475329771638
C12C(C)=C(SC=1N=C(N=C2N1CCCCC1)C)C(=O)NCC1C=CC(=CC=1)OC(C)C,0.006428055791184306
C12(CCN(CC1)C)CN(CCCN2C)C(CCCC(C1C=CC=CC=1)=O)=O,0.01719346484169364
O=C(NC1=C(OC2=CC=CC=C2)C=CC=C1)CSC1SC(NC2CC2)=NN=1,0.0069487679051235315
C1(CC(=O)N[C@H]2CC[C@@H](CC2)O)C2C=CC=CC=2CCC2=CC=CC=C12,0.006594614870846271
C12C(C)=C(SC=1N=C(N=C2N1CCCCC1)C)C(NCCC1C=CC=CC=1Cl)=O,0.005159703944809735
C12C=C(CNC(=O)[C@@H]([C@H](C)CC)N)C(=NC=1CN(C1CCCC1)C2=O)OC,0.009630652866326273
O=C(NC1=CC=C(N2CCCCC2)C=C1)CSC1SC(NC2CC2)=NN=1,0.00748141398653388
C12C(C)=C(SC=1N=C(N=C2N1CCCCC1)C)C(=O)NCC1C=CC(=CC=1)CC,0.006518670939840376
N1(C2CCCC2)CCC(CC1)CN(CC1CCCO1)CC1C=CC=C(OCC)C=1,0.020154873374849558
N12C=CSC1=NC=C(C(=O)NCC1=CC=CC(Cl)=C1)C2=O,0.0046551445266231894
COC1=C(F)C=C(C(COC(CCC2=CC=C(S(N)(=O)=O)C=C2)=O)=O)C=C1,0.010439808620139957
CC(C(C(NC(N)=O)=O)OC(C(C1SC=CC=1)=CC1=CC(C)=CC=C1)=O)C,0.0025107252295129
N1(C=CC=C1CN1CCC2(CCCN(CC3C=CC=C(F)C=3F)C2)C1)C1N=CC=CN=1,0.008799347234889865
CC(C(N1C2=C(C=CC=C2)CC1)=O)OC(C1(CCCC1)CC1NC2=C(C=CC=C2)N=1)=O,0.00510929359588772
C1(=CC(=CC2NC=NC1=2)C(F)(F)F)C1C=C(F)C=C2CC(CN)OC=12,0.002649464056594297
FC1=CC=C(NC(COC(C=CC2=CC(Cl)=C3C(OCO3)=C2)=O)=O)C=C1,0.005778315709903836
COC(C1=CC=C(NC(COC(C=CC2=CC(Cl)=C3C(OCO3)=C2)=O)=O)C=C1)=O,0.007488650688901544
C1(C2(CCCC2)C2C=CC(=CC=2)C)=NOC(CN2CCN(CC2)CCOC)=N1,0.015496196923777461
CC(C(NC1=C(Cl)C=C(N(=O)=O)C=C1)=O)OC(C=CC1=CC(Cl)=C2C(OCO2)=C1)=O,0.004712015425320714
COC1=C(NC(CSC2SC(NC3=CC(F)=CC=C3)=NN=2)=O)C=C(C)C=C1,0.005099232238717377
C1(C(=O)N2CCN(CC2)C2CCCCC2)N=C2N(C=CC=C2)C=1CN1CCOCC1,0.007726685260422528
COC(CSC1SC(NC2=CC(F)=CC=C2)=NN=1)=O,0.00482003993820399
N12C=CSC1=NC=C(C(NCCCC1C=CC=CC=1)=O)C2=O,0.005386629840359092
FC1=CC=C(CSC2SC(NC3=CC(F)=CC=C3)=NN=2)C=C1,0.005313290818594396
N12C=CSC1=NC=C(C(NCCN(CC)CC)=O)C2=O,0.007009633793495595
FC1=CC(NC2SC(SC3C(=O)OCC3)=NN=2)=CC=C1,0.003798563661985099
N12C=CSC1=NC=C(C(=O)NCC1C=CC=C(C)C=1)C2=O,0.005515390587970614
CC(C(CSC1SC(NC2=CC(F)=CC=C2)=NN=1)=O)(C)C,0.007864919444546103
C1(C(=O)NCC2(CSCC2)N(C)C)NN=C(C2CC2)C=1,0.006957671931013465
FC1=CC(NC2SC(SCC(N3CCOCC3)=O)=NN=2)=CC=C1,0.004515704140067101
C1(SC=CC=1C)C(=O)C1CCCN(C2CCN(CC2)CC2=CC=CC=N2)C1,0.014825825113803148
FC1=CC(NC2SC(SCC(N3CCCCCC3)=O)=NN=2)=CC=C1,0.005596778891049326
N1(CCCCC1C(=O)NC1C=CC(=NC=1)OC1=CC=CC=C1)CC1C=NN(CC)C=1,0.005928265280090272
COC(C(SC1SC(NC2=CC(F)=CC=C2)=NN=1)C)=O,0.004980366607196629
N1(CCCC(C1)NC1=CC=CC=C1)C1CC2C(=CC=CC=2)C1,0.013755971053615212
C1(N2CCOC3=C(C=C(C4=CC=CN=C4)C=C3C2)O)=NOC(CCC)=N1,0.004676646878942847
N12C=CSC1=NC=C(C(NCCC1=CC=C(C=C1)C)=O)C2=O,0.005885584861971438
CC1=C(NC(CSC2SC(NC3=CC(F)=CC=C3)=NN=2)=O)C(C)=CC=C1,0.005844100122340023
N1(C=NN=C1)C1C=CC(=CN=1)C1=CC=CC(=C1)C1C=CN(CC2=CSC=N2)N=1,0.008292170055210591
FC1=CC(NC2SC(SCC(NCC3OC=CC=3)=O)=NN=2)=CC=C1,0.004982884344644845
C1(=CC=NN1C1CCN(CC1)CCC(N)=O)NC(=O)NC1C=CC=C(F)C=1,0.002922291518189013
N12C=CSC1=NC=C(C(=O)NCC1C=CC=C(OC)C=1)C2=O,0.005447914241813123
C1(=NC=CC=C1CNC(=O)C1=CC=C(C=C1)CO)N(C)CCC1C=CC=CN=1,0.003793590050190687
COC1=CC(NC(CSC2SC(NC3=CC(F)=CC=C3)=NN=2)=O)=C(OC)C=C1,0.005388420494273305
N1(CCNC(C(O)=O)C1)C(=O)CC1C=CC(=CC=1)C1C=CC=CC=1,0.0048823083634488285
FC1=CC(NC2SC(SCC(NC3=CC(S(N4CCCC4)(=O)=O)=CC=C3)=O)=NN=2)=CC=C1,0.004056755674537271
N1C(CCOC)=NOC=1CN1CC(C1)C1C=CN=CC=1,0.008933086600154638
FC1=CC(NC2SC(SCC(NC3=C(C(F)(F)F)C=CC=C3)=O)=NN=2)=CC=C1,0.004109495598822832
C1(CC(=O)N2CCC(CC2)N2CCCC2=O)=C(C)NC2=C(C=C(C)C=C12)C,0.006038633338175714
CC1CN(C(CSC2SC(NC3=CC(F)=CC=C3)=NN=2)=O)CCC1,0.005112642841413617
C1(=CC(=NO1)CC)C1=NC=CN1CCN1CCC2=CC=CC=C12,0.008537337696179748
N1(C2C=CC=C(C)C=2)C(SCC(O)=O)=NN=C1CN(C)S(C)(=O)=O,0.003821480891201645
CCN(C(CSC1SC(NC2=CC(F)=CC=C2)=NN=1)=O)CC,0.004990866174921393
C12N=CC(=CN1N=CC=2C1=CC=CC=C1)CN1C[C@@H](C[C@H]1C(OC)=O)N(C)C,0.008541876496747137
N12C=CSC1=NC=C(C(=O)NCC(C)C1C=CC=CC=1)C2=O,0.006062805512920022
FC1=CC(NC2SC(SCC(NC3C4=C(C=CC=C4)CCC3)=O)=NN=2)=CC=C1,0.007259539072401821
C1(C(=O)N2CCCN(C)CC2)=C(CNC(CCSC)C(OC)=O)N2C(SC=C2)=N1,0.005066121718846262
FC1=CC(NC2SC(SCC3OC(C4=C(Br)C=CC=C4)=NN=3)=NN=2)=CC=C1,0.0063451605150476095
C1(=CSN=N1)C(=O)N1CCOC(CCCC2=CC=CC=C2)C1,0.009806576138362288
CC1ON=C(NC(CSC2SC(NC3=CC(F)=CC=C3)=NN=2)=O)C=1,0.004635909746866673
C(=O)(C1CCN(CC1)C1CCN(CC1)CC1=CC=CC(C)=N1)N(C)CCO,0.006620883336290717
N12C=CSC1=NC=C(C(=O)NC1CCN(CC1)CC1C=CC=CC=1)C2=O,0.005667676893062889
C1(C(=O)N2CCC(CC2)(O)CC2C=CC=CC=2)OC(=NN=1)COC,0.006359465839341283
O=C(NCC1OCCC1)CSC1SC(NC2CC2)=NN=1,0.008135080244392157
C1(C=C(ON=1)CN(C)CC1C=CC=CC=1)C(=O)NC(C)C1CCN(CC1)C,0.009371333662420512
N12C=CSC1=NC=C(C(=O)NCC1=CC=C(C)O1)C2=O,0.00581202944740653
N1(CC2ON=C(COC)N=2)C=NC(C2C=CC=CC=2)=C1C(C)=CCC,0.00798901505768299
CN(C(CSC1SC(NC2=CC(F)=CC=C2)=NN=1)=O)C,0.004812674806453287
C1(=NC=CN1CC1CCN(CC1)C(C)C)C1=CN=C(N=C1)NC(C)C,0.006059184623882175
CC1N(CC2OCCC2)C(C)=C(C(CSC2SC(NC3=CC(F)=CC=C3)=NN=2)=O)C=1,0.008947913534939289
N12C=CSC1=NC=C(C(=O)NCC1C=CC=CC=1Br)C2=O,0.006304573034867644
C1(=O)C(CCCN1CC1CCCCC1)(CNCC1C=C(ON=1)C)O,0.011800540704280138
CCOCCCNC(CSC1SC(NC2=CC(F)=CC=C2)=NN=1)=O,0.0044547280762344595
C1(C#N)C(N)=NC(=CC=1C1=CC=C(C(OC)=C1)OC)C1C=CC=C(F)C=1,0.004813921719323844
N12C=CSC1=NC=C(C(NCCC1=CC=C(C(OCC)=C1)OCC)=O)C2=O,0.006862648599781096
C(C(=O)N(C)CC1=CC=CN=C1)C1C(=O)NCCN1CC1C=CC(=CC=1)OCC,0.006425472162663937
N1(CCC(CC1)OC1=CC=C(C=C1)C(=O)NCC(OC)=O)C(=O)CCOC,0.0068894685478881005
N12C=CSC1=NC=C(C(NCCC1C=CC=C(C)C=1)=O)C2=O,0.005884918663650751
C(=O)(N(C)CCN1CCOCC1)CC(C1=CC=CC=C1)C1=CC=C(C=C1)Cl,0.010982357896864414
C1(=CC(C2C=NN(C)C=2)=NC2=C(C(C)=CC=C21)C)C(=O)N(C)CC1=NN=CN1CC,0.008873609639704228
COC(CNC(CSC1SC(NC2=CC(F)=CC=C2)=NN=1)=O)=O,0.004329627216793597
[C@@H]1(CN(C[C@@H]1O)CC1=CC=C(C(OC)=C1)OCC1C=CC=CC=1)N1CCOCC1,0.00495529305189848
C(=O)(N1CCN(CC1)C1CCOCC1)C1CCCN(C2CCCCC2)C1,0.01628956338390708
N12C=CSC1=NC=C(C(=O)NCC1C=C(C)C=CC=1C)C2=O,0.006022696290165186
CC1N(C(CSC2SC(NC3=CC(F)=CC=C3)=NN=2)=O)CCCC1,0.004826112324371934
S(C)(=O)(=O)CC(=O)NC1=CC=CC(=C1)NC(CC1C=CC=CC=1)=O,0.004545724426861852
CCCN1C(=O)N(C)C(=O)C(C(CSC2SC(NC3=CC(F)=CC=C3)=NN=2)=O)=C1N,0.0054074288578704
N1(C2C=CC=C(C)C=2C)N=CC2C(CCCC=21)NC(CSC1=NN=C(C)S1)=O,0.009295367589220404
COC1=CC(NC(C(SC2SC(NC3=CC(F)=CC=C3)=NN=2)C)=O)=C(OC)C=C1,0.00567819916177541
C1(CN(CC)CC2C=CC3C(=C(C=CC=3)O)N=2)C=NN(CC)C=1,0.005559011036530137
FC1=CC(NC2SC(SCC(NN3C(=O)C4(CCCCC4)NC3=O)=O)=NN=2)=CC=C1,0.0011748331278795376
OC(C(NC(CSC1SC(NC2=CC(F)=CC=C2)=NN=1)=O)CC1C2=C(C=CC=C2)NC=1)=O,0.0028891409863717856
C12CN(CCC=1ON=C2C1C=CC(=CC=1)Cl)CC(N)=O,0.00575901959091425
CC(C(N1CCCC1)=O)SC1SC(NC2=CC(F)=CC=C2)=NN=1,0.005489387852139771
C12CN(CCN3C=CN=C3CC)CCC=1NN=C2C1C=CC(=CC=1)C(F)(F)F,0.002895140484906733
FC1=CC(NC2SC(SCCN3CCOCC3)=NN=2)=CC=C1,0.005000522709451616
N1=C(CNC(C)CSCC)ON=C1C1=CC=CN=C1,0.006367403571493924
CC(C(N)=O)SC1SC(NC2=CC(F)=CC=C2)=NN=1,0.004263241111766547
N12C=CSC1=NC=C(C(NCCCN1CCCCC1)=O)C2=O,0.005553546478040516
CC1=NN(C2=CC=CC=C2)C(NC(CSC2SC(NC3=CC(F)=CC=C3)=NN=2)=O)=C1,0.004454287269618362
C12=NON=C1N=C(C(N(C)CCOC)=N2)NCC1C=CC=CC=1,0.006144997221417725
N12C=CSC1=NC=C(C(=O)NCC1C=CC=CC=1F)C2=O,0.0045293128467164935
N12C=CSC1=NC=C(C(=O)NCC1C=C(OC)C(=C(OC)C=1)OC)C2=O,0.0067882275907322764
C1(=CN=C(C=N1)C)C(NCCC1CN(CCO1)CC(C)C)=O,0.007601077388972044
N12C=CSC1=NC=C(C(=O)NCC1=CC=CC=C1OCC)C2=O,0.005835932586342097
CC1=C(C)C(NC(CNC(CSC2SC(NC3=CC(F)=CC=C3)=NN=2)=O)=O)=CC=C1,0.005394317791797221
N1(C=CC=N1)C1C=CC(=CC=1)CN(CC1=CC=CN=C1)CC1C=CSC=1,0.011141609074547887
CC1=C(NC(CNC(CSC2SC(NC3=CC(F)=CC=C3)=NN=2)=O)=O)C(C)=CC=C1,0.005638108635321259
N1C(Cl)=C(N2C=CSC=12)CN(CCN(C)C)CC1=CC=CC=C1C,0.00865548683796078
FC1=CC(NC2SC(SCC(NC3=CC4=C(OCCCO4)C=C3)=O)=NN=2)=CC=C1,0.00549713484942913
S(C)(=O)(=O)N1CCC(CC1)OC1=CC=CC(=C1)C(=O)N1CCCCC1CCOC,0.006793259782716632
N12C=CSC1=NC=C(C(=O)NCC1=CC=C(C(OCC)=C1)OC)C2=O,0.006304368935525417
CCCCN1C2=C(C=C(S(N)(=O)=O)C=C2)N=C1CSC1SC(NC2=CC(F)=CC=C2)=NN=1,0.0038647802197374404
N12C=CSC1=NC=C(C(=O)NCC1C=CC(=CC=1OC)OC)C2=O,0.006005211616866291
CC1=CC=C(NC(CC2SC=C(CSC3SC(NC4=CC(F)=CC=C4)=NN=3)N=2)=O)C=C1,0.005103985616005957
C1(=CSC(C)=N1)C(=O)N(C)CC1ON=C(C2=CC=NC=C2)C=1,0.006449666153639555
CC(C(C1=CC=C(F)C=C1)=O)SC1SC(NC2=CC(F)=CC=C2)=NN=1,0.008356322534382343
C1(=NC=CC2OC=CC1=2)N1CCC(CC1)(CC1=CC=CC=C1)C(O)=O,0.005873618484474719
N12C=CSC1=NC=C(C(=O)NCC1C=CC(=CC=1)OCC)C2=O,0.005628325697034598
FC1=CC(NC2SC(SCC(N3C(=O)NCC3)=O)=NN=2)=CC=C1,0.0011147497309138999
N12C=CSC1=NC=C(C(=O)NCC1=CC=C(C=C1)N(C)C)C2=O,0.005162964877672494
COC1=C(N(C2SC=C(CSC3SC(NC4=CC(F)=CC=C4)=NN=3)N=2)C(C)=O)C=CC=C1,0.00551938742864877
C1(CN2CCN(C(CCO)C2)CC2=CC=C(C(C)=C2)OC)=CN(N=C1C)C,0.006504293181933463
FC1=CC(NC2SC(SCCN3S(=O)(=O)C4=C(C=CC=C4)C3=O)=NN=2)=CC=C1,0.004386881878599524
N1=NC2C(=CC=CC=2)N1C1CCN(CC1)C[C@@H]1CCCN2CCCC[C@@]21[H],0.011966180382296443
CCOC1=CC2=C(N(C(C=C2C)(C)C)C(CSC2SC(NC3=CC(F)=CC=C3)=NN=2)=O)C=C1,0.0067606751108542085
N1=C(C2=CC=CC(OC3=CC=CC=C3)=C2)OC(C)=C1CN1CCN(CC1)C(=O)C1=CC=CO1,0.005972830089740455
CN1C2=C(N(C(N(C2=O)CCCSC2SC(NC3=CC(F)=CC=C3)=NN=2)=O)C)N=C1,0.0034611010341905057
C1(CN(C)CC2CCOCC2)=CN(N=C1C1=CC2=C(C=CC=C2)O1)CC1=CC=CC=C1,0.014517401112243533
N12C=CSC1=NC=C(C(NCCN1CCN(CC1)C1C(C)=CC=C(Cl)C=1)=O)C2=O,0.0049940224620513615
N12C=CSC1=NC=C(C(NCCC1=CC=CS1)=O)C2=O,0.005240104300901294
FC1=CC(NC2SC(SCC(C3=CC=C(S(N4CCCC4)(=O)=O)C=C3)=O)=NN=2)=CC=C1,0.005964762740768492
N12C=CSC1=NC=C(C(NCCC1=CC=CO1)=O)C2=O,0.005442405841313303
FC1=CC(NC2SC(SCC(NC3N(C4CCCC4)N=CC=3)=O)=NN=2)=CC=C1,0.00566953825764358
N12C=CSC1=NC=C(C(NCCC1=CC=C(C=C1)SC)=O)C2=O,0.005721174972131848
FC1=CC(NC2SC(SCC(NC3=C(C(NC4CC4)=O)C=CC=C3)=O)=NN=2)=CC=C1,0.005694297817535698
N1=CC=CC2=CC(CN(C)C[C@H]3CC[C@H](CC3)N)=CC=C21,0.01392947561107576
CC(C(C1=CC=C(NS(C)(=O)=O)C=C1)=O)SC1SC(NC2=CC(F)=CC=C2)=NN=1,0.005429518478922546
N1=C(CNC(C)CCN2C=CC=N2)C2=C(CCCCC2)N1,0.010923148272559047
CC(NCC1=CC=C(C(CSC2SC(NC3=CC(F)=CC=C3)=NN=2)=O)C=C1)=O,0.006902891537174582
CCC1=C(N(C2SC=C(CSC3SC(NC4=CC(F)=CC=C4)=NN=3)N=2)C(C)=O)C=CC=C1,0.006016225437633693
N1=C(C)NN=C1CNC(=O)C1CCCN(C2CCN(CC2)CC2C=CC=CC=2)C1,0.005861807009205222
C1(ON=C(CNC(=O)C2C=C(ON=2)C(C)C)N=1)C1C(=CC=CC=1F)F,0.00665475211571902
N12C=CSC1=NC=C(C(=O)NCC1=CC=CC=C1C)C2=O,0.005534438090398908
C1(ON=C2C=CC=CC=12)C(=O)N1CCCN(C)C2(CCN(CC2)C)C1,0.009744316712021828
N1(CCNC(=O)C1CC(=O)NCC1=CC=C(C=C1)N1C=NC=N1)CC1=CC=CC=C1OCC,0.004831334901973605
FC1=CC(NC2SC(SCC(N3C(C4SC=CC=4)CCC3)=O)=NN=2)=CC=C1,0.005665444117039442
N1(C(=O)CCN2C(C)=CC=N2)C[C@H]([C@H]2N3CCC(CC3)[C@H]21)C1C=CC=CC=1,0.00885165559593588
CCOC(CSC1SC(NC2CC2)=NN=1)=O,0.008048204658553004
C1(=NC=C(CN2CCC3=C(C=CS3)C2)N1CCOC)S(=O)(=O)CC(C)(C)C,0.007328407489694655
N12C=CSC1=NC=C(C(=O)NCC1C=CC(=CC=1)OC(C)C)C2=O,0.0062147915130481126
C1(=NC=C(CN(C)CC2C=C(NN=2)C2CC2)N1CCOC)S(=O)(=O)CC(C)(C)C,0.004967970191501081
N12C=CSC1=NC=C(C(=O)NCC1=CC=CC(F)=C1)C2=O,0.00455126486485824
C1(C=CN=CC=1Cl)C(=O)NCC1CCCN(CC2=CC=CO2)C1,0.00704936683177948
OCCSC1SC(NC2CC2)=NN=1,0.004264267708640546
N1(CC)C(CC2CCN(CC2)C(CCC2C=NC=CN=2)=O)=NN(C)C1=O,0.006554753193631769
N1(C[C@H](C[C@H]1C(NCC)=O)N)C(=O)CCC1C=CC=CC=1Cl,0.007681143516674638
N12C=CSC1=NC=C(C(NCCC1C=CC=CC=1Cl)=O)C2=O,0.0048616438522003595
N1(CCC(CC1)CCC(=O)NC1CCN(CC2C=CC=CC=2)C1)C1CCSCC1,0.012821395136415958
N12C=CSC1=NC=C(C(=O)NC(C)C1C=CC3=C(OCCO3)C=1)C2=O,0.006428371276706457
N#CCSC1SC(NC2CC2)=NN=1,0.005405683785574311
N1=C(CNCCOC)ON=C1C1=CC=C(C=C1)C(O)=O,0.0035867721890099347
CC1N2C(=NC(=CC2=O)CSC2SC(NC3CC3)=NN=2)C=CC=1,0.005593840405344963
C12C(NCCC3=CC=C(C(OC)=C3)O)=NC=NC=1OC(C)=N2,0.0030335922143422066
O=N(C1=CC=C(CSC2SC(NC3CC3)=NN=2)C=C1)=O,0.004477206699084491
N12C(C)=CSC1=NC=C(C(=O)N1CCN(C(C)C1)C1=CC=CC(C)=C1)C2=O,0.006919547566212714
C1(CN2CCC(CC2)(CO)CC2=CC=CC=C2Cl)=CC2=C(C=CC=C2)O1,0.00626571353059262
N12C(C)=CSC1=NC=C(C(=O)N1CCC3(CC1)OCCO3)C2=O,0.006895161559805274
C(C1=CC=CC=C1)SC1SC(NC2CC2)=NN=1,0.008868460170924663
C12(CCCN(CC3=CC=C(C(F)=C3)F)C1=O)CCN(C1CC3C(=CC=CC=3)C1)C2,0.011000050930306315
NC(CSC1SC(NC2CC2)=NN=1)=O,0.007593924272805452
N12C(C)=CSC1=NC=C(C(=O)NCC1C=C(OCC)C(=C(OCC)C=1)OCC)C2=O,0.007504161424003541
N1(CCCC(CNC(COC2=CC=CC=C2OC)=O)C1)CC=CC1=CC=CC=C1OC,0.01012954288162291
CC(CSC1SC(NC2CC2)=NN=1)=O,0.011556157935410738
N12C(C)=CSC1=NC=C(C(=O)NC1C=CC(=CC=1)Cl)C2=O,0.004560377460438758
COC(CSC1SC(NC2CC2)=NN=1)=O,0.008509543491527438
N12C(C)=CSC1=NC=C(C(NCCC1C=CC(=CC=1)Cl)=O)C2=O,0.005317412177100777
CN(CCSC1SC(NC2CC2)=NN=1)C,0.009713150281459092
CC(C(CSC1SC(NC2CC2)=NN=1)=O)(C)C,0.013006827514618634
N12C(C)=CSC1=NC=C(C(NCCN(C)C)=O)C2=O,0.0058928973274305465
N1(CCC[C@H]1C(OC)=O)CCC(=O)NC1=CC=CC=C1OCC,0.006406268570572138
ClC1=CC(CSC2SC(NC3CC3)=NN=2)=CC=C1,0.007493883487768471
N1(CCC(CNC(=O)C2CCC(CC2)OC)C1)C1=CC=C(C=C1)C,0.013640629593282938
ClC1=C(CSC2SC(NC3CC3)=NN=2)C=CC=C1,0.007470432529225945
N1(C=CC=N1)C1=CC=CC(=C1)OC1=CC=CC=C1CN1CCN(CC1)C,0.00870502982288599
FC1=CC=C(C(CCCSC2SC(NC3CC3)=NN=2)=O)C=C1,0.008716830518096685
N1C2C=C(C=CC=2SC=1N)C1C=CC(=CC=1)S(C)(=O)=O,0.0051090680994093415
N12C(C)=CSC1=NC=C(C(=O)NC1C=CC=C(C=1)C(OCC)=O)C2=O,0.005696824076585472
N12C(C)=CSC1=NC=C(C(NCCCC1C=CC=CC=1)=O)C2=O,0.005776644288562238
C1(C2=CC=C(C=C2)Cl)(C(=O)NCC2CCCN(CC#CC3C=CC=CC=3)C2)CC1,0.009546960494481027
BrC1=CC=C(C(CCCSC2SC(NC3CC3)=NN=2)=O)C=C1,0.011705477023497224
N1(CC(=O)N2CCCC(COC3C=CC=CC=3F)C2)N=NN=C1CN(C)C(C)C,0.006071474007330835
CC(N(C1=CC=CC=C1)C(CSC1SC(NC2CC2)=NN=1)=O)C,0.008224723651073873
C1(=CC=C(C=C1OC1CCN(CC1)C(=O)C1CCOC1)OC)C(=O)N1CCCC1,0.010523234959691763
N1C2C=C(OC)C=CC=2OC=1CNC(=O)CN1CCCCCC1,0.006104455911554396
C(N)(=O)[C@H](CC1=CC=CC=C1)NCC1=CC=CC(=C1)OCC(C)=C,0.00811902484856546
N1=C(C2C=CC(=CC=2)CN2CC[C@@H](O)C2)NC(C=C1C1=CSC(C)=N1)=O,0.0015489871439058334
N12C(C)=CSC1=NC=C(C(=O)NCC1C=CC=C(C)C=1)C2=O,0.006106850667856633
O=N(C1=CC(CSC2SC(NC3CC3)=NN=2)=CC=C1)=O,0.004054464015644044
N12C(C)=CSC1=NC=C(C(NCCC1=CC=C(C=C1)C)=O)C2=O,0.0065612653503194455
O=C(N1CCOCC1)CSC1SC(NC2CC2)=NN=1,0.006492298631928861
N12C(C)=CSC1=NC=C(C(NCCN1CCCCC1)=O)C2=O,0.005862600496038794
N1=CNC=C1CCNC(=O)C1=CC=C(C=C1)CN1CCCCC1,0.0037170760915614665
O=C(N1C2=C(C=CC=C2)CCC1)CSC1SC(NC2CC2)=NN=1,0.008315143175423145
N1(C=CC=N1)C1=CC=CC(=C1)NC(=O)C1CCCN(CC2=CC=C(C(OC)=C2)F)C1,0.0062821632716804745
N12C(C)=CSC1=NC=C(C(=O)NCC1C=CC=C(OC)C=1)C2=O,0.005813696258701384
O=C(NC(C1=CC=CC=C1)C1=CC=CC=C1)CSC1SC(NC2CC2)=NN=1,0.008386979252099991
N12C(C)=CSC1=NC=C(C(=O)NCC1=CC=C(C=C1)F)C2=O,0.004848805628716946
N1C(CNC(CCC(=O)NC2=C(C)C=C(C=C2C)C)=O)=CSC=1N,0.005233905499335378
N1NC=CC=1C1C=CC=C(C2C=CC=C(CNCCCO)C=2)C=1,0.003119729709578678
N12C(C)=CSC1=NC=C(C(=O)NC1CCCC3C=CC=CC1=3)C2=O,0.008839583909139036
C1(C(COC)NCC2=CNN=C2C2=CC=C(C=C2)F)=CC=NN1C,0.005053383111953735
FC1=C(NC(CSC2SC(NC3CC3)=NN=2)=O)C(F)=CC=C1,0.005801174580119551
N1(CC2=CC=C(C=C2)Cl)CC(CCC1=O)C(=O)NCC1=CC=C(C)S1,0.006495730974711478
N12C(C)=CSC1=NC=C(C(=O)NCC(C)C1C=CC=CC=1)C2=O,0.006683309236541391
C1(C2=CC=CS2)=CN(C=N1)C[C@@]1(CCCN2CCCC[C@@]21[H])O,0.00748874805867672
O=C(NC1=CC2=C(OCO2)C=C1)CSC1SC(NC2CC2)=NN=1,0.006903818063437939
O=C(N1CCC(CC2=CC=CC=C2)CC1)CSC1SC(NC2CC2)=NN=1,0.008275235816836358
N12C(C)=CSC1=NC=C(C(=O)NC1CCN(CC1)CC1C=CC=CC=1)C2=O,0.0060664921067655085
ClC1=C(NC(CSC2SC(NC3CC3)=NN=2)=O)C=C(S(N2CCCCC2)(=O)=O)C=C1,0.004587241436820477
N12C(C)=CSC1=NC=C(C(=O)NC1C=CC(=C(F)C=1)C)C2=O,0.004947079753037542
CC1=C(NC(CSC2SC(NC3CC3)=NN=2)=O)C=C(S(N2CCOCC2)(=O)=O)C=C1,0.0044956203317269685
N12C(C)=CSC1=NC=C(C(=O)NCC1=CC=C(C)O1)C2=O,0.00624065010342747
C1(C=C(NN=1)COC1C=CC=CC=1OC)C(=O)N(C)CC1=NOC(C)=N1,0.005808000708930195
N12C(C)=CSC1=NC=C(C(=O)NC1=CC=C(C=C1)C)C2=O,0.005505134724080563
N1C2CCCCC=2C(=NC=1CCNC(=O)C(CC)NC1C=CC=C(OC)C=1)C,0.008471915498375893
FC(C1=CC(NC(CSC2SC(NC3CC3)=NN=2)=O)=C(N2CCOCC2)C=C1)(F)F,0.004740115907043219
C1(=CC=C(N=C1)C1C=CC=C(F)C=1)C(NCCC1COC2C(=CC=CC=2)O1)=O,0.006085098278708756
O=C(NC1=CC=C(S(N2CCOCC2)(=O)=O)C=C1)CSC1SC(NC2CC2)=NN=1,0.0046238427516072985
C1(OC(=C(CN2CCCC(C2)C(=O)C2=CC=CN=C2)N=1)C)C1C=CC=C(OC)C=1OC,0.009160987148061395
O=C(NC1=CC=C(S(N2CCCC2)(=O)=O)C=C1)CSC1SC(NC2CC2)=NN=1,0.0053732643835246565
N1C(N)=C(C)C=NC=1N1CCC(CC1)N1CCCC(C1)C(=O)N1CCCC1,0.007011933415196836
C1(C2=CC=CC=N2)NC(=NC=1C1C=CC(=CC=1)C)CNC(=O)[C@H](C)NC(C)=O,0.0033016395929735152
N12C(C)=CSC1=NC=C(C(=O)NCC1C=CC=CC=1Br)C2=O,0.00688400196377188
N1(CC2CCCCC2)CC(CCC1=O)C(=O)N1CCN(CC1)C1C=CC(=CC=1)O,0.005265463190153241
CC1=C(S(N2CCOCC2)(=O)=O)C=C(NC(CSC2SC(NC3CC3)=NN=2)=O)C=C1,0.004746211948804558
N1(C2CCCCCC2)CC(CC1=O)NC(C1CCC1)=O,0.017516725789755584
N1(C2=CC=CC=C2OC)C=C(C=N1)C1CCN(CC=1)CCNC(N)=O,0.004717161250300706
N1(C=CC=N1)C1=CC=C(C=C1)N1CCC(CC1)NCC1=CN=CN1CCOC,0.006078005535528064
N#CCCSC1SC(NC2CC2)=NN=1,0.004679415316149971
C1(=NC=CC=C1CNC(=O)CC1=CC=CC=N1)OC1C=CC=CC=1OC,0.007742066169157624
N12C(C)=CSC1=NC=C(C(NCCC1=CC=C(C(OCC)=C1)OCC)=O)C2=O,0.007426734478212893
O=C(N1CCCC1)CSC1SC(NC2CC2)=NN=1,0.007912256056442857
N12C(C)=CSC1=NC=C(C(NCCC1C=CC=C(C)C=1)=O)C2=O,0.006503363698720932
C1(=NC=CN1C1C=CC(=CC=1)C1NC(=NN=1)C)C1=CC=NC(C(C)C)=N1,0.004712493356782943
N12C(C)=CSC1=NC=C(C(=O)NC(C)CC1=CC=CO1)C2=O,0.006339977425523102
N1(C2=CC=CC=C2F)C=C(C=N1)CN1CCN(C(CCO)C1)CCCC1C=CC=CC=1,0.004365938669070602
N1(CCC(CC1)NC(C)CC1C=NC=CN=1)C1=CC=CC(C2C=CC=CC=2C)=C1,0.01011072900146246
N12C(C)=CSC1=NC=C(C(=O)NCC1C=C(C)C=CC=1C)C2=O,0.0067080130567774175
N1=C(C2=CC=C(N=C2)N2CCN(CC2)C(OCC)=O)ON=C1C1CC1,0.00613158973865211
O=C(C1=CC=CC=C1)CSC1SC(NC2CC2)=NN=1,0.011328792991116643
C(=O)(NCC1CCN(CC2C=CC=NC=2)C1)C1C=CC(=C(OC)C=1)C,0.008763653761707246
N12C(C)=CSC1=NC=C(C(NCCN1CCCCCC1)=O)C2=O,0.007324604387395084
C1(CN(CC(C)C)CC2C=CC=C(N=2)C(OC)=O)SC=CC=1C,0.009978936426341534
O=C(C1=CC2=C(OCC(N2)=O)C=C1)CSC1SC(NC2CC2)=NN=1,0.008646467979997397
ClC1=CC=C(NC(CSC2SC(NC3CC3)=NN=2)=O)C=C1,0.006079458305612207
N12C(C)=CSC1=NC=C(C(NCCN1CCCC1)=O)C2=O,0.0062030274886637924
CC1N(C)N(C2=CC=CC=C2)C(=O)C=1NC(CSC1SC(NC2CC2)=NN=1)=O,0.005842360947281122
N12C(C)=CSC1=NC=C(C(NCCN1CCN(CC1)CC)=O)C2=O,0.006392907025292516
C(=O)(N(CC1C=CC=CC=1)CC(C)CO)C1SC=CC=1C,0.004856598423793912
N12C(C)=CSC1=NC=C(C(=O)NCC1C=C(OC)C(=C(OC)C=1)OC)C2=O,0.006761080888099969
N1C(C)=NOC=1C1=CC=C(C=C1)CNC(C(C)C)=O,0.008020803588442505
N12C(C)=CSC1=NC=C(C(=O)NCC1=CC=CC=C1OCC)C2=O,0.006380308466032147
C1(=CC(C2C=NNC=2)=NC2=CC(F)=CC=C21)C(=O)N1CCCN(C(C)C)CC1,0.004357660247478634
O=C(C1=CC=C(C2=CC=CC=C2)C=C1)CSC1SC(NC2CC2)=NN=1,0.011110812751576304
C1(C2C=CNN=2)=C(C)C2C=CC=CC=2NC1=O,0.0046636074897833165
O=C(NC1=CC=C(OC2=CC=CC=C2)C=C1)CSC1SC(NC2CC2)=NN=1,0.006907018087804318
N12C(C)=CSC1=NC=C(C(=O)NCC1=CC=C(C(OCC)=C1)OC)C2=O,0.006704640248790384
COC1=CC=C(NC(C2=CC=C(NC(CSC3SC(NC4CC4)=NN=3)=O)C=C2)=O)C=C1,0.006673978152684867
N12C(C)=CSC1=NC=C(C(NCCCN1CCN(CC1)CCC)=O)C2=O,0.0064335426082834605
N1C(CNC(=O)CC2C3=C(C)C=C(C=C3NC2=O)C)=NOC=1C1=CC=CO1,0.0077251560054719445
COC1=CC=C(C2N(C(CSC3SC(NC4CC4)=NN=3)=O)N=C(C3=CC=CC=C3)C2)C=C1,0.006643228163011372
C1(CCOC1)(CN1CCN(CC1)C1=CC=C(C=N1)C#N)C1=CC=CC(F)=C1,0.005557789781596512
ClC1=CC=C(C2CC(C3OC=CC=3)N(C(CSC3SC(NC4CC4)=NN=3)=O)N=2)C=C1,0.006197664444334805
C12=C(CCN(C1)C1=NC=NC3NC=NC1=3)NN=C2C1=CC(F)=CC(F)=C1,0.003424732480198145
N12C(C)=CSC1=NC=C(C(NCCN1CCN(CC1)C)=O)C2=O,0.005776663101278246
C1(=CN=NN1C1C=CC=CC=1)C(=O)NC1C2=CC=CC=C2NC(=O)C1,0.005441795801743865
[C@@H]1(NC(=O)C2(CCNCC2)OC2=CC=C(N=C2)C)C[C@H]1C1C=CC=CC=1,0.006940144486725331
O=C1C2=C(C=CC=C2)N=NN1CSC1SC(NC2CC2)=NN=1,0.005610166466794908
N1=C(C2=CC(OC)=C3C(OCO3)=C2)OC(C)=C1CN1C=NC(C)=N1,0.007588794990442693
N1(CCOC(CCCC2=CC=CC=C2)C1)C(CCC1=CC=CS1)=O,0.010086661064997315
O=C(N1CCN(CC2=CC=CC=C2)CC1)CSC1SC(NC2CC2)=NN=1,0.006775847123935819
C1(=NC=CC=C1CNCC1=CC=CC2=C1OCO2)N(C)C1CCCCC1,0.009766385843977331
BrC1=CN2C(=NC(=CC2=O)CSC2SC(NC3CC3)=NN=2)C=C1,0.006237426167353987
C1(C(NCCCN2C3=CC=CC=C3C=C2)=O)C=C(ON=1)COC1=CC=CC(C(C)=O)=C1,0.009341939864680172
N12C(C)=CSC1=NC=C(C(=O)NCC1C=CC(=C(OC)C=1)OCC)C2=O,0.0067122075473889705
N1N(CC2CCCN(C2)C(=O)C2=CC=C(SCC)S2)C=C(CN)N=1,0.007515874598175288
CCOC1=CC2=C(N=C(S2)NC(CSC2SC(NC3CC3)=NN=2)=O)C=C1,0.006308697676286101
S(=O)(=O)(N1CCCCC1)N1C[C@@H](C[C@H]1C(NC)=O)N,0.007693101605400443
N12C(C)=CSC1=NC=C(C(=O)NCC1=CC=C(C=C1)SC)C2=O,0.0058229021728038784
C(=O)(CCC(C1C=CC=CC=1)=O)N(C)CC1CCCN(CCC2=CC=C(C=C2)Cl)C1,0.013234277395531535
C1(C(O)=O)=NNC=C1CN(C)CC1SC=CC=1C,0.0033072160673327743
ClC1SC(C(CSC2SC(NC3CC3)=NN=2)=O)=CC=1,0.010684208665043115
N12C(C)=CSC1=NC=C(C(=O)NCC1C=CC(=CC=1OC)OC)C2=O,0.006014260789379477
N1(CCN(CC1CCO)CC1=CC=CC=C1OCC)CC1=CC=CC(C)=N1,0.005888954852707684
CN(S(C1=CC(NC(CSC2SC(NC3CC3)=NN=2)=O)=CC=C1)(=O)=O)C1=CC=CC=C1,0.004715217836201191
N12C(C)=CSC1=NC=C(C(=O)NCC1C=CC=C(OC)C=1OC)C2=O,0.0065909639932215216
C(=O)(C1=CC=C(C=C1)OCC(C)=C)N(CCOC)C(C)C,0.01386496596969664
CC(C(NC1=CC(Cl)=CC=C1)=O)SC1SC(NC2CC2)=NN=1,0.006587845250032842
C1(=C(C2C=CC=CC=2)N=CN1CC1=CC(=NN1)C)C1=CC=CN1C1=NC=CC=N1,0.004775449947919697
CC1=CC(NC(C(C2=CC=CC=C2)SC2SC(NC3CC3)=NN=2)=O)=C(C)C=C1,0.008686979953199624
COC1=CC(NC(C(C2=CC=CC=C2)SC2SC(NC3CC3)=NN=2)=O)=CC=C1,0.0069575619651004676
C1(=CC(=NN1C)CC(C)C)C(=O)N1CCC(CC1)C1NN=CC=1C1=CC=CC=C1,0.005986327352002263
CC1=CC=C(CSC2SC(NC3CC3)=NN=2)C=C1,0.01005634986795485
C1(=NC=CN1C1=CC=C(C=C1)OC)C1C=CC=CC=1OCC(O)=O,0.004586563445627689
COC1=C(Cl)C=C(NC(C(C2=CC=CC=C2)SC2SC(NC3CC3)=NN=2)=O)C=C1,0.006229011924006045
N1=C(CCC(=O)N(CCC)CC#CC2=CC=CC=C2)ON=C1C1=CC=NC=C1,0.010032506473362447
CC(C(NC1=C(Cl)C(Cl)=CC=C1)=O)SC1SC(NC2CC2)=NN=1,0.007286934996955097
S(=O)(=O)(NCC1CCN(CC)C1)C1C=CC=C(C=1)C(NC)=O,0.004992033273447305
N12C(C)=CSC1=NC=C(C(=O)NCC1=CC(OC)=CC=C1OC)C2=O,0.006126180221326649
N1(CC(=O)N2CCOC(C2)C(F)(F)F)C(C)=CC(=NC1=O)C,0.004441156992106699
N12C(C)=CSC1=NC=C(C(=O)NCC1C=CC(=CC=1)OCC)C2=O,0.006186419702135027
N1(CCCC(C1)CCC1=CC=CC=C1F)C(C1=CC=NC=C1)=O,0.006898528547026217
CC1=CC(NC(C(C2=CC=CC=C2)SC2SC(NC3CC3)=NN=2)=O)=CC(C)=C1,0.008825175743550063
N1(CC(=O)NCC2=CC=CC(=C2)OC(F)(F)F)N=NN=C1CN1CCC(CC1)C,0.003215171449119225
COC1=C(NC(C(C2=CC=CC=C2)SC2SC(NC3CC3)=NN=2)=O)C=C(C)C=C1,0.007421576813794672
C(CC(C)C)(C1=CC=CN=C1)NC1CCN(CC1)CCC,0.014071373734623194
O=C1C2=C(C=CC=C2)N=C(CSC2SC(NC3CC3)=NN=2)N1,0.0037510046386159956
N12C(C)=CSC1=NC=C(C(=O)NCC1C=C(Br)C=CC=1OC)C2=O,0.006921951263211668
CC(C(NC1=CC=C(OC2=CC=CC=C2)C=C1)=O)SC1SC(NC2CC2)=NN=1,0.007338520046323538
N12C(C)=CSC1=NC=C(C(NCCN1CCN(CC1)C1C(C)=CC=C(Cl)C=1)=O)C2=O,0.005352298123762011
N1=C(C=CC(C2=CC=CC=C2)=N1)C1C=CC=C2CNCCC=12,0.010411143116652966
C(C1=C2C(C=CC=C2)=CC=C1)SC1SC(NC2CC2)=NN=1,0.0092541990801692
N12C(C)=CSC1=NC=C(C(NCCC1=CC=CS1)=O)C2=O,0.005607960605993867
NS(C1=CC=C(NC(CSC2SC(NC3CC3)=NN=2)=O)C=C1)(=O)=O,0.005848691170103848
N1C(C(C)C)=NN(C2C=CC(=CC=2)Cl)C=1C1C=CN=NC=1,0.009750703908503055
N12C(C)=CSC1=NC=C(C(NCCC1=CC=C(C=C1)SC)=O)C2=O,0.006263411999680102
N1(CC2C=CC(=CC=2)CN2CCC3(CCCNC3)C2)C=CC=N1,0.01171889049001038
N12C(C)=CSC1=NC=C(C(=O)NCC1=CC=CC(Br)=C1)C2=O,0.0068226567236706614
N1(CCN(C(CCO)C1)CCCC1C=CC=CC=1)C1CCN(CC1)C1=CC=CC=C1,0.007809213921427726
COC1=C(OC)C=C(C2N=C(NC(CSC3SC(NC4CC4)=NN=3)=O)SC=2)C=C1,0.006694626715034247
N1=C(N(C)C)C(C)=CN=C1N1CCN(CC1)CC1=CC(=NN1)C,0.004388877213932574
N12C(C)=CSC1=NC=C(C(=O)NCC1=CC=CC=C1C)C2=O,0.006145033380016684
O=C(C1=CC2=C(OCCO2)C=C1)CSC1SC(NC2CC2)=NN=1,0.010873351152986288
N1C(COC)=NOC=1CN(CC)CC1C=COC=1,0.011174113815650344
N12C(C)=CSC1=NC=C(C(=O)NCC1C=CC(=CC=1)OC(C)C)C2=O,0.0067914651008322835
C12=NC(=CN1N=C(C)S2)CCNC(=O)C1=CN(N=N1)CCN1CCOCC1,0.004773568268865347
N12C(C)=CSC1=NC=C(C(=O)NCC1=CC=CC(F)=C1)C2=O,0.005002285132650286
C1(COC2C(=CC=CC=2)O1)C(=O)N(CC=C)CC#CC1=CC=CC=C1,0.0116350875236094
O=C(C1C2=C(C=CC=C2)NC=1)CSC1SC(NC2CC2)=NN=1,0.006785019719973207
C1(C=CSC=1)CN(C)C(C)CC1C=CC=CN=1,0.01230428316630423
N12C(C)=CSC1=NC=C(C(NCCC1C=CC=CC=1Cl)=O)C2=O,0.005343104340136051
C1(=O)C(CCCN1CC1C=CC(=CC=1)F)(CNCC1=CC2C(=CC=C(F)C=2)N1)O,0.0038754594745114444
N12C(C)=CSC1=NC=C(C(=O)NC(C)C1C=CC3=C(OCCO3)C=1)C2=O,0.006977419415488839
CC(C(C1=CC=C(Cl)C=C1)=O)SC1SC(NC2CC2)=NN=1,0.010833627264946698
N1(CCCC(CNC(=O)C2C=CC=CC=2Cl)C1)C(=O)CCN1CCCCO1,0.002049252763390541
N#CC1=C(CSC2SC(NC3CC3)=NN=2)C=CC=C1,0.0065980269340798255
C1(C=NN2C=CC=NC=12)C(=O)N1CCCC(C1)C(=O)C1C=CC=C(C=1)C(F)(F)F,0.0067377760075032714
C1(=O)C(CCCN1CC1=CC(OC)=CC=C1F)(O)CNC1CCC1,0.008326456230133773
N12C(C)=CSC1=NC=C(C(=O)NCC1=CC=C(C=C1)CC)C2=O,0.006693237298168242
C1(C=CC=CC=1F)C(NCCC(=O)N(C)CC1=CC=NN1)=O,0.003380348184145987
N1(CCNC2=NC(C)=CC(C)=N2)C(C)=C(C(C)=N1)CC,0.008254949073307215
O=C(C1=CC2=C(CC3=C2C=CC=C3)C=C1)CSC1SC(NC2CC2)=NN=1,0.011718180729076266
BrC1=CC=C(OCCSC2SC(NC3CC3)=NN=2)C=C1,0.008998885285109282
N1(C2C=CC(=CC=2)F)N=C(N=C1C1=CC=C(C=C1)NC(COC)=O)C,0.004509756132028997
CC1=CC=C(NC2SC=C(CSC3SC(NC4CC4)=NN=3)N=2)C=C1,0.008203615085221827
CC(NC(CSC1SC(NC2CC2)=NN=1)=O)C,0.0073048218851909045
C1(C=COC=1C)C(=O)N1CCC(CC1)N1CCCC(C1)C(=O)N1CCN(CC1)C,0.012118300935253502
C1(C2=CC=C(C=C2)NC(=O)C2=CC=CC(N(C)C)=C2)SC2C(=CC=CC=2)N=1,0.006321368925273419
C1(=CC=C(C2CCCN2C(CCC2CCC(NN=2)=O)=O)S1)C(=O)N(C)C,0.005952226603403688
N1(CCN(CC1=O)C1CCNCC1)C1=CC(C)=CC(C)=C1,0.007154143345542252
C1(C2=CC=C(C=C2)NC(=O)C2=CC=CC=C2Br)SC2C(=CC=CC=2)N=1,0.007277728291228414
C12(CCCN(CC3C=CC(=CC=3)F)C1=O)CCN(C(=O)CN1C=CC=N1)C2,0.006957111367955804
CC(N(C(CSC1SC(NC2CC2)=NN=1)=O)CC1=CC=CC=C1)(C)C,0.009031789237633347
NC(NC(CSC1SC(NC2CC2)=NN=1)=O)=O,0.0014157447498291732
C(C1SC2=C(C=CC=C2)N=1)SC1SC(NC2CC2)=NN=1,0.007356918882578611
N1=NC(=CN1C1CCN(CC1)C(C)CN1CCOCC1)C1CCCC1,0.012862054677680135
CC(NC(CSC1SC(NC2CC2)=NN=1)=O)(C)C,0.007714224117808044
C(=O)(C1=CC=C(C=C1)OC1CCN(CC1)C(COC)=O)N(CC#C)C1CCCCC1,0.008068682113662361
C1(C2=CC=C(C=C2)NC(CC2C=CC=C(OC)C=2)=O)SC2C(=CC=CC=2)N=1,0.006236218241974711
O=C(NC1=C(C#N)C2=C(CCC2)S1)CSC1SC(NC2CC2)=NN=1,0.005684902076609433
C1(NC(=O)N2CCCN(CC2)C(=O)C2CCCO2)=NN(C(CC)=N1)C,0.0041356201516464354
NC(C1C2=C(CCCC2)SC=1NC(CSC1SC(NC2CC2)=NN=1)=O)=O,0.008122645714320243
N1(C)C(COC2=CC=C(C=C12)C(NCCOC)=O)CC(=O)N1CCC(CC1)C,0.007140330295078457
C1(CCN(CC1)CC1=CC=CC=N1)(CCC1=CC=CC=C1)C(O)=O,0.009012858127243817
N1(CCCC(C1)NC1C=CC(=C(C)C=1)C)C(=O)CC1CCN(CC1)C,0.01186411720700562
O=C1C2=C(SC=C2C2=CC=CC=C2)N=C(CSC2SC(NC3CC3)=NN=2)N1,0.0037063103052787484
C1(C2CCNCC2)(CC2=CC=CC=C2Cl)NC(NC1=O)=O,0.001853143674088642
N1(CCCCC1COC)C(=O)C1C=CC(=CC=1)OC1CCN(CC1)C(=O)C1CC1,0.01141135636717081
BrC1=CC=C(C(NNC(CSC2SC(NC3CC3)=NN=2)=O)=O)C=C1,0.004263513849582523
C1(=CC2=C(C=CC(F)=C2)N1)C(=O)N1CCC(CC1)(CO)CC1=CC=CC=C1Cl,0.002025229437276721
C1(C2=CC=C(C=C2)NC(CCC2C=CC(=CC=2)OC)=O)SC2C(=CC=CC=2)N=1,0.006801858963444829
C1(C(O)=O)=NN(C2CCC(CC1=2)NCC1=CSC(C(C)C)=N1)CC,0.008132493239827454
N1(CCN(CC1)C1CCCN(C2CCSCC2)C1)C(OCC)=O,0.009529020078480244
BrC1=CC=C(C2OC(CSC3SC(NC4CC4)=NN=3)=NN=2)C=C1,0.008846231270581484
C12=C(CCN(C(=O)C(C)N3CCCC3=O)C1)ON=C2C1=CC=C(C=C1)C(F)(F)F,0.005960912583395839
N1(C2C=CC(=CC=2C)OC)C(CNC)=NNC1=O,0.003519971948117018
CCC(NC(CSC1SC(NC2CC2)=NN=1)=O)C,0.007956413994543254
S(=O)(=O)(N1CCCC1)N1CCC2=C(N=C(NC2=O)C2C=CN=CC=2)C1,0.004556477419100702
CN(C(CSC1SC(NC2CC2)=NN=1)=O)CCC#N,0.004468783668289689
N1(CC(CC1=O)NC(=O)C1C=COC=1)CC1=CC=CC2C=CC=CC1=2,0.007622636575251818
CCNC(CSC1SC(NC2CC2)=NN=1)=O,0.006831944058649242
C1(C2C=CC(=CC=2)F)=NC=CN1CCC1SC=CN=1,0.004297893634065986
N1(CCC1C1C=CC=C(OC)C=1)C(=O)C1=CC=C(C=C1)C#CC(C)(C)O,0.013038443028926849
C=CCNC(CSC1SC(NC2CC2)=NN=1)=O,0.008007165975868702
C12C(C)=C(SC=1N=C(N=C2N(CCOC)CCOC1C=CC=CC=1F)CCN)C,0.008973053563386202
C1(=O)N(CCCC1(O)CNC1CCNCC1)CCCC1C=CC=CC=1,0.012020940147340297
CC1=C(NC(CSC2SC(NC3CC3)=NN=2)=O)C=C(S(N2CCCCC2)(=O)=O)C=C1,0.004691113042645157
[C@]12(CNC[C@@H]1CN(C1CCCC1)C2)C(=O)NCC1ON=C(C(C)C)N=1,0.009341912530362605
O=C(NC1=CC=C(C2=CC=CC=C2)C=C1)CSC1SC(NC2CC2)=NN=1,0.007146891811862588
C(=O)(C1C(C)=CC2=C(OCCO2)C=1)N1CCOC(C2=CC=C(C=C2)Cl)C1,0.01079700500704348
C1(C2C=CC(=CC=2)NC(=O)C2C=CC(=CC=2)C)SC2C(=CC=CC=2)N=1,0.006614893185906112
C1(=CC=C(COC)O1)C(=O)NC1CCCN(CC2=CC=CC=C2F)C1,0.005309662059880793
N1(C2=CC=CC(C3=CC=C(N=C3)N)=C2)C(C)=CC(C)=N1,0.0054671312565915285
CC1=C(C)C2=C(N=C(NC2=O)CSC2SC(NC3CC3)=NN=2)S1,0.003941450698766858
C1(=COC(COC2=CC=C(C=C2)OC)=N1)C(=O)N(C)CC1NC2C(=CC=CC=2C)N=1,0.0033504807623103263
C1(C(C)NC2CCSCC2)C=NN(C2C=CC(=CC=2)OC)C=1C,0.010741229774430395
CC1=C(NC2SC=C(CSC3SC(NC4CC4)=NN=3)N=2)C=CC=C1,0.007827359833754599
C1(C2C=CC(=CC=2)NC(=O)C2C=CC(=CC=2)OCC)SC2C(=CC=CC=2)N=1,0.00629282952286303
O=C(N(CCC#N)CCC#N)CSC1SC(NC2CC2)=NN=1,0.005017445307639057
C1(=COC(COC2C=CC3=C(C=CC=N3)C=2)=N1)C(=O)N1CCNC(CC)C1,0.004033538070507348
N1(CC(=O)N(C)C2CCCC3=CC=CC=C23)N=NN=C1CN1CCOCC1,0.00812581372447312
N12C(=O)C=C(NC1=NC(C1CCCCC1)=N2)C1CC2=C(C=CC=C2)C1,0.007790149934589863
CC(CNC(CSC1SC(NC2CC2)=NN=1)=O)C,0.008947747107595206
C(=O)(N1CCCN(CC1)C1N=CC=CN=1)NC1=NN=CS1,0.00296167719643563
C1(C2=CC=C(C=C2)NC(COC)=O)SC2C(=CC=CC=2)N=1,0.005111251503694803
C1(=CSC(C)=N1)C(=O)N1CCN(C(=O)C1)CC1=CC=C(C=C1)C,0.006061133439652621
C1(OC(=C(CN2CCNC(C)C2)N=1)C)C1=CC(OC)=CC=C1F,0.003895881643984467
O=C(NC1C2=C(C=CC=C2)CCC1)CSC1SC(NC2CC2)=NN=1,0.008815104002133011
N1(CC2C=NC=CN=2)C(=O)C(NC1=O)(C1CCNCC1)CC1=CC=CC=C1C,0.002362924284534529
COC1=C(NC(C2=CC=C(NC(CSC3SC(NC4CC4)=NN=3)=O)C=C2)=O)C=CC=C1,0.006346016307361424
C(CN(CC1C=CC=CC=1)CC(C)CO)=CC1=CC=CC=C1OC,0.007944429409690201
O=C(NC1=C(CC2=CC=CC=C2)C=CC=C1)CSC1SC(NC2CC2)=NN=1,0.008106459793634713
N1(CC(NCCCN2C3=CC=CC=C3C=C2)=O)N=NN=C1CN1CCOCC1,0.004347410646732897
C1(NC(CC2CCS(=O)(=O)C2)=O)=CC(=NN1CC1=CC=CC(C)=C1)C,0.006040842272341251
O=C(NC1=CC2=C(NC(N2)=O)C=C1)CSC1SC(NC2CC2)=NN=1,0.002726054366212338
C1(CN2CCC(CC2)CCC(=O)N2CCOCC2)=NC=CN1C,0.0064335962990298865
C1(C2=CC=C(C=C2)NC(CC2CCCCC2)=O)SC2C(=CC=CC=2)N=1,0.008564532082527877
C(=O)(N1CCCCC1CC)C1=CC(C2C=NN(C)C=2)=NC2=C(C(C)=CC=C21)C,0.009851179784163833
O=C(NC1N(C2=CC=CC=C2)N=C(C2=CC=CC=C2)C=1)CSC1SC(NC2CC2)=NN=1,0.005820247833617032
N1(C2C=CC=C3C=CC=CC=23)N=CC(C(C)NCC2=CC(OC)=CC(OC)=C2)=C1C,0.010479097627103329
CC(C1=NN(C2=CC=CC=C2)C(NC(CSC2SC(NC3CC3)=NN=2)=O)=C1)(C)C,0.006443104334175586
C1(C2C=CC(=CC=2)NC(=O)C2C3=CC=CC=C3N=C(C3=CC=CO3)C=2)SC2C(=CC=CC=2)N=1,0.006606398499570787
C1(C2C=CC(=C(Cl)C=2)NC(=O)C2C=CC=C(OC)C=2)SC2C(=CC=CC=2)N=1,0.005369645089376718
C1(C(=O)N(CC)CC2C=NN(C)C=2)NN=C(C2=CC=CN2C)C=1,0.00566493330989033
CCCN(C(CSC1SC(NC2CC2)=NN=1)=O)CC1CC1,0.011118721077218651
C1(C2C=CC(=C(Cl)C=2)NC(=O)C2=CC=CC(N(C)C)=C2)SC2C(=CC=CC=2)N=1,0.005657548585440963
C1(=C(C)N(N=C1C)CC)C1=CC(C2=CN=C(N=C2)SC)=C(C(N)=N1)C#N,0.004954865807667375
C1(C2C=CC(=C(Cl)C=2)NC(=O)C2=CC=C(Br)O2)SC2C(=CC=CC=2)N=1,0.007348838355392217
C(=O)(N1CCC(CC1)CC1=NN=CN1C)C1=CC=CC=C1OCCOCC,0.007654741685837507
COC1=C(NC(CSC2SC(NC3CC3)=NN=2)=O)C=C(S(N2CCCCC2)(=O)=O)C=C1,0.004514004127122462
C1(CCCN(CC2C=CC(=CC=2)C(C)C)C1=O)(O)CN1CCC2=C(C=NN2)C1,0.005662547657266259
C1(C2C=CC(=C(Cl)C=2)NC(CCC2CCCC2)=O)SC2C(=CC=CC=2)N=1,0.007844939199276268
C1(=CC=C(C=C1OC1CCN(CC1)CC1=CC=C(C(F)=C1)Cl)OC)C(NCCOC)=O,0.004922535142395645
CC1=CC=C(NC(C(C2=CC=CC=C2)SC2SC(NC3CC3)=NN=2)=O)C=C1,0.008414549217559398
C1(C2C=CC(=C(Cl)C=2)NC(=O)C2C=CC(=C(OC)C=2)OC)SC2C(=CC=CC=2)N=1,0.005865207267925143
C1(/C=C(\C)/C)N(CCN(C)S(C)(=O)=O)C=NC=1C1C=CC=CC=1,0.005518428282812238
COC1=C(S(N2CCCCC2)(=O)=O)C=C(NC(CSC2SC(NC3CC3)=NN=2)=O)C=C1,0.004380593390669674
C1(=CC=CC=C1OC1=CC=C(C(OC)=C1)OC)CN1CCN(CC1)C,0.012681288458406926
CCC(NC1=CC=C(C(CSC2SC(NC3CC3)=NN=2)=O)C=C1)=O,0.009768963139504195
C1(C2C=CC(=C(Cl)C=2)NC(=O)C2C=C(OC)C=C(OC)C=2)SC2C(=CC=CC=2)N=1,0.005327035603113472
CCN1C(=O)N(CC2=CC=CC=C2)C(N)=C(C(CSC2SC(NC3CC3)=NN=2)=O)C1=O,0.006209535989910364
C1(C2C=CC(=C(Cl)C=2)NC(CC2C=CC(=C(OC)C=2)OC)=O)SC2C(=CC=CC=2)N=1,0.005950454832054674
CCNC(NC(CSC1SC(NC2CC2)=NN=1)=O)=O,0.001606759149581194
C1(C2C=CC(=C(Cl)C=2)NC(=O)C2C=CC=CC=2F)SC2C(=CC=CC=2)N=1,0.005218432145193219
C1(SN=C(C)C=1)NC(=O)C1=CC=CC(CN(C)CC(OC)=O)=C1,0.007288251910358668
C1(C2C=CC(=C(Cl)C=2)NC(=O)C2=CC=CO2)SC2C(=CC=CC=2)N=1,0.006117823533713818
COC1=CC(C2N=C(NC(CSC3SC(NC4CC4)=NN=3)=O)SC=2)=C(OC)C=C1,0.006162257702089846
C1(=C(C)C=C(N(CC)C1=O)C)C(=O)N1C[C@@H]2[C@@H]([C@@H]3CC[C@H]2CC3)C1,0.012226687646943901
O=C1N2C(SC3=C2C=CC=C3)=NC(CSC2SC(NC3CC3)=NN=2)=C1,0.006680166581645608
C1(C2C=CC(=C(Cl)C=2)NC(CC2C=CC=C(OC)C=2)=O)SC2C(=CC=CC=2)N=1,0.005540899571496993
O=C(N1C2=C(C=CC=C2)NC(=O)C1)CSC1SC(NC2CC2)=NN=1,0.007021451788023114
C(=O)(C1C=CC(=C(OC2CCN(CC2)C(C)C)C=1)OC)N1CCCCCC1,0.013753904029726982
BrC1=C(C2OC(CSC3SC(NC4CC4)=NN=3)=NN=2)C=CC=C1,0.008937884354963899
N1(CCCCC1C1=CC=CN=C1)C(=O)CC(=O)NC1C=CC=C(Cl)C=1C,0.005966463894583285
C12CN(CCC=1N(N=C2C(O)=O)CC1C=CC(=CC=1)OC)C(=O)C1=CN=CN1,0.003284172504208982
C1(C2C=CC(=C(Cl)C=2)NC(CC2C=CC(=CC=2)OC)=O)SC2C(=CC=CC=2)N=1,0.0056343611096963285
N1(CCCC(C1)NC1C=CC(=C(F)C=1)F)C(=O)C1C=CC=C(N(C)C)C=1,0.006381042394787073
C1(C2C=CC(=C(Cl)C=2)NC(CCC2C=CC(=CC=2)OC)=O)SC2C(=CC=CC=2)N=1,0.005906310770660639
C(=O)(C1=CC=C(N=C1)C1C=CC(=CC=1)C)N1CCC(CC1)CN1CCCC1=O,0.009639526763930917
C(C1OC(C2OC=CC=2)=NN=1)SC1SC(NC2CC2)=NN=1,0.008132232818752527
N1C(CN(C)C(=O)C2C(=CC=CC=2O)O)=CSC=1C1C=CC=CC=1,0.004557036818005145
C1(C2C=CC(=C(Cl)C=2)NC(=O)C2C=CC=NC=2)SC2C(=CC=CC=2)N=1,0.00489059278042987
C12C(C3C=CC(=CC=3)F)N(CCC=1C1C(=CC=CC=1)N2)CC1=CN(N=C1C)CC,0.007263921410776674
C(F)(F)(F)C1=CC=CC(CCN2CCC(CC2)CN(C)C(=O)CCOC)=C1,0.007359151029959321
CC(CSC1SC(NC2CC2)=NN=1)=C,0.011088414490222931
C1(C#N)C(OC)=NC=CC=1C1C=CC=NC=1OC,0.00622939255554229
C1(C2C=CC(=C(Cl)C=2)NC(=O)C2C=CC=CN=2)SC2C(=CC=CC=2)N=1,0.004837609187234193
C=CCNC(NC(CSC1SC(NC2CC2)=NN=1)=O)=O,0.0018627973739057779
N1(C[C@H](C[C@H]1C(=O)NC(C)C)N)C(=O)CCC1C(O)=NC2C(=CC=CC=2)N=1,0.006718316348269582
COC1=C(NC(CSC2SC(NC3CC3)=NN=2)=O)C=C(S(N2CCOCC2)(=O)=O)C=C1,0.0046530947089195255
C1(C2C=CC(=C(Cl)C=2)NC(=O)C2C=NC=CN=2)SC2C(=CC=CC=2)N=1,0.00467569351894781
O=C(NC1CS(=O)(=O)CC1)CSC1SC(NC2CC2)=NN=1,0.0055339650716632605
C1(C2C=CC(=C(Cl)C=2)NC(=O)C2=CC=CS2)SC2C(=CC=CC=2)N=1,0.005318732827436179
N1C(CC)=CSC=1CNC1CCCNC1,0.007705443445593119
C12CN(CCC=1NN=C2C1=CC=CC=C1F)CC1=CN=CN1C1CCCC1,0.005060908826999366
C1(C2C=CC(=C(Cl)C=2)NC(=O)C2C=CC=C(C)C=2)SC2C(=CC=CC=2)N=1,0.005866513669025153
CC(NC(NC(CSC1SC(NC2CC2)=NN=1)=O)=O)(C)C,0.0018379419983830304
C1(C2C=CC(=C(Cl)C=2)NC(=O)C2C=CC(=CC=2)C)SC2C(=CC=CC=2)N=1,0.005908839637413621
CC1=CN2C(=NC(=CC2=O)CSC2SC(NC3CC3)=NN=2)C=C1,0.005558609240688383
C1(C(=O)NCC2=CC=CN=C2OC2C=CC(=CC=2F)F)=CC(=NO1)CC,0.005231247283518314
C1(C2C=CC(=C(Cl)C=2)NC(=O)C2=CC(OC)=C(C(OC)=C2)OC)SC2C(=CC=CC=2)N=1,0.005724215530790389
O=C(N1CCN(S(C2=CC3=C(C=CC=C3)C=C2)(=O)=O)CC1)CSC1SC(NC2CC2)=NN=1,0.0039456392172724005
C1(C=C2N(CCCN(C(C)=O)C2)N=1)C(=O)N1CCCC1C1=CC=CC=C1C,0.011261292546987534
COCCN1C(C)=C(C(CSC2SC(NC3CC3)=NN=2)=O)C=C1C,0.011671182047575713
C(=O)(C(C)(C)C)NC1C=CC(=CC=1OC)NC(=O)C1=CC=NC(OC)=C1,0.006346445530653
C1(C2C=CC(=C(Cl)C=2)NC(=O)C2C=CC(=CC=2)OC)SC2C(=CC=CC=2)N=1,0.005439559556543827
C(=O)(C1=CC=C(C=C1)CNC1=CC=C(C=C1)C)N1CCCN([C@H]2COC[C@@H]2O)CC1,0.004538882430642844
C1(C2C=CC(=C(Cl)C=2)NC(=O)CC2=CC=CS2)SC2C(=CC=CC=2)N=1,0.005392500071320683
CC(C(NC1=CC=C(C)C=C1)=O)SC1SC(NC2CC2)=NN=1,0.008364237239584326
C1(=CC=C(COC)S1)C(=O)NC1CCCN(C2CCN(CC2)C)C1,0.009235815051943064
CC1N(CC2OCCC2)C(C)=C(C(CSC2SC(NC3CC3)=NN=2)=O)C=1,0.012475823704153299
C1(C(=O)N(CC=C)CC2=CC=CC=C2OC)=C(C)N(N=C1C)C,0.011078763846307993
CN(C(CSC1SC(NC2CC2)=NN=1)=O)C(C1=CC=CC=C1)C1=CC=CC=C1,0.009287328133359552
C1(C=CC=CC=1C1=CC=CC(CN2CCOCC2)=C1)OC(C)C,0.013816588465124369
CC1N(C2C(=O)N(C3=CC=CC=C3)N(C)C=2C)C(C)=C(C(CSC2SC(NC3CC3)=NN=2)=O)C=1,0.008071317663416266
C12SC=CN1C=C(CNC(=O)[C@@H]1C[C@H](CN1)NC(=O)C1C(C)=NOC=1C)N=2,0.004003989405464381
C(C1OC(C2=CC=CC=C2)=NN=1)SC1SC(NC2CC2)=NN=1,0.007587501057423651
COC1=CC=C(CNC(C(SC2SC(NC3CC3)=NN=2)C)=O)C=C1,0.007544835726730525
C1(C2C=CC(=C(Cl)C=2)NC(=O)C2C=CC(=C(OCC)C=2)OCC)SC2C(=CC=CC=2)N=1,0.006265856744721532
FC1=CC(C(CSC2SC(NC3CC3)=NN=2)=O)=C(F)C=C1,0.009473238000646233
C1(N2CCCC2)=NC(C)=NC2CN(C(=O)CCC3C(C)=NNC=3C)CCC1=2,0.005903346021659673
CCCNC(CSC1SC(NC2CC2)=NN=1)=O,0.007423133123666048
C1(C2C=CC(=C(Cl)C=2)NC(=O)C2=CC(OCC)=C(C(OCC)=C2)OCC)SC2C(=CC=CC=2)N=1,0.00621303643565625
ClC1=CC=C(C2C3=C(N=C(NC3=O)CSC3SC(NC4CC4)=NN=3)SC=2)C=C1,0.003357170498929918
C1(C2C=CC(=C(Cl)C=2)NC(CC2CCCCC2)=O)SC2C(=CC=CC=2)N=1,0.007585016964003444
N1(CCC(CC1)NCC1=CC=CN=C1OC1C=CC=CC=1C)C(OCC)=O,0.004867538902908563
NC(C1=C(NC(CSC2SC(NC3CC3)=NN=2)=O)SC=C1)=O,0.006489991652779281
C1(C2C=CC(=C(Cl)C=2)NC(COC2=CC=CC(C)=C2)=O)SC2C(=CC=CC=2)N=1,0.005743066873401403
O=C(NC1=C(C#N)C=CS1)CSC1SC(NC2CC2)=NN=1,0.004785788373555988
C1(C2C=CC(=C(Cl)C=2)NC(=O)C2=CC=C(C=C2)N2C(C)=CC=C2C)SC2C(=CC=CC=2)N=1,0.006775301578454673
C1(C2C=CC(=CC=2C)NC(=O)C2C=CC=C(OC)C=2)SC2C(=CC=CC=2)N=1,0.006330755143426359
N1(C2C=CC=CN=2)N=C(N=C1CCC1=CC=CN=C1)CC(C)C,0.010241440776735545
CC1N(CC2OC=CC=2)C(C)=C(C(CSC2SC(NC3CC3)=NN=2)=O)C=1,0.012671188125386834
C1(C2C=CC(=CC=2C)NC(=O)C2C=CC(=CC=2)Cl)SC2C(=CC=CC=2)N=1,0.00575909906765446
N1(CCCNC(=O)C1)C1=CC=C(C=N1)C(NCCC)=O,0.004516537208110094
CC1N(CC2SC=CC=2)C(C)=C(C(CSC2SC(NC3CC3)=NN=2)=O)C=1,0.011981448670849205
C1(C2C=CC(=CC=2C)NC(=O)C2=CC=CC(N(C)C)=C2)SC2C(=CC=CC=2)N=1,0.006679588067345321
O=C(C1NC=CC=1)CSC1SC(NC2CC2)=NN=1,0.0075957166962325575
C1(C2C=CC(=CC=2C)NC(=O)C2=CC=C(Br)O2)SC2C(=CC=CC=2)N=1,0.008402679348364472
O=C1C2=C(C=CC=C2)N=C(CSC2SC(NC3CC3)=NN=2)N1CC#N,0.0035980776774522383
C1(C2C=CC(=CC=2C)NC(=O)C2C=CC=C(Cl)C=2)SC2C(=CC=CC=2)N=1,0.005681637360248714
N1(C=CC=C1CNC1CCCN(C2N=CC=CN=2)C1)C1SC=CN=1,0.005481356824748218
C1(C2C=CC(=CC=2C)NC(CCC2CCCC2)=O)SC2C(=CC=CC=2)N=1,0.009283710736781359
CC1=CC=C(C2SC=C(CSC3SC(NC4CC4)=NN=3)N=2)C=C1,0.008220265619456768
N1(CCC2C=CC=CC=2)C[C@H]([C@H]2N3CCC(CC3)[C@H]21)C1=CC=CC=C1,0.013553690945263952
CC1=CC2=C(C(=CC(O2)=O)CSC2SC(NC3CC3)=NN=2)C=C1,0.005835691071115434
C1(=NC=C(CN2CCCC2)N1CCC1C=CC=CC=1)S(C(C)C)(=O)=O,0.0078067858004942535
FC1=CC=C(C(C2=CC=C(F)C=C2)SC2SC(NC3CC3)=NN=2)C=C1,0.008504500007256865
C1(=COC(CN2CCN(CC2)C2C=CC=CC=2F)=N1)C(=O)NC(CC)COC,0.004585266811773181
C1(C2C=CC(=CC=2C)NC(=O)C2C=CC(=C(OC)C=2)OC)SC2C(=CC=CC=2)N=1,0.007032563048414886
C1C(NC2SC(SC(C3=CC=CC=C3)C3=CC=CC=C3)=NN=2)C1,0.012692164117470383
C1(C2C=CC(=CC=2C)NC(=O)C2C=C(OC)C=C(OC)C=2)SC2C(=CC=CC=2)N=1,0.006398507882840932
N1(CCCN(CC2=CC=CN=C2N)CC1C(C)C)CC1CC1,0.010466603189706802
C1(C2C=CC(=CC=2C)NC(CC2C=CC(=C(OC)C=2)OC)=O)SC2C(=CC=CC=2)N=1,0.007091311272233725
C12C=COC=1C=CN=C2C1C=CC=C(C(C)OC)C=1,0.013066784292459489
C1(=CC2=CC=CC=C2NC1=O)C1=NC=CN1CC1C=NN(C2C=CC=CC=2)N=1,0.0034825968090444804
ClC1=CC=C(OCCSC2SC(NC3CC3)=NN=2)C=C1,0.00663440516218543
N1=C(C2C=CC=C(C=2)C2C=CC(=CC=2OC)OC)C=CN1CC1C=CC=CN=1,0.011845281207934022
C1(C2C=CC(=CC=2C)NC(=O)C2C=CC=CC=2F)SC2C(=CC=CC=2)N=1,0.00593960341066122
N1C(C)=C(C(C)NC(=O)CCSC)C=NC=1C1=CC=NC=C1,0.006198470876552164
C1(C2C=CC(=CC=2C)NC(=O)C2=CC=CO2)SC2C(=CC=CC=2)N=1,0.007061512162908912
C1(=COC(COC2=CC=CC3C=NC=CC2=3)=N1)C(=O)N1CCN(C(=O)C1CC)C,0.005275113042443991
CCNC(NC(C(SC1SC(NC2CC2)=NN=1)C)=O)=O,0.001740333082852885
C1(C2C=CC(=CC=2C)NC(C2C=CN=CC=2)=O)SC2C(=CC=CC=2)N=1,0.00585375651717186
CC1N(C)C(C)=C(C(CSC2SC(NC3CC3)=NN=2)=O)C=1,0.013029382051900028
C1(C2C=CC(=CC=2C)NC(CC2C=CC(=CC=2)OC)=O)SC2C(=CC=CC=2)N=1,0.006700413161888718
C1(C2=C(C=CC=C2N(C)N=1)Cl)C1=NC=CN1CC1=CC=CN=C1,0.006362141668796539
C1(C2C=CC(=CC=2C)NC(CCC2C=CC(=CC=2)OC)=O)SC2C(=CC=CC=2)N=1,0.006979500805027783
C1(=CC=C(N=C1)NC1CCOCC1)C(NCCCC1C=CC(=CC=1)OC)=O,0.006192764011211693
C1(C2C=CC(=CC=2C)NC(=O)C2C=CC=NC=2)SC2C(=CC=CC=2)N=1,0.005862948321737349
C1(=O)NC(=O)CCN1C1C=CC=CC=1C(=O)N(C)C(C)C1=CC=CO1,0.001960188813973218
C1(C2C=CC(=CC=2C)NC(=O)C2C=CC=CN=2)SC2C(=CC=CC=2)N=1,0.005691059515811503
C(=O)(N1CCC2(CCN(CC2)C)C1)C1=CC(OC)=CC=C1O,0.006873608869500458
CNC(NC(CSC1SC(NC2CC2)=NN=1)=O)=O,0.0015638804587069898
C1(C2C=CC(=CC=2C)NC(=O)C2C=NC=CN=2)SC2C(=CC=CC=2)N=1,0.005477901664562523
N1N(CC2CCCN(C3CCN(CC3)C3C=CC=C(C)C=3)C2)C=C(CO)N=1,0.00564215665217489
C1(C2C=CC(=CC=2C)NC(=O)C2=CC=CS2)SC2C(=CC=CC=2)N=1,0.006447399174794555
N1(CCC2=C(N=CN2)C1C1C=CC=NC=1)CC1=CC=NN1C1=CC=CC=C1,0.005761413788422942
O1C(CNC(=O)CC(=O)NC2=CC(C)=CC(C)=C2)COC2C=CC=CC1=2,0.009022215870209039
C1(C2C=CC(=CC=2C)NC(=O)C2C=CC=C(C)C=2)SC2C(=CC=CC=2)N=1,0.007067911676131189
N1=C(C2=CN=CC=N2)C=CN1C1C=CC=C(N)N=1,0.004595175141002983
O=C(N1C(=O)CCC1)CSC1SC(NC2CC2)=NN=1,0.003112843621056527
C1(=CC=NN1C)C1C(OC)=CN=C(NC2CCCC3C=CC=CC2=3)N=1,0.010263231303542852
C1(C2C=CC(=CC=2C)NC(=O)C2C=CC(=CC=2)C)SC2C(=CC=CC=2)N=1,0.007160048931837082
C1(CCCN(CC2=CC=C(C(F)=C2)F)C1=O)(O)CN(C)CC1=CC=NO1,0.008392040710896253
C1(C2C=CC(=CC=2C)NC(=O)C2=CC(OC)=C(C(OC)=C2)OC)SC2C(=CC=CC=2)N=1,0.006574589619413018
CNC(NC(C(SC1SC(NC2CC2)=NN=1)C)=O)=O,0.0016439749917481095
C1(C2CC(=O)NC3=CC(O)=C(OC)C=C23)OC2C(=CC(=CC=2)C)C=1C,0.0051650748355314136
C1(C2C=CC(=CC=2C)NC(=O)C2C=CC(=CC=2)OCC)SC2C(=CC=CC=2)N=1,0.0066752671264112
C1(C(NCCC2C=NN(C)C=2)=O)C=C(ON=1)CN1CCC2C(=CC=CC=2)C1,0.01003387188538909
CCOC(NC(CSC1SC(NC2CC2)=NN=1)=O)=O,0.0017338963982183487
C1(C2C=CC(=CC=2C)NC(COC2C=CC(=CC=2)Cl)=O)SC2C(=CC=CC=2)N=1,0.005736104783136397
N1=C(C)C(=C(C)O1)CCCNC(=O)C1=CC=C(N=C1)N1CCN2C(CCC2)C1,0.0062099159462377426
C1(C2C=CC(=CC=2C)NC(=O)C2C=CC=CC=2OC)SC2C(=CC=CC=2)N=1,0.006486418261192739
C1(C)(CC1)C(=O)NC1=CC(C)=CC=C1NC(C1=CC=CC=C1)=O,0.009379899501800537
CC(C(NC1=CC2=C(OCO2)C=C1)=O)SC1SC(NC2CC2)=NN=1,0.0068739895476028325
N1(CCC(CNC(=O)C(C)(C)NC)C1)C1CC(C)(C)NC(C)(C)C1,0.01291914596222341
C1(C2C=CC(=CC=2C)NC(CSC2=CC=NC=C2)=O)SC2C(=CC=CC=2)N=1,0.005345014715567231
CC(C(NC1=C(C2=CC=CC=C2)C=CC=C1)=O)SC1SC(NC2CC2)=NN=1,0.008085242006927729
C1(C2C=CC(=CC=2C)NC(=O)C2C=CC(=C(OCC)C=2)OCC)SC2C(=CC=CC=2)N=1,0.00739488797262311
O=C(C1C2=C(C=CC=C2)NC=1)C(C1=CC=CC=C1)SC1SC(NC2CC2)=NN=1,0.007269721757620573
C1(C2C=CC(=CC=2C)NC(=O)C2=CC(OCC)=C(C(OCC)=C2)OCC)SC2C(=CC=CC=2)N=1,0.007210757839493454
C1(O)C(=CC=CC=1CN1CCC2(CCNCC2)C1)C(C)(C)C,0.009904267126694321
C1(C2C=CC(=CC=2C)NC(COC2=CC=CC(C)=C2)=O)SC2C(=CC=CC=2)N=1,0.007003428786993027
C12C(CCCC=1N(N=C2)C1=CC=C(C(C)=C1)C)NC(=O)CCN1C=CN=C1C,0.007169373729266226
O=N(C1=CC2=C(OCOC2)C(CSC2SC(NC3CC3)=NN=2)=C1)=O,0.004673469578847289
N1(C(C)C)CCC(CC1)NCC1C=CC=C(OC)C=1OCC,0.01373575683683157
C1(C2C=CC(=CC=2C)NC(=O)C2=CC=C(C=C2)N2C(C)=CC=C2C)SC2C(=CC=CC=2)N=1,0.008087394223548473
C1(C=C(C)N=C(CC)N=1)N1CCN(CC1)CC=CC1C=CC=CC=1,0.009763523796573281
C1(C2C=CC(=CC=2C)NC(=O)C2=CC3=C(C=CC=C3)N2)SC2C(=CC=CC=2)N=1,0.0043389188358560205
N1(CCCC(C1)N1CCN(CC1)C1C=CC=CC=1C)C(=O)C1=CC=C(C=C1)C,0.010358723718672991
C1(C=C(C)C2=C(C=CC(=C2)NC(=O)C2C=CC=C(OC)C=2)N=1)N1CCOCC1,0.005914766527712345
CC1=CC=C(OCCSC2SC(NC3CC3)=NN=2)C=C1,0.008239495055750012
C(=O)(N(CC1CCN(CC1)CC1=CC=CC=C1F)CC1CCCO1)CN1C=CC=N1,0.0072117536561563615
C(F)(F)(F)C1C=CC=C(C=1)OC1=NC=CC=C1CNC(CN(C)C)=O,0.004112098237965256
FC1=CC(Cl)=C(CSC2SC(NC3CC3)=NN=2)C=C1,0.006049164989963174
N1(CCC2(CCNCC2)C1)CC1=CC=C(C=N1)CC,0.013798068976029754
CC(C(N1C2=C(C=CC=C2)CC1C)=O)SC1SC(NC2CC2)=NN=1,0.009174725832417607
C1(C(=O)N(C)C)N=C2N(C=C(C=C2)Cl)C=1CNC1CCN(CC1)C1C=CC=CC=1,0.004680183145683259
CN(S(C1=CC=C(C(NC(CSC2SC(NC3CC3)=NN=2)=O)=O)C=C1)(=O)=O)C,0.0022906797821633518
C1(C=C(C)C2=C(C=CC(=C2)NC(=O)C2C=CC(=CC=2)N(CC)CC)N=1)N1CCOCC1,0.0070417987182736395
C1(=CC=NN1C1CCN(CC1)C(=O)C1C=CC=CC=1C(C)=O)NC(=O)C1CC1,0.00805475504603237
O=C(NC(C1=CC=CC=C1)=O)CSC1SC(NC2CC2)=NN=1,0.002649106073658913
C1(C=C(C)C2=C(C=CC(=C2)NC(=O)C2C=CC(=CC=2)Cl)N=1)N1CCOCC1,0.004926826432347297
C1(C=C(C)C2=C(C=CC(=C2)NC(=O)C2=CC=CC(N(C)C)=C2)N=1)N1CCOCC1,0.006025472283363342
C1(C=C(C)C2=C(C=CC(=C2)NC(=O)C2=CC=CC=C2Br)N=1)N1CCOCC1,0.006512628635391593
C1(=CSC(CC2C=CC=CC=2)=N1)C(=O)N1CCC2(CC1)CCNCC2,0.0077490433352068065
OC1=CC2=C(C(=CC(O2)=O)CSC2SC(NC3CC3)=NN=2)C=C1,0.0035636909189634023
N1(C2C=CC=CC=2F)C=C(C(C2=CC=C(C=C2)OC)=N1)CNCC1C=CC2=C(OCO2)C=1,0.006585612404160201
FC1=CC=C(OCCSC2SC(NC3CC3)=NN=2)C=C1,0.006311638583429158
C1(C=C(C)C2=C(C=CC(=C2)NC(=O)C2C=CC=C(Cl)C=2)N=1)N1CCOCC1,0.004847529111430049
C1(=CC=NN1C1CCN(CC1)CCCC1CCCC1)NC(=O)C1C=CC=C(F)C=1,0.00796977411955595
C1(C=C(C)C2=C(C=CC(=C2)NC(=O)C2C=CC(=C(OC)C=2)OC)N=1)N1CCOCC1,0.0064976423978805545
N1(CCCC(C1)C(=O)C1C=CC(=C(OC)C=1)OC)C1CSCCSC1,0.01695566289126873
C1(C=C(C)C2=C(C=CC(=C2)NC(=O)C2C=C(OC)C=C(OC)C=2)N=1)N1CCOCC1,0.005959688406437636
N1([C@@H](C)C(N)=O)C=NC2C(=CC(=CC=2)CC)C1=O,0.0055591135518625375
O=C1C2=C(C=CS2)N=C(CSC2SC(NC3CC3)=NN=2)N1,0.003452359908260405
C1(=CNC(C(Cl)=C1)=O)C(=O)N1CCC(CC1)C1(CC)NC(NC1=O)=O,0.0013549519149819388
COC(/C(/C(CSC1SC(NC2CC2)=NN=1)=O)=C1\NC2=C(C=CC=C2)N\1)=O,0.008618465345352887
C1(C=C(C)C2=C(C=CC(=C2)NC(=O)C2C=CC(=CC=2)N(C)C)N=1)N1CCOCC1,0.006146903242915868
O=C(NC1=C(C(NC2=CC3=C(OCO3)C=C2)=O)C=CC=C1)CSC1SC(NC2CC2)=NN=1,0.006482184561900794
C1(C=C(C)C2=C(C=CC(=C2)NC(=O)C2=CC=CO2)N=1)N1CCOCC1,0.005786662502214312
C1(C=C(C)C2=C(C=CC(=C2)NC(C2C=CN=CC=2)=O)N=1)N1CCOCC1,0.005382074322551489
N1(C=CC=C1CN(C)C(C)C(=O)N(C)C)C1N=CC=CN=1,0.007593174977228045
C1(C2=CC=CC=N2)=NC=C(C=N1)CN(CCC)CC1=CC=C(C=C1)SC,0.009406264312565327
CC(C(NC1=CC=C(N2CCOCC2)C=C1)=O)SC1SC(NC2CC2)=NN=1,0.007646237593144178
N1(CC2ON=C(C(=O)N3C[C@@H](C)O[C@@H](C)C3)C=2)C2C=CC=CC=2N=C1C,0.006241094949655235
O=C(NC(C1OC2=C(C=CC=C2)OC1)=O)CSC1SC(NC2CC2)=NN=1,0.0030338917742483316
CC(C(NC(CSC1SC(NC2CC2)=NN=1)=O)C)C,0.009051002655178308
C1(C=C(C)C2=C(C=CC(=C2)NC(CC2C=CC=C(OC)C=2)=O)N=1)N1CCOCC1,0.0062624442158266905
FC(CNC(CSC1SC(NC2CC2)=NN=1)=O)(F)F,0.0036343446699902415
C1(C=C(C)C2=C(C=CC(=C2)NC(=O)C2C=CC=NC=2)N=1)N1CCOCC1,0.0053056668723002074
C1(N(CCCO)C=NC=1C1C=CC=CC=1)C1=CC=CN1C1SC=CN=1,0.004009153216611594
C1(C=C(C)C2=C(C=CC(=C2)NC(=O)C2C=NC=CN=2)N=1)N1CCOCC1,0.004606816556770354
C1(CN(C)CC2=NN=CN2CCOC)=CN(N=C1C)CC=C,0.010766013944521546
C1(C=C(C)C2=C(C=CC(=C2)NC(=O)C2C=CC=CC=2C)N=1)N1CCOCC1,0.006168571976013481
N1=C(CCSC2C=CC3=C(OCCO3)C=2)NN=C1C1CC1,0.005924603575840593
ClC1=C(C#N)C=CC(NC(CSC2SC(NC3CC3)=NN=2)=O)=C1,0.004499806824605912
N1(CC[C@H]([C@H](O)C1)C1=CC=C2C(OCO2)=C1)CC1C=CC=C(C=1)C#N,0.002814194036182016
O=C(C1=CC=C(S(N2CCCCC2)(=O)=O)C=C1)CSC1SC(NC2CC2)=NN=1,0.007018849207088351
C1(C=C(C)C2=C(C=CC(=C2)NC(=O)C2C=CC=C(C)C=2)N=1)N1CCOCC1,0.006092731980606914
C1(CC(N(CC2=CC=C(C=C2)CC)C1)=O)C(=O)N1CCC2(CC1)CCCO2,0.013704616203904152
CC(CNC(NC(CSC1SC(NC2CC2)=NN=1)=O)=O)C,0.0018662785238120704
C1(C=C(C)C2=C(C=CC(=C2)NC(=O)C2C=CC(=CC=2)C)N=1)N1CCOCC1,0.006206011422909797
C1(C=NN2C=CC=NC=12)C1C=CC=C2CNCCC=12,0.008734412142075598
C1(C=C(C)C2=C(C=CC(=C2)NC(=O)C2=CC(OC)=C(C(OC)=C2)OC)N=1)N1CCOCC1,0.0063268962316215035
CC(C(N1C2=C(C=CC=C2)CCC1)=O)SC1SC(NC2CC2)=NN=1,0.009047384839504957
N1(CCC(CC1)OC1=CC=C(C=C1)C(NCCN1C=CC=N1)=O)C(=O)CCOC,0.006243894738145172
CCCNC(NC(CSC1SC(NC2CC2)=NN=1)=O)=O,0.0017123840108979494
C1(C=C(C)C2=C(C=CC(=C2)NC(=O)C2C=CC(=CC=2)Br)N=1)N1CCOCC1,0.006493861367926001
S1(CCC(C)(C1)N1C=C(C=N1)C1CCN(CC=1)CC1C=CC=CN=1)(=O)=O,0.009202987514436245
C1(C=C(C)C2=C(C=CC(=C2)NC(C(CC)CC)=O)N=1)N1CCOCC1,0.0072373644914478065
N1(C[C@H](C[C@H]1C(=O)N(CC)CC)N)C(=O)C1NC(=O)NC(=O)C=1,0.004094913171138614
O=C(NN1C(=O)C2(CCCCC2)NC1=O)CSC1SC(NC2CC2)=NN=1,0.00140081507852301
C12OC(CC1=CC(=CC=2C1=CC=C(C=N1)F)C)CN,0.008990606665611267
O=C(NC1=CC2=C(CCC2)C=C1)CSC1SC(NC2CC2)=NN=1,0.008388196537271141
C1(C(C)(C)O)=CN(N=N1)C1CCN(CC1)C1=CC(C)=NC2C=CC=CC1=2,0.009037129674106836
C1(C=C(C)C2=C(C=CC(=C2)NC(=O)C2C=CC(=CC=2)OC)N=1)N1CCOCC1,0.006170018552802503
C1(=CC=C(N=C1)N(C)CC1C=CSC=1)C(NCCC1CCCCN1C)=O,0.006501166569069028
OC1=CC(O)=C(C(CSC2SC(NC3CC3)=NN=2)=O)C=C1,0.007058248086832464
C(=O)(NC(C)(C)C#C)C1CCCN(CC(N)=O)C1,0.004283753258641809
N#CCCCSC1SC(NC2CC2)=NN=1,0.004935764354559069
C1(C=C(C)C2=C(C=CC(=C2)NC(CC2CCCC2)=O)N=1)N1CCOCC1,0.007742889528162778
ClC1=CC2=C(C(NC(=N2)CSC2SC(NC3CC3)=NN=2)=O)C=C1,0.00346454904647544
C1(C=C(C)C2=C(C=CC(=C2)NC(CC(C)C)=O)N=1)N1CCOCC1,0.006380358198657632
N1(CC(CC1=O)NCC1C=CC=NC=1)CC1=CC=CC2C=CC=CC1=2,0.00645176803227514
C1(C=C(C)C2=C(C=CC(=C2)NC(=O)C2C=CC=CC=2OC)N=1)N1CCOCC1,0.006171317561529577
CN1C(C(NC(CSC2SC(NC3CC3)=NN=2)=O)=O)=CC=C1,0.0030270061106421053
C1(C=C(C)C2=C(C=CC(=C2)NC(COC)=O)N=1)N1CCOCC1,0.0047057125018909575
FC1=CC=C(NC(C(C2=CC=CC=C2)SC2SC(NC3CC3)=NN=2)=O)C=C1,0.006099303299561143
CC(C(NC1=CC=C(N2CCCCC2)C=C1)=O)SC1SC(NC2CC2)=NN=1,0.008531291270628572
C(=O)(C1CCN(CC1)CC1C=CC=CC=1)NC1=CC=CC(C2C=CC=C(OC)C=2)=C1,0.008477620221674443
CC(C(NC1=CC=C(S(N2CCOCC2)(=O)=O)C=C1)=O)SC1SC(NC2CC2)=NN=1,0.004803509660996496
C1(C=C(C)C2=C(C=CC(=C2)NC(=O)CC2=CC=CS2)N=1)N1CCOCC1,0.0047952196095138785
CC(C(NC1=CC(S(N2CCOCC2)(=O)=O)=C(C)C=C1)=O)SC1SC(NC2CC2)=NN=1,0.004916921490803361
C1(C=C(C)C2=C(C=CC(=C2)NC(=O)C2=CC=CC(Br)=C2)N=1)N1CCOCC1,0.00640158848837018
CC(C(NCC1OCCC1)=O)SC1SC(NC2CC2)=NN=1,0.008786113606765867
CC(C(NC1=CC=C(C(N)=O)C=C1)=O)SC1SC(NC2CC2)=NN=1,0.006839737854897976
C1(C=C(C)C2=C(C=CC(=C2)NC(=O)C2C3=CC=CC=C3N=C(C3=CC=CO3)C=2)N=1)N1CCOCC1,0.00625536993611604
CC(C(NC1=CC=C(Cl)C=C1)=O)SC1SC(NC2CC2)=NN=1,0.006788027449510991
C1(C=C(C)C2=C(C=CC(=C2)NC(CSC2=CC=CC=C2)=O)N=1)N1CCOCC1,0.005052305618301034
C12CN(CCC=1NC1=CC=C(C)C=C21)C(=O)CCN1CCCCO1,0.0015940829587634652
C1(C=C(C)C2=C(C=CC(=C2)NC(CCCC)=O)N=1)N1CCOCC1,0.006071169325150549
N1(CCC(CC1)OC1C=CC(=CC=1Cl)C(NCCOC)=O)C1CCCC(C)(C)C1,0.008580105449073016
N1(CCC(CC1)(CO)O)C(=O)COC1C=CC=C(OC)C=1,0.004571110266260803
CC1SC=C(CSC2SC(NC3CC3)=NN=2)N=1,0.007710511446930468
N1(C2=CC=C(C=C2)OC)N=CC(C(C)NCC2C=NN(C3=CC=CC(Cl)=C3)C=2)=C1C,0.009113759431056679
CC(C(C(NC(N)=O)=O)SC1SC(NC2CC2)=NN=1)C,0.0017699067771900444
C1(C=C(C)C2=C(C=CC(=C2)NC(CCC)=O)N=1)N1CCOCC1,0.005519352341070771
C12CN(CCC=1ON=C2C1=CC=C(C(F)=C1)F)CC1CC1,0.011326256673783064
C1(C=C(C)C2=C(C=CC(=C2)NC(=O)CC2=CC=CC(OCC)=C2OCC)N=1)N1CCOCC1,0.007075855857692659
C1(C(=O)NCC(C)(C)N2CCOCC2)C=C(ON=1)COC1=CC=C(N=C1)C,0.00789054783526808
CC(C(C1C(=O)N(C)C(=O)N(C)C=1N)=O)SC1SC(NC2CC2)=NN=1,0.007184514193795621
COC1=CC=C(C(C(SC2SC(NC3CC3)=NN=2)C)=O)C=C1,0.011548547400161624
C1(SN=NC=1C(C)C)C(=O)N1CCN2C(C(=O)NCC2)C1,0.0054173980373889204
CC1C(NC(CSC2SC(NC3CC3)=NN=2)=O)=C(C)N(C2=CC=CC=C2)N=1,0.006870815763249993
C1(C=C(C)C2=C(C=CC(=C2)NC(CC2C=CC(=C(OCC)C=2)OCC)=O)N=1)N1CCOCC1,0.007196423993445933
N1C2C=CC=CC=2NC=1CN1CCOC(CCNC(=O)C(C)(C)C)C1,0.003996282035950571
C1(C=C(C)C2=C(C=CC(=C2)NC(=O)C2=CC=C(C=C2)F)N=1)N1CCOCC1,0.004510742949787527
C1(CN(C)CC2C=CC=NC=2)=NC(=NN1C1=CC=C2C(OCCO2)=C1)C1CC1,0.01013744194060564
C1(C=C(C)C2=C(C=CC(=C2)NC(C2=CC=CC=C2)=O)N=1)N1CCOCC1,0.005554285785183311
C1(CNC(=O)C2C=C(ON=2)COC2=CC=CC(=C2)C(F)(F)F)C(C)=NN(CC)C=1C,0.006858388567343355
N1C(CNC(=O)C2=CC=C(N=C2)N2CCC(CO)C2)=NOC=1C(C)C,0.0033063583658076824
CC(C(NC1C2=C(C=CC=C2)CCC1)=O)SC1SC(NC2CC2)=NN=1,0.009781189961358905
C1(CN2CCCC2C2=CC=C(C(N)=O)S2)=NC=CN1C1C=CC(=CC=1)OC,0.005114686931483448
CCC1=C(NC2=NC(CSC3SC(NC4CC4)=NN=3)=NC(N)=N2)C=CC=C1,0.005977608892135322
C1(C=C(C)C2=C(C=CC(=C2)NC(COC2C=CC=CC=2)=O)N=1)N1CCOCC1,0.006419128947891295
N1NC(=CC=1CN(C)C(=O)COC1C=CC(=CC=1)C(CC)=O)COC,0.008568887109868228
C1(=CC2=C(C=CC=C2)N1)C(=O)NC1C=CC2=C(C(C)=CC(N3CCOCC3)=N2)C=1,0.0038970661000348626
N12C=C(Cl)C=CC1=NC(C)=C2CN1CCC(CC1)N1C=C(N=N1)CC(C)O,0.003178589779417962
CC1=C(C)C=C(C2N=C(NC(CSC3SC(NC4CC4)=NN=3)=O)SC=2)C(C)=C1,0.007706441124901176
S1C(CCNC2CCC3(CC2)CCNCC3)=NN=C1N,0.008761877659708261
C1(C=C(C)C2=C(C=CC(=C2)NC(COC2C=CC(=CC=2)OC)=O)N=1)N1CCOCC1,0.00661108426284045
CC1C2=C(N=C(NC2=O)CSC2SC(NC3CC3)=NN=2)SC=1C(NC1=C(C)C=C(C)C=C1)=O,0.0038260268280282616
N1(C2=CC=C(C=C2)NC(=O)C2CCN(CC2)C(=O)C#CC2C=CC=CC=2)C(C)=CC(C)=N1,0.005937792942859232
CC(C(NC1=CC=CC=C1)=O)SC1SC(NC2CC2)=NN=1,0.00797738975379616
C1(C=C(C)C2=C(C=CC(=C2)NC(COC2C=CC(=CC=2)F)=O)N=1)N1CCOCC1,0.004993151593953371
C1(NC(C)C)=NC=C(C=N1)CN1CCCC(C1)CCC1C=CC(=CC=1)F,0.007030918262898922
C1(C=C(C)C2=C(C=CC(=C2)NC(=O)C2C=CC(=C(Cl)C=2)F)N=1)N1CCOCC1,0.004672862822189927
C1(CC2C(=CC=CC=2)C1)(N1CCCCC1)C(=O)N1C[C@@H](C)O[C@@H](C)C1,0.0122792549431324
C(C1OC(C2=CC=CC=C2)=CN=1)SC1SC(NC2CC2)=NN=1,0.005912281712517143
C1(C=C(C)C2=C(C=CC(=C2)NC(=O)C2C=CC(=C(F)C=2)C)N=1)N1CCOCC1,0.0047412659274414185
N1(CC2C=CC(=CC=2Cl)Cl)C(C)=NNC1=O,0.0031305235286708923
C(C1=CC2=C(OCO2)C=C1)SC1SC(NC2CC2)=NN=1,0.00864811111241579
C1(C=C(C)C2=C(C=CC(=C2)NC(CSCC2C=CC(=CC=2)F)=O)N=1)N1CCOCC1,0.004365355113986879
C1(C=C(C)C2=C(C=CC(=C2)NC(CCC(=O)N2CCOCC2)=O)N=1)N1CCOCC1,0.005973135447129607
C1(SCC2=CC=C(C(=O)NCC(OC)=O)O2)=NN=CN1,0.00406461013481021
CN1CCN(C(CSC2SC(NC3CC3)=NN=2)=O)CC1,0.006894806306809187
C1(C=C(C)C2=C(C=CC(=C2)NC(=O)C2C=CC(=CC=2)Cl)N=1)N1CCCCC1,0.00562935636844486
C1(N(C)CC)=NC=NC(C2C=C(CCC3CCCCN3)C=C(O)C=2)=C1,0.00449959390098229
C1(C=C(C)C2=C(C=CC(=C2)NC(=O)C2=CC=CC=C2Br)N=1)N1CCCCC1,0.007293231668882072
C1(=C(C)OC=N1)C(=O)N1CCC2(CCCN(CC3CCC3)C2=O)C1,0.010071201436221599
CCN(C(CSC1SC(NC2CC2)=NN=1)=O)C1CS(=O)(=O)CC1,0.006068082666024566
C1(C=C(C)C2=C(C=CC(=C2)NC(=O)C2C=CC=C(Cl)C=2)N=1)N1CCCCC1,0.005527175217866898
C(=O)(C1C=CC2=C(OCO2)C=1)N(C)C1CCCN(CCC2=CC=CC=C2)C1,0.010350380232557655
C1(C=C(C)C2=C(C=CC(=C2)NC(=O)C2C=CC(=CC=2)N(C)C)N=1)N1CCCCC1,0.006782907480373979
N1=C(C)C(=C(C)N1CC)CCN1C=NN=C1,0.01213623876683414
C1(C=C(C)C2=C(C=CC(=C2)NC(CC2C=CC=C(OC)C=2)=O)N=1)N1CCCCC1,0.006780057493597269
C1(C=C(ON=1)CN(C)CC1=CC=CC=C1)C(=O)N(C)CC1SC=C(C)N=1,0.008876222744584083
C1(C=C(C)C2=C(C=CC(=C2)NC(=O)C2=CC=CS2)N=1)N1CCCCC1,0.0055281226988881825
O=C(N(C1CS(=O)(=O)CC1)CC1=CC=CC=C1)CSC1SC(NC2CC2)=NN=1,0.005906603718176484
C1(C=C(C)C2=C(C=CC(=C2)NC(=O)C2C=CC(=CC=2)C)N=1)N1CCCCC1,0.006884526996873319
C(SC1SC(NC2CC2)=NN=1)CN1CCCC1,0.010425418382510543
N1=C(C=CN=C1N1CCOC2C=CC=CC=2C1)N1CCC(O)C1,0.0031266734818927943
C(SC1SC(NC2CC2)=NN=1)CN1CCOCC1,0.00835116310045123
N1C(NCCC2C3C=CC=CC=3NC=2)=NC=CC=1N1CCCC(O)C1,0.0015703016542829573
S(C)(=O)(=O)C1=CC=C(C=C1)C1=NC=CN1CCCC1SC=NC=1C,0.005632355180568993
CC(C(NC(N)=O)=O)SC1SC(NC2CC2)=NN=1,0.0014565174642484635
C1(C=C(C)C2=C(C=CC(=C2)NC(=O)C2C=CC(=CC=2)Br)N=1)N1CCCCC1,0.007279846747405827
N1(CCCC1=O)C1CCCN(CC(=O)NC2C=CC=C(OC)C=2)C1,0.007220297632738948
CC(C#N)SC1SC(NC2CC2)=NN=1,0.006141978335362808
C1(C=C(C)C2=C(C=CC(=C2)NC(C(CC)CC)=O)N=1)N1CCCCC1,0.008091393020004034
C1(CN2CCC(CC2)CCC(=O)NCC2CCCN2CC)C=NN(C)C=1,0.011273553967475891
C1(C=C(C)C2=C(C=CC(=C2)NC(=O)C2C=CC(=CC=2)OC)N=1)N1CCCCC1,0.006800479115918278
C(=O)(N[C@H]1COC[C@@H]1OCC)C1=C(C=CC=C1O)O,0.004830279783345759
C1(C=C(C)C2=C(C=CC(=C2)NC(CC2CCCC2)=O)N=1)N1CCCCC1,0.00881332759745419
C1(=NC=CN1CC(C1C=CC=CN=1)N1CCOCC1)C1SC=CC=1C,0.006310103391297161
C1(C=C(C)C2=C(C=CC(=C2)NC(CC(C)C)=O)N=1)N1CCCCC1,0.007227472937665879
C1(N(C)C)SC(=CN=1)CN1CCCC(C1)CCC(=O)NC1C=CC(=CC=1C)OC,0.0073480642633512614
CC1=NN(C2=CC=CC=C2)C(NC(CSC2SC(NC3CC3)=NN=2)=O)=C1,0.005735012819059193
C1(=CC(OC)=CC=C1F)CN1CCCC(C1)CCC(=O)N(C)CCC1C=CC=CN=1,0.007899354887194931
O=C(NC1(C#N)CCCC1)CSC1SC(NC2CC2)=NN=1,0.005488413401226922
N1=C(C)NC=C1CN1CCC(CNC(=O)NC2C=CC(=CC=2)C)C1,0.0024671268998645245
C1(C=CC=CC=1C1=CC=C(N=C1)C#N)CN1CCOCC1,0.006073760031722486
OCCN1C2=C(C=CC(=C2)Cl)N=C1CSC1SC(NC2CC2)=NN=1,0.0022230080154258757
C1(=NOC(CCC2C=CC(=CC=2)O)=N1)C1=CN(C=N1)C,0.0035857566632330417
BrC1=CC2=C(N=C(NC2=O)CSC2SC(NC3CC3)=NN=2)C(Br)=C1,0.005275344219990074
C1(C=C(C)C2=C(C=CC(=C2)NC(=O)C2=CC=CC(Br)=C2)N=1)N1CCCCC1,0.007186561729758978
N(C1CCC2(CC1)CCNCC2)[C@H](C)C1=CC=CC(OC)=C1,0.01552762445062399
C1(C=C(C)C2=C(C=CC(=C2)NC(CSC2=CC=CC=C2)=O)N=1)N1CCCCC1,0.005591377429664135
CCN1C2=C(C=C(S(N(C)C)(=O)=O)C=C2)N=C1CSC1SC(NC2CC2)=NN=1,0.003995755955111235
C1(C=C(C)C2=C(C=CC(=C2)NC(CC)=O)N=1)N1CCCCC1,0.0057628795504570006
CC1=C(NC2=NC(CSC3SC(NC4CC4)=NN=3)=NC(N)=N2)C=CC=C1,0.005683136265724897
C1(C=C(C)C2=C(C=CC(=C2)NC(CCCC)=O)N=1)N1CCCCC1,0.006743963970802724
CC(C1=CC=CC=C1)NC(C1=C(NC(CSC2SC(NC3CC3)=NN=2)=O)C=CC=C1)=O,0.007482514530420303
C1(=C(CC)OC=N1)C(=O)N1CCC(CC1)N1C=C(N=N1)C1C=CC=CC=1,0.005725083546712995
CC1=C(C)C(C(CSC2SC(NC3CC3)=NN=2)=O)=C(C)C(C)=C1,0.014219156233593822
C1(C=C(C)C2=C(C=CC(=C2)NC(CCC)=O)N=1)N1CCCCC1,0.0061448475578799846
CC1=CC=C(OC2=CC=C(NC(CSC3SC(NC4CC4)=NN=3)=O)C=C2)C=C1,0.007205922994762659
N1(CC2CC2)C(=O)CCN(C(=O)CCN2C=CC(NC2=O)=O)CC1C(C)C,0.006196604925207794
COC1=C(CSC2SC(NC3CC3)=NN=2)C=CC=C1,0.009132922673597933
N1(C)[C@](C)(C(O)=O)C[C@H](C(=O)N2CCC(CC2)CO)[C@@H]1C1=CC=CC=C1Cl,0.003745788551168516
N1(CC2=CC=C(C=C2)F)C(C(C)C)CN(CCC1=O)CC(OC)=O,0.008830502792261542
C1(C=C(C)C2=C(C=CC(=C2)NC(=O)CC2=CC=CC(OCC)=C2OCC)N=1)N1CCCCC1,0.007460698648355901
C1(=O)CC(CN1CCCC1=CC=CC=C1)NC(=O)CC1C(C)=NON=1,0.006745870155282318
C1(C=C(C)C2=C(C=CC(=C2)NC(CC2C=CC(=C(OCC)C=2)OCC)=O)N=1)N1CCCCC1,0.007620925921946764
C(C1CCCCC1)SC1SC(NC2CC2)=NN=1,0.015567092318087816
N1(CC(CC1=O)NC1CCSCC1)CC1=CC=CC=C1C(F)(F)F,0.005295011959969997
C12C(C3C=CC=C(Cl)C=3)N(CC3=CC=CC=N3)CCC=1C1C(=CC=CC=1)N2,0.008393204864114523
C12=CC(=CC(O)=C1OCCN(C(=O)CN1CCCC1=O)C2)C1=CC=C(C)S1,0.004220567992888391
C(=O)(C1=CC=CC=C1OCC(C)=C)N1CCC[C@H]1C(N)=O,0.00851557687856257
CC1N(CC(F)(F)F)C(C)=C(C(CSC2SC(NC3CC3)=NN=2)=O)C=1,0.00778975470457226
C(C(=O)N(C)CC1=CC=NO1)C1N(CCNC1=O)CC=CC1=CC=CC=C1OC,0.007054947689175606
C1(C=C(C)C2=C(C=CC(=C2)NC(C2=CC=CC=C2)=O)N=1)N1CCCCC1,0.006335609895177186
C1(C(C)=O)=CC(=CS1)CN1CCC(C1)C1=CC=NC(C2=CC=CC=C2)=C1,0.014077914366498589
C1(=COC(COC2C=CC3=C(C=C(C=C3)OC)C=2)=N1)C(=O)N1CCNC(=O)CC1,0.004725985764525831
C1(=CNN=C1C1CCCCC1)CN1CCC(CC1)CCC(=O)NCC1CCCO1,0.008681038301438094
N1C2C(=CC=CC=2OC)C=CC=1N1CCCC(CCC(=O)NCC2C=CC=C(OC)C=2)C1,0.006922795670107007
C1(C=C(C)C2=C(C=CC(=C2)NC(COC2C=CC=CC=2)=O)N=1)N1CCCCC1,0.007052688510157168
N1(CCOC(C2=CC=C(C=C2)Cl)C1)C(=O)CN1CCNC(=O)C1,0.005999082420021296
CCOC(C1=C(CSC2SC(NC3CC3)=NN=2)N=C2C(C=CC=C2)=C1C)=O,0.0065246704034507275
C1(C=COC=1)C(=O)NCC1=CC=CN=C1OC1C(C)=CC=CC=1C,0.006557459081523121
C1(C=C(C)C2=C(C=CC(=C2)NC(COC2C=CC(=CC=2)OC)=O)N=1)N1CCCCC1,0.007108238851651549
N1(CCN2C(CN(CC2)C)C1)C(=O)CSC(C)C,0.010641164565458893
CC(C1=CC=C(CSC2SC(NC3CC3)=NN=2)C=C1)C,0.011587077286094427
C1(C=C(C)C2=C(C=CC(=C2)NC(COC2C=CC(=CC=2)F)=O)N=1)N1CCCCC1,0.005864893924444914
N1=C(C2=CC=C(C(C)=C2)OC)OC(C)=C1CN1CCC(CC1)OCCOC,0.007182972505688667
O=C(C1=CC=C(S(N2CCOCC2)(=O)=O)C=C1)CSC1SC(NC2CC2)=NN=1,0.006495426082983613
C1(C=C(C)C2=C(C=CC(=C2)NC(=O)C2C=CC(=C(Cl)C=2)F)N=1)N1CCCCC1,0.005531691829673946
O=S(C1=CC(CSC2SC(NC3CC3)=NN=2)=CC=C1)(N1CCOCC1)=O,0.004531804751604795
C1(C=C(C)C2=C(C=CC(=C2)NC(=O)C2C=CC(=C(F)C=2)C)N=1)N1CCCCC1,0.005559600167907774
C1(C=C(C)C2=C(C=CC(=C2)NC(CSCC2C=CC(=CC=2)F)=O)N=1)N1CCCCC1,0.004956201836466789
BrC1=CC(CSC2SC(NC3CC3)=NN=2)=CC=C1,0.010460435785353184
C1(C=C(C)C2=C(C=CC(=C2)NC(=O)C2C=CC=C(OC)C=2)N=1)N1CCCC1,0.006840024632401765
N1(C[C@@H]2C[C@H]1CC2)C(=O)C1C=CC=NC=1C1C=CC=C2CNCCC=12,0.007538844086229801
CC1N2C(=NC(=CC2=O)CSC2SC(NC3CC3)=NN=2)SC=1,0.006386047462001443
C1(C=C(C)C2=C(C=CC(=C2)NC(=O)C2C=CC(=CC=2)N(CC)CC)N=1)N1CCCC1,0.008228004118427635
C1(=O)C(C)N(CCN1CC(OC)=O)CC1=CC=CC2OCOC1=2,0.007720289565622806
CC1N(C2CC2)C(C)=C(C(CSC2SC(NC3CC3)=NN=2)=O)C=1,0.01431675609201193
C1(C=C(C)C2=C(C=CC(=C2)NC(=O)C2C=CC(=CC=2)Cl)N=1)N1CCCC1,0.005872276145964861
C(=O)(N[C@@H](C)C1=C(C=CC=N1)C)CC(=O)NC1C=CC(=C(Cl)C=1)C,0.005926579877268523
C1(C=C(C)C2=C(C=CC(=C2)NC(=O)C2=CC=CC(N(C)C)=C2)N=1)N1CCCC1,0.007047329423949122
C12CN(CCC=1ON=C2C1=CC=CC(F)=C1)CC1C=CC(=C(C(O)=O)C=1)O,0.004012645187322051
CC1ON=C(N2C(C)=C(C(CSC3SC(NC4CC4)=NN=3)=O)C=C2C)C=1,0.010860486607998609
N1(C)C(COC2=CC=C(C=C12)C(NCCOC)=O)CC(=O)NC(C)C,0.006959784007631242
O=C1N(CCCSC2SC(NC3CC3)=NN=2)C2=C(C=CC=C2)N1,0.0027002057060599325
C1(C=C(C)C2=C(C=CC(=C2)NC(=O)C2C=CC=C(Cl)C=2)N=1)N1CCCC1,0.005745673854835332
N1(C(C)CCC(OC)=O)CCC(CC1)OC1=CC=CC(=C1)C(NCCOC)=O,0.006740195513702929
C1(C=C(C)C2=C(C=CC(=C2)NC(CCC2CCCC2)=O)N=1)N1CCCC1,0.010366212110966444
C1(CN(C(C)CC)CC2C=CC=CC=2Cl)=CC(=NN1)C,0.00784712703898549
C1(=C2CCCCC2=NN1)C(=O)N1CCCC(C1)CCC(=O)N(C)CCC1C=CC=CN=1,0.006691517843864858
C1(C(O)=O)=CC(=C(CC)S1)C1C=CC(=CC=1)C(C)N1CCOCC1,0.006733799865469336
CC1=CC=C(NC2=NC(CSC3SC(NC4CC4)=NN=3)=NC(N)=N2)C=C1,0.005634698667563498
C1(C=C(C)C2=C(C=CC(=C2)NC(=O)C2C=CC(=C(OC)C=2)OC)N=1)N1CCCC1,0.007554849470034241
C(=O)(N1CCCC1)C1CCCN(C2CCN(CC2)C(=O)C2C=NC=CN=2)C1,0.009977605147287249
C(=O)(CC(C1C=CC=CC=1)C1C=CC=CC=1Cl)N1CCC(CC1)N1CCCC1,0.011894916975870728
C1(C=C(C)C2=C(C=CC(=C2)NC(CC2C=CC(=C(OC)C=2)OC)=O)N=1)N1CCCC1,0.007764365384355187
C(=O)(CCC1C=CC=CC=1O)N(CCC)CC1=CC=CC=C1OC,0.006520742038264871
C1(C=C(C)C2=C(C=CC(=C2)NC(=O)C2C=CC=CC=2F)N=1)N1CCCC1,0.006417398527264595
C12=C(CCN(C(=O)C(N)=O)C1)ON=C2C1=CC=CC2=CC=CC=C12,0.007426637364551425
C(=O)(N(C)C)C1C=CC=CC=1C1C=CC=C(Cl)C=1,0.00972198941744864
C12=C(CCN(C1)C1=NC=CC(NCC)=N1)ON=C2C1=CC=CC(F)=C1,0.0049821225926280025
C1(C=C(C)C2=C(C=CC(=C2)NC(CC2C=CC=C(OC)C=2)=O)N=1)N1CCCC1,0.007169644837267697
CN(C(CSC1SC(NC2CC2)=NN=1)=O)CC(NC1=C(C(F)(F)F)C=CC=C1)=O,0.005867600766941905
C1(=CN=C2N(C(C)=CC=C2)C1=O)C(=O)N(C)CC1NN=C(C(C)(C)C)C=1,0.005438432889059186
C1(C=C(C)C2=C(C=CC(=C2)NC(CC2C=CC(=CC=2)OC)=O)N=1)N1CCCC1,0.007333929650485516
C1(C=C(C)C2=C(C=CC(=C2)NC(CCC2C=CC(=CC=2)OC)=O)N=1)N1CCCC1,0.0075482135405763985
CC(C1=C(C)C(CSC2SC(NC3CC3)=NN=2)=C(C)C=C1C)=O,0.013643369311466813
C1(=CN=C(N=C1C1C=CC=CC=1)N)C(=O)N1CCCC(C1)C1=CC=NN1,0.0023678266850765796
COC1=CC(C2N=C(CSC3SC(NC4CC4)=NN=3)ON=2)=CC=C1,0.007354745967313647
S(=O)(=O)(C1C=CC=NC=1)N1CCCC(CO)(CC2C=CC=C(Cl)C=2)C1,0.002390462561743334
C1(=CC=C(C=C1OCC(O)CN1CCCCCCC1)OC)CN1CCN(CC1)C,0.007073550694622099
S(C)(=O)(=O)CC(=O)N1CCOC2=C(C=C(C3C=CC=CC=3C)C=C2C1)O,0.004503871407359838
CC(C1=CC=C(F)C=C1)SC1SC(NC2CC2)=NN=1,0.007728150323964655
N1C(C)=CC=CC=1CCNCC1=CC=C(C(OC)=C1)OCC(O)CN1CCCC1,0.004247206682339311
C1(C=C(C)C2=C(C=CC(=C2)NC(=O)C2=CC(OC)=C(C(OC)=C2)OC)N=1)N1CCCC1,0.0073003201512619855
C(C1OC2=C(C=CC=C2)OC1)SC1SC(NC2CC2)=NN=1,0.009344970248639584
N1C(C)=NOC=1C1C=CN=C(C2=CC=CC(C(C)N3CCCC3)=C2)C=1,0.012117410823702813
CCN1C2=C(C=C(S(N3CCCCC3)(=O)=O)C=C2)N=C1CSC1SC(NC2CC2)=NN=1,0.003760834387503564
C1(C=C(C)C2=C(C=CC(=C2)NC(C2CCCCC2)=O)N=1)N1CCCC1,0.009670636476948857
N1=C(C=CN=C1N(C)CC1C=CC=C2C=NC=CC=12)N1CCC(O)C1,0.0024784490873571486
CCN1C2=C(C=C(S(N3CCOCC3)(=O)=O)C=C2)N=C1CSC1SC(NC2CC2)=NN=1,0.0035719073610380294
C1(C=C(C)C2=C(C=CC(=C2)NC(=O)C2C=CC(=CC=2)Br)N=1)N1CCCC1,0.007677122857421637
N1(CCN(C(=O)C1C)C)C(=O)C1=CC(C2C=NNC=2)=NC2=CC=C(C)C=C12,0.003973516437690705
C1(C=C(C)C2=C(C=CC(=C2)NC(=O)C2C=CC(=CC=2)OC)N=1)N1CCCC1,0.007133608730509877
C1(OC(=C(CN(CC)CCN2C=CC=N2)N=1)C)C1=CC=C(C=C1F)F,0.006422179914079606
N1(C2C=CC(=CC=2F)F)C=C(C(C2C=CC=CC=2C)=N1)CNCCC1NC=C(C)N=1,0.0035973252961412072
C1(C=C(C)C2=C(C=CC(=C2)NC(CC2CCCC2)=O)N=1)N1CCCC1,0.009555585496127606
C1(C(C)=C(C2=CC=CC=N2)N=C(N)C=1C#N)C1=CC2OCOC=2C=C1OC,0.004778197384439409
O=C(NC1(C#N)CCCCC1)CSC1SC(NC2CC2)=NN=1,0.005868893761658001
C(=O)(NC1C=CC(=CC=1)C)C(=O)N(CCOC)CC1=CC=CS1,0.005895635415799916
COC1=CC=C(C2CC(C3OC=CC=3)N(C(CSC3SC(NC4CC4)=NN=3)=O)N=2)C=C1,0.0065796267939731475
C1(OC)=CC(CNCCC2C=CC=NC=2)=CC=C1OCC(O)CN(CC)CC,0.0058108507189899685
CC(C(C#N)(NC(C(SC1SC(NC2CC2)=NN=1)C)=O)C)C,0.006085672885268423
C1(=NC=CC(CCC(F)(F)F)=N1)N(C)CC1C=CC2C(=NON=2)C=1,0.003651075507514179
CC1SC2=C(C=CC=C2)N(C(CSC2SC(NC3CC3)=NN=2)=O)CC1,0.008761754864826799
N1(C2C=CC=CC=2F)C=C(C(C2C=CC(=CC=2)OC)=N1)CNCCCN1CCOCC1,0.005810703709721565
C1(C=C(C)C2=C(C=CC(=C2)NC(CC(C)C)=O)N=1)N1CCCC1,0.007577230641618371
C1(=CC=C(COC)S1)C(=O)N1CCCC(CO)(CCC2=CC=CC=C2)C1,0.00493700688239187
CC1N(CC2=CC=C(F)C=C2)C(C)=C(C(CSC2SC(NC3CC3)=NN=2)=O)C=1,0.00959323551505804
N1(CCN(C(CCO)C1)CC(C)C)C1CC(C)(C)CC(C)(C)C1,0.012149967532604933
O=C(N1C(=O)NCC1)CSC1SC(NC2CC2)=NN=1,0.0015853303950279952
N1(CCCC(C1)N1CCN(CC1)C1C=CC=C(C=1)C(F)(F)F)C(=O)C1=CC=CO1,0.005994374421425164
C(=O)(N(C)CC1=CC=C(C)O1)C1CCCN(C2CCN(CC2)C)C1,0.014342050720006227
N1N(CCC(=O)N(C)C(C)C2=CC=CS2)C2C(=CC=CC=2)N=1,0.007164298766292631
ClC1=CC=C(C2SC=C(CSC3SC(NC4CC4)=NN=3)N=2)C=C1,0.006299791182391346
N1(CCCC(C(NCCC2C=CC=CC=2)=O)C1)C1CCN(CC1)CCCF,0.008636921038851142
C1(C=C(C)C2=C(C=CC(=C2)NC(=O)C2C=CC(=CC=2)OCC)N=1)N1CCCC1,0.007280494063161313
N1(CCOC(C1)C1=CC=C(C(Cl)=C1)Cl)C(=O)CCN,0.008663470833562314
O=C1C2=C(C=CC=C2)S(=O)(=O)N1CCSC1SC(NC2CC2)=NN=1,0.005352255539037287
C1(C=C(C)C2=C(C=CC(=C2)NC(COC2C=CC(=CC=2)Cl)=O)N=1)N1CCCC1,0.006219204887747765
C1(C=NN(C)C=1)C1CCN(CC=1)CCC(=O)N1CCC2C(=CC=CC=2)C1,0.013039770210161805
CC1=C(C2=CC=C(C)C=C2)C2=C(N=C(NC2=O)CSC2SC(NC3CC3)=NN=2)S1,0.00425035513471812
N1(CCCC(C1)N1CCCC1)C1CCN(CC1)C1C=CC(=C(F)C=1)F,0.014441673457622529
CC(C1NC(=O)C2=C(SC(=C2C)C)N=1)SC1SC(NC2CC2)=NN=1,0.004448028374463319
C1(C=C(C)C2=C(C=CC(=C2)NC(CC2CCCCC2)=O)N=1)N1CCCC1,0.010094176838174462
N1(C[C@@H]2[C@@H]([C@@H]3CC[C@H]2CC3)C1)C(=O)C1C=CC(=CC=1)CCN,0.013372086813205897
C1(=CC=CN=C1CN(C)CC1C=CC(=CN=1)CC)C(O)=O,0.006753156590275466
ClC1=C(C2C3=C(N=C(NC3=O)CSC3SC(NC4CC4)=NN=3)SC=2)C=CC=C1,0.003277281625196338
C1(N(C)C2=C(C=CC=C2)N=1)C1C=C2N(CCN(C[C@H]3C[C@H]3C(OCC)=O)C2)N=1,0.008106486219912768
O=C(C1=CC2=C(NC(C2)=O)C=C1)CSC1SC(NC2CC2)=NN=1,0.009495986439287663
C1(C=C(C)C2=C(C=CC(=C2)NC(CC2C=CC(=C(OCC)C=2)OCC)=O)N=1)N1CCCC1,0.008275923668406904
CC1=CN2C(=NC(=C2)CSC2SC(NC3CC3)=NN=2)C=C1,0.005205559718888253
C1(C=C(C)C2=C(C=CC(=C2)NC(=O)C2=CC=C(C=C2)F)N=1)N1CCCC1,0.005694348202086985
CC1C2=C(C=CC=C2)OC=1C(CSC1SC(NC2CC2)=NN=1)=O,0.011359016271308064
C1(C=C(C)C2=C(C=CC(=C2)NC(C2=CC=CC=C2)=O)N=1)N1CCCC1,0.0066094139590859415
C1(C=C(C)C2=C(C=CC(=C2)NC(COC2C=CC=CC=2)=O)N=1)N1CCCC1,0.007428581244312227
C1(C=C(C)C2=C(C=CC(=C2)NC(COC2C=CC(=CC=2)OC)=O)N=1)N1CCCC1,0.007538875588215888
C1(C=C(C)C2=C(C=CC(=C2)NC(=O)C2C=CC(=CC=2)Cl)N=1)N1CCN(CC1)CC,0.005626319150906056
C1(C=C(C)C2=C(C=CC(=C2)NC(=O)C2=CC=CC(N(C)C)=C2)N=1)N1CCN(CC1)CC,0.006718990649096668
N1C(C2=CC=CN=C2)=NC2=C(CCN(C(=O)[C@@H](N)C(C)(C)C)C2)C=1N(C)C,0.008562043658457696
CC1C2N(C(C=C(N=2)CSC2SC(NC3CC3)=NN=2)=O)C=CC=1,0.005583414575085044
C1(C2C=CC=C(C=2)NC(=O)C2CCN(CC2)CC2C=NN(C)C=2)SC(=NN=1)C,0.005829730955883861
C1(C=C(C)C2=C(C=CC(=C2)NC(CCC2CCCC2)=O)N=1)N1CCN(CC1)CC,0.009217981086112558
N1(C2C=CC3=C(OCO3)C=2)C(=O)NN=C1CC1=CC=CC=C1,0.0033667149604298175
CN1C2=C(N(C(N(C2=O)CCCSC2SC(NC3CC3)=NN=2)=O)C)N=C1,0.004446559969801455
C1(C=C(C)C2=C(C=CC(=C2)NC(=O)C2=CC=CO2)N=1)N1CCN(CC1)CC,0.0066318809753283855
C1(=NC=C(CN(C)CC)N1CCOC)S(=O)(=O)CC1CC1,0.007621772540733218
O=C(NCCC#N)CSC1SC(NC2CC2)=NN=1,0.0035789642683084822
C1(C=C(C)C2=C(C=CC(=C2)NC(CC2C=CC=C(OC)C=2)=O)N=1)N1CCN(CC1)CC,0.006544323335401714
C1(=CN(N=C1C)CCC)C(=O)NC(C)C1CCCCC=1,0.015361552778631448
COC(C(C1=CC=CC=C1)SC1SC(NC2CC2)=NN=1)=O,0.008157096104696393
C1(C=C(C)C2=C(C=CC(=C2)NC(=O)C2C=CC=CN=2)N=1)N1CCN(CC1)CC,0.005913018574938178
S1C(CN2CCC(CC2)N2CCC(CC2)C(=O)NCC2=CC=CN=C2)=CC=C1Cl,0.007013262249529362
COC1=C(NC(CSC2SC(NC3CC3)=NN=2)=O)C=C(S(N(C)C)(=O)=O)C=C1,0.005041777598671615
C1(C=C(C)C2=C(C=CC(=C2)NC(=O)C2C=CC=CC=2C)N=1)N1CCN(CC1)CC,0.006724653858691454
N1(C2C=CC=CC=2OC)C(SCC(O)=O)=NN=C1C1CC(N(C)C1)=O,0.00544507761951536
C1(C=C(C)C2=C(C=CC(=C2)NC(=O)C2C=CC=C(C)C=2)N=1)N1CCN(CC1)CC,0.00666348454542458
C12CN(CCOC1=C(C=C(C1=CC=C(C=N1)Cl)C=2)O)CCNC(C)=O,0.003507645521312952
C1(C=C(C)C2=C(C=CC(=C2)NC(=O)C2C=CC(=CC=2)C)N=1)N1CCN(CC1)CC,0.006764894188381732
N1=C(C=CN1C1C=CN=CC=1)C1C=C(Cl)C=CC=1O,0.004205149319022894
CS(CCSC1SC(NC2CC2)=NN=1)(=O)=O,0.005359556758776307
C(=O)(N(C)CC1CCCN(CCC2=CC=C(C=C2)Cl)C1)C1C=CC=CC=1C(OC)=O,0.009256745525635778
C1(C=C(C)C2=C(C=CC(=C2)NC(=O)C2=CC(OC)=C(C(OC)=C2)OC)N=1)N1CCN(CC1)CC,0.006543688988313079
C1(C=C(C)C2=C(C=CC(=C2)NC(=O)C2C=CC(=CC=2)Br)N=1)N1CCN(CC1)CC,0.007027330482378602
N1=C(C2=CC=C(C(C)=C2)OC)OC(C)=C1CN1CCC(CC1)C(=O)N1CCCCC1,0.009217625111341476
O=C(C1=CC=C(S(N2CCCC2)(=O)=O)C=C1)CSC1SC(NC2CC2)=NN=1,0.007809500489383936
C1(CCC1)(COC)C(NCCC1CCOC1)=O,0.015686993813142182
C1(C=C(C)C2=C(C=CC(=C2)NC(C(CC)CC)=O)N=1)N1CCN(CC1)CC,0.008229576330631972
N1(CCN(CC1)CC1=CC=CN=C1OC)C1=CC=C(N=N1)Cl,0.006123810075223446
C(C1ON=C(C2SC=CC=2)N=1)SC1SC(NC2CC2)=NN=1,0.006948079261928797
S(N)(=O)(=O)C1=CC=C(C=C1)CCNC1N=CN=C(N2CCOCC2)C=1,0.004070699494332075
C1(C=C(C)C2=C(C=CC(=C2)NC(=O)C2C=CC(=CC=2)OC)N=1)N1CCN(CC1)CC,0.006714884960092604
C1(CNC2CCN(CC2)C2=CC=C(N=N2)Cl)=CN(N=C1C)CC=C,0.007379216817207634
CC(C(C1=CC2=C(OCC(N2)=O)C=C1)=O)SC1SC(NC2CC2)=NN=1,0.00841779129114002
FC1=CC=C(OCCCSC2SC(NC3CC3)=NN=2)C=C1,0.006766859721392393
C1(C=C(C)C2=C(C=CC(=C2)NC(CC2CCCC2)=O)N=1)N1CCN(CC1)CC,0.008591238968074321
N1N(CC2CCCN(CC=CC=CC3=CC=C(C=C3)F)C2)C=C(CN)N=1,0.007305016741156578
O=C(N1N=C(C2=CC=CC=C2)CC1)CSC1SC(NC2CC2)=NN=1,0.006494528707116842
C1(C=C(C)C2=C(C=CC(=C2)NC(CC(C)C)=O)N=1)N1CCN(CC1)CC,0.007386642158962786
C1(C(=O)N2C[C@H](C)O[C@H](C)C2)=C(CNCCCN2C=CN=C2C)N2C(SC=C2)=N1,0.00416096153203398
C1(C=C(C)C2=C(C=CC(=C2)NC(=O)CC2=CC=CS2)N=1)N1CCN(CC1)CC,0.005314514553174376
CC(C1=CC=C(C2=CC=CC=C2)C=C1)NC(CSC1SC(NC2CC2)=NN=1)=O,0.008167311944998801
N1(CCC2C(=CC=CC=2)C1)CC(O)COC1C=CC(=CC=1)CN1CCC(CC1)C(N)=O,0.0040828008553944525
C1(C=C(C)C2=C(C=CC(=C2)NC(=O)C2=CC=CC(Br)=C2)N=1)N1CCN(CC1)CC,0.006944996048696339
N1C(CN(C)CC2C=C(NN=2)COC)=C(OC=1C1=CC=C(C)S1)C,0.003975601284764707
C1(N2CCN(CC2)C2CC3C(=CC=CC=3)C2)N(CCO)C2=C(C=CC=C2)N=1,0.003650395234581083
O=C(N(C1=CC=CC=C1)C1CS(=O)(=O)CC1)CSC1SC(NC2CC2)=NN=1,0.005958195310086012
N1(CCCC(CCC(=O)NC2CC2)C1)C(CCC1C=CC(=CC=1)OC)=O,0.01022185585461557
O=C(NC1=C(C(NC2CCCC2)=O)C=CC=C1)CSC1SC(NC2CC2)=NN=1,0.008618038240820169
C1(C=CC(NN=1)=O)C(=O)N1CCCC(C1)C1NN=CC=1CC1C=CC=CC=1,0.0040470199543051425
C1(C=C(C)C2=C(C=CC(=C2)NC(=O)C2C=CC=CC=2Cl)N=1)N1CCN(CC1)CC,0.005621420952957123
N1C(C)=NOC=1C(CC)NC(=O)CC(=O)NC1C=CC(=C(Cl)C=1)C,0.0066449439618736506
ClC(CSC1SC(NC2CC2)=NN=1)=C,0.00977121596224606
C1(C=C(C)C2=C(C=CC(=C2)NC(=O)C2C3=CC=CC=C3N=C(C3=CC=CO3)C=2)N=1)N1CCN(CC1)CC,0.006690368382260203
C12CN(CCN1C(CNC2=O)=O)C(=O)CN1C2=CC=CC=C2C=N1,0.0058757693506777285
C1(C=C(C)C2=C(C=CC(=C2)NC(CSC2=CC=CC=C2)=O)N=1)N1CCN(CC1)CC,0.00553752884734422
C1(=NC=CC(C)=N1)N1CCC(CC1)N1CCCC(C1)C(=O)N1CCCC1,0.010934376204386354
C1(=NC=CC=C1CNCC1=CC=C(C=C1)C(OC)=O)OC1=CC=C(N=C1)C,0.006033653765916825
CN1C(NC(CSC2SC(NC3CC3)=NN=2)=O)=CC(C2=CC=C(Cl)C=C2)=N1,0.0056196184596046805
C1(C=C(OC=1C)C)C1=CC(C2C=C(OC)C(=C(OC)C=2)O)=C(C(N)=N1)C#N,0.0031556620611809193
CC1C(NC(CSC2SC(NC3CC3)=NN=2)=O)=C(C)N(C2=CC=C(C)C=C2)N=1,0.007265989785082638
N1(CCCC(C1)CCC(=O)NC1C=CC(=C(Cl)C=1)OC)CC1=CC=C(C=C1)NC(C)=O,0.006719656498171389
CC(C(NC1=CC=C(CC2SC3=C(C=CC=C3)N=2)C=C1)=O)SC1SC(NC2CC2)=NN=1,0.007349731912836432
C1(C=C(C)C2=C(C=CC(=C2)NC(CCCC)=O)N=1)N1CCN(CC1)CC,0.007039292505942285
C1(C=C(C)C2=C(C=CC(=C2)NC(CCC)=O)N=1)N1CCN(CC1)CC,0.006458722241222859
C1(C=C(C)C2=C(C=CC(=C2)NC(=O)CC2=CC=CC(OCC)=C2OCC)N=1)N1CCN(CC1)CC,0.007239338103681802
C1(=COC(COC2C=CC(=CC=2)F)=N1)C(=O)N(CC)CC1CCN(C)C1,0.006829224247485399
N(C)(C(C)C)CC(O)COC1=CC=C(C=C1OC)CNCCOC1C=CC=NC=1,0.005444136518053711
C1(C=C(C)C2=C(C=CC(=C2)NC(CC2C=CC(=C(OCC)C=2)OCC)=O)N=1)N1CCN(CC1)CC,0.007285052910447121
N1(CCCC(CCC(=O)NC2C=CC(=C(Cl)C=2)OC)C1)C(CCC(OC)=O)=O,0.00697082111146301
C(=O)(C1=CC=C(N=C1)N(C)CCNC)N1CCCC(C2=CC=CC=C2)CC1,0.0076611170312389735
N1C2C=CC=CC=2N(CCCN(C)CC2C=C(NN=2)C)C=1,0.005281320004723966
CN1C(C(CSC2SC(NC3CC3)=NN=2)=O)=CC=C1,0.01260482524521649
C(=O)(NC1C=CC=C(C=1)NC(=O)C1=CC=CC(=O)N1)C1C=CC=CC=1OC,0.0047572457580827175
O=C(NC1C2=C(C=CC=C2)OC=1C#N)CSC1S/C(=N/C2CC2)/NN=1,0.004272555187344551
C1(C=C(C)C2=C(C=CC(=C2)NC(=O)C2=CC=C(C=C2)F)N=1)N1CCN(CC1)CC,0.005368375824764371
C1(=CC=NN1C(C)C(C)C)NC(=O)C1C=CC=CC=1N1C=NC=N1,0.006517124548554421
CC(N(C1=CC=CC=C1)C1SC=C(CSC2SC(NC3CC3)=NN=2)N=1)=O,0.007296866364777088
C1(C=C(C)C2=C(C=CC(=C2)NC(C2=CC=CC=C2)=O)N=1)N1CCN(CC1)CC,0.006300987233407796
O=C(NC1=C(C(NC2CC2)=O)C=CC=C1)CSC1SC(NC2CC2)=NN=1,0.008449415070936083
C1(C=C(C)C2=C(C=CC(=C2)NC(COC2C=CC=CC=2)=O)N=1)N1CCN(CC1)CC,0.006917284103110433
C12N(C(CC)CC)N=CC=1NC(C1=NN(C=C1Cl)C)=N2,0.004679584212135523
C1(C=C(C)C2=C(C=CC(=C2)NC(COC2C=CC(=CC=2)OC)=O)N=1)N1CCN(CC1)CC,0.006923910742625594
CC(C1=C(NC(CSC2SC(NC3CC3)=NN=2)=O)C=C2C(OCO2)=C1)=O,0.009171327902004122
C1(=CC=C(C)S1)C(=O)N(CC1=CC=CN=C1)CC1=CC=CC=C1OC,0.008905219146981835
CC1N=C(NC(CSC2SC(NC3CC3)=NN=2)=O)SC=1,0.006279722484759986
C1(C=C(C)C2=C(C=CC(=C2)NC(COC2C=CC(=CC=2)F)=O)N=1)N1CCN(CC1)CC,0.005639243475161493
CC(C(C1=CC=C(NS(C)(=O)=O)C=C1)=O)SC1SC(NC2CC2)=NN=1,0.006729400996118784
C1(C=C(C)C2=C(C=CC(=C2)NC(=O)C2C=CC(=C(F)C=2)C)N=1)N1CCN(CC1)CC,0.005456654937006533
O=C(N1CCN(C(C2OC3=C(C=CC=C3)OC2)=O)CC1)CSC1SC(NC2CC2)=NN=1,0.005964649468660354
C1(=CSC(CC2=CC=CC=C2)=N1)C(=O)NCC1C=CON=1,0.005724749062210321
N1C2C=CC(=CC=2C(=CC=1N(CC)CC)C)NC(=O)C1C=CC(=CC=1)Cl,0.006119279412087053
CC1N(C2CS(=O)(=O)CC2)C(C)=C(C(CSC2SC(NC3CC3)=NN=2)=O)C=1,0.00842216140590608
N1C2C=CC(=CC=2C(=CC=1N(CC)CC)C)NC(=O)C1=CC=CC(N(C)C)=C1,0.0075250966241583225
N1=NC(=CN1C1CCN(CC1)CCOC)C1=CC(F)=CC(F)=C1,0.005845655291341245
CC(C1=CC=CC=C1)SC1SC(NC2CC2)=NN=1,0.010553377401083707
C1(C2CCCC=2NN=1)C(=O)N1CCC2=C(N=C(NC2=O)C2=CC=CC=N2)C1,0.005465010204352439
CC(C1=CC2=C(C=CC=C2)C=C1)NC(CSC1SC(NC2CC2)=NN=1)=O,0.0077042878605425354
C(=O)(NC1C=CC2=C(C(C)=CC(N(CC)CC)=N2)C=1)C1=CC=CC=C1Br,0.008065247884951532
CC1N(C2=CC=C(S(N)(=O)=O)C=C2)C(C)=C(C(CSC2SC(NC3CC3)=NN=2)=O)C=1,0.0070264737354591485
N1(CCCC(C1)C(=O)NC1=CC=CC=C1OC1C=CC=NC=1)C(=O)C1C=NSN=1,0.005735148186795413
N1C2C=CC(=CC=2C(=CC=1N(CC)CC)C)NC(=O)C1C=CC(=CC=1)N(C)C,0.007663203100673854
N1C2C=CC(=CC=2C(=CC=1N(CC)CC)C)NC(=O)C1C=CC=C(C)C=1,0.007469004741869867
C(C1OC2=C(C=CC=C2)N=1)SC1SC(NC2CC2)=NN=1,0.005658177216537297
N1(C(C)C)C=C(C=N1)CN1CCN(C(CCO)C1)CC1=CC=C(C(C)=C1)OC,0.006417724490165711
C(=O)(NC1C=CC(=C(Cl)C=1)C)CC(NCCN1CCCCC1CO)=O,0.0031535437796264888
N1C2C=CC(=CC=2C(=CC=1N(CC)CC)C)NC(=O)C1C=CC(=CC=1)C,0.007587683969177306
CC1=NN(C2=CC=C(C)C=C2)C(NC(CSC2SC(NC3CC3)=NN=2)=O)=C1,0.006005408056080341
C1(C(C)NC(=O)C2=CC=C(C=C2)CN2C(C)=CC(C)=N2)=NN=CN1C(C)C,0.00969634293578565
N1(CCC(CC1)N(CCO)CC1=CC=CC=C1C)C(C)=O,0.004354855592828244
C(C1N=C2N(C=CC=C2)C=1)SC1SC(NC2CC2)=NN=1,0.0047361414646729825
N1=NNC(C2=CC=CC=C2CN(C)CC2C(=CC=CN=2)C)=N1,0.0038342187530361117
O=C(C1=CC=C(CSC2SC(NC3CC3)=NN=2)C=C1)NC1=CC=CC=C1,0.007066601957194507
CN(C(CSC1SC(NC2CC2)=NN=1)=O)CC1SC(Cl)=CC=1,0.006869262014515698
N1C2C=CC(=CC=2C(=CC=1N(CC)CC)C)NC(=O)C1C=CC(=CC=1)Br,0.00803524067159742
CC1=C2C(C=CC=C2)=NC(CSC2SC(NC3CC3)=NN=2)=C1Cl,0.0071963433874771
N1C2C=CC(=CC=2C(=CC=1N(CC)CC)C)NC(C(CC)CC)=O,0.009243134129792451
CC(C(C1C2=C(C=CC=C2)NC=1)=O)SC1SC(NC2CC2)=NN=1,0.00750692670699209
N1C2C=CC(=CC=2C(=CC=1N(CC)CC)C)NC(CC1CCCC1)=O,0.009626294067129493
CN(C(CN1CCN(C(CSC2SC(NC3CC3)=NN=2)=O)CC1)=O)C,0.006980967847630382
C1(CN2CCCC(CN3C=CN=C3)C2)C2C=CC=CC=2N(C)C=1,0.008543700561858714
O=C(C1=CC2=C(CCCC2)C=C1)CSC1SC(NC2CC2)=NN=1,0.013850714918226004
C1(=NC=CC=C1CNC(CNC)=O)OC1C=CC(=CC=1F)F,0.004762332630343735
CN(S(C)(=O)=O)C1=CC=C(C(CSC2SC(NC3CC3)=NN=2)=O)C=C1,0.007397911185398698
C12NC(=NC=1N(N=C2C(C)C)C)C1C=CC(=NC=1)C(F)(F)F,0.002297983510652557
CC1=CC=C(C2=NOC(NC(CSC3SC(NC4CC4)=NN=3)=O)=C2)C=C1,0.006316779530607164
O=C1C2=C(SC(C3=CC=CC=C3)=C2)N=C(CSC2SC(NC3CC3)=NN=2)N1,0.003785877244081348
C1(=CSC(C2C=CC=CC=2)=N1)C1NC=NC=1C1C=CC=CC=1,0.004392186109907925
N1C2C=CC(=CC=2C(=CC=1N(CC)CC)C)NC(CC1CCCCC1)=O,0.01022081533446908
N1(CCCC(C(=O)NCC2C=CN=CN=2)C1)C1CCN(CC1)CC1C=CC=CC=1,0.007842927891761064
CS(N1C2=C(C=C(C(CSC3SC(NC4CC4)=NN=3)=O)C=C2)CCC1)(=O)=O,0.0074784401804208755
N1C2C=CC(=CC=2C(=CC=1N(CC)CC)C)NC(=O)C1=CC=CC(Br)=C1,0.007898871414363384
N1=C(C=CN=C1N1CCNC(C(O)=O)C1)N1CCC(CC1)O,0.0014348259195685388
ClC1SC(Cl)=C(C(CSC2SC(NC3CC3)=NN=2)=O)C=1,0.010895973537117243
ClC1=CC=C(C2N=C(CSC3SC(NC4CC4)=NN=3)ON=2)C=C1,0.006176059739664197
N1C(OC(C)C)=CC(=NC=1N)NCC1=CC=CC(=C1)C1NN=NN=1,0.002411149372346699
COC1=C(F)C=C(CN(C(CSC2SC(NC3CC3)=NN=2)=O)C)C=C1,0.00783889638260007
C1(N(CCNC(C)=O)C=NC=1C1=CC=CC=C1)C1=CC=C(C(C)=C1C)OC,0.006589308800175786
O=C(N(C1CS(=O)(=O)CC1)CC1OCCC1)CSC1SC(NC2CC2)=NN=1,0.006900552567094565
O=C(NC1=CC2=C(OC3(O2)CCCCC3)C=C1)CSC1SC(NC2CC2)=NN=1,0.008163501392118633
C1(=NN=CN1C1C=CC(=CC=1)OC)CN(C)S(C)(=O)=O,0.004967436625156552
OC(C1=CC(CSC2SC(NC3CC3)=NN=2)=CC=C1)=O,0.004962089192122221
N1C2C=CC(=CC=2C(=CC=1N(CC)CC)C)NC(CC1C=CC(=C(OCC)C=1)OCC)=O,0.008886976726353168
C1(C(=O)N2CCCC(C2)C(=O)C2C=CC3=C(C=CC(OC)=C3)C=2)=CC(=O)N(C(=O)N1C)C,0.008704471122473478
N1C2C=CC(=CC=2C(=CC=1N(CC)CC)C)NC(C1=CC=CC=C1)=O,0.0067564080702140926
N1C2C=CC(=CC=2C(=CC=1N(CC)CC)C)NC(COC1C=CC(=CC=1)OC)=O,0.008102519088424742
N1(CCN(CC1)[C@@H]1CCN(C[C@H]1O)CC1=CC=C(C=C1)Cl)C1=CC=CC=N1,0.002378375467378646
CC(C1=CC=C(C2N=C(CSC3SC(NC4CC4)=NN=3)ON=2)C=C1)C,0.008674353500828147
N1(CCC2=CC=C(C=C2)OC)CC(CCC1=O)C(=O)NCC1C=C(NN=1)COC,0.005194732337258756
N1C(C2C=CC=NC=2)=CC(NC=1C1=CC=CC(CN2CCOCCC2)=C1)=O,0.0044709921581670645
CC1=C(C2OC(CSC3SC(NC4CC4)=NN=3)=NN=2)C(C2=CC=CC=C2)=NO1,0.008151474222540856
N1(CC2C(=C(C3=CC=CN=C3)N=C(N)N=2)C1)C(=O)C1C=CC=C(C=1)N1C=CC=N1,0.004789275000803173
N1C2C=CC(=CC=2C(=CC=1N(CC)CC)C)NC(=O)C1C=CC(=C(F)C=1)C,0.006037690863013268
N1(C=CN=C1C)C1C=CC(=CC=1)CNC(=O)C1CCC(N(CCOC)C1)=O,0.004490807733964175
C1(C=C(C)C2C(=CC=C(C=2)NC(=O)C2C=CC(=CC=2)Cl)N=1)N1CCC(CC1)C,0.006429746584035456
CCCN1C2=C(C=C(S(N3CCOCC3)(=O)=O)C=C2)N=C1CSC1SC(NC2CC2)=NN=1,0.00368915539002046
C12CN(C3CCOCC3)CCC=1NN=C2C1C=CC=C(C=1C)C(F)(F)F,0.004510572948493064
C1(C=C(C)C2C(=CC=C(C=2)NC(=O)C2C=CC(=CC=2)N(C)C)N=1)N1CCC(CC1)C,0.00765550450887531
C1(C=C(C)C2C(=CC=C(C=2)NC(=O)C2C=CC=CC=2F)N=1)N1CCC(CC1)C,0.006607182160951197
O=C(N1CCC(C2OC3=C(C=CC=C3)N=2)CC1)CSC1SC(NC2CC2)=NN=1,0.005319057032465935
CCS(N1C2=C(C=C(C(CSC3SC(NC4CC4)=NN=3)=O)C=C2)CC1)(=O)=O,0.007333764201030135
C1(C=C(C)C2C(=CC=C(C=2)NC(=O)C2C=CC=CN=2)N=1)N1CCC(CC1)C,0.006638015527278185
C1(=NC=CC=C1CNC(CCC1SC=NC=1C)=O)N1CCOCC1,0.004898221930488944
C1(C=C(C)C2C(=CC=C(C=2)NC(=O)C2C=CC=CC=2C)N=1)N1CCC(CC1)C,0.007819635700434447
ClC1=C(CN2CC(CSC3SC(NC4CC4)=NN=3)OCC2)C=CC=C1,0.007310305302962661
C1(C=C(C)C2C(=CC=C(C=2)NC(=O)C2C=CC=C(C)C=2)N=1)N1CCC(CC1)C,0.0077396963955834504
CC(CN1C(C2=CC=CC=C2)=CN=C1SCC(NC1=CC(NC(C)=O)=CC=C1)=O)C,0.005485149601008743
C1(=O)C2C=CC=CC=2N=CN1CCC(=O)N(CC=CC1C=CC=CC=1)CC(C)C,0.010265401005744934
CCCN(C(CSC1N(CC(C)C)C(C2=CC=CC=C2)=CN=1)=O)C1CS(=O)(=O)CC1,0.007157729752361774
C1(CN(C)C(=O)CCNC(=O)C2C=CC=CC=2F)C(C)=NON=1,0.005541503964923322
CCN(C(CSC1N(CC)C(=O)C2=C(C=C3C(=C2)C=CC=C3)N=1)=O)C1CCCCC1,0.010576136270537972
CC1=C(N)C(C(OCC(NC2=CC3=C(OCO3)C=C2)=O)=O)=CC=C1,0.0054883368778973814
N1(C2=CC=CC(CNC(CC)=O)=C2)C(C)=C(C(C)=N1)CC(C)=O,0.00893811988644302
C1(C=C(C)C2C(=CC=C(C=2)NC(=O)C2C=CC(=CC=2)C)N=1)N1CCC(CC1)C,0.00787166387308389
C1(CNC(=O)C2=CC=CC=C2NCC(O)=O)=C(C)C=C(N=C1OC)C,0.004541737376712263
COC1=CC=C(CNC(COC(C2=C(N)C(C)=CC=C2)=O)=O)C=C1,0.005954435653984546
C1(C=NN(CC)C=1)C(=O)NCC1CCN(CC2SC=CC=2C)C1,0.008191870292648673
C1(C=C(C)C2C(=CC=C(C=2)NC(CC2CCCC2)=O)N=1)N1CCC(CC1)C,0.00919572771526873
N1(C2CCCC2)CCC(CC1)CN(CC1CCCO1)CC1C=CC(=C(COC)C=1)OC,0.01908827107399702
N12C=CC=CC1=NC=C2CNC(=O)C1CCC(N(CCC2=CC=CC(F)=C2)C1)=O,0.004012659657746553
C1(C=C(C)C2C(=CC=C(C=2)NC(=O)C2C=CC(=C(OCC)C=2)OCC)N=1)N1CCC(CC1)C,0.008055564458481967
COC1=CC=C(C2N=C(CSC3SC(NC4CC4)=NN=3)ON=2)C=C1,0.007349091744981706
C12(CCN(CC1)CC(C)C1C=CC=CC=1)N(C)CCCNC2=O,0.010706840036436915
C1(C=C(C)C2C(=CC=C(C=2)NC(=O)C2=CC=CC(Br)=C2)N=1)N1CCC(CC1)C,0.008060724893584847
N1(C=CC=C1CN1CCCC(N(C)CCC2=CC=CC=C2)C1)C1N=CC=CN=1,0.009561175154522062
CSC1NC(=O)C=C(CSC2SC(NC3CC3)=NN=2)N=1,0.004607658693566918
C12(CCCN(CC1)C2)OC1C=CC=CC=1OC(C)C,0.01796052251011133
N1(C2=CC=C(C=C2)C(=O)NC2=CC=C3C(C(C)=CC(N4CCC(CC4)C)=N3)=C2)C(C)=CC=C1C,0.008243667101487518
N1(CC2=CC=CC(F)=C2)CC(CC1=O)NC(=O)C1C=C(C(C)C)N=C(N)N=1,0.0038319654995575547
C1(C=C(C)C2C(=CC=C(C=2)NC(CC)=O)N=1)N1CCC(CC1)C,0.0068344431929290295
N12C=C(N=C1SC=C2C(=O)N(CCC)CCO)C1=CC=C(C=C1)CC,0.003633645479567349
O=C(C1=CC2=C(NC(CC2)=O)C=C1)CSC1SC(NC2CC2)=NN=1,0.009151707077398897
C12=C(CCN(C(=O)C3C(C)=CC=CC=3C)C1)ON=C2C1=CC=CC(F)=C1,0.00794451478868723
C1(C=C(C)C2C(=CC=C(C=2)NC(CCCC)=O)N=1)N1CCC(CC1)C,0.007882099295966328
C1(C=C(C)C2C(=CC=C(C=2)NC(CCC)=O)N=1)N1CCC(CC1)C,0.007281876564957201
C1(C=C(C)C2C(=CC=C(C=2)NC(CC2C=CC(=C(OCC)C=2)OCC)=O)N=1)N1CCC(CC1)C,0.008237322978675365
CC(CN1C(C2=CC=CC=C2)=CN=C1SC(C(NC(N)=O)=O)C)C,0.001536105660488829
N1=C(NC)C=CN=C1NCCC(=O)NC1=CC=CC=C1C,0.004706985980737955
C1(C=C(C)C2C(=CC=C(C=2)NC(C2=CC=CC=C2)=O)N=1)N1CCC(CC1)C,0.007290222868323326
N1N=C(OC=1C1C=CC=CC=1)CNC(=O)C1=CC=CC=C1N1CCOCC1,0.005154852895066142
C1(C=C(C)C2C(=CC=C(C=2)NC(COC2C=CC=CC=2)=O)N=1)N1CCC(CC1)C,0.00789346529636532
CC(C(COC(C1=C(N2CCOCC2)C=CC(S(N)(=O)=O)=C1)=O)=O)(C)C,0.008145287912338973
C1(=NC=NC2SC=CC1=2)N1CC[C@@]([C@@H](CC)C1)(C)O,0.006119184172712266
C1(C=C(C)C2C(=CC=C(C=2)NC(=O)C2C=CC=C(F)C=2)N=1)N1CCC(CC1)C,0.006140181608498096
N1(C[C@H]2[C@H](CC=CC2)C1)C(=O)CCC1=CC=CN1C,0.013226907700300217
NS(C1=CC(C(OC(C2=CC=CC=C2)C(C2=CC=CC=C2)=O)=O)=C(N2CCOCC2)C=C1)(=O)=O,0.00827680416405201
N(C(C)=O)C1=CC=C(C=C1OC)C=CC1C=CC=CC=1,0.008190376753918826
CC1=CC(OCCOC(C2=C(N3CCOCC3)C=CC(S(N)(=O)=O)=C2)=O)=CC=C1,0.005015949555672705
C1(C=NN(C)C=1)C1C(C)=C(C2=CC=CS2)N=C(N)C=1C#N,0.003692907397635281
CC1=CC(COC(C2=C(N3CCOCC3)C=CC(S(N)(=O)=O)=C2)=O)=C(C)C=C1,0.0057044533314183354
C1(C=C(C)C2C(=CC=C(C=2)NC(COC2=CC=C(C=C2)OC)=O)N=1)N1CCC(CC1)C,0.007852550293318928
CC(C(C1=C(C)C=C(C)C(C)=C1)=O)OC(C1=C(N2CCOCC2)C=CC(S(N)(=O)=O)=C1)=O,0.009268954955041408
C(C1C(=O)NCCN1CC1=CC=CC=C1F)C(=O)N1CCCOC2C(=CC=CC=2C1)OC,0.006045090849511325
CC(C1=C(OCCOC(C2=C(N3CCOCC3)C=CC(S(N)(=O)=O)=C2)=O)C=CC=C1)=O,0.0070220752153545615
C1(=CN=C(N=C1C1=CC=C(N=C1)OC)SC)C(OCC)=O,0.007627665181644261
CC(C1=C(Cl)C=CC=C1)OC(C1=C(N2CCOCC2)C=CC(S(N)(=O)=O)=C1)=O,0.005226006638258696
C12C=C(C)C=CN1C=C(CN1CCC3(CCC1=O)CCCO3)N=2,0.007459336495958269
C1(C=C(C)C2C(=CC=C(C=2)NC(=O)C2C=CC(=C(F)C=2)C)N=1)N1CCC(CC1)C,0.0063070102594792845
CC1=C2C(C=CC=C2)=NC(COC(C2=C(N3CCOCC3)C=CC(S(N)(=O)=O)=C2)=O)=C1Cl,0.004360271501354873
CC(C1=CC(NC(COC(C2=C(N)C(C)=CC=C2)=O)=O)=CC=C1)=O,0.009459556872025132
C(=O)(C1C=CC=C(Cl)C=1)NC1=CC=CC2C=CC=NC1=2,0.005576403217855841
CC1=C(N)C(C(OCC(NC2=C(C)C=CC=C2)=O)=O)=CC=C1,0.0058771928306669
C1(C(=O)NCC2C3CCCCCC=3NN=2)C=NN2C=CNC=12,0.0049672599299810825
CC1=C(N)C(C(OCC(NCC2=CC=CC=C2)=O)=O)=CC=C1,0.005570912442635745
C1(C(NCCC2C=NN(C)C=2)=O)(CC2C(=CC=CC=2)C1)N1C[C@@H](C)O[C@@H](C)C1,0.009324789233505725
C(=O)(C1C=CC=CC=1F)N1CCCC(C1)CCC(=O)N1CCN(CC1)CC1=CC=CC=C1,0.0077206155518069865
CC1=C(C)C(NC(COC(C2=C(N)C(C)=CC=C2)=O)=O)=CC=C1,0.006400085776112974
N1(CC2C=CC(=CC=2)OC)C(=O)NN=C1CN1CCC2=C(C=CC=C2)C1,0.005155814089812338
C1(=CC=CC2C=CC=NC1=2)NC(CCC1CCCC1)=O,0.009601787943392993
C1(=NC=CC=C1CNC(=O)C(C)C1C=CC=CC=1)N(C)CCC1C=CC=CN=1,0.007916110451333225
COC1=CC(NC(COC(C2=C(N)C(C)=CC=C2)=O)=O)=CC=C1,0.005865283170714974
N1C(NC)=C(F)C=NC=1N1CCC(CC1)N1CCCC(C(NCCOC)=O)C1,0.006041786726564169
C12N=CC=CC=1C(=CC=C2NC(=O)CC1=CC=CC(OCC)=C1OCC)Cl,0.006891302880831063
C12=NON=C1N=C(C(N1CCN(CC1)CCO)=N2)NCC1C=CC=CC=1,0.002308032097062096
C1(CCNCC1)(C(NCCN(C)C)=O)OC1=CC=CC2C1=CC=CN=2,0.006371064181439579
C12N=CC=CC=1C(=CC=C2NC(CC1C=CC(=C(OCC)C=1)OCC)=O)Cl,0.006882021599449217
N1=C(C=CN=C1NCCCC1CCOC1)C1CCCC1,0.010625929804518819
N1C2=C(C=CC=C2O)C=CC=1C(=O)N1CCC(CC1)C(OCC)=O,0.0037432689918205143
CC1=CC(NC(COC(C2=C(N)C(C)=CC=C2)=O)=O)=CC=C1,0.005714044556953013
N1(CC(=O)N2CCN(CC2)C2C=CC(=CN=2)Cl)N=NN=C1CN1CCCCCC1,0.005229232460260391
COC1=C(NC(COC(C2=C(N)C(C)=CC=C2)=O)=O)C=C(C)C=C1,0.006107882270589471
N1=CC(=CN1)CCN(C)CC1=CC=C(C(OC)=C1)OCC(O)CN(C)C(C)C,0.0050567216239869595
CC1=C(N)C(C(OCC(NC2=C(C)C=CC=C2C)=O)=O)=CC=C1,0.006556428992189467
N1C(CC)=NOC=1C(C)NC(=O)C1=CC=C(C(OCC)=C1)OCC=C,0.009595162561163306
C1(SCC2=CC=C(C(NCCCN3C=CN=C3)=O)O2)=NN=CN1,0.00275330722797662
CC1=C(N)C(C(OCC(NCC2OC=CC=2)=O)=O)=CC=C1,0.005505905649624765
C1(CN2CCOCC2)=NN=NN1CCCC(=O)N1CCN(CC1)CC1C=CC=C(F)C=1,0.005169595475308597
C1(C=C(NN=1)CN1C2C=CC=CC=2C=C1)C(=O)N1CCC[C@H]1CO,0.002632212999742478
N1(CC(C)C)C(C)=C(C2C(CC(C)(C)CC=21)=O)CC(NCCOC)=O,0.015349257038906217
N1=C(N2CCSCC2)C(NC(CC)C2C=CN=CC=2)=NC2=NON=C12,0.006773558841086924
CC1=C(N)C(C(OCC(NC2=C(Cl)C=CC=C2)=O)=O)=CC=C1,0.005257144733332097
C12C=C(CNC(=O)C3C=CC=CC=3F)C(=NC=1CN(C1CCCC1)C2=O)OC,0.007603680645115673
CC1=CC=C(NC(COC(C2=C(N)C(C)=CC=C2)=O)=O)C=C1,0.005846375902183354
C1(C(=O)N2C[C@H](C)O[C@H](C)C2)N=C2N(C=CS2)C=1CN(C)CC1C=CC=C2C=NC=CC=12,0.005882279318757355
C(=O)(NCC1CCCN(CC2C=CC=CC=2C#N)C1)NC(C)C,0.003827308223117143
N1C2=C(C=CC=C2O)C=CC=1C(=O)N1CCN(CC1)C1C=CC(=CC=1)F,0.0030375113477930427
C1(C(N)=O)=CN=C2CN(C(=O)C(C)(C)NC(=O)C3=CC=CS3)CCN12,0.004350032249931246
CC1=C(N)C(C(OCC(NC2=C(N3CCOCC3)C=CC(C(F)(F)F)=C2)=O)=O)=CC=C1,0.004438031534664333
C12=CC3NN=CC=3C=C1C(CC(=O)N2)C1C=CSC=1,0.004181887628510595
N1C2=C(C=CC=C2O)C=CC=1C(=O)N1CCN(CC1)CC1=CC=C2C(OCO2)=C1,0.003301455732434988
N1C(C)=C(SC=1CN1CCC2(CCC1=O)CCCO2)C,0.010747834900394082
N1C2=C(C=CC=C2O)C=CC=1C(=O)N1CCN(CC1)C1C=CC(=CC=1)OC,0.0031124392058700322
CC(C1=C(NC(COC(C2=C(N)C(C)=CC=C2)=O)=O)C=CC=C1)C,0.006901533505879342
N1=C(C2=CC=C(N=C2)N2CCN(C(=O)C2CC)C)ON=C1C1C=CC=CC=1F,0.005228105676360428
N1C2=C(C=CC=C2O)C=CC=1C(=O)N1CCN(CC1)C1=CC=CC(=C1)C(F)(F)F,0.0025196031667292116
N1(CCCN(CCC(=O)NCC2=CC=CS2)CC1)C1C=CN=CC=1C,0.006909095053561032
CC1=CC(C)=C(NC(COC(C2=C(N)C(C)=CC=C2)=O)=O)C=C1,0.006298392801545561
N1=C(CCCNCC2C=NC(=NC=2)C2=CC=CC(C)=C2)NC2C=CC(F)=CC1=2,0.003323553712107241
N1C2=C(C=CC=C2O)C=CC=1C(=O)N1CCN(CC1)C1C(C)=CC=C(Cl)C=1,0.003295346943195909
N1C(C)=NC(=CC=1NCC1=CC=CN=C1N)C1CCNCC1,0.003962590463925153
CC1=C(N)C(C(OCC(NCC2OCCC2)=O)=O)=CC=C1,0.00640538667794317
C1(C(NCCN(C)C)=O)C=C2N(CCN(C(=O)C3C=CC(=C(O)C=3)C)C2)N=1,0.00556973428465426
COC1=C(NC(COC(C2=C(N)C(C)=CC=C2)=O)=O)C=CC=C1,0.006165929255075753
C1(=NOC(CCNC(C)=O)=N1)C1=C(C)N=CC2CN(C3=NC=CC=N3)CCC1=2,0.006485929759219289
N1C2=C(C=CC=C2O)C=CC=1C(=O)N1CCN(CC1)C1C=CC=C(OC)C=1,0.0030579490587115286
COC(C1=CC=C(NC(COC(C2=C(N)C(C)=CC=C2)=O)=O)C=C1)=O,0.006686279899440706
CC1=CC(C)=C(NC(COC(C2=C(N)C(C)=CC=C2)=O)=O)C(C)=C1,0.007130819791927934
N1=C(C=C(N=C1N(C)C)N)N1CCC(CC1)N1CCCC(C1)C(=O)NC1CC1,0.00629865312948823
CC1N(C)N(C2=CC=CC=C2)C(=O)C=1NC(COC(C1=C(N)C(C)=CC=C1)=O)=O,0.005445513385348022
N1C2C=CC(=CC=2C(C)=C1CC)CNC(=O)C1=CC=CC(=C1)OCC(N)=O,0.005754650826565922
C1(=CC=NN1C1CCN(CC1)C(=O)[C@H](N)CC(C)C)NC(=O)C(C)(C)C,0.00765526972245425
C12=C(C=NN1C(C)C1=CC=CC=C1)NC(C1=CN(N=C1C)CC=C)=N2,0.004956006433349103
CSC1=C(NC(COC(C2=C(N)C(C)=CC=C2)=O)=O)C=CC=C1,0.0050086624221876265
C(=O)(N1CCC2(CC1)CCOCC2)C1=CC=CC=C1NCC(OCC)=O,0.00881164805032313
COC(C1=C(NC(COC(C2=C(N)C(C)=CC=C2)=O)=O)C=CC=C1)=O,0.007097113877534866
S(=O)(=O)(NCC1CCN(CC2=CN=C(N=C2)C)C1)C1CC1,0.005928326980210841
CC1=C(N)C(C(OCC(NC2=C(F)C=CC=C2)=O)=O)=CC=C1,0.005097858188673854
N1N(CC2CCN(CC2)C2C=CC3C(=C(C=CC=3)OC)N=2)C=C(CO)N=1,0.003982242755591869
N1C2=C(C=CC=C2O)C=CC=1C(=O)NC1=CC=CC=C1OC,0.0030896787415258587
C1(N2CCOCC2)N=CC2=C(CC(CC2NC(=O)C2CC2)(C)C)N=1,0.009363851370289921
COC1=C(NC(COC(C2=C(N)C(C)=CC=C2)=O)=O)C=C(Cl)C=C1,0.005283898743800819
C12=NC(=CN1N=C(C)S2)CN1C=NC(C2C=CC=CC=2)=C1C1=CC=NC=C1,0.008140290435403586
N1C2=C(C=CC=C2O)C=CC=1C(=O)NC1=CC=CC(Cl)=C1,0.0028914500726386905
C1(CN2CCN(C(CCO)C2)CC2=CC=C(C(C)=C2C)OC)=NC=CN1CC,0.004658808663953096
CC1=C(N)C(C(OCC(NC2=C(Br)C=CC=C2)=O)=O)=CC=C1,0.006562550691887737
N1C2=C(C=CC=C2O)C=CC=1C(=O)NC1CCCCC1,0.0050121580716222525
C1(=CC(C2C=NNC=2)=NC2=CC(C)=CC(C)=C12)C(=O)N1CCC2(CCCC2)C1,0.0074822903145104645
C12OCOC1=CC(CN1CCC3(CC1)CCCN(C)CC3)=CC=2OC,0.01881022481247783
CC1=C(N)C(C(OCC(NC2=C(C#N)C=CS2)=O)=O)=CC=C1,0.003173216851428151
N1C2=C(C=CC=C2O)C=CC=1C(=O)NC1=CC(OC)=C(C(OC)=C1)OC,0.003397998178843409
C12(CCCN(CC3=CC=CC=C3F)C1=O)CCN(C(=O)C1=CC=CN=C1)C2,0.007355355145409703
N1=C(C=CC2C=CC=C(O)C1=2)C(=O)NCC1=CC=C(C=C1)F,0.003022011136636138
C12C=NN(C3C=CC(=CC=3)F)C=1CC(C)(C)CC2NC(=O)/C=C(/C)\C,0.009248773008584977
C1(=CNN=C1C1C=C(C)C=CC=1C)CN1CCN(C(CCO)C1)C1CCCC1,0.005154697760008276
C(F)(F)(F)C1C=CC=C(C=1)CN1CC[C@H]([C@H](O)C1)N1CCC(CC1)O,0.0022066581237595527
C1(C=C(ON=1)CN(C)CC1C=CC=CC=1)C(=O)N1CCN(CC1)C1=CC=CC=N1,0.007111878599971533
COC(C1C(C)=C(C(COC(C2=C(N)C(C)=CC=C2)=O)=O)NC=1C)=O,0.007187181850895286
C12N=CC(=CN1N=C(C(O)=O)C=2Cl)C1C=CC=CC=1CN1CCOCC1,0.0050457452423870565
N1=C(C=CC2C=CC=C(O)C1=2)C(=O)NCC1=CC=CC=N1,0.003663133829832077
C12N=CC(=CN1N=CC=2C(=O)NC1C=CC=C(C=1)C#N)CN(CC)CC,0.005250750598497689
CCOC(C1C(C)=C(C(C(OC(C2=C(N)C(C)=CC=C2)=O)C)=O)NC=1C)=O,0.008358811563812196
C12CN(CCC=1N(N=C2C(O)=O)CC(C)C)C(=O)CC1C=CC(=C(Cl)C=1)O,0.004108579584863037
C1(=O)NCCN1CCNC(=O)CCN1CCCCCCC1,0.00629304712638259
N1C2=C(C=CC=C2O)C=CC=1C(=O)NC1=CC=C(C=C1)OCC,0.003057116875424981
CCC1=C(NC(COC(C2=C(N)C(C)=CC=C2)=O)=O)C=CC=C1,0.006150086713023484
N1=C(C=CC2C=CC=C(O)C1=2)C(NCCN1CCN(CC1)C1=CC=C(C=C1)OC)=O,0.0029013954917900264
CCN1C2=C(C=C(S(N3CCCCC3)(=O)=O)C=C2)N=C1COC(C1=C(N)C(C)=CC=C1)=O,0.002925916959065944
CC(NC(NC(CSC1SC(NC2=C(Cl)C=CC=C2)=NN=1)=O)=O)C,0.0015989736537449061
CC1OC(CSC2SC(NC3=C(Cl)C=CC=C3)=NN=2)=NN=1,0.006609389605000615
N1C2=C(C=CC=C2O)C=CC=1C(=O)NC1=CC=CC(CC)=C1,0.0036301158950664105
C1(=NOC(CN2N=C3C(C=CC=C3)=N2)=N1)C1=C(C)N=CC2CNCCC1=2,0.007351600471884013
N1(CCN(CC1CCO)CC1=CC=C(C)O1)CC1=CC=C(C=C1)C,0.006158775370568037
CC(C(NC1SC=C(C2=CC=C(F)C=C2)N=1)=O)SC1N(C)C=NN=1,0.005046898277942091
C1(C2SC=CN=2)=C(C2=CC=CC=C2)N=CN1CC(OC)C1=CC=CS1,0.008137405011802911
N1C2=C(C=CC=C2O)C=CC=1C(=O)NC1CCCC1,0.004718416277319193
C1(=O)C(CCCN1CC(C)(C)C)(O)CNC(C)C,0.013791128806769849
N1C2=C(C=CC=C2O)C=CC=1C(=O)NC1=CC(C)=CC=N1,0.003202409448567778
N1(CC[C@@H](C[C@@H]1C(OC)=O)O)C(=O)C1=CC=CC2C=NC=CC1=2,0.0021546266973018645
COC(CNC(CSC1SC(NC2=CC=C(OC(F)(F)F)C=C2)=NN=1)=O)=O,0.0044054453494027255
N1C2=C(C=CC=C2O)C=CC=1C(=O)NC1C=CC=NC=1,0.0034717912785708904
C1(=NC=NC(NC2CCC3C=CC=CC2=3)=C1)N1CCOCC1,0.008279943326488137
CC(C(N)=O)SC1SC(NC2=CC=C(OC(F)(F)F)C=C2)=NN=1,0.003532943653408438
N1(CC(=O)N(CC=C)CC2C=CC=C(OC)C=2)C(C)=C(C(C)=N1)C,0.010163331730291247
N1=C(C=CC2C=CC=C(O)C1=2)C(=O)NCC1=CC=CC(OC)=C1,0.003266396501567215
CN(C(C1=CC=CC=C1)CNC(CSC1SC(NC2=CC=C(OC(F)(F)F)C=C2)=NN=1)=O)C,0.004957455862313509
N1C2=C(C=CC=C2O)C=CC=1C(=O)NC1C=C(C)C=C(C)C=1,0.0038108831737190484
CC1N(C(CSC2SC(NC3=C(C(F)(F)F)C=CC=C3)=NN=2)=O)C2=C(C=CC=C2)NC(=O)C1,0.00537517995107919
N1=C(C=CC2C=CC=C(O)C1=2)C(=O)NCC1C=CC=CC=1,0.0034962793346494437
CC1OC(CSC2SC(NC3=C(C(F)(F)F)C=CC=C3)=NN=2)=NN=1,0.005105726479087025
N1=C(C=CC2C=CC=C(O)C1=2)C(=O)NCC1CCN(CC1)CC1C=CC(=CC=1)C,0.0040019130683504045
N1(CCN(CC1CCO)CC1C=CC=NC=1)CC1=CC=CS1,0.0041055033565498885
C1(C=C(ON=1)CN1CCOCC1)C(=O)N1C(C)CNC(=O)CC1,0.006817182246595621
N1=C(C=CC2C=CC=C(O)C1=2)C(=O)NCC1CCN(CC1)CC1=CC=CC(Cl)=C1,0.0032378163421526553
S(=O)(=O)(NCC1=CC=CC=C1)N[C@H]1CCCCNC1=O,0.005185556691139936
N1=C(C=CC2C=CC=C(O)C1=2)C(=O)NCC1=CC=C(C=C1OC)OC,0.0033372911857441068
N1(CCC)C=NN=C1CNCC1=CC=C(SC2=CC=C(C=C2)Cl)O1,0.009126096358522772
C12=C(N=CN=C1N1CCC(CC1)C(=O)NC1C=CC=C(C=1)C(F)(F)F)ON=C2C1=CC=C(C=C1)F,0.0038209543097764255
C1(=NC=CC=C1CNC1C2CCN(CC2)C1)OC1C=CC=CC=1OC,0.00913454219698906
C12=C(N=CN=C1N1CCC(CC1)C(=O)NC1C=CC=CC=1Cl)ON=C2C1C=CC(=CC=1)F,0.004711162520106882
C1(=COC(COC2C=CC(=CC=2Cl)F)=N1)C(=O)N(C)CC1=CC(=NO1)C,0.006493461760692298
C12=C(N=CN=C1N1CCC(CC1)C(=O)NC1=C(C)C=CC(Cl)=C1)ON=C2C1=CC=C(C=C1)F,0.004611576755996794
CCN(C(CSC1SC(NC2=CC(Cl)=CC=C2)=NN=1)=O)CC,0.005901142675429583
C12=C(N=CN=C1N1CCC(CC1)C(=O)NC1C=CC(=CC=1)CC)ON=C2C1C=CC(=CC=1)F,0.005066935741342604
C1(CN2CCCC(C(N)=O)C2)=CN(N=C1C1=CC=C(C)O1)C1C=CC=C(F)C=1,0.005382762546651066
COC(CNC(CSC1SC(NC2=CC(Cl)=CC=C2)=NN=1)=O)=O,0.004738338897004724
N1(C[C@@H](C[C@H]1C(=O)NC(C)C)N)CC1C=C(NN=1)C(C)(C)C,0.006487973663024604
CC(OC(CSC1SC(NC2=CC(Cl)=CC=C2)=NN=1)=O)(C)C,0.006357383588328958
COC(C(C1=CC=CC=C1)SC1SC(NC2=CC(Cl)=CC=C2)=NN=1)=O,0.006359730637632311
C1(C(=O)N2CCC3=C(C(C(O)=O)=NN3C)C2)C2CCCCC=2N(C)N=1,0.011167547665536404
ClC1=CC(NC2SC(SCC(N(C3=CC=CC=C3)CC#N)=O)=NN=2)=CC=C1,0.0039377266886504005
C1(=CN(N=N1)CCN)C(=O)N1CCN(C(=O)C1C)CC1=CC=CC(C)=C1,0.007566411001607776
CC1=C(C)N(C2CCCCC2)C(SCC(NC2=C(C(F)(F)F)C=CC=C2Cl)=O)=N1,0.0055445915670134125
C12=C(N=CN=C1N1CCC(CC1)C(=O)NC1=C(OC)C=CC(OC)=C1)ON=C2C1=CC=C(C=C1)F,0.005628830101341009
N(CC1CCN(CC1)CC1=CC=CC=C1C)(CC1=CC=CN=C1)C(=O)CCN1CCCO1,0.003138407983351499
C12=C(N=CN=C1N1CCC(CC1)C(=O)NC1C=CC3=C(OCCO3)C=1)ON=C2C1=CC=C(C=C1)F,0.005476052244193852
C1(=NC=NC(OC)=C1)N1CCOC(C1)C1C=CC2C(=CC=C(OC)C=2)C=1,0.008131371438503265
C12=C(N=CN=C1N1CCC(CC1)C(=O)NC1C=CC=CC=1OCC)ON=C2C1C=CC(=CC=1)F,0.005466621788218618
C(=O)(CC1CCOCC1)N(CCSCC)C1CCCCC1,0.016665171086788177
CC1=C(C)N(C2CCCCC2)C(SCC2N=C3N(C=C(C=C3)Br)C(=O)C=2)=N1,0.010204820055514574
C12=C(N=CN=C1N1CCC(CC1)C(=O)NC1=CC=C(C=C1Cl)F)ON=C2C1C=CC(=CC=1)F,0.0049758564098738136
CC1=C(C)N(C2CCCCC2)C(SCC2=C(C#N)C=CC=C2)=N1,0.01000654143281281
C12=C(N=CN=C1N1CCC(CC1)C(=O)NC1C=CC=C(C)C=1)ON=C2C1=CC=C(C=C1)F,0.004876781161874533
CC1C(CSC2N(C3CCCCC3)C(C)=C(C)N=2)=C(C)ON=1,0.0159440491348505
C12=C(N=CN=C1N1CCC(CC1)C(=O)NC1C=CC=CC=1OC)ON=C2C1C=CC(=CC=1)F,0.005356157477945089
C1(C(NCCSC2NN=C(C)N=2)=O)NN=C(C2CC2)C=1,0.004172754462342709
C12=C(N=CN=C1N1CCC(CC1)C(=O)N1CCCCCC1)ON=C2C1C=CC(=CC=1)C,0.009237209847196937
CC1=C(C)N(C2CCCCC2)C(SCC(NC2SC=CN=2)=O)=N1,0.006794568826444447
CC1=C(C)N(C2CCCCC2)C(SCC(NC2=C(C#N)C3=C(CCC3)S2)=O)=N1,0.005467647465411574
C12=C(N=CN=C1N1CCC(CC1)C(=O)NCC1=CC=CC=C1)ON=C2C1C=CC(=CC=1)C,0.006039949366822839
CC1=C(C)N(C2CCCCC2)C(SCC(NC2=C(C(N)=O)C3=C(CCC3)S2)=O)=N1,0.006712834862992167
C12=C(N=CN=C1N1CCC(CC1)C(=O)NC(C)CC)ON=C2C1C=CC(=CC=1)C,0.006733613973483443
C(CC1CCN(CC1)CCC)(=O)NC(C)C1C=CC(=C(F)C=1)O,0.006044088490307331
C12=C(N=CN=C1N1CCC(CC1)C(=O)NCC1C=CC=CC=1Cl)ON=C2C1=CC=C(C=C1)C,0.005144548194948584
N1C=CN(CCCN(CC2=CC=NC=C2)CC2C=CC3=C(CCO3)C=2)C=1,0.010076107736676932
CC(CNC(CSC1N(C2CCCCC2)C(C)=C(C)N=1)=O)C,0.01228695223107934
C1(C=C(ON=1)CCC)C(=O)N1CCC(CC1)C1NN=C(C(C)C)C=1,0.006670868815854191
CCC(NC(CSC1N(C2CCCCC2)C(C)=C(C)N=1)=O)CC,0.012304146168753504
C1(C2C=CC=CC=2C)=NOC(CCC(NCCC2NN=C3CCCCC=23)=O)=N1,0.007032257039099932
CC1=C(C)N(C2CCCCC2)C(SCC(NCCC2CCCCC=2)=O)=N1,0.014007945079356432
C12=C(N=CN=C1N1CCC(CC1)C(NCCC1C=CC(=CC=1)Cl)=O)ON=C2C1C=CC(=CC=1)C,0.0054632824612781405
CN(S(C1=CC=C(NC(CSC2N(C3CCCCC3)C(C)=C(C)N=2)=O)C=C1)(=O)=O)C,0.005840087821707129
C12=C(N=CN=C1N1CCC(CC1)C(=O)NC1CCCCCC1)ON=C2C1C=CC(=CC=1)C,0.007779477117583156
C12=C(N=CN=C1N1CCC(CC1)C(=O)NC1CCCC1)ON=C2C1C=CC(=CC=1)C,0.007209459668956697
C1(C=NN(C(C)C)C=1)C1N(CCC2SC=NC=2C)C=NC=1C1C=CC=CC=1,0.01003815485164523
C12=C(N=CN=C1N1CCC(CC1)C(=O)NCC1=CC=C(C=C1)C)ON=C2C1C=CC(=CC=1)C,0.006533788540400565
CC1=C(C)N(C2CCCCC2)C(SCC(NC2=C(Cl)C=C(Cl)C(C)=N2)=O)=N1,0.0077790880342945455
C12=C(N=CN=C1N1CCC(CC1)C(=O)NCC1C=CC3=C(OCO3)C=1)ON=C2C1=CC=C(C=C1)C,0.005850927904248238
C12=C(N=CN=C1N1CCC(CC1)C(=O)NC(C)C)ON=C2C1C=CC(=CC=1)C,0.0063741406425833706
CC1=C(C)N(C2CCCCC2)C(SCC(NN2C(=O)C3(CCCCC3)NC2=O)=O)=N1,0.0016827493440359832
C1(=CNC(C(Cl)=C1)=O)C(=O)N(C)CCOC1C=CC(=CC=1C)C,0.005288669769652188
C12=C(N=CN=C1N1CCC(CC1)C(NCCC)=O)ON=C2C1=CC=C(C=C1)C,0.006434988393448293
CC1=C(C)N(C2CCCCC2)C(SCC(NC(C2N(C)C=CC=2)=O)=O)=N1,0.004003468074370175
C(=O)(NC1CC1)C1CCCN(C2CCN(CC2)CC2=CC(C)=CC=C2C)C1,0.014321108674630522
CC(C(NC1=CC=C(C(N)=O)C=C1)=O)SC1N(C2CCCCC2)C(C)=C(C)N=1,0.007734004827216268
N1(CCCC1C(=O)NC1=CC=CC=C1OC1C=CC=NC=1)CC1C=CC(=CC=1)C,0.007979232538491487
CC1SC=C(CSC2N(C3CCCCC3)C(C)=C(C)N=2)N=1,0.013540127268061041
N(CC1=CC=CN=C1)(CC1=CC=CC=C1OC)C(=O)C(C)CN1C=CC=N1,0.01054765833541751
C12=C(N=CN=C1N1CCC(CC1)C(=O)NC(C)C1=CC=CC=C1)ON=C2C1C=CC(=CC=1)C,0.00664149287622422
C1(CNC(=O)C2CCCN(C3CCN(CC3)C(=O)C3CC3)C2)=CN(N=C1C)C,0.01001955484971404
C12=C(N=CN=C1N1CCC(CC1)C(=O)NC1CC1)ON=C2C1=CC=C(C=C1)C,0.006561520136892795
N1C(C(C)C)=NOC=1C1CCCCN1C(=O)C(C)N1C=NC=N1,0.008154546469449997
CCN(C1SC=C(CSC2N(C3CCCCC3)C(C)=C(C)N=2)N=1)C(C)=O,0.00968815884552896
C12=C(N=CN=C1N1CCC(CC1)C(NCCC(C)C)=O)ON=C2C1C=CC(=CC=1)C,0.007053304323926568
C1(C(=O)NCC2C=CC(=CC=2)N2CCCC2=O)C=NN2C=CN(C)C=12,0.00430301371961832
CC1=C(C)N(C2CCCCC2)C(SCC(N2CCN(C(C3SC=CC=3)=O)CC2)=O)=N1,0.007338218879885972
N1(CC2OC(=NN=2)C)C=NC(C2C=CC=CC=2)=C1C1=CC=C(C=C1)C(O)=O,0.004342599329538644
CC(C(N(CC1=CC(F)=CC=C1)C)=O)SC1N(C2CCCCC2)C(C)=C(C)N=1,0.010308205289766193
C1(C(NCCC2=CC=CC(OC)=C2)=O)C=C(ON=1)COC1=CC=CC(OC)=C1,0.00885355258360505
C12=C(N=CN=C1N1CCC(CC1)C(NCCC1C=CC=CC=1)=O)ON=C2C1C=CC(=CC=1)C,0.00616384232416749
C1(=CSC(C(C)=O)=C1)C(=O)N1CCN(CC1)C1C=CC=CC=1C#N,0.0074810476275160905
CC1=C(C)C(C)=C(C(N)=O)C(SCC(O)=O)=N1,0.006177887902595103
C12=C(N=CN=C1N1CCC(CC1)C(=O)NCC1=CC=CC=C1OC)ON=C2C1=CC=C(C=C1)C,0.00625179351773113
C1(C2C=CC=CC=2OC)C=C(ON=1)CNC[C@@]1(CCCN2CCCC[C@@]21[H])O,0.01001640730537474
C12=C(N=CN=C1N1CCC(CC1)C(=O)NCC1=CC=C(C=C1)F)ON=C2C1C=CC(=CC=1)C,0.005008369823917747
C1(=COC(COC2=CC=C3C(OCO3)=C2)=N1)C(=O)NCC1=CC=CC(Cl)=C1,0.004926037089899182
CC1=C(C)C(C)=C(C(N)=O)C(SCC(N2CCN(C(C3OC=CC=3)=O)CC2)=O)=N1,0.007869015028700233
C1(OC(=C(CN2CCC(CC2)OC)N=1)C)C1=CC(OC)=CC=C1F,0.005421408847905695
CCOC1=C(NC(CSC2=C(C(N)=O)C(C)=C(C)C(C)=N2)=O)C=CC=C1,0.00697567043825984
C12=C(N=CN=C1N1CCC(CC1)C(=O)NCC1=CC=CS1)ON=C2C1C=CC(=CC=1)C,0.005121255968697369
CC1=C(C)C(C)=C(C(N)=O)C(SCC(NC2=C(N3CCOCC3)C=CC(C(F)(F)F)=C2)=O)=N1,0.0039899949100799855
C1(C=NN(CC2=CC=CC=C2)C=1)C(=O)NC1CCCN(C2CCN(CC2)C)C1,0.009551386162638665
CC1=C(C)C(C)=C(C(N)=O)C(SCC(N2C3=C(C=CC=C3)CC2)=O)=N1,0.007936823181807995
C1(=NC=CN1C1=CC=C(C=C1)N1C=CC=N1)C1=CN=C(N=C1)NC(C)C,0.00504436845658347
CC1=C(C)C(C)=C(C(N)=O)C(SCC(NC2=C(C(C3=CC=CC=C3)=O)C=C(Cl)C=C2)=O)=N1,0.006940688122995198
C1(N(C)C)=NC2CN(CCC=2C(=O)N1)C(=O)C(C)(C)N1C=CC=C1,0.004477822640910745
CC1=C(C)C(C)=C(C(N)=O)C(SCC(NC2=CC=C(S(N3CCCC3)(=O)=O)C=C2)=O)=N1,0.00475272189360112
C12C=NNC=1CCN(C(=O)CC(C1C=CC=CC=1)C1C=CC(=CC=1)Cl)C2,0.005909647070802748
CC1=C(S(N2CCOCC2)(=O)=O)C=C(NC(CSC2=C(C(N)=O)C(C)=C(C)C(C)=N2)=O)C=C1,0.004156147607136518
N1=C(N(C)C)N=C(C(C)=C1N(C)CC1=CC=CN=C1)C,0.007662409520708025
C12=C(N=CN=C1N1CCC(CC1)C(NCCCOCC)=O)ON=C2C1C=CC(=CC=1)C,0.0053984840167686345
CC1=CC=C(C2SC=C(CSC3=C(C(N)=O)C(C)=C(C)C(C)=N3)N=2)C=C1,0.007687763776630163
C(CC(=O)N[C@H]1CC[C@@H](CC1)O)(C1C=CC=C(Cl)C=1)C1=CC=CC(O)=C1,0.002913615037687123
CC1=C(N)C(C(OCC(NC2=CC=C(OC(F)F)C=C2)=O)=O)=CC=C1,0.004466817341744899
C12=C(N=CN=C1N1CCC(CC1)C(=O)NC(C)CCC1=CC=CC=C1)ON=C2C1C=CC(=CC=1)C,0.006681058485992253
CC1=C(N)C(C(OCC(NC2=C(N(=O)=O)C=CC=C2)=O)=O)=CC=C1,0.004426506464369595
C12=C(N=CN=C1N1CCC(CC1)C(NCCCOC)=O)ON=C2C1C=CC(=CC=1)C,0.005267443414777517
C12=C(N=CN=C1N1CCC(CC1)C(NCCN1CCOCC1)=O)ON=C2C1C=CC(=CC=1)C,0.005991106131114065
N1(C2=CC=CC=C2)C(=O)N(N=C1C1CCCN(C(=O)C2C=CN=C(N)C=2)C1)C,0.0035287871840409936
C12=C(N=CN=C1N1CCC(CC1)C(=O)NC1CCCCC1)ON=C2C1C=CC(=CC=1)C,0.007439470151439309
CC(C(NC1=CC=C(C(C)=O)C=C1)=O)OC(C1=C(N)C(C)=CC=C1)=O,0.01073422678746283
C12=C(N=CN=C1N1CCC(CC1)C(=O)NCC1=CC=CC=C1OCC)ON=C2C1=CC=C(C=C1)C,0.006274242070503533
CC(NC(COC(C1=C(N)C(C)=CC=C1)=O)=O)C,0.006246757064945996
C12=C(N=CN=C1N1CCC(CC1)C(=O)NCC1C=CC(=CC=1OC)OC)ON=C2C1=CC=C(C=C1)C,0.005702410149388016
N1(CCC(CC1)N1CCC(CC1)OC1C=CC(=CC=1Cl)C(NCCOC)=O)C(C)=O,0.006640978809446097
C12=C(N=CN=C1N1CCC(CC1)C(=O)NCC1=CC(OC)=CC=C1OC)ON=C2C1C=CC(=CC=1)C,0.0058180614374578
CCC1=C(NC(COC(C2=C(N)C(C)=CC=C2)=O)=O)C(C)=CC=C1,0.006856945413164795
C1(=CSC=N1)C(=O)N1CCCC(CCC2C=CC(=CC=2)F)C1,0.006504270108416676
C12=C(N=CN=C1N1CCC(CC1)C(=O)NCC1C=CC(=CC=1)OCC)ON=C2C1C=CC(=CC=1)C,0.006333392066881061
C1(=NC=C(CN(C)C(C)C)N1CC1CCCO1)S(C)(=O)=O,0.006613875925540924
CCC(NC(COC(C1=C(N)C(C)=CC=C1)=O)=O)C,0.006500836624763906
N1(C[C@@H]2C[C@@H]1CC2)C(=O)C1C=CC=C(OC2CCN(CC2)C2CCN(CC2)C)C=1,0.013540261518210172
C1(C(NCCC2CCCCO2)=O)OC2=C(C=C(C=C2Cl)C)C=1C,0.009281769068911672
CC1=C(N)C(C(OCC(NC(C)(C)C)=O)=O)=CC=C1,0.006311513762921095
C12=C(N=CN=C1N1CCC(CC1)C(=O)NCC1=CC=CC=N1)ON=C2C1C=CC(=CC=1)OC,0.005389001965522766
CC(NC1=CC(NC(COC(C2=C(N)C(C)=CC=C2)=O)=O)=CC=C1)=O,0.0053083158796653155
C12=C(N=CN=C1N1CCC(CC1)C(=O)NCC1C=CC=NC=1)ON=C2C1C=CC(=CC=1)OC,0.005237043707165867
C1(=CN(N=N1)CCN1CCCCC1)C(=O)NC(C1=CC=CC=C1)CN1C=CN=C1,0.005707399686798453
C12=C(N=CN=C1N1CCC(CC1)C(=O)NCC1=CC=CC=C1)ON=C2C1=CC=C(C=C1)OC,0.0058152452809736134
C1(C(C)N2CCCC2=O)=NC(=NN1C1=CC=C(C=C1)C)CCC1=CC=CC=C1,0.011064254771918058
C12=C(N=CN=C1N1CCC(CC1)C(=O)N(C)CC1C=CC=CC=1)ON=C2C1C=CC(=CC=1)OC,0.007004261342808604
C1(=CC=C(N=C1)NC(C)(C)CO)C(NCCC1COC2C(=CC=CC=2)O1)=O,0.0041046153986826536
C12=C(N=CN=C1N1CCC(CC1)C(=O)NC(C)CC)ON=C2C1=CC=C(C=C1)OC,0.006632218929007649
N1(CCCC(CCC(=O)NC2=C(OC)C=CC(Cl)=C2)C1)C(=O)CSC1C=CC=CN=1,0.005461568408645689
C12=C(N=CN=C1N1CCC(CC1)C(NCCC1C=CC(=CC=1)Cl)=O)ON=C2C1=CC=C(C=C1)OC,0.0049807457835413516
N1(C2C=CC=CC=2C)C=C(C(C2C=CC(=C(F)C=2)OC)=N1)CN1CCCC(COC)C1,0.010067169182002544
C1(=C(C)N=CC(C)=N1)N1CCN(CC1)CC1=CC=C(C2C=CNN=2)O1,0.0053795349784195425
C12=C(N=CN=C1N1CCC(CC1)C(=O)NC1CCCCCC1)ON=C2C1=CC=C(C=C1)OC,0.0073513892944902185
COC1=C(NC(C2=CC=C(NC(COC(C3=C(N)C(C)=CC=C3)=O)=O)C=C2)=O)C=CC=C1,0.006019265507347882
C12=C(N=CN=C1N1CCC(CC1)C(=O)NC1CCCCCCC1)ON=C2C1=CC=C(C=C1)OC,0.007448737509548664
CC(N(C(COC(C1=C(N)C(C)=CC=C1)=O)=O)C(C)C)C,0.008865936100482941
C12=C(N=CN=C1N1CCC(CC1)C(=O)NC1CCCC1)ON=C2C1=CC=C(C=C1)OC,0.006796408467926085
C1(NN=CC=1C1C=CC=CC=1)C1CCCN(CC2=CNC=N2)C1,0.003512315440457314
C12=C(N=CN=C1N1CCC(CC1)C(=O)N1CCCCCC1)ON=C2C1=CC=C(C=C1)OC,0.008274579793214798
N1(CCCC(C1)N1CCN(CC1)C1C=CC=CC=1)C(CCCN1C=NC=N1)=O,0.0071093538543209435
C12=C(N=CN=C1N1CCC(CC1)C(=O)N1CCC(CC1)C(N)=O)ON=C2C1C=CC(=CC=1)OC,0.005437549203634262
C12=NON=C1C=CC=C2CN1CCCC(C1)N1CCN(CC1)C1=CC=CC=C1OC,0.007897284138016403
C12=C(N=CN=C1N1CCC(CC1)C(=O)NCC1=CC=C(C=C1)C)ON=C2C1=CC=C(C=C1)OC,0.00620197462849319
C1(C(C)=NON=1)C1CCCN1CC1C=CC(=C(COC(C)=O)C=1)OCC,0.009907358465716243
C12=C(N=CN=C1N1CCC(CC1)C(=O)N1CCC(CC1)C)ON=C2C1=CC=C(C=C1)OC,0.008239776059053839
N1(CCCC(C1)CCC(=O)NC1=CC=CC=C1F)CC1=CC=C(C=C1)C(OC)=O,0.006518107722513378
C12=C(N=CN=C1N1CCC(CC1)C(=O)N1CCN(CC1)C1C=CC=CC=1)ON=C2C1=CC=C(C=C1)OC,0.006488531245850027
N1=NC(=CN1C1CCNCC1)CN(C)C(C)CC1C=CC=CN=1,0.008334980276413263
C1(N2CCN(CC2)CC2=CC=C(Cl)S2)=CC(C(C)C)=NC(C)=N1,0.007502078893594444
CC1=CC=C(CNC(COC(C2=C(N)C(C)=CC=C2)=O)=O)C=C1,0.006042355601675808
C12C(C)=CC=CN1C(=CN=2)CC(=O)N(C)C(C)C1=CC=CS1,0.006022862740792334
CCC1=CC2=C(C(=CC(O2)=O)COC(C2=C(N)C(C)=CC=C2)=O)C=C1,0.006281930976547301
C12=C(N=CN=C1N1CCC(CC1)C(NCCCC1C=CC=CC=1)=O)ON=C2C1C=CC(=CC=1)OC,0.005400524055585265
C1(C(=O)N2CCCCC2)=C(CNCCSC2=NN=CN2C)N2C(C(C)=CC=C2)=N1,0.00439802740002051
COC(C1=CC(NC(COC(C2=C(N)C(C)=CC=C2)=O)=O)=C(C)C=C1)=O,0.007127452525310218
C12=C(N=CN=C1N1CCC(CC1)C(=O)NCC1C=CC3=C(OCO3)C=1)ON=C2C1C=CC(=CC=1)OC,0.005719918315298856
C1(=NNC=N1)C(=O)N1CCN(CC1)CC(=O)NC1=CC=C(C=C1)C(C)CC,0.002999821736011654
CC(C(NC1=CC2=C(OCO2)C=C1)=O)OC(C1=C(N)C(C)=CC=C1)=O,0.006316250190138817
C1(=CNC(C)=N1)C1N(CCCN2CCOCC2)C=NC=1C1=CC=CC=C1,0.004647636285517365
CC(C(NCC1=CC2=C(OCO2)C=C1)=O)OC(C1=C(N)C(C)=CC=C1)=O,0.0060519629390910264
N1(C2=CC=CC=C2F)C=C(C=N1)CNC1CCCN(CC2=CC=CC=N2)C1,0.005486173764802515
C12=C(N=CN=C1N1CCC(CC1)C(=O)N1CCC3C(=CC=CC=3)C1)ON=C2C1C=CC(=CC=1)OC,0.007060611224733293
CC1=C(C)N(C2CCCCC2)C(SCC(NC(NC2CCCC2)=O)=O)=N1,0.003193758986890316
N1C(C2C=CC=CC=2)=NOC=1N1CCN(CC1)CC1=CN=C(N=C1)OC,0.0057554767234250905
C1(C=CC(N(C)C=1)=O)C(=O)NCC1=CSC2C=CC(Cl)=CC1=2,0.004847492289263755
CC1ON=C(NC(CSC2N(C3CCCCC3)C(C)=C(C)N=2)=O)C=1,0.00788686836604029
C1(CN2C=CC=N2)(CC1)C(=O)N1CCC2=C(C(C3=CC=C(C(F)=C3)F)=NN2)C1,0.005345455813221633
CC1=C(N)C(C(OCC2C3=C(C=C4C(=C3)CCC4)OC(=O)C=2)=O)=CC=C1,0.007881944649852812
C(=O)(NC1CCCOC1)C1CC(=O)NC2=CC=C(F)C=C12,0.006175156822428108
C12=C(N=CN=C1N1CCC(CC1)C(=O)NC(C)C)ON=C2C1=CC=C(C=C1)OC,0.006323947012424469
COC1=C(NC(C(OC(C2=C(N)C(C)=CC=C2)=O)C)=O)C=CC=C1,0.0072386811254546045
C1(=NC=CC=C1CNC([C@H](CCO)N)=O)OC1C=CC=CC=1OC,0.004381319996900857
CC(C(NC1=CC=CC=C1)=O)OC(C1=C(N)C(C)=CC=C1)=O,0.006410539289936424
C12=C(N=CN=C1N1CCC(CC1)C(NCCC)=O)ON=C2C1C=CC(=CC=1)OC,0.0064094920177012685
CCN(C(COC(C1=C(N)C(C)=CC=C1)=O)=O)C1CS(=O)(=O)CC1,0.006424310710281133
C12=C(N=CN=C1N1CCC(CC1)C(NCCN(CC)CC)=O)ON=C2C1=CC=C(C=C1)OC,0.007174942782148719
N1(CC2=CC(F)=C(C=C2F)F)N=CC(=CC1=O)N1CCCCC1,0.007176128122955561
CC(C(NC1=C(C)C=C(C)C=C1C)=O)OC(C1=C(N)C(C)=CC=C1)=O,0.008288511494174599
C12=C(N=CN=C1N1CCC(CC1)C(=O)NC(C)C1=CC=CC=C1)ON=C2C1=CC=C(C=C1)OC,0.006288058566860854
CC(C(NC1=C(C)C=CC=C1)=O)OC(C1=C(N)C(C)=CC=C1)=O,0.0068348257569596175
COC1=CC=C(NC(NC(COC(C2=C(N)C(C)=CC=C2)=O)=O)=O)C=C1,0.0021112245216500015
C1(C=CC(=NC=1OC)OC)C(=O)N1CCCC(OC)C1,0.0077456777915358545
C(C(=O)N(C)CC1C=CN=CN=1)C1C(=O)NCCN1CC1=CC=CC=C1C(F)(F)F,0.003855788358487189
CC(N1C2=C(C=C(C=C2)NC(COC(C2=C(N)C(C)=CC=C2)=O)=O)CC1)=O,0.006041661184281111
C(=O)(N(CCOC)CC1CCN(CC1)CC1=CC=CC=C1OC)C1=CC=CS1,0.009668987290933729
C1(C(=O)NCC2=NN=CN2C2CCCCC2)=CC(=NN1C)CC(C)C,0.011131452210247517
CC1=C(C)N(C2CCCCC2)C(SCC(NC(C2CC2)(C#N)C)=O)=N1,0.007081881853645733
C1(C=CC(=C(C)C=1)OCC)C(CCC(NCCCN1CCCC1)=O)=O,0.01322322110645473
NC(CSC1SC(NC2=C(Cl)C=CC=C2)=NN=1)=O,0.004909681272692978
C12=C(N=CN=C1N1CCC(CC1)C(NCCC(C)C)=O)ON=C2C1=CC=C(C=C1)OC,0.006842073006555438
ClC1=C(NC2SC(SCC(N3CCOCC3)=O)=NN=2)C=CC=C1,0.005229694186709821
C12=C(N=CN=C1N1CCC(CC1)C(NCCC1C=CC=CC=1)=O)ON=C2C1=CC=C(C=C1)OC,0.005935365776531398
ClC1=C(NC2SC(SCC(NCC3OC=CC=3)=O)=NN=2)C=CC=C1,0.00580128391738981
ClC1=C(NC2SC(SCC(NC3CC3)=O)=NN=2)C=CC=C1,0.005925325723364949
C12=C(N=CN=C1N1CCC(CC1)C(=O)NCC1CCCO1)ON=C2C1C=CC(=CC=1)OC,0.006439759163185954
N1(CC(=O)NCC2=NN=C(C3C=CC=CC=3)O2)N=CC(=CC1=O)N1CCCCC1,0.004699867800809443
ClC1=C(NC2SC(SCC(N3CCCC3)=O)=NN=2)C=CC=C1,0.006052788649685681
C1(C#N)C(N)=NC(=CC=1C1=CC=C(C2CCCO2)S1)C1=CC=CN1,0.002586720435647294
ClC1=C(NC2SC(SCC(NCC3OCCC3)=O)=NN=2)C=CC=C1,0.005947153666056693
C12=C(N=CN=C1N1CCC(CC1)C(NCCN1CCCCC1)=O)ON=C2C1C=CC(=CC=1)OC,0.006846648338250816
ClC1=C(NC2SC(SCC(N3CCCCC3)=O)=NN=2)C=CC=C1,0.005724914185702801
C12=C(N=CN=C1N1CCC(CC1)C(NCCOC)=O)ON=C2C1C=CC(=CC=1)OC,0.005199612211436033
N1C2=CC(C)=CC=C2NC=1CCN(CC)C(=O)C1=CC=CC=C1NCC(O)=O,0.0031383757886942476
C12=C(N=CN=C1N1CCC(CC1)C(=O)N1CCN(CC1)C1=CC=CC=N1)ON=C2C1C=CC(=CC=1)OC,0.006226355489343405
C1(=CN2CCC3=CC=CC(=C23)C1=O)C(=O)N1CCCCC1C(OCC)=O,0.0065762393176555635
CC(NC(CSC1SC(NC2=C(Cl)C=CC=C2)=NN=1)=O)C,0.005636559240520001
C12=C(N=CN=C1N1CCC(CC1)C(=O)NCC1=CC=CC=C1OC)ON=C2C1C=CC(=CC=1)OC,0.005590510577894748
N(CC)(CC1C=CC(=C(OCC)C=1)OCC(C)=C)[C@H]1COC[C@@H]1O,0.008249891572631896
C12CN(CCOC1=C(C=C(C=2)C1=CC=C(C)S1)O)CC1=CN=C(N=C1)OC,0.004275380750186741
COCCNC(CSC1SC(NC2=C(Cl)C=CC=C2)=NN=1)=O,0.0047643906553275885
C1(=CNN=C1C1C=C(C)C=CC=1C)CN1CCCC(CO)(CC2=CC=CC=C2C)C1,0.005068854358978569
C12=C(N=CN=C1N1CCC(CC1)C(=O)NCC1C=CC=C(OC)C=1)ON=C2C1=CC=C(C=C1)OC,0.005549883586354554
C1(NC(=O)C2=CC=CC(=O)N2)=C(C)C(=NN1C1=CC=CC=C1)CC,0.0031486064777709543
C12=C(N=CN=C1N1CCC(CC1)C(=O)N(C)CCCC)ON=C2C1=CC=C(C=C1)OC,0.008247805177234113
C12=CC(C3C=CC=CC=3C)=CC(O)=C1OCCN(C1=CN=CC(C(N)=O)=N1)C2,0.004089557705447078
COCCCNC(CSC1SC(NC2=C(Cl)C=CC=C2)=NN=1)=O,0.004984443495050073
N1(CC2C=CC=CC=2)C(=O)NN=C1C1CCN(CC1)C(=O)C1CC(=NO1)C,0.0030478330794721843
C12=C(N=CN=C1N1CCC(CC1)C(=O)N1CCC3(CC1)OCCO3)ON=C2C1C=CC(=CC=1)OC,0.0077158099506050345
N1(C[C@H](C[C@H]1C(=O)N(CC)CC)N)C(=O)C1=CN=C(NC1=O)C(C)C,0.0057451126631349325
ClC1=C(NC2SC(SCC(NCC=C)=O)=NN=2)C=CC=C1,0.005596078909002244
C12=C(N=CN=C1N1CCC(CC1)C(=O)NCC(C)C1C=CC=CC=1)ON=C2C1C=CC(=CC=1)OC,0.006166772451251745
C1(C2=CC=CC=C2SC=1)C1=CC(OC)=C2C(CN(CCO2)C(=O)C2=CN=CN2)=C1,0.0036007553339004517
C12=C(N=CN=C1N1CCC(CC1)C(=O)N1CCCC(C(OCC)=O)C1)ON=C2C1=CC=C(C=C1)OC,0.006123144039884209
N1NC=CC=1C1C=CC=C(C=1)C1C=CC(=CC=1C)NC(CC)=O,0.004919643048197031
C12=C(N=CN=C1N1CCC(CC1)C(=O)NCC1=CC=CS1)ON=C2C1=CC=C(C=C1)OC,0.0050363714108243585
ClC1=C(NC2SC(SCC3N=C4N(C5=C(S4)C=CC=C5)C(=O)C=3)=NN=2)C=CC=C1,0.005467562610283494
C12=C(N=CN=C1N1CCC(CC1)C(NCCCOCC)=O)ON=C2C1=CC=C(C=C1)OC,0.005442534037865698
ClC1=C(NC2SC(SCC(NC(NCC=C)=O)=O)=NN=2)C=CC=C1,0.0015686948550865053
C12=C(N=CN=C1N1CCC(CC1)C(NCCC1CCCCC=1)=O)ON=C2C1=CC=C(C=C1)OC,0.00757735448423773
N1C=C(SC=1C)CN1CCC(CC1)OC1C=CC(=CC=1)C(=O)NCC1=CC=CC=N1,0.005924161477014423
C12=C(N=CN=C1N1CCC(CC1)C(=O)N1CCN(CC1)CC)ON=C2C1C=CC(=CC=1)OC,0.007582964841276407
C12=C(N=CN=C1N1CCC(CC1)C(=O)NC(C)CCC1=CC=CC=C1)ON=C2C1=CC=C(C=C1)OC,0.0064120604656636715
N1=C(C2=CC=CC=C2)CCC(=O)N1CCNC1CCC2=C(C=C(C=C2)OC)C1,0.009586465125903488
CCNC(NC(CSC1SC(NC2=C(Cl)C=CC=C2)=NN=1)=O)=O,0.0013697223999770357
C12=C(N=CN=C1N1CCC(CC1)C(NCCCOC)=O)ON=C2C1=CC=C(C=C1)OC,0.0053303365129977465
N1([C@H](C)C(N)=O)C=NC(C2=CC=CC=C2)=C1C1C=CC(=C(Cl)C=1)O,0.003192206367384642
C12=C(N=CN=C1N1CCC(CC1)C(NCCCOC(C)C)=O)ON=C2C1=CC=C(C=C1)OC,0.005642288736999035
C(C1C(=O)NCCN1CC1=CC=C(C(OC)=C1)OC)C(=O)N(C)C1CCCCC1,0.009844050928950309
CN(C(CSC1SC(NC2=C(Cl)C=CC=C2)=NN=1)=O)C,0.0055206762859597806
C12=C(N=CN=C1N1CCC(CC1)C(=O)NCC1=CC=C(C)O1)ON=C2C1=CC=C(C=C1)OC,0.006313732429407537
CCOCCCNC(CSC1SC(NC2=C(Cl)C=CC=C2)=NN=1)=O,0.0052376169012859465
N1(C[C@H](C[C@H]1C(NCC)=O)N)CC1=CC=CC2=C1C=CN2,0.004958704090677201
C1(=CC(=CC=C1Cl)NC(C)=O)C(NCCC(=O)NC1=CC=CC=C1CC)=O,0.007294829771853984
COC(CNC(CSC1SC(NC2=C(Cl)C=CC=C2)=NN=1)=O)=O,0.005075536645017564
C1(=C(C)C2C(=CC=C(F)C=2)N1)C1N(CCC(C)O)C=NC=1C1=CC=CC=C1,0.0024370450584683566
C12=C(N=CN=C1N1CCC(CC1)C(NCCN1CCOCC1)=O)ON=C2C1=CC=C(C=C1)OC,0.005956646520644426
C(C1C(=O)NCCN1CC1C=CC=C(F)C=1F)C(=O)N1CCC2C(=CC=CC=2Cl)C1,0.005833578004967421
N1(CCC(CC1)CN)C(=O)CCN1CCCCCCC1,0.016692770179361105
C12=C(N=CN=C1N1CCC(CC1)C(=O)NC1CCCCC1)ON=C2C1=CC=C(C=C1)OC,0.007100871973671019
C1(=CNC(CCCC)=N1)C1CC(=O)NC2=CC(O)=C(OC)C=C21,0.0024925144971348345
C12=C(N=CN=C1N1CCC(CC1)C(=O)N1CCCCC1)ON=C2C1=CC=C(C=C1)OC,0.008011715486645699
N1(CCCC(CCC(=O)NC2=C(OC)C=CC(Cl)=C2)C1)C1C=CC(=CN=1)C(OC)=O,0.005277471581939608
COCC(NC(CSC1SC(NC2=C(Cl)C=CC=C2)=NN=1)=O)C,0.005806920328177511
C1(C=CC(=C2N=C(C)C=CC=12)OC)C1C=CC=CC=1C(N)=O,0.006477955589070916
C12=C(N=CN=C1N1CCC(CC1)C(NCCCC)=O)ON=C2C1C=CC(=CC=1)OC,0.005926480586640537
ClC1=C(NC2SC(SCC(N3C(=O)CCC3)=O)=NN=2)C=CC=C1,0.0024409346806351095
C1(C2C=CN=C(N[C@@H]3C[C@H]4C[C@@H]3CC4)N=2)C=NN(CCC)C=1C,0.009006359067279845
CC(C(NC1CC1)=O)SC1SC(NC2=C(Cl)C=CC=C2)=NN=1,0.006849126471206546
C1(CN(C)CC2C=C(NN=2)C2CC2)=CN(N=C1C1C=CC(=CC=1F)OC)C1C=CC=CC=1,0.0055280672153458
C12=C(N=CN=C1N1CCC(CC1)C(NCCC1C(C)=NOC=1C)=O)ON=C2C1C=CC(=CC=1)OC,0.0063897805288434025
C1(C(NCCC2=NN=C(N)S2)=O)C2=CC(C)=CC=C2NN=1,0.002499325369717553
C12=C(N=CN=C1N1CCC(CC1)C(=O)NC(C(C)C)C1=CC=CS1)ON=C2C1=CC=C(C=C1)OC,0.005505928187631071
C1(C(CO)=CN=C(C)C=1O)CN1C[C@@H]([C@@H](N2CCN(CC2)C)C1)O,0.0034890041570179164
C1(CNC(=O)C2CCN(CC2)C2=NC=NC3ON=C(C4=CC=C(C=C4)OC)C2=3)C(C)=NN(C)C=1C,0.0061411366797983645
C12=C(N=CN=C1N1CCC(CC1)C(NCCCN1CCN(CC1)C)=O)ON=C2C1=CC=C(C=C1)OC,0.005721283820457756
C12=C(N=CN=C1N1CCC(CC1)C(NCCCN1CCCCCC1)=O)ON=C2C1C=CC(=CC=1)OC,0.006350846751593054
C12=C(N=CN=C1N1CCC(CC1)C(NCCCN1CCCC1)=O)ON=C2C1C=CC(=CC=1)OC,0.006106404191814363
N1C=C(O)C=CC=1C1C=C(CCC2CCCCN2)C=C(O)C=1,0.005316938064061106
C12=C(N=CN=C1N1CCC(CC1)C(NCCN1CCCCCC1)=O)ON=C2C1C=CC(=CC=1)OC,0.006995665142312646
C(=O)(C1CCN(CC1)C1CCN(CC1)CC1=CC=CC=C1C)N[C@H]1CCCCNC1=O,0.011066057393327356
C12=C(N=CN=C1N1CCC(CC1)C(NCCN1CCCC1)=O)ON=C2C1C=CC(=CC=1)OC,0.006683049071580171
C1(C(=O)NCC2C=CC(=CC=2)N2CCCC2=O)=CN(N=N1)CC1=CC=C(C=C1)F,0.004910070053301752
CC(C(NCC1OCCC1)=O)SC1SC(NC2=C(Cl)C=CC=C2)=NN=1,0.006989400717429817
C12=C(N=CN=C1N1CCC(CC1)C(NCCN1CCCCC1C)=O)ON=C2C1=CC=C(C=C1)OC,0.006588177662342787
N1(CCN(CC1CCO)CC1=CC=C(C=C1)C#CC(C)(C)O)CC1C=CC=CC=1,0.006543952715583145
C12=C(N=CN=C1N1CCC(CC1)C(=O)NCC1=CC=CC=C1OCC)ON=C2C1C=CC(=CC=1)OC,0.0056101743597537276
COC1=CC=C(CCSC2SC(NC3=C(Cl)C=CC=C3)=NN=2)C=C1,0.00817332910373807
C12=C(N=CN=C1N1CCC(CC1)C(NCCCN1CCCC(C)C1)=O)ON=C2C1C=CC(=CC=1)OC,0.006129190279170871
C12C(C3=CC=C(C(C)=C3)OC)N(CCC=1C1C(=CC=CC=1)N2)CC1=CC=C(COC)O1,0.009972900291904807
C12=C(N=CN=C1N1CCC(CC1)C(=O)N(C)CC1=CC=CO1)ON=C2C1=CC=C(C=C1)OC,0.007119731977581978
C12=C(N=CN=C1N1CCC(CC1)C(=O)NCC1=CC=C(C=C1)SC)ON=C2C1=CC=C(C=C1)OC,0.004985843691974879
C(=O)(C1=CC=CC(CN(C)CC=C)=C1)NC1C=CC=C(F)C=1,0.00551858872640878
C12=C(N=CN=C1N1CCC(CC1)C(=O)NCC1=CC=C(C=C1)N(C)C)ON=C2C1=CC=C(C=C1)OC,0.005812665796838701
N(CC1CCN(CC1)CCOC)(CC1CCCN1CC)C(=O)C1C=CC(=CC=1)Cl,0.013499319832772017
C12=C(N=CN=C1N1CCC(CC1)C(NCCCSCCC)=O)ON=C2C1=CC=C(C=C1)OC,0.005758308083750307
N1C(CCN(C)C(=O)C2=CC=CC=C2OCC(C)=C)=NOC=1C(C)C,0.012209335528314113
CC(C(N1CCCC1)=O)SC1SC(NC2=C(Cl)C=CC=C2)=NN=1,0.006806649523787201
C12=C(N=CN=C1N1CCC(CC1)C(NCCC1=CC=CS1)=O)ON=C2C1C=CC(=CC=1)OC,0.005047853384166956
N1(C=CN=C1C1=CC=C(C=C1)NC(C)=O)CC1(CCCCC1)O,0.005891205044463277
CC(C(N1CCOCC1)=O)SC1SC(NC2=C(Cl)C=CC=C2)=NN=1,0.005879149842076004
C12=C(N=CN=C1N1CCC(CC1)C(NCCC1=CC=CO1)=O)ON=C2C1C=CC(=CC=1)OC,0.0059501783689484
C12C(C(C)C)N(CCC=1C1=C(C=CC=C1)N2)CC1ON=C(CC2C=CC=C(F)C=2)N=1,0.006699112453497946
CC(C(N)=O)SC1SC(NC2=C(Cl)C=CC=C2)=NN=1,0.005181341175921261
C12=C(N=CN=C1N1CCC(CC1)C(NCCC1C=CC=CC=1OC)=O)ON=C2C1C=CC(=CC=1)OC,0.005740284849889576
N1(CC)C(=O)N(N=C1C1CCCN(C(=O)C2C=CC(=CC=2)C2C=CNN=2)C1)C,0.0037240675184875725
C12=C(N=CN=C1N1CCC(CC1)C(=O)NC1=CC=C(C(Cl)=C1)F)ON=C2C1=CC=C(C=C1)C,0.005257987300865352
C(NC)(=O)C1=CC=C(C=C1)CNCC(=O)NC1CCCCCCC1,0.010875172400847077
C12=C(N=CN=C1N1CCC(CC1)C(=O)N(C)C1C(C)=CC=C(Cl)C=1)ON=C2C1C=CC(=CC=1)C,0.006319478154182434
C1(C(OCC)=O)=NNC=C1CN(CC1CCN(CC1)C1CCCC1)CC1CCCO1,0.008166447118856012
CC(C#N)SC1SC(NC2=C(Cl)C=CC=C2)=NN=1,0.004420415750735174
C1(=CC=CC=C1NCC1SC=CC=1C)C(NCCNC(=O)C1=CC=CN=C1)=O,0.005468120216391981
ClC1=C(NC2SC(SCC(NC3N(C4CCCC4)N=CC=3)=O)=NN=2)C=CC=C1,0.0062056548660621045
C12=C(N=CN=C1N1CCC(CC1)C(=O)N(C)C1C=CC=C(Cl)C=1)ON=C2C1=CC=C(C=C1)C,0.005996605521067977
ClC1=C(NC2SC(SCC(N(C3=CC=CC=C3)C3CS(=O)(=O)CC3)=O)=NN=2)C=CC=C1,0.0049168385216034945
C12=C(N=CN=C1N1CCC(CC1)C(=O)N(C)C1=CC=C(C(C)=C1)C)ON=C2C1=CC=C(C=C1)C,0.007997298776172102
CC(NC(C(SC1SC(NC2=C(Cl)C=CC=C2)=NN=1)C)=O)C,0.007069181255064905
N1(CCC2C=CC=CC=2)CC(CC1=O)NCC1=CC=CC2C=CC=NC1=2,0.0073077683337032795
C12=C(N=CN=C1N1CCC(CC1)C(=O)N(C)C1C=CC=CC=1F)ON=C2C1=CC=C(C=C1)C,0.006466890149749815
C12=C(N=CN=C1N1CCC(CC1)C(=O)N(C)C1=CC(C)=CC=C1C)ON=C2C1C=CC(=CC=1)C,0.008089857851155102
C(=O)(/C=C(/C)\C)N1CCCC(C1)NC1C=CC(=C(C)C=1)C,0.008283052360638976
COC1=CC=C(N2C(SCC3NC(=O)C4=C(C=CS4)N=3)=NC=C2)C=C1,0.003052572370506823
C12=C(N=CN=C1N1CCC(CC1)C(=O)N(C)C1=CC=CC=C1Cl)ON=C2C1=CC=C(C=C1)C,0.006257361453026533
C12=C(N=CN=C1N1CCC(CC1)C(=O)N(C)C1=CC=CC(C)=C1)ON=C2C1=CC=C(C=C1)C,0.007596142753027379
N1(CC2NN=C(C(=O)NCC(C)OC3C=CC=NC=3)C=2)C(C)=CC(C)=N1,0.005521752452477813
C12=C(N=CN=C1N1CCC(CC1)C(=O)N(CC=C)C1=CC=CC=C1)ON=C2C1C=CC(=CC=1)C,0.006753076054155827
C1(=CC(F)=CC=C1O)CN(C(C)C)CCC(N)=O,0.004101793037261814
COC1=CC=C(N2C(SCC3N=C4N(C=CC=C4)C=3)=NC=C2)C=C1,0.007406819821335375
C12=C(N=CN=C1N1CCC(CC1)C(=O)NC1=CC=CN=C1Cl)ON=C2C1C=CC(=CC=1)C,0.005034431512467563
C12CN(CCOC1=C(C=C(C1C(C)=NC=C(C)N=1)C=2)O)CC1CNC(=O)O1,0.002408301131799817
CC1C(CC(OCC(N2CCN(C(C3SC=CC=3)=O)CC2)=O)=O)=C(C)ON=1,0.008349638385698199
C12=C(N=CN=C1N1CCC(CC1)C(=O)N(CCC#N)C1C=CC=CC=1)ON=C2C1C=CC(=CC=1)C,0.0042466569429961964
N1(C)CCCC1CCNC(=O)C1=CC=C(C=C1)OCC(C)=C,0.011095648305490613
C12=C(N=CN=C1N1CCC(CC1)C(=O)N(C1CCCC1)CC1=CC=CO1)ON=C2C1C=CC(=CC=1)C,0.008735760627314449
C12=C(N=CN=C1N1CCC(CC1)C(=O)NC1C=CC(=CC=1)C(OC)=O)ON=C2C1C=CC(=CC=1)C,0.0050967907765880225
N(C)(C(CCCN1CCOCC1)=O)C1CCCC2=CC=CC=C12,0.014654075168073178
CC(NCC1SC(C(COC(CC2=C(C)ON=C2C)=O)=O)=CC=1)=O,0.010830808384343981
C12=C(N=CN=C1N1CCC(CC1)C(=O)NCC1=CC=CC(Cl)=C1)ON=C2C1=CC=CC(F)=C1,0.004297323990613222
N1(C=CC=C1CN1CCN(C(CCO)C1)CC1C=CC=CC=1)C1SC=CN=1,0.004794759093783796
C12=C(N=CN=C1N1CCC(CC1)C(=O)NC(C)CC)ON=C2C1=CC=CC(F)=C1,0.0050919825909659265
N1(CCCC(CN2C=CN=C2)C1)C(=O)C1=CC=C(C(=C1)NC(=O)C1CCCO1)C,0.005235249234829098
C12=C(N=CN=C1N1CCC(CC1)C(=O)NCC1C=CC=CC=1Cl)ON=C2C1=CC=CC(F)=C1,0.004350793501362205
N1(CCCC(C1)N1CCN(CC1)C1C=CC=C(C=1)C(F)(F)F)C(=O)CCNC(C)=O,0.004560275736730545
C12=C(N=CN=C1N1CCC(CC1)C(NCCC1C=CC(=CC=1)Cl)=O)ON=C2C1=CC=CC(F)=C1,0.004316489910706878
C1(=NC=CN1CCCN1CCCC1=O)C1C=NC(=NC=1)OC,0.0047063026810064915
C1(CN(C)CC2C=CC(=C(C(O)=O)C=2)O)C=NN(C)C=1C,0.004717063857242465
CN1C(SCC(NC2SC(C3OC=CC=3)=C(C3OC=CC=3)N=2)=O)=NN=C1,0.006918530631810427
N1([C@H]2CC[C@@H](CC2)NC(CCC2C(O)=NC3C(=CC=CC=3)N=2)=O)C=NN=C1,0.00645654983818531
CN1C(SCC(NC2=CC3=C(OC4=C3C=CC=C4)C=C2)=O)=NN=C1,0.00652215585578233
C12=C(N=CN=C1N1CCC(CC1)C(=O)NC1CCCCCC1)ON=C2C1=CC=CC(F)=C1,0.006504291482269764
COC1=CC=C(C(C2=CC=CC=C2)NC(CSC2N(C)C=NN=2)=O)C=C1,0.00858273496851325
C12=C(N=CN=C1N1CCC(CC1)C(=O)NC1CCCCCCC1)ON=C2C1=CC=CC(F)=C1,0.0066416281508281825
S(=O)(=O)(N1CCOCC1)C1=CC(C2C=CC=C(OC)C=2)=CC(C(O)=O)=C1,0.0038417913834564387
C12=C(N=CN=C1N1CCC(CC1)C(=O)NC1CCCC1)ON=C2C1=CC=CC(F)=C1,0.005918128229677677
COC1=C(F)C=C(C(CSC2N(C)C=NN=2)=O)C=C1,0.012987835658714175
C12=C(N=CN=C1N1CCC(CC1)C(=O)NCC1=CC=C(C=C1)OC)ON=C2C1=CC=CC(F)=C1,0.00498230461962521
CCN(C1CCCCC=1)C(CSC1N(C)C=NN=1)=O,0.012728593032807111
C12=C(N=CN=C1N1CCC(CC1)C(=O)NCC1=CC=C(C=C1)C)ON=C2C1=CC=CC(F)=C1,0.004958638199605047
N(CC1CCN(CC1)C1CCCC1)(CC1CCCO1)C(=O)CCC1SC=NC=1C,0.012850911868736149
C12=C(N=CN=C1N1CCC(CC1)C(=O)NCC1C=CC3=C(OCO3)C=1)ON=C2C1=CC=CC(F)=C1,0.004946137871593237
C12=C(N=CN=C1N1CCC(CC1)C(NCCC)=O)ON=C2C1=CC=CC(F)=C1,0.004752411297522486
CC(N1C2=C(C=C(C=C2)NC(CSC2N(C)C=NN=2)=O)CC1)=O,0.006006426061503589
C12=C(N=CN=C1N1CCC(CC1)C(=O)NC(C)C1=CC=CC=C1)ON=C2C1=CC=CC(F)=C1,0.005086962436325848
C1(C2=CC=CC=C2SC=1)C1=CC(O)=C2C(CN(CCO2)CCNC(C)=O)=C1,0.004067967925220728
C12=C(N=CN=C1N1CCC(CC1)C(=O)NC1CC1)ON=C2C1=CC=CC(F)=C1,0.00527313775382936
C1(CN(CC=C)CC2C=CC=C(OC)C=2)=NC=CN1CCOC,0.008251322316937149
C12=C(N=CN=C1N1CCC(CC1)C(NCCOC)=O)ON=C2C1=CC=CC(F)=C1,0.004292213905137033
CC1=CC=C(CC(C#N)SC2N(C)C=NN=2)C=C1,0.007147121839813609
C1(C(=O)N2CCCC(CNC(=O)C3=CC4=C(C=CC=C4)N3)C2)=C(C)N=C2SC=CN21,0.0033833789173513653
C12=C(N=CN=C1N1CCC(CC1)C(=O)NCC1=CC=CC=C1OC)ON=C2C1=CC=CC(F)=C1,0.005037881410680711
CC(C1=CC(NC(CSC2SC(NC3=CC=C(OC(F)(F)F)C=C3)=NN=2)=O)=CC=C1)=O,0.005795864458195865
N1C(C2C=CC=NC=2)=CC(NC=1C1=CC=C(C=C1)CN(C)CC1SC=CN=1)=O,0.004138770105782896
C12=C(N=CN=C1N1CCC(CC1)C(NCCCOCC)=O)ON=C2C1=CC=CC(F)=C1,0.004336557816714048
C(O)(CN(CCOC)CC=CC1C=CC=CC=1)=O,0.008874848717823625
C12=C(N=CN=C1N1CCC(CC1)C(=O)NC(C)CCC1=CC=CC=C1)ON=C2C1=CC=CC(F)=C1,0.005127756018191576
C(=O)(C1C(=CC=CN=1)O)N1CCN(C(CCO)C1)CC1=CC=CO1,0.0029168017324991526
C12=C(N=CN=C1N1CCC(CC1)C(NCCCOC)=O)ON=C2C1=CC=CC(F)=C1,0.004416204185690731
O=N(C1=CC=C(C2OC(CSC3SC(NC4=CC=C(OC(F)(F)F)C=C4)=NN=3)=NN=2)C=C1)=O,0.0029412243631668387
C12=C(N=CN=C1N1CCC(CC1)C(=O)NCC1=CC=C(C)O1)ON=C2C1=CC=CC(F)=C1,0.00567114360164851
C1(CN(CC2=CC=C(C=C2)OCC)C2CC2)=C(Cl)N=C2SC=CN21,0.007734449929557741
C12=C(N=CN=C1N1CCC(CC1)C(NCCN1CCOCC1)=O)ON=C2C1=CC=CC(F)=C1,0.004826343478634953
OC1=C(O)C=C(C(CSC2SC(NC3=CC=C(OC(F)(F)F)C=C3)=NN=2)=O)C=C1,0.004300021973904222
FC(OC1=CC=C(NC2SC(SCC(NCCC#N)=O)=NN=2)C=C1)(F)F,0.002094829428824596
C12=C(N=CN=C1N1CCC(CC1)C(=O)NCC1=CC=CC=C1OCC)ON=C2C1=CC=CC(F)=C1,0.005109369033016264
CC(C(C1C2=C(C=CC=C2)NC=1)=O)OC(CCC1NC(=O)C2=C(N(C3=CC=CC=C3)N=C2)N=1)=O,0.005876847775653005
C12=C(N=CN=C1N1CCC(CC1)C(NCCN1CCN(CC1)C)=O)ON=C2C1=CC=CC(F)=C1,0.00515683856792748
COC1=C2C(OCCO2)=CC(C=CC(OC(C(NC2=CC=C(Br)C=C2)=O)C)=O)=C1,0.008319236128591001
C12=C(N=CN=C1N1CCC(CC1)C(=O)NCC1C=CC(=C(OC)C=1)OC)ON=C2C1=CC=CC(F)=C1,0.005337683064863086
COC1=C2C(OCCO2)=CC(C=CC(OCC2OC(C3=CC=CC=C3)=NN=2)=O)=C1,0.007822377723641694
C12=C(N=CN=C1N1CCC(CC1)C(=O)NCC1=CC=C(C=C1)SC)ON=C2C1=CC=CC(F)=C1,0.00407213339349255
NC(CSC1SC(NC2=C(C(F)(F)F)C=CC=C2)=NN=1)=O,0.0035574714886024593
C1(=NC=NC(OC)=C1)N1CCC(CC1)C1=CC=CC(O)=C1,0.004089269798714668
COC(C1=CC=C(CSC2SC(NC3=C(C(F)(F)F)C=CC=C3)=NN=2)C=C1)=O,0.005672836513258517
C1(N)(CCN(CC2=CC=CC(C)=N2)C1)C(O)=O,0.007801086152903735
FC(C1=C(NC2SC(SC3C(=O)OCC3)=NN=2)C=CC=C1)(F)F,0.004090663278475404
N1=C(C)OC2=CC=C(C3=CC=CC(=C3)C3C=CN(CCCO)N=3)C=C12,0.004339500912465155
FC(C1=C(NC2SC(SCC(N3CCCCCC3)=O)=NN=2)C=CC=C1)(F)F,0.005472426023334265
C1=C(N2CCCC2)C=NN(CC2C=C(F)C=C(C=2)C(F)(F)F)C1=O,0.005155811668373644
C12=C(N=CN=C1N1CCC(CC1)C(=O)NCC1C=CC(=CC=1OC)OC)ON=C2C1=CC=CC(F)=C1,0.005090375267900527
C1(C2=CC=CC=N2)NC(=NC=1C1=CC=CC(F)=C1)CNC(=O)C1C=CNN=1,0.002347467187792063
C12=C(N=CN=C1N1CCC(CC1)C(=O)NCC1=CC(OC)=CC=C1OC)ON=C2C1=CC=CC(F)=C1,0.005114400875754654
FC(C1=C(NC2SC(SCC(NC3CC3)=O)=NN=2)C=CC=C1)(F)F,0.004583213955629617
C1(C(=O)NC2CC2)=CN(N=N1)C1CCN(CC1)C(=O)C1C=CC(=NC=1)N,0.004255369561724365
FC(C1=C(NC2SC(SCC(NCC=C)=O)=NN=2)C=CC=C1)(F)F,0.004467738198582083
C1(=C(C2C=CC=CC=2)N=CN1C1COCC1)C1=CC=C(C2=CC=CC=C2C#N)O1,0.007649356708861887
C12=C(N=CN=C1N1CCC(CC1)C(=O)NCC1C=CC(=CC=1)OCC)ON=C2C1=CC=CC(F)=C1,0.005057820491492749
C1(SC=C(C(C)C)N=1)C1=NC=CN1CCCN(C)C,0.009116494981572031
C12=C(N=CN=C1N1CCC(CC1)C(=O)NCC1=CC=C(C=C1)N(C)C)ON=C2C1=CC=CC(F)=C1,0.0046646938775666055
CC(C(N)=O)SC1SC(NC2=C(C(F)(F)F)C=CC=C2)=NN=1,0.00387016786262393
C12=C(N=CN=C1N1CCC(CC1)C(=O)NCC1=CC=CC=C1C)ON=C2C1=CC=CC(F)=C1,0.004933190532028675
CC(C#N)SC1SC(NC2=C(C(F)(F)F)C=CC=C2)=NN=1,0.0029712096893490525
C12=C(N=CN=C1N1CCC(CC1)C(NCCC1C=CC=CC=1OC)=O)ON=C2C1=CC=CC(F)=C1,0.005119566945359111
FC(C1=C(NC2SC(SCC(NC3=C(C(NC4CC4)=O)C=CC=C3)=O)=NN=2)C=CC=C1)(F)F,0.005273661110550165
C12=C(N=CN=C1N1CCC(CC1)C(=O)NCC1C=CC(=CC=1)OCCCC)ON=C2C1=CC=C(C=C1)C,0.005922788078896702
N1(C2=CC=C(C=C2)OC)N=CC(C(C)NCC2=CC=C(C=C2)SC)=C1C,0.008833567798137664
N1(C2C=CC(=CC=2)C(=O)N2CCC(CC2)C(OCC)=O)C2CCCC(=O)C=2C(C)=N1,0.011532787792384624
C1(CN2CCCC(C2)OCC2C=CC=NC=2)=CN(N=C1C1C=CC=C(Cl)C=1)C,0.010501967975869775
CCOC(C1=C(COC(C2=CC=C(C(N)=O)C=C2)=O)C2=C(C=CC=C2)O1)=O,0.00827672858722508
C1(NCC2=CC=C(C(OCC)=C2)OC)=NC(C)=NC2CCN(C)CCC1=2,0.010596511792391539
N1(C2=CC=C(C=C2)C(=O)N2CCN(CC2)C2C=CC=CC=2)C2CCCC(=O)C=2C(C)=N1,0.010346926422789693
COC1=C(F)C=C(C(COC(C2=CC=C(C(N)=O)C=C2)=O)=O)C=C1,0.011554265674203635
N1(C(=O)C=CC(Cl)=N1)CC(=O)N(CCCC)CC1C=CC=C(OC)C=1,0.007319606258533895
N1(C2=CC=C(C=C2)C(=O)N2CCCC2)C2CCCC(=O)C=2C(C)=N1,0.014693612046539784
CCN1C(=O)N(CC2=CC=CC=C2)C(N)=C(C(CSC2N(C3=C(C)C(C)=CC=C3)N=NN=2)=O)C1=O,0.00507773426361382
C1(=O)N=C(C)C=C(C)N1CCC(=O)N1CCCC1C1=CC=CC=C1C,0.008069032686762512
N1(C2C=CC(=CC=2)C(=O)N2CCN(CC2)C2C=CC=C(Cl)C=2)C2CCCC(=O)C=2C(C)=N1,0.009092261386103927
CC1=C(C)C(N2C(SCC3OC(=O)NC3)=NN=N2)=CC=C1,0.002329540648497641
C1(C=NC(=NC=1)NCC)C(=O)NCC1CCCCC=1,0.007378490176051855
N1(C2=CC=C(C=C2)C(=O)N2CCN(CC2)C2C=C(C)C=CC=2C)C2CCCC(=O)C=2C(C)=N1,0.010705069173127413
N1(CCCC(C1)C(=O)NC1C=CC(=CC=1)C1C=CC=C(OC)C=1)C(=O)CCOC,0.007372085400857031
N1(C2=CC=C(C=C2)C(=O)N2CCN(CC2)C2C(C)=CC=C(Cl)C=2)C2CCCC(=O)C=2C(C)=N1,0.009170711296610535
CCN1C2=C(C=C(S(N(C)C)(=O)=O)C=C2)N=C1COC(C1=CC2=C(OCCO2)C(Cl)=C1)=O,0.004233860981184989
C1(C=NC(=NC=1C1CCCNC1)COC1=CC=CC(Cl)=C1)S(C)(=O)=O,0.005168001400306821
CCCN1C2=C(C=C(S(N(C)C)(=O)=O)C=C2)N=C1COC(C1=CC2=C(OCCO2)C(Cl)=C1)=O,0.004357798339333386
C1(C2C=CC=CC=2C(NN=1)=O)C(C)C(=O)N(CC(C)C)CC1C=CC=C(OC)C=1,0.005957352765835822
CC1N(C2=C(N(=O)=O)C=CC=C2)N=C(C(OCC2=CC=C(C#N)C=C2)=O)C(=O)C=1,0.0044462165329605344
N1C(CC)=CSC=1CNC(=O)C1=CC=C(N=C1)NCC1CCCCO1,0.005836212425492704
N#CC1=CC=CC(CN(CCN(C)C)CC2=CC=CC=C2C)=C1,0.013682677410542965
N1(C2C=CC(=CC=2)C(=O)N2CCN(C(C)C2)C2=CC=CC(C)=C2)C2CCCC(=O)C=2C(C)=N1,0.010406000958755612
C1(=CC=CC(=O)N1)C(=O)N(CCCC)CC1C=CSC=1,0.0046035134699195625
CC1N(C2=C(N(=O)=O)C=CC=C2)N=C(C(OCC(NC2=CC=C(F)C=C2)=O)=O)C(=O)C=1,0.004483452916610986
N1(CC)C(=O)N(N=C1C1CCCN(CC2C=CC=NC=2)C1)C,0.006488459091633559
CC1=C(C)C=C(NC(COC(C2C(=O)C=C(C)N(C3=C(N(=O)=O)C=CC=C3)N=2)=O)=O)C=C1,0.0051083954516798254
N1(C2=CC=C(C=C2)C(=O)N(CC)CC)C2CCCC(=O)C=2C(C)=N1,0.015059634856879712
C1(=NC(OC)=CC(OC)=N1)N1CC2=C(C=NC(CC(C)C)=N2)C1,0.010707285068929196
CC1N(C2=C(N(=O)=O)C=CC=C2)N=C(C(OCC(NC2=CC3=C(OCO3)C=C2)=O)=O)C(=O)C=1,0.004968283884227276
N1(CC(=O)N2CCNCC2)C=NC(C2C=CC=CC=2)=C1C1=CN=C(N=C1)CC,0.004419607610907405
CC1N(C2=C(N(=O)=O)C=CC=C2)N=C(C(OCC2=C3C(C=CC=C3)=CC=C2)=O)C(=O)C=1,0.005629808106459677
N1(C2C=CC(=CC=2)C(=O)N2CCN(CC2)C)C2CCCC(=O)C=2C(C)=N1,0.012699910998344421
C1(CN2CCC(CC2)CN(C)CC=CC2=CC=CC=C2)=CC=C(C)O1,0.018228334141895175
CC(C(NC1=CC(C#N)=CC=C1)=O)OC(C1C(=O)C=C(C)N(C2=C(N(=O)=O)C=CC=C2)N=1)=O,0.004220271133817732
N1(C[C@H]2C[C@H]3C[C@@H](C2)C[C@H]1C3)C1=NC=NC(C2CCNCC2)=C1,0.01028044791892171
OCCSC1SC(NC2=CC(Cl)=CC=C2)=NN=1,0.002633354504359886
C(=O)(C1=CC=CC(=C1)CN1C=CC=N1)N(C)CC1=CC=NC2=CC=CC=C12,0.00980213019065559
ClC1=CC(NC2SC(SCC3=CC=C(C#N)C=C3)=NN=2)=CC=C1,0.005010851635597646
COC(CSC1SC(NC2=CC(Cl)=CC=C2)=NN=1)=O,0.0055283980909734964
C12C(CC(NC=1NN=C2C1=CC=CC=N1)=O)C1=CC(OC)=CC=C1O,0.0024216479039750995
C1(C2C=CC(=CC=2)C)N=C(NCCN2CCCC(O)C2)N=CC=1C1C=CC=NC=1,0.0026761365355923773
CN(C1=CC=CC=C1)C(CSC1SC(NC2=CC(Cl)=CC=C2)=NN=1)=O,0.006028231675736606
N1(C2=CC=C(C=C2)C(=O)N2CCOCC2)C2CCCC(=O)C=2C(C)=N1,0.011916476814076305
N1(C=CC=C1CN1CCC2(CCCN(CC3C=CC=C(OC)C=3OC)C2)C1)C1=CC=CC=N1,0.01175594301894307
ClC1=CC(NC2SC(SCC(N(C3=CC=CC=C3)CCC#N)=O)=NN=2)=CC=C1,0.00395883719320409
ClC1=CC(NC2SC(SCC(NC3=CC=C(N4CCOCC4)C=C3)=O)=NN=2)=CC=C1,0.005320962192490697
N1(C2C=CC(=CC=2)C(=O)N2CCN(CC2)CCC)C2CCCC(=O)C=2C(C)=N1,0.012678501475602389
COC(C1=CC=C(NC(CSC2SC(NC3=CC(Cl)=CC=C3)=NN=2)=O)C=C1)=O,0.004998608538880944
N1(C2C=CC(=CC=2)C(=O)N2CCN(CC2)C2=CC=CC=N2)C2CCCC(=O)C=2C(C)=N1,0.009032402141019701
ClC1=CC(NC2SC(SCC3OC(C4=CC=CC=C4)=NN=3)=NN=2)=CC=C1,0.006305520585738122
N1(C2C=CC(=CC=2)C(=O)N2CCC3(CC2)OCCO3)C2CCCC(=O)C=2C(C)=N1,0.01208135848864913
ClC1=CC(NC2SC(SCN3C(=O)C4=C(C=CC=C4)C3=O)=NN=2)=CC=C1,0.003050698433071375
N1(C2=CC=C(C=C2)C(=O)N2CCN(CC2)C2C=CC(=CC=2)F)C2CCCC(=O)C=2C(C)=N1,0.009345238469541073
CC(C(N(C1=CC=CC=C1)C)=O)SC1SC(NC2=CC(Cl)=CC=C2)=NN=1,0.007109157531522215
N1(C2C=CC(=CC=2)C(=O)N2CCN(CC2)CC2=CC=C3C(OCO3)=C2)C2CCCC(=O)C=2C(C)=N1,0.00905860741622746
CC1=C(C)N(C2CCCCC2)C(SCC(N2C3=C(C=CC=C3)CCC2)=O)=N1,0.010737938480451703
C1(=CNN=C1C1CCCCC1)CN1CCC(CC1)(CO)CC1=CC=CC=C1,0.005557576147839427
COC(C1OC(CSC2SC(NC3=CC(Cl)=CC=C3)=NN=2)=CC=1)=O,0.005114035238511861
N1(C2=CC=C(C=C2)C(=O)N2CCN(CC2)C(=O)C2=CC=CO2)C2CCCC(=O)C=2C(C)=N1,0.010838043596595525
C(=O)(N(C)CC1CCN(CC1)CCC1=CC=CC=C1OC)[C@@H]1CCC(=O)N1,0.009937886148691177
N1(C2C=CC(=CC=2)C(=O)N2CCN(CC2)C2=CC=CC=C2F)C2CCCC(=O)C=2C(C)=N1,0.009224080527201296
ClC1=CC(NC2SC(SCCN3CCOCC3)=NN=2)=CC=C1,0.005762286321260035
N1(C2=CC=C(C=C2)C(=O)N2CCCCC2)C2CCCC(=O)C=2C(C)=N1,0.012952239671722054
CC(N(C1=C(F)C=CC=C1)C1SC=C(CSC2SC(NC3=CC(Cl)=CC=C3)=NN=2)N=1)=O,0.005422375758644194
N1(C2C=CC(=CC=2)C(=O)NCC2C=CC=NC=2)C2CCCC(=O)C=2C(C)=N1,0.010626355372369289
N1=C(C=CC=C1C(OC)=O)CN1CC[C@H]([C@H](O)C1)C1=CC=C(C=C1)F,0.001956212846562266
N1(C2=CC=C(C=C2)C(=O)NCC2=CC=CC=C2)C2CCCC(=O)C=2C(C)=N1,0.01183550120331347
C(=O)(N(C)C)C(C)N(C)CC1=CC2OCCCOC=2C=C1OC,0.013328797835856675
ClC1=CC(NC2SC(SCC(NC3N(C4CCCC4)N=CC=3)=O)=NN=2)=CC=C1,0.005941505753435194
N1(C2C=CC(=CC=2)C(=O)NCC2C=CC=CC=2Cl)C2CCCC(=O)C=2C(C)=N1,0.01044974490068853
C1(=O)N=C(C)C=C(C)N1CCNC(=O)CC1C2=CC=CC(F)=C2NC=1C,0.0030422442825511096
N1(C2=CC=C(C=C2)C(=O)NCC2=CC=C(C=C2)Cl)C2CCCC(=O)C=2C(C)=N1,0.010429432382807136
C1(C2C=C(OC)C(=C(OC)C=2)O)N(C)C2=C(C=CC=C2)N=1,0.004821526422165334
N1(C2=CC=C(C=C2)C(=O)NC2CCCCCC2)C2CCCC(=O)C=2C(C)=N1,0.013684019958600403
N1(CCOC(C1)C1=CC=C(C(Cl)=C1)Cl)C(CCCN1C=CC=N1)=O,0.00752568228635937
N1(C2C=CC(=CC=2)C(NCCN(C)C)=O)C2CCCC(=O)C=2C(C)=N1,0.012155230902135373
CC1=C(C)N(C2CCCCC2)C(SCC2=CC=C(C#N)C=C2)=N1,0.010650543123483657
C12CCN(CC=1N=C(N)NC2=O)C(=O)C1=CC=CN=C1N(C)C1CCCCC1,0.0036906932364217937
COC(CSC1N(C2CCCCC2)C(C)=C(C)N=1)=O,0.01253549912944436
N1(CCN(CC1CCO)CC1C=CC=C(C=1)SC)CC1=CC=CS1,0.005018955445848405
CC1=C(C)N(C2CCCCC2)C(SCC(NC2=CC3=C(OCO3)C=C2)=O)=N1,0.007586328755132854
N1(C2=CC=C(C=C2)C(=O)NCC2C=CC3=C(OCO3)C=2)C2CCCC(=O)C=2C(C)=N1,0.009995009517297149
C12CN(CCC=1ON=C2C1C=CC2=C(OCO2)C=1)CC1=NOC(C(N)=O)=N1,0.00724943580571562
CC1=C(C)N(C2CCCCC2)C(SCC(N2C3=C(C=CC=C3)CC2)=O)=N1,0.010395168978720903
C1(C(NCCCN2CCOCC2)=O)=CN(N=N1)CCCC1C=CC=CC=1,0.007392054563388229
N1(C2C=CC(=CC=2)C(NCCC)=O)C2CCCC(=O)C=2C(C)=N1,0.012291494337841869
C12(CCCN(CCC3=CC=CC=C3)C1=O)CCN(C(=O)CCOC)C2,0.01116569726727903
CC1=C(C)N(C2CCCCC2)C(SCC(NC2=CC=C(S(N3CCOCC3)(=O)=O)C=C2)=O)=N1,0.004910492547787726
C1(CC2C=CC=CC=2)(CCC(=O)N(CCC)CC)C2=CC=CC=C2N(C)C1=O,0.015445742616429925
N1(C2C=CC(=CC=2)C(=O)NC2CC2)C2CCCC(=O)C=2C(C)=N1,0.01180596542544663
S(=O)(=O)(C1C=CC(=CC=1)F)C1(CCN(CC1)CC1C=NN(C)C=1)CC(OCC)=O,0.006522058974951506
C1(C=NN(CCC)C=1C)C1=CC(=C(C(N)=N1)C#N)C1C=C(N(C)C=1)C#N,0.005476561130490154
N(C1=CC=CC=C1CC)C(=O)CCNC(C)CC,0.009406664804555476
N1(C2C=CC(=CC=2)C(NCCC(C)C)=O)C2CCCC(=O)C=2C(C)=N1,0.013992339465767145
N1(CCN(C(CCO)C1)CCC(C)C)C1CCN(CC1)CC1=CC=CO1,0.007616349216550589
N1(C2C=CC(=CC=2)C(NCCOC)=O)C2CCCC(=O)C=2C(C)=N1,0.009720382792875171
CC1=C(C)N(C2CCCCC2)C(SCC(NC2=CC=C(S(N3CCCC3)(=O)=O)C=C2)=O)=N1,0.005768052628263831
N1(C2C=CC(=CC=2)C(=O)NC2CCCC3C=CC=CC2=3)C2CCCC(=O)C=2C(C)=N1,0.013500321796163917
CC1=C(C)N(C2CCCCC2)C(SCC(NC2CCCC2)=O)=N1,0.012702807830646635
N1(C2C=CC(=CC=2)C(=O)NCC2=CC=CS2)C2CCCC(=O)C=2C(C)=N1,0.01001876974478364
N1(CCOC)CC(CCC1=O)C(=O)NCC1CCN(CC1)CC1C=CC=CC=1,0.009935769299045206
N1(C2C=CC(=CC=2)C(NCCCOC)=O)C2CCCC(=O)C=2C(C)=N1,0.009760029194876552
CC1=C(C)N(C2CCCCC2)C(SCC(NC2=CC=C(C(N)=O)C=C2)=O)=N1,0.007347674062475562
C12C(=O)CC(CC=1N(N=C2C)C1C=CC(=CC=1)C(=O)N(C)CC1C=CC=CC=1)(C)C,0.016297539044171572
CC1=C(C)N(C2CCCCC2)C(SCC(NC2=CC(S(N3CCCC3)(=O)=O)=CC=C2)=O)=N1,0.005661416333168745
CC1=C(C)N(C2CCCCC2)C(SCC(NC2C(=O)N(C3=CC=CC=C3)N(C)C=2C)=O)=N1,0.0069048214238137005
C(=O)(C1=CC=C(C(=C1)NC(=O)C1CC1)C)N(C)C(C)CC1C=C(C)C=CN=1,0.009510077792219818
CC1=C(C)N(C2CCCCC2)C(SCC(NC2=CC(S(N)(=O)=O)=CC=C2)=O)=N1,0.006241192435845732
N1(C=CC(C2C=CC=C(C=2)C2=NC=CC=N2)=N1)C(C)C(=O)NC1CCCC1,0.008083103131502867
C12C(=O)CC(CC=1N(N=C2C)C1C=CC(=CC=1)C(=O)N1CCC(CC1)C(OCC)=O)(C)C,0.011877380078658462
C1(C=C(ON=1)CN1CCC(CC1)O)C(=O)NC(CO)C(C)C,0.004311493178829551
CCC1=C(NC(CSC2N(C3CCCCC3)C(C)=C(C)N=2)=O)C(C)=CC=C1,0.009695141622796655
C1(NC(=O)C2=CC(=O)C3=C(C=CC=C3)N2)SC2=C(CCCC2)C=1C(NC)=O,0.0050118804909288885
CC1=C(C)N(C2CCCCC2)C(SCC(NC(C)(C)C)=O)=N1,0.010811867471784354
N1(CC(O)=O)C=C(C=N1)C1C=CC=C(OC(C)C)C=1,0.006483629997819662
COC1=C(NC(C2=CC=C(NC(CSC3N(C4CCCCC4)C(C)=C(C)N=3)=O)C=C2)=O)C=CC=C1,0.006229678727686405
C1(CCN(CC1)CC1=CC=C(C=C1)NC(C)=O)(CC1C=CC=C(OC)C=1)C(OCC)=O,0.007713644532486796
CC1=C(C)N(C2CCCCC2)C(SCC(NC2=CC3=C(NC(N3)=O)C=C2)=O)=N1,0.003908671985846013
CC1=C(C)N(C2CCCCC2)C(SCC(C2C(=O)N(C)C(=O)N(CC3=CC=CC=C3)C=2N)=O)=N1,0.007612121594138444
N1=C(N)N=C(C=C1N1CCOCC1)NCC(OC)C1=CC=CS1,0.00404227520339191
CC1=C(C)N(C2CCCCC2)C(SCC(NCC2SC=CC=2)=O)=N1,0.007918052305467427
C12C(=O)CC(CC=1N(N=C2C)C1=CC=C(C=C1)C(=O)N1CCN(CC1)C1C=CC=CC=1)(C)C,0.011302955076098442
C1(=CC=NN1C1CCN(CC1)CC1=CC=C(C=C1)C(F)(F)F)NC(=O)C1=CC=CN=C1,0.003630862513091415
C12C(=O)CC(CC=1N(N=C2C)C1=CC=C(C=C1)C(=O)N1CCCC1)(C)C,0.016269072238355876
C1(=C(CCC)C=NC(C)=N1)C1C=CC=C(C=1)NC(C)=O,0.0057065427303314206
C12C(=O)CC(CC=1N(N=C2C)C1C=CC(=CC=1)C(=O)N1CCN(CC1)C1C=CC=C(Cl)C=1)(C)C,0.009858766430988907
C12C(=O)CC(CC=1N(N=C2C)C1=CC=C(C=C1)C(=O)N1CCN(CC1)C1C=C(C)C=CC=1C)(C)C,0.011618020292371512
C1(N2CCC(CC2)(O)C2C=CC=CC=2)=NC2CCNCCC=2C(=O)N1,0.004711289424449205
C12C(=O)CC(CC=1N(N=C2C)C1=CC=C(C=C1)C(=O)N1CCN(CC1)C1C(C)=CC=C(Cl)C=1)(C)C,0.009893940947949886
CC1=C(C)N(C2CCCCC2)C(SCC(N(C2=CC=C(F)C=C2)CCC#N)=O)=N1,0.005705081099586095
N1(CC2C=CC(=CC=2)F)C(=O)CCN(C(=O)C2=CC=CN2)CC1C(C)C,0.005002449988387525
C12C(=O)CC(CC=1N(N=C2C)C1C=CC(=CC=1)C(=O)N1CCN(C(C)C1)C1=CC=CC(C)=C1)(C)C,0.011345583014190197
C1(=CC(=NN1CC)CC(C)C)C(=O)N1CC2=C(N(N=C2)CCO)C1,0.006297580106183887
C12C(=O)CC(CC=1N(N=C2C)C1C=CC(=CC=1)C(=O)N1CCN(CC1)C)(C)C,0.014204219495877624
C12C(=O)CC(CC=1N(N=C2C)C1=CC=C(C=C1)C(=O)N1CCOCC1)(C)C,0.013619599770754576
COC1=CC(CNC(CSC2N(C3CCCCC3)C(C)=C(C)N=2)=O)=CC=C1,0.008768216683529317
COC(C1CCN(C(CSC2N(C3CCCCC3)C(C)=C(C)N=2)=O)CC1)=O,0.00969337923452258
C12C(=O)CC(CC=1N(N=C2C)C1=CC=C(C=C1)C(=O)N1CCC(CC1)CC1C=CC=CC=1)(C)C,0.012890036636963486
N1C(CC2CCN(CC2)C)=NOC=1C1C=CC(=CC=1)C1C=CNN=1,0.006356639810837806
COCCN1C(C)=C(C(CSC2N(C3CCCCC3)C(C)=C(C)N=2)=O)C=C1C,0.01632448621094227
C12C(=O)CC(CC=1N(N=C2C)C1C=CC(=CC=1)C(=O)N1CCC2(CC1)OCCO2)(C)C,0.013119693845510483
C1=C(N2CCCN(C)CC2)C=NN(CCOC2C=CC(=CC=2C)C)C1=O,0.01003324412740767
C12C(=O)CC(CC=1N(N=C2C)C1=CC=C(C=C1)C(=O)N1CCN(CC1)C1C=CC(=CC=1)F)(C)C,0.010166464047506452
CC1=C(C)N(C2CCCCC2)C(SCC(NC2CS(=O)(=O)CC2)=O)=N1,0.007392497058026493
C12C(=O)CC(CC=1N(N=C2C)C1=CC=C(C=C1)C(=O)N1CCN(CC1)C(=O)C1=CC=CO1)(C)C,0.011630474030971527
CC1=C(C)N(C2CCCCC2)C(SCC(NCCN2C(=O)SCC2=O)=O)=N1,0.003623705974314362
N1(C=NN=C1C1CCOCC1)C1C=C(C)C=CC=1OC,0.011303885886445642
C12C(=O)CC(CC=1N(N=C2C)C1=CC=C(C=C1)C(=O)N1CCN(CC1)C1C=CC(=CC=1)OC)(C)C,0.01046299678273499
C1(=O)C(CC(=O)NCC2C3CCCC=3NN=2)C2C(=CC(=CC=2C)C)N1,0.007402118225581944
C12C(=O)CC(CC=1N(N=C2C)C1C=CC(=CC=1)C(=O)N1CCN(CC1)C1=CC=CC=C1F)(C)C,0.010030395677313208
CC1=C(C)N(C2CCCCC2)C(SCC2OC(C3=CC=CC=C3)=NN=2)=N1,0.010060175973922014
C12C(=O)CC(CC=1N(N=C2C)C1=CC=C(C=C1)C(=O)N1CCCCC1)(C)C,0.014593834243714809
C12C(=O)CC(CC=1N(N=C2C)C1C=CC(=CC=1)C(=O)NCC1=CC=CC=N1)(C)C,0.013057416398078203
CC1=C(C)N(C2CCCCC2)C(SCC(NC2=C(C#N)C=CS2)=O)=N1,0.005056920251809061
C1(=COC(C2C=CC=CC=2)=N1)C1=NC=CN1CC1=CC=CN=C1,0.004934039420913905
CC1=C(C)N(C2CCCCC2)C(SCC(C2NC=CC=2)=O)=N1,0.010543772531673313
C1(C2=CN=CC=N2)SC=C(CNC2C=C(C)C3C(=CC(=CC=3)Cl)N=2)N=1,0.00498430373845622
C1(NC(=O)CN2CCN(CC2)C2=NC=NC3=CC=CC=C23)C(C)=NN(CC)C=1C,0.005854684743098915
C12C(=O)CC(CC=1N(N=C2C)C1=CC=C(C=C1)C(=O)NCC1=CC=CC=C1)(C)C,0.013681262778118253
N1(C)[C@@H](C2=CC=C(C=C2)OC)[C@H](C[C@@]1(CC)C(O)=O)C(=O)N(C)CCO,0.00428710748674348
C12C(=O)CC(CC=1N(N=C2C)C1C=CC(=CC=1)C(=O)NCC1C=CC=CC=1Cl)(C)C,0.012007355596870184
CC1=C(C)N(C2CCCCC2)C(SCC(C2=CC3=C(OCO3)C=C2)=O)=N1,0.014048997219651938
N(C1SC=CN=1)C(=O)C(C)N(CCC)CC1=NC=CN1C,0.004843410209286958
CNC(NC(CSC1N(C2CCCCC2)C(C)=C(C)N=1)=O)=O,0.002067785244435072
C12(CCCN(CCCC3C=CC=CC=3)C1=O)CCN(C(=O)C1=CC=CO1)C2,0.011939507862553
C12C(=O)CC(CC=1N(N=C2C)C1=CC=C(C=C1)C(=O)NCC1=CC=C(C=C1)Cl)(C)C,0.012029483774676919
N1(CCC=C(CNC(=O)C=CC2=CC=CC=C2)C1)C1CCCC=C1,0.01526692919433117
COC1=CC(OC)=C(C(CSC2N(C3CCCCC3)C(C)=C(C)N=2)=O)C=C1,0.014600725285708905
C12C(=O)CC(CC=1N(N=C2C)C1C=CC(=CC=1)C(NCCC1C=CC(=CC=1)Cl)=O)(C)C,0.011977279186248779
CC(C(NCC1=CC2=C(OCO2)C=C1)=O)SC1N(C2CCCCC2)C(C)=C(C)N=1,0.008882309775799513
C12C(=O)CC(CC=1N(N=C2C)C1=CC=C(C=C1)C(=O)NC1CCCCCC1)(C)C,0.015134770981967449
C12C(=O)CC(CC=1N(N=C2C)C1=CC=C(C=C1)C(NCCC1C=CC(=C(OC)C=1)OC)=O)(C)C,0.012356190662831067
C1(C2=CC=CC(C)=C2)=NC=C(C=N1)CN(C(CC)CO)CC1C=CC=CN=1,0.00576857200358063
CC(NC(NC(CSC1N(C2CCCCC2)C(C)=C(C)N=1)=O)=O)C,0.002639806387014687
C12C(=O)CC(CC=1N(N=C2C)C1C=CC(=CC=1)C(NCCN(C)C)=O)(C)C,0.013850873010233045
C12=CC(O)=CC=C1C(CC(=O)N2)C1COC2=C(C=C(C=C2)Cl)C=1,0.003808778838720173
C12C(=O)CC(CC=1N(N=C2C)C1C=CC(=CC=1)C(=O)NCC1=CC=CO1)(C)C,0.013546733278781175
C12N=CNC=1CCN(CC1C=NN(C3=CC=CC=C3C)C=1)C2C1C=CN=CC=1,0.006197523628361523
C12C(=O)CC(CC=1N(N=C2C)C1=CC=C(C=C1)C(=O)NCC1=CC=C(C=C1)OC)(C)C,0.012437428021803499
C1(=CC=CN=C1N)CN1CCCC(C1)CCC1C(=CC=CC=1F)F,0.005106598138809204
COC1=C(NC(CC2N=C(CSC3N(C4CCCCC4)C(C)=C(C)N=3)ON=2)=O)C=CC=C1,0.007784735364839435
S(CC)(=O)(=O)N1CCN(CC1)CC1=CC(=O)OC2=CC=C(CC)C=C12,0.004954125289805234
CC1=C(C)N(C2CCCCC2)C(SCC(N2CCN(S(C3=CC=CC=C3)(=O)=O)CC2)=O)=N1,0.006281129596754908
N1N(CCN2CCCC2)C=CC=1C1C=CC=C(C=1)C1=NC=NC(OC)=C1,0.01007603988982737
CC(C(C(NC(N)=O)=O)SC1N(C2CCCCC2)C(C)=C(C)N=1)C,0.0027547741774469614
C12C(=O)CC(CC=1N(N=C2C)C1=CC=C(C=C1)C(=O)NCC1=CC=C(C=C1)C)(C)C,0.01405766187235713
CC1=C(C)N(C2CCCCC2)C(SCC(NC2=C(Cl)C=CC(S(C)(=O)=O)=C2)=O)=N1,0.005723025719635189
C12C(=O)CC(CC=1N(N=C2C)C1=CC=C(C=C1)C(=O)NCC1C=CC2=C(OCO2)C=1)(C)C,0.011115412414073943
C12C(=O)CC(CC=1N(N=C2C)C1=CC=C(C=C1)C(=O)NC(C)C)(C)C,0.014817428775131702
C1(OC=C(C(OCC)=O)N=1)N1CCOC(C1)C1=CC=C(C(Cl)=C1)Cl,0.005945975799113512
CC(C(NC1CCCC1)=O)SC1N(C2CCCCC2)C(C)=C(C)N=1,0.013159346394240856
C12C(=O)CC(CC=1N(N=C2C)C1C=CC(=CC=1)C(NCCC)=O)(C)C,0.014298404566943645
CC(C(N)=O)SC1N(C2CCCCC2)C(C)=C(C)N=1,0.010391574632376433
C12C(=O)CC(CC=1N(N=C2C)C1=CC=C(C=C1)C(NCCCN1CCOCC1)=O)(C)C,0.009963520662859082
C1(=CNN=C1C(OCC)=O)CN1CCCC(C1)NC1C=CC(=C(OC)C=1)OC,0.004271844727918505
COC1=CC=C(N2CCN(C(CSC3N(C4CCCCC4)C(C)=C(C)N=3)=O)CC2)C=C1,0.008242506138049065
C1(CN2CCCCC2COC)=CC2=CC=C(C=C2NC1=O)C,0.005671359621919692
C12C(=O)CC(CC=1N(N=C2C)C1C=CC(=CC=1)C(=O)NC1CC1)(C)C,0.013482454465702176
CC1=C(C)N(C2CCCCC2)C(SCC(NC2=CC3=C(OCCCO3)C=C2)=O)=N1,0.008331587724387645
C(=O)(N1CCC(CC1)CCC(=O)NCC1CCCN1CC)C1C=CSC=1,0.010099432617425918
CC1=C(C)N(C2CCCCC2)C(SCC(N2C(=O)NCC2)=O)=N1,0.0022351744235493244
C1(C(O)=O)SC2C(=C(NCC3=NN=CN3CCC)N=CN=2)C=1C,0.0038643198669888077
COCSC1N(C2CCCCC2)C(C)=C(C)N=1,0.016002576146274806
C(=O)(C1C=CC(=CC=1)SC)N1CCC(CC1)CCC(=O)NCC1=CC=CN=C1,0.0063232559943571685
CC1N(C(CSC2N(C3CCCCC3)C(C)=C(C)N=2)=O)C2=C(C=CC=C2)NC(=O)C1,0.007916697091422975
C12C(=O)CC(CC=1N(N=C2C)C1C=CC(=CC=1)C(NCCC(C)C)=O)(C)C,0.014781523030251265
C(=O)(C1=CC=NC=C1O)N1CCOC(C2C=CC(=CC=2)F)C1,0.005753327743150294
COC1=C(C2N=C(CSC3N(C4CCCCC4)C(C)=C(C)N=3)ON=2)C=CC=C1,0.010982223972678184
C1(=COC(C(C)C)=N1)C1=NC=CN1C1=C(OC)C=CC(OC)=C1,0.006972909905016422
CC1=C(C)N(C2CCCCC2)C(SCC(C2C3=C(C=CC=C3)N(CCC#N)C=2)=O)=N1,0.008322571535245515
C12C(=O)CC(CC=1N(N=C2C)C1=CC=C(C=C1)C(NCCCN1CCCC1=O)=O)(C)C,0.009144304739311337
CC1=C(C)N(C2CCCCC2)C(SCC(N2C(C3OC=CC=3)CC(C3OC=CC=3)=N2)=O)=N1,0.010664397524669767
C12C(=O)CC(CC=1N(N=C2C)C1C=CC(=CC=1)C(NCCOC)=O)(C)C,0.011339168483391403
CC(C(C1=CC2=C(OCC(N2)=O)C=C1)=O)SC1N(C2CCCCC2)C(C)=C(C)N=1,0.009312082827091218
C12C(=O)CC(CC=1N(N=C2C)C1C=CC(=CC=1)C(=O)NCC1=CC=CC=C1OC)(C)C,0.012321521015837788
CC1=C(C)N(C2CCCCC2)C(SCC(N(C2=CC3=C(OCCO3)C=C2)CCC#N)=O)=N1,0.005387784434424248
CC(N1C(NC(C(SC2N(C3CCCCC3)C(C)=C(C)N=2)C)=O)=CC=N1)C,0.008806168287992477
C12C=C(C#N)C(=NC=1C=CN(CC1C(CO)=CN=C(C)C=1O)C2=O)OC,0.0027511546679306774
CC1=C(C)N(C2CCCCC2)C(SCC(N(C2=CC=CC=C2)C2CS(=O)(=O)CC2)=O)=N1,0.007398153143003583
C1(=NC=CN1CCN1CCOC1=O)C1=CC=C(CO)O1,0.0016633575840387493
C12C(=O)CC(CC=1N(N=C2C)C1=CC=C(C=C1)C(=O)NCC1=CC=C(C=C1)F)(C)C,0.011114676017314196
CC1=C(C)N(C2CCCCC2)C(SCC2N=C(C3=CC=CC=C3)OC=2)=N1,0.009628655435517431
C12C(=O)CC(CC=1N(N=C2C)C1C=CC(=CC=1)C(=O)NC1CCCC2C=CC=CC1=2)(C)C,0.014795226464048027
CC(NNC(CSC1N(C2CCCCC2)C(C)=C(C)N=1)=O)=O,0.004122631007339806
[C@]12(CC[C@](OC1=O)(C)C2(C)C)C(=O)N1CCC(CC1)C1N=CNC(=O)C=1,0.006438813474960625
CC(C(C1C2=C(C=CC=C2)NC=1)=O)SC1N(C2CCCCC2)C(C)=C(C)N=1,0.009913401026278735
C1(=NC=CN1CCN1CCOCC1)C1=CC=C(CC)O1,0.0076761584961786864
C1(=C(C)C=C(N(C)C1=O)C)C(=O)N(C(C)C)CC1=NOC(C)=N1,0.01050714561715722
CC1=C(C)N(C2CCCCC2)C(SCC(NC(NC2=C(F)C=CC=C2)=O)=O)=N1,0.0022804659442044795
C12C(=O)CC(CC=1N(N=C2C)C1=CC=C(C=C1)C(NCCC1C2C=CC=CC=2NC=1)=O)(C)C,0.009171260660514236
CC1=C(C)N(C2CCCCC2)C(SCC2OC(C3C(C4=CC=CC=C4)=NOC=3C)=NN=2)=N1,0.009413377800956368
C12C(=O)CC(CC=1N(N=C2C)C1C=CC(=CC=1)C(=O)NCC1=CC=CS1)(C)C,0.011613503145053983
CC1=NN(CCCNC(CSC2N(C3CCCCC3)C(C)=C(C)N=2)=O)C(C)=C1,0.00876398328691721
C12C(=O)CC(CC=1N(N=C2C)C1=CC=C(C=C1)C(NCCC1CCCCC=1)=O)(C)C,0.015859730169177057
C12C(=O)CC(CC=1N(N=C2C)C1C=CC(=CC=1)C(NCCCOC)=O)(C)C,0.011176277231425048
C1(C(C)NC2=NC=C(C(=N2)C2C=NN(C)C=2)C)=C(C)SC(C)=N1,0.0076476992573589085
N1(CCN(CC1CCO)CC1C=C(OC)C(=CC=1Cl)OC)CC1=CC=CC=C1,0.00585223869420588
C(=O)(CN1CCN(CC1)C1N=CC=CN=1)N1CCOCC1CCC,0.007051143236458302
C12C(=O)CC(CC=1N(N=C2C)C1=CC=C(C=C1)C(=O)NC1CCCCC1)(C)C,0.014498918270692229
C1(=NC=CC=C1CNC1=NC=C(C=N1)F)N(C)CC1=CC=CC=C1,0.005580195016227663
C12C(=O)CC(CC=1N(N=C2C)C1C=CC(=CC=1)C(NCCCC)=O)(C)C,0.013107105484232306
N1(CCNC(=O)C2C=CC=C(C=2)NC(CC)=O)C(C)=C(C(C)=N1)CC,0.007262329244986177
CC1=C(C)N(C2CCCCC2)C(SCC(C2=CC=C(NS(C)(=O)=O)C=C2)=O)=N1,0.007351062330417335
CC1=C(C)N(C2CCCCC2)C(SCC(C2=CC3=C(N(S(C)(=O)=O)CC3)C=C2)=O)=N1,0.008777710516005755
C1(=CN=C2N(C=CC=C2C)C1=O)C(=O)N1CCN(CC1)C1=CC=C(C=C1)Cl,0.005481796222738922
CN1C2N(C(=NN=2)CSC2N3C(C(=CC(=C3)Cl)Cl)=NN=2)C2=C(C=CC=C2)C1=O,0.007637729262933135
C1(N=NC=C(C2C=CC(=CC=2)F)N=1)N1CCCC1C1C=CC=CN=1,0.005465957173146308
ClC1=CN2C(=NN=C2SCC(N(C2CS(=O)(=O)CC2)CC2OCCC2)=O)C(Cl)=C1,0.006445845938287675
N1(CCCC(N(C)CCC2C=CC(=C(OC)C=2)OC)C1)CC1=CC=CC(OCCO)=C1,0.007684512785635889
CCN(C1CCCC=1)C(CSC1N2C(C(=CC(=C2)Cl)Cl)=NN=1)=O,0.00912688341923058
C1(C=C(C)C(=C(C)C=1)OC)C(=O)C1CCCN(CC2=CC=CC3OCOC2=3)C1,0.01562819369137287
N1(CCC1C1C=CC(=CC=1)F)CC1=C(C=CC=C1O)OC,0.004728606855496764
CC1=CC=C(CC(C#N)SC2N3C(C(=CC(=C3)Cl)Cl)=NN=2)C=C1,0.0057329119844986565
N1=C(CCNC(=O)C2CCCO2)ON=C1CC1=CC=CC=C1,0.007241242891177535
C1(=CN=C2N(C=CC=C2C)C1=O)C(=O)N1CCCCCC1,0.008446912793442608
C12CN(CCC=1N(N=C2C(O)=O)C)C(=O)CC1=COC2C(=C(C)C=C(C)C=21)C,0.008137808181345463
CC1=CN2C(=NC(=CC2=O)COC(CC2N=C(C3=CC=CC=C3)SC=2)=O)C=C1,0.0073461513966321945
CN1C2N(C(=NN=2)COC(CC2(CCCC2)CC2SC3=C(C=CC=C3)N=2)=O)C2=C(C=CC=C2)C1=O,0.008683662652038038
N1(C)C[C@H](C[C@H]1C(=O)NCC1=CC=CC=C1Cl)NC(COC)=O,0.005672350432723761
C1(=CN=C2N(C=CC=C2C)C1=O)C(=O)N1CCN(CC1)C1C=CC=C(OC)C=1,0.005918332771398127
C12=C(CCN(C(C)C(N)=O)C1)ON=C2C1=CC=CC(F)=C1,0.004709204309619963
C1(=CN=C2N(C=CC=C2C)C1=O)C(=O)N1CCC(CC1)C,0.007150242617353797
N1=C(C2=CC=C(C=C2)SC)OC(C)=C1CN1CCNC(=O)C1C,0.0037344739539548755
C1(=CN=C2N(C=CC=C2C)C1=O)C(=O)N1CCN(CC1)C1C=CC=CC=1,0.006303828745149076
CC1=C(C)C(C)=C(C(N)=O)C(SCC(NC2=CC=CC=C2)=O)=N1,0.006184331583790481
[C@@]12(CNC[C@H]1CNC2)C(=O)N1CCC(CC1)C1OC2C(=CC=CC=2)N=1,0.005188090819865465
CC1=C(S(N2CCCCC2)(=O)=O)C=C(NC(CSC2=C(C(N)=O)C(C)=C(C)C(C)=N2)=O)C=C1,0.004369396646507084
C1(=CN=C2N(C=CC=C2C)C1=O)C(=O)N1CCCC1,0.00736532467417419
S(=O)(=O)(C1=CC=C(C=C1)OC)NCC1CCCN(C(=O)CC2=CC=CN=C2)C1,0.004316181864123791
CC1=C(C)C(C)=C(C(N)=O)C(SCC(NC2=C(C)C(Cl)=CC=C2)=O)=N1,0.0057172767585143445
C1(C2C=NC(=CN=2)N)C=NN(CC(=O)NC2C=CN(CC3=CC=CC=C3)N=2)C=1,0.00407141720643267
C1(=CN=C2N(C=CC=C2C)C1=O)C(=O)N1CCN(C(C)C1)C1=CC=CC(C)=C1,0.00696052573621273
COC1=C(CNC(CSC2=C(C(N)=O)C(C)=C(C)C(C)=N2)=O)C=CC=C1,0.006904293550178409
N1(CC(C)(C)C)CC(CC1=O)NC(CCC(C1C=CC=CC=1)=O)=O,0.015596421016380192
C1(C=CC=CC=1F)C(NCCC(=O)N(C)CC1C=CC(=CN=1)CC)=O,0.006161794112995267
COC1=CC(NC(CSC2=C(C(N)=O)C(C)=C(C)C(C)=N2)=O)=CC=C1,0.006067858985625207
C1(C2CCCN2C2=NC=C(C(=N2)C2=CC=NN2C)C)NC2C(=CC=C(C)C=2)N=1,0.00510414494201541
COC1=C(NC(CSC2=C(C(N)=O)C(C)=C(C)C(C)=N2)=O)C=C(C)C(Cl)=C1,0.006201123027130962
S(=O)(=O)(NCC1CCN(CC)C1)C1=C(C)C=C(C(C)=C1C)OC,0.007772072753868997
[C@H]1(C(=O)N2CC3=C(C=NC(CC)=N3)C2)[C@H]2[C@@H]1[C@H]1C[C@@H]2CC1,0.006807888254343197
C1(=CN=C2N(C=CC=C2C)C1=O)C(=O)N1CCOCC1,0.006000805529765785
CC1=C(C)C(C)=C(C(N)=O)C(SCC(NC2=C(OC3=CC=CC=C3)C=CC=C2)=O)=N1,0.006542006484232843
C12N=CC(=CN1N=CC=2C(=O)NCC1CCOCC1)CN(CC)CC,0.00820355408359319
CC1=C(C)C(C)=C(C(N)=O)C(SCC(NCC2OCCC2)=O)=N1,0.006911617936566472
COC1=C(NC(CSC2=C(C(N)=O)C(C)=C(C)C(C)=N2)=O)C=CC=C1,0.0067099312786012884
N1(CCC(CC1)CN(CCOC)C1CCN(CC1)C)CC1=CC=CC=C1OC,0.019142092391848563
C1(=CN=C2N(C=CC=C2C)C1=O)C(=O)N1CCN(CC1)C1N=CC=CN=1,0.004892744647804648
C(=O)(N1CCOCC1)C1CCCN(C2CCN(CC2)C2=CC=C(C=N2)C#N)C1,0.006118781236000359
CC1N(C)N(C2=CC=CC=C2)C(=O)C=1NC(CSC1=C(C(N)=O)C(C)=C(C)C(C)=N1)=O,0.0058223803527653216
N1(C[C@@H]2[C@@H]([C@@H]3O[C@H]2CC3)C1)C(=O)C1SC=CC=1Cl,0.005965465686067262
C1(=CN=C2N(C=CC=C2C)C1=O)C(=O)N1CCN(CC1)C1=CC=CC=C1F,0.00550746654625982
CCOC1=CC=C(NC(CSC2=C(C(N)=O)C(C)=C(C)C(C)=N2)=O)C=C1,0.006385701429098845
CC1=C(C)C(C)=C(C(N)=O)C(SCC(NC2=CC=C(OC3=CC=CC=C3)C=C2)=O)=N1,0.006205565435811878
N12C=CC=C(C)C1=NC=C(C(=O)NCC1=CC=CC(Cl)=C1)C2=O,0.005125700822100043
N1(CC(C)NCC2=NOC(C3CCCC3)=N2)C=NC2C(=CC=CC=2)C1=O,0.008483044430613517
COC1=CC=C(C2N(C(CSC3=C(C(N)=O)C(C)=C(C)C(C)=N3)=O)N=C(C3=CC=CC=C3)C2)C=C1,0.00759740974754095
N1(CCNC(C)CN2CCN(CC2)C)NC(=O)C2=C(C=CC=C2)C1=O,0.004464295401703566
CC1=C(C)C(C)=C(C(N)=O)C(SCN2C(=O)C3=C(C=CC=C3)N=N2)=N1,0.0058092316146939995
N1=NC(=CN1C1CCN(CC1)C(=O)NCC1=CC=CC=C1)CN1CCC[C@@H](O)C1,0.0020300798350945115
CC1=C(C)C(C)=C(C(N)=O)C(SCC(N(CC2=CC=CC=C2)CCC2=CC=CC=C2)=O)=N1,0.009683700324967504
N12C=CC=C(C)C1=NC=C(C(=O)NCC1=CC=CC=N1)C2=O,0.005907216249033809
CC1OC(C)CN(C(CSC2=C(C(N)=O)C(C)=C(C)C(C)=N2)=O)C1,0.00801158845424652
CC1=C(C)C(C)=C(C(N)=O)C(SCC2N=C(C3=CC=CC=C3)SC=2)=N1,0.006795013858936727
N12C=CC=C(C)C1=NC=C(C(=O)NCC1C=CC=NC=1)C2=O,0.00546963328961283
COC1=CC(NC(C(C2=CC=CC=C2)SC2=C(C(N)=O)C(C)=C(C)C(C)=N2)=O)=CC=C1,0.006836384581401944
C1(=CC2CCCCC=2N(C)C1=O)C(=O)N(C)C(C)C(NC)=O,0.012032161233946681
CC1=C(C)C(C)=C(C(N)=O)C(SCC2=C(C#N)C=CC=C2)=N1,0.0052282216842286285
N12C=CC=C(C)C1=NC=C(C(=O)NCC1=CC=CC=C1)C2=O,0.005489256139844656
N1(C2C=CC=CC=2N=C1)C1=NC=CC=C1CNC(=O)C1=CC=C2C(=C1)NC(N2)=O,0.0023056384816300124
C1(C(=O)NCC2CCN(CC(C)C)C2)=CC(=NN1)C,0.0062214421108365055
CC1C(CSC2=C(C(N)=O)C(C)=C(C)C(C)=N2)=C(C)ON=1,0.007425520149990916
C1(NC(=O)CN2CCN(CC2)C2C=NNC(=O)C=2)=NN=C(SCC)S1,0.003219728742260486
N12C=CC=C(C)C1=NC=C(C(=O)NCC1C=CC=CC=1Cl)C2=O,0.005239663319662214
N1(C2=CC=CC(CN(C)CC3=C(C)OC(C4=CC=C(C=C4)OC)=N3)=C2)C(C)=CC(C)=N1,0.009655947936698795
C1(SC)N=CC(=CN=1)CN1CCCC(CNC(=O)C2C=CC(=CC=2)C2C=CC=CC=2)C1,0.0076173168374225496
COC1=C(CSC2=C(C(N)=O)C(C)=C(C)C(C)=N2)C=C(C(C)=O)C=C1,0.010608361149206758
N12C=CC=C(C)C1=NC=C(C(=O)NCC1=CC=C(C=C1)Cl)C2=O,0.005065986211411655
CC1=C(C)C(C)=C(C(N)=O)C(SCC(NC2=CC3=C(OCCO3)C=C2)=O)=N1,0.006199068133719265
N12C=CC=C(C)C1=NC=C(C(NCCC1C=CC(=CC=1)Cl)=O)C2=O,0.005300574004650116
CC1=C(C)C(C)=C(C(N)=O)C(SCC(NC2=CC(F)=CC=C2)=O)=N1,0.005019922205246985
N12C=CC=C(C)C1=NC=C(C(=O)NC1CCCCCC1)C2=O,0.008673347835429012
CC1=C(C)C(C)=C(C(N)=O)C(SCC(NC2=C(F)C=CC(F)=C2)=O)=N1,0.004956265178043396
N12C=CC=C(C)C1=NC=C(C(=O)NC1CCCCCCC1)C2=O,0.00926567898131907
C1(C(N)=O)(CC1)C(=O)N(C)CC1CCN(CC1)CCC1C=CC(=CC=1)Cl,0.009961497504264116
N12C=CC=C(C)C1=NC=C(C(=O)NC1CCCC1)C2=O,0.007391921617090702
C1(C(NCCC2N=C(C)C=C(N=2)C(F)(F)F)=O)=CN(N=N1)CC1=CC=CC=C1C,0.004993675486184656
CC1=C(C)C(C)=C(C(N)=O)C(SCC(NC2C3=C(C=CC=C3)CCC2)=O)=N1,0.009594830498099328
N12C=CC=C(C)C1=NC=C(C(NCCN(C)C)=O)C2=O,0.005592998815700412
C(=O)(C1C=CC(=C(OC)C=1)OC)N(CC)CC1=CC(Cl)=CC=C1OC,0.010854314267635345
N12C=CC=C(C)C1=NC=C(C(=O)NCC1=CC=C(C=C1)OC)C2=O,0.006040404224768281
COC1=C(NC(C2=CC=C(NC(CSC3=C(C(N)=O)C(C)=C(C)C(C)=N3)=O)C=C2)=O)C=CC=C1,0.006631599157117307
C1(=CN(N=N1)CCCC1C=CC=CC=1)C(=O)N1CCC(C2CCCCC2)C1,0.015189959667623043
CC1=C(C)C(C)=C(C(N)=O)C(SCC(NC2=C(CC3=CC=CC=C3)C=CC=C2)=O)=N1,0.007835321314632892
CC1=C(C)C(C)=C(C(N)=O)C(SCC(NCCC(C2=CC=CC=C2)C2=CC=CC=C2)=O)=N1,0.009008415648713708
N1(CCC2(CCCN(CC3CCCCC3)C2)C1)C(=O)CCC(C1C=CC=CC=1)=O,0.01881836410611868
C1(CN(CC(C)C)CC2C=NN(C)C=2)NC=NC=1C,0.005422654107678682
N12C=CC=C(C)C1=NC=C(C(=O)NCC1=CC=C(C=C1)C)C2=O,0.006055233767256141
N1=C(COC)ON=C1CNC(=O)CCNC(=O)C1=CC=C(C=C1)F,0.005554970004595816
N12C=CC=C(C)C1=NC=C(C(=O)NCC1C=CC3=C(OCO3)C=1)C2=O,0.0058996066683903335
CCOC1=C(CSC2=C(C(N)=O)C(C)=C(C)C(C)=N2)C=C(C(C)=O)C=C1,0.01107336487621069
N12C=CC=C(C)C1=NC=C(C(NCCC)=O)C2=O,0.005742197530344129
CC1=C(C)C(C)=C(C(N)=O)C(SCC(NC2N(C3=CC=CC=C3)N=C(C(C)(C)C)C=2)=O)=N1,0.006868822779506445
N1(C)C(SC)=NN=C1CC1CCN(CC1)C(=O)C(=O)N1CCOCC1,0.007365910359658301
CC1=C(C)C(C)=C(C(N)=O)C(SCCOC2=CC=CC=C2)=N1,0.006544702406972647
N12C=CC=C(C)C1=NC=C(C(=O)NC(C)C1=CC=CC=C1)C2=O,0.006565795792266726
C(=O)(NC(C1=CC=CC(C)=C1)C1=CC=CS1)C1C=NC(=NC=1C)C,0.006797822681255639
CC1=C(C)C(C)=C(C(N)=O)C(SCC2N=C3N(C=CS3)C(=O)C=2)=N1,0.006741251377388835
N12C=CC=C(C)C1=NC=C(C(NCCC(C)C)=O)C2=O,0.006759356381371618
CC1=CN2C(=NC(=CC2=O)CSC2=C(C(N)=O)C(C)=C(C)C(C)=N2)C=C1,0.008121024491265416
C1(C(=O)NCC2=NN=C(C3=CC=CC=C3)O2)OC2C=CC=CC=2C(=O)C=1,0.007243643701076508
CC1=C(C)C(C)=C(C(N)=O)C(SCC(NC(NCC2=CC=CC=C2)=O)=O)=N1,0.002012829651357606
N1(CCC2C(=CC=CC=2)C1)C1CCCN(CC2C=CC3C(=C(C=CC=3)F)N=2)C1,0.007987415720708668
CC(C(NC1=C(C2=CC=CC=C2)C=CC=C1)=O)SC1=C(C(N)=O)C(C)=C(C)C(C)=N1,0.007086896686814725
N1(CCCCC1C1=CC=CN=C1)CC1=NC=CC=C1C(O)=O,0.005584496608935297
N12C=CC=C(C)C1=NC=C(C(=O)NCC1C=CC=C(C)C=1)C2=O,0.005945118214003742
C1(=CC=NN1CC)C(=O)N1CCOC2=C(C=C(C3C=CC=C(Cl)C=3)C=C2C1)O,0.004433168494142592
CC1=C(C)C(C)=C(C(N)=O)C(SCCOC2=C(Cl)C=CC=C2)=N1,0.005701854079961777
C(C1C=CC(=CC=1)CN(C)CC1CCN(CC1)CCC1=CC=C(C=C1)F)#C,0.008814592473208904
N12C=CC=C(C)C1=NC=C(C(NCCC1C=CC=CC=1)=O)C2=O,0.005703436001203955
C1(CN(C)C(=O)CN2C=CN=C2C2C=CC=CC=2)C=NN(C)C=1C,0.006378521537408232
COC1=C(F)C=C(CSC2=C(C(N)=O)C(C)=C(C)C(C)=N2)C=C1,0.006971785915084183
CC1=C(C)C(C)=C(C(N)=O)C(SCC2=CC(F)=CC=C2)=N1,0.005486399540677667
N1(CCC(CC1)C)C(=O)CCNC(C)CC1C=CC=C(OC)C=1,0.010041722562164068
N12C=CC=C(C)C1=NC=C(C(NCCC1=CC=C(C=C1)C)=O)C2=O,0.006374792824499309
N1(CC)C(CC2CCN(CC2)C(=O)CNC(C2C=CC=CC=2)=O)=NN(C)C1=O,0.0049572641961276535
CC1=C(C)C(C)=C(C(N)=O)C(SCC(NC2=CC(Cl)=C(C#N)C=C2)=O)=N1,0.004169898177497089
N12C=CC=C(C)C1=NC=C(C(=O)NCC1=CC=CC=C1OC)C2=O,0.006205775891430676
CC(C(NC1=C(C#N)C=CC=C1)=O)SC1=C(C(N)=O)C(C)=C(C)C(C)=N1,0.00513420719653368
N1(CC(=O)N2CCC3=C(C(C(C)C)=NN3)C2)C(=O)C2=CC=CC=C2C(C)=N1,0.004732359130866825
CC1=C(NC(CC2SC=C(CSC3=C(C(N)=O)C(C)=C(C)C(C)=N3)N=2)=O)C=CC=C1,0.006515173753723502
N1=C(C2C=CC=C(Cl)C=2)OC(C)=C1CN1CCC(N(CC)CC)C1,0.008620200213044882
CC1=C(C)C(C)=C(C(N)=O)C(SCC=CC2=CC=CC=C2)=N1,0.007246252335608006
N12C=CC=C(C)C1=NC=C(C(=O)NCC1C=CC=C(OC)C=1)C2=O,0.005885575828142464
CC(C(NC1=CC=C(C2SC3=C(C=CC(=C3)C)N=2)C=C1)=O)SC1=C(C(N)=O)C(C)=C(C)C(C)=N1,0.005912536312825978
N1C(CC)=CSC=1CNC(=O)C1=CC=C(N=C1)N(C)CC1C=CON=1,0.005643383460119366
CC1=C(C)C(C)=C(C(N)=O)C(SCC(NN2C(=O)C3(CCCCC3)NC2=O)=O)=N1,0.0014711495401570573
N12C=CC=C(C)C1=NC=C(C(=O)NCC1=CC=C(C=C1)F)C2=O,0.004772792709991336
CC1=C(C)C(C)=C(C(N)=O)C(SCC(NC2=CC3=C(CCC3)C=C2)=O)=N1,0.008408095105551183
C12CN(CCOC1=C(C=C(C1C=CC=CC=1C)C=2)O)CC1COCCO1,0.00726207341067493
CC1=C(C)C(C)=C(C(N)=O)C(SC(C2=CC=CC=C2)C(NC2=CC=C(F)C=C2)=O)=N1,0.006291728653013706
N1(C[C@@H]2[C@H](C1)N(C(=O)O2)CCC1=CC=CC(Cl)=C1)C(=O)C1OC=CC=1C,0.0064996287575922905
CC(C(N1C2=C(C=CC=C2)CC1)=O)SC1=C(C(N)=O)C(C)=C(C)C(C)=N1,0.008556997869163752
N1(CCCOC2C(=CC=CC=2C1)OC)C(=O)CSC1C=CN=CC=1,0.00845045200549066
N12C=CC=C(C)C1=NC=C(C(=O)NC1CCCC3C=CC=CC1=3)C2=O,0.00865332402754575
N1(CCC(C)C)CCN(CC1CCO)CC1=CC=CC=C1O,0.0037898139446042476
N12C=CC=C(C)C1=NC=C(C(=O)NC1CCN(CC1)CC1C=CC=CC=1)C2=O,0.006013138848356902
CC(C(NC1=NC=C(Cl)C=C1)=O)SC1=C(C(N)=O)C(C)=C(C)C(C)=N1,0.005675418383907527
C12=C(CCN(C(=O)C3CCCO3)C1)ON=C2C1=CC=CC=C1F,0.006902172742411494
CC1=C(NC2=NC(CSC3=C(C(N)=O)C(C)=C(C)C(C)=N3)=NC(N)=N2)C=CC=C1,0.004884878231678158
C12(CCN(CC1)C(COC)=O)CN(CCN2C)CC1=CC=C(N=C1)N(C)C,0.007486375793814659
CC1=C(C)C(C)=C(C(N)=O)C(SCC2OC(C3SC=CC=3)=NN=2)=N1,0.006010393612086773
C1(C(=O)N2CCC(CC2)OC2=CC(OC)=CC=C2C(=O)N2CCCC2)C=C(N(C)N=1)C,0.010076858988031744
N12C=CC=C(C)C1=NC=C(C(=O)NCC1=CC=CS1)C2=O,0.004684405075386167
C1(C(=O)NCC2CCCN(CC3=CC=CO3)C2)OC(=NC=1C)CC,0.006455210270360112
CC1=C(C)C(C)=C(C(N)=O)C(SCC2CCCCC2)=N1,0.010609946493059397
N1=C(CNC2CCN(CC2)CC(C)C)ON=C1CSC,0.010194691456854343
N12C=CC=C(C)C1=NC=C(C(NCCCOC)=O)C2=O,0.004702055966481567
N1(C2=CC=CC=C2)C(=O)N(N=C1C1CCCN(CC2=CC=CC(O)=C2)C1)C,0.0039887611055746675
CC1=C(C)C(C)=C(C(N)=O)C(SCC2=CC(S(N3CCOCC3)(=O)=O)=CC=C2)=N1,0.004342913930304349
C1(CCCN(CC2CC2)C1=O)(O)CN1CCC(CC1)NC(C)=O,0.009280517464503646
CC1=C(C)C(C)=C(C(N)=O)C(SCC(NC2=CC3=C(OCCCO3)C=C2)=O)=N1,0.006692262552678585
C1(=CC(=NN1CC)C(C)C)C(=O)N(C(CC)CO)CC1=CC=CO1,0.006414302112534642
CC1=C(C)C(C)=C(C(N)=O)C(SCCCN2C3=C(C=CC=C3)NC2=O)=N1,0.0026002579543273896
C1(=NC=CC(=N1)C(F)(F)F)C1C=CC=C2CNCCC=12,0.0037812479073181748
N12C=CC=C(C)C1=NC=C(C(=O)NCC1C=CC=CC=1Br)C2=O,0.006785042909905314
C1(CN(CC)CCN2C=CC=N2)=CN(N=C1C1C=CC2=C(OCO2)C=1)C1=CC=CC=C1,0.011408285330981016
CCC(C1=CC=C(Br)C=C1)NC(CSC1=C(C(N)=O)C(C)=C(C)C(C)=N1)=O,0.009813708486035466
C12C=C(CNC(=O)C3C=C(N(CC)N=3)C)C(=NC=1CN(CC)C2=O)OC,0.0072736464440822605
CC1=C(C)C(C)=C(C(N)=O)C(SCC(N2C(=O)NCC2)=O)=N1,0.0015263586479704826
C1(C(=O)NC(C)CC2C(=CC=CN=2)C)C=C(NN=1)CN1C2C=CC=CC=2C=C1,0.005694901687093079
CC1N(C(CSC2=C(C(N)=O)C(C)=C(C)C(C)=N2)=O)C2=C(C=CC=C2)NC(=O)C1,0.006927962531335652
N1N=C(NN=1)CCCNC(=O)C1C=CC=C(C=1)OCC(C)=C,0.002855443407315761
N12C=CC=C(C)C1=NC=C(C(NCCCC)=O)C2=O,0.005251649441197515
C1(=O)N(CCCC1(CNCCN1C=CC=C1)O)CCC1C=CC=CC=1,0.008228027168661356
CC(C1=C(NC(CSC2=C(C(N)=O)C(C)=C(C)C(C)=N2)=O)C=C2C(OCO2)=C1)=O,0.009220650605857372
C1(CN(CC2=CC=C(C=C2)SC)C2CC2)=CN(N=C1C)CC=C,0.015010036993771791
CC(C1=CC2=C(OCCO2)C=C1)NC(CSC1=C(C(N)=O)C(C)=C(C)C(C)=N1)=O,0.007669378514401614
S(CC1C=CC=CC=1)(=O)(=O)NCC1CCCN(CC2=CC=C(COC)O2)C1,0.0061222268268466
N12C=CC=C(C)C1=NC=C(C(NCCC1C=CC=C(C)C=1)=O)C2=O,0.006424185470677912
CC1=C(C)C(C)=C(C(N)=O)C(SCC(N2C(C3=CC4=C(OCCCO4)C=C3)CCC2)=O)=N1,0.008337119175121189
N1(CCC2(CCCN(CC3=CC=CC(C)=C3)C2)C1)C(CCC1=CC=NC=C1)=O,0.011317948391661049
O=C(NC1=CC=CC=C1)CSC1=NC=C(S(N2CCCCC2)(=O)=O)C=C1,0.003974652651231736
C12CN(CCC=1ON=C2C1C=CC(=CC=1)C1=CC=CC=C1)CC1ON=C(C(N)=O)N=1,0.008304685447365045
CC1=C(C)C(C)=C(C(N)=O)C(SCC2=C(Br)C=C3C(OCO3)=C2)=N1,0.008353073289617896
N1=CN(N=C1)CCC(=O)N(CCOC)CC1CCN(CC1)CC1=CC=CC=C1OC,0.008811929915100335
C12CN(CCC=1NN=C2C1=CC=CC=C1F)C(COC)=O,0.0033068218966946007
CC1=CC(OCCNC(CSC2=C(C(N)=O)C(C)=C(C)C(C)=N2)=O)=CC=C1,0.006343947956338525
C1(CN(CC)C(=O)COC2C=CC(=CC=2)C(CC)=O)OC(=NN=1)CC,0.013203624077141285
CC(C1=CC=CC=C1)CNC(CSC1=C(C(N)=O)C(C)=C(C)C(C)=N1)=O,0.00819726602640003
C1(N=C(C)C=C(C)N=1)N1CCC(CC1)N1CCCC(C1)C(=O)N1CCOCC1,0.00982765550725162
N12C=CC=C(C)C1=NC=C(C(NCCN1CCN(CC1)CC)=O)C2=O,0.006218248046934605
CC1C(NC(NC(CSC2=C(C(N)=O)C(C)=C(C)C(C)=N2)=O)=O)CCCC1,0.002851708384696394
C1(=O)C2=CC=CC=C2N=CN1CCCC(=O)N1CCNC(=O)C1(C)CC,0.00589659116230905
CC1=C(C)C(C)=C(C(N)=O)C(SCC2=CC=C(C(NC3=CC=CC=C3)=O)C=C2)=N1,0.006701231049373746
C1(C=NN(C2=CC=CC(C)=C2)C=1)C1C=CN=C(NCC2(CCC2)CO)N=1,0.004275850998237729
CC1=C(C)C(C)=C(C(N)=O)C(SCC(NC(NC2=C(F)C=CC=C2)=O)=O)=N1,0.0017375647672452032
C(=O)([C@@H](CC)C1C=CC=CC=1)N(CCOC)CC1C=NN(C)C=1,0.011251476733013988
N12C=CC=C(C)C1=NC=C(C(=O)NCC1C=CC=CC=1F)C2=O,0.004641459917183966
C(C(=O)N1CCCO1)C1C(=O)NCCN1CC1=CC=C(C(C)=C1C)OC,0.0018885851022787392
CC1=C(C)C(C)=C(C(N)=O)C(SCC2=C(Br)C=C3C(OCCO3)=C2)=N1,0.008926332602277398
CC1=C(C)C(C)=C(C(N)=O)C(SCC(NC2(CS(=O)(=O)CC2)C)=O)=N1,0.006172314030118286
CC1=C(C)C(C)=C(C(N)=O)C(SCC(N(C2CCCCC=2)C2CC2)=O)=N1,0.01148273483850062
N12C=CC=C(C)C1=NC=C(C(=O)NCC1C=C(OC)C(=C(OC)C=1)OC)C2=O,0.006980455690063536
C1(=NC=C(CN2CCCCO2)N1CCCOC)S(C1CCCC1)(=O)=O,0.002016328100580722
N12C=CC=C(C)C1=NC=C(C(=O)NCC1=CC=CC=C1OCC)C2=O,0.006332025094889104
C12=C(CCN(C(=O)C3=CC=C(O3)C#CC(C)(C)O)C1)NN=C2C(C)C,0.008781272498890758
CC1=C(C)C(C)=C(C(N)=O)C(SCC(NC2=CC3=C(OC4(O3)CCCCC4)C=C2)=O)=N1,0.007222876860760152
C1(CNC(=O)C2=COC(COC3=CC=CC(F)=C3)=N2)C(C)=NN(CC)C=1C,0.005495144380256533
CC1=C(C)C(C)=C(C(N)=O)C(SCC(NCC2OC(C3=CC=C(Cl)C=C3)=CC=2)=O)=N1,0.006041468889452517
C1(=NC=C(CN2CCCCC2CCCO)N1CCOC)S(C1CCCCCC1)(=O)=O,0.004080163920298219
N12C=CC=C(C)C1=NC=C(C(=O)NCC1=CC=C(C(OCC)=C1)OC)C2=O,0.00713384710252285
C1(=CN=NC(NCC2C=NN(CC)C=2)=N1)C1C(=CC=CC=1OC)OC,0.005427595321089029
C1(C(=O)N2CCN3C(CN(CC3)C)C2)=CC(=NN1CC)C(C)C,0.01103841126896441
O=S(C1=CN=C(SCC#N)C=C1)(N1CCCCC1)=O,0.002631650587812828
C1(C2=CC=C(NC2=O)C2=CC=NC=C2)=NC(=NN1C1C=CC=CN=1)C(C)C,0.005001815082505345
N12C=CC=C(C)C1=NC=C(C(=O)NCC1=CC=C(C=C1)SC)C2=O,0.00513098449446261
CC1N2C(=NC(=CC2=O)CSC2=NC=C(S(N3CCCCC3)(=O)=O)C=C2)C=CC=1,0.004361992864869535
C12C(C3=CC=C(N=C3)OC3=CC=CC=C3)CC(NC=1NN=C2C(OC)=O)=O,0.003557457448914647
N1C2=CC(C)=CC=C2NC=1CCN(CC)C(=O)C1=CC=C2C(N=CC=C2)=N1,0.003910525457467884
NC(CSC1=NC=C(S(N2CCCCC2)(=O)=O)C=C1)=O,0.0039779242593795065
S(=O)(=O)(N(C)C)N1CCCC(CN2C=C(N=N2)C(CC)(CC)N)C1,0.009535549534484744
N12C=CC=C(C)C1=NC=C(C(=O)NCC1C=CC(=CC=1OC)OC)C2=O,0.006144858151674271
N1=C(CN(C)CC2C=C(C)C(=C(C)C=2)OC(C)=O)ON=C1C1=CC=NC=C1,0.008159607299603522
N12C=CC=C(C)C1=NC=C(C(=O)NCC1C=CC=C(OC)C=1OC)C2=O,0.006987327337265014
C12N(C3=CC=C(C=C3)OC)N=C(C)C=1NC(C1C=COC=1)=N2,0.004758831451181322
N12C=CC=C(C)C1=NC=C(C(=O)NCC1=CC(OC)=CC=C1OC)C2=O,0.006262712622992694
CC(N(C1=CC=CC=C1)C(CSC1=NC=C(S(N2CCCCC2)(=O)=O)C=C1)=O)C,0.005543277622200549
N1(CCOC(CC2C=CC=C(OC)C=2)C1)C(CSC)=O,0.008963980805128812
N12C=CC=C(C)C1=NC=C(C(=O)NCC1C=CC(=CC=1)OCC)C2=O,0.006208204478025436
CN(C1=CC=CC=C1)C(CSC1=NC=C(S(N2CCCCC2)(=O)=O)C=C1)=O,0.0049555199453607205
N1N(C(C)C)C=C(NC(=O)CN2C=CN=C2C(=O)C2C=CC(=CC=2)OC)N=1,0.005225378484465182
CC(C1=CC(NC(CSC2=NC=C(S(N3CCCCC3)(=O)=O)C=C2)=O)=CC=C1)=O,0.006166450772434473
C1(CN2CCC3(CCCN(CC4CC4)C3=O)C2)N(CC)C2C(=CC=CC=2)N=1,0.009389640460722149
N12C=CC=C(C)C1=NC=C(C(=O)NCC1C=C(Br)C=CC=1OC)C2=O,0.007084403769113123
C(=O)(C1C=CC=NC=1)N1CCC(CC1)NC(C)C1CCCCC=1,0.010573157016187907
CC(NC(CSC1=NC=C(S(N2CCCCC2)(=O)=O)C=C1)=O)(C)C,0.004531609476543963
C12N=CC(=CN1N=CC=2C(=O)NC1C=CC(=CC=1)C(C)C)CN(CC)CC,0.007735397224314511
N12C=CC=C(C)C1=NC=C(C(NCCC1=CC=CS1)=O)C2=O,0.0048765460960567
C(=O)(N(CCO)CC1=CC=CS1)C1OC=CC=1C,0.004454064834862948
O=C(NC1=CC2=C(OCCO2)C=C1)CSC1=NC=C(S(N2CCCCC2)(=O)=O)C=C1,0.0044314316241070625
N12C=CC=C(C)C1=NC=C(C(NCCC1=CC=CO1)=O)C2=O,0.005697898170910776
N1(CC(=O)N2CCOC3C=CC(Cl)=CC=3C2)N=NN=C1CN(C)C(C)C,0.006128091784194112
N12C=CC=C(C)C1=NC=C(C(NCCC1=CC=C(C=C1)SC)=O)C2=O,0.005469329608604312
CC(CNC(CSC1=NC=C(S(N2CCCCC2)(=O)=O)C=C1)=O)C,0.004810296464711428
N1(C[C@@H](C[C@H]1C(NC)=O)N)C(=O)C1=CC2=CC=CC(C)=C2N=C1C,0.0070131848566234115
N12C=CC=C(C)C1=NC=C(C(=O)NCC1=CC=CC(Br)=C1)C2=O,0.006696365168318152
N1(CCCC(C(=O)C2C=CC(=CC=2)C(F)(F)F)C1)C(=O)CCC1SC=NC=1C,0.00745110830757767
CCC(NC(CSC1=NC=C(S(N2CCCCC2)(=O)=O)C=C1)=O)CC,0.005235149431973696
O=C(NCCN1C(=O)SCC1=O)CSC1=NC=C(S(N2CCCCC2)(=O)=O)C=C1,0.002122342452639714
N1C(C)=NOC=1C1=CC=C(N=C1)N[C@H]1CCCCNC1=O,0.004465889220591634
N12C=CC=C(C)C1=NC=C(C(=O)NCC1=CC=CC=C1C)C2=O,0.0060976150445640085
O=S(C1=CN=C(SCC2OC(C3=CC=CC=C3)=NN=2)C=C1)(N1CCCCC1)=O,0.00479650057386607
N1=C(CN(CCCC)CC2=CC=CC=C2)ON=C1C1C=CC=CC=1,0.012089373497292399
N12C=CC=C(C)C1=NC=C(C(=O)NCC1C=CC(=CC=1)OC(C)C)C2=O,0.006860762368887663
N1=CC2C(=CC=C(C3C=CC=CC=3OCC)C=2)N1,0.006820425507612526
CCCNC(CSC1=NC=C(S(N2CCCCC2)(=O)=O)C=C1)=O,0.004185357235837728
N12C=CC=C(C)C1=NC=C(C(=O)NCC1=CC=CC(F)=C1)C2=O,0.0045822116895578805
CC(NC(NC(CSC1=NC=C(S(N2CCCCC2)(=O)=O)C=C1)=O)=O)C,0.0012446290667867288
C1(=COC(COC2=CC=CC(OC)=C2)=N1)C(=O)NCC1C=CC=C(C)N=1,0.00551944321487099
COC(C1C(C)=C(C(CSC2=NC=C(S(N3CCCCC3)(=O)=O)C=C2)=O)NC=1C)=O,0.00571347379591316
N12C=CC=C(C)C1=NC=C(C(=O)NCC1=CC=C(C=C1)CC)C2=O,0.006587368762120604
O=C(NC1=CC2=C(OCCCO2)C=C1)CSC1=NC=C(S(N2CCCCC2)(=O)=O)C=C1,0.004725451953709126
O=C1C2=C(C=CC=C2)S(=O)(=O)N1CCSC1=NC=C(S(N2CCCCC2)(=O)=O)C=C1,0.00517788187135011
CC(C1=CC(Cl)=CC=C1)NC(CSC1=NC=C(S(N2CCCCC2)(=O)=O)C=C1)=O,0.004317448171786964
C1(=NC=C(CN(C)CC2C=CC=CC=2)N1CCOC)S(=O)(=O)CC(C)(C)C,0.008374514011666178
FC1=C(NC(NC(CSC2=NC=C(S(N3CCCCC3)(=O)=O)C=C2)=O)=O)C=CC=C1,0.0011902278434718027
C1(=CC(=NN1CC1=CC=CC(C)=C1)C)NC(=O)C1SN=NC=1C,0.0054293541004881265
O=C(C1=CC=C(CSC2=NC=C(S(N3CCCCC3)(=O)=O)C=C2)C=C1)N1CCCC1,0.005134287546388805
N(CC1CCN(CC1)CC1=CC=CC=C1C)(CC1=CC=CN=C1)C(=O)CCSC,0.010187523998320102
O=C(C1SC=CC=1)NC1=CC=C(C(OCC2=CC=C(C(N3CCCC3)=O)C=C2)=O)C=C1,0.006313709844835103
C12N(CC3=CC=CO3)N=CC=1NC(C1=CC=CC(=C1)N1C=CC=N1)=N2,0.004546930722426623
CCSCC1=CC=C(C(O)=O)C=C1,0.0066100394818931815
C(=O)(N1CCOCC1)N1CCN(CC1)C1=NC=CC(CCC(F)(F)F)=N1,0.003458325951942243
C1(=CC2=C(C=CS2)N1)C(=O)N1CCCN(C)C2(CCN(CC2)C)C1,0.005799851310439408
CCOC1=CC=C(C2N(N)C(SCC(N(CC3=C(C)C=CC=C3)C)=O)=NN=2)C=C1,0.005898094805888832
N1(CCCCC1C(=O)NC1=CC=CC(=C1)C1SC(=NN=1)C)C(=O)C1=CC=C(COC)O1,0.005338385119102895
CCCC1=CC=C(C2(C(=O)N(CC(N3CCC(C(OCC)=O)CC3)=O)C(=O)N2)C)C=C1,0.0034979038871824743
S(=O)(=O)(N(C)C)N(C1=CC=CC=C1)CC(=O)NCC1C=CC=C(OC)C=1,0.005789176165126264
CCCC1=CC=C(C2(C(=O)N(CC(NC3=CC=CC=C3)=O)C(=O)N2)C)C=C1,0.0023325707763433455
C1(C2=CC=CC=C2NN=1)C(=O)N1CCC(CC1)C1NN=CC=1C1C=CC=C(F)C=1,0.0038175527821294962
CCCC1=CC=C(C2(C(=O)N(CC(NC3=CC(Cl)=CC=C3)=O)C(=O)N2)C)C=C1,0.0020860757445916533
N1=C2C(C)=CC=CN2C=C1C(NCCNC1=C(C=CC=N1)C)=O,0.0031566671445034445
CCCC1=CC=C(C2(C(=O)N(CC(NC3CC3)=O)C(=O)N2)C)C=C1,0.002604920486919582
S(=O)(=O)(N(C)C)N(C1C=CC=CC=1)CC(=O)NCC(C)C1C=CC=CC=1,0.006517081521451473
CCCC1=CC=C(C2(C(=O)N(CC(C3=CC=C(N(S(C)(=O)=O)C)C=C3)=O)C(=O)N2)C)C=C1,0.0030119710485450924
S(=O)(=O)(N(C)C)N(C1=CC=CC=C1)CC(=O)NC1CCN(CC1)CC1C=CC=CC=1,0.0058052284643054005
C12(CCN(CC1)C(=O)CC1=CC=C(C(OC)=C1)OC)N(C)CCCNC2=O,0.009123072749935091
COC1=CC(N2C(C3=CC=CC=C3)=CN=C2SCC(N(CCC#N)C)=O)=CC=C1,0.004648659323720494
O=C(NC(C1=CC=CC=C1)C1=CC=CC=C1)CSC1=NC=C(S(N2CCCCC2)(=O)=O)C=C1,0.005201076506637037
S(=O)(=O)(N(C)C)N(C1C=CC=CC=1)CC(=O)NCC1=CC=C(C)O1,0.005547645641490817
COC1=CC(NC(CSC2=NC=C(S(N3CCCCC3)(=O)=O)C=C2)=O)=CC=C1,0.004142983257770539
S(=O)(=O)(N(C)C)N(C1C=CC=CC=1)CC(NCCC1C(C)=NOC=1C)=O,0.005414061504416168
N1C(CNC2CCN(CC2)C2C=CC(=CC=2)C2=CSC(C)=N2)=NOC=1C1CC1,0.0073165569454431536
S(=O)(=O)(N(C)C)N(C1C=CC=CC=1)CC(=O)NC(CCC)C1=CC=CS1,0.006246967846527696
N1(CCCC(CCC2C=CC=C(F)C=2)C1)C(C)=O,0.007598074781708419
O=C(NC1=C(OC2=CC=CC=C2)C=CC=C1)CSC1=NC=C(S(N2CCCCC2)(=O)=O)C=C1,0.004188750474713743
S(=O)(=O)(N(C)C)N(C1C=CC=CC=1)CC(=O)NC(C)CC1=CC=CO1,0.005761654186062515
C1(=COC(COC2C=CC(=CC=2)OC)=N1)C(=O)N1CC=CC1CC,0.008416147995740175
O=C(N1CCN(C(C2OC=CC=2)=O)CC1)CSC1=NC=C(S(N2CCCCC2)(=O)=O)C=C1,0.0056558987358585
S(=O)(=O)(N(C)C)N(C1=CC=CC=C1)CC(NCCC1C(C)=NN(CC)C=1C)=O,0.0064042849233374
C12N(CC3=CC=CC=C3)N=CC=1NC(C1=CN=C(C)N1C)=N2,0.004776731110177934
O=C(NC1=CC2=C(OCO2)C=C1)CSC1=NC=C(S(N2CCCCC2)(=O)=O)C=C1,0.00426646611886099
C1(=NC=CN1C1C=CC(=CC=1)C1NC2C(=CC=CC=2)N=1)C1NC=NC=1C,0.004405695351306349
O=C(N1CCC(CC2=CC=CC=C2)CC1)CSC1=NC=C(S(N2CCCCC2)(=O)=O)C=C1,0.00653626648709178
N1=C(C2=CC=C(C=C2)OC)OC(C)=C1CN1CCC(=CC1)C1C=NN(CC)C=1,0.009975515399128198
O=C(N1CCCC1)CSC1=NC=C(S(N2CCCCC2)(=O)=O)C=C1,0.005587544175796211
C1(=COC(COC2C=CC3=C(C=2)N=C(S3)C)=N1)C(=O)NCC1NN=NN=1,0.0025812343752477317
O=C(NC1CCCC1)CSC1=NC=C(S(N2CCCCC2)(=O)=O)C=C1,0.005784088466316462
N1=C(C2C=CC=C(C=2)C2=NC=NC(N(C)C)=C2)C=CN1CC1SC=CN=1,0.007594502647407353
BrC1=C(NC(CSC2=NC=C(S(N3CCCCC3)(=O)=O)C=C2)=O)C=CC=C1,0.004739181860350073
O=C1C2=C(C=CC=C2)N=NN1CSC1=NC=C(S(N2CCCCC2)(=O)=O)C=C1,0.004176547983661294
S(=O)(=O)(N(C)C)N(C1=CC=CC=C1)CC(NCCCN1CCCCC1C)=O,0.005643527652136981
COC1=CC(NC(C(C2=CC=CC=C2)SC2=NC=C(S(N3CCCCC3)(=O)=O)C=C2)=O)=CC=C1,0.004029629298020154
C12N=CNC=1CCN(CC1=CC=CC=N1)C2C1=CC=C(C=C1)NC(C)=O,0.0038778831716626883
CC(C1=C(NC(CSC2=NC=C(S(N3CCCCC3)(=O)=O)C=C2)=O)C(C(C)C)=CC=C1)C,0.005514706927351653
N1(CCN(C(=O)C1)C1CCCCC1)C(=O)C1C=CN=C(N)C=1,0.004824223788455128
O=C(NC1=C(CC2=CC=CC=C2)C=CC=C1)CSC1=NC=C(S(N2CCCCC2)(=O)=O)C=C1,0.004769348911941052
CC(N(C(CSC1=NC=C(S(N2CCCCC2)(=O)=O)C=C1)=O)C(C)C)C,0.006604909570887685
S(=O)(=O)(N(C)C)N(C1C=CC=CC=1)CC(NCCN1CCCCCC1)=O,0.007305229897610843
N1(CCCC1)C(CCC1CCN(CC1)CC1=CC=C(C=C1)C(OC)=O)=O,0.01111930343322456
C1(=CC2OCOC=2C=C1Cl)C1C2N=CNC=2CCN1CC1NC=NC=1C,0.004542888805735857
S(=O)(=O)(N(C)C)N(C1C=CC=CC=1)CC(NCCN(C)CC1C=CC=CC=1)=O,0.006817914359271526
C1(CN2CCN(CC2)C(=O)C2=CC=CO2)=CN(N=C1C1C=CC=C(Cl)C=1)C,0.00842218690086156
CC1ON=C(NC(CSC2=NC=C(S(N3CCCCC3)(=O)=O)C=C2)=O)C=1,0.00423398440470919
N1=C(N)N=C(C=C1SC1=CC=CS1)C1C=CC=C2CC(CN)OC=12,0.005842510634101928
S(=O)(=O)(N(C)C)N(C1C=CC=CC=1)CC(NCCN1CCCCC1C)=O,0.0058498708065599205
C1(=CNN=C1C1C=CC2=C(C=CC(OC)=C2)C=1)CN1CCCC(C1)C(=O)N(CC)CC,0.006245953938923776
CCNC(NC(CSC1=NC=C(S(N2CCCCC2)(=O)=O)C=C1)=O)=O,0.0010861993054277264
N1(C=CC=N1)C1C=CC(=CC=1)CN(CC=C)CC1=CC=CO1,0.009537325147539378
C1(C=CC(=CC=1OC)OC)C(=O)C1CCCN(CC2=CC=CC(OCC)=C2O)C1,0.0076569329714402555
C12CC(CCC=1N(N=C2C(O)=O)CCC)N(C)CC1C=CC2C(=NON=2)C=1,0.009700158098712563
S(=O)(=O)(N(C)C)N(C1C=CC=CC=1)CC(NCCCN1CCN(CC1)C1C=CC=CC=1F)=O,0.004435977851971984
C1(=CSC(NC)=N1)C(=O)NCC1=CC=CN=C1OC1C=CC(=CC=1F)F,0.004132471862249076
CC(C(NC1=C(Cl)C=C(F)C=C1)=O)SC1=NC=C(S(N2CCCCC2)(=O)=O)C=C1,0.003963726782239973
C1(CN2CCC(COC)C2)=CN(N=C1C1=CC=C(C=C1)F)C1=CC=C(C=C1)C,0.00977950426749885
CC(NC(NC(CSC1=NC=C(S(N2CCCCC2)(=O)=O)C=C1)=O)=O)(C)C,0.0012702296837233007
C12C(CC(NC=1N(N=C2C1CC1)C)=O)C1=C(C)C2=C(C=CC=C2)S1,0.008378658024594188
S(=O)(=O)(N(C)C)N(C1C=CC=CC=1)CC(=O)NCC1C=CC=CC=1F,0.00529827227583155
C1(=CN=NC(NCCCN2C3=CC=CC=C3C=C2)=N1)C1=C(C=CC=C1OC)OC,0.005841661640442908
N(C(C)C)(CC1C=CC=CC=1Cl)C(=O)CCN1C=CC=N1,0.008264270494692028
CC1C(NC(CSC2=NC=C(S(N3CCCCC3)(=O)=O)C=C2)=O)CCCC1,0.006757130473852157
C12=C(CCN(C(=O)C3=CC=CC(=C3)CN3C=CC=N3)C1)NN=C2C(C)CC,0.006848826445639134
CC(C(NCC1=CC=CC=C1)=O)SC1=NC=C(S(N2CCCCC2)(=O)=O)C=C1,0.004828390316106379
COC1=CC=C(CNC(C(SC2=NC=C(S(N3CCCCC3)(=O)=O)C=C2)C)=O)C=C1,0.0047096989816054705
S(=O)(=O)(N(C)C)N(C1C=CC=CC=1)CC(=O)NCC1=CC=CC=C1OCC,0.005882124393247068
FC1(OC2=C(C=CC(=C2)NC(CSC2=NC=C(S(N3CCCCC3)(=O)=O)C=C2)=O)O1)F,0.0027037737309001386
C1(=NC=CC=C1CNC(=O)C1CCC(NC1)=O)N(C)CC1=CC=CC=C1,0.0047811563592404125
CNC(NC(CSC1=NC=C(S(N2CCCCC2)(=O)=O)C=C1)=O)=O,0.0009971594481612556
S(=O)(=O)(N(C)C)N(C1=CC=CC=C1)CC(NCCCN1CCCC(C)C1)=O,0.005622544605284929
CCOC(NC(CSC1=NC=C(S(N2CCCCC2)(=O)=O)C=C1)=O)=O,0.0012551797437481583
C1(C=C(NN=1)COC1C=CC=CC=1)C(=O)N1CCC2(CC1)C(=O)NC(N)=N2,0.0027074155281297863
S(=O)(=O)(N(C)C)N(C1C=CC=CC=1)CC(NCCCN1CCC(CC1)CC1C=CC=CC=1)=O,0.005978100630454719
C1(C(NCCC2=NC(C)=CC(C)=N2)=O)=CN(N=N1)CC1=CC=CC=C1C,0.006824698741547763
CC(C(NC1=C(C2=CC=CC=C2)C=CC=C1)=O)SC1=NC=C(S(N2CCCCC2)(=O)=O)C=C1,0.004460091167129576
C(=O)(N(C)CCN(C)C)C1C=CC=C(OC2CCN(CC2)CC2C=CC(=CC=2)OC)C=1,0.011109182611107826
CC(C(NCC1=CC2=C(OCO2)C=C1)=O)SC1=NC=C(S(N2CCCCC2)(=O)=O)C=C1,0.004618992726318538
N1(C)C[C@H](C[C@H]1C(OC)=O)NC(=O)C1=CC=C(C=C1)OC1C=CC=CC=1,0.006471105711534619
O=C(NN1C(=O)C2(CCCCC2)NC1=O)CSC1=NC=C(S(N2CCCCC2)(=O)=O)C=C1,0.0009949745945050381
S(=O)(=O)(N(C)C)N(C1C=CC=CC=1)CC(NCCCN1CCN(CC1)CC1C=CC=CC=1)=O,0.005455748038366437
FC1=CC=C(NC(C(C2=CC=CC=C2)SC2=NC=C(S(N3CCCCC3)(=O)=O)C=C2)=O)C=C1,0.00400855652987957
S(=O)(=O)(N(C)C)N(C1=CC=CC=C1)CC(NCCCN(C)C1CCCCC1)=O,0.008071545278653502
N1(CCOC(C1)C1C=CC2C(=CC=C(OC)C=2)C=1)C1=NC=CC(=C1)C(NC)=O,0.00569756559561938
CC(C(NC1=CC=C(N(C)C)C=C1)=O)SC1=NC=C(S(N2CCCCC2)(=O)=O)C=C1,0.004529209528118372
C1(C(=O)NCC(CC)OC)C=C(ON=1)COC1=CC=CC2C=NC=CC1=2,0.007670319941826165
S(=O)(=O)(N(C)C)N(C1C=CC=CC=1)CC(=O)NCC1=CC=C(C(OCC)=C1)OC,0.00686338534578681
C1(=NOC(CN2N=NC(C3C=CC=CC=3)=N2)=N1)C1=C(C)N=CC2CNCCC1=2,0.005826748698018492
S(=O)(=O)(N(C)C)N(C1=CC=CC=C1)CC(NCCCN1CCN(CC1)CCC)=O,0.006280745659023523
C(=O)(NC1C=CC(=CC=1)C)N1CCC(CC1)(CC1C=CC(=CC=1)Cl)C(OCC)=O,0.006475097057409585
S(=O)(=O)(N(C)C)N(C1=CC=CC=C1)CC(NCCN1CCN(CC1)C1C=CC=CC=1F)=O,0.004657711274921894
CC(C(NC1=C(F)C(F)=C(F)C=C1)=O)SC1=NC=C(S(N2CCCCC2)(=O)=O)C=C1,0.004924410255625844
C1(C2=CC=CC=C2Cl)ON=C(CNC(=O)C2C=CC=C(C=2)NC(CC)=O)C=1,0.005237102846149355
S(=O)(=O)(N(C)C)N(C1=CC=CC=C1)CC(=O)NCC1=CC=C(C=C1)SC,0.005225254455581307
CC(C(NC(CSC1=NC=C(S(N2CCCCC2)(=O)=O)C=C1)=O)CC1=CC=CC=C1)=O,0.006564656482078135
C1(=CC2=C(C=CC=C2)N1C)C(=O)N(C(CC)CO)CC1C=CC=CN=1,0.005827834783121944
CC1SC=C(CSC2=NC=C(S(N3CCCCC3)(=O)=O)C=C2)N=1,0.0046960639767348765
N1(CC(=O)NC2C=CN(CC3C=CC=CC=3)N=2)C=CC2C(=CC=CC1=2)C,0.007093946076929569
S(=O)(=O)(N(C)C)N(C1=CC=CC=C1)CC(=O)NCC1=CC=C(C=C1)N(C)C,0.006073828600347042
CC(C(C(NC(N)=O)=O)SC1=NC=C(S(N2CCCCC2)(=O)=O)C=C1)C,0.001200813613831997
N1N(CC2CCCN(C3=NC=CN=C3C#N)C2)C=C(CO)N=1,0.0025487470673397185
CC(C(NC1=NC=C(Cl)C=C1)=O)SC1=NC=C(S(N2CCCCC2)(=O)=O)C=C1,0.004004799050744623
C1(C2CCCN(C)C2)=CC(=O)NC(CCC(C)C)=N1,0.007105108536779881
S(=O)(=O)(N(C)C)N(C1=CC=CC=C1)CC(NCCCSCCC)=O,0.00574971497990191
C12(CCN(CC1)CC1=CC=CC(F)=C1)C1=CC=CC=C1[C@@H](N1C=CN=C1)[C@@H]2O,0.003546752652619034
CC(C1CC1)(C#N)NC(CSC1=NC=C(S(N2CCCCC2)(=O)=O)C=C1)=O,0.0034898682541186334
C(=O)(C1=CC=C(C=C1)N1C=CN=C1)N(C)CC1CCCN(CCC2C=CC=CC=2C)C1,0.007775302883237601
CC(C(N)=O)SC1=NC=C(S(N2CCCCC2)(=O)=O)C=C1,0.004338461544830352
S(N)(=O)(=O)N1CCN(CC1)CC1=C(C)OC(C2C=CC=C(Cl)C=2)=N1,0.00420464928029105
S(=O)(=O)(N(C)C)N(C1C=CC=CC=1)CC(NCCC1=CC=CO1)=O,0.005224604648537934
C1(C(C)NC(NC=1C)=O)C(=O)N(C)CC1=CC=CC=C1C(F)(F)F,0.00466699548996985
S(=O)(=O)(N(C)C)N(C1=CC=CC=C1)CC(NCCCN1CCN(CC1)C1=CC(C)=CC=C1C)=O,0.00584438166115433
CC(C#N)SC1=NC=C(S(N2CCCCC2)(=O)=O)C=C1,0.003380695771329556
N1(CCN(CC1CCO)CC1=CC=NC=C1)CC1=CC=C(C=C1)F,0.003485436085611582
O=C(NC1(C#N)CCCC1)CSC1=NC=C(S(N2CCCCC2)(=O)=O)C=C1,0.0035251663313374594
N1C=CNC=1CN1CCC(CC1)C(O)CCC1C=CC=CC=1,0.0023417455959133804
S(=O)(=O)(N(C)C)N(C1C=CC=CC=1)CC(NCCCN1CCN(C(C)C1)C1C=CC=C(C)C=1)=O,0.005567129026167095
[C@@H]12[C@](CC3=CC=C(C=C3)O)(C(OC)=O)N[C@H](C3=CC=C(C)O3)[C@@H]1C(N(C)C2=O)=O,0.002219265975685403
S(=O)(=O)(N(C)C)N(C1=CC=CC=C1)CC(=O)NC(CC)CN(C)CC1C=CC=CC=1,0.007821320812217892
S(=O)(=O)(N(C)C)N(C1C=CC=CC=1)CC(=O)NC(C)C(=O)N1CCCCC1,0.005912997201085091
O=C(N1C2=C(C=CC=C2)SCC1)CSC1=NC=C(S(N2CCCCC2)(=O)=O)C=C1,0.004601797554641962
COC1=CC(C2SC=C(CSC3=NC=C(S(N4CCCCC4)(=O)=O)C=C3)N=2)=CC=C1,0.004976034117862582
S(=O)(=O)(N(C)C)N(C1C=CC(=CC=1)C)CC(=O)N(C)CC1C=CC=CC=1,0.00794680491089821
N1(CCOCC1)CC(O)COC1=CC=C(C=C1OC)CNCC1C=CC(=CC=1)F,0.003513977723196149
C12CCNCC1=CC=CC=2C1C=CC(=CC=1)CCO,0.00668683466501534
CC1SC2=C(C=CC=C2)N(C(CSC2=NC=C(S(N3CCCCC3)(=O)=O)C=C2)=O)CC1,0.004927187855355441
C1(=CC=CC=C1C)CN(CCO)C[C@H]1CC[C@H](CC1)N,0.00902109402231872
S(=O)(=O)(N(C)C)N(C1=CC=C(C=C1)C)CC(=O)N1CCN(CC1)C1C=CC=CC=1,0.006753292679786682
N1=NC(=CN1[C@@H]1CN[C@H](C(NC)=O)C1)CN(C)C(=O)NC1=CC=CC=C1,0.0032927301828749476
S(=O)(=O)(N(C)C)N(C1C=CC(=CC=1)C)CC(=O)N1CCN(CC1)C1C=CC=C(Cl)C=1,0.005838101520203054
C1(C(O)CNC(=O)C2=CC(C)=NC3=C(C=CC=C32)C)=NC=CN1C,0.0026249744987580925
S(=O)(=O)(N(C)C)N(C1=CC=C(C=C1)C)CC(=O)N1CCN(CC1)CC1=CC=C2C(OCO2)=C1,0.006287368084304035
S(=O)(=O)(N(C)C)N(C1=CC=C(C=C1)C)CC(=O)N1CCN(CC1)C(=O)C1=CC=CO1,0.007144344807602465
C1(N2CCN(CC2)CC2=CC=CC(=C2)N2C=CC=N2)=C2CCCC2=NC(C2C=CC=CC=2)=N1,0.01027401895262301
N1(C2C=CC=CC=2C(F)(F)F)N=C(N=C1C1=CSN=N1)C1CC1,0.0058537899982184175
S(=O)(=O)(N(C)C)N(C1=CC=C(C=C1)C)CC(=O)N1CCN(CC1)C1N=CC=CN=1,0.005162813048809767
S(=O)(=O)(N(C)C)N(C1C=CC(=CC=1)C)CC(=O)N1CCN(CC1)C1=CC=CC=C1F,0.005709241493605077
O=C(N1C(=O)NCC1)CSC1=NC=C(S(N2CCCCC2)(=O)=O)C=C1,0.0011974317370913924
C12CN(CCC=1N(N=C2C(O)=O)C)C(CCCN1C=CN=C1C)=O,0.005411494290456176
CC1N(C(CSC2=NC=C(S(N3CCCCC3)(=O)=O)C=C2)=O)C2=C(C=CC=C2)NC(=O)C1,0.004315536376088858
N1=C(C=CC2C=CC=CC=2)ON=C1CN1CCN(CC1)C,0.009933963418006897
S(=O)(=O)(N(C)C)N(C1C=CC(=CC=1)C)CC(=O)NCC1=CC=CC=N1,0.004904674156568945
C1(SC=CC=1C)[C@@H]1CCN(C[C@H]1O)CC1=CC=C(C=C1F)OC,0.0023396720411255957
S(=O)(=O)(N(C)C)N(C1=CC=C(C=C1)C)CC(=O)NCC1=CC=CC=C1,0.005589235131628812
O=C(NC(NC1CS(=O)(=O)CC1)=O)CSC1=NC=C(S(N2CCCCC2)(=O)=O)C=C1,0.0012208867323352025
N1(CCC(COC)C1)C1=CC=C(C=N1)C(=O)N(C)CC1C=CC2C(=CC=CC=2)N=1,0.008676998759619891
C1(=CSC=N1)C(=O)N1CCC(CC1)OC1=CC=CC(=C1)C(=O)NCC1=CC=CC=N1,0.004990345006808639
S(=O)(=O)(N(C)C)N(C1=CC=C(C=C1)C)CC(=O)NC(C)CC,0.006558092124760151
O=C(N1N=C(C2=CC=CC=C2)CC1)CSC1=NC=C(S(N2CCCCC2)(=O)=O)C=C1,0.005200156103819608
S(=O)(=O)(N(C)C)N(C1C=CC(=CC=1)C)CC(=O)NCC1C=CC=CC=1Cl,0.0054298983537592
C1(=CC=NN1C1CCN(CC1)C(=O)C1=CC=C(C=C1)C)NC(CCCC1=CC=CC=C1)=O,0.006298809591680765
S(=O)(=O)(N(C)C)N(C1=CC=C(C=C1)C)CC(=O)NCC1=CC=C(C=C1)Cl,0.005366117728408426
C1(=CC=C(C2CCCN2C(CC=CC)=O)S1)C(=O)N1CCCCCC1,0.012444166000932455
CC(C1=CC2=C(OCO2)C=C1)NC(CSC1=NC=C(S(N2CCCCC2)(=O)=O)C=C1)=O,0.004792614304460585
C(=O)(N1CCC(CC1)CCC(=O)NCC1=CC=CN=C1)[C@H]1C[C@H]2C[C@@H]1C=C2,0.00800914941355586
COC1=CC(OC)=C(C2SC=C(CSC3=NC=C(S(N4CCCCC4)(=O)=O)C=C3)N=2)C=C1,0.00489956527017057
C1(C2=CC(O)=C3C(CN(CCO3)CC3=CC(=NN3)CC)=C2)SC2=C(C=CC=C2)N=1,0.0035322264535352587
S(=O)(=O)(N(C)C)N(C1=CC=C(C=C1)C)CC(=O)NC1CCCCCC1,0.008449689764529467
CC(C1=CC2=C(OCCO2)C=C1)NC(CSC1=NC=C(S(N2CCCCC2)(=O)=O)C=C1)=O,0.004854599735699594
S1C(C)=NN=C1SCCNC(=O)C1C=CC=C(C=1)NCC(O)=O,0.004215216834563762
CC(NC(CN1CCN(C(CSC2=NC=C(S(N3CCCCC3)(=O)=O)C=C2)=O)CC1)=O)(C)C,0.00457742849830538
S(=O)(=O)(N1CCN(CC1)C)C1=CC(C2C=CC=CC=2)=CC(C(O)=O)=C1,0.0034488493809476497
S(=O)(=O)(N(C)C)N(C1=CC=C(C=C1)C)CC(=O)NC1CCCCCCC1,0.008850260591134428
C1(CN2CCN(C(C)C2)C)=CC2=CC=C(C=C2NC1=O)OC,0.0050533337518572806
O=C1C2=C(C=CC=C2)C(=O)N1CCCSC1=NC=C(S(N2CCCCC2)(=O)=O)C=C1,0.0021551264740992337
N1C(CN(CC)CC2=CC=CC=C2)=C(OC=1C1=CC(F)=CC(F)=C1)C,0.007005436369217933
S(=O)(=O)(N(C)C)N(C1=CC=C(C=C1)C)CC(=O)NC1CCCC1,0.007065578713081777
CN1C(=O)C2=C(N=CN2CCSC2=NC=C(S(N3CCCCC3)(=O)=O)C=C2)N(C)C1=O,0.003819216589909047
C12N=CC(=CN1N=CC=2C(=O)NC1=CC=C2C(CC(O2)C)=C1)CN(CC)CC,0.00735775304492563
S(=O)(=O)(N(C)C)N(C1C=CC(=CC=1)C)CC(NCCCN(CC)CC)=O,0.0072584257693961264
CN1C2N(C(=NN=2)COC(CNC(C(C)(C)C)=O)=O)C2=C(C=CC=C2)C1=O,0.007907185517251492
N(CC1CCN(CC1)CCOC)(CC1CCCN1CC)C(=O)C1=CC=CN=C1,0.01343545811250806
N#CC(SC1N(C2=CC=CC=C2)C(C2=CC=CC=C2)=NN=1)CC1=CC=CC=C1,0.007060379559277408
O=C(NC1SC=NN=1)CSC1N(C2=CC=CC=C2)C(C2=CC=CC=C2)=NN=1,0.006104288878850639
N1=CC=CN1CCCNCC1=CC=C(C(OC)=C1)OCC(O)CN1CCSCC1,0.003963645070325583
S1(=O)(=O)C[C@H]2[C@H](N(CCN2)CC2=CN(N=C2C)CC=C)C1,0.004355564760044217
C1(=COC(COC2C=CC=C3C=CC=NC=23)=N1)C(=O)N[C@H](C)C(OC)=O,0.005024816771037876
S(=O)(=O)(N(C)C)N(C1C=CC(=CC=1)C)CC(NCCN(C)C)=O,0.006142154266126454
C1(C(C)C)=NC=CN1CCCNC(=O)C1=CC=C(N=C1)N1CCN2C(CCC2)C1,0.004925375781022012
S(=O)(=O)(N(C)C)N(C1C=CC(=CC=1)C)CC(=O)NCC1=CC=CO1,0.0055016222642734645
CN1C2N(C(=NN=2)CSC2N(C3=CC=CC=C3)C(C3=CC=CC=C3)=NN=2)C2=C(C=CC=C2)C1=O,0.008772683469578624
S(=O)(=O)(N(C)C)N(C1=CC=C(C=C1)C)CC(=O)NCC1=CC=C(C=C1)C,0.006195461261086166
O=C(N1CCCC1)CN1CCN(C(CSC2N(C3=CC=CC=C3)C(C3=CC=CC=C3)=NN=2)=O)CC1,0.007373778615146875
C1(=CC(=O)C2=C(C=CC=C2)N1)C(=O)N1CCOC(CC2C=CC=C(OC)C=2)C1,0.004432744148653
O=C(C1C2=C(CCCC2)SC=1N1C=CC=C1)OCC1=CC=C(C#N)C=C1,0.00809956225566566
S(=O)(=O)(N(C)C)N(C1C=CC(=CC=1)C)CC(NCCCC1C=CC=CC=1)=O,0.005924465949647129
FC1=CC=C(NC(COC(C2C3=C(CCCC3)SC=2N2C=CC=C2)=O)=O)C=C1,0.0064335962058976294
S(=O)(=O)(N(C)C)N(C1=CC=C(C=C1)C)CC(=O)NC(C)C,0.0058586981380358335
N1(CCC2(CCNCC2)C1)C(NCCC)=O,0.006577197159640491
S(=O)(=O)(N(C)C)N(C1C=CC(=CC=1)C)CC(NCCC)=O,0.005626547930296511
C1(C=NC2N(NC(C=2)=O)C=1C)C(=O)N1CCOC(CCCC(C)C)C1,0.006002333085052669
C1(C(C)=NON=1)C(=O)NC1CN(C(=O)C1)CCCC1C=CC=CC=1,0.006680516968481242
S(=O)(=O)(N(C)C)N(C1C=CC(=CC=1)C)CC(NCCC1=CNC=N1)=O,0.002395826141582802
CC(C(N)=O)OC(C1C2=C(CCCC2)SC=1N1C=CC=C1)=O,0.008041997952386738
C1(CCCN(C(=O)C2C=C(C)C=C(C)C=2)C1)(CC1C=CC(=CC=1)F)C(O)=O,0.007287522288970649
CC(C#N)OC(C1C2=C(CCCC2)SC=1N1C=CC=C1)=O,0.006228337324591849
N1(C2CCN(CC2)C)CCN(CC1CCO)CC1=CSC(C(C)=O)=C1,0.006872874358668924
O=C(C1SC=CC=1)NC1=CC=C(C(OC2C(=O)OCC2)=O)C=C1,0.004754474340006709
S(=O)(=O)(NCC1CCCO1)C1=CC(=CC(C(O)=O)=C1)C1CCCCC=1,0.005719036841765046
S(=O)(=O)(N(C)C)N(C1C=CC(=CC=1)C)CC(=O)NC(C)C1=CC=CC=C1,0.006552225211635232
O=C(N1CCCCC1)COC(C1=CC=C(NC(C2SC=CC=2)=O)C=C1)=O,0.005819600191898644
O=C(C1NC=CC=1)COC(C1=CC=C(NC(C2SC=CC=2)=O)C=C1)=O,0.0053743083029985424
O=C(C1SC=CC=1)NC1=CC=C(C(OCC2NC(=O)C3=C(C=CS3)N=2)=O)C=C1,0.003518492670264095
S(=O)(=O)(N(C)C)N(C1C=CC(=CC=1)C)CC(=O)NC1CC1,0.00581834428012371
CC(C(NC1=CC=C(N2CCOCC2)C=C1)=O)OC(C1=CC=C(NC(C2SC=CC=2)=O)C=C1)=O,0.0059536108514294025
S(=O)(=O)(N(C)C)N(C1C=CC(=CC=1)C)CC(=O)NCC1CCCO1,0.005966904666274786
CC(C(NC1C(C)CCCC1)=O)OC(C1=CC=C(NC(C2SC=CC=2)=O)C=C1)=O,0.008398387487977743
S(=O)(=O)(N(C)C)N(C1=CC=C(C=C1)C)CC(=O)NCC1C=CC=C(OC)C=1,0.005961363622918725
C(=O)(C1CC1)N1CCC(CC1)OC1=CC=C(C=C1)C(=O)NC1CCCCCC1,0.010835027368739248
O=C(N1C(=O)NCC1)COC(C1=CC=C(NC(C2SC=CC=2)=O)C=C1)=O,0.0019765556848142297
N1(C[C@@H](C[C@H]1C(NC)=O)N)CC1=CC=C(C(CC=C)=C1)OC,0.008202391606755555
CC1C2N(C(C=C(N=2)COC(C2=CC=C(NC(C3SC=CC=3)=O)C=C2)=O)=O)C=CC=1,0.00503021264448762
O=C(C1SC=CC=1)NC1=CC=C(C(OCC2ON=C(C3=CC=CC=C3)N=2)=O)C=C1,0.005601082043722272
S(=O)(=O)(N(C)C)N(C1C=CC(=CC=1)C)CC(=O)NCC(C)C1C=CC=CC=1,0.00680451828520745
O=C(C1SC=CC=1)NC1=CC=C(C(OCC2N=C3N(C=CC=C3)C=2)=O)C=C1,0.00381742010358721
S(=O)(=O)(N(C)C)N(C1=CC=C(C=C1)C)CC(NCCC1C2C=CC=CC=2NC=1)=O,0.0037265118560753764
ClC1=CN2C(=NC(=C2)COC(C2=CC=C(NC(C3SC=CC=3)=O)C=C2)=O)C=C1,0.003547123959288001
C1(=NC=C(CN2CCC3C(=CC=CC=3)C2)N1CC1CCCO1)S(CCC)(=O)=O,0.0076110880123451356
O=C(C1SC=CC=1)NC1=CC=C(C(OCC2OC3=C(C=CC=C3)N=2)=O)C=C1,0.004372689395677298
C1(COC)(CC1)C(=O)NCC1=CC=CN=C1OC1=CC=CC(=C1)C(F)(F)F,0.0052644518320448695
CC(NCCOC(C1=CC=C(NC(C2SC=CC=2)=O)C=C1)=O)=O,0.003935759700834751
S(=O)(=O)(N(C)C)N(C1C=CC(=CC=1)C)CC(NCCCOCC)=O,0.005281268293038011
N12C=C(N=C1SC=C2C(NCCC1CCCN1C)=O)C1C=CC=C(OC)C=1,0.005567664909176528
S(=O)(=O)(N(C)C)N(C1C=CC(=CC=1)C)CC(NCC=C)=O,0.00475929700769484
C(=O)(N1CCOCC1)C1CCCN(C2CCN(CC2)C(=O)C2=CC=CN2)C1,0.005642664013430476
N1(C2CNCC2)C=NC(C2C=CC=CC=2)=C1C1C=CC(=CC=1)OCC1C=CC=CN=1,0.007321098702959716
S(=O)(=O)(N(C)C)N(C1C=CC(=CC=1)C)CC(NCCC1CCCCC=1)=O,0.009254248207435012
S(=O)(=O)(N(C)C)N(C1=CC=C(C=C1)C)CC(=O)NC(C)CCC1=CC=CC=C1,0.007532676914706826
CC(CC(C1=CC=CC=C1)NC(CN1C(=O)C=CC(C(F)(F)F)=C1)=O)C,0.005555583047680557
FC(C1=CN(CC(N2CCN(C(C3SC=CC=3)=O)CC2)=O)C(=O)C=C1)(F)F,0.004100189439486712
S(=O)(=O)(N(C)C)N(C1=CC=C(C=C1)C)CC(=O)NC1CCCCC1,0.007695597549900413
CCN(C1CCCC=1)C(CN1C(=O)C=CC(C(F)(F)F)=C1)=O,0.006211673049256206
S(=O)(=O)(N(C)C)N(C1C=CC(=CC=1)C)CC(NCCCC)=O,0.0055095675401389595
C12CN(CCC=1NN=C2C1=CC=CC2=CC=CC=C12)C(=O)CCO,0.0029901302768848836
CCS(N1C2=C(C=C(C(COC(CCCOC3=CC=C(OC)C=C3)=O)=O)C=C2)CC1)(=O)=O,0.008513886714354157
N1C2=CC(=CC=C2NC=1C(C)O)C1C=CC(=CC=1)S(C)(=O)=O,0.0013957036833744496
ClC1=CC(N2C(=O)C3=C(C=CC=C3)N=C2SCC(N(CC2SC=CC=2)CC=C)=O)=CC=C1,0.006469158199615776
C1(OC(=NC=1C)CC)C(=O)N(C)CC1=CSC(C(C)C)=N1,0.0075096011394634845
CC(NCC1SC(C(CSC2N(C3=CC(Cl)=CC=C3)C(=O)C3=C(C=CC=C3)N=2)=O)=CC=1)=O,0.0064479513093829155
N1(CCCC(C1)NC1=CC=C(C=C1)F)C(=O)C1=CC=C(C(F)=C1)OC,0.006500214897096157
O=C(N(C1CCCCC=1)C1CC1)COC1=C2C(SC=C2)=NC=N1,0.008971369685605168
C12N(C(CC)CC)N=C(C)C=1NC(C1=CC=C(C=C1)OCCO)=N2,0.0032836938626132905
CN1C2N(C(=NN=2)CSCC2=CC=C(C(O)=O)C=C2)C2=C(C=CC=C2)C1=O,0.005479464400559663
C1(CN2CCCC(C2)C(=O)C2C=CC=CC=2SC)C=NN(C)C=1,0.012505748635157942
S(=O)(=O)(N(C)C)N(C1=CC=C(C=C1)C)CC(=O)NC(CCC)C1=CC=CS1,0.00636175146792084
C1(=NOC(CCC2NN=C(Cl)N=2)=N1)C1(CCOC1)C1=CC=C(C=C1)F,0.0037627153214998543
S(=O)(=O)(N(C)C)N(C1=CC=C(C=C1)C)CC(NCCC1=CNC2C=CC(OC)=CC1=2)=O,0.0036056364770047367
N1(CCCC(C(NCCN2C=CN=C2)=O)C1)C1CCN(CC1)CC1=CC=NC=C1,0.006238937913440168
CCN1C(=O)N(CC2=CC=CC=C2)C(N)=C(C(CSC2N(C3=CC(C)=CC(C)=C3)N=NN=2)=O)C1=O,0.005087042646482587
CC1=CC(N2C(SCC(N3CCN(CC(N4CCCC4)=O)CC3)=O)=NN=N2)=CC(C)=C1,0.006384129100479185
C(=O)(C1=CC=C(N=C1)NCC(C)O)N1CCC(CC1)N1CCOCC1,0.0027499460615217687
CCOC1=CC=C(C2N(N)C(SCC(N3C(CC)CCCC3)=O)=NN=2)C=C1,0.005401509697549045
C1(CC2C(=CC=CC=2)C1)(C(=O)N(C)CCN1C=CN=C1C)N1C[C@@H](C)O[C@@H](C)C1,0.008189372974447906
CCOC1=CC=C(C2N(N)C(SC(C(NC3=C(Cl)C=C(F)C=C3)=O)C)=NN=2)C=C1,0.003490621969103813
S(=O)(=O)(N(C)C)N(C1=CC=C(C=C1)C)CC(=O)NC(C)CC1=CC=CO1,0.0059927392052486535
O=C(C1=CC2=C(OCO2)C=C1)COC(C1CCOCC1)=O,0.015051707392558455
N1(C2C=CC=CC=2)CCC2=C1C=NC(=N2)N1CCN(CC1)CCC1C=CN=CC=1,0.00888173806015402
CC1=C(C)C2=C(C(=CC(O2)=O)COC(C2CCOCC2)=O)C=C1,0.01043248143978417
N1C(N)=C(C=NC=1C1=CC=C(C2=CC=CC=C2)S1)C#N,0.0037136233411729338
S(=O)(=O)(N(C)C)N(C1=CC=C(C=C1)C)CC(NCCC1=CNC2C=CC(C)=CC1=2)=O,0.0039351001498289405
CCOC1=CC=C(C2N(N)C(SCC(NC3=C(C#N)C=CS3)=O)=NN=2)C=C1,0.0031061212066560984
N1=C(CC)ON=C1CN1CCC(CC1)N1CCCC(C(NCCOC)=O)C1,0.008876092941500246
CCOC1=CC=C(C2N(N)C(SC(C(NCCC3CCCCC=3)=O)C)=NN=2)C=C1,0.0073745951522141695
C1(=CC(C2C=NC(=NC=2)COC)=NC2C=CC(F)=CC1=2)C(=O)N1CCOCCC1,0.007267064624466002
S(=O)(=O)(N(C)C)N(C1=CC=C(C=C1)C)CC(NCCC1=CNC2C=CC(Cl)=CC1=2)=O,0.0032538703293539585
CCOC1=CC=C(C2N(N)C(SC(C(NC3=C(C4=CC=CC=C4)C=CC=C3)=O)C)=NN=2)C=C1,0.0048492935486137865
CCOC1=CC=C(C2N(N)C(SCC3OC(C4=CC=CC=C4)=CN=3)=NN=2)C=C1,0.004959565494209528
N1(CCN(CC1)CC1=CC=CN=C1OC)C1C=CC(=CN=1)C(N)=O,0.005195590271614492
S(=O)(=O)(N(C)C)N(C1C=CC(=CC=1)C)CC(NCCCN(C)CC1=CC=CC=C1)=O,0.006495362007990479
CCOC1=CC=C(C2N(N)C(SC(C(NC(NC3CCCCC3)=O)=O)C)=NN=2)C=C1,0.001794169907225296
N1=C(C)C=C(C)N1CCCNC(=O)C1=CC(C)=CC=C1NC(C)C,0.00833802567794919
S(=O)(=O)(N(C)C)N(C1=CC=C(C=C1)C)CC(NCCCN1CCCCCC1)=O,0.007188711385242641
CCOC1=CC=C(C2N(N)C(SCC3N=C(C4=C(OC)C(OC)=CC=C4)SC=3)=NN=2)C=C1,0.006255580554716289
S(=O)(=O)(N(C)C)N(C1C=CC(=CC=1)C)CC(NCCCN1CCCCC1C)=O,0.005809445842169225
O=C(C1CCOCC1)OCCN1C(=O)C2=C(C=CC=C2)C1=O,0.006061943480744958
[C@@]12(CN(C[C@H]1CN(C(=O)CCC1NN=C(C)C=1C)C2)C)C(O)=O,0.004672521713655442
FC1=C(Cl)C=C(NC(COC(C2CCOCC2)=O)=O)C=C1,0.0064483378548175095
C1(=CC=NN1C1CCN(CC1)C(=O)C1C=CC(=C(OC)C=1)OC)NC(CC(C)C)=O,0.007136424351483583
COC1=C(CNC(COC(C2CCOCC2)=O)=O)C=CC=C1,0.009682882484048605
C1(ON=C(CC(C)C)C=1)C(=O)N1CCC(CC1)N1C=C(N=N1)C1C=CC=CN=1,0.007050821953453123
S(=O)(=O)(N(C)C)N(C1C=CC(=CC=1)C)CC(NCCN(C)CC1C=CC=CC=1)=O,0.007011959911324084
C1(C(=O)NCC2C(C)=NNC=2C)C=C(ON=1)CN1CCCC(O)C1,0.0019031303178053348
S(=O)(=O)(N(C)C)N(C1C=CC(=CC=1)C)CC(NCCN1CCCCC1C)=O,0.006047799764201045
C12=C(CCN(C1)C(=O)C1C=CC=C(C)C=1O)NN=C2C1=CC=C(C(F)=C1)F,0.003109434945508838
S(=O)(=O)(N(C)C)N(C1C=CC(=CC=1)C)CC(=O)NCC1=CC=CC=C1OCC,0.006289839278906584
N1(CC(=O)N2CCCC2C2SC=CN=2)C(=O)C2=CC=CC=C2N=N1,0.0059808055637404324
COC1=CC(NC(COC(C2CCOCC2)=O)=O)=CC=C1,0.008744085463695228
C1(C2C=CC(=CC=2C)OC)=NOC(CCC2C=NNC=2)=N1,0.005422108084894716
S(=O)(=O)(N(C)C)N(C1=CC=C(C=C1)C)CC(=O)NCC1CCN(CC1)CC1C=CC(=CC=1)C,0.006561169889755547
COC1=C(NC(COC(C2CCOCC2)=O)=O)C=C(C)C=C1,0.009002533182501793
O=C(NCC1OC=CC=1)COC(C1CCOCC1)=O,0.0096091918181628
N1(C(C)C)C=C(C=N1)CN(CC1CCCO1)CC1C=CC(=CC=1)F,0.010793287353590131
CC1=C(Cl)C=C(NC(COC(C2CCOCC2)=O)=O)C=C1,0.007765922858379781
C1(=COC(COC2C=CC(=CC=2Cl)F)=N1)C(=O)N(C)CC1=CSC(C)=N1,0.005731395515613258
N1(CCCC1CN1C=CC=N1)C(=O)CN1CCOC2C=CC=CC=2C1,0.008974564308300615
S(=O)(=O)(N(C)C)N(C1=CC=C(C=C1)C)CC(NCCCN1CCCC(C)C1)=O,0.005912082619033754
C1(OC(=C(CN2CCN(CC2C)C2=CC=CC=C2)N=1)C)C1C=COC=1,0.006831683800555766
S(=O)(=O)(N(C)C)N(C1=CC=C(C=C1)C)CC(NCCCN1CCN(CC1)C1=CC=C(C=C1)F)=O,0.004688411194365472
C(CCC1=CC=CO1)(=O)N(CCC1=CC=C(C=C1)OC)CC1CCN(CC1)C,0.011952449101954699
S(=O)(=O)(N(C)C)N(C1=CC=C(C=C1)C)CC(NCCCN1CCC(CC1)CC1C=CC=CC=1)=O,0.006087838835082948
O=C(NC1=CC(C#N)=CC=C1)COC(C1CCOCC1)=O,0.006440231623128056
C1(=COC(COC2C=CC=C3C=CC=NC=23)=N1)C(=O)N1CC[C@]2([C@@]([H])(CCCC2)C1)[H],0.006551738572306931
FC(C1=C(NC(COC(C2CCOCC2)=O)=O)C=CC=C1)(F)F,0.006961700739338994
C1(CC(=O)N(C)C2CC3C(=CC=CC=3)C2)=C(C)N=C(NC1=O)C,0.0060819385573267935
COC1=C(NC(COC(C2CCOCC2)=O)=O)C=C(Cl)C=C1,0.008095406135544181
C1(CN(CC2CCN(CC2)CCOC)CC2C=CN=CC=2)=NC=CN1C,0.009382414631545544
S(=O)(=O)(N(C)C)N(C1=CC=C(C=C1)C)CC(NCCCN1CCN(CC1)CC1C=CC=CC=1)=O,0.00550519919488579
N1(CCCC(C1)NC1CCN(CC1)CC1=CC=CO1)CC1=CC=C(C=C1)Cl,0.010801279684528708
COC1=CC(N(=O)=O)=C(NC(COC(C2CCOCC2)=O)=O)C=C1,0.007784575130790472
C(=O)(N1CCC(CC1)(O)C1=CC=C(C=N1)C)C(CC1=CNC=N1)N1C=CC=C1,0.003958237601909787
CC1=CC(N(=O)=O)=C(NC(COC(C2CCOCC2)=O)=O)C=C1,0.007093411730602383
N1(CCN2C(C(=O)NCC2)C1)C(=O)C1C=CC=C(C=1C)NC(=O)C1=CC=CO1,0.006349381431937218
S(=O)(=O)(N(C)C)N(C1C=CC(=CC=1)C)CC(=O)NCC1=CC=C(C(OCC)=C1)OC,0.007008210592903197
C1(C(=O)N2CCCN3C(=CC(=N3)C(OC)=O)C2)=CN2C(C=CC=C2C)=N1,0.006780032580718398
S(=O)(=O)(N(C)C)N(C1=CC=C(C=C1)C)CC(NCCCN1CCC2C(=CC=CC=2)C1)=O,0.006599472695961594
N1=C(NCC2=CC=C(C(NC)=O)O2)N=CC(F)=C1N1CCCC1,0.004732646630145609
S(=O)(=O)(N(C)C)N(C1=CC=C(C=C1)C)CC(=O)NCC1CCN(CC1)CC1=CC=C(C=C1)Cl,0.005581860872916877
C12N=CC(=CN1N=CC=2C(=O)NC(C)CO)CN(CC)CC,0.003842303773853928
S(=O)(=O)(N(C)C)N(C1C=CC(=CC=1)C)CC(NCCCN1CCN(CC1)CCC)=O,0.006386845395900309
C1(C2C(C)=CC(=C(C)C=2)OC)OC(=C(CN2CCN(CC2)CCO)N=1)C,0.0032955622184090315
S(=O)(=O)(N(C)C)N(C1=CC=C(C=C1)C)CC(=O)NCC1=CC=C(C=C1)SC,0.005374236614443362
C1(OC23CCCN(CC2)C3)C(C)=CC(=CC=1C)CN1CCCC1,0.02008106391876936
COC1=C(NC(COC(C2CCOCC2)=O)=O)C=CC(N(=O)=O)=C1,0.0062886180588975545
S(=O)(=O)(N(C)C)N(C1=CC=C(C=C1)C)CC(=O)NCC1=CC=C(C=C1)N(C)C,0.00631870033685118
N1N(CC2CCN(CC2)C(=O)C2=CC=CN2)C=C(CN2CCN(C(=O)C2C)C)N=1,0.004672886780463159
S(=O)(=O)(N(C)C)N(C1C=CC(=CC=1)C)CC(NCCCSCCC)=O,0.005965381814166904
C1(CN2CC(C2)N2C=CC=N2)=CN(N=C1C)CCN1CCN(CC1)C,0.01494344905950129
CC(C(NC1=C(Cl)C(Cl)=CC=C1)=O)OC(C1CCOCC1)=O,0.009258887520991266
C1(CCCN(C2=NC=CC=N2)C1)(CC1=CC=CC=C1F)C(O)=O,0.004633604874834418
C1(N2CCCC2)=NC=C(C=N1)CN(C)C(C)C1C=CC=NC=1,0.009101793961599469
CC1=CC=C(CNC(COC(C2CCOCC2)=O)=O)C=C1,0.01014061514288187
C1(C2(CCCC2)O)=CN(N=N1)CC1CCN(CC1)C1CSCC1,0.013265015184879303
S(=O)(=O)(N(C)C)N(C1=CC=C(C=C1)C)CC(=O)NCC1=CC=CC(Br)=C1,0.006747278943657875
CC(C(NC1=C(Cl)C=C(F)C=C1)=O)OC(C1CCOCC1)=O,0.007321642572060227
C1(=CC(C)=CC(C)=C1N1C=CC=N1)C1=NC=CN1CCC1C=NC=CN=1,0.0077828195644542575
CCCC1=CC=C(C2(C(=O)N(CC(NC3=CC=C(S(N(C)C)(=O)=O)C=C3)=O)C(=O)N2)C)C=C1,0.0018529668857809156
C1(=O)NC2=C(C=C(C=C2)CNC(COC2C(C)=CC=C(C)C=2C)=O)N1,0.003621331707108766
S(=O)(=O)(N(C)C)N(C1=CC=C(C=C1)C)CC(=O)NCC1C=CC(=CC=1)OC(C)C,0.006767825433053076
O=C(C1CCOCC1)OCN1C(=O)C2=C(C=CC=C2)C1=O,0.005498356721363962
S(=O)(=O)(N(C)C)N(C1=CC=C(C=C1)C)CC(NCCC(C)N1CCCC1)=O,0.007366090011782944
C1(=CC=NN1C1CCN(CC1)CC1C=NN(C)C=1)NC(CCC1C=CC=CC=1)=O,0.0068146543810144065
S(=O)(=O)(N(C)C)N(C1=CC=C(C=C1)C)CC(=O)NC(C)C(=O)N1CCCCC1,0.005781994201242924
N1(CC2=CC=CC(=C2)CN2CCC(CC2)(O)C2=CC=CC=N2)C(C)=CC(C)=N1,0.012958929035812616
S(=O)(=O)(N(C)C)N(C1C=CC(=CC=1)Cl)CC(NCCN(C)CC1C=CC=CC=1)=O,0.0058777992147952315
O=C(C1NC=CC=1)COC(C1CCOCC1)=O,0.009894407913088798
C12C(CC(NCC=1N=C(N)S2)=O)C1C=CC2=C(C=1)OC(O2)(F)F,0.0035143992165103553
S(=O)(=O)(N(C)C)N(C1C=CC(=CC=1)Cl)CC(NCCN1CCN(CC1)C1C=CC=CC=1F)=O,0.004367261682637036
CCC1=C2C(C(C(COC(C3CCOCC3)=O)=O)=CN2)=CC=C1,0.008869491261430084
S(=O)(=O)(N(C)C)N(C1=CC=C(C=C1)F)CC(=O)N1CCN(CC1)C1C=CC=CC=1,0.005469029420055449
CCCC1=CC=C(C2(C(=O)N(CC(C3NC=CC=3)=O)C(=O)N2)C)C=C1,0.0027632143930532036
S(=O)(=O)(N(C)C)N(C1C=CC(=CC=1)F)CC(=O)N1CCN(CC1)C1C=CC=C(Cl)C=1,0.005024120153393596
O=N(C1=CC2=C(OCOC2)C(COC(C2CCOCC2)=O)=C1)=O,0.0073595101246610286
C1(CCC(N(CCCN2CCCC2=O)C1)=O)C(=O)N(CC=C)CC#C,0.009244856936857105
BrC1=CC(OCCOC(C2CCOCC2)=O)=CC=C1,0.011961388727650046
C1(CN2C(C)=C(C(C)=N2)C(C)=O)=NC(=NN1C1C=CN=CC=1C)C(C)C,0.016121196234598754
S(=O)(=O)(N(C)C)N(C1=CC=C(C=C1)F)CC(=O)N1CCN(CC1)C1C(C)=CC=C(Cl)C=1,0.005373276548925787
CN(S(C1=CC(COC(C2CCOCC2)=O)=CC=C1)(=O)=O)C,0.006775801535695791
N1(CCC(CC1)CCC(=O)NC1C=CC(=CC=1OC)OC)C1CCOCC1,0.009832947980612516
S(=O)(=O)(N(C)C)N(C1C=CC(=CC=1)F)CC(=O)N1CCC2C(=CC=CC=2)C1,0.006809398531913757
N1C(COC)=NOC=1CN(CC)C(=O)C1C=CC=NC=1C,0.008068223646841944
S(=O)(=O)(N(C)C)N(C1=CC=C(C=C1)F)CC(=O)N1CCN(CC1)C(=O)C1=CC=CO1,0.00670361602678895
CC(C(NC1=CC=C(N(=O)=O)C=C1)=O)OC(C1CCOCC1)=O,0.006149547011591494
C1(=NC=C(CN(C)CC2ON=C(C3C=CC=CC=3)C=2)N1CC1CCCO1)S(C)(=O)=O,0.0061657375423237685
C(=O)(C1=CC=C(C=C1)OC1CCN(CC1)C(COC)=O)N1CCSCC1,0.008915259363129735
S(=O)(=O)(N(C)C)N(C1C=CC(=CC=1)F)CC(=O)NCC1C=CC=NC=1,0.004167970013804733
O=C(N1C(=O)NCC1)COC(C1CCOCC1)=O,0.002806644554948434
S(=O)(=O)(N(C)C)N(C1=CC=C(C=C1)F)CC(=O)NCC1=CC=CC=C1,0.00475126103265211
CCCC1=CC=C(C2(C(=O)N(CC(N)=O)C(=O)N2)C)C=C1,0.0018872222572099417
C12C=C(C=CC=1C(C)=CC(=O)O2)CN(CC1=CC=CC=C1OC)C1CC1,0.01045389655046165
CCCC1=CC=C(C2(C(=O)N(CC(C(C)(C)C)=O)C(=O)N2)C)C=C1,0.0054259174037724735
C(=O)(CN1CCOC(C1)C1=CC=C(C(Cl)=C1)Cl)N(C)C(C)C,0.010831957729533315
CCCC1=CC=C(C2(C(=O)N(CC(C3=CC=C(Cl)C=C3)=O)C(=O)N2)C)C=C1,0.004081351077184081
N1(C[C@@H](C[C@H]1C(NC)=O)N)C(COCC1NC2C(=C(C)C=CC=2)N=1)=O,0.003141904214862734
S(=O)(=O)(N(C)C)N(C1C=CC(=CC=1)F)CC(=O)NCC1C=CC=CC=1Cl,0.004857648932375014
N12C=CC=CC1=NC(CCNC(=O)C1CCC(N(CCOC)C1)=O)=C2,0.004572169401217252
N1=C(CNC[C@@]2(CCCN3CCCC[C@@]32[H])O)ON=C1C1=CC=CN=C1,0.007020905101671815
CCCC1=CC=C(C2(C(=O)N(CC(C3=CC=C(F)C=C3)=O)C(=O)N2)C)C=C1,0.004162330029066652
N1=CN(C(C2C=CC(=CC=2)C#N)=C1C1=CC=CC=C1)CCNC1=CC=CN=C1,0.005436224967706948
S(=O)(=O)(N(C)C)N(C1=CC=C(C=C1)F)CC(=O)NC1CCCCCCC1,0.00806517074815929
CCCC1=CC=C(C2(C(=O)N(CC(N3CCOCC3)=O)C(=O)N2)C)C=C1,0.0024340499774552883
S(=O)(=O)(N(C)C)N(C1=CC=C(C=C1)F)CC(=O)NCC1=CC=C(C=C1)C,0.005287892953492701
C1(C2=CC=CC(CN(C)CC3C=COC=3)=C2)NC(=O)C=C(CC(C)C)N=1,0.007080376567319036
S(=O)(=O)(N(C)C)N(C1C=CC(=CC=1)F)CC(NCCCC1C=CC=CC=1)=O,0.005098807765170932
C1(CO)(CN(C)CC2C(C)=CC(=C(C)C=2)C)CC1,0.011157162208110093
C12=C(CCN(C(=O)C(C)(C)N)C1)ON=C2C1=CC=CC(F)=C1,0.007494068099185824
S(=O)(=O)(N(C)C)N(C1C=CC(=CC=1)F)CC(=O)NCC1=CC=CC=C1OC,0.005747341807000339
N1(CCNC(=O)C1CC(=O)NC1CCCCCCC1)CC1=CC=CC=C1F,0.007055974565446377
S(=O)(=O)(N(C)C)N(C1=CC=C(C=C1)F)CC(=O)NCC1C=CC=C(OC)C=1,0.005584523780271411
CCCC1=CC=C(C2(C(=O)N(CC(NC3CCCCCCC3)=O)C(=O)N2)C)C=C1,0.003934070700779557
C1(C2CC2)NC(C2(CCN(CC2)C(CCC)CCC)N=1)=O,0.00974960969761014
CCCC1=CC=C(C2(C(=O)N(CC(NC3=CC=C(Cl)C=C3)=O)C(=O)N2)C)C=C1,0.0021245147741865366
CCCC1=CC=C(C2(C(=O)N(CC(NC3=CC=C(NC(C)=O)C=C3)=O)C(=O)N2)C)C=C1,0.002484370378078893
N1C(N)=NC(=CC=1N1CCN(CC1)CC1C(O)=CC=C(C)N=1)C,0.0042858251254074275
CCCC1=CC=C(C2(C(=O)N(CC(N3CCCCC3)=O)C(=O)N2)C)C=C1,0.0025822616240475326
S(=O)(=O)(N(C)C)N(C1=CC=C(C=C1)F)CC(=O)NC(C)CCC1=CC=CC=C1,0.0062747028889134525
CCCC1=CC=C(C2(C(=O)N(CC3=C(C)ON=C3C)C(=O)N2)C)C=C1,0.002627970289904624
CCCC1=CC=C(C2(C(=O)N(CC(NC(C)C)=O)C(=O)N2)C)C=C1,0.002495400566840544
C1(C=NN(C)C=1)C1C(C)=CN=C(NCC2N=C(C)C3=C(CCCC3)N=2)N=1,0.00954863796941936
CCCC1=CC=C(C2(C(=O)N(CC(N(CC(C)C)CC(C)C)=O)C(=O)N2)C)C=C1,0.003984394867438823
C12=NC=NN1C(=CC(C(=O)N1C[C@@H]3[C@@H]([C@@H]4O[C@H]3CC4)C1)=N2)C(C)C,0.006617869056162818
CCCC1=CC=C(C2(C(=O)N(CC(N(C3CCCCC3)C3CCCCC3)=O)C(=O)N2)C)C=C1,0.005102980462834239
S(=O)(=O)(N(C)C)N(C1=CC=C(C=C1)F)CC(=O)NC(CCC)C1=CC=CS1,0.005280514480546117
CCCC1=CC=C(C2(C(=O)N(CC(NC(C)(C)C)=O)C(=O)N2)C)C=C1,0.0026294734270777553
S(=O)(=O)(N(C)C)N(C1C=CC(=CC=1)F)CC(=O)NCC1=CC=CC=C1OCC,0.005802882765419781
CCCC1=CC=C(C2(C(=O)N(CC(NC)=O)C(=O)N2)C)C=C1,0.0020676408312283456
CCCC1=CC=C(C2(C(=O)N(CC(NCCC3CCCCC=3)=O)C(=O)N2)C)C=C1,0.004137435136362911
CCCC1=CC=C(C2(C(=O)N(CC(N(C(C)C)C(C)C)=O)C(=O)N2)C)C=C1,0.003738447988871485
CCCC1=CC=C(C2(C(=O)N(CC(N(C)C)=O)C(=O)N2)C)C=C1,0.0024913525965530427
S(=O)(=O)(N(C)C)N(C1=CC=C(C=C1)F)CC(=O)NCC1=CC=C(C=C1)SC,0.0046089208335615695
CCCC1=CC=C(C2(C(=O)N(CC(NC(C(C)C)(C#N)C)=O)C(=O)N2)C)C=C1,0.002013230265288257
N1(CCN2CCCCC2)[C@H]2CN(C[C@H]2OC1=O)CC1C=CC=CC=1OC(F)F,0.0057673020986840125
CCCC1=CC=C(C2(C(=O)N(CC(C3=CC=C(NC(CC(C)C)=O)C=C3)=O)C(=O)N2)C)C=C1,0.004535626794677228
CCCC1=CC=C(C2(C(=O)N(CC(NC(NCC3OC=CC=3)=O)=O)C(=O)N2)C)C=C1,0.002793753007426858
S(=O)(=O)(CCNC(=O)C1C=NC(=NC=1)SC)N(C)C,0.004962472687475383
CCCC1=CC=C(C2(C(=O)N(C(C(NC3=CC=C(N4CCOCC4)C=C3)=O)C)C(=O)N2)C)C=C1,0.002532889402937144
C1(CCCN(CC2C=NC(=NC=2)SC)C1)(CCOC1C=CC=CC=1)C(OCC)=O,0.009407661692239343
CCCC1=CC=C(C2(C(=O)N(CC(N3CCN(S(C4=CC=CC=C4)(=O)=O)CC3)=O)C(=O)N2)C)C=C1,0.0018668069213163107
S(=O)(=O)(N(C)C)N(C1=CC=C(C=C1)F)CC(=O)NCC1=CC=CC(Br)=C1,0.006015837122686207
S(=O)(=O)(N(C)C)N(C1=CC=C(C=C1)F)CC(=O)NCC1C=CC(=CC=1)OC(C)C,0.0064208510797470805
CCCNC(NC(CN1C(=O)C(C2=CC=C(CCC)C=C2)(C)NC1=O)=O)=O,0.0025291277153883128
N1C(CC)=C(C2C=C(F)C=C(CNC(=O)CC3CN(C)CCN3C)C1=2)C,0.004383998643606901
N1(CC2C=CC=CC=2)C2=CC=CC=C2C=C1CN1CCC(CC1)C(=O)N(C)CC1C=CC=CC=1,0.010646996786817908
CCCC1=CC=C(C2(C(=O)N(C(C(C3=C(C)C(C(OCC)=O)=C(C)N3)=O)C)C(=O)N2)C)C=C1,0.0032857945538125933
C(=O)(C1CCOC1)N1CCC(CC1)(CO)CC1C=CC=C(C=1)C(F)(F)F,0.003418356378097087
N1(CC2=CC=CC=C2)C2=CC=CC=C2C=C1CN1CCC(CC1)C(=O)N1CCCCCC1,0.013015996338799596
CCCC1=CC=C(C2(C(=O)N(C(C(N3CCCC3)=O)C)C(=O)N2)C)C=C1,0.002973173907957971
CCCC1=CC=C(C2(C(=O)N(CC3=NC(NC4=C(C)C=CC=C4)=NC(N)=N3)C(=O)N2)C)C=C1,0.0021716810239013284
N1=NC(=CN1C1CCN(CC1)C1C=C(C)C=CN=1)CO[C@H]1C[C@H]2CC[C@H](N2)C1,0.0065081194043159485
N1(CC2C=CC=CC=2)C2=CC=CC=C2C=C1CN1CCC(CC1)C(=O)N1CCC(CC1)C,0.012890131212770939
CCCC1=CC=C(C2(C(=O)N(CC(NC3=CC=C(C(N(C)C)=O)C=C3)=O)C(=O)N2)C)C=C1,0.002608301641885191
N1(CC2=CC=CC=C2)C2=CC=CC=C2C=C1CN1CCC(CC1)C(=O)N1CCN(CC1)C1CCCCC1,0.010962435510009527
CCCC1=CC=C(C2(C(=O)N(CC(NC3=CC=C(C(N(CC)CC)=O)C=C3)=O)C(=O)N2)C)C=C1,0.002904282766394317
N1(CC2=CC=CC=C2)C2=CC=CC=C2C=C1CN1CCC(CC1)C(=O)N1CCN(CC1)C,0.010639759851619602
CCCC1=CC=C(C2(C(=O)N(CC(NC(C3=CC(Cl)=C(Cl)C=C3)C)=O)C(=O)N2)C)C=C1,0.0026964834949467333
N1(CC2C=CC=CC=2)C2=CC=CC=C2C=C1CN1CCC(CC1)C(=O)N1CCOCC1,0.009625260578468442
CCCC1=CC=C(C2(C(=O)N(CC(NC3=C(C(C)=O)C=C4C(OCO4)=C3)=O)C(=O)N2)C)C=C1,0.004059393028728664
CCCC1=CC=C(C2(C(=O)N(CC(NC(C3=CC4=C(OCCO4)C=C3)C)=O)C(=O)N2)C)C=C1,0.002916530321817845
CCCC1=CC=C(C2(C(=O)N(CC(C3=C(OC)C=CC(F)=C3)=O)C(=O)N2)C)C=C1,0.004611248872242868
CCCC1=CC=C(C2(C(=O)N(CC(N(CC3=CC(F)=C(OC)C=C3)C)=O)C(=O)N2)C)C=C1,0.003421709546819329
CCCC1=CC=C(C2(C(=O)N(CC(C3=CC=C(NC(C(C)C)=O)C=C3)=O)C(=O)N2)C)C=C1,0.004488887486513704
N1(CC2=CC=CC=C2)C2=CC=CC=C2C=C1CN1CCC(CC1)C(=O)N1CCCCC1,0.012680419767275453
CCCC1=CC=C(C2(C(=O)N(CC(C3=CC4=C(N(S(CC)(=O)=O)CC4)C=C3)=O)C(=O)N2)C)C=C1,0.0031918093794956804
CCCC1=CC=C(C2(C(=O)N(CC(NC(C3=C(OC)C=CC=C3)C)=O)C(=O)N2)C)C=C1,0.0031656713457778097
N1(CC2=CC=CC=C2)C2=CC=CC=C2C=C1CN1CCC(CC1)C(=O)NCC1=CC=CC(Cl)=C1,0.00775662565138191
N1(CC2=CC=CC=C2)C2=CC=CC=C2C=C1CN1CCC(CC1)C(=O)NCC1C=CC=NC=1,0.008322677994146942
N1(CC2=CC=CC=C2)C2=CC=CC=C2C=C1CN1CCC(CC1)C(=O)NCC1=CC=CC=C1,0.00898243475239724
CCN(C(CSC1N(C2=CC(C)=CC(C)=C2)C(C2=CC=CC=C2)=CN=1)=O)C1CS(=O)(=O)CC1,0.006006925157271326
N1(CC2=CC=CC=C2)C2=CC=CC=C2C=C1CN1CCC(CC1)C(=O)NCC1=CC=C(C=C1)Cl,0.007761319191195071
N1(CC(C1)C1=CC=CN=C1)C1=NC=NC2NC=CC1=2,0.0040238576824776825
N1(CC2C=CC=CC=2)C2=CC=CC=C2C=C1CN1CCC(CC1)C(NCCC1C=CC(=CC=1)Cl)=O,0.007847246341407299
N1(C2=CC=CC(=C2)CN2CCCC(C2)CCC(=O)N2CCOCC2)C(C)=CC(C)=N1,0.00883884544018656
N1(CC2C=CC=CC=2)C2=CC=CC=C2C=C1CN1CCC(CC1)C(=O)NC1CCCCCC1,0.011145160254091024
C(=O)(N1CCCC1C(=O)NC1C=CC=C(C=1)N1C=CC=N1)C1C(C)=NOC=1C,0.005624893330968916
N1(CC2C=CC=CC=2)C2=CC=CC=C2C=C1CN1CCC(CC1)C(NCCN(C)C)=O,0.009408362535759806
C1(C=CC(=CC=1Cl)F)C1=CC=C(N=N1)NCCO,0.002149221103172749
N1(CC2=CC=CC=C2)C2=CC=CC=C2C=C1CN1CCC(CC1)C(=O)NCC1=CC=CO1,0.009638433065265416
N1(CC(C)C)C=NC=C1CNC(=O)CCN1CCCCO1,0.0014939856046112254
ClC1=CC(N2C(C3=CC=CC=C3)=CN=C2SCC#N)=CC=C1,0.003975986069872306
C1(=COC(COC2=CC=CC(OC)=C2)=N1)C(=O)N1CCCCO1,0.001419358587008901
NC(C1CCN(C(CSC2N(C3=CC(Cl)=CC=C3)C(C3=CC=CC=C3)=CN=2)=O)CC1)=O,0.0045744520029984415
N1(C=NN=C1)C1C=CC=C(C=1)C(=O)N(C)CC1CCCCO1,0.008117037313058972
NC(NC(CSC1N(C2=CC(Cl)=CC=C2)C(C2=CC=CC=C2)=CN=1)=O)=O,0.001185738921049051
C1(=CC(C2=CN=CN=C2)=NC2=CC(C)=CC=C21)C(=O)N(C)CC1C(C)=NON=1,0.008210606384091079
COC(C1=CC(N(=O)=O)=C(OCC(NC2=CC(C(C)=O)=CC=C2)=O)C=C1)=O,0.009265298396348954
N1(CC2=CC=CC=C2)C2=CC=CC=C2C=C1CN1CCC(CC1)C(=O)NCC1=CC=C(C=C1)OC,0.00825559429358691
C(=O)(N1CCC(CC1)N1CCCC(C1)C(=O)NC1CC1)C1C=CC=CC=1F,0.008255858207121491
N1(CC2=CC=CC=C2)C2=CC=CC=C2C=C1CN1CCC(CC1)C(=O)NCC1=CC=C(C=C1)C,0.009995689289644361
C(=O)(C1CCCC=1)N(CCOC)CC1CCN(CC1)CC1=CC=CC=C1OC,0.013350626453757286
COC(C1=CC(N(=O)=O)=C(OCC(N2C3=C(C=CC=C3)CCC2)=O)C=C1)=O,0.008271403377875686
C12CN(CCC=1ON=C2C1=CC=C(C=C1)C(F)(F)F)CC1=NOC(COC)=N1,0.006826458172872663
N1(CC2C=CC=CC=2)C2=CC=CC=C2C=C1CN1CCC(CC1)C(NCCCC1C=CC=CC=1)=O,0.008421322982758283
C1(C2=CC=C(C=C2)Cl)=CC=C(CN2CCC3(CC2)NCCNC3=O)O1,0.005283624725416302
N1(CC2=CC=CC=C2)C2=CC=CC=C2C=C1CN1CCC(CC1)C(=O)NCC1C=CC2=C(OCO2)C=1,0.008136459765955806
C1(C(=O)N(CC)CCOC2C=CC=CC=2)ON=C2C=CC=CC=12,0.008890642551705241
N1(CC2C=CC=CC=2)C2=CC=CC=C2C=C1CN1CCC(CC1)C(=O)NC(C)C,0.009324257774278522
N1(CC2C=CC=CC=2)C2=CC=CC=C2C=C1CN1CCC(CC1)C(NCCC)=O,0.010018697613850236
N1(CC2C=CC=CC=2)C2=CC=CC=C2C=C1CN1CCC(CC1)C(=O)NC(C)C1=CC=CC=C1,0.0095730550121516
N1(CC2C=CC=CC=2)C2=CC=CC=C2C=C1CN1CCC(CC1)C(=O)NC1CC1,0.01002745726145804
N1=NC(=CN1[C@@H]1CN[C@H](C(NC)=O)C1)CNC(=O)NC1C=CC(=CC=1)Cl,0.0032200105371885
N1(CC2=CC=CC=C2)C2=CC=CC=C2C=C1CN1CCC(CC1)C(=O)NCC1C=CC=C(C)C=1,0.009433380514383315
N1(CC2C=CC=CC=2)C2=CC=CC=C2C=C1CN1CCC(CC1)C(NCCC1C=CC=CC=1)=O,0.009015536261722445
COC(C1=CC(N(=O)=O)=C(OCC(NCC2OC=CC=2)=O)C=C1)=O,0.006308176903985441
N1(CC2C=CC=CC=2)C2=CC=CC=C2C=C1CN1CCC(CC1)C(NCCCN1CCCC1=O)=O,0.007663433975540102
C1(CCCN(CC2=CC=C(C=C2)F)C1=O)(O)CN1CCC(CC1)C(C)C,0.009797306591644883
N1(CC2=CC=CC=C2)C2=CC=CC=C2C=C1CN1CCC(CC1)C(=O)NCC1=CC=CC=C1OC,0.00819693524390459
C(=O)(N1CCC(CC1)(O)C1=CC=C(C=N1)C)C1=CC=CC=C1NC(C(C)C)=O,0.007960430975072087
N1(CC2=CC=CC=C2)C2=CC=CC=C2C=C1CN1CCC(CC1)C(=O)NCC1C=CC=C(OC)C=1,0.008216252853162586
C1(C2C=CC(=CC=2)C)N=C(NCCN2CCCC2)N=CC=1C1=CC=NC=C1,0.007618077122606337
N1(CC2=CC=CC=C2)C2=CC=CC=C2C=C1CN1CCC(CC1)C(=O)NCC1=CC=C(C=C1)F,0.007733630784787238
COC(C1=CC(N(=O)=O)=C(OCC(NC2=CC=C(N3CCOCC3)C=C2)=O)C=C1)=O,0.00560212698765099
C1(CNC2CCC3(CC2)CCNCC3)(CN2C=CN=C2)CC1,0.011363740684464574
N1(CC2=CC=CC=C2)C2=CC=CC=C2C=C1CN1CCC(CC1)C(=O)NC1CCCC2C=CC=CC1=2,0.010968293389305472
N1(CC[C@H]([C@@H](OC)C1)N)C(=O)C1C=CN=C(CCC)C=1,0.008221382624469697
N1(CC2=CC=CC=C2)C2=CC=CC=C2C=C1CN1CCC(CC1)C(=O)NCC(C)C1C=CC=CC=1,0.009218140132725238
N1(CC2C=CC=CC=2)C2=CC=CC=C2C=C1CN1CCC(CC1)C(NCCC1C2C=CC=CC=2NC=1)=O,0.0059563347836956385
N1(CC2=CC=CC=C2)C2=CC=CC=C2C=C1CN1CCC(CC1)C(=O)NCC1=CC=CS1,0.007757582422345877
N1(CC2C=CC=CC=2)C2=CC=CC=C2C=C1CN1CCC(CC1)C(NCCCOCC)=O,0.007932820683345198
COC(C1=CC(N(=O)=O)=C(OCC(NCC2OCCC2)=O)C=C1)=O,0.006726326397620141
N1(CC2=CC=CC=C2)C2=CC=CC=C2C=C1CN1CCC(CC1)C(NCCC1CCCCC=1)=O,0.011758217960596085
N1(CC2=CC=CC=C2)C2=CC=CC=C2C=C1CN1CCC(CC1)C(NCCCOC)=O,0.00806681199464947
COC(C1=CC(N(=O)=O)=C(OCC(NC2=NOC(C)=C2)=O)C=C1)=O,0.005930723249912262
N1(CCN(CC1CCO)CC1=CC=CC2C=CC=NC1=2)CC1=CC=C(C(C)=C1)OC,0.005677221878431738
N1(CC2C=CC=CC=2)C2=CC=CC=C2C=C1CN1CCC(CC1)C(=O)NC1CCCCC1,0.01084253154695034
N1(CC2C=CC=CC=2)C2=CC=CC=C2C=C1CN1CCC(CC1)C(NCC)=O,0.008985896152444184
COC(C1=CC(N(=O)=O)=C(OCC(C2=C(OC)C=C(OC)C=C2)=O)C=C1)=O,0.011532367253676058
S1C(C)=NN=C1SCC(=O)N(CCCC)CC1SC=CC=1C,0.01148448302410543
COC(C1=CC(N(=O)=O)=C(OCC(NC2=CC(Cl)=C(C#N)C=C2)=O)C=C1)=O,0.0042546914191916585
N1(CC2=CC=CC=C2)C2=CC=CC=C2C=C1CN1CCC(CC1)C(NCCCN1CCN(CC1)C)=O,0.008054377743974328
N1(CCN(CC1CCO)CC1C=NC(=NC=1)SC)CCC1=CC=CC=C1,0.005818891106173396
N1(CC2=CC=CC=C2)C2=CC=CC=C2C=C1CN1CCC(CC1)C(NCCCN1CCCCC1)=O,0.00952648944221437
CCN1C(C2=CC=C(C3=CC=CC=C3)C=C2)=CN=C1SCC(NC1CS(=O)(=O)CC1)=O,0.005443028174340725
N1(CCCC(C1)NC1C=CC=C(F)C=1)C(=O)C1=CC=CC(=C1)C#C,0.003770425263792276
N1(CC2=CC=CC=C2)C2=CC=CC=C2C=C1CN1CCC(CC1)C(NCCCN1CCCCCC1)=O,0.009696737537160516
COC(C1=CC(N(=O)=O)=C(OCC(N2CCN(C3=CC=C(OC)C=C3)CC2)=O)C=C1)=O,0.006178452167659998
C12CN(CCOC1=C(C=C(C1C=CC=C(Cl)C=1)C=2)O)CC1=CNC=N1,0.0022790846647694706
CCOC1=C(OC)C=C(C2SC=C(COC3=C(N(=O)=O)C=C(C(OC)=O)C=C3)N=2)C=C1,0.006054592272266746
C1(=NC=CC(C2N=CC=C(C=2)C(O)=O)=N1)N(C)CC1C=CC=C(F)C=1,0.003991668508388102
N1(CC2=CC=CC=C2)C2=CC=CC=C2C=C1CN1CCC(CC1)C(NCCCN1CCCCC1C)=O,0.009327200474217534
N1OC=CC=1CN(C)CC1=CC=C(C(OCC(O)CN(C)C(C)C)=C1)OC,0.007847943739034236
N1(CC2=CC=CC=C2)C2=CC=CC=C2C=C1CN1CCC(CC1)C(NCCCN1CCCC1)=O,0.0093888433650136
C1(=O)N(C2CCCCC2)C2C(=CC(=CC=2)C(O)=O)N1CC1=NN=C(C2CC2)O1,0.0052051460836082695
N1(CC2C=CC=CC=2)C2=CC=CC=C2C=C1CN1CCC(CC1)C(NCCN1CCCCCC1)=O,0.010727383941411973
COC(C1=CC(N(=O)=O)=C(OCC(NC2N(C3CCCC3)N=CC=2)=O)C=C1)=O,0.00698383052367717
N1(CC2=CC=CC=C2)C2=CC=CC=C2C=C1CN1CCC(CC1)C(=O)NCC1C=CC=CC=1F,0.007506596227176488
COC(C1=CC(N(=O)=O)=C(OCC(NC2=C(C)N(C3=CC=C(C)C=C3)N=C2C)=O)C=C1)=O,0.006299167522229254
N1(CC2C=CC=CC=2)C2=CC=CC=C2C=C1CN1CCC(CC1)C(=O)NCC1=CC=CC=C1OCC,0.008203196967951954
COC(C1=CC(N(=O)=O)=C(OCC2=C(Cl)C(C)=C3C(C=CC=C3)=N2)C=C1)=O,0.006177764292806387
C1(CN(CC)C(=O)C(C)OC2=CC(C)=CC=C2C)OC(=NN=1)CC,0.011151514621451497
CCN1C(C2=CC=C(C3=CC=CC=C3)C=C2)=CN=C1SC1C(=O)OCC1,0.00791993592865765
C1(COC2C(=CC=CC=2)O1)C(NCCC1C=NC=CN=1)=O,0.006885184301063418
CCN1C(C2=CC=C(C3=CC=CC=C3)C=C2)=CN=C1SCC(NC1=CC=C(C(N)=O)C=C1)=O,0.005638773273676634
C1(C=C(NN=1)CN1C2C=CC=CC=2C=C1)C(=O)N(C)CC1=NC=CN1C,0.003946907084900886
N1(CC2C=CC=CC=2)C2=CC=CC=C2C=C1CN1CCC(CC1)C(NCCN1CCN(CC1)C)=O,0.008922132500447332
N1(CC2C=CC=CC=2)C2=CC=CC=C2C=C1CN1CCC(CC1)C(NCCN(C)C1CCCCC1)=O,0.01079688835889101
N12CCCC[C@]1([H])[C@@](CCC2)(CNCC1=CC=C(C=C1OC)OC)O,0.010511788399890065
N1(CC2C=CC=CC=2)C2=CC=CC=C2C=C1CN1CCC(CC1)C(=O)NCC1=CC=C(C=C1)SC,0.007891173521056772
CCN1C(C2=CC=C(C3=CC=CC=C3)C=C2)=CN=C1SCC(NC(N)=O)=O,0.0017629235750064253
N1(CC2C=CC=CC=2)C2=CC=CC=C2C=C1CN1CCC(CC1)C(=O)NCC1C=CC(=CC=1OC)OC,0.007589624589309096
CCN1C(C2=CC=C(C3=CC=CC=C3)C=C2)=CN=C1SCC(NC1=C(C)NN=C1C)=O,0.00470887596020475
N1(CC2=CC=CC=C2)C2=CC=CC=C2C=C1CN1CCC(CC1)C(=O)NCC1C=CC=C(OC)C=1OC,0.008113988651894033
COC1=CC(N2C(C3=CC=CC=C3)=CN=C2SCC#N)=CC=C1,0.005141706897211407
N1(CC2C=CC=CC=2)C2=CC=CC=C2C=C1CN1CCC(CC1)C(=O)NCC1=CC(OC)=CC=C1OC,0.007627918245270848
COC1=CC(N2C(C3=CC=CC=C3)=CN=C2SC2C(=O)OCC2)=CC=C1,0.0057389294961467385
C1(=NOC(C)=N1)C1=C(C)N=CC2CN(C(=O)C3ON=C(C(C)C)C=3)CCC1=2,0.009806844219565392
N1(CC2C=CC=CC=2)C2=CC=CC=C2C=C1CN1CCC(CC1)C(=O)NCC1C=CC(=CC=1)OCC,0.008284562570042907
CCOC(C1CCN(C(CSC2N(C3=CC(OC)=CC=C3)C(C3=CC=CC=C3)=CN=2)=O)CC1)=O,0.0056279279524460435
N1(CC2=CC=CC=C2)C2=CC=CC=C2C=C1CN1CCC(CC1)C(=O)NCC1=CC=C(C=C1)N(C)C,0.00801203812006861
COC1=CC(N2C(C3=CC=CC=C3)=CN=C2SCC(NC2CC2)=O)=CC=C1,0.006320382631383836
N1(CC2C=CC=CC=2)C2=CC=CC=C2C=C1CN1CCC(CC1)C(NCCC1=CC=CO1)=O,0.009446219727396964
N1N(C)C=CC=1NC(=O)CN1CCOC(C1)CC1=CC=CC2=CC=CC=C12,0.006797342351637781
COC1=CC(N2C(C3=CC=CC=C3)=CN=C2SCC(NC2=CC=C(S(N)(=O)=O)C=C2)=O)=CC=C1,0.00400810765568167
N1(CC2=CC=CC=C2)C2=CC=CC=C2C=C1CN1CCC(CC1)C(=O)NCC1=CC=CC=C1C,0.009389946004375815
COCCN(C(CSC1N(C2=CC(OC)=CC=C2)C(C2=CC=CC=C2)=CN=1)=O)CCOC,0.0073759066173806785
N1(CC2C=CC=CC=2)C2=CC=CC=C2C=C1CN1CCC(CC1)C(=O)NCC1C=CC(=CC=1)OC(C)C,0.008516897866502404
CCCN1C2=C(C=C(S(N(C)C)(=O)=O)C=C2)N=C1COC(C1CCN(C(C(C)(C)C)=O)CC1)=O,0.004547657596413046
N1(CC2C=CC=CC=2)C2=CC=CC=C2C=C1CN1CCC(CC1)C(=O)NCC1=CC=C(C=C1)OCCC,0.008624300779774784
N1(CC2=CC=CC=C2)C2=CC=CC=C2C=C1CN1CCC(CC1)C(=O)NCC1=CC=CC(F)=C1,0.007324688276275993
C1(C(=O)N(C)CC2NN=C3CCCC=23)=CC2=C(C=CS2)N1,0.00579023661557585
N1(CC2C=CC(=CC=2)Cl)C2=CC=CC=C2C=C1CN1CCC(CC1)C(=O)N(C)CC1C=CC=CC=1,0.009198055067099632
C1(CN2CCC=CC2)=CC2=CC3OCOC=3C=C2NC1=O,0.005969533277675509
CCC1C(C(OCC2NC(=O)C3=C(SC4=C3CCCC4)N=2)=O)=C(C)ON=1,0.005505526927299798
CCC1C(C(OCC2NC(=O)C3=C(SC=C3C3=CC=CC=C3)N=2)=O)=C(C)ON=1,0.004191262915264815
N1(CC2C=CC(=CC=2)Cl)C2=CC=CC=C2C=C1CN1CCC(CC1)C(=O)N1CCC(CC1)C,0.010748374834656715
N1(CC2=CC=C(C=C2)Cl)C2=CC=CC=C2C=C1CN1CCC(CC1)C(=O)N1CCC2C(=CC=CC=2)C1,0.00953959976322949
S(=O)(=O)(N1CCC2(CC1)CNC(=O)C2)C1=C(OC)C=CC(Cl)=C1,0.0048072175588458775
N1(CC2C=CC(=CC=2)Cl)C2=CC=CC=C2C=C1CN1CCC(CC1)C(=O)N(C)CCCC,0.010527506237849593
CN(C1=CC=CC=C1)C(CN1C(=O)C(C2=C(F)C=CC(F)=C2)(C)NC1=O)=O,0.001891100814100355
N1(CC2C=CC(=CC=2)Cl)C2=CC=CC=C2C=C1CN1CCC(CC1)C(=O)N1CCCCC1,0.010629760008305312
C12SC=CN1C=C(CC(=O)N1CCCC(CN3C=C(N=N3)CN)C1)N=2,0.005307614430785179
COC1=CC(N2C(C3=CC=CC=C3)=CN=C2SCC(N(CCC#N)CCC#N)=O)=CC=C1,0.004756570391251103
C1(CN(C)C(=O)C2=CC=CC(=C2)CN2C=CC=N2)=NN=CN1C(C)C,0.009130736161023379
COC1=CC(N2C(C3=CC=CC=C3)=CN=C2SCC(NC2=NOC(C)=C2)=O)=CC=C1,0.005347983166575432
C1(CC(=O)NC2CN(C(=O)C2)CC2CCCCC2)C(C)=NOC=1C,0.012001065537333488
COC1=CC(N2C(C3=CC=CC=C3)=CN=C2SCC(NC2=C(C(N)=O)C=CS2)=O)=CC=C1,0.00426586284302175
C1(=CC=CC2=C1N=CC=N2)CN1CCCC(C1)CCC(=O)N(C)CCC1C=CC=CN=1,0.010016698390245438
CCCN(C(CSC1N(C2=CC(OC)=CC=C2)C(C2=CC=CC=C2)=CN=1)=O)C1CS(=O)(=O)CC1,0.005492707691155374
N1(CC2=CC=C(C=C2)Cl)C2=CC=CC=C2C=C1CN1CCC(CC1)C(=O)NCC1=CC=CC=C1,0.007772960956208408
C1(C2=CC=CC(CN(C)CC3C=CC=C(C=3)N3C=CC=N3)=C2)=NC(C)=CC(=O)N1,0.005327827273868024
N1(CC2C=CC(=CC=2)Cl)C2=CC=CC=C2C=C1CN1CCC(CC1)C(=O)NC(C)CC,0.0086992820026353
CCN(C(CSC1N(C2=CC(OC)=CC=C2)C(C2=CC=CC=C2)=CN=1)=O)C1CS(=O)(=O)CC1,0.00541050077881664
C1(C(=O)N2CCN(CC2)C(C2=CC=CC=C2)=O)=CC2=C(C=CS2)N1,0.004054008971434086
COC1=CC(N2C(C3=CC=CC=C3)=CN=C2SC(C#N)C)=CC=C1,0.005771423663372843
N1(CC2=CC=C(C=C2)Cl)C2=CC=CC=C2C=C1CN1CCC(CC1)C(=O)NC1CCCCCC1,0.009192533348686993
CCN1C2=C(C=C(S(N(C)C)(=O)=O)C=C2)N=C1COC(C1N(C2=CC=C(F)C=C2)C=NC=1)=O,0.004126526007894427
N1(CC2=CC=C(C=C2)Cl)C2=CC=CC=C2C=C1CN1CCC(CC1)C(=O)NC1CCCCCCC1,0.009253490157425404
FC1=CC=C(N2C(C(OCC(NCCOC3=CC=CC=C3)=O)=O)=CN=C2)C=C1,0.004182830988429487
N1(CC2=CC=C(C=C2)Cl)C2=CC=CC=C2C=C1CN1CCC(CC1)C(=O)NC1CCCC1,0.008861746708862483
C1(CN2CC(C2)N2CCOCC2)=CC2=CC(OCC)=CC=C2NC1=O,0.0053506232099607585
N1(CC2C=CC(=CC=2)Cl)C2=CC=CC=C2C=C1CN1CCC(CC1)C(=O)NCC1=CC=CO1,0.008276870637200773
C1(OC(=C(CN2CCNCC2C)N=1)C)C1=CC(OC)=CC=C1F,0.0039020531577989457
N1(CC2=CC=C(C=C2)Cl)C2=CC=CC=C2C=C1CN1CCC(CC1)C(=O)NCC1=CC=C(C=C1)C,0.008241271157748998
N1(CC2C=CC(=CC=2)Cl)C2=CC=CC=C2C=C1CN1CCC(CC1)C(NCCC)=O,0.008447420643642544
C12CCN(CC=1N=C(C)NC2=O)C(COCC1NC2C(=CC(=CC=2)F)N=1)=O,0.0026985514850821346
N1(C2=CC=CC(=C2)CN2CCCC(CCOC)(C(OCC)=O)C2)C(C)=CC(C)=N1,0.010562950442545117
N1(CC2C=CC(=CC=2)Cl)C2=CC=CC=C2C=C1CN1CCC(CC1)C(=O)NC(C)C1=CC=CC=C1,0.008238585432991385
N1(C2C=CC=C(F)C=2)N=CC(C(C)NCC2=CN=C(N=C2)C2=CC=C(C=C2)Cl)=C1C,0.006861218041740358
N1(CC2=CC=C(C=C2)Cl)C2=CC=CC=C2C=C1CN1CCC(CC1)C(=O)NC1CC1,0.008391286898404359
C(=O)(C1C=NC(=NC=1)NCC)N1CCC(CC1)N1CCCC(C1)C(=O)NC1CC1,0.007175235031172633
N1(CC2C=CC(=CC=2)Cl)C2=CC=CC=C2C=C1CN1CCC(CC1)C(=O)NC1C=CC(=C(C)C=1)C,0.007898958399891853
CCS(N1C2=C(C=C(C(COC(C3N(C4=CC=C(F)C=C4)C=NC=3)=O)=O)C=C2)CC1)(=O)=O,0.0061323056695982816
C1(CC2C(=CC=CC=2)C1)N(C)C(C)CC(NC)=O,0.013834051322191954
N1(CC2=CC=C(C=C2)Cl)C2=CC=CC=C2C=C1CN1CCC(CC1)C(=O)NCC1C=CC=C(C)C=1,0.008119655400514602
C12C(C)=CC=CN1C(=CN=2)CNC(CCC(=O)NC1CCCC1)=O,0.005978584010154009
S1C(C)=CC=C1CN(CC1=CC=NC=C1)CC1C=NC(=NC=1)COC,0.01008966937661171
N1(CC2C=CC(=CC=2)Cl)C2=CC=CC=C2C=C1CN1CCC(CC1)C(NCCC1C=CC=CC=1)=O,0.007800796278752386
C1(C(=O)N2CCC(CC2)(O)C2=CC=C(C=N2)C)=CC(=O)C2=C(C=CC=C2)N1,0.005258998810313642
CCOC(C1=C(COC(C2CCN(C(C(C)(C)C)=O)CC2)=O)C2=C(C=CC=C2)O1)=O,0.009447250678204
N1(CC2=CC=C(C=C2)Cl)C2=CC=CC=C2C=C1CN1CCC(CC1)C(NCCN1CCCCC1)=O,0.008731438196264207
N1(CC)C(C2CCN(CC2)C(=O)C2C=C(ON=2)C2C=CC=CC=2)=NN(C)C1=O,0.006721752090379595
C1(=NC=C(CN(C)CC2=CC(=NO2)C)N1CCOC)S(C1CCCCCC1)(=O)=O,0.008691824483685195
N1(CC2C=CC(=CC=2)Cl)C2=CC=CC=C2C=C1CN1CCC(CC1)C(=O)NCC1=CC=C(C=C1)F,0.006568102794699371
C1(NC=NC=1C)C(=O)N1CCOC(C2C=CC(=CC=2)Cl)C1,0.003018024761695415
N1(CC2C=CC(=CC=2)Cl)C2=CC=CC=C2C=C1CN1CCC(CC1)C(=O)NCC1CCCN1CC,0.00872173027601093
CN1C2N(C(=NN=2)COC(C2CCN(C(C(C)(C)C)=O)CC2)=O)C2=C(C=CC=C2)C1=O,0.00798122170381248
N1(CC2C=CC(=CC=2)Cl)C2=CC=CC=C2C=C1CN1CCC(CC1)C(NCCCOCC)=O,0.0068391530308872465
N1(CC2C=CC(=CC=2)Cl)C2=CC=CC=C2C=C1CN1CCC(CC1)C(NCCC1CCCCC=1)=O,0.009568857774138451
N1(CC2C=CC(=CC=2)Cl)C2=CC=CC=C2C=C1CN1CCC(CC1)C(NCCCOC)=O,0.006638453691266477
N1(C[C@@H](C)O[C@@H](C)C1)C1=CC=C(C=N1)C(NCCCC1=CC=C(C=C1)OC)=O,0.006138597009703517
N1(CC2C=CC(=CC=2)Cl)C2=CC=CC=C2C=C1CN1CCC(CC1)C(NCCCOC(C)C)=O,0.006931198434904218
CCC1C(C(OCC(N(C2C(=O)NC(=O)N(CC3=CC=CC=C3)C=2N)C)=O)=O)=C(C)ON=1,0.0044696102384477856
N1(CC2C=CC(=CC=2)Cl)C2=CC=CC=C2C=C1CN1CCC(CC1)C(=O)NCC1=CC=C(C)O1,0.00853589540347457
CCC1C(C(OCC2NC(=O)C3=C(SC(=C3C)C(NC3=C(C)C=C(C)C=C3)=O)N=2)=O)=C(C)ON=1,0.004205716913565994
N1(CC2C=CC(=CC=2)Cl)C2=CC=CC=C2C=C1CN1CCC(CC1)C(NCCN1CCOCC1)=O,0.0071973293786868455
N1(CC2=CC=C(C=C2)Cl)C2=CC=CC=C2C=C1CN1CCC(CC1)C(=O)NC1CCCCC1,0.008969460660591722
CCC1C(C(OCC2N(CC)C3=C(C=C(S(N(C)C)(=O)=O)C=C3)N=2)=O)=C(C)ON=1,0.004837682796642184
N1(CC2C=CC(=CC=2)Cl)C2=CC=CC=C2C=C1CN1CCC(CC1)C(NCC)=O,0.007892829808406531
CCC1C(C(OCC2N3C(N(C(C4=C3C=CC=C4)=O)C)=NN=2)=O)=C(C)ON=1,0.008009259216487407
N1(CC2C=CC(=CC=2)Cl)C2=CC=CC=C2C=C1CN1CCC(CC1)C(NC)=O,0.00760594722814858
CC1(C2=C(F)C=CC(F)=C2)C(=O)N(CC2=C(F)C=CC=C2)C(=O)N1,0.0017319499980658292
C1(C=NN(C)C=1)C1=C(C2=CC=CC=C2)N=CN1CC(N(C)C)C1SC=CC=1C,0.010979726910591125
N1(CC2=CC=C(C=C2)Cl)C2=CC=CC=C2C=C1CN1CCC(CC1)C(=O)NC(C)CC1=CC=CO1,0.00835529479663819
CC1(C2=C(F)C=CC(F)=C2)C(=O)N(CC#N)C(=O)N1,0.0009867198069562378
N1(CCC(CC1)O)CC(O)COC1=CC=C(C=C1OC)CNCC1=CC=CC=C1Cl,0.0038530721212737262
CC1(C2=C(F)C=CC(F)=C2)C(=O)N(CC2=CC=C(Cl)C=C2)C(=O)N1,0.0017564892827067525
C1(C(C)C)=NC=CN1CCCNC(=O)C1=CC=C(N=C1)N[C@H]1CCCC[C@@H]1O,0.0025080424500629308
CC1(C2=C(F)C=CC(F)=C2)C(=O)N(CC2=CC=CC=C2)C(=O)N1,0.0016504717234056443
C1(C(=O)NCC(F)(F)F)C=C(NN=1)COC1C=CC(=CC=1Cl)OC,0.0030384459212655203
CC1(C2=C(F)C=CC(F)=C2)C(=O)N(CC2=CC=C(F)C=C2)C(=O)N1,0.0017842445289716125
C1(C=C(ON=1)C1C=CC=CC=1)C(=O)N1CCCN(C)C2(CCN(CC2)C)C1,0.01134117180481553
CC1(C2=C(F)C=CC(F)=C2)C(=O)N(CC2=C(Cl)C=CC=C2F)C(=O)N1,0.0017794658313505351
N1(CCC(CC1)NC1CCCN(CC2=CC=CC=C2F)C1)C(C)=O,0.006490166927687824
CC1(C2=C(F)C=CC(F)=C2)C(=O)N(CC2=CC(Cl)=CC=C2)C(=O)N1,0.0017183263029437513
N1(CCCOC2C(=CC=CC=2C1)OC)C(=O)CCN1CCCCO1,0.0034181239549070596
N1(CC2C=CC(=CC=2)Cl)C2=CC=CC=C2C=C1CN1CCC(CC1)C(=O)NCC1C=CC=CC=1F,0.0063322038855403665
C1(N2CCOCC2)=NC(C)=CC(NCC2C=NN(CCC)C=2)=N1,0.006123401178047061
CC1(C2=C(F)C=CC(F)=C2)C(=O)N(CC2=C(Cl)C=CC=C2Cl)C(=O)N1,0.0017948771477676929
N1(CC2=CC=C(C=C2)Cl)C2=CC=CC=C2C=C1CN1CCC(CC1)C(NCCC1=CC=CS1)=O,0.006690499116666615
CC1(C2=C(F)C=CC(F)=C2)C(=O)N(CC(N2C3=C(C=CC=C3)CCC2)=O)C(=O)N1,0.002142255299258977
N1(CC2=CC=C(C=C2)Cl)C2=CC=CC=C2C=C1CN1CCC(CC1)C(NCCC1=CC=CO1)=O,0.008173409337177872
N1(CCC(N(C)C(C)=O)C1)C1CCC2(CC1)CCNCC2,0.015017767203971744
CC1(C2=C(F)C=CC(F)=C2)C(=O)N(CC(N2CCOCC2)=O)C(=O)N1,0.0015824831440113484
N1=C(SC)N=CC=C1N1CCCC(C1)CCC(=O)N(C)CCC1C=CC=CN=1,0.009155429434031248
CC1=C(NC(CN2C(=O)C(C3=C(F)C=CC(F)=C3)(C)NC2=O)=O)C=CC=C1,0.001732374622952193
N1(CC2=CC=C(C=C2)Cl)C2=CC=CC=C2C=C1CN1CCC(CC1)C(=O)NCC1=CC=CC(F)=C1,0.0065083925146609545
C1(N2C=NN=C2)=C(C)N(N=C1C)CCO,0.004569371114484966
CC1=CC(Cl)=C(NC(CN2C(=O)C(C3=C(F)C=CC(F)=C3)(C)NC2=O)=O)C=C1,0.001576440900680609
N1(CC(=O)N2CCOC(CCCC3C=CC=CC=3)C2)C(C)(C)C(NC1=O)=O,0.002768278995063156
CC1(C2=C(F)C=CC(F)=C2)C(=O)N(CC(NCC2CCCCC2)=O)C(=O)N1,0.002795348654035479
N1(CC2C=CC=C(Cl)C=2)C2=CC=CC=C2C=C1CN1CCC(CC1)C(=O)N(C)CC1C=CC=CC=1,0.009148798533715308
CC1C(C)C(NC(CN2C(=O)C(C3=C(F)C=CC(F)=C3)(C)NC2=O)=O)CCC1,0.003154176811221987
CCN(S(C1=CC=C(NC(CN2C(=O)C(C3=C(F)C=CC(F)=C3)(C)NC2=O)=O)C=C1)(=O)=O)CC,0.0015842899971175938
N1(CC2C=CC=C(Cl)C=2)C2=CC=CC=C2C=C1CN1CCC(CC1)C(=O)N1CCC(CC1)C,0.010680564166978001
N1(CCC(CCC1=O)NCC1(CCCC1)CO)CC1CC1,0.007503647776320577
CCC1N(C(CN2C(=O)C(C3=C(F)C=CC(F)=C3)(C)NC2=O)=O)CCCC1,0.0020252230984624474
N1=C(C)N=CC(CC)=C1C1=CC=C(C=C1)C1=CC=NN1,0.00526407688157633
CC1=CC(NC(CN2C(=O)C(C3=C(F)C=CC(F)=C3)(C)NC2=O)=O)=CC=C1,0.0015268504968844355
C1(C[C@H](N)C(=O)N2CCC(CC2)(CO)O)C2C=CC=CC=2NC=1,0.0027351172117050736
COC1=C(NC(CN2C(=O)C(C3=C(F)C=CC(F)=C3)(C)NC2=O)=O)C=C(C)C(Cl)=C1,0.0019142189994454384
N1(CC2C=CC=C(Cl)C=2)C2=CC=CC=C2C=C1CN1CCC(CC1)C(=O)N1CCCC1,0.010316697740927338
CC1=C(Cl)C=C(NC(CN2C(=O)C(C3=C(F)C=CC(F)=C3)(C)NC2=O)=O)C=C1,0.0016226427513174712
N1(CCCC(CNC(=O)C2C=CC3=C(OCO3)C=2)C1)C(NCCC1C=CC=CC=1)=O,0.004815287655219436
CC1(C2=C(F)C=CC(F)=C2)C(=O)N(CC(NC2=C(F)C=CC=C2F)=O)C(=O)N1,0.0017438453098293394
N1=C(CC(C)C)ON=C1CN(CC)C(=O)CCN1CCCCO1,0.003344877948984504
CC1(C2=C(F)C=CC(F)=C2)C(=O)N(CC(NC2=CC(C#N)=CC=C2)=O)C(=O)N1,0.001169383162050508
N1(CC2C=CC=C(Cl)C=2)C2=CC=CC=C2C=C1CN1CCC(CC1)C(=O)N1CCC2C(=CC=CC=2)C1,0.009488027915358544
CC1(C2=C(F)C=CC(F)=C2)C(=O)N(CC(NC2=CC3=C(OCO3)C=C2)=O)C(=O)N1,0.0019097009149845689
CC1(C2=C(F)C=CC(F)=C2)C(=O)N(CC(NC2=CC=C(Cl)C=C2)=O)C(=O)N1,0.0014381320273969323
N1(CC2C=CC=C(Cl)C=2)C2=CC=CC=C2C=C1CN1CCC(CC1)C(=O)N(C)CCCC,0.010389433754608036
N1(CCCC1C(=O)N(C)CCCOC1=CC=CC=C1CC)C(N)=O,0.005546654458157718
CC1(C2=C(F)C=CC(F)=C2)C(=O)N(CC(NC2CC2)=O)C(=O)N1,0.0017185155476909131
N1=C(SCC(=O)NCC2=CC=C(C)O2)NN=C1N,0.0026068288134410977
CC1(C2=C(F)C=CC(F)=C2)C(=O)N(CC(N2CC3=C(C=CC=C3)CC2)=O)C(=O)N1,0.0020100616908166557
N1(CC2C=CC=C(Cl)C=2)C2=CC=CC=C2C=C1CN1CCC(CC1)C(=O)N1CCN(CC1)CC,0.00909698442555964
CC1(C2=C(F)C=CC(F)=C2)C(=O)N(CC(N2CCCC2)=O)C(=O)N1,0.0017772726365365087
N1(CC2C=CC=C(Cl)C=2)C2=CC=CC=C2C=C1CN1CCC(CC1)C(=O)N1CCCCC1,0.01055942797102034
CC1(C2=C(F)C=CC(F)=C2)C(=O)N(CC(NCC2OCCC2)=O)C(=O)N1,0.0019186286604963242
N1(CC2C=CC=C(Cl)C=2)C2=CC=CC=C2C=C1CN1CCC(CC1)C(=O)N(C)CC1=CC=CO1,0.009558644238859415
N12CCN(CC1C(NCC2=O)=O)CC1=CN(N=C1C)CCC,0.006892531644552946
CC(C1=CC=CC=C1)NC(CN1C(=O)C(C2=C(F)C=CC(F)=C2)(C)NC1=O)=O,0.0018187429290264846
N1(CC2C=CC=C(Cl)C=2)C2=CC=CC=C2C=C1CN1CCC(CC1)C(=O)NCC1=CC=CC=N1,0.007299793744459748
N1(CC(C)C)CCC(CC1)NCCNC1=CC=CN=C1,0.008088772441260517
CC1(C2=C(F)C=CC(F)=C2)C(=O)N(CC(NC2=CC=C(C(N)=O)C=C2)=O)C(=O)N1,0.0017203206138219685
C1(C=C(ON=1)COC1=CN=CC(Cl)=C1)C(=O)N1CCCC1C1=CC=C(C=C1)F,0.0073723119217902425
CC1(C2=C(F)C=CC(F)=C2)C(=O)N(CC(NC2=CC(S(N3CCCC3)(=O)=O)=CC=C2)=O)C(=O)N1,0.001631600601831451
N1(CC2C=CC=C(Cl)C=2)C2=CC=CC=C2C=C1CN1CCC(CC1)C(=O)NCC1C=CC=NC=1,0.007208536099642515
CCC(C1=C(NC(CN2C(=O)C(C3=C(F)C=CC(F)=C3)(C)NC2=O)=O)C=CC=C1)C,0.00215273016365245
N1(CCC2=CC=CC=C2F)C(=O)NN=C1C1C=CC(=C(OC)C=1)O,0.00209126693662256
CCN(C(CN1C(=O)C(C2=C(F)C=CC(F)=C2)(C)NC1=O)=O)C1CCCCC1,0.0029814133537001907
CC1(C2=C(F)C=CC(F)=C2)C(=O)N(CC(NC2CCCCC2)=O)C(=O)N1,0.0025191531633026896
CC1(C2=C(F)C=CC(F)=C2)C(=O)N(CC(C2=CC=C(Br)C=C2)=O)C(=O)N1,0.0039011355955153705
N1(C=CN=C1C1=CC=C(C=N1)CC)CC1(CCCCC1)O,0.010588345350697637
CC1N(C(CN2C(=O)C(C3=C(F)C=CC(F)=C3)(C)NC2=O)=O)C(C)CCC1,0.0021380837366450577
N1(CC2C=CC=C(Cl)C=2)C2=CC=CC=C2C=C1CN1CCC(CC1)C(=O)NC1=CC=C(C=C1)OC,0.006740239262580871
CC(NC1=CC=C(NC(CN2C(=O)C(C3=C(F)C=CC(F)=C3)(C)NC2=O)=O)C=C1)=O,0.0017488149518612773
N1(CC2C=CC=C(Cl)C=2)C2=CC=CC=C2C=C1CN1CCC(CC1)C(=O)NCC1=CC=CC=C1,0.007731599221006036
C(=O)(NC(C)(C)C)N1CCC(CC1)(CC1=CC=C(C=C1)Cl)C(OCC)=O,0.006971069029532373
COC1=CC(N(=O)=O)=C(NC(CN2C(=O)C(C3=C(F)C=CC(F)=C3)(C)NC2=O)=O)C=C1,0.0017787228629458697
C1(=NC=CC=C1CNC(COC)=O)N1CCN(CC1)C1=CC=CC=N1,0.004804821137804538
CC1=C(F)C=C(NC(CN2C(=O)C(C3=C(F)C=CC(F)=C3)(C)NC2=O)=O)C=C1,0.0017247609270270915
C1(C(N)=O)(CC1)C(=O)N1CCC2=C(C(C3=CC=CC4=CC=CC=C34)=NN2)C1,0.005573915247805416
N1(CC2C=CC=C(Cl)C=2)C2=CC=CC=C2C=C1CN1CCC(CC1)C(=O)NC(C)CC,0.00856197001412511
C1(=CC=CC(OC)=C1OCC(O)CN1CCOCC1)CN1CCCN(C)CC1,0.007176693202927709
CC1(C2=C(F)C=CC(F)=C2)C(=O)N(CC(N(CC2=CC=CC=C2)CC2=CC=CC=C2)=O)C(=O)N1,0.002390012296382338
C(=O)(N1CCOCC1)C1CCCN(C2CCN(CC2)C(=O)C2=CC=CS2)C1,0.008802772499620914
N1(CC2C=CC=C(Cl)C=2)C2=CC=CC=C2C=C1CN1CCC(CC1)C(=O)NC1C=CC=CC=1Cl,0.007341449754312635
C(=O)(C1C=CCN1)NC1=CC(C)=CC=C1NC(CCCC)=O,0.008555994555354118
N1(CC2C=CC=C(Cl)C=2)C2=CC=CC=C2C=C1CN1CCC(CC1)C(=O)NC1C=CC=C(Cl)C=1,0.007243487262167036
C1(=CC=C(CSC)O1)C(=O)N1CCCC(C1)C(=O)C1C=CC2=C(C=CC=C2)C=1,0.011554674152284861
N1(CC2C=CC=C(Cl)C=2)C2=CC=CC=C2C=C1CN1CCC(CC1)C(=O)NC1C=CC(=CC=1)Cl,0.007159734051674605
N1=CN(C(C2=CN=C(N=C2)C2=CC=CC=C2C)=C1C1=CC=CC=C1)CCO,0.004396472219377756
N1(CC2C=CC=C(Cl)C=2)C2=CC=CC=C2C=C1CN1CCC(CC1)C(=O)NC1CCCCCC1,0.009141312842257322
N1(CC2C=CC=C(Cl)C=2)C2=CC=CC=C2C=C1CN1CCC(CC1)C(=O)NC1CCCCCCC1,0.009209523675963283
COC1=CC=C(C(CN2C(=O)C(C3=C(F)C=CC(F)=C3)(C)NC2=O)=O)C=C1,0.0035598182119429113
C1(=O)C(CCCN1CC1=CC=CC(C)=C1)(CNCCN1CCNC1=O)O,0.0051544651621952655
N1(CC2C=CC=C(Cl)C=2)C2=CC=CC=C2C=C1CN1CCC(CC1)C(=O)NC1CCCC1,0.008793172356672586
CC1CN(C(CN2C(=O)C(C3=C(F)C=CC(F)=C3)(C)NC2=O)=O)CCC1,0.0018513373681344092
N1(CC2C=CC=C(Cl)C=2)C2=CC=CC=C2C=C1CN1CCC(CC1)C(=O)NC1=CC=C(C=C1F)F,0.005687965592369437
C1(C(C)NC2C=C(OC)N=CN=2)NC2=C(C=CC=C2)N=1,0.003156132425647229
N1(CC2C=CC=C(Cl)C=2)C2=CC=CC=C2C=C1CN1CCC(CC1)C(=O)NC1C=CC=C(C)C=1C,0.007758274534717202
CC1(C2=C(F)C=CC(F)=C2)C(=O)N(CC(N2CCCCC2)=O)C(=O)N1,0.00168580511235632
N1(CC2C=CC=C(Cl)C=2)C2=CC=CC=C2C=C1CN1CCC(CC1)C(=O)NC1C=CC=CC=1F,0.006214833981357515
C(F)(F)(F)OC1C=CC=C(CNCC(=O)NC2=CC=CC=C2NC(C)=O)C=1,0.004076445463579148
N1(CC2C=CC=C(Cl)C=2)C2=CC=CC=C2C=C1CN1CCC(CC1)C(=O)NCC1=CC=CO1,0.008171819057315588
C12C(NCC(C)OC3=CC=CC(N(C)C)=C3)=NC(=NC=1OC(C)=N2)C,0.006544403010047972
N1(CC2C=CC=C(Cl)C=2)C2=CC=CC=C2C=C1CN1CCC(CC1)C(=O)NCC1=CC=C(C=C1)C,0.008129382017068565
C1(=NC=C(CN2CCCC(CO)C2)N1CC1CCCCC1)S(=O)(=O)CC1CC1,0.003968992305453866
CC1(C2=C(F)C=CC(F)=C2)C(=O)N(CC(C2SC(Cl)=CC=2)=O)C(=O)N1,0.002468145010061562
C(=O)(N1CCC2(CC1)CNC(=O)C2)C1(CCCC1)NC1C=CC(=CC=1)C,0.009338860725983977
C1(=CC2CCCC=2NC1=O)C(=O)N1C[C@H](C[C@H]1C(=O)N(CC)CC)N,0.006905547436326742
N1(CC2C=CC=C(Cl)C=2)C2=CC=CC=C2C=C1CN1CCC(CC1)C(=O)NC(C)C,0.008213868946768343
N1(CC[C@H]([C@H](O)C1)C1=CC=C2C(OCO2)=C1)CC1NC=CN=1,0.001104026593384333
N1(CC2C=CC=C(Cl)C=2)C2=CC=CC=C2C=C1CN1CCC(CC1)C(NCCC)=O,0.008307822258211672
CC1=CC=C(CN2C(=O)C(C3=C(F)C=CC(F)=C3)(C)NC2=O)C=C1,0.0019191924249753356
CCC1=CC=C(C(CN2C(=O)C(C3=C(F)C=CC(F)=C3)(C)NC2=O)=O)C=C1,0.00354631271911785
N1(CC2C=CC=C(Cl)C=2)C2=CC=CC=C2C=C1CN1CCC(CC1)C(NCCN(CC)CC)=O,0.008789482712745666
CC1(C2=C(F)C=CC(F)=C2)C(=O)N(CC(C2=CC3=C(OCCO3)C=C2)=O)C(=O)N1,0.0035792394308373334
N1(CC2C=CC=C(Cl)C=2)C2=CC=CC=C2C=C1CN1CCC(CC1)C(=O)NC(C)C1=CC=CC=C1,0.00816605701111257
CC1(C2=C(F)C=CC(F)=C2)C(=O)N(CC2=C(C#N)C=CC=C2)C(=O)N1,0.0013746938173426315
N1(CC2C=CC=C(Cl)C=2)C2=CC=CC=C2C=C1CN1CCC(CC1)C(=O)NC1CC1,0.008269019122235478
CC1(C2=C(F)C=CC(F)=C2)C(=O)N(CCOC2=C(F)C=CC=C2)C(=O)N1,0.002471885387785733
N1(CCC(CC1)NCC(OC)C1=CC=CS1)C1C=CC2=C(OCO2)C=1,0.007561239576898515
CC(NC(CN1C(=O)C(C2=C(F)C=CC(F)=C2)(C)NC1=O)=O)C,0.0015248171897837893
C1(OCCNC(=O)C2CCC(N(CCCC3C=CC=CC=3)C2)=O)C(C)=NON=1,0.005524994945153594
CCNC(CN1C(=O)C(C2=C(F)C=CC(F)=C2)(C)NC1=O)=O,0.001382532055140473
CC1(C2=C(F)C=CC(F)=C2)C(=O)N(CC(N(CCC2=CC=CC=C2)CCC2=CC=CC=C2)=O)C(=O)N1,0.0023825925949495287
N1(CCCC1C1SC=CN=1)C(=O)CC1C2=CC=CC=C2CCC2C=CC=CC1=2,0.01139048272743821
CC(CNC(CN1C(=O)C(C2=C(F)C=CC(F)=C2)(C)NC1=O)=O)C,0.0017381646553985774
C(=O)(COC1C=CC=CC=1O)N(CC)CCOC1=CC=CC=C1F,0.0064624006859958175
N1(C2C=C(C)C=CC=2C)C=C(C(C2=CC=CC=C2)=N1)CN(C)CCOC,0.014117996115237475
N1(CC2C=CC=C(Cl)C=2)C2=CC=CC=C2C=C1CN1CCC(CC1)C(=O)NC1C=CC(=C(C)C=1)C,0.007817073469050228
C1(=COC(CN2C3C=CC=CC=3N=C2)=N1)C(NCCC1=CSC=N1)=O,0.003509695501998067
N1(CC2C=CC=C(Cl)C=2)C2=CC=CC=C2C=C1CN1CCC(CC1)C(NCCC(C)C)=O,0.008717617834918201
N1(CC2C=CC=C(Cl)C=2)C2=CC=CC=C2C=C1CN1CCC(CC1)C(=O)NCC1C=CC=C(C)C=1,0.008073480613529683
CC1(C2=C(F)C=CC(F)=C2)C(=O)N(CC(NC2=C(Cl)N=CC=C2)=O)C(=O)N1,0.0015961311699356883
N1(CC2C=CC=C(Cl)C=2)C2=CC=CC=C2C=C1CN1CCC(CC1)C(NCCC1C=CC=CC=1)=O,0.007753278594464064
CC1(C2=C(F)C=CC(F)=C2)C(=O)N(CC(NC2C3=C(C=CC=C3)CCC2)=O)C(=O)N1,0.002576665359083563
CCC(NC1=CC=C(C(CN2C(=O)C(C3=C(F)C=CC(F)=C3)(C)NC2=O)=O)C=C1)=O,0.002967127156443894
N1(CC2C=CC=C(Cl)C=2)C2=CC=CC=C2C=C1CN1CCC(CC1)C(NCCOC)=O,0.006421241303905844
COC1=C(OC)C=C(C(CN2C(=O)C(C3=C(F)C=CC(F)=C3)(C)NC2=O)=O)C=C1,0.0039259433397091925
N1(CC2C=CC=C(Cl)C=2)C2=CC=CC=C2C=C1CN1CCC(CC1)C(=O)NCC1=CC=C(C=C1)F,0.006480389297939837
CC1(C2=C(F)C=CC(F)=C2)C(=O)N(CCOC2=CC=CC=C2)C(=O)N1,0.002086803165730089
N1(CC2C=CC=C(Cl)C=2)C2=CC=CC=C2C=C1CN1CCC(CC1)C(=O)NC1=CC=CC(CC)=C1,0.0076770639512687925
CC1=CC2=C(C(=CC(O2)=O)CN2C(=O)C(C3=C(F)C=CC(F)=C3)(C)NC2=O)C=C1,0.00214497857959941
CC1(C2=C(F)C=CC(F)=C2)C(=O)N(CC(NC2=CC3=C(NC(N3)=O)C=C2)=O)C(=O)N1,0.0008163423466612585
CCCN(C(CN1C(=O)C(C2=C(F)C=CC(F)=C2)(C)NC1=O)=O)CC1CC1,0.0026317055453546345
N1(CC2C=CC=C(Cl)C=2)C2=CC=CC=C2C=C1CN1CCC(CC1)C(=O)NCC1CCCN1CC,0.008650923077948392
CCN(C(CN1C(=O)C(C2=C(F)C=CC(F)=C2)(C)NC1=O)=O)CC(C)=C,0.002356603927910328
C1(C2C=CC=C(C=2)N2CCNCC2)=CNC2C=CC(C)=CC1=2,0.005685712164267898
CC1(C2=C(F)C=CC(F)=C2)C(=O)N(CC2N=C3N(C=CS3)C(=O)C=2)C(=O)N1,0.001672325376421213
C1(C=NN(CC(F)(F)F)C=1)C1=CC(=C2C(C=CC=C2)=N1)C(=O)N1CCOCC1,0.004334045085124671
N1(CC2C=CC=C(Cl)C=2)C2=CC=CC=C2C=C1CN1CCC(CC1)C(=O)NC1C=CC(=C(F)C=1)C,0.006261117965914309
N1(CCCC(C1)N1CCN(CC1)C1C=CC=CC=1F)C(=O)C=CC1C=NN(C)C=1,0.006760816019959748
COCCN1C(C)=C(C(CN2C(=O)C(C3=C(F)C=CC(F)=C3)(C)NC2=O)=O)C=C1C,0.003418567113112658
C12CCN(CCC=1N=C(N(C)C2=O)C)C(=O)C1C=CN=C(NC)C=1,0.00622914764098823
CN(C(CN1C(=O)C(C2=C(F)C=CC(F)=C2)(C)NC1=O)=O)C(C1=CC=CC=C1)C1=CC=CC=C1,0.0026563969324342905
C1(=COC(COC2=CC=CC(F)=C2)=N1)C(=O)N1CC(C1)N1CCCCC1,0.005960948625579476
CC1(C2=C(F)C=CC(F)=C2)C(=O)N(CC(NC(NC2CCCCC2)=O)=O)C(=O)N1,0.0027129753842018546
CCCNC(CN1C(=O)C(C2=C(F)C=CC(F)=C2)(C)NC1=O)=O,0.001361728587653488
CC1N(C(CN2C(=O)C(C3=C(F)C=CC(F)=C3)(C)NC2=O)=O)CCCC1,0.0018414826365187765
N1(CC2C=CC=C(Cl)C=2)C2=CC=CC=C2C=C1CN1CCC(CC1)C(NCC=C)=O,0.007188677205704153
CC1C(NC(CN2C(=O)C(C3=C(F)C=CC(F)=C3)(C)NC2=O)=O)CCCC1,0.0029663629131391643
N1(CC2C=CC=C(Cl)C=2)C2=CC=CC=C2C=C1CN1CCC(CC1)C(NCCC1CCCCC=1)=O,0.009486887557432055
CC1=C(C(CN2C(=O)C(C3=C(F)C=CC(F)=C3)(C)NC2=O)=O)C2=C(C=CC=C2)N1,0.0019764180236961693
N1(CC2C=CC=C(Cl)C=2)C2=CC=CC=C2C=C1CN1CCC(CC1)C(NCCCOC)=O,0.006538277748040855
C12C=CNC=1C=CC=C2C1=CC=C(N=N1)NC1CC1,0.004834653087891638
CC1N(C2=CC=C(Cl)C=C2)C(C)=C(C(CN2C(=O)C(C3=C(F)C=CC(F)=C3)(C)NC2=O)=O)C=1,0.002915687789209187
C12CN(CCOC1=C(C=C(C=2)C1=CC=C(C)S1)O)CC1CCNCC1,0.005381920048967004
CC1(C2=C(F)C=CC(F)=C2)C(=O)N(CC(C2NC=CC=2)=O)C(=O)N1,0.0018380598863586783
N1(CCN(CC1CCO)CCCC1=CC=CC=C1)CC1=CC=CC=C1,0.00795849876012653
CC1(C2=C(F)C=CC(F)=C2)C(=O)N(CC(C2=CC3=C(OCO3)C=C2)=O)C(=O)N1,0.003253363468684256
N1(CC2C=CC=C(Cl)C=2)C2=CC=CC=C2C=C1CN1CCC(CC1)C(=O)NCC1=CC=C(C)O1,0.008435071608982981
CC(OC(CN1C(=O)C(C2=C(F)C=CC(F)=C2)(C)NC1=O)=O)(C)C,0.002422527561429888
C1(=NC2C=CC=CC=2C(C)=N1)N1CC[C@H]2N(C)[C@H](CC2)C1,0.010727844340726734
CCOC1=CC=C(C(CN2C(=O)C(C3=C(F)C=CC(F)=C3)(C)NC2=O)=O)C=C1,0.003423247835598886
N1(CCCC(C(=O)NCC(C)(C)C)C1)C1CCN(CC1)CCC1C=CC=CC=1,0.01403166987001896
CCN(C(CN1C(=O)C(C2=C(F)C=CC(F)=C2)(C)NC1=O)=O)C1CS(=O)(=O)CC1,0.0022852473543025554
N1(CCCCC1C(=O)NC1=CC=CC(C2C=CC=C(OC)C=2)=C1)C(=O)CN1C=NN=N1,0.003945796587504447
CN(C(CN1C(=O)C(C2=C(F)C=CC(F)=C2)(C)NC1=O)=O)CC(NC1=CC=C(F)C=C1)=O,0.0020897255628369747
N1C(CN2CCCCC2CC(OCC)=O)=C(OC=1C1=CC=C(C)S1)C,0.006213026004843414
CC1=C(CN2C(=O)C(C3=C(F)C=CC(F)=C3)(C)NC2=O)C=CC=C1,0.0018970151082612573
N1(CCCC(C1)CCC(N)=O)CC1C=CC=CC=1C(O)=O,0.00453783250413835
CC1(C2=C(F)C=CC(F)=C2)C(=O)N(CC(NC2=CC3=C(OC4(O3)CCCC4)C=C2)=O)C(=O)N1,0.002417840249836445
N1(CC2C=CC=C(Cl)C=2)C2=CC=CC=C2C=C1CN1CCC(CC1)C(=O)NC1=CC=C(C=C1)C,0.007585381949320435
CC1=C(OCCN2C(=O)C(C3=C(F)C=CC(F)=C3)(C)NC2=O)C=CC=C1,0.0023371906019747255
N1(CC2C=CC=C(Cl)C=2)C2=CC=CC=C2C=C1CN1CCC(CC1)C(=O)NC1C=CC=C(C)C=1,0.007500631152652204
CC1(C2=C(F)C=CC(F)=C2)C(=O)N(CCOC2=C(Cl)C=CC=C2)C(=O)N1,0.0021530683094169944
N1(CC(C1)N1CCCCC1C)C1CC2C(=CC=CC=2)C1,0.022025452461093664
N1(CC2C=CC=C(Cl)C=2)C2=CC=CC=C2C=C1CN1CCC(CC1)C(=O)NC1CCCCC1,0.00895692608319223
CC1(C2=C(F)C=CC(F)=C2)C(=O)N(CCOC2=CC=C(F)C=C2)C(=O)N1,0.0022099677298683673
N1(CC2C=CC=C(Cl)C=2)C2=CC=CC=C2C=C1CN1CCC(CC1)C(NCC)=O,0.007768894382752478
CC1(C2=C(F)C=CC(F)=C2)C(=O)N(CCOC2=C(Cl)C=C(Cl)C=C2)C(=O)N1,0.0022038105817046016
C1(=CN=C(NC1=O)C1CC1)C(=O)N1CCOC(CCCC(C)C)C1,0.007448588591068983
CC(C(NC(CN1C(=O)C(C2=C(F)C=CC(F)=C2)(C)NC1=O)=O)C)C,0.0020348373451270162
C12N=C(C)C=C(C)N1N=CC=2CN1CCCC(C1)C1NN=CC=1CC,0.006741255079396069
N1(CC2C=CC=C(Cl)C=2)C2=CC=CC=C2C=C1CN1CCC(CC1)C(NCCCC)=O,0.007507240120321512
CC1(C2=C(F)C=CC(F)=C2)C(=O)N(CC2C3=C(C=C4C(=C3)CCC4)OC(=O)C=2)C(=O)N1,0.0029029056895524263
C1(=NC=CC(CCC(F)(F)F)=N1)N1CCN(CC1)CCS(C)(=O)=O,0.00270934731233865
CC1(C2=C(F)C=CC(F)=C2)C(=O)N(CCOC2=CC=C(C#N)C=C2)C(=O)N1,0.0016942028945777566
C1(=O)O[C@H]2[C@H](CN(C3CCN(CC3)CC)C2)N1CCCC1=CC=C(C=C1)F,0.008743694284930825
N1(CC2C=CC=C(Cl)C=2)C2=CC=CC=C2C=C1CN1CCC(CC1)C(NC)=O,0.007470308197662234
CC(C(N1CCN(C(C2OC=CC=2)=O)CC1)=O)N1C(=O)C(C2=C(F)C=CC(F)=C2)(C)NC1=O,0.0026421225455123933
N1(CC2C=CC=C(Cl)C=2)C2=CC=CC=C2C=C1CN1CCC(CC1)C(=O)NC1C=CC=CC=1OC,0.006711743120104074
CC1(C2=C(F)C=CC(F)=C2)C(=O)N(CC2=C(Br)C=CC=C2)C(=O)N1,0.002277385856723413
N1(CC2C=CC=C(Cl)C=2)C2=CC=CC=C2C=C1CN1CCC(CC1)C(=O)NC(C)CC1=CC=CO1,0.008258278714492917
CC1(C2=C(F)C=CC(F)=C2)C(=O)N(CC2=CC(Br)=CC=C2)C(=O)N1,0.002240122784860432
CC1N(C2CC2)C(C)=C(C(CN2C(=O)C(C3=C(F)C=CC(F)=C3)(C)NC2=O)=O)C=1,0.0039242574013769625
C1(OC(=C(CN2CCCC2C)N=1)C)C1=CC=C(C(C)=C1OC)OC,0.009293541708029807
N1(CC2C=CC=C(Cl)C=2)C2=CC=CC=C2C=C1CN1CCC(CC1)C(NCCN1CCCC1)=O,0.008480412163771689
N1(CC(C)NC(COC2=CC=CC(=C2)NC(CC)=O)=O)C(C)=CC(C)=N1,0.006795639684423804
N1(CC2C=CC=C(Cl)C=2)C2=CC=CC=C2C=C1CN1CCC(CC1)C(=O)NCC1C=CC=CC=1F,0.006254036934114993
C1(NC2CCN(CC2)CC2CCCO2)C=C(C2CCNCC2)N=C(C)N=1,0.008979961415752769
N1(CC2C=CC=C(Cl)C=2)C2=CC=CC=C2C=C1CN1CCC(CC1)C(NCCC1=CC=CS1)=O,0.006592672155238688
CN(C(C1=CC=C(NC(CN2C(=O)C(C3=C(F)C=CC(F)=C3)(C)NC2=O)=O)C=C1)=O)C,0.001872310205362737
N1(CC2C=CC=C(Cl)C=2)C2=CC=CC=C2C=C1CN1CCC(CC1)C(NCCC1=CC=CO1)=O,0.008072120463475585
CC1(C2=C(F)C=CC(F)=C2)C(=O)N(CC(NC2=CC3=C(OCCCO3)C=C2)=O)C(=O)N1,0.002148233848856762
N1(CC2C=CC=C(Cl)C=2)C2=CC=CC=C2C=C1CN1CCC(CC1)C(=O)NCC1=CC=CC=C1C,0.008049833867698909
CC(C1=C(C)C=C(OCCN2C(=O)C(C3=C(F)C=CC(F)=C3)(C)NC2=O)C=C1)C,0.0031101776054129004
N1(CC2C=CC=C(Cl)C=2)C2=CC=CC=C2C=C1CN1CCC(CC1)C(=O)NCC1=CC=CC(F)=C1,0.006461054272949696
CC1=CC=C(C2CC(C3OC=CC=3)N(C(CN3C(=O)C(C4=C(F)C=CC(F)=C4)(C)NC3=O)=O)N=2)C=C1,0.0026718170964159073
CC1(C2=C(F)C=CC(F)=C2)C(=O)N(CC2=C(Br)C=C3C(OCO3)=C2)C(=O)N1,0.0026670739403925835
C1(C2(CCCCC2)NC(=O)NC(C)(C)C)=CN(N=N1)[C@@H]1CN[C@H](C(NC)=O)C1,0.005976301315240562
CC1(C2=C(F)C=CC(F)=C2)C(=O)N(CC(N2C(=O)NCC2)=O)C(=O)N1,0.0017929686873685569
N1(CC2=CC=CC=C2Cl)C2=CC=CC=C2C=C1CN1CCC(CC1)C(=O)N1CCC(CC1)C,0.010766429966315627
CC1(C2=C(F)C=CC(F)=C2)C(=O)N(CC2=CC(C#N)=CC=C2)C(=O)N1,0.0013716282759560273
N12C(=O)C=C(NC1=NC(C1=CC=CC=C1)=N2)C1=COC2CCCC(=O)C1=2,0.007467644172720611
CC1N(CC2=CC3=C(OCO3)C=C2)C(C)=C(C(CN2C(=O)C(C3=C(F)C=CC(F)=C3)(C)NC2=O)=O)C=1,0.0030893352814018726
N1(CC2=CC=CC=C2Cl)C2=CC=CC=C2C=C1CN1CCC(CC1)C(=O)N1CCCCC1,0.010624665487557649
CC1(C2=C(F)C=CC(F)=C2)C(=O)N(CC(C2C3=C(C=CC=C3)N(CCC#N)C=2)=O)C(=O)N1,0.0019115131806756835
C12=C(CCN(C(=O)C3=CSC(C(C)=O)=C3)C1)NN=C2C1C=CC(=CC=1)Cl,0.00624819549266249
COC(C1=CC(CN2C(=O)C(C3=C(F)C=CC(F)=C3)(C)NC2=O)=CC=C1)=O,0.0024719289503991604
CC1(C2=C(F)C=CC(F)=C2)C(=O)N(CC2SC(Cl)=CC=2)C(=O)N1,0.0013857402867870406
N1(CC2=CC=CC=C2Cl)C2=CC=CC=C2C=C1CN1CCC(CC1)C(=O)NCC1=CC=CC=N1,0.007369490712881089
CC1(C2=C(F)C=CC(F)=C2)C(=O)N(CC(N2C(C3=CC4=C(OCCO4)C=C3)CCC2)=O)C(=O)N1,0.0025789336708839984
N1(CC2=CC=CC=C2Cl)C2=CC=CC=C2C=C1CN1CCC(CC1)C(=O)NCC1C=CC=NC=1,0.007229174626991153
CC1(C2=C(F)C=CC(F)=C2)C(=O)N(CC(C2=CC=C(C3CCCCC3)C=C2)=O)C(=O)N1,0.004558544629253447
N1=C(C)OC=C1CN1CCC(C1)C1=CC=NC(=C1)C1C=CC=C2C=CC=NC=12,0.009789229976013303
CC1(C2=C(F)C=CC(F)=C2)C(=O)N(CC2=C(F)C(F)=C(F)C(F)=C2F)C(=O)N1,0.002330440515652299
C12C=C(C#N)C(NC=1C=CN(CC1ON=C(CC3=CC=CS3)N=1)C2=O)=O,0.0031253576453309506
CCOCCCNC(NC(CN1C(=O)C(C2=C(F)C=CC(F)=C2)(C)NC1=O)=O)=O,0.0015520684304647149
C1(=CNN=C1C1C=CC(=C(C)C=1)C)CN1CCN(CC1)C1=CC=NC=C1,0.006387613760307431
CSC1=CC2=C(C=C(C(=N2)Cl)CN2C(=O)C(C3=C(F)C=CC(F)=C3)(C)NC2=O)C=C1,0.001537588328938
N1(CCCC(C1)NC1=CC=C(C=C1)F)CC1=CC=C(C(OC)=C1)F,0.007675517769530416
CC1(C2=C(F)C=CC(F)=C2)C(=O)N(CC(N(C2=CC=CC=C2)C2CS(=O)(=O)CC2)=O)C(=O)N1,0.0020859332638792694
N1(CC2=CC=CC=C2Cl)C2=CC=CC=C2C=C1CN1CCC(CC1)C(=O)NC1C=CC=C(OC)C=1,0.006710760178975761
CC1N(CCC2SC=CC=2)C(C)=C(C(CN2C(=O)C(C3=C(F)C=CC(F)=C3)(C)NC2=O)=O)C=1,0.0031400533858686685
COC1=CC=C(C(C2=CC=CC=C2)NC(CN2C(=O)C(C3=C(F)C=CC(F)=C3)(C)NC2=O)=O)C=C1,0.002302088832948357
CC1(C2=C(F)C=CC(F)=C2)C(=O)N(CC(N(CC2SC=CC=2)CC=C)=O)C(=O)N1,0.0018981133587658405
N1(C)C(SCC2CCCO2)=NN=C1CC1CCNCC1,0.01151582896709442
CN(S(C1=CN=C(SCCCC(C2=CC=CC=C2)=O)C=C1)(=O)=O)C,0.007083768490701914
C1(NC)=NC=C(C=N1)CN(C)C(CCC1=CC(C)=CC(C)=C1)=O,0.006784363859333098
CC1(C2=C(F)C=CC(F)=C2)C(=O)N(CC(NC(NCCC2CCCCC=2)=O)=O)C(=O)N1,0.002960096811875701
N1(CCCCC1)C(C)C1C=CC(=CC=1)C1=CC=C(N=C1)C#N,0.008201230014674366
CC1(C2=C(F)C=CC(F)=C2)C(=O)N(CC(C2=CC3=C(CCC3)C=C2)=O)C(=O)N1,0.004202227457426488
CC1(C2=C(F)C=CC(F)=C2)C(=O)N(CC(N2C(C3=CC4=C(OCCCO4)C=C3)CCC2)=O)C(=O)N1,0.0026220999017823486
N1(C2=CC=CC=C2C)C=C(C=N1)CNC(=O)CC(=O)NC1C=CC=C(C)C=1C,0.006679339869879186
CC1(C2=C(F)C=CC(F)=C2)C(=O)N(CC(N2C3=C(C=CC=C3)OCC2C2=CC=CC=C2)=O)C(=O)N1,0.0023981743317563085
N1(CC2=CC=CC=C2Cl)C2=CC=CC=C2C=C1CN1CCC(CC1)C(=O)NCC1=CC=CC=C1,0.007755016651935875
CC1(C2=C(F)C=CC(F)=C2)C(=O)N(CC2=CC=C(C(NC3=CC=CC=C3)=O)C=C2)C(=O)N1,0.002070658578304574
N1(CC2=CC=CC=C2Cl)C2=CC=CC=C2C=C1CN1CCC(CC1)C(=O)NC(C)CC,0.00864747236482799
C1(=COC(COC2C=CC3=C(C=C(C=C3)OC)C=2)=N1)C(=O)N1CCCCCC1,0.007699997979216278
CC1(C2=C(F)C=CC(F)=C2)C(=O)N(CC(C2=CC3=C(CCCC3)C=C2)=O)C(=O)N1,0.00442442751955241
C1(C(=O)N2CCC(CC2)C2NN=CC=2CC)=CC(N(C2C=CC=CC=2)N1)=O,0.0038192609557881952
COC1=C(C(CN2C(=O)C(C3=C(F)C=CC(F)=C3)(C)NC2=O)=O)C=C(F)C=C1,0.0038201082847081126
N1(CCCC(C1)N1CCN(CC1)C1C=CC(=CC=1)OC)C(=O)NCC(OCC)=O,0.004895009321626276
N1(CC2=CC=CC=C2Cl)C2=CC=CC=C2C=C1CN1CCC(CC1)C(=O)NC1C=CC(=CC=1)Cl,0.007199115469120443
C1(C2C=C(ON=2)C2CC2)N(C2=CC=C3C(OCO3)=C2)N=C(C2CC2)N=1,0.011738301534205676
N1(CC2=CC=CC=C2Cl)C2=CC=CC=C2C=C1CN1CCC(CC1)C(=O)NC1CCCCCC1,0.009194014105014503
N1C(C)=C(SC=1CN1CCOC2=C(C=C(C3=CC=CN=C3)C=C2C1)O)C,0.005210795300081372
CN(S(C)(=O)=O)C1=CC=C(C(CN2C(=O)C(C3=C(F)C=CC(F)=C3)(C)NC2=O)=O)C=C1,0.002326192212058231
C(=O)(N1CCOCC1)C1CCCN(C2CCN(CC2)CC2=NC=CN2C)C1,0.007481224020011723
N1(CC2=CC=CC=C2Cl)C2=CC=CC=C2C=C1CN1CCC(CC1)C(=O)NC1C=CC=C(C)C=1C,0.0078000443056225775
COCC(N1C(C)=C(C(CN2C(=O)C(C3=C(F)C=CC(F)=C3)(C)NC2=O)=O)C=C1C)C,0.003865631285589188
CCS(N1C2=C(C=C(C(CN3C(=O)C(C4=C(F)C=CC(F)=C4)(C)NC3=O)=O)C=C2)CC1)(=O)=O,0.0025197192269843073
N1(CC2=CC=CC=C2Cl)C2=CC=CC=C2C=C1CN1CCC(CC1)C(NCCN(C)C)=O,0.008146598283201457
CN(C(CN1C(=O)C(C2=C(F)C=CC(F)=C2)(C)NC1=O)=O)C1C2=C(C=CC=C2)CCC1,0.0030552331591024995
S(=O)(=O)(N1CCCC(C1)N1CCCC1=O)C1=C(C)C=C(C2=NON=C12)C,0.005113415396772325
N1(CC2=CC=CC=C2Cl)C2=CC=CC=C2C=C1CN1CCC(CC1)C(=O)NC1C=CC=C(F)C=1,0.006208824389614165
N1(CC(N)=O)C2C=CC=CC=2C(CNCC2(CN3C=CN=C3)CC2)=C1C,0.006125687411986292
N1(CC2=CC=CC=C2Cl)C2=CC=CC=C2C=C1CN1CCC(CC1)C(=O)NCC1=CC=CO1,0.00825267902109772
C1(=NC=CN1C(C)C1=NN=CN1CCC)C1COC2=C(C=CC=C2OC)C=1,0.01034559989348054
N1(CC2=CC=CC=C2Cl)C2=CC=CC=C2C=C1CN1CCC(CC1)C(=O)NCC1=CC=C(C=C1)C,0.00816658332478255
C(C(C)C)(=O)N(CCN(C)C)CC1CCCN(CC2=CC=CC=C2F)C1,0.009948625764809548
CC1N(S(C)(=O)=O)C2=C(C=C(C(CN3C(=O)C(C4=C(F)C=CC(F)=C4)(C)NC3=O)=O)C=C2)C1,0.002439654106274247
N1(CC2=CC=CC=C2Cl)C2=CC=CC=C2C=C1CN1CCC(CC1)C(=O)NC1C=CC=CC=1C,0.007597990636713803
OCCSC1N(C2=CC=CC=C2)C(C2=CC=C(Cl)C=C2)=CN=1,0.003164665855001658
N1(CC2=CC=CC=C2Cl)C2=CC=CC=C2C=C1CN1CCC(CC1)C(=O)NC1C=C(C)C=CC=1C,0.007805115869268775
CN(S(C1=CN=C(SCC2=CC=CC=C2)C=C1)(=O)=O)C,0.004260359739419073
N1(CC2=CC=CC=C2Cl)C2=CC=CC=C2C=C1CN1CCC(CC1)C(=O)NC1C=CC(=CC=1C)C,0.0077804461354389785
N1N(C)C2=C(C=C(C=C2)C(=O)NC(C)C2=NN=CN2CC)N=1,0.006211828836239874
N1(CC2=CC=CC=C2Cl)C2=CC=CC=C2C=C1CN1CCC(CC1)C(=O)NC(C)C,0.008290264219976962
N1(CC2=CC=CC=C2Cl)C2=CC=CC=C2C=C1CN1CCC(CC1)C(NCCC)=O,0.008405185025185346
CN(S(C1=CN=C(SC2C(=O)OCC2)C=C1)(=O)=O)C,0.004090812045615166
C12(CCCN(CC3C=CC=NC=3)C1=O)CCN(C(=O)C1=CC=CS1)C2,0.00762995972763747
N1(CC2=CC=CC=C2Cl)C2=CC=CC=C2C=C1CN1CCC(CC1)C(=O)NC(C)C1=CC=CC=C1,0.008222792646847665
CN(S(C1=CN=C(SCC(NC2=C(C#N)C3=C(CCCCC3)S2)=O)C=C1)(=O)=O)C,0.004490060301031917
N1C2C=C(C=CC=2NC=1C)CC(=O)N(CC=C)CC1C=CC(=CC=1)F,0.0027944122557528317
CN(S(C1=CN=C(SCC(NC2=CC3=C(NC(N3)=O)C=C2)=O)C=C1)(=O)=O)C,0.0017563532514031977
C(=O)(NC1=CC=C(C(NC(CCCC)=O)=C1)OC)C(C)N1C=NC=N1,0.005897545628249646
CN(S(C1=CN=C(SCC(N(C2=CC=CC=C2)C)=O)C=C1)(=O)=O)C,0.005024299083743244
C1(C2C=CC(=CC=2)F)=C(C)C2=C(C=CC(CNC(C(CC)OC)=O)=C2)N1,0.0042177352355793115
N1(CCC2C=CC=CC=2)CC(CC1=O)NC(C1=CC=NC=C1)=O,0.006361288693733513
N1(CC2=CC=CC=C2Cl)C2=CC=CC=C2C=C1CN1CCC(CC1)C(=O)NC1C=CC(=C(C)C=1)C,0.007870680768974125
C1(C2SC=CC=2C)=CN(N=N1)C(C)C1=CSC(C)=N1,0.010681847902014851
CN(S(C1=CN=C(SCCOC2=CC(C)=CC(C)=C2)C=C1)(=O)=O)C,0.005531909386627376
S1(CCC(CNC(=O)NC2=NN=C(CC3C=CC=CC=3C)S2)C1)(=O)=O,0.003439570055343211
N1(CC2=CC=CC=C2Cl)C2=CC=CC=C2C=C1CN1CCC(CC1)C(NCCC(C)C)=O,0.00880553969182074
N1=C(CC(C)C)ON=C1CN(C)C(=O)C1C=CC(=CC=1)N1CCN(CC1)C,0.010065668961033225
CN(S(C1=CN=C(SCC(NCC2=CC3=C(OCO3)C=C2)=O)C=C1)(=O)=O)C,0.004803198459558189
N1C(=O)C2CCCC=2N=C1C1C=CC(=CC=1)CN(CC1=CN=CS1)C1CC1,0.006047278339974582
N1(CC2=CC=CC=C2Cl)C2=CC=CC=C2C=C1CN1CCC(CC1)C(=O)NCC1C=CC=C(C)C=1,0.008066389570012688
CN(S(C1=CN=C(SCC(N2CCCCCC2)=O)C=C1)(=O)=O)C,0.0060063106007874015
N1(CC2=CC=CC=C2Cl)C2=CC=CC=C2C=C1CN1CCC(CC1)C(NCCC1C=CC=CC=1)=O,0.007768523343838751
N1(CC2=CC=CC=C2Cl)C2=CC=CC=C2C=C1CN1CCC(CC1)C(=O)NCC1CCCO1,0.00799449470359832
CN(S(C1=CN=C(SCC(NC2=CC=C(OCC3=CC=CC=C3)C=C2)=O)C=C1)(=O)=O)C,0.004389244387857616
N1(CC2=CC=CC=C2Cl)C2=CC=CC=C2C=C1CN1CCC(CC1)C(NCCOC)=O,0.006493813800625503
CN(S(C1=CN=C(SCC(NC2=CC(S(N(C)C)(=O)=O)=CC=C2)=O)C=C1)(=O)=O)C,0.005038666154723615
C12N=CC(=CN1N=CC=2C(=O)NCC1=CN=C2C=CC=CN12)CN(CC)CC,0.006476482190191746
N1(CC2=CC=CC=C2Cl)C2=CC=CC=C2C=C1CN1CCC(CC1)C(=O)NCC1=CC=C(C=C1)F,0.006507393624633551
CN(S(C1=CN=C(SCC(NC2=CC(S(N3CCCC3)(=O)=O)=CC=C2)=O)C=C1)(=O)=O)C,0.004807845363393426
C12=CNN=C1NC(=O)CC2C1=CC=CC(OC)=C1OCCN1C=CN=C1,0.0036459797760471702
N1(CC2=CC=CC=C2Cl)C2=CC=CC=C2C=C1CN1CCC(CC1)C(=O)NC1=CC=CC(CC)=C1,0.007675941986963153
C(=O)(N1CCN(CC1)C1C=CC=CC=1)C1CCN(CCOC)C1,0.010983777046203614
N1(CC2=CC=CC=C2Cl)C2=CC=CC=C2C=C1CN1CCC(CC1)C(=O)NCC1CCCN1CC,0.008716132072731853
N1(CCC(=O)NC2=CC=CC=C2CC)CC(CC1=O)C(O)=O,0.0071325985249131914
N1(CC2=CC=CC=C2Cl)C2=CC=CC=C2C=C1CN1CCC(CC1)C(=O)NCC1=CC=CS1,0.006536575104109943
C1(CNCC2C=CSC=2)=CC(Cl)=CC=C1OCC(O)CN1CCCCCC1,0.004289843933656811
N1(CC2=CC=CC=C2Cl)C2=CC=CC=C2C=C1CN1CCC(CC1)C(=O)NC1C=CC(=C(F)C=1)C,0.006168285827152431
CN(S(C1=CN=C(SCC(NC2C(=O)N(C3=CC=CC=C3)N(C)C=2C)=O)C=C1)(=O)=O)C,0.004122630995698273
C1(=O)C2C=CC=CC=2CN1CCC(=O)N1CC[C@@]([C@@H](CC)C1)(C)O,0.009261735621839762
N1(CC2=CC=CC=C2Cl)C2=CC=CC=C2C=C1CN1CCC(CC1)C(NCCC1CCCCC=1)=O,0.009561052499338984
CN(S(C1=CN=C(SCC(NC2=C(Br)C=C(C)C=C2)=O)C=C1)(=O)=O)C,0.004996541189029813
N1(CC2=CC=CC=C2Cl)C2=CC=CC=C2C=C1CN1CCC(CC1)C(=O)NC1C=CC(=C(F)C=1)F,0.0061803693417459725
CN(S(C1=CN=C(SCC(N(C2CCCCC2)C)=O)C=C1)(=O)=O)C,0.007494300836697221
N1C=CNC=1CN(C)CC1C=CC=CC=1C(O)=O,0.0023000095272436736
N1(CC2=CC=CC=C2Cl)C2=CC=CC=C2C=C1CN1CCC(CC1)C(NCCCOC)=O,0.006607402628287673
C1(=NC=CN1CC(N)=O)C1=CN=C(N=C1)C1=CC=CC=C1C,0.004418596450705081
CN(S(C1=CN=C(SCC(NC2=C(OC(F)F)C=CC=C2)=O)C=C1)(=O)=O)C,0.003015360317658633
C(=O)(C1CCN(CC1)CC1=CN=C(N=C1)CC)NC1C=CC(=CC=1)C1C=CC=C(C)C=1,0.007100341795012355
N1(CC2=CC=CC=C2Cl)C2=CC=CC=C2C=C1CN1CCC(CC1)C(=O)NCC1=CC=C(C)O1,0.008519275044091047
S(=O)(=O)(C1C=CC(=CC=1)OC(F)(F)F)N1CCC(CC1)(CO)CC1C=CC=C(C=1)C(F)(F)F,0.0023964758263900878
N1(CC2=CC=CC=C2Cl)C2=CC=CC=C2C=C1CN1CCC(CC1)C(=O)NC1C=CC(=CC=1C)F,0.006518150679767132
C1(CCCN(CC2=CC=C(C=C2)C(C)C)C1=O)(O)CN(C)CCC1=CC=CC=C1,0.013670473406091333
N1(CC2=CC=CC=C2Cl)C2=CC=CC=C2C=C1CN1CCC(CC1)C(NCCN1CCOCC1)=O,0.007188293687067926
CN(S(C1=CN=C(SCC2N=C(C3=CC=CC=C3)SC=2)C=C1)(=O)=O)C,0.00469738245010376
C12CN(CCOC1=C(C=C(C=2)C1=CC=C(C)S1)O)CC(N)=O,0.003830079548060894
N1(CC2=CC=CC=C2Cl)C2=CC=CC=C2C=C1CN1CCC(CC1)C(=O)NC1=CC=C(C=C1)C,0.0076423762133345004
N1(CC2=C(C=NC(C(C)(C)C)=N2)C1)C1C(=CC=CN=1)F,0.009129173681139946
N1(CC2=CC=CC=C2Cl)C2=CC=CC=C2C=C1CN1CCC(CC1)C(=O)NC1C=CC=C(C)C=1,0.007547309040091932
N1(CC2=CC=CC=C2Cl)C2=CC=CC=C2C=C1CN1CCC(CC1)C(=O)NC1CCCCC1,0.009020266588777304
CN(S(C1=CN=C(SCC(C2=C(C)C(C(C)=O)=C(C)N2)=O)C=C1)(=O)=O)C,0.006748050800524652
N1(CC2=CC=CC=C2Cl)C2=CC=CC=C2C=C1CN1CCC(CC1)C(NCC)=O,0.00785064953379333
CCC1=CC(NC(CSC2=NC=C(S(N(C)C)(=O)=O)C=C2)=O)=CC=C1,0.0043709366698749365
N1(CC2=CC=CC=C2Cl)C2=CC=CC=C2C=C1CN1CCC(CC1)C(NCCCC)=O,0.007596411858685315
CN(S(C1=CN=C(SC(C2=CC=CC=C2)C(NC2=CC(Cl)=C(C)C=C2)=O)C=C1)(=O)=O)C,0.004228410765063017
N1(CC2=CC=CC=C2Cl)C2=CC=CC=C2C=C1CN1CCC(CC1)C(NC)=O,0.007561344583518803
CN(S(C1=CN=C(SCC2=C(C#N)C=CC=C2)C=C1)(=O)=O)C,0.0032586110290139915
N1(CC2=CC=CC=C2Cl)C2=CC=CC=C2C=C1CN1CCC(CC1)C(NCCCN1CCCC1)=O,0.0076978440862149
N1(CCN(C2(CCN(CC2)C)C1)C)C(=O)CN(C)CC1C=CC(=CC=1)C,0.011854778043925762
N1(CC2=CC=CC=C2Cl)C2=CC=CC=C2C=C1CN1CCC(CC1)C(NCCN1CCCC1)=O,0.008537845872342586
CN(S(C1=CN=C(SCC(C=C2C(C)(C)C3=C(C=CC=C3)N2C)=O)C=C1)(=O)=O)C,0.008732911851257085
C1(C#N)=C(C2CCOC(C)(C)C2)C=C(N=C1N)C1=CC=C(C=C1)N1CCOCC1,0.005425237538293004
CN(S(C1=CN=C(SCC2=C(C)ON=C2C)C=C1)(=O)=O)C,0.004774154117330909
C1(C(=O)N(C)CCC2=NOC(C)=N2)NN=C(C2C=CSC=2)C=1,0.004440553672611714
CN(S(C1=CN=C(SCC(NC(N)=O)=O)C=C1)(=O)=O)C,0.0008299363005789928
N1(CC2=CC=CC=C2Cl)C2=CC=CC=C2C=C1CN1CCC(CC1)C(=O)NCC1C=CC=CC=1F,0.006333997054025531
C12N=C(C)C=C(C)N1N=C(CC(=O)N1CCC3(CC1)NCCNC3=O)N=2,0.00398068135837093
CN(S(C1=CN=C(SCC(NC(C)(C)C)=O)C=C1)(=O)=O)C,0.004437127290293575
C1(=CC=CC=C1OCC(O)CN(C)C1CCCCC1)CN(C)CC(OCC)=O,0.007518439902924001
COCCCNC(CSC1=NC=C(S(N(C)C)(=O)=O)C=C1)=O,0.004072076908778399
N1(CC2=CC=CC=C2Cl)C2=CC=CC=C2C=C1CN1CCC(CC1)C(NCCC1=CC=CO1)=O,0.008154168073087931
C1(=C(CC)C=NC(C)=N1)N1CCN(CC1)CC1C=CN(C(C)C)C=1,0.010774047952145338
CN(S(C1=CN=C(SCC(NC2=CC3=C(OCCO3)C=C2)=O)C=C1)(=O)=O)C,0.004594535613432526
S(NC)(=O)(=O)C1=CC=C(C=C1)CN1CCC2(CCNCC2)C1,0.005795599217526615
N1(CC2=CC=CC=C2Cl)C2=CC=CC=C2C=C1CN1CCC(CC1)C(=O)NCC1=CC=CC=C1C,0.008147463388741016
C1(C(=O)N(C)CC2CCN(C3=CC=CC=C3)C2)OC(=NN=1)COC,0.007285700156353414
N1(CC2=CC=CC=C2Cl)C2=CC=CC=C2C=C1CN1CCC(CC1)C(=O)NCC1=CC=CC(F)=C1,0.006440777308307588
CN(S(C1=CN=C(SCC(NC2C3=C(C=CC=C3)CCC2)=O)C=C1)(=O)=O)C,0.006477723619900644
C12CCN(CCC=1N=C(N(C)C2=O)C)CC1=CC2C(=CC=CC=2)N1,0.006355748442001641
C(=O)(C1CCCC=1)N1CCC(CC1)CCC(=O)NC1C=CC2=C(OCCO2)C=1,0.009548637364059687
N1(CC2=CC=CC=C2C)C2=CC=CC=C2C=C1CN1CCC(CC1)C(=O)N1CCCCCC1,0.013605739269405604
CN(S(C1=CN=C(SCC(NC2=C(C3=CC=CC=C3)C=CC=C2)=O)C=C1)(=O)=O)C,0.004612315155100077
N1(CC2=CC=CC=C2C)C2=CC=CC=C2C=C1CN1CCC(CC1)C(=O)N1CCC(CC1)C,0.013498676614835859
CN(S(C1=CN=C(SCC(NC2=C(CC3=CC=CC=C3)C=CC=C2)=O)C=C1)(=O)=O)C,0.005327564268372953
N1(CC2=CC=CC=C2C)C2=CC=CC=C2C=C1CN1CCC(CC1)C(=O)N1CCCC1,0.013049655500799418
N1(CC2=CC=CC=C2C)C2=CC=CC=C2C=C1CN1CCC(CC1)C(=O)N1CCC2C(=CC=CC=2)C1,0.012005325686186553
CN(S(C1=CN=C(SCC(NC2CS(=O)(=O)CC2)=O)C=C1)(=O)=O)C,0.004287338710855693
N1=CC(=CN1C)CCCN(C)C[C@H]1CC[C@H](CC1)N,0.017753416486084462
N1(CC2=CC=CC=C2C)C2=CC=CC=C2C=C1CN1CCC(CC1)C(=O)N1CCN(CC1)C,0.011166686331853271
[C@@H]12CN(C[C@@H]1[C@@](N[C@@H]2C1=CC=C(C2C=CC(=CC=2)C)O1)(CO)CCO)C,0.004575178782737765
N1(CCC[C@H]1C(=O)N(C)C)C(=O)CCN1CCCCCCC1,0.015299330186098813
N1(CC2=CC=CC=C2C)C2=CC=CC=C2C=C1CN1CCC(CC1)C(=O)N(C)CCCC,0.012618488958105445
CN(S(C1=CN=C(SCC(C2C3=C(C=CC=C3)N(C)C=2C2=CC=CC=C2)=O)C=C1)(=O)=O)C,0.009013909334316849
N1(CC2=CC=CC=C2C)C2=CC=CC=C2C=C1CN1CCC(CC1)C(=O)N1CCC2(CC1)OCCO2,0.01263811020180583
CN(S(C1=CN=C(SCC(N2C3=C(C=CC=C3)NC(=O)C2)=O)C=C1)(=O)=O)C,0.004673656728118658
N1(CC2=CC=CC=C2C)C2=CC=CC=C2C=C1CN1CCC(CC1)C(=O)N1CCCCC1,0.013338059373199939
C1(C2=CC=CC(C)=C2)=NC=C(C=N1)CN(CC1CCN(CC1)CCOC)CC1CCCO1,0.013684919476509095
N1(CC2=CC=CC=C2C)C2=CC=CC=C2C=C1CN1CCC(CC1)C(=O)N(C)CC1=CC=CO1,0.011704105418175459
CN(S(C1=CN=C(SCC(NC(NC2CCCC2)=O)=O)C=C1)(=O)=O)C,0.001528640979086049
C1(C(=O)N[C@@H]2CN3[C@H](CN(CC3)C)C2)SC=C2OCCOC=12,0.006425947579555213
CC(C(NC1=CC=C(Br)C=C1)=O)SC1=NC=C(S(N(C)C)(=O)=O)C=C1,0.0050186862936243415
N1=NC(=CN1C1CCN(CC1)C1=CC=NC(SC)=N1)CN1CCC(O)C1,0.0035509464330971243
CN(S(C1=CN=C(SCC(NC2=NOC(C)=C2)=O)C=C1)(=O)=O)C,0.004043748753610998
CN(S(C1=CN=C(SCC(NN2C(=O)C3(CCCCC3)NC2=O)=O)C=C1)(=O)=O)C,0.0009579622143064626
C1(C2=CC=CO2)=NOC(CN2CCC(O)(C3C=CC=CC=3C)C2)=N1,0.008511760784313083
N1(CC2=CC=CC=C2C)C2=CC=CC=C2C=C1CN1CCC(CC1)C(=O)NCC1=CC=CC(Cl)=C1,0.008012116164900362
C1(CN(CCN1C)CC1C=C(Cl)C(=CC=1OC)OC)C(O)=O,0.0053255587816238405
N1(CC2=CC=CC=C2C)C2=CC=CC=C2C=C1CN1CCC(CC1)C(=O)NCC1=CC=CC=C1,0.009328484302386642
C1(C=C(NN=1)COC1=CC=CC=C1)C(=O)N(C)CC1C=NC2C(=CC=CC=2)C=1,0.005312804994173348
N1(CC2=CC=CC=C2C)C2=CC=CC=C2C=C1CN1CCC(CC1)C(=O)NC(C)CC,0.01096508875489235
C12C(C3=CC=CC(C)=C3)N(CCC=1C1C(=CC=CC=1)N2)CC1C=CNN=1,0.008827752131037415
CN(S(C1=CN=C(SCC2=CC=C(C(C)(C)C)C=C2)C=C1)(=O)=O)C,0.007001819391734898
N1(CC2=CC=CC=C2C)C2=CC=CC=C2C=C1CN1CCC(CC1)C(=O)NCC1C=CC=CC=1Cl,0.008166452613659203
N1(CC2=CC=CC=C2C)C2=CC=CC=C2C=C1CN1CCC(CC1)C(=O)NCC1=CC=C(C=C1)Cl,0.008048790437169374
C1(N=NC=C(C2C=CC=C(F)C=2)N=1)N[C@@H](CC1C=CC=CC=1)C(OC)=O,0.003973114164546132
N1(CC2=CC=CC=C2C)C2=CC=CC=C2C=C1CN1CCC(CC1)C(=O)NC1CCCCCC1,0.011593063920736313
CN(S(C1=CN=C(SCC(NC2=C(C#N)C=CS2)=O)C=C1)(=O)=O)C,0.0025704113533720372
N1(CC2=CC=CC=C2C)C2=CC=CC=C2C=C1CN1CCC(CC1)C(=O)NC1CCCCCCC1,0.01167071438394487
COC1=CC=C(CNC(C(SC2=NC=C(S(N(C)C)(=O)=O)C=C2)C)=O)C=C1,0.0049028921406716105
C1([C@@H](N)C2C=CC=CC=2Cl)=NC(=NN1C1C=CC(=CC=1)F)C,0.006730741309002042
CN(S(C1=CN=C(SCC2C3=C(C=CC4=C3C=CC=C4)OC(=O)C=2)C=C1)(=O)=O)C,0.00452778497710824
N1C(NC2CC2)=CC(=NC=1N)C1C=C(CCC2CCCCN2)C=C(O)C=1,0.0033523180056363342
N1(CC2=CC=CC=C2C)C2=CC=CC=C2C=C1CN1CCC(CC1)C(=O)NC1CCCC1,0.01108270357362926
S(=O)(=O)(C1C=CC(=CC=1)C)NCC1=CN(N=N1)[C@@H]1CN[C@H](C(NC)=O)C1,0.0041383856325410305
N1(CC2=CC=CC=C2C)C2=CC=CC=C2C=C1CN1CCC(CC1)C(=O)NCC1=CC=CO1,0.010028798505663872
N1(CC)C(=O)N(N=C1C1CCCN(CC2SC=C(C(C)C)N=2)C1)C,0.00788866337388754
N1(CC2=CC=CC=C2C)C2=CC=CC=C2C=C1CN1CCC(CC1)C(=O)NCC1=CC=C(C=C1)OC,0.008563625300303102
C1(C=COC=1C)C(=O)N1CCCC(N(C)CCC2C=CC(=C(OC)C=2)OC)C1,0.01217270907945931
N1(CC2=CC=CC=C2C)C2=CC=CC=C2C=C1CN1CCC(CC1)C(=O)NCC1=CC=C(C=C1)C,0.010196020547300576
CN(S(C1=CN=C(SCC(N2C(=O)CCC2)=O)C=C1)(=O)=O)C,0.0020011367450933903
C1(=C(C)C=C(N(C)C1=O)C)C(=O)N1CCCC1C1=CC=CC=C1OC,0.011461030784994363
N1(CC2=CC=CC=C2C)C2=CC=CC=C2C=C1CN1CCC(CC1)C(NCCCC1C=CC=CC=1)=O,0.008503063186071812
C(=O)(NC1C=C(Cl)N=C(Cl)C=1)N1CCC2(CCN(CC2)C)C1,0.0055545165436342355
N1(CC2=CC=CC=C2C)C2=CC=CC=C2C=C1CN1CCC(CC1)C(=O)NCC1C=CC2=C(OCO2)C=1,0.008369491645134985
C1(C2=CC=C(C(C)=C2C)OC)OC(=C(CN2C(C)CNC(=O)CC2)N=1)C,0.006289165280759334
N1(CC2=CC=CC=C2C)C2=CC=CC=C2C=C1CN1CCC(CC1)C(NCCC)=O,0.010652468027547001
CC(C(NC1=CC2=C(OCO2)C=C1)=O)SC1=NC=C(S(N(C)C)(=O)=O)C=C1,0.004714169050566852
CN(S(C1=CN=C(SCC2=C(Cl)C=C(F)C=C2)C=C1)(=O)=O)C,0.003501793276518583
N1(CC2SC=C(C)N=2)N=CC(=CC1=O)N1CCOC(CCN)C1,0.0068559542065486315
C(C1=CC=CC=C1)(=O)NC1=CC=C(C=C1NC(CCC1=CC=CN=C1)=O)C,0.006494501931592822
N1(CC2=CC=CC=C2C)C2=CC=CC=C2C=C1CN1CCC(CC1)C(NCCC1=CNC=N1)=O,0.004458903102204204
C1(CN2C3=CC(C)=CC=C3OC2=O)=NC(=NN1C1C=CC=CN=1)CC(C)C,0.006997525272890925
CC(C(NC1=CC(C)=CC=C1)=O)SC1=NC=C(S(N(C)C)(=O)=O)C=C1,0.0044153100345283745
C1(=CC(C)=CC=C1OC1CCN(CC1)CC1C=CN=CC=1)C(=O)N1CCC(COC)C1,0.010394436679780484
CC(C(NC1=CC=C(OC(F)(F)F)C=C1)=O)SC1=NC=C(S(N(C)C)(=O)=O)C=C1,0.0026982678042259066
C1(=O)OCCN1CC(=O)N1CCCC(C(=O)C2C=CC(=CC=2)C2C=CC=CC=2)C1,0.008734458684921264
N1(CC2=CC=CC=C2C)C2=CC=CC=C2C=C1CN1CCC(CC1)C(=O)NC(C)C1=CC=CC=C1,0.009912945004180074
N1=C(C2C=CC=C(Cl)C=2)OC(C)=C1CN1C=C(C=N1)CCO,0.00250617116689682
N1(CC2=CC=CC=C2C)C2=CC=CC=C2C=C1CN1CCC(CC1)C(NCCCN1CCOCC1)=O,0.008125527645461261
CC(C1=CC=C(NC(C(SC2=NC=C(S(N(C)C)(=O)=O)C=C2)C)=O)C=C1)C,0.005102743557654321
N1(CC2=CC=CC=C2C)C2=CC=CC=C2C=C1CN1CCC(CC1)C(=O)NC1CC1,0.010596530558541418
CC(C(N1C2=C(C=CC=C2)CCC1)=O)SC1=NC=C(S(N(C)C)(=O)=O)C=C1,0.006377660762518644
N1(CC2C=CC(=CC=2)F)C(C(C)C)CN(CCC1=O)CC1=CN=CN1C1CC1,0.007984815584495663
CN(S(C1=CN=C(SCC(NC2=CC3=C(CCC3)C=C2)=O)C=C1)(=O)=O)C,0.005644045979715883
N1(CC2=CC=CC=C2C)C2=CC=CC=C2C=C1CN1CCC(CC1)C(NCCC(C)C)=O,0.011175584653392434
CN(S(C1=CN=C(SCCOC2=C(Cl)C=CC=C2Cl)C=C1)(=O)=O)C,0.005192668410018086
N1(CC2=CC=CC=C2C)C2=CC=CC=C2C=C1CN1CCC(CC1)C(=O)NCC1C=CC=C(C)C=1,0.009598057344555854
CC(C(NC1=CC=C(OC(F)F)C=C1)=O)SC1=NC=C(S(N(C)C)(=O)=O)C=C1,0.003181358112487942
N1(CC2=CC=CC=C2C)C2=CC=CC=C2C=C1CN1CCC(CC1)C(NCCC1C=CC=CC=1)=O,0.00931516350246966
CC(C(NC1CC1)=O)SC1=NC=C(S(N(C)C)(=O)=O)C=C1,0.005039233062416315
N1(CC2=CC=CC=C2C)C2=CC=CC=C2C=C1CN1CCC(CC1)C(NCCCN1CCCC1=O)=O,0.007937517273239792
N1(C2=CC=C(C(C)=C2)C)N=CC2C(CCCC=21)NCC1C=C(OC)C(=C(Cl)C=1)O,0.006706619169563055
N1(CC2=CC=CC=C2C)C2=CC=CC=C2C=C1CN1CCC(CC1)C(NCCOC)=O,0.008342433185316623
CN(S(C1=CN=C(SCC2N=C(C)SC=2)C=C1)(=O)=O)C,0.0044670480187050995
N1(CC2=CC=CC=C2C)C2=CC=CC=C2C=C1CN1CCC(CC1)C(=O)NCC1=CC=CC=C1OC,0.008548146183602511
N1=NC(=CN1[C@@H]1CN[C@H](C(NC)=O)C1)CNC(=O)C1=CC=NC(Cl)=C1,0.0046052680001594124
CC(C(C(NC(N)=O)=O)SC1=NC=C(S(N(C)C)(=O)=O)C=C1)C,0.0011183049209648743
N1(CC2=CC=CC=C2C)C2=CC=CC=C2C=C1CN1CCC(CC1)C(=O)NCC1C=CC=C(OC)C=1,0.008491866546683014
C1(C(NCCN2CCCCC2CO)=O)=CN(N=N1)CC1C=CC(=CC=1)Cl,0.0029063147609122097
CCN(C(C(SC1=NC=C(S(N(C)C)(=O)=O)C=C1)C)=O)CC1=CC=CC=C1,0.006669848272576928
N1(CC2=CC=CC=C2C)C2=CC=CC=C2C=C1CN1CCC(CC1)C(=O)NCC1=CC=C(C=C1)F,0.008067034534178674
N1(C)CC2=CC=CC=C2CC1CNC1C=C(OC)N=CN=1,0.007348822639323771
CCOC(C1C(C)=C(C(C(SC2=NC=C(S(N(C)C)(=O)=O)C=C2)C)=O)NC=1C)=O,0.006635288125835359
N1(CC2=CC=CC=C2C)C2=CC=CC=C2C=C1CN1CCC(CC1)C(=O)NC1=CC=C(C=C1)C(C)C,0.009246329544112086
N1(CCCC(C1)CCC(=O)N(C)CCC1C=CC=CN=1)CC1C=CC=CC=1OC(F)F,0.006345404859166593
N1(CC2=CC=CC=C2C)C2=CC=CC=C2C=C1CN1CCC(CC1)C(=O)NC1CCCC2C=CC=CC1=2,0.011056208238005637
C1(C(C)NC2C=C(CN)N=CN=2)=CN(N=C1C)C,0.00741727005224675
CN(S(C1=CN=C(SCC2N=C(CC(NC3=C(C)C=CC(C)=C3)=O)SC=2)C=C1)(=O)=O)C,0.0041150815784931185
N1(CC2=CC=CC=C2C)C2=CC=CC=C2C=C1CN1CCC(CC1)C(=O)NCC(C)C1C=CC=CC=1,0.009546056576073169
N1(CCOC(CC2C=CC=C(OC)C=2)C1)C(=O)C1=CC=CC(=C1)CN1C=CC=N1,0.008977478928864002
CCCOC1=CC=C(OCCSC2=NC=C(S(N(C)C)(=O)=O)C=C2)C=C1,0.005529453791677952
N1(C2=CC=C(C=C2CN2CCN(C(CCO)C2)CC2C=CC=CC=2)F)C(C)=CC(C)=N1,0.0044028459582477805
S(=O)(=O)(C1C=CC=C(C=1)C(F)(F)F)N1CCC(CC1)(CO)CC1C=CC=C(C=1)C(F)(F)F,0.0029089778661727907
S(=O)(=O)(NCC1CCCN(CC2=CC=C(COC)O2)C1)C1=CC=CC2C=CC=NC1=2,0.004721328138839453
N1(CC2=CC=CC=C2C)C2=CC=CC=C2C=C1CN1CCC(CC1)C(=O)NCC1CCCN1CC,0.01095369174145162
N1(CCCC(O)C1)C1=NC=CC=C1CNC1CC2C(=CC=CC=2)C1,0.003150241682305932
N1(CC2=CC=CC=C2C)C2=CC=CC=C2C=C1CN1CCC(CC1)C(=O)NCC1=CC=CS1,0.008071641903370619
[C@]1(CO)(CC(C)C)[C@H]2CN(C[C@H]2[C@@H](C2=CC=C(C)S2)N1)C,0.0038998914351395797
N1(CC2=CC=CC=C2C)C2=CC=CC=C2C=C1CN1CCC(CC1)C(NCCC1CCCCC=1)=O,0.01209522020071745
N1N(C2C=CC(=CC=2)F)C=C(CNCC2C(C)=NNC=2C)C=1C1C=CC=CC=1Cl,0.004851945408154279
N1(CC2=CC=CC=C2C)C2=CC=CC=C2C=C1CN1CCC(CC1)C(=O)NC(C)CCC1=CC=CC=C1,0.009811650682240724
N1(CC2=CC=CC=C2C)C2=CC=CC=C2C=C1CN1CCC(CC1)C(NCCCOC)=O,0.008474077424034476
N1(CC2=CC=CC=C2C)C2=CC=CC=C2C=C1CN1CCC(CC1)C(=O)NCC1=CC=C(C)O1,0.010181469609960914
N1(CC2=CC=CC=C2C)C2=CC=CC=C2C=C1CN1CCC(CC1)C(=O)NC1CCCCC1,0.01128700845874846
CC(C(NC1CCCC1)=O)SC1=NC=C(S(N(C)C)(=O)=O)C=C1,0.006233975919894874
N1(CC2=CC=CC=C2C)C2=CC=CC=C2C=C1CN1CCC(CC1)C(NCC)=O,0.009603135613724589
CC(C(N1CCOCC1)=O)SC1=NC=C(S(N(C)C)(=O)=O)C=C1,0.004966984270140529
C1(C2(CCCC2)O)=CN(N=N1)C1CCN(CC1)C1CSCC1,0.011375807924196124
N1(CC2=CC=CC=C2C)C2=CC=CC=C2C=C1CN1CCC(CC1)C(NCCCC)=O,0.009659996442496776
C1(C=C(NN=1)CN1C=CN=C1C(C)C)C(=O)N[C@@H](C(C)C)C(OC)=O,0.004162676096893847
C1(=CN=C2CCCCN12)NC(=O)C1C=CC(=CC=1OC)C,0.005787254706956446
CN(S(C1=CN=C(SCC2=C(C)C=CC=C2)C=C1)(=O)=O)C,0.004705761431250721
C(=O)(N1CCCCCC1)C1=CC=CC=C1OCC(C)=C,0.014153042854741216
N1(CC2=CC=CC=C2C)C2=CC=CC=C2C=C1CN1CCC(CC1)C(NCCC1C(C)=NOC=1C)=O,0.009254748467355967
CC(C(N)=O)SC1=NC=C(S(N(C)C)(=O)=O)C=C1,0.004473676986526698
N1(CC2=CC=CC=C2C)C2=CC=CC=C2C=C1CN1CCC(CC1)C(=O)NC(C)CC1=CC=CO1,0.010057258466258646
C1(C(C)=O)=CC(=CS1)CN1CCCC(CO)(CCC2=CC=CC=C2)C1,0.008460242068395019
N([C@H](C(C)C)C(N)=O)C(=O)C1=CC=C(C=C1)OC1=CC=C(C=C1)OC,0.007930202852003276
CN(S(C1=CN=C(SCC(NCCC#N)=O)C=C1)(=O)=O)C,0.0023473316181480187
N1=C(C=CC(NCC2C=CC=CC=2C)=N1)C1C=CC=CC=1OC,0.008844233211129903
N1(CCN(CC1CCO)CC1=CC=CC(OCC)=C1O)CC1C=CC(=C(F)C=1)F,0.0028498201514594256
N1(CC2=CC=CC=C2C)C2=CC=CC=C2C=C1CN1CCC(CC1)C(NCCCN1CCCC1)=O,0.009750628983601928
N1(C(=O)COC2=CC=C(C)C=C12)CC(=O)N(C)CC1NC=CN=1,0.003092653030762449
N1(CC2=CC=CC=C2C)C2=CC=CC=C2C=C1CN1CCC(CC1)C(=O)NCC1C=CC=CC=1F,0.007859479659236968
C(=O)(NC(CO)C1C=CC=CC=1)C1(CCNCC1)OC1=CC=C(C=C1)C,0.004305030987598002
N1(CC2=CC=CC=C2C)C2=CC=CC=C2C=C1CN1CCC(CC1)C(=O)NCC1=CC=CC=C1OCC,0.008526962110772729
C(CN(C)CC1C=CC=CN=1)(=O)NC1=CC=C(C=C1)NC(CCCC)=O,0.007869130256585777
N1(CC2=CC=CC=C2C)C2=CC=CC=C2C=C1CN1CCC(CC1)C(NCCN1CCN(CC1)C)=O,0.009307878883555531
CN(S(C1=CN=C(SCC(NC2=C(C)N(C3=CC=CC=C3)N=C2C)=O)C=C1)(=O)=O)C,0.004874495952390134
N1(CC2=CC=CC=C2C)C2=CC=CC=C2C=C1CN1CCC(CC1)C(=O)NCC1=CC=C(C=C1)SC,0.008168165129609406
CN(S(C1=CN=C(SCC2=NC(NC3=C(C)C=CC=C3)=NC(N)=N2)C=C1)(=O)=O)C,0.003387748159002513
N1(CC2=CC=CC=C2C)C2=CC=CC=C2C=C1CN1CCC(CC1)C(=O)NCC1C=CC(=CC=1)OCC,0.008556100423447788
CCOC(C1C(CC)NC(=O)NC=1CSC1=NC=C(S(N(C)C)(=O)=O)C=C1)=O,0.003577501862309873
N1(CC2=CC=CC=C2C)C2=CC=CC=C2C=C1CN1CCC(CC1)C(=O)NCC1=CC=C(C=C1)N(C)C,0.008295532455667854
C1(SC(=NC=1C)C)C1C=C(C2C=CC3=C(OCCO3)C=2)N=C(N)C=1C#N,0.0049843685585074125
N1(CC2=CC=CC=C2C)C2=CC=CC=C2C=C1CN1CCC(CC1)C(NCCC1=CC=CS1)=O,0.008542792871594429
C1(=NC=C(CN(C)CCCN2CCOCC2)N1CCCC)S(=O)(=O)CC1CCC1,0.009643628401681781
N1(CC2=CC=CC=C2C)C2=CC=CC=C2C=C1CN1CCC(CC1)C(NCCC1=CC=CO1)=O,0.009820971079170704
CN(S(C1=CN=C(SCC2=CC=C(C3=CC=CC=C3)C=C2)C=C1)(=O)=O)C,0.00559415555326268
N1(CC2=CC=CC=C2C)C2=CC=CC=C2C=C1CN1CCC(CC1)C(=O)NCC1=CC=CC=C1C,0.009704756969586014
N1(CC2=CC=CC=C2C)C2=CC=CC=C2C=C1CN1CCC(CC1)C(=O)NCC1=CC=CC(F)=C1,0.007618140475824475
N1NC=CC=1C1=CC=C(C=C1)OCCN1CCCC1,0.006499092164449394
COC1=CC=C(N2CCN(C(CSC3=NC=C(S(N(C)C)(=O)=O)C=C3)=O)CC2)C=C1,0.004907303838990629
N1(CC2=CC=CC=C2C)C2=CC=CC=C2C=C1CN1CCC(CC1)C(NCCC(C)N1CCCC1)=O,0.011044223606586457
CN(S(C1=CN=C(SCC(N(CC2=C(Br)C=CC=C2)C)=O)C=C1)(=O)=O)C,0.0067385670496150855
N1(CC2=CC=CC=C2C)C2=CC=CC=C2C=C1CN1CCC(CC1)C(=O)NCC1=CC=C(C=C1)CC,0.010361202480271458
N1(CC2=CC=CC(C)=C2)C2=CC=CC=C2C=C1CN1CCC(CC1)C(=O)N(C)CC1C=CC=CC=1,0.010961875412613153
CC(C1=C(Cl)C=CC=C1)SC1=NC=C(S(N(C)C)(=O)=O)C=C1,0.005626294785179198
N1(CC2=CC=CC(C)=C2)C2=CC=CC=C2C=C1CN1CCC(CC1)C(=O)N1CCCCCC1,0.013533985707908869
CN(S(C1=CN=C(SCC(NCC(NC2=C(C)C(C)=CC=C2)=O)=O)C=C1)(=O)=O)C,0.004487158393021673
N1N=C(C=C1C1CCN(CC1)C(=O)CC1N=CC=CN=1)CC(O)=O,0.003115203173365444
N1(CC2=CC=CC(C)=C2)C2=CC=CC=C2C=C1CN1CCC(CC1)C(=O)N1CCC(CC1)C,0.013419294264167547
C1(=NC=CC=C1CNC(=O)C1C=CC=C(O)C=1C)OC1=CC=C(N=C1)C,0.003559013735502958
N1(CC2=CC=CC(C)=C2)C2=CC=CC=C2C=C1CN1CCC(CC1)C(=O)N1CCCC1,0.01296138232573867
CN(S(C1=CN=C(SCCCN2C3=C(C=CC=C3)NC2=O)C=C1)(=O)=O)C,0.0017082670528907329
N1(CC2=CC=CC(C)=C2)C2=CC=CC=C2C=C1CN1CCC(CC1)C(=O)N1CCC2(CC1)OCCO2,0.012581503065302969
CN(S(C1=CN=C(SCCCC(C2SC=CC=2)=O)C=C1)(=O)=O)C,0.0068385536316782234
N1(CCCC(CO)(CC2C=CC=C(OC)C=2)C1)C1=NC=CC=C1C#N,0.003405777970328927
N1(CC2=CC=CC(C)=C2)C2=CC=CC=C2C=C1CN1CCC(CC1)C(=O)N1CCCCC1,0.013251870637759566
N1C(C(C)C)=NOC=1C1=CC=C(N=C1)N1CCN(CC1)CC1=CC=CC=N1,0.00862228898331523
N1(CC2=CC=CC(C)=C2)C2=CC=CC=C2C=C1CN1CCC(CC1)C(=O)NCC1=CC=CC(Cl)=C1,0.008022678713314236
COC(C1C(C)=C(C(C(SC2=NC=C(S(N(C)C)(=O)=O)C=C2)C)=O)NC=1C)=O,0.00661512108054012
N1(CCCC(C(CC)=O)C1)C(=O)C1C=CC(=C(OC2CCN(CC2)C(C)=O)C=1)OC,0.012819230929017067
N1(CC2=CC=CC(C)=C2)C2=CC=CC=C2C=C1CN1CCC(CC1)C(=O)NCC1C=CC=NC=1,0.008618540270254016
CN(S(C1=CN=C(SCC(N2C(=O)NCC2)=O)C=C1)(=O)=O)C,0.0009961255913367496
N1N(CC)N=NC=1NCCC1=CC=CC=C1,0.00480038698296994
N1(CC2=CC=CC(C)=C2)C2=CC=CC=C2C=C1CN1CCC(CC1)C(=O)NCC1=CC=CC=C1,0.009320298675447702
N1(CC2=CC=CC(C)=C2)C2=CC=CC=C2C=C1CN1CCC(CC1)C(=O)NC(C)CC,0.01086899247020483
CN(S(C1=CN=C(SCC2=C(Br)C=C3C(OCO3)=C2)C=C1)(=O)=O)C,0.006452020001597702
N1(CC2=CC=CC(C)=C2)C2=CC=CC=C2C=C1CN1CCC(CC1)C(=O)NCC1C=CC=CC=1Cl,0.008063309988938273
C1([C@H](OC)C2C=CC=CC=2)NN=C(CCC2C=CC=CC=2)N=1,0.006615145225077867
N1(CC2=CC=CC(C)=C2)C2=CC=CC=C2C=C1CN1CCC(CC1)C(=O)NCC1=CC=C(C=C1)Cl,0.008015887741930783
C12C=C(CN3CCOC(CC4C=CC=CC=4)C3)C(=NC=1CN(C(C)C)C2=O)OC,0.009072989644482731
CCN(C(CSC1=NC=C(S(N(C)C)(=O)=O)C=C1)=O)CC(NCC1=CC=C(F)C=C1)=O,0.0050289240200072525
C1(=CC=NN1C1CCN(CC1)CCCO)NC(=O)C1C=CC=CC=1Cl,0.0026227717113215475
CCOC1=CC2=C(N(C(C=C2C)(C)C)C(CSC2=NC=C(S(N(C)C)(=O)=O)C=C2)=O)C=C1,0.006368871522136032
N12C(C3CC3)=NN=C1SC(C1=C(C)N(N=N1)CC1C=CC=CC=1)=N2,0.010106123797595502
CN(S(C1=CN=C(SCCCN2C(=O)C3=C(N=CN3C)N(C)C2=O)C=C1)(=O)=O)C,0.003790652600582689
S(=O)(=O)(N1CCOCC1)C1C=C(C=C(C=1)N1C=CN=C1C1C=CC=CN=1)C(O)=O,0.0025341231026686727
N1(CC2=CC=CC(C)=C2)C2=CC=CC=C2C=C1CN1CCC(CC1)C(=O)NC1CCCCCCC1,0.011615160759538412
N1(CC2=CC=CC(C)=C2)C2=CC=CC=C2C=C1CN1CCC(CC1)C(=O)NC1CCCC1,0.011003992194309831
N1(C)C[C@@H](C[C@H]1C(OC)=O)NC(=O)C1CCN(CC1)C(=O)CC(C)C,0.00815827373880893
N1(CC2=CC=CC(C)=C2)C2=CC=CC=C2C=C1CN1CCC(CC1)C(=O)NCC1=CC=CO1,0.00994158312678337
N1(CC2=CC=C(C=C2)F)C(=O)CCN(C(C2=CC=NC=C2)=O)CC1C(C)C,0.008291545649990439
CCN(C1CCCC=1)C(CSC1=NC=C(S(N(C)C)(=O)=O)C=C1)=O,0.007607527589425444
N1(CCCN(CC2C=CC(=CC=2)F)C(C(C)C)C1)C(=O)C(C)(C)C,0.011607280280441046
N1(CC2=CC=CC(C)=C2)C2=CC=CC=C2C=C1CN1CCC(CC1)C(=O)NCC1=CC=C(C=C1)OC,0.00852940152399242
C1C(=O)N(C)N=CC=1N1CCC(CNCC2=CNN=C2C2=CC=C(C=C2)F)C1,0.0038881645537912845
CN(S(C1=CN=C(SCCCOC2=CC=C(F)C=C2)C=C1)(=O)=O)C,0.004352740186732262
N1(CC2=CC=CC(C)=C2)C2=CC=CC=C2C=C1CN1CCC(CC1)C(=O)NCC1=CC=C(C=C1)C,0.010181963304057717
C1(C(O)=CC=C(C=1)N1C=CC=C1)C(=O)N(C(CC)CO)CC1=CC=CO1,0.0032300651539117096
N1(CC2=CC=CC(C)=C2)C2=CC=CC=C2C=C1CN1CCC(CC1)C(=O)NCC1C=CC2=C(OCO2)C=1,0.008334609866142272
C1(=COC(COC2C=CC=C3C=CC=NC=23)=N1)C(=O)NC(C)C1OC(=NN=1)C,0.004933040589094162
N1(CC2=CC=CC(C)=C2)C2=CC=CC=C2C=C1CN1CCC(CC1)C(=O)NC(C)C,0.009864415228366851
C1(=NC=C(CN2CCN(CC2)CC)N1CC(C)C)S(=O)(=O)CC1CCCO1,0.008203333639539779
CC(C1NC(=O)C2=C(C=CC=C2)N=1)SC1=NC=C(S(N(C)C)(=O)=O)C=C1,0.002951520821079612
N1(CC2=CC=CC(C)=C2)C2=CC=CC=C2C=C1CN1CCC(CC1)C(=O)NC(C)C1=CC=CC=C1,0.009857866587117315
C1(=CC=CC2OCOC1=2)CN1CCC(CC1)CCC(=O)NC1C=CC(=C(Cl)C=1)F,0.006874490785412491
N1(CC2=CC=CC(C)=C2)C2=CC=CC=C2C=C1CN1CCC(CC1)C(NCCCN1CCOCC1)=O,0.008063830411992967
C1([C@@H]2CCCN2C(C)=O)NN=C(CC2C=CC=CC=2)N=1,0.00440153517993167
COC1=CC=C(NC(NC(CSC2=NC=C(S(N(C)C)(=O)=O)C=C2)=O)=O)C=C1,0.0013196927728131413
N1(CC2=CC=CC(C)=C2)C2=CC=CC=C2C=C1CN1CCC(CC1)C(=O)NC1CC1,0.010511614102870225
CN(S(C1=CN=C(SCC(NCC2OCCN(CC3=CC=CC=C3)C2)=O)C=C1)(=O)=O)C,0.004546785424463451
N1=C(N2CCCC2)C(N2CCN(CC2)C(=O)C2C=CC=C(OC)C=2)=NC2=NON=C21,0.007729485374875366
N1(CC2=CC=CC(C)=C2)C2=CC=CC=C2C=C1CN1CCC(CC1)C(NCCC(C)C)=O,0.01108169830404222
C1(=C(CC)OC=N1)C(=O)NCC1=CC=CN=C1N1CCOCC1,0.004114105168264359
CN(S(C1=CN=C(SCC(N(C2=CC=CC=C2)C2CS(=O)(=O)CC2)=O)C=C1)(=O)=O)C,0.004870546096935868
N1(CCC2=CC=CC(F)=C2)CC(CCC1=O)C(=O)N(C)CC1C=C(NN=1)C,0.004229245951864869
CN(S(C1=CN=C(SCC(NC2=C(C(C)=O)C=C3C(OCO3)=C2)=O)C=C1)(=O)=O)C,0.006466747750528157
CN(S(C1=CN=C(SCC(N(C2=CC=CC=C2)C2CCCCC2)=O)C=C1)(=O)=O)C,0.006802513264119625
N1(CC2=CC=CC(C)=C2)C2=CC=CC=C2C=C1CN1CCC(CC1)C(=O)NCC1C=CC=C(C)C=1,0.009698530565947295
CC(C1=CC2=C(OCCO2)C=C1)NC(CSC1=NC=C(S(N(C)C)(=O)=O)C=C1)=O,0.005338447261601686
N1(CC2=CC=CC(C)=C2)C2=CC=CC=C2C=C1CN1CCC(CC1)C(NCCC1C=CC=CC=1)=O,0.00930268461816013
N1(CC(C)NC2=NC(C)=NC3SC=CC2=3)C(C)=CC(C)=N1,0.006427924637682736
N1(CC2=CC=CC(C)=C2)C2=CC=CC=C2C=C1CN1CCC(CC1)C(=O)NCC1CCCO1,0.009999432926997542
C1(=CC=NN1C1CCN(CC1)CC1=CC=C(C)S1)NC(=O)C1C=CC(=CC=1)OC,0.005668810522183776
N1(CC2=CC=CC(C)=C2)C2=CC=CC=C2C=C1CN1CCC(CC1)C(NCCCN1CCCC1=O)=O,0.007875091210007668
CN(S(C1=CN=C(SCC2=C(Cl)N=C3C(C=CC=C3)=C2)C=C1)(=O)=O)C,0.004403337079565972
N1(CC2=CC=CC(C)=C2)C2=CC=CC=C2C=C1CN1CCC(CC1)C(NCCOC)=O,0.008273538341745735
C1(C=COC=1C)C(=O)NCC1OCCN(C(C)=O)C1,0.006829275004565716
N1(CC2=CC=CC(C)=C2)C2=CC=CC=C2C=C1CN1CCC(CC1)C(=O)NCC1=CC=CC=C1OC,0.00844656208064407
CCN(C1=CC=C(C(NNC(CSC2=NC=C(S(N(C)C)(=O)=O)C=C2)=O)=O)C=C1)CC,0.00248531874967739
N1(CC2=CC=CC(C)=C2)C2=CC=CC=C2C=C1CN1CCC(CC1)C(=O)NCC1=CC=C(C=C1)F,0.008032362232916057
N1(CC(C)(C)C)CC(CC1=O)NC(=O)NC1C=CC(=CC=1OC)OC,0.005656658089719713
N1(CC2=CC=CC(C)=C2)C2=CC=CC=C2C=C1CN1CCC(CC1)C(=O)NC1CCCC2C=CC=CC1=2,0.010980293387547135
CN(S(C1=CN=C(SCC(N(CC2SC(Cl)=CC=2)C)=O)C=C1)(=O)=O)C,0.004596307408064604
N1(CC2=CC=CC(C)=C2)C2=CC=CC=C2C=C1CN1CCC(CC1)C(=O)NCC(C)C1C=CC=CC=1,0.009492875915020705
N1(CC2=CC=CC(C)=C2)C2=CC=CC=C2C=C1CN1CCC(CC1)C(=O)NCC1CCCN1CC,0.010868866415694355
N1(CC2=CC=CC(C)=C2)C2=CC=CC=C2C=C1CN1CCC(CC1)C(=O)NCC1=CC=CS1,0.008003094536252319
N1C(C2=CC=C(C=C2)CCO)=NOC=1C1C=NC=CC=1C,0.003579858841840178
N1(CC2=CC=CC(C)=C2)C2=CC=CC=C2C=C1CN1CCC(CC1)C(NCCC1CCCCC=1)=O,0.01199412178248167
CN(S(C1=CN=C(SCC2=C(Br)C=C3C(OCCO3)=C2)C=C1)(=O)=O)C,0.006430145725607872
N1(CC2=CC=CC(C)=C2)C2=CC=CC=C2C=C1CN1CCC(CC1)C(=O)NCC1=CC=C(C)O1,0.01009801235049963
C1(=CC=C(C=C1OCC(O)CN1CCCC1)OC)CN(C)CC(OCC)=O,0.004678633576259017
N1(CC2=CC=CC(C)=C2)C2=CC=CC=C2C=C1CN1CCC(CC1)C(=O)NC1CCCCC1,0.011211918946355582
C12C=NN(C3=CC=C(C=C3)F)C=1CC(C)(C)CC2NC(=O)C1=CC=NN1C,0.008569398103281856
N1=C(NCC2(COC3C=CC=CC=3)CC2)C2CCNCC=2N=C1N(C)C,0.009107131510972977
N1(CC2=CC=CC(C)=C2)C2=CC=CC=C2C=C1CN1CCC(CC1)C(NCCCC)=O,0.009574040630832314
C1(C(NCCN2CCCOC2=O)=O)C=C(N(C)N=1)C,0.004847468971274793
N1(CC2=CC=CC(C)=C2)C2=CC=CC=C2C=C1CN1CCC(CC1)C(NCCCN1CCCCC1)=O,0.009827998001128435
N1(CCC)C(=O)NN=C1CC1=CC=CC=C1,0.003589120844844729
N1(CC2=CC=CC(C)=C2)C2=CC=CC=C2C=C1CN1CCC(CC1)C(NCCN1CCCCCC1)=O,0.0111198456492275
C1(OC(=NN=1)CCC(=O)N1CCN(CC1)CC1C=CC=C(F)C=1)C1C=C(ON=1)C,0.005307331820949912
N1(CC2=CC=CC(C)=C2)C2=CC=CC=C2C=C1CN1CCC(CC1)C(=O)NCC1C=CC=CC=1F,0.007764679007232189
C1(CCCN(CC2NC=CN=2)C1)(CCOC1=CC=CC=C1)C(OCC)=O,0.004248427308630199
N1(CC2=CC=CC(C)=C2)C2=CC=CC=C2C=C1CN1CCC(CC1)C(=O)NCC1=CC=C(C=C1)SC,0.008135230303741992
N1C(C)=C(C(C)NC2CCSCC2)C=NC=1C1C=CN=CC=1,0.008870080718770624
N1(CC2=CC=CC(C)=C2)C2=CC=CC=C2C=C1CN1CCC(CC1)C(=O)NCC1=CC=C(C=C1)N(C)C,0.008267051866278052
C1(C(C)=NNC=1C)CN(C)C1=CC=C(C=N1)C1ON=C(COC)N=1,0.004537417541723698
CN(S(C1=CN=C(SCC(N2CCN(C(C3SC=CC=3)=O)CC2)=O)C=C1)(=O)=O)C,0.004066307877656073
N1(CC2=CC=CC(C)=C2)C2=CC=CC=C2C=C1CN1CCC(CC1)C(NCCC1=CC=CO1)=O,0.009739936795085669
N1(CC2=CC=CC(C)=C2)C2=CC=CC=C2C=C1CN1CCC(CC1)C(=O)NCC1=CC=CC=C1C,0.009547669207677245
C1(C2C=CC(=CC=2)O)N=CC=C2N=CC=CC=12,0.0060531251365318894
CC(C(N(CC1=CC(F)=CC=C1)C)=O)SC1=NC=C(S(N(C)C)(=O)=O)C=C1,0.0055745993973687295
N1(CC2=CC=CC(C)=C2)C2=CC=CC=C2C=C1CN1CCC(CC1)C(=O)NCC1=CC=CC(F)=C1,0.007626215671189129
CN(S(C1=CN=C(SCC(NC2=CC3=C(OC4(O3)CCCCC4)C=C2)=O)C=C1)(=O)=O)C,0.005151599226519465
N1(CC2=CC=C(C=C2)C)C2=CC=CC=C2C=C1CN1CCC(CC1)C(=O)N1CCCCCC1,0.013609823258593678
CN(S(C1=CN=C(SCC(NCC2OC3=C(C=CC=C3)OC2)=O)C=C1)(=O)=O)C,0.005181722389534116
N1(CC2=CC=C(C=C2)C)C2=CC=CC=C2C=C1CN1CCC(CC1)C(=O)N1CCC(CC1)C,0.013501715241000056
CN(S(C1=CN=C(SCC(N(C2CS(=O)(=O)CC2)CC2OCCC2)=O)C=C1)(=O)=O)C,0.006355695193633437
N1(CC2=CC=C(C=C2)C)C2=CC=CC=C2C=C1CN1CCC(CC1)C(=O)N1CCCC1,0.013060113182291389
CN(S(C1=CN=C(SCC(N(CC(NCC2OC=CC=2)=O)C)=O)C=C1)(=O)=O)C,0.0061876809457317
N1(CC2C=CC(=CC=2)C)C2=CC=CC=C2C=C1CN1CCC(CC1)C(=O)N1CCOCC1,0.010110490955412388
COC1=CC=C(C2N=C(CSC3=NC=C(S(N(C)C)(=O)=O)C=C3)ON=2)C=C1,0.00589917516335845
C1(CCCN(CC2=CC=CC=N2)C1)(CC1C=CC=C(Cl)C=1)C(OCC)=O,0.009850756917148828
N1(CC2C=CC(=CC=2)C)C2=CC=CC=C2C=C1CN1CCC(CC1)C(=O)N1CCC2(CC1)OCCO2,0.012655243603512644
N1(CCCC(C1)NC1=CC=C(C=C1)C(C)C)C(=O)CCSC,0.007829102873802184
N1(CC2=CC=C(C=C2)C)C2=CC=CC=C2C=C1CN1CCC(CC1)C(=O)N1CCCCC1,0.013344558328390122
CC(NC(C(SC1=NC=C(S(N(C)C)(=O)=O)C=C1)C)=O)C,0.004935417766682803
C1(CN(CC(C)C)CC2=CC=C(C=C2)NC(C)=O)C=NN(C)C=1,0.009024782292544841
CCCC(C1=CC=CC=C1)NC(C(SC1=NC=C(S(N(C)C)(=O)=O)C=C1)C)=O,0.006564922607503831
N1(CC2C=CC(=CC=2)C)C2=CC=CC=C2C=C1CN1CCC(CC1)C(=O)NCC1=CC=CC(Cl)=C1,0.008039057510904968
N1(CC2C=CC(=CC=2)C)C2=CC=CC=C2C=C1CN1CCC(CC1)C(=O)NCC1=CC=CC=N1,0.00881748371757567
N1(C[C@@H](C[C@H]1C(O)=O)N(C)C)C(=O)C1=CC=C(C=C1)OC1C=CC=CC=1,0.0062765009235590695
N1(CC2C=CC(=CC=2)C)C2=CC=CC=C2C=C1CN1CCC(CC1)C(=O)NCC1C=CC=NC=1,0.008667238568887115
N1(CC2C=CC(=CC=2)C)C2=CC=CC=C2C=C1CN1CCC(CC1)C(=O)NCC1=CC=CC=C1,0.009354325477033854
N1(CC2=CC=C(C=C2)C)C2=CC=CC=C2C=C1CN1CCC(CC1)C(=O)NCC1C=CC=CC=1Cl,0.00812318604439497
C(NCCOC)(=O)C1C=CC(=C(Cl)C=1)OC1CCN(CC1)CC1C=CC=C(Cl)C=1,0.006078293942846358
CN(C(CSC1N(C)C(C2=CC=C(C)C=C2)=CN=1)=O)CC1SC(Cl)=CC=1,0.006607181113213301
N1(CC2=CC=C(C=C2)C)C2=CC=CC=C2C=C1CN1CCC(CC1)C(=O)NCC1=CC=C(C=C1)Cl,0.008085424825549126
CN1C(C2=CC=C(C3=CC=CC=C3)C=C2)=CN=C1SCC(NC1=C(C(N)=O)C=CS1)=O,0.00471011740155518
N1(CC2C=CC(=CC=2)C)C2=CC=CC=C2C=C1CN1CCC(CC1)C(=O)NC1CCCCCC1,0.01159857721067965
N1(CCCC1C1=CC=C(C=C1)F)C(CCC1OC(=NN=1)CCC1C=CC=CC=1OC)=O,0.008114408422261476
N1(CC2C=CC(=CC=2)C)C2=CC=CC=C2C=C1CN1CCC(CC1)C(=O)NC1CCCCCCC1,0.011674589430913328
S(=O)(=O)(N1CCN(CC1)C)C1=CC(C2C=CC=C(CN)C=2)=CC(C(O)=O)=C1,0.004169204435311258
CC(C(N)=O)SC1N(C)C(C2=CC=C(C3=CC=CC=C3)C=C2)=CN=1,0.00714030226226896
N1(CC2C=CC(=CC=2)C)C2=CC=CC=C2C=C1CN1CCC(CC1)C(=O)NC1CCCC1,0.011093000741675496
N1(CCN(CC1CCO)C1CCN(CC1)C(OCC)=O)CC1=CC=CS1,0.0032868080539628862
CC(C(N(CC1=CC(F)=CC=C1)C)=O)SC1=C(C#N)C(C(F)(F)F)=CC(C)=N1,0.004899778822436929
N1C(N)=C(C=NC=1N1CCN(CC1)CC1=CC=CC2=NSN=C12)C#N,0.0033626463962718846
C1(C2C=CC=CC=2OC)=NOC(CCC(NCCCN2C=CN=C2CC)=O)=N1,0.005454768426716328
CCN1C(C2=CC=C(C)C=C2)=CN=C1SCC(NC1CC1)=O,0.006791932228952646
C12(CCCN(CC3CCCCC3)C1=O)CCN(C(=O)C1C=COC=1)C2,0.014546185359358787
N1(CC2C=CC(=CC=2)C)C2=CC=CC=C2C=C1CN1CCC(CC1)C(NCCN(C)C)=O,0.009933293191716075
C1(=O)OCCN1CC(=O)N1CCCC(CCC2C=CC=C(OC)C=2)C1,0.007458758284337818
N1(CC2=CC=C(C=C2)C)C2=CC=CC=C2C=C1CN1CCC(CC1)C(=O)NCC1=CC=CO1,0.010039731906726957
C(#CC1C=CC=CC=1)C(=O)N1CCC(CC1)(CO)CC1=CC=CC=C1Cl,0.004514164151623845
CCCCNC(CSC1N(CC)C(C2=CC=CC=C2)=CN=1)=O,0.005949963978491723
N1(CC2C=CC(=CC=2)C)C2=CC=CC=C2C=C1CN1CCC(CC1)C(=O)NCC1=CC=C(C=C1)OC,0.008600526908412575
N1=C(CC2C=CC3=C(OCO3)C=2)OC(CCC(=O)NCC2CCCN2CC)=N1,0.00881713479757309
CCN1C(C2=CC=CC=C2)=CN=C1SCC(C1C(=O)N(C)C(=O)N(CC2=CC=CC=C2)C=1N)=O,0.006144559592939913
N1(CC2C=CC(=CC=2)C)C2=CC=CC=C2C=C1CN1CCC(CC1)C(=O)NCC1=CC=C(C=C1)C,0.01028549848124385
C1(C(O)=O)SC2C(=C(NCCOCC)N=CN=2)C=1C,0.002857097174273804
CCNC(NC(CSC1N(CC)C(C2=CC=CC=C2)=CN=1)=O)=O,0.001261069462634623
N1(CC2=CC=C(C=C2)C)C2=CC=CC=C2C=C1CN1CCC(CC1)C(NCCCC1C=CC=CC=1)=O,0.008522068080492318
CCN1C(C2=CC=CC=C2)=CN=C1SCC(NCC1=CC(OC)=CC=C1)=O,0.006397492112591862
N1(CC2=CC=C(C=C2)C)C2=CC=CC=C2C=C1CN1CCC(CC1)C(=O)NCC1C=CC2=C(OCO2)C=1,0.008418668899685145
CCN1C(C2=CC=CC=C2)=CN=C1SCC(NC(C(C)=O)CC1=CC=CC=C1)=O,0.00981560223735869
N1(CC2=CC=C(C=C2)C)C2=CC=CC=C2C=C1CN1CCC(CC1)C(=O)NC(C)C,0.00996278915554285
CCN1C(C2=CC=CC=C2)=CN=C1SCC(C1=CC2=C(N(S(CC)(=O)=O)CC2)C=C1)=O,0.007002848503179848
COC1=CC=C(SCC2NC(=O)C3=C(SC(C4=CC=CC=C4)=C3)N=2)C=C1,0.004483349900692701
C(=O)(NC(C)C(NCC)=O)C1C2=CC=CC=C2N=C(C2C=CC=NC=2)C=1,0.005779023841023445
O=C(NN1C(=O)C2(CCCCC2)NC1=O)COC(C1C(C2SC3=C(C=CC=C3)N=2)CCCC1)=O,0.0020257902739103883
N1(CC2=CC=C(C=C2)C)C2=CC=CC=C2C=C1CN1CCC(CC1)C(NCCC)=O,0.010673425206914545
COC1=C(C(COC(C2C(C3SC4=C(C=CC=C4)N=3)CCCC2)=O)=O)C=C(F)C=C1,0.010608456516638397
N1(C(C)C)C=C(C=N1)CN1CCC(CC1)OC1=CC(OC)=CC=C1C(NCCOC)=O,0.006709712278097868
COC1=CC(C(CSC2OC(C3=CC(C)=CC(C)=C3)=NN=2)=O)=C(OC)C=C1,0.011824940470978618
N1(CC2C=CC(=CC=2)C)C2=CC=CC=C2C=C1CN1CCC(CC1)C(NCCC1=CNC=N1)=O,0.004467375809326768
C1(CNCC2C=C(NN=2)COC)=CN(N=C1C)CC=C,0.006292257970198989
N1(CC2C=CC(=CC=2)C)C2=CC=CC=C2C=C1CN1CCC(CC1)C(=O)NC1CC1,0.010605882201343775
C1(=CNN=C1C1CCCCC1)CN1CCNC(=O)C1CC(NC)=O,0.005483835143968463
CC(CNC(CSC1OC(C2=CC(C)=CC(C)=C2)=NN=1)=O)C,0.007632629782892764
N1(CC2=CC=C(C=C2)C)C2=CC=CC=C2C=C1CN1CCC(CC1)C(NCCC(C)C)=O,0.01118942378088832
CCC(NC(CSC1OC(C2=CC(C)=CC(C)=C2)=NN=1)=O)CC,0.008188810385763644
N1(CC2C=CC(=CC=2)C)C2=CC=CC=C2C=C1CN1CCC(CC1)C(=O)NCC1C=CC=C(C)C=1,0.009646707959473134
CCNC(NC(CSC1OC(C2=CC(C)=CC(C)=C2)=NN=1)=O)=O,0.0014807841507717967
N1(CC2=CC=C(C=C2)C)C2=CC=CC=C2C=C1CN1CCC(CC1)C(NCCC1C=CC=CC=1)=O,0.009337266301736235
C1(C=NN(CC)C=1)C(=O)N1CCC(CC1)N1C=C(N=N1)C1C=CSC=1,0.006669370597228408
CC1=CC(C2OC(SCC(N3CCN(C4=CC=CC=C4)CC3)=O)=NN=2)=CC(C)=C1,0.006906491983681917
N1(CC2C=CC(=CC=2)C)C2=CC=CC=C2C=C1CN1CCC(CC1)C(=O)NCC1=CC=CC=C1OC,0.00850947517901659
N1(C=CN=C1C1C=CC2=C(C=CO2)C=1)CC1(N(C)C)CCN(CC1)C,0.008511881018057466
N1(CC2=CC=C(C=C2)C)C2=CC=CC=C2C=C1CN1CCC(CC1)C(=O)NCC1C=CC=C(OC)C=1,0.00852013318799436
S1(=O)(=O)C=CC(NC2CCN(CC2)C2C=CC(=CC=2)N2C=CC=N2)C1,0.005771685601212084
N1(CC2C=CC(=CC=2)C)C2=CC=CC=C2C=C1CN1CCC(CC1)C(=O)NC1CCCC2C=CC=CC1=2,0.011061892472207546
N1(CC2C=CC(=CC=2)C)C2=CC=CC=C2C=C1CN1CCC(CC1)C(=O)NCC(C)C1C=CC=CC=1,0.0095516512170434
N1(CC2=CC=C(C=C2)C)C2=CC=CC=C2C=C1CN1CCC(CC1)C(=O)NCC1=CC=CS1,0.008078659069724381
N(C)(C1CCCCC1)CC(O)COC1=CC=CC=C1CNCC1CCOCC1,0.009098267182707787
N1(CC2=CC=C(C=C2)C)C2=CC=CC=C2C=C1CN1CCC(CC1)C(NCCCOCC)=O,0.008310534316115082
CC1=CC(C2OC(SCC(N3C(=O)CCC3)=O)=NN=2)=CC(C)=C1,0.0028395002125762405
CC1=CC(C2OC(SCC(NC(NCC3OC=CC=3)=O)=O)=NN=2)=CC(C)=C1,0.0016950094199273736
C(=O)(N1CCOCC1)C1CCCN(C2CCN(CC2)CC2=CSC=N2)C1,0.008615642273798584
N1(CC2=CC=C(C=C2)C)C2=CC=CC=C2C=C1CN1CCC(CC1)C(NCCCOC)=O,0.008489667647518217
N1(CC2=CC=C(C=C2)C)C2=CC=CC=C2C=C1CN1CCC(CC1)C(NCCN1CCOCC1)=O,0.009091436676681042
CC1=CC=C(C2N(C)C(SCC#N)=NC=2)C=C1,0.005273062279388796
CC1=CC=C(C2N(C)C(SCC(NCC3OCCC3)=O)=NC=2)C=C1,0.006768534425646067
C1(C2=CC=C(C=N2)C(NCCCN2C=CN=C2C(C)C)=O)=CC2=C(C=CC=C2)O1,0.005872680013999343
N1(CC2C=CC(=CC=2)C)C2=CC=CC=C2C=C1CN1CCC(CC1)C(=O)NC1CCCCC1,0.011296126805245877
C1(SN=NC=1C)C(=O)NCC1=CC=CN=C1N(C)CCC1C=CC=CN=1,0.005828725732862949
CC(C1C(C)=C(C(CSC2N(C)C(C3=CC=C(C)C=C3)=CN=2)=O)NC=1C)=O,0.00952328029088676
N1(CC2C(=C(C3=CC=CC=C3)N=C(N)N=2)C1)C(=O)C1OC2C=CC=CC=2C(=O)C=1,0.005989100411534309
N1(CC2=CC=C(C=C2)C)C2=CC=CC=C2C=C1CN1CCC(CC1)C(NCC)=O,0.0096214119810611
C1(CN2CCN(CC2)C2C(=CC=CN=2)C)C2=CC=CC=C2NN=1,0.00419621835462749
N1(CC2=CC=C(C=C2)C)C2=CC=CC=C2C=C1CN1CCC(CC1)C(NC)=O,0.009634863864630461
C1(C(=O)NC2CC2)C=C2N(CCN(CC3C=NC(=NC=3)C3=CC=CC=C3C)C2)N=1,0.008408806938678026
N1(CC2C=CC(=CC=2)C)C2=CC=CC=C2C=C1CN1CCC(CC1)C(=O)NC1CCS(=O)(=O)C1,0.007139266934245825
C1(C(NCCC2C3C=CC=CC=3NC=2)=O)C=NN2C=CN(C)C=12,0.003688195173162967
N1(CC2C=CC(=CC=2)C)C2=CC=CC=C2C=C1CN1CCC(CC1)C(NCCCN1CCCCC1)=O,0.009900306351482868
N1=C(C2C=CC3=C(OCO3)C=2)C(=CN1C1C=CC=CC=1)CNCC1C=CSC=1,0.008903586119413377
CC1=CC=C(C2N(C)C(SCC(C3NC=CC=3)=O)=NC=2)C=C1,0.00746086509898305
N1(CC2C=CC(=CC=2)C)C2=CC=CC=C2C=C1CN1CCC(CC1)C(NCCCN1CCCC1)=O,0.009751897351816297
C(=O)(N1CCC(CC1)CCC(=O)NC1C=CC2=C(OCCO2)C=1)C1=CN=C(C=N1)C,0.0063814094057306646
N1(CC2C=CC(=CC=2)C)C2=CC=CC=C2C=C1CN1CCC(CC1)C(NCCN1CCCCCC1)=O,0.011186157120391726
C1(=CC(Cl)=CC(OC)=C1OC)CN1CCN(C(CCO)C1)CC1=CC=C(C)O1,0.005751717067323625
CC1=CC=C(C2N(C)C(SCC(N3C(=O)CCC3)=O)=NC=2)C=C1,0.003094187984243035
N1(CC2=CC=C(C=C2)C)C2=CC=CC=C2C=C1CN1CCC(CC1)C(=O)NCC1C=CC=CC=1F,0.007822880544699729
N1(CC(=O)NC(CC)C2C=CC=CN=2)C(=O)C2=CC=CC=C2N=N1,0.00450954120606184
N1(CC2C=CC(=CC=2)C)C2=CC=CC=C2C=C1CN1CCC(CC1)C(=O)NCC1=CC=CC=C1OCC,0.008483172953128814
N1(CCN2CCC(CC2)C(O)C2=CC=CS2)C=CC=N1,0.0042460097349248825
CC(C(NC1=CC2=C(OCO2)C=C1)=O)SC1N(C)C(C2=CC=C(C)C=C2)=CN=1,0.006378426216542721
C12C(CC(NC=1N(N=C2C(C)C)C)=O)C1ON=C(C2C=CC(=CC=2)Cl)N=1,0.007482548058032989
CC1=CC=C(C2N(C)C(SCC(NCC(F)(F)F)=O)=NC=2)C=C1,0.0033691190445097165
N1(CC2=CC=C(C=C2)C)C2=CC=CC=C2C=C1CN1CCC(CC1)C(NCCN1CCN(CC1)C)=O,0.009316744515672326
C1(=O)N(CCOC)C=NC2C=CC(C)=CC1=2,0.008732397109270096
CC1=CC=C(C2N(C)C(SCC(NCC3OCCN(CC4=CC=CC=C4)C3)=O)=NC=2)C=C1,0.006235222076065838
C1(=CNN=C1C(O)=O)CN1CCCC(C1)C1NN=CC=1C1C=CC(=CC=1)C,0.004090418305713684
N1(CC2=CC=C(C=C2)C)C2=CC=CC=C2C=C1CN1CCC(CC1)C(=O)NCC1=CC=C(C=C1)SC,0.008203351916745306
CC1N(C2CS(=O)(=O)CC2)C(C)=C(C(CSC2N(C)C(C3=CC=C(C)C=C3)=CN=2)=O)C=1,0.009791350783780217
C(=O)(CC1=CC=CC=N1)N1CCC(CC1)CCC(=O)NCC1=CC=CN=C1,0.007496034121140837
CCN(C1CCCC=1)C(CSC1N(C)C(C2=CC=C(C)C=C2)=CN=1)=O,0.011078071407973766
C1(C(=O)NCC(C2C=CC=NC=2)N2CCCC2)C=C2N(CCCNC2)N=1,0.007668538764119148
NC(COC(C1=CC=C(NC(NC2=CC=CC=C2)=O)C=C1)=O)=O,0.004848271294031292
C1(C2=CC=C(C(OCC)=C2)O)=NC=CN1C1=CC=C(C=C1)NC(C)=O,0.0025780406896956263
N1(CC2C=CC(=CC=2)C)C2=CC=CC=C2C=C1CN1CCC(CC1)C(=O)NCC1C=CC(=CC=1)OCC,0.00859195264056325
C(=O)(N1CC[C@H]2N(C)[C@H](CC2)C1)C1=CC=CC=C1N1C=CC=N1,0.008401512168347836
N1(CC2=CC=C(C=C2)C)C2=CC=CC=C2C=C1CN1CCC(CC1)C(=O)NCC1=CC=C(C=C1)N(C)C,0.00832162678707391
C(C1C=CC=CC=1)(C1C=CC=CC=1C)NC(CC1=CC=NC=C1)=O,0.009558742912486196
N1(CC2C=CC(=CC=2)C)C2=CC=CC=C2C=C1CN1CCC(CC1)C(NCCC1=CC=CO1)=O,0.009831113601103425
O=C(N1C2=C(C=CC=C2)CC1)COC(C1=CC=C(NC(NC2=CC=CC=C2)=O)C=C1)=O,0.006050456035882235
C12(CCCN(CC3C=CC(=CC=3)F)C1=O)CCN(C1CCOCC1)C2,0.009559201309457421
COC1=CC=C(C(COC(C2=CC=C(NC(NC3=CC=CC=C3)=O)C=C2)=O)=O)C=C1,0.00787056612316519
C1(C(=O)N(C)C)N=C2N(C=C(C=C2)Cl)C=1CN1CCOCC1,0.004833341529592872
CN(C(C1=CC=C(NC(COC(C2=CC=C(NC(NC3=CC=CC=C3)=O)C=C2)=O)=O)C=C1)=O)C,0.005945152626372874
N1(CC2C=CC(=CC=2)C)C2=CC=CC=C2C=C1CN1CCC(CC1)C(=O)NCC1=CC=CC=C1C,0.009609295288100839
O=C(NC1=CC2=C(OCCCO2)C=C1)COC(C1=CC=C(NC(NC2=CC=CC=C2)=O)C=C1)=O,0.005960146035067737
N1(CC2C=CC(=CC=2)C)C2=CC=CC=C2C=C1CN1CCC(CC1)C(=O)NCC1=CC=CC(F)=C1,0.007640879903919995
CN1C(C2=CC=C(C3=CC=CC=C3)C=C2)=CN=C1SCC(N)=O,0.006719246390275657
N1=C(CC2C=C(F)C(=C(F)C=2)F)NN=C1C1=CC=CC=C1,0.004031068051699549
N1(CC2C=CC(=CC=2)C)C2=CC=CC=C2C=C1CN1CCC(CC1)C(=O)NCC1=CC=C(C=C1)CC,0.010392307350412012
CN1C(C2=CC=C(C3=CC=CC=C3)C=C2)=CN=C1SCC(N1CCN(C(C2OC=CC=2)=O)CC1)=O,0.006557718524709344
N1(C2C=CC=C3C=CC=CC=23)N=CC(C(C)NC(=O)NC2C=CC=CC=2C)=C1C,0.00588036144617945
CC(C(NC1=CC=C(C(N)=O)C=C1)=O)SC1N(C)C(C2=CC=C(C3=CC=CC=C3)C=C2)=CN=1,0.0056235197000205515
N1=C(N(C)C)C(C)=CN=C1N1CC[C@@]2([C@@]([H])(CCCC2)C1)O,0.008840421075001359
CN1C(C2=CC=C(C3=CC=CC=C3)C=C2)=CN=C1SCC(N1CCN(C2=CC=C(F)C=C2)CC1)=O,0.005324338609352708
C12N=C(C)C=C(C)N1N=C(CC(=O)NC1CCN(CC3C=CC=CC=3)C1)N=2,0.00597163438796997
CCN(C1CCCC=1)C(CSC1=C(C#N)C(C(F)(F)F)=CC(C)=N1)=O,0.0053870067349635065
C1(CN(CC2=C(C)OC(C3=CC=C(C=C3F)OC)=N2)C2CC2)C(C)=NN(C)C=1C,0.008365525701083242
CC1=CN2C(=NC(=CC2=O)CSC2=CC3=C(CCC3)C=C2)C=C1,0.009397133346647024
C1(C(=O)NCC2C(=CC=CN=2)C)C=C(ON=1)CN1C2C=CC=CC=2N=C1,0.0057709978544153275
N1(CC2C=CC(=CC=2)F)C2=CC=CC=C2C=C1CN1CCC(CC1)C(=O)N1CCCCCC1,0.00930884275585413
C1(SC(=NC=1C)NCC)C(=O)N(C(C)CC)CC1=CC=NC=C1,0.008444931334815919
O=C1C2=C(C=CS2)N=C(CSC2=CC3=C(CCC3)C=C2)N1,0.005108556919731199
C(=O)(NC1C=CC(=CC=1C)C)N1CCC(CC1)(CCOC1C=CC=CC=1)C(OCC)=O,0.006926663662306964
C1(C=C(C2=CC=C(C(OC)=C2)O)N=C(N)C=1C#N)C1C=CC=C2C=1C=CC=N2,0.002815551625099033
CC1=CC=C(NC2=NC(CSC3=CC4=C(CCC4)C=C3)=NC(N)=N2)C=C1,0.006313377828337252
N1(CC2C=CC(=CC=2)F)C2=CC=CC=C2C=C1CN1CCC(CC1)C(=O)N1CCC(CC1)C,0.009207980893552303
C1(OC(=C(CN2CCOC3C=CC=CC=3C2)N=1)C)C1=CC=C(C=C1F)F,0.0060516494326293465
N1(CC2C=CC(=CC=2)F)C2=CC=CC=C2C=C1CN1CCC(CC1)C(=O)N1CCCC1,0.008738617389462888
N1(CCCC(CCC(=O)NC2C=CC(=CC=2C)OC)C1)C(=O)C1C=CC2=C(C=C(O2)C)C=1,0.007519170758314431
O=C(NCCOC1=CC=CC=C1)CSC1=CC2=C(CCC2)C=C1,0.008920736843720078
C1(CN(C)CC2C=CC(=CC=2)N2C=CC=N2)=C(C)N=C(CC)N1,0.004515510087367147
N1(CC2=CC=C(C=C2)F)C2=CC=CC=C2C=C1CN1CCC(CC1)C(=O)N1CCC2C(=CC=CC=2)C1,0.008228489011526108
C(=O)(C1=CC=C(C(OCC)=C1)OCC=C)N(C(C)C)CC1OC(=NN=1)CC,0.011373261408880352
C1(=O)OCCN1CC(=O)NCC1=CC=CN=C1OC1C(C)=CC=CC=1C,0.004308619163930416
O=C(N1CCCC1)CN1CCN(C(CSC2=CC3=C(CCC3)C=C2)=O)CC1,0.011070620501413941
N1(CC2=CC=C(C=C2)F)C2=CC=CC=C2C=C1CN1CCC(CC1)C(=O)N1CCOCC1,0.007246001809835434
CC(C(NCC1SC(C(COC(C2=CC3=C(N4C(C(N3)=O)CCC4)C=C2)=O)=O)=CC=1)=O)(C)C,0.008313100808300078
N1(CC2C=CC(=CC=2)F)C2=CC=CC=C2C=C1CN1CCC(CC1)C(=O)N(C)CCCC,0.009016790380701422
N1(C=CN=C1C(C)C)C(C1C=CC=CC=1)CCN1C=NC=N1,0.00847480169031769
N1(CC2C=CC(=CC=2)F)C2=CC=CC=C2C=C1CN1CCC(CC1)C(=O)N1CCCCC1,0.009029962914064526
N12CC[C@H](C[C@@]1([H])C(N(CC1(CCC1)COCC)CC2=O)=O)O,0.004311959084589034
CCN1C(=O)N(CC2=CC=CC=C2)C(N)=C(C(CSC2N(C3=CC(Cl)=CC=C3)N=NN=2)=O)C1=O,0.004030750959645957
N1C(CC)=C(C2C=C(C)C=C(CNC(=O)CCNC(N)=O)C1=2)C,0.0036164129385724665
ClC1=CC(N2C(SCC(N3CCN(CC(N4CCCC4)=O)CC3)=O)=NN=N2)=CC=C1,0.0051619753241539
C(F)(F)(F)C1OCCN(CCC(=O)NCC2=CC=C(C=C2)OC)C1,0.004558834269118961
ClC1=CC(N2C(SCCN3CCCCC3)=NN=N2)=CC=C1,0.005348748899996281
CC(N1C2=C(C=C(C=C2)NC(CSC2N(C3=C(C)C(Cl)=CC=C3)C=CN=2)=O)CC1)=O,0.004559093678835779
N1(CC2C=CC(=CC=2)F)C2=CC=CC=C2C=C1CN1CCC(CC1)C(=O)N(C)CC1=CC=CO1,0.008446944481693208
CCN1C(C2=CC=C(Br)C=C2)=CN=C1SC1C(=O)OCC1,0.0072898145765066145
N1(CC2=CC=C(C=C2)F)C2=CC=CC=C2C=C1CN1CCC(CC1)C(=O)NCC1=CC=CC(Cl)=C1,0.006181758572347462
C12SC=CN1C1=C(CNC(=O)CC1CN1C3=CC=CC=C3OC1=O)N=2,0.003811528638470918
N1(CC2=CC=C(C=C2)F)C2=CC=CC=C2C=C1CN1CCC(CC1)C(=O)NCC1=CC=CC=N1,0.006562549248337745
C(=O)(C1=CC=C(N=C1)N(C)CC1C=CON=1)N1CCC(CC1)CCN1C=CC=N1,0.007904476602561772
N1(CC2=CC=C(C=C2)F)C2=CC=CC=C2C=C1CN1CCC(CC1)C(=O)NCC1C=CC=NC=1,0.006430277158506215
N1(CC2=CC=C(C=C2)F)C2=CC=CC=C2C=C1CN1CCC(CC1)C(=O)NCC1=CC=CC=C1,0.006857192190364003
N1(C[C@@H](C[C@H]1C(NC)=O)N)CC1NC2=C(C=CC=C2)N=1,0.002882061013951898
CCN1C(C2=CC=C(Br)C=C2)=CN=C1SCC(NC1=CC=C(C(N)=O)C=C1)=O,0.005626679188571871
N1(CC2C=CC(=CC=2)F)C2=CC=CC=C2C=C1CN1CCC(CC1)C(=O)NC(C)CC,0.007452643965370953
CCN1C(C2=CC=C(Br)C=C2)=CN=C1SCC(NCCCOC)=O,0.006079624430276454
N1(CC2C=CC(=CC=2)F)C2=CC=CC=C2C=C1CN1CCC(CC1)C(=O)NCC1C=CC=CC=1Cl,0.006232304964214563
N1(CC2C=CC(=CC=2)F)C2=CC=CC=C2C=C1CN1CCC(CC1)C(=O)NCC1=CC=C(C=C1)Cl,0.006222073687240481
C1(C(NCCC2=CNC=N2)=O)=CSC(C(C)=O)=C1,0.004605356929823756
CCN1C(C2=CC=C(Br)C=C2)=CN=C1SC(C(NC(N)=O)=O)C,0.0015818787389434874
N1(CC2=CC=C(C=C2)F)C2=CC=CC=C2C=C1CN1CCC(CC1)C(=O)NC1CCCCCC1,0.008083233865909279
CCN1C(C2=CC=C(Br)C=C2)=CN=C1SCC(N(CC1OC=CC=1)C)=O,0.009098619222640991
N1(CC2=CC=C(C=C2)F)C2=CC=CC=C2C=C1CN1CCC(CC1)C(=O)NC1CCCC1,0.007587850769050419
N1C(CNC(=O)C2=CC=C(N=C2)NC(CC)C2C=CC=CN=2)=NOC=1C(C)C,0.007545080897398293
C1(=CNN=C1C1C=CC=C(F)C=1)CN(CC1CCN(CC1)C1CCCC1)CC1CCCO1,0.006926881661638617
N1(CC2C=CC(=CC=2)F)C2=CC=CC=C2C=C1CN1CCC(CC1)C(=O)NCC1=CC=CO1,0.007071657199412584
N1(CC2=CC=C(C=C2)F)C2=CC=CC=C2C=C1CN1CCC(CC1)C(=O)NCC1=CC=C(C=C1)OC,0.006168079981580377
C1(=CSN=N1)C(=O)NC1=CC=CC(=C1C)C(=O)NC(C)(C)C,0.006594018242321908
N1(CC2=CC=C(C=C2)F)C2=CC=CC=C2C=C1CN1CCC(CC1)C(=O)NCC1=CC=C(C=C1)C,0.007345471857115626
N1(CCOC2=C(C=C(C3C=CC=C(Cl)C=3)C=C2C1)O)C(=O)C(C)N1C=CN=C1,0.0032532369485124947
CCOC(C1C(C2=CC=C(Cl)C=C2)NC(=O)NC=1COC(C1=C(S(CC)=O)C=CC=C1)=O)=O,0.0069363468792289495
C1(OC(=C(CN2CCC3C(=CNN=3)C2)N=1)C)C1=CC=C(C(C)=C1OC)OC,0.005038064462132752
CCS(C1=C(C(OCC(NC2=CC3=C(C=CC=C3)C=C2)=O)=O)C=CC=C1)=O,0.007965496345423161
C1(=CC=NN1C1CCN(CC1)C(CCCN1CCCC1=O)=O)NC(=O)C1C=CC=CC=1C,0.00590533500071615
CCS(C1=C(C(OCC(NCC2=CC=C(Cl)C=C2)=O)=O)C=CC=C1)=O,0.008292636484839022
C1(COC(C)=O)C=C(C=CC=1OCC)CN[C@H]1COCC1,0.007855493249371648
CCS(C1=C(C(OCC(NC2=CC(S(N3CCCCC3)(=O)=O)=CC=C2)=O)=O)C=CC=C1)=O,0.0053258748725056645
N1(CC2C=CC(=CC=2)F)C2=CC=CC=C2C=C1CN1CCC(CC1)C(NCCCC1C=CC=CC=1)=O,0.0063389100600033995
CCS(C1=C(C(OCC(NC2=C(C)C=CC(S(N3CCOCC3)(=O)=O)=C2)=O)=O)C=CC=C1)=O,0.005519358953461051
N1(CC2C=CC(=CC=2)F)C2=CC=CC=C2C=C1CN1CCC(CC1)C(NCCC)=O,0.007117724837735295
CCS(C1=C(C(OC(C(NC2=CC(Cl)=CC(Cl)=C2)=O)C)=O)C=CC=C1)=O,0.008569291490130127
N1(C=NN=N1)CC(=O)N(CC1CCN(CC1)CCOC)CC1CCCN1CC,0.009081354667432606
C1(C2=CNC=N2)N(CCC2NC3C(=CC=CC=3C)N=2)C=NC=1C1C=CC=CC=1,0.0046962762484326955
N1(CC[C@H]([C@H](O)C1)C1=CC=C2C(OCO2)=C1)C(=O)C1C=CC=CN=1,0.0023974725452717395
N1(CC2=CC=C(C=C2)F)C2=CC=CC=C2C=C1CN1CCC(CC1)C(NCCN(CC)CC)=O,0.007769906939938664
CCS(C1=C(C(OCC(N(CC(C)C)CC(C)C)=O)=O)C=CC=C1)=O,0.014689137646928429
CCOC(C1C(C2=CC=CC=C2)=CSC=1NC(C(OC(C1=C(S(CC)=O)C=CC=C1)=O)C)=O)=O,0.007267350587062538
CCS(C1=C(C(OCC(NCC2=CC=C(C)C=C2)=O)=O)C=CC=C1)=O,0.009249656973406673
N1(CC2C=CC(=CC=2)F)C2=CC=CC=C2C=C1CN1CCC(CC1)C(=O)NC(C)C1=CC=CC=C1,0.0074937160359695556
CCS(C1=C(C(OCC(NC(NC2CCCC2)=O)=O)=O)C=CC=C1)=O,0.0034587676404044033
N1(CC2C=CC(=CC=2)F)C2=CC=CC=C2C=C1CN1CCC(CC1)C(NCCCN1CCOCC1)=O,0.0056576746283099055
CCS(C1=C(C(OC(C(NC2=CC=C(Br)C=C2)=O)C)=O)C=CC=C1)=O,0.01100478060543537
N1(CC2=CC=C(C=C2)F)C2=CC=CC=C2C=C1CN1CCC(CC1)C(=O)NC1CC1,0.00704915807582438
CCS(C1=C(C(OC(C(NC2=CC=C(S(N3CCCC3)(=O)=O)C=C2)=O)C)=O)C=CC=C1)=O,0.006057149614207447
N1(CC2C=CC(=CC=2)F)C2=CC=CC=C2C=C1CN1CCC(CC1)C(NCCC(C)C)=O,0.007462814054451883
N1=C(CC2C=CC(=CC=2)C2C=CC=CC=2)OC(CCC(=O)NCC2N=C(C)C=C(C)N=2)=N1,0.0076087663881480696
CCS(C1=C(C(OCC(NCC2=CC(OC)=CC=C2)=O)=O)C=CC=C1)=O,0.008858637372031807
N1(CC2=CC=C(C=C2)F)C2=CC=CC=C2C=C1CN1CCC(CC1)C(=O)NCC1C=CC=C(C)C=1,0.0072418037103489045
C(=O)(C1=CC=CS1)C(=O)N1CCN(CC1)CC1C(=CC=CN=1)C,0.009994657430797815
N1(CC2C=CC(=CC=2)F)C2=CC=CC=C2C=C1CN1CCC(CC1)C(NCCC1C=CC=CC=1)=O,0.006818651547655463
CCS(C1=C(C(OCC(NC2N(C3=CC=CC=C3)N=C(C3=CC=C(C)C=C3)C=2)=O)=O)C=CC=C1)=O,0.006970075541175902
N1(CC2=CC=C(C=C2)F)C2=CC=CC=C2C=C1CN1CCC(CC1)C(=O)NCC1CCCO1,0.006968148401938379
N1(CC)C(=O)NN=C1C1CCCN(C(CCC2=CC=C3C(OCO3)=C2)=O)C1,0.003668383159674704
CCS(C1=C(C(OC(C(NC(NC)=O)=O)C)=O)C=CC=C1)=O,0.0024783228756859897
N1(CC2=CC=C(C=C2)F)C2=CC=CC=C2C=C1CN1CCC(CC1)C(NCCCN1CCCC1=O)=O,0.005599713535048068
C1(CN2CCC(C3CCN(CC3)CC(C)C)C2)C(C)=NN(CC)C=1C,0.022874274849891664
N1(CC2=CC=C(C=C2)F)C2=CC=CC=C2C=C1CN1CCC(CC1)C(NCCN1CCCCC1)=O,0.007674321718513966
C1(CN(C)CC2=CC=C(C=C2)NC(C)=O)=CC2C(=CC=C(F)C=2)N1,0.0035027612117119133
CCOC(C1=C(NC(COC(C2=C(S(CC)=O)C=CC=C2)=O)=O)C=C(C2=CC=CC=C2)S1)=O,0.007128452998585999
N1(CC2=CC=C(C=C2)F)C2=CC=CC=C2C=C1CN1CCC(CC1)C(=O)NCC1=CC=CC=C1OC,0.006115720467641949
CCS(C1=C(C(OC(C(NC2=CC3=C(OCCO3)C=C2)=O)C)=O)C=CC=C1)=O,0.00849074157886207
N1(CC2C=CC(=CC=2)F)C2=CC=CC=C2C=C1CN1CCC(CC1)C(=O)NCC1C=CC=C(OC)C=1,0.006115494505502283
C1(CCCN(C(=O)CNC(C)=O)C1)(CC1=CC=C(C=C1)F)C(OCC)=O,0.0067283977987244725
N1(CC2C=CC(=CC=2)F)C2=CC=CC=C2C=C1CN1CCC(CC1)C(=O)NCC1=CC=C(C=C1)F,0.006270267069339752
CCS(C1=C(C(OCC(NC2=CC(Cl)=C(C#N)C=C2)=O)=O)C=CC=C1)=O,0.005292140285018831
N1(CC2=CC=C(C=C2)F)C2=CC=CC=C2C=C1CN1CCC(CC1)C(=O)NC1CCCC2C=CC=CC1=2,0.008117826445959509
CCS(C1=C(C(OCC(NC2(C#N)CCCC2)=O)=O)C=CC=C1)=O,0.006474234386359967
N1(CC2=CC=C(C=C2)F)C2=CC=CC=C2C=C1CN1CCC(CC1)C(=O)NCC(C)C1C=CC=CC=1,0.006669699819758535
N1(CC2C=CC(=CC=2)F)C2=CC=CC=C2C=C1CN1CCC(CC1)C(=O)NCC1CCCN1CC,0.007694837218150496
N1(CC2C=CC(=CC=2)F)C2=CC=CC=C2C=C1CN1CCC(CC1)C(=O)NCC1=CC=CS1,0.005775202065706253
N1(CC2C=CC(=CC=2)F)C2=CC=CC=C2C=C1CN1CCC(CC1)C(NCCCOCC)=O,0.005943155405111611
N1(CC2C=CC(=CC=2)F)C2=CC=CC=C2C=C1CN1CCC(CC1)C(NCCC1CCCCC=1)=O,0.008572718966752291
C12=CC(C3C=CC=C(Cl)C=3)=CC(O)=C1OCCN(C(CCC(O)=O)=O)C2,0.00437856528442353
CCS(C1=C(C(OCC2C3=C(C=C(C(=C3)C)C)OC(=O)C=2)=O)C=CC=C1)=O,0.010532730491831899
N1(CC2C=CC(=CC=2)F)C2=CC=CC=C2C=C1CN1CCC(CC1)C(=O)NC(C)CCC1=CC=CC=C1,0.007437391043640673
C1(CCCN(C(CC=C)=O)C1)(CC1C=CC=C(Cl)C=1)C(OCC)=O,0.00951165840961039
CCS(C1=C(C(OCC(N2CCN(C3=CC=C(F)C=C3)CC2)=O)=O)C=CC=C1)=O,0.007375693693757057
N1(CC2C=CC(=CC=2)F)C2=CC=CC=C2C=C1CN1CCC(CC1)C(NCCCOC)=O,0.005759656545706093
CCS(C1=C(C(OCC(NC2=C3C(N=S=N3)=CC=C2)=O)=O)C=CC=C1)=O,0.009241357445716858
N1(CC2C=CC(=CC=2)F)C2=CC=CC=C2C=C1CN1CCC(CC1)C(NCCCOC(C)C)=O,0.006087979325093329
CCOC(C1=C(NC(COC(C2=C(S(CC)=O)C=CC=C2)=O)=O)SC(C2=CC=CC=C2)=C1C)=O,0.007068642787635327
N1(CC2C=CC(=CC=2)F)C2=CC=CC=C2C=C1CN1CCC(CC1)C(NCCN1CCOCC1)=O,0.006183185358531773
N1C2=CC(=CC=C2OC=1CC1=CC=C(C=C1)Cl)C(NCCN1CCCCC1=O)=O,0.004250438569579273
CCS(C1=C(C(OCC(N2N=C(C3=CC=CC=C3)CC2)=O)=O)C=CC=C1)=O,0.010473768692463636
S1C(CCCNC2CCC3(CC2)CCNCC3)=NN=C1N,0.008142327796667815
CCS(C1=C(C(OCC2N=C(NC(C)=O)SC=2)=O)C=CC=C1)=O,0.00596685956697911
C(=O)(C(C)OC1=CC=C(C=C1F)F)N1CCC2(CC1)CCCO2,0.009781902609393
N1(CC2C=CC(=CC=2)F)C2=CC=CC=C2C=C1CN1CCC(CC1)C(NCCCC)=O,0.006515521998517215
C1(=CC(C2=CN=C(N=C2)CC(C)C)=NC2=CC(C)=CC=C21)C(=O)N1CCCC1,0.010232490813359618
CCN1C(C2=CC=C(C)C=C2)=CN=C1SCC(N)=O,0.006190579384565353
N1(CC2C=CC(=CC=2)F)C2=CC=CC=C2C=C1CN1CCC(CC1)C(NC)=O,0.006361387763172388
C1(=CC=CC2C=CC=NC1=2)CN1CCC2(CCCN(CCOC)C2)C1,0.014313517604023218
N1(CC2=CC=C(C=C2)F)C2=CC=CC=C2C=C1CN1CCC(CC1)C(NCCC1C(C)=NOC=1C)=O,0.006723571312613785
N1(CC2C=CC(=C(Cl)C=2)O)CC[C@H]([C@H](O)C1)N(C)CCC1C=CC=CN=1,0.0018532453454099596
N1(CC2=CC=C(C=C2)F)C2=CC=CC=C2C=C1CN1CCC(CC1)C(NCCCN1CCCCC1)=O,0.006926524150185287
C1(=NC=CN=C1C#N)N1CCN(CC1)CC1=CC=CC(OC)=C1OC(C)CC,0.008245822181925178
N1(CC2C=CC(=CC=2)F)C2=CC=CC=C2C=C1CN1CCC(CC1)C(=O)NCC1C=CC=CC=1F,0.006084432685747742
C(=O)(N(C)CCN(C)C)C1C=CC=C(OC2CCN(CC2)C(C)CC2CC2)C=1,0.014924880908802151
CCN1C(C2=CC=C(C)C=C2)=CN=C1SC1C(=O)OCC1,0.006751594180241227
C1(CCCN(C(=O)CN2CCCCC2=O)C1)(CCOC1=CC=CC=C1)C(OCC)=O,0.010630206344649196
N1(CC2=CC=C(C=C2)F)C2=CC=CC=C2C=C1CN1CCC(CC1)C(NCCC1=CC=CS1)=O,0.005730706220492721
N1(CCCC(C1)N(C)CC1=CC=C(C(F)=C1)OC)CCC1C=CC=CC=1,0.012427045777440072
N1(CC2=CC=C(C=C2)F)C2=CC=CC=C2C=C1CN1CCC(CC1)C(=O)NCC1=CC=CC=C1C,0.00727040390484035
N1=C(C2C=CC=C(C=2)C2C=CC3C(=CC=CN=3)C=2)C=CN1CC1=CN=CN1C,0.010001498274505138
C1(C(NCCCN2N=CC=C2C2CC2)=O)=CC(=O)NC2C=CC(C)=CC1=2,0.004187645600177347
N1(CC2=CC=C(C=C2)F)C2=CC=CC=C2C=C1CN1CCC(CC1)C(=O)NCC1=CC=CC(F)=C1,0.006192819611169398
C1(CCCN(C(=O)C2=CC=C(OC)O2)C1)(CC1C=CC=C(OC)C=1)C(OCC)=O,0.009915770357474684
N1(CC2=CC=CC(F)=C2)C2=CC=CC=C2C=C1CN1CCC(CC1)C(=O)N1CCCCCC1,0.00886517963372171
N1(C2C=CC(=CC=2)C(=O)NCC2=NN=CN2CCC)C(C)=CC(C)=N1,0.006887415354140103
CCN1C(C2=CC=C(C)C=C2)=CN=C1SCC(NC1=CC=C(N2CCOCC2)C=C1)=O,0.005833051074296236
C(C1C=CC=CC=1)(CC(NCCN1C=CC=N1)=O)C1C=CC=CC=1C,0.008839311264455318
N1(CC2=CC=CC(F)=C2)C2=CC=CC=C2C=C1CN1CCC(CC1)C(=O)N1CCC(CC1)C,0.00875831414014101
C1(C2=CC=CC=C2F)(CC1)C(=O)NC(C(C)C)CN1C=CN=C1,0.006143662659451365
C(F)(F)(F)C1=CC=C(N=C1)OC1=CC=CC=C1CN1CCN(CC1)C,0.004296930285636336
CCN1C(C2=CC=C(C)C=C2)=CN=C1SCC(NCC1OCCC1)=O,0.006761451577767729
C1(=CC=NN1C)C(=O)N1CCOC(CC2C=CC=CC=2)C1,0.008319280855357648
CCN1C(C2=CC=C(C)C=C2)=CN=C1SCC(C1=C(C)C(C(C)=O)=C(C)N1)=O,0.009254481783136726
N1(CC[C@H]([C@H](O)C1)C1=CC=C2C(OCO2)=C1)C1N=CC=C(C=1)C(F)(F)F,0.0014804069767706096
N1(CC2=CC=CC(F)=C2)C2=CC=CC=C2C=C1CN1CCC(CC1)C(=O)N1CCCC1,0.008302635815925895
N1=C(CN2CCC(CC2)CC2=CC=CC=C2F)ON=C1C1C=CC=CN=1,0.006779497861862183
CCN1C(C2=CC=C(C)C=C2)=CN=C1SC(C(C1C(=O)N(C)C(=O)N(C)C=1N)=O)C,0.006643382506445051
C1(C(NCCC2C=CC=CC=2)=O)(CC2C(=CC=CC=2)C1)N1CCN(CC1)CC,0.010380678670480847
CCN1C(C2=CC=C(C)C=C2)=CN=C1SC(C(NC(N)=O)=O)C,0.0014356530242366715
CCN1C(C2=CC=C(C)C=C2)=CN=C1SCOC,0.009336894867010415
N1(CC2=CC=CC(F)=C2)C2=CC=CC=C2C=C1CN1CCC(CC1)C(=O)N1CCOCC1,0.006924868561327457
CCN1C(C2=CC=CC=C2)=CN=C1SCC(NC1=C(C)C=CC=C1)=O,0.00600668138358742
N1(CC2=CC=CC(F)=C2)C2=CC=CC=C2C=C1CN1CCC(CC1)C(=O)N1CCN(CC1)CCC,0.007418773486278951
C1(C=C(NN=1)COC1C=CC=CC=1F)C(=O)N(C)C(C)C1C=CC=CC=1OC,0.005689078359864652
N1(CC2=CC=CC(F)=C2)C2=CC=CC=C2C=C1CN1CCC(CC1)C(=O)N1CCC2(CC1)OCCO2,0.008540758956223726
N1(CCN(CC1CCO)CC1C=CC=C2C=NC=CC=12)CC(C)C,0.0053233660757541655
N1(CC2=CC=CC(F)=C2)C2=CC=CC=C2C=C1CN1CCC(CC1)C(=O)N1CCN(CC1)CC,0.007586010848172009
CCN1C(C2=CC=CC=C2)=CN=C1SCC(NC1=C(OC)C=CC(OC)=C1)=O,0.005605639261193574
N1(CC2=CC=CC(F)=C2)C2=CC=CC=C2C=C1CN1CCC(CC1)C(=O)N1CCCCC1,0.008585429657250643
CCN1C(C2=CC=CC=C2)=CN=C1SCC(NCC(NC1=C(C)C=C(Br)C=C1)=O)=O,0.006109103979542852
C1(=NC=C(CN(C)CCOC)N1CCCC)S(=O)(=O)CC1CCC1,0.00948051018640399
N1(CC2=CC=CC(F)=C2)C2=CC=CC=C2C=C1CN1CCC(CC1)C(=O)NCC1C=CC=NC=1,0.006265283306129276
N1(CC2=CC=CC(F)=C2)C2=CC=CC=C2C=C1CN1CCC(CC1)C(=O)NC1=CC=C(C=C1)OC,0.006022556661628186
CCN1C(C2=CC=CC=C2)=CN=C1SCC(NC1=C(C(NC2CC2)=O)C=CC=C1)=O,0.005663273530080915
N1=C(CC)SC=C1CN1CCC(CC1)N1CCCC(C(NCCOC)=O)C1,0.00801522561814636
N1(CC2=CC=CC(F)=C2)C2=CC=CC=C2C=C1CN1CCC(CC1)C(=O)NCC1=CC=CC=C1,0.006645509228110314
C(CN(CC=C)C(=O)CCC1=CC=CC=C1F)#CC1C=CC=CC=1,0.007821149099618197
CCN1C(C2=CC=CC=C2)=CN=C1SCC(NC1=CC2=C(OCO2)C=C1)=O,0.005350604723207653
C1(C=CC(=CC=1OC)OC)C(=O)C1CCCN(CC2=CC=C(C(F)=C2)F)C1,0.013093765126541257
N1(CC2=CC=CC(F)=C2)C2=CC=CC=C2C=C1CN1CCC(CC1)C(=O)NC(C)CC,0.007138912752270699
C(=O)(C1C=CC(=CC=1)Cl)N(CCN(C)C)CC1CCCN(CC2=CC=CC=C2F)C1,0.008085653674788773
CCN1C(C2=CC=CC=C2)=CN=C1SC(C(NC1=CC(C(C)=O)=CC=C1)=O)C,0.008475029142573476
C1(=COC(COC2C=CC3=C(C=CC=N3)C=2)=N1)C(=O)NC(C)C1NC=CN=1,0.002410089521436021
CCN1C(C2=CC=CC=C2)=CN=C1SCC1=C(OC)C=CC(C(C)=O)=C1,0.012369949789717793
C1(CN2CCN(C(CCO)C2)CC(C)(C)C)=CN(N=C1C)C,0.007229499728418886
CCN1C(C2=CC=CC=C2)=CN=C1SCC(NC1CS(=O)(=O)CC1)=O,0.0046287801582366225
N1(CC2=CC=CC(F)=C2)C2=CC=CC=C2C=C1CN1CCC(CC1)C(=O)NC1C=CC=CC=1Cl,0.005918803042732179
CCN1C(C2=CC=CC=C2)=CN=C1SCC(NC(CC1=CC=CC=C1)=O)=O,0.002841571706812829
C(=O)(NC1CC1)C1CCCN(C2CCN(CC2)C(=O)CC2C=CC=CC=2C)C1,0.011155708087608218
N1(CC2=CC=CC(F)=C2)C2=CC=CC=C2C=C1CN1CCC(CC1)C(=O)NC1=C(C)C=CC(Cl)=C1,0.006144136004149914
CCN1C(C2=CC=CC=C2)=CN=C1SCC(NC1=C(C(N)=O)C=CS1)=O,0.003999139601364732
N1(CC2=CC=CC(F)=C2)C2=CC=CC=C2C=C1CN1CCC(CC1)C(=O)NC1CCCCCC1,0.007714698580093682
CCN1C(C2=CC=CC=C2)=CN=C1SCC(C1NC=CC=1)=O,0.006651317793875932
N1(CC2=CC=CC(F)=C2)C2=CC=CC=C2C=C1CN1CCC(CC1)C(=O)NC1CCCC1,0.0072180622722953554
CCN1C(C2=CC=CC=C2)=CN=C1SC(C(NC(NC)=O)=O)C,0.0012674206955125555
N1(CC2C=CC(=NC=2)Cl)C=NC(C2=CC=CC=C2)=C1C1C=CSC=1,0.006916717439889908
CCN1C(C2=CC=CC=C2)=CN=C1SCC(NC(C(C)C)C)=O,0.007566422293893993
C12CN(CCC=1N(N=C2C(O)=O)CC1=CC=C(C=C1)F)C(C(CC)OC)=O,0.006047064205631614
N1(CC2=CC=CC(F)=C2)C2=CC=CC=C2C=C1CN1CCC(CC1)C(=O)NC1=CC=C(C=C1F)F,0.005494427913799882
C1(C2=CC=CC(=C2)N2C=CC=N2)=NC=CN1C1CCN(CC1)CC1=CC=CN=C1,0.006997803482227028
N1(CC2=CC=CC(F)=C2)C2=CC=CC=C2C=C1CN1CCC(CC1)C(=O)NC1C=CC=C(C)C=1C,0.007222216133959592
C(F)(F)(F)C1=CC=CC(=C1)N1CCN(CC1)C1CCCN(CC2=CC=CC3OCOC2=3)C1,0.006012974982149899
CCN1C(C2=CC=CC=C2)=CN=C1SC(C(NC(N)=O)=O)C(C)C,0.0016376479703467338
C1(=NC=CC=C1CNC(=O)CCN1C=CC=N1)OC1C=CC(=CC=1F)F,0.0054287795908749105
CCN1C(C2=CC=CC=C2)=CN=C1SC(C(NC(N)=O)=O)C,0.0012108025344787165
C1(C=NC=C(N2CCC3(CC2)CCOCC3)N=1)C(=O)N(C)C,0.009708258137106896
CCN1C(C2=CC=CC=C2)=CN=C1SC(C(N)=O)C,0.005851660366170108
C1(C=C2N(CCN(C(C)=O)C2)N=1)C(=O)N1CCCC1C1=CC(=NO1)C,0.00985296438448131
CCN1C(C2=CC=CC=C2)=CN=C1SCC(NC(NCCCOC)=O)=O,0.0013032689836109056
N1(CC2=CC=CC(F)=C2)C2=CC=CC=C2C=C1CN1CCC(CC1)C(=O)NC1=C(C)C=CC=C1C,0.007244438072666526
N1C(CC(C)C)=NOC=1CN(C)CC1=CC=NC2C=CC=CC1=2,0.01218399815261364
N1(CC2=CC=CC(F)=C2)C2=CC=CC=C2C=C1CN1CCC(CC1)C(NCCN(C)C)=O,0.006758615467697382
CCN1C(C2=CC=CC=C2)=CN=C1SCC1N=C(CC(NC2=CC=C(C)C=C2)=O)SC=1,0.005422816053032875
N1(CC2=CC=CC(F)=C2)C2=CC=CC=C2C=C1CN1CCC(CC1)C(=O)NC1C=CC(=CC=1)CC,0.0071582400938496
CCN1C(C2=CC=CC=C2)=CN=C1SCC(N1C(=O)NCC1)=O,0.00125581274041906
N1(CC2=CC=CC(F)=C2)C2=CC=CC=C2C=C1CN1CCC(CC1)C(=O)NC1C=CC=CC=1F,0.0059799672802910205
N1(C(C)C(=O)NC2=CN=C3CCCCN23)C=NC2=C(C=CC=C2)C1=O,0.004402788484003395
N1(CC2=CC=CC(F)=C2)C2=CC=CC=C2C=C1CN1CCC(CC1)C(=O)NC1=CC=C(C=C1)F,0.005905718542635441
C1(=COC(COC2=CC=CC(F)=C2)=N1)C(=O)N1CCC1C1C=CC=C(OC)C=1,0.00638405189383775
N1(CC2=CC=CC(F)=C2)C2=CC=CC=C2C=C1CN1CCC(CC1)C(=O)NCC1=CC=C(C=C1)OC,0.0060095040127635
C1(=CC=C(N=C1)NC1CCN(CC1)C)C(NCCC1CCCCN1C)=O,0.0077774108620360495
N1C2=CC=CC=C2OC=1C1C=CC(=CC=1)NC(=O)C1CCCN1C(C)=O,0.004778544628061354
CCN1C(C2=CC=CC=C2)=CN=C1SCC1N=C(N(C2=C(OC)C=CC=C2)C(C)=O)SC=1,0.006300576170906425
C1(=CSC(CN(C)C)=N1)C(=O)N1CCN(C2(CCN(CC2)C)C1)C,0.00821586363017559
N1=C(N)N=C(C=C1N1CCOCC1)NCCC(=O)NC1CCCCC1,0.005555476737208664
CCN1C(C2=CC=CC=C2)=CN=C1SC(C(C1=CC2=C(OCC(N2)=O)C=C1)=O)C,0.007399913994595409
N1(CCC2C(=CC=CC=2)C1)C1=NC=CC=C1CNC(CC=CCC)=O,0.007481014844961465
CCN1C(C2=CC=CC=C2)=CN=C1SCC(N(C1(C#N)CCCCC1)C)=O,0.00600198682188875
N(C)(C(CC)C1=CC=CN=C1)CC1C=CSC=1,0.012930765748023987
CCN1C(C2=CC=CC=C2)=CN=C1SCC(N1CCN(C(C2OC3=C(C=CC=C3)OC2)=O)CC1)=O,0.005598894134163856
CC1=NC2=C(C(=C(C(OCC(NCCOC3=CC=CC=C3)=O)=O)S2)N)C(C)=C1,0.0036398997297510506
CC(C(N(CC1=CC(F)=CC=C1)C)=O)OC(C1=C(N)C2=C(N=C(C=C2C)C)S1)=O,0.004895817767828703
C1(C(NCCN2CCCC(C3C=CC=CC=3)C2)=O)C=C(ON=1)COC1=CC=C(N=C1)C,0.007607698580250144
CC(SCC(NC1SC=NN=1)=O)(C)C,0.006208092742599547
C(C1C=CC=CC=1)(CC(NCCC1C=CN=CC=1)=O)C1C=CC=CC=1F,0.006514906557276845
COC1=CC=C(SCC(NC2=C(C(N)=O)C=C(C3=CC=CC=C3)S2)=O)C=C1,0.005485601094551385
N1(CC2=CC=CC(F)=C2)C2=CC=CC=C2C=C1CN1CCC(CC1)C(=O)NC1=CC=C(C=C1)OCC,0.006012854678556323
C1(=COC(COC2C=CC3=C(C=C(C=C3)OC)C=2)=N1)C(=O)N1[C@H](C)CCC[C@@H]1C,0.006713455799035728
CCOC(C1=C(COC(CCC2N(C3CC3)C(=O)C3=C(C=CC=C3)N=2)=O)C2=C(C=CC=C2)O1)=O,0.008974860608577728
C1(C=C(CC(C)C)N=C(N)N=1)C(=O)N1CCC(CC1)N1CCC(CC1)C(=O)NC(C)C,0.005771883833222091
N1(CC2=CC=CC(F)=C2)C2=CC=CC=C2C=C1CN1CCC(CC1)C(NCCCC1C=CC=CC=1)=O,0.006189533695578575
C1(=COC(CN2CCN(CC2)CC2C=CC=CC=2)=N1)C(=O)N(C)CC(C)C,0.008146777655929327
N1(CC2=CC=CC(F)=C2)C2=CC=CC=C2C=C1CN1CCC(CC1)C(=O)NC1C=CC=CC=1C,0.006930027552880347
FC1=CC=C(N2C3=C(C(N(C=N3)CC(N3CCN(C(C4OC=CC=4)=O)CC3)=O)=O)C=N2)C=C1,0.006163382693193853
N1NC(=CC=1CN1CCC(CC1)(CCC1C=CC=CC=1)C(OCC)=O)CC(C)C,0.008847959665581584
N1(CC2=CC=CC(F)=C2)C2=CC=CC=C2C=C1CN1CCC(CC1)C(=O)NC1C=CC=C(Cl)C=1C,0.006061074952594936
FC1=CC=C(N2C3=C(C(N(C=N3)CC(NC3CC3)=O)=O)C=N2)C=C1,0.005174732301384211
C(=O)(NC1=CC=C(C=C1)C(OC)=O)N1CCOC(C1)CCN(C)C,0.005459503503516316
N1(CC2=CC=CC(F)=C2)C2=CC=CC=C2C=C1CN1CCC(CC1)C(=O)NC1C=C(C)C=CC=1C,0.0071461803512647745
FC1=CC=C(N2C3=C(C(N(C=N3)CC3N=C4N(C=CS4)C(=O)C=3)=O)C=N2)C=C1,0.00652024585288018
C(=O)(N(CCOC)CCOC)C(CC)NC1C=CC=C(OC)C=1,0.008963110018521547
FC1=CC=C(N2C3=C(C(N(C=N3)CC(C3NC=CC=3)=O)=O)C=N2)C=C1,0.005610062438063323
C1(C(C)NCC2C=C(Cl)C(=C(Cl)C=2)OCC=C)NN=CN=1,0.005316527397371829
FC(OC1=C(Cl)C=C(NC(CN2C(=O)C3=C(N(C4=CC=C(F)C=C4)N=C3)N=C2)=O)C=C1)F,0.0038198227644897997
N1(CC(=O)N2CCCCC2CCN2C=CN=C2C)N=NN=C1CN1CCOCC1,0.004984592064283788
FC1=CC=C(N2C3=C(C(N(C=N3)CC(NC3=CC4=C(OCCCO4)C=C3)=O)=O)C=N2)C=C1,0.005277036875486374
N1(C[C@H](C[C@H]1C(NCC)=O)N)C(=O)C1C=NN(CC2=CC=CC=C2)C=1,0.007155970740132034
N1(CC2=CC=CC(F)=C2)C2=CC=CC=C2C=C1CN1CCC(CC1)C(=O)NC1C=CC(=CC=1C)C,0.007168888440355658
N1=C(CN2CCC(C3C=CC=CC=3Cl)C2)ON=C1C1=CC=CC=C1,0.009019037708640099
N1(CC2=CC=CC(F)=C2)C2=CC=CC=C2C=C1CN1CCC(CC1)C(=O)NC(C)C,0.006718411762267351
C12C=C(CNC(=O)C3=CC=CN3)C(=NC=1CN(C1CCCC1)C2=O)OC,0.0052891400875523685
N1(CC2=CC=CC(F)=C2)C2=CC=CC=C2C=C1CN1CCC(CC1)C(NCCC)=O,0.0068033090326935055
C1(=CC=NN1C)C(=O)N1CCCC(C1)CCC1=CC=CC=C1C,0.009916333388537169
CC1SC2=C(C=CC=C2)N(C(CN2C(=O)C3=C(N(C4=CC=C(F)C=C4)N=C3)N=C2)=O)CC1,0.005620611296035349
N1(CCN(CC1CCO)CC1=CC(Cl)=CC=C1O)CC1=CC=CC(C)=N1,0.002535018802154809
FC1=CC=C(N2C3=C(C(N(C=N3)CC(N(C3=CC=CC=C3)C3CCCCC3)=O)=O)C=N2)C=C1,0.007342252624221146
CC(C1=CC2=C(OCCO2)C=C1)NC(CN1C(=O)C2=C(N(C3=CC=C(F)C=C3)N=C2)N=C1)=O,0.0054058342473581435
C12NC(=O)CC(C(C)=CC3=CC=CC=C3)C=1N=C1CCCCN21,0.006223125569522381
N1(CC2=CC=CC(F)=C2)C2=CC=CC=C2C=C1CN1CCC(CC1)C(NCCN(CC)CC)=O,0.007572068669833243
C1(=CNN=C1C(O)=O)C1CC(=O)NC2=CC(=CC=C21)NC(C)=O,0.0030063437996432187
N1(CC2=CC=CC(F)=C2)C2=CC=CC=C2C=C1CN1CCC(CC1)C(=O)NC(C)C1=CC=CC=C1,0.007266509463079274
N1(CC2=CC=CC(F)=C2)C2=CC=CC=C2C=C1CN1CCC(CC1)C(=O)NC1C=CC(=CC=1Cl)C,0.006145660090260208
N1(CC2=CC=CC(F)=C2)C2=CC=CC=C2C=C1CN1CCC(CC1)C(=O)NC1C=CC(=C(C)C=1)C,0.007225185818970204
C12(CCNCC1)C1=CC=CC=C1[C@@H](N(C)C)[C@@H]2O,0.006508639291860163
N1(CC2=CC=CC(F)=C2)C2=CC=CC=C2C=C1CN1CCC(CC1)C(NCCC(C)C)=O,0.0070827813819050785
C1(C2=CC=CC3C=CC=NC2=3)=C(C2C=CC=CC=2)N=CN1CC1CC(N(C)C1)=O,0.007350097619928419
N1(CC2=CC=CC(F)=C2)C2=CC=CC=C2C=C1CN1CCC(CC1)C(=O)NCC1C=CC=C(C)C=1,0.007068130001425743
C(=O)(NC1C=CC=CC=1C)N1CCC(CC1)N1CCCC(C1)C(=O)N1CCCC1,0.007452195347286761
N1(CC2=CC=CC(F)=C2)C2=CC=CC=C2C=C1CN1CCC(CC1)C(NCCC1C=CC=CC=1)=O,0.006643317127600312
[C@@H]1(NC(=O)C2C=C(ON=2)COC2=CC=C3C(CCCC3)=C2)C[C@H]1C1C=CC=CC=1,0.009731388674117625
CC(C1=C(C)C=CC=C1)NC(CN1C(=O)C2=C(N(C3=CC=C(F)C=C3)N=C2)N=C1)=O,0.005785419442690909
FC1=CC=C(N2C3=C(C(N(C=N3)CC(N3CCN(C(C4SC=CC=4)=O)CC3)=O)=O)C=N2)C=C1,0.004753264167811721
N1(CC2=CC=CC(F)=C2)C2=CC=CC=C2C=C1CN1CCC(CC1)C(=O)NC1C(C)=CC(=CC=1C)C,0.00765470729675144
N1(CCC2C(=CC=CC=2)C1)C1CCCN(CC2=CC=C(C(O)=C2)OC)C1,0.0073850539978593584
FC1=CC=C(N2C3=C(C(N(C=N3)CC(NCC3OC4=C(C=CC=C4)OC3)=O)=O)C=N2)C=C1,0.005403158278204501
