SMILES,HIT
CN1C(C(NC2=CC=C(OC3=NC=CC=N3)C=C2)=O)=CC(Cl)=C1Cl,0.005009873141534627
CN(C1=NC=CC(C(NC2=CC=C(OC3=NC=CC=N3)C=C2)=O)=C1)C,0.004366713238414377
CC(S(C)(=O)=O)C(NC1=CC=C(OC2=NC=CC=N2)C=C1)=O,0.00375000728527084
CCCC1SC(C(NC2=CC=C(OC3=NC=CC=N3)C=C2)=O)=C(C)N=1,0.005161635903641581
CC1=NC(C(N(C2=CC=C(Br)C=C2)CC2=NC=CC=C2)=O)=CC=N1,0.0074231296079233285
CC(C1=C(Br)C=C2C(OCCO2)=C1)NC(C1=NC(C)=NC=C1)=O,0.008639199659228325
COC1=C(C2ON=C(C(NC(C3=CC=C(S(N(C)C)(=O)=O)C=C3)C)=O)C=2)C=CC=C1,0.0056635637069121
CN(C1=C(F)C=C(CNC(C2=NC(C)=NC=C2)=O)C=C1)C1=CC=CC=C1,0.005333928542677313
COC1=C(OC)C=C(C(C(F)(F)F)NC(CN2CCS(=O)(=O)CC2)=O)C=C1,0.004846223306958564
CCCCSC(C(NC1=C(F)C=CC(N2S(=O)(=O)CCC2)=C1)=O)C,0.004147431591991335
BrC1=CC(OCCNC(CN2C(=O)C3=C(C=CC=C3)N=C2)=O)=CC=C1,0.00537232521455735
BrC1=CC(OCCNC(CN2C(=O)C3C(C4C=CC3C4)C2=O)=O)=CC=C1,0.005361479450948536
BrC1=CC(OCCNC(C2OC3=C(C=CC=C3)C(=O)C=2)=O)=CC=C1,0.007860087603330613
CC(C(NCCOC1=CC(Br)=CC=C1)=O)N1C(=O)C2=C(C=CC=C2)C1=O,0.004594486206769943
CC(NC(C1SC=CC=1)CC(NCCOC1=CC(Br)=CC=C1)=O)=O,0.006460472336038947
BrC1=CC(OCCNC(C2=C3C(C=CC=N3)=CC=C2)=O)=CC=C1,0.006572360103018582
CN1C2(CCCCC2)C(=O)N(CC(NCCOC2=CC(Br)=CC=C2)=O)C1=O,0.0031979685532860457
CCC1=C(C(NCCOC2=CC(Br)=CC=C2)=O)SN=N1,0.006858540652319789
CC(OC(NCCC(NCCOC1=CC(Br)=CC=C1)=O)=O)(C)C,0.005304139526560903
BrC1=CC(OCCNC(CCN2C(=O)CCC2=O)=O)=CC=C1,0.003485903749242425
BrC1=CC(OCCNC(CSCC2=CN=CC=C2)=O)=CC=C1,0.005823220568709075
CC(CSCCC(NCCOC1=CC(Br)=CC=C1)=O)C,0.010457439301535486
CCCCSC(C(NCCOC1=CC(Br)=CC=C1)=O)C,0.009258540300652384
CCN1C(=O)C2=C(C=CC=C2)C(C(N(CC2=C(F)C=CC=C2)CC=C)=O)=N1,0.007217438030056656
FC1=C(CN(C(C2CCC(=O)N(C3CS(=O)(=O)CC3)N=2)=O)CC=C)C=CC=C1,0.006046630279161036
CC1=C(C(N(CC2=C(F)C=CC=C2)CC=C)=O)C=C(S(C)(=O)=O)C=C1,0.006840019021183252
FC1=C(CN(C(C2=CC=C(N3C(=O)CCC3=O)C=C2)=O)CC=C)C=CC=C1,0.003324902104213834
FC1=C(CN(C(C2=CC(N3C(=O)CCC3=O)=CC=C2)=O)CC=C)C=CC=C1,0.0032892135088331996
COC1=C(OC)C(OC)=CC(CC(N(CC2=C(F)C=CC=C2)CC=C)=O)=C1,0.009323912998661399
CC(NC(C1SC=CC=1)CC(N(CC1=C(F)C=CC=C1)CC=C)=O)=O,0.005969920731149614
CN1C(=O)C2=C(C=CC=C2)C(CC(N(CC2=C(F)C=CC=C2)CC=C)=O)=N1,0.006842129770666361
FC1=C(CN(C(CCN2C3=C(C=CC=C3)C(=O)C=N2)=O)CC=C)C=CC=C1,0.00642979375552386
FC1=C(CN(C(CCC2OC(C3=CSC=C3)=NN=2)=O)CC=C)C=CC=C1,0.005797006329521537
CC1C(CCC(N(CC2=C(F)C=CC=C2)CC=C)=O)=C(C)N(CCC#N)N=1,0.0053822133886569645
CN1N=CC(C2SC=C(C(N(CC3=C(F)C=CC=C3)CC=C)=O)N=2)=C1,0.006240319041535258
CC1=C(C(N(CC2=C(F)C=CC=C2)CC=C)=O)SC(C2=NC=CC=N2)=N1,0.007405788637697697
ClC1=C(NC(C2OC=CC=2)=O)C=CC(NC(C2=C(C3=CC=CC=C3)C=CC=C2)=O)=C1,0.007912514172494412
CC1C2=C(C=CC(=C2)Cl)OC=1C(NC1=CC(Cl)=C(NC(C2OC=CC=2)=O)C=C1)=O,0.008235023799352348
CC1CCN(C(C2=CC=C(NC(CSCC#N)=O)C=C2)=O)CC1,0.0030838066377327777
FC(CNC(CNC(NCCCSC1=CC=CC=C1)=O)=O)(F)F,0.0024572102658567017
CCOC(CCC(NC1=CC=C(C(N(C2CCCCC2)C)=O)C=C1)=O)=O,0.010218410566449166
FC1=CC=C(SCC(NCCNC(C2=CC=C(Br)C=C2)=O)=O)C=C1,0.005115240556187927
CC(OC(NC1CN(C(C2CCCCC=2Cl)=O)CCC1)=O)(C)C,0.007787441741675139
OC1=C(N2CCN(CN3C(=O)N(C4=CC=CC=C4)CC3=O)CC2)C=CC=C1,0.0013303043582709507
S=C1N(CN2CCC(CCC3=CC=CC=C3)CC2)NC(C2=CN=CC=C2)=N1,0.006412856839597225
CNC(C1N(CN2C(=O)N(C3=CC=CC=C3)CC2=O)CC2=C(C=CC=C2)C1)=O,0.002302999806124717
COC1=CC=C(CCCNC(CC2=CC=C(OC)C=C2)=O)C=C1,0.008984920987859368
COC1=CC=C(CCCNC(C2C(=O)NC(C)=CC=2)=O)C=C1,0.004572885204106569
CN(C(CSCC1=C(C)ON=C1C)=O)CC1=CC(C(N)=O)=CC=C1,0.006680731172673404
CN(C(CC1C2=C(C=CC3=C2C=CC=C3)OC=1)=O)CC1=CC(C(N)=O)=CC=C1,0.010379173327237368
CN(C(C1C2=C(C=CC=C2)C(=O)N(C2=CC=CC=C2)N=1)=O)CC1=CC(C(N)=O)=CC=C1,0.007984843454323709
CN(C(C1C(C2=CC=CC=C2)=NN(C2=CC=CC=C2)C=1)=O)CC1=CC(C(N)=O)=CC=C1,0.007374620228074491
CN(C(C1=C(SCC2ON=C(C)C=2)C=CC=C1)=O)CC1=CC(C(N)=O)=CC=C1,0.0069174552103504535
CN(C(C1OC=CC=1)CNC(NC1=CN(CC2OCCC2)N=C1)=O)C,0.005155410664156079
CN(C(C1=NOC(C2=C(Cl)C=CC=C2)=C1)=O)CC1=CC(C(N)=O)=CC=C1,0.00699713877402246
O=C(NC(C1=CC2=C(OCCO2)C=C1)C1CC1)COC1=CC2=C(CCC2)C=C1,0.012942649517208337
O=C(NC(C1=CC2=C(OCCO2)C=C1)C1CC1)CN1N=NN=C1,0.006014437275007367
CC1C(C=CC(NC(C2=CC3=C(OCCO3)C=C2)C2CC2)=O)=C(C)N(C)N=1,0.010638961149379612
CS(C1=CC=C(C(NC(C2=CC3=C(OCCO3)C=C2)C2CC2)=O)C=C1)(=O)=O,0.007359605166129768
O=C(C1=NC=CN=C1)NC(C1=CC2=C(OCCO2)C=C1)C1CC1,0.008762597432360053
OC1=NC=C(C(NC(C2=CC3=C(OCCO3)C=C2)C2CC2)=O)C=C1,0.0072051565628498794
O=C(NC(C1=CC2=C(OCCO2)C=C1)C1CC1)COC1=C(C#N)C=CC=C1,0.008694547647610306
COCC1=CC=C(C(NC(C2=CC3=C(OCCO3)C=C2)C2CC2)=O)C=C1,0.011502167163416743
O=C(C1CCOCC1)NC(C1=CC2=C(OCCO2)C=C1)C1CC1,0.012033581268042326
CC1(C(NC(C2=CC3=C(OCCO3)C=C2)C2CC2)=O)C(Cl)(Cl)C1,0.00919569711765007
CC1=CC(NC(C2CCN(CN3C(=O)C4=C(C=CC=C4)C=N3)CC2)=O)=NC=C1,0.004382926831021905
CN1C(=O)CCC(C(NC(C2=CC3=C(OCCO3)C=C2)C2CC2)=O)=N1,0.007114490028470755
C/C(/C)=C/C1C(C)(C)C1C(NC1SC(C2=CSC=C2)=NN=1)=O,0.00862470706924796
CC(OC1=CC=C(CCCNC(C2C(=O)NC(C)=CC=2)=O)C=C1)C,0.005158045236021281
CCOCCCC(NC1SC=C(C2=C(C)OC(C)=C2)N=1)=O,0.005561699671670794
COC(CCC(NC(C1=CC2=C(OCCO2)C=C1)C1CC1)=O)=O,0.01007948536425829
CN1C(=O)C=C(C(NC(C2=CC3=C(OCCO3)C=C2)C2CC2)=O)C=C1,0.009367698710411787
COCC1=C(C(NC(C2=CC3=C(OCCO3)C=C2)C2CC2)=O)C=CC=C1,0.011231251247227191
O=C(NC(C1=CC2=C(OCCO2)C=C1)C1CC1)CSCC1=CN=CC=C1,0.008092268812470138
CC(OC1=NC=C(C(NC(C2=CC3=C(OCCO3)C=C2)C2CC2)=O)C=C1)C,0.00938254757784307
O=N(C1C(C(NC(C2=CC3=C(OCCO3)C=C2)C2CC2)=O)C1)=O,0.009672029828652739
C=CCSCC(NC(C1=CC2=C(OCCO2)C=C1)C1CC1)=O,0.00948443622328341
CC1=NC(C(NC(C2=CC3=C(OCCO3)C=C2)C2CC2)=O)=CC=N1,0.009286764869466424
CC1NC(=O)C(C(NC(C2=CC3=C(OCCO3)C=C2)C2CC2)=O)=CC=1,0.006798049318604171
CC(CC(C1SC=CC=1)NC(CCC1NC(=O)C2=C(C=CC=C2)N=1)=O)C,0.004502608999609947
CC(CC(C1SC=CC=1)NC(C1CN(S(C)(=O)=O)CCC1)=O)C,0.005282467836514116
CC(CC(C1SC=CC=1)NC(C(N1C(=O)C2=C(C=CC=C2)C1=O)C)=O)C,0.005046911793760956
CC(CC(C1SC=CC=1)NC(C1=CC(N2C(=O)CCC2=O)=CC=C1)=O)C,0.0037344427895732225
CC(CC(C1SC=CC=1)NC(C1CN(S(C2=CC=C(F)C=C2)(=O)=O)CCC1)=O)C,0.004855197062715888
CCOC1=C(OC)C=CC(C(NC(C2SC=CC=2)CC(C)C)=O)=C1,0.011682747211307288
CC(CC(C1SC=CC=1)NC(CCC1ON=C(C2=CN=CC=C2)N=1)=O)C,0.007951515493914485
CSC1NC(=O)C(CCC(NC(C2SC=CC=2)CC(C)C)=O)=C(C)N=1,0.005722296610474587
CC(CC(C1SC=CC=1)NC(C1CCN(S(C)(=O)=O)CC1)=O)C,0.005149567523039878
CC(CC(C1SC=CC=1)NC(CCC1ON=C(C2=CC=NC=C2)N=1)=O)C,0.008019311400130392
CC(CC(C1SC=CC=1)NC(C1CCN(C(C2=COC=C2)=O)CC1)=O)C,0.008393888268619776
CC(CC(C1SC=CC=1)NC(C1C(=O)NC(C)=CC=1)=O)C,0.005629055481404066
CC(CC(C1SC=CC=1)NC(C1CN(C(CC2=CC=CC=C2)=O)CCC1)=O)C,0.008444288792088629
CC(CC(C1SC=CC=1)NC(COCCOC1=CC=CC=C1)=O)C,0.008455684501677751
COCC1C2=C(C=CC=C2)OC=1C(NC1SC(C2=CSC=C2)=NN=1)=O,0.005799649795517325
CC1=C(SCC(NC2SC(C3=CSC=C3)=NN=2)=O)C=CC=C1,0.004926979751326143
ClC1=CC=C(SCC(NC2SC(C3=CSC=C3)=NN=2)=O)C=C1,0.004178851365577429
O=C(C1(C2=CC=CC=C2)CC1)NC1SC(C2=CSC=C2)=NN=1,0.0066668094834312795
FC(C1=C(C(NC2SC(C3=CSC=C3)=NN=2)=O)C=CC=C1)(F)F,0.003286884434055537
COC1=C(OC)C(OC)=CC(C(NC2SC(C3=CSC=C3)=NN=2)=O)=C1,0.006101113557815552
CCC(C1=CC=CC=C1)C(NC1SC(C2=CSC=C2)=NN=1)=O,0.006222527264617384
BrC1=CC=C(CC(NC2SC(C3=CSC=C3)=NN=2)=O)C=C1,0.0063152214046567675
COC1=C(OC)C=C(CC(NC2SC(C3=CSC=C3)=NN=2)=O)C=C1,0.006226914492435754
FC(C1=CC(C(F)(F)F)=CC(C(NC2SC(C3=CSC=C3)=NN=2)=O)=C1)(F)F,0.0038724730489775538
O=C(NC1SC(C2=CSC=C2)=NN=1)CCN1C2=C(C=CC=C2)OC1=O,0.0038014619844034315
ClC1=CC2=C(OC(C(NC3SC(C4=CSC=C4)=NN=3)=O)=C2)C=C1,0.004912991030141711
BrC1=C(C(NC2SC(C3=CSC=C3)=NN=2)=O)C=CC=C1,0.005657305452041328
O=N(C1=CC(C(NC2SC(C3=CSC=C3)=NN=2)=O)=CC=C1)=O,0.002611478150356561
CCN1C2=C(C=C(C(NC3SC(C4=CSC=C4)=NN=3)=O)C=C2)N=N1,0.004424797196406871
FC(COCC1=CC=C(C(NC2SC(C3=CSC=C3)=NN=2)=O)C=C1)(F)F,0.0034877686062827705
O=C(C1SC2=C(C=CC=C2)C1)NC1SC(C2=CSC=C2)=NN=1,0.0057660829275846485
O=C(NC1SC(C2=CSC=C2)=NN=1)CC1N=C(C2OC=CC=2)SC=1,0.005971637764014303
OC1=C(CN2CCC(C(NC3=NC=CC=C3)=O)CC2)C=C2C(OCO2)=C1,0.00331073310226202
CC1C(N(=O)=O)=C(C)N(CN2CCC(C(NC3=NC=CC=C3)=O)CC2)N=1,0.004065408010501414
CCOC1=C(OC)C=C(C(N2CCN(C(CCC(C)C)=O)CC2)=O)C=C1,0.012734968028962613
CC(CCC(N1CCN(C(C2=CC=C(N(S(C3=CC=C(C)C=C3)(=O)=O)C)C=C2)=O)CC1)=O)C,0.006517064361833036
CC(CCC(N1CCN(C(C2C(C3=C(Cl)C=CC=C3F)=NOC=2C)=O)CC1)=O)C,0.007758955797180533
CC(CCC(N1CCN(C(C2=C(O)C=CC(Br)=C2)=O)CC1)=O)C,0.006714464328251779
CC(CCC(N1CCN(C(C2=CC=C(N3N=CC=C3)C=C2)=O)CC1)=O)C,0.007881443481892347
CC(CCC(N1CCN(C(C2CN(C3=NC=CC=C3)CCC2)=O)CC1)=O)C,0.008165815216489136
CN(C(C1SC=CC=1)CNC(N1C(CCNS(C)(=O)=O)CCCC1)=O)C,0.0030397945549339054
CC1OC(C)=C(C2N=C(NC(C3=CC=C(C#N)C=C3)=O)SC=2)C=1,0.004857253120280802
CC1OC(C)=C(C2N=C(NC(C3=C(N(=O)=O)C=CC=C3)=O)SC=2)C=1,0.0047256131074391305
COC1C(C(NC2SC=C(C3=C(C)OC(C)=C3)N=2)=O)=NN(C2=CC=CC=C2)C=1,0.006833826936781406
CC1OC(C)=C(C2N=C(NC(C3=CC=C(C4SCCCS4)C=C3)=O)SC=2)C=1,0.008255454059690238
CSC(C(NC1SC=C(C2=C(C)OC(C)=C2)N=1)=O)C,0.006033727154135704
CC1OC(C)=C(C2N=C(NC(CSCC=C)=O)SC=2)C=1,0.005700741894543171
CC(C1=CC=C(N2C=NC=C2)C=C1)NC(NCC(NCC(F)(F)F)=O)=O,0.0019759898365009575
NC(C1=CC(N(=O)=O)=C(SCC(NC(C2=CC=CC=C2)CC2=CC=C(Cl)C=C2)=O)C=C1)=O,0.00475882466416806
CCC1(C(=O)N(CC(NC(C2=CC=CC=C2)CC2=CC=C(Cl)C=C2)=O)C(=O)N1)C,0.00229019945836626
CC(NCCC(NC(C1=CC=CC=C1)CC1=CC=C(Cl)C=C1)=O)=O,0.007399134011939168
CC(NCC1=CC=C(C(NC(C2=CC=CC=C2)CC2=CC=C(Cl)C=C2)=O)C=C1)=O,0.007677150517702102
CCN(C1=CC=C(CNC(NCCCC(OC)=O)=O)C=C1)CC,0.005589711968787015
FC(CNC(CNC(NCC1=CC2=C(OCCO2)C=C1)=O)=O)(F)F,0.00364197728340514
O=C(NC1C2=C(C=CC=C2)SCC1)NCC1=CC(CN2CCOCC2)=CC=C1,0.00471945374738425
CS(NCCC1N(C(NCC(C2OC=CC=2)N2CCCC2)=O)CCCC1)(=O)=O,0.003754197619855404
CCS(NC1=CC=C(NC(NC(C2=NC=CC=C2)C)=O)C=C1)(=O)=O,0.0027540039794985206
CC(C1=NC=CC=C1)NC(NCC1=CC(CN2CCOCC2)=CC=C1)=O,0.004555431031621993
COC1=CC(OC)=C(CNC(NC(C2=CC=NC=C2)C)=O)C(OC)=C1,0.00484107683878392
CCCOC1=C(OC2=C(CNC(NCC(N3CCCCC3)(C)C)=O)C=CC=N2)C=CC=C1,0.005615148227661848
O=N(C1=CC(F)=C(N2CCC(C3N4C(CCC4)=NN=3)CC2)C=C1)=O,0.003765239636413753
CC1C(N(=O)=O)=C(N2CC(C(NC3=NC(C)=CC=C3)=O)CCC2)N(C)N=1,0.0040100686950609084
CC1=NC(NC(C2CN(C3=CC=C(S(C(F)(F)F)(=O)=O)C=C3)CCC2)=O)=CC=C1,0.0025399308477062734
CC1=NC(NC(C2CN(C3N(C4=CC=CC=C4)N=NN=3)CCC2)=O)=CC=C1,0.004499677359126509
CC1=NC(NC(C2CN(C3=C(N(=O)=O)C=CC=C3)CCC2)=O)=CC=C1,0.0036880202940665187
CC1=C(N2CCC(C(NC3=NC=C(Cl)C=C3)=O)CC2)N=C2C(C=CC=C2)=N1,0.005985160835552961
ClC1=CN=C(NC(C2CCN(C3=C4C(N=CN4)=NC=N3)CC2)=O)C=C1,0.002693166391691193
ClC1=CN=C(NC(C2CCN(C3=C(Cl)C(=O)NN=C3)CC2)=O)C=C1,0.002784314984455705
CN(C1=C2C(N(N=C2)C)=NC=N1)CC1=CC(Br)=CC=C1,0.009605997893959283
CC(C1=C(C)C=CC=C1)N(C1=NC(NC2CC2)=C(N(=O)=O)C=N1)C,0.005895919818431139
CC(C1=C(C)C=CC=C1)N(C1=NN2C(=NN=C2C(F)(F)F)C=C1)C,0.00627619274891913
CC(C1=C(C)C=C(C)C=C1)N(C1N2C(=NC(C(F)(F)F)=N2)N=C(C)C=1)C,0.006206115428358317
CC(C1=C(C)C=C(C)C=C1)N(C1=NC(N)=NC(Cl)=C1)C,0.005803697207011282
CC(C1=C(C)C=C(C)C=C1)N(C1=NC(C(F)(F)F)=CC=N1)C,0.0054791982285678385
CC(C1=C(C)C=C(C)C=C1)N(C1=C2C(N(N=C2)C)=NC=N1)C,0.011666884878650308
CC(C1=C(C)C=C(C)C=C1)N(C1=C2C(SC=C2)=NC=N1)C,0.00963745298795402
BrC1=CC(OCCNC2=C3C(N=CN3)=NC=N2)=CC=C1,0.0032075256225652994
CC1=C(C(N2CCN(C3=C(C#N)C(Cl)=NS3)CC2)=O)C=CO1,0.006033791450317949
CC(C1=CC(C(F)(F)F)=CC=C1)NC(NCC(NCC(F)(F)F)=O)=O,0.0031001400042441674
CN1C2=C(C(N3CC(NC(OC(C)(C)C)=O)CCC3)=NC=N2)C=N1,0.0047194008249789475
CC(OC(NC1CN(C2=C3C(C=CC=C3)=NC(C(F)(F)F)=N2)CCC1)=O)(C)C,0.003362396638840437
CC(OC(NC1CN(C2=C(Cl)C=C(C(F)(F)F)C=N2)CCC1)=O)(C)C,0.0033048560959286987
CN(C1=CC=C(S(C(F)(F)F)(=O)=O)C=C1)CC1=CC(C(N)=O)=CC=C1,0.0027489440370118247
CC1C(N(=O)=O)=C(NCC2N=C3N(C=CC(=C3)C)C=2)N(C)N=1,0.003045134007697925
CC1=CC2N(C=C(N=2)CNC2=C(C#N)C(Cl)=NS2)C=C1,0.004130557656753808
CC1=CC2N(C=C(N=2)CNC2=CC=C(S(C(F)F)(=O)=O)C=C2)C=C1,0.001916616698144935
CC1=CC2N(C=C(N=2)CNC2=CC=C(S(C(F)(F)F)(=O)=O)C=C2)C=C1,0.001847852893115487
CC1=CC2N(C=C(N=2)CNC2=C(F)C=C(N(=O)=O)C=C2)C=C1,0.002433245233260095
CCOC(C1=C(C)C2=C(N=C(N=C2NCC2N=C3N(C=CC(=C3)C)C=2)C)S1)=O,0.00460472732083872
CC1=CC2N(C=C(N=2)CNC2=C(C#N)C=CC=C2)C=C1,0.004286554257851094
CC1=CC2N(C=C(N=2)CNC2=NC=C(N(=O)=O)C=C2)C=C1,0.003076527954544872
CC1=CC2N(C=C(N=2)CNC2=C(Cl)C=C(C(F)(F)F)C=N2)C=C1,0.002459854539483786
CC1=CC2N(C=C(N=2)CNC2=C(N(=O)=O)C=CC=C2)C=C1,0.0029602282214909793
CC1=CC2N(C=C(N=2)CNC2=C(C#N)C=C(N(=O)=O)C=C2)C=C1,0.0021153080015210435
CC1=CC2N(C=C(N=2)CNC2=C(N(=O)=O)C=C(C(C3=CC=CC=C3)=O)C=C2)C=C1,0.004423164867330342
CC(C1=CC2=C(C=CC=C2)C=C1)N(CC(NC1=C(C)C=C(C)C=C1C)=O)C,0.012008388759568334
CN(C1C2=C(C=CC=C2)CC1)CCCS(C1=CC=CC=C1)(=O)=O,0.013631857931613922
FC1=C(C(NC2CCN(CC3=CC(OCC(F)(F)F)=CC=C3)CC2)=O)C=CC=C1,0.004876097280066461
C(NC1OC2=C(C=CC=C2)N=1)CN1N=CC=C1,0.005583063443191349
COC1=CC(OCCCS(C2=CC=CC=C2)(=O)=O)=C(C(C)=O)C=C1,0.012081933999434113
O=C1N(CCCS(C2=CC=CC=C2)(=O)=O)C(=O)C2(CCCC2)N1,0.002509996003936976
O=C1N(CCCS(C2=CC=CC=C2)(=O)=O)C(=O)C2(CCCCCC2)N1,0.0029289906844496725
CCC1(C(=O)N(CCCS(C2=CC=CC=C2)(=O)=O)C(=O)N1)CC,0.002239534934051335
CC1(C(=O)N(CCCS(C2=CC=CC=C2)(=O)=O)C(=O)N1)C,0.0019065645697992294
CC(NC1=CC=C(OCCCS(C2=CC=CC=C2)(=O)=O)C=C1)=O,0.00530116658192128
O=C1N(CCCS(C2=CC=CC=C2)(=O)=O)C(=O)C2C1CC=CC2,0.005333684710785746
ClC1=CC2=C(N=NN2OCCCS(C2=CC=CC=C2)(=O)=O)C=C1,0.005734569020569324
COC1=C(OCCCS(C2=CC=CC=C2)(=O)=O)C(Cl)=CC(C#N)=C1,0.006221407046541572
COC1=CC(OCCCS(C2=CC=CC=C2)(=O)=O)=C(C(N)=O)C=C1,0.006996181281283498
COC1=C(OCCCS(C2=CC=CC=C2)(=O)=O)C(C(N)=O)=CC=C1,0.008370917430147529
CC(C1SC=C(CN2C(=O)C(=O)N(C3CCCC3)C2=O)N=1)(C)C,0.004276321083307266
O=C1C2=C(C=CC=C2)C(C2SC=CC=2)=NN1CCCS(C1=CC=CC=C1)(=O)=O,0.006686989706940949
CCN1C2=C(C=CC=C2)N(CCCS(C2=CC=CC=C2)(=O)=O)C1=O,0.005871199164539575
CC1=CC(OCCCS(C2=CC=CC=C2)(=O)=O)=C(C(N)=O)C=C1,0.006878600711934269
CC1C2(C(=O)N(CCCS(C3=CC=CC=C3)(=O)=O)C(=O)N2)C(C)CCC1,0.003213054430671036
CC(C1SC=C(CN2C3=C(C=CC(N(=O)=O)=C3)OC2=O)N=1)(C)C,0.003915825462900102
CC1=C(C)N(C2CC2)C(SCCCS(C2=CC=CC=C2)(=O)=O)=N1,0.007948866882361471
CNC(C1=CC(OCCCS(C2=CC=CC=C2)(=O)=O)=CC=C1)=O,0.006140238419175148
NC(C1=CC(OCCCS(C2=CC=CC=C2)(=O)=O)=CC=C1)=O,0.006300753983668983
CN(C(C1=CC=C(OCCCS(C2=CC=CC=C2)(=O)=O)C=C1)=O)C,0.00802127136848867
CNC(C1=C(OCCCS(C2=CC=CC=C2)(=O)=O)C=CC=C1)=O,0.0066639405442401765
O=C(C1=CC=C(OCCCS(C2=CC=CC=C2)(=O)=O)C=C1)NC1CC1,0.0069868435151875016
CC1=C(N(=O)=O)C=CC=C1CN1C(C(C)(C)C)=NN=N1,0.004449836630374193
CC(C1N(CC2=CC(C(NC3=CC=CC=C3)=O)=CC=C2)N=NN=1)(C)C,0.005603270407300442
CCN1C2N(C(=NN=2)CN2C(C(C)(C)C)=NN=N2)C2=C(C=CC=C2)C1=O,0.007293521263636649
CCNC(C1=CC(NC(CN2C(C(C)(C)C)=NN=N2)=O)=CC=C1)=O,0.003788886719848961
CC(C1N(CC2=C(N(=O)=O)C=CC=C2)N=NN=1)(C)C,0.004420768190175295
CC(C1N(CC(NC2CCCCCCC2)=O)N=NN=1)(C)C,0.008306813100352884
CC(C1N(CC2=CC=C(C(NC3=CC=CC=C3)=O)C=C2)N=NN=1)(C)C,0.005801781348418444
CC(C1N(CC(NC2=CC=C(C3=CC=CC=C3)C=C2)=O)N=NN=1)(C)C,0.004841440159361809
CC(C1N(CC2=CC=C(N(=O)=O)C=C2)N=NN=1)(C)C,0.0035708301584236324
CC(C1N(CC(NC2=CC=C(Br)C=C2)=O)N=NN=1)(C)C,0.004994946741499006
COC1=CC2=C(C(CCC2)=NOCC(N(C2=CC=CC=C2)C)=O)C=C1,0.011818470759317279
COC1=C(OC)C=C2C(CCN(C(CN3C(C(C)C)=NN=N3)=O)C2)=C1,0.007707224343903363
CC1=C(N(=O)=O)C=CC=C1CN1C(C2CCCC2)=NN=N1,0.005293161561712623
O=C(N(C1CC1)CC1=CC=CC=C1)CN1C(C2CCCC2)=NN=N1,0.008705640910193324
O=C(C1=CC(CN2C(C3CCCC3)=NN=N2)=CC=C1)NCC1OC=CC=1,0.007318843295797706
CCNC(C1=CC(NC(CN2C(C3CCCC3)=NN=N2)=O)=CC=C1)=O,0.004356289061252028
NC(C1CCN(C(CN2C(C3CCCC3)=NN=N2)=O)CC1)=O,0.005297158169560135
CCN(S(C1=C(C)N(CC2=C(C)C(N(=O)=O)=CC=C2)N=C1C)(=O)=O)C,0.005084797064773739
CCN(S(C1=C(C)N(CC2OC(C(OC)=O)=C(C)C=2)N=C1C)(=O)=O)C,0.006982595985755324
CCN(S(C1=C(C)N(CC(C2=C(C)N(C3CC3)C(C)=C2)=O)N=C1C)(=O)=O)C,0.011512554809451103
CCN(S(C1=C(C)N(CC2N=C(C3=CC=C(Cl)C=C3)OC=2)N=C1C)(=O)=O)C,0.004846441105473787
CCN(S(C1=C(C)N(CC2N=C(C3=CC=CC=C3)OC=2)N=C1C)(=O)=O)C,0.005146142817102373
CCN(S(C1=C(C)N(CC2ON=C(C3=CC=CC=C3)C=2)N=C1C)(=O)=O)C,0.0064459689892828465
CCN(S(C1=C(C)N(CC2=NOC(C3=CC=CC=C3)=C2)N=C1C)(=O)=O)C,0.006545925815589726
CCN(S(C1=C(C)N(CC(NCC2SC=CC=2)=O)N=C1C)(=O)=O)C,0.0043903643963858485
CCCCNC(CC1N=C(CNC2=CC(Br)=CC=C2)ON=1)=O,0.007234799815341831
CCCCC1N=C(CNC2=C(C(NCC(F)(F)F)=O)C=CC=C2)ON=1,0.0047773235011845825
CCCCC1N=C(CNC2=C(C(F)(F)F)C=C(NC(C)=O)C=C2)ON=1,0.0046781349577941
CCCCC1N=C(CNC2=C(C)C=CC(C(NCC(F)(F)F)=O)=C2)ON=1,0.004686388891423121
CCN1CCC(NC(NCC2=CC(F)=C(N3CCC(O)CC3)C=C2)=O)CC1,0.002368635090533644
COC1=CC=C(N2CCN(C(C3OC(C)=NN=3)C)CC2)C=C1,0.008246004930697381
O=C(NCC1=CC=C(N2N=CN=C2)C=C1)NCCCN1C(=O)CCCCC1,0.0030319140758365394
CN(CCN(C(NCCC1SC=CC=1)=O)CC1=C(F)C=CC=C1)C,0.0042544013354927305
ClC1=CC(Cl)=C(NNC(C2N(CC3SC=CC=3)C=CC=2)=O)C(Cl)=C1,0.002742360479896888
NS(N1CCN(CC2=CC(OCC(F)(F)F)=CC=C2)CC1)(=O)=O,0.00442868506652303
CC1SC(S(N2CCN(CC3ON=C(C4SC=C(Br)C=4)N=3)CC2)(=O)=O)=CC=1,0.004998646280728281
CC(C1=CC2=C(C=CC=C2)C=C1)N1CCC(NC(C2=CC=CC=C2)=O)CC1,0.009327744273468852
CC(C1=CC2=C(C=CC=C2)C=C1)N1CCN(C2=NC=C(S(N3CCOCC3)(=O)=O)C=C2)CC1,0.00466002153698355
O=C(C1=CC=CC=C1)C1CCN(CCCS(C2=CC=CC=C2)(=O)=O)CC1,0.012389529636129737
CC(C1OC(C)=NN=1)N1CCN(CC2N=C(C3=CC=CC=C3)SC=2)CC1,0.00824011261574924
CC(C1OC(C)=NN=1)N1CCN(C(C2=C3C(C=CC=C3)=CC=C2)=O)CC1,0.007309908140450716
CC1N(CC2=CC(OCC(F)(F)F)=CC=C2)C2=C(C=CC=C2)C(C(N)=O)C1,0.006981742742937058
COC1=C2C(C(CN(C(C3OC(C)=NN=3)C)C2)O)=C(OC)C=C1,0.004219755576923489
FC1=C(CCNC(NCCSC(F)(F)F)=O)C=CC=C1,0.0022008316984283736
FC1=C(CCNC(NC2=CN(CC3OCCC3)N=C2)=O)C=CC=C1,0.003775406558997929
COC1=C(C)C=CC(C(N2CCN(C(NCC#C)=O)CC2)=O)=C1,0.0031360308756120505
FC(COC1=CC(CN2CC(C3OC4=C(C=CC=C4)N=3)CCC2)=CC=C1)(F)F,0.004927548172418028
CCCS(NC1CCN(C(C2=CC3=C(C=CC=C3)C=C2)C)CC1)(=O)=O,0.005939915950875729
CC(C1=CC2=C(C=CC=C2)C=C1)N1CC(NS(C)(=O)=O)CCC1,0.005984738888218999
CC(C1=CC(Cl)=C(Cl)C=C1)N1CC(CNS(C)(=O)=O)CCC1,0.005165710020810366
CC(C1=CC2=C(C=CC=C2)C=C1)N1CC(CNS(C)(=O)=O)CCC1,0.005683270271401852
CC1=C(C)C=C(SCCN2CCC(NC(C3=CN(C)N=C3)=O)CC2)C=C1,0.007860045181587338
O=N(C1=CC=C(CCN2CCC(C3N4C(CCC4)=NN=3)CC2)C=C1)=O,0.005099236941896379
CC1=C(N(=O)=O)C=CC=C1CN1CCC(C2N3C(CCC3)=NN=2)CC1,0.005927361827343702
CC1=CC(NC(C2CCN(CC(N3C(=O)NCC3)=O)CC2)=O)=NC=C1,0.0013851364696165548
CC1=CN=C(NC(C2CCN(CC3=C(N(=O)=O)C=CC=C3)CC2)=O)C=C1,0.003974576399195939
CN(S(C1=CN=CC=C1)(=O)=O)C,0.005447388341417536
CC1=CC2N(C=C(N=2)CNS(C2=C(N(=O)=O)C=CC=C2)(=O)=O)C=C1,0.002138603333150968
COC1=C(OC2CCN(C(C3OC(C)=NN=3)C)CC2)C(OC)=CC=C1,0.01053970013745129
COC1=CC(OC)=C(CNC(NCC(N(C)C)=O)=O)C(OC)=C1,0.0052092717960476875
CC(C(NC1=CC(Cl)=CC=C1)=O)N1CCC(C2N3C(CCC3)=NN=2)CC1,0.00555486036464572
CC1=CC(NC(C2CCN(CCOC3=CC(C#N)=CC=C3)CC2)=O)=NC=C1,0.004999321897048503
CC1=CC(NC(C2CCN(CC3=C4C(C=CC=N4)=C(F)C=C3)CC2)=O)=NC=C1,0.004860998445656151
CC1=CC(NC(C2CCN(CC3OC(C(C)(C)C)=CN=3)CC2)=O)=NC=C1,0.006342316442169249
NC(CN(CC1=C2C(C=CC=N2)=C(F)C=C1)CC1=CC=C(Br)C=C1)=O,0.006109011452645063
NC(CN(CC1=CC=C(Br)C=C1)CC(NC(N)=O)=O)=O,0.0021055487915873526
COC1=CC=C(N2CCN(C(C3OC(C)=NN=3)C)CCC2)C=C1,0.010065528750419616
CN1C2N(C(=NN=2)CN(CC2=C(F)C=CC=C2)CC=C)C2=C(C=CC=C2)C1=O,0.006729299924336374
CN1C(=O)N(C)C(=O)C(C(CN(CC2=C(F)C=CC=C2)CC=C)=O)=C1N,0.0068353046895936135
CC1=C(C(N2CCN(CCC(OC(C)(C)C)=O)CC2)=O)C=CO1,0.00938470447435975
CC1N=C(CN2C3=C(C(=CC=C3)NC(C3=CC=C(F)C=C3)=O)CCC2)ON=1,0.006020606588572263
CC(N1C2=C(C(=CC=C2)NC(C2=CC=C(F)C=C2)=O)CCC1)C,0.007718499004840851
NC(NC(CN1C2=C(C(=CC=C2)NC(C2=CC=C(F)C=C2)=O)CCC1)=O)=O,0.0017147472477518021
CC(C1N=C(C(N2C3=C(C(=CC=C3)NC(C3=CC=C(F)C=C3)=O)CCC2)C)ON=1)C,0.007413922529667616
CCOC1=C(OC2=NC=C(CNC(NCCCN3C(C)CCCC3)=O)C=C2)C=CC=C1,0.004649795976001769
CC1=C(CC(NCCCC2=CC=CC=C2)=O)C(=O)NC(C2=CN=CC=C2)=N1,0.003315203217789531
O=C(NCC1=C(CN2CCOCC2)C=CC=C1)NCC1SC=C(C2=CC=CC=C2)N=1,0.004072108038235456
CN(CC1=CC(C(N)=O)=CC=C1)CC(NC1=C(N2CCOCC2)C=CC(C(F)(F)F)=C1)=O,0.0048267404432408515
CC(CN(C1C(=O)NC(=O)N(CC2=CC=CC=C2)C=1N)C(CN(CC1=CC(C(N)=O)=CC=C1)C)=O)C,0.003736986103467643
CC1=CC=C(SCCNC(NCC(NCC(F)(F)F)=O)=O)C=C1,0.00235320007923292
COC(C1C(C)=C(C(C(N(CC2=CC(C(N)=O)=CC=C2)C)C)=O)NC=1C)=O,0.008366744220256805
COC1=C(NC(C(C2=CC=CC=C2)N(CC2=CC(C(N)=O)=CC=C2)C)=O)C=C(C)C=C1,0.008555300859734416
CC1=CN=C(NC(C2CCN(CCOC3=CC(C#N)=CC=C3)CC2)=O)C=C1,0.005017744016367942
CC1=CN=C(NC(C2CCN(CCC3=CC=C(N(=O)=O)C=C3)CC2)=O)C=C1,0.003720058873295784
CC1=CN=C(NC(C2CCN(CC3=C(C)C(N(=O)=O)=CC=C3)CC2)=O)C=C1,0.004228679265361279
CC1=CN=C(NC(C2CCN(CC3=C4C(C=CC=N4)=C(F)C=C3)CC2)=O)C=C1,0.0048819195362739265
CC1=CN=C(NC(C2CCN(CC3OC(C(C)(C)C)=CN=3)CC2)=O)C=C1,0.00645016033668071
CC1=CN=C(NC(C2CCN(CC3SC4=C(C=CC=C4)N=3)CC2)=O)C=C1,0.005449594208039343
CC1=CN=C(NC(C2CCN(CC(NC3=CC(F)=CC=C3)=O)CC2)=O)C=C1,0.004658677917905152
CC1=CN=C(NC(C2CCN(CC(NCC3SC=CC=3)=O)CC2)=O)C=C1,0.004612458543851972
CNC(NC(C(N1CCC(C(NC2=NC=C(C)C=C2)=O)CC1)C)=O)=O,0.0014649334334535524
CCNC(NC(C(N1CCC(C(NC2=NC=C(C)C=C2)=O)CC1)C)=O)=O,0.0016280255862511695
CCNC(NC(CN1CCC(C(NC2=NC=C(C)C=C2)=O)CC1)=O)=O,0.001429932430619374
CC1C(NC(CN2CCC(C(NC3=NC=C(C)C=C3)=O)CC2)=O)CCCC1,0.0075946873752400276
CC1=CN=C(NC(C2CCN(CC(N3C(=O)NCC3)=O)CC2)=O)C=C1,0.0013992057734867557
CC1=CN=C(NC(C2CCN(CC(NC(NC3CC3)=O)=O)CC2)=O)C=C1,0.0017110944434534758
O=S(C1=CN=CC=C1)(OC1=CC2=C(OC3=C2C=CC=C3)C=C1)=O,0.007941938773728906
CCC(NS(C1=CC(C(OC)=O)=C(Br)C=C1)(=O)=O)(C)C,0.006999174598604441
COC(C1=C(Br)C=CC(S(NC(C(C)C)C)(=O)=O)=C1)=O,0.007619471428915859
COC(C1=C(Br)C=CC(S(OC2=C(OC)C=C(C)C=C2)(=O)=O)=C1)=O,0.013573087472468614
COC1=C(OC)C=C2C(CCN(S(C3=CN=CC=C3)(=O)=O)C2C2SC=CC=2)=C1,0.006222069240175187
CNC(CN(S(C1=CC(C(OC)=O)=C(Br)C=C1)(=O)=O)C)=O,0.006216407846659422
COC(C1=C(Br)C=CC(S(NC2C3=C(C=CC=C3)CC2)(=O)=O)=C1)=O,0.008072341931983829
COC(C1=C(Br)C=CC(S(N2C(C3=CC(OC)=CC=C3)CCC2)(=O)=O)=C1)=O,0.007727330503985286
CCOC(C1N(S(C2=C(N(=O)=O)C(F)=CC=C2)(=O)=O)CCSC1)=O,0.004498228570446372
CC1SC(C)=C(S(N2CCC(C3N4C(CCC4)=NN=3)CC2)(=O)=O)C=1,0.005309133930131793
COC(CN(S(C1=C(C)ON=C1C)(=O)=O)CC1=CC=CC=C1)=O,0.006731253582984209
CCC1=CC=C(C(NC2=C(C(NCC(OC)=O)=O)C=CS2)=O)C=C1,0.00586529248394072
CC(CC(C1SC=CC=1)NS(C1=CN(C)C(C(N)=O)=C1)(=O)=O)C,0.004058219422586262
COC1=C(S(NCC2N=C3N(C=CC(=C3)C)C=2)(=O)=O)C=CC(N(=O)=O)=C1,0.001988469663774595
CC1CN(S(NCC2N=C3N(C=CC(=C3)C)C=2)(=O)=O)CC(C)C1,0.004932593321427703
CN(S(NCC1N=C2N(C=CC(=C2)C)C=1)(=O)=O)C1CCCCC1,0.006407467089593411
COC(C1=CC(S(NCC2N=C3N(C=CC(=C3)C)C=2)(=O)=O)=CC=C1)=O,0.0033260414958931504
CC1=CC2N(C=C(N=2)CNS(C=CC2=CC=C(Cl)C=C2)(=O)=O)C=C1,0.003213863895507529
CC1=CC2N(C=C(N=2)CNS(C2CCC3=C(C=CC=C3)C=2)(=O)=O)C=C1,0.004672194656450301
COC(CN(S(N(C1CCCCC1)C)(=O)=O)CC1=C(Cl)C=CC=C1)=O,0.013024815218523144
COC(CN(S(C1=C(OC)C=CC(NC(C)=O)=C1)(=O)=O)CC1=C(Cl)C=CC=C1)=O,0.004637789307162165
CN(S(C1=CC=CC=C1)(=O)=O)CCCCCC1NN=C(C2=CC=CC=C2)C=1,0.004353009990882129
FC1=C(C2N=C(CN3C(=O)CCC3=O)SC=2)C=C2C(NC(CC2)=O)=C1,0.002033628203207627
BrC1=C(C2N=C(CN3C(=O)CCC3=O)SC=2)SC=C1,0.0030095255002379417
CSC1=C(NC(C)=O)C=CC(C2N=C(CN3C(=O)CCC3=O)SC=2)=C1,0.002143429918214679
CC(CC1=CC=C(C2N=C(CN3C(=O)CCC3=O)SC=2)C=C1)C,0.003624285466503352
O=C1N(CC2SC=C(C3=CC4=C(OCCCO4)C=C3)N=2)C(=O)CC1,0.0031866302830167114
CN1C2=C(C=C(C3N=C(CN4C(=O)CCC4=O)SC=3)C=C2)CC1=O,0.0028272934374399482
CC1N(C2=CC(F)=CC=C2)C(C)=C(C2N=C(CN3C(=O)CCC3=O)SC=2)C=1,0.0029859900241717696
O=C1N(CC2SC=C(C3=CC4=C(OCCO4)C=C3)N=2)C(=O)CC1,0.0028623757068999113
CC(C(NC1=CC=C(C2N=C(CN3C(=O)CCC3=O)SC=2)C=C1)=O)(C)C,0.0028874634765088556
CC(NCCC1=C(F)C=C(C2N=C(NCC(F)(F)F)SC=2)C=C1)=O,0.0026628101681126282
CSC1=C(NC(C)=O)C=CC(C2N=C(NCC(F)(F)F)SC=2)=C1,0.002775548119097948
COC1=C(CO)C=C(NC(C2=CC=CC=C2)C(NC2CC2)=O)C=C1,0.0038727936218492685
CC1CCN(C(C2=CC=C(NC(C3C(C(O)=O)CC=CC3)=O)C=C2)=O)CC1,0.00881860009394586
CC1CCN(C(C2=CC=C(NC(CC3(C(O)=O)CCCC3)=O)C=C2)=O)CC1,0.008477571536786854
OC(CC1(CCCCC1)CC(NC1=CC=C(N2C(=O)OCC2)C=C1)=O)=O,0.007086438592523336
OC(C1(CCCCCC1)CC(NC1=CC=C(N2C(=O)OCC2)C=C1)=O)=O,0.0071249632630497215
OC(C1C2C=CC(C2)C1C(NC1=CC=C(N2C(=O)OCC2)C=C1)=O)=O,0.005857476848177612
COC1=C(CO)C=C(NC(CC2(C(O)=O)CCCCC2)=O)C=C1,0.00418780508916825
COC1=C(CO)C=C(NC(CC(CC(O)=O)(C)C)=O)C=C1,0.0036345368251204492
CC(C(NC(N)=O)=O)NC(C1=CC=CC=C1)CC1=CC=C(Cl)C=C1,0.0017396944400388747
CC(C1SC=C(C2NC3=C(C=CC=C3)C(=O)N2)N=1)C,0.006608581496402621
CC(C1SC=C(C2N(CC3OCCC3)C(=O)C3=C(C=CC=C3)N2)N=1)C,0.007519851019605994
CNC(CN1C2=C(C=CC=C2)C(=O)N(C)C1C1N=C(C(C)C)SC=1)=O,0.007673788070678711
COC1=C(OC)C=C2C(NC(C3N=C(C(C)C)SC=3)N(C2=O)C)=C1,0.008742893813177943
CC(C1SC=C(C2N(C3=CC=NC=C3)C(=O)C3=C(C=CC=C3)N2)N=1)C,0.007263215514831245
CC(C1C(CNCC(C2=CC=CC=C2)O)=C(Cl)N(C)N=1)C,0.005242342757992446
Cl.CC(C1C(CNCC(C2=CC=CC=C2)O)=C(Cl)N(C)N=1)C,0.005320852831937372
OC(C1=CC=CC=C1)CNCC1=CN=C(N2CCOCC2)N=C1,0.0026150721299927683
OC(C1=CC=CC=C1)CNCC1=CN=C(N2CCOCC2)N=C1.Cl,0.0026517559366766364
CC1OC(C2C(CNCC3=CC=C(CN4CCOCC4)C=C3)=CNN=2)=CC=1,0.006563365156762302
CC(N1CC(C)OC(C)C1)CNCC1C(C2OC(C)=CC=2)=NNC=1,0.006747583555988967
CC(N1CC(C)OC(C)C1)CNCC1C(C2OC(C)=CC=2)=NNC=1.Cl,0.006531638465821743
CN(C1=CC=C(CCCNCC2C(C3=CN=CC=C3)=NNC=2)C=C1)C,0.005354931857436895
CC(N(C(C1=CC=C(CNCC2C(C3OC(C)=CC=3)=NNC=2)C=C1)=O)C)C,0.006342943501658737
COCCN(C(NCC1C(=O)NC(C)=CC=1C)=O)CC1=NC=CC=C1,0.003298130410257727
CC1C(CNCC(C2=CC(F)=C(F)C=C2)O)=CNN=1,0.002114347356837243
Cl.CC1C(CNCC(C2=CC(F)=C(F)C=C2)O)=CNN=1,0.0021521271264646202
COC1=C2C(OCO2)=CC(CNCC(C2=CC(F)=C(F)C=C2)O)=C1,0.004801104636862874
OC(C1=CC(F)=C(F)C=C1)CNCC1=CC=C(N2CCOCC2)C=C1,0.004001936875283718
Cl.OC(C1=CC(F)=C(F)C=C1)CNCC1=CC=C(N2CCOCC2)C=C1,0.004070073051843792
COC1=C2C(OCO2)=CC(CNCC(C2=CC=C(C)C=C2)O)=C1,0.006545238615944982
Cl.COC1=C2C(OCO2)=CC(CNCC(C2=CC=C(C)C=C2)O)=C1,0.006249814433977008
COC1=C2C(OCO2)=CC(CNCC(C2=C(F)C=C(F)C=C2)O)=C1,0.003960800380446017
OC(C1=C(F)C=C(F)C=C1)CNCC1=CC=C(N2CCOCC2)C=C1,0.0034745656535960733
CC1C(CNCC2=CN=C(N3CCOCC3)C=C2)=C(C)N(C2=CC=CC=C2)N=1,0.007451676111668348
CCN(C(C1=CC=C(CNCC2C(C3OC(C)=CC=3)=NNC=2)C=C1)=O)CC,0.0065749049419537185
CC(C1C(CNC2CCN(C(C3=COC=C3)=O)CC2)=CNN=1)(C)C,0.005897489027120173
Cl.CC(C1C(CNC2CCN(C(C3=COC=C3)=O)CC2)=CNN=1)(C)C,0.005489108222536743
CC1C(CNCC(C2=CC(C)=CC=C2)N2CCOCC2)=CNN=1,0.006710156961344182
Cl.CC1C(CNCC(C2=CC(C)=CC=C2)N2CCOCC2)=CNN=1,0.006729656923562288
CN1CCN(CCCCNCC2C(C3=CC=C(Cl)C=C3)=NNC=2)CC1,0.005906696105375886
CN1CCN(CCCCNCC2C(C3=CC=C(Cl)C=C3)=NNC=2)CC1.Cl,0.005616149213165045
CC(C1C(CNCC2=CN=C(OCC(F)(F)F)C=C2)=CNN=1)(C)C,0.0033120680309366435
Cl.CC(C1C(CNCC2=CN=C(OCC(F)(F)F)C=C2)=CNN=1)(C)C,0.0033654978673439474
CC1OC(C2C(CNCC3=CC=C(COCC4=CC=CC=C4)C=C3)=CNN=2)=CC=1,0.008373596309684216
CCS(N(CCCNCC1C(C2=CC=C(Cl)C=C2)=NNC=1)C)(=O)=O,0.0027911597397178413
CC(C1SC=C(CNC2CCN(C(C3=C(F)C=CC=C3)=O)CC2)N=1)C,0.005980853107757866
CC(C1C(CNCC2=CC(OCC(F)(F)F)=NC=C2)=CNN=1)(C)C,0.003245460637845099
Cl.CC(C1C(CNCC2=CC(OCC(F)(F)F)=NC=C2)=CNN=1)(C)C,0.0033119029249064624
CC(C1SC=C(CNCC2=CC(N3C(=O)CCC3)=CC=C2)N=1)C,0.0064676889218389984
CC(C1SC=C(CNCC2=CC(N3C(=O)CCC3)=CC=C2)N=1)C.Cl,0.006815029913559556
CC1OC(C)CN(C2=NC=C(CNCC3C(C)=NNC=3)C=C2)C1,0.004703396128024906
Cl.CC1OC(C)CN(C2=NC=C(CNCC3C(C)=NNC=3)C=C2)C1,0.0045976881403476
CC1OCCN(C2=NC=C(CNCC3C(C(C)(C)C)=NNC=3)C=C2)C1,0.005609567230567336
Cl.CC1OCCN(C2=NC=C(CNCC3C(C(C)(C)C)=NNC=3)C=C2)C1,0.005245054909028113
NC(C1CCN(CCCNCC2C(C3=CN=CC=C3)=NNC=2)CC1)=O,0.003926605999004096
CC1OC(C2C(CNCCCN3CCC(C(N)=O)CC3)=CNN=2)=CC=1,0.0046516791451722385
CC(C1SC=C(CNCC2=CC=C(C(NCC(N)=O)=O)C=C2)N=1)C,0.006084324046969414
CC(C1SC=C(CNC(C2=CC3=C(NC(CC3)=O)C=C2)C)N=1)C,0.006847570231184363
CC(C1SC=C(CNC(C2=CC3=C(NC(CC3)=O)C=C2)C)N=1)C.Cl,0.007184192258864641
CC(C1C(CNC2CCN(CC3=NC=CC=C3)CC2)=CNN=1)(C)C,0.0071505418512970206
Cl.CC(C1C(CNC2CCN(CC3=NC=CC=C3)CC2)=CNN=1)(C)C,0.006733471341431141
CC(C1C(CNCC2CN(CC(F)(F)F)CC2)=CNN=1)(C)C,0.003978841225034557
Cl.CC(C1C(CNCC2CN(CC(F)(F)F)CC2)=CNN=1)(C)C,0.00399047221580986
ClC1=CC=C(C2C(CNCCC(N3CCCCC3)=O)=CNN=2)C=C1,0.003224109939765185
ClC1=CC=C(C2C(CNCCC(N3CCCCC3)=O)=CNN=2)C=C1.Cl,0.0030719704809598625
CC(C1C(CNCC(N2CCCC2)C2COCC2)=CNN=1)(C)C,0.010536997998133301
Cl.CC(C1C(CNCC(N2CCCC2)C2COCC2)=CNN=1)(C)C,0.009774960530921816
CC(C1C(CNC2CCN(CC3=CC=NC=C3)CC2)=CNN=1)(C)C,0.007299245242029429
Cl.CC(C1C(CNC2CCN(CC3=CC=NC=C3)CC2)=CNN=1)(C)C,0.006871866388246417
CC(C1SC=C(CNCC2=CC(C(NCC3OC=CC=3)=O)=CC=C2)N=1)C,0.007434559077955783
CC1OC(C)CN(C2=C(F)C=C(CNCC3C(C)=NNC=3)C=C2)C1,0.004411413054913283
Cl.CC1OC(C)CN(C2=C(F)C=C(CNCC3C(C)=NNC=3)C=C2)C1,0.004360365413594991
O=C(NCC1OC=CC=1)CNC(NCC1=C(OC2CCCC2)C=CC=C1)=O,0.005721274227835238
CC(NC(NCC(NCC1OC=CC=1)=O)=O)CC1=C(F)C=CC=C1F,0.004529431497212499
CC1C(CNCC(C2=CC=C(C)C=C2)N2CCOCC2)=CNN=1,0.00685669113881886
Cl.CC1C(CNCC(C2=CC=C(C)C=C2)N2CCOCC2)=CNN=1,0.006888648658059537
CC(C1C(CNCC2=CC=C(CS(C)(=O)=O)C=C2)=CNN=1)(C)C,0.005932891694828868
Cl.CC(C1C(CNCC2=CC=C(CS(C)(=O)=O)C=C2)=CNN=1)(C)C,0.0056674836436286565
O=C(NCC1=CC(CN2CCOCC2)=CC=C1)NCCCOCC1OCCC1,0.005931502231396735
CC1=CC=C(NCC2C(C3=CC=C(Cl)C=C3)=NNC=2)C=C1,0.005201990378554911
Cl.CC1=CC=C(NCC2C(C3=CC=C(Cl)C=C3)=NNC=2)C=C1,0.00510644291061908
ClC1=CC=C(C2C(CNCCC(N3CCOCC3)=O)=CNN=2)C=C1,0.003042890294454992
ClC1=CC=C(C2C(CNCCC(N3CCOCC3)=O)=CNN=2)C=C1.Cl,0.002888307149987668
CC(N1N=CC(CNC(C2=CC3=C(OCCO3)C=C2)C2CC2)=C1)(C)C,0.01482461574487388
Cl.CC(N1N=CC(CNC(C2=CC3=C(OCCO3)C=C2)C2CC2)=C1)(C)C,0.013057932443916797
N#CC1=CC(CNC(C2=CC3=C(OCCO3)C=C2)C2CC2)=CC=C1,0.011159304575994611
Cl.N#CC1=CC(CNC(C2=CC3=C(OCCO3)C=C2)C2CC2)=CC=C1,0.010253338702023029
CC1SC=C(CNC(C2=CC3=C(OCCO3)C=C2)C2CC2)N=1,0.011119247460737825
Cl.CC1SC=C(CNC(C2=CC3=C(OCCO3)C=C2)C2CC2)N=1,0.011096466332674026
CCN(CC1=C(CNC(NCC2=CC(OCC3OCCC3)=CC=C2)=O)C=CC=C1)CC,0.006571117020212114
CCN(CC1=C(CNC(NCC2=CC(F)=C(N3CC(C)OC(C)C3)C=C2)=O)C=CC=C1)CC,0.005257259891368449
CCN(C1CCN(C(NCC2C(=O)NC(C)=CC=2C)=O)CC1)CC,0.0038757741102017464
CC1NC(=O)C(CNC(NC2=CN(CC(N)=O)N=C2)=O)=C(C)C=1,0.0023740467382594942
CC1NC(=O)C(CNC(NCC2SC3=C(CCCC3)C=2)=O)=C(C)C=1,0.004150833212770521
CC(NC(NCC1C(=O)NC(C)=CC=1C)=O)CN1C(C)=CC(C)=N1,0.0036672875517979263
CN(C(NCC1C(=O)NC(C)=CC=1C)=O)CC1SC(C)=NC=1,0.0027265431184787304
CC1NC(=O)C(CNC(N2C(C3CCCCC3)CCC2)=O)=C(C)C=1,0.005558076896704733
CC1NC(=O)C(CNC(N2C(C3=C(C)C=CC=C3)CCC2)=O)=C(C)C=1,0.004006698005832731
CC1N(CCCNC(NCC2C(=O)NC(C)=CC=2C)=O)C=CN=1,0.0018014529632637277
CC1NC(=O)C(CNC(N2CCC(N3C(=O)NCC3)CC2)=O)=C(C)C=1,0.003074185224249959
COC1=C2C(OCO2)=CC(CNCC(C2=C(F)C=CC=C2)O)=C1,0.004217571904882788
COC1=C(C(CNCC2=C3C(OCO3)=CC=C2)O)C=CC=C1,0.005963431973941624
Cl.COC1=C(C(CNCC2=C3C(OCO3)=CC=C2)O)C=CC=C1,0.005696210893802345
COC1=C(C(CNCC2=C3C(OCCCO3)=CC=C2)O)C=CC=C1,0.006588363274931908
COC1=C(C(CNCC2=C3C(OCCCO3)=CC=C2)O)C=CC=C1.Cl,0.006338890665210784
COC1=C(C(CNCC2=C3C(OCCO3)=CC=C2)O)C=CC=C1,0.006456643017008901
Cl.COC1=C(C(CNCC2=C3C(OCCO3)=CC=C2)O)C=CC=C1,0.0062477160710841416
COC1=C(C(CNCC2C(C(C)(C)C)=NNC=2)O)C=CC=C1,0.004062429291661829
Cl.COC1=C(C(CNCC2C(C(C)(C)C)=NNC=2)O)C=CC=C1,0.003870969626586884
COC1=C(C(CNCC2=C(Cl)N(C)N=C2C)O)C=CC=C1,0.004977671545930207
Cl.COC1=C(C(CNCC2=C(Cl)N(C)N=C2C)O)C=CC=C1,0.0049311071401461955
COC1=C2C(OCO2)=CC(CNCC(C2=C(OC)C=CC=C2)O)=C1,0.006557018635794521
COC1=C2C(OCCO2)=CC(CNCC(C2=CC=C(C)C=C2)O)=C1,0.006405982142314315
Cl.COC1=C2C(OCCO2)=CC(CNCC(C2=CC=C(C)C=C2)O)=C1,0.006213947432115674
CN1C(COC2=CC=C(CNCCN3N=CC=C3)C=C2)=NC=C1,0.005686828121542931
CC(C1C(CNCCN2N=CC=C2)=C(Cl)N(C)N=1)C,0.008528889250010252
CC1C(CNCCN2N=CC=C2)=C(Cl)N(C)N=1,0.00775171578861773
FC1=CC=C(C2C(CNC(NCC3=CC(CN4CCOCC4)=CC=C3)=O)=CN(C3=CC=CC=C3)N=2)C=C1,0.0037119544576853514
CC1C(CNCCN2N=CC=C2)=C(Cl)N(CC2=CC=CC=C2)N=1,0.007000808883458376
CC(CN1C(Cl)=C(CNCCN2N=CC=C2)C(C)=N1)C,0.008992980630137027
CC(CCOCCS(CC1N=C2N(C=C(C=C2)C)C(=O)C=1)(=O)=O)C,0.007558384304866194
CCN1C(S(CC2=C(Cl)C=C(Cl)C=C2)(=O)=O)=NN=C1C1=C(OC)C=CC=C1,0.006009694631211459
OC(C1C=C(C(CCl)=O)SC=1)=O,0.0089087886037305
NC(C1C=C(C(O)=O)SC=1)=O,0.005008874193299562
CCOC(C(C1=CC2=C(CCCC2)C=C1)=O)=O,0.023372675850987436
NC(C1C=C(C(CCl)=O)SC=1)=O,0.011812078952789306
CC1NC(=O)C(CNC(CCN2S(=O)(=O)CCC2)=O)=C(C)C=1,0.0029819021350704134
COC1=C(CO)C=C(N2C(=S)NC(CCSC)C2=O)C=C1,0.004251204268075526
BrC1SC=C(CS(CC2N=C(C3=CSC=C3)ON=2)(=O)=O)C=1,0.007956892251968384
FC(C1=CC=C(N2C(CS(CC3N=C(C4=CC=CC=C4)ON=3)(=O)=O)=NN=N2)C=C1)(F)F,0.003973387053702026
FC1=C(Cl)C=C(S(NCC2=C(N3CCCC3)C=CC=C2)(=O)=O)C=C1,0.004690600698813796
CC1=CC(C)=C(S(NCC2=C(N3CCCC3)C=CC=C2)(=O)=O)C=C1,0.0063061527209356425
CC1=C(C)C(S(NCC2=C(N3CCCC3)C=CC=C2)(=O)=O)=C(C)C(C)=C1,0.007577361492440105
CC1CN(S(NCC2=C(N3CCCC3)C=CC=C2)(=O)=O)CCC1,0.008976474450901151
O=S(N1CCCCC1)(NCC1=C(N2CCCC2)C=CC=C1)=O,0.00918732089921832
CCN(S(C1=CC=C(S(NCC2=C(N3CCCC3)C=CC=C2)(=O)=O)C=C1)(=O)=O)CC,0.006372257065959275
CN(S(C1=CC=C(S(NCC2=C(N3CCCC3)C=CC=C2)(=O)=O)C=C1)(=O)=O)C,0.0060715660918504
CC1=C(S(CC2N=C3N(C=CC=C3)C(=O)C=2)(=O)=O)C=C(C(C)(C)C)C=C1,0.008061391301453114
O=S(C1=CC=CC=C1)(CCCS(C1=CC2=C(OCCCO2)C=C1)(=O)=O)=O,0.01114452825859189
CCCCOCCS(C1NC2=C(C=CC=C2)N=1)(=O)=O,0.002817528462037444
CC(CCOCCS(C1NC2=C(C=CC=C2)N=1)(=O)=O)C,0.0029973471886478365
COC1=CC=C(N2CCN(C(CC3=CN=C(C)C=C3)=O)CC2)C=C1,0.0077113770879805085
COC1=C(C2N(C)C(S(CC3N=C(C(C)(C)C)SC=3)(=O)=O)=NN=2)C=CC=C1,0.007891607680357992
CCN1C(S(CC2=C(C)C=CC(C)=C2)(=O)=O)=NN=C1C1=C(OC)C=CC=C1,0.007940397295169533
CCN1C(S(CC2N=C(C(C)(C)C)SC=2)(=O)=O)=NN=C1C1=C(OC)C=CC=C1,0.007605741778388619
CCN1C(S(CCCC(NC)=O)(=O)=O)=NN=C1C1=C(OC)C=CC=C1,0.00482509913854301
CCN1C(S(CC2=CC=C(C)C=C2)(=O)=O)=NN=C1C1=C(OC)C=CC=C1,0.0076080428436398504
CCN1C(S(CC2=C3C(C=CC=C3)=CC=C2)(=O)=O)=NN=C1C1=C(OC)C=CC=C1,0.007075259438715875
CCN1C(S(CC2=CC(Cl)=C3C(OCO3)=C2)(=O)=O)=NN=C1C1=C(OC)C=CC=C1,0.006395944906398654
CCN1C(S(CC2=NOC(C3=CC=CC=C3)=C2)(=O)=O)=NN=C1C1=C(OC)C=CC=C1,0.007102097058668733
COC1=CC(C2N(C)C(S(CC3N=C(C(C)(C)C)SC=3)(=O)=O)=NN=2)=CC=C1,0.0076291785342618825
FC(CNC(CNC(NCC1=CC=C(C(F)(F)F)C=C1)=O)=O)(F)F,0.002707985180313699
COC1=CC=C(C2SC=C(CS(C3N(C)C(CCC(N)=O)=NN=3)(=O)=O)N=2)C=C1,0.004994151485152543
CN(C1=C(C(NNC(C2OC=CC=2)=O)=O)C=CC=N1)C,0.0027277958346530796
O=C(NCC1=CC(CN2CCOCC2)=CC=C1)NCC1=CN(C2=CC=CC=C2)N=C1,0.004531756625510752
CN(CCN(C(NCCC1SC(Br)=CC=1)=O)CC1=C(F)C=CC=C1)C,0.005418106820434332
COC1=CC(OC)=C(CNC(NCC(N2CCCC2)=O)=O)C(OC)=C1,0.005294293607585132
CC1=C(F)C=C(C(N2CCN(C(NCC(N3CCCC3)=O)=O)CC2)=O)C=C1,0.004661729768849909
CC(OC1=CC(CNC(NCC(N2CCCC2)=O)=O)=CC=C1)C,0.004887515539303422
O=C(N1CCCC1)CNC(NCC1=C(OC2CCCC2)C=CC=C1)=O,0.006317978212609887
O=C(N1CCCC1)CNC(NCC1=CC(CN2CCOCC2)=CC=C1)=O,0.005310967331752181
CC(C1=CC=C(C(C)(C)C)C=C1)NC(NCC(N1CCCC1)=O)=O,0.006833544163964689
CS(NCCC1N(C(NCC#CC2=CC=CC=C2)=O)CCCC1)(=O)=O,0.002719212556257844
CC(NC(NC(C(N)=O)C(N)=O)=O)CC1=C(F)C=CC=C1F,0.004592874145600945
CC(CN1CCC(NC(N2CC3=C(NC4=C3C=C(Cl)C=C4)CC2)=O)CC1)C,0.0036047006258741023
CC(CN1CCC(NC(NCC2=CC(OC(C)C)=CC=C2)=O)CC1)C,0.006515499856323004
CC(CN1CCC(NC(NC(CC2=C(F)C=CC=C2F)C)=O)CC1)C,0.00565546618308872
O=C(N1CCOCC1)CCNC(NCC1=C(OC2CCCC2)C=CC=C1)=O,0.005420749820768833
CC(C(NC1=CC=CC=C1)CNC(NC1=CC(CN2C(=O)N=CC=C2)=CC=C1)=O)C,0.005257762130349874
CCOCCCCNC(NCC(C(C)C)NC1=CC=CC=C1)=O,0.006044640159234405
OCC1CCN(C2=CC=C(CNC(NCC3=CC=C(O)C=C3)=O)C=C2)CC1,0.0015055485418997705
COC1=C(OC)C=C2C(CCN(C(C(N3N=CN=C3)C(C)C)=O)C2)=C1,0.010836238786578179
COC1=C(OC)C=C2C(CCN(C(C3N(CC4SC=CC=4)C=CC=3)=O)C2)=C1,0.010249358229339122
CS(NCCC1N(C(NCCS(NC2=CC=CC=C2)(=O)=O)=O)CCCC1)(=O)=O,0.0033189469831995666
CCN(C(CC(C)C)CNC(N1CCC(C(NC2=NC=CC=C2)=O)CC1)=O)CC,0.005399306747131049
COC(C1=CC=CC=C1)CNC(NC1CCN(CC2=CC=NC=C2)CC1)=O,0.004576833662576973
COC(C1=CC=CC=C1)CNC(NCC1=C(OC)C(OC)=CC=C1)=O,0.006572483014315367
COC1=C(O)C=CC(CNC(NCC2SC=CN=2)=O)=C1,0.0022711648372933267
COC1=C(CN(C(NCC2=CC(OC)=C(O)C=C2)=O)C2CC2)C=CC=C1,0.003691007266752422
CC(C1=C(Cl)C=CC=C1)N(C(NCC1=CC(NC(C)=O)=CC=C1)=O)C,0.004160097427666187
CC(C1=CC(NC(C)=O)=CC=C1)NC(NCCSC(F)(F)F)=O,0.002531830240332056
CC(C1=CC(NC(C)=O)=CC=C1)NC(N(C(C1SC(C)=CC=1)C)C)=O,0.004938693321309984
COC1=CC(CCNC(NC2CCN(CC3=CC=NC=C3)CC2)=O)=CC=C1,0.004300462629180402
CCN(C(NCC1=CC=C(OCC2=CN=CC=C2)C=C1)=O)C(C1=CC=C(F)C=C1)C,0.004922133346553892
CCCN(C(NCC1=CC=C(C(N2CC(=O)NCC2)=O)C=C1)=O)C(C1=CC(Cl)=C(Cl)C=C1)C,0.004189073038287461
CCN(C1=NC=C(CNC(N2C(C3CCCCC3)CCC2)=O)C=C1)CC,0.008260206738486885
CC(C(C1SC=CC=1)NC(NCC1=CN=C(N2CCCCC2)C=C1)=O)(C)C,0.005089130252599716
CCOC1=CC(CNC(NC2CCN(CC3=CC=NC=C3)CC2)=O)=CC=C1,0.004193823039531708
COC(NCC(N1CCC(C2OC3=C(C=CC=C3)N=2)CC1)=O)=O,0.002942945435643196
FC(COC1=NC=CC(CNC(N2C(C3CCCCC3)CCC2)=O)=C1)(F)F,0.005094482604181394
CC(C1=CC=C(N2C=NC=C2)C=C1)NC(CCOCC1=CC=CC=C1)=O,0.00557914893142879
O=C(NCC1=CC=C(C#N)C=C1)NCCN1CCN(C2=NC=CC=N2)CC1,0.0026116290071513506
COC1=CC(OC)=C(CNC(NCC2=CC=C(C#N)C=C2)=O)C(OC)=C1,0.004467407846823335
CN(CCN(C(NCC1=CC(N2C(C)=NC=C2)=NC=C1)=O)CC1=C(F)C=CC=C1)C,0.0032584641594439745
COC1=CC(OC)=CC(CNC(NCCC(N2CCCCC2)=O)=O)=C1,0.004171398165635764
CC(OC1=CC(CNC(NCCC(N2CCCCC2)=O)=O)=CC=C1)C,0.004479292116593569
COC1=CC(OC)=CC(CNC(NCC2=CC(N(C)C)=NC=C2)=O)=C1,0.00406646984629333
CN(C1=NC=CC(CNC(NCC(NCC(F)(F)F)=O)=O)=C1)C,0.002243645366979763
CC(NC(NCC1=CN=C(N(C)C)C=C1)=O)CC1=C(F)C=CC=C1F,0.0035955218016169967
COC1=C(OC)C(OC)=C(CNC(NCC(N2C(C)CCCC2)C)=O)C=C1,0.006061700801365077
OC(C1=C(F)C=CC=C1)CNC(NC1=CN(CC2OCCC2)N=C1)=O,0.002126411971403286
CN1CC(C2=CC=CC=C2)N(CCCNC(NCC2SC=C(C3=CC=CC=C3)N=2)=O)CC1,0.003861331765074283
COCCCCNC(N1CCN(C(C2=CC(OC)=C(C)C=C2)=O)CC1)=O,0.004810520203318447
CCN1CCN(CCCCNC(N(C(C2=C(F)C=CC=C2)C)C)=O)CC1,0.005698385066352785
CC1=C(F)C=C(C(N2CCN(C(NC(C3=CC=CC=C3)CN3C(=O)CCCCC3)=O)CC2)=O)C=C1,0.0046794107649475334
OC1=CC=C(C(NCCNC(NCCC2=C(F)C=CC=C2F)=O)=O)C=C1,0.0026088795391842725
CC(C(NC1=CC(S(N)(=O)=O)=C(C)C=C1)=O)OCC(F)(F)F,0.0028140148548118304
CCCCSC(C(NC1=C(C)C(C)=CC(S(N)(=O)=O)=C1)=O)C,0.005113249691203236
CC(C1=CC=CC=C1)OCC(CNC(NC1=CC(CN2C(=O)N=CC=C2)=CC=C1)=O)O,0.002951340132858604
CCS(NC1=CC=C(NC(NCC2=CN=C(C)C=C2)=O)C=C1)(=O)=O,0.0025234883069060743
CC(C(NCCOC1=CC=C(Cl)C=C1)=O)SC1=NC=CC=N1,0.005430667684413493
CNC(CN(C(C1=C2C(N(N=C2C)C)=NC(C2SC=CC=2)=C1)=O)C)=O,0.006584458751603961
CC(C1=CC=C(F)C=C1)CC(NCCCN1C2=C(C=CC=C2)N=C1)=O,0.00472714735660702
CC1CCN(C2=CC=C(NC(CC3=CN=C(C)C=C3)=O)C=C2)CC1,0.008022607467137278
COC1=C(OC)C(OC)=CC(CNC(C(SC2=NC=CC=N2)C)=O)=C1,0.008628422440961004
CC(C(NCCNC1=CC=C(N(=O)=O)C=C1)=O)SC1=NC=CC=N1,0.0031250397325493394
O=C(C1N(CC2SC=CC=2)C=CC=1)N1CCN(CC2=CC=NC=C2)CC1,0.007643302949145436
COCCOCCCNC(C1=C2C(ON=C2C)=NC(C2SC(C)=CC=2)=C1)=O,0.006422005849890411
COC1=C(C)C=CC(C(N2CCN(C(NCC3N(C)C=NN=3)=O)CC2)=O)=C1,0.004302070022094995
CC(C(C1=CC=C(F)C=C1)NC(NCC1CN(CC(F)(F)F)CC1)=O)(C)C,0.004944957868428901
CC1ON=C(NC(CCN2N=CC=C2)=O)C=1,0.005944108427502215
FC1=CC=C(CN2CCC(NC(NCC3CN(C4=CC=CC=C4)CC3)=O)CC2)C=C1,0.005209048953838646
FC1=C(CN2CCC(NC(NCC3CN(C4=CC=CC=C4)CC3)=O)CC2)C=CC=C1,0.004786093451548368
CCN1C(CNC(N2CC3=C(NC4=C3C=C(Cl)C=C4)CC2)=O)=NN=C1,0.0025850361853372306
CCN1C(CNC(NC(CC2=CC=C(C3=CC=CC=C3)C=C2)C)=O)=NN=C1,0.0049607627093791965
CCN1C(CNC(NCC2=CC(OC)=CC(OC)=C2)=O)=NN=C1,0.004007890087086708
CCN1C(CNC(NC2CCN(CC3=CC=C(F)C=C3)CC2)=O)=NN=C1,0.00313421122264117
CCN1C(CNC(NCC2=CC=C(OCC3=NC=CC=C3)C=C2)=O)=NN=C1,0.004241944442037493
CCN1C(CNC(NC2CCN(CC3=C(F)C=CC=C3)CC2)=O)=NN=C1,0.0029501397511921823
CC(C(N(C)C)=O)NC(NCC1=CC(CN2CCOCC2)=CC=C1)=O,0.00465308097191155
COC1=C(C(NC(NC2CCN(CC3=CC=C(F)C=C3)CC2)=O)C)C=C(F)C=C1,0.0047773573896847665
CN(C1=C(C(NCC2C(=O)NC(C)=CC=2C)=O)C=CC=N1)C,0.0034837214392609895
CC1=NC=C(CC(NCC2C(=O)NC(C)=CC=2C)=O)C=C1,0.004762274562381208
CC(C(N1N=CN=C1)C(NCC1C(=O)NC(C)=CC=1C)=O)C,0.004588409943971783
CC1NC(=O)C(CNC(C2N(CC3SC=CC=3)C=CC=2)=O)=C(C)C=1,0.004390091798268258
CC1NC(=O)C(CNC(CCOCC2=CC=CC=C2)=O)=C(C)C=1,0.004343759454786778
CCOC1=CC(CNC(NC2CCN(C(C(CC)CC)=O)CC2)=O)=CC=C1,0.005875594634562731
CN1C2=C(C(NC(NC3CCN(CC4=CC=NC=C4)CC3)=O)CCC2)C=N1,0.006170053919777274
CC(C1=C(C)N(C)N=C1)NC(NCC1SC=C(C2=CC=CC=C2)N=1)=O,0.004632280650548637
FC1=CC=C(OCCNC(NCC(NCC(F)(F)F)=O)=O)C=C1,0.0029085959075018765
O=C(NCC1=CC(CN2CCOCC2)=CC=C1)NCCNC1=NC=CN=C1,0.0030346351326443256
IC1=CC=C(OC(C2N(C(NC3CCCCC3)=O)CCC2)=O)C=C1,0.008159385062754154
CC(N1CC(C)OC(C)C1)CNC(NCCSC(F)(F)F)=O,0.002907851364579983
CC(NC(N1CCC(N2C(=O)NCC2)CC1)=O)CCN1CCN(C2=CC=CC=C2)CC1,0.005804065219126642
CC1CC(NC(NCC2=CC(OCC(N(C)C)=O)=CC=C2)=O)CCC1,0.007273231795988977
COC1=C(OC(C2=CC=C(C3OC=NC=3)C=C2)=O)C=CC=C1,0.0075668008532375096
CNS(C1=CC(C(OC2=CC=C(N3C(=O)CCC3)C=C2)=O)=C(C)C=C1)(=O)=O,0.004633762687444687
FC(SCCNC(NCCNC1=NC=CC=N1)=O)(F)F,0.0015811002282134722
COCCOC1=CC(NC(NCCNC2=NC=CC=N2)=O)=CC=C1,0.002923017751891166
COCCOCC1=CC(NC(NCCNC2=NC=CC=N2)=O)=CC=C1,0.0030430264538154005
CCOC1=C(Cl)C=C(NC(NCCNC2=NC=CC=N2)=O)C=C1,0.0026629694097209723
CN(C(C1=C(Cl)C=C(NC(NCCNC2=NC=CC=N2)=O)C=C1)=O)C1CCCCC1,0.0038949583540670574
CC(OC1=CC(C)=C(NC(NCCNC2=NC=CC=N2)=O)C=C1)C,0.0035050526726990937
NC(CCOC1=C(NC(NCCNC2=NC=CC=N2)=O)C=CC=C1)=O,0.0034270309377461674
NC(CCCNC(NCCS(C1=CC=CC=C1)(=O)=O)=O)=O,0.0032070996123366056
CC1=CC(C)=C(CNC(NCCCC(N)=O)=O)C=C1,0.0037099731853231788
CC1=CC(C)=C(CCNC(NCCCC(N)=O)=O)C(C)=C1,0.005015916202683002
CS(NCCC1N(C(NC2CC3=C(C=CC=C3)OC2)=O)CCCC1)(=O)=O,0.0031193367205560206
FC(SCCNC(NCCNC1=C(C#N)C=CC=N1)=O)(F)F,0.0012871340200945268
CN1N=C(NC(C2=C(Cl)C3=C(C=CC(=C3)Br)N2)=O)C=C1,0.004292748623993248
CCN(C(NCC1=C(CN2CC(C)OC(C)C2)C=CC=C1)=O)C(C1=CC=C(F)C=C1)C,0.0061481062090024356
CN(C(C1C2=C(CCC2)SC=1NC(C1OC=CC=1)=O)=O)CCOC1=CC(C)=CC(C)=C1,0.009185497276484966
ClC1SC(CCNC(NCC2=CC=C(N3N=CN=C3)C=C2)=O)=CC=1,0.0027968100912403315
CC1=CC(C)=C(CNC(NCC(C(N)=O)(C)C)=O)C=C1,0.005075554270297289
CC(NC(NCC(C(N)=O)(C)C)=O)CC1=C(C)C=CC=C1,0.005808126064948738
CCCOC1=CC(CNC(NCC(NCC(F)(F)F)=O)=O)=CC=C1,0.003551127333776094
CCCN(C(NCCCN1C(=O)N2C(CCCC2)=N1)=O)C(C1=CC(Cl)=C(Cl)C=C1)C,0.004766422836109996
CC(NC(C1CCN(C(NCC2SC=C(C3=CC=CC=C3)N=2)=O)CC1)=O)(C)C,0.003790066088549793
CS(N1CCN(C(CCOCC2=CC=CC=C2)=O)CC1)(=O)=O,0.005043812282383442
CC(C1=CC=C(N2N=CN=C2)C=C1)N(C(NCCSC(F)(F)F)=O)C,0.002554861892713234
CN1N=CC(C(NC2CCN(C(NCCSC(F)(F)F)=O)CC2)=O)=C1,0.002528039293247275
CC(C1=CC(N(=O)=O)=CC=C1)NC(N(CC1=CC=C(Cl)C=C1)C)=O,0.0030079164076596498
CC(C1=CC(N(=O)=O)=CC=C1)NC(N(CC1OC=CC=1)C)=O,0.0031081388937309385
COC1=C(F)C=C(CN(C(NC(C2=CC(N(=O)=O)=CC=C2)C)=O)C)C=C1,0.004082787910010666
CC(C(NC1CCN(C(C2=CC=CC=C2)=O)CC1)=O)SC1=NC=CC=N1,0.006644337391480804
CC(C1=CC(N(=O)=O)=CC=C1)NC(N1CCC(CNC(C)=O)CC1)=O,0.002663181710522622
CCN(C(NCC1=CC(OCC2OCCC2)=CC=C1)=O)C(C1=CC=C(F)C=C1)C,0.00572629920206964
ClC1=CC2=C(SCCC2NC(CNC(NC2CC2)=O)=O)C=C1,0.004104325897060335
CC1=CC(C)=C(CCNC(NNC2=NC(C)=CC(C)=N2)=O)C(C)=C1,0.002486268652137369
CC(NC(N(CC1=CC=C(C(F)(F)F)C=C1)C)=O)CC1=C(F)C=CC=C1F,0.004430044582113624
CC(NC(NC(CC1=C(F)C=CC=C1F)C)=O)CC1=C(F)C=CC=C1F,0.0053431338397786025
COC1=C(CC(NC(N2CC(C(N)=O)CC2)=O)C)C=CC=C1,0.004332883225288242
CN(C(C1N(CC2SC=CC=2)C=CC=1)=O)CC(NC1=NOC(C)=C1)=O,0.006076774792745709
CC1OC(C)CN(C2=C(F)C=C(CNC(N(CC3OC=CC=3)C)=O)C=C2)C1,0.004354728513862938
CC1OCCN(C(NCC2=CC(F)=C(N3CC(C)OC(C)C3)C=C2)=O)C1,0.00515062955673784
CCN(C(NCC1=CC(F)=C(N2CC(C)OC(C)C2)C=C1)=O)C1CC1,0.005476687662303447
CN(C1=C(N(=O)=O)C=C(C(C2=C(C(N3CCN(C(C)=O)CCC3)=O)C=CC=C2)=O)C=C1)C,0.009482176741585135
O=C(N1C(C2=CC=NC=C2)CCC1)NCCCCOCCC1=CC=CC=C1,0.006004507048055529
CCOC(CC(C1=CC(OC)=CC=C1)NC(NC1SC=CN=1)=O)=O,0.004537454911042005
CCOC(C(C(OCC)=O)NC(C1=CC=C(N2C=NC=C2)C=C1)=O)=O,0.005895418906584382
CC1=C2C(N=CC(C(N3CCC(OCC4=CC=CC=C4)CC3)=O)=C2)=NN1,0.004627419251482934
CCOC(NC(C(NC1=CC=C(C(N(CC)CC)=O)C=C1)=O)C(C)C)=O,0.006990953232161701
COC1=C(C(NC(OC(C)(C)C)=O)CNC(NC2=CNN=C2)=O)C=CC=C1,0.002949760982301086
CCC(C1=C(OCC(N(C)C)=O)C=CC=C1)NC(NC1SC=CN=1)=O,0.004303316725417972
CC(C(NCCC1=CC2=C(OCCO2)C(Cl)=C1)=O)SC1=NC=CC=N1,0.006685779732652009
COC1=CC(OC)=CC(CNC(N2CCSCC2)=O)=C1,0.004992872592993081
COC1=CC(OC)=CC(CNC(N2CCC(CN3CCOCC3)CC2)=O)=C1,0.006185869546607136
CC(OC1=CC(CNC(N2CCC(CN3CCOCC3)CC2)=O)=CC=C1)C,0.0064086879836395385
CC1N(C(NCC2=CC(OCC(N(C)C)=O)=CC=C2)=O)CCCC1,0.00520140586886555
NC(CNC(C1=CC=C(CNC(N2CCN(S(C3=CC=C(F)C=C3)(=O)=O)CCC2)=O)C=C1)=O)=O,0.00337276931386441
CCOC1=C(OC2=NC=C(CNC(NCC3=CC=C(C(NCC(N)=O)=O)C=C3)=O)C=C2)C=CC=C1,0.00457485350780189
CCOC1=C(OC2=NC=C(CNC(N3CC(C)OCC3)=O)C=C2)C=CC=C1,0.004782105085905641
CCOC1=CC=C(C(NC(CC2C(=O)NC(C3=CN=CC=C3)=NC=2C)=O)C)C=C1,0.004351265705190599
CC1=CC(C)=C(CNC(N2CCN(C3=NC=CC=C3)CC2)=O)C=C1,0.004014392523095012
COC1=C(OC)C(OC)=C(CNC(N2C(C)CCCC2)=O)C=C1,0.0055653908988460895
O=C(C1C2=C(CCC2)SC=1NC(C1OC=CC=1)=O)NCC1(C2=CC=CC=C2)CC1,0.009244790859520435
COC1=C(OCC2=CC=NC=C2)C=CC(C(NC(N(C2CC2)CC2=CC(O)=CC=C2)=O)C)=C1,0.003279527253471315
CCN(C(NCCC1=C(F)C=CC=C1F)=O)C1CCCCC1,0.006323921144939959
COC1=CC(OC)=C(CNC(N2C(C)CCCC2)=O)C(OC)=C1,0.005324625549837947
CC(NC(NC1=C(C(N2CC3=C(SC=C3)CC2)=O)C=CC=C1)=O)C,0.004660702892579138
CCN(C(NCCC(N1CC(C)OC(C)C1)=O)=O)C(C1=CC=C(F)C=C1)C,0.005440299841575324
CC(C1=CC(N2C(C)=C(C(NC3CCN(C(NC4=CC=CC=C4)=O)CC3)=O)C=C2C)=CC=C1)C,0.005062478734180332
CCCCSC(C(NC1CCN(C(NC2=CC=CC=C2)=O)CC1)=O)C,0.0038238096283748748
CCN(C(NCC1=C(OC)C(OC)=CC=C1)=O)CC1OC2=C(C=CC=C2)OC1,0.008055447763763369
COC1=C(CC(NC(N2CCC(C(N)=O)CC2)=O)C)C=CC=C1,0.003982456971425563
COC1=CC=C(C(C(C)C)NC(CC2C(=O)NC(C3=CN=CC=C3)=NC=2C)=O)C=C1,0.005241905618458986
COC1=C(CC(NC(NCCCN2CC(C)CC(C)C2)=O)C)C=CC=C1,0.006648324662819505
CCC(C(N1CCC(NC(NCC(N2CCCC2)=O)=O)CC1)=O)CC,0.006093089492060244
CCC(C(N1CCC(NC(NCC(C2=CC=CC=C2)OC)=O)CC1)=O)CC,0.005668671999592334
CCC(C(N1CCC(NC(NC2C3C=NN(C)C=3CCC2)=O)CC1)=O)CC,0.0064495331607759
CC1=NC(CNC(NCCC(C(F)(F)F)(C2N(C)C=CN=2)O)=O)=CC=C1,0.00285915112181101
CC1NC(=O)C(CNC(NC2CCOCC2)=O)=C(C)C=1,0.003016502980608493
COC1=C(NC(C)=O)C=C(NC(C2N(CC3SC=CC=3)C=CC=2)=O)C=C1,0.005099270539358258
COC1=C(NC(C)=O)C=C(NC(C(SC2=NC=CC=N2)C)=O)C=C1,0.006270767468959093
CC1=C(CC(NCC#CC2=CC=CC=C2)=O)C(=O)NC(C2=CN=CC=C2)=N1,0.0035369374207220973
CSCC(NC1=C(N2CCCCC2)C=CC(C(N)=O)=C1)=O,0.006035526329651475
O=C(NC1=CC(C#C)=CC=C1)CNC(NCCN1CCOCC1)=O,0.0025099495542235672
CC1NC(=O)C(CNC(NCC2ON=C(C3CC3)N=2)=O)=C(C)C=1,0.003300412860698998
CCOC1=C(OC)C=C(CNC(NCC(N2CCCC2)=O)=O)C=C1Cl,0.0051327036111615595
CCOC1=C(OC)C=C(CNC(NCCNC2=NC=CN=C2)=O)C=C1Cl,0.0035818426171317697
CN(C(CCNC(NC1CCN(CC2=CC(F)=C(F)C=C2)CC1)=O)=O)C,0.004249069432262331
CCCCN(C(NCC1=C(OC)C=C(OC)C=C1)=O)CCO,0.002899382798932493
COC1=CC(OC)=C(CNC(NCC2=C(N(C)C)N=CC=C2)=O)C=C1,0.003999250929336995
O=C(C1N(CC2SC=CC=2)C=CC=1)N1CC=C(C2C3=C(N=CC=C3)NC=2)CC1,0.005224542645737529
NC1N(C2=CC=CC=C2)N=C(CCCNC(NCC(NCC(F)(F)F)=O)=O)C=1C#N,0.0018137077888241038
NC(NC1=CC(NC(CCOCC2=CC=CC=C2)=O)=CC=C1)=O,0.003512187278829515
CC1=NC=C(CC(NC2=CC=C(N3CCCC3)C=C2)=O)C=C1,0.007880627131089567
CCN(C(CNC(NC1CC1)=O)=O)CC(NC1=CC=C(OC)C=C1)=O,0.005850196396932006
CC1=C2C(N=CC(C(NC(C3=CC=CC=C3)C(N)=O)=O)=C2)=NN1,0.003556857374496758
CC1=CC2N(C=C(N=2)CNC(NCC(C2=CC=CC=C2)C2=CC=CC=C2)=O)C=C1,0.004221174528356642
COC1=CC=C(C(C(C)C)NC(NCC2N=C3N(C=CC(=C3)C)C=2)=O)C=C1,0.004805347148794681
CC1=CC2N(C=C(N=2)CNC(NCC2CCCC2)=O)C=C1,0.0040623480686917905
CC1=CC2N(C=C(N=2)CNC(NCC2=C(C(F)(F)F)C=C(N3CCOCC3)C=C2)=O)C=C1,0.0024066810205113144
CC(NC(C(N1C2=C(C=CC=C2)OCC1)=O)=O)C,0.00833308391738683
COC(CC(C1SC=CC=1)NC(C1=CC2C(=NNC=2C)N=C1)=O)=O,0.003886014665476978
CCN(C1=CC(F)=C(F)C=C1)C(C(NC1CCN(CC2=CC=CC=C2)CC1)=O)=O,0.006335823587141931
COC1=CC=C(CNC(C(NC2=CC3=C(C=CC=C3)N=C2)=O)=O)C=C1,0.005854123504832387
CC1=CC(NC(C(NC2CCCCCCC2)=O)=O)=C(S(C)(=O)=O)C=C1,0.008105633035302161
FC1=C(N(C(C(NCCC2C3=C(C=CC=C3)NC=2)=O)=O)CC2OC=CC=2)C=CC=C1,0.004259148589335382
ClC1=CC(Cl)=C(CNC(C(NC2=CC3=C(C=CC=C3)N=C2)=O)=O)C=C1,0.004925440461374819
CC(CNC(C(N1C2=C(C=C(C=C2)OC(F)(F)F)CCC1)=O)=O)O,0.002369970310246572
CC(C(NC1=CC(NC(C)=O)=C(F)C=C1)=O)SC1=NC=CC=N1,0.005443762568756938
FC1=C(CNC(C(NC2=CC3=C(C=CC=C3)N=C2)=O)=O)C=CC=C1,0.003935559967067093
CN(C1=CC2=C(C=CC=C2)C=C1)C(CC1=CN=C(C)C=C1)=O,0.008388623595237732
CC(C(N1CCC2(C(=O)NC(=O)N2)CC1)=O)OC1=C(C)C(C)=CC=C1,0.002213350182864815
CC(SC1=C(C(N2CCC3(C(=O)NC(=O)N3)CC2)=O)C=CC=N1)C,0.001588692917721346
O=C(C1=C2C(C=CC=N2)=C2C(C=CC=C2)=C1)N1CCC2(C(=O)NC(=O)N2)CC1,0.001704096025787294
CCOC(NC(C(NC1=CC2=C(N(N=C2C)C)N=C1)=O)C(C)C)=O,0.004748793272301555
CC(C1=C(Cl)C=CC=C1)NC(C(NC1=CC2=C(C=CC=C2)N=C1)=O)=O,0.0054311217740178105
CCCCSC(C(NCC1N=C2N(C=C(C=C2)Cl)C=1)=O)C,0.003643730317708105
CC(C1=CC2=C(C=CC=C2)C=C1)NC(C(NC1=CC2=C(C=CC=C2)N=C1)=O)=O,0.0068447191035375
CC(C1=CC=C(C(NC(C(NC2=CC3=C(C=CC=C3)N=C2)=O)=O)C)C=C1)C,0.007769457600079477
CC(C1=C(F)C=C(F)C=C1)NC(C(NC1=CC2=C(C=CC=C2)N=C1)=O)=O,0.004199154814705253
CCN(C1=CC(F)=C(F)C=C1)C(C(NCCCN1CCCCCC1)=O)=O,0.00821396503597498
CN(C1=NC=C(NC(C(NCC2=C(C)C=CC=C2)=O)=O)C=C1)C,0.004721382760908455
CNC(CNC(C(NC1=CN=C(OC2=CC(C)=C(C)C=C2)C=C1)=O)=O)=O,0.005078281683381647
CCC(C1=CC=C(OC)C=C1)NC(C(NC1=CC2=C(C=CC=C2)N=C1)=O)=O,0.006862084940075874
ClC1=CC=C(C(C2CC2)NC(C(NC2=CN=CC=C2)=O)=O)C=C1,0.006603549118153751
CC(C1=CC2=C(CCCC2)C=C1)NC(C(NC1=CC2=C(C=CC=C2)N=C1)=O)=O,0.009116140427067876
CCC1=CC=C(C(C(C)C)NC(C(NC2=CN=CC=C2)=O)=O)C=C1,0.008363493485376239
CC(C(C1=CC=C(C(C)C)C=C1)NC(C(NC1=CN=CC=C1)=O)=O)C,0.009339201170951128
COC1=C(C(NC(C(NC2=CN=C(N3CCCC3)C=C2)=O)=O)C)C=C(C)C=C1,0.006733627198264003
COC1=C(C)C=C(NC(C(NCCCN2CCN(C)CC2)=O)=O)C=C1,0.006871444638818502
CC1=C(F)C=C(C2N=C(CCC(NC(C(N)=O)C(N)=O)=O)ON=2)C=C1,0.006787209934554994
CCN(C1=CC(F)=C(F)C=C1)C(C(NCCCN1CCC(C)CC1)=O)=O,0.007576717506162822
O=C(C1=CC=C(C2OC=NC=2)C=C1)NC1=C(C2SC=CC=2)C=CC=C1,0.005244290339760482
CCN(C1=CC=CC=C1)C(C(NC1CCN(CC2=CC=C(Cl)C=C2)CC1)=O)=O,0.007409873697906732
CCN(C1=CC(F)=C(F)C=C1)C(C(NCC1=C(CN2CCCCC2)C=CC=C1)=O)=O,0.006816818984225393
CC(OC1=NC=C(C(NC2=C(NS(C)(=O)=O)C=CC=C2)=O)C=C1)C,0.004119010223075747
CC1N(CC(NC2=C(NS(C)(=O)=O)C=CC=C2)=O)C2=C(C=CC=C2)C=1Br,0.004591432341840118
FC1=C(N2CCCC2)C(F)=CC(NC(C(NC2C3=C(C=CC=C3)CC2)=O)=O)=C1,0.0074253309518098835
COC1=CC=C(C(C2N(C)C=CN=2)NC(C(N2C3=C(C=CC=C3)OCC2)=O)=O)C=C1,0.0053832724690437315
CCOC1=CC=C(C(NC(C(NC2=CN=C(N3CCCC3)C=C2)=O)=O)C)C=C1,0.006605063495226204
CCOC1=CC=C(C(NC(C(NC2=CN=C(OC)C=C2)=O)=O)C)C=C1,0.005803705239668488
CCOC1=CC=C(C(NC(C(NC2=CC3=C(C=CC=C3)N=C2)=O)=O)C)C=C1,0.006697566458024084
CC(C1=CC2=C(OCO2)C=C1)NC(C(NC1=CC2=C(C=CC=C2)N=C1)=O)=O,0.00640170257538557
CC1=C(CC(NC(CC(C)(C)C)(C)C)=O)C(=O)NC(C2=CN=CC=C2)=N1,0.005486788507550955
CN(CC(CNC(C(NC1=CC2=C(C=CC=C2)N=C1)=O)=O)O)C,0.0031229922315105796
CC1=CC(CNC(C(NC2=CC3=C(C=CC=C3)N=C2)=O)=O)=CC=C1,0.005560960411094129
CC(CN1C2=C(C(C(N(C(C)C)CC3=CC=CC=C3)=O)=CC(C(C)C)=N2)C(=O)NC1=O)C,0.006904822029173374
CCCN1C2=C(C(C(N(C(C)C)CC3=CC=CC=C3)=O)=CC(C(C)C)=N2)C(=O)NC1=O,0.0061780376825481655
CC(N(C(C1=CC=C(C2OC=NC=2)C=C1)=O)CC1=CC=CC=C1)C,0.008442193316295744
O=N(C1=CC2=C(NN=C2C(N(C2CC2)CC2=CN=CC=C2)=O)C=C1)=O,0.0031580189242959023
CC1C(C2OC(CN(C(C3N=C(C4OC(C)=CC=4)SC=3)=O)C)=CC=2)C1,0.012134276237338782
CC1C(C2OC(CN(C(C3=C4C(C(=C(N4)C)C)=CC=C3)=O)C)=CC=2)C1,0.00942928334698081
CC1C(C2OC(CN(C(CN3C(=O)C4=C(C=CC=C4)N=C3C)=O)C)=CC=2)C1,0.01104872296564281
CN(C(C1=CC=C(C2OC=NC=2)C=C1)=O)C1CCCCCC1,0.011660412652418017
FC(COC1=C(NC(CNC(NC2CC2)=O)=O)C=C(Cl)C=C1)(F)F,0.003940901905298233
ClC1C2=C(C=CC(=C2)Br)NC=1C(NCCC1OCCC1)=O,0.005716407322324812
O=C(C1N(C(NC2CCCCC2)=O)CCC1)NCCC1OCCC1,0.008058160822838546
CCN(C1=CC(F)=C(F)C=C1)C(C(NCCCN1CC(C)CCC1)=O)=O,0.007111604721285403
FC1=CC(N(C(C(NCCCN2C3=C(C=CC=C3)CC2)=O)=O)CC2OC=CC=2)=CC=C1,0.006760408240370453
CCN(C1=CC(F)=C(F)C=C1)C(C(NCCCN1CC2=C(C=CC=C2)CC1)=O)=O,0.007333879824727774
CCN(C(C1=C(Cl)C2=C(C=CC(=C2)Br)N1)=O)C1CS(=O)(=O)CC1,0.0045117494650185105
COC(CCNC(C1=C(Cl)C2=C(C=CC(=C2)Br)N1)=O)=O,0.004696658463217318
O=C(C(NC1=CC2=C(C=CC=C2)N=C1)=O)NCC1=CC2=C(CCC2)C=C1,0.007889700587838888
CC1SC=C(CNC(C(N2C3=C(C=C(C=C3)Cl)CCC2)=O)=O)N=1,0.005317496263887733
COC1=C(OC)C=C(C(NC(C(NC2=CC3=C(C=CC=C3)N=C2)=O)=O)C)C=C1,0.007453474961221218
ClC1=C(C#N)C=CC(NC(C(N2CCSCCC2)=O)=O)=C1,0.003933186759240925
CC1OC(C)CN(C(C(NC2=C(OC3=C(C)C(C)=CC=C3)N=CC=C2)=O)=O)C1,0.0056761277606710795
FC1=C(OCCCC(N2CCN(CC3=CC=C(C#N)C=C3)CC2)=O)C=CC=C1,0.006211786146741361
CCN1C2=C(C=CC=C2)C=C1C(NC(C1=CC=C(S(N)(=O)=O)C=C1)C)=O,0.005631048744544387
CC(C1=CC=C(F)C=C1)CC(NCC1=C(O)C=CC(N(=O)=O)=C1)=O,0.0026041195029392838
CCN1C2=C(C=CC=C2)C=C1C(NNC(C1SC=CC=1)=O)=O,0.0026989900681655852
COC1=C(OC)C=C(CNC(C2=C(OCCN(C)C)C=CC=C2)=O)C=C1,0.010674915183335543
CC1N(C)N(C2=CC=CC=C2)C(=O)C=1NC(C1N=C(C2SC=C(Br)C=2)SC=1)=O,0.006293755117803812
OC(CC1(CCCC1)CCC1=CC=CC=C1)=O,0.0167840089648962
OC1C2=C(C=C(C=C2)Br)CC1,0.012699968228116632
NCCCCOC1CCCCCC1,0.03245712034404278
OCCOCCN1N=CC=C1,0.005326901096850634
OCCOCCOC1=CC=CC=C1,0.005911459831986576
FC1=C(F)C2=C(C(C(N2)=O)=O)C=C1,0.013958543958142399
CC1=C(N)C=C(C2=CC=NC=C2)C=C1,0.007582500227726996
NC1=C(C2=CC=NC=C2)C=CC=C1,0.007648862036876381
CC(C1=CC=C(C2=CC=NC=C2)C=C1)=O,0.017812333535403013
CC(C1=CC(C2=CC=NC=C2)=CC=C1)=O,0.01741894562728703
NCC1=CC=C(C2=CC=NC=C2)C=C1,0.01253370619378984
O=N(C1SC(Cl)=CC=1)=O,0.0071503427810966965
NC1(C2SC=CC=2)CCCCC1,0.025237361900508404
O=C(C1=NC=CC=C1)C1SC=CC=1,0.010134872002527117
OC(C1=NC=CC=C1)C1SC=CC=1,0.004170018981676548
CN(CCOC1=C(CN)C=CC=N1)C,0.010046501271426677
COC1=C(Cl)C=C(C(O)C)C=C1,0.00748806141782552
OC(C(F)(F)F)C1=CC=C(Br)C=C1,0.004061010399891529
OC(C1=CC=C(Br)C=C1)CC(F)(F)F,0.003724367946779239
OC(C1=C(Cl)C=C(Cl)C=C1)C1=CC=CC=C1,0.005580558720976114
OC(C1=C(Cl)C=CC(Cl)=C1)C1=CC=CC=C1,0.00555630933959037
OC(C1=C(Cl)C(Cl)=CC=C1)C1=CC=CC=C1,0.005854329059366137
CCC(C1=C(F)C=C(F)C=C1)O,0.004866333410609514
CC(C1=CC2=C(NC(C2)=O)C=C1)O,0.00567049162928015
CN1N=CC(C(C(F)(F)F)O)=C1,0.003035097110114293
CC(C1=CN(C)N=C1)O,0.008216199837625027
CC1=C(C)C(CN)=C(O)N=N1,0.01519569349475205
Cl.CC1=C(C)C(CN)=C(O)N=N1,0.015749399457126854
CCN1C2=C(C=CC=C2)C=C1C(NNC(C1=NC=CC=C1)=O)=O,0.0029552619263995437
CC1=C(CC(NCCC2OC=CC=2)=O)C(=O)NC(C2=NC=CC=C2)=N1,0.0039965762756764885
BrC1C=C(C2SC=C(C(NCC3OCCC3)=O)N=2)SC=1,0.006948006781749427
COC1=CC=C(N2CCN(C(CCN3N=CC(C)=C3)=O)CC2)C=C1,0.007732648449018597
CN(C(C1N=C(C2SC=C(Br)C=2)SC=1)=O)CC1OC=CC=1,0.008514485601335765
CC(C1=CC=NC=C1)NC(CC1C(=O)NC(C2=NC=CC=C2)=NC=1C)=O,0.004208107269369066
CC(C1=C(F)C=C(F)C=C1)NC(CC1C(=O)NC(C2=NC=CC=C2)=NC=1C)=O,0.003657171770464629
CC(C1=C(Cl)C=C(Cl)C(F)=C1)NC(CC1C(=O)NC(C2=NC=CC=C2)=NC=1C)=O,0.004008129681460559
CC1=CC2=C(OC(C(N3CCN(S(C4=C(N(=O)=O)C=CC=C4)(=O)=O)CC3)=O)=C2)C=C1,0.004416213801596314
COC(CCNC(CCCOC1=CC(F)=CC=C1)=O)=O,0.00540964282117784
CC(NCCNC(CC1C(=O)NC(C2=NC=CC=C2)=NC=1C)=O)=O,0.003282461955677718
CN(C(C1SC=CC=1)CNC(C1N(CC2SC=CC=2)C=CC=1)=O)C,0.009876545891165734
CC1CN(C(C2N=C(C3SC=C(Br)C=3)SC=2)=O)CC(C)C1,0.008825853490270675
CC1=C(CC(NCC2=CC=NC=C2)=O)C(=O)NC(C2=NC=CC=C2)=N1,0.003668399597518146
CNC(CC1C(=O)NC(C2=NC=CC=C2)=NC=1C)=O,0.003219030285254121
CCNC(CC1C(=O)NC(C2=NC=CC=C2)=NC=1C)=O,0.0033562465338036417
CC1=CC2=C(OC(C(N3CCN(C4=C(N(=O)=O)C=CC=C4)CC3)=O)=C2)C=C1,0.005762073607183993
O=C(C1=NSN=C1)N/N=C(\C1=CC=CC=C1)/C1=CC=CC=C1,0.007580835395492614
CCC(C(NCC(N1CCN(C2=C(Cl)C=CC=C2)CC1)=O)=O)C,0.007858263095840812
CC1=CC2=C(OC(C(N3CCN(C4=C(O)C=CC=C4)CC3)=O)=C2)C=C1,0.004349896614439785
CNC(CNC(CC1C(=O)NC(C2=NC=CC=C2)=NC=1C)=O)=O,0.003954799799248576
BrC1C=C(C2SC=C(C(NCC#C)=O)N=2)SC=1,0.004481723136268556
CC1=CN=C(NC(C2OC3=C(C=C(C=C3)C)C=2)=O)C=C1,0.005922130262479186
CC1=CC(NC(C2OC3=C(C=C(C=C3)C)C=2)=O)=NC=C1,0.005890060483943671
CC(C1=CC=C(F)C=C1)CC(NC1=NC(C)=CC=C1)=O,0.004983571521006524
COC1=C(OC)C=C(CN2CCN(C(C3=NSN=C3)=O)CC2)C=C1,0.009092177962884307
CC(C1=CN=CC=C1)NC(CC1C(=O)NC(C2=NC=CC=C2)=NC=1C)=O,0.004161125898826867
O=C(C1=NSN=C1)N1CCN(C2CS(=O)(=O)CC2)CC1,0.006252632173709571
CC1=NC=C(CC(N2CCN(C3CS(=O)(=O)CC3)CC2)=O)C=C1,0.006269816029816866
CC(C1CC1)NC(CC1C(=O)NC(C2=NC=CC=C2)=NC=1C)=O,0.004695183527655899
CC(C1OC=CC=1)NC(CC1C(=O)NC(C2=NC=CC=C2)=NC=1C)=O,0.004314889840316027
CCS(C1=CC(NC(CN2C3=C(C=CC=C3)C=C2)=O)=C(O)C=C1)(=O)=O,0.003317649010568857
CCN1C2=C(C=CC=C2)C=C1C(NC1=C(O)C=CC(S(CC)(=O)=O)=C1)=O,0.0035225119325332345
CCS(C1=CC(NC(CC(C2=CC=C(F)C=C2)C)=O)=C(O)C=C1)(=O)=O,0.003974863840267062
OC1=C(NC(C2=NN(C3=CC(Cl)=CC=C3)C=C2)=O)N=CC=C1,0.004976859246380627
CN(C(C1=C(O)C(Br)=CC(C)=C1)=O)CC(NC(C)(C)C)=O,0.00768194105476141
CC1=CC(C(NCC(NC(C)(C)C)=O)=O)=C(O)C(Br)=C1,0.006798290880396962
CC1=CC2=C(OC(C(NCCCN3CCCC3)=O)=C2)C=C1,0.00836085071787238
CC(CC1=CC=C(C(C2SC=CC=2)NC(C2NNC(=O)N=2)=O)C=C1)C,0.004180633102077991
CC1=CC(C(NCC2CC3=C(C=CC=C3)OC2)=O)=C(O)C(Br)=C1,0.00674663579557091
CCOC1=C(OCC)C=C2C(CCN(C(C3=C4C(NC=N4)=CC(F)=C3)=O)C2)=C1,0.00396154421614483
CC1=C(CC(NC2=NN(C)C=C2)=O)C(=O)NC(C2=NC=CC=C2)=N1,0.003243470174493268
CN1N=C(NC(C2N=C(C3SC=C(Br)C=3)SC=2)=O)C=C1,0.005578252323903144
CCCCC1=CC=C(C(C2SC=CC=2)NC(C2NNC(=O)N=2)=O)C=C1,0.0041638720780611035
CCN1C2=C(C=CC=C2)C=C1C(NNC(C1N(C)C=C(Br)C=1)=O)=O,0.004389073664788157
O=C(C1N=NNC=1)N1CCN(CC2=CC3=C(OCCO3)C=C2)CC1,0.004071539966389537
CC1C(Cl)=C(C)N(CC(NCC2C(=O)NC(C)=CC=2C)=O)N=1,0.004303719790186733
CC1NC(=O)C(CNC(CN2C3=C(C=CC=C3)C=C2)=O)=C(C)C=1,0.004318375012371689
CC1NC(=O)C(CNC(CCCOC2=CC(F)=CC=C2)=O)=C(C)C=1,0.003232156834565103
CC1NC(=O)C(CNC(CCCOC2=C(F)C=CC=C2)=O)=C(C)C=1,0.004130858730059117
CC1=CC2=C(OC(C(NCC3C(=O)NC(C)=CC=3C)=O)=C2)C=C1,0.005466557492036372
CC1=CN(CCC(NCC2C(=O)NC(C)=CC=2C)=O)N=C1,0.004290681378915906
CC(OC1=CC=C(CCC(NCC2C(=O)NC(C)=CC=2C)=O)C=C1)C,0.005642607156187296
CN(C(CSCC1=NC=CC=C1)=O)CC1=CN(C2=CC=CC=C2)N=C1,0.006425363710150123
CN(CCOC1=C(C(NC2C3=C(C=CC(=C3)F)SCC2)=O)C=CC=C1)C,0.006570010306313634
CC(C1=CC=C(S(C)(=O)=O)C=C1)NC(CN1C2=C(C=CC=C2)C=C1)=O,0.0059939936036244035
FC1=C(F)C=C(C(NCC(NCCCOC2=CC=CC=C2)=O)=O)C=C1,0.005873591033741831
CN(C(C1=C(O)C(Br)=CC(C)=C1)=O)CC(NC1=NOC(C)=C1)=O,0.006415322958491743
CCC(C(NCC(NNC(C1N(C)C=C(Br)C=1)=O)=O)=O)C,0.004413333570118994
CC1SC=C(C2SC(CCNC(C3=NSN=C3)=O)=CC=2)N=1,0.006619963818229735
CC1=CC(C(N2CCN(S(C)(=O)=O)CC2)=O)=C(O)C(Br)=C1,0.0036150155123323203
CC(C(N)=O)NC(C1=C2C(NC=N2)=CC(F)=C1)=O,0.0021035907964687796
CC1=CC(C(NCC2=CC=C(CN3N=CC=C3)C=C2)=O)=C(O)C(Br)=C1,0.005903537012636661
COC1=C(OC)C=C(NC(C(N2CCCCCC2)=O)=O)C(C)=C1,0.009460858814418317
FC1=CC(C2OC3=C(C=C(C=C3)NC(C(N3CCCC3)=O)=O)N=2)=C(Br)C=C1,0.0048459037905558945
CC1=C(CC(N2CC(=O)NCC2)=O)C(=O)NC(C2=NC=CC=C2)=N1,0.0031654083984903993
CC(C1CC2=C(SC(C(NNC(C3=NSN=C3)=O)=O)=C2)CC1)(C)C,0.0060457008657976985
CCOC(NNC(C1=NSN=C1)=O)=O,0.002737082861131057
CCOC(NNC(CCCOC1=CC(F)=CC=C1)=O)=O,0.0022440661559812725
CCOC(NNC(CCC1ON=C(C2=CC(F)=C(C)C=C2)N=1)=O)=O,0.0022799308877438306
FC(C1=CC(N2CCN(C(C(NC3=C4C(C=NC=C4)=CC=C3)=O)=O)CC2)=CC=C1)(F)F,0.0038676833268254996
CNC(C1=CC(NC(C(N2CCCCCCC2)=O)=O)=C(C)C=C1)=O,0.00745969470590353
CC1C2=C(C=CC=C2)OC=1C(NNC(C1=NSN=C1)=O)=O,0.0033965105190873145
CC1ON=C(NC(CC2C(=O)NC(C3=NC=CC=C3)=NC=2C)=O)C=1,0.0034463491989299654
BrC1C=C(C2SC=C(C(NC3=CC=NC=C3)=O)N=2)SC=1,0.005098970257677138
COC(CC(C1=CC=CC=C1)NC(CNC(C1=CC(F)=C(F)C=C1)=O)=O)=O,0.00773997821379453
O=C(C(N1CCN(S(C2=CC3=C(CCCC3)C=C2)(=O)=O)CC1)=O)NC1=C2C(N=CC=C2)=CC=C1,0.004007492924574763
ClC1=C2C(OCCO2)=CC(CCNC(CSCC2=NC=CC=C2)=O)=C1,0.0059478568844497206
COC1=CC(OC)=C(C2N=C(NC(CC3=CN=C(C)C=C3)=O)SC=2)C=C1,0.005507945269346237
O=C(C(N1C2=C(C=CC=C2)OCC1)=O)N1CCN(C2=CC=NC=C2)CC1,0.006965764099732041
O=C(C1=NSN=C1)NC1SC=C(C2=CC3=C(OCO3)C=C2)N=1,0.005041372310370207
COC1=C(CC2=CC=CC=C2)C=C(NC(C2=NSN=C2)=O)C=C1,0.007397472485899925
COC1CCN(C(C(NC2=CC(C(F)(F)F)=C(Br)C=C2)=O)=O)CC1,0.006013609771616757
COC1CCN(C(CC2C(=O)NC(C3=NC=CC=C3)=NC=2C)=O)CC1,0.0036550372024066746
CC1OCCN(C(C(NC2=C(OC(F)(F)F)C=CC=C2)=O)=O)C1,0.004535918787587434
OC(C1=CC=C(S(NC2=C(F)C(F)=CC=C2)(=O)=O)C=C1)=O,0.0029645450878888367
FC1=CC=C(N2C(=O)N(CC3=CC=C(Br)C=C3)CC2=O)C=C1,0.0024853550596162675
NC1=C(F)C=C(Cl)C(S(NC2CC2)(=O)=O)=C1,0.0031749064684845505
CCC(C#N)NC(OC(C)(C)C)=O,0.0042456702498139265
CN1C2=C(N(C(NC2=O)=O)C)N=C1C=O,0.003139049954188522
CC(C(O)=O)CC1=CC(C(F)(F)F)=CC=C1,0.005958236625883728
CCCCCCC(C(O)=O)C,0.016678751818835734
CC(C(O)=O)CC1SC=CC=1,0.009193938318639993
COCCC(C(O)=O)C,0.014472596859559417
CCCCCCC(C(O)=O)CC,0.01692419173195958
CC(C(C(O)=O)CC1=CC=CC=C1)C,0.012072312831878661
CC(C(C(O)=O)C)C,0.017246280889958145
C[C@H]1[C@@](C(CO)=O)(O)[C@]2(C)[C@H]([C@H]3[C@@]([C@H](C2)O)(F)[C@]2(C)C(=CC(C=C2)=O)CC3)C1,0.0014297836230404927
CC([C@H](C(O)=O)N)(S)C,0.007512793800560758
COC1=C(C(NCCCS(N)(=O)=O)=O)C=C(Cl)C=C1,0.004422678612172604
CN(CCC[C@@]1(C2=CC=C(F)C=C2)C2=C(C=C(C=C2)C#N)CO1)C,0.009293146245181561
CN(CCC[C@@]1(C2=CC=C(F)C=C2)C2=C(C=C(C=C2)C#N)CO1)C.Cl,0.009242626163177193
CC1(C(=O)N[C@@H](C(O)=O)CS1)C,0.004894894175231456
O[C@H]1CNCC1,0.0061554752057418225
Cl.O[C@H]1CNCC1,0.005274580372497439
CC(C[C@@H](C(O)=O)NC(CCl)=O)C,0.004725643596611917
N[C@@H](CC1=CC=C(O)C=C1)CO,0.005448736622929573
C[C@H](CO)N,0.010882502212189138
COC(C[C@@H](C(OC)=O)N)=O,0.016563448309898376
COC(C[C@@H](C(OC)=O)N)=O.Cl,0.01514881644397974
CC(OC(N1[C@@H](C(O)=O)CC2=C(C=CC=C2)C1)=O)(C)C,0.007616510591469705
CC(OCC([C@@]1([C@]2(C)[C@H]([C@H]3[C@H]([C@H](C2)O)[C@]2(C)C(=CC(CC2)=O)CC3)CC1)O)=O)=O,0.0066318951303443495
C[C@@H]([C@@H]1[C@]2(C)[C@H]([C@H]3[C@H](CC2)[C@]2(C)[C@@H](C[C@@H](CC2)O)C[C@H]3O)CC1)CCC(O)=O,0.006049936365223818
CC(SC[C@@H](C(O)=O)NC(OCC1C2=C(C=CC=C2)C2=C1C=CC=C2)=O)(C)C,0.007059139525517821
CC1([C@@H](O)C(=O)OC1)C,0.0064739505760371685
CC(OC(N[C@@H](C1=CC=CC=C1)C(O)=O)=O)(C)C,0.005384021427016705
OC([C@@H]1NC(=O)C2(CCCC2)SC1)=O,0.00665856113191694
C[C@@H]([C@H](C(O)=O)NC(OCC1C2=C(C=CC=C2)C2=C1C=CC=C2)=O)OC(C)(C)C,0.007803043024614454
CC(C[C@@H](C(OCC1=CC=CC=C1)=O)N)C,0.011321944696828724
CC(C[C@@H](C(OCC1=CC=CC=C1)=O)N)C.Cl,0.01104647694155574
O=C1N(CC2=CC=CC=C2)C(=O)[C@@H]2[C@H]1CCC(C2)=O,0.0061641634907573465
OC[C@@H]1[C@@H]2[C@H]1CNC2,0.004161386162411862
N[C@@H]1C[C@H](C(O)=O)C1,0.013216444873251021
Cl.N[C@@H]1C[C@H](C(O)=O)C1,0.011815812066197395
CC(N1C2=C(C=CC=C2)C(C2=CC=C(F)C=C2)=C1C=C[C@H](C[C@H](CC(O)=O)O)O)C,0.0042527734069153665
C[C@@H](C(O)=O)NC(C1CCCCC1)=O,0.010235467785969376
C[C@H](C1=C(OCC2=CC=CC=C2)C=CC=C1)N,0.0156065137591213
COC1[C@]2(C(=O)C3=C(C=C(C(Cl)=C3O2)OC)OC)[C@H](C)CC(=O)C=1,0.017006091866642238
COC([C@H](NC(COC1=C(Cl)C=C(Cl)C=C1)=O)CC1C2=C(C=CC=C2)NC=1)=O,0.004009785130620003
O=C([C@@H](N1C(=O)C2=C(C=CC=C2)C1=O)CC1=CC=CC=C1)NC1CCCCC1,0.005047499388456345
O=N(C1=CC=C(NC([C@@H](N2C(=O)C3=C(C=CC=C3)C2=O)CC2=CC=CC=C2)=O)C=C1)=O,0.00251253210590221
CC1SC2=C(C=CC(=C2)NC([C@H]2N(S(C3=CC=C(Cl)C=C3)(=O)=O)CCC2)=O)N=1,0.0035118868108838797
ClC1=CC=C(S(N2[C@H](C(NC3=CC=C(I)C=C3)=O)CCC2)(=O)=O)C=C1,0.004906996944919228
ClC1=CC=C(S(N2[C@H](C(NC3=CC=C(Br)C=C3)=O)CCC2)(=O)=O)C=C1,0.004967571003362536
COC1=C(N2CCN(C([C@H]3N(S(C4=CC=C(Cl)C=C4)(=O)=O)CCC3)=O)CC2)C=CC=C1,0.004942124045919627
FC(OC1=CC=C(NC([C@H]2N(S(C3=CC=C(Cl)C=C3)(=O)=O)CCC2)=O)C=C1)(F)F,0.0027668869646731765
COC([C@H](C(C)C)NC(COC1=C(Cl)C=C(Cl)C=C1)=O)=O,0.008480431465432047
ClC1=CC=C(S(N2[C@H](C(N3CCN(C4=CC=CC=C4)CC3)=O)CCC2)(=O)=O)C=C1,0.005277305445633829
ClC1=CC=C(S(N2[C@H](C(NC3=C4C(C=CC=C4)=CC=C3)=O)CCC2)(=O)=O)C=C1,0.004147070972248912
ClC1=CC=C(S(N2[C@H](C(NC3=CC=CC=C3)=O)CCC2)(=O)=O)C=C1,0.004099156253505498
COC1=CC=C(NC([C@H]2N(S(C3=CC=C(Cl)C=C3)(=O)=O)CCC2)=O)C=C1,0.004370083811227232
CN(C1=CC=CC=C1)C([C@H]1N(S(C2=CC=C(Cl)C=C2)(=O)=O)CCC1)=O,0.005507653008680791
CCC(C#N)(NC(C1=CC(OC)=C(OC)C(OC)=C1)=O)C,0.0069312423195015075
CC(C1=CC=C(C(N2CCN(S(N)(=O)=O)CC2)=O)C=C1)(C)C,0.009293805668130517
CC1=CC(OCC(N[C@H](C(O)=O)CC2C3=C(C=CC=C3)NC=2)=O)=CC=C1,0.003812494361773133
COC([C@H](NC(C1=C(Br)C=CC=C1)=O)CC1C2=C(C=CC=C2)NC=1)=O,0.004777566785924137
COC([C@H](NC(C(C)C)=O)CC1C2=C(C=CC=C2)NC=1)=O,0.004153606167528778
CCOC(C1=C(NC([C@@H](N2C(=O)C3=C(C=CC=C3)C2=O)CC2=CC=CC=C2)=O)C=CC=C1)=O,0.004088447627145797
COC([C@H](NC(COC1=CC(C)=CC=C1)=O)CC1C2=C(C=CC=C2)NC=1)=O,0.004656778543721885
COC([C@H](C(C)C)NC(COC1=CC2=C(C(=CC(O2)=O)C)C=C1)=O)=O,0.008665053639560938
CC1N(C)N(C2=CC=CC=C2)C(=O)C=1NC([C@H]1N(S(C2=CC=C(Cl)C=C2)(=O)=O)CCC1)=O,0.0038763411226682364
CCN(C([C@H](C(C)C)NS(C1=CC=C(C)C=C1)(=O)=O)=O)CC,0.007048254366964102
ClC1=CC=C(S(N2[C@H](C(NC3SC=CN=3)=O)CCC2)(=O)=O)C=C1,0.003455491957720369
CC([C@@H](C(N1CCOCC1)=O)N1C(=O)C2=C(C=CC=C2)C1=O)C,0.004624810663517565
O=C([C@@H](N1C(=O)C2=C(C=CC=C2)C1=O)CC1=CC=CC=C1)NCC1=CC=CC=C1,0.004436820384580642
CC1=CC=C(NC([C@H]2N(S(C3=CC=C(Cl)C=C3)(=O)=O)CCC2)=O)C=C1,0.0042618219275027515
COC1=CC=C(S(N2[C@H](C(NC3SC(C4=CN=CC=C4)=NN=3)=O)CCC2)(=O)=O)C=C1,0.003998527943622321
O=C(C1=CC=CC=C1)N[C@H](C1NC2=C(C=CC=C2)N=1)CC1=CC=CC=C1,0.003725479077547789
CC1=CC(NC([C@H]2N(S(C3=CC=C(Cl)C=C3)(=O)=O)CCC2)=O)=CC=C1,0.004143935441970825
CC1=CC=C(C2N=C(NC([C@H]3N(S(C4=CC=C(C)C=C4)(=O)=O)CCC3)=O)SC=2)C=C1,0.004645482101477682
COC1=C(NC([C@H]2N(S(C3=CC=C(Cl)C=C3)(=O)=O)CCC2)=O)C=CC=C1,0.004670414538122713
COC([C@@H](NC(C1C(C2=CC=C(F)C=C2)=NN(C2=CC=CC=C2)C=1)=O)C)=O,0.005261900974437595
COC([C@H](C(C)C)NC(C1C(C2=CC=C(Cl)C=C2)=NN(C2=CC=CC=C2)C=1)=O)=O,0.006998698599636555
CSCC[C@@H](C1NC2=C(C=CC=C2)N=1)NC(C1=CC=C(Cl)C=C1)=O,0.0029420145438052714
CCN(S(C1=CC(C(N[C@H](C2NC3=C(C=CC=C3)N=2)C)=O)=CC=C1)(=O)=O)CC,0.002448062418261543
CSCC[C@@H](C1NC2=C(C=CC=C2)N=1)NC(C1=C(Cl)C=CC=C1)=O,0.0029706942674238234
CC([C@@H](C(N1CCN(CC2=CC=CC=C2)CC1)=O)N1C(=O)C2=C(C=CC=C2)C1=O)C,0.004958078009076416
FC1=C(F)C=C(C(N[C@H](C2NC3=C(C=CC=C3)N=2)CC2=CC=CC=C2)=O)C(Cl)=C1,0.003519241331377998
C[C@@H](C1NC2=C(C=CC=C2)N=1)NC(C1=CC(C(F)(F)F)=CC=C1)=O,0.001974116556812078
CCN(S(C1=C(Cl)C=CC(C(N[C@H](C2NC3=C(C=CC=C3)N=2)C)=O)=C1)(=O)=O)CC,0.0023387714056298135
C[C@@H](C1NC2=C(C=CC=C2)N=1)NC(C1=CC(S(N2CCOCC2)(=O)=O)=C(Cl)C=C1)=O,0.0019172682543285191
C[C@@H](C1NC2=C(C=CC=C2)N=1)NC(C1(C2=CC=C(F)C=C2)CCCC1)=O,0.0038470413303002713
ClC1=CC=C(C(COC([C@@H](NC(C2=CC=C(Cl)C=C2)=O)CC2C3=C(C=CC=C3)NC=2)=O)=O)C=C1,0.005569815239869058
COC1=CC=C(NC(COC([C@@H](NC(C2=CC=C(Cl)C=C2)=O)CC(N)=O)=O)=O)C=C1,0.006498730601742863
COC1=CC=C(NC(COC([C@H]2N(C(C3SC=CC=3)=O)CCC2)=O)=O)C=C1,0.006038469285704196
COC(C1=CC(NC([C@H]2N(S(C3=CC=C(Cl)C=C3)(=O)=O)CCC2)=O)=C(Cl)C=C1)=O,0.004919088177848608
O=C([C@H]1N(C(C2SC=CC=2)=O)CCC1)OCC1=CC=CC=C1,0.006821393920108676
CC([C@@H](C(OCC(NC1C(=O)N(C2=CC=CC=C2)N(C)C=1C)=O)=O)NC(OCC1=CC=CC=C1)=O)C,0.006272003357298672
COC1=CC=C(NC(COC([C@@H](NS(C2=C3C(N=S=N3)=CC=C2)(=O)=O)C)=O)=O)C=C1,0.005443777237087488
CC1=C(NC(COC([C@H]2N(C(C3SC=CC=3)=O)CCC2)=O)=O)C=CC=C1,0.006022219592705369
ClC1=CC(NC(COC([C@H]2N(C(C3SC=CC=3)=O)CCC2)=O)=O)=CC=C1,0.005006161727942526
CC([C@@H](C(OCC1=CC=CC=C1)=O)NC(C1=CC=C(F)C=C1)=O)C,0.007299469993449747
COC1=CC=C(C(N[C@H](C2NC3=C(C=CC=C3)N=2)CCSC)=O)C=C1,0.003750881995074451
CC([C@@H](C(OCC(C1=CC2=C(OCC(N2)=O)C=C1)=O)=O)NC(OCC1=CC=CC=C1)=O)C,0.009361859876662493
BrC1=CC=C(NC(COC([C@H]2N(C(C3SC=CC=3)=O)CCC2)=O)=O)C=C1,0.006575769605115056
O=C(NC1=C2C(C(C3=C(C2=O)C=CC=C3)=O)=CC=C1)COC([C@H]1N(C(C2SC=CC=2)=O)CCC1)=O,0.008055839780718088
CSCC[C@@H](C1NC2=C(C=CC=C2)N=1)NC(C1=CC=C(F)C=C1)=O,0.0025903359288349747
O=N(C1=CC(NC(COC([C@H]2N(C(C3SC=CC=3)=O)CCC2)=O)=O)=CC=C1)=O,0.004031509777996689
CC(C1=CC=C(NC(COC([C@H]2N(C(C3SC=CC=3)=O)CCC2)=O)=O)C=C1)C,0.0068860894301906225
CC([C@@H](C(OCC(NC1=CC(C(C)=O)=CC=C1)=O)=O)NC(OCC1=CC=CC=C1)=O)C,0.00979590294882655
CC([C@@H](C(OCC(NCC1CCCCC1)=O)=O)NC(OCC1=CC=CC=C1)=O)C,0.008799033681862056
CC([C@@H](C(OCC(NC1=C(F)C=CC=C1F)=O)=O)NC(OCC1=CC=CC=C1)=O)C,0.006778931873850524
FC(C1=CC(NC(COC([C@@H](NC(C2OC=CC=2)=O)CC2=CC=CC=C2)=O)=O)=CC=C1)(F)F,0.006416675355285406
O=C(NCC1=CC=CC=C1)COC([C@@H](NC(C1OC=CC=1)=O)CC1=CC=CC=C1)=O,0.00861345510929823
O=C(NCCC1=CC=CC=C1)COC([C@H]1N(C(C2SC=CC=2)=O)CCC1)=O,0.006506777135655284
CC([C@@H](C(OCC(N1C2=C(C=CC=C2)CCC1)=O)=O)NC(C1=C(Cl)C=CC=C1)=O)C,0.008837881940416991
CC1CCN(C(COC([C@@H](NC(C2SC=CC=2)=O)CC2C3=C(C=CC=C3)NC=2)=O)=O)CC1,0.003954863536637277
COC1=CC=C(CNC(COC([C@@H](NC(C2SC=CC=2)=O)CC2=CC=CC=C2)=O)=O)C=C1,0.006652375124394894
O=C(NC1CCCCC1)COC([C@@H](NC(C1SC=CC=1)=O)CC1=CC=CC=C1)=O,0.007694891095161438
COC1=CC(NC(COC([C@@H](NC(C2OC=CC=2)=O)CC2=CC=CC=C2)=O)=O)=C(OC)C=C1,0.007477323850616812
NC(CC[C@@H](C(OCC(NCC1=CC2=C(OCO2)C=C1)=O)=O)NC(C1=CC=C(F)C=C1)=O)=O,0.00690319431014359
ClC1=C(COC([C@@H](NC(C2OC=CC=2)=O)CC2=CC=CC=C2)=O)C=CC=C1,0.00752659875433892
O=C(NC1=CC=CC=C1)COC([C@@H](NC(C1OC=CC=1)=O)CC1=CC=CC=C1)=O,0.007742478116415441
CC([C@@H](C(OCC(C1=CC=C(Br)C=C1)=O)=O)NC(C1=CC=C(F)C=C1)=O)C,0.01304197683930397
CC1CCN(C(COC([C@@H](NC(C2OC=CC=2)=O)CC2=CC=CC=C2)=O)=O)CC1,0.008079257630743086
CN(S(C1=CC(NC(COC([C@@H](NC(C2OC=CC=2)=O)CC2=CC=CC=C2)=O)=O)=CC=C1)(=O)=O)C,0.005202959710732103
O=C(NC1SC2=C(C=CC=C2)N=1)COC([C@H]1N(C(C2SC=CC=2)=O)CCC1)=O,0.005564779206179082
CC([C@@H](C(OCC(C1C(=O)N(C)C(=O)N(C)C=1N)=O)=O)NC(C1=CC=CC=C1)=O)C,0.007873125420883299
FC1=CC=C(C(N[C@H](C(OCC(N2C3=C(C=CC=C3)CC2)=O)=O)CC2C3=C(C=CC=C3)NC=2)=O)C=C1,0.004005953553132713
O=N(C1=CC=C(NC(COC([C@H]2N(C(C3SC=CC=3)=O)CCC2)=O)=O)C=C1)=O,0.004081344092264771
CC([C@@H](C(OCC(NCC1=CC=C(F)C=C1)=O)=O)NC(C1=CC=CC=C1)=O)C,0.008000684599392117
C[C@@H](C(OCC(N)=O)=O)NS(C1=C2C(N=S=N2)=CC=C1)(=O)=O,0.0037282662582583726
CC1C(C)C(NC(COC([C@@H](NC(C2OC=CC=2)=O)CC2=CC=CC=C2)=O)=O)CCC1,0.010377329308539629
NC(C1=CC=C(NC(COC([C@@H](NC(C2SC=CC=2)=O)CC2C3=C(C=CC=C3)NC=2)=O)=O)C=C1)=O,0.003348113934043795
CC([C@@H](C(OCC(C1=CC2=C(OCC(N2)=O)C=C1)=O)=O)NC(C1=CC=CC=C1)=O)C,0.011249135434627532
COC1=C(NC(COC([C@@H](NC(C2SC=CC=2)=O)CC2C3=C(C=CC=C3)NC=2)=O)=O)C=CC=C1,0.003729143552482128
FC1=CC(NC(COC([C@@H](NC(C2OC=CC=2)=O)CC2=CC=CC=C2)=O)=O)=C(F)C=C1,0.006739424518309533
O=N(C1=CC(NC(COC([C@@H](NC(C2OC=CC=2)=O)CC2=CC=CC=C2)=O)=O)=CC=C1)=O,0.004895984288305044
CC([C@@H](C(OCC(N1C2=C(C=CC=C2)CC1)=O)=O)NC(OCC1=CC=CC=C1)=O)C,0.007967810262925923
CC([C@@H](C(OCC(C1=CC(C(F)(F)F)=CC=C1)=O)=O)NC(C1=CC=CC=C1)=O)C,0.010038148192688823
FC1=CC=C(C(N[C@H](C(OCC(NC2=C(C#N)C=CC=C2)=O)=O)CC2C3=C(C=CC=C3)NC=2)=O)C=C1,0.0028311396890785545
ClC1=CC=C(C(N[C@H](C(OC2C(=O)OCC2)=O)CC2C3=C(C=CC=C3)NC=2)=O)C=C1,0.003396470611914992
CCN(C([C@@H](NC(C1=CC=C(C(C)(C)C)C=C1)=O)C)=O)CC,0.011403106804937124
CC([C@@H](C(OCC1=CC=C(Br)C=C1)=O)NC(C1=C(Cl)C=CC=C1)=O)C,0.009728545090183616
O=C(N1C2=C(C=CC=C2)CC1)COC([C@@H](NC(C1OC=CC=1)=O)CC1=CC=CC=C1)=O,0.008816445944830775
O=C(N1C2=C(C=CC=C2)SC2=C1C=CC=C2)COC([C@H]1N(C(C2SC=CC=2)=O)CCC1)=O,0.007712819846346974
CC([C@@H](C(OCC(N1CCCCC1)=O)=O)NC(C1=C(Cl)C=CC=C1)=O)C,0.008382915076799691
CC1=CC=C(S(N2[C@H](C(N3CCOCC3)=O)CCC2)(=O)=O)C=C1,0.006206105649471283
CC([C@@H](C(OCC(N(CC1=CC=CC=C1)C)=O)=O)NC(OCC1=CC=CC=C1)=O)C,0.008994864206761122
CC1CCN(C(COC([C@@H](NC(C2SC=CC=2)=O)CC2=CC=CC=C2)=O)=O)CC1,0.0065289853606373075
CC([C@@H](C(OCC(N1C2=C(C=CC=C2)CC1C)=O)=O)NC(C1=CC=C(F)C=C1)=O)C,0.009080167952924966
CC([C@@H](C(OCC(N1CCCCCC1)=O)=O)NC(C1=CC=CC=C1)=O)C,0.010293038561940193
CC([C@@H](C(OCC(NCCC1=CC=C(F)C=C1)=O)=O)NC(C1=CC=CC=C1)=O)C,0.007939779618754982
ClC1=C(NC(COC([C@@H](NC(C2SC=CC=2)=O)CC2=CC=CC=C2)=O)=O)C(Cl)=CC=C1,0.0057516413740813736
CSCC[C@@H](C1NC2=C(C=CC=C2)N=1)NC(C1CCCCC1)=O,0.004875672562047839
CC([C@@H](C(OCC(NCCC1CCCCC=1)=O)=O)NC(C1=CC=CC=C1)=O)C,0.012448897631838918
CSCC[C@@H](C1NC2=C(C=CC=C2)N=1)NC(C1=C(C)C=CC=C1)=O,0.0035822793608531354
C[C@@H](C(OCC(NC1=C(C)C=CC=C1C)=O)=O)NS(C1=C2C(N=S=N2)=CC=C1)(=O)=O,0.005538145080208778
CN(C([C@@H](N1C(=O)C2=C(C=CC=C2)C1=O)CC1=CC=CC=C1)=O)C1CCCCC1,0.006641380069777369
CN(C(COC([C@@H](NC(C1=C(Cl)C=CC=C1)=O)CC1C2=C(C=CC=C2)NC=1)=O)=O)C1CCCCC1,0.005314474296756089
CC([C@@H](C(OCC(N1CCN(C(C2OC=CC=2)=O)CC1)=O)=O)NC(C1=CC=CC=C1)=O)C,0.008671038621105253
CC1=C(NC(COC([C@@H](NC(C2OC=CC=2)=O)CC2=CC=CC=C2)=O)=O)C(C)=CC=C1,0.008468691795133054
ClC1=CC=C(S(N2[C@H](C(N3CCOCC3)=O)CCC2)(=O)=O)C=C1,0.005721183493733406
CC([C@@H](C(OCC(N1CCCCC1)=O)=O)NC(C1=CC=CC=C1)=O)C,0.008453742531128228
CC([C@@H](C(OCC(NC1=CC=C(C)C=C1)=O)=O)NC1=C(Cl)C=C(C(F)(F)F)C=C1)C,0.006295599695295096
FC(C1=CC(NC(COC([C@H]2N(C(C3SC=CC=3)=O)CCC2)=O)=O)=C(Cl)C=C1)(F)F,0.00471074836095795
O=C(C1SC=CC=1)N[C@H](C(OCC1=CC=CC=C1)=O)CC1=CC=CC=C1,0.0068114259978756305
CC([C@@H](C(OCC(N1CC2=C(C=CC=C2)CC1)=O)=O)NC(C1=CC=CC=C1)=O)C,0.00995397143997252
CC([C@@H](C(OCC1=CC=CC=C1)=O)NC(OCC1=CC=CC=C1)=O)C,0.007806369732134044
O=C(NCC1=CC=CC=C1)COC([C@@H](NC(C1SC=CC=1)=O)CC1=CC=CC=C1)=O,0.006831730296835303
COC([C@H]1N(S(C2=CC=C(Cl)C=C2)(=O)=O)CCC1)=O,0.005149675707798451
COC1=CC=C(C(COC([C@H](C(C)C)NC(C2=CC=C(F)C=C2)=O)=O)=O)C=C1,0.011590296728536486
COC1=CC=C(NC([C@H]2N(S(C3=CC=C(C)C=C3)(=O)=O)CCC2)=O)C=C1,0.004795859986916185
COC([C@@H](NC(C(C1=CC=CC=C1)C1=CC=CC=C1)=O)C)=O,0.0070000023813918235
O=C(NC1CC1)COC([C@@H](NC(C1SC=CC=1)=O)CC1=CC=CC=C1)=O,0.006545930029824376
O=C([C@@H](NC(C(C1=CC=CC=C1)C1=CC=CC=C1)=O)CC1=CC=CC=C1)NCC1=CC=CC=C1,0.010770259890705347
CC([C@@H](C(NCC1=CC=CC=C1)=O)NC(OCC1=CC=CC=C1)=O)C,0.006107300356961787
COC1=CC(NC(COC([C@@H](NC(C2=CC=C(F)C=C2)=O)CC2C3=C(C=CC=C3)NC=2)=O)=O)=CC=C1,0.003546880232170224
CSCC[C@@H](C1NC2=C(C=CC=C2)N=1)NC(C1=CC=C(Br)C=C1)=O,0.00398096046410501
CSCC[C@@H](C1NC2=C(C=CC=C2)N=1)NC(C1C=C(N(=O)=O)C=C(N(=O)=O)C=1)=O,0.0019469545863103122
O=N(C1=CC=C(NC(COC([C@H]2N(C=CC(C(F)(F)F)=O)CCC2)=O)=O)C=C1)=O,0.004279161244630814
CC[C@@H]([C@@H](C(OCC1=C(Cl)C=CC=C1)=O)NC(C1=CC=C(Cl)C=C1)=O)C,0.0077784392982721325
CC[C@@H]([C@@H](C(OCC(NC1=CC(C)=CC=C1)=O)=O)NC(C1=CC=C(Cl)C=C1)=O)C,0.007310769124887884
FC(C1=C(NC(COC([C@@H](NC(C2SC=CC=2)=O)CC2=CC=CC=C2)=O)=O)C=CC=C1)(F)F,0.005474031437188387
FC(C(C=CN1[C@H](C(OCC(NC2=CC=C(Br)C=C2)=O)=O)CCC1)=O)(F)F,0.0073610911378636954
CSCC[C@@H](C1NC2=C(C=CC=C2)N=1)NC(C1=CC(Br)=CC=C1)=O,0.003934789530467242
CCOC1=C(NC(COC([C@H](C(C)C)NC2=C(Cl)C=C(C(F)(F)F)C=C2)=O)=O)C=CC=C1,0.0062253546086139975
CSCC[C@@H](C1NC2=C(C=CC=C2)N=1)NC(C1OC(Br)=CC=1)=O,0.004262160486541688
COC1=C(CNC([C@@H](NC2=C(N(=O)=O)C=C(C(F)(F)F)C=C2)C)=O)C=CC=C1,0.003708051098510623
CC([C@@H](C(NC1SC2=C(C=CC(=C2)C)N=1)=O)NC(C1=CC=CC=C1)=O)C,0.007373516680672765
CC([C@@H](C(NC1=CC=C(C)C=C1)=O)NC(C1=CC=CC=C1)=O)C,0.008379921456798911
CC([C@@H](C(NC1SC=C(C)N=1)=O)NC(C1=CC=CC=C1)=O)C,0.0062982469331473116
CC([C@@H](C(NC1=CC=C(S(NC2SC=CN=2)(=O)=O)C=C1)=O)NC(C1=C(Cl)C=CC=C1)=O)C,0.004449647630099207
CC([C@@H](C(NC1CCCCCC1)=O)NC(C1=C(Cl)C=CC=C1)=O)C,0.01183144198730588
CC([C@@H](C(OCC(C1=CC=C(F)C=C1)=O)=O)NC(C1=C(Cl)C=CC=C1)=O)C,0.010933044925332069
CC([C@@H](C(OCC1=CC=C(Br)C=C1)=O)NC(C1=CC=CC=C1)=O)C,0.010379578312858939
CC[C@@H]([C@@H](C(OCC(NC1=CC=C(C(C)=O)C=C1)=O)=O)NC(C1=CC=C(Cl)C=C1)=O)C,0.009312550676986575
FC1=CC=C(OC([C@@H](N2C(=O)C3=C(C=CC=C3)C2=O)CC2=CC=CC=C2)=O)C=C1,0.004000312159769237
CC([C@@H](C(OC1=CC=C(F)C=C1)=O)NC(C1=CC=C(F)C=C1)=O)C,0.006928521813824773
COC1=C(NC(COC([C@H](C(C)C)NC(C2=CC=C(Cl)C=C2)=O)=O)=O)C=C(Cl)C=C1,0.007657426036894321
CC([C@@H](C(OCC(N1CC2=C(C=CC=C2)CC1)=O)=O)NC(C1=C(Cl)C=CC=C1)=O)C,0.00920007429085672
C[C@@H](C(OCC(NC1=C(C)C=CC(C)=C1)=O)=O)NC1=C(N(=O)=O)C=C(C(F)(F)F)C=C1,0.004288191650994122
ClC1=CC=C(C(N[C@H](C(OCC(N2CC3=C(C=CC=C3)CC2)=O)=O)CC2C3=C(C=CC=C3)NC=2)=O)C=C1,0.004254659381695091
FC1=CC(NC(COC([C@@H](NC(C2SC=CC=2)=O)CC2C3=C(C=CC=C3)NC=2)=O)=O)=C(F)C=C1,0.0031388303032144904
FC1=CC(NC(COC([C@@H](NC(C2SC=CC=2)=O)CC2=CC=CC=C2)=O)=O)=C(F)C=C1,0.005104454723186791
CC([C@@H](C(OCC(N1C2=C(C=CC=C2)CC1)=O)=O)NC(C1=CC=CC=C1)=O)C,0.009211773914285005
O=C(C1OC=CC=1)N[C@H](C(OCC1=CC=CC=C1)=O)CC1=CC=CC=C1,0.008795936219394207
CC([C@@H](C(OCC(NCC1=CC=CC=C1)=O)=O)NC(C1=C(Cl)C=CC=C1)=O)C,0.008296401472762227
O=C([C@@H](N1C(=O)C2=C(C=CC=C2)C1=O)CC1=CC=CC=C1)NC1=CC(C#N)=CC=C1,0.003013037290656939
COC1=C(Cl)C=C(NC(COC([C@H](C(C)C)NC(C2=CC=C(Cl)C=C2)=O)=O)=O)C=C1,0.00763812146615237
CSCC[C@@H](C1NC2=C(C=CC=C2)N=1)NC(C=CC1=CC=CC=C1)=O,0.0035546459723263977
CC([C@@H](C(OCC1N=C(C2=CC=CC=C2)SC=1)=O)NC(C1=CC=CC=C1)=O)C,0.007176008936949074
COC1=C(CNC([C@H]2N(S(C3=CC=C(C)C=C3)(=O)=O)CCC2)=O)C=CC=C1,0.005328722693957388
CC([C@@H](C(OCC(NC1=CC(F)=CC=C1)=O)=O)NC(C1OC=CC=1)=O)C,0.007601494761183858
CC([C@@H](C(OCC(NCC1=CC2=C(OCO2)C=C1)=O)=O)NC(C1=CC=CC=C1)=O)C,0.008428575494326651
C[C@@H](C(NC1=CC(Cl)=C(Cl)C=C1)=O)NC(N)=O,0.0030838822131045163
COC1=C(NS(C2=C(C)C=CC(NC([C@@H](NC(N)=O)C)=O)=C2)(=O)=O)C=CC=C1,0.003860145539510995
CC[C@@H]([C@@H](C(NC1=CC=C(OCC2=CC=CC=C2)C=C1)=O)NC(N)=O)C,0.004467466461937875
C[C@@H](C(OC(C(NC1=CC(N(=O)=O)=CC=C1)=O)C)=O)NC(C)=O,0.004297702189069242
C[C@@H](C(OC(C(NC1=CC(N(=O)=O)=CC=C1)=O)C)=O)NC(N)=O,0.0033120721229352055
CC([C@@H](C(OCC(N1C2=C(C=CC=C2)CCC1)=O)=O)NC(C1=CC=CC=C1)=O)C,0.009600618528202176
CSCC[C@@H](C1NC2=C(C=CC=C2)N=1)NC(C1=CC=C(S(N2CCCCC2)(=O)=O)C=C1)=O,0.0022975110972765834
CC([C@@H](C(OCC1=C(Cl)C=CC=C1Cl)=O)NC(C1OC=CC=1)=O)C,0.00885199885815382
COC1=CC(C(N[C@H](C(OCC(C2=CC=C(F)C=C2)=O)=O)C(C)C)=O)=CC(OC)=C1,0.011572461482137442
C[C@@H](C(NCC1=C(Cl)C=CC=C1)=O)NC1=C(N(=O)=O)C=C(C(F)(F)F)C=C1,0.0030431090330239386
ClC1=CC(Cl)=C(NC(COC([C@@H](NC(C2OC=CC=2)=O)CC2=CC=CC=C2)=O)=O)N=C1,0.006267343345098197
CC([C@@H](C(OCC(C1=CC=C(OC(F)F)C=C1)=O)=O)NC(OCC1=CC=CC=C1)=O)C,0.00870506907813251
CC1=CC=C(S(N2[C@H](C(NC3CCCCC3)=O)CCC2)(=O)=O)C=C1,0.007650334388017654
CC1=CC=C(S(N2[C@H](C(NC3SCCN=3)=O)CCC2)(=O)=O)C=C1,0.003123126097489148
CCC1SC(NC([C@H](C(C)C)NC(C2=CC(N(=O)=O)=C(Cl)C=C2)=O)=O)=NN=1,0.004775691451504827
C[C@@H](C(NC1=CC2=C(OCO2)C=C1)=O)NC(C1OC=CC=1)=O,0.006419514142908156
ClC1=CC=C(S(N2[C@H](C(NCC3=C(Cl)C=CC=C3)=O)CCC2)(=O)=O)C=C1,0.0048448907444253566
COC1=C(CNC([C@H]2N(S(C3=CC=C(Cl)C=C3)(=O)=O)CCC2)=O)C=CC=C1,0.004623611352872104
CC1=CC=C(S(N2[C@H](C(NCC3=C(Cl)C=CC=C3)=O)CCC2)(=O)=O)C=C1,0.004883822333067655
C[C@@H](C(NC1=CC=C(OCC2=CC=CC=C2)C=C1)=O)NC(N)=O,0.0035115577862598
CC[C@@H]([C@@H](C(OCC(C1=CC=C(CC)C=C1)=O)=O)NC(N)=O)C,0.00878926522564143
CC([C@@H](C(OCC(NCC1=CC2=C(OCO2)C=C1)=O)=O)NC(OCC1=CC=CC=C1)=O)C,0.0073072382947430015
COC1=CC(C(N[C@H](C(OCC(NC2=CC(F)=CC=C2)=O)=O)C(C)C)=O)=CC(OC)=C1,0.008029153081588447
CC([C@@H](C(OCC(N1C(C)CCCC1C)=O)=O)NC(OCC1=CC=CC=C1)=O)C,0.007959150709211826
CC([C@@H](C(NCC1=C(Cl)C=C(Cl)C=C1)=O)NC(C1=CC(N(=O)=O)=C(Cl)C=C1)=O)C,0.005956016574054956
C[C@@H](C(NC1=CC2=C(OCO2)C=C1)=O)NC(N)=O,0.0037498254678212106
CC([C@@H](C(OCC(C1=CC=CC=C1)=O)=O)NC(C1=C(Cl)C=CC=C1)=O)C,0.012875896459445358
CC([C@@H](C(OCC(C1OC2=C(C=CC=C2)C=1)=O)=O)NC(OCC1=CC=CC=C1)=O)C,0.010325021669268608
C[C@@H](C(NC1=C(F)C=CC=C1)=O)NC(C1=C(Cl)C=CC=C1)=O,0.005167354515288025
C[C@@H](C(OCC(NC1=C(Cl)C=C(N(=O)=O)C=C1)=O)=O)NS(C1=C2C(N=S=N2)=CC=C1)(=O)=O,0.003226465778425336
CC([C@@H](C(OCC1=CC=C(C#N)C=C1)=O)NC(OCC1=CC=CC=C1)=O)C,0.006296703417319804
NC(CC[C@@H](C(OCC(C1=CC=CC=C1)=O)=O)NC(OCC1=CC=CC=C1)=O)=O,0.009318064339458943
CC([C@@H](C(OCC(NC1=C(N(=O)=O)C=C(C)C(C)=C1)=O)=O)NC(OCC1=CC=CC=C1)=O)C,0.006487179547548294
O=C(C1=CC=CC=C1)COC([C@@H](NC(OCC1=CC=CC=C1)=O)CC1=CC=CC=C1)=O,0.01034506936557591
O=C([C@@H](N1C(=O)C2=C(C=CC=C2)C1=O)CC1=CC=CC=C1)NC1SC(C2CC2)=NN=1,0.003647828404791653
CC[C@@H]([C@@H](C(NC1=CC2=C(OCO2)C=C1)=O)NC(N)=O)C,0.003857179149053991
C[C@@H](C(OCC(NC1=C(F)C=CC=C1)=O)=O)NS(C1=C2C(N=S=N2)=CC=C1)(=O)=O,0.004921037144958973
CC([C@@H](C(OCC(N1CCCCC1)=O)=O)NC(OCC1=CC=CC=C1)=O)C,0.006744900695048272
NC(CC[C@@H](C(OCC1=CC=C(Cl)C=C1)=O)NC(OCC1=CC=CC=C1)=O)=O,0.0054619019385427235
ClC1=CC=C(COC([C@@H](NC(OCC2=CC=CC=C2)=O)CC2=CC=CC=C2)=O)C=C1,0.006464383285492659
NC(N[C@H](C(OCC(NC1=CC=C(N(=O)=O)C=C1)=O)=O)CC1C2=C(C=CC=C2)NC=1)=O,0.002048582298448309
CC([C@@H](C(N(CC(NC1=C(C)C=CC(C)=C1)=O)C)=O)NC(N)=O)C,0.0051614594762213525
CSCC[C@@H](C1NC2=C(C=CC=C2)N=1)NC(C1=CC(N(=O)=O)=CC=C1)=O,0.0017484302166849374
CC([C@@H](C(OCC(C1=C(F)C=CC=C1)=O)=O)NC(C1=CC=C(F)C=C1)=O)C,0.01072894255630672
C[C@@H](C(NC1=CC=C(OCC2=CC=CC=C2)C=C1)=O)NC(C1OC=CC=1)=O,0.0069795753573998805
C[C@@H](C(NC1=CC=C(OCC2=CC=CC=C2)C=C1)=O)NC(C1=C(Cl)C=CC=C1)=O,0.006768185365945101
CC([C@@H](C(OC1=CC=C(Cl)C=C1)=O)NC(C1=CC=C(C)C=C1)=O)C,0.007779841497540474
C[C@@H](C1NC2=C(C=CC=C2)N=1)NC(C1=CC=C(C)C=C1)=O,0.0032515841128770264
CC1CCN(C(COC([C@@H](NC(C2=C(Cl)C=CC=C2)=O)CC2C3=C(C=CC=C3)NC=2)=O)=O)CC1,0.00416681170463562
CC([C@@H](C(OC(C(NC1=CC(N(=O)=O)=CC=C1)=O)C)=O)NC(C1=CC=C(F)C=C1)=O)C,0.00572402523830533
O=C(C1OC=CC=1)N[C@H](C1NC2=C(C=CC=C2)N=1)CC1=CC=CC=C1,0.0038977430085651577
FC1=C(S(N2[C@H](C(OCC(C3=CC=CC=C3)=O)=O)CCC2)(=O)=O)C=CC=C1,0.008210697257891298
COC1=CC=C(C(COC([C@@H](NC(C2=C(Cl)C=CC=C2)=O)CC2C3=C(C=CC=C3)NC=2)=O)=O)C=C1,0.005343358661048114
CC([C@@H](C(OCC1=CC=C(N(=O)=O)C=C1)=O)NC(OCC1=CC=CC=C1)=O)C,0.004943653650116175
CC([C@@H](C(OCC(N1C2=C(C=CC=C2)CC1)=O)=O)NC(C1=CC=C(F)C=C1)=O)C,0.008311759913340211
CC([C@@H](C(OCC(NC1CCCCC1)=O)=O)NC(OCC1=CC=CC=C1)=O)C,0.008719076914712787
CC([C@@H](C(OCN1C(=O)C2=C(C=CC=C2)N=N1)=O)NC(C1=CC=C(F)C=C1)=O)C,0.005752179399132728
FC1=C(S(N2[C@H](C(OCC(NC3=C(Cl)C=CC(Cl)=C3)=O)=O)CCC2)(=O)=O)C=CC=C1,0.0044824384385719895
ClC1=CC(Cl)=C(NC(COC([C@@H](N2C(=O)C3=C(C=CC=C3)C2=O)CC2=CC=CC=C2)=O)=O)N=C1,0.003759352385532111
COC1=C(Cl)C=C(NC(COC([C@H]2N(C(OC(C)(C)C)=O)CCC2)=O)=O)C=C1,0.007228099927306175
COC([C@@H](NC(C1=CC=C(C(C)(C)C)C=C1)=O)C)=O,0.008803045190870763
COC1=CC=C(CNC(COC([C@@H](NC(C2SC=CC=2)=O)CC2C3=C(C=CC=C3)NC=2)=O)=O)C=C1,0.004054519673809409
C[C@@H](C1NC2=C(C=CC=C2)N=1)NC(C)=O,0.0027743812825065106
C[C@@H](C1NC2=C(C=CC=C2)N=1)NC(C1=C(Cl)C=C(Cl)C=C1)=O,0.0027046945644542573
NC(C[C@@H](C(O)=O)NC(C1=CC=CC=C1)=O)=O,0.005235508980695159
CC([C@@H](C(NC1SC2=C(C=CC(=C2)Cl)N=1)=O)NC(C1=CC=CC=C1)=O)C,0.006114406685810536
CC([C@@H](C(OCC(NCC1=CC=C(F)C=C1)=O)=O)NC(C1=C(Cl)C=CC=C1)=O)C,0.007558940607123077
CSCC[C@@H](C1NC2=C(C=CC=C2)N=1)NC(CC1=CC=C(F)C=C1)=O,0.002693551656557247
COC1=C(CNC(COC([C@@H](NC(C2SC=CC=2)=O)CC2C3=C(C=CC=C3)NC=2)=O)=O)C=CC=C1,0.003971200075466186
CCC1=CC=C(C(COC([C@H]2N(C(OC(C)(C)C)=O)CCC2)=O)=O)C=C1,0.014418453816324473
CC(OC(N1[C@H](C(OCC2=C(Cl)C=C(Cl)C=C2)=O)CCC1)=O)(C)C,0.008818346867337823
CC([C@@H](C(OCC(NC(C1=CC=CC=C1)C1=CC=CC=C1)=O)=O)NC(C1=CC=CC=C1)=O)C,0.009802233660593629
COC([C@H](C(C)C)NC(C1=C(Cl)C=C(Cl)C=C1)=O)=O,0.008150617289356888
CC([C@@H](C(OCC(C1=CC=CC=C1)=O)=O)NC(OCC1=CC=CC=C1)=O)C,0.011477458756417036
CC([C@@H](C(OCC(NC1SC2=C(C=CC=C2)N=1)=O)=O)NC(OCC1=CC=CC=C1)=O)C,0.00651149176992476
CC([C@@H](C(OCC(NCC1OCCC1)=O)=O)NC(C1=CC=CC=C1)=O)C,0.009514902904629707
CC([C@@H](C(OCC(NCC1=CC2=C(OCO2)C=C1)=O)=O)NC(C1=C(Cl)C=CC=C1)=O)C,0.008228063071146607
C[C@@H](C(OCC1=CC=CC=C1)=O)NS(C1=C2C(N=S=N2)=CC=C1)(=O)=O,0.005287877481896431
COC(C1=C(NC(COC([C@@H](N2C(=O)C3=C(C=CC=C3)C2=O)CC2=CC=CC=C2)=O)=O)C=CC=C1)=O,0.0050979085266590115
FC1=C(NC([C@@H](N2C(=O)C3=C(C=CC=C3)C2=O)CC2=CC=CC=C2)=O)C=CC=C1,0.0034737300709821286
O=C([C@@H](N1C(=O)C2=C(C=CC=C2)C1=O)CC1=CC=CC=C1)OC1=CC2=C(OCO2)C=C1,0.004794839583337307
FC1=C(NC(COC([C@@H](NC(C2=C(Cl)C=CC=C2)=O)CC2C3=C(C=CC=C3)NC=2)=O)=O)C=CC=C1,0.003625317185651511
O=C([C@@H](N1C(=O)C2=C(C=CC=C2)C1=O)CC1=CC=CC=C1)OC1=CC=C(C2=CC=C(C#N)C=C2)C=C1,0.0038659502868540587
FC(OC1=C(NC(COC([C@@H](NC(C2OC=CC=2)=O)CC2=CC=CC=C2)=O)=O)C=CC=C1)F,0.006282951962202787
C[C@@H](C(OCC(NC1C(C)CCCC1)=O)=O)NC1=C(N(=O)=O)C=C(C(F)(F)F)C=C1,0.005785379325971007
O=C(NC1=C(C#N)C=CC=C1)COC([C@@H](NC(C1SC=CC=1)=O)CC1C2=C(C=CC=C2)NC=1)=O,0.0027946554066147654
CC([C@@H](C(OC(C1=CC=CC=C1)C(C1=CC=CC=C1)=O)=O)NC(C1=C(Cl)C=CC=C1)=O)C,0.012299816776067018
CC([C@@H](C(OCC(N1CC(C)OC(C)C1)=O)=O)NC(C1=C(Cl)C=CC=C1)=O)C,0.009645126829855143
C[C@@H](C(OCC(NC1=C(F)C=CC=C1)=O)=O)NC1=C(N(=O)=O)C=C(C(F)(F)F)C=C1,0.004178942460566759
COC([C@@H](NC(COC1=CC=CC=C1)=O)C)=O,0.007331821671687067
CC1ON=C(NC(COC([C@@H](NC(C2OC=CC=2)=O)CC2=CC=CC=C2)=O)=O)C=1,0.007300962717272342
C[C@@H](C(OCC(NC1CCCCC1)=O)=O)NC1=C(N(=O)=O)C=C(C(F)(F)F)C=C1,0.005157908261753619
COC1=CC(C(N[C@H](C(OCC(NC2=C(F)C(F)=C(F)C=C2)=O)=O)C(C)C)=O)=CC(OC)=C1,0.007893114467151463
C[C@@H](C(OCC(NC1=CC(C(C)=O)=CC=C1)=O)=O)NC1=C(N(=O)=O)C=C(C(F)(F)F)C=C1,0.0057082733837887645
CC(NC(COC([C@@H](NC1=C(N(=O)=O)C=C(C(F)(F)F)C=C1)C)=O)=O)C,0.004117290000431239
COC1=CC(C(N[C@H](C(OCC(N)=O)=O)C(C)C)=O)=CC(OC)=C1,0.008543608663603663
C[C@@H](C(NC1=CC(C(F)(F)F)=CC=C1)=O)NC(N)=O,0.0023114241077564655
O=C([C@H]1N(C(C2SC=CC=2)=O)CCC1)OCC1SC2=C(C=CC=C2)N=1,0.006702208449132741
O=C([C@@H](N1C(=O)C2=C(C=CC=C2)C1=O)CC1=CC=CC=C1)NC1=CC=C(N2CCOCC2)C=C1,0.0033598248613998295
CCOC1=C(OC([C@@H](N2C(=O)C3=C(C=CC=C3)C2=O)CC2=CC=CC=C2)=O)C=CC=C1,0.005794943473301828
O=C([C@@H](NC(C1SC=CC=1)=O)CC1=CC=CC=C1)NC1SC(C2CC2)=NN=1,0.00611484672408551
OC1CN(S(C2=CC=C(Cl)C=C2)(=O)=O)[C@H](C(OCC(N2C3=C(C=CC=C3)CC2)=O)=O)C1,0.002523622696753591
COC1=CC(C(N[C@H](C(OCC(NC(NC(C)(C)C)=O)=O)=O)C(C)C)=O)=CC(OC)=C1,0.00405922990757972
C[C@@H](C(OCC(NC1=CC(Cl)=CC(Cl)=C1)=O)=O)NC(N)=O,0.004015427094418556
COC1=CC(C(N[C@H](C(OCC(NC2=C(C)C=C(C)C=C2)=O)=O)C(C)C)=O)=CC(OC)=C1,0.009043565369211137
COC1=CC(C(N[C@H](C(OCC(N2C3=C(C=CC=C3)CC2)=O)=O)C(C)C)=O)=CC(OC)=C1,0.009123002365231513
CC([C@@H](C(NNC(COC1=C(Cl)C=CC=C1)=O)=O)NC1=C(Cl)C=C(C(F)(F)F)C=C1)C,0.0036432943015825003
CC([C@@H](C(NC1=CC=C(NC(C)=O)C=C1)=O)NC(C1=CC(C)=CC=C1)=O)C,0.008024972211569548
C[C@@H](C(OCC(NC1=CC=C(OC(F)F)C=C1)=O)=O)NC(N)=O,0.0036145354039035737
O=N(C1=CC(NC(COC([C@@H](NC(C2SC=CC=2)=O)CC2C3=C(C=CC=C3)NC=2)=O)=O)=CC=C1)=O,0.0023333619406912475
CC([C@@H](C(OCC(C1=C(Br)C=CC=C1)=O)=O)NC(OCC1=CC=CC=C1)=O)C,0.011665276158601046
O=C(NCC1=CC=CC=C1)COC([C@@H](NC(C1SC=CC=1)=O)CC1C2=C(C=CC=C2)NC=1)=O,0.0041622471646405755
O=C(NC1=C(C#N)C=CC=C1)COC([C@H]1N(C(C2SC=CC=2)=O)CCC1)=O,0.004589328891597688
O=C(C1=CC(S(N2CCCC2)(=O)=O)=CC=C1)N[C@H](C1NC2=C(C=CC=C2)N=1)CC1=CC=CC=C1,0.0024756701663136483
CC[C@@H]([C@@H](C(NC1=CC=C(NC(C)=O)C=C1)=O)NC(OCC1=CC=CC=C1)=O)C,0.005142568424344063
CC([C@@H](C(OCC(NC1=C(C#N)C=C(N(=O)=O)C=C1)=O)=O)NC(C1=CC=CC=C1)=O)C,0.004429286113008857
CC([C@@H](C(OCC(N1C2=C(C=CC=C2)CC1C)=O)=O)NC(C1=C(Cl)C=CC=C1)=O)C,0.009357011946849524
COC1=CC(C(N[C@H](C(OCC(NC2=CC(OC)=C(OC)C=C2)=O)=O)C(C)C)=O)=CC(OC)=C1,0.009363346942700445
CCOC1=C(C(N[C@H](C(NC2=CC=C(N3CCCCC3)C=C2)=O)C(C)C)=O)C=CC=C1,0.008868372370488941
COC1=C(OC)C(OC)=CC(CCC(N[C@H](C2NC3=C(C=CC=C3)N=2)CC2=CC=CC=C2)=O)=C1,0.004634866444393993
CC1=C(F)C=C(NC(COC([C@@H](NC(C2OC=CC=2)=O)CC2=CC=CC=C2)=O)=O)C=C1,0.006986873364076019
O=C(NC1=CC2=C(C=CC=C2)C=C1)COC([C@H]1N(C(C2SC=CC=2)=O)CCC1)=O,0.005655924882739782
C[C@@H](C(OCC(C1SC(Br)=CC=1)=O)=O)NC1=C(N(=O)=O)C=C(C(F)(F)F)C=C1,0.005349131184630096
NC(C[C@@H](C(OCC(NC1=C(C#N)C=CC(Cl)=C1)=O)=O)NC(C1=CC=C(Cl)C=C1)=O)=O,0.0048722711973823605
C[C@@H](C(OCC(NC1=CC(C#N)=CC=C1)=O)=O)NC(N)=O,0.003227846638765186
COC1=CC(C(N[C@H](C(OCC(NC2=CC(F)=C(F)C=C2)=O)=O)C(C)C)=O)=CC(OC)=C1,0.008036973234266043
C[C@@H](C(NC1=CC=CC=C1)=O)NC(N)=O,0.003577889915322885
COC1=CC(C(N[C@H](C2NC3=C(C=CC=C3)N=2)CC2=CC=CC=C2)=O)=CC(OC)=C1,0.0037615561159327626
C[C@@H](C(NC1=CC(N(=O)=O)=C(F)C=C1)=O)NC(N)=O,0.0021244557050522418
COC1=C(COC([C@@H](NC(C2OC=CC=2)=O)CC2=CC=CC=C2)=O)C=C(C(C)=O)C=C1,0.010837375978007912
CCN(S(C1=CC(C(N[C@H](C(NC2SC=C(C)N=2)=O)C(C)C)=O)=CC=C1)(=O)=O)CC,0.005415388895198703
CCN(S(C1=CC(C(N[C@H](C(NC2C3=C(C=CC=C3)CCC2)=O)C(C)C)=O)=CC=C1)(=O)=O)CC,0.007614256720989943
CC([C@@H](C(OC1=CC2=C(C(=CC(O2)=O)C)C=C1)=O)N1C(=O)C2=C(C=CC=C2)C1=O)C,0.005657156766392291
CCOC1=CC=C(OCC2=CC=C(C(NNC([C@H]([C@H](CC)C)NC(N)=O)=O)=O)C=C2)C=C1,0.0031112129508983344
CC[C@@H]([C@@H](C(NC1=CC(C#N)=CC=C1)=O)NC(N)=O)C,0.002848478895612061
C[C@@H](C(OCC(NC1=C(Cl)C=CC(C(F)(F)F)=C1)=O)=O)NC(N)=O,0.003099024744005874
O=C(NC1SC2=C(C=CC=C2)N=1)COC([C@@H](NC(C1SC=CC=1)=O)CC1=CC=CC=C1)=O,0.0054004576057195665
O=C([C@@H](N1C(=O)C2=C(C=CC=C2)C1=O)CC1=CC=CC=C1)NC1=CC=C(C2N3C(CCCCC3)=NN=2)C=C1,0.003123147413134575
CC([C@@H](C(OCC(N)=O)=O)NC(C1OC=CC=1)=O)C,0.007305698259733618
C[C@@H](C(OCC(C1=CC2=C(OCC(N2)=O)C=C1)=O)=O)NC1=C(N(=O)=O)C=C(C(F)(F)F)C=C1,0.005884439591318369
CC([C@@H](C(NC1=CC(Cl)=C(C)C=C1)=O)NC(C1=C(F)C=CC=C1F)=O)C,0.005981718900147826
CC([C@@H](C(OCC(C1=C(F)C=CC=C1)=O)=O)NC(C1=CC=CC=C1)=O)C,0.011458489252254367
CC([C@@H](C1NC2=C(C=CC=C2)N=1)NC(C1=CC=CC=C1)=O)C,0.0039195259683765474
CC([C@@H](C(OCC1=C(C)ON=C1C)=O)NC(C1=CC=CC=C1)=O)C,0.00890507292933762
CN1C(=O)N(C)C(=O)C(C(COC([C@@H](N2C(=O)C3=C(C=CC=C3)C2=O)CC2=CC=CC=C2)=O)=O)=C1N,0.0047348127467557784
C[C@@H](C(NC1=CC=C(C(C)=O)C=C1)=O)NC(N)=O,0.0063420605380088094
C[C@@H](C(NC1=CC(Cl)=C(C)C=C1)=O)NC(N)=O,0.00299166725599207
CC(OC(N1[C@H](C(NC2=CC=C(Br)C=C2)=O)CCC1)=O)(C)C,0.007204292202368378
CC[C@@H]([C@@H](C(OCC(NC1=CC=C(C(N)=O)C=C1)=O)=O)NC(C1=CC=C(Cl)C=C1)=O)C,0.005733440036419779
CC([C@@H](C(OCC(C1=CC=C(C2CCCCC2)C=C1)=O)=O)NC(C1=C(Cl)C=CC=C1)=O)C,0.013043907005339861
CC([C@@H](C(OCC(NC1=C(Cl)C=CC(Cl)=C1)=O)=O)NC(C1OC=CC=1)=O)C,0.007918955362401902
CN(S(C1=CC(C(N[C@H](C2NC3=C(C=CC=C3)N=2)CC2=CC=CC=C2)=O)=CC=C1)(=O)=O)C,0.002473462180932984
CC([C@@H](C(OCC(C1OC2=C(C=CC=C2)C=1)=O)=O)NC(C1=CC=CC=C1)=O)C,0.012142409663647413
C[C@@H](C(NC1C2=C(C=CC=C2)CCC1)=O)NC(N)=O,0.005377172154840082
C[C@@H](C(OCC(NC1=CC=C(OC2=CC=CC=C2)C=C1)=O)=O)NC(N)=O,0.004497115011326968
CC([C@@H](C(NC1SC=C(C)N=1)=O)NC(C1=C(F)C=CC=C1F)=O)C,0.0057527548633515835
CC([C@@H](C(NC1C2=C(C=CC=C2)CCC1)=O)NC(C1=C(F)C=CC=C1F)=O)C,0.008695559785701334
NC(CC[C@@H](C(OCC(NCC1=CC=C(F)C=C1)=O)=O)NC(C1=CC=C(F)C=C1)=O)=O,0.006894732941873372
C[C@@H](C(OCC(N1C(C)CCCC1C)=O)=O)NS(C1=CC=C(C)C=C1)(=O)=O,0.005361641035415232
CCCNC([C@@H](NC(C1=CC=C(C(C)(C)C)C=C1)=O)C)=O,0.009232326503843069
C[C@@H](C(NC(C)(C)C)=O)NC(C1=CC=C(C(C)(C)C)C=C1)=O,0.010201896913349629
CC[C@@H]([C@@H](C(OCC(C1=CC=C(Cl)C=C1)=O)=O)NC(N)=O)C,0.006663047173060477
CC[C@@H]([C@@H](C(OCC(NC1=C(C(C)=O)C=CC=C1)=O)=O)NC(C1=CC=C(Cl)C=C1)=O)C,0.009511882369406522
CC[C@@H]([C@@H](C(OCC(NC1=C(OC)C=CC(OC)=C1)=O)=O)NC(C1=CC=C(Cl)C=C1)=O)C,0.007087913039140403
C[C@@H](C(OCC1N=C(C2=CC=CC=C2)SC=1)=O)NC(C1=CC=CC=C1)=O,0.0057809167774394155
O=C(NC1=C(C#N)C2=C(CCCCC2)S1)COC([C@@H](NC(C1OC=CC=1)=O)CC1=CC=CC=C1)=O,0.006040817615576089
COC1=C(NC(COC([C@H](C(C)C)NC(C2=CC=C(Cl)C=C2)=O)=O)=O)C=CC=C1,0.00791757816914469
C[C@@H](C(OCC(NC1=CC=C(N=NC2=CC=CC=C2)C=C1)=O)=O)NC(N)=O,0.002991790766827762
C[C@@H](C(OCC(NC(C1=CC=CC=C1)C1=CC=CC=C1)=O)=O)NS(C1=CC(Cl)=CC=C1)(=O)=O,0.005030677583999932
COC(C1=C(NC(COC([C@H](C(C)C)NC(C2=CC=CC=C2)=O)=O)=O)C=CC=C1)=O,0.00983132435940206
CC([C@@H](C(NC1=CC2=C(OCO2)C=C1)=O)NC(N)=O)C,0.003937411936931312
C[C@@H](C(NCC1=CC=C(C)C=C1)=O)NC1=C(N(=O)=O)C=C(C(F)(F)F)C=C1,0.0034982462646439673
CC1=CC=C(S(N2[C@H](C(OCC(NC(C3=CC=CC=C3)C3=CC=CC=C3)=O)=O)CCC2)(=O)=O)C=C1,0.0062112643616274
O=N(C1=C(F)C=CC(NC(COC([C@H]2N(C=CC(C(F)(F)F)=O)CCC2)=O)=O)=C1)=O,0.004819914419203997
CC([C@@H](C(OCC(NC1=C(N(=O)=O)C=CC(Cl)=C1)=O)=O)NC(C1OC=CC=1)=O)C,0.006456338753923774
CC(N(C(COC([C@@H](NS(C1=CC(C(F)(F)F)=CC=C1)(=O)=O)C)=O)=O)C(C)C)C,0.004727877979166806
FC(C(C=CN1[C@H](C(OCC(NC2=C(Cl)C=C(Cl)C(Cl)=C2)=O)=O)CCC1)=O)(F)F,0.007269515353254974
FC1=C(S(N2[C@H](C(OCC(NC3=CC(Cl)=CC(Cl)=C3)=O)=O)CCC2)(=O)=O)C=CC=C1,0.004354090825654566
FC(OC1=CC=C(C(COC([C@@H](NC(C2OC=CC=2)=O)CC2=CC=CC=C2)=O)=O)C=C1)F,0.008437723899260164
C[C@@H](C(OCC(N(C)C)=O)=O)NS(C1=C2C(N=S=N2)=CC=C1)(=O)=O,0.0054464129032567145
C[C@@H](C(OCC(NC1=C(C)C=C(C)C=C1)=O)=O)NC(N)=O,0.0046414335956797
FC1=C(S(N2[C@H](C(OCC(NC(C3=CC=CC=C3)C3=CC=CC=C3)=O)=O)CCC2)(=O)=O)C=CC=C1,0.005249009770341218
FC(CNC(COC([C@@H](N1C(=O)C2=C(C=CC=C2)C1=O)CC1=CC=CC=C1)=O)=O)(F)F,0.0035068625351414085
CC1N=C(NC([C@@H](NC(C2SC=CC=2)=O)CC2=CC=CC=C2)=O)SC=1,0.005201629886869341
COC1=C(CNC([C@@H](NC(C2=C(Cl)C=CC=C2)=O)CC2C3=C(C=CC=C3)NC=2)=O)C=CC=C1,0.0044442041893489655
CCOC(C1C(C)=C(C(COC([C@@H](NS(C2=CC=C(C)C=C2)(=O)=O)C)=O)=O)NC=1C)=O,0.0064268214628100395
CC([C@@H](C(OCC(NC1=C2C(C=CC=C2)=CC=C1)=O)=O)NC(C1=CC=CC=C1)=O)C,0.007391955098137259
CC([C@@H](C(NC1=CC=C(S(NC2=NC(C)=NC(C)=C2)(=O)=O)C=C1)=O)NC(C1=CC=CC=C1)=O)C,0.00488808813970536
C[C@@H](C(OCC(N(C1=CC=CC=C1)C)=O)=O)NS(C1=CC=C(C)C=C1)(=O)=O,0.005181729746982455
FC1=CC=C(C(N[C@H](C(OCC(NCC2OC=CC=2)=O)=O)CC2C3=C(C=CC=C3)NC=2)=O)C=C1,0.004198327334597707
CC1=C(C)C=C(N(=O)=O)C(NC(COC([C@H]2N(S(C3=CC=C(Cl)C=C3)(=O)=O)CCC2)=O)=O)=C1,0.004093716503120959
CCOC(C1=CC=C(NC([C@H](C(C)C)NC(N)=O)=O)C=C1)=O,0.004756200988776982
CC([C@@H](C(OCC(NC1=C(Cl)C=C(Cl)C=C1Cl)=O)=O)N1C(=O)C2=C(C=CC=C2)C1=O)C,0.005102327920030803
COC1=CC(OC)=CC(NC(COC([C@@H](NS(C2=C(C(F)(F)F)C=CC=C2)(=O)=O)C)=O)=O)=C1,0.003431910136714578
CC1=CC=C(S(N2[C@H](C(OCC(C3=CC=CC=C3)=O)=O)CC(O)C2)(=O)=O)C=C1,0.004272957751527429
CN(C(COC([C@@H](NC(C1OC=CC=1)=O)CC1=CC=CC=C1)=O)=O)C1CCCCC1,0.01103403647430241
CC1=CC=C(S(N2[C@H](C(NC3=C(N4CCOCC4)C=CC(C(F)(F)F)=C3)=O)CCC2)(=O)=O)C=C1,0.0036142435274086893
CC1=CC(C)=C(NC(COC([C@H]2N(S(C3=C(F)C=CC=C3)(=O)=O)CCC2)=O)=O)C(C)=C1,0.005081909452565014
COC([C@@H](NC(C1=CC(C)=CC=C1)=O)C)=O,0.006913633947260678
CCOC(C1C(C)=C(C(COC([C@@H](NC(N)=O)CC2C3=C(C=CC=C3)NC=2)=O)=O)NC=1C)=O,0.005460719321854412
CC([C@@H](C(OCC(NC1=C(F)C=CC(N(=O)=O)=C1)=O)=O)NC(C1OC=CC=1)=O)C,0.005432971497066319
COC1=CC=C(NC(COC([C@@H](NS(C2=C(C)C(C)=CC(C)=C2C)(=O)=O)C)=O)=O)C=C1,0.00523996464908123
CC([C@@H](C(OCC(C(C)(C)C)=O)=O)NS(C1=CC=C(Br)C=C1)(=O)=O)C,0.011348366644233466
FC(C1=C(NC(COC([C@@H](NC(C2OC=CC=2)=O)CC2=CC=CC=C2)=O)=O)C=CC=C1)(F)F,0.006688259216025472
CC[C@@H]([C@@H](C(NCCC1=C(Cl)C=C(Cl)C=C1)=O)NC(N)=O)C,0.0038938648416660727
CC([C@@H](C(OCC(NC1=C(Cl)C=C(Cl)C=C1)=O)=O)N1C(=O)C2=C(C=CC=C2)C1=O)C,0.004826613492332399
CC[C@@H]([C@@H](C(NC1=CC=C(S(NC2=NC(C)=NC(C)=C2)(=O)=O)C=C1)=O)NC(C1=CC=CC=C1)=O)C,0.004665366339031607
CCOC(C1=C(COC([C@@H](NC(C2OC=CC=2)=O)C)=O)C2=C(C=CC=C2)O1)=O,0.008960014767944812
C[C@@H](C(OCC(NC1=CC=C(N(C)C)C=C1)=O)=O)NS(C1=CC=C(Cl)C=C1)(=O)=O,0.0038003463414497674
CC[C@@H]([C@@H](C(OCC(N)=O)=O)NC(C1=CC=C(Cl)C=C1)=O)C,0.006030419305898249
C[C@@H](C(OCC(NC1=C(C#N)C=CC=C1)=O)=O)NS(C1=CC=C(C)C=C1)(=O)=O,0.0036742039723321796
CC([C@@H](C(OCC(NC(NC(C)(C)C)=O)=O)=O)NC(C1=C(Br)C=CC=C1)=O)C,0.004315583675634116
COC(C1=CC=C(COC([C@H]2N(S(C3=CC=C(N(=O)=O)C=C3)(=O)=O)CC(O)C2)=O)C=C1)=O,0.0018405454757157713
CC([C@@H](C(OCC1=C(C)ON=C1C)=O)NC(C1=C(Cl)C=CC=C1)=O)C,0.008339451625943184
O=C(NC1CCCCCCC1)COC([C@@H](NC(C1OC=CC=1)=O)CC1=CC=CC=C1)=O,0.01045987564139068
CN(C(COC([C@@H](NC(C1=CC=C(F)C=C1)=O)CC1C2=C(C=CC=C2)NC=1)=O)=O)C1CCCCC1,0.005022763693705201
C[C@@H](C(OCC(N1CC2=C(C=CC=C2)CC1)=O)=O)NC1=C(N(=O)=O)C=C(C(F)(F)F)C=C1,0.0046859415830113
CC([C@@H](C(OCC(NC1=CC(C)=CC(C)=C1)=O)=O)NC(C1OC=CC=1)=O)C,0.009342869184911251
FC(C(C=CN1[C@H](C(OCC(NC2=CC(Cl)=CC(Cl)=C2)=O)=O)CCC1)=O)(F)F,0.006285503320395946
CC([C@@H](C(OCC(NC1=CC2=C(OCO2)C=C1)=O)=O)N1C(=O)C2=C(C=CC=C2)C1=O)C,0.004845492169260978
CC([C@@H](C(NC1=CC2=C(CCC2)C=C1)=O)NC(N)=O)C,0.005576448957435786
CC1=C(NC(COC([C@H]2N(S(C3=C(F)C=CC=C3)(=O)=O)CCC2)=O)=O)C(C)=CC=C1,0.004961444879882038
C[C@@H](C(OC1=CC=C(C2=CC=C(C#N)C=C2)C=C1)=O)NC1=C(N(=O)=O)C=C(C(F)(F)F)C=C1,0.0030839138897135856
COC1=CC(OC)=C(NC(COC([C@H]2N(S(C3=C(F)C=CC=C3)(=O)=O)CCC2)=O)=O)C=C1,0.0049842129927128555
CC([C@@H](C(OCC(NC1=C(C)C=CC=C1)=O)=O)NC(C1=CC=CC=C1)=O)C,0.008704511984251439
CC1=CC(C)=C(NC(COC([C@H]2N(S(C3=C(F)C=CC=C3)(=O)=O)CCC2)=O)=O)C=C1,0.004675971576943994
CC1=CC(NC(COC([C@H]2N(S(C3=C(F)C=CC=C3)(=O)=O)CCC2)=O)=O)=C(C)C=C1,0.004641582071781158
COC1=CC(OC)=C(NC(COC([C@H]2N(S(C3=CC=C(Cl)C=C3)(=O)=O)CCC2)=O)=O)C=C1,0.004861974657978862
CC([C@@H](C(OCC(N1C2=C(C=CC=C2)CC1)=O)=O)N1C(=O)C2=C(C=CC=C2)C1=O)C,0.006557971052825451
C[C@@H](C(OC(C1=CC=CC=C1)C(NC1=C(Cl)C=CC(C(F)(F)F)=C1)=O)=O)NC(C1=C(Cl)C=CC=C1)=O,0.005177665932569653
CC([C@@H](C(OCC1NC(=O)C2=C(SC=C2C2=CC=CC=C2)N=1)=O)NC(C1=CC=CC=C1)=O)C,0.004191325779538601
CC([C@@H](C(OCC(NC1=CC(N(=O)=O)=C(C)C=C1)=O)=O)NC(C1=CC=CC=C1)=O)C,0.00723261886741966
FC(CNC(COC([C@H]1N(S(C2=CC=C(Cl)C=C2)(=O)=O)CCC1)=O)=O)(F)F,0.00366148121538572
CC1=CC=C(S(N2[C@H](C(NC3=CC=C(S(N4CCOCC4)(=O)=O)C=C3)=O)CCC2)(=O)=O)C=C1,0.0050440175691619515
CC([C@@H](C(OCC(NC1=CC2=C(OCCO2)C=C1)=O)=O)N1C(=O)C2=C(C=CC=C2)C1=O)C,0.005239742319099605
CC([C@@H](C(OCC(NC1=CC=C(F)C=C1)=O)=O)NC(C1OC=CC=1)=O)C,0.007789335073903203
CC([C@@H](C(NC1=CC=C(I)C=C1)=O)NC(N)=O)C,0.00451805730117485
CCC1=CC=C(C(COC([C@H]2N(C=CC(C(F)(F)F)=O)CCC2)=O)=O)C=C1,0.010523335076868534
CCOC(C1C(C)=C(C(COC([C@@H](NC(C2=C(Cl)C=CC=C2)=O)C)=O)=O)NC=1C)=O,0.008024205849505962
CCOC(C1C(C)=C(C(COC([C@H](C(C)C)NS(C2=CC=C(C)C=C2)(=O)=O)=O)=O)NC=1C)=O,0.007328808726742864
C[C@@H](C(OCC(C1=C(C)N(CC2OC=CC=2)C(C)=C1)=O)=O)NC(C1OC=CC=1)=O,0.012798971263691783
CC([C@@H](C(OCC(NC(C1=CC=CC=C1)C)=O)=O)NC(C1=CC=CC=C1)=O)C,0.00984755135141313
COC1=C(NC([C@@H](NC2=C(N(=O)=O)C=C(C(F)(F)F)C=C2)C)=O)C=C(C)C=C1,0.0037424590555019677
O=C(N1C2=C(C=CC=C2)CCC1)COC([C@@H](NC(C1OC=CC=1)=O)CC1=CC=CC=C1)=O,0.009173094434663654
CC([C@@H](C(OCC(NC1=CC(C(C)=O)=CC=C1)=O)=O)N1C(=O)C2=C(C=CC=C2)C1=O)C,0.007536464231088757
C[C@@H](C(OCC(N1CCCCCC1)=O)=O)NC(C1OC=CC=1)=O,0.008845038199797272
CC([C@@H](C(OCC(NC1=C(F)C(F)=C(F)C=C1)=O)=O)NC(C1OC=CC=1)=O)C,0.008117977599613368
NC(CC[C@@H](C(OCC(NC1=CC=C(N(=O)=O)C=C1)=O)=O)NC(C1=CC=C(F)C=C1)=O)=O,0.004463711625430733
FC1=CC=C(C(N[C@H](C(OCC(N2C3=C(C=CC=C3)CCC2)=O)=O)CC2C3=C(C=CC=C3)NC=2)=O)C=C1,0.004143718909472227
CC1=CC=C(S(N2[C@H](C(NC3=C(C)C=C(F)C=C3)=O)CCC2)(=O)=O)C=C1,0.004486580716911703
CC(N(C(COC([C@H]1N(S(C2=C(N(=O)=O)C=CC=C2)(=O)=O)CC(O)C1)=O)=O)C(C)C)C,0.002892834914382547
CC([C@@H](C(NC1=C(C)C=CC(C)=C1)=O)NC1=C(N(=O)=O)C=C(S(N2CCOCC2)(=O)=O)C=C1)C,0.003961629746481776
C[C@@H](C(OCC1=C(Cl)C=CC=C1)=O)NS(C1=C(C)C(C)=CC(C)=C1C)(=O)=O,0.005531367147341371
CC[C@@H]([C@@H](C(NC1=CC=C(I)C=C1)=O)NC(N)=O)C,0.004549483628943562
COC1=CC=C(C=C2C(=O)N(CCNC([C@H]3N(C(OC(C)(C)C)=O)CCC3)=O)C(=O)S2)C=C1,0.0035936265368945895
ClC1=CC=C(S(N2[C@H](C(OC3=CC4=C(OC5=C4C=CC=C5)C=C3)=O)CCC2)(=O)=O)C=C1,0.004976769792847335
OC1CN(S(C2=C(N(=O)=O)C=CC=C2)(=O)=O)[C@H](C(OCC(C2=CC=CC=C2)=O)=O)C1,0.0034303721971809865
CC1=CC(C)=C(NC(COC([C@H]2N(S(C3=CC=C(Cl)C=C3)(=O)=O)CCC2)=O)=O)C(C)=C1,0.005069915787316859
COC1=CC=C(CNC([C@H](C(C)C)NC(N)=O)=O)C=C1,0.004325037449598312
CSCC[C@@H](C1NC2=C(C=CC=C2)N=1)NC(C(C1=CC=C(Cl)C=C1)C(C)C)=O,0.004450481513049454
NC(N[C@H](C(OCC(N1CCCCC1)=O)=O)CC1C2=C(C=CC=C2)NC=1)=O,0.0029316407162696123
COC1=C(OC)C(OC)=CC(CCC(N[C@H](C2NC3=C(C=CC=C3)N=2)CCSC)=O)=C1,0.004769278666935861
C[C@@H](C(OCC(N1CCOCC1)=O)=O)NS(C1=CC=C(Cl)C=C1)(=O)=O,0.004065641295164823
COC1=CC(C(N[C@H](C(OCC2=C(C)ON=C2C)=O)C(C)C)=O)=CC(OC)=C1,0.009298961143940687
NC(N[C@H](C(OCCN1C(=O)C2=C(C=CC=C2)C1=O)=O)CC1C2=C(C=CC=C2)NC=1)=O,0.0017944977444130927
CCOC(C1C(C)=C(C(COC([C@H](C(C)C)NC(C2=CC(OC)=CC(OC)=C2)=O)=O)=O)NC=1C)=O,0.009148141834884882
CC([C@@H](C(NC1=CC(N(=O)=O)=C(F)C=C1)=O)NC(N)=O)C,0.002502528968034312
NC(CC[C@@H](C(OCC(NC1=C(F)C(F)=C(F)C(F)=C1F)=O)=O)NC(C1=CC=C(F)C=C1)=O)=O,0.007268167426809668
NC(CC[C@@H](C(OCC(NC1=C(Br)C=CC=C1)=O)=O)NC(C1=CC=C(F)C=C1)=O)=O,0.007545591937378049
CC[C@@H]([C@@H](C(OCC(NC1=CC(Br)=CC=C1)=O)=O)NC(C1=CC=C(Cl)C=C1)=O)C,0.007725409511476755
C[C@@H](C(OCC(N1CCCCCC1)=O)=O)NS(C1=CC(Cl)=C(Cl)C=C1)(=O)=O,0.0055104638682678345
C[C@@H](C(OCC(N1C2=C(C=CC=C2)CC1)=O)=O)NS(C1=C(C)C(C)=CC(C)=C1C)(=O)=O,0.005940266442485154
CC([C@@H](C(OCC(NC(NC(C)(C)C)=O)=O)=O)NC(C1OC=CC=1)=O)C,0.00372209083288908
CC([C@@H](C(NC1=CC(Cl)=C(Cl)C=C1)=O)NC(N)=O)C,0.0035914879117626697
COC1=CC=C(S(N2[C@H](C(OCC(N3CCCCCC3)=O)=O)CC(O)C2)(=O)=O)C=C1,0.003395198180805892
CC(C(NC(N)=O)=O)OC([C@H]1N(S(C2=CC=C(C(C)(C)C)C=C2)(=O)=O)CC(O)C1)=O,0.0009069247113075108
COC(C1=C(NC(COC([C@@H](NC(C)=O)CC2C3=C(C=CC=C3)NC=2)=O)=O)SC(C)=C1C)=O,0.00408442314947024
CC([C@@H](C(OCC(N)=O)=O)NS(C1=CC(C(F)(F)F)=CC=C1)(=O)=O)C,0.002915463817771524
CC(N(C(COC([C@H]1N(S(C2=CC=C(C(C)(C)C)C=C2)(=O)=O)CC(O)C1)=O)=O)C(C)C)C,0.004137395625002682
OC1CN(S(C2=CC=C(Cl)C=C2)(=O)=O)[C@H](C(OCC(NC2CCCCCC2)=O)=O)C1,0.0031649179640226067
CC([C@@H](C(N1CCN(C2=CC(C(F)(F)F)=CC=C2)CC1)=O)NC(C1=C(F)C=CC=C1F)=O)C,0.004485108924563974
OC1CN(S(C2=CC3=C(OCCO3)C=C2)(=O)=O)[C@H](C(OCC(NCC2=CC=C(F)C=C2)=O)=O)C1,0.0024478372070007026
C[C@@H](C(NC1=CC(S(N2CCOCC2)(=O)=O)=CC=C1)=O)NC(C)=O,0.0035141210071742536
CC(OC(N1[C@H](C(NC2=C(CC3=CC=CC=C3)C=CC=C2)=O)CCC1)=O)(C)C,0.007345362612977624
OC1CN(S(C2=CC=C(Cl)C=C2)(=O)=O)[C@H](C(OCCN2C(=O)C3=C(C=CC=C3)C2=O)=O)C1,0.0013924404454883188
O=N(C1=CC(NC(COC([C@H]2N(C=CC(C(F)(F)F)=O)CCC2)=O)=O)=C(F)C=C1)=O,0.003853096452075988
ClC1=CC=C(S(N2[C@H](C(OCC(NC3=C(C#N)C=CC=C3)=O)=O)CCC2)(=O)=O)C=C1,0.003553234343416989
CC([C@@H](C(OCC(N(C1=CC=CC=C1)C)=O)=O)NS(C1=CC=CC=C1)(=O)=O)C,0.006041111331433058
CC1OC(C)CN(C(COC([C@H]2N(S(C3=CC4=C(OCCO4)C=C3)(=O)=O)CC(O)C2)=O)=O)C1,0.002998721122276038
FC1=CC=C(CNC(COC([C@@H](NC(C2=CC=C(F)C=C2)=O)CC2C3=C(C=CC=C3)NC=2)=O)=O)C=C1,0.003700353566091508
FC(C1=C(S(N2[C@H](C(NC3=CC(C#N)=CC=C3)=O)CCC2)(=O)=O)C=CC=C1)(F)F,0.002614836418069899
CSCC[C@@H](C1NC2=C(C=CC=C2)N=1)NC(C1=CC=C(S(N2CCCCCC2)(=O)=O)C=C1)=O,0.002696955093415454
ClC1=C(C(N[C@H](C(OCC(N2CCCCC2)=O)=O)CC2C3=C(C=CC=C3)NC=2)=O)C=CC=C1,0.003948314033914357
CCOC1=C(NC([C@@H](N2C(=O)C3C(CC=CC3)C2=O)C)=O)C=C(OCC)C(N2CCOCC2)=C1,0.005252548411954194
CC(C(COC([C@H]1N(S(C2=CC=C(F)C=C2)(=O)=O)CC(O)C1)=O)=O)(C)C,0.00392358802491799
OC1CN(S(C2=CC=C(F)C=C2)(=O)=O)[C@H](C(OCCN2C(=O)C3=C(C=CC=C3)C2=O)=O)C1,0.0013002275110920892
O=C([C@@H](N1C(=O)C2=C(C=CC=C2)C1=O)CC1=CC=CC=C1)NC1CCCCCC1,0.005638506496325135
CC([C@@H](C(OCC(N1CCCCCC1)=O)=O)NC(C1=C(Cl)C=CC(N(=O)=O)=C1)=O)C,0.006349714216776192
CC([C@@H](C(OCC(NC1=C(Cl)C=C(Cl)C=N1)=O)=O)NC(OCC1=CC=CC=C1)=O)C,0.005579811963252723
CC([C@@H](C(NC1=CC=C(C#N)C=C1)=O)NC(C1=C(F)C=CC=C1F)=O)C,0.004661161953117698
CC1=CC(NC(C(C2=CC=CC=C2)OC([C@@H](NC(C2OC=CC=2)=O)CC2=CC=CC=C2)=O)=O)=C(C)C=C1,0.0073393780505284665
CC([C@@H](C(OCC(C(C)(C)C)=O)=O)NS(C1=CC2=C(OCCO2)C=C1)(=O)=O)C,0.009441113984212279
CC([C@@H](C(O)=O)NC(C1=C(Cl)C=C(Cl)C=C1)=O)C,0.006639412394724787
CCC1=CC=C(NC(C(OC([C@@H](NC(N)=O)CC2C3=C(C=CC=C3)NC=2)=O)C)=O)C=C1,0.003861485037487
COC1=CC(C(N[C@H](C(OCC(NC2=C(C#N)C(C)=C(C)S2)=O)=O)C(C)C)=O)=CC(OC)=C1,0.005982198263518512
O=C([C@@H](N1C(=O)C2=C(C=CC=C2)C1=O)CC1=CC=CC=C1)OCC#N,0.002955541344999801
CC[C@@H]([C@@H](C(NC1=CC(Cl)=C(F)C=C1)=O)NC(N)=O)C,0.0027894838713109493
CC([C@@H](C(OCC(N(C)C)=O)=O)NS(C1=CC2=C(OCCO2)C=C1)(=O)=O)C,0.0065305162454023956
CCC1=C(NC(COC([C@H](C(C)C)NC(C2=C(Cl)C=C(N(=O)=O)C=C2)=O)=O)=O)C(CC)=CC=C1,0.00597354780184105
C[C@@H](C(OCC1=C(F)C=CC=C1)=O)NS(C1=C(F)C=CC=C1)(=O)=O,0.00342679969035089
BrC1=CN2C(=NC(=CC2=O)COC([C@H]2N(C(C3SC=CC=3)=O)CCC2)=O)C=C1,0.006709073646925389
CC(N(C(COC([C@H]1N(S(C2=CC=C(F)C=C2)(=O)=O)CC(O)C1)=O)=O)C(C)C)C,0.0029304388095624744
C[C@@H](C(NC1=C(C)C=C(I)C=C1)=O)NC(N)=O,0.004034914739895612
CC[C@@H]([C@@H](C(NC1=C(F)C=C(Br)C=C1)=O)NC(N)=O)C,0.0038618887891061606
C[C@@H](C(OCC(NC1=CC=C(C2SC3=C(C=CC(=C3)C)N=2)C=C1)=O)=O)NC(C1=CC=CC=C1)=O,0.005249189306050539
CC(N[C@H](C(OCC1=CC=C(C#N)C=C1)=O)CC1C2=C(C=CC=C2)NC=1)=O,0.003124431590549648
CC1C(C(N[C@H](C2NC3=C(C=CC=C3)N=2)CC2=CC=CC=C2)=O)=C(C)N(CC2=CC=CC=C2)N=1,0.004434792173560709
OC1CN(S(C2=CC3=C(OCCO3)C=C2)(=O)=O)[C@H](C(OCC(C2=CC=CC=C2)=O)=O)C1,0.0041807511588558555
CC([C@@H](C(NC1C2=C(C=CC=C2)CCC1)=O)NC1=C(Cl)C=C(C(F)(F)F)C=C1)C,0.0075666282791644335
CN1C(=O)N(C)C(=O)C(C(COC([C@@H](NC(OCC2=CC=CC=C2)=O)CC2=CC=CC=C2)=O)=O)=C1N,0.006287698610685765
CC(C1=C(NC(COC([C@@H](NC(C2OC=CC=2)=O)CC2=CC=CC=C2)=O)=O)C(C(C)C)=CC=C1)C,0.009618663508445025
ClC1=CC=C(S(N2[C@H](C(NC3=CC(Cl)=CC(Cl)=C3)=O)CCC2)(=O)=O)C=C1,0.004898834356572479
CC([C@@H](C(OCC(NC1=CC=C(NC(C)=O)C=C1)=O)=O)NC(C1=CC=C(F)C=C1)=O)C,0.006919121672399342
C[C@@H](C(O)=O)NC(C1=C(C)C=CC=C1)=O,0.00641952701844275
FC1=CC=C(NC([C@H]2N(S(C3=CC=C(Cl)C=C3)(=O)=O)CCC2)=O)C=C1,0.004076291632372886
COC1=CC(C(N[C@H](C(OCC2SC3=C(C=CC=C3)N=2)=O)C(C)C)=O)=CC(OC)=C1,0.007394460588693618
CCOC1=C(C(N[C@H](C(OCC(NC2=C(F)C=CC=C2F)=O)=O)C(C)C)=O)C=CC=C1,0.007714249449782074
CC([C@@H](C(OCC(NC1=C(N(=O)=O)C=CC=C1)=O)=O)NC(C1OC=CC=1)=O)C,0.007644941098988056
CC([C@@H](C(OCC(NC1=CC=C(C(C)=O)C=C1)=O)=O)NC(C1=C(Cl)C=CC(N(=O)=O)=C1)=O)C,0.006947701890021562
ClC1=CC(Cl)=C(COC([C@@H](N2C(=O)C3=C(C=CC=C3)C2=O)CC2=CC=CC=C2)=O)C=C1,0.00454881270416081
CN(C(COC([C@@H](NC(C1OC=CC=1)=O)CC1=CC=CC=C1)=O)=O)C,0.00842831707559526
COC1=CC=C(C(N[C@H](C(OCC(NC2=C(C#N)C=CC(Cl)=C2)=O)=O)C(C)C)=O)C=C1,0.005762319720815867
CCOC1=C(C(N[C@H](C(OCC(NC2=CC3=C(OCO3)C=C2)=O)=O)C(C)C)=O)C=CC=C1,0.008696801168844104
CC(CCNC([C@H](C(C)C)NC(C1=C(F)C=CC=C1F)=O)=O)C,0.007148230029270053
CC[C@@H]([C@@H](C(OCC(NC1=CC(C#N)=CC=C1)=O)=O)NC(C1=CC=C(Cl)C=C1)=O)C,0.005208015884272754
FC1=CC=C(C(N[C@H](C(OCC(NC2=CC=C(C#N)C=C2)=O)=O)CC2C3=C(C=CC=C3)NC=2)=O)C=C1,0.00276833240641281
CC([C@@H](C(NC1=CC(C)=CC(C)=C1)=O)NC(C1OC=CC=1)=O)C,0.00975980565417558
CSCC[C@@H](C1NC2=C(C=CC=C2)N=1)NC(C1=CC(S(N2CCN(C)CC2)(=O)=O)=CC=C1)=O,0.0020799432299099863
CC([C@@H](C(OCC(C1SC(Br)=CC=1)=O)=O)NC(C1=CC(C)=CC=C1)=O)C,0.011754326103255153
CC([C@@H](C(NC1=CC(C)=C(Br)C=C1)=O)NC(C1=CC=C(C(C)(C)C)C=C1)=O)C,0.012380903912708163
CC(C1=CC(NC([C@@H](NC(C2=C(Cl)C=CC=C2)=O)CC2C3=C(C=CC=C3)NC=2)=O)=CC=C1)=O,0.005627730791456997
CC1=CC=C(S(N2[C@H](C(OCC(C3SC(Cl)=CC=3)=O)=O)CCC2)(=O)=O)C=C1,0.006976784137077629
C[C@@H](C(OCC(NC1=CC=C(C#N)C=C1)=O)=O)N1C(=O)C2C(CCCC2)C1=O,0.0033705905196256937
CC(N[C@H](C(NCC1=CC=CC=C1)=O)CC1C2=C(C=CC=C2)NC=1)=O,0.004439355235081166
CCOC1=C(C(N[C@H](C(OCC2C3=C(C=C(C=C3)C)OC(=O)C=2)=O)C(C)C)=O)C=CC=C1,0.008929404290392995
CC([C@@H](C(OCC(C1SC(Cl)=CC=1)=O)=O)NC(C1=CC=CC=C1)=O)C,0.009469664143398403
CC([C@@H](C(OCC(NC1=C(F)C=CC=C1F)=O)=O)NC(C1=C(C)C=CC=C1)=O)C,0.007631500018760562
CC([C@@H](C(OCC1C2=C(C=C(C=C2)C)OC(=O)C=1)=O)NS(C1=CC2=C(OCCO2)C=C1)(=O)=O)C,0.006166362506337464
CC([C@@H](C(OCC(/C(/C#N)=C1/NC2=C(C=CC=C2)N/1)=O)=O)NS(C1=CC(Cl)=CC=C1)(=O)=O)C,0.00481656858464703
CC([C@@H](C(OCC(NC1=C(F)C=C(F)C=C1)=O)=O)NC(C1=C(F)C=CC=C1F)=O)C,0.007651890814304352
CC([C@@H](C(OCC(NC1=C(C(F)(F)F)C=C(Cl)C=C1)=O)=O)NC(C1=CC=CC=C1)=O)C,0.006149015633855015
C[C@@H](C(OCN1C(=O)C2=C(C=CC=C2)C1=O)=O)N1C(=O)C2C(CC=CC2)C1=O,0.00672854941803962
CCOC1=C(C(N[C@H](C(OCN2C(=O)C3=C(C=CC=C3)N=N2)=O)C(C)C)=O)C=CC=C1,0.007183993305079639
COC([C@H](NC(CSC1=CC=NC=C1)=O)CC1C2=C(C=CC=C2)NC=1)=O,0.0033436616067774594
CC([C@@H](C(OCC1=C(C)ON=C1C)=O)NC(C1=CC(S(N2CCOCC2)(=O)=O)=CC=C1)=O)C,0.006078772083856166
FC1=C(S(N2[C@H](C(OCC(/C(/C#N)=C3/NC4=C(C=CC=C4)N/3)=O)=O)CCC2)(=O)=O)C=CC=C1,0.004976396751590073
CC([C@@H](C(OCC(NC1CCCCC1)=O)=O)NS(C1=CC=CC=C1)(=O)=O)C,0.007163521181792021
CC([C@@H](C(OCC(C1=CC=C(OC(F)F)C=C1)=O)=O)NC(C1=C(F)C=CC=C1F)=O)C,0.009150886023417116
C[C@@H](C(OCC(NC1=C(OC(F)F)C=CC=C1)=O)=O)N1C(=O)C2C(CC=CC2)C1=O,0.004032691358588636
C[C@@H](C(OCC(NC1=CC=C(OC(F)F)C=C1)=O)=O)NC(OCC1=CC=CC=C1)=O,0.004897561715915799
C[C@@H](C(OCC(C1=CC(F)=C(F)C=C1)=O)=O)N1C(=O)C2C(CCCC2)C1=O,0.00692414678633213
CCCNC(COC([C@@H](NC1=C(N(=O)=O)C=C(C(F)(F)F)C=C1)C)=O)=O,0.0036897271987982095
COC1=CC(C(COC([C@@H](NC(OCC2=CC=CC=C2)=O)CC2=CC=CC=C2)=O)=O)=C(OC)C=C1,0.008802056824788452
CC([C@@H](C(OCC(NC1=CC=C(OCC2=CC=CC=C2)C=C1)=O)=O)NC(C1=C(F)C=CC=C1)=O)C,0.006978764827363193
COC1=CC=C(C(N[C@H](C(OCC2C3=C(C=C(C=C3)C)OC(=O)C=2)=O)C(C)C)=O)C=C1,0.008506896835751832
O=C(/C(/C#N)=C1\NC2=C(C=CC=C2)N\1)COC([C@@H](N1C(=O)C2=C(C=CC=C2)C1=O)CC1=CC=CC=C1)=O,0.0034827105584554372
COC1=CC(COC([C@@H](NC(C2OC=CC=2)=O)CC2=CC=CC=C2)=O)=CC=C1,0.008751616207882762
ClC1=CC=C(S(N2[C@H](C(NC3=C(I)C=CC=C3)=O)CCC2)(=O)=O)C=C1,0.005154199327807874
O=C(NC1=CC2=C(OCCO2)C=C1)COC([C@@H](NC(OCC1=CC=CC=C1)=O)CC1=CC=CC=C1)=O,0.0060566010186448695
CC1OC(C)CN(C(COC([C@@H](NC(C2=CC=C(Cl)C=C2)=O)CC2C3=C(C=CC=C3)NC=2)=O)=O)C1,0.00411078262841329
C[C@@H](C(OCC1=CC=C(C#N)C=C1)=O)N1C(=O)C2C(CCCC2)C1=O,0.004316470574121922
CCN(S(C1=CC(C(N[C@H](C(NC2SC(CC)=NN=2)=O)C(C)C)=O)=CC=C1)(=O)=O)CC,0.005265623750165105
CC([C@@H](C(OCC(NC(C1C2CC(CC2)C1)C)=O)=O)NC(C1=C(C)C=CC=C1)=O)C,0.01157810678705573
CC([C@@H](C(OCC1C2=C(C=C(C=C2)C)OC(=O)C=1)=O)NC(C1=CC=C(C)C=C1)=O)C,0.008915129583328962
CC([C@@H](C(OCC(C1=CC=CC=C1)=O)=O)NC(C1=CC(S(N2CCOCC2)(=O)=O)=CC=C1)=O)C,0.007794649060815573
CC([C@@H](C(OCN1C(=O)C2=C(C=CC=C2)C1=O)=O)NC(C1=C(F)C=CC=C1F)=O)C,0.004617351666092872
CC([C@@H](C(OCC(NC1SC2=C(C(=C(C(=C2)F)F)F)N=1)=O)=O)NC(C1=CC=C(F)C=C1)=O)C,0.006950215389952064
CC([C@@H](C(OCC(NC1=C(F)C=C(F)C=C1)=O)=O)NC(C1=CC=C(C)C=C1)=O)C,0.007147572166286409
CC(NC(COC([C@H](C(C)C)NC(C1=CC(S(N2CCOCC2)(=O)=O)=CC=C1)=O)=O)=O)C,0.006400123005732894
FC(OC1=CC=C(NC(COC([C@H]2N(S(C3=C(F)C=CC=C3)(=O)=O)CCC2)=O)=O)C=C1)F,0.0038647367269732057
CC(C1C(C)=C(C(COC([C@H]2N(C=CC(C(F)(F)F)=O)CCC2)=O)=O)NC=1C)=O,0.006754435924813151
CC([C@@H](C(NC1=CC(C)=CC(C)=C1)=O)NC1=C(Cl)C=C(C(F)(F)F)C=C1)C,0.0062840529019013045
CC([C@@H](C(OCC(NC1=CC(C#N)=CC=C1)=O)=O)NC(C1=CC=C(Cl)C=C1)=O)C,0.005342596024274826
CC([C@@H](C(OCC(NC1=C(C#N)C=CC=C1)=O)=O)NC(C1=CC=C(Cl)C=C1)=O)C,0.005610830709338188
CN(S(C1=CC(NC([C@@H](N2C(=O)C3=C(C=CC=C3)C2=O)CC2=CC=CC=C2)=O)=C(C)C=C1)(=O)=O)C,0.0026532531541306526
CSCC[C@@H](C1NC2=C(C=CC=C2)N=1)NC(C1=CC=C(C(C)(C)C)C=C1)=O,0.004432171618100255
FC1=C(Cl)C=C(NC([C@H]2N(S(C3=CC=C(Cl)C=C3)(=O)=O)CCC2)=O)C=C1,0.004351324553135782
CSCC[C@@H](C1NC2=C(C=CC=C2)N=1)NC(C1SC=CC=1)=O,0.0026863208273425697
NC(CC[C@@H](C(N1CCN(C2=CC=C(N(=O)=O)C=C2)CC1)=O)NC(C1=CC=C(F)C=C1)=O)=O,0.003476711909752339
CC([C@@H](C(OCC(NC1=C(C(F)(F)F)C=C(N(=O)=O)C=C1)=O)=O)NC(C1=CC=CC=C1)=O)C,0.004249370680190623
CC1=CC=C(S(N2[C@H](C(OCC(C3SC(Br)=CC=3)=O)=O)CCC2)(=O)=O)C=C1,0.008690631156787277
COC([C@H](NC(CCC(C1=CC=C(Br)C=C1)=O)=O)CC1C2=C(C=CC=C2)NC=1)=O,0.007370423944666982
O=C(NCC1=CC=CC=C1)COC([C@@H](N1C(=O)C2=C(C=CC=C2)C1=O)CC1=CC=CC=C1)=O,0.004875628487206995
CC1=CC2=C(C(=CC(O2)=O)COC([C@@H](NC(C2OC=CC=2)=O)CC2=CC=CC=C2)=O)C=C1,0.008126303739845752
CC1=CC=C(S(N2[C@H](C(OCC3=C4C(COCO4)=CC(N(=O)=O)=C3)=O)CCC2)(=O)=O)C=C1,0.004257772513665259
COC1=CC(C(N[C@H](C(NC2SC=CN=2)=O)C(C)C)=O)=CC(OC)=C1,0.006092732166871428
CC[C@@H]([C@@H](C(OCC(/C(/C#N)=C1/NC2=C(C=CC=C2)N/1)=O)=O)NC(C1=CC=C(Cl)C=C1)=O)C,0.006333516631275416
COC([C@@H](NC(C=CC1=CC=C(OC)C=C1)=O)C)=O,0.006807149341329932
FC(SC1=CC=C(NC([C@@H](N2C(=O)C3=C(C=CC=C3)C2=O)CC2=CC=CC=C2)=O)C=C1)F,0.002983301307540387
CC([C@@H](C(OCC(C=C1C(C)(C)C2=C(C=CC=C2)N1C)=O)=O)NC(CC1=CC=CC=C1)=O)C,0.011634461302310228
ClC1=CC=C(S(N2[C@H](C(NC3CCCCC3)=O)CCC2)(=O)=O)C=C1,0.006935289595276117
COC1=C(OC)C=C(C(COC([C@@H](NC(OCC2=CC=CC=C2)=O)CC2=CC=CC=C2)=O)=O)C=C1,0.009308088663965463
CC([C@@H](C(NC1SC2=C(C=CC(=C2)C)N=1)=O)NC(C1=CC(C)=CC=C1)=O)C,0.007891509192995727
COC([C@H](NC(CN1C(=O)C2C(CC=CC2)C1=O)=O)CC1C2=C(C=CC=C2)NC=1)=O,0.002938071358948946
CC([C@@H](C(OCC(C1C(=O)N(C)C(=O)N(C)C=1N)=O)=O)NC(CC1=C2C(C=CC=C2)=CC=C1)=O)C,0.006548978690989316
CCOC1=C(NC([C@H](C(C)C)NC(C2=CC=CC=C2)=O)=O)C=C(OCC)C(N2CCOCC2)=C1,0.007619422674179077
CCSC1SC(NC([C@H](C(C)C)NC(C2=CC(S(N(CC)CC)(=O)=O)=CC=C2)=O)=O)=NN=1,0.005475588981062174
O=C(NC1=C(C#N)C=CS1)COC([C@@H](N1C(=O)C2=C(C=CC=C2)C1=O)CC1=CC=CC=C1)=O,0.0027634656056761743
CC([C@@H](C(OCC(NC1=CC=C(OC(F)F)C=C1)=O)=O)NC(C1=C(Cl)C=CC=C1)=O)C,0.006222845590673387
CCC(NC([C@H](C(C)C)NC(C1=CC(OC)=CC(OC)=C1)=O)=O)(C)C,0.010561872273683548
CC1N(CC2OCCC2)C(C)=C(C(COC([C@@H](NC(C2OC=CC=2)=O)CC2=CC=CC=C2)=O)=O)C=1,0.010385881643742323
CC([C@@H](C(N1CCN(C2=CC=C(N(=O)=O)C=C2)CC1)=O)NC(N)=O)C,0.0021135868097189813
CC([C@@H](C(OCC(NC1=C(Cl)C=CC(C(F)(F)F)=C1)=O)=O)NC(C1=CC(C)=CC=C1)=O)C,0.006318140553776175
COCCN1C(C)=C(C(COC([C@@H](NC2=C(N(=O)=O)C=C(C(F)(F)F)C=C2)C)=O)=O)C=C1C,0.005836827401071787
CC([C@@H](C(OCC(NCC1OC=CC=1)=O)=O)NS(C1=C(F)C=CC=C1)(=O)=O)C,0.004991092206910253
COC([C@H](NC(C1=CC2=C(OCO2)C=C1)=O)CC1C2=C(C=CC=C2)NC=1)=O,0.0038315495825372637
ClC1=CC=C(C(N[C@H](C(OCC#N)=O)CC2C3=C(C=CC=C3)NC=2)=O)C=C1,0.0023326403639657655
COC1=CC=C(C(COC([C@H](C(C)C)NS(C2=CC=CC=C2)(=O)=O)=O)=O)C=C1,0.00933298417367041
CC([C@@H](C(OCC(NC1=C(C(F)(F)F)C=C(N(=O)=O)C=C1)=O)=O)N1C(=O)C2=C(C=CC=C2)C1=O)C,0.0026456313673406838
NC(CC[C@@H](C(OCC(NC1=C(C#N)C=CC(Cl)=C1)=O)=O)NC(C1=CC=C(F)C=C1)=O)=O,0.0044941558851860465
CC([C@@H](C(OCC(NC1=C(Cl)C=C(C(F)(F)F)C=N1)=O)=O)N1C(=O)C2=C(C=CC=C2)C1=O)C,0.0034472205908969043
CC1=CC=C(S(N2[C@H](C(OCC(NC3=CC4=C(CCC4)C=C3)=O)=O)CCC2)(=O)=O)C=C1,0.006287827529013157
CC([C@@H](C(NCC(C1=CC=CC=C1)N(C)C)=O)N1C(=O)C2=C(C=CC=C2)C1=O)C,0.00608022550586611
CCN(S(C1=CC(C(N[C@H](C(OCC(C(C#N)=C(N)C)=O)=O)C(C)C)=O)=CC=C1)(=O)=O)CC,0.00767901074141264
CCC1SC(NC([C@H](C(C)C)NC2=C(Cl)C=C(C(F)(F)F)C=C2)=O)=NN=1,0.004468820197507739
CC1=C(NC([C@H]2N(S(C3=CC=C(Cl)C=C3)(=O)=O)CCC2)=O)C=CC(F)=C1,0.004311023198533803
CC(N)=C(C(COC([C@@H](N1C(=O)C2=C(C=CC=C2)C1=O)CC1=CC=CC=C1)=O)=O)C#N,0.005859386851079762
CC([C@@H](C(NC1=CC(Br)=CC=C1)=O)NS(C1=CC2=C(OCCO2)C=C1)(=O)=O)C,0.005826342361979186
CC([C@@H](C(NC1=CC2=C(OCO2)C=C1)=O)NC1=C(Cl)C=C(C(F)(F)F)C=C1)C,0.005120395985431969
COC1=CC(NC(COC([C@H](C(C)C)NC(C2=CC=C(F)C=C2)=O)=O)=O)=C(OC)C=C1,0.008004232542589307
CC([C@@H](C(OCC1=C2C(COCO2)=CC(N(=O)=O)=C1)=O)N1C(=O)C2=C(C=CC=C2)C1=O)C,0.0041721407789736984
CC([C@@H](C(OCC(C(C#N)=C(N)C)=O)=O)NC(C1=C(Cl)C=CC=C1)=O)C,0.009303120919503272
CC1=CC=C(S(N2[C@H](C(OCC(NC(NC(C)(C)C)=O)=O)=O)CCC2)(=O)=O)C=C1,0.001995732862269506
O=N(C1=C(NC(COC([C@@H](N2C(=O)C3=C(C=CC=C3)C2=O)CC2=CC=CC=C2)=O)=O)C=CC=C1)=O,0.003912165237125009
CCN(C(COC([C@H]1N(C(C2SC=CC=2)=O)CCC1)=O)=O)CC1=CC=CC=C1,0.00863032303750515
COC1=C(NC(COC([C@H]2N(C(C3SC=CC=3)=O)CCC2)=O)=O)C=CC=C1,0.006278039002791047
CC1=CC=C(S(N2[C@H](C(OCC3C4=C(C=C(C=C4)C)OC(=O)C=3)=O)CCC2)(=O)=O)C=C1,0.006323397951200604
CCN(CCNC(C1=CC=C(NC([C@H](C(C)C)NC(C2=CC(C)=CC=C2)=O)=O)C=C1)=O)CC,0.009828105824999512
C[C@@H](C(OCC(NCCN1C(=O)SCC1=O)=O)=O)NC1=C(N(=O)=O)C=C(C(F)(F)F)C=C1,0.001916434767190367
CC1=CC=C(S(N2[C@H](C(OCC(C3C4=C(C=CC=C4)NC=3)=O)=O)CCC2)(=O)=O)C=C1,0.004995618737302721
CC([C@@H](C(NC1=CC(F)=CC=C1)=O)NS(C1=CC2=C(OCCO2)C=C1)(=O)=O)C,0.005386785906739533
CC([C@@H](C(NC1=CC=C(I)C=C1)=O)NC(C1=C(F)C=CC=C1F)=O)C,0.006953487731516361
COC1=CC=C(C(COC([C@@H](NC2=C(N(=O)=O)C=C(C(F)(F)F)C=C2)C)=O)=O)C=C1,0.0063889093929901716
ClC1=CC=C(S(N2[C@H](C(OCC3C4=C(C=CC5=C4C=CC=C5)OC(=O)C=3)=O)CCC2)(=O)=O)C=C1,0.005074746580794454
C[C@@H](C(N1CCN(CC2=CC3=C(OCO3)C=C2)CC1)=O)NC(C1=CC=CC=C1)=O,0.006835891678929329
COC1=C(NC([C@@H](NC2=C(N(=O)=O)C=C(C(F)(F)F)C=C2)C)=O)C=CC=C1,0.0036925357766449452
CC([C@@H](C(OCC1C2=C(C=CC3=C2C=CC=C3)OC(=O)C=1)=O)NC(C1OC=CC=1)=O)C,0.008964361110702156
FC(C(C=CN1[C@H](C(OCC2SC3=C(C=CC=C3)N=2)=O)CCC1)=O)(F)F,0.005829827301204205
O=N(C1=CC(C(F)(F)F)=C(NC(COC([C@H]2N(C(C3SC=CC=3)=O)CCC2)=O)=O)C=C1)=O,0.003161659918259829
O=N(C1=CC=C(N2CCN(C([C@H]3N(C(C4SC=CC=4)=O)CCC3)=O)CC2)C=C1)=O,0.004128884931560606
CC1CCC(NC([C@@H](NC(C2=CC=C(F)C=C2)=O)CCC(N)=O)=O)CC1,0.00830717149656266
CN(C(COC([C@@H](N1C(=O)C2=C(C=CC=C2)C1=O)CC1=CC=CC=C1)=O)=O)CCC#N,0.003733889525028644
ClC1=CC(C(C2=CC=CC=C2)=O)=C(NC(COC([C@H]2N(C(C3SC=CC=3)=O)CCC2)=O)=O)C=C1,0.00649201525375247
CC([C@@H](C(OC(C(NC1C(=O)N(C2=CC=CC=C2)N(C)C=1C)=O)C)=O)NC(C1=CC=CC=C1)=O)C,0.007741954806260764
CC(NC1=CC=C(NC([C@@H](N2C(=O)C3=C(C=CC=C3)C2=O)CC2=CC=CC=C2)=O)C=C1)=O,0.003524504799861461
ClC1=CC=C(S(N2[C@H](C(OCC(N3C4=C(C=CC=C4)NC(=O)C3)=O)=O)CCC2)(=O)=O)C=C1,0.004916123871225864
O=C(C1OC=CC=1)N[C@H](C(OCN1C(=O)C2=C(C=CC=C2)N=N1)=O)CC1=CC=CC=C1,0.00645028161816299
CC1=C(C(COC([C@H]2N(S(C3=CC=C(Cl)C=C3)(=O)=O)CCC2)=O)=O)C2=C(C=CC=C2)N1,0.004413848358672113
COCCN1C(C)=C(C(COC([C@@H](NS(C2=C3C(N=S=N3)=CC=C2)(=O)=O)C)=O)=O)C=C1C,0.007453095470555127
COC1=C(OC)C=C(CNC(COC([C@H](C(C)C)NC(C2=CC=C(F)C=C2)=O)=O)=O)C=C1,0.00851923304144293
CC[C@@H]([C@@H](C(NC1=CC=C(Br)C=C1)=O)NC(N)=O)C,0.004543454863596708
COC1=C(N(=O)=O)C=C(C(N[C@H](C2NC3=C(C=CC=C3)N=2)CC2=CC=CC=C2)=O)C=C1,0.002608130517182872
O=C(NC(C1=CC=CC=C1)C1=CC=CC=C1)COC([C@@H](NC(C1OC=CC=1)=O)CC1=CC=CC=C1)=O,0.009226804599165916
COC1=CC=C(S(N2[C@H](C(N3CCN(C4=CC=C(N(=O)=O)C=C4)CC3)=O)CC(O)C2)(=O)=O)C=C1,0.0014823335834080354
CC1C(COC([C@H]2N(S(C3=CC=C(C)C=C3)(=O)=O)CCC2)=O)=C(C)ON=1,0.006529759825207293
C[C@@H](C(NNC(COC1=CC(C(F)(F)F)=CC=C1)=O)=O)NC(C1OC=CC=1)=O,0.003134144877549261
CC([C@@H](C(NNC(COC1=CC(C(F)(F)F)=CC=C1)=O)=O)NC(N)=O)C,0.002102205465780571
CC([C@@H](C(NC1=CC=C(OC(F)F)C=C1)=O)NC(C1OC=CC=1)=O)C,0.006160140875726939
O=C(C1OC=CC=1)N[C@H](C(N1CCN(CC2=CC3=C(OCO3)C=C2)CC1)=O)CC1=CC=CC=C1,0.006367616029456258
OC1CN(S(C2=CC3=C(OCCO3)C=C2)(=O)=O)[C@H](C(OCC(C2SC(Cl)=CC=2)=O)=O)C1,0.0030696749920025466
CC(CNC(COC([C@@H](N1C(=O)C2=C(C=CC=C2)C1=O)CC1=CC=CC=C1)=O)=O)C,0.005545420059934259
CC(C1C(C)=C(C(COC([C@H]2N(S(C3=CC=C(Cl)C=C3)(=O)=O)CCC2)=O)=O)NC=1C)=O,0.005829897592775524
OC1CN(S(C2=C(N(=O)=O)C=CC=C2)(=O)=O)[C@H](C(OCC(NC2=CC3=C(C=CC=C3)C=C2)=O)=O)C1,0.001779385795816779
C[C@@H](C(OCC(N1C2CC(CC(C2)(C)C1)(C)C)=O)=O)NC(C1=C(Cl)C=CC=C1)=O,0.00995335723273456
CC([C@@H](C(OCC(C1NC=CC=1)=O)=O)NC(C1=CC(S(N2CCOCC2)(=O)=O)=CC=C1)=O)C,0.005333386012353003
COC1=CC=C(N2C(C)=C(C(COC([C@H]3N(C(C4SC=CC=4)=O)CCC3)=O)=O)C=C2C)C=C1,0.008659094851464034
CC(CNC(NC(COC([C@H]1N(S(C2=CC=C(Cl)C=C2)(=O)=O)CCC1)=O)=O)=O)C,0.0018340393842663616
CCOC(C1=C(NC(COC([C@@H](NC(C2OC=CC=2)=O)C)=O)=O)C=CC=C1)=O,0.009014657558873295
CC([C@@H](C(NCCN1C(=O)C(=CC2SC=CC=2)SC1=O)=O)NC(C1=CC=C(C)C=C1)=O)C,0.0031881285132840274
C[C@@H](C(OCC(C1OC2=C(C=CC=C2)C=1)=O)=O)NC(COC1=CC=CC=C1)=O,0.01018063435330987
CC([C@@H](C(OCC(NC(NCC=C)=O)=O)=O)NS(C1=CC=C(C)C=C1)(=O)=O)C,0.001898516301298514
CC([C@@H](C(OCC(NC(C1CCCCC1)=O)=O)=O)NS(C1=CC=C(C)C=C1)(=O)=O)C,0.0035346818971447647
CSCC[C@@H](C1NC2=C(C=CC=C2)N=1)NC(C1=CC(N(=O)=O)=C(Cl)C=C1)=O,0.0020081566413864493
CC(C(NC1=C(Cl)C=C(Cl)C=N1)=O)OC([C@H]1N(S(C2=CC=C(C)C=C2)(=O)=O)CCC1)=O,0.0044173574540764095
CC([C@@H](C(NC1=CC(Cl)=C(F)C=C1)=O)NC(N)=O)C,0.0030501090339384975
OC1CN(S(C2=C(N(=O)=O)C=CC=C2)(=O)=O)[C@H](C(OCC(N2C3=C(C=CC=C3)CC2)=O)=O)C1,0.0023743508325424047
CC([C@@H](C(OCC(NC(NCC1OC=CC=1)=O)=O)=O)NC(C1=C(Cl)C=CC=C1)=O)C,0.00294840065180324
CC1=C(Cl)C=C2C(OC(C=C2COC([C@H]2N(S(C3=CC=C(Cl)C=C3)(=O)=O)CCC2)=O)=O)=C1,0.005636554933153093
CC1=CC2=C(C(=CC(O2)=O)COC([C@H]2N(C(C3SC=CC=3)=O)CCC2)=O)C=C1,0.007273821881972254
CCOC1=C(C(N[C@H](C(OCC2=C3C(COCO3)=CC(N(=O)=O)=C2)=O)C(C)C)=O)C=CC=C1,0.006436125887557864
C[C@@H](C(OCC(NC1=C(Cl)C=C(Cl)C(C)=N1)=O)=O)N1C(=O)C2C(CCCC2)C1=O,0.004223790706600994
C[C@@H](C(OCC(C1NC=CC=1)=O)=O)NS(C1=C(C)C(C)=CC(C)=C1C)(=O)=O,0.005548973265103996
COC1=CC(C(N[C@H](C(NC2C(=O)N(C3=CC=CC=C3)N(C)C=2C)=O)C(C)C)=O)=CC(OC)=C1,0.006720557133667171
CC([C@@H](C(NCC1=CC(Cl)=CC=C1)=O)NC(N)=O)C,0.0033893681946210565
CC([C@@H](C(OCC1C2=C(C=C(C=C2)NC(C)=O)OC(=O)C=1)=O)NS(C1=CC=C(C)C=C1)(=O)=O)C,0.004643364972434938
NC(C[C@@H](C(OCC(C1=CC=C(Br)C=C1)=O)=O)NC(C1=CC=C(Cl)C=C1)=O)=O,0.01095580356195569
CC([C@@H](C(OCC(NC(NCC1OC=CC=1)=O)=O)=O)NS(C1=CC=C(C)C=C1)(=O)=O)C,0.00221198518993333
CC(N[C@H](C(OCC(C1C2=C(C=CC=C2)N(C)C=1C1=CC=CC=C1)=O)=O)CC1C2=C(C=CC=C2)NC=1)=O,0.006396038108505309
C[C@@H](C(OCN1C(=O)C2=C(C=CC=C2)N=N1)=O)N1C(=O)C2C(CCCC2)C1=O,0.004039597185328603
CC([C@@H](C(OCCN1C(=O)C2=C(C=CC=C2)C1=O)=O)NC(C1=C(F)C=CC=C1)=O)C,0.004606531118042767
CC([C@@H](C(N(CC(NC1=C(C)C=CC(C)=C1)=O)C)=O)NC(C1=CC=C(C(C)(C)C)C=C1)=O)C,0.01112503306940198
COC1=CC(C(N[C@H](C(OCC(NC2=C(C#N)C=CS2)=O)=O)C(C)C)=O)=CC(OC)=C1,0.005704982602037489
CN(S(C1=CC(NC(COC([C@H]2N(C(C3SC=CC=3)=O)CCC2)=O)=O)=C(Cl)C=C1)(=O)=O)C,0.004052323894575239
CN1C2=C(C=CC=C2)C(C(COC([C@H]2N(C(C3SC=CC=3)=O)CCC2)=O)=O)=C1C1=CC=CC=C1,0.008830157667398452
CC([C@@H](C(OC1=CC2=C(OCO2)C=C1)=O)NC1=C(Cl)C=C(C(F)(F)F)C=C1)C,0.0060403628274798395
COC1=CC(C(N[C@H](C(OCC(C2C3=C(C=CC=C3)NC=2)=O)=O)C(C)C)=O)=CC(OC)=C1,0.006764610554091633
C[C@@H](C(N1CCN(C2=CC=C(C(C)=O)C=C2)CC1)=O)NC(C1=C(Cl)C=CC=C1)=O,0.008418220607563854
C[C@@H](C(OCC1OC(C2=CC=CC=C2)=NN=1)=O)N1C(=O)C2C(CCCC2)C1=O,0.004439684259705245
CCOC1=C(C(N[C@H](C(OCC(C2C3=C(C=CC=C3)NC=2)=O)=O)C(C)C)=O)C=CC=C1,0.00718300596345216
C[C@@H](C(NNC(C1=CC=C(C)C=C1)=O)=O)NC1=C(N(=O)=O)C=C(C(F)(F)F)C=C1,0.0019014289806364103
CCNC(NC(COC([C@H](C(C)C)NS(C1=CC(C(F)(F)F)=CC=C1)(=O)=O)=O)=O)=O,0.0014243004843592644
COC1=C(OC)C(OC)=CC(C(N[C@H](C(O)=O)C(C)C)=O)=C1,0.00824814981315285
C[C@@H](C(N1CCN(C2=C(Cl)C=CC=C2)CC1)=O)NC(N)=O,0.002868756779935211
CC([C@@H](C(OCC(NC1=CC=C(Cl)C=C1)=O)=O)NC(C1=CC=CC=C1)=O)C,0.007378865219652653
CCCCNC([C@H](C(C)C)NC(C1=CC=C(OC)C=C1)=O)=O,0.008941455185413361
CCNC([C@H](C(C)C)NC(C1=CC=C(OC)C=C1)=O)=O,0.009300216799601912
COC1=CC(OC)=C(NC(COC([C@H]2N(C(C3SC=CC=3)=O)CCC2)=O)=O)C=C1,0.006346790259703994
CCC1=C(NC(COC([C@H]2N(S(C3=CC=C(C)C=C3)(=O)=O)CCC2)=O)=O)C(CC)=CC=C1,0.006215327372774482
CC([C@@H](C(OCC(C1=CC2=C(CC3=C2C=CC=C3)C=C1)=O)=O)NC(C1OC=CC=1)=O)C,0.013721560500562191
CC(N(C1=CC=CC=C1)C(COC([C@@H](NC(C1OC=CC=1)=O)C)=O)=O)C,0.008664064016193152
CCOC(CCCNC(COC([C@H]1N(S(C2=CC=C(Cl)C=C2)(=O)=O)CCC1)=O)=O)=O,0.005282909655943513
OC1CN(S(C2=C(N(=O)=O)C=CC=C2)(=O)=O)[C@H](C(OCCN2C(=O)C3=C(C=CC=C3)C2=O)=O)C1,0.001345195429166779
CC([C@@H](C(OCC(NC1=CC=C(N(=O)=O)C=C1)=O)=O)NC(C1=CC=CC=C1)=O)C,0.005590531253255903
COC1=CC=C(C(N[C@H](C(NC(C)(C)C)=O)C(C)C)=O)C=C1,0.0102220858912915
CC([C@@H](C(OCC(N1C2CC(CC(C2)(C)C1)(C)C)=O)=O)NC(C1=CC=CC=C1)=O)C,0.011762185767292977
CC([C@@H](C(OCC(NC1C(C)C(C)CCC1)=O)=O)NC(C1=C(Cl)C=CC=C1)=O)C,0.010685611609369516
CC1=CC=C(S(N2[C@H](C(OCC(NC3=CC4=C(OCO4)C=C3)=O)=O)CCC2)(=O)=O)C=C1,0.004900950472801924
O=C(C1OC2=C(C=CC=C2)C=1)COC([C@@H](NC(C1OC=CC=1)=O)CC1=CC=CC=C1)=O,0.011581134935840964
CC1=CC=C(S(N2[C@H](C(OCC(N3C4=C(C=CC=C4)CC3)=O)=O)CCC2)(=O)=O)C=C1,0.0064413659274578094
COC(C1=C(NC(COC([C@H]2N(S(C3=CC=C(C)C=C3)(=O)=O)CCC2)=O)=O)C=CC=C1)=O,0.005875875893980265
COC1=CC=C(C(N[C@H](C(NC(C)C)=O)C(C)C)=O)C=C1,0.009825303498655558
COC1=CC=C(CCNC([C@H](C(C)C)NC(N)=O)=O)C=C1,0.004511392209678888
CC1OC(C)CN(C(COC([C@@H](NC(C2SC=CC=2)=O)CC2=CC=CC=C2)=O)=O)C1,0.0068504736758768555
CC([C@@H](C(NCC1=CC=C(F)C=C1)=O)NC(C1=CC(N(=O)=O)=C(Cl)C=C1)=O)C,0.005097990785725415
CC([C@@H](C(NC1CCCCC1)=O)NC(C1=CC=C(C(C)(C)C)C=C1)=O)C,0.014450231287628412
C[C@@H](C(N1CCN(CC=CC2=CC=CC=C2)CC1)=O)NC(C1=CC=C(C(C)(C)C)C=C1)=O,0.008896280033513903
O=C([C@@H](N1C(=O)C2=C(C=CC=C2)C1=O)CC1=CC=CC=C1)NC1=NC=CC=C1,0.0029283830721396954
COC1=CC=C(CNC(COC([C@H]2N(C(C3SC=CC=3)=O)CCC2)=O)=O)C=C1,0.006527700391598046
CC1=CC=C(NC(COC([C@H]2N(S(C3=CC4=C(OCCO4)C=C3)(=O)=O)CC(O)C2)=O)=O)C=C1,0.0023031636257655917
COC1=CC(C(N[C@H](C(NC2=CC(Cl)=C(C)C=C2)=O)C(C)C)=O)=CC(OC)=C1,0.007722124038264155
CCC1=C(NC(COC([C@H]2N(C=CC(C(F)(F)F)=O)CCC2)=O)=O)C(CC)=CC=C1,0.007883319444954396
CCCCNC([C@H](C(C)C)NC(C1=CC=C(OCC)C=C1)=O)=O,0.009220780245959759
NC(C[C@@H](C(OCC1=CC=CC=C1)=O)NC(C1=CC=C(Cl)C=C1)=O)=O,0.005866207997314632
CC([C@@H](C(OCC(NC1=C(C(F)(F)F)C=C(Cl)C=C1)=O)=O)NC(C1OC=CC=1)=O)C,0.006250293250195682
CC([C@@H](C(OCC(NC1=CC2=C(OCCO2)C=C1)=O)=O)NC(C1=CC=CC=C1)=O)C,0.00855712725315243
CCOC(C1C(C(COC([C@H]2N(S(C3=CC=C(Cl)C=C3)(=O)=O)CCC2)=O)=O)=C(C)NC=1C)=O,0.005967666860669851
FC(C1=CC(CNC([C@H]2N(C(C3SC=CC=3)=O)CCC2)=O)=CC=C1)(F)F,0.004313411295879632
CC([C@@H](C(NC1=CC2=C(OCO2)C=C1)=O)NC(C1=CC(N(=O)=O)=C(Cl)C=C1)=O)C,0.006016570911742747
CSCC[C@@H](C1NC2=C(C=CC=C2)N=1)NC(C1=CC2=C(C(C3=C(S2(=O)=O)C=CC=C3)=O)C=C1)=O,0.0030783344875089822
CC([C@@H](C(OCC1=C(C)ON=C1C)=O)NC(C1=CC=C(C(C)(C)C)C=C1)=O)C,0.0116876102052629
COC(C1=CC=C(CSC2SC(NC([C@H](C(C)C)NC(C3=CC=C(C)C=C3)=O)=O)=NN=2)C=C1)=O,0.006534291477873921
ClC1=CC=C(S(N2[C@H](C(OCC3SC4=C(C=CC=C4)N=3)=O)CCC2)(=O)=O)C=C1,0.004754221974872052
CC([C@@H](C(OCC(NC1=NOC(C)=C1)=O)=O)NC1=C(Cl)C=C(C(F)(F)F)C=C1)C,0.005914185137953609
CCOC(C1C(C)=C(C(COC([C@H]2N(S(C3=CC=C(Cl)C=C3)(=O)=O)CCC2)=O)=O)NC=1C)=O,0.005998173146508634
CC([C@@H](C(OCC1N=C2N(C=C(C=C2)Br)C(=O)C=1)=O)NC(C1=C(Cl)C=CC=C1)=O)C,0.007381126517429948
CC([C@@H](C(OCC1=C(C)ON=C1C)=O)NC(C1=C(Br)C=CC=C1)=O)C,0.010513291927054524
CC(N[C@H](C(O)=O)CC1=CC=CC=C1)=O,0.004628600587602704
C[C@@H](C(N1CCN(S(C2=CC=C(Cl)C=C2)(=O)=O)CC1)=O)NC(C)=O,0.0040920557454228405
COC1=C(OC)C(OC)=CC(C(N[C@H](C(OCC(NC2CCCCCC2)=O)=O)C(C)C)=O)=C1,0.011394852958619594
CCSC1SC(NC([C@H](C(C)C)NC(C2=CC=CC=C2)=O)=O)=NN=1,0.006998859089799225
CC([C@@H](C(OCC(C1SC(Cl)=CC=1)=O)=O)N1C(=O)C2=C(C=CC=C2)C1=O)C,0.006511138542555273
CCOC1=C(C(N[C@H](C(NC2=C(OC)C=CC(Cl)=C2)=O)C(C)C)=O)C=CC=C1,0.007988043245859444
CCNC(NC(C(OC([C@H]1N(S(C2=C(N(=O)=O)C=CC=C2)(=O)=O)CC(O)C1)=O)C)=O)=O,0.0006682296778308227
CCN(S(C1=CC(C(N[C@H](C(OCC(N)=O)=O)C(C)C)=O)=CC=C1)(=O)=O)CC,0.0064361450960859655
C[C@@H](C(OCC(NC1=C(C(F)(F)F)C=C(N(=O)=O)C=C1)=O)=O)N1C(=O)C2C(CCCC2)C1=O,0.002504232327919453
C[C@@H](C(OCC(NC1=C(Cl)C(C)=C(Cl)C=N1)=O)=O)N1C(=O)C2C(CCCC2)C1=O,0.004120765824336558
CC(N(C1=CC=CC=C1)C(COC([C@H]1N(C(C2SC=CC=2)=O)CCC1)=O)=O)C,0.008108322694897651
O=C(N1CCOCC1)COC([C@@H](NC(C1SC=CC=1)=O)CC1=CC=CC=C1)=O,0.005821229936555028
CC([C@@H](C(OCC(NC(NC1CCCCC1)=O)=O)=O)NC(C1=C(F)C=CC=C1)=O)C,0.003965353313833475
CC([C@@H](C(OCC(C1C2=C(C=CC=C2)NC=1C)=O)=O)NC(C1=C(F)C=CC=C1)=O)C,0.006500406935811043
CC([C@@H](C(OCC(N1C2=C(C=CC=C2)CC1)=O)=O)NC(C1OC=CC=1)=O)C,0.009485082561150193
COC1=CC=C(NS(C2=C(N3CCCC3)C=CC(NC([C@@H](NC(N)=O)C)=O)=C2)(=O)=O)C=C1,0.003424498555250466
CC1=CC(N(=O)=O)=C(NC(COC([C@@H](NC(C2SC=CC=2)=O)CC2=CC=CC=C2)=O)=O)C=C1,0.005042771040461957
CC(C(COC([C@@H](NC(C1SC=CC=1)=O)CC1=CC=CC=C1)=O)=O)(C)C,0.01064006593078375
CCOC1=CC=C(CC(N[C@H](C2NC3=C(C=CC=C3)N=2)CC2=CC=CC=C2)=O)C=C1,0.004261551215313375
CC([C@@H](C(OCC(NC1=CC(C(F)(F)F)=C(Cl)C=C1)=O)=O)NC(C1=C(F)C=CC=C1)=O)C,0.0060814570402726534
C[C@@H](C(NC1=CC=C(S(N2CCCC2)(=O)=O)C=C1)=O)NC(C1OC=CC=1)=O,0.005137494835071266
C[C@@H](C(OCC(C1=CC=C(C)C=C1)=O)=O)NS(C1=CC=C(NC(C)=O)C=C1)(=O)=O,0.006398853380233049
CC1=CC=C(S(N2[C@H](C(OCC(NC3=C(Cl)C(Cl)=CC=C3)=O)=O)CCC2)(=O)=O)C=C1,0.0048596597975119945
C[C@@H](C1NC2=C(C=CC=C2)N=1)NC(C1=CC(S(N2CCCC2)(=O)=O)=C(Cl)C=C1)=O,0.0022342521348036825
ClC1=C(Cl)C=C(COC([C@@H](NC(C2OC=CC=2)=O)CC2=CC=CC=C2)=O)C=C1,0.008047228120267392
CC1=CC=C(S(N2[C@H](C(OCC(NC3=CC(N(=O)=O)=CC=C3)=O)=O)CCC2)(=O)=O)C=C1,0.003429990948643535
CC([C@@H](C1NC2=C(C=CC=C2)N=1)NC(C1OC=CC=1)=O)C,0.004034308681730181
C[C@@H](C(OCC(C1=C(C)C=C(C)C=C1C)=O)=O)NC1=C(N(=O)=O)C=C(C(F)(F)F)C=C1,0.0065448625246062875
CC([C@@H](C(NC1CCCCC1)=O)NC(C1=C(F)C=CC=C1F)=O)C,0.008794291643425822
CC(C1=C(NC(COC([C@@H](NC(N)=O)C)=O)=O)C(C(C)C)=CC=C1)C,0.00737735335715115
CCCCNC([C@@H](NC(C1=C(Cl)C=CC=C1)=O)CC1C2=C(C=CC=C2)NC=1)=O,0.004132588871289045
COC([C@@H](NC(C1OC(N(=O)=O)=CC=1)=O)C)=O,0.005680118640884757
CC([C@@H](C(NC1=CC=C(C#N)C=C1)=O)NC1=C(Cl)C=C(C(F)(F)F)C=C1)C,0.0041936401394195855
CC([C@@H](C(NC1CCCCC1)=O)NC(C1=CC=CC=C1)=O)C,0.011761054070666433
CC([C@@H](C(N1CCN(C2=CC=C(F)C=C2)CC1)=O)NC(C1=C(F)C=CC=C1F)=O)C,0.005401640734635294
CC([C@@H](C(NC1=CC(Br)=CC=C1)=O)NC(C1=C(F)C=CC=C1F)=O)C,0.007510249805636704
CC([C@@H](C(NC1CCCCC1)=O)NC(C1=C(F)C=CC=C1)=O)C,0.00892402664758265
CSCC[C@@H](C1NC2=C(C=CC=C2)N=1)NC([C@@H](N1C(=O)C2=C(C=CC=C2)C1=O)CC1=CC=CC=C1)=O,0.0017187098739668727
NC(C[C@@H](C(OCC(C1=CC=CC=C1)=O)=O)NC(C1=CC=C(Cl)C=C1)=O)=O,0.01008374928496778
CC([C@@H](C(OCC1SC2=C(C=CC=C2)N=1)=O)NC(C1=CC=CC=C1)=O)C,0.007089013908989727
CC([C@@H](C(OCC(NC1=C(Cl)C(C)=C(Cl)C=N1)=O)=O)NC(C1OC=CC=1)=O)C,0.007992607005871833
COC1=C(NC([C@H](C(C)C)NC(C2OC=CC=2)=O)=O)C=C(OC)C(NC(C2=CC=CC=C2)=O)=C1,0.008750347257591783
CC([C@@H](C(OCC(NC1CC1)=O)=O)NC(C1=C(C)C=CC=C1)=O)C,0.009938333043828606
CCCCCNC([C@H](C(C)C)NC(C1=CC=C(OC)C=C1)=O)=O,0.009517998155206441
C[C@@H](C(OCC(N1CC(C)OC(C)C1)=O)=O)NC1=C(N(=O)=O)C=C(C(F)(F)F)C=C1,0.004493728501256555
COC1=CC=C(C(N[C@H](C(NC2CCCCC2)=O)C(C)C)=O)C=C1,0.01121332561597228
CC([C@@H](C(OCC1SC2=C(C=CC=C2)N=1)=O)NC(C1=C(F)C=CC=C1)=O)C,0.006287706061266362
COC1=CC=C(C(N[C@H](C(NCC(C)C)=O)C(C)C)=O)C=C1,0.009898709366098046
CCC(NC([C@@H](N1C(=O)C2=C(C=CC=C2)C1=O)CC1=CC=CC=C1)=O)(C)C,0.004887799231801182
C[C@@H](C(OCC(NC1=CC2=C(OCCO2)C=C1)=O)=O)NS(C1=C2C(N=S=N2)=CC=C1)(=O)=O,0.005392660805955529
CC([C@@H](C(NC1CCCCC1)=O)NC(C1=CC=C(C)C=C1)=O)C,0.012715055234730243
CC[C@@H]([C@@H](C(NCCC1=CC=C(OC)C=C1)=O)NC(N)=O)C,0.004502644017338753
O=C(C(C1=CC=CC=C1)C1=CC=CC=C1)N[C@H](C(NC1CCCCC1)=O)CC1=CC=CC=C1,0.011230138456448912
CCCCCNC([C@@H](NC(C1=C(Cl)C=CC=C1)=O)CC1C2=C(C=CC=C2)NC=1)=O,0.004400203167460859
CC([C@@H](C(OCC(NC1=CC=C(C(N)=O)C=C1)=O)=O)NC(C1OC=CC=1)=O)C,0.007508346415124834
CC(NS(C1=CC=C(NC([C@H]2N(S(C3=CC=C(Cl)C=C3)(=O)=O)CCC2)=O)C=C1)(=O)=O)=O,0.003867115220054984
CCN(S(C1=C(C)C=CC(NC([C@H](C(C)C)NC(N)=O)=O)=C1)(=O)=O)CC,0.003952978714369238
C[C@@H](C(OCC(N(CC1=CC=CC=C1)C)=O)=O)NC1=C(N(=O)=O)C=C(C(F)(F)F)C=C1,0.004770361375994981
C[C@@H](C(OCC(NCCCC1=CC=CC=C1)=O)=O)NC(C1OC=CC=1)=O,0.007647642074152828
CC([C@@H](C(OCC(NC1=C(C(N)=O)C=CS1)=O)=O)NC(C1=CC=CC=C1)=O)C,0.006494676508009434
CC1=C(OCC(N[C@H](C2NC3=C(C=CC=C3)N=2)CC2=CC=CC=C2)=O)C=CC(Cl)=C1,0.003630264208186418
O=N(C1=CC=C(COC([C@@H](NC(C2OC=CC=2)=O)CC2=CC=CC=C2)=O)C=C1)=O,0.00523086073808372
CC([C@@H](C(OCC1SC2=C(C=CC=C2)N=1)=O)NC(C1=C(Cl)C=CC=C1)=O)C,0.006416984344832599
CCN(S(C1=CC(C(N[C@H](C(NC2=CC3=C(OCCO3)C=C2)=O)C(C)C)=O)=CC=C1)(=O)=O)CC,0.006221230630762875
CC([C@@H](C(NCCN1C(=O)C(=CC2=C(F)C=CC=C2)SC1=O)=O)NC(C1=CC=C(C)C=C1)=O)C,0.003276255098171532
C[C@@H](C(NCC1=CC(C(F)(F)F)=CC=C1)=O)N1C(=O)C2C(CCCC2)C1=O,0.0034401275566779076
CCN(S(C1=CC(C(N[C@H](C(OCC(NC(NC)=O)=O)=O)C(C)C)=O)=CC=C1)(=O)=O)CC,0.0024927444930654017
O=C(N[C@H](C1NC2=C(C=CC=C2)N=1)CC1=CC=CC=C1)CC1N=C(C2=CC=CC=C2)SC=1,0.0036438798415474594
CCOC1=C(C(N[C@H](C(NC2=CC=C(C(F)(F)F)C=C2)=O)C(C)C)=O)C=CC=C1,0.006593431835062802
ClC1=C(CC(N[C@H](C2NC3=C(C=CC=C3)N=2)CC2=CC=CC=C2)=O)C=CC=C1,0.0034692317887675015
CSCC[C@@H](C1NC2=C(C=CC=C2)N=1)NC(C1=NN(CC2=CC=CC=C2)C(=O)C=C1)=O,0.003365718922577798
O=C(NC1=CC2=C(CCC2)C=C1)COC([C@H]1N(C(C2SC=CC=2)=O)CCC1)=O,0.007442544028162956
CC([C@@H](C(NCC1=CC=C(Cl)C=C1)=O)NC(C1=CC=C(C)C=C1)=O)C,0.00845269018318504
CC([C@@H](C(NC1SC(CC2=CC=CC=C2)=NN=1)=O)NC(C1=CC(C)=CC=C1)=O)C,0.007418802496977151
CC(C1=C(NC(COC([C@H]2N(S(C3=CC=C(C)C=C3)(=O)=O)CCC2)=O)=O)C=CC=C1)C,0.005837077763862908
CCN(C(COC([C@@H](N1C(=O)C2=C(C=CC=C2)C1=O)CC1=CC=CC=C1)=O)=O)C1CS(=O)(=O)CC1,0.004968297807499767
CCOC1=C(NC(COC([C@@H](NC(C2OC=CC=2)=O)CC2=CC=CC=C2)=O)=O)C=CC=C1,0.007641097600571811
CCN(C(COC([C@@H](NS(C1=C2C(N=S=N2)=CC=C1)(=O)=O)C)=O)=O)C1CS(=O)(=O)CC1,0.005103479884564876
C[C@@H](C(OCC(NC(NC1=CC2=C(OCCO2)C=C1)=O)=O)=O)NC(C1OC=CC=1)=O,0.002711246255785227
CC1=C(NC([C@@H](NC(C2SC=CC=2)=O)CC2=CC=CC=C2)=O)C=CC=C1,0.0061726818792521955
CC1=C(Cl)C=CC(OCC(N[C@H](C2NC3=C(C=CC=C3)N=2)CC2=CC=CC=C2)=O)=C1,0.003645138838328421
CSCC[C@@H](C1NC2=C(C=CC=C2)N=1)NC(CCC1C2=C(C=CC=C2)NC=1)=O,0.0038371769478544593
CCN(S(C1=CC(C(N[C@H](C(NC2SCCN=2)=O)C(C)C)=O)=CC=C1)(=O)=O)CC,0.004145957424771041
COC1=CC=C(C2=C(C)SC(NC([C@H](C(C)C)NC(C3=C(F)C=CC=C3)=O)=O)=N2)C=C1,0.006846695952117443
CC([C@@H](C(NC1=CC(Cl)=C(F)C=C1)=O)NC(C1=C(C)C=CC=C1)=O)C,0.006236594577785581
CC1=CC=C(S(N2[C@H](C(OCC(NC3=CC(C)=CC(C)=C3)=O)=O)CCC2)(=O)=O)C=C1,0.0055321228690445425
CC([C@@H](C(OCC(NC1=CC2=C(CCC2)C=C1)=O)=O)NC(C1=C(F)C=CC=C1F)=O)C,0.008765946049243212
COC1=C(NC(COC([C@H](C(C)C)NC(C2=C(F)C=CC=C2)=O)=O)=O)C=C2OC3=C(C2=C1)C=CC=C3,0.006180219887755811
CC1CCC(NC([C@@H](NC(C(C2=CC=CC=C2)C2=CC=CC=C2)=O)CC2=CC=CC=C2)=O)CC1,0.011687954235821963
COC(C1CCN(C(COC([C@H](C(C)C)NC(CC2=C3C(C=CC=C3)=CC=C2)=O)=O)=O)CC1)=O,0.007654974842444063
COC1=CC=C(CCNC([C@H](C(C)C)NC2=C(Cl)C=C(C(F)(F)F)C=C2)=O)C=C1,0.0055287023540586235
CC([C@@H](C(OCC(NC1=C(Cl)C=C(Cl)C(C)=N1)=O)=O)NC(C1OC=CC=1)=O)C,0.008172031491994858
CC([C@@H](C(NC(C1C2CC(CC2)C1)C)=O)NC(C1=CC=C(C)C=C1)=O)C,0.01357972719706595
CC([C@@H](C(OCC(C1=C(C)N(C2=CC(C)=C(C)C=C2)C(C)=C1)=O)=O)NC(C1OC=CC=1)=O)C,0.01278531039133668
C[C@@H](C(OCC(NC1=CC(N(=O)=O)=C(C)C=C1)=O)=O)NC(C1OC=CC=1)=O,0.006190747604705393
CC([C@@H](C(NC(C)(C)C)=O)NC1=C(Cl)C=C(C(F)(F)F)C=C1)C,0.0057537944056093695
CC([C@@H](C(OCC(NC1SC=C(C2=CC=C(F)C=C2)N=1)=O)=O)NC(C1OC=CC=1)=O)C,0.006394290062598884
COC1=CC=C(C(N[C@H](C(N=C2N(C)C3=C(C=CC=C3)S2)=O)C(C)C)=O)C=C1,0.010037880064919591
CC([C@@H](C(OC(C(NC1=C(Cl)C=C(Cl)C=N1)=O)C)=O)NC(C1OC=CC=1)=O)C,0.008214696682989598
CC([C@@H](C(OCC(N(C1=CC=CC=C1)C)=O)=O)NC(C1OC=CC=1)=O)C,0.009753049071878194
C[C@@H](C1NC2=C(C=CC=C2)N=1)NC(C1CCC(C(C)(C)C)CC1)=O,0.006117951218038797
CC1=CC(C(N[C@H](C2NC3=C(C=CC=C3)N=2)CC2=CC=CC=C2)=O)=C(C)C=C1,0.0042549506877548994
C[C@@H](C(NCC1=CC=C(S(N)(=O)=O)C=C1)=O)NC(C1=CC=C(Br)C=C1)=O,0.006608324102126062
COC1=CC(CC(N[C@H](C2NC3=C(C=CC=C3)N=2)CC2=CC=CC=C2)=O)=CC=C1,0.004158027109224349
CC([C@@H](C(NC1=CC(S(N2CCOCC2)(=O)=O)=CC=C1)=O)NC(N)=O)C,0.0027926203678362072
C[C@@H](C(NC1SC=C(C2=CC3=C(CCCC3)C=C2)N=1)=O)NC(C1=CC=CC=C1)=O,0.007281159935519099
COC([C@@H](NC(C1=CC=C(S(N2CCOCC2)(=O)=O)C=C1)=O)C)=O,0.004358113836497068
ClC1=CC=C(S(N2[C@H](C(N3CCN(CC4=CC=CC=C4)CC3)=O)CCC2)(=O)=O)C=C1,0.005696621001698076
CC([C@@H](C(NC1SC(CC2=CC=CC=C2)=NN=1)=O)NC(C1=CC=C(Cl)C=C1)=O)C,0.006110522546805441
CC1=CC=C(S(N2[C@H](C(OCC3SC4=C(C=CC=C4)N=3)=O)CCC2)(=O)=O)C=C1,0.005358562502078712
ClC1=C(C(N[C@H](C2NC3=C(C=CC=C3)N=2)CC2=CC=CC=C2)=O)C=CC=C1,0.0032614531519357115
COC1=CC=C(N2CCN(C([C@@H](NC(C3=C(Cl)C=CC=C3)=O)C)=O)CC2)C=C1,0.005746957613155246
C[C@@H](C(OCC(NC1=C(C(N)=O)C=CS1)=O)=O)NC(C1=CC=CC=C1)=O,0.005754262139089405
CC([C@@H](C(NCC1=CC=CC=C1)=O)NC(N)=O)C,0.003999447263777256
CC([C@@H](C(OCC1N=C(C2=CC=C(C)C=C2)SC=1)=O)NC(C1=C(F)C=CC=C1)=O)C,0.0070251656463369725
COC1=CC=C(C(N[C@H](C(NCCC2=C(Cl)C=C(Cl)C=C2)=O)C(C)C)=O)C=C1,0.008383437385782599
COC1=CC=C(C(N[C@H](C(NCC2CCCCC2)=O)C(C)C)=O)C=C1,0.011609558202326297
CCOC1=C(C(N[C@H](C(NC2=CC(Cl)=C(F)C=C2)=O)C(C)C)=O)C=CC=C1,0.0068925496656447646
CCC1=C2C(C(C(COC([C@H](C(C)C)NC(C3OC=CC=3)=O)=O)=O)=CN2)=CC=C1,0.008462574728764594
CC([C@@H](C(OCC1=C2C(COCO2)=CC(Cl)=C1)=O)NC(C1=CC(C)=CC=C1)=O)C,0.008535998873412609
CCOC1=C(C(N[C@H](C(OCC(NC2OC(C3=CC=CC=C3)=NN=2)=O)=O)C(C)C)=O)C=CC=C1,0.0063755196053534744
CC([C@@H](C(OCC1SC2=C(C=CC=C2)N=1)=O)NC(C1=C(Br)C=CC=C1)=O)C,0.007986295502632856
CCOC1=CC=C(C(N[C@H](C(NCC(C)C)=O)C(C)C)=O)C=C1,0.010218443535268306
CC([C@@H](C(NC1C2=C(C=CC=C2)CCC1)=O)NC(C1=CC=C(C)C=C1)=O)C,0.012683184863999487
CCOC1=CC=C(C(N[C@H](C(OC(C2=CC=CC=C2)C2=CC=CC=C2)=O)C(C)C)=O)C=C1,0.011652494268491864
CC([C@@H](C(NCCC1=CC2=C(OCCO2)C=C1)=O)NC(C1=CC=C(F)C=C1)=O)C,0.007554239546880126
CCOC1=C(C(N[C@H](C(OCC2SC3=C(C=CC=C3)N=2)=O)C(C)C)=O)C=CC=C1,0.007438911148346961
COC1=CC(C(N[C@H](C(NCCC2C3=C(C=CC=C3)NC=2)=O)C(C)C)=O)=CC(OC)=C1,0.00556768081150949
OC1CN(S(C2=CC3=C(OCCO3)C=C2)(=O)=O)[C@H](C(OCC(NC2=C(F)C=CC(F)=C2)=O)=O)C1,0.0022294610738754273
CC([C@@H](C(OCC1OC(C2=CC=CC=C2)=NN=1)=O)NC(C1=CC=C(C)C=C1)=O)C,0.007587857288308441
C[C@@H](C(OCC(C1NC=CC=1)=O)=O)N1C(=O)C2C(CCCC2)C1=O,0.004542978131212294
C[C@@H](C(OCC(C1=CC=CC=C1)=O)=O)N1C(=O)C2C(CCCC2)C1=O,0.007981549482792616
COC1=CC=C(C(N[C@H](C(N2C3=C(C=CC=C3)CC2)=O)C(C)C)=O)C=C1,0.009251876175403595
CCSC1SC(NC([C@H](C(C)C)NC(C2=C(F)C=CC=C2)=O)=O)=NN=1,0.0064391427440568805
O=C(N1C2=C(C=CC=C2)NC(=O)C1)COC([C@@H](NC(C1SC=CC=1)=O)CC1=CC=CC=C1)=O,0.005762336915358901
CC([C@@H](C(NC1=CC=C(F)C=C1)=O)NC(C1=CC=C(C)C=C1)=O)C,0.006408919068053365
C[C@@H](C(OCC(NC(NC1=CC2=C(OCCO2)C=C1)=O)=O)=O)NS(C1=CC=CC=C1)(=O)=O,0.0017160463263280689
ClC1=C(Cl)C=C(NC(COC([C@H]2N(C(C3SC=CC=3)=O)CCC2)=O)=O)C(Cl)=C1,0.006575050437822938
CC([C@@H](C(OCC(NC(NCC1=CC=CC=C1)=O)=O)=O)NC(CC1=C2C(C=CC=C2)=CC=C1)=O)C,0.002882051304914057
COC1=CC=C(C(N[C@H](C(NC2=CC=C(I)C=C2)=O)C(C)C)=O)C=C1,0.009253427991643548
CC([C@@H](C(NC1=CC=C(NC(C)=O)C=C1)=O)NC(C1=C(F)C=CC=C1)=O)C,0.006793714337982237
O=C(C1=CC2=C(C(C3=C(S2(=O)=O)C=CC=C3)=O)C=C1)N[C@H](C1NC2=C(C=CC=C2)N=1)CC1=CC=CC=C1,0.0036879419232718645
O=C(NC(C1=CC=CC=C1)C1=CC=CC=C1)COC([C@@H](NC(C1SC=CC=1)=O)CC1=CC=CC=C1)=O,0.007319527072831988
O=C(NC1=CC=C(OC2=CC=CC=C2)C=C1)COC([C@H]1N(C(C2SC=CC=2)=O)CCC1)=O,0.0055545293493196365
O=C(N[C@H](C1NC2=C(C=CC=C2)N=1)CC1=CC=CC=C1)CN1C(=O)C2C(C3C=CC2C3)C1=O,0.0023454358684830367
CC([C@@H](C(NC1SC(C)=CN=1)=O)NC(C1=C(F)C=CC=C1)=O)C,0.005572999059222638
CC(N[C@H](C(OCC(NC1=CC2=C(OCO2)C=C1)=O)=O)CC1C2=C(C=CC=C2)NC=1)=O,0.00385246715741232
CSCC[C@@H](C1NC2=C(C=CC=C2)N=1)NC(C1=C(C)C2=C(N=C3N(C2=O)CCCCC3)S1)=O,0.0034416141221299767
CCOC1=C(NC([C@H](C(C)C)NC(C2OC=CC=2)=O)=O)C=C(OCC)C(N2CCOCC2)=C1,0.007835096074268222
COC1=CC(C(N[C@H](C(OCC2N=C(C3=CC=CC=C3)SC=2)=O)C(C)C)=O)=CC(OC)=C1,0.007442431454546749
CC(CN1C(=O)C2=C(C=CC=C2)C(C(N[C@H](C2NC3=C(C=CC=C3)N=2)CC2=CC=CC=C2)=O)=N1)C,0.003974974760785699
CC([C@@H](C(OCC(NC1=CC2=C(NC(N2)=O)C=C1)=O)=O)NC(CC1=C2C(C=CC=C2)=CC=C1)=O)C,0.0033731279196217655
CSCC[C@@H](C1NC2=C(C=CC=C2)N=1)NC(C=CC1OC(Br)=CC=1)=O,0.004503872222267091
CC([C@@H](C(NC1=C(C(N)=O)C2=C(CCCC2)S1)=O)NC1=C(Cl)C=C(C(F)(F)F)C=C1)C,0.005341954622417688
COC1=CC=C(C(N[C@H](C(NC2SC(C)=CN=2)=O)C(C)C)=O)C=C1,0.006826784135773778
CCOC1=C(C(N[C@H](C(NC2=C(C)C=CC(F)=C2)=O)C(C)C)=O)C=CC=C1,0.007870975113473833
C[C@@H](C(OCC(NC(NCC=C)=O)=O)=O)NS(C1=C(C)C(C)=CC(C)=C1C)(=O)=O,0.0018192804418504238
CC1C2=C(C=CC=C2)OC=1C(N[C@H](C1NC2=C(C=CC=C2)N=1)CC1=CC=CC=C1)=O,0.004348046681843698
C[C@@H](C(NC1=C(N2CCOCC2)C=CC=C1)=O)N1C(=O)C2C(CCCC2)C1=O,0.00445982493693009
CC([C@@H](C(NC1=C(C(C)C)C=CC=C1)=O)NC(C1=C(C)C=CC=C1)=O)C,0.010860814480111003
CCOC(C1C(C)=C(C(COC([C@H]2N(C(C3SC=CC=3)=O)CCC2)=O)=O)NC=1C)=O,0.007617198908701539
CSCC[C@@H](C1NC2=C(C=CC=C2)N=1)NC(CN(S(C1=CC=C(NC(C)=O)C=C1)(=O)=O)C)=O,0.00230636412743479
NC(CC[C@@H](C(N1CCN(CC2=CC3=C(OCO3)C=C2)CC1)=O)NC(C1=CC=C(F)C=C1)=O)=O,0.005499460198916495
COC1=CC(N(C2SC3=C(C=CC=C3)N=2)C([C@@H](N2C(=O)C3C(CC=CC3)C2=O)C)=O)=CC=C1,0.004730731714516878
CCOC1=C(N2CCN(C([C@@H](NC(N)=O)C)=O)CC2)C=CC=C1,0.0035475925309583546
CSCC[C@@H](C1NC2=C(C=CC=C2)N=1)NC(C1OC2=C(C=CC=C2)OC1)=O,0.0036789503181353213
CC([C@@H](C(OCC(N1C2=C(C=CC=C2)NC(=O)C1)=O)=O)NC(C1=CC=CC=C1)=O)C,0.008327261079102755
O=N(C1=CC=C(SCC(N[C@H](C2NC3=C(C=CC=C3)N=2)CC2=CC=CC=C2)=O)C=C1)=O,0.001678555432590656
COC1=C(OC)C(OC)=CC(C(N[C@H](C(NC2CCCCCC2)=O)C(C)C)=O)=C1,0.012277054134756327
CCN(S(C1=CC(C(N[C@H](C(OCC(NC2=CC=CC=C2)=O)=O)C(C)C)=O)=CC=C1)(=O)=O)CC,0.006394261005334556
CCCNC([C@H](C(C)C)NC(C1=CC=C(OCC)C=C1)=O)=O,0.0097268161829561
CC[C@@H]([C@@H](C(NCCC1=CC(OC)=C(OC)C=C1)=O)NC(N)=O)C,0.005319931218400598
CC1=C(NC(COC([C@H]2N(C(C3SC=CC=3)=O)CCC2)=O)=O)C(C)=CC=C1,0.006641173898242414
CCOC1=C(C(N[C@H](C(NC2=CC(Cl)=C(OC)C=C2)=O)C(C)C)=O)C=CC=C1,0.007802061247639358
COC1=C(OC)C=C(CCNC([C@H](C(C)C)NC(C2=C(F)C=CC=C2)=O)=O)C=C1,0.008415140700526536
O=C(OCC1=CC=CC=C1)N[C@H](C(NC1=C(N2CCOCC2)C=CC=C1)=O)CC1=CC=CC=C1,0.005094511283095926
CC([C@@H](C(NC1SCCN=1)=O)NC(C1=CC=C(F)C=C1)=O)C,0.004062986222561449
CC([C@@H](C(NC1=C(C)C=CC(F)=C1)=O)NS(C1=CC2=C(OCCO2)C=C1)(=O)=O)C,0.005852417345158756
C[C@@H](C(OCC1=CC=C(Cl)C=C1)=O)NS(C1=CC=C(NC(C)=O)C=C1)(=O)=O,0.00377120163757354
CCN1C2=C(C=C(C=C2)NC(COC([C@H]2N(C(C3SC=CC=3)=O)CCC2)=O)=O)C2=C1C=CC=C2,0.005605006590485573
COC1=CC(C2N=C(NC([C@H](C(C)C)NC(C3=CC=C(C)C=C3)=O)=O)SC=2)=C(OC)C=C1,0.0065376403043046595
CC([C@@H](C(OCC(NC1=C(C2=CC=CC=C2)C=CC=C1)=O)=O)NC(C1=C(F)C=CC=C1F)=O)C,0.006672969716601074
CCC(NC([C@H](C(C)C)NC(C1=CC=C(OC)C=C1)=O)=O)(C)C,0.010964726516976952
CC([C@@H](C(OCC(NC1=C(F)C=C(F)C=C1)=O)=O)NS(C1=CC=C(Cl)C=C1)(=O)=O)C,0.004168371763080358
COC1=CC=C(C(N[C@H](C(NC2NC3=C(C=CC=C3)N=2)=O)C(C)C)=O)C=C1,0.0034676688024774193
C[C@@H](C(OCC(NC1=CC2=C(OCCO2)C=C1)=O)=O)NC1=C(N(=O)=O)C=C(C(F)(F)F)C=C1,0.004347241611685604
CC([C@@H](C(NC1SC(C)=C(C2=CC=CC=C2)N=1)=O)NC(C1=CC=C(C)C=C1)=O)C,0.0073257691226899626
CC([C@@H](C(OCC(NC1=CC(S(N)(=O)=O)=CC=C1)=O)=O)NS(C1=C(F)C=CC=C1)(=O)=O)C,0.0051115215988829735
CC([C@@H](C(OCC(C1=C(C)C=C(C)C=C1)=O)=O)N1C(=O)C2=C(C=CC=C2)C1=O)C,0.0093924215529114
CCN(S(C1=CC(C(N[C@H](C(NCCC2C3=C(C=CC=C3)NC=2)=O)C(C)C)=O)=CC=C1)(=O)=O)CC,0.0038806677213869987
C[C@@H](C(N1CCN(C2=CC=CC=C2)CC1)=O)N1C(=O)C2C(CC=CC2)C1=O,0.005394849658478052
C[C@@H](C(OCC1N=C(C2=CC=CC=C2)SC=1)=O)NS(C1=CC=C(NC(C)=O)C=C1)(=O)=O,0.003307667188346386
O=C(C1=CC=C(S(N2CCCC2)(=O)=O)C=C1)N[C@H](C1NC2=C(C=CC=C2)N=1)CC1=CC=CC=C1,0.0024645529163535686
CCCNC([C@@H](NC(C1=C(Cl)C=CC=C1)=O)CC1C2=C(C=CC=C2)NC=1)=O,0.00435427282936871
COC1=CC=C(N2CCN(C([C@H](C(C)C)NC(C3=C(Cl)C=CC=C3)=O)=O)CC2)C=C1,0.006708191568031907
COC1=CC=C(NS(C2=C(C)C=CC(NC([C@H](C(C)C)NC(C3=CC=CC=C3)=O)=O)=C2)(=O)=O)C=C1,0.0055391057161614295
C[C@@H](C(OCC(NCC1=CC2=C(OCO2)C=C1)=O)=O)NC1=C(N(=O)=O)C=C(C(F)(F)F)C=C1,0.004177441692445427
CSCC[C@@H](C1NC2=C(C=CC=C2)N=1)NC(C1C(C2=CC=CC=C2)=NOC=1C)=O,0.0037765744840726257
COC1=C(OC)C(OC)=CC(C(N[C@H](C(NC2=CC=C(C#N)C=C2)=O)C(C)C)=O)=C1,0.00778162251226604
CC([C@@H](C(NC1=C(C)C=CC(C)=C1)=O)NS(C1=CC=C(Cl)C=C1)(=O)=O)C,0.005026752140838653
O=C(N1C2=C(C=CC=C2)CC1)COC([C@@H](NC(C1SC=CC=1)=O)CC1=CC=CC=C1)=O,0.006825540284626186
CSCC[C@@H](C1NC2=C(C=CC=C2)N=1)NC(CSC1=C2C(C=CC=C2Cl)=CC=C1)=O,0.003070955362636596
CC1=CC(NC(COC([C@H]2N(C(C3SC=CC=3)=O)CCC2)=O)=O)=CC=C1,0.005776769598014653
O=C(NC1=CC=CC=C1)COC([C@H]1N(C(C2SC=CC=2)=O)CCC1)=O,0.005714720673859119
CC([C@@H](C(NC1=CC=C(SC(F)F)C=C1)=O)NC(C1=CC=C(C)C=C1)=O)C,0.005913817556574941
COC1=CC=C(C(N[C@H](C(NC2SC=C(C3=CC=C(F)C=C3)N=2)=O)C(C)C)=O)C=C1,0.005923300934955478
COC1=CC=C(NS(C2=C(C)C=CC(NC([C@H](C(C)C)NC(N)=O)=O)=C2)(=O)=O)C=C1,0.004288702376652509
COC1=CC(C(N[C@H](C(NCCC2=CC=C(S(N)(=O)=O)C=C2)=O)C(C)C)=O)=CC(OC)=C1,0.006463432079181075
CCN(S(C1=CC(C(N[C@H](C(NC2SC3=C(C=CC=C3)N=2)=O)C(C)C)=O)=CC=C1)(=O)=O)CC,0.005421511537861079
CC([C@@H](C(NC1SC(C2CC2)=NN=1)=O)NC(C1=CC=C(C(C)(C)C)C=C1)=O)C,0.008890882739797235
CCC1SC(NC([C@H](C(C)C)NC(C2=CC(OC)=CC(OC)=C2)=O)=O)=NN=1,0.007405380206182599
C[C@@H](C(NC1=C(N2CCOCC2)C=CC(C(F)(F)F)=C1)=O)N1C(=O)C2C(CC=CC2)C1=O,0.003470951796043664
CC(N(C1=CC=CC=C1)C(COC([C@@H](NC(N)=O)C)=O)=O)C,0.0054889725055545565
CSCC[C@@H](C1NC2=C(C=CC=C2)N=1)NC(C1=C(C)N(CC2=CC=CC=C2)N=C1C)=O,0.004355107003357261
CC1=C(C(COC([C@H]2N(C(C3SC=CC=3)=O)CCC2)=O)=O)C2=C(C=CC=C2)N1,0.00562709600199014
COC1=CC=C(NC(COC([C@H]2N(S(C3=C(N(=O)=O)C=CC=C3)(=O)=O)CC(O)C2)=O)=O)C=C1,0.0021193682914599776
CC(C1=C(NC(COC([C@H]2N(S(C3=C(F)C=CC=C3)(=O)=O)CCC2)=O)=O)C=CC=C1)=O,0.006635871157050133
CC([C@@H](C(NC1SC=C(C2=NC=CC=C2)N=1)=O)NC(C1=C(Cl)C=CC=C1)=O)C,0.00527494385605678
COC1=CC(C(N[C@H](C(NC2=CC3=C(OCCO3)C=C2)=O)C(C)C)=O)=CC(OC)=C1,0.009051659051328898
CC1N(CC2OC=CC=2)C(C)=C(C(COC([C@H]2N(C(C3SC=CC=3)=O)CCC2)=O)=O)C=1,0.010176507383584976
CSCC[C@@H](C1NC2=C(C=CC=C2)N=1)NC(C(C1=CC=CC=C1)C1=CC=CC=C1)=O,0.004522815311793238
COC1=C(OC)C(OC)=CC(NC([C@H](C(C)C)NC(C2=CC=C(C(C)(C)C)C=C2)=O)=O)=C1,0.010275451559573412
CC([C@@H](C(OC(C(N)=O)C)=O)NC(C1=C(C)C=CC=C1)=O)C,0.00872392039746046
ClC1=CC=C(S(N2[C@H](C(OCC(N3C4=C(C=CC=C4)CC3)=O)=O)CCC2)(=O)=O)C=C1,0.0056510128313675525
O=C(C1=CC(S(N2CCCCC2)(=O)=O)=CC=C1)N[C@H](C1NC2=C(C=CC=C2)N=1)CC1=CC=CC=C1,0.0022739378968253733
COC1=CC(C(N[C@H](C(NC2NC3=C(C=CC=C3)N=2)=O)C(C)C)=O)=CC(OC)=C1,0.0035477796918712556
COC1=CC=C(S(N2[C@H](C(OCC(NC3=NC=C(Cl)C=C3)=O)=O)CC(O)C2)(=O)=O)C=C1,0.001883157849078998
COC1=CC(C(N[C@H](C(NC2=CC3=C(N=C(S3)C)C=C2)=O)C(C)C)=O)=CC(OC)=C1,0.006080113188363612
CC([C@@H](C(NC1SC2=C(C=CC(=C2)F)N=1)=O)NC(C1=CC(C)=CC=C1)=O)C,0.0061651374446228145
COC1=CC(C(N[C@H](C(NCC2SC=CC=2)=O)C(C)C)=O)=CC(OC)=C1,0.007229520101100206
CC([C@@H](C(OCN1C(=O)C2=C(C=CC=C2)N=N1)=O)NC(C1=CC=CC=C1)=O)C,0.006833032728172839
COC(C1=C(C)C(C(OC)=O)=C(NC(COC([C@H]2N(C(C3SC=CC=3)=O)CCC2)=O)=O)S1)=O,0.008763169101439417
CC1ON=C(NC(COC([C@H]2N(C(C3SC=CC=3)=O)CCC2)=O)=O)C=1,0.005514983716420829
O=C(NC1=CC2=C(OCCO2)C=C1)COC([C@H]1N(C(C2SC=CC=2)=O)CCC1)=O,0.005946254613809288
CC([C@@H](C(NC1=C(F)C(F)=C(F)C=C1)=O)NC(C1=CC(C)=CC=C1)=O)C,0.0071594320936128495
CC([C@@H](C(OCC(C1=CC2=C(OCC(N2)=O)C=C1)=O)=O)NC(C1OC=CC=1)=O)C,0.011721057165414096
CC([C@@H](C(NNC(C1=CC=CC=C1)=O)=O)NC(C1=CC(C)=CC=C1)=O)C,0.005068075365852564
CSCC[C@@H](C1NC2=C(C=CC=C2)N=1)NC(CC1C2=C(C=CC=C2)NC=1)=O,0.00369636103278026
CCOC1=CC2=C(OC(=C2C)C(N[C@H](C2NC3=C(C=CC=C3)N=2)CCSC)=O)C=C1,0.004199175199028104
CC([C@@H](C(NC1=CC=C(C(F)(F)F)C=C1)=O)NC(C1=CC=C(Br)C=C1)=O)C,0.00672491432633251
COC1=CC=C(NC(COC([C@H](C(C)C)NC(C2=C(F)C=CC=C2F)=O)=O)=O)C=C1,0.007665732759051025
CC[C@@H]([C@@H](C(NNC(COC1=CC(C(F)(F)F)=CC=C1)=O)=O)NC(N)=O)C,0.002301350745256059
CNC(COC([C@H](C(C)C)NC1=C(N(=O)=O)C=C(S(N2CCOCC2)(=O)=O)C=C1)=O)=O,0.004434265405870974
CC([C@@H](C(NC1=C(N2CCOCC2)C=CC=C1)=O)NS(C1=CC=CC=C1)(=O)=O)C,0.00466587005648762
C[C@@H](C(NC1SC(SCC2=CC=C(Cl)C=C2)=NN=1)=O)N1C(=O)C2C(CC=CC2)C1=O,0.0041464381734840575
CC([C@@H](C(OC1=C2C(C=CC=C2)=CC=C1)=O)N1C(=O)C2=C(C=CC=C2)C1=O)C,0.004926175158470869
COC1=CC(C(N[C@H](C(NC2SCCN=2)=O)C(C)C)=O)=CC(OC)=C1,0.00556178237311542
C[C@@H](C(OCC(C1NC=CC=1)=O)=O)NS(C1=CC=C(Cl)C=C1)(=O)=O,0.004042578709777445
COC1=CC(C(N[C@H](C(NC2SC3=C(C=CC=C3)N=2)=O)C(C)C)=O)=CC(OC)=C1,0.007108436967246235
O=C(NC1=C(OC2=CC=CC=C2)C=CC=C1)COC([C@H]1N(C(C2SC=CC=2)=O)CCC1)=O,0.0060538727091625335
O=C(NC1CS(=O)(=O)CC1)COC([C@@H](NC(C1OC=CC=1)=O)CC1=CC=CC=C1)=O,0.006599625945091248
CC([C@@H](C(NCC1=C(Cl)C=CC=C1)=O)NC(C1=CC(C)=CC=C1)=O)C,0.008295136713422835
CC([C@@H](C(OCC(NC(CC1=CC=CC=C1)=O)=O)=O)NC(C1=CC=CC=C1)=O)C,0.004115117271430791
C[C@@H](C(OCC(C1C2=C(C=CC=C2)NC=1C)=O)=O)NS(C1=C2C(N=S=N2)=CC=C1)(=O)=O,0.004676707624457777
CC(N[C@H](C(OCC1N=C(C2=CC=CC=C2)SC=1)=O)CC1C2=C(C=CC=C2)NC=1)=O,0.0038920244900509716
CC([C@@H](C(NC1=CC(F)=C(F)C=C1)=O)NC(C1=C(F)C=CC=C1)=O)C,0.006564465980045497
CSCC[C@@H](C1NC2=C(C=CC=C2)N=1)NC(CSC1=C(Cl)C=CC(Cl)=C1)=O,0.0031152878422290088
CCOC1=CC=C(NC([C@H]([C@H](CC)C)NC(OCC2=CC=CC=C2)=O)=O)C=C1,0.005687278020195663
O=C(N[C@H](C1NC2=C(C=CC=C2)N=1)CC1=CC=CC=C1)CC1C2=C(C=C3C(=C2)CCC3)OC=1,0.005676829558797181
CSCC[C@@H](C1NC2=C(C=CC=C2)N=1)NC(CN1C(=O)C2=C(C=CC=C2)C(=O)N1)=O,0.002772359870141372
CC(NC1=CC=C(NC(COC([C@H]2N(C(C3SC=CC=3)=O)CCC2)=O)=O)C=C1)=O,0.00515496104490012
C[C@@H](C(NC1=C(N2CCOCC2)C=CC(C(F)(F)F)=C1)=O)N1C(=O)C2C(CCCC2)C1=O,0.003148755931761116
CC([C@@H](C(NC1=C(C(C)C)C=CC=C1)=O)NC(C1=C(F)C=CC=C1)=O)C,0.008146465034224093
CC1=CC=C(NC([C@H]2N(S(C3=C(F)C=CC=C3)(=O)=O)CCC2)=O)C=C1,0.0039901115698739885
C[C@@H](C(NC1SC=C(C2=C(F)C=CC(F)=C2)N=1)=O)N1C(=O)C2C(CCCC2)C1=O,0.003318419470451772
O=C(N[C@H](C1NC2=C(C=CC=C2)N=1)CC1=CC=CC=C1)COC1=CC2=C(CCC2)C=C1,0.005471986206248403
COC1=CC=C(C(N[C@H](C(OCC(NC(C2N(C)C=CC=2)=O)=O)=O)C(C)C)=O)C=C1,0.00442290382925421
COC1=CC=C(C(N[C@H](C(NC2=CC(C#N)=CC=C2)=O)C(C)C)=O)C=C1,0.006782528047915548
O=C(N1CCN(C2=CC=CC=C2)CC1)COC([C@@H](NC(C1SC=CC=1)=O)CC1=CC=CC=C1)=O,0.005234869779087603
CCC(C1=C(NC([C@H](C(C)C)NC2=C(Cl)C=C(C(F)(F)F)C=C2)=O)C=CC=C1)C,0.0074482165509834886
CCN(S(C1=CC(C(N[C@H](C(NC2=CC(Cl)=C(OC)C=C2)=O)C(C)C)=O)=CC=C1)(=O)=O)CC,0.0058122148737311365
ClC1=CC=C(S(N2[C@H](C(OCN3C(=O)C4=C(C=CC=C4)N=N3)=O)CCC2)(=O)=O)C=C1,0.004615095746703446
CC([C@@H](C(OCC(NCC1=CC=C(Cl)C=C1)=O)=O)NC(C1=CC=CC=C1)=O)C,0.008336839568801224
CC([C@@H](C(NC1SC(C2CC2)=NN=1)=O)NC1=C(Cl)C=C(C(F)(F)F)C=C1)C,0.004905695631168783
CC([C@@H](C(NC1=CC(C(C)=O)=CC=C1)=O)NC(C1=CC=C(F)C=C1)=O)C,0.010670398734509945
C[C@@H](C(NC1=CC=C(I)C=C1)=O)NC(C1=C(Cl)C=CC=C1)=O,0.0065738603239879016
O=C(C1=NN(CC2=CC=CC=C2)C(=O)C=C1)N[C@H](C1NC2=C(C=CC=C2)N=1)CC1=CC=CC=C1,0.0036805158364586533
CSC1SC2=C(C=CC(=C2)NC([C@H](C(C)C)NC(C2=CC=C(C)C=C2)=O)=O)N=1,0.006861927034333348
CC([C@@H](C(NC1=CC=C(N2CCOCC2)C=C1)=O)NC(C1OC=CC=1)=O)C,0.00791623790282756
CC(C1CCC(C(N[C@H](C2NC3=C(C=CC=C3)N=2)CC2=CC=CC=C2)=O)CC1)(C)C,0.006125757866539061
CC([C@@H](C(NC1=CC=C(OC(F)F)C=C1)=O)NC(C1=CC=CC=C1)=O)C,0.005182750010862947
CC(N[C@H](C(OCC(NC1=NOC(C)=C1)=O)=O)CC1C2=C(C=CC=C2)NC=1)=O,0.003844790731091052
CC([C@@H](C(NCCN1C(=O)C(=CC2=CC=CC=C2)SC1=O)=O)NC(C1=CC=C(C)C=C1)=O)C,0.003968437819276005
CC(C1=C(NC([C@H]2N(S(C3=C(C(F)(F)F)C=CC=C3)(=O)=O)CCC2)=O)C=CC=C1)C,0.004136693465989083
COC1=CC(C(N[C@H](C(OCC2C3=C(C=C(C=C3)C)OC(=O)C=2)=O)C(C)C)=O)=CC(OC)=C1,0.008548536384478212
CSCC[C@@H](C1NC2=C(C=CC=C2)N=1)NC(CCS(C1=CC=C(C)C=C1)(=O)=O)=O,0.003158334590261802
CC([C@@H](C(NC1SC=C(C2=C(C)C=C(C)C=C2C)N=1)=O)NC(C1=CC=C(C)C=C1)=O)C,0.008259342517703772
FC(C1=C(S(N2[C@H](C(NC3=CC=C(Cl)C=C3)=O)CCC2)(=O)=O)C=CC=C1)(F)F,0.00322782241855748
CC([C@@H](C(NC1=CC=C(C2N=C3N(C=CS3)C=2)C=C1)=O)NC(C1=CC=C(C)C=C1)=O)C,0.005237927613779903
CC([C@@H](C(N1C(C)(C)CSC1=NCC1=CC=CC=C1)=O)NC(C1=CC=C(C)C=C1)=O)C,0.007201973279006779
CC1OC(C=CC(N[C@H](C2NC3=C(C=CC=C3)N=2)CC2=CC=CC=C2)=O)=CC=1,0.004233637463767081
NS(C1=CC=C(CCNC(COC([C@H]2N(C(C3SC=CC=3)=O)CCC2)=O)=O)C=C1)(=O)=O,0.0053938722237944605
CN(S(C1=C(C)C=CC(NC(COC([C@H]2N(C(C3SC=CC=3)=O)CCC2)=O)=O)=C1)(=O)=O)C,0.004496775462757796
CCOC(C1C(C)=C(C(COC([C@@H](NS(C2=C3C(N=S=N3)=CC=C2)(=O)=O)C)=O)=O)NC=1C)=O,0.006276719970628619
CC[C@@H]([C@@H](C(OCC(C1=CC=C(CC)C=C1)=O)=O)NC(C1=CC=C(Cl)C=C1)=O)C,0.011994019756093622
CSCC[C@@H](C1NC2=C(C=CC=C2)N=1)NC(C1N(C(C2=CC=CC=C2)=O)CC2=C(C=CC=C2)C1)=O,0.0035304311895743012
C[C@@H](C(NC1SC2=C(C=CC(=C2)OC2=CC=CC=C2)N=1)=O)N1C(=O)C2C(CC=CC2)C1=O,0.004034398833755404
ClC1=CC=C(NC(COC([C@H]2N(C(C3SC=CC=3)=O)CCC2)=O)=O)C=C1,0.005046675214543939
COC(C1=CC=C(CSC2SC(NC([C@H]3N(C(OC(C)(C)C)=O)CCC3)=O)=NN=2)C=C1)=O,0.006337944930419326
CCOC1=C(NC([C@H](C(C)C)NC(C2=C(F)C=CC=C2)=O)=O)C=CC=C1,0.0076086984248831865
COC([C@H](C(C)C)NC(C1=C(F)C=CC=C1F)=O)=O,0.006779456161893904
O=C([C@@H](N1C(=O)C2=C(C=CC=C2)C1=O)CC1=CC=CC=C1)NC1SCCN=1,0.002762011275626719
CC([C@@H](C(OCC(N(C(C1=CC=CC=C1)C1=CC=CC=C1)C)=O)=O)NC(C1=CC=C(Cl)C=C1)=O)C,0.009542973083443939
COC1=CC=C(S(N2[C@H](C(OCC(C3=CC(F)=C(F)C=C3)=O)=O)CC(O)C2)(=O)=O)C=C1,0.0038692131638526917
CCOC(C1C(C(COC([C@@H](NC2=C(N(=O)=O)C=C(C(F)(F)F)C=C2)C)=O)=O)=C(C)NC=1C)=O,0.0049018783960491415
COC1=CC(OC)=C(NC([C@H](C(C)C)NC2=C(Cl)C=C(C(F)(F)F)C=C2)=O)C=C1,0.005740182637237012
COC1=CC(C(N[C@H](C(NCC2=CC=C(F)C=C2)=O)C(C)C)=O)=CC(OC)=C1,0.00751833722461015
CC([C@@H](C(OCC(C1=CC=C(C2CCCCC2)C=C1)=O)=O)NC(C1OC=CC=1)=O)C,0.015815111622214318
CCSC1SC(NC([C@H](C(C)C)NC(C2=CC=C(C(C)(C)C)C=C2)=O)=O)=NN=1,0.00883650123141706
COC1=CC(C(N[C@H](C(NNC(C2=C(OC)C=CC(Cl)=C2)=O)=O)C(C)C)=O)=CC(OC)=C1,0.005526113056112081
CC[C@@H]([C@@H](C(NC1=C(F)C=CC=C1)=O)NC(N)=O)C,0.003135594946797937
CCOC1=C(NC([C@H](C(C)C)NC(C2=CC(S(N3CCOCC3)(=O)=O)=CC=C2)=O)=O)C=CC=C1,0.005299731134437024
C[C@@H](C(NC1=CC2=C(N=C(S2)C)C=C1)=O)N1C(=O)C2C(CC=CC2)C1=O,0.0035823538899421694
CSCC[C@@H](C1NC2=C(C=CC=C2)N=1)NC(C1=C(C)C2=C(C=CC(=C2)Br)O1)=O,0.00459520707372576
CC([C@@H](C(OCC(C(C#N)=C(N)C)=O)=O)NC(C1=C(C)C=CC=C1)=O)C,0.010534104891121387
CC([C@@H](C(OCC(C1=C(C)N(CC2OC=CC=2)C(C)=C1)=O)=O)NC(C1OC=CC=1)=O)C,0.014164995914325119
COC1=CC(C(N[C@H](C(NC2=CC3=C(CCC3)C=C2)=O)C(C)C)=O)=CC(OC)=C1,0.009945862367749215
ClC1=CC=C(S(N2[C@H](C(OCC(C3C4=C(C=CC=C4)NC=3)=O)=O)CCC2)(=O)=O)C=C1,0.004319367790594697
COC1=C(CNC(COC([C@@H](NC2=C(N(=O)=O)C=C(C(F)(F)F)C=C2)C)=O)=O)C=CC=C1,0.004481373960152269
CCOC(C1C(C(COC([C@H](C(C)C)NC(C2=C(OCC)C=CC=C2)=O)=O)=O)=C(C)NC=1C)=O,0.009927352517843246
COC1=C(S(N2CCCCC2)(=O)=O)C=C(NC([C@H](C(C)C)NC(C2=CC=CC=C2)=O)=O)C=C1,0.004993420769460499
CC([C@@H](C(NC1=CC(S(N2CCCC2)(=O)=O)=CC=C1)=O)NC(C1=CC(C)=CC=C1)=O)C,0.005371457454748452
C[C@@H](C(OCC(N1CCN(S(C2=CC=C(Cl)C=C2)(=O)=O)CC1)=O)=O)NC(C1OC=CC=1)=O,0.005005449755117297
O=C(C1=CC=C(S(N2CCCCC2)(=O)=O)C=C1)N[C@H](C1NC2=C(C=CC=C2)N=1)CC1=CC=CC=C1,0.0022633180778939277
O=C(N[C@H](C1NC2=C(C=CC=C2)N=1)CC1=CC=CC=C1)CN1C(=O)C2C(CC=CC2)C1=O,0.0023387862427625807
CC([C@@H](C(OCC(/C(/C#N)=C1/NC2=C(C=CC=C2)N/1)=O)=O)NC(C1OC=CC=1)=O)C,0.008166290470398962
C[C@@H](C(OCC(NC1=C(C#N)C=C(N(=O)=O)C=C1)=O)=O)N1C(=O)C2C(CCCC2)C1=O,0.0025365074339788406
COC1=CC(C(N[C@H](C(OCC(C2=CC3=C(OCC(N3)=O)C=C2)=O)=O)C(C)C)=O)=CC(OC)=C1,0.011271228501573204
CC([C@@H](C(NC1CCCCC1)=O)NS(C1=C(F)C=CC=C1)(=O)=O)C,0.005910565052181483
CCC1=CC(NC([C@H]2N(S(C3=C(C(F)(F)F)C=CC=C3)(=O)=O)CCC2)=O)=CC=C1,0.0037002091063186525
CCN(S(C1=CC(C(N[C@H](C(NC2=CC3=C(CCC3)C=C2)=O)C(C)C)=O)=CC=C1)(=O)=O)CC,0.006894811475649476
CC[C@@H]([C@@H](C(NNC(C1OC2=C(C=CC=C2)OC1)=O)=O)NC(N)=O)C,0.003250445396406576
CC([C@@H](C(NC1NC2=C(C=CC=C2)N=1)=O)NC1=C(Cl)C=C(C(F)(F)F)C=C1)C,0.0023435704002622514
C[C@@H](C(NC1SC2=C(C=CC(=C2)C)N=1)=O)N1C(=O)C2C(CC=CC2)C1=O,0.004338435747195035
ClC1=CC=C(S(N2[C@H](C(OCC(NC3=C(Cl)N=CC=C3)=O)=O)CCC2)(=O)=O)C=C1,0.004447854845784605
COC1=C(NC(COC([C@H]2N(S(C3=CC=C(Cl)C=C3)(=O)=O)CCC2)=O)=O)C=C(N(=O)=O)C=C1,0.0033477229182608424
CN(S(C1=CC=C(Cl)C=C1)(=O)=O)CC(N[C@H](C1NC2=C(C=CC=C2)N=1)CC1=CC=CC=C1)=O,0.002575032680761069
CC([C@@H](C(NC1=CC2=C(OCO2)C=C1)=O)NC(C1=CC=C(C(C)(C)C)C=C1)=O)C,0.00958499675616622
CC([C@@H](C(NC1=C(N2CCOCC2)C=CC=C1)=O)NC(C1=CC=C(C(C)(C)C)C=C1)=O)C,0.00912490498740226
C[C@@H](C(OCC1SC2=C(C=CC=C2)N=1)=O)NC1=C(N(=O)=O)C=C(C(F)(F)F)C=C1,0.0032883331179618834
CC([C@@H](C(NC1=CC=C(N2CCOCC2)C=C1)=O)NC1=C(Cl)C=C(C(F)(F)F)C=C1)C,0.005021621286869049
CC1=C(C(N[C@H](C2NC3=C(C=CC=C3)N=2)CC2=CC=CC=C2)=O)SC=C1,0.003444559162016958
CSCC[C@@H](C1NC2=C(C=CC=C2)N=1)NC(C1=C(Cl)C=C(F)C(F)=C1)=O,0.0032028940913733095
COC1=C(NS(C2=C(N3CCCC3)C=CC(NC([C@@H](NC(N)=O)C)=O)=C2)(=O)=O)C=CC=C1,0.003677122900262475
CC([C@@H](C(NC1SC2=C(C=CC(S(C)(=O)=O)=C2)N=1)=O)NC(C1=CC(C)=CC=C1)=O)C,0.005172792938537896
CC([C@@H](C(OC(C(N)=O)C)=O)NC(C1=C(Cl)C=CC=C1)=O)C,0.007965958537533879
CC([C@@H](C(OCN1C(=O)C2=C(C=CC=C2)N=N1)=O)N1C(=O)C2=C(C=CC=C2)C1=O)C,0.004841902921907604
CC([C@@H](C(NC1=CC=C(N2CCOCC2)C=C1)=O)NC(C1=CC=C(C(C)(C)C)C=C1)=O)C,0.008909195428714156
COC1=CC(C(N[C@H](C(NNC(C2=CC=C(C)C=C2)=O)=O)C(C)C)=O)=CC(OC)=C1,0.005947236064821481
CC([C@@H](C(NC1SC(SCC2=CC=C(C#N)C=C2)=NN=1)=O)NC(C1=CC(C)=CC=C1)=O)C,0.005927471327595413
CC([C@@H](C(NC1=CC=C(C(F)(F)F)C=C1)=O)NC(C1OC=CC=1)=O)C,0.006239827116951346
CC([C@@H](C(OCC(NC1=CC(Cl)=CC=C1)=O)=O)NC(C1OC=CC=1)=O)C,0.007542978576384485
ClC1=CC=C(S(N2[C@H](C(OCC(NNC(C3=CC=CC=C3)=O)=O)=O)CCC2)(=O)=O)C=C1,0.0027713518240489064
O=C(OCC1=CC=CC=C1)N[C@H](C(NC1NC2=C(C=CC=C2)N=1)=O)CC1=CC=CC=C1,0.0025169087050016968
CC([C@@H](C(OCC(NC1C(C)C(C)CCC1)=O)=O)NC(C1=CC=C(F)C=C1)=O)C,0.010253105638548731
COC1=CC=C(C(N[C@H](C(NC2=C(C(N)=O)C=CS2)=O)C(C)C)=O)C=C1,0.006493825814686716
COC1=CC(C(N[C@H](C(OCN2C(=O)C3=C(C=CC=C3)N=N2)=O)C(C)C)=O)=CC(OC)=C1,0.007344953226856887
CCN(S(C1=CC(C(N[C@H](C(NC2SC(C3CC3)=NN=2)=O)C(C)C)=O)=CC=C1)(=O)=O)CC,0.005212619807571173
ClC1=CC=C(CC(N[C@H](C2NC3=C(C=CC=C3)N=2)CC2=CC=CC=C2)=O)C=C1,0.003426968934945762
COC([C@@H](NC(CC1=C2C(C=CC=C2)=CC=C1)=O)C)=O,0.005693793389946222
CC([C@@H](C(NC1=CC=C(N2CCOCC2)C=C1)=O)NS(C1=CC2=C(OCCO2)C=C1)(=O)=O)C,0.004965055116917938
CC([C@@H](C(OCC(NC1=C(Cl)C=CC(C(F)(F)F)=C1)=O)=O)NC(C1OC=CC=1)=O)C,0.006571563775651157
O=C(N[C@H](C1NC2=C(C=CC=C2)N=1)CC1=CC=CC=C1)CCC1C2=C(C=CC=C2)NC=1,0.004121920885518193
CCSC1SC(NC([C@H](C(C)C)NC(C2=CC(C)=CC=C2)=O)=O)=NN=1,0.007409270573407412
CCN(S(C1=CC(C(N[C@H](C(NCC2=CC=C(Cl)C=C2)=O)C(C)C)=O)=CC=C1)(=O)=O)CC,0.005579748889431357
CSCC[C@@H](C1NC2=C(C=CC=C2)N=1)NC(CCN1C2=C(C=CC=C2)SC2=C1C=CC=C2)=O,0.00395937436260283
C[C@@H](C(NC1=CC2=C(CCC2)C=C1)=O)NS(C1=C2C(N=S=N2)=CC=C1)(=O)=O,0.006422020005993545
CC1=C(NC(COC([C@H]2N(S(C3=CC=C(Cl)C=C3)(=O)=O)CC(O)C2)=O)=O)C=CC=C1Cl,0.002091122936690226
CC([C@@H](C(OCC(NC1SC=C(C2=CC=C(C)C=C2)N=1)=O)=O)NC(C1OC=CC=1)=O)C,0.00735170328989625
CSCC[C@@H](C1NC2=C(C=CC=C2)N=1)NC(CC1=CC(Cl)=C(Cl)C=C1)=O,0.0033053788472898306
COC1=CC(C(N[C@H](C(NC2=CC3=C(OCO3)C=C2)=O)C(C)C)=O)=CC(OC)=C1,0.008839884237386287
CC([C@@H](C(OCC1=C2C(COCO2)=CC(N(=O)=O)=C1)=O)NC(C1=C(Cl)C=CC=C1)=O)C,0.005646194622386247
CSC1=CC=C(C=C2C(=O)N(CCNC([C@H](C(C)C)NC(C3=CC=CC=C3)=O)=O)C(=O)S2)C=C1,0.003500224754679948
COC1=C(NC([C@H](C(C)C)NC(C2=CC=C(C(C)(C)C)C=C2)=O)=O)C=C(C)C=C1,0.011383504141122103
ClC1=CC(C(N[C@H](C2NC3=C(C=CC=C3)N=2)CC2=CC=CC=C2)=O)=C(Cl)C=C1,0.0033002156298607586
COC1=CC(C(N[C@H](C(N2C3=C(C=CC=C3)CC2)=O)C(C)C)=O)=CC(OC)=C1,0.00907709242310375
CC([C@@H](C(NC1=CC=C(NC(C)=O)C=C1)=O)NC(C1=CC=C(C(C)(C)C)C=C1)=O)C,0.009340999647974968
CCN(S(C1=CC(C(N[C@H](C(NC2=CC3=C(C=CC=C3)C=C2)=O)C(C)C)=O)=CC=C1)(=O)=O)CC,0.005158998561091721
CC([C@@H](C(NC1=CC(C#N)=CC=C1)=O)NC(C1=CC(C)=CC=C1)=O)C,0.0065448909066617485
COC1=CC(C(N[C@H](C(NC2=CC=C(N3CCOCC3)C=C2)=O)C(C)C)=O)=CC(OC)=C1,0.0072426330531015996
C[C@@H](C(NC1=C(OC2=CC=CC=C2)C=CC=C1)=O)N1C(=O)C2C(CC=CC2)C1=O,0.005210717883892357
CSCC[C@@H](C1NC2=C(C=CC=C2)N=1)NC(CCNC(C1=C(Cl)C=CC=C1)=O)=O,0.002987212792504579
CC([C@@H](C(OCC(NC1=NOC(C)=C1)=O)=O)NC(C1OC=CC=1)=O)C,0.008767512766644359
CN(S(C1=CC(C(N[C@H](C2NC3=C(C=CC=C3)N=2)CC2=CC=CC=C2)=O)=C(Cl)C=C1)(=O)=O)C,0.0024701183487195522
CC([C@@H](C(OC1=CC2=C(C(=CC(O2)=O)C)C=C1)=O)NC(C1=CC=C(C(C)(C)C)C=C1)=O)C,0.00936717470176518
CC([C@@H](C(OCC1C2=C(C=C(C=C2)C)OC(=O)C=1)=O)N1C(=O)C2=C(C=CC=C2)C1=O)C,0.005590411205776036
CSCC[C@@H](C1NC2=C(C=CC=C2)N=1)NC(CC1=CC=C(C2=CC=CC=C2)C=C1)=O,0.004248720954637975
CC1SC(CC(N[C@H](C2NC3=C(C=CC=C3)N=2)CC2=CC=CC=C2)=O)=C(C2=CC=C(C)C=C2)N=1,0.004023118899203837
CCN(S(C1=CC(C(N[C@H](C(NCC2=CC3=C(OCO3)C=C2)=O)C(C)C)=O)=CC=C1)(=O)=O)CC,0.0062472881516441705
CC([C@@H](C(NC1SC2=C(C=CC=C2)N=1)=O)NC(C1=CC(C)=CC=C1)=O)C,0.007579230191186071
CCN(S(C1=CC(C(N[C@H](C(NCC2OC=CC=2)=O)C(C)C)=O)=CC=C1)(=O)=O)CC,0.007029726775363088
COC1=CC(C(N[C@H](C(NC2SC=C(C)N=2)=O)C(C)C)=O)=CC(OC)=C1,0.006737466948106885
CC1=C(N(=O)=O)C=C(NC(COC([C@H]2N(S(C3=C(F)C=CC=C3)(=O)=O)CCC2)=O)=O)C=C1,0.003934416244737804
NC(C1C2=C(CCC2)SC=1NC(COC([C@H]1N(S(C2=C(F)C=CC=C2)(=O)=O)CCC1)=O)=O)=O,0.004571025655604899
CC([C@@H](C(NC1SC=CN=1)=O)NC(C1=CC=C(C(C)(C)C)C=C1)=O)C,0.007597122387960553
CC1=C(C(COC([C@H]2N(S(C3=CC=C(Cl)C=C3)(=O)=O)CC(O)C2)=O)=O)C2=C(C=CC=C2)N1,0.002125997975235805
CC([C@@H](C(NNC(C1=C(F)C=CC=C1)=O)=O)NC(C1=CC=C(C(C)(C)C)C=C1)=O)C,0.004850552300922573
COC1=CC(C(N[C@H](C(NC2SC(C)=CN=2)=O)C(C)C)=O)=CC(OC)=C1,0.006629065447486937
CCN(S(C1=CC(C(N[C@H](C(NC2NC3=C(C=CC=C3)N=2)=O)C(C)C)=O)=CC=C1)(=O)=O)CC,0.002858632704010233
CC([C@@H](C(OCC(C1=CC2=C(OCC(N2)=O)C=C1)=O)=O)N1C(=O)C2=C(C=CC=C2)C1=O)C,0.007029365049675107
OC1CN(S(C2=CC=C(Cl)C=C2)(=O)=O)[C@H](C(OCC(NC2=CC3=C(OCCO3)C=C2)=O)=O)C1,0.002118939073989168
COC1=CC=C(C(N[C@H](C(N[C@H](C2NC3=C(C=CC=C3)N=2)CC2=CC=CC=C2)=O)C(C)C)=O)C=C1,0.003905552765354514
CCC1SC(NC([C@H](C(C)C)NS(C2=CC=CC=C2)(=O)=O)=O)=NN=1,0.004110052739270032
CCOC1=C(C(N[C@H](C(NC2CCCCC2)=O)C(C)C)=O)C=CC=C1,0.011700354423373938
CC([C@@H](C(NC1SC(C2CC2)=NN=1)=O)NC(C1=CC(C)=CC=C1)=O)C,0.007632595300674438
C[C@@H](C(NCC1=CC=C(F)C=C1)=O)N1C(=O)C2C(CC=CC2)C1=O,0.004001391178462654
COC1=CC(C(N[C@H](C(OC2=CC3=C(C4=C(C(O3)=O)CCC4)C=C2)=O)C(C)C)=O)=CC(OC)=C1,0.010062919137999416
CCN(S(C1=CC(C(N[C@H](C(NC2=C(C)C(C)=CC=C2)=O)C(C)C)=O)=CC=C1)(=O)=O)CC,0.006321897055022419
CC([C@@H](C(NC1=CC=C(C2SC3=C(C=CC(=C3)C)N=2)C=C1)=O)NC(C1=CC=C(C)C=C1)=O)C,0.006738399062305689
CC([C@@H](C(NCC1OC=CC=1)=O)NC(C1=CC=C(C(C)(C)C)C=C1)=O)C,0.010953181330114603
COC1=CC(C(N[C@H](C(NC2SC3=C(C=CC(=C3)C)N=2)=O)C(C)C)=O)=CC(OC)=C1,0.007353213429450989
CSCC[C@@H](C1NC2=C(C=CC=C2)N=1)NC(CCCOC1=CC=C(C(C)(C)C)C=C1)=O,0.004321682068984955
CC([C@@H](C(NC1=CC(S(N2CCOCC2)(=O)=O)=C(C)C=C1)=O)NC(C1=CC(C)=CC=C1)=O)C,0.004927379172295332
CC([C@@H](C(NC1=CC2=C(OCCO2)C=C1)=O)NC(C1=CC=C(C(C)(C)C)C=C1)=O)C,0.00963820656761527
COC1=CC(C(N[C@H](C(NC2=C(C)C=CC(F)=C2)=O)C(C)C)=O)=CC(OC)=C1,0.007807371858507395
CC([C@@H](C(NC1=C(F)C=C(F)C=C1)=O)NC(C1OC=CC=1)=O)C,0.006386410212144256
CC([C@@H](C(NC1SC=C(C)N=1)=O)NC(C1=CC=C(C(C)(C)C)C=C1)=O)C,0.008462666696868838
CCN(S(C1=CC(C(N[C@H](C(NCC2SC=CC=2)=O)C(C)C)=O)=CC=C1)(=O)=O)CC,0.005341050331480801
CC([C@@H](C(NC1SC=C(C)N=1)=O)NC(C1=CC(C)=CC=C1)=O)C,0.006758508994244039
COC1=CC(C(N[C@H](C(NC2=C(N3CCOCC3)C=CC=C2)=O)C(C)C)=O)=CC(OC)=C1,0.007582654478028417
CC1ON=C(NC(COC([C@H]2N(S(C3=CC4=C(OCCO4)C=C3)(=O)=O)CC(O)C2)=O)=O)C=1,0.0024176763836294413
CC([C@@H](C(NC1SC=CN=1)=O)NC(C1=CC(C)=CC=C1)=O)C,0.005965791060589254
CC([C@@H](C(OCC(N)=O)=O)NS(C1=CC=C(Cl)C=C1)(=O)=O)C,0.0038629301940090953
FC1=C(S(N2[C@H](C(OCC(NC3=C(C4=CC=CC=C4)C=CC=C3)=O)=O)CCC2)(=O)=O)C=CC=C1,0.004270946991164237
CC([C@@H](C(NC1=CC=C(S(NC2SC=CN=2)(=O)=O)C=C1)=O)NC(C1=CC(C)=CC=C1)=O)C,0.004734643758274615
COC1=C(CCC(N[C@H](C2NC3=C(C=CC=C3)N=2)CC2=CC=CC=C2)=O)C=CC=C1,0.004455761425197125
CSCC[C@@H](C1NC2=C(C=CC=C2)N=1)NC(CC1SC=CC=1)=O,0.0027470622037071733
CCN(S(C1=CC(C(N[C@H](C(NC2=C(F)C=C(F)C=C2)=O)C(C)C)=O)=CC=C1)(=O)=O)CC,0.005469335522502661
CC1=C(C(COC([C@@H](NC(C2SC=CC=2)=O)CC2=CC=CC=C2)=O)=O)C2=C(C=CC=C2)N1,0.005510976398363709
CC([C@@H](C(NC1=CC=C(N2CCOCC2)C=C1)=O)NC(C1=CC(C)=CC=C1)=O)C,0.008007693523541092
OC1CN(S(C2=CC3=C(OCCO3)C=C2)(=O)=O)[C@H](C(OCC(NC2=C(F)C=CC=C2)=O)=O)C1,0.0024333456822205335
CSCC[C@@H](C1NC2=C(C=CC=C2)N=1)NC(COC1=CC=C(C(C2=CC=CC=C2)=O)C=C1)=O,0.0043096795678138735
NC(COC([C@H]1N(S(C2=CC3=C(OCCO3)C=C2)(=O)=O)CC(O)C1)=O)=O,0.002337576146237552
COC(C1=CC(NC(COC([C@H](C(C)C)NC(C2OC=CC=2)=O)=O)=O)=C(C(OC)=O)C=C1)=O,0.011413544788956642
C[C@@H](C(NC1=CC(C)=C(Br)C=C1)=O)NC(C1OC=CC=1)=O,0.008115485380403697
CSCC[C@@H](C1NC2=C(C=CC=C2)N=1)NC(C1=CC(OCC2=C(C)ON=C2C)=CC=C1)=O,0.0040973170660436155
CCN(S(C1=CC(C(N[C@H](C(NCCC2=CC=C(Cl)C=C2)=O)C(C)C)=O)=CC=C1)(=O)=O)CC,0.005595294281374663
CCN1C2=C(C=C(C(NNC([C@H](C(C)C)NC(C3=CC(OC)=CC(OC)=C3)=O)=O)=O)C=C2)N=C1C,0.0036210173740983008
COC1=CC(C(N[C@H](C(NCC2OC=CC=2)=O)C(C)C)=O)=CC(OC)=C1,0.00864963096100837
CCN(S(C1=CC(C(N[C@H](C(N2C3=C(C=CC=C3)CC2)=O)C(C)C)=O)=CC=C1)(=O)=O)CC,0.0063535980181768535
CC([C@@H](C(NC1=CC2=C(C=CC=C2)C=C1)=O)NC(N)=O)C,0.0036702067067380995
C[C@@H](C(OCC(NCC1OC=CC=1)=O)=O)NC1=C(N(=O)=O)C=C(C(F)(F)F)C=C1,0.004193760233465582
CC([C@@H](C(N[C@H](C1NC2=C(C=CC=C2)N=1)CC1=CC=CC=C1)=O)NC(C1=CC(C)=CC=C1)=O)C,0.004260978393722326
C[C@@H](C(NC1SC=C(C)N=1)=O)N1C(=O)C2C(CC=CC2)C1=O,0.0037378059234470127
COC1=CC(C(N[C@H](C(NC2=C(F)C=C(F)C=C2)=O)C(C)C)=O)=CC(OC)=C1,0.007283470197580755
CC([C@@H](C(OCC(C1C2=C(C=CC=C2)NC=1)=O)=O)NS(C1=CC2=C(OCCO2)C=C1)(=O)=O)C,0.004814345552586019
C[C@@H](C(OCC(NC1=NOC(C)=C1)=O)=O)NC(C1=CC=CC=C1)=O,0.006170552666299045
C[C@@H](C(N1C(=NCC2=CC=CC=C2)SCC1)=O)N1C(=O)C2C(CC=CC2)C1=O,0.004198581422679126
C[C@@H](C(NNC(C1=CC=C(Cl)C=C1)=O)=O)N1C(=O)C2C(CC=CC2)C1=O,0.0022706848103553057
COC1=CC(OC)=C(C(N[C@H](C2NC3=C(C=CC=C3)N=2)CC2=CC=CC=C2)=O)C=C1,0.0036927582230418922
CC([C@@H](C(NC1=CC(C#N)=CC=C1)=O)NC(C1=CC=C(C(C)(C)C)C=C1)=O)C,0.007855149125680328
CC([C@@H](C(NCCC1=CC=C(Cl)C=C1)=O)NC(N)=O)C,0.0037570309126749636
C[C@@H](C(NC1SC=C(C2=C(Cl)C=CC=C2)N=1)=O)N1C(=O)C2C(CC=CC2)C1=O,0.003244769701268524
C[C@@H](C(NNC(C1=CC(S(N2CCOCC2)(=O)=O)=CC=C1)=O)=O)N1C(=O)C2C(CC=CC2)C1=O,0.0017797176202293485
COC1=CC=C(NC([C@H](C(C)C)NC(C2OC=CC=2)=O)=O)C=C1,0.008126116264611483
CSCC[C@@H](C1NC2=C(C=CC=C2)N=1)NC(C1=C(Cl)C=C(N(=O)=O)C=C1)=O,0.0017408603976946323
CC([C@@H](C(NC1SC(C)=CN=1)=O)NC(C1=CC(C)=CC=C1)=O)C,0.006601929198950529
CCN(S(C1=CC=C(NC([C@H](C(C)C)NC(C2=CC(OC)=CC(OC)=C2)=O)=O)C=C1)(=O)=O)CC,0.0060019633965566754
CCN(S(C1=C(C)C=CC(NC([C@H](C(C)C)NC(C2=CC(C)=CC=C2)=O)=O)=C1)(=O)=O)CC,0.006128808856010437
CCN(S(C1=CC(C(N[C@H](C(NCC2=C(Cl)C=CC=C2)=O)C(C)C)=O)=CC=C1)(=O)=O)CC,0.005662230425514281
CC([C@@H](C(N1C(=NCC2=CC=CC=C2)SCC1)=O)NC(C1=CC(C)=CC=C1)=O)C,0.006368488469161093
C[C@@H](C(NC1SC=C(C2=CC=C(C3=CC=CC=C3)C=C2)N=1)=O)N1C(=O)C2C(CC=CC2)C1=O,0.00400471284519881
CCCNC([C@@H](NC(C1=CC=C(Br)C=C1)=O)C)=O,0.008542198641225695
COC1=CC(C2N=C(NC([C@H](C(C)C)NC(C3=CC(C)=CC=C3)=O)=O)SC=2)=C(OC)C=C1,0.0064572487259283665
COC1=CC2=C(N=C(S2)NC([C@H](C(C)C)NC(C2=CC(OC)=CC(OC)=C2)=O)=O)C=C1,0.007120675384066999
COC1=CC2=C(N=C(S2)NC([C@H](C(C)C)NC(C2=CC(C)=CC=C2)=O)=O)C=C1,0.007489647227339446
CC1=CC=C(CNC(COC([C@H]2N(S(C3=CC4=C(OCCO4)C=C3)(=O)=O)CC(O)C2)=O)=O)C=C1,0.002605398721061647
CC([C@@H](C(NCCC1=C(Cl)C=C(Cl)C=C1)=O)NC(N)=O)C,0.003736687870696187
COC1=C(OC)C=C(CCNC([C@H](C(C)C)NC(N)=O)=O)C=C1,0.00522964724805206
COC1=CC(C(N[C@H](C(NC2=CC(S(N3CCCC3)(=O)=O)=CC=C2)=O)C(C)C)=O)=CC(OC)=C1,0.005527395103126764
C[C@@H](C(NC1SC(C2CC2)=NN=1)=O)N1C(=O)C2C(CC=CC2)C1=O,0.0040537630906328555
CCC(NC([C@H](C(C)C)NC(C1=CC(OC)=CC(OC)=C1)=O)=O)CC,0.010769742447882891
CC([C@@H](C(NNC(C1=C(F)C=CC=C1)=O)=O)NC(C1=CC(C)=CC=C1)=O)C,0.003907023812644184
CC([C@@H](C(NC1=CC(C(C)=O)=CC=C1)=O)NC(C1=CC=C(C(C)(C)C)C=C1)=O)C,0.013581121806055307
COC1=CC(C(N[C@H](C(NNC(C2=CC=C(Br)C=C2)=O)=O)C(C)C)=O)=CC(OC)=C1,0.006474293675273657
C[C@@H](C(NC1SC=C(C2=C(F)C=CC(F)=C2)N=1)=O)N1C(=O)C2C(CC=CC2)C1=O,0.003320044034626335
CC([C@@H](C(N1CCN(C2=C(C)C(C)=CC=C2)CC1)=O)NC(C1=CC=C(C)C=C1)=O)C,0.009183326037600636
CC([C@@H](C(NC1=CC2=C(N=C(S2)C)C=C1)=O)NC(C1=CC(C)=CC=C1)=O)C,0.006605628086254001
CCN(S(C1=CC(C(N[C@H](C(NC2=C3C(C=CC=C3)=CC=C2)=O)C(C)C)=O)=CC=C1)(=O)=O)CC,0.0050626874435693026
COC1=CC=C(N2CCN(C([C@H](C(C)C)NC(C3=CC(OC)=CC(OC)=C3)=O)=O)CC2)C=C1,0.007375618000514806
O=C(C1C2=C(C=CC=C2)NC=1)COC([C@@H](NC(C1OC=CC=1)=O)CC1=CC=CC=C1)=O,0.006872100452892482
CSCC[C@@H](C1NC2=C(C=CC=C2)N=1)NC(COC1=CC=C(Cl)C=C1)=O,0.003275888436473906
CCOC1=CC2=C(N=C(S2)NC([C@H](C(C)C)NC(C2=CC(OC)=CC(OC)=C2)=O)=O)C=C1,0.007217112835496664
CCN(S(C1=CC(C(N[C@H](C(NCC2=CC(Cl)=CC=C2)=O)C(C)C)=O)=CC=C1)(=O)=O)CC,0.005636923271231354
CSCC[C@@H](C1NC2=C(C=CC=C2)N=1)NC(C1=C(N2CCCCC2)C=CC(N(=O)=O)=C1)=O,0.0019099992816336453
C[C@@H](C(NC1NC2=C(C=CC=C2)N=1)=O)N1C(=O)C2C(CC=CC2)C1=O,0.0018375806452240796
CC([C@@H](C(NC1=C(C)C=CC(S(N2CCCCC2)(=O)=O)=C1)=O)NC(C1=CC(C)=CC=C1)=O)C,0.00499517509015277
COC1=CC(C(N[C@H](C(NC2=C(C)C=C(C)C=C2C)=O)C(C)C)=O)=CC(OC)=C1,0.009497220534831286
COC1=C(OC)C=C(C2N=C(NC([C@H](C(C)C)NC(C3=CC(C)=CC=C3)=O)=O)SC=2)C=C1,0.00675588462036103
CC([C@@H](C(NC1=CC2=C(OCCO2)C=C1)=O)NC(C1=CC(C)=CC=C1)=O)C,0.008452347619459033
CC1=CC=C(S(N2[C@H](C(NCC3=CC4=C(OCO4)C=C3)=O)CCC2)(=O)=O)C=C1,0.005470271478407085
CC[C@@H]([C@@H](C(NC1=CC(Cl)=C(OC)C=C1)=O)NC(N)=O)C,0.0035056338645517828
COC1=C(OC)C=C(CNC([C@H](C(C)C)NC(N)=O)=O)C=C1,0.0049475474399514495
C[C@@H](C(NC1SC=C(C2=CC=C(F)C=C2)N=1)=O)N1C(=O)C2C(CC=CC2)C1=O,0.0032285393215715887
COC1=CC=C(C(NNC([C@H](C(C)C)NC(C2=CC=C(C(C)(C)C)C=C2)=O)=O)=O)C=C1,0.006485726009123028
COC1=CC(C(N[C@H](C(NC2=CC(C)=CC(C)=C2)=O)C(C)C)=O)=CC(OC)=C1,0.00887683774344623
CCOC1=CC=C(S(NCCC(N[C@H](C2NC3=C(C=CC=C3)N=2)CC2=CC=CC=C2)=O)(=O)=O)C=C1,0.0025579029286745937
CC([C@@H](C(NC1=CC=C(C#N)C=C1)=O)NC(C1=CC=C(C(C)(C)C)C=C1)=O)C,0.007892717164941132
CCC1SC(NC([C@H](C(C)C)NC(C2=CC(C)=CC=C2)=O)=O)=NN=1,0.006970402924343944
COC1=CC(C(N[C@H](C2NC3=C(C=CC=C3)N=2)CCSC)=O)=C(Br)C=C1,0.0042555264197289945
CC([C@@H](C(NC1=CC2=C(OCO2)C=C1)=O)NC(C1=CC(C)=CC=C1)=O)C,0.008199634263291955
CC([C@@H](C(OCC(NCCC1=CC=C(S(N)(=O)=O)C=C1)=O)=O)NC(C1=CC=C(Cl)C=C1)=O)C,0.006027268059551716
COC1=CC(C(N[C@H](C(OCC(NC(C2=CC=CC=C2)C)=O)=O)C(C)C)=O)=CC(OC)=C1,0.009711076016537845
CC([C@@H](C(OCC(N)=O)=O)NS(C1=CC=CC=C1)(=O)=O)C,0.004091826977673918
CC([C@@H](C(NNC(C1=CC=CC=C1)=O)=O)NC(C1=CC=C(C(C)(C)C)C=C1)=O)C,0.0062397163128480315
CC(C(NC1=CC(Cl)=CC(Cl)=C1)=O)OC([C@H]1N(C(C2SC=CC=2)=O)CCC1)=O,0.005695096985436976
CC([C@@H](C(NC1=CC=C(S(N(C)C)(=O)=O)C=C1)=O)NC(C1=CC=C(C(C)(C)C)C=C1)=O)C,0.0060606329469010236
CC([C@@H](C(OCC(N)=O)=O)NS(C1=CC=C(C)C=C1)(=O)=O)C,0.0043209070106968285
CC1N(CC=C)C(C)=C(C(COC([C@H]2N(S(C3=CC=C(Cl)C=C3)(=O)=O)CC(O)C2)=O)=O)C=1,0.003200268535874784
COC1=C(Cl)C=C(NC([C@H](C(C)C)NC(N)=O)=O)C=C1,0.003906107088550925
CC[C@@H]([C@@H](C(NC1=CC=C(NC(C)=O)C=C1)=O)NC(N)=O)C,0.003904240787960589
COC1=C(NC(C2=CC=C(NC(COC([C@@H](NC(C3=CC=CC=C3)=O)C)=O)=O)C=C2)=O)C=CC=C1,0.0072155789704993365
CC([C@@H](C(NC1SC2=C(C(=CC=C2)C)N=1)=O)NC(C1=CC(C)=CC=C1)=O)C,0.008103301632218063
O=C(C1CC1)N[C@H](C1NC2=C(C=CC=C2)N=1)CC1=CC=CC=C1,0.004119405557867139
CSCC[C@@H](C1NC2=C(C=CC=C2)N=1)NC(CCC1=CC=CC=C1)=O,0.003749095008242875
FC1=CC=C(CSC2SC(NC([C@@H](NC(C3SC=CC=3)=O)CC3=CC=CC=C3)=O)=NN=2)C=C1,0.004908908298239112
CC([C@@H](C(OCC(C1SC(Br)=CC=1)=O)=O)N1C(=O)C2=C(C=CC=C2)C1=O)C,0.008020064793527126
CC([C@@H](C(NC1=CC(S(N2CCOCC2)(=O)=O)=CC=C1)=O)NC(C1=CC(C)=CC=C1)=O)C,0.004779249615967274
CSCC[C@@H](C1NC2=C(C=CC=C2)N=1)NC(C1=CC=C(N2C(=O)CCC2)C=C1)=O,0.0030068863765336574
C[C@@H](C(NC1SC=C(C2=CC(C)=C(C)C=C2)N=1)=O)N1C(=O)C2C(CC=CC2)C1=O,0.0043003519182093445
CCOC1=C(C(N[C@H](C(NC2=C(C)C(C)=CC=C2)=O)C(C)C)=O)C=CC=C1,0.010393454832956195
C[C@@H](C(NC1SC=C(C2=CC3=C(C=CC=C3)C=C2)N=1)=O)N1C(=O)C2C(CC=CC2)C1=O,0.003821929544210434
CSCC[C@@H](C1NC2=C(C=CC=C2)N=1)NC(C1=CC=C(S(N(C)C)(=O)=O)C=C1)=O,0.0023332043318077924
C[C@@H](C(NC1SC(SCC2=CC=C(F)C=C2)=NN=1)=O)N1C(=O)C2C(CC=CC2)C1=O,0.003884315851610154
CSCC[C@@H](C1NC2=C(C=CC=C2)N=1)NC(C(OC1=CC=C(Cl)C=C1)(C)C)=O,0.003785361896734685
CSCC[C@@H](C1NC2=C(C=CC=C2)N=1)NC(C1=CC(S(N(C)C)(=O)=O)=CC=C1)=O,0.002267889742506668
COC([C@H](NC(CNC(C1=C(OC)C=CC=C1)=O)=O)CC1C2=C(C=CC=C2)NC=1)=O,0.004275110433809459
CCOC1=CC2=C(N=C(S2)NC([C@@H](N2C(=O)C3C(CC=CC3)C2=O)C)=O)C=C1,0.004388319235295058
CC([C@@H](C(NC1SC(SCC2=CC=C(F)C=C2)=NN=1)=O)NC(C1=CC(C)=CC=C1)=O)C,0.006356989219784737
CSCC[C@@H](C1NC2=C(C=CC=C2)N=1)NC(CC1=CC=C(Cl)C=C1)=O,0.003089689213084057
COC1=CC(C(N[C@H](C(NC2SC=C(C3=CC=C(F)C=C3)N=2)=O)C(C)C)=O)=CC(OC)=C1,0.006055681873112917
CC([C@@H](C(OC(C(N)=O)C)=O)NC(C1=CC=C(C)C=C1)=O)C,0.008777156425639986
ClC1=CC=C(S(N2[C@H](C(OCC(C3SC(Br)=CC=3)=O)=O)CCC2)(=O)=O)C=C1,0.008193016704171895
CSCC[C@@H](C1NC2=C(C=CC=C2)N=1)NC(COC1=C(C2=CC=CC=C2)C=CC=C1)=O,0.0042985422303900124
COC1=CC(C(N[C@H](C(OCC(NC2=CC=C(C(N)=O)C=C2)=O)=O)C(C)C)=O)=CC(OC)=C1,0.007285907655023039
C[C@@H](C(NC1SC=C(C2=CC(F)=C(F)C=C2)N=1)=O)N1C(=O)C2C(CC=CC2)C1=O,0.0032862454652786257
CC([C@@H](C(N1CCN(C2=C(C)C(C)=CC=C2)CC1)=O)NC(C1=CC(C)=CC=C1)=O)C,0.009175399737432598
CSCC[C@@H](C1NC2=C(C=CC=C2)N=1)NC(C1=CC=C(C#N)C=C1)=O,0.0026636206428520383
O=C(N[C@H](C1NC2=C(C=CC=C2)N=1)CC1=CC=CC=C1)CC1SC(S(N2CCCCC2)(=O)=O)=CC=1,0.002005170582560822
C[C@@H](C(N1CCN(S(C2=CC3=C(C=CC=C3)C=C2)(=O)=O)CC1)=O)NC(N)=O,0.002379692532122135
CSCC[C@@H](C1NC2=C(C=CC=C2)N=1)NC(C1=C(Cl)C=CC(S(N(C)C)(=O)=O)=C1)=O,0.002210785582428798
CSCC[C@@H](C1NC2=C(C=CC=C2)N=1)NC(CC1SC(S(N2CCCCC2)(=O)=O)=CC=1)=O,0.0019864739617332814
CSCC[C@@H](C1NC2=C(C=CC=C2)N=1)NC(C1CC1)=O,0.0038463271339423954
CN1C(=O)N(C)C(=O)C(C(COC([C@H]2N(S(C3=CC=C(Cl)C=C3)(=O)=O)CCC2)=O)=O)=C1N,0.005395229603163898
O=N(C1=CC=C(C(N[C@H](C2NC3=C(C=CC=C3)N=2)CC2=CC=CC=C2)=O)C=C1)=O,0.001984913882915862
NC(C1=CC=C(NC(COC([C@@H](NC(OCC2=CC=CC=C2)=O)CC2=CC=CC=C2)=O)=O)C=C1)=O,0.005557266576215625
COC1=CC=C(C(N[C@H](C2NC3=C(C=CC=C3)N=2)CC2=CC=CC=C2)=O)C=C1,0.003968046966474503
CSCC[C@@H](C1NC2=C(C=CC=C2)N=1)NC(COC1=C(Cl)C=CC=C1)=O,0.003287711541634053
COC1=CC(OC)=C(C(COC([C@@H](N2C(=O)C3=C(C=CC=C3)C2=O)CC2=CC=CC=C2)=O)=O)C=C1,0.0067192088579759
COC1=C(NC([C@H]2N(C(C3SC=CC=3)=O)CCC2)=O)C=C(S(N2CCOCC2)(=O)=O)C=C1,0.004121235501952469
CSCC[C@@H](C1NC2=C(C=CC=C2)N=1)NC(CC1=C(Cl)C=CC=C1F)=O,0.0025440873054321856
CC([C@@H](C(OCC1=C(C)ON=C1C)=O)NC(CC1=C2C(C=CC=C2)=CC=C1)=O)C,0.00898652388714254
CCC(C1SC(NC([C@H](C(C)C)NC(C2=CC(C)=CC=C2)=O)=O)=NN=1)CC,0.008856731420382857
C[C@@H](C(NC1SC2=C(C=CC(=C2)Cl)N=1)=O)NC(C1=CC=C(Cl)C=C1)=O,0.005398267926648259
COC1=CC=C(C(N[C@H](C(N2CCN(C3=C(F)C=CC=C3)CC2)=O)C(C)C)=O)C=C1,0.006671473756432534
CC([C@@H](C(NNC(C1=CC=C(Cl)C=C1)=O)=O)NC(C1=CC(C)=CC=C1)=O)C,0.004581728973425925
COC1=CC(C(N[C@H](C(OCC(NC2=CC=C(C(C)C)C=C2)=O)=O)C(C)C)=O)=CC(OC)=C1,0.009110243897885084
COC1=CC(C(N[C@H](C(NC2SC3=C(C=CC(S(C)(=O)=O)=C3)N=2)=O)C(C)C)=O)=CC(OC)=C1,0.00528494551545009
COC1=CC(C(N[C@H](C(NNC(C2=C(F)C=CC=C2)=O)=O)C(C)C)=O)=CC(OC)=C1,0.00482618750538677
CC([C@@H](C(NC1=CC(S(N(C)C)(=O)=O)=C(C)C=C1)=O)NC(C1=CC(C)=CC=C1)=O)C,0.005524104717187584
CC([C@@H](C(NC1=CC=C(C#N)C=C1)=O)NC(C1=CC=C(F)C=C1)=O)C,0.004934125090949237
CCN1C2=C(C=CC(=N2)C)C(=O)C(C(N[C@H](C2NC3=C(C=CC=C3)N=2)CCSC)=O)=C1,0.0031939064792823046
COC1=C(NC([C@@H](NC(N)=O)C)=O)C=C(N(=O)=O)C=C1,0.0024095925327856094
COC1=CC=C(C(N[C@H](C(NC2=CN=C(OC)C=C2)=O)C(C)C)=O)C=C1,0.006487405044026673
C[C@@H](C(N=C1N(C)C2=C(C=CC=C2)S1)=O)N1C(=O)C2C(CC=CC2)C1=O,0.006109489384107292
COC1=C(N(=O)=O)C=C(C)C(NC(COC([C@H](C(C)C)NC(C2=CC=CC=C2)=O)=O)=O)=C1,0.007729017385281622
COC1=CC(C(N[C@H](C(NC2SC(C3CC3)=NN=2)=O)C(C)C)=O)=CC(OC)=C1,0.007262681610882282
C[C@@H](C(NCC1=C(Cl)C=CC=C1)=O)N1C(=O)C2C(CC=CC2)C1=O,0.004807031468953937
C[C@@H](C(N(C1=CC(Cl)=CC=C1)C1SC2=C(C=CC=C2)N=1)=O)N1C(=O)C2C(CC=CC2)C1=O,0.004324143496342003
CC([C@@H](C(NCCC1=CC=C(S(N)(=O)=O)C=C1)=O)NC(C1=CC(C)=CC=C1)=O)C,0.0063539620256051425
CC[C@@H]([C@@H](C(NC1=CC=C(C)C=C1)=O)NC(N)=O)C,0.004076213110238314
CCSC1SC(NC([C@H](C(C)C)NC(C2=CC(OC)=CC(OC)=C2)=O)=O)=NN=1,0.007599512091837823
C[C@@H](C(NC1=C(C#N)C2=C(CCCC2)S1)=O)N1C(=O)C2C(CC=CC2)C1=O,0.003751988848671317
CSCC[C@@H](C1NC2=C(C=CC=C2)N=1)NC(C1=CC=NC=C1)=O,0.002876253373688087
COC1=CC=C(C(NNC([C@H](C(C)C)NC(C2=CC(OC)=CC(OC)=C2)=O)=O)=O)C=C1,0.006115716206841171
CC([C@@H](C(NNC(C1=CC(Cl)=CC=C1)=O)=O)NC(C1=CC(C)=CC=C1)=O)C,0.004569655354134739
C[C@@H](C(OCC(N1C2=C(C=CC=C2)NC(=O)C1)=O)=O)NC(C1OC=CC=1)=O,0.007360753323882818
CC([C@@H](C(NC1SC(C)=CN=1)=O)NC(C1=CC=C(C(C)(C)C)C=C1)=O)C,0.00827424917370081
CSCC[C@@H](C1NC2=C(C=CC=C2)N=1)NC(C1=CC(S(N2CCOCC2)(=O)=O)=CC=C1)=O,0.002093655546195805
O=N(C1=C(Cl)C=CC(C(N[C@H](C2NC3=C(C=CC=C3)N=2)CC2=CC=CC=C2)=O)=C1)=O,0.0022736028186045587
CSCC[C@@H](C1NC2=C(C=CC=C2)N=1)NC(CC1=CC=CC=C1)=O,0.003394503949675709
COC1=CC=C(C2N=C(NC([C@H](C(C)C)NC(C3=CC(OC)=CC(OC)=C3)=O)=O)SC=2)C=C1,0.006325414194725454
CC([C@@H](C(NNC(C1=CC=C(C)C=C1)=O)=O)NC(C1=CC=C(C(C)(C)C)C=C1)=O)C,0.006704911566339433
C[C@@H](C(OCC(C1=C(C)C(C(C)=O)=C(C)N1)=O)=O)NC(C1=CC=CC=C1)=O,0.008515377901494503
COC1=CC(C(N[C@H](C(NCC(C)C)=O)C(C)C)=O)=CC(OC)=C1,0.009817409515380859
CSCC[C@@H](C1NC2=C(C=CC=C2)N=1)NC(C1=C(C)C=CC(S(N2CCOCC2)(=O)=O)=C1)=O,0.0021768509061075745
O=N(C1=C(NC(COC([C@H]2N(C(C3SC=CC=3)=O)CCC2)=O)=O)C=CC(F)=C1)=O,0.004456846485845744
C[C@@H](C(NC1SC2=C(C=CC(=C2)F)N=1)=O)N1C(=O)C2C(CC=CC2)C1=O,0.0034908988513052464
CC([C@@H](C(OCC(N)=O)=O)NC1=C(N(=O)=O)C=C(S(N2CCOCC2)(=O)=O)C=C1)C,0.0036836432060226797
CSCC[C@@H](C1NC2=C(C=CC=C2)N=1)NC(CN1C(=O)C2C(CC=CC2)C1=O)=O,0.0021128910942934454
CC1=CC=C(S(N2[C@H](C(OCC(C3=CC4=C(OCC(N4)=O)C=C3)=O)=O)CCC2)(=O)=O)C=C1,0.006535549135878682
CSCC[C@@H](C1NC2=C(C=CC=C2)N=1)NC(C1=C(F)C=CC(S(N2CCOCC2)(=O)=O)=C1)=O,0.001984177704434842
CC([C@@H](C(N1CCN(C2=C(F)C=CC=C2)CC1)=O)NC(C1=CC=C(C)C=C1)=O)C,0.006573333241976798
ClC1=CC=C(S(N2[C@H](C(OCC(N3CCN(C4=CC=CC=C4)CC3)=O)=O)CCC2)(=O)=O)C=C1,0.004829045257065445
C[C@@H](C(NC1SC=C(C2=CC=C(C)C=C2)N=1)=O)N1C(=O)C2C(CC=CC2)C1=O,0.004026845039334148
CC([C@@H](C(OCC(NCC(F)(F)F)=O)=O)NS(C1=CC2=C(OCCO2)C=C1)(=O)=O)C,0.004501959925983101
CCNC(NC(COC([C@H](C(C)C)NS(C1=CC=C(Cl)C=C1)(=O)=O)=O)=O)=O,0.0016284722718410195
CC([C@@H](C(NC1=CC(S(N(C)C)(=O)=O)=CC=C1)=O)NC(C1=CC=C(C(C)(C)C)C=C1)=O)C,0.006017740955576301
CC([C@@H](C(NC1=C(C)C(Cl)=CC=C1)=O)NS(C1=CC2=C(OCCO2)C=C1)(=O)=O)C,0.005340959457680583
CSCC[C@@H](C1NC2=C(C=CC=C2)N=1)NC(C1=CC=C(S(N(C2=CC=CC=C2)C)(=O)=O)C=C1)=O,0.0023449365224223586
CCSC1SC(NC([C@H]([C@H](CC)C)NC(OCC2=CC=CC=C2)=O)=O)=NN=1,0.0047919366275891665
O=C(N1C2=C(C=CC=C2)CC1)[C@H]1N(C(C2SC=CC=2)=O)CCC1,0.007862458867020906
CC([C@@H](C(OCC(C1=C(C)C=CC(C)=C1)=O)=O)NC(CC1=C2C(C=CC=C2)=CC=C1)=O)C,0.012367517361417413
CC([C@@H](C(OCC(NC1=NOC(C)=C1)=O)=O)NS(C1=CC2=C(OCCO2)C=C1)(=O)=O)C,0.0055361137259751555
CC1=CC=C(S(N2[C@H](C(OCC(NC3=C(N(=O)=O)C=C(Cl)C=C3)=O)=O)CCC2)(=O)=O)C=C1,0.003795644256751984
CC1=C(N(=O)=O)C=C(NC(COC([C@H]2N(S(C3=CC=C(Cl)C=C3)(=O)=O)CCC2)=O)=O)C=C1,0.003926108439918608
C[C@@H](C(OCC(N1C2=C(C=CC=C2)CC1)=O)=O)NS(C1=CC(Cl)=C(Cl)C=C1)(=O)=O,0.004764350247569382
O=N(C1=C(NC(COC([C@H]2N(S(C3=CC=C(Cl)C=C3)(=O)=O)CCC2)=O)=O)C=CC=C1)=O,0.003999583947006613
COC1=CC(OC)=CC(NC([C@H](C(C)C)NC(C2=CC(OC)=CC(OC)=C2)=O)=O)=C1,0.008337169955484568
CSCC[C@@H](C1NC2=C(C=CC=C2)N=1)NC(C1=CC(F)=CC(F)=C1)=O,0.0028099827584810557
CC([C@@H](C(OCC(C1NC=CC=1)=O)=O)NC(CC1=C2C(C=CC=C2)=CC=C1)=O)C,0.0076197577640414235
COC1=CC=C(C(N[C@H](C(NC2SC=C(C3=CC=CC=C3)N=2)=O)C(C)C)=O)C=C1,0.006789957918226719
CC([C@@H](C(NC1=CC2=C(N=C(S2)C)C=C1)=O)NC1=C(Cl)C=C(C(F)(F)F)C=C1)C,0.004323543654754758
CCOC1=C(C(N[C@H](C(OCC(NC(N)=O)=O)=O)C(C)C)=O)C=CC=C1,0.002949585486203432
CCOC(C1=CC2=C(N=C(C(N2CC)=O)CCC(N[C@H](C(OC)=O)C(C)C)=O)C=C1)=O,0.008395921275950968
O=C(N[C@H](C1NC2=C(C=CC=C2)N=1)CC1=CC=CC=C1)CCCSC1SC2=C(C=CC=C2)N=1,0.003383099939674139
C[C@@H](C(OCC(NC1=C(Cl)C=C(Cl)C(C)=N1)=O)=O)NC(C1=CC=CC=C1)=O,0.006105766468681395
CC([C@@H](C(OCC1=CC(S(N(C)C)(=O)=O)=CC=C1)=O)N1C(=O)C2=C(C=CC=C2)C1=O)C,0.004258728621061891
COC1=CC(C(N[C@H](C(NC2=CC(F)=C(F)C=C2)=O)C(C)C)=O)=CC(OC)=C1,0.007986991037614643
CC([C@@H](C(OCC(C1SC(Br)=CC=1)=O)=O)NC(CC1=C2C(C=CC=C2)=CC=C1)=O)C,0.010214004386216401
CCCCCNC([C@@H](NC(C1=CC=C(F)C=C1)=O)CC1C2=C(C=CC=C2)NC=1)=O,0.0037262856145389377
COC1=C(N2CCN(C([C@H](C(C)C)NC(C3=C(Cl)C=C(N(=O)=O)C=C3)=O)=O)CC2)C=CC=C1,0.004521479993127286
CNC(NC(COC([C@H](C(C)C)NS(C1=CC=CC=C1)(=O)=O)=O)=O)=O,0.0016394253209000454
COC1=CC(C2N=C(NC([C@H](C(C)C)NC(C3=CC(OC)=CC(OC)=C3)=O)=O)SC=2)=C(OC)C=C1,0.006474963785149157
COC([C@H](NC(CSC1=CC2=C(OCCO2)C=C1)=O)CC1C2=C(C=CC=C2)NC=1)=O,0.0037003662786446513
CC([C@@H](C(OCCN(C)C)=O)NC(C1=CC=C(C)C=C1)=O)C,0.010045539448037743
CC([C@@H](C(OCC(NC1=C(C(F)(F)F)C=C(N(=O)=O)C=C1)=O)=O)NC(C1=CC(C)=CC=C1)=O)C,0.004587296233512461
CC([C@@H](C(NC1=CC(C)=C(C)C=C1)=O)NC(C1=CC(S(N2CCOCC2)(=O)=O)=CC=C1)=O)C,0.0052104683360084895
CC([C@@H](C(NCC1=CC=C(Cl)C=C1)=O)NC(C1=CC(S(N2CCOCC2)(=O)=O)=CC=C1)=O)C,0.004546374757774174
CC([C@@H](C(OCC1OC(C2=CC=CC=C2)=NN=1)=O)NC(C1=CC=CC=C1)=O)C,0.007042912463657558
CC([C@@H](C(OCC(NC(N)=O)=O)=O)NS(C1=CC=C(Br)C=C1)(=O)=O)C,0.0017964498547371477
C[C@@H](C(NC1=CC=C(OC2=CC=C(Br)C=C2)C=C1)=O)NC(C1=C(Cl)C=CC=C1)=O,0.006699825404211879
COC1=C(Cl)C=C(NC([C@@H](NC(C2=CC=C(C(C)(C)C)C=C2)=O)C)=O)C=C1,0.008045824663713574
CC([C@@H](C(OCC(NC1=NOC(C)=C1)=O)=O)NS(C1=CC=C(Br)C=C1)(=O)=O)C,0.006060854787938297
CCN(S(C1=CC(C(N[C@H](C(NNC(C2=C(F)C=CC=C2)=O)=O)C(C)C)=O)=CC=C1)(=O)=O)CC,0.003268701973138377
CC([C@@H](C(NC(C)(C)C)=O)NS(C1=CC(Cl)=C(Cl)C=C1)(=O)=O)C,0.005897994060069323
C[C@@H](C(NC1SC(C)=CN=1)=O)N1C(=O)C2C(CCCC2)C1=O,0.0036113701411522926
FC1=C(S(N2[C@H](C(NC3=CC4=C(OCO4)C=C3)=O)CCC2)(=O)=O)C=CC=C1,0.004633398191072047
COC([C@H](NC(C1CCC(C(C)(C)C)CC1)=O)CC1C2=C(C=CC=C2)NC=1)=O,0.006644693249836564
CC(C1=CC=C(NC([C@H]2N(S(C3=C(F)C=CC=C3)(=O)=O)CCC2)=O)C=C1)C,0.004735052864998579
CC([C@@H](C(OCC(NC1=C(F)C=CC(N(=O)=O)=C1)=O)=O)NS(C1=CC=CC=C1)(=O)=O)C,0.003285435924772173
CC([C@@H](C(NC1NC2=C(C=CC=C2)N=1)=O)NC(C1=CC=C(C(C)(C)C)C=C1)=O)C,0.0045386349898763004
CSCC[C@@H](C1NC2=C(C=CC=C2)N=1)NC(C1C2=C(C=CC=C2)C(=O)N(C)N=1)=O,0.003660166810732335
CSCC[C@@H](C1NC2=C(C=CC=C2)N=1)NC(C1CCCC1)=O,0.0045524201123043895
CSCC[C@@H](C1NC2=C(C=CC=C2)N=1)NC(C1=C(C)C=CS1)=O,0.002962118189316243
CCC1=CC=C(C2N=C(NC([C@@H](N3C(=O)C4C(CC=CC4)C3=O)C)=O)SC=2)C=C1,0.004251646704506129
COCCNC([C@H](C(C)C)NC(C1=CC=C(Cl)C=C1)=O)=O,0.006558147654868662
CSCC[C@@H](C1NC2=C(C=CC=C2)N=1)NC(C1=C(F)C=CC=C1)=O,0.002657398482551798
COC1=CC(CC(N[C@H](C2NC3=C(C=CC=C3)N=2)CCSC)=O)=CC=C1,0.0038292445708066223
CC([C@@H](C(OCC(C1NC=CC=1)=O)=O)NC(C1=C(C)C=CC=C1)=O)C,0.008099312032572924
COC1=C(N(=O)=O)C=C(C(N[C@H](C2NC3=C(C=CC=C3)N=2)CCSC)=O)C=C1,0.0024461841734591872
CSCC[C@@H](C1NC2=C(C=CC=C2)N=1)NC(C1=CC2=C(C=CC=C2)C=C1)=O,0.003733974415808916
CSCC[C@@H](C1NC2=C(C=CC=C2)N=1)NC(CC1=CC=C(Br)C=C1)=O,0.004134541214443743
CSCC[C@@H](C1NC2=C(C=CC=C2)N=1)NC(C1=CC=C(OCC2OCCC2)C=C1)=O,0.004054498800542206
CSCC[C@@H](C1NC2=C(C=CC=C2)N=1)NC(C1=CC(C)=C(N(=O)=O)C=C1)=O,0.0023374354583211242
CC([C@@H](C(OCC(C1SC(Cl)=CC=1)=O)=O)NC(C1=C(C)C=CC=C1)=O)C,0.009454756323248149
CC([C@@H](C(OCC(C1SC(Br)=CC=1)=O)=O)NC(C1OC=CC=1)=O)C,0.01300825858488679
COC(C1=CC(C(OC)=O)=CC(NC([C@H](C(C)C)NC(C2=CC=C(OC)C=C2)=O)=O)=C1)=O,0.00841153017245233
O=C(N1CC2=C(C=CC=C2)CC1)COC([C@@H](NC(C1SC=CC=1)=O)CC1=CC=CC=C1)=O,0.007510287174955011
C[C@@H](C(NC1SC(C)=CN=1)=O)N1C(=O)C2C(CC=CC2)C1=O,0.0036825068993493913
O=C(N1CC2=C(C=CC=C2)CC1)COC([C@@H](NC(C1OC=CC=1)=O)CC1=CC=CC=C1)=O,0.00947633762843907
CC([C@@H](C(OCC(NCCC1=CC=CC=C1)=O)=O)NC(C1OC=CC=1)=O)C,0.009291634196415544
CC([C@@H](C(NNC(C1=CC=C(C)C=C1)=O)=O)NC(C1=CC(C)=CC=C1)=O)C,0.005478630203288049
CC([C@@H](C(NC(C1C2CC(CC2)C1)C)=O)NC(C1=CC(S(N2CCOCC2)(=O)=O)=CC=C1)=O)C,0.006218384858220816
CC([C@@H](C(NC1=CC=C(Br)C=C1)=O)NC(C1=CC=CC=C1)=O)C,0.008984984317794441
COC1=CC(C(N[C@H](C(NC2SC(C)=C(C3=CC=CC=C3)N=2)=O)C(C)C)=O)=CC(OC)=C1,0.006848580716177821
CSCC[C@@H](C1NC2=C(C=CC=C2)N=1)NC(C1CCC(=O)NN=1)=O,0.002316578436875716
O=C([C@H]1N(C(C2SC=CC=2)=O)CCC1)NC1=CC=C(OCC2=CC=CC=C2)C=C1,0.006042848085053265
CC([C@@H](C(OCC1N=C(C2=CC=CC=C2)SC=1)=O)NC(C1=C(Cl)C=CC=C1)=O)C,0.006538647459819913
CSCC[C@@H](C1NC2=C(C=CC=C2)N=1)NC(C1=CC(S(N2CCCC2)(=O)=O)=C(Cl)C=C1)=O,0.002178191515849903
COC1=CC(C(N[C@H](C(NC2=CC=C(S(N(C)C)(=O)=O)C=C2)=O)C(C)C)=O)=CC(OC)=C1,0.005683525372296572
COC1=CC(C(N[C@H](C(NC2SC3=C(C(=CC=C3)C)N=2)=O)C(C)C)=O)=CC(OC)=C1,0.0075305237667635085
COC1=CC(C(N[C@H](C(NC2SC=C(C3=C(F)C=CC(F)=C3)N=2)=O)C(C)C)=O)=CC(OC)=C1,0.0064033665228635074
CCOC1=CC=C(C(N[C@H](C(NC2=C(OC)C=CC=C2)=O)C(C)C)=O)C=C1,0.008646994549781083
CSCC[C@@H](C1NC2=C(C=CC=C2)N=1)NC(C1=C(C)C(C(C)=O)=C(C)N1)=O,0.005222469894215464
CC([C@@H](C(OC(C(NC1=C(Cl)C=C(Cl)C=N1)=O)C)=O)NC(C1=CC=C(Cl)C=C1)=O)C,0.0074099730234593155
CC([C@@H](C(NC1SC2=C(CCCC2)N=1)=O)NC1=C(Cl)C=C(C(F)(F)F)C=C1)C,0.0060688043711707
CC([C@@H](C(OC1=CC=C(C2=CC=C(C#N)C=C2)C=C1)=O)NS(C1=CC2=C(OCCO2)C=C1)(=O)=O)C,0.0048146577086299654
C[C@@H](C(OCC(NCC1SC=CC=1)=O)=O)NC1=C(N(=O)=O)C=C(C(F)(F)F)C=C1,0.0032445405726321042
COC1=CC2=C(N=C(S2)NC([C@H](C(C)C)NC(C2=CC=C(C(C)(C)C)C=C2)=O)=O)C=C1,0.008516793861053884
C[C@@H](C(NNC(C1=C(F)C=CC=C1)=O)=O)N1C(=O)C2C(CC=CC2)C1=O,0.0019366907072253525
C[C@@H](C(O)=O)NC(C1=CC(N(=O)=O)=C(Cl)C=C1)=O,0.0038414177601225675
CC([C@@H](C(OCC(N1CCN(C2=CC=CC=C2)CC1)=O)=O)NC(C1=CC=C(Cl)C=C1)=O)C,0.006427011894993484
CSCC[C@@H](C1NC2=C(C=CC=C2)N=1)NC(C1C(=O)OC2=C(C=CC=C2)C=1)=O,0.00326480328803882
CCOC1=C(C(N[C@H](C(NC2SC3=C(CCCC3)N=2)=O)C(C)C)=O)C=CC=C1,0.009021802200004458
COC1=CC=C(C(N[C@H](C(NC2=CC=C(S(N3CCOCC3)(=O)=O)C=C2)=O)C(C)C)=O)C=C1,0.005015713791362941
CC[C@@H]([C@@H](C(OCC(C1C(=O)N(C)C(=O)N(C)C=1N)=O)=O)NC(C1=CC=C(Cl)C=C1)=O)C,0.006095026223920286
CSCC[C@@H](C1NC2=C(C=CC=C2)N=1)NC(C1=CC=C(C)C=C1)=O,0.0035737758385948836
C[C@@H](C(NC1CCC(C)CC1)=O)N1C(=O)C2C(CCCC2)C1=O,0.00760461010504514
CSCC[C@@H](C1NC2=C(C=CC=C2)N=1)NC(COC1=CC=C(Br)C=C1)=O,0.004366419976577163
COC1=CC=C(C2=C(C)SC(NC([C@H](C(C)C)NC(C3=CC=C(C(C)(C)C)C=C3)=O)=O)=N2)C=C1,0.008019343949854374
CC([C@@H](C(NCC1SC=CC=1)=O)NC(C1=CC=C(C(C)(C)C)C=C1)=O)C,0.00946378530934453
CC(CC(C(N[C@H](C1NC2=C(C=CC=C2)N=1)CC1=CC=CC=C1)=O)NC(C1=C(C)C=CC=C1)=O)C,0.00423774499213323
CC([C@@H](C(OCC(C1=CC=C(C2=CC=CC=C2)C=C1)=O)=O)NC(CC1=C2C(C=CC=C2)=CC=C1)=O)C,0.01182435075752437
CCN(S(C1=CC(C(N[C@H](C(NCC(C)C)=O)C(C)C)=O)=CC=C1)(=O)=O)CC,0.007079917122609913
CC([C@@H](C(OCC(NC1=NOC(C)=C1)=O)=O)NS(C1=CC=CC=C1)(=O)=O)C,0.005184512166306376
C[C@@H](C(OCC(C1SC(Cl)=CC=1)=O)=O)NS(C1=CC(Cl)=C(Cl)C=C1)(=O)=O,0.0062233335338532925
COC(C1C2=C(CCC2)SC=1NC(COC([C@H](C(C)C)NS(C1=CC=CC=C1)(=O)=O)=O)=O)=O,0.006329948175698518
CC([C@@H](C(OCC(NC(C1N(C)C=CC=1)=O)=O)=O)NC(CC1=C2C(C=CC=C2)=CC=C1)=O)C,0.003757499437779188
CC([C@@H](C(NC1SC2=C(C=CC(=C2)F)N=1)=O)NC1=C(Cl)C=C(C(F)(F)F)C=C1)C,0.004628334229346364
CCN(S(C1=CC(C(N[C@H](C(NC(CC)(C)C)=O)C(C)C)=O)=CC=C1)(=O)=O)CC,0.00762562844902277
CC([C@@H](C(OCC(NC(C1N(C)C=CC=1)=O)=O)=O)NS(C1=CC=CC=C1)(=O)=O)C,0.002718584978720173
CCOC1=C(C(N[C@H](C(NC2SC3=C(C=CC(=C3)C)N=2)=O)C(C)C)=O)C=CC=C1,0.007971994392573834
C[C@@H](C(OCC(NC1=CC(S(N2CCOCC2)(=O)=O)=C(C)C=C1)=O)=O)NC(C1=CC=CC=C1)=O,0.0046708615263924
CCOC(NC(COC([C@H](C(C)C)NS(C1=CC=CC=C1)(=O)=O)=O)=O)=O,0.0019781779148615895
COC1=CC(C(N[C@H](C(NC2SC3=C(CCCC3)N=2)=O)C(C)C)=O)=CC(OC)=C1,0.008084939327090979
C[C@@H](C(OC(C(NC(N)=O)=O)C)=O)NS(C1=C(C)C(C)=CC(C)=C1C)(=O)=O,0.0019476878340356051
C[C@@H](C(N1CCN(C2=C(C)C(C)=CC=C2)CC1)=O)N1C(=O)C2C(CC=CC2)C1=O,0.006206999509595334
C[C@@H](C(N1CCN(S(C2SC=CC=2)(=O)=O)CC1)=O)NC1=C(N(=O)=O)C=C(C(F)(F)F)C=C1,0.001968240219866857
CCOC(C1=C(C)C(C(OCC)=O)=C(COC([C@@H](NS(C2=CC=C(OC)C=C2)(=O)=O)C)=O)N1)=O,0.005254007247276604
CC([C@@H](C(NNC(COC1=C(C(C)C)C=CC(C)=C1)=O)=O)NC(C1=CC(C)=CC=C1)=O)C,0.006989906681701541
BrC1=C(C(N[C@H](C2NC3=C(C=CC=C3)N=2)CC2=CC=CC=C2)=O)C=CC=C1,0.004329651978332549
C[C@@H](C(N1CCOCC1)=O)NC(CC1=C2C(C=CC=C2)=CC=C1)=O,0.00670092876534909
CC([C@@H](C(OCC(NC(N)=O)=O)=O)NS(C1=CC=CC=C1)(=O)=O)C,0.0014100705418968573
COC1=C(CC(N[C@H](C2NC3=C(C=CC=C3)N=2)CCSC)=O)C=CC=C1,0.0038695220951922237
CC([C@@H](C(OCC(NC1=CC(S(N(C)C)(=O)=O)=C(Cl)C=C1)=O)=O)NC(C1OC=CC=1)=O)C,0.005669650249183178
CCCCN1C(=O)C2=C(C=CC=C2)C(C(N[C@H](C2NC3=C(C=CC=C3)N=2)CCSC)=O)=N1,0.0038899592589586975
CSCC[C@@H](C1NC2=C(C=CC=C2)N=1)NC(C(OC1=CC=C(Cl)C=C1)C)=O,0.003538243379443884
CC([C@@H](C(OCC(NC(NC1CCCC1)=O)=O)=O)NS(C1=CC(Cl)=CC=C1)(=O)=O)C,0.0022460542328190058
CC([C@@H](C(OCC(NC(NC1CCCCC1)=O)=O)=O)NS(C1=CC=CC=C1)(=O)=O)C,0.002675679815001786
CC([C@@H](C(OCC(N1CCN(C2=CC=CC=C2)CC1)=O)=O)NS(C1=CC(Cl)=CC=C1)(=O)=O)C,0.004047660809010267
CC([C@@H](C(OCC(NC(N)=O)=O)=O)NS(C1=CC(Cl)=CC=C1)(=O)=O)C,0.0012717594392597676
COC(C1=CC=C(CSC2SC(NC([C@H](C(C)C)NC(C3=CC(C)=CC=C3)=O)=O)=NN=2)C=C1)=O,0.006446768878959119
CC([C@@H](C(NC1=CC(S(NC2CCCN=2)(=O)=O)=CC=C1)=O)NC(C1OC=CC=1)=O)C,0.004008098621852696
CC([C@@H](C(OC1=CC2=C(OCO2)C=C1)=O)NC(C1=CC(C)=CC=C1)=O)C,0.008386566187255085
CC([C@@H](C(OCC(C1SC(Br)=CC=1)=O)=O)NC(CC1=CC=CC=C1)=O)C,0.011721727577969432
COC1=C(CNC([C@H](C(C)C)NC(C2=CC=C(C(C)(C)C)C=C2)=O)=O)C=CC=C1,0.010881379898637532
NC(NC(COC([C@@H](NC(OCC1=CC=CC=C1)=O)CC1=CC=CC=C1)=O)=O)=O,0.0021812230348587035
CCNC(NC(C(OC([C@@H](NS(C1=C(C)C(C)=CC(C)=C1C)(=O)=O)C)=O)C)=O)=O,0.002168627129867673
C[C@@H](C(NC1SC2=C(C=CC(=C2)C)N=1)=O)NC1=C(N(=O)=O)C=C(C(F)(F)F)C=C1,0.0031870556762441994
COC1=CC=C(C(N[C@H](C(NC2SC3=C(CCCC3)N=2)=O)C(C)C)=O)C=C1,0.00851423772983253
CC([C@@H](C(OCC(NC1=C(C#N)C=CS1)=O)=O)NS(C1=CC=CC=C1)(=O)=O)C,0.0033270119107328354
CC(CCNC(NC(COC([C@@H](NS(C1=C(C)C(C)=CC(C)=C1C)(=O)=O)C)=O)=O)=O)C,0.002476598130306229
COC1=CC(C(N[C@H](C(NC2SC=C(C3=CC=CC=C3)N=2)=O)C(C)C)=O)=CC(OC)=C1,0.0064338741824030874
COCCOC(C1=C(NC(COC([C@H]2N(S(C)(=O)=O)CCC2)=O)=O)SC(C(N)=O)=C1C)=O,0.004517487809062004
CC1=CC=C(S(N2[C@H](C(NC3=C(Cl)C=CC=C3)=O)CCC2)(=O)=O)C=C1,0.004603845626115799
CCC(NC([C@H](C(C)C)NC(C1=CC(S(N(CC)CC)(=O)=O)=CC=C1)=O)=O)CC,0.007752480357885361
CC(C1C(C)=C(C(N[C@H](C2NC3=C(C=CC=C3)N=2)CC2=CC=CC=C2)=O)NC=1C)=O,0.005411113915033639
C[C@@H](C(N(C(C1=CC=CC=C1)C1=CC=CC=C1)C)=O)N1C(=O)C2C(CC=CC2)C1=O,0.007775327540002763
CSCC[C@@H](C1NC2=C(C=CC=C2)N=1)NC(COC1=CC=CC=C1)=O,0.003760581591632217
CC([C@@H](C(OCC(NC1=C(N2CCOCC2)C=CC(C(F)(F)F)=C1)=O)=O)NC(C1OC=CC=1)=O)C,0.00638558438513428
C[C@@H](C(OCC(NC1=C(C(N)=O)C=CS1)=O)=O)NS(C1=CC(Cl)=C(Cl)C=C1)(=O)=O,0.0034127035294659437
C[C@@H](C(OCC(NC1=C(C#N)C2=C(CC(CC2)C)S1)=O)=O)NS(C1=CC=C(Cl)C=C1)(=O)=O,0.0037053388776257636
CC([C@@H](C(OCC(NC1=CC2=C(OCO2)C=C1)=O)=O)NS(C1=CC=CC=C1)(=O)=O)C,0.005546506866812706
CC([C@@H](C(OCC(C1=C(C)C=C(C)C(C)=C1)=O)=O)NC(C1=CC(C)=CC=C1)=O)C,0.014481687964871526
C[C@@H](C(OCC1C2=C(C=C(C=C2)NC(C)=O)OC(=O)C=1)=O)N1C(=O)C2C(CCCC2)C1=O,0.003861840139143169
ClC1=CC=C(S(N2[C@H](C(OCC3OC(C4=CC=CC=C4)=NN=3)=O)CCC2)(=O)=O)C=C1,0.004832282243296504
CSCC[C@@H](C1NC2=C(C=CC=C2)N=1)NC([C@H](C(C)C)NC1=C(Cl)C=C(C(F)(F)F)C=C1)=O,0.0023483495315304026
NC(C1=C(NC(COC([C@@H](NC(OCC2=CC=CC=C2)=O)CC2=CC=CC=C2)=O)=O)SC=C1)=O,0.0053375708172097806
C[C@@H](C(OCC(C1=CC2=C(CC3=C2C=CC=C3)C=C1)=O)=O)NC1=C(N(=O)=O)C=C(C(F)(F)F)C=C1,0.005980558786541223
CSCC[C@@H](C1NC2=C(C=CC=C2)N=1)NC(C1=CC(S(N2CCCCC2)(=O)=O)=CC=C1)=O,0.0021976024960167705
C[C@@H](C(OCC(NCCC1=CC=C(S(N)(=O)=O)C=C1)=O)=O)N1C(=O)C2C(CCCC2)C1=O,0.00395984947681427
COC1=CC=C(C=CC(N[C@H](C(OCC(C2=CC=C(NC(C)=O)C=C2)=O)=O)C)=O)C=C1,0.009502224344760179
CCOC1=CC=C(C(N[C@H](C(NC2SC=C(C3=CC(OC)=C(OC)C=C3)N=2)=O)C(C)C)=O)C=C1,0.00655041157733649
CCOC1=C(N2CCN(C([C@H](C(C)C)NC3=C(Cl)C=C(C(F)(F)F)C=C3)=O)CC2)C=CC=C1,0.005154435278382152
C[C@@H](C(OCC(NC1=C(SC2=CC=C(Cl)C=C2)C=CC=C1)=O)=O)N1C(=O)C2C(CC=CC2)C1=O,0.0041433938313275576
C[C@@H](C(OCC(C1=C(Br)C=CC=C1)=O)=O)NC(C1=CC(N(=O)=O)=CC=C1)=O,0.007746207457967102
CC([C@@H](C(OCC(NC1=CC2=C(CCC2)C=C1)=O)=O)NC(C1OC=CC=1)=O)C,0.01069513657130301
CC([C@@H](C(NC1=C(F)C(F)=C(F)C=C1)=O)NC(C1=CC=C(C(C)(C)C)C=C1)=O)C,0.008827424491755664
COC([C@H](NC(C1=CC(S(N2CCCCC2)(=O)=O)=CC=C1)=O)CC1C2=C(C=CC=C2)NC=1)=O,0.0029463581973686813
COC1=CC=C(N2CCN(C([C@@H](N3C(=O)C4C(CC=CC4)C3=O)C)=O)CC2)C=C1,0.005442865123040974
C[C@@H](C(NCCC1=CC=C(Cl)C=C1)=O)N1C(=O)C2C(CC=CC2)C1=O,0.004967099812347442
CC([C@@H](C(N1C2=C(C=CC=C2)CC1)=O)NC1=C(Cl)C=C(C(F)(F)F)C=C1)C,0.00626603594282642
C[C@@H](C(NC1=CC=C(S(N2CCOCC2)(=O)=O)C=C1)=O)N1C(=O)C2C(CC=CC2)C1=O,0.0031598699046298862
CCN(S(C1=CC(C(N[C@H](C(NCC2=C(F)C=CC=C2)=O)C(C)C)=O)=CC=C1)(=O)=O)CC,0.005784416804090142
CCOC1=C(C(N[C@H](C(NC2SC3=C(C(=CC(=C3)C)C)N=2)=O)C(C)C)=O)C=CC=C1,0.008444078802131116
CC([C@@H](C(OC(C(C1C2=C(C=CC=C2)NC=1C)=O)C)=O)NS(C1=CC=CC=C1)(=O)=O)C,0.0059674222022295
CC([C@@H](C(OCC1SC2=C(C=CC=C2)N=1)=O)NS(C1=CC(Cl)=CC=C1)(=O)=O)C,0.0042392372735776005
CC([C@@H](C(OCC(NC1=C(Cl)C=CC=C1)=O)=O)NS(C1=CC2=C(OCCO2)C=C1)(=O)=O)C,0.004979502956848592
C[C@@H](C(OCC(NC1=C(N(=O)=O)C=C(F)C=C1)=O)=O)NS(C1=CC(Cl)=C(Cl)C=C1)(=O)=O,0.0032111125299707057
COC([C@H](C(C)C)NC(C1=CC2=C(C(C3=C(S2(=O)=O)C=CC=C3)=O)C=C1)=O)=O,0.00910072079859674
COC1=CC(C(N[C@H](C(NC2SC3=C(C=CC(=C3)F)N=2)=O)C(C)C)=O)=CC(OC)=C1,0.006732788891531527
CCN(S(C1=CC(C(N[C@H](C(NNC(C2=CC=C(C)C=C2)=O)=O)C(C)C)=O)=CC=C1)(=O)=O)CC,0.003683737409301102
CSCC[C@@H](C1NC2=C(C=CC=C2)N=1)NC(C1=C(Cl)C2=C(C=C(C=C2)F)S1)=O,0.0022161170723848044
CCOC1=CC=C(OC2=CC=C(NC([C@H]([C@H](CC)C)NC(N)=O)=O)C=C2)C=C1,0.005077085457742214
CC1=CC=C(S(N2[C@H](C(NC3SC=CN=3)=O)CCC2)(=O)=O)C=C1,0.003677663835696876
CSCC[C@@H](C1NC2=C(C=CC=C2)N=1)NC(C1=CC(N(C)C)=CC=C1)=O,0.0032558153267018496
C[C@@H](C(OCC(NC1=CC(S(N(C)C)(=O)=O)=C(C)C=C1)=O)=O)N1C(=O)C2C(CC=CC2)C1=O,0.003809857927262783
CC([C@@H](C(N1CCN(CC=CC2=CC=CC=C2)CC1)=O)NC(C1=C(Cl)C=C(N(=O)=O)C=C1)=O)C,0.004669922788161784
CC([C@@H](C(OCC1N=C(C2=CC=CC=C2)SC=1)=O)NS(C1=CC(Cl)=CC=C1)(=O)=O)C,0.00419679181650281
CC(N[C@H](C(OCC(NCC1=CC2=C(OCO2)C=C1)=O)=O)CC1C2=C(C=CC=C2)NC=1)=O,0.004358057794161141
COC1=CC(C(N[C@H](C(NC2SC=C(C3=CC(F)=C(F)C=C3)N=2)=O)C(C)C)=O)=CC(OC)=C1,0.006201205938123166
CC([C@@H](C(OC(C(NC(N)=O)=O)C)=O)NS(C1=CC(Cl)=CC=C1)(=O)=O)C,0.0015523110749199986
C[C@@H](C(OCC(NC1=C(C(N)=O)C2=C(CCC2)S1)=O)=O)N1C(=O)C2C(CC=CC2)C1=O,0.003960532625205815
CCOC1=C(OC)C=C(CN(C([C@@H](NC(OCC2=CC=CC=C2)=O)CC2=CC=CC=C2)=O)C)C=C1,0.006474501150660217
C[C@@H](C(NC1SC2=C(C(=CC=C2)C)N=1)=O)N1C(=O)C2C(CC=CC2)C1=O,0.00447087314678356
CC([C@@H](C(OCC(NC1=CC(C(C)=O)=CC=C1)=O)=O)NC(C1=CC(C)=CC=C1)=O)C,0.011617083381861449
ClC1=C2C(C=CC=C2SCC(N[C@H](C2NC3=C(C=CC=C3)N=2)CC2=CC=CC=C2)=O)=CC=C1,0.0033593170111998914
CC([C@@H](C(OCN1C(=O)C2=C(C=CC=C2)N=N1)=O)NS(C1=CC=CC=C1)(=O)=O)C,0.004744164296425879
COCC(N1C(C)=C(C(COC([C@H]2N(C(C3SC=CC=3)=O)CCC2)=O)=O)C=C1C)C,0.010558359138667584
COC1=C(OC)C(OC)=CC(C(N[C@H](C(O)=O)C)=O)=C1,0.007393593061715364
CC([C@@H](C(OC(C(NC(N)=O)=O)C)=O)NS(C1=CC=CC=C1)(=O)=O)C,0.001711953178164549
COC1=C(OCCNC([C@H](C(C)C)NC(C2=C(F)C=CC=C2)=O)=O)C=CC=C1,0.0076515098800882695
COC([C@H](C(C)C)NC(C1C=C(N(=O)=O)C=C(N(=O)=O)C=1)=O)=O,0.005343069694936276
CCOC1=C(C(N[C@H](C(NC2=CC=C(S(NC3=NC=CC=N3)(=O)=O)C=C2)=O)C(C)C)=O)C=CC=C1,0.005143097857944668
COC1=C(S(NC2=C(Br)C=CC(C)=C2)(=O)=O)C=C(NC([C@@H](NC(N)=O)C)=O)C=C1,0.0038835899671539665
C[C@@H](C(N1CC(C)N(C2=CC(C)=CC=C2)CC1)=O)NC1=C(N(=O)=O)C=C(C(F)(F)F)C=C1,0.0036759482347406445
CC(CC(N[C@H](C1NC2=C(C=CC=C2)N=1)CC1=CC=CC=C1)=O)(C)C,0.004559751867782324
COC([C@@H](NC(C1=CC=C(Br)C=C1)=O)C)=O,0.008591564511880279
O=C(N[C@H](C1NC2=C(C=CC=C2)N=1)CC1=CC=CC=C1)CCOC1=CC=CC=C1,0.004217997717205435
CC([C@@H](C(OCN1C(=O)C2=C(C=CC=C2)N=N1)=O)NC(C1=C(Cl)C=CC(N(=O)=O)=C1)=O)C,0.004091886838432401
CSCC[C@@H](C1NC2=C(C=CC=C2)N=1)NC(C(OC1=C(C)C=C(Cl)C=C1)C)=O,0.0037894542212598024
CC([C@@H](C(NC1SC=CN=1)=O)NS(C1=CC(C(F)(F)F)=CC=C1)(=O)=O)C,0.002651686180615798
C[C@@H](C(OCC1C2=C(C=C(C(=C2)Cl)C)OC(=O)C=1)=O)NC1C2=C(C=CC=C2)S(=O)(=O)N=1,0.003992723440751434
CC[C@@H]([C@@H](C(OCCOC1=C(C)C=CC(C)=C1)=O)NC(N)=O)C,0.00508178782183677
CC([C@@H](C(OCC(NC1=C2C(N=S=N2)=CC=C1)=O)=O)NC(C1=C(Cl)C=CC(N(=O)=O)=C1)=O)C,0.005368988472037017
C[C@@H](C(NNC1=C(Cl)C=C(Cl)C=C1Cl)=O)N1C(=O)C2C(CC=CC2)C1=O,0.002369978284696117
COC1=CC(CN(C([C@H](C(C)C)NC(C2=CC=C(C)C=C2)=O)=O)C)=CC=C1,0.010922778816893696
CC([C@@H](C(NCC1SC=CC=1)=O)NC(C1=CC(C)=CC=C1)=O)C,0.007614780892618
CSCC[C@@H](C1NC2=C(C=CC=C2)N=1)NC(C1=C(Cl)C=CC(N(=O)=O)=C1)=O,0.001722583151422441
COC1=CC=C(C2N=C(NC([C@@H](NC(C3SC=CC=3)=O)CC3=CC=CC=C3)=O)SC=2)C=C1,0.005142894433811307
CC[C@@H]([C@@H](C(NC(C1=CC=C(F)C=C1)CC(O)=O)=O)NC(C1=CC=CC=C1)=O)C,0.006420653127133846
CC[C@@H]([C@@H](C(NC1=CC=C(C#N)C=C1)=O)NC(C1=CC=C(Cl)C=C1)=O)C,0.0055537452455610035
CC([C@@H](C(OCC(NC1=CC2=C(CCC2)C=C1)=O)=O)NS(C1=CC2=C(OCCO2)C=C1)(=O)=O)C,0.006246935902163386
COC1=CC=C(C=CC(N[C@H](C(OCC(NC2=C(F)C=C(Br)C=C2)=O)=O)C)=O)C=C1,0.007447357196360827
C[C@@H](C(OCC(NC1=NOC(C)=C1)=O)=O)NS(C1=C2C(N=S=N2)=CC=C1)(=O)=O,0.0050503180362284185
COC([C@H](C(C)C)NC(C1SC2=C(C(=NN2C2=CC=CC=C2)C)C=1)=O)=O,0.007301466539502144
COC([C@H](C(C)C)NS(C1=CC(Cl)=C(Cl)C=C1)(=O)=O)=O,0.005289504444226623
O=C(C(C1=CC=CC=C1)C1=CC=CC=C1)N[C@H](C(OC1=C(C#N)C=CC=C1)=O)CC1=CC=CC=C1,0.006743162567727268
CC([C@@H](C(OCC(NCC1=CC2=C(OCO2)C=C1)=O)=O)NS(C1=CC=CC=C1)(=O)=O)C,0.0062231314834207295
COC([C@H](NC(C1SC(Br)=C(Br)C=1)=O)CC1C2=C(C=CC=C2)NC=1)=O,0.005189937725663185
C[C@@H](C(OCC1SC2=C(C=CC=C2)N=1)=O)NS(C1=C(C)C(C)=CC(C)=C1C)(=O)=O,0.005083949281834066
CC([C@@H](C(OCC1N=C(C2=CC=CC=C2)SC=1)=O)NS(C1=CC2=C(OCCO2)C=C1)(=O)=O)C,0.00495114540681243
CCN1C(=O)C2=C(C=CC=C2)C(C(N[C@H](C2NC3=C(C=CC=C3)N=2)CCSC)=O)=N1,0.0034573809476569294
CC([C@@H](C(OCC(NC(C1N(C)C=CC=1)=O)=O)=O)NC(C1=CC(C)=CC=C1)=O)C,0.004073382553178817
CC([C@@H](C(OCC(NC1=CC=CC=C1)=O)=O)NS(C1=CC2=C(OCCO2)C=C1)(=O)=O)C,0.005559129663743079
C[C@@H](C(OCC(C1C(=O)N(C)C(=O)N(C)C=1N)=O)=O)NC(C1=CC=CC=C1)=O,0.007490482227876782
C[C@@H](C(OCC1OC(C2=CC=C(N(=O)=O)C=C2)=NN=1)=O)NS(C1=CC=C(NC(C)=O)C=C1)(=O)=O,0.0024636295216623693
CC([C@@H](C(OCC(C(C#N)=C(N)C)=O)=O)NS(C1=CC2=C(OCCO2)C=C1)(=O)=O)C,0.007445012312382459
COC1=CC=C(C=CC(N[C@H](C(OCC(NC2=C(N(=O)=O)C=C(Cl)C=C2)=O)=O)C)=O)C=C1,0.005035592301283032
COC1=C(OC)C(OC)=CC(C(N[C@H](C(OC2=CC3=C(OC4=C3C=CC=C4)C=C2)=O)C(C)C)=O)=C1,0.007779118861071766
ClC1=CC=C(S(N2[C@H](C(NC3SC(SCC4=CC=CC=C4)=NN=3)=O)CCC2)(=O)=O)C=C1,0.004028609511442483
FC1=C(CC(N[C@H](C2NC3=C(C=CC=C3)N=2)CC2=CC=CC=C2)=O)C(Cl)=CC=C1,0.003036951646208763
FC1=C(S(N2[C@H](C(OCC3SC4=C(C=CC=C4)N=3)=O)CCC2)(=O)=O)C=CC=C1,0.004577701282687485
CCN(C1=C(S(NC2=C(OC)C=CC=C2)(=O)=O)C=C(NC([C@@H](NC(N)=O)C)=O)C=C1)CC,0.0038640104932710527
CSCC[C@@H](C1NC2=C(C=CC=C2)N=1)NC(C1=CC(S(N2CCCCCC2)(=O)=O)=CC=C1)=O,0.0025769847619812936
CC(NC(COC([C@@H](NC(C1=C(Cl)C=CC=C1)=O)C)=O)=O)C,0.007501336350105703
C[C@@H](C(OCCOC1=C(F)C=CC=C1)=O)NC(C1=C(Cl)C=CC=C1)=O,0.006279793917201459
COC1=C(C(N[C@H](C2NC3=C(C=CC=C3)N=2)CCSC)=O)C=CC=C1,0.0036480754963122307
CSCC[C@@H](C1NC2=C(C=CC=C2)N=1)NC(C1=C2C(C=CC=C2)=CC=C1)=O,0.0037564204656518997
CSCC[C@@H](C1NC2=C(C=CC=C2)N=1)NC(C(OC1=C(Cl)C=C(Cl)C=C1)C)=O,0.0036340974736958744
CC([C@@H](C(NC1=C(C(NCC2=CC3=C(OCO3)C=C2)=O)C=CC=C1)=O)NC(C1=CC=C(C)C=C1)=O)C,0.008458207012154162
CC([C@@H](C(N1CCN(S(C2=CC=C(N(=O)=O)C=C2)(=O)=O)CC1)=O)NC(C1=C(F)C=CC=C1)=O)C,0.0032393150147981943
BrC1=CC(C(N[C@H](C2NC3=C(C=CC=C3)N=2)CC2=CC=CC=C2)=O)=CN=C1,0.003775268152821809
COC1=C(OC)C=C(C(COC([C@H](C(C)C)NC(C2=C(Cl)C=C(N(=O)=O)C=C2)=O)=O)=O)C=C1,0.007747891894541681
CC([C@@H](C(OCC1SC2=C(C=CC=C2)N=1)=O)NS(C1=CC2=C(OCCO2)C=C1)(=O)=O)C,0.005008715344592929
CC(OC1=CC=C(C[C@@H](C(NC2=C(Cl)C=C(Cl)C=C2)=O)N2C(=O)C3=C(C=CC=C3)C2=O)C=C1)=O,0.0034524881513789294
CCCN1C2=C(C=CC=C2)N=C1NC([C@H](C(C)C)NC(C1=CC(C)=CC=C1)=O)=O,0.00609514769166708
COC1=CC=C(C(N[C@H](C(OCC(NC2=C(C(C)=O)C=CC=C2)=O)=O)C(C)C)=O)C=C1,0.01170021197758615
COC1=CC=C(C=CC(N[C@H](C(O)=O)C(C)C)=O)C=C1,0.006881765741854906
FC1=C(Cl)C=C(OC([C@@H](NC(C(C2=CC=CC=C2)C2=CC=CC=C2)=O)CC2=CC=CC=C2)=O)C=C1,0.006890330323949456
CC([C@@H](C(NC1=C(C#N)C2=C(CCCC2)S1)=O)NC(C1=CC(C)=CC=C1)=O)C,0.006688242638483643
CC([C@@H](C(NC1=CC=C(F)C=C1)=O)NS(C1=CC(Cl)=C(Cl)C=C1)(=O)=O)C,0.004644873167853803
FC1=C(S(N[C@H](C(OCC(NC2CCCCC2)=O)=O)CC2=CC=CC=C2)(=O)=O)C=CC=C1,0.005434270482510328
CCOC1=C(C(N[C@H](C(NC(C#C)(CC)CC)=O)C(C)C)=O)C=CC=C1,0.008632057416252791
COC1=C(C(N[C@H](C2NC3=C(C=CC=C3)N=2)CCSC)=O)C=C(Cl)C=C1,0.0031691189389675854
C[C@@H](C(OCCN1C(=O)C2=C(C=CC=C2)C1=O)=O)NS(C1=C(C)C(C)=CC(C)=C1C)(=O)=O,0.003097006457392126
CC([C@@H](C(NCC1=CC=C(S(N)(=O)=O)C=C1)=O)NC(C1=C(F)C=CC=C1)=O)C,0.005618214397691191
CC([C@@H](C(N1CCN(C2=CC(Cl)=CC=C2)CC1)=O)NC(C1=C(Cl)C=C(N(=O)=O)C=C1)=O)C,0.004264341434463859
CC([C@@H](C(NCCC1=CC=C(S(N)(=O)=O)C=C1)=O)NC1=C(Cl)C=C(C(F)(F)F)C=C1)C,0.004107550787739456
CC([C@@H](C(NC1=C(C(C)=O)C=CC=C1)=O)NC1=C(Cl)C=C(C(F)(F)F)C=C1)C,0.008298940793611109
CC([C@@H](C(NC1SC(C)=NN=1)=O)NC1=C(Cl)C=C(C(F)(F)F)C=C1)C,0.004303618683479726
CCN(C([C@H](C(C)C)NC(C1=CC=C(F)C=C1)=O)=O)CC1=CC=CC=C1,0.008285598503425718
C[C@@H](C(OCC(NC(C1=CC=CC=C1)C1=CC=CC=C1)=O)=O)NC(N)=O,0.005707013374194503
NC(NC(COC([C@@H](NC(C1SC=CC=1)=O)CC1=CC=CC=C1)=O)=O)=O,0.0018618308240547776
CC([C@@H](C1NC2=C(C=CC=C2)N=1)NC(C1=C(Cl)C=CC(S(N(C2=CC=CC=C2)C)(=O)=O)=C1)=O)C,0.0027086983202025293
CC([C@@H](C(OC1=CC2=C(C(=CC(O2)=O)C)C=C1)=O)NC(C1=C(F)C=CC=C1F)=O)C,0.007462931238114834
CSCC[C@@H](C1NC2=C(C=CC=C2)N=1)NC(C1=C(C)N(CC2=C(Cl)C=CC=C2)N=C1C)=O,0.003683796094264835
CC([C@@H](C(OCC(N1CCN(C2=CC=CC=C2)CC1)=O)=O)NC(C1=CC=CC=C1)=O)C,0.0072883250890299674
CC(NC(NC(COC([C@H]1N(C(C2SC=CC=2)=O)CCC1)=O)=O)=O)C,0.0020558769931085406
CC(C(NC(COC([C@@H](NC(C1=C(Cl)C=CC=C1)=O)C)=O)=O)C)C,0.009026013151742517
CN(S(C1=CC=C(NC(COC([C@@H](NC(C)=O)CC2C3=C(C=CC=C3)NC=2)=O)=O)C=C1)(=O)=O)C,0.003072968148626387
CC([C@@H](C(NC1=C(C)C=CC(F)=C1)=O)NC(C1=CC=C(Br)C=C1)=O)C,0.007864922774024308
O=C([C@H]1N(C(C2SC=CC=2)=O)CCC1)NCC1OC=CC=1,0.005824493337422609
COC([C@H](NC(C1=C(CSC)C2=C(C=CC=C2)O1)=O)CC1C2=C(C=CC=C2)NC=1)=O,0.004894364532083273
CSCC[C@@H](C1NC2=C(C=CC=C2)N=1)NC([C@H](C(C)C)NC(C1=CC(C)=CC=C1)=O)=O,0.004143054352607578
C[C@@H](C(OC1=CC2=C(OC3=C2CCCC3)C=C1)=O)NC1=C(N(=O)=O)C=C(C(F)(F)F)C=C1,0.004625327896792442
C[C@@H](C(N1CCN(C2=CC(Cl)=CC=C2)CC1)=O)NC(C1OC=CC=1)=O,0.005677683232352138
CC([C@@H](C(NC1SC=CN=1)=O)NC(C1=CC(S(N2CCOCC2)(=O)=O)=CC=C1)=O)C,0.004065268137492239
COC1=C(NC([C@H]2N(C(C3SC=CC=3)=O)CCC2)=O)C=C(Cl)C=C1,0.004955111560411752
C[C@@H](C(NCC1=CC=C(S(N)(=O)=O)C=C1)=O)NS(C1=C(Cl)C=CC=C1Cl)(=O)=O,0.0057998915202915665
CSCC[C@@H](C1NC2=C(C=CC=C2)N=1)NC(CC(C1=CC=CC=C1)NC(C1=C(Cl)C=CC=C1)=O)=O,0.0033081582630984487
FC1=CC(C(N[C@H](C2NC3=C(C=CC=C3)N=2)CC2=CC=CC=C2)=O)=CC=C1,0.003108551463810727
CC([C@@H](C(NC1=C(C(NC(C2=CC=CC=C2)C)=O)C=CC=C1)=O)NC(C1=CC=C(C)C=C1)=O)C,0.009574273764155806
C[C@@H](C(N=C1N(C)C=CS1)=O)NC1=C(N(=O)=O)C=C(C(F)(F)F)C=C1,0.003438046737574041
CC([C@@H](C(NC1SC=C(C2=C(F)C=CC(F)=C2)N=1)=O)NC(C1=CC=C(C(C)(C)C)C=C1)=O)C,0.0063912211917340755
CC1=C(N(=O)=O)C=CC(C(N[C@H](C2NC3=C(C=CC=C3)N=2)CC2=CC=CC=C2)=O)=C1,0.0024885358347091825
CSCCC(C(O)=O)NC([C@H](C(C)C)NC(C1=CC(C)=CC=C1)=O)=O,0.007171820639632643
CC([C@@H](C(OCC(NC1=C(C#N)C=CS1)=O)=O)NC(C1=C(Cl)C=CC(N(=O)=O)=C1)=O)C,0.0031742415565531703
O=C([C@H]1N(S(C2=CC3=C(OCCO3)C=C2)(=O)=O)CCC1)NC1CCCCCC1,0.007481483486481011
CC([C@@H](C(OCC1C2=C(C=CC3=C2C=CC=C3)OC(=O)C=1)=O)NS(C1=CC=C(C)C=C1)(=O)=O)C,0.005635950504802168
CC1CCN(C([C@@H](NC(C)=O)CC2C3=C(C=CC=C3)NC=2)=O)CC1,0.004354344285093248
CCN(C([C@H](C(C)C)NC(C1=CC=C(Cl)C=C1)=O)=O)CC1=CC=CC=C1,0.009781575668603182
CC([C@@H](C(N1C2=C(C=CC=C2)CC1)=O)NC(C1=CC=CC=C1)=O)C,0.009699769015423954
C[C@@H](C(OCC(NC1=CC=C(C#N)C=C1)=O)=O)NS(C1=CC(C(F)(F)F)=C(Cl)C=C1)(=O)=O,0.0024672792991623283
COC1=CC=C(C=CC(N[C@H](C(OCC(NC2CCCCC2)=O)=O)C(C)C)=O)C=C1,0.01018361230380833
CC([C@@H](C1NC2=C(C=CC=C2)N=1)NC(C1OC2=C(C=CC=C2)C=1)=O)C,0.004517781164031476
O=C([C@H]1N(C(C2SC=CC=2)=O)CCC1)NC1=CC=C(N2CCOCC2)C=C1,0.005788365192711353
C[C@@H](C(OCC(NC1CCCCC1)=O)=O)NC(C1=C(Cl)C=CC=C1)=O,0.008977888943627476
CC([C@@H](C(OCN1C(=O)C2=C(C=CC=C2)N=N1)=O)NS(C1=CC=C(C)C=C1)(=O)=O)C,0.004844108549878001
COC1=CC=C(N2CCN(C([C@@H](N3C(=O)C4=C(C=C(C(=C4)Cl)Cl)C3=O)C)=O)CC2)C=C1,0.003856072714552283
COC1=C(OC)C=C(C(N[C@H](C2NC3=C(C=CC=C3)N=2)CC2=CC=CC=C2)=O)C=C1,0.004150496399961412
CC1=CC=C(S(N2[C@H](C(NC3=CC=C(C4NC5=C(C=CC=C5)N=4)C=C3)=O)CCC2)(=O)=O)C=C1,0.002174311492126435
FC1=C(CC(N[C@H](C2NC3=C(C=CC=C3)N=2)CC2=CC=CC=C2)=O)C=CC=C1,0.003106771834427491
CC([C@@H](C(NCCN1C(=O)C(=CC2=CN=CC=C2)SC1=O)=O)NS(C1=CC=CC=C1)(=O)=O)C,0.002067865792196244
CCOC1=C(C(N[C@H](C(NC2=CC=C(C#N)C=C2)=O)C(C)C)=O)C=CC=C1,0.007203977624885738
CC([C@@H](C(NC1C2=C(C=CC=C2)CCC1)=O)NC(C1=C(Br)C=CC=C1)=O)C,0.013426893530413509
CCOC(C1C(C)NC(=O)NC=1COC([C@H](C(C)C)NC(C1=C(Cl)C=CC(N(=O)=O)=C1)=O)=O)=O,0.005284821463283152
CSCC[C@@H](C1NC2=C(C=CC=C2)N=1)NC(CC1=C(Cl)C=CC=C1Cl)=O,0.0032038406177889557
C[C@@H](C(NC1=CC=C(C#N)C=C1)=O)NC(C1OC=CC=1)=O,0.005133233335800469
O=C([C@H]1N(C(C2SC=CC=2)=O)CCC1)NCCC(C1=CC=CC=C1)C1=CC=CC=C1,0.00825316458940506
CCOC1=C(C(N[C@H](C(NC2=CC=C(OC(F)(F)F)C=C2)=O)C(C)C)=O)C=CC=C1,0.005922776064835489
O=C([C@@H](NC(C1OC=CC=1)=O)CC1=CC=CC=C1)NC1CCCCC1,0.01030992683954537
C[C@@H](C(NC1=CC(S(NCC2OC=CC=2)(=O)=O)=CC=C1)=O)N1C(=O)C2=C(C=CC=C2N(=O)=O)C1=O,0.002110301546053961
C[C@@H](C(OC(C(N)=O)C)=O)NS(C1=C(C)C(C)=CC(C)=C1C)(=O)=O,0.005607318133115768
CC[C@@H]([C@@H](C(NC1SC=C(C2=C(C)N(C3=CC=CC=C3)C(C)=C2)N=1)=O)NC(C1=CC=CC=C1)=O)C,0.00736873026471585
O=C(N[C@H](C1NC2=C(C=CC=C2)N=1)CC1=CC=CC=C1)CC1=CC=CC=C1,0.003954382357187569
CC([C@@H](C(NC1CCCCCCC1)=O)NC(C1=CC=CC=C1)=O)C,0.013204241776838899
COC1=C(C(N[C@H](C(NC(C2=CC=CC=C2)C2=CC=CC=C2)=O)C(C)C)=O)C=CC=C1,0.010660272231325508
CC([C@@H](C(NC1CCCCCC1)=O)NC(C1=CC(S(N2CCOCC2)(=O)=O)=CC=C1)=O)C,0.006701555359177292
COC1=C(NC(COC([C@H]2N(C(C3SC=CC=3)=O)CCC2)=O)=O)C=C(C(C)(C)C)C=C1,0.007106543239206076
C[C@@H](C(NCC1OC=CC=1)=O)NS(C1=CC=C(Br)C=C1)(=O)=O,0.005185176408849657
CC([C@@H](C(NC1=CC=C(NC(C)=O)C=C1)=O)NC(C1=CC=C(F)C=C1)=O)C,0.0061824404867365955
CC([C@@H](C(NC1CCCCCCC1)=O)NC(C1=C(F)C=CC=C1)=O)C,0.010191477229818701
CC([C@@H](C(NNC1=CC(C(O)=O)=CC=C1)=O)NC(C1=C(Cl)C=C(Cl)C=C1)=O)C,0.00340839009732008
C[C@@H](C(OCC(NC(NCC1OC=CC=1)=O)=O)=O)N1C(=O)C2C(CC=CC2)C1=O,0.0039937375462614
CC([C@@H](C(NC1SC2=C(CCCC2)N=1)=O)NC(C1=C(F)C=CC=C1)=O)C,0.007706606038846075
CSCC[C@@H](C1NC2=C(C=CC=C2)N=1)NC(COC1=CC(F)=CC=C1)=O,0.002933033532463014
C[C@@H](C(NCC1=C(F)C=CC=C1)=O)N1C(=O)C2C(CC=CC2)C1=O,0.00396631897892803
CC([C@@H](C(NC1=CC=C(OC(F)(F)F)C=C1)=O)NC(C1=C(F)C=CC=C1)=O)C,0.004184428649023175
CSCC[C@@H](C1NC2=C(C=CC=C2)N=1)NC(C1=C(Cl)C2=C(C=CC=C2)S1)=O,0.002749712375225499
CCC1SC(NC([C@H]2N(S(C3=CC=C(C)C=C3)(=O)=O)CCC2)=O)=NN=1,0.003965292673092336
COC1=C(N2CCN(C([C@@H](N3C(=O)C4=C(C=CC=C4)C3=O)CC3=CC=CC=C3)=O)CC2)C=CC=C1,0.0040487490827217695
CCN(C([C@@H](NC(C1=CC=C(C(C)(C)C)C=C1)=O)C)=O)C1CS(=O)(=O)CC1,0.008361304341815413
C[C@@H](C(NCC1=CC(C(F)(F)F)=CC=C1)=O)NC(C)=O,0.003656184196006507
COC1=C(NS(C2=C(C)C=CC(NC([C@H]3N(C(C4SC=CC=4)=O)CCC3)=O)=C2)(=O)=O)C=CC=C1,0.0041020411998033525
C[C@@H](C(OCC(NC1N(C2=CC=CC=C2)N=C(C(C)(C)C)C=1)=O)=O)N1C(=O)C2C(CC=CC2)C1=O,0.004180325206834823
COC1=CC=C(C(N[C@H](C(NC2=C(C(NCCC3=CC=CC=C3)=O)C=CC=C2)=O)C(C)C)=O)C=C1,0.008503053383901716
O=C([C@@H](NC(C1OC=CC=1)=O)CC1=CC=CC=C1)NC1SC=CN=1,0.005204931763000786
COC1=C(OC)C=C(CN(C([C@H](C(C)C)NC2=C(Cl)C=C(C(F)(F)F)C=C2)=O)C)C=C1,0.006840280652977526
CSCC[C@@H](C1NC2=C(C=CC=C2)N=1)NC(C1=CC2=C(C(N(C2=O)CCC(C)C)=O)C=C1)=O,0.002104732487350702
BrC1=CC=C(CC(N[C@H](C2NC3=C(C=CC=C3)N=2)CC2=CC=CC=C2)=O)C=C1,0.004567909403704107
CC([C@@H](C(OC1=CC2=C(C3=C(C(O2)=O)CCC3)C=C1)=O)NC1=C(Cl)C=C(C(F)(F)F)C=C1)C,0.006673577451147139
C[C@@H](C(OCCOC1=CC=C(Cl)C=C1)=O)NC(C1=C(Cl)C=CC=C1)=O,0.006463144230656326
C[C@@H](C(OC1=C(Cl)C=CC(C)=C1)=O)N1C(=O)C2C(CCCC2)C1=O,0.004850811441428959
COC([C@H](NC(CCCC1SC2=C(C=CC=C2)N=1)=O)CC1C2=C(C=CC=C2)NC=1)=O,0.00449165009194985
CC(C1=CC=C(NC([C@@H](NC(C2OC=CC=2)=O)CC2=CC=CC=C2)=O)C=C1)=O,0.01185510684736073
CC1=CC=C(C2N=C(NC(COC([C@H]3N(C(C4SC=CC=4)=O)CCC3)=O)=O)SC=2)C=C1,0.005630090087652207
C[C@@H](C(NC1=C(N2CCOCC2)C=CC=C1)=O)N1C(=O)C2C(CC=CC2)C1=O,0.004733910656068474
FC1=CC(OCC(N[C@H](C2NC3=C(C=CC=C3)N=2)CC2=CC=CC=C2)=O)=CC=C1,0.0030886809690855443
CC1=CC=C(CNC([C@@H](NC(C2OC=CC=2)=O)CC2=CC=CC=C2)=O)C=C1,0.0090180023573339
CC([C@@H](C(NC1SC=CN=1)=O)NS(C1=CC2=C(OCCO2)C=C1)(=O)=O)C,0.004365102248266339
FC(C(C=CN[C@H](C(NC1=CC=C(I)C=C1)=O)CC1=CC=CC=C1)=O)(F)F,0.005632164492271841
CC([C@@H](C(NNC(C1=CC=C(Br)C=C1)=O)=O)NC(N)=O)C,0.0029487761959899215
CSCC[C@@H](C1NC2=C(C=CC=C2)N=1)NC(C1=CC(N(=O)=O)=C(N2CCCCC2)C=C1)=O,0.00218360738363117
COC1=C(S(NC2=C(Br)C=CC(C)=C2)(=O)=O)C=C(NC([C@@H](NC(C)=O)C)=O)C=C1,0.005159402242861688
C[C@@H](C(NC1=CC(N(=O)=O)=CC=C1)=O)NC(C1OC=CC=1)=O,0.004350674943998456
COC1=CC(C(N[C@H](C(NC2=CC(Cl)=C(F)C=C2)=O)C(C)C)=O)=CC(OC)=C1,0.0071957190055400135
O=C([C@H]1N(C(C2SC=CC=2)=O)CCC1)NC1=CC=C(C2=CC=CC=C2)C=C1,0.006410627556033432
CCOC1=C(C(N[C@H](C(NC2=C(C(C)C)C=CC=C2C)=O)C(C)C)=O)C=CC=C1,0.010918779112398625
COC1=CC(C(N[C@H](C(NC2=CC=C(Cl)C=C2)=O)C(C)C)=O)=CC(OC)=C1,0.007071404531598091
CC1=C(NC([C@H]2N(S(C3=C(C(F)(F)F)C=CC=C3)(=O)=O)CCC2)=O)C=CC=C1,0.0038231789716519416
C[C@@H](C(OCC1=CC(F)=CC=C1)=O)NC(C1=C(Cl)C=CC=C1)=O,0.005484498175792396
CCN(C([C@H](C(C)C)NC(C1=CC(C)=CC=C1)=O)=O)CC(NC(C)C)=O,0.01181849418208003
CC([C@@H](C(NNC(C1=CC(N(C)C)=CC=C1)=O)=O)NC1=C(Cl)C=C(C(F)(F)F)C=C1)C,0.0030313935538288208
CC([C@@H](C(NC1=CC(Cl)=CC(Cl)=C1)=O)NC(C1=CC=C(C)C=C1)=O)C,0.007604510523378849
COC1=CC=C(C(N[C@H](C(NC2=CC(Cl)=C(F)C=C2)=O)C(C)C)=O)C=C1,0.0063941823318600655
NS(C1=CC=C(CNC([C@H]2N(C(C3SC=CC=3)=O)CCC2)=O)C=C1)(=O)=O,0.004360466520301998
CCOC1=C(C(N[C@H](C2NC3=C(C=CC=C3)N=2)CCSC)=O)C=CC=N1,0.0030249282368458807
CCOC1=CC=C(C2=C(C)SC(NC([C@@H](NC(C3SC=CC=3)=O)CC3=CC=CC=C3)=O)=N2)C=C1,0.005292424908839166
C[C@@H](C(OCCOC1=CC(Cl)=CC=C1)=O)NC(C1=C(Cl)C=CC=C1)=O,0.006387494713999331
CC(N(S(C1=CC(C(N[C@H](C2NC3=C(C=CC=C3)N=2)CC2=CC=CC=C2)=O)=CC=C1)(=O)=O)C)C,0.002640502114081755
O=C([C@H]1N(S(C2=CC3=C(OCCO3)C=C2)(=O)=O)CCC1)NC1=C(OC2=CC=CC=C2)C=CC=C1,0.005306212324649095
CSCC[C@@H](C1NC2=C(C=CC=C2)N=1)NC(C1=C2C(N(C3=CC=CC=C3)N=C2C)=NC(C2=CC=CC=C2)=C1)=O,0.003949924092739821
CC(CN1C(=O)N(C)C(=O)C(C(COC([C@H]2N(C(C3SC=CC=3)=O)CCC2)=O)=O)=C1N)C,0.006657206313684582
CC([C@@H](C1NC2=C(C=CC=C2)N=1)NC(C1=C(Cl)C(Cl)=CC=C1)=O)C,0.0037357182358391584
CC1=CC=C(S(N2[C@H](C(N(C3CS(=O)(=O)CC3)CC3OC=CC=3)=O)CCC2)(=O)=O)C=C1,0.00660742602776736
CC([C@@H](C(NC1=C(C)C(Cl)=CC=C1)=O)NC(C1=C(Cl)C=CC=C1)=O)C,0.007787983980961144
CC([C@@H](C1NC2=C(C=CC=C2)N=1)NC(C(N1C(C)=NN=N1)=CC1=CC=CC=C1)=O)C,0.0033925150171853604
CC([C@@H](C1NC2=C(C=CC=C2)N=1)NC(CC1=C(Cl)C=CC=C1F)=O)C,0.003459311812184751
CC([C@@H](C(N(CC1=CC=C(C(F)(F)F)C=C1)C)=O)NC(C1OC=CC=1)=O)C,0.008165577170439064
CC([C@@H](C(NC1C2=C(C=CC=C2)CCC1)=O)NC(C1=CC(S(N2CCOCC2)(=O)=O)=CC=C1)=O)C,0.006194355012848973
CC([C@@H](C(N[C@H](C(O)=O)CS)=O)NC(C1=C(Cl)C=C(Cl)C=C1)=O)C,0.004216438365983777
O=N(C1=CC(Cl)=C(C(N[C@H](C2NC3=C(C=CC=C3)N=2)CC2=CC=CC=C2)=O)C=C1)=O,0.0019879459141520783
CC(OC(N1[C@H](C(NC2=CC=C(S(C(F)F)(=O)=O)C=C2)=O)CCC1)=O)(C)C,0.003644220158457756
COC1=CC=C(C2OC(SCC(N[C@H](C3NC4=C(C=CC=C4)N=3)C(C)C)=O)=NN=2)C=C1,0.0036414980888366697
CSCC[C@@H](C1NC2=C(C=CC=C2)N=1)NC(C1CCC(=O)N(C2=C(F)C(F)=CC(F)=C2F)N=1)=O,0.002994206623407081
CC([C@@H](C(NC1C2=C(C=CC=C2)CCC1)=O)NS(C1=CC=C(C)C=C1)(=O)=O)C,0.007850717846304178
O=C([C@H]1N(C(C2SC=CC=2)=O)CCC1)NC1SC=CN=1,0.004709186824038624
CCC1SC(NC([C@H]2N(C(C3SC=CC=3)=O)CCC2)=O)=NN=1,0.005413138843141496
CC([C@@H](C(NC1=CC=C(NC(C)=O)C=C1)=O)NC1=C(Cl)C=C(C(F)(F)F)C=C1)C,0.005500294093508273
CC([C@@H](C(OCC1N=C2N(C3=C(S2)C=CC=C3)C(=O)C=1)=O)NC(C1=CC(C)=CC=C1)=O)C,0.008133048610761761
CC([C@@H](C(N1CCN(C2=C(F)C=CC=C2)CC1)=O)NC(C1=CC=C(F)C=C1)=O)C,0.005715521052479744
FC(C1=C(S(N2[C@H](C(NC3CCCCCC3)=O)CCC2)(=O)=O)C=CC=C1)(F)F,0.005203474871814251
COC1=C(S(N2CCOCC2)(=O)=O)C=C(NC([C@H]2N(C(OC(C)(C)C)=O)CCC2)=O)C=C1,0.0050409685703925785
CC(C(NC(NC1CCCCC1)=O)=O)OC([C@H]1N(C(C2SC=CC=2)=O)CCC1)=O,0.003219052136410028
CCC(NC([C@@H](NC(C1=C(Cl)C=CC=C1)=O)C)=O)CC,0.00799629078246653
CC([C@@H](C(NC1=CC=C(OCC2=CC=CC=C2)C=C1)=O)NC(N)=O)C,0.004307689995039254
CC([C@@H](C(NC1=C(F)C=C(Cl)C=C1)=O)NC(C1=CC=C(Br)C=C1)=O)C,0.007707492262125015
CC([C@@H](C(NC1SC=C(C2=NC=CC=C2)N=1)=O)NC(C1=CC(C)=CC=C1)=O)C,0.006053203716874123
FC(OC1=C(NC([C@H]2N(C(C3SC=CC=3)=O)CCC2)=O)C=CC=C1)F,0.00410587441874668
CCC(C(C(OC)=O)NC([C@H](C(C)C)NC(C1=C(F)C=CC=C1)=O)=O)C,0.008392113004811108
C[C@@H](C(NCCC1=CC=C(S(N)(=O)=O)C=C1)=O)NC(C1OC=CC=1)=O,0.006252299365587533
CC(C1=CC=C(NC(COC([C@@H](NC(C2=CC=C(F)C=C2)=O)CCC(N)=O)=O)=O)C=C1)C,0.006972943106666208
CCCCOC1=C(OC)C=C(C(N[C@H](C2NC3=C(C=CC=C3)N=2)CC2=CC=CC=C2)=O)C=C1,0.004072282183915377
CC([C@@H](C(OCC1N=C2N(C3=C(S2)C=CC=C3)C(=O)C=1)=O)NC(C1OC=CC=1)=O)C,0.008696161466650665
CC(NC1=CC=C(NC([C@H]2N(S(C3=CC4=C(OCCO4)C=C3)(=O)=O)CCC2)=O)C=C1)=O,0.0048458110075443985
CCOC1=C(C(N[C@H](C(NC2=C(C)C=C(Cl)C=C2)=O)C(C)C)=O)C=CC=C1,0.008562274230644106
C[C@@H](C(OCC(NCC1SC=CC=1)=O)=O)NC(N)=O,0.0035001780372112988
CC1C(COC2=CC(C(N[C@H](C3NC4=C(C=CC=C4)N=3)CC3=CC=CC=C3)=O)=CC=C2)=C(C)ON=1,0.004063154361210764
CCOC1=C(NC([C@H](C(C)C)NC(C2=C(OC)C=CC=C2)=O)=O)C=CC=C1,0.008653894998133183
CC([C@@H](C(NC1=CC2=C(OCO2)C=C1)=O)NC(C1=CC(S(N2CCOCC2)(=O)=O)=CC=C1)=O)C,0.005158610618673265
FC1=C(S(N2[C@H](C(NC3=CC(S(N4CCCCC4)(=O)=O)=CC=C3)=O)CCC2)(=O)=O)C=CC=C1,0.0046533460379578175
COC1=C(S(N2CCOCC2)(=O)=O)C=C(NC([C@H](C(C)C)NC(C2=C(F)C=CC=C2)=O)=O)C=C1,0.005311738478485495
CCOC1=C(NC([C@H](C(C)C)NC(C2=CC=C(F)C=C2)=O)=O)C=CC=C1,0.0073645846452564
CCOC1=CC=C(NC([C@H](C(C)C)NC(C2=C(Br)C=CC=C2)=O)=O)C=C1,0.009610225120559335
COC1=C(NC([C@H](C(C)C)NC(C2=C(F)C=CC=C2)=O)=O)C=C(C)C=C1,0.007744605024345219
CC1=CC2=C(N=C(S2)NC([C@H]2N(S(C3=CC4=C(OCCO4)C=C3)(=O)=O)CCC2)=O)C=C1,0.00456170350080356
CC1=CC(N2C(=O)CCC(C(N[C@H](C3NC4=C(C=CC=C4)N=3)CC3=CC=CC=C3)=O)=N2)=CC=C1,0.002753252978436649
CCC1SC(NC([C@H](C(C)C)NC(C2=CC(S(N3CCOCC3)(=O)=O)=CC=C2)=O)=O)=NN=1,0.004374092433135956
CC([C@@H](C(NCCC1=CC=C(S(N)(=O)=O)C=C1)=O)NS(C1=C(F)C=CC=C1)(=O)=O)C,0.005521816108375788
CC([C@@H](C(NC1=CC(C(F)(F)F)=CC=C1)=O)NC(C1=C(F)C=CC=C1)=O)C,0.004967490583658219
FC(C1=C(S(N2[C@H](C(NC3C4=C(C=CC=C4)CCC3)=O)CCC2)(=O)=O)C=CC=C1)(F)F,0.0051653331611305475
CC([C@@H](C(NC1=CC=C(NC(C)=O)C=C1)=O)NC(C1=CC=C(Br)C=C1)=O)C,0.008614134788513184
CC([C@@H](C(NC1=CC=C(NC(C)=O)C=C1)=O)NS(C1=CC(C(F)(F)F)=CC=C1)(=O)=O)C,0.0034665682120248674
COC1=CC(OC)=C(CN(C([C@@H](NC(C2SC=CC=2)=O)CC2=CC=CC=C2)=O)C)C=C1,0.006791160278953612
O=C(C1=C(NC2=CC=CC=C2)C=CC=C1)N[C@H](C1NC2=C(C=CC=C2)N=1)CC1=CC=CC=C1,0.004110006813425571
COC1=CC=C(C(N[C@H](C(NC2=C(Cl)C=C(C)C=C2)=O)C(C)C)=O)C=C1,0.008325170213356613
C[C@@H](C(OCC(N(C1CS(=O)(=O)CC1)CC1=CC=CC=C1)=O)=O)NC(C1=C(Cl)C=CC=C1)=O,0.00630548782646656
COC1=C(Cl)C=C(NC([C@H](C(C)C)NC(C2=C(F)C=CC=C2)=O)=O)C=C1,0.006950680608861148
NC(C1=C(NC(COC([C@H]2N(C(C3SC=CC=3)=O)CCC2)=O)=O)SC=C1)=O,0.006178663438186049
FC(C1=C(S(N2[C@H](C(NC3=CC=C(N4CCOCC4)C=C3)=O)CCC2)(=O)=O)C=CC=C1)(F)F,0.003366334573365748
CC([C@@H](C(NC1SC=C(C2=CC=C(C)C=C2)N=1)=O)NC(C1=C(F)C=CC=C1)=O)C,0.006343645323067903
FC1=CC=C(S(N2CCN(C([C@H]3N(C(C4SC=CC=4)=O)CCC3)=O)CC2)(=O)=O)C=C1,0.0040836968459188935
CC([C@@H](C1NC2=C(C=CC=C2)N=1)NC(C1CCCC1)=O)C,0.004833918588701636
CC([C@@H](C1NC2=C(C=CC=C2)N=1)NC(C1CCCCC1)=O)C,0.005230125482194125
CC([C@@H](C1NC2=C(C=CC=C2)N=1)NC(C1=CC(Br)=CC=C1)=O)C,0.004580521793104708
COC1=CC=C(NC([C@@H](NC(C2=CC=C(Cl)C=C2)=O)CC2=CC=CC=C2)=O)C=C1,0.006131639471277595
CC(N[C@H](C(N1CCN(S(C2SC=CC=2)(=O)=O)CC1)=O)CC1C2=C(C=CC=C2)NC=1)=O,0.0023413601098582148
COC1=C(OC)C=C(CNC([C@H](C(C)C)NS(C2=C(F)C=CC=C2)(=O)=O)=O)C=C1,0.006074490048922599
FC1=CC=C(CSC2SC(NC([C@H]3N(C(C4SC=CC=4)=O)CCC3)=O)=NN=2)C=C1,0.005262595508247614
COC1=C(OC)C=C(CNC([C@@H](NC(C)=O)CC2C3=C(C=CC=C3)NC=2)=O)C=C1,0.004918045049998909
COC1=CC=C(C(N[C@H](C(NC2=CC(C)=C(Br)C=C2)=O)C(C)C)=O)C=C1,0.010162314819172024
ClC1=CC=C(S(N2[C@H](C(OCC(C3=CC4=C(OCO4)C=C3)=O)=O)CCC2)(=O)=O)C=C1,0.008204297185875476
C[C@@H](C(OCC(NC1=C(C#N)C=CS1)=O)=O)NC1=C(N(=O)=O)C=C(C(F)(F)F)C=C1,0.0025961671897675844
CCC1=C2C(C(C(COC([C@@H](NC(C)=O)C)=O)=O)=CN2)=CC=C1,0.005979780945926905
COC1=CC=C(C2=C(C)SC(NC([C@H]3N(S(C4=C(F)C=CC=C4)(=O)=O)CCC3)=O)=N2)C=C1,0.004307587968651205
CCOC1=CC=C(C(N[C@H](C(OCC(NC2=C(C(N)=O)C=CS2)=O)=O)C(C)C)=O)C=C1,0.0064426049357280135
CCOC(C1=C(COC([C@H]2N(C(C3SC=CC=3)=O)CCC2)=O)C(C#N)=C(N)S1)=O,0.0041527498629875485
C[C@@H](C(OCC(NC1=C(SC2=CC=CC=C2)C=CC=C1)=O)=O)NC(N)=O,0.005396928265690803
O=C(C1=CC=C(C(C2=CC=CC=C2)=O)C=C1)N[C@H](C1NC2=C(C=CC=C2)N=1)CC1=CC=CC=C1,0.005049143289215863
CC([C@@H](C(NCC1=CC2=C(OCO2)C=C1)=O)NC(C1=C(Cl)C=C(Cl)C=C1)=O)C,0.00789993645157665
CCOC1=C(OCC)C(OCC)=CC(C(N[C@H](C2NC3=C(C=CC=C3)N=2)CCSC)=O)=C1,0.0044633910525590185
C[C@@H](C(NC1=CC=C(S(N2CCCC2)(=O)=O)C=C1)=O)N1C(=O)C2C(CC=CC2)C1=O,0.0034503151080571117
CC([C@@H](C(OCC(N(CC(NC1=CC=C(C)C=C1)=O)C)=O)=O)NC(C1=C(F)C=CC=C1)=O)C,0.007765943696722388
COC1=CC(NC([C@H]2N(C(C3SC=CC=3)=O)CCC2)=O)=C(OC)C=C1,0.005619222763925791
COC1=CC(C(N[C@H](C2NC3=C(C=CC=C3)N=2)CCSC)=O)=CC=C1,0.0036017398466356098
CC([C@@H](C(NCC1=CC=CC=C1)=O)NC(C1=CC=C(C(C)(C)C)C=C1)=O)C,0.011166480695828795
FC(C1=C(S(N2[C@H](C(NCC3OC=CC=3)=O)CCC2)(=O)=O)C=CC=C1)(F)F,0.003757662430871278
CCOC1=C(C(N[C@H](C2NC3=C(C=CC=C3)N=2)C(C)C)=O)C=CC=N1,0.003562268486712128
ClC1=CC2=C(N=C(S2)NC([C@H]2N(C(C3SC=CC=3)=O)CCC2)=O)C=C1,0.004705889755859971
COC([C@@H](NC(C1=CC=C(S(N2CCCCC2)(=O)=O)C=C1)=O)C)=O,0.0046388515504077075
COC1=C(OC)C=C(CNC([C@@H](NC(C2=CC=C(Cl)C=C2)=O)CC2=CC=CC=C2)=O)C=C1,0.006972536537796259
CC([C@@H](C(NCC1=CC=C(C)C=C1)=O)NC(C1=CC=C(C(C)(C)C)C=C1)=O)C,0.012127992464229465
C[C@@H](C(NC1=CC=C(OC(F)(F)F)C=C1)=O)NC(C1OC=CC=1)=O,0.004097810166422277
CC(CNC([C@H]1N(C(C2SC=CC=2)=O)CCC1)=O)C,0.006869471026584506
CC([C@@H](C(N1CCN(S(C2=CC(F)=CC=C2)(=O)=O)CC1)=O)NS(C1=CC=C(C)C=C1)(=O)=O)C,0.004892030952032655
CC([C@@H](C1NC2=C(C=CC=C2)N=1)NC(CCCOC1=CC(C)=CC=C1)=O)C,0.004551091219764203
ClC1=CC=C(C(N[C@H](C(NCC=C)=O)CC2=CC=CC=C2)=O)C=C1,0.005553956783842295
COC1=C(Cl)C=C(NC([C@@H](NS(C2=CC=C(NC(C)=O)C=C2)(=O)=O)C)=O)C=C1,0.004531617637258023
C[C@@H](C(NC1=CC=C(N2CCOCC2)C=C1)=O)NS(C1=CC=C(NC(C)=O)C=C1)(=O)=O,0.004231339890975505
CCCC1=CC=C(C2=C(C)SC(NC([C@H]3N(C(C4SC=CC=4)=O)CCC3)=O)=N2)C=C1,0.006692767771892249
NS(C1=CC=C(CCNC([C@H]2N(S(C3=C(F)C=CC=C3)(=O)=O)CCC2)=O)C=C1)(=O)=O,0.005419172928668559
CC([C@@H](C(NCC1=CC=C(F)C=C1)=O)NC(C1=CC(S(N2CCOCC2)(=O)=O)=CC=C1)=O)C,0.004937723511829972
COC1=C(OC)C(OC)=CC(C(N[C@H](C(NC2=CC=C(NC(C)=O)C=C2)=O)C(C)C)=O)=C1,0.009656003210693598
CC([C@@H](C(NCCC1=CC=C(S(N)(=O)=O)C=C1)=O)NS(C1=CC=C(Cl)C=C1)(=O)=O)C,0.0058900283882394435
CC([C@@H](C1NC2=C(C=CC=C2)N=1)NC(C1=C(Cl)C=CC(S(N2CCCCC2)(=O)=O)=C1)=O)C,0.002560801594518125
CC(C1=CC(NC([C@H]2N(S(C3=C(C(F)(F)F)C=CC=C3)(=O)=O)CCC2)=O)=CC=C1)=O,0.004948371194768697
COC1=CC=C(C(N[C@H](C(NC2C3=C(C=CC=C3)CCC2)=O)C(C)C)=O)C=C1,0.011509743193164468
COC1=CC=C(C(N[C@H](C(OCC(NC2=C(C(N)=O)C=CS2)=O)=O)C(C)C)=O)C=C1,0.006791865359991789
CC([C@@H](C(OCC(NC1=C(C(N)=O)C=CS1)=O)=O)NC(C1OC=CC=1)=O)C,0.006913450639694929
CCC1SC(NC([C@H]2N(S(C3=CC4=C(OCCO4)C=C3)(=O)=O)CCC2)=O)=NN=1,0.0044409673195332285
COC1=CC=C(C(N[C@H](C(N2CCN(S(C3=CC=C(Cl)C=C3)(=O)=O)CC2)=O)C(C)C)=O)C=C1,0.004886820493265986
NC(CC[C@@H](C(NC1=CC2=C(OC3=C2C=CC=C3)C=C1)=O)NC(C1=CC=C(F)C=C1)=O)=O,0.006072713760659099
C[C@@H](C(OCC(C1C2=C(C=CC=C2)NC=1)=O)=O)NC1=C(N(=O)=O)C=C(C(F)(F)F)C=C1,0.003334658138919622
CC([C@@H](C(NC1CCCCCC1)=O)NC(C1=CC=C(F)C=C1)=O)C,0.009774908516556024
CC([C@@H](C1NC2=C(C=CC=C2)N=1)NC(C1=CC(S(N2CCCC2)(=O)=O)=CC=C1)=O)C,0.0027547290839720516
CC([C@@H](C1NC2=C(C=CC=C2)N=1)NC(COC1=C(C2=CC=CC=C2)C=CC=C1)=O)C,0.005128425383009017
COC1=C(C(N[C@H](C(NC2=CC=C(C(F)(F)F)C=C2)=O)C(C)C)=O)C=CC=C1,0.006538614793680608
C[C@@H](C(NC1SC=CN=1)=O)NC(C1OC=CC=1)=O,0.005017413757741451
CC([C@@H](C1NC2=C(C=CC=C2)N=1)NC(C1=CC(F)=CC=C1)=O)C,0.0030914897797629237
C[C@@H](C(OCC(NC1=C(C(N)=O)C=CS1)=O)=O)NS(C1=CC=C(C)C=C1)(=O)=O,0.003730971075128764
COC1=CC=C(C(N[C@H](C(NCC2SC=CC=2)=O)C(C)C)=O)C=C1,0.007304921536706388
CCOC1=C(NC([C@H]2N(C(C3SC=CC=3)=O)CCC2)=O)C=C(OCC)C(N2CCOCC2)=C1,0.0061066032387316225
COC1=CC=C(CCC(N[C@H](C2NC3=C(C=CC=C3)N=2)C(C)C)=O)C=C1,0.004906964232213795
CC([C@@H](C1NC2=C(C=CC=C2)N=1)NC(CCCSC1=CC=CC=C1)=O)C,0.0036932253977283837
FC(C1=CC(C(N[C@H](C2NC3=C(C=CC=C3)N=2)CC2=CC=CC=C2)=O)=CC=C1)(F)F,0.0027084124507382513
FC(C1=CC(C2OC(C(N[C@H](C3NC4=C(C=CC=C4)N=3)CC3=CC=CC=C3)=O)=CC=2)=CC=C1)(F)F,0.0031491556204855443
ClC1=CC(Cl)=C(CC(N[C@H](C2NC3=C(C=CC=C3)N=2)CC2=CC=CC=C2)=O)C=C1,0.0034042753512039782
CC([C@@H](C(N1CCN(S(C2=CC3=C(C=CC=C3)C=C2)(=O)=O)CC1)=O)NC(C1=CC=C(F)C=C1)=O)C,0.004199759068433196
CCN(C([C@@H](NC(C1OC=CC=1)=O)CC1=CC=CC=C1)=O)CC(NCC1=CC=C(F)C=C1)=O,0.007704632286913693
COC1=CC=C(C(N[C@H](C(NC(C2=CC=CC=C2)C2=CC=CC=C2)=O)C(C)C)=O)C=C1,0.010319972457364202
CC([C@@H](C(NC1SC=C(C2=NC=CC=C2)N=1)=O)NC1=C(Cl)C=C(C(F)(F)F)C=C1)C,0.003799892874667421
C[C@@H](C(OCC(N1C(=O)CCC1)=O)=O)NC1=C(N(=O)=O)C=C(C(F)(F)F)C=C1,0.001670228346483782
FC1=CC=C(CNC([C@H]2N(S(C3=C(C(F)(F)F)C=CC=C3)(=O)=O)CCC2)=O)C=C1,0.0036029666429385544
O=C([C@H]1N(S(C2=CC3=C(OCCO3)C=C2)(=O)=O)CCC1)NC(C1=CC=CC=C1)C1=CC=CC=C1,0.005752079514786601
FC(C1=C(S(N2[C@H](C(NC(C3=CC=CC=C3)C3=CC=CC=C3)=O)CCC2)(=O)=O)C=CC=C1)(F)F,0.004481640039011836
CC([C@@H](C(NC1SC(SCC2=CC=C(F)C=C2)=NN=1)=O)NS(C1=CC=C(C)C=C1)(=O)=O)C,0.004574328463058918
NC(CC[C@@H](C(OCC(C1=CC=CC=C1)=O)=O)NC(C1=CC=C(F)C=C1)=O)=O,0.009878500178456307
C[C@@H](C(NC1=CC=C(C#N)C=C1)=O)NC(C1=CC=C(Br)C=C1)=O,0.005708807543851435
FC1=CC=C(CSC2SC(NC([C@H]3N(S(C4=C(F)C=CC=C4)(=O)=O)CCC3)=O)=NN=2)C=C1,0.004148744081612676
FC1=CC(NC([C@@H](NC(C2=CC=C(Cl)C=C2)=O)CC2=CC=CC=C2)=O)=CC=C1,0.004849450138863176
CC([C@@H](C1NC2=C(C=CC=C2)N=1)NC(CC1=C(F)C=CC=C1)=O)C,0.0030818042403552683
C[C@@H](C(OCC1=C2C(COC(C3=CC=CC=C3)O2)=CC(F)=C1)=O)NC(C1=CC=CC=C1)=O,0.00655955916736275
CCOC1=C(C(N[C@H](C(NC2=CC(F)=C(F)C=C2)=O)C(C)C)=O)C=CC=C1,0.008037106925621628
COC1=CC(NC(COC([C@H](C(C)C)NC(C2=CC(N(=O)=O)=C(Cl)C=C2)=O)=O)=O)=C(OC)C=C1,0.006438612239435315
C[C@@H](C(NCC1OC2=C(C=CC=C2)OC1)=O)NC1=C(N(=O)=O)C=C(C(F)(F)F)C=C1,0.004104341065976768
C[C@@H](C(NC1=C(OCC(F)(F)F)C=CC(S(N2CCCC2)(=O)=O)=C1)=O)NC(C1OC=CC=1)=O,0.003881037241080776
CC([C@@H](C(OCC(NCC(F)(F)F)=O)=O)NC(C1=CC=CC=C1)=O)C,0.006225092348176986
CC1(C2(C(NC([C@@H](NC(C3SC=CC=3)=O)CC3=CC=CC=C3)=O)CC1CC2)C)C,0.009327268181368708
CCN(C([C@H](C(C)C)NC(C1OC=CC=1)=O)=O)CC(NC(C)C)=O,0.012557884631678461
COC1=C(OC)C=C(CCNC([C@H]2N(C(C3SC=CC=3)=O)CCC2)=O)C=C1,0.0069956539664417505
FC1=C(S(N2[C@H](C(NC3CCCCCC3)=O)CCC2)(=O)=O)C=CC=C1,0.006774693424813449
CC1=C2C(SC(=N2)NC([C@H]2N(C(C3SC=CC=3)=O)CCC2)=O)=CC=C1,0.005620746151544153
CC([C@@H](C(NC1SC2=C(C=CC(=C2)C)N=1)=O)NC(C1=C(F)C=CC=C1)=O)C,0.006650207564234734
CC(CC(C(O)=O)NC([C@H](C(C)C)NC(C1OC=CC=1)=O)=O)C,0.008490242226980627
CN(C([C@H]1N(S(C2=C(F)C=CC=C2)(=O)=O)CCC1)=O)CC1OC(C)=CC=1,0.005821824818849563
CC([C@@H](C(NC1=CC(C(C)=O)=CC=C1)=O)NC(N)=O)C,0.006782976607792079
O=C(N1CCN(CC2=CC3=C(OCO3)C=C2)CC1)[C@H]1N(C(C2SC=CC=2)=O)CCC1,0.0066733593121171
CCOC(NC(COC([C@@H](NC(C1=CC=CC=C1)=O)C)=O)=O)=O,0.0023170678061433135
ClC1=CC(NC([C@@H](N2C(=O)C3=C(C=CC=C3)C2=O)CC2=CC=CC=C2)=O)=CC=C1,0.003497009363491088
C[C@@H](C(OCC(C1SC(Br)=CC=1)=O)=O)NS(C1=CC=C(NC(C)=O)C=C1)(=O)=O,0.006063048588111996
COC1=CC=C(C(N[C@H](C(NCCCN2C(C)=CC(C)=N2)=O)C(C)C)=O)C=C1,0.008202990610152483
NC(C1=C(NC([C@H]2N(S(C3=CC=C(Cl)C=C3)(=O)=O)CCC2)=O)SC=C1)=O,0.003209792694542557
CC1N(C)N(C2=CC=CC=C2)C(=O)C=1NC([C@H]1N(C(C2SC=CC=2)=O)CCC1)=O,0.005094940820708871
ClC1=CC=C(C(N[C@H](C(NC2=CC3=C(OCO3)C=C2)=O)CC2=CC=CC=C2)=O)C=C1,0.005838154745288193
CC([C@@H](C(NC1SC2=C(C=CC(=C2)C)N=1)=O)NC(C1=C(Cl)C=CC(N(=O)=O)=C1)=O)C,0.004355282057076693
CC([C@@H](C(OCC(NC1=CC(S(N)(=O)=O)=CC=C1)=O)=O)NC(C1=CC=C(C)C=C1)=O)C,0.006072072684764862
CC([C@@H](C(OCC(C1C2=C(C=CC=C2)NC=1)=O)=O)NC(C1=C(F)C=CC=C1)=O)C,0.006100136274471879
CC1N=C(NC([C@H]2N(C(C3SC=CC=3)=O)CCC2)=O)SC=1,0.005120532470755279
CC([C@@H](C1NC2=C(C=CC=C2)N=1)NC(COC1=C(C#N)C=CC=C1)=O)C,0.0033456735138315706
O=C(OCC1=CC=CC=C1)N[C@H](C(NC1=CC(C2N3C(CCCCC3)=NN=2)=CC=C1)=O)CC1=CC=CC=C1,0.004101745050866157
CC([C@@H](C(OCC(NC1CS(=O)(=O)CC1)=O)=O)NC(C1=CC=C(C)C=C1)=O)C,0.007769408030435443
CC([C@@H](C(OCC1=NC(NC2=C(C)C=CC=C2)=NC(N)=N1)=O)NC(C1OC=CC=1)=O)C,0.006421567220240831
CC([C@@H](C(NCC1=CC=CC=C1)=O)NS(C1=CC=C(Br)C=C1)(=O)=O)C,0.006158114527352154
CC([C@@H](C1NC2=C(C=CC=C2)N=1)NC(C1=C(F)C=C(F)C=C1)=O)C,0.0033194566785823554
CC[C@@H]([C@@H](C(N1CCN(C(C2=CC=CC=C2)=O)CC1)=O)NC(C1=CC=CC=C1)=O)C,0.008080398477613927
CC([C@@H](C(OCC(NC1CS(=O)(=O)CC1)=O)=O)NC(C1=CC=C(F)C=C1)=O)C,0.006568217440508306
O=C(OCC1=CC=CC=C1)N[C@H](C(NC1=CC=C(C2N=C3N(C=CS3)C=2)C=C1)=O)CC1=CC=CC=C1,0.003064891276881099
CCOC1=C(C(N[C@H](C(OCC(NNC(C2SC=CC=2)=O)=O)=O)C(C)C)=O)C=CC=C1,0.004842065426055342
CC[C@@H]([C@@H](C(NC1=CC=C(C2=CC=CC=C2)C=C1)=O)NC(N)=O)C,0.004332892503589392
O=C(N[C@H](C1NC2=C(C=CC=C2)N=1)CC1=CC=CC=C1)COC1=C(C#N)C=CC=C1,0.0029941241373308003
CC([C@@H](C(OCC(NC1CS(=O)(=O)CC1)=O)=O)NC(C1OC=CC=1)=O)C,0.00781460958532989
CCN(C([C@H]1N(C(C2SC=CC=2)=O)CCC1)=O)CC(NC(C)C)=O,0.0075448511634022
CC[C@@H]([C@@H](C(OCC(NCC1=CC=C(Cl)C=C1)=O)=O)NC(N)=O)C,0.004692889144644141
COC1=C(N(=O)=O)C=C(C(N[C@H](C2NC3=C(C=CC=C3)N=2)C(C)C)=O)C=C1,0.0030334501119796188
CC([C@@H](C1NC2=C(C=CC=C2)N=1)NC(COC1=CC=C(C#N)C=C1)=O)C,0.0034696615999564528
NC(C1=C(NC([C@@H](NC(C2OC=CC=2)=O)CC2=CC=CC=C2)=O)SC=C1)=O,0.00664370353333652
CCOC1=C(C(N[C@H](C(OCC(NC2CS(=O)(=O)CC2)=O)=O)C(C)C)=O)C=CC=C1,0.008105183043517173
CC(N[C@H](C(OCC1=C2C(COCO2)=CC(N(=O)=O)=C1)=O)CC1C2=C(C=CC=C2)NC=1)=O,0.0027594815590418877
O=C(NC1=CC2=C(OCCO2)C=C1)COC([C@@H](N1C(=O)C2=C(C=CC=C2)C1=O)CC1=CC=CC=C1)=O,0.003983649355359375
CC([C@@H](C(NC1CCCCCC1)=O)NC(C1=C(C)C=CC=C1)=O)C,0.013717277348041535
COC1=CC=C(N2CCN(C([C@@H](NC(C3=CC=C(Cl)C=C3)=O)CC3=CC=CC=C3)=O)CC2)C=C1,0.005446166370529681
CN(C([C@@H](NC(C1SC=CC=1)=O)CC1=CC=CC=C1)=O)CC1OC(C)=CC=1,0.00772709387820214
CN(C([C@H]1N(C(C2SC=CC=2)=O)CCC1)=O)CC(NC1=C(F)C(F)=C(F)C=C1)=O,0.006083777314051986
CC([C@@H](C(NC1=CC(C)=C(Br)C=C1)=O)NC(C1=C(F)C=CC=C1)=O)C,0.008210715488530695
CCN(C([C@H]1N(C(C2SC=CC=2)=O)CCC1)=O)CC(NCC1SC=CC=1)=O,0.007889485592022539
CC([C@@H](C(OCC1C2=C(C=C(C=C2)C)OC(=O)C=1)=O)NC(C1=CC=CC=C1)=O)C,0.008374637295491993
FC1=CC=C(CNC([C@@H](NC(C2=CC=C(Cl)C=C2)=O)CC2=CC=CC=C2)=O)C=C1,0.005214054114185273
CC([C@@H](C(OCC(NC1=CC=C(N2CCOCC2)C=C1)=O)=O)NC(C1=CC=C(C(C)(C)C)C=C1)=O)C,0.007982412655837833
O=C([C@@H](NC(C1SC=CC=1)=O)CC1=CC=CC=C1)NC1SC2CCC3=C(C=2N=1)C=CC=C3,0.006341890315525234
CCOC(C1=C(C)C(C#N)=C(NC([C@@H](N2C(=O)C3=C(C=CC=C3)C2=O)CC2=CC=CC=C2)=O)S1)=O,0.002548993838718161
CC(NCCNC([C@@H](NC(C1OC=CC=1)=O)CC1=CC=CC=C1)=O)=O,0.006503626820631325
CC([C@@H](C(OCC(NC1C(=O)N(C2=CC=CC=C2)N(C)C=1C)=O)=O)N1C(=O)C2=C(C=CC=C2)C1=O)C,0.004361528437584639
C[C@@H](C(OCC1=C2C(COCO2)=CC(N(=O)=O)=C1)=O)NS(C1=CC=C(NC(C)=O)C=C1)(=O)=O,0.0031768734683282674
CC([C@@H](C(OCC(C1SC(Cl)=CC=1)=O)=O)NC(C1=C(Cl)C=CC(N(=O)=O)=C1)=O)C,0.006177596375346183
O=C([C@@H](NC(C1SC=CC=1)=O)CC1=CC=CC=C1)NCC1SC=CC=1,0.006730016879737377
COC1=C(NC([C@H]2N(C(C3SC=CC=3)=O)CCC2)=O)C=C2OC3=C(C2=C1)C=CC=C3,0.005654777400195599
C[C@@H](C(OCC(NC1CCCC1)=O)=O)NC1=C(N(=O)=O)C=C(C(F)(F)F)C=C1,0.005190849956125021
C[C@@H](C(OCC(NCC(F)(F)F)=O)=O)NS(C1=CC=C(NC(C)=O)C=C1)(=O)=O,0.0031289456150261686
C[C@@H](C(N1C2=C(C=CC=C2)CC1)=O)NC1=C(N(=O)=O)C=C(C(F)(F)F)C=C1,0.003654836758505553
CC1SC2=C(C=CC(=C2)NC([C@H]2N(S(C3=CC4=C(OCCO4)C=C3)(=O)=O)CCC2)=O)N=1,0.003943419037386775
CC([C@@H](C(NCC1=CC=C(C)C=C1)=O)NS(C1=CC=C(Br)C=C1)(=O)=O)C,0.006802026811055839
CC([C@@H](C(OCC(NC1=C(Cl)C=CC(S(N(C)C)(=O)=O)=C1)=O)=O)NC(C1OC=CC=1)=O)C,0.005843112058937549
O=C([C@@H](NC(C1SC=CC=1)=O)CC1=CC=CC=C1)NC1CC1,0.006373487622477114
CC([C@@H](C(NC1CC1)=O)NC(C1OC=CC=1)=O)C,0.010422209743410349
C[C@@H](C(N(CC(NC1=C(C)C=CC=C1C)=O)C)=O)NC(C1OC=CC=1)=O,0.009667331702075899
CC[C@@H]([C@@H](C(NC1=CC(C(F)(F)F)=C(Cl)C=C1)=O)NC(N)=O)C,0.0027702979830792175
ClC1=CC=C(C(N[C@H](C(NC2=CC(C#N)=CC=C2)=O)CC2=CC=CC=C2)=O)C=C1,0.004686315334402025
CC(NCCNC([C@@H](NC(C1SC=CC=1)=O)CC1=CC=CC=C1)=O)=O,0.004770571133121848
CC([C@@H](C(NC1=C(CC2=CC=CC=C2)C=CC=C1)=O)NC(C1=CC=C(F)C=C1)=O)C,0.007686556945554912
CC([C@@H](C(OCC(NC1CS(=O)(=O)CC1)=O)=O)NC(C1=CC(C)=CC=C1)=O)C,0.007558056712150573
COC1=C(OC)C(OC)=CC(C(N[C@H](C(NC2C3=C(C=CC=C3)CCC2)=O)C(C)C)=O)=C1,0.01194345992989838
CN1C(=O)C=CC(C(N[C@H](C2NC3=C(C=CC=C3)N=2)CC2=CC=CC=C2)=O)=N1,0.0034634965006262062
FC1=C(S(N2[C@H](C(OCC(N3C4=C(C=CC=C4)CC3)=O)=O)CCC2)(=O)=O)C=CC=C1,0.005671418784186244
C[C@@H](C(OCC(C1C2=C(C=CC=C2)NC=1C)=O)=O)NS(C1=C(F)C=CC=C1)(=O)=O,0.003667618311010301
COC1=CC(C(N[C@H](C(OCC(NC2=CC3=C(OCO3)C=C2)=O)=O)C(C)C)=O)=CC(OC)=C1,0.008787698694504797
CN1C(=O)N(C)C(=O)C(C(COC([C@@H](NC(C2OC=CC=2)=O)CC2=CC=CC=C2)=O)=O)=C1N,0.008138319524005056
O=C(NC1=CC2=C(OCO2)C=C1)COC([C@@H](NC(C1OC=CC=1)=O)CC1=CC=CC=C1)=O,0.00667092246003449
FC1=C(S(N2[C@H](C(OCC(NCC3=CC4=C(OCO4)C=C3)=O)=O)CCC2)(=O)=O)C=CC=C1,0.004814476938918233
O=C([C@H]1N(C(C2SC=CC=2)=O)CCC1)NC1C2=C(C=CC=C2)CCC1,0.00945447599515319
C[C@@H](C(NC1=CC(S(N2CCOCC2)(=O)=O)=CC=C1)=O)N1C(=O)C2C(CC=CC2)C1=O,0.0031062282738275825
CC([C@@H](C(NC1CCC(C)CC1)=O)NS(C1=CC=C(C)C=C1)(=O)=O)C,0.0072318894090130925
COC1=CC=C(C2N=C(NC([C@H](C(C)C)NC(C3=C(Cl)C=CC(N(=O)=O)=C3)=O)=O)SC=2)C=C1,0.003816232678946108
CC([C@@H](C(OCC(NC1=C(Cl)N=CC=C1)=O)=O)NC(C1OC=CC=1)=O)C,0.0075202497188001875
CC([C@@H](C(OCC(NC1C2=C(C=CC=C2)CCC1)=O)=O)NC(C1OC=CC=1)=O)C,0.011761132115498184
CC([C@@H](C(NC1=C(CC2=CC=CC=C2)C=CC=C1)=O)NC(C1=C(Br)C=CC=C1)=O)C,0.010254416475072503
CC1(OC2=C(C=CC=C2OCC(N[C@H](C2NC3=C(C=CC=C3)N=2)CC2=CC=CC=C2)=O)C1)C,0.0046107849688269194
O=N(C1=CC2=C(OCOC2)C(COC([C@H]2N(S(C3=CC=C(Cl)C=C3)(=O)=O)CCC2)=O)=C1)=O,0.003815188549924642
CC([C@@H](C(OCC(NC1=CC2=C(OCO2)C=C1)=O)=O)NC(C1=CC=C(C)C=C1)=O)C,0.007917978521436452
CC1=C(C)C=C(NC([C@@H](N2C(=O)C3=C(C=CC=C3)C2=O)CC2=CC=CC=C2)=O)C=C1,0.0044021267094649374
CC([C@@H](C(OCC1N=C2N(C3=C(S2)C=CC=C3)C(=O)C=1)=O)NC(CC1=CC=CC=C1)=O)C,0.007760954089462757
COC1=C(OC)C=C(C(COC([C@@H](NS(C2=CC=C(NC(C)=O)C=C2)(=O)=O)C)=O)=O)C=C1,0.007061488600447774
CC([C@@H](C(OCC(C1C2=C(C=CC=C2)NC=1)=O)=O)NC(C1=C(Br)C=CC=C1)=O)C,0.007835989841260016
O=C([C@@H](N1C(=O)C2=C(C=CC=C2)C1=O)CC1=CC=CC=C1)NCC1(N2CCCCC2)CCCCC1,0.004667005874216557
CCC1SC(NC([C@H](C(C)C)NS(C2=CC(Cl)=CC=C2)(=O)=O)=O)=NN=1,0.003828888386487961
C[C@@H](C(OCC1=C(C)C=C(C(C)(C)C)C=C1C)=O)NC(C1=C(Cl)C=CC=C1)=O,0.010128511814400554
C[C@@H](C(OCC(NC(C)(C)C)=O)=O)NC1=C(N(=O)=O)C=C(C(F)(F)F)C=C1,0.004453699802979827
NC(COC([C@@H](NS(C1=C(F)C=CC=C1)(=O)=O)CC1=CC=CC=C1)=O)=O,0.0040394725394435225
COC1=C(OC)C(OC)=CC(C(N[C@H](C(NC2=CC3=C(N=C(S3)SC)C=C2)=O)C(C)C)=O)=C1,0.006447291886433959
C[C@@H](C(NC1=CC(C2N3C(CCCCC3)=NN=2)=CC=C1)=O)NC(C1OC=CC=1)=O,0.006369678350165486
CC([C@@H](C(OCC(NC1=CC(S(N)(=O)=O)=CC=C1)=O)=O)NS(C1=CC=CC=C1)(=O)=O)C,0.005745208985172212
CCN(C([C@@H](NC(C1=CC=C(Br)C=C1)=O)C)=O)CC(NC(C)C)=O,0.010650939913466573
CC([C@@H](C(NC1SC=C(C2=CC=C(C(C)(C)C)C=C2)N=1)=O)NS(C1=CC=C(C)C=C1)(=O)=O)C,0.005694796913303435
CC([C@@H](C(OCC(C1NC=CC=1)=O)=O)NC(C1=CC=C(C)C=C1)=O)C,0.008141002105548977
CC([C@@H](C1NC2=C(C=CC=C2)N=1)NC(C1=CC=C(S(N2CCOCC2)(=O)=O)C=C1)=O)C,0.0024381335359066727
CC([C@@H](C(OCC(NC1=CC2=C(OC(O2)(F)F)C=C1)=O)=O)NC(C1OC=CC=1)=O)C,0.006726358341984451
O=C(C1=CC=C(S(N2CCOCC2)(=O)=O)C=C1)N[C@H](C1NC2=C(C=CC=C2)N=1)CC1=CC=CC=C1,0.00214859260013327
CC([C@@H](C(OCC(NC1=C(C(N)=O)C=CS1)=O)=O)NC(C1=C(F)C=CC=C1)=O)C,0.005864789476618171
CC1=CC=C(S(N2[C@H](C(OC3=CC=CC=C3)=O)CCC2)(=O)=O)C=C1,0.005980625515803695
C[C@@H](C(NC1SC2=C(C=CC(=C2)F)N=1)=O)NC(C1OC=CC=1)=O,0.0050147274043411015
CC([C@@H](C(OCC(NC1C2=C(C=CC=C2)CCC1)=O)=O)NC(C1=C(Cl)C=CC(N(=O)=O)=C1)=O)C,0.0063659466803073885
COC1=CC2=C(C(=CC(O2)=O)COC([C@@H](NS(C2=C(F)C=CC=C2)(=O)=O)C)=O)C=C1,0.004242135735694319
CCOC1=CC=C(C(N[C@H](C(NC2=CC(S(N3CCCCC3)(=O)=O)=CC=C2)=O)C(C)C)=O)C=C1,0.004976112081203609
O=C(NC1=CC2=C(OCO2)C=C1)COC([C@@H](N1C(=O)C2=C(C=CC=C2)C1=O)CC1=CC=CC=C1)=O,0.003777796239592135
CC([C@@H](C(OCC(NC1=C(C(N)=O)C2=C(CCC2)S1)=O)=O)NC(C1OC=CC=1)=O)C,0.008707223134115339
CC([C@@H](C(NC1CCCCCC1)=O)NC(C1=C(Cl)C=CC(N(=O)=O)=C1)=O)C,0.00700854561291635
CC[C@@H]([C@@H](C(NNC(C1C2=C(C=CC=C2)C(=O)N(CC)N=1)=O)=O)NC(N)=O)C,0.00270130829885602
CC1C(CSC2=C(C(N[C@H](C3NC4=C(C=CC=C4)N=3)CC3=CC=CC=C3)=O)C=CC=C2)=C(C)ON=1,0.0037300885654985906
CCOC1=C(C(N[C@H](C(NC2=C(C(N)=O)C3=C(CCC3)S2)=O)C(C)C)=O)C=CC=C1,0.007922379323281348
CC([C@@H](C1NC2=C(C=CC=C2)N=1)NC(C1=C(F)C=CC=C1)=O)C,0.003462775825755671
CC(C1=CC(NC([C@H]2N(S(C3=CC4=C(OCCO4)C=C3)(=O)=O)CCC2)=O)=CC=C1)=O,0.0067553831031546
CCCN(C([C@H](C(C)C)NC1=C(Cl)C=C(C(F)(F)F)C=C1)=O)CC(NC1=C(OC)C=CC=C1)=O,0.00623448493424803
OC(C1=CC=C(CNC([C@@H](NC(OCC2=CC=CC=C2)=O)CC2C3=C(C=CC=C3)NC=2)=O)C=C1)=O,0.0026953870954457672
CC([C@@H](C(OCC(NC1CS(=O)(=O)CC1)=O)=O)NS(C1=CC=C(C)C=C1)(=O)=O)C,0.004839829029515385
CCC1SC(NC([C@H](C(C)C)NC(C2=C(Cl)C=CC(N(=O)=O)=C2)=O)=O)=NN=1,0.004123548325151205
C[C@@H](C(NC1C2=C(C=CC=C2)CCC1)=O)NS(C1=CC=C(NC(C)=O)C=C1)(=O)=O,0.006392603530548513
O=C(N1CCN(C2=CC=CC=C2)CC1)[C@@H](N1C(=O)C2=C(C=CC=C2)C1=O)CC1=CC=CC=C1,0.004062217311002314
CCOC1=CC=C(S(N2CCN(C([C@@H](NC(N)=O)C)=O)CC2)(=O)=O)C=C1,0.0026220597443170845
CC([C@@H](C(NC1CC1)=O)NC(C1=CC(S(N2CCOCC2)(=O)=O)=CC=C1)=O)C,0.005761066637933254
NC(C1C2=C(CCCC2)SC=1NC([C@@H](NC(C1OC=CC=1)=O)CC1=CC=CC=C1)=O)=O,0.00843582923989743
C[C@@H](C(OCC(NC1C2=C(C=CC=C2)CCC1)=O)=O)NS(C1=C(F)C=CC=C1)(=O)=O,0.005299582355655729
CCC(NC([C@H]1N(S(C2=C(C(F)(F)F)C=CC=C2)(=O)=O)CCC1)=O)C,0.003474774316418916
COC1=CC(C(N[C@H](C(N2CCN(C3=CC=C(C(C)=O)C=C3)CC2)=O)C(C)C)=O)=CC(OC)=C1,0.009087370196357369
ClC1=C(C(N[C@H](C(NC2=CC3=C(C=CC=C3)C=C2)=O)CC2C3=C(C=CC=C3)NC=2)=O)C=CC=C1,0.004450874833855778
CC([C@@H](C(OCC1N=C2N(C3=C(S2)C=CC=C3)C(=O)C=1)=O)NC(C1=CC=C(C)C=C1)=O)C,0.008231651200912894
CC([C@@H](C(OCC(C1C2=C(C=CC=C2)NC=1)=O)=O)NC(C1=CC=C(C(C)(C)C)C=C1)=O)C,0.008269717707298696
COC1=CC(C(N[C@H](C(NC2=CC(C(C)=O)=CC=C2)=O)C(C)C)=O)=CC(OC)=C1,0.01175613235682249
CCOC1=C(C(N[C@H](C(OCC2OC(C3=CC=C(N(=O)=O)C=C3)=NN=2)=O)C(C)C)=O)C=CC=C1,0.004641037178225815
CC([C@@H](C(NC1CCC(C)CC1)=O)NC(C1=CC=C(F)C=C1)=O)C,0.009434014093130827
O=C(NC1=CC2=C(CCC2)C=C1)COC([C@@H](NC(C1OC=CC=1)=O)CC1=CC=CC=C1)=O,0.009532581130042673
COCCN1C(C)=C(C(COC([C@@H](N2C(=O)C3=C(C=CC=C3)C2=O)CC2=CC=CC=C2)=O)=O)C=C1C,0.006503473129123449
CCOC1=C(N2CCN(C([C@H]3N(C(C4SC=CC=4)=O)CCC3)=O)CC2)C=CC=C1,0.00678310941439122
C[C@@H](C(OCC(NC1=CC2=C(OCCO2)C=C1)=O)=O)NS(C1=C(F)C=CC=C1)(=O)=O,0.003767061326652765
CC(C1C2CC(CC2)C1)NC([C@@H](NC1=C(N(=O)=O)C=C(C(F)(F)F)C=C1)C)=O,0.005089473992120475
COC(C1=CC=C(N2C(C)=C(C(COC([C@@H](N3C(=O)C4C(CC=CC4)C3=O)C)=O)=O)C=C2C)C=C1)=O,0.006632102304138243
CC([C@@H](C(NC1=CC(Cl)=C(Cl)C=C1)=O)NC(C1=C(Br)C=CC=C1)=O)C,0.008896202826872469
CC(CNC(COC([C@@H](NC1=C(N(=O)=O)C=C(C(F)(F)F)C=C1)C)=O)=O)C,0.004563365387730301
C[C@@H](C(OCC(NC1=C(C(N)=O)C2=C(CCCC2)S1)=O)=O)NS(C1=CC=C(Cl)C=C1)(=O)=O,0.0044915447826497255
ClC1=CC=C(S(N2[C@H](C(OCC(C3=CC4=C(OCC(N4)=O)C=C3)=O)=O)CCC2)(=O)=O)C=C1,0.006048593739978969
C[C@@H](C(NNC(C1=CC=C(F)C=C1)=O)=O)NC(C1OC=CC=1)=O,0.003307878109626472
CC[C@@H]([C@@H](C(NC1=CC=C(S(NC(C)C)(=O)=O)C=C1)=O)NC(N)=O)C,0.0031372806522995235
CC([C@@H](C(OCC(N1C2=C(C=CC=C2)NC(=O)C1)=O)=O)NC(C1=CC=C(C)C=C1)=O)C,0.008153760037384928
CC([C@@H](C(NC(C1=CC=CC=C1)C1=CC=CC=C1)=O)NC(C1=C(Cl)C=CC(N(=O)=O)=C1)=O)C,0.0054588729282841085
C[C@@H](C(N(CC1OC(C)=CC=1)C)=O)NC1=C(N(=O)=O)C=C(C(F)(F)F)C=C1,0.004182801581919193
CCOC1=C(C(N[C@H](C(OCC(N2C3=C(C=CC=C3)NC(=O)C2)=O)=O)C(C)C)=O)C=CC=C1,0.008174908393993974
CC([C@@H](C(N(CC1=C(Cl)C=CC=C1F)C)=O)NC(C1OC=CC=1)=O)C,0.008035369426943361
C[C@@H](C(OCC(N1C2=C(C=CC=C2)CC1)=O)=O)NS(C1=C(F)C=CC=C1)(=O)=O,0.004222078900784254
CC([C@@H](C(NC1=C(C)C=C(Cl)C=C1)=O)NC(C1=C(F)C=CC=C1)=O)C,0.006267364241648465
COC1=C(OC)C(OC)=CC(C(N[C@H](C(NC2=C(C)C=C(Cl)C=C2)=O)C(C)C)=O)=C1,0.00881263599731028
C[C@@H](C(OCC(NC(NC1=CC2=C(OCCO2)C=C1)=O)=O)=O)NS(C1=CC=C(Cl)C=C1)(=O)=O,0.0014963153284043075
CC([C@@H](C(OCC(NC(C1N(C)C=CC=1)=O)=O)=O)NS(C1=CC=C(C)C=C1)(=O)=O)C,0.002729685720987618
CC1=CC2=C(C(=CC(O2)=O)COC([C@@H](N2C(=O)C3=C(C=CC=C3)C2=O)CC2=CC=CC=C2)=O)C=C1,0.004516058717854321
CN(S(C1=CC(NC([C@H]2N(C(C3SC=CC=3)=O)CCC2)=O)=CC=C1)(=O)=O)C1=CC=CC=C1,0.004190801305230707
C[C@@H](C(OCC(NN1C(=O)C2(CCC(C)CC2)NC1=O)=O)=O)NS(C1=CC=C(C)C=C1)(=O)=O,0.0014267740480136126
BrC1=CN2C(=NC(=CC2=O)COC([C@@H](NC(C2OC=CC=2)=O)CC2=CC=CC=C2)=O)C=C1,0.007446323963813483
COC1=CC(OC)=C(C(COC([C@@H](NC2=C(N(=O)=O)C=C(C(F)(F)F)C=C2)C)=O)=O)C=C1,0.006395835848525167
O=C([C@H]1N(C(C2SC=CC=2)=O)CCC1)NCCN1C(=O)C(=CC2=CN=CC=C2)SC1=O,0.0025580825633369384
CC([C@@H](C(NC1SC=C(CN2CCCC2)N=1)=O)NC(C1=CC=CC=C1)=O)C,0.006856762571260333
CC([C@@H](C(OCC(NC1=C(C)C=C(Br)C=C1)=O)=O)NC(C1=C(C)C=CC=C1)=O)C,0.009850675519555808
COC1=CC(NC(COC([C@H](C(C)C)NC(C2=C(Cl)C=CC(N(=O)=O)=C2)=O)=O)=O)=C(OC)C=C1,0.005435556697193533
COC([C@H](NC(CCC(C1=CC=C(F)C=C1)=O)=O)CC1C2=C(C=CC=C2)NC=1)=O,0.005695600342005491
C[C@@H](C(NC1SC=CN=1)=O)NS(C1=CC=CC=C1)(=O)=O,0.003081230103271082
CCOC(C1=C(COC([C@H](C(C)C)NC(CC2=CC=CC=C2)=O)=O)C(C#N)=C(N)S1)=O,0.004373041039798409
CC([C@@H](C1NC2=C(C=CC=C2)N=1)NC(COC1=CC=C(C(C2=CC=CC=C2)=O)C=C1)=O)C,0.005070280318614095
C[C@@H](C(OCC(NN1C(=O)C(C2=CC=CC=C2)(C)NC1=O)=O)=O)NS(C1=C(F)C=CC=C1)(=O)=O,0.0008695134107256308
CC([C@@H](C(NNC(CSC1N(C2=C(C)C=CC=C2)N=NN=1)=O)=O)NC(C1OC=CC=1)=O)C,0.004001485113985836
C[C@@H](C(N(CC(NC1=C(C)C=CC=C1C)=O)C)=O)NC1=C(N(=O)=O)C=C(C(F)(F)F)C=C1,0.004470181104261428
COC1=CC(CNC([C@H](C(C)C)NS(C2=CC=CC=C2)(=O)=O)=O)=CC=C1,0.005554302176460624
CCN(C([C@H](C(C)C)NC(C1=CC(N(=O)=O)=C(Cl)C=C1)=O)=O)CC(NC(C)C)=O,0.007406349875964224
NC(NC(COC([C@H]1N(S(C2=CC=C(N(=O)=O)C=C2)(=O)=O)CC(O)C1)=O)=O)=O,0.00040083665371639656
COC1=CC=C(C(N[C@H](C(NCCCSC2=CC=CC=C2)=O)C(C)C)=O)C=C1,0.007496956619434059
CCOC1=C(C(N[C@H](C(N(OC)C)=O)C(C)C)=O)C=CC=C1,0.002488452848047018
CC(OC(N1[C@H](C(OCC(NC2=CC3=C(OCCCO3)C=C2)=O)=O)CCC1)=O)(C)C,0.008126248535700143
CCCN1C(C)=C(C2N=C(NC([C@@H](NC3=C(N(=O)=O)C=C(C(F)(F)F)C=C3)C)=O)SC=2)C=C1C,0.003478200361132622
COC1=CC(C(N[C@H](C(OC(C#N)C)=O)C(C)C)=O)=CC(OC)=C1,0.006964579786290415
CC([C@@H](C(OCC(C1NC=CC=1)=O)=O)NC(C1=C(Cl)C=CC(N(=O)=O)=C1)=O)C,0.004726819263305515
ClC1=CC=C(C(N[C@H](C(NC2CC2)=O)CC2=CC=CC=C2)=O)C=C1,0.0069786236388608815
COC1=C(OCCNC([C@@H](NC2=C(N(=O)=O)C=C(C(F)(F)F)C=C2)C)=O)C=CC=C1,0.00365872688125819
CCC1SC(NC([C@H]2N(C3=C(N(=O)=O)C=C(S(N4CCOCC4)(=O)=O)C=C3)CCC2)=O)=NN=1,0.0031371117453090846
CC1SC2=C(C=CC(=C2)NC([C@H]2N(S(C3=C(F)C=CC=C3)(=O)=O)CCC2)=O)N=1,0.0034978419891558586
CCOC1=CC=C(NC(C2=CC=C(NC([C@@H](NC(C3OC=CC=3)=O)C)=O)C=C2)=O)C=C1,0.007896785461343824
O=C(NCC1OC=CC=1)COC([C@@H](N1C(=O)C2=C(C=CC=C2)C1=O)CC1=CC=CC=C1)=O,0.005068030930124224
CC([C@@H](C(NC1=CC=C(S(N2CCCC2)(=O)=O)C=C1)=O)NC(C1=CC=C(F)C=C1)=O)C,0.0051325598498806356
COC1=CC(NC(CN(C([C@H]2N(C(C3SC=CC=3)=O)CCC2)=O)C)=O)=CC=C1,0.006437266245484352
CC([C@@H](C(OCC1N=C2N(C=C(C=C2)Br)C(=O)C=1)=O)NC(C1=CC=CC=C1)=O)C,0.007402636972256005
CSCC[C@@H](C1NC2=C(C=CC=C2)N=1)NC(C1=NC=C(C)N=C1)=O,0.003002264926908538
ClC1=C(C(N[C@H](C(NNC(C2=NC=CC=C2)=O)=O)CC2C3=C(C=CC=C3)NC=2)=O)C=CC=C1,0.0024450730707030743
COC1=CC(C(N[C@H](C(OCC(NC2=CC3=C(CCC3)C=C2)=O)=O)C(C)C)=O)=CC(OC)=C1,0.009731047251261771
CC([C@@H](C(OCC(NC1=C(Cl)N=CC=C1)=O)=O)N1C(=O)C2=C(C=CC=C2)C1=O)C,0.004415822285227478
CC([C@@H](C(NNC(C1SC=CC=1)=O)=O)NC(C1=C(F)C=CC=C1)=O)C,0.003207875625230372
COC1=C(OC)C(OC)=CC(C(N[C@H](C(N2C(=O)C3=C(C=CC=C3N)C2=O)=O)C(C)C)=O)=C1,0.004549087188206613
COC1=C(S(N)(=O)=O)C=C(NC([C@@H](NC(C2OC=CC=2)=O)C)=O)C=C1,0.005607112357392907
CC([C@@H](C(NCCC1=CC=C(Cl)C=C1)=O)NS(C1=C(F)C=CC=C1)(=O)=O)C,0.004136563034262508
O=C(NCCC1CCCCC=1)COC([C@@H](N1C(=O)C2=C(C=CC=C2)C1=O)CC1=CC=CC=C1)=O,0.006377905351109802
COC1=CC(C(N[C@H](C(OCC(NC2=C(Cl)N=CC=C2)=O)=O)C(C)C)=O)=CC(OC)=C1,0.007301485305652023
C[C@@H](C(NC1=CC(S(N(C2=CC=CC=C2)C)(=O)=O)=CC=C1)=O)NC(C)=O,0.004402003402356058
CC([C@@H](C(OCC1OC(C2=CC=C(N(=O)=O)C=C2)=NN=1)=O)NC(CC1=C2C(C=CC=C2)=CC=C1)=O)C,0.004163474799133838
CC([C@@H](C(NC1=C(C(N)=O)C2=C(CC(CC2)C)S1)=O)NC(C1OC=CC=1)=O)C,0.008773186104372143
COC1=C(OC)C(OC)=CC(C(N[C@H](C(NC2SC3=C(CCCC3)N=2)=O)C(C)C)=O)=C1,0.008744021481834351
CC([C@@H](C(OCC1C2=C(C=CC3=C2C=CC=C3)OC(=O)C=1)=O)NC(C1=CC=C(C(C)(C)C)C=C1)=O)C,0.008698005042970181
CN(C([C@@H](NC(C1OC=CC=1)=O)CC1=CC=CC=C1)=O)CC1SC=CC=1,0.008584892051294446
NC(CC[C@@H](C(NC1=CC=C(N2CCCCC2)C=C1)=O)NC(C1=CC=C(Cl)C=C1)=O)=O,0.0062562148086726665
CCN(S(C1=CC(C(N[C@H](C(OCC2=C(C)ON=C2C)=O)C(C)C)=O)=CC=C1)(=O)=O)CC,0.007358964672312141
CCOC(C1C(C)NC(=O)NC=1COC([C@@H](NS(C1=C(F)C=CC=C1)(=O)=O)C)=O)=O,0.004108366696164012
CCC1=CC=C(C(NNC([C@@H](NC(C2OC=CC=2)=O)C)=O)=O)C=C1,0.00483821154339239
O=C([C@@H](NC(C1SC=CC=1)=O)CC1=CC=CC=C1)NNC(C1SC=CC=1)=O,0.0038512618280947208
CC1=CC=C(S(N2[C@H](C(NNC(C3SC=CC=3)=O)=O)CCC2)(=O)=O)C=C1,0.0019342251413036137
CC(NC([C@@H](NC(C1=C(Cl)C=CC=C1)=O)CC1C2=C(C=CC=C2)NC=1)=O)CCC1=CC=CC=C1,0.005240845866501332
C[C@@H](C(NC1=C(C)C=CC(N(=O)=O)=C1)=O)NC(C1=C(Cl)C=CC=C1)=O,0.0040760028408840295
CCOC(C1C(C)NC(=O)NC=1COC([C@@H](NS(C1=CC=C(NC(C)=O)C=C1)(=O)=O)C)=O)=O,0.005056327092461288
C[C@@H](C(OCC1C2=C(C=C(C(=C2)Cl)C)OC(=O)C=1)=O)NS(C1=CC=C(NC(C)=O)C=C1)(=O)=O,0.0036668111570179462
C[C@@H](C(OCC(NC1=CC2=C(OCO2)C=C1)=O)=O)NS(C1=CC=C(NC(C)=O)C=C1)(=O)=O,0.004790428443811834
C[C@@H](C(NNC(C1=C(C)OC(C)=C1)=O)=O)NC(C1=CC=C(Br)C=C1)=O,0.005548854032531381
CCOC1=C(C(N[C@H](C(NNC(C2SC=CC=2)=O)=O)C(C)C)=O)C=CC=C1,0.004725803446490318
COC1=CC=C(C(N[C@H](C(NC2=CC(F)=C(C)C=C2)=O)C(C)C)=O)C=C1,0.007322935061529279
O=N(C1=CC2=C(OCOC2)C(COC([C@@H](NC(C2OC=CC=2)=O)CC2=CC=CC=C2)=O)=C1)=O,0.00512758621480316
CC1ON=C(NC(COC([C@H]2N(S(C3=C(F)C=CC=C3)(=O)=O)CCC2)=O)=O)C=1,0.004386994009837508
CC([C@@H](C(OC(C(NC1=C(Cl)C=C(Cl)C=N1)=O)C)=O)NC(C1=CC=C(F)C=C1)=O)C,0.006965446099638939
C[C@@H](C(NC1=CC2=C(C(=CC(O2)=O)C)C=C1)=O)N1C(=O)C2=C(C=CC=C2N(=O)=O)C1=O,0.00249549625441432
COC1=C(C(NNC([C@@H](NC(C2=CC=C(Cl)C=C2)=O)CCC(N)=O)=O)=O)C=C(Cl)C=C1,0.0048215991584584115
C[C@@H](C(OCC(NC1=CC2=C(OCCO2)C=C1)=O)=O)NS(C1=CC=C(NC(C)=O)C=C1)(=O)=O,0.0048137151170521975
CC(N[C@H](C(NC1CC1)=O)CC1C2=C(C=CC=C2)NC=1)=O,0.004547684453427792
CC(OC(N1[C@H](C(OCC(NCC2=C(Cl)C=C(Cl)C=C2)=O)=O)CCC1)=O)(C)C,0.007443599868565798
CN1C(=O)C2=C(C=CC=C2)C(C(N[C@H](C(O)=O)CC2C3=C(C=CC=C3)NC=2)=O)=N1,0.004388954606838524
O=C([C@@H](NC(C1OC=CC=1)=O)CC1=CC=CC=C1)NC1=CC=C(SC2NC3=C(C=CC=C3)N=2)C=C1,0.003811981517355889
CC([C@@H](C(NCC=C)=O)NC(C1=CC=C(F)C=C1)=O)C,0.005538490950129926
CSCC[C@@H](C1NC2=C(C=CC=C2)N=1)NC(C1=CC2=C(C(N(C2=O)CC2OC=CC=2)=O)C=C1)=O,0.0019954359682742505
C[C@@H](C(N1CCN(C2=NC=C(C(F)(F)F)C=C2)CC1)=O)NC(C1OC=CC=1)=O,0.0036740785231813788
ClC1=CC=C(SC2=C(C(N[C@H](C3NC4=C(C=CC=C4)N=3)CC3=CC=CC=C3)=O)C=CC=N2)C=C1,0.0032645534491166474
CC1C(C(N[C@H](C2NC3=C(C=CC=C3)N=2)CC2=CC=CC=C2)=O)=C(C)N(CC2=C(Cl)C=CC=C2)N=1,0.003808517148718238
COC1=CC=C(C(N[C@H](C(NCCC2=CC3=C(OCCO3)C=C2)=O)C(C)C)=O)C=C1,0.009805144695565104
CC1SC2=C(C=CC(=C2)NC([C@H]2N(C(C3SC=CC=3)=O)CCC2)=O)N=1,0.005028026108630001
COC(C1=CC=C(CNC([C@H]2N(S(C3=C(F)C=CC=C3)(=O)=O)CCC2)=O)C=C1)=O,0.004550090129487217
C[C@@H](C(N1CCN(C2=NC=CC=N2)CC1)=O)NC(C1=CC(C)=CC=C1)=O,0.00456655538873747
COC1=CC=C(CCC(N[C@H](C2NC3=C(C=CC=C3)N=2)CC2=CC=CC=C2)=O)C=C1,0.0044883810100145635
C[C@@H](C(OCC(NC1=CC(S(N)(=O)=O)=CC=C1)=O)=O)NS(C1=C2C(N=S=N2)=CC=C1)(=O)=O,0.005517911585047841
CC([C@@H](C(OCC(NC1=C(Cl)N=CC=C1)=O)=O)NS(C1=CC=C(C)C=C1)(=O)=O)C,0.004606764204800129
CCOC(C1C(C(COC([C@H](C(C)C)NC(C2OC=CC=2)=O)=O)=O)=C(C)NC=1C)=O,0.011318127159029245
C[C@@H](C(NC1CC1)=O)NC(CC1=C2C(C=CC=C2)=CC=C1)=O,0.007562936353497207
NC(C1C2=C(CCC2)SC=1NC(COC([C@@H](NC(C1OC=CC=1)=O)CC1=CC=CC=C1)=O)=O)=O,0.007523463643155992
CC1=C(OCC(NNC([C@@H](NC(C2OC=CC=2)=O)CC2=CC=CC=C2)=O)=O)C=CC(Cl)=C1,0.0044025991344824435
COC1=CC(NC([C@@H](NC(C2=CC=C(Cl)C=C2)=O)CCC(N)=O)=O)=C(OC)C=C1,0.007546536228619516
CCOC(C1C(C)NC(=O)NC=1COC([C@H](C(C)C)NC(C1=CC(C)=CC=C1)=O)=O)=O,0.008623890718445182
ClC1=C(NC(C2SC=CC=2)=O)C=C(C(N[C@H](C2NC3=C(C=CC=C3)N=2)CC2=CC=CC=C2)=O)C=C1,0.0026039297401439397
CC([C@@H](C(OCC1=C(C)ON=C1C)=O)N1C(=O)C2=C(C=CC=C2)C1=O)C,0.006521918228827417
COC1=CC(C(N[C@H](C(NC2=CC(N(=O)=O)=C(F)C=C2)=O)C(C)C)=O)=CC(OC)=C1,0.006221125018782914
CCOC1=CC=C(C(N[C@H](C(NNC(C2SC=CC=2)=O)=O)C(C)C)=O)C=C1,0.0044754509930498895
CCOC1=CC=C(C(N[C@H](C(NC2=CC(F)=C(C)C=C2)=O)C(C)C)=O)C=C1,0.007537816721014679
CC[C@@H]([C@@H](C(NC1=CC(N(=O)=O)=C(F)C=C1)=O)NC(N)=O)C,0.0023592175042722375
CCOC1=CC=C(C(N[C@H](C(NC2=C(C)C=CC(C)=C2)=O)C(C)C)=O)C=C1,0.009488715790212154
CC[C@@H]([C@@H](C(NNC(C1=CC=CC=C1)=O)=O)NC(N)=O)C,0.002109815034782514
CC([C@@H](C(NC1=CC(C#N)=CC=C1)=O)NC(C1=CC=C(C)C=C1)=O)C,0.0065876876353286205
CC([C@@H](C(NCCC1=CC2=C(OCCO2)C=C1)=O)NS(C1=CC=C(C)C=C1)(=O)=O)C,0.006266612792387605
CC1=CC2=C(N=C(S2)NC([C@H]2N(C(C3SC=CC=3)=O)CCC2)=O)C(C)=C1,0.005960107943974435
CC([C@@H](C(NC1SC2=C(C(=CC(=C2)C)C)N=1)=O)NC(C1=C(F)C=CC=C1)=O)C,0.007157854014076292
COC1=CC(CN2CCN(C([C@H](C(C)C)NC(C3=CC(C)=CC=C3)=O)=O)CC2)=C(OC)C=C1,0.008335992484353483
CC([C@@H](C(OCC(N1C2=C(C=CC=C2)CC1)=O)=O)NC(C1=C(F)C=CC=C1)=O)C,0.008470838563516736
C[C@@H](C(NNC(COC1=C(F)C=CC=C1)=O)=O)NS(C1=C(Cl)C=CC=C1Cl)(=O)=O,0.0023119775112718345
C[C@@H](C(NC1=CC=C(SC(F)F)C=C1)=O)N1C(=O)C2C(CCCC2)C1=O,0.0035132951801642776
COC1=NC=C(NC([C@@H](N2C(=O)C3=C(C=CC=C3)C2=O)CC2=CC=CC=C2)=O)C=C1,0.0032555660465732215
CCOC(C1C(C)=C(C(C(OC([C@@H](NC(C2OC=CC=2)=O)CC2=CC=CC=C2)=O)C)=O)NC=1C)=O,0.008584455819800496
CCCN(C([C@@H](N1C(=O)C2=C(C=CC=C2)C1=O)CC1=CC=CC=C1)=O)C1CS(=O)(=O)CC1,0.004191647807601839
CC([C@@H](C(N1CCN(C2=C(N(=O)=O)C=C(C(F)(F)F)C=C2)CC1)=O)NC(C1=CC=CC=C1)=O)C,0.004117484868038446
CC[C@@H]([C@@H](C(NNC(COC1=CC(C)=CC(C)=C1)=O)=O)NC(N)=O)C,0.0032301585946697743
CC([C@@H](C(NCC1SC=CC=1)=O)NC(C1=CC=C(F)C=C1)=O)C,0.0051752028055489065
COC1=CC(C(N[C@H](C(OCC(C2=CC(N(=O)=O)=C(C)C=C2)=O)=O)C(C)C)=O)=CC(OC)=C1,0.009523193072527646
CCN(C1=CC=C(C(NNC([C@H](C(C)C)NC(N)=O)=O)=O)C=C1)CC,0.0030200461740605535
CCOC1=C(C(N[C@H](C(NC2=C(N3CCOCC3)C=CC=C2)=O)C(C)C)=O)C=CC=C1,0.008463599113747477
C[C@@H](C(OCC(C1C(=O)N(C)C(=O)N(C)C=1N)=O)=O)NS(C1=CC=C(F)C=C1)(=O)=O,0.00465420566033572
COC(C1=CC(C(OC)=O)=CC(NC([C@H]2N(C(C3SC=CC=3)=O)CCC2)=O)=C1)=O,0.005965903727337718
CC([C@@H](C(NC1=CC(C(C)=O)=CC=C1)=O)NC(C1=CC=C(C)C=C1)=O)C,0.012893668096512555
COC1=C(NC([C@H](C(C)C)NC(C2=CC=C(C)C=C2)=O)=O)C=CC=C1,0.009556944272480905
CCOC1=CC=C(C(N[C@H](C(NC2SC=C(C)N=2)=O)C(C)C)=O)C=C1,0.0069445014465600256
COC1=C(OC)C=C(CN(C([C@@H](NC2=C(N(=O)=O)C=C(C(F)(F)F)C=C2)C)=O)C)C=C1,0.004852254979778081
CC([C@@H](C(NCC1=CC=C(Cl)C=C1)=O)NC(C1=C(F)C=CC=C1)=O)C,0.006036402250174433
CCOC1=C(C(N[C@H](C(NCC2=CC=C(Cl)C=C2)=O)C(C)C)=O)C=CC=C1,0.008880872558802367
CC([C@@H](C(NC1SC=C(C2=CC=CC=C2)N=1)=O)NC(C1=C(F)C=CC=C1)=O)C,0.005860982509329915
CCOC1=C(C(N[C@H](C(NC2=C(OC)C=CC=C2)=O)C(C)C)=O)C=CC=C1,0.008662395598366856
COC1=C(Cl)C=C(NC([C@H](C(C)C)NC(C2=CC=CC=C2)=O)=O)C=C1,0.007442778628319502
COC1=C(CNC([C@H](C(C)C)NC(C2=C(Br)C=CC=C2)=O)=O)C=CC=C1,0.010201204009354115
CC([C@@H](C(NC1=C(C)C=CC(C)=C1)=O)NC(C1=CC=C(Cl)C=C1)=O)C,0.008081163978204131
COC1=C(NC([C@H](C(C)C)NC(C2=C(F)C=CC=C2)=O)=O)C=C(C)C(Cl)=C1,0.0075110383331775665
CC([C@@H](C(N1CCN(C2=C(C)C(C)=CC=C2)CC1)=O)NC(C1=CC=CC=C1)=O)C,0.008786922553554177
COC1=C(NC([C@H](C(C)C)NC(C2=CC=C(C)C=C2)=O)=O)C=C(Cl)C=C1,0.00807135591749102
COC1=C(OC)C(OC)=CC(C(N[C@H](C(NCC2=CC=C(F)C=C2)=O)C(C)C)=O)=C1,0.008759969519451261
COC1=C(NC([C@H](C(C)C)NC(C2=C(F)C=CC=C2)=O)=O)C=CC=C1,0.007892635674215854
COC1=C(OC)C(OC)=CC(C(N[C@H](C(NC2SC=CN=2)=O)C(C)C)=O)=C1,0.007120821229182184
CCOC1=CC=C(C(N[C@H](C(NC2=C(OC)C=CC(Cl)=C2)=O)C(C)C)=O)C=C1,0.0073652044404298065
COC1=C(NC([C@H](C(C)C)NC(C2=C(F)C=CC=C2)=O)=O)C=C(Cl)C=C1,0.00692776043433696
COC1=C(OC)C(OC)=CC(C(N[C@H](C(NCC2=CC=C(C)C=C2)=O)C(C)C)=O)=C1,0.010710749356076122
CCOC1=C(C(N[C@H](C(NCC2=C(Cl)C=CC=C2)=O)C(C)C)=O)C=CC=C1,0.00889214496128261
CCOC1=CC=C(C(N[C@H](C(NC2=C(OCC)C=CC=C2)=O)C(C)C)=O)C=C1,0.009007763490080834
CC([C@@H](C(NC1=CC(C(C)=O)=CC=C1)=O)NC(C1=C(F)C=CC=C1)=O)C,0.010822775680571795
CC([C@@H](C(N1CCN(CC2=CC=CC=C2)CC1)=O)NC(C1=CC=CC=C1)=O)C,0.008340516546741127
C[C@@H](C(OCC(C1NC=CC=1)=O)=O)NS(C1=CC=C(NC(C)=O)C=C1)(=O)=O,0.004295172402635217
CC([C@@H](C(NCC1=CC=C(F)C=C1)=O)NC(C1=CC=CC=C1)=O)C,0.006306452350690961
COC(C1=CC=C(OC([C@@H](N2C(=O)C3=C(C=C(C(=C3)Cl)Cl)C2=O)C)=O)C=C1)=O,0.005416421964764595
CC([C@@H](C(NC1=C(C)C(C)=CC=C1)=O)NC(C1=C(F)C=CC=C1)=O)C,0.0073114348575472835
CC([C@@H](C(NC1=C(C)C(C)=CC=C1)=O)NC(C1=CC=C(Cl)C=C1)=O)C,0.008137418958358466
CC([C@@H](C(NC1SC=C(C2SC(Cl)=CC=2)N=1)=O)NC(C1=C(Cl)C=CC=C1)=O)C,0.0059651973424479365
CCOC1=CC=C(C(N[C@H](C(NC2=CC(C(C)=O)=CC=C2)=O)C(C)C)=O)C=C1,0.011981985345482827
CC([C@@H](C(NCC1=CC=C(F)C=C1)=O)NC(CC1=CC=CC=C1)=O)C,0.006982161430642009
CC([C@@H](C(NNC(C1OC=CC=1)=O)=O)NC(C1=C(Cl)C=C(Cl)C=C1)=O)C,0.00525220810668543
COC1=CC=C(NC([C@H](C(C)C)NC(C2=C(F)C=CC=C2)=O)=O)C=C1,0.007497874996624887
CC1=CC=C(S(N2CCN(C([C@H]3N(C(OC(C)(C)C)=O)CCC3)=O)CC2)(=O)=O)C=C1,0.005527357570827007
C[C@@H](C(NNC(C1SC=CC=1)=O)=O)NC(C1=CC=C(Cl)C=C1)=O,0.0027459437027573586
CCOC1=C(OC)C=C(CN(C([C@@H](NC(C2OC=CC=2)=O)C)=O)C)C=C1,0.008935752976685762
COC1=CC=C(C(N[C@H](C(NC2=C(C)C=C(C)C=C2)=O)C(C)C)=O)C=C1,0.00949202417396009
COC1=CC=C(C(N[C@H](C(NC2=CC(C)=C(C)C=C2)=O)C(C)C)=O)C=C1,0.009505004226230084
COC1=CC=C(C(N[C@H](C(N2CCN(C3=CC=CC=C3)CC2)=O)C(C)C)=O)C=C1,0.0075343913631513715
CCOC1=CC=C(C(N[C@H](C(NC2=CC3=C(CCC3)C=C2)=O)C(C)C)=O)C=C1,0.01050710240378976
CCOC1=C(C(N[C@H](C(NC2=CC3=C(CCC3)C=C2)=O)C(C)C)=O)C=CC=C1,0.011230990057811141
CCOC1=CC=C(C(N[C@H](C(NCC2=CC(Cl)=CC=C2)=O)C(C)C)=O)C=C1,0.008047707285732031
CCOC1=CC=C(NC([C@H](C(C)C)NC(C2=CC=C(C)C=C2)=O)=O)C=C1,0.008933433005586267
CCOC1=CC=C(NC([C@H](C(C)C)NC(C2=CC=C(OCC)C=C2)=O)=O)C=C1,0.00879781791009009
CCOC1=CC=C(NC([C@H](C(C)C)NC(C2=CC=C(Cl)C=C2)=O)=O)C=C1,0.007510931324213743
CSC1SC2=C(C=CC(=C2)NC([C@@H](NC(C2OC=CC=2)=O)CC2=CC=CC=C2)=O)N=1,0.0056512753246352075
CC([C@@H](C(NCCN1C(=O)C(=CC2=CC=CC=C2)SC1=O)=O)NC(C1=CC=CC=C1)=O)C,0.003731525514740497
C[C@@H](C(NC1CCCCCCC1)=O)NC1=C(N(=O)=O)C=C(C(F)(F)F)C=C1,0.005036546045448631
CC([C@@H](C(NC1CCCCC1)=O)NC(C1=C(Br)C=CC=C1)=O)C,0.014003079337999224
CC([C@@H](C(NC1=CC=C(OC(F)(F)F)C=C1)=O)NC(C1=CC=CC=C1)=O)C,0.004617359442636371
C[C@@H](C(NC1=CC(N(=O)=O)=C(F)C=C1)=O)NC(C)=O,0.0031193976756185293
CC([C@@H](C(NCC1=CC(Cl)=CC=C1)=O)NC(C1=C(F)C=CC=C1)=O)C,0.006034062860999256
CC([C@@H](C(NCC1=CC=C(C)C=C1)=O)NC(C1=CC=C(Br)C=C1)=O)C,0.01097233551554382
CCOC1=CC=C(NC([C@H](C(C)C)NC(C2=C(OCC)C=CC=C2)=O)=O)C=C1,0.009014563402161002
CC([C@@H](C(NNC(COC1=CC(C)=C(C)C=C1)=O)=O)NC(C1=C(Cl)C=C(Cl)C=C1)=O)C,0.005504196870606393
CC([C@@H](C(NC1=CC=C(Cl)C=C1)=O)NC(C1=CC=C(C)C=C1)=O)C,0.007450026227161288
CC([C@@H](C(NC1=CC=C(Cl)C=C1)=O)NC(C1=C(Br)C=CC=C1)=O)C,0.008335563726723194
CC([C@@H](C(N1CCN(C2=NC=CC=N2)CC1)=O)NC(C1=CC=C(C)C=C1)=O)C,0.005863411957398057
CCOC1=CC=C(C(N[C@H](C(N2CCN(C3=NC=CC=N3)CC2)=O)C(C)C)=O)C=C1,0.006218350841663778
COC(C1=CC(OC([C@@H](N2C(=O)C3=C(C=CC=C3)C2=O)CC2=CC=CC=C2)=O)=CC=C1)=O,0.0052487208973616365
CC([C@@H](C(NC1=C(C)C=CC(C)=C1)=O)NC(C1=C(F)C=CC=C1)=O)C,0.007229451602324843
COC1=C(OC)C=C(CNC([C@H](C(C)C)NC(C2=CC=CC=C2)=O)=O)C=C1,0.009665275760926306
CCOC1=C(NC([C@H](C(C)C)NC(C2=CC=C(Cl)C=C2)=O)=O)C=CC=C1,0.007992998254485429
CC([C@@H](C(NCC1=CC=C(F)C=C1)=O)NC(C1=C(Br)C=CC=C1)=O)C,0.007797805871814489
CC([C@@H](C(NC1CCCCC1)=O)NC(C1=CC=C(Br)C=C1)=O)C,0.013787731574848295
COC1=C(CNC([C@H](C(C)C)NC(C2=CC=CC=C2)=O)=O)C=CC=C1,0.008975286991335452
CC([C@@H](C(NC1=CC=C(NC(C)=O)C=C1)=O)NC(C1=CC=C(C)C=C1)=O)C,0.008054951531812548
COC1=C(C(NNC([C@H](C(C)C)NC(N)=O)=O)=O)C=C(Cl)C=C1,0.0025666025001555683
CC([C@@H](C(NC1CCCCCCC1)=O)NC(C1=CC=C(C)C=C1)=O)C,0.014091257378458977
C[C@@H](C(NCC1=CC=CC=C1)=O)NC(C1OC=CC=1)=O,0.007245632889680565
FC1=C(CNC([C@@H](NC(C2=CC=C(Cl)C=C2)=O)CC2=CC=CC=C2)=O)C=CC=C1,0.005241882370319218
CC(NC1=CC=C(NC([C@H]2N(C(C3SC=CC=3)=O)CCC2)=O)C=C1)=O,0.005020144791342318
CCN(CCNC(C1=CC=C(NC([C@@H](NC(C2SC=CC=2)=O)CC2=CC=CC=C2)=O)C=C1)=O)CC,0.006362235266715288
CSCC[C@@H](C1NC2=C(C=CC=C2)N=1)NC(C1=CC=C(OC(C)C)C=C1)=O,0.004195224493741989
C[C@@H](C(OCC1C2=C(C(=C(C=C2)C)C)OC(=O)C=1)=O)NC(C1=CC=CC=C1)=O,0.007467689085751772
C[C@@H](C(OCC(C1NC=CC=1)=O)=O)NC(C1=CC=CC=C1)=O,0.00642675505951047
C[C@@H](C(OCC(NC1=CC2=C(OCO2)C=C1)=O)=O)NC(C1=CC=CC=C1)=O,0.006537546101026237
FC1=CC(NC(COC([C@H]2N(S(C3=CC=C(Cl)C=C3)(=O)=O)CCC2)=O)=O)=CC=C1,0.00436452217400074
CC1=C(F)C=C(NC(COC([C@H]2N(S(C3=CC=C(Cl)C=C3)(=O)=O)CCC2)=O)=O)C=C1,0.004492607258725911
CCOC1=C(C(N[C@H](C(NC2=C(C)C=CC(C(OC)=O)=C2)=O)C(C)C)=O)C=CC=C1,0.008008469850756228
ClC1=CC=C(S(N2[C@H](C(OCC(NC3=C(Cl)C=CC=C3Cl)=O)=O)CCC2)(=O)=O)C=C1,0.005256557161919773
C[C@@H](C(OCC(NC1=C(C)C=CC(Cl)=C1)=O)=O)NC(C1=CC=CC=C1)=O,0.005867896135896444
COC1=C(NC([C@H](C(C)C)NC(C2=CC=C(C)C=C2)=O)=O)C=C(C)C(Cl)=C1,0.008490567887201905
CC([C@@H](C(OCC(N1C2=C(C=CC=C2)CC1)=O)=O)NC(C1=CC=C(C)C=C1)=O)C,0.009776509692892432
CCOC1=CC=C(C(N[C@H](C(NC2=CC=CC=C2)=O)C(C)C)=O)C=C1,0.008424545428715647
CCOC1=C(C(N[C@H](C(NC2=CC=CC=C2)=O)C(C)C)=O)C=CC=C1,0.009005894279107451
CCOC1=C(C(N[C@H](C(NC2=C(C)C=C(C)C=C2)=O)C(C)C)=O)C=CC=C1,0.01037082620896399
CCOC1=CC=C(C(N[C@H](C(NC2=CC(Cl)=CC=C2)=O)C(C)C)=O)C=C1,0.0075941688381135465
CC([C@@H](C(NC1=CC(Cl)=CC=C1)=O)NC(C1=C(F)C=CC=C1)=O)C,0.006058501650113612
CCOC1=C(C(N[C@H](C(NC2=CC(Cl)=CC=C2)=O)C(C)C)=O)C=CC=C1,0.007920910324901342
CC([C@@H](C(NC1=CC(F)=CC=C1)=O)NC(C1=CC=C(C)C=C1)=O)C,0.006305549852550029
CCOC1=CC=C(C(N[C@H](C(NC2=C(Cl)C=CC=C2)=O)C(C)C)=O)C=C1,0.008216383820399641
CCOC1=C(C(N[C@H](C(NC2=C(Cl)C=CC=C2)=O)C(C)C)=O)C=CC=C1,0.008225866477005184
COC1=CC=C(C(N[C@H](C(NC2=CC=C(OC(F)(F)F)C=C2)=O)C(C)C)=O)C=C1,0.005565808876417578
CC([C@@H](C(OCC(C1C(=O)N(C)C(=O)N(C)C=1N)=O)=O)NS(C1=CC=C(Cl)C=C1)(=O)=O)C,0.0049018165795132514
CC([C@@H](C(OCC(NC1=CC=C(S(N2CCOCC2)(=O)=O)C=C1)=O)=O)NC(N)=O)C,0.003815579111687839
CC(N[C@H](C(OCC1C2=C(C=C3C(=C2)CCC3)OC(=O)C=1)=O)CC1C2=C(C=CC=C2)NC=1)=O,0.005601979442872107
CCOC(C1C(C)=C(C(COC([C@H](C(C)C)NS(C2=CC=CC=C2)(=O)=O)=O)=O)NC=1C)=O,0.0076089151436463
CC(NCCNC([C@H]1N(S(C2=C(F)C=CC=C2)(=O)=O)CCC1)=O)=O,0.0032287696842104195
CN(C([C@@H](NC(C1OC=CC=1)=O)CC1=CC=CC=C1)=O)CC1=C(C)C=CC=C1,0.01097172126173973
COC1=CC=C(C(N[C@H](C(OCC(NC2=C3C(C=CC=C3)=CC=C2)=O)=O)C(C)C)=O)C=C1,0.007254227739758789
COC1=CC=C(C(N[C@H](C(NC2=CC(C(C)=O)=CC=C2)=O)C(C)C)=O)C=C1,0.011794141680002212
CC([C@@H](C(N1CCN(C2=CC=CC=C2)CC1)=O)NC(C1=CC=C(C)C=C1)=O)C,0.008381337532773614
CCOC1=C(C(N[C@H](C(NCC2=C(OC)C=CC=C2)=O)C(C)C)=O)C=CC=C1,0.009413791797123849
CC([C@@H](C(NC1=C(C)C=CC(F)=C1)=O)NC(C1=C(F)C=CC=C1)=O)C,0.006641621980816126
COC1=C(NC([C@H](C(C)C)NC(C2=CC=C(C)C=C2)=O)=O)C=C(C)C=C1,0.009896193072199822
FC1=C(Cl)C=C(NC(COC([C@H]2N(S(C3=CC=C(Cl)C=C3)(=O)=O)CCC2)=O)=O)C=C1,0.004611515067517757
CCN(S(C1=CC(NC([C@H](C(C)C)NC(C2=C(F)C=CC=C2)=O)=O)=CC=C1)(=O)=O)CC,0.005705473269335926
COC1=CC(NC([C@H](C(C)C)NC(C2=CC=C(C)C=C2)=O)=O)=CC=C1,0.008615183201618493
CCOC1=C(C(N[C@H](C(NCC2CCCCC2)=O)C(C)C)=O)C=CC=C1,0.012090979376807809
CC([C@@H](C(OCC1C2=C(C=C3C(=C2)CCC3)OC(=O)C=1)=O)NC(C1=CC=CC=C1)=O)C,0.010039098979905247
COC1=CC=C([C@@H]2N(CC3=CC4=C(OCO4)C=C3)C(=O)C3=C(C=CC=C3)[C@@H]2C(O)=O)C=C1,0.008280203631147742
COC1=CC=C([C@@H]2N(CC3=CC=C(C)C=C3)C(=O)C3=C(C=CC=C3)[C@@H]2C(O)=O)C=C1,0.009195501310750842
C[C@@H](C(OCC(NC1CS(=O)(=O)CC1)=O)=O)NC(C1=CC=CC=C1)=O,0.006280948221683502
C[C@@H](C(OCC1C2=C(C=C(C=C2)C)OC(=O)C=1)=O)NC(C1=CC=CC=C1)=O,0.006805825210176408
CC([C@@H](C(NC1=CC(S(N2CCOCC2)(=O)=O)=CC=C1)=O)NC(C1=CC=C(C)C=C1)=O)C,0.004795174149330705
C[C@@H](C(NNC(C1=CC2=C(OCO2)C=C1)=O)=O)NC(C1=C(Cl)C=CC=C1)=O,0.0044248235411942
C[C@@H](C(OCC1N=C(C2=CC=CC=C2)SC=1)=O)NS(C1=CC=C(Cl)C=C1)(=O)=O,0.0035856613889336587
CCC1=CC=C(OCC(NNC([C@H](C(C)C)NC(N)=O)=O)=O)C=C1,0.003144388337386772
COC1=C(S(N2CCCCC2)(=O)=O)C=C(NC([C@H](C(C)C)NC(C2=C(F)C=CC=C2)=O)=O)C=C1,0.005141557415481657
CC([C@@H](C(NNC(C1C2=C(C=CC=C2)C(=O)NN=1)=O)=O)NC(C1=CC=C(F)C=C1)=O)C,0.0027597660839091985
CCOC1=CC=C(C(N[C@H](C(NC2SC(SCC)=NN=2)=O)C(C)C)=O)C=C1,0.007519727642647922
CCOC1=C(C(N[C@H](C(NC2SC(SCC)=NN=2)=O)C(C)C)=O)C=CC=C1,0.007603308116085827
CC1=CC(NC(COC([C@H]2N(S(C3=CC=C(Cl)C=C3)(=O)=O)CCC2)=O)=O)=CC=C1,0.004361653712112457
ClC1=CC=C(S(N2[C@H](C(OCC(NC3=C(Cl)C=CC=C3)=O)=O)CCC2)(=O)=O)C=C1,0.004933596169576049
FC1=CC(F)=C(NC(COC([C@H]2N(S(C3=CC=C(Cl)C=C3)(=O)=O)CCC2)=O)=O)C=C1,0.004172685125377029
C[C@@H](C(OCC(NC(NC1=CC2=C(OCCO2)C=C1)=O)=O)=O)NC(N)=O,0.002146010042633861
COC1=CC=C(C(N[C@H](C(OCN2C(=O)C3=C(C=CC=C3)N=N2)=O)C(C)C)=O)C=C1,0.007211283990181982
C[C@@H](C(OCC(C1SC=CC=1)=O)=O)NC1=C(N(=O)=O)C=C(C(F)(F)F)C=C1,0.004601570672821254
CC([C@@H](C(OCC1C2=C(C=C3C(=C2)CCC3)OC(=O)C=1)=O)NC(CC1=CC=CC=C1)=O)C,0.010289040673524142
COC1=CC=C(C=CC(N[C@H](C(OCC2C3=C(C=C4C(=C3)CCC4)OC(=O)C=2)=O)C)=O)C=C1,0.009377600857988
O=C([C@@H](N1C(=O)C2=C(C=CC=C2)C1=O)CC1=CC=CC=C1)NC1=C(C#N)C2=C(CCC2)S1,0.003129268309567124
CC([C@@H](C(NC1=CC=C(Br)C=C1)=O)NC(C1=C(F)C=CC=C1)=O)C,0.007537689385935664
ClC1=CC=C(S(N2[C@H](C(OCC(NC3=CC=CC=C3)=O)=O)CCC2)(=O)=O)C=C1,0.00440663566114381
O=C([C@@H](N1C(=O)C2=C(C=CC=C2)C1=O)CC1=CC=CC=C1)NCC1=CC2=C(OCO2)C=C1,0.004615305725019425
COC1=C(NC([C@H](C(C)C)NC(C2=CC=C(Cl)C=C2)=O)=O)C=C(C)C=C1,0.008136465516872703
COC1=C(OC)C=C(C(NNC([C@H](C(C)C)NC(N)=O)=O)=O)C=C1,0.003458280093036592
CC([C@@H](C(OCC1N=C(C2=CC=CC=C2)SC=1)=O)NC(C1=CC=C(C)C=C1)=O)C,0.0077131279744207856
COC1=C(OC)C=C(CNC([C@@H](N2C(=O)C3=C(C=CC=C3)C2=O)CC2=CC=CC=C2)=O)C=C1,0.004949957155622542
CC([C@@H](C(NC1=CC=C(C(F)(F)F)C=C1)=O)NC(C1=C(F)C=CC=C1)=O)C,0.004845599411055446
CC(OC(N1[C@H](C(N2CCN(C3=CC=CC=C3)CC2)=O)CCC1)=O)(C)C,0.00746177772525698
CCOC1=CC=C(C(N[C@H](C(NCC2=CC=CC=C2)=O)C(C)C)=O)C=C1,0.009043052652850747
COC1=CC=C(C(N[C@H](C(NC2=C(OC)C=CC(C)=C2)=O)C(C)C)=O)C=C1,0.008691318402998149
CC1CCC(NC([C@@H](N2C(=O)C3=C(C=CC=C3)C2=O)CC2=CC=CC=C2)=O)CC1,0.005557889933697879
CCC1=C(NC([C@H](C(C)C)NC(C2=CC=C(C)C=C2)=O)=O)C(C)=CC=C1,0.010594872338697315
CCOC1=C(C(N[C@H](C(NC2=CC(C)=C(C)C=C2)=O)C(C)C)=O)C=CC=C1,0.010378083307296037
CCOC1=C(C(N[C@H](C(NC2=CC=C(C)C=C2)=O)C(C)C)=O)C=CC=C1,0.009783026529476047
CC1SC(NC([C@@H](N2C(=O)C3=C(C=CC=C3)C2=O)CC2=CC=CC=C2)=O)=NC=1,0.003097366378642619
CC([C@@H](C(NC1=CC=C(N2CCOCC2)C=C1)=O)NC(C1=CC=C(Cl)C=C1)=O)C,0.006592400674708188
NC(COC([C@@H](NS(C1=CC2=C(OCCO2)C=C1)(=O)=O)CC1=CC=CC=C1)=O)=O,0.00502373066265136
C[C@@H](C(OCC(C1=CC2=C(OCCO2)C=C1)=O)=O)NC(C1=C(Cl)C=CC=C1)=O,0.01049804505892098
CC([C@@H](C(NCC1=CC=CC=C1)=O)NC(C1=C(Br)C=CC=C1)=O)C,0.01022274447605014
CC([C@@H](C(NC1SC=CN=1)=O)NC(C1=CC=C(C)C=C1)=O)C,0.006156097818166018
COC1=CC=C(C(N[C@H](C(NC2=CC3=C(CCC3)C=C2)=O)C(C)C)=O)C=C1,0.010487943748012185
COC1=CC2=C(C(=CC(O2)=O)COC([C@H](C(C)C)NS(C2=CC=C(Cl)C=C2)(=O)=O)=O)C=C1,0.00528749437071383
COC1=CC=C(C(N[C@H](C(NC2=C(C)C=CC(C)=C2)=O)C(C)C)=O)C=C1,0.009424547641538083
CC([C@@H](C(OCC(NC(NC1=C(C)C=C(C)C=C1)=O)=O)=O)NS(C1=CC=C(Cl)C=C1)(=O)=O)C,0.001897352427477017
CC([C@@H](C(N1CCN(C2=CC=CC=C2)CC1)=O)NC(C1=CC=CC=C1)=O)C,0.007748001976870001
CCN(S(C1=CC(NC([C@H](C(C)C)NC(C2=CC=C(C)C=C2)=O)=O)=CC=C1)(=O)=O)CC,0.005946608167141676
CCSC1SC(NC([C@H](C(C)C)NC(C2=C(Br)C=CC=C2)=O)=O)=NN=1,0.008177045779302717
CCCN1C(C)=C(C2N=C(NC([C@@H](NC(C3SC=CC=3)=O)CC3=CC=CC=C3)=O)SC=2)C=C1C,0.006105004064738751
FC1=CC=C(CCNC([C@@H](N2C(=O)C3=C(C=CC=C3)C2=O)CC2=CC=CC=C2)=O)C=C1,0.003460399084724486
CC([C@@H](C(NC1=CC(S(N2CCCCC2)(=O)=O)=CC=C1)=O)NC(C1=CC=C(Cl)C=C1)=O)C,0.004246994038112462
CC([C@@H](C(NC1=CC(S(N2CCOCC2)(=O)=O)=CC=C1)=O)NC(C1=C(F)C=CC=C1)=O)C,0.004700149921700358
CC([C@@H](C(NC1=CC2=C(OCO2)C=C1)=O)NC(C1=CC=C(Cl)C=C1)=O)C,0.00678209476172924
FC(C1=CC=C(NC([C@H]2N(C(C3SC=CC=3)=O)CCC2)=O)C=C1)(F)F,0.0039394687046296895
COC1=CC=C(C(N[C@H](C(NC2=CC=C(Cl)C=C2)=O)C(C)C)=O)C=C1,0.007504100818186999
CC([C@@H](C(OCC1C2=C(C=CC3=C2C=CC=C3)OC(=O)C=1)=O)NC(C1=CC=C(C)C=C1)=O)C,0.008241033647209406
CCOC1=C(C(N[C@H](C(NC2=C(C)C=C(C)C=C2C)=O)C(C)C)=O)C=CC=C1,0.011140291579067707
CC([C@@H](C(NC1=CC=C(C)C=C1)=O)NC(C1=C(Br)C=CC=C1)=O)C,0.009906419459730387
CCOC1=CC=C(C(N[C@H](C(NC2=CC(F)=CC=C2)=O)C(C)C)=O)C=C1,0.0069162383209913966
FC1=CC=C(CNC([C@@H](N2C(=O)C3=C(C=CC=C3)C2=O)CC2=CC=CC=C2)=O)C=C1,0.0033488084562122824
NS(C1=CC=C(CNC([C@H]2N(S(C3=CC=C(Cl)C=C3)(=O)=O)CCC2)=O)C=C1)(=O)=O,0.005764552904292941
COC1=CC2=C(C(=CC(O2)=O)COC([C@H]2N(S(C3=CC=C(Cl)C=C3)(=O)=O)CCC2)=O)C=C1,0.0054513613227754835
COC1=C(NC([C@H](C(C)C)NC(C2=CC=C(C(C)(C)C)C=C2)=O)=O)C=C2OC3=C(C2=C1)C=CC=C3,0.008890722319483757
FC(OC1=C(NC(COC([C@H]2N(S(C3=CC=C(Cl)C=C3)(=O)=O)CCC2)=O)=O)C=CC=C1)F,0.003953388787340373
BrC1=C(OC([C@@H](N2C(=O)C3=C(C=CC=C3)C2=O)CC2=CC=CC=C2)=O)C=CC=C1,0.00528450554702431
CC1=CC(Br)=C(OC([C@@H](N2C(=O)C3=C(C=CC=C3)C2=O)CC2=CC=CC=C2)=O)C=C1,0.0053347247187048195
CCC1=C(NC([C@H](C(C)C)NC(C2=CC=C(OC)C=C2)=O)=O)C(C)=CC=C1,0.009949412802234292
COC1=CC=C(C(N[C@H](C(NC2=CC(C(F)(F)F)=CC=C2)=O)C(C)C)=O)C=C1,0.006327994097955525
CCSC1SC(NC([C@H](C(C)C)NC(C2=CC=C(C)C=C2)=O)=O)=NN=1,0.007603067206218839
CC([C@@H](C(NC1=C(C(N)=O)C=CS1)=O)NC(C1=CC=C(C)C=C1)=O)C,0.006238333345390856
C[C@@H](C(OCC(NC1=C(Cl)C=C(F)C=C1)=O)=O)NC(C1=CC=CC=C1)=O,0.005714529263786972
COC1=CC=C(C(N[C@H](C(NC2CCCCCC2)=O)C(C)C)=O)C=C1,0.011814137361943722
CC([C@@H](C(OCC(N1CCN(C2=CC=CC=C2)CC1)=O)=O)NC(C1OC=CC=1)=O)C,0.007564022066071629
CCOC1=CC=C(C(N[C@H](C(NC2=C(C)C=CC=C2)=O)C(C)C)=O)C=C1,0.009227185603231191
CCOC1=C(C(N[C@H](C(NC2=CC=C(C3N4C(CCCCC4)=NN=3)C=C2)=O)C(C)C)=O)C=CC=C1,0.007200372708030045
CC(OC(N1[C@H](C(NC2=CC(S(N3CCOCC3)(=O)=O)=CC=C2)=O)CCC1)=O)(C)C,0.0047261250205338
CC[C@@H]([C@@H](C(NC1=CC(Cl)=C(C)C=C1)=O)NC(N)=O)C,0.0035899906943086535
CC([C@@H](C(NC1=CC=C(C(F)(F)F)C=C1)=O)NC(C1=CC=C(C)C=C1)=O)C,0.0057276268256828185
CCOC1=CC=C(C(N[C@H](C(NC2CCCCC2)=O)C(C)C)=O)C=C1,0.011379355564713478
CCOC1=C(C(N[C@H](C(NC2=C(C)C=CC(C)=C2)=O)C(C)C)=O)C=CC=C1,0.010288277175277472
CC([C@@H](C(NCC1=CC=C(C)C=C1)=O)NC(C1=C(Br)C=CC=C1)=O)C,0.010982495080679656
CC([C@@H](C(NC1=C(F)C=C(F)C=C1)=O)NC(C1=CC=C(C)C=C1)=O)C,0.006140141864307225
CC([C@@H](C(NC1=CC(C(C)=O)=CC=C1)=O)NC(C1=CC=CC=C1)=O)C,0.012315195798873902
COC1=CC(C(N[C@H](C(NC2=C(C(N)=O)C3=C(CCC3)S2)=O)C(C)C)=O)=CC(OC)=C1,0.007931313547305762
CC([C@@H](C(NC1=CC(F)=C(C)C=C1)=O)NC(C1=C(C)C=CC=C1)=O)C,0.006728810979984701
COC1=CC=C(C(N[C@H](C(NC2=CC(Cl)=C(C)C=C2)=O)C(C)C)=O)C=C1,0.008102166024036706
ClC1=CC=C(C(N[C@H](C(N2CCN(C3=NC=CC=N3)CC2)=O)CC2=CC=CC=C2)=O)C=C1,0.0044753587921150025
COC(C1=C(OC([C@@H](N2C(=O)C3=C(C=CC=C3)C2=O)CC2=CC=CC=C2)=O)C=C(OC)C=C1)=O,0.005311113013885915
CCOC1=CC=C(C(N[C@H](C(NC2=CC=C(C(C)=O)C=C2)=O)C(C)C)=O)C=C1,0.01218709028325975
CCOC1=CC=C(C(N[C@H](C(NC2=C(CC)C=CC=C2C)=O)C(C)C)=O)C=C1,0.01007862463593483
CC([C@@H](C(NC1SC=CN=1)=O)NC(C1=C(F)C=CC=C1)=O)C,0.005302547011524439
CCOC1=CC=C(C(N[C@H](C(NC2=CC=C(OC)C=C2)=O)C(C)C)=O)C=C1,0.008450688514858484
COC1=CC=C(C(N[C@H](C(NCC2=C(OC)C=CC=C2)=O)C(C)C)=O)C=C1,0.008880259725265205
CC([C@@H](C1NC2=C(C=CC=C2)N=1)NC(CC1=C2C(C=CC=C2)=CC=C1)=O)C,0.00453552216058597
COC1=CC=C(C2N=C(NC([C@H](C(C)C)NC(C3=C(F)C=CC=C3)=O)=O)SC=2)C=C1,0.006353177921846509
CCOC1=CC=C(C(N[C@H](C(NCC2CCCCC2)=O)C(C)C)=O)C=C1,0.011857381835579873
CCOC1=CC=C(C(N[C@H](C(NC2=CC(S(N3CCOCC3)(=O)=O)=CC=C2)=O)C(C)C)=O)C=C1,0.0049913482158444825
CC([C@@H](C(NC1=CC(S(N2CCOCC2)(=O)=O)=CC=C1)=O)NC(C1=CC=CC=C1)=O)C,0.004518089792691171
CC([C@@H](C(NC1=CC2=C(OCCCO2)C=C1)=O)NS(C1=CC2=C(OCCO2)C=C1)(=O)=O)C,0.006516941799782216
O=C([C@H]1N(C(C2SC=CC=2)=O)CCC1)NC1=CC=C(C#N)C=C1,0.004236539558041841
C[C@@H](C(NNC(CCCOC1=C(Cl)C=C(Cl)C=C1)=O)=O)NC(N)=O,0.0019915879413019864
CC([C@@H](C(NC1SC=C(C2=CC(F)=C(F)C=C2)N=1)=O)NC(C1=C(F)C=CC=C1)=O)C,0.005662224325351417
CC([C@@H](C1NC2=C(C=CC=C2)N=1)NC(C1=CC(Cl)=CC=C1)=O)C,0.003388902253936976
COC1=C(Cl)C=C(NC([C@H](C(C)C)NC(C2=CC=C(C)C=C2)=O)=O)C=C1,0.008131305011920631
CCOC1=CC=C(C(N[C@H](C(NCC2=C(OC)C=CC=C2)=O)C(C)C)=O)C=C1,0.009211508929729462
COC1=C(CNC([C@H](C(C)C)NC(C2=CC=C(Cl)C=C2)=O)=O)C=CC=C1,0.00802648370154202
COC1=C(Cl)C=C(NC([C@H](C(C)C)NC(C2=CC=C(Cl)C=C2)=O)=O)C=C1,0.007553027337417006
COC1=CC=C(C(N[C@H](C(NC2=CC(S(N3CCCCC3)(=O)=O)=CC=C2)=O)C(C)C)=O)C=C1,0.0049588880152441565
CC([C@@H](C(NC1=CC=C(N2CCOCC2)C=C1)=O)NC(C1=CC=C(C)C=C1)=O)C,0.008071930496953428
COC1=C(CNC([C@H](C(C)C)NC(C2=C(F)C=CC=C2)=O)=O)C=CC=C1,0.007598442188464105
CC1=CC(NC([C@H]2N(S(C3=C(F)C=CC=C3)(=O)=O)CCC2)=O)=C(C)C=C1,0.004372828302439302
CCC1=CC(NC([C@H](C(C)C)NC(C2=CC=C(OC)C=C2)=O)=O)=CC=C1,0.009159743017517031
CCOC1=C(C(N[C@H](C(NC2=CC(C(C)=O)=CC=C2)=O)C(C)C)=O)C=CC=C1,0.012432535318657756
COC1=CC=C(C(N[C@H](C(NC2=CC(C)=CC(C)=C2)=O)C(C)C)=O)C=C1,0.009485811181366443
CCSC1SC(NC([C@H](C(C)C)NC(C2=CC=C(OC)C=C2)=O)=O)=NN=1,0.007429554825648665
CC[C@@H]([C@@H](C(NC1=CC(F)=CC=C1)=O)NC(N)=O)C,0.002851953939534724
CC1SC(NC([C@H]2N(C(OC(C)(C)C)=O)CCC2)=O)=NC=1,0.00497082385700196
CCOC1=CC=C(C(N[C@H](C(NC2SC=CN=2)=O)C(C)C)=O)C=C1,0.00623872249852866
CC([C@@H](C(NCC1=CC(Cl)=CC=C1)=O)NC(C1=CC=CC=C1)=O)C,0.00756622995249927
CC[C@@H]([C@@H](C(NC1=CC=CC=C1)=O)NC(N)=O)C,0.0037648022524081172
CCOC1=C(NC([C@H](C(C)C)NC(C2=CC=C(OC)C=C2)=O)=O)C=CC=C1,0.008625066932290792
CCOC1=CC=C(C(N[C@H](C(NC2=CC(C)=C(C)C=C2)=O)C(C)C)=O)C=C1,0.009575451351702213
CC(OC(N1[C@H](C(NC2=CC=C(S(N3CCCCC3)(=O)=O)C=C2)=O)CCC1)=O)(C)C,0.004793105158023536
CC([C@@H](C(NC1=CC(N(=O)=O)=C(F)C=C1)=O)NC(C1=C(Br)C=CC=C1)=O)C,0.0062338984571397305
CC([C@@H](C1NC2=C(C=CC=C2)N=1)NC(CCCN1C(=O)C2=C(C=CC=C2)C1=O)=O)C,0.002082451403839514
COC1=CC=C(C(N[C@H](C(NC2SC=CN=2)=O)C(C)C)=O)C=C1,0.006247313809581101
CCOC1=CC=C(C(N[C@H](C(N2CCN(C3=CC=CC=C3)CC2)=O)C(C)C)=O)C=C1,0.007718050829134881
CCOC1=CC=C(C(N[C@H](C(NC2=CC(OC)=CC=C2)=O)C(C)C)=O)C=C1,0.008172710496000945
CC1=C(NCCC(N[C@H](C2NC3=C(C=CC=C3)N=2)CC2=CC=CC=C2)=O)C=CC=C1,0.0037356781191192566
CC([C@@H](C1NC2=C(C=CC=C2)N=1)NC([C@@H](N1C(=O)C2=C(C=CC=C2)C1=O)CC1=CC=CC=C1)=O)C,0.0022448370582424104
ClC1=CC=C(S(N2[C@H](C(OCC(/C(/C#N)=C3/NC4=C(C=CC=C4)N/3)=O)=O)CCC2)(=O)=O)C=C1,0.004511264676693827
COC1=C(NC([C@@H](NC(C2OC=CC=2)=O)CC2=CC=CC=C2)=O)C=CC=C1,0.0076236114604398605
CCOC1=CC=C(C(N[C@H](C(NC2=CC(C#N)=CC=C2)=O)C(C)C)=O)C=C1,0.00690765529870987
CCOC1=C(C(N[C@H](C(NC2=CC(C#N)=CC=C2)=O)C(C)C)=O)C=CC=C1,0.0070947319967672225
COC1=CC=C(C(N[C@H](C(NC2=CC(Cl)=C(OC)C=C2)=O)C(C)C)=O)C=C1,0.007110671396367252
CC([C@@H](C(NC1CCCCCC1)=O)NC(C1=C(Br)C=CC=C1)=O)C,0.01490751514211297
CCOC1=CC=C(C(N[C@H](C(NC2CCCCCC2)=O)C(C)C)=O)C=C1,0.012022156920284032
CCOC1=C(C(N[C@H](C(NC2CCCCCC2)=O)C(C)C)=O)C=CC=C1,0.012358201295137405
CCOC(C1=C(C)C(C(OCC)=O)=C(COC([C@@H](NC(C2OC=CC=2)=O)CC2=CC=CC=C2)=O)N1)=O,0.007245587022043765
COC1=CC=C(C(N[C@H](C(N2CCN(C3=C(C)C(C)=CC=C3)CC2)=O)C(C)C)=O)C=C1,0.008358305669389665
COC1=CC=C(C(N[C@H](C(NC2=CC(Cl)=CC=C2)=O)C(C)C)=O)C=C1,0.007417275314219296
CC([C@@H](C(NCCC1=CC2=C(OCCO2)C=C1)=O)NC1=C(Cl)C=C(C(F)(F)F)C=C1)C,0.005695452517829836
COC1=C(OC)C=C(NC([C@H](C(C)C)NC(C2=CC=C(C)C=C2)=O)=O)C=C1,0.0091506312135607
COC1=C(OC)C=C(NC([C@H](C(C)C)NC(C2=C(F)C=CC=C2)=O)=O)C=C1,0.008455700986087323
CCOC1=CC=C(C(N[C@H](C(NC2=C(OC)C=CC(C)=C2)=O)C(C)C)=O)C=C1,0.008998845960013569
C[C@@H](C(NC1=CC(S(NC2=CC=C(Cl)C=C2)(=O)=O)=C(N2CCOCC2)C=C1)=O)NC(N)=O,0.002508550992934033
CC([C@@H](C(NC1SC2=C(C=CC(=C2)C)N=1)=O)NC(C1=CC=C(C)C=C1)=O)C,0.008004340785555541
COC1=CC=C(C(N[C@H](C(NCC2=C(Cl)C=CC=C2)=O)C(C)C)=O)C=C1,0.008123066462576389
CC([C@@H](C(NC(C1=CC=CC=C1)C1=CC=CC=C1)=O)NC(C1=CC=C(C)C=C1)=O)C,0.011275414982810617
CCOC1=C(C(N[C@H](C(NC2=C(C(C)C)C=CC=C2)=O)C(C)C)=O)C=CC=C1,0.010326942754909396
CCOC1=CC=C(C(N[C@H](C(NC2=C(F)C=C(F)C=C2)=O)C(C)C)=O)C=C1,0.006711753411218524
CCOC1=C(C(N[C@H](C(NC2=C(F)C=C(F)C=C2)=O)C(C)C)=O)C=CC=C1,0.007362157944589854
CC([C@@H](C(NC1=CC(S(N2CCOCC2)(=O)=O)=CC=C1)=O)NC(C1=CC=C(Cl)C=C1)=O)C,0.00409327819943428
CC([C@@H](C(NC1=CC(S(N2CCCCC2)(=O)=O)=CC=C1)=O)NC(C1=CC=C(C)C=C1)=O)C,0.004938751296140254
CC([C@@H](C(NC1=CC(S(N2CCCCC2)(=O)=O)=CC=C1)=O)NC(C1=C(F)C=CC=C1)=O)C,0.004669180628843606
CCOC1=C(C(N[C@H](C(NC2SC=CN=2)=O)C(C)C)=O)C=CC=C1,0.006653372664004564
CC([C@@H](C(NCC1=CC=C(C)C=C1)=O)NC(C1=C(F)C=CC=C1)=O)C,0.007141104293987155
CCOC1=C(C(N[C@H](C(NC2=C(OC)C=CC(C)=C2)=O)C(C)C)=O)C=CC=C1,0.009254122385755181
FC1=CC(NC([C@@H](N2C(=O)C3=C(C=CC=C3)C2=O)CC2=CC=CC=C2)=O)=C(F)C=C1,0.0032664781785570083
CSCC[C@@H](C1NC2=C(C=CC=C2)N=1)NC(C1N(C(C2OC=CC=2)=O)CC2=C(C=CC=C2)C1)=O,0.003918623563367874
FC1=CC(NC(COC([C@H]2N(S(C3=CC=C(Cl)C=C3)(=O)=O)CCC2)=O)=O)=C(F)C=C1,0.004276506439782679
CC([C@@H](C(NC1=CC(C)=CC(C)=C1)=O)NC(C1=C(F)C=CC=C1)=O)C,0.007276599947363138
CCOC1=C(C(N[C@H](C(NC2=CC(CC)=CC=C2)=O)C(C)C)=O)C=CC=C1,0.010119149088859558
CC([C@@H](C(NC1=C(CC2=CC=CC=C2)C=CC=C1)=O)NC(C1=CC=C(C)C=C1)=O)C,0.010204391926527024
CC([C@@H](C(OC1=CC=C(C#N)C=C1)=O)NC(C1=CC=C(C)C=C1)=O)C,0.007102760556153953
COC1=CC=C(C(N[C@H](C(NC2=CC=C(N3CCOCC3)C=C2)=O)C(C)C)=O)C=C1,0.007764156023040414
CN(CCN(C([C@@H](N1C(=O)C2=C(C=CC=C2)C1=O)CC1=CC=CC=C1)=O)CC1=CC=CC=C1)C,0.0062344037927687165
C[C@@H](C(OCC(NC1=CC=C(OC(F)F)C=C1)=O)=O)NC(C1OC=CC=1)=O,0.005706656398251653
CC([C@@H](C(OCC(C1=CC2=C(OCC(N2)=O)C=C1)=O)=O)NC(C1=C(Cl)C=CC=C1)=O)C,0.009969952795654536
COC1=CC=C(C(N[C@H](C(NC2=CC(S(N3CCOCC3)(=O)=O)=CC=C2)=O)C(C)C)=O)C=C1,0.004999081091955304
CC[C@@H]([C@@H](C(NCC1=C(OC)C=CC=C1)=O)NC(N)=O)C,0.004267539479769766
CC[C@@H]([C@@H](C(N(CC1=CC(F)=CC=C1)C)=O)NC(C1=CC=CC=C1)=O)C,0.007638679258525372
CC([C@@H](C(NCCN1C(=O)C(=CC2=CC=CC=C2)SC1=O)=O)NC(C1=CC=C(Cl)C=C1)=O)C,0.00324486861936748
COC1=CC=C(C(N[C@H](C(NCC2=CC(Cl)=CC=C2)=O)C(C)C)=O)C=C1,0.007928201439790427
COC1=CC=C(CN(C([C@@H](N2C(=O)C3=C(C=CC=C3)C2=O)CC2=CC=CC=C2)=O)C)C=C1,0.0060332622844725846
CC1N(C2=CC3=C(OCCO3)C=C2)C(C)=C(C(COC([C@H]2N(C(C3SC=CC=3)=O)CCC2)=O)=O)C=1,0.007379264500923455
CC([C@@H](C(NCC1=CC=C(C)C=C1)=O)NC(CC1=CC=CC=C1)=O)C,0.010326950903981924
CCCN1C2=C(C=CC=C2)N=C1NC([C@H](C(C)C)NC(C1=CC(OC)=C(OC)C(OC)=C1)=O)=O,0.006183325790334493
CC([C@@H](C(OCC1OC(C2=C(Br)C=CC=C2)=NN=1)=O)NC(C1=CC=C(C)C=C1)=O)C,0.008306596009060741
ClC1=CC=C(S(N2[C@H](C(OCC(NC3=CC(Cl)=C(C#N)C=C3)=O)=O)CCC2)(=O)=O)C=C1,0.003561806655488908
CC([C@@H](C(OCC1=C2C(COC(C3=CC=CC=C3)O2)=CC(F)=C1)=O)NC(CC1=CC=CC=C1)=O)C,0.008125919848680496
COC([C@H](NC(CCCSC1=CC=C(Cl)C=C1)=O)CC1C2=C(C=CC=C2)NC=1)=O,0.0029902559239417315
C[C@@H](C(OCC(N(CC1=CC=CC=C1)CC1=CC=CC=C1)=O)=O)NC(C1=C(Cl)C=CC=C1)=O,0.008060689084231853
CC([C@@H](C(NC1SC=CN=1)=O)NS(C1=CC=C(Cl)C=C1)(=O)=O)C,0.0036561487475410106
CC([C@@H](C(OCC1C2=C(C=CC3=C2C=CC=C3)OC(=O)C=1)=O)NC(C1=C(F)C=CC=C1)=O)C,0.006891484884545207
C[C@@H](C(OCC1SC2=C(C=CC=C2)N=1)=O)NS(C1=C(F)C=CC=C1)(=O)=O,0.0032435158384032546
C[C@@H](C(NC1SC(SCC2=CC=CC=C2)=NN=1)=O)NC(C1OC=CC=1)=O,0.006631484325043857
CNC(NC(COC([C@@H](NC(OCC1=CC=CC=C1)=O)CC1=CC=CC=C1)=O)=O)=O,0.0022299539297819136
CC([C@@H](C(OCC1C2=C(C=C(C=C2)C)OC(=O)C=1)=O)NC(C1=C(F)C=CC=C1)=O)C,0.0074466053862124685
CCOC1=CC=C(C(N[C@H](C(NC2NC3=C(C=CC=C3)N=2)=O)C(C)C)=O)C=C1,0.0035543238162063064
COC1=C(OC)C=C(CNC([C@H]2N(C(OC(C)(C)C)=O)CCC2)=O)C=C1,0.006819464801810682
O=C([C@@H](NC(C1SC=CC=1)=O)CC1=CC=CC=C1)NCC1CCCCC1,0.008690775372087955
COC1=CC=C(C(N[C@H](C(NC2=C(OC)C=C3C(OC4=C3C=CC=C4)=C2)=O)C(C)C)=O)C=C1,0.0072245251853018996
COC1=CC=C(C(N[C@H](C(NCC2=CC=C(Cl)C=C2)=O)C(C)C)=O)C=C1,0.007994950865395367
C[C@@H](C(N1CCN(CC=CC2=CC=CC=C2)CC1)=O)NS(C1=CC=C(NC(C)=O)C=C1)(=O)=O,0.0040429565706290305
CCOC1=C(C(N[C@H](C(NC2=CC=C(OC)C=C2)=O)C(C)C)=O)C=CC=C1,0.008658835361711682
C[C@@H](C(NC(C1=CC=C(N2N=CN=C2)C=C1)C)=O)NC1=C(N(=O)=O)C=C(C(F)(F)F)C=C1,0.0030835927464067936
OC([C@H]1C2=C(C=CC=C2)C(=O)N(CC2=CC=C(F)C=C2)[C@H]1C1=CC=C(Cl)C=C1)=O,0.006928027281537652
CC1=CC=C(NC([C@@H](NC(C2SC=CC=2)=O)CC2=CC=CC=C2)=O)C=C1,0.005891779740341008
O=C([C@@H](NC(C1SC=CC=1)=O)CC1=CC=CC=C1)NC1=CC=CC=C1,0.0057879493338987235
COC(C1=CC=C([C@@H]2N(CC3=CC=C(F)C=C3)C(=O)C3=C(C=CC=C3)[C@@H]2C(O)=O)C=C1)=O,0.0077133515616878865
CSC1=CC=C([C@@H]2N(CC3=CC=C(F)C=C3)C(=O)C3=C(C=CC=C3)[C@@H]2C(O)=O)C=C1,0.006517417612485588
OC([C@H]1C2=C(C=CC=C2)C(=O)N(CC2=CC=C(F)C=C2)[C@H]1C1=C(F)C=CC=C1)=O,0.0075881345430389045
OC([C@H]1C2=C(C=CC=C2)C(=O)N(CC2=CC=C(F)C=C2)[C@H]1C1=CC=C(C(F)(F)F)C=C1)=O,0.006773028080351651
COC1=C(OC)C(OC)=CC([C@@H]2N(CC3=CC=C(F)C=C3)C(=O)C3=C(C=CC=C3)[C@@H]2C(O)=O)=C1,0.0074281351873651145
CCN(C1=CC=C(NC([C@@H](NC(C2SC=CC=2)=O)CC2=CC=CC=C2)=O)C=C1)C(C)C,0.0068811453646048905
CC1=C(C)C(NC([C@H]2N(C3C4=C(C=CC=C4)S(=O)(=O)N=3)CCC2)=O)=CC=C1,0.0038473573047667744
CC([C@@H](C(NC1SC=CN=1)=O)NS(C1=CC(Cl)=C(Cl)C=C1)(=O)=O)C,0.0041324847959913315
CC([C@@H](C(NCCN1C(=O)C(=CC2=CC=CC=C2)SC1=O)=O)N1C(=O)C2=C(C=CC=C2)C1=O)C,0.005079291784204543
COC1=CC=C(C(N[C@H](C(NC2=CC=C(C(F)(F)F)C=C2)=O)C(C)C)=O)C=C1,0.006158224074169993
CCN(C1=CC=C(NC([C@@H](NC(C2SC=CC=2)=O)CC2=CC=CC=C2)=O)C=C1)CC,0.006594675127416849
CCOC1=CC=C(C(N[C@H](C(NC2=CC3=C(OCO3)C=C2)=O)C(C)C)=O)C=C1,0.008776400098577141
CCOC1=CC=C(C(N[C@H](C2NC3=C(C=CC=C3)N=2)CCSC)=O)C=C1,0.0038200285285711288
CC1=C(NC([C@H]2N(C(C3SC=CC=3)=O)CCC2)=O)C=CC(Cl)=C1,0.0050790001638233665
CC1=CC(NC(COC([C@H]2N(S(C3=CC=C(Cl)C=C3)(=O)=O)CCC2)=O)=O)=C(C)C=C1,0.00472222015960142
CC([C@@H](C(OCC(NC1=C(C#N)C=CC(Cl)=C1)=O)=O)NC(N)=O)C,0.003494029596913606
C[C@@H](C(NC1=C(C(NCC2=CC3=C(OCO3)C=C2)=O)C=CC=C1)=O)NS(C1=CC=CC=C1)(=O)=O,0.0050193628063425425
COC1=CC(CN2CCN(C([C@H]3N(C(C4SC=CC=4)=O)CCC3)=O)CC2)=C(OC)C=C1,0.006894028396345675
ClC1=CC(CNC([C@@H](N2C(=O)C3=C(C=CC=C3)C2=O)CC2=CC=CC=C2)=O)=CC=C1,0.0040089395362883804
C[C@@H](C(OCC(NC(C1N(C)C=CC=1)=O)=O)=O)NC1=C(N(=O)=O)C=C(C(F)(F)F)C=C1,0.0019045008870307357
CCOC(C1=C(NC(COC([C@H](C(C)C)NC(C2=CC=CC=C2)=O)=O)=O)SC(CC)=C1)=O,0.00815944920759648
CC([C@@H](C(OCC1OC(C2=CC=C(N(=O)=O)C=C2)=NN=1)=O)NC(CC1=CC=CC=C1)=O)C,0.004512461961712688
COC1=C(OC)C(OC)=CC(C(N[C@H](C(NC2=C(C)C=CC=C2)=O)C(C)C)=O)=C1,0.010157717834226787
C[C@@H](C(OCC1N=C(C2=CC=C(Cl)C=C2)SC=1)=O)NS(C1=CC=C(NC(C)=O)C=C1)(=O)=O,0.0028345882892608643
CC([C@@H](C(OCC1N=C(C2=CC=CC=C2)SC=1)=O)NC(CC1=CC=CC=C1)=O)C,0.007409346662461758
CC1=CC=C(S(N2[C@H](C(OCC(N3C(C)(C)C(=O)NC4=C3C=CC=C4)=O)=O)CCC2)(=O)=O)C=C1,0.005618801200762391
CCOC1=C(C(N[C@H](C(NC2=CC=C(C(C)=O)C=C2)=O)C(C)C)=O)C=CC=C1,0.012552786059677601
C[C@@H](C(OCN1C(=O)C2=C(C=CC=C2)N=N1)=O)NC(C1=CC=C(Cl)C=C1)=O,0.004835034278221429
CC1=CC=C(S(N2[C@H](C(OCC(NC3C4=C(C=CC=C4)CCC3)=O)=O)CCC2)(=O)=O)C=C1,0.006905705388635397
CC1=CC=C(S(N2[C@H](C(OCN3C(=O)C4=C(C=CC=C4)C3=O)=O)CCC2)(=O)=O)C=C1,0.0036141500691883265
ClC1=CC=C(CNC([C@@H](N2C(=O)C3=C(C=CC=C3)C2=O)CC2=CC=CC=C2)=O)C=C1,0.003968280903063714
O=C(N(C1CS(=O)(=O)CC1)CC1OCCC1)[C@H]1N(C(C2SC=CC=2)=O)CCC1,0.007101026666350663
CC([C@@H](C(NC1=C(CC2=CC=CC=C2)C=CC=C1)=O)NC(C1=CC=CC=C1)=O)C,0.009524175035767257
COC1=CC([C@@H]2N(CC3=CC=C(F)C=C3)C(=O)C3=C(C=CC=C3)[C@@H]2C(O)=O)=CC=C1,0.0072360323974862695
C[C@@H](C(NCC1=CC(Cl)=CC=C1)=O)NC(C1=CC=C(Br)C=C1)=O,0.007062937342561781
C[C@@H](C(OCC(NC1=NC=C(Cl)C=C1)=O)=O)NC(C1=CC=CC=C1)=O,0.005026239296421408
CC(C1=C(C)C=C2C(C(=CC(O2)=O)COC([C@@H](NC(C2=CC=CC=C2)=O)C)=O)=C1)C,0.0083765032235533
C[C@@H](C(OCC(N1C2=C(C=CC=C2)CC1)=O)=O)NC(C1=CC=CC=C1)=O,0.007796404929831624
C[C@@H](C(OCC(NC1CCCCC1)=O)=O)NC(C1=CC=CC=C1)=O,0.00971079063601792
CCOC(C1C(C2SC=CC=2)=CSC=1NC(COC([C@@H](NC(C1OC=CC=1)=O)C)=O)=O)=O,0.00706455463077873
CC[C@@H]([C@@H](C(NNC(C1=CC=C(N(CC)CC)C=C1)=O)=O)NC(N)=O)C,0.0030426219513174147
CC([C@@H](C(NC1=CC=C(OC(F)(F)F)C=C1)=O)NC(C1=CC=C(C)C=C1)=O)C,0.004798182134982199
CC1=C(C)C(NC([C@H]2N(C(OC(C)(C)C)=O)CCC2)=O)=CC=C1,0.006863727583549917
CC([C@@H](C(OCC1C2=C(C(=C(C=C2)C)C)OC(=O)C=1)=O)NC(C1=CC=CC=C1)=O)C,0.008942841226235032
CC([C@@H](C(OCC(NC1=CC2=C(OCO2)C=C1)=O)=O)NS(C1=CC=C(Cl)C=C1)(=O)=O)C,0.004785185831133276
C[C@@H](C(OCC(C1C2=C(C=CC=C2)NC=1)=O)=O)NC(C1=CC=CC=C1)=O,0.005883703473955393
CC([C@@H](C(NC1=CC2=C(OCO2)C=C1)=O)NC(C1=C(F)C=CC=C1)=O)C,0.007494920073077083
C[C@@H](C(OCC(NC1=CC(Cl)=C(C#N)C=C1)=O)=O)NC(C1=CC=CC=C1)=O,0.004486266360618174
COC1=C(OC)C(OC)=CC(C(N[C@H](C(OC2=CC=C(C3=CC=C(C#N)C=C3)C=C2)=O)C(C)C)=O)=C1,0.006690249685198069
ClC1=CC=C(S(N2[C@H](C(NC3=CC4=C(OCO4)C=C3)=O)CCC2)(=O)=O)C=C1,0.004437640821561217
CC[C@@H]([C@@H](C(NNC(CSC1=CC=C(Cl)C=C1)=O)=O)NC(N)=O)C,0.0017481153481639922
C[C@@H](C(OCC(NC1=C(Cl)C(C)=C(Cl)C=N1)=O)=O)NC(C1=CC=CC=C1)=O,0.005929802288301289
CC([C@@H](C(OCC1C2=C(C(=C(C=C2)C)C)OC(=O)C=1)=O)NC(C1=C(F)C=CC=C1)=O)C,0.00783325736410916
ClC1=CC=C(S(N2[C@H](C(OCC(NC3=C(Cl)C(Cl)=CC=C3)=O)=O)CCC2)(=O)=O)C=C1,0.005083064106293023
FC1=C(NC(COC([C@H]2N(S(C3=CC=C(Cl)C=C3)(=O)=O)CCC2)=O)=O)C=CC(Cl)=C1,0.004620410711504519
CC1=CC(Cl)=C(NC(COC([C@H]2N(S(C3=CC=C(Cl)C=C3)(=O)=O)CCC2)=O)=O)C(C)=C1,0.004899753839708865
FC1=C(F)C=C(NC(COC([C@H]2N(S(C3=CC=C(Cl)C=C3)(=O)=O)CCC2)=O)=O)C=C1,0.004416021704673767
CSCC[C@@H](C1NC2=C(C=CC=C2)N=1)NC(CCCOC1=CC(C)=CC=C1)=O,0.0037355376640334725
COC1=CC=C(C(N[C@H](C(NC2=C(C)C(C)=CC=C2)=O)C(C)C)=O)C=C1,0.009483657963573932
CC1=C(NC(COC([C@H]2N(S(C3=CC=C(Cl)C=C3)(=O)=O)CCC2)=O)=O)C=CC=C1,0.004545598162803799
ClC1=CC=C(NC(COC([C@H]2N(S(C3=CC=C(Cl)C=C3)(=O)=O)CCC2)=O)=O)C=C1,0.0046461760764941575
CC1=C(NC(COC([C@H]2N(S(C3=CC=C(Cl)C=C3)(=O)=O)CCC2)=O)=O)C=CC=C1Cl,0.00468948989873752
COC1=C(CNC([C@@H](N2C(=O)C3=C(C=CC=C3)C2=O)CC2=CC=CC=C2)=O)C=CC=C1,0.004638261278159916
CC([C@@H](C(NNC(CSC1N(C2=CC=CC=C2)C(C2=CC=CC=C2)=NN=1)=O)=O)NC(N)=O)C,0.002465339726768434
O=C(N[C@H](C1NC2=C(C=CC=C2)N=1)CC1=CC=CC=C1)CCCC1C2=C(C=CC=C2)NC=1,0.004430850467178971
CCCN(C1C(=O)NC(=O)N(CC2=CC=CC=C2)C=1N)C([C@@H](NC(C1OC=CC=1)=O)C)=O,0.004126575891859829
COC1=CC=C(C=C2C(=O)N(CCNC([C@H](C(C)C)NC(C3=C(F)C=CC=C3)=O)=O)C(=O)S2)C=C1,0.003669461200479418
CC1=CC(NC(COC([C@H]2N(S(C3=CC=C(Cl)C=C3)(=O)=O)CCC2)=O)=O)=CC(C)=C1,0.004781861929222942
ClC1=C(NC(COC([C@@H](N2C(=O)C3=C(C=CC=C3)C2=O)CC2=CC=CC=C2)=O)=O)C=CC=N1,0.0036012440687045455
CC(C1=CC=C(S(N2CCN(C([C@H]3N(C(C4SC=CC=4)=O)CCC3)=O)CC2)(=O)=O)C=C1)=O,0.00654950924217701
CC([C@@H](C(OCC(NC1=C(F)C=C(Br)C=C1)=O)=O)NC(CC1=CC=CC=C1)=O)C,0.008059997949749232
COC1=CC=C(C=CC(N[C@H](C(OCC(C2=CC=CC=C2)=O)=O)C)=O)C=C1,0.01202929373830557
C[C@@H](C(OCC(NC1=C(Cl)C=CC(C(F)(F)F)=C1)=O)=O)NC(C1=CC=CC=C1)=O,0.0051239518099464474
CC([C@@H](C(NC1=CC2=C(OCO2)C=C1)=O)NC(C1=C(Br)C=CC=C1)=O)C,0.008731146273203195
ClC1=C(Cl)C=C(NC([C@@H](NC(C2OC=CC=2)=O)CC2=CC=CC=C2)=O)C=C1,0.006888412171974778
C[C@@H](C(N(CC1SC=CC=1)C)=O)NS(C1=CC=C(NC(C)=O)C=C1)(=O)=O,0.0038925215601921083
C[C@@H](C(OCC(NC1=CC2=C(OCCO2)C=C1)=O)=O)NC(C1=C(Cl)C=CC=C1)=O,0.0065341181820258495
CC([C@@H](C(OCC1C2=C(C(=C(C=C2)C)C)OC(=O)C=1)=O)NC(C1=C(Br)C=CC=C1)=O)C,0.009363827714696526
CC([C@@H](C(OCC(N1C2=C(C=CC=C2)CC1)=O)=O)NC(C1=C(Br)C=CC=C1)=O)C,0.009898236207664012
ClC1=CC=C(S(N2[C@H](C(OC3=CC4=C(OCO4)C=C3)=O)CCC2)(=O)=O)C=C1,0.005573063041083515
CC([C@@H](C(NC1SC=C(C2=CC=CC=C2)N=1)=O)NC(C1=CC=C(C)C=C1)=O)C,0.006883424357511103
C[C@@H](C(NCCOC1=C(F)C=CC=C1)=O)NC1=C(N(=O)=O)C=C(C(F)(F)F)C=C1,0.003429801529273391
CC([C@@H](C(NC1=CC2=C(C(=CC(O2)=O)C)C=C1)=O)N1C(=O)C2=C(C=CC=C2)C1=O)C,0.003943976364098489
CC1=CC(C(COC([C@H]2N(S(C3=CC=C(Cl)C=C3)(=O)=O)CCC2)=O)=O)=C(C)C=C1,0.008501747506670654
CC[C@@H]([C@@H](C(NNC(C1=CC=C(COC2=C3C(C=CC=N3)=CC=C2)C=C1)=O)=O)NC(N)=O)C,0.002530292351730168
CC([C@@H](C(NC1=CC2=C(OCO2)C=C1)=O)NC(C1=CC=CC=C1)=O)C,0.007699296670034527
CC([C@@H](C(NC1=CC(S(N2CCCCCC2)(=O)=O)=C(C)C=C1)=O)NC(C1=C(F)C=CC=C1)=O)C,0.00561351974029094
NC(CC[C@@H](C(NNC(CC1=CC=CC=C1)=O)=O)NC(C1=CC=C(F)C=C1)=O)=O,0.003596953593660146
CC([C@@H](C1NC2=C(C=CC=C2)N=1)NC(COC1=CC2=C(C(=CC(O2)=O)C)C=C1)=O)C,0.00396672950591892
COC1=CC=C(C=CC(N[C@H](C(OCC2N=C(C3=CC=CC=C3)SC=2)=O)C)=O)C=C1,0.006760110193863511
CC([C@@H](C(OCC1N=C2N(C=CS2)C(=O)C=1)=O)N1C(=O)C2=C(C=CC=C2)C1=O)C,0.004949624300934374
CC([C@@H](C(OCC(NC1=CC2=C(CCC2)C=C1)=O)=O)NC(C1=C(Cl)C=C(N(=O)=O)C=C1)=O)C,0.006070258794352412
CC([C@@H](C(OCN1C(=O)C2=C(C=CC=C2)N=N1)=O)NC(CC1=CC=CC=C1)=O)C,0.0062171716010197995
COC1=CC=C([C@@H]2N(CC3=C(OC)C=CC=C3)C(=O)C3=C(C=CC=C3)[C@@H]2C(O)=O)C=C1,0.008791876398026944
CC[C@@H]([C@@H](C(NC1=CC(C)=CC(C)=C1)=O)NC(N)=O)C,0.0045816152123734355
CC([C@@H](C(NNC(COC1=C(Cl)C=CC=C1)=O)=O)NC(N)=O)C,0.0026400184782687575
C[C@@H](C(OCC(N1C(C)(C)C(=O)NC2=C1C=CC=C2)=O)=O)NS(C1=CC=C(C)C=C1)(=O)=O,0.0054320997791364786
CC([C@@H](C(OC(C(NC(N)=O)=O)C)=O)NC(CC1=CC=CC=C1)=O)C,0.0025149754248559473
CCN(C1=C(S(NC2=C(OC)C=CC=C2)(=O)=O)C=C(NC([C@@H](NC(C)=O)C)=O)C=C1)CC,0.005080545879900455
CC[C@@H]([C@@H](C(NNC(C1=C(OC)C=CC(Cl)=C1)=O)=O)NC(N)=O)C,0.0023702431470155718
CCOC1=CC=C(NC([C@H](C(C)C)NC(C2=CC=CC=C2)=O)=O)C=C1,0.008182826265692712
CC([C@@H](C1NC2=C(C=CC=C2)N=1)NC1=C(Cl)C=C(N(=O)=O)C=C1)C,0.002093146968400106
CC([C@@H](C1NC2=C(C=CC=C2)N=1)NC1=C(N(=O)=O)C=CC=C1)C,0.0025211386207956822
OC([C@@H]1C2=C(C=CC=C2)C(=O)N(CC2=CC=CC=C2)[C@@H]1C1=CC(N(=O)=O)=CC=C1)=O,0.005569222709164023
COC1=CC=C([C@H]2N(C3=CC=C(C)C=C3)C(=O)C3=C(C=CC=C3)[C@H]2C(O)=O)C=C1,0.007827994762919843
OC([C@@H]1C2=C(C=CC=C2)C(=O)N(CC2=CC=CC=C2)[C@@H]1C1=CC=C(N(=O)=O)C=C1)=O,0.005674060375895351
CCOC1=CC(O)=C([C@H]2N(CC3=CC=CC=C3)C(=O)C3=C(C=CC=C3)[C@H]2C(O)=O)C=C1,0.004514754377305507
O=C([C@@H](NC(C1OC=CC=1)=O)CC1=CC=CC=C1)NNC(C1C2=C(C=CC=C2)C(=O)NN=1)=O,0.003061337996041402
COC1=CC=C(N2CCN(C([C@H](C(C)C)NC(C3=CC=C(F)C=C3)=O)=O)CC2)C=C1,0.006682036817073822
CC[C@@H]([C@@H](C(NNC(COC1=C(C)C=C(Cl)C=C1)=O)=O)NC(N)=O)C,0.0026156364590860905
O=C([C@H]1N(C(C2SC=CC=2)=O)CCC1)NCCSCC1OC=CC=1,0.005393932340666652
C[C@@H](C(OCC1OC(C2=C(Br)C=CC=C2)=NN=1)=O)NC(COC1=CC=CC=C1)=O,0.00688810353167355
C[C@@H](C(OCC(NC1=CC(C(F)(F)F)=C(Cl)C=C1)=O)=O)NC(C1=CC=CC=C1)=O,0.005078830011188984
CC([C@@H](C(OCC(NC(NCC1OC=CC=1)=O)=O)=O)N1C(=O)C2=C(C=CC=C2)C1=O)C,0.004125776118598878
CC([C@@H](C(NC1=CC2=C(OCO2)C=C1)=O)NS(C1=CC2=C(OCCO2)C=C1)(=O)=O)C,0.0061968456953763965
CC1=CC(C)=C(NC(COC([C@H]2N(S(C3=CC=C(Cl)C=C3)(=O)=O)CCC2)=O)=O)C=C1,0.004695105599239469
CC(OC(N1[C@H](C(NC2=CC=C(C#N)C=C2)=O)CCC1)=O)(C)C,0.00459133954718709
CC1C2=C(NC([C@H]([C@@H]2C2=CC3=C(OCCO3)C=C2)NC(C2=CC=CC=C2)=O)=O)N(C2=CC=CC=C2)N=1,0.005611879914067685
COC1=C([C@@H]2C3C(=NN(C4=CC=C(C)C=C4)C=3NC(=O)[C@H]2NC(C2=CC=CC=C2)=O)C)C=C(C)C=C1,0.005945161590352655
CC1C2=C(NC([C@H]([C@@H]2C2=CC=C(C)C=C2)NC(C2=CC=CC=C2)=O)=O)N(C)N=1,0.0073278473224490884
CCOC1=CC=C([C@@H]2C3C(=NN(C)C=3NC(=O)[C@H]2NC(C2=CC=CC=C2)=O)C)C=C1,0.006787803745828569
CC1C2=C(NC([C@H]([C@@H]2C2=CC(F)=CC=C2)NC(C2=CC=CC=C2)=O)=O)N(C)N=1,0.005423256207723171
COC1=C([C@@H]2C3C(=NN(C)C=3NC(=O)[C@H]2NC(C2=CC=CC=C2)=O)C)C=C(C)C=C1,0.006915783183649183
O=C(OCC1=CC=CC=C1)N[C@H](C(NC1=CC=NC=C1)=O)CC1C2=C(C=CC=C2)NC=1,0.0027774344314821066
CCCOC1=C(OC)C=CC([C@@H]2C3C(=NN(C)C=3NC(=O)[C@H]2NC(C2=CC(C)=CC=C2)=O)C)=C1,0.007572787441313266
CC1C2=C(NC([C@H]([C@@H]2C2=CC(Br)=C(F)C=C2)NC(C2=CC(C)=CC=C2)=O)=O)N(C)N=1,0.00664983585011214
COC1=C(OCC(C)C)C=C([C@@H]2C3C(=NN(C)C=3NC(=O)[C@H]2NC(C2=CC(C)=CC=C2)=O)C)C=C1,0.00774044229183346
COC1=C(OC)C(Cl)=CC([C@@H]2C3C(=NN(C)C=3NC(=O)[C@H]2NC(C2=CC(C)=CC=C2)=O)C)=C1,0.006510345358401537
COC1=C([C@@H]2C3C(=NN(C)C=3NC(=O)[C@H]2NC(C2=CC(C)=CC=C2)=O)C)C=C(C)C=C1,0.007183322263881564
CC(C1=CC=C([C@@H]2C3C(=NN(C)C=3NC(=O)[C@H]2NC(C2=CC=C(Cl)C=C2)=O)C)C=C1)C,0.006711721885949373
COC1=C(F)C=C([C@@H]2C3C(=NN(C)C=3NC(=O)[C@H]2NC(C2=CC(C)=CC=C2)=O)C)C=C1,0.0066940680146217344
CC1C2=C(NC([C@H]([C@@H]2C2=CC3=C(OCCCO3)C(Cl)=C2)NC(C2=CC(C)=CC=C2)=O)=O)N(C)N=1,0.006390853482298553
CC1C2=C(NC([C@H]([C@@H]2C2=CC3=C(OCCO3)C(Cl)=C2)NC(C2=CC(C)=CC=C2)=O)=O)N(C)N=1,0.006271729990839958
COC1=C(OC)C=C(C(N[C@@H]2C(=O)NC3=C(C(=NN3C)C)[C@H]2C2=CC=CC=C2)=O)C=C1,0.0070831115590408444
COC1=CC=C([C@@H]2C3C(=NN(C)C=3NC(=O)[C@H]2NC(C2=CC(OC)=C(OC)C=C2)=O)C)C=C1,0.007413348788395524
COC1=C(OC)C=C(C(N[C@@H]2C(=O)NC3=C(C(=NN3C)C)[C@H]2C2=CC=C(C(F)(F)F)C=C2)=O)C=C1,0.005842886201571673
COC1=C(OC)C=C(C(N[C@@H]2C(=O)NC3=C(C(=NN3C)C)[C@H]2C2=CC=C(Cl)C=C2)=O)C=C1,0.006314602680504322
COC1=C(OC)C=C(C(N[C@@H]2C(=O)NC3=C(C(=NN3C)C)[C@H]2C2=CC3=C(OCCO3)C=C2)=O)C=C1,0.00747609690297395
COC1=C(OC)C=C(C(N[C@@H]2C(=O)NC3=C(C(=NN3C)C)[C@H]2C2=CC=C(F)C=C2)=O)C=C1,0.0066021280363202095
COC1=C(OC)C=C([C@@H]2C3C(=NN(C)C=3NC(=O)[C@H]2NC(C2=CC(OC)=C(OC)C=C2)=O)C)C=C1,0.007848052331246436
COC1=C(OC)C=C(C(N[C@@H]2C(=O)NC3=C(C(=NN3C)C)[C@H]2C2=CC(Cl)=CC=C2)=O)C=C1,0.006233021593652665
CCOC1=C(OC)C=C([C@@H]2C3C(=NN(C)C=3NC(=O)[C@H]2NC(C2=CC(OC)=C(OC)C=C2)=O)C)C=C1,0.007805219269357622
COC1=C(OC)C=C(C(N[C@@H]2C(=O)NC3=C(C(=NN3C)C)[C@H]2C2=CC=C(C(C)C)C=C2)=O)C=C1,0.007832828490063549
COC1=C(OC)C=C(C(N[C@@H]2C(=O)NC3=C(C(=NN3C)C)[C@H]2C2=CC=C(C)C=C2)=O)C=C1,0.0073509136447682975
COC1=C(OC)C=C(C(N[C@@H]2C(=O)NC3=C(C(=NN3C)C)[C@H]2C2=CC(C(F)(F)F)=CC=C2)=O)C=C1,0.005733634228818119
COC1=C(OC)C=C(C(N[C@@H]2C(=O)NC3=C(C(=NN3C)C)[C@H]2C2=CC(F)=CC=C2)=O)C=C1,0.006613085302524269
COC1=C(OC)C=C(C(N[C@@H]2C(=O)NC3=C(C(=NN3C)C)[C@H]2C2=CC(C)=CC=C2)=O)C=C1,0.00725406645797193
CCOC1=C(OC)C=CC([C@@H]2C3C(=NN(C)C=3NC(=O)[C@H]2NC(C2=CC(OC)=C(OC)C=C2)=O)C)=C1,0.007811900181695819
CCCOC1=CC=C([C@@H]2C3C(=NN(C)C=3NC(=O)[C@H]2NC(C2=CC(OC)=C(OC)C=C2)=O)C)C=C1,0.007572047761641443
CC1C2=C(NC([C@H]([C@@H]2C2=CC=CC=C2)NC(C2=CC=C(Cl)C=C2)=O)=O)N(C)N=1,0.0061588322627358135
COC1=CC=C([C@@H]2C3C(=NN(C)C=3NC(=O)[C@H]2NC(C2=CC=C(Cl)C=C2)=O)C)C=C1,0.005982315167784691
CC1C2=C(NC([C@H]([C@@H]2C2=CC=C(C(F)(F)F)C=C2)NC(C2=CC=C(Cl)C=C2)=O)=O)N(C)N=1,0.004769215371925384
CC1C2=C(NC([C@H]([C@@H]2C2=CC=C(Cl)C=C2)NC(C2=CC=C(Cl)C=C2)=O)=O)N(C)N=1,0.006355807383079082
CC1C2=C(NC([C@H]([C@@H]2C2=CC=C(F)C=C2)NC(C2=CC=C(Cl)C=C2)=O)=O)N(C)N=1,0.005229022342246026
CC1C2=C(NC([C@H]([C@@H]2C2=CC(Br)=CC=C2)NC(C2=CC=C(Cl)C=C2)=O)=O)N(C)N=1,0.006802408793009818
COC1=C(OC)C(OC)=CC(C(N[C@@H]2C(=O)NC3=C(C(=NN3C)C)[C@H]2C2=CC=C(C)C=C2)=O)=C1,0.0077404840616509315
COC1=C(OC)C(OC)=CC(C(N[C@@H]2C(=O)NC3=C(C(=NN3C)C)[C@H]2C2=CC(F)=CC=C2)=O)=C1,0.0074564836686477065
COC1=CC([C@@H]2C3C(=NN(C)C=3NC(=O)[C@H]2NC(C2=CC=C(Cl)C=C2)=O)C)=CC=C1,0.005879311263561249
CSC1=CC=C([C@@H]2C3C(=NN(C)C=3NC(=O)[C@H]2NC(C2=CC=C(Cl)C=C2)=O)C)C=C1,0.005386754800565541
CC1C2=C(NC([C@H]([C@@H]2C2=CC(C(F)(F)F)=CC=C2)NC(C2=CC=C(Cl)C=C2)=O)=O)N(C)N=1,0.004724505275953561
CC1C2=C(NC([C@H]([C@@H]2C2=CC=C(C3=CC=CC=C3)C=C2)NC(C2=CC=C(Cl)C=C2)=O)=O)N(C)N=1,0.006096618343144655
CCC1=CC=C([C@@H]2C3C(=NN(C)C=3NC(=O)[C@H]2NC(C2=CC=C(Cl)C=C2)=O)C)C=C1,0.006638864963315427
COC(C1=CC=C([C@@H]2C3C(=NN(C)C=3NC(=O)[C@H]2NC(C2=CC=C(Cl)C=C2)=O)C)C=C1)=O,0.005438961170148105
CCOC1=C(OC)C=CC([C@@H]2C3C(=NN(C)C=3NC(=O)[C@H]2NC(C2=CC=C(Cl)C=C2)=O)C)=C1,0.0062882197089493275
COC1=C(OC(C)C)C=CC([C@@H]2C3C(=NN(C)C=3NC(=O)[C@H]2NC(C2=CC=C(Cl)C=C2)=O)C)=C1,0.007214770605787635
CCCOC1=C(OC)C=C([C@@H]2C3C(=NN(C)C=3NC(=O)[C@H]2NC(C2=CC=C(Cl)C=C2)=O)C)C=C1,0.006445745541714132
CCCOC1=CC=C([C@@H]2C3C(=NN(C)C=3NC(=O)[C@H]2NC(C2=CC=C(Cl)C=C2)=O)C)C=C1,0.006286168284714222
CC1C2=C(NC([C@H]([C@@H]2C2=CC(Br)=C(F)C=C2)NC(C2=CC=C(Cl)C=C2)=O)=O)N(C)N=1,0.005923755606636405
COC1=CC=C([C@@H]2C3C(=NN(C)C=3NC(=O)[C@H]2NC(C2=CC(OC)=C(OC)C(OC)=C2)=O)C)C=C1,0.007696448406204581
COC1=C(OC)C(OC)=CC(C(N[C@@H]2C(=O)NC3=C(C(=NN3C)C)[C@H]2C2=CC=C(Cl)C=C2)=O)=C1,0.006586637301370502
CCCOC1=CC=C([C@@H]2C3C(=NN(C4=CC=CC=C4)C=3NC(=O)[C@H]2NC(C2=CC=CC=C2)=O)C)C=C1,0.005959179578348994
COC1=C(OC)C=C([C@@H]2C3C(=NN(C4=CC=CC=C4)C=3NC(=O)[C@H]2NC(C2=CC(C)=CC=C2)=O)C)C=C1,0.005847322125919163
CC1C2=C(NC([C@H]([C@@H]2C2=CC=C(C)C=C2)NC(C2=CC(C)=CC=C2)=O)=O)N(C2=CC=CC=C2)N=1,0.006474910862743854
COC1=C(F)C=C([C@@H]2C3C(=NN(C4=CC=CC=C4)C=3NC(=O)[C@H]2NC(C2=CC(C)=CC=C2)=O)C)C=C1,0.005901704914867878
CC1C2=C(NC([C@H]([C@@H]2C2=CC(Cl)=C(Cl)C=C2)NC(C2=CC=CC=C2)=O)=O)N(C)N=1,0.0064425689168274404
COC1=C(F)C=C([C@@H]2C3C(=NN(C)C=3NC(=O)[C@H]2NC(C2=CC=C(Cl)C=C2)=O)C)C=C1,0.00629386322107166
CC1C2=C(NC([C@H]([C@@H]2C2=CC(C)=CC=C2)NC(C2=CC=C(Cl)C=C2)=O)=O)N(C)N=1,0.006404902692884207
COC1=C(OC)C(OC)=CC(C(N[C@@H]2C(=O)NC3=C(C(=NN3C)C)[C@H]2C2=CC=C(C(C)C)C=C2)=O)=C1,0.008105865656398236
COC1=CC([C@@H]2C3C(=NN(C)C=3NC(=O)[C@H]2NC(C2=CC(OC)=C(OC)C=C2)=O)C)=CC(OC)=C1,0.0075018427334725855
CC1C2=C(NC([C@H]([C@@H]2C2=CC=C(Cl)C=C2)NC(C2=CC=CC=C2)=O)=O)N(C)N=1,0.006169806595426053
CCOC1=C(OC)C=C([C@@H]2C3C(=NN(C)C=3NC(=O)[C@H]2NC(C2=CC=CC=C2)=O)C)C=C1,0.007238636049441994
CC1C2=C(NC([C@H]([C@@H]2C2=CC=C(C#N)C=C2)NC(C2=CC=C(Cl)C=C2)=O)=O)N(C2=CC=CC=C2)N=1,0.004026347165927291
CC1C2=C(NC([C@H]([C@@H]2C2=CC=C(Br)C=C2)NC(C2=CC=CC=C2)=O)=O)N(C)N=1,0.007703281892463565
CSC1=CC=C([C@@H]2C3C(=NN(C)C=3NC(=O)[C@H]2NC(C2=CC=CC=C2)=O)C)C=C1,0.006067345454357565
CCCOC1=C(OCC)C=C([C@@H]2C3C(=NN(C)C=3NC(=O)[C@H]2NC(C2=CC=CC=C2)=O)C)C=C1,0.0075677076121792195
COC1=C(Br)C=C([C@@H]2C3C(=NN(C)C=3NC(=O)[C@H]2NC(C2=CC=CC=C2)=O)C)C=C1,0.007302598957903683
CCCOC1=C(OC)C=C([C@@H]2C3C(=NN(C)C=3NC(=O)[C@H]2NC(C2=CC=CC=C2)=O)C)C=C1,0.007452872861176729
CCOC1=C(OCC(C)C)C=CC([C@@H]2C3C(=NN(C)C=3NC(=O)[C@H]2NC(C2=CC=CC=C2)=O)C)=C1,0.0077619710704311725
CCCOC1=CC=C([C@@H]2C3C(=NN(C)C=3NC(=O)[C@H]2NC(C2=CC=CC=C2)=O)C)C=C1,0.007126283785328269
CCOC1=C(OC)C=C([C@@H]2C3C(=NN(C)C=3NC(=O)[C@H]2NC(C2=CC=CC=C2)=O)C)C=C1Cl,0.006397004937753081
CC1C2=C(NC([C@H]([C@@H]2C2=CC(Br)=C(F)C=C2)NC(C2=CC=CC=C2)=O)=O)N(C)N=1,0.006417493312619626
CCOC1=C(OCC#C)C=CC([C@@H]2C3C(=NN(C)C=3NC(=O)[C@H]2NC(C2=CC=CC=C2)=O)C)=C1,0.005484616477042436
COC1=C(OCC(C)C)C=C([C@@H]2C3C(=NN(C)C=3NC(=O)[C@H]2NC(C2=CC=CC=C2)=O)C)C=C1,0.00767063598614186
COC1=C(OC)C(Cl)=CC([C@@H]2C3C(=NN(C)C=3NC(=O)[C@H]2NC(C2=CC=CC=C2)=O)C)=C1,0.006416919594630599
CCCOC1=C(OC)C=C([C@@H]2C3C(=NN(C)C=3NC(=O)[C@H]2NC(C2=CC=CC=C2)=O)C)C=C1Cl,0.006541796238161623
COC1=C(OC(C)C)C(Cl)=CC([C@@H]2C3C(=NN(C)C=3NC(=O)[C@H]2NC(C2=CC=CC=C2)=O)C)=C1,0.007181661925278604
CC1C2=C(NC([C@H]([C@@H]2C2=CC3=C(OCCCO3)C(Cl)=C2)NC(C2=CC=CC=C2)=O)=O)N(C)N=1,0.0062575788702815775
CC1C2=C(NC([C@H]([C@@H]2C2=CC3=C(OCCO3)C(Cl)=C2)NC(C2=CC=CC=C2)=O)=O)N(C)N=1,0.00612606736831367
CC1C2=C(NC([C@H]([C@@H]2C2=CC=C(Br)C=C2)NC(C2=CC(C)=CC=C2)=O)=O)N(C)N=1,0.007968645170331001
CC1C2=C(NC([C@H]([C@@H]2C2=CC=C(Cl)C=C2)NC(C2=CC(C)=CC=C2)=O)=O)N(C)N=1,0.006405640975572169
CC1C2=C(NC([C@H]([C@@H]2C2=CC=C(F)C=C2)NC(C2=CC(C)=CC=C2)=O)=O)N(C)N=1,0.0058957873377949
COC1=C(OC)C=C([C@@H]2C3C(=NN(C)C=3NC(=O)[C@H]2NC(C2=CC(C)=CC=C2)=O)C)C=C1,0.007402180810458958
CC(C1=CC=C([C@@H]2C3C(=NN(C)C=3NC(=O)[C@H]2NC(C2=CC(C)=CC=C2)=O)C)C=C1)C,0.007728289975784719
CC1C2=C(NC([C@H]([C@@H]2C2=CC=C(C)C=C2)NC(C2=CC(C)=CC=C2)=O)=O)N(C)N=1,0.0077569193439558145
CC1C2=C(NC([C@H]([C@@H]2C2=CC(F)=CC=C2)NC(C2=CC(C)=CC=C2)=O)=O)N(C)N=1,0.005742073617875576
Cl.CC1C2=C(NC([C@H]([C@@H]2C2=CC(F)=CC=C2)NC(C2=CC(C)=CC=C2)=O)=O)N(C)N=1,0.005715531576424837
CC1C2=C(NC([C@H]([C@@H]2C2=CC=C(C3=CC=CC=C3)C=C2)NC(C2=CC(C)=CC=C2)=O)=O)N(C)N=1,0.007205779105424881
CCC1=CC=C([C@@H]2C3C(=NN(C)C=3NC(=O)[C@H]2NC(C2=CC(C)=CC=C2)=O)C)C=C1,0.007803185004740953
CC1C2=C(NC([C@H]([C@@H]2C2=CC(Br)=CC=C2)NC(C2=CC(C)=CC=C2)=O)=O)N(C)N=1,0.007906416361220182
CC1C2=C(NC([C@H]([C@@H]2C2=CC(Cl)=C(Cl)C=C2)NC(C2=CC(C)=CC=C2)=O)=O)N(C)N=1,0.006671559507958591
CSC1=CC=C([C@@H]2C3C(=NN(C)C=3NC(=O)[C@H]2NC(C2=CC(C)=CC=C2)=O)C)C=C1,0.006303798826411367
CCOC1=C(OC)C=CC([C@@H]2C3C(=NN(C)C=3NC(=O)[C@H]2NC(C2=CC(C)=CC=C2)=O)C)=C1,0.007382004242390394
CCCOC1=C(OCC)C=C([C@@H]2C3C(=NN(C)C=3NC(=O)[C@H]2NC(C2=CC(C)=CC=C2)=O)C)C=C1,0.007683755946345627
COC1=C(Br)C=C([C@@H]2C3C(=NN(C)C=3NC(=O)[C@H]2NC(C2=CC(C)=CC=C2)=O)C)C=C1,0.007475612405687571
CCOC1=C(OCC(C)C)C=CC([C@@H]2C3C(=NN(C)C=3NC(=O)[C@H]2NC(C2=CC(C)=CC=C2)=O)C)=C1,0.00785707908216864
COC1=CC([C@@H]2C3C(=NN(C)C=3NC(=O)[C@H]2NC(C2=CC(C)=CC=C2)=O)C)=CC(OC)=C1,0.006916383095085621
CCOC1=C(OC)C(Cl)=CC([C@@H]2C3C(=NN(C)C=3NC(=O)[C@H]2NC(C2=CC(C)=CC=C2)=O)C)=C1,0.006480537448078394
CC([C@@H](C1NC2=C(C=CC=C2)N=1)NC1=C2C(SC3=C2CCC3)=NC=N1)C,0.005328118347097188
CC[C@@H]([C@@H](C(OCC(NC1=CC=C(Br)C=C1)=O)=O)NC(N)=O)C,0.005887755355797708
CC1C2=C(NC([C@H]([C@@H]2C2=CC(F)=C(F)C=C2)NC(C2=CC(C)=CC=C2)=O)=O)N(C2=CC=CC=C2)N=1,0.0053200482623651625
CC1C2=C(NC([C@H]([C@@H]2C2=CC=C(C(C)(C)C)C=C2)NC(C2=CC(C)=CC=C2)=O)=O)N(C)N=1,0.008902374329045415
CC1C2=C(NC([C@H]([C@@H]2C2=CC=C(Br)C=C2)NC(C2=CC=C(Cl)C=C2)=O)=O)N(C)N=1,0.006947078672237694
CC1C2=C(NC([C@H]([C@@H]2C2=CC(F)=CC=C2)NC(C2=CC=C(Cl)C=C2)=O)=O)N(C)N=1,0.00517111262306571
CC1C2=C(NC([C@H]([C@@H]2C2=CC=C(C(C)(C)C)C=C2)NC(C2=CC=C(Cl)C=C2)=O)=O)N(C)N=1,0.007607967290095985
CSCC[C@@H](C1NC2=C(C=CC=C2)N=1)NC(C1OC(C)=CC=1)=O,0.0036872085649520157
CC([C@@H](C(OCC(NC(CN1C(=O)CCC1)=O)=O)=O)NS(C1=CC(Cl)=CC=C1)(=O)=O)C,0.002293297415599227
C[C@@H](C1NC2=C(C=CC=C2)N=1)NC(CC1=C2C(C=CC=C2)=CC=C1)=O,0.0035328891943208875
CC1C2=C(NC([C@H]([C@@H]2C2=CC=C(OCC3=CC=CC=C3)C=C2)NC(C2=CC=CC=C2)=O)=O)N(C)N=1,0.006786916055716574
CCOC1=CC=C([C@@H]2C3C(=NN(C)C=3NC(=O)[C@H]2NC(C2=CC(OC)=C(OC)C(OC)=C2)=O)C)C=C1,0.007679555378854275
CCSC1SC(NC([C@H]2N(S(C3=CC4=C(OCCO4)C=C3)(=O)=O)CCC2)=O)=NN=1,0.004558999324217439
CCSC1SC(NC([C@H]2N(S(C3=CC=C(F)C=C3)(=O)=O)CCC2)=O)=NN=1,0.004154989426024258
CCSC1SC(NC([C@H]2N(S(C3=CC=C(OC)C=C3)(=O)=O)CCC2)=O)=NN=1,0.004516842123121023
CCC1SC(NC([C@H]2N(S(C3=CC=C(F)C=C3)(=O)=O)CCC2)=O)=NN=1,0.003537435329053551
COC1=C(F)C=C(CC(N[C@H](C2NC3=C(C=CC=C3)N=2)CC2=CC=CC=C2)=O)C=C1,0.0036559774656780065
COC1=C(OC)C=C(CC(N[C@H](C2NC3=C(C=CC=C3)N=2)CC2=CC=CC=C2)=O)C(Br)=C1,0.004698426648974419
CC(NC1=CC=C(CC(N[C@H](C2NC3=C(C=CC=C3)N=2)CC2=CC=CC=C2)=O)C=C1)=O,0.0031868204358033838
CCSC1SC(NC([C@H]2N(S(C3=C(C)ON=C3C)(=O)=O)CCC2)=O)=NN=1,0.004724314832128584
CCC1SC(NC([C@H]2N(S(C3=C(C)ON=C3C)(=O)=O)CCC2)=O)=NN=1,0.004723140341229737
C[C@@H](C1NC2=C(C=CC=C2)N=1)NC(CC1=C(Cl)C=C(Cl)C=C1)=O,0.0027973370160907507
C[C@@H](C1NC2=C(C=CC=C2)N=1)NC(CC1=CC(C(F)(F)F)=CC=C1)=O,0.0017122797115007415
COC1=CC([C@@H]2C3C(=NN(C)C=3NC(=O)[C@H]2NC(C2=CC(C)=CC=C2)=O)C)=CC=C1,0.006947845593094826
CCOC1=CC=C([C@@H]2C3C(=NN(C)C=3NC(=O)[C@H]2NC(C2=CC(C)=CC=C2)=O)C)C=C1,0.00703095078933984
CC1C2=C(NC([C@H]([C@@H]2C2=CC(F)=C(F)C=C2)NC(C2=CC(C)=CC=C2)=O)=O)N(C)N=1,0.005930672772228718
COC1=C(OC)C=C(C(N[C@@H]2C(=O)NC3=C(C(=NN3C)C)[C@H]2C2=CC(Cl)=C(Cl)C=C2)=O)C=C1,0.00664301763754338
COC1=CC([C@@H]2C3C(=NN(C)C=3NC(=O)[C@H]2NC(C2=CC(OC)=C(OC)C=C2)=O)C)=CC=C1,0.00730423335917294
CCC1=CC=C([C@@H]2C3C(=NN(C)C=3NC(=O)[C@H]2NC(C2=CC(OC)=C(OC)C=C2)=O)C)C=C1,0.007515849266201258
COC1=C(F)C=C([C@@H]2C3C(=NN(C)C=3NC(=O)[C@H]2NC(C2=CC(OC)=C(OC)C=C2)=O)C)C=C1,0.007676691631786525
CC1C2=C(NC([C@H]([C@@H]2C2=CC3=C(OCCO3)C=C2)NC(C2=CC=C(Cl)C=C2)=O)=O)N(C)N=1,0.006046509346924722
CC1C2=C(NC([C@H]([C@@H]2C2=CC(Cl)=CC=C2)NC(C2=CC=C(Cl)C=C2)=O)=O)N(C)N=1,0.0061673578922636805
CCOC1=C(OC)C=C([C@@H]2C3C(=NN(C)C=3NC(=O)[C@H]2NC(C2=CC=C(Cl)C=C2)=O)C)C=C1,0.006280064373277128
CC1C2=C(NC([C@H]([C@@H]2C2=CC=C(C)C=C2)NC(C2=CC=C(Cl)C=C2)=O)=O)N(C)N=1,0.006538032810203731
FC(C1=C(S(N2[C@H](C(NC3SC(C4=CC=CC=C4)=NN=3)=O)CCC2)(=O)=O)C=CC=C1)(F)F,0.0028408209793269633
FC1=CC=C(S(N2[C@H](C(NC3SC(CC4=CC=CC=C4)=NN=3)=O)CCC2)(=O)=O)C=C1,0.004033037927001715
CSCC1OC(C(N[C@H](C2NC3=C(C=CC=C3)N=2)CC2=CC=CC=C2)=O)=CC=1,0.004115174047183245
O=C(C1OC(CS(C2=CC=CC=C2)(=O)=O)=CC=1)N[C@H](C1NC2=C(C=CC=C2)N=1)CC1=CC=CC=C1,0.0035903276409953834
CC(C1=CC=CC=C1)(C(N[C@H](C1NC2=C(C=CC=C2)N=1)CC1=CC=CC=C1)=O)C,0.004684440465644002
BrC1OC(C(N[C@H](C2NC3=C(C=CC=C3)N=2)CC2=CC=CC=C2)=O)=CC=1,0.004520428611431271
CCOC1=CC=C(C(N[C@H](C(NCC2N3C(C(=CC(C(F)(F)F)=C3)Cl)=NN=2)=O)C(C)C)=O)C=C1,0.004598907893523574
COC1=CC=C(S(N2[C@H](C(NC3SC(CC4=CC=CC=C4)=NN=3)=O)CCC2)(=O)=O)C=C1,0.004413280938751996
CC(N1CCC(C2=CC=CC=C2)(C(N[C@H](C2NC3=C(C=CC=C3)N=2)CC2=CC=CC=C2)=O)CC1)=O,0.003386407578364015
CC1C(COC2=CC=C(CC(N[C@H](C3NC4=C(C=CC=C4)N=3)CC3=CC=CC=C3)=O)C=C2)=C(C)ON=1,0.004500343382824212
O=N(C1OC(C(N[C@H](C2NC3=C(C=CC=C3)N=2)CC2=CC=CC=C2)=O)=CC=1)=O,0.0029956445563584567
CCOC1=CC=C(C(N[C@H](C(NC(C2=CC=C(F)C=C2)C2N(C)C=CN=2)=O)C(C)C)=O)C=C1,0.0055283224675804375
CCOC1=C(C(N[C@H](C(NC(C2=CC=C(F)C=C2)C2N(C)C=CN=2)=O)C(C)C)=O)C=CC=C1,0.005736851156689227
COC1=CC(C(N[C@H](C(NCCCCOC2=CC=C(Cl)C=C2)=O)C(C)C)=O)=CC(OC)=C1,0.007340461085550487
O=C(C1OC=CC=1)N[C@H](C(OCC1N=CSC=1)=O)CC1=CC=CC=C1,0.006672527221962809
CC([C@@H](C(NC1C2=C(C=CC=C2)SCC1)=O)NC(C1=C(Br)C=CC=C1)=O)C,0.009117679577320814
COC1=CC2=C(C=C([C@@H](C(N[C@H](C3NC4=C(C=CC=C4)N=3)CCSC)=O)C)C=C2)C=C1,0.004337648826185614
CSCC[C@@H](C1NC2=C(C=CC=C2)N=1)NC(C1OC(C2=C(N(=O)=O)C=CC=C2)=CC=1)=O,0.002766236587194726
CCCCCC1SC(NC([C@H]2N(S(C3=C(F)C=CC=C3)(=O)=O)CCC2)=O)=NN=1,0.004193692398257553
CC1C2=C(NC([C@H]([C@@H]2C2=CC=C(F)C=C2)NC(C2=CC(C)=CC=C2)=O)=O)N(C2=CC=CC=C2)N=1,0.0052261783741414545
COC1=C(CC(N[C@H](C2NC3=C(C=CC=C3)N=2)CCSC)=O)C=C(C(C)=O)C=C1,0.004892886220477522
CSCC[C@@H](C1NC2=C(C=CC=C2)N=1)NC(C1OC(C2=CC=C(F)C=C2)=CC=1)=O,0.003303230891469866
CC(C(C1=CC2=C(OCCCO2)C=C1)NC([C@@H](NC1=C(N(=O)=O)C=C(C(F)(F)F)C=C1)C)=O)C,0.005251127469819039
CCOC1=C(OC)C(Cl)=CC([C@@H]2C3C(=NN(C)C=3NC(=O)[C@H]2NC(C2=CC=CC=C2)=O)C)=C1,0.006379125872626901
CC1C2=C(NC([C@H]([C@@H]2C2=CC=CC=C2)NC(C2=CC(C)=CC=C2)=O)=O)N(C)N=1,0.00724064651876688
COC1=C(OC)C=C(C(N[C@@H]2C(=O)NC3=C(C(=NN3C)C)[C@H]2C2=CC(F)=C(F)C=C2)=O)C=C1,0.006849030102603138
COC1=C(OC)C=C([C@@H]2C3C(=NN(C)C=3NC(=O)[C@H]2NC(C2=CC=C(Cl)C=C2)=O)C)C=C1,0.006311082188040018
CCOC1=CC=C([C@@H]2C3C(=NN(C)C=3NC(=O)[C@H]2NC(C2=CC=C(Cl)C=C2)=O)C)C=C1,0.00601937675382942
COC1=C(OC)C(OC)=CC(C(N[C@@H]2C(=O)NC3=C(C(=NN3C)C)[C@H]2C2=CC(F)=C(F)C=C2)=O)=C1,0.007232663850300014
C[C@@H](C1NC2=C(C=CC=C2)N=1)NC(CC1=CC=C(F)C=C1)=O,0.002276964279008098
CCC(C1=CC=CC=C1)C(N[C@H](C1NC2=C(C=CC=C2)N=1)C)=O,0.003773215424735099
O=C([C@H]1N(S(C2=CC3=C(OCCO3)C=C2)(=O)=O)CCC1)NC1SC(C2=CC=CC=C2)=NN=1,0.0041011384571902456
CC1C2=C(NC([C@H]([C@@H]2C2=CC=C(C#N)C=C2)NC(C2=CC(C)=CC=C2)=O)=O)N(C2=CC=CC=C2)N=1,0.004653871105983853
CC1C2=C(NC([C@H]([C@@H]2C2=CC(C(F)(F)F)=CC=C2)NC(C2=CC=CC=C2)=O)=O)N(C)N=1,0.00505499318242073
C[C@@H](C1NC2=C(C=CC=C2)N=1)NC(C(C1=CC=CC=C1)SC1=CC=CC=C1)=O,0.0034482126706279815
FC1=CC=C(S(N2[C@H](C(NC3SC(C4=CC=CC=C4)=NN=3)=O)CCC2)(=O)=O)C=C1,0.0035619338625110684
COC1=C(OC)C=C([C@@H]2C3C(=NN(C)C=3NC(=O)[C@H]2NC(C2=CC=CC=C2)=O)C)C=C1,0.007242342620156705
CC1C2=C(NC([C@H]([C@@H]2C2=CC=C(C3=CC=CC=C3)C=C2)NC(C2=CC=CC=C2)=O)=O)N(C)N=1,0.007021700241602957
CC1C2=C(NC([C@H]([C@@H]2C2=CC=C(OCC3=CC=C(C)C=C3)C=C2)NC(C2=CC=CC=C2)=O)=O)N(C)N=1,0.006894818437285721
COC1=CC=C(C(N[C@H](C(NC2=C(N3N=CN=C3)C=CC(C(F)(F)F)=C2)=O)C(C)C)=O)C=C1,0.00468973406823352
CC1=CC=C(S(N2[C@H](C(NC3SC(SCC=C)=NN=3)=O)CCC2)(=O)=O)C=C1,0.004561477608513087
CC1C(S(N2[C@H](C(NC3SC(CC4=CC=CC=C4)=NN=3)=O)CCC2)(=O)=O)=C(C)ON=1,0.005151622369885445
CC1C2=C(NC([C@H]([C@@H]2C2=CC=C(C(F)(F)F)C=C2)NC(C2=CC=CC=C2)=O)=O)N(C)N=1,0.005119119072332978
O=C(N[C@H](C1NC2=C(C=CC=C2)N=1)CC1=CC=CC=C1)CC1=CC=C(N2C(=O)CCC2)C=C1,0.0034708727151155474
COC1=C([C@@H]2C3C(=NN(C)C=3NC(=O)[C@H]2NC(C2=CC(OC)=C(OC)C(OC)=C2)=O)C)C=C(C)C=C1,0.007681007869541645
CC(C(C1=CC=C(Cl)C=C1)C(N[C@H](C1NC2=C(C=CC=C2)N=1)C)=O)C,0.004283580230548978
CC([C@@H](C(OCC1OC(C2=CC=CC=C2)=NN=1)=O)NS(C1=CC(C(F)(F)F)=CC=C1)(=O)=O)C,0.0039018631563521923
CSCC[C@@H](C1NC2=C(C=CC=C2)N=1)NC(CC1=CC2=C(OCCO2)C=C1)=O,0.003964761248789727
C[C@@H](C1NC2=C(C=CC=C2)N=1)NC(C(C1=CC=CC=C1)(CC1SC2=C(C=CC=C2)N=1)C)=O,0.004061181272845715
CC1C2=C(NC([C@H]([C@@H]2C2=CC(F)=C(F)C=C2)NC(C2=CC=C(Cl)C=C2)=O)=O)N(C2=CC=CC=C2)N=1,0.004727252502925694
COC1=C(OC)C=C(CC(N[C@H](C2NC3=C(C=CC=C3)N=2)C)=O)C(Br)=C1,0.004674483230337501
O=C(N1CC2=C(C=CC=C2)CC1)[C@H]1N(C2C3=C(C=CC=C3)S(=O)(=O)N=2)CCC1,0.005186380166560411
CC([C@@H](C(OC(C(N1C2=C(C=CC=C2)CC1C)=O)C)=O)NC(C1=C(F)C=CC=C1F)=O)C,0.009596892399713397
CSCC[C@@H](C1NC2=C(C=CC=C2)N=1)NC(C1OC(CS(C2=CC=CC=C2)(=O)=O)=CC=1)=O,0.003214078489691019
CSCC[C@@H](C1NC2=C(C=CC=C2)N=1)NC(CC1=CC=C(N2C(=O)CCC2)C=C1)=O,0.0033537064213305713
FC1=CC=C(S(N2[C@H](C(NC3SC(SCC4SC=CC=4)=NN=3)=O)CCC2)(=O)=O)C=C1,0.0040995404939167205
FC1=C(Cl)C=C(NC([C@H]2N(S(C3=C(F)C=CC=C3)(=O)=O)CCC2)=O)C=C1,0.003964658523909747
FC1=C(S(N2[C@H](C(NC3SC=CN=3)=O)CCC2)(=O)=O)C=CC=C1,0.0032484390889294446
FC1=CC(NC([C@H]2N(S(C3=C(F)C=CC=C3)(=O)=O)CCC2)=O)=C(F)C=C1,0.00412598616676405
CSCC[C@@H](C1NC2=C(C=CC=C2)N=1)NC(CC1=CC=C(OC(F)F)C=C1)=O,0.002149915002519265
CC([C@@H](C(OCC1NC(=O)C2=C(C=CS2)N=1)=O)NC(C1=C(Br)C=CC=C1)=O)C,0.004522401699796319
CC([C@@H](C1NC2=C(C=CC=C2)N=1)NC(C(C1=CC=CC=C1)(C)C)=O)C,0.005026776646263898
CC([C@@H](C(N(CC1SC=CC=1)C)=O)NC(C1=CC=C(F)C=C1)=O)C,0.006345522310584784
CC([C@@H](C1NC2=C(C=CC=C2)N=1)NC(C1OC(C2=CC=C(C(C)=O)C=C2)=CC=1)=O)C,0.006396838161163032
CSCC[C@@H](C1NC2=C(C=CC=C2)N=1)NC(C1OC(N(=O)=O)=CC=1)=O,0.0023976242635399105
C[C@@H](C1NC2=C(C=CC=C2)N=1)NC(C1OC(COC2=CC=C(F)C=C2)=CC=1)=O,0.0030956196191255004
COC1=CC=C(S(N2[C@H](C(NC3SC(C4=CC=CC=C4)=NN=3)=O)CCC2)(=O)=O)C=C1,0.004091388615779579
CC(N[C@H](C(OCC(NC1OC(C2=CC=CC=C2)=NN=1)=O)=O)CC1C2=C(C=CC=C2)NC=1)=O,0.0034043898922391236
CC([C@@H](C(NC1=CC(C#N)=CC=C1)=O)NC(C1=CC=C(F)C=C1)=O)C,0.004916942026466131
CC([C@@H](C(NC1SC=CN=1)=O)NC(C1=C(Br)C=CC=C1)=O)C,0.0067187407286837695
COC1=CC2=C(C=C([C@@H](C(NCC3N(C)C4=C(C=CC=C4)N=3)=O)C)C=C2)C=C1,0.006801123893819749
OC([C@@H]1[C@H]2C[C@H](C3=CC=CC=C3)[C@H](O2)[C@@H]1C(O)=O)=O,0.007969478733141466
COC1=CC=C(C=CC(N[C@H](C(OCC2=C(C(F)(F)F)C=CC=C2)=O)C(C)C)=O)C=C1,0.007411687960848212
CCCN1C(C)=C(C=C(C(N[C@H](C2NC3=C(C=CC=C3)N=2)CCSC)=O)C#N)C=C1C,0.003664597263559699
COC1=CC=C(C(N[C@H](C(N(CC2=CC=C(N3CCCCC3)C=C2)C)=O)C(C)C)=O)C=C1,0.008928741118870676
O=C(C1OC(COC2=CC=CC=C2)=CC=1)N[C@H](C1NC2=C(C=CC=C2)N=1)CC1=CC=CC=C1,0.004168362636119127
CCOC1=C(OCC#C)C=CC([C@@H]2C3C(=NN(C)C=3NC(=O)[C@H]2NC(C2=CC=C(Cl)C=C2)=O)C)=C1,0.004777011927217245
COC1=C([C@@H]2C3C(=NN(C)C=3NC(=O)[C@H]2NC(C2=CC=C(Cl)C=C2)=O)C)C=C(C)C=C1,0.006211188691668213
CSCC[C@@H](C1NC2=C(C=CC=C2)N=1)NC(CC1=CC=C(S(N2CCCCC2)(=O)=O)C=C1)=O,0.0025588160147890448
CC([C@@H](C(NCCCCOC1=CC=C(Cl)C=C1)=O)NC(C1=C(Br)C=CC=C1)=O)C,0.008303674636408687
C[C@@H](C1NC2=C(C=CC=C2)N=1)NC(C1OC(N(=O)=O)=CC=1)=O,0.0023424465325661004
CCCOC1=C(OC)C=CC([C@@H]2C3C(=NN(C)C=3NC(=O)[C@H]2NC(C2=CC=C(Cl)C=C2)=O)C)=C1,0.006437454582192003
CC1C2=C(NC([C@H]([C@@H]2C2=CC3=C(OCCO3)C(Cl)=C2)NC(C2=CC=C(Cl)C=C2)=O)=O)N(C)N=1,0.006301720184274018
CSCC[C@@H](C1NC2=C(C=CC=C2)N=1)NC(C1OC(C2SC3=C(C=CC=C3)N=2)=CC=1)=O,0.0038611108670011164
C[C@@H](C(OCC(C1=C(C)N(CC(F)(F)F)C(C)=C1)=O)=O)N1C(=O)C2C(CCCC2)C1=O,0.00635183221893385
C[C@@H](C1NC2=C(C=CC=C2)N=1)NC(C1(C2=CC=C(Cl)C=C2)CC1)=O,0.0036715360358357428
CC1C(S(N2[C@H](C(NC3SC(C4=CC=CC=C4)=NN=3)=O)CCC2)(=O)=O)=C(C)ON=1,0.004635326657444238
C[C@@H](C1NC2=C(C=CC=C2)N=1)NC(C1(C2=C(F)C=CC=C2)CCCC1)=O,0.0034835228463634847
COC1=C(CC(N[C@H](C2NC3=C(C=CC=C3)N=2)CC2=CC=CC=C2)=O)C=C(C(C)=O)C=C1,0.004926449188496917
FC1=C(S(N[C@H](C(OCC2OC(C3=CC=CC=C3)=CN=2)=O)CC2=CC=CC=C2)(=O)=O)C=CC=C1,0.0037620294140651824
CC([C@@H](C(OCC(C1=C(C)N(C)C(C)=C1)=O)=O)NC1=C(Cl)C=C(C(F)(F)F)C=C1)C,0.00868432316929102
CCOC1=C(C(N[C@H](C(OC(C(NC2=CC(C#N)=CC=C2)=O)C)=O)C(C)C)=O)C=CC=C1,0.007433440606109798
C[C@@H](C(OCC(N1N=C(C2=CC=CC=C2)CC1)=O)=O)NS(C1=CC=C(F)C=C1)(=O)=O,0.0042760550742968915
CSCC[C@@H](C1NC2=C(C=CC=C2)N=1)NC(C1OC(C2=C(Cl)C=CC=C2)=CC=1)=O,0.0036875420133583247
CCSC1SC(NC([C@H]2N(S(C3=C(C(F)(F)F)C=CC=C3)(=O)=O)CCC2)=O)=NN=1,0.0030742816743440926
C[C@@H](C1NC2=C(C=CC=C2)N=1)NC(CC1=CC=C(C2=CC=CC=C2)C=C1)=O,0.003976450802292674
COC1=CC2=C(C=C([C@@H](C(NCC3NC4=C(C=CC=C4)N=3)=O)C)C=C2)C=C1,0.003869571618270129
CC1=CC=C(S(N2[C@H](C(NC3=C(N4N=CN=C4)C=CC(C(F)(F)F)=C3)=O)CCC2)(=O)=O)C=C1,0.003089975274633616
COC1=CC=C(C=CC(N[C@H](C(OCC(NC2=C(Cl)N=CC=C2)=O)=O)C)=O)C=C1,0.005835386854596436
CC1=C(CCC(N[C@H](C2NC3=C(C=CC=C3)N=2)CC2=CC=CC=C2)=O)C(C)=C(C#N)C(=O)N1,0.0025784475088585167
C[C@@H](C(NC1=C(N2N=CN=C2)C=CC(C(F)(F)F)=C1)=O)N1C(=O)C2=C(C=C(C(=C2)Cl)Cl)C1=O,0.002202734857564792
COC1=CC=C(CC(N[C@H](C2NC3=C(C=CC=C3)N=2)C)=O)C=C1,0.003501236386364326
CC1C(S(N2[C@H](C(NC3SC(SCC4=CC=C(F)C=C4)=NN=3)=O)CCC2)(=O)=O)=C(C)ON=1,0.005175203969702125
COC1=C(CC(N[C@H](C2NC3=C(C=CC=C3)N=2)CC2=CC=CC=C2)=O)C=C(Cl)C=C1,0.0034152841020841152
FC1=C(F)C=C(NC([C@H]2N(S(C3=C(F)C=CC=C3)(=O)=O)CCC2)=O)C=C1,0.0044817689573392275
COC1=CC=C(S(N2[C@H](C(NC3SC(C(C)C)=NN=3)=O)CCC2)(=O)=O)C=C1,0.004384377668611705
CC1=CC=C(S(N2[C@H](C(N3CCN(CC4SC5=C(C=CC=C5)N=4)CC3)=O)CCC2)(=O)=O)C=C1,0.005024785536807031
CC1=CC=C(S(N2[C@H](C(NC3=CC=C(C4N5C(CCCCC5)=NN=4)C=C3)=O)CCC2)(=O)=O)C=C1,0.004300122545100748
CN1C2=C(C=CC=C2)N=C1CNC([C@@H](N1C(=O)C2=C(C=CC=C2)C1=O)CC1=CC=CC=C1)=O,0.0031109038507565858
CC(OC(N1[C@H](C(OCC2N=C3N(C=C(C=C3)Br)C(=O)C=2)=O)CCC1)=O)(C)C,0.00824165171943605
CC([C@@H](C(OCC(C(C#N)=C1N(C)C2=C(C=CC=C2)S1)=O)=O)NC(OCC1=CC=CC=C1)=O)C,0.007263161893934012
O=C([C@H]1N(C2C3=C(C=CC=C3)S(=O)(=O)N=2)CCC1)NC1=CC2=C(OCCCO2)C=C1,0.004126992530655116
COC1=CC=C(CN2CCN(C([C@@H](NC(C3SC=CC=3)=O)CC3=CC=CC=C3)=O)CC2)C=C1,0.0057271603029221295
CC1=CC2=C(N=C(C3=CC=C(NC([C@H]4N(C(C5SC=CC=5)=O)CCC4)=O)C=C3)S2)C=C1,0.005519646452739835
CC([C@@H](C(OCC1NC(=O)C2=C(C=CS2)N=1)=O)NC(C1=C(Cl)C=C(Cl)C=C1)=O)C,0.004064023622777313
FC1=CC(F)=C(NC([C@H]2N(S(C3=C(F)C=CC=C3)(=O)=O)CCC2)=O)C=C1,0.004029205231927335
CCOC1=CC=C(C(N[C@H](C(NC2=C(C(N)=O)NC=N2)=O)C(C)C)=O)C=C1,0.003984467789996416
CCOC(C1=CC=CC=C1)(C1=CC=CC=C1)C(N[C@H](C1NC2=C(C=CC=C2)N=1)CC1=CC=CC=C1)=O,0.005261183774564415
CC([C@@H](C1NC2=C(C=CC=C2)N=1)NC(CC1=CC=C(OC(F)F)C=C1)=O)C,0.002397316397400573
FC1=C(S(N2[C@H](C(OCC3NC(=O)C4=C(SC5=C4CCC5)N=3)=O)CCC2)(=O)=O)C=CC=C1,0.00334858811693266
COC1=C(OC)C=C(CC(N[C@H](C2NC3=C(C=CC=C3)N=2)CCSC)=O)C(Br)=C1,0.004766888299491257
C[C@@H](C(OCC1OC(C2SC3=C(CCCC3)C=2)=NN=1)=O)N1C(=O)C2=C(C=CC=C2N(=O)=O)C1=O,0.0038700549048371613
COC1=CC=C(C(N[C@H](C(NC2=CC3=C(NC(C(C)(C)C)=N3)C=C2)=O)C(C)C)=O)C=C1,0.004026366875041276
CC([C@@H](C(N1CC(C2N3C(C=CC(C(F)(F)F)=C3)=NN=2)CCC1)=O)NC(C1=CC=C(F)C=C1)=O)C,0.0039050330640748145
CCOC1=C(C(N[C@H](C(NC2SC(C3CC3)=NN=2)=O)C(C)C)=O)C=CC=C1,0.007386612775735557
CC([C@@H](C(OCC(NC1CCCC1)=O)=O)NC(C1OC=CC=1)=O)C,0.011256055859848856
CC1=CC=C(S(N2[C@H](C(OCCN3C(=O)C4=C(C=CC=C4)C3=O)=O)CCC2)(=O)=O)C=C1,0.0034617452882230284
O=C([C@H]1N(C(C2SC=CC=2)=O)CCC1)NC1=CC=C(N2N=NN=C2)C=C1,0.0035133211058564484
CSCCC(C1N2C(C=CC=C2)=NN=1)NC([C@H](C(C)C)NC(C1=CC=C(F)C=C1)=O)=O,0.005423892964608967
CSCCC(C1N2C(C=CC=C2)=NN=1)NC([C@H](C(C)C)NC(C1=C(Cl)C=C(Cl)C=C1)=O)=O,0.00597401699051261
CC1=C(NC([C@H]2N(C(C3SC=CC=3)=O)CCC2)=O)C=C(S(N2CCCCC2)(=O)=O)C=C1,0.0039034241810441015
COC(C1C(C)=C(C(C(OC([C@@H](N2C(=O)C3C(CC=CC3)C2=O)C)=O)C)=O)NC=1C)=O,0.006024731486104429
CC([C@@H](C(OCC(NC1CC1)=O)=O)NC(C1=C(F)C=CC=C1)=O)C,0.008314775954931974
CC1=C(S(N2CCCCC2)(=O)=O)C=C(NC([C@H]2N(C(C3SC=CC=3)=O)CCC2)=O)C=C1,0.003913591918535531
CC(C(C1C2=C(C=CC=C2)NC=1C)=O)OC([C@H]1N(C(OC(C)(C)C)=O)CCC1)=O,0.00734680809546262
C[C@@H](C(N1CCN(S(C2=CC3=C(OCCCO3)C=C2)(=O)=O)CC1)=O)NC(C1OC=CC=1)=O,0.004999206634238362
COC1=C(NC(C2=CC=C(NC([C@H]3N(C(C4SC=CC=4)=O)CCC3)=O)C=C2)=O)C=CC=C1,0.0061012999387457965
O=C(N1CCN(S(C2=C(C#N)C=CC=C2)(=O)=O)CC1)[C@H]1N(C(C2SC=CC=2)=O)CCC1,0.0037379178451374174
COC1=CC2=C(C=C([C@@H](C(NCC(C3OC=CC=3)N3CCCC3)=O)C)C=C2)C=C1,0.009525632718577981
COC(C1C(C)=C(C(C(OC([C@@H](NC(C2=CC=CC=C2)=O)C)=O)C)=O)NC=1C)=O,0.00968043077737093
O=C(N1CCN(C2=NC=CC=C2)CC1)[C@@H](N1C(=O)C2=C(C=CC=C2)C1=O)CC1=CC=CC=C1,0.00312795729842037
CSCC[C@@H](C1NC2=C(C=CC=C2)N=1)NC(C1(C2=CC(F)=CC=C2)CCCC1)=O,0.004032627388369292
CC1C(S(N2CCN(C([C@H]3N(S(C4=CC=C(C)C=C4)(=O)=O)CCC3)=O)CC2)(=O)=O)=C(C)ON=1,0.0068767481250688435
CCCNC(COC([C@H](C(C)C)NC(C1OC=CC=1)=O)=O)=O,0.00909825968556106
CC([C@@H](C(NC1=CC(C)=C(C)C=C1)=O)NC(C1=C(Cl)C=C(N(=O)=O)C=C1)=O)C,0.005266830557957292
CC([C@@H](C(OCC(NC1=C(Cl)N=CC=C1)=O)=O)NC(OCC1=CC=CC=C1)=O)C,0.005602332018315792
CC([C@@H](C(OCC1N=C2N(C=C(C=C2)Cl)C=1)=O)NC(OCC1=CC=CC=C1)=O)C,0.0043954399414360525
CC([C@@H](C(OCCOC1=CC=C(C)C=C1)=O)NC(CC1=CC=CC=C1)=O)C,0.009149208897724748
CC(COC([C@H]1N(S(C2=CC=C(Cl)C=C2)(=O)=O)CCC1)=O)=O,0.007561565702781081
CC([C@@H](C(NC1=CC2=C(N=C(S2)C)C=C1)=O)NC(C1=C(F)C=CC=C1F)=O)C,0.005339011177420616
CC1=CC(S(N2CCN(C([C@H]3N(C(C4SC=CC=4)=O)CCC3)=O)CC2)(=O)=O)=C(C)C=C1,0.0049275371711701155
CSCCC(C1N2C(C=CC=C2)=NN=1)NC([C@H](C(C)C)NC(C1=CC=C(C)C=C1)=O)=O,0.00721250050701201
CC1SC=C(C2=CC(NC([C@@H](NC(C3SC=CC=3)=O)CC3=CC=CC=C3)=O)=CC=C2)N=1,0.005064890393987298
C[C@@H](C(NNC(C1NN=C(C2=CC=CC=C2)C=1)=O)=O)NC(CC1=C2C(C=CC=C2)=CC=C1)=O,0.002535797673044726
O=C(C1OC=CC=1)N[C@H](C(N1CCN(CC2=CC=NC=C2)CC1)=O)CC1=CC=CC=C1,0.0072000626474618915
CC1=CC(C)=C(NC(CNC([C@H]2N(C(C3SC=CC=3)=O)CCC2)=O)=O)C(C)=C1,0.006303340522572398
COC1=C(NC([C@H]2N(C(C3SC=CC=3)=O)CCC2)=O)C=C(S(N2CCCCC2)(=O)=O)C=C1,0.004062230640556663
CC1CN(S(C2=CC=C(NC([C@H]3N(C(C4SC=CC=4)=O)CCC3)=O)C=C2)(=O)=O)CC(C)C1,0.004084167676046491
C[C@@H](C1NC2=C(C=CC=C2)N=1)NC(C1OC(CS(C2=CC=CC=C2)(=O)=O)=CC=1)=O,0.003391707723494619
O=C([C@H]1N(C(C2SC=CC=2)=O)CCC1)NC1=CC2=C(NC(N2)=O)C=C1,0.0018828593485523016
CC([C@@H](C(N1CCN(CC2SC3=C(C=CC=C3)N=2)CC1)=O)NC(CC1=CC=CC=C1)=O)C,0.006459005642682314
ClC1=CC=C(S(N2[C@H](C(NC3=CC(S(N4CCCC4)(=O)=O)=CC=C3)=O)CCC2)(=O)=O)C=C1,0.005180182785261422
CCOC(C1C(C)=C(C(C(OC([C@H]2N(C(C3SC=CC=3)=O)CCC2)=O)C)=O)NC=1C)=O,0.007408913690596819
CN(S(C1=CC=C(NC([C@@H](N2C(=O)C3=C(C=CC=C3)C2=O)CC2=CC=CC=C2)=O)C=C1)(=O)=O)C,0.0025622928922530265
CC1=CC=C(S(N2[C@H](C(NC3=CC=C(N4CCOCC4)C=C3)=O)CCC2)(=O)=O)C=C1,0.004865713033359498
FC1=C(S(N[C@H](C(NC2=CC=C(N3C(=O)CCC3)C=C2)=O)CC2=CC=CC=C2)(=O)=O)C=CC=C1,0.003967468533664942
CC([C@@H](C(OCC(C1SC(C)=CC=1)=O)=O)NC(C1OC=CC=1)=O)C,0.011424449691548943
CC([C@@H](C(OCC1NC(=O)C2=C(C=CS2)N=1)=O)NC(OCC1=CC=CC=C1)=O)C,0.0036232165759429334
O=C(N1CCN(S(C2=CC3=C(OCCO3)C=C2)(=O)=O)CC1)[C@H]1N(C(C2SC=CC=2)=O)CCC1,0.0044785719364881516
CC([C@@H](C(NC1C2=C(C=CC=C2)S(=O)(=O)CC1)=O)NC(C1=CC=C(Br)C=C1)=O)C,0.007959475019015371
CC(OC(N1[C@H](C(OCC(NC2=C(Cl)C=CC(S(C)(=O)=O)=C2)=O)=O)CCC1)=O)(C)C,0.005968081019818783
C[C@@H](C1NC2=C(C=CC=C2)N=1)NC(C1OC(C)=CC=1)=O,0.003332048607990146
C[C@@H](C1NC2=C(C=CC=C2)N=1)NC(C1OC(C2SC3=C(C=CC=C3)N=2)=CC=1)=O,0.0036982377991080285
CSCC1OC(C(N[C@H](C2NC3=C(C=CC=C3)N=2)C)=O)=CC=1,0.0033495839918032287
C[C@@H](C1NC2=C(C=CC=C2)N=1)NC(CC1=CC=C(NC(C)=O)C=C1)=O,0.002751760114915669
COC1=CC(CC(N[C@H](C2NC3=C(C=CC=C3)N=2)C)=O)=C(OC)C=C1,0.0034790675388649108
COC1=C(CC(N[C@H](C2NC3=C(C=CC=C3)N=2)C)=O)C=C(Cl)C=C1,0.0029949001502245663
CC(N[C@H](C(NC1CCCCCC1)=O)CC1C2=C(C=CC=C2)NC=1)=O,0.006423926469869912
C[C@@H](C(NC1CCCCCC1)=O)NC(C1OC=CC=1)=O,0.011928676953539252
CC([C@@H](C(NCC(F)(F)F)=O)NC(C1OC=CC=1)=O)C,0.005305302681517787
C[C@@H](C1NC2=C(C=CC=C2)N=1)NC(C1=C(C)C=CO1)=O,0.0034284349065274
O=C([C@H]1N(C(C2SC=CC=2)=O)CCC1)NC1=CC=C(S(N2CCOCC2)(=O)=O)C=C1,0.0037365752272307874
COC1=C(S(N2CCCCC2)(=O)=O)C=C(NC([C@H]2N(C(C3SC=CC=3)=O)CCC2)=O)C=C1,0.00399831539252773
CC1=NC(C)=NC(NS(C2=CC=C(NC([C@H]3N(C(C4SC=CC=4)=O)CCC3)=O)C=C2)(=O)=O)=C1,0.003325644670985639
COC1=CC=C(C2=C(C)SC(NC([C@H]3N(C(C4SC=CC=4)=O)CCC3)=O)=N2)C=C1,0.005514381499961018
ClC1SC(S(N2CCN(C([C@H]3N(C(C4SC=CC=4)=O)CCC3)=O)CC2)(=O)=O)=CC=1,0.004534034919925034
O=C([C@H]1N(C(C2SC=CC=2)=O)CCC1)NC1=CC=C(C2N=C3N(C=CS3)C=2)C=C1,0.00417279414832592
COC1=CC=C(S(N2CCN(C([C@H]3N(C(C4SC=CC=4)=O)CCC3)=O)CC2)(=O)=O)C=C1,0.004543798614758998
FC1=C(S(N2CCN(C([C@H]3N(C(C4SC=CC=4)=O)CCC3)=O)CC2)(=O)=O)C=CC=C1,0.003999329172074795
CC1=CC=C(S(N2[C@H](C(N3CCN(CC(NC4=C(C)C(C)=CC=C4)=O)CC3)=O)CCC2)(=O)=O)C=C1,0.004879472940228879
COC1=CC2=C(C=C([C@@H](C(NC3=CC(C(NC4CC4)=O)=CC=C3)=O)C)C=C2)C=C1,0.00701176302973181
COC1=CC2=C(C=C([C@@H](C(NCC3=C(CN4CCCC4)C=CC=C3)=O)C)C=C2)C=C1,0.009698889078572392
CC([C@@H](C(NNC(C1SC2=C(C(=NN2C2=CC=CC=C2)C)C=1)=O)=O)NC(CC1=CC=CC=C1)=O)C,0.003476807998958975
O=C([C@@H](NC(C1SC=CC=1)=O)CC1=CC=CC=C1)NC1=CC(S(N2CCOCC2)(=O)=O)=CC=C1,0.0033650981727987527
FC1=CC(S(N2CCN(C([C@H]3N(C(C4SC=CC=4)=O)CCC3)=O)CC2)(=O)=O)=CC=C1,0.003996378486044705
COC1=C(F)C=C(COC([C@@H](NS(C2=CC=C(NC(C)=O)C=C2)(=O)=O)C)=O)C=C1,0.004447093838825822
C[C@@H](C(OCC1=C(Cl)C=C(Cl)C=C1)=O)NS(C=CC1=CC=CC=C1)(=O)=O,0.004157025413587689
CCN1CCN(C2=CC=C(NC([C@H]3N(S(C4=CC=C(Cl)C=C4)(=O)=O)CCC3)=O)C=C2)CC1,0.004620923101902008
ClC1=CC=C(S(N2[C@H](C(NC3=CC=C(N4N=NN=C4)C=C3)=O)CCC2)(=O)=O)C=C1,0.002837268722942099
O=C([C@H]1N(C(C2SC=CC=2)=O)CCC1)NC1=CC=C(C2SC3=C(C=CC=C3)N=2)C=C1,0.005380223481915891
CCOC(NC(COC([C@H]1N(C(OC(C)(C)C)=O)CCC1)=O)=O)=O,0.003093343914952129
CC1CN(S(C2=CC=C(NC([C@H]3N(C(C4SC=CC=4)=O)CCC3)=O)C=C2)(=O)=O)CCC1,0.004194264160469174
O=C(C=CC1OC=CC=1)N[C@H](C1NC2=C(C=CC=C2)N=1)CC1=CC=CC=C1,0.003956039040349424
CCOC1=C(S(N2CCOCC2)(=O)=O)C=C(NC([C@H]2N(C(C3SC=CC=3)=O)CCC2)=O)C=C1,0.004066671128384769
CCC(NC(COC([C@H](C(C)C)NC(C1OC=CC=1)=O)=O)=O)CC,0.01123658292926848
C[C@@H](C(OCCOC1=CC=C(C)C=C1)=O)N1C(=O)C2C(CC=CC2)C1=O,0.005547370668500662
O=C(N[C@H](C1NC2=C(C=CC=C2)N=1)CC1=CC=CC=C1)CN1C(=O)C2=C(C=CC=C2)C1=O,0.0017723802127875387
ClC1=C(S(N2CCOCC2)(=O)=O)C=C(NC([C@H]2N(C(C3SC=CC=3)=O)CCC2)=O)C=C1,0.003311364259570837
CC(C1=CC=C(S(N2CCN(C([C@H]3N(C(C4SC=CC=4)=O)CCC3)=O)CC2)(=O)=O)C=C1)(C)C,0.00533876046538353
CC1SC=C(C2=CC=C(NC([C@H]3N(S(C4=CC=C(C)C=C4)(=O)=O)CCC3)=O)C=C2)N=1,0.004276862228289246
CS(C1=CC=C(C(N[C@H](C(O)=O)CC2=CC=CC=C2)=O)C=C1)(=O)=O,0.004486765200272203
O=C(C1SC=CC=1)N[C@H](C(N1CCN(CC2=CC=CC=C2)CC1)=O)CC1=CC=CC=C1,0.006433677743189037
O=C(C1OC=CC=1)N[C@H](C(N1CCN(S(C2=C(C#N)C=CC=C2)(=O)=O)CC1)=O)CC1=CC=CC=C1,0.004064767726231366
CC([C@@H](C(NC1CCCCCC1)=O)NC(C1=C(F)C=CC=C1)=O)C,0.009747844887897372
C[C@@H](C(NC1SC=C(C2=CC3=C(OCO3)C=C2)N=1)=O)N1C(=O)C2C(CC=CC2)C1=O,0.0037745069130323827
CC([C@@H](C(NC1=CC(C(NC2=CC(C(F)(F)F)=CC=C2)=O)=CC=C1)=O)NC(C1OC=CC=1)=O)C,0.007371574733406305
CC1C(=O)NC2=C(C=CC(=C2)NC([C@@H](NC(C2=CC=C(F)C=C2)=O)CC2C3=C(C=CC=C3)NC=2)=O)O1,0.003661070636007935
CC1C(S(N2CCN(C([C@@H](NC(C3OC=CC=3)=O)CC3=CC=CC=C3)=O)CC2)(=O)=O)=C(C)ON=1,0.00541567753534764
ClC1=C(NC(CN2CCN(C([C@@H](NC(C3OC=CC=3)=O)CC3=CC=CC=C3)=O)CC2)=O)C=CC=C1,0.005681371211539954
C[C@@H](C(N1CCN(C2=CC=C(F)C=C2)CC1)=O)NS(C1=CC2=C(OCCCO2)C=C1)(=O)=O,0.004403583239763975
COC1=C(N2CCN(C([C@@H](NS(C3=CC4=C(OCCCO4)C=C3)(=O)=O)C)=O)CC2)C=CC=C1,0.004920632508583367
CC([C@@H](C(N1CCN(S(C2=C(C)C=CC(C)=C2)(=O)=O)CC1)=O)NC(C1=CC=C(F)C=C1)=O)C,0.005097039591055364
CC[C@@H]([C@@H](C(O)=O)NC(C1=CC(S(N2CCCCC2)(=O)=O)=C(C)C=C1)=O)C,0.0045382370939478275
CC1=CC=C(S(N2[C@H](C(NC3=CC=C(N4N=NN=C4)C=C3)=O)CCC2)(=O)=O)C=C1,0.0030428238795138897
C[C@@H](C(O)=O)NC(C1=CC=C(S(N2CCCC2)(=O)=O)C=C1)=O,0.0037465285393409433
CC1=CC=C(S(N2CCN(C([C@@H](NC(C3OC=CC=3)=O)CC3=CC=CC=C3)=O)CC2)(=O)=O)C=C1,0.005362242902629077
FC1=CC=C(C2C(CNC([C@H]3N(C(C4SC=CC=4)=O)CCC3)=O)=CN(C3=CC=CC=C3)N=2)C=C1,0.004486879473552108
C[C@@H](C(NCC1SC=CC=1)=O)NC(C1OC=CC=1)=O,0.005917040794156492
COC1=C(OCCNC([C@H]2N(C3C4=C(C=CC=C4)S(=O)(=O)N=3)CCC2)=O)C=CC=C1,0.003955758723895997
FC1=C(S(N2CCN(C([C@@H](NC(C3OC=CC=3)=O)CC3=CC=CC=C3)=O)CC2)(=O)=O)C=CC=C1,0.004615251196082681
CCOC1=CC=C(C(N[C@H](C(NC2=C(C3NC4=C(C=CC=C4)N=3)C=CC=C2)=O)C(C)C)=O)C=C1,0.003586612723302096
CC([C@@H](C(NC1=CC=C(OCC2=CC=CC=C2)C=C1)=O)NC(C1=CC=CC=C1)=O)C,0.00847437335178256
O=C([C@H]1N(C2C3=C(C=CC=C3)S(=O)(=O)N=2)CCC1)NC1=CC(C(NC2CC2)=O)=CC=C1,0.003926902171224355
COC1=CC=C(NS(C2=CC(NC([C@H]3N(C(C4SC=CC=4)=O)CCC3)=O)=CC=C2)(=O)=O)C=C1,0.003719120379537344
C[C@@H](C(NNC(C1=C(Br)C=CC=C1)=O)=O)NC(CC1=C2C(C=CC=C2)=CC=C1)=O,0.004357200616504997
CC1=CC(S(N2CCN(C([C@@H](NC(C3OC=CC=3)=O)CC3=CC=CC=C3)=O)CC2)(=O)=O)=C(C)C=C1,0.005256896151695401
ClC1=C2C(OCCCO2)=CC(CNC([C@H]2N(C3C4=C(C=CC=C4)S(=O)(=O)N=3)CCC2)=O)=C1,0.0038021822227165105
CC([C@@H](C(NC1=CC(Cl)=C(N)C(Cl)=C1)=O)NC(C1=CC=C(C)C=C1)=O)C,0.006428832211531699
CC([C@@H](C(N1CCCC1)=O)NS(C1=CC2=C(OCCO2)C=C1)(=O)=O)C,0.005629071849398315
C[C@@H](C(NNC(COC1=C(C2=CC=CC=C2)C=CC=C1)=O)=O)NC(CC1=C2C(C=CC=C2)=CC=C1)=O,0.004801714594941586
CC([C@@H](C(NC1=CC2=C(OC3(O2)CCCC3)C=C1)=O)NC(C1OC=CC=1)=O)C,0.009123626351356506
CC1=CC=C(S(N2[C@H](C(NC3=CC(S(N4CCOCC4)(=O)=O)=CC=C3)=O)CCC2)(=O)=O)C=C1,0.005000781558919698
COC1=C(OC)C=C(NC([C@@H](NC2=C(N(=O)=O)C=C(C(F)(F)F)C=C2)C)=O)C(C)=C1,0.004215531097725034
C[C@@H](C(NNC(C1=CC=C(COC2=CC=CC=C2)C=C1)=O)=O)NC(CC1=C2C(C=CC=C2)=CC=C1)=O,0.004582356533501297
CCOC(C1C(C)=C(C(C(OC([C@@H](N2C(=O)C3C(CC=CC3)C2=O)C)=O)C)=O)NC=1C)=O,0.006034265854395926
COC1=NC=C(NC([C@@H](NC(C2SC=CC=2)=O)CC2C3=C(C=CC=C3)NC=2)=O)C=C1,0.0032564053195528685
O=C([C@H]1N(C(C2SC=CC=2)=O)CCC1)N/N=C(/C1=CC=CC=C1)\C1=CC=CC=C1,0.0066721404669806365
CC([C@@H](C(O)=O)NC(C1CCN(S(C2=CC=C(Cl)C=C2)(=O)=O)CC1)=O)C,0.004152792261447757
CC[C@@H]([C@@H](C(O)=O)NC(C1=CC=C(S(N2CCCC2)(=O)=O)C=C1)=O)C,0.004509041225537658
CC([C@@H](C(NCC1=C(Cl)C=C(Cl)C=C1)=O)NC(C1=C(F)C=CC=C1)=O)C,0.006588112446479499
CC(N[C@H](C(NC1C2=C(C=CC=C2)CCC1)=O)CC1C2=C(C=CC=C2)NC=1)=O,0.006879809941165149
CCOC1=CC=C(C(N[C@H](C(NC2SC(C3CC3)=NN=2)=O)C(C)C)=O)C=C1,0.007215703115798533
CC(C1=CC=C(S(N2CCN(C([C@H]3N(C(C4SC=CC=4)=O)CCC3)=O)CC2)(=O)=O)C=C1)C,0.00491463397629559
OC([C@@H](NC(C1CCN(S(C2=CC=C(Cl)C=C2)(=O)=O)CC1)=O)CC1C2=C(C=CC=C2)NC=1)=O,0.002495156752411276
OC([C@@H](NC(C1SC2=C(C=C(C=C2)F)C=1)=O)CC1C2=C(C=CC=C2)NC=1)=O,0.002637759881326929
CS(CC1=CC=C(C(N[C@H](C(O)=O)CC2=CC=CC=C2)=O)C=C1)(=O)=O,0.0048616471700370315
CC([C@@H](C(O)=O)NC(C1=CC=C(S(N2CCCC2)(=O)=O)C=C1)=O)C,0.004886401258409024
CC[C@@H]([C@@H](C(O)=O)NC(C1CCN(S(C2=CC=C(Cl)C=C2)(=O)=O)CC1)=O)C,0.003964051371440291
COC1=CC=C(C(N[C@H](C(NC2=CC(C3NC4=C(C=CC=C4)N=3)=CC=C2)=O)C(C)C)=O)C=C1,0.0035166700079571457
O=C(N1CCN(S(C2=CC=C(C#N)C=C2)(=O)=O)CC1)[C@H]1N(C(C2SC=CC=2)=O)CCC1,0.003765030566137284
CC([C@@H](C(N1CCC(C(NC2=CC3=C(OCO3)C=C2)=O)CC1)=O)NC(C1OC=CC=1)=O)C,0.0065907675074413415
CC([C@@H](C(O)=O)NC(C1CCN(S(C2=CC(C(F)(F)F)=C(Cl)C=C2)(=O)=O)CC1)=O)C,0.0036931385577190666
C[C@@H](C(NNC(C1=CC(N(C)C)=CC=C1)=O)=O)NC(CC1=C2C(C=CC=C2)=CC=C1)=O,0.00365123488008976
CC1=CC=C(S(N2[C@H](C(N3CCN(CC4=CC=C(C#N)C=C4)CC3)=O)CCC2)(=O)=O)C=C1,0.005143558338750154
CCOC1=CC=C(C(N[C@H](C(NC2C3=C(C=CC=C3)CCC2)=O)C(C)C)=O)C=C1,0.011663768580183387
CC1C(S(N2[C@H](C(NC3=CC=C(N4CCOCC4)C=C3)=O)CCC2)(=O)=O)=C(C)ON=1,0.005065858853049577
CC1=CC=C(S(N2[C@H](C(OCC3=CC=CC=C3)=O)CCC2)(=O)=O)C=C1,0.006284298980608583
CC([C@@H](C(NC1SC(C2CC2)=NN=1)=O)NC(C1=C(F)C=CC=C1)=O)C,0.006150854448787868
CC([C@@H](C(NC1=C(F)C=CC(F)=C1)=O)NC(C1=C(F)C=CC=C1)=O)C,0.005862475000321865
CC([C@@H](C(O)=O)NC(C1=CC(S(N(C2CCCCC2)C)(=O)=O)=CC=C1)=O)C,0.0066917682066559795
CC1=C(N2CCN(C([C@@H](NC(C3SC=CC=3)=O)CC3C4=C(C=CC=C4)NC=3)=O)CC2)C=CC=C1,0.00368306590244174
O=C([C@@H](NC(C1SC=CC=1)=O)CC1=CC=CC=C1)NC1=CC=C(N2CCCCC2)C=C1,0.006042968411929905
CCOC1=CC=C(C(N[C@H](C(NCC2OC=CC=2)=O)C(C)C)=O)C=C1,0.008700046665035188
COC1=NC=C(NC([C@@H](NC(C2=CC=C(F)C=C2)=O)CC2C3=C(C=CC=C3)NC=2)=O)C=C1,0.003495678771287203
CCOC1=C(C(N[C@H](C(NC2SC(C(C)=O)=C(C3=CC=CC=C3)N=2)=O)C(C)C)=O)C=CC=C1,0.00971148475073278
NC([C@H]1N(CC2=CC3=C(OCCCO3)C(Cl)=C2)CC2=C(C=CC=C2)C1)=O,0.009256035648286342
CC1=C(C)C(NC(CN2CCN(C([C@@H](NC(C3OC=CC=3)=O)CC3=CC=CC=C3)=O)CC2)=O)=CC=C1,0.006483553140424192
CC1C(S(N2[C@H](C(NC3=CC=C(OC4=CC=CC=C4)C=C3)=O)CCC2)(=O)=O)=C(C)ON=1,0.005159685527905822
COC1=CC=C(C2SC3=C(N=CN=C3N3[C@H](C(N)=O)CC4=C(C=CC=C4)C3)C=2)C=C1,0.006108420249074697
ClC1=CC=C(S(N2[C@H](C(NC3=CC=C(N4CCCCC4)C=C3)=O)CCC2)(=O)=O)C=C1,0.004723312600981444
O=C([C@H]1N(C2C3=C(C=CC=C3)S(=O)(=O)N=2)CCC1)NC1SCCN=1,0.0031569517333991824
NC([C@H]1N(CC(N2C(C3OC=CC=3)CC(C3=CC=C(Cl)C=C3)=N2)=O)CC2=C(C=CC=C2)C1)=O,0.0072064708918333055
COC1=CC=C(C2=C(C)SC(NC([C@H]3N(S(C4=C(C)ON=C4C)(=O)=O)CCC3)=O)=N2)C=C1,0.004836296860594303
CCN1C2=C(C=C(S(N3CCOCC3)(=O)=O)C=C2)N=C1CN1[C@H](C(N)=O)CC2=C(C=CC=C2)C1,0.0036672277376055716
C[C@@H](C(NC1=CC=C(N2CCN(CC3=CC=CC=C3)CC2)C=C1)=O)NC(C1=CC=C(Cl)C=C1)=O,0.005635160650126636
CC1C(S(N2[C@H](C(NC3=CC(S(N4CCCCC4)(=O)=O)=CC=C3)=O)CCC2)(=O)=O)=C(C)ON=1,0.005547008384019137
CC([C@@H](C(NC1=CC2=C(OC3(O2)CCCC3)C=C1)=O)NC(N)=O)C,0.005325231701135635
C[C@@H](C(N1CCN(S(C2=CC3=C(OCCO3)C=C2)(=O)=O)CC1)=O)N1C(=O)C2C(CC=CC2)C1=O,0.0039732601842843
NC([C@H]1N(CC(NC2=C(SCC3=CC=CC=C3)C=CC=C2)=O)CC2=C(C=CC=C2)C1)=O,0.007149012037552893
NC([C@H]1N(CC(N(C2CCCCC2)C2CS(=O)(=O)CC2)=O)CC2=C(C=CC=C2)C1)=O,0.008849515998736023
CC1=CC(C)=C(NC([C@H]2N(C(C3SC=CC=3)=O)CCC2)=O)C=C1,0.006224791239947081
CC([C@@H](C(N1CC2SC3=C(C=2CC1)C(N)=NC=N3)=O)NC(C1=C(Cl)C=C(Cl)C=C1)=O)C,0.004011818044818938
COC1=CC=C(C2C(CN3[C@H](C(N)=O)CC4=C(C=CC=C4)C3)=CN(C3=CC=CC=C3)N=2)C=C1,0.007713697268627584
CN1C2=C(C=CC=C2)N=C1CNC([C@H]1N(C2C3=C(C=CC=C3)S(=O)(=O)N=2)CCC1)=O,0.0026123685645870866
C[C@@H](C(N1CCN(CC2=CC=C(C#N)C=C2)CC1)=O)NS(C1=CC2=C(OCCCO2)C=C1)(=O)=O,0.004089903610292822
ClC1=C(C(N[C@H](C(N2CCN(C3=NC=CC=N3)CC2)=O)CC2C3=C(C=CC=C3)NC=2)=O)C=CC=C1,0.0029699912818614395
O=C([C@@H](NC(C1OC=CC=1)=O)CC1=CC=CC=C1)NC1=CC=C(OC2=CC=CC=C2)C=C1,0.006909397896379232
C[C@@H](C(O)=O)NC(C1=CC=C(S(N2CCC(C)CC2)(=O)=O)C=C1)=O,0.004087193391751498
OC([C@H]1N(C(C2=CC=C(S(N3CCCC3)(=O)=O)C=C2)=O)CCC1)=O,0.004798141866922378
O=C(C1OC=CC=1)N[C@H](C(N1CCN(S(C2SC=CC=2)(=O)=O)CC1)=O)CC1=CC=CC=C1,0.004442832805216313
FC1=CC=C(S(N2CCN(C([C@@H](NC(C3OC=CC=3)=O)CC3=CC=CC=C3)=O)CC2)(=O)=O)C=C1,0.00463436011923477
CC1=C(C)C=C(S(N2CCN(C([C@@H](NC(C3OC=CC=3)=O)CC3=CC=CC=C3)=O)CC2)(=O)=O)C=C1,0.005413828929886222
FC1=CC(S(N2CCN(C([C@@H](NC(C3OC=CC=3)=O)CC3=CC=CC=C3)=O)CC2)(=O)=O)=CC=C1,0.0045790877076797186
CC1=C(N2CCN(C([C@H]3N(C4C5=C(C=CC=C5)S(=O)(=O)N=4)CCC3)=O)CC2)C=CC=C1,0.00429741817060858
O=C(N1CCN(S(C2SC=CC=2)(=O)=O)CC1)[C@H]1N(C2C3=C(C=CC=C3)S(=O)(=O)N=2)CCC1,0.003710312431212515
CC1=CC=C(NC([C@@H](NC(C2SC=CC=2)=O)CC2C3=C(C=CC=C3)NC=2)=O)C=C1,0.00389629362616688
CC(C1SC2=C(C=CC=C2)N=1)N(C([C@H]1N(C2C3=C(C=CC=C3)S(=O)(=O)N=2)CCC1)=O)C,0.004673854541033506
O=C(N1CCN(C2=CC=CC=C2)CC1)[C@H]1N(C2C3=C(C=CC=C3)S(=O)(=O)N=2)CCC1,0.004056357499212027
COC1=C(N2CCN(C([C@H]3N(C4C5=C(C=CC=C5)S(=O)(=O)N=4)CCC3)=O)CC2)C=CC=C1,0.0042009444092400375
CC1C(CNC([C@H]2N(S(C3=CC=C(Cl)C=C3)(=O)=O)CCC2)=O)=C(C)N(CC2=CC=CC=C2)N=1,0.00515767241595313
ClC1=C(C(N[C@H](C(N2CCN(C3=CC=CC=C3)CC2)=O)CC2C3=C(C=CC=C3)NC=2)=O)C=CC=C1,0.003636522754095495
O=C([C@H]1N(C2C3=C(C=CC=C3)S(=O)(=O)N=2)CCC1)NC1=CC(S(N2CCCC2)(=O)=O)=CC=C1,0.0037167611648328603
C[C@@H](C(NNC(C1=C(C)N=C(N2CCOCC2)S1)=O)=O)NC(CC1=C2C(C=CC=C2)=CC=C1)=O,0.0030242345703300087
CCOC1=CC=C(NC(C2=C(NC(CN3[C@H](C(N)=O)CC4=C(C=CC=C4)C3)=O)C=CC=C2)=O)C=C1,0.007629874651320279
NC([C@H]1N(CC2NC(=O)C3=C(SC=C3C3=CC=CC=C3)N=2)CC2=C(C=CC=C2)C1)=O,0.0036116927163675427
NC([C@H]1N(CC(N(C2=CC3=C(OCCO3)C=C2)CC2SC=CC=2)=O)CC2=C(C=CC=C2)C1)=O,0.006816827482543886
COC1=CC=C(S(N2CCN(C([C@@H](NC(C3OC=CC=3)=O)CC3=CC=CC=C3)=O)CC2)(=O)=O)C=C1,0.004904316051397473
FC1=C(S(N[C@H](C(NC2=CC=C(N3CCOCC3)C=C2)=O)CC2=CC=CC=C2)(=O)=O)C=CC=C1,0.0036575324833393098
O=C([C@H]1N(C2C3=C(C=CC=C3)S(=O)(=O)N=2)CCC1)NCC1=NC=CC=C1,0.0033277010079473257
CC([C@@H](C(NC1=CC=C(NS(C2=CC3=C(OCCO3)C=C2)(=O)=O)C=C1)=O)NC(C1OC=CC=1)=O)C,0.005626184260472655
O=C([C@H]1N(C2C3=C(C=CC=C3)S(=O)(=O)N=2)CCC1)NC1=CC2=C(CCC2)C=C1,0.004605516034644097
NC([C@H]1N(CC2NC(=O)C3=C(SC=C3C3OC=CC=3)N=2)CC2=C(C=CC=C2)C1)=O,0.003610225080046803
CCC1=CC=C(C2N=C(NC([C@H]3N(C(C4SC=CC=4)=O)CCC3)=O)SC=2)C=C1,0.006110280426219106
O=C([C@H]1N(C(C2SC=CC=2)=O)CCC1)NCCC1C2=C(C=CC=C2)NC=1,0.004142471542581916
COC([C@@H](NC(C1=NC2=C(C=CC=C2)C=C1)=O)CC1=CC=CC=C1)=O,0.006150388694368303
CC1C(=O)NC2=C(C=CC(=C2)NC([C@H]2N(C3C4=C(C=CC=C4)S(=O)(=O)N=3)CCC2)=O)O1,0.003590585454367101
CC1C(S(N2[C@H](C(NC3=CC=C(N4CCCCC4)C=C3)=O)CCC2)(=O)=O)=C(C)ON=1,0.005372082046233117
CC([C@@H](C(N1CCN(CC2=C3C(C=CC=C3)=CC=C2)CC1)=O)NC(C1OC=CC=1)=O)C,0.00884024566039443
FC1=CC=C(C(N[C@H](C(N2CCN(C3=CC=CC=C3)CC2)=O)CC2C3=C(C=CC=C3)NC=2)=O)C=C1,0.0033126962720416487
CC([C@@H](C(NCC1=CC=CC=C1)=O)NC(C1OC=CC=1)=O)C,0.009314794605597854
O=C([C@H]1N(C2C3=C(C=CC=C3)S(=O)(=O)N=2)CCC1)NCCCN1C2=C(C=CC=C2)C=C1,0.0034223936498165132
NC([C@H]1N(CC(N2C(C3SC=CC=3)CC(C3SC=CC=3)=N2)=O)CC2=C(C=CC=C2)C1)=O,0.007296552509069442
O=C(N1CCC(CC2=CC=CC=C2)CC1)[C@H]1N(C2C3=C(C=CC=C3)S(=O)(=O)N=2)CCC1,0.004960652301087975
CC(N1C(=O)C2=C(C=CC=C2)C(C(N[C@H](C(O)=O)CC2=CC=CC=C2)=O)=N1)C,0.006360704684630037
CC([C@@H](C(O)=O)NC(C1C2=C(C=CC=C2)C(=O)N(CC2=CC=CC=C2)N=1)=O)C,0.00693110169377178
CC(N1C(=O)C2=C(C=CC=C2)C(C(N2[C@H](C(O)=O)CCC2)=O)=N1)C,0.006146630481816828
CC[C@@H]([C@@H](C(O)=O)NC(C1CCN(S(C2=CC(C(F)(F)F)=C(Cl)C=C2)(=O)=O)CC1)=O)C,0.003654181014280766
NC([C@H]1N(CC2C(C3=CC=CC=C3)=NN(C3=CC=CC=C3)C=2)CC2=C(C=CC=C2)C1)=O,0.008830708544701337
CN(S(C1=CC(C(N[C@H](C(O)=O)CC2=CC=CC=C2)=O)=CC=C1)(=O)=O)C1CCCCC1,0.005551423993892968
COC1=CC2=C(C=C([C@@H](C(N(CC3=C(N4CCCC4)C=CC=C3)C)=O)C)C=C2)C=C1,0.011229830095544457
O=C(N1CCN(S(C2=CC3=C(CCCC3)C=C2)(=O)=O)CC1)[C@H]1N(C(C2SC=CC=2)=O)CCC1,0.005579849448986351
CC([C@@H](C(NC1=CC=C(N2CCCCCC2)C=C1)=O)NC(C1OC=CC=1)=O)C,0.010822241520509123
CC1=CC=C(S(N2[C@H](C(NC3=CC(C(NC4CC4)=O)=CC=C3)=O)CCC2)(=O)=O)C=C1,0.004960942862089724
CC1C(S(N2[C@H](C(NC3CCCCCC3)=O)CCC2)(=O)=O)=C(C)ON=1,0.008057307242415846
O=C([C@H]1N(C2C3=C(C=CC=C3)S(=O)(=O)N=2)CCC1)NCCC1C2=C(C=CC=C2)NC=1,0.002438879385590553
COC1=NC=C(NC([C@H]2N(C3C4=C(C=CC=C4)S(=O)(=O)N=3)CCC2)=O)C=C1,0.003085621481295675
O=C([C@H]1N(C(C2SC=CC=2)=O)CCC1)NC1=CC=C(C2N3C(CCCCC3)=NN=2)C=C1,0.005926976166665554
CC([C@@H](C(N1CCN(C2=C(Cl)C(=O)N(C3=CC=CC=C3)N=C2)CC1)=O)NC(C1OC=CC=1)=O)C,0.006311987806111574
O=C([C@H]1N(C2C3=C(C=CC=C3)S(=O)(=O)N=2)CCC1)NC1=CC2=C(OC3(O2)CCCC3)C=C1,0.004022205341607332
CCOC1=C(CNC([C@H]2N(C3C4=C(C=CC=C4)S(=O)(=O)N=3)CCC2)=O)C=C2C(CC(O2)C)=C1,0.00416775259654969
CC1SC=C(C2=CC(NC([C@H]3N(C4C5=C(C=CC=C5)S(=O)(=O)N=4)CCC3)=O)=CC=C2)N=1,0.0030234788893721996
CCOC1=C(N2CCN(C([C@H]3N(C4C5=C(C=CC=C5)S(=O)(=O)N=4)CCC3)=O)CC2)C=CC=C1,0.004232950205914676
COC1=CC=C(N2CCN(C([C@H]3N(C4C5=C(C=CC=C5)S(=O)(=O)N=4)CCC3)=O)CC2)C=C1,0.004089881607796997
O=C([C@H]1N(C2C3=C(C=CC=C3)S(=O)(=O)N=2)CCC1)NCC1=CC2=C(OCO2)C=C1,0.0038294060039334
CC1C(C#N)=C(NC(CN2[C@H](C(N)=O)CC3=C(C=CC=C3)C2)=O)N(CC2=CC=CC=C2)C=1C,0.0060529137495905164
CC1SC2=C(C=CC=C2)N(C(CN2[C@H](C(N)=O)CC3=C(C=CC=C3)C2)=O)CC1,0.00894085355103016
ClC1=CC=C(CCNC([C@@H](NC(C2SC=CC=2)=O)CC2C3=C(C=CC=C3)NC=2)=O)C=C1,0.0037534870440140366
CC(N1C2=C(C=C(C=N2)NC([C@H]2N(C3C4=C(C=CC=C4)S(=O)(=O)N=3)CCC2)=O)C=N1)C,0.0030888815177604555
O=C([C@@H](NS(C1=CC2=C(OCCO2)C=C1)(=O)=O)CC1=CC=CC=C1)NC1=CC=C(CC#N)C=C1,0.0030979636940173805
CC1C(S(N2[C@H](C(NC3=CC4=C(CCC4)C=C3)=O)CCC2)(=O)=O)=C(C)ON=1,0.006357224262319505
COC1=CC2=C(C=C([C@@H](C(NN3C(=O)C4(CCC(C)CC4)NC3=O)=O)C)C=C2)C=C1,0.0016017450019717217
NC([C@H]1N(CC(NC2=CC3=C(OC4(O3)CCCCC4)C=C2)=O)CC2=C(C=CC=C2)C1)=O,0.007974192011170089
CCOC1=CC=C(NC([C@H]2N(C(C3SC=CC=3)=O)CCC2)=O)C=C1,0.0055413406109437345
O=C(C1SC=CC=1)N[C@H](C(N1CCN(CC2=CC=NC=C2)CC1)=O)CC1=CC=CC=C1,0.005637008999474347
COC1=C(OC)C=C(CN2CCN(C([C@@H](NC(C3SC=CC=3)=O)CC3=CC=CC=C3)=O)CC2)C=C1,0.005809209425933659
COC([C@H](NC(C1=CC=C(OC)C=C1)=O)CC1C2=C(C=CC=C2)NC=1)=O,0.0041452758247032765
CN(S(C1=CC(C(N2[C@H](C(O)=O)CCC2)=O)=CC=C1)(=O)=O)C1CCCCC1,0.006325397128239274
NC([C@H]1N(C2=C3C(SC=C3C3SC=CC=3)=NC(CN3CCOCC3)=N2)CC2=C(C=CC=C2)C1)=O,0.004931781580671668
COC1=CC=C(C2N(C(CN3[C@H](C(N)=O)CC4=C(C=CC=C4)C3)=O)N=C(C3=CC=CC=C3)C2)C=C1,0.00746619536075741
NC([C@H]1N(CC(NC(C2=CC=C(F)C=C2)C2SC=CC=2)=O)CC2=C(C=CC=C2)C1)=O,0.005994122754782438
COC1=NC=C(NC([C@@H](NC(C2=C(Cl)C=CC=C2)=O)CC2C3=C(C=CC=C3)NC=2)=O)C=C1,0.003493813902605325
O=C([C@H]1N(C2C3=C(C=CC=C3)S(=O)(=O)N=2)CCC1)NC1=CC2=C(NC(N2)=O)C=C1,0.0014285366953117773
CC(C1=CC(NC([C@H]2N(C(C3SC=CC=3)=O)CCC2)=O)=CC=C1)=O,0.0085977949667722
CC([C@@H](C(NC1=CC(C2SC3=C(C=CC=C3)N=2)=CC=C1)=O)NC(C1OC=CC=1)=O)C,0.0068938079290091995
COC1=C(NC(C2=CC=C(NC([C@H]3N(S(C4=CC=C(C)C=C4)(=O)=O)CCC3)=O)C=C2)=O)C=CC=C1,0.004891610273625701
CC([C@@H](C(OC(C1OC(C2=CC=C(N(=O)=O)C=C2)=NN=1)C)=O)NC(C1=C(F)C=CC=C1)=O)C,0.004954741685651243
O=C(C1OC=CC=1)N[C@H](C(N1CCN(CC2=CC=C(C#N)C=C2)CC1)=O)CC1=CC=CC=C1,0.005894481658469885
COC1=CC2=C(C=C([C@@H](C(NN3C(=O)C4(CCCCC4)NC3=O)=O)C)C=C2)C=C1,0.0014722026797244325
CC([C@@H](C(NC1=CC=C(N2CCN(CC3=CC=CC=C3)CC2)C=C1)=O)NC(C1OC=CC=1)=O)C,0.007931869896128773
O=C([C@@H](NC(C1OC=CC=1)=O)CC1=CC=CC=C1)NC1=CC=C(N2C(=O)CCC2)C=C1,0.007381029380485416
O=C(C1OC=CC=1)N[C@H](C(N1CCN(CC=CC2=CC=CC=C2)CC1)=O)CC1=CC=CC=C1,0.008330344804562628
COC1=CC=C(C2=C(OC)C=CC(NC([C@@H](NC(C3OC=CC=3)=O)CC3=CC=CC=C3)=O)=C2)C=C1,0.006522393459454179
COC1=CC=C(C2CC(C3OC=CC=3)N(C(CN3[C@H](C(N)=O)CC4=C(C=CC=C4)C3)=O)N=2)C=C1,0.006996207986958325
O=C([C@@H](NC(C1OC=CC=1)=O)CC1=CC=CC=C1)NC1=CC(N2C(=O)CCC2)=CC=C1,0.0073308749357238415
O=C([C@@H](NC(C1SC=CC=1)=O)CC1=CC=CC=C1)NC1=CC(N2C(=O)CCC2)=CC=C1,0.00564549257978797
O=C([C@@H](NC(C1OC=CC=1)=O)CC1=CC=CC=C1)NC1=CC2=C(NC(N2)=O)C=C1,0.002938464004546404
FC1=CC(Cl)=C(COC(CCCC[C@@H]2S(=O)(=O)C[C@H]3[C@@H]2NC(N3)=O)=O)C=C1,0.003586961471592076
CC1N(CC=C)C(C)=C(C(COC(CCCC[C@@H]2S(=O)(=O)C[C@H]3[C@@H]2NC(N3)=O)=O)=O)C=1,0.004716748619102873
CC([C@@H](C(NCC1SC=CC=1)=O)NC(C1=C(F)C=CC=C1)=O)C,0.005226832046173513
NC([C@H]1N(CC(N2C3=C(C=CC=C3)OCC2C2=CC=CC=C2)=O)CC2=C(C=CC=C2)C1)=O,0.008964598411694169
CC1=C(C)C=C(S(N2[C@H](C(OCC3=C(Cl)C=CC=C3F)=O)CC(O)C2)(=O)=O)C=C1,0.0024698121764231474
ClC1=CC=C(S(N2[C@H](C(NC3=CC(C(NC4CC4)=O)=CC=C3)=O)CCC2)(=O)=O)C=C1,0.004641404037829489
CC1=CC=C(C2C3=C(N=CN=C3N3[C@H](C(N)=O)CC4=C(C=CC=C4)C3)SC=2)C=C1,0.005765069299377501
C[C@@H](C(NC1=CC=C(OCC2=CC=CC=C2)C=C1)=O)NS(C1=CC2=C(OCCCO2)C=C1)(=O)=O,0.005098320893011987
C[C@@H](C(NCC(C1=CC=CC=C1)C1=CC=CC=C1)=O)N1C(=O)C2C(CC=CC2)C1=O,0.006247816258110106
ClC1=CC=C(S(N2[C@H](C(OCC(NC3(C#N)CCCCC3)=O)=O)CCC2)(=O)=O)C=C1,0.003949638314406911
ClC1=CC=C(S(N[C@H](C(NC2=CN=CC=C2)=O)CC2C3=C(C=CC=C3)NC=2)(=O)=O)C=C1,0.0025231638399418445
C[C@@H](C(NC1=CC=C(C2N=C(C)SC=2)C=C1)=O)NS(C1=CC2=C(OCCCO2)C=C1)(=O)=O,0.004263785772491246
CCOC1=C(C(N[C@H](C(N2CC3SC4=C(C=3CC2)C(N)=NC=N4)=O)C(C)C)=O)C=CC=C1,0.00445165642304346
CC([C@@H](C(NC(C1=CC=CC=C1)C)=O)NC(C1=C(F)C=CC=C1)=O)C,0.007436480466276407
COC([C@@H](NC(CC1=CC2=C(CCC2)C=C1)=O)CC1=CC=CC=C1)=O,0.010574768902733922
NC([C@H]1N(CC(N2CCN(CC3=C4C(C=CC=C4)=CC=C3)CC2)=O)CC2=C(C=CC=C2)C1)=O,0.007870602211914957
NC([C@H]1N(CC2NC(=O)C3=C(SC(C4=CC=CC=C4)=C3)N=2)CC2=C(C=CC=C2)C1)=O,0.0037188283167779446
COC1=CC=C(C(N[C@H](C(N2CCN(CC3=CC4=C(OCO4)C=C3)CC2)=O)C(C)C)=O)C=C1,0.008138740179128945
COC([C@H](NC(C1=CC=C(C#N)C=C1)=O)CC1C2=C(C=CC=C2)NC=1)=O,0.00323678232380189
CC1C(S(N2[C@H](C(NC3=CC=C(OC4=CC(C)=CC=C4)C=C3)=O)CCC2)(=O)=O)=C(C)ON=1,0.0052120620384812355
O=C([C@H]1N(C2C3=C(C=CC=C3)S(=O)(=O)N=2)CCC1)NC1=CC2=C(C=CC=C2)C=C1,0.0034315080265514553
FC(C1=CC(Cl)=C(NCCNC([C@H]2N(C(C3SC=CC=3)=O)CCC2)=O)N=C1)(F)F,0.0025842946663033215
O=C([C@@H](NC(C1SC=CC=1)=O)CC1C2=C(C=CC=C2)NC=1)NC1CCCC1,0.004963604733347893
NC([C@H]1N(CC(N(C2=CC=CC=C2)C2CS(=O)(=O)CC2)=O)CC2=C(C=CC=C2)C1)=O,0.006888785446062684
CCC1SC(NC([C@H](C(C)C)NC(C2=C(F)C=CC=C2)=O)=O)=NN=1,0.005564642604440451
CCCN1C2=C(C=C(S(N3CCOCC3)(=O)=O)C=C2)N=C1CN1[C@H](C(N)=O)CC2=C(C=CC=C2)C1,0.003764763509389013
CC1=C(C2OC(CN3[C@H](C(N)=O)CC4=C(C=CC=C4)C3)=NN=2)C(C2=CC=CC=C2)=NO1,0.007683865400031209
NC([C@H]1N(CC(N2CCN(S(C3=CC4=C(CCC4)C=C3)(=O)=O)CC2)=O)CC2=C(C=CC=C2)C1)=O,0.006152732134796679
NC([C@H]1N(CC(N(C2CS(=O)(=O)CC2)CC2=CC=CC=C2)=O)CC2=C(C=CC=C2)C1)=O,0.0074456357164308425
CCOC(C(C(OCC)=O)NC([C@H](C(C)C)NC(C1=C(Cl)C=C(Cl)C=C1)=O)=O)=O,0.009827789152041078
O=C(C1OC=CC=1)N[C@H](C(N1CCN(S(C2=CC=C(C#N)C=C2)(=O)=O)CC1)=O)CC1=CC=CC=C1,0.0041264928760938345
CCC(NC([C@H](C(C)C)NC(C1=C(F)C=CC=C1)=O)=O)CC,0.008287783013656735
NC([C@H]1N(CC(N2C(C3=CC4=C(OCCO4)C=C3)CCC2)=O)CC2=C(C=CC=C2)C1)=O,0.008824037504382432
C[C@@H](C(N1CCC(C(NC2=CC3=C(OCO3)C=C2)=O)CC1)=O)NC1C2=C(C=CC=C2)S(=O)(=O)N=1,0.003043991408776492
CC1=CC=C(C2CC(C3OC=CC=3)N(C(CN3[C@H](C(N)=O)CC4=C(C=CC=C4)C3)=O)N=2)C=C1,0.008344066212885082
CC1C(S(N2[C@H](C(NC(C3=CC=CC=C3)C3=CC=CC=C3)=O)CCC2)(=O)=O)=C(C)ON=1,0.006694561778567731
C[C@@H](C(NC1=CC=C(N2CCN(CC3=CC=CC=C3)CC2)C=C1)=O)NS(C1=CC=CC=C1)(=O)=O,0.004390547447837889
CC(C(C1=CC2=C(OCCCO2)C=C1)NC(CN1[C@H](C(N)=O)CC2=C(C=CC=C2)C1)=O)C,0.009958051377907395
CCC1=C(NC([C@H]2N(C(C3SC=CC=3)=O)CCC2)=O)C=CC=C1,0.006472776504233479
CC([C@@H](C(NC1=CC=C(C(N)=O)C=C1)=O)NC(C1=C(Cl)C=C(Cl)C=C1)=O)C,0.006553224730305373
CC1N(CCNC([C@H]2N(C3C4=C(C=CC=C4)S(=O)(=O)N=3)CCC2)=O)C2=C(C=CC=C2)N=1,0.0026003021048381925
C[C@@H](C(NC1=CC(S(N2CCCCCC2)(=O)=O)=CC=C1)=O)NC1C2=C(C=CC=C2)S(=O)(=O)N=1,0.0035480997525155545
C[C@@H](C(NC1=CC2=C(NC(N2)=O)C=C1)=O)NS(C1=CC2=C(OCCCO2)C=C1)(=O)=O,0.0023215315653942526
C[C@@H](C(NC1=CC=C(N2CCN(CC3=CC=CC=C3)CC2)C=C1)=O)NC(C1=C(Cl)C=CC=C1)=O,0.005682894517667592
COC1=CC2=C(C=C([C@@H](C(NC3=CC4=C(N=C(N5CCOCC5)S4)C=C3)=O)C)C=C2)C=C1,0.007002569641917944
CC(C(NC1=NC=C(Cl)C=C1)=O)OC([C@@H](N1C(=O)C2=C(C=CC=C2)C1=O)CC1=CC=CC=C1)=O,0.0035055301152169703
C[C@@H](C(NC1=CC2=C(OC(C(N2)=O)C)C=C1)=O)NS(C1=CC2=C(OCCCO2)C=C1)(=O)=O,0.005400580656714738
CC1C(C#N)=C(NC(CN2[C@H](C(N)=O)CC3=C(C=CC=C3)C2)=O)N(CC2SC=CC=2)C=1C,0.005125886353198439
O=C(C1SC=CC=1)N[C@H](C(N1CCN(S(C2SC=CC=2)(=O)=O)CC1)=O)CC1=CC=CC=C1,0.004048522422090172
CCOC1=CC=C(NC(C2=CC=C(NC([C@@H](NC(C3OC=CC=3)=O)CC3=CC=CC=C3)=O)C=C2)=O)C=C1,0.007055167621001601
C[C@@H](C(N(CC1=C(N2CCCC2)C=CC=C1)C)=O)NC1C2=C(C=CC=C2)S(=O)(=O)N=1,0.004300725634675473
CC1C(C#N)=C(NC(CN2[C@H](C(N)=O)CC3=C(C=CC=C3)C2)=O)N(CC2OC=CC=2)C=1C,0.006125115929171443
CC1SC2=C(C=CC(=C2)NC([C@H]2N(S(C3=C(C)ON=C3C)(=O)=O)CCC2)=O)N=1,0.004512654873542488
NC([C@H]1N(CC(NC2=CC=C(N3CCCCCC3)C=C2)=O)CC2=C(C=CC=C2)C1)=O,0.008920114673674106
CC([C@@H](C(NC1=CC2=C(N=C(N3CCOCC3)S2)C=C1)=O)NC(C1OC=CC=1)=O)C,0.0065650629810988905
CC1=CC=C(S(N2[C@H](C(NCC3=CC=C(N4C(=O)CCC4)C=C3)=O)CCC2)(=O)=O)C=C1,0.005322710599284619
COC([C@H](NC(C1CCN(C(C2OC=CC=2)=O)CC1)=O)CC1C2=C(C=CC=C2)NC=1)=O,0.004400769795756787
CCOC(CC1N=C(NC([C@H](C(C)C)NS(C2=CC3=C(OCCO3)C=C2)(=O)=O)=O)SC=1)=O,0.00523596229031682
CC1=C(C)C2=C(N=C(C3SC=CC=3)N=C2N2[C@H](C(N)=O)CC3=C(C=CC=C3)C2)S1,0.006786246644333005
O=C([C@@H](NS(C1=CC2=C(OCCO2)C=C1)(=O)=O)CC1=CC=CC=C1)NC1CCCC1,0.005694130016490817
CC([C@@H](C(NCCC1=CC2=C(OCCO2)C(Cl)=C1)=O)NC(C1=C(Cl)C=C(Cl)C=C1)=O)C,0.008346331655047834
CCOC1=C(CNC([C@@H](NC(C2=CC=C(Cl)C=C2)=O)CCC(N)=O)=O)C=C2C(CC(O2)C)=C1,0.007421221188269556
CC1C(C#N)=C(NC(CN2[C@H](C(N)=O)CC3=C(C=CC=C3)C2)=O)N(CC2OCCC2)C=1C,0.005857402470428497
CN(C1=CC=C([C@H]2C3=C(NC(S3)=O)SC3C2C2CC3CC2)C=C1)C,0.007320988946594298
CC[C@@H]([C@@H](C(NCC1=C(CN2CCOCC2)C=CC=C1)=O)NC1C2=C(C=CC=C2)S(=O)(=O)N=1)C,0.0037905386881902812
COC([C@H](NC(CCCN1C(=O)C2=C(C=CC=C2)C1=O)=O)CC1C2=C(C=CC=C2)NC=1)=O,0.0025190722662955523
C[C@@H](C(NCC1=CC=C(N2C(=O)CCC2)C=C1)=O)NC1C2=C(C=CC=C2)S(=O)(=O)N=1,0.0032986693317070604
COC1=CC=C(C(C2C3=C(C=CC=C3)NC=2)CNC(CN2[C@H](C(N)=O)CC3=C(C=CC=C3)C2)=O)C=C1,0.005160964839160442
CC([C@@H](C(NC1=CC2=C(N=C(S2)C)C=C1)=O)NC(C1=CC=CC=C1)=O)C,0.0062031809007748965
CC1SC=C(C2=CC=C(NC([C@H]3N(C4C5=C(C=CC=C5)S(=O)(=O)N=4)CCC3)=O)C=C2)N=1,0.0030737192719243467
CC([C@@H](C(OCC1C2=C(C(=C(C=C2)C)C)OC(=O)C=1)=O)NC(CC1=C2C(C=CC=C2)=CC=C1)=O)C,0.008470748458057642
CC(N[C@H](C(NNC(C1SC(C2=CC=C(F)C=C2)=CC=1)=O)=O)CC1C2=C(C=CC=C2)NC=1)=O,0.0017076452786568552
COC1=CC(C(N[C@H](C(NNC(C(NC2SC3=C(C=CC=C3)N=2)C)=O)=O)C(C)C)=O)=CC(OC)=C1,0.00467713555553928
CC(N[C@H](C(NCC1C(C2=CC=CC=C2)=NN(C2=CC=CC=C2)C=1)=O)CC1C2=C(C=CC=C2)NC=1)=O,0.004590975225437432
COC1=CC(C(N[C@H](C(NNC(C2=C(N)C=C(C3=CC=CC=C3)S2)=O)=O)C(C)C)=O)=CC(OC)=C1,0.0031765571446157994
O=C(C1OC=CC=1)N[C@H](C(N1CCN(CC2N=C3N(C=CS3)C(=O)C=2)CC1)=O)CC1=CC=CC=C1,0.005439669801853597
CC([C@@H](C(N1C2=C(C=C(C=C2)C)C2C1CCN(C2)C)=O)NC(C1=CC=C(C)C=C1)=O)C,0.00932523284573108
COC1=CC=C(CN2CCN(C([C@@H](NC(C3OC=CC=3)=O)CC3=CC=CC=C3)=O)CC2)C=C1,0.0068104641512036325
NC([C@H]1N(CC(NC2=C(C(NC3=CC=CC=C3)=O)C=CC=C2)=O)CC2=C(C=CC=C2)C1)=O,0.008586114901117981
COC1=CC(C(N[C@H](C(NNC(C2SC(C3=CC=C(F)C=C3)=CC=2)=O)=O)C(C)C)=O)=CC(OC)=C1,0.0038285670103505253
C[C@@H](C(NC1=CC=C(N2CCCCCC2)C=C1)=O)NS(C1=C(C)ON=C1C)(=O)=O,0.005843958095647394
CC1=CC=C(S(N2[C@H](C(NCC3=CC=C(C(N4CCCCC4)=O)C=C3)=O)CCC2)(=O)=O)C=C1,0.005256221326999366
COC1=C(OC)C=C(NC([C@@H](NC(C2SC=CC=2)=O)CC2C3=C(C=CC=C3)NC=2)=O)C=C1,0.0037544199149124324
COC1=CC(C(N[C@H](C(N2CCN(CC3=CC=C(Cl)C=C3)CCC2)=O)C(C)C)=O)=CC(OC)=C1,0.007764628971926868
CC([C@@H](C(NCCCC1SC2=C(C=CC=C2)N=1)=O)NS(C1=CC2=C(OCCO2)C=C1)(=O)=O)C,0.0041779899969696995
CC([C@@H](C(N1CCC(C(NC2=CC3=C(OCO3)C=C2)=O)CC1)=O)NC(CC1=CC=CC=C1)=O)C,0.006904830364510417
CC([C@@H](C(NNC(C1=C(N)C=C(C2=CC=CC=C2)S1)=O)=O)NC(C1=CC=C(C)C=C1)=O)C,0.0031374120037071405
ClC1=CC=C(S(N2[C@H](C(NCC3=CC=C(C(N4CCCCC4)=O)C=C3)=O)CCC2)(=O)=O)C=C1,0.004615892097353936
CC1=CC=C(NC(CC2SC=C(CN3[C@H](C(N)=O)CC4=C(C=CC=C4)C3)N=2)=O)C=C1,0.006430896976962685
CC(C1=CC(NC([C@@H](NC(C2SC=CC=2)=O)CC2C3=C(C=CC=C3)NC=2)=O)=CC=C1)=O,0.005247369408607483
COC([C@H](NC(C1=CC2=C(C(N(C2=O)CCC(C)C)=O)C=C1)=O)CC1C2=C(C=CC=C2)NC=1)=O,0.0029868980986066163
ClC1=CC=C(S(N2[C@H](C(NCC3=CC=C(N4C(=O)CCC4)C=C3)=O)CCC2)(=O)=O)C=C1,0.004708932444918901
CC1=C(F)C=C(NC([C@H]2N(S(C3=C(F)C=CC=C3)(=O)=O)CCC2)=O)C=C1,0.0042737184558063745
CC(C1=CC=C(NC([C@H]2N(S(C3=C(F)C=CC=C3)(=O)=O)CCC2)=O)C=C1)(C)C,0.005291159288026393
CN(C1=CC=C([C@H]2C3=C(NC(S3)=O)SC3C2C2C4C(N(C5=CC=C(Cl)C=C5)C(=O)C4C3C2)=O)C=C1)C,0.0023567704949527977
CCC1=C(C)C=C(C(NNC([C@@H](NC(CC2=C3C(C=CC=C3)=CC=C2)=O)C)=O)=O)S1,0.003769598121289164
C[C@@H](C1NC2=C(C=CC=C2)N=1)NC(C1=CC2=C(N=CS2)C=C1)=O,0.0028157880995422603
C[C@@H](C1NC2=C(C=CC=C2)N=1)NC(CCCSC1=CC=C(Cl)C=C1)=O,0.002613118808949366
CC([C@@H](C(NC1=CC=C(C2N=C(N3CCOCC3)SC=2)C=C1)=O)NC(C1=CC=C(C)C=C1)=O)C,0.006022801622748375
COC1=CC=C(S(N2[C@H](C(NC3=C(CC4=CC=CC=C4)C=CC=C3)=O)CCC2)(=O)=O)C=C1,0.005444026528857648
NC([C@H]1N(CC(NC2=C(Cl)C=CC(S(N3CCCC3)(=O)=O)=C2)=O)CC2=C(C=CC=C2)C1)=O,0.004709640168584883
COC(C(C1=CC=C(F)C=C1)N1CCN(C([C@H](C(C)C)NC(C2=CC=C(C)C=C2)=O)=O)CC1)=O,0.006303983577527106
CC([C@@H](C(OCC(NC(C1C2CC(CC2)C1)C)=O)=O)NC(CC1=C2C(C=CC=C2)=CC=C1)=O)C,0.00914635518565774
FC1=CC=C(C(N[C@H](C(NC2=CC(N3C(=O)CCC3)=CC=C2)=O)CC2C3=C(C=CC=C3)NC=2)=O)C=C1,0.00347130837617442
COC([C@@H](NC(C1=CC(NS(C2=CC=CC=C2)(=O)=O)=CC=C1)=O)CC1=CC=CC=C1)=O,0.004826865927316249
C[C@@H](C1NC2=C(C=CC=C2)N=1)NC(CN1C(=O)SC=C1C)=O,0.0023513146210461856
CSCC[C@@H](C1NC2=C(C=CC=C2)N=1)NC(NCCC(OC(C)C)=O)=O,0.0026689999620430173
CC([C@@H](C(N1CCN(S(C2=C(C)C=C(C)C=C2)(=O)=O)CC1)=O)NC(C1=CC=C(F)C=C1)=O)C,0.005120755452662706
C[C@@H](C(OCC1=CC(Cl)=C(Cl)C=C1)=O)NC(C1=CC=CC=C1)=O,0.006399632175453007
C[C@@H](C(NC1=CC2=C(CCC2)C=C1)=O)NS(C1=CC2=C(OCCCO2)C=C1)(=O)=O,0.006500936229713261
ClC1=CC=C(S(N[C@H](C(NC2CCCC2)=O)CC2C3=C(C=CC=C3)NC=2)(=O)=O)C=C1,0.00351262167096138
CCSC1SC(NC([C@H]2N(C3C4=C(C=CC=C4)S(=O)(=O)N=3)CCC2)=O)=NN=1,0.003604923537932336
COC1=C(OC)C=C(CN2CCN(C([C@@H](NC(C3OC=CC=3)=O)CC3=CC=CC=C3)=O)CC2)C=C1,0.006793574662879109
CCN1C2=C(C=C(S(N3CCCCC3)(=O)=O)C=C2)N=C1CN1[C@H](C(N)=O)CC2=C(C=CC=C2)C1,0.0037831363850273194
COC1=CC=C(C2=C(OC)C=CC(NC([C@@H](NC3C4=C(C=CC=C4)S(=O)(=O)N=3)C)=O)=C2)C=C1,0.00348891211906448
CC([C@@H](C(N1CCN(CC2=CC3=C(OCC3)C=C2)CC1)=O)NC(CC1=CC=CC=C1)=O)C,0.008485876233316958
CC([C@@H](C(N1CCN(CC2=CSC=C2)CC1)=O)NC(CC1=C2C(C=CC=C2)=CC=C1)=O)C,0.007541723875328898
CC[C@@H]([C@@H](C(NC1SC2=C(C=CC(=C2)C)N=1)=O)NC(C1=CC=CC=C1)=O)C,0.007401336659677326
CCCCN1C2=C(N(C(NC2=O)=O)CC2=CC=CC=C2)N=C1CN1[C@H](C(N)=O)CC2=C(C=CC=C2)C1,0.0037330658989958463
O=C([C@H]1N(C2C3=C(C=CC=C3)S(=O)(=O)N=2)CCC1)NCCC1SC=CC=1,0.00359917834866792
CC(C1=CC(F)=C(N2CCN(C([C@H]3N(C4C5=C(C=CC=C5)S(=O)(=O)N=4)CCC3)=O)CC2)C=C1)=O,0.00458610625937581
CC1=CC=C(S(N2CCN(C([C@@H](NC(C3SC=CC=3)=O)CC3=CC=CC=C3)=O)CC2)(=O)=O)C=C1,0.003976763656828553
CC1C(S(N2[C@H](C(NCC3=CC=C(OC4=CC=C(F)C=C4)C=C3)=O)CCC2)(=O)=O)=C(C)ON=1,0.005349172046408057
CCN1CCN(C2=CC=C(NC([C@@H](NC(C3SC=CC=3)=O)CC3=CC=CC=C3)=O)C=C2)CC1,0.005690824682824313
C[C@@H](C(NC1=CC2=C(OC3(O2)CCCC3)C=C1)=O)NC(C1OC=CC=1)=O,0.008312188647687435
CC([C@@H](C(NCC1OC=CC=1)=O)NC(C1=C(F)C=CC=C1)=O)C,0.007236481085419655
COC([C@@H](NC(C1OC2=C(C=CC=C2)C=1)=O)CC1=CC=CC=C1)=O,0.007377010653726757
ClC1=C(C(N[C@H](C(NC2=CC=CC=C2)=O)CC2C3=C(C=CC=C3)NC=2)=O)C=CC=C1,0.004034436284564435
CCOC1=CC=C(C(N[C@H](C(NCCCCCC2ON=C(C3SC=CC=3)N=2)=O)C(C)C)=O)C=C1,0.006569840293377638
COC1=C(CN(C([C@@H](NC(C2=CC=C(Cl)C=C2)=O)CCC(N)=O)=O)C)C=C(Br)C=C1,0.008356607798486949
NC([C@H]1N(CC(NC2=CC3=C(OCCCO3)C=C2)=O)CC2=C(C=CC=C2)C1)=O,0.007975769485346973
COC([C@@H](NC(C1C(C2SC=CC=2)=NN(CC2=CC=CC=C2)C=1)=O)CC1=CC=CC=C1)=O,0.006164978933520615
O=C([C@H]1N(C(C2SC=CC=2)=O)CCC1)NCC1=CC=C(N2C(=O)CCC2)C=C1,0.006182764819823205
O=C([C@@H](NC(C1OC=CC=1)=O)CC1=CC=CC=C1)NC1=CC=C(C2=CC=CC=C2)C=C1,0.00820928649045527
CC(NC1=CC=C(NC([C@@H](NC(OCC2=CC=CC=C2)=O)CC2=CC=CC=C2)=O)C=C1)=O,0.004796270478982479
C[C@@H](C1NC2=C(C=CC=C2)N=1)NC(C1CCC1)=O,0.003852546034613624
O=C(C1CCN(C([C@H]2N(C(C3SC=CC=3)=O)CCC2)=O)CC1)NC1=CC2=C(OCO2)C=C1,0.005771374772302806
C[C@@H](C(N1CCN(S(C2=CC=C(F)C=C2)(=O)=O)CCC1)=O)NC1C2=C(C=CC=C2)S(=O)(=O)N=1,0.003419519623275846
COC1=C(F)C=C(CN2CCN(C([C@@H](NC(C3OC=CC=3)=O)CC3=CC=CC=C3)=O)CC2)C=C1,0.005787393217906356
C[C@@H](C(N1CCN(CC2N=C3N(C=CS3)C(=O)C=2)CC1)=O)NC1C2=C(C=CC=C2)S(=O)(=O)N=1,0.0028849780093878506
NC([C@H]1N(CC(N2CCN(S(C3=CC4=C(C=CC=C4)C=C3)(=O)=O)CC2)=O)CC2=C(C=CC=C2)C1)=O,0.004704129602760077
O=C(C1OC=CC=1)N[C@H](C(OCC1=C2C(C=CC=C2)=CC=C1)=O)CC1=CC=CC=C1,0.008620364731177688
C[C@@H](C(NC1=CC=C(N2CCCCCC2)C=C1)=O)NS(C1=CC=C(C(C)=O)C=C1)(=O)=O,0.007927829306572676
COC([C@@H](NC(C1CN(S(C2=CC=C(F)C=C2)(=O)=O)CCC1)=O)CC1=CC=CC=C1)=O,0.004704777873121202
CC([C@@H](C(NC(C1=CC=C(N2N=CN=C2)C=C1)C)=O)NC(C1=CC=C(C(C)(C)C)C=C1)=O)C,0.008357169176451861
CC([C@@H](C(OCC1=C(C)ON=C1C)=O)NC(CC1=CC=CC=C1)=O)C,0.008931527845561504
ClC1=CC=C(S(N2[C@H](C(OCC(C3NC=CC=3)=O)=O)CCC2)(=O)=O)C=C1,0.004853750253096223
O=C([C@@H](NS(C1=CC2=C(OCCO2)C=C1)(=O)=O)CC1=CC=CC=C1)NC1=CC2=C(NC(N2)=O)C=C1,0.001890638831537217
CC([C@@H](C(NC1=C(Cl)C=CC(Cl)=C1)=O)NC(C1=C(F)C=CC=C1)=O)C,0.006519661960192024
CCOC1=CC=C(CN2CCN(C([C@H](C(C)C)NC(C3=CC(OC)=CC(OC)=C3)=O)=O)CC2)C=C1,0.007951074140146374
CC([C@@H](C(NC1=CC=C(SC2N(C)C=CN=2)C=C1)=O)NC(C1=C(Br)C=CC=C1)=O)C,0.006546355457976461
COC1=CC(N2CCN(C([C@@H](NC(C3SC=CC=3)=O)CC3C4=C(C=CC=C4)NC=3)=O)CC2)=CC=C1,0.0031264291028492153
CC1SC=C(C2=CC(NC([C@@H](NC(C3OC=CC=3)=O)CC3=CC=CC=C3)=O)=CC=C2)N=1,0.005957241496071219
COC1=NC=C(CNC([C@H](C(C)C)NC(C2=C(Cl)C=C(Cl)C=C2)=O)=O)C=C1,0.0068252466851845385
COC1=CC(C(N[C@H](C(NCC2=CN=C(OC)C=C2)=O)C(C)C)=O)=CC(OC)=C1,0.0070863703964278105
CC([C@@H](C(NCCCC1NC2=C(C=CC=C2)N=1)=O)NC(C1=C(Cl)C=C(Cl)C=C1)=O)C,0.0032198263681493698
CC([C@@H](C(NNC(CC1=NNC(C)=C1)=O)=O)NS(C1=CC2=C(OCCO2)C=C1)(=O)=O)C,0.0028078150295186787
COC1=CC=C(C(COC([C@H](C(C)C)NS(C2=CC3=C(OCCO3)C=C2)(=O)=O)=O)=O)C=C1,0.009060824918560684
O=C([C@@H](NC(C1SC=CC=1)=O)CC1=CC=CC=C1)NC1=CC=C(N2C(=O)CCC2)C=C1,0.005732603464275598
CC([C@@H](C(OCC(NCCN1C(=O)SCC1=O)=O)=O)NS(C1=CC=C(Cl)C=C1)(=O)=O)C,0.0023361614381428807
FC1=C(OCC(N[C@H](C2NC3=C(C=CC=C3)N=2)CC2=CC=CC=C2)=O)C=CC=C1,0.003683086158707738
O=C(N1CCC(N2C3=C(C=CC=C3)NC2=O)CC1)[C@H]1N(C2C3=C(C=CC=C3)S(=O)(=O)N=2)CCC1,0.0016776658594608307
ClC1=CC=C(S(N2[C@H](C(N3CCC(N4C5=C(C=CC=C5)NC4=O)CC3)=O)CCC2)(=O)=O)C=C1,0.002082446200074628
O=C([C@@H](NC(C1SC=CC=1)=O)CC1C2=C(C=CC=C2)NC=1)NC1=CC=C(N2CCOCC2)C=C1,0.0033518058713525533
C[C@@H](C(NNC(C1=CC=C(C(C)(C)C)C=C1)=O)=O)NC(CC1=C2C(C=CC=C2)=CC=C1)=O,0.004942421603482216
CC([C@@H](C(N1CCC(N2C3=C(C=CC=C3)NC2=O)CC1)=O)NC(C1OC=CC=1)=O)C,0.003769260877743363
CCCCS(N[C@H](C(OCC(NC1=CC=C(N2CCC(C)CC2)C=C1)=O)=O)C)(=O)=O,0.005406568082980812
COC([C@H](NC(C1=CC=C(S(N2CCCCC2)(=O)=O)C=C1)=O)CC1C2=C(C=CC=C2)NC=1)=O,0.003014671301934868
CSCC[C@@H](C1NC2=C(C=CC=C2)N=1)NC(NC(C1=CC(F)=C(F)C=C1)C)=O,0.002619093022076413
CC([C@@H](C(OCC1C2=C(C=C(C(=C2)Cl)C)OC(=O)C=1)=O)NC(CC1=C2C(C=CC=C2)=CC=C1)=O)C,0.006855618907138705
CC(C1=C(Cl)C=C(Cl)C(F)=C1)NC([C@@H](NC(C1=CC=C(Cl)C=C1)=O)CCC(N)=O)=O,0.007191060413606465
ClC1=CC(Cl)=C(COC(CCCC[C@@H]2S(=O)(=O)C[C@H]3[C@@H]2NC(N3)=O)=O)C=C1,0.0038520388523465956
COC1=CC2=C(C=C([C@@H](C(NC3=C(N(=O)=O)C=C4C(OCO4)=C3)=O)C)C=C2)C=C1,0.005825537117198109
NC([C@H]1N(C2=C3C(SC(C4=CC=CC=C4)=C3)=NC=N2)CC2=C(C=CC=C2)C1)=O,0.005488961818628013
CN1CCN(S(C2=CC=C(NC([C@H]3N(C(C4SC=CC=4)=O)CCC3)=O)C=C2)(=O)=O)CC1,0.0036664132494479418
C[C@@H](C(NCCC1=CC=C(Cl)C=C1)=O)NS(C1=CC=C(F)C=C1)(=O)=O,0.0033940306049771605
CC1=C(CN2CCN(C([C@@H](NC(C3SC=CC=3)=O)CC3=CC=CC=C3)=O)CC2)C=CC=C1,0.006667283736169339
C[C@@H](C1NC2=C(C=CC=C2)N=1)NC(CN(S(C1SC=CC=1)(=O)=O)C)=O,0.0018598530616145581
CC([C@@H](C(NC(C1=CC=C(N2N=CN=C2)C=C1)C)=O)NC(CC1=C2C(C=CC=C2)=CC=C1)=O)C,0.007189033622853458
COC1=CC(C(N[C@H](C(NCCC2=CC3=C(OCCO3)C(Cl)=C2)=O)C(C)C)=O)=CC(OC)=C1,0.008854521857574581
NC([C@H]1N(CC(N2C(C3OC=CC=3)CC(C3SC=CC=3)=N2)=O)CC2=C(C=CC=C2)C1)=O,0.006708357762545347
COC(C(C1=C(Cl)C=CC=C1)N1CCN(C([C@@H](N2C(=O)C3C(CC=CC3)C2=O)C)=O)CC1)=O,0.004468158888630569
COC(C(C1=C(Cl)C=CC=C1)N1CCN(C([C@@H](NC(C2=C(Cl)C=CC=C2)=O)C)=O)CC1)=O,0.005735048721544444
O=C([C@H]1N(C2C3=C(C=CC=C3)S(=O)(=O)N=2)CCC1)NCC1=CC=C(N2C(=O)CCC2)C=C1,0.003587617166340351
CC[C@@H]([C@@H](C(N1CCC(N2C3=C(C=CC=C3)NC2=O)CC1)=O)NC1C2=C(C=CC=C2)S(=O)(=O)N=1)C,0.0014476206502877175
CC1C(S(N2[C@H](C(NC3=C(CC4=CC=CC=C4)C=CC=C3)=O)CCC2)(=O)=O)=C(C)ON=1,0.00588008682243526
COC1=C(NC(C2=CC=C(NC([C@@H](NC(C3SC=CC=3)=O)CC3=CC=CC=C3)=O)C=C2)=O)C=CC=C1,0.005893584643490613
COC1=C(O)C=C(NC([C@H]2N(C3C4=C(C=CC=C4)S(=O)(=O)N=3)CCC2)=O)C=C1,0.0022596862516365947
O=C([C@@H](NC(C1OC=CC=1)=O)CC1=CC=CC=C1)NC1=CC(C2N3C(CCCCC3)=NN=2)=CC=C1,0.006173182860948145
COC1=CC(C(N[C@H](C(NCC2=CN=C(N3CCOCC3)C=C2)=O)C(C)C)=O)=CC(OC)=C1,0.006004151236265898
CC([C@@H](C(NC1=CC=C(C2N=C3N(C=CS3)C=2)C=C1)=O)NC(C1OC=CC=1)=O)C,0.005176496831700206
CC([C@@H](C(NC1=CC=C(S(NC2CCCN=2)(=O)=O)C=C1)=O)NC(C1=CC=C(C(C)(C)C)C=C1)=O)C,0.0037052581552416085
O=C(N1CCN(CC=CC2=CC=CC=C2)CC1)[C@H]1N(C(C2SC=CC=2)=O)CCC1,0.008059900114312768
NC(C1CCN(C([C@@H](NS(C2=CC3=C(OCCO3)C=C2)(=O)=O)CC2=CC=CC=C2)=O)CC1)=O,0.004430397099349647
CC([C@@H](C(N1CCN(CC2NC(=O)C3=C(C=CS3)N=2)CC1)=O)NC(C1=CC=C(C)C=C1)=O)C,0.003390287503134459
CC1C(=O)NC2=C(C=CC(=C2)NC([C@@H](NC(C2OC=CC=2)=O)CC2=CC=CC=C2)=O)O1,0.007377867074683309
COC1=CC(C(N[C@H](C(NCC2=CC=C(COCC(F)(F)F)C=C2)=O)C(C)C)=O)=CC(OC)=C1,0.006407434435095638
CC([C@@H](C(N1CCN(S(C2=CC3=C(OCCCO3)C=C2)(=O)=O)CC1)=O)NC(C1OC=CC=1)=O)C,0.005401608627289533
CC1=C(C2=CC=C(C)C=C2)C2=C(N=C(NC2=O)CN2[C@H](C(N)=O)CC3=C(C=CC=C3)C2)S1,0.004022128006909043
COC(C1=CC=C(COC([C@H]2N(S(C3=CC(C)=C(C)C=C3)(=O)=O)CC(O)C2)=O)C=C1)=O,0.003303855611011386
C[C@@H](C(NC1=CC(S(N2CCCC2)(=O)=O)=CC=C1)=O)NC1C2=C(C=CC=C2)S(=O)(=O)N=1,0.003303162078373134
CC([C@@H](C(NCC1=CN=C(N2CCOCC2)C=C1)=O)NC(C1=C(Cl)C=C(Cl)C=C1)=O)C,0.005074683972634375
C[C@@H](C(NCC1SC(S(N2CCCCC2)(=O)=O)=CC=1)=O)NC(C1=C(Cl)C=CC=C1)=O,0.003753211128059775
CC([C@@H](C(NCC1SC(S(N2CCCCC2)(=O)=O)=CC=1)=O)NC(C1=CC=C(C)C=C1)=O)C,0.004666415206156671
CC1=CC=C(S(N2[C@H](C(NC3=CC4=C(OC5(O4)CCCC5)C=C3)=O)CCC2)(=O)=O)C=C1,0.00551820460241288
COC1=CC2=C(C=C([C@@H](C(NCC3SC(S(N4CCCCC4)(=O)=O)=CC=3)=O)C)C=C2)C=C1,0.004173688462469727
CSCC[C@@H](C1NC2=C(C=CC=C2)N=1)NC(NCC1=CC(C(F)(F)F)=CC=C1)=O,0.001845312028308399
COC1=C(F)C=C(CN2CCN(C([C@@H](NC(C3SC=CC=3)=O)CC3=CC=CC=C3)=O)CC2)C=C1,0.004989607189781964
CC1=CC(C)=C(S(N2CCN(C([C@@H](NC(C3OC=CC=3)=O)CC3=CC=CC=C3)=O)CC2)(=O)=O)C=C1,0.005385317164473236
C[C@@H](C(N1CCC(N2C3=C(C=CC=C3)NC2=O)CC1)=O)NC1C2=C(C=CC=C2)S(=O)(=O)N=1,0.001400637553888373
C[C@@H](C(NNC(C1SC2=C(CCC2)C=1)=O)=O)NC(CC1=C2C(C=CC=C2)=CC=C1)=O,0.004321644955780357
C[C@@H](C(OCCOC1=CC=C(C)C=C1)=O)NS(C1=CC=C(F)C=C1)(=O)=O,0.004007794125936925
CC([C@@H](C(NCC1=CC=C(COCC(F)(F)F)C=C1)=O)NC1C2=C(C=CC=C2)S(=O)(=O)N=1)C,0.0031545006611850114
COC1=CC2=C(C=C([C@@H](C(NC3=CC(S(NC4CCCN=4)(=O)=O)=CC=C3)=O)C)C=C2)C=C1,0.0029258248046971857
CC([C@@H](C(NC(C1=CC=NC=C1)C)=O)NC(C1=C(F)C=CC=C1F)=O)C,0.0063764663413167
CC1=C(CCNC([C@@H](NC(C2=CC=C(Cl)C=C2)=O)CCC(N)=O)=O)C(C)=CC(C(C)(C)C)=C1,0.00978404451161623
CC1C(CNC([C@H]2N(C3C4=C(C=CC=C4)S(=O)(=O)N=3)CCC2)=O)=C(C)N(CC2=CC=CC=C2)N=1,0.004149669292382896
CCN(S(C1SC(CNC([C@H](C(C)C)NC(C2=CC=C(C)C=C2)=O)=O)=CC=1)(=O)=O)CC,0.005543455737642944
CCOC1=C(CNC([C@H]2N(C(C3SC=CC=3)=O)CCC2)=O)C=C2C(CC(O2)C)=C1,0.0064667917788028715
CSCC[C@@H](C1NC2=C(C=CC=C2)N=1)NC(NCCCC1=CC=CC=C1)=O,0.0023802966286893936
CSCC[C@@H](C1NC2=C(C=CC=C2)N=1)NC(C1CC=CCC1)=O,0.005109449219889939
CCOC1=C(C(N[C@H](C(NC2N(CC3=CC=C(C(F)(F)F)C=C3)N=CC=2)=O)C(C)C)=O)C=CC=C1,0.005283412011340261
CC([C@@H](C(OCC(N1CCN(C2=CC(Cl)=CC=C2)CC1)=O)=O)NC(CC1=CC=CC=C1)=O)C,0.005955341283697635
FC1=CC=C(C(N[C@H](C(N2CC3C(CCCC3)CC2)=O)CC2C3=C(C=CC=C3)NC=2)=O)C=C1,0.004384398891124875
CC([C@@H](C(N1CCC(C2C3=C(C=CC=C3)NC=2)CC1)=O)NC(C1=C(Cl)C=C(Cl)C=C1)=O)C,0.005137690191622824
FC1=CC=C(C(N[C@H](C(NC2=CC3=C(CCC3)C=C2)=O)CC2C3=C(C=CC=C3)NC=2)=O)C=C1,0.004705249960534274
O=C([C@@H](NC(C1SC=CC=1)=O)CC1C2=C(C=CC=C2)NC=1)NC1=CC=C(C#N)C=C1,0.0028232325683347883
CC([C@@H](C(NCC(C1=C(C)C=CC(C)=C1)C)=O)NC1C2=C(C=CC=C2)S(=O)(=O)N=1)C,0.005302774976007641
CC[C@@H]([C@@H](C(O)=O)NC(C1=CC=C(S(N(C)C)(=O)=O)C=C1)=O)C,0.004163193970452994
FC1=CC=C(C(N[C@H](C(NC2=CC=C(N3C(=O)CCC3)C=C2)=O)CC2C3=C(C=CC=C3)NC=2)=O)C=C1,0.0034450356382876635
CC1=CC=C(S(N2[C@H](C(NN)=O)CC(O)C2)(=O)=O)C=C1,0.0009924234414938836
O=C(NCC1=CC=CC=C1)NCN1C(=O)[C@H]2[C@H]([C@H]3[C@H]4[C@H](O4)[C@@H]2C3)C1=O,0.0014040981975433908
COC([C@@H](NC(C1=C(CSC2SC=C(C)N=2)C2=C(C=CC=C2)O1)=O)C)=O,0.006541584571823478
COC1=CC(C(N[C@H](C(NCC2=C(CN3CCCC3)C=CC=C2)=O)C(C)C)=O)=CC(OC)=C1,0.00857658414170146
CSCC[C@@H](C1NC2=C(C=CC=C2)N=1)NC(CCC1OC(C2=CC=CC=C2)=C(C2=CC=CC=C2)N=1)=O,0.0036328114569187165
CC1N(C)C(C)=C(C(COC([C@H]2N(S(C3=C(F)C=CC=C3)(=O)=O)CCC2)=O)=O)C=1,0.00819269281346351
O=C(N1CCC(N2C3=C(C=CC=C3)NC2=O)CC1)[C@H]1N(C(C2SC=CC=2)=O)CCC1,0.002770751260686666
O=C([C@@H](NC(C1SC=CC=1)=O)CC1=CC=CC=C1)NC1=CC(S(N2CCCC2)(=O)=O)=CC=C1,0.003776971169281751
COC1=C(Cl)C=C(NC([C@@H](NC(C2SC=CC=2)=O)CC2C3=C(C=CC=C3)NC=2)=O)C=C1,0.0033383025438524783
CC1=CC=C(S(N2[C@H](C(NC3=CC(C4N5C(CCCCC5)=NN=4)=CC=C3)=O)CCC2)(=O)=O)C=C1,0.004231480869930237
CC([C@@H](C(N(CC1=C(Cl)C=CC(N(=O)=O)=C1)C)=O)NS(C1=CC2=C(OCCO2)C=C1)(=O)=O)C,0.0037755863973870873
O=C([C@H]1N(C(C2SC=CC=2)=O)CCC1)NCC1=C(CN2CCOCC2)C=CC=C1,0.006588875548914075
COC1=CC=C(CCNC(CSCC(N[C@H](C2NC3=C(C=CC=C3)N=2)C)=O)=O)C=C1,0.0032353391405195
C[C@@H](C(N1CCN(S(C2=CC=C(C)C=C2)(=O)=O)CCC1)=O)NC(C1=CC=CC=C1)=O,0.005293896421790123
COC(C1=CC=C(COC([C@@H](NC(OCC2=CC=CC=C2)=O)CC2=CC=CC=C2)=O)C=C1)=O,0.007979140640236438
C[C@@H](C1NC2=C(C=CC=C2)N=1)NC(C1CCN(S(C2SC=CC=2)(=O)=O)CC1)=O,0.0019136520975735038
CC([C@@H](C(OCC(NC(C1N(C)C=CC=1)=O)=O)=O)NC(OCC1=CC=CC=C1)=O)C,0.0032622727449052036
CC1OC2=C(C=C(C=C2)NC([C@H]2N(C3C4=C(C=CC=C4)S(=O)(=O)N=3)CCC2)=O)N=1,0.0026457269443199037
CC([C@@H](C(OCC(NC1(C#N)CCCC1)=O)=O)NS(C1=CC=C(C)C=C1)(=O)=O)C,0.004277581220003412
CC([C@@H](C(OCC(C1=CC2=C(CCC2)C=C1)=O)=O)NC(C1OC=CC=1)=O)C,0.015869985986500978
COC1=CC2=C(C=C([C@@H](C(NCCC3SC(Br)=CC=3)=O)C)C=C2)C=C1,0.008737651770934463
CC([C@@H](C(OCC1=C(Cl)C=CC=C1F)=O)NC(C1OC=CC=1)=O)C,0.007504927087575197
CC([C@@H](C(OCC(NC(C(C)=O)CC1=CC=CC=C1)=O)=O)N1C(=O)C2=C(C=CC=C2)C1=O)C,0.007489168434403837
CC1C(CNC([C@H]2N(S(C3=CC=C(C)C=C3)(=O)=O)CCC2)=O)=C(C)N(CC2=CC=CC=C2)N=1,0.005931305256672204
CC(C1=CC=C(Br)C=C1)NC(COC([C@@H](NC(C1OC=CC=1)=O)CC1=CC=CC=C1)=O)=O,0.009779428550973534
CC([C@@H](C(OCC(C1=CC2=C(OCCO2)C=C1)=O)=O)NC(CC1=C2C(C=CC=C2)=CC=C1)=O)C,0.01019413573667407
CCOC(N1CCN(C(COC([C@H](C(C)C)NS(C2=CC=C(C)C=C2)(=O)=O)=O)=O)CC1)=O,0.006060720048844814
CC[C@@H]([C@@H](C(NC1=CC(S(N(C)C)(=O)=O)=C(C)C=C1)=O)NC(OCC1=CC=CC=C1)=O)C,0.004384365933947265
CC(N1[C@H](C(N2CCN(S(C3=CC4=C(OCCO4)C=C3)(=O)=O)CC2)=O)CCC1)=O,0.006228340184316039
CSCC[C@@H](C1NC2=C(C=CC=C2)N=1)NC(CCN1C(=O)SC=C1C)=O,0.0029931102937553076
CC([C@@H](C(NCC1=CC=C(CN2N=CC=C2)C=C1)=O)NS(C1=CC=C(Cl)C=C1)(=O)=O)C,0.004874491936061531
ClC1=CC=C(S(N2[C@H](C(NCC3N=C4N(C=CC=C4)C=3)=O)CCC2)(=O)=O)C=C1,0.003136314859148115
BrC1=CC=C([C@@H]2[C@@H](C(C3=CC=CC=C3)=O)N2)C=C1,0.01563397250138223
O=N(C1=CC([C@@H]2[C@@H](C(C3=CC=CC=C3)=O)N2)=CC=C1)=O,0.006664958409965038
O=N(C1=CC=C([C@@H]2[C@@H](C(C3=CC=C(Cl)C=C3)=O)N2)C=C1)=O,0.006543129577767104
CC([C@@H](C(OCCCN1C2=C(C=CC=C2)NC1=O)=O)NS(C1=CC=CC=C1)(=O)=O)C,0.002644428168423474
CC1C(CNC([C@H]2N(S(C3=CC=C(Cl)C=C3)(=O)=O)CCC2)=O)=C(C)N(C2=CC=CC=C2)N=1,0.004769685841165483
CC([C@@H](C(OCC(NC1(C#N)CCCCC1)=O)=O)NC(CC1=C2C(C=CC=C2)=CC=C1)=O)C,0.005208346171639277
CC([C@@H](C(N1CCN(CC2SC=CC=2)CC1)=O)NC(CC1=C2C(C=CC=C2)=CC=C1)=O)C,0.006893062265589833
ClC1=CC=C(S(N2[C@H](C(OCC(NC3CC3)=O)=O)CCC2)(=O)=O)C=C1,0.005483933747746051
CC([C@@H](C(OCC(NC1(C#N)CCCC1)=O)=O)NC(OCC1=CC=CC=C1)=O)C,0.005023451810984625
CC([C@@H](C(OCC(C1=CC=C(NC(C(C)(C)C)=O)C=C1)=O)=O)NC(C1OC=CC=1)=O)C,0.012694064434617758
CC([C@@H](C(OCC(C1=C(F)C=C(NC(C)=O)C=C1)=O)=O)NC(C1OC=CC=1)=O)C,0.010426382534205914
CC1SC=C(C2=CC=C(NC([C@@H](NC(C3OC=CC=3)=O)CC3=CC=CC=C3)=O)C=C2)N=1,0.006089650187641382
CCOC1=CC=C(C(N[C@H](C(NNC(C2=C(N)C=C(C3=CC=CC=C3)S2)=O)=O)C(C)C)=O)C=C1,0.003149439889239147
CN(C1=CC=C(C=C2C(=O)N3C(=N[C@@]4(C(C(C)=O)C3C3=C(C=CC=C3)O4)C)S2)C=C1)C,0.012044185539707541
CSCC[C@@H](C1NC2=C(C=CC=C2)N=1)NC(C1SC2N=C3N(C=2C=1)C=CS3)=O,0.003306203417014331
COC([C@H](NC(C1=CC(F)=CC(F)=C1)=O)CC1C2=C(C=CC=C2)NC=1)=O,0.003214260027743876
CC([C@@H](C(OCC1=CC=C(C#N)C=C1)=O)NC(CC1=C2C(C=CC=C2)=CC=C1)=O)C,0.006729284790344537
CC([C@@H](C(OCC(N1C(=O)CCC1)=O)=O)NS(C1=CC=C(C)C=C1)(=O)=O)C,0.002637433283962309
COC([C@@H](NC(C1=C(Cl)SC(Cl)=C1)=O)CC1=CC=CC=C1)=O,0.005344785144552588
CC([C@@H](C(OCC(N(C1=CC=CC=C1)C(C)C)=O)=O)NC(CC1=C2C(C=CC=C2)=CC=C1)=O)C,0.00874428660608828
CC([C@@H](C(OCC(C1SC(Cl)=CC=1)=O)=O)NC(CC1=C2C(C=CC=C2)=CC=C1)=O)C,0.008665559976361693
CC([C@@H](C(OCN1C(=O)C2=C(C=CC=C2)C1=O)=O)NS(C1=CC=CC=C1)(=O)=O)C,0.0035089635290205478
CC([C@@H](C(OCC(N1CC(C)OC(C)C1)=O)=O)NS(C1=CC=C(C)C=C1)(=O)=O)C,0.006909721856936812
CC([C@@H](C(OCC(NC(NCCC1CCCCC=1)=O)=O)=O)NC(C1OC=CC=1)=O)C,0.005432406766340136
C[C@@H](C(NCC1C(C2=CC=CC=C2)=NN(CC2=CC=CC=C2)C=1)=O)NS(C1=C(F)C=CC=C1)(=O)=O,0.00394051029579714
CC([C@@H](C(OCC(NCCC1CCCCC=1)=O)=O)NC(C1=CC=C(C(C)(C)C)C=C1)=O)C,0.013801113283261657
ClC1=CC=C(S(N2[C@H](C(NC3=CC(N4C(=O)CCC4)=CC=C3)=O)CCC2)(=O)=O)C=C1,0.004562051221728325
CC([C@@H](C(OCC1C2=C(C=CC3=C2C=CC=C3)OC(=O)C=1)=O)NC(OCC1=CC=CC=C1)=O)C,0.0069107788149267435
NC([C@H]1N(CC(NC2=C(C(NC3CCCC3)=O)C=CC=C2)=O)CC2=C(C=CC=C2)C1)=O,0.008830735157243908
CC([C@@H](C(OCC(C1=C(C)N(C2CC2)C(C)=C1)=O)=O)NC(CC1=C2C(C=CC=C2)=CC=C1)=O)C,0.011329043190926313
CC([C@@H](C(OCC(NC1CS(=O)(=O)CC1)=O)=O)NC(C1=CC=C(C(C)(C)C)C=C1)=O)C,0.008224431495182215
CC([C@@H](C(OCC(NC1=C(C#N)C2=C(CCCC2)S1)=O)=O)NC(OCC1=CC=CC=C1)=O)C,0.005454158748034388
NC([C@H]1N(CC2=C(Cl)C3=C(C=CC=C3)S2)CC2=C(C=CC=C2)C1)=O,0.006655842461623251
O=C([C@H]1N(C2C3=C(C=CC=C3)S(=O)(=O)N=2)CCC1)NC1=CC2=C(N=C(N3CCOCC3)S2)C=C1,0.002791777590755373
CC(C1=C(NC([C@H]2N(S(C3=C(C)ON=C3C)(=O)=O)CCC2)=O)C(C(C)C)=CC=C1)C,0.0067154033808037635
FC1=C(OCCNC([C@H]2N(C3C4=C(C=CC=C4)S(=O)(=O)N=3)CCC2)=O)C=CC=C1,0.0033680869499221446
C[C@@H](C(NCC1N=C(C2SC=CC=2)OC=1)=O)NC1C2=C(C=CC=C2)S(=O)(=O)N=1,0.0024244145257398485
COC1=C(S(N[C@H](C(NCC2=CC=C(F)C=C2)=O)CC2=CC=CC=C2)(=O)=O)C=C(NC(C)=O)C=C1,0.004448705853428691
COC1=C(S(N[C@H](C(NCC2=C(F)C=CC=C2)=O)CC2=CC=CC=C2)(=O)=O)C=C(NC(C)=O)C=C1,0.004660975199658424
C[C@@H](C(NNC(C1=C(C)N=C(C2=CC=CC=C2)S1)=O)=O)NC(CC1=C2C(C=CC=C2)=CC=C1)=O,0.0030074870330281554
CN1[C@]2(OC3=C(C(C2C(NC2=CC=CC=C2)=O)NC1=O)C=CC=C3)C,0.0054947475902736185
C[C@@H](C(NCC(NC1=C(F)C(F)=C(F)C=C1)=O)=O)NC(CC1=C2C(C=CC=C2)=CC=C1)=O,0.0060337744653224945
CC1C(S(N2[C@H](C(NC3=CC=C(N4N=NN=C4)C=C3)=O)CCC2)(=O)=O)=C(C)ON=1,0.003894519025925547
COC1=C(CNC([C@@H](NS(C2=CC=C(C(C)=O)C=C2)(=O)=O)C)=O)C=CC=C1,0.007786137028597295
ClC1=C(Cl)C2=C(SC(=N2)NC([C@@H](NC(C2OC=CC=2)=O)CC2=CC=CC=C2)=O)C=C1,0.005862860404886305
C[C@@H](C(NNC(COC1=CC(C)=C(C)C=C1)=O)=O)NC(CC1=C2C(C=CC=C2)=CC=C1)=O,0.004610134556423872
CC1=CC=C(S(N2[C@H](C(NCC(NC3=C(C)C=C(Br)C=C3)=O)=O)CCC2)(=O)=O)C=C1,0.005361472116783261
CC1C(S(N2[C@H](C(NC3=CC=C(Br)C=C3)=O)CCC2)(=O)=O)=C(C)ON=1,0.0056279344018548725
CSCC[C@@H](C1NC2=C(C=CC=C2)N=1)NC(CCC1=C(C)N2C(=NC(C(F)(F)F)=N2)N=C1C)=O,0.002416986954631284
CCN(C1=CC=C(C(NNC([C@@H](NC(CC2=C3C(C=CC=C3)=CC=C2)=O)C)=O)=O)C=C1)CC,0.004111098346766084
CC([C@@H](C(OCC1NC(=O)C2=C(SC(=C2C)C)N=1)=O)NC(C1=CC=C(C(C)(C)C)C=C1)=O)C,0.005629205936565995
CC([C@@H](C1NC2=C(C=CC=C2)N=1)NC(C1CCC1)=O)C,0.004432604007888585
COC1=CC2=C(C=C([C@@H](C(NCC(N3CCOCC3)(C)C)=O)C)C=C2)C=C1,0.008942109113559128
CC1=C(F)C=C(NC([C@@H](NC(C2=C(Cl)C=C(Cl)C=C2)=O)CC2=CC=CC=C2)=O)C=C1,0.005708332802169025
CC([C@@H](C(NCC1=C(CN2CCCCC2)C=CC=C1)=O)NS(C1=CC=C(C)C=C1)(=O)=O)C,0.005924911564216017
C[C@@H](C(NCC(NC1=C(C)C=C(Br)C=C1)=O)=O)NC1C2=C(C=CC=C2)S(=O)(=O)N=1,0.004124537610914558
COC1=CC2=C(C=C([C@@H](C(NCC3=CC4=C(OCCCO4)C(Cl)=C3)=O)C)C=C2)C=C1,0.008787307399325072
CSCC[C@@H](C1NC2=C(C=CC=C2)N=1)NC(CC1=C(C)N(CC(C)C)N=C1C)=O,0.005109922820702195
COC([C@H](NC(C1=CC=C(NC(C2SC=CC=2)=O)C=C1)=O)CC1C2=C(C=CC=C2)NC=1)=O,0.003621948417276144
COC1=CC2=C(C=C([C@@H](C(N3CCC(C4N5C(C=CC=C5)=NN=4)CC3)=O)C)C=C2)C=C1,0.008065634779632092
O=C([C@@H](NC(C1SC=CC=1)=O)CC1C2=C(C=CC=C2)NC=1)NC1=CC=C(N2C(=O)CCC2)C=C1,0.0036000907188281418
COC(C1[C@]2(N=C3N(C1C1=C(O2)C=CC=C1)C(=O)C(=CC1=CC=C(F)C=C1)S3)C)=O,0.008693655091337859
CC(C1[C@]2(N=C3N(C1C1=C(O2)C=CC=C1)C(=O)C(=CC1OC(C)=CC=1)S3)C)=O,0.013617975916713477
COC(C1[C@@]2(OC3=C(C1NC(N2)=S)C=CC=C3)C)=O,0.011920280614867806
COC1=CC2=C(O[C@]3(C(C(NC4=CC=CC=C4)=O)C2NC(=S)N3)C)C=C1,0.009337553125806152
COC(C1[C@]2(N=C3N(C1C1=C(O2)C=CC=C1)C(=O)C(=CC1=C(O)C(OC)=CC=C1)S3)C)=O,0.00571077133063227
COC(C1[C@]2(N=C3N(C1C1=C(O2)C=CC=C1)C(=O)C(=CC1=CC(OC)=CC=C1)S3)C)=O,0.009935620799660682
CC1=CC=C(NC([C@H]2N(C3C4=C(C=CC=C4)S(=O)(=O)N=3)CCC2)=O)C=C1,0.0036213132669217886
COC1=CC2=C(C=C([C@@H](C(NC3=CC(C(C)=O)=CC=C3)=O)C)C=C2)C=C1,0.010593600897118449
COC(C1[C@@]2(OC3=C(C1NC(N2C)=S)C=CC=C3)C)=O,0.012991141341626645
CCOC1=C(OC)C=C(NC([C@@H](NC(C2SC=CC=2)=O)CC2C3=C(C=CC=C3)NC=2)=O)C=C1,0.003756243933457881
C[C@H]1C(=NN)CC2CCC3C([C@@]2(C)C1)CC[C@@]1(C)C3CC[C@@]1(O)C,0.027091415598988533
CSCC[C@@H](C1NC2=C(C=CC=C2)N=1)NC(CCNC(OC(C)(C)C)=O)=O,0.002389412035699934
CC([C@@H](C1NC2=C(C=CC=C2)N=1)NC(C1CN(S(C2=CC=C(F)C=C2)(=O)=O)CCC1)=O)C,0.0025144548038952053
CC([C@@H](C1NC2=C(C=CC=C2)N=1)NC1=NN2C(=NN=N2)C=C1)C,0.0032846293121110647
C[C@@H](C(NCC(NC1=C(C)C=CC=C1C)=O)=O)NC(C1=C(Cl)C=CC=C1)=O,0.007285090908408165
C[C@@H](C(NC1=CC(C2N3C(CCCCC3)=NN=2)=CC=C1)=O)NC(CC1=C2C(C=CC=C2)=CC=C1)=O,0.006097880890592933
COC1=CC2=C(C=C([C@@H](C(NCC(NC3=C(Br)C=CC=C3)=O)=O)C)C=C2)C=C1,0.008667956851422787
COC1=C(NC(C2=CC=C(NC([C@H]3N(S(C4=C(C)ON=C4C)(=O)=O)CCC3)=O)C=C2)=O)C=CC=C1,0.005493995733559132
COC([C@H](NC(C1=C(C)C2=C(C=CC=C2)S1)=O)CC1C2=C(C=CC=C2)NC=1)=O,0.004364492674358189
CCOC1=C(C(N[C@H](C(OCC2=C(F)C=CC=C2)=O)C(C)C)=O)C=CC=C1,0.008276496082544327
CC([C@@H](C(NNC(C1=C(C)C=C(C)C=C1)=O)=O)NC(C1=CC=C(F)C=C1)=O)C,0.004298373905476183
COC1=CC2=C(C=C([C@@H](C(NCC(NC3=C(C)C=C(Br)C=C3)=O)=O)C)C=C2)C=C1,0.008987251855432987
CCOC1=C(C(N[C@H](C(NC2SC(SCC3=C(F)C=CC=C3)=NN=2)=O)C(C)C)=O)C=CC=C1,0.0064441518858075145
C[C@@H](C(NC1=CC(C(NC2CC2)=O)=CC=C1)=O)NC(C1OC=CC=1)=O,0.008285284671001137
COC1=CC2=C(C=C([C@@H](C(NC3CCN(CC(NC4=CC=CC=C4)=O)CC3)=O)C)C=C2)C=C1,0.006316911429166794
COC1=CC=C(S(N[C@H](C(NCC(NC2=C(Br)C=CC=C2)=O)=O)C)(=O)=O)C=C1,0.006051724730059505
COC([C@H](NC(C1=C(C(F)(F)F)N(C2=CC=C(Cl)C=C2)N=C1)=O)CC1C2=C(C=CC=C2)NC=1)=O,0.0031977852631825954
COC1=CC=C(C2=C(OC)C=CC(NC([C@H]3N(C(C4SC=CC=4)=O)CCC3)=O)=C2)C=C1,0.005757083091884852
CC([C@@H](C(NCC1=CN=C(N2CCOCC2)C=C1)=O)NC1=C(Cl)C=C(C(F)(F)F)C=C1)C,0.0037124708527699114
CC([C@@H](C(NC1=CN=C(N2CCN(C)CC2)C=C1)=O)NS(C1=CC2=C(OCCO2)C=C1)(=O)=O)C,0.0044504773337394
C[C@@H](C(NCCC1=CN(C2=CC=CC=C2)N=C1)=O)NS(C1=CC=C(NC(C)=O)C=C1)(=O)=O,0.0042500513955019414
COC1=C(S(N[C@H](C(NC2CCCCCC2)=O)CC2=CC=CC=C2)(=O)=O)C=C(NC(C)=O)C=C1,0.005691514513455331
O=C(C1OC=CC=1)N[C@H](C(N1CCN(CC2=CC3=C(OCC3)C=C2)CC1)=O)CC1=CC=CC=C1,0.006843671388924122
O=C(C1SC=CC=1)N[C@H](C(N1CCN(CC2=CC3=C(OCC3)C=C2)CC1)=O)CC1=CC=CC=C1,0.005759763857349753
CSCC[C@@H](C1NC2=C(C=CC=C2)N=1)NC(C1SC(CCNS(C)(=O)=O)=CC=1)=O,0.0018161913321819156
BrC1=C(C(NNC(CCCC[C@@H]2S(=O)(=O)C[C@H]3[C@@H]2NC(N3)=O)=O)=O)C=CC=C1,0.0023611847584106725
CC(NC(NC(COC([C@@H](NC(OCC1=CC=CC=C1)=O)CC1C2=C(C=CC=C2)NC=1)=O)=O)=O)(C)C,0.001566155022010207
COC1=CC2=C(C(=CO2)CC(N[C@H](C2NC3=C(C=CC=C3)N=2)C(C)C)=O)C=C1,0.004591177450492978
COC1=CC(C(N[C@H](C(OCC2=NC3=C(C=CC=C3)C(N)=N2)=O)C(C)C)=O)=CC(OC)=C1,0.005039383890107274
NC([C@H]1N(CC(N2CCN(S(C3=CC4=C(CCCC4)C=C3)(=O)=O)CC2)=O)CC2=C(C=CC=C2)C1)=O,0.006245855800807476
CC([C@@H](C(OCC(C1C(=O)NC(=O)N(C)C=1N)=O)=O)NC(C1=CC=C(C(C)(C)C)C=C1)=O)C,0.005978861590847373
COC([C@H](C(C)C)NC([C@H](C(C)C)NC(C1OC=CC=1)=O)=O)=O,0.010036764992401003
CC(N[C@H]1[C@H](N2C(=S)N(C3CC3)C(COC3=CC=C(Cl)C=C3)=N2)O[C@H](CO)[C@@H](O)[C@@H]1O)=O,0.003160059801346854
CCCCCN1C(=S)N([C@H]2[C@H](NC(C)=O)[C@@H](O)[C@H](O)[C@@H](CO)O2)N=C1C1=CC=C(C)C=C1,0.0028637977704097832
CC(N[C@H]1[C@H](N2C(=S)N(C3=CC=CC=C3)C(COC3=CC=CC=C3)=N2)O[C@H](CO)[C@@H](O)[C@@H]1O)=O,0.003435553508128606
CC(N[C@H]1[C@H](N2C(=S)N(C3=CC=CC=C3)C(C3=CC=CC=C3)=N2)O[C@H](CO)[C@@H](O)[C@@H]1O)=O,0.0029454888826385495
CC(N1C(=S)N([C@H]2[C@H](NC(C)=O)[C@@H](O)[C@H](O)[C@@H](CO)O2)N=C1COC1=C(C)C=CC=C1)C,0.004067551132250438
CC([C@@H](C(NCC1OC2=C(C=CC=C2)OC1)=O)NS(C1=CC=C(Cl)C=C1)(=O)=O)C,0.005727674206718802
CC(OC(N1[C@H](C(O)=O)C[C@H]2[C@@H]1C2)=O)(C)C,0.006145584235491696
C[C@@H](C(NNC(C1=CC=C(Cl)C=C1)=O)=O)NC(CC1=C2C(C=CC=C2)=CC=C1)=O,0.003392932820133865
C[C@H]1N(CCC2OC3=C(C=C(C4=CC=C(C#N)C=C4)C=C3)C2)CCC1,0.011593740759417414
CC(C[C@@](C(F)(F)F)(C1=CC=C(C)C=C1)N)=O,0.008586996690200976
CC(C[C@@](C(F)(F)F)(C1=CC=CC=C1)N)=O,0.007917131510282616
CNN=C1[C@]2(C)C(C3C(CC2)C2=C(C=C(C=C2)O)CC3)CC1,0.009296988463029265
CCN(S(N1CCN(C([C@H](C(C)C)NC(C2=C(Cl)C=C(Cl)C=C2)=O)=O)CC1)(=O)=O)CC,0.007789956289343536
OC[C@@H]1C(Cl)(Cl)[C@@H]1CO,0.003730701317635125
COC1=CC(C(N[C@H](C(N2CCC(C(N3CCCCC3)=O)CC2)=O)C(C)C)=O)=CC(OC)=C1,0.008848885633051395
C[C@@H](C1NC2=C(C=CC=C2)N=1)NC(CCCSC1=CC=CC=C1)=O,0.0028694786538835614
COC1=C(S(N[C@H](C(NCC2=CC=C(C)C=C2)=O)CC2=CC=CC=C2)(=O)=O)C=C(NC(C)=O)C=C1,0.004946720425505191
CC(N[C@H]1[C@H](N2C(=S)N(C3CC3)C(COC3=C(Cl)C=CC=C3)=N2)O[C@H](CO)[C@@H](O)[C@@H]1O)=O,0.0032884630951131276
CC(N[C@H]1[C@H](N2C(=S)N(C3CC3)C(C3=CC=C(C)C=C3)=N2)O[C@H](CO)[C@@H](O)[C@@H]1O)=O,0.0031677045945796645
ClC1([C@H](COC(C2OC=CC=2)=O)[C@@H]1COC(C1OC=CC=1)=O)Cl,0.007176820338852254
CC(C[C@@H](C(N(CC1=CC=CC=C1)C)=O)NC(N1CCCCC1)=O)C,0.005794678302481771
CC(C[C@@H](C(N(CC1=CC=CC=C1)C)=O)NC(N1CCCC1)=O)C,0.006276864325627685
CC(C[C@H]1C(=O)N(C(C2=CC=CC=C2)C)C(=O)N1)C,0.002270493481773883
CCC1=C(NC(C2C(=C)[C@@H]2C(NC2=C(CC)C=CC=C2C)=O)=O)C(C)=CC=C1,0.012904970953240991
FC1=CC=C(OCC2OC(=O)[C@H]3N(CC4=C(C3)C=CC=C4)C2)C=C1,0.006063815508969128
CC(CCNC([C@H]1N(C2C3=C(C=CC=C3)S(=O)(=O)N=2)CCC1)=O)C,0.0042945209192112085
COC1=C(NC(C(OC([C@@H](NC(C)=O)C)=O)C)=O)C=CC=C1,0.0075418706052005294
C[C@@H](C(OC(C(NC1=CC=C(C(C)=O)C=C1)=O)C)=O)NS(C1=CC=C(F)C=C1)(=O)=O,0.006343087647110224
CC(C(NC1=CC=CC=C1)=O)OC([C@@H](N1C(=O)C2C(CC=CC2)C1=O)C)=O,0.004981727455742657
C[C@@H](C(OC(C(N1C2=C(C=CC=C2)NC(=O)C1)=O)C)=O)NC(C)=O,0.007545640482567251
COC([C@@H](NC(C1C(=O)NC(C(F)(F)F)=CC=1)=O)CC1=CC=CC=C1)=O,0.003038774192100391
NC(NC(CCN1[C@H](C(N)=O)CC2=C(C=CC=C2)C1)=O)=O,0.0018048880738206208
FC1=CC=C(CC(NNC([C@@H](NC(OCC2=CC=CC=C2)=O)CC2C3=C(C=CC=C3)NC=2)=O)=O)C=C1,0.0015740846283733845
CCN(S(C1=CC(NC([C@H]2N(C(C3OC=CC=3)=O)CCC2)=O)=C(C)C=C1)(=O)=O)CC,0.005874573742039502
FC1=C(S(N2[C@H](C(NC3=CC(C4OC=NN=4)=CC=C3)=O)CCC2)(=O)=O)C=CC=C1,0.0035294122993946076
C[C@@H](C1=C(Cl)C=CC=C1)O,0.006865992571692914
C[C@H](C1=C(Cl)C=CC(Cl)=C1)O,0.006535295874346048
N[C@@]1(C(O)=O)[C@H]2C[C@H](CC2)C1,0.0122669035801664
Cl.N[C@@]1(C(O)=O)[C@H]2C[C@H](CC2)C1,0.011398252565413713
C[C@@H](C(NC1SC(C2CC2)=NN=1)=O)NS(C1=C(C)ON=C1C)(=O)=O,0.004522038623690605
C[C@@H](C(NC1C2C=NN(C(C)(C)C)C=2CCC1)=O)NS(C1=C(C(F)(F)F)C=CC=C1)(=O)=O,0.004194677225314081
CC([C@@H](C(NC1CCN(C(C)=O)CC1)=O)NC(C1=CC=CC=C1)=O)C,0.0074914248893037435
CC1OCCN(C(CN2[C@H](C(N)=O)CC3=C(C=CC=C3)C2)=O)C1,0.00823578448034823
CCC(C(NC1=NOC(C)=C1)=O)OC([C@H]1N(S(C2=C(F)C=CC=C2)(=O)=O)CCC1)=O,0.00532118882983923
CC(OC1=NC=C(CNC([C@H]2N(C(C)=O)CCC2)=O)C=C1)C,0.0058809652691707015
CC([C@@H](C(N1CCN(S(C2=C(C)ON=C2C)(=O)=O)CCC1)=O)NC(OCC1=CC=CC=C1)=O)C,0.005256016249768436
CCCCN1C2=C(N(C(=N2)CN2[C@H](C(N)=O)CC3=C(C=CC=C3)C2)C)C(=O)NC1=O,0.0035035827080719174
C[C@@H](C(OC(C(N)=O)C)=O)NC(C1=C(Cl)C=CC=C1)=O,0.006921899039298296
CC(C1=CC=CC=C1)NC(C(OC([C@@H](N1C(=O)C2C(CC=CC2)C1=O)C)=O)C)=O,0.006055233208462596
C[C@@H](C(N1CCN(CC2NC(=O)C3=C(C=CC=C3)N=2)CC1)=O)NS(C1=C(F)C=CC=C1)(=O)=O,0.0020542451180517673
COC1=CC=C(S(N[C@H](C(N2CCN(CC3NC(=O)C4=C(C=CC=C4)N=3)CC2)=O)C)(=O)=O)C=C1,0.002534812007797882
CC(C(NC1=C(C)C=C(C)C=C1C)=O)OC([C@@H](N1C(=O)C2C(CCCC2)C1=O)C)=O,0.005400483100675047
C[C@@H](C(N1CCN(CC2NC(=O)C3=C(C=CC=C3)N=2)CC1)=O)NS(C1=CC=C(F)C=C1)(=O)=O,0.002081022533820942
COC1=CC2=C(C=C([C@@H](C(NCC(C)C)=O)C)C=C2)C=C1,0.010267933364957571
CCCCN1C2=C(N(C(=N2)COC([C@H]2N(S(C)(=O)=O)CCC2)=O)C)C(=O)NC1=O,0.0031933441525325177
C[C@@H](C(OCC1ON=C(C2=CSC=C2)N=1)=O)NC(C1OC=CC=1)=O,0.0063364552333951
CNS(CC1=C(CNC([C@@H](NC(C2SC=CC=2)=O)CC2=CC=CC=C2)=O)C=CC=C1)(=O)=O,0.004117926501203328
COC1=C(CN(C([C@@H](NS(C2=CC(Cl)=CC=C2)(=O)=O)C)=O)C)C=C(C)C=C1,0.005067226116079837
CC([C@@H](C(OC(C(NC1=C(C#N)C=CS1)=O)C)=O)NS(C1=CC=CC=C1)(=O)=O)C,0.0038630266673862932
CC([C@@H](C(OCC(NC1=CC(C(NC2CC2)=O)=CC=C1)=O)=O)NC(C1OC=CC=1)=O)C,0.009365624887868762
COCCOC1=NC=C(NC([C@H]2N(C(C)=O)CCC2)=O)C=C1,0.004680583090521395
NC([C@H]1N(S(N)(=O)=O)CC2=C(C=CC=C2)C1)=O,0.006462251429911703
CC(N1[C@H](C(NCC2=C(N3CCOCC3)N=CC=C2)=O)CCC1)=O,0.0046904116403311494
COCCOC1=NC=C(CNC([C@H]2N(C(C)=O)CCC2)=O)C=C1,0.0048469491070136424
NC([C@H]1N(CCC(N2CCOCC2)=O)CC2=C(C=CC=C2)C1)=O,0.007960770837962627
C[C@@H](C(NCC1COCC1)=O)NC1C2=C(C=CC=C2)S(=O)(=O)N=1,0.0030427995370700955
C[C@@H](C(OCC1N(C(F)F)C2=C(C=CC=C2)N=1)=O)NS(C1=CC=C(NC(C)=O)C=C1)(=O)=O,0.0025890346092637627
CC(N1CCOCC1)CNC([C@H]1N(C(C)=O)CC2=C(C=CC=C2)C1)=O,0.008096046838909387
CNC([C@@H](NS(C1=CC2=C(OCCCO2)C=C1)(=O)=O)C)=O,0.005093376489821821
CNC([C@@H](NS(C1=CC=C(OC)C=C1)(=O)=O)C)=O,0.004269293625839055
CC(NC([C@H]1N(C(C)=O)CC2=C(C=CC=C2)C1)=O)CN1CCOCC1,0.008214734168723226
CCCN(S(N1[C@H](C(N)=O)CC2=C(C=CC=C2)C1)(=O)=O)CCC,0.009948680596426129
CCN1C2=C(C=CC=C2)OC(CN(C([C@H]2N(C(C)=O)CCC2)=O)C)C1,0.010337983025237918
C[C@@H](C(N1CCN(S(C2=C(C#N)C=CC=C2)(=O)=O)CC1)=O)NC(C1=C(Cl)C=CC=C1)=O,0.0034947493753861637
CC(C1=CC2=C(OCCO2)C=C1)NC([C@H]1N(C(C)=O)CCC1)=O,0.008336182474158705
CC(N1[C@H](C(NC2CS(=O)(=O)CC2)=O)CC2=C(C=CC=C2)C1)=O,0.006290429970249534
COC1=CC=C(S(N[C@H](C(OCC2=C(C)OC(C3SC=CC=3)=N2)=O)C)(=O)=O)C=C1,0.0033184931497089567
C[C@@H](C(OCC(NC(NC1=CC2=C(OCO2)C=C1)=O)=O)=O)NC(C1=CC=C(C(C)(C)C)C=C1)=O,0.0029467967688106
CC([C@@H](C(N(CC(NC1=C(C)C=C(C)C=C1C)=O)C)=O)NC(C1OC=CC=1)=O)C,0.01138745336793363
COC1=C(CNC([C@H]2N(C(C)=O)CC3=C(C=CC=C3)C2)=O)C=CC=N1,0.006156314862892032
CCCCN(S(N1[C@H](C(N)=O)CC2=C(C=CC=C2)C1)(=O)=O)C,0.008957458101212979
CC(N1[C@H](C(NCC2=CC3=C(OCCO3)C=C2)=O)CCC1)=O,0.007541176304221154
COC1=C(OC(C)C)C=CC(C(NNC([C@@H](NS(C2=C(F)C=CC=C2)(=O)=O)C)=O)=O)=C1,0.0029759091266896576
C[C@@H](C(NNC(C(OC1=C(C)C(C)=CC=C1)C)=O)=O)NS(C1=C(C)ON=C1C)(=O)=O,0.0035534130176529287
CC([C@@H](C(NC(C1=CC=C(F)C=C1)C1N(C)C=CN=1)=O)NC(C1=CC=CC=C1)=O)C,0.005107178236357868
C[C@@H](C(NC1=CC(C2N=C(C)SC=2)=CC=C1)=O)NS(C1=C(C)ON=C1C)(=O)=O,0.004250475089065731
COC1=C(OC)C=C2C(N=C(S2)NC([C@@H](NS(C2=C(F)C=CC=C2)(=O)=O)C)=O)=C1,0.004335947521030903
CC([C@@H](C(NCC1=C(CN2N=CC=C2)C=CC=C1)=O)NC(C1=CC=CC=C1)=O)C,0.008522678725421428
CC([C@@H](C(NC1=CC(OC2=NC=CN=C2)=CC=C1)=O)NS(C1=C(F)C=CC=C1)(=O)=O)C,0.004149695171508938
C[C@@H](C(NC1=CC(C#CC2SC=CC=2)=CC=C1)=O)NS(C1=C(C)ON=C1C)(=O)=O,0.004227393202017993
C[C@@H](C(N(CC1=CN(CC2=CC=CC=C2)N=C1)C)=O)NC(C1=CC=C(Br)C=C1)=O,0.009260016307234765
CC([C@@H](C(NC1=CC(C2=NC(C)=NC=C2)=CC=C1)=O)NS(C1=C(F)C=CC=C1)(=O)=O)C,0.003970785636920482
C[C@@H](C(N1C(C2=CC=NC=C2)CCC1)=O)NS(C1=C(F)C=CC=C1)(=O)=O,0.003602220304310322
CC(N[C@H](C(N1CCN(CC2=C(C)C=CC=C2)CC1)=O)CC1C2=C(C=CC=C2)NC=1)=O,0.005049283080734312
C[C@@H](C(NCC1OC(C2=CC=C(Cl)C=C2)=CC=1)=O)NS(C1=C(F)C=CC=C1)(=O)=O,0.0037474135984666645
COC1=CC=C(OCCN2CCN(C([C@@H](NC(OCC3=CC=CC=C3)=O)C)=O)CC2)C=C1,0.004911728377919644
CC([C@@H](C(NCCNC(C1=CC=CC=C1)=O)=O)NC(OCC1=CC=CC=C1)=O)C,0.005362068419344723
C[C@@H](C(N1CCN(C2=CC(C)=CC=C2)CC1)=O)NC(COC1=CC=CC=C1)=O,0.006845062365755439
C[C@@H](C(NCC1=C(CN2N=CC=C2)C=CC=C1)=O)NC(COC1=CC=CC=C1)=O,0.007658091257326305
C[C@@H](C(NC1SC2=C(C=CC(=C2)C)N=1)=O)NS(C1=C(F)C=CC=C1)(=O)=O,0.0035157868289388714
CCN(C([C@@H](NS(C1=CC=C(C)C=C1)(=O)=O)C)=O)CC(NC1=CC=C(OC)C=C1)=O,0.005708052986301481
CCOC1=C(CNC([C@H](C(C)C)NC(C2=CC=CC=C2)=O)=O)C=C2C(CC(O2)C)=C1,0.009178326558321714
C[C@@H](C(NC1=CNN=C1)=O)NC1C2=C(C=CC=C2)S(=O)(=O)N=1,0.0018166414345614612
COC1=C(C(NC([C@H](C(C)C)NC(C2=CC=CC=C2)=O)=O)C)C=C(C)C=C1,0.010612785257399083
OC([C@H]1N(S(C2=CC3=C(NC(C3)=O)C=C2)(=O)=O)CCC1)=O,0.003169682761654258
OC([C@H]1N(S(C2=C(Cl)C=CC(C(F)(F)F)=C2)(=O)=O)CCC1)=O,0.0027316806139424444
OC([C@H]1N(S(C2=C(C(F)(F)F)C=C(Cl)C=C2)(=O)=O)CCC1)=O,0.002851161721628159
COC1=C(S(N2[C@H](C(O)=O)CCC2)(=O)=O)C=C(C)C=C1,0.004408675897866488
CC1=C(S(N2[C@H](C(O)=O)CCC2)(=O)=O)C=C(Br)C=C1,0.005220558284781874
OC([C@H]1N(S(C2=CC(C#N)=CC=C2)(=O)=O)CCC1)=O,0.003025193803478032
CC(C[C@@H](C(O)=O)N)C,0.012678680568933487
O=C(NCCSC1=CC=CC=C1)CCCC[C@H]1[C@@H]2[C@@H](NC(N2)=O)CS1,0.0035601158160716295
O=C(NCC1=CC2=C(OCO2)C=C1)CCCC[C@H]1[C@@H]2[C@@H](NC(N2)=O)CS1,0.004208848671987652
C[C@](C1=CC=CC=C1)(C(O)=O)O,0.009512357087805868
CC([C@@H](C(NC(C1=C2C(C=CC=C2)=CC=C1)C)=O)NC1C2=C(C=CC=C2)S(=O)(=O)N=1)C,0.004476721771061421
CC([C@@H](C(NC1SC2=C(CCN(C2)C)N=1)=O)NC(C1OC=CC=1)=O)C,0.007838860945776105
C[C@@H](C(NCC1(C2=CC=CC=C2)CC1)=O)NS(C1=CC=CC=C1)(=O)=O,0.005821867915801704
COC1=C(CN2CCN(C([C@@H](NC(C3OC=CC=3)=O)C)=O)CC2)C=C(F)C=C1,0.005679162801243365
CC([C@@H](C(OCC1N(C)C(=O)N(C)C(=O)C=1)=O)NC1=C(Cl)C=C(C(F)(F)F)C=C1)C,0.005844803934451193
C[C@@H](C1=CC=C(N2C3=C(C=CC=C3)N=C2)C=C1)N,0.008526040939614177
C[C@H](C1=CC=C(C2=CC=CC=C2)C=C1)O,0.006333613442257047
N[C@H]1C2=C(C=CC=C2)C[C@H]1O,0.00785778658464551
OC1CN(S(C2=CC3=C(NC(CC3)=O)C=C2)(=O)=O)[C@H](C(O)=O)C1,0.001499820573371835
NC1=C2C(N([C@H]3[C@@H](O)[C@H](O)[C@@H](CO)O3)C=N2)=NC(F)=N1,0.0010853887303483136
OC([C@@H]1C[C@H](C(O)=O)C1)=O,0.012583582219667733
COC([C@H](C(C)C)NC(C1=NC=C(C)N=C1)=O)=O,0.00792911888565868
COC([C@H](C(C)C)NC(C1=C(SC)N=CC=C1)=O)=O,0.0064415551722049715
CC(N1[C@H](C(NC2=CC(OC(F)F)=CC=C2)=O)CCC1)=O,0.003924099262803793
CS(N1C2=C(C=C(C(N3[C@H](C(O)=O)CCC3)=O)C=C2)CC1)(=O)=O,0.0037948409793898464
O=C([C@H]1N(C(C2OC=CC=2)=O)CCC1)NC1=CC=C(OC2=NC=CN=C2)C=C1,0.005514806369319558
C[C@@H](C1=CC(Cl)=CC=C1)O,0.006671209260821343
CC1(C(=O)N(CCN2[C@H](C(N)=O)CC3=C(C=CC=C3)C2)C(=O)N1)C,0.0019132695044390858
CC1(C(=O)N(CCCN2[C@H](C(N)=O)CC3=C(C=CC=C3)C2)C(=O)N1)C,0.002088478271616623
C[C@@H](C1=C(C)C=C(C)C=C1)N,0.022572748456150295
Cl.C[C@@H](C1=C(C)C=C(C)C=C1)N,0.020760759059339762
NC(CC[C@@H](C(NC1=CC(NC(C2OC=CC=2)=O)=CC=C1)=O)NC(OCC1=CC=CC=C1)=O)=O,0.005478148022666574
CC([C@@H](C(OC(C(NC(N)=O)=O)C)=O)NC(C1=CC=C(Br)C=C1)=O)C,0.003260484547354281
CC([C@@H](C(OC(C(NC(N)=O)=O)C)=O)NC(C1=CC=C(F)C=C1)=O)C,0.0025140668556559833
CC[C@@H]([C@@H](C(OC(C(NC(N)=O)=O)C(C)C)=O)NC(C1=CC=CC=C1)=O)C,0.003182274510618299
CSCC[C@@H](C1NC2=C(C=CC=C2)N=1)NC(NCC1=C(CN2CCOCC2)C=CC=C1)=O,0.0024406040960457177
COC1=NC=C(NC([C@H]2N(C(C)=O)CC3=C(C=CC=C3)C2)=O)C=C1,0.005725646973587573
OC[C@@H]1[C@@H](O)[C@H](O)[C@@H](O)[C@@H](O)O1,0.00551770895270276
O=C1OC[C@H](CC2=CC=CC=C2)N1,0.0042820941423997285
OC([C@@H](NC(C1=C(F)C=C(Cl)C=C1)=O)CC1C2=C(C=CC=C2)NC=1)=O,0.002627842809306458
CC([C@@H](C(NCC1=CC=NC=C1)=O)NC(C1=CC(S(N2CCOCC2)(=O)=O)=CC=C1)=O)C,0.004470509488601238
CCCCNC([C@H](C(C)C)NC(C1=CC(S(N2CCOCC2)(=O)=O)=CC=C1)=O)=O,0.005036542844027281
CC(CNC([C@H](C(C)C)NC(C1=CC(S(N2CCOCC2)(=O)=O)=CC=C1)=O)=O)C,0.0057949595618993046
O=C([C@@H](NC(C1SC=CC=1)=O)CC1C2=C(C=CC=C2)NC=1)NCCC1C2=C(C=CC=C2)NC=1,0.004374438326340169
COC1=CC2=C(C=C([C@@H](C(NCCC3=CC(OC)=C(OC)C=C3)=O)C)C=C2)C=C1,0.010319053754210472
C[C@@H](C(NC1CCCCCC1)=O)NS(C1=C(C)ON=C1C)(=O)=O,0.007284314348362386
CC([C@@H](C(NC1=CC(C)=CC(C)=C1)=O)NS(C1=C(F)C=CC=C1)(=O)=O)C,0.004596650553867221
CC([C@@H](C(NC1=CC(Cl)=C(F)C=C1)=O)NS(C1=CC=CC=C1)(=O)=O)C,0.004172276298049837
C[C@@H](C(NC1CCCCCC1)=O)NS(C1=CC=C(Cl)C=C1)(=O)=O,0.006480950047262013
CC([C@@H](C(NC1=CC=C(SCC2=CN=CC=C2)C=C1)=O)NS(C1=CC=C(C)C=C1)(=O)=O)C,0.004096341179683804
CNC(COC([C@@H](N1C(=O)C2=C(C=CC=C2)C1=O)CC1=CC=CC=C1)=O)=O,0.004583646543323994
C=CCNC(COC([C@@H](N1C(=O)C2=C(C=CC=C2)C1=O)CC1=CC=CC=C1)=O)=O,0.004377920820843428
COCC(N[C@H](C(O)=O)C(C)C)=O,0.00700420062057674
COC(C1=CC=C(COC([C@@H](NC(C2=CC=CC=C2)=O)C)=O)C=C1)=O,0.008395492797717452
C[C@@H](C(OCC1=NOC(C2OC=CC=2)=C1)=O)NC(C1=CC=CC=C1)=O,0.006139979255385697
C[C@@H](C(OCC1=C(Cl)C=CC=C1)=O)N1C(=O)C2C(CCCC2)C1=O,0.005292067537084222
C[C@@H](C(OCC1=CC=C(N(=O)=O)C=C1)=O)NS(C1=CC(Cl)=C(Cl)C=C1)(=O)=O,0.002874097676249221
CC1=C(NC([C@H]2N(C(OC(C)(C)C)=O)CCC2)=O)C=CC=C1,0.006542646419256925
COC1=CC=C(NC([C@@H](NC(C2SC=CC=2)=O)CC2=CC=CC=C2)=O)C=C1,0.005540797603316605
CCOC1=CC=C(C(N[C@H](C(N2CCOCC2)=O)C(C)C)=O)C=C1,0.008633400383405387
COC1=C(OC)C(OC)=CC(C(N[C@H](C(NC2=CC=C(F)C=C2)=O)C(C)C)=O)=C1,0.008784661255776881
COC1=CC=C(CNC([C@H](C(C)C)NC(CC2=CC=CC=C2)=O)=O)C=C1,0.00969907627440989
CC([C@@H](C(NC1=CC(F)=CC=C1)=O)NS(C1=CC=CC=C1)(=O)=O)C,0.004170609475113452
COC1=CC(S(N2[C@H](C(O)=O)CCC2)(=O)=O)=C(OC)C=C1,0.004136769415345043
CCOC1=C(OCC)C=C(S(N2[C@H](C(O)=O)CCC2)(=O)=O)C=C1,0.0049567141104489565
OC([C@H]1N(S(C2=CC3=C(OCCCO3)C=C2)(=O)=O)CCC1)=O,0.004681802482809872
CC(C1=CC(S(N2[C@H](C(O)=O)CCC2)(=O)=O)=CC=C1)=O,0.006526370835490525
COC1=C(CC(N[C@H](C(O)=O)CC2=CC=CC=C2)=O)C=C(C)C=C1,0.005789733026176691
OC([C@@H](NC(C1=CC2=C(OCCCO2)C=C1)=O)CC1=CC=CC=C1)=O,0.006267433357425034
O=C(NC1=CC2=C(OCO2)C=C1)CCCC[C@H]1[C@@H]2[C@@H](NC(N2)=O)CS1,0.0038025590241886676
NC([C@H]1N(CC(N2C(=O)NCC2)=O)CC2=C(C=CC=C2)C1)=O,0.001552540628472343
CC(C1C2CC(CC2)C1)NC(CCCC[C@H]1[C@@H]2[C@@H](NC(N2)=O)CS1)=O,0.006153879617340863
COC1=C(C(N[C@H](C(O)=O)CC2C3=C(C=CC=C3)NC=2)=O)C=C(C)C=C1,0.0037388626602478324
C[C@@H](C(NC1=C(N2CCCCC2)C=CC(Cl)=C1)=O)NC1C2=C(C=CC=C2)S(=O)(=O)N=1,0.0030956727103330197
CCS(N1[C@H](C(N2C3=C(C=C(C=C3)OC)CCC2)=O)CC2=C(C=CC=C2)C1)(=O)=O,0.007366650179028511
C[C@@H](C(NC(C1=CC(C(F)(F)F)=CC=C1)C)=O)NS(C1=C(C)ON=C1C)(=O)=O,0.0038763264194130896
COC([C@@H](NC(CC1SC=CC=1)=O)CC1=CC=CC=C1)=O,0.005284679867327213
CC([C@@H](C(NC1CS(=O)(=O)CC1)=O)NC(OCC1=CC=CC=C1)=O)C,0.005016913218423724
COC([C@@H](NC(CC1=C(C)C=CC=C1)=O)C)=O,0.006495654187165201
COC([C@H](NC(CN1N=NN=C1)=O)CC1C2=C(C=CC=C2)NC=1)=O,0.0025009923323523254
C[C@@H](C(N1CC=C(C2=CC=CC=C2)CC1)=O)NS(C1=CC(Cl)=CC=C1)(=O)=O,0.0053694962291046975
CCOC1=CC=C(CCC2CCN(C([C@@H](N3C(=O)C4C(CC=CC4)C3=O)C)=O)CC2)C=C1,0.006953490758314728
COC([C@@H](NC(CC(C1=C(C)C=CC=C1)NC(N)=O)=O)CC1=CC=CC=C1)=O,0.006091086403466761
COC([C@@H](NC(CC(C1=C(F)C=CC=C1)NC(N)=O)=O)CC1=CC=CC=C1)=O,0.005226127803325653
CC(N(S(C)(=O)=O)CCCNC([C@H]1N(C(C)=O)CCC1)=O)C,0.004481297440361231
CC(N1[C@H](C(NC2=CN=C(OCC(F)(F)F)C=C2)=O)CCC1)=O,0.003645240172045305
CC1=C(F)C=C(C(N[C@H](C(O)=O)CC2C3=C(C=CC=C3)NC=2)=O)C=C1,0.0029336770996451376
OC([C@@H](NC(C1=CC=C(N2N=CC=C2)C=C1)=O)CC1C2=C(C=CC=C2)NC=1)=O,0.0035796093987300994
OC([C@@H](NC(C1=CC2=C(OCCCO2)C=C1)=O)CC1C2=C(C=CC=C2)NC=1)=O,0.004023179179057479
COC1=C(C(N[C@H](C(O)=O)CC2C3=C(C=CC=C3)NC=2)=O)C=C(N(=O)=O)C=C1,0.0021592016448266802
OC([C@@H](NC(C1=CC=C(N2C=CC=C2)C=C1)=O)CC1C2=C(C=CC=C2)NC=1)=O,0.004029063996858895
OC1CN(S(C2=CC3=C(NC(N3)=O)C=C2)(=O)=O)[C@H](C(O)=O)C1,0.0006423092869226821
COC1=CC=C(C(COC([C@@H](N2C(=O)C3=C(C=CC=C3)C2=O)C(C)C)=O)=O)C=C1,0.009301106119528413
CC([C@@H](C(NNC(C1=NC=CC=C1)=O)=O)NC(C1=CC=C(F)C=C1)=O)C,0.0032563377928454427
COC1=CC=C(S(N[C@H](C(NC2=CC=C(F)C=C2)=O)C(C)C)(=O)=O)C=C1,0.005281117442063987
CC[C@@H]([C@@H](C(NCC1SC=CC=1)=O)NC(C1=CC=C(Cl)C=C1)=O)C,0.006291901599615813
CCC1=CC=C(NC([C@H](C(C)C)NS(C2=C(F)C=CC=C2)(=O)=O)=O)C=C1,0.004604110040236265
COC1=CC2=C(C=C([C@@H](C(NCC3SC=CC=3)=O)C)C=C2)C=C1,0.007033760868944227
CC([C@@H](C(NC1=CC(Cl)=C(F)C=C1)=O)NS(C1=C(F)C=CC=C1)(=O)=O)C,0.004054936103057116
CN(C([C@H]1N(C(C2SC=CC=2)=O)CCC1)=O)CC1=CC2=C(C=CC=C2)C=C1,0.008742319978773594
CC([C@@H](C(NC1=CC(F)=CC=C1)=O)NS(C1=CC=C(Br)C=C1)(=O)=O)C,0.0054065061500296
CC([C@@H](C(NCC(C1=CC=C(N(=O)=O)C=C1)O)=O)NS(C1=CC=CC=C1)(=O)=O)C,0.0019519979483447968
CC1N(C(COC([C@H]2N(S(C3=CC(C)=C(C)C=C3)(=O)=O)CC(O)C2)=O)=O)C2=C(C=CC=C2)CC1,0.0030776543775573374
COC1=CC(C(N[C@H](C(OCC2=C(C)C=CC=C2)=O)C(C)C)=O)=CC(OC)=C1,0.010104547999799252
NC([C@H]1N(CC(NC2=CC(C(NC3CC3)=O)=CC=C2)=O)CC2=C(C=CC=C2)C1)=O,0.007760320347733796
CCOC(C=CC1=CC=C(NC(CN2[C@H](C(N)=O)CC3=C(C=CC=C3)C2)=O)C=C1)=O,0.007005067029967904
COC(C1=CC=C(COC([C@@H](NC(C2=C(Cl)C=CC=C2)=O)CC2C3=C(C=CC=C3)NC=2)=O)C=C1)=O,0.004461718001402914
FC1=C(N2CCN(C(COC([C@H]3N(C(C4SC=CC=4)=O)CCC3)=O)=O)CC2)C=CC=C1,0.005734419357031584
FC1=CC=C(C(N[C@H](C(OCC(NCC2=C(F)C=CC=C2)=O)=O)CC2C3=C(C=CC=C3)NC=2)=O)C=C1,0.0037104797083884478
CC([C@@H](C(OCC1N=C(C2=CC=CC=C2)SC=1)=O)NC(C1=CC(C)=CC=C1)=O)C,0.007601026678457856
O=C(C1OC=CC=1)N[C@H](C(OCC1=CC(C#N)=CC=C1)=O)CC1=CC=CC=C1,0.006785004050470889
CC([C@@H](C(OCC(NC(C1CC1)C)=O)=O)NS(C1=CC(C(F)(F)F)=CC=C1)(=O)=O)C,0.00487292242469266
NC(NC(COC([C@@H](N1C(=O)C2=C(C=CC=C2)C1=O)CC1=CC=CC=C1)=O)=O)=O,0.0034082804108038546
CC(N(C(COC([C@@H](N1C(=O)C2=C(C=CC=C2)C1=O)CC1=CC=CC=C1)=O)=O)C)C,0.006659378577023744
CN(C(COC([C@@H](N1C(=O)C2=C(C=CC=C2)C1=O)CC1=CC=CC=C1)=O)=O)C,0.006109152850694954
C[C@@H](C(OCC1=CC=C(F)C=C1)=O)N1C(=O)C2=C(C=C(C(=C2)Cl)Cl)C1=O,0.004336153552867472
C[C@@H](C(OCC(NC1CC1)=O)=O)NS(C1=CC=C(Cl)C=C1)(=O)=O,0.004429382341913879
CC([C@@H](C(OCC1=NOC(C2=CC=CC=C2)=C1)=O)NC(C1=C(Cl)C=C(Cl)C=C1)=O)C,0.007620973326265812
CCCN1C(COC([C@H](C(C)C)NC(CC2=CC=CC=C2)=O)=O)=NN=N1,0.006700920034199953
CC([C@@H](C(OC(C(C1=CC=CC=C1)=O)C)=O)NC(CC1=CC=CC=C1)=O)C,0.014385104831308126
C[C@@H](C(OCC1=NOC(C2=CC=CC=C2)=C1)=O)NC(C1=CC=CC=C1)=O,0.006977479858323932
CC([C@@H](C(OCC1=CC=C(N(=O)=O)C=C1)=O)NS(C1=CC=C(Br)C=C1)(=O)=O)C,0.004221622901968658
CC([C@@H](C(OCC1=C(C#N)C=CC=C1)=O)NS(C1=C(F)C=CC=C1)(=O)=O)C,0.003841184312477708
CCC(NC(COC([C@@H](NC(C=CC1=CC=C(OC)C=C1)=O)C)=O)=O)(C)C,0.008736099442467093
CC1=C(CNC(COC([C@H]2N(C(C3OC=CC=3)=O)CCC2)=O)=O)C=CC=C1,0.007762572285719216
COC([C@@H](NC(C1=C(Cl)C=C(Cl)C=C1)=O)CC1=CC=CC=C1)=O,0.006502829887904227
COC1=C(C(N[C@H](C(N2CC(C)OC(C)C2)=O)C(C)C)=O)C=CC=C1,0.011004094267264009
CC[C@@H]([C@@H](C(NC1CCCCC1)=O)NC(C1=CC=CC=C1)=O)C,0.011399094108492136
CC([C@@H](C(NCC1OC=CC=1)=O)NS(C1=CC=C(C)C=C1)(=O)=O)C,0.005810998077504337
COC1=CC(C(N[C@H](C(N2CC(C)CC(C)C2)=O)C(C)C)=O)=CC(OC)=C1,0.009380307141691446
C[C@@H](C(NC1=CC(C)=CC=C1)=O)N1C(=O)C2C(CC=CC2)C1=O,0.004841172380838543
CC[C@@H]([C@@H](C(NC1SC=C(C)N=1)=O)NC(C1=CC=CC=C1)=O)C,0.006253020092844963
COC1=C(OC)C=C(CCNC([C@H](C(C)C)NC(C2=C(C)C=CC=C2)=O)=O)C=C1,0.010676772939041257
CC([C@@H](C(NNC(C1=NC=CC=C1)=O)=O)NS(C1=CC=C(C)C=C1)(=O)=O)C,0.002351414645090699
CC([C@@H](C(NCC1=C(Cl)C=CC=C1)=O)NC(C1=C(C)C=CC=C1)=O)C,0.008467957866378129
CC([C@@H](C(OCCN1CCOCC1)=O)NC(C1OC=CC=1)=O)C,0.007766247144900262
CCN(S(C1=CC(C(N[C@H](C(NCC2=C(OC)C=CC=C2)=O)C(C)C)=O)=CC=C1)(=O)=O)CC,0.00656090381089598
CC[C@@H]([C@@H](C(NCCC(C)C)=O)NC(C1=CC=CC=C1)=O)C,0.00930104476865381
COC1=NC=C(NC([C@H](C(C)C)NS(C2=CC=C(C)C=C2)(=O)=O)=O)C=C1,0.005106468871235848
COC1=C(OC)C(OC)=CC(NC([C@H]2N(C(C3SC=CC=3)=O)CCC2)=O)=C1,0.006524128909222782
COC1=C(OC)C(OC)=CC(NC([C@H](C(C)C)NC(C2=CC(C)=CC=C2)=O)=O)=C1,0.00938439609017223
CC1=CC=C(S(N2[C@H](C(NC3CCCCCCC3)=O)CCC2)(=O)=O)C=C1,0.008716491004452109
CCN(S(C1=CC(C(N[C@H](C(N2CC(C)CCC2)=O)C(C)C)=O)=CC=C1)(=O)=O)CC,0.006052934611216187
COC1=CC=C(S(N[C@H](C(NNC(C2=NC=CC=C2)=O)=O)C(C)C)(=O)=O)C=C1,0.002845511765917763
CC([C@@H](C(OCCN1CCOCC1)=O)NC(C1=C(C)C=CC=C1)=O)C,0.00838183588348329
CC([C@@H](C(NC1=CC=C(Cl)C=C1)=O)NC(C1=C(F)C=CC=C1F)=O)C,0.005703417642507702
CC([C@@H](C(OCC1=NC=CC=C1)=O)NS(C1=CC=C(C)C=C1)(=O)=O)C,0.005211240286007524
CC1=CC=C(S(N2[C@H](C(NC3CCCCCC3)=O)CCC2)(=O)=O)C=C1,0.00830936231650412
CC[C@@H]([C@@H](C(OCC1=NC=CC=C1)=O)NC(OCC1=CC=CC=C1)=O)C,0.006088313087821007
CC([C@@H](C(OCC1=NC=CC=C1)=O)NS(C1=CC=C(Br)C=C1)(=O)=O)C,0.006182188144885003
COC1=CC=C(S(N[C@H](C(NC2=CC(F)=CC=C2)=O)C(C)C)(=O)=O)C=C1,0.005216772831045091
O=C(N1CCN(C2=NC=CC=N2)CC1)[C@H]1N(C(C2SC=CC=2)=O)CCC1,0.0049485425697639585
CC([C@@H](C(N1CCN(C2=NC=CC=N2)CC1)=O)NC(OCC1=CC=CC=C1)=O)C,0.00393465933157131
CCN(S(C1=CC(C(N[C@H](C(NC(CCC2=CC=CC=C2)C)=O)C(C)C)=O)=CC=C1)(=O)=O)CC,0.007149829692207277
C[C@@H](C(NC1SC=C(C2=CC=C(C(C)(C)C)C=C2)N=1)=O)NC(C1OC=CC=1)=O,0.007391786272637546
COC1=CC=C(S(N[C@H](C(NC2SC(CC(C)C)=NN=2)=O)C(C)C)(=O)=O)C=C1,0.005333435232751071
COC([C@H](NC(CSC1=C(N(=O)=O)C=C(C(F)(F)F)C=C1)=O)CC1C2=C(C=CC=C2)NC=1)=O,0.0020899212569929658
COC([C@H](NC(C1=C(C)C(C(C)=O)=C(C)N1)=O)CC1C2=C(C=CC=C2)NC=1)=O,0.0071153363678604364
COC([C@H](NC(C1=CC=C(N(C)C)C=C1)=O)CC1C2=C(C=CC=C2)NC=1)=O,0.0040272176032885906
CC1N(C)C(CNC([C@@H](NC(C2SC=CC=2)=O)CC2=CC=CC=C2)=O)=CC=1,0.007198212295770645
CC([C@@H](C(NCC1N(C)C(C)=CC=1)=O)NC(C1=CC(S(N2CCOCC2)(=O)=O)=CC=C1)=O)C,0.005302363191731274
CN(C([C@H]1N(S(C2=CC=C(C)C=C2)(=O)=O)CCC1)=O)CC(NC1=C(Cl)C=CC=C1)=O,0.005282383249141276
COC(C1=CC(NC([C@H](C(C)C)NC(C2=CC=C(OC)C=C2)=O)=O)=CC=C1)=O,0.006996837165206671
CC[C@@H]([C@@H](C(N(CC1=CC=C(OCC=C)C=C1)C)=O)NC(C1=CC=CC=C1)=O)C,0.010528994398191572
CC([C@@H](C(N1CCN(CC2=C(C)C=CC=C2)CC1)=O)NC(CC1=CC=CC=C1)=O)C,0.009557830216363073
O=C(N[C@H](C1NC2=C(C=CC=C2)N=1)CC1=CC=CC=C1)CC1C2CC(CC2)C1,0.005821110890246927
O=C(N[C@H](C1NC2=C(C=CC=C2)N=1)CC1=CC=CC=C1)CCC(N1C2=C(C=CC=C2)NC(=O)C1)=O,0.003395932086277753
CC[C@@H]([C@@H](C(NC1=CC2=C(OC(=N2)C)C=C1)=O)NC(C1=CC=CC=C1)=O)C,0.005546279926784336
COC(C1=C(C)N=C(NC([C@H](C(C)C)NC(C2=CC=C(F)C=C2)=O)=O)S1)=O,0.007160711078904569
CC([C@@H](C(NCCC1=CC(F)=CC=C1)=O)N1C(=O)C2=C(C=CC=C2)C1=O)C,0.003984852239955217
CCN(C([C@H](C(C)C)NS(C1=CC2=C(OCCO2)C=C1)(=O)=O)=O)CC,0.006882929429411888
CC[C@@H]([C@@H](C(NCC(C)C)=O)NC(C1=CC=CC=C1)=O)C,0.008599923923611641
CC1=CC=C(S(N2[C@H](C(NC3=CC=C(SC(F)F)C=C3)=O)CCC2)(=O)=O)C=C1,0.003586975543294102
FC1=CC=C(CNC([C@@H](NC(C2OC=CC=2)=O)CC2=CC=CC=C2)=O)C=C1,0.0064813867444172505
FC1=CC=C(CNC([C@@H](NC(C2SC=CC=2)=O)CC2=CC=CC=C2)=O)C=C1,0.004826119123026729
COC1=CC(C(N[C@H](C(NC2CC2)=O)C(C)C)=O)=CC(OC)=C1,0.009517583111301065
C[C@@H](C(NC1=CC2=C(NC(N2)=O)C=C1)=O)NC(C1=CC=C(Br)C=C1)=O,0.0027984987769741564
COC1=CC=C(S(N[C@H](C(N2CCN(C3=NC=CC=N3)CC2)=O)C(C)C)(=O)=O)C=C1,0.004139302193652839
CC(NNC([C@@H](NC(OCC1=CC=CC=C1)=O)CC1=CC=CC=C1)=O)=O,0.002389658655738458
CC([C@@H](C(N1CCN(C2=NC=CC=N2)CC1)=O)NS(C1=C(F)C=CC=C1)(=O)=O)C,0.003488020459190011
COC1=CC(OC)=C(NC([C@H]2N(C(OC(C)(C)C)=O)CCC2)=O)C=C1,0.006324302661232651
CC([C@@H](C(NNC(C1=CC2=C(OCO2)C=C1)=O)=O)NS(C1=CC=C(C)C=C1)(=O)=O)C,0.003539121872745454
CC(CCC(NC([C@H]1N(S(C2=CC=C(C)C=C2)(=O)=O)CCC1)=O)C)C,0.007526701199822128
COC1=C(NC([C@@H](N2C(=O)C3=C(C=C(C(=C3)Cl)Cl)C2=O)C)=O)C=C(C)C(Cl)=C1,0.004434527817647904
COC1=C(Cl)C=C(NC([C@@H](NC(N)=O)C)=O)C=C1,0.0032502044923603535
CC([C@@H](C(NCCC1C2=C(C=CC=C2)NC=1)=O)NC(C1=CC=C(F)C=C1)=O)C,0.004497052251826972
CC[C@@H]([C@@H](C(NCCC1C2=C(C=CC=C2)NC=1)=O)NC(C1=CC=C(Cl)C=C1)=O)C,0.005243932863231748
CC([C@@H](C(NNC(C1=C(C)OC(C)=C1)=O)=O)NC(C1OC=CC=1)=O)C,0.0067896103952080015
COC([C@H](NC(CSC1=CC=C(C)C=C1)=O)CC1C2=C(C=CC=C2)NC=1)=O,0.004115659114904702
COC([C@H](NC(C1CC(=O)N(C2CC2)C1)=O)CC1C2=C(C=CC=C2)NC=1)=O,0.004951717983931303
CCOC1=C(OCCCC(N[C@@H](C(OC)=O)CC2C3=C(C=CC=C3)NC=2)=O)C=CC=C1,0.004287973768077791
COC([C@H](NC(C1=CC=C(NC(N)=O)C=C1)=O)CC1C2=C(C=CC=C2)NC=1)=O,0.002982851199340075
COC([C@H](NC(C1=CC(N(=O)=O)=C(NC2CC2)C=C1)=O)CC1C2=C(C=CC=C2)NC=1)=O,0.0033709548064507545
COC([C@H](NC(C1CCN(C(C2CC2)=O)CC1)=O)CC1C2=C(C=CC=C2)NC=1)=O,0.004560454888269306
COC([C@H](NC(C1=CC(OC)=C(OCC2=CC=CC=C2)C=C1)=O)CC1C2=C(C=CC=C2)NC=1)=O,0.004725687485188246
COC([C@H](NC(COC1=C(Cl)C=CC=C1)=O)CC1C2=C(C=CC=C2)NC=1)=O,0.003953496890608222
COC([C@H](NC(C1OCCC1)=O)CC1C2=C(C=CC=C2)NC=1)=O,0.0037158542312681676
COC([C@H](NC(CCC1CCCC1)=O)CC1C2=C(C=CC=C2)NC=1)=O,0.005967478035017848
COC([C@H](NC(C1=CC=C(OC2=CC=CC=C2)C=C1)=O)CC1C2=C(C=CC=C2)NC=1)=O,0.0038700874778442086
COC([C@H](NC(CC1=CC=C(OC)C=C1)=O)CC1C2=C(C=CC=C2)NC=1)=O,0.004374817782081664
C[C@@H](C(N1CCN(S(C2=CC3=C(C=CC=C3)C=C2)(=O)=O)CC1)=O)NC(C1OC=CC=1)=O,0.0048048468073830005
CCOC1=C(OCC)C(OCC)=CC(C(N[C@@H](C(OC)=O)CC2C3=C(C=CC=C3)NC=2)=O)=C1,0.004809058969840407
CCCCCC(N[C@@H](C(OC)=O)CC1C2=C(C=CC=C2)NC=1)=O,0.00432971459813416
COC([C@H](NC(C1=CC2=C(NC(=C2C)C)C=C1)=O)CC1C2=C(C=CC=C2)NC=1)=O,0.004913520812988281
COC([C@H](NC(CC1C2CC(CC2)C1)=O)CC1C2=C(C=CC=C2)NC=1)=O,0.006141342618502676
COC([C@H](NC(C1=CC(N(=O)=O)=CC(C(OC)=O)=C1)=O)CC1C2=C(C=CC=C2)NC=1)=O,0.0028869100962765513
CC([C@@H](C(N(CC1SC(Cl)=CC=1)C)=O)NC(CC1=CC=CC=C1)=O)C,0.008594387932680548
COC([C@H](NC(C1=CC=C(OC(C)C)C=C1)=O)CC1C2=C(C=CC=C2)NC=1)=O,0.004835569951683283
CC([C@@H](C(N1CCN(C2=CC=C(N(=O)=O)C=C2)CC1)=O)NC(C1=CC=C(C)C=C1)=O)C,0.004818304814398289
C[C@@H](C(N1CCC(C2SC3=C(C=CC=C3)N=2)CC1)=O)NC(C1OC=CC=1)=O,0.0059672956820577385
CC[C@@H]([C@@H](C(NCC1=CC(C(F)(F)F)=CC=C1)=O)NC(C1=CC=CC=C1)=O)C,0.005414023296907544
CC([C@@H](C(NCC1=C(F)C=CC=C1)=O)NC(C1=C(F)C=CC=C1)=O)C,0.006735081318765879
CC([C@@H](C(NCC1=CC2=C(OCCO2)C=C1)=O)NC(C1=C(F)C=CC=C1F)=O)C,0.007936119567602873
COC([C@H](C(C)C)NC(C1=C(Cl)N(CC2=CC=C(C)C=C2)N=C1C)=O)=O,0.008729400299489497
COC([C@H](C(C)C)NC(CN1C(=O)C2=C(SC=C2C2SC=CC=2)N=C1)=O)=O,0.006066001276485622
COC1=C(OC(F)F)C=CC(CN(C([C@H](C(C)C)NC(C2=C(C)C=CC=C2)=O)=O)C)=C1,0.008159302966669202
CC[C@@H]([C@@H](C(NCC1OC2=C(C=CC=C2)OC1)=O)NC(C1=CC=CC=C1)=O)C,0.009429787378758192
C[C@@H](C(NC1SC=C(C2=C(C)C=C(C)C(C)=C2)N=1)=O)NC(C1=C(Cl)C=CC=C1)=O,0.006012408598326147
C[C@@H](C(N(CC1C(C2=CC=C(Cl)C=C2)=NN(C2=CC=CC=C2)C=1)C)=O)NC(C1OC=CC=1)=O,0.007291392120532691
COC(CCCNC([C@H](C(C)C)NC(C1OC=CC=1)=O)=O)=O,0.008360334113240242
COC(CCCNC([C@H](C(C)C)NC(C1=C(F)C=CC=C1)=O)=O)=O,0.006715403241105378
C[C@@H](C(NCCC1=C(C)C=CC=C1)=O)N1C(=O)C2C(CC=CC2)C1=O,0.006004449282772839
CN(C([C@H]1N(S(C2=CC=C(C)C=C2)(=O)=O)CCC1)=O)CC(NC1=C(C)C(C)=CC=C1)=O,0.005796811310574412
O=C(N[C@H](C1NC2=C(C=CC=C2)N=1)CC1=CC=CC=C1)CCS(C1=CC2=C(OCCO2)C=C1)(=O)=O,0.0029708389774896204
O=C(C1=CC=C(CN2C(=O)CCC2=O)C=C1)N[C@H](C1NC2=C(C=CC=C2)N=1)CC1=CC=CC=C1,0.0015216380706988275
CC1=CC=C(S(N2[C@H](C(NCC(NC3=C(C)C=C(C)C=C3C)=O)=O)CCC2)(=O)=O)C=C1,0.005499605741351843
COC1=CC(C(N[C@H](C(N(CC2=C(Cl)C=CC=C2F)C)=O)C(C)C)=O)=CC(OC)=C1,0.008046716102398932
O=C(C1=NNC(=O)C=C1)N[C@H](C1NC2=C(C=CC=C2)N=1)CC1=CC=CC=C1,0.002974772220477462
O=C(N[C@H](C1NC2=C(C=CC=C2)N=1)CC1=CC=CC=C1)CCCN1C2=C(C=CC=C2)OC1=O,0.0027971258736215533
O=C(C1OC=CC=1)N[C@H](C(N1CCN(C(C2=CC=CC=C2)=O)CC1)=O)CC1=CC=CC=C1,0.007893546554259955
CC1=CC(S(NCCC(N[C@H](C2NC3=C(C=CC=C3)N=2)CC2=CC=CC=C2)=O)(=O)=O)=C(C)C=C1,0.002736171061405912
CSC1=CC=C(CN(C([C@H](C(C)C)NC(C2OC=CC=2)=O)=O)C)C=C1,0.010191663727164268
O=C(N[C@H](C1NC2=C(C=CC=C2)N=1)CC1=CC=CC=C1)CCNS(C1=CC=CC=C1)(=O)=O,0.002586439670994878
NC(C1=CC=C(CNC([C@H]2N(C(C3SC=CC=3)=O)CCC2)=O)C=C1)=O,0.005456768115982414
CN(S(C1SC(Cl)=CC=1)(=O)=O)CC(N[C@H](C1NC2=C(C=CC=C2)N=1)CC1=CC=CC=C1)=O,0.0021335908793844284
COC1=C(OC)C=C(CCC(N[C@H](C2NC3=C(C=CC=C3)N=2)CC2=CC=CC=C2)=O)C=C1,0.004671917553059757
CC([C@@H](C(N1CCN(S(CC2=CC=CC=C2)(=O)=O)CC1)=O)NS(C1=CC=CC=C1)(=O)=O)C,0.005425298772752285
CC([C@@H](C(N1CCN(CC2=CC=C(Cl)C=C2)CC1)=O)NC(CC1=CC=CC=C1)=O)C,0.008145845727995038
CC(OC(N1[C@H](C(NC2=CC3=C(OCCCO3)C=C2)=O)CCC1)=O)(C)C,0.006499817804433405
CC([C@@H](C(NCC1N=C2N(C=CC=C2)C=1)=O)NC(C1=CC(C)=CC=C1)=O)C,0.005493490619119257
CC([C@@H](C(N(CC1OC=CC=1)C)=O)NC(C1=CC=C(Cl)C=C1)=O)C,0.009027769858948886
C[C@@H](C(NC1=CC2=C(OCCCO2)C=C1)=O)NC(C1=CC(N(=O)=O)=CC=C1)=O,0.004802002536598593
O=C([C@H]1N(C(C2OC=CC=2)=O)CCC1)NC1=CC2=C(OCCCO2)C=C1,0.007370332535356283
C[C@@H](C(NCCC1=C(F)C=CC=C1)=O)NS(C1=CC=C(Br)C=C1)(=O)=O,0.004837159882299602
C[C@@H](C(N1CCN(CC2=C3C(C=CC=C3)=CC=C2)CC1)=O)NC(NC1=CC=CC=C1)=O,0.003973562596365809
CC[C@@H]([C@@H](C(NC1SC2=C(C=CC=C2)N=1)=O)NC(C1=CC=CC=C1)=O)C,0.0071676563937217
CC([C@@H](C(N1CCN(CC(NC2=CC=C(F)C=C2)=O)CC1)=O)NC(C1OC=CC=1)=O)C,0.006117871729657054
CC1=CC=C(S(N2[C@H](C(OCC3=CC=C(N4N=CC=C4)C=C3)=O)CCC2)(=O)=O)C=C1,0.005820975080132485
CC([C@@H](C(NC(C1OC2=C(C=CC=C2)C=1)C)=O)NC(C1OC=CC=1)=O)C,0.010111478669568897
C[C@@H](C(NC1=CC2=C(OC(=N2)C)C=C1)=O)NC(C1=CC=C(Br)C=C1)=O,0.005467754090204835
CC([C@@H](C(N1CCN(CC2=CC=C(C#N)C=C2)CC1)=O)NC(C1=CC=C(F)C=C1)=O)C,0.00497164404951036
CC([C@@H](C(N1CCN(S(C2=C(F)C=C(F)C=C2)(=O)=O)CC1)=O)NC(OCC1=CC=CC=C1)=O)C,0.003631493216380477
CCN(S(C1=CC(C(N[C@H](C(NCC2N3C(C=CC=C3)=NN=2)=O)C(C)C)=O)=CC=C1)(=O)=O)CC,0.00500309846829623
CC([C@@H](C(NCC1N2C(C=CC=C2)=NN=1)=O)NS(C1=CC=CC=C1)(=O)=O)C,0.004264173738192767
CC([C@@H](C(N1CCN(CC(NC2=C(Cl)C=CC=C2)=O)CC1)=O)NC(C1OC=CC=1)=O)C,0.0068426252575591205
C[C@@H](C(NCC1N2C(C=CC=C2)=NN=1)=O)NC(C1=C(Cl)C=CC=C1)=O,0.00497941616922617
CC([C@@H](C(OCC1=CC=C(N2N=CC=C2)C=C1)=O)NC(CC1=CC=CC=C1)=O)C,0.007858815998770297
CCOC1=C(S(N(C)C)(=O)=O)C=C(NC([C@@H](NC(NC2=CC=CC=C2)=O)C)=O)C=C1,0.003727655322290957
C[C@@H](C(NCC1=C(CN2CCOCC2)C=CC=C1)=O)NC(C)=O,0.006652363226749003
CCOC1=C(S(N2CCOCC2)(=O)=O)C=C(NC([C@@H](NC(C2OC=CC=2)=O)C)=O)C=C1,0.004961303318850696
C[C@@H](C(NCC1=C(CN2CCOCC2)C=CC=C1)=O)NC(C1=CC(N(=O)=O)=CC=C1)=O,0.004168354591820389
CC([C@@H](C(NC1=CC(N2C(=O)CCC2)=CC=C1)=O)NC(C1=CC(C)=CC=C1)=O)C,0.00805156324058771
CCOC1=C(S(N(C)C)(=O)=O)C=C(NC([C@H](C(C)C)NC(OCC2=CC=CC=C2)=O)=O)C=C1,0.004707433038856834
C[C@@H](C(NC1=CC2=C(OC(O2)(F)F)C=C1)=O)NS(C1=CC=CC=C1)(=O)=O,0.002897765731904656
COC1=C(OC)C(OC)=CC(CNC([C@@H](NC(C2SC=CC=2)=O)CC2=CC=CC=C2)=O)=C1,0.006965741072781384
COC1=C(F)C=C(CN2CCN(C([C@H](C(C)C)NC(C3OC=CC=3)=O)=O)CC2)C=C1,0.0069045730167999865
COC([C@H](NC(C1=NC2=C(C=CC=C2)C=C1)=O)CC1C2=C(C=CC=C2)NC=1)=O,0.004214135697111487
CC([C@@H](C(NC(CCC1=CC=CC=C1)C)=O)NC(C1=CC=C(Cl)C=C1)=O)C,0.009753223415464163
COC1=CC=C(NC([C@@H](NS(C2=C(F)C=CC=C2)(=O)=O)C)=O)C=C1,0.0036307041067630053
COCCCNC([C@@H](NC(C1SC=CC=1)=O)CC1C2=C(C=CC=C2)NC=1)=O,0.003363974147941917
CC([C@@H](C(N1CC2=C(C=CC=C2)CC1)=O)NC(C1=CC=C(Cl)C=C1)=O)C,0.00939141921699047
CC([C@@H](C(NCC1=CC=NC=C1)=O)NS(C1=CC=C(C)C=C1)(=O)=O)C,0.0047023562947288156
CCOCCCNC([C@H](C(C)C)NC(C1=CC=C(C(C)(C)C)C=C1)=O)=O,0.010449959430843592
CC([C@@H](C(NNC(C1CC1)=O)=O)NC(C1=C(Cl)C=C(Cl)C=C1)=O)C,0.00507005121326074
C[C@@H](C(NC1=CC2=C(N=C(S2)C)C=C1)=O)NC(OCC1=CC=CC=C1)=O,0.0038437158451415598
COC([C@@H](NC(C1=CC(CS(C)(=O)=O)=CC=C1)=O)CC1=CC=CC=C1)=O,0.0060625023441389205
COC([C@@H](NC(C1=CC=C(C(F)(F)F)C=C1)=O)CC1=CC=CC=C1)=O,0.005211191286798566
O=C(OCC1=CC=CC=C1)N[C@H](C(NCCC1SC=CC=1)=O)CC1C2=C(C=CC=C2)NC=1,0.002866520278621465
CCOC(N1CCC(NC([C@H](C(C)C)NC(C2=CC=C(Cl)C=C2)=O)=O)CC1)=O,0.005627241148613393
CCN(C(CN(C([C@H]1N(S(C2=CC=C(C)C=C2)(=O)=O)CCC1)=O)C)=O)CC,0.008016975806094706
C[C@@H](C(N1CCN(CC2=CC=C(C#N)C=C2)CC1)=O)NC(C1=CC=CC=C1)=O,0.005445913318544627
C[C@@H](C(NOCC1=CC=CC=C1)=O)NC1C2=C(C=CC=C2)S(=O)(=O)N=1,0.000815780772245489
CC[C@@H]([C@@H](C(NOCC1=CC=CC=C1)=O)NC1C2=C(C=CC=C2)S(=O)(=O)N=1)C,0.0010107793495990336
C[C@@H](C(N(CC1=CSC=C1)C)=O)NC1C2=C(C=CC=C2)S(=O)(=O)N=1,0.0036679971031844615
COC1=CC=C(S(N[C@H](C(N2CCC(C(NC3=CC=CC=C3)=O)CC2)=O)C)(=O)=O)C=C1,0.004553937201853842
COC([C@@H](NC(C1=CC=C(S(N2CCN(C(C)=O)CC2)(=O)=O)C=C1)=O)CC1=CC=CC=C1)=O,0.0045279066194780174
CC(C1=CC=C(OC([C@H]2N(S(C3=C(C)ON=C3C)(=O)=O)CCC2)=O)C=C1)=O,0.009191697696223855
CC([C@@H](C(N(CC1=C(N2CCOCC2)C=CC=C1)C)=O)NC(C1=C(Cl)C=C(N(=O)=O)C=C1)=O)C,0.004741619667038321
C[C@@H](C(N(CC1=C(N2CCCC2)C=CC=C1)C)=O)NS(C1=C(C)ON=C1C)(=O)=O,0.006164930830709636
COC1=CC(C(N[C@H](C(N(CC2=C(N3CCCCC3)C=CC=C2)C)=O)C(C)C)=O)=CC(OC)=C1,0.008530009491369128
O=C(NC1=CC=C(N2CCCC2)C=C1)COC([C@H]1N(C(C2OC=CC=2)=O)CC2=C(C=CC=C2)C1)=O,0.007732991850934923
NC([C@H]1N(S(C2=CC3=C(OCCO3)C=C2)(=O)=O)CC2=C(C=CC=C2)C1)=O,0.0057745096273720264
CC[C@@H]([C@@H](C(N1CCC(C(NC2=CC=CC=C2)=O)CC1)=O)NC1C2=C(C=CC=C2)S(=O)(=O)N=1)C,0.003183488524518907
O=C(C1CCN(C([C@H]2N(C3C4=C(C=CC=C4)S(=O)(=O)N=3)CCC2)=O)CC1)NC1=CC=CC=C1,0.0034858922590501606
CC([C@@H](C(OCC1=NOC(C2=CC=CC=C2)=C1)=O)NC(CC1=CC=CC=C1)=O)C,0.008795060077682137
CC([C@@H](C(OCC1N=C(C2=CSC=C2)SC=1)=O)NC(CC1=CC=CC=C1)=O)C,0.006586594297550619
COC1=CC(OC)=CC(NC([C@H](C(C)C)NC(C2=CC=C(Cl)C=C2)=O)=O)=C1,0.006621318776160479
COC1=C(C(N[C@H](C(N2CC3=C(C=CC=C3)CC2)=O)C(C)C)=O)C=CC=C1,0.010687229642644524
CC([C@@H](C(N1CCCCC1)=O)NC(C1=CC=C(C(C)(C)C)C=C1)=O)C,0.011081000324338675
CC([C@@H](C(N1CCCCCC1)=O)NS(C1=C(F)C=CC=C1)(=O)=O)C,0.0053952347952872515
CC([C@@H](C(NC1=CC(C)=C(C)C=C1)=O)NS(C1=C(F)C=CC=C1)(=O)=O)C,0.004583736881613731
CC[C@@H]([C@@H](C(N1CC(C)CC(C)C1)=O)NC1C2=C(C=CC=C2)S(=O)(=O)N=1)C,0.003981352946721017
C[C@@H](C(NC1=CC2=C(C=CC=C2)C=C1)=O)NS(C1=C(F)C=CC=C1)(=O)=O,0.0031168772256933153
CC(N[C@H](C(N1CCN(CC2=CC=CC=C2)CC1)=O)CC1C2=C(C=CC=C2)NC=1)=O,0.004723483137786389
COC1=C(C(N[C@H](C(NCC2=CN=CC=C2)=O)C(C)C)=O)C=CC=C1,0.008009578823111952
COC1=C(C(N[C@H](C(NCC2=NC=CC=C2)=O)C(C)C)=O)C=CC=C1,0.008418534859083593
NC(CC[C@@H](C(NCC1CCCCC1)=O)NC(OCC1=CC=CC=C1)=O)=O,0.006477416795678437
CC([C@@H](C(NCC1=NC=CC=C1)=O)NS(C1=CC=CC=C1)(=O)=O)C,0.004363941727206111
CC(N[C@H](C(NC1=CC(Cl)=C(F)C=C1)=O)CC1C2=C(C=CC=C2)NC=1)=O,0.0029976052523124964
CC(CNC([C@@H](NC(OCC1=CC=CC=C1)=O)CC1C2=C(C=CC=C2)NC=1)=O)C,0.0035025500459596516
COC1=CC=C(S(N[C@H](C(N2CCN(C3=NC=CC=N3)CC2)=O)C)(=O)=O)C=C1,0.0036121716373600067
CCC1=CC(NC([C@H](C(C)C)NS(C2=C(F)C=CC=C2)(=O)=O)=O)=CC=C1,0.004520806728396565
COC1=NC=C(NC([C@@H](NC(C)=O)CC2C3=C(C=CC=C3)NC=2)=O)C=C1,0.0035357279004529117
CC([C@@H](C(NNC(C1=C(C)C=C(C)C=C1)=O)=O)NS(C1=C(F)C=CC=C1)(=O)=O)C,0.002463709295261651
COC([C@@H](NC(C1=CC=C(C2SCCS2)C=C1)=O)C)=O,0.00606140773743391
C[C@@H](C(NC1=C(O)C=C(C)C=C1)=O)NS(C1=C(F)C=CC=C1)(=O)=O,0.0024115561856888233
COC([C@@H](NC(C1=CC=C(NC(C2OC=CC=2)=O)C=C1)=O)CC1=CC=CC=C1)=O,0.007071057567372918
COC([C@@H](NC(C1=CC(S(N2CCCCC2)(=O)=O)=C(C)C=C1)=O)CC1=CC=CC=C1)=O,0.004918086645193398
COC([C@@H](NC(C1=CC2=C(OCCCO2)C(Cl)=C1)=O)CC1=CC=CC=C1)=O,0.00725825394038111
COC([C@@H](NC(CNC(C1=CC=CC=C1)=O)=O)CC1=CC=CC=C1)=O,0.006013276614248752
COC([C@@H](NC(C1CCN(S(C2=C(F)C=CC(F)=C2)(=O)=O)CC1)=O)CC1=CC=CC=C1)=O,0.00455158012919128
COC([C@@H](NC(C1=CC=C(N2N=CC=C2)C=C1)=O)CC1=CC=CC=C1)=O,0.005888835829682648
COC([C@@H](NC(C1=CC(S(NCC2SC=CC=2)(=O)=O)=CC=C1)=O)CC1=CC=CC=C1)=O,0.004357101523783058
COC([C@@H](NC(C1=CC2=C(N=CS2)C=C1)=O)CC1=CC=CC=C1)=O,0.005265719792805612
COC([C@@H](NC(C1=CC(OCC2=C(C)ON=C2C)=CC=C1)=O)CC1=CC=CC=C1)=O,0.007141965255141258
COC([C@@H](NC(C1=CC=C(N2C(=O)CCC2)C=C1)=O)CC1=CC=CC=C1)=O,0.006088629108853638
COC([C@@H](NC(CC1=CC=C(N2C(=O)CCC2)C=C1)=O)CC1=CC=CC=C1)=O,0.0069558609975501895
COC([C@@H](NC(C1=CC(CN2C(=O)CCC2)=CC=C1)=O)CC1=CC=CC=C1)=O,0.006609034445136786
CC([C@@H](C(N(CC1NC(=O)C2=C(C=CC=C2)N=1)C)=O)NC1=C(Cl)C=C(C(F)(F)F)C=C1)C,0.0034993228211533276
CC[C@@H]([C@@H](C(NCC#C)=O)NC1C2=C(C=CC=C2)S(=O)(=O)N=1)C,0.0027912502409890294
C[C@@H](C(N(CC1NC(=O)C2=C(C=CC=C2)N=1)C)=O)NC(C1=CC=CC=C1)=O,0.004230389930307865
CC([C@@H](C(NCCOC1=CC=CC=C1)=O)NS(C1=CC=C(C)C=C1)(=O)=O)C,0.005210074922069907
C[C@@H](C(NCC1(N2CCOCC2)CCCCC1)=O)NC(C1=CC=CC=C1)=O,0.00938624464906752
CC(C1=C(C)C=CC=C1)NC([C@@H](NC(C1SC=CC=1)=O)CC1C2=C(C=CC=C2)NC=1)=O,0.0049481708323583
C[C@@H](C(N1CCC(C2OC3=C(C=CC=C3)N=2)CC1)=O)NC(C1OC=CC=1)=O,0.005037605902180076
CC([C@@H](C(NCCC1SC=CC=1)=O)NS(C1=C(F)C=CC=C1)(=O)=O)C,0.003513864486012608
COC1=CC2=C(C=C([C@@H](C(NCCC3SC=CC=3)=O)C)C=C2)C=C1,0.00731995590031147
CC([C@@H](C(NCCC1SC=CC=1)=O)NS(C1=CC=C(C)C=C1)(=O)=O)C,0.004886814649216831
CCOC(N1CCC(NC([C@H](C(C)C)NC(C2=CC(OC)=CC(OC)=C2)=O)=O)CC1)=O,0.0061288282973691825
CC([C@@H](C(NNC(C1=C(C)C=CC=C1)=O)=O)NC(C1=C(C)C=CC=C1)=O)C,0.005562115833163262
CC(C1=CC(NC([C@@H](NC(C2OC=CC=2)=O)CC2=CC=CC=C2)=O)=CC=C1)C,0.009040965046733618
CC([C@@H](C(NOCC1=CC=CC=C1)=O)NS(C1=CC=C(C)C=C1)(=O)=O)C,0.0013764231727691368
CC([C@@H](C(NOCC1=CC=CC=C1)=O)NS(C1=CC=C(Br)C=C1)(=O)=O)C,0.0015142344229388982
COC1=CC=C(S(N[C@H](C(NOCC2=CC=CC=C2)=O)C(C)C)(=O)=O)C=C1,0.0015099574520718306
CC1=CC=C(S(N2[C@H](C(NOCC3=CC=CC=C3)=O)CCC2)(=O)=O)C=C1,0.0012483641854487359
CC(C1=CC(NC([C@@H](NC(C)=O)CC2C3=C(C=CC=C3)NC=2)=O)=CC=C1)C,0.00487119376193732
COC1=CC=C(CN(C([C@@H](NC(COC2=CC=CC=C2)=O)C)=O)C2CC2)C=C1,0.009494738327339292
ClC1=CC=C(C(N[C@H](C(NCC2N3C(C=CC=C3)=NN=2)=O)CC2C3=C(C=CC=C3)NC=2)=O)C=C1,0.0038472029846161604
CC(N[C@H](C(N1CCN(CC2SC=CC=2)CC1)=O)CC1C2=C(C=CC=C2)NC=1)=O,0.00396646730368957
COC1=CC2=C(C=C([C@@H](C(NN(C3=CC=CC=C3)C)=O)C)C=C2)C=C1,0.00432672873721458
ClC1=CC=C(OCCN2CCN(C([C@@H](NC(C3OC=CC=3)=O)CC3=CC=CC=C3)=O)CC2)C=C1,0.005779257579706609
C[C@@H](C(N(CC1=CSC=C1)C)=O)NS(C1=CC=C(F)C=C1)(=O)=O,0.0037137630046345294
COC1=CC2=C(C=C([C@@H](C(N3CCC(C(NC4=CC5=C(OCO5)C=C4)=O)CC3)=O)C)C=C2)C=C1,0.006931493547745049
C[C@@H](C(NCCC1=CC(F)=CC=C1)=O)NS(C1=CC(Cl)=CC=C1)(=O)=O,0.0037804281804710627
C[C@@H](C(NCCC1=CC(F)=CC=C1)=O)NS(C1=CC=CC=C1)(=O)=O,0.003673200402408838
COC(C1=C(C)N=C(NC([C@H](C(C)C)NC(C2=C(F)C=CC=C2)=O)=O)S1)=O,0.0072294149547815325
COC([C@@H](NC(C1=CC=C(N2C(C)=CC=N2)C=C1)=O)CC1=CC=CC=C1)=O,0.00638654415961355
COC([C@@H](NC(C1=NNC(=O)C=C1)=O)CC1=CC=CC=C1)=O,0.003642604371998459
CC([C@@H](C(NCCCN1C=NC=C1)=O)NC(OCC1=CC=CC=C1)=O)C,0.0034459171700291337
COC1=C(N2CCN(C([C@@H](NS(C3=C(C)ON=C3C)(=O)=O)C)=O)CC2)C=CC=C1,0.004507359932176769
CCS(N1[C@H](C(NC2=CC(N(=O)=O)=CC=C2)=O)CC2=C(C=CC=C2)C1)(=O)=O,0.003004478622460738
CCC1SC(NC([C@@H](NS(C2=C(C)ON=C2C)(=O)=O)C)=O)=NN=1,0.003973618161398918
COC([C@@H](NC(C1=C(Cl)C=CC(Br)=C1)=O)CC1=CC=CC=C1)=O,0.0075078470632433895
COC([C@@H](NC(C1=CC2=C(OCCCO2)C=C1)=O)CC1=CC=CC=C1)=O,0.007396279275417328
COC([C@@H](NC(C1OC(C2=C(Cl)C=CC=C2)=CC=1)=O)CC1=CC=CC=C1)=O,0.006939989351667464
FC1=CC=C(C2N=C(CCC(N[C@H](C3NC4=C(C=CC=C4)N=3)CC3=CC=CC=C3)=O)ON=2)C=C1,0.0029693631222471595
COC1=C(OC(F)F)C=CC(CNC([C@@H](NS(C2=C(C)ON=C2C)(=O)=O)C)=O)=C1,0.004355704365298152
CC1SC=C(C2=CC=C(NC([C@H]3N(C(C4OC=CC=4)=O)CCC3)=O)C=C2)N=1,0.005901521374471486
FC(C1=CN=C(N2CCN(C([C@H]3N(C(C4SC=CC=4)=O)CCC3)=O)CCC2)C=C1)(F)F,0.004375692957546562
CN(C([C@H]1N(C(OC(C)(C)C)=O)CCC1)=O)CC1=CC=C(N2CCCCC2)C=C1,0.009506433364003896
CC[C@@H]([C@@H](C(OCC1=C(Cl)SN=N1)=O)NC(C1=CC=C(Cl)C=C1)=O)C,0.005877787712961435
C[C@@H](C(OC(C(NC1=C(C(N)=O)C=CS1)=O)C)=O)NS(C1=CC(Cl)=C(Cl)C=C1)(=O)=O,0.003920579829718917
CC(C(NC(C)(C)C)=O)OC([C@H]1N(S(C2=CC(C)=C(C)C=C2)(=O)=O)CC(O)C1)=O,0.003105015354231
CC([C@@H](C(NC1=NN(C)C=C1)=O)NC(OCC1=CC=CC=C1)=O)C,0.0045325685758143665
CN1N=C(NC([C@H]2N(C3C4=C(C=CC=C4)S(=O)(=O)N=3)CCC2)=O)C=C1,0.003162095125298947
COC([C@@H](NS(C1=CC(C(C)=O)=CC=C1)(=O)=O)CC1=CC=CC=C1)=O,0.007582715386524797
COC([C@@H](NS(C1=CC2=C(OCC2)C=C1)(=O)=O)CC1=CC=CC=C1)=O,0.0046536901500076056
COC([C@@H](NS(C1=C(Cl)C=CC=C1)(=O)=O)CC1=CC=CC=C1)=O,0.004078849754296243
COC([C@@H](NS(C1=CC2=C(NC(CC2)=O)C=C1)(=O)=O)CC1=CC=CC=C1)=O,0.004280098434537649
CC(NC1=CC=C(S(N2[C@H](C(N)=O)CC3=C(C=CC=C3)C2)(=O)=O)C=C1)=O,0.004533469642046839
NC([C@H]1N(S(C2=CC=C(C#N)C=C2)(=O)=O)CC2=C(C=CC=C2)C1)=O,0.004566993622574955
NC([C@H]1N(S(C2=C(C#N)C=CC=C2)(=O)=O)CC2=C(C=CC=C2)C1)=O,0.004247172945179045
OC([C@H]1N(S(C2=CC(C#N)=CC=C2)(=O)=O)[C@@H]2[C@@H](CCCC2)C1)=O,0.004359405318973586
OC([C@H]1N(S(C2=CC=C(C#N)C=C2)(=O)=O)[C@@H]2[C@@H](CCCC2)C1)=O,0.004357941925991327
OC([C@H]1N(S(C2=C(C#N)C=CC=C2)(=O)=O)[C@@H]2[C@@H](CCCC2)C1)=O,0.004021245072362944
NC([C@H]1N(S(C2=C(Cl)C=CC(C(F)(F)F)=C2)(=O)=O)CC2=C(C=CC=C2)C1)=O,0.003612300578970462
NC([C@H]1N(S(C2=CC3=C(CCCC3)C=C2)(=O)=O)CC2=C(C=CC=C2)C1)=O,0.008454384142532944
C[C@@H](C(N(C1CS(=O)(=O)CC1)C)=O)NC(OCC1=CC=CC=C1)=O,0.004759191302582622
COC([C@@H](NC(C1=NN(CCOC2=CC=CC=C2)C(=O)C=C1)=O)CC1=CC=CC=C1)=O,0.007483887020498514
COC1=CC(C(N[C@H](C(NC2CC3C(CCCC3)CC2)=O)C(C)C)=O)=CC(OC)=C1,0.012044813483953476
COC1=CC=C(S(N[C@H](C(N(CC2=CN(CC3=CC=CC=C3)N=C2)C)=O)C(C)C)(=O)=O)C=C1,0.00649905598256737
C[C@@H](C(NCCC1N=C(C)SC=1)=O)NC1C2=C(C=CC=C2)S(=O)(=O)N=1,0.0031551697524264456
CC([C@@H](C(N1CCCCC1)=O)NC(C1=C(Cl)C=C(N(=O)=O)C=C1)=O)C,0.004588062805123627
COC([C@@H](NC(C1=CC=C(N2C=CC=C2)C=C1)=O)CC1=CC=CC=C1)=O,0.006573650962673127
CCCN(C([C@@H](NS(C1=C(F)C=CC=C1)(=O)=O)C)=O)CC1=CC=CC=C1,0.004484620643779635
C[C@@H](C(N1CCN(CC2=C(F)C=CC=C2)CC1)=O)NS(C1=C(C(F)(F)F)C=CC=C1)(=O)=O,0.002607385645387694
CC([C@@H](C(NC1=NC=CC=C1)=O)NS(C1=CC2=C(OCCO2)C=C1)(=O)=O)C,0.004713218077085912
COC1=C(OC)C=C(CCN(C(CCCC[C@H]2[C@@H]3[C@@H](NC(N3)=O)CS2)=O)C)C=C1,0.005136899318313226
COC([C@@H](NC(C1=NN2C(N=C(C=C2C)C)=N1)=O)CC1=CC=CC=C1)=O,0.0054431356722489
C[C@@H](C(OCC1=C(F)C(F)=CC=C1)=O)N1C(=O)C2=C(C=C(C(=C2)Cl)Cl)C1=O,0.004672696033958345
C[C@@H](C(N(CC1=CN(C)N=C1)C)=O)NS(C1=C(C)ON=C1C)(=O)=O,0.0062239788006991145
COC1=C(OCCNC([C@H](C(C)C)NC2C3=C(C=CC=C3)S(=O)(=O)N=2)=O)C=CC=C1,0.004237520415335894
CC([C@@H](C(N(CC1=C(N2CCOCC2)C=CC=C1)C)=O)NC1C2=C(C=CC=C2)S(=O)(=O)N=1)C,0.003865961357951164
O=C(NC1=C(N2CCCC2)C=CC=C1)CCCC[C@H]1[C@@H]2[C@@H](NC(N2)=O)CS1,0.004607290442800149
NC([C@H]1N(S(C2=CC(C(F)(F)F)=C(Cl)C=C2)(=O)=O)CC2=C(C=CC=C2)C1)=O,0.003772451973054558
CCOC(C1=CC=C(S(N2[C@H](C(N)=O)CC3=C(C=CC=C3)C2)(=O)=O)C=C1)=O,0.005947835487313568
CC(C1=CC=C(S(N2[C@@H]3[C@@H](CCCC3)C[C@H]2C(O)=O)(=O)=O)C=C1)=O,0.007970678200945259
CC1C(S(N2[C@H](C(N)=O)CC3=C(C=CC=C3)C2)(=O)=O)=C(C)N(C)N=1,0.005471177143044769
NC([C@H]1N(S(C2=CC(Br)=CC=C2)(=O)=O)CC2=C(C=CC=C2)C1)=O,0.006308243097737432
COC([C@@H](NC(C=CC1=C(C)N(CC2=CC=C(C)C=C2)N=C1C)=O)C)=O,0.008191476692445576
C[C@@H](C(N1C(C)C2=C(SC=C2)CC1)=O)NC1C2=C(C=CC=C2)S(=O)(=O)N=1,0.004424003348685801
C[C@@H](C(N(CC1=CN(C2=CC=CC=C2)N=C1)C)=O)NC(C1OC=CC=1)=O,0.007442806125618517
CC([C@@H](C(N1CCN(CC2=CSC=C2)CC1)=O)NS(C1=CC=C(C)C=C1)(=O)=O)C,0.005215198802761734
O=C([C@H]1N(C(C2SC=CC=2)=O)CCC1)NC1=CC(C(NC2CC2)=O)=CC=C1,0.006040119309909641
CC([C@@H](C(NC1SC(C(C)C)=NN=1)=O)NC(C1=CC=CC=C1)=O)C,0.007204986992292106
COC1=CC=C(C=CC(N[C@H](C(OC(C(N(C(C)C)C(C)C)=O)C)=O)C)=O)C=C1,0.01104609165340662
COC1=CC=C(NC(C2=CC=C(CN3[C@H](C(N)=O)CC4=C(C=CC=C4)C3)C=C2)=O)C=C1,0.0070228466065600514
COC1=CC=C(S(N[C@H](C(NCCCN2C(=O)CCCCC2)=O)C(C)C)(=O)=O)C=C1,0.005189546081237495
C[C@@H](C(N1CC(C2=CC=CC=C2)OCC1)=O)NC(OCC1=CC=CC=C1)=O,0.00517020309343934
C[C@@H](C(N(CC1=CN(CC2=CC=CC=C2)N=C1)C)=O)NC(C1=CC(N(=O)=O)=CC=C1)=O,0.004771008517127484
C[C@@H](C(N(CC1=CN(CC2=CC=CC=C2)N=C1)C)=O)NS(C1=CC=C(Cl)C=C1)(=O)=O,0.0051902365172281865
CC([C@@H](C(NC1CC2C(CCCC2)CC1)=O)NC(C1=C(Cl)C=CC=C1)=O)C,0.01208563121035695
C[C@@H](C(N(CC1=CN(CC2=CC=CC=C2)N=C1)C)=O)NS(C1=C(C)ON=C1C)(=O)=O,0.00654143076390028
O=C(NC1=CC=C(C(N2CCCC2)=O)C=C1)CCCC[C@H]1[C@@H]2[C@@H](NC(N2)=O)CS1,0.0040886557660996916
COC([C@@H](NS(C1C(=O)N(C)C(=O)N(C)C=1)(=O)=O)CC1=CC=CC=C1)=O,0.005564636131748557
CCN(S(C1=CC(C(N[C@H](C(N2CCCCCC2)=O)C(C)C)=O)=CC=C1)(=O)=O)CC,0.00725733176805079
CCN1C2=C(C=C(C(N[C@H](C(OC)=O)C)=O)C=C2)N=C(C)C1=O,0.00557933677919209
COC1=CC(CNC([C@@H](NS(C2=C(C(F)(F)F)C=CC=C2)(=O)=O)C)=O)=CC=C1,0.003086755005642772
COC([C@@H](NC(C1=CC=C(NC(C)=O)C=C1)=O)CC1=CC=CC=C1)=O,0.005199353047646582
CC1N(C)C(CNC([C@@H](NC(C2OC=CC=2)=O)CC2=CC=CC=C2)=O)=CC=1,0.009462801553308964
C[C@@H](C(N(CC1=C(Cl)C=CC=C1F)C)=O)NS(C1=C(C(F)(F)F)C=CC=C1)(=O)=O,0.0032593836484011264
CC([C@@H](C(NC1CN(CC2=CC=CC=C2)CC1)=O)NC(C1=CC=CC=C1)=O)C,0.008897736389189958
COC1=C(F)C=C(CN(C([C@@H](NS(C2=C(C(F)(F)F)C=CC=C2)(=O)=O)C)=O)C)C=C1,0.004350218817126006
C[C@@H](C(OCC1=CC(Cl)=C2C(OCO2)=C1)=O)NC(C1OC=CC=1)=O,0.006610482302494347
C[C@@H](C(NCCCN(C1=CC=CC=C1)C)=O)NS(C1=CC=C(C)C=C1)(=O)=O,0.0046634875470772386
CC([C@@H](C(NCCCN(C1=CC=CC=C1)C)=O)NS(C1=C(F)C=CC=C1)(=O)=O)C,0.004241452272981405
CC([C@@H](C(NCC1SC2=C(C=CC=C2)N=1)=O)NS(C1=C(F)C=CC=C1)(=O)=O)C,0.0037687956588342785
C[C@@H](C(OCC1=CC2=C(OCCCO2)C(Cl)=C1)=O)NC(C1OC=CC=1)=O,0.007811827166005969
CC(C1=NC(N2CCN(C([C@@H](NC(C)=O)CC3C4=C(C=CC=C4)NC=3)=O)CC2)=CC(C)=N1)C,0.0038644731510430576
CC(C1=NC(N2CCN(C([C@@H](NC(C3OC=CC=3)=O)C)=O)CC2)=CC(C)=N1)C,0.006061953771859407
COC([C@@H](NC(CN1C(=O)C2=C(N(N=C2)C)N=C1)=O)CC1=CC=CC=C1)=O,0.0064367849845439196
COC([C@@H](NC(C1=CC=C(OCC2N=C(C)ON=2)C=C1)=O)CC1=CC=CC=C1)=O,0.006236798269674182
COC([C@@H](NC(CC1=C(C)OC(C2=CC=CC=C2)=N1)=O)CC1=CC=CC=C1)=O,0.005181177682243287
COC([C@@H](NC(C1=CC2=C(N(C(C)C)N=C2)N=C1)=O)CC1=CC=CC=C1)=O,0.0068451032275334
COC([C@@H](NC(CN1C(=O)C2=C(C=CC=C2)C(C)=N1)=O)CC1=CC=CC=C1)=O,0.005730080488137901
COC([C@@H](NC(CC1N=C(C2OC=CC=2)SC=1)=O)CC1=CC=CC=C1)=O,0.006198764895088971
CC1=CC(C)=C(S(N2CCN(C(CCCC[C@H]3[C@@H]4[C@@H](NC(N4)=O)CS3)=O)CC2)(=O)=O)C=C1,0.002700282170553692
CNC(NC(CCN1[C@H](C(N)=O)CC2=C(C=CC=C2)C1)=O)=O,0.0015744839562103151
C[C@@H](C(OCC1N=C(C2=CC=C(C)C=C2)OC=1)=O)NC(C1OC=CC=1)=O,0.005629839585162699
CC([C@@H](C(NC1=CC2=C(NC(N2)=O)C=C1)=O)NS(C1=CC=C(C)C=C1)(=O)=O)C,0.0021489763516001404
C[C@@H](C(NCC1=CC=C(OC2=CC=C(F)C=C2)C=C1)=O)NC(C1=CC(N(=O)=O)=CC=C1)=O,0.0038727349252440034
COC1=CC2=C(C=C([C@@H](C(NC3=CC4=C(N(C(C)C)N=C4)N=C3)=O)C)C=C2)C=C1,0.007802383112721145
CN(C([C@@H](NC(C)=O)CC1C2=C(C=CC=C2)NC=1)=O)CC1=C(N2CCOCC2)C=CC=C1,0.004584545188117772
COC1=CC=C(C2N(C([C@@H](NC(N)=O)C)=O)CCCCC2)C=C1,0.0051211625104770064
CN(C([C@@H](NC(C1OC=CC=1)=O)CC1=CC=CC=C1)=O)CC1=CN(CC2=CC=CC=C2)N=C1,0.009753376711159945
CCOC([C@H](C(C)C)NC(C1=CC(S(N2CCOCC2)(=O)=O)=CC=C1)=O)=O,0.005914407968521118
C[C@@H](C(OCC1=CC=C(N2N=CC=C2)C=C1)=O)NS(C1=CC2=C(OCCCO2)C=C1)(=O)=O,0.004599891253747046
NC([C@H]1N(CC2N=C(C3=CC=C(F)C=C3)OC=2)CC2=C(C=CC=C2)C1)=O,0.004706640518270433
C[C@@H](C(OCC1=CC=C(OC(F)(F)F)C=C1)=O)NC(C1=CC(N(=O)=O)=CC=C1)=O,0.0032712821383029224
NC([C@H]1N(CCCC2=CC=CC=C2)CC2=C(C=CC=C2)C1)=O,0.011930545978248119
CC([C@@H](C(N1CCN(CC2=NC=CC=C2)CC1)=O)NC(C1=CC=C(Cl)C=C1)=O)C,0.006661525485105813
CC(N[C@H](C(N1CCN(C2=CC(C)=CC=C2)CC1)=O)CC1C2=C(C=CC=C2)NC=1)=O,0.00441976182628423
COC1=CC2=C(C=C([C@@H](C(NC3=C(OC(F)(F)F)C=CC=C3)=O)C)C=C2)C=C1,0.005696017073933035
CC([C@@H](C(OCC1=CC=C(C(N)=O)C=C1)=O)NC(C1=C(F)C=CC=C1F)=O)C,0.0060675398912280794
C[C@@H](C(OCC1=CC=C(C(N)=O)C=C1)=O)NS(C1=C(F)C=CC=C1)(=O)=O,0.003403687628451735
NC(C1=CC=C(COC([C@@H](NC(C2OC=CC=2)=O)CC2=CC=CC=C2)=O)C=C1)=O,0.007635259907692671
CC1SC(C)=C(S(N2[C@H](C(N)=O)CC3=C(C=CC=C3)C2)(=O)=O)C=1,0.0048834639601409435
C[C@@H](C(NCCN1C2=C(C=CC=C2)N=C1C)=O)NS(C1=CC=C(Br)C=C1)(=O)=O,0.0035437825485132636
CC([C@@H](C(N1CCN(CC2=NC=CC=C2)CC1)=O)NC(C1=CC(C)=CC=C1)=O)C,0.00783112640492618
C[C@@H](C(OCC1C(C2=CC=CC=C2)=NN(C2=CC=CC=C2)C=1)=O)NC(C1OC=CC=1)=O,0.008184536639600993
CC([C@@H](C(N(C)C)=O)NC1=C(Cl)C=C(C(F)(F)F)C=C1)C,0.005189040815457702
O=C([C@@H](NC(C1OC=CC=1)=O)CC1=CC=CC=C1)NC1=CC2=C(OCCO2)C=C1,0.00648579893168062
COC1=CC2=C(C=C([C@@H](C(N(C3CCCC3)C)=O)C)C=C2)C=C1,0.01413553231395781
C[C@@H](C(NC1=CC=C(OC2=C(Cl)C=CC=C2)C=C1)=O)N1C(=O)C2C(CC=CC2)C1=O,0.004466019431129098
COC1=C(COC([C@@H](NC(C2OC=CC=2)=O)C)=O)C=C(Cl)C=C1,0.007145421812310815
C[C@@H](C(OCC1OC2=C(C=CC=C2)N=1)=O)NC(C1OC=CC=1)=O,0.004874664754606783
CC([C@@H](C(NCC1OCCC1)=O)NC1C2=C(C=CC=C2)S(=O)(=O)N=1)C,0.00397912566550076
CC([C@@H](C(NCCOC1=CC(C)=CC=C1)=O)NC1C2=C(C=CC=C2)S(=O)(=O)N=1)C,0.003807374811731279
CC([C@@H](C(N(CC1=C(C)C=C(C)C=C1)C)=O)NC1C2=C(C=CC=C2)S(=O)(=O)N=1)C,0.0054232482332736255
COC1=C(OC2=CC=C(NC([C@@H](NS(C3=CC=C(Cl)C=C3)(=O)=O)C)=O)C=C2)C=CC=C1,0.004551427706610411
NC(CCN(C1=CC=CC=C1)C(CN1[C@H](C(N)=O)CC2=C(C=CC=C2)C1)=O)=O,0.010854883771389722
CS(N1CCN(C(CN2[C@H](C(N)=O)CC3=C(C=CC=C3)C2)=O)CC1)(=O)=O,0.005053627490997315
CC1=C(Cl)C=C(NC(CCCC[C@H]2[C@@H]3[C@@H](NC(N3)=O)CS2)=O)C=C1,0.003457875843741931
CC(C1=CC(Cl)=CC=C1)NC(CCCC[C@H]1[C@@H]2[C@@H](NC(N2)=O)CS1)=O,0.003885841657756828
CN(C(CCCC[C@H]1[C@@H]2[C@@H](NC(N2)=O)CS1)=O)CC1=CC=C(Br)C=C1,0.0046527893689926715
CC1=C(NC(CCCC[C@H]2[C@@H]3[C@@H](NC(N3)=O)CS2)=O)C=CC(Cl)=C1,0.003425034385873005
COC1=CC(CN2CCN(C(CCCC[C@H]3[C@@H]4[C@@H](NC(N4)=O)CS3)=O)CC2)=C(OC)C=C1,0.003935459587955848
CC(C1=C(Cl)C=C(Cl)C(F)=C1)NC(CCCC[C@H]1[C@@H]2[C@@H](NC(N2)=O)CS1)=O,0.0036726390651892872
ClC1=CC(NC(CCCC[C@H]2[C@@H]3[C@@H](NC(N3)=O)CS2)=O)=CC=C1,0.003137011965736747
FC(C1=CC(NC(CCCC[C@H]2[C@@H]3[C@@H](NC(N3)=O)CS2)=O)=CC=C1)(F)F,0.0028992304287385195
CC(C(C1=CC2=C(OCCO2)C=C1)NC(CCCC[C@H]1[C@@H]2[C@@H](NC(N2)=O)CS1)=O)C,0.00522108516888693
CN(C(CCCC[C@H]1[C@@H]2[C@@H](NC(N2)=O)CS1)=O)CC(NC1=C(C)C=C(Br)C=C1)=O,0.004713475063908845
CCN(C(CCCC[C@H]1[C@@H]2[C@@H](NC(N2)=O)CS1)=O)CC1SC(Cl)=CC=1,0.0031731807306641714
CC(C1=CC2=C(OCCO2)C=C1)NC(CCCC[C@H]1[C@@H]2[C@@H](NC(N2)=O)CS1)=O,0.004529116919729859
O=C([C@H]1N(C(C2OC=CC=2)=O)CCC1)NC1=C2C3=C(CCC3=CC=C2)C=C1,0.0093000671826303
CC([C@@H](C(OCC1=NC(N(C)C)=NC(N)=N1)=O)NC(CC1=CC=CC=C1)=O)C,0.005981392157264054
CC1=CC=C(S(N2[C@H](C(N3CCN(CC4OC=CC=4)CC3)=O)CCC2)(=O)=O)C=C1,0.006253721821121871
C[C@@H](C(NCC1=CC=C(N(C)C)C=C1)=O)NS(C1=C(C(F)(F)F)C=CC=C1)(=O)=O,0.003009199775988236
CC(OC(COC([C@@H](NC(C1=C(Cl)C=CC=C1)=O)CC1C2=C(C=CC=C2)NC=1)=O)=O)(C)C,0.0050680027576163415
COC1=CC=C(S(N[C@H](C(N2CCC(NC(C3=CC=CC=C3)=O)CC2)=O)C)(=O)=O)C=C1,0.004220902489032596
CC[C@@H]([C@@H](C(OCC1OC(C2=CC=C(Cl)C=C2)=NN=1)=O)NC(OCC1=CC=CC=C1)=O)C,0.00519819559995085
C[C@@H](C(OCC1N=C(C2=CSC=C2)SC=1)=O)NC(OCC1=CC=CC=C1)=O,0.00490030376240611
NS(C1=CC=C(S(N[C@@H]2C(=O)OCC2)(=O)=O)C=C1)(=O)=O,0.0040768177947029475
OC([C@@H](NC(C1=CC(N2C(=O)CCC2)=CC=C1)=O)CC1=CC=CC=C1)=O,0.004833240364678204
OC([C@@H](NC(C1=CC(S(NC2CC2)(=O)=O)=CC=C1)=O)CC1C2=C(C=CC=C2)NC=1)=O,0.0028618534561246634
C[C@@H](C(N1CC2=C(NC3=C2C=CC=C3)CC1)=O)NC(OCC1=CC=CC=C1)=O,0.003272123576607555
FC(CNC(C1=C(NC(CCCC[C@H]2[C@@H]3[C@@H](NC(N3)=O)CS2)=O)C=CC=C1)=O)(F)F,0.003776752657722682
CCN(C(CCCC[C@H]1[C@@H]2[C@@H](NC(N2)=O)CS1)=O)CC1=CC(F)=CC=C1,0.003364920924650505
CC1N(C(CCCC[C@H]2[C@@H]3[C@@H](NC(N3)=O)CS2)=O)C2=C(C=CC=C2)C1,0.00427219441626221
BrC1=CC(NC(CCCC[C@H]2[C@@H]3[C@@H](NC(N3)=O)CS2)=O)=CC=C1,0.004208152025239542
CC1=CC2=C(N(C(CCCC[C@H]3[C@@H]4[C@@H](NC(N4)=O)CS3)=O)CCC2)C=C1,0.0044334761390928176
FC1=CC(F)=C(NC(CCCC[C@H]2[C@@H]3[C@@H](NC(N3)=O)CS2)=O)C=C1,0.0031150622002314777
CCN(C(CCCC[C@H]1[C@@H]2[C@@H](NC(N2)=O)CS1)=O)CC1=CC2=C(OCO2)C=C1,0.0044502886128611864
COC1=CC(NC(CCCC[C@H]2[C@@H]3[C@@H](NC(N3)=O)CS2)=O)=C(OC)C=C1,0.003935804986394942
CC([C@@H](C(NOCC1=CC=CC=C1)=O)NC1C2=C(C=CC=C2)S(=O)(=O)N=1)C,0.000989885040326044
COC1=C(OC)C(OC)=CC(NC([C@H](C(C)C)NC2C3=C(C=CC=C3)S(=O)(=O)N=2)=O)=C1,0.004268038051668555
COC1=CC=C(NC([C@H](C(C)C)NC2C3=C(C=CC=C3)S(=O)(=O)N=2)=O)C=C1,0.0036808342207223176
CC([C@@H](C(NC1=CC(F)=CC=C1)=O)NC1C2=C(C=CC=C2)S(=O)(=O)N=1)C,0.002873279503546655
CCOC1=CC=C(NC(CCCC[C@H]2[C@@H]3[C@@H](NC(N3)=O)CS2)=O)C=C1,0.00398497965070419
COC1=C(OC)C=C(CCNC(CCCC[C@H]2[C@@H]3[C@@H](NC(N3)=O)CS2)=O)C=C1,0.0047927068313583735
CCOC1=C(NC(CCCC[C@H]2[C@@H]3[C@@H](NC(N3)=O)CS2)=O)C=CC=C1,0.0041591025306843225
COC([C@H](NC(C1=C(C)C(C(OC)=O)=C(C)N1)=O)CC1C2=C(C=CC=C2)NC=1)=O,0.005105439620092511
O=C(NC1CCCC1)CCCC[C@H]1[C@@H]2[C@@H](NC(N2)=O)CS1,0.004600216180551797
O=C(N1CCCCCCC1)CCCC[C@H]1[C@@H]2[C@@H](NC(N2)=O)CS1,0.004904196277493611
CC(NC(CCCC[C@H]1[C@@H]2[C@@H](NC(N2)=O)CS1)=O)CCC1=CC=CC=C1,0.004817273886874318
C[C@@H](C(N1CCN(C2=NC=CC=N2)CC1)=O)NS(C1=C(C(F)(F)F)C=CC=C1)(=O)=O,0.002297001704573631
COC1=C(OC)C=C(CNC(CCCC[C@H]2[C@@H]3[C@@H](NC(N3)=O)CS2)=O)C=C1,0.004618905211100355
O=C(N1CCCCCC1)CCCC[C@H]1[C@@H]2[C@@H](NC(N2)=O)CS1,0.004475281946361065
CC1OC(C)CN(C(CCCC[C@H]2[C@@H]3[C@@H](NC(N3)=O)CS2)=O)C1,0.0038636330747976897
COC(CNC([C@H](C(C)C)NS(C1=CC2=C(OCCO2)C=C1)(=O)=O)=O)=O,0.005777551094070077
C[C@@H](C(NC1=CC=C(CC2SC3=C(C=CC=C3)N=2)C=C1)=O)NS(C1=CC=C(Cl)C=C1)(=O)=O,0.003693733678665012
C[C@@H](C(NNC(C1=C(O)C=CC=C1)=O)=O)NS(C1=CC=C(Br)C=C1)(=O)=O,0.0019176870700903237
CN(C(CCCC[C@H]1[C@@H]2[C@@H](NC(N2)=O)CS1)=O)CC1=CC2=C(OCO2)C=C1,0.004286587407113985
CCC(C1=CC=CC=C1)CNC(CCCC[C@H]1[C@@H]2[C@@H](NC(N2)=O)CS1)=O,0.004502047336427495
CC(C1=CC=C(Br)C=C1)NC(CCCC[C@H]1[C@@H]2[C@@H](NC(N2)=O)CS1)=O,0.005092905904166401
CN(C([C@@H](NC(C1SC=CC=1)=O)CC1C2=C(C=CC=C2)NC=1)=O)CC1OC=CC=1,0.004518000711686909
CC([C@@H](C(NCC1SC2=C(C=CC=C2)N=1)=O)NC1C2=C(C=CC=C2)S(=O)(=O)N=1)C,0.003624509018845856
COC1=CC=C(S(N[C@H](C(NCC2SC3=C(C=CC=C3)N=2)=O)C(C)C)(=O)=O)C=C1,0.005042733123991639
C[C@@H](C(N1CCC(C(N2CCOCC2)=O)CC1)=O)NS(C1=C(F)C=CC=C1)(=O)=O,0.004207759024575352
FC1=C(CN2CCN(C(CCCC[C@H]3[C@@H]4[C@@H](NC(N4)=O)CS3)=O)CC2)C(Cl)=CC=C1,0.0027657213824568315
C[C@@H](C(NCCC1=C(F)C=CC=C1)=O)NS(C1=CC=C(F)C=C1)(=O)=O,0.003558884130325168
COC1=CC=C(OCCN(C([C@H](C(C)C)NC2C3=C(C=CC=C3)S(=O)(=O)N=2)=O)C)C=C1,0.005092130531556905
CCC(C1CCC(NC(CCCC[C@H]2[C@@H]3[C@@H](NC(N3)=O)CS2)=O)CC1)(C)C,0.00691873598843813
C[C@@H](C(NCC1=C(CN2CCOCC2)C=CC=C1)=O)NS(C1=C(C(F)(F)F)C=CC=C1)(=O)=O,0.0030066320090554655
COC1=CC=C(CN(C(CCCC[C@H]2[C@@H]3[C@@H](NC(N3)=O)CS2)=O)C2CC2)C=C1,0.004683663230389356
CC([C@@H](C(N(CC(NC(C)(C)C)=O)C)=O)NS(C1=CC2=C(OCCO2)C=C1)(=O)=O)C,0.007365822861902416
COC1=C(OC)C(OC)=CC(C(N[C@H](C(NCCCN(CC2=CC=CC=C2)C)=O)C(C)C)=O)=C1,0.009270418132655323
CN(C(CCCC[C@H]1[C@@H]2[C@@H](NC(N2)=O)CS1)=O)CCOC1=CC(C)=CC=C1,0.004559313534991815
CC[C@@H]([C@@H](C(N(CC1=CN(CC2=CC=CC=C2)N=C1)C)=O)NC1C2=C(C=CC=C2)S(=O)(=O)N=1)C,0.004552890767809003
CNS(CC1=C(CNC([C@H](C(C)C)NC2=C(Cl)C=C(C(F)(F)F)C=C2)=O)C=CC=C1)(=O)=O,0.0037950636236928404
CNS(CC1=C(CNC([C@@H](NC(C)=O)CC2C3=C(C=CC=C3)NC=2)=O)C=CC=C1)(=O)=O,0.0031075316248461602
CNS(CC1=C(CNC([C@H](C(C)C)NC(CC2=CC=CC=C2)=O)=O)C=CC=C1)(=O)=O,0.006164994556456804
C[C@@H](C(OCC1=NC(N(C)C)=NC(N)=N1)=O)NC(C1=CC=CC=C1)=O,0.00449235481210053
C[C@@H](C(OCC1=C(Cl)C2=C(C=CC=C2)S1)=O)NC(C1OC=CC=1)=O,0.005661064898595214
C[C@@H](C(OCC1=NC(N(C)C)=NC(N)=N1)=O)N1C(=O)C2C(CCCC2)C1=O,0.0035174517543055117
C[C@@H](C(OCC1=NC(N(C)C)=NC(N)=N1)=O)N1C(=O)C2C(CC=CC2)C1=O,0.00353815593989566
ClC1=CC=C(C(NNC(CCCC[C@H]2[C@@H]3[C@@H](NC(N3)=O)CS2)=O)=O)C=C1,0.0018289454819750972
O=C(NC1=C2C(N=CC=C2)=CC=C1)CCCC[C@H]1[C@@H]2[C@@H](NC(N2)=O)CS1,0.0029728865891229363
ClC1=C(C(C2C3=C(C=CC=C3)NC=2)CNC(CCCC[C@H]2[C@@H]3[C@@H](NC(N3)=O)CS2)=O)C=CC=C1,0.002458098522038199
O=C(NC1CC2=C(C=CC=C2)CC1)CCCC[C@H]1[C@@H]2[C@@H](NC(N2)=O)CS1,0.005237491271691397
COC1=CC=C(C(N2CCOCC2)CNC(CCCC[C@H]2[C@@H]3[C@@H](NC(N3)=O)CS2)=O)C=C1,0.004066477564629167
CC(C1=CC=C(N2N=CN=C2)C=C1)N(C(CCCC[C@H]1[C@@H]2[C@@H](NC(N2)=O)CS1)=O)C,0.0034123290912248193
CC1=CC(NC(CCCC[C@H]2[C@@H]3[C@@H](NC(N3)=O)CS2)=O)=C(F)C=C1,0.0031612461229087786
CCOC1=CC=C(C2N(C(CCCC[C@H]3[C@@H]4[C@@H](NC(N4)=O)CS3)=O)CCC2)C=C1,0.004812983615556732
C[C@@H](C(NC1C2=C(C=CC=C2)CC1)=O)NS(C1=C(C)ON=C1C)(=O)=O,0.006366394669748842
NC([C@H]1N(CC2=C(N(=O)=O)C=C(C(N)=O)C=C2)CC2=C(C=CC=C2)C1)=O,0.006607426097616553
COC1=NC=C(NC([C@@H](NC(OCC2=CC=CC=C2)=O)C)=O)C=C1,0.00344834104180336
O=C(NC1=C(C(NCC2OC=CC=2)=O)C=CC=C1)CCCC[C@H]1[C@@H]2[C@@H](NC(N2)=O)CS1,0.004153916775248945
CC[C@@H]([C@@H](C(NCC1=CC=C(CS(NC(C)C)(=O)=O)C=C1)=O)NC(C1=CC=CC=C1)=O)C,0.006158735114149749
ClC1=C2C(OCCO2)=CC(CCNC(CCCC[C@H]2[C@@H]3[C@@H](NC(N3)=O)CS2)=O)=C1,0.003827890969114378
FC1=CC=C(N2CCN(C(CCCC[C@H]3[C@@H]4[C@@H](NC(N4)=O)CS3)=O)CC2)C=C1,0.003101307005272247
O=N(C1=CC(C(NNC(CCCC[C@H]2[C@@H]3[C@@H](NC(N3)=O)CS2)=O)=O)=CC=C1)=O,0.001371056585048791
COC1=CC2=C(C=C([C@@H](C(NNC(CNC3=CC=CC=C3)=O)=O)C)C=C2)C=C1,0.004063517122995108
CC([C@@H](C(OCC(NC1=C(N2C(=O)CCC2)C=CC=C1)=O)=O)NC(C1=CC=C(C)C=C1)=O)C,0.00832298407331109
CC(C1=CC(NC(COC([C@H]2N(C(C3OC=CC=3)=O)CC3=C(C=CC=C3)C2)=O)=O)=CC=C1)C,0.008989824680611491
COC1=CC=C(S(N[C@H](C(N2CC=C(C3=C(OC)C=C(OC)C=C3OC)CC2)=O)C)(=O)=O)C=C1,0.006306529487483203
CC([C@@H](C(NCC1=C(CN2C=NC=C2)C=CC=C1)=O)NS(C1=CC(Cl)=CC=C1)(=O)=O)C,0.0038084015250205994
CCN(S(C1=CC(C(N[C@H](C(OCC2=C(F)C=CC(C#N)=C2)=O)C(C)C)=O)=CC=C1)(=O)=O)CC,0.0046234925859607754
CC(OC([C@@H](NC(OCC1=CC=CC=C1)=O)CC1=CC=CC=C1)=O)C,0.00681914365850389
CC(COC([C@H]1N(C2C3=C(C=CC=C3)S(=O)(=O)N=2)CCC1)=O)C,0.004791736300103366
CC(OC(COC([C@H]1N(S(C2=CC=C(Cl)C=C2)(=O)=O)CCC1)=O)=O)(C)C,0.007311919913627207
CC(N[C@H](C(N1CCN(C2SC=CN=2)CC1)=O)CC1C2=C(C=CC=C2)NC=1)=O,0.0032971089240163565
COC1=CC=C(S(N[C@H](C(N2CCC3(OCCO3)CC2)=O)C)(=O)=O)C=C1,0.005899369018152356
C[C@@H](C(NC1NC=NN=1)=O)NC(OCC1=CC=CC=C1)=O,0.0017976477625779807
FC1=C(S(N[C@H](C(OCC2=CN(C3=CC=CC=C3)N=C2)=O)CC2=CC=CC=C2)(=O)=O)C=CC=C1,0.0042907096911221744
C[C@@H](C(NC1SC(CC2=C(Cl)C=CC=C2)=CN=1)=O)NC(C1OC=CC=1)=O,0.0051976403454318644
C[C@@H](C(OCC1=C(F)C=C(C#N)C=C1)=O)NC(C1OC=CC=1)=O,0.004694450634997338
CC1=C(C)C=C(S(N2[C@H](C(OCC3=C4C(C=CC=N4)=CC=C3)=O)CC(O)C2)(=O)=O)C=C1,0.0023735699825920163
CC([C@@H](C(OCC1N(C2=CC=CC=C2)N=NN=1)=O)NC(C1=CC=C(Cl)C=C1)=O)C,0.005230434704571962
CC1ON=C(COC([C@@H](NC(C2=CC=C(F)C=C2)=O)CC2C3=C(C=CC=C3)NC=2)=O)C=1,0.003967184748034924
CC(OC(COC([C@H]1N(S(C2=C(F)C=CC=C2)(=O)=O)CCC1)=O)=O)(C)C,0.006847371789626777
O=C(NC(C1=CC=CC=C1)C1CC1)CCCC[C@H]1[C@@H]2[C@@H](NC(N2)=O)CS1,0.0053762835683301095
ClC1=C(OCCN2CCN(C(CCCC[C@H]3[C@@H]4[C@@H](NC(N4)=O)CS3)=O)CC2)C=CC=C1,0.0034578601364046333
OC1CN(S(C2=CC3=C(NC(O3)=O)C=C2)(=O)=O)[C@H](C(O)=O)C1,0.0007228787188068963
CC1=CC=C(S(N2[C@H](C(NC3=CC=C(C(NC4CC4)=O)C=C3)=O)CC3=C(C=CC=C3)C2)(=O)=O)C=C1,0.005078961479011923
COC([C@H](NC(C1=C2C(N=CC=C2)=CC=C1)=O)CC1C2=C(C=CC=C2)NC=1)=O,0.004020995309110731
COC([C@@H](NC(C1CC(=O)N(C(C)C)C1)=O)CC1=CC=CC=C1)=O,0.007768745068460703
CS(CC1=CC(C(N[C@H](C(O)=O)CC2C3=C(C=CC=C3)NC=2)=O)=CC=C1)(=O)=O,0.003081868146546185
OC([C@@H](NC(C1=CC=C(N2C(=O)CCC2)C=C1)=O)CC1C2=C(C=CC=C2)NC=1)=O,0.0033232458052225413
CN(C1=C(N(=O)=O)C=C(C(N[C@H](C(O)=O)CC2C3=C(C=CC=C3)NC=2)=O)C=C1)C,0.0026292625989299268
OC([C@@H](NC(COC1=C2C(C=CC=C2)=C(Cl)C=C1)=O)CC1C2=C(C=CC=C2)NC=1)=O,0.00338163630804047
OC([C@@H](NC(C1=CC(N2C(=O)CCC2)=CC=C1)=O)CC1C2=C(C=CC=C2)NC=1)=O,0.0032540269778110085
OC([C@@H](NC(C1=CC(CN2C(=O)CCC2)=CC=C1)=O)CC1C2=C(C=CC=C2)NC=1)=O,0.0035996884922496974
OC([C@@H](NC(C1=CC=C(N2C(=O)CCCC2)C=C1)=O)CC1C2=C(C=CC=C2)NC=1)=O,0.003139979555271566
O=C(C1=CC(N2S(=O)(=O)CCC2)=CC=C1)N[C@H](C1NC2=C(C=CC=C2)N=1)CC1=CC=CC=C1,0.002180019178194925
CC([C@@H](C(OCC1N=C2N(C=CC(=C2)C)C(=O)C=1)=O)NC1=C(Cl)C=C(C(F)(F)F)C=C1)C,0.005184006597846747
CC(N[C@H](C(OCC1=C(Br)C=C(F)C=C1)=O)CC1C2=C(C=CC=C2)NC=1)=O,0.0038886299240402876
COC1=CC=C(S(N[C@H](C(N2CCN(C3SC=CN=3)CC2)=O)C(C)C)(=O)=O)C=C1,0.003962686832528562
CC([C@@H](C(N1CCN(C2SC=CN=2)CC1)=O)NC(OCC1=CC=CC=C1)=O)C,0.004308393911924213
C[C@@H](C(NC1=CC(Cl)=C(F)C=C1)=O)NS(C1=C(C(F)(F)F)C=CC=C1)(=O)=O,0.0024273241637274624
CC([C@@H](C(NC1=CC(C2N(C)N=NN=2)=CC=C1)=O)NC(OCC1=CC=CC=C1)=O)C,0.0035859826835803687
O=C(N1CC2=C(SC=C2)CC1)COC([C@H]1N(C(C2OC=CC=2)=O)CC2=C(C=CC=C2)C1)=O,0.009303711680695414
C[C@@H](C1N(CCC(NC(N)=O)=O)C2=C(C=CC=C2)N=1)NC(C1=CC=CC=C1)=O,0.0013360695797018708
O=C(N1CCN(CC2ON=C(C3SC=CC=3)N=2)CC1)[C@H]1N(C(C2SC=CC=2)=O)CCC1,0.006455967552028596
C[C@@H](C(NC1=C2C(C=CN=C2)=C(N2CCCCC2)C=C1)=O)NC(OCC1=CC=CC=C1)=O,0.0038182624150067566
CC([C@@H](C(NC1=CC=C(NC(CN2CCOCC2)=O)C=C1)=O)NC(OCC1=CC=CC=C1)=O)C,0.005265113641507923
CC([C@@H](C(OCC1C(C#N)=C2N(C=CC=C2)C=1)=O)NC(CC1=CC=CC=C1)=O)C,0.006119644362479448
CC(OC(N1CCN(C(CCCC[C@H]2[C@@H]3[C@@H](NC(N3)=O)CS2)=O)CC1)=O)(C)C,0.003870622214162722
COC1=CC=C(S(N[C@H](C(NCC2(N3CCOCC3)CCCCC2)=O)C(C)C)(=O)=O)C=C1,0.006340633216314018
CCOC(N1CCC(NC([C@@H](NS(C2=C(C(F)(F)F)C=CC=C2)(=O)=O)C)=O)CC1)=O,0.002853876544395462
CC[C@@H]([C@@H](C(NOC)=O)NC1C2=C(C=CC=C2)S(=O)(=O)N=1)C,0.0007308858635951765
CS(NC1=C(F)C=CC(NC([C@@H](NC(OCC2=CC=CC=C2)=O)CC2=CC=CC=C2)=O)=C1)(=O)=O,0.003007596137467772
C[C@@H](C(NC1=C(C(NCC(F)(F)F)=O)C=CC=C1)=O)NS(C1=CC(Cl)=CC=C1)(=O)=O,0.0031605872849468143
CC([C@@H](C(N1CC(C2=CC=CC=C2)OCC1)=O)NC1C2=C(C=CC=C2)S(=O)(=O)N=1)C,0.0042602479341439905
CCOC([C@H](C(C)C)NS(C1=CC2=C(OCCO2)C=C1)(=O)=O)=O,0.00620471746660769
CCCOC([C@H](C(C)C)NS(C1=CC2=C(OCCO2)C=C1)(=O)=O)=O,0.0062625047517940406
O=C(C1CCN(C(C2=CC=NC=C2)=O)CC1)N[C@H](C1NC2=C(C=CC=C2)N=1)CC1=CC=CC=C1,0.0030640100769232957
CC([C@@H](C(NCCCN1C(=O)CCC1)=O)NC(OCC1=CC=CC=C1)=O)C,0.004905005625914782
CN(C(CCCC[C@H]1[C@@H]2[C@@H](NC(N2)=O)CS1)=O)CC1NC2=C(C=CC=C2)N=1,0.0018555211019702256
CC1C2N(C=CC=2)CCN1C(CCCC[C@H]1[C@@H]2[C@@H](NC(N2)=O)CS1)=O,0.00407923647435382
C[C@@H](C1=C(Cl)C(Cl)=C(Cl)C=C1)N,0.017075599869713187
C[C@@H](C1=C(Cl)C(Cl)=C(Cl)C=C1)N.Cl,0.015444120578467845
CCC1=CC=C(C(N2CCN(C([C@@H](NS(C3=CC=C(NC(C)=O)C=C3)(=O)=O)C)=O)CC2)=O)C=C1,0.004223558644298464
C[C@@H](C1=C(C)C=C(C)C=C1)O,0.008522279467433691
CC1(OC2=C(C=CC=C2OCCNC(CCCC[C@H]2[C@@H]3[C@@H](NC(N3)=O)CS2)=O)C1)C,0.004742804705165327
CNS(C1OC(C(N[C@H](C(OC)=O)CC2=CC=CC=C2)=O)=CC=1)(=O)=O,0.004664599592797458
COC1=C(N2C(=O)CCC2)C=C(NC(CCCC[C@H]2[C@@H]3[C@@H](NC(N3)=O)CS2)=O)C=C1,0.004089291515992954
CC(CCNC([C@H]1N(C2C3=C(C=CC=C3)S(=O)(=O)N=2)CCC1)=O)(C)C,0.004616302298381924
C[C@@H](C(NCC1SC=C(C)N=1)=O)NC1C2=C(C=CC=C2)S(=O)(=O)N=1,0.003034292662050575
O=C(NC1=C2C(N=CC=C2)=CC=C1)COC([C@H]1N(C(C2OC=CC=2)=O)CCC1)=O,0.006018308480270207
O=C(NCCCC1NC2=C(C=CC=C2)N=1)CCCC[C@H]1[C@@H]2[C@@H](NC(N2)=O)CS1,0.002022435871185735
C[C@@H](C(NC1=C2C(C=CN=C2)=C(N2CCCCC2)C=C1)=O)NS(C1=C(C)ON=C1C)(=O)=O,0.00410624397918582
C[C@@H](C(NCC1=CC=C(COCC(F)(F)F)C=C1)=O)NC1C2=C(C=CC=C2)S(=O)(=O)N=1,0.0031613205734174698
CC([C@@H](C(N1CC2=C(SC=C2)CC1)=O)NS(C1=CC2=C(OCCO2)C=C1)(=O)=O)C,0.005165216769091785
O=C(NCC1=CC=CC=C1)CN1CCN(C(CCCC[C@H]2[C@@H]3[C@@H](NC(N3)=O)CS2)=O)CC1,0.0035603668016847222
COC([C@H](NC(C1C2=C(C=CC=C2)NC(=O)C1)=O)CC1C2=C(C=CC=C2)NC=1)=O,0.004204500303603709
CS(N1CCC(C(N[C@H](C2NC3=C(C=CC=C3)N=2)CC2=CC=CC=C2)=O)CC1)(=O)=O,0.0024884034181013705
O=C([C@H]1N(C(C2SC=CC=2)=O)CCC1)NC1SC2=C(CCCCC2)N=1,0.007994572562165559
FC(COC1=C(NC(CCCC[C@H]2[C@@H]3[C@@H](NC(N3)=O)CS2)=O)C=CC=C1)(F)F,0.0036281861539464444
O=C(N1CC2=C(SC=C2)CC1)COC([C@H]1N(C(C2SC=CC=2)=O)CCC1)=O,0.008732982538640499
C[C@@H](C(NC1=CC2=C(NC(N2)=O)C=C1)=O)NS(C1=C(C(F)(F)F)C=CC=C1)(=O)=O,0.0013416932401014493
COC1=CC=C(C(C2CCN(C(CCCC[C@H]3[C@@H]4[C@@H](NC(N4)=O)CS3)=O)CC2)=O)C=C1,0.005220335721969604
C[C@@H](C(NC1=CN=C(N2CCCC2)C=C1)=O)NS(C1=C(C(F)(F)F)C=CC=C1)(=O)=O,0.002666955249151215
COC1=C(N2C(=O)CCC2)C=CC(NC(CCCC[C@H]2[C@@H]3[C@@H](NC(N3)=O)CS2)=O)=C1,0.004074948735069484
O=C(N1C(C2=CC=CC=C2)CCC1)CCCC[C@H]1[C@@H]2[C@@H](NC(N2)=O)CS1,0.00456732310121879
CCCN(C(CCCC[C@H]1[C@@H]2[C@@H](NC(N2)=O)CS1)=O)CC(NC1=C(Cl)C=CC(Cl)=C1)=O,0.0038147816259879617
OC([C@@H](NC(C1=CC(N2C(=O)CCC2)=C(Cl)C=C1)=O)CC1C2=C(C=CC=C2)NC=1)=O,0.0030572188145015387
CN(S(C1=CC=C(C(N[C@H](C(O)=O)CC2C3=C(C=CC=C3)NC=2)=O)C=C1)(=O)=O)C1CCCCC1,0.003514429565984756
CC1N(C2=CC=C(C(N[C@H](C(O)=O)CC3C4=C(C=CC=C4)NC=3)=O)C=C2)N=CC=1,0.003936622606124729
CC([C@@H](C(N1CC2=C(NC3=C2C=CC=C3)CC1)=O)NS(C1=CC=CC=C1)(=O)=O)C,0.0038269735407084225
COC1=C(C(COC([C@H](C(C)C)NC(C2=C(F)C=CC=C2)=O)=O)=O)C=C(F)C=C1,0.011057887645438313
O=C([C@H]1N(C(C2SC=CC=2)=O)CCC1)NC1=CC(NC(C2OC=CC=2)=O)=CC=C1,0.006422250904142857
CC(OC(N1[C@H](C(NCC2=CC(NS(C)(=O)=O)=CC=C2)=O)CCC1)=O)(C)C,0.0038584312656894325
C[C@@H](C(NCC1SC=CC=1)=O)NS(C1=C(C(F)(F)F)C=CC=C1)(=O)=O,0.0021528810553718357
COC([C@@H](NC(C1=C2C(ON=C2C)=NC(C2CC2)=C1)=O)C)=O,0.0069150982424616815
CCN1C(=O)C2=C(C=C(C(N[C@H](C(OC)=O)C)=O)C=C2)N=C1S,0.003448175863013603
COC1=CC=C(S(N[C@H](C(NC2=CC=C(NC(CN3CCOCC3)=O)C=C2)=O)C)(=O)=O)C=C1,0.004602022713515908
CC([C@@H](C(OCC1ON=C(C)N=1)=O)NS(C1=CC=CC=C1)(=O)=O)C,0.005753793194890023
COC([C@@H](NC(C1CC2C(=O)C(CCC2)C1)=O)CC1=CC=CC=C1)=O,0.012449221545830369
O=N(C1=CC=C(N2CCN(C([C@H]3N(C(C4=CC=CC=C4)=O)CSC3)=O)CC2)C=C1)=O,0.003912336786743254
COC([C@H](C(C)C)NC(C1CN(S(C2=CC=C(Cl)C=C2)(=O)=O)CCC1)=O)=O,0.0052990071475505825
CC1NC(C)=C(C(COC([C@@H](NC(C2OC=CC=2)=O)CC2=CC=CC=C2)=O)=O)C=1,0.007851014705374837
CC([C@@H](C(OCC1C(C#N)=C2N(C=CC=C2)C=1)=O)NS(C1=CC=CC=C1)(=O)=O)C,0.004049677203875035
O=N(C1=CC2=C(CCN2C([C@H]2N(C(C3=CC=CC=C3)=O)CSC2)=O)C=C1)=O,0.0044184242491610345
CC1=C(C2=NC=CC=C2)SC(NC([C@H]2N(C(C3OC=CC=3)=O)CCC2)=O)=N1,0.006710525392554701
C[C@@H](C(NC1=CC(NC(C2SC=CC=2)=O)=CC=C1)=O)NS(C1=C(C)ON=C1C)(=O)=O,0.00434124608291313
FC(C1=CC(C#CCNC([C@H]2N(C(C3SC=CC=3)=O)CCC2)=O)=CC=C1)(F)F,0.004261731915175915
C[C@@H](C(NC1=NN(C)C=C1)=O)NS(C1=C(F)C=CC=C1)(=O)=O,0.003041287150699645
O=C(NC1=CC2=C(C=CC=C2)N=C1)CCCC[C@H]1[C@@H]2[C@@H](NC(N2)=O)CS1,0.003186574744177051
COC1=CC2=C(C=C([C@@H](C(NCC3=CC=C(C(N4CCCC4)=O)C=C3)=O)C)C=C2)C=C1,0.008196396520361304
C[C@@H](C(NCC1(C2=CC=CC=C2)CC1)=O)NS(C1=C(C(F)(F)F)C=CC=C1)(=O)=O,0.003582284692674875
COC([C@@H](NC(C1=C(C)C2=C(N=C(C3OC=CC=3)N=C2C)S1)=O)C)=O,0.005710795265622437
C[C@@H](C(OCC1N(C(F)F)C2=C(C=CC=C2)N=1)=O)NC(C1OC=CC=1)=O,0.004228483187034726
CC([C@@H](C(OCC1N(C(F)F)C2=C(C=CC=C2)N=1)=O)NC(CC1=CC=CC=C1)=O)C,0.0048354547936469315
CCCC1SC(NC([C@@H](NC2C3=C(C=CC=C3)S(=O)(=O)N=2)C)=O)=NN=1,0.0034788480261340737
CC([C@@H](C(N(CC1=CN(C)N=C1)C)=O)NS(C1=CC=CC=C1)(=O)=O)C,0.005211916961707174
C[C@@H](C(NCC1=CC=C(C(N2CCCC2)=O)C=C1)=O)NS(C1=C(C(F)(F)F)C=CC=C1)(=O)=O,0.003241983149200678
CC([C@@H](C(NCCCN1C(=O)CCCCC1)=O)NS(C1=CC=C(C)C=C1)(=O)=O)C,0.005321221123449504
CC(C(N1CCOCC1)CNC(CCCC[C@H]1[C@@H]2[C@@H](NC(N2)=O)CS1)=O)C,0.004713881068164482
C[C@@H](C(NC1SC=NN=1)=O)NS(C1=CC2=C(OCCCO2)C=C1)(=O)=O,0.0038551246514543893
COC1=C(NC([C@@H](NS(C2=C(F)C=CC=C2)(=O)=O)C)=O)C=CC=C1,0.0038284244248643516
COC1=CC=C(S(N[C@H](C(NC2=C(N3CCCC3)C=CC=C2)=O)C)(=O)=O)C=C1,0.0052164101973176
CC1N=C(COC([C@@H](NC(C2=CC=C(F)C=C2)=O)CC2C3=C(C=CC=C3)NC=2)=O)ON=1,0.004105075460392982
CC[C@@H]([C@@H](C(OCC1ON=C(C)N=1)=O)NC(C1=CC=C(Cl)C=C1)=O)C,0.007476682844571769
CCONC([C@H]([C@H](CC)C)NC1C2=C(C=CC=C2)S(=O)(=O)N=1)=O,0.0008226767473388463
CN(C(CCCC[C@H]1[C@@H]2[C@@H](NC(N2)=O)CS1)=O)CC1=C(OC(F)(F)F)C=CC=C1,0.0026997469685738906
O=C([C@H]1N(C(C2SC=CC=2)=O)CCC1)NC1CCN(C(C2=COC=C2)=O)CC1,0.007451959839090705
O=C(N1CCC(C2=CC=CC=C2)CC1)CCCC[C@H]1[C@@H]2[C@@H](NC(N2)=O)CS1,0.004094358358997852
CC1=C2C(C=CC=N2)=C(NC(CCCC[C@H]2[C@@H]3[C@@H](NC(N3)=O)CS2)=O)C=C1,0.0031987371883587913
CC1=C(C(N2CC3=C(SC=C3)CC2)=O)C=CC=C1NC(CCCC[C@H]1[C@@H]2[C@@H](NC(N2)=O)CS1)=O,0.0029536326183006167
COCCOC([C@H]1N(S(C2=CC(Cl)=C(Cl)C=C2)(=O)=O)CC(O)C1)=O,0.002319812186760828
CC1=C(C)C=C(S(N2[C@H](C(OCC(OC(C)(C)C)=O)=O)CC(O)C2)(=O)=O)C=C1,0.0037348380079492926
CC1=C(C)C=C(S(N2[C@H](C(OCC(Cl)=C)=O)CC(O)C2)(=O)=O)C=C1,0.002720821893308312
COCCOC([C@H]1N(S(C2=CC(C)=C(C)C=C2)(=O)=O)CC(O)C1)=O,0.0024271566595416515
CC(OC(COC([C@H]1N(S(C2=C(N(=O)=O)C=CC=C2)(=O)=O)CC(O)C1)=O)=O)(C)C,0.0028093118802644313
CCOC([C@@H](NS(C1=CC(Cl)=C(Cl)C=C1)(=O)=O)C)=O,0.004144754132721573
CCCOC([C@H](C(C)C)NC(C1=C(Cl)C=C(Cl)C=C1)=O)=O,0.008909034240059555
COC1=CC=C(S(N[C@H](C(NC2=C(OC)C=C(F)C=C2)=O)C)(=O)=O)C=C1,0.004690419009421021
CC1=CC=C(S(N2[C@H](C(NC3=CN=C(N4N=CC=C4)C=C3)=O)CC3=C(C=CC=C3)C2)(=O)=O)C=C1,0.004697907133959234
COC([C@@H](NC(C1C2=C(C=CC=C2)CCC1)=O)CC1=CC=CC=C1)=O,0.010196628654375673
CC([C@@H](C(N1CCC2(OCCO2)CC1)=O)NC1=C(Cl)C=C(C(F)(F)F)C=C1)C,0.005851924535818398
O=C(C1CCN(C(C2=COC=C2)=O)CC1)N[C@H](C1NC2=C(C=CC=C2)N=1)CC1=CC=CC=C1,0.0036199601483531295
CC1=C(N2N=NN=C2)C=CC(NC(CCCC[C@H]2[C@@H]3[C@@H](NC(N3)=O)CS2)=O)=C1,0.002225518194609322
O=C(N1CCC2(OCCO2)CC1)CCCC[C@H]1[C@@H]2[C@@H](NC(N2)=O)CS1,0.003942181525053457
BrC1=CC(CN(C(CCCC[C@H]2[C@@H]3[C@@H](NC(N3)=O)CS2)=O)C2CC2)=CC=C1,0.005154670367483049
CN(C(CCCC[C@H]1[C@@H]2[C@@H](NC(N2)=O)CS1)=O)CC1=CC(C#N)=CC=C1,0.003147371468367055
COC(C1C2=C(C=CC(=C2)NC([C@H](C(C)C)NC(OCC2=CC=CC=C2)=O)=O)NN=1)=O,0.003965539555065334
CC([C@@H](C(N1CCC2(OCCO2)CC1)=O)NC(OCC1=CC=CC=C1)=O)C,0.006119187432341277
COCCN(C(CCCC[C@H]1[C@@H]2[C@@H](NC(N2)=O)CS1)=O)CC1OC=CC=1,0.004129127733176574
CN1N=CC(S(N2[C@H](C(N)=O)CC3=C(C=CC=C3)C2)(=O)=O)=C1,0.004611883335746825
CC(CCCNC([C@H](C(C)C)NS(C1=CC2=C(OCCO2)C=C1)(=O)=O)=O)C,0.006347754574380815
C[C@@H](C(NCC1SC(Br)=CC=1)=O)NS(C1=C(C)ON=C1C)(=O)=O,0.005034799687564373
FC(OC1=CC=C(CN2CCN(C(CCCC[C@H]3[C@@H]4[C@@H](NC(N4)=O)CS3)=O)CC2)C=C1)(F)F,0.002338496656739153
C[C@@H](C(N1C2=C(C=CC(N(=O)=O)=C2)CC1)=O)NC(OCC1=CC=CC=C1)=O,0.0031807965016923843
C[C@@H](C(N1CCN(CC2=CC=C(OC(F)(F)F)C=C2)CC1)=O)NS(C1=C(F)C=CC=C1)(=O)=O,0.0021867191593628378
FC(OC1=CC=C(CN2CCN(C([C@H]3N(C(C4SC=CC=4)=O)CCC3)=O)CC2)C=C1)(F)F,0.004641755984630435
CC([C@@H](C(NC1N(C)N=C(C)C=1)=O)NC1=C(Cl)C=C(C(F)(F)F)C=C1)C,0.004591311595868319
CN(C1=NC=C(CNC([C@@H](NC(OCC2=CC=CC=C2)=O)CC2=CC=CC=C2)=O)C=C1)C,0.004076219140551984
FC(C1=C(C(N2CCN(C(CCCC[C@H]3[C@@H]4[C@@H](NC(N4)=O)CS3)=O)CC2)=O)C=CC=C1)(F)F,0.003144188568694517
C[C@@H](C(N1CCC(C(C2=C(C)C=C(C)C=C2)=O)CC1)=O)NS(C1=CC=C(Cl)C=C1)(=O)=O,0.00678455310408026
CC(NC(CCCC[C@H]1[C@@H]2[C@@H](NC(N2)=O)CS1)=O)CC1OC=CC=1,0.004049698839662596
C[C@@H](C(NCC1(NC(OC(C)(C)C)=O)CCCCCC1)=O)NS(C1=C(C)ON=C1C)(=O)=O,0.005584988510236144
C[C@@H](C(NC1C2C=NN(CC3=CC=CC=C3)C=2CCC1)=O)NS(C1=C(F)C=CC=C1)(=O)=O,0.005046554119326174
C[C@@H](C(NC1=CC=C(N2N=CC=C2)C=C1)=O)NC(OCC1=CC=CC=C1)=O,0.003543027536943555
CC([C@@H](C(NC1SC(C(F)(F)F)=NN=1)=O)NC1C2=C(C=CC=C2)S(=O)(=O)N=1)C,0.0028797430160921065
CC([C@@H](C(NC1=CNN=C1)=O)NC1=C(Cl)C=C(C(F)(F)F)C=C1)C,0.0028410737810190766
C[C@@H](C(NC1=CNN=C1)=O)NC(OCC1=CC=CC=C1)=O,0.0020412142737768592
C[C@@H](C(NC1=CC(C2NN=CC=2)=CC=C1)=O)NS(C1=C(C)ON=C1C)(=O)=O,0.00298138934886083
CCN1N=CC(NC([C@H](C2=CC3=C(C=C(C=C3)OC)C=C2)C)=O)=C1,0.007310854457318783
C[C@@H](C(N(CC1=NOC(C)=C1)C)=O)NS(C1=C(C)ON=C1C)(=O)=O,0.0058393572922796014
CC([C@@H](C(N(CC1=NOC(C)=C1)C)=O)NC1=C(Cl)C=C(C(F)(F)F)C=C1)C,0.0055940560530871155
O=C(NCCCN1CCN(C2=CC=CC=C2)CC1)CCCC[C@H]1[C@@H]2[C@@H](NC(N2)=O)CS1,0.004219432000536471
CC(C(C1=CC=CC=C1)C1=CC=CC=C1)NC(CCCC[C@H]1[C@@H]2[C@@H](NC(N2)=O)CS1)=O,0.004904940852429718
CC1=C(CN2CCN(C(CCCC[C@H]3[C@@H]4[C@@H](NC(N4)=O)CS3)=O)CCC2)C=CC=C1,0.004835910373367369
CC1(OCCN(C(CCCC[C@H]2[C@@H]3[C@@H](NC(N3)=O)CS2)=O)C1)C,0.0037469459173735233
COC1=CC2=C(C=C([C@@H](C(NCCS(N3CC(C)OC(C)C3)(=O)=O)=O)C)C=C2)C=C1,0.0063499555923044685
COC1=CC2=C(C=C([C@@H](C(NCCCN(S(C)(=O)=O)C)=O)C)C=C2)C=C1,0.004802859597839415
C[C@@H](C(NCC1=C(OC2CCCC2)N=CC=C1)=O)NS(C1=C(C)ON=C1C)(=O)=O,0.005776589829474687
O=C([C@H]1N(C(C2SC=CC=2)=O)CCC1)NCC1=C(OC2CCCC2)N=CC=C1,0.006257109646685422
CCN(C(C1=CSC=C1)CNC(CCCC[C@H]1[C@@H]2[C@@H](NC(N2)=O)CS1)=O)CC,0.0046938571613281965
O=C([C@H]1N(C2C3=C(C=CC=C3)S(=O)(=O)N=2)CCC1)NCC1CCC1,0.004634111560881138
COC([C@@H](NC(C1CN(C(N2CCCC2)=O)CCC1)=O)CC1=CC=CC=C1)=O,0.006174854538403452
CN1C(C2CN(C([C@H]3N(C(OC(C)(C)C)=O)CCC3)=O)CCC2)=NN=C1,0.006708819442428649
ClC1=C(N2CC(=O)NCC2)C=CC(NC(CCCC[C@H]2[C@@H]3[C@@H](NC(N3)=O)CS2)=O)=C1,0.003021635947516188
C[C@@H](C(N(C1CC1)CC1COCC1)=O)NS(C1=C(F)C=CC=C1)(=O)=O,0.00536359017714858
O=C([C@H]1N(C(C2SC=CC=2)=O)CCC1)NCC1=CN=C(N2N=CN=C2)C=C1,0.0043884048005566004
CC(CN1C(C)=CC(C)=N1)CNC([C@H]1N(C(C2OC=CC=2)=O)CCC1)=O,0.009104933962225914
CC(CN1C(C)=CC(C)=N1)CNC([C@H]1N(C(C2SC=CC=2)=O)CCC1)=O,0.007289661234244705
CCN1CCN(C2=NC=C(CNC(CCCC[C@H]3[C@@H]4[C@@H](NC(N4)=O)CS3)=O)C=C2)CC1,0.003568695508874953
CC(C(NC1=CC(NC([C@H]2N(S(C3SC=CC=3)(=O)=O)CC3=C(C=CC=C3)C2)=O)=C(C)C=C1)=O)C,0.004596839763689786
CSCC[C@@H](C1NC2=C(C=CC=C2)N=1)NC(C1=C(Cl)C=NC(N2CCCC2)=N1)=O,0.003079077857546508
COC1=CC2=C(C=C([C@@H](C(NC3=C(O)C=CN=C3)=O)C)C=C2)C=C1,0.005511763598769903
NC([C@H]1N(CC(NC2C(=O)NCCCC2)=O)CC2=C(C=CC=C2)C1)=O,0.007976032025180758
CC1C(OCCN2[C@H](C(N)=O)CC3=C(C=CC=C3)C2)CCCC1,0.012776154885068535
NC([C@H]1N(CC2N=C(C3=NC=CC=N3)SC=2)CC2=C(C=CC=C2)C1)=O,0.0060013812500983475
COC1=CC2=C(C=C([C@@H](C(NCC3SC=C(C4=CC=CC=C4)N=3)=O)C)C=C2)C=C1,0.007336290739476681
CCCN1C(=O)C=CC(NC([C@H](C2=CC3=C(C=C(C=C3)OC)C=C2)C)=O)=C1,0.0069966250332072375
CN(C(NCC1SC=C(Br)C=1)=O)CCCC1NN=C(C2=CC(F)=CC=C2)C=1,0.0030082286917604505
COC1=C(OC2=NC=C(NC([C@H]3N(C(C4OC=CC=4)=O)CCC3)=O)C=C2)C=CC(C)=C1,0.0064322288613766435
COC([C@@H](NC(C(NC(COC1=CC=CC=C1)=O)C)=O)CC1=CC=CC=C1)=O,0.007399448845535517
C[C@@H](C(N1C(C2N3C(CCCCC3)=NN=2)CCC1)=O)NS(C1=CC=C(C)C=C1)(=O)=O,0.005387535016052425
ClC1=CC=C(C(NC2=C(NC(CCCC[C@H]3[C@@H]4[C@@H](NC(N4)=O)CS3)=O)C=CC=C2)=O)C=C1,0.0035844749480020257
C[C@@H](C(NC1=CN(C)N=C1)=O)NS(C1=CC(Cl)=CC=C1)(=O)=O,0.003445835935417563
CC([C@@H](C(NC1=CN(C)N=C1)=O)NC(OCC1=CC=CC=C1)=O)C,0.004316086135804653
C[C@@H](C(N1CC(C2OC3=C(C=CC=C3)N=2)CCC1)=O)NS(C1=CC=CC=C1)(=O)=O,0.003680804162286222
CC1N(C2=CC(NC(CCCC[C@H]3[C@@H]4[C@@H](NC(N4)=O)CS3)=O)=CC=C2)N=NN=1,0.0025090152194024995
NC([C@H]1N(CC2ON=C(C3=CC=C(Cl)C=C3)C=2)CC2=C(C=CC=C2)C1)=O,0.007110958057455719
CC1N=C(CNC([C@H]2N(S(C3=C(C)ON=C3C)(=O)=O)CCC2)=O)SC=1,0.004879182018339634
CN(C([C@H]1N(C(C2OC=CC=2)=O)CCC1)=O)CC1N2C(CCC2)=NN=1,0.009538007667288184
CN(C([C@H]1N(C(C2SC=CC=2)=O)CCC1)=O)CC1N2C(CCC2)=NN=1,0.008377632405608893
CN1N=CC(NC([C@H]2N(S(C3=C(F)C=CC=C3)(=O)=O)CCC2)=O)=C1,0.0037720086867921053
CC(OC(N1[C@H](C(N2CCN(S(N3CCOCC3)(=O)=O)CC2)=O)CCC1)=O)(C)C,0.007897256151773035
COC1=CC2=C(C=C([C@@H](C(N3CC(NS(C)(=O)=O)CCC3)=O)C)C=C2)C=C1,0.004399387014564127
O=C(N[C@H](C1NC2=C(C=CC=C2)N=1)CC1=CC=CC=C1)CCCC1ON=C(C2SC=CC=2)N=1,0.0036206380347721277
O=C(NC(C1SC=CC=1)C1CCCC1)CCCC[C@H]1[C@@H]2[C@@H](NC(N2)=O)CS1,0.0048223613295704125
O=C(NCC1=CC(C(N2CCCCC2)=O)=CC=C1)CCCC[C@H]1[C@@H]2[C@@H](NC(N2)=O)CS1,0.0036300991254393012
FC1=CC(OC2=C(CNC([C@H]3N(C(C4SC=CC=4)=O)CCC3)=O)C=CC=N2)=CC=C1,0.004302285646554082
COC1=CC2=C(C=C([C@@H](C(NCCC(NC3CS(=O)(=O)CC3)=O)=O)C)C=C2)C=C1,0.006175435497425497
CC([C@@H](C(OCC1C=C(Br)SC=1)=O)NC(C1=C(F)C=CC=C1F)=O)C,0.007312222989276052
FC(C1=CN=C(N2CCC(NC(CCCC[C@H]3[C@@H]4[C@@H](NC(N4)=O)CS3)=O)CC2)C=C1)(F)F,0.0024087029829388483
CC(C1=CC(OC(F)F)=CC=C1)NC(CCCC[C@H]1[C@@H]2[C@@H](NC(N2)=O)CS1)=O,0.0032764324801973998
FC(COC1=C(C#N)C=C(NC(CCCC[C@H]2[C@@H]3[C@@H](NC(N3)=O)CS2)=O)C=C1)(F)F,0.0026951176216243765
CSC1N(C2=CC(NC(CCCC[C@H]3[C@@H]4[C@@H](NC(N4)=O)CS3)=O)=CC=C2)N=NN=1,0.002479418573784642
C[C@@H](C(N1C(C2=CSC=C2)CCC1)=O)NS(C1=C(F)C=CC=C1)(=O)=O,0.004061349772382527
O=C(N1C(C2=CSC=C2)CCC1)CCCC[C@H]1[C@@H]2[C@@H](NC(N2)=O)CS1,0.004063439974561334
COC1=CC2=C(C=C([C@@H](C(N(C3CC3)CC3COCC3)=O)C)C=C2)C=C1,0.013190701929852366
CCN1CCN(CC2=CC=C(NC(CCCC[C@H]3[C@@H]4[C@@H](NC(N4)=O)CS3)=O)C=C2)CC1,0.004192958294879645
CCN(C(C1=CSC=C1)CNC([C@H]1N(C(C2OC=CC=2)=O)CCC1)=O)CC,0.011073942203074694
O=C([C@H]1N(C(C2OC=CC=2)=O)CCC1)NCC1=CN=C(N2N=CN=C2)C=C1,0.00535576471593231
CC(OC(N1[C@H](C(NCC2=CN=C(N3N=CN=C3)C=C2)=O)CCC1)=O)(C)C,0.004649984347634017
ClC1=CC(OCCNC(CCCC[C@H]2[C@@H]3[C@@H](NC(N3)=O)CS2)=O)=CC=C1,0.0034203915274702013
CC1N(C2=NC=CC(CNC(CCCC[C@H]3[C@@H]4[C@@H](NC(N4)=O)CS3)=O)=C2)C=CN=1,0.0023469678359106182
CC1N(C2=NC=CC(CNC([C@H]3N(C(C4SC=CC=4)=O)CCC3)=O)=C2)C=CN=1,0.003456663724500686
CC1N(C2=NC=CC(CNC([C@H]3N(C(C4OC=CC=4)=O)CCC3)=O)=C2)C=CN=1,0.004407354118302465
CCN1C(CNC([C@H](C(C)C)NS(C2=C(F)C=CC=C2)(=O)=O)=O)=NN=C1,0.003918142442125827
CC1N(C2=NC=CC(CNC([C@H]3N(C(OC(C)(C)C)=O)CCC3)=O)=C2)C=CN=1,0.0036839566542766987
CCN1C(CNC([C@H](C(C)C)NS(C2=CC=C(C)C=C2)(=O)=O)=O)=NN=C1,0.005093708820641041
CCN1C(CNC([C@H]2N(C(OC(C)(C)C)=O)CCC2)=O)=NN=C1,0.004726357595063746
O=C([C@H]1N(C(C2SC=CC=2)=O)CCC1)NCC1=C(N2N=CN=C2)N=CC=C1,0.0042969438713043925
COC1=CC=C(S(N[C@H](C(N2C(C3=CSC=C3)CCC2)=O)C)(=O)=O)C=C1,0.005139357200823725
CC1OC(C)CN(CC2=C(CNC(CCCC[C@H]3[C@@H]4[C@@H](NC(N4)=O)CS3)=O)C=CC=C2)C1,0.004235491348663345
CCOC1=CC(CNC(CCCC[C@H]2[C@@H]3[C@@H](NC(N3)=O)CS2)=O)=CC=C1,0.004144323122454807
CC(CN1C(C)=CC(C)=N1)CNC([C@H]1N(C(OC(C)(C)C)=O)CCC1)=O,0.007220106828026473
O=C1NC(=O)C(S(N2[C@H]3[C@H](CNC3)CC2)(=O)=O)=CN1,0.0021754064364358783
Cl.O=C1NC(=O)C(S(N2[C@H]3[C@H](CNC3)CC2)(=O)=O)=CN1,0.0021687496337108314
CC(N1[C@H](C(NCC2=CN=C(N3CCCCCC3)C=C2)=O)CC2=C(C=CC=C2)C1)=O,0.006896013068035245
O=C([C@H]1N(C(C2OC=CC=2)=O)CCC1)NCC1=CN=C(N2CCCCCC2)C=C1,0.007287685060873628
C[C@@H](C(NCC1=CN=C(N2CCCCCC2)C=C1)=O)NS(C1=C(C)ON=C1C)(=O)=O,0.005265080207027495
O=C([C@H]1N(C(C2SC=CC=2)=O)CCC1)NCC1=CN=C(N2CCCCCC2)C=C1,0.005808818759396673
CC(OC(N1[C@H](C(NCC2=CN=C(N3CCCCCC3)C=C2)=O)CCC1)=O)(C)C,0.0066676054848358035
CN1N=CC(C(NC2CCN(C(CCCC[C@H]3[C@@H]4[C@@H](NC(N4)=O)CS3)=O)CC2)=O)=C1,0.0036676199641078712
CC([C@@H](C(N1CCC(NC(C2=CN(C)N=C2)=O)CC1)=O)NC(OCC1=CC=CC=C1)=O)C,0.004489459656178951
COC1=CC2=C(C=C([C@@H](C(N3CCC(NC(C4=CN(C)N=C4)=O)CC3)=O)C)C=C2)C=C1,0.00656760991550982
COC1=C(F)C=C(NC(CCCC[C@H]2[C@@H]3[C@@H](NC(N3)=O)CS2)=O)C=C1,0.003693896811455488
COC([C@H](NC(C1=C(C)C2=C(CCCC2=O)O1)=O)CC1C2=C(C=CC=C2)NC=1)=O,0.0078602131921798
COC([C@@H](NC(C1OC(C)=C(S(N2CCCC2)(=O)=O)C=1)=O)CC1=CC=CC=C1)=O,0.005854428885504604
COC([C@H](NC(C1=NOC(C2=CN=CC=C2)=C1)=O)CC1C2=C(C=CC=C2)NC=1)=O,0.004555158643051982
COC([C@@H](NC(C1=C(Cl)C=NC(N2CCCC2)=N1)=O)CC1=CC=CC=C1)=O,0.006067399005405605
COC([C@@H](NC(C1N=C(C2=CN(C)N=C2)SC=1)=O)CC1=CC=CC=C1)=O,0.005755346245132386
COC([C@H](NC(C1N=C(C2=CN(C)N=C2)SC=1)=O)CC1C2=C(C=CC=C2)NC=1)=O,0.00424130578758195
CC1=NN(C2=NC=C(CNC([C@H]3N(C(C4OC=CC=4)=O)CCC3)=O)C=C2)C(C)=C1,0.006439165421761572
CC1=NN(C2=NC=C(CNC([C@H]3N(C(C4SC=CC=4)=O)CCC3)=O)C=C2)C(C)=C1,0.0052516869036480784
CCN(C1=NC=C(NC(CCCC[C@H]2[C@@H]3[C@@H](NC(N3)=O)CS2)=O)C=C1)CC,0.0037740350409876553
CC1=NN(C2=NC=C(CNC(CCCC[C@H]3[C@@H]4[C@@H](NC(N4)=O)CS3)=O)C=C2)C(C)=C1,0.0036787341290619225
CC1OC(C)CN(C2=NC=C(NC(CCCC[C@H]3[C@@H]4[C@@H](NC(N4)=O)CS3)=O)C=C2)C1,0.003638156095985323
O=C(C1N=C2N(C=CC=N2)C=1)N[C@H](C1NC2=C(C=CC=C2)N=1)CC1=CC=CC=C1,0.002963070769328624
CSCC[C@@H](C1NC2=C(C=CC=C2)N=1)NC(C1N=C2N(C=CC=N2)C=1)=O,0.002822405856568366
NC([C@H]1N(C2=NC(N)=NC(Cl)=C2)CC2=C(C=CC=C2)C1)=O,0.0032255828031338752
CC1=NC2N(N=C(C=2C#N)CCCNC([C@H]2N(C(C3SC=CC=3)=O)CCC2)=O)C(C)=C1,0.004222784109879285
O=C(NC1=CC(N2N=CC=C2)=CC=C1)CCCC[C@H]1[C@@H]2[C@@H](NC(N2)=O)CS1,0.0029775193543173373
C[C@@H](C(NCC1=CC(N2C(C)=NC=C2)=NC=C1)=O)NC1C2=C(C=CC=C2)S(=O)(=O)N=1,0.0020446920243557543
CC[C@@H]([C@@H](C(NCCS(C1=CC=CC=C1)(=O)=O)=O)NC1C2=C(C=CC=C2)S(=O)(=O)N=1)C,0.00317173486109823
C[C@@H](C(NC1NC(C2=NC=CC=C2)=NN=1)=O)NS(C1=C(F)C=CC=C1)(=O)=O,0.001979050727095455
COC1=CC2=C(C=C([C@@H](C(NC3NC(C4=NC=CC=C4)=NN=3)=O)C)C=C2)C=C1,0.003980046766810119
CC(OC1=CC=C(NC([C@H](C(C)C)NC2C3=C(C=CC=C3)S(=O)(=O)N=2)=O)C=C1)C,0.0041967517114244405
CC1N(CC2=CC=C(NC(CCCC[C@H]3[C@@H]4[C@@H](NC(N4)=O)CS3)=O)C=C2)CCCC1,0.004040985536994413
O=C(NC1=CC(COC2=CC3=C(OCO3)C=C2)=CC=C1)CCCC[C@H]1[C@@H]2[C@@H](NC(N2)=O)CS1,0.004003695759456605
O=C(NC1=CC=C(CN2C(=O)C=CC=C2)C=C1)CCCC[C@H]1[C@@H]2[C@@H](NC(N2)=O)CS1,0.003368192893685773
COC(C1(NC(CCCC[C@H]2[C@@H]3[C@@H](NC(N3)=O)CS2)=O)CCC(C)CC1)=O,0.005589383858023211
CC(NC(C1=CC=C(NC(CCCC[C@H]2[C@@H]3[C@@H](NC(N3)=O)CS2)=O)C=C1)=O)C,0.004059661360224709
CC(N(C(CCCC[C@H]1[C@@H]2[C@@H](NC(N2)=O)CS1)=O)CC1=NC=CC=C1)C,0.0038890074007213115
O=C(N1CCN(C(CC2C3=C(C=CC=C3)NC=2)=O)CC1)CCCC[C@H]1[C@@H]2[C@@H](NC(N2)=O)CS1,0.0023659894126467408
COC([C@H](C(C)C)NC(CCC1=C(OC)C(OC)=C(OC)C=C1)=O)=O,0.01009523831307888
CC(OC(N1[C@H](C(NC2=CN=C(S(C)(=O)=O)C=C2)=O)CCC1)=O)(C)C,0.004575422685593367
COCCNC(C1=C(Cl)C=C(NC([C@H](C2=CC3=C(C=C(C=C3)OC)C=C2)C)=O)C=C1)=O,0.005619987891986966
COC(NC1=CC(NC([C@H]2N(C(OC(C)(C)C)=O)CCC2)=O)=CC=C1)=O,0.00581366631668061
CC[C@@H]([C@@H](C(NC1SC(C(C)(C)C)=NN=1)=O)NC(OCC1=CC=CC=C1)=O)C,0.005362692405469716
COC([C@H](C(C)C)NS(C1=C(C)C=C(OC)C=C1)(=O)=O)=O,0.005929311877116561
COC([C@H](C(C)C)NS(C1=CN(C)N=C1)(=O)=O)=O,0.004494541592430323
COC([C@H](C(C)C)NS(C1=CC(C#N)=C(Cl)C=C1)(=O)=O)=O,0.0038986510946415363
COC([C@H](C(C)C)NS(C1=CC(Cl)=C(C#N)C=C1)(=O)=O)=O,0.0037026745732873676
FC1=CC=C(S(NC2=C(NC(CCCC[C@H]3[C@@H]4[C@@H](NC(N4)=O)CS3)=O)C=CC=C2)(=O)=O)C=C1,0.0024404013965977356
O=C(NC1=C(CN2N=CC=C2)C=CC=C1)CCCC[C@H]1[C@@H]2[C@@H](NC(N2)=O)CS1,0.003427912713959813
CC1C2C(CCCC2)N(C(CCCC[C@H]2[C@@H]3[C@@H](NC(N3)=O)CS2)=O)CC1,0.005295471526915207
O=C(OCC1=CC=CC=C1)N[C@H](C(N1CCC(C(NC2=CC=NC=C2)=O)CC1)=O)CC1=CC=CC=C1,0.003995073970872909
CC1=CC=C(S(N2[C@H](C(NC3C4C=NN(C(C)(C)C)C=4CCC3)=O)CCC2)(=O)=O)C=C1,0.007323271012865007
CCOC(CC(C1=CC(OC)=CC=C1)NC(CCCC[C@H]1[C@@H]2[C@@H](NC(N2)=O)CS1)=O)=O,0.0045482141547836365
NC([C@H]1N(S(C2=CN=CC=C2)(=O)=O)CC2=C(C=CC=C2)C1)=O,0.0041898164665326474
CCCCOC1=CC(C)=C(NC(NC2CS(=O)(=O)CC2)=O)C=C1,0.004086248890962452
COCCOC1=C(Cl)C=C(NC(NCCC2=NC=CC=C2)=O)C=C1,0.0028340784716419875
COCCOC1=C(Cl)C=C(NC(NCC2OCCC2)=O)C=C1,0.00392789785983041
CC(COC1=C(CNC(NCCN2CCOCC2)=O)C=CC=C1)C,0.005729152914136648
FC1=CC(OC2=C(NC(NC3CS(=O)(=O)CC3)=O)C=CC=C2)=CC=C1,0.003424851701129228
COCCNC(NC1=C2C(N=CC=C2)=C(OC(F)F)C=C1)=O,0.0023318886931519957
CCCCCCCCCN(C(NCCCN1C=NC=C1)=O)C,0.006124750291928649
CC1=CC(C(N2CCN(C3SC=CN=3)CC2)=O)=C(O)C(Br)=C1,0.004611614928580821
NC(C(C1=CC=CC=C1)NC(C1N=C(C2SC=C(Br)C=2)SC=1)=O)=O,0.005877508455887437
COC1=CC(OC)=C(C2N(C(C3N=NNC=3)=O)CCC2)C=C1,0.004952908609993756
CN1C(=NC(C2N=C(C3SC=C(Br)C=3)SC=2)=O)SC=C1,0.009192799776792526
CN(C(C1=NSN=C1)=O)CC1=C(Cl)C=CC(N(=O)=O)=C1,0.004880315077025443
COC1=C(O)C=CC(CNC(C(S(C2=CC=C(F)C=C2)(=O)=O)C)=O)=C1,0.0036754624103195964
CC1C(CN2CCN(C(CN3C4=C(C=CC=C4)C=C3)=O)CC2)=C(C)ON=1,0.008477723551914096
CCN1C2=C(C=CC=C2)C=C1C(N1CCN(CC2=C(C)ON=C2C)CC1)=O,0.009570462675765157
FC1=CC(OCCCC(N2CCC3(C(=O)NC(=O)N3)CC2)=O)=CC=C1,0.0015333558374550193
FC1=C(OCCCC(N2CCC3(C(=O)NC(=O)N3)CC2)=O)C=CC=C1,0.001842419774038717
CCN1C2=C(C=CC=C2)C=C1C(N1CCC2(C(=O)NC(=O)N2)CC1)=O,0.00164810482528992
CC1CC2=C(N=C(S2)NC(C2N(CC3SC=CC=3)C=CC=2)=O)CC1,0.009026004653424024
CC1OCCN(C(C2N=C(C3SC=C(Br)C=3)SC=2)=O)C1,0.007419432373717427
CC1=C(CC(NCC(F)(F)F)=O)C(=O)NC(C2=NC=CC=C2)=N1,0.0022090432554250582
FC(CNC(C1N=C(C2SC=C(Br)C=2)SC=1)=O)(F)F,0.0035970269032986834
O=C(C1NNC(=O)N=1)N1C(C2=CC3=C(OCCCO3)C=C2)CCC1,0.004233887419104576
O=C(C1=NSN=C1)N1C(C2=CC3=C(OCCCO3)C=C2)CCC1,0.011842008726671339
CC1OC(C)CN(C(CNC(CCCOC2=C(F)C=CC=C2)=O)(C)C)C1,0.009323078906163573
NC(CN1CCC(NC(CCCOC2=CC(F)=CC=C2)=O)CC1)=O,0.004445495991967618
NC(CN1CCC(NC(CCCOC2=C(F)C=CC=C2)=O)CC1)=O,0.0054665067931637164
CCC(C(NCC(N1CCN(C(N2CCCCC2)=O)CC1)=O)=O)C,0.005232753220479935
FC1=C(F)C=C(C(NCC(NCCN2CC3=C(C=CC=C3)CC2)=O)=O)C=C1,0.006917320075444877
CCN1C2=C(C=CC=C2)C=C1C(NNC1=NC(C)=CC(C)=N1)=O,0.002445046027423814
CN(CCOC1=C(C(NCCC2=C3C(C=CC=N3)=CC=C2)=O)C=CC=C1)C,0.007887507556006312
FC1=C(OCCCC(NCCC2=C3C(C=CC=N3)=CC=C2)=O)C=CC=C1,0.006191562651656568
O=C(N1CC(C(N2CCOCC2)=O)CCC1)CN1C2=C(C=CC=C2)C=C1,0.007434223592281341
CCN1C2=C(C=CC=C2)C=C1C(N1CC(C(N2CCOCC2)=O)CCC1)=O,0.007978745363652706
CC1=C(CC(NCC#CC2=CC=CC=C2)=O)C(=O)NC(C2=NC=CC=C2)=N1,0.0039847566513344646
CC(NC1=CC2=C(N=C(S2)NC(CSCC2=NC=CC=C2)=O)C=C1)=O,0.004157718853093684
COC(CCCN(C(C1=NSN=C1)=O)C)=O,0.010933864954859018
ClC1=CC(N2N=C(C(NCCC(N3CCOCC3)=O)=O)C=C2)=CC=C1,0.004870913876220584
COC1=CC(C2N(C(C3N=NNC=3)=O)CCC2)=C(OC)C=C1,0.00503044247161597
COC1=C(OC)C=C2C(CCN(C(C3N=NNC=3)=O)C2C2SC=CC=2)=C1,0.005780486483126878
CC1=CC=C(CSC2SC(NC(C3=NSN=C3)=O)=NN=2)C=C1,0.006957768416032195
CCOC1=C(NC(CSCC2=NC=CC=C2)=O)C=C2C(CC(O2)C)=C1,0.00603989593219012
NC(NC1=CC(NC(CCCOC2=CC(F)=CC=C2)=O)=CC=C1)=O,0.003310267871711403
C=CCNC(NC1=CC=C(NC(CSCC2=NC=CC=C2)=O)C=C1)=O,0.002964705682825297
CC1=CC(C(NCCNC(C2OC=CC=2)=O)=O)=C(O)C(Br)=C1,0.0055694081354886295
CCC1OCCN(C(CC2C(=O)NC(C3=NC=CC=C3)=NC=2C)=O)C1,0.003881569195073098
CC1C2N(C=CC=2)CCN1C(CCC1ON=C(C2=CC(F)=C(C)C=C2)N=1)=O,0.007819510367698967
CC1C2N(C=CC=2)CCN1C(CCC1ON=C(C2=CC(C)=C(F)C=C2)N=1)=O,0.00777234323322773
CC1=CC=C(CN2C(=NC(C3=NSN=C3)=O)C=CC=C2)C=C1,0.010801155539229512
FC(C1NC(NC(C2=NN(C3=CC(Cl)=CC=C3)C=C2)=O)=NN=1)(F)F,0.0019065012224018575
CCN1C2=C(C=CC=C2)C=C1C(NC1=CC2=C(N=C(O2)C)C=C1)=O,0.005087649403139949
CC(C1=CC=C(F)C=C1)CC(NC1=CC(NS(N)(=O)=O)=CC=C1)=O,0.005328255775384605
CC1=CC(CNC(CC2C(=O)NC(C3=NC=CC=C3)=NC=2C)=O)=CC=C1,0.0039105788106098775
CNC(C1=CC=C(CN(C(CN2C3=C(C=CC=C3)C=C2)=O)C2CC2)C=C1)=O,0.007828523800708354
O=C(N1CCN(C(NC2CCCCC2)=O)CC1)CSCC1=NC=CC=C1,0.004353853547945619
FC1=CC2=C(N=CN2)C(C(N2CCN(C(NC3CCCCC3)=O)CC2)=O)=C1,0.0025372201343998313
CCC(C(NCC(N1CCN(C(NC2CCCCC2)=O)CC1)=O)=O)C,0.006578340427950025
CCN1C2=C(C=CC=C2)C=C1C(N1CCN(CC(N2C(C)CCCC2)=O)CC1)=O,0.0076681483071297405
CC1=C(CC(NCCC2CCCC2)=O)C(=O)NC(C2=NC=CC=C2)=N1,0.005623549688607454
CCC(C(NCC(N1CCN(C(C(C2=CC=CC=C2)(C)C)=O)CC1)=O)=O)C,0.010570734413340688
CC1=CC(C(NNC2=NC=CC=N2)=O)=C(O)C(Br)=C1,0.0018297140253707767
CC1=C(CC(NCC2N(C)C=NN=2)=O)C(=O)NC(C2=NC=CC=C2)=N1,0.003565325227100402
CN1C(CNC(C2N=C(C3SC=C(Br)C=3)SC=2)=O)=NN=C1,0.006403008499182761
CN(CCOC1=C(C(NCC2OC3=C(C=CC=C3)C2)=O)C=CC=C1)C,0.010170100303366781
CC1=C(CC(NCC2OC3=C(C=CC=C3)C2)=O)C(=O)NC(C2=NC=CC=C2)=N1,0.004406886943615973
FC1=C(OCCCC(NCC2OC3=C(C=CC=C3)C2)=O)C=CC=C1,0.006846625078469515
CC(C1=CC(NC(C)=O)=CC=C1)NC(C1=C(OCCN(C)C)C=CC=C1)=O,0.0075110053876414895
CC(C1=CC(NC(C)=O)=CC=C1)NC(CCCOC1=C(F)C=CC=C1)=O,0.006992886192165315
CCC(C(NCC(NC(C1=C(C)N(C2=CC=C(F)C=C2)N=C1)C)=O)=O)C,0.00662582335062325
CCOC(C1=CN=C(N2CCN(C(C3=C(O)C(Br)=CC(C)=C3)=O)CC2)C=C1)=O,0.003827708528842777
CCN(CCOC1=CC=C(NC(C2=C3C(NC=N3)=CC(F)=C2)=O)C=C1)CC,0.003854280314408243
CC(C1=CC=C(C)C=C1)NC(CC1C(=O)NC(C2=NC=CC=C2)=NC=1C)=O,0.004505377716850489
COC1=C(OC)C(CNC(C2=C(O)C(Br)=CC(C)=C2)=O)=CC=C1,0.006491134571842849
CC1=CC(C)=C(CNC(CC2C(=O)NC(C3=NC=CC=C3)=NC=2C)=O)C(C)=C1,0.004807283112313598
CN(C(C1=NSN=C1)=O)CC1=CC=C(C2=CC=CC=C2)C=C1,0.010738782677799463
CCN(C(CC1C(=O)NC(C2=NC=CC=C2)=NC=1C)=O)CC1OC=CC=1,0.005263649462722242
CCC(C(NCC(NCCNS(C1=CC(Cl)=CC=C1)(=O)=O)=O)=O)C,0.004557371407281607
CC(CCCNC(CC1C(=O)NC(C2=NC=CC=C2)=NC=1C)=O)C,0.004344031866639853
CC1=C(CC(NCC2N(C)N=CC=2)=O)C(=O)NC(C2=NC=CC=C2)=N1,0.004121265653520822
CC1=CC(C(NC2=CC(CN3C(=O)CCC3)=CC=C2)=O)=C(O)C(Br)=C1,0.005006081494502723
CCN(C(CC1C(=O)NC(C2=NC=CC=C2)=NC=1C)=O)C,0.0038413871778175237
CC(CN(C(CC1C(=O)NC(C2=NC=CC=C2)=NC=1C)=O)C)C,0.005008453945629298
CC(CCN(C(CC1C(=O)NC(C2=NC=CC=C2)=NC=1C)=O)C)C,0.005568562506232411
CC1=CC(C(NCCCN2N=CC=C2)=O)=C(O)C(Br)=C1,0.004938338813371956
CCC(C(NCC(N1CCN(C2N(C3=CC=CC=C3)N=NN=2)CC1)=O)=O)C,0.005130121647380292
O=C(NCCNC1SC2=C(C=CC=C2)N=1)CSCC1=NC=CC=C1,0.004184175352565944
CC1=NN(C)C(NC(CC2C(=O)NC(C3=NC=CC=C3)=NC=2C)=O)=C1,0.0035087482538074255
CC1=NN(C)C(NC(C2N=C(C3SC=C(Br)C=3)SC=2)=O)=C1,0.005525112175382674
FC1=C(OCCCC(NC2=CC(C3NN=CC=3)=CC=C2)=O)C=CC=C1,0.0037717936444096266
CCN1C2=C(C=CC=C2)C=C1C(NC1=CC(CN2C(=O)NCC2=O)=CC=C1)=O,0.0017619506572373212
CC1=C(C(NCCNC2=NC=CN=C2)=O)SC(C2=NC=CC=N2)=N1,0.004142862791195512
FC1=C(F)C=C(C(NCC(NCCCN2CC3=C(C=CC=C3)CC2)=O)=O)C=C1,0.0071092876605689526
CC1N(C(CC2C(=O)NC(C3=NC=CC=C3)=NC=2C)=O)CCOC1,0.003710255166515708
COC(C1=C(C)OC(CNC(CCCOC2=CC(F)=CC=C2)=O)=C1)=O,0.0054148414870724085
CN(C1=NC=C(CNC(C2=C(O)C(Br)=CC(C)=C2)=O)C=C1)C,0.0040807398152537646
CN1CC(C2=CC=CC=C2)N(CCCNC(C2=C3C(NC=N3)=CC(F)=C2)=O)CC1,0.002716067968867719
O=C(C1N(CC2SC=CC=2)C=CC=1)NC1C2C=NN(CC3=CC=CC=C3)C=2CCC1,0.010489350790157915
NC(CC1=CC=C(NC(C2N=C(C3SC=C(Br)C=3)SC=2)=O)C=C1)=O,0.004876940185204149
CCN1N=CC(NC(CC2C(=O)NC(C3=NC=CC=C3)=NC=2C)=O)=C1,0.003339573793346062
CC1=C(CC(NC2=CN(C)N=C2)=O)C(=O)NC(C2=NC=CC=C2)=N1,0.0034020032384432853
CC1=CC(C(N2CCN(C3=C(C#N)N=C(C4CC4)O3)CC2)=O)=C(O)C(Br)=C1,0.003035611321683973
CN(C(CSCC1=NC=CC=C1)=O)CC(NC1=CC=CC=C1)=O,0.005517471279017627
CCC(C(NCC(NC1C(=O)NCCCC1)=O)=O)C,0.009349206485785544
CN(C(C)=O)CC1=CC(NC(CCCOC2=CC(F)=CC=C2)=O)=CC=C1,0.005755726690404117
CC1=C(CC(NCC2CCC2)=O)C(=O)NC(C2=NC=CC=C2)=N1,0.004738638468552381
CCN1C2=C(C=CC=C2)C=C1C(NCC1N(C2=CC=CC=C2)C=NN=1)=O,0.00658508010674268
NC(C1(CCOCC1)CNC(CCCOC1=CC(F)=CC=C1)=O)=O,0.0059144354425370695
NC(C1(CCOCC1)CNC(CCCOC1=C(F)C=CC=C1)=O)=O,0.007203546306118369
CCCOC1=CC(NC(CC2C(=O)NC(C3=NC=CC=C3)=NC=2C)=O)=CC=C1,0.0039057589252479374
CC1=NC=C(CC(NNC(C2=CC(S(C)(=O)=O)=CC=C2)=O)=O)C=C1,0.0021934692573267966
FC1=C(OCCCC(NC2=CC=C(N3CC(=O)NCC3)C=C2)=O)C=CC=C1,0.005091653729323298
CC1C(C2OC(CN(C(C3=NSN=C3)=O)C3CC3)=CC=2)C1,0.016360371466726066
CN(CCOC1=C(C(NCC2=CC=C(C3NN=CC=3)C=C2)=O)C=CC=C1)C,0.005318787437863648
O=C(NC1CCN(C(C2=CC=NC=C2)=O)CC1)CSCC1=NC=CC=C1,0.005261375894770026
CCOC([C@H](CC1N=CNC=1)N)=O,0.004492083890363574
CCOC([C@H](CC1N=CNC=1)N)=O.Cl.Cl,0.004008234071079642
CC(C[C@@H](C(OC(C)C)=O)N)C,0.015644842013716697
Cl.CC(C[C@@H](C(OC(C)C)=O)N)C,0.01435237443074584
NCC(OCC1CC1)=O,0.019584122579544783
Cl.NCC(OCC1CC1)=O,0.01631636405363679
CCC(C1NN=NN=1)N,0.007293771556578577
NC1=CC=C(CNC2=CC=CC=C2)C=C1,0.008139084093272686
CNCCNC1=CC=CC=C1,0.011215526587329805
CC(NCCN)(C)C,0.025834091100841762
CC(NCCN1CCNCC1)C,0.012307660980150103
NCCNC1CC1,0.027439606375992298
NC1=CC=C(CNC2CC2)C=C1,0.010840593720786273
NCC1=CC2=C(NCCC2)C=C1,0.018625817773863674
NCCC1CCNCC1,0.020002202317118644
ClCC(N(C1CC1)CC1=CSC=C1)=O,0.008128945389762521
COC(N(C1=CC=C(N(=O)=O)C=C1)C)=O,0.005342129478231072
CC(N1N=CN=C1)C(N(CCCCCC1NN=C(C2=CC=CC=C2)C=1)C)=O,0.0055425498401746156
CCN(C(C1=CC=C(CNC(C2=C3C(NC=N3)=CC(F)=C2)=O)C=C1)=O)CC,0.0030502238136250527
COC1=C(C2NC(NC(CSCC3=NC=CC=C3)=O)=NN=2)C=CC=C1,0.0036120480974204837
CC1=C(CC(N2CC(C)(C)OCC2)=O)C(=O)NC(C2=NC=CC=C2)=N1,0.003924426983576268
CC1=C(CC(NCC2COCC2)=O)C(=O)NC(C2=NC=CC=C2)=N1,0.003917720948811621
O=C(NCC1(N2CCOCC2)CSCC1)CSCC1=NC=CC=C1,0.007171048643067479
CC(C1=CC=C(F)C=C1)CC(NCC1(N2CCOCC2)CSCC1)=O,0.006979301013052464
CC1=CC2=C(OC(C(NCC3(N4CCOCC4)CSCC3)=O)=C2)C=C1,0.008271516859531402
CCOCCCNC(C1CCN(C(CN2C3=C(C=CC=C3)C=C2)=O)CC1)=O,0.0061311957659199836
CC1=NC=C(CC(NCC2=C(CN3CCN(C4=CC=CC=C4)CC3)C=CC=C2)=O)C=C1,0.008086420083418488
CCN(C(CC1C(=O)NC(C2=NC=CC=C2)=NC=1C)=O)CC(NC)=O,0.004422789288219065
CC1CN(C(C2CCN(C(CN3C4=C(C=CC=C4)C=C3)=O)CC2)=O)CCC1,0.009539834316819906
FC1=CC2=C(OCOC2)C(CCNC(C2=NSN=C2)=O)=C1,0.006257237331010401
CC1=C(CC(NCCN2C=NC=C2)=O)C(=O)NC(C2=NC=CC=C2)=N1,0.0026554744807071986
BrC1C=C(C2SC=C(C(NCCN3C=NC=C3)=O)N=2)SC=1,0.00430853150319308
FC1=C(OCCCC(NCC2=CC=C(N3CC(=O)NCC3)C=C2)=O)C=CC=C1,0.005147708975709975
BrC1SC=C(CNC(CSCC2=NC=CC=C2)=O)C=1,0.006621913984417915
CC(C1=CC(NS(C)(=O)=O)=CC=C1)NC(CN1C2=C(C=CC=C2)C=C1)=O,0.004116250947117805
CC1=C(CC(NC2=C(O)C=CN=C2)=O)C(=O)NC(C2=NC=CC=C2)=N1,0.003757832373958081
CCN1C2=C(C=CC=C2)C=C1C(NC1=C(O)C=CN=C1)=O,0.005641637207008898
O=C(NC1=NC=CC=C1)CCNC(CSCC1=NC=CC=C1)=O,0.003946543799247593
CCN1C2=C(C=CC=C2)C=C1C(NCCC(NC1=NC=CC=C1)=O)=O,0.004391781601589173
FC1=CC(OCCCC(NCC2=CC=C(N3N=CC=C3)C=C2)=O)=CC=C1,0.004783426807262003
CC1=NC=C(CC(N2CCC(NC(C3=C(F)C=CC=C3)=O)CC2)=O)C=C1,0.004923791717737913
CC1=C(CC(NCC2=COC=C2)=O)C(=O)NC(C2=NC=CC=C2)=N1,0.003930271184071898
CC1=C(C(NC2CC3=C(C=CC=C3)OC2)=O)SC(C2=NC=CC=N2)=N1,0.006614033039659262
CC1=C(CC(NCC2=NNC=C2)=O)C(=O)NC(C2=NC=CC=C2)=N1,0.0035178892430849373
CC1=C(CC(NCCCC(N)=O)=O)C(=O)NC(C2=NC=CC=C2)=N1,0.003474949987139553
NC(CCCNC(C1NC2=C(C(=CC=C2)OC(F)(F)F)C=1)=O)=O,0.0017466841818531975
CC(C(C(NCCCC(N)=O)=O)OC1=C(C#N)C=CC=C1)C,0.006240827357396483
CC1=C(CC(NCC2=CSC=C2)=O)C(=O)NC(C2=NC=CC=C2)=N1,0.0034227152238599954
CC1C(CNC(CC2C(=O)NC(C3=NC=CC=C3)=NC=2C)=O)C1,0.004673633573111147
CC(CC1=CC=C(C(C2CCN(C(C3=NSN=C3)=O)CC2)=O)C=C1)C,0.014013003977015614
CC1CN(CC2=CC=C(NC(CC3=CN=C(C)C=C3)=O)C=C2)CCC1,0.007991700596176089
CC1=CC2=C(OC(C(NCCN3CCCCC3)=O)=C2)C=C1,0.008070688205771148
CCN1C2=C(C=CC=C2)C=C1C(NCC1=C(NS(C)(=O)=O)C=CC=C1)=O,0.003702246001921594
CC1=CC2=C(OC(C(NCC3=C(NS(C)(=O)=O)C=CC=C3)=O)=C2)C=C1,0.0041802451247349385
CC(C1=CC=C(F)C=C1)CC(NC1CCN(C(C2=CC=NC=C2)=O)CC1)=O,0.005338739929720759
CCCCSC(C(NC1=CN(CC(N)=O)N=C1)=O)C,0.004558469541370869
NC(CN1N=CC(NC(CCCOC2=CC(F)=CC=C2)=O)=C1)=O,0.004265342513099313
COC(NCC(N1CCC(C(NCC2=CC(F)=C(C)C=C2)=O)CC1)=O)=O,0.004141597170382738
COC1=CC(CCNC(CC2C(=O)NC(C3=NC=CC=C3)=NC=2C)=O)=CC=C1,0.004284639714751392
CCN1C2=C(C=CC=C2)C=C1C(NC1CCN(CC(NC2CC2)=O)CC1)=O,0.00690563814714551
CC1=C(Br)C=CC(CC2SC(NC(C3=NSN=C3)=O)=NC=2)=C1,0.0076328642200678585
CCN1C2=C(C=CC=C2)C=C1C(NC1CCN(CC(NC(C)C)=O)CC1)=O,0.006595913087949157
O=C(NC1NC(C2=NC=CC=C2)=NN=1)CSCC1=NC=CC=C1,0.0030704093165695666
CC(OC1=C(C(NC(CSCC2=NC=CC=C2)=O)C)C=CC=C1)C,0.008101633703336119
O=C(C1=NSN=C1)NCCS(C1=CC=CC=C1)(=O)=O,0.005851387814618647
CC1=CC(C(NCC2SC=CN=2)=O)=C(O)C(Br)=C1,0.004694319446571171
CC1=C(CC(NCC2SC=CN=2)=O)C(=O)NC(C2=NC=CC=C2)=N1,0.0029973462922498586
COC(NC1=CC=C(CNC(C2=NSN=C2)=O)C=C1)=O,0.005151225603185594
FC(C1C=C(NC(CN2C3=C(C=CC=C3)C=C2)=O)C(=O)NC=1)(F)F,0.00210167657060083
CC1=CN(CCC(NC2C(=O)NC=C(C(F)(F)F)C=2)=O)N=C1,0.002081696700770408
CC1=NC=C(CNC(CC2C(=O)NC(C3=NC=CC=C3)=NC=2C)=O)C=C1,0.00402042472269386
CC1=C(CC(N2CCSCC2)=O)C(=O)NC(C2=NC=CC=C2)=N1,0.0035278859781101347
CC1=NNC(NC(CC2C(=O)NC(C3=NC=CC=C3)=NC=2C)=O)=C1,0.003030070895329118
COC1=C(OCC(N)=O)C=CC(CNC(C2NNC(=O)N=2)=O)=C1,0.004122561041731388
COC1=C(OCC(N)=O)C=CC(CNC(C2=NSN=C2)=O)=C1,0.008283718908205628
CN(C(CCNC(CCNS(C1=CC=CC=C1)(=O)=O)=O)=O)C,0.005084556015208364
CN(C(CCNC(CC1=C(C)N(C2=NC(C)=CC(C)=N2)N=C1C)=O)=O)C,0.007001477223820984
CN(C(CCNC(CN1C(=O)C2=C(C=CC=C2)NC1=O)=O)=O)C,0.003246221144217998
CN(C(CCNC(C1=NN(C2=CC=C(F)C=C2)C(=O)C=C1)=O)=O)C,0.0047864980762824414
CN(C(CCNC(C1=CC(N2C(=O)NCC2)=CC=C1)=O)=O)C,0.0038049722905270757
CCN1C(=O)C2=C(C=C(C(NCCC(N(C)C)=O)=O)C=C2)NC1=O,0.0034017839934676886
COC1=CC=C(SC(C(NCCC(N(C)C)=O)=O)C)C=C1,0.007224413356743753
CN(C(CCNC(C1OC(COC2=C(C#N)C=CC=C2)=CC=1)=O)=O)C,0.005966739961877465
O=N(C1=C(CNC(C2=NSN=C2)=O)C=CC=C1)=O,0.005534691968932748
O=N(C1=C(CNC(C2N=C(C3SC=C(Br)C=3)SC=2)=O)C=CC=C1)=O,0.004520120448432863
CC(C(C(N1CCC(CC(N)=O)CC1)=O)OC1=C(C#N)C=CC=C1)C,0.006387359276413917
CC(S(C1=CC=C(F)C=C1)(=O)=O)C(N1CC(C(N)=O)CC1)=O,0.005293342121876776
CC(C(C(N1CC(C(N)=O)CC1)=O)OC1=C(C#N)C=CC=C1)C,0.00801269426010549
CCOCCNC(CC1C(=O)NC(C2=NC=CC=C2)=NC=1C)=O,0.003065974113997072
CC1OC(CNC(CC2C(=O)NC(C3=NC=CC=C3)=NC=2C)=O)=NN=1,0.0036527793970890345
CC1OC(CN(C(CC2C(=O)NC(C3=NC=CC=C3)=NC=2C)=O)C2CC2)=CC=1,0.005784256057813764
FC1=CC=C(OC2=NC=C(CNC(C3=NSN=C3)=O)C=C2)C=C1,0.004490407067351043
CC(CN1C(=O)N(CC2=CC3=C(OCO3)C=C2)C(=O)C1)C,0.00277426095562987
CC1=CC(C(NC2CN(C3=NC=CC=N3)CCC2)=O)=C(O)C(Br)=C1,0.0037709860247559846
CC1=CC(C(NCCC(N2CCCCC2)=O)=O)=C(O)C(Br)=C1,0.00566714268643409
COC1=C(OC2CCN(C(C3NNC(=O)N=3)=O)CC2)C(OC)=CC=C1,0.0035485517466440795
COC1=C(OC2CCN(C(C3=NSN=C3)=O)CC2)C(OC)=CC=C1,0.008711702888831496
COCC(N(C(CC1C(=O)NC(C2=NC=CC=C2)=NC=1C)=O)C)C,0.004616675246506929
O=C(NC1=CN(CC2OCCC2)N=C1)CSCC1=NC=CC=C1,0.005918938410468399
ClC1=CC(N2N=C(C(NC3=CN(CC4OCCC4)N=C3)=O)C=C2)=CC=C1,0.005920161679387093
CN(C(C1OCCC1)=O)CCCCCC1NN=C(C2=CC=CC=C2)C=1,0.006482971576042473
CN(C(C1=CC=NC=C1)=O)CCCCCC1NN=C(C2=CC=CC=C2)C=1,0.006206698226742446
CN(C(C1=CN=CC=C1)=O)CCCCCC1NN=C(C2=CC=CC=C2)C=1,0.006255246209912002
CN(C(C1ON=C(C)C=1)=O)CCCCCC1NN=C(C2=CC=CC=C2)C=1,0.005623167916201055
CN(C(C1=CN(C)N=C1)=O)CCCCCC1NN=C(C2=CC=CC=C2)C=1,0.007182316575199366
COCC(N(CCCCCC1NN=C(C2=CC=CC=C2)C=1)C)=O,0.005889263865537941
ClC1=CC(C2(C(N3CC(C(NC4SC=CN=4)=O)CCC3)=O)CC2)=CC=C1,0.006269027036614716
CCS(NC1=CC=C(NC(CC2=C(Cl)C=CC=C2F)=O)C=C1)(=O)=O,0.003950738639105111
CCS(NC1=CC=C(NC(C(C2=CC=CC=C2)C2=CC=CC=C2)=O)C=C1)(=O)=O,0.0056530442670919
CCOC1=CC=C(C(NC2=CC=C(NS(CC)(=O)=O)C=C2)=O)C=C1,0.004243311216123402
CCOC1=C(C(NC2=CC=C(NS(CC)(=O)=O)C=C2)=O)C=CC=C1,0.004504654032643884
CC1NC(=O)C(C(NC2CCN(CC3CC3)CC2)=O)=CC=1,0.006289005815051496
CN1C(=O)C2=C(C=C(C(N3C(C4CCCCC4)CCC3)=O)C=C2)N=C1S,0.0074620228726416825
FC(C1=C(NCCNC(CSCC2=NC=CC=C2)=O)N=CC=C1)(F)F,0.0023077795165590944
CC(CCC(C1=CC=C(Cl)C=C1)NC(C1NNC(=O)N=1)=O)C,0.004230562993325293
ClC1=CC2=C(NC3=C2CN(C(C2=NSN=C2)=O)CC3)C=C1,0.005173100531101227
O=C(C1=NSN=C1)NCC1=C(OC2CCCC2)C=CC=C1,0.010085442801937461
CC1(OC2=C(C=CC=C2OC2CCN(C(C3N=NNC=3)=O)CC2)C1)C,0.00489411826711148
FC(C1=CC(CC2SC(NC(C3=NSN=C3)=O)=NC=2)=C(Cl)C=C1)(F)F,0.004261918645352125
CC1=CC(C)=C(CCNC(CC2C(=O)NC(C3=NC=CC=C3)=NC=2C)=O)C(C)=C1,0.005258984863758087
CN(C(CC1C(=O)NC(C2=NC=CC=C2)=NC=1C)=O)CC1CC1,0.00530673615867272
CCNC(CN(C(C1OC(=O)C2=C(C=CC=C2)C1)=O)C)=O,0.007776982756331563
COC1=NC=C(C(NCCN2C3=C(C=CC=C3)CC2)=O)C=C1,0.006868101004511118
O=C(C1=CC2=C(NC(CO2)=O)C=C1)NCCN1C2=C(C=CC=C2)CC1,0.007927422248758375
O=C(C1CN(C2=NC=CC=N2)CCC1)NCCN1C2=C(C=CC=C2)CC1,0.0069580926094204186
O=C(C1=CC(N2C(=O)NCC2)=CC=C1)NCCN1C2=C(C=CC=C2)CC1,0.004878806800115853
CC1N(C(C)(C)C)N=C(C(NCCN2C3=C(C=CC=C3)CC2)=O)C=1,0.009540325636044145
CC1NC(=O)C(C(NCCN2C3=C(C=CC=C3)CC2)=O)=CC=1,0.004888018360361457
COC1=C(OC)C=C2C(CCN(C2)CCNC(C2=NNC=C2)=O)=C1,0.005643029604107142
COC1=C(OC)C=C2C(CCN(C2)CCNC(C2NN=C(C)C=2)=O)=C1,0.006241761893033981
CC1C2=C(C=CC=C2)OC=1C(N1CC(C(NC2SC=CN=2)=O)CCC1)=O,0.005484519549645484
O=C(N1CC(C(NC2SC=CN=2)=O)CCC1)CSC1=CC=CC=C1,0.005087804538197816
CC1=NC2=C(C=CC=C2)C(C(N2CC(C(NC3SC=CN=3)=O)CCC2)=O)=C1,0.0052873290958814325
O=C(C1CN(C(C2=C3C(C=CC=N3)=CC=C2)=O)CCC1)NC1SC=CN=1,0.0049120206967927516
FC1=CC=C(CCC(N2CC(C(NC3SC=CN=3)=O)CCC2)=O)C=C1,0.005114031350240111
CC1C2=C(C=CC=C2)SC=1C(N1CC(C(NC2SC=CN=2)=O)CCC1)=O,0.005460182786919177
COC1=NC=C(C(N2CC(C(NC3SC=CN=3)=O)CCC2)=O)C=C1,0.0051857688231393695
CC1=CC2=C(N=C(C(C(N3CC(C(NC4SC=CN=4)=O)CCC3)=O)=C2)C)C=C1,0.005567847611382603
CC1C(CCC(N2CC(C(NC3SC=CN=3)=O)CCC2)=O)=C(C)ON=1,0.00574409756809473
CC1=NC2=C(C=CC(=C2)F)C(C(N2CC(C(NC3SC=CN=3)=O)CCC2)=O)=C1,0.0046743858722038565
FC(SCC(N1CC(C(NC2SC=CN=2)=O)CCC1)=O)(F)F,0.0027418077996117065
O=C(N1CC(C(NC2SC=CN=2)=O)CCC1)CCCC1=CC=CC=C1,0.006626991275697947
CC(C(N1CC(C(NC2SC=CN=2)=O)CCC1)=O)SCC1=CC=CC=C1,0.005654459283687174
C=CCSCC(N1CC(C(NC2SC=CN=2)=O)CCC1)=O,0.004818960628472269
CCSCCC(N1CC(C(NC2SC=CN=2)=O)CCC1)=O,0.004508038703352213
BrC1=CC=C(NC(CNC(C2=CC3=C(NC=N3)C=C2)=O)=O)C=C1,0.0029503343161195517
CC1=C(C)C(C(NCC(NC2=CC=C(Br)C=C2)=O)=O)=C(C)O1,0.007989913714118302
CC(N1N=CC(C(NCC(NC2=CC=C(Br)C=C2)=O)=O)=C1)(C)C,0.007565780123695731
CC(NC(C1=CC(NS(C)(=O)=O)=C(C)C=C1)=O)CC1=C(C)C=CC=C1,0.005180177162401378
FC1=CC=C(CN2CCC(NC(CC3CCCC3)=O)CC2)C=C1,0.00852229145821184
FC1=CC=C(CN2CCC(NC(C3=CC4=C(CCC4)C=C3)=O)CC2)C=C1,0.008357888413593173
FC1=CC=C(CN2CCC(NC(CC3=CC4=C(CCC4)C=C3)=O)CC2)C=C1,0.008490027347579598
FC1=CC=C(CN2CCC(NC(CC3=CC4=C(OCCO4)C(Cl)=C3)=O)CC2)C=C1,0.00565900286892429
CC(C(NC1CCN(CC2=CC=C(F)C=C2)CC1)=O)OC1=C(Cl)C=CC=C1,0.006224389909766615
FC1=CC=C(CN2CCC(NC(CCC3=CC(F)=C(F)C=C3)=O)CC2)C=C1,0.0067585472017526625
FC1=CC=C(CN2CCC(NC(C3OC4=C(C=C(C=C4)Br)C=3)=O)CC2)C=C1,0.007011610269546509
FC1=CC=C(CN2CCC(NC(C3OC4=C(C=CC=C4Br)C=3)=O)CC2)C=C1,0.007212495454587043
FC1=CC=C(CN2CCC(NC(CCC3SC(Cl)=CC=3)=O)CC2)C=C1,0.005186030105687678
CCS(NC1=CC=C(NC(C2=C(C3=CC=CC=C3)C=CS2)=O)C=C1)(=O)=O,0.003690138296224177
CCS(NC1=CC=C(NC(CCCC2SC=CC=2)=O)C=C1)(=O)=O,0.004231130052357912
CCS(NC1=CC=C(NC(COC2=CC=C(C)C=C2)=O)C=C1)(=O)=O,0.0044335891027003525
CCS(NC1=CC=C(NC(CCC2=CC=C(OC)C=C2)=O)C=C1)(=O)=O,0.004863022908102721
CCS(NC1=CC=C(NC(C2=CC=C(N3N=NN=C3)C=C2)=O)C=C1)(=O)=O,0.0026407559344079345
CCS(NC1=CC=C(NC(COC2=CC=C(F)C=C2)=O)C=C1)(=O)=O,0.004047808609902859
CCS(NC1=CC=C(NC(CC2=C3C(C=CC=C3)=CC=C2)=O)C=C1)(=O)=O,0.0046651750919409095
CCS(NC1=CC=C(NC(C2=C(Cl)C=C(Cl)C=C2)=O)C=C1)(=O)=O,0.004105125460773707
CCS(NC1=CC=C(NC(CC2=C(Cl)C=C(Cl)C=C2)=O)C=C1)(=O)=O,0.004509426327422262
CCS(NC1=CC=C(NC(COC2=C(C)C=CC(C)=C2)=O)C=C1)(=O)=O,0.004744946223217994
CCS(NC1=CC=C(NC(C2=C(Cl)C=CC(SC)=C2)=O)C=C1)(=O)=O,0.0034525352413766084
CCS(NC1=CC=C(NC(CC2=C(Cl)C=CC=C2Cl)=O)C=C1)(=O)=O,0.00455623670713976
CCS(NC1=CC=C(NC(C2=C(O)C=CC(Br)=C2)=O)C=C1)(=O)=O,0.003298114170320332
CCS(NC1=CC=C(NC(C2=C3C(C=CC=C3)=CC=C2)=O)C=C1)(=O)=O,0.0040565774717833845
CCC1=C(OCC(NC2=CC=C(NS(CC)(=O)=O)C=C2)=O)C=CC=C1,0.004998065461404621
CCS(NC1=CC=C(NC(CC2=CC=C(Br)C=C2)=O)C=C1)(=O)=O,0.005404123046901077
CCS(NC1=CC=C(NC(C2=C3C(C=CC=C3)=NC(O)=C2)=O)C=C1)(=O)=O,0.0038762976182624698
CCS(NC1=CC=C(NC(C2=C3C(C=CC=C3)=NC(C)=C2)=O)C=C1)(=O)=O,0.003969412215519696
O=C(C1=NNC(=O)C=C1)NC1=CN=C(OCC2=CC=CC=C2)C=C1,0.0031804079306311907
CC(C1C=C(C(NC2=CN=C(OCC3=CC=CC=C3)C=C2)=O)NC=1)=O,0.005411773081868887
CC1=C(C(NC2=CN=C(OCC3=CC=CC=C3)C=C2)=O)C2=C(N=CNC2=O)O1,0.0035489760222844778
CC(NC1SC=C(C(NC2=CN=C(OCC3=CC=CC=C3)C=C2)=O)N=1)=O,0.004624227760359645
O=C(NC1=CN=C(OCC2=CC=CC=C2)C=C1)CCNC1=NC=CC=N1,0.005113750952295959
COC1=CC=C(C(NCCNC(CCCC[C@H]2[C@@H]3[C@@H](NC(N3)=O)CS2)=O)=O)C=C1,0.00409550362965092
O=C(C1=CC2=C(NN=N2)C=C1)NCC1=CN=C(OCCOC2=CC=CC=C2)C=C1,0.0028183450107462705
OC1=C2C(C=CC=C2)=NC=C1C(NCC(NCC1=CN=C(OCCOC2=CC=CC=C2)C=C1)=O)=O,0.004582771146669984
O=C(NCC1=CN=C(OCCOC2=CC=CC=C2)C=C1)CN1C2=C(C=CC=C2)C=C1,0.005804314301349223
COCCOC1=CC(NC(C2=C(NC(C3SC=CC=3)=O)C=CC=C2)=O)=CC=C1,0.005542229418642819
CCC(C1=C(OCC(NC)=O)C=CC=C1)NC(C1=NNC(=O)C=C1)=O,0.0053302095737308266
CCC(C1=C(OCC(NC)=O)C=CC=C1)NC(C1=CC2=C(NC=N2)C=C1)=O,0.0038740684743970633
CCC(C1=C(OCC(NC)=O)C=CC=C1)NC(C1C2=C(C=CC=C2)NN=1)=O,0.005501085170544684
CCC(C1=C(OCC(NC)=O)C=CC=C1)NC(C1=C(O)N=CC=C1)=O,0.006676084036007524
CCC(C1=C(OCC(NC)=O)C=CC=C1)NC(C1=NNC(C2CC2)=C1)=O,0.006118561420589685
CN(C(C1OC2=C(C=CC=C2)OC1)=O)CC(NC1=CC(C#C)=CC=C1)=O,0.006452980590984226
CN(C(CN1C2=C(C=CC=C2)N(C)C1=O)=O)CC(NC1=CC(C#C)=CC=C1)=O,0.003027343028225005
CC1=C(NC(C2CN(C(C3C4=C(C=CC=C4)NN=3)=O)CCC2)=O)N=CC=C1,0.0034937938617076725
CC1=C(NC(C2CN(C(CC3C(=O)NC4=C(C=CC=C4)S3)=O)CCC2)=O)N=CC=C1,0.005052864970639348
CC1=C(C)C(C(N2CC(C(NC3=C(C)C=CC=N3)=O)CCC2)=O)=C(C)O1,0.006825633882544935
CC1=C(NC(C2CN(C(C3=C4C(C=NN4)=CC=C3)=O)CCC2)=O)N=CC=C1,0.0032985473051667215
CC1=C(NC(C2CN(C(C3=NNC(C4CC4)=C3)=O)CCC2)=O)N=CC=C1,0.0037995458114892244
CC1=C(NC(C2CN(C(C3=CC(N4C(=O)NCC4)=CC=C3)=O)CCC2)=O)N=CC=C1,0.0036422311910428106
CC1=C(CC2=C(F)C=CC=C2)SC(NC(C2=CC3=C(NN=N3)C=C2)=O)=N1,0.0031406537629663943
CC1=C(CC2=C(F)C=CC=C2)SC(NC(CNC(CC2=CC=CC=C2)=O)=O)=N1,0.00547709446400404
CC1=C(CC2=C(F)C=CC=C2)SC(NC(C2=C(O)N=CC=C2)=O)=N1,0.004518229863606393
CC1=C(CC2=C(F)C=CC=C2)SC(NC(C(C2C3=C(C=CC=C3)NC=2C)=O)=O)=N1,0.00531333489343524
CC1=C(CC2=C(F)C=CC=C2)SC(NC(CNC(C2CCCC2)=O)=O)=N1,0.006844886625185609
CC1=C(CC2=C(F)C=CC=C2)SC(NC(CNC(C2=COC=C2)=O)=O)=N1,0.005536332563497126
CC1=C(CC2=CC=C(C)C=C2)SC(NC(C2=C(N)N=CC=N2)=O)=N1,0.00542063768953085
CCOC1=C(C2N=C(NC(CCNC3=NC=CC=N3)=O)SC=2)C=CC=C1,0.005200917180627584
FC1=CC2=C(N=CN2)C(C(NC2=CC=C(C(NC3CCCC3)=O)C=C2)=O)=C1,0.0034787574782967567
CC1N(CCCNC(C2=C(S(N3CCCC3)(=O)=O)C=CS2)=O)C=CN=1,0.0025354252196848393
CC1N(CCCNC(C2C(=O)NC(C3=CC=CC=C3)=CC=2)=O)C=CN=1,0.002509335783543065
CC1N(CCCNC(C2C(=O)NC(C)=CC=2)=O)C=CN=1,0.0024029801017604767
CCC(C1=C(OCC(N2CCCC2)=O)C=CC=C1)NC(C1NN=C(C)C=1)=O,0.006056605721823871
CCC(C1=C(OCC(N(C)C)=O)C=CC=C1)NC(C1=NNC(C2CC2)=C1)=O,0.006264051678590477
O=C(C1=CC=C(NC2C3=C(C=CC=C3)S(=O)(=O)N=2)C=C1)N1C(C2CCCCC2)CCC1,0.005251574493013322
FC(C1=CC2=C(SC(C(N2)=O)CC(N2C(C3CCCCC3)CCC2)=O)C=C1)(F)F,0.006900307047180832
CC1=C(CC(N2C(C3CCCCC3)CCC2)=O)C(=O)NC(C2=NC=CC=C2)=N1,0.006578110507689416
CC(C(NC1CCN(CC2=C(F)C=CC=C2)CC1)=O)OC1=C(Cl)C=CC=C1,0.005821606703102588
CCC1OC2=C(C=C(C=C2)NC(CC2N=C(C(C)C)SC=2)=O)N=1,0.005399581487290561
CCCC1SC(C(NC2=CC3=C(OC(=N3)CC)C=C2)=O)=C(C)N=1,0.0054085086798295375
COC1=NC(N2CCN(C(C3=NNC=C3)=O)CC2)=NC=C1,0.002952149254269898
FC1=C(CN2CCC(NC(CC3=CC4=C(OCCO4)C(Cl)=C3)=O)CC2)C=CC=C1,0.005310781626030802
FC1=C(CN2CCC(NC(C3=CN=C(N4CCOCC4)C=C3)=O)CC2)C=CC=C1,0.004478347045369447
FC1=C(CN2CCC(NC(C3(C4=CC(Cl)=CC=C4)CC3)=O)CC2)C=CC=C1,0.006550437468104064
FC1=C(CN2CCC(NC(C3CN(C4=NC=CC=N4)CCC3)=O)CC2)C=CC=C1,0.005730875465087592
FC1=C(CN2CCC(NC(C3=CC=C(OCC(F)(F)F)C=C3)=O)CC2)C=CC=C1,0.004714656167197973
O=N(C1C(C(NC2CCN(CC3=C(F)C=CC=C3)CC2)=O)C1)=O,0.005138321407139301
FC1=C(CN2CCC(NC(CCC3SC(Cl)=CC=3)=O)CC2)C=CC=C1,0.004825784196145833
O=C(C1NN=C(C2SC=CC=2)C=1)NCCN1C(=O)SCC1=O,0.0010783194535179063
CC1=C(C2=NNC(C(NCCN3C(=O)SCC3=O)=O)=C2)C=CC=C1,0.001468616642523557
FC1=C(CN2CCC(NC(COCC3=C(Cl)C=CC=C3)=O)CC2)C=CC=C1,0.0051969379186630246
COCCOC1=CC(C)=C(NC(C2=CC(N(=O)=O)=C(N)C=C2)=O)C=C1,0.003533256088849157
COCCOC1=CC(C)=C(NC(C2=CC(NC(NC(C)C)=O)=CC=C2)=O)C=C1,0.004516776651144028
CC(C1SC(C)=CC=1)N(C(C1C(=O)NC(C)=CC=1)=O)C,0.005384701909497381
CCC1OC2=C(C=C(C=C2)NC(CC2CCCCC2)=O)N=1,0.008033653697930276
CCC1OC2=C(C=C(C=C2)NC(CC2=C(Cl)C=CC=C2)=O)N=1,0.004348126705735922
CCC1OC2=C(C=C(C=C2)NC(CN2C3=C(C=CC=C3)N=C2C(F)(F)F)=O)N=1,0.0028396669833455233
CCC1OC2=C(C=C(C=C2)NC(C2SC(Br)=C(Br)C=2)=O)N=1,0.006645128736272455
CCC1OC2=C(C=C(C=C2)NC(C2=NN(C3=CC=CC=C3)N=C2)=O)N=1,0.004291057493537665
CCC1OC2=C(C=C(C=C2)NC(C2OC(C3=C(F)C=CC=C3)=CC=2)=O)N=1,0.004878762294538319
CCC1OC2=C(C=C(C=C2)NC(C2N=C(C3=CC=CC=C3)SC=2)=O)N=1,0.004430032602977007
CCC1OC2=C(C=C(C=C2)NC(C2=C(COC)C3=C(C=CC=C3F)S2)=O)N=1,0.004351650795433671
CCC1OC2=C(C=C(C=C2)NC(C2=CC(N3C(=O)CCC3)=CC=C2)=O)N=1,0.004612908011768013
CCC1OC2=C(C=C(C=C2)NC(CCC2=CC(F)=C(OC)C=C2)=O)N=1,0.004902134614530951
CCC1OC2=C(C=C(C=C2)NC(C2C(C)OC3=C(C=CC=C3)O2)=O)N=1,0.005931105394847691
ClC1C=C(C(N2CCN(C(CCCNC(NC3CCCCC3)=O)=O)CC2)=O)NC=1,0.003403063432779163
CCC1OC2=C(C=C(C=C2)NC(CN2C(=O)C3=C(C=CC=C3)N=C2C)=O)N=1,0.004588822892401367
CCC1OC2=C(C=C(C=C2)NC(C2=C(CC)N(C3=NC=CC=C3)N=C2)=O)N=1,0.005253114528022707
CCC1OC2=C(C=C(C=C2)NC(C(C2C3=C(C=CC=C3)NC=2C)=O)=O)N=1,0.005577749467920512
CCC1OC2=C(C=C(C=C2)NC(CCC2OCCC2)=O)N=1,0.005860795290209353
CCC1OC2=C(C=C(C=C2)NC(C2=CC3=C(C(NC(=N3)S)=O)C=C2)=O)N=1,0.0018460047140251845
CCC1OC2=C(C=C(C=C2)NC(C2NC3=C(C=CC(=C3)OC)C=2)=O)N=1,0.00324621555628255
CCC1OC2=C(C=C(C=C2)NC(C2=CC=C(N3N=C(C)CC3)C=C2)=O)N=1,0.005391702777706087
CCC1OC2=C(C=C(C=C2)NC(C2=C(Cl)C=NC(N3CCCC3)=N2)=O)N=1,0.00448998884530738
CN(C(C1=C(C)C2=C(N=C(C(C)(C)C)N=C2C)S1)=O)CC1=NC=CC=C1,0.008832665719091892
CCC1OC2=C(C=C(C=C2)NC(C2=CC(OCC3=CN=CC=C3)=CC=C2)=O)N=1,0.004758714442141354
CCC1OC2=C(C=C(C=C2)NC(C2N=C(C3=CN(C)N=C3)SC=2)=O)N=1,0.004397383111063391
CCC(NC(C(NC1=CC2=C(OC(=N2)CC)C=C1)=O)CCSC)=O,0.004529974900651723
CCOC1=C(OC)C=C(C(N2CCC(C(NC3SC=NN=3)=O)CC2)=O)C=C1Cl,0.00563531753141433
O=C(C1CCN(C(C2C3CC(CC3)C2)=O)CC1)NC1SC=NN=1,0.00786238219588995
O=C(C1CCN(C(C2=CC=C(S(NCCC#N)(=O)=O)C=C2)=O)CC1)NC1SC=NN=1,0.0019197291316231714
CC(C(N1CCC(C(NC2SC=NN=2)=O)CC1)=O)OC1=CC(C(C)(C)C)=CC=C1,0.0069172561401501294
FC1=C(N2N=CC=C2)C=CC(NC(CCC(C2=CC=CC=C2)=O)=O)=C1,0.0073594199260696765
NC(NC(C1SC=CC=1)CC(NC1=CC(F)=C(N2N=CC=C2)C=C1)=O)=O,0.0029449994559399783
CC1=CC2=C(C=C(C(NC3=CC(F)=C(N4N=CC=C4)C=C3)=O)N2)C=C1,0.00330237525049597
FC1=C(N2N=CC=C2)C=CC(NC(C2=CC(N3C(=O)NCC3)=CC=C2)=O)=C1,0.003124236303847283
CCCC1N=C(CCCC(NC2=CC(F)=C(N3N=CC=C3)C=C2)=O)ON=1,0.005482284631580114
CCN1C2=C(C=CC=C2)C=C1C(NC1=CC(F)=C(N2N=CC=C2)C=C1)=O,0.0053536749444901945
O=C(C1CC(=O)N(C2CCCC2)C1)NCCN1C(=O)SCC1=O,0.004499205737374723
CS(N1CCC(C(NCCN2C(=O)SCC2=O)=O)CC1)(=O)=O,0.0018452369928127154
O=C(C1=NNC(C2OC=CC=2)=C1)NCCN1C(=O)SCC1=O,0.0016117369930725544
CC(CN1C(=O)CC(C(NCCN2C(=O)SCC2=O)=O)C1)C,0.0036954735871404408
CC(N1C(=O)CC(C(NCCN2C(=O)SCC2=O)=O)C1)C,0.0036046995897777378
O=C(C1CC(=O)N(CC2CC2)C1)NCCN1C(=O)SCC1=O,0.00393462193896994
CN(C(N1CCC(C(NCCN2C(=O)SCC2=O)=O)CC1)=O)C,0.002065958786988631
CCCCC1SC(C(NCCN2C(=O)SCC2=O)=O)=C(C)N=1,0.0025613510864786805
CCCC1SC(C(NCCN2C(=O)SCC2=O)=O)=C(C)N=1,0.002288369735470042
CC1=C(C(NCCN2C(=O)SCC2=O)=O)SC=N1,0.0018436090787872673
CC(C1NN=C(C(NCCN2C(=O)SCC2=O)=O)C=1)C,0.001571142947068438
CC1N(C2=CC=CC=C2)N=C(C(NCCN2C(=O)SCC2=O)=O)C=1,0.002376565511804074
CC1N(C(C)(C)C)N=C(C(NCCN2C(=O)SCC2=O)=O)C=1,0.002785936067812145
CC1=NNC(C(NCCN2C(=O)SCC2=O)=O)=C1,0.0014955927763367072
CC1=NN(C)C(C(NCCN2C(=O)SCC2=O)=O)=C1,0.002544736856361851
CCCC(N1CCC(C(NCCN2C(=O)SCC2=O)=O)CC1)=O,0.0032249649055302145
CNC(CCNC(C1=C2C(C(C(=C(C3=CC=CC=C3)O2)C)=O)=CC=C1)=O)=O,0.007649085251614451
CNC(CCNC(C1=CC=C(S(C(F)F)(=O)=O)C=C1)=O)=O,0.0025749322318006306
CNC(CCNC(C1CCN(C2=C(N(=O)=O)C=CC=C2)CC1)=O)=O,0.004332312138285488
CNC(CCNC(C1=C2C(C=CC=C2)=NC(C2=CC=C(OC)C=C2)=C1)=O)=O,0.005474432301707566
COC1=NC(N2CCN(C(CCC3=C(C)ON=C3C)=O)CC2)=NC=C1,0.00718254002276808
CNC(CCNC(C1SC(N2CCOCC2)=C(C2=CC=CC=C2)C=1)=O)=O,0.004735907493159175
CNC(CCNC(C1CN(C(C2=C3C(C=CC=C3)=CC=C2)=O)CCC1)=O)=O,0.006231046887114644
CNC(CCNC(CN1C(=O)C2=C(C=CC=C2)C1=C)=O)=O,0.00708686972502619
CNC(CCNC(C1=C2C(ON=C2C)=NC(C2=C(F)C=CC=C2)=C1)=O)=O,0.004919625958427787
CNC(CCNC(CCN1C(=O)C2=C(C=CC(=C2)Br)N=C1)=O)=O,0.005724563729017973
CNC(CCNC(C1N=C(C2=CC=C(C(C)C)C=C2)SC=1)=O)=O,0.00488170231692493
CNC(CCNC(COC1=C2C(SC=C2)=C2C(SC(=N2)C)=C1)=O)=O,0.004683244694024325
COC1=NC(N2CCN(C(C3=C(C)N=C(C)S3)=O)CC2)=NC=C1,0.005453143059276045
CC1C2=C(N=C(NC2=O)CC2=CC=CC=C2)SC=1C(N1CCN(C(C2NC=C(Cl)C=2)=O)CC1)=O,0.0030401807744055986
CN(C(C1=CC=C(OCC2=CC=CC=C2)C=C1)=O)CC1=NC=CC=C1,0.009879927057772875
CN(C(C1=C2C(C=CC=C2)=NC(C2=C(C)C=C(C)C=C2)=C1)=O)CC1=NC=CC=C1,0.011211452959105372
CN(C(C1=CC=C(NC(C2CC2)=O)C=C1)=O)CC1=NC=CC=C1,0.007371774292550981
CN(C(C1=C(N(=O)=O)C=C(Cl)C=C1)=O)CC1=NC=CC=C1,0.005207561480347067
CN(C(CC1=CC=C(C2=CC=CC=C2)C=C1)=O)CC1=NC=CC=C1,0.010432416293770074
CN(C(C1CCN(S(C2=C(F)C=CC(F)=C2)(=O)=O)CC1)=O)CC1=NC=CC=C1,0.0045897596166469155
CN(C(C1CC(=O)N(C2=CC3=C(OCO3)C=C2)C1)=O)CC1=NC=CC=C1,0.008652290981262922
CC(C1=CC(OCC2=NC=CC=C2)=CC=C1)NC(CNC(C1=CC=CC=C1)=O)=O,0.007128032692708075
CN(C(CCNC(C1=CC2=C(C=CC=C2)C=C1)=O)=O)CC1=CC(O)=CC=C1,0.0046527944039553406
CN(C(C1=C2C(C=C(C=C2)F)=NC(C)=C1)=O)CC1=CC(O)=CC=C1,0.003658610163256526
CN(C(C1=CC(NC(C2=CC=C(F)C=C2)=O)=CC=C1)=O)CC1=CC(O)=CC=C1,0.003952154843136668
CN(C(C1=CC(NC(C2=C(F)C=CC=C2)=O)=C(C)C=C1)=O)CC1=CC(O)=CC=C1,0.004379860847257078
COC(C1=CC(C(N(CC2=CC(O)=CC=C2)C)=O)=CC=C1)=O,0.004961169580928982
CN(C(CCC1=C(Br)C=CC=C1)=O)CC1=CC(O)=CC=C1,0.006697091204114258
O=C(NCC1=CC=C(OCC2=NC=CC=C2)C=C1)CNC(CC1=C2C(C=CC=C2)=CC=C1)=O,0.00674107214435935
COC1=NC(N2CCN(C(CC3N=C(C)SC=3)=O)CC2)=NC=C1,0.005608289339579642
COC1=NC(N2CCN(C(CN3C(=O)CSC3)=O)CC2)=NC=C1,0.0052380543667823075
CCOC1=C(C(N2CCN(C3=NC(OC)=CC=N3)CC2)=O)C=CC=N1,0.00597400376573205
COC1=NC(N2CCN(C(CCOC(C)C)=O)CC2)=NC=C1,0.0071216125274077054
COC1=NC(N2CCN(C(CCC3OCCC3)=O)CC2)=NC=C1,0.007798301312141121
COC1=NC(N2CCN(C(COC3=CC(F)=CC=C3)=O)CC2)=NC=C1,0.005066573619842529
COC1=NC(N2CCN(C(COC3=C(F)C=CC=C3)=O)CC2)=NC=C1,0.0057764827273786064
COC1=NC(N2CCN(C(C3=CC4=C(NC=N4)C=C3)=O)CC2)=NC=C1,0.0025010101264342664
COC1=NC(N2CCN(C(C3=CN=C(O)C=C3)=O)CC2)=NC=C1,0.004474568995647132
COC1=NC(N2CCN(C(C3=C4C(C=CC=N4)=CC=C3)=O)CC2)=NC=C1,0.005826651235111058
COC1=NC(N2CCN(C(C3CCOCC3)=O)CC2)=NC=C1,0.007959616929292678
COC1=NC(N2CCN(C(CN3C(=O)CCC3)=O)CC2)=NC=C1,0.006440216698683799
COC1=NC(N2CCN(C(C3=C(OC)C=CC(C)=C3)=O)CC2)=NC=C1,0.006728610722348094
COC1=NC(N2CCN(C(C3=CN(C)N=C3)=O)CC2)=NC=C1,0.006669144215993583
COC1=NC(N2CCN(C(C3CN(C(C)=O)CCC3)=O)CC2)=NC=C1,0.006882738857530058
COC1=NC(N2CCN(C(C3CCC(=O)N(C)N=3)=O)CC2)=NC=C1,0.005296600237488747
COC1=NC(N2CCN(C(CN3N=CC=C3)=O)CC2)=NC=C1,0.005342561961151659
COC1=NC(N2CCN(C(CCN3C(C)=CC(C)=N3)=O)CC2)=NC=C1,0.0071915056556463245
COC1=NC(N2CCN(C(CSC)=O)CC2)=NC=C1,0.005803386447951198
COC1=NC(N2CCN(C(C3=C4C(N=CC=C4)=CC=C3)=O)CC2)=NC=C1,0.0055710752727463845
COC1=NC(N2CCN(C(C3=CN=C(C)C=C3)=O)CC2)=NC=C1,0.006103655719198286
COC1=NC(N2CCN(C(CN3N=CN=C3)=O)CC2)=NC=C1,0.004981224494986236
COC1=NC(N2CCN(C(CCSC)=O)CC2)=NC=C1,0.006148544931784272
COC1=NC(N2CCN(C(C3=C(C(C)C)ON=C3C)=O)CC2)=NC=C1,0.007807335699908435
CNC1=C(C(N2CCN(C3=NC(OC)=CC=N3)CC2)=O)C(C)=NS1,0.005281707155518234
COC1=NC(N2CCN(C(C(N3N=CN=C3)C)=O)CC2)=NC=C1,0.005567255429923534
COC1=NC(N2CCN(C(C3CC(=O)N(C)CC3)=O)CC2)=NC=C1,0.0064826930407434705
COC1=NC(N2CCN(C(C3=CC(=O)N(C)C=C3)=O)CC2)=NC=C1,0.006241848738864064
COC1=NC(N2CCN(C(C3CC(=O)N(C(C)C)C3)=O)CC2)=NC=C1,0.007904144981876016
COCC1=C(C(N2CCN(C3=NC(OC)=CC=N3)CC2)=O)C=CC=C1,0.006369264167733491
COC1=NC(N2CCN(C(C3=NC(C)=C(C#N)C=C3)=O)CC2)=NC=C1,0.004688185406848788
COC1=NC(N2CCN(C(C3OCCOC3)=O)CC2)=NC=C1,0.007333508529700339
COC1=NC(N2CCN(C(CN(C3=NC=CN=C3)C)=O)CC2)=NC=C1,0.0064887797459959986
COC1=NC(N2CCN(C(C3=CC(N(C)C)=NC=C3)=O)CC2)=NC=C1,0.006095610279589892
COC1=NC(N2CCN(C(CCCC3ON=C(C)N=3)=O)CC2)=NC=C1,0.008008449943736196
COC1=NC(N2CCN(C(C(S(C)(=O)=O)C)=O)CC2)=NC=C1,0.004548911028541625
COC1=NC(N2CCN(C(C(SC)C)=O)CC2)=NC=C1,0.006280862353742122
COC1=NC(N2CCN(C(CCC3=CC=NC=C3)=O)CC2)=NC=C1,0.006345946551300585
COC1=NC(N2CCN(C(C3C(=O)N(C)C(C)=CC=3)=O)CC2)=NC=C1,0.006213469593785703
COC1=NC(N2CCN(C(C(CN3N=CC=C3)C)=O)CC2)=NC=C1,0.0071836333256214855
COC1=NC(N2CCN(C(C3=CC(CC#N)=CC=C3)=O)CC2)=NC=C1,0.003979764720133972
COC(C1=CC=CC=C1)C(N1CCN(C2=NC(OC)=CC=N2)CC1)=O,0.007213199604302644
COC1=NC(N2CCN(C(C3C4=C(CCC4)NN=3)=O)CC2)=NC=C1,0.004692397674079985
COC1=NC(N2CCN(C(CCC3=CN(C)N=C3)=O)CC2)=NC=C1,0.0072225886164233085
COC1=NC(N2CCN(C(C(N3C=NC=C3)C)=O)CC2)=NC=C1,0.004516209394205361
COC1=NC(N2CCN(C(COCC3CC3)=O)CC2)=NC=C1,0.007780542178079486
COC1=NC(N2CCN(C(COCC(F)(F)F)=O)CC2)=NC=C1,0.0033045551244867966
COC1=NC(N2CCN(C(CC3OCCC3)=O)CC2)=NC=C1,0.007350832200609147
COC1=NC(N2CCN(C(C3=C(C)N=CS3)=O)CC2)=NC=C1,0.005014629545621574
COC1=NC(N2CCN(C(C(C#N)(C)C)=O)CC2)=NC=C1,0.004581700566188829
COC1=NC(N2CCN(C(CCCN3N=CN=C3)=O)CC2)=NC=C1,0.005919384234584868
COC1=NC(N2CCN(C(COC3CCCC3)=O)CC2)=NC=C1,0.007842901046387851
COC1=NC(N2CCN(C(C3C(=O)NN=C(C)C=3C)=O)CC2)=NC=C1,0.003631953615695238
COC1=NC(N2CCN(C(C3=C(C)N=CN=C3)=O)CC2)=NC=C1,0.005710692843422294
CCOC1=NC=C(C(N2CCN(C3=NC(OC)=CC=N3)CC2)=O)C=C1,0.006461582775227725
CCOC1C(C(N2CCN(C3=NC(OC)=CC=N3)CC2)=O)C1,0.008168587181717157
COC1=NC(N2CCN(C(C3=NC(C)=NC=C3)=O)CC2)=NC=C1,0.00572304455563426
COC1=NC(N2CCN(C(C3=C4C(OCO4)=CC=C3)=O)CC2)=NC=C1,0.007033335231244564
COC1=NC(N2CCN(C(CC3=CN=C(C)C=C3)=O)CC2)=NC=C1,0.0062587924767285585
COC1=NC(N2CCN(C(C3C(=O)NC(C)=CC=3)=O)CC2)=NC=C1,0.003250027564354241
COC1=NC(N2CCN(C(C3=C(C)N=C(C)C=C3)=O)CC2)=NC=C1,0.0066674923524260524
COC1=NC(N2CCN(C(C3C=C(Cl)C(=O)NC=3)=O)CC2)=NC=C1,0.0028324207523837686
COC1=NC(N2CCN(C(C3NN=C(C)C=3)=O)CC2)=NC=C1,0.0032390738488174975
CCOC1=CC(C(N2CCN(C3=NC(OC)=CC=N3)CC2)=O)=CC=C1,0.0063650675117969515
COC1=NC(N2CCN(C(C3N(C)N=C(C)C=3)=O)CC2)=NC=C1,0.006489870930090546
CC1CCN(C(C2CCN(C(C3=CN=C(O)C=C3)=O)CC2)=O)CC1,0.008107148832641542
COC1=NC(N2CCN(C(CCN3N=CC(C)=C3)=O)CC2)=NC=C1,0.006570548680610955
CC1C(=O)NC2=C(C=CC(C(N3CCN(C(OC4=CC=CC=C4)=O)CC3)=O)=C2)S1,0.004274487879592925
CCOC1=C(CN(C(C2CCC(=O)N(C)N=2)=O)C)C=CC=C1,0.007461057254113257
CC1=CC(O)=C(C(NCCCS(C)(=O)=O)=O)C=C1,0.0031144322943873703
CS(CCCNC(C1SC2=C(SC3=C2C=CC=C3)C=1)=O)(=O)=O,0.004267344996333122
CS(CCCNC(C1=C(C(C2=CC=CC=C2)=O)C=CC=C1)=O)(=O)=O,0.006757804937660694
CS(CCCNC(C1OC(=O)C2=C(C=CC=C2)C1)=O)(=O)=O,0.00502980463206768
CN(C1=NC=CC(C(NCCCS(C)(=O)=O)=O)=C1)C,0.0030202012625522912
CC1C2=C(CC(CC2=O)(C)C)OC=1C(NCCCS(C)(=O)=O)=O,0.00965430517680943
CS(CCCNC(C1C(=O)NC(C2=CC=CC=C2)=CC=1)=O)(=O)=O,0.0025375356199219823
CC(C1=CC(OC(C(NCCCS(C)(=O)=O)=O)C)=CC=C1)C,0.006270292517729104
CC1NC(=O)C(C(NCCCS(C)(=O)=O)=O)=CC=1,0.002657525090035051
O=C(NC1N(CC2=CC=CC=C2)C=CN=1)CCNS(C1=CC=CC=C1)(=O)=O,0.0032196953659877183
CS(C1=CC(C(NC2N(CC3=CC=CC=C3)C=CN=2)=O)=CC=C1)(=O)=O,0.0036234900704585015
FC1=CC=C(CC(NC2N(CC3=CC=CC=C3)C=CN=2)=O)C=C1,0.003798174881376326
O=C(C1=CC2=C(OCCCO2)C=C1)NC1N(CC2=CC=CC=C2)C=CN=1,0.005199672735761851
O=C(NC1N(CC2=CC=CC=C2)C=CN=1)CCN1C2=C(C=CC=C2)OC1=O,0.0035856443224474787
CN1C2=C(C=CC=C2)N(CC(NC2N(CC3=CC=CC=C3)C=CN=2)=O)C1=O,0.0040338693303056065
O=C(NC1N(CC2=CC=CC=C2)C=CN=1)CN1C(=O)C2=C(C=CC=C2)NC1=O,0.0024474339617881922
CCCC1SC(C(NC2N(CC3=CC=CC=C3)C=CN=2)=O)=C(C)N=1,0.004322537838015705
O=C(C1=CC(N2C(=O)NCC2)=CC=C1)NC1N(CC2=CC=CC=C2)C=CN=1,0.002420047763735056
O=N(C1SC=C(C(NC2N(CC3=CC=CC=C3)C=CN=2)=O)C=1)=O,0.0029516106005758047
CC1=C(S(C)(=O)=O)C=C(C(NC2N(CC3=CC=CC=C3)C=CN=2)=O)C=C1,0.0038797380519099535
CN1N=CC(C2SC=C(C(NC3N(CC4=CC=CC=C4)C=CN=3)=O)N=2)=C1,0.0034731403226032852
SC1NC(=O)C2=C(C=C(C(NCC(NC3=CC=CC=C3)=O)=O)C=C2)N=1,0.0021737484814366324
CCOC1=C(CN(C(C2N(C(C3=C(OC)C=CC(Cl)=C3)=O)CCC2)=O)C)C=CC=C1,0.009135715733282267
CCOC1=C(CN(C(C2=CC3=C(C(NC(=N3)S)=O)C=C2)=O)C)C=CC=C1,0.002812117344001308
CCOC1=C(CN(C(C2=C3C(C=C(C=C3)Br)=NC(C)=C2)=O)C)C=CC=C1,0.010983016947284341
O=C(N1CCN(CC2CC2)CC1)CC1C(=O)NC2=C(C=CC=C2)S1,0.007622146629728377
CC(C(C(N1CCC(CN2CCC(C)CC2)CC1)=O)NC(C1=CC=C(F)C=C1)=O)C,0.009269893495365977
CC1CCN(CC2CCN(C(CCNC(C3=C(F)C=C(F)C=C3)=O)=O)CC2)CC1,0.008404247555881738
CC1CCN(CC2CCN(C(C3C(=O)NC(C)=CC=3)=O)CC2)CC1,0.008045060676522553
CC1=CC(NC(NC2=CC(CNC(CN3C(=O)C(Cl)=CC(C(F)(F)F)=C3)=O)=CC=C2)=O)=CC=C1,0.003162987169343978
CC1=CC(NC(NC2=CC(CNC(CCN3N=CN=C3)=O)=CC=C2)=O)=CC=C1,0.003628052829299122
CC(OC1=CC=C(CCC(NC(C2=C(N)N=CC=N2)=O)C)C=C1)C,0.006362245581112802
COC1=C(OCC2=CC=CC=C2)C=CC(C(NC(C2=C(N)N=CC=N2)=O)C)=C1,0.005586721911095082
CCC(C(N1CCC(NC(C2=C(SC(C)C)N=CC=C2)=O)CC1)=O)CC,0.007299882383085788
CC1=NC(CNC(C2C(=O)NC(C3=CC=CC=C3)=CC=2)=O)=CC=C1,0.005032819428015501
CC1=NC(CNC(C2C(=O)NC(C)=CC=2)=O)=CC=C1,0.004812324128579348
CC1=NC(CNC(CC2C(=O)NC(C3=NC=CC=C3)=NC=2C)=O)=CC=C1,0.004213214130140841
FC1=C(C2OC(C3=C(C(NC4CCOCC4)=O)C=CC=C3)=NC=2)C=CC=C1,0.004999361583031714
CC1=C(CC(NC2CCOCC2)=O)C(=O)NC(C2=NC=CC=C2)=N1,0.0035910877282731234
O=C(NC1=CC(C#C)=CC=C1)CNC(C1CC(=O)N(C2CCCC2)C1)=O,0.006695756991393864
CSC1=CC(C(NCC(NC2=CC(C#C)=CC=C2)=O)=O)=C(N(=O)=O)C=C1,0.0033871969091705976
ClC1=CC(CCC(NCC(NC2=CC(C#C)=CC=C2)=O)=O)=CC=C1,0.004002557345665991
CC(NC(C1=CC=C(Cl)C=C1)CC(NCC(NC1=CC(C#C)=CC=C1)=O)=O)=O,0.005063521489500999
O=C(NC1=CC(C#C)=CC=C1)CNC(C1CN(C2=NC=CC=N2)CCC1)=O,0.003724545193836093
CC(C(NCC(NC1=CC(C#C)=CC=C1)=O)=O)OC1=C(C#N)C=CC=C1,0.004160705080721527
SC1NC(=O)C2=C(C=C(C(NCC(NC3=CC(C#C)=CC=C3)=O)=O)C=C2)N=1,0.0017200291680637748
CC(S(C)(=O)=O)C(NCC(NC1=CC(C#C)=CC=C1)=O)=O,0.0029364288900978865
CC(C(NCC(NC1=CC(C#C)=CC=C1)=O)=O)SCC1=CC=CC=C1,0.004829895286820829
ClC1=C(COCC(NCC(NC2=CC(C#C)=CC=C2)=O)=O)C=CC=C1,0.0037951636593788864
O=C(C1=CC(NS(C2=CC=CC=C2)(=O)=O)=CC=C1)NCC1ON=C(C2CC2)N=1,0.004811329604126513
FC1=CC=C(S(NCCC(NCC2ON=C(C3CC3)N=2)=O)(=O)=O)C=C1,0.00424925999250263
CC1=CC(N2C(SCC(NCC3ON=C(C4CC4)N=3)=O)=NC=C2)=C(C)C=C1,0.006511743436567486
O=C(NCC1ON=C(C2CC2)N=1)COC1=CC(NC(C2OC=CC=2)=O)=CC=C1,0.007111488468945026
CC1=C(C)C=C(C(NC2CCN(CC3=CC(F)=C(F)C=C3)CC2)=O)C=C1,0.0075262570288032295
FC1=C(F)C=C(CN2CCC(NC(CCC3SC(Cl)=CC=3)=O)CC2)C=C1,0.005438895989209413
CC(C(F)(F)F)(CC(NC1=CC(F)=C(N2CCCC2)C(F)=C1)=O)O,0.004313664001529105
CC1=C(C(NC2=CC(F)=C(N3CCCC3)C(F)=C2)=O)C2=C(N=CNC2=O)O1,0.004417833534535021
CC1C(C(NC2=CC(F)=C(N3CCCC3)C(F)=C2)=O)=C(C)N(C2=C(F)C=C(F)C=C2)N=1,0.007059669960290194
OC1=C2C(C=CC=C2)=NC=C1C(NCC(NCC1C2=C(CCC2)N(C2=CC=CC=C2)N=1)=O)=O,0.006843987852334976
CC1=CC(O)=C(C(N2CCC(NC(C3=CC=NC=C3)=O)CC2)=O)C=C1,0.0041537904413416985
CC1N2C(=NC(C(N3CCC(NC(C4=CC=NC=C4)=O)CC3)=O)=C2)C=CC=1,0.004602945398073643
CC1=CC=C(C(CCC(N2CCC(NC(C3=CC=NC=C3)=O)CC2)=O)=O)C=C1,0.010438124556094408
CCC1=CC=C(OCC(N2CCC(NC(C3=CC=NC=C3)=O)CC2)=O)C=C1,0.0071223465958610175
CC1=NC2=C(C=CC=C2)C(C(N2CCC(NC(C3=CC=NC=C3)=O)CC2)=O)=C1,0.007215575827285647
O=C(N1CCC(NC(C2=CC=NC=C2)=O)CC1)CC1=CC2=C(CCC2)C=C1,0.008056091726757586
FC1=CC=C(CCC(N2CCC(NC(C3=CC=NC=C3)=O)CC2)=O)C=C1,0.0048682320630177855
CC1C2=C(C=CC=C2)SC=1C(N1CCC(NC(C2=CC=NC=C2)=O)CC1)=O,0.0060592164983972905
CC1C2=C(N=C(C=C2C(N2CCC(NC(C3=CC=NC=C3)=O)CC2)=O)C)ON=1,0.00704730493016541
C/C(/C)=C/C1C(C)(C)C1C(N1CCC(NC(C2=CC=NC=C2)=O)CC1)=O,0.009662507195025682
CC1=CC2=C(C=C(C(N3CCC(NC(C4=CC=NC=C4)=O)CC3)=O)N2)C=C1,0.0043280540965497495
COCC1=C(C(N2CCC(NC(C3=CC=NC=C3)=O)CC2)=O)C=CC=C1,0.006861290847882629
FC(SCC(N1CCC(NC(C2=CC=NC=C2)=O)CC1)=O)(F)F,0.003142426694103051
CSC(C(N1CCC(NC(C2=CC=NC=C2)=O)CC1)=O)C,0.0058033692883327605
CCCOC1=CC(C(N2CCC(NC(C3=CC=NC=C3)=O)CC2)=O)=CC=C1,0.006920732138678431
CC(C(N1CCC(NC(C2=CC=NC=C2)=O)CC1)=O)SCC1=CC=CC=C1,0.005507594835944474
C=CCSCC(N1CCC(NC(C2=CC=NC=C2)=O)CC1)=O,0.004644990945234895
CN1C2=C(C=CC=C2)C=C1C(N1CCC(NC(C2=CC=NC=C2)=O)CC1)=O,0.0070928500033915045
CC(C1=CC=C(F)C=C1)CC(N1CCC(NC(C2=CC=NC=C2)=O)CC1)=O,0.005279285018332303
O=C(C1C(=O)NC(C2=CC=CC=C2)=CC=1)NCCOC1CCCC1,0.005096717108972371
CC1CCN(C(C2CCN(C(C3=C(C)C4=C(C=CC=C4)O3)=O)CC2)=O)CC1,0.011842120485380293
COC1=CC(O)=C(C(N2CCC(C(N3CCC(C)CC3)=O)CC2)=O)C=C1,0.005904637230560184
CC1CCN(C(C2CCN(C(C3=CC(F)=CC(F)=C3)=O)CC2)=O)CC1,0.008712229272350668
COC1=CC=C(CCC(N2CCC(C(N3CCC(C)CC3)=O)CC2)=O)C=C1,0.01305564371868968
CC1CCN(C(C2CCN(C(CC3=C4C(C=CC=C4)=CC=C3)=O)CC2)=O)CC1,0.011132352892309428
CC1CCN(C(C2CCN(C(CCC(C3SC=CC=3)=O)=O)CC2)=O)CC1,0.01456762864254415
CC1CCN(C(C2CCN(C(C3=NC4=C(C=CC=C4)C=C3)=O)CC2)=O)CC1,0.008366229385137558
CC1CCN(C(C2CCN(C(CC3C4=C(C=CC=C4)NC=3)=O)CC2)=O)CC1,0.006560893426649272
CC(C1=CC=C(C(N2CCC(C(N3CCC(C)CC3)=O)CC2)=O)C=C1)C,0.01360752684995532
CC1CCN(C(C2CCN(C(C3=CC4=C(OCO4)C=C3)=O)CC2)=O)CC1,0.011548931477591395
COC1=CC(OC)=C(C(N2CCC(C(N3CCC(C)CC3)=O)CC2)=O)C=C1,0.011146215535700322
CC1CCN(C(C2CCN(C(C3=CC(N(C)C)=CC=C3)=O)CC2)=O)CC1,0.011390793975442648
CC1CCN(C(C2CCN(C(C3=CC=C(N(C)C)C=C3)=O)CC2)=O)CC1,0.011493601277470589
CC1CCN(C(C2CCN(C(CC3=CC=C(Cl)C=C3)=O)CC2)=O)CC1,0.011447148211300374
CC1CCN(C(C2CCN(C(COC3=CC=C(Cl)C=C3)=O)CC2)=O)CC1,0.010509286541491747
CCOC1=CC=C(C(N2CCC(C(N3CCC(C)CC3)=O)CC2)=O)C=C1,0.012170685827732087
CCOC1=C(C(N2CCC(C(N3CCC(C)CC3)=O)CC2)=O)C=CC=C1,0.012439125217497349
CCOC1=C(C(N2CCC(C(N3CCC(C)CC3)=O)CC2)=O)C=CC=N1,0.009392101201228797
CC1CCN(C(C2CCN(C(COC3=CC(C)=CC=C3)=O)CC2)=O)CC1,0.012816701270639896
COC1=C(OCC(N2CCC(C(N3CCC(C)CC3)=O)CC2)=O)C=CC=C1,0.012637276202440262
COC1=C(OC)C=C(C(N2CCC(C(N3CCC(C)CC3)=O)CC2)=O)C=C1,0.012624635314568877
CC1CCN(C(C2CCN(C(C3=C(O)C=CC(Cl)=C3)=O)CC2)=O)CC1,0.005741646839305758
CC1CCN(C(C2CCN(C(COC3=C(C)C=CC=C3)=O)CC2)=O)CC1,0.013180059054866433
CCC1=C(OCC(N2CCC(C(N3CCC(C)CC3)=O)CC2)=O)C=CC=C1,0.013462657993659376
CN1C(=O)CCC(C(NCCCC(NC2=CC=C(Cl)C=C2)=O)=O)=N1,0.00438060078304261
CC1=CC(OCC2=CC=CC=C2)=C(NC(CCCC[C@H]2[C@@H]3[C@@H](NC(N3)=O)CS2)=O)C=C1,0.004121205629780888
FC(C1=CC(CN2CCC(NC(CC3OCCC3)=O)CC2)=CC=C1)(F)F,0.0058570855762809515
O=C(C1C(=O)N2C(SC=C2)=NC=1)N1CCC(N2C(=O)NCC2)CC1,0.003655629768036306
CC1CCN(C(C2CCN(C(C3=C4C(C=CC=C4)=NC(C)=C3)=O)CC2)=O)CC1,0.010525656444951893
CC1CCN(C(C2CCN(C(C3=CC4=C(CCC4)C=C3)=O)CC2)=O)CC1,0.014775696489959956
COC1=CC(C(N2CCC(C(N3CCC(C)CC3)=O)CC2)=O)=C(OC)C=C1,0.011252984870225191
COCC1=CC(C(N2CCC(C(N3CCC(C)CC3)=O)CC2)=O)=CC=C1,0.011551590403541923
CC1CCN(C(C2CCN(C(C3=C(F)C=CC(Cl)=C3)=O)CC2)=O)CC1,0.009038805076852442
CC1CCN(C(C2CCN(C(CCC3=C(Cl)C=CC=C3)=O)CC2)=O)CC1,0.012157331453636289
CC1CCN(C(C2CCN(C(CCC3=CC(Cl)=CC=C3)=O)CC2)=O)CC1,0.011937923403456807
CC1CCN(C(C2CCN(C(CC3=CC4=C(OCC4)C=C3)=O)CC2)=O)CC1,0.012222975492477417
CCC(C1=CC=CC=C1)C(N1CCC(C(N2CCC(C)CC2)=O)CC1)=O,0.01417445195838809
CC1CCN(C(C2CCN(C(C3NC4=C(C=CC(=C4)C)C=3)=O)CC2)=O)CC1,0.006140198977664113
CC1CCN(C(C2CCN(C(CCNC3=NC=CC=N3)=O)CC2)=O)CC1,0.007374460925348103
CC1CCN(C(C2CCN(C(C3=CC4=C(C=CN4)C=C3)=O)CC2)=O)CC1,0.0062459547072649
CC1CCN(C(C2CCN(C(C3N(C)C4=C(C=CC=C4)C=3)=O)CC2)=O)CC1,0.010146062728017569
CC(NC(C1=CC2=C(C(NC(=N2)S)=O)C=C1)=O)COC1=CC=CC=C1,0.0025812790292548014
CC1=CC(O)=C(C(N2CCN(C(CN3C(=O)CCC3=O)=O)CC2)=O)C=C1,0.002370211679954082
CC1=CC(N2C(=O)CCC(C(N3CCN(C(CN4C(=O)CCC4=O)=O)CC3)=O)=N2)=C(C)C=C1,0.0034159318369347603
CCOC1=C(C(N2CCN(C(CN3C(=O)CCC3=O)=O)CC2)=O)C=CC=N1,0.0033756547258235515
O=C(N1CCN(C(CN2C(=O)CCC2=O)=O)CC1)COCC1=CC=CC=C1,0.004295502114109695
COCC1=C(C(N2CCN(C(CN3C(=O)CCC3=O)=O)CC2)=O)C=CC=C1,0.004161163838580251
CC1C2=C(CCCC2=O)NC=1C(NC1=CC=C(OC2=NC=CC=N2)C=C1)=O,0.005547851719893515
O=C(NC1=CC=C(OC2=NC=CC=N2)C=C1)CNC(C1=CC=CC=C1)=O,0.0043460986227728425
CC1SC=C(C2C=C(C(NC3=CC=C(OC4=NC=CC=N4)C=C3)=O)NC=2)N=1,0.002915609790943563
CS(CC1=CC(C(NC2=CC=C(OC3=NC=CC=N3)C=C2)=O)=CC=C1)=O,0.004864987730979919
CN1C(C(C(F)(F)F)(CC(NC2=CC=C(OC3=NC=CC=N3)C=C2)=O)O)=NC=C1,0.004088034739834256
CC1N(CC(NC2=CC=C(OC3=NC=CC=N3)C=C2)=O)C2=C(C=CC=C2)C=1Br,0.005371989263221621
COC1=C(C(N2CCCCC2)CNC(CNC(C2=CC3=C(OCO3)C=C2)=O)=O)C=CC=C1,0.00789658771827817
CN(C(C1=CC=C(F)C=C1)CNC(CCC1C2=C(C=CC=C2)NC=1)=O)C,0.004845195938833058
CN(C(C1=CC=C(F)C=C1)CNC(C1C(=O)OC2=C(C=CC=C2)C=1)=O)C,0.006768584693782031
CN(C(C1=CC=C(F)C=C1)CNC(C1=C(Cl)C2=C(C=C(C=C2)F)S1)=O)C,0.004912161396350712
CN(C(C1=CC=C(F)C=C1)CNC(C1=C2C(C=CC=C2)=NC(O)=C1)=O)C,0.005384411662817001
COC1=CC(C(N2CCC(C(NCC(C3=CC=C(F)C=C3)N(C)C)=O)CC2)=O)=CC(OC)=C1,0.006752416142262518
CN(C(C1=CC=C(F)C=C1)CNC(C1C(=O)NC(C)=CC=1)=O)C,0.004125864966772497
CCOC1=CC(NC(C2=CC3=C(C(N(C(=N3)S)C)=O)C=C2)=O)=CC=C1,0.0034874205593951046
CCOC1=CC(NC(C2=CC3=C(C(N(C(=N3)S)CC)=O)C=C2)=O)=CC=C1,0.003446898204856552
CCOC1=CC(NC(C(N2C3=C(C=CC=C3)N=C2)C)=O)=CC=C1,0.004749920323956758
CCOC1=CC(NC(C2=CC3=C(C(NC(=N3)S)=O)C=C2)=O)=CC=C1,0.002146935579366982
FC1=CC(NC(C2=CC(NC(CCCC[C@H]3[C@@H]4[C@@H](NC(N4)=O)CS3)=O)=CC=C2)=O)=CC=C1,0.0034053406270686537
COC1=C(OCC(NC2=CC(NC(C3=C(N)N=CC=N3)=O)=CC=C2)=O)C=CC=C1,0.005649992357939481
O=C(NC1=CC(CNC(C2=CN(CC3=CC=CC=C3)N=C2)=O)=CC=C1)CCN1CCOCC1,0.006271326565183699
CCN(C(CCNC(C1=CC=C(NC(NC(C)C)=O)C=C1)=O)=O)CC,0.005176015489269048
CC1=CC(OCC2=CC=CC=C2)=C(NC(CNC(C2=CC=C(F)C=C2)=O)=O)C=C1,0.006221264693886041
CN(C1CS(=O)(=O)CC1)CC(NCCOC1=C2C(C=CC=C2)=CC=C1)=O,0.005460829171352088
CCOC1=CC=C(C(CCC(NC2=CC(F)=C(N3CCCC3)C=C2)=O)=O)C=C1,0.009805534780025483
CC(NC1=CC(C(N2C(C3=C(C)C=CC=C3)CCC2)=O)=CC(NC(C)=O)=C1)=O,0.007260334375314414
CC1=C(C2N(C(C3=CC=C(N4N=NN=C4)C=C3)=O)CCC2)C=CC=C1,0.006516550504602492
CC1ON=C(NC(CSCC(N2C(C3=C(C)C=CC=C3)CCC2)=O)=O)C=1,0.007019240735098719
CC1=C(C2N(C(C3CCN(C(OC(C)(C)C)=O)CC3)=O)CCC2)C=CC=C1,0.010728730401024223
CC1=CC=C(C(NCC(N2C(C3=C(C)C=CC=C3)CCC2)=O)=O)C=C1,0.010315424995496869
COCC1=NC2=C(C(=C(C(N3C(C4=C(C)C=CC=C4)CCC3)=O)S2)C)C(OC)=N1,0.00783351706340909
CC1=C(C2N(C(CCCC[C@H]3[C@@H]4[C@@H](NC(N4)=O)CS3)=O)CCC2)C=CC=C1,0.004854490997968241
CNS(C1=CC=C(C(N2C(C3=C(C)C=CC=C3)CCC2)=O)C=C1)(=O)=O,0.005883624590933323
CC1=C(C2N(C(C3=C(O)N=CC=C3)=O)CCC2)C=CC=C1,0.007899795705452562
CC1=C(C2N(C(C3=CC=C(S(NCC#C)(=O)=O)C=C3)=O)CCC2)C=CC=C1,0.0039091347716748714
CC1=C(C2N(C(CC(C3SC=CC=3)NC(N)=O)=O)CCC2)C=CC=C1,0.004838843829929829
CC1=C(C2N(C(C3=CC=C(NS(C)(=O)=O)C=C3)=O)CCC2)C=CC=C1,0.005289696739055216
CC(C(N1C(C2=C(C)C=CC=C2)CCC1)=O)NC(OC(C)(C)C)=O,0.007067032530903817
CC1=C(C2N(C(CNC(C3SC(Br)=CC=3)=O)=O)CCC2)C=CC=C1,0.009655667888000607
CCOC(C1=CC(N(=O)=O)=CC(C(NC2CCN(CC3=CC(OC)=CC=C3)CC2)=O)=C1)=O,0.0046596984611824155
COC1=CC(CN2CCC(NC(CC3C4=C(C=CC=C4)NC=3)=O)CC2)=CC=C1,0.0048906824085861444
COC1=CC(CN2CCC(NC(CCC3CCCC3)=O)CC2)=CC=C1,0.011760480655357241
COC1=CC(CN2CCC(NC(CSC3=C(C)C=C(Br)C(C)=C3)=O)CC2)=CC=C1,0.00858026440255344
COC1=CC(CN2CCC(NC(C3=C4N(C=CC=N4)N=C3)=O)CC2)=CC=C1,0.006037048622965812
COC1=CC(CN2CCC(NC(C3C4=C(C=CC=C4)CCC3)=O)CC2)=CC=C1,0.01037825015373528
COC1=CC(CN2CCC(NC(C3=CC(N(C)C)=NC=C3)=O)CC2)=CC=C1,0.006187632097862661
COC1=CC(CN2CCC(NC(CCCC3=CC=CC=C3)=O)CC2)=CC=C1,0.009157434664666652
CNC(COC1=CC(CNC(C2C3=C(C=CC=C3)NN=2)=O)=CC=C1)=O,0.004612846882082522
CNC(COC1=CC(CNC(C2=C(O)N=CC=C2)=O)=CC=C1)=O,0.0054971373872831466
ClC1=CC=C(NC(CCCNC(C2OCCC2)=O)=O)C=C1,0.005455076298676431
FC1=CC=C(OCC(NCCCC(NC2=CC=C(Cl)C=C2)=O)=O)C=C1,0.004795964877121151
OC1=NC=C(C(NCCCC(NC2=CC=C(Cl)C=C2)=O)=O)C=C1,0.004165220330469311
ClC1=CC=C(NC(CCCNC(CNC(C2=CC=CC=C2)=O)=O)=O)C=C1,0.0055525728268548845
COCC(NCCCC(NC1=CC=C(Cl)C=C1)=O)=O,0.005072074977215379
ClC1=CC=C(NC(CCCNC(CCC2OC=CC=2)=O)=O)C=C1,0.005505062686279416
ClC1=CC=C(NC(CCCNC(C2=C3N(C=CC=N3)N=C2)=O)=O)C=C1,0.004113169887568801
ClC1=CC=C(NC(CCCNC(CCC2OCCC2)=O)=O)C=C1,0.007021907554008067
CC(S(C)(=O)=O)C(NCCCC(NC1=CC=C(Cl)C=C1)=O)=O,0.004092472209595144
ClC1=CC=C(NC(CCCNC(CC2OCCC2)=O)=O)C=C1,0.006606891890987754
ClC1=CC=C(NC(CCCNC(COC2CCCC2)=O)=O)C=C1,0.007130134827457368
O=C(C1CC(=O)N(CC2OC=CC=2)C1)NC1=CC2=C(NC(C3OC=CC=3)=N2)C=C1,0.0038269808399491014
O=C(NC1=CC2=C(NC(C3OC=CC=3)=N2)C=C1)CN1C(=O)CSC1,0.002411342191044241
O=C(C1CCN(C(C2CC2)=O)CC1)NC1=CC2=C(NC(C3OC=CC=3)=N2)C=C1,0.0038394444505684077
CC(N1CCC(C(NC2=CC3=C(NC(C4OC=CC=4)=N3)C=C2)=O)CC1)=O,0.0031433014257345347
CCN(S(C1=CC(C(NC2=CC3=C(NC(C4OC=CC=4)=N3)C=C2)=O)=C(Cl)C=C1)(=O)=O)CC,0.002772796351928264
ClC1=NC=C(C(NC2=CC3=C(NC(C4OC=CC=4)=N3)C=C2)=O)C=C1,0.0026606128842104225
O=C(C1C(C2=CN=CC=C2)=NN(C2=CC=CC=C2)C=1)NC1=CC2=C(NC(C3OC=CC=3)=N2)C=C1,0.0034164337441325186
CN1C(C(NC2=CC3=C(NC(C4OC=CC=4)=N3)C=C2)=O)=CC(Cl)=C1,0.00317877292400226
CS(CC1=CC(C(NC2=CC3=C(NC(C4OC=CC=4)=N3)C=C2)=O)=CC=C1)=O,0.003523008071351796
O=C(NC1=CC2=C(NC(C3OC=CC=3)=N2)C=C1)COCC1CC1,0.0037211240618489684
O=C(NC1=CC2=C(NC(C3OC=CC=3)=N2)C=C1)CC1OCCC1,0.0035925523145124314
CC(C1=C(Br)C=C2C(OCCO2)=C1)NC(C1N=NNC=1)=O,0.005220060492865742
CC1=CC(OCC2=CC=CC=C2)=C(NC(C2NC=CC=2)=O)C=C1,0.0044199035153724255
CC1C2=C(N=C(N=C2C)C)SC=1C(NC1=C(OCC2=CC=CC=C2)C=C(C)C=C1)=O,0.006375231733545661
NC(COC1=CC=C(C(N2C(C3=CC(Br)=CC=C3)CCC2)=O)C=C1)=O,0.011797420820221305
BrC1=CC(C2N(C(CCN3C4=C(C=CC=C4)C=C3)=O)CCC2)=CC=C1,0.012380998255684972
OC1=C(C(N2C(C3=CC(Br)=CC=C3)CCC2)=O)C=CC=N1,0.008733716234564782
CS(CC1=CC(C(N2C(C3=CC(Br)=CC=C3)CCC2)=O)=CC=C1)=O,0.013267128262668848
CCOC(NCCC(N1C(C2=CC(Br)=CC=C2)CCC1)=O)=O,0.0064225462963804604
BrC1=CC(C2N(C(CNC(C3CCCC3)=O)=O)CCC2)=CC=C1,0.014954788330942392
BrC1=CC(C2N(C(CCCNC(C3CC3)=O)=O)CCC2)=CC=C1,0.011517480108886957
BrC1=CC(C2N(C(CCNC3=NC=CC=N3)=O)CCC2)=CC=C1,0.006865312997251749
FC(C1=CC(CN2CCC(NC(C3OCCC3)=O)CC2)=CC=C1)(F)F,0.005150570417754352
CC1=CC(C(NC2CCN(CC3=CC(C(F)(F)F)=CC=C3)CC2)=O)=C(O)C=C1,0.0032268245937302708
CC1=C(C(NC2CCN(CC3=CC(C(F)(F)F)=CC=C3)CC2)=O)OC=C1,0.005611118115484715
FC(C1=CC(CN2CCC(NC(C3CC=CCC3)=O)CC2)=CC=C1)(F)F,0.006522449874319136
FC(C1=CC(CN2CCC(NC(C3=CC=NC=C3)=O)CC2)=CC=C1)(F)F,0.0041374553577043114
OC1=C(C(NC2CCN(CC3=CC(C(F)(F)F)=CC=C3)CC2)=O)C=CC=C1,0.003289515641517937
FC(C1=CC(CN2CCC(NC(C3=CN=CC=C3)=O)CC2)=CC=C1)(F)F,0.004113985446747392
FC(C1=CC(CN2CCC(NC(C3CCCCC3)=O)CC2)=CC=C1)(F)F,0.006468769605271518
FC(C1=CC(CN2CCC(NC(C3=NC=CN=C3)=O)CC2)=CC=C1)(F)F,0.003518580854870379
CC1=NC=C(C(NC2CCN(CC3=CC(C(F)(F)F)=CC=C3)CC2)=O)N=C1,0.003908293589483946
FC(C1=CC(CN2CCC(NC(CCC3=CSC=C3)=O)CC2)=CC=C1)(F)F,0.004861298878677189
CC1=C(C(NC2CCN(CC3=CC(C(F)(F)F)=CC=C3)CC2)=O)C=CO1,0.005222487566061318
FC(C1=CC(CN2CCC(NC(CC3C=CCC3)=O)CC2)=CC=C1)(F)F,0.006243254593573511
FC(C1=CC(CN2CCC(NC(C3=COC=C3)=O)CC2)=CC=C1)(F)F,0.004828356066718697
COC1=NC=C(C(NC2CCN(CC3=CC(C(F)(F)F)=CC=C3)CC2)=O)C=C1,0.003938979958184064
FC(C1=CC(CN2CCC(NC(CCC3OC=CC=3)=O)CC2)=CC=C1)(F)F,0.0047993396641686555
FC(C1=CC(CN2CCC(NC(CN3N=CN=C3)=O)CC2)=CC=C1)(F)F,0.0031142090214416386
FC(C1=CC(CN2CCC(NC(COC3CCCC3)=O)CC2)=CC=C1)(F)F,0.0061179841170087455
FC1=CC(CNS(C2=CC(CNC(C3CCC3)=O)=CC=C2)(=O)=O)=CC=C1,0.005550385080277919
CC(C1=CC=C(S(N(C)C)(=O)=O)C=C1)NC(C1=C(C)C2=C(CCCC2=O)N1)=O,0.005860329978168011
O=C(C1=CN=C(N2C=NC=C2)C=C1)N1CCC(N2C(=O)NCC2)CC1,0.0025529559003189205
CC1N=C(CCCC(N2CCC(N3C(=O)NCC3)CC2)=O)ON=1,0.0043772892444394525
O=C(N1CCC(N2C(=O)NCC2)CC1)CCNC1=NC=CC=N1,0.0032562277046963573
O=C(N1CCC(N2C(=O)NCC2)CC1)CCCN1N=CN=C1,0.0035244283033534886
CCCC(NCC1=CC(S(NCC2=CC(F)=CC=C2)(=O)=O)=CC=C1)=O,0.004264045308809727
FC1=CC(CNS(C2=CC(CNC(C3OC=CC=3)=O)=CC=C2)(=O)=O)=CC=C1,0.005045534181408584
CSC(C(NCC1=CC(S(NCC2=CC(F)=CC=C2)(=O)=O)=CC=C1)=O)C,0.004317924077622592
FC1=CC(C2=NC=C(NC(COC3=CC(NC(C4OC=CC=4)=O)=CC=C3)=O)C=N2)=CC=C1,0.005912467162124813
CC1=CC(O)=C(C(NC2=CN(CC(NC3CC3)=O)N=C2)=O)C=C1,0.00406218059360981
FC(OC1=CC=C(C(NC2=CN(CC(NC3CC3)=O)N=C2)=O)C=C1)F,0.004484566487371921
COC1=C(C(NC2=CN(CC(NC3CC3)=O)N=C2)=O)C=C(Cl)C=C1,0.006010170793160796
O=C(NC1CC1)CN1N=CC(NC(C2=C(C3=CC=CC=C3)C=CS2)=O)=C1,0.0051763490308076145
CC1C2=C(C(=CC=C2)Cl)OC=1C(NC1=CN(CC(NC2CC2)=O)N=C1)=O,0.0061925110872834924
ClC1=CC=C(SCC(NC2=CN(CC(NC3CC3)=O)N=C2)=O)C=C1,0.004608115064911544
CC1=C(C)C2=C(C(=CO2)CC(NC2=CN(CC(NC3CC3)=O)N=C2)=O)C=C1,0.007458737725391984
O=C(NC1CC1)CN1N=CC(NC(C2SC3=C(CCC4=C3C=CC=C4)C=2)=O)=C1,0.006060114805586636
ClC1=C(SCC(NC2=CN(CC(NC3CC3)=O)N=C2)=O)C=CC=C1,0.004846700106281787
ClC1=CC=C(C2(C(NC3=CN(CC(NC4CC4)=O)N=C3)=O)CC2)C=C1,0.007050855364650488
CC1=CC=C(OCC(NC2=CN(CC(NC3CC3)=O)N=C2)=O)C=C1,0.006269997940398753
COC1=CC=C(CCC(NC2=CN(CC(NC3CC3)=O)N=C2)=O)C=C1,0.006635321374051273
CC1=CC(C(NC2=CN(CC(NC3CC3)=O)N=C2)=O)=C(O)C=C1,0.004062030650675297
FC1=CC=C(OCC(NC2=CN(CC(NC3CC3)=O)N=C2)=O)C=C1,0.005539187858812511
CC1CC2=C(SC(C(NC3=CN(CC(NC4CC4)=O)N=C3)=O)=C2)CC1,0.006820152932778001
O=C(NC1=CN(CC(NC2CC2)=O)N=C1)CC1=CC2=C(C=CC=C2)C=C1,0.006400422751903534
CC(C(NC1=CN(CC(NC2CC2)=O)N=C1)=O)OC1=CC(Cl)=CC=C1,0.006077406695112586
ClC1=C(CC(NC2=CN(CC(NC3CC3)=O)N=C2)=O)C(Cl)=CC=C1,0.006240682490170002
O=C(NC1CC1)CN1N=CC(NC(C2SC3=C(CCCCC3)C=2)=O)=C1,0.007298794505186379
CC(N(C1=C(F)C=C(NC(C2=CC=C(NS(C)(=O)=O)C=C2)=O)C=C1)C)C,0.0036713361041620374
CC(N(C1=C(F)C=C(NC(C(N2C3=C(C=CC=C3)N=C2)C)=O)C=C1)C)C,0.0048154460149817165
CN1CCN(C2=C(F)C=C(NC(CCC(C3=C(C)SC(C)=C3)=O)=O)C=C2)CCC1,0.009186256490647794
CN1CCN(C2=C(F)C=C(NC(C3=C(O)N=CC=C3)=O)C=C2)CCC1,0.005127635085955262
CCOC(NCCC(NC1=CC(F)=C(N2CCN(C)CCC2)C=C1)=O)=O,0.004439702676609159
CC(NC(C1=CC=C(Cl)C=C1)CC(NC1NC(=O)CN=1)=O)=O,0.003660151769872755
CCC1N(C2=NC=CC=C2)N=CC=1C(NC1NC(=O)CN=1)=O,0.0025051880045793952
CC1CCN(C2=CC=C(C(NC3NC(=O)CN=3)=O)C=C2)N=1,0.0025140092067886142
CC1=C(NC(C2=C(F)C=CC=C2)=O)C=C(C(NC2NC(=O)CN=2)=O)C=C1,0.0031310177291743457
CC(C(NC1NC(=O)CN=1)=O)SC1=C(Cl)C=CC(Cl)=C1,0.002829667425248772
CCCC1C(C(OC)=O)=C(C)NC=1C(NC1NC(=O)CN=1)=O,0.0024439011001959445
CC(OC1=C(Cl)C=C(C(NC2NC(=O)CN=2)=O)C=N1)C,0.0031089892145246267
CC1=CC=C(N2C(=O)CC(C(NCCNC3=CC=NC=C3)=O)C2)C=C1,0.006169954780489206
CC1=CC(C2NC(=O)C(C(NCCNC3=CC=NC=C3)=O)=CC=2)=CC=C1,0.003832213138230145
CC1NC(=O)C(C(NCCNC2=CC=NC=C2)=O)=CC=1,0.003363741282373667
CC(OC(N1CCC(C(NCC2=CC=C(N(=O)=O)C=C2)=O)CC1)=O)(C)C,0.003825169859919697
O=N(C1=CC=C(CNC(C2NC3=CC=C4C(=C3C=2)C=CC=C4)=O)C=C1)=O,0.0026880998048000038
O=C(N1CCN(C(C2=CSC=C2)=O)CC1)C1N(C(C2CCCCC2)=O)CCC1,0.010981108993291855
CC1OC(C)=C(C(N2CCN(C(C3=CC4=C(NC=N4)C=C3)=O)CC2)=O)C=1,0.00362411520909518
CC1=C(C)C2=C(C=CC(C(NCC(C3=CC=C(C)C=C3)N3CCOCC3)=O)=C2)N1,0.006598340650089085
CC(NC(C1=CC2=C(NC3=C2CCCC3)C=C1)=O)CN1C(=O)CCC1,0.006081887637265027
CNC1=C(N(=O)=O)C=C(C(NC(CN2C(=O)CCC2)C)=O)C=C1,0.004382428771350533
CC(NC(C1=C(N(=O)=O)C=C(Cl)C=C1)=O)CN1C(=O)CCC1,0.004537428729236126
CCOC1=C(OCC)C=C(C(NC(CN2C(=O)CCC2)C)=O)C=C1,0.009302537376061081
CC(NC(C1=C(C)N(C2=CC=C(F)C=C2)N=C1C)=O)CN1C(=O)CCC1,0.005349018960259855
CC(NC(C1CCN(C(OC(C)(C)C)=O)CC1)=O)CN1C(=O)CCC1,0.007126274006441236
COC1=C(OCC=C)C=CC(C(NC(CN2C(=O)CCC2)C)=O)=C1,0.008858235273510217
OC1=C(C(NCC2=CC(NC(C3=NC=CC=C3)=O)=CC=C2)=O)C=CC=N1,0.004981768992729485
COC1=CC2=C(C=C(C(=N2)C)C(NC(CN2C(=O)CCC2)C)=O)C=C1,0.006358885974623263
CC(NC(CSC1=NC(C)=CC(C)=N1)=O)CN1C(=O)CCC1,0.007390842097811401
CC(NC(NC1=CC(C(NC(CN2C(=O)CCC2)C)=O)=CC=C1)=O)C,0.004557680967263877
CC1C(=O)NC2=C(C=CC(C(NC3=CN(CC4=CC=CC=C4)N=C3)=O)=C2)S1,0.005659163580276072
CC(S(C)(=O)=O)C(NC1=CC=C(OCC2=C(Cl)C=CC=C2)C=C1)=O,0.004627808718942106
CCC1=C(C)C=C(C(NC2=CN(CC3=CC=CC=C3)N=C2)=O)S1,0.007455150154419244
FC1=CC(CC(NC2=CN(CC3=CC=CC=C3)N=C2)=O)=CC=C1,0.005088536976836621
FC1=C2C(SC(C(NC3=CN(CC4=CC=CC=C4)N=C3)=O)=C2)=CC=C1,0.004367971257306635
O=C(C1OC2=C(C=CC=C2)C=1)NC1=CN(CC2=CC=CC=C2)N=C1,0.007883524871431291
CN(S(C1=CC(C(NC2=CN(CC3=CC=CC=C3)N=C2)=O)=CC=C1)(=O)=O)C,0.004491084779147059
CC1C(Cl)=C(C)N(C2=CC=C(C(NC3=CN(CC4=CC=CC=C4)N=C3)=O)C=C2)N=1,0.007137213298119604
CC1=CC=C(CC(NC2=CN(CC3=CC=CC=C3)N=C2)=O)C=C1,0.007893216400407254
ClC1=CC2=C(OC(C(NC3=CN(CC4=CC=CC=C4)N=C3)=O)=C2)C=C1,0.006601597578264773
CS(CC1=CC(C(NC2=CN(CC3=CC=CC=C3)N=C2)=O)=CC=C1)=O,0.00693089768756181
CN1C(=O)CCC(C(N2CC(C3=CC=C(Cl)C=C3)OCC2)=O)=N1,0.005886766803450882
O=C(C1CCN(C2=NC=C(C#N)C=C2)CC1)NC1=CN(CC2=CC=CC=C2)N=C1,0.004781665606424212
O=C(C1CC(=O)N(C2=CC3=C(CCC3)C=C2)C1)NC1=CN(CC2=CC=CC=C2)N=C1,0.009955248422920704
CCOC1=CC=C(C2SC=C(C(NC3=CN(CC4=CC=CC=C4)N=C3)=O)N=2)C=C1,0.005634585651569069
CC1=C(C(NC2=CN(CC3=CC=CC=C3)N=C2)=O)N=C(C2SC=CC=2)O1,0.004254878428764641
BrC1=CC=C(N2N=CC(C(NC3=CN(CC4=CC=CC=C4)N=C3)=O)=C2)C=C1,0.00780180050060153
CN1C(=O)C2=C(C=C(C(NCC3=C(Br)C=CC(F)=C3)=O)C=C2)N=C1S,0.004055169140337966
CCN1C(=O)C2=C(C=C(C(NCC3=C(Br)C=CC(F)=C3)=O)C=C2)N=C1S,0.0036460207629716024
FC1=CC(CNC(CNC(C2CCCC2)=O)=O)=C(Br)C=C1,0.009804308973252773
FC1=CC(CNC(CCNC2=NC=CC=N2)=O)=C(Br)C=C1,0.005073298839852214
CC(CN1CCCCC1)CNC(C1=CC2=C(SC(C(N2)=O)C)C=C1)=O,0.006925323442555964
CC(CN1CCCCC1)CNC(C1=CC=C(NC(C2SC=CC=2)=O)C=C1)=O,0.0069773944560438395
CC(CN1CCCCC1)CNC(C1=CC=C(S(NCC2OC=CC=2)(=O)=O)C=C1)=O,0.0058698052074760195
CC(CN1CCCCC1)CNC(CC1C(=O)NC2=C(C=CC(C(F)(F)F)=C2)S1)=O,0.005547826876863837
CS(CC1=CC=C(CNC(C2=C(O)N=CC=C2)=O)C=C1)(=O)=O,0.005007638526149094
CC1CC2=C(NC3=C2C=CC=C3C(NCC2=CC=C(CS(C)(=O)=O)C=C2)=O)CC1,0.0059676713077351454
COC1=CC2=C(C=C(C(NCC3=CC=C(CS(C)(=O)=O)C=C3)=O)N2)C=C1,0.003582169790752232
FC1=CC(COC2=CC(NC(C3NC=CC=3)=O)=CC=C2)=CC=C1,0.0034958777367137374
FC1=CC(COC2=CC(NC(C3N4C(C=CC=C4)=NC=3Cl)=O)=CC=C2)=CC=C1,0.00404907496413216
CC(C1=CC=C(S(N(C)C)(=O)=O)C=C1)NC(C1=CC2=C(NC(CO2)=O)C=C1)=O,0.005087764910422265
O=C(C1=CC2=C(NC=N2)C=C1)NCC1=CC(NC(C2=NC=CC=C2)=O)=CC=C1,0.002672604616964236
CC1=C(C)C(C(NCC2=CC(NC(C3=NC=CC=C3)=O)=CC=C2)=O)=C(C)O1,0.006933586951345205
O=C(NCC1=CC(NC(C2=NC=CC=C2)=O)=CC=C1)CNC(C1CC1)=O,0.00664577626157552
O=C(NCC1=CC(NC(C2=NC=CC=C2)=O)=CC=C1)CCNC1=NC=CC=N1,0.004498749889899045
O=C(NCC1=CC(NC(C2CCCC2)=O)=CC=C1)CCCC[C@H]1[C@@H]2[C@@H](NC(N2)=O)CS1,0.004883523768512532
CCC1N=C(CCCC(NCC2=CC(NC(C3CCCC3)=O)=CC=C2)=O)ON=1,0.009519982570782303
CC1=NC(CNC(C2=CC(N(=O)=O)=C(NC3=CC=CC=C3)C=C2)=O)=CC=N1,0.0037825580686330794
ClC1=CC=C(C2OCCN(C(CN3C(=O)CSC3)=O)C2)C=C1,0.0068266602698713545
ClC1=CC=C(C2OCCN(C(C3CS(=O)(=O)CC3)=O)C2)C=C1,0.007851541368290782
ClC1=CC=C(C2OCCN(C(C3=CC(NC(C4=CN=CC=C4)=O)=CC=C3)=O)C2)C=C1,0.005689732707105577
ClC1=CC=C(C2OCCN(C(C3OCCOC3)=O)C2)C=C1,0.011945828283205628
CCN1C(=O)C2=C(C=C(C(N(CCOC3=C(OC)C=CC=C3)C)=O)C=C2)NC1=O,0.004931955994106829
CCS(NC1=C(C)C=C(NC(C2=CC=C(N(C)C)C=C2)=O)C=C1)(=O)=O,0.004663675033953041
CCS(NC1=C(C)C=C(NC(COC2=CC=C(Cl)C=C2)=O)C=C1)(=O)=O,0.004296717687975615
CCS(NC1=C(C)C=C(NC(CCC2CCCC2)=O)C=C1)(=O)=O,0.006642676773481071
CCOC1=C(C(NC2=CC(C)=C(NS(CC)(=O)=O)C=C2)=O)C=CC=C1,0.004857665637973696
CCS(NC1=C(C)C=C(NC(C2=CC3=C(CCC3)C=C2)=O)C=C1)(=O)=O,0.0060083010699599985
CC1NC(=O)C(C(N2CC(C3=CC=C(Cl)C=C3)OCC2)=O)=CC=1,0.004600322374608367
CCC1CCN(C(CC2C(=O)N(C3=CC=C(F)C=C3)C(=O)N2)=O)CC1,0.002189673454267904
CC1NC(=O)C(C(NCC2=NN(C3=CC=CC=C3)C=C2)=O)=CC=1,0.0038833373691886663
CCC(NC(CCNC(C1=CC=C(S(C(F)F)(=O)=O)C=C1)=O)=O)C,0.003426233329810202
CCC(NC(CCNC(C1=C(O)C=C(OC)C=C1)=O)=O)C,0.005412207543849945
CCC(NC(CCNC(C1=CC=C(N2N=NN=C2)C=C1)=O)=O)C,0.00388838165672496
CCC(NC(CCNC(C1=C(C)C(C(OC)=O)=C(C)N1)=O)=O)C,0.005022365972399712
CCC(NC(CCNC(CCNS(C1SC=CC=1)(=O)=O)=O)=O)C,0.004476834507659078
CCC(NC(CCNC(C1=C(OC)C(OC)=C(OC)C=C1)=O)=O)C,0.010063533438369632
CCC(NC(CCNC(C1CCN(S(C2=CC(OC)=C(OC)C=C2)(=O)=O)CC1)=O)=O)C,0.006356999720446765
CCC(NC(CCNC(CCC1=C(C)N2C(=CC(=N2)C)N=C1C)=O)=O)C,0.008595935394987464
CCC(NC(CCNC(C1=CC2=C(C(NC(=N2)S)=O)C=C1)=O)=O)C,0.002623601592495106
CCC(NC(CCNC(CC1=C(C)N2C(=NC(=N2)N)N=C1C)=O)=O)C,0.0038256745203398166
CCC(NC(CCNC(CNC(C1OC(Br)=CC=1)=O)=O)=O)C,0.01117305364459753
CCNS(C1=CC(C(NCCC(NC(CC)C)=O)=O)=C(C)C=C1)(=O)=O,0.005832488718442619
CCC(NC(CCNC(CC1C(=O)NC2=C(C=CC=C2)S1)=O)=O)C,0.007880441658198834
CCC(NC(CCNC(C1=CC=C(S(NC2CC2)(=O)=O)C=C1)=O)=O)C,0.006100745243020356
CCC(NC(CCNC(C1=CC=C(S(NC)(=O)=O)C=C1)=O)=O)C,0.005117971240542829
CCC(NC(CCNC(C1=C(C)N=C2C(C=CC(=C2)OC)=C1)=O)=O)C,0.006667656148783863
CCC(NC(CCNC(CCC1=C(OC)C=CC(OC)=C1)=O)=O)C,0.009191550686955452
CCC(NC(CCNC(C1CC(C(N)=O)N(C2=CC=CC=C2)N=1)=O)=O)C,0.00673460301477462
CCC(NC(CCNC(C1CN(C2=NC=CC=N2)CCC1)=O)=O)C,0.00576947231311351
CCC(NC(CCNC(C1=C(C)N=C(CC2=CC=C(F)C=C2)S1)=O)=O)C,0.005494159855879843
CCC(NC(CCNC(C1OC2=C(C=C(C=C2)Br)C=1)=O)=O)C,0.009201767714694142
CCOC1=C(C(NCCC(NC(CC)C)=O)=O)SC(C2=CC=CC=C2)=C1,0.0066889334237203
CC(COC1=CC=C(CNC(C2=CC=C(NS(C)(=O)=O)C=C2)=O)C=C1)C,0.004875864752102643
CC(COC1=CC=C(CNC(C2=CC(NS(C)(=O)=O)=C(C)C=C2)=O)C=C1)C,0.005291670747101307
CN(C(C1=CC=C(CNC(N)=O)C=C1)=O)CCCOC1=CC=C(Cl)C=C1,0.0038359413389116525
CN(C(CNC(C1=CC=CC=C1)=O)=O)CCCOC1=CC=C(Cl)C=C1,0.006791807990521192
CN(C(C1=C(O)N=CC=C1)=O)CCCOC1=CC=C(Cl)C=C1,0.0049520320491865276
COC1=C(OCCN(C(CSC2=NC(C)=CC(C)=N2)=O)C)C=CC=C1,0.011479231575503946
COC1=C(OCCN(C(C2=CC(NC(NC(C)C)=O)=CC=C2)=O)C)C=CC=C1,0.00621920230332762
CCS(NC1=C(C)C=C(NC(C2=C(O)C=C(C)C=C2)=O)C=C1)(=O)=O,0.002967429242562503
CCS(NC1=C(C)C=C(NC(C2=C(OC)C=CC(Cl)=C2)=O)C=C1)(=O)=O,0.004503814515192062
CCS(NC1=C(C)C=C(NC(CCCC2SC=CC=2)=O)C=C1)(=O)=O,0.004493634286336601
CCC1=C(C)C=C(C(NC2=CC(C)=C(NS(CC)(=O)=O)C=C2)=O)S1,0.004523038957267999
CCS(NC1=C(C)C=C(NC(CC2CCCCC2)=O)C=C1)(=O)=O,0.006445566331967712
CCS(NC1=C(C)C=C(NC(COC2=CC=C(C)C=C2)=O)C=C1)(=O)=O,0.004772980976849794
CCS(NC1=C(C)C=C(NC(CCC2=CC=C(OC)C=C2)=O)C=C1)(=O)=O,0.005212171829771251
CCS(NC1=C(C)C=C(NC(C2=C(O)C=CC(C)=C2)=O)C=C1)(=O)=O,0.002968290005810559
CCS(NC1=C(C)C=C(NC(COC2=CC=C(F)C=C2)=O)C=C1)(=O)=O,0.004379777866415679
CCS(NC1=C(C)C=C(NC(CC2=C3C(C=CC=C3)=CC=C2)=O)C=C1)(=O)=O,0.005028872995171696
CCS(NC1=C(C)C=C(NC(C2=CC=C(Cl)C=C2)=O)C=C1)(=O)=O,0.0042007903568446634
CCS(NC1=C(C)C=C(NC(C2=C(O)C=CC=C2)=O)C=C1)(=O)=O,0.0030107880826108157
CCS(NC1=C(C)C=C(NC(C2=CC=C(C(C)(C)C)C=C2)=O)C=C1)(=O)=O,0.005941739887930453
CCS(NC1=C(C)C=C(NC(CC2=C(Cl)C=CC=C2F)=O)C=C1)(=O)=O,0.004278629168402404
FC1=C(Br)C=C(CCNC(CCNC2=NC=CC=N2)=O)C=C1,0.005223825061693788
CCS(NC1=C(C)C=C(NC(COC2=C(C)C=CC(C)=C2)=O)C=C1)(=O)=O,0.005215526081155985
CCS(NC1=C(C)C=C(NC(CC2=C(Cl)C=CC=C2Cl)=O)C=C1)(=O)=O,0.005000760452821851
CCS(NC1=C(C)C=C(NC(CC2C3CC(CC3)C2)=O)C=C1)(=O)=O,0.0072259868029505014
CCS(NC1=C(C)C=C(NC(C2=C3C(C=CC=C3)=NC(O)=C2)=O)C=C1)(=O)=O,0.004155668790917844
CCS(NC1=C(C)C=C(NC(CCC2CCCCC2)=O)C=C1)(=O)=O,0.007234510174021125
CCS(NC1=C(C)C=C(NC(C2=C3C(C=CC=C3)=NC(C)=C2)=O)C=C1)(=O)=O,0.004347392451018095
CCS(NC1=C(C)C=C(NC(CCC2=C(F)C=CC=C2)=O)C=C1)(=O)=O,0.004379646701272577
CCS(NC1=C(C)C=C(NC(CCC2=CSC=C2)=O)C=C1)(=O)=O,0.004464200919028371
CCS(NC1=C(C)C=C(NC(C2=C3C(C=CC=N3)=CC=C2)=O)C=C1)(=O)=O,0.003904420172329992
CCS(NC1=C(C)C=C(NC(C2N=C3N(C=CC(=C3)C)C=2)=O)C=C1)(=O)=O,0.002743293030653149
CCS(NC1=C(C)C=C(NC(C2=CC(OC)=C(C)C=C2)=O)C=C1)(=O)=O,0.004814691236242652
CCS(NC1=C(C)C=C(NC(C2=NNC(C3=CC=CC=C3)=C2)=O)C=C1)(=O)=O,0.0030690421641338616
CCS(NC1=C(C)C=C(NC(C2=C(F)C=CC(Cl)=C2)=O)C=C1)(=O)=O,0.003643115411978215
CCS(NC1=C(C)C=C(NC(C2=C(C)N=C3C(C=C(C=C3)C)=C2)=O)C=C1)(=O)=O,0.004637134226504714
CCS(NC1=C(OC)C=C(NC(CC2=C(Cl)C=CC=C2)=O)C=C1)(=O)=O,0.004248715250287205
CCS(NC1=C(OC)C=C(NC(C(NC(C2SC=CC=2)=O)CC2=CC=CC=C2)=O)C=C1)(=O)=O,0.004122844955418259
CCS(NC1=C(OC)C=C(NC(C2C(C)C2)=O)C=C1)(=O)=O,0.004875477100722492
CCS(NC1=C(OC)C=C(NC(C2=CC3=C(CCC3)C=C2)=O)C=C1)(=O)=O,0.005658965627662838
CCS(NC1=C(OC)C=C(NC(CCC2=C(F)C=CC=C2)=O)C=C1)(=O)=O,0.0047384108882397415
CCS(NC1=C(OC)C=C(NC(CCC2=CC=C(F)C=C2)=O)C=C1)(=O)=O,0.00476250076899305
CCS(NC1=C(OC)C=C(NC(C2=CC=C(N3C=CC=C3)C=C2)=O)C=C1)(=O)=O,0.004198761645238846
CCS(NC1=C(OC)C=C(NC(C2=C(C)N=C3C(C=C(C=C3)OC)=C2)=O)C=C1)(=O)=O,0.0039044443983584642
CCS(NC1=C(OC)C=C(NC(C2=CC3=C(C(N(C3=O)C)=O)C=C2)=O)C=C1)(=O)=O,0.002838939556386322
CCS(NC1=C(OC)C=C(NC(CCC2=CC(Cl)=CC=C2)=O)C=C1)(=O)=O,0.004285091010387987
CCS(NC1=C(OC)C=C(NC(C2C3=C(CCC3)N(C3=CC=C(F)C=C3)N=2)=O)C=C1)(=O)=O,0.004783119994681328
CCC(C1=CC=CC=C1)C(NC1=CC(OC)=C(NS(CC)(=O)=O)C=C1)=O,0.005638673109933734
CCS(NC1=C(OC)C=C(NC(C2=C(C3=CC=CC=C3)C=CO2)=O)C=C1)(=O)=O,0.00480038826353848
CCS(NC1=C(OC)C=C(NC(C2=CC(NC(C3=CN=CC=C3)=O)=CC=C2)=O)C=C1)(=O)=O,0.004591916827484966
CCS(NC1=C(OC)C=C(NC(CSC(F)(F)F)=O)C=C1)(=O)=O,0.0026087650621775538
CNC(COC1=CC=C(CNC(C2=C(O)N=CC=C2)=O)C=C1)=O,0.005870662326924503
CC(C(N1C(C2=CC=C(Br)C=C2)CCC1)=O)NC(C1OC=CC=1)=O,0.01141162016429007
CC(C(N1C(C2=CC=C(Br)C=C2)CCC1)=O)NC(OC(C)(C)C)=O,0.007901548128575086
CC(NC1SC=C(C(N2C(C3=CC=C(Br)C=C3)CCC2)=O)N=1)=O,0.006683061807416379
BrC1=CC=C(C2N(C(CCCNC(C3CC3)=O)=O)CCC2)C=C1,0.011725412448868155
BrC1=CC=C(C2N(C(CCNC3=NC=CC=N3)=O)CCC2)C=C1,0.006946936249732971
FC1=C(Br)C=C(CCNC(C2=CC3=C(C(NC(=N3)S)=O)C=C2)=O)C=C1,0.002568573737516999
CN(C1=CC=C(NC(C2NC=CC=2)=O)C=C1)CC1=CC=CC=C1,0.00475691087776795
FC(CC(C1=CC=CC=C1)NC(C1SC2N=C3N(C=2C=1)C=CS3)=O)(F)F,0.0034408067469485102
FC(CC(C1=CC=CC=C1)NC(CC1C(=O)NC2=C(C=CC=C2)C=1)=O)(F)F,0.0033576894042198547
COC1=CC(OC)=C(C(N2CC3=C(C=CC=C3)OCC2)=O)C=C1,0.010650960821658373
O=C(C1C(=O)NC(C2=CC=CC=C2)=CC=1)N1CC2=C(C=CC=C2)OCC1,0.00523016806691885
CC1NC(=O)C(C(N2CC3=C(C=CC=C3)OCC2)=O)=CC=1,0.005143296625465155
NC(NCCCCC(NC1=CC(F)=C(N2C=NC=C2)C=C1)=O)=O,0.001828759937779978
CCC1SC(C(NC2=CC(F)=C(N3C=NC=C3)C=C2)=O)=CC=1,0.003120371198747307
FC1=C(N2C=NC=C2)C=CC(NC(C2=CC=C(S(NCC3OC=CC=3)(=O)=O)C=C2)=O)=C1,0.003415069240145385
C/C(/C)=C/C1C(C)(C)C1C(NC1=CC(F)=C(N2C=NC=C2)C=C1)=O,0.0062434312654659156
FC1=C(N2C=NC=C2)C=CC(NC(C2=NOC(C3=CC(Cl)=CC=C3)=C2)=O)=C1,0.004298677190672606
CC1=C(C2CCN(C(C3=C(Br)C=CC=C3)=O)CC2)C2=C(C=CC=C2)N1,0.007258801255375147
CC1=C(C2CCN(C(C3=CC=C(Br)C=C3)=O)CC2)C2=C(C=CC=C2)N1,0.007225618022494018
CC1=C(C2CCN(C(CC3=CC=C(F)C=C3)=O)CC2)C2=C(C=CC=C2)N1,0.004505856498144567
CCOC(C1C(C)=C(C(N2CCC(C3C4=C(C=CC=C4)NC=3C)CC2)=O)NC=1C)=O,0.005514876171946526
COC1=NC=C(C(N2CCC(C3C4=C(C=CC=C4)NC=3C)CC2)=O)C=C1,0.0050943174166604875
CC(NC1SC=C(C(N2CCC(C3C4=C(C=CC=C4)NC=3C)CC2)=O)N=1)=O,0.0035766365239396692
CC(NC(N1CCC(C(N2CCC(C3C4=C(C=CC=C4)NC=3C)CC2)=O)CC1)=O)C,0.004299623472616076
CC1=C(C2CCN(C(CCNC3=NC=CC=N3)=O)CC2)C2=C(C=CC=C2)N1,0.004089411860331893
CC(C(N1CCC(C2C3=C(C=CC=C3)NC=2C)CC1)=O)OCC(F)(F)F,0.0034360443736659364
CC1=C(C2CCN(C(C3C(=O)NC(C)=CC=3)=O)CC2)C2=C(C=CC=C2)N1,0.004945229843724519
CONS(C1=CC=C(C(N2CCC(C3C4=C(C=CC=C4)NC=3C)CC2)=O)C=C1)(=O)=O,0.0032622857252135873
CC1C(C(NCC2CCCCCCC2)=O)=C(C)N(C(C)(C)C)N=1,0.018869292549788953
CCN1C(=O)C=CC(NC(C2=C(O)C=C(OC)C=C2)=O)=C1,0.004135205631610006
CCN1C(=O)C=CC(NC(C2SC3=C(C(=NN3CC(C)C)C)C=2)=O)=C1,0.006208016932941973
CCN1C(=O)C=CC(NC(CCN2C3=C(C=CC=C3)SC3=C2C=CC=C3)=O)=C1,0.008453395450487733
CCN1C(=O)C=CC(NC(C2=C(OC3=CC=C(Br)C=C3)N=CC=C2)=O)=C1,0.005782354041002691
CCN1C(=O)C=CC(NC(C2=C(C(C3=CC=C(F)C=C3)=O)C=CC=C2)=O)=C1,0.007490559271536768
CCN1C(=O)C=CC(NC(C2OC(CSC3N(C)C=CN=3)=CC=2)=O)=C1,0.005373568530194462
CCN1C(=O)C=CC(NC(C2NC3=C(C=CC(C(C)(C)C)=C3)C=2)=O)=C1,0.004992961138486862
CCN1C(=O)C=CC(NC(COC2=C(Br)C3=C(C=CC=C3)C=C2)=O)=C1,0.007229991117492318
CCN1C(=O)C=CC(NC(C2N(C)C(Cl)=C(Cl)C=2)=O)=C1,0.006166245113126934
CCOC(NCCC(NC1=CN(CC)C(=O)C=C1)=O)=O,0.003458905650768429
CCN1C(=O)C=CC(NC(C2=C(NC3=CC=C(OC)C=C3)C=CC=C2)=O)=C1,0.006637593638151884
CCN1C(=O)C=CC(NC(C2=CC=C(S(C(C)C)(=O)=O)C=C2)=O)=C1,0.005812423396855592
CCN1C(=O)C=CC(NC(CN2C3=C(C=CC=C3)C(Br)=C2C)=O)=C1,0.007000493723899126
CCN1C(=O)C=CC(NC(C2=CN=C(OC3=CC=C(Br)C=C3)C=C2)=O)=C1,0.005982222291640938
COC1=C(OC)C=C(CC(NC2=CN(C)C(=O)C=C2)=O)C=C1,0.0077058784663677216
CN1C(=O)C=CC(NC(C2OC3=C(C=CC=C3)OC2)=O)=C1,0.007071556453593075
CC(C(NC1=CN(C)C(=O)C=C1)=O)SC1=CC=C(N(=O)=O)C=C1,0.0038337581558153034
COC1=CC(OC)=C(CC(NC2=CN(C)C(=O)C=C2)=O)C=C1,0.006745861261151731
O=C(NC1=NC=C(C2=CC=CC=C2)C=C1)CNC(CC1=CC=CC=C1)=O,0.005410467321053147
CC1=C(CCC(NC2=CN(C)C(=O)C=C2)=O)C(C)=C(C#N)C(=O)N1,0.00355983370100148
CN1C(=O)C=CC(NC(CCNC2=C(N(=O)=O)C=CC=C2)=O)=C1,0.004392238613218069
CN1C(=O)C=CC(NC(CCCNC(NC2CCCCC2)=O)=O)=C1,0.005208739684894681
CN1C(=O)C=CC(NC(C2CC(C(N)=O)N(C3=CC=CC=C3)N=2)=O)=C1,0.0047575911157764494
COC1=CC=C(N2CCN(C(C3C(C)=CNC=3)=O)CCC2)C=C1,0.0062098712893202904
CC1=C(C(NC2=CN(C)C(=O)C=C2)=O)SC(CC2=CC=C(F)C=C2)=N1,0.005188015557359904
CC(NC(NC1=CC(C(NC2=CN(C)C(=O)C=C2)=O)=CC=C1)=O)C,0.003972888388670981
COC1=CC=C(NC2=C(C(NC3=CN(C)C(=O)C=C3)=O)C=CC=C2)C=C1,0.006462950073182583
CN1C(=O)C=CC(NC(COCCOC2=CC=CC=C2)=O)=C1,0.00560896429233253
COC1=CC=C(N2CCN(C(C3NC=C(Cl)C=3)=O)CCC2)C=C1,0.00492556681856513
COC1=CC=C(N2CCN(C(CCCC[C@H]3[C@@H]4[C@@H](NC(N4)=O)CS3)=O)CCC2)C=C1,0.0045766275085043166
COC1=CC=C(N2CCN(C(C3=C(N)N=CC=N3)=O)CCC2)C=C1,0.00544060927350074
COC1=CC=C(N2CCN(C(C(N3C=NC=C3)C)=O)CCC2)C=C1,0.006355756428092718
COC1=CC=C(N2CCN(C(CCN3N=CC(C)=C3)=O)CCC2)C=C1,0.009244619496166706
OC1=C(C(N2CCN(C(CCC3CCCCC3)=O)CC2)=O)C=CC=N1,0.00882343165576458
CC1=CC=C(C(C2CCN(C(C3N=C4N(C(=CC=C4)C)C=3)=O)CC2)=O)C=C1,0.008880976890213787
CC1=CC=C(C(C2CCN(C(CCC3C4=C(C=CC=C4)NC=3)=O)CC2)=O)C=C1,0.00845378702506423
CC1=CC=C(C(C2CCN(C(CCC(C3SC=CC=3)=O)=O)CC2)=O)C=C1,0.013229789584875107
CC1=CC=C(C(C2CCN(C(C3=NC4=C(C=CC=C4)C=C3)=O)CC2)=O)C=C1,0.011070810398086906
CC1=CC=C(C(C2CCN(C(CC3C4=C(C=CC=C4)NC=3)=O)CC2)=O)C=C1,0.008144228695891797
CC1=CC=C(C(C2CCN(C(C3OC(Br)=CC=3)=O)CC2)=O)C=C1,0.017175740003585814
CCOC1=CC=C(S(NCCC(N2CCN(CC3CCCCC3)CCC2)=O)(=O)=O)C=C1,0.00843512024730444
CC(C(C(N1CCN(CC2CCCCC2)CCC1)=O)NC(C1=C(C)C=CC=C1)=O)C,0.014393960172310472
FC1=C2C(SC(C(N3CCN(CC4CCCCC4)CCC3)=O)=C2)=CC=C1,0.010106248641386628
O=C(C1OC2=C(C=CC=C2)C=1)N1CCN(CC2CCCCC2)CCC1,0.016725508868694304
O=C(N1CCN(CC2CCCCC2)CCC1)CCN1C(=O)C2=C(C=CC=C2)C1=O,0.007615314051508904
CC(C1C(C)=C(C(N2CCN(CC3CCCCC3)CCC2)=O)NC=1C)=O,0.014246156578883529
COC1=C(OC)C(OC)=CC(C(N2CCN(CC3CCCCC3)CCC2)=O)=C1,0.016677126102149487
COC1=C(OC)C(OC)=C(C(N2CCN(CC3CCCCC3)CCC2)=O)C=C1,0.0169030474498868
FC(OC1=CC=C(C(N2CCN(CC3CCCCC3)CCC2)=O)C=C1)(F)F,0.008348266337998211
CCOC1=C(OCC)C=C(C(N2CCN(CC3CCCCC3)CCC2)=O)C=C1,0.018468810804188253
COC1=C(N(=O)=O)C=C(C(N2CCN(CC3CCCCC3)CCC2)=O)C=C1,0.010694298287853598
CN(S(C1=CC=C(C(N2CCN(CC3CCCCC3)CCC2)=O)C=C1)(=O)=O)C,0.010881185485050082
CC1=C(N(=O)=O)C=CC=C1C(N1CCN(CC2CCCCC2)CCC1)=O,0.011999460682272912
ClC1=C2C(OCO2)=CC(C(N2CCN(CC3CCCCC3)CCC2)=O)=C1,0.013642998645082116
CNC1=C(C(N2CCN(CC3CCCCC3)CCC2)=O)C=C(N(=O)=O)C=C1,0.007725333189591765
O=C(C1=NC2=C(C=CC=C2)N=C1)N1CCN(CC2CCCCC2)CCC1,0.012857800954952836
CC1=C(C(N2CCN(CC3CCCCC3)CCC2)=O)SC(C2=CC=CC=C2)=N1,0.012762072682380676
COC1=CC=C(C(NCC(N2CCN(CC3CCCCC3)CCC2)=O)=O)C=C1,0.012319377018138766
CSCCC(C(N1CCN(CC2CCCCC2)CCC1)=O)NS(C1=CC=C(C)C=C1)(=O)=O,0.008269774890504778
C[C@@H](C(N1CCN(CC2CCCCC2)CCC1)=O)NS(C1=C(C(F)(F)F)C=CC=C1)(=O)=O,0.00477900126716122
CC(NC1SC=C(C(N2CCN(CC3CCCCC3)CCC2)=O)N=1)=O,0.008983667008578777
O=C(C1=CC(N2C(=O)NCC2)=CC=C1)N1CCN(CC2CCCCC2)CCC1,0.007842905819416046
CC1CCN(C2=CC=C(C(N3CCN(CC4CCCCC4)CCC3)=O)C=C2)N=1,0.014330203784629703
CCOC1=CC2=C(C=C(C(N3CCN(CC4CCCCC4)CCC3)=O)N2)C=C1,0.008645526925101876
CC1NC(=O)C(C(N2CCN(CC3CCCCC3)CCC2)=O)=CC=1,0.009880903596058487
CC(COC1CCN(C(C(NC(C2SC=CC=2)=O)C)=O)CC1)C,0.0072196320397779346
CC(COC1CCN(C(C2C(=S)NC=CC=2)=O)CC1)C,0.00671884911134839
CC1=NNC(C(NCC2=CC=C(N3CC(C(N)=O)CCC3)C=C2)=O)=C1,0.003740584326442331
CCOC1=C(F)C=C(NC(C2=CC3=C(C(N(C(=N3)S)CC)=O)C=C2)=O)C=C1,0.0037344094715081157
CCOC1=C(F)C=C(NC(C2=CC3=C(C(NC(=N3)S)=O)C=C2)=O)C=C1,0.002460340887773782
CCN(S(C)(=O)=O)CCCNC(C1=C(C)C2=C(CCCC2=O)N1)=O,0.005496317497454583
CCN(S(C)(=O)=O)CCCNC(C1=C2C(N(C(C)C)N=C2)=NC(C(C)C)=C1)=O,0.005721583729609847
CCN(S(C)(=O)=O)CCCNC(C1=C(O)N=CC=C1)=O,0.003554611874278635
CCN(S(C)(=O)=O)CCCNC(C1=C(SCC2N=CSC=2)C=CC=C1)=O,0.0038560166256502272
CCN(S(C)(=O)=O)CCCNC(C1CC(=O)N(C2=CC(OC)=CC=C2)C1)=O,0.005408465047366917
CCN(S(C)(=O)=O)CCCNC(C1C(=O)NC(C)=CC=1)=O,0.002532852254807949
ClC1=C(Cl)C=C(C(C2CCN(C(C3=NNC(=O)C=C3)=O)CC2)=O)C=C1,0.006451467820443213
OC1=NC=C(C(N2CCC(C(C3=CC(Cl)=C(Cl)C=C3)=O)CC2)=O)C=C1,0.009342701965942979
ClC1=C(Cl)C=C(C(C2CCN(C(CNC(C3OC=CC=3)=O)=O)CC2)=O)C=C1,0.011193953407928347
CN1N=CC(C(N2CCC(C(C3=CC(Cl)=C(Cl)C=C3)=O)CC2)=O)=C1,0.012981915846467018
ClC1C=C(C(N2CCC(C(C3=CC(Cl)=C(Cl)C=C3)=O)CC2)=O)NC=1,0.00838921384420246
O=N(C1C(C(N2CCC(C(C3=CC(Cl)=C(Cl)C=C3)=O)CC2)=O)C1)=O,0.012481277529150247
O=C(C1=C(NC2=CC=CC=C2)C=CC=C1)NCC1COCCC1,0.008474070229567587
O=C(C1=CC=C(CN2C(=O)NCC2=O)C=C1)NCC1COCCC1,0.002368270780425519
CC1=CC=C(C2N(CC(NCC3COCCC3)=O)C(S)=NN=2)C=C1,0.004389791446737945
CN1C(=O)C2=C(C=C(C(NCC3COCCC3)=O)C=C2)N=C1S,0.004107308352831751
CCN1C(=O)C2=C(C=C(C(NCC3COCCC3)=O)C=C2)N=C1S,0.004211116983788088
COC1=C(S(NC2CC2)(=O)=O)C=C(C(NCC2COCCC2)=O)C=C1,0.0062349708750844
CC1=CC=C(C(C2=C(C(NCC3COCCC3)=O)C=CC=C2)=O)C=C1,0.01278234738856554
FC1=CC=C(C2OC(C3=C(C(NCC4COCCC4)=O)C=CC=C3)=NC=2)C=C1,0.0051731137093156574
CC1=C(CC(NCC2COCCC2)=O)C(=O)NC(C2=NC=CC=C2)=N1,0.004272671788930893
O=C(C1=CC2=C(SCC(N2)=O)C=C1)NC1=CC(N2CCOCC2)=CC=C1,0.004761835560202599
O=C(NC1=CC(N2CCOCC2)=CC=C1)CCCC[C@H]1[C@@H]2[C@@H](NC(N2)=O)CS1,0.003773733717389405
CC(CCN(C(C1NNC(=O)N=1)=O)CC1=CC(Cl)=C(Cl)C=C1)C,0.004056119138840586
COCCN(C(CC1C(=O)NC(C2=NC=CC=C2)=NC=1C)=O)C,0.004076421423815191
CSCCC(C(NCC(N1CCCCC1)C)=O)NC(C1=C(Br)C=CC=C1)=O,0.00850183260627091
CC(N1CCCCC1)CNC(C1=CC=C(OCC2N=C(C)SC=2)C=C1)=O,0.006869604345411062
FC1=C(CC(N2CCN(C(C3=CSC=C3)=O)CCC2)=O)C(Cl)=CC=C1,0.006398546230047941
COC1=C(C(NC2=NC=C(C3=CC=CC=C3)C=C2)=O)C=C(Cl)C=C1,0.005008191475644708
CCOC1=CC=C(OCC(NC2=NC=C(C3=CC=CC=C3)C=C2)=O)C=C1,0.006667163386009633
O=C(NC1=NC=C(C2=CC=CC=C2)C=C1)CCNS(C1=CC=CC=C1)(=O)=O,0.0037117891362868248
COC1=C(S(NC2CCCC2)(=O)=O)C=C(C(NC2=NC=C(C3=CC=CC=C3)C=C2)=O)C=C1,0.004697187128476799
ClC1=CC(C(NC2=NC=C(C3=CC=CC=C3)C=C2)=O)=CC=C1,0.004449178278446197
FC1=C(CC(NC2=NC=C(C3=CC=CC=C3)C=C2)=O)C(Cl)=CC=C1,0.004405278747435659
COC1=CC(C(NC2=NC=C(C3=CC=CC=C3)C=C2)=O)=CC(OC)=C1,0.005868015089072287
O=C(C1=CC(S(NC2CC2)(=O)=O)=CC=C1)NC1=NC=C(C2=CC=CC=C2)C=C1,0.004219596099574119
CC1N(CCC(NC2=NC=C(C3=CC=CC=C3)C=C2)=O)C(=O)SC=1,0.004434968892019242
C=CCSCC(NC1=NC=C(C2=CC=CC=C2)C=C1)=O,0.0037224321975372733
CCCC1N=C(CCCC(NC2=NC=C(C3=CC=CC=C3)C=C2)=O)ON=1,0.006913149589672684
CC(N1C2=C(C(C(NCCC(NC3CCCCC3)=O)=O)=CC(C3=CC=CC=C3)=N2)C=N1)C,0.008006693585775793
O=C(NC1CCCCC1)CCNC(C1=CC=C(NS(C2SC=CC=2)(=O)=O)C=C1)=O,0.004946093657054007
CCC1=C(C(N(CCCC2NN=C(C3=CC(F)=CC=C3)C=2)C)=O)SN=N1,0.004131988622248173
CC(NC(C1SC=CC=1)CC(NC1=NC=C(C2=CC=CC=C2)C=C1)=O)=O,0.004706654301844537
O=C(C1N=NN(CC2=CC=CC=C2)C=1)NC1=NC=C(C2=CC=CC=C2)C=C1,0.0054644569754600525
O=C(C1=C(SCC2OCCC2)C=CC=C1)NC1=NC=C(C2=CC=CC=C2)C=C1,0.005783834354951977
CC(C(NC1=NC=C(C2=CC=CC=C2)C=C1)=O)OC1=C(Cl)C=CC=C1,0.005966304708272219
O=C(NC1=NC=C(C2=CC=CC=C2)C=C1)CCC1ON=C(C2=CN=CC=C2)N=1,0.00577216965612024
CC(COCCC(NC1=NC=C(C2=CC=CC=C2)C=C1)=O)C,0.005643015680834651
O=C(C1=C(N2N=CC=C2)C=CC=C1)NC1=NC=C(C2=CC=CC=C2)C=C1,0.00570192604791373
O=C(NC1=NC=C(C2=CC=CC=C2)C=C1)CCS(C1CCCC1)(=O)=O,0.006434297910891474
CCC(NC(C(NC1=NC=C(C2=CC=CC=C2)C=C1)=O)CCSC)=O,0.004816730355378241
O=C(NC1CCCCC1)CCNC(COC1=CC=C(OC2=CC=CC=C2)C=C1)=O,0.009416877711191773
CC(OC(N1CCC(C(NCCC(NC2CCCCC2)=O)=O)CC1)=O)(C)C,0.007987710600718855
CN1C(=O)CCC(C(NCCC(NC2CCCCC2)=O)=O)=N1,0.007998388027772307
ClC1=CC(N2C(=O)CCC2)=C(C(NCCC(NC2CCCCC2)=O)=O)C=C1,0.008967989403754473
CC(N1C(=O)CC(C(NCCC(NC2CCCCC2)=O)=O)C1)C,0.012314177956432104
SC1NC(=O)C2=C(C=C(C(NCCC(NC3CCCCC3)=O)=O)C=C2)N=1,0.0035140462481649593
O=N(C1C(C(NCCC(NC2CCCCC2)=O)=O)C1)=O,0.010501671163365246
OC1=CC(CNC(C2=C(C3=CC=C(C(F)(F)F)C=C3)C=CC=C2)=O)=CC=C1,0.003448892873711884
OC1=CC(CNC(C2SC3=C(SC4=C3C=CC=C4)C=2)=O)=CC=C1,0.004395380755886436
NC(COC1=C(C(NCC2=CC(O)=CC=C2)=O)C=CC=C1)=O,0.005821842630393803
CC1=C(N2C(C3CC3)=C(C(NCC3=CC(O)=CC=C3)=O)C=N2)C=CC=C1,0.004713948932476342
CNS(C1OC(C(NCC2=CC(O)=CC=C2)=O)=CC=1)(=O)=O,0.0028217240702360868
CC1C(C(NCCC(NC2=CC=C(Br)C=C2)=O)=O)=C(Cl)N(CC2=CC=C(C)C=C2)N=1,0.006709123495966196
COC1=CC(O)=C(C(N2CCN(C(OC(C)(C)C)=O)CCC2)=O)C=C1,0.004784476081840694
CC1=CC(C(N2CCN(C(OC(C)(C)C)=O)CCC2)=O)=C(O)C=C1,0.005565389734692871
CC(C1C(C)=C(C(N2CCN(C(OC(C)(C)C)=O)CCC2)=O)NC=1C)=O,0.008484851731918753
COC1=CC=C(C(N2CCN(C(OC(C)(C)C)=O)CCC2)=O)C=C1,0.009171587834134697
CC(OC(N1CCN(C(C2=CC3=C(OCO3)C=C2)=O)CCC1)=O)(C)C,0.008539915690198541
CC(OC(N1CCN(C(C2OC(Br)=CC=2)=O)CCC1)=O)(C)C,0.011168202431872488
COC1=CC(C(N2CCN(C(OC(C)(C)C)=O)CCC2)=O)=CC(OC)=C1,0.008978025102987886
CN(C1=CC=C(C(N2CCN(C(OC(C)(C)C)=O)CCC2)=O)C=C1)C,0.009667202457785606
COC1=C(OC)C(OC)=C(C(N2CCN(C(OC(C)(C)C)=O)CCC2)=O)C=C1,0.009549547918140888
CC1=NC=C(C(N2CCN(C(OC(C)(C)C)=O)CCC2)=O)N=C1,0.008148049609735608
CC1=C(C)C(C(N2CCN(C(OC(C)(C)C)=O)CCC2)=O)=CC=C1,0.010587799875065685
COC1=C(OC)C=C(CC(N2CCN(C(OC(C)(C)C)=O)CCC2)=O)C=C1,0.009569439478218556
COC1=C(OC)C=C(C(N2CCN(C(OC(C)(C)C)=O)CCC2)=O)C=C1,0.009777866397053003
CC1=CC(C)=C(C(N2CCN(C(OC(C)(C)C)=O)CCC2)=O)C=C1,0.010625193873420358
CC(OC(N1CCN(C(C2C(=O)OC3=C(C=CC=C3)C=2)=O)CCC1)=O)(C)C,0.008709177933633327
CC(NC1=CC(C(N2CCN(C(OC(C)(C)C)=O)CCC2)=O)=CC=C1)=O,0.006425037188455463
CC(OC(N1CCN(C(C2=CC3=C(NN=N3)C=C2)=O)CCC1)=O)(C)C,0.003658276330679655
CC(OC(N1CCN(C(C2=C3C(C=CC=N3)=CC=C2)=O)CCC1)=O)(C)C,0.007938670879229903
CC1C(CC(N2CCN(C(OC(C)(C)C)=O)CCC2)=O)=C(C)ON=1,0.00819106660783291
CC(OC(N1CCN(C(C2=CC3=C(OCCCO3)C=C2)=O)CCC1)=O)(C)C,0.010334031796082855
CC(OC(N1CCN(C(C2NC=C(Br)C=2)=O)CCC1)=O)(C)C,0.006013728398829699
CC1=NC=C(C(N2CCN(C(OC(C)(C)C)=O)CCC2)=O)C=C1,0.008633439242839814
CC1=C(C(N2CCN(C(OC(C)(C)C)=O)CCC2)=O)C(C2=C(Cl)C=CC=C2F)=NO1,0.007405057037249208
CCC1=C(C(N2CCN(C(OC(C)(C)C)=O)CCC2)=O)SN=N1,0.008086774451658129
CC1=C(C)C(C(N2CCN(C(OC(C)(C)C)=O)CCC2)=O)=C(C)O1,0.010439168754965067
CC(OC(N1CCN(C(C2=C3C(C4=C(N3)CCCC4)=CC=C2)=O)CCC1)=O)(C)C,0.006752886087633669
CC(OC(N1CCN(C(C2=NNC(C3CC3)=C2)=O)CCC1)=O)(C)C,0.005185205675661564
CN(C1=NC=CC(C(N2CCN(C(OC(C)(C)C)=O)CCC2)=O)=C1)C,0.007402787217870355
COC(C1=CC(C(N2CCN(C(OC(C)(C)C)=O)CCC2)=O)=CC=C1)=O,0.009739472856745124
CC1=C(S(C)(=O)=O)C=C(C(N2CCN(C(OC(C)(C)C)=O)CCC2)=O)C=C1,0.007472172891721129
CCOC1=C(C(NC2CCN(CC3=C(OC)C=CC=C3)CC2)=O)C=CC=C1,0.008489382546395063
COC1=C(CN2CCC(NC(C3=CN=C(O)C=C3)=O)CC2)C=CC=C1,0.005036625801585615
COC1=C(CN2CCC(NC(C3=CC4=C(N(C(C)C)N=C4)N=C3)=O)CC2)C=CC=C1,0.0069401624845340844
CN(CC(NC(C1=CC=CC=C1)=O)CC1=CC=CC=C1)C,0.01081532440148294
CN(CC(NC(C1CCCCC1)=O)CC1=CC=CC=C1)C,0.015453440183773638
CN(CC(NC(CC1=C(F)C=CC=C1)=O)CC1=CC=CC=C1)C,0.007339805155061186
CN(CC(NC(CSC1=NC(C)=CC(C)=N1)=O)CC1=CC=CC=C1)C,0.009741450566798449
CN(CC(NC(C1N=C(C2=CN(C)N=C2)SC=1)=O)CC1=CC=CC=C1)C,0.007477557566016912
CN(CC(NC(C1C(=O)NC(C)=CC=1)=O)CC1=CC=CC=C1)C,0.0054183257278054954
CN1C(SCC2OC(C(NC3=C4C(OCCO4)=CC=C3)=O)=CC=2)=NC=C1,0.005776524264365435
CC1N=C(NC(C2CCN(C(C3CC=CCC3)=O)CC2)=O)SC=1,0.008173560537397862
CC1N=C(NC(C2CCN(C(C3C4=C(C=CC=C4)NN=3)=O)CC2)=O)SC=1,0.0035294068860821427
CC1N=C(NC(C2CCN(C(C3=C(O)C=CC(Cl)=C3)=O)CC2)=O)SC=1,0.0031421131687238814
CC1N=C(NC(C2CCN(C(CC3=C(F)C=CC=C3)=O)CC2)=O)SC=1,0.005242726602591574
CC1NC(=O)C(C(NCC2=CN(C3=CC(Cl)=CC=C3)N=C2)=O)=CC=1,0.0033475671312771737
CC1N=C(NC(C2CCN(C(C3=CC=C(C4SCCCS4)C=C3)=O)CC2)=O)SC=1,0.00702336102258414
CC1N=C(NC(C2CCN(C(CCC3NC4=C(C=CC=C4)N=3)=O)CC2)=O)SC=1,0.0028465473442338407
CC1N=C(NC(C2CCN(C(C3C(=O)NC4=C(C=CC=C4)C=3)=O)CC2)=O)SC=1,0.0034286861889995636
CC(CN1C(=O)CC(C(N2CCC(C(NC3SC=C(C)N=3)=O)CC2)=O)C1)C,0.007447583554312587
CC1N=C(NC(C2CCN(C(C3=CC4=C(C=CN4)C=C3)=O)CC2)=O)SC=1,0.003803812596015632
CCCCSC(C(N1CCC(C(NC2SC=C(C)N=2)=O)CC1)=O)C,0.00622846195474267
CC1=C(OCCNC(CNC2C3=C(C=CC=C3)S(=O)(=O)N=2)=O)C=CC=C1,0.0034040072350762784
CC1=C(OCCNC(CCN2C3=C(C=CC=C3)C(=O)NC2=O)=O)C=CC=C1,0.00314524209825322
CC(OC1=C(CNC(C2=C3C(C(=C(N3)C)C)=CC=C2)=O)C=CC=C1)C,0.0063608726253733035
CC(OC1=C(CNC(C2=CC3=C(C(NC(=N3)S)=O)C=C2)=O)C=CC=C1)C,0.0027928899769904094
CCCN(C(CC1C2=C(C(=C(C=C2)C)C)OC=1)=O)CC(NC)=O,0.009908345015719532
CCCN(C(C1=C(C)C=CC(S(N(CC)CC)(=O)=O)=C1)=O)CC(NC)=O,0.007165608624927699
CCCN(C(C1=CC=C(C2=CC=CC=C2)C=C1)=O)CC(NC)=O,0.009155421145260334
CCCN(C(C1=CC(NC(C2=CC=CC=C2)=O)=C(C)C=C1)=O)CC(NC)=O,0.00836403768043965
CCCN(C(C1=CC(NC(C2=CC=C(F)C=C2)=O)=CC=C1)=O)CC(NC)=O,0.006169415707699954
CC1=CN2C(=NC(=C2)CNC(CCNS(C2=CC=CC=C2)(=O)=O)=O)C=C1,0.00323895433684811
CC1=CN2C(=NC(=C2)CNC(CC2=C(Cl)C=CC=C2F)=O)C=C1,0.0036365815496537833
C/C(/C)=C/C1C(C)(C)C1C(NCC1N=C2N(C=C(C=C2)C)C=1)=O,0.00826663738116622
CNC(C(NC(CC1C(=O)NC(C2=NC=CC=C2)=NC=1C)=O)C)=O,0.004290493670850992
CCC(C1=CC2=C(OCCO2)C=C1)NC(C1=CC2=C(NN=N2)C=C1)=O,0.004647849942557514
CCC(C1SC=CC=1)NC(C1=CC2=C(NC(=C2C)C)C=C1)=O,0.005802112771198154
CCC(C1SC=CC=1)NC(CSCC(NC1=NOC(C)=C1)=O)=O,0.006032579066231847
CCC(C1SC=CC=1)NC(C1=CC2=C(C(N(C(=N2)S)CC)=O)C=C1)=O,0.004461324331350625
CCC(C1SC=CC=1)NC(CC1C(=O)NC(C2=NC=CC=C2)=NC=1C)=O,0.0038560879533179105
CN(C1=C(F)C=CC=C1)CCCNC(C1=CC(NS(C)(=O)=O)=CC=C1)=O,0.003360383166000247
CN(C1=C(F)C=CC=C1)CCCNC(C1N2C(C=CC=C2)=NC=1Cl)=O,0.0034000433399342
CN(C(C1=C2C(C(C(=C(C3=CC=CC=C3)O2)C)=O)=CC=C1)=O)CCCC1NN=C(C2=CC(F)=CC=C2)C=1,0.005452488921582699
CN(C(C1=CC=C(Cl)C=C1)=O)CCCC1NN=C(C2=CC(F)=CC=C2)C=1,0.004052039806265384
CN(C(C1=C(C)C=CS1)=O)CCCC1NN=C(C2=CC(F)=CC=C2)C=1,0.004117719305213541
CN(C(C1=NC=C(C)N=C1)=O)CCCC1NN=C(C2=CC(F)=CC=C2)C=1,0.004051354364491999
CN(C(C1=C(O)N=CC=C1)=O)CCCC1NN=C(C2=CC(F)=CC=C2)C=1,0.0033025753567926587
CN(C(C1=NN(C)C(=O)C=C1)=O)CCCC1NN=C(C2=CC(F)=CC=C2)C=1,0.004103864100761712
CCC(C(N(CCCC1NN=C(C2=CC(F)=CC=C2)C=1)C)=O)C,0.005225254222750664
CN(C(C(C)(C)C)=O)CCCC1NN=C(C2=CC(F)=CC=C2)C=1,0.005048588279169053
CC(N1N=CN=C1)C(N(CCCC1NN=C(C2=CC(F)=CC=C2)C=1)C)=O,0.004386650247033686
COC(C1C(C)=C(C(NC2SC(C(C)(C)C)=NN=2)=O)NC=1C)=O,0.004112218250520527
OC1=C(C(NCC2N=C3N(C=C(C=C3)Br)C=2)=O)C=C2C(C=CC=C2)=C1,0.003761945653241128
CSC(C(N(CCCC1NN=C(C2=CC(F)=CC=C2)C=1)C)=O)C,0.004229787806980312
CN(C1=CC=C(C(N)=O)C=C1)C(CSCC1NC(=O)C2=C(SC3=C2CCC3)N=1)=O,0.003974105429369957
O=C(NCC1=CC(NC(C2=CC=NC=C2)=O)=CC=C1)CCCC1NC2=C(C=CC=C2)N=1,0.0028292900300584734
CC1=CC(C)=C(OCC(NCCCS(N)(=O)=O)=O)C(C)=C1,0.0058445636415854095
O=C(C1=CC=C(OCC2OCCC2)C=C1)NCC1=CC(CN2N=CC=C2)=CC=C1,0.008047444140538573
CC1C2=CC=C3C(=C2OC=1C(NCC1=CC(CN2N=CC=C2)=CC=C1)=O)C=CC=C3,0.008422467135824263
CN1C(=O)C2=C(C=CC=C2)C(C(NCC2=CC(CN3N=CC=C3)=CC=C2)=O)=N1,0.0075498369289562104
CCC1=C(C(OC)=O)C(C)=C(C(NCC2=CC(CN3N=CC=C3)=CC=C2)=O)N1,0.005217686761170626
FC1=C(NS(C2=CC=C(C(NCC3=CC(CN4N=CC=C4)=CC=C3)=O)C=C2)(=O)=O)C=CC=C1,0.004240028921049088
CC1NC(=O)C(C(NCC2=CC(CN3N=CC=C3)=CC=C2)=O)=CC=1,0.004441078391391784
O=C(C1=CC=C(C2OC=NC=2)C=C1)NCC1=CC(CN2N=CC=C2)=CC=C1,0.005977939441800117
FC(C1=C(C(NCC2=CC(NC(CN3N=CC=C3)=O)=CC=C2)=O)C=CC=C1)(F)F,0.0044609251781366765
CC(NS(C1=CC=C(C(NCC2=CC(NC(CN3N=CC=C3)=O)=CC=C2)=O)C=C1)(=O)=O)C,0.004058981430716813
CC1C(CC(NCC2=CC(NC(CN3N=CC=C3)=O)=CC=C2)=O)=C(C)N(C2=CC=C(F)C=C2)N=1,0.004944274364970624
CC1=C(C(NC2SC=C(CC(NCC3=CC(NC(CN4N=CC=C4)=O)=CC=C3)=O)N=2)=O)C=CO1,0.005804841942153871
CS(NC1=CC(C(N2C(CC3=CC=C(F)C=C3)CCC2)=O)=CC=C1)(=O)=O,0.0039595704176463185
CS(NC1=CC=C(C(N2C(CC3=CC=C(F)C=C3)CCC2)=O)C=C1)(=O)=O,0.0040504698525182905
CCCC1=C(CC)SC(NC(C(NC(C2OC=CC=2)=O)C)=O)=N1,0.007974806847050786
CCCC1=C(CC)SC(NC(C2NC=C(C(C)=O)C=2)=O)=N1,0.007210377417504787
CCCC1=C(CC)SC(NC(C2=CC3=C(C(NC(=N3)S)=O)C=C2)=O)=N1,0.0031452203111257404
CCCC1=C(CC)SC(NC(CCNC2=NC=CC=N2)=O)=N1,0.00634785711299628
NC(COC1=CC=C(C(NCCOC2=CC3=C(CCC3)C=C2)=O)C=C1)=O,0.009047525795176625
O=C(NCCOC1=CC2=C(CCC2)C=C1)CCC(N1CCOCC1)=O,0.008639179030433297
CCC1=C2C(C(C3CCN(C(C4CC5C(=O)C(CCC5)C4)=O)CC3)=CN2)=CC=C1,0.009799023810774087
CCC1=C2C(C(C3CCN(C(CC4=C(C)N5C(=NC(=N5)SC)N=C4C)=O)CC3)=CN2)=CC=C1,0.004471138468943536
CC1=CC=C(SCC(NCCCS(N)(=O)=O)=O)C=C1,0.004200343345291913
CSCC1=CC=C(C(NCCCS(N)(=O)=O)=O)C=C1,0.0040202764328569176
COC1=C(OCC2=CC=C(Cl)C=C2)C=CC(C(NCCCS(N)(=O)=O)=O)=C1,0.004725296318065375
CC1NC(=O)C(C(NCCOC2CCCCC2)=O)=CC=1,0.006205639243125916
COC1=C(OC)C=C(C2SC=C(C(NCCCS(N)(=O)=O)=O)N=2)C=C1,0.004032173182349652
CC1=CC2=C(N=C(C(C(NCCCS(N)(=O)=O)=O)=C2)C)C=C1,0.004041802289430052
NS(CCCNC(C1=CN=C(OCC(F)(F)F)C=C1)=O)(=O)=O,0.002669802409945987
NS(CCCNC(C1=CC2=C(OCC2)C=C1)=O)(=O)=O,0.004821376875042915
NS(CCCNC(C1=CC=C(OC2CCCC2)C=C1)=O)(=O)=O,0.006221151049248874
COC1=C(OC)C2=C(C=C(C(NCCCS(N)(=O)=O)=O)N2)C(OC)=C1,0.003477603301871568
CC1=CC(C2NC(=O)C(C(NCCCS(N)(=O)=O)=O)=CC=2)=CC=C1,0.0028021550271660088
CC(SC1=C(C(NCCCS(N)(=O)=O)=O)C=CC=N1)C,0.003733282629400492
CC1NC(=O)C(C(NCCCS(N)(=O)=O)=O)=CC=1,0.0027864502742886545
CC(C1=C(C)N=C(C)S1)NC(C1=CC(NC(C)=O)=CC(NC(C)=O)=C1)=O,0.00567373817320913
CSCCC(C(NC(C1=C(C)N=C(C)S1)C)=O)NS(C=CC1=CC=CC=C1)(=O)=O,0.004568600142374635
CC(C1=C(C)N=C(C)S1)NC(C1=C(N(=O)=O)C=C(Cl)C=C1)=O,0.00455639457795769
CC(C1=C(C)N=C(C)S1)NC(C1=CC2=C(NN=N2)C=C1)=O,0.004154516174457968
COC1=CC=C(C(NCC(NC(C2=C(C)N=C(C)S2)C)=O)=O)C=C1,0.006725666206330061
COC1=C(OC)C=C(C(NCC(NC(C2=C(C)N=C(C)S2)C)=O)=O)C=C1,0.007403406105004251
CC(C1=C(C)N=C(C)S1)NC(C1=NNC(C2=CC=CC=C2)=C1)=O,0.00520496831741184
CC(C1=C(C)N=C(C)S1)NC(C(N1C(=O)C2=C(C=CC=C2)C1=C)C)=O,0.007996423891745508
CC(C1=C(C)N=C(C)S1)NC(C1=C(C(C2=CC=C(C)C=C2)=O)C=CC=C1)=O,0.011103611532598734
CN(C1CCCCC1)CC1=C(CNC(C2C=CC3N(CCS(N=3)(=O)=O)C=2)=O)C=CC=C1,0.006143162120133638
CC(C1=C(C)N=C(C)S1)NC(C1=C(C2OC(C3=C(F)C=CC=C3)=CN=2)C=CC=C1)=O,0.006069071823731065
CC(C1=C(C)N=C(C)S1)NC(C1=CC2=C(C(NC(=N2)S)=O)C=C1)=O,0.003214651184680406
CC(C1=C(C)N=C(C)S1)NC(C1OC(S(NC2CC2)(=O)=O)=CC=1)=O,0.006220021401531994
CC(C1=C(C)N=C(C)S1)NC(CN1C2=C(C=CC=C2)C(Br)=C1C)=O,0.009350729919970036
CC(C1=C(C)N=C(C)S1)NC(CC1N=C(C2=NC=CC=N2)SC=1)=O,0.007502339850179851
CN(C1CCCCC1)CC1=C(CNC(C2=NC=CN=C2)=O)C=CC=C1,0.00970278582535684
CN(C1CCCCC1)CC1=C(CNC(C2=CN(C)N=C2)=O)C=CC=C1,0.012994161434471607
CC(S(C)(=O)=O)C(NCC1=C(CN(C2CCCCC2)C)C=CC=C1)=O,0.009424039674922825
CCCNC(CCNC(COC1=CC2=C(CCC2)C=C1)=O)=O,0.010561464354395866
CCCNC(CCNC(COC1=CC=C(Cl)C=C1)=O)=O,0.0067480371566489335
CCCNC(CCNC(C1=CN=C(OC)C=C1)=O)=O,0.005902073509059846
CCCNC(CCNC(CCC1=CC2=C(OCO2)C=C1)=O)=O,0.0093117939773947
CCCNC(CCNC(C1=CC2=C(C(NC(=N2)S)=O)C=C1)=O)=O,0.002365014540555421
COC1=C(OC)C=C(S(NCCC(N2C(C3CCCC3)CCC2)=O)(=O)=O)C=C1,0.00838597589172423
CN1N=CC(C(N2CCN(C(C3=C(Cl)C=CC=C3Cl)=O)CC2)=O)=C1,0.009505544882267713
COC(C1=CC=C(C(N2CCN(C(C3SC(C)=CC=3)=O)CC2)=O)C=C1)=O,0.007256169128231705
CC1SC(C(N2CCN(C(CCC(C3=CC=CC=C3)=O)=O)CC2)=O)=CC=1,0.011425510561093689
COC1=CC(O)=C(C(N2CCN(C(C3SC(C)=CC=3)=O)CC2)=O)C=C1,0.004145210166461766
CC1SC(C(N2CCN(C(C3=CC(F)=CC(F)=C3)=O)CC2)=O)=CC=1,0.005539633799344301
CC1SC(C(N2CCN(C(C3=CC(Cl)=C(O)C=C3)=O)CC2)=O)=CC=1,0.004029560601338744
COC1=CC=C(CCC(N2CCN(C(C3SC(C)=CC=3)=O)CC2)=O)C=C1,0.007571548270061612
CC1SC(C(N2CCN(C(C3=CC4=C(OCCO4)C=C3)=O)CC2)=O)=CC=1,0.008094747550785542
CC(C1C(C)=C(C(N2CCN(C(C3SC(C)=CC=3)=O)CC2)=O)NC=1C)=O,0.00756885192822665
CC1SC(C(N2CCN(C(C3=NC4=C(C=CC=C4)C=C3)=O)CC2)=O)=CC=1,0.006387325911782682
CC1SC(C(N2CCN(C(C3=C(F)C=C(F)C=C3)=O)CC2)=O)=CC=1,0.005468438169918955
COC1=C(OCC(N2CCN(C(C3SC(C)=CC=3)=O)CC2)=O)C=CC=C1,0.00869875675998628
CC1SC(C(N2CCN(C(C3=C(O)C=CC(Cl)=C3)=O)CC2)=O)=CC=1,0.004109395877458155
COC1=CC(C(N2CCN(C(C3SC(C)=CC=3)=O)CC2)=O)=C(OC)C=C1,0.00785098064225167
CC1SC(C(N2CCN(C(COCC3=CC=CC=C3)=O)CC2)=O)=CC=1,0.007031525578349828
CC1SC(C(N2CCN(C(CCC3=C(F)C=CC=C3)=O)CC2)=O)=CC=1,0.0057355175260454415
CC1SC(C(N2CCN(C(CCC3=CC=C(F)C=C3)=O)CC2)=O)=CC=1,0.005786487460136413
COCC1=CC(C(N2CCN(C(C3SC(C)=CC=3)=O)CC2)=O)=CC=C1,0.008086578454822302
CC1SC(C(N2CCN(C(C3N=C4N(C=CC(=C4)C)C=3)=O)CC2)=O)=CC=1,0.005039526196196675
CC1SC(C(N2CCN(C(C3C4=C(C=CC=C4)NN=3)=O)CC2)=O)=CC=1,0.0044311316567473115
COC1=C(C)C=C(NC(CCNS(C2SC=CC=2)(=O)=O)=O)C=C1,0.0034420748823322357
COC1=C(C)C=C(NC(C2=C(NS(C)(=O)=O)C=CC=C2)=O)C=C1,0.004060463269706815
COC1=C(C)C=C(NC(C(NC(OC(C)(C)C)=O)C)=O)C=C1,0.005554996500723064
OC1=C(Cl)C=C(C(NC2=CC=C(CCN3CCOCC3)C=C2)=O)C=C1,0.0042146435007452965
O=C(NC1=CC=C(CCN2CCOCC2)C=C1)CNC(C1=CC=CC=C1)=O,0.006783179799094796
BrC1C=C(C(NC2=CC=C(CCN3CCOCC3)C=C2)=O)NC=1,0.005293644615449011
FC1=CC2=C(N=CN2)C(C(NC2=CC=C(CCN3CCOCC3)C=C2)=O)=C1,0.002567584504140541
CC(CCN1CCN(C(C2=CC=C(NC(CC3C(=O)N=C(N4CCCC4)S3)=O)C=C2)=O)CC1)(C)C,0.005922451615333557
CC(CCN1CCN(C(C2SC3N=C4N(C=3C=2)C=CS4)=O)CC1)(C)C,0.007143568270839751
CC(OC(N1CCN(C(C2CN(C(C3=C4C(C5=C(N4)CCCC5)=CC=C3)=O)CCC2)=O)CC1)=O)(C)C,0.00491261639399454
CC1=C(N(=O)=O)C(C(NCC2N=C3N(C=C(C=C3)Br)C=2)=O)=CC=C1,0.00392203222727403
BrC1=CN2C(=NC(=C2)CNC(COC2=CC3=C(CCC3)C=C2)=O)C=C1,0.008019028417766094
COC1=CC(O)=C(C(NCC2N=C3N(C=C(C=C3)Br)C=2)=O)C=C1,0.0033327329554595055
COCC1C2=C(C=CC=C2)OC=1C(NCC1N=C2N(C=C(C=C2)Br)C=1)=O,0.006441297894343734
BrC1=CN2C(=NC(=C2)CNC(C2OC3=C(C=CC=C3)C=2)=O)C=C1,0.006143586058169603
COC1=C(OC)C(C(NCC2N=C3N(C=C(C=C3)Br)C=2)=O)=CC=C1,0.0061332520330324766
BrC1=CN2C(=NC(=C2)CNC(C2=CC3=C(NN=N3)C=C2)=O)C=C1,0.0028714775806292893
OC1=C(CCC(NCC2N=C3N(C=C(C=C3)Br)C=2)=O)C=CC=C1,0.0033535869675688445
BrC1=CN2C(=NC(=C2)CNC(CC2=CC3=C(CCCC3)C=C2)=O)C=C1,0.008787678740918636
CS(CC1=CC(C(NCC2N=C3N(C=C(C=C3)Br)C=2)=O)=CC=C1)=O,0.0053377518430352214
CC1C(C(NCC2N=C3N(C=C(C=C3)Br)C=2)=O)OC2=C(C=CC=C2)O1,0.006118016340769828
FC1=CC=C(C2(C(NCC3N=C4N(C=C(C=C4)Br)C=3)=O)CC2)C=C1,0.005946838273666799
CC1=C(C(NCC2N=C3N(C=C(C=C3)Br)C=2)=O)C(C2=CC=C(F)C=C2)=NO1,0.005056867911480367
COCC1=C(C(NCC2N=C3N(C=C(C=C3)Br)C=2)=O)C=CC=C1,0.005660042096860707
FC(C1=C(OCC(NCC2N=C3N(C=C(C=C3)Br)C=2)=O)C=CC=C1)(F)F,0.004073744011111558
CC1C(C(NCCC(NCC2N=C3N(C=C(C=C3)Br)C=2)=O)=O)C1,0.005754138808697462
BrC1=CN2C(=NC(=C2)CNC(CCCNC(C2CC2)=O)=O)C=C1,0.005052001844160259
CC1=CC2=C(C=C(C(=N2)C)C(NCC2N=C3N(C=C(C=C3)Br)C=2)=O)C=C1,0.007015080633573234
CN(C1=NC=CC(C(NCC2N=C3N(C=C(C=C3)Br)C=2)=O)=C1)C,0.0045173107297159735
FC(SCC(NCC1N=C2N(C=C(C=C2)Br)C=1)=O)(F)F,0.002237617828359362
CC(S(C)(=O)=O)C(NCC1N=C2N(C=C(C=C2)Br)C=1)=O,0.0040286815026775
CC(COCCC(NCC1N=C2N(C=C(C=C2)Br)C=1)=O)C,0.00561735350638628
CCOCCCC(NCC1N=C2N(C=C(C=C2)Br)C=1)=O,0.004926064214669168
FC1=CC(C2=NOC(C(NCC3N=C4N(C=C(C=C4)Br)C=3)=O)=C2)=CC=C1,0.004320069693494588
CC(N1C(C2CC2)=CC(C(NCC2N=C3N(C=C(C=C3)Br)C=2)=O)=N1)(C)C,0.0068352596368640665
CC(C1N(C(C)(C)C)N=C(C(NCC2N=C3N(C=C(C=C3)Br)C=2)=O)C=1)C,0.007257145387120545
BrC1=CN2C(=NC(=C2)CNC(COC2CCCC2)=O)C=C1,0.007136029005050659
BrC1=CN2C(=NC(=C2)CNC(CSC2SC=NN=2)=O)C=C1,0.004684745497070253
SC1NC(=O)C2=C(C=C(C(NCCOC3=CC(Br)=CC=C3)=O)C=C2)N=1,0.0023495926172472535
CC1C(CC(N(CC2=C(F)C=CC=C2)CC=C)=O)=C(C)N2C(=NC(=N2)N)N=1,0.004073874698951841
CNS(C1=CN(C)C(C(N(CC2=C(F)C=CC=C2)CC=C)=O)=C1)(=O)=O,0.004124969418626279
FC1=C(CN(C(C2=CC(N3C(=O)NCC3)=CC=C2)=O)CC=C)C=CC=C1,0.0037115128128789366
CCN1C(=O)C2=C(C=C(C(N(CC3=C(F)C=CC=C3)CC=C)=O)C=C2)NC1=O,0.0036154748871922494
CCOC1=C(C(N2CCN(C(C3=C(C)OC=C3)=O)CC2)=O)C=CC=N1,0.007189984642900526
CC1=C(C(N2CCN(C(C3=CC4=C(OCCO4)C=C3)=O)CC2)=O)C=CO1,0.010575141897425056
CC1=C(C(N2CCN(C(C3=CC4=C(OCCCO4)C=C3)=O)CC2)=O)C=CO1,0.011298371059820057
CC1=C(C(N2CCN(C(C3SC4=C(C=CC=C4)C=3)=O)CC2)=O)C=CO1,0.007821379881352186
CC(CC(C1SC=CC=1)NC(CC(C1SC=CC=1)NC(N)=O)=O)C,0.005736828176304698
CC1=C(C(N2CCN(C(C3=CC=C(N4C=CC=C4)C=C3)=O)CC2)=O)C=CO1,0.009161753533408045
CC1=C(C(N2CCN(C(C3=C(F)C=C(Cl)C=C3)=O)CC2)=O)C=CO1,0.007983212685212493
CC1C(C(N2CCN(C(C3=C(C)OC=C3)=O)CC2)=O)OC2=C(C=CC=C2)O1,0.009921571612358094
CC1=C(C(N2CCN(C(C3=NN(C4=CC=CC=C4)C=C3)=O)CC2)=O)C=CO1,0.008081507473252713
CCC1C(C(C)=O)=C(C)NC=1C(N1CCN(C(C2=C(C)OC=C2)=O)CC1)=O,0.008866454707458615
CC(C(NCCCCN1C=NC=C1)=O)SCC1NC(=O)C2=C(SC(=C2C)C)N=1,0.0026104320888407527
FC(C1=CC(S(N2CCC(C(NCCCCN3C=NC=C3)=O)CC2)(=O)=O)=CC=C1)(F)F,0.002232795726740733
CC1=C(CCC(NCCCCN2C=NC=C2)=O)C(C)=C(C#N)C(=O)N1,0.002467153425095603
CC1=C(C(NCCCCN2C=NC=C2)=O)SC(C2=CC=C(Cl)C=C2)=N1,0.003926236124243587
COC1=CC=C(CCCNC(C2=CC3=C(C(NC(=N3)S)=O)C=C2)=O)C=C1,0.0024831657734466716
O=C(NC(C1=CC2=C(OCCO2)C=C1)C1CC1)CCNC1=NC=CC=N1,0.007583526172675192
CC1=C(C(NCC(NC(C2=CC3=C(OCCO3)C=C2)C2CC2)=O)=O)C=CO1,0.009632149990648032
CC(CC(C1SC=CC=1)NC(C(NC(C1OC=CC=1)=O)C)=O)C,0.010079856170341373
CC(CC(C1SC=CC=1)NC(CC1=C(C)N2C(=NC(=N2)N)N=C1C)=O)C,0.005074901855550706
CC(CC(C1SC=CC=1)NC(CN(C1CS(=O)(=O)CC1)C)=O)C,0.007850994006730616
COC(N1C2=C(C=C(C=C2)NC(C2=CC=C(C(F)(F)F)C=C2)=O)CC1)=O,0.005645764991641045
ClC1=C2C(OCCCO2)=CC(C(NC2=CC=C(N3C(=O)OCC3)C=C2)=O)=C1,0.005290801473893225
CC1=C(C)N=C2C(C=CC(C(NC3=CC=C(N4C(=O)OCC4)C=C3)=O)=C2)=N1,0.005095267109572888
CC(CCC(N1CCN(C(C2=C(N(=O)=O)C=C(Cl)C=C2)=O)CC1)=O)C,0.006698370934464038
CC(CCC(N1CCN(C(C2=CC(N3C(=O)NCC3)=CC=C2)=O)CC1)=O)C,0.005253776488825679
CC(CCC(N1CCN(C(C2=CC(NS(C3SC=CC=3)(=O)=O)=CC=C2)=O)CC1)=O)C,0.003825643239542842
ClC1=CC=C(CC(C2=CC=CC=C2)NC(CCCC[C@H]2[C@@H]3[C@@H](NC(N3)=O)CS2)=O)C=C1,0.004031387472059578
CC1=CC2N(C=C(N=2)CNC(CCNS(C2=CC=CC=C2)(=O)=O)=O)C=C1,0.0031891819555312393
CC1=CC2N(C=C(N=2)CNC(C2CCN(C3=C(N(=O)=O)C=CC=C3)CC2)=O)C=C1,0.0032658111536875366
COC1=C(N(=O)=O)C=C(C(NCC2N=C3N(C=CC(=C3)C)C=2)=O)C=C1,0.0036860289983451366
CC1=CC2N(C=C(N=2)CNC(COC2=CC=C(C(C)(C)C)C=C2)=O)C=C1,0.00694514827337116
CC1=CC2N(C=C(N=2)CNC(CC2=CC3=C(CCCC3)C=C2)=O)C=C1,0.007991681806743145
CC1=CC2N(C=C(N=2)CNC(C2OC(C3=CC=C(Cl)C=C3)=CC=2)=O)C=C1,0.004847389436326921
CC1=CC2N(C=C(N=2)CNC(CCCN2C(=O)C3=C(C=CC(=C3)Br)C2=O)=O)C=C1,0.002900714799761772
CC1=C(C(NCC2N=C3N(C=CC(=C3)C)C=2)=O)SC(C2=CC=C(F)C=C2)=N1,0.004127217805944383
CC1SC=C(C2C=C(C(NCC3N=C4N(C=CC(=C4)C)C=3)=O)NC=2)N=1,0.003242289810441434
CC1=CC2N(C=C(N=2)CNC(C2=C(C)N=C3C(C=CC(=C3)F)=C2)=O)C=C1,0.004481530992779881
CC1=CC2N(C=C(N=2)CNC(CC2C(=O)NC3=C(C=CC(C(F)(F)F)=C3)S2)=O)C=C1,0.002724390075309202
CC1=C(CC(NCC2N=C3N(C=CC(=C3)C)C=2)=O)C2=C(C=CC(=C2)C)N1,0.0042620594147592785
CC1=CC2N(C=C(N=2)CNC(COC2=C(Br)C3=C(C=CC=C3)C=C2)=O)C=C1,0.0064692487707361575
CC1=C(C(NCC2N=C3N(C=CC(=C3)C)C=2)=O)SC(CC2=CC=C(F)C=C2)=N1,0.004471106186974794
CC1N(C2SC=C(CC(NCC3N=C4N(C=CC(=C4)C)C=3)=O)N=2)C(C)=CC=1,0.006344943656586111
CC1N(CC(NCC2N=C3N(C=CC(=C3)C)C=2)=O)C2=C(C=CC=C2)C=1Br,0.006698368559591472
CC1=CC2N(C=C(N=2)CNC(C2C(=O)NC(C)=CC=2)=O)C=C1,0.0031515848357230427
CC1=CC2N(C=C(N=2)CNC(C2=C3C(C=C(C=C3)Br)=NC(C)=C2)=O)C=C1,0.00683941540773958
CC1=C(C)C=C(C2=NNC(NC(C3=NC=CN=C3)=O)=C2)C(C)=C1,0.0037472307798452676
CC1=C(C)C=C(C2=NNC(NC(C3=CN(C)N=C3)=O)=C2)C(C)=C1,0.004859741101972759
CC(C1=NNC(NC(C2=CC=C(F)C=C2)=O)=C1)(C)C,0.0035101294168271126
CC(C1=NNC(NC(CC2=C(F)C=CC=C2)=O)=C1)(C)C,0.003673551941756159
COC1=C(N(=O)=O)C=C(C(NC2NN=C(C(C)(C)C)C=2)=O)C=C1,0.0036615747143514455
CC1=C(NC(C2OC=CC=2)=O)C=C(C(NC2NN=C(C(C)(C)C)C=2)=O)C=C1,0.0059270580066367986
CC(C1=NNC(NC(CC2=C(N(=O)=O)C=CC=C2)=O)=C1)(C)C,0.003056271537207067
COC1=CC(CC(NC2NN=C(C(C)(C)C)C=2)=O)=CC=C1,0.004933741060085595
CC(C1=NNC(NC(CCC2=C(O)C=CC=C2)=O)=C1)(C)C,0.003060161927714944
CC(C1=NNC(NC(C2=CC3=C(OCCCO3)C=C2)=O)=C1)(C)C,0.005851938016712665
CC1=C(CCC(NC2NN=C(C(C)(C)C)C=2)=O)C(C)=C(C#N)C(=O)N1,0.0035438796679954977
CC1=CC=C(C2N(CC(NC3NN=C(C(C)(C)C)C=3)=O)C(=S)NN=2)C=C1,0.005255019944161177
CC(C1=NNC(NC(CC2C(=O)NC3=C(C=CC=C3)S2)=O)=C1)(C)C,0.004248415748588741
CC(C1=NNC(NC(C2=CC(NS(C)(=O)=O)=CC=C2)=O)=C1)(C)C,0.002179505303502083
CC(C1=NNC(NC(C2=CC(S(NCC#C)(=O)=O)=CC=C2)=O)=C1)(C)C,0.0017069480527425185
CC(C1=NNC(NC(C2=CC=C(S(NCC#C)(=O)=O)C=C2)=O)=C1)(C)C,0.0017054327385267244
COC1=CC=C(C2N=C(CCC(NC3NN=C(C(C)(C)C)C=3)=O)ON=2)C=C1,0.0051701338030397895
CC1=C2C(C(N(C=N2)CCC(NC2NN=C(C(C)(C)C)C=2)=O)=O)=CC=C1,0.0037640662281773984
CC(C1=NNC(NC(C2=CC=C(NS(C)(=O)=O)C=C2)=O)=C1)(C)C,0.0022054840053897353
CSC1=NN2C(N=C(C(=C2C)CC(NC2NN=C(C(C)(C)C)C=2)=O)C)=N1,0.0035911347600631415
CC(C1=NNC(NC(CC2N=C(C3OC=CC=3)SC=2)=O)=C1)(C)C,0.004333678248804063
CC(C1=NNC(NC(C2=CC(NC(C3OCCC3)=O)=CC=C2)=O)=C1)(C)C,0.004783325362950563
CC1=C(C(C(NC2NN=C(C(C)(C)C)C=2)=O)=O)C2=C(C=CC=C2)N1,0.007208581990562379
CC(COCCC(NC1NN=C(C(C)(C)C)C=1)=O)C,0.00527464987244457
CC(C1=NNC(NC(COCCOC2=CC=CC=C2)=O)=C1)(C)C,0.004722922015935183
CC1NC(=O)C(C(N2CCN(C3=NC=C(C#N)C=C3)CC2)=O)=CC=1,0.002595778414979577
CCOC1CCN(C(CCNS(C2=CC(Cl)=CC=C2)(=O)=O)=O)CC1,0.004347646597307175
O=C(C1=CN=CC=C1)NC1NN=C(C2OC3=C(C=CC=C3)C=2)C=1,0.003832165012136102
CCC(NC1NN=C(C2OC3=C(C=CC=C3)C=2)C=1)=O,0.003979987476486713
O=C(C1CC1)NC1NN=C(C2OC3=C(C=CC=C3)C=2)C=1,0.005032127420417964
COCCCC(NC1NN=C(C2OC3=C(C=CC=C3)C=2)C=1)=O,0.003572663967497647
COCCN1C(=O)C=CC(C(NC2NN=C(C3=C(Br)C=CC=C3)C=2)=O)=N1,0.004076836118474603
COC1=C(OCC2=C(C)ON=C2C)C=CC(C(NC2NN=C(C3=C(Br)C=CC=C3)C=2)=O)=C1,0.005641853180713951
BrC1=C(C2=NNC(NC(CCCN3C4=C(C=CC=C4)OC3=O)=O)=C2)C=CC=C1,0.00353966923430562
COC1=C(N(=O)=O)C=C(C(NC2NN=C(C3=C(Br)C=CC=C3)C=2)=O)C=C1,0.0037666521966457367
CN1C(CN2CCC(C(NC3NN=C(C4=C(Br)C=CC=C4)C=3)=O)CC2)=NC=C1,0.0034376034163869917
BrC1SC(C2=NNC(NC(C3OCCC3)=O)=C2)=CC=1,0.003779326705262065
BrC1SC(C2=NNC(NC(C3=NC=CN=C3)=O)=C2)=CC=1,0.002829647983890027
BrC1SC(C2=NNC(NC(CNC(C3CC3)=O)=O)=C2)=CC=1,0.004227316414471716
CN(C(C1CC1)=O)CCCCCC1NN=C(C2=CC(F)=CC=C2)C=1,0.00476571312174201
CN(C(C1=NC=CN=C1)=O)CCCCCC1NN=C(C2=CC(F)=CC=C2)C=1,0.004023789090570063
CN(C(C1=CN(C)N=C1)=O)CCCCCC1NN=C(C2=CC(F)=CC=C2)C=1,0.005014369520358742
CN(C(CCCC[C@H]1[C@@H]2[C@@H](NC(N2)=O)CS1)=O)CCCCCC1NN=C(C2=CC(F)=CC=C2)C=1,0.0025052809854969383
CN(C(C1C(C2=CC3=C(OCCO3)C=C2)=NNC=1)=O)CCCCCC1NN=C(C2=CC(F)=CC=C2)C=1,0.004020860407035798
CN(C(C1=CC=C(OCC2N(C)C=CN=2)C=C1)=O)CCCCCC1NN=C(C2=CC(F)=CC=C2)C=1,0.003611113259103149
CN(C(C1=NN(C(C)(C)C)C(C2CC2)=C1)=O)CCCCCC1NN=C(C2=CC(F)=CC=C2)C=1,0.005567220551893115
O=C(NC1NN=C(C2SC=CC=2)C=1)CCC1NC(=O)C2=C(C=CC=C2)N=1,0.0026123577961698176
O=C(NC1NN=C(C2SC=CC=2)C=1)CN1C(=O)C2=C(C=CC=C2)N=C1,0.0025030310440342872
O=N(C1=CC(C(NC2NN=C(C3SC=CC=3)C=2)=O)=CC=C1)=O,0.0017649669607635587
O=C(NC1NN=C(C2SC=CC=2)C=1)CCC(C1SC=CC=1)=O,0.005418697372078896
COC1=C(OC)C(OC)=CC(C(NC2NN=C(C3SC=CC=3)C=2)=O)=C1,0.0038536965497769416
COC1=C(OC)C(OC)=CC(CC(NC2NN=C(C3SC=CC=3)C=2)=O)=C1,0.00423652904573828
COC1=C(OC)C=C(CC(NC2NN=C(C3SC=CC=3)C=2)=O)C=C1,0.003878871176857501
COC1=C(N(=O)=O)C=C(C(NC2NN=C(C3SC=CC=3)C=2)=O)C=C1,0.002579891448840499
CN(S(C1=CC=C(C(NC2NN=C(C3SC=CC=3)C=2)=O)C=C1)(=O)=O)C,0.0019035312347114087
OC1=C(CCC(NC2NN=C(C3SC=CC=3)C=2)=O)C=CC=C1,0.0020926768658682702
CC(COCCC(NC1NN=C(C2SC=CC=2)C=1)=O)C,0.0032344020321033893
CC1C(CCC(NC2NN=C(C3SC=CC=3)C=2)=O)=C(C)N2C(=NC=N2)N=1,0.003106888884212822
FC1=CC(C(NC2NN=C(C3SC=CC=3)C=2)=O)=C(F)C=C1,0.002185027190716937
COCC1=CC(C(NC2NN=C(C3SC=CC=3)C=2)=O)=CC=C1,0.0030070860404521225
O=C(NC1NN=C(C2SC=CC=2)C=1)CNC(C1=CC2=C(OCO2)C=C1)=O,0.003347360121551901
CC(OC(NCCC(NC1NN=C(C2SC=CC=2)C=1)=O)=O)(C)C,0.002165257150772959
FC1=CC=C(C(NCC(NC2NN=C(C3SC=CC=3)C=2)=O)=O)C=C1,0.0024121523601934314
CS(NC1=CC(C(NC2NN=C(C3SC=CC=3)C=2)=O)=CC=C1)(=O)=O,0.0015985940874088556
CNS(C1=CC=C(C(NC2NN=C(C3SC=CC=3)C=2)=O)C=C1)(=O)=O,0.0017352698312606662
CC1C(CCC(NC2NN=C(C3SC=CC=3)C=2)=O)=C(C)N(C)N=1,0.003949253959581256
O=C(C1=CN=C(N2CCOCC2)C=C1)NC1NN=C(C2SC=CC=2)C=1,0.0024609756539575754
O=C(NC1NN=C(C2SC=CC=2)C=1)CCC1ON=C(C2=CC=NC=C2)N=1,0.0032772750477306546
CS(N1CCC(C(NC2NN=C(C3SC=CC=3)C=2)=O)CC1)(=O)=O,0.001714075356721878
O=C(NC1NN=C(C2SC=CC=2)C=1)CCC1ON=C(C2=CN=CC=C2)N=1,0.0032521790242753925
CC(C1N=C(CCCC(NC2NN=C(C3SC=CC=3)C=2)=O)ON=1)C,0.004215477197431028
O=C(C1CCN(S(CC2=CC=CC=C2)(=O)=O)CC1)NC1NN=C(C2SC=CC=2)C=1,0.002380406280281022
CC(C(NC1SC=C(CC(NC2NN=C(C3SC=CC=3)C=2)=O)N=1)=O)C,0.0036148673738352955
CC1C(CSCC(N2CCN(C3=NC=C(C#N)C=C3)CC2)=O)=C(C)ON=1,0.00437155538238585
COC1=CC=C(CCC(N2CCN(C3=NC=C(C#N)C=C3)CC2)=O)C=C1,0.005259403248783201
CCN1C2=C(C=C(C(N3CCN(C4=NC=C(C#N)C=C4)CC3)=O)C=C2)N=N1,0.0037856638082303107
O=C(N1CCN(C2=NC=C(C#N)C=C2)CC1)CN1C(=O)CSC1,0.0035617431509308516
CCCCN1C(=O)C=CC(C(N2CCN(C3=NC=C(C#N)C=C3)CC2)=O)=N1,0.004646803066134453
O=C(N1CCN(C2=NC=C(C#N)C=C2)CC1)CCCOC1=CC=CC=C1,0.0046002092771232125
COC1=C(OC)C=C(CC(N2CCN(C3=NC=C(C#N)C=C3)CC2)=O)C=C1,0.005471194663550704
CSC1=CC(C(N2CCN(C3=NC=C(C#N)C=C3)CC2)=O)=C(Cl)C=C1,0.0035891979350708425
FC(C1=CC(CC(N2CCN(C3=NC=C(C#N)C=C3)CC2)=O)=CC=C1)(F)F,0.0028017489530611783
COC1=C(OCCC(N2CCN(C3=NC=C(C#N)C=C3)CC2)=O)C=CC=C1,0.005805930914357304
OC1=NC=C(C(N2CCN(C3=NC=C(C#N)C=C3)CC2)=O)C=C1,0.003563420567661524
O=C(N1CCN(C2=NC=C(C#N)C=C2)CC1)COC1=CC2=C(C=CC=C2)C=C1,0.004826206108555197
O=C(C1=CC2=C(OCCCO2)C=C1)N1CCN(C2=NC=C(C#N)C=C2)CC1,0.0059355792822316285
CC(N1CC(C(N2CCN(C3=NC=C(C#N)C=C3)CC2)=O)CCC1)=O,0.004751963133458048
CN1C(=O)CCC(C(N2CCN(C3=NC=C(C#N)C=C3)CC2)=O)=N1,0.0036354401905555277
OC1=C(C(N2CCN(C3=NC=C(C#N)C=C3)CC2)=O)C=CC=N1,0.0034547162358649075
O=C(N1CCN(C2=NC=C(C#N)C=C2)CC1)C1CC(=O)N(C2CC2)C1,0.005571378185413778
CC(N1C(=O)CC(C(N2CCN(C3=NC=C(C#N)C=C3)CC2)=O)C1)C,0.00545706715201959
O=C(N1CCN(C2=NC=C(C#N)C=C2)CC1)C1OCCOC1,0.005203266441822052
CCOC1CCN(C(C2SC3=C(C(=NN3CC3=CC=C(F)C=C3)C)C=2)=O)CC1,0.006421701516956091
CCOC1CCN(C(C2CC(=O)N(C3=C(OC)C=CC=C3)C2)=O)CC1,0.009985628281719982
CCOC1CCN(C(CN2C(=O)C3=C(N=CN3C)N(C)C2=O)=O)CC1,0.004929206753149629
CCOC1CCN(C(C2=CC=C(CNC(N)=O)C=C2)=O)CC1,0.004071213200222701
CCOC1CCN(C(C2CCC(=O)N(C3=CC=CC=C3)N=2)=O)CC1,0.00640252809971571
CCOC1CCN(C(C2=CC(OCC)=C(OCC)C(OCC)=C2)=O)CC1,0.013010563561692834
CCOC1CCN(C([C@H]2N(S(C3=CC=C(C)C=C3)(=O)=O)CCC2)=O)CC1,0.006850492232479155
CCOC1CCN(C(C2=C3C(C=CC=C3)=NC(C3=CC=NC=C3)=C2)=O)CC1,0.008318638848140835
CCOC1CCN(C(CN2C(=O)C(C3CC3)(C)NC2=O)=O)CC1,0.0025512757652904837
CCOC1CCN(C(CN2C(=O)C3=C(C=CC=C3)N=N2)=O)CC1,0.00473944959230721
CCOC1CCN(C(CCN2C(=O)C3=C(C=CC=C3)N=N2)=O)CC1,0.005114653753116727
CCOC1CCN(C(CC2C(=O)NC3=C(C=CC(C(F)(F)F)=C3)S2)=O)CC1,0.00436457663308829
CCOC1CCN(C(CCC2C(=O)NC(=O)NC=2C)=O)CC1,0.003380033990833908
CCOC1CCN(C(CN2C3=C(C=CC=C3)C(=O)NC2=O)=O)CC1,0.003122804593294859
CCOC1CCN(C(CCN2C(=O)C3=C(SC(=C3C)C)N=C2)=O)CC1,0.006161374622024596
CCOC1CCN(C(C2=CC3=C(N(C(N(C3=O)C)=O)C)N=C2)=O)CC1,0.0061458978336304424
CCOC1CCN(C(COC2=CC3=C(NC(CC3)=O)C=C2)=O)CC1,0.007134008966386318
CCOC1CCN(C(C2=C(C)C3=C(N=C(C(C)(C)C)N=C3C)S2)=O)CC1,0.008418258978053927
CN1CC(NC(C2=C3C(C=CC=C3)=NC(C3=CC=NC=C3)=C2)=O)CCC1,0.007096589589491486
CC1CN(S(C2=C(Cl)C=CC(C(NC3=NN(CC(N)=O)C=C3)=O)=C2)(=O)=O)CCC1,0.00350145265692845
CCOC1CCN(C(C2NC3=C(C=C(C=C3OC)OC)C=2)=O)CC1,0.00497500232886523
CCOC1CCN(C(C2CC(=O)N(C3=CC=C(OC)C=C3)C2)=O)CC1,0.010174055164679886
CCOC1CCN(C(CN2C(=O)C3=C(C=CC=C3)NC2=O)=O)CC1,0.003139790811110288
CCOC1CCN(C(C2C(=O)NC(C3=CC(C)=CC=C3)=CC=2)=O)CC1,0.004879644536413252
CCCC(N1CCN(C(C2=CC=C(OC3=CC=CC=C3)C=C2)=O)CCC1)=O,0.01001914576627314
COC1=CC=C(CCCN(C(C2C(=O)NC(C)=CC=2)=O)C)C=C1,0.0059308321215212345
CCCCOC1=CC(C)=C(NC(C2=CC=C(CNC(N)=O)C=C2)=O)C=C1,0.0047207683906890455
CCCCOC1=CC(C)=C(NC(CCN2C(=O)CCC2=O)=O)C=C1,0.003467106877360493
CCCCOC1=CC(C)=C(NC(CCC2C(=O)NC(=O)NC=2C)=O)C=C1,0.003694598749279976
CCCCOC1=CC(C)=C(NC(C2CCN(S(C)(=O)=O)CC2)=O)C=C1,0.005102291516959667
COCCOC1=C(Cl)C=C(NC(CCN2C(=O)CCC2=O)=O)C=C1,0.002866157388780266
COCCOC1=C(Cl)C=C(NC(C(N2N=CN=C2)C)=O)C=C1,0.004361035535112023
CC(COC1=C(CNC(CCN2C(=O)CCC2=O)=O)C=CC=C1)C,0.004246559250168503
O=C(C1=CC=C(N2C(=O)CCC2)C=C1)NCC1=C2C(OCO2)=CC=C1,0.007241968507878482
O=C(NCC1=C2C(OCO2)=CC=C1)CCNS(C1=CC=CC=C1)(=O)=O,0.0053567027673125265
O=C(C1CC(=O)N(C2CCCC2)C1)NCC1=C2C(OCO2)=CC=C1,0.010517278732731939
CC1SC=C(C2C=C(C(NCC3=C4C(OCO4)=CC=C3)=O)NC=2)N=1,0.00378817847231403
O=C(C1C(=O)NC(C2=CC=CC=C2)=CC=1)NCC1=C2C(OCO2)=CC=C1,0.00467564903665334
CC1NC(=O)C(C(NCC2=C3C(OCO3)=CC=C2)=O)=CC=1,0.004526120866648853
FC1=C(C(NCCNC(C2=CC3=C(SCCC(N3)=O)C=C2)=O)=O)C=CC=C1,0.004496497404761613
FC1=C(C(NCCNC(C2=CC(Br)=CC=C2)=O)=O)C=CC=C1,0.00618266542442143
CC1C2=C(CCCC2=O)NC=1C(NCCNC(C1=C(F)C=CC=C1)=O)=O,0.006637885118834674
FC1=C(C(NCCNC(CCNS(C=CC2=CC=CC=C2)(=O)=O)=O)=O)C=CC=C1,0.0035953244427219034
CC(CN1C(=O)CC(C(NCCNC(C2=C(F)C=CC=C2)=O)=O)C1)C,0.005900433263741433
CC(N1C(=O)CC(C(NCCNC(C2=C(F)C=CC=C2)=O)=O)C1)C,0.00576571929268539
FC1=C(C(NCCNC(C2CC(=O)N(CC3CC3)C2)=O)=O)C=CC=C1,0.00692779088858515
CC(C1SC(C(NCCNC(C2=C(F)C=CC=C2)=O)=O)=C(C)N=1)C,0.005341362627223134
FC1=C(C(NCCNC(C2=CC=C(N3C(=O)OCC3)C=C2)=O)=O)C=CC=C1,0.004349017492495477
CC1=C(C(NCCNC(C2=C(F)C=CC=C2)=O)=O)SC=N1,0.004403820249717682
O=N(C1C(C(NCCNC(C2=C(F)C=CC=C2)=O)=O)C1)=O,0.004756821319460869
CC(SC1=C(C(NCCNC(C2=C(F)C=CC=C2)=O)=O)C=CC=N1)C,0.004709601658396423
CC(NC(C1C(=O)NC(C)=CC=1)=O)COC1=CC=C(F)C=C1,0.004272056254558265
COC1=C(CC(NC(COC2=CC(F)=CC=C2)C)=O)C=CC=C1,0.006428304431028664
CC(NC(CN1C(=O)CSC1)=O)COC1=CC(F)=CC=C1,0.004977468913421035
CC(NC(C1=C(N(=O)=O)C=CC=C1)=O)COC1=CC(F)=CC=C1,0.005508478009141981
CC(NC(C1SC(Cl)=CC=1)=O)COC1=CC(F)=CC=C1,0.004774388333316892
CC(NC(C1=CC2=C(C(NC(=N2)S)=O)C=C1)=O)COC1=CC(F)=CC=C1,0.0024196124548325317
CC(NC(C1C(=O)NC(C)=CC=1)=O)COC1=CC(F)=CC=C1,0.004091703554149717
CCOC(NC1=C(C)C(NC(C2=C(C(C)C)ON=C2C)=O)=CC=C1)=O,0.0071973993442952635
CC(NC(C1=CC(Cl)=C2C(OCO2)=C1)=O)CC1=CSC=C1,0.007328370283357799
CC(NC(CCC1C(C)=C(C#N)C(=O)NC=1C)=O)CC1=CSC=C1,0.004128458630293608
COC1=C(S(N2CCOCC2)(=O)=O)C=C(C(NCC2(N(C)C)CC(C)CCC2)=O)C=C1,0.007320149033330381
CC(NC(CCNS(C1=CC=C(F)C=C1)(=O)=O)=O)CC1=CSC=C1,0.0038972902693785727
CC(NC(C1C(=O)NC(C2=CC=CC=C2)=CC=1)=O)CC1=CSC=C1,0.004891969379968941
CC(NC(C1C(=O)NC(C)=CC=1)=O)CC1=CSC=C1,0.004784009489230812
CC(N1C=NC=C1)C(NC1=C(F)C=CC(N2S(=O)(=O)CCC2)=C1)=O,0.002851370337884873
O=C(N1CCN(S(C2C3=C(N=CC=C3)NC=2)(=O)=O)CC1)CCN1C2=C(C=CC=C2)C=C1,0.0030835497309453785
CC1CC(N(C)C)(CNC(C2=CC(N(=O)=O)=C(NC3CC3)C=C2)=O)CCC1,0.009064593911170959
CC1CC(N(C)C)(CNC(C2=CC3=C(N(S(C)(=O)=O)CC3)C=C2)=O)CCC1,0.007660910231061279
CC1CC(N(C)C)(CNC(C2CCN(S(C3=C(C)ON=C3C)(=O)=O)CC2)=O)CCC1,0.008254210907034576
CC1CC(N(C)C)(CNC(C2=CC=C(S(NC3CC3)(=O)=O)C=C2)=O)CCC1,0.008750316733494402
CC1CC(N(C)C)(CNC(CCNC2=C(N(=O)=O)C=CC=C2)=O)CCC1,0.008096165745519102
CN1CC(NC(C2=CC3C(=NOC=3C3=CC=CC=C3)C=C2)=O)CCC1,0.007646725792437792
CN1CC(NC(C2=CC(NC(C3OCCC3)=O)=CC=C2)=O)CCC1,0.007639954751357436
CN1CC(NC(C2C(=O)NC(C)=CC=2)=O)CCC1,0.00469922503689304
CN(C(CCC1C(C)=C(C#N)C(=O)NC=1C)=O)CC1=COC=C1,0.004651000513695181
CN(C(C1C(=O)NC(C2=CC(C)=CC=C2)=CC=1)=O)CC1=COC=C1,0.005815233709290624
CN(C(C1C(=O)NC(C2=CC=CC=C2)=CC=1)=O)CC1=COC=C1,0.005491701397113502
CN(C(C1C(=O)NC(C)=CC=1)=O)CC1=COC=C1,0.00606471411883831
CN(C(CC1C(=O)NC(C2=NC=CC=C2)=NC=1C)=O)CC1=COC=C1,0.0049406503792852165
CC(N1N=CN=C1)C(NCC1(C2=CC=C(Br)C=C2)CCC1)=O,0.009718290809541941
BrC1=CC(C2(CCC2)CNC(C2=NNC(=O)C=C2)=O)=CC=C1,0.006268637487664819
BrC1=CC(C2(CCC2)CNC(CN2C(=O)CSC2)=O)=CC=C1,0.009458611952140927
CS(C1=CC=C(C(NCC2(C3=CC(Br)=CC=C3)CCC2)=O)C=C1)(=O)=O,0.009200337389484049
NC1=C(C(NCC2(C3=CC(Br)=CC=C3)CCC2)=O)N=CC=N1,0.00733771591912955
BrC1=CC(C2(CCC2)CNC(C2=CC=NC=C2)=O)=CC=C1,0.011609184788540006
COC1=C(C(NCC2(C3=CC(Br)=CC=C3)CCC2)=O)C=CC=C1,0.012267425330355764
CN1C(=O)C=CC(C(NCC2(C3=CC(Br)=CC=C3)CCC2)=O)=N1,0.01069399998523295
BrC1=CC(C2(CCC2)CNC(C2CC2)=O)=CC=C1,0.018108379561454058
COCC(NCC1(C2=CC(Br)=CC=C2)CCC1)=O,0.013309518853202463
BrC1=CC(C2(CCC2)CNC(CN2C3=C(C=CC=C3)N=N2)=O)=CC=C1,0.008043471327982842
CN1C2=C(C=CC=C2)N(CC(NCC2(C3=CC(Br)=CC=C3)CCC2)=O)C1=O,0.006941320421174168
CC(N1N=CN=C1)C(NCC1(C2=CC(Br)=CC=C2)CCC1)=O,0.009511424694210291
BrC1=CC(C2(CCC2)CNC(C2N=C(C3=NC=CC=N3)SC=2)=O)=CC=C1,0.007674671080894768
COCCCNC(C1CCN(C(CSC2=CC=C(C)C=C2)=O)CC1)=O,0.0067590107442811135
COCCCNC(C1CCN(C(CC2=C3C(C=CC=C3)=CC=C2)=O)CC1)=O,0.006607875949703157
COCCCNC(C1CCN(C(COC2=CC(C)=CC=C2)=O)CC1)=O,0.00720041231252253
COCCCNC(C1CCN(C(C2C(C)(C)C2/C=C(\C)/C)=O)CC1)=O,0.010422905581071973
O=C(N1CCN(S(C2C3=C(N=CC=C3)NC=2)(=O)=O)CC1)C1CC=CCC1,0.0033957536332309248
CCCCC(N1CCN(S(C2C3=C(N=CC=C3)NC=2)(=O)=O)CC1)=O,0.0024465339840389786
CCCC(N1CCN(S(C2C3=C(N=CC=C3)NC=2)(=O)=O)CC1)=O,0.0022182460874319077
CCC(N1CCN(S(C2C3=C(N=CC=C3)NC=2)(=O)=O)CC1)=O,0.002060936304042116
O=C(N1CCN(S(C2C3=C(N=CC=C3)NC=2)(=O)=O)CC1)C1CC1,0.002612332266289741
O=C(C1=CC=CC=C1)N1CCN(S(C2C3=C(N=CC=C3)NC=2)(=O)=O)CC1,0.0023671813774853944
CC(CC(N1CCN(S(C2C3=C(N=CC=C3)NC=2)(=O)=O)CC1)=O)C,0.0025356350990477948
O=C(N1CCN(S(C2C3=C(N=CC=C3)NC=2)(=O)=O)CC1)C1CCCCC1,0.003287257021293044
O=C(N1CCN(S(C2C3=C(N=CC=C3)NC=2)(=O)=O)CC1)C1CCC1,0.002730831888038665
O=C(N1CCN(S(C2C3=C(N=CC=C3)NC=2)(=O)=O)CC1)C1CCCC1,0.0030108937178738417
O=C(N1CCN(S(C2C3=C(N=CC=C3)NC=2)(=O)=O)CC1)C(C1=CC=CC=C1)C1=CC=CC=C1,0.0032273618620820344
O=C(C1SC=CC=1)N1CCN(S(C2C3=C(N=CC=C3)NC=2)(=O)=O)CC1,0.0020071636012289674
CC(CC(N1CCN(S(C2C3=C(N=CC=C3)NC=2)(=O)=O)CC1)=O)(C)C,0.0029312429600395263
O=C(N1CCN(S(C2C3=C(N=CC=C3)NC=2)(=O)=O)CC1)CC1C=CCC1,0.003501141630113125
CC1N(CC(N2CCN(S(C3C4=C(N=CC=C4)NC=3)(=O)=O)CC2)=O)C2=C(C=CC=C2)C=1,0.003113376011606306
CSCC(N1CCN(S(C2C3=C(N=CC=C3)NC=2)(=O)=O)CC1)=O,0.0019383888808079063
CCC(C(N1CCN(S(C2C3=C(N=CC=C3)NC=2)(=O)=O)CC1)=O)C,0.002686037356033921
CCCCCC(N1CCN(S(C2C3=C(N=CC=C3)NC=2)(=O)=O)CC1)=O,0.0025391530944034457
CC1=C(C(N2CCN(S(C3C4=C(N=CC=C4)NC=3)(=O)=O)CC2)=O)SC=N1,0.002395926264580339
CN(C(C1C(=O)NC(C2=CC(C)=CC=C2)=CC=1)=O)CC1OCCCC1,0.0063288985984399915
CN(C(C1C(=O)NC(C2=CC=CC=C2)=CC=1)=O)CC1OCCCC1,0.005985539336688816
CN(C(C1C(=O)NC(C)=CC=1)=O)CC1OCCCC1,0.006908833421766758
CS(NC1=C2C(CN(C(CSCC3=CC=C(C#N)C=C3)=O)CC2)=CC=C1)(=O)=O,0.0035969984950497747
CCC1C2=C(N=CC(C(O)=O)=C2)ON=1,0.006146514811553061
CC1C2=C(N=CC(C(NC3=CC=C(OC4=NC=CN=C4)C=C3)=O)=C2)ON=1,0.004979094164445997
CC(C1=CC(C(F)(F)F)=CC=C1)N(C(C1=CC2=C(ON=C2C)N=C1)=O)C1CC1,0.007798476843163371
NC1=CC=C(C2ON=CN=2)C=C1,0.006767967133782804
CCOC(C(CCCN(CC1=CC=CC=C1)CC1=CC=CC=C1)=C)=O,0.014846004219725728
OC(C1(NC=O)CCCC1)=O,0.008248711517080665
CC1N(C2=CC(N(=O)=O)=CC=C2)C(=O)NC=1,0.001548322371672839
C[C@@H](C(N1CCCCC1)=O)N,0.01274842363782227
C[C@@H](C(N1CCCCC1)=O)N.Cl,0.011427797144278884
CC(C(C(NC(C(O)=O)CC1=CC=CC=C1)=O)N)C,0.007868389412760735
Cl.CC(C(C(NC(C(O)=O)CC1=CC=CC=C1)=O)N)C,0.007751773088239133
CN(S(C1SC(C(O)=O)=C(C)C=1)(=O)=O)C1=CC=C(C(C)(C)C)C=C1,0.004842862114310264
CC(C1=CC=C(C)C=C1)NC(C(NC1=CN=C(N(C)C)C=C1)=O)=O,0.005728252185508609
CC1=C(CC(N)=O)C(=O)NC(C2=NC=CC=C2)=N1,0.003660109615884721
CCCCCCCN(C(C(NC1=C(OC)C=C(OC)C=C1)=O)=O)CCCO,0.005716819828376174
CSCCNC(CC1C(=O)NC(C2=NC=CC=C2)=NC=1C)=O,0.002652174484683201
CCN1C2=C(C=C(S(N3CCOCC3)(=O)=O)C=C2)N=C1CCC(NC1=NN(CC(N)=O)C=C1)=O,0.0029860654845833778
CCN1CC(NC(C2=CC(OCC3=CC=C(F)C=C3)=CC=C2)=O)CCC1,0.0064335617702454325
CCN1CC(NC(C2=C(C(F)(F)F)N(C3=CC(Cl)=CC=C3)N=C2)=O)CCC1,0.004410090460442007
CCN1CC(NC(C2=C3C(C=CC=N3)=C3C(C=CC=C3)=C2)=O)CCC1,0.008137673721648753
CCN1CC(NC(CCC2=CC=C(C(C)C)C=C2)=O)CCC1,0.01161441202275455
CCN1CC(NC(CCC2SC(Cl)=CC=2)=O)CCC1,0.0068373869638890025
CCN1CC(NC(C2C(=O)NC(C)=CC=2)=O)CCC1,0.00531839260365814
CC1=C(C2=CC=CC=C2)N=C(CNC(C2C(=O)NC(C)=CC=2)=O)S1,0.0039691205602139235
CC1=C(C)OC(CNC(C(NC(C2=CC=C(Cl)C=C2)=O)CC2=CC=CC=C2)=O)=N1,0.005029178643599153
COC(CC1CCN(C(C2=C3C(N(C(C)C)N=C3)=NC(C3=C(C)C=CC=C3)=C2)=O)CC1)=O,0.008468424598686398
COC(CC1CCN(C(CCN2C(=O)C3=C(SC(=C3C)C)N=C2)=O)CC1)=O,0.006215605745092034
COC(CC1CCN(C(C2=C(SC3=CC(C)=C(C)C=C3)N=CC=C2)=O)CC1)=O,0.009220613026991486
COC(CC1CCN(C(CCCC2ON=C(C3=CC=C(F)C=C3)N=2)=O)CC1)=O,0.00639891296159476
CCOC1=C(OCC(N2CCC(C(O)=O)CC2)=O)C=C(N(=O)=O)C=C1,0.005370471836067736
CC1=NC2=C(C(=C(C(N3CCN(CC4SC(Cl)=CC=4)CC3)=O)S2)N)C(C)=N1,0.0037598809925839306
CC1C2=C(CN3C(C2=O)CCCC3)SC=1Cl,0.016267923545092343
ClC1SC2=C(C(C3N(C2)CCCC3)=O)C=1,0.015763107035309077
CC1C2=C(N=CC(C(N3CCN(C(NC4CCCCC4)=O)CC3)=O)=C2)ON=1,0.005641991412267089
CC1C2=C(N=CC(C(NC3=CC(Cl)=C(C(NC4CC4)=O)C=C3)=O)=C2)ON=1,0.0060651763807982205
CC1OC(C)CN(C2=C(F)C=C(CNC(C3=CC4=C(ON=C4C)N=C3)=O)C=C2)C1,0.005649132700636983
CC1C2=C(N=CC(C(NC3=CC=C(C(N4CCCCCC4)=O)C=C3)=O)=C2)ON=1,0.007384929852560162
CC1C2=C(N=CC(C(N3CCC(N4C(=O)NCC4)CC3)=O)=C2)ON=1,0.00406773037975654
CC1C2=C(N=CC(C(NC3=CC=C(CCN4CCOCC4)C=C3)=O)=C2)ON=1,0.006427122000604868
CC1C2=C(N=CC(C(NC3=CC(OCCN4N=CC=C4)=CC=C3)=O)=C2)ON=1,0.005305296345613897
CN(C(C1=CC2=C(ON=C2C)N=C1)=O)C(C1=NC=CC=C1)C1=CC=CC=C1,0.010475775180384516
CC1C2=C(N=CC(C(NC3=CC=C(SC4SC=NN=4)C=C3)=O)=C2)ON=1,0.006155586824752391
CC1C2=C(N=CC(C(N3C4=C(C(=CC=C4)NC(C4=CC=C(F)C=C4)=O)CCC3)=O)=C2)ON=1,0.006025222083553672
CN(C1=CC(C(F)(F)F)=C(NC(C2=CC3=C(ON=C3C)N=C2)=O)C=C1)C,0.004323961643967778
CCOC(CN(C(C1=CC2=C(ON=C2C)N=C1)=O)CC(C)C)=O,0.00937527883797884
COC(CN(C(C1=CC2=C(ON=C2C)N=C1)=O)CC1=C(Cl)C=CC=C1)=O,0.006891117314808071
CCOC(CN(C1=CC=C(F)C=C1)C(C1=CC2=C(ON=C2C)N=C1)=O)=O,0.006615776545368135
CCN(C1=CC=C(S(C(F)(F)F)(=O)=O)C=C1)CCO,0.0013433616350084776
CN(S(C1SC=C(C(O)=O)C=1)(=O)=O)C1=CC=C(C(C)(C)C)C=C1,0.004524766490794719
CC(NC1(C(NCC2=CC3=C(OCO3)C=C2)=O)CCCCC1)=O,0.00971871092915535
CCCNC(NC(C(NC1=CC=C(OC)C=C1)=O)(C)C)=O,0.0047655356931500135
CCCNC(NC(C(NC1=CC=C(CC)C=C1)=O)(C)C)=O,0.005297196528408677
CN(S(C1=CC(NC(CN2C3=C(C=CC=C3)C=C2)=O)=C(C)C=C1)(=O)=O)C,0.00433054284658283
CN1CCN(C2=CC=C(NC(C(N3CCC(CCC4=CC=C(O)C=C4)CC3)=O)=O)C=C2)CC1,0.004487919097300619
COC1=CC(C2N(C(C(NC3=CN=CC=C3)=O)=O)CCC2)=CC=C1,0.00691578104160726
CC(C1=CC=C(C)C=C1)NC(C(NC1=CC2=C(C=CC=C2)N=C1)=O)=O,0.006581840896978974
CCOCCNC(C(NC1=CC=C(C(N)=O)C=C1)=O)=O,0.00455999153200537
CC(C(N1CCN(C(C(NC2=CC=C(NC(C3OC=CC=3)=O)C=C2)=O)=O)CC1)=O)(C)C,0.007808625395409763
CCN(C1=CC(F)=C(F)C=C1)C(C(NC1CCN(CC2=CC=C(F)C=C2)CC1)=O)=O,0.005764504009857774
CN(CCOC1=CC(CNC(C(NC2=CC(NC(C3OC=CC=3)=O)=CC=C2)=O)=O)=CC=C1)C,0.007618263619951904
CC1=CC(C)=C(CNC(C(NC2=CC3=C(N=CC=C3)C=C2)=O)=O)C=C1,0.005594168230891228
CC1=CC(C)=C(CNC(C(NC2=CC3=C(C=CC=C3)N=C2)=O)=O)C=C1,0.006095017655752599
CC(C1=CC=C(C(C)(C)C)C=C1)NC(C(NC1=CC2=C(C=CC=C2)N=C1)=O)=O,0.00836629569530487
CCOC1=CC(NC(C(N(CCC2=CC=CC=C2)CCN(C)C)=O)=O)=C(OCC)C=C1,0.009592980658635498
COCCOC1=CC(CNC(C(NC2=CC(S(N(C)C)(=O)=O)=C(Cl)C=C2)=O)=O)=CC=C1,0.0037180331302806733
CCC1=C(NC(CN(C(C2=C(N)C(N(=O)=O)=CC(F)=C2)=O)C)=O)C=CC=C1,0.0038601133623160423
CCN(C1=CC=C(CNC(C(NC2=C(N3CCN(CC)CC3)C=CC=C2)=O)=O)C=C1)CC,0.008641511690802873
CC1(OCCN(C(C(NC2SC=C(C3=CC=CC=C3)N=2)=O)=O)C1)C,0.004952837922610342
CC1=C(CC(NC2CC3=C(C=CC=C3)CC2)=O)C(=O)NC(C2=NC=CC=C2)=N1,0.005095288692973554
CC(C1=CC2=C(OCCO2)C=C1)NC(C1(NC(C)=O)CCCCC1)=O,0.010569215193390847
CC1ON=C(NC(C(N2C(CCC3=CC=CC=C3)CCC2)=O)=O)C=1,0.007743315421976149
CC(C1=CC(NS(C)(=O)=O)=CC=C1)NC(C(NC1=CC(NC(C2OC=CC=2)=O)=CC=C1)=O)=O,0.0054916806751862165
CC(NC1(C(NCCOC2=CC=C(C(C)(C)C)C=C2)=O)CCCCC1)=O,0.010178124904632569
CCCNC(C(NC(C1=C(NC(C2=C(C)OC=C2)=O)C(C)=CC=C1)=O)C)=O,0.009265973302535712
CC(NC1(C(NCCC2=CC=C(OC(F)F)C=C2)=O)CCCCC1)=O,0.006166714220307767
COC1=CC(OC)=C(NC(C(NCC2=NC(C)=CC=C2)=O)=O)C=C1,0.006039900844916702
CC(C(NC1=CC(C2SCCS2)=CC=C1)=O)SC1N(C2CC2)N=NN=1,0.006253196485340595
COC1=CC(C(NC(C(NC(C2CCCCC2)=O)C)=O)C)=C(OC)C=C1,0.011646097153425216
CC(NC1(C(NCC(NC(C)(C)C)=O)=O)CCCCC1)=O,0.011128148017451166
CC(C1=C(C)N=C(C)S1)NC(C(NC1=CC2=C(OC(O2)(F)F)C=C1)=O)=O,0.00503980708308518
NC1=C(N(=O)=O)C=C(F)C=C1C(N1CCN(C2=CC=NC=C2)CC1)=O,0.002638352150097489
O=C(NS(C1=CC2=C(OCCO2)C=C1)(=O)=O)CN1C2=C(C=CC=C2)C=C1,0.004870729648973793
COC(C(NS(C1=CC=C(C(C)=O)C=C1)(=O)=O)=O)C,0.008805458690039814
CCCCSC(C(NS(C1=CC=C(C#N)C=C1)(=O)=O)=O)C,0.00334591930732131
CC1SC(S(NC(CCOCC2=CC=CC=C2)=O)(=O)=O)=CC=1,0.004155638290103525
CCCC(N1C(C(NS(C2SC(C)=CC=2)(=O)=O)=O)CCC1)=O,0.003963855584152043
CCCCSC(C(NS(C1SC(C)=CC=1)(=O)=O)=O)C,0.003777435701340437
COC(COC1=CC(C(NS(C2=CN=CC=C2)(=O)=O)=O)=CC=C1)=O,0.004244419001042843
CC1N=C(C(C(CCCOC2=CC(F)=CC=C2)=O)C#N)SC=1,0.006519369401758013
CCCCSC(C(NS(C1=CC(C#N)=CC=C1)(=O)=O)=O)C,0.003239683748688549
NC(C1=CC(OCC(NS(C2=CC3=C(CCC3)C=C2)(=O)=O)=O)=CC=C1)=O,0.006641981704160571
CC(NC1(C(NCC2C(=O)NC(C)=CC=2C)=O)CCCCC1)=O,0.006239376729354262
CN(S(C1=CC2=C(OCCO2)C=C1)(=O)=O)C(C1=C(C)OC=C1)=O,0.007389647676609457
CC1(OC2=C(C=CC=C2OC(C2=CC=C(C3OC=NC=3)C=C2)=O)C1)C,0.008161837374791503
CC1=C(N(=O)=O)C(OC(C2N(CC3SC=CC=3)C=CC=2)=O)=CC=C1,0.005012771487236023
O=C(C1=CC=C(C2OC=NC=2)C=C1)OC1=C(C2=CC=CC=C2)C=CC=C1,0.00725689975079149
COC1=C(OC(COC2=CC(C(N)=O)=CC=C2)=O)C=CC(C#N)=C1,0.00621814988553524
CCN(S(C1=CC=C(C)C=C1)(=O)=O)C(CCNC(C1=CSC=C1)=O)=O,0.005779131501913071
CCN(S(C1=CC=C(C)C=C1)(=O)=O)C(C1=C(C)N(C2=CC(C(F)(F)F)=CC=C2)N=C1)=O,0.005309126898646354
CC(OC1=CC=C(NS(CC(NC2=NN(C)C=C2)=O)(=O)=O)C=C1)C,0.004718604637309909
O=C(C1COC2=C(C=CC=C2)C=1)N1S(=O)(=O)CCC1,0.005995058757252991
COC1=C(C)C=CC(C(N2S(=O)(=O)CCC2)=O)=C1,0.006199662107974291
CC(C(N1S(=O)(=O)CCC1)=O)OC1=CC=C(C#N)C=C1,0.00559809182304889
CCOC1=CC=C(C=CC(N2S(=O)(=O)CCC2)=O)C=C1,0.006080102594569326
CCOC1=C(OC)C=C(C(N2S(=O)(=O)CCC2)=O)C=C1,0.006775650754570961
COC1=C(OC)C(Cl)=CC(C(N2S(=O)(=O)CCC2)=O)=C1,0.007528287312015891
O=C(N1S(=O)(=O)CCC1)C1CC(=O)N(CC2=CC=CC=C2)C1,0.007175893685780465
O=C(C1=CC2=C(SCC(N2)=O)C=C1)N1S(=O)(=O)CCC1,0.003945583163294941
CC1=C(NC(C2OC=CC=2)=O)C=C(C(N2S(=O)(=O)CCC2)=O)C=C1,0.005609847535379231
COC1=C(OC(C)C)C=CC(C(N2S(=O)(=O)CCC2)=O)=C1,0.007387034501880408
COC1=CC=C(C(N2S(=O)(=O)CCC2)=O)C=C1,0.006294344994239509
COC1=C(OC)C=C(C(N2S(=O)(=O)CCC2)=O)C=C1,0.007272876380011439
CC(C(C(C(C1=NC=CC=C1)C#N)=O)OC1=C(C#N)C=CC=C1)C,0.01245663080480881
CC(C(NCCCOC1=CC=CC=C1)=O)SC1N(C2CC2)N=NN=1,0.005548621201887727
CC(NC(C(C(C1N(C(C(C)C)=O)CCC1)=O)C#N)=O)C,0.011223913054914192
CCCC(N1C(C(C(C(NC(C)C)=O)C#N)=O)CCC1)=O,0.01018810599034623
CCCC(N1CC(C(C(C(NC(C)C)=O)C#N)=O)CCC1)=O,0.008331884975041249
CC(NC1(C(NC2CCN(C(C3=CC=CC=C3)=O)CC2)=O)CCCCC1)=O,0.008576732873916627
CCN1C2=C(C=CC=C2)C=C1C(NC1=C(OC)C=CC(S(N)(=O)=O)=C1)=O,0.00474792008753866
CCC1=C(C)SC(C(C(C2=C(C)C3=C(N=C(C(F)(F)F)C=C3)S2)=O)C#N)=N1,0.00483996855582518
COCCOC(C1=CC=C(NC(NC(C)C)=O)C=C1)=O,0.004478475835639983
COCCOC(C1=CC(SC)=C(NC(C)=O)C=C1)=O,0.004606781015172601
CCOCCOC(C1=CC=C(NC(NC(C)C)=O)C=C1)=O,0.0046849354053847495
CCOCCOC(C1=CC(SC)=C(NC(C)=O)C=C1)=O,0.004736232501454651
CNC(NC1=CC(NC(C2N(C(C3OC=CC=3)=O)CCCC2)=O)=CC=C1)=O,0.004492253181524575
CCN1S(=O)(=O)C2=C(C=CC(C(OCCOC3=CC=CC=C3)=O)=C2)C1=O,0.00720379629638046
CSC1=C(NC(C)=O)C=CC(C(OCC=C)=O)=C1,0.005621126177720726
O=C(NC1=CC(C(OC2=CN=CC=C2)=O)=CC=C1)NC1CC1,0.004051768477074802
COC1=C(OC)C2=C(C=C(C(OCC3=CN=CC=C3)=O)N2)C(OC)=C1,0.004533516906667501
CC1CCN(C2=CC=C(C(OCC3=CC4=C(OCO4)C=C3)=O)C=C2)N=1,0.0075511160306632515
CC1=C(S(C)(=O)=O)C=C(C(OCC2=CC3=C(OCO3)C=C2)=O)C=C1,0.007137133670039475
COC1=C(OC)C=C(COC(C2=C3N(C(=CC(=N3)C)C)N=C2)=O)C=C1,0.008780160872265696
CSC1=C(NC(C)=O)C=CC(C(OCCOC(C)C)=O)=C1,0.005420716293156147
COC1=CC=C(COC(C2=C3C(C=NN3)=CC=C2)=O)C=C1,0.004119215591344982
CCSCCOC(C1C=CC2N(CCS(N=2)(=O)=O)C=1)=O,0.004142732918262481
CCSCCOC(C1NC=C(S(N2CCOCC2)(=O)=O)C=1)=O,0.0022705112933181226
CCSCCOC(C1=CC2=C(NC(CO2)=O)C=C1)=O,0.005900189466774464
CCSCCOC(C1=CC(NC(C)=O)=CC(NC(C)=O)=C1)=O,0.004331442783586681
CCSCCOC(C1=CC2=C(C(N(S2(=O)=O)CC)=O)C=C1)=O,0.005903387209400535
COC1=CC(COC(C2=C(N(C(C3CC3)=O)C)C=CC=C2)=O)=CC=C1,0.009184493194334209
CC(C(OCC=C(CC/C=C(\C)/C)C)=O)C,0.022971046343445777
CCCCCOC(C=CC1=CC=CC=C1)=O,0.011281398637220264
CC1=C(S(C)(=O)=O)C=C(C(OCCCC2=CC=NC=C2)=O)C=C1,0.006824274105019868
O=C(C1C=CC2N(CCS(N=2)(=O)=O)C=1)OCC1CC1,0.00544539475813508
O=C(C1NC=C(S(N2CCOCC2)(=O)=O)C=1)OCC1CC1,0.003526623616926372
CC(NC(NCC1=CC=C(C(OCC2CC2)=O)C=C1)=O)C,0.0062030344270169735
CN(S(C1=CC(C(OCC2CC2)=O)=C(Cl)C=C1)(=O)=O)C,0.0072865915484726426
COC1=C(OCC(N)=O)C(OC)=CC(C(OCC2CC2)=O)=C1,0.009270438458770514
O=C(C1SC2N=C3N(C=2C=1)C=CS3)OCCCC1=CN=CC=C1,0.00517966621555388
CC(NC1SC=C(C(OCCCC2=CN=CC=C2)=O)N=1)=O,0.004597786162048578
CCCN1C2=C(C=C(C(OCC3OC4=C(C=CC=C4)OC3)=O)C=N2)C(=O)NC1=O,0.00510492236353457
CC1=NN(C2=CC=C(COC(C3=C4C(NN=C4)=CC=C3)=O)C=C2)C(C)=C1,0.005243105709087104
O=C(C1C=CC2N(CCS(N=2)(=O)=O)C=1)OCCCC#C,0.003723596828058362
CON(S(C1=CC=C(C(OCCCC#C)=O)C=C1)(=O)=O)C,0.0010044319409644232
CC(NC1=CC(C(OCCCC#C)=O)=CC(NC(C)=O)=C1)=O,0.0034392648725770415
O=C(C1=CC=C(N2S(=O)(=O)CCC2)C=C1)OCCCC#C,0.0033893336658366024
BrC1=C(OCCOC(C2CCC2)=O)C2=C(C=CC=N2)C(Br)=C1,0.012231254670768976
CCOC(CCNC(C1=C(Br)C=CC(F)=C1)=O)=O,0.007693153060972691
CC1=NC2N(N=C(N=2)CCCOC(C2CC2)=O)C(C)=C1,0.008234952157363296
CC1SC(C(OCCCC2=NN3C(N=C(C=C3C)C)=N2)=O)=CC=1,0.006362081156112254
CC1=NC2N(N=C(N=2)CCCOC(C=CC2=CC=C(Cl)C=C2)=O)C(C)=C1,0.006464889645576477
O=C(C1C=CC2N(CCS(N=2)(=O)=O)C=1)OCCC#C,0.0034334795898757877
O=C(OCCC#C)CCN1C(=O)C2=C(C=CC=C2)N=N1,0.004452869622036814
COC1=C(C(OCCC#C)=O)C=C(N(=O)=O)C=C1,0.0032296594115905465
CON(S(C1=CC=C(C(OCCC#C)=O)C=C1)(=O)=O)C,0.0008885693081538193
COC1=C(N(=O)=O)C=C(C(OCCC#C)=O)C=C1,0.00428329377900809
O=C(C1=CC=C(N2S(=O)(=O)CCC2)C=C1)OCCC#C,0.0029327037511393426
O=N(C1=CC(N2N=C(C(OCCC#C)=O)C=C2)=CC=C1)=O,0.0023753168003167956
CC(OC1=CC=C(NS(CC(N(C2CCCC2)C)=O)(=O)=O)C=C1)C,0.006832077261060476
CN(C(CC1C(=O)NC(C2=NC=CC=C2)=NC=1C)=O)C1CCCC1,0.005416812747716904
O=C(C1C=CC2N(CCS(N=2)(=O)=O)C=1)OCC1=COC=C1,0.0054123800015077
O=C(C1=CC=C(CN2C(=O)CCC2=O)C=C1)OCC1=COC=C1,0.0037887663580477237
COC1=C(C(OCC2=COC=C2)=O)C=C(N(=O)=O)C=C1,0.005497899278998375
CON(S(C1=CC=C(C(OCC2=COC=C2)=O)C=C1)(=O)=O)C,0.0018244300750666297
CC(NC1=CC(C(OCC2=COC=C2)=O)=CC(NC(C)=O)=C1)=O,0.005441447766497731
O=C(C1=CC2=C(SCC(N2)=O)C=C1)OCC1=COC=C1,0.004731573793105781
COC1=C(N(=O)=O)C=C(C(OCC2=COC=C2)=O)C=C1,0.007454518298618496
COC1=C(OC)C(OC)=CC(C(OCC2=COC=C2)=O)=C1,0.009795878501608967
COC1=C(OC)C(OC)=C(N(=O)=O)C(C(OCC2=COC=C2)=O)=C1,0.008373880106955767
CCC=CCOC(C1C=CC2N(CCS(N=2)(=O)=O)C=1)=O,0.006070960336364806
CCC=CCOC(C1NC=C(S(N2CCOCC2)(=O)=O)C=1)=O,0.0030639994889497756
CCC=CCOC(C1=CC(NC(C)=O)=CC(NC(C)=O)=C1)=O,0.006336544035002589
COCCCCOC(CCN1C(=O)C2=C(C=CC=C2)N=N1)=O,0.006877638143487274
COCCCCOC(C1=CC(NC(NC(C)C)=O)=CC=C1)=O,0.005382675188593566
FC(OC1=CC=C(COC(C2=CC(Cl)=NC=C2)=O)C=C1)F,0.005609944462776184
CC1N2C(=NC(C(OCC3=CC=C(OC(F)F)C=C3)=O)=N2)N=CC=1,0.004698227462358773
CC1C(=O)N(CCC(OCC2=CC=C(OC(F)F)C=C2)=O)C2=C(C=CC=C2)O1,0.009676725370809436
CS(C1=CC(C(OCC2=CC=C(OC(F)F)C=C2)=O)=CC=C1)(=O)=O,0.005640913755632937
CN1N=CC(C2SC=C(C(OCC3=CC=C(OC(F)F)C=C3)=O)N=2)=C1,0.006440378911793232
FC(COC(C1C=CC2N(CCS(N=2)(=O)=O)C=1)=O)F,0.004026548739057034
CC(NC1=CC(C(OCC(F)F)=O)=CC(NC(C)=O)=C1)=O,0.004851776163559407
COC1=C(OCC(N)=O)C(OC)=CC(C(OCC(F)F)=O)=C1,0.007557563786394894
CC(C(N1C(C2N(C)C=CC=2)CCCCC1)=O)SC1N(C2CC2)N=NN=1,0.010400074673816562
FC1=CC=C(OCCCOC(C2=CC3=C(NC(C3)=O)C=C2)=O)C=C1,0.005559436581097543
CN1N=CC(C2SC=C(C(OCCCOC3=CC=C(F)C=C3)=O)N=2)=C1,0.006245140731334686
CC1=NN(CCOC(C2=CC=C(N3S(=O)(=O)CCC3)C=C2)=O)C(C)=C1,0.005448566866107285
CCCNC(NC(C(NCCNC(C1=CC=CC=C1)=O)=O)(C)C)=O,0.004622709879186004
CC(C1S/C(=N\C(OCC(F)(F)F)=O)/NN=1)C,0.0025307728777988815
COC(CC1CCN(C(NC2=C(C(OC)=O)C=CC=C2)=O)CC1)=O,0.006300563691183925
FC(C1=CC(NC(N2CCN(C3=NC=C(C#N)C=C3)CC2)=O)=CC=C1)(F)F,0.0018776487180730329
CC(C1=CC(NC(NCC2=C3C(OCO3)=CC=C2)=O)=CC=C1)=O,0.006290817935951054
CCOC1=C(COC(C2=C3N(C=CC=N3)N=C2)=O)C=C(N(=O)=O)C=C1,0.004679306573234498
CCOC1=C(COC(C2=CN(C)N=C2)=O)C=C(N(=O)=O)C=C1,0.00516269369982183
CC(CCOCCOC(C1=CC=C(C(N)=O)C=C1)=O)C,0.007756527047604322
CC(CCOCCOC(C1=CC=C(N2C(=O)NCC2)C=C1)=O)C,0.005795437889173627
CC(CCOCCOC(C1N=C(NC(C)=O)SC=1)=O)C,0.006317932507954538
CN1C(COC(C2N(C(C3OC=CC=3)=O)CCCC2)=O)=NC=C1Cl,0.006481241295114159
O=C(C1=CC=C(CN2C(=O)CCC2=O)C=C1)OCCN1N=CC=C1,0.0032542612520046533
COC1=C(C(OCCN2N=CC=C2)=O)C=C(N(=O)=O)C=C1,0.004613302322104574
CCOC(C1C(C)=C(C(OCCN2N=CC=C2)=O)NC=1C)=O,0.005489450925961137
COC1=C(OC)C(OC)=CC(C(OCCN2N=CC=C2)=O)=C1,0.008560316171497107
O=N(C1=CC(Cl)=C(C(OCCN2N=CC=C2)=O)C=C1)=O,0.003830806433688849
ClC1=CC2=C(SC(C(N2)=O)CC(OCCN2N=CC=C2)=O)C=C1,0.004660891904495657
FC1=CC=C(N2C(C3SC=CC=3)=NC(C(OCCN3N=CC=C3)=O)=N2)C=C1,0.005925450241193175
O=N(C1=C(C(OCCN2N=CC=C2)=O)C=CC(Cl)=C1)=O,0.004459487390704453
O=N(C1=C(N2CCCC2)C=CC(C(OCCN2N=CC=C2)=O)=C1)=O,0.005480521149002016
COCCOC(C1C(C)=C(C(OCCN2N=CC=C2)=O)NC=1C)=O,0.005321574723348021
O=N(C1=CC(N2N=C(C(OCCN3N=CC=C3)=O)C=C2)=CC=C1)=O,0.00437939022667706
COC(C(NS(C1=C(C(F)(F)F)C=C(C#N)C=C1)(=O)=O)=O)C,0.002350311033660546
COCC1=C(C(NS(C2=C(C(F)(F)F)C=C(C#N)C=C2)(=O)=O)=O)C=CC=C1,0.003123317833524197
CC1=CC(C(C(C(C2=CC3=C(SCC(N3)=O)C=C2)=O)C#N)=O)=CC(C)=C1,0.007987844557828794
COC1=C(OC)C(Cl)=CC(C(C(C(CC(C)(C)C)=O)C#N)=O)=C1,0.015018200377380709
COC1=C(NC(C)=O)C=C(NC(C(NC(C2CCCCC2)=O)C)=O)C=C1,0.010984369087964296
CCCCC(CNC(C1=C2N(C=CC=N2)N=C1C)=O)CC,0.00957892145961523
CC(C1=CC=C(OC(F)F)C=C1)NC(C1=C(N2N=NN=C2)C=CS1)=O,0.0035868636798113583
CC(C1=CC=C(OC(F)F)C=C1)NC(C(SC1=NC=CC=N1)C)=O,0.005112959956750274
CCCNC(NC(C(NC(C1=CC=C(OC(F)F)C=C1)C)=O)(C)C)=O,0.004375148296821863
CCC1OCCN(C(C2NCC(=O)N(C3=CC=CC=C3)N=2)=O)C1,0.003564791101962328
O=N(C1=CC=C(OC(C2=NSN=C2)=O)C=C1)=O,0.0047978200949728485
CC(NC(NC1=C(C(N2CCC3(OCCO3)CC2)=O)C=CC=C1)=O)C,0.005375749198719859
NC(C1=C(Cl)C=CC(NC(CCCOC2=CC(F)=CC=C2)=O)=C1)=O,0.004659952293150127
NC(C1=C(Cl)C=CC(NC(CCCOC2=C(F)C=CC=C2)=O)=C1)=O,0.005799959739670157
CC(C(N1CCN(CC(N2C(C)CCCC2)=O)CC1)=O)SC1=NC=CC=N1,0.00825229762122035
FC1=CC=C(NC(N2CCN(C(C3N=C4N(C=CC=C4)C=3)=O)CC2)=O)C=C1,0.0022932468622457237
FC1=CC=C(NC(N2CCN(C(C3=CC4=C(C=CN4)C=C3)=O)CC2)=O)C=C1,0.002212631260044873
CC(NC(CCNC(C1=C(NC(C2=CC(C)=CC=C2)=O)C=CC=C1)=O)=O)C,0.008353999955579639
CC(NC(CCNC(C1=C(NS(C)(=O)=O)C=CC(C)=C1)=O)=O)C,0.0045669388724491
CC(NC(CCNC(C1=C(NS(C)(=O)=O)C=CC(F)=C1)=O)=O)C,0.003642351517919451
FC1=CC=C(C(C2=CC=C(OC(C3=NSN=C3)=O)C=C2)=O)C=C1,0.009218615386635065
BrC1=CC(CN(C(CNC(NC2CC2)=O)=O)C2CC2)=CC=C1,0.007068415242247284
CCCS(N1C(C(N2CCCCCCC2)=O)CCCC1)(=O)=O,0.008469905029051006
CN(C(C1=C(NS(C)(=O)=O)C=CS1)=O)CC1=CC(C#N)=CC=C1,0.0025241364957764743
CC1=C(N(C2SC3=C(C=CC=C3)N=2)C(C2=NSN=C2)=O)C=CC=C1,0.008880231902003289
CCN(C(CNC(NC1CC1)=O)=O)CC1=C(F)C=CC(Br)=C1,0.005194596806541085
CC1=C(C(NNC(C2CN(C3=NC=CC=C3)CCC2)=O)=O)C=CO1,0.002458694367669523
O=C(NC1=CC2=C(OCCO2)C=C1)NC1SC(C2CC2)=NN=1,0.004215932241640985
COC1=NC=C(NC(NC2=CC3=C(N=C(N4CCOCC4)S3)C=C2)=O)C=C1,0.0039029749343171714
COC1=NC=C(NC(NC2=CC(C)=C(N3CCCC3)C=C2)=O)C=C1,0.0045652233995497225
CCCCCN1C(=O)C2=C(C=CC=C2)C(C(NNC(NC2=CN=C(OC)C=C2)=O)=O)=N1,0.0026382757816463707
CN(C(NC1SC=NN=1)=O)CCCC1NN=C(C2=CC(F)=CC=C2)C=1,0.002024539699777961
NC(CN1N=CC(NC(NC2=C(Cl)C=CC=C2)=O)=C1)=O,0.0028391350468155
COCCN1N=CC(NC(NC2=CC(SC)=CC=C2)=O)=C1,0.0031488214386627077
COC1=NC=C(NC(NC2=CN=C(N3CCCCC3)C=C2)=O)C=C1,0.003984799946192652
O=C(NC1=CC(NC(C2OC=CC=2)=O)=CC=C1)NC1SC(C2CC2)=NN=1,0.004805082734674215
CC(C(NC1=CC(NC(NC2SC(C3CC3)=NN=2)=O)=CC=C1)=O)(C)C,0.004531664913520217
COCCN1N=CC(NC(NC2=C(N3CCCC3)C=CC(C(F)(F)F)=C2)=O)=C1,0.0034602346713654697
CC(C(NC1=CC(NC(NC2SC(C3CC3)=NN=2)=O)=CC=C1)=O)C,0.0041082609328441325
COCCN1N=CC(NC(NC2=CC(OC(F)F)=C(OC)C=C2)=O)=C1,0.004155130393337458
CCN1N=CC(NC(NC2=CC=C(NC(NCC=C)=O)C=C2)=O)=C1,0.0036157666821964086
COCCN1N=CC(NC(NC2=CC=C(NC(NCC=C)=O)C=C2)=O)=C1,0.004139676608610898
COCCOC1=CC=C(NC(NC2SC(C3CC3)=NN=2)=O)C=C1,0.0035492608323693274
FC(CNC(C1N(C(NC2SC(C3CC3)=NN=2)=O)CCC1)=O)(F)F,0.002882242697523907
COCCN1N=CC(NC(N(C2CC2)CC2=CC(O)=CC=C2)=O)=C1,0.002815665560774505
COC1=NC=C(NC(N(C2CC2)CC2=CC(O)=CC=C2)=O)C=C1,0.002457139594480395
O=C(N1CCN(CCSC2=CC=CC=C2)CC1)NC1SC=NN=1,0.002898883726447821
O=C(NC1=CC=C(OCC2OCCC2)C=C1)NC1SC(C2CC2)=NN=1,0.004385653045028448
NC(CN1CCN(C(NC2SC(C3CC3)=NN=2)=O)CCC1)=O,0.003429831541143358
FC1=C(C(NCCNC(NC2=CC(Cl)=CC=C2)=O)=O)C=CC=C1,0.003186290559824556
FC1=C(C(NCCNC(NC2=C3C(C=CC=C3)=CC=C2)=O)=O)C=CC=C1,0.003408643137663603
FC1=C(C(NCCNC(NCCNC(C2=C(F)C=CC=C2)=O)=O)=O)C=CC=C1,0.004376680904533714
CCN1N=CC(NC(N2CCC(C3C4=C(C=CC=C4)NC=3C)CC2)=O)=C1,0.0032890749047510327
COC1=NC=C(NC(NCCNC(C2=C(F)C=CC=C2)=O)=O)C=C1,0.0032462942996062337
FC1=C(C(NCCNC(NC2SC(C3CC3)=NN=2)=O)=O)C=CC=C1,0.0033120063948445023
CCN1N=CC(NC(N2CCN(C(CCC3CCCCC3)=O)CC2)=O)=C1,0.005989254987798631
CC(NC(NCC1=CC2=C(OCO2)C=C1)=O)CC1=CSC=C1,0.004847739590331912
COC1=C(NC(NCC2(N(C)C)CC(C)CCC2)=O)C=CC=C1,0.008559047430753707
CN1CC(NC(NC2=CC=C(N=NC3=CC=CC=C3)C=C2)=O)CCC1,0.0032568514347076417
COC1=C(NC(NCC2(N(C)C)CC(C)CCC2)=O)C=CC=N1,0.006920214649289847
ClC1=CC=C(NC(N(CC2=CN=CC=C2)CCC2=CC=CC=C2)=O)C=C1,0.004541947215329856
FC1=CC=C(CCNC(N(CC2=CN=CC=C2)CCC2=CC=CC=C2)=O)C=C1,0.004920501785818487
CCN1N=CC(NC(N(CCCC2NN=C(C3=CC(F)=CC=C3)C=2)C)=O)=C1,0.0027379201783332974
COC(C1=CC(NC(N(CC2=CC(O)=C(OC)C=C2)C)=O)=CC=C1)=O,0.003907884913496673
COC(CC1CCN(C(NC2=C(C(OC)=O)C(C)=NS2)=O)CC1)=O,0.00563644157955423
CN(C(NC1=CC=C(F)C=C1)=O)CCCCCC1NN=C(C2=CC(F)=CC=C2)C=1,0.0027582512237131597
CC1CC(N(C)C)(CNC(NC2=CC(N(=O)=O)=C(C)C=C2)=O)CCC1,0.006116852187551558
CSC1=CC(NC(NCC2(N(C)C)CC(C)CCC2)=O)=CC=C1,0.006982464459724724
CN(C(NC1=C(F)C=C(F)C=C1)=O)CCCCCC1NN=C(C2=CC(F)=CC=C2)C=1,0.002866526716388762
CC1=C(N(=O)=O)C=CC=C1NC(NCC1=C2C(OCO2)=CC=C1)=O,0.003384666843339801
CCC1=C(NC(NCC2(N(C)C)CC(C)CCC2)=O)C=CC=C1,0.009211159963160753
CC(C(NC1=CC=C(NC(NCC2(N(C)C)CC(C)CCC2)=O)C=C1)=O)C,0.007680005277507007
CN1CC(NC(NC2=CC(C#CC3SC=CC=3)=CC=C2)=O)CCC1,0.003994152543600649
CCOC1CCN(C(NC2=CC=C(NC(COC)=O)C=C2)=O)CC1,0.0037785128224641085
NC(CC1CCN(C(NC2=C(N3CCCCC3)N=CC=C2)=O)CC1)=O,0.004023783328011632
NC(C1CN(C(NC2=C(N3CCCCC3)N=CC=C2)=O)CC1)=O,0.0034033586853183806
CN1C2=C(N=C(N2)Cl)C(=O)NC1=O,0.0029579188383650036
CC(CNCCO)(C)C,0.008509155502542854
COC1=C(OC)C(OC)=C(CNCC2=C(N3N=CC=C3)C=CC=C2)C=C1,0.009068398410454393
OC(CC1N=C(NC(OCC(F)(F)F)=O)SC=1)=O,0.0027000922287697903
COC1=C(CN)C(C)=CC(C)=N1,0.012515859957784415
CNC(C1=C(C)N=C(C)S1)C,0.011700366670265794
CC(CNC(NC1=CC(C(O)=O)=CC=C1)=O)(C)C,0.004639885667711496
OC([C@H]1N(C(NC2=CC3=C(OCCO3)C=C2)=O)CCC1)=O,0.003700590273365378
CC(CNC(NC1=CC(C(O)=O)=C(Cl)C=C1)=O)(C)C,0.004289848962798715
CC(OC(N1C2CC(CC1CC2)=O)=O)(C)C,0.012751011736690998
CC1ON=C(CN2CCN(C(CC3=CC4=C(OCO4)C=C3)=O)CC2)C=1,0.0087952472968027
CCCCC1=C(CN(C(CN2N=C(N(=O)=O)N=C2)=O)C)C2=C(C=CC=C2)O1,0.007552925497293472
CN(C1=NC=C(NC(NCCNC(C2=C(F)C=CC=C2)=O)=O)C=C1)C,0.003139696375001222
CC1CC(N(C)C)(CNC(NC2=C(N3N=CC=C3)C=CC=C2)=O)CCC1,0.006362714990973473
CCCCOC1=CC(C)=C(NC(NC(C(NCC)=O)C)=O)C=C1,0.004949342808686197
CCCCOC1=CC(C)=C(NC(N2CCC3(OCCO3)CC2)=O)C=C1,0.005824023229070008
COCCOC1=C(Cl)C=C(NC(NCCN2C=NC=C2)=O)C=C1,0.002110048447502777
CCNC(C(NC(NC1=CC(Cl)=C(OCCOC)C=C1)=O)C)=O,0.0035356251639313994
FC1=CC(OC2=C(NC(N3CC4=C(C=CC=C4)CC3)=O)C=CC=C2)=CC=C1,0.004943085473496467
FC1=CC(OC2=C(NC(N3CC(=O)NCC3)=O)C=CC=C2)=CC=C1,0.002891974523663521
FC(OC1=C2C(C=CC=N2)=C(NC(N2CCOCC2)=O)C=C1)F,0.00269476167159155
COCCCNC(NC1=C2C(N=CC=C2)=C(OC(F)F)C=C1)=O,0.0024734523030929267
CC(NCCNC(NC1=C2C(N=CC=C2)=C(OC(F)F)C=C1)=O)=O,0.0021324370580259712
COCCCCNC(NC1=C2C(N=CC=C2)=C(OC(F)F)C=C1)=O,0.002785410184878856
FC(OC1=C2C(C=CC=N2)=C(NC(N2CCSCC2)=O)C=C1)F,0.0025023341295309365
CC(NC(NC1=NN(CC(N)=O)C=C1)=O)CCC1=CC=CC=C1,0.004043515003286302
COCC1=C(NS(C2=CC(C(O)=O)=CC=C2)(=O)=O)C=CC=C1Br,0.0044822115683928136
COC1=C(OC)C(OC)=CC(CNCC2=C(N3N=CC=C3)C=CC=C2)=C1,0.00910369148477912
CCC1=CC(OC2C(=O)N(C3=CC=CC=C3)C2C2=CC=C(C(N)=O)C=C2)=CC=C1,0.005966692767105997
COC1=CC=C(N2C(=O)C(OC3=C(C)C=C(C)C=C3)C2C2N=CSC=2)C=C1,0.005916072195395828
COC1=CC=C(N2C(=O)C(OC3=CC(NC(C4CC4)=O)=CC=C3)C2C2=C(F)C=CC(F)=C2)C=C1,0.00494534675963223
O=C(N1CC(C(NCC2OCCC2)=O)CCC1)CCOC1=CC=CC=C1,0.009231759887188672
O=C(N1CCN(C2=CC=CC=C2)CC1)CC1=CC2=C(OCO2)C=C1,0.009081491292454303
O=C(N1CC(C(NC2SC=CN=2)=O)CCC1)CCOC1=CC=CC=C1,0.005649569327943027
COCCN1C(=O)C(OC2=CC(OC)=CC=C2)C1C1=CC(OC)=C(OC)C=C1,0.008517586532980204
CCOC1=C(OC)C=C(C2N(CCOC)C(=O)C2OC2=CC(C#N)=CC=C2)C=C1,0.006312696216627956
COCCN1C(=O)C(OC2=CC(S(C)(=O)=O)=CC=C2)C1C1=C(C)C=CC=C1,0.004739174852147698
FC1=C(NC(CC2=CC3=C(OCO3)C=C2)=O)C=CC=C1,0.006524221482686698
COC1=C(OC(F)F)C=CC(C2N(CC3=CC=CC=C3)C(=O)C2OC2=CC=CC=C2)=C1,0.005578147456981241
O=C(N1CC(C(NC2SCCN=2)=O)CCC1)CCOC1=CC=CC=C1,0.005120198475196958
O=C(NC1=CC(C(NC2SCCN=2)=O)=CC=C1)CCCC1SC=CC=1,0.003961952519603074
FC1=C(F)C=C(C2N(CC3OCCC3)C(=O)C2OC2=C(F)C=CC=C2)C=C1,0.006867891852743923
COC1=CC(OC)=C(C2N(CC3OCCC3)C(=O)C2OC2=CC(Br)=CC=C2)C=C1,0.008079583430662752
CC1=CC(OC2C(=O)N(CC3OCCC3)C2C2=CC(F)=C(F)C=C2)=C(C)C=C1,0.0069987284950912
CC(C1=CC=C(OC2C(=O)N(CC3OCCC3)C2C2=CC(Br)=CC=C2)C=C1)=O,0.010488835955038666
FC1=CC(Br)=C(OC2C(=O)N(CC3OCCC3)C2C2=CC=C(C#N)C=C2)C=C1,0.005416799243539572
CC1=CC(C)=C(OC2C(=O)N(CC3OCCC3)C2C2=CC=C(C#N)C=C2)C=C1,0.006631673616357148
FC1=CC(Cl)=C(OC2C(=O)N(CC3OCCC3)C2C2N=CSC=2)C=C1,0.004614924802444876
CCOC1=C(OC2C(=O)N(CC3OCCC3)C2C2=CC(Br)=CC=C2)C=CC(C#N)=C1,0.006511902413330972
O=N(C1=CC(OC2C(=O)N(CC3OCCC3)C2C2=C(Br)C=CC=C2)=CC=C1)=O,0.004741662391461432
COC1=C(OC)C(C2N(CC3OCCC3)C(=O)C2OC2=CC=C(C(F)(F)F)C=C2)=CC=C1,0.0054731113137677315
COC1=CC(C2N(CC3OCCC3)C(=O)C2OC2=CC(Cl)=C(F)C=C2)=CC(OC)=C1,0.005546225327998399
COC1=CC(C2N(CC3OCCC3)C(=O)C2OC2=CC(C#N)=CC=C2)=CC=C1,0.0058027684921398755
CCNC(C1CN(C(CCOC2=CC=CC=C2)=O)CCC1)=O,0.008012080518528818
O=C(NN(C1=CC=CC=C1)C1=CC=CC=C1)CC1=CC2=C(OCO2)C=C1,0.004793565056752413
COCCCN1C(=O)C(OC2=CC=CC=C2)C1C1=C(OC)C=CC=C1,0.00684519789647311
COCCCN1C(=O)C(OC2=C(F)C=CC=C2)C1C1=C(OC)C=CC=C1,0.00610485237557441
COCCCN1C(=O)C(OC2=CC=C(OC)C=C2)C1C1SC(C)=CC=1,0.005631440784782171
COCCCN1C(=O)C(OC2=C(OC)C=CC=C2)C1C1=CC(F)=C(F)C=C1,0.006563812564127147
COCCCN1C(=O)C(OC2=CC=C(C#N)C=C2)C1C1=C2C(OCCO2)=CC=C1,0.005157550075091421
COCCCN1C(=O)C(OC2=CC(OC)=CC=C2)C1C1SC=CC=1,0.005098577821627259
CCNC(COC1=C(OC)C=C(C2N(CCC(C)C)C(=O)C2OC2=CC=CC=C2)C=C1)=O,0.00760678849183023
O=C(N1CCN(C2=NC=CC=N2)CC1)CC1=CC2=C(OCO2)C=C1,0.006359000923112035
COC1=CC=C(N2CCN(C(C3=CC(NC(CCCC4SC=CC=4)=O)=CC=C3)=O)CC2)C=C1,0.005843368801288306
COC1=CC=C(CCN2C(=O)C(OC3=CC(N(=O)=O)=CC=C3)C2C2=C(OC)C(OC)=CC=C2)C=C1,0.004544970451388508
O=C(N1CCN(C2=NC=CC=C2)CC1)CC1=CC2=C(OCO2)C=C1,0.0064869187073782085
COC(CNC(C1CN(C(CCOC2=CC=CC=C2)=O)CCC1)=O)=O,0.007577263051643968
O=C(NNC(C1=CC2=C(OCO2)C=C1)=O)CC1=CC2=C(OCO2)C=C1,0.004729539062827826
CC1OC(C)=C(C(NNC(C2CN(C(CCOC3=CC=CC=C3)=O)CCC2)=O)=O)C=1,0.004191426152829081
COC1=CC=C(OC2C(=O)N(CCC3C4=C(C=CC=C4)NC=3)C2C2=CC=C(C#N)C=C2)C=C1,0.002948457468301058
CCOC(C1=C(C)C=C(NC(CC2=CC3=C(OCO3)C=C2)=O)S1)=O,0.005210632365196944
CCOCCCN1C(=O)C(OC2=CC=CC=C2)C1C1=CC(OCCOC)=CC=C1,0.007040906278416514
CCOC(C1N=C(NC(CC2=CC3=C(OCO3)C=C2)=O)SC=1)=O,0.00549333062954247
CCOC(C1=C(NC(C2C(=O)NC(C)=CC=2)=O)SC(C)=C1CC)=O,0.003996171744074672
CCOC(C1C(C2SC=CC=2)=CSC=1NC(C1=NSN=C1)=O)=O,0.0056503047468140725
CC1NC(=O)C(C(OC2C3=C(C=CC=C3)C3=C2C=CC=C3)=O)=CC=1,0.007171624270267784
COC1=CC(OC)=C(C2N=C(NC(C=CC3SC=CN=3)=O)SC=2)C=C1,0.005509028094820678
CC(C1=CC(C(F)(F)F)=CC=C1)NC(CN1N=C(N(=O)=O)N=C1)=O,0.003824306884780526
CCNC(C(NC(C1CN(C(CCOC2=CC=CC=C2)=O)CCC1)=O)C)=O,0.008785896026529372
CC(C1=CC2=C(CCCC2)C=C1)NC(CC1=CC2=C(OCO2)C=C1)=O,0.014450122974812985
O=C(NC1CC1)CNC(C1CN(C(CCOC2=CC=CC=C2)=O)CCC1)=O,0.008694452955387533
O=C(N1CCN(CC2=CC=NC=C2)CC1)CC1=CC2=C(OCO2)C=C1,0.008234065352007746
O=C(N1CCN(C2=CC=NC=C2)CC1)CC1=CC2=C(OCO2)C=C1,0.00742283808067441
CCC=C(C(N(CC(NC1=CC2=C(OCCO2)C=C1)=O)CC)=O)C,0.009415207570418716
COC1=C(OC)C(C2N(CC(N3CCOCC3)(C)C)C(=O)C2OC2=CC=CC=C2)=CC=C1,0.0082469352055341
CC(N1CCOCC1)(CN1C(=O)C(OC2=C(F)C=CC=C2)C1C1=C(F)C=CC(F)=C1)C,0.0061399693135172125
CN(C1(CCCCC1)CNC(C1C(=O)NC(C)=CC=1)=O)C,0.008913496928289532
CCC1=C(OC2C(=O)N(CC(N3CCOCC3)(C)C)C2C2=CC=C(C#N)C=C2)C=CC=C1,0.005897936131805182
CCOC1=C(OC2C(=O)N(CC(N3CCOCC3)(C)C)C2C2SC(Cl)=CC=2)C=CC(C#N)=C1,0.004131558304652572
COC1=CC(OC2C(=O)N(CC(N3CCOCC3)(C)C)C2C2=CC(OC)=CC(OC)=C2)=CC=C1,0.007637209910899401
COC1=CC(C2N(CC(N3CCOCC3)(C)C)C(=O)C2OC2=CC(N(=O)=O)=CC=C2)=CC=C1,0.004220091504976153
COC1=CC(C2N(CC(N3CCOCC3)(C)C)C(=O)C2OC2=CC(C#N)=CC=C2)=C(OC)C=C1,0.005302314343862235
O=C(N1CC(C(NC2=CC=NC=C2)=O)CCC1)CCOC1=CC=CC=C1,0.006352413468994201
CC1NC(=O)C(CNC(C2=CC(N3C=NC=C3)=NC=C2)=O)=C(C)C=1,0.00254715655464679
CC1NC(=O)C(CNC(CC2=CC3=C(OCO3)C=C2)=O)=C(C)C=1,0.004917489422950894
FC(S(C1=CC=C(NC(C2=NSN=C2)=O)C=C1)(=O)=O)F,0.0028025895240716635
CN(C(CSCC1=CC=NC=C1)=O)CC1=CN(C2=CC=CC=C2)N=C1,0.0063527334248647096
NC1=C(CNC2=CC=CC=C2)C=CC=C1,0.008160798833705485
NCCCSC1SC=CN=1,0.00972625371068716
CON(C(C1=CC=C(CNC(CC2=CC=C(OC)C=C2)=O)C=C1)=O)C,0.0016818610718473792
COC1=C(CC2=CC=CC=C2)C=C(NC(C(S(C(C)C)(=O)=O)C)=O)C=C1,0.0066728302976116535
O=C(N1CCN(CC2=NC=CC=C2)CC1)CC1=CC2=C(OCO2)C=C1,0.008254135586321354
CC1NC(=O)C(C(N2C3C(CCCC3)CCC2)=O)=CC=1,0.007434151903726161
CC1=NOC(CN2CCN(C(CC3=CC4=C(OCO4)C=C3)=O)CC2)=C1,0.009387964196503163
ClC1=C2C(OCCO2)=CC(CCNC(CSCC2=CC=NC=C2)=O)=C1,0.005818435992114246
CC(S(C(C(NCCC1=CC2=C(OCCO2)C(Cl)=C1)=O)C)(=O)=O)C,0.006475167418830097
CC(S(C(C(N1CCC(CCC2=CC=C(C)C=C2)CC1)=O)C)(=O)=O)C,0.01087603266350925
CC(S(C(C(NCC1=C(COC2=CC=CC=C2)C=CC=C1)=O)C)(=O)=O)C,0.0076876609353348615
O=C(N1C2=C(C=CC=C2)SCCC1)CC1N=C(C2=NC=CC=N2)SC=1,0.006896287808194757
CC(S(C(C(NC1=CC(C2N(C3CC3)N=NN=2)=CC=C1)=O)C)(=O)=O)C,0.004001734405755996
CN(C(CC1N=C(C2=NC=CC=N2)SC=1)=O)C1C2=C(C=CC=C2)CCC1,0.010882143443450332
O=C(N1CCN(C2SC=CN=2)CC1)CC1=CC2=C(OCO2)C=C1,0.006158154387958348
ClC1=CN=C(NC(COC2=CC(NC(C3OC=CC=3)=O)=CC=C2)=O)C=C1,0.004951920243911445
CCNC(CN(C(CC1=CC2=C(OCO2)C=C1)=O)CC)=O,0.009526438731700181
CNC(NC1=CC=C(NC(CSCC2=CC=NC=C2)=O)C=C1)=O,0.0026257496559992433
CNC(NC1=CC=C(NC(C2=CC(N3C=NC=C3)=NC=C2)=O)C=C1)=O,0.0021245719341095536
CN(C(CN1CCN(C(CC2N=C(C3=NC=CC=N3)SC=2)=O)CC1)=O)C,0.0064971605082973834
C=CCNC(NC1=CC=C(NC(CSCC2=CC=NC=C2)=O)C=C1)=O,0.002991489821579307
COC1=C2C(SC(=N2)NC(C(S(C(C)C)(=O)=O)C)=O)=CC=C1,0.005687187449075282
O=C(N1CCN(C2=NC=CN=C2)CC1)CC1=CC2=C(OCO2)C=C1,0.005990327405743301
O=C(NC1=CC=C(NC(C2=CC(N3C=NC=C3)=NC=C2)=O)C=C1)NC1CC1,0.0027150014298968016
CN1CC(C2=CC=CC=C2)N(C(CC2=CC3=C(OCO3)C=C2)=O)CC1,0.010597321577370167
COC1=CC=C(CC(NCC2=CC=C(C(NC3=NC=CC=C3)=O)C=C2)=O)C=C1,0.005474355909973383
COC(C1(C2=CC=CC=C2)CCN(C(C(S(C(C)C)(=O)=O)C)=O)CC1)=O,0.007785163726657629
CC1=NC(SC2=CC=C(NC(CC3=CC4=C(OCO4)C=C3)=O)C=C2)=NC(C)=C1,0.008123224787414073
O=C(N1CCC2(C(=O)NC(=O)N2)CC1)CC1=CC2=C(OCO2)C=C1,0.001746643043588847
CC1=C2C(C=CC=N2)=C(NC(CC2=CC3=C(OCO3)C=C2)=O)C=C1,0.007068500271998346
CC1=C2C(C=CC=N2)=C(NC(C2CN(C(CCOC3=CC=CC=C3)=O)CCC2)=O)C=C1,0.00658132010139525
O=C(N1CC(C(N2C(C3=CC=NC=C3)CCC2)=O)CCC1)CCOC1=CC=CC=C1,0.009942567488178611
NC(COC1=CC=C(CNCC2=C3C(OCO3)=CC=C2)C=C1)=O,0.008043453213758767
C(C1=CC=C(N2CCOCC2)C=C1)NCC1=C2C(OCO2)=CC=C1,0.009212211146950722
Cl.C(C1=CC=C(N2CCOCC2)C=C1)NCC1=C2C(OCO2)=CC=C1,0.008718150993809104
C(C1=C2C(OCO2)=CC=C1)NCC1=C2C(OCCO2)=CC=C1,0.011313149752095342
Cl.C(C1=C2C(OCO2)=CC=C1)NCC1=C2C(OCCO2)=CC=C1,0.010552518721669912
COC1=C2C(OCCO2)=CC(CNCC2=C3C(OCO3)=CC=C2)=C1,0.011374922981485725
Cl.COC1=C2C(OCCO2)=CC(CNCC2=C3C(OCO3)=CC=C2)=C1,0.010657301219180227
CN(C(C1C(=O)NC(C)=CC=1)=O)CC1N(C)C=CN=1,0.0031057883927132933
CN(C(C1=CC2=C(C(N(S2(=O)=O)C2CC2)=O)C=C1)=O)CCC#N,0.004979097789600928
O=C(NC1=CN=C(N2N=CC=C2)C=C1)CC1=CC2=C(OCO2)C=C1,0.005504736630246043
ClC1SC(Cl)=C(C2N=C(NC(C3SN=NC=3)=O)SC=2)C=1,0.004930230416357517
CN1N=C(NC(C2=C(SC3=NC=C(Br)C=C3)C=CC=C2)=O)C=C1,0.007135068904608488
NC1=C2C(C=CC=C2)=NC(CN2CCN(C(C3=CC(N4C=NC=C4)=NC=C3)=O)CC2)=N1,0.003131421550642699
CN(C(C1CN(C2=NC=CC=C2)CCC1)=O)CC1=CN(C2=CC=CC=C2)N=C1,0.007142616366036236
CC(C1=CC=CC=C1)(C1=CC=CC=C1)CNC(C1=NSN=C1)=O,0.010179694462567567
COC1=C(OC)C(OC)=CC(CN2C(=O)C(OC3=CC=C(F)C=C3)C2C2=CC3=C(OCC3)C=C2)=C1,0.005718495859764516
COC1=C(OC)C(CN2C(NC(C=CC3SC=CN=3)=O)=CC=N2)=CC=C1,0.00555770006030798
CC1NC(=O)C(C(N(CC2=CC=CC=C2)CCC(N)=O)=O)=CC=1,0.004467649024445563
O=C(C1=NSN=C1)NC1(C2=CC=CC=C2)CCC1,0.011205741716548801
CC1NC(=O)C(C(NC2(C3=CC=CC=C3)CCC2)=O)=CC=1,0.006119399843737483
CC(N1CCN(C(CC2=CC3=C(OCO3)C=C2)=O)CCC1)=O,0.010363764362409711
CN(CC1=CC=CC=C1)CCCN1C(=O)C(OC2=C(Cl)C=C(F)C=C2)C1C1N=CSC=1,0.004739334201440215
O=C(NC1=CC(C(NC2SC=NN=2)=O)=CC=C1)CCCC1SC=CC=1,0.005668333428911865
O=C(C1=NSN=C1)NC1=C2C3=C(CCC3=CC=C2)C=C1,0.009421565011143685
CC1=NN(C2CS(=O)(=O)CC2)C(NC(CN2C3=C(C=CC=C3)C=C2)=O)=C1,0.004812722525093705
CC1=NN(C2CS(=O)(=O)CC2)C(NC(C2OC3=C(C=C(C=C3)C)C=2)=O)=C1,0.005261571006849408
O=C(N1C2=C(C=CC=C2)NC(=O)C1)CC1=CC2=C(OCO2)C=C1,0.007903265929780901
CC1=NN(C2=CC(C)=CC(C)=C2)C(NC(CC2=CN=C(C)C=C2)=O)=C1,0.006590267084538937
O=C(C1=CC(N2C=NC=C2)=NC=C1)N(CC1=CC=CC=C1)CC1OC=CC=1,0.006239603389985859
CC(S(C(C(NC1=CC=C(C2OC3=C(C=CC=C3)N=2)C=C1)=O)C)(=O)=O)C,0.004807014588732272
CC(C1=CC=C(OC(F)F)C=C1)NC(CN1N=C(N(=O)=O)N=C1)=O,0.004070882638916373
CC(S(C(C(NC(C1=CC=C(OC(F)F)C=C1)C)=O)C)(=O)=O)C,0.005084418714977801
FC1=CC=C(C2OCCN(C(CC3=CC4=C(OCO4)C=C3)=O)C2)C=C1,0.007308252761140466
O=C(N1C(C(NC2=CC=CC=C2)=O)CCC1)CSCC1=NC=CC=C1,0.005324322171509266
CC(S(C(C(NC1=CC=C(OC2CCCC2)C=C1)=O)C)(=O)=O)C,0.008488735323771835
CC(N=C1N(C(C2=NSN=C2)=O)C=CC=C1)C,0.011176899913698435
CC(OCC1=C(CNC(C(S(C(C)C)(=O)=O)C)=O)C=CC=C1)C,0.009320143284276128
NC(C1NC=C(C2N=C(NC(CC3=CC4=C(OCO4)C=C3)=O)SC=2)C=1)=O,0.0032128464663401246
COC(C1=CC2=C(N(C(C3=NSN=C3)=O)CC2)C=C1)=O,0.00876650302670896
COC(C1=C2C(N(C(C3=NSN=C3)=O)CCC2)=CC=C1)=O,0.008792089065536857
COC(C1=C2C(N(C(C3SN=NC=3)=O)CCC2)=CC=C1)=O,0.007062178896740079
COC1=CC(OC)=C(CNC(C2=CC(N3C=NC=C3)=NC=C2)=O)C=C1,0.004139470041263848
CC(CN1CCC(C(NCCNC(C2OC=CC=2)=O)=O)CC1)C,0.007824735017493367
COC1=CC(C2N(CC3=CC(NC(C4CC4)=O)=CC=C3)C(=O)C2OC2=C(C#N)C=CC=C2)=C(OC)C=C1,0.003858849755488336
COC1=CC(C2N(CC3=CC(NC(C4CC4)=O)=CC=C3)C(=O)C2OC2=CC(C#N)=CC=C2)=CC=C1,0.0038856987492181362
ClC1=CC(S(NCCNC(CNC(NC2CC2)=O)=O)(=O)=O)=CC=C1,0.002975585055537522
CN(C1=C(C(NCC2SC(Br)=CC=2)=O)C=CC=N1)C,0.005158533435314893
CNC(C1=CC(CNC(C2=C(NC(NC(C)C)=O)C=CC=C2)=O)=CC=C1)=O,0.005554473935626447
COC1=CC=C(NC(C2N(C(C3N=C4N(C=CC(=C4)C)C=3)=O)CCC2)=O)C=C1,0.00419303533853963
COC1=CC=C(NC(C2N(C(CN(C3=NC=CN=C3)C)=O)CCC2)=O)C=C1,0.006483557797037065
CC(C1=C(C)N(C)N=C1)NC(C=CC1=CC(C2=CC=CC=C2)=CC=C1)=O,0.01079034237191081
CC(C(NCCNC1=NC=C(C(F)(F)F)C=C1)=O)SC1=NC=CC=N1,0.0030706868856213987
CCCNC(NC(C(NCCNC1=NC=C(C(F)(F)F)C=C1)=O)(C)C)=O,0.002869272988755256
CC1=NN(CC2=CC=CC=C2)C(NC(C2=C(I)C=C(F)C=C2)=O)=C1,0.006506003718823194
CC1NC2=C(C=C(C=C2)NC(C2N=C3N(C=CC=C3)C=2)=O)C=1,0.002673534827772528
CCCNC(NC(C(NC1=CC2=C(NC(=C2)C)C=C1)=O)(C)C)=O,0.0029316658503375946
CC1NC2=C(C=C(C=C2)NC(CC2=CC3=C(OCO3)C=C2)=O)C=1,0.004831436683889479
CC1=C(C)C=C(C2N(C3CCN(C(C4OC=CC=4)=O)CC3)C(=O)C2OC2=CC=CC=C2)C=C1,0.007173555064946413
CN(C1=CC=C(CCCNC(C2=C(N3N=NN=C3)C=CS2)=O)C=C1)C,0.004427727498114109
CC(C(NCCCC1=CC=C(N(C)C)C=C1)=O)SC1N(C2CC2)N=NN=1,0.005993089638650417
COC(C1=C(C)OC(CNC(C2=CC3C(=NNC=3C)N=C2)=O)=C1)=O,0.0037677348824217915
COC(C1=C(C)OC(CNC(C2=CC(N3C=NC=C3)=NC=C2)=O)=C1)=O,0.004125700728036463
CCC(N1C(C(NC(C2=CC=C(OC(F)F)C=C2)C)=O)CCCC1)=O,0.005089108599349856
NC(C1=C(F)C=CC(NC(C2OC3=C(C=CC=C3Br)C=2)=O)=C1)=O,0.006832751980982721
CC(C1=CC=C(OC2C(=O)N(C3CCN(C(C4OC=CC=4)=O)CC3)C2C2N=CSC=2)C=C1)(C)C,0.00546216054353863
CCCNC(NC(C(NCC1=CC=C(C(N(C(C)C)C)=O)C=C1)=O)(C)C)=O,0.006197597389109433
CC1=CC(C)=C(OC2C(=O)N(C3CCN(C(C4OC=CC=4)=O)CC3)C2C2SC(Cl)=CC=2)C=C1,0.005018888786435127
ClC1SC(C2N(C3CCN(C(C4OC=CC=4)=O)CC3)C(=O)C2OC2=CC(Cl)=CC=C2)=CC=1,0.004749529855325818
FC1=CC(Cl)=C(OC2C(=O)N(C3CCN(C(C4OC=CC=4)=O)CC3)C2C2=CC=C(C#N)C=C2)C=C1,0.003957459493540228
CCOC1=C(OC2C(=O)N(C3CCN(C(C4OC=CC=4)=O)CC3)C2C2N=CSC=2)C=CC(C#N)=C1,0.003699775820132345
FC(COC1=C(CNC(C2CN(C(CCOC3=CC=CC=C3)=O)CCC2)=O)C=CC=N1)(F)F,0.005157109448919073
CN(C1=C(C(NCC2OC3=C(C=CC=C3)C2)=O)C=CC=C1)C(C1CC1)=O,0.008829364459961653
CCCNC(NC(C(NCC1OC2=C(C=CC=C2)C1)=O)(C)C)=O,0.005733541329391301
CC1=C(I)C(C(NC2=C(SC3CCCC3)C=CC=C2)=O)=CC=C1,0.012744179693982005
C=CCN(C(C1=CC=C(C2OC=NC=2)C=C1)=O)CC1=CC=CC=C1,0.007044759136624635
CC1=C(CC(N(CC2=CC=CC=C2)CC=C)=O)C(=O)NC(C2=NC=CC=C2)=N1,0.004196807486005127
O=C(N1C2=C(C=CC=C2)OCC1)CCCC1OC(C2=CC=CC=C2)=CN=1,0.007506315899081528
COC(C(NC(C1=C(I)C(C)=CC=C1)=O)(C)C)=O,0.010297095356509089
COC(C(NC(C1=CC=C(SCC2=CN=CC=C2)C=C1)=O)(C)C)=O,0.00614354838617146
COC(C(NC(C1=C(I)C=C(F)C=C1)=O)(C)C)=O,0.007740935357287526
COC(C(NC(C(OCC1=CC(OC)=CC=C1)C)=O)(C)C)=O,0.009049043478444218
COC(C(NC(C1=C(Cl)C2=C(C=CC(=C2)Br)N1)=O)(C)C)=O,0.004692369606345892
COC1=C(S(N2CCOCC2)(=O)=O)C=C(CC(N(C2CC2)C)=O)C=C1,0.007473165052942932
CCS(NCCNC(C1(C2=CC=C(C(C)(C)C)C=C2)CC1)=O)(=O)=O,0.006821173033677042
CC(CN1CCC(C(NCC2=C(CN3C(=O)CCC3)C=CC=C2)=O)CC1)C,0.010477036191150545
CCCNC(NC(C(NC1=CC(OCC2=CC=NC=C2)=C(OC)C=C1)=O)(C)C)=O,0.004801065509673208
CN(CC1=CC(NC(C2=C(N)C(N(=O)=O)=CC(F)=C2)=O)=CC=C1)C,0.0031376052414998413
CCC(N1C(C(NCC2=CC(Br)=CC=C2)=O)CCCC1)=O,0.008755690278485417
CCOC1=C(OC)C=C(C(NC(C(SC2=NC=CC=N2)C)=O)C)C=C1,0.00933264116756618
CC(NC(NC1=C(C(N(CC(NC2=CC=CC=C2)=O)C)=O)C=CC=C1)=O)C,0.005456412280909717
CN(C(CSCC1=CC=NC=C1)=O)CC(NC1=CC=CC=C1)=O,0.005467711482197046
CC1SC=C(CCN2C(=O)C(OC3=C(C)C=C(C)C=C3)C2C2=CC=C(C#N)C=C2)N=1,0.004806034173816443
CC(C1=C(Cl)C=CC=C1)N(C(C1C(=O)NC(C)=CC=1)=O)C1CC1,0.006424766150303185
CC1SC=C(CCN2C(=O)C(OC3=CC=C(N4C(=O)CCC4)C=C3)C2C2=CC=C(C#N)C=C2)N=1,0.003541688690893352
COC1=CC(OC2C(=O)N(CCC3N=C(C)SC=3)C2C2=CC=C(C#N)C=C2)=CC=C1,0.004190406820271164
CN(C1=C(C(NCC2CCC2)=O)C=CC=C1)C(C1OC(Br)=CC=1)=O,0.012939367443323135
COC1=C(OC(C)C)C=CC(C(NC(C2(NC(C)=O)CCCCC2)=O)C)=C1,0.011818772926926614
COC1=C(OC(C)C)C=CC(C(NC(C(S(C(C)C)(=O)=O)C)=O)C)=C1,0.009720613481476903
NC(C1(CCOCC1)CNC(CCOCC1=CC=CC=C1)=O)=O,0.007424758374691009
NC(C1(CCOCC1)CNC(CC1=CC2=C(OCO2)C=C1)=O)=O,0.008143977308645845
FC(COC1=CC(NC(C2=C(N3N=NN=C3)C=CS2)=O)=CC=C1)(F)F,0.0032570718438364567
CSC1=CC=C(C(NC(C(S(C(C)C)(=O)=O)C)=O)C)C=C1,0.007332846336066723
CCC(NC1=CC=C(C(NC(C(SC2=NC=CC=N2)C)=O)C)C=C1)=O,0.007531312410719693
CCCNC(NC(C(NC(C1=CC=C(NC(CC)=O)C=C1)C)=O)(C)C)=O,0.006243315478786826
CC1N=C(N2CCN(C(CC3=CC4=C(OCO4)C=C3)=O)CC2)SC=1,0.006777397426776588
CCNC(C1=C(NC(CSCC2=NC=CC=C2)=O)C=CC=C1)=O,0.004488330450840294
CCNC(C1=C(NC(CSCC2=CC=NC=C2)=O)C=CC=C1)=O,0.004461621830705554
O=C(N(C1CCCC1)CC1OC=CC=1)COC1=CC(NC(C2OC=CC=2)=O)=CC=C1,0.009552866779267788
CCN1C2=C(C=CC=C2)C=C1C(NC1=CC(C(NCC(N)=O)=O)=CC=C1)=O,0.005807858356274664
BrC1SC=C(CNC(CSCC2=CC=NC=C2)=O)C=1,0.0064433263149112465
CCCCN(C(CC1=CC2=C(OCO2)C=C1)=O)CC(N)=O,0.010294528957456351
O=C(C1=CC=C(C2OC=NC=2)C=C1)N(C1CCCCC1)C1CC1,0.01258603329770267
O=N(C1=CC=C(CC(NC2CCN(C(C3CCCCC3)=O)CC2)=O)C=C1)=O,0.005812058853916824
CC1=CC=C(C(C(NC2CCN(C(C3CCCCC3)=O)CC2)=O)=O)C=C1,0.014130867505446076
O=C(C1=CC2=C(N(C(NC2=O)=O)C2CC2)N=C1)NC1CCN(C(C2CCCCC2)=O)CC1,0.004471233184449375
O=C(NC1CCN(C(C2CCCCC2)=O)CC1)CCNC1=CC=CC=C1,0.00907924110069871
CC1=C(NCCC(NC2CCN(C(C3CCCCC3)=O)CC2)=O)C=CC=C1,0.009689370542764664
O=C(NC1CCN(C(C2CCCCC2)=O)CC1)CSCC#N,0.004847443888138514
O=C(C1=C2C(NN=C2)=CC=C1)NCC1=CC(C(N2CCCCC2)=O)=CC=C1,0.004498628550209105
CC(N(C(C1=CC=C(N2C(=O)OCC2)C=C1)=O)CC1=CC=C(N(C)C)C=C1)C,0.00831308150663972
CC(C1=CC=C(OCC2=CN=CC=C2)C=C1)NC(CSC1NC=NN=1)=O,0.004379580146633089
COC1=CC=C(NC(C2N(C(C3=NC4=C(C=CC=C4)C=C3)=O)CCC2)=O)C=C1,0.005337041523307562
COC1=CC=C(NC(C2N(C(C3=CC4=C(OCO4)C=C3)=O)CCC2)=O)C=C1,0.008188020600937308
COC1=CC=C(NC(C2N(C(C3=CC(C#N)=CC=C3)=O)CCC2)=O)C=C1,0.005588736524805427
COC1=CC=C(NC(C2N(C(C3=CC(F)=CC(F)=C3)=O)CCC2)=O)C=C1,0.0061343943933025
COC1=CC=C(NC(C2N(C(C3NC4=C(C=CC=C4)C=3)=O)CCC2)=O)C=C1,0.004058421985246241
COC1=CC=C(NC(C2N(C(C3N=C4N(C=CC=C4)C=3)=O)CCC2)=O)C=C1,0.00392922960454598
COC1=CC=C(NC(C2N(C(CCC3OCCC3)=O)CCC2)=O)C=C1,0.009293961012735963
COC1=CC=C(NC(C2N(C(C3N=C4N(C(=CC=C4)C)C=3)=O)CCC2)=O)C=C1,0.004254424979444593
COC1=CC=C(NC(C2N(C(C3N(C)C=C(C(C)=O)C=3)=O)CCC2)=O)C=C1,0.010398522671312093
COC1=CC=C(NC(C2N(C(CCOC(C)C)=O)CCC2)=O)C=C1,0.008576960093341768
CCOC(NCCC(N1C(C(NC2=CC=C(OC)C=C2)=O)CCC1)=O)=O,0.0047080654534511265
COC1=C(OC)C=C(C=CC(NCC2=C(N3N=CN=C3)N=CC=C2)=O)C=C1,0.006205271743237972
O=N(C1=C(C=CC(NCC2=C(N3N=CN=C3)N=CC=C2)=O)C=CC=C1)=O,0.0036332196556031703
O=C(C=CC1=CC2=C(OCO2)C=C1)NCC1=C(N2N=CN=C2)N=CC=C1,0.005508802412077784
O=N(C1=CC(C=CC(NCC2=C(N3N=CN=C3)N=CC=C2)=O)=CC=C1)=O,0.002880634868051857
CN(CC(F)(F)F)CCCNC(C1=CC=C(N2N=C(C)CC2)C=C1)=O,0.00489813084132038
COC1=CC=C(NC(C2N(C(C=CC3SC=CN=3)=O)CCC2)=O)C=C1,0.005042229103855789
COC1=CC=C(NC(C2N(C(C3=CN(C(C)(C)C)N=C3)=O)CCC2)=O)C=C1,0.00717693087644875
FC1=CC(OC2=C(CNC(C3OC4=C(C=CC=C4)C3)=O)C=CC=N2)=CC=C1,0.005296010826714337
FC1=CC(OC2=C(CNC(C3N=C4N(C=CC=C4)C=3)=O)C=CC=N2)=CC=C1,0.0034027358633466065
CN(C1=C(C(NCC2=C(N(C)C)N=CC=C2)=O)C=C(N(=O)=O)C=C1)C,0.003381139179691672
CN(C1=C(CNC(C2=CC(N(=O)=O)=C(N3N=CN=C3)C=C2)=O)C=CC=N1)C,0.0032098023919388654
CC(C(NCC1=C(N(C)C)N=CC=C1)=O)N1C(=O)C2=C(C=CC(=C2)C)C1=O,0.0030361476936377587
CN(C1=C(CNC(CNS(C2SC=CC=2)(=O)=O)=O)C=CC=N1)C,0.002576720603974536
BrC1=CN=C(N2CCN(C(CSCC#N)=O)CC2)N=C1,0.0027230262910961757
O=C(C1=C(C2=CC=CC=C2)C=CC=C1)NC1=CC=C(N2C(=O)CCCC2=O)C=C1,0.0027983403706457466
CNC(C1=C(NC(C2=CC(N(=O)=O)=C(NC)C=C2)=O)C=CC(Cl)=C1)=O,0.004855450976174324
CNC(C1=C(NC(C2CCN(C(C3CC3)=O)CC2)=O)C=CC(Cl)=C1)=O,0.006759841623716056
CNC(C1=C(NC(CC2N=C(C3=CC=CC=C3)OC=2)=O)C=CC(Cl)=C1)=O,0.0037840582081116736
CNC(C1=CC=C(C=CC(NC2=C(C(NC)=O)C=C(Cl)C=C2)=O)C=C1)=O,0.006563753052614629
CNC(C1=C(NC(C2CN(C3=NC=CC=N3)CCC2)=O)C=CC(Cl)=C1)=O,0.004636667866725475
O=C(NC1CCN(C(C2(C#N)CCCC2)=O)CC1)CCC1=CC=CC=C1,0.006336016947170719
O=C(NC1CCN(C(C2(C3=CC=CC=C3)CCC2)=O)CC1)CCC1=CC=CC=C1,0.010130984615534544
O=C(NC1CCN(C(CCNC2=CC=CC=C2)=O)CC1)CCC1=CC=CC=C1,0.00696026321966201
O=C(NC1CCN(C(CSCC#N)=O)CC1)CCC1=CC=CC=C1,0.0032823961635585876
CC(C1CC1)=CC(N1CCN(C(C2SC(N(=O)=O)=CC=2)=O)CC1)=O,0.007438040198758244
CCCS(N1CCC(NC(CC2=CC=C(N(=O)=O)C=C2)=O)CC1)(=O)=O,0.0028720796224661173
CCCS(N1CCC(NC(C2(C3=CC=CC=C3)CCC2)=O)CC1)(=O)=O,0.006521581555716693
CCCS(N1CCC(NC(CCNC2=CC=CC=C2)=O)CC1)(=O)=O,0.004760968673508614
CCCS(N1CCC(NC(CCNC2=C(C)C=CC=C2)=O)CC1)(=O)=O,0.005157429352402687
CNC(C1=CC(C)=C(NC(C2=C(C)C(N(=O)=O)=CC=C2)=O)C=C1)=O,0.0057146966573782265
CCN(C(C1C(=O)NC(C)=CC=1)=O)C(C1=CC=C(C#N)C=C1)C,0.005022683227434754
CC(C1=CC(NC(C2=CC=CC=C2)=O)=CC=C1)NC(CSCC#N)=O,0.00305445982812671
CCS(N(CCCNC(C1N(C)C2=C(C=CC=C2)C=1Cl)=O)C)(=O)=O,0.004199084069114178
CCS(N(CCCNC(CNC(NCC1OC=CC=1)=O)=O)C)(=O)=O,0.0030346698593348266
CC(NC(NC1=CC=C(CNC(C(C2CCCC2)NC(C)=O)=O)C=C1)=O)C,0.006834730831906199
CC(NC(NC1=CC=C(CNC(CCNC2=CC=CC=C2)=O)C=C1)=O)C,0.0053363476530648764
CC(NC(NC1=CC=C(CNC(CSCC#N)=O)C=C1)=O)C,0.0017196353954204823
FC1=C(C(N2CCC(NC(CCNC3=CC=CC=C3)=O)CC2)=O)C=CC=C1,0.00509240182582289
FC1=C(C(N2CCC(NC(CSCC#N)=O)CC2)=O)C=CC=C1,0.0023332812026637837
CC(C1=CC=C(NC(N)=O)C=C1)NC(C1N(C)C=C(C(C)=O)C=1)=O,0.006943631498143077
ClC1=C(C=CC(NCC2=COC=C2)=O)N2C(C=CC=C2)=N1,0.004664664214942604
O=N(C1=C(C=CC(NCC2=COC=C2)=O)C=C2C(OCO2)=C1)=O,0.006095408299006522
FC(SC1N(CC(NCC2=COC=C2)=O)C2=C(C=CC=C2)N=1)F,0.0035791781963780524
CC1C(C=CC(NCC2=COC=C2)=O)=C(Cl)N(C)N=1,0.007494038599543273
FC(C1=CC(C2(C(NCC3=COC=C3)=O)CCCC2)=CC=C1)(F)F,0.006607855879701674
CC1=CC(S(C2(C(NCC3=COC=C3)=O)CCCC2)(=O)=O)=C(C)C=C1,0.00920151760801673
CC(C(NC1=CC(N2N=CC=C2)=CC=C1)=O)NC(C1=CC(N(=O)=O)=CC=C1)=O,0.0030034677358344196
COC(C1=C(CC(NC2CC3=C(C=CC=C3)OC2)=O)NC(C(C)=O)=C1C)=O,0.0074845411814749244
CC1=C(CC(NC2CC3=C(C=CC=C3)OC2)=O)C(=O)NC(C2=CN=CC=C2)=N1,0.0040225250762887296
CN(C1=C2C(N=CN2)=NC=N1)CC(NC1CC2=C(C=CC=C2)OC1)=O,0.003415314061567187
CC(OC(NC(C(NCC1=NNC=C1)=O)CC1=CC=CC=C1)=O)(C)C,0.003025162173435092
ClC1C2=C(C=CC(=C2)Br)NC=1C(NCC1=NNC=C1)=O,0.00424030473222956
O=C(C1=NSN=C1)N(C1C2=C(C=CC=C2)CCC1)C1CC1,0.016571831423789263
FC(COC1=NC=CC(CNC(CC2=NN3C(N=CC=C3)=N2)=O)=C1)(F)F,0.0029790404718369246
FC(COC1=NC=CC(CNC(C2N(CC#C)CCCC2)=O)=C1)(F)F,0.0024915027286624538
CCOCCN1C(=O)C(OC2=C(F)C=CC=C2)C1C1SC=CC=1,0.004782781540416181
CCOC1=CC=C(NC2=C(C(NCCCC(N)=O)=O)C=CC=N2)C=C1,0.004137118614744395
CCOCCN1C(=O)C(OC2=CC=C(F)C=C2)C1C1=CSC=C1,0.004513913369737566
CC1(C(=O)N(CCCC(N2C(C3=CC=CC=C3)CC2)=O)C(=O)N1)C,0.0025513968314044176
O=C(N1C(C2=CC=CC=C2)CC1)C1CCN(C2=NC=CC=N2)CC1,0.008441675920039415
CC(NC1=CC(CNC(C2N(C)C3=C(C=CC=C3)C=2Cl)=O)=CC=C1)=O,0.00535050630569458
CN1C(SCCC(NCC2=CC(OC3=CC=CC=C3)=CC=C2)=O)=NN=N1,0.0050765794003382325
CC(CC(C1=CC=CC=C1)NC(CSC1CS(=O)(=O)CC1)=O)(C)C,0.008232178539037705
CC(CN(C(C1=CC2=C(C(N(S2(=O)=O)C2CC2)=O)C=C1)=O)C1CCCCC1)C,0.011626012809574603
CC1N(CC2SC=CC=2)C(C)=C(C(NC2=CC=C(N3N=CC=N3)C=C2)=O)C=1,0.007539145834743977
CC1=C(NCCC(NC2=CC=C(N3N=CC=N3)C=C2)=O)C=CC=C1,0.006598599604330957
CC(C1=CC=C(NS(C)(=O)=O)C=C1)NC(C=CC1=NC=CC=C1)=O,0.0036394511756952853
CC(C1=CC=C(N2N=NC(C(N)=O)=C2)C=C1)NC(C1(C2=CC=C(Cl)C=C2)CCCC1)=O,0.006751757301390171
CC(C1=CC=C(N2N=NC(C(N)=O)=C2)C=C1)NC(C1=NOC(C2=CC=CC=C2)=C1)=O,0.007305585290305316
CN(C(C1=C(Cl)C=NC(NCC2=CC=CC=C2)=N1)=O)CC(N)=O,0.005431119084823877
ClC1C2=C(C=CC(=C2)Br)NC=1C(NC1CCN(C2=NC=CC=N2)CC1)=O,0.0034772658371366562
O=N(C1=CC=C(NCCCC(N(C2CC2)CC2N(C(F)F)C=CN=2)=O)C=C1)=O,0.0023087238892912864
COCCN(C(C1C(=O)NC(C)=CC=1)=O)C1CCCC1,0.00781860777642578
CC1NC(=O)C(C(N2C(C3=CC=NC=C3)CCCCC2)=O)=CC=1,0.006634462135843932
FC(C1=CN=C(NCCCNC([C@H]2N(C3C4=C(C=CC=C4)S(=O)(=O)N=3)CCC2)=O)C=C1)(F)F,0.0018810981011483819
CC1N(C2=CC=CC=C2)C(C)=C(C(NCC2=C(N3N=CN=C3)N=CC=C2)=O)C=1,0.006699693761765957
COC1=C(OC)C(C=CC(NCC2=C(N3N=CN=C3)N=CC=C2)=O)=CC=C1,0.0062137707369402054
CCOC1=C(OCC(NCC2=C(N3N=CN=C3)N=CC=C2)=O)C=CC=C1,0.006216068658977747
FC(OC1=CC=C(C=CC(NCC2=C(N3N=CN=C3)N=CC=C2)=O)C=C1)F,0.0034981618518941104
O=C(NCC1=C(N2N=CN=C2)N=CC=C1)CC1C2=C(C=C3C(=C2)CCC3)OC=1,0.008229456702247262
COC1=C(OCC(NCC2=C(N3N=CN=C3)N=CC=C2)=O)C=CC(C=CC)=C1,0.006595540582202375
O=C(C1=C2C(C=CC=C2)=NC(C2CC2)=C1)NCC1=C(N2N=CN=C2)N=CC=C1,0.0065198711352422835
O=C(C=CC1=CN(C2=CC=CC=C2)N=C1)NCC1=C(N2N=CN=C2)N=CC=C1,0.006051173759624362
COC1=CC(C=CC(NCC2=C(N3N=CN=C3)N=CC=C2)=O)=CC(OC)=C1,0.005939778452739119
CC1=CC=C(C2=C(C(NCC3=C(N4N=CN=C4)N=CC=C3)=O)SC=C2)C=C1,0.005253023328259587
ClC1=CC2=C(OCC(C(NCC3=C(N4N=CN=C4)N=CC=C3)=O)=C2)C=C1,0.005065921670757234
CC1N(CC2=CC=CC=C2)C(C)=C(C(NCC2=C(N3N=CN=C3)N=CC=C2)=O)C=1,0.006874490855261683
CCC1SC(CNC(CS(C2=CC=C(N(=O)=O)C=C2)(=O)=O)=O)=CC=1,0.0029240052972454578
FC(OC1=C(C=CC(NCC2=C(N3N=CN=C3)N=CC=C2)=O)C=CC=C1)F,0.003899245767388493
O=C(C=CC1=C2C(C=CC=C2)=CC=C1)NCC1=C(N2N=CN=C2)N=CC=C1,0.005685734190046787
COC1=C(OC(F)F)C(C(NCC2=C(N3N=CN=C3)N=CC=C2)=O)=CC=C1,0.004950529546476901
FC1=CC=C(C2(C(NCC3=C(N4N=CN=C4)N=CC=C3)=O)CCCC2)C=C1,0.006186584569513797
FC1=CC=C(C2(C(NCC3=C(N4N=CN=C4)N=CC=C3)=O)CCC2)C=C1,0.00576025468762964
CC1=C(C)C(OCCC(NCC2=C(N3N=CN=C3)N=CC=C2)=O)=CC=C1,0.0065419023856520655
CC1N(C2=C(C)C=CC=C2)N=CC=1C(NCC1=C(N2N=CN=C2)N=CC=C1)=O,0.006774551654234529
ClC1=CC=C(OCCC(NCC2=C(N3N=CN=C3)N=CC=C2)=O)C=C1,0.005001052701845765
CCOC1=C2C(C=C(C(NCC3=C(N4N=CN=C4)N=CC=C3)=O)CO2)=CC=C1,0.006512044370174408
CCC1SC(CNC(C2=C(NC(C)=O)C=C(OC)C(OC)=C2)=O)=CC=1,0.006846743589267135
O=N(C1=CC=C(CC(N2CCN(C3=C(C#N)C=CC=C3)CCC2)=O)C=C1)=O,0.00431004767306149
O=C(N1CCN(C2=C(C#N)C=CC=C2)CCC1)C=CC1=CC=C(C#N)C=C1,0.007931652059778572
O=C(N1CCN(C2=C(C#N)C=CC=C2)CCC1)C=CC1OC2=C(C=CC=C2)N=1,0.004926353762857616
CC(NC(C(N1CCN(C2=C(C#N)C=CC=C2)CCC1)=O)C1CCCC1)=O,0.007415552577003837
CC1=NN(C2=CC=C(CCNC(CSC3NC=NN=3)=O)C=C2)C(C)=C1,0.00416784497210756
CC(NC(C1=C(NC(C2=CSC=C2)=O)C=CC=C1)=O)CN1CCOCC1,0.0067712086718529465
COC1=C(C=CC(N2CCN(CC3=C(C)ON=C3C)CC2)=O)C=CC=C1,0.009924979507923126
CC([C@@H](C(N1CCN(CC2=C(C)ON=C2C)CC1)=O)NC(OCC1=CC=CC=C1)=O)C,0.005712611810304224
CC1C(CN2CCN(C(CN3C(=O)NC(=O)C=C3)=O)CC2)=C(C)ON=1,0.003319322771858424
CC1C(CN2CCN(C(C=CC3=C4C(C=CC=N4)=CC=C3)=O)CC2)=C(C)ON=1,0.009068072633817792
CC1C(CN2CCN(C(C3(C4=CC=C(F)C=C4)CCC3)=O)CC2)=C(C)ON=1,0.009089356567710639
CN(C1=CC=C(C=CC(N2CCN(CC3=C(C)ON=C3C)CC2)=O)C=C1)C,0.009284421615302563
CC1C(CN2CCN(C(CCNC3=C(C)C=CC=C3)=O)CC2)=C(C)ON=1,0.0076221283059567215
CC1C(CN2CCN(C(C=CC3=C(F)C=CC=C3F)=O)CC2)=C(C)ON=1,0.006563487206585705
CC(C1=CC=C(NC(NC2=CC=CC=C2)=O)C=C1)NC(CCN1N=CN=C1)=O,0.004150681430473924
CC(C1=CC=C(NC(NC2=CC=CC=C2)=O)C=C1)NC(CSCC#N)=O,0.002159626391949132
CN(C(CC1C(=O)NC(C2=CN=CC=C2)=NC=1C)=O)CCCC1=CC=CC=C1,0.004630282148718834
CN(C(CC1C(=O)NC(C2=CC=NC=C2)=NC=1C)=O)CCCC1=CC=CC=C1,0.004707008192781359
CC(C1=CC(OC(F)F)=CC=C1)NC(C1CCN(S(N)(=O)=O)CC1)=O,0.004594230721704662
CC(C(N1CCC(NC(C2ON=C(C3=CC(F)=CC=C3)C2)=O)CC1)=O)(C)C,0.005397928529419005
COC1=CC=C(CN(C(C(SC)C)=O)CC2=CC=CC=C2)C=C1,0.01157650826498866
O=C(NCC1=CC(C(N2CCCC2)=O)=CC=C1)CCNC1=CC=CC=C1,0.007226772513240576
CC1N(C2=CC3=C(OCCO3)C=C2)C(C)=C(C(NCC2=CC(C(N3CCCC3)=O)=CC=C2)=O)C=1,0.008238534489646555
CC1(OC2=C(C=CC(=C2)NC(C2NCC(=O)N(C3=CC=CC=C3)N=2)=O)O1)C,0.0046463038423098625
CC1(OC2=C(C=CC(=C2)NC(C2N(C(NC3CCCCC3)=O)CCC2)=O)O1)C,0.006065443903207779
CCOC(NCCC(NC1=C(N2CCCC2)N=CC=C1)=O)=O,0.003959169622976333
COC1=C(C(NC2=CC(C3(C(=O)NC(=O)N3)C)=CC=C2)=O)C=CC=N1,0.0016876413021236659
COC1=C(OC)C(C(NC2=CC=C(OCCC(N)=O)C=C2)=O)=CC=C1,0.00805066986940801
CC1=NC2=C(C=CC(=C2)F)C(C(NC2=CC=C(OCCC(N)=O)C=C2)=O)=C1,0.004841840756125748
CSC1=CC(C(NC2=CC=C(OCCC(N)=O)C=C2)=O)=C(Cl)C=C1,0.005092962668277324
CC1=CC2=C(N=C(C(C(NC3=CC=C(OCCC(N)=O)C=C3)=O)=C2)C)C=C1,0.006393708637915552
NC(CCOC1=CC=C(NC(C2=C(OC(F)F)C=CC=C2)=O)C=C1)=O,0.005307927797548473
NC(CCOC1=CC=C(NC(C2(C3=CC(Cl)=CC=C3)CC2)=O)C=C1)=O,0.006887445598840714
CC1=CC2=C(C=C(C(=N2)C)C(NC2=CC=C(OCCC(N)=O)C=C2)=O)C=C1,0.006401545531116426
NC(CCOC1=CC=C(NC(C2(C3=CC=CC=C3)CCOCC2)=O)C=C1)=O,0.007488093292340636
NC(CCOC1=CC=C(NC(C2=C(Cl)C3=C(C=CC=C3)N2)=O)C=C1)=O,0.0036507258540950716
COC1=CC2=C(OC(=C2C(NC2=CC=C(OCCC(N)=O)C=C2)=O)C)C=C1,0.006697082985192537
CC1=C(C(NC2=CC=C(OCCC(N)=O)C=C2)=O)C=CC(Br)=C1,0.007804953865706921
NC(CCOC1=CC=C(NC(C2=C3C(C=CC=N3)=CC(Cl)=C2)=O)C=C1)=O,0.004864570219069719
COC(COC1=CC=C(NC(C2=C3C(NN=C3)=CC=C2)=O)C=C1)=O,0.003428714699111879
COC(COC1=CC=C(NC(CCN2N=CC=C2)=O)C=C1)=O,0.004993557743728161
CN(C1=CC(C)=C(NC(CSC2CS(=O)(=O)CC2)=O)C=C1)C,0.005018580448813736
COC1=C(OC)C(OC)=CC(C(NC(C2=C3C(NN=C3)=CC=C2)=O)C)=C1,0.005695581319741905
NS(C1OC(C(NCC2=CC(OCC(F)(F)F)=CC=C2)=O)=CC=1)(=O)=O,0.003911524708382785
CCCNC(NC(C(NCC1=CC(OCC(F)(F)F)=CC=C1)=O)(C)C)=O,0.004463603877229616
CCN1C(=O)C2=C(C=C(C(NC3=C(COC)C=CC=C3)=O)C=C2)N=C1S,0.003689623478567228
COCC1=C(NC(C2=CC3=C(C(N(C(=N3)S)C)=O)C=C2)=O)C=CC=C1,0.003773062719847076
COCC1=C(NC(C2OC(CSC3N(C)C=CN=3)=CC=2)=O)C=CC=C1,0.005964689212851227
CC1(C2=CC=C(NC(C3=C(N4CCCCC4)N=CC=C3)=O)C=C2)C(=O)NC(=O)N1,0.001969696913147345
CC1=C(I)C(C(NC2=CC(OC3=NC=CC=N3)=CC=C2)=O)=CC=C1,0.005540040018968284
NC(CC1=C(NC(CCC(C2=CC3=C(CCCC3)C=C2)=O)=O)C=CC=C1)=O,0.01582996002398431
CC(OC(N1CCC(C(NC2=C(CC(N)=O)C=CC=C2)=O)CC1)=O)(C)C,0.0052059212466701865
COC1=C(Cl)C=C(C(NC2=C(CC(N)=O)C=CC=C2)=O)C=C1Cl,0.0077016606694087384
CC1=CC2=C(C=C(C(NC3=C(CC(N)=O)C=CC=C3)=O)N2)C(C)=C1,0.004226635687518865
COC1=C(OCC=C)C=CC(C(NC2=C(CC(N)=O)C=CC=C2)=O)=C1,0.008094570878893138
CN1C(SCC2OC(C(NC3=C(CC(N)=O)C=CC=C3)=O)=CC=2)=NC=C1,0.004509735642932356
NC(CC1=C(NC(C2=CC=C(N3C(=O)OCC3)C=C2)=O)C=CC=C1)=O,0.004820208763703704
NC(CC1=C(NC(C2N=C(C3=CC(Cl)=CC=C3)SC=2)=O)C=CC=C1)=O,0.0037618379457853733
NC(CC1=C(NC(CNC(C2=C(O)C3=C(C=CC=C3)N=C2)=O)=O)C=CC=C1)=O,0.005956683657132089
NC(C1=CC=C(C(NC2=CC(OC3=NC=CC=N3)=CC=C2)=O)C=C1)=O,0.004229697003029287
COC(C1C(C)=C(C(NC2=CC(OC3=NC=CC=N3)=CC=C2)=O)NC=1C)=O,0.004243733757175505
CC1N(C2=C(F)C=CC=C2)C(C)=C(C(NC2=CC(OC3=NC=CC=N3)=CC=C2)=O)C=1,0.00546836203429848
FC1=C2C(NC(C(NC3=CC(OC4=NC=CC=N4)=CC=C3)=O)=C2)=CC(Br)=C1,0.003487162187229842
BrC1C2=C(C=CC=C2)NC=1C(NC1=CC(OC2=NC=CC=N2)=CC=C1)=O,0.003475106158293784
CC1=C(N(=O)=O)C=CC=C1C(NC1=CC=C(C2OC=NN=2)C=C1)=O,0.004105883603915572
ClC1=C2C(C=CC=C2)=C(OCC(NC2=CC=C(C3OC=NN=3)C=C2)=O)C=C1,0.004657374229282141
FC1=CC=C(C2SC(C(NC3=CC=C(C4OC=NN=4)C=C3)=O)=CC=2)C=C1,0.0048910687444731595
FC1=C(C2ON=C(C(NC3=CC=C(C4OC=NN=4)C=C3)=O)C=2)C=CC=C1,0.005495698726736009
O=C(C1=C(C(C2SC=CC=2)=O)C=CC=C1)NC1=CC=C(C2OC=NN=2)C=C1,0.007156033464707434
CN1C(=O)CCC(C(NC2=CC=C(C3OC=NN=3)C=C2)=O)=N1,0.003952402831055224
FC1=C(NC2=C(C(NC3=CC=C(C4OC=NN=4)C=C3)=O)C=CC=N2)C=CC=C1,0.004373805143404752
CC(C(NC1=CC=C(C2OC=NN=2)C=C1)=O)NC(OC(C)(C)C)=O,0.003575308609288186
COC(C1=CC(C(NC2=CC=C(C3OC=NN=3)C=C2)=O)=CC=C1)=O,0.00467963102273643
CS(C1=NC=C(NC(C2NC3=C(C=CC(=C3)Br)C=2)=O)C=C1)(=O)=O,0.003333197545725852
CC1C2=C(C=CC=C2)SC=1C(N(CC1OCCC1)CC1OCCC1)=O,0.011422579595819115
COC(CNC(C1=CC(NC(C2(C(Cl)(Cl)C2)C)=O)=CC=C1)=O)=O,0.005452864656535894
COC(CNC(C1=CC(NC(C2=C(C)C(C)=CC=C2)=O)=CC=C1)=O)=O,0.006867639045231045
COC(CNC(C1=CC(NC(/C=C(\C)/C)=O)=CC=C1)=O)=O,0.006366385007277131
COC(CNC(C1=CC(NC(C2=CC(F)=C(F)C=C2)=O)=CC=C1)=O)=O,0.006048924196511507
COC(CNC(C1=CC(NC(C=CC2=CN=CC=C2)=O)=CC=C1)=O)=O,0.00498587756883353
COC(CNC(C1=CC(NC(C2=C(F)C=CC=C2F)=O)=CC=C1)=O)=O,0.005455246916972101
COC(CNC(C1=CC(NC(C2=CN=C(N(C)C)C=C2)=O)=CC=C1)=O)=O,0.005033529526554048
CC1N2C(=NC(C(NC3=CN=C(OC4=CC=C(F)C=C4)C=C3)=O)=C2)C=CC=1,0.0035041172406636177
CC1=CC(OC2=NC=C(CNC(CSC3NC=NN=3)=O)C=C2)=C(C)C=C1,0.0037088066805154086
CC1=CC(OC2=NC=C(CNC(CN3C(=O)N=CC=C3)=O)C=C2)=C(C)C=C1,0.0048270818777382376
CC1=CC(OC2=NC=C(CNC(CNC(NC3CC3)=O)=O)C=C2)=C(C)C=C1,0.004306360543705523
CC1N(CCCCNC(C2=CC3=C(C(N(C3=O)CCC3=CC=CC=C3)=O)C=C2)=O)CCCC1,0.0044095628778450194
CC(NC(C1CC(C(N)=O)N(C2=CC=CC=C2)N=1)=O)CN1C=NC=C1,0.003332115896046162
CC(NC(C1C(=O)NC(C2=CC(C)=CC=C2)=CC=1)=O)CN1C=NC=C1,0.003148324164794758
CC(NC(C1C(=O)NC(C2=CC=CC=C2)=CC=1)=O)CN1C=NC=C1,0.0028828691109083595
CC(NC(C1CN(C(C2=CC(C)=CC(C)=C2)=O)CCC1)=O)CN1C=NC=C1,0.005771550489589572
CNC1=C(C(NC2C3N(CCCC3)CC2)=O)C=C(N(=O)=O)C=C1,0.0047834396827965975
O=N(C1=C(NCCC(NC2C3N(CCCC3)CC2)=O)C=CC=C1)=O,0.0054329619044438
COC1=C(OC)C=C(N(=O)=O)C(C(NC2C3N(CCCC3)CC2)=O)=C1,0.007959592272527516
FC1=C(NC2=C(C(NC3C4N(CCCC4)CC3)=O)C=CC=N2)C=CC=C1,0.005678814859129489
CC(S(C(C(NC(CC1=CC=C(Br)C=C1)C)=O)C)(=O)=O)C,0.01000192821957171
O=N(C1=CC(OCC(NC2C3N(CCCC3)CC2)=O)=CC=C1)=O,0.005648304824717343
O=C(NC1C2N(CCCC2)CC1)CC1=CC=C(N2C=CC=C2)C=C1,0.008021836820989846
FC1=C2C(NC(C(NC3C4N(CCCC4)CC3)=O)=C2)=CC(Br)=C1,0.004858995601534843
FC1=CC(C2CC(C(NC3C4N(CCCC4)CC3)=O)ON=2)=CC=C1,0.005821442371234298
CC1=CC=C(C2=NOC(C(NC3C4N(CCCC4)CC3)=O)=C2)C=C1,0.007146123633719981
CC(C(NC1C2N(CCCC2)CC1)=O)OC1=C(Cl)C(Cl)=CC=C1,0.009781847894191741
BrC1=CC=C(OC2=C(C(NC3C4N(CCCC4)CC3)=O)C=CC=N2)C=C1,0.0067915592808276415
FC1=CC(C2=NOC(C(NC3C4N(CCCC4)CC3)=O)=C2)=CC=C1,0.005444564833305776
O=C(C1C(=O)NC(C2=CC=CC=C2)=CC=1)NC1C2N(CCCC2)CC1,0.005143004050478339
CC(S(C1=CC=C(F)C=C1)(=O)=O)C(NC1C2N(CCCC2)CC1)=O,0.006439807661809027
CC1NC(=O)C(C(NC2C3N(CCCC3)CC2)=O)=CC=1,0.00580823898781091
CC1N=C(C2=C(NC(C3=C(C)C=C(Br)C=C3)=O)C=CC=C2)NN=1,0.00436847812961787
CC1N=C(C2=C(NC(C3=NN(C4=CC(Cl)=CC=C4)C=C3)=O)C=CC=C2)NN=1,0.0033104481874033807
CC1N=C(C2=C(NC(CCCOC3=CC(F)=CC=C3)=O)C=CC=C2)NN=1,0.003155130275990814
CC(OC1=CC(C(NC(CSC2NC=NN=2)=O)C)=CC=C1)C,0.004892626102082432
CN(C(C1=C(NC2=C(F)C=CC=C2)N=CC=C1)=O)CC1SC=C(Br)C=1,0.005790521879680455
CC1C(OCCNC(C2CCN(S(N)(=O)=O)CC2)=O)CCCC1,0.0083757605869323
COC(NCC(NC1=CC2=C(NC(C3=CC=C(F)C=C3)=N2)C=C1)=O)=O,0.001688103104243055
CCNC(C1=CC(CNC(C2C3=C(C=CC=C3)N(CC(C)C)C=2)=O)=CC=C1)=O,0.00851923346053809
CCN1C(CNC(C2=C3C(C=CC=C3)=NC3=C2CCC3=CC2=CC=CC=C2)=O)=NN=C1,0.008444484788924456
NC(CN1N=CC(NC(C2COC3=C(C=CC=C3)C=2)=O)=C1)=O,0.0055694969603791835
CC1=C(C)C(OCCC(NC2=CN(CC(N)=O)N=C2)=O)=CC=C1,0.006452009594067931
NC(CN1N=CC(NC(CCOC2=CC(Cl)=CC=C2)=O)=C1)=O,0.005426561227068305
NC(CN1N=CC(NC(CCOC2=CC=C(Cl)C=C2)=O)=C1)=O,0.00549497262109071
CN1C(SCCC(NCCOC2=CC(Cl)=CC=C2)=O)=NN=N1,0.0036934465519152583
CC(C(NCCOC1=CC(Cl)=CC=C1)=O)SC1=NC=CC=N1,0.00525557859800756
CC1=CC(C(NCCOC2=C(C)C=CC=C2C)=O)=C(NS(C)(=O)=O)C=C1,0.004315976379439234
CC1=C(OCCNC(C2=C(Cl)C3=C(C=CC(=C3)F)N2)=O)C(C)=CC=C1,0.0033959893276914953
CC(C(NCCOC1=C(C)C=CC=C1C)=O)SC1=NC=CC=N1,0.007672320096753537
CCN(C(C1C(=O)NC(C)=CC=1)=O)CC1=C(F)C=C(C#N)C=C1,0.0032076837786007674
CC(NC(CN1N=C(N(=O)=O)N=C1)=O)CC1=CC=C(Br)C=C1,0.005654125288128853
COC1=CC(N2C(C)=C(C(NC3=CC(N4C(=O)NCC4)=CC=C3)=O)C=C2C)=CC=C1,0.004372465249616653
FC1=CC=C(C(CCCC(NC2=CC(N3C(=O)NCC3)=CC=C2)=O)=O)C=C1,0.005416345410048961
CC1C(=O)N(C2=CC=CC=C2)N=C(C(N(C2CC2)CC2N(C)C=CN=2)=O)N1,0.0028039347380399704
CN1C(CN(C(C2N=C(C3=CC(Cl)=CC=C3)SC=2)=O)C2CC2)=NC=C1,0.005501331831328571
NS(N1CCC(C(NC2=CC(OC(F)F)=CC=C2)=O)CC1)(=O)=O,0.0035133089404553175
COC1=CC(NC(CNC(C2CC2)=O)=O)=C(OC(F)F)C=C1,0.005919939512386918
CCCC(NC1=CC=C(CNC(CC2=C3C(C=CC=N3)=CC=C2)=O)C=C1)=O,0.006943139620125294
CC(C1N(C)C=NN=1)NC(C1CC(C2=CC=CC=C2)N(C2=CC=CC=C2)N=1)=O,0.007014477252960205
CC(C1N(C)C=NN=1)NC(C1C(=O)NC(C2=CC(C)=CC=C2)=CC=1)=O,0.004749997076578439
CC(C1N(C)C=NN=1)NC(C1C(=O)NC(C2=CC=CC=C2)=CC=1)=O,0.004517951956950128
CC(C1N(C)C=NN=1)NC(C1C(=O)NC(C)=CC=1)=O,0.004719719674903899
CC1N=C(C2=CC(NC(C3=C(I)C=CC=C3)=O)=CC=C2)NC(=O)C=1,0.0036346161970868705
CS(C1=CC=C(C(NC2=CC(C3NC(=O)C=C(C)N=3)=CC=C2)=O)C=C1)=O,0.0035924931056797505
CC1N=C(C2=CC(NC(CCNC3=C(C)C=CC=C3)=O)=CC=C2)NC(=O)C=1,0.0034698525560088456
CC1N=C(C2=CC(NC(C3(C4=CC=C(F)C=C4)CC3)=O)=CC=C2)NC(=O)C=1,0.003692236391361803
C/C(/C)=C/C1C(C)(C)C1C(NC1=C(C)C=CC(C2OC=NN=2)=C1)=O,0.009781731897965074
CC1N(C2=CC(Cl)=CC=C2)N=CC=1C(NC1=C(C)C=CC(C2OC=NN=2)=C1)=O,0.004964524507522583
CC1=C(NC(COC2=C(C(F)(F)F)C=CC=C2)=O)C=C(C2OC=NN=2)C=C1,0.004474046512041241
CC1=C(NC(C2=NOC(C3=CC(Cl)=CC=C3)=C2)=O)C=C(C2OC=NN=2)C=C1,0.0053346169413998725
CC1=C(NC(C2ON=C(C3=CC(F)=CC=C3)C2)=O)C=C(C2OC=NN=2)C=C1,0.0040427520289085805
CC1OC(C2SC=C(C(NC3=C(C)C=CC(C4OC=NN=4)=C3)=O)N=2)=CC=1,0.005732352123595774
CC1=C(C(NC2=C(C)C=CC(C3OC=NN=3)=C2)=O)N=C(C2SC=CC=2)O1,0.0044269584584981205
CC(NCC1CCN(C(C2C(C3SC4=C(C=CC=C4)N=3)CC=CC2)=O)CC1)=O,0.0077325331280007955
CC(NCC1CCN(C(C2NC3=C(C(=CC(=C3)Br)F)C=2)=O)CC1)=O,0.003963217360433191
CCN(CCOC1=CC=C(C(N2CCC(CNC(C)=O)CC2)=O)C=C1)CC,0.009610419231466948
CC1C2=C(C=CC=C2)SC=1C(NC1=CC2=C(N=CC=C2)C=C1)=O,0.006159894028678536
CN1C(=O)C2=C(C=C(C(NC3=CC4=C(N=CC=C4)C=C3)=O)C=C2)N=C1S,0.0034610804257681595
CC1=C(C(NC2=CC3=C(N=CC=C3)C=C2)=O)C(S(N)(=O)=O)=C(C)O1,0.004412432946264744
CCC1N(C(C)(C)C)N=CC=1C(NC1=CC2=C(N=CC=C2)C=C1)=O,0.008089115167967975
O=C(NC1=CC2=C(N=CC=C2)C=C1)CC1=CC2=C(OCO2)C=C1,0.006535612954758107
COC1=CC=C(C(N(CC2OCCC2)CC2OCCC2)=O)C=C1,0.014217998506501317
COC1=CC(C(N(CC2OCCC2)CC2OCCC2)=O)=CC=C1,0.01382514275610447
COC1=CC=C(CC(N(CC2OCCC2)CC2OCCC2)=O)C=C1,0.01421425472944975
O=C(C1=CC2=C(OCO2)C=C1)N(CC1OCCC1)CC1OCCC1,0.012879970809444785
COC1=C(OC)C(OC)=CC(C(N(CC2OCCC2)CC2OCCC2)=O)=C1,0.01439645211212337
O=C(C1OC2=C(C=CC=C2)C(=O)C=1)N(CC1OCCC1)CC1OCCC1,0.01317954114638269
O=C(N(CC1OCCC1)CC1OCCC1)CC1=CC2=C(OCC2)C=C1,0.014084781100973488
CC1C2=C(N=C(C=C2C(N(CC2OCCC2)CC2OCCC2)=O)C)ON=1,0.011498058168217539
O=C(C1=CC=C(CN2N=CN=C2)C=C1)N(CC1OCCC1)CC1OCCC1,0.009776019537821413
O=C(N(CC1OCCC1)CC1OCCC1)CC1=CC=C(N2N=NN=C2)C=C1,0.006971095013432205
CN(C1=NC=CC(C(N(CC2OCCC2)CC2OCCC2)=O)=C1)C,0.0098310308996588
CC1NC(=O)C(C(N(CC2OCCC2)CC2OCCC2)=O)=CC=1,0.007888038200326264
CC1OC(C)CN(CC2=C(CNC(C=CC3SC=CN=3)=O)C=CC=C2)C1,0.006659879256039858
CCN(C1=NC=C(NC(C2C(=O)N3C(SCC3)=NC=2)=O)C=C1)CC,0.006325325672514736
CCN(C1=NC=C(NC(C=CC2C(=O)N(C)C(=O)N(C)C=2)=O)C=C1)CC,0.005557624134235084
CC1=CC=C(C(C(NCC2=CN=C(N3CCCCC3)C=C2)=O)=O)C=C1,0.008179142349399626
O=C(NCC1=CN=C(N2CCCCC2)C=C1)CC1=NN2C(N=CC=C2)=N1,0.00428808769211173
FC1=CC(OC2=NC=C(NC(CN3C(=O)N=CC=C3)=O)C=C2)=CC=C1,0.0038315217825584114
COCCOC1=NC=C(CNC(C2=C(Cl)C3=C(C=CC=C3)N2)=O)C=C1,0.002736675093183294
FC1=C2C(NC(C(NC3=CC(CN4C(=O)OCC4)=CC=C3)=O)=C2)=CC(Br)=C1,0.0033255034126341344
BrC1C2=C(C=CC=C2)NC=1C(NC1=CC(CN2C(=O)OCC2)=CC=C1)=O,0.0038152342895045877
CC(CN1C(C)=CC(C)=N1)CNC(C1N(C)C2=C(C=CC=C2)C=1Cl)=O,0.008426834037527442
ClC1C=C(C(NC2=CC(C(NCC3=NC=CC=C3)=O)=CC=C2)=O)NC=1,0.003601815679576248
CC1=C(C)C(C(NC2=CC(C(NCC3=NC=CC=C3)=O)=CC=C2)=O)=C(C)O1,0.00714161132927984
O=C(NC1=CC=C(N2C3=C(C=CC=C3)CC2)C=C1)CN1C(=O)NC(=O)C=C1,0.003669185983017087
CC1=CC2=C(OC(C(N3C(C(NC4SC=CN=4)=O)CCC3)=O)=C2)C=C1,0.005450372607447207
CN1C2=C(C=CC=C2)C(C(NCC2=CC=C(NS(C)(=O)=O)C=C2)=O)=C1,0.004060062696225941
CC1=C(NCCC(NCC2=CC=C(NS(C)(=O)=O)C=C2)=O)C=CC=C1,0.004708258190657943
CS(NC1=CC=C(CNC(C2=C(Cl)C3=C(C=CC=C3)N2)=O)C=C1)(=O)=O,0.0021529272431507706
CC(OC1=NC=C(CNC(CSC2NC=NN=2)=O)C=C1)C,0.0035151867079548536
CCCC(NC1=CC(CNC(CC2=C3C(C=CC=N3)=CC=C2)=O)=CC=C1)=O,0.006961133936420083
FC1=CC=C(C(C2CCCC2)NC(C2NCC(=O)N(C3=CC=CC=C3)N=2)=O)C=C1,0.004312676610425115
NS(C1OC(C(NC(C2=CC=C(F)C=C2)C2CCCC2)=O)=CC=1)(=O)=O,0.0072439936455339195
CNS(C1OC(C(NC(C2=CC=C(F)C=C2)C2CCCC2)=O)=CC=1)(=O)=O,0.006763852713629603
CC1NC(=O)C(CC(NC(C2=CC=C(F)C=C2)C2CCCC2)=O)=C(C)N=1,0.005436096922494471
CC1OC2=C(C(NC(C3=CC=C(C(N)=O)C=C3)=O)CC(C2)(C)C)C=1,0.010589228058233858
CC1OC2=C(C(NC(CCCCCNC(N)=O)=O)CC(C2)(C)C)C=1,0.006624889723025262
CC1OC2=C(C(NC(CSC3CS(=O)(=O)CC3)=O)CC(C2)(C)C)C=1,0.009115790016949177
CC1OC2=C(C(NC(C3C(=O)N4C(SCC4)=NC=3)=O)CC(C2)(C)C)C=1,0.011873147217556834
CC1OC2=C(C(NC(C3=C(C(F)(F)F)N(C(C)(C)C)N=C3)=O)CC(C2)(C)C)C=1,0.010333273909054697
CC1N(C2=NC=C(NC(C3OC(N(=O)=O)=CC=3)=O)C=C2)C=CN=1,0.003041511296760291
CC(OC1=C(C(NC(C2=CC(NC(N)=O)=CC=C2)=O)C)C=CC=C1)C,0.0054646994220092894
CC(OC1=C(C(NC(CSC2NC=NN=2)=O)C)C=CC=C1)C,0.005138408788479864
FC1=CC(C(C2CCN(C(C3=C4C(NN=C4)=CC=C3)=O)CC2)=O)=C(F)C=C1,0.005423182458616793
FC1=CC(C2CC(C(N3CCC(C(C4=C(F)C=CC(F)=C4)=O)CC3)=O)ON=2)=CC=C1,0.007819769554771483
CC(N1C(C(F)(F)F)=C(C(N2CCC(C(C3=C(F)C=CC(F)=C3)=O)CC2)=O)C=N1)(C)C,0.009333562967367471
FC1=CC(C(C2CCN(C(C3=C(Cl)C4=C(C=CC=C4)N3)=O)CC2)=O)=C(F)C=C1,0.005356388760264963
CS(C1=CC=C(C(NCCS(C2=CC=CC=C2)(=O)=O)=O)C=C1)=O,0.006845513894222677
FC1=CC(C2CC(C(NCCS(C3=CC=CC=C3)(=O)=O)=O)ON=2)=CC=C1,0.005259975302033126
O=C(C1=C(N2CCCCC2)N=CC=C1)NCCS(C1=CC=CC=C1)(=O)=O,0.005156270926818252
CN(C1=C(C(N2CCC(CN3CCOCC3)CC2)=O)C=CC=N1)C,0.007803600654006005
COC1=C(NC(CCC(C2=CC=C(F)C=C2)=O)=O)C=C(C(N)=O)C=C1,0.010489033162593841
COC1=C(NC(CCC(C2=C(C)C=CC(C)=C2)=O)=O)C=C(C(N)=O)C=C1,0.01179797607474029
COC1=C(NC(CCC(C2=CC=CC=C2)=O)=O)C=C(C(N)=O)C=C1,0.011459846841171384
CCC1=CC=C(C(CCC(NC2=C(OC)C=CC(C(N)=O)=C2)=O)=O)C=C1,0.012049961648881436
COC1=C(NC(C2NC3=C(C(=CC(=C3)C)C)C=2)=O)C=C(C(N)=O)C=C1,0.004322786373086274
COC1=C(NC(CC2=C3C(C=CC=N3)=CC=C2)=O)C=C(C(N)=O)C=C1,0.005756895826198161
COC1=C(NC(CCNC2=C(C)C=CC=C2)=O)C=C(C(N)=O)C=C1,0.007255009259097278
CC1=C(NC(CC2=C3C(C=CC=N3)=CC=C2)=O)C=C(C(NC2CC2)=O)C=C1,0.006527558318339288
CC1=C(CC(NCCSC(F)(F)F)=O)C(=O)NC(C2=CN=CC=C2)=N1,0.0016566021789913067
CC1=C(CC(NCCSC(F)(F)F)=O)C(=O)NC(C2=CC=NC=C2)=N1,0.0016912311461055652
CC1N(C2CCCCC2)C(C)=C(C=CC(NCC2SC=CN=2)=O)C=1,0.010478434851393104
O=C(C1=C(C2=CC=C(CN3N=CC=C3)C=C2)C=CC=C1)NCC1SC=CN=1,0.006439965730533004
BrC1=CC=C(C2SC(C=CC(NCC3SC=CN=3)=O)=CC=2)C=C1,0.00713101311121136
CN(C1=C(C(NCC2SC=CN=2)=O)C=CC=C1)C1=CC=CC=C1,0.005850603268481791
O=C(NCC1=CC(OCC2=CC=CC=C2)=CC=C1)CC1=NN2C(N=CC=C2)=N1,0.005494700628332794
CCN(C(C1C(=O)NC(C)=CC=1)=O)C(COC)C,0.006620516697876155
CC(OC1=NC=C(CNC(C2=CC(NC(N)=O)=CC=C2)=O)C=C1)C,0.003428361809346825
CC(OC1=NC=C(CNC(CSCC2=CC=NC=C2)=O)C=C1)C,0.006001492403447628
CC(NC(NC1=C(NC(C2=CC=C(S(C)=O)C=C2)=O)C=CC=C1)=O)C,0.005217277037445456
CC(OC1=NC=C(CNC(CNC(NC2CCCCC2)=O)=O)C=C1)C,0.005530533008277416
CCC1C(C(NCC2=CC=C(NC(OC)=O)C=C2)=O)=C(C)ON=1,0.004758806596510112
COC(NC1=CC=C(CNC(C2SC3=C(C(=NN3C)C)C=2)=O)C=C1)=O,0.004857093514874578
CC1=CC(NC(CCCOC2=CC3=C(NC(CC3)=O)C=C2)=O)=NC=C1,0.005154453380964696
COC1=C(N(=O)=O)C=C(CSCC(NC2=NC=CC(C)=C2)=O)C=C1,0.0034119806019589304
CN(S(C1=CC=C(C=CC(NC2=NC=CC(C)=C2)=O)C=C1)(=O)=O)C,0.003590353357139975
CCNS(C1=CC=C(C=CC(NC2=NC=CC(C)=C2)=O)C=C1)(=O)=O,0.0031776079093106093
CC1=CC(NC(C=CC2=CC=C(S(NC3CC3)(=O)=O)C=C2)=O)=NC=C1,0.0038105925661511717
CC1=CC(NC(C2N(C(C3=C(OC(F)F)C=CC=C3)=O)CCC2)=O)=NC=C1,0.004066152113955468
CC1=CC(NC(C2=C(SCC3=CC=C(F)C=C3)N=CC=C2)=O)=NC=C1,0.004364290961530059
CN(C1=C(C(NC2=NC=CC(C)=C2)=O)C=CC=C1)C(C1OC(Br)=CC=1)=O,0.008624712866730989
CC1=CC(NC(C2N(C(NC3CCCCC3)=O)CCC2)=O)=NC=C1,0.004896578658372164
CC1=C(NC(CN2C(=O)N3C(C=CC=C3)=N2)=O)N=CC=C1,0.0032359388074837624
CNS(C1=CC=C(C=CC(NC2=NC(C)=CC=C2)=O)C=C1)(=O)=O,0.0029752126603852956
COC1=C(N(=O)=O)C=C(CSCC(NC2=NC(C)=CC=C2)=O)C=C1,0.003426463669165969
CC1=NC(NC(C=CC2=CC=C(S(NC3CC3)(=O)=O)C=C2)=O)=CC=C1,0.0038428106461651625
CC1=NC(NC(C2C(C(F)(F)F)CCCC2)=O)=CC=C1,0.005077394311774697
CC1=NC(NC(C(C2=CC=C(Cl)C=C2)(C)C)=O)=CC=C1,0.005547979997936636
CCOC(NC1CN(C(C=CC2=CC=C(C#N)C=C2)=O)CCC1)=O,0.0036505140480585395
CS(C1=CC=C(C(NCCNC2=C(Cl)C=C(Cl)C=N2)=O)C=C1)=O,0.004207218927331269
CC1C2=C(SC(C(NCCNC3=C(Cl)C=C(Cl)C=N3)=O)=C2)N(C)N=1,0.003454510006122291
CN1C2=C(C=CC=C2)C(Cl)=C1C(NCCNC1=C(Cl)C=C(Cl)C=N1)=O,0.004337841225787997
ClC1=CC(Cl)=C(NCCNC(CC2=NN3C(N=CC=C3)=N2)=O)N=C1,0.003162770310882479
CC1C(C(NC2=CC=C(NC(CCN3C(=O)NCC3=O)=O)C=C2)=O)C1,0.002402671659365296
CC1NC(=O)C(C(N2CC(CNC(N)=O)CCC2)=O)=CC=1,0.0023983420978765935
CC(NC(NC1=C(NC(C2=C3C(ON=C3C)=NC(C)=C2)=O)C=CC=C1)=O)C,0.005138946906663477
COC1=C(OCC=C)C=CC(C(NC2=C(C)C(F)=CC(C(N)=O)=C2)=O)=C1,0.007218624465167522
CCC(NC(C1=CC=C(CNC(C(SC2=NC=CC=N2)C)=O)C=C1)=O)C,0.007827216293662786
O=C(C1CN(C2=NC=CC=C2)CCC1)NC1=CC(CN2C(=O)CCC2)=CC=C1,0.005811135424301029
FC(C1=CC(C(N2CCN(C(C3=C(Cl)C4=C(C=CC=C4)N3)=O)CC2)=O)=CC=C1)(F)F,0.0034520569373853506
COC1=C2C(CCCN2C(C2=CN=C(OC(C)C)C=C2)=O)=CC=C1,0.009063422679901123
O=C(C=CC1=CC=C(N2C(=O)CCC2)C=C1)NCC1=CN=C(N2CCCCCC2)C=C1,0.007486875355243683
CN(C1=CC=C(C=CC(NCC2=CN=C(N3CCCCCC3)C=C2)=O)C=C1)C,0.007681429223157466
CC1=NN(C)C(NC(CCS(C2=CC3=C(CCC3)C=C2)(=O)=O)=O)=C1,0.007343357894569635
CCOC(C(NC1C2C3C(C(C2)C1)CCC3)=O)C,0.01780878808349371
CC(CN1CCC(C(NCC(C2=C(Cl)C=CC=C2)N2CCOCC2)=O)CC1)C,0.009603058500215412
CC(C1SC=C(CC(N2C3=C(C=C(C=C3)Cl)CCC2)=O)N=1)C,0.007895408035255968
CC(C1SC=C(CC(N2C3=C(C=C(C(=C3)F)F)CCC2)=O)N=1)C,0.008128355746157468
CC1=C(N(=O)=O)C=CC=C1C(NC1=C(NC(N2CCCC2)=O)C=CC=C1)=O,0.004082265566103161
CCC(NC1=CC=C(NC(C2C(=O)NC(C(F)(F)F)=CC=2)=O)C=C1)=O,0.002501483866944909
CCC(NC1=CC=C(NC(C2=C(C)N(C3=NNC(=O)C=C3)N=C2)=O)C=C1)=O,0.0040160576929338275
CCC(NC1=CC=C(NC(CCCC(C2=CC=C(F)C=C2)=O)=O)C=C1)=O,0.009534143330529331
CCC(NC1=CC=C(NC(CSCC2=CC=NC=C2)=O)C=C1)=O,0.004757513524964452
CC1=C(C)C=C(OC2=NC=C(NC(C3=C(C)C(N(=O)=O)=CC=C3)=O)C=C2)C=C1,0.004626492341049016
CC1=C(C)C=C(OC2=NC=C(NC(C3=NNC(=O)C=C3)=O)C=C2)C=C1,0.0032206485746428372
CC1=C(C)C=C(OC2=NC=C(NC(CN3C(=O)NC(=O)C=C3)=O)C=C2)C=C1,0.002870369132142514
CC1=C(C)C=C(OC2=NC=C(NC(CN3C(=O)CSC3)=O)C=C2)C=C1,0.0046587876277044415
CC1=C(C)C=C(OC2=NC=C(NC(C3CCN(S(C)(=O)=O)CC3)=O)C=C2)C=C1,0.004434564930852503
CC1N(C2=NC=C(C(F)(F)F)C=C2)N=CC=1C(NC1=CN=C(OC2=CC(C)=C(C)C=C2)C=C1)=O,0.004684658336918801
CC1=C(C)C=C(OC2=NC=C(NC(CN3C(=O)C4=C(C=CC=C4)C(C)=N3)=O)C=C2)C=C1,0.005154764233157039
CC1=C(C)C=C(OC2=NC=C(NC(CNC(C3CC3)=O)=O)C=C2)C=C1,0.006523118121549487
CC1=CC=C(C(C(NC2=CN=C(OC3=CC(C)=C(C)C=C3)C=C2)=O)=O)C=C1,0.009301389753818511
CC1=C(C)C=C(OC2=NC=C(NC(C3OCCOC3)=O)C=C2)C=C1,0.006081101135350764
CC1OC(C=CC(NCC2=CC=C(S(NC3CC3)(=O)=O)C=C2)=O)=CC=1,0.005091203330084682
FC1=C(F)C=C(C(NCC2=CC=C(S(NC3CC3)(=O)=O)C=C2)=O)C=C1,0.004992420016787946
O=C(NCC1=CC=C(S(NC2CC2)(=O)=O)C=C1)CC1SC=CC=1,0.004525598720647395
O=C(C=CC1=CC=CC=C1)NCC1=CC=C(S(NC2CC2)(=O)=O)C=C1,0.005493083200417459
O=C(C1NC2=C(C=CC=C2)C=1)NCC1=CC=C(S(NC2CC2)(=O)=O)C=C1,0.003274500113911927
CC(C1=CC=CC=C1)(C(NCC1=CC=C(S(NC2CC2)(=O)=O)C=C1)=O)C,0.00663409533444792
CC1=CC=C(OC2=NC=C(NC(C3NC=C(Br)C=3)=O)C=C2)C=C1,0.003836316429078579
CC1=CC=C(OC2=NC=C(NC(C3C(=O)N4C(SCC4)=NC=3)=O)C=C2)C=C1,0.00558303534053266
CS(C1=CC=C(C(NC2=CN=C(OC3=CC=C(C)C=C3)C=C2)=O)C=C1)=O,0.00543106107506901
CC(OC1=NC=C(C(NC2(C(O)=O)CCCCC2)=O)C=C1)C,0.006480837124399841
CCCCC1SC(C(NC2(C(O)=O)CCCCC2)=O)=C(C)N=1,0.008309003058820963
CC(C1SC(C(NC2(C(O)=O)CCCCC2)=O)=C(C)N=1)C,0.007588609727099538
CCS(N1CC(C(NC2(C(O)=O)CCCCC2)=O)CCC1)(=O)=O,0.005485847080126405
NC(C1=C(Cl)C=C(NC(CCCOC2=CC(F)=CC=C2)=O)C=C1)=O,0.004651475884020329
NC(C1=C(Cl)C=C(NC(CCCOC2=C(F)C=CC=C2)=O)C=C1)=O,0.005796523601748049
COC1=C(NC(CCC(NC2SC=CN=2)=O)=O)C=CC=N1,0.0052318759495392445
COC1=CC=C(C2CCN(C(C3NC4=C(C(=CC(=C4)Br)F)C=3)=O)CC=2)C=C1,0.005662308749742806
CS(C1=CC=C(C(N2CCC(NC(OC(C)(C)C)=O)CC2)=O)C=C1)=O,0.005303272511810064
CC(OC(NC1CCN(C(C2=CC(N3C=NC=C3)=NC=C2)=O)CC1)=O)(C)C,0.0028521661181002854
NC(CNC(C1=CC=C(CNC(C2SC3=C(CCC3)C=2)=O)C=C1)=O)=O,0.008359561627730727
FC(OC1=CC=C(CCNC(CNC(NC2CC2)=O)=O)C=C1)(F)F,0.003220191056607291
CN1C(SCCC(NCCC2=CC=C(OC(F)(F)F)C=C2)=O)=NN=N1,0.002854469890007749
CC(S(C(C(NCCC1=CC=C(OC(F)(F)F)C=C1)=O)C)(=O)=O)C,0.0038746830658055844
CC(C1SC=C(CC(NC2=C(Cl)C=CC(C(N(C)C)=O)=C2)=O)N=1)C,0.005653959512710571
CCS(C1=C(NC(CC2N=C(C(C)C)SC=2)=O)C=CC=C1)(=O)=O,0.006210643099620938
CC1NC(=O)C(C(N(C2CSCC2)CC2=NC=CC=C2)=O)=CC=1,0.005054513877257705
CC1=NC=C(CNC(C2=C(C(C3SC=CC=3)=O)C=CC=C2)=O)C=C1,0.007437482150271535
O=C(C1OC(COC2=CC3=C(C=CC=C3)C=C2)=CC=1)N1CCSCC1,0.009261024789884687
COC1=C(OCC(N)=O)C=CC(C=CC(N2CCSCC2)=O)=C1,0.008299218257889152
CC1C(C(N2CCSCC2)=O)=C(Cl)N(C)N=1,0.008935234718956053
CCOC1=CC=C(NC2=C(C(N3CCSCC3)=O)C=CC=N2)C=C1,0.005711036687716842
O=C(N1CCSCC1)CCCOC1=CC2=C(NC(CC2)=O)C=C1,0.006910048215650022
O=C(C1NCC(=O)N(C2=CC=CC=C2)N=1)N1CCSCC1,0.0032849954208359123
CC1C(=O)N(C2=CC=CC=C2)N=C(C(N2CCSCC2)=O)N1,0.0033810425084084272
O=C(N1CCSCC1)CCS(C1=CC2=C(CCC2)C=C1)(=O)=O,0.009764885064214468
CC1=C(CC(N2CCSCC2)=O)C(=O)NC(C2=CN=CC=C2)=N1,0.003288095828611404
CCCCN1C2=C(C=C(C(N3CCSCC3)=O)C=N2)C(=O)NC1=O,0.00322606994304806
CN(C1=C(C(N2CCSCC2)=O)C=CC=C1)C1=CC=CC=C1,0.009659586334601044
CC1=C(CC(N2CCSCC2)=O)C(=O)NC(C2=CC=NC=C2)=N1,0.0033646604977548124
CC1=CC(NC(N2CC(C(N3CCSCC3)=O)CCC2)=O)=CC=C1,0.0049902427825145425
CC(OC1=CC=C(NC(C2CCN(S(N)(=O)=O)CC2)=O)C=C1)C,0.005852872785180807
CC(OC1=CC=C(NC(C2NCC(=O)N(C3=CC=C(C)C=C3)N=2)=O)C=C1)C,0.00434083315776661
CCN1C(=O)C2=C(C=C(C(NC3=CC(F)=C(Cl)C=C3)=O)C=C2)N=C1S,0.0029311846767086534
CN1C(=O)C2=C(C=C(C(NC3=CC(F)=C(Cl)C=C3)=O)C=C2)N=C1S,0.0032753769832197578
CC1ON=C(C2(NC(C3C(=O)NC(C)=CC=3)=O)CCCCCC2)N=1,0.0070674536284059284
FC1=C2C(NC(C(NC3=CC(C(N4CCOCC4)=O)=CC=C3)=O)=C2)=CC(Br)=C1,0.004018897761125117
O=C(C=CC1SC=CN=1)NC1=CC(C(N2CCOCC2)=O)=CC=C1,0.0041278284974396225
CN1C(=O)C=CC(C(NCCOC2=C3C(CC(O3)(C)C)=CC=C2)=O)=C1,0.007623773929663002
ClC1=CC(Cl)=C(OC2=CC=C(NC(C3N=NSC=3)=O)C=C2)N=C1,0.004129680141340941
CCCC1=NNC(C(NC2=CC(F)=C(N3CC(C)OC(C)C3)C=C2)=O)=C1,0.003930982120800763
ClC1=CC2=C(C=CC(=N2)C=CC(NNC(C2=CN=C(Cl)C=C2)=O)=O)C=C1,0.0030096430564299226
CC1=NN(C2=CC(Br)=CC=C2)C(NC(CC2=CN=C(C)C=C2)=O)=C1,0.006237925658933818
CCC1C(C(NCC2=CC(OC)=C(OCC(N)=O)C=C2)=O)=C(C)ON=1,0.008151516318321228
COC1=C(OCC(N)=O)C=CC(CNC(C2(C#N)CCCC2)=O)=C1,0.006124334204105253
COC1=C(OCC(N)=O)C=CC(CNC(C2C(=O)C3=C(C=CC=C3)NC=2)=O)=C1,0.00483966046012938
CCC1=C(C(NCC2=CC(OC)=C(OCC(N)=O)C=C2)=O)C=NC=N1,0.0072834007674828175
CC1C2N(C=C(C3=CC=C(NC(C=CC4=CN(C)N=C4)=O)C=C3)N=2)C=CC=1,0.005370598670560866
CC1C(=O)N(C2=CC=CC=C2)N=C(C(NCCC(N(C)C)=O)=O)N1,0.003947208926547319
CC1=CC=C(C(CCC(NC2=CC(N3C=NC=C3)=CC=C2)=O)=O)C=C1,0.007410035026259721
O=C(NC1=CC(N2C=NC=C2)=CC=C1)CC1C(=O)NC2=C(C=CC=C2)S1,0.003740604827180505
CNC1=C(N(=O)=O)C=C(C(NC2=CC(N3C=NC=C3)=CC=C2)=O)C=C1,0.0025151448615361007
O=C(C1=CC2=C(NC(CO2)=O)C=C1)NC1=CC(N2C=NC=C2)=CC=C1,0.004062597127631307
NC(COC1=CC=C(C(NC2=CC(N3C=NC=C3)=CC=C2)=O)C=C1)=O,0.004102845781017095
NC(NC(C1SC=CC=1)CC(NC1=CC(N2C=NC=C2)=CC=C1)=O)=O,0.0024066800833679736
CC(C(NC1=CC(N2C=NC=C2)=CC=C1)=O)NC(OC(C)(C)C)=O,0.002798891410930082
CC1=C(C)C2=C(C(C(NC3=CC(N4C=NC=C4)=CC=C3)=O)=CC=C2)N1,0.003603908134391531
CCC1N(C2=NC=CC=C2)N=CC=1C(NC1=CC(N2C=NC=C2)=CC=C1)=O,0.00451827779179439
FC1=CC(F)=C(C(CCC(NC2=CC(N3C=NC=C3)=CC=C2)=O)=O)C=C1,0.0054606319637969135
CCC(NC(C(NC1=CC(N2C=NC=C2)=CC=C1)=O)CCSC)=O,0.0033991011558100583
CC(C(NC1=C(C(F)(F)F)C=C(N(C)C)C=C1)=O)OCC(F)(F)F,0.004259559336060192
CCC(NS(C1=CC=C(C(N(CC(C#N)C)CC)=O)C=C1)(=O)=O)C,0.004491839431830158
CCNS(C1=CC(C(N(CC(C#N)C)CC)=O)=C(C)C=C1)(=O)=O,0.0041177930414960425
CCN(C(C1=CC(OC)=C(OCC(N)=O)C(OC)=C1)=O)CC(C#N)C,0.007497738604979531
CCCN1C2=C(C=CC=C2)N(CC(N(CC(C#N)C)CC)=O)C1=O,0.00453148557780878
CCN(C(C1=CC=C(S(N(C(C)C)C)(=O)=O)C=C1)=O)CC(C#N)C,0.0057712023321983
FC1=C(OCC(C2=CC=CC=C2)NC(CSC2NC=NN=2)=O)C=CC=C1,0.004104829276911914
FC1=C(OCC(C2=CC=CC=C2)NC(CN2C(=O)N=CC=C2)=O)C=CC=C1,0.005922446795739234
FC1=C(OCC(C2=CC=CC=C2)NC(CNC(C2CC2)=O)=O)C=CC=C1,0.008651608298532665
O=N(C1=C(C=CC(NCC2=CC(CN3N=CN=C3)=CC=C2)=O)C=CC=C1)=O,0.004158915067091584
O=C(C1(C2=CC=CC=C2)CCOCC1)NCC1=CC(CN2N=CN=C2)=CC=C1,0.007182138552889228
CC(C(C(NC(C1=CC2=C(NC(N2)=O)C=C1)C)=O)NC(C1OC=CC=1)=O)C,0.0045939550502225755
CC(C1=CC2=C(NC(N2)=O)C=C1)NC(C1NC(=O)C2=C(C=CC=C2)C=1)=O,0.00284038451500237
CC(C1=CC2=C(NC(N2)=O)C=C1)NC(C1=C(COC2=CC=CC=C2)C=CO1)=O,0.0035070184851065276
COC1=C(OC(F)F)C(C(NC(C2=CC3=C(NC(N3)=O)C=C2)C)=O)=CC=C1,0.0033424364984966813
CC(C1=CC2=C(NC(N2)=O)C=C1)NC(C1C(C)OC2=C(C=CC=C2)O1)=O,0.003864343767054379
CC(C1=CC2=C(NC(N2)=O)C=C1)NC(C(OC1=C(Cl)C=CC=C1)C)=O,0.00332733066752553
CC(C1=CC2=C(NC(N2)=O)C=C1)NC(C1(C2=CC=CC=C2)CCOCC1)=O,0.0035397375584580006
CC(C1=CC2=C(NC(N2)=O)C=C1)NC(C1=C(Cl)C2=C(C=CC=C2)N1)=O,0.0029521254589781167
COC1=CC2=C(OC(=C2C(NC(C2=CC3=C(NC(N3)=O)C=C2)C)=O)C)C=C1,0.00321222958737053
O=C(N1CCCC1)NC1=C(NC(C2=NC3=C(C=CC=C3)C=C2)=O)C=CC=C1,0.004180401831399649
CN1C(C(N(C2CCCC2)CC(N)=O)=O)=CC(Cl)=C1Cl,0.00944147603586316
CC(C(NCCCC(NC1CCC2(OCCO2)CC1)=O)=O)(C)C,0.012001919979229569
CCCCSC(C(NC1=C(NC(N2CCCC2)=O)C=CC=C1)=O)C,0.004548666579648852
COC1=NC=C(C(NC2=C(NC(N3CCCC3)=O)C=CC=C2)=O)C=C1,0.004033822007477284
CC(C(NC1=C(NC(N2CCCC2)=O)C=CC=C1)=O)OC1=C(C#N)C=CC=C1,0.004736474331002683
CCCC1SC(C(NC2=C(NC(N3CCCC3)=O)C=CC=C2)=O)=C(C)N=1,0.004969311552122236
CC(COCCC(NC1=C(NC(N2CCCC2)=O)C=CC=C1)=O)C,0.004886121756862849
CN(C1=NC=CC(C(NC2=C(NC(N3CCCC3)=O)C=CC=C2)=O)=C1)C,0.0038313443190418186
O=C(NC1=C(NC(N2CCCC2)=O)C=CC=C1)CC1OCCC1,0.005547322984784842
O=C(NC1=C(NC(N2CCCC2)=O)C=CC=C1)CCCC1=CC=CC=C1,0.005715346382930875
COC(C1=CC(C(NC2=C(NC(N3CCCC3)=O)C=CC=C2)=O)=CC=C1)=O,0.005877516255714
O=C(C1ON=C(C2=CC=CC=C2)C1)NC1=C(NC(N2CCCC2)=O)C=CC=C1,0.004569268703926354
O=C(NC1=C(NC(N2CCCC2)=O)C=CC=C1)COC1CCCC1,0.006212197430431843
C=CCSCC(NC1=C(NC(N2CCCC2)=O)C=CC=C1)=O,0.003498780890367925
CCSCCC(NC1=C(NC(N2CCCC2)=O)C=CC=C1)=O,0.003916052693966776
COCCN(C(C1C(=O)NC(C)=CC=1)=O)C1CC1,0.006830643466673792
COCCN(C(CC1C(=O)NC(C2=NC=CC=C2)=NC=1C)=O)C1CC1,0.004629674786701799
O=N(C1=C(CNC(C2ON=C(C3SC(Cl)=CC=3)C2)=O)C=CC=C1)=O,0.003872499288991094
CC(C1CC1)=CC(NCC1=CC=C(S(NCC2OCCC2)(=O)=O)C=C1)=O,0.006468535074964166
CC1NC(=O)C(C(NCCCN2N=CN=C2)=O)=CC=1,0.0031909322482533754
NC(CC1CCN(C(CCN2C3=C(C=CC=C3)C(=O)C=N2)=O)CC1)=O,0.0061719274614006284
CN1C2=C(C=C(C(N3CC(C(N)=O)CC3)=O)C=N2)C(=O)NC1=O,0.003006991476286203
CC1C(=O)N(C2=CC=CC=C2)N=C(C(N2CC(C(N)=O)CC2)=O)N1,0.003133136924589053
NC(C1CN(C(C2CCN(C3=NC=CC=N3)CC2)=O)CC1)=O,0.0059616424608975645
NC(C1CN(C(C2CCC(=O)N(CC3=CC=C(F)C=C3)N=2)=O)CC1)=O,0.00499892100924626
COC1=CC(CC(C(N2CC(C(N)=O)CC2)=O)NC(C)=O)=CC=C1,0.006976386229507625
CCC(N1C(C(NC(C2=CC(OC)=C(OC(C)C)C=C2)C)=O)CCCC1)=O,0.009933458734303712
ClC1=CC=C(C(C2SC=CC=2)NC(CNC(NC2CC2)=O)=O)C=C1,0.004105748317670077
CC1=CC(C2NC(=O)C(C(NCC(C(N)=O)(C)C)=O)=CC=2)=CC=C1,0.004950627929065377
CC(C(N)=O)(CNC(C1=C(Cl)C2=C(C=CC=C2)N1)=O)C,0.00392714001936838
CC(C(N)=O)(CNC(C1N2C(C=CC=C2)=NC=1Cl)=O)C,0.004114036669488996
COC1=CC(OCC(NCC(C(N)=O)(C)C)=O)=CC=C1,0.008376461220905185
CC1=C(C)SC(NC(C=CC2=C(OC(F)(F)F)C=CC=C2)=O)=N1,0.0036281019856687635
CC1=C(C2=CC=C(OC(F)F)C=C2)N=C(NC(C2N=NSC=2)=O)S1,0.003918459545820952
CN(C1=C(NC(CCC(N2CCOCC2)=O)=O)C=CC=C1)C1=CC=CC=C1,0.007812036573886872
CC(NC(C1=CC=CC=C1)CC(N(C1CCCC1)CC(N)=O)=O)=O,0.01087452149949968
NC(CN(C(CC1C(=O)NC2=C(C=CC=C2)S1)=O)C1CCCC1)=O,0.008428329834714532
NC(CN(C(C=CC1=CC2=C(OCCO2)C=C1)=O)C1CCCC1)=O,0.010409325174987317
CCCCN1C(=O)C=CC(C(N(C2CCCC2)CC(N)=O)=O)=N1,0.009364267019554973
NC(CN(C(C=CC1=CC2=C(OCCCO2)C=C1)=O)C1CCCC1)=O,0.011585813388228417
CC(COC1=NC=C(C(N(C2CCCC2)CC(N)=O)=O)C=C1)C,0.009556000400334597
NC(CN(C(COCC1SC2=C(C=CC=C2)N=1)=O)C1CCCC1)=O,0.007823518035002053
NC(CN(C(CC1=CC=C(N2C(=O)CCC2)C=C1)=O)C1CCCC1)=O,0.011585717462003231
COC1=CC(OCC(N(C2CCCC2)CC(N)=O)=O)=CC=C1,0.010907571390271186
CC(OC1=C(Cl)C=C(C(N(C2CCCC2)CC(N)=O)=O)C=N1)C,0.008466919418424368
CC1(C(=O)N(CCCC(N(C2CCCC2)CC(N)=O)=O)C(=O)N1)C,0.003107897657901049
NC(CN(C(C1C(=O)N2C(SC=C2)=NC=1)=O)C1CCCC1)=O,0.00758295226842165
CC1C(C=CC(N(C2CCCC2)CC(N)=O)=O)=C(Cl)N(C)N=1,0.00884048012085259
COC1=CC2=C(NC(C(N(C3CCCC3)CC(N)=O)=O)=C2)C(OC)=C1,0.0052777082892134786
NC(CN(C(C1CN(C2=NC=CC=N2)CCC1)=O)C1CCCC1)=O,0.007639910094439983
NC(CN(C(CN1C(=O)C2=C(C=CC(=C2)F)N=C1)=O)C1CCCC1)=O,0.006670317356474697
CC1=C(C(NC(N)=O)CC(N(C2CCCC2)CC(N)=O)=O)C=CC=C1,0.00760820482391864
CC1=CC(C(NC(N)=O)CC(N(C2CCCC2)CC(N)=O)=O)=CC=C1,0.00749485488049686
NC(CN(C(C1=NN(C2=CC=CC=C2)C(=O)C=C1)=O)C1CCCC1)=O,0.008832693472504616
NC(CN(C(CN1C(=O)C2=C(C=CC=C2)NC1=O)=O)C1CCCC1)=O,0.004744721704628319
CC(C1N=C(CCC(N(C2CCCC2)CC(N)=O)=O)ON=1)C,0.011190947564318775
NC(CN(C(CCCNC1=NC=CC=N1)=O)C1CCCC1)=O,0.006310620298609138
CC(OC1=NC=C(C(N(C2CCCC2)CC(N)=O)=O)C=C1)C,0.009480241732671858
CCOC1=C2C(C=C(C(N(C3CCCC3)CC(N)=O)=O)CO2)=CC=C1,0.01058921441435814
NC(CN(C(C1C(=O)NC(C2=CC=CC=C2)=CC=1)=O)C1CCCC1)=O,0.005703002959489822
CC(CS(CC(N(C1CCCC1)CC(N)=O)=O)(=O)=O)C,0.009688498871400952
NC(CN(C(CCS(C1CCCC1)(=O)=O)=O)C1CCCC1)=O,0.011975207878276706
NC(CN(C(C1=CN=C(OC2=CC=CC=C2)C=C1)=O)C1CCCC1)=O,0.007426527468487621
NC(CN(C(CCN1S(=O)(=O)CCC1)=O)C1CCCC1)=O,0.00798567575402558
NC(CN(C(C1N=C(C2=NC=CC=N2)SC=1)=O)C1CCCC1)=O,0.007268782472237945
NC(CN(C(CC1=CC2=C(OCO2)C=C1)=O)C1CCCC1)=O,0.011375044984743
CN(C1=C(NC(C2=CC(NS(C)(=O)=O)=CC=C2)=O)C=CC=C1Cl)C,0.0035932568367570638
CN(C1=C(NC(CCCC[C@H]2[C@@H]3[C@@H](NC(N3)=O)CS2)=O)C=CC=C1Cl)C,0.0038886902038939297
CN(C1=C(NC(C=CC2C(=O)N(C)C(=O)N(C)C=2)=O)C=CC=C1Cl)C,0.005338468332774937
CC(C1=NN(C2=CC=C(F)C=C2)C(NC(C2=CC=C(N3C(=O)OCC3)C=C2)=O)=C1)(C)C,0.0048402089858427646
CCC1CN(C(C2=CC3=C(C(N(S3(=O)=O)C3CC3)=O)C=C2)=O)CCC1,0.00835636155679822
CCOC(C1(NC(C2CCCC2)=O)CCCCC1)=O,0.014913994120433927
CCOC(C1(NC(C2=CC=C(COC)C=C2)=O)CCCCC1)=O,0.010406095162034034
O=C(NCCNC(C1SC=CC=1)=O)CSCC1=CC=NC=C1,0.003898481570649892
CCOCCNC(CN(C1C2=C(C=CC=C2)S(=O)(=O)N=1)C)=O,0.003666419512592256
CCOCCNC(C1=C(C)N(C2=NN=C(OCC)C=C2)N=C1)=O,0.00539199379272759
CCNC(COC1=CC(C(NC(C2=C(C)N(C)N=C2)=O)C)=CC=C1)=O,0.008971993206068873
ClC1=C(Cl)C(CCNC(C2C(=O)NC3=C(C(CCC3)=O)C=2)=O)=CC=C1,0.008002866664901376
NS(C1OC(C(NCCC2=C(Cl)C(Cl)=CC=C2)=O)=CC=1)(=O)=O,0.00572165020275861
CN1C(SCCC(NCCC2=C(Cl)C(Cl)=CC=C2)=O)=NN=N1,0.004469621286261827
ClC1C2=C(C=CC=C2)NC=1C(N1CCN(C(C(NC2CC2)=O)=O)CC1)=O,0.003996349847875535
CC1=C(CN2CCC(NC(C3NC4=C(C=CC=C4)C=3)=O)CC2)C=CC=C1,0.005395421804860234
CC(C(NC1=C(Cl)C=CC(N2C(=O)CCC2)=C1)=O)OCC(F)(F)F,0.004386518441606313
CN(C(C1C(=O)NC(C)=CC=1)=O)CC(F)(F)F,0.0026947087608277798
CC(C(NCCCC(NCC1SC=C(Br)C=1)=O)=O)(C)C,0.008406618284061551
CC1N(CC(F)(F)F)C(C)=C(C(NCCNC2=C(C#N)C(F)=CC=C2)=O)C=1,0.0034047359105898066
FC1=C(C#N)C(NCCNC(C=CC2=C3C(C=CC=N3)=CC=C2)=O)=CC=C1,0.003416489658411592
FC1=CC(C2CC(C(NCCNC3=C(C#N)C(F)=CC=C3)=O)ON=2)=CC=C1,0.003424926637671888
CC1=NC=C(CC(NC2=C(C(N3CCCC3)=O)C=CC(Cl)=C2)=O)C=C1,0.006181044201366603
CCOCCCNC(C1=CC(NC(C2=C3C(C=NN3)=CC=C2)=O)=CC=C1)=O,0.0039016220485791563
CCOCCCNC(C1=CC(NC(C2=NNC(C3CC3)=C2)=O)=CC=C1)=O,0.0047174745704978704
CS(C1=CC(C(NCCN2C3=C(C=CC=C3)CCC2)=O)=CC=C1)(=O)=O,0.007054616813547909
O=C(C1=CC2=C(OCC(N2)=O)C=C1)NCCN1C2=C(C=CC=C2)CCC1,0.008900767611339688
CN1C(=O)C2=C(C=CC=C2)C(CC(NCCN2C3=C(C=CC=C3)CCC2)=O)=N1,0.007278884341940284
O=C(NCCN1C2=C(C=CC=C2)CCC1)CSC1CS(=O)(=O)CC1,0.006619934132322669
CC1C2=C(CCCC2=O)NC=1C(NCCN1C2=C(C=CC=C2)CCC1)=O,0.00994566003791988
O=C(NCCN1C2=C(C=CC=C2)CCC1)CC1N=C(C2=CN=CC=C2)SC=1,0.0064309531357139346
CS(N1CCC(C(NCCN2C3=C(C=CC=C3)CCC2)=O)CC1)(=O)=O,0.0065684623550623655
CCOC(NCCC(NCCN1C2=C(C=CC=C2)CCC1)=O)=O,0.006093315151520074
NS(C1OC(C(NCCN2C3=C(C=CC=C3)CCC2)=O)=CC=1)(=O)=O,0.006638284400105476
CS(N1CC(C(NCCN2C3=C(C=CC=C3)CCC2)=O)CCC1)(=O)=O,0.006670561269856989
O=C(C1CCN(C2=NC=CC=N2)CC1)NCCN1C2=C(C=CC=C2)CCC1,0.007609735615551472
O=C(C1=CC(N2C(=O)NCC2)=CC=C1)NCCN1C2=C(C=CC=C2)CCC1,0.00525877287145704
CN(C1=C2C(N=CN2)=NC=N1)CC(NCCN1C2=C(C=CC=C2)CCC1)=O,0.0037305841571651397
O=C(NCCN1C2=C(C=CC=C2)CCC1)CCS(C1CCCC1)(=O)=O,0.009939719550311565
CC1NC(=O)C(C(NCCN2C3=C(C=CC=C3)CCC2)=O)=CC=1,0.005280242685694247
CC1=NNC(C(NCCN2C3=C(C=CC=C3)CCC2)=O)=C1,0.005254527134820819
CN1C(SCCC(NCCN2C3=C(C=CC=C3)CCC2)=O)=NN=N1,0.005858591431751848
ClC1=CC(C=CC(N2CCC(NC(C3=CC=NC=C3)=O)CC2)=O)=CC=C1,0.005864325142465532
O=C(C1=CC=NC=C1)NC1CCN(C(C2C3=C(C=CC=C3)N(CC3=CC=CC=C3)C=2)=O)CC1,0.007427059137262404
CS(C1=CC=C(C(N2CCC(NC(C3=CC=NC=C3)=O)CC2)=O)C=C1)=O,0.007762453309260309
O=C(C1=CC=NC=C1)NC1CCN(C(C2(C3=CC=CC=C3)CCC2)=O)CC1,0.007717531058005989
CC(OC(NC1=C(F)C=CC(NC(C2OC(N(=O)=O)=CC=2)=O)=C1)=O)(C)C,0.00583227532915771
CC(OC(NC1=C(F)C=CC(NC(C2=CC=NC=C2)=O)=C1)=O)(C)C,0.004634481412358582
CC(OC(NC1=C(F)C=CC(NC(C2=CN=CC=C2)=O)=C1)=O)(C)C,0.0046624290524050595
CC(OC(NC1=C(F)C=CC(NC(C2=CN=C(O)C=C2)=O)=C1)=O)(C)C,0.004400302038993687
CN1C(=O)C=CC(C(NC2=CC(NC(OC(C)(C)C)=O)=C(F)C=C2)=O)=N1,0.006102638738229871
CC(OC(NC1=C(F)C=CC(NC(C2=CC=C(C(N)=O)C=C2)=O)=C1)=O)(C)C,0.005759290303103626
CN1N=CC(C(NC2=CC(NC(OC(C)(C)C)=O)=C(F)C=C2)=O)=C1,0.005307478085160256
CC(OC(NC1=C(F)C=CC(NC(CCC2OCCC2)=O)=C1)=O)(C)C,0.00591709369327873
CCC1=C(C(NC2=CC(NC(OC(C)(C)C)=O)=C(F)C=C2)=O)SN=N1,0.004830459039658308
CC1N(C)N=CC=1C(NC1=CC(NC(OC(C)(C)C)=O)=C(F)C=C1)=O,0.0057375924428924915
CC(OC(NC1=C(F)C=CC(NC(C2=C3N(C=CC=N3)N=C2)=O)=C1)=O)(C)C,0.00503037644084543
CC(OC(NC1=C(F)C=CC(NC(CCN2N=CC=C2)=O)=C1)=O)(C)C,0.004307079454883933
CC(OC(NC1=C(F)C=CC(NC(CCCNC(C2CC2)=O)=O)=C1)=O)(C)C,0.006026763003319502
CSC(C(NC1=CC(NC(OC(C)(C)C)=O)=C(F)C=C1)=O)C,0.004973854636773467
CC(OC(NC1=C(F)C=CC(NC(CNC(C2CC2)=O)=O)=C1)=O)(C)C,0.006656159181147814
CCNC(C1(NC(C2OC(N(=O)=O)=CC=2)=O)CCCCC1)=O,0.0071391534293070436
CCNC(C1(NC(C2=CC(N(=O)=O)=CC(C(OC)=O)=C2)=O)CCCCC1)=O,0.005834811460226774
CCNC(C1(NC(CC2C(=O)NC3=C(C=CC=C3)S2)=O)CCCCC1)=O,0.008911489136517048
CCNC(C1(NC(CN2C3=C(C=CC=C3)SCC2=O)=O)CCCCC1)=O,0.008628669707104564
CCNC(C1(NC(CCN2C3=C(C=CC=C3)OC2=O)=O)CCCCC1)=O,0.006092254631221294
CCNC(C1(NC(CCNC(OC(C)(C)C)=O)=O)CCCCC1)=O,0.007174634141847491
CCNC(C1(NC(C2=CC(OC)=C(OCC(N)=O)C=C2)=O)CCCCC1)=O,0.010688729723915458
CCNC(C1(NC(C2=C(COC)C3=C(C=CC=C3)O2)=O)CCCCC1)=O,0.009499934152700007
CCNC(C1(NC(CCC2ON=C(C3SC=CC=3)N=2)=O)CCCCC1)=O,0.007470514951273799
CCNC(C1(NC(C2=CC=C(N3C(=O)CCCC3)C=C2)=O)CCCCC1)=O,0.008659771177917719
CCNC(C1(NC(C2=CN=C(OC)C=C2)=O)CCCCC1)=O,0.008183645829558373
CCNC(C1(NC(CC2N=C(C3=CC=CC=C3)OC=2)=O)CCCCC1)=O,0.0065992801450192925
CCNC(C1(NC(COC2=C(OC)C=C(C#N)C=C2)=O)CCCCC1)=O,0.008112118975259364
CCNC(C1(NC(C(NC(C2SC=CC=2)=O)C)=O)CCCCC1)=O,0.008886968670412897
CCNC(C1(NC(CCC2OC(C3=CC=CC=C3)=CN=2)=O)CCCCC1)=O,0.007290910463780165
CCNC(C1(NC(COC2=CC3=C(NC(CC3)=O)C=C2)=O)CCCCC1)=O,0.009578483877703547
CCNC(C1(NC(CN2C(=O)C(C(F)(F)F)=CC=C2)=O)CCCCC1)=O,0.005619113938882947
CCNC(C1(NC(C=CC2=CC=C(C(NC)=O)C=C2)=O)CCCCC1)=O,0.010080360434949398
CCNC(C1(NC(C2CN(C3=NC=CC=N3)CCC2)=O)CCCCC1)=O,0.007507536583580077
CCNC(C1(NC(C2CC(=O)N(CC3OC=CC=3)C2)=O)CCCCC1)=O,0.011879625730216503
CCNC(C1(NC(CN2C(=O)C3=C(C=CC=C3)NC2=O)=O)CCCCC1)=O,0.004871434113010764
CCNC(C1(NC(CC2N=C(C3OC(C)=CC=3)SC=2)=O)CCCCC1)=O,0.008465097309090197
CCNC(C1(NC(CNS(C2SC=CC=2)(=O)=O)=O)CCCCC1)=O,0.004966304125264287
CCNC(C1(NC(C2=CC=C(NC(C3C(C)C3)=O)C=C2)=O)CCCCC1)=O,0.010678233858197928
CCNC(C1(NC(C2=CC(NC(C3C(C)C3)=O)=CC=C2)=O)CCCCC1)=O,0.01080318819731474
CCNC(C1(NC(C2=CC(NC(NC(C)C)=O)=CC=C2)=O)CCCCC1)=O,0.006713578873313963
CCNC(C1(NC(C2=CC(N3C(=O)NCC3)=CC=C2)=O)CCCCC1)=O,0.005649922066368163
CCNC(C1(NC(CSCC2=CC=NC=C2)=O)CCCCC1)=O,0.007934952480718493
CCNC(C1(NC(CCC(C2=C(F)C=C(F)C=C2)=O)=O)CCCCC1)=O,0.010565890511497856
CCNC(C1(NC(CNC(NCC2OC=CC=2)=O)=O)CCCCC1)=O,0.006663977401331067
CC1N(C2=C(C)C=CC=C2)C(C)=C(C(NCCC2=CN(C)N=C2)=O)C=1,0.01080923224799335
CN1N=CC(CCNC(C2ON=C(C3=C(Cl)C=C(Cl)C=C3)C2)=O)=C1,0.006103419954888523
CC1NC(=O)C(C(N(C2C3=C(C=CC=C3)CC2)CC=C)=O)=CC=1,0.007094087568111718
NC(C1=CC=C(C(N2CCC(C3OC4=C(C=C(C=C4)Cl)N=3)CC2)=O)C=C1)=O,0.0046818617032840844
CCCC1=NNC(C(N2CCC(C3OC4=C(C=C(C=C4)Cl)N=3)CC2)=O)=C1,0.003781220922246575
CCOC(C1(NC(C2=C(Cl)C=CC=C2)=O)CCCCC1)=O,0.009286649571731687
CCOC(C1(NC(C2=C(C)C=CS2)=O)CCCCC1)=O,0.008622394409030676
CCOC(C1(NC(CC2C3=C(C=CC=C3)NC=2)=O)CCCCC1)=O,0.005445211636833846
CCOC(C1(NC(CC2=CSC=C2)=O)CCCCC1)=O,0.008423645934090018
CCOC(C1(NC(COC)=O)CCCCC1)=O,0.010197274619713426
CCOC(C1(NC(CCSC)=O)CCCCC1)=O,0.008579728286713361
CCOC(C1(NC(C2=CC(S(C)(=O)=O)=CC=C2)=O)CCCCC1)=O,0.008236229047179222
CCOC(C1(NC(COCC2=CC=CC=C2)=O)CCCCC1)=O,0.009718956658616662
ClC1=CC=C(C=CC(NC2CCN(CC3=NC=CC=C3)CC2)=O)C=C1,0.006552622793242336
ClC1=CC(C(C2=CC=CC=C2)NC(CN2C(=O)NC(=O)C=C2)=O)=CC=C1,0.0033904173760674894
CCOC(C1(NC(C2CCOCC2)=O)CCCCC1)=O,0.012172134732827545
CCOC(C1(NC(C2=CC(F)=C(OC)C=C2)=O)CCCCC1)=O,0.009848622465506196
CCOC(C1(NC(C2=CC(COC)=CC=C2)=O)CCCCC1)=O,0.01008500913158059
CCOC(C1(NC(CC2CS(=O)(=O)CC2)=O)CCCCC1)=O,0.009595626313239337
CCOC(C1(NC(C2OC3=C(C=CC=C3)C2)=O)CCCCC1)=O,0.010059914644807577
CCOC(C1(NC(C2=C(C)OC(C)=C2)=O)CCCCC1)=O,0.010002696607261895
CCOC(C1(NC(C2NC=C(Br)C=2)=O)CCCCC1)=O,0.007246437761932611
CCOC(C1(NC(C2CCC(=O)N(C)N=2)=O)CCCCC1)=O,0.008216054551303387
CCOC(C1(NC(CC2=CC3=C(OCCO3)C(Cl)=C2)=O)CCCCC1)=O,0.008610598975792527
CCOC(C1(NC(CCC2=C(C)N(C)N=C2C)=O)CCCCC1)=O,0.010758114885538817
CCCCC(NC1(C(OCC)=O)CCCCC1)=O,0.012373383343219756
CCOC(C1(NC(CC2=C(C)OC(C3SC=CC=3)=N2)=O)CCCCC1)=O,0.005481488071382046
CCOC(C1(NC(C=CC2=CC=C(C(NC3CC3)=O)C=C2)=O)CCCCC1)=O,0.010291595803573727
CCOC(C1(NC(C2=CC3=C(OCC3)C=C2)=O)CCCCC1)=O,0.00906807160936296
CCOC(C1(NC(C2=CC(NC(C3C(C)C3)=O)=CC=C2)=O)CCCCC1)=O,0.009614063566550613
CCOC(C1(NC(C2CN(S(CC)(=O)=O)CCC2)=O)CCCCC1)=O,0.007297896244563162
CCC=C(C(NCCS(N1CC(C)OC(C)C1)(=O)=O)=O)C,0.0058981953654438255
CN(C(C1OC(N(=O)=O)=CC=1)=O)CCCC1NN=C(C2=CC=C(F)C=C2)C=1,0.0037194345495663583
CN(C(C1=C(C)N(C)N=C1)=O)CCCC1NN=C(C2=CC=C(F)C=C2)C=1,0.005257503967732191
CN(C(CCN1N=CN=C1)=O)CCCC1NN=C(C2=CC=C(F)C=C2)C=1,0.0040210448554717
CN(C(CSC1NC=NN=1)=O)CCCC1NN=C(C2=CC=C(F)C=C2)C=1,0.0034176499117165803
CC1C(C(NC2=CC=C(S(N=C3N(C)CCC3)(=O)=O)C=C2)=O)C1,0.003635167668107897
CN1C(=NS(C2=CC=C(NC(C(C3=CC=C(C)C=C3)=O)=O)C=C2)(=O)=O)CCC1,0.005882152915000915
CN1C(=NS(C2=CC=C(NC(C3=C4C(C(=C(N4)C)C)=CC=C3)=O)C=C2)(=O)=O)CCC1,0.002546550577972084
FC1=CC=C(C2(C(NCCCN3C(=O)N4C(CCCC4)=N3)=O)CCC2)C=C1,0.005802984558977186
O=C(C1(C2=CC=CC=C2)CCC1)NCCCN1C(=O)N2C(CCCC2)=N1,0.006505943927913904
CC1OC(CN(C(CNS(C2SC=CC=2)(=O)=O)=O)C2CC2)=CC=1,0.004678937327116728
CN(C(C1=CC(CS(C)=O)=CC=C1)=O)C1CCC(C2=CC=CC=C2)CC1,0.014697752427309752
COC1=C(OC2=NC=C(NC(C3=NSN=C3)=O)C=C2)C=CC(C)=C1,0.006297495844773948
CC1=C(C(NC2CCN(CC3=NC=CC=C3)CC2)=O)C2=C(C=CC=C2)N1,0.005285903834737838
O=C(C1C2=C(C=CC=C2)N(CC2=CC=CC=C2)C=1)NC1CCN(CC2=NC=CC=C2)CC1,0.008530781604349613
ClC1C2=C(C=CC=C2)NC=1C(NC1CCN(CC2=NC=CC=C2)CC1)=O,0.0041583672515116635
CCCOC1=CC(CNC(C2=CC(NC(N)=O)=CC=C2)=O)=CC=C1,0.004343372350558638
CCCOC1=CC(CNC(C2=CC(N3C=NC=C3)=NC=C2)=O)=CC=C1,0.004542137985117734
NC(NC1=CC(C(NCC2=CN=C(OC3CCCC3)C=C2)=O)=CC=C1)=O,0.003945988183841109
O=C(NCC1=CN=C(OC2CCCC2)C=C1)CSC1NC=NN=1,0.004330682125873864
CCCOC1=CC=C(OC2=C(CNC(C3N=NSC=3)=O)C=CC=N2)C=C1,0.005969968438148498
CC1=NN(C2=NC=C(CNC(CC3=C4C(C=CC=N4)=CC=C3)=O)C=C2)C(C)=C1,0.007651740382425487
CCOC(CN(C(CCN1N=CC(C)=C1)=O)CC(C)C)=O,0.010820509213954211
O=C(C1N=NSC=1)NC1=CC(COC2=CC=C(CC#N)C=C2)=CC=C1,0.0038759179413318636
CC(N(C(C1CCN(C(CC2=CC3=C(OCO3)C=C2)=O)CC1)=O)C)C,0.01083063860423863
ClC1=CC(C(C2=CC=CC=C2)NC(CN2C(=O)N=CC=C2)=O)=CC=C1,0.0050947261741384866
CC1=C(NC(CSC2CS(=O)(=O)CC2)=O)C=C(Br)C=C1,0.0058953172992914915
CC1=C(NC(C2=CC3=C(NC(C(N3)=O)=O)C=C2)=O)C=C(Br)C=C1,0.004328579735010862
CC1=C(OC2CCN(C(CC3C(=O)NC(=O)N3)=O)CC2)C(C)=CC=C1,0.002026622707489878
CC1=C(C)C=C(OC2CCN(C(CC3C(=O)NC(=O)N3)=O)CC2)C=C1,0.0019211929000448435
COC1=C(C(NC(CSC2CS(=O)(=O)CC2)=O)C)C=C(F)C=C1,0.005355685623362661
CC(C1N(CC2=CC(NC(C3OC(N(=O)=O)=CC=3)=O)=CC=C2)C=CN=1)C,0.004170373221859336
CC(C1N(CC2=CC(NC(CC3C4=C(C=CC=C4)ON=3)=O)=CC=C2)C=CN=1)C,0.005586508335545659
CC(C1N(CC2=CC(NC(CN3C(=O)NC(=O)C=C3)=O)=CC=C2)C=CN=1)C,0.0022987552220001817
CC(C1N(CC2=CC(NC(C3=C(F)C=CC=C3F)=O)=CC=C2)C=CN=1)C,0.004723977018147707
COC1=CC=C(NC(C2N(C(C3CN(C(C)=O)CCC3)=O)CCC2)=O)C=C1,0.008269489672966302
CC(NC1=CC(NC(C2=C(Cl)C(Cl)=C(Cl)C(Cl)=N2)=O)=C(C)C=C1)=O,0.006025096029043197
CC(NC1=CC(NC(C2=C3C(ON=C3C)=NC(C3=C(C)SC(C)=C3)=C2)=O)=C(C)C=C1)=O,0.005501010874286294
CC(NC1=CC(NC(C2(C3=CC(Br)=CC=C3)CC2)=O)=C(C)C=C1)=O,0.010041422443464398
CC1N(CC2OC=CC=2)C(C)=C(C(NC2CN(C3=NC=CC=N3)CCC2)=O)C=1,0.007204743311740458
CN(C(C1=CC(N(=O)=O)=C(N)C=C1)=O)C(C1=NC=CC=C1)C1=CC=CC=C1,0.005164119717665017
CN(C(CNC(CC1=CC=CC=C1)=O)=O)C(C1=NC=CC=C1)C1=CC=CC=C1,0.010234238766133785
CNC1=C(N(=O)=O)C=C(C(N(C(C2=NC=CC=C2)C2=CC=CC=C2)C)=O)C=C1,0.005780498008243739
CC(C(N(C(C1=NC=CC=C1)C1=CC=CC=C1)C)=O)NC(C1SC=CC=1)=O,0.008127772901207208
CN(C(C1N=C(NC(C)=O)SC=1)=O)C(C1=NC=CC=C1)C1=CC=CC=C1,0.005760368867777288
CN(C(CNC(NC1CCCCC1)=O)=O)C(C1=NC=CC=C1)C1=CC=CC=C1,0.0066093854838982224
COC1=C(CN(C(CCCNC(C2=CC=C(Cl)C=C2)=O)=O)CC2OCCC2)C=CC=C1,0.006863177986815572
COC1=C(CN(C(CC2=C(C)N(C)N=C2C)=O)CC2OCCC2)C=CC=C1,0.012161503871902823
COC1=C(CN(C(C=CC2N=C(C)SC=2)=O)CC2OCCC2)C=CC=C1,0.009096683328971266
COC1=C(CN(C(C2=CC(N3S(=O)(=O)CCC3)=CC=C2)=O)CC2OCCC2)C=CC=C1,0.006717105209827423
O=C(C1=NOC(C2OC=CC=2)=C1)NC1=CC(OCCN2N=CC=C2)=CC=C1,0.006132162339054048
CNC(C1=C(NC(C2=C(C(F)(F)F)C=CC=C2)=O)C=CC(Cl)=C1)=O,0.004976027936208993
O=C(C1=CC(N2C=NC=C2)=NC=C1)NC1=CC(OCCN2N=CC=C2)=CC=C1,0.003856604325119406
CNC(C1=C(NC(C2=C(C)N=CC(N(=O)=O)=C2)=O)C=CC(Cl)=C1)=O,0.004987243481446057
CN(C(COC1=CC(NC(CC2=C3C(C=CC=N3)=CC=C2)=O)=CC=C1)=O)C,0.006156826880760491
CC(NC(NC1=CC=C(CNC(CSCC2=CN=CC=C2)=O)C=C1)=O)C,0.003318406827747822
CC(COCCC(NC1=CN=C(N2CC(C(N)=O)CCC2)C=C1)=O)C,0.004696157644502819
CC(S(C(C(NCCOC1=CC=C(C(F)(F)F)C=C1)=O)C)(=O)=O)C,0.004426289699040353
O=C(N1C2C(CCCC2)OCC1)CC1C(=O)NC2=C(C=CC=C2)S1,0.00860410686582327
COC1=C(OCC(N)=O)C=CC(C(N2C3C(CCCC3)OCC2)=O)=C1,0.010491925571113826
NC(COC1=CC=C(C=CC(N2C3C(CCCC3)OCC2)=O)C=C1)=O,0.009624466625973582
CC1NC(=O)C(C(N2C3C(CCCC3)OCC2)=O)=CC=1,0.00693633274640888
CC(NC(NC1=CC=C(C(N2C3C(CCCC3)OCC2)=O)C=C1)=O)C,0.00581857436336577
CC1=C(Cl)C=C(NC(N2CCN(C(C3=CN(C)N=C3)=O)CC2)=O)C=C1,0.004047088162042201
CC1=NOC(C(N2CCN(C(NC3=CC(Cl)=C(C)C=C3)=O)CC2)=O)=C1,0.003696164884604514
CC1=NC=C(C(N2CCN(C(NC3=CC(Cl)=C(C)C=C3)=O)CC2)=O)C=C1,0.004007363563869148
CC1=C(Cl)C=C(NC(N2CCN(C(CSCC#N)=O)CC2)=O)C=C1,0.001537976481995429
CC1=C(Cl)C=C(NC(N2CCN(C(CC3OCCC3)=O)CC2)=O)C=C1,0.004347810428589583
COCCCC(N1CCN(C(NC2=CC(Cl)=C(C)C=C2)=O)CC1)=O,0.0034199811052531004
CC1=C(Cl)C=C(NC(N2CCN(C(CN3N=CC=C3)=O)CC2)=O)C=C1,0.0030478954198770226
COC1=NC=C(C(NC2=CC3=C(N=C(S3)NC(C)=O)C=C2)=O)C=C1,0.005217327643185854
COC1=C(NC2=C(C(NC3=CC4=C(N=C(S4)NC(C)=O)C=C3)=O)C=CC=N2)C=CC=C1,0.0049657056806609035
CC(NC1SC2=C(C=CC(=C2)NC(CCNC(C(C)(C)C)=O)=O)N=1)=O,0.007180844200775027
CC(NC1SC2=C(C=CC(=C2)NC(C2=C(C)N=C(C)S2)=O)N=1)=O,0.005101019039284438
CC(OC(NC1=C(NC(C2=NC=CN=C2)=O)C=C(C(F)(F)F)C=C1)=O)(C)C,0.00448847992811352
COCC(NC1=C(NC(OC(C)(C)C)=O)C=CC(C(F)(F)F)=C1)=O,0.004705053044017404
CC(NC1SC2=C(C=CC(=C2)NC(C2=C3C(C=NN3)=CC=C2)=O)N=1)=O,0.0036962628713808955
CSC(C(NC1=CC2=C(N=C(S2)NC(C)=O)C=C1)=O)C,0.005403505789581686
CC(NC1SC2=C(C=CC(=C2)NC(CSCC=C)=O)N=1)=O,0.004074190580286086
CCSCCC(NC1=CC2=C(N=C(S2)NC(C)=O)C=C1)=O,0.004454972792882472
CC(NC1SC2=C(C=CC(=C2)NC(CSCC2=NC=CC=C2)=O)N=1)=O,0.00420217695645988
CC(NC1SC2=C(C=CC(=C2)NC(C2=C3C(NC=N3)=CC(F)=C2)=O)N=1)=O,0.002636333246482536
CC1=C(C)C=C(S(NCCC(NC2=CC(OCCN3N=CN=C3)=CC=C2)=O)(=O)=O)C=C1,0.00419286775868386
CCN(CC1=CC(CNC(CCNC(NC2=CC=C(Br)C=C2)=O)=O)=CC=C1)CC,0.0063726654509082435
CCN1C2=C(C(C(NCC3=C(OCC4=CC=CC=C4)C=CC=C3)=O)=CC(C3CC3)=N2)C(=O)NC1=O,0.004325692413840443
CC(S(C(C(NCC1=C(OCC2=CC=CC=C2)C=CC=C1)=O)C)(=O)=O)C,0.007603280176408589
CCC=C(C(NC1=CC=C(N2N=CC=N2)C=C1)=O)C,0.007216931995935738
FC1=CC(CC2CCN(C(CC3C(=O)NC(=O)N3)=O)CC2)=CC=C1,0.0016555489040911199
O=C(NC1=CC(OCC2=CN=CC=C2)=CC=C1)CC1=C2C(C=CC=N2)=CC=C1,0.0064039868768304585
CS(NC1=CC(C(N2C3=C(C=C(C=C3)Cl)CCC2)=O)=CC=C1)(=O)=O,0.004101149458438158
ClC1=CC2=C(N(C(C3=CN=C(N4C=NC=C4)C=C3)=O)CCC2)C=C1,0.004477096977643669
CC(C1=CC2=C(N(C(CSC3CS(=O)(=O)CC3)=O)CCC2)C=C1)C,0.008214304642751812
FC(OC1=CC2=C(N(C(CNC3C4=C(C=CC=C4)S(=O)(=O)N=3)=O)CCC2)C=C1)(F)F,0.002921468130080029
CC1C2=C(N=C(N=C2C)C)SC=1C(N1C2=C(C=C(C=C2)OC(F)(F)F)CCC1)=O,0.004693867336027324
CCCC1=NNC(C(N2C3=C(C=C(C=C3)OC(F)(F)F)CCC2)=O)=C1,0.0030285562039352953
CC(NC1SC=C(C(N2C3=C(C=C(C=C3)OC(F)(F)F)CCC2)=O)N=1)=O,0.003845294122584164
CNS(C1=C(OC)C=CC(C=CC(N2C3=C(C=C(C(=C3)F)F)CCC2)=O)=C1)(=O)=O,0.005519605707377195
FC1=CC2=C(N(C(CSC3CS(=O)(=O)CC3)=O)CCC2)C=C1,0.005953935370780527
CC1=C(NS(C)(=O)=O)C=C(C(N2C3=C(C=C(C=C3)F)CCC2)=O)C=C1,0.004333879775367677
CN1C(SCC2OC(C(N3C4=C(C=C(C=C4)F)CCC3)=O)=CC=2)=NC=C1,0.00668123431969434
CC1C2=C(C=CC=C2)N(C(CSC2CS(=O)(=O)CC2)=O)CC1,0.007355745183303952
FC1=CC2=C(CCCN2C(CC2=CC3=C(CCC3)C=C2)=O)C=C1,0.013019548915326595
FC1=CC2=C(CCCN2C(CSC2CS(=O)(=O)CC2)=O)C=C1,0.0059481874573975805
FC1=CC2=C(CCCN2C(C2=CC=C(N3C=CC=C3)C=C2)=O)C=C1,0.0077279736287891865
FC1=CC2=C(CCCN2C(C2COC3=C(C=CC=C3)C=2)=O)C=C1,0.008242799737490713
CC1=CC2=C(N=C(C(C(N3C4=C(C=CC(=C4)F)CCC3)=O)=C2)C)C=C1,0.008196660201065242
CC1ON=C(COC2=CC=C(C(N3C4=C(C=CC(=C4)F)CCC3)=O)C=C2)N=1,0.0077188325114548205
CC1C(Br)=C(C)N(C2=CC=C(C(N3C4=C(C=CC(=C4)F)CCC3)=O)C=C2)N=1,0.00990174519829452
FC1=CC=C(C2N=C(CCCC(N3C4=C(C=CC(=C4)F)CCC3)=O)ON=2)C=C1,0.007441185740754008
FC(OC1=CC=C(C=CC(NC2=CN(CC3OCCC3)N=C2)=O)C=C1)F,0.005073232972063124
CC1N(C2=C(C)C=CC=C2)N=CC=1C(NC1=CN(CC2OCCC2)N=C1)=O,0.007730677956715226
O=C(C1(C2=CC=CC=C2)CCOCC1)NC1=CN(CC2OCCC2)N=C1,0.009153931820765137
CC1=C(C)C=C(C(NCC2=CC(CN3CCOCC3)=CC=C2)=O)C=C1,0.00984697388485074
OC1=NC=C(C(NCC2=CC(CN3CCOCC3)=CC=C2)=O)C=C1,0.005574652832001448
O=C(NCC1=CC(CN2CCOCC2)=CC=C1)CC1N=C2N(C=CC=C2)C=1,0.005083004850894213
CC1NC(=O)C(C(NCC2=CC(CN3CCOCC3)=CC=C2)=O)=CC=1,0.004651619167998433
COC1=C(C=CC(NCC2=CC(N3C(=O)OCC3)=CC=C2)=O)C=CC=C1,0.004452994000166655
O=C(NCC1=CC(N2C(=O)OCC2)=CC=C1)CCSC1=CC=CC=C1,0.003790866304188967
O=C(NCC1=CC(N2C(=O)OCC2)=CC=C1)CCOC1=CC=CC=C1,0.005110330879688263
CCOC1=C(OCC(NCC2=CC(N3C(=O)OCC3)=CC=C2)=O)C=CC=C1,0.006278683035634458
O=C(C=CC1=CC=C(C#N)C=C1)NCC1=CC(N2C(=O)OCC2)=CC=C1,0.003423968073911965
COC1=C(F)C=C(CC(NCC2=CC(N3C(=O)OCC3)=CC=C2)=O)C=C1,0.005223180796019733
CN1N=CC(C=CC(NCC2=CC(N3C(=O)OCC3)=CC=C2)=O)=C1,0.004011736623942852
O=C(C1N=C2N(C=CC=C2)C=1)NCC1=CC(N2C(=O)OCC2)=CC=C1,0.0027840492315590382
CC1SC=C(C=CC(NCC2=CC(N3C(=O)OCC3)=CC=C2)=O)N=1,0.003629771899431944
O=C(C1(C2=CC=CC=C2)CCC1)NCC1=CC(N2C(=O)OCC2)=CC=C1,0.006156681152060628
FC1=CC(OCCC(NCC2=CC(N3C(=O)OCC3)=CC=C2)=O)=CC=C1,0.0044874066021293405
CN(C1=NC=C(C(NCC2=CC(N3C(=O)OCC3)=CC=C2)=O)C=C1)C,0.003611495066434145
FC1=C2C(NC(C(NCC3=CC(N4C(=O)OCC4)=CC=C3)=O)=C2)=CC(Br)=C1,0.0031372572062537073
ClC1=CC(OCCC(NCC2=CC(N3C(=O)OCC3)=CC=C2)=O)=CC=C1,0.004404473258182407
FC1=C(C=CC(NCC2=CC(N3C(=O)OCC3)=CC=C2)=O)C(F)=CC=C1,0.003932379942853004
ClC1=CC=C(OCCC(NCC2=CC(N3C(=O)OCC3)=CC=C2)=O)C=C1,0.004414344951510429
ClC1C2=C(C=CC=C2)NC=1C(NCC1=CC(N2C(=O)OCC2)=CC=C1)=O,0.0028023554594255986
CC1=C(N(=O)=O)C=CC=C1C(N1C(C2=CC=CC=C2)CC(=O)NCC1)=O,0.005530389491468668
CS(C1=CC(C(N2C(C3=CC=CC=C3)CC(=O)NCC2)=O)=CC=C1)(=O)=O,0.005641887499950826
CC1=C(N2C(SCC(N3C(C4=CC=CC=C4)CC(=O)NCC3)=O)=NC=C2)C=CC=C1,0.00575588452629745
FC(C1=CN=C(SCC(N2C(C3=CC=CC=C3)CC(=O)NCC2)=O)C=C1)(F)F,0.00434917388483882
O=C(C1=CC2=C(OCCCO2)C=C1)N1C(C2=CC=CC=C2)CC(=O)NCC1,0.008805248280987143
CC(CN1C2=C(C=C(C(N3C(C4=CC=CC=C4)CC(=O)NCC3)=O)S2)C(C)=N1)C,0.006885437201708556
CC(OC(N1CC(C(N2C(C3=CC=CC=C3)CC(=O)NCC2)=O)CCC1)=O)(C)C,0.007406173436902463
CN1C(=O)CCC(C(N2C(C3=CC=CC=C3)CC(=O)NCC2)=O)=N1,0.005880785407498479
FC1=CC=C(C2C(C(N3C(C4=CC=CC=C4)CC(=O)NCC3)=O)C2)C=C1,0.008540483866818249
CS(C1=CC=C(C(N2C(C3=CC=CC=C3)CC(=O)NCC2)=O)C=C1)=O,0.00808789343573153
CC1ON=C(COC2=CC=C(C(N3C(C4=CC=CC=C4)CC(=O)NCC3)=O)C=C2)N=1,0.007327938755042851
ClC1=CC2=C(NC(C(N3C(C4=CC=CC=C4)CC(=O)NCC3)=O)=C2)C=C1,0.004013344645500183
CN1C(=O)CC(C(N2C(C3=CC=CC=C3)CC(=O)NCC2)=O)CC1,0.008432412659749389
FC1=C2C(NC(C(N3C(C4=CC=CC=C4)CC(=O)NCC3)=O)=C2)=CC(Br)=C1,0.004054090438876301
O=C(N1C(C2=CC=CC=C2)CC(=O)NCC1)C1OCCOC1,0.010368123091757298
O=C(N1C(C2=CC=CC=C2)CC(=O)NCC1)CCNC(C1CCCC1)=O,0.010531690577045083
CC1N=C(CCCC(N2C(C3=CC=CC=C3)CC(=O)NCC2)=O)ON=1,0.00806468171067536
O=C(C1=CC=C(C2OC=NC=2)C=C1)N1C(C2=CC=CC=C2)CC(=O)NCC1,0.0054892120650038125
CN(C(CCNC1=NC=CC=N1)=O)CCCC1NN=C(C2=CC=CC=C2)C=1,0.004157030314672738
FC1=C(C2SC(C(NC3=CC=C(CN4N=CC=C4)C=C3)=O)=CC=2)C=CC=C1,0.0047017770353704694
CNS(C1=CN(C)C(C(NC2=C(OC3CCCC3)C=CC=C2)=O)=C1)(=O)=O,0.005213430640287698
FC1=C(C=CC(N2CCC(C3N4C(CCC4)=NN=3)CC2)=O)C(F)=CC=C1,0.005713001871481538
ClC1=CC=C(OCCC(N2CCC(C3N4C(CCC4)=NN=3)CC2)=O)C=C1,0.00743556572124362
CN(C(C1=CN(C(C)(C)C)N=C1)=O)CCCC1NN=C(C2=CC=CC=C2)C=1,0.007728060963563621
ClC1=C(C(NC2CC2)=O)C=CC(NC(CNC(C2CC2)=O)=O)=C1,0.009074639272876084
CC(C(NC1=CC(Cl)=C(C(NC2CC2)=O)C=C1)=O)NC(C1=COC=C1)=O,0.008084892481565475
COC1=CC=C(OC2C(=O)N(CC3=CC=C(C#N)C=C3)C2C2=CC3=C(OCC3)C=C2)C=C1,0.005344809009693563
COCCOCC1=CC(NC(C2=C(Cl)C3=C(C=CC=C3)N2)=O)=CC=C1,0.0035884067066945134
CN1C(=O)N(C)C(=O)C(C=CC(N2C(CC3=CC(F)=CC=C3)CCC2)=O)=C1,0.00669659529812634
FC1=CC(CC2N(C(C3C(=O)NC4=C(C(CCC4)=O)C=3)=O)CCC2)=CC=C1,0.007028476824052632
FC1=CC(CC2N(C(C3=CC4=C(NC(C(N4)=O)=O)C=C3)=O)CCC2)=CC=C1,0.0035749753704294564
FC1=CC(CC2N(C(CC3C(=O)NC(=O)N3)=O)CCC2)=CC=C1,0.0016214324743486941
FC1=CC(CC2N(C(C3=CC(N4C=NC=C4)=NC=C3)=O)CCC2)=CC=C1,0.004586867848411202
CN1C2=C(C=CC=C2)C(C(N2CCC(C(NC3=NC=CC=C3)=O)CC2)=O)=C1,0.005068768828641624
O=C(C1CCN(C(C2=C(SCC3N=C4N(C=CC=C4)C=3)C=CC=C2)=O)CC1)NC1=NC=CC=C1,0.0035466121742501857
CC(C(N1CCN(C2=CC=C(Cl)C=C2)CC1)=O)N1C(=O)C2=C(C=CC=C2)C1=O,0.0036989579210057856
CS(C1=CC=C(C(N2CCN(C3=CC=C(Cl)C=C3)CC2)=O)C=C1)(=O)=O,0.00553984047146514
ClC1=CC=C(N2CCN(C(CN3C(=O)CSC3)=O)CC2)C=C1,0.005493031465448439
ClC1=CC=C(N2CCN(C(CCC3OC=CC=3)=O)CC2)C=C1,0.007337767141871154
ClC1=CC=C(N2CCN(C(C3=NN(C4=CC=CC=C4)C(C4SC=CC=4)=N3)=O)CC2)C=C1,0.0048783912439830605
COC1=NN=C(N2C(C(F)(F)F)=C(C(N3CCN(C4=CC=C(Cl)C=C4)CC3)=O)C=N2)C=C1,0.00420358075061813
FC(C1C(=O)N(CC(N2CCN(C3=CC=C(Cl)C=C3)CC2)=O)C=CC=1)(F)F,0.0037368724471889435
ClC1=CC=C(N2CCN(C(CCNC(C3=COC=C3)=O)=O)CC2)C=C1,0.0058667293516919015
CC(C(N1C(C(NCCNC2=C(C(F)(F)F)C=CC=N2)=O)CCC1)=O)C,0.0037305259611457586
CN(C(C1C(=O)NC(C(F)(F)F)=CC=1)=O)CCCCC1=CC=CC=C1,0.0032348852022551
O=C(C1=C(N2CCCCC2)N=CC=C1)NC1=CC=C(CN2N=CC=C2)C=C1,0.005650571873411536
FC1=CC(C2NC3=C(C=C(C=C3)NC(C3C4=C(C=CC=C4)NC(=O)C3)=O)N=2)=C(F)C=C1,0.0027321347035467623
CC(S(C)(=O)=O)C(NC1=CC2=C(NC(C3=C(F)C=CC(F)=C3)=N2)C=C1)=O,0.002103596820961684
CN(CCN(C(C1C(=O)NC(C)=CC=1)=O)CCC1=CC=CC=C1)C,0.0062694569351151586
CCC=C(C(NC1=CC=C(OCC(OC)=O)C=C1)=O)C,0.007948833145201206
COC(COC1=CC=C(NC(C2CN(C3=NC=CC=C3)CCC2)=O)C=C1)=O,0.005247461434919387
CCC(N1C(C(NCC2=CC(OCC(F)(F)F)=CC=C2)=O)CCCC1)=O,0.005426673626061529
CS(NC1=CC(C(NC2=C(OC3CCCC3)C=CC=C2)=O)=CC=C1)(=O)=O,0.0047881550854071975
O=C(NC1=C(OC2CCCC2)C=CC=C1)CSC1CS(=O)(=O)CC1,0.0068952271714806555
CNS(C1=CC=C(C(NC2=C(OC3CCCC3)C=CC=C2)=O)C=C1)(=O)=O,0.005278974352404475
CN1C(=O)N(C)C(=O)C(C=CC(NC2=C(OC3CCCC3)C=CC=C2)=O)=C1,0.007028900878503918
NC(NC(C1SC=CC=1)CC(NC1=C(OC2CCCC2)C=CC=C1)=O)=O,0.005053737643174827
O=C(C1C(=O)NC2=C(C(CCC2)=O)C=1)NC1=C(OC2CCCC2)C=CC=C1,0.008489512791857123
CC(NC1SC=C(C(NC2=C(OC3CCCC3)C=CC=C2)=O)N=1)=O,0.006153128598816693
O=C(C1=CC(N2C(=O)NCC2)=CC=C1)NC1=C(OC2CCCC2)C=CC=C1,0.005317515623755753
CC(C(NC1=C(OC2CCCC2)C=CC=C1)=O)SC1N(C2CC2)N=NN=1,0.006802105042152107
COC(C1N(C(C2SN=NC=2)=O)C2C(CCCC2)C1)=O,0.011463798070326447
CC(CCNC(C1CCN(C(C2=C(C)N(C3=CC=C(Cl)C=C3)C(C)=C2)=O)CC1)=O)C,0.0081368962302804
CCC1=C(C(NCCN2CCN(C3=NC=CC=N3)CC2)=O)C=NC=N1,0.0051828928058967
CC(CCNC(C1CCN(C(CCOCC2=CC=CC=C2)=O)CC1)=O)C,0.00880051515996456
COC1=NC=C(C(NC2=C(F)C=CC(N3N=NN=C3)=C2)=O)C=C1,0.00341356520075351
COC1=C(OC(F)F)C(C(NC2=C(F)C=CC(N3N=NN=C3)=C2)=O)=CC=C1,0.0034366515232250095
CC(SC1=C(C(NC2=C(F)C=CC(N3N=NN=C3)=C2)=O)C=CC=N1)C,0.003648450307082385
COC1=C(OC(F)F)C=C(C(NC2=C(F)C=CC(N3N=NN=C3)=C2)=O)C=C1,0.0032754443935118617
CC(OC1=C(Cl)C=C(C(NC2=C(F)C=CC(N3N=NN=C3)=C2)=O)C=N1)C,0.003675159183330834
CN(CCN(C(C1C(=O)NC(C)=CC=1)=O)CC1=CC=C(C#N)C=C1)C,0.004740944819059223
CCN1C(=O)C=CC(NC(C2=C(S(C(C)C)(=O)=O)C=CC=C2)=O)=C1,0.006180186755955219
CCN1C(=O)C=CC(NC(C2N=C(C3=CC(Cl)=CC=C3)SC=2)=O)=C1,0.0039498771191574635
CN(C(C1C(=O)NC2=C(C(CCC2)=O)C=1)=O)CC1=CC(C(F)(F)F)=CC=C1,0.006379265454597771
CN(C(C1=CC2=C(NC(C(N2)=O)=O)C=C1)=O)CC1=CC(C(F)(F)F)=CC=C1,0.0035794182796962557
CN(C(CN(C1=C2C(N=CN2)=NC=N1)C)=O)CC1=CC(C(F)(F)F)=CC=C1,0.0022530081623699516
CN(C(CNC(NCC1OC=CC=1)=O)=O)CC1=CC(C(F)(F)F)=CC=C1,0.0039046494057402015
CC1OC(C)CN(C(CCNC(C2(C#N)CCCC2)=O)=O)C1,0.007034975164151547
CC1OC(C)CN(C(CCNC(C2=NOC(C3=CC=CC=C3)=C2)=O)=O)C1,0.007190919108688831
CC1OC(C)CN(C(CCNC(C=CC2N=C(C)SC=2)=O)=O)C1,0.006106334459036589
CC1OC(C)CN(C(CCNC(C2C(=O)NC(C(F)(F)F)=CC=2)=O)=O)C1,0.0028530103038065134
CC1OC(C)CN(C(CCNC(C2(C3=CC(F)=CC=C3)CCC2)=O)=O)C1,0.008163801999762655
CC1OC(C)CN(C(CCNC(C2=C3C(NN=C3)=CC=C2)=O)=O)C1,0.004085983219556511
CC1OC(C)CN(C(CCNC(CCOC2=C(Cl)C=CC=C2)=O)=O)C1,0.008092905022203922
FC1=C(CCNC(CSC2CS(=O)(=O)CC2)=O)C(F)=CC=C1,0.005033416650258004
O=C(C1NC2=C(C=CC=C2)C=1)NCCCCN1CCN(C2=CC=CC=C2)CC1,0.004770577210001648
COC1=C(C=CC(N2CCC(C3N4C(CCC4)=NN=3)CC2)=O)C=CC=C1,0.008648861572146416
CCOC1=C(OCC(N2CCC(C3N4C(CCC4)=NN=3)CC2)=O)C=CC=C1,0.00951795899309218
COC1=C(F)C=C(CC(N2CCC(C3N4C(CCC4)=NN=3)CC2)=O)C=C1,0.006879399390891194
CN1N=CC(C=CC(N2CCC(C3N4C(CCC4)=NN=3)CC2)=O)=C1,0.008240877045318484
O=C(C1(C2=CC=CC=C2)CCC1)N1CCC(C2N3C(CCC3)=NN=2)CC1,0.010296667646616697
FC1=CC(OCCC(N2CCC(C3N4C(CCC4)=NN=3)CC2)=O)=CC=C1,0.006319990917108953
CC1=C(C)C(OCCC(N2CCC(C3N4C(CCC4)=NN=3)CC2)=O)=CC=C1,0.009250762220472098
ClC1=C(OCCC(N2CCC(C3N4C(CCC4)=NN=3)CC2)=O)C=CC=C1,0.007579175313003362
ClC1=CC(OCCC(N2CCC(C3N4C(CCC4)=NN=3)CC2)=O)=CC=C1,0.007238142914138735
ClC1C2=C(C=CC=C2)NC=1C(N1CCN(C(C2=CN=CC=C2)=O)CC1)=O,0.0041535833501257
CS(C1=CC=C(C(NC2=C(N3N=CC=C3)C(Cl)=CC=C2)=O)C=C1)=O,0.005348555720411241
ClC1C2=C(C=CC=C2)NC=1C(NC1CCN(CC2=CC=NC=C2)CC1)=O,0.0040851800935342904
O=C(C1=NOC(C2OC=CC=2)=C1)NC1=NN(CC2=CC=CC=C2)C=C1,0.007103886757977307
NS(N1C2=C(C=CC(=C2)NC(COCC2CC2)=O)CC1)(=O)=O,0.006855111941695214
O=C(NC(C1=CC=CC=C1)CCC1=CC=CC=C1)CN1C(=O)NC(=O)C=C1,0.004663500119931996
FC(C1C=C(NC(CC2=C3C(C=CC=N3)=CC=C2)=O)C(=O)NC=1)(F)F,0.0022178099083248527
FC(C1C=C(NC(CCN2N=CC=C2)=O)C(=O)NC=1)(F)F,0.0018756637698970735
FC(C1C=C(NC(CC2=CC3=C(OCO3)C=C2)=O)C(=O)NC=1)(F)F,0.002496182784670964
O=C(C1COC2=C(C=CC=C2)C=1)NCC1SC=C(C2=CC=CC=C2)N=1,0.006603668699972332
CC1OC(CNC(CN2C3=C(C=CC=C3)N=C2SC(F)F)=O)=NN=1,0.0030838854203466327
FC1=CC=C(N2CCN(C(CCNC(CC3SC=CC=3)=O)=O)CC2)C=C1,0.004281165776774287
FC1=CC=C(N2CCN(C(CCNC(CSCC#N)=O)=O)CC2)C=C1,0.0022669982245133724
CC1OC(CNC(CC2C(=O)NC(C3=CN=CC=C3)=NC=2C)=O)=NN=1,0.0032361211837269367
O=C(NC1=CC(C(NC2NC=NN=2)=O)=CC=C1)CCCC1SC=CC=1,0.003686115250457078
O=C(C1=C(SCC2N=C3N(C=CC=C3)C=2)C=CC=C1)NC1SC=NN=1,0.003183101082686335
ClC1C2=C(C=CC(=C2)Br)NC=1C(NC1SC=NN=1)=O,0.0032587577123194935
FC1=CC=C(CC2SC(NC(C3=CC(N4C=NC=C4)=NC=C3)=O)=NC=2)C=C1,0.0035537797841243444
COC(C1=C(NC(C2=NSN=C2)=O)C=C2C(C=CC=C2)=C1)=O,0.006314830109477043
CC1=C(C)C=C(OC2=NC=C(NC(CC3N=C4N(C=CS4)C=3)=O)C=C2)C=C1,0.004280105896759779
CC1=C(C)C=C(OC2=NC=C(NC(C3=NSN=C3)=O)C=C2)C=C1,0.005749184219166636
FC1=CC(CC2SC(NC(C3=CC(N4C=NC=C4)=NC=C3)=O)=NC=2)=CC=C1,0.0033103675348684193
CC(NC(C1=CC(NC(N)=O)=CC=C1)=O)CC1=C(C)C=CC=C1,0.005113469925709069
O=N(C1=CC(C(NC2N3C(C=CC=C3)=NN=2)=O)=C(N2CCCC2)C=C1)=O,0.003626730106770992
O=C(C1CN(C(NC2=CC=CC=C2)=O)CCC1)NC1N2C(C=CC=C2)=NN=1,0.0032672286324668676
FC1=CC=C(CN2CCC(NC(C=CC3=CC(C#N)=CC=C3)=O)CC2)C=C1,0.004550322249997407
FC1=CC=C(CN2CCC(NC(CCOC3=CC(Cl)=CC=C3)=O)CC2)C=C1,0.005389928352087736
CC1=C(CC2SC(NC(CN3C(=O)N=CC=C3)=O)=NC=2)C=CC(Cl)=C1,0.0042543536983430386
CCN(S(C1=CC(C(NC2=CC(CN3N=CN=C3)=CC=C2)=O)=C(N2CCCC2)C=C1)(=O)=O)CC,0.004660079232417047
CC1=CC(NC(C2CCN(C(C=CC3=C(F)C=CC=C3)=O)CC2)=O)=NC=C1,0.004868550912942737
CC1=CC(NC(C2CCN(C(C3N=C4N(C=CC=C4)C=3)=O)CC2)=O)=NC=C1,0.0036745026940479875
CC1SC=C(C=CC(N2CCC(C(NC3=NC=CC(C)=C3)=O)CC2)=O)N=1,0.004934256721753627
CCOC(CC(C1=CC(OC)=CC=C1)NC(C1=C(C)N(C)N=C1)=O)=O,0.009453595243394375
CC1=CC=C(C(C(N2CCC(C(NC3=NC=CC(C)=C3)=O)CC2)=O)=O)C=C1,0.00811074108351022
CC1=CC(NC(C2CCN(C(C3(C4=CC=CC=C4)CCC3)=O)CC2)=O)=NC=C1,0.007245638011954725
CC1=CC(NC(C2CCN(C(C=CC3=CN=CC=C3)=O)CC2)=O)=NC=C1,0.0052875829511322085
CN(C1=NC=C(C(N2CCC(C(NC3=NC=CC(C)=C3)=O)CC2)=O)C=C1)C,0.005438642832450569
CC1=CC(NC(C2CCN(C(C3=C(C4=CC=CC=C4)C=CC(F)=C3)=O)CC2)=O)=NC=C1,0.0053254009922966365
CC(C1=CC=CC=C1)=CC(N1CCC(C(NC2=NC=CC(C)=C2)=O)CC1)=O,0.00561440633609891
CC1N=C(SC2=CC=C(NC(C3=C(C)N(C)N=C3)=O)C=C2)SC=1,0.007670039939694106
ClC1=CN=C(NC(C2CN(C(CCOC3=C4C(C=CC=C4)=CC=C3)=O)CCC2)=O)C=C1,0.004948449681978673
ClC1=CN=C(NC(C2CCN(C(CC3SC=CC=3)=O)CC2)=O)C=C1,0.003915250627323985
ClC1=CN=C(NC(C2CCN(C(C3(C#N)CCCC3)=O)CC2)=O)C=C1,0.004063526827940223
CN1N=CC(C=CC(N(CC2=CC(F)=CC=C2)CC2=CC=C(C#N)C=C2)=O)=C1,0.006436405656859279
CN1C(=O)CCC(C(N(CC2=CC(F)=CC=C2)CC2=CC=C(C#N)C=C2)=O)=N1,0.00575207486981526
FC1=CC(CN(C(CN2C(=O)N=CC=C2)=O)CC2=CC=C(C#N)C=C2)=CC=C1,0.004771820141468197
CC(C1=CC(N(=O)=O)=CC=C1)NC(C1C(=O)NC(C(F)(F)F)=CC=1)=O,0.0018577330454718321
CC(C1=CC(N(=O)=O)=CC=C1)NC(C1N(C(C2OC=CC=2)=O)CCCC1)=O,0.005386895546689629
NC(NC1=CC(C(NCC2=CC(OCC3OCCC3)=CC=C2)=O)=CC=C1)=O,0.0044371314812451604
CN1C(=O)N(C)C(=O)C(C=CC(N2C(C3=CC(Cl)=C(Cl)C=C3)CCC2)=O)=C1,0.00789652697276324
CC(NCCCCCC(N1C(C2=CC(Cl)=C(Cl)C=C2)CCC1)=O)=O,0.008528284309431911
CN(S(C)(=O)=O)CC(N1C(C2=CC(Cl)=C(Cl)C=C2)CCC1)=O,0.006866858690045774
CC(NC(CSC1CS(=O)(=O)CC1)=O)CC1=C(F)C=CC=C1F,0.005319704348221421
CCC=C(C(NC(C1=CC2=C(NC(CC2)=O)C=C1)C)=O)C,0.009637701325118542
CN(C(C1=C(C)N(C2=C(C)C=CC=C2)C(C)=C1)=O)CC1CC1,0.015244367625564336
CC1OC(C)CN(C2=C(F)C=C(CNC(C3C4=C(C=CC=C4)N(C)C=3)=O)C=C2)C1,0.00650219947565347
CCOC(CC(C1=CC(OC)=CC=C1)NC(CN1C(=O)NC(=O)C=C1)=O)=O,0.004744014074094594
CCC=C(C(N1CCN(C(C(NC2CC2)=O)=O)CC1)=O)C,0.008421811321750284
CCNC(CN(C(C1(C2=CC3=C(OCCO3)C=C2)CCCC1)=O)C)=O,0.011533014848828316
CCCC(NC1=CC(NC(CSCC2=CC=NC=C2)=O)=CC=C1)=O,0.005078569217585027
CC(NC(CSC1CS(=O)(=O)CC1)=O)CC1=C(C)C=CC=C1,0.006630716403014958
CC(NC(C1=C(C)N(C2=NNC(=O)C=C2)N=C1)=O)CC1=C(C)C=CC=C1,0.005090519029181451
CC(NC(CC1C(=O)NC(C2=CN=CC=C2)=NC=1C)=O)CC1=C(C)C=CC=C1,0.004230926465243101
FC1=CC=C(CN2CCC(NC(CCSC3=CC=CC=C3)=O)CC2)C=C1,0.005114830564707518
FC1=CC=C(CN2CCC(NC(CCOC3=CC=CC=C3)=O)CC2)C=C1,0.0062224292429164055
FC1=CC=C(CN2CCC(NC(C=CC3=CC=C(C#N)C=C3)=O)CC2)C=C1,0.004666705103591085
FC1=CC=C(CN2CCC(NC(CCOC3=CC(F)=CC=C3)=O)CC2)C=C1,0.006014398066326976
CCS(NC1=CC=C(NC(C(C#N)=CC2=C(C)N(C(COC)C)C(C)=C2)=O)C=C1)(=O)=O,0.004135679139290005
CCS(NC1=CC=C(NC(C2=C(Cl)C3=C(C=CC=C3)N2)=O)C=C1)(=O)=O,0.0024442860623821614
ClC1C2=C(C=CC=C2)NC=1C(NC1=CC(CN2C(=O)N=CC=C2)=CC=C1)=O,0.0029255756293423475
O=C(C1=CC(N2C=NC=C2)=NC=C1)NC1=CC(CN2C(=O)N=CC=C2)=CC=C1,0.003079442447051406
CC(CN1CCC(C(NCCNC(C2SC=CC=2)=O)=O)CC1)C,0.005813002190552652
CCC(C1=C(OCC(NC)=O)C=CC=C1)NC(C1=C(C)N(C)N=C1)=O,0.009213314158841968
O=C(NC1CC1)CN1N=CC(NC(C2COC3=C(C=CC=C3)C=2)=O)=C1,0.005810267105698585
O=C(NC1CC1)CN1N=CC(NC(C2(C3=CC=CC=C3)CCOCC2)=O)=C1,0.007269556890241802
CC1=C(NC(C2CN(C(C3C4=C(C=CC=C4)N(C)C=3)=O)CCC2)=O)N=CC=C1,0.005359170387964696
CC(NCCC(NC1=CC(NC(OC(C)(C)C)=O)=C(F)C=C1)=O)=O,0.005466415174305439
CC1ON=C(C(NC2=CC(NC(OC(C)(C)C)=O)=C(F)C=C2)=O)C=1,0.0063829269958660005
CC1=C(CC2=CC=C(C)C=C2)SC(NC(CN2C(=O)N=CC=C2)=O)=N1,0.005606539570726455
CCOC(C1(NC(C2=C(Br)C=CC=C2)=O)CCCCC1)=O,0.011560915457084774
CCOC(C1(NC(C2=C(Cl)C=C(F)C(F)=C2)=O)CCCCC1)=O,0.009216861822642386
CCOC(C1(NC(C2=C3C(N=CC=C3)=CC=C2)=O)CCCCC1)=O,0.007424861169420182
CCOC(C1(NC(C(N2N=CC=C2)C)=O)CCCCC1)=O,0.00836093439720571
CCOC(C1(NC(C2=C(COC)C=CC=C2)=O)CCCCC1)=O,0.010231483448296785
CCOC(C1(NC(C2=NSN=C2)=O)CCCCC1)=O,0.0095416609197855
CC1=C(NC(C2(C(Cl)(Cl)C2)C)=O)C(Cl)=CC(Br)=C1,0.008882336046917771
CN(S(C1=CN=CC=C1)(=O)=O)CC(NC1=C(Cl)C=C(Br)C=C1C)=O,0.00509216187056154
CC1=C(CC2=C(Cl)C=CC=C2)SC(NC(CN2C(=O)N=CC=C2)=O)=N1,0.004303892131429165
CCOC(NCCC(N(CC1=CC=CC=C1)CC(OC)=O)=O)=O,0.00596533683128655
COC(CN(C(CCCNC(C1CC1)=O)=O)CC1=CC=CC=C1)=O,0.008964992640540004
CS(C1=CC=C(C(NC2=C(CN3C4=C(C=CC=C4)CC3)C=CC=C2)=O)C=C1)=O,0.010618723416700959
CC1=NNC(C(NC2=C(CN3C4=C(C=CC=C4)CC3)C=CC=C2)=O)=C1,0.005427433899603784
CS(C1=CC=C(C(NC2=CC=C(SC3SC=NN=3)C=C2)=O)C=C1)=O,0.007039080769754946
O=C(C1=NOC(C2OC=CC=2)=C1)NC1=CC=C(SC2SC=NN=2)C=C1,0.006650181254372001
CC1=C(C)C2=C(C(C(NC3=CC=C(SC4SC=NN=4)C=C3)=O)=CC=C2)N1,0.005517521384172141
NS(N1C2=C(C=CC(=C2)NC(C2=CC=C(F)C=C2)=O)CC1)(=O)=O,0.005869910051114857
NS(N1C2=C(C=CC(=C2)NC(C2OC=CC=2)=O)CC1)(=O)=O,0.008020426402799785
NS(N1C2=C(C=CC(=C2)NC(C2=CC=C(C(F)(F)F)C=C2)=O)CC1)(=O)=O,0.005507698422297836
NS(N1C2=C(C=CC(=C2)NC(C2=CC(F)=CC=C2)=O)CC1)(=O)=O,0.005771277146413923
NS(N1C2=C(C=CC(=C2)NC(CC2=C(F)C=CC=C2)=O)CC1)(=O)=O,0.005625396873801947
CC1OC(C=CC(NC2=CC3=C(CCN3S(N)(=O)=O)C=C2)=O)=CC=1,0.005745614855550229
CC1OC(C(NC2=CC3=C(CCN3S(N)(=O)=O)C=C2)=O)=CC=1,0.0073732576565817
NS(N1C2=C(C=CC(=C2)NC(C=CC2=C(F)C=CC=C2)=O)CC1)(=O)=O,0.0053939505247399214
CC1=C(CC(NC2=CC3=C(CCN3S(N)(=O)=O)C=C2)=O)C=CC=C1,0.0067467456450685855
NS(N1C2=C(C=CC(=C2)NC(C=CC2=CSC=C2)=O)CC1)(=O)=O,0.005703181517310441
NS(N1C2=C(C=CC(=C2)NC(C2SC3=C(CCCCC3)C=2)=O)CC1)(=O)=O,0.008946125535294414
NS(N1C2=C(C=CC(=C2)NC(C2SC3=C(CCC3)C=2)=O)CC1)(=O)=O,0.007848210097290576
NS(N1C2=C(C=CC(=C2)NC(CCC2OC=CC=2)=O)CC1)(=O)=O,0.006026665470562876
CC1=C(C(NC2=CC3=C(CCN3S(N)(=O)=O)C=C2)=O)OC=C1,0.008158825128339231
NS(N1C2=C(C=CC(=C2)NC(C2C3CC(CC3)C2)=O)CC1)(=O)=O,0.007911823154427112
CC(C(NC1=CC2=C(CCN2S(N)(=O)=O)C=C1)=O)(C)C,0.0069030303042382
CCC(C(NC1=CC2=C(CCN2S(N)(=O)=O)C=C1)=O)CC,0.007413005270063877
CSC(C(NC1=CC2=C(CCN2S(N)(=O)=O)C=C1)=O)C,0.006196054490283131
NC(NC(C1SC=CC=1)CC(NC1=CC(C2SC=CN=2)=CC=C1)=O)=O,0.003278603544458747
NS(N1C2=C(C=CC(=C2)NC(CSCC=C)=O)CC1)(=O)=O,0.004701963369734585
CCC=C(C(NCC1=CC=C(C(N2CC(=O)NCC2)=O)C=C1)=O)C,0.0061424343381077055
CC(C(NC(C1=CC=C(Cl)C=C1)C1=CC=C(Cl)C=C1)=O)NC(C1=COC=C1)=O,0.00861129378899932
O=N(C1=CC=C(CC(NC2CCN(CC3=C(F)C=CC=C3)CC2)=O)C=C1)=O,0.0033636503852903844
FC1=CC=C(SCCC(NC2CCN(CC3=C(F)C=CC=C3)CC2)=O)C=C1,0.00442785513587296
FC1=C(CN2CCC(NC(C=CC3=CC=C(C#N)C=C3)=O)CC2)C=CC=C1,0.004292289819568395
CC1SC=C(C=CC(NC2CCN(CC3=C(F)C=CC=C3)CC2)=O)N=1,0.0047292619245126845
FC1=CC=C(OCCC(NC2CCN(CC3=C(F)C=CC=C3)CC2)=O)C=C1,0.0056955358944833275
FC1=C(CN2CCC(NC(C=CC3=CC(C#N)=CC=C3)=O)CC2)C=CC=C1,0.0042187821702100335
FC1=C(CN2CCC(NC(CCOC3=CC=C(Cl)C=C3)=O)CC2)C=CC=C1,0.005230574705637992
CC(C1SC(C)=CC=1)N(C(C1=CC(S(C)(=O)=O)=C(Cl)C=C1)=O)C,0.007030724477954209
CC(C1SC(C)=CC=1)N(C(C=CC1=CC=C(OCC(N)=O)C=C1)=O)C,0.009561588428914547
CCOC(CC1N=C(NC(C2=CC=C(S(C)=O)C=C2)=O)SC=1)=O,0.006203690660186112
CCN(C(CC(C1SC=CC=1)NC(N)=O)=O)C(C1=CC=C(F)C=C1)C,0.004202545096632093
O=C(C1(C2=CC=CC=C2)CCOCC1)NCCN1C(=O)SCC1=O,0.003311274421866983
O=C(C1CCN(C2=NC=CC=N2)CC1)NCCN1C(=O)SCC1=O,0.002272895269561559
CC(CC1=NNC(C(NCCN2C(=O)SCC2=O)=O)=C1)C,0.001863386679906398
CC(C1=NNC(C(NCCN2C(=O)SCC2=O)=O)=C1)(C)C,0.0016457335033919663
CC1OC(C2=NNC(C(NCCN3C(=O)SCC3=O)=O)=C2)=CC=1,0.0015365732833743095
CCC1=C(C(NCCN2C(=O)SCC2=O)=O)C=NC=N1,0.0019113964401185513
CN(C(COC1=CC2=C(OC3=C2C=CC=C3)C=C1)=O)CC1=NC=CC=C1,0.00998320784419775
CN(C(C=CC1SC(C2=CC=CC=C2)=CC=1)=O)CC1=NC=CC=C1,0.009553937427699565
CN(C(C1=C(Cl)C2=C(C=CC=C2)S1)=O)CC1=NC=CC=C1,0.006262800469994545
COC1=C(C=C(C2=CC=CC=C2)C(N(CC2=NC=CC=C2)C)=O)C=CC=C1,0.011567113874480128
CN(C(C=CC1SC(C2=C(Cl)C=CC=C2)=CC=1)=O)CC1=NC=CC=C1,0.008210020046681166
NC(NC1=CC(CNC(C2=CC=C(Cl)C=C2)=O)=CC=C1)=O,0.0034034637617878618
NC(NC1=CC(CNC(C=CC2=CC=C(C(F)(F)F)C=C2)=O)=CC=C1)=O,0.003152713447343558
NC(NC1=CC(CNC(C2=CC3=C(OCCCO3)C(Cl)=C2)=O)=CC=C1)=O,0.004374533228110522
CCS(C1=C(C(NCC2=CC(NC(N)=O)=CC=C2)=O)C=CC=C1)(=O)=O,0.004349737043958158
CC([C@@H](C(NCC1=CC(NC(N)=O)=CC=C1)=O)NC1C2=C(C=CC=C2)S(=O)(=O)N=1)C,0.0023814944783225656
CN1C2(CCCCC2)C(=O)N(CC(NCC2=CC(NC(N)=O)=CC=C2)=O)C1=O,0.002647501137107611
NC(NC1=CC(CNC(CCOC2=CC(Cl)=CC=C2)=O)=CC=C1)=O,0.003477167652454227
NC(NC1=CC(CNC(CC2N=C(CC3=CC=CC=C3)SC=2)=O)=CC=C1)=O,0.004147344024386257
NC(NC1=CC(CNC(C2(C3=CC=CC=C3)CCOCC2)=O)=CC=C1)=O,0.004582816874608398
CCCCC(C(NCC1=CC(NC(N)=O)=CC=C1)=O)CC,0.004938331746961922
CSC(C(NCC1=CC(NC(N)=O)=CC=C1)=O)C,0.003523306513670832
NC(NC1=CC(CNC(C=CC2=C(F)C=CC=C2F)=O)=CC=C1)=O,0.00308401269139722
NC(NC1=CC(CNC(CCCC2=CC=CC=C2)=O)=CC=C1)=O,0.004641871398780495
NC(NC1=CC(CNC(CCOC2=CC=C(Cl)C=C2)=O)=CC=C1)=O,0.003501056879758835
CCOC1=C2C(C=C(C(NCC3=CC(NC(N)=O)=CC=C3)=O)CO2)=CC=C1,0.004824600229039788
NC(NC1=CC(CNC(CC2=CC=C(OC(F)(F)F)C=C2)=O)=CC=C1)=O,0.002770836651325226
COCCCC(NCC1=CC(NC(N)=O)=CC=C1)=O,0.003204945649486035
CCCOC1=CC(C(NCC2=CC(NC(N)=O)=CC=C2)=O)=CC=C1,0.004328415368217975
CC(C1N(C(C)(C)C)N=C(C(NCC2=CC(NC(N)=O)=CC=C2)=O)C=1)C,0.005163756385445595
NC(NC1=CC(CNC(COC2CCCC2)=O)=CC=C1)=O,0.004601574910338968
NC(NC1=CC(CNC(CCCC2=CC=C(Cl)C=C2)=O)=CC=C1)=O,0.004334810702130198
NC(NC1=CC(CNC(COCC2=C(Cl)C=CC=C2)=O)=CC=C1)=O,0.0034486074466258286
CCSCCC(NCC1=CC(NC(N)=O)=CC=C1)=O,0.002936198597308248
NC(NC1=CC(CNC(CCC2=C(Br)C=CC=C2)=O)=CC=C1)=O,0.005126797873526811
CC1=C(C(NCC2=CC(NC(N)=O)=CC=C2)=O)C=CC(Br)=C1,0.00495977234095335
CC(C(NCC1=CC(NC(N)=O)=CC=C1)=O)SC1=C(Cl)C=CC=C1,0.003242168453289196
COC1=CC=C(SC(C(NCC2=CC(NC(N)=O)=CC=C2)=O)C)C=C1,0.003701990167610347
CC(OC1=C(Cl)C=C(C(NCC2=CC(NC(N)=O)=CC=C2)=O)C=N1)C,0.0034651619382202624
NC(NC1=CC(CNC(CCC2=CC3=C(C=CC=C3)C=C2)=O)=CC=C1)=O,0.0046498935203999284
CCCC(N1C(=O)CC(C(NCC2=CC(NC(N)=O)=CC=C2)=O)C1)C,0.004732767411042005
CCSCC1=CC=C(C(NCC2=CC(NC(N)=O)=CC=C2)=O)C=C1,0.0041517244069837035
NC(NC1=CC(CNC(C2=C3C(C=CC=N3)=CC(Cl)=C2)=O)=CC=C1)=O,0.0029730680224020036
CCCCSC(C(NCC1=CC(NC(N)=O)=CC=C1)=O)C,0.003393675503320992
NC(NC1=CC(CNC(C2=NN(C3=CC(Cl)=CC=C3)C=C2)=O)=CC=C1)=O,0.0034915491007268427
NC(NC1=CC(CNC(CCCOC2=CC(F)=CC=C2)=O)=CC=C1)=O,0.003226883814204484
CCN(C(CC1N=C(C2=NC=CC=N2)SC=1)=O)C(C1=CC=C(F)C=C1)C,0.0073752828873693945
CC(N(C(CN1C(C)=C(N(=O)=O)C(C)=N1)=O)CC1=CN=CC=C1)C,0.006646043504588306
CC(N(C(C1=CC(NC(C2C(C)C2)=O)=CC=C1)=O)CC1=CN=CC=C1)C,0.007964316988363862
CCC1(C(=O)N(CC(N(C(C)C)CC2=CN=CC=C2)=O)C(=O)N1)CC,0.0023549780482426284
CNC1=C(N(=O)=O)C=C(C(N(C(C)C)CC2=CN=CC=C2)=O)C=C1,0.0047855307813733814
CC(N(C(CCNC(OC(C)(C)C)=O)=O)CC1=CN=CC=C1)C,0.005403208616189659
CC(N(C(COC1=CC(N(=O)=O)=CC=C1)=O)CC1=CN=CC=C1)C,0.0057883613742887976
CC(N(C(C1=NN(C2=CC=C(F)C=C2)C(=O)C=C1)=O)CC1=CN=CC=C1)C,0.006774255726486445
CC(N(C(C1=CC=C(NC(NC2CC2)=O)C=C1)=O)CC1=CN=CC=C1)C,0.004898689733818173
CC(NC(NC1=CC(C(N(C(C)C)CC2=CN=CC=C2)=O)=CC=C1)=O)C,0.004802388383541256
CC(N(C(C1=C(Cl)C=NC(N2CCCC2)=N1)=O)CC1=CN=CC=C1)C,0.007338203256949782
CC(N(C(C1=CC(OCC2=CN=CC=C2)=CC=C1)=O)CC1=CN=CC=C1)C,0.010439731692895294
CC(N(C(C1OC(COC2=C(C#N)C=CC=C2)=CC=1)=O)CC1=CN=CC=C1)C,0.00844532942865044
CC(N(C(C1=CC(N2C(=O)CCC2=O)=CC=C1)=O)CC1OC(C)=CC=1)C,0.004363275645300746
CC(N(C(CC1C(=O)NC2=C(C=CC=C2)S1)=O)CC1OC(C)=CC=1)C,0.008224639459513128
CC(N(C(C1=CC(S(C)(=O)=O)=C(Cl)C=C1)=O)CC1OC(C)=CC=1)C,0.008014872157946228
CNS(C1=CC=C(CCC(N(C(C)C)CC2OC(C)=CC=2)=O)C=C1)(=O)=O,0.006508222175762057
CC(N(C(CC1C2=C(C=CC=C2)C(=O)N(C)N=1)=O)CC1OC(C)=CC=1)C,0.009545733965933324
COC1=C(OCC(N)=O)C=CC(C(N(C(C)C)CC2OC(C)=CC=2)=O)=C1,0.010870677279308438
CC(N(C(CC1N=C(C2=NC=CC=C2)SC=1)=O)CC1OC(C)=CC=1)C,0.008993824338540434
CC(N(C(CC1N=C(C2=CN=CC=C2)SC=1)=O)CC1OC(C)=CC=1)C,0.00851400694809854
CC(N(C(C1=CC=C(N2S(=O)(=O)CCC2)C=C1)=O)CC1OC(C)=CC=1)C,0.006770242145285011
CC(N(C(CCN1C2=C(C=CC=C2)C(=O)C=N1)=O)CC1OC(C)=CC=1)C,0.010455276397988201
CNS(C1=CN(C)C(C(N(C(C)C)CC2OC(C)=CC=2)=O)=C1)(=O)=O,0.005550181306898594
CC(N(C(C1=CC(NS(C)(=O)=O)=C(C)C=C1)=O)CC1OC(C)=CC=1)C,0.0052442691754549745
ClC1=CC(C2(C(N3CC(C(NC4SC=NN=4)=O)CCC3)=O)CCCCC2)=CC=C1,0.007169043272733688
CCC=C(C(NC(C1=CC(OC)=C(OCC2=CC=NC=C2)C=C1)C)=O)C,0.009750093193724751
CC(C(C(NC1=CC(C2SC=CN=2)=CC=C1)=O)NC(C1OC=CC=1)=O)C,0.006417542928829789
O=C(C1=CC=C(N2C(=O)CCC2=O)C=C1)NC1=CC(C2SC=CN=2)=CC=C1,0.0020537626987788826
O=C(NC1=CC(C2SC=CN=2)=CC=C1)CNC(CC1=CC=CC=C1)=O,0.004606646217871458
CCCCN1C(=O)C=CC(C(NC2=CC(C3SC=CN=3)=CC=C2)=O)=N1,0.005036209570243954
O=C(NC(C1=CC=CC=C1)C1CCCC1)CC1N=C(C2=NC=CC=N2)SC=1,0.009442895278334617
O=N(C1=C(C(NC2=CC(C3SC=CN=3)=CC=C2)=O)C=CC=C1)=O,0.0035456961602903904
CCS(C1=C(C(NC2=CC(C3SC=CN=3)=CC=C2)=O)C=CC=C1)(=O)=O,0.004727353854104876
CNC(C1=C(Cl)C=CC(NC(C(C(C)C)NC(C2OC=CC=2)=O)=O)=C1)=O,0.008466766006313265
FC1=C(C(C2=CC=CC=C2)NC(CCC2ON=C(C3=CSC=C3)N=2)=O)C=CC(Br)=C1,0.006563411979004741
CC1C2NC3=C(C=2CCN1C(C1=CC=C(OCC(N)=O)C=C1)=O)C=CC=C3,0.006454477040097118
CC(N(C(CSCC(NC1=NOC(C)=C1)=O)=O)CC1=NC=CC=C1)C,0.006444688234478235
O=C(NC1=CC(C2SC=CN=2)=CC=C1)COC1=CC2=C(NC(CC2)=O)C=C1,0.004644276481121779
CN(C(C1SC=CC=1)=O)CC(NC1=CC(C2SC=CN=2)=CC=C1)=O,0.004959326796233654
O=C(C1(C2=CC=CC=C2)CCOCC1)NC1=CC(C2SC=CN=2)=CC=C1,0.0058896838221699
O=C(NC1=CC(C#C)=CC=C1)CNC(C1(C2=CC=CC=C2)CCOCC1)=O,0.005120415263809264
CN1N=CC(C2SC=C(C(NC3=CC(C4SC=CN=4)=CC=C3)=O)N=2)=C1,0.005380635685287416
CCS(C1=C(C(NCC(NC2=CC=CC=C2)=O)=O)C=CC=C1)(=O)=O,0.005822305718902498
CCN1C(=O)C=CC(NC([C@H]2N(C(OC(C)(C)C)=O)CCC2)=O)=C1,0.005137667106464505
CNC(C1=C(Cl)C=CC(NC(C2OC3=C(C=CC=C3)C(=O)C=2)=O)=C1)=O,0.0069767948472872375
CNC(C1=C(Cl)C=CC(NC(C2=CC3=C(OCCCO3)C=C2)=O)=C1)=O,0.007462662504985928
CNC(C1=C(Cl)C=CC(NC(CCN2C3=C(C=CC=C3)OC2=O)=O)=C1)=O,0.003913517692126334
CNC(C1=C(Cl)C=CC(NC(C2CCN(C3=NC=CC=N3)CC2)=O)=C1)=O,0.004797515098471194
CNC(C1=C(Cl)C=CC(NC(C2OC3=C(C=C(C=C3)Cl)C=2)=O)=C1)=O,0.006733585312031209
CNC(C1=C(Cl)C=CC(NC(C2=C(C)C3=C(CCCC3=O)N2)=O)=C1)=O,0.007377959182485938
CNC(C1=C(Cl)C=CC(NC(C2=C(Cl)SC(Cl)=C2)=O)=C1)=O,0.0059511440340429544
CCS(C1=C(C(NC2=CC(C(NC)=O)=C(Cl)C=C2)=O)C=CC=C1)(=O)=O,0.005953746126033365
CNC(C1=C(Cl)C=CC(NC(C2=C3C(ON=C3C)=NC(C)=C2)=O)=C1)=O,0.005502492934465408
CNC(C1=C(Cl)C=CC(NC(C2C(=O)NC(C(F)(F)F)=CC=2)=O)=C1)=O,0.0027482043369673193
CNC(C1=C(Cl)C=CC(NC(CN2C3=C(C=CC=C3)N(C)C2=O)=O)=C1)=O,0.0033720411360263825
CNC(C1=C(Cl)C=CC(NC(C2C(=O)N3C(C=CC=C3)=NC=2)=O)=C1)=O,0.0046714039519429205
CNC(C1=C(Cl)C=CC(NC(CC2=CC=C(N3N=NN=C3)C=C2)=O)=C1)=O,0.003007321141194552
CNC(C1=C(Cl)C=CC(NC(C2=C3C(C=CC=N3)=C(Cl)C=C2)=O)=C1)=O,0.005582750588655472
CNC(C1=C(Cl)C=CC(NC(CN(C(C2SC=CC=2)=O)C)=O)=C1)=O,0.005756974220275879
CNC(C1=C(Cl)C=CC(NC(C2CC(=O)N(C3=CC=CC=C3)C2)=O)=C1)=O,0.006656884215772152
CCC(NC(C(NC1=CC(C(NC)=O)=C(Cl)C=C1)=O)CCSC)=O,0.0061690568458288905
O=C(NC1SC(C2=NC=CC=C2)=NN=1)CC1=CC2=C(OCO2)C=C1,0.005664399522356689
CC1=CC(NC(NC2=CC(CNC(C=CC3=CC=C(C#N)C=C3)=O)=CC=C2)=O)=CC=C1,0.003915736405178905
CCCS(C1=C(C(NCC2=CC(NC(NC3=CC(C)=CC=C3)=O)=CC=C2)=O)C=CC=C1)(=O)=O,0.004797176725696772
CC1=NC(CNC(C2=C(N3C=CC=C3)N(C3=CC=C(F)C=C3)N=C2)=O)=CC=C1,0.006096697109751403
CN1C(=O)CCC(C(NC(C2=C(F)C=C(Br)C=C2)C2=CC=CC=C2)=O)=N1,0.006472840928472579
FC1=C(C(C2=CC=CC=C2)NC(CN2C(=O)C(C(F)(F)F)=CC=C2)=O)C=CC(Br)=C1,0.005219155363738537
CN1C(=O)C=C(C(NC(C2=C(F)C=C(Br)C=C2)C2=CC=CC=C2)=O)C=C1,0.008126213913783431
FC(C1NC(=O)C(C(NCC(NC2=CC(C#C)=CC=C2)=O)=O)=CC=1)(F)F,0.0015172095445450395
COC1=C(OC(F)F)C(C(NCC(NC2=CC(C#C)=CC=C2)=O)=O)=CC=C1,0.004378995706792921
CC1N(C2=NNC(=O)C=C2)N=CC=1C(NCC(NC1=CC(C#C)=CC=C1)=O)=O,0.0026791367738042025
CC(C(NCCC(NCC(NC1=CC(C#C)=CC=C1)=O)=O)=O)(C)C,0.006261715712025761
O=C(N1CC(C(NC2=CC(N3CCCC3)=CC=C2)=O)CCC1)CCOC1=CC=CC=C1,0.008440419752150773
CC1=CC=C(CN(C(C2=CC=NC=C2)=O)C2C3=C(C=CC=C3)CC2)C=C1,0.014320190204307437
O=C(NC1=CC(C#C)=CC=C1)CNC(C1N(C(C2OC=CC=2)=O)CCCC1)=O,0.004761464637704193
CC(N1C(C)=C(NC(C=CC2=CC(N(=O)=O)=CC=C2)=O)C(C)=N1)C,0.004910446261055768
CC1N(C2=CC(C)=CC=C2)C(C)=C(C(NCC2ON=C(C3CC3)N=2)=O)C=1,0.009713294822722674
CC(C1=CC=C(N2C(C)=C(C(NCC3ON=C(C4CC4)N=3)=O)C=C2C)C=C1)C,0.010834811581298709
FC1=C(F)C=C(CN2CCC(NC(C=CC3=CC=C(C#N)C=C3)=O)CC2)C=C1,0.005375348054803908
FC1=C(F)C=C(CN2CCC(NC(C=CC3=CC(C#N)=CC=C3)=O)CC2)C=C1,0.004992119851522148
CC1N(C2CC2)C(C)=C(C(NC2=CC(F)=C(N3CCCC3)C(F)=C2)=O)C=1,0.009078145632520318
FC1=C(CC2C(=O)NC(C(NC3=CC(F)=C(N4CCCC4)C(F)=C3)=O)CS2)C=CC=C1,0.005901413736864924
CN1C(C2=CC(NC(COC3=CC4=C(CCC4)C=C3)=O)=CC=C2)=NC=C1,0.007007740833796561
CSC1N(C2=CC(C(NC3=CC(C4N(C)C=CN=4)=CC=C3)=O)=CC=C2)C=CN=1,0.005170131253544241
CC1=NN(CC2=CC(CNC(C3OC(N(=O)=O)=CC=3)=O)=CC=C2)C(C)=C1,0.007374669215641916
CCS(C1=C(C(NCC2=CC(CN3C(C)=CC(C)=N3)=CC=C2)=O)C=CC=C1)(=O)=O,0.007934728311374784
CCN(CCN(C(CS(C1=CC=C(Cl)C=C1)(=O)=O)=O)CC(C)C)CC,0.01158877108246088
CC(OC(N1CCN(CCNC(C2=CSC=C2)=O)CC1)=O)(C)C,0.005977869383059442
CC(OC(N1CCN(CCNC(C2=NNC=C2)=O)CC1)=O)(C)C,0.003258827386889607
CC1=NNC(C(NCCN2CCN(C(OC(C)(C)C)=O)CC2)=O)=C1,0.0039278844371438025
CS(N1CCC(C(NC2=C(C3NN=C(C4=CC=CC=C4)N=3)C=CC=C2)=O)CC1)(=O)=O,0.002932808257173747
CCCS(N1CC(C(NC2=C(C3NN=C(C4=CC=CC=C4)N=3)C=CC=C2)=O)CCC1)(=O)=O,0.003323026327416301
O=C(NC(C1=CC=CC=C1)C1CCCC1)CSC1CS(=O)(=O)CC1,0.00893176943063736
O=C(C1=CC2=C(NC(C(N2)=O)=O)C=C1)NC(C1=CC=CC=C1)C1CCCC1,0.0063651651609688996
CCC1CC2=C(N=C(S2)NC(C=CC2C(=O)N(C)C(=O)N(C)C=2)=O)CC1,0.0076490389881655576
CC(C1=CC=C(Cl)C=C1)N(C(C1=CC=C(S(C)=O)C=C1)=O)C1CC1,0.013080560835078359
CC1N(C2=CC(C)=CC=C2)C(C)=C(C(NC2=CC=C(OC3=NC=CC=N3)C=C2)=O)C=1,0.006171768042258918
NC(C1=CC=C(C(NC2=CC=C(OC3=NC=CC=N3)C=C2)=O)C=C1)=O,0.0043496933882124725
FC1=CC2=C(NC(=C2Cl)C(NC2=CC=C(OC3=NC=CC=N3)C=C2)=O)C=C1,0.0028088629012927415
O=C(NC1=CC=C(OC2=NC=CC=N2)C=C1)CC1=CC2=C(OCO2)C=C1,0.005151502136141062
BrC1SC(C=CC(NC2=CC(C3OC=NC=3)=CC=C2)=O)=CC=1,0.005164615367539227
O=C(C=CC1=CSC=C1)NC1=CC(C2OC=NC=2)=CC=C1,0.004598508635535836
O=C(C1=C2C(C3=C(N2)CCCC3)=CC=C1)NC1=CC(C2OC=NC=2)=CC=C1,0.005430187634192407
CC1=C(C)C2=C(C(C(NC3=CC(C4OC=NC=4)=CC=C3)=O)=CC=C2)N1,0.004045481432694942
CC1=C(C(NC2=CC(C3OC=NC=3)=CC=C2)=O)C(C2=C(Cl)C=CC=C2Cl)=NO1,0.005218157591298222
O=C(C1CC(=O)N(C2=CC=CC=C2)C1)NC1=CC(C2OC=NC=2)=CC=C1,0.005791978910565376
O=C(C1N(C(C2CCCCC2)=O)CCC1)NC1=CC(C2OC=NC=2)=CC=C1,0.0069493842776864765
CSC1N(C2=CC(C(NC3=CC(C4OC=NC=4)=CC=C3)=O)=CC=C2)C=CN=1,0.003981595183722675
BrC1=CC2=C(C=C(C=C2)OCC(NC2=CC(C3OC=NC=3)=CC=C2)=O)C=C1,0.00602548811584711
ClC1=C(COCC(NC2=CC(C3OC=NC=3)=CC=C2)=O)C=CC=C1,0.004137897957116365
COC1=CC2=C(OC(=C2C(NC2=CC(C3OC=NC=3)=CC=C2)=O)C)C=C1,0.005338555341586471
CC1=C(C)N=C2C(C=C(C=C2C(NC2=CC(C3OC=NC=3)=CC=C2)=O)F)=N1,0.005336616351269185
CC1C2NC3=C(C=2CCN1C(CSC1=NC(C)=CC(C)=N1)=O)C=CC=C3,0.006928897881880403
CC1C2NC3=C(C=2CCN1C(CSC1CS(=O)(=O)CC1)=O)C=CC=C3,0.004277935088612139
CC1C2NC3=C(C=2CCN1C(C1=CC(CS(C)=O)=CC=C1)=O)C=CC=C3,0.006910089519806206
CC1C2NC3=C(C=2CCN1C(CCCNC(C(C)(C)C)=O)=O)C=CC=C3,0.006733908224850893
CC1C2NC3=C(C=2CCN1C(C1=C(Br)C2=C(C=CC=C2)N1)=O)C=CC=C3,0.007965847942978143
CC(N(C(CCC(C1=CC2=C(OCCO2)C=C1)=O)=O)CC1=NC=CC=C1)C,0.01353139323182404
CCNS(C1=CC(C(N(C(C)C)CC2=NC=CC=C2)=O)=C(C)C=C1)(=O)=O,0.0053697227966040375
CC(N(C(C1=CC(S(NCC#C)(=O)=O)=CC=C1)=O)CC1=NC=CC=C1)C,0.003111513436306268
CC(N(C(CCCNC(NC1CCCCC1)=O)=O)CC1=NC=CC=C1)C,0.005374812195077539
CC(N(C(C1OC(CSC2N(C)C=CN=2)=CC=1)=O)CC1=NC=CC=C1)C,0.008956782054156065
O=C(C1=CC2=C(SCCC(N2)=O)C=C1)NC1=CC=C(C(N2CCCCCC2)=O)C=C1,0.006352958595380187
COC1=C(N(C(CSC2=NC(C)=CC(C)=N2)=O)C)C=CC=C1,0.009291011234745383
CC(SC1=C(C(NCC(NC2=CC(C#C)=CC=C2)=O)=O)C=CC=C1)C,0.0051342144841328265
CC1CCN(C(C2=CC(C)=C(NC(C3C(=O)N4C(SCC4)=NC=3)=O)C=C2)=O)CC1,0.00654032789170742
CNC(C1=C(NC(C2=CC(S(C)(=O)=O)=C(Cl)C=C2)=O)C=C(Cl)C=C1)=O,0.00565867954865098
CNC(C1=C(NC(C2N=C3N(C=CC(=C3)C)C=2)=O)C=C(Cl)C=C1)=O,0.003248644957784563
CNC(C1=C(NC(C2C(C)(C)C2/C=C(\C)/C)=O)C=C(Cl)C=C1)=O,0.009956769295968115
CNC(C1=C(NC(C2C(N(=O)=O)C2)=O)C=C(Cl)C=C1)=O,0.005617744196206332
CNC(C1=C(NC(C2=C(Cl)C=NC(N3CCCC3)=N2)=O)C=C(Cl)C=C1)=O,0.006055959407240153
CC(OC1=CC(C)=C(NC(C2=CC(NC(N)=O)=CC=C2)=O)C=C1)C,0.0047114263172261415
CCN(C(CCNC(C1=C(NC(C2=CC=NC=C2)=O)C=CS1)=O)=O)CC,0.005717546702362597
O=C(NCCOC1=C2C(C=CC=C2)=CC=C1)CSC1CS(=O)(=O)CC1,0.004485743097029626
CN1C(=O)N(C)C(=O)C(C=CC(NCCOC2=C3C(C=CC=C3)=CC=C2)=O)=C1,0.005339155020192265
O=C(C1C(=O)NC2=C(C(CCC2)=O)C=1)NCCOC1=C2C(C=CC=C2)=CC=C1,0.006722661852836609
CCOC1=C(NC(CSC2CS(=O)(=O)CC2)=O)C=C(Cl)C=C1,0.0044927923358045515
CCOC1=C(NC(CC(C2SC=CC=2)NC(N)=O)=O)C=C(Cl)C=C1,0.003209864825475961
CCOC1=C(NC(C2N=C(NC(C)=O)SC=2)=O)C=C(Cl)C=C1,0.00430280709406361
CC1=C(C2N(C(CSC3CS(=O)(=O)CC3)=O)CCC2)C=CC=C1,0.008497727941721678
COC1=CC(CN2CCC(NC(CCOC3=CC=CC=C3)=O)CC2)=CC=C1,0.008446869277395307
COC1=CC(CN2CCC(NC(C=CC3=CN(C)N=C3)=O)CC2)=CC=C1,0.007578803738579154
COC1=CC(CN2CCC(NC(C=CC3N=C(C)SC=3)=O)CC2)=CC=C1,0.006282168882898986
COC1=CC(CN2CCC(NC(C3=CN=C(N(C)C)C=C3)=O)CC2)=CC=C1,0.006232738797552884
CNC(COC1=CC(CNC(C2=C3C(NN=C3)=CC=C2)=O)=CC=C1)=O,0.004433340672403574
ClC1=CC=C(NC(CCCNC(CC2C3=C(C=CC=C3)ON=2)=O)=O)C=C1,0.00524382438743487
CCS(C1=C(C(NCCCC(NC2=CC=C(Cl)C=C2)=O)=O)C=CC=C1)(=O)=O,0.005082616047002375
CC(NCCCCCC(NC1=CC2=C(NC(C3OC=CC=3)=N2)C=C1)=O)=O,0.0032468813471496103
O=C(N1CCC(N2C(=O)NCC2)CC1)CC1=CC2=C(OCO2)C=C1,0.004513308603782207
O=C(C1C(=O)C2=C(C=CC=C2)NC=1)N1CCC(N2C(=O)NCC2)CC1,0.002296223898883909
C/C(/C)=C/C(NCC1=CC(S(NCC2=CC(F)=CC=C2)(=O)=O)=CC=C1)=O,0.004352346411906183
CN(C1=C(F)C=C(NC(CN2C(=O)NC(=O)C=C2)=O)C=C1)C1CCCCC1,0.00360472610918805
CN(C1=C(F)C=C(NC(CN2C(=O)N=CC=C2)=O)C=C1)C1CCCCC1,0.005461666430346668
CN(C1=C(F)C=C(NC(CN2N=C(N(=O)=O)N=C2)=O)C=C1)C1CCCCC1,0.0050272551830857996
CNC(C1(NC(CCC(C2=C(C)SC(C)=C2)=O)=O)CCCCC1)=O,0.013866952294483781
CNC(C1(NC(C2=C(C)N(C3=NNC(=O)C=C3)N=C2)=O)CCCCC1)=O,0.005891228024847805
CNC(C1(NC(C2=CC(N3C(=O)NCC3)=CC=C2)=O)CCCCC1)=O,0.005719968397170305
CNC(C1(NC(CSCC2=NC=CC=C2)=O)CCCCC1)=O,0.007479204796254635
CNC(C1(NC(CSCC2=CC=NC=C2)=O)CCCCC1)=O,0.007692233053967356
CNC(C1(NC(CCC(C2=C(F)C=C(F)C=C2)=O)=O)CCCCC1)=O,0.010887094074860215
CNC(C1(NC(CNC(NC2CCCCC2)=O)=O)CCCCC1)=O,0.009287879802286625
CCS(C1=C(C(NC2=CC(C3N=C(C)NN=3)=CC=C2)=O)C=CC=C1)(=O)=O,0.0030942349461838604
CC1=C2C(N=CC(C(NCC3=CC=C(N(=O)=O)C=C3)=O)=C2)=NN1,0.002223409397993237
O=N(C1=C(C=CC(NC2=CN(CC3=CC=CC=C3)N=C2)=O)C=CC=C1)=O,0.005121989990584552
O=C(C=CC1OC2=C(C=CC=C2)N=1)NC1=CN(CC2=CC=CC=C2)N=C1,0.005262343189679086
COC1=C(C(NC2=CN(CC3=CC=CC=C3)N=C2)=O)C=C(N(=O)=O)C=C1,0.004732033133041114
CC1C(C(NC2=CN(CC3=CC=CC=C3)N=C2)=O)=C(C)N(C2=CC=CC=C2)N=1,0.008060585567727685
CC1C(C(NC2=CN(CC3=CC=CC=C3)N=C2)=O)OC2=C(C=CC=C2)O1,0.007852465542964638
O=C(C1=NOC(C2OC=CC=2)=C1)NC1=CN(CC2=CC=CC=C2)N=C1,0.007122131274081766
CC1=CC=C(C(C(NC2=CN(CC3=CC=CC=C3)N=C2)=O)=O)C=C1,0.011370951728895306
FC1=CC(C2CC(C(NC3=CN(CC4=CC=CC=C4)N=C3)=O)ON=2)=CC=C1,0.004774436017032713
CC(C1CC1)=CC(NC1=CN(CC2=CC=CC=C2)N=C1)=O,0.008574060956016183
NC(C1=CC=C(C(NC2=C(CN3CCOCC3)C=CC=C2)=O)C=C1)=O,0.006221623509190977
O=C(NC1=C(CN2CCOCC2)C=CC=C1)CNC(NCC1=CC=CC=C1)=O,0.004623746243305504
CCCN1C2=C(C(C(NC3=C(CN4CCOCC4)C=CC=C3)=O)=CC(C(C)C)=N2)C(=O)NC1=O,0.004264030675403774
NC(C1=CC=C(C(NCC2=C(Br)C=CC(F)=C2)=O)C=C1)=O,0.006007337011396885
CC(CN1CCCCC1)CNC(C1=C(C2OC(C3=C(F)C=CC=C3)=CN=2)C=CC=C1)=O,0.005733338114805519
CC(OC1=C(CNC(C2N(C(C3OC=CC=3)=O)CCCC2)=O)C=CC=C1)C,0.007682485738769174
COC1=C(NC(C2=CC=C(C(N)=O)C=C2)=O)C=C(C(N(C)C)=O)C=C1,0.007592869480140508
COC1=C(NC(C2=CC=C(S(C)=O)C=C2)=O)C=C(C(N(C)C)=O)C=C1,0.00898700482212007
CC(S(C(C(NCCOC1=CC2=C(CCC2)C=C1)=O)C)(=O)=O)C,0.008527415711432696
ClC1=CC=C(C2OCCN(C(C3(NC(NCC4=CC=CC=C4)=O)CCCC3)=O)C2)C=C1,0.005118396983016282
ClC1=CC=C(C2OCCN(C(CC3C(=O)NC(=O)N3)=O)C2)C=C1,0.001525376259814948
CCS(NC1=C(OC)C=C(NC(CC2SC=CC=2)=O)C=C1)(=O)=O,0.00346430714125745
CCS(NC1=C(OC)C=C(NC(C=CC=CC)=O)C=C1)(=O)=O,0.005208144686184824
CCS(NC1=C(OC)C=C(NC(CC2C3=C(C=C(C=C3)C)OC=2)=O)C=C1)(=O)=O,0.004678668035194278
CCS(NC1=C(OC)C=C(NC(C2NC3=C(C=CC=C3)C=2)=O)C=C1)(=O)=O,0.002753371448488906
CCS(NC1=C(OC)C=C(NC(C(C2=CC=CC=C2)(C)C)=O)C=C1)(=O)=O,0.005287989974021912
CCS(NC1=C(OC)C=C(NC(C2=C(N3CCCCC3)N=CC=C2)=O)C=C1)(=O)=O,0.003939161472953856
CNC(COC1=CC=C(CNC(C2C3=C(C=CC=C3)N(C)C=2)=O)C=C1)=O,0.007949175941757858
CCS(C1=C(C(NCC2=CN=C(N3C(C)=NC=C3)C=C2)=O)C=CC=C1)(=O)=O,0.004116088198497891
CC1N(C2=NC=C(CNC(C3=C(Br)C=CS3)=O)C=C2)C=CN=1,0.003909126250073313
CC1N(C2=NC=C(CNC(C3C(=O)NC(C)=CC=3)=O)C=C2)C=CN=1,0.0026894631097093224
COC1=CC(CC2N(C(C3=CC(N4C=NC=C4)=NC=C3)=O)CCC2)=CC=C1,0.006115328264422714
CCOC1CCN(C(CCN2C(=O)C3=C(C=CC=C3)C(=O)N2)=O)CC1,0.00396559810033068
CCOC1CCN(C(C2=C(C)C=C(NC(C(C)(C)C)=O)S2)=O)CC1,0.008423585910350084
CCCC(N1CCN(C(CSC2N(C3=CC=C(OC)C=C3)C=NN=2)=O)CCC1)=O,0.008270315965637565
FC1=CC(C(NC2=CC(F)=C(N3C=NC=C3)C=C2)=O)=C(C2=CC=CC=C2)C=C1,0.004311913228593767
COC1=CC=C(CN(C(CCCC[C@H]2[C@@H]3[C@@H](NC(N3)=O)CS2)=O)CC=C)C=C1,0.00408145560650155
CCS(C1=C(C(NCC2=C3C(OCO3)=CC=C2)=O)C=CC=C1)(=O)=O,0.00650392877869308
CC1=C(C2CCN(C(C3OC(N(=O)=O)=CC=3)=O)CC2)C2=C(C=CC=C2)N1,0.004702610976528377
FC1=C(C(NCCNC(CN2C(=O)CCCCC2)=O)=O)C=CC=C1,0.005547009059228003
COC1=CC=C(N2CCN(C(C3=C(C)N(C)N=C3)=O)CCC2)C=C1,0.010582799138501287
COC1=CC=C(N2CCN(C(CC3C(=O)NC(=O)N3)=O)CCC2)C=C1,0.002049475588137284
COC1=CC=C(N2CCN(C(CN3C(=O)N=CC=C3)=O)CCC2)C=C1,0.00581783945672214
COC1=CC=C(N2CCN(C(C3N=NSC=3)=O)CCC2)C=C1,0.008450687024742365
CCN(C(C1(NC(C2=CC3=C(OCO3)C=C2)=O)CCCCC1)=O)CC,0.011541982693597675
CCN(C(C1(NC(C2=NN3C(N=CC=C3C)=N2)=O)CCCCC1)=O)CC,0.007638093363493681
CCN(C(C1(NC(CC(C2=CC=CC=C2)NC(C2=C(Cl)C=CC=C2)=O)=O)CCCCC1)=O)CC,0.009810612350702286
CCN(C(C1(NC(C2=CC=C(N3C(C)=CC=N3)C=C2)=O)CCCCC1)=O)CC,0.009317941963672638
CCN(C(C1(NC(CSC2N(C3=CC(C)=C(C)C=C3)C=NN=2)=O)CCCCC1)=O)CC,0.009216449642553925
BrC1=CC(C2(NC(CN3C(=O)C4C(CCCC4)C3=O)=O)CCC2)=CC=C1,0.007279363693669438
CCC1(C(=O)N(CC(NC2(C3=CC(Br)=CC=C3)CCC2)=O)C(=O)N1)C,0.003283393254969269
CC1C(CCC(NC2(C3=CC(Br)=CC=C3)CCC2)=O)=C(C)ON=1,0.012706582760438323
CC1C(CC(NC2(C3=CC(Br)=CC=C3)CCC2)=O)=C(C)ON=1,0.01269311336800456
COC1C(C(NC2(C3=CC(Br)=CC=C3)CCC2)=O)=NN(C2=CC=CC=C2)C=1,0.010078373458236456
BrC1=CC(C2(NC(CN3C(=O)C4=C(C5=C(O4)C=CC=C5)N=C3)=O)CCC2)=CC=C1,0.008275592001155019
CCN1C(=O)CC(C(NC2(C3=CC(Br)=CC=C3)CCC2)=O)C1,0.01402010559104383
CC1=C(CN(C(C2=CC(Br)=CC=C2)=O)CC2=CN=CC=C2)C=CC=C1,0.012313060089945793
CC1=C(CN(C(C2=CC=C(C#N)C=C2)=O)CC2=CN=CC=C2)C=CC=C1,0.008303627790883183
CC1=C(CN(C(C2C3=C(C=CC=C3)C(=O)N(CC3=CC=CC=C3)N=2)=O)CC2=CN=CC=C2)C=CC=C1,0.008726434502750634
CCOC1=C(OC)C=C(C(N(CC2=C(C)C=CC=C2)CC2=CN=CC=C2)=O)C=C1Cl,0.010022144857794046
CC(C(N(CC1=C(C)C=CC=C1)CC1=CN=CC=C1)=O)OC1=CC=C(F)C=C1,0.009254854172468185
CC1=C(CN(C(CCC2=CC=C(F)C=C2)=O)CC2=CN=CC=C2)C=CC=C1,0.008686442906036974
CC1=C(CN(C(C2=CC3=C(OCCCO3)C(Cl)=C2)=O)CC2=CN=CC=C2)C=CC=C1,0.009875456616282464
CC1=C(CN(C(CCC(N2N=C(C3=CC=CC=C3)CC2)=O)=O)CC2=CN=CC=C2)C=CC=C1,0.009582707425579429
C/C(/C)=C/C(N(CC1=C(C)C=CC=C1)CC1=CN=CC=C1)=O,0.010194446705281735
CC1=C(CN(C(C2CN(C3=NC=CC=N3)CCC2)=O)CC2=CN=CC=C2)C=CC=C1,0.007876086048781872
CC1=C(CN(C(C2C=C(Br)SC=2)=O)CC2=CN=CC=C2)C=CC=C1,0.010667275078594685
CC(C1N=C(CCCC(N(CC2=C(C)C=CC=C2)CC2=CN=CC=C2)=O)ON=1)C,0.012087850924581289
CC1=C(CN(C(C2SC(C3=CC=CC=C3)=NC=2)=O)CC2=CN=CC=C2)C=CC=C1,0.008509969478473068
CC1NC(=O)C(C(N(CC2=C(C)C=CC=C2)CC2=CN=CC=C2)=O)=CC=1,0.006024359818547964
FC1=CC(OC2=C(NC(C=CC3=CSC=C3)=O)C=CC=C2)=CC=C1,0.005306185618974268
FC1=CC(OC2=C(NC(C3CS(=O)(=O)CC3)=O)C=CC=C2)=CC=C1,0.005826984299346805
CC1C(CC(NC2=C(OC3=CC(F)=CC=C3)C=CC=C2)=O)=C(C)N(C)N=1,0.0064186007948592305
CC1=C(C(NC2=C(OC3=CC(F)=CC=C3)C=CC=C2)=O)C=CC(C(F)(F)F)=N1,0.0053744123433716595
CC1ON=C(CSCC(NC2=C(OC3=CC(F)=CC=C3)C=CC=C2)=O)N=1,0.005045729177072644
CC1=CC(NC(N2CC(C(NC3=C(OC4=CC(F)=CC=C4)C=CC=C3)=O)CCC2)=O)=CC=C1,0.004435604892205447
CCC(C(N1CCN(S(C2C3=C(N=CC=C3)NC=2)(=O)=O)CC1)=O)CC,0.0029342226102016867
CNS(C1=CN(C)C(C(N(CC2=CC=C(OC)C=C2)CC=C)=O)=C1)(=O)=O,0.00475008503999561
COC1=CC=C(CN(C(C(NC(C2SC=CC=2)=O)C)=O)CC=C)C=C1,0.007303816825151443
COC1=CC=C(CN(C(C2N=C(NC(C)=O)SC=2)=O)CC=C)C=C1,0.005324267060495913
CCC=C(C(N1CCN(S(C2C3=C(N=CC=C3)NC=2)(=O)=O)CC1)=O)C,0.0026669872924685476
FC(OC1=C2C(C=CC=N2)=C(NC(CN2C(=O)CSC2)=O)C=C1)F,0.0028790904907509685
CN(C1=CC(C)=CC(C)=C1)C(CSCC(NC1=NOC(C)=C1)=O)=O,0.006587731093168259
COC1C(C(N(C2=CC=C(C(C)(C)C)C=C2)C)=O)=NN(C2=CC=CC=C2)C=1,0.011048926645889879
CCN1C(=O)C2=C(C=C(C(N(C3=CC(C)=CC(C)=C3)C)=O)C=C2)N=C1S,0.004869787738425657
CN(C1=CC(C)=CC(C)=C1)C(C1=CC2=C(C(N(C(=N2)S)C)=O)C=C1)=O,0.00509459956374485
NC(CN1N=C(NC(C2C3=C(C=CC=C3)OC3=C2C=CC=C3)=O)C=C1)=O,0.00611902882810682
CCS(N1CCC(C(NC2=NN(CC(N)=O)C=C2)=O)CC1)(=O)=O,0.0034675165894441306
NC(CN1N=C(NC(C2=C(COC3=CC=CC=C3)C=CO2)=O)C=C1)=O,0.005870524374768138
NC(CN1N=C(NC(C=CC2=C(OC(F)F)C=CC=C2)=O)C=C1)=O,0.0038521850598044693
CC(C(NC1=NN(CC(N)=O)C=C1)=O)OC1=C(Cl)C=CC=C1,0.005565176415257156
CC1=C(C)C(OCCC(NC2=NN(CC(N)=O)C=C2)=O)=CC=C1,0.006480789836496114
CC(C1N(C2=CC=C(F)C=C2)N=CC=1C(NC1=NN(CC(N)=O)C=C1)=O)C,0.005113182496279478
CN(C1=NC=C(C(NC2=NN(CC(N)=O)C=C2)=O)C=C1)C,0.004002574644982815
NC(CN1N=C(NC(CCOC2=CC(Cl)=CC=C2)=O)C=C1)=O,0.005225569871254265
CC(C(NC1=NN(CC(N)=O)C=C1)=O)OC1=C(Cl)C(Cl)=CC=C1,0.005645217024721205
NC(CN1N=C(NC(CCOC2=CC=C(Cl)C=C2)=O)C=C1)=O,0.0052776979748159645
COC1=CC2=C(OC(=C2C(NC2=NN(CC(N)=O)C=C2)=O)C)C=C1,0.005467792856507003
O=C(NC1=C(N2CCCCC2)N=CC=C1)COC1=C(C2=CC=CC=C2)C=CC=C1,0.007117759133689105
CC1=CC(N2C(=O)CCC(C(NC3=C(N4CCCCC4)N=CC=C3)=O)=N2)=CC=C1,0.004931405594106764
CC1N(C2=C(C(F)(F)F)C=CC=C2)N=C(C(NC2=C(N3CCCCC3)N=CC=C2)=O)C(=O)C=1,0.004303705890197307
CC1C2=C(N=C(C=C2C(NC2=C(N3CCCCC3)N=CC=C2)=O)C)N(C)N=1,0.007061972096562385
O=C(C1CC(=O)N(C2=CC3=C(OCO3)C=C2)C1)NC1=C(N2CCCCC2)N=CC=C1,0.006700881733559072
O=C(NC1=C(N2CCCCC2)N=CC=C1)CC1=CC=C(N2N=NN=C2)C=C1,0.003980294056236744
O=C(C1CCN(C2=NC=CC=N2)CC1)NC1=C(N2CCCCC2)N=CC=C1,0.008143684756942094
COC(COC1=CC(C)=C(NC(C2=NOC(C3OC=CC=3)=C2)=O)C=C1)=O,0.006121742073446512
BrC1=CC=C(C(C2CCC2)NC(CN2C(=O)N=CC=C2)=O)C=C1,0.00806189705617726
BrC1=CC=C(C(C2CCC2)NC(CNC(C2CC2)=O)=O)C=C1,0.014645174890756608
CC(COC1CCN(C(CN2C(=O)NC(=O)C=C2)=O)CC1)C,0.0037842300487682225
CC(COC1CCN(C(CNC(NC2CCCCC2)=O)=O)CC1)C,0.006923856236971915
CC1=NC(CCNC(C2C(=O)NC(C3=CC=CC=C3)=CC=2)=O)=NC(C)=C1,0.003967984358314425
CC1=NC(CCNC(C2C(=O)NC(C)=CC=2)=O)=NC(C)=C1,0.003625282982829958
NC(C1CN(C2=CC=C(CNC(C3N=NSC=3)=O)C=C2)CCC1)=O,0.004886632575653494
C[C@H](C1=CC(Cl)=C(Cl)C=C1)NC(CC1=CSC=C1)=O,0.007193506392650306
C[C@H](C1=CC(Cl)=C(Cl)C=C1)NC(C1=CC=C(CN2C(=O)CCC2)C=C1)=O,0.007734832307323814
FC1=CC=C(C(CCCC(NC2=CC(N3CCOCC3)=CC=C2)=O)=O)C=C1,0.008422943018376827
CCN(C(CN1C(=O)NC(=O)C=C1)=O)CC1=CC(Cl)=C(Cl)C=C1,0.003296871844213456
CCN(C(CC1C(=O)NC(C)=NC=1C)=O)CC1=CC(Cl)=C(Cl)C=C1,0.00457082458306104
O=C(C=CC1OC2=C(C=CC=C2)N=1)NC1=NC=C(C2=CC=CC=C2)C=C1,0.004936815740074962
CC(C1=C(C)N=C(C)S1)NC(CCC(C1=CC=C(Cl)C=C1)=O)=O,0.010510070668533444
C[C@H](C1=CC(Cl)=C(Cl)C=C1)NC(C1=CN=C(C)C=C1)=O,0.007380085345357656
O=N(C1=C2C(C=C(C(N3CCC(C(C4=CC(Cl)=C(Cl)C=C4)=O)CC3)=O)N2)=CC=C1)=O,0.004523373511619866
COC1=CC(N2C(C)=C(C(NCC3COCCC3)=O)C=C2C)=CC=C1,0.010378368059173226
CC1=C(CC(NCC2COCCC2)=O)C(=O)NC(C2=CN=CC=C2)=N1,0.003868449141737074
CC1=C(CC(NCC2COCCC2)=O)C(=O)NC(C2=CC=NC=C2)=N1,0.004116604733280837
O=C(C=CC1=CC2=C(OCO2)C=C1)NC1=CC2=C(OC(C=C2)=O)C=C1,0.005643202760256827
CC1=NC2=C(C=CC=C2)C(C(NC2=CC3=C(OC(C=C3)=O)C=C2)=O)=C1,0.005384033068548888
O=C(C1=CC2=C(OCCCO2)C=C1)NC1=CC2=C(OC(C=C2)=O)C=C1,0.006429869076237082
O=C(NC1=CC2=C(OC(C=C2)=O)C=C1)CCN1C2=C(C=CC=C2)OC1=O,0.00471582431346178
CC(OC(N1CCC(C(NC2=CC3=C(OC(C=C3)=O)C=C2)=O)CC1)=O)(C)C,0.005370953516103327
O=C(C1NC2=C(C=CC=C2)C=1)NC1=CC2=C(OC(C=C2)=O)C=C1,0.0033942456590011715
FC(SC1N(CC(NC2=CC3=C(OC(C=C3)=O)C=C2)=O)C2=C(C=CC=C2)N=1)F,0.003463973419275135
O=N(C1=CC(C(NC2=CC3=C(OC(C=C3)=O)C=C2)=O)=C(N2CCCC2)C=C1)=O,0.004068233410362154
CC(CN1C(C)=C(CC(NC2=CC3=C(OC(C=C3)=O)C=C2)=O)C(C)=N1)C,0.006372267054393888
CCS(C1=C(C(NC2=CC3=C(OC(C=C3)=O)C=C2)=O)C=CC=C1)(=O)=O,0.005320215900428593
CCN1C(C)=C(C(NC2=CC3=C(OC(C=C3)=O)C=C2)=O)C=C1C,0.006057597859762609
FC1=C(NC2=C(C(NC3=CC4=C(OC(C=C4)=O)C=C3)=O)C=CC=N2)C=CC=C1,0.00473375745350495
CC1C(CSC2=C(C(NC3=CC4=C(OC(C=C4)=O)C=C3)=O)C=CC=C2)=C(C)ON=1,0.005140027636662126
FC1=C(C2ON=C(C(NC3=CC4=C(OC(C=C4)=O)C=C3)=O)C=2)C=CC=C1,0.005791769106872379
CC(C(NC1=CC2=C(OC(C=C2)=O)C=C1)=O)SC1SC=NN=1,0.004736420093104243
ClC1=CC=C(N2N=CC(C(NC3=CC4=C(OC(C=C4)=O)C=C3)=O)=C2)C=C1,0.004591338674072176
CC1N(CC(NC2=CC3=C(OC(C=C3)=O)C=C2)=O)C2=C(C=CC=C2)C=1Br,0.0063145512249320745
COC1=CC2=C(OC(=C2C(NC2=CC3=C(OC(C=C3)=O)C=C2)=O)C)C=C1,0.006019886652939022
O=N(C1=C2C(C=C(C(NC3=CC4=C(OC(C=C4)=O)C=C3)=O)N2)=CC=C1)=O,0.0022597133531235157
ClC1SC(C2CC(C(NC3=CC4=C(OC(C=C4)=O)C=C3)=O)ON=2)=CC=1,0.003754601033870131
O=N(C1=CC=C(CC(NC2=CC(N3CCOCC3)=CC=C2)=O)C=C1)=O,0.003745805355720222
CCS(C1=C(C(NC2=CC(N3CCOCC3)=CC=C2)=O)C=CC=C1)(=O)=O,0.005643907468765974
O=C(C1(C2=CC=CC=C2)CCOCC1)NC1=CC(N2CCOCC2)=CC=C1,0.008849531970918178
NC1=C(N(=O)=O)C=C(F)C=C1C(NC1=CC(N2CCOCC2)=CC=C1)=O,0.0028275789925828578
CCN(C1=C(C)C=C(C)C=C1)C(CS(C1=CC=C(N(=O)=O)C=C1)(=O)=O)=O,0.004416066198609769
CCN(C1=C(C)C=C(C)C=C1)C(C(NC1=NOC(C)=C1)=O)=O,0.007921735430136323
FC1=CC(C2CC(C(NCCC(NC3CCCCC3)=O)=O)ON=2)=CC=C1,0.007041171728633344
CC(NC1=C2C(N(C(C3OC(C4=CC=C(F)C=C4)=CC=3)=O)CCC2)=CC=C1)=O,0.006118809129111469
COC(C1C(C)=C(C(N2C3=C(C(=CC=C3)NC(C)=O)CCC2)=O)NC=1C)=O,0.004470855195540935
FC1=CC=C(C(C2OCCC2)NC(CNC(CC2=CC=CC=C2)=O)=O)C=C1,0.00665049881208688
CC(N1C2=C(C=CC=C2)OC1=O)C(NC(C1=CC=C(F)C=C1)C1OCCC1)=O,0.005154546489939094
BrC1=CC=C(NC(CCNC(C2(C#N)CCCC2)=O)=O)C=C1,0.006369890733185457
BrC1=CC=C(NC(CCNC(C2ON=C(C3=CC=CC=C3)C2)=O)=O)C=C1,0.007875256449915468
CC(OC(N1CCN(C(C2OC(N(=O)=O)=CC=2)=O)CCC1)=O)(C)C,0.008594362437725067
CC(OC(N1CCN(C(CC2C3=C(C=CC=C3)ON=2)=O)CCC1)=O)(C)C,0.008148653525859117
CN1N=CC(C=CC(N2CCN(C(OC(C)(C)C)=O)CCC2)=O)=C1,0.008448576764203608
CC(OC(N1CCN(C(C2N=C3N(C=CC=C3)C=2)=O)CCC1)=O)(C)C,0.005691081355325878
CC1SC=C(C=CC(N2CCN(C(OC(C)(C)C)=O)CCC2)=O)N=1,0.007536717550829053
CC(OC(N1CCN(C(C=CC2=CN=CC=C2)=O)CCC1)=O)(C)C,0.007498305756598711
CN(C1=NC=C(C(N2CCN(C(OC(C)(C)C)=O)CCC2)=O)C=C1)C,0.007495226850733161
CCS(C1=C(C(NC2CCN(CC3=C(OC)C=CC=C3)CC2)=O)C=CC=C1)(=O)=O,0.0063781047007068995
COCCCCN1C(=O)C(OC2=CC(C)=CC(C)=C2)C1C1=CC=C(C#N)C=C1,0.005798419518396258
COCCCCN1C(=O)C(OC2=CC(F)=CC=C2)C1C1=CC(N(=O)=O)=CC=C1,0.0033184330095537007
CN(CC(NC(CC1=CC=C(N(=O)=O)C=C1)=O)CC1=CC=CC=C1)C,0.005689436465036124
COCCCCN1C(=O)C(OC2=CC=C(C)C=C2)C1C1=CC(OC)=C(OC)C=C1,0.007875483063980938
CCOC(NNC(CCOC1=CC(Cl)=C(Cl)C=C1)=O)=O,0.0026448358548805118
COCCCCN1C(=O)C(OC2=C(C)C=C(C)C=C2)C1C1=CC=C(C#N)C=C1,0.005821195710450411
CN1CC2=C(N=C(S2)NC(C=C(C2=CC=CC=C2)C)=O)CC1,0.00690763508901
COC1=C(OC)C=C(NS(C2=CC=C(NC(C3=C(OC(F)F)C=CC=C3)=O)C=C2)(=O)=O)C=C1,0.00460501565830782
CC(OC1=C(CNC(C2C(=O)NC(C(F)(F)F)=CC=2)=O)C=CC=C1)C,0.0033063381211832165
COC1=C(OC)C(C2N(CCCCN3CCOCC3)C(=O)C2OC2=C(F)C=CC=C2)=CC=C1,0.005856198305264115
CC1=C(C)C=C(C2N(CCCCN3CCOCC3)C(=O)C2OC2=C(F)C=CC=C2)C=C1,0.007087722118012607
COC1=CC(C2N(CCCCN3CCOCC3)C(=O)C2OC2=C(Cl)C=CC=C2)=CC=C1,0.00626063346862793
CN1C(=O)C=CC(NC(C(NC(OC(C)(C)C)=O)CC2=CC=CC=C2)=O)=C1,0.004733894602395594
COC1=CC(C2N(CCCCN3CCOCC3)C(=O)C2OC2=C(C)C=CC(C)=C2)=CC(OC)=C1,0.007193818362429738
CCC(C1SC=CC=1)NC(CSC1CS(=O)(=O)CC1)=O,0.005670903436839581
CCC1=C(OC2C(=O)N(CCCCN3CCOCC3)C2C2=C(OC)C=CC(OC)=C2)C=CC=C1,0.007660454511642456
CCC(C1SC=CC=1)NC(CC1C(=O)NC(C2=CN=CC=C2)=NC=1C)=O,0.003478268766775727
CCC(C1SC=CC=1)NC(CC1C(=O)NC(C2=CC=NC=C2)=NC=1C)=O,0.0035085407900623975
CC1=C(C(NC2=C(CN3N=CN=C3)C=CC=C2)=O)C=C(S(NCC2=CC=CC=C2)(=O)=O)C=C1,0.004311097774188965
FC1=CC(C2N(CCCCN3CCOCC3)C(=O)C2OC2=CC(Cl)=CC=C2)=C(F)C=C1,0.0048879427835345265
FC1=CC(Cl)=C(OC2C(=O)N(CCCCN3CCOCC3)C2C2=C(F)C=CC(F)=C2)C=C1,0.00508147431537509
O=C1N(CCCCN2CCOCC2)C(C2=CC=C(C#N)C=C2)C1OC1=CC=C(N2C(=O)CCC2)C=C1,0.004083992633968592
COC1=CC(OC2C(=O)N(CCCCN3CCOCC3)C2C2=CC(OC)=CC=C2)=CC=C1,0.006858138716779649
CN(C1=C(F)C=CC=C1)CCCNC(C1=CC(NC(N)=O)=CC=C1)=O,0.0035788841661997138
FC1=C(Cl)C=C(OC2C(=O)N(CCCCN3CCOCC3)C2C2=CC=C(C#N)C=C2)C=C1,0.00380129455588758
NC(NC1=CC(C(NCC2=CC(Br)=CC(F)=C2)=O)=CC=C1)=O,0.004032045137137175
CC(C(NCCCC(NCC1=CC(Br)=CC(F)=C1)=O)=O)(C)C,0.007499333284795284
NS(C1OC(C(NCC2=CC(Br)=CC(F)=C2)=O)=CC=1)(=O)=O,0.005671718786470592
FC1=CC(CNC(CSCC2=CC=NC=C2)=O)=CC(Br)=C1,0.004530598386190831
CN(C(C1OC(N(=O)=O)=CC=1)=O)CCCC1NN=C(C2=CC(F)=CC=C2)C=1,0.003615006257314235
CN(C(C=CC1=CN(C)N=C1)=O)CCCC1NN=C(C2=CC(F)=CC=C2)C=1,0.0052420376217924055
CN(C(C1N=C2N(C=CC=C2)C=1)=O)CCCC1NN=C(C2=CC(F)=CC=C2)C=1,0.0031400614185258745
CN(C(CCN1N=CN=C1)=O)CCCC1NN=C(C2=CC(F)=CC=C2)C=1,0.003964025084860623
CCN1C(=O)C(=O)N(CC(N(CCCC2NN=C(C3=CC(F)=CC=C3)C=2)C)=O)CC1,0.0036835231119766833
FC1=CC=C(C(CCC(N2C(C(NCC(F)(F)F)=O)CCC2)=O)=O)C=C1,0.007445571338757872
FC(CNC(C1N(C(CCC(C2=CC=CC=C2)=O)=O)CCC1)=O)(F)F,0.007635417871642858
CN1C2=C(C=CC=C2)C(C(N2C(C(NCC(F)(F)F)=O)CCC2)=O)=C1,0.004281857347814366
FC(CNC(C1N(C(CCN2C3=C(C=CC=C3)C=C2)=O)CCC1)=O)(F)F,0.004256100254133343
COC(C1C(C)=C(C(N2C(C(NCC(F)(F)F)=O)CCC2)=O)NC=1C)=O,0.003392710120533593
CC(C(N1C(C(NCC(F)(F)F)=O)CCC1)=O)NC(C1SC=CC=1)=O,0.003753317455993965
FC(CNC(C1N(C(C2NC3=C(C=C(C=C3)Cl)C=2)=O)CCC1)=O)(F)F,0.002339573178323917
CC1=CC2=C(C=C(C(N3C(C(NCC(F)(F)F)=O)CCC3)=O)N2)C=C1,0.0025229691964341328
FC(CNC(C1N(C(C2=C(Cl)C3=C(C=CC=C3)N2)=O)CCC1)=O)(F)F,0.0025751395703991877
FC(CNC(C1N(C(CSCC2=CC=NC=C2)=O)CCC1)=O)(F)F,0.003287619148613885
CC(C1=C(Cl)C=CC=C1)NC(C1=CC=C(C(N)=S)C=C1)=O,0.010361009975895286
CSCC(NC1=CC=C(S(NC2=C(F)C=C(F)C=C2)(=O)=O)C=C1)=O,0.003063239890616387
FC1=CC(F)=C(NS(C2=CC=C(NC(C3=COC=C3)=O)C=C2)(=O)=O)C=C1,0.003917888505384326
FC1=CC=C(CC2N(C(CC3C(=O)NC(=O)N3)=O)CCC2)C=C1,0.0017492536862846464
O=C(NCCOC1=CC2=C(CCC2)C=C1)CSC1CS(=O)(=O)CC1,0.006545335263945162
O=C(C1C(=O)N2C(SCC2)=NC=1)NCCOC1=CC2=C(CCC2)C=C1,0.008296807622537017
CC1N(C2=NNC(=O)C=C2)N=CC=1C(NCCOC1=CC2=C(CCC2)C=C1)=O,0.004967420676257462
CN(C1=C2C(N=CN2)=NC=N1)CC(NCCOC1=CC2=C(CCC2)C=C1)=O,0.0037747904425486922
CC(C(NCCOC1=CC2=C(CCC2)C=C1)=O)SC1=NC=CC=N1,0.00886588655412197
CC(C1=C(C)N=C(C)S1)NC(CCC(C1=CC2=C(OCCO2)C=C1)=O)=O,0.010075425915420055
CCN1C2=C(C=CC=C2)C(C(NC(C2=C(C)N=C(C)S2)C)=O)=C1,0.008687534229829907
O=C(NC1SC(C2=NC=CC=C2)=NN=1)CNC(CC1=CC=CC=C1)=O,0.005297735636122525
COC1=CC(N2C(C)=C(C(NC(C3=C(C)N=C(C)S3)C)=O)C=C2C)=CC=C1,0.00894573493860662
O=C(C1=C(CCC2=CC=CC=C2)C=CC=C1)NC1SC(NS(C2=CC=CC=C2)(=O)=O)=NN=1,0.004664702794980258
CC(N(C(CSCC(NC1=NOC(C)=C1)=O)=O)CC1=CN(C)N=C1)C,0.006869881739839911
CCNS(C1=CC(C(N(C(C)C)CC2=CN(C)N=C2)=O)=C(C)C=C1)(=O)=O,0.0056398945394903425
COC1=C(Br)C=C(C(N(C(C)C)CC2=CN(C)N=C2)=O)C=C1,0.012841139594092965
COC1=C(OCC(N)=O)C=CC(C(N(C(C)C)CC2=CN(C)N=C2)=O)=C1,0.010308190481737256
CC(N(C(C1=CC(S(NCC#C)(=O)=O)=CC=C1)=O)CC1=CN(C)N=C1)C,0.0033824175829067827
CC(N(C(C1=CC=C(S(NCC#C)(=O)=O)C=C1)=O)CC1=CN(C)N=C1)C,0.003463105869013816
CC(N(C(C1=CC(NS(C)(=O)=O)=C(C)C=C1)=O)CC1=CN(C)N=C1)C,0.004894414683803916
CCOC(C1=CC(N(C(C2=CC=C(C(N)=O)C=C2)=O)CC)=CC=C1)=O,0.007017156691290438
CCOC(C1=CC(N(C(CNC(C2CC2)=O)=O)CC)=CC=C1)=O,0.00829445947892964
CC1=NC(SCC(NC2=CC(C(NC3CCCCC3)=O)=C(Cl)C=C2)=O)=NC(C)=C1,0.007409841381013393
O=N(C1=C(N2N=CN=C2)C=CC(C(N2C3=C(C(=CC=C3)NC(C3=CC=C(F)C=C3)=O)CCC2)=O)=C1)=O,0.004022482456639409
CCOCC1=CC(CNC(C2=CC(NC(N)=O)=CC=C2)=O)=CC=C1,0.004366231907624751
CCOCC1=CC(CNC(C2C(=O)NC(C(F)(F)F)=CC=2)=O)=CC=C1,0.0028104571450967343
CCOCC1=CC(CNC(CSC2NC=NN=2)=O)=CC=C1,0.003893767611589283
CCCNC(CCNC(C1=CC(S(N2CCCCC2)(=O)=O)=C(F)C=C1)=O)=O,0.003974962793290615
CC1N(C2=C(F)C=CC=C2)C(C)=C(C(NC2SC(NS(C)(=O)=O)=NN=2)=O)C=1,0.0035935539402998985
CCCNC(CCNC(C(SC1=NC=CC=N1)C)=O)=O,0.006983600533567369
COC1=C(C)C=C(NC(CSC2CS(=O)(=O)CC2)=O)C=C1,0.00521879403386265
O=C(NC1=CC=C(CCN2CCOCC2)C=C1)CSCC1=CC=NC=C1,0.005939034861512482
CN1CCN(CCC2=CC=C(NC(C3=CC=C(OCC4N=C(C)SC=4)C=C3)=O)C=C2)CC1,0.006301107653416693
CSC1=NC(C(N2CCN(CCC(C)(C)C)CC2)=O)=C(Cl)C=N1,0.011335302656516433
CC(CCN1CCN(C(CSC2N(C3=CC(Cl)=CC=C3)C=NN=2)=O)CC1)(C)C,0.007618538779206574
CN1C2=C(C=CC=C2)C(CNC(C2=CC(NC(N)=O)=CC=C2)=O)CC1,0.005107337678782642
BrC1=CN2C(=NC(=C2)CNC(CC2SC=CC=2)=O)C=C1,0.004434640926774591
CN1N=CC(C=CC(NCC2N=C3N(C=C(C=C3)Br)C=2)=O)=C1,0.005732168140821159
CCS(C1=C(C(NCC2N=C3N(C=C(C=C3)Br)C=2)=O)C=CC=C1)(=O)=O,0.005202188761904836
CC1SC=C(C=CC(NCC2N=C3N(C=C(C=C3)Br)C=2)=O)N=1,0.0050716911209747195
FC1=C(C(NCC2N=C3N(C=C(C=C3)Br)C=2)=O)C(F)=CC=C1,0.004301462997682392
CN(C1=NC=C(C(NCC2N=C3N(C=C(C=C3)Br)C=2)=O)C=C1)C,0.004605593078304082
CC1N(C2=NNC(=O)C=C2)N=CC=1C(N(CC1=C(F)C=CC=C1)CC=C)=O,0.004032272915355861
FC1=C(CN(C(C2=CC3=C(NC(C(N3)=O)=O)C=C2)=O)CC=C)C=CC=C1,0.0032582057639956473
CN(C1=C2C(N=CN2)=NC=N1)CC(N(CC1=C(F)C=CC=C1)CC=C)=O,0.002885136171244085
CC1=C(C(N2CCN(C(C=CC3=C(N(=O)=O)C=CC=C3)=O)CC2)=O)C=CO1,0.006788823264651
COC1=C(C=CC(N2CCN(C(C3=C(C)OC=C3)=O)CC2)=O)C=CC=C1,0.00860094209201634
CC1=C(C(N2CCN(C(C=CC3=CC4=C(OCO4)C=C3)=O)CC2)=O)C=CO1,0.008647946501150727
CC1=C(C(N2CCN(C(C=CC3=CC(N(=O)=O)=CC=C3)=O)CC2)=O)C=CO1,0.005440583545714616
CC1=C(C(N2CCN(C(CC3=CC=C(N(=O)=O)C=C3)=O)CC2)=O)C=CO1,0.005281950905919075
COC1=C(F)C=C(CC(N2CCN(C(C3=C(C)OC=C3)=O)CC2)=O)C=C1,0.008084648358635604
CC1=C(C(N2CCN(C(CC3C4=C(C=CC=C4)ON=3)=O)CC2)=O)C=CO1,0.008381631574593484
CC1=C(C(N2CCN(C(CCNC(C(C)(C)C)=O)=O)CC2)=O)C=CO1,0.009213776467368007
CC1=C(C(N2CCN(C(C3(C4=CC=CC=C4)CCC3)=O)CC2)=O)C=CO1,0.01157065681181848
CC1=C(C(N2CCN(C(CCOC3=CC(F)=CC=C3)=O)CC2)=O)C=CO1,0.006949978298507631
O=C(NC1SC(C2=NC=CC=C2)=NN=1)CCCC1NC2=C(C=CC=C2)N=1,0.0028699307993520053
CC1=C(C(N2CCN(C(C=CC3=C(F)C=CC=C3F)=O)CC2)=O)C=CO1,0.006906574359163642
CC1=C(C(N2CCN(C(CCOCC3=CC=CC=C3)=O)CC2)=O)C=CO1,0.008170589013025165
CC(CC(N1C2=C(C(=CC=C2)NC(C2=CC=C(F)C=C2)=O)CCC1)=O)C,0.007448596740141511
FC1=CC=C(C(NC2=C3C(N(C(C4=NC=CN=C4)=O)CCC3)=CC=C2)=O)C=C1,0.005597472516819834
CC1=NC=C(C(N2C3=C(C(=CC=C3)NC(C3=CC=C(F)C=C3)=O)CCC2)=O)N=C1,0.00607529787812382
FC1=CC=C(C(NC2=C3C(N(C(CC4=C(F)C=CC=C4)=O)CCC3)=CC=C2)=O)C=C1,0.0062317755073308945
CN1C(SCCC(NC(C2=CC3=C(OCCO3)C=C2)C2CC2)=O)=NN=N1,0.006311280000954866
CC(CC(C1SC=CC=1)NC(CSC1CS(=O)(=O)CC1)=O)C,0.007106459490023554
CC(CC(C1SC=CC=1)NC(C1C(=O)NC2=C(C(CCC2)=O)C=1)=O)C,0.009417972527444363
CC(CC(C1SC=CC=1)NC(C1=C(C)N(C2=NNC(=O)C=C2)N=C1)=O)C,0.005105371004901826
CC(CC(C1SC=CC=1)NC(CN(C1=C2C(N=CN2)=NC=N1)C)=O)C,0.003559664764907211
ClC1C2=C(C=CC(=C2)Br)NC=1C(NC1=CC=C(N2C(=O)OCC2)C=C1)=O,0.003245005977805704
CC(CCC(N1CCN(C(C2=CC(NC(N)=O)=CC=C2)=O)CC1)=O)C,0.003985240438487381
ClC1=CC=C(CC(C2=CC=CC=C2)NC(CSC2NC=NN=2)=O)C=C1,0.004141957592219114
ClC1=CC=C(CC(C2=CC=CC=C2)NC(CN2C(=O)N=CC=C2)=O)C=C1,0.0054388545686379075
CCC1SC(NC(CSC2N(C3=C(CC)C=CC=C3)C=NN=2)=O)=NN=1,0.006811631331220269
CCN1C2=C(C=C(C=C2)NC(C2=CC=C(C(N)=S)C=C2)=O)C2=C1C=CC=C2,0.009783138846978545
CCCCC1SC(NC(C2=C(C(F)(F)F)N(C(C)(C)C)N=C2)=O)=NN=1,0.005819057673215866
CC(C1SC(NC(C2C(C3SC4=C(C=CC=C4)N=3)CC=CC2)=O)=NN=1)C,0.009665643936023116
CC(C1SC(NC(C2NC(=O)C(CC3=C(F)C=CC=C3)SC2)=O)=NN=1)C,0.004619350214488805
CC1N(C2=CC(Br)=CC=C2)C(C)=C(C(NC2SC(C(F)(F)F)=NN=2)=O)C=1,0.005261221365071833
COC1=CC2=C(C=C(C(NC3SC(C4=NC=CC=C4)=NN=3)=O)N2)C=C1,0.003407227387651801
FC1=CC(CC(NCC(NC2SC(C3=NC=CC=C3)=NN=2)=O)=O)=CC=C1,0.00428483666619286
CC1=CC(C(NC2SC(NS(C)(=O)=O)=NN=2)=O)=C(C)C=C1,0.0032185584655962884
CS(NC1SC(NC(C2=C(N3C=CC=C3)N(C3=CC=C(F)C=C3)N=C2)=O)=NN=1)(=O)=O,0.0035910483449697493
C=CCSCC(NC1=CC=C(S(NC2CC2)(=O)=O)C=C1)=O,0.0036384501261636617
CC(C1NN=C(C(NC2=CC=C(S(NC3CC3)(=O)=O)C=C2)=O)C=1)C,0.003272932441905141
CCOC1CCN(C(C=CC2=CC=C(S(NCC3OC=CC=3)(=O)=O)C=C2)=O)CC1,0.004942200309596956
CCOC1CCN(C(C2C(=O)N3C(SCC3)=NC=2)=O)CC1,0.006959482072852552
CCOC1CCN(C(C2=C(C3OC(C4=CC=C(C)C=C4)=CN=3)C=CC=C2)=O)CC1,0.007266441918909549
CCOC1CCN(C(C=CC2=CC=C(OCC(N)=O)C=C2)=O)CC1,0.008620634116232396
CCOC1CCN(C(C2=CC3=C(N(C(NC3=O)=O)C)N=C2)=O)CC1,0.00342344039818272
CCOC1CCN(C(C2C(S(N)(=O)=O)=C(C)OC=2C)=O)CC1,0.005888051050715148
CCOC1CCN(C(C2NC3=C(C=CC=C3N(=O)=O)C=2)=O)CC1,0.002423405268928036
COC1=CC(SCC(N2CCN(C3SC=CN=3)CC2)=O)=CC=C1,0.006049346295185387
O=C(C1NC(=O)C2=C(C=CC=C2)C=1)NCC1=C2C(OCO2)=CC=C1,0.004048263328149915
CCN(C(C1(NC(C2=C3C(C=NN3)=CC=C2)=O)CCCCC1)=O)CC,0.006558878812938929
CCN(C(C1(NC(C2=CC(N3C=NC=C3)=NC=C2)=O)CCCCC1)=O)CC,0.005793109210208059
CC(NC(CSC1NC=NN=1)=O)COC1=CC=C(C(C)(C)C)C=C1,0.005545254470780492
BrC1=CC=C(C2(CCC2)CNC(CCN2N=CN=C2)=O)C=C1,0.009637637250125407
BrC1=CC=C(C2(CCC2)CNC(CSCC#N)=O)C=C1,0.005503056617817493
BrC1=CC(C2(CCC2)CNC(CCN2N=CN=C2)=O)=CC=C1,0.008949699392542244
CN(C(C=CC1=CC=C(OCC(N)=O)C=C1)=O)CC1OCCCC1,0.010704835690557957
CN(C1=CC=C(C(C)(C)C)C=C1)C(CSC1CS(=O)(=O)CC1)=O,0.007843944150954485
NC(NC1=CC(C(NC2=C(N3CCCCC3)N=CC=C2)=O)=CC=C1)=O,0.003638547973241657
CC(C(NC1=C(N2CCCCC2)N=CC=C1)=O)NC(C1SC=CC=1)=O,0.004609055817127228
CC(NC1SC=C(C(NC2=C(N3CCCCC3)N=CC=C2)=O)N=1)=O,0.004052073834463954
COC1=CC2=C(C=C(C(NC3(C4N=C(C)ON=4)CCCCC3)=O)N2)C=C1,0.006016064994037151
CC1SC2N(C(=C(N=2)C)C=CC(NC2(C3N=C(C)ON=3)CCCCCC2)=O)C=1,0.008018616074696183
COC([C@@H](NC(CCN1C(=O)C=CC(Br)=C1)=O)C)=O,0.006466478854417801
N#CC1OCCNC1,0.009043540303854802
Cl.N#CC1OCCNC1,0.007853462376312991
CC(N1C(=O)C2C(C=CC(C2C(O)=O)C)C1=O)C,0.005318613303825259
COC1=CC(SCC(NCC2=CN=C(N(C)C)C=C2)=O)=CC=C1,0.004969326197169721
CC1=C(C)OC(CNC(CCCN2C3=C(N(C(N(C3=O)C)=O)C)N=C2)=O)=N1,0.004585101269185543
CN(C1=C(C(NCC2OC(C)=C(C)N=2)=O)C=CC=C1)C(C1CC1)=O,0.006536668608896434
CC(C1N=C(C2=C(NC(C3=CC=C(S(NC4=CC=CC=C4)(=O)=O)C=C3)=O)C=CC=C2)NN=1)C,0.003166320384480059
COC1=C(C=CC(NC2=C(C3NN=C(C(C)C)N=3)C=CC=C2)=O)C=C(C)C=C1,0.00524865606566891
CC(C1N=C(C2=C(NC(C3CCC(=O)N(C)N=3)=O)C=CC=C2)NN=1)C,0.0031375794671475886
CC(C1N=C(C2=C(NC(CN3C4=C(C=CC=C4)C(=O)C4=C3C=CC=C4)=O)C=CC=C2)NN=1)C,0.003934684605337679
CC1=C(CC(NC2(CCCCC2)C)=O)C(=O)NC(C2=NC=CC=C2)=N1,0.005089205224066973
CC1ON=C(C2(NC(CNC(CC3=CC=CC=C3)=O)=O)CCCCC2)N=1,0.009414997603744268
CC1ON=C(C2(NC(C3C(=O)NC4=C(C(CCC4)=O)C=3)=O)CCCCC2)N=1,0.008436598535627126
CC1ON=C(C2(NC(C3=CC(N4C(=O)NCC4)=CC=C3)=O)CCCCC2)N=1,0.00466117502655834
CC1ON=C(C2(NC(CNC(CC3=CC(F)=CC=C3)=O)=O)CCCCC2)N=1,0.00804370006080717
CC1ON=C(C2(NC(CCC(C3=C(F)C=C(F)C=C3)=O)=O)CCCCC2)N=1,0.010490229958668352
CC1SC(C)=C(C(CCC(NC2(C3N=C(C)ON=3)CCCC2)=O)=O)C=1,0.012168796174228192
CC1ON=C(C2(NC(CCCNC(NC3CCCCC3)=O)=O)CCCC2)N=1,0.006717449566349387
COC1=CC(N2C(C)=C(C(NC3(C4N=C(C)ON=4)CCCC3)=O)C=C2C)=CC=C1,0.009836949035525322
CC1ON=C(C2(NC(CNC(CC3=CC=CC=C3)=O)=O)CCCCCC2)N=1,0.010052237380295991
CC1ON=C(C2(NC(CCC(C3=CC=CC=C3)=O)=O)CCCCCC2)N=1,0.014568101335316896
COC1=C(OCC(N)=O)C=CC(C(NC2(C3N=C(C)ON=3)CCCCCC2)=O)=C1,0.00929843676276505
COC(CCNC(CCN1C(=O)C=CC(Br)=C1)=O)=O,0.007938422309234739
CC1ON=C(C2(NC(CC3=C4C(C=CC=N4)=CC=C3)=O)CCCCCC2)N=1,0.010074296034872532
CCOC1=CC2=C(C=C(C(NC3(C4N=C(C)ON=4)CCCCCC3)=O)N2)C=C1,0.006482103536836803
CC(NCC(NCC(NCCC1=CC=C(C(F)(F)F)C=C1)=O)=O)=O,0.004876057582441718
COC1=CC=C(COCC(N2CC(C(N)=O)CCC2)=O)C=C1,0.007326156203635037
NC(C1CN(C(COCCOC2=CC=CC=C2)=O)CCC1)=O,0.00624404065310955
COC1=C(OC2CCCC2)C=CC(C(N2CC(C(N)=O)CCC2)=O)=C1,0.009586846642196178
CCOC1=NC=C(C(N2CC(C(N)=O)CCC2)=O)C=C1,0.005384333385154605
NC(C1CN(C(C2=CC(OCC3=CN=CC=C3)=CC=C2)=O)CCC1)=O,0.005763302696868778
NC(C1CN(C(CC2=CC3=C(OCO3)C=C2)=O)CCC1)=O,0.00726093512494117
CC(C1=C2C(C=CC=C2)=CC=C1)NC(CNC(CNC(C)=O)=O)=O,0.007879525679163635
CN(C(CN1CCN(C(C2N(CC3SC=CC=3)C=CC=2)=O)CC1)=O)C,0.0068654513219371435
CCOC(C1=C(SCC(NC(C2=CN=CC=C2)C)=O)N=CC=C1)=O,0.006541696423664689
BrC1=CN(CCC(NC2CN(CC3=CC=CC=C3)CC2)=O)C(=O)C=C1,0.008737768651917577
CC(C(C(N(CC(N1CCCC1)=O)C)=O)OC1=CC=C(Br)C=C1)C,0.015403530234470964
NC(CN1CCN(C(C2=C(SC3CCCC3)N=CC=C2)=O)CC1)=O,0.00617640963755548
CC(OC1=C(Cl)C=C(C(N2CCN(CC(N)=O)CC2)=O)C=N1)C,0.00518608526326716
CCC(N1C2=C(C=C(C(N3CCN(CC(N)=O)CC3)=O)C=C2)CC1)=O,0.007366273389197886
CCC1N(C2=NC=CC=C2)N=CC=1C(N1CCN(CC(N)=O)CC1)=O,0.005120971030555666
NC(CN1CCN(C(COC2CCCCC2)=O)CC1)=O,0.009468532958999276
NC(CN1CCN(C(COCC2=C(Cl)C=CC=C2)=O)CC1)=O,0.0057879463536664845
CC(CC(NC(C(N1CCN(CC(N)=O)CC1)=O)C(C)C)=O)C,0.00800415468402207
O=C(N1CCN(CC2=CN=CC=C2)CC1)CC1=CC2=C(OCO2)C=C1,0.008024044893682003
CN(CCN1CCN(C(C2NC3=C(C=C(N(=O)=O)C=C3)C=2)=O)CC1)C,0.002899278310360387
O=N(C1=CC2=C(NC(C(N(C3CC3)CC3=CC=NC=C3)=O)=C2)C=C1)=O,0.0030890251393429933
O=N(C1=C2C(C=C(C(N(C3CC3)CC3=CC=NC=C3)=O)N2)=CC=C1)=O,0.0030472768878098576
CN(CCN(C(C1N=C(C2=CN(C)N=C2)SC=1)=O)CC1=CC=CC=C1)C,0.008626329293474556
CN(CCN(C(C1=CC(S(C)(=O)=O)=C(C)C=C1)=O)CC1=CC=CC=C1)C,0.00928214138839394
COCCOCCCNC(C1=C2C(N=C(C(=N2)C)C)=CC(F)=C1)=O,0.005331876850686967
CCC(NC(C(N(CC1=CC=NC=C1)C)=O)CCSC)=O,0.00705237037036568
CC(CN1CCC(NC(C(C(C)C)OC2=C(F)C=C(F)C=C2)=O)CC1)C,0.009467599587514997
CC(CN1CCC(NC(C(SC2=C(Cl)C=CC=C2)C)=O)CC1)C,0.008092624275013805
CC(CN1CCC(NC(C(OC2=C(F)C=C(Br)C=C2)C)=O)CC1)C,0.011381647875532508
CC(CN1CCC(NC(C(SC2=CC=C(Br)C=C2)C)=O)CC1)C,0.010506126377731562
CC(CN1CCC(NC(C2=C(Cl)C=C(Br)C=C2)=O)CC1)C,0.010969090228900313
CC(C1=CC=C(CCC(NCC(N2CCOCC2)C2COCC2)=O)C=C1)C,0.013084522262215615
FC(C1C(C(N2CCN(C(CC3CCCC3)=O)CCC2)=O)CCCC1)(F)F,0.011018532834714278
CC(NNC(CCOC1=C(Cl)C=CC(Cl)=C1)=O)=O,0.0033174862735904755
BrC1=CN(CCC(NCC2=C(CN3CCCC3)C=CC=C2)=O)C(=O)C=C1,0.009544289251789451
CN1C(=O)C=CC(C(N2CCN(C(N3CCOCC3)=O)CC2)=O)=C1,0.0056039267918094994
CCOC1=CC(C(N2CCN(C(N3CCOCC3)=O)CC2)=O)=CC=C1,0.00591310472227633
CC(N1N=CC=C1)C(N(CC(N(C1C2=C(C=CC=C2)CCC1)C)=O)C)=O,0.014076630072668194
CC(CC1=CC=C(C(C(C)C)NC(CNC(CNC(C)=O)=O)=O)C=C1)C,0.01316366633400321
CCCC(NCC(NC1=CC(NC(NC2=CC=CC=C2)=O)=CC=C1)=O)=O,0.004840121220331639
CONC(C1CCC(=O)N(CC2=CC=C(F)C=C2)N=1)=O,0.0010531301115406678
COC1=CC=C(OC2C(=O)N(CC3=CC(N4C(=O)CCC4)=CC=C3)C2C2OC(C)=CC=2)C=C1,0.0063100838335230945
COC1=C(C2N(CC3=CC(N4C(=O)CCC4)=CC=C3)C(=O)C2OC2=CC(C#N)=CC=C2)C=CC=C1,0.004250434413552284
CCCCC1=CC=C(NC(CNC(CNC(C)=O)=O)=O)C=C1,0.008564663375727833
CC(NCC(NCC(N(CC1SC(C)=CC=1)CCC1=CC=CC=C1)=O)=O)=O,0.007402754039503634
CC(CC1=CC=C(C(NC(CNC(CNC(C)=O)=O)=O)C)C=C1)C,0.011612675106152891
COC(NCC(N1C(C2=CC3=C(OCCCO3)C=C2)CCC1)=O)=O,0.005793577712029219
CC1=CN(CC(NCC2C(=O)NC(C)=CC=2C)=O)N=C1,0.004021448106504977
COC(NCC(NNC(C(OC1=C(C)C(C)=CC=C1)C)=O)=O)=O,0.003051550075178966
COC1=C(CNC(C2=CC=C(C(N)=S)C=C2)=O)C=CC=N1,0.0072972281137481335
CCOCCOC(C(NC1CCN(C(C2=CC=CC=C2)=O)CC1)=O)C,0.006991928000934422
CCC(N1C(C(NC2CCN(C(C3=CC=CC=C3)=O)CC2)=O)CCCC1)=O,0.008446588646620512
CCC(N1CC(C(NC2CCN(C(C3=CC=CC=C3)=O)CC2)=O)CCC1)=O,0.009060487593524158
CC(N1N=CC(C(NCCCN2CCCCCC2)=O)=C1)(C)C,0.011636050837114453
NC(C1=CC=C(C(N2CCN(C(C3=CC(F)=C(F)C=C3)=O)CC2)=O)C=C1)=S,0.008937400253489613
CCOCCOC(C(NC1C(=O)NCCCC1)=O)C,0.007297032605856657
COC(NCC(NC1C(=O)NCCCC1)=O)=O,0.0044325164053589106
CC(C1=CC=C(C(F)(F)F)C=C1)NC(C1=CC=C(C(N)=S)C=C1)=O,0.007509485795162618
COC1=CC=C(COCC(NCC(N2CCN(C)CC2)(C)C)=O)C=C1,0.00933029716834426
CCN(C(C(SC1N(C2CC2)N=NN=1)C)=O)CC1=CC=C(N(C)C)C=C1,0.007289579487405717
CCN(CCCC(NC(C1=C(N2N=CC=C2)C=CC=C1)=O)C)CC,0.01023437180556357
CC(C(N1CCCCCC1)CNC(C1=NNC=C1)=O)C,0.007040201709605754
CCN1CCN(CCNC(CSC2=CC(OC)=CC=C2)=O)CC1,0.007753975037485361
CCN(C(CN(C(C(N1N=CC=C1)C)=O)C)=O)CC1=CC=C(N(C)C)C=C1,0.0106754164211452
CC1=CN(CC(N2CCN(CC3=CC4=C(OCO4)C=C3)CC2)=O)N=C1,0.0077085177646949886
BrC1SC(CNC(CCSCC2=NC=CC=C2)=O)=CC=1,0.00599946053698659
NC(C1=CC=C(C(NCC2=CC=C(N3CCCC3)C=C2)=O)C=C1)=S,0.012183689884841442
BrC1=CN(CCC(NC2CCN(CC3=CC=CC=C3)CC2)=O)C(=O)C=C1,0.008258575201034546
CC(NCC(NCC(NCC1CCC1)=O)=O)=O,0.01166045656427741
BrC1=CN(CCC(NCCN2CC3=C(C=CC=C3)CC2)=O)C(=O)C=C1,0.010107811121270061
BrC1=CN(CCC(NCCCN2CC3=C(C=CC=C3)CC2)=O)C(=O)C=C1,0.009542665723711253
CC(C(NCCCCN1CCN(C)CC1)=O)OC1=C(Cl)C=CC(C)=C1,0.008720139227807521
CN(C1(CCCC1)CNC(C1NC2=C(C=CC=C2N(=O)=O)C=1)=O)C,0.0038097647484391928
CCN1CCN(CCCNC(C(OC2=C(Cl)C=CC(C)=C2)C)=O)CC1,0.008863153494894504
CCC(C1=CC(Cl)=CC=C1)NC(CSCC(N1CCOCC1)=O)=O,0.006094230921007693
CCN(C(C1CCN(S(CC)(=O)=O)CC1)=O)CC(NC)=O,0.005667542014271021
CCN(C(C1CN(C(NC2=CC=CC=C2)=O)CCC1)=O)CC(NC)=O,0.00456532669486478
COCCOC1=CC=C(CNC(C2CN(C(C3CC3)=O)CCC2)=O)C=C1,0.007691011414863169
CCS(N1CCC(C(NCC(N2CCCCC2)=O)=O)CC1)(=O)=O,0.006663995794951916
O=C(N1CCC(C(NCCCN2CCCC2)=O)CC1)CC1C=CCC1,0.012729998119175434
O=C(C1CCN(C(C2CCCCC2)=O)CC1)NCCCN1CCCC1,0.012486708210781216
O=C(C1CCN(C(C2=CC=CC=C2)=O)CC1)NCCCN1CCCC1,0.008714205399155617
CN1C(SC2=CC=C(NC(CN3C4=C(C=CC=C4)C=C3)=O)C=C2)=NN=C1,0.0072772833053022625
CN1C(SC2=CC=C(NC(CSCC=C)=O)C=C2)=NN=C1,0.005940653313882649
CC(C1SC(C(NC2=CC=C(SC3N(C)C=NN=3)C=C2)=O)=C(C)N=1)C,0.007584977080114186
CN1C(SC2=CC=C(NC(C3=NN(C4=CC=CC=C4)C=C3)=O)C=C2)=NN=C1,0.006556557840667665
CN1C(SC2=CC=C(NC(CCC3=C(F)C=CC=C3F)=O)C=C2)=NN=C1,0.0061122153652831916
CN1C(SC2=CC=C(NC(C3=NNC(C4OC=CC=4)=C3)=O)C=C2)=NN=C1,0.004428819043096155
CC1CN(CCNC(C2=C(C(F)(F)F)N(C(C)(C)C)N=C2)=O)CC(C)C1,0.006771840364672243
CN1C(SC2=CC=C(NC(C3=CC=C(C(N)=S)C=C3)=O)C=C2)=NC=C1,0.0071635255590081215
CC1=NC(C2=CC(NC(C3=CC=C(C(N)=S)C=C3)=O)=CC=C2)=CC=N1,0.006647222628816962
CC(NCC(NCC(NC1=CN=C(OCC(F)(F)F)C=C1)=O)=O)=O,0.004086015210486948
CC(COC1=NC=C(C(N(CC(N)=O)C)=O)C=C1)C,0.0074877400882542135
CN(C(C1OC(COC2=C(C#N)C=CC=C2)=CC=1)=O)CC(N)=O,0.007021105103194714
O=N(C1=C2C(C=C(C(N(C3CC3)CC3COCC3)=O)N2)=CC=C1)=O,0.003498046612367034
CC1CN(CCCNC(C2=C(C(F)(F)F)N(C(C)(C)C)N=C2)=O)CCC1,0.006543351011350751
CCC(N1C2=C(C=C(C(NC3=CC(N4C=CC=C4)=CC=C3)=O)C=C2)CC1)=O,0.007264603744260967
CC1=C(N(=O)=O)C=C(C(NC2=CC(N3C=CC=C3)=CC=C2)=O)S1,0.004650911875069141
CC1C(C=CC(NC2=CC(N3C=CC=C3)=CC=C2)=O)=C(Cl)N(C)N=1,0.006583420699462295
CC1=CC=C(C(CCC(NC2=CC(N3C=CC=C3)=CC=C2)=O)=O)C=C1,0.011969569325447082
CN1CCN(C(C2CCN(C(CN3C4=C(C=CC=C4)C=C3)=O)CC2)=O)CC1,0.008128192648291588
NC(CCCNC(C1NC2=C(C=CC(=C2)OC(F)(F)F)C=1)=O)=O,0.0016508496628375724
NC(C1=CC=C(C(NCC2=CC=C(N3N=CC=C3)C=C2)=O)C=C1)=S,0.008093489659950137
CC1N(CCCCNC(C2=C(N3N=CC=C3)C=CC=C2)=O)CCCC1,0.0070407833904027935
CC1CN(CCCCNC(C2OC3=C(C=C(C=C3)C)C=2)=O)CCC1,0.009268219629302622
CC1CN(CCCCNC(C2=C(N3N=CC=C3)C=CC=C2)=O)CCC1,0.007058941596187651
CC(OC1=CC(C(NC(CNC(CNC(C)=O)=O)=O)C)=CC=C1)C,0.010075329430401325
CC1CCN(CCCCNC(C2OC3=C(C=C(C=C3)C)C=2)=O)CC1,0.00956096057780087
CC1CN(CCCCNC(C2=CN(C(C)(C)C)N=C2)=O)CC(C)C1,0.010523185972124338
CC1CN(CCCNC(C2=CN(C(C)(C)C)N=C2)=O)CC(C)C1,0.009859906788915396
CC1=CC(C2(C(NCCCCN3CCOCC3)=O)CCC2)=CC(C)=C1,0.01265063565224409
CCN(C(C1=CN(C2=CC=C(Br)C=C2)N=C1)=O)CC1COCC1,0.010239668376743793
CCN(C(C1OC(COC2=C(C#N)C=CC=C2)=CC=1)=O)CC1COCC1,0.009261599858291447
CCN(C(CC1N=C(NC(C(C)C)=O)SC=1)=O)CC1COCC1,0.007575279287993908
CCN(CC1CCN(C(C2N=C(C3=CN(C)N=C3)SC=2)=O)CC1)CC,0.007820382295176388
CCN(CC1CCN(C(C2NC3=C(C=C(N(=O)=O)C=C3)C=2)=O)CC1)CC,0.003537469485308975
CCN(CC1CCN(C(C2NC3=C(C=CC=C3N(=O)=O)C=2)=O)CC1)CC,0.0034827147261239587
CCN(CC1CCN(C(C2=C3C(N=C(C(=N3)C)C)=CC(F)=C2)=O)CC1)CC,0.008925843564793468
COC1=CC=C(OC2=NC=C(CNC(C(NC(N)=O)C)=O)C=C2)C=C1,0.003998768120072782
CN(C(CCNC(C1CCC(=O)N(CC2=CC=C(F)C=C2)N=1)=O)=O)C,0.006058604177087546
CC1=C(C(NC2SC=C(CC(N3CCC(N4CCCC4)CC3)=O)N=2)=O)C=CO1,0.0067321313312277194
O=C(N1CCC(N2CCCC2)CC1)CC1=CC=C(N2C(=O)CCC2)C=C1,0.010667065531015396
CN1C2=C(C=CC=C2)N(CC(N2CCC(N3CCCCC3)CC2)=O)C1=O,0.006574790365993977
CC1=C(C)N=C2C(C=CC(C(N3CCC(N4CCCCC4)CC3)=O)=C2)=N1,0.011097885994240641
CC(CN1CCN(C)CC1)CNC(C1=CC(F)=C(F)C=C1)=O,0.008410612540319561
CNS(C1=C(OC)C=CC(C(N2CCC(N3CCCC3)CC2)=O)=C1)(=O)=O,0.005719709093682468
O=C(NCC(N1CCC(N2CCCC2)CC1)=O)COC1=CC=CC=C1,0.009319469425827264
CC(C(NCC1=C(OCC2=CC=CC=C2)N=CC=C1)=O)NC(N)=O,0.003435511339921504
CS(NCCC(NCC1(C(N)=O)CCOCC1)=O)(=O)=O,0.00447314145276323
FC1=CC2=C(OCOC2)C(CCNC(C2CN(C(C3CC3)=O)CCC2)=O)=C1,0.006828083726577461
CN1CCN(C(CCNC(CSCC2=NC=CC=C2)=O)=O)CC1,0.005395076191052795
COCCN1C(=O)CC(C(N2C(C3ON=C(C)C=3)CCC2)=O)C1,0.012002138560637832
CCCCOC1=C(OC)C=C(C(NC(C2NC(=O)CC2)=O)C)C=C1,0.008915648004040122
COC1=C(OCCC(C)C)C=CC(C(NC(C2NC(=O)CC2)=O)C)=C1,0.011290162103250623
CC1=CC(C2(C(NCC3CN(CC(F)(F)F)CC3)=O)CC2)=CC(C)=C1,0.007731615414377302
CC1=CC(C2(C(NCC3CN(CC(F)(F)F)CC3)=O)CCC2)=CC=C1,0.00741083716857247
FC(CN1CC(CNC(CCN2C(=O)C3(CCCCC3)NC2=O)=O)CC1)(F)F,0.002372552317683585
FC(CN1CC(CNC(C2C3=C(CCCC3)SC=2)=O)CC1)(F)F,0.006039708587923087
FC(CN1CC(CNC([C@H]2N(C(C3SC=CC=3)=O)CCC2)=O)CC1)(F)F,0.0051749929087236525
CC1=C(N(=O)=O)C=CC=C1C(NCC1CN(CC(F)(F)F)CC1)=O,0.004650649573886767
COC1=CC(C2N(CC3=CC(NC(C)=O)=CC=C3)C(=O)C2OC2=C(C)C=CC(C)=C2)=C(OC)C=C1,0.0052123055793344975
O=N(C1=C(CC(NCC2CN(CC(F)(F)F)CC2)=O)C=CC=C1)=O,0.004205178399570286
FC(CN1CC(CNC(C=CC2=CC(Cl)=CC=C2)=O)CC1)(F)F,0.004721969881211407
O=N(C1OC(C(NCC2CN(CC(F)(F)F)CC2)=O)=CC=1)=O,0.005090064590331167
CC1=C(OC2CCN(C(CN3C(=O)NCC3=O)=O)CC2)C(C)=CC=C1,0.0020874808600638063
CC1=C(C)C=C(OC2CCN(C(CN3C(=O)NCC3=O)=O)CC2)C=C1,0.0019826360570732505
O=C(C1N=C(C2=CC=CC=C2)SC=1)N1CCC(N2CCCCC2)CC1,0.008578568464145064
ClC1=CC2=C(N=CC=C2)C(C(N2CCC(N3CCCCC3)CC2)=O)=C1,0.009463212639093398
CCOC1=CC2=C(C=C(C(N3CCC(N4CCCCC4)CC3)=O)N2)C=C1,0.0062626298982650045
CCC1N(C2=NC=CC=C2)N=CC=1C(N1CCC(N2CCCCC2)CC1)=O,0.009998811315745116
O=C(N1CCC(N2CCCCC2)CC1)CCC1ON=C(C2=CN=CC=C2)N=1,0.009168510232120753
ClC1=C2C(OCCCO2)=CC(C(N2CCC(N3CCCCC3)CC2)=O)=C1,0.012446579989045858
O=C(C1=CC=C(N2C(=O)CCCC2)C=C1)N1CCC(N2CCCCC2)CC1,0.011368288099765778
O=C(N1CCC(N2CCCCC2)CC1)CCN1C(=O)C2=C(C=CC=C2)N=C1,0.008256459841504693
CC1N(C2=CC=C(C(N3CCC(N4CCCCC4)CC3)=O)C=C2)N=CC=1,0.0099687525536865
O=C(N1CCC(N2CCCCC2)CC1)CCN1C2=C(C=CC=C2)OCC1=O,0.010039768042042851
COC1C(C(N2CCC(N3CCCCC3)CC2)=O)=NN(C2=CC=CC=C2)C=1,0.010649564675986767
CC(NCC(NCC(N1CCC(CC2=CC(F)=CC=C2)CC1)=O)=O)=O,0.005652957176789641
O=C(C1=CC(OCC2=CN=CC=C2)=CC=C1)N1CCC(N2CCCCC2)CC1,0.009754741005599499
CC(C(NC1SC=C(CC(N2CCC(N3CCCCC3)CC2)=O)N=1)=O)C,0.008764768089167773
CC1=CC=C(C2SC=C(C(N3CCC(N4CCCCC4)CC3)=O)N=2)C=C1,0.009355430863797665
CCS(C1=C(C(N2CCC(N3CCCCC3)CC2)=O)C=CC=C1)(=O)=O,0.010366441681981087
CC1=C(NS(C)(=O)=O)C=C(C(N2CCC(N3CCCCC3)CC2)=O)C=C1,0.005951398052275181
O=C(N1CCC(N2CCCCC2)CC1)CC1=CC=C(N2N=NN=C2)C=C1,0.006227057706564665
FC1=CC(F)=C(C(N2CCC(C(N3CCC(N4CCCCC4)CC3)=O)CC2)=O)C=C1,0.010012185759842395
CC1C2=C(N=C(C3CC3)C=C2C(N2CCC(N3CCCCC3)CC2)=O)ON=1,0.011058021197095513
CC(NC1=CC=C(C=CC(N2CCC(N3CCCCC3)CC2)=O)C=C1)=O,0.009355266811326146
O=C(N1CCC(N2CCCCC2)CC1)CC1N=C(C2=CC=CC=C2)OC=1,0.007608806039206684
CS(C1=CC(C(N2CCC(N3CCCCC3)CC2)=O)=CC=C1)(=O)=O,0.009605584247037769
COC1=CC2=C(OC(=C2C(N2CCC(N3CCCCC3)CC2)=O)C)C=C1,0.01132035511545837
COC1=C(OCC(N)=O)C=CC(C(N2CCC(N3CCCCC3)CC2)=O)=C1,0.01105288085527718
O=C(N1CCC(N2CCCCC2)CC1)CCN1C2=C(C=CC=C2)OC1=O,0.007183901290409267
ClC1=C2C(OCO2)=CC(C(N2CCC(N3CCCCC3)CC2)=O)=C1,0.01082639112137258
CS(C1=CC=C(C(N2CCC(N3CCCCC3)CC2)=O)C=C1)(=O)=O,0.009887508722022176
CC1=C(CC(N2CCC(N3CCCCC3)CC2)=O)N=C(C2=CC=CC=C2)O1,0.008293614070862532
COC1=C(OC)C(OC)=CC(C(N2CCC(N3CCCCC3)CC2)=O)=C1,0.013371763750910759
COC1=C(OC)C(OC)=CC(CC(N2CCC(N3CCCCC3)CC2)=O)=C1,0.01347144921310246
COC1=C(OC)C(OC)=C(C(N2CCC(N3CCCCC3)CC2)=O)C=C1,0.013591372687369586
COC1=CC(SCC(NC2=CN(CC(N)=O)N=C2)=O)=CC=C1,0.004599698795937001
CN(CCN(C(CSCC=C)=O)C1CCN(C)CC1)C,0.01014297353103757
O=C(NCC1=CC(CN2CCOCC2)=CC=C1)CN1C(=O)CCCCC1,0.00912781716324389
CC(N1N=CC=C1)C(N(CC(N1C(CC2=CC(F)=CC=C2)CCC1)=O)C)=O,0.007761756260879338
CC(NC1=CC(CN2C(=O)C(OC3=C(F)C=CC=C3)C2C2=C(F)C=CC(F)=C2)=CC=C1)=O,0.004784935293719173
COC1=CC=C(C2N(CC3=CC(NC(C)=O)=CC=C3)C(=O)C2OC2=CC(Br)=CC=C2)C=C1,0.005505055119283497
CC(C1=C(C)C2=C(C=CC=C2)O1)NC(C1CN(C(C2CC2)=O)CCC1)=O,0.009748181561008096
COC1=CC=C(OC2C(=O)N(CC3=CC(NC(C)=O)=CC=C3)C2C2=CC(F)=C(F)C=C2)C=C1,0.004575243615545332
CC(N1N=CC=C1)C(N(CC(NC1=C(OC2CCCC2)C=CC=C1)=O)C)=O,0.008926737727597356
O=C(C1CN(C(C2CC2)=O)CCC1)NC1=C(OC2CCCC2)C=CC=C1,0.01062069907784462
CCC1=C(OC2C(=O)N(CC3=CC(NC(C)=O)=CC=C3)C2C2=CC(OC)=CC=C2)C=CC=C1,0.005394060374237597
CC(NC1=CC(CN2C(=O)C(OC3=CC(N(=O)=O)=CC=C3)C2C2=CC=C(C#N)C=C2)=CC=C1)=O,0.0026468634023331106
CC1OC(C)CN(C(CCNC(C2=NOC(C)=C2)=O)=O)C1,0.006976643623784184
CC1SC=C(CNC([C@H]2N(C(OC(C)(C)C)=O)CCC2)=O)N=1,0.005137865827418864
CC(CN1CCN(C)CC1)CNC(C1=C(C)SC(C)=C1)=O,0.009787459997460246
COC1=C(C)C(OC)=CC(C(NCC(CN2CCN(C)CC2)C)=O)=C1,0.010691617568954825
CC(CN1CCN(C)CC1)CNC(CC1=CC(F)=CC=C1)=O,0.007138865371234715
CC(OC(N1[C@H](C(NC2=CC(CN3N=CN=C3)=CC=C2)=O)CCC1)=O)(C)C,0.004995202296413481
CN(CCN(C(C1OC2=C(C=CC=C2)C(=O)C=1)=O)CC1=CC=C(F)C=C1)C,0.00931363133713603
CC(N(CC1CCN(C(C2=C(C)C(N(=O)=O)=CC=C2)=O)CC1)C)C,0.0083224271889776
CCN(C(OC(C)(C)C)=O)CCCNC(C1CC(=O)N(C)C1)=O,0.0065219687763601545
CCN(C(OC(C)(C)C)=O)CCCNC(C1=C(C)N(C)N=C1)=O,0.00673418533988297
CCN(C(OC(C)(C)C)=O)CCCNC(C1NC(=O)CC1)=O,0.005310770007781684
CCN(C(OC(C)(C)C)=O)CCCNC(C1=NOC(C)=C1)=O,0.006031121802516281
CC(C(N1CCCCC1)=O)NC(C1CN(C(C2CC2)=O)CCC1)=O,0.011219885898754
CN(C(COC1=C(Cl)C=C(Cl)C(Cl)=C1)=O)CC1OCCC1,0.0123162685893476
CN(C(C1N=C(C2=CC(Cl)=CC=C2)SC=1)=O)CC1OCCC1,0.006823321338742971
CN(C(C1=C(SCC2=C(C)ON=C2C)N=CC=C1)=O)CC1OCCC1,0.008531856490299106
CN(C(C=CC1=C(Cl)C=CC=C1Cl)=O)CC1OCCC1,0.011254143621772527
O=C(N1C(CCC2=CC=CC=C2)CCC1)CN1C(=O)NCC1=O,0.0024053486529737713
CC(NCC(NCC(NC1=CN=C(OCC2=CC=CC=C2)C=C1)=O)=O)=O,0.005606957105919718
COCCOC1=CC(NC(C2CN(C(C3CC3)=O)CCC2)=O)=CC=C1,0.006684129475615919
CN(C1CCN(C)CC1)CCN(C(C1=C(C)C(N(=O)=O)=CC=C1)=O)C,0.009071431076154112
CC1N(C2CCCCC2)C(C)=C(C(NCCCN2C(C)=NC=C2)=O)C=1,0.008208873867988586
CN(C1=C(C(NCCCN2C(C)=NC=C2)=O)C=CC=C1)C(C1CC1)=O,0.0048263760400004685
CCS(C1=C(C(NCCCN2C(C)=NC=C2)=O)C=CC=C1)(=O)=O,0.003897530084941536
CC([C@@H](C(NCCCN1C(C)=NC=C1)=O)NC(OCC1=CC=CC=C1)=O)C,0.003456607460975647
COC1=CC=C(CC2N(C(CNC(CNC(C)=O)=O)=O)CCC2)C=C1,0.008475673431530596
CNC(CCNC(CCC1ON=C(C2=CC=C(OC)C=C2)N=1)=O)=O,0.0061172825749963525
CNC(CCNC(C1=C(C)N(C2=CC3=C(OCCO3)C=C2)C(C)=C1)=O)=O,0.006964108580723405
CNC(CCNC(C1=NNC(=O)C=C1)=O)=O,0.003644868824630976
CNC(CCNC(C1CN(C(C(C)C)=O)CCC1)=O)=O,0.007655125227756798
CNC(CCNC(CCC1=CC(OC)=CC(OC)=C1)=O)=O,0.0075565367238596085
CNC(CCNC(CCN1C2=C(C=CC=C2)OC(C)C1=O)=O)=O,0.008337139035575092
CNC(CCNC(C(OC1=CC(Cl)=CC=C1)C)=O)=O,0.007375760981813073
CCOC1=C(C(NCCC(NC)=O)=O)C=CC=N1,0.005484682950191199
CN(C(C1SC2=C(CC(C(C)(C)C)CC2)C=1)=O)CC1=NC=CC=C1,0.014670551521703601
CN(CCN(C(C1OC2=C(C=CC=C2)C(=O)C=1)=O)CC1=C(F)C=CC=C1)C,0.009347273316234351
CN(CCN(C(C1=CC2=C(ON=C2C)N=C1)=O)CC1=C(F)C=CC=C1)C,0.007505196495912969
CN(CCN(C(C1=CC(S(C)(=O)=O)=CC=C1)=O)CC1=C(F)C=CC=C1)C,0.006980535667389631
CN(CCN(C(C=CC1=C(C)N(C)N=C1C)=O)CC1=C(F)C=CC=C1)C,0.009264989313669503
CN(CCN(C(C1=CC=C(S(C)(=O)=O)C=C1)=O)CC1=C(F)C=CC=C1)C,0.0068843232467770575
CN(CCN(C(COC1=C(F)C=C(Br)C=C1)=O)CC1=C(F)C=CC=C1)C,0.011094777099788188
CC(C(N(CC1=C(F)C=CC=C1)CCN(C)C)=O)NC(C1OC=CC=1)=O,0.007703616307117045
COCCN(C(C1=CC2=C(OCCCO2)C(Cl)=C1)=O)CC1=NC=CC=C1,0.009442014340311288
COCCN(C(CN1C(=O)C2=C(C=CC=C2)C(C)=N1)=O)CC1=NC=CC=C1,0.0069775420241057875
COCCN(C(C1CCC(=O)N(C)N=1)=O)CC1=NC=CC=C1,0.006600135401822626
COCCN(C(C(NC(C1SC=CC=1)=O)C)=O)CC1=NC=CC=C1,0.006212257291190326
COCCN(C(C1C2=C(C=CC(=C2)OC)OC=1C)=O)CC1=NC=CC=C1,0.009117171633988619
COCCN(C(C=CC1=CN(C2=CC=CC=C2)N=C1)=O)CC1=NC=CC=C1,0.008798605995252728
COCCN(C(C(NC(C1OC=CC=1)=O)C)=O)CC1=NC=CC=C1,0.008237323025241494
COCCN(C(C1=CC(OC)=C(OC)C(Cl)=C1)=O)CC1=NC=CC=C1,0.00927198389545083
COCCN(C(C1=CC(N(=O)=O)=C(C)C=C1)=O)CC1=NC=CC=C1,0.006575576681643725
COCCN(C(C1=C(C)C(N(=O)=O)=CC=C1)=O)CC1=NC=CC=C1,0.006535990326665342
COCCN(C(C1=C(Cl)C2=C(C=CC=C2)S1)=O)CC1=NC=CC=C1,0.0065101341810077425
COCCN(C(C1=CC(S(N2CCCCC2)(=O)=O)=C(C)C=C1)=O)CC1=NC=CC=C1,0.0060093530220910905
COCCN(C(C=CC1=CC2=C(OCO2)C=C1)=O)CC1=NC=CC=C1,0.009375975234434009
CN(CCN(C(C1=CC(N(=O)=O)=C(C)C=C1)=O)CC1=CN=CC=C1)C,0.007239014282822609
CCCCN(C(C1CCN(C(C2=C(S(CC)(=O)=O)C=CC=C2)=O)CC1)=O)C,0.008767483569681645
CCC1=C(N2C(=O)CC(C(NCC(CN3N=CC=C3)C)=O)C2)C=CC=C1,0.009033344010822475
C/C(/C)=C/C(N1CCN(C(CN2C(=O)CCC2=O)=O)CC1)=O,0.0040934311109595
CC(OC1=CC(C)=C(NC(CNC(CNC(C)=O)=O)=O)C=C1)C,0.008201493928208948
CC1ON=C(C(NC2CCN(CC3=CC(C(F)(F)F)=CC=C3)CC2)=O)C=1,0.004700221912935376
CN(CCN(C(CC1C2=C(C=CC=C2)ON=1)=O)CC1=CC=C(F)C=C1)C,0.008532846788875758
CN(CCN(C(C1=CC2=C(OCC(N2)=O)C=C1)=O)CC1=CC=C(F)C=C1)C,0.007331637456081808
CN(CCN(C(C1=CC(S(C)(=O)=O)=CC=C1)=O)CC1=CC=C(F)C=C1)C,0.007026535691693425
CN(CCN(C(C=CC1=C(C)N(C)N=C1C)=O)CC1=CC=C(F)C=C1)C,0.009763328265398741
CN(CCN(C(C1=CC=C(S(C)(=O)=O)C=C1)=O)CC1=CC=C(F)C=C1)C,0.007059669098816812
CC(N(CC1CCN(C(C2=C(SCC(N3CCCC3)=O)C=CC=C2)=O)CC1)C)C,0.011396535392850637
CC(N(CC1CCN(C(C2C3=C(CCC3)N(C3=CC=CC=C3)N=2)=O)CC1)C)C,0.011155311344191432
CC(N(CC1CCN(C(C2OC(C3=C(F)C=CC=C3)=CC=2)=O)CC1)C)C,0.00886859765741974
CC1C2=C(C=CC=C2)OC=1CN,0.015251760091632604
CC(CN1CCCCC1)CNC(CCC1SC(Cl)=CC=1)=O,0.008382034674286842
CC(CN1CCCCC1)CNC(C1OC2=C(C=CC=C2)C=1)=O,0.009370897291228175
CC(CN1CCCCC1)CNC(C1=C2C(ON=C2C)=NC(C)=C1)=O,0.00808171797543764
CCC=C(C(NC1=CC(OC)=C(NS(CC)(=O)=O)C=C1)=O)C,0.004705930408090353
COC(C1(NC(C2CN(C(C3CC3)=O)CCC2)=O)CCC(C)CC1)=O,0.009500177623704077
COC(C1(NC(C2NC(=O)CC2)=O)CCC(C)CC1)=O,0.009943452849984168
COC1=CC=C(N2CCN(C(CN3C(=O)NCC3=O)=O)CCC2)C=C1,0.002081075304886326
O=C(N1CCN(C(C2NC(=O)CC2)=O)CC1)CCC1CCCCC1,0.01155338934622705
O=N(C1=CC2=C(NC(C(N3CCN(CC4CCCCC4)CCC3)=O)=C2)C=C1)=O,0.004993365192785859
CCS(C1=C(C(N2CCN(CC3CCCCC3)CCC2)=O)C=CC=C1)(=O)=O,0.012578860064968467
CC1CCN(C(C2=C(NC(C3NC(=O)CC3)=O)C=CC=C2)=O)CC1,0.006921043852344155
CCCN(C(CN(C(C)=O)C)=O)CC(NC)=O,0.010786552261561156
CCCN(C(CN1N=CN=C1)=O)CC(NC)=O,0.005903682322241366
CC1=CN2C(=NC(=C2)CNC(CC2SC(S(N3CCCC3)(=O)=O)=CC=2)=O)C=C1,0.0033147589187137783
CC(NCC(NCC(NCC1=CC(Br)=CC(F)=C1)=O)=O)=O,0.006587935914285481
CCCN1CCC(N(C(CC2=CC=C(N3C(=O)CCC3)C=C2)=O)C)CC1,0.011088216351345182
CCCN1CCC(N(C(C2=C(C)C=C(NC(C3OC=CC=3)=O)S2)=O)C)CC1,0.00873708794824779
CC(N1N=CC=C1)C(N(CC(NCCOC1=CC2=C(CCC2)C=C1)=O)C)=O,0.009134978335350753
CC(NCC(NCC(N1C(C2CCCC2)CCC1)=O)=O)=O,0.012154801608994603
FC1=C(C(NCC2=C(N3CCCC3)C=CC=C2)=O)C=CC(Cl)=C1,0.006877452600747347
CN1C2=C(C=CC=C2)C(C(N2CCN(CCC(C)(C)C)CC2)=O)=C1,0.012124044168740512
CCOCCOC(C(NCC1N=C2N(C=C(C=C2)Br)C=1)=O)C,0.005192521773278713
COC(NCC(NCC1N=C2N(C=C(C=C2)Br)C=1)=O)=O,0.002737034868914634
CN(CCN(C(C1=CC(S(C)(=O)=O)=C(C)C=C1)=O)CC1OC(C)=CC=1)C,0.009079187270253896
CN(CCN(C(C1=C(C)C=CC(S(C)(=O)=O)=C1)=O)CC1OC(C)=CC=1)C,0.00905188238248229
CN(CCN(C(CCNC(C1=CC=CC=C1)=O)=O)CC1OC(C)=CC=1)C,0.009419161221012473
CN(CCN(C(C1=CC2=C(OCC(N2)=O)C=C1)=O)CC1OC(C)=CC=1)C,0.00853459038771689
CN(CCN(C(CC1=CC=C(N2N=NN=C2)C=C1)=O)CC1OC(C)=CC=1)C,0.007190800714306533
CC(N1C2=C(C=C(C(N(CC3OC(C)=CC=3)CCN(C)C)=O)C=N2)C=N1)C,0.01122359586879611
CN(CCN(C(CN1C(=O)C2=C(C=CC=C2)C1=C)=O)CC1OC(C)=CC=1)C,0.01164689678698778
CN(CCN(C(C1CCN(S(C)(=O)=O)CC1)=O)CC1OC(C)=CC=1)C,0.007705386262387037
CN(CCN(C(C1=CC=C(CN2N=CN=C2)C=C1)=O)CC1OC(C)=CC=1)C,0.01052582492120564
CC(C(N(CC1OC(C)=CC=1)CCN(C)C)=O)NC(C1SC=CC=1)=O,0.008329643588513135
CN(CCN(C(CCN1C2=C(C=CC=C2)OC1=O)=O)CC1OC(C)=CC=1)C,0.007276367279700935
CN(CCN(C(CN1C2=C(C=CC=C2)OCC1=O)=O)CC1OC(C)=CC=1)C,0.010263570304960012
CCN1C2=C(C=C(C(N(CC3OC(C)=CC=3)CCN(C)C)=O)C=C2)N=N1,0.009120843233540654
CN(CCN(C(C1=CC=C(S(C)(=O)=O)C=C1)=O)CC1OC(C)=CC=1)C,0.008568773115985095
CNS(C1=CC(C(N(CC2OC(C)=CC=2)CCN(C)C)=O)=CC=C1)(=O)=O,0.0054710852215066556
CN(CCN(C(C1=CC(NS(C)(=O)=O)=CC=C1)=O)CC1OC(C)=CC=1)C,0.00477315119933337
CN(CCN(C(C=CC1OC(C)=CC=1)=O)CC1OC(C)=CC=1)C,0.013289690064266325
CNS(C1=CN(C)C(C(NCCCCN2C=NC=C2)=O)=C1)(=O)=O,0.0028970585321076215
O=C(C1=C(CS(C2=CC=CC=C2)(=O)=O)C=CO1)NCCCCN1C=NC=C1,0.005327220214530826
CN(S(C1=CC(C(NCCCCN2C=NC=C2)=O)=CC=C1)(=O)=O)C1CCCCC1,0.004875013837590814
COC1=C(C(N2CCC(N3CC(C)OCC3)CC2)=O)C=CC=N1,0.00731824585236609
CC1OCCN(C2CCN(C(CC3=CC4=C(OCO4)C=C3)=O)CC2)C1,0.009761143382638693
CC1OCCN(C2CCN(C(C3=NNC(=O)C=C3)=O)CC2)C1,0.004179776669479907
CC1OCCN(C2CCN(C(C3CCC(=O)N(C)N=3)=O)CC2)C1,0.007072252943180502
CC1OCCN(C2CCN(C(C3=NN(C)C(=O)C=C3)=O)CC2)C1,0.008147569838911295
O=C(NCC1=C(N2CCCC2)C=CC=C1)CCC1ON=C(C2=CN=CC=C2)N=1,0.0070396047085523605
CC(C1N=C(CCCC(NCC2=C(N3CCCC3)C=CC=C2)=O)ON=1)(C)C,0.01051135929301381
O=C(NCC1=C(N2CCCC2)C=CC=C1)CCN1C(=O)C2=C(C=CC=C2)N=C1,0.006506131356582045
CC1=C(C(NCC2=C(N3CCCC3)C=CC=C2)=O)C=C(S(C)(=O)=O)C=C1,0.006834782497026026
O=C(C1N=C(C2OC=CC=2)SC=1)NCC1=C(N2CCCC2)C=CC=C1,0.006572543852962553
COC1=C(S(NC2CC2)(=O)=O)C=C(C(NCC2=C(N3CCCC3)C=CC=C2)=O)C=C1,0.0058054157299920915
CC(C1=NC2=C(C=NN2C(C)C)C(C(NCC2=C(N3CCCC3)C=CC=C2)=O)=C1)C,0.008760913647711277
FC1=C(C2OC(C(NCC3=C(N4CCCC4)C=CC=C3)=O)=CC=2)C=CC=C1,0.007320201210677624
CC1N(C2=C(F)C=CC=C2)N=C(C(NCC2=C(N3CCCC3)C=CC=C2)=O)C(=O)C=1,0.005979664553888142
CC1=CC=C(CC(NCC2=C(N3CCCC3)C=CC=C2)=O)C=C1,0.0096751892240718
ClC1=C(C2OC(C(NCC3=C(N4CCCC4)C=CC=C3)=O)=CC=2)C=CC=C1,0.007709215278737247
O=C(NCC1=C(N2CCCC2)C=CC=C1)CN1C(=O)CSC1,0.006558409682475031
CC(C1=CC=CC=C1)(C(NCC1=C(N2CCCC2)C=CC=C1)=O)C,0.010881604393944144
CCOC1=C(OC)C=CC(C(NCC2=C(N3CCCC3)C=CC=C2)=O)=C1,0.010248321248218418
CS(C1=CC=C(C(NCC2=C(N3CCCC3)C=CC=C2)=O)C=C1)(=O)=O,0.006673015747219324
FC1=CC(C=CC(NCC2=C(N3CCCC3)C=CC=C2)=O)=CC=C1,0.006355535611510277
FC1=CC=C(C=CC(NCC2=C(N3CCCC3)C=CC=C2)=O)C=C1,0.006722036376595497
CCS(N1CCC(C(NCC2N=C3N(C=CC(=C3)C)C=2)=O)CC1)(=O)=O,0.003669187496416271
CC1=CC2N(C=C(N=2)CNC(C2NC3=C(C=CC(=C3)OC(F)(F)F)C=2)=O)C=C1,0.0017002316424623131
NS(C1=CC(NC(C2=CC(N3N=NN=C3)=CC=C2)=O)=CC(F)=C1)(=O)=O,0.0024559124605730174
CC1=CC=C(CNC(NCC(NC2=CC(S(N)(=O)=O)=CC(F)=C2)=O)=O)C=C1,0.0034939434612169863
CCCC(N1CCN(C(C2=CC(OC)=C(OC(C)C)C=C2)=O)CCC1)=O,0.012896073842421174
CCOC(NC1=C(C)C(NC(C2CN(C(C3CC3)=O)CCC2)=O)=CC=C1)=O,0.0062793467426672574
CC1CC(N(C)C)(CNC(C2C(C)=NN(C3=CC=CC=C3)N=2)=O)CCC1,0.011310526309534908
CC1CC(N(C)C)(CNC(C2CC(=O)N(CC3OC=CC=3)C2)=O)CCC1,0.013419811427593232
CCS(N1CCC(C(NC2CN(C)CCC2)=O)CC1)(=O)=O,0.006627654749900102
CN(C(C)=O)CC(NCC1(C2=CC(Br)=CC=C2)CCC1)=O,0.013445663405582309
COC(CC1CCN(C(C=CC2=C(Cl)C=CC=C2Cl)=O)CC1)=O,0.009685448138043284
OC(C1=C(F)C=CC(S(NC2=CC(C(F)(F)F)=C(F)C=C2)(=O)=O)=C1)=O,0.002283886956865899
CC(CC(N1CC/C(=N/NC2=CC=C(C(O)=O)C=C2)/CC1)=O)(C)C,0.004621817287988961
CC(CC(N1CC/C(=N/NC2=C(C(O)=O)C=CC=C2)/CC1)=O)(C)C,0.004678636905737221
FC1=CC=C(N2CC/C(=N/NC3=CC(C#N)=CC=C3)/CC2)C=C1,0.00468746239785105
COC1=CC(C2C(/C=C3/C(=O)N(C)C(=O)N(C)C/3=O)=CNN=2)=CC=C1,0.001302214345196262
N#CC(C1N2C(CCCCC2)=NN=1)=CC1N=C(COC2=CC=CC=C2)SC=1,0.008560288976877928
CC1C(C(C=CC2N=C(COC3=CC=CC=C3)SC=2)=O)=CN(C)N=1,0.011796219646930695
COC1=C(OCC2=CC=CC=C2)C=CC(C=C(C(CC(C)(C)C)=O)C#N)=C1,0.015083723329007625
CN(C(C1=CC(CSC2N(C3=C(C)C=C(C)C=C3)N=NN=2)=CC=C1)=O)C,0.006720639765262604
CCN1C(C2OC=CC=2)=NN=C1SCC1=CC(C(N(C)C)=O)=CC=C1,0.00976491691544652
NC(C1=C(OCC2N(C3=C(C(F)(F)F)C=C(Cl)C=C3)N=NN=2)C=CC=C1)=O,0.003717713966034353
C(C1N=C(COC2=CC=CC=C2)SC=1)OC1=CC2=C(CCC2)C=C1,0.013572836527600884
CN(C(C1=CC(CSC2OC3=C(C=CC(=C3)Cl)N=2)=CC=C1)=O)C,0.005718037858605385
FC(C1=C(N2C(COC3=CC(C#N)=CC=C3)=NN=N2)C=CC(Cl)=C1)(F)F,0.0031976287486031652
COCCNC1SC(SCC2=CC(C(N(C)C)=O)=CC=C2)=NN=1,0.005748232733458281
CCC1C2=C(N=C(N(C2=O)CC2OCCC2)SCC(Br)=C)SC=1C,0.011167318886145949
CC1=C(CC2=CC=CC=C2)N=C(SCC2N(C3=C(C)C=CC=C3C)N=NN=2)N1,0.0047922417055815455
CS(C1=CC=C(N2C(COC3=CC(Cl)=CC=C3)=NN=N2)C=C1)(=O)=O,0.004471654817461967
CN1C(SCCOC2=C(C#N)C=CC=C2)=NN=C1CC1SC=CC=1,0.007369915815070271
CN(C(C1=CC(CSC2N(C)C(CC3SC=CC=3)=NN=2)=CC=C1)=O)C,0.009872627444565296
COC1=C(OCC2N(C3=CC=C(S(C)(=O)=O)C=C3)N=NN=2)C=CC(C#N)=C1,0.0047932606539689004
COC1=C(OCC2N(C3=C(C(F)(F)F)C=C(Cl)C=C3)N=NN=2)C=CC(C#N)=C1,0.004004328814335168
CCN1C(C2=C(C)OC=C2)=NN=C1SCC1=CC(C(N(C)C)=O)=CC=C1,0.010718271695077419
CC1=C(N2C(CSC3=CC(C(F)(F)F)=C(Cl)C=C3)=NN=N2)C(C)=CC=C1,0.004877079266589135
CC(C1=C(F)C=C(F)C=C1)SC1N(CC2=CC=CC=C2)C(CN2CCCCC2)=NN=1,0.008707991195842623
FC(OC1=CC=C(N2C(CSC3=CC4=C(C=CC=C4)C=C3)=NN=N2)C=C1)F,0.004607683059293777
CC1=C(N2C(CSC3=CC4=C(C=CC=C4)C=C3)=NN=N2)C(C)=CC=C1,0.009556364780291916
CN(C(C1=CC(CSC2N(C3=C(C)C=C(C)C=C3)C=NN=2)=CC=C1)=O)C,0.009230080619454384
CC(C1=CC(F)=C(F)C=C1)SC1OC(CC2N=C(C)SC=2)=NN=1,0.008082531322725118
CC(C1=C(F)C=C(F)C=C1)SC1OC(CC2N=C(C)SC=2)=NN=1,0.006516682379879057
CC1SC=C(CC2OC(SCCOC3=C(C#N)C=CC=C3)=NN=2)N=1,0.005516403890214861
CN(C(C1=CC(CSC2OC(CC3N=C(C)SC=3)=NN=2)=CC=C1)=O)C,0.007609283016063273
CC(C1=C(F)C=C(F)C=C1)SC1N(C2=C(C)C=CC=C2)C=NN=1,0.007685227831825614
CN(C(C1=CC(CSC2N(C3=C(C)C=CC=C3)C=NN=2)=CC=C1)=O)C,0.008689962001517415
CC(N1C(=O)C(=O)N(CC2N(C3=C(C)C=CC=C3C)N=NN=2)C1=O)C,0.0025505297933705153
FC(C1=C(N2C(CSC3=CC4=C(OCCCO4)C=C3)=NN=N2)C=CC(Cl)=C1)(F)F,0.00477067792089656
NC(C1=CC=C(OCC2N(C3=CC=C(OC(F)F)C=C3)N=NN=2)C=C1)=O,0.0034372792579233646
NC(C1=CC=C(OCC2N(C3=C(C(F)(F)F)C=C(Cl)C=C3)N=NN=2)C=C1)=O,0.003352086676750332
FC(C1=C(N2C(CSC3SCCN=3)=NN=N2)C=CC(Cl)=C1)(F)F,0.003916616027709097
CC(N1N=C(C2=CC(C(F)(F)F)=CC=C2)N=N1)C1=C(F)C=C(F)C=C1,0.0035776087432168426
BrC(CSC1N(CC2OCCC2)C(=O)C2=C(C=CC=C2)N=1)=C,0.011542571429163217
CS(C1=CC=C(N2C(COC3=C(F)C=CC=C3)=NN=N2)C=C1)(=O)=O,0.005014694412238896
CS(C1=CC=C(N2C(CSC3=CC=CC=C3)=NN=N2)C=C1)(=O)=O,0.004809595900587738
CN1C(SCC2N(C3=C(C(F)(F)F)C=C(Cl)C=C3)N=NN=2)=NN=C1,0.004710614879149944
COC(C1=CC=C(OCC2N(C3=CC=C(S(C)(=O)=O)C=C3)N=NN=2)C=C1)=O,0.004758798470720649
FC(C1=C(N2C(CSC3NC=NN=3)=NN=N2)C=CC(Cl)=C1)(F)F,0.0021440415759570895
FC(OC1=CC=C(N2C(COC3=C(C#N)C=CC=C3)=NN=N2)C=C1)F,0.0036513013765215874
CS(C1=CC=C(N2C(CSC3=NC=CC=C3)=NN=N2)C=C1)(=O)=O,0.004471300367731601
FC(C1=C(N2C(CSC3=NC=CC=C3)=NN=N2)C=CC(Cl)=C1)(F)F,0.003404511651024222
O=N(C1=CC2=C(C(N(C2=O)CC(Br)=C)=O)C=C1)=O,0.0036404646816663444
CS(C1=CC=C(N2C(COC3=C(F)C=C(F)C=C3)=NN=N2)C=C1)(=O)=O,0.004542789037805051
O=N(C1=CC=C(CCN2C(=O)C(Cl)=C(Cl)C=N2)C=C1)=O,0.0041814311989583075
CC(C1=C(F)C=C(F)C=C1)SC1N(N)C(C(F)(F)F)=NN=1,0.002443400339689106
CN(C(C1=CC(CSC2OC3=C(C=C(C=C3)Cl)N=2)=CC=C1)=O)C,0.005811140337027609
CN(C(C1=CC(CSC2N(C3=CC=C(Cl)C=C3)N=NN=2)=CC=C1)=O)C,0.004889913625083864
COC1=C(N2C(SC(C3=C(F)C=C(F)C=C3)C)=NN=N2)C=CC=C1,0.0053973723202943805
CC(C1=C(F)C=C(F)C=C1)SC1NC(C2SC=CC=2)=NN=1,0.003579925966914743
CC1=CC=C(C2N(N)C(SCC(Br)=C)=NN=2)C=C1,0.006295220623724162
CN(C(C1=CC(CSC2N(C)C(C3=CC=CC=C3)=NN=2)=CC=C1)=O)C,0.009772337460890412
CN(C(C1=CC(CSC2N(C3=C(C)C=CC(C)=C3)N=NN=2)=CC=C1)=O)C,0.0067176183219999075
CN(C(C1=CC(CSC2N(C3=CC=CC=C3)C(C)=NN=2)=CC=C1)=O)C,0.00868006981909275
CN(C(C1=CC(CSC2N(C)C(=O)C3=C(C=CC=C3)N=2)=CC=C1)=O)C,0.009012304153293372
CN(C(C1=CC(CSC2N(C)C(=O)C3=C(SC=C3)N=2)=CC=C1)=O)C,0.007152327173389495
CN1C(=O)C2=C(SC=C2C2SC=CC=2)N=C1SCC(Br)=C,0.009881956363096833
CC1=NC(N(=O)=O)=C(OCC2N(C3=C(C)C=CC=C3C)N=NN=2)C=C1,0.00564382066950202
CCOC(C1=CC=C(OCC2N(C3=C(C(F)(F)F)C=C(Cl)C=C3)N=NN=2)C=C1)=O,0.004731043928768486
NC1=NC(SCC(Br)=C)=NC(N)=C1,0.00817448056768626
CC(C1=CC(Cl)=C(F)C=C1)SC1SC=NN=1,0.007784201111644506
FC(C1=C(N2C(CSC3SC=NN=3)=NN=N2)C=CC(Cl)=C1)(F)F,0.004571242944803089
CC1N=C(SCC2N(C3=C(C(F)(F)F)C=C(Cl)C=C3)N=NN=2)SC=1,0.003906369465403259
CC(C1=CC=CC=C1)CC1OC(SCC(Br)=C)=NN=1,0.011451108427718282
CC(C1=CN=CC=C1)SC1NC(C2=C(Br)C=CC=C2)=NN=1,0.0060506841167807576
FC1=CC=C(N2C(SCC(Br)=C)=NC(=CC3=CC=CC=C3)C2=O)C=C1,0.0062956123147159815
COC1=CC=C(CSC2SC(SCC(Br)=C)=NN=2)C=C1,0.0168657511472702
CSC1SC(SCC2=CC(C(N(C)C)=O)=CC=C2)=NN=1,0.01023671287111938
CCN1C(=O)C(=O)N(CC2N(C3=C(C)C=CC=C3C)N=NN=2)C1=O,0.002424253249773756
ClC1=CC2=C(C(N(C(=N2)SCC(Br)=C)CC2OC=CC=2)=O)C=C1,0.00972596793435514
CN(C(C1=CC(CSC2N(C3=CC(Cl)=CC=C3)C=NN=2)=CC=C1)=O)C,0.006737939198501408
CCN(C(CSC1N(N)C(SCC(Br)=C)=NN=1)=O)CC,0.0073232435621321205
NC(CSC1SC(SCC(Br)=C)=NN=1)=O,0.011335795652121306
CCOC(C1=C(N)N=C(SCC2=CC(C(N(C)C)=O)=CC=C2)N=C1)=O,0.0054089672630652785
CCCCN1C(=O)NN=C1SCC(Br)=C,0.0058229432441294195
CC(C1=CC(F)=C(F)C=C1)SC1N(CCC2=CC=CC=C2)C(=O)NN=1,0.003978173527866602
O=C1C2=C(C=CC=C2)N=NN1CC1N=C(COC2=CC=CC=C2)SC=1,0.006698981369845569
CN1C(SCC(Br)=C)=NN=C1CC1CS(=O)(=O)CC1,0.009833582723513246
CN(C(C1=CC(CSC2=C(C#N)C=C(C(C)=O)C(C)=N2)=CC=C1)=O)C,0.007589374203234911
ClC1=CC2=C(N=CN(C2=O)CC(Br)=C)C=C1,0.008698630193248392
CN(C(C1=CC(CSC2N(C3=C(C)C(C)=CC=C3)N=NN=2)=CC=C1)=O)C,0.006724361423403024
CN(C(C1=CC(CSC2N(C3=C(C)C=CC=C3C)N=NN=2)=CC=C1)=O)C,0.007225983520038426
BrC(CSC1SC(NC2CC2)=NN=1)=C,0.012308726226910949
NC1=NC(SCC(Br)=C)=C(C#N)C(N)=C1,0.005284136964473873
CN(C(C1=CC(CSC2SC(NCC3OC=CC=3)=NN=2)=CC=C1)=O)C,0.00727499439381063
CN(C(C1=CC(CSC2N(C3CC3)C(C3=CN=CC=C3)=NN=2)=CC=C1)=O)C,0.009513669041916728
NC(C1=C(OCC2N=C(COC3=CC=CC=C3)SC=2)C=CC(Cl)=C1)=O,0.006075403396971523
NC(C1=C(OCC(Br)=C)C=CC(Cl)=C1)=O,0.011237188102677464
N#CC1=C(OCCSC2SCC3=C(C=CC=C3)N=2)C=CC=C1,0.006972419423982501
CC(C1=C(F)C=C(F)C=C1)SC1OC(CC2CS(=O)(=O)CC2)=NN=1,0.006596306362189353
FC(C1=C(N2C(CN3N=C(C#N)N=C3)=NN=N2)C=CC(Cl)=C1)(F)F,0.0029696317680645732
CN(C(C1=CC(CSC2N(CC3OCCC3)N=NN=2)=CC=C1)=O)C,0.00583253288641572
CC(C1=CC(F)=C(F)C=C1)SC1SC(NCC2=CC=C(F)C=C2)=NN=1,0.006861137924715877
FC1=CC=C(C2OC(=O)N(CC(Br)=C)N=2)C=C1,0.005432840995490551
CC(C1=CC(Cl)=C(F)C=C1)SC1N(CC2SC=CC=2)N=NN=1,0.005119982711039484
CN(C(C1=CC(CSC2N(CC3SC=CC=3)N=NN=2)=CC=C1)=O)C,0.005413138959556818
BrC(CSC1=NC2=C(C=CC=C2)C(C(NC2CC2)=O)=C1)=C,0.007780868024565279
O=C1N(CC2N=C(COC3=CC=CC=C3)SC=2)N=C(C2OC=CC=2)O1,0.0073723956942558285
CSCC1OC(SCCOC2=C(C#N)C=CC=C2)=NN=1,0.005831115925684571
CSCC1OC(SCC2=CC(C(N(C)C)=O)=CC=C2)=NN=1,0.007525183074176311
CC(C1=CC(Cl)=CC=C1)SC1=NN2C(N=CC=C2)=N1,0.005250111920759082
C(C1SC=C(CSC2=NN3C(N=CC=C3)=N2)N=1)OC1=CC=CC=C1,0.006466484582051635
NC(CN1C(C2CC2)=NN=C1SCCOC1=C(C#N)C=CC=C1)=O,0.005213484610430896
COC(CCSC1N2C(C=C(N=C2C)C)=NN=1)=O,0.0070588528644293545
O=C1C2=C(C=CS2)N=CN1CC1N=C(COC2=CC=CC=C2)SC=1,0.006948429765179754
N#CC1=C(OCCSC2=C3C(C=CS3)=NC=N2)C=CC=C1,0.005253395787440241
CN(C(C1=CC(CSC2N(C)C(C3SC=CC=3)=NN=2)=CC=C1)=O)C,0.009291488956660033
CN(C(C1=CC(CSC2N(CC=C)C(C3OC=CC=3)=NN=2)=CC=C1)=O)C,0.009096167562529445
CN(C(C1=CC(CSC2N(CCC3SC=CC=3)N=NN=2)=CC=C1)=O)C,0.0058932067593559624
CC(C1=CC(Cl)=C(F)C=C1)SC1SC(CC(N)=O)=C(C)N=1,0.005963870114646852
CNC(C1=CC=C(OCC2N=C(COC3=CC=CC=C3)SC=2)C=C1)=O,0.006565720634534955
CN(C(C1=CC(CSC2SC(CC(N)=O)=C(C)N=2)=CC=C1)=O)C,0.006562285008840263
CC1NC(SCC2N(C3=CC=C(OC(F)F)C=C3)N=NN=2)=NN=1,0.0023385220614727587
CC(C1=C(F)C=C(F)C=C1)SC1=C2C(N(C3=CC=C(F)C=C3)N=C2)=NC=N1,0.007985742553137243
CC(C1=CC(F)=C(F)C=C1)SC1N(C2CC2)C(N2CCOCC2)=NN=1,0.008437447529286147
CC(C1=C(F)C=C(F)C=C1)SC1N(C2CC2)C(N2CCOCC2)=NN=1,0.007180654304102063
CN(C(C1=CC(CSC2N(C3CC3)C(N3CCCC3)=NN=2)=CC=C1)=O)C,0.010165548836812376
CCCC1NC(SC(C2=CC(F)=C(F)C=C2)C)=NN=1,0.004937403672374785
N#CC1=C(OCCSC2N(C3CC3)C=CN=2)C=CC=C1,0.006246960046701134
CC1C(=O)N(CC2N=C(COC3=CC=CC=C3)SC=2)C(=O)N1C1=CC=CC=C1,0.0024870016379281877
CC(C1=CC(Cl)=C(F)C=C1)SC1N(CCC(N)=O)C(C2CC2)=NN=1,0.005787825235165656
O=N(C1N=CN(CC2N(C3=CC=C(OC(F)F)C=C3)N=NN=2)C=1)=O,0.0028110207291319965
CN(C(C1=CC(CN2C=C(N(=O)=O)N=C2)=CC=C1)=O)C,0.004120212257839739
COC(C=CC1=CC(OC)=C(OCC2=CC(C(N(C)C)=O)=CC=C2)C=C1)=O,0.009805250633507966
CC1SC(C2OC(SCCOC3=C(C#N)C=CC=C3)=NN=2)=C(C)N=1,0.005870897672139108
FC1=C(F)C=C2C(N=C(N2)SCCOC2=C(C#N)C=CC=C2)=C1,0.002744619327131659
COC1=CC(SCCC(NC2=C(C(N)=O)C=CS2)=O)=CC=C1,0.004782691155560315
CN(C(C1=CC(CSC2=C(C)N=C3C(C=CC=C3)=N2)=CC=C1)=O)C,0.00888239846099168
CN(C(C1=CC(CN2C3=C(C=CC(N(=O)=O)=C3)OC2=O)=CC=C1)=O)C,0.003825157799292356
CC(NC1=CC(N2C(SCCOC3=C(C#N)C=CC=C3)=NN=C2)=CC=C1)=O,0.00406933780759573
NC1N(C2CC2)C(SCC2N=C(COC3=CC=CC=C3)SC=2)=NN=1,0.005803325795568526
CC1=C(OCC2N(C3=C(C)C=CC=C3C)N=NN=2)C(C)=C(N(=O)=O)C=C1,0.0060746465809643265
CC1=NC(C)=NC(SCCOC2=C(C#N)C=CC=C2)=C1,0.006530095729976893
CC1ON=C(NC(CCSC2N3C(C=C(N=C3C)C)=NN=2)=O)C=1,0.005252852477133274
CN(C(C1=CC(CSC2N(C)C(N3CCOCC3)=NN=2)=CC=C1)=O)C,0.007694876007735729
CC1=CN=C(SCCC(NC2=C(C)C=CC(N(=O)=O)=C2)=O)C=C1,0.002808089175960049
CC1=CN=C(SCC2N(C3=CC=C(OC(F)F)C=C3)N=NN=2)C=C1,0.003659348958171904
CC1=CN=C(SCC2N(C3=CC=C(S(C)(=O)=O)C=C3)N=NN=2)C=C1,0.004817423829808831
CC1=CN=C(SCC2N(C3=C(C)C=CC=C3C)N=NN=2)C=C1,0.007983573409728707
CCCC1(C(=O)N(CC2N=C(N(C(C)=O)CC)SC=2)C(=O)N1)C,0.0019869154028128834
CC1C(C)=C(C)N2C(=NC(=N2)SCC(Br)=C)N=1,0.008528078906238079
CC1=C(N2C(COC3=CC=C(S(C4=CC=CC=C4)(=O)=O)C=C3)=NN=N2)C(C)=CC=C1,0.00582599185872823
O=N(C1N(CC2N=C(C3=CC(F)=CC=C3)OC=2)N=CC=1)=O,0.0036437835893593728
O=N(C1N(CC2N(C3=CC=C(OC(F)F)C=C3)N=NN=2)N=CC=1)=O,0.004215836152434349
O=N(C1N(CCOC2=C(C#N)C=CC=C2)N=CC=1)=O,0.0046448974637314676
CC(C1SC=C(CN2C(N(=O)=O)=CC=N2)N=1)C,0.00639421483501792
O=C1N(CC2N=C(COC3=CC=CC=C3)SC=2)C(=O)N(C2=CC=CC=C2)C1,0.002277531381696463
CSCC1N(C2=CC=C(S(C)(=O)=O)C=C2)N=NN=1,0.0042106401990167795
O=N(C1C(Br)=CN(CC2N=C(C3=CC=C(F)C=C3)OC=2)N=1)=O,0.004611200862564146
CC1=C(SCC(C(C#N)=C2SC3=C(C=CC=C3)N2)=O)C=CC=C1,0.009375553298741578
CC(NCCC1SC(S(NC2=C(C)C(C)=CC=C2)(=O)=O)=CC=1)=O,0.0034753604035358877
CC(NCCC1SC(S(NC2=CC(C)=C(C)C=C2)(=O)=O)=CC=1)=O,0.0034275490732397886
COC1=CC=C(NS(C2SC(CCNC(C)=O)=CC=2)(=O)=O)C=C1,0.003267783677438274
CC(NCCC1SC(S(NC2=CC(Cl)=CC=C2)(=O)=O)=CC=1)=O,0.00277201653807424
CCC1=C(NS(C2SC(CCNC(C)=O)=CC=2)(=O)=O)C(C)=CC=C1,0.003950900537893176
CC(NCCC1SC(S(NC2=CC(Cl)=C(C)C=C2)(=O)=O)=CC=1)=O,0.0029035469109658153
CC(NCCC1SC(S(NC2=CC(C)=CC(C)=C2)(=O)=O)=CC=1)=O,0.0034646024985704573
CC(NCCC1SC(S(NC2=C(F)C=C(Cl)C=C2)(=O)=O)=CC=1)=O,0.0025542487797793
CC(NCCC1SC(S(NC2=C(C)C=CC(F)=C2)(=O)=O)=CC=1)=O,0.0028975779365282505
COC1=C(NS(C2SC(CCNC(C)=O)=CC=2)(=O)=O)C=C(C)C=C1,0.0032966143102385105
CC(NCCC1SC(S(NC2=CC(F)=C(C)C=C2)(=O)=O)=CC=1)=O,0.0028887690976262094
COC1=NC=C(NS(C2SC(CCNC(C)=O)=CC=2)(=O)=O)C=C1,0.0029245008539874108
CC(NCCC1SC(S(NC2=C3C(CCCC3)=CC=C2)(=O)=O)=CC=1)=O,0.0048031572834588586
CC(NCCC1SC(S(NC2=C(F)C=C(C)C=C2)(=O)=O)=CC=1)=O,0.002920240705134347
CN(C(COC1=CC=C(NS(C2SC(CCNC(C)=O)=CC=2)(=O)=O)C=C1)=O)C,0.003966886131092906
NC(CCN(S(C1=C(F)C=C(F)C=C1F)(=O)=O)C1=CC=CC=C1)=O,0.00454757361439988
CC(NCCC1SC(S(NC2=C(C(N3CCCC3)=O)C=CC=C2C)(=O)=O)=CC=1)=O,0.003983723511919379
COC1=CC=C(CCCN(CN2C(=O)C3=C(C=CC=C3)C=N2)C)C=C1,0.00962375313974917
CNC(C1=C(N(=O)=O)C=CC(N2CC(CO)CCC2)=C1)=O,0.0023652812349610032
CNC(C1=C(N(=O)=O)C=CC(N2CCC(O)CC2)=C1)=O,0.0018172264622990041
CNC(C1=C(N(=O)=O)C=CC(N2CCN(CC3=CC(C)=CC=C3)CC2)=C1)=O,0.006044582277536392
CNC(C1=C(N(=O)=O)C=CC(N2CCN(CC3=CC=NC=C3)CC2)=C1)=O,0.00441543273627758
CNC(C1=C(N(=O)=O)C=CC(N2CCC(C(N3CCCC3)=O)CC2)=C1)=O,0.00591901030857116
CCCC(N1CCN(C2N(C)C(=O)N(C)C(=O)C=2C#N)CCC1)=O,0.005547790660057217
NC(C1=CC(Cl)=C(NCC2=C3C(OCO3)=CC=C2)N=C1)=O,0.004653614212293178
O=N(C1N2C(C=CC=C2)=NC=1NCC1=C2C(OCO2)=CC=C1)=O,0.0036946126376278697
ClC1C(=O)N(CC2=CC=CC=C2)N=CC=1NCC1=C2C(OCO2)=CC=C1,0.0057113607414066795
FC1=C(NC2=NC(C(F)(F)F)=CC=N2)C=C(N2S(=O)(=O)CCC2)C=C1,0.002580397669225931
CN1CC(NC2C3=C(C=CC=C3)N3C(=C(C(=N3)C)Cl)N=2)CCC1,0.006687365961261094
CNS(C1=CC(N(=O)=O)=C(NC2CN(C)CCC2)C=C1)(=O)=O,0.0023380321159493177
CN(C1=NC(N)=NC(Cl)=C1)CC1=COC=C1,0.0042130485526286066
CC1=NC(C)=NC(N2CCN(S(C3C4=C(N=CC=C4)NC=3)(=O)=O)CC2)=C1,0.002348636620445177
CC1=NC(N2CCN(S(C3C4=C(N=CC=C4)NC=3)(=O)=O)CC2)=NC(C)=C1,0.0024374258355237544
O=S(C1C2=C(N=CC=C2)NC=1)(N1CCN(C2=C(C#N)C=CC=N2)CC1)=O,0.0017117928655352443
O=S(C1C2=C(N=CC=C2)NC=1)(N1CCN(C2=NC=CC=N2)CC1)=O,0.002066240942804143
CS(NC1=C2C(CN(C3=C(F)C=C(N(=O)=O)C=C3)CC2)=CC=C1)(=O)=O,0.002613950055092573
CCN1CC(NC2SC3N(C=C(C4=CC=C(F)C=C4)N=3)N=2)CCC1,0.004361806996166706
CCN1CC(NC2=C(N(=O)=O)C=C(C(C3=CC=CC=C3)=O)C=C2)CCC1,0.007408780488185584
CCN1CC(NC2=C3C(SC4=C3CCC4)=NC(C)=N2)CCC1,0.00843220876995474
CCN1CC(NC2=C(N(=O)=O)C=C(S(NC3=C(C)C=C(C)C=C3)(=O)=O)C=C2)CCC1,0.004105093702673912
CC1=C(SC2N(C)C=NC=2N(=O)=O)C=CC=C1,0.006071886466816068
OC(C(C#N)=CC1N=C(C2=CC=C(C(F)(F)F)C=C2)SC=1)=O,0.0031554489687550813
OC(C(C#N)=CC1N=C(COC2=CC=C(Cl)C=C2)SC=1)=O,0.0039689483237452805
FC1=C2C(N=CC=C2)=C(COC2=CC=C(NC(C3OC=CC=3)=O)C=C2)C=C1,0.005341555643826723
CN(S(C1=CC=C(C(C)=O)C=C1)(=O)=O)CC1=C2C(C=CC=N2)=C(F)C=C1,0.007187587325461209
O=C1N(CC2=CC=CC=C2)C(=O)C(=O)N1CC1N=C(CC2=CC=CC=C2)SC=1,0.0034577038255520164
COC(NC1=CC=C(OCC2=C3C(C=CC=N3)=C(F)C=C2)C=C1)=O,0.0038645271095447244
CC1=C(NCC2N(C3=CC=C(S(C)(=O)=O)C=C3)N=NN=2)C=C(F)C=C1,0.0031887169578112664
CCNC(C1=CC(NC(CN2C(CC)=NN=N2)=O)=CC=C1)=O,0.0032068743370473386
CC1=CC(Cl)=C(NCC2N(C3=CC=C(S(C)(=O)=O)C=C3)N=NN=2)C=C1,0.003502884425688535
CCC1N(CC(NC2=CC(OC)=CC(OC)=C2)=O)N=NN=1,0.0038978125085122883
CCC1N(CC(NC2=C(Br)C=C(C)C=C2Br)=O)N=NN=1,0.005732304276898503
CCC1N(CC(NC2CCCCCCC2)=O)N=NN=1,0.007221816503442824
CCC1N(CC(NC2=CC=C(C(OC)=O)C=C2)=O)N=NN=1,0.003676580626051873
CC1=CC(NCC2N(C3=CC=C(S(C)(=O)=O)C=C3)N=NN=2)=C(C)C=C1,0.0041623518685810264
CC1=C(C)C(NCC2N(C3=CC=C(S(C)(=O)=O)C=C3)N=NN=2)=CC=C1,0.004233245528303087
CC1=CC(C)=C(NCC2N(C3=CC=C(S(C)(=O)=O)C=C3)N=NN=2)C=C1,0.004168660414870828
CS(C1=CC=C(N2C(CNC3=C(Cl)C=CC=C3)=NN=N2)C=C1)(=O)=O,0.0033682894543744625
CS(C1=CC=C(N2C(CNC3=CC(Cl)=CC=C3)=NN=N2)C=C1)(=O)=O,0.003107225603889674
CS(C1=CC=C(N2C(CNC3=C4C(C=CC=C4)=CC=C3)=NN=N2)C=C1)(=O)=O,0.0038869129377417265
CS(C1=CC=C(N2C(CNC3=CC=C(Cl)C=C3)=NN=N2)C=C1)(=O)=O,0.0031804864178411663
CC1=C(NCC2N(C3=CC=C(S(C)(=O)=O)C=C3)N=NN=2)C=CC=C1Cl,0.003353157197125256
CC1=C(F)C=C(NCC2N(C3=CC=C(S(C)(=O)=O)C=C3)N=NN=2)C=C1,0.003326203627511859
CN(C(C1=CC(CN2CCN(CCO)CC2)=CC=C1)=O)C,0.0038891499279998243
CC(C1=CC=C(N2CCN(CC(C3=C(C(F)(F)F)C=CC=C3)O)CC2)C=C1)=O,0.0036902201361954214
FC1=CC=C(CNC(C2CCN(CCC(NC3CCCC3)=O)CC2)=O)C=C1,0.008295366750098765
CC1=CC(F)=C(NCC2N(C3=CC=C(S(C)(=O)=O)C=C3)N=NN=2)C=C1,0.00326856835745275
CC1=C(NCC2N(C3=CC=C(S(C)(=O)=O)C=C3)N=NN=2)C=C(Cl)C=C1,0.0033752583607565612
CCC1=C(NCC2N(C3=CC=C(S(C)(=O)=O)C=C3)N=NN=2)C=CC=C1,0.004333341948222369
CC1=C(NCC2N(C3=CC=C(S(C)(=O)=O)C=C3)N=NN=2)C=CC(F)=C1,0.0033767652697861195
CC1=C(NCC2N(C3=CC=C(S(C)(=O)=O)C=C3)N=NN=2)C=CC(Cl)=C1,0.0033818250929471107
CS(C1=CC=C(N2C(CNC3=CC(F)=CC(F)=C3)=NN=N2)C=C1)(=O)=O,0.0032629005145281553
CC(C1=C(NCC2N(C3=CC=C(S(C)(=O)=O)C=C3)N=NN=2)C=CC=C1)C,0.004733306064736098
CS(C1=CC=C(N2C(CNC3=C(F)C=CC(F)=C3)=NN=N2)C=C1)(=O)=O,0.0033988368348218502
CC1=C(NCC2N(C3=CC=C(S(C)(=O)=O)C=C3)N=NN=2)C(C)=CC=C1,0.004302712494973093
CC1=C(Cl)C=C(NCC2N(C3=CC=C(S(C)(=O)=O)C=C3)N=NN=2)C=C1,0.0033895010012201963
CC1=CC(NCC2N(C3=CC=C(S(C)(=O)=O)C=C3)N=NN=2)=CC(C)=C1,0.004247041617054493
CCCCNC(C1CCN(C(C2=CC(Cl)=CC=C2)C)CC1)=O,0.008682056399993598
CS(C1=CC=C(N2C(CNC3=CC(C#C)=CC=C3)=NN=N2)C=C1)(=O)=O,0.003005490207578987
CCC1=C(NCC2N(C3=CC=C(S(C)(=O)=O)C=C3)N=NN=2)C(C)=CC=C1,0.0047471110941842195
CCOC(NC1=C(C)C(NCC2N(C3=CC=CC=C3)N=NN=2)=CC=C1)=O,0.0040775468689389525
CCOC(NC1=C(C)C(NCC(NC2ON=C(C)C=2)=O)=CC=C1)=O,0.00552541243378073
CCOC(NC1=C(C)C(NCC(N2CC3=C(SC=C3)CC2)=O)=CC=C1)=O,0.005124831292778254
CCOC(NC1=C(C)C(NCC(NC(NC2CC2)=O)=O)=CC=C1)=O,0.002073276584269479
CCOC(NC1=C(C)C(NCC(NC2=NOC(C)=C2)=O)=CC=C1)=O,0.005343351466581226
CCNC(NC(CNC1=C(C)C(NC(OCC)=O)=CC=C1)=O)=O,0.002060571248875931
CCOC(NC1=C(C)C(NCC(NC2C(C)CCCC2)=O)=CC=C1)=O,0.00821420312859118
NC(CN1N=C(NCC(NC2=C(F)C=CC(F)=C2)=O)C=C1)=O,0.0035786365275271236
CCOC(NC1=C(C)C(NCC(N2CC(C)CCC2)=O)=CC=C1)=O,0.005432431260123849
CCOC(NC1=C(C)C(NCC(N2CCC(C)CC2)=O)=CC=C1)=O,0.005607259785756468
CCOC(NC1=C(C)C(NCC(N2CCCCC2)=O)=CC=C1)=O,0.004912754928227514
CCOC(NC1=C(C)C(NCC(NC2=CC(F)=CC=C2)=O)=CC=C1)=O,0.005008207133505494
CCOC(NC1=C(C)C(NCC(NC2=C(F)C=CC(F)=C2)=O)=CC=C1)=O,0.00499270639847964
CCOC(NC1=C(C)C(NCC(N2C3=C(C=CC=C3)CC2)=O)=CC=C1)=O,0.0063735378673300145
CCOC(NC1=C(C)C(NCC(NC2CCCCCC2)=O)=CC=C1)=O,0.0084192423382774
CCOC(NC1=C(C)C(NCC(N(C2=CC=CC=C2)C)=O)=CC=C1)=O,0.006853840360417962
FC1=CC(OC2=C(NCC3N=C4N(C=CC=C4)C(=O)C=3)C=CC=C2)=CC=C1,0.0051327681634575125
CC1OCCN(C(CNC2=C(OC3=CC(F)=CC=C3)C=CC=C2)=O)C1,0.005392708000726998
CN(C(CNC1=C(OC2=CC(F)=CC=C2)C=CC=C1)=O)C,0.005657243053428828
FC1=CC(OC2=C(NCC(N3C(=O)NCC3)=O)C=CC=C2)=CC=C1,0.0013879116420866921
FC1=CC(OC2=C(NCC3N=C4N(C=CS4)C(=O)C=3)C=CC=C2)=CC=C1,0.0046873267507180575
NC(NC(CNC1=C(OC2=CC(F)=CC=C2)C=CC=C1)=O)=O,0.0012744979845592751
CCNC(NC(CNC1=C(C)C=C(C(NC(C)C)=O)C=C1)=O)=O,0.0020100800727959724
NC(CN1N=C(NCC(NC2=C(Br)C=CC=C2)=O)C=C1)=O,0.005903390236198902
CC1=CC(Cl)=C(NC(CNC2=NN(CC(N)=O)C=C2)=O)C=C1,0.004564973514061421
NC(CN1N=C(NCC(NC2=CC(Cl)=CC=C2)=O)C=C1)=O,0.004341379809193313
NC(CN1N=C(NCC(NC2=CC=C(C(F)(F)F)C=C2)=O)C=C1)=O,0.003323275921866298
CC1=CC(Br)=C(NC(CNC2=NN(CC(N)=O)C=C2)=O)C=C1,0.006049731350503862
COC1=C(NC(CNC2=NN(CC(N)=O)C=C2)=O)C=C(Cl)C=C1,0.004818989126943052
NC(CN1N=C(NCC(NCC2=CC=C(Cl)C=C2)=O)C=C1)=O,0.004434091679286212
COC1=C(NC(CNC2=NN(CC(N)=O)C=C2)=O)C=C(C)C=C1,0.0053055224707350135
COC1=C(NC(CNC2=NN(CC(N)=O)C=C2)=O)C=C(C)C(Cl)=C1,0.0048016214044764634
COC1=C(N2CCN(CC(C3=C(C(F)(F)F)C=CC=C3)O)CC2)C=CC=C1,0.002400224073790014
CC(NC(C1=CC(C)=C(NCC2N(C3=CC=CC=C3)N=NN=2)C=C1)=O)C,0.005285594635643065
CC(NC(C1=CC(C)=C(NCC(N2CC3=C(SC=C3)CC2)=O)C=C1)=O)C,0.006838388554751873
CC(NC(C1=CC(C)=C(NCC2=CC=C(N(=O)=O)C=C2)C=C1)=O)C,0.004837341676466167
CNC(NC(CNC1=C(C)C=C(C(NC(C)C)=O)C=C1)=O)=O,0.0018343424948398025
CC(NC(C1=CC(C)=C(NCC(NC2=CC(F)=CC=C2)=O)C=C1)=O)C,0.005752315768040717
CC(NC(C1=CC(C)=C(NCC(NC2=C(F)C=CC(F)=C2)=O)C=C1)=O)C,0.005591640318743885
CS(C1=CC=C(N2C(CN3C4=C(C=CC=C4)CCC3)=NN=N2)C=C1)(=O)=O,0.0058878525393083695
OC(C1=C(C(F)(F)F)C=CC=C1)CN1CCN(C2=CC=CC=C2)CC1,0.002286109753185883
OC1=CC=C(N2CCN(CC3=CC=C(OC(F)F)C=C3)CC2)C=C1,0.0030058899312280117
OC(C1=CC=C(OC(F)F)C=C1)CN1CCN(C2=CC=C(O)C=C2)CC1,0.0013330338697414845
FC1=C(N2CCN(CCC(NC3CCCC3)=O)CC2)C=CC=C1,0.007215528492815792
O=C(NC1CCCC1)CCN1CCC(CC2=CC=CC=C2)CC1,0.014197713928297162
CS(C1=CC=C(N2C(CN3C4=C(C=CC=C4)CC3)=NN=N2)C=C1)(=O)=O,0.005472375638782978
ClC1=C(N2CCN(CCC(NC3CCCC3)=O)CC2)C=CC=C1,0.0090144646121189
ClC1=CC(N2CCN(CCC(NC3CCCC3)=O)CC2)=CC=C1,0.008581295143812895
FC(C1=CC(N2CCN(CCC(NC3CCCC3)=O)CC2)=CC=C1)(F)F,0.004971298982854933
CN(CC1NC(=O)C2=C(C=CC=C2)N=1)CC(C1=C(C(F)(F)F)C=CC=C1)O,0.0017740047740517184
FC(C1=CC(Cl)=C(N2CCN(CCC(NC3CCCC3)=O)CC2)N=C1)(F)F,0.0038189623155631125
FC(OC1=CC=C(N2C(CN3CC(=O)NCC3)=NN=N2)C=C1)F,0.002005936810746789
COC1=CC(N2CCN(CC(C3=C(C(F)(F)F)C=CC=C3)O)CC2)=CC=C1,0.0023149432672653347
CN(CC(NC1=C(C)C=CC=C1C)=O)CC(C1=CC=C(OC(F)F)C=C1)O,0.00379239865578711
CC(C1=CC(Cl)=CC=C1)N1CCN(S(C2=C(C)ON=C2C)(=O)=O)CC1,0.005467911879532039
FC(OC1=CC=C(CN2CCC(N3C4=C(C=CC=C4)NC3=O)CC2)C=C1)F,0.002490989043144509
CN(CC1=C(Cl)C=CC(N(=O)=O)=C1)CCC(NC1CCCC1)=O,0.005189044459257275
C(C1SC=C(CN2CCN(CC3=NC=CC=C3)CC2)N=1)OC1=CC=CC=C1,0.008806905942037702
CC1ON=C(NC(CN2CCN(CC(C3=CC=C(OC(F)F)C=C3)O)CC2)=O)C=1,0.0018991466902662068
OC(C1=CC=C(OC(F)F)C=C1)CN1CCN(C2SC=CN=2)CC1,0.0016165617504157125
FC(C1=CC(Cl)=C(N2CCN(CCC(NC3CCCC3)=O)CCC2)N=C1)(F)F,0.004758853232488036
O=C(NC1CCCC1)CCN1C(C2=CC=CC=C2)CCC1,0.014179052179679274
CC(C1=CC(Cl)=C(F)C=C1)N1CCN(S(N)(=O)=O)CC1,0.005855408473871648
CCCNC(C1CCN(CC(C2=C(C(F)(F)F)C=CC=C2)O)CC1)=O,0.002113005699357018
O=C(N1CCOCC1)C1CCN(CCOC2=C(C#N)C=CC=C2)CC1,0.007577435486018658
CNC(C1=CC=C(CN(C2CC2)CC2=CC(C(N(C)C)=O)=CC=C2)C=C1)=O,0.011079993890598416
N#CC1=C(OCCN2CCC3(OCCO3)CC2)C=CC=C1,0.009577609761618078
COC1=C2C(C(CN(C2)CCC(NC2CCCC2)=O)O)=C(OC)C=C1,0.004566017701290548
O=C(NC1=CC=CC=C1)NCC1N(CCOC2=C(C#N)C=CC=C2)CCCC1,0.003662218002136797
COC1=C(NC(C2CCN(CCC(NC3CCCC3)=O)CC2)=O)C=CC=C1,0.00893306841608137
CCCCNC(C1CCN(C(C2=CC=C(Cl)C=C2)C)CC1)=O,0.008923425362445414
ClC1=CC(Cl)=C(C(N2CCN(CC3N=C(COC4=CC=CC=C4)SC=3)CC2)=O)C=C1,0.006268417066894472
CCCN(CC(C1=CC=C(OC(F)F)C=C1)O)CCO,0.003362690191715956
OC(C1=CC=C(OC(F)F)C=C1)CN1CCC(CN2CCCCCC2)CC1,0.0047007908811792735
CCCCCNC(C1CCN(C(C2=CC(F)=C(F)C=C2)C)CC1)=O,0.008737188531085849
O=C(N1CCN(CCOC2=C(C#N)C=CC=C2)CC1)CC1=CC=CC=C1,0.0069112354191020135
FC1=CC(C(C2CCN(CCC(NC3CCCC3)=O)CC2)=O)=C(F)C=C1,0.010999395092949272
O=C1N(CCN2CCN(C3=NC=C(C#N)C=C3)CC2)C(=O)CC1,0.0018591628497233615
CC1(C(=O)N(CCN2CCN(C3=NC=C(C#N)C=C3)CC2)C(=O)N1)C,0.001247941720066592
COC1=CC=C(CCCN(CC(NC(NC2CC2)=O)=O)C)C=C1,0.002463200670899823
O=S(C1=CC2=C(CCC2)C=C1)(NCC1=C2C(OCO2)=CC=C1)=O,0.007582685770466923
CCN(C1=CC=CC=C1)CC1N(C2=CC=C(S(C)(=O)=O)C=C2)N=NN=1,0.005120771424844861
CC(C1=CC(Cl)=C(F)C=C1)N1CCC(C2N3C(CCC3)=NN=2)CC1,0.007784210355021059
CC1=NC(NC(C2CCN(CCOC3=C(C#N)C=CC=C3)CC2)=O)=CC=C1,0.0052071033045649525
CC(C1=C(F)C=C(F)C=C1)N1CCC(C(NC2SC=CN=2)=O)CC1,0.004976290883496404
CC1=CC(NC(C2CCN(CCOC3=C(C#N)C=CC=C3)CC2)=O)=NC=C1,0.005131649086251855
CC(C1=CC(Cl)=C(F)C=C1)N1CCC(C(NC2=NC=CN=C2)=O)CC1,0.0064222479704767466
CCCC(N1CCN(C(C(C2=C(C)C(C(C)=O)=C(C)N2)=O)C)CCC1)=O,0.011427239701151847
CC(C1=C(F)C=C(F)C=C1)N1CC(C(NC2SC=NN=2)=O)CCC1,0.004642274789512157
CC1=C(N(=O)=O)C=CC=C1CN1CC(C(NC2SC=NN=2)=O)CCC1,0.004145903652533889
CCN(C1=C(C)C=CC=C1)CC1N(C2=CC=C(S(C)(=O)=O)C=C2)N=NN=1,0.005658790236338973
CCN(C1=CC(F)=CC=C1)CC1N(C2=CC=C(S(C)(=O)=O)C=C2)N=NN=1,0.0038935360964387654
CN(C1=C(C)C=CC(C)=C1)CC1N(C2=CC=C(S(C)(=O)=O)C=C2)N=NN=1,0.005521620134823024
CC1=CC(C2N(CC3N=C(C4=CN(C)N=C4)SC=3)CCC2)=CC=C1,0.011457957373932005
ClC1=CC=C(C(C2CCN(CCC(NC3CCCC3)=O)CC2)=O)C=C1,0.012622555205598473
OC(CN1CCC(C(C2=CC=C(Cl)C=C2)=O)CC1)COC1=CC=CC=C1,0.006160941277630627
OC(CN1CCC(C(C2=CC=C(Cl)C=C2)=O)CC1)COC1=CC=C(F)C=C1,0.005134458653628826
ClC1=CC=C(C(C2CCN(CCC(NC3CCCCC3)=O)CC2)=O)C=C1,0.012975866999477148
ClC1=CC=C(C(C2CCN(C(C3=CC=CC=C3)C(NC3CC3)=O)CC2)=O)C=C1,0.010721834655851126
COC1=CC=C(CCCN(CC(NC(N)=O)=O)C)C=C1,0.001913560542743653
CC(C(NC1CCCC1)=O)N1CCC(C(C2=CC=C(Cl)C=C2)=O)CC1,0.013164675468578935
ClC1=CC=C(C(C2CCN(CC(NC3CCCC3)=O)CC2)=O)C=C1,0.013259417563676833
CCCC(N1CCN(C(C(NC(NC(C)(C)C)=O)=O)C)CCC1)=O,0.002478217869065702
CCCC(N1CCN(C(C(NC2=CC(F)=C(F)C=C2)=O)C)CCC1)=O,0.007011549873277545
CCCC(N1CCN(C(C(NC2=C(Cl)C=CC=C2)=O)C)CCC1)=O,0.00806711446493864
CCCC(N1CCN(C(C(NC2=CC(Cl)=CC=C2)=O)C)CCC1)=O,0.007587003824301064
COC1=CC=C(CCCN(CCC(NC(N)=O)=O)C)C=C1,0.002008133806521073
COC1=CC=C(CCCN(C(C(NC(N)=O)=O)C)C)C=C1,0.002080178109463304
CCNC(NC(C(N(CCCC1=CC=C(OC)C=C1)C)C)=O)=O,0.0023568782838992775
CCNC(NC(CN(CCCC1=CC=C(OC)C=C1)C)=O)=O,0.0021539461216889323
CNC(NC(C(N(CCCC1=CC=C(OC)C=C1)C)C)=O)=O,0.0021769622049760073
CC1N=C(CN2CCN(C(CN3C4=C(C=CC=C4)CC3)=O)CC2)ON=1,0.008202986977994441
COCCCNC(C1CCN(C(C2=CC=CC=C2)C(N)=O)CC1)=O,0.006059570331126451
O=S(C1C2=C(N=CC=C2)NC=1)(N1CCN(CC2=CN=CC=C2)CC1)=O,0.0025422920589335263
O=S(C1C2=C(N=CC=C2)NC=1)(N1CCN(CC2N=CSC=2)CC1)=O,0.0021693458314985038
FC1=CC(CN2CCN(S(C3C4=C(N=CC=C4)NC=3)(=O)=O)CC2)=CC=C1,0.0021227385790552945
CC1C(CN2CCN(S(C3C4=C(N=CC=C4)NC=3)(=O)=O)CC2)=C(C)ON=1,0.0027012938808184117
FC1=C(CN2CCN(S(C3C4=C(N=CC=C4)NC=3)(=O)=O)CC2)C=CC=C1,0.0021497501933481545
NC(CN1CCN(S(C2C3=C(N=CC=C3)NC=2)(=O)=O)CC1)=O,0.001728564646327868
COC1=C(OC)C=C2C(N=C(NC2=O)CN(CC2OCCCC2)C)=C1,0.006075669289566576
CN(C1=CC=C(C(C)(C)C)C=C1)CC(NC1C(=O)NCCCC1)=O,0.00958562158048153
CN(C1=CC=C(C(C)(C)C)C=C1)CCC(NC(N)=O)=O,0.001920170959783718
CN(C1=CC=C(C(C)(C)C)C=C1)CC(NCCC#N)=O,0.005568105960992398
CN(C1=CC=C(C(C)(C)C)C=C1)CC1=C(Cl)SN=N1,0.010865276120603085
CN(C1=CC=C(C(C)(C)C)C=C1)CC1N=C2N(C=CC=C2)C(=O)C=1,0.00942609142512083
CN(C1=CC=C(C(C)(C)C)C=C1)CC(N(C(C#N)(C)C)C)=O,0.00970679266993102
CN(C1=CC=C(C(C)(C)C)C=C1)CC1NC(=O)C2=C(C3=C(O2)C=CC=C3)N=1,0.005273798666894436
CN(C1=CC=C(C(C)(C)C)C=C1)CC(N(C1CS(=O)(=O)CC1)C)=O,0.009979864908382296
CN(C1=CC=C(C(C)(C)C)C=C1)CC(NC(NC1CC1)=O)=O,0.0024672096071299164
CC(C1SC(S(OCC(F)(F)F)(=O)=O)=CC=1)NC(C)=O,0.004007512113457778
NS(C1=CC(F)=C(S(NC2CCCCCCC2)(=O)=O)C=C1)(=O)=O,0.00761804124340415
NS(C1=CC(F)=C(S(NC2CCCCCC2)(=O)=O)C=C1)(=O)=O,0.007201089709997177
CC(C1SC(S(NC2CC3=C(C=CC=C3)CC2)(=O)=O)=CC=1)NC(C)=O,0.005766429146751762
CC(C1SC(S(N2C(C(N)=O)CCC2)(=O)=O)=CC=1)NC(C)=O,0.0037837943295016886
CC(NCCC1SC(S(N2C(C(N)=O)CCC2)(=O)=O)=CC=1)=O,0.003561978053767234
CN(S(C1=C(N(=O)=O)C=C(C)C(C)=C1)(=O)=O)CC1=C(C(F)(F)F)C=CC=C1,0.004130961548071355
CCOC1CCN(S(CC23C(C)(C)C(CC2=O)CC3)(=O)=O)CC1,0.012083810567855836
CCCC(N1CCN(S(C2=CN(C)N=C2)(=O)=O)CCC1)=O,0.005780317680910229
CCCC(N1CCN(S(C2=CC(C)=C(OCCOC)C=C2)(=O)=O)CCC1)=O,0.00680244064424187
CCCC(N1CCN(S(C2=CC(S(C)(=O)=O)=CC=C2)(=O)=O)CCC1)=O,0.005518055218271911
CCCC(N1CCN(S(CCN2C3=C(C=CC=C3)N=C2)(=O)=O)CCC1)=O,0.005001264670863747
CCCC(N1CCN(S(C2=CC=C(C#N)C=C2)(=O)=O)CCC1)=O,0.005129231000319123
O=S(C1=CC2=C(OCCO2)C=C1)(NCC1=C2C(OCO2)=CC=C1)=O,0.006292992923408747
CCN1CC(NS(C2=CC=C(OC(F)(F)F)C=C2)(=O)=O)CCC1,0.0023363631102256478
CCN1CC(NS(C2=CC=C(C(F)(F)F)C=C2)(=O)=O)CCC1,0.0027589948091190307
CCN1CC(NS(C2=CC3=C(CCC3)C=C2)(=O)=O)CCC1,0.007515777321532369
CC(NC1=CC=C(CCO)C=C1)=O,0.004125159978866577
CN1CC(N2CCNCC2)CCC1,0.01327409278601408
CC1=CC=C(OCC2SC=C(C=O)N=2)C=C1,0.007533487101318315
CN(C1SC=C(C=O)N=1)C(C)=O,0.006881069703376852
C(C1SC2=C(C=CC=C2)N=1)SC1OC(C2=CC=CC=C2)=CN=1,0.007104073977097869
CC1CCN(C(C2=CC=CC=C2)CNS(CC2=CC=CC=C2)(=O)=O)CC1,0.0067646709270775315
CC1CCN(C(C2=CC=CC=C2)CNS(N2CCOCC2)(=O)=O)CC1,0.007973771030083298
CC1CCN(C(C2=CC=CC=C2)CNS(C2=CC3=C(NC(CC3)=O)C=C2)(=O)=O)CC1,0.004873992432840169
COCCOC1=C(CNS(C)(=O)=O)C=CC=C1,0.004328251554397866
COCCOC1=C(CNS(C2=CC=CC=C2)(=O)=O)C=CC=C1,0.004418169043492526
COC1=C(OC)C=C(S(NCC2(N(C)C)CC(C)CCC2)(=O)=O)C=C1,0.009542231261730195
BrC1=CC(C2(CCC2)CNS(CCN2C3=C(C=CC=C3)N=N2)(=O)=O)=CC=C1,0.006871377769857645
CC1=C(CN(S(C2=C(C)C=C(F)C=C2)(=O)=O)CC2=CN=CC=C2)C=CC=C1,0.006256087869405747
CC1=C(CN(S(C2=CC(S(C)(=O)=O)=CC=C2)(=O)=O)CC2=CN=CC=C2)C=CC=C1,0.005617369036190212
COC1=C(S(N(CC2=C(C)C=CC=C2)CC2=CN=CC=C2)(=O)=O)C=C(NC(C)=O)C=C1,0.0051159185590222474
CC1=C(CN(S(C2=CC3=C(CCC3)C=C2)(=O)=O)CC2=CN=CC=C2)C=CC=C1,0.00902705560438335
CN(S(C1=CC2=C(OCCCO2)C=C1)(=O)=O)CC1OCCCC1,0.009418625244870782
CCN1CC(NS(C2=CC(NC(C)=O)=CC=C2)(=O)=O)CCC1,0.004111050872597844
CCN1CC(NS(C2=CC(C(F)(F)F)=C(Cl)C=C2)(=O)=O)CCC1,0.002698087622411549
CCN1CC(NS(C2=CC=C(C(C)C)C=C2)(=O)=O)CCC1,0.006066132709383965
CCC1=C(C)SC(NCC2=C(OC)C=CC=C2)=N1,0.009060536278411746
CCC1=C(C)SC(NCC2=C(OC)C=CC=C2)=N1.Br,0.011087138624861836
CCC1=C(C)SC(CC(NC2=CC=C(C)C=C2)=O)=N1,0.006719752494245767
CCC1=C(C)SC(NCC2OC=CC=2)=N1,0.008612973894923926
CCC1=C(C)SC(CC(NC2=CC(C)=CC=C2)=O)=N1,0.006507951836101711
CCC1=C(C)SC(C2=CC(NC(C3CC3)=O)=CC=C2)=N1,0.006941931415349245
CCC1=C(C)SC(C2=CC=C(NC(C3CC3)=O)C=C2)=N1,0.007061691791750491
CCC1=C(C)SC(C2=CC=C(NC(C3CC3)=O)C=C2)=N1.Br,0.008404810610227288
CCC1=C(C)SC(NC2=NC=CC=C2)=N1,0.00673220232129097
OC1=CC(O)=C(C2N=C(CCC3=CC=CC=C3)SC=2)C=C1,0.005124362884089351
CS(NC1=CC=C(C2N=C(CCC3=CC=CC=C3)SC=2)C=C1)(=O)=O,0.004565369244664908
CC1=C(C(NC2=CC=CC=C2)=O)SC(CCC2=CC=CC=C2)=N1,0.007277421047911048
CC(N(C1=C(F)C=C(NC(C2NC(=O)C3=C(SC(=C3C)C)N=2)C)C=C1)C)C,0.0039047408499754965
O=C(N1CCCC1)C(C1=CC=CC=C1)NCC1=C2C(OCO2)=CC=C1,0.008969332417473197
Cl.O=C(N1CCCC1)C(C1=CC=CC=C1)NCC1=C2C(OCO2)=CC=C1,0.008409822639077903
CCOC(NC1=C(C)C(NC(CC(CC(O)=O)(C)C)=O)=CC=C1)=O,0.008144556288607418
CCOC(NC1=C(C)C(NC(C(NC2ON=C(C)C=2)=O)C)=CC=C1)=O,0.005599935632199049
CCOC(NC1=C(C)C(NC(C(NC2=C(C)C=C(C)C=C2)=O)C)=CC=C1)=O,0.007446777331642807
CCOC(NC1=C(C)C(NC(C(NC(C)(C)C)=O)C)=CC=C1)=O,0.006915081618353724
CCOC(NC1=C(C)C(NC(C(NC2=C(F)C=CC(F)=C2)=O)C)=CC=C1)=O,0.0053951462148688735
CCOC(NC1=C(C)C(NC(C(NC2=NOC(C)=C2)=O)C)=CC=C1)=O,0.0055495626525953416
CCOC(NC1=C(C)C(NC(C2=CC=CC=C2)C(NC2CC2)=O)=CC=C1)=O,0.006733068963512778
CCOC(NC1=C(C)C(NC(C(NC2=C(Cl)C=CC=C2)=O)C)=CC=C1)=O,0.005993406090419739
CCOC(NC1=C(C)C(NC(C(NC2=C(C)C=CC=C2)=O)C)=CC=C1)=O,0.007111860322766006
CCOC(NC1=C(C)C(NC(C(NC(N)=O)=O)C)=CC=C1)=O,0.0017205251671839506
CC1=CN2C(=NC(=CC2=O)CSCCS(C)(=O)=O)C=C1,0.0038266895106062295
CC1=C(NC(CCCSCCS(C)(=O)=O)=O)C(C)=CC=C1,0.0049643078818917274
CS(CCSCC1=C(Br)C=C2C(OCCO2)=C1)(=O)=O,0.009047860279679298
CN1C(=O)N(C)C(=O)C=C1CSCCS(C)(=O)=O,0.004452936374582351
COC1=CC=C(C2SC=C(CSCCS(C)(=O)=O)N=2)C=C1,0.005340545997023582
NC(NC(CCSCC1=C2C(C=CC=N2)=CC=C1Cl)=O)=O,0.000730553529865574
ClC1=CC2=C(N=CC=C2)C(CSCCC(NC2=CC3=C(OCO3)C=C2)=O)=C1,0.005018427898176014
CNC(NC(CCSCC1=C2C(C=CC=N2)=CC(Cl)=C1)=O)=O,0.000782088925188873
NC(NC(CCSCC1=CC=C(OC(F)F)C=C1)=O)=O,0.0007672627019928768
NC(NC(CCSCCOC1=C(C#N)C=CC=C1)=O)=O,0.0009156850763247348
CC1=CC(C)=C(N2C(SCC(C3=C(C(F)(F)F)C=CC=C3)O)=NN=N2)C=C1,0.0025759134790860117
CC1C2=C(C=CC=C2)N2C(=NN=C2SCC(C2=C(C(F)(F)F)C=CC=C2)O)C=1,0.003694929927587509
OC(C1=C(C(F)(F)F)C=CC=C1)CSC1N2C(C(=CC(C(F)(F)F)=C2)Cl)=NN=1,0.0031812330824323
OC(C1=C(C(F)(F)F)C=CC=C1)CN1C(=O)C2(CCCCCCC2)NC1=O,0.0011094362096628174
CC1(C2=CC3=C(C=CC=C3)C=C2)C(=O)N(CC(C2=C(C(F)(F)F)C=CC=C2)O)C(=O)N1,0.0008126660439302213
CCC1(C(=O)N(CC(C2=CC=C(OC(F)F)C=C2)O)C(=O)N1)CC,0.0007491070369724184
OC(C1=CC=C(OC(F)F)C=C1)CN1C(=O)C2C(CCCC2)C1=O,0.0014295936736743898
CC1(C2OC=CC=2)C(=O)N(CC(C2=C(C(F)(F)F)C=CC=C2)O)C(=O)N1,0.0008114606607705355
OC(C1=C(C(F)(F)F)C=CC=C1)CN1C(=O)C2=C(SC3=C2CCC3)N=C1,0.003262222302146256
CC1C(=O)N(CC(C2=CC=C(OC(F)F)C=C2)O)C(=O)N1C1=CC=CC=C1,0.0009597746873623691
CC1C(N(=O)=O)=C(C)N(CC(C2=C(C(F)(F)F)C=CC=C2)O)N=1,0.002616567094810307
CC1=NN2C(N(C(C3=C2C=CC=C3)=O)CC(C2=C(C(F)(F)F)C=CC=C2)O)=C1,0.003307258919812739
CCCN1C2=C(C=CC=C2)N(CC(C2=C(C(F)(F)F)C=CC=C2)O)C1=O,0.0024593386391643436
OC(C1=C(C(F)(F)F)C=CC=C1)CN1C2C3C(C=CC=2)=CC=CC=3C1=O,0.0031171296490356327
OC(C1=C(C(F)(F)F)C=CC=C1)CN1C2=C(C=CC=C2)N=C1CC1CS(=O)(=O)CC1,0.0022190513263922185
OC(C1=C(C(F)(F)F)C=CC=C1)CN1C(=O)OC(C2SC=CC=2)=N1,0.0022834226430859415
CCN1C2=C(C=CC=C2)N(CC(C2=CC=C(OC(F)F)C=C2)O)C1=O,0.0023761755903251467
OC(C1=CC=C(OC(F)F)C=C1)CN1C(=O)N(C2CC2)C=C(C#N)C1=O,0.0025728996202815323
OC(C1=C(C(F)(F)F)C=CC=C1)CN1C(=O)N(C2CC2)C=C(C#N)C1=O,0.0023810812912415714
CC1(C2=CC=C(C(F)(F)F)C=C2)C(=O)N(CC(C2=C(C(F)(F)F)C=CC=C2)O)C(=O)N1,0.0009550321949063801
OC(C1=C(C(F)(F)F)C=CC=C1)CN1C(=O)C(C(F)(F)F)=CC(C2CC2)=N1,0.0033082687528803944
NC1NC(C2N=C(COC3=CC=CC=C3)SC=2)N2C(=NC3=C2C=CC=C3)N=1,0.0034080410725437103
CC1=C2C(NC(C3N=C(COC4=CC=C(Cl)C=C4)SC=3)NC2=O)=CC=C1,0.00556690813973546
C(C1N=CSC=1)NC1C2C=NN(CC3=CC=CC=C3)C=2CCC1,0.011328853201121092
Cl.C(C1N=CSC=1)NC1C2C=NN(CC3=CC=CC=C3)C=2CCC1,0.011668832879513502
CCOC(N1CCC(NCC2=CC(OC)=C3C(OCO3)=C2)CC1)=O,0.006203720811754465
CNC(C1=CC=C(CNCC2C(C3=CC=C(C)C=C3)=NN(C3=CC=CC=C3)C=2)C=C1)=O,0.008068295172415673
Cl.CNC(C1=CC=C(CNCC2C(C3=CC=C(C)C=C3)=NN(C3=CC=CC=C3)C=2)C=C1)=O,0.0073650681879371405
COC1=CC=C(C2C(CNCC3N4C(CCCC4)=NN=3)=CNN=2)C=C1,0.00621421099640429
COC1=C2C(OCO2)=CC(CNCC2N3C(CCCC3)=NN=2)=C1,0.009296442987397313
C(C1N2C(CCCC2)=NN=1)NCC1=CC=C(N2CCOCC2)C=C1,0.008573379693552851
CC(C1C(CNCC2=C3C(OCO3)=CC=C2)=C(Cl)N(C)N=1)C,0.009839333267882467
CC(C1C(CNCC2=C3C(OCO3)=CC=C2)=C(Cl)N(C)N=1)C.Cl,0.009241942968219518
C(C1=CN=C(N2CCOCC2)N=C1)NCC1=C2C(OCO2)=CC=C1,0.006522532901726663
Cl.C(C1=CN=C(N2CCOCC2)N=C1)NCC1=C2C(OCO2)=CC=C1,0.0062505588168278335
COC(C1=CC=CC=C1)CNCC1=C(C)N(C2=C(F)C=C(F)C=C2)N=C1C,0.008659821748733521
COC(C1=CC=CC=C1)CNCC1=C(C)N(C2=CC=C(Cl)C=C2)N=C1C,0.010633400827646255
COC(C1=CC=CC=C1)CNCC1C(C2=CC=C(OC)C=C2)=NNC=1,0.007077993010170758
COC(C1=CC=CC=C1)CNCC1=C(Cl)N(CC2=CC=CC=C2)N=C1C,0.01060512657277286
COC(C1=CC=CC=C1)CNCC1=C(Cl)N(C2=CC=CC=C2)N=C1C,0.009661578899249434
COC(C1=CC=CC=C1)CNCC1C(C(C)C)=NN(C2=CC=CC=C2)C=1,0.011943007307127117
CC(C(C(NC1=CC=C(CCO)C=C1)=O)NC(N)=O)C,0.002176610491005704
CC(C1C(C=CC(C2=CC=C(N(=O)=O)C=C2)=O)=CNN=1)(C)C,0.004562534159049392
COC(C(C#N)=CC1C(C(C)(C)C)=NNC=1)=O,0.004796630726195872
CC(C1C(C=CC(C2=CC(N(=O)=O)=C(Cl)C=C2)=O)=CNN=1)(C)C,0.004831498931162059
CC(C1C(C=C(C2=NC=CC=C2)C#N)=CNN=1)(C)C,0.005374878935981542
CC(NC1=CC(C(C=CC2C(C(C)(C)C)=NNC=2)=O)=CC=C1)=O,0.006679825810715556
CC(C1C(C=CC(C2OC3=C(C=CC=C3)C=2)=O)=CNN=1)(C)C,0.008682932844385505
CC(C1C(C=C(C2SC3=C(C=CC=C3)N=2)C#N)=CNN=1)(C)C,0.00502420065458864
CC(C1C(C=CC2SC3=C(C=C(N(=O)=O)C=C3)N=2)=CNN=1)(C)C,0.002978655241895467
CC(C1C(C=C2C(=O)N(C3=CN=CC=C3)C(=S)S2)=CNN=1)(C)C,0.006367653305642307
CC(C1C(C=C(C(C2C3=C(C=CC=C3)NC=2)=O)C#N)=CNN=1)(C)C,0.00642542471177876
CC1C(C=C(S(C2=C(Cl)C=CC(Cl)=C2)(=O)=O)C#N)=C2N(C(C3=C(N2)C=CC=C3)=O)N=1,0.0028853044670540838
COC1=CC=C(NC(C(C#N)=CC2C(C(C)(C)C)=NNC=2)=O)C=C1,0.004202615760732442
CCCC1=CC=C(C(C(C#N)=CC2C(C(C)(C)C)=NNC=2)=O)C=C1,0.007997774449177087
CC(C1C(C=C2C(=O)N=C(N3CCCCC3)S2)=CNN=1)(C)C,0.0047447435092180966
CN(C(COC1=CC=C(C(C=CC2N=C3N(C=CC=C3)C=2)=O)C=C1)=O)C,0.007791401608847082
CC(OC1SC(SCC(NC2=NC=C(Cl)C=C2)=O)=NN=1)C,0.004397040139883757
CC(OC1SC(SCC2=CC=C(C)C=C2)=NN=1)C,0.012266524555161595
CC(OC1SC(SC(C(N(CC2=CC=CC=C2)C)=O)C)=NN=1)C,0.010305671952664852
CC(OC1SC(SC(C(NC(N)=O)=O)C(C)C)=NN=1)C,0.0020167707465589047
CC(OC1SC(SCC(NC2SC=C(C)N=2)=O)=NN=1)C,0.006089896452613175
CC(OC1SC(SCC(N(CC2=CC=C(N(C)C)C=C2)C)=O)=NN=1)C,0.008437855308875442
CC(OC1SC(SC2C(=O)NCCCC2)=NN=1)C,0.008176669292151929
FC1=C(CSC2N=C(C3=CN=CC=C3)NN=2)C=CC=C1,0.002428547741146758
CCOC(C1C(C2=CC=CC=C2)=C(C)SC=1NC(CSC1N=C(C2=CN=CC=C2)NN=1)=O)=O,0.0032869804417714477
C(C=CC1=CC=CC=C1)SC1N=C(C2=CN=CC=C2)NN=1,0.0039454488782212135
CC(OC(N1C2CC(CC1CC2)O)=O)(C)C,0.004924026480875909
CC1C(C(O)=O)C2C(N(C(=O)C2C=C1)CC1=CC=CC=C1)=O,0.004685281286947429
CC(OC1=CC=C(C(N(C2=CC=CC=C2)C2SCCN=2)=O)C=C1)C,0.007614144962280989
CC(N(C1=CC=C(NC2=CC=CC=C2)C=C1)C(CCC1=C(C)N2C(=NC(C(F)(F)F)=N2)N=C1C)=O)C,0.0046356828417629
CCNC(NC(C(SC1OC(C2=CC=CC=C2)=CN=1)C)=O)=O,0.0011363599449396133
C(C1OC(C2=CC=CC=C2)=CN=1)SC1OC(C2=CC=CC=C2)=CN=1,0.008216215367428958
CC(C(NCC1=CC=C(F)C=C1)=O)SC1OC(C2=CC=CC=C2)=CN=1,0.004500059760175645
CC1=C(C)OC(CSC2N3C(N(C(C4=C3C=CC=C4)=O)CC=C)=NN=2)=N1,0.006591071817092597
CC1=C(C)OC(CN2C(=O)C(C3=CC=C(OC(F)F)C=C3)(C)NC2=O)=N1,0.001205596124054864
CCOC1SC(CN2C3=C(N(C(N(C3=O)C)=O)C)N=C2)=NN=1,0.006116835656575859
CC1SC(CSC2N(N)C(C3=C(Cl)C=C(Cl)C=C3)=NN=2)=CN=1,0.004441411921288818
CCOC1SC(CSC2N(C3=CC(C(F)(F)F)=CC=C3)C(C3=CC=C(OC)C=C3)=NN=2)=NN=1,0.006276292982511223
COC1=C(N2C(SCC3OC(C)=C(C)N=3)=NN=C2COC2=C(C3=CC=CC=C3)C=CC=C2)C=CC=C1,0.007935880147852004
COCCN1C(=O)C2=C(C=C(C=C2)Cl)N=C1SCCN1N=CC=C1,0.0069812898291274905
COCCN1C(=O)C2=C(C=C(C=C2)Cl)N=C1SCC1OC(C)=C(C)N=1,0.0063166218809783455
CCN1C(C2=CC=NC=C2)=NN=C1SCC1N(C(OC(C)(C)C)=O)C(C)(C)OC1,0.00775122435297817
CC1SC(CSC2N3C(N(C(C4=C3C=CC=C4)=O)C3=CC=C(C)C=C3)=NN=2)=CN=1,0.00761767434887588
CC1=C(C)OC(CN2C(=O)C3(C4=C(C=CC=C4)OCC3)NC2=O)=N1,0.0017837424529716372
CC1=C(C)OC(CN2C(=O)C(C3=CC4=C(OCO4)C=C3)(C)NC2=O)=N1,0.0017223080270923675
FC1=CC=C(C2N(CC3OCCC3)C(SCCN3N=CC=C3)=NN=2)C=C1,0.007563937455415726
CC1N(C2=CC(C)=CC=C2)C(SCC2=CC(Cl)=NC(Cl)=C2)=NN=1,0.007652404950931668
COCCCN1C(=O)C2=C(C=C(C=C2)Cl)N=C1SCCN1N=CC=C1,0.0065242968499660495
COCCCN1C(=O)C2=C(C=CC=C2)N=C1SCC1OC(C)=C(C)N=1,0.006701928190886974
CC1=C(C)OC(CSC2SC(SCC3OC(C)=C(C)N=3)=NN=2)=N1,0.011014669202268124
CC1SC(COC2=CC=C(C3=CC=C(C#N)C=C3)C=C2)=CN=1,0.007882486865855753
CC(C1=C(C)C=C(C)C=C1C)SC1N(C)N=NN=1,0.010055996710434556
CC(OC(N1C(C)(C)OCC1CSC1N(N)C(C(F)(F)F)=NN=1)=O)(C)C,0.0041141794761642815
COC1=CC=C(N2C(SCC3SC(C)=NC=3)=NC=C2)C=C1,0.006750150839798153
COC1=C(NC2SC(SCC3SC(C)=NC=3)=NN=2)C=CC=C1,0.007346027973107993
C(SC1=C2C(SC(C3=CC=CC=C3)=C2)=NC=N1)CN1N=CC=C1,0.0070730633800849315
CC1=C(C)OC(CSC2N(CC3=CN=CC=C3)C(=O)C3=C(C=CC=C3)N=2)=N1,0.007068852218799293
ClC1=NC(Cl)=CC(CSC2SC(=S)N(C3=CC=CC=C3)N=2)=C1,0.008448534714989363
CC(OC(N1C(C)(C)OCC1CSC1OC(CC2=CC=CC=C2)=NN=1)=O)(C)C,0.007661220896989107
CC1SC(CSC2N(CC=C)C(COC3=C(F)C=CC=C3)=NN=2)=CN=1,0.008879700163379311
CC1SC(CSC2N(C)C(COC3=C(Cl)C=CC=C3)=NN=2)=CN=1,0.009151300857774913
CC(C1=C(C)C=C(C)C=C1C)SC1N(C)C(C2=C(C)OC=C2)=NN=1,0.018376947753131388
CC(C1=CC=C(OCC2N(N)C(SCC3=CC(Cl)=NC(Cl)=C3)=NN=2)C=C1)(C)C,0.006388250691816211
COC1=C(C2N(CC=C)C(SCC3OC(C)=C(C)N=3)=NN=2)C=CC=C1,0.008175308210775256
CN(S(C1=CN(CC2=CC(Cl)=NC(Cl)=C2)C(=O)C=C1)(=O)=O)C,0.005729005835019052
CCN1C2=C(C=C(S(N)(=O)=O)C=C2)N=C1SCCN1N=CC=C1,0.004524818039499223
CC1SC(CSC2=C(C#N)C(C(F)(F)F)=CC(C)=N2)=CN=1,0.0034400996984913943
CC1SC(CSC2N(C3=C(C)C(Cl)=CC=C3)C=CN=2)=CN=1,0.006039176881313324
CCOC1SC(CSC2N(C3=C(C)C(Cl)=CC=C3)C=CN=2)=NN=1,0.005301425349898636
CC1=C(C)OC(COC2=C(N(=O)=O)C=CC(C)=C2)=N1,0.004658211627975107
CCOC1SC(CSC2N(C)C(C3=CC=CC=C3)=CN=2)=NN=1,0.006930453353561461
CC1SC(CSC2=NC=C(S(N3CCOCC3)(=O)=O)C=C2)=CN=1,0.004105949215590954
CCC(CC1C2=C(N=C(NC2=O)SCCN2N=CC=C2)SC=1C)C,0.006069175736047328
CN(C(C1=CC=CC=C1)=NC1=CC2=C(C=CC=C2)C=C1)C(C1=CC=C(N2C(=O)CCC2=O)C=C1)=O,0.002623141196090728
CC1=C(N2C(N3CCOCC3)=NN=C2SCCN2N=CC=C2)C=CC=C1,0.007630065060220658
CC1=CC(N2C(N3CCOCC3)=NN=C2SCCN2N=CC=C2)=CC=C1,0.007310091308318079
CC(CN1C(N2CCOCC2)=NN=C1SCC1=CC(Cl)=NC(Cl)=C1)C,0.007621618336997926
CC1=CC=C(N2C(N3CCOCC3)=NN=C2SCCN2N=CC=C2)C=C1,0.007460282160900533
CC(OC(N1C(C)(C)OCC1CSC1OC(CC2CS(=O)(=O)CC2)=NN=1)=O)(C)C,0.007194279879331589
ClC1=NC(Cl)=CC(CSC2SC(NCC3OCCC3)=NN=2)=C1,0.006741130165755749
CC1SC(CSC2SC(NCC3=CC=C(F)C=C3)=NN=2)=CN=1,0.0058288905071094636
FC1=CC=C(CNC2SC(SCC3=CC(Cl)=NC(Cl)=C3)=NN=2)C=C1,0.005617619701661169
CCN1C(SC(C2=C(C)C=C(C)C=C2C)C)=NC=C1,0.01287751249037683
CC1=C(C)OC(CSC2N(CC3OC=CC=3)C(CCC(N)=O)=NN=2)=N1,0.006343270256184042
CC(NC1=CC(NC2SC(SCCN3N=CC=C3)=NN=2)=CC=C1)=O,0.0054926590761169795
CC(NC1=CC(NC2SC(SCC3OC(C)=C(C)N=3)=NN=2)=CC=C1)=O,0.005008322885259986
CC(C1=C(C)C=C(C)C=C1C)SC1N2C(C=C(N=C2C)C)=NN=1,0.012679076427593828
CN(C(C1=CC=CC=C1)=NC1=CC2=C(C=CC=C2)C=C1)C(C1=NC=C(C)N=C1)=O,0.00534050214337185
COC(N(CC(NCCCC1N(C2CCCC2)C(SC)=NN=1)=O)C)=O,0.0068664609920233485
CCC1N(CC(N(C2SCCN=2)CC(C)C)=O)C2=C(C=CC=C2)N=1,0.004723497736267746
COC1=CC(N2C(=O)CC(C(N(C3=CC=CC=C3)C3SCCN=3)=O)C2)=CC=C1,0.006107731140218675
CC1=CC=C(C2SC=C(C(N(C3=CC=CC=C3)C3SCCN=3)=O)N=2)C=C1,0.004898756579495967
O=C(C1=CC=C(C2=CC=CC=C2)C=C1)N(C1=CC=CC=C1)C1SCCN=1,0.0072263508103787896
CCCN(C(C1OC(S(N2CCCCC2)(=O)=O)=CC=1)=O)CC(N(C)C)=O,0.007476612646132708
CCCN(C(C1CCN(S(C2=CC3=C(CCC3)C=C2)(=O)=O)CC1)=O)CC(N(C)C)=O,0.009661529469303787
CCCN(C(C1=C2C(C=CC=C2)=NC(C2OC=CC=2)=C1)=O)CC(N(C)C)=O,0.009119328530505299
CCOC(CN(C(CN1C2=C(C=CC=C2)N=C1C)=O)C(C)C)=O,0.005871334252879024
CCOC(CN(C(C1OC(S(N2CCOCC2)(=O)=O)=CC=1)=O)C(C)C)=O,0.00739307189360261
CCOC(CN(C(C1=CC(S(NC(C)(C)C)(=O)=O)=C(OC)C=C1)=O)C(C)C)=O,0.006747307488694787
CCOC(CN(C(C=CC1=CC(OC)=C(OCC=C)C=C1)=O)C(C)C)=O,0.012435331428423523
CC(C1=CC(NC(C)=O)=CC=C1)OC(CC1N=C(C2OC(C)=CC=2)SC=1)=O,0.00610960389021784
CC(C1=CC(NC(C)=O)=CC=C1)OC(CCOC1=CC(C)=CC(C)=C1)=O,0.008866966981440783
CC(C1=CC(NC(C)=O)=CC=C1)OC(C1=CC=C(CN2N=CN=C2)C=C1)=O,0.005603241221979261
CC(C1=CC(NC(C)=O)=CC=C1)OC(CCSC1=CC(C)=C(C)C=C1)=O,0.007895767502486706
CC(C1=C(C)C=C(OCC(OC(C2=CC(NC(C)=O)=CC=C2)C)=O)C=C1)C,0.00880898421164602
CC(C1=CC(NC(C)=O)=CC=C1)OC(CCN1C(=O)C2=C(C=CC=C2)C1=O)=O,0.004982825741171837
CCCN(C(CCOC1=CC(C)=CC(C)=C1)=O)CC#N,0.008517600420921667
CCCN(C(C1=C2C(ON=C2C)=NC(C2=C(C)OC(C)=C2)=C1)=O)CC#N,0.007089457081883665
CCCN(C(C1=C2C(ON=C2C)=NC(C2=CC=C(F)C=C2)=C1)=O)CC#N,0.0051596260439509935
CCCN(C(C1=CC(S(N(C)C)(=O)=O)=C(C)C(C)=C1)=O)CC#N,0.004923274719351412
CCCN(C(C1=CC2=C(C(N(C2=O)CCCOC)=O)C=C1)=O)CC#N,0.0034267276513560317
CCCN(C(C1SC2=C(CCCCCC2)C=1)=O)CC#N,0.009739577438725177
CCCN(C(C1CCN(S(C2=CC=C(C)C=C2)(=O)=O)CC1)=O)CC#N,0.004682535798542631
CCCN(C(CC1=CC(Cl)=C(Cl)C=C1)=O)CC#N,0.006554482769649183
O=C(C1OC(S(N2CCCCC2)(=O)=O)=CC=1)NC1=CC=C(C2N=NSC=2)C=C1,0.004165389831177891
O=C(C1(C2=CC=CC=C2)CCOCC1)NC1=CC=C(C2N=NSC=2)C=C1,0.00665294136852026
O=C(C1CN(C(C2SC=CC=2)=O)CCC1)NC1=CC=C(C2N=NSC=2)C=C1,0.005348624219186604
O=C(NC1=CC=C(C2N=NSC=2)C=C1)CCC1=CC2=C(OCO2)C=C1,0.006533166696317494
CC1=C(SCC(NC2=CC=C(C3N=NSC=3)C=C2)=O)C=CC(Br)=C1,0.0066299385391175745
CN(S(C1SC=CC=1)(=O)=O)CC(NC1=CC=C(C2N=NSC=2)C=C1)=O,0.00358881785068661
ClC1=C(N2C(=O)CC(C(NC3=CC=C(C4N=NSC=4)C=C3)=O)C2)C=CC=C1,0.005666531366296112
COC1=C(OCC=C)C=CC(C=CC(NC2=CC=C(C3N=NSC=3)C=C2)=O)=C1,0.0070846438175067306
FC1=CC2=C(C(=C(C(NC3=CC=C(C4N=NSC=4)C=C3)=O)S2)Cl)C=C1,0.004031768452841788
CC1(N(C(COCCOC2=CC=CC=C2)=O)CCOC1)C,0.00929231639020145
COC1=CC(CCC(N2C(C)(C)COCC2)=O)=C(OC)C=C1,0.011015945812687278
CN1C2=C(C(N(C=N2)CCC(N2C(C)(C)COCC2)=O)=O)C=N1,0.007555483677424491
CC1(N(C(CCC2=CC3=C(OCO3)C=C2)=O)CCOC1)C,0.011410107649862767
COC1=CC=C(C2N=C(CCC(N3C(C)(C)COCC3)=O)ON=2)C=C1,0.009144659573212265
CC1(N(C(CCN2C(=O)C3=C(C=CC=C3)N=N2)=O)CCOC1)C,0.005694277491420508
CC1=C(C(N2C(C)(C)COCC2)=O)C=CC(C2=CC(Br)=CC=C2)=N1,0.01188868279568851
CC1C(=O)N(CCC(N2C(C)(C)COCC2)=O)C2=C(C=CC=C2)O1,0.010790887475013732
CC1(N(C(CC2=CC3=C(OCCO3)C(Cl)=C2)=O)CCOC1)C,0.0102150225546211
COC1=CC(OC)=CC(CCC(N2C(C)(C)COCC2)=O)=C1,0.011073635844513773
CC1(N(C(CN2N=C(COC3=CC=CC=C3)N=N2)=O)CCOC1)C,0.0064429777907207605
CC1(N(C(CCN2C3=C(C=CC=C3)OCC2=O)=O)CCOC1)C,0.009405231568962336
CON(S(C1=CC(C(N2C(C)(C)COCC2)=O)=CC=C1)(=O)=O)C,0.0016927175427554175
COC1=C(S(N(C)C)(=O)=O)C=C(C(N2C(C)(C)COCC2)=O)C=C1,0.006709253089502454
CC1(N(C(C2=CC=C(OCC3OCCC3)C=C2)=O)CCOC1)C,0.012207521637901664
COC1=C(OC)C=C(CCC(N2C(C)(C)COCC2)=O)C=C1,0.012698345398530365
COC1=C(OC(F)F)C=CC(C(N2C(C)(C)COCC2)=O)=C1,0.0077407266944646835
CC1=C(C)C(S(N2CCC(C(N3C(C)(C)COCC3)=O)CC2)(=O)=O)=C(C)C(C)=C1,0.009140298888087272
CCOC(C1C(C)=C(C(N2C(C)(C)COCC2)=O)NC=1C)=O,0.005662812828086316
CC1(N(C(CCN2C(=O)C3=C(C=CC=C3)C2=O)=O)CCOC1)C,0.004717565700411796
CCN(S(C1=CC(C(N2C(C)(C)COCC2)=O)=CC=C1)(=O)=O)CC,0.006907827104441822
COC1=C(OC)C=C(C(N2C(C)(C)COCC2)=O)C=C1,0.01257479190826416
COC1=C(OC)C(OC)=CC(CCC(N2C(C)(C)COCC2)=O)=C1,0.013583806017413736
CC1(N(C(C2=CC(S(N3CCCCCC3)(=O)=O)=C(Cl)C=C2)=O)CCOC1)C,0.007479601516388356
CC1(N(C(C2=C(Cl)C3=C(C=CC=C3)S2)=O)CCOC1)C,0.00727094376925379
COC1=C(OCC(N2C(C)(C)COCC2)=O)C=CC=C1,0.012531356886029243
CCOC1=C(OCC(N2C(C)(C)COCC2)=O)C=CC=C1,0.013249763101339341
O=C(C1=NN(C2=CC=CC=C2)N=C1)N(C1=CC=CC=C1)C1CCCCC1,0.010993134649470448
CC(N(C1=CC=C(NC2=CC=CC=C2)C=C1)C(C1=CN=C(C)C=C1)=O)C,0.009241992863826454
CN(S(C1=C(NC(C2=C3C(N(N=C3C)C)=NC(C3OC=CC=3)=C2)=O)C=CC=C1)(=O)=O)C,0.005843260558322072
CN(C1=C(F)C=CC=C1F)C(C1=CC=C(OS(C2=C(C)C=CC(C)=C2)(=O)=O)C=C1)=O,0.00856043971143663
CCN(CCN(C1=CC(Br)=CC=C1)C(CC1=C(OC)C=CC(C(C)=O)=C1)=O)CC,0.015491807879880071
CC(NC1=C2C(CCCN2C(C2=C3C(ON=C3C)=NC(C3=C(C)OC(C)=C3)=C2)=O)=CC=C1)=O,0.0070350772701203825
CC(NC1=C2C(CCCN2C(C2CN(C(C3OC=CC=3)=O)CCC2)=O)=CC=C1)=O,0.008436900237575174
CC(NC1=C2C(CCCN2C(C2CCN(S(C3=C(F)C=CC(F)=C3)(=O)=O)CC2)=O)=CC=C1)=O,0.004704389034304768
CCCCCC(NC1=CC(CN2C(C(N)=O)CCC2)=CC=C1)=O,0.00781844521407038
COC1=C(OC)C(OC)=CC(CC(NC2=CC(CN3C(C(N)=O)CCC3)=CC=C2)=O)=C1,0.00810779705643654
CC1N(C2=CC=C(C)C=C2)N=NC=1CC(NCC(NC1=CC(F)=C(F)C=C1)=O)=O,0.005665814015083015
CC(N(C1=CC=C(NC2=CC=CC=C2)C=C1)C(CN1C(=O)SCC1)=O)C,0.006730492203496396
CC(N(C1=CC=C(NC2=CC=CC=C2)C=C1)C(C1=CC(S(N(C)C)(=O)=O)=C(C)C(C)=C1)=O)C,0.006273341877385974
CC(N(C1=CC=C(NC2=CC=CC=C2)C=C1)C(C1OC(CS(C2=CC=CC=C2)(=O)=O)=CC=1)=O)C,0.007236522901803255
FC1=CC(NC(C2=CC(Br)=CC=C2)=O)=C(NC(C2=NC=CC=C2)=O)C=C1,0.006444133259356022
CN(S(C1=C(NC(CCCC2SC=CC=2)=O)C=CC=C1)(=O)=O)C,0.004363727662712336
CN(S(C1=C(NC(CCNC(C2=CC=CC=C2)=O)=O)C=CC=C1)(=O)=O)C,0.0044634526129812
CC(CN1C(Cl)=C(C=CC(N(C2SC=C(C)N=2)CC(F)(F)F)=O)C(C)=N1)C,0.00631769738974981
CC(C1=CC=CC=C1)N(C1=CC=CC=C1)C(CC1=C(C)N2C(=NC(C(F)(F)F)=N2)N=C1C)=O,0.0058703036978840824
COC1=C(OCCCC(NC2=CC(OCCC(N)=O)=CC=C2)=O)C=CC(C#N)=C1,0.0055999011034145955
CCN(C(C1=CC(OC)=C(Br)C(OC)=C1)=O)C1CN(C(C2=CC=CC=C2)C)CC1,0.013141388865187764
CCN(C(CN1C(=O)C2(C3=C(C=CC=C3)CC2)NC1=O)=O)C1CN(C(C2=CC=CC=C2)C)CC1,0.00345384469255805
CN(C1=C(F)C=CC=C1F)C(C1C(N(=O)=O)C1)=O,0.006519522401504219
CCCN1C2=C(C=CC=C2)N(CCC(N(C2=C(F)C=CC=C2F)C)=O)C1=O,0.0048625182476826016
CN(C1=C(F)C=CC=C1F)C(C1=CC=C(C(C)(C)C)C=C1)=O,0.009143557492643594
CN(C1=C(F)C=CC=C1F)C(C=CC1=CC(F)=CC=C1)=O,0.007621618662960827
CCN(CCN(C1=CC(Br)=CC=C1)C(C1=CC=C(S(C(C)C)(=O)=O)C=C1)=O)CC,0.01107502905651927
CCN(CCN(C1=CC(Br)=CC=C1)C(C1=CC(Cl)=NC=C1)=O)CC,0.010306203505024314
CCN(CCN(C1=CC(Br)=CC=C1)C(C1C2=C(C=CC=C2)C(=O)N(C(C)C)N=1)=O)CC,0.010772081650793552
CN(CCN(C1=CC(Br)=CC=C1)C(C1N=NN(C2=CC=CC=C2)C=1)=O)C,0.009009346645325423
CN(CCN(C1=CC(Br)=CC=C1)C(C1ON=C(C2=CC=C(C)C=C2)C=1)=O)C,0.010122969979420304
CN(CCN(C1=CC(Br)=CC=C1)C(C1=CC(NC(C2OCCC2)=O)=CC=C1)=O)C,0.009320466592907906
CN(CCN(C1=CC(Br)=CC=C1)C(C1=C(F)C=CC(Br)=C1)=O)C,0.012578660575672983
CC(N1C2=C(C(C(N(C3SCCN=3)C)=O)=CC(C3=CC=CC=C3)=N2)C=N1)C,0.006231653084978461
CC(NC1=C2C(CCCN2C(C2=NOC(C3=CC=CC=C3)=C2)=O)=CC=C1)=O,0.007445705309510231
CC(NC1=C2C(CCCN2C(C2=C(C)N=C(C3=CC=CC=C3)S2)=O)=CC=C1)=O,0.006094140699133277
NC(C1N(CC2=CC(NC(CCCC3=CC=CC=C3)=O)=CC=C2)CCC1)=O,0.00885735391639173
NC(C1N(CC2=CC(NC(C3=C(F)C=C(Cl)C=C3)=O)=CC=C2)CCC1)=O,0.004846274538431316
CC(C1=CC=CC=C1)(C(NC1=CC(CN2C(C(N)=O)CCC2)=CC=C1)=O)C,0.008892320492304862
NC(C1N(CC2=CC(NC(CC3C4=C(C=C5C(=C4)CCC5)OC=3)=O)=CC=C2)CCC1)=O,0.009212254034355282
NC(C1N(CC2=CC(NC(CCCC3SC=CC=3)=O)=CC=C2)CCC1)=O,0.007022418989799916
NC(C1N(CC2=CC(NC(C=CC3=CC=CC=C3)=O)=CC=C2)CCC1)=O,0.0070464052492752675
NC(C1N(CC2=CC(NC(C3=CC(S(N4CCCC4)(=O)=O)=CC=C3)=O)=CC=C2)CCC1)=O,0.004828741401433944
NC(C1N(CC2=CC(NC(CC3=C(Cl)C=CC=C3F)=O)=CC=C2)CCC1)=O,0.005086278531234711
CC1=CC(C(NC2=CC(CN3C(C(N)=O)CCC3)=CC=C2)=O)=CC(C)=C1,0.0077863520244136454
CCC1=CC=C(C(NC2=CC(CN3C(C(N)=O)CCC3)=CC=C2)=O)C=C1,0.007695127208717167
NC(C1N(CC2=CC(NC(C3=C4C(C=CC=C4)=NC(C4=CC=C(F)C=C4)=C3)=O)=CC=C2)CCC1)=O,0.004318787006195634
CC(C(NC1=CC(CN2C(C(N)=O)CCC2)=CC=C1)=O)OC1=CC=CC=C1,0.007213026192039252
CC1=CC(OCC(NC2=CC(CN3C(C(N)=O)CCC3)=CC=C2)=O)=CC=C1,0.007110249833203852
CCOC1=CC=C(S(N2CCC(C(N(C3=C(C#N)C=CC=N3)C)=O)CC2)(=O)=O)C=C1,0.004258685628883541
CNS(C1=CC(NC(C(OC2=CC(C(C)(C)C)=CC=C2)C)=O)=C(C)C=C1)(=O)=O,0.006204146798700095
CNS(C1=CC(NC(C2=C(C)N=C(C3=CC=C(C(F)(F)F)C=C3)S2)=O)=C(C)C=C1)(=O)=O,0.0027431041526142508
CSC1=CC=C(C=CC(C2=C(C)N(C3=CC=C(C)C=C3)N=N2)=O)C=C1,0.01234301128424704
CC1N(C2=CC=C(C)C=C2)N=NC=1C(C=CC1N(C)N=CC=1)=O,0.011827902821823954
COC1=C(OC)C=C(C=CC(C2=C(C)N(C3=CC=C(C)C=C3)N=N2)=O)C(Br)=C1,0.012788171553984285
COC1=C(OC(F)F)C(C=CC(C2=C(C)N(C3=CC=C(C)C=C3)N=N2)=O)=CC=C1,0.008291329955682158
CC1N(C(C2=CC(NC(CCN3C=NC=C3)=O)=CC=C2)=O)C2=C(C=CC=C2)C1,0.005390555248595774
CC(C1=CC=CC=C1)NC(C1=CC(NC(CCN2C=NC=C2)=O)=CC=C1)=O,0.004611109383404255
O=C(NC1=CC(C(NC2CCCCC2)=O)=CC=C1)CCN1C=NC=C1,0.0053079815348610285
CC1N(C2=CC=C(CC(NC3CCCCC3)=O)C=C2)C(C)=CC=1,0.012986550945788622
CSC1N2C(C=CC=C2)=C(C(NC2=CC(Br)=CC=C2)=O)N=1,0.0053384243976324795
COC1=C(NC(C2=CC(NC(CCN3C=NC=C3)=O)=CC=C2)=O)C=CC=C1,0.004180547187570482
CC1C(N(=O)=O)=C(C(NC2=C(C)C=C(C)C=C2)=O)N(C)N=1,0.005508063500747085
CSC1N2C(C=CC=C2)=C(C(NC2=C(C)C=C(C)C=C2)=O)N=1,0.005233981413766742
CSC1N2C(C=CC=C2)=C(C(NC2=CC(C)=C(C)C=C2)=O)N=1,0.005276886536739767
FC1=CC=C(NC(C2=CC(NC(CCN3C=NC=C3)=O)=CC=C2)=O)C=C1,0.0032357726478949187
ClC1=C(NC(C2=CC(NC(CCN3C=NC=C3)=O)=CC=C2)=O)C=CC=C1,0.003908156382385642
ClC1=CC(NC(C2=CC(NC(CCN3C=NC=C3)=O)=CC=C2)=O)=CC=C1,0.0037662660819478334
ClC1=CC=C(NC(C2=CC(NC(CCN3C=NC=C3)=O)=CC=C2)=O)C=C1,0.003732836083509028
FC1=C(NC(C2=CC(NC(CCN3C=NC=C3)=O)=CC=C2)=O)C=CC=C1,0.0037509136134758593
