SMILES,HIT
C(C(=O)N(C1CCCCC1)CC(N(CC1=CC=C(F)C=C1)CC1=CC=C(C)S1)=O)CC1C=CC=CC=1,0.009009846765547991
C1(C(=O)N(CCOC)CC(=O)N(CCC2C=CC(OC)=C(OC)C=2)CC2=CC=C(C)O2)C=CC(=CC=1)F,0.008689456596039235
C(C(=O)N(CCCC)CC(=O)N(CCC1C=CC(OC)=C(OC)C=1)CC1=CC=C(C)O1)CC1C=CC=CC=1,0.012408733135089278
C(CN(CC(C)C)C(=O)C1C=CC(=CC=1)Cl)(=O)NC1=CC(=NN1C1C=CC(C)=CC=1C)C(C)(C)C,0.006998352590017021
C(CN(CCCOC)C(=O)NC1C=CC=C(Cl)C=1Cl)(=O)NC1=CC(=NN1C1C=CC(C)=CC=1C)C(C)(C)C,0.0034728871076367797
C(C)(C)(C)CC(=O)N(CCCOC)CC(N(CC1=CC=C(F)C=C1)CC1=CC=C(C)S1)=O,0.008719688537530601
C1(C(=O)N(CCOC)CC(=O)N(CCC2C=CC(OC)=C(OC)C=2)CC2=CC=C(C)O2)=CC=CC=C1C,0.011093643261119723
C1(C(=O)N(CCCC)CC(=O)N(CCC2C=CC(OC)=C(OC)C=2)CC2=CC=C(C)O2)C=CC(=CC=1)OC,0.011628837883472442
N(C(=O)C1=CC=C(C=C1)F)(C(C)C(=O)C1C(=C(C(=O)OC)N(C)C=1C)C)C1CCCCC1,0.013890565373003483
N(C(=O)C1=CC=C(C=C1)F)(C(C)C(=O)C1C(=C(C(=O)OC)N(CC)C=1C)C)CC=C,0.012297802418470383
N(C(=O)C1=CC=C(C=C1)OC)(C(C)C(=O)C1C(=C(C(=O)OC)N(CC)C=1C)C)CC=C,0.013206936372444033
N(C(=O)C1=CC=C(C)C=C1)(C(C)C(=O)C1C(=C(C(=O)OC)N(CC)C=1C)C)CC=C,0.014483987959101796
N(C(=O)C1C=CC(=CC=1)Cl)(C(C)C(=O)C1C(=C(C(=O)OC)N(CC)C=1C)C)CC1=CC=CO1,0.012428209604695439
C(C1COC2(CCN(CC2)C(=O)C2=CC=C(C=C2)OC)N1C(=O)C1=CC=C(C=C1)OC)(=O)NCC1C=CC=C(C=1)C(F)(F)F,0.004778230923693627
C(C(=O)N1CC(C(C2=CC(OC)=CC=C2OC)C1)C(=O)NCCCC)(C)C,0.009319153986871243
C1(C(=O)N2CC(C(C3=CC(OC)=CC=C3OC)C2)C(=O)NCCCC)=CC=CC=C1C,0.00825338128488511
C(C(=O)N1CC(C(C2=CC(OC)=CC=C2OC)C1)C(=O)NCC(C)C)C1C=CC=CC=1,0.009458442381583155
C(NC(=O)N1CC(C(C2=CC(OC)=CC=C2OC)C1)C(=O)NC(C)C)(C)(C)C,0.00604470947291702
C1=CC(=CC(OC)=C1)C(=O)N1CC(C(C2=CC(OC)=CC=C2OC)C1)C(=O)NCCCOC,0.0077384539879858496
C1(C(=O)N2CC(C(C3=CC(OC)=CC=C3OC)C2)C(=O)NCCCC)=CC=CC=C1Cl,0.00716375547926873
C1=CC(=CC(OC)=C1)C(=O)N1CC(C(C2=CC(OC)=CC=C2OC)C1)C(=O)NCCCC,0.007982745976187288
C1(C(=O)N(CCCCC)CC(=O)N(CCC2C=CC(OC)=C(OC)C=2)CC2=CC=C(C)O2)=CC=CC=C1C,0.010574827063828706
C1(C(=O)N2CC(C(C3=CC(OC)=CC=C3OC)C2)C(=O)NCC2=CC=CC=C2)=CC=CC=C1Cl,0.007199205178767443
C1=CC(=CC2OCOC1=2)C(=O)N1CC(C(C2=CC(OC)=CC=C2OC)C1)C(=O)NCCCOC,0.007995601021684706
C1(C(=O)N2CC(C(C3=CC(OC)=CC=C3OC)C2)C(=O)NCCCC)=CC=C(C=C1)OC,0.00805301140062511
C1(C(=O)N2CC(C(C3=CC(OC)=CC=C3OC)C2)C(=O)NCCCC)C=CC=C(Cl)C=1,0.0068941314471885565
C1(C(=O)N2CC(C(C3=CC(OC)=CC=C3OC)C2)C(=O)NCC(C)C)C=CC=C(Cl)C=1,0.007876655575819314
C1(C(=O)N2CC(C(C3=CC(OC)=CC=C3OC)C2)C(=O)NCC2=CC=CC=C2)=CC=C(C=C1)OC,0.007859210832975805
C1(C(=O)N2CC(C(C3=CC(OC)=CC=C3OC)C2)C(=O)NCCCOC)C=CC=C(Cl)C=1,0.0066751550883054735
C(C(=O)N1CC(C(C2=CC(OC)=CC=C2OC)C1)C(=O)NCCCC)C(C)C,0.009635385358706117
C1=CC(=CC(OC)=C1)C(=O)N1CC(C(C2=CC(C(F)(F)F)=CC=C2)C1)C(=O)NC(C)C,0.006220898451283574
C(NC(=O)N1CC(C(C2=CC(OC)=CC=C2OC)C1)C(=O)NCC(C)C)(C)C,0.006133151333779096
N(C1C=CC(=CC=1)C1C(C(=O)OCC(C)C)=C(C)N(CC)C(=S)N1)C(=O)NC1C=CC=CC=1OC,0.0071438755840063095
C1(S(=O)(=O)N2CC(C(C3=CC(OC)=CC=C3OC)C2)C(=O)NCCCOC)=CC=C(C=C1)Cl,0.005473340232856572
C1(C(=O)N2CC(C(C3=CC(OC)=CC=C3OC)C2)C(=O)NCCCC)=CC=C(C)C=C1,0.008336448715999723
C1=CC(=CC2OCOC1=2)C(=O)N1CC(C(C2=CC(C(F)(F)F)=CC=C2)C1)C(=O)NC(C)C,0.006422373955138028
C1(C(=O)N2CC(C(C3=CC(OC)=CC=C3OC)C2)C(=O)NC(C)C)=CC=C(C)C=C1,0.00919111045077443
C1(C(=O)N2CC(C(C3=CC(OC)=CC=C3OC)C2)C(=O)NCC2=CC=C(F)C=C2)C=CC=CC=1,0.006844652188010514
C(C(=O)N1CC(C(C2=CC(OC)=CC=C2OC)C1)C(=O)NCCC)(C)C,0.010009292326867581
C1(C(=O)N2CC(C(C3=CC(OC)=CC=C3OC)C2)C(=O)NCCCC)=CC=CC=C1F,0.007252114755101502
C(C(=O)N1CC(C(C2=CC(OC)=CC=C2OC)C1)C(=O)NCC(C)C)(C)C,0.010587418405339121
C1(C(=O)N2CC(C(C3=CC(OC)=CC=C3OC)C2)C(=O)NC(C)C)=CC=CC=C1F,0.008023691084235906
C1(C(=O)N2CC(C(C3=CC(OC)=CC=C3OC)C2)C(=O)NCCCOC)=CC=CS1,0.0060604157159104945
C1(C(=O)N2CC(C(C3=CC(OC)=CC=C3OC)C2)C(=O)NCCC)=CC=C(C=C1)OC,0.008800777979195118
C1(C(=O)N2CC(C(C3=CC(OC)=CC=C3OC)C2)C(=O)NCCCC)CCCC1,0.009864781983196735
C1(C(=O)N(C2CCCCC2)CC(=O)N(CCC2C=CC(OC)=C(OC)C=2)CC2=CC=C(C)O2)=CC=CS1,0.009503408567979932
C1=CC(=CC(OC)=C1)C(=O)N1CC(C(C2=CC(OC)=CC=C2OC)C1)C(=O)NC(C)C,0.008890625112690032
C1(C(=O)N2CC(C(C3=CC(OC)=CC=C3OC)C2)C(=O)NCCCOC)=CC=C(C=C1)OC,0.007725182455033064
C1(C(=O)N2CC(C(C3=CC(OC)=CC=C3OC)C2)C(=O)NCCC)C=CC=CC=1,0.00858562656212598
C1(C(=O)N2CC(C(C3=CC=CC=C3)C2)C(=O)NCC2=CC=C(F)C=C2)=CC=CC=C1C,0.0073936390690505505
C(C(=O)N1CC(C(C2=CC(OC)=CC=C2OC)C1)C(=O)NCCCC)C1C=CC=CC=1,0.008351155300624668
C1(C(=O)N2CC(C(C3=CC(OC)=CC=C3OC)C2)C(=O)NCC(C)C)=CC=C(C)C=C1,0.009453784418292343
C1(C(=O)N2CC(C(C3=CC(OC)=CC=C3OC)C2)C(=O)NC(C)C)C=CC=C(Cl)C=1,0.007745555997826159
C1(C(=O)N2CC(C(C3=CC(OC)=CC=C3OC)C2)C(=O)NCCCOC)C=CC(=CC=1)Cl,0.006676451512612402
C1(=CC=CC=C1)CNC(C1=CC2SC=CC=2N1CC1C=CC=C(F)C=1)=O,0.005311863403767348
N(C1=CC2=C(C=C1)OC1C(N=C2N2CCOCC2)=CC(=CC=1)Cl)C(C1=C(Cl)C=CC=C1)=O,0.003994565876200795
C1C=C(C(=O)COC2C=CC=C(C=2)C2=NOC(C3=CC(OC)=CC=C3)=N2)C=CC=1F,0.009359927056357265
N1(C2C(C)=CC=CC=2C)CCC(C(=O)NCCC2C=CC(OC)=CC=2)C1=O,0.010720222443342208
C1(=CC=CC=C1)CNC(C1N=C(COC2C=C3C(N(C(=O)C)CCC3=CC=2)C2C=CC(F)=CC=2)SC=1)=O,0.00530776814557612
C1C=C(CNC(C2N=C(COC3C=C4C(N(C(=O)C)CCC4=CC=3)C3C=CC(F)=CC=3)SC=2)=O)C=CC=1F,0.005452203052118421
O1CCCC1CNC(C1N=C(COC2C=C3C(N(C(=O)C)CCC3=CC=2)C2C=CC(F)=CC=2)SC=1)=O,0.00521021313033998
C(CC(C)C)NC(C1N=C(COC2C=C3C(N(C(=O)C)CCC3=CC=2)C2C=CC(F)=CC=2)SC=1)=O,0.006229897448793054
C1(C(=O)N2CC(C(C3=CC=C(F)C=C3)C2)C(=O)N2CCCC2)=CC=CC=C1F,0.00922609125263989
C1(C(=O)N2CC(C(C3=CC=C(F)C=C3)C2)C(=O)NCCC(C)C)=CC=CC=C1Cl,0.007907126471400261
C1=CC(=CC2OCOC1=2)C(=O)N1CC(C(C2=CC=C(F)C=C2)C1)C(=O)NCCC(C)C,0.0078120372956618665
CCNC(=S)N1CC(C(C2=CC=C(F)C=C2)C1)C(=O)NCCC(C)C,0.008974119275808334
C(NC(=S)N1CC(C(C2=CC=C(F)C=C2)C1)C(=O)NCCC(C)C)(C)C,0.009606292936950922
C1(C(=O)N2CC(C(C3=CC=C(F)C=C3)C2)C(=O)N2CCCC2)=CC=C(C=C1)F,0.008590163360349835
C1(C(=O)N2CC(C(C3=CC=C(F)C=C3)C2)C(=O)N2CCCC2)=CC=CO1,0.010059951804578304
C1C=C(C=CC=1C)NC(=O)N(C(C)C)CC(=O)N1CCC2SC=CC=2C1COC1=CC=C(C=C1)C,0.005490980134345591
C(C(=O)N(C(C)CC)CC(=O)N1CCC2SC=CC=2C1COC1=CC=C(C=C1)C)(C)C,0.012582281697541475
C1(S(=O)(=O)N(C(C)CC)CC(=O)N2CCC3SC=CC=3C2COC2=CC=C(C=C2)C)=CC=C(C)C=C1,0.006908468250185251
C1(S(=O)(=O)N(C(C)C)CC(=O)N2CCC3SC=CC=3C2COC2=CC=C(C=C2)C)=CC=C(C=C1)Cl,0.005746969673782587
C1(S(=O)(=O)N(CCOC)CC(=O)N2CCC3SC=CC=3C2COC2=CC=C(C=C2)C)=CC=C(C)C=C1,0.006509022112004459
C(C(=O)N(CC=C)CC(=O)N1CCC2SC=CC=2C1COC1=CC=C(C=C1)C)C1C=CC=CC=1,0.010078944684937596
C1(C(=O)N(CC2CC2)CC(=O)N2CCC3SC=CC=3C2COC2=CC=C(C=C2)C)=CC=C(C)C=C1,0.010213692905381322
C(C(=O)N(CCC)CC(=O)N1CCC2SC=CC=2C1COC1=CC=C(C=C1)C)C(C)C,0.012200881354510784
C1(C(=O)N(CCC)CC(=O)N2CCC3SC=CC=3C2COC2=CC=C(C=C2)C)C=CC=C(Cl)C=1,0.008120706002227963
C1C=C(C=CC=1C)NC(=O)N(CC(C)C)CC(=O)N1CCC2SC=CC=2C1COC1=CC(F)=CC=C1,0.005076149152591825
C1C=C(C=CC=1C)NC(=O)N(C(C)CC)CC(=O)N1CCC2SC=CC=2C1COC1C=CC=CC=1C,0.005625385046005249
C(NC(=O)N(CC(C)C)CC(=O)N1CCC2SC=CC=2C1COC1=CC=C(C=C1)C)(C)(C)C,0.006508582946844399
C1(C(=O)N(C2CC2)CC(=O)N2CCC3SC=CC=3C2COC2=CC=C(C=C2)C)=CC=CC=C1F,0.008419132744893431
C(C(=O)N(C(C)CC)CC(=O)N1CCC2SC=CC=2C1COC1=CC=C(C=C1)C)C(C)C,0.012714858306571842
C1(S(=O)(=O)N(C(C)CC)CC(=O)N2CCC3SC=CC=3C2COC2=CC=C(C=C2)C)C=CC(=CC=1)OC,0.006426870543509722
C(C(=O)N(CCOC)CC(=O)N1CCC2SC=CC=2C1COC1=CC=C(C=C1)C)C(C)C,0.011051192460581661
C1(C(=O)N(CC(C)C)CC(=O)N2CCC3SC=CC=3C2COC2=CC=C(C=C2)C)=CC=C(C=C1)F,0.00873812697827816
C1(C(=O)N(CC=C)CC(=O)N2CCC3SC=CC=3C2COC2=CC=C(C=C2)C)C=CC=C(Br)C=1,0.009621506603434683
C1(C(=O)N(CC2CC2)CC(=O)N2CCC3SC=CC=3C2COC2=CC=C(C=C2)C)=CC=CC=C1F,0.008686903771013022
C1(C(=O)N(CCC)CC(=O)N2CCC3SC=CC=3C2COC2=CC=C(C=C2)C)C=CC=CC=1,0.009566890401765704
C1(S(=O)(=O)N(CCC)CC(=O)N2CCC3SC=CC=3C2COC2=CC=C(C=C2)C)=CC=C(C=C1)Cl,0.005588792124763131
C(NC(=O)N(CC1CCCO1)CC(=O)N1CCC2SC=CC=2C1COC1C=CC=CC=1C)(C)(C)C,0.005266970628872514
C(NC(=O)N(C(C)CC)CC(=O)N1CCC2SC=CC=2C1COC1C=CC=CC=1C)CC,0.005956682539544999
C(NC(=O)N(CC(C)C)CC(=O)N1CCC2SC=CC=2C1COC1=CC=C(C=C1)C)(C)C,0.006424208497628569
C1(C(=O)N(C2CC2)CC(=O)N2CCC3SC=CC=3C2COC2=CC=C(C=C2)C)C=CC=C(F)C=1,0.008255766658112406
C1(C(=O)N(C(C)CC)CC(=O)N2CCC3SC=CC=3C2COC2=CC=C(C=C2)C)C=CC=C(F)C=1,0.008598924614489079
C(C(=O)N(C(C)C)CC(=O)N1CCC2SC=CC=2C1COC1=CC=C(C=C1)C)C(C)C,0.012521642353385687
C1(C(=O)N(CCOC)CC(=O)N2CCC3SC=CC=3C2COC2=CC=C(C=C2)C)C=CC=CC=1,0.00884069367311895
C(C(=O)N(CC=C)CC(=O)N1CCC2SC=CC=2C1COC1=CC=C(C=C1)C)C(C)C,0.011870751390233636
C1=CC(=CC(OC)=C1)C(=O)N(CC=C)CC(=O)N1CCC2SC=CC=2C1COC1=CC=C(C=C1)C,0.009100459236651658
C1(C(=O)N(CC2CC2)CC(=O)N2CCC3SC=CC=3C2COC2=CC=C(C=C2)C)C=CC=C(F)C=1,0.00792692955583334
C1(C(=O)N(CCC)CC(=O)N2CCC3SC=CC=3C2COC2=CC=C(C=C2)C)=CC=C(C)C=C1,0.01000439077615738
C1(S(=O)(=O)N(CCC)CC(=O)N2CCC3SC=CC=3C2COC2=CC=C(C=C2)C)=CC=C(C)C=C1,0.006782640796154737
C1=C(C=CC=C1NC(=O)N(CC1CCCO1)CC(=O)N1CCC2SC=CC=2C1COC1C=CC=CC=1C)Cl,0.0038475899607874455
C(NC(=O)N(CC(C)C)CC(=O)N1CCC2SC=CC=2C1COC1C=CC=CC=1C)C,0.0060092872241511944
C1=C(C=CC=C1NC(=O)N(CC(C)C)CC(=O)N1CCC2SC=CC=2C1COC1=CC=C(C=C1)C)Cl,0.004777930642012507
C1=CC(=CC(OC)=C1)C(=O)N(C1CC1)CC(=O)N1CCC2SC=CC=2C1COC1=CC=C(C=C1)C,0.008631900907494128
C1(C(=O)N(C(C)CC)CC(=O)N2CCC3SC=CC=3C2COC2=CC=C(C=C2)C)C=CC=C(Br)C=1,0.009739174414426089
C1(C(=O)N(C(C)C)CC(=O)N2CCC3SC=CC=3C2COC2=CC=C(C=C2)C)=CC=C(C)C=C1,0.010183221427723765
C1(C(=O)N(CCOC)CC(=O)N2CCC3SC=CC=3C2COC2=CC=C(C=C2)C)=CC=CC=C1F,0.008110277843661607
C1(C(=O)N(CC=C)CC(=O)N2CCC3SC=CC=3C2COC2=CC=C(C=C2)C)C=CC=CC=1,0.009745201142504812
C1=CC(=CC2OCOC1=2)C(=O)N(CC=C)CC(=O)N1CCC2SC=CC=2C1COC1=CC=C(C=C1)C,0.009097092924639583
C1(C(=O)N(CC2CC2)CC(=O)N2CCC3SC=CC=3C2COC2=CC=C(C=C2)C)=CC=CC=C1C,0.010083953198045493
C1(C(=O)N(CCC)CC(=O)N2CCC3SC=CC=3C2COC2=CC=C(C=C2)C)=CC=CC=C1F,0.008595331106334925
C1(C(=O)N(C2CC2)CC(=O)N2CCC3SC=CC=3C2COC2=CC=C(C=C2)C)=CC=C(C=C1)F,0.007980533060617745
C1C=C(C=CC=1C)NC(=O)N(CC1CCCO1)CC(=O)N1CCC2SC=CC=2C1COC1C=CC=CC=1C,0.004630353196989745
C1=C(C=CC=C1NC(=O)N(CC(C)C)CC(=O)N1CCC2SC=CC=2C1COC1C=CC=CC=1C)Cl,0.0047930438537150625
C1C=C(C=CC=1C)NC(=O)N(CC(C)C)CC(=O)N1CCC2SC=CC=2C1COC1=CC=C(C=C1)C,0.00591620234772563
C1(C(=O)N(C2CC2)CC(=O)N2CCC3SC=CC=3C2COC2=CC=C(C=C2)C)C=CC=C(Cl)C=1,0.007787721208296716
C1=CC(=CC(OC)=C1)C(=O)N(C(C)CC)CC(=O)N1CCC2SC=CC=2C1COC1=CC=C(C=C1)C,0.00933625311590731
C(C(=O)N(C(C)C)CC(=O)N1CCC2SC=CC=2C1COC1=CC=C(C=C1)C)OC,0.01024420722387731
C(C(=O)N(CCOC)CC(=O)N1CCC2SC=CC=2C1COC1=CC=C(C=C1)C)C1C=CC=CC=1,0.009290025988593697
C1(C(=O)N(CC=C)CC(=O)N2CCC3SC=CC=3C2COC2=CC=C(C=C2)C)=CC=C(C)C=C1,0.010125932516530156
C1(S(=O)(=O)N(CC=C)CC(=O)N2CCC3SC=CC=3C2COC2=CC=C(C=C2)C)=CC=C(C)C=C1,0.007032962283119559
C1=CC(=CC(OC)=C1)C(=O)N(CC1CC1)CC(=O)N1CCC2SC=CC=2C1COC1=CC=C(C=C1)C,0.009069173620082438
C1(C(=O)N(CCC)CC(=O)N2CCC3SC=CC=3C2COC2=CC=C(C=C2)C)C=CC=C(F)C=1,0.008296986157074571
C1(C(=O)N(CCCOC)CC(=O)N2CCC3SC=CC=3C2COC2=CC=CC=C2)=CC=C(C=C1)F,0.0065890016267076135
C(NC(=O)N(CC1CCCO1)CC(=O)N1CCC2SC=CC=2C1COC1C=CC=CC=1C)CC,0.0051411442458629605
C1C=C(C=CC=1C)NC(=O)N(CC(C)C)CC(=O)N1CCC2SC=CC=2C1COC1C=CC=CC=1C,0.005868789367377758
C(NC(=O)N(CC(C)C)CC(=O)N1CCC2SC=CC=2C1COC1=CC=C(C=C1)C)CC,0.006243347772397101
C1(S(=O)(=O)N(C2CC2)CC(=O)N2CCC3SC=CC=3C2COC2=CC=C(C=C2)C)=CC=C(C=C1)Cl,0.0054261715617030856
C1=CC(=CC2OCOC1=2)C(=O)N(C(C)CC)CC(=O)N1CCC2SC=CC=2C1COC1=CC=C(C=C1)C,0.009423557389527559
C1(C(=O)N(C(C)C)CC(=O)N2CCC3SC=CC=3C2COC2=CC=C(C=C2)C)=CC=CC=C1C,0.0100133684463799
C1(C(=O)N(CCOC)CC(=O)N2CCC3SC=CC=3C2COC2=CC=C(C=C2)C)C=CC=C(Br)C=1,0.00868193106725812
C1(C(=O)N(CC=C)CC(=O)N2CCC3SC=CC=3C2COC2=CC=C(C=C2)C)=CC=CC=C1F,0.008705631550401449
C1(C(=O)N(CC2CC2)CC(=O)N2CCC3SC=CC=3C2COC2=CC=C(C=C2)C)=CC=C(C=C1)F,0.007999153342097998
C1(C(=O)N(CC2CC2)CC(=O)N2CCC3SC=CC=3C2COC2=CC=C(C=C2)C)C=CC=C(Cl)C=1,0.008169968286529184
C1(C(=O)N(CCC)CC(=O)N2CCC3SC=CC=3C2COC2=CC=C(C=C2)C)CCCC1,0.011918005254119634
C1(C(=O)N(CCCOC)CC(=O)N2CCC3SC=CC=3C2COC2=CC=CC=C2)=CC=CC=C1C,0.007767440075986088
C(NC(=O)N(C(C)CC)CC(=O)N1CCC2SC=CC=2C1COC1C=CC=CC=1C)(C)(C)C,0.006206452380865812
C(NC(=O)N(CC)CC(=O)N1CCC2SC=CC=2C1COC1C=CC=CC=1C)CC,0.005676740733906627
C1(C(=O)N(C2CC2)CC(=O)N2CCC3SC=CC=3C2COC2=CC=C(C=C2)C)=CC=CC=C1Cl,0.008025731169618666
C1(C(=O)N(C(C)CC)CC(=O)N2CCC3SC=CC=3C2COC2=CC=C(C=C2)C)=CC=C(C=C1)F,0.008681194018572569
C1(C(=O)N(C(C)CC)CC(=O)N2CCC3SC=CC=3C2COC2=CC=C(C=C2)C)C=CC=C(Cl)C=1,0.008385121170431376
C1=CC(=CC2OCOC1=2)C(=O)N(C(C)C)CC(=O)N1CCC2SC=CC=2C1COC1=CC=C(C=C1)C,0.00930619896389544
C1=CC(=CC2OCOC1=2)C(=O)N(CCOC)CC(=O)N1CCC2SC=CC=2C1COC1=CC=C(C=C1)C,0.00846496489830315
C1(C(=O)N(CC=C)CC(=O)N2CCC3SC=CC=3C2COC2=CC=C(C=C2)C)C=CC=C(F)C=1,0.008411851525306702
C(C(=O)N(CC1CC1)CC(=O)N1CCC2SC=CC=2C1COC1=CC=C(C=C1)C)C(C)C,0.011724377423524857
C1(S(=O)(=O)N(CC2CC2)CC(=O)N2CCC3SC=CC=3C2COC2=CC=C(C=C2)C)=CC=C(C=C1)Cl,0.005693690339103341
C1(C(=O)N(CCC)CC(=O)N2CCC3SC=CC=3C2COC2=CC=C(C=C2)C)C=CC=C(Br)C=1,0.009472592920064925
C(NC(=O)N(CC(C)C)CC(=O)N1CCC2SC=CC=2C1COC1=CC(F)=CC=C1)(C)(C)C,0.00553498431108892
C(NC(=O)N(C(C)CC)CC(=O)N1CCC2SC=CC=2C1COC1C=CC=CC=1C)(C)C,0.006102349911816418
C(NC(=O)N(CCC(C)C)CC(=O)N1CCC2SC=CC=2C1COC1C=CC=CC=1C)(C)(C)C,0.006602881103754043
C(C(=O)N(C1CC1)CC(=O)N1CCC2SC=CC=2C1COC1=CC=C(C=C1)C)C(C)C,0.011579855112358928
C1(C(=O)N(C(C)CC)CC(=O)N2CCC3SC=CC=3C2COC2=CC=C(C=C2)C)=CC=CO1,0.010541739827021956
C1(S(=O)(=O)N(C(C)CC)CC(=O)N2CCC3SC=CC=3C2COC2=CC=C(C=C2)C)=CC=C(C=C1)Cl,0.005716723995283246
C1(C(=O)N(C(C)C)CC(=O)N2CCC3SC=CC=3C2COC2=CC=C(C=C2)C)C=CC=C(Cl)C=1,0.008338099787943065
C1(S(=O)(=O)N(CCOC)CC(=O)N2CCC3SC=CC=3C2COC2=CC=C(C=C2)C)=CC=C(C=C1)Cl,0.005516492482274771
C1(C(=O)N(CC=C)CC(=O)N2CCC3SC=CC=3C2COC2=CC=C(C=C2)C)CCCC1,0.011625737510621547
C(C(=O)N(CC1CC1)CC(=O)N1CCC2SC=CC=2C1COC1=CC=C(C=C1)C)C,0.011261197784915567
C1(C(=O)N(CCC)CC(=O)N2CCC3SC=CC=3C2COC2=CC=C(C=C2)C)=CC=CO1,0.010070684924721717
C1=CC(=CC2OCOC1=2)C(=O)N(CCC)CC(=O)N1CCC2SC=CC=2C1COC1=CC=C(C=C1)C,0.00919720488600433
C1=C(C=CC=C1NC(=O)N(CC(C)C)CC(=O)N1CCC2SC=CC=2C1COC1=CC(F)=CC=C1)Cl,0.004402602824848145
C1=C(C=CC=C1NC(=O)N(C(C)CC)CC(=O)N1CCC2SC=CC=2C1COC1C=CC=CC=1C)Cl,0.0045388564467430115
C(NC(=O)N(CCC(C)C)CC(=O)N1CCC2SC=CC=2C1COC1C=CC=CC=1C)C,0.00621691825799644
N1=C(SCC2=CC=CC=C2)N(C)C(=O)C(CC2C=CC(OC)=CC=2)=C1C,0.012346182530745865
C(F)(F)(F)C1=CC=C(C=C1)C(=O)N1CCN(CC1C)C(C1=CC2C=CSC=2N1CC1=C(OC)C=CC=C1)=O,0.004329537216108292
C(C(=O)N1CCN(CC1C)C(C1=CC2C=CSC=2N1CC1=CC=CC(OC)=C1)=O)OC,0.00607560679782182
C12CCC(CC1NC(C1=CC3C=CSC=3N1CCCC1C=CC=CC=1)=O)C2,0.011600710544735193
N1(C2=CC=CC(OC)=C2)C(C)=C(C(C)=NOCC2=C(OC)C=CC=C2)C=C1C1=CC=CC=C1,0.011949076596647502
C1(C(=O)N2CCN(CC2C)C(C2=CC3C=CSC=3N2CC2C=CC=C(C)C=2)=O)C=CC(C)=CC=1,0.00785113621968776
C12CCC(CC1NC(C1=CC3C=CSC=3N1CC1=CC=C(C=C1)C)=O)C2,0.011528254533186556
C1(C(=O)N2CCN(CC2C)C(C2=CC3C=CSC=3N2CC2C=CC=C(C)C=2)=O)=CC=CC=C1C,0.007747717713937163
C1(C(=O)N2CCN(CC2C)C(C2=CC3C=CSC=3N2CC2C=CC=C(C)C=2)=O)C=CC(=CC=1)F,0.0060708543984219435
N1=C(SCC2=CC=CC=C2)N(C)C(=O)C(CC2C=CC=C(C)C=2)=C1C,0.01270091775804758
C1(NC(=O)N2CCN(CC2C)C(C2=CC3C=CSC=3N2CCCC2C=CC=CC=2)=O)C=CC=CC=1C,0.004144116013776511
C1(C=CC=CC=1)CNC(=O)N1CCN(CC1C)C(C1=CC2C=CSC=2N1CC1C=CC=C(F)C=1)=O,0.003267379722092301
C(CN(CC(C)C)C(=O)C1C=CC=C(Br)C=1)(=O)NC1=CC(=NN1C1C=CC(C)=CC=1C)C(C)(C)C,0.008260610420256853
C1(OC)C=C(CCNC(C2=CC3C=CSC=3N2CC2C=CC=C(C)C=2)=O)C=CC=1OC,0.00799831678159535
C1(OC)C=C(CCNC(C2=CC3C=CSC=3N2C(C)C2=CC=CC=C2)=O)C=CC=1OC,0.00828674491494894
N1=C(SCC2=C(F)C=CC=C2)N(C)C(=O)C(CC2C=CC=C(C)C=2)=C1C,0.009372753091156483
C(F)(F)(F)C1=CC=C(C=C1)NC(=O)N1CCN(CC1C)C(C1=CC2C=CSC=2N1CC1=CC=C(C=C1)F)=O,0.002669543132651597
C(CN(CCC)C(=O)C(C)C)(=O)NC1=C(C(=NN1C1=CC=C(C)C=C1)C)C1C=CC=CC=1,0.008765382668934762
N1=C(SCC2=CC=CC(C)=C2)N(C)C(=O)C(CC2C=CC=C(C)C=2)=C1C,0.013927220646291972
C1(C(=O)N2CCN(CC2C)C(C2=CC3C=COC=3N2CC2=CC=CC(OC)=C2)=O)=CC=CC=C1C,0.007845539133995771
C1(OC)C=C(CCNC(C2=CC3C=CSC=3N2CC2=CC=CC=C2C)=O)C=CC=1OC,0.007938371482305228
C1(NC(=O)N2CCN(CC2C)C(C2=CC3C=CSC=3N2CC2=CC=CC=C2C)=O)C=CC=CC=1C,0.004208276071585715
N1=C(SCC2=CC=CC=C2)N(C)C(=O)C(CC2=C(C)C=CC=C2)=C1C,0.01277933749370277
C1(NC(=O)N2CCN(CC2C)C(C2=CC3C=CSC=3N2CC2=CC=CC(OC)=C2)=O)C=CC=CC=1OC,0.0034952295827679336
C1(C(=O)N2CCN(CC2C)C(C2=CC3C=CSC=3N2CC2C=CC=C(F)C=2)=O)C[C@H]1C1C=CC=CC=1,0.005373810743913054
N(C(=O)C1C=CC(=CC=1)Cl)(C(C)C(=O)C1C(=C(C(OCC)=O)N(C)C=1C)C)CC1=CC=CO1,0.013734903978183865
C(NC(=O)N(CC(=O)C1C(=C(C(=O)OCC)NC=1C)C)CCC)(C)C,0.007643104647286236
C1(C(=O)N(CC(=O)C2C(=C(C(OCC)=O)N(C)C=2C)C)CCC)C=CC=CC=1,0.016288699815049767
C1(C(=O)N(CC(=O)C2C(=C(C(=O)OCC)NC=2C)C)CCC)=CC=CO1,0.010278962505981325
N(C(=O)C1C=CC(=CC=1)Cl)(C(C)C(=O)C1C(=C(C(OCC)=O)N(C)C=1C)C)CC,0.014416664838790894
C(C(=O)N(CC(=O)C1C(=C(C(=O)OCC)NC=1C)C)CCC)(C)C,0.011249109776690603
N(C(=O)C1C=CC(=CC=1)Cl)(C(C)C(=O)C1C(=C(C(OCC)=O)N(C)C=1C)C)C1CC1,0.013878854783251881
C(C(=O)N(CC(=O)C1C(=C(C(=O)OCC)NC=1C)C)CCC)C,0.009803130896762014
C(C(=O)N(CC(=O)C1C(=C(C(=O)OCC)NC=1C)C)CCC)OC,0.009265582729130983
C(NC(=O)N(CC1C=CC=C(Cl)C=1)CC1ON=C(C2C=CC(F)=CC=2)C1)(C)(C)C,0.005056416126899421
C(CN(CCCC)C(=O)C1C=CC=CC=1Cl)(=O)NC1=CC(=NN1C1C=CC(C)=CC=1C)C(C)(C)C,0.007135941553860903
C(C)(C)(C)CC(=O)N(CC1=CC=CC(OC)=C1)CC1ON=C(C2C=CC(F)=CC=2)C1,0.009287812095135451
C1(C(=O)NCC2N(C(NC3=CC=CC=C3)=O)CCC3C2=CC(OC)=C(OC)C=3)C=CC=C(Cl)C=1,0.005193777265958488
O=C(C(CC)N1C2C(C(=O)N(C3C=CC(C)=C(Cl)C=3)C1=O)=CC=CC=2)NCCC,0.005897245113737881
C(C(=O)N(CC1C=CC=C(Cl)C=1)CC1ON=C(C2C=CC(=CC=2)Cl)C1)(C)C,0.01142729502171278
C(C)(C)NC(C1=C(C)C(=C(C)N1CC1C=CC=C(F)C=1)CC)=O,0.007808201177977025
C1(C(C2C=CC(=CC=2)C(F)(F)F)CC(=O)N2CCCC2)C2C=CC=CC=2N(CC2=CC=C(C=C2)F)C=1,0.005913982493802905
C(NC(=O)N(CC1C=CC=CC=1Cl)CC1ON=C(C2C=CC(F)=CC=2)C1)(C)C,0.005027539154980332
C1(C(=O)N(CCC)CC2ON=C(C3C=CC(Cl)=C(Cl)C=3)C2)=CC=CC=C1F,0.00893055300693959
C1(C(=O)N(CCC)CC2ON=C(C3C=CC(Cl)=C(Cl)C=3)C2)C=CC=C(F)C=1,0.008540733042173088
C(C1=CC=C(CN2C(=O)CC(C3C=CC=C(C)C=3)C(C(OCC)=O)=C2C)C=C1)(NCCCC)=O,0.008561851875856518
C(C1=CC(CN2C(=O)CC(C3C=CC=C(Cl)C=3)C(C(OCC)=O)=C2C)=CC=C1)(NCC1=CC=CO1)=O,0.007502819504588842
C(C1=C(C)C=C(C)N1CC1=CC=C(F)C(F)=C1)(NCC1=CC=C2OCOC2=C1)=O,0.0072424559155479075
N(C1=CC(=CC=C1)C1C(C(=O)OCC)=C(C)N(CC)C(=S)N1)C(CC(C)CC(C)(C)C)=O,0.011762551125138998
N(CCOC)(C(=O)C1=CC=C(C=C1)F)CC(=O)C1C(=C(C(=O)OCC)NC=1C)C,0.008358133374713361
N(CCOC)(C(=O)CC)CC(=O)C1C(=C(C(OCC)=O)N(C)C=1C)C,0.01703859749250114
C1(=CC=CS1)C(=O)N(CC1CCCO1)CC1C=CC(OS(=O)(=O)C2C=CC(=CC=2)OC)=CC=1,0.008004816342145204
N(CC1=CC=C(F)C=C1)(C(=O)COC)CC(=O)C1C(=C(C(=O)OCC)NC=1C)C,0.007745639374479652
N(CC1=CC=CO1)(C(=O)C(C)C)CC(=O)C1C(=C(C(=O)OCC)NC=1C)C,0.011197405075654388
N(CCOC)(C(=O)C(C)C)CC(=O)C1C(=C(C(=O)OCC)NC=1C)C,0.01110654182266444
N(CCOC)(C(=O)C1C=CC=C(F)C=1)CC(=O)C1C(=C(C(OCC)=O)N(C)C=1C)C,0.013184954226016999
N(C(C)C)(C(C1=CC=C(C=C1)C(F)(F)F)=O)CC(=O)C1C(=C(C(=O)OCC)NC=1C)C,0.007784041715785861
N(C1C=CC(=CC=1)C1C(C(=O)OCC)=C(C)N(CC)C(=S)N1)C(=O)NC1C=CC(=CC=1)OCC,0.006619596830569207
N(CC1=CC=CO1)(C(=O)C1CCC1)CC(=O)C1C(=C(C(=O)OCC)NC=1C)C,0.011084071593359113
N(CCOC)(C(=O)C1=CC=CS1)CC(=O)C1C(=C(C(=O)OCC)NC=1C)C,0.007874073111452162
N(CCOC)(C(=O)C1CCCC1)CC(=O)C1C(=C(C(OCC)=O)N(C)C=1C)C,0.01668150252662599
N(C(C)C)(C(=O)CC(C)C)CC(=O)C1C(=C(C(=O)OCC)NC=1C)C,0.011998775228857995
N(CC1=CC=CO1)(C(=O)C1=CC=CS1)CC(=O)C1C(=C(C(=O)OCC)NC=1C)C,0.008131495886482298
N(CCOC)(C(=O)CC(C)C)CC(=O)C1C(=C(C(=O)OCC)NC=1C)C,0.01081404355354607
N(CCOC)(C(=O)C1C=CC(=CC=1)Cl)CC(=O)C1C(=C(C(OCC)=O)N(C)C=1C)C,0.013375162985175848
C1(C(=O)N(CC2=CC=C(C=C2)C(F)(F)F)CC2ON=C(C3C=CC(F)=CC=3)C2)C=CC=C(F)C=1,0.006850356492213905
N(CC1=CC=C(F)C=C1)(C(=O)C1CCC1)CC(=O)C1C(=C(C(=O)OCC)NC=1C)C,0.008890042966231703
N(C(C)C)(C(=O)C1=CC=CC(OC)=C1)CC(=O)C1C(=C(C(=O)OCC)NC=1C)C,0.009256765409372748
N(CC1=CC=CO1)(C(=O)CC(C)C)CC(=O)C1C(=C(C(=O)OCC)NC=1C)C,0.01080089712049812
N(CCOC)(C(=O)CC)CC(=O)C1C(=C(C(=O)OCC)NC=1C)C,0.009721684665419162
N(CCOC)(C(=O)C1=CC=CC(OC)=C1)CC(=O)C1C(=C(C(OCC)=O)N(C)C=1C)C,0.014637391176074743
N(CC1=CC=C(F)C=C1)(C(=O)C1=CC=CC=C1Cl)CC(=O)C1C(=C(C(=O)OCC)NC=1C)C,0.007448802632279694
N(CC1=CC=CO1)(C(=O)CC)CC(=O)C1C(=C(C(=O)OCC)NC=1C)C,0.009914627904072404
N(CCOC)(C(=O)C1C=CC=CC=1)CC(=O)C1C(=C(C(=O)OCC)NC=1C)C,0.009097924409434199
N(C(C)C)(C(=O)CC(C)C)CC(=O)C1C(=C(C(OCC)=O)N(C)C=1C)C,0.018576467456296087
N(CC1=CC=C(F)C=C1)(C(=O)CC(C)C)CC(=O)C1C(=C(C(=O)OCC)NC=1C)C,0.008746091602370143
N(C1C=CC(=CC=1)C1C(C(=O)OCC)=C(C)N(CC)C(=S)N1)C(=O)NC1=CC=CC(CC)=C1,0.007796763209626079
N(CC1=CC=CO1)(C(=O)C1C=CC=CC=1)CC(=O)C1C(=C(C(=O)OCC)NC=1C)C,0.009257235378026963
N(CCOC)(C(=O)C1=CC=C(C=C1)F)CC(=O)C1C(=C(C(OCC)=O)N(C)C=1C)C,0.01351514020934701
N(C(C)C)(C(=O)C1C=CC(=CC=1)Cl)CC(=O)C1C(=C(C(OCC)=O)N(C)C=1C)C,0.013666962226852774
N(CC1=CC=C(F)C=C1)(C(=O)C1C=CC=CC=1)CC(=O)C1C(=C(C(=O)OCC)NC=1C)C,0.007889095554128289
N(CC1=CC=CO1)(C(=O)C1=CC=C(C)C=C1)CC(=O)C1C(=C(C(=O)OCC)NC=1C)C,0.009384277136996388
N(CCOC)(C(=O)C1=CC=CS1)CC(=O)C1C(=C(C(OCC)=O)N(C)C=1C)C,0.01302237226627767
O=C(C(CC)N1C2C(C(=O)N(C3C=CC(=CC=3)OC)C1=O)=CC=CC=2)NCC1C=CC=C(C=1)C(F)(F)F,0.005031737848185003
N1(C2=CC=CC=C2C2=CC=CC=C2)C(=O)C(C)N(C(=O)C2=CC=C(C=C2)OC)CC1,0.007953308057039976
C(C(=O)N(CC(CC)C)CC(=O)N1CCC2SC=CC=2C1COC1=CC=C(C=C1)C)OC,0.011217629723250865
C1(C(=O)N(CCCOC)CC(=O)N2CCC3SC=CC=3C2COC2=CC=C(C=C2)C)=CC=CO1,0.007966589205898345
C1(C(=O)N(CCCOC)CC(=O)N2CCC3SC=CC=3C2COC2=CC=C(C=C2)C)CCCC1,0.009328437549993396
C1(S(=O)(=O)N(CCCOC)CC(=O)N2CCC3SC=CC=3C2COC2=CC=C(C=C2)C)=CC=C(C)C=C1,0.0054000974632799625
C1(C(=O)N(CC(C)C)CC(=O)N2CCC3SC=CC=3C2COC2=CC=C(C=C2)C)=CC=C(C)C=C1,0.010871447483077645
C(NC(=O)N(CC=C)CC(=O)N1CCC2SC=CC=2C1COC1=CC=C(C=C1)C)(C)(C)C,0.005860604112967849
C(NC(=O)N(CCC)CC(=O)N1CCC2SC=CC=2C1COC1=CC=C(C=C1)C)(C)(C)C,0.0058435698505491015
C(NC(C1=CC2SC=CC=2N1CC1=C(OC)C=CC=C1)=O)C,0.006770021514967084
C(OC)CNC(C1=CC2SC(C)=CC=2N1CC1C=CC=CC=1)=O,0.006034936639480293
C1=CC(=CC(OC)=C1)C(=O)N(CC(CC)C)CC(=O)N1CCC2SC=CC=2C1COC1=CC=C(C=C1)C,0.0098885843064636
C(C(=O)N(CCCOC)CC(=O)N1CCC2SC=CC=2C1COC1=CC=C(C=C1)C)(C)C,0.009629476303234696
C(C(=O)N(CCCOC)CC(=O)N1CCC2SC=CC=2C1COC1=CC=C(C=C1)C)C1C=CC=CC=1,0.007978779659606517
C1(S(=O)(=O)N(CCCOC)CC(=O)N2CCC3SC=CC=3C2COC2=CC=C(C=C2)C)C=CC(=CC=1)OC,0.005223563103936612
C(C(=O)N(CC(C)C)CC(=O)N1CCC2SC=CC=2C1COC1=CC=C(C=C1)C)C1C=CC=CC=1,0.010973672987893224
C(NC(=O)N(CC=C)CC(=O)N1CCC2SC=CC=2C1COC1=CC=C(C=C1)C)(C)C,0.005660463543608785
C(NC(=O)N(CCC)CC(=O)N1CCC2SC=CC=2C1COC1=CC=C(C=C1)C)C,0.005355612002313137
C(OC)CNC(C1=CC2SC(C)=CC=2N1CC1C=CC=CC=1F)=O,0.004239251976832748
C(NC(C1=CC2SC=CC=2N1CC1=C(OC)C=CC=C1)=O)CC,0.00738788649905473
C1N(CCC1)C(C1=CC2SC(C)=CC=2N1CC1C=CC=CC=1)=O,0.009281743597239257
C1=CC(=CC2OCOC1=2)C(=O)N(CC(CC)C)CC(=O)N1CCC2SC=CC=2C1COC1=CC=C(C=C1)C,0.010011361120268703
C(C(=O)N(CCCOC)CC(=O)N1CCC2SC=CC=2C1COC1=CC=C(C=C1)C)OC,0.008402935974299908
C1(C(=O)N(CC2=CC=CO2)CC(=O)N2CCC3SC=CC=3C2COC2=CC=C(C=C2)C)=CC=C(C=C1)F,0.007373504689894617
C(C(=O)N(CC(C)C)CC(=O)N1CCC2SC=CC=2C1COC1=CC=C(C=C1)C)OC,0.011078455578535795
C1C=C(C=CC=1C)NC(=O)N(CC=C)CC(=O)N1CCC2SC=CC=2C1COC1=CC=C(C=C1)C,0.005360942799597979
C1C=C(C=CC=1C)NC(=O)N(CCC)CC(=O)N1CCC2SC=CC=2C1COC1=CC=C(C=C1)C,0.005399479414336383
C(NC(C1=CC2SC(C)=CC=2N1CC1C=CC=CC=1F)=O)C,0.004757542361039669
O1CCCC1CNC(C1=CC2SC=CC=2N1CC1=C(OC)C=CC=C1)=O,0.007302210596390068
C1(C(=O)N(CC(CC)C)CC(=O)N2CCC3SC=CC=3C2COC2=CC=C(C=C2)C)C=CC=C(Cl)C=1,0.008930399408563971
C(C(=O)N(CCCOC)CC(=O)N1CCC2SC=CC=2C1COC1=CC=C(C=C1)C)C(C)C,0.009659658838063478
C1(C(=O)N(CC(C)C)CC(=O)N2CCC3SC=CC=3C2COC2=CC=C(C=C2)C)=CC=CO1,0.010967690916731953
C1=CC(=CC(OC)=C1)C(=O)N(CC(C)C)CC(=O)N1CCC2SC=CC=2C1COC1=CC=C(C=C1)C,0.0098459015134722
C(NC(=O)N(CC=C)CC(=O)N1CCC2SC=CC=2C1COC1=CC=C(C=C1)C)CC,0.0055771415354683995
C1C=C(C=CC=1C)NC(=O)N(C1CC1)CC(=O)N1CCC2SC=CC=2C1COC1=CC=C(C=C1)C,0.005222386517561972
C(C(=O)N1CCSC21C(=O)N(CC1C=CC=C(F)C=1)C1C2=CC(=CC=1)F)OC,0.0068539937259629365
C1N(CCC1)C(C1=CC2SC(C)=CC=2N1CC1C=CC=CC=1F)=O,0.006870885682292283
C=CCNC(C1=CC2SC=CC=2N1CC1=C(OC)C=CC=C1)=O,0.006939193536527455
C1(S(=O)(=O)N(CC(CC)C)CC(=O)N2CCC3SC=CC=3C2COC2=CC=C(C=C2)C)=CC=C(C=C1)Cl,0.006257128366269171
C1(C(=O)N(CCCOC)CC(=O)N2CCC3SC=CC=3C2COC2=CC=C(C=C2)C)C=CC=CC=1,0.007672587851993739
C1=CC(=CC(OC)=C1)C(=O)N(CCCOC)CC(=O)N1CCC2SC=CC=2C1COC1=CC=C(C=C1)C,0.007380711007863283
C(C(=O)N(CC(C)C)CC(=O)N1CCC2SC=CC=2C1COC1=CC=C(C=C1)C)(C)C,0.012374525703489781
C1=CC(=CC2OCOC1=2)C(=O)N(CC(C)C)CC(=O)N1CCC2SC=CC=2C1COC1=CC=C(C=C1)C,0.009941493859514594
C(NC(=O)N(CC1CC1)CC(=O)N1CCC2SC=CC=2C1COC1=CC=C(C=C1)C)(C)(C)C,0.006128527759574354
C(NC(=O)N(C(C)CC)CC(=O)N1CCC2SC=CC=2C1COC1=CC=C(C=C1)C)(C)(C)C,0.006180223217234016
N(C1C=CC(=CC=1)C1N(C2C=CC(=CC=2)CC)C(=O)CS1)C(=O)C1CCC1,0.008846643567085265
N(C1C=CC(=CC=1)C1N(C2=C(C(C)C)C=CC=C2)C(=O)CS1)C(=O)C1CC1,0.008688422222621738
O1CCN(CC1)C(C1=CC2SC(C)=CC=2N1CC1C=CC=CC=1F)=O,0.005879038386046887
C1N(CCC1)C(C1=CC2SC=CC=2N1CC1=C(OC)C=CC=C1)=O,0.008982145041227341
C1(S(=O)(=O)N(CC(CC)C)CC(=O)N2CCC3SC=CC=3C2COC2=CC=C(C=C2)C)=CC=C(C)C=C1,0.007489642733708024
C1(C(=O)N(CCCOC)CC(=O)N2CCC3SC=CC=3C2COC2=CC=C(C=C2)C)=CC=C(C)C=C1,0.007947274413891137
C1=CC(=CC2OCOC1=2)C(=O)N(CCCOC)CC(=O)N1CCC2SC=CC=2C1COC1=CC=C(C=C1)C,0.0074628049740567805
C1(C(=O)N(CC(C)C)CC(=O)N2CCC3SC=CC=3C2COC2=CC=C(C=C2)C)=CC=CS1,0.011151658929884433
C1(C(=O)N(CC(C)C)CC(=O)N2CCC3SC=CC=3C2COC2=CC=C(C=C2)C)C=CC=C(Cl)C=1,0.008840954722836613
C1=C(C=CC=C1NC(=O)N(CC1CC1)CC(=O)N1CCC2SC=CC=2C1COC1=CC=C(C=C1)C)Cl,0.004458672925829887
C(NC(=O)N(C(C)CC)CC(=O)N1CCC2SC=CC=2C1COC1=CC=C(C=C1)C)(C)C,0.006076863128691911
C1(S(=O)(=O)N(CC(CC)C)CC(=O)N2CCC3SC=CC=3C2COC2=CC=C(C=C2)C)C=CC(=CC=1)OC,0.007012217631563544
C1(C(=O)N(CCCOC)CC(=O)N2CCC3SC=CC=3C2COC2=CC=C(C=C2)C)=CC=CC=C1F,0.006851282110437751
C1(C(=O)N(CCCOC)CC(=O)N2CCC3SC=CC=3C2COC2=CC=C(C=C2)C)C=CC=C(Cl)C=1,0.006532901944592595
C(C(=O)N(CC(C)C)CC(=O)N1CCC2SC=CC=2C1COC1=CC=C(C=C1)C)C(C)C,0.01262044939212501
C1(S(=O)(=O)N(CC(C)C)CC(=O)N2CCC3SC=CC=3C2COC2=CC=C(C=C2)C)=CC=C(C=C1)Cl,0.006278943084180355
C1C=C(C=CC=1C)NC(=O)N(CC1CC1)CC(=O)N1CCC2SC=CC=2C1COC1=CC=C(C=C1)C,0.005491005047224462
C1C=C(C=CC=1C)NC(=O)N(C(C)CC)CC(=O)N1CCC2SC=CC=2C1COC1=CC=C(C=C1)C,0.005653493688441813
C1CCCN1C(CC1=CC=C(C=C1)N(C(=O)COC)CC1C=C(C)C=CC=1)=O,0.010046664113178849
C(OCC)(=O)C1CN(CCC1)C(C1=CC2SC=CC=2N1CC1=C(OC)C=CC=C1)=O,0.007064531673677266
C1(C(=O)N(CCCOC)CC(=O)N2CCC3SC=CC=3C2COC2=CC=C(C=C2)C)C=CC=C(F)C=1,0.006603039707988501
C1(S(=O)(=O)N(CCCOC)CC(=O)N2CCC3SC=CC=3C2COC2=CC=C(C=C2)C)=CC=C(C=C1)Cl,0.004552812420297414
C1(C(=O)N(CC(C)C)CC(=O)N2CCC3SC=CC=3C2COC2=CC=C(C=C2)C)C=CC=CC=1,0.010510801011696458
C1(S(=O)(=O)N(CC(C)C)CC(=O)N2CCC3SC=CC=3C2COC2=CC=C(C=C2)C)=CC=C(C)C=C1,0.007613480137661099
C(NC(=O)N(CC1CC1)CC(=O)N1CCC2SC=CC=2C1COC1=CC=C(C=C1)C)CC,0.005954756983555853
C1=C(C=CC=C1NC(=O)N(C(C)C)CC(=O)N1CCC2SC=CC=2C1COC1=CC=C(C=C1)C)Cl,0.00438274386106059
N(C(=O)C1C=CC=CC=1)(CC(=O)C1C(=C(C(=O)OC)N(CC)C=1C)C)C1CC1,0.01402863124385476
O=C(C1CCC1)N(C1CCCCC1)CC(=O)C1C(=C(C(OCC)=O)N(C)C=1C)C,0.01759985266253352
N(C(=O)C1=CC=C(C=C1)F)(C(C)C(=O)C1C(=C(C(=O)OCC)NC=1C)C)CC,0.009292778465896845
N(C(=O)NC(C)(C)C)(CC(=O)C1C(=C(C(=O)OC)N(CC)C=1C)C)C1CC1,0.010778902936726809
N(C(=O)C1=CC=C(C=C1)OC)(CC(=O)C1C(=C(C(=O)OC)N(C)C=1C)C)C1CC1,0.014448133111000062
N(CCC)(C(CN1C2C(C(=O)N(C3C=CC=C(OC)C=3)C1=O)=CC=C(C=2)Cl)=O)C,0.005922569753602147
N(S(=O)(=O)C1=CC=C(C)C=C1)(CC(=O)C1C(=C(C(=O)OC)N(C)C=1C)C)CC=C,0.010869162902235985
N(C(=O)C1=CC=C(C)C=C1)(C(C)C(=O)C1C(=C(C(=O)OCC)NC=1C)C)CC1=CC=CO1,0.009860038384795189
N(C(C)CC)C(CN1C2C(C(=O)N(C3C=CC(=CC=3)OCC)C1=O)=CC=CC=2)=O,0.006149542494677007
N(C(=O)C(C)C)(CC(=O)C1C(=C(C(=O)OC)N(C)C=1C)C)CC1=CC=C(F)C=C1,0.01360209509730339
O=C(CN1C2C(C(=O)N(C3=CC=C(F)C=C3)C1=O)=CC=CC=2)NCCOC,0.003859317698515952
C1(C(=O)N(CC2=CC=C3OCOC3=C2)CC2=NOC(C3=CC(OC)=CC=C3)=C2)CC1,0.010968817304819823
N(S(=O)(=O)C1=CC=CC=C1)(CC(=O)C1C(=C(C(=O)OC)N(C)C=1C)C)C1CCCCC1,0.010910236276686192
N(C(=O)C1C=CC=CC=1)(C(C)C(=O)C1C(=C(C(=O)OCC)NC=1C)C)C1CC1,0.009777301037684084
O=C(CN1C2C(C(=O)N(C3=CC=CC=C3CC)C1=O)=CC=CC=2)NCC(C)C,0.00642510389443487
N(C(=O)C1CCC1)(CC(=O)C1C(=C(C(OCC)=O)N(CC)C=1C)C)CC1=CC=C(F)C=C1,0.012209572177380324
N(C(=O)C1=CC=CC=C1Cl)(CC(=O)C1C(=C(C(=O)OC)N(CC)C=1C)C)C(C)(C)C,0.013528879964724183
O=C(C1=CC=C(C=C1)F)N(CC1=CC=CO1)CC(=O)C1C(=C(C(=O)OC)NC=1C)C,0.008433655742555857
O=C(C1CC1)N(CC1CCCO1)CC(=O)C1C(=C(C(=O)OC)NC=1C)C,0.010594100458547473
C1N(CCC(C(=O)OCC)C1)C(C1=CC2SC(C)=CC=2N1CC1=CC=C(C=C1)F)=O,0.006629937910474837
C(CCN(CC(C)C)C(C1=NOC(C2=CC=C(OC)C=C2)=C1)=O)(=O)NC1CC1,0.009265933907590807
N(C(=O)C1C=CC=CC=1)(CC(=O)C1C(=C(C(=O)OC)N(C)C=1C)C)C1CC1,0.014792756689712406
N(C(=O)C1C=CC=CC=1)(C(C)C(=O)C1C(=C(C(=O)OC)NC=1C)C)CC1=CC=CO1,0.009567277552559973
C(OCC)(=O)C1CN(CCC1)C(C1=CC2SC(C)=CC=2N1CC1=CC=C(C=C1)F)=O,0.006309275422245264
C1(NC(=S)NC(C=1C(NC1CC1)=O)C1C=CC(=CC=1)OCC)C,0.012149316724389791
C1(C(=O)N2CC(C(C3=CC(C(F)(F)F)=CC=C3)C2)C(=O)NCCCC)C=CC(Cl)=CC=1Cl,0.005640414881054312
C(C(=O)N1CC(C(C2=CC=C(OC)C=C2)C1)C(=O)NCCCC)C1C=CC=CC=1,0.008844766323454678
C(C(=O)N1CC(C(C2=CC=C(OC)C=C2)C1)C(=O)NCCC(C)C)C1C=CC=CC=1,0.010238513303920626
O=C(C1=CC=C(C=C1)OC)N(CCC(C)C)CC(=O)C1C(=C(C(=O)OC)NC=1C)C,0.010631704470142722
O=C(C1=CC=C(C)C=C1)N(CCC(C)C)CC(=O)C1C(=C(C(=O)OC)NC=1C)C,0.01123150191269815
C(CN(CCCC)C(=O)NC1C=CC(=CC=1)C(F)(F)F)(=O)NC1=C(C(=NN1C1=CC=C(C)C=C1)C)C1C=CC=CC=1,0.0036349941161461174
O=C(C1C=CC=C(F)C=1)N(CCC(C)C)CC(=O)C1C(=C(C(=O)OC)NC=1C)C,0.00886283062864095
C(CN(CCCC)C(=O)NC1C=CC=C(OC)C=1)(=O)NC1=C(C(=NN1C1=CC=C(C)C=C1)C)C1C=CC=CC=1,0.004322960530407727
O=C(C1=CC=CO1)N(CCCOCC)CC(=O)C1C(=C(C(=O)OC)NC=1C)C,0.008615282038226724
N(C(=O)C1C=CC(=CC=1)Cl)(CC(=O)C1C(=C(C(=O)OC)NC=1C)C)CC1CCCCC1,0.009410039288923144
C(COC1C=CC=C(C=1)C1=NOC(C2=CC(OC)=CC=C2)=N1)(=O)C1=CC=C(C)C=C1,0.01308700768277049
O=C(N(CCCOCC)CC(=O)C1C(=C(C(=O)OC)NC=1C)C)NC(C)C,0.006513328407891095
N(S(=O)(=O)C1C=CC(=CC=1)OC)(C(C)C(=O)C1C(=C(C(=O)OCC)NC=1C)C)CC=C,0.006678322027437389
CC(=O)N(C(C)CC)CC1C(C2C=CC=CC=2)=NOC=1N1CCOCC1,0.008778113825246691
C(C)NC(C1=CC=C(C=C1)NC1C(=O)N(C)N=CC=1OC1=CC(C)=C(Cl)C=C1)=O,0.005298222601413727
O=C(C1C=CC(=CC=1)Cl)N(CC1CCCCC1)CC(=O)C1C(=C(C(=O)OCC)NC=1C)C,0.009520757384598256
N(C(=O)C1C=CC(=CC=1)Cl)(C(C)C(=O)C1C(=C(C(=O)OC)NC=1C)C)CC1=CC=C(F)C=C1,0.007316249632276594
CCN(C)C(C1=CC2SC(C)=CC=2N1CC1C=CC=C(C)C=1)=O,0.010044052824378013
N(C(=O)C1CC1)(C(C)C(=O)C1C(=C(C(OCC)=O)N(C)C=1C)C)CC1=CC=C(F)C=C1,0.013099477486684918
N(C(=O)COC)(CC(=O)C1C(=C(C(=O)OC)N(C)C=1C)C)CCC,0.015592024195939302
C(CN(C(C)C)C(=O)C1C=CC(=CC=1)Cl)(=O)NC1=C(C(=NN1C1=CC=C(C)C=C1)C)C1C=CC=CC=1,0.0062009204179048535
C(CN(C(C)C)C(=O)C1C=CC(C)=CC=1)(=O)NC1=C(C(=NN1C1=CC=C(C)C=C1)C)C1C=CC=CC=1,0.007194539462216198
N(C(=O)C1C=CC=CC=1)(C(C)C(=O)C1C(=C(C(OCC)=O)N(CC)C=1C)C)CC=C,0.014174804324284196
N(C(=O)C1=CC=C(C)C=C1)(C(C)C(=O)C1C(=C(C(OCC)=O)N(CC)C=1C)C)CC=C,0.014550679689273238
C(CN(CC(C)C)C(=O)C1=C(C)C=CC=C1)(=O)NC1=CC(=NN1C1C=CC(C)=CC=1C)C(C)(C)C,0.008410477708093823
N(C(=O)C1=CC=C(C=C1)F)(C(C)C(=O)C1C(=C(C(OCC)=O)N(C)C=1C)C)CC1=CC=C(F)C=C1,0.013097658101469279
N(C(=O)C1=CC=C(C=C1)OC)(C(C)C(=O)C1C(=C(C(OCC)=O)N(C)C=1C)C)CC1=CC=C(F)C=C1,0.012260457640513778
C1(C(=O)N2CC(C(C3=CC=C(F)C=C3)C2)C(=O)NCCCC)=CC=C(C=C1)OC,0.007280066469684243
C1(NC(=O)N2CCN(CC2C)C(C2=CC3C=CSC=3N2CC2=CC=CC(OC)=C2)=O)C=CC(=CC=1)OC,0.003423543483950198
C1(C(=O)N2CC(C(C3=CC=C(F)C=C3)C2)C(=O)NCCCC)C=CC=CC=1,0.006405491684563458
C(CN(CC(C)C)C(=O)C1C=CC(=CC=1)F)(=O)NC1=C(C(=NN1C1=CC=C(C)C=C1)C)C1C=CC=CC=1,0.006904329848475754
C1(C(=O)N2CC(C(C3=CC=C(F)C=C3)C2)C(=O)NCCCC)=CC=C(C)C=C1,0.006965279090218246
C(F)(F)(F)C1=CC=C(C=C1)NC(=O)N1CCN(CC1C)C(C1=CC2C=CSC=2N1CC1C=CC=C(F)C=1)=O,0.0026777975261211397
C1(NC(=O)N2CCN(CC2C)C(C2=CC3C=CSC=3N2CC2=CC=CC=C2C)=O)=CC=CC(C)=C1,0.004054170893505215
C1(C(=O)N2CC(C(C3=CC=C(F)C=C3)C2)C(=O)NCCCC)C=CC(=CC=1)Cl,0.006439264025539159
C(OCC)(=O)C1=CC=C(C=C1)NC(=O)N1CCN(CC1C)C(C1=CC2C=CSC=2N1CC1=CC=CC(OC)=C1)=O,0.003313401609193534
C(CN(CC(C)C)C(=O)CC1C=CC=CC=1)(=O)NC1=CC(=NN1C1C=CC(C)=CC=1C)C(C)(C)C,0.008919991878792643
C1(C=CC=CC=1)CNC(=O)N1CCN(CC1C)C(C1=CC2C=CSC=2N1CC1=CC=CC=C1C)=O,0.004004451236687601
C(C(=O)N1CCN(CC1C)C(C1=CC2C=CSC=2N1CC1C=CC=C(F)C=1)=O)CC1C=CC=CC=1,0.005323612503707409
C(CN(C(C)C)C(C1=CC=C(C=C1)N(=O)=O)=O)(=O)NC1=C(C(=NN1C1=CC=C(C)C=C1)C)C1C=CC=CC=1,0.004162803792860359
C(CN(CCCCC)C(=O)NC1=CC=C(C=C1)Cl)(=O)NC1=CC(=NN1C1C=CC(C)=CC=1C)C(C)(C)C,0.0039210813120007515
N#CC1=CC=C(C=C1)NC(=O)N1CCN(CC1C)C(C1=CC2C=CSC=2N1CC1=CC=CC=C1C)=O,0.0030030481051653624
C1(C(=O)N2CCN(CC2C)C(C2=CC3C=CSC=3N2CC2=CC=CC=C2C)=O)C=CC(=CC=1)F,0.006152756372466683
C(CN(CC(C)C)C(=O)C1C=CC(=CC=1)Cl)(=O)NC1=C(C(=NN1C1=CC=C(C)C=C1)C)C1C=CC=CC=1,0.006239072582684457
C1(C(=O)N2CC(C(C3=CC=C(F)C=C3)C2)C(=O)NCCCC)=CC=C(C=C1)F,0.006180197140201927
C1(NC(=O)N2CCN(CC2C)C(C2=CC3C=COC=3N2CC2=CC=CC(OC)=C2)=O)C=CC=CC=1OC,0.003968308644834906
C(C(=O)N1CCN(CC1C)C(C1=CC2C=CSC=2N1CC1=CC=CC=C1C)=O)C1=CC=CS1,0.007078757602721452
C(CN(CC1=CC=CC=C1)C(=O)NC1=CC=C(Cl)C(Cl)=C1)(=O)NC1=CC(=NN1C1C=CC(C)=CC=1C)C(C)(C)C,0.003776800911873579
C(CN(CC(C)C)C(=O)CCC1C=CC=CC=1)(=O)NC1=CC(=NN1C1C=CC(C)=CC=1C)C(C)(C)C,0.008709574956446886
C(NC(=O)N(C(C)CC)CC1C=C(OS(=O)(=O)C2=CC=C(C=C2)NC(C)=O)C=CC=1)(C)C,0.00579509164672345
C(CN(CC(C)C)C(=O)C1=C(C)C=CC=C1)(=O)NC1=C(C(=NN1C1=CC=C(C)C=C1)C)C1C=CC=CC=1,0.007490797969512642
C(N(CC(C)C)CC1C=CC(OS(=O)(=O)C2=CC=C(C=C2)NC(C)=O)=CC=1)(=O)C1C=CC=C(F)C=1,0.006407238868996501
C(CN(CCCC)C(=O)C1C=CC(CCCC)=CC=1)(=O)NC1=CC(=NN1C1C=CC(C)=CC=1C)C(C)(C)C,0.008250750927254557
C(NC(=O)N(CC(C)C)CC1C=CC(OS(=O)(=O)C2=CC=C(C=C2)NC(C)=O)=CC=1)(C)C,0.005528861377388239
C1(NC(=O)N(C(C)C)CC2C=CC(OS(=O)(=O)C(C)C)=CC=2)C=CC=CC=1OC,0.00720189290586859
C(CN(CC(C)C)C(=O)C1C(OC)=CC(OC)=CC=1)(=O)NC1=C(C(=NN1C1=CC=C(C)C=C1)C)C1C=CC=CC=1,0.006499620876275003
C(CN(CC(C)C)C(=O)NC1C=CC(=CC=1)C)(=O)NC1=C(C(=NN1C1=CC=C(C)C=C1)C)C1C=CC=CC=1,0.004910851852037013
C(F)(F)(F)C1=CC=CC(CNC(C2=C(C)C(=C(C)N2CC2=CC=C(F)C(F)=C2)C)=O)=C1,0.006109260232187807
C(CN(C(C)C)C(=O)NC1=CC=CC(CC)=C1)(=O)NC1=C(C(=NN1C1=CC=C(C)C=C1)C)C1C=CC=CC=1,0.004533269256353378
O=C(CN1C2C(C(=O)N(C3=CC=C(C(C)=O)C=C3)C1=O)=CC=C(C=2)Cl)NC1C=CC(OC)=C(OC)C=1,0.005919354129582643
C(OCC)(=O)C1CCCN(C1)C(C1C=NN(C=1CCC)C1=CC=CC(F)=C1)=O,0.006978840543888509
N(C(=O)C)(CC1C=CC(=CC=1)OS(=O)(=O)C1C=CC(=CC=1)F)CC1=CC=CO1,0.007906172703951598
C1(=CC=CS1)C(=O)N(C(C)C)CC1C=C(OS(=O)(=O)C(C)C)C=CC=1,0.00969071495346725
C12=CC(CNC(C3=C(C)C(=C(C)N3CC3=CC=C(C=C3)C)CC)=O)=CC=C1OCO2,0.010900523187592626
C1(=CC=CS1)C(=O)N(CC1CCCO1)CC1=CC(=CC=C1OS(=O)(=O)C1=CC=C(C=C1)NC(C)=O)Cl,0.004477580124512315
N(CC(C)C)(C(=O)C1C=CC=CC=1F)CC1=CC=CC(=C1)OS(=O)(=O)CC,0.010059278551489114
C(N(CC(C)C)CC1=CC(=CC=C1OS(=O)(=O)C)Cl)(CC(C)(C)C)=O,0.0107889533508569
C1(=CC=CC=C1)C(C)NC(C1=C(C)C(=C(C)N1CC1=CC=C(C=C1)F)CC)=O,0.009125813515856862
C(C1=C(C)C=C(C)N1CC1C=CC=C(F)C=1)(NCCC1C=CC(OC)=C(OC)C=1)=O,0.007821046048775315
C1N(CCCC1)C(CC(C1=CC=C(C=C1)F)C1C2=CC=CC=C2N(C=1)CC1C=CC=CC=1)=O,0.0086238622199744
C(NC(CC(C1=CC=C(C=C1)F)C1C2=CC=CC=C2N(C=1)CC1C=CC=CC=1)=O)(C)C,0.008220625156536699
N(CC)C(N(C(C)CC)CC1=CC(=CC=C1OS(=O)(=O)C1=CC=C(C=C1)F)Cl)=O,0.0051376914605498316
C(N(CC1=CC=C(F)C=C1)CC1C=CC(OS(=O)(=O)C(C)C)=CC=1)(C(C)C)=O,0.010076274769380689
N(C1CC1)C(CN1C2C(C(=O)N(C3C=CC(C)=C(Cl)C=3)C1=O)=CC=C(C=2)Cl)=O,0.005037928349338472
N(C(=O)C1C=CC=C(F)C=1)(CC1C=CC(=CC=1)OS(=O)(=O)CC)CC1=CC=CO1,0.00978495692834258
C1N(CCCC1)C(CC(C1C=CC=C(C)C=1)C1C2=CC=CC=C2N(C=1)CC1=CC=C(C=C1)F)=O,0.009026222443208099
C1(NC(CC(C2=CC=C(C=C2)F)C2C3=CC=CC=C3N(C=2)CC2C=CC=CC=2)=O)CC1,0.008011596836149692
N(C(C)(C)C)C(N(CC1CCCO1)CC1=CC(=CC=C1OS(=O)(=O)C1=CC=C(C=C1)F)Cl)=O,0.004884593433234841
C(N(CC1CCCO1)CC1=CC(OS(=O)(=O)C)=C(OC)C=C1)(CC(C)(C)C)=O,0.012599786464124917
C(N(CCOC)CC1=CC(=CC=C1OS(=O)(=O)C)Cl)(COC)=O,0.008303474448621274
N(CCC)C(CN1C2C(C(=O)N(C3C=CC(F)=C(Cl)C=3)C1=O)=CC=CC=2)=O,0.0042196175665594636
C(NC(CC(C1=CC(OC)=CC(OC)=C1)C1C2=CC=CC=C2N(C=1)CC1=CC=C(C=C1)F)=O)CC(C)C,0.007518671941943467
C1(=CC=CC=C1)CCNC(CC(C1=CC=C(C=C1)F)C1C2=CC=CC=C2N(C=1)CC1C=CC=CC=1)=O,0.008726578112691641
C(N(CCOC)CC1=CC(OS(=O)(=O)C(C)C)=C(OC)C=C1)(C)=O,0.012521566078066825
C(N(C(C)CC)CC1=CC(=CC=C1OS(=O)(=O)C)Cl)(C)=O,0.008476816397160292
N(CCC)C(CN1C2C(C(=O)N(C3C=CC(=CC=3)OC)C1=O)=CC=C(C=2)Cl)=O,0.004587124963290989
C(NC(CC(C1=CC(OC)=CC(OC)=C1)C1C2=CC=CC=C2N(C=1)CC1=CC=C(C=C1)F)=O)CCC,0.006089555332437158
C(C1=CC(OS(=O)(=O)C(C)C)=C(OC)C=C1)N(C(NC(C)C)=O)C(C)C,0.008900133846327662
C(N(C(C)C)CC1C=CC(OS(=O)(=O)C(C)C)=CC=1)(C(C)C)=O,0.013280414463952183
N(C(=O)CC(C)C)(CC1C=CC(=CC=1)OS(=O)(=O)C1C=CC(=CC=1)F)C(C)C,0.009775056643411517
C(NC(CC(C1=CC=C(C=C1)F)C1C2=CC=CC=C2N(C=1)CC1C=CC=CC=1)=O)CC(C)C,0.00873294067569077
C1(NC(CC(C2=CC=C(C=C2)F)C2C3=CC=CC=C3N(C=2)CC2C=CC(=CC=2)C)=O)CCCCC1,0.009386430028825998
N1(C(C2C=NN(C=2CCC)C2C=CC=CC=2C)=O)CC(C(OCC)=O)CCC1,0.009582888800650835
C(C(=O)N(CC=C)CC(=O)N(CCC1C=CC(OC)=C(OC)C=1)CC1=CC=C(C)O1)C,0.011790286330506206
C(NC(=O)N(C1CC1)CC1C=CC(OS(=O)(=O)C2=CC=C(C=C2)F)=CC=1)(C)C,0.005958027648739516
C(NC(CC(C1=CC=C(C=C1)F)C1C2=CC=CC=C2N(C=1)CC1C=CC=CC=1)=O)CCC,0.00739537721965462
C(NC(CC(C1=CC(OC)=CC(OC)=C1)C1C2=CC=CC=C2N(C=1)CC1=CC=C(C=C1)F)=O)CCCC,0.006151582766324282
C(NC(CC(C1C=CC=C(C)C=1)C1C2=CC=CC=C2N(C=1)CC1C=CC(=CC=1)C)=O)C(C)C,0.013728013914078473
N(CCOC)(C(=O)C)CC1=CC(=C(OC)C=C1)OS(=O)(=O)C1C=CC(=CC=1)F,0.008851766167208553
C(N(CC(C)C)CC1C=CC(OS(=O)(=O)C(C)C)=CC=1)(=O)C1C=CC=C(F)C=1,0.009979848004877567
N(CC(C)C)(C(NC1C=CC=CC=1OC)=O)CC1C=CC(=CC=1)OS(=O)(=O)C,0.006620302353985608
C(NC(CC(C1=CC=C(C=C1)F)C1C2=CC=CC=C2N(C=1)CC1C=CC=CC=1)=O)CCCC,0.007601488963700831
O(C)CCNC(CC(C1C=CC=C(C)C=1)C1C2=CC=CC=C2N(C=1)CC1C=CC(=CC=1)C)=O,0.01054356461390853
C(CN(CCCC)C(=O)NC1=CC=CC(Cl)=C1)(=O)NC1=C(C(=NN1C1=CC=C(C)C=C1)C)C1C=CC=CC=1,0.0037733567878603935
C(CN(CCCC)C(=O)NC1=CC=C(C=C1)Cl)(=O)NC1=C(C(=NN1C1=CC=C(C)C=C1)C)C1C=CC=CC=1,0.003790871473029256
C(F)(F)(F)C1C=CC(=CC=1)COC1C[C@](OCC2C=CC=CC=2F)(C(NC(C)C)=O)C[C@H]2OC(C)(C)O[C@H]21,0.00652465014718473
C(NC(=O)N(CCOC)CC1=C(OS(=O)(=O)C2C=CC(=CC=2)OC)C=CC=C1)(C)C,0.006489523313939571
C(NC(=O)N(CC1=CC=C(F)C=C1)CC1=CC(OS(=O)(=O)CC)=C(OC)C=C1)(C)(C)C,0.007452662498690188
C(CN(CC(C)C)C(C1=CC=C(C)C(=C1)N(=O)=O)=O)(=O)NC1=C(C(=NN1C1=CC=C(C)C=C1)C)C1C=CC=CC=1,0.0052231489680707455
C(CN(CCCC)C(=O)NC1=CC=CC(C)=C1)(=O)NC1=C(C(=NN1C1=CC=C(C)C=C1)C)C1C=CC=CC=1,0.0046200059121474625
C(F)(F)(F)C1C=CC(=CC=1)COC1C[C@](OCC2C=CC=CC=2C#N)(C(NC(C)C)=O)C[C@H]2OC(C)(C)O[C@H]21,0.005476330989040434
C(NC(=O)N(CC1CCCO1)CC1C=C(OS(=O)(=O)C2C=CC(=CC=2)OC)C=CC=1)(C)(C)C,0.006264607328921557
C1(=CC=CO1)C(=O)N(CC1=CC=CO1)CC1=C(OS(=O)(=O)C2C=CC(=CC=2)OC)C=CC=C1,0.012527190474793315
C(CN(CC(C)C)C(=O)C1=CC=CC(OC)=C1)(=O)NC1=C(C(=NN1C1=CC=C(C)C=C1)C)C1C=CC=CC=1,0.007049012649804354
C(CN(CC(C)C)C(C1C=CC=C(C=1)C(F)(F)F)=O)(=O)NC1=C(C(=NN1C1=CC=C(C)C=C1)C)C1C=CC=CC=1,0.00539312141481787
C(N(CC1=CC=C(F)C=C1)CC1=CC(=CC=C1OS(=O)(=O)C1=CC=C(C=C1)F)Cl)(C1CCC1)=O,0.007893301383592188
C(N(CCOC)CC1=CC(OS(=O)(=O)C2C=CC(=CC=2)OC)=C(OC)C=C1)(CC(C)(C)C)=O,0.011832244647666811
C(CN(C(C)C)C(=O)NC1=CC=CC(C)=C1)(=O)NC1=C(C(=NN1C1=CC=C(C)C=C1)C)C1C=CC=CC=1,0.004546206910163164
C(CN(C(C)C)C(=O)C1C(OC)=CC(OC)=CC=1)(=O)NC1=C(C(=NN1C1=CC=C(C)C=C1)C)C1C=CC=CC=1,0.006047473312355578
C(N(CC1=CC=CO1)CC1C=C(OS(=O)(=O)C2=CC=C(C=C2)NC(C)=O)C=CC=1)(COC)=O,0.007254503318108618
N(CCOC)(C(=O)CC(C)C)CC1=CC(=C(OC)C=C1)OS(=O)(=O)C1C=CC(=CC=1)F,0.009869667608290911
C(NC(=O)N(CC1=CC=C(F)C=C1)CC1=CC(OS(=O)(=O)C2=CC=C(C=C2)F)=C(OC)C=C1)(C)C,0.006010003085248172
C1(=CC=CS1)C(=O)N(CC1=CC=CO1)CC1=C(OS(=O)(=O)C2=CC=C(C=C2)NC(C)=O)C=CC=C1,0.0061214582296088334
C(CN(CC(C)C)C(=O)C1C=CC(=CC=1)C(C)(C)C)(=O)NC1=C(C(=NN1C1=CC=C(C)C=C1)C)C1C=CC=CC=1,0.007780518312938511
O=C(C1=CC=C(C=C1)CN1C2C(C(=O)N(C3C=CC(C)=C(C)C=3)C1=O)=CC=CC=2)NC(C)C1=CC=CC=C1,0.007768605323508382
C(N(CCOC)CC1=CC(OS(=O)(=O)C2=CC=C(C=C2)NC(C)=O)=C(OC)C=C1)(CC(C)(C)C)=O,0.009369071433320641
C(NC(=O)N(CC1=CC=CO1)CC1=CC(OS(=O)(=O)C2=CC=C(C=C2)F)=C(OC)C=C1)(C)C,0.006131096300669015
C(N(CC1=CC=CO1)CC1C=CC(OS(=O)(=O)C2=CC=C(C=C2)NC(C)=O)=CC=1)(C1CCC1)=O,0.007729951036162674
C(CN(CCCC)C(=O)NC(C)(C)C)(=O)NC1=C(C(=NN1C1=CC=C(C)C=C1)C)C1C=CC=CC=1,0.005310620064847171
C(CN(CC(C)C)C(=O)NC1=CC=CC(Cl)=C1)(=O)NC1=CC(=NN1C1C=CC(C)=CC=1C)C(C)(C)C,0.004580573213752359
C(CN(CC(C)C)C(=O)NC1=CC=C(C=C1)Cl)(=O)NC1=C(C(=NN1C1=CC=C(C)C=C1)C)C1C=CC=CC=1,0.0040059920866042376
C(F)(F)(F)C1C=CC(COC2C[C@](OCC3C=CC=C(F)C=3)(C(NCC(C)C)=O)C[C@H]3OC(C)(C)O[C@H]32)=CC=1,0.006935623683966696
N(C(NC1C=CC=CC=1OC)=O)(CC1C=CC(=CC=1)OS(=O)(=O)CC)CCOC,0.006180644291453064
C(N(C1CC1)CC1=CC(OS(=O)(=O)C2=CC=C(C=C2)NC(C)=O)=C(OC)C=C1)(C1CCC1)=O,0.00885018790140748
C1(=CC=CC=C1Cl)C(=O)N(CC1CCCO1)CC1=CC(OS(=O)(=O)C2C=CC(=CC=2)OC)=C(OC)C=C1,0.008697726717218756
C(N(CC1CCCO1)CC1=CC(OS(=O)(=O)C(C)C)=C(OC)C=C1)(CC(C)(C)C)=O,0.013330376148223877
C1=C(C=CC=C1Cl)COC1C[C@](OCC2C=CC=C(F)C=2)(C(NC2CC2)=O)C[C@H]2OC(C)(C)O[C@H]21,0.007573263067752123
C1(NC(=O)N(CCOC)CC2=CC(OS(=O)(=O)CC)=C(OC)C=C2)C=CC=CC=1OC,0.0074675011215731505
C(N(CC1=CC=CO1)CC1=CC(OS(=O)(=O)C2C=CC(=CC=2)OC)=C(OC)C=C1)(CC(C)(C)C)=O,0.011635579215362669
C(N(CC1CCCO1)CC1=CC(OS(=O)(=O)C2C=CC(=CC=2)OC)=C(OC)C=C1)(CC(C)C)=O,0.010907666850835085
C1(=CC=CS1)C(=O)N(CC1=CC=C(F)C=C1)CC1C=C(OS(=O)(=O)C2C=CC(=CC=2)OC)C=CC=1,0.007028267229907214
C(CN(C(C)C)C(=O)NC1=CC=C(C=C1)SC)(=O)NC1=C(C(=NN1C1=CC=C(C)C=C1)C)C1C=CC=CC=1,0.0037203471292741597
C1(S(=O)(=O)N(C2CCCCC2)CC(N(CC2=CC=C(F)C=C2)CC2=CC=C(C)S2)=O)C=CC=CC=1,0.006656646961346269
C1(C(=O)NCC2N(C(NC3=CC=C(OCC)C=C3)=O)CCC3C2=CC(OC)=C(OC)C=3)=CC=CC=C1Cl,0.005185150948818773
C1(C(=O)N(CC(C)C)CC(N(CC2=CC=C(F)C=C2)CC2=CC=C(C)S2)=O)C=CC(=CC=1)F,0.008232211554422974
C(C(=O)NCC1N(C(NC2=CC=C(OCC)C=C2)=O)CCC2C1=CC(OC)=C(OC)C=2)C(C)C,0.006884376308880747
C1(C(=O)N(CC(C)C)CC(N(CC2=CC=C(F)C=C2)CC2=CC=C(C)S2)=O)C=CC(=CC=1)Cl,0.007968023675493896
C(C(=O)NCC1N(C(NC2=CC=C(OCC)C=C2)=O)CCC2C1=CC(OC)=C(OC)C=2)C1C=CC=CC=1,0.0054401896428316835
C(NC(=O)N(C(CC)C)CC(=O)N(CCC1C=CC(OC)=C(OC)C=1)CC1=CC=C(C)O1)(C)(C)C,0.007575581618584693
C1(NC(=O)N(CC(C)C)CC(=O)N(CCC2C=CC(OC)=C(OC)C=2)CC2=CC=C(C)O2)C=CC(=CC=1)OC,0.006772171170450747
C1N(CCC(C(=O)OCC)C1)C(C1=CC2SC(C)=CC=2N1CC1C=CC=C(C)C=1)=O,0.008855340583249927
O(C1C(=CC=C(Cl)C=1)C1OC2C=CC=C(C)C=2N=1)S(=O)(=O)CC,0.005855388147756458
C(NC(C1=CC2SC=CC=2N1C(C)C1=CC=CC=C1)=O)C(C)C,0.009189931489527226
C(NC(C1=CC2SC=CC=2N1C(C)C1=CC=CC=C1)=O)CC,0.00855752769857645
C(NC(C1=CC2SC(Br)=CC=2N1CC1=CC(OC)=CC=C1)=O)(C)C,0.008458957122638822
C(N(CC1=CC(=CC=C1OS(=O)(=O)CC)Cl)C(C)C)(C)=O,0.00925311604514718
C=CCNC(C1=CC2SC=CC=2N1C(C)C1=CC=CC=C1)=O,0.007946042460389435
C(NC(C1=CC2SC(Br)=CC=2N1CC1=CC(OC)=CC=C1)=O)C,0.007797427591867745
N(C1=C(C(C)=CC=C1)C1OC2C=CC(=CC=2N=1)Cl)C(=O)C1=CC=CC=C1OC,0.004787163413129747
C1N(CCC(C(=O)OCC)C1)C(C1=CC2SC=CC=2N1C(C)C1=CC=CC=C1)=O,0.008677866635844111
C=CCNC(C1=CC2SC=CC=2N1CCC1=CC=CC=C1)=O,0.007497025490738452
C(NC(C1=CC2SC(Br)=CC=2N1CC1=CC(OC)=CC=C1)=O)CC,0.008392872009426355
O(C1=C(C=CC=C1)C1OC2C=C(C=CC=2N=1)C)S(=O)(=O)C1=CC=C(C)C=C1,0.00685752909630537
N(C1C=CC(=CC=1C)C1OC2C=CC=CC=2N=1)C(=O)C1C=CC(Cl)=C(Cl)C=1,0.004967810062225908
C1(CCCN(C1)C(C1=CC2SC=CC=2N1C(C)C1=CC=CC=C1)=O)C(=O)OCC,0.008691968861967325
C1(CC1)NC(CC1C=C(C=CC=1)N(C(NC(C)(C)C)=O)CC1C=CC(F)=CC=1)=O,0.005081926775164902
C=CCNC(C1=CC2SC(Br)=CC=2N1CC1=CC(OC)=CC=C1)=O,0.00793550075031817
O=C(C(CC)N1C2C(C(=O)N(C3=CC=CC(C)=C3)C1=O)=CC=C(C=2)Cl)NCC1C=CC=C(C=1)C(F)(F)F,0.004266676609404385
O(C1C(=CC=C(Cl)C=1)C1OC2C=CC(=CC=2N=1)S(=O)(=O)CC)S(=O)(=O)C,0.005081876972690224
CCN(C)C(C1=CC2SC(C)=CC=2N1CC1=C(Cl)C=CC=C1)=O,0.008112018997780978
C1(C(=O)N(CC2CCCO2)CC(N(CC2=CC=C(F)C=C2)CC2=CC=C(C)S2)=O)C=CC(=CC=1)Cl,0.006335824402049184
C1(C(=O)N(CC2C=CC=C(Cl)C=2)CC2ON=C(C2)C2=CC=CC=C2F)=CC=CS1,0.006601894879713655
C1(C(=O)N(CC2=CC=C(C=C2)C(F)(F)F)CC2ON=C(C3C=CC(=CC=3)Cl)C2)=CC=CS1,0.006044167326763272
C1(C(=O)N(CC2=CC=CC(OC)=C2)CC2ON=C(C3C=CC(Cl)=C(Cl)C=3)C2)=CC=CO1,0.008907825988717376
O=C(CN1C2C(C(=O)N(C3=CC=CC(C(C)=O)=C3)C1=O)=CC=C(C=2)Cl)NCC1C=CC=C(C=1)C(F)(F)F,0.005529807414859533
C1(C(=O)N(CC2=CC=C(C=C2)F)CC2ON=C(C3C=CC(Cl)=C(Cl)C=3)C2)=CC=CS1,0.00696709705516696
C1(NC(=O)N(CC2=CC=CC(OC)=C2)CC2ON=C(C3C=CC(=CC=3)Cl)C2)C=CC=CC=1OC,0.004707467183470726
C1(C(=O)N(CC2C=CC=C(Cl)C=2)CC2ON=C(C2)C2=CC=CC=C2F)C=CC=C(F)C=1,0.008030785457231104
C1(C(=O)N(CC2=CC=CC(C(F)(F)F)=C2)CC2ON=C(C3=CC=CC=C3Cl)C2)=CC=CO1,0.007952145719900727
C1(C(=O)N(CC2C=CC=C(Cl)C=2)CC2ON=C(C2)C2=CC=C(OC)C=C2)C=CC=C(F)C=1,0.007820115610957145
C1(C(=O)N(CC2CC2)CC2C(=NN(C3C=CC=CC=3)C=2OC2=CC=C(C=C2)Cl)C)=CC=CS1,0.007452061050571501
C1(C(=O)N(CC2=CC=CC(C(F)(F)F)=C2)CC2ON=C(C2)C2=CC=C(OC)C=C2)CCCC1,0.0073241249192506075
C1(C(=O)N(CC2=CC=CC(OC)=C2)CC2ON=C(C3C=CC(Cl)=C(Cl)C=3)C2)=CC=CS1,0.007779883663170039
C(C1C(C2CC2)=NN(C2=CC=C(Cl)C(Cl)=C2)C=1C)(N1CC(CCC1)C(OCC)=O)=O,0.008124821190722286
C1(C(=O)N(CC2C=CC=C(Cl)C=2)CC2ON=C(C2)C2=CC=C(OC)C=C2)CCCC1,0.00996066175866872
C1(C(=O)N(CC2=CC=C(C=C2)C(F)(F)F)CC2ON=C(C3C=CC(=CC=3)Cl)C2)C=CC=C(F)C=1,0.00624894027132541
C1(C(=O)N(CC2=CC=C(C=C2)C(F)(F)F)CC2ON=C(C3C=CC=CC=3C)C2)CCCC1,0.008702706382609903
C1(C(=O)N(CC2=CC=CC(OC)=C2)CC2ON=C(C3C=CC(F)=CC=3)C2)C=CC=C(F)C=1,0.008300980716012419
C1(C(=O)N(CCC)CC2C(=NN(C3C=CC=CC=3)C=2OC2=CC=C(C=C2)Cl)C)=CC=CO1,0.008544436539523304
C1(NC(=O)CN(CC(C)C)C(=O)C(CC)C2C=CC=CC=2)=CC(C2C=CC=CC=2)=NN1C1=CC=C(F)C=C1,0.006923155533149839
C1(NC(=O)CN(CCCC)C(C(CCCC)CC)=O)=CC(C2=CC=CC=C2)=NN1C1=CC=C(F)C=C1,0.008095704531297088
C1(NC(=O)CN(CCCC)C(CCCCCCCC)=O)=CC(C2=CC=CC=C2)=NN1C1=CC=C(F)C=C1,0.0067910481942817565
C(CN(CC1=CC=CC=C1)C(=O)NC1=CC=CC(=C1)C(F)(F)F)(=O)NC1=CC(=NN1C1C=CC(C)=CC=1C)C(C)(C)C,0.0036931496229954063
C(CN(CC(C)C)C(=O)C1=CC=CC=C1)(=O)NC1=C(C(=NN1C1=CC=C(C)C=C1)C)C1C=CC=CC=1,0.007324481848627329
C(C(=O)N(CC1=CC=CO1)CC(=O)NC1=CC(C2C=CC=CC=2)=NN1C1=CC=CC=C1)CC1C=CC=CC=1,0.006896106572821736
C(C(=O)N(CC1=CC=CO1)CC(=O)NC1=CC(C2C=CC=CC=2)=NN1C1=CC=CC=C1)C1=CC=C(C=C1)OC,0.006205082102678716
C1(C(=O)NC2=CC(=CC=C2)N2CCCN(CC3=CC(C)=CC(C)=C3)C2=O)CCC1,0.007186015998013317
C1C=C(C=CC=1C)NC(=O)NC1=C(C=CC(OC)=C1)N1CCCN(CC2C=CC(OC)=CC=2)C1=O,0.005072376038879156
C(C(=O)NC1=CC(=CC=C1)N1CCCN(CC2=CC(C)=CC(C)=C2)C1=O)C1=CC=CS1,0.0051616594893857835
S(C1C(C2C=CC(Cl)=C(Cl)C=2)N(C)OC1)(N1CC(CCC1)C(OCC)=O)(=O)=O,0.001967112557031214
C1(C(=O)NC2C=C(C=CC=2Cl)N2CCCN(CC3=CC=CC=C3)C2=O)CC1,0.0053856116137467325
C1(C(=O)NC2=C(C=CC(OC)=C2)N2CCCN(CC3=CC(Cl)=CC=C3)C2=O)CC1,0.005083752470090986
C1C(=CC=CC=1NC(=O)NC1=CC(=CC=C1)N1CCCN(CC2=CC(C)=CC(C)=C2)C1=O)OC,0.005387411825358868
C1(C(=O)NC2C=C(C(OC)=CC=2)N2CCCN(CC3=CC(Cl)=CC=C3)C2=O)CC1,0.005009980290196836
O(CC1=CC=CC=C1)CC(=O)N(CC=C)CC(=O)N(CC1=CC=C(C=C1)F)CC1=CC=CO1,0.009480057191103697
C(CN(CCCCC)C(=O)NC1C=CC(=CC=1)C(F)(F)F)(=O)NC1=CC(=NN1C1C=CC(C)=CC=1C)C(C)(C)C,0.0036079033045098184
C(C(=O)N1CCCC1C1=NC2C(O1)=CC=C(C1=C(F)C=C(F)C=C1)C=2)CC(=O)OCC,0.006065231561660766
C(CN(CCCCC)C(C1C=CC=C(C=1)C(F)(F)F)=O)(=O)NC1=CC(=NN1C1C=CC(C)=CC=1C)C(C)(C)C,0.004977443395182491
C(F)(F)(F)C1=CC=CC(CNC(CCC(=O)N2C(C3C=CC=C(C)C=3)C3N(CC2)C=CC=3)=O)=C1,0.006768821156583726
C(CN(CCCCC)C(=O)C1=CC=C2OCOC2=C1)(=O)NC1=CC(=NN1C1C=CC(C)=CC=1C)C(C)(C)C,0.006506101950071752
O(C1C=CC=CC=1)CC(=O)N1CCCC1C1=NC2C(O1)=CC=C(C1=CC(C)=C(F)C=C1)C=2,0.006264485069550574
C1(C(=O)N2CCCC2C2=NC3C(O2)=CC=C(C2=CC(C)=CC=C2)C=3)C=C(OC)C=C(OC)C=1,0.007456277520395816
C(C(=O)N(CC=C)CC(=O)N(CC1=CC=C(C=C1)F)CC1=CC=CO1)C1=CC=C(C=C1)OC,0.008659144560806454
N(CC1=CC=CO1)(C(=O)C1=CC=CO1)CC1=CC(=C(OC)C=C1)OS(=O)(=O)C1C=CC(=CC=1)F,0.010313880909234286
C(C(=O)N(CC1=CC=CO1)CC(=O)NC1=CC(C2C=CC=CC=2)=NN1C1=CC=CC=C1)CCCCC,0.00704718534834683
C1(C(=O)N(CC2C=CC=CC=2Cl)CC2ON=C(C3C=CC=CC=3C)C2)=CC=CC=C1F,0.009384994441643358
C1(C(=O)N(C2CCCCC2)CC(N(CC2=CC=C(F)C=C2)CC2=CC=C(C)S2)=O)=CC=CS1,0.009276366559788585
C1(C)C=C(CNC(COC2C=C3C(N(C(=O)C4C=CC=CC=4)CCC3=CC=2)C2C=C(C)C=CC=2)=O)C=CC=1,0.011139594716951251
C(NC(=O)N(CC1=CC=CC(C(F)(F)F)=C1)CC1ON=C(C2C=CC(=CC=2)Cl)C1)(C)C,0.004719095025211573
C1(CCCC1)N(CC=C)C(C(CC)OC1C=C2C(N(C(=O)C)CCC2=CC=1)C1C=CC(F)=CC=1)=O,0.009341587731614708
C1(COC2C[C@](OCC3=CC=CC(C(F)(F)F)=C3)(C(NN3CCOCC3)=O)C[C@H]3OC(C)(C)O[C@H]32)C=CC=CC=1F,0.003129946644185111
C(N(CC1=CC=CO1)CC1=CC(OS(=O)(=O)C2=CC=C(C=C2)NC(C)=O)=C(OC)C=C1)(COC)=O,0.007937583001330495
C1(C(=O)N(C(C)(C)C)CC(=O)N(CC2=CC=C(F)C=C2)CC2=CC=C(C)S2)C=CC(=CC=1)F,0.00787086714990437
C(NC(=O)N(CC1=CC=C(C=C1)C(F)(F)F)CC1ON=C(C2C=CC=C(F)C=2)C1)(C)C,0.004432741494383663
N(CCC)(C(=O)C(C)C)CC1ON=C(C1)C1=CC=C(OC)C=C1,0.013654128462076188
N(C1=CC(=CC=C1)C1C(C(=O)OC)=C(C)N(CC)C(=S)N1)C(=O)NC1C=CC(=CC=1)OCC,0.006420420086942613
C1(C(=O)N(CCOC)CC(N(CC2=CC=C(F)C=C2)CC2=CC=C(C)S2)=O)C=CC=CC=1F,0.007407411700114608
C1(C(=O)N(CC2C=CC=C(Cl)C=2)CC2ON=C(C2)C2=CC=CC=C2)=CC=CC=C1F,0.00895363714080304
CCN(C)C(COC1C=C2C(N(C(=O)CC(C)C)CCC2=CC=1)C1C=CC=CC=1)=O,0.013884294545277953
N(CCCNC(C1=CC2=C(S1)N(C1=CC(Cl)=CC=C1)N=C2CC)=O)C(=O)C1CCCC1,0.004830497305374592
N(C1C=CC(=CC=1)C1C(C(=O)OCCOC)=C(C)N(C)C(=S)N1)C(=O)NC1C=CC(=CC=1)OCC,0.005401295027695596
C1(C(=O)N(CC=C)CC(N(CC2=CC=C(F)C=C2)CC2=CC=C(C)S2)=O)CCCC1,0.01035200865007937
C1(C(=O)N(CC2=CC=CC(C(F)(F)F)=C2)CC2ON=C(C2)C2=CC=C(OC)C=C2)CCC1,0.007097902055829763
C(F)(F)(F)C1=CC=CC(=C1)C(=O)N(CCOC)CC(=O)NC1=CC(C2C=CC=CC=2)=NN1C1=CC=CC=C1,0.004352523921988904
C1(C(=O)N(CC2=CC=C(C=C2)F)CC2ON=C(C3=CC=C(OC)C(OC)=C3)C2)C=CC=C(F)C=1,0.008205110277049243
C1(C(=O)N(CCCCC)CC(=O)NC2=CC(C3C=CC=CC=3)=NN2C2=CC=CC=C2)=CC=CC(OC)=C1,0.005823386576958
C(NC(=O)N(C(C)C)CC1=C(OS(=O)(=O)CC)C=CC=C1)(C)(C)C,0.007225341373123228
C1(S(=O)(=O)N2CC(C(C3=CC(OC)=C(OC)C(OC)=C3)C2)C(=O)NCC2=CC=C(F)C=C2)=CC=CC=C1,0.0066086569568142295
C1=CC(=CC(OC)=C1)C(=O)N1CC(C(C2=CC(OC)=C(OC)C(OC)=C2)C1)C(=O)N1CCCCC1,0.010288867820054292
C1(C(=O)N2CC(C(C3=CC(OC)=C(OC)C(OC)=C3)C2)C(=O)N(CC)C)=CC=C(C=C1)F,0.00994770722463727
C1(C(=O)N2CC(C(C3=CC(OC)=C(OC)C(OC)=C3)C2)C(=O)N(CC)C)C=CC=C(Cl)C=1,0.010717883426696061
C1(C(=O)N2CC(C(C3=CC(OC)=C(OC)C(OC)=C3)C2)C(=O)NCCCOC)C=CC=C(Cl)C=1,0.007469386328011751
C1(C(=O)N2CC(C(C3=CC(OC)=CC=C3OC)C2)C(=O)NCCC(C)C)=CC=CC=C1C,0.00961803155951202
C1(C(=O)N2CC(C(C3=CC(OC)=C(OC)C(OC)=C3)C2)C(=O)NCCC(C)C)=CC=C(C=C1)OC,0.01050298851914704
C1(S(=O)(=O)N2CC(C(C3=CC(OC)=C(OC)C(OC)=C3)C2)C(=O)N2CCCCC2)=CC=C(C=C1)Cl,0.006622719438746571
C1(C(=O)N2CC(C(C3=CC(OC)=C(OC)C(OC)=C3)C2)C(=O)N(CC)C)=CC=C(C=C1)OC,0.011932855937629938
C(NC(=O)N1CC(C(C2=CC(OC)=C(OC)C(OC)=C2)C1)C(=O)N(CC)C)(C)(C)C,0.007564284093677998
C1=CC(=CC(OC)=C1)C(=O)N1CC(C(C2=CC(OC)=CC=C2OC)C1)C(=O)NCCC(C)C,0.009376633726060391
C1(S(=O)(=O)N2CC(C(C3=CC(OC)=C(OC)C(OC)=C3)C2)C(=O)NCCC(C)C)=CC=CC=C1,0.008071373892016709
C1(C(=O)N2CC(C(C3=CC(OC)=C(OC)C(OC)=C3)C2)C(=O)NC(C)C)=CC=C(C=C1)OC,0.010087739722803236
C1(C(=O)N2CC(C(C3=CC(OC)=C(OC)C(OC)=C3)C2)C(=O)NCCCOC)=CC=C(C=C1)OC,0.008703053230419755
C1(C(=O)N2CC(C(C3=CC(OC)=CC=C3OC)C2)C(=O)NCCC(C)C)C=CC=C(Cl)C=1,0.00817471262998879
C1(C(=O)N2CC(C(C3=CC(OC)=C(OC)C(OC)=C3)C2)C(=O)N2CCCCC2)=CC=C(C=C1)F,0.008509986265562475
C1(C(=O)N2CC(C(C3=CC(OC)=C(OC)C(OC)=C3)C2)C(=O)NC(C)C)C=CC=CC=1,0.010229392326436937
C1(C(=O)N2CC(C(C3=CC(OC)=C(OC)C(OC)=C3)C2)C(=O)N(CC)C)=CC=CC=C1F,0.010529468767344952
C(C)(C)(C)CC(=O)N1CC(C(C2=CC(OC)=C(OC)C(OC)=C2)C1)C(=O)NCCCOC,0.010483998246490956
C1(C(=O)N2CC(C(C3=CC=CC(OC)=C3)C2)C(=O)NCC2=CC=C(F)C=C2)=CC=CC=C1F,0.007225406053476035
C1(C(=O)N2CC(C(C3=CC(OC)=C(OC)C(OC)=C3)C2)C(=O)NC(C)C)=CC=C(C)C=C1,0.010669644689187407
C1(C(=O)N2CC(C(C3=CC(OC)=C(OC)C(OC)=C3)C2)C(=O)N(CC)C)C=CC(=CC=1)Cl,0.010646362276747822
C1(C(=O)N2CC(C(C3=CC(OC)=C(OC)C(OC)=C3)C2)C(=O)NCCCOC)=CC=CC=C1F,0.007925211987458169
C1(C(=O)N2CC(C(C3=CC(OC)=CC=C3OC)C2)C(=O)NCCC(C)C)=CC=CC=C1Cl,0.008380538481287659
C1(C(=O)N2CC(C(C3=CC=CC(OC)=C3)C2)C(=O)NCC2=CC=C(F)C=C2)CCCC1,0.007808628818020224
C1(C(=O)N2CC(C(C3=CC(OC)=C(OC)C(OC)=C3)C2)C(=O)NCC2=CC=C(F)C=C2)C=CC=CC=1,0.007399700512178242
C1(C(=O)N2CC(C(C3=CC(OC)=C(OC)C(OC)=C3)C2)C(=O)NC(C)C)=CC=CC=C1C,0.010624870983883738
C1(C(=O)N2CC(C(C3=CC(OC)=C(OC)C(OC)=C3)C2)C(=O)N(CC)C)=CC=CC=C1C,0.01240659118629992
C1(C(=O)N2CC(C(C3=CC(OC)=C(OC)C(OC)=C3)C2)C(=O)NCCCOC)C=CC(=CC=1)Cl,0.0077194924466311935
C1(C(=O)N2CC(C(C3=CC(OC)=CC=C3OC)C2)C(=O)NCCC(C)C)=CC=CC=C1F,0.008382526156492532
C1=CC(=CC(OC)=C1)C(=O)N1CC(C(C2=CC=CC(OC)=C2)C1)C(=O)NCC1=CC=C(F)C=C1,0.0068489027908071876
C1(C(=O)N2CC(C(C3=CC(OC)=C(OC)C(OC)=C3)C2)C(=O)NCC2=CC=C(F)C=C2)=CC=C(C)C=C1,0.007587108598090708
C1(C(=O)N2CC(C(C3=CC(OC)=C(OC)C(OC)=C3)C2)C(=O)N2CCCCC2)=CC=CC=C1F,0.009596434026025235
C1=CC(=CC(OC)=C1)C(=O)N1CC(C(C2=CC(OC)=C(OC)C(OC)=C2)C1)C(=O)N(CC)C,0.012043774593621492
C1=CC(=CC(OC)=C1)C(=O)N1CC(C(C2=CC(OC)=C(OC)C(OC)=C2)C1)C(=O)NCCCOC,0.008560818526893854
C1(C(=O)N2CC(C(C3=CC(OC)=CC=C3OC)C2)C(=O)NCCC(C)C)C=CC(=CC=1)Cl,0.008151570614427329
C1(C(=O)N2CC(C(C3=CC(OC)=C(OC)C(OC)=C3)C2)C(=O)N2CCCCC2)C=CC(Cl)=CC=1Cl,0.009277292108163238
C(NC(=O)N1CC(C(C2=CC(OC)=C(OC)C(OC)=C2)C1)C(=O)NC(C)C)(C)(C)C,0.007205712585709989
C1=CC(=CC2OCOC1=2)C(=O)N1CC(C(C2=CC(OC)=C(OC)C(OC)=C2)C1)C(=O)N(CC)C,0.01247035777196288
C1=CC(=CC2OCOC1=2)C(=O)N1CC(C(C2=CC(OC)=C(OC)C(OC)=C2)C1)C(=O)NCCCOC,0.008916925685480238
C1(C(=O)N2CC(C(C3=CC(OC)=CC=C3OC)C2)C(=O)NCCC(C)C)C=CC(Cl)=CC=1Cl,0.008095914544537664
C1(C(=O)N2CC(C(C3=CC=CC(OC)=C3)C2)C(=O)NCC2=CC=C(F)C=C2)C=CC=C(Cl)C=1,0.006358191836625338
C(C(=O)N(CC1=CC=CO1)CC(=O)NC1=CC(C2C=CC=CC=2)=NN1C1=CC=CC=C1)(C1C=CC=CC=1)C1C=CC=CC=1,0.008069886337034404
N(CCC1=CC=CC=C1)(C(C1=CC=CC(=C1)N(=O)=O)=O)CC(=O)NC1=CC(C(C)(C)C)=NN1C1C(C)=CC=CC=1,0.004025789699517191
C(=O)(CN(CC1=CC=CO1)C(=O)C(CC)C1C=CC=CC=1)NC1=CC(C2C=CC=CC=2)=NN1C1C=CC(F)=CC=1,0.006477369321510195
C(CN(C(C)C)C(=O)C1=CC=CO1)(=O)NC1=C(C(=NN1C1=CC=C(C)C=C1)C)C1C=CC=CC=1,0.007912124623544514
C(NC(=O)N(CC1C=CC=CC=1Cl)CC1ON=C(C2C=CC=CC=2C)C1)(C)C,0.006287647259887308
N(CCC1=CC=CC=C1)(C(=O)CCCCC)CC(=O)NC1=CC(C(C)(C)C)=NN1C1C(C)=CC=CC=1,0.007310169376432895
N(CCC1=CC=CC=C1)(C(=O)CCCCCCC)CC(=O)NC1=CC(C(C)(C)C)=NN1C1C(C)=CC=CC=1,0.007403314323164522
N(C(C)CC)(C(CC(C)CC(C)(C)C)=O)CCC(=O)NC1=NN=C(C2C=CC(=CC=2)Cl)S1,0.008316832361742854
C(=O)(CN(CC1=CC=CO1)C(=O)C1C=CC(=CC=1)C(C)(C)C)NC1=CC(C2C=CC=CC=2)=NN1C1C=CC(F)=CC=1,0.0063508421182632445
O=C(C1C=CC=C(F)C=1)N(CC1CCCCC1)CC(=O)C1C(=C(C(=O)OCC)NC=1C)C,0.00922963717021048
C(=O)(CN(CC1=CC=CC=C1)C(=O)C(CC)C1C=CC=CC=1)NC1=CC(C2C=CC=CC=2)=NN1C1C=CC(F)=CC=1,0.006072695134207606
O=C(C1=CC=CC(OC)=C1)N(CC1CCCCC1)CC(=O)C1C(=C(C(=O)OCC)NC=1C)C,0.009689563233405352
C(=O)(CN(CCCCC)C(COC1C=CC(=CC=1)Cl)=O)NC1=CC(C2C=CC=CC=2)=NN1C1C=CC(F)=CC=1,0.004502283327747136
O=C(C1=CC=C(C=C1)F)N(C1CCCCC1)CC(=O)C1C(=C(C(=O)OC)NC=1C)C,0.008865044079720974
N(C(=O)C1CC1)(CC(N1N=C(CC1C1=C(F)C=CC=C1)C1=C(OC)C=C(OC)C=C1)=O)C,0.007778413686901331
C(C(=O)N1CC(C(C2=CC=C(OC)C=C2OC)C1)C(=O)NCC1=CC=CC=C1)OC,0.008211377752013504
C1(C(=O)N(CC=C)CC(=O)N(CCC2C=CC(OC)=C(OC)C=2)CC2=CC=C(C)O2)CC1,0.011902686767280101
N(C(=O)COC)(CC(N1N=C(CC1C1=CC(OC)=CC=C1OC)C1=CC=C(OC)C=C1)=O)C,0.00925136401783675
C1(C(=O)N2CC(C(C3=CC=C(OC)C=C3OC)C2)C(=O)NCC2=CC=CC=C2)C=CC=C(Cl)C=1,0.007046956662088632
C(CN(CCOC)C(=O)NC1C=CC=C(Cl)C=1Cl)(=O)NC1=CC(=NN1C1C=CC(C)=CC=1C)C(C)(C)C,0.004173085291404277
C(C(=O)N(CCCOC)CC(=O)N(CCC1C=CC(OC)=C(OC)C=1)CC1=CC=C(C)O1)CC1C=CC=CC=1,0.01020061494782567
N(C(=O)NCC)(CC(N1N=C(CC1C1=CC=CC=C1)C1C=CC(C)=C(C)C=1)=O)CCOC,0.0062999278772622345
N(C(=O)C1CC1)(CC(N1N=C(CC1C1=CC=CS1)C1=C(F)C=CC=C1)=O)CCOC,0.00658293766900897
C1(C(=O)N2CC(C(C3=CC=CC(OC)=C3)C2)C(=O)N(CC2=CC=CC=C2)C)=CC=CC=C1Cl,0.00967998884152621
C1(S(=O)(=O)N2CC(C(C3=CC=C(OC)C=C3OC)C2)C(=O)NCC2=CC=CC=C2)=CC=CC=C1,0.006290738401003182
C1(C(=O)N(C2CCCCC2)CC(=O)N(CCC2C=CC(OC)=C(OC)C=2)CC2=CC=C(C)O2)CCC1,0.013999839313328266
N(C(=O)C1CCC1)(CC(N1N=C(CC1C1=CC=CO1)C1C=CC(C)=C(C)C=1)=O)C,0.011520696431398391
N(C(=O)C1=CC=CS1)(CC(N1N=C(CC1C1=CC=C(OC)C=C1)C1=C(F)C=CC=C1)=O)CCOC,0.007038853713311255
C1(C(=O)N2CC(C(C3=CC=CC(OC)=C3)C2)C(=O)N(CC2=CC=CC=C2)C)C=CC=C(Cl)C=1,0.0092665686737746
C(CN(CCCC)C(=O)NC1=CC=CC(Br)=C1)(=O)NC1=C(C(=NN1C1=CC=C(C)C=C1)C)C1C=CC=CC=1,0.00463529386324808
N(C(=O)C(C)C)(CC(N1N=C(CC1C1C=CC2OCOC=2C=1)C1=CC=CS1)=O)CCOC,0.007401093281805516
C1(=CC=CC=C1)CNC(C1=CC=C(C=C1)NC1C(=O)N(C)N=CC=1OC1=CC=CC=C1)=O,0.006314722332172095
N(C(=O)C(C)C)(C(C)C(=O)C1C(=C(C(=O)OCC)NC=1C)C)CCC(C)C,0.012987296050414442
C(CN(CCC)C(=O)NC1=CC=CC=C1Br)(=O)NC1=C(C(=NN1C1=CC=C(C)C=C1)C)C1C=CC=CC=1,0.004590563348028809
N(C(=O)NC(C)(C)C)(CC(N1N=C(CC1C1C=CC2OCOC=2C=1)C1=CC=CS1)=O)CCOC,0.004555981757584959
N(C(=O)C1=CC=C(C)C=C1)(C(C)C(=O)C1C(=C(C(=O)OCC)NC=1C)C)CCC(C)C,0.011798371281474828
C(CN(CCCC)C(=O)NC1C=CC(F)=C(F)C=1)(=O)NC1=C(C(=NN1C1=CC=C(C)C=C1)C)C1C=CC=CC=1,0.004476245585829019
N(C(=O)C)(CC(N1N=C(CC1C1=CC=CC(=C1)N(=O)=O)C1=CC=C(C=C1)F)=O)C,0.005176018411293626
C1(C(=O)N(CCOC)CC(=O)NC2=CC(C3C=CC=CC=3)=NN2C2=CC=CC=C2)C=CC(Cl)=C(Cl)C=1,0.005282854929100722
N(C(=O)CC)(CC(N1N=C(CC1C1C=CC(=CC=1)C)C1=C(OC)C=C(OC)C=C1)=O)C,0.009416403411887587
N(CCCNC(C1=CC2=C(S1)N(C1=CC=C(C)C=C1)N=C2C1C=CC=CC=1)=O)C(=O)C1C=CC=C(F)C=1,0.004060730186756701
C1(C(=O)N2CC(C(C3=CC=C(OC)C=C3OC)C2)C(=O)NCC2=CC=CC=C2)=CC=CC=C1F,0.0071672778343781825
C(C(=O)N(CCCCC)CC(=O)NC1=CC(C2C=CC=CC=2)=NN1C1=CC=CC=C1)CC1C=CC=CC=1,0.006508361990563571
O=C(C1=CC=C(C=C1)OC)N(CCC)CC(=O)C1C(=C(C(=O)OC)NC=1C)C,0.009251027298159898
O=C(C1=CC=C(C=C1)F)N(CC1CCCO1)CC(=O)C1C(=C(C(OCC)=O)N(CC)C=1C)C,0.01108110100030899
O=C(CC(C)C)N(CCC)CC(=O)C1C(=C(C(=O)OC)NC=1C)C,0.011263529956340789
O=C(C1=CC=CC(OC)=C1)N(CCC)CC(=O)C1C(=C(C(=O)OC)NC=1C)C,0.00908946618437767
O=C(C1=CC=C(C=C1)OC)N(CCCOCC)CC(=O)C1C(=C(C(OCC)=O)N(CC)C=1C)C,0.01192931542173028
O=C(C1=CC=C(C)C=C1)N(CCCOCC)CC(=O)C1C(=C(C(OCC)=O)N(CC)C=1C)C,0.013268866809085011
O=C(C1C=CC=C(F)C=1)N(CCCOC)CC(=O)C1C(=C(C(OCC)=O)N(CC)C=1C)C,0.0103685247246176
C1(C(=O)N(C2CC2)CC(N(CC2=CC=C(F)C=C2)CC2=CC=C(C)S2)=O)=CC=CC=C1C,0.00833622394129634
C1(C(=O)N(C2CC2)CC(=O)N(CCC2C=CC(OC)=C(OC)C=2)CC2=CC=C(C)O2)C=CC(=CC=1)Cl,0.009491860028356313
C1=C(C=CC=C1NC(=O)N(CCC)CC(=O)N(CCC1C=CC(OC)=C(OC)C=1)CC1=CC=C(C)O1)F,0.00556643030140549
C1(C(=O)N(C(C)C)CC(=O)N(CCC2C=CC(OC)=C(OC)C=2)CC2=CC=C(C)O2)=CC=CC=C1C,0.011853971891105175
C1(NC(=O)NC2=CC(=CC=C2)N2CCCN(CC3=CC=C(C(C)C)C=C3)C2=O)=CC=CC=C1,0.005868853372521699
N(C(=O)C1C=CC=CC=1)(CC(=O)C1C(=C(C(=O)OC)N(C)C=1C)C)CC,0.016437386441975833
N(C(=O)C1CC1)(C(C)C(=O)C1C(=C(C(=O)OC)NC=1C)C)C(C)C,0.011243190569803118
C(NC(=O)N(C(C)C)CC(=O)N(CCC1C=CC(OC)=C(OC)C=1)CC1=CC=C(C)O1)(C)(C)C,0.007400234951637686
N(C1C=CC(=CC=1)C1C(C(=O)OCC)=C(C)N(C)C(=S)N1)C(=O)NC1C=CC(OC)=CC=1OC,0.006356500065885484
N(C(=O)C1=CC=C(C=C1)OC)(CC(N1N=C(CC1C1=CC=CC=C1OC)C1=CC=CS1)=O)C,0.008014105376787484
N(C(=O)C1=CC=CO1)(C(C)C(=O)C1C(=C(C(=O)OCC)NC=1C)C)C,0.011277181655168533
N(C1=CC(=CC=C1)C1C(C(=O)OCCOC)=C(C)N(C)C(=S)N1)C(CC(C)CC(C)(C)C)=O,0.00899643125012517
C1(NC(=O)N(C(C)C)CC(=O)N(CCC2C=CC(OC)=C(OC)C=2)CC2=CC=C(C)O2)C=CC=CC=1C,0.006435369560495019
C=CCNC(C1CC(C2=CC(OC)=C(OC)C=C2)CN(C(NCC)=O)C1)=O,0.005123486090451479
N(C(=O)C1=CC=CS1)(C(C)C(=O)C1C(=C(C(=O)OCC)NC=1C)C)C,0.008466457156464458
C(CN(CCCC)C(=O)C1C=CC(=CC=1)F)(=O)NC1=C(C(=NN1C1=CC=C(C)C=C1)C)C1C=CC=CC=1,0.006476916279643774
C1(C(=O)N(CCOC)CC(N(CC2=CC=C(F)C=C2)CC2=CC=C(C)S2)=O)CCCC1,0.009606056287884713
O=C(CC)N(C1CCCCC1)CC(=O)C1C(=C(C(=O)OC)NC=1C)C,0.010545408865436912
C1(C(=O)N(CCCOCC)CC(N(CC2=CC=C(F)C=C2)CC2=CC=C(C)S2)=O)C=CC(=CC=1)OC,0.006633686693385243
O=C(C1=CC=CS1)N(CC(=O)C1C(=C(C(=O)OCC)NC=1C)C)C,0.008017924684099852
C(CN(C(C)C)C(=O)NC1C=CC(=CC=1)C)(=O)NC1=C(C(=NN1C1=CC=C(C)C=C1)C)C1C=CC=CC=1,0.0045799227664247155
C1(C(=O)N(CCCOC)CC(N(CC2=CC=C(F)C=C2)CC2=CC=C(C)S2)=O)=CC=CS1,0.006849046819843352
C1(S(=O)(=O)N(CC2CC2)CC(=O)N(CC2=CC=C(F)C=C2)CC2=CC=C(C)S2)C=CC(C)=CC=1,0.006653539463877678
C1=C(C=CC=C1NC(=O)N(CCOC)CC(N(CC1=CC=C(F)C=C1)CC1=CC=C(C)S1)=O)Cl,0.0038726680795662105
O=C(CC)N(CCCOCC)CC(=O)C1C(=C(C(=O)OC)NC=1C)C,0.008554351981729269
O=C(C1C=CC=CC=1)N(CCCOCC)CC(=O)C1C(=C(C(=O)OC)NC=1C)C,0.00816223609726876
N(C(=O)C1=CC=C(C=C1)F)(C(C)C(=O)C1C(=C(C(=O)OCC)NC=1C)C)CC1=CC=C(F)C=C1,0.008265938749536872
N(C(=O)C1=CC=C(C)C=C1)(C(C)C(=O)C1C(=C(C(=O)OCC)NC=1C)C)CC1=CC=C(F)C=C1,0.007956780889071525
O=C(C1=CC=C(C)C=C1)N(CCCOCC)CC(=O)C1C(=C(C(=O)OC)NC=1C)C,0.008380444976501167
N(C(=O)C(C)C)(C(C)C(=O)C1C(=C(C(=O)OCC)NC=1C)C)CC1=CC=C(F)C=C1,0.009673782740719616
N(C(=O)C1=CC=CC=C1Cl)(C(C)C(=O)C1C(=C(C(=O)OCC)NC=1C)C)CC1=CC=C(F)C=C1,0.007832057843916117
C1(C(=O)N(CC2=CC=CC=C2)CC2=NOC(C3C=CC(C)=C(C)C=3)=C2)=CC=CC=C1Cl,0.010477179614827036
O=C(C1CC1)N(CCCOCC)CC(=O)C1C(=C(C(=O)OC)NC=1C)C,0.008983938884921373
O=C(COC)N(CCCOCC)CC(=O)C1C(=C(C(=O)OC)NC=1C)C,0.007965296506881714
N(C(=O)C1=CC=C(C=C1)OC)(C(C)C(=O)C1C(=C(C(=O)OCC)NC=1C)C)CC1=CC=C(F)C=C1,0.00784763772971928
O=C(C1=CC=CC(OC)=C1)N(CCCOCC)CC(=O)C1C(=C(C(=O)OC)NC=1C)C,0.0077634090557694435
C1(C(=O)N(CC2=CC=CC=C2)CC2=NOC(C3C=CC(C)=C(C)C=3)=C2)CCCC1,0.01482737553305924
O=C(C1=CC=C(C=C1)F)N(CCCOCC)CC(=O)C1C(=C(C(=O)OC)NC=1C)C,0.006897096219472587
O=C(N(CCCOCC)CC(=O)C1C(=C(C(=O)OC)NC=1C)C)NC(C)(C)C,0.006725366157479584
C(NC(=O)N(CC1=CC=CC=C1)CC1=NOC(C2C=CC(C)=C(C)C=2)=C1)(C)C,0.006551290140487253
O=C(C(C)C)N(CCCOCC)CC(=O)C1C(=C(C(=O)OC)NC=1C)C,0.0095498354639858
O=C(C1=CC=C(C=C1)F)N(CC1CCCCC1)CC(=O)C1C(=C(C(=O)OCC)NC=1C)C,0.009429387305863202
N(C(=O)C(C)C)(CC(N1N=C(CC1C1=CC=CC(=C1)N(=O)=O)C1=CC=CS1)=O)CCOC,0.004868690192233771
C(=O)(C(=C1N(C2=CC=CC(Cl)=C2)C(C2=CC=CC=C2)=CS1)C#N)N1CCN(CC1)C(CC(C)C)=O,0.005525295459665358
C(NC(C1CCCCN1C(C1=CSC(NC2=CC=CC(C(F)(F)F)=C2)=N1)=O)=O)(C)CC,0.003827725083101541
N(C(=O)C(C)C)(CC(N1N=C(CC1C1=CC=C(OC)C=C1)C1=CC=CC=C1Cl)=O)C,0.00872103269211948
N1(CCN(CC1)C(=O)C(=C1N(C2=CC=C(F)C=C2)C(C2C=CC=C(OC)C=2)=CS1)C#N)C(CC(C)(C)C)=O,0.005604950850829482
C(CN1CC2=C(C1=O)C(C1=CC=CC(=C1)N(=O)=O)NC(=O)N2CC)(N1CCOCC1)=O,0.004017373651731759
C1(OC)C=C(CCNC(C2=C(C)C(=C(C)N2CC2=CC=C(C=C2)C)CC)=O)C=CC=1OC,0.01215287889353931
N1(CCN(CC1)C(=O)C(=C1N(C2=CC=C(F)C=C2)C(C2=CC=C(C)C=C2)=CS1)C#N)C(=O)CC(C)C,0.005735065147746354
N(CC(C)C)(C(=O)C1=CC=C(C=C1)OC)CC(=O)C1C(=C(C(=O)OCC)NC=1C)C,0.01048204859253019
N(CC1CC1)(C(=O)C1CCC1)CC(=O)C1C(=C(C(=O)OCC)NC=1C)C,0.01127505856566131
N(CCCOC)(C(=O)C1C=CC=C(F)C=1)CC(=O)C1C(=C(C(=O)OCC)NC=1C)C,0.007070349040441215
N(CC(C)C)(C(=O)CC)CC(=O)C1C(=C(C(=O)OCC)NC=1C)C,0.011261511757038534
N(CC1CCCO1)(C(=O)CC(C)C)CC(=O)C1C(=C(C(=O)OCC)NC=1C)C,0.010534682823345066
N(CC1CC1)(C(=O)CC(C)C)CC(=O)C1C(=C(C(=O)OCC)NC=1C)C,0.010601811204105615
N(CCCOC)(C(=O)NC(C)(C)C)CC(=O)C1C(=C(C(=O)OCC)NC=1C)C,0.006697237794287503
N(CC(C)C)(C(=O)C1C=CC=C(F)C=1)CC(=O)C1C(=C(C(=O)OCC)NC=1C)C,0.008907764917239547
N(CC1CCCO1)(C(=O)CC)CC(=O)C1C(=C(C(=O)OCC)NC=1C)C,0.009740973194129764
N(CC1CC1)(C(=O)CC)CC(=O)C1C(=C(C(=O)OCC)NC=1C)C,0.011347061488777399
N(CCCOC)(S(=O)(=O)C1=CC=C(C)C=C1)CC(=O)C1C(=C(C(=O)OCC)NC=1C)C,0.005803175456821919
N(CC(C)C)(C(=O)C1C=CC(=CC=1)Cl)CC(=O)C1C(=C(C(=O)OCC)NC=1C)C,0.009248920436948537
N(CC=C)(C(=O)C1CCC1)CC(=O)C1C(=C(C(=O)OCC)NC=1C)C,0.010801859153434634
N(CCCOC)(C(=O)C1=CC=C(C=C1)F)CC(=O)C1C(=C(C(=O)OCC)NC=1C)C,0.007221035985276103
N(CCCOC)(S(=O)(=O)C1=CC=C(C=C1)F)CC(=O)C1C(=C(C(=O)OCC)NC=1C)C,0.0051886022323742505
N(CC=C)(C(=O)C1=CC=C(C=C1)OC)CC(=O)C1C(=C(C(=O)OCC)NC=1C)C,0.008984371554106474
N(CCCOC)(C(=O)C(C)C)CC(=O)C1C(=C(C(=O)OCC)NC=1C)C,0.009702844149433076
N(CC(C)C)(C(=O)C1=CC=C(C=C1)F)CC(=O)C1C(=C(C(=O)OCC)NC=1C)C,0.009055567462928594
N(CCCOC)(C(=O)C1=CC=C(C=C1)OC)CC(=O)C1C(=C(C(=O)OCC)NC=1C)C,0.008340837527066469
N(CC(C)C)(C(=O)C1=CC=CO1)CC(=O)C1C(=C(C(=O)OCC)NC=1C)C,0.011511127557605505
N(CC=C)(C(=O)C1C=CC(=CC=1)Cl)CC(=O)C1C(=C(C(=O)OCC)NC=1C)C,0.007908624643459917
N(CC1CC1)(C(=O)C(C)C)CC(=O)C1C(=C(C(=O)OCC)NC=1C)C,0.011112726433202625
N(CCCOC)(C(=O)CC)CC(=O)C1C(=C(C(=O)OCC)NC=1C)C,0.00899839075282216
N(C(=O)COC)(C(C)C(=O)C1C(=C(C(=O)OC)N(C)C=1C)C)CC1=CC=C(F)C=C1,0.013132961979135872
N(C(=O)C1CCCC1)(C(C)C(=O)C1C(=C(C(=O)OC)NC=1C)C)C1CCCCC1,0.012565787555649877
C(C(=O)N(C(CC)C)CC(=O)N(CCC1=CC=CC=C1)CC1=CC=C(C)O1)C,0.014184964261949063
N(C(=O)C1=CC=CC=C1Cl)(C(C)C(=O)C1C(=C(C(=O)OC)N(C)C=1C)C)CCC,0.014309242740273476
N(C(=O)C1C=CC(=CC=1)Cl)(C(C)C(=O)C1C(=C(C(=O)OC)NC=1C)C)C1CCCCC1,0.009269537450745702
C(C(=O)N(CCC(C)C)CC(=O)N(CCC1=CC=CC=C1)CC1=CC=C(C)O1)C,0.01597215635702014
C1(C(=O)N(CC2CCCO2)CC2=NOC(C3=CC(OC)=CC=C3OC)=C2)=CC=CO1,0.010774150071665645
N(C(=O)C1=CC=C(C=C1)OC)(C(C)C(=O)C1C(=C(C(=O)OC)N(C)C=1C)C)CCC,0.015338930860161781
N(C(=O)C1=CC=C(C=C1)F)(C(C)C(=O)C1C(=C(C(=O)OC)NC=1C)C)C1CCCCC1,0.00916893407702446
C(C1CCCN(C1)C(C1=NOC(C2=C(C)C=C(C)C=C2C)=C1)=O)(=O)NCC1=CC2OCOC=2C=C1,0.007170024840161204
C(C)(C)NC(CC1=CSC2N1C(C1C=C(OCC3C=CC=CC=3)C=CC=1)C(=C(C)N=2)C(=O)OCC=C)=O,0.005966493603773415
N(C(=O)C1=CC=C(C=C1)F)(CC(=O)C1C(=C(C(=O)OC)N(CC)C=1C)C)CC1CCCCC1,0.012854601815342903
N(C(=O)C1CCC1)(C(C)C(=O)C1C(=C(C(=O)OC)NC=1C)C)C1CCCCC1,0.01230602147988975
C(=O)(OCC)C1CCCN(C1)C(CC1=CSC2N1C(C1=CC=C(C(C)C)C=C1)C(=C(C)N=2)C(=O)OCC)=O,0.006643468351103366
C1(NC(=O)N(CC2=CC=C3OCOC3=C2)CC2=NOC(C3=CC(OC)=CC=C3OC)=C2)=CC=CC=C1,0.00516476349439472
N(C(=O)C1=CC=C(C=C1)F)(C(C)C(=O)C1C(=C(C(=O)OC)N(C)C=1C)C)CC1=CC=C(F)C=C1,0.013023341121152044
C1(C(=O)NC2C=CC(=CC=2)C2OC3C=C(C=CC=3N=2)C)=CC=CC=C1OC,0.005404774635098875
N(C(=O)C1CCC1)(C(C)C(=O)C1C(=C(C(=O)OC)N(C)C=1C)C)CC1=CC=C(F)C=C1,0.012983462493866681
N(C(=O)C1C=CC=CC=1)(C(C)C(=O)C1C(=C(C(=O)OC)NC=1C)C)C1CCCCC1,0.010213565872982144
N(C(=O)C1=CC=CC=C1Cl)(C(C)C(=O)C1C(=C(C(=O)OC)N(C)C=1C)C)CC1=CC=C(F)C=C1,0.012196628982201219
N(C(=O)C1=CC=C(C)C=C1)(C(C)C(=O)C1C(=C(C(=O)OC)NC=1C)C)C1CCCCC1,0.01042347913607955
N1=C(SCC2=CC=C(F)C(F)=C2)N(C)C(=O)C(CC2C=CC=C(C)C=2)=C1C,0.01076186541467905
N(C(=O)C1C=CC(=CC=1)Cl)(C(C)C(=O)C1C(=C(C(=O)OC)N(C)C=1C)C)CC1=CC=C(F)C=C1,0.011644654674455523
O(C)CCNC(CC1=CSC2N1C(C1=CC(N(=O)=O)=CC=C1)C(=C(C)N=2)C(=O)OCC=C)=O,0.00352207770338282
C1(NC(=O)N(CC=C)CC(=O)N(CCC2C=CC(OC)=C(OC)C=2)CC2=CC=C(C)O2)C=CC(=CC=1)OC,0.0053730209008790554
C(CN(CCC)C(=O)NC1C=CC(=CC=1)OCC)(=O)NC1=C(C(=NN1C1=CC=C(C)C=C1)C)C1C=CC=CC=1,0.004336264263838529
C(CN(CCC)C(=O)C1C=CC(=CC=1)C(C)(C)C)(=O)NC1=C(C(=NN1C1=CC=C(C)C=C1)C)C1C=CC=CC=1,0.0073490244103595614
C(CN(C(C)C)C(=O)NC1=CC=CC(Cl)=C1)(=O)NC1=C(C(=NN1C1=CC=C(C)C=C1)C)C1C=CC=CC=1,0.003758630866650492
C(CN(CCCC)C(=O)C1C=CC(Cl)=C(Cl)C=1)(=O)NC1=C(C(=NN1C1=CC=C(C)C=C1)C)C1C=CC=CC=1,0.006090070563368499
C(CN(CCCC)C(=O)NC1=CC=CC(=C1)C(F)(F)F)(=O)NC1=C(C(=NN1C1=CC=C(C)C=C1)C)C1C=CC=CC=1,0.0037431020522490145
C(CN(C(C)C)C(=O)C1C=CC(Cl)=C(Cl)C=1)(=O)NC1=C(C(=NN1C1=CC=C(C)C=C1)C)C1C=CC=CC=1,0.006131606269627809
C(CN(CCCC)C(=O)C1=CC=CC(OC)=C1)(=O)NC1=C(C(=NN1C1=CC=C(C)C=C1)C)C1C=CC=CC=1,0.006653726962395012
C(CN(C(C)C)C(=O)NC1=CC=CC(=C1)C(F)(F)F)(=O)NC1=C(C(=NN1C1=CC=C(C)C=C1)C)C1C=CC=CC=1,0.003765297122299671
C(CN(CC(C)C)C(=O)C1=CC=C(C=C1)Br)(=O)NC1=CC(=NN1C1C=CC(C)=CC=1C)C(C)(C)C,0.0083233711309731
C(CN(CCCC)C(=O)NC1=CC=C(Cl)C(Cl)=C1)(=O)NC1=C(C(=NN1C1=CC=C(C)C=C1)C)C1C=CC=CC=1,0.0038366324501112104
C(CN(CCCC)C(=O)C1=CC=C(C=C1)Br)(=O)NC1=C(C(=NN1C1=CC=C(C)C=C1)C)C1C=CC=CC=1,0.007138582249172032
C(CN(C(C)C)C(=O)NC1=CC=CC=C1F)(=O)NC1=C(C(=NN1C1=CC=C(C)C=C1)C)C1C=CC=CC=1,0.00466688844608143
C(CN(CCCC)C(C1=CC=C(C)C(=C1)N(=O)=O)=O)(=O)NC1=C(C(=NN1C1=CC=C(C)C=C1)C)C1C=CC=CC=1,0.004759496450424195
C(CN(CCCCC)C(=O)NC1C=CC(Cl)=CC=1Cl)(=O)NC1=CC(=NN1C1C=CC(C)=CC=1C)C(C)(C)C,0.003931226395070553
C(CN(CCC)C(=O)NC1C=CC(Cl)=CC=1Cl)(=O)NC1=C(C(=NN1C1=CC=C(C)C=C1)C)C1C=CC=CC=1,0.0037688196985982358
C1(C(=O)N(C2CCCCC2)CC(N(CC2=CC=C(F)C=C2)CC2=CC=C(C)S2)=O)C=CC(=CC=1)OC,0.007948161545209586
C(CN(CCCC)C(C1C=CC=C(C=1)C(F)(F)F)=O)(=O)NC1=C(C(=NN1C1=CC=C(C)C=C1)C)C1C=CC=CC=1,0.004873443394899368
C(CN(CC(C)C)C(=O)C1C=C(OC)C=C(OC)C=1)(=O)NC1=C(C(=NN1C1=CC=C(C)C=C1)C)C1C=CC=CC=1,0.006461160420440137
C(CN(CCCC)C(=O)NC1C=CC(Cl)=CC=1Cl)(=O)NC1=C(C(=NN1C1=CC=C(C)C=C1)C)C1C=CC=CC=1,0.003844619914889336
C(CN(CC(C)C)C(=O)NC1C=CC(=CC=1)C(C)C)(=O)NC1=C(C(=NN1C1=CC=C(C)C=C1)C)C1C=CC=CC=1,0.004996358032803983
C(CN(CCOC)C(=O)NC1C=CC=CC=1OC)(=O)NC1=CC(=NN1C1C=CC(Cl)=C(Cl)C=1)C(C)(C)C,0.004023873631376773
C(CN(CCCC)C(C1=CC=C(C=C1)N(=O)=O)=O)(=O)NC1=C(C(=NN1C1=CC=C(C)C=C1)C)C1C=CC=CC=1,0.0040212379768490795
C(CN(CCCC)C(=O)NC1C=CC(C)=C(C)C=1)(=O)NC1=C(C(=NN1C1=CC=C(C)C=C1)C)C1C=CC=CC=1,0.004724769026506692
C(CN(CCCC)C(=O)NC1=CC=CC(Cl)=C1)(=O)NC1=CC(=NN1C1C=CC(C)=CC=1C)C(C)(C)C,0.004298408015165478
C(CN(CCCC)C(=O)NC1C=CC(=CC=1)C(F)(F)F)(=O)NC1=CC(=NN1C1C=CC(C)=CC=1C)C(C)(C)C,0.004054526309482753
N1(N=C(C2C(C3=CC=C(OC)C(OC)=C3)SCC(=O)N(CC(NCC3=CC=C(F)C=C3)=O)C1=2)C1C=CC=CC=1)C1C=CC=C(C)C=1,0.004484660422895104
C(CN(CC(C)C)C(=O)NC1C=CC(Cl)=CC=1Cl)(=O)NC1=C(C(=NN1C1=CC=C(C)C=C1)C)C1C=CC=CC=1,0.004077676264569163
C(CN(CC(C)C)C(=O)NC1C=CC=C(OC)C=1)(=O)NC1=C(C(=NN1C1=CC=C(C)C=C1)C)C1C=CC=CC=1,0.004606534168124199
O(C1=CC=CC(=C1)C1OC2C=CC(=CC=2N=1)S(=O)(=O)CC)S(=O)(=O)CC,0.005461554112844169
C(CN(CCCC)C(=O)NC1C=CC(F)=CC=1F)(=O)NC1=C(C(=NN1C1=CC=C(C)C=C1)C)C1C=CC=CC=1,0.004156891093589366
C(CN(CC(C)C)C(=O)NC1C=CC(F)=CC=1F)(=O)NC1=CC(=NN1C1C=CC(C)=CC=1C)C(C)(C)C,0.005227363761514425
C(CN(CCCC)C(=O)NC1=CC=C(C=C1)Cl)(=O)NC1=CC(=NN1C1C=CC(C)=CC=1C)C(C)(C)C,0.00432973497081548
O(C1C(=CC(C)=CC=1)C1OC2C=CC(=CC=2N=1)C)S(C1C=CC=C(C=1)C(F)(F)F)(=O)=O,0.005187254922930151
C(CN(CCCC)C(=O)NC1C=CC(=CC=1)OC)(=O)NC1=C(C(=NN1C1=CC=C(C)C=C1)C)C1C=CC=CC=1,0.004426225007046014
C(CN(CCCCC)C(=O)NC1=CC=CC(Cl)=C1)(=O)NC1=CC(=NN1C1C=CC(C)=CC=1C)C(C)(C)C,0.0038397861761040987
C(CN(CCC)C(=O)NC1C=CC(=CC=1)C(OCC)=O)(=O)NC1=C(C(=NN1C1=CC=C(C)C=C1)C)C1C=CC=CC=1,0.004370981827378273
O(C1C(=CC=C(Cl)C=1)C1OC2C=CC(=CC=2N=1)Cl)S(=O)(=O)C1=CC=C(C=C1)F,0.005253441887907684
C(CN(CC(C)C)C(=O)NC1C=CC(=CC=1)C(F)(F)F)(=O)NC1=C(C(=NN1C1=CC=C(C)C=C1)C)C1C=CC=CC=1,0.003954215941485017
C(CN(CC1=CC=CC=C1)C(=O)NC1C=CC(=CC=1)C(F)(F)F)(=O)NC1=CC(=NN1C1C=CC(C)=CC=1C)C(C)(C)C,0.003694362111855298
C(CN(CC(C)C)C(=O)NC1C=CC(C)=C(C)C=1)(=O)NC1=C(C(=NN1C1=CC=C(C)C=C1)C)C1C=CC=CC=1,0.004973092838190496
C(CN(CC(C)C)C(=O)NC1C=CC(F)=CC=1F)(=O)NC1=C(C(=NN1C1=CC=C(C)C=C1)C)C1C=CC=CC=1,0.0046079833526164295
C(CN(CC(C)C)C(=O)NC1C=CC(Cl)=CC=1Cl)(=O)NC1=CC(=NN1C1C=CC(C)=CC=1C)C(C)(C)C,0.00467762736370787
C(CN(CC(C)C)C(=O)NC1C=CC(=CC=1)OC)(=O)NC1=C(C(=NN1C1=CC=C(C)C=C1)C)C1C=CC=CC=1,0.0046969319810159504
C(N(CC1=CC=CO1)CC1=CC(=CC=C1OS(=O)(=O)C1=CC=C(C=C1)F)Cl)(=O)C1C=CC=C(F)C=1,0.008117160806432367
O=C(CN1C2C(C(=O)N(C3C=CC(=CC=3)OC)C1=O)=CC=CC=2)NCC(C)C,0.0060491883661597965
N(C(C)CC)C(CN1C2C(C(=O)N(C3=CC=CC(C)=C3)C1=O)=CC=C(C=2)Cl)=O,0.005301223509013653
C(N(CC1=CC=C(F)C=C1)CC1=C(OS(=O)(=O)CC)C=CC=C1)(CC(C)C)=O,0.009771818947046994
C1(=CC=CC=C1)C(C)NC(C1=C(C)C2=C(CCCC2)N1CC1C=CC=C(F)C=1)=O,0.00993668744340539
N(CCC)(C(CN1C2C(C(=O)N(C3C=CC(F)=C(Cl)C=3)C1=O)=CC=CC=2)=O)C,0.005776062875520438
O=C(CN1C2C(C(=O)N(C3=CC=CC(Cl)=C3)C1=O)=CC=CC=2)NC(C)C,0.004708710219711065
O=C(C(CC)N1C2C(C(=O)N(C3=CC=CC(C)=C3)C1=O)=CC=CC=2)NCC(C)C,0.007042706129141152
C(=O)(OCC)C1CCCN(C1)C(CC1=CSC2N1C(C1C=C(OCC3C=CC=CC=3)C=CC=1)C(=C(C)N=2)C(=O)OCC)=O,0.004897786513902247
O=C(CN1C2C(C(=O)N(C3=CC=CC(C)=C3)C1=O)=CC=CC=2)NCC(C)C,0.006020030658692122
O=C(C(C)N1C2C(C(=O)N(C3=CC=CC=C3F)C1=O)=CC=CC=2)NCC(C)C,0.00593610224314034
C1=CC=CC(CN(C)C(C2=C(C)C(=C(C)N2CC2=CC=C(F)C(F)=C2)C)=O)=C1,0.0102460156660527
C(NC(CC1=CSC2N1C(C1=CC=CC=C1OC)C(=C(C1C=CC=CC=1)N=2)C(=O)OCC)=O)C,0.005453801690600812
C1(=CC=CC=C1)C(C)NC(CC1=CSC2N1C(C1=C(F)C=CC=C1)C(=C(CC)N=2)C(=O)OC)=O,0.0013428357138764112
C(NC(CC1=CSC2N1C(C1=CC=C(C)C=C1)C(=C(C1C=CC=CC=1)N=2)C(=O)OCC)=O)C,0.006583618023432792
C1N(CCC1)C(CC1=CSC2N1C(C1=CC=C(C)C=C1)C(=C(C1C=CC=CC=1)N=2)C(=O)OCC)=O,0.007208720594644546
C1C=C(CNC(CC2=CSC3N2C(C2C=C(C)C=CC=2)C(=C(C)N=3)C(=O)OCC=C)=O)C=CC=1F,0.0056533218594267964
C(NC(CC1=CSC2N1C(C1C=CC(=CC=1)Cl)C(=C(C1C=CC=CC=1)N=2)C(=O)OCC)=O)(C)C,0.005688491999171675
C1(=CC=CC=C1)C(C)NC(CC1=CSC2N1C(C1C=CC(=CC=1)Cl)C(=C(CC)N=2)C(=O)OC)=O,0.0061616991646587845
C1(=CC=CC=C1)C(C)NC(CC1=CSC2N1C(C1=CC=CC=C1)C(=C(CC)N=2)C(=O)OC)=O,0.0074706093640998
C1(=CC=CC=C1)CNC(CC1=CSC2N1C(C1=CC=CC=C1Cl)C(=C(C)N=2)C(=O)OCC=C)=O,0.005717330239713192
C1(=CC=CC=C1)CNC(C1=CC=C(COC2C=C3C(N(C(=O)C4=CC=CO4)CCC3=CC=2)C2C=C(C)C=CC=2)O1)=O,0.009002155531197787
C1(=CC=CC=C1)C(C)NC(CC1=CSC2N1C(C1=CC=C(OC)C=C1)C(=C(CC)N=2)C(=O)OC)=O,0.0060546986758708956
C1C(CNC(CC2=CSC3N2C(C2C=C(C)C=CC=2)C(=C(C)N=3)C(NC2C=CC=CC=2)=O)=O)C1,0.005739217787049711
C(NC(CC1=CSC2N1C(C1=CC(OC)=CC(OC)=C1)C(=C(C)N=2)C(=O)OCC=C)=O)C(C)C,0.00600174015853554
C1(CC1)NC(CC1=CSC2N1C(C1=CC=C(OC)C=C1)C(=C(C)N=2)C(=O)OC(C)(C)C)=O,0.006076368060894311
C(NC(CC1=CSC2N1C(C1C=CC=C(OC)C=1)C(=C(C)N=2)C(=O)OCCOC)=O)(C)CC,0.0052566697588190435
C1(=CC=CC=C1)CNC(CC1=CSC2N1C(C1=C(F)C=CC=C1)C(=C(C)N=2)C(N(CC)CC)=O)=O,0.001343210248160176
C1(=CC=CC=C1)CNC(CC1=CSC2N1C(C1=CC=C(C(C)C)C=C1)C(=C(C)N=2)C(=O)OCC)=O,0.007256088964641094
C1(C(=O)N(CC=C)CC(=O)N(CCC2=CC=CC=C2)CC2=CC=C(C)O2)C=CC(Cl)=C(Cl)C=1,0.009538671467453241
C1(C(=O)N(CC2CCCO2)CC(=O)N(CCC2=CC=CC=C2)CC2=CC=C(C)O2)C=CC=C(Br)C=1,0.010917391022667288
N(C1C=CC(=CC=1)C1C(C(=O)OC)=C(C)N(C)C(=S)N1)C(=O)NC1=C(C=CC=C1C(C)C)C(C)C,0.008136385004036129
C(C(=O)N(C1CC1)CC1C(=NN(C2C=CC=CC=2)C=1OC1=CC=CC=C1OC)C)(C)C,0.012854969268664718
C1(C(=O)N(CC=C)CC(=O)N(CCC2=CC=CC=C2)CC2=CC=C(C)O2)C=CC(=CC=1)OC,0.010206843260675669
CC(=O)N(C1CC1)CC1C(=NN(C2C=CC(Cl)=CC=2)C=1OC1=CC(F)=CC=C1)C,0.0068443883443251256
C(C)NC(C1=CC=C(COC2C=C3C(N(C(=O)C(C)(C)C)CCC3=CC=2)C2C=CC=CC=2)O1)=O,0.010200595390051604
C(NC(C(C)OC1C=C2C(N(C(=O)C3=CC=CO3)CCC2=CC=1)C1C=C(C)C=CC=1)=O)(C)C,0.011021311674267054
C(F)(F)(F)C1=CC=CC(CNC(C2N=C(C3=CC=C(C=C3)OCC3=CC(OC)=CC=C3)SC=2)=O)=C1,0.004429083643481135
C(F)(F)(F)C1=CC=CC(=C1)NC(C1N=C(C2=CC=C(C=C2)OCC2=CC(OC)=CC=C2)SC=1)=O,0.0042883292073383926
C=CCNC(C(CC)OC1C=C2C(N(C(=O)C3CCCC3)CCC2=CC=1)C1C=CC=CC=1)=O,0.010369640775024891
C(F)(F)(F)C1C=CC(=CC=1)NC(C1N=C(C2=C(C=CC=C2)OCC2C=CC=CC=2)SC=1)=O,0.004543459496926516
C(C(C)C)NC(C1=CC=C(COC2C=C3C(N(C(=O)C4=CC=CO4)CCC3=CC=2)C2C=CC=CC=2)O1)=O,0.010376839712262154
C(C)N(CC)C(C1N=C(COC2C=C3C(N(C(=O)CC)CCC3=CC=2)C2C=CC=C(F)C=2)SC=1)=O,0.006857139780186117
C1(F)C=C(CNC(COC2C=C3C(N(C(=O)CC)CCC3=CC=2)C2C=CC=C(F)C=2)=O)C=CC=1,0.007214285805821419
O(C)CCNC(CC(C1=CC=C(C=C1)F)C1C2=CC=CC=C2NC=1)=O,0.00351092639612034
CCN(C)C(C1N=C(COC2C=C3C(N(C(=O)C4=CC=CO4)CCC3=CC=2)C2C=CC=CC=2)SC=1)=O,0.00839797742664814
N1(CC2C=CC(=CC=2)F)C2C=CC(NC(C)=O)=CC=2C=C1C(NCCOC)=O,0.0038040952989831568
C(C(C)C)NC(C1=CC=C(COC2C=C3C(N(C(=O)C4CC4)CCC3=CC=2)C2C=CC=C(F)C=2)O1)=O,0.007526628230698407
C=CCNC(C1=CC=C(COC2C=C3C(N(C(=O)C4CC4)CCC3=CC=2)C2C=CC=C(F)C=2)O1)=O,0.006765007833018899
N1(CC2C=CC(=CC=2)F)C2C=CC(=CC=2C=C1C(NCCOC)=O)NC(C(C)C)=O,0.004718227055855095
C1(C=CC(=CC=1)C)NC(C1N=C(COC2C=C3C(N(C(=O)CC)CCC3=CC=2)C2C=CC=C(F)C=2)SC=1)=O,0.005508334911428392
N(S(=O)(=O)C1=CC=CC=C1)(C(C)C(=O)C1C(=C(C(=O)OCC)NC=1C)C)CCC,0.006924614543095231
N(S(=O)(=O)C1=CC=C(C)C=C1)(CC(=O)C1C(=C(C(OCC)=O)N(CC)C=1C)C)CC1CCCCC1,0.010714792646467686
C1(C(=O)N(CC(C)C)CC(=O)N(CCC2C=CC(OC)=C(OC)C=2)CC2=CC=C(C)O2)C=CC(=CC=1)Cl,0.010791550879366696
N(S(=O)(=O)C1=CC=C(C)C=C1)(C(C)C(=O)C1C(=C(C(=O)OCC)NC=1C)C)CCC,0.007172698806971312
C1(S(=O)(=O)N(CCCC)CC(=O)N(CCC2C=CC(OC)=C(OC)C=2)CC2=CC=C(C)O2)C=CC(=CC=1)Cl,0.007002195832319558
N(C(=O)C1=CC=C(C=C1)F)(CC(=O)C1C(=C(C(OCC)=O)N(CC)C=1C)C)CC1CCCCC1,0.012835116358473897
N(C(=O)CC(C)C)(CC(=O)C1C(=C(C(OCC)=O)N(CC)C=1C)C)CC=C,0.01660596765577793
C1(C(=O)N(CC=C)CC(=O)N(CCC2=CC=CC=C2)CC2=CC=C(C)O2)=CC=CC=C1C,0.011752812238410116
N(C(=O)C1=CC=C(C=C1)OC)(CC(=O)C1C(=C(C(OCC)=O)N(CC)C=1C)C)CC1CCCCC1,0.012774067185819148
C1(C(=O)N2CCC3(N(C4C=CC=CC=4)CN(CC(=O)NC(C)C4=CC=CC=C4)C3=O)CC2)C=CC(=CC=1)Cl,0.006299815326929093
C1(C(=O)N(CCCOC)CC(=O)N(CCC2=CC=CC=C2)CC2=CC=C(C)O2)C=CC(C)=CC=1,0.010306417196989059
N(C(=O)C1C=CC=CC=1)(CC(=O)C1C(=C(C(OCC)=O)N(CC)C=1C)C)CC1CCCCC1,0.015444091148674488
N(C(=O)C1C=CC(=CC=1)Cl)(CC(=O)C1C(=C(C(OCC)=O)N(CC)C=1C)C)CC=C,0.011744633223861456
C1(C(=O)N2CCN(CC2C)C(C2=CC3C=CSC=3N2CC2=C(OC)C=CC=C2)=O)CCCC1,0.0074896748876199125
N(C(=O)C1=CC=C(C)C=C1)(CC(=O)C1C(=C(C(OCC)=O)N(CC)C=1C)C)CC1CCCCC1,0.01593491923995316
N(S(=O)(=O)C1=CC=CC=C1)(CC(=O)C1C(=C(C(OCC)=O)N(CC)C=1C)C)CC=C,0.009760596370324493
N(C(=O)C1=CC=C(C=C1)F)(C(C)C(=O)C1C(=C(C(=O)OCC)NC=1C)C)CCC,0.008567216410301625
N(C(=O)C1C=CC(=CC=1)Cl)(CC(=O)C1C(=C(C(OCC)=O)N(CC)C=1C)C)CC1CCCCC1,0.012801792845129967
N(C(=O)C(C)C)(C(C)C(=O)C1C(=C(C(=O)OCC)NC=1C)C)CCC,0.011965848924592137
N(C(=O)C1=CC=CC(OC)=C1)(CC(=O)C1C(=C(C(OCC)=O)N(CC)C=1C)C)CC1CCCCC1,0.012688098568469286
C1(C(=O)N(C(C)(C)C)CC(=O)N(CC2=CC=C(F)C=C2)CC2=CC=C(C)S2)C=CC=CC=1Cl,0.007749376655556262
C1(=CC=CC=C1)CNC(C(C)OC1C=C2C(N(C(=O)CC)CCC2=CC=1)C1C=CC=C(F)C=1)=O,0.008119565877132117
C1C=C(CNC(C(C)OC2C=C3C(N(C(=O)CC)CCC3=CC=2)C2C=CC=C(F)C=2)=O)C=CC=1F,0.007535247271880508
C1=CC=CC(CN(C)C(C(C)OC2C=C3C(N(C(=O)CC)CCC3=CC=2)C2C=CC=C(F)C=2)=O)=C1,0.009855888737365603
C1(N(C)C(C2N=C(C3=CC=C(C=C3)OCC3C=CC=CC=3)SC=2)=O)C=CC=CC=1,0.007517795590683818
C1C=C(CNC(C2N=C(COC3C=C4C(N(C(=O)CC)CCC4=CC=3)C3C=CC=C(F)C=3)OC=2)=O)C=CC=1F,0.005265576299279928
C1=CC(CNC(CC2=CSC3N2C(C2C=CC=C(OC)C=2OC)C(=C(C)N=3)C(=O)OCC)=O)=CC2OCOC1=2,0.005469466233626008
N1(CCC2(N(C3C=CC(OC)=CC=3)C(=O)CS2)CC1)C(C1=CC=C(C=C1)CC)=O,0.00784367702435702
N1(CCC2(N(C3C=CC(OC)=CC=3)C(=O)CS2)CC1)C(COCC1C=CC=CC=1)=O,0.007453466020524502
C1C=C2OC(C(=O)N(CC3=C(F)C=CC=C3)CC2=CC=1NC(=O)C1CC1)C,0.007062110397964716
C(=O)(OCC)C1CCCN(C1)C(CC1=CSC2N1C(C1C=CC=C(Cl)C=1)C(=C(C)N=2)C(=O)OCCOC)=O,0.00432272934122011
C1CN(CCS1)C(C(CC)OC1C=C2C(N(C(=O)C)CCC2=CC=1)C1C=CC=CC=1)=O,0.010671095503494144
O1CCCC1CNC(C1=CC2SC=CC=2N1CC1=CC(OC)=CC=C1)=O,0.007132900925353169
O1CCN(CC1)C(C(C)OC1C=C2C(N(C(=O)C3CC3)CCC2=CC=1)C1=CC=C(C)C=C1)=O,0.011405436601489783
C1(C(=O)N2CCC(C(NC(=O)C3=CC=CC=C3Cl)C(N3CCCCC3)=O)CC2)CCCC1,0.009274460515007377
N1(CCC2(N(C3C=CC(OC)=CC=3)C(=O)CS2)CC1)C(C1=CC(OC)=CC=C1)=O,0.007228287309408188
C(NC(=S)N1CC(C(C2=CC=C(F)C=C2)C1)C(=O)NCC(C)C)(C)C,0.009656444517895579
C1(C(=O)N2CC(C(C3=CC=CC=C3)C2)C(=O)NCC(C)C)=CC=CC=C1F,0.007529334281571209
C1(S(=O)(=O)N2CC(C(C3=CC=C(F)C=C3)C2)C(=O)NCCCC)C=CC(=CC=1)OC,0.005622695083729923
CCNC(=S)N1CC(C(C2=CC=C(F)C=C2)C1)C(=O)NCCCC,0.008274090848863125
C(NC(=S)N1CC(C(C2=CC=C(F)C=C2)C1)C(=O)NCCCC)(C)C,0.008648984227329492
C1(C(=O)N2CC(C(C3=CC=C(F)C=C3)C2)C(=O)NCC(C)C)=CC=C(C=C1)F,0.006789736659266054
C1(C(=O)N2CC(C(C3=CC=C(F)C=C3)C2)C(=O)NCC(C)C)=CC=CS1,0.006023389054462314
C1(C(=O)N2CC(C(C3=CC=CC=C3)C2)C(=O)NCCOC)C=CC(=CC=1)Cl,0.006952855247072875
N1=C(SCC2=CC(C(F)(F)F)=CC=C2)N(C)C(=O)C(CC2C=CC=C(C)C=2)=C1C,0.007720803772099316
O(C1C(=CC(C)=CC=1)C1OC2C=CC=CC=2N=1)S(=O)(=O)C1=CC=C(C)C=C1,0.006855704728513956
C(NC(=O)N(C(C)CC)CC1=C(OS(=O)(=O)C2=CC=C(C=C2)F)C=CC=C1)C,0.005899650813080371
C(C)(C)(C)CC(=O)N(CCC)CC1ON=C(C2C=CC(F)=CC=2)C1,0.011469126353040338
C1(C(=O)NCC2N(C(NCCC)=S)CCC3C2=CC(OC)=C(OC)C=3)CCCC1,0.013681256677955389
O(C1=C(C=CC=C1)C1OC2C=C(C=CC=2N=1)C)S(=O)(=O)C,0.005668502184562385
C1=CC=CC(CN(C)C(C2=C(C)C3=C(CCCC3)N2CC2=CC=C(C=C2)C)=O)=C1,0.016490711458027364
C(C1C(C(C)C)=NN(C2=CC=CC=C2)C=1C(C)C)(NCC1=CC=CO1)=O,0.01063810302875936
C(C1=C(C)C=C(C)N1CC1=CC=C(C=C1)C)(NCC1C=CC=C(C=1)C(F)(F)F)=O,0.007002869760617614
C(CCN1C(=O)CSC1C1C=CC(F)=CC=1F)(N(C)C)=O,0.005856704781763256
C(NC(CC(C1C=CC=C(C)C=1)C1C2=CC=CC=C2N(C=1)CC1C=CC(=CC=1)C)=O)(C)C,0.012688308907672762
O1C(CNC(C2=CC3SC=CC=3N2CC2C=CC=C(F)C=2)=O)=CC=C1,0.005095749325118959
C1(CC1)NC(C1N=C(COC2C=C3C(N(C(=O)C(C)C)CCC3=CC=2)C2C=CC=CC=2)SC=1)=O,0.007182859722524882
O1C(CNC(C2=CC3SC(C)=CC=3N2CC2C=CC=C(C)C=2)=O)=CC=C1,0.008423060178756714
C(NC(CC(C1C=CC=C(C)C=1)C1C2=CC=CC=C2N(C=1)CC1C=CC(=CC=1)C)=O)(C)CC,0.013635286688804626
C(NC(C1=CC2SC=CC=2N1CC1C=CC=C(F)C=1)=O)CC,0.004855447518639267
C(NC(C1=CC2SC(C)=CC=2N1CC1C=CC=C(C)C=1)=O)C,0.008056861953809858
C1(NC(CC(C2C=CC=C(C)C=2)C2C3=CC=CC=C3N(C=2)CC2C=CC(=CC=2)C)=O)CC1,0.012380473781377077
C1(NC(C2=CC3SC(C)=CC=3N2CC2C=CC=C(C)C=2)=O)CC1,0.009099874552339316
C(COC)CNC(CC(C1C=CC=C(C)C=1)C1C2=CC=CC=C2N(C=1)CC1C=CC(=CC=1)C)=O,0.010547260241582989
C=CCNC(C1=CC2SC=CC=2N1CC1C=CC=C(F)C=1)=O,0.004601493070367724
C(NC(C1=CC2SC=C(Br)C=2N1CC1=C(OC)C=CC=C1)=O)(C)C,0.008489745482802392
C(NC(CC(C1C=CC=C(C)C=1)C1C2=CC=CC=C2N(C=1)CC1C=CC(=CC=1)C)=O)CC,0.01299632266163826
C=CCNC(C1=CC2SC(C)=CC=2N1CCC1=CC=CC=C1)=O,0.007982445904053748
C=CCNC(C1=CC2SC=C(Br)C=2N1CC1=C(OC)C=CC=C1)=O,0.008033910021185874
O1CCCC1CNC(C1=CC2SC(C)=CC=2N1CC1C=CC=C(C)C=1)=O,0.008618735754862428
C(C)(C)NC(C1=CC=C(COC2C=C3C(N(C(=O)C4CC4)CCC3=CC=2)C2C=CC=CC=2)O1)=O,0.010027498193085193
C(NC(C1=CC2SC=CC=2N1CC1C=CC=C(F)C=1)=O)C(C)C,0.0057132649701088665
N1(C2C=CC(Cl)=C(C)C=2)CCC(C(=O)NCC2=CC3OCOC=3C=C2)C1=O,0.007542451238259673
C=CCNC(C1=CC2SC(C)=CC=2N1CC1C=CC=C(C)C=1)=O,0.008147844672203064
C(OC)CNC(C1=CC2SC=CC=2N1CC1C=CC=C(F)C=1)=O,0.003885136777535081
C1N(C(NCC)=O)CC(COC2=C(OC)C=CC=C2OC)OC1,0.005763187515549361
C1C=C(C(=O)COC2=CC=C(C=C2)C2=NOC(CC(C)(C)C)=N2)C=CC=1F,0.01257283785380423
C(NC(C1=CC2SC=C(Br)C=2N1CC1C=C(OC)C=C(OC)C=1)=O)(C)C,0.008367524528875948
C1N(CCC1)C(C1=CC2SC(C)=CC=2N1CC1C=CC=C(C)C=1)=O,0.010079750325530767
N(C(C)C)C(N(CC1CCCO1)CC1=CC(=CC=C1OS(=O)(=O)C1=CC=C(C=C1)NC(C)=O)Cl)=O,0.004285768291447311
N(C(=O)C1C=CC(=CC=1)Cl)(C(C)C(=O)C1C(=C(C(=O)OC)NC=1C)C)CCOC,0.00842357452493161
N(C(=O)C1C=CC(=CC=1)Cl)(C(C)C(=O)C1C(=C(C(=O)OC)NC=1C)C)CC(C)C,0.009451720491051674
C(CCC)NC(C1=CC2=C(N1CCCOC1=CC=CC=C1)C=CO2)=O,0.008752605086192489
C(N(CC(C)C)CC1=CC(=CC=C1OS(=O)(=O)C1=CC=C(C=C1)NC(C)=O)Cl)(C1CCC1)=O,0.006732894596643746
N(C(=O)C1=CC=CC(OC)=C1)(C(C)C(=O)C1C(=C(C(=O)OC)NC=1C)C)CCOC,0.009383080201223493
N(S(=O)(=O)C1=CC=C(C)C=C1)(C(C)C(=O)C1C(=C(C(=O)OC)NC=1C)C)CC(C)C,0.008065733895637094
N(C(=O)NC(C)C)(C(C)C(=O)C1C(=C(C(=O)OC)NC=1C)C)CCOC,0.007486646180041134
C1(=CC=CO1)C(=O)N(CC1=CC=C(F)C=C1)CC1=CC(=CC=C1OS(=O)(=O)C1=CC=C(C=C1)F)Cl,0.008194769266992807
O=C(CN1C2C(C(=O)N(C3=CC=CC(=C3)C(F)(F)F)C1=O)=CC=CC=2)NCCOC,0.0037706770817749202
N(S(=O)(=O)C1=CC=C(C)C=C1)(C(C)C(=O)C1C(=C(C(=O)OC)NC=1C)C)CCOC,0.007142358412966132
N(CCC1C=C(OC)C(OC)=CC=1)(C(=O)C1=CC=C(CCCCCC)C=C1)CCC(=O)NC1SC(C2=CC=C(C=C2)C)=NN=1,0.005477079562842846
C(N(CCOC)CC1=C(OS(=O)(=O)C2C=CC(=CC=2)OC)C=CC=C1)(=O)C1C=CC=C(F)C=1,0.00892402152530849
C(N(CC1CCCO1)CC1=CC(=CC=C1OS(=O)(=O)C1=CC=C(C=C1)F)Cl)(C(C)C)=O,0.007583662401884794
N(C(=O)CC(C)C)(C(C)C(=O)C1C(=C(C(=O)OC)NC=1C)C)CC1=CC=CO1,0.01111643195617944
N1(CCN(CC1)C(C)=O)C(CN1C2C(C(=O)N(C3C=CC(F)=C(Cl)C=3)C1=O)=CC=CC=2)=O,0.004486661334522068
N(C(=O)C1=CC=CC(OC)=C1)(C(C)C(=O)C1C(=C(C(=O)OC)NC=1C)C)CC1=CC=CO1,0.009456928842701018
C1(NC(=O)CN(CCC)C(=O)C2C=CC(=CC=2)C(C)(C)C)=CC(C2C=CC=CC=2)=NN1C1=CC=C(F)C=C1,0.006122365640476346
N(C(=O)CC(C)C)(C(C)C(=O)C1C(=C(C(=O)OC)NC=1C)C)CC(C)C,0.012555680656805634
C1(C(=O)N2CCN(CC2C)C(C2=CC3C=CSC=3N2CC2=CC=CC=C2C)=O)=CC=CC=C1C,0.007840189686976373
N(C(=O)C1CCCC1)(C(C)C(=O)C1C(=C(C(=O)OC)NC=1C)C)CCOC,0.01136316596530378
N(C(=O)C1=CC=C(C)C=C1)(C(C)C(=O)C1C(=C(C(=O)OC)NC=1C)C)CC(C)C,0.01118339952081442
N1(CCC2(N(C3C=CC(C)=CC=3)C(=O)CS2)CC1)C(=O)NCCCC,0.004010328312870115
C1N(CCCC1)C(CC(C1C=CC=C(C)C=1)C1C2=CC=CC(CC)=C2NC=1)=O,0.0075512473238632085
N1(CCC2(N(C3C=CC(F)=CC=3)C(=O)CS2)CC1)C(=O)NCC,0.00289262046571821
O(C)CCNC(CC(C1C=CC=C(Cl)C=1)C1C2=CC=CC=C2N(C=1)CC1=CC=C(C=C1)F)=O,0.005524108442477882
C(C1=CC=C(CN2C(=O)CC(C3C=CC=CC=3)C(C(OCC)=O)=C2C)C=C1)(NCCC(C)C)=O,0.010129238432273268
C(NC(CC(C1C=CC=C(Cl)C=1)C1C2=CC=CC=C2N(C=1)CC1=CC=C(C=C1)F)=O)(C)C,0.007172087975777686
C1C=C(CNC(CC(C2=CC=C(C=C2)F)C2C3=CC=CC=C3N(C=2)CC2C=CC(=CC=2)C)=O)C=CC=1F,0.00779576653148979
C(NC(CC(C1C=CC=C(Cl)C=1)C1C2=CC=CC=C2N(C=1)CC1=CC=C(C=C1)F)=O)(C)CC,0.007351052295416593
O1CCN(CC1)C(CN1C(=O)COC2C1=CC(C(COC1=CC(C)=C(C(C)C)C=C1)=O)=CC=2)=O,0.011037842091172933
C1(NC(CC(C2C=CC=C(Cl)C=2)C2C3=CC=CC=C3N(C=2)CC2=CC=C(C=C2)F)=O)CC1,0.006903087138198316
C(COC)CNC(CC(C1C=CC=C(Cl)C=1)C1C2=CC=CC=C2N(C=1)CC1=CC=C(C=C1)F)=O,0.005690114223398268
C(NC(CC(C1=CC=C(C=C1)F)C1C2=CC=CC=C2N(C=1)CC1C=CC(=CC=1)C)=O)CC(C)C,0.009264386352151632
C(NC(CC(C1=CC=C(C=C1)F)C1C2=CC=CC=C2N(C=1)CC1C=CC(=CC=1)C)=O)CCC,0.007854725094512105
C(CN1CC2=C(C1=O)C(C1C=CC=C(Cl)C=1)NC(=O)N2CC=C)(NCC(C)C)=O,0.0057017018436454235
S1C(SCC(=O)C2=CC=CC(C(F)(F)F)=C2)=NN=C1NC(=O)CCCCCCC,0.007860777573660016
C(CN1CC2=C(C1=O)C(C1C=CC=C(Cl)C=1)NC(=O)N2CC=C)(NCCC(C)C)=O,0.006072907405905425
C1(C=C2C(=O)N(C3=CC=C(N(=O)=O)C=C3)C(SCC(=O)C3=CC=C(C=C3)OC)=NC2=C(OC)C=1OC)OC,0.006371932104229927
C1(S(=O)(=O)N(CC2=CC=CO2)CC(=O)N(CC2=CC=C(F)C=C2)CC2=CC=C(C)S2)C=CC=CC=1,0.006860897946171463
N(C1C=CC(=CC=1)C1C(C(=O)OC)=C(C)N(CC)C(=S)N1)C(=O)NC1=CC=CC=C1OCC,0.006807301822118461
C1(=CC=CO1)C(=O)N(CC1CCCO1)CC1C=C(OS(=O)(=O)C2C=CC(=CC=2)OC)C=CC=1,0.010157076781615615
C1(S(=O)(=O)N(CCOC)CC(=O)N(CCC2C=CC(OC)=C(OC)C=2)CC2=CC=C(C)O2)C=CC(=CC=1)Cl,0.006771479640156031
C1(=CC=CC=C1F)C(=O)N(CC1=CC=CO1)CC1=C(OS(=O)(=O)C2C=CC(=CC=2)OC)C=CC=C1,0.009536192193627358
N1=C(SCC2C=C(F)C=C(F)C=2)N(C)C(=O)C(CC2=C(C)C=CC=C2)=C1C,0.009650352364405989
C(NC(=O)N(CC1=CC=CO1)CC1=C(OS(=O)(=O)C2C=CC(=CC=2)OC)C=CC=C1)(C)C,0.0068138452712446455
C1(C(=O)N(CCCOCC)CC(=O)N(CCC2=CC=CC=C2)CC2=CC=C(C)O2)CCCC1,0.012128783343359827
C(C1=CC(OS(=O)(=O)C2C=CC(=CC=2)OC)=C(OC)C=C1)N(C(NC(C)(C)C)=O)CC1CCCO1,0.006845956295728683
C(NC(=O)N(CCOC)CC1C=CC(OS(=O)(=O)C2=CC=C(C=C2)NC(C)=O)=CC=1)(C)(C)C,0.005120290000922978
C1(NC(=O)N2CCN(CC2C)C(C2=CC3C=CSC=3N2CC2C=CC=CC=2F)=O)=CC=CC=C1F,0.00326897872146219
C1(C(=O)N(CC2=CC=CO2)CC(=O)N(CC2=CC=C(F)C=C2)CC2=CC=C(C)S2)=CC=CS1,0.009104742389172315
C1(=CC=CC=C1Cl)C(=O)N(C(C)CC)CC1=C(OS(=O)(=O)C2=CC=C(C=C2)NC(C)=O)C=CC=C1,0.006328349048271775
C(NC(=O)N(C(C)CC)CC1=C(OS(=O)(=O)C2C=CC(=CC=2)OC)C=CC=C1)(C)C,0.007494596415199339
N1=C(SCC2=CC=CC=C2C)N(C)C(=O)C(CC2C=CC=C(C)C=2)=C1C,0.013468372449278832
C(C(=O)N(C1CC1)CC(N(CC1=CC=C2OCOC2=C1)CC1SC=CC=1C)=O)C1C=CC=CC=1,0.009212793409824371
C(C1=CC(OS(=O)(=O)C2C=CC(=CC=2)OC)=C(OC)C=C1)N(C(NC1C=CC=CC=1OC)=O)CC(C)C,0.007033401611261069
C(NC(=O)N(CC1=CC=CO1)CC1C=CC(OS(=O)(=O)C2=CC=C(C=C2)NC(C)=O)=CC=1)(C)(C)C,0.00533997411839664
N1=C(SCC2=CC=C(Br)C=C2)N(C)C(=O)C(CC2C=CC=CC=2)=C1C,0.013075588224455714
N(C(C)C)C(N(CC1=CC=C(F)C=C1)CC1=CC(=CC=C1OS(=O)(=O)C1=CC=C(C=C1)NC(C)=O)Cl)=O,0.0040490583749488
C1(C(=O)N(CCOC)CC(=O)N(CCC2C=CC(OC)=C(OC)C=2)CC2=CC=C(C)O2)CCCC1,0.013241945952177047
N(C(C)C)C(N(C(C)CC)CC1=CC(=CC=C1OS(=O)(=O)C1=CC=C(C=C1)NC(C)=O)Cl)=O,0.005007749539799988
C1=CC=CC(OC2C=C(CNC(C3N=C(C4=CC(OC)=C(C=C4)OCC4C=CC=C(F)C=4)SC=3)=O)C=CC=2)=C1,0.0057087727589532735
C1C=C(CNC(C2N=C(C3=CC=C(C=C3)OCC3=CC(C(F)(F)F)=CC=C3)SC=2)=O)C=CC=1F,0.00479581153485924
C1(C(=O)NC2=C(C=CC(C)=C2)N2CCCN(CC3=C(C)C=CC=C3)C2=O)C=CC(F)=CC=1,0.0054880667245015505
N(=O)(=O)C1C(C)=CC=C(C=1)C(=O)NC1=C(C=CC(C)=C1)N1CCCN(CC2=C(C)C=CC=C2)C1=O,0.004577269218862057
C1(C(=O)NC2=CC=CC=C2N2CCCN(CC3=CC=C(C=C3)F)C2=O)C=CC(F)=CC=1,0.004956220369786024
N(C(C)C)C(N(CC1=CC=CO1)CC1=CC(=CC=C1OS(=O)(=O)C1=CC=C(C=C1)NC(C)=O)Cl)=O,0.004497492720838636
N(C1C=C(C=CC=1)SC1C(=O)N(C2=CC=CC=C2)C(=O)C=1NC1=CC=CC=C1)C(C1=CC=C2OCOC2=C1)=O,0.0031541634700261055
N(C1C=C(C=CC=1)SC1C(=O)N(C2=CC=C(C=C2)C(F)(F)F)C(=O)C=1NC1C=CC(=CC=1)OC)C(C1C=CC=CC=1)=O,0.0025778850889764727
N(C1C=C(C=CC=1)SC1C(=O)N(CCCOC)C(=O)C=1NC1C=C(C)C=CC=1OC)C(C1C=CC=CC=1)=O,0.00304300069110468
N(C(=O)C1=CC=CS1)(C(C)C(=O)C1C(=C(C(=O)OCC)NC=1C)C)CC(C)C,0.009832014888525009
N(C1C=C(C=CC=1)SC1C(=O)N(C2=CC=CC=C2)C(=O)C=1NC1=CC=CC=C1)C(C1C=CC=C(Cl)C=1)=O,0.0029669189709238706
N(C1C=C(C=CC=1)SC1C(=O)N(CCCOC)C(=O)C=1NC1C=C(C)C=CC=1OC)C(C1=CC=C(C=C1)F)=O,0.00260765312705189
N(C1C=C(C=CC=1)SC1C(=O)N(CCCOC)C(=O)C=1NC1C=C(C)C=CC=1OC)C(C1=CC=C(C)C=C1)=O,0.00308274261187762
N(C(=O)C1=CC=CC=C1Cl)(C(C)C(=O)C1C(=C(C(=O)OCC)NC=1C)C)CC(C)C,0.010102957114577293
C(N(CC1=CC=CO1)CC1C=C(OS(=O)(=O)C2=CC=C(C=C2)NC(C)=O)C=CC=1)(C1CCC1)=O,0.0075698561733588575
N(C1C=C(C=CC=1)SC1C(=O)N(C2=CC=C(C=C2)C(F)(F)F)C(=O)C=1NC1C=CC(=CC=1)OC)C(C1=CC=C(C=C1)F)=O,0.002428166475147009
N(C1C=C(C=CC=1)SC1C(=O)N(CCCOC)C(=O)C=1NC1C=C(C)C=CC=1OC)C(C1=CC=CO1)=O,0.003314631269313395
N(C1C=C(C=CC=1)SC1C(=O)N(CCCOC)C(=O)C=1NC1C=C(C)C=CC=1OC)C(C1C=CC(=CC=1)Cl)=O,0.002611931785941124
N(C(=O)C1=CC=C(C=C1)OC)(C(C)C(=O)C1C(=C(C(=O)OCC)NC=1C)C)CC(C)C,0.010737461131066084
C(NC(=O)N(CC1=CC=C(F)C=C1)CC1=CC=CC(=C1)OS(=O)(=O)C1C=CC(=CC=1)F)(C)(C)C,0.005544220912270248
N(C1C=C(C=CC=1)SC1C(=O)N(C2=CC=C(C=C2)C(F)(F)F)C(=O)C=1NC1C=CC(=CC=1)OC)C(C1=CC=CO1)=O,0.0026128431665711103
N(C1C=C(C=CC=1)SC1C(=O)N(CCCOC)C(=O)C=1NC1C=C(C)C=CC=1OC)C(CCC1C=CC=CC=1)=O,0.00286562442779541
N(C1C=C(C=CC=1)SC1C(=O)N(CCCOC)C(=O)C=1NC1C=C(C)C=CC=1OC)C(C1=CC=C(C=C1)N(=O)=O)=O,0.0019156849768478424
N(C(=O)C1CC1)(C(C)C(=O)C1C(=C(C(=O)OCC)NC=1C)C)CC(C)C,0.01157955452799797
N(C1C=C(C=CC=1)SC1C(=O)N(C2=CC=C(C=C2)C(F)(F)F)C(=O)C=1NC1C=CC(=CC=1)OC)C(C1=CC=CS1)=O,0.0020405877905432133
N(C1C=C(C=CC=1)SC1C(=O)N(CCCOC)C(=O)C=1NC1C=C(C)C=CC=1OC)C(C1=CC=CS1)=O,0.0026135200867429377
N(C(=O)C1=CC=C(C=C1)F)(C(C)C(=O)C1C(=C(C(=O)OCC)NC=1C)C)CC(C)C,0.009598737792111933
N(C(=O)C1CCCC1)(C(C)C(=O)C1C(=C(C(=O)OCC)NC=1C)C)CC(C)C,0.012993530323728918
N(C1C=C(C=CC=1)SC1C(=O)N(C2=CC=CC=C2)C(=O)C=1NC1=CC=CC=C1)C(C1=CC=CC(OC)=C1)=O,0.003468098945450038
N(C1C=C(C=CC=1)SC1C(=O)N(C2=CC=C(C=C2)C(F)(F)F)C(=O)C=1NC1C=CC(=CC=1)OC)C(C1=CC=CC=C1Cl)=O,0.0023889734118711205
N(C1C=C(C=CC=1)SC1C(=O)N(CCCOC)C(=O)C=1NC1C=C(C)C=CC=1OC)C(C1=CC=CC=C1Cl)=O,0.0026790087402332576
N(C(=O)C1=CC=CO1)(C(C)C(=O)C1C(=C(C(=O)OCC)NC=1C)C)CC(C)C,0.012092365603893995
C(N(CC1=CC(=CC=C1OS(=O)(=O)CC)Cl)C(C)CC)(C(C)C)=O,0.012512871623039245
N(C1C=C(C=CC=1)SC1C(=O)N(C2=CC=CC=C2)C(=O)C=1NC1=CC=CC=C1)C(C1=CC(OC)=C(OC)C(OC)=C1)=O,0.0033191646332852544
N(C1C=C(C=CC=1)SC1C(=O)N(C2=CC=C(C=C2)C(F)(F)F)C(=O)C=1NC1C=CC(=CC=1)OC)C(C1=CC=C(C=C1)OC)=O,0.002489878877531737
N(C(=O)C(C)C)(C(C)C(=O)C1C(=C(C(=O)OCC)NC=1C)C)CC(C)C,0.012528882268816233
N(C(C)(C)C)C(N(C(C)CC)CC1=CC(=CC=C1OS(=O)(=O)CC)Cl)=O,0.007056048163212836
N(C1C=C(C=CC=1)SC1C(=O)N(C2=CC=CC=C2)C(=O)C=1NC1=CC=CC=C1)C(C1=CC=C(C=C1)Br)=O,0.003630058455746621
N(C1C=C(C=CC=1)SC1C(=O)N(C2=CC=C(C=C2)C(F)(F)F)C(=O)C=1NC1C=CC(=CC=1)OC)C(CC(C)C)=O,0.0024630518397316336
N(C1C=C(C=CC=1)SC1C(=O)N(CCCOC)C(=O)C=1NC1C=C(C)C=CC=1OC)C(CC(C)C)=O,0.003593026043381542
N(C(=O)C1CCC1)(C(C)C(=O)C1C(=C(C(=O)OCC)NC=1C)C)CC(C)C,0.011891756625846028
O=C(CCN(CC1CCCO1)C(C1=NOC(C2=CC=C(OC)C=C2)=C1)=O)NCCOC,0.007003214536234736
O=C(C1C=CC=C(F)C=1)N(C1CCCCC1)CC(=O)C1C(=C(C(OCC)=O)N(C)C=1C)C,0.013294750871136785
O=C(C1C=CC=C(F)C=1)N(CCCOC)CC(=O)C1C(=C(C(=O)OC)NC=1C)C,0.0069923863746225836
O=C(CC(C)C)N(CC1=CC=CO1)CC(=O)C1C(=C(C(=O)OC)NC=1C)C,0.010465685790404678
O=C(CCN(CC1CCCO1)C(C1=NOC(C2=CC=C(OC)C=C2)=C1)=O)NCC1CCCO1,0.00876936330460012
O=C(C1C=CC(=CC=1)Cl)N(C1CCCCC1)CC(=O)C1C(=C(C(OCC)=O)N(C)C=1C)C,0.01305655539035797
O=C(C1C=CC(=CC=1)Cl)N(CCCOC)CC(=O)C1C(=C(C(=O)OC)NC=1C)C,0.00733211284969002
O=C(C1=CC=CC(OC)=C1)N(CC1=CC=CO1)CC(=O)C1C(=C(C(=O)OC)NC=1C)C,0.009059377363882959
O=C(C1=CC=C(C=C1)F)N(CCCOC)CC(=O)C1C(=C(C(=O)OC)NC=1C)C,0.007130541116930544
O=C(C1=CC=C(C=C1)F)N(CC=C)CC(=O)C1C(=C(C(OCC)=O)N(C)C=1C)C,0.013072067825123667
[C@H]1(O)[C@H](C(C[C@](OCC2=CC=CC(C(F)(F)F)=C2)(C(NCC2CC2)=O)C1)OCC1C(C#N)=CC=CC=1)O,0.002746855785517255
O=C(C(C)C)N(CC=C)CC(=O)C1C(=C(C(OCC)=O)N(C)C=1C)C,0.017055045813322067
C1C=C(OC(F)(F)F)C=C(C=1)COC1C[C@](OCC2C=CC=CC=2F)(C(NCC2CCCO2)=O)C[C@H]2OC(C)(C)O[C@H]21,0.005369828047696501
O=C(CCN(CC1=CC=CO1)C(C1=NOC(C2=CC=C(OC)C=C2)=C1)=O)NCC1=CC=C2OCOC2=C1,0.0073106324067339305
O=C(C1=CC=C(C=C1)OC)N(CCCOC)CC(=O)C1C(=C(C(=O)OC)NC=1C)C,0.00829362312797457
O=C(C1=CC=C(C=C1)OC)N(CC=C)CC(=O)C1C(=C(C(OCC)=O)N(C)C=1C)C,0.01422402895987034
O=C(CC)N(CCCOC)CC(=O)C1C(=C(C(=O)OC)NC=1C)C,0.008693550364114344
O=C(C1C=CC=CC=1)N(C1CCCCC1)CC(=O)C1C(=C(C(OCC)=O)N(C)C=1C)C,0.015431690961122513
O=C(C1C=CC=CC=1)N(CCCOC)CC(=O)C1C(=C(C(=O)OC)NC=1C)C,0.008082262403331698
O=C(CC)N(CC=C)CC(=O)C1C(=C(C(OCC)=O)N(C)C=1C)C,0.016477667167782782
O=C(C1=CC=C(C)C=C1)N(C1CCCCC1)CC(=O)C1C(=C(C(OCC)=O)N(C)C=1C)C,0.015963373985141516
O=C(C1=CC=C(C=C1)OC)N(CC1=CC=CO1)CC(=O)C1C(=C(C(=O)OC)NC=1C)C,0.009163960465230048
C(NC(=O)N(CC1C=CC=C(F)C=1)CC1ON=C(C2C=CC(Cl)=C(Cl)C=2)C1)(C)(C)C,0.005244601669255644
C(N(CC(C)C)CC1C=CC(OS(=O)(=O)C2=CC=C(C=C2)NC(C)=O)=CC=1)(CC(C)C)=O,0.008224516059271991
C(C(=O)N(CCCC)CC(=O)N(CCC1C=CC(OC)=C(OC)C=1)CC1=CC=C(C)O1)C1C=CC=CC=1,0.012306115869432688
C1(C(=O)N2CC(C(C3=CC=CC(F)=C3)C2)C(=O)NCCCC)=CC=C(C=C1)OC,0.006756770540960133
C(C(=O)N(CC1C=CC=C(F)C=1)CC1ON=C(C2C=CC(Cl)=C(Cl)C=2)C1)C(C)C,0.009057301818393171
C1(=CC=CC=C1F)C(=O)N(CCOC)CC1=CC(OS(=O)(=O)CC)=C(OC)C=C1,0.011008239164948464
C1(C(=O)N2CC(C(C3=CC=CC(F)=C3)C2)C(=O)NCCOC)C=CC=CC=1,0.005517572024837136
C1(C(=O)N(CC2C=CC=CC=2F)CC2ON=C(C3C=CC(Cl)=C(Cl)C=3)C2)CCCC1,0.009238061611540616
C1(C(=O)N2CC(C(C3=CC=CC(F)=C3)C2)C(=O)NCCOC)C=CC(=CC=1)Cl,0.005556113459169865
C1(C(=O)N(CC2C=CC=CC=2F)CC2ON=C(C3C=CC(Cl)=C(Cl)C=3)C2)=CC=CS1,0.006780976476147771
N(CC1=CC=CC(C(F)(F)F)=C1)(C(=O)C1CCCC1)CC1ON=C(C1)C1=CC=C(Cl)O1,0.007370095560327172
C(C)(C)(C)CC(=O)N(CC1C=CC=C(Cl)C=1)CC1ON=C(C2=CC=C(OC)C(OC)=C2)C1,0.010693438723683358
C(N(C(C)CC)CC1=CC(=CC=C1OS(=O)(=O)C1=CC=C(C=C1)F)Cl)(C1CCC1)=O,0.008709209831431508
C1(C(=O)N(CC2C=CC(F)=CC=2F)CC2ON=C(C3C=CC=C(F)C=3)C2)C=CC=C(F)C=1,0.009198232227936387
C1(C(=O)N(CC2C=CC(F)=CC=2F)CC2ON=C(C3C=CC(Cl)=C(Cl)C=3)C2)CCCC1,0.008644987945444882
C1=CC(=CC(OC)=C1)C(=O)N1CC(C(C2=CC=CC(F)=C2)C1)C(=O)NC(C)C,0.007518305908888578
C(NC(=O)N(CC1C=CC(F)=CC=1F)CC1ON=C(C2C=CC(Cl)=C(Cl)C=2)C1)C,0.004883843555580825
C1(C(=O)N(CC2C=CC(F)=CC=2F)CC2ON=C(C3C=CC(Cl)=C(Cl)C=3)C2)CCC1,0.008332200674340129
C1(C(=O)N(CC2C=CC=CC=2Cl)CC2ON=C(C3=CC=CC=C3Cl)C2)C=CC=C(F)C=1,0.008202721853740514
C(N(CCOC)CC1=CC(OS(=O)(=O)C2C=CC(=CC=2)OC)=C(OC)C=C1)(C1CCC1)=O,0.011551224207505584
C1(=CC=CC=C1)CNC(C1=CC2SC(Br)=CC=2N1CC1=CC=C(C=C1)C)=O,0.009235144499689341
C(OCC)(=O)C1CN(CCC1)C(C1=CC2SC(Br)=CC=2N1CC1=CC=C(C=C1)C)=O,0.009017488965764642
C1(C)C=C(CNC(C2=CC3SC(Br)=CC=3N2CC2C=CC=CC=2)=O)C=CC=1,0.009177927114069461
C(NC(C1=CC2SC(Br)=CC=2N1CC1C=CC=C(C)C=1)=O)CC,0.009931574948132038
C1(F)C=C(CNC(C2=CC3SC(Br)=CC=3N2CC2C=CC=C(C)C=2)=O)C=CC=1,0.006950100767426193
C1(CNC(C2=CC3SC=CC=3N2CC2=CC(F)=C(F)C=C2)=O)CC1,0.006563964998349547
C(F)(F)(F)C1=CC=CC(CNC(C2=CC3SC(Br)=CC=3N2CC2=CC=C(C=C2)C)=O)=C1,0.006018410855904222
O1CCCC1CNC(C1=CC2SC(Br)=CC=2N1CC1=CC=C(C=C1)C)=O,0.009197144908830524
C1=CC=CC(CN(C)C(C2=CC3SC(Br)=CC=3N2CC2=CC=C(C=C2)C)=O)=C1,0.011200992204248906
C1=CC(CNC(C2=CC3SC(Br)=CC=3N2CC2C=CC=CC=2)=O)=CC2OCOC1=2,0.007496520015411079
C1C(F)=C(CNC(C2=CC3SC(Br)=CC=3N2CC2C=CC=CC=2)=O)C=CC=1,0.006239085737615824
C(NC(C1=CC2SC(Br)=CC=2N1CC1C=CC=C(C)C=1)=O)C(C)C,0.010405619302764535
C1C=C(CNC(C2=CC3SC(Br)=CC=3N2CC2C=CC=C(C)C=2)=O)C=CC=1F,0.0069494675379246475
C1(C)C=C(CNC(C2=CC3SC(Br)=CC=3N2CC2C=CC=C(C)C=2)=O)C=CC=1,0.009948279242962599
C(NC(C1=CC2SC(Br)=CC=2N1CC1=CC=C(C=C1)C)=O)(C)C,0.009914087923243642
C1(CNC(C2=CC3SC(Br)=CC=3N2CC2=CC=C(C=C2)C)=O)CC1,0.010726635856553913
CCN(C)C(C1=CC2SC(Br)=CC=2N1CC1=CC=C(C=C1)C)=O,0.011182578513398767
C(NC(C1=CC2SC(Br)=CC=2N1CC1C=CC=CC=1)=O)CC,0.009069869201630354
C1N(CCC1)C(C1=CC2SC(Br)=CC=2N1CC1C=CC=CC=1)=O,0.010307167423889041
C1(=CC=CC=C1)CNC(C1=CC2SC(Br)=CC=2N1CC1C=CC=C(C)C=1)=O,0.009167832229286433
C1C(F)=C(CNC(C2=CC3SC(Br)=CC=3N2CC2C=CC=C(C)C=2)=O)C=CC=1,0.006665729498490691
C(NC(C1=CC2SC(Br)=CC=2N1CC1=CC=C(C=C1)C)=O)C,0.009176157135516404
C=CCNC(C1=CC2SC(Br)=CC=2N1CC1=CC=C(C=C1)C)=O,0.00921379723586142
C1C=C(CNC(C2=CC3SC(Br)=CC=3N2CC2C=CC=CC=2)=O)C=CC=1F,0.006462609092704952
C1N(CCC(C(=O)OCC)C1)C(C1=CC2SC(Br)=CC=2N1CC1C=CC=CC=1)=O,0.008751533553004264
C(F)(F)(F)C1=CC=CC(CNC(C2=CC3SC(Br)=CC=3N2CC2C=CC=C(C)C=2)=O)=C1,0.006025820760987699
C1C(OC)=C(CCNC(C2=CC3SC(Br)=CC=3N2CC2C=CC=C(C)C=2)=O)C=CC=1,0.008435353403910995
C1=CC=CC(CN(C)C(C2=CC3SC=CC=3N2CC2=C(Cl)C=CC=C2)=O)=C1,0.008405963284894824
C1(NC(C2=CC3SC(Br)=CC=3N2CC2=CC=C(C=C2)C)=O)CC1,0.010027434164658188
C1(F)C=C(CNC(C2=CC3SC(Br)=CC=3N2CC2=CC=C(C=C2)C)=O)C=CC=1,0.0070005205227062104
C(OCC)(=O)C1CN(CCC1)C(C1=CC2SC(Br)=CC=2N1CC1C=CC=CC=1)=O,0.008560147508978844
C(NC(C1=CC2SC(Br)=CC=2N1CC1C=CC=C(C)C=1)=O)(C)C,0.00975586292333901
O1CCCC1CNC(C1=CC2SC(Br)=CC=2N1CC1C=CC=C(C)C=1)=O,0.009164695860818028
C1N(CCC1)C(C1=CC2SC(Br)=CC=2N1CC1C=CC=C(C)C=1)=O,0.011022910289466382
C(F)(F)(F)C1=CC=CC(CNC(C2=CC3SC(C)=CC=3N2CC=C)=O)=C1,0.0046708800597116355
C1=CC(CNC(C2=CC3SC(Br)=CC=3N2CC2=CC=C(C=C2)C)=O)=CC2OCOC1=2,0.007808673731051386
C1C(OC)=C(CCNC(C2=CC3SC(Br)=CC=3N2CC2=CC=C(C=C2)C)=O)C=CC=1,0.00851606298238039
O1CCCC1CNC(C1=CC2SC(Br)=CC=2N1CC1C=CC=CC=1)=O,0.008536645118147135
C1=CC=CC(CN(C)C(C2=CC3SC(Br)=CC=3N2CC2C=CC=CC=2)=O)=C1,0.010810636822134257
C1(=CC=CC=C1)C(C)NC(C1=CC2SC(Br)=CC=2N1CC1C=CC=C(C)C=1)=O,0.009999320935457945
C1(CNC(C2=CC3SC(Br)=CC=3N2CC2C=CC=C(C)C=2)=O)CC1,0.010631859255954623
C1N(CCC(C(=O)OCC)C1)C(C1=CC2SC(Br)=CC=2N1CC1C=CC=C(C)C=1)=O,0.009102362766861915
C(NC(C1=CC2SC(Br)=CC=2N1CC1=CC=C(C=C1)C)=O)C(C)C,0.010567912831902504
C(NC(C1=CC2SC(Br)=CC=2N1CC1=CC=C(C=C1)C)=O)CC,0.010052899783477186
C1N(CCC1)C(C1=CC2SC(Br)=CC=2N1CC1=CC=C(C=C1)C)=O,0.011227655643597245
C(NC(C1=CC2SC(Br)=CC=2N1CC1C=CC=CC=1)=O)C(C)C,0.009426349913701415
C1(CNC(C2=CC3SC(Br)=CC=3N2CC2C=CC=CC=2)=O)CC1,0.009812051383778452
C(NC(C1=CC2SC(Br)=CC=2N1CC1C=CC=C(C)C=1)=O)C,0.009060711739584804
C(OCC)(=O)C1CN(CCC1)C(C1=CC2SC(Br)=CC=2N1CC1C=CC=C(C)C=1)=O,0.008897679741494358
O1C(CNC(C2=CC3SC(Br)=CC=3N2CC2=CC=C(C=C2)C)=O)=CC=C1,0.009008931554853916
C1C=C(CNC(C2=CC3SC(Br)=CC=3N2CC2=CC=C(C=C2)C)=O)C=CC=1F,0.007122235139831901
C1N(CCC(C(=O)OCC)C1)C(C1=CC2SC(Br)=CC=2N1CC1=CC=C(C=C1)C)=O,0.009185797302052379
C1(=CC=CC=C1)CNC(C1=CC2SC(Br)=CC=2N1CC1C=CC=CC=1)=O,0.008856628835201264
C=CCNC(C1=CC2SC(Br)=CC=2N1CC1C=CC=CC=1)=O,0.008278074185363948
CCN(C)C(C1=CC2SC(Br)=CC=2N1CC1C=CC=CC=1)=O,0.010213471949100494
C=CCNC(C1=CC2SC(Br)=CC=2N1CC1C=CC=C(C)C=1)=O,0.009063626592978834
C1=CC=CC(CN(C)C(C2=CC3SC(Br)=CC=3N2CC2C=CC=C(C)C=2)=O)=C1,0.01112469919025898
C1(=CC=CC=C1)CNC(CC1=CSC2N1C(C1=CC(C)=CC=C1C)C(=C(C)N=2)C(=O)OCC)=O,0.006985892564989627
C1(=CC=CC=C1)C(C)NC(CC1=CSC2N1C(C1C=CC(=CC=1)Cl)C(=C(C)N=2)C(=O)OCC)=O,0.0061109365662559865
C(C(C)C)NC(CC1=CSC2N1C(C1C=CC=CC=1C)C(=C(C)N=2)C(=O)OC(C)C)=O,0.008492692653089762
C(NC(CC1=CSC2N1C(C1C=C(C)C=CC=1)C(=C(C1C=CC=CC=1)N=2)C(=O)OCC)=O)(C)CC,0.0070454450091347095
C1(NC(CC2=CSC3N2C(C2=C(OC)C=CC(OC)=C2)C(=C(C)N=3)C(=O)OCC)=O)CC1,0.005429611355066299
O1C(CNC(CC2=CSC3N2C(C2=CC=C(C=C2)N(=O)=O)C(=C(C)N=3)C(=O)OC)=O)=CC=C1,0.003837782342452556
C1(=CC=CC=C1)CNC(CC1=CSC2N1C(C1C=CC=CC=1C)C(=C(C)N=2)C(=O)OC(C)C)=O,0.007637053821235895
C(NC(CC1=CSC2N1C(C1=CC(C)=CC=C1C)C(=C(C)N=2)C(=O)OCC=C)=O)C(C)C,0.007829455216415227
C(C)C(C)NC(CC1=CSC2N1C(C1C=CC=CC=1C)C(=C(C)N=2)C(=O)OC(C)C)=O,0.008265367848798633
C1=CC=CC(CN(C)C(CC2=CSC3N2C(C2=CC=C(C(C)C)C=C2)C(=C(C)N=3)C(=O)OC)=O)=C1,0.008856906555593014
C1C=C(CNC(CC2=CSC3N2C(C2C=CC=CC=2C)C(=C(C)N=3)C(=O)OC(C)C)=O)C=CC=1F,0.006127058598212898
C1=CC(CNC(CC2=CSC3N2C(C2=CC=CO2)C(=C(C)N=3)C(=O)OCC)=O)=CC2OCOC1=2,0.005050927330739796
C1=CC=CC(CN(C)C(CC2=CSC3N2C(C2C=CC=CC=2C)C(=C(C)N=3)C(=O)OC(C)C)=O)=C1,0.009191321535035967
N(C(=O)NCC)(CC(N1N=C(CC1C1=CC=CC(=C1)N(=O)=O)C1=CC=C(C=C1)F)=O)C,0.0035187458153814076
C1(C(=O)N2CC(C(C3=CC=CC=C3)C2)C(=O)NCCC)=CC=C(C)C=C1,0.010324715217575432
N(C(=O)NCCC)(CC(N1N=C(CC1C1=CC=CC(=C1)N(=O)=O)C1=CC=C(C=C1)F)=O)C,0.0034952003741636874
N(C(=O)C(C)C)(CC(N1N=C(CC1C1=CC=CC(=C1)N(=O)=O)C1=CC=C(C=C1)F)=O)C,0.005717374116647989
N(C(=O)C)(CC(N1N=C(CC1C1=CC=CC(=C1)N(=O)=O)C1=CC=C(C=C1)F)=O)CCOC,0.005310832906980067
N(C(=O)COC)(CC(N1N=C(CC1C1=CC=C(OC)C=C1)C1=CC=C(C=C1)F)=O)CCOC,0.008409751299768686
C(F)(F)(F)C1=CC=CC(CNC(C(CC)N2C(=NC(C3C=CC(Cl)=C(Cl)C=3)=O)SC=C2)=O)=C1,0.005873900081496686
C1=CC(=CC(OC)=C1)C(=O)N1CC(C(C2=CC=CC=C2)C1)C(=O)NCCC,0.008703582570888102
N(C(=O)C1CCC1)(CC(N1N=C(CC1C1=CC=CC(=C1)N(=O)=O)C1=CC=C(C=C1)F)=O)C,0.005868288432247936
N(C(=O)C(C)C)(CC(N1N=C(CC1C1=CC=CC(=C1)N(=O)=O)C1=CC=C(C=C1)F)=O)CCOC,0.0056873566005378965
N(C(=O)NC(C)(C)C)(CC(N1N=C(CC1C1=CC=C(OC)C=C1)C1=CC=C(C=C1)F)=O)CCOC,0.005629299464635551
CC(=O)N(C(C)C)CC1C(=NN(C2C=CC=CC=2)C=1OC1=CC(C)=CC=C1)C,0.011079915426671505
C1(C(=O)N2CC(C(C3=CC=C(OC)C=C3)C2)C(=O)N2CCOCC2)=CC=C(C=C1)OC,0.009698464185930789
C1(C(=O)N2CC(C(C3=CC=CC=C3)C2)C(=O)NCCC)C=CC=C(Cl)C=1,0.00844552144408226
N(C(=O)NC(C)C)(CC(N1N=C(CC1C1=CC=C(OC)C=C1)C1=CC=C(C=C1)F)=O)CCOC,0.005489645467605442
N(C(=O)C1=CC=C(C=C1)OC)(CC(N1N=C(CC1C1=CC=CC(=C1)N(=O)=O)C1=CC=C(C=C1)F)=O)C,0.005928792664781213
N(C(C1=CC=C(C=C1)C(F)(F)F)=O)(CC(N1N=C(CC1C1=CC=C(OC)C=C1)C1=CC=C(C=C1)F)=O)CCOC,0.0063831398030743
N(C(CC(C)(C)C)=O)(CC(N1N=C(CC1C1=CC=C(OC)C=C1)C1=CC=C(C=C1)F)=O)C,0.009364292002283036
C1(C(=O)N2CC(C(C3=CC=C(OC)C=C3)C2)C(=O)N2CCCCC2)C=CC=C(Cl)C=1,0.008912225090898573
N(C(CC(C)(C)C)=O)(CC(N1N=C(CC1C1=CC=CC(=C1)N(=O)=O)C1=CC=C(C=C1)F)=O)C,0.005704521609004587
N(C(=O)C(C)C)(CC(N1N=C(CC1C1=CC=C(OC)C=C1)C1=CC=C(C=C1)F)=O)CCOC,0.008476695814169943
N(C(=O)C(C)C)(CC(N1N=C(CC1C1=CC=C(OC)C=C1)C1=CC=C(C=C1)F)=O)C,0.009225920727476477
N(C(=O)NC(C)(C)C)(CC(N1N=C(CC1C1=CC=CC(=C1)N(=O)=O)C1=CC=C(C=C1)F)=O)C,0.0037173519958741963
N(C(CC(C)(C)C)=O)(CC(N1N=C(CC1C1=CC=C(OC)C=C1)C1=CC=C(C=C1)F)=O)CCOC,0.008667036308906972
N(C(=O)NC(C)(C)C)(CC(N1N=C(CC1C1=CC=C(OC)C=C1)C1=CC=C(C=C1)F)=O)C,0.005781707831192762
O1CCCC1CNC(C1=CC=C(C=C1)CN1C(=NC(C2C=CC=C(C=2)C(F)(F)F)=O)SC(C)=C1C)=O,0.006185600580647588
C1=CC(=CC(OC)=C1)C(=O)N1CC(C(C2=CC=C(OC)C=C2)C1)C(=O)NCC1=CC=C(F)C=C1,0.006573432637378573
C(C(=O)N(CC1=CC=CC=C1)CC1C(C2C=CC=CC=2)=NOC=1N1CCOCC1)C,0.00843081003986299
C(NC(CC1=CSC2N1C(C1=CC=CC=C1)C(=C(C)N=2)C(=O)OC)=O)C(C)C,0.007287946832366288
N1C2(CCN(S(=O)(=O)C3C=CC=CC=3)CC2)NC(=O)C2C=CC=C(C)C1=2,0.004299755941610783
N1(C2=CC3OCOC=3C=C2)C(=O)C(C)N(C(=O)CC(C)C)CC1,0.009099572338163853
CC(=O)N(CCC)CC1C(C2C=CC=CC=2)=NOC=1N1CCOCC1,0.008178163319826126
C(NC(CC1=CSC2N1C(C1=CC=CC=C1Cl)C(=C(C1C=CC=CC=1)N=2)C(=O)OCC)=O)(C)C,0.005758021865040064
CC(=O)N(CC1CC1)CC1C(C2C=CC=CC=2)=NOC=1N1CCCCC1,0.010808802535757422
C(C(=O)N(CCC)CC1C(C2C=CC(F)=CC=2)=NOC=1N1CCOCC1)(C)C,0.007662532478570938
C(C(=O)N(C1CC1)CC1C(C2C=CC=C(C)C=2)=NOC=1N1CCOCC1)(C)C,0.010542909614741802
C(C(=O)N(CC1=CC=CC=C1)CC1C(C2C=CC=C(C)C=2)=NOC=1N1CCOCC1)(C)C,0.009712071903049947
C(NC(CC1=CSC2N1C(C1=CC=C(C=C1)N(=O)=O)C(=C(C)N=2)C(=O)OC)=O)(C)C,0.004204199952073395
C1(C(=O)N(CC(C)C)CC2C(C3C=CC=C(C)C=3)=NOC=2N2CCOCC2)CCCC1,0.011187624698504806
C1(C(=O)N(C(C)C)CC2C(C3C=CC=C(C)C=3)=NOC=2N2CCOCC2)C=CC=CC=1,0.008681399514898658
N1(C2=CC=C(OC3C=CC=CC=3)C=C2)C(=O)C(C)N(C(=O)C)CC1,0.007118783937767148
C1(C(=O)N(CCC)CC2C(C3C=CC=C(C)C=3)=NOC=2N2CCOCC2)CCCC1,0.011044107237830758
C1(C(=O)N(C(C)C)CC2C(C3C=CC=C(C)C=3)=NOC=2N2CCOCC2)CCCC1,0.010952587984502316
C1=CC(=CC(OC)=C1)C(=O)N(C(C)C)CC1C(C2C=CC=C(C)C=2)=NOC=1N1CCOCC1,0.008612652332521975
C1=CC=CC(CN(C)C(CC2=CSC3N2C(C2C=CC(=CC=2)Cl)C(=C(C)N=3)C(=O)OCC=C)=O)=C1,0.006843040394596755
C1(OC(F)(F)F)C=C(COC2C[C@](OCC3C=CC=CC=3)(C(NC(C)C)=O)C[C@H]3OC(C)(C)O[C@H]32)C=CC=1,0.006275864108465612
N(C1=C(C)C(=CC=C1)C1OC2C=CC=C(C)C=2N=1)C(=O)C1=CC=CS1,0.005080976232420653
C(CN1C(=O)CSC(C2C=CC3OCOC=3C=2)C2=C1N(N=C2C1C=CC=CC=1)C1=CC=CC=C1Cl)(=O)N1CCN(CC1)C(C)=O,0.0038127214298583566
C(CN1C(=O)CSC(C2C=CC3OCOC=3C=2)C2=C1N(N=C2C(C)(C)C)C1C=CC=C(C)C=1)(=O)N1CCN(CC1)C(C)=O,0.00505626875674352
C(F)(F)(F)C1C=CC(=CC=1)COC1C[C@](OCC2=CC=CC(C(F)(F)F)=C2)(C(NN2CCOCC2)=O)C[C@H]2OC(C)(C)O[C@H]21,0.003226575959706679
C(CN1C(=O)CSC(C2C=CC3OCOC=3C=2)C2=C1N(N=C2C(C)(C)C)C1C=CC=CC=1C)(=O)N1CCN(CC1)C(C)=O,0.005160924606025219
C1(COC2C[C@](OCC3=CC=CC(C(F)(F)F)=C3)(C(NN3CCOCC3)=O)C[C@H]3OC(C)(C)O[C@H]32)C=CC=CC=1,0.003109872859204188
C(CN1C(=O)CSC(C2C=CC3OCOC=3C=2)C2=C1N(N=C2C1C=CC=CC=1)C1=CC=CC(C)=C1C)(=O)NCC1=CC=C(F)C=C1,0.004466028057504445
N#CC1=CC=C(C=C1)COC1C[C@](OCC2=CC=CC(C(F)(F)F)=C2)(C(NN2CCOCC2)=O)C[C@H]2OC(C)(C)O[C@H]21,0.002563968696631491
N(C(=O)C1CC1)(C(C)C(=O)C1C(=C(C(=O)OC)N(C)C=1C)C)CCC(C)C,0.017024403903633356
C(F)(F)(F)C1C=C(COC2C[C@](OCC3C=CC=CC=3)(C(NC(C)C)=O)C[C@H]3OC(C)(C)O[C@H]32)C=CC=1,0.007450750330463052
C(CN1C(=O)CSC(C2C=CC3OCOC=3C=2)C2=C1N(N=C2C1C=CC=CC=1)C1=CC=CC(C)=C1C)(=O)N1CCN(CC1)C(C)=O,0.0042877514730207626
N1C(=O)C(CCC(=O)NC(C)C2=CC=CC=C2)=NNC=1C1=CC(=CC=C1)OCC,0.005046106339432299
N1C(=O)C(CCC(=O)NCCCC2=CC=CC=C2)=NNC=1C1=CC(=CC=C1)OCC,0.004400926688686013
N1C(=O)C(CCC(=O)NCCC2=CC=CC=C2)=NNC=1C1=CC(=CC=C1)OCC,0.0046529981540516015
N1C(=O)C(CCC(=O)N2CCC(CC2)CC2C=CC=CC=2)=NNC=1C1=CC(=CC=C1)OCC,0.005288099718745798
N(C(=O)C1=CC=CC2C=CC=CC1=2)CCC(=O)NC1SC(C2=CC=CC(C)=C2)=NN=1,0.005660420237109065
N1(C2=CC=CC=C2C2=CC=CC=C2)C(=O)C(C)N(C(=O)C2C=C(C)C=CC=2)CC1,0.00886362900491804
C1(C(=O)N(C(C)CC)CC2C(C3C=CC=C(C)C=3)=NOC=2N2CCOCC2)C=CC=CC=1,0.008996527269482612
N(C(C)C)(C(NC1C=CC(=CC=1)C)=O)CC1=NOC(C2=CC(OC)=CC=C2)=C1,0.006233217078261077
N1(CCC2(N(CC3=CC=CO3)C(=O)CS2)CC1)S(C1C=CC=CC=1)(=O)=O,0.005580004677176476
N(C(C)C)(C(NC1=CC=C(OC)C=C1)=O)CC1=NOC(C2=CC(OC)=CC=C2)=C1,0.0058630516054108735
N1(CCC2(N(C3C=CC=C(C(F)(F)F)C=3)C(=O)CS2)CC1)C(CCC)=O,0.005007629259489476
C(NC(CC(C1=CC=C(C=C1)F)C1C2=CC=CC=C2N(C=1)CC1C=CC(=CC=1)C)=O)CCCC,0.008043045364320277
C(C)(C)(C)CC(=O)N(C1CC1)CC1C(C2C=CC=CC=2)=NOC=1N1CCOCC1,0.010596130741760135
N1(CCC2(N(C3C=CC=C(C(F)(F)F)C=3)C(=O)CS2)CC1)C(C1CCCC1)=O,0.005890044313855469
C(C(=O)N(C1CC1)CC1C(C2C=CC=CC=2)=NOC=1N1CCOCC1)C,0.008769654016941787
C1C=C(C=CC=1C)NC(=O)NC1=CC=CC=C1N1CCCN(CC2C=C(OC)C=C(OC)C=2)C1=O,0.005089097050949931
C1N(CCCC1)C(CC(C1=CC=C(C=C1)F)C1C2=CC=CC=C2N(C=1)CC1C=CC(=CC=1)C)=O,0.009049022477120161
C1N(CCC(C1)C)C(CC(C1=CC=C(C=C1)F)C1C2=CC=CC=C2N(C=1)CC1C=CC(=CC=1)C)=O,0.008890255540609359
C(C)(C)(C)CC(=O)N(C(C)C)CC1C(C2C=CC=C(C)C=2)=NOC=1N1CCOCC1,0.011042592860758305
N1(CCC2(N(CC3=CC=CO3)C(=O)CS2)CC1)C(C1C=CC(Cl)=CC=1Cl)=O,0.007516127615235746
O1CCN(CC1)C(C1CCC(C2=CC=C(F)C=C2)N(C(NC(C)C)=O)C1)=O,0.004867316025774926
C(NC(CC1=CSC2N1C(C1=CC(OC)=CC=C1OC)C(=C(C)N=2)C(=O)OC)=O)(C)C,0.005911355442367494
C(OCC)(C1CCN(CC1)C(CC1=CSC2N1C(C1=CC=C(OC)C=C1)C(=C(C)N=2)C(=O)OC)=O)=O,0.006044232775457204
C(NC(CC1=CSC2N1C(C1C=CC(=CC=1)Cl)C(=C(C)N=2)C(=O)OCC)=O)(C)CC,0.006520121544599533
C(NC(CC1=CSC2N1C(C1C=C(C)C=CC=1)C(=C(C1C=CC=CC=1)N=2)C(=O)OCC)=O)(C)C,0.006879182974807918
C(CN1CC2=C(C1=O)C(C1C=CC=C(Cl)C=1)NC(=O)N2CC=C)(NC1C=CC(C)=C(C)C=1)=O,0.004790337744634598
C1C(CNC(CC2=CSC3N2C(C2C=C(C)C=CC=2)C(=C(C2C=CC=CC=2)N=3)C(=O)OCC)=O)C1,0.006061649019829929
N(C(=O)C1C=CC=C(F)C=1)(C(C)C(=O)C1C(=C(C(=O)OC)N(C)C=1C)C)CCC(C)C,0.014213126339018344
C(NC(CC1=CSC2N1C(C1=CC(OC3C=CC=CC=3)=CC=C1)C(=C(C)N=2)C(=O)OCC1C=CC=CC=1)=O)C,0.004879310424439609
N(C(=O)C1=CC=CS1)(C(C)C(=O)C1C(=C(C(=O)OC)N(C)C=1C)C)CCCOCC,0.0117218054831028
N(C(=O)C1=CC=C(C=C1)OC)(CC(=O)C1C(=C(C(=O)OC)N(CC)C=1C)C)CC=C,0.012792071467265487
C1=CC=CC(CN(C)C(CC2=CSC3N2C(C2=CC(OC)=CC=C2OC)C(=C(CC)N=3)C(=O)OC)=O)=C1,0.006232409924268723
N(C(=O)C1C=CC(=CC=1)Cl)(CC(=O)C1C(=C(C(=O)OC)N(CC)C=1C)C)CC=C,0.011574112763628363
N(C(=O)C1=CC=CC=C1Cl)(C(C)C(=O)C1C(=C(C(=O)OC)N(C)C=1C)C)CCCOCC,0.011673118826001883
N(S(=O)(=O)C1=CC=CC=C1)(C(C)C(=O)C1C(=C(C(=O)OC)N(C)C=1C)C)CCCOC,0.009944692719727755
C(NC(CC1=CSC2N1C(C1C=CC=C(OC)C=1)C(=C(C)N=2)C(NC1C=CC=CC=1)=O)=O)C(C)C,0.005222097598016262
C1N(CCC1)C(CC1=CSC2N1C(C1=CC=C(C(C)C)C=C1)C(=C(C1C=CC=CC=1)N=2)C(=O)OCC)=O,0.007014379650354385
N(C(=O)C1=CC=CC(OC)=C1)(CC(=O)C1C(=C(C(=O)OC)N(CC)C=1C)C)CC=C,0.012599763926118612
N(C(=O)C1=CC=C(C=C1)F)(CC(=O)C1C(=C(C(=O)OC)N(CC)C=1C)C)CC=C,0.01169978193938732
N(C(=O)C1C=CC=C(F)C=1)(CC(=O)C1C(=C(C(=O)OC)N(CC)C=1C)C)CC=C,0.011378196068108082
N(C(=O)C1=CC=CS1)(CC(=O)C1C(=C(C(=O)OC)N(CC)C=1C)C)CC=C,0.013342533307150007
O1CCCC1CNC(CC1=CSC2N1C(C1=CC=C(C(C)C)C=C1)C(=C(C)N=2)C(=O)OCC1C=CC=CC=1)=O,0.005867589637637139
N(C(=O)C1=CC=C(C=C1)OC)(CC(=O)C1C(=C(C(=O)OC)N(C)C=1C)C)CC1=CC=C(F)C=C1,0.011802586819976568
C1N(CCC1)C(CC1=CSC2N1C(C1C=CC=C(OC)C=1OC)C(=C(C)N=2)C(=O)OCC1C=CC=CC=1)=O,0.005542609235271811
C(OCC)(=O)C1CN(CCC1)C(C1=CC2SC(C)=CC=2N1CC1=C(C)C=CC=C1)=O,0.008744124509394168
C1N(CCC(C(=O)OCC)C1)C(C1=CC2SC(Br)=CC=2N1CC1C=CC(OC)=CC=1)=O,0.007526874192990363
C(OCC)(=O)C1CN(CCC1)C(C1=CC2SC=CC=2N1CC1C=CC=C(Cl)C=1)=O,0.006752227526158094
C(F)(F)(F)C1=CC=CC(CNC(C2=CC3SC(Br)=CC=3N2CC)=O)=C1,0.005419140099547803
C1=CC=CC(CN(C)C(C2=CC3SC(C)=CC=3N2CC2=C(C)C=CC=C2)=O)=C1,0.01077709225937724
O1CCCC1CNC(C1=CC2SC(Br)=CC=2N1CC1C=CC(OC)=CC=1)=O,0.007955302018672228
C(OCC)(=O)C1CN(CCC1)C(C1=CC2SC(Br)=CC=2N1CC1C=CC(OC)=CC=1)=O,0.00734486929140985
N1C2(CCN(C(=O)C3CCCC3)CC2)NC(=O)C2C=CC=CC1=2,0.007920305780135094
C(NC(C1=CC2SC(C)=CC=2N1CC1=C(C)C=CC=C1)=O)C(C)C,0.00962178474292159
C(NC(C1=CC2SC(C)=CC=2N1C(C)C1=CC=CC=C1)=O)C(C)C,0.010074486304074527
C1(CNC(C2=CC3SC(Br)=CC=3N2CC2C=CC(OC)=CC=2)=O)CC1,0.009507531765848398
C1=CC=CC(CN(C)C(C2=CC3SC(Br)=CC=3N2CC2C=CC(OC)=CC=2)=O)=C1,0.009864452015608548
C1(F)C=C(CNC(C2=CC3SC(Br)=CC=3N2CC)=O)C=CC=1,0.005933846114203334
N1(CCCCC1)C(COC1C=C2N(CC3CC3)C(=O)C=C(C(C)C)C2=CC=1)=O,0.01050747325643897
C1(=CC=CC=C1)CNC(C1=CC2SC(C)=CC=2N1CC1=C(C)C=CC=C1)=O,0.00872415523044765
C1(=CC=CC=C1)CNC(C1=CC2SC(C)=CC=2N1C(C)C1=CC=CC=C1)=O,0.009194260369986296
N1C2(CCN(C(=O)C3=CC=CC(=C3)N(=O)=O)CC2)NC(=O)C2C=CC=CC1=2,0.0039006293285638095
C1N(CCC1)C(C1=CC2SC(Br)=CC=2N1CC1C=CC=CC=1F)=O,0.007836171472445131
C1C(F)=C(CNC(C2=CC3SC(Br)=CC=3N2CC)=O)C=CC=1,0.005692098522558808
N(CCC1=CC=CC=C1)C(COC1C=C2N(CC3CC3)C(=O)C=C(C(C)C)C2=CC=1)=O,0.009496460994705557
C(F)(F)(F)C1=CC=CC(CNC(C2=CC3SC(C)=CC=3N2CC2=C(C)C=CC=C2)=O)=C1,0.00553984590806067
C(F)(F)(F)C1=CC=CC(CNC(C2=CC3SC(C)=CC=3N2C(C)C2=CC=CC=C2)=O)=C1,0.00587900415994227
C1(F)C=C(CNC(C2=CC3SC(Br)=CC=3N2CC2C=CC(OC)=CC=2)=O)C=CC=1,0.0061159549513831735
CCN(C)C(C1=CC2SC(Br)=CC=2N1CC1C=CC(OC)=CC=1)=O,0.01019358579069376
C1(C)C=C(CNC(C2=CC3SC(C)=CC=3N2CC2=C(C)C=CC=C2)=O)C=CC=1,0.009330089949071408
C1C(F)=C(CNC(C2=CC3SC(C)=CC=3N2C(C)C2=CC=CC=C2)=O)C=CC=1,0.00689404911827296
C1(C)C=C(CNC(C2=CC3SC(Br)=CC=3N2CC2C=CC(OC)=CC=2)=O)C=CC=1,0.008264303300529718
C(NC(C1=CC2SC=CC=2N1CC1C=CC=C(Cl)C=1)=O)C(C)C,0.006752788182348013
N1(CCN(C(=O)OCC)CC1)C(COC1C=C2N(CC3CC3)C(=O)C=C(C(C)C)C2=CC=1)=O,0.007140271202661097
C1C(F)=C(CNC(C2=CC3SC(C)=CC=3N2CC2=C(C)C=CC=C2)=O)C=CC=1,0.006373553699813783
C1=CC=CC(CN(C)C(C2=CC3SC(C)=CC=3N2C(C)C2=CC=CC=C2)=O)=C1,0.01141625652089715
C1C(F)=C(CNC(C2=CC3SC(Br)=CC=3N2CC2C=CC(OC)=CC=2)=O)C=CC=1,0.005976759642362594
C1C(OC)=C(CCNC(C2=CC3SC(C)=CC=3N2CC2=C(C)C=CC=C2)=O)C=CC=1,0.008495287876576186
C1N(CCC1)C(C1=CC2SC(Br)=CC=2N1CC1C=CC(OC)=CC=1)=O,0.010112438816577196
C1C(F)=C(CNC(C2=CC3SC=CC=3N2CC2C=CC=C(Cl)C=2)=O)C=CC=1,0.004692159942351282
N(CC1=CC=C(F)C=C1)C(COC1C=C2N(CC3CC3)C(=O)C=C(C(C)C)C2=CC=1)=O,0.007321116561070084
C1(C(=O)NCC2N(C(NC3=CC=C(OCC)C=C3)=O)CCC3C2=CC(OC)=C(OC)C=3)C=CC=C(Cl)C=1,0.004980664944741875
C(N(C(C)CC)CC1C=CC(OS(=O)(=O)C(C)C)=CC=1)(C1CCC1)=O,0.013838987750932574
C(NC(C1=CC2SC(C)=CC=2N1CC1=C(F)C=C(F)C=C1)=O)CC,0.005017797532491386
C(C(=O)N(C1CC1)CC(N(CC1=CC=C(F)C=C1)CC1=CC=C(C)S1)=O)CC1C=CC=CC=1,0.00852661021053791
C(N(C(C)CC)CC1C=C(OS(=O)(=O)C(C)C)C=CC=1)(C(C)C)=O,0.013871189393103122
C1N(C(=O)C2=CC=C(C=C2)OC)CC(COC2=CC=C(C=C2)C)OC1,0.011198013089597225
C(C(=O)N(C1CC1)CC(=O)N(CCC1C=CC(OC)=C(OC)C=1)CC1=CC=C(C)O1)CC1C=CC=CC=1,0.011205466790124774
C(NC(=O)N(C(C)C)CC1=C(OS(=O)(=O)C)C=CC=C1)(C)(C)C,0.006414531171321869
C1(NC(=O)N(C(C)CC)CC2C=CC(=CC=2)OS(=O)(=O)C)C=CC=CC=1OC,0.006637209095060825
C1(NC(=O)N(C(C)C)CC2=C(OS(=O)(=O)CC)C=CC=C2)C=CC=CC=1OC,0.006619196105748415
C(NC(C1=CC2SC(Br)=CC=2N1CCOC1C=CC=CC=1)=O)C,0.007734594796784222
C1(C(=O)N(CCCOC)CC(=O)N(CCC2C=CC(OC)=C(OC)C=2)CC2=CC=C(C)O2)=CC=CS1,0.008293726271949709
N(C(=O)C)(CC1C=CC(=CC=1)OS(=O)(=O)CC)CC(C)C,0.011538765393197536
C1(=CC=CO1)C(=O)N(CC1=CC=C(F)C=C1)CC1C=C(OS(=O)(=O)CC)C=CC=1,0.010284250462427735
C1(=CC=CC=C1Cl)C(=O)N(CCOC)CC1=CC(OS(=O)(=O)C2=CC=C(C=C2)NC(C)=O)=C(OC)C=C1,0.006827629986219108
C(C(=O)N(C(C)C)CC1=CC(=C(OC)C=C1)OS(=O)(=O)C)OC,0.010918025672435761
C(N(C(C)CC)CC1C=C(OS(=O)(=O)C2C=CC(=CC=2)OC)C=CC=1)(C)=O,0.010633646603673696
C(C1=CC(OS(=O)(=O)C2C=CC(=CC=2)OC)=C(OC)C=C1)N(C(NC1C=CC=CC=1OC)=O)CC1CCCO1,0.00605386164970696
C(N(CC1=CC(=CC=C1OS(=O)(=O)CC)Cl)C(C)C)(CC(C)C)=O,0.011192503105849027
C(N(CC1=CC=CO1)CC1=CC(=CC=C1OS(=O)(=O)C)Cl)(CC(C)(C)C)=O,0.00971641349606216
N(C1C=C(C(Cl)=CC=1)C1OC2C=CC=CC=2N=1)C(=O)C1C=CC(Cl)=C(Cl)C=1,0.005235712777357548
N(CC)C(N(C(C)C)CC1=CC(=CC=C1OS(=O)(=O)CC)Cl)=O,0.00554613412823528
C(N(C1CC1)CC1=CC(OS(=O)(=O)CC)=C(OC)C=C1)(CC(C)C)=O,0.01339709577150643
C(C(C)C)NC(C1=CC=C(COC2C=C3C(N(C(=O)C)CCC3=CC=2)C2=CC=C(C)C=C2)O1)=O,0.010745997307822108
C1(C(=O)N(CC2CCCO2)CC(N(CC2=CC=C(F)C=C2)CC2=CC=C(C)S2)=O)C=CC(=CC=1)OC,0.007205421873368323
C=CCNC(C1=CC2SC(C)=CC=2N1CC1=C(F)C=C(F)C=C1)=O,0.004834661283530295
C(N(CC1=CC=CO1)CC1=C(OS(=O)(=O)C)C=CC=C1)(C(C)C)=O,0.010568101750686764
C1(NC(C2=CC3SC(C)=CC=3N2CC2=C(F)C=C(F)C=C2)=O)CC1,0.0054201891645789145
C(NC(CC1=CSC2N1C(C1=CC=C(C(F)(F)F)C=C1)C(=C(C1C=CC=CC=1)N=2)C(=O)OCC)=O)(C)CC,0.004815279599279165
C(=O)(C(=C1N(C2=CC=CC(Cl)=C2)C(C2=CC=C(C=C2)F)=CS1)C#N)N1CCN(CC1)C(C(C)C)=O,0.004949464648962021
N(CCCC)(C(=O)C1=CC=C(C=C1)C1C=CC=CC=1)CCC(=O)NC1SC(C2=CC=C(C=C2)C)=NN=1,0.0073490587528795
C(N(CC1CC1)CC1=C(OS(=O)(=O)C)C=CC=C1)(CC(C)(C)C)=O,0.01190718957222998
N1=C(SCC2=C(F)C=CC=C2)N(C)C(=O)C(CC2=CC=C(C=C2)F)=C1C,0.009339565131813287
C1(C(=O)N(CC2C=CC=CC=2Cl)CC2ON=C(C3C=CC(Cl)=C(Cl)C=3)C2)=CC=CC=C1F,0.008945204527117312
C1(C(=O)N(CC2C=CC=C(Cl)C=2)CC2ON=C(C3C=CC=C(F)C=3)C2)=CC=CS1,0.006627444853074848
C1(NC(=O)N(CC2C=CC=CC=2F)CC2ON=C(C3C=CC(=CC=3)Cl)C2)C=CC=CC=1OC,0.0046213069115765395
C1(C(=O)N(CC2C=CC=C(F)C=2)CC2ON=C(C3C=CC(Cl)=C(Cl)C=3)C2)CCC1,0.00883259850088507
C1(C(=O)N(CC2C=CC=CC=2Cl)CC2ON=C(C3C=CC(=CC=3)Cl)C2)C=CC=C(F)C=1,0.00822187850717455
C1(=C(F)C=CC=C1)C(=O)N(C1CC1)CC1C=C(OS(=O)(=O)C2=CC=C(C=C2)F)C=CC=1,0.008605128200724722
C1(C(=O)N(CC2C=CC=C(F)C=2)CC2ON=C(C3C=CC(Cl)=C(Cl)C=3)C2)CCCC1,0.0092392222257331
C(NC(=O)N(CC1C=CC=C(F)C=1)CC1ON=C(C2C=CC(Cl)=C(Cl)C=2)C1)C,0.004603437427431345
C(NC(=O)N(CC1=CC=CC(C(F)(F)F)=C1)CC1ON=C(C2C=CC=C(F)C=2)C1)(C)C,0.004836960637476295
C1(C(=O)N(CC2C=CC=CC=2Cl)CC2ON=C(C3=CC=CC=C3Cl)C2)CCCC1,0.011367483530193567
C1(C(=O)N(CC2C=CC=C(F)C=2)CC2ON=C(C2)C2=CC=C(OC)C=C2)=CC=CC=C1F,0.009052064921706914
C(NC(=O)N(CC1C=CC=C(Cl)C=1)CC1ON=C(C2=CC=CC=C2Cl)C1)(C)C,0.00585889823269099
C1(C(=O)N(CC2=CC=C(C=C2)C(F)(F)F)CC2ON=C(C3C=CC=CC=3C)C2)CCC1,0.008447426999919117
N(C(=O)C1=CC=C(C=C1)F)(C(C)C(=O)C1C(=C(C(=O)OCC)NC=1C)C)CC1=CC=CO1,0.009104193886741996
C(NC(=O)N(CC1C=CC=CC=1Cl)CC1ON=C(C2=CC=CC=C2Cl)C1)(C)(C)C,0.006181253690738231
C1(C(=O)N(CC2C=CC=CC=2Cl)CC2ON=C(C3=CC=CC=C3Cl)C2)=CC=CC=C1F,0.008831156813539565
C1(NC(=O)N(CC2C=CC=CC=2F)CC2ON=C(C3C=CC(F)=CC=3)C2)C=CC=CC=1OC,0.005637701600790024
N(C(=O)C(C)C)(C(C)C(=O)C1C(=C(C(=O)OCC)NC=1C)C)CC1=CC=CO1,0.01189431338571012
C(NC(=O)N(CC1=CC=C(C=C1)C(F)(F)F)CC1ON=C(C2C=CC(F)=CC=2)C1)(C)(C)C,0.004895136877894402
C1(NC(=O)N(CC2=CC=C(C=C2)F)CC2ON=C(C2)C2=CC=C(OC)C=C2)C=CC=CC=1OC,0.004741458804346621
C1(C(=O)N(CC2=CC=CC(C(F)(F)F)=C2)CC2ON=C(C3C=CC=C(F)C=3)C2)CCC1,0.007041365350596606
C1(C(=O)N(CC2C=CC=C(Cl)C=2)CC2ON=C(C3C=CC(=CC=3)C)C2)C=CC=C(F)C=1,0.008632884710095823
C1(C(=O)N(CC2C=CC(F)=CC=2F)CC2ON=C(C3C=CC=CC=3C)C2)C=CC=C(F)C=1,0.008628479135222734
C1(C(=O)N(CC2=CC=CC(C(F)(F)F)=C2)CC2ON=C(C3C=CC(F)=CC=3)C2)=CC=CO1,0.007969374535605311
C(NC(=O)N(CC1C=CC(F)=CC=1F)CC1ON=C(C2C=CC(=CC=2)Cl)C1)(C)C,0.00491531336447224
N(C(=O)C1=CC=CC=C1Cl)(C(C)C(=O)C1C(=C(C(=O)OCC)NC=1C)C)CC1=CC=CO1,0.009266987955197693
C(NC(=O)N(CC1=CC=C(C=C1)C(F)(F)F)CC1ON=C(C2C=CC(=CC=2)Cl)C1)(C)(C)C,0.004928351927082986
C1(C(=O)N(CC2C=CC(F)=CC=2F)CC2ON=C(C3C=CC(=CC=3)Cl)C2)=CC=CS1,0.006474813679233193
C1(C(=O)N(CC2C=CC=C(Cl)C=2)CC2ON=C(C3=CC=C(OC)C(OC)=C3)C2)C=CC=C(F)C=1,0.007075068587437272
C1(C(=O)N(CC2C=CC=C(Cl)C=2)CC2ON=C(C3C=CC(=CC=3)C)C2)=CC=CS1,0.010051492229104042
N(C(=O)C1=CC=C(C=C1)OC)(C(C)C(=O)C1C(=C(C(=O)OCC)NC=1C)C)CC1=CC=CO1,0.009454307821579277
C1(C(F)(F)F)C=C(C=CC=1)COC1C[C@](OCC2C=CC=CC=2C#N)(C(NCC2CC2)=O)C[C@H]2OC(C)(C)O[C@H]21,0.0057542113703675565
C1N(CCC(C(=O)OCC)C1)C(C1=CC2SC(C)=CC=2N1CC1C=CC=CC=1)=O,0.008450972358696162
C(NC(C1=CC2SC=CC=2N1CC1=C(OC)C=CC=C1)=O)C(C)C,0.008391542825847864
C(OCC)(=O)C1CN(CCC1)C(C1=CC2SC(C)=CC=2N1CC1C=CC=CC=1F)=O,0.006166452588513493
C1(=CC=CC=C1)CNC(C1=CC2SC=CC=2N1CC1C=CC=CC=1)=O,0.007693304377608001
C1(CNC(C2=CC3SC=CC=3N2CC2C=C(OC)C=C(OC)C=2)=O)CC1,0.0083211958874017
C(NC(C1=CC2SC(C)=CC=2N1CC1C=CC=CC=1)=O)C(C)C,0.008500423561781646
C(OCC)(=O)C1CN(CCC1)C(C1=CC2SC(C)=CC=2N1CC1C=CC=CC=1)=O,0.008331801765598357
C(NC(C1=CC2SC=CC=2N1CCOC1C=CC=CC=1)=O)C(C)C,0.008174696564674377
O1CCCC1CNC(C1=CC2SC(C)=CC=2N1CC1=CC=C(C=C1)C)=O,0.008672421844676138
C1(=CC=CC=C1)CNC(C1=CC2SC=CC=2N1CC1=C(OC)C=CC=C1)=O,0.007430278835818172
C1CN(CCC1C)C(C1=CC2SC=CC=2N1CC1C=CC=CC=1F)=O,0.006219304748810828
C1(CNC(C2=CC3SC=CC=3N2CC2=C(C)C=CC=C2)=O)CC1,0.009444928076118232
C1C=C(CNC(C2=CC3SC=CC=3N2CCC)=O)C=CC=1F,0.0052064463263377546
C1(C)C=C(CNC(C2=CC3SC=CC=3N2CC(=C)C)=O)C=CC=1,0.007633399614132941
C(NC(C1=CC2SC(C)=CC=2N1CC1C=CC=CC=1)=O)CC,0.007963123032823205
C1(CNC(C2=CC3SC(C)=CC=3N2CC2=CC=C(C=C2)C)=O)CC1,0.010112196626141667
C(NC(C1=CC2SC(C)=CC=2N1CC1C=CC=CC=1F)=O)C(C)C,0.006361569324508309
C1N(CCC(C(=O)OCC)C1)C(C1=CC2SC=CC=2N1CC1=C(C)C=CC=C1)=O,0.008484054007567465
C1(C)C=C(CNC(C2=CC3SC=CC=3N2CCC)=O)C=CC=1,0.008123782882466912
C1CN(CCC1C)C(C1=CC2SC=CC=2N1CC1C=CC=CC=1)=O,0.009077183483168483
O1C(CNC(C2=CC3SC(C)=CC=3N2CC2=CC=C(C=C2)C)=O)=CC=C1,0.008512649964541198
C=CCNC(C1=CC2SC(C)=CC=2N1CC1=CC=C(C=C1)C)=O,0.008250350458547473
C1(NC(C2=CC3SC(C)=CC=3N2CC2C=CC=CC=2F)=O)CC1,0.005735123855993151
C(OCC)(=O)C1CN(CCC1)C(C1=CC2SC=CC=2N1CC1=C(C)C=CC=C1)=O,0.008431190042756498
C1=CC=CC(CN(C)C(C2=CC3SC=CC=3N2CCC)=O)=C1,0.009168522572144866
C(NC(C1=CC2SC(C)=CC=2N1CC1=CC=C(C=C1)C)=O)C,0.0082195486407727
C1N(CCC1)C(C1=CC2SC(C)=CC=2N1CC1=CC=C(C=C1)C)=O,0.010278681199997664
O1CCCC1CNC(C1=CC2SC(C)=CC=2N1CC1C=CC=CC=1F)=O,0.005553821311332285
C(NC(C1=CC2SC=CC=2N1CC1C=CC(OC)=CC=1)=O)C(C)C,0.008293320843949913
C(NC(C1=CC2SC=CC=2N1CC1C=C(OC)C=C(OC)C=1)=O)C(C)C,0.008307950664311647
C1(CNC(C2=CC3SC(C)=CC=3N2CC2C=CC=CC=2)=O)CC1,0.009119253652170301
C1(NC(C2=CC3SC(C)=CC=3N2CC2=CC=C(C=C2)C)=O)CC1,0.009243043325841426
C1N(CCC(C(=O)OCC)C1)C(C1=CC2SC(C)=CC=2N1CC1=CC=C(C=C1)C)=O,0.008995140297338366
C=CCNC(C1=CC2SC(C)=CC=2N1CC1C=CC=CC=1F)=O,0.0050075013190507885
C(NC(C1=CC2SC=CC=2N1CC1=CC=C(C=C1)F)=O)C(C)C,0.005772328306920827
C(NC(C1=CC2SC=CC=2N1CC1C=CC=CC=1)=O)C(C)C,0.007755131274461746
C1(=CC=CC=C1)CNC(C1=CC2SC=CC=2N1CC1C=C(OC)C=C(OC)C=1)=O,0.0071485694963485
C1N(CCC(C(=O)OCC)C1)C(C1=CC2SC=CC=2N1CC1=CC=C(C=C1)C)=O,0.008674087794497609
C=CCNC(C1=CC2SC(C)=CC=2N1CC1C=CC=CC=1)=O,0.007217463292181492
C(NC(C1=CC2SC(C)=CC=2N1CC1=CC=C(C=C1)C)=O)CC,0.009058187250047922
C(NC(C1=CC2SC=CC=2N1CC1=CC=C(C=C1)C)=O)(C)C,0.008260751701891422
C1N(CCC(C(=O)OCC)C1)C(C1=CC2SC(C)=CC=2N1CC1C=CC=CC=1F)=O,0.0064035021699965
C1N(CCC(C(=O)OCC)C1)C(C1=CC2SC=CC=2N1CC1=CC=C(C=C1)F)=O,0.006190788932144642
O1C(CNC(C2=CC3SC=CC=3N2CC2C=CC=CC=2)=O)=CC=C1,0.0071891122730448846
C1(=CC=CC=C1)CNC(C(CC1C=CC=CC=1)N1CC2=C(C1=O)C(C1C=CC(=CC=1)Cl)NC(=O)N2CC=C)=O,0.004655898618511856
C1CN(CCC1)C(C(CC1C=CC=CC=1)N1CC2=C(C1=O)C(C1C=CC(=CC=1)Cl)NC(=O)N2CC=C)=O,0.004508321383036673
C1N(C(C2=CC=C(C=C2)C(F)(F)F)=O)CC(COC2=CC(F)=CC=C2)OC1,0.005949713103473186
N1(CCOCC1)NC(C1=CC=C(COC2C=C3C(N(C(=O)C4CC4)CCC3=CC=2)C2C=CC=CC=2)O1)=O,0.0038036439684219657
N(C(NC1=CC(OC)=CC(OC)=C1)=O)C(CC1C=CC=CC=1)C(=O)NC1=NN=C(C2C=CC(=CC=2)N(C)C)S1,0.003434322215616703
C(COC1=CC=C(C=C1)C1=NOC(C2CCCC2)=N1)(=O)C1=CC=C(Cl)C=C1,0.013474630005657674
C(C)(C)NC(C1N=C(COC2C=C3C(N(C(=O)C)CCC3=CC=2)C2C=CC(F)=CC=2)SC=1)=O,0.005762223759666086
O1N=C(C2=CC(OC)=C(C=C2)OCC2C=C(N(=O)=O)C=CC=2)N=C1COCC1C=CC=CC=1,0.005910783866420388
N1C2(CCN(C(NC3=CC=C(C(C)C)C=C3)=O)CC2)NC(=O)C2C=CC(=CC1=2)Cl,0.00435946105280891
N(C1C=C(C=CC=1)C1N(C2=C(C(C)C)C=CC=C2)C(=O)CS1)C(C1=C(C)C=CC=C1)=O,0.007541637518443167
N(C1C=CC(=CC=1)C1N(C2=C(CCC)C=CC=C2)C(=O)CS1)C(C1=C(F)C=CC=C1)=O,0.006718956422992051
N(C(=O)C1=CC=C(C=C1)OC)(CC(N1N=C(CC1C1C=CC(=CC=1)Cl)C1=C(F)C=CC=C1)=O)C,0.00794541633222252
O=C(C1=CC=CC(OC)=C1)N(C1CCCCC1)CC(=O)C1C(=C(C(=O)OC)NC=1C)C,0.009608696727082134
N(C(=O)NC(C)(C)C)(CC(N1N=C(CC1C1=CC=CC=C1OC)C1C=CC(C)=C(C)C=1)=O)C,0.006859809858724475
O=C(CN1C2C(C(=O)N(C3=CC=CC(Cl)=C3)C1=O)=CC=CC=2)NC(C)C1=CC=CC=C1,0.005221562611404806
O=C(CN1C2C(C(=O)N(C3=CC=CC(C)=C3)C1=O)=CC=CC=2)NCC1C=CC=C(C=1)C(F)(F)F,0.0044385141925886275
N(C(=O)C1C=CC=C(F)C=1)(CC(N1N=C(CC1C1C=CC(=CC=1)C)C1=CC=CN1C)=O)C,0.009115163562819361
N(C(=O)C1=CC=CC=C1F)(CC(N1N=C(CC1C1C=CC(F)=CC=1)C1=C(OC)C=C(OC)C=C1)=O)CCOC,0.008361769421026111
N(C1C=CC(=CC=1)OC)C(CN1C2C(C(=O)N(C3C=CC(C)=C(Cl)C=3)C1=O)=CC=CC=2)=O,0.00450393141945824
C(C(C)C)NC(CN(C)C(C1=CSC(NC2C(Cl)=CC=C(Cl)C=2)=N1)=O)=O,0.006069911154918372
N(C(=O)NC(C)(C)C)(CC(N1N=C(CC1C1=CC=CC=C1)C1=CC(OC)=CC=C1)=O)C,0.006177800521254539
N(CC1=CC=C(F)C=C1)C(CN1C2C(C(=O)N(C3C=CC(C)=C(Cl)C=3)C1=O)=CC=CC=2)=O,0.0044858303735964
O=S(C1=CC=C(C=C1)F)(=O)N(CC1CCCO1)CC(=O)C1C(=C(C(=O)OC)NC=1C)C,0.005735608190298081
N(C1=CC=C(C=C1)F)C(CN1C2C(C(=O)N(C3C=CC(F)=C(Cl)C=3)C1=O)=CC=CC=2)=O,0.004386316880118102
N(C(=O)C1C=CC(=CC=1)Cl)(CC(=O)C1C(=C(C(=O)OC)NC=1C)C)CC=C,0.007683540508151054
N1(CCN(CC1)C(C)=O)C(CN1C2C(C(=O)N(C3=CC=CC(C)=C3)C1=O)=CC=C(C=2)Cl)=O,0.004867877624928951
N(CC1CC1)C(COC1C=C2N(CC3CC3)C(=O)C=C(C(C)C)C2=CC=1)=O,0.010755778523162007
N(CC1CC1)C(COC1C=C2N(CC3C(F)=CC=CC=3)C(=O)C=C(C)C2=CC=1)=O,0.006448309449478984
N(CCOC)C(COC1C=C2N(CC3C(F)=CC=CC=3)C(=O)C=C(C)C2=CC=1)=O,0.005077455379068852
N(CCC1=CC=CC=C1)C(COC1C=C2N(CC3C(F)=CC=CC=3)C(=O)C=C(C)C2=CC=1)=O,0.006214530882425606
N(C(=O)C1C=CC(=CC=1)Cl)(CC(=O)C1C(=C(C(OCC)=O)N(CC)C=1C)C)CCC(C)C,0.0143778036814183
C1(C(=O)N(CC2=CC=CO2)CC2=NOC(C3C=CC(C)=C(C)C=3)=C2)=CC=C(C)C=C1,0.01366584300994873
N(C(=O)C1=CC=C(C=C1)F)(CC(=O)C1C(=C(C(OCC)=O)N(CC)C=1C)C)CCC(C)C,0.013907380681484938
C(C(=O)N(CC1=CC=CO1)CC(=O)N(CC1=CC=CC=C1)CC1=CC=CS1)C,0.010606225160881878
C1(COC2C[C@](OCC3=CC=C(F)C=C3F)(C(NCC3CC3)=O)C[C@H]3OC(C)(C)O[C@H]32)=CC=C(C=C1)C,0.00874334133695811
CC(=O)N(CC1CC1)CC(=O)N(CCC1=CC=CC=C1)CC1=CC=C(C)O1,0.014222769159823656
N(C1=CC(=CC=C1)C1C(C(=O)OC(C)C)=C(C)N(CC)C(=S)N1)C(=O)C1CC1,0.010212439531460404
C1(COC2C[C@](OCC3=CC=C(F)C=C3F)(C(NC(C)C)=O)C[C@H]3OC(C)(C)O[C@H]32)C=CC=CC=1,0.008864085027016699
C(COC1=C(OC)C=C(C=C1)C1=NOC(C)=N1)(=O)C1=CC=C(C)C=C1,0.01477819699794054
S(C1C(C2=C(Cl)C=CC=C2)N(C)OC1)(NCC(C)C)(=O)=O,0.001268287251878064
S(C1C(C2=CC(C(F)(F)F)=CC=C2)N(C)OC1)(N1CC2C(=CC=CC=2)CC1)(=O)=O,0.001340540885576047
N(C(=O)NC(C)(C)C)(CC(N1N=C(CC1C1=CC=CC=C1OC)C1=CC=CN1C)=O)C,0.005886106682009995
C1C=C(CNC(C2=CC3SC=CC=3N2CC2CC2)=O)C=CC=1F,0.006182238552719354
N1C(=O)C(CCC(=O)NC(C)C)=NNC=1C1=CC(=CC=C1)OC(C)C,0.004911391623318195
C1(F)C=C(CNC(C2=CC3SC=CC=3N2CC2CC2)=O)C=CC=1,0.005940586561337113
C(C(C)N1CC2=C(C1=O)C(C1=CC=CC=C1Cl)NC(=O)N2CC)(NCC(C)C)=O,0.006812709174118936
C1(S(NC(C)(C)C)(=O)=O)C(C2=CC=C(C(C)C)C=C2)N(C)OC1,0.0017644088889937847
N1C(=O)C(CCC(=O)NC2CCCCC2)=NNC=1C1=CC(=CC=C1)OC(C)C,0.006184793449938298
C1C(F)=C(CNC(C2=CC3SC=CC=3N2CC2CC2)=O)C=CC=1,0.005822035833261907
S(C1C(C2C=CC=C(OC)C=2OC)N(C)OC1)(NC1CC1)(=O)=O,0.001868857367662713
C(C(=O)NC1C=CC(=CC=1)N1CCCN(CC2=CC(C)=CC=C2C)C1=O)C1=CC=CS1,0.005199487810023129
CNC(C1=C(C=CC=C1)CN1C(=NC(C2C=CC=C(C)C=2)=O)SC(C)=C1C)=O,0.009371309448033572
C1(S(NCCC2C=CC=CC=2OC)(=O)=O)C(C2C=CC=C(Cl)C=2)N(C)OC1,0.0014831455075182021
S(C1C(C2=CC=C(C(C)C)C=C2)N(C)OC1)(N1CC2C(=CC=CC=2)CC1)(=O)=O,0.0023916084872325884
S(C1C(C2=C(Cl)C=CC=C2)N(C)OC1)(N1CCCC1)(=O)=O,0.0017191236460348592
C(CN(CC(C)C)C(C1=CC=C(C=C1)N(=O)=O)=O)(=O)NC1=C(C(=NN1C1=CC=C(C)C=C1)C)C1C=CC=CC=1,0.004421268089208752
C(NC(=O)NCC1N(C(NC(C)(C)C)=O)CCC2C1=CC(OC)=C(OC)C=2)(C)C,0.0074783773627132176
N(CC)C(N(CC1=CC=CO1)CC1=CC(=CC=C1OS(=O)(=O)C)Cl)=O,0.004765889013651758
C(CN(CCC)C(=O)C1C=C(OC)C=C(OC)C=1)(=O)NC1=C(C(=NN1C1=CC=C(C)C=C1)C)C1C=CC=CC=1,0.005975012667477131
C1(=CC=CC=C1F)C(=O)N(C(C)CC)CC1=CC(=CC=C1OS(=O)(=O)C)Cl,0.007983275991864502
C(CN(CCCC)C(=O)C1C=CC(=CC=1)Cl)(=O)NC1=C(C(=NN1C1=CC=C(C)C=C1)C)C1C=CC=CC=1,0.006088653765618801
C(CN(CC(C)C)C(=O)NC1=CC=CC=C1C(F)(F)F)(=O)NC1=C(C(=NN1C1=CC=C(C)C=C1)C)C1C=CC=CC=1,0.004216934053692967
C1(CNC(C2=C(C)C(=C(C)N2CC2C=CC=C(C)C=2)C)=O)=CC=CO1,0.011507807718589901
C(N(C1CC1)CC1=C(OS(=O)(=O)C2C=CC(=CC=2)OC)C=CC=C1)(C1CCC1)=O,0.011497408477589488
C(CN(CC(C)C)C(=O)NC1C=CC=C(Cl)C=1Cl)(=O)NC1=C(C(=NN1C1=CC=C(C)C=C1)C)C1C=CC=CC=1,0.0041913800872862336
C(CN(CC(C)C)C(=O)NC1=CC=C(C=C1)Br)(=O)NC1=C(C(=NN1C1=CC=C(C)C=C1)C)C1C=CC=CC=1,0.004856808204203844
N1=C(SCC2=CC=C(C=C2)C)N(C)C(=O)C(CC2C=CC(OC)=CC=2)=C1C,0.013241828279569745
C(N(C(C)C)CC1C=C(OS(=O)(=O)C2C=CC(=CC=2)OC)C=CC=1)(C)=O,0.009978293115273118
C1(C(=O)N(CC2=CC=C(C=C2)F)CC2ON=C(C3C=CC=C(F)C=3)C2)CC1,0.008541607530787587
N1=C(SCC2C=CC=C(F)C=2)N(C)C(=O)C(CC2C=CC=C(F)C=2)=C1C,0.0089485555421561
C(N(CC1=CC(=CC=C1OS(=O)(=O)CC)Cl)CCOC)(COC)=O,0.009165784530341625
N(CC1=CC=CC(OC)=C1)(C(=O)CC(C)C)CC1ON=C(C2C=CC(=CC=2)C)C1,0.012535221176221967
N(C(C)(C)C)C(N(CC(C)C)CC1=CC(=CC=C1OS(=O)(=O)CC)Cl)=O,0.006751263607293367
C1(C(=O)N(CC2C=CC=C(F)C=2)CC2ON=C(C3C=CC(=CC=3)Cl)C2)CC1,0.008212642441503704
C(=O)(CN(CCCCC)C(=O)C1=CC=CC=C1OC)NC1=CC(C2C=CC=CC=2)=NN1C1C=CC(F)=CC=1,0.00534389337990433
C(CN(CCCC)C(=O)C1C=CC(C)=CC=1)(=O)NC1=C(C(=NN1C1=CC=C(C)C=C1)C)C1C=CC=CC=1,0.0072269701631739736
N(CC1C=CC=CC=1F)(C(NC(C)(C)C)=O)CC1ON=C(C2C=CC(=CC=2)C)C1,0.00612629649695009
N(C(=O)CC)(C(C)C(=O)C1C(=C(C(=O)OCC)NC=1C)C)CC1=CC=CO1,0.010482994630001486
N(C(=O)CC(C)C)(C(C)C(=O)C1C(=C(C(=O)OC)NC=1C)C)CCCOCC,0.01023807937745005
N(S(=O)(=O)C1=CC=C(C)C=C1)(C(C)C(=O)C1C(=C(C(=O)OC)NC=1C)C)CCCOC,0.006025683251209557
N(C1C=C(C(Cl)=CC=1)C1OC2C=CC(=CC=2N=1)S(=O)(=O)CC)C(=O)C1=CC=CC=C1C,0.004180559108499437
N(C(=O)C1C=CC=CC=1)(C(C)C(=O)C1C(=C(C(=O)OCC)NC=1C)C)CC1=CC=CO1,0.00973494010977447
N(C(=O)C1C=CC=CC=1)(C(C)C(=O)C1C(=C(C(=O)OC)NC=1C)C)CCCOCC,0.008434109133668244
N(C(=O)CC)(C(C)C(=O)C1C(=C(C(=O)OC)NC=1C)C)CCCOC,0.009127692319452763
N(C(=O)C1=CC=C(C=C1)OC)(C(C)C(=O)C1C(=C(C(=O)OCC)NC=1C)C)CC,0.009854203183203935
C1(C(C2C=CC(=CC=2)Cl)CC(=O)NCC(C)C)=CNC2=CC=C(C=C12)N(=O)=O,0.0032465202966704965
C1(C(=O)NCC2N(C(NC3=CC=CC(C)=C3)=O)CCC3C2=CC(OC)=C(OC)C=3)C=CC=CC=1,0.005884136655367911
C1(C(C2=CC=C(C=C2)Cl)CC(=O)N2CCOCC2)=CNC2=CC=C(C=C12)N(=O)=O,0.002634636592119932
N(C(=O)C1C=CC(=CC=1)Cl)(C(C)C(=O)C1C(=C(C(=O)OCC)NC=1C)C)CC1=CC=CO1,0.008826677850447596
N(C(=O)C1=CC=C(C)C=C1)(C(C)C(=O)C1C(=C(C(=O)OC)NC=1C)C)CCCOCC,0.008573053986765444
N(C(=O)C1C=CC=CC=1)(C(C)C(=O)C1C(=C(C(=O)OC)NC=1C)C)CCCOC,0.008386502927169203
N(C(=O)CC(C)C)(C(C)C(=O)C1C(=C(C(=O)OCC)NC=1C)C)CC,0.012486971309408545
C1(C(=O)NCC2N(C(NC3=CC=CC=C3)=O)CCC3C2=CC(OC)=C(OC)C=3)C=CC(=CC=1)Cl,0.005212384229525924
C1(C(=O)NCC2N(C(NC3=CC=CC(F)=C3)=O)CCC3C2=CC(OC)=C(OC)C=3)C=CC=CC=1,0.004969759902451187
C(C1=CC(=CC=C1)NC1C(=O)N(C)N=CC=1OC1=CC=C(C=C1)Cl)(=O)NCC1=CC=CO1,0.005910072359256446
N(C(=O)C1=CC=CC(OC)=C1)(C(C)C(=O)C1C(=C(C(=O)OCC)NC=1C)C)CC1=CC=CO1,0.009497081371955573
N(C(=O)C1CC1)(C(C)C(=O)C1C(=C(C(=O)OC)NC=1C)C)CCCOCC,0.009234441770240664
N(C(=O)C1=CC=C(C)C=C1)(C(C)C(=O)C1C(=C(C(=O)OC)NC=1C)C)CCCOC,0.008539536339230835
N(C(=O)C1=CC=CC(OC)=C1)(C(C)C(=O)C1C(=C(C(=O)OCC)NC=1C)C)CC,0.009670160245150328
C1(C(C2=CC=C(C=C2)Cl)CC(NCCOC)=O)=CNC2=CC=C(C=C12)N(=O)=O,0.0023501073592342436
N(C(=O)C1=CC=C(C=C1)F)(C(C)C(=O)C1C(=C(C(=O)OC)NC=1C)C)CCCOCC,0.007143951579928398
N(C(=O)C1C=CC=C(F)C=1)(C(C)C(=O)C1C(=C(C(=O)OC)NC=1C)C)CCCOCC,0.007015578006394208
N(C(=O)C1CC1)(C(C)C(=O)C1C(=C(C(=O)OC)NC=1C)C)CCCOC,0.009629908297210932
N(C(=O)C1=CC=C(C=C1)OC)(C(C)C(=O)C1C(=C(C(=O)OC)NC=1C)C)CC=C,0.009155704104341567
C(F)(F)(F)C1=CC=C(C=C1)NC(=O)N1CCN(CC1C)C(C1=CC2C=COC=2N1CC1=CC=CC(OC)=C1)=O,0.0029451159527525304
C1(C(=O)NCC2N(C(NC3=CC=CC=C3F)=O)CCC3C2=CC(OC)=C(OC)C=3)=CC=CC=C1Cl,0.005050736048724502
C1(=CC=CS1)C(=O)N(CC1CCCO1)CC1=C(OS(=O)(=O)C2=CC=C(C=C2)F)C=CC=C1,0.006240441277623176
N(C(=O)C)(C(C)C(=O)C1C(=C(C(=O)OC)NC=1C)C)CCCOCC,0.008364458451978862
N(C(=O)C1C=CC(=CC=1)Cl)(C(C)C(=O)C1C(=C(C(=O)OC)NC=1C)C)CCCOCC,0.007268312619999051
N(C(=O)C1C=CC=C(F)C=1)(C(C)C(=O)C1C(=C(C(=O)OC)NC=1C)C)CCCOC,0.007369195553474128
N(C(=O)C1=CC=CC(OC)=C1)(C(C)C(=O)C1C(=C(C(=O)OC)NC=1C)C)CC=C,0.009011532389558851
C1(C=CC=CC=1)CNC(=O)N1CCC2(N(C3C=CC=CC=3)CN(CC(=O)NCC=C)C2=O)CC1,0.004194713849574328
N(C(=O)C(C)C)(C(C)C(=O)C1C(=C(C(=O)OC)NC=1C)C)CCCOCC,0.009927925374358892
N(C(=O)NC(C)C)(C(C)C(=O)C1C(=C(C(=O)OC)NC=1C)C)CCCOC,0.006781495781615377
N(C(=O)CC(C)C)(C(C)C(=O)C1C(=C(C(=O)OC)NC=1C)C)CC1CCCO1,0.010616651317104698
C1(S(=O)(=O)N(C(C)C)CC(N(CC2=CC=C(F)C=C2)CC2=CC=C(C)S2)=O)C=CC(C)=CC=1,0.00660023910459131
O=C(C(CC)N1C2C(C(=O)N(C3=CC=CC(C)=C3)C1=O)=CC=C(C=2)Cl)NCCOC,0.0045274415286257865
N(C(=O)C1=CC=C(C=C1)OC)(C(C)C(=O)C1C(=C(C(=O)OC)NC=1C)C)CCCOCC,0.008140747318975627
N(S(=O)(=O)C1=CC=CC=C1)(C(C)C(=O)C1C(=C(C(=O)OC)NC=1C)C)CCCOC,0.0061819801107048985
C1(C(C2C=CC(=CC=2)Cl)CC(=O)NCC2=CC=CC=C2)=CNC2=CC=C(C=C12)N(=O)=O,0.0028932256507687272
C1(C(=O)N2CCC3(N(C4C=CC=CC=4)CN(CC(=O)NCCOC)C3=O)CC2)C=CC(Cl)=C(Cl)C=1,0.0056025110767222944
C(C)(C)(C)CC(=O)N(CC1C=CC=C(F)C=1)CC1ON=C(C1)C1=CC=C(OC)C=C1,0.009181487746536732
C(C1C(C(C)C)=NN(C2=CC=C(C)C=C2)C=1C(C)C)(NCC1=CC=CO1)=O,0.011055805813521146
C(N(CC1CCCO1)CC1=CC(=CC=C1OS(=O)(=O)C)Cl)(COC)=O,0.008659629849717021
C(C)(C)(C)CC(=O)N(CC1C=CC=CC=1)CC1ON=C(C2=CC=CC=C2Cl)C1,0.011823572916910052
C1(C(=O)N(CC2=CC=C(C=C2)F)CC2ON=C(C3=CC=CC=C3OC)C2)CCC1,0.008692605583928526
C(F)(F)(F)C1=CC=CC(CNC(C2=C(C)C3=C(CCCC3)N2CC2=CC=C(F)C=C2F)=O)=C1,0.0067591388709843155
C12=CC(CNC(C3=C(C)C4=C(CCCC4)N3CC3C=CC=C(F)C=3)=O)=CC=C1OCO2,0.007886558980681002
C1(C(=O)N(CC2C=CC=C(Cl)C=2)CC2ON=C(C3C=CC(=CC=3)C)C2)CCCC1,0.01195931970141828
C(NC(=O)NCC1N(C(NCC=C)=S)CCC2C1=CC(OC)=C(OC)C=2)(C)C,0.007627505320124328
C(C)(C)(C)CC(=O)N(CC1C=CC(F)=CC=1F)CC1ON=C(C2C=CC(F)=CC=2)C1,0.009377646539360285
N(CCCNC(C1=CC2=C(S1)N(C1=CC=CC=C1)N=C2C(C)C)=O)C(=O)C1CC1,0.005546644446440041
N1(CCC2SC=CC=2C1C1C(Cl)=CC(Cl)=CC=1)C(=O)C1=CC=CC=C1C,0.010935011319816113
C(N(C(C)CC)CC1C=CC(OS(=O)(=O)C2C=CC(=CC=2)OC)=CC=1)(CC(C)(C)C)=O,0.012842175457626582
C1(=CC=CC=C1F)C(=O)N(CCOC)CC1=CC(=CC=C1OS(=O)(=O)C1=CC=C(C=C1)F)Cl,0.007064701314084232
N(S(=O)(=O)C1=CC=C(C=C1)F)(CC(=O)C1C(=C(C(=O)OC)NC=1C)C)CC=C,0.005348356906324625
C1(=CC=CO1)C(=O)N(CC(C)C)CC1=C(OS(=O)(=O)C2C=CC(=CC=2)OC)C=CC=C1,0.012243368290364742
C(N(C1CC1)CC1C=CC(OS(=O)(=O)C2C=CC(=CC=2)OC)=CC=1)(CC(C)(C)C)=O,0.01169557347893715
N(C1CC1)(S(=O)(=O)C1=CC=C(C)C=C1)CC(=O)C1C(=C(C(OCC)=O)N(C)C=1C)C,0.010717524401843547
C(N(CC1CC1)CC1=C(OS(=O)(=O)C)C=CC=C1)(C)=O,0.010287543665617705
N(C(=O)C)(CC(=O)C1C(=C(C(=O)OC)N(C)C=1C)C)C,0.016749051678925753
C(NC(=O)N(C(C)C)CC1C=CC(OS(=O)(=O)C2C=CC(=CC=2)OC)=CC=1)(C)(C)C,0.007208499847911299
C(N(C(C)CC)CC1=CC(=CC=C1OS(=O)(=O)C1=CC=C(C=C1)NC(C)=O)Cl)(CC(C)C)=O,0.007688244292512536
C(N(C(C)CC)CC1=CC(=CC=C1OS(=O)(=O)C1=CC=C(C=C1)NC(C)=O)Cl)(CC(C)(C)C)=O,0.007801823015324771
C1(=CC=CC=C1Cl)C(=O)N(CC1CC1)CC1=C(OS(=O)(=O)C)C=CC=C1,0.009866400621831417
C(C1=C(C)C=C(C)N1CC1C=CC=C(C)C=1)(NCC1C=CC=C(C=1)C(F)(F)F)=O,0.007029128284193576
C(F)(F)(F)C1=CC=CC(CNC(C2=C(C)C(=C(C)N2CC2C=CC=C(C)C=2)C)=O)=C1,0.007569844136014581
C(C1=C(C)C=C(C)N1CC1C=CC=CC=1F)(NCC1C=CC=C(C=1)C(F)(F)F)=O,0.005465339287184179
C(C1=C(C)C=C(C)N1CC1=CC=C(C=C1)F)(NCC1C=CC=C(C=1)C(F)(F)F)=O,0.005609058681875468
C(C)(CC)NC(C1=C(C)C(=C(C)N1CC1=CC(C(F)(F)F)=CC=C1)C)=O,0.007139717950485647
C(C)(C)(C)CC(=O)N(CCC)CC1ON=C(C2C=CC=C(F)C=2)C1,0.010780593380331993
C(CC)NC(C1=C(C)C(=C(C)N1CC1=CC(C(F)(F)F)=CC=C1)C)=O,0.006165135186165571
C(CCCC)NC(CCN(C(C)CC)C(C1=COC=C1)=O)=O,0.010781952505931258
C(CC(C)C)NC(CCN(CC(C)C)C(C1=COC=C1)=O)=O,0.013226384203881026
N(CC(C)C)(C(=O)COC)CC1=CC=CC(=C1)OS(=O)(=O)C1C=CC(=CC=1)F,0.008365124394185842
N(CCOC)(C(=O)C(C)C)CC1=CC=CC(=C1)OS(=O)(=O)C1C=CC(=CC=1)F,0.008185293641872704
C(CCN(CC)C(C1=C(C)OC(C)=C1)=O)(NCCC)=O,0.00924916248768568
N(C(C)C)(C(=O)C)CC1=CC=CC(=C1)OS(=O)(=O)C1C=CC(=CC=1)F,0.007335570431314409
C(CCN(CC)C(C1=C(C)OC(C)=C1)=O)(NCCCCC)=O,0.00960919801145792
C1C=C(CNC(C2=C(C)C3=C(CCCC3)N2CC2C=CC=C(F)C=2)=O)C=CC=1F,0.00842786196153611
C1(C(F)(F)F)C=C(C=CC=1)COC1C[C@](OCC2=CC=CC(C(F)(F)F)=C2)(C(NCC(C)C)=O)C[C@H]2OC(C)(C)O[C@H]21,0.007494769059121609
C1C=CC(F)=C(F)C=1COC1C[C@](OCC2=CC=CC(C(F)(F)F)=C2)(C(NCC(C)C)=O)C[C@H]2OC(C)(C)O[C@H]21,0.0069645392708480355
C1C=C(OC(F)(F)F)C=C(C=1)COC1C[C@](OCC2=CC=CC(C(F)(F)F)=C2)(C(NCC(C)C)=O)C[C@H]2OC(C)(C)O[C@H]21,0.005845367023721337
C1C=C(OC(F)(F)F)C=C(C=1)COC1C[C@](OCC2C=CC=C(Cl)C=2)(C(NCC)=O)C[C@H]2OC(C)(C)O[C@H]21,0.005466735002119094
C1(C(F)(F)F)C=C(C=CC=1)COC1C[C@](OCC2C=CC=CC=2F)(C(NCC2CCCO2)=O)C[C@H]2OC(C)(C)O[C@H]21,0.006394126103259623
C1(C(=O)N2CC(C(C3=CC=C(OC)C=C3OC)C2)C(=O)NCC2=CC3OCOC=3C=C2)CC1,0.008954927534796297
C(C(=O)N1CC(C(C2=CC(OC)=CC=C2OC)C1)C(=O)N(CC1=CC=CC=C1)C)C(C)C,0.011357777891680599
C1(COC2C[C@](OCC3=CC=CC(C(F)(F)F)=C3)(C(NCC)=O)C[C@H]3OC(C)(C)O[C@H]32)C=CC=CC=1,0.007189165987074375
C1C=C(OC(F)(F)F)C=C(C=1)COC1C[C@](OCC2C=CC=C(C)C=2)(C(NCC)=O)C[C@H]2OC(C)(C)O[C@H]21,0.0063755004433915016
C1(S(=O)(=O)N2CC(C(C3=CC=C(OC)C=C3OC)C2)C(=O)NCCCOC)=CC=CC=C1,0.005700362683273852
C1(C(F)(F)F)C=C(C=CC=1)COC1C[C@](OCC2C=CC=CC=2F)(C(NCC)=O)C[C@H]2OC(C)(C)O[C@H]21,0.006718061049468815
C1(C(=O)N(CC2C=CC=CC=2Cl)CC2ON=C(C3C=CC(F)=CC=3)C2)CCC1,0.008829217334277929
C(=O)(CN(CCCCC)C(CSC1C=CC=CC=1)=O)NC1=CC(C2C=CC=CC=2)=NN1C1C=CC(F)=CC=1,0.004506928217597306
C1(C(=O)N(CCCOCC)CC(N(CC2=CC=C(F)C=C2)CC2=CC=C(C)S2)=O)C=CC(=CC=1)F,0.0060472708428278565
C1(C(=O)N(CCCOCC)CC(N(CC2=CC=C(F)C=C2)CC2=CC=C(C)S2)=O)=CC=CS1,0.006881245225667953
N(C(C)C1=CC=CC=C1)C(CN1C2C(C(=O)N(C3C=CC(=CC=3)OCC)C1=O)=CC=CC=2)=O,0.005796263134106994
C(NC(=O)N(CC1C=CC(F)=CC=1F)CC1ON=C(C2C=CC=C(F)C=2)C1)(C)(C)C,0.00547562437132001
C(CN(CCCCC)C(=O)C1C=C(OC)C=C(OC)C=1)(=O)NC1=CC(=NN1C1C=CC(C)=CC=1C)C(C)(C)C,0.006369997817091644
C1(C(=O)N(CC=C)CC(N(CC2=CC=C(F)C=C2)CC2=CC=C(C)S2)=O)C=CC=CC=1F,0.00799819917883724
C1(C(=O)N(CC(C)C)CC(N(CC2=CC=C(F)C=C2)CC2=CC=C(C)S2)=O)C=CC=C(Br)C=1,0.00931317643262446
N1(CCOCC1)C(COC1C=C2N(CCC)C(=O)C=C(C)C2=CC=1)=O,0.008159048110246658
N(C(=O)C)(C(C)C(=O)C1C(=C(C(OCC)=O)N(C)C=1C)C)CC1=CC=CO1,0.016943560959771276
C1(C(=O)N(C(C)(C)C)CC(=O)N(CC2=CC=C(F)C=C2)CC2=CC=C(C)S2)C=CC(=CC=1)OC,0.00848250340204686
N(CCC1=CC=CC=C1)C(COC1C=C2N(CCC)C(=O)C=C(C)C2=CC=1)=O,0.00821589776314795
N(S(=O)(=O)C1=CC=CC=C1)(C(C)C(=O)C1C(=C(C(OCC)=O)N(C)C=1C)C)CC,0.012409564573317766
C1(C(=O)N(CC2CCCO2)CC(=O)N(CCC2=CC=CC=C2)CC2=CC=C(C)O2)C=CC(=CC=1)Cl,0.009366605407558381
N(CCNC(C1=CC2=C(S1)N(C1=CC=C(C)C=C1)N=C2CC)=O)C(=O)C1=CC=C(C=C1)OC,0.0049878642428666355
CC(=O)NCC1N(C(NC2=CC=C(OCC)C=C2)=O)CCC2C1=CC(OC)=C(OC)C=2,0.005650015221908689
C(NC(=O)N(CC1=CC=C(C=C1)F)CC1ON=C(C2=CC=CC=C2OC)C1)(C)C,0.005221176310442388
C1(C(=O)N(CC2CCCO2)CC(=O)N(CCC2=CC=CC=C2)CC2=CC=C(C)O2)C=CC(=CC=1)OC,0.01029294403269887
N(CCNC(C1=CC2=C(S1)N(C1=CC=C(C)C=C1)N=C2CC)=O)C(=O)C1=CC=CC=C1F,0.004881984181702137
N(S(=O)(=O)C1=CC=CC=C1)(C(C)C(=O)C1C(=C(C(OCC)=O)N(CC)C=1C)C)C,0.010895067546516656
C(NC(=O)NCC1N(C(NC2=CC=C(OCC)C=C2)=O)CCC2C1=CC(OC)=C(OC)C=2)(C)C,0.006497049191966653
C1(C(=O)N(C2CCCCC2)CC(N(CC2=CC=C(F)C=C2)CC2=CC=C(C)S2)=O)C=CC(=CC=1)F,0.008105325791984797
C1C=C(OC(F)(F)F)C=C(C=1)COC1C[C@](OCC2C=CC=CC=2C#N)(C(NCC)=O)C[C@H]2OC(C)(C)O[C@H]21,0.004823572875466198
C1(C(=O)NC(C)C2ON=C(C3=CC=CC(Cl)=C3)N=2)C=CC=CC=1Cl,0.006150524131953716
C1(C(=O)NC(C)C2ON=C(C3=CC=CC(Cl)=C3)N=2)=CC=CO1,0.0062888992950320246
C(CC(C1C=CC(=CC=1)Cl)C1C2C(=CC=C(C=2)N(=O)=O)N(CC2C=CC=CC=2)C=1)(NCCOC)=O,0.00367485434981063
C1(C(=O)NC(C)C2ON=C(C3=CC=CC(Cl)=C3)N=2)=CC=CS1,0.004549544700421393
C(C(=O)NC(C)C1ON=C(C2=CC=CC(Cl)=C2)N=1)C1C=CC(=CC=1)F,0.0047935287468135355
C(CC(C1C=CC(=CC=1)Cl)C1C2C(=CC=C(C=2)N(=O)=O)N(CC2C=CC=CC=2)C=1)(NCC(C)C)=O,0.0050719889928586784
N(S(=O)(=O)C1=CC=CC=C1)(C(C)C(=O)C1C(=C(C(=O)OCC)NC=1C)C)CCCOC,0.006166458385996521
C1(=CC=CC=C1)CNC(C1=CC2SC(Br)=CC=2N1CC1C=CC=C(F)C=1)=O,0.006325604277662933
C(C1COC2(CCC(C)CC2)N1C(=O)C1=CC=CC=C1C)(=O)N1CCOCC1,0.013019276317209005
C1(C(=O)N2CC(C(C3=CC=C(OC)C=C3)C2)C(=O)NCC2=CC=CC=C2)=CC=CC=C1Cl,0.00815462633036077
C(C1COC2(CCCCC2)N1C(C1=CC=C(C=C1)C(F)(F)F)=O)(=O)NCC1=CC=CO1,0.00694641110021621
C1=C(C=CC=C1NC(=O)N(CC=C)CC(N(CC1=CC=C(F)C=C1)CC1=CC=C(C)S1)=O)Cl,0.0041645695804618296
N(C(=O)C1=CC=C(C=C1)F)(C(C)C(=O)C1C(=C(C(=O)OCC)NC=1C)C)CCCOC,0.00755295914132148
N(S(=O)(=O)C1=CC=C(C)C=C1)(C(C)C(=O)C1C(=C(C(=O)OCC)NC=1C)C)CCCOC,0.005958878993988037
C(NC(C1=CC2SC(Br)=CC=2N1CC1C=CC=C(F)C=1)=O)CC,0.006304931081831455
C(C1COC2(CCC(C)CC2)N1C(=O)C1=CC=CC(OC)=C1)(=O)N1CCN(CC1)C(C)=O,0.01141471667215228
C(C1COC2(CCC(C)CC2)N1C(C1=C(C(F)(F)F)C=CC=C1)=O)(=O)NCC1CCCO1,0.008303616987541318
C(C1=C(C)N(C2C=CC(Cl)=CC=2)N=C1CC(C)C)(NCC1CCCO1)=O,0.008219191455282271
C(C(CC1C=CC=CC=1)N1CC2=C(C1=O)C(C1=C(C)C=C(C)C=C1)NC(=O)N2C)(NC1=CC=C(C=C1)F)=O,0.0054110398981720206
O1CCN(CC1)C(C1=CC2SC=C(Br)C=2N1CC1=CC=C(Br)C=C1)=O,0.00965325809083879
N(C(=O)C)(C(C)C(=O)C1C(=C(C(=O)OCC)NC=1C)C)CCCOC,0.008771187998354435
N(C(=O)C1=CC=C(C=C1)F)(C(C)C(=O)C1C(=C(C(=O)OC)NC=1C)C)CCOC,0.008621058985590934
C1(CNC(C2=CC3SC(C)=CC=3N2CC2C=CC=C(C)C=2)=O)CC1,0.009967760415747762
C(C1COC2(CCC(C)CC2)N1C(=O)C1C=CC=C(Cl)C=1)(=O)NCC1=CC=CC=C1,0.008788502309471369
C(C(CC1C=CC=CC=1)N1CC2=C(C1=O)C(C1C=CC(=CC=1)C)NC(=O)N2CC=C)(NC1=CC=C(C=C1)F)=O,0.0048547648242674765
C(CN1CC2=C(C1=O)C(C1=CC=C(OC)C=C1)NC(=O)N2C)(N1CCC(CC1)C(OCC)=O)=O,0.0067262158961966636
C1N(CCC(C(=O)OCC)C1)C(C1=CC2SC=C(Br)C=2N1CC1=CC=C(Br)C=C1)=O,0.009201125567778945
N(C(=O)C1=CC=CC=C1Cl)(C(C)C(=O)C1C(=C(C(=O)OCC)NC=1C)C)CCCOC,0.0077410598518326875
N(C(=O)C(C)C)(C(C)C(=O)C1C(=C(C(=O)OC)NC=1C)C)CCOC,0.011323816748335958
C1(C(=O)N2CC(C(C3=CC=C(OC)C=C3)C2)C(=O)NCCCOC)C=CC=CC=1,0.007627874193713069
C(C1COC2(CCCC(C)C2)N1C(=O)C1=CC=CC=C1F)(=O)N1CCN(CC1)C(C)=O,0.010043500270694495
C(CN1CC2=C(C1=O)C(C1C=CC(=CC=1)C)NC(=O)N2CC=C)(NC1CC1)=O,0.006064357352443039
C(=O)(CN(CC1=CC=CC=C1)C(=O)C1=CC=C(CCCCCC)C=C1)NC1=CC(C2C=CC=CC=2)=NN1C1C=CC(F)=CC=1,0.005407264339737594
N(C(=O)C1=CC=C(C=C1)OC)(C(C)C(=O)C1C(=C(C(=O)OCC)NC=1C)C)CCCOC,0.008668487262912094
N(C(=O)C1=CC=C(C=C1)OC)(C(C)C(=O)C1C(=C(C(=O)OC)NC=1C)C)CCOC,0.009491195133887232
N(C(=O)NC1C=CC=CC=1OC)(CC(N1N=C(CC1C1=CC(OC)=CC=C1OC)C1=C(F)C=CC=C1)=O)CCOC,0.004950471385382116
N(C(=O)C1CCC1)(CC(N1N=C(CC1C1C=CC2OCOC=2C=1)C1=C(F)C=CC=C1)=O)C,0.007613554783165455
C(C1COC2(CCC(C)CC2)N1C(=O)C1C=CC=C(Cl)C=1)(=O)N1CCN(CC1)C(C)=O,0.010262681334279478
C1(C(=O)N2CC(C(C3=CC=C(OC)C=C3)C2)C(=O)NCCCOC)=CC=C(C)C=C1,0.008069021860137582
C(C1COC2(CCC(C)CC2)N1C(C1C=CC=C(C=1)N(=O)=O)=O)(=O)NCC(C)C,0.006583673995919526
C(CCN1CC2=C(C1=O)C(C1C=CC(=CC=1)C)NC(=O)N2CC=C)(NC1=CC=C(C=C1)F)=O,0.005089306179434061
C1(NC(=O)N(CCOC)CC(=O)N(CCC2C=CC(OC)=C(OC)C=2)CC2=CC=C(C)O2)C=CC=CC=1C,0.005907323257997632
C12C(=CC=CC=1)CCN(C2)C(C1=CC2SC=C(Br)C=2N1CC1=CC=C(Br)C=C1)=O,0.011409868160262704
N(C(=O)CC)(C(C)C(=O)C1C(=C(C(=O)OCC)NC=1C)C)CCCOC,0.009504742012359202
N(C(=O)C1CC1)(C(C)C(=O)C1C(=C(C(=O)OC)NC=1C)C)CCOC,0.010774225229397416
C1(C(=O)NCC2N(C(NC3=CC=CC=C3)=O)CCC3C2=CC(OC)=C(OC)C=3)=CC=CC=C1C,0.006073955958709121
C(C1COC2(CCC(C)CC2)N1C(C1C=CC=C(C=1)N(=O)=O)=O)(=O)NCCOC,0.0061894971644505855
C1(C(=O)N(C2CC2)CC(=O)N(CCC2C=CC(OC)=C(OC)C=2)CC2=CC=C(C)O2)C=CC=CC=1Cl,0.009712612116709351
N(CC1=CC=CO1)(C(=O)C1C[C@H]1C1C=CC=CC=1)CC(=O)NC1=CC(C(C)(C)C)=NN1C1C=CC(Cl)=C(Cl)C=1,0.006436360860243439
N(C(=O)C1CC1)(C(C)C(=O)C1C(=C(C(=O)OCC)NC=1C)C)CCCOC,0.009848913783207536
N(C(=O)C1=CC=C(C=C1)OC)(CC(N1N=C(CC1C1=CC=C(OC)C(OC)=C1)C1=C(OC)C=C(OC)C=C1)=O)CCOC,0.008361792610958218
N(C(C1=CC=C(C=C1)C(F)(F)F)=O)(CC(N1N=C(CC1C1=CC=C(OC)C(OC)=C1)C1=C(OC)C=C(OC)C=C1)=O)CCOC,0.006150950770825147
C(C1COC2(CCC(C)CC2)N1C(C1=CC=C(F)C=C1F)=O)(=O)N1CCN(CC1)C(C)=O,0.00930740989279002
C(C1COC2(CCC(C)CC2)N1C(C1C=CC=C(C=1)N(=O)=O)=O)(=O)NCC1CCCO1,0.007336593256331981
C1=C(C=CC=C1NC(=O)N(CCC)CC(N(CC1=CC=C(F)C=C1)CC1=CC=C(C)S1)=O)F,0.004425951023586094
O1C(CNC(C2=CC3SC=C(Br)C=3N2CC2CCC2)=O)=CC=C1,0.011179204005748034
N(C(=O)C1=CC=CC(OC)=C1)(C(C)C(=O)C1C(=C(C(=O)OCC)NC=1C)C)CCCOC,0.008357957541011273
O1C(CNC(C2=CC3SC(Br)=CC=3N2CC2C=CC=C(F)C=2)=O)=CC=C1,0.00627485157456249
N(C(=O)C1=CC=CC=C1F)(CC(N1N=C(CC1C1=CC=C(OC)C(OC)=C1)C1=C(OC)C=C(OC)C=C1)=O)CCOC,0.007690993300639093
C(C1COC2(CCC(C)CC2)N1C(=O)C1=CC=CC=C1C)(=O)NCC1CCCO1,0.011768126161769032
C(C1COC2(CCC(C)CC2)N1C(C1=CC(F)=CC(F)=C1)=O)(=O)NCCOC,0.007829318544827402
C(CCN1CC2=C(C1=O)C(C1=C(C(F)(F)F)C=CC=C1)NC(=O)N2CC=C)(NC1CC1)=O,0.005459228716790676
C1(S(=O)(=O)N(C(C)C)CC(N(CC2=CC=C3OCOC3=C2)CC2SC=CC=2C)=O)C=CC(=CC=1)Cl,0.005764294601976872
N(CC1=CC2OCOC=2C=C1)C(COC1C=C2N(CCC)C(=O)C=C(C)C2=CC=1)=O,0.007765098754316568
C1(=CC=CS1)C(=O)N(CC1CCCO1)CC1=CC(OS(=O)(=O)C2=CC(Cl)=C(C=C2)Cl)=C(OC)C=C1,0.007591885584406555
C1(C(=O)N(CC=C)CC(N(CC2=CC=C(F)C=C2)CC2=CC=C(C)S2)=O)C=CC(=CC=1)OC,0.008047603396698832
N1C(=O)C(CCC(=O)NCC2CCCCC2)=NNC=1C1=CC(=CC=C1)OC(C)C,0.006845929543487728
C1(=CC=CC=C1Cl)C(=O)N(CC1CCCO1)CC1=CC(OS(=O)(=O)C2=CC(Cl)=C(C=C2)Cl)=C(OC)C=C1,0.00947023550979793
N1C(=O)C(CCC(=O)NCCC2C=CC(OC)=CC=2)=NNC=1C1=CC(=CC=C1)OC(C)C,0.005272725061513483
C(N(CC1CCCO1)CC1=CC(OS(=O)(=O)C2=CC(Cl)=C(C=C2)Cl)=C(OC)C=C1)(CC(C)C)=O,0.00972547074779868
C1=C(C=CC=C1NC(=O)N(CC=C)CC(N(CC1=CC=C(F)C=C1)CC1=CC=C(C)S1)=O)F,0.004544573300518095
N1C(=O)C(CCC(=O)NCCOC2C=CC=CC=2)=NNC=1C1=CC(=CC=C1)OC(C)C,0.0045966662932187315
C(N(CC1CCCO1)CC1=CC(OS(=O)(=O)C2=CC(Cl)=C(C=C2)Cl)=C(OC)C=C1)(CC(C)(C)C)=O,0.009879414550960064
C(OCC)(=O)C1=CC=C(C=C1)NC(=O)N1CCN(CC1C)C(C1=CC2C=CSC=2N1CC1=CC=CC=C1C)=O,0.003936848242301494
C1(C(=O)N(C2CC2)CC(=O)N(CCC2C=CC(OC)=C(OC)C=2)CC2=CC=C(C)O2)=CC=CS1,0.009243194130249321
C1(=CC=CC=C1F)C(=O)N(CC1CCCO1)CC1=CC(OS(=O)(=O)C2=CC(Cl)=C(C=C2)Cl)=C(OC)C=C1,0.008175866631790995
C(N(CC1CCCO1)CC1=CC(OS(=O)(=O)C2=CC(Cl)=C(C=C2)Cl)=C(OC)C=C1)(=O)C1C=CC=C(F)C=1,0.007799331820569933
C(C(=O)N(CCOC)CC(=O)NC1=CC(C2C=CC=CC=2)=NN1C1=CC=CC=C1)C1=CC=C(C=C1)OC,0.006047806469723582
N(CC1=CC=C(F)C=C1)C(COC1C=C2N(CCC)C(=O)C=C(C)C2=CC=1)=O,0.006447054026648402
C(N(CC1CCCO1)CC1=CC(OS(=O)(=O)C2=CC(Cl)=C(C=C2)Cl)=C(OC)C=C1)(COC)=O,0.010089947655797005
C1(NC(=O)CN(CCC)C(=O)C2=CC=CC(=C2)N(=O)=O)=CC(C2C=CC=CC=2)=NN1C1=CC=C(F)C=C1,0.0032734621316194536
C(=O)(OCC)C1CCCN(C1)C(C1=CC(=CC=C1)NC1C(=O)N(C2C=CC(Cl)=CC=2)N=CC=1OCC)=O,0.005629242956638336
C(C(=O)N(CCCOC)CC(N(CC1=CC=C(F)C=C1)CC1=CC=C(C)S1)=O)CC1C=CC=CC=1,0.007140777376480401
N(C(=O)C1C=CC=C(F)C=1)(CC(=O)C1C(=C(C(=O)OC)N(C)C=1C)C)C1CCCCC1,0.013149122055619956
C(CCN(CC1=CC=CC=C1)C(C1=NOC(C2=CC(OC)=CC=C2OC)=C1)=O)(=O)NCCOC,0.006462692888453603
N(C(=O)C1C=CC(=CC=1)Cl)(CC(=O)C1C(=C(C(=O)OC)N(C)C=1C)C)C1CCCCC1,0.013393931230530143
N(C(=O)C1CC1)(C(C)C(=O)C1C(=C(C(OCC)=O)N(C)C=1C)C)CCOC,0.01672938745468855
N(C(=O)C1=CC=CC(OC)=C1)(CC(=O)C1C(=C(C(=O)OC)N(C)C=1C)C)C1CCCCC1,0.013746184483170509
N(C(=O)CC(C)C)(CC(=O)C1C(=C(C(=O)OC)N(C)C=1C)C)CC(C)C,0.018236939050257205
C1(=CC=CC=C1)CCNC(C(CC1C=CC=CC=1)N1CC2=C(C1=O)C(C1=C(C(F)(F)F)C=CC=C1)NC(=O)N2CC=C)=O,0.004405404592398554
N(S(=O)(=O)C1=CC=C(C=C1)F)(CC(=O)C1C(=C(C(=O)OC)N(C)C=1C)C)C1CCCCC1,0.00953164347447455
N(C(=O)C1C=CC(=CC=1)Cl)(CC(=O)C1C(=C(C(=O)OC)N(C)C=1C)C)CC(C)C,0.01365223815664649
C(CCN(CC1=CC=CO1)C(C1=NOC(C2=CC(OC)=CC=C2OC)=C1)=O)(=O)NCC1=CC2OCOC=2C=C1,0.0075287642423063515
C1(C(=O)N(C2CC2)CC2=NOC(C3=CC(OC)=C(OC)C(OC)=C3)=C2)=CC=C(C=C1)OC,0.011231274111196399
C(CCN(CC1=CC=CO1)C(C1=NOC(C2=CC(OC)=CC=C2OC)=C1)=O)(=O)N1CCC(CC1)C(OCC)=O,0.008136704214848578
N(C(=O)C1C=CC(=CC=1)Cl)(C(C)C(=O)C1C(=C(C(=O)OC)N(C)C=1C)C)CC(C)C,0.014140543295070529
C(N(CC(C)C)CC1=CC(OS(=O)(=O)C2C=CC(=CC=2)OC)=C(OC)C=C1)(C(C)C)=O,0.012463842192664743
N(C1C=CC=CC=1OC)C(N(C(C)CC)CC1=CC(=CC=C1OS(=O)(=O)C1=CC=C(C=C1)NC(C)=O)Cl)=O,0.004421572212595493
N(S(=O)(=O)C1=CC=CC=C1)(C(C)C(=O)C1C(=C(C(=O)OC)N(C)C=1C)C)CC(C)C,0.011922519048675894
C(N(CC1=CC=C(F)C=C1)CC1=C(OS(=O)(=O)C2C=CC(=CC=2)OC)C=CC=C1)(C)=O,0.008613756904378534
C1(NC(=O)N(C(C)CC)CC2C=CC(OS(=O)(=O)C3C=CC(=CC=3)OC)=CC=2)C=CC=CC=1OC,0.006411947542801499
C1(NC(=O)N(CC2=CC=C(F)C=C2)CC2=C(OS(=O)(=O)C3C=CC(=CC=3)OC)C=CC=C2)C=CC=CC=1OC,0.006017240160144865
C(C(=O)N(CC1C=CC=CC=1)CC(=O)N1CCCCC1C1=NC(C2C=CC(Cl)=CC=2)=NO1)(CCCC)CC,0.007727942010387778
N(C(=O)C1=CC=CO1)(CC(=O)C1C(=C(C(=O)OC)N(CC)C=1C)C)CC1CCCO1,0.013852189015597104
O(C1C=CC=CC=1)CC(=O)N1CCN(CC1C)C(C1=CC2C=CSC=2N1CC1C=CC=C(F)C=1)=O,0.005258067417889834
N(C(=O)C1C=CC=C(F)C=1)(CC(=O)C1C(=C(C(=O)OC)N(CC)C=1C)C)CC1CCCO1,0.010730427224189043
N(C(C)CC)(C(=O)C1C=CC=CC=1Cl)CC1=CC(=C(OC)C=C1)OS(=O)(=O)C,0.010994545416906476
C1(C(=O)N2CCN(CC2C)C(C2=CC3C=CSC=3N2CC2C=CC=C(F)C=2)=O)CCCC1,0.006243164930492639
N(C(=O)C1C=CC(=CC=1)Cl)(CC(=O)C1C(=C(C(=O)OC)N(CC)C=1C)C)CC1CCCO1,0.011040689423680305
C1(NC(=O)N(CC2C=CC=CC=2Cl)CC2ON=C(C3C=CC(Cl)=C(Cl)C=3)C2)C=CC=CC=1OC,0.0049616104224696755
N(C(=O)C1=CC=CC(OC)=C1)(CC(=O)C1C(=C(C(=O)OC)N(CC)C=1C)C)CC1CCCO1,0.011964330822229386
N(CC1=CC=CO1)(C(=O)C1C=CC=CC=1Cl)CC1=CC=CC(=C1)OS(=O)(=O)C1C=CC(=CC=1)F,0.008279525395482778
C(N(C(C)CC)CC1=CC(=CC=C1OS(=O)(=O)C1=CC=C(C=C1)NC(C)=O)Cl)(=O)C1C=CC=C(F)C=1,0.005479206237941981
O(CC1=CC=CC=C1)CC(=O)N1CCN(CC1C)C(C1=CC2C=CSC=2N1CC1=CC=CC=C1C)=O,0.006665626750327646
C(N(CCOC)CC1C=CC(OS(=O)(=O)C2=CC=C(C=C2)NC(C)=O)=CC=1)(C(C)C)=O,0.007785194157622755
C(N(C(C)CC)CC1=CC(=CC=C1OS(=O)(=O)C1=CC=C(C=C1)NC(C)=O)Cl)(COC)=O,0.006378528149798513
C1(S(=O)(=O)N(CC(C)C)CC(=O)N(CCC2=CC=CC=C2)CC2=CC=C(C)O2)C=CC=CC=1,0.009619830641895533
N(C1=CC(=CC=C1)C1C(C(=O)OC)=C(C)N(CC)C(=S)N1)C(=O)NC1C=CC=C(Cl)C=1Cl,0.00652229068800807
C(C(=O)N(CC1C=CC=CC=1Cl)CC1ON=C(C2C=CC=CC=2C)C1)C(C)C,0.011721947649493813
N(C(C)(C)C)C(N(C(C)CC)CC1=CC(=CC=C1OS(=O)(=O)C)Cl)=O,0.006054173829033971
C(CN(CCCC)C(=O)NC1=CC=CC=C1F)(=O)NC1=C(C(=NN1C1=CC=C(C)C=C1)C)C1C=CC=CC=1,0.004548129730392247
C1(C(=O)N(CC2C=CC=C(Cl)C=2)CC2ON=C(C3C=CC=C(F)C=3)C2)=CC=CO1,0.008043371164239943
C(N(C(C)C)CC1=C(OS(=O)(=O)C(C)C)C=CC=C1)(C1CCC1)=O,0.013075687736272813
C1(NC(=O)N(CC2CC2)CC(=O)N(CCC2=CC=CC=C2)CC2=CC=C(C)O2)C=CC(=CC=1)C,0.00729932093527168
C(F)(F)(F)C1=CC=CC(=C1)C(=O)N(CC1=CC=CO1)CC(=O)NC1=CC(C2C=CC=CC=2)=NN1C1=CC=CC=C1,0.0047951337415725
N(CC)C(N(CCOC)CC1=CC(=CC=C1OS(=O)(=O)C)Cl)=O,0.004301434790249914
C(N(C(C)C)CC1=C(OS(=O)(=O)CC)C=CC=C1)(C(C)C)=O,0.01258507282473147
N(C1C=CC(=CC=1)C1C(C(=O)OCCOC)=C(C)N(C)C(=S)N1)C(=O)NC1C=CC=CC=1OC,0.005679457169026137
C1(C(=O)N(CCOC)CC(=O)NC2=CC(C3C=CC=CC=3)=NN2C2=CC=CC=C2)C=CC(CCCC)=CC=1,0.006555431103333831
C(NC(=O)N(CC1C=CC=C(F)C=1)CC1ON=C(C1)C1=CC=C(OC)C=C1)(C)(C)C,0.005149484367575496
C(NC(=O)N(CC1C=CC=CC=1)CC1ON=C(C2C=CC=CC=2C)C1)(C)(C)C,0.007479789946228266
C1(=CC=CS1)C(=O)N(CC1=CC(=CC=C1OS(=O)(=O)CC)Cl)CCOC,0.007208001636900008
N(C1=CC(=CC=C1)C1C(C(=O)OC(C)C)=C(C)N(CC)C(=S)N1)C(=O)NC1C=CC=C(OC)C=1,0.007022057403810322
C1(C(=O)N(CCCCC)CC(=O)NC2=CC(C3C=CC=CC=3)=NN2C2=CC=CC=C2)C=CC=CC=1F,0.005766766471788287
C(N(CC1=CC=CO1)CC1=C(OS(=O)(=O)C)C=CC=C1)(=O)C1C=CC=C(F)C=1,0.009298920026049018
N(C1=CC(=CC=C1)C1C(C(=O)OCC(C)C)=C(C)N(CC)C(=S)N1)C(=O)NC1=CC=CC=C1CC,0.008455507573671639
C1(C(=O)N(CCCCC)CC(=O)NC2=CC(C3C=CC=CC=3)=NN2C2=CC=CC=C2)C=C(OC)C=C(OC)C=1,0.0052899861009791495
N(C1C=C(Cl)C=CC=1C1OC2C=C(C=CC=2N=1)C)C(=O)C1=CC=CC=C1F,0.004594837955664843
C1(C(=O)N(CC2C=CC=CC=2Cl)CC2ON=C(C3C=CC=C(F)C=3)C2)CCCC1,0.008858363586477935
C1(=CC=CC=C1Cl)C(=O)N(CC1=CC(=CC=C1OS(=O)(=O)CC)Cl)C(C)C,0.010203508008271456
C(C(=O)NC(C)C1ON=C(C2=CC=CC(Cl)=C2)N=1)C(C)C,0.007068758993409574
C1(C(=O)NC(C)C2ON=C(C3=CC=CC(Cl)=C3)N=2)=CC=CC=C1,0.0056124490452930335
C(N(CCOC)CC1=CC(=CC=C1OS(=O)(=O)C1=CC=C(C=C1)NC(C)=O)Cl)(=O)C1C=CC=C(F)C=1,0.005210942972917109
C1(C(=O)NC(C)C2ON=C(C3=CC=CC(Cl)=C3)N=2)C=CC=C(F)C=1,0.005029312951955944
C(C(=O)NCC1ON=C(C2=CC=CC(Cl)=C2)N=1)C(C)C,0.006599216908216477
O(CC1=CC=CC=C1)CC(=O)NCC1ON=C(C2=CC=CC(Cl)=C2)N=1,0.005748408287763596
C1(C(F)(F)F)C=C(C=CC=1)COC1C[C@](OCC2C=CC=CC=2F)(C(NC(C)C)=O)C[C@H]2OC(C)(C)O[C@H]21,0.006514714146032929
C1(C(=O)NCC2ON=C(C3=CC=CC(Cl)=C3)N=2)C=CC=CC=1Cl,0.0057260689558461305
C1C=CC=C(C#N)C=1COC1C[C@](OCC2=CC=CC(C(F)(F)F)=C2)(C(NC)=O)C[C@H]2OC(C)(C)O[C@H]21,0.0057230352656915786
C(C1=CC(OS(=O)(=O)C2C=CC(=CC=2)OC)=C(OC)C=C1)N(C(NC(C)(C)C)=O)CCOC,0.007147851027548313
C1(C(=O)NC(C)C2ON=C(C3=CC=CC(Cl)=C3)N=2)CCCC1,0.008210726524703204
C1(=CC=CC=C1Cl)C(=O)N(CC1CCCO1)CC1=CC(OS(=O)(=O)C)=C(OC)C=C1,0.010218756226822733
O(CC1=CC=CC=C1)CC(=O)NC(C)C1ON=C(C2=CC=CC(Cl)=C2)N=1,0.006242872728034854
C(C1=CC(OS(=O)(=O)C2=CC=C(C=C2)NC(C)=O)=C(OC)C=C1)N(C(NCC)=O)CCOC,0.005943011492490768
C1(C(=O)NC(C)C2ON=C(C3=CC=CC(Cl)=C3)N=2)C=CC(C)=CC=1,0.0061717383097857235
C1(C(=O)NCC2ON=C(C3=CC=CC(Cl)=C3)N=2)CCC1,0.007395346183329821
C1(C(=O)NC(C)C2ON=C(C3=CC=CC(Cl)=C3)N=2)CC1,0.007157866354100406
C(C(=O)NC(C)C1ON=C(C2=CC=CC(Cl)=C2)N=1)=CC1C=CC=CC=1,0.006459993100725115
C1(C(=O)NCC2ON=C(C3=CC=CC(Cl)=C3)N=2)=CC=CS1,0.004185711301397532
C(N(C(C)C)CC1=CC(=CC=C1OS(=O)(=O)C1C=CC(=CC=1)OC)Cl)(CC(C)(C)C)=O,0.010513240937143564
C(C)(C)(C)CC(=O)NC(C)C1ON=C(C2=CC=CC(Cl)=C2)N=1,0.0076125658117234705
C(N(C(C)C)CC1C=C(OS(=O)(=O)C2=CC=C(C=C2)NC(C)=O)C=CC=1)(C(C)C)=O,0.008573829801753164
C1(C(=O)N(CC(C)C)CC2=CC=CC(=C2)OS(C2C=CC=C(C=2)C(F)(F)F)(=O)=O)C=CC=CC=1Cl,0.007442029635421931
N(CCOC)(C(NC(C)(C)C)=O)CC1=CC=CC(=C1)OS(=O)(=O)C1C=CC(=CC=1)F,0.005311988643370569
C(N(CC(C)C)CC1=CC(OS(=O)(=O)C2C=CC(=CC=2)OC)=C(OC)C=C1)(COC)=O,0.01190097713842988
C1(=CC=CS1)C(=O)N(CC1=CC=C(F)C=C1)CC1=C(OS(=O)(=O)C2C=CC(=CC=2)OC)C=CC=C1,0.007286486565135419
C1(=CC=CC=C1F)C(=O)N(CC1CC1)CC1=CC(OS(=O)(=O)C)=C(OC)C=C1,0.010888283420354129
N1=C(SCC2=CC=C(C=C2)C)N(C)C(=O)C(CC2C=CC=C(F)C=2)=C1C,0.009683985961601138
C(C(=O)N(CC(C)C)CC1=CC=CC(=C1)OS(C1C=CC=C(C=1)C(F)(F)F)(=O)=O)C(C)C,0.008435249933972955
C(N(CCOC)CC1C=CC(OS(=O)(=O)C2=CC=C(C=C2)NC(C)=O)=CC=1)(=O)C1C=CC=C(F)C=1,0.005735001782886684
C(C1=CC(OS(=O)(=O)C2C=CC(=CC=2)OC)=C(OC)C=C1)N(C(NCC)=O)CC(C)C,0.007679191255010665
C(N(CC1=CC=C(F)C=C1)CC1=C(OS(=O)(=O)C2C=CC(=CC=2)OC)C=CC=C1)(CC(C)(C)C)=O,0.009066081047058106
C(NC(=O)N(CC1C=CC=CC=1)CC1ON=C(C2C=CC(=CC=2)C)C1)(C)C,0.007141831191256642
C(N(CC1CC1)CC1=CC(OS(=O)(=O)C)=C(OC)C=C1)(COC)=O,0.01202032989822328
C(C)(C)(C)CC(=O)N(CC(C)C)CC1=CC=CC(=C1)OS(C1C=CC=C(C=1)C(F)(F)F)(=O)=O,0.008683395851403476
C(N(CCOC)CC1C=CC(OS(=O)(=O)C2=CC=C(C=C2)NC(C)=O)=CC=1)(COC)=O,0.007305320748127997
C1(C(=O)N(CC2=CC=CO2)CC2=CC(=C(OC)C=C2)OS(=O)(=O)C)C=CC=C(F)C=1,0.009890767093747855
C(NC(=O)N(CC1=CC=C(C=C1)F)CC1ON=C(C2C=CC(=CC=2)C)C1)(C)(C)C,0.0061173932394012805
C(C1=CC(OS(=O)(=O)C)=C(OC)C=C1)N(C(NC(C)(C)C)=O)CC1CC1,0.007917580544017255
C(N(CC(C)C)CC1=C(OS(=O)(=O)C2=CC=C(C=C2)F)C=CC=C1)(CC(C)C)=O,0.009585113544017077
C1(C(=O)N(CC(C)C)CC2=CC=CC(=C2)OS(C2C=CC=C(C=2)C(F)(F)F)(=O)=O)C=CC=CC=1F,0.007550761825405062
C(N(C(C)CC)CC1=C(OS(=O)(=O)C2=CC=C(C=C2)NC(C)=O)C=CC=C1)(CC(C)(C)C)=O,0.009125557634979487
C(C1=CC(OS(=O)(=O)C)=C(OC)C=C1)N(C(NCC)=O)CC1CC1,0.007194828381761909
C1(C(=O)N(CC(C)C)CC2=CC=CC(=C2)OS(C2C=CC=C(C=2)C(F)(F)F)(=O)=O)=CC=CO1,0.00937495967373252
C1(C(=O)N(CC(C)C)CC2=CC=CC(=C2)OS(C2C=CC=C(C=2)C(F)(F)F)(=O)=O)C=CC=C(F)C=1,0.0073405902599915866
C1(=CC=CC=C1F)C(=O)N(C(C)CC)CC1=C(OS(=O)(=O)C2=CC=C(C=C2)NC(C)=O)C=CC=C1,0.006138405855745077
C1(=CC=CO1)C(=O)N(C(C)CC)CC1C=CC(OS(C2=C(Cl)C=CC=C2C)(=O)=O)=CC=1,0.011351094720885158
C1(OC)C=C(CCNC(C2=C(C)C(=C(C)N2CC2=CC=CC=C2C)CC)=O)C=CC=1OC,0.012061838898807764
C1(=CC=CO1)C(=O)N(CC1CCCO1)CC1=CC(OS(=O)(=O)C2=CC(Cl)=C(C=C2)Cl)=C(OC)C=C1,0.0099072203040123
C(C(=O)N(CC(C)C)CC1=CC=CC(=C1)OS(C1C=CC=C(C=1)C(F)(F)F)(=O)=O)(C)C,0.008844788395799696
C(C(=O)N(CC(C)C)CC1=CC=CC(=C1)OS(C1C=CC=C(C=1)C(F)(F)F)(=O)=O)OC,0.007712587201967836
C1(=CC=CC=C1Cl)C(=O)N(C1CC1)CC1=CC(OS(=O)(=O)CC)=C(OC)C=C1,0.011058302596211433
C(N(C(C)CC)CC1=C(OS(=O)(=O)C2C=CC(=CC=2)OC)C=CC=C1)(=O)C1C=CC=C(F)C=1,0.009208043618127704
C(N(CC1CCCO1)CC1=CC(OS(=O)(=O)C2=CC(Cl)=C(C=C2)Cl)=C(OC)C=C1)(C)=O,0.009867331851273775
C(CCOC1=CC=C(C=C1)C(=O)N(CC1C=CC=CC=1)CC(=O)N1CCCCC1C1=NC(C2C=CC(Cl)=CC=2)=NO1)C,0.005206336220726371
C1(C(=O)N(CC(C)C)CC2=CC=CC(=C2)OS(C2C=CC=C(C=2)C(F)(F)F)(=O)=O)CCC1,0.007976598781533539
C(N(C(C)CC)CC1=C(OS(=O)(=O)C2C=CC(=CC=2)OC)C=CC=C1)(COC)=O,0.010824554227292537
C1(=CC=CC=C1Cl)C(=O)N(CC1CC1)CC1=CC(OS(=O)(=O)C)=C(OC)C=C1,0.01087726284749806
C(N(CC1CCCO1)CC1=CC(OS(=O)(=O)C2=CC(Cl)=C(C=C2)Cl)=C(OC)C=C1)(C(C)C)=O,0.01041306834667921
C1(C(=O)N(CC(C)C)CC2=CC=CC(=C2)OS(C2C=CC=C(C=2)C(F)(F)F)(=O)=O)=CC=CS1,0.007025015028193593
C(N(CC1=CC=C(F)C=C1)CC1=C(OS(=O)(=O)C2C=CC(=CC=2)OC)C=CC=C1)(C(C)C)=O,0.010164140490815043
C(N(CC1CC1)CC1=CC(OS(=O)(=O)C)=C(OC)C=C1)(CC(C)(C)C)=O,0.013330030767247081
C(N(CC1CCCO1)CC1=CC(OS(=O)(=O)C2=CC(Cl)=C(C=C2)Cl)=C(OC)C=C1)(C1CCC1)=O,0.009541572211310268
C(C(=O)N(CC1C=CC=C(Cl)C=1)CC1ON=C(C2C=CC=CC=2C)C1)C,0.010965437861159444
S(C1C(C2=C(Cl)C=CC=C2)N(C)OC1)(N1CCCCC1)(=O)=O,0.0015970447915606202
C1(S(N2CCC(C(=O)OCC)CC2)(=O)=O)C(C2=C(F)C(F)=CC=C2)N(C)OC1,0.0019594840181525798
N(C(=O)C1=CC=C(C=C1)F)(C(C)C(=O)C1C(=C(C(=O)OC)NC=1C)C)CC,0.009082424477674067
C1(C(=O)NCC2N(C(NC(C)C)=O)CCC3C2=CC(OC)=C(OC)C=3)=CC=C(C=C1)OC,0.006773096485994756
C(OCC)(=O)C1CN(CCC1)C(C1=CC2SC=CC=2N1CC1C=CC=C(C)C=1)=O,0.008494673087261618
C(C(=O)NC1=CC(=CC=C1)N1CCCN(CC2=C(C)C=CC=C2)C1=O)C1=CC=CS1,0.004795768216717988
C1(NC(=O)N(CC)CC2=NOC(C3=CC(OC)=CC=C3)=C2)=CC=CC=C1,0.005167694110423326
C(C(=O)NC1=CC(=CC=C1)N1CCCN(CC2C=CC=C(C)C=2)C1=O)C1=CC=CS1,0.004800470313057303
C1(=CC=CS1)C(=O)N(C1CC1)CC1=C(OS(=O)(=O)C2C=CC(=CC=2)OC)C=CC=C1,0.008855147659778595
N(CC)C(N(CCOC)CC1=CC(=CC=C1OS(=O)(=O)C1=CC=C(C=C1)F)Cl)=O,0.004747658036649227
O=C(C(C)N1C2C(C(=O)N(C3C=CC=C(OC)C=3)C1=O)=CC=C(C=2)Cl)NC(C)CC,0.005592106189578771
N(CCOC)C(CN1C2C(C(=O)N(C3C=CC(C)=C(C)C=3)C1=O)=CC=C(C=2)Cl)=O,0.004102870321366936
C1CCCN1C(C1=CC=C(C=C1)NC1C(=O)N(C)N=CC=1OC1=CC2OCOC=2C=C1)=O,0.00625305506400764
C1C=CC=C(C#N)C=1COC1C[C@](OCC2C=CC=C(C)C=2)(C(NCC)=O)C[C@H]2OC(C)(C)O[C@H]21,0.008522052271291613
C(CC(C)C)NC(C(CC(C)C)N1CC2=C(C1=O)C(C1=C(C(F)(F)F)C=CC=C1)NC(=O)N2CC=C)=O,0.0061139818513765935
C1(CC1)CNC(C(CC(C)C)N1CC2=C(C1=O)C(C1=C(C(F)(F)F)C=CC=C1)NC(=O)N2CC=C)=O,0.005656852386891842
C1(C(=O)NCC2N(C(NC3=CC=CC=C3F)=O)CCC3C2=CC(OC)=C(OC)C=3)=CC=CS1,0.00463360536377877
N(CC1=CC=C(F)C=C1)C(CN1C2C(C(=O)N(C3C=CC=C(OC)C=3)C1=O)=CC=C(C=2)Cl)=O,0.004593350260984152
C(C1=CC(OS(=O)(=O)C(C)C)=C(OC)C=C1)N(C(NC1C=CC=CC=1OC)=O)C(C)CC,0.00788921017665416
C1(C(=O)NCC2N(C(NC(C)(C)C)=O)CCC3C2=CC(OC)=C(OC)C=3)=CC=C2OCOC2=C1,0.006699922611005604
C1(C(=O)N(C2CC2)CC(N(CC2=CC=C(F)C=C2)CC2=CC=C(C)S2)=O)CC1,0.010242746770381927
C1(=CC=CO1)C(=O)N(CC1=CC=C(F)C=C1)CC1C=C(OS(=O)(=O)C2C=CC(=CC=2)OC)C=CC=1,0.009680872410535812
C(C(=O)NCC1N(C(NC2=CC=CC=C2F)=O)CCC2C1=CC(OC)=C(OC)C=2)C1C=CC=CC=1,0.005071577918715775
N(CC1=CC=CO1)(C(=O)COC)CC1=CC=CC(=C1)OS(=O)(=O)C1C=CC(=CC=1)F,0.008414394408464431
C(NC(=O)N(CC1=CC=C(F)C=C1)CC1C=C(OS(=O)(=O)C2C=CC(=CC=2)OC)C=CC=1)(C)(C)C,0.00585872083902359
C(C(=O)N1CCN(CC1C)C(C1=CC2C=COC=2N1C(C)C1=CC=CC=C1)=O)C1C=CC=CC=1,0.009185748873278499
C(NC(=O)N(CCOC)CC1C=C(OS(=O)(=O)C2=CC=C(C=C2)F)C=CC=1)(C)C,0.0051551142008975145
C(N(CCOC)CC1=CC(OS(=O)(=O)C2C=CC(=CC=2)OC)=C(OC)C=C1)(=O)C1C=CC=C(F)C=1,0.009360740892589092
C1(=CC=CO1)C(=O)N(CCOC)CC1=CC(OS(=O)(=O)C2=CC=C(C=C2)NC(C)=O)=C(OC)C=C1,0.008563031116500497
C1(=CC=CC=C1Cl)C(=O)N(CC1=CC=CO1)CC1=CC(=CC=C1OS(=O)(=O)C)Cl,0.009463747637346387
O=C(CN1C2C(C(=O)N(C3=CC=CC(Cl)=C3)C1=O)=CC=C(C=2)Cl)NC(C)C1=CC=CC=C1,0.005129060859326273
C(N(CC1CCCO1)CC1C=C(OS(=O)(=O)C2C=CC(=CC=2)OC)C=CC=1)(CC(C)(C)C)=O,0.010380272520706058
C(N(CCOC)CC1C=C(OS(=O)(=O)C2C=CC(=CC=2)OC)C=CC=1)(COC)=O,0.010236883861944079
C(NC(=O)N(CC(C)C)CC1C=CC(OS(=O)(=O)C2C=CC(=CC=2)OC)=CC=1)(C)C,0.007558246375992894
C(N(CCOC)CC1=CC(OS(=O)(=O)C2C=CC(=CC=2)OC)=C(OC)C=C1)(C)=O,0.010980466706678271
C(NC(=O)N(C(C)CC)CC1=C(OS(=O)(=O)C2C=CC(=CC=2)OC)C=CC=C1)C,0.006911616260185838
C(NC(=O)N(CC(C)C)CC1C=C(OS(=O)(=O)C2C=CC(=CC=2)OC)C=CC=1)C,0.006906509818509221
C(N(C(C)CC)CC1C=CC(OS(=O)(=O)C2C=CC(=CC=2)OC)=CC=1)(C1CCC1)=O,0.01188582913018763
C(C(=O)N(CC1=CC=C(C=C1)F)CC1ON=C(C2C=CC=CC=2C)C1)C,0.009254220803268254
N(CCOC)(C(=O)C1CCC1)CC1=CC(=C(OC)C=C1)OS(=O)(=O)C1C=CC(=CC=1)F,0.010039449436590075
C(N(CC1=CC=C(F)C=C1)CC1=C(OS(=O)(=O)C2C=CC(=CC=2)OC)C=CC=C1)(CC(C)C)=O,0.00889585493132472
C1(=C(F)C=CC=C1)C(=O)N(C(C)CC)CC1C=C(OS(=O)(=O)C2C=CC(=CC=2)OC)C=CC=1,0.009403780614957214
C1(=CC=CO1)C(=O)N(CC1=CC=CO1)CC1=CC(=CC=C1OS(=O)(=O)CC)Cl,0.011250517284497618
N(CC1C=CC=CC=1F)(C(=O)CC(C)C)CC1ON=C(C1)C1=CC=CC=C1,0.009591845446266234
C(C(=O)N(CC1C=CC=CC=1F)CC1ON=C(C2C=CC=CC=2C)C1)C(C)C,0.010144831892102957
C(N(C(C)CC)CC1=CC(OS(=O)(=O)C2=CC=C(C=C2)NC(C)=O)=C(OC)C=C1)(C)=O,0.00894014909863472
C(C1=CC(OS(=O)(=O)C2=CC=C(C=C2)NC(C)=O)=C(OC)C=C1)N(C(NCC)=O)CC1CCCO1,0.005790243437513709
C1(=CC=CC=C1F)C(=O)N(CC1=CC=CO1)CC1=CC(=CC=C1OS(=O)(=O)C)Cl,0.008328631892800331
C(N(CC1=CC=C(F)C=C1)CC1C=CC(OS(=O)(=O)C2C=CC(=CC=2)OC)=CC=1)(CC(C)C)=O,0.008715879800729454
N(CC=C)(C(=O)NC(C)(C)C)CC(=O)C1C(=C(C(=O)OCC)NC=1C)C,0.007239837804809213
C1(=CC=CC=C1F)C(=O)N(C(C)C)CC1=C(OS(=O)(=O)C2C=CC(=CC=2)OC)C=CC=C1,0.009841488115489483
C(C(C)N1CC2=C(C1=O)C(C1=C(C(F)(F)F)C=CC=C1)NC(=O)N2CC)(N(CC)C)=O,0.006590424547903239
C(N(CC(C)C)CC1=C(OS(=O)(=O)C2C=CC(=CC=2)OC)C=CC=C1)(CC(C)C)=O,0.012289424892514944
C1(=CC=CC=C1F)C(=O)N(CC1=CC=C(F)C=C1)CC1=CC(OS(=O)(=O)CC)=C(OC)C=C1,0.00998300090432167
N(CC1=CC=C(F)C=C1F)(C(=O)CC)CC1ON=C(C1)C1=CC=CC=C1,0.0077240615850314494
C(NC(=O)N(CC(C)C)CC1=C(OS(=O)(=O)C2C=CC(=CC=2)OC)C=CC=C1)(C)C,0.0077069915598258374
C1(=CC=CC=C1F)C(=O)N(CCOC)CC1=CC(OS(=O)(=O)C(C)C)=C(OC)C=C1,0.011305882409214974
C1(=CC=CC=C1Cl)C(=O)N(CC(C)C)CC1C=CC(OS(=O)(=O)C(C)C)=CC=1,0.011172529589384795
C1(=CC=CS1)C(=O)N(CC1=CC=C(F)C=C1)CC1=CC(OS(=O)(=O)C2=CC=C(C=C2)F)=C(OC)C=C1,0.007377412379719317
C1(NC(=O)N(CC(C)C)CC2C=CC(OS(=O)(=O)C(C)C)=CC=2)C=CC=CC=1OC,0.007596719544380903
O(C)CCNC(C1=CC=C(CN2C(=NC(C3C=CC=C(C=3)C(F)(F)F)=O)SC=C2)C=C1)=O,0.005245759687386453
C(CCN(CC1=CC=CC=C1)C(C1=NOC(C2=CC(OC)=CC=C2OC)=C1)=O)(=O)N(CC)C,0.009436001069843769
N(C(=O)C1=CC=CC(OC)=C1)(CC(=O)C1C(=C(C(=O)OC)N(C)C=1C)C)CC1CCCO1,0.013244065921753645
N(C(=O)C1CC1)(CC(=O)C1C(=C(C(=O)OC)N(C)C=1C)C)CCCOCC,0.01355381179600954
N(C(=O)C1=CC=C(C=C1)F)(CC(=O)C1C(=C(C(=O)OC)N(C)C=1C)C)CCC(C)C,0.013683143723756074
N(C(=O)C1CCC1)(CC(=O)C1C(=C(C(=O)OC)N(C)C=1C)C)CCC(C)C,0.016470360523089766
N(S(=O)(=O)C1=CC=C(C)C=C1)(CC(=O)C1C(=C(C(=O)OC)N(C)C=1C)C)CCCOCC,0.009510235954076051
C(CCN(CC(C)C)C(C1=NOC(C2=CC(OC)=CC=C2OC)=C1)=O)(=O)N(CC)C,0.011791674140840768
C(CCN(CCOC)C(C1=NOC(C2=CC(OC)=CC=C2OC)=C1)=O)(=O)N1CCCCC1,0.008700441149994732
N(C(=O)C1=CC=CS1)(CC(=O)C1C(=C(C(=O)OC)N(C)C=1C)C)CCCOC,0.011718633119016886
C(CCN(CC1CCCO1)C(C1=NOC(C2=CC(OC)=CC=C2OC)=C1)=O)(=O)N(CC1=CC=CC=C1)C,0.008848302951082587
N(C(=O)C1CCCC1)(CC(=O)C1C(=C(C(=O)OC)N(C)C=1C)C)CCCOC,0.014601862570270897
C(CCN(CC1=CC=CC=C1)C(C1=NOC(C2=CC(OC)=CC=C2OC)=C1)=O)(=O)NCC1=CC=CO1,0.00758726978674531
C(CCN(CCOC)C(C1=NOC(C2=CC(OC)=CC=C2OC)=C1)=O)(=O)NCC1=CC=CO1,0.008518692245706916
N(C(=O)C1=CC=C(C=C1)OC)(CC(=O)C1C(=C(C(=O)OC)N(C)C=1C)C)C1CCCCC1,0.013860100042074918
C(CCN(CC1=CC=CC=C1)C(C1=NOC(C2=CC(OC)=CC=C2OC)=C1)=O)(=O)N(CC1=CC=CC=C1)C,0.008533633965998887
N(C(=O)C1=CC=C(C=C1)OC)(CC(=O)C1C(=C(C(=O)OC)N(C)C=1C)C)CC1CCCO1,0.013485146127641201
N(C(=O)C1=CC=C(C)C=C1)(CC(=O)C1C(=C(C(=O)OC)N(C)C=1C)C)C1CCCCC1,0.015632601780816914
C(C1=C(C)C=C(C)N1CC1C=CC=CC=1F)(NCC1=CC=C(F)C=C1)=O,0.006263739499263466
N(CC1C=CC=C(C=1)C(F)(F)F)C(CN1C2C(C(=O)N(C3=CC=CC(C)=C3)C1=O)=CC=C(C=2)Cl)=O,0.003931207966525107
N(C(C)CC)(C(=O)C1C=CC=CC=1Cl)CC1=CC(=C(OC)C=C1)OS(=O)(=O)CC,0.012090070405974984
N(C1C=CC(OC)=C(OC)C=1)C(CN1C2C(C(=O)N(C3C=CC(C)=C(Cl)C=3)C1=O)=CC=CC=2)=O,0.004714673000853509
C(NC(=O)N(C(C)CC)CC1C=C(OS(=O)(=O)C2=CC=C(C=C2)NC(C)=O)C=CC=1)(C)(C)C,0.005817698081955314
O=C(CN1C2C(C(=O)N(C3=CC=CC(Cl)=C3)C1=O)=CC=C(C=2)Cl)NCC1C=CC=C(C=1)C(F)(F)F,0.0041638155933469536
N(CC(C)C)(C(=O)C1C=CC=CC=1F)CC1=CC(=C(OC)C=C1)OS(=O)(=O)CC,0.011891616880893708
C1(=CC=CO1)C(=O)N(C(C)C)CC1=CC(OS(=O)(=O)C2C=CC(=CC=2)OC)=C(OC)C=C1,0.011842727474868298
N(C(=O)C1C=CC(=CC=1)Cl)(C(C)C(=O)C1C(=C(C(=O)OC)NC=1C)C)CCC(C)C,0.01027318392880261
N(C(=O)C1=CC=C(C=C1)F)(C(C)C(=O)C1C(=C(C(=O)OC)NC=1C)C)CC1CCCCC1,0.009592886525206267
N(C(=O)C1C=CC(=CC=1)Cl)(C(C)C(=O)C1C(=C(C(OCC)=O)N(CC)C=1C)C)C1CC1,0.012569787865504622
N(C(=O)C1=CC=C(C=C1)OC)(C(C)C(=O)C1C(=C(C(=O)OC)NC=1C)C)CC1CCCCC1,0.009791482752189041
N(C(=O)C1CC1)(C(C)C(=O)C1C(=C(C(=O)OC)NC=1C)C)CC1CCCCC1,0.01171550415456295
N(C(=O)C1C=CC=CC=1)(C(C)C(=O)C1C(=C(C(OCC)=O)N(CC)C=1C)C)C1CC1,0.014651655219495296
N(C(=O)C1C=CC(=CC=1)Cl)(C(C)C(=O)C1C(=C(C(=O)OC)NC=1C)C)CC1CCCCC1,0.009514146437868475
N(C(=O)C1C=CC=C(F)C=1)(C(C)C(=O)C1C(=C(C(OCC)=O)N(CC)C=1C)C)C1CC1,0.01240171086974442
N(C(=O)C1=CC=CC=C1Cl)(C(C)C(=O)C1C(=C(C(OCC)=O)N(CC)C=1C)C)C1CC1,0.012994240783154965
C(N(CC1=CC=CO1)CC1C=CC(OS(=O)(=O)C(C)C)=CC=1)(C(C)C)=O,0.012782739894464611
C(N(C(C)C)CC1=CC(=CC=C1OS(=O)(=O)C)Cl)(COC)=O,0.008186703035607933
N(C1C=CC=CC=1F)C(COC1C=C2N(CC3CCC3)C(=O)C=C(C(F)(F)F)C2=CC=1)=O,0.0060612977715209125
N1=C(SCC2=CC=CC=C2C)N(C)C(=O)C(CC2=CC=CC(OC)=C2)=C1C,0.012694123946130276
C(N(CC1CCCO1)CC1=CC(=CC=C1OS(=O)(=O)C)Cl)(CC(C)(C)C)=O,0.00949538522399962
N1=C(SCC2=C(F)C=CC=C2)N(C)C(=O)C(CC2=C(C)C=CC=C2)=C1C,0.00949219586327672
C12=CC(CNC(C3=C(C)C4=C(CCCC4)N3CC3=CC=CC=C3C)=O)=CC=C1OCO2,0.012075593369081617
O(C1C(=CC(C)=CC=1)C1OC2C=CC=C(C)C=2N=1)S(=O)(=O)CCC,0.007739066448993981
C(N(C(C)C)CC1C=CC(OS(=O)(=O)C2C=CC(=CC=2)OC)=CC=1)(COC)=O,0.010395327117294073
C(C1C(C(C)C)=NN(C2=CC=C(C)C=C2)C=1C(C)C)(NCC1CCCO1)=O,0.010768667096272111
C(N(C1CC1)CC1C=CC(OS(=O)(=O)C2C=CC(=CC=2)OC)=CC=1)(C1CCC1)=O,0.011721329018473624
C(F)(F)(F)C1=CC=CC(CNC(C2=C(C)C(=C(C)N2CC2C=CC=CC=2F)C)=O)=C1,0.005875492235645652
N(CCC1=CC=CC=C1)C(COC1C=C2N(CC3CCC3)C(=O)C=C(C(F)(F)F)C2=CC=1)=O,0.005788517720066011
C1C(OC)=C(CCNC(C2=CC3SC=C(Br)C=3N2CC)=O)C=CC=1,0.00856466917321086
C1(C(=O)N(C(C)(C)C)CC(=O)N(CC2=CC=C(F)C=C2)CC2=CC=C(C)S2)=CC=CO1,0.009670529700815677
C(CN(CCC)C(=O)NC1C=CC(C)=C(C)C=1)(=O)NC1=C(C(=NN1C1=CC=C(C)C=C1)C)C1C=CC=CC=1,0.004587726073805243
C(CN(CCCC)C(=O)CCC1C=CC=CC=1)(=O)NC1=CC(=NN1C1C=CC(C)=CC=1C)C(C)(C)C,0.008133000088855624
C(CN(CC(C)C)C(=O)NC1=CC=CC2=CC=CC=C12)(=O)NC1=CC(=NN1C1C=CC(C)=CC=1C)C(C)(C)C,0.004963297839276492
C(CN(CCCC)C(=O)C1C=CC(=CC=1)C(C)(C)C)(=O)NC1=CC(=NN1C1C=CC(C)=CC=1C)C(C)(C)C,0.00827420810237527
C(CN(CCC)C(=O)C1=CC=C(C=C1)Br)(=O)NC1=C(C(=NN1C1=CC=C(C)C=C1)C)C1C=CC=CC=1,0.007059630169533193
C(C)(C)(C)CC(=O)N(CCCOCC)CC(N(CC1=CC=C2OCOC2=C1)CC1SC=CC=1C)=O,0.010290434537455439
C(CN(CCC)C(=O)C1C=CC(Cl)=C(Cl)C=1)(=O)NC1=C(C(=NN1C1=CC=C(C)C=C1)C)C1C=CC=CC=1,0.005969973071478308
C(CN(CCCCC)C(=O)C1C(OC)=CC(OC)=CC=1)(=O)NC1=CC(=NN1C1C=CC(C)=CC=1C)C(C)(C)C,0.006305703776888549
C(CN(C)C(=O)C1C=CC(=CC=1)C(C)(C)C)(=O)NC1=CC(=NN1C1C=CC(C)=CC=1C)C(C)(C)C,0.008783992123790085
C(CN(CCCCC)C(=O)C1C=CC=CC=1F)(=O)NC1=CC(=NN1C1C=CC(C)=CC=1C)C(C)(C)C,0.006857234123162925
C(CN(CCC)C(=O)NC1=CC=CC=C1C(F)(F)F)(=O)NC1=C(C(=NN1C1=CC=C(C)C=C1)C)C1C=CC=CC=1,0.0037266633124090733
C(CN(CCC)C(=O)NC1C=CC(F)=CC=1F)(=O)NC1=C(C(=NN1C1=CC=C(C)C=C1)C)C1C=CC=CC=1,0.0040601520799100396
C(CN(CCC)C(=O)C1C=CC(CCCC)=CC=1)(=O)NC1=C(C(=NN1C1=CC=C(C)C=C1)C)C1C=CC=CC=1,0.007145227887667716
C(CN(CCCC)C(=O)C1C=CC=C(Br)C=1)(=O)NC1=CC(=NN1C1C=CC(C)=CC=1C)C(C)(C)C,0.007887023128569126
C(CN(CCCC)C(=O)C1C=CC(Cl)=C(Cl)C=1)(=O)NC1=CC(=NN1C1C=CC(C)=CC=1C)C(C)(C)C,0.006894366373308003
C(CN(C(C)C)C(=O)NC1C=CC(C)=C(Cl)C=1)(=O)NC1=C(C(=NN1C1=CC=C(C)C=C1)C)C1C=CC=CC=1,0.003883714322000742
O=C(C(C)N1C2C(C(=O)N(C3C=CC=C(C)C=3C)C1=O)=CC=CC=2)NCC1=CC=C(F)C=C1,0.005596591182984412
C(CN(CCC)C(=O)NC1C=CC=C(OC)C=1)(=O)NC1=C(C(=NN1C1=CC=C(C)C=C1)C)C1C=CC=CC=1,0.004210513853468001
C(CN(CCC)C(=O)NC1C=CC(=CC=1)C(F)(F)F)(=O)NC1=C(C(=NN1C1=CC=C(C)C=C1)C)C1C=CC=CC=1,0.0035322327981702983
C(CN(CCC)C(=O)C1C(OC)=CC(OC)=CC=1)(=O)NC1=C(C(=NN1C1=CC=C(C)C=C1)C)C1C=CC=CC=1,0.005997619079425931
C(CN(CCC)C(C1=CC=C(C)C(=C1)N(=O)=O)=O)(=O)NC1=C(C(=NN1C1=CC=C(C)C=C1)C)C1C=CC=CC=1,0.004703609447460622
C(CN(CCCC)C(=O)C1C=CC=CC=1F)(=O)NC1=CC(=NN1C1C=CC(C)=CC=1C)C(C)(C)C,0.007466136291623115
C(CN(CCCC)C(=O)C1C=C(OC)C=C(OC)C=1)(=O)NC1=CC(=NN1C1C=CC(C)=CC=1C)C(C)(C)C,0.007021533860825002
C(CN(C(C)C)C(=O)NC1=CC=CC=C1)(=O)NC1=C(C(=NN1C1=CC=C(C)C=C1)C)C1C=CC=CC=1,0.004559773218352348
C(CN(CCCC)C(=O)C1C=CC(=CC=1)Cl)(=O)NC1=CC(=NN1C1C=CC(C)=CC=1C)C(C)(C)C,0.006745161348953843
C(CN(CCC)C(=O)NC1=CC=C(C=C1)Br)(=O)NC1=C(C(=NN1C1=CC=C(C)C=C1)C)C1C=CC=CC=1,0.004479863808955997
C(CN(CCCC)C(=O)C1=CC=C(C=C1)Br)(=O)NC1=CC(=NN1C1C=CC(C)=CC=1C)C(C)(C)C,0.00794927221722901
C(CN(CCCCC)C(=O)C1C=CC(Cl)=C(Cl)C=1)(=O)NC1=CC(=NN1C1C=CC(C)=CC=1C)C(C)(C)C,0.006206876877695322
C1(COC2C[C@](OCC3=CC=C(F)C=C3F)(C(NC(C)C)=O)C[C@H]3OC(C)(C)O[C@H]32)=CC=C(C=C1)C,0.009269713214598596
C(C(C(C)C)N1CC2=C(C1=O)C(C1=C(C)C=C(C)C=C1)NC(=O)N2CC)(NCC(C)C)=O,0.009170787199400366
N(C(=O)C1C=CC(CCCC)=CC=1)CCC(=O)NC1SC(C2=CC=C(C=C2)C)=NN=1,0.007196845626458526
N1C(=O)C(CCC(=O)NCCC2=CC=CS2)=NNC=1C1=CC(=CC=C1)OC(C)C,0.0042429306544363495
C1(=CC=CC=C1Cl)C(=O)N(CC1=CC=C(F)C=C1)CC1=CC(=CC=C1OS(=O)(=O)C1=CC=C(C=C1)F)Cl,0.007907888921909034
C1C(OC)=C(CCNC(C2=CC3SC(Br)=CC=3N2CC)=O)C=CC=1,0.00878872601315379
C1=CC(NC(C2CCCC2)=O)=CC2C=C(C(=O)NC3=CC=C(C=C3)C(F)(F)F)N(CC3C=CC(=CC=3)C(C)(C)C)C1=2,0.00548283748794347
C1(C(=O)N(C(C)CC)CC2=CC=CC(=C2)OS(=O)(=O)C)C=CC=C(F)C=1,0.008432085532695055
N(C(=O)C1C=CC=C(F)C=1)(CC(N1N=C(CC1C1C=CC(=CC=1)Cl)C1C=CC(C)=C(C)C=1)=O)CCOC,0.00787364081479609
C1(=CC=CC=C1)CNC(C1=CC2SC(C)=CC=2N1CC=C)=O,0.006900865444913506
N(C1=CC(F)=CC=C1)C(COC1C=C2N(CC3CCC3)C(=O)C=C(C(F)(F)F)C2=CC=1)=O,0.005708252917975188
C=CCNC(C1=CC2SC(C)=CC=2N1CCOC1C=CC=CC=1)=O,0.007149920146912336
C1(C(=O)N(CC2=CC=CC(OC)=C2)CC2ON=C(C3C=CC(F)=CC=3)C2)CCCC1,0.00890298669692129
C1(C(=O)N(CC2=CC=CO2)CC2=CC(=C(OC)C=C2)OS(=O)(=O)C)C=CC=CC=1Cl,0.010160408401861786
C1=CC=CC(CN(C)C(C2=CC3SC(C)=CC=3N2CC=C)=O)=C1,0.009045005263760685
C(NC(=O)N(C(C)CC)CC1C=C(OS(=O)(=O)C2C=CC(=CC=2)OC)C=CC=1)(C)C,0.0072240583598613736
C1(C(=O)N(CC2=CC=C(C=C2)C(F)(F)F)CC2ON=C(C3C=CC(Cl)=C(Cl)C=3)C2)C=CC=C(F)C=1,0.006575001287274063
C(NC(C1=CC2SC(Br)=CC=2N1CC1=C(OC)C=CC=C1)=O)(C)C,0.00870970138348639
N(CCOC)C(COC1C=C2N(CC3CCC3)C(=O)C=C(C(F)(F)F)C2=CC=1)=O,0.005289127328433096
O=C(CN1C2C(C(=O)N(C3=CC=CC(C(C)=O)=C3)C1=O)=CC=CC=2)NCCC,0.007920257188379765
C(C)(C)(C)CC(=O)N(CC1C=CC=C(Cl)C=1)CC1ON=C(C2C=CC(=CC=2)C)C1,0.012722221482545138
C1C=C(OC(F)(F)F)C=C(C=1)COC1C[C@](OCC2=CC=CC(C(F)(F)F)=C2)(C(NC)=O)C[C@H]2OC(C)(C)O[C@H]21,0.006132141395937651
N(C1C=CC=CC=1OC)C(N(CC(C)C)CC1=CC(=CC=C1OS(=O)(=O)CC)Cl)=O,0.0061782646458595995
C(NC(C1=CC2SC(Br)=CC=2N1CC1=C(OC)C=CC=C1)=O)CC,0.008663753280416131
C(NC(=O)N(CC1CCCO1)CC1C=C(OS(=O)(=O)C2C=CC(=CC=2)OC)C=CC=1)(C)C,0.006232231599278748
N(C(=O)NC(C)(C)C)(CC(N1N=C(CC1C1C=CC(=CC=1)C)C1=C(F)C=CC=C1)=O)C,0.005861701513640583
N1(CCN(C(=O)OCC)CC1)C(COC1C=C2N(CC)C(=O)C=C(C(C)C)C2=CC=1)=O,0.007244243496097624
C1(=CC=CC=C1F)C(=O)N(CC1=CC=CO1)CC1=CC(=CC=C1OS(=O)(=O)C1=CC=C(C=C1)NC(C)=O)Cl,0.006041266140528023
C1(C(=O)N2CC(C(C3=CC(OC)=C(OC)C(OC)=C3)C2)C(=O)NCC2=CC=C(F)C=C2)=CC=CC=C1F,0.007725231861695647
C(=O)(C(=C1N(C2=CC=CC(Cl)=C2)C(C2=CC=C(C=C2)F)=CS1)C#N)N1CCN(C(=O)C2CC2)CC1,0.004749792581424117
C(=O)(C(=C1N(C2=CC=CC(Cl)=C2)C(C2=CC=C(C)C=C2)=CS1)C#N)N1CCN(CC1)C(CC(C)(C)C)=O,0.005950262630358338
C1C=CC=C(C#N)C=1COC1C[C@](OCC2=CC=CC=C2C)(C(NCCOC)=O)C[C@H]2OC(C)(C)O[C@H]21,0.00714629606809467
N1(CCN(CC1)C(=O)C(=C1N(C2=CC=C(C)C=C2)C(C2C=CC=C(OC)C=2)=CS1)C#N)C(CC(C)(C)C)=O,0.0061369271366857
C(=O)(C(=C1N(C2=CC=CC(Cl)=C2)C(C2=CC=C(C)C=C2)=CS1)C#N)N1CCN(CC1)C(CC(C)C)=O,0.005727787548676133
N1(CCOCC1)C(COC1C=C2N(CC3CC3)C(=O)C=C(C)C2=CC=1)=O,0.009328443137928844
N1(CCN(CC1)C(=O)C(=C1N(C2=CC=C(C)C=C2)C(C2=CC=C(C)C=C2)=CS1)C#N)C(=O)C1=CC=CS1,0.005476774810813367
N(C1C=CC=CC=1OC)C(N(C(C)C)CC1=CC(=CC=C1OS(=O)(=O)C1=CC=C(C=C1)F)Cl)=O,0.005344543384853751
C(=O)(C(=C1N(C2=CC=CC(Cl)=C2)C(C2=CC=CC=C2)=CS1)C#N)N1CCN(CC1)C(C1CCC1)=O,0.005346246855333447
C1=C(C=CC=C1Cl)COC1C[C@](OCC2C=CC=CC=2F)(C(NC2CC2)=O)C[C@H]2OC(C)(C)O[C@H]21,0.00755927050486207
O(C1C(=CC(C)=CC=1)C1OC2C=C(C=CC=2N=1)C)S(C1C=CC=C(C=1)C(F)(F)F)(=O)=O,0.005202356213703752
N1(CCN(CC1)C(=O)C(=C1N(C2=CC=C(C)C=C2)C(C2C=CC=C(OC)C=2)=CS1)C#N)C(=O)COC,0.005451964831445366
N1(CCN(CC1)C(=O)C(=C1N(C2=CC=CC=C2F)C(C2=CC=C(C)C=C2)=CS1)C#N)C(=O)CC(C)C,0.005829020298551768
C(=O)(C(=C1N(C2=CC=CC(Cl)=C2)C(C2=CC=C(C=C2)F)=CS1)C#N)N1CCN(C(NC(C)C)=O)CC1,0.0030268352129496634
C(OCC)(C1CCN(CC1)C(C1=CC=C(CN2C(=NC(C3C=CC=C(C=3)C(F)(F)F)=O)SC=C2C)C=C1)=O)=O,0.006357675115577876
C(OCC)(C1CCN(CC1)C(C1=CC=C(CN2C(=NC(C3=CC=CC=C3Cl)=O)SC(C)=C2)O1)=O)=O,0.00793279237113893
C1=CC(=CC(OC)=C1)C(=O)N1CC(C(C2=CC=C(OC)C=C2OC)C1)C(=O)NCCOC,0.007656116876751185
C1(OC)C=C(CCN(C)C(C2=CC=C(CN3C(=NC(C4=CC=CC=C4F)=O)SC=C3)C=C2)=O)C=CC=1OC,0.00823365170508623
C(C)(C)(C)CC(=O)N(CC1CC1)CC(=O)N(CCC1=CC=CC=C1)CC1=CC=C(C)O1,0.015909569524228572
C(F)(F)(F)C1=CC=CC(CNC(C(C2=CC=CC=C2)N2C(=NC(C3C=CC=C(Cl)C=3)=O)SC=C2)=O)=C1,0.005482244142331183
C(F)(F)(F)C1=CC=CC(CNC(C2=C(C=CC=C2)CN2C(=NC(C3=CC=CC=C3F)=O)SC(C)=C2)=O)=C1,0.005514093372039497
C1(NC(C2=CC3SC(C)=CC=3N2CC2=C(Cl)C=CC=C2)=O)CC1,0.007372015668079257
C=CCNC(C1=CC2SC(C)=CC=2N1CC1C=CC=C(F)C=1)=O,0.005118824657984078
C(OCC)(=O)C1CN(CCC1)C(C1=CC2SC(C)=CC=2N1CC1C=CC=C(F)C=1)=O,0.00615847185254097
C1=CC=CC(CN(C)C(C2=CC3SC=CC=3N2CC2CC2)=O)=C1,0.010816564690321684
C1=CC=CC(CN(C)C(C2=CC3SC(C)=CC=3N2CC=CC)=O)=C1,0.009801913099363447
C=CCNC(C1=CC2SC(C)=CC=2N1CC1=C(Cl)C=CC=C1)=O,0.006349277356639505
C(NC(C1=CC2SC(C)=CC=2N1CC1C=CC=C(F)C=1)=O)C(C)C,0.006365384859964252
C(NC(C1=CC2SC=CC=2N1CC1C=CC=C(C)C=1)=O)C,0.0073381719877943395
C1(C(=O)NC2C=CC(=CC=2)N2CCCN(CC3=C(C)C=C(C)C=C3C)C2=O)CCC1,0.007847809209488332
C1(C(=O)NC2C=CC(=CC=2)N2CCCN(CC3=C(C)C=C(C)C=C3C)C2=O)CC1,0.00741623064968735
C1(=CC=CC=C1)C(C)NC(C1=CC2SC(C)=CC=2N1CC=CC)=O,0.008928385283797979
C1C(=CC=CC=1NC(=O)NC1C=CC(=CC=1)N1CCCN(CC2=CC(C)=CC(C)=C2)C1=O)OC,0.005432465695776045
N1C(=O)C(CCC(=O)N2CCSCC2)=NNC=1C1=CC(=CC=C1)OC(C)C,0.004899195325560868
C(NC(C1=CC2SC(C)=CC=2N1CC1C=CC=C(F)C=1)=O)CC,0.005382696515880525
C1C=C(CNC(C2=CC3SC(C)=CC=3N2CC=CC)=O)C=CC=1F,0.005615359893999994
C1(F)C=C(CNC(C2=CC3SC(C)=CC=3N2CC=CC)=O)C=CC=1,0.005488635995425284
C1CCCCN1C(CCN(CCCC)C(C1=COC=C1)=O)=O,0.01086344588547945
C1(C(=O)NC2=CC=C(C=C2)C(C)=O)OC2C=CC=CC=2C(=O)C=1,0.014483314286917449
N(CC1=CC=CC=C1)C(COC1C=C2N(CC3C(F)=CC=CC=3)C(=O)C=C(C(C)C)C2=CC=1)=O,0.006563930679112673
N(CC1=CC=C(F)C=C1)C(COC1C=C2N(CC3C(F)=CC=CC=3)C(=O)C=C(C(C)C)C2=CC=1)=O,0.006211553956381977
O=C(CN1C2C(C(=O)N(C3=CC=CC(Cl)=C3)C1=O)=CC=C(C=2)Cl)NCC(C)C,0.005211593606509269
O=C(C(CC)N1C2C(C(=O)N(C3=CC=CC(C)=C3)C1=O)=CC=C(C=2)Cl)NC(C)CC,0.006283178878948093
O=C(C(CC)N1C2C(C(=O)N(C3C=CC=C(OC)C=3)C1=O)=CC=C(C=2)Cl)NCC1=CC=C(F)C=C1,0.005079166172072292
C1(C(=O)N2CC(C(C3=CC(C(F)(F)F)=CC=C3)C2)C(=O)NCC2=CC3OCOC=3C=C2)=CC=C(C)C=C1,0.00602537184022367
C1(C(=O)N2CC(C(C3=CC(C(F)(F)F)=CC=C3)C2)C(=O)NCC2=CC3OCOC=3C=C2)C=CC(=CC=1)Cl,0.005623722495511174
C1(C(=O)N2CC(C(C3=CC(OC)=CC=C3OC)C2)C(=O)NCCCC)=CC=C(C=C1)F,0.006866947701200843
C1(C(=O)N2CC(C(C3=CC(OC)=CC=C3OC)C2)C(=O)NC(C)C)=CC=C(C=C1)F,0.0076243009651079776
C1(C(=O)N2CC(C(C3=CC(OC)=CC=C3OC)C2)C(=O)NCCCC)C=CC(=CC=1)Cl,0.0069709242787212135
C1(C(=O)N2CC(C(C3=CC(OC)=CC=C3OC)C2)C(=O)NCC2=CC=C(F)C=C2)=CC=C(C=C1)OC,0.00636216732673347
C1(C(=O)N2CC(C(C3=CC(OC)=CC=C3OC)C2)C(=O)NCC2=CC=C(F)C=C2)=CC=CC=C1F,0.0073333053383976225
C1(C(=O)N2CC(C(C3=CC(C(F)(F)F)=CC=C3)C2)C(=O)NCC2CC2)C=CC=C(Cl)C=1,0.0062720667570829395
C1(C(=O)N2CC(C(C3=CC=C(OC)C=C3)C2)C(=O)NCCC(C)C)C=CC=C(Cl)C=1,0.008433824265375733
C1(C(=O)N2CC(C(C3=CC(C(F)(F)F)=CC=C3)C2)C(=O)NCC2=CC3OCOC=3C=C2)=CC=C(C=C1)OC,0.006147973542101681
C1(C(=O)N2CC(C(C3=CC(OC)=CC=C3OC)C2)C(=O)NCCC)=CC=C(C=C1)F,0.007454364350996912
C1(=CC=CC=C1)CCNC(C1=CC2C=CSC=2N1CCCC1C=CC=CC=1)=O,0.009357473254203797
C1(=CC=CC=C1Cl)C(=O)N(CC1CCCO1)CC1=CC(=CC=C1OS(=O)(=O)C1=CC=C(C=C1)NC(C)=O)Cl,0.005531654227524996
O=C(C1=CC=CC(OC)=C1)N(CCC(C)C)CC(=O)C1C(=C(C(=O)OC)NC=1C)C,0.010827800631523133
C1(NC(=O)N(CC2=CC=C(F)C=C2)CC2=C(OS(=O)(=O)CC)C=CC=C2)C=CC=CC=1OC,0.006192309898324311
N(C1C=C(C(Cl)=CC=1)C1OC2C=CC(=CC=2N=1)Cl)C(=O)COC,0.004332074255216867
O=C(C1C=CC=C(F)C=1)N(CCC)CC(=O)C1C(=C(C(OCC)=O)N(CC)C=1C)C,0.012748369108885526
C1(C(=O)N(CCOC)CC(N(CC2=CC=C(F)C=C2)CC2=CC=C(C)S2)=O)=CC=CS1,0.007713733869604766
N(C(=O)C1C=CC(=CC=1)Cl)(C(C)C(=O)C1C(=C(C(=O)OCC)NC=1C)C)CC(C)C,0.009773937100544573
O=C(C(CC)N1C2C(C(=O)N(C3=CC=CC(C)=C3)C1=O)=CC=C(C=2)Cl)NCC1=CC=CO1,0.005641251243650914
N(C1C=CC=CC=1OC)C(N(CC1=CC=CO1)CC1=CC(=CC=C1OS(=O)(=O)C)Cl)=O,0.005537559604272246
C1(=CC=CC=C1F)C(=O)N(CC1CCCO1)CC1=C(OS(=O)(=O)C2=CC=C(C=C2)F)C=CC=C1,0.007699856604449451
N(S(=O)(=O)C1=CC=CC=C1)(C(C)C(=O)C1C(=C(C(=O)OCC)NC=1C)C)CC(C)C,0.007992990873754024
O=C(CCC1N(C2C=CC(SC)=CC=2)C(C2C=CC(OC)=CC=2)=CC=1)NC(CC)C1=CC=CC=C1,0.009365191822871566
N(C(C)(C)C)C(N(C1CC1)CC1=CC(=CC=C1OS(=O)(=O)C1=CC=C(C=C1)NC(C)=O)Cl)=O,0.0047679718467406925
C1(=C(Cl)C=CC=C1)C(=O)N(CC1CCCO1)CC1C=C(OS(=O)(=O)CC)C=CC=1,0.009101891238242388
O(C1C(=CC(C)=CC=1)C1OC2C=C(C=CC=2N=1)C)S(=O)(=O)C1=CC=C(C)C=C1,0.007151865214109421
O=C(C1C=CC=C(F)C=1)N(C1CCCCC1)CC(=O)C1C(=C(C(=O)OC)NC=1C)C,0.008718917379155755
N(S(=O)(=O)C1=CC=C(C)C=C1)(C(C)C(=O)C1C(=C(C(=O)OCC)NC=1C)C)CC(C)C,0.008211718243546783
N(C1C=CC=CC=1OC)C(N(CC1=CC=C(F)C=C1)CC1=CC(=CC=C1OS(=O)(=O)C1=CC=C(C=C1)F)Cl)=O,0.005528643261641264
C(N(CCOC)CC1C=C(OS(=O)(=O)C2C=CC(=CC=2)OC)C=CC=1)(C1CCC1)=O,0.010417004115879536
C1(C(=O)N(CC2C=CC=C(Cl)C=2)CC2ON=C(C3C=CC=C(F)C=3)C2)CC1,0.007939391303807497
O=C(C1C=CC(=CC=1)Cl)N(C1CCCCC1)CC(=O)C1C(=C(C(=O)OC)NC=1C)C,0.008885356783866882
N(C(=O)CC(C)C)(CC(=O)C1C(=C(C(=O)OC)NC=1C)C)CC=C,0.010195838124491274
N(CCC1=CC=CC=C1)(C(CSC1C=CC=CC=1)=O)CC(=O)NC1=CC(C(C)(C)C)=NN1C1C(C)=CC=CC=1,0.0058431462850421665
N(C1C=C(Cl)C(=CC=1)C1OC2C=CC=C(C)C=2N=1)C(=O)CC,0.0047626362415030595
C(C1=CC(OS(=O)(=O)C2C=CC(=CC=2)OC)=C(OC)C=C1)N(C(NC(C)(C)C)=O)C1CC1,0.007339792465791107
C(N(C1CC1)CC1=C(OS(=O)(=O)C)C=CC=C1)(C(C)C)=O,0.010448083840310573
O=C(C(C)C)N(CCC(C)C)CC(=O)C1C(=C(C(=O)OC)NC=1C)C,0.012000743998214602
N(C(=O)C1=CC=CC(OC)=C1)(CC(=O)C1C(=C(C(=O)OC)NC=1C)C)CC=C,0.008606816735118627
C1(NC(=O)N(CC2=CC=CO2)CC2=C(OS(=O)(=O)C3=CC=C(C=C3)NC(C)=O)C=CC=C2)C=CC=CC=1OC,0.005040650372393429
O=C(CC)N(CCC(C)C)CC(=O)C1C(=C(C(=O)OC)NC=1C)C,0.012016371241770685
N(C(=O)C1=CC=C(C)C=C1)(CC(=O)C1C(=C(C(=O)OC)NC=1C)C)CC1CCCCC1,0.010931525705382228
C12=CC(CNC(C3=C(C)C(=C(C)N3CC3C=CC=C(C)C=3)CC)=O)=CC=C1OCO2,0.010706022521480918
N1=C(SCC2=CC=C(C=C2)C(F)(F)F)N(C)C(=O)C(CC2C=CC=C(C)C=2)=C1C,0.00783814857713878
C(C(C)C)NC(C1=C(C)C(=C(C)N1CC1C=CC=CC=1F)CC)=O,0.008846904523670674
N(C(=O)C1C=CC(=CC=1)Cl)(CC(=O)C1C(=C(C(=O)OC)N(C)C=1C)C)CC1CCCCC1,0.01345701445825398
N(C(=O)C1=CC=C(C=C1)OC)(CC(=O)C1C(=C(C(=O)OC)N(CC)C=1C)C)CC1=CC=CO1,0.012479410087689758
N(S(=O)(=O)C1=CC=C(C=C1)F)(CC(=O)C1C(=C(C(=O)OC)N(CC)C=1C)C)C1CCCCC1,0.008683595992624759
N(C(=O)C1C=CC=C(F)C=1)(CC(=O)C1C(=C(C(=O)OC)N(CC)C=1C)C)CCC,0.01250634454190731
N(C)(C(=O)CC(C)C)CC1ON=C(C2C=CC(=CC=2)C)C1,0.01411854038015008
C12CCC(CC1NC(C1=CC3C=CSC=3N1CC1C=CC=CC=1F)=O)C2,0.007164933136664331
N(C(C)C)C(N(CC1CCCO1)CC1=CC(=CC=C1OS(=O)(=O)C)Cl)=O,0.005072068772278726
N(S(=O)(=O)C1=CC=C(C)C=C1)(CC(=O)C1C(=C(C(=O)OC)N(C)C=1C)C)CC1CCCCC1,0.010659904032945634
N(C(=O)C1=CC=CC(OC)=C1)(CC(=O)C1C(=C(C(=O)OC)N(CC)C=1C)C)CC1=CC=CO1,0.012881639413535595
N(C(=O)C1C=CC(=CC=1)Cl)(CC(=O)C1C(=C(C(=O)OC)N(CC)C=1C)C)CCC,0.013024417590349913
C1(=CC=CC=C1)CCNC(C1=CC2C=CSC=2N1CC1C=CC(OC)=CC=1)=O,0.007393249636515975
N(S(=O)(=O)C1C=CC(=CC=1)OC)(CC(=O)C1C(=C(C(=O)OC)N(C)C=1C)C)CC1CCCCC1,0.010113704530522228
C1(C(=O)N(CC2=CC=CO2)CC2=NOC(C3C=CC(OC)=C(OC)C=3)=C2)=CC=C(C=C1)OC,0.011096920957788825
C1(=CC=CC=C1)C(C)NC(C1=C(C)C(=C(C)N1CC1=CC=C(F)C(F)=C1)CC)=O,0.00931731886230409
N(S(=O)(=O)C1C=CC(=CC=1)OC)(CC(=O)C1C(=C(C(=O)OC)N(C)C=1C)C)CC=C,0.010497688129544259
C1(C(=O)N(CC2=CC=CO2)CC2=NOC(C3=CC(OC)=C(OC)C(OC)=C3)=C2)C=CC(=CC=1)Cl,0.009282499458640814
C1=CC=CC(CN(C)C(C2C=NN(C=2C2C=CC=CC=2)C2C=CC(=CC=2)N(=O)=O)=O)=C1,0.005398339801467955
N(C(=O)C1C=CC(=CC=1)Cl)(CC(=O)C1C(=C(C(=O)OC)N(CC)C=1C)C)C(C)C,0.012818319769576193
N(C(=O)C1=CC=C(C=C1)OC)(CC(=O)C1C(=C(C(=O)OC)N(CC)C=1C)C)C1CCCCC1,0.013084899121895432
N(C(=O)C1=CC=C(C=C1)F)(CC(=O)C1C(=C(C(=O)OC)N(CC)C=1C)C)CCC,0.012873164610937238
C1(C(=O)N(CC2=CC=C3OCOC3=C2)CC2=NOC(C3=CC=C(C)C=C3C)=C2)=CC=CC=C1Cl,0.008778774901293218
C(C1C(C(C)C)=NN(C2=CC=CC(Cl)=C2)C=1C(C)C)(NCC1=CC=CO1)=O,0.008903493685647846
N(C(=O)C1=CC=C(C=C1)F)(CC(=O)C1C(=C(C(=O)OC)N(CC)C=1C)C)CC1=CC=CO1,0.01233313544653356
N(C(=O)C1C=CC=CC=1)(CC(=O)C1C(=C(C(=O)OC)N(CC)C=1C)C)C1CCCCC1,0.01437383289448917
N(C(=O)C1=CC=CO1)(CC(=O)C1C(=C(C(=O)OC)N(CC)C=1C)C)CCC,0.016262282244861127
C1(C(=O)N(CC2=CC=C3OCOC3=C2)CC2=NOC(C3=CC=C(C)C=C3C)=C2)=CC=C(C=C1)OC,0.009789899224415421
N(C(C)C)C(N(CC(C)C)CC1=CC(=CC=C1OS(=O)(=O)C)Cl)=O,0.006028076657094062
N(C(=O)C1=CC=C(C=C1)F)(CC(=O)C1C(=C(C(=O)OC)N(C)C=1C)C)CC1CCCCC1,0.013393753254786134
N(C(=O)C(C)C)(CC(=O)C1C(=C(C(=O)OC)N(CC)C=1C)C)CC1=CC=CO1,0.016233584051951765
N(C(=O)C1C=CC(=CC=1)Cl)(CC(=O)C1C(=C(C(=O)OC)N(CC)C=1C)C)C1CCCCC1,0.012179449200630188
C(C(=O)N(CC1=CC=C2OCOC2=C1)CC1=NOC(C2=CC=C(C)C=C2C)=C1)C(C)C,0.013315203040838242
N(C(=O)C1CCC1)(CC(=O)C1C(=C(C(=O)OC)N(CC)C=1C)C)CC1=CC=CO1,0.014798699459061027
N(C(=O)NC(C)(C)C)(CC(=O)C1C(=C(C(=O)OC)N(CC)C=1C)C)C1CCCCC1,0.011283597396686672
N(C(=O)C1CC1)(CC(=O)C1C(=C(C(=O)OC)N(CC)C=1C)C)CCC,0.016066184360533954
C1(C(=O)N(CC2=CC=C(F)C=C2)CC2=NOC(C3=CC=C(C)C=C3C)=C2)=CC=C(C)C=C1,0.00935396207496524
N(CC1=CC(F)=CC=C1)C(COC1C=C2N(CC3C(F)=CC=CC=3)C(=O)C=C(C(C)C)C2=CC=1)=O,0.006117014936171472
C1(C(=O)N(CC2=CC=C(F)C=C2)CC2=NOC(C3=CC=C(C)C=C3C)=C2)=CC=CC(OC)=C1,0.008845902001485228
N(CCOC1C=CC=CC=1)C(COC1C=C2N(CC3C(F)=CC=CC=3)C(=O)C=C(C(C)C)C2=CC=1)=O,0.005312430905178189
C1(S(=O)(=O)N(CC2=CC=C(F)C=C2)CC2=NOC(C3=CC=C(C)C=C3C)=C2)=CC=C(C)C=C1,0.007061742502264679
C1(C(=O)N(CC2=CC=C(F)C=C2)CC2=NOC(C3=CC(OC)=CC=C3OC)=C2)=CC=C(C)C=C1,0.008411607518792153
C1(C(=O)N(CC)CC2=NOC(C3=CC(OC)=C(OC)C(OC)=C3)=C2)=CC=CC(OC)=C1,0.011315356194972991
C1(S(=O)(=O)N(CC2=CC=C3OCOC3=C2)CC2=NOC(C3=CC(OC)=CC=C3)=C2)=CC=C(C)C=C1,0.007222258392721415
C(NC(C1C=NN(C=1CCC)C1=CC=CC=C1Cl)=O)C(C)C,0.008286293409764767
C1(C(=O)N(CC2=CC=C(F)C=C2)CC2=NOC(C3C=CC(OC)=C(OC)C=3)=C2)=CC=CC=C1Cl,0.007590907602570951
C(OCC)(=O)C1CCCN(C1)C(C1C=NN(C=1C(C)C)C1=CC=CC=C1Cl)=O,0.008126766374334692
N(C(=O)C1CCC1)(CC(N1N=C(CC1C1C=CC(=CC=1)Cl)C1=CC=CN1C)=O)C,0.009376809443347156
C1(C(=O)N(C2CC2)CC2=NOC(C3=C(OC)C=C(OC)C=C3)=C2)C=CC=CC=1,0.01105325105600059
C1C2CC(CC2NC(CC2=CSC3N2C(C2C=CC=C(OC)C=2)C(=C(C)N=3)C(=O)OC)=O)C1,0.005927271861582995
C1(C(=O)N(C2CC2)CC2=NOC(C3=CC=C(OC)C=C3)=C2)=CC=C(C=C1)F,0.008586849691346288
C(C(=O)N(C1CC1)CC1=NOC(C2=CC=C(OC)C=C2)=C1)C(C)C,0.013273875461891294
C1CC(CCC1)NC(CC1=CSC2N1C(C1=CC=CC=C1OC)C(=C(C)N=2)C(=O)OC)=O,0.006285881320945918
C1N(C(NCC)=O)CC(CN(CC2CC2)C(C2=C(OC)C=CC=C2)=O)OC1,0.006753990449942649
C1CN(CCC1)C(CC1=CSC2N1C(C1=CC=CC=C1Cl)C(=C(C)N=2)C(=O)OC)=O,0.005993634602054954
N(C(=O)C1CCCC1)(CC(N1N=C(CC1C1C=CC(F)=CC=1)C1=CC=CS1)=O)C,0.008297520969063044
C(NC(=O)N(C1CC1)CC1=NOC(C2=CC=C(C=C2)F)=C1)CC,0.004578462732024491
C1CC(CCC1)NC(CC1=CSC2N1C(C1C=CC=C(OC)C=1)C(=C(C)N=2)C(=O)OC)=O,0.006243355688638985
C(NC(C1=CC2SC=CC=2N1CC1C=CC(OC)=CC=1)=O)CC,0.0074041806627064945
N1(CCN(CC1)C(C1=CC2SC(C)=CC=2N1CC1C=CC(OC)=CC=1)=O)C(C)=O,0.006647613388486207
N1(CCC2(N(C3C=CC(C)=CC=3)C(=O)CS2)CC1)C(C1CCC1)=O,0.010511630773544311
N(C1=NN=C(SCC2C=CC=CC=2)S1)C(=O)C1CCC1,0.008977413130924105
C1C(F)=C(CNC(C2CN(CC3C=CC(OC)=CC=3)C(=O)C2)=O)C=CC=1,0.006833143020048738
N1(CCN(CC1)C(CC1=CC=C(C=C1)N(C(=O)CC(C)C)CC1=C(C)C=CC=C1)=O)C(C)=O,0.010284277354367077
O1CCN(CC1)C(C1=CC2SC(C)=CC=2N1CC1=C(C)C=CC=C1)=O,0.00828524879179895
N1(CCC2(N(C3C=CC(C)=CC=3)C(=O)CS2)CC1)C(COCC1C=CC=CC=1)=O,0.007356439251452684
C1(=CC=CC=C1)CNC(C1N=C(SC=1)COC1=CC2OCOC=2C=C1)=O,0.005885689915157854
C1C=C(CNC(C2CN(CC3C(OC)=CC=CC=3)C(=O)C2)=O)C=CC=1F,0.007008285587653517
N1(CCN(CC1)C(C1=CC2SC(C)=CC=2N1CC1=C(C)C=CC=C1)=O)C(C)=O,0.007147224224172533
N1(CCC2(N(C3C=CC(C)=CC=3)C(=O)CS2)CC1)C(C1C=CC=C(Cl)C=1)=O,0.006703281356021762
N1(CCC2(N(C3C=CC(OC)=CC=3)C(=O)CS2)CC1)C(=O)NCCCC,0.0040801238385029135
C1(C(=O)N2CC(CCC2)OCC2C=CC=CC=2)C=C(C)C=CC=1,0.010124837560579181
N1(CCC2(N(C3C=CC(C)=CC=3)C(=O)CS2)CC1)C(N(C)C)=O,0.0048076675971969966
N1(CCC2(N(C3C=CC(Cl)=CC=3)C(=O)CS2)CC1)C(CCC)=O,0.007036178722046316
C1(C(=O)N2CCC(C(NC(=O)C3=CC=C(C=C3)OC)C(N3CCCC3)=O)CC2)SC=CC=1,0.006831156043335796
C(OC)CNC(C1=CC2SC(C)=CC=2N1CC1=C(OC)C=CC=C1)=O,0.006122630601748824
C1N(CCC1)C(C(C)N1C(=O)COC2C1=CC(C(COC1=CC=CC(C)=C1C)=O)=CC=2)=O,0.011649339459836483
N1(CCC2(N(C3C=CC(C)=CC=3)C(=O)CS2)CC1)S(C1C=CC(=CC=1)OC)(=O)=O,0.005204953334759921
N1(CCC2(N(C3C=CC(Cl)=CC=3)C(=O)CS2)CC1)C(C1C=CC(F)=CC=1)=O,0.0052916855434887115
C1N(CCC1)C(C1=CC2SC=CC=2N1CC1C=CC(OC)=CC=1)=O,0.008827676065266132
CCN(C)C(C1=CC2SC(C)=CC=2N1CC1=C(OC)C=CC=C1)=O,0.009395631402730942
O1CCN(CC1)C(C(C)N1C(=O)COC2C1=CC(C(COC1=CC=CC(C)=C1C)=O)=CC=2)=O,0.010836166283115744
N1(CCC2(N(C3C=CC(Cl)=CC=3)C(=O)CS2)CC1)C(C1CCCCC1)=O,0.00944864246994257
N(C(=O)C1CCC1)(CC(N1N=C(CC1C1=C(F)C=CC=C1)C1=CC=CS1)=O)C,0.007680479343980551
O1CCN(CC1)C(C1=CC2SC=CC=2N1CC1C=CC=C(Cl)C=1)=O,0.006193735240958631
C(OC)CNC(C1=CC2SC=CC=2N1CC1=CC(F)=C(F)C=C1)=O,0.0042739734053611755
N1(CCC2(N(C3C=CC(C)=CC=3)C(=O)CS2)CC1)C(CCCCC)=O,0.008545427257195115
C1(C(=O)N2CCC(C(NC(=O)C3C=CC=CC=3)C(NCC(C)C)=O)CC2)CCCC1,0.009091287758201361
N1(CCC2(N(C3C=CC(Cl)=CC=3)C(=O)CS2)CC1)C(CCCCC)=O,0.0072245898889377715
O=C(CN1C2C(C(=O)N(C3=CC=CC(C)=C3)C1=O)=CC=CC=2)N1CCN(CC1)C(C)=O,0.005518299271352589
N1(CCN(CC1)C(C1=CC2SC=CC=2N1CC1C=CC=C(Cl)C=1)=O)C(C)=O,0.005738867120817304
C1N(CCC1)C(C1=CC2SC(C)=CC=2N1CC1C=CC(OC)=CC=1)=O,0.009337274730205536
O1CCN(CC1)C(C(C)N1C(=O)COC2C1=CC(C(COC1=C(C)C=CC=C1C)=O)=CC=2)=O,0.011188058601692318
N1(CCC2(N(C3C=CC(C)=CC=3)C(=O)CS2)CC1)C(C1C=CC=C(F)C=1)=O,0.006125799962319434
N1(CCC2(N(C3C=CC(Cl)=CC=3)C(=O)CS2)CC1)C(CC(C)(C)C)=O,0.008825012668967246
N1(CCC2(N(C3C=CC(C)=CC=3)C(=O)CS2)CC1)C(=O)NCC,0.00379894997458905
C1=CC=CC(CN(C)C(C(CC2C=CC=CC=2)N2CC3=C(C2=O)C(C2C=CC=C(C=2)OC2C=CC=CC=2)NC(=O)N3CC)=O)=C1,0.005538199236616493
C1C=C(CNC(CC2=CSC3N2C(C2C=CC=C(OC)C=2OC)C(=C(C)N=3)C(=O)OCC=C)=O)C=CC=1F,0.005101715656928718
N(CC=C)(C(=O)C1C=CC(=CC=1)N1N=C(C(OCC)=O)C=C1C1=CC2C=CC=CC=2C=C1)C,0.009283836558461189
C(C)(C)NC(C(CC1C=CC=CC=1)N1CC2=C(C1=O)C(C1=C(C(F)(F)F)C=CC=C1)NC(=O)N2CC=C)=O,0.0049063048674724994
C(CC(C)C)NC(C1=CC(=CC=C1)NC1C(=O)N(C2=CC=C(C)C=C2)N=CC=1OC1=CC2OCOC=2C=C1)=O,0.0063668264541774985
O1CCN(CC1)C(C1=CC(=CC=C1)NC1C(=O)N(C2=C(Cl)C=CC=C2)N=CC=1OC1=CC(C)=C(Cl)C=C1)=O,0.005121510103344917
C1C=C(CNC(C2=CC=C(C=C2)NC2C(=O)N(C)N=CC=2OC2=CC(C)=C(Cl)C=C2)=O)C=CC=1F,0.005026114254724235
N1(CCN(CC1)C(CC1=CSC2N1C(C1=CC=C(C(F)(F)F)C=C1)C(=C(CC)N=2)C(=O)OC)=O)C(C)=O,0.004728988336864859
C(C1SC(=CC=1)C1C=CC(=CC=1)OC1=CC=CC=C1)(=O)NCC1CCCCCC1,0.011333862040191888
C(C1C=CC(=CC=1)C(=O)N1C2CC([H])(OC3C=CC(F)=CC=3F)CC1CC2)SC1C=CC(C)=C(C)C=1,0.008808587118983269
O1C(C)CN(CC1C)C(C(CC1C=CC=CC=1)N1CC2=C(C1=O)C(C1=C(C(F)(F)F)C=CC=C1)NC(=O)N2CC=C)=O,0.00442140173399821
C1(CC1)NC(CC1=CSC2N1C(C1=CC=C(OCC3C=CC=CC=3)C(OC)=C1)C(=C(C)N=2)C(=O)OC)=O,0.005073311505839229
C(C1C=CC(=CC=1)C(=O)N1C2CC([H])(OC3C=CC(F)=CC=3F)CC1CC2)SC1=CC(C)=CC(C)=C1,0.008821484073996544
O(C)CCNC(C1=CC(=CC=C1)NC1C(=O)N(C2=CC(Cl)=CC=C2)N=CC=1OC1=CC=C(C=C1)Cl)=O,0.004536766244564205
O1CCCC1CNC(C1=CC=C(C=C1)NC1C(=O)N(C2=CC=C(F)C=C2)N=CC=1OC1C=CC=CC=1C)=O,0.005032124929130077
C12C(=CC(C3C=CC(C(F)(F)F)=CC=3)=CC=1)OC(C1C=CC(OCC)=C(OC)C=1)=N2,0.005310345464386046
N(C1C=CC(=CC=1)C1ON=C2C=1CCC1C2=CC=CC=1)(C(C(C)CC)=O)C,0.013897775346413255
C(C1=CSC(CC2C=CC(C)=CC=2)=N1)SC1C(Cl)=CC=CC=1Cl,0.010349337011575699
C(C)(C)NC(C1=CC(=CC=C1)NC1C(=O)N(C2=CC=C(C)C=C2)N=CC=1OC1=C(F)C=CC=C1)=O,0.006582934269681573
C(NC(CC1=CSC2N1C(C1C=C(C)C=CC=1)C(=C(C)N=2)C(NC1C=CC=CC=1)=O)=O)C(C)C,0.006109040742740035
N(C1C=CC(=CC=1)C1ON=C2C=1CCC1C2=CC=CC=1)C(C(C)CC)=O,0.011519418749958276
C(C)(C)N(C)C(C(CC1C=CC=CC=1)N1CC2=C(C1=O)C(C1=C(C(F)(F)F)C=CC=C1)NC(=O)N2CC=C)=O,0.005635902914218604
C1C(C1)NC(C1=CC(=CC=C1)NC1C(=O)N(C2=CC=C(C)C=C2)N=CC=1OC1=C(F)C=CC=C1)=O,0.006353137851692736
C1(=CC=CC=C1)C(C)NC(CC1=CSC2N1C(C1C=C(C)C=CC=1)C(=C(C)N=2)C(NC1C=CC=CC=1)=O)=O,0.006478447420522571
C1C=C(C(F)=CC=1F)OC(C)C(=O)C1C(=C(C(OCC)=O)N(CC)C=1C)C,0.01276423390954733
C12C(=CC(C3C=CC(OC)=C(OC)C=3OC)=CC=1)OC(C1C=CC(OCCC)=CC=1)=N2,0.009612892055884004
N(C1C=CC(=CC=1)C1ON=C2C=1CCC1C2=CC=CC=1)(C(CC(C)C)=O)C,0.013448053132742643
C(C(C)C)NC(C1=CC=C(C=C1)NC1C(=O)N(C2=CC=C(F)C=C2)N=CC=1OC1=CC=C(F)C=C1)=O,0.005835554981604219
C12C(=CC=C(C(C)(C)C)C=1)OC(C1=CC=C(OCC)C=C1)=N2,0.010399250406771898
C12C(=CC(C3C=CC(OC)=C(OC)C=3OC)=CC=1)OC(C1=CC=C(OC(C)(C)C)C=C1)=N2,0.01016562907025218
N(C(C1=CC=C(C=C1)C(F)(F)F)=O)(CC(N1N=C(CC1C1=CC(OC)=CC=C1OC)C1=CC=CC=C1Cl)=O)CCOC,0.005611795722506941
N(C(=O)C1CCCC1)(CC(N1N=C(CC1C1=CC(OC)=CC=C1OC)C1=CC=CC=C1Cl)=O)CCOC,0.007427376951090992
N(C1C=C(C=CC=1)SC1C(=O)N(C2C=CC(=CC=2)OC)C(=O)C=1NC1=CC=C(C=C1)Br)C(C1=CC=C(C=C1)N(=O)=O)=O,0.0020459882041905077
N(C1C=C(C=CC=1)SC1C(=O)N(C2=CC=C(C=C2)F)C(=O)C=1NC1C=C(C)C=CC=1OC)C(C1=CC=CC=C1Cl)=O,0.002920597593765706
N(C(=O)C(C)C)(CC(N1N=C(CC1C1=CC(OC)=CC=C1OC)C1=CC=CC=C1Cl)=O)CCOC,0.0075545487459748985
N(C1C=C(C=CC=1)SC1C(=O)N(C2=CC=C(C=C2)F)C(=O)C=1NC1C=C(C)C=CC=1OC)C(C1=CC=C(C=C1)OC)=O,0.003125427244231105
N(C(=O)C1CCC1)(CC(N1N=C(CC1C1=CC(OC)=CC=C1OC)C1=CC=CC=C1Cl)=O)CCOC,0.007391709042713046
N(C1C=C(C=CC=1)SC1C(=O)N(C2C=CC(=CC=2)OC)C(=O)C=1NC1=CC=C(C=C1)Br)C(C1=CC=CS1)=O,0.002682644047308713
N(C1C=C(C=CC=1)SC1C(=O)N(C2=CC=C(C=C2)F)C(=O)C=1NC1C=C(C)C=CC=1OC)C(C1C=CC=CC=1)=O,0.0031757671968080103
N(C1C=C(C=CC=1)SC1C(=O)N(C2C=CC(=CC=2)OC)C(=O)C=1NC1=CC=C(C=C1)Br)C(C1=CC=CC=C1Cl)=O,0.0031861419323831798
N(C1C=C(C=CC=1)SC1C(=O)N(C2=CC=C(C=C2)F)C(=O)C=1NC1C=C(C)C=CC=1OC)C(C1C=CC(OC)=CC=1OC)=O,0.003156577015761286
N(C1C=C(C=CC=1)SC1C(=O)N(C2C=CC(=CC=2)OC)C(=O)C=1NC1=CC=C(C=C1)Br)C(C1=CC=C(C=C1)OC)=O,0.0033017023000866176
N(C1C=C(C=CC=1)SC1C(=O)N(C2=CC=C(C=C2)F)C(=O)C=1NC1C=C(C)C=CC=1OC)C(C1=CC=CC(OC)=C1)=O,0.0031344673479907215
N(C(=O)C1=CC=CC=C1F)(CC(N1N=C(CC1C1=CC(OC)=CC=C1OC)C1=CC=CC=C1Cl)=O)CCOC,0.007282720506191253
N(C1C=C(C=CC=1)SC1C(=O)N(C2C=CC(=CC=2)OC)C(=O)C=1NC1=CC=C(C=C1)Br)C(C1C=CC(=CC=1)Cl)=O,0.003083072183653712
N(C1C=C(C=CC=1)SC1C(=O)N(C2=CC=C(C=C2)F)C(=O)C=1NC1C=C(C)C=CC=1OC)C(C1=CC=C(C=C1)Br)=O,0.0033130992203950884
N(C(=O)C1C=CC=C(F)C=1)(CC(N1N=C(CC1C1=CC(OC)=CC=C1OC)C1=CC=CC=C1Cl)=O)CCOC,0.007012005732394755
N(C1C=C(C=CC=1)SC1C(=O)N(C2C=CC(=CC=2)OC)C(=O)C=1NC1=CC=C(C=C1)Br)C(C1=CC=CC(OC)=C1)=O,0.0032956340932287277
N(C1C=C(C=CC=1)SC1C(=O)N(C2=CC=C(C=C2)F)C(=O)C=1NC1C=C(C)C=CC=1OC)C(C1=CC=C2OCOC2=C1)=O,0.003022123093251139
C(C(=O)NC1C=C2S(N=C(CC(C)C)N(C3=CC=CC=C3)C2=CC=1)(=O)=O)OC,0.0038000088650733234
C(CN1C(=O)CSC(C2=CC=CS2)C2=C1N(N=C2C1=CC=C(Cl)C=C1)C1=CC=C(C)C=C1)(=O)NC(C)C,0.004546134627889842
C(CN1C(=O)CSC(C2=CC=CS2)C2=C1N(N=C2C1=CC=C(Cl)C=C1)C1=CC=C(C)C=C1)(=O)N1CCN(CC1)C(C)=O,0.003919010842218995
C(CN1C(=O)CSC(C2C=CC=CC=2C)C2=C1N(N=C2C1=CC=C(Cl)C=C1)C1=CC=C(C)C=C1)(=O)NCC1CCCO1,0.004132686799857765
C(CN1C(=O)CSC(C2=CC=CC=C2OC)C2=C1N(N=C2C1=CC=C(Cl)C=C1)C1=CC=C(C)C=C1)(=O)NCCC,0.0044404240790754555
N(C1CC2=C(CC1)NC1C(C)=CC(Cl)=CC=12)C(CC1C=CCC1)=O,0.008040385087952018
C(CN1C(=O)CSC(C2=CC=CS2)C2=C1N(N=C2C1=CC=C(Cl)C=C1)C1=CC=C(C)C=C1)(=O)NC(C)CC,0.004636236012447626
C(CN1C(=O)CSC(C2C=CC=CC=2C)C2=C1N(N=C2C1=CC=C(Cl)C=C1)C1=CC=C(C)C=C1)(=O)N1CCCC1,0.005367188225500285
N(C1CC2=C(CC1)NC1C=C(Cl)C=C(Cl)C=12)C(CC1C=CCC1)=O,0.007632980844937265
O(C1=C(C=CC=C1)C1OC2C=CC=C(C)C=2N=1)S(=O)(=O)C1=CC=CC=C1C#N,0.005193533969577402
C(CN1C(=O)CSC(C2C=CC(F)=CC=2)C2=C1N(N=C2C1=CC=C(Cl)C=C1)C1=CC=C(C)C=C1)(=O)NCC1CCCO1,0.0038753665401600303
C(CN1C(=O)CSC(C2=CC=CS2)C2=C1N(N=C2C1=CC=C(Cl)C=C1)C1=CC=C(C)C=C1)(=O)NC1CC1,0.0044110151007771495
C(CN1C(=O)CSC(C2C=CC=CC=2C)C2=C1N(N=C2C1=CC=C(Cl)C=C1)C1=CC=C(C)C=C1)(=O)NC(C)C,0.004852415074128658
C(CN1C(=O)CSC(C2C=CC=CC=2C)C2=C1N(N=C2C1=CC=C(Cl)C=C1)C1=CC=C(C)C=C1)(=O)N1CCOCC1,0.0043835292686708275
C(CN1C(=O)CSC(C2=CC=CC=C2OC)C2=C1N(N=C2C1=CC=C(Cl)C=C1)C1=CC=C(C)C=C1)(=O)NCC1CCCO1,0.003986009955406189
O(C)CCNC(C1C(C)=C(OC2=CC=C(N(=O)=O)C=C2S(N2CCOCC2)(=O)=O)N(N=1)C1=CC=C(OC)C=C1)=O,0.002733340166741982
O(C1=C(C=CC=C1)C1OC2C=CC=C(C)C=2N=1)S(=O)(=O)C1=CC=C(Cl)C=C1Cl,0.006022634077817201
C(C(=O)NC1C=C2S(N=C(C3C=CC=C(C)C=3)N(CCCC)C2=CC=1)(=O)=O)(C)C,0.005088519724085927
C(CN1C(=O)CSC(C2C=CC(F)=CC=2)C2=C1N(N=C2C1=CC=C(Cl)C=C1)C1=CC=C(C)C=C1)(=O)N1CCCC1,0.00454942942596972
C(CN1C(=O)CSC(C2=CC=CS2)C2=C1N(N=C2C1=CC=C(Cl)C=C1)C1=CC=C(C)C=C1)(=O)NCCC,0.004385574511252344
C(CN1C(=O)CSC(C2C=CC=CC=2C)C2=C1N(N=C2C1=CC=C(Cl)C=C1)C1=CC=C(C)C=C1)(=O)NC1CC1,0.0047030370915308595
C(CN1C(=O)CSC(C2=CC=CC=C2OC)C2=C1N(N=C2C1=CC=C(Cl)C=C1)C1=CC=C(C)C=C1)(=O)NCC(C)C,0.00478963201167062
C(NC(C1C(C)=C(OC2=CC=C(N(=O)=O)C=C2S(N2CCOCC2)(=O)=O)N(N=1)C1=CC=C(OC)C=C1)=O)(C)CC,0.002884633932262659
O(C1=C(C=CC=C1)C1OC2C=CC(=CC=2N=1)Cl)S(=O)(=O)C1=CC=CC=C1OC(F)(F)F,0.004330410878174007
C(CN1C(=O)CSC(C2C=CC(F)=CC=2)C2=C1N(N=C2C1=CC=C(Cl)C=C1)C1=CC=C(C)C=C1)(=O)N1CCOCC1,0.004197790753096342
C(CN1C(=O)CSC(C2C=CC=CC=2C)C2=C1N(N=C2C1=CC=C(Cl)C=C1)C1=CC=C(C)C=C1)(=O)NCCCOC,0.003503479086793959
C(CN1C(=O)CSC(C2=CC=CC=C2OC)C2=C1N(N=C2C1=CC=C(Cl)C=C1)C1=CC=C(C)C=C1)(=O)NCCOC,0.003502344014123082
N1(N=C(C2C(C3=CC(OC)=CC=C3OC)SCC(=O)N(CC(N3CCOCC3)=O)C1=2)C1C=CC=CC=1)C1=CC=CC(C)=C1C,0.004782377684023231
O(C1=C(C=CC=C1)C1OC2C=CC(=CC=2N=1)Cl)S(=O)(=O)C1=CC=CC(Cl)=C1Cl,0.006414282647892833
CC(=O)NC1C=C2S(N=C(CC(C)C)N(C3=CC=CC=C3)C2=CC=1)(=O)=O,0.003689142828807235
C(CN1C(=O)CSC(C2C=CC(F)=CC=2)C2=C1N(N=C2C1=CC=C(Cl)C=C1)C1=CC=C(C)C=C1)(=O)N1CCN(CC1)C(C)=O,0.003906751726754009
C(CN1C(=O)CSC(C2C=CC=CC=2C)C2=C1N(N=C2C1=CC=C(Cl)C=C1)C1=CC=C(C)C=C1)(=O)NCCC,0.004686368315014988
C(CN1C(=O)CSC(C2=CC=CC=C2OC)C2=C1N(N=C2C1=CC=C(Cl)C=C1)C1=CC=C(C)C=C1)(=O)NCC1=CC=CO1,0.0042032489320263265
C1(NC(C2C(C)=C(OC3=CC=C(N(=O)=O)C=C3S(N3CCCC3)(=O)=O)N(N=2)C(C)(C)C)=O)=CC=C(C=C1)F,0.0029829323175363243
C(NC(C1C(C)=C(OC2=CC=C(N(=O)=O)C=C2S(NCC(C)C)(=O)=O)N(N=1)C1=CC=CC(Cl)=C1)=O)C(C)C,0.0027999625483062117
C1(C(=O)NC2C=C3S(N=C(C4C=CC=C(C)C=4)N(CCCC)C3=CC=2)(=O)=O)CC1,0.004849052126519382
C1(C(=O)NC2C=C3S(N=C(CC(C)C)N(C4=CC=CC=C4)C3=CC=2)(=O)=O)CCC1,0.004498790006618947
C(CN1C(=O)CSC(C2=CC=CS2)C2=C1N(N=C2C1=CC=C(Cl)C=C1)C1=CC=C(C)C=C1)(=O)NCC(C)C,0.00470914450706914
C(CN1C(=O)CSC(C2=CC=CS2)C2=C1N(N=C2C1=CC=C(Cl)C=C1)C1=CC=C(C)C=C1)(=O)N1CCCC1,0.005049390054773539
C(CN1C(=O)CSC(C2=CC=CC=C2OC)C2=C1N(N=C2C1=CC=C(Cl)C=C1)C1=CC=C(C)C=C1)(=O)NC1CC1,0.004451979300938547
C(CN1C(=O)CSC(C2=CC(OC)=CC=C2OC)C2=C1N(N=C2C1=CC=C(Cl)C=C1)C1=CC=C(OC)C=C1)(=O)NCCOC,0.0034100433229468765
C1C(C)=CC=CC=1NC(C1C(C)=C(OC2=CC=C(C=C2S(NCCC)(=O)=O)N(=O)=O)N(N=1)C(C)(C)C)=O,0.0030435307417064905
O(C1=CC=CC(=C1)C1OC2C=CC(=CC=2N=1)S(=O)(=O)CC)S(=O)(=O)C1=CC=C(C)C=C1,0.005060695158317685
C1(C(=O)NC2C=C3S(N=C(CC(C)C)N(C4=CC=CC=C4)C3=CC=2)(=O)=O)CC1,0.0042173882364295425
C1(C(=O)NC2C=C3S(N=C(C4C=CC=C(C)C=4)N(CCCC)C3=CC=2)(=O)=O)CCCC1,0.005420590238645673
C(CN1C(=O)CSC(C2=CC=CS2)C2=C1N(N=C2C1=CC=C(Cl)C=C1)C1=CC=C(C)C=C1)(=O)NCC1=CC=CO1,0.004536555602680892
C(CN1C(=O)CSC(C2=CC=CS2)C2=C1N(N=C2C1=CC=C(Cl)C=C1)C1=CC=C(C)C=C1)(=O)N1CCOCC1,0.0041417287313379346
C(CN1C(=O)CSC(C2=CC=CC=C2OC)C2=C1N(N=C2C1=CC=C(Cl)C=C1)C1=CC=C(C)C=C1)(=O)NCCCOC,0.0034879815997555853
C(CN1C(=O)CSC(C2=CC(OC)=CC=C2OC)C2=C1N(N=C2C1=CC=C(Cl)C=C1)C1=CC=C(OC)C=C1)(=O)NC1CC1,0.0039309726795181636
N(C(CC(C)(C)C)=O)(CC(N1N=C(CC1C1=CC=C(OC)C(OC)=C1)C1=CC=C(OC)C=C1)=O)CCOC,0.009322122461162508
N(C(=O)C1=CC=CC=C1F)(CC(N1N=C(CC1C1=CC=C(OC)C(OC)=C1)C1=CC=C(OC)C=C1)=O)CCOC,0.008222252293489874
N(C(=O)C1C=CC=C(F)C=1)(CC(N1N=C(CC1C1=CC=C(OC)C(OC)=C1)C1=CC=C(OC)C=C1)=O)CCOC,0.007584394211880863
N(C(=O)COC)(CC(N1N=C(CC1C1=CC=C(OC)C(OC)=C1)C1=CC=C(OC)C=C1)=O)CCOC,0.009168206783942878
C(C(=O)N1CCCC1C1=NC2C(O1)=CC=C(C1=C(F)C=C(F)C=C1)C=2)C1C=CC(OC)=CC=1,0.0065203859005123375
N(C(=O)NC(C)(C)C)(CC(N1N=C(CC1C1=CC=C(OC)C(OC)=C1)C1=CC=C(OC)C=C1)=O)CCOC,0.006078940071165562
N(C(=O)NC(C)C)(CC(N1N=C(CC1C1=CC=C(OC)C(OC)=C1)C1=CC=C(OC)C=C1)=O)CCOC,0.006043725670315326
N(C(=O)CC)(CC(N1N=C(CC1C1=CC=C(OC)C(OC)=C1)C1=CC=C(OC)C=C1)=O)CCOC,0.009277396183460952
N(C(C1=CC=C(C=C1)C(F)(F)F)=O)(CC(N1N=C(CC1C1=CC=C(OC)C(OC)=C1)C1=CC=C(OC)C=C1)=O)C,0.0065008769510313865
N(C(CC1C=CC(=CC=1)F)=O)C(C)C1=NC(C2=CC(OC)=C(OC)C=C2)=NO1,0.006957151857204735
N(C1C=C(C=CC=1)SC1C(=O)N(C2C=C(C)C=CC=2OC)C(=O)C=1NC1C=CC(=CC=1)C)C(C1=CC=CS1)=O,0.002701386471744627
N(C(C1CCCC1)=O)C1C=C(C=CC=1)SC1C(=O)N(C2C=CC(=CC=2)OC)C(=O)C=1NC1=CC=CC=C1,0.0035890189232304693
N(C1C=C(C=CC=1)SC1C(=O)N(C2C=C(C)C=CC=2OC)C(=O)C=1NC1C=CC(=CC=1)OC)C(C1CCCC1)=O,0.0032632368034683167
N(C1C=C(C=CC=1)SC1C(=O)N(C2=CC=CC=C2)C(=O)C=1NC1C=CC(C)=C(C)C=1)C(CCC1C=CC=CC=1)=O,0.0034026682376861574
C(N(CCOC)CC1C=C(OS(C2=CC=CC=C2C(=O)OC(C)C)(=O)=O)C=CC=1)(C1CCC1)=O,0.010772604634985328
C(NC(=O)N(CCOC)CC1C=C(OS(C2=CC=CC=C2C(=O)OC(C)C)(=O)=O)C=CC=1)(C)(C)C,0.007578597730025649
N(C(CC1C=CC(=CC=1)F)=O)(CCC1C=CC=CC=1)CCC1ON=C(C2=CC=CC(Cl)=C2)N=1,0.006753778643906116
N(C1C=C(C=CC=1)SC1C(=O)N(C2C=C(C)C=CC=2OC)C(=O)C=1NC1C=CC(=CC=1)C)C(C1=CC=C(C=C1)OC)=O,0.0033109037089161576
N(C1C=C(C=CC=1)SC1C(=O)N(C2C=C(C)C=CC=2OC)C(=O)C=1NC1C=CC(=CC=1)OC)C(C1=CC=CO1)=O,0.0033709566690959037
N(C1C=C(C=CC=1)SC1C(=O)N(C2C=C(C)C=CC=2OC)C(=O)C=1NC1C=CC(=CC=1)OC)C(C1C=CC(=CC=1)Cl)=O,0.0028775880113244058
N(C1C=C(C=CC=1)SC1C(=O)N(C2=CC=CC=C2)C(=O)C=1NC1C=CC(C)=C(C)C=1)C(CC(C)C)=O,0.0038132139132358136
C1(=CC=CS1)C(=O)N(CCOC)CC1C=C(OS(C2=CC=CC=C2C(=O)OC(C)C)(=O)=O)C=CC=1,0.008739756559953094
C1(NC(=O)N(CCOC)CC2C=C(OS(C3=CC=CC=C3C(=O)OC(C)C)(=O)=O)C=CC=2)C=CC=CC=1OC,0.007370822946541011
N(C1C=CC(=CC=1)SC1C(=O)N(C2=CC=CC=C2)C(=O)C=1NC1=CC=C(C(C)C)C=C1)C(CC(C)C)=O,0.0038965842104516923
N(C1C=CC(=CC=1)SC1C(=O)N(C2C=C(C)C=CC=2OC)C(=O)C=1NC1C=CC(=CC=1)OC)C(C1=CC=C(C=C1)F)=O,0.003057413676287979
N(C1C=C(C=CC=1)SC1C(=O)N(C2C=C(C)C=CC=2OC)C(=O)C=1NC1C=CC(=CC=1)C)C(CC(C)C)=O,0.00364465129096061
N(C1C=C(C=CC=1)SC1C(=O)N(C2C=C(C)C=CC=2OC)C(=O)C=1NC1C=CC(=CC=1)OC)C(CCC1C=CC=CC=1)=O,0.0030398700037039816
N(C1C=C(C=CC=1)SC1C(=O)N(C2C=C(C)C=CC=2OC)C(=O)C=1NC1C=CC(=CC=1)OC)C(C1C=CC(OC)=CC=1OC)=O,0.003026152483653277
N(C1C=C(C=CC=1)SC1C(=O)N(C2=CC=CC=C2)C(=O)C=1NC1C=CC(C)=C(C)C=1)C(C1C=CC=CC=1)=O,0.003641487308777869
C1(=CC=CC=C1Cl)C(=O)N(CCOC)CC1C=C(OS(C2=CC=CC=C2C(=O)OC(C)C)(=O)=O)C=CC=1,0.009493853198364377
N(C1C=CC(=CC=1)SC1C(=O)N(C2C=C(C)C=CC=2OC)C(=O)C=1NC1C=CC(=CC=1)OC)C(C1=CC=CO1)=O,0.003343298751860857
N(C1C=C(C=CC=1)SC1C(=O)N(C2C=C(C)C=CC=2OC)C(=O)C=1NC1C=CC(=CC=1)C)C(C1C=CC=CC=1)=O,0.0034047938068397345
N(C1C=C(C=CC=1)SC1C(=O)N(C2C=C(C)C=CC=2OC)C(=O)C=1NC1C=CC(=CC=1)OC)C(C1=CC=CS1)=O,0.0026326773338951172
N(C1C=C(C=CC=1)SC1C(=O)N(C2C=C(C)C=CC=2OC)C(=O)C=1NC1C=CC(=CC=1)OC)C(C1=CC=CC(OC)=C1)=O,0.0030509929289110004
N(C1C=C(C=CC=1)SC1C(=O)N(C2=CC=CC=C2)C(=O)C=1NC1C=CC(C)=C(C)C=1)C(C1CCCC1)=O,0.003855363908223808
C(N(CCOC)CC1C=C(OS(C2=CC=CC=C2C(=O)OC(C)C)(=O)=O)C=CC=1)(CC(C)C)=O,0.011854352243244649
N(C1C=CC(=CC=1)SC1C(=O)N(C2C=C(C)C=CC=2OC)C(=O)C=1NC1C=CC(=CC=1)OC)C(C1=CC=CS1)=O,0.002697871089912951
N(C1C=C(C=CC=1)SC1C(=O)N(C2C=C(C)C=CC=2OC)C(=O)C=1NC1C=CC(=CC=1)C)C(C1CCCC1)=O,0.0036846223869360984
N(C1C=C(C=CC=1)SC1C(=O)N(C2C=C(C)C=CC=2OC)C(=O)C=1NC1C=CC(=CC=1)OC)C(C1=CC=CC=C1Cl)=O,0.002977535827085376
N(C1C=C(C=CC=1)SC1C(=O)N(C2C=C(C)C=CC=2OC)C(=O)C=1NC1C=CC(=CC=1)OC)C(C1=CC=C(C=C1)N(=O)=O)=O,0.0020177746948320417
N(C1C=C(C=CC=1)SC1C(=O)N(C2=CC=CC=C2)C(=O)C=1NC1C=CC(C)=C(C)C=1)C(C1=CC=C(C=C1)N(=O)=O)=O,0.002095226140227169
C(N(CCOC)CC1C=C(OS(C2=CC=CC=C2C(=O)OC(C)C)(=O)=O)C=CC=1)(CC(C)(C)C)=O,0.011795982019975781
N(C1C=CC(=CC=1)SC1C(=O)N(C2C=C(C)C=CC=2OC)C(=O)C=1NC1C=CC(=CC=1)OC)C(C1=CC=CC=C1Cl)=O,0.002987148682586849
N(C1C=C(C=CC=1)SC1C(=O)N(C2C=C(C)C=CC=2OC)C(=O)C=1NC1C=CC(=CC=1)C)C(C1=CC=C(C=C1)N(=O)=O)=O,0.002040654356824234
N(C1C=C(C=CC=1)SC1C(=O)N(C2C=C(C)C=CC=2OC)C(=O)C=1NC1C=CC(=CC=1)OC)C(C1=CC=C(C=C1)OC)=O,0.0030567167792469262
N(C1C=C(C=CC=1)SC1C(=O)N(C2C=C(C)C=CC=2OC)C(=O)C=1NC1C=CC(=CC=1)OC)C(C1=CC=C2OCOC2=C1)=O,0.0029547831742092966
C1(=CC=CO1)C(=O)N(CCOC)CC1C=C(OS(C2=CC=CC=C2C(=O)OC(C)C)(=O)=O)C=CC=1,0.011120437970384955
C1(=CC=CC=C1F)C(=O)N(CCOC)CC1C=C(OS(C2=CC=CC=C2C(=O)OC(C)C)(=O)=O)C=CC=1,0.009706750744953752
N(C1C=CC(=CC=1)SC1C(=O)N(C2C=C(C)C=CC=2OC)C(=O)C=1NC1C=CC(=CC=1)OC)C(CC(C)C)=O,0.0032905782689340414
N(C1C=C(C=CC=1)SC1C(=O)N(C2C=C(C)C=CC=2OC)C(=O)C=1NC1C=CC(=CC=1)C)C(C1=CC=C2OCOC2=C1)=O,0.0029999455902725456
N(C1C=C(C=CC=1)SC1C(=O)N(C2C=C(C)C=CC=2OC)C(=O)C=1NC1C=CC(=CC=1)OC)C(CC(C)C)=O,0.0032101642456836997
C(N(CCOC)CC1C=C(OS(C2=CC=CC=C2C(=O)OC(C)C)(=O)=O)C=CC=1)(C)=O,0.011291497526690364
C(N(CCOC)CC1C=C(OS(C2=CC=CC=C2C(=O)OC(C)C)(=O)=O)C=CC=1)(=O)C1C=CC=C(F)C=1,0.00948451110161841
N(C(CC1C=CC(=CC=1)F)=O)C(C(C)CC)C1ON=C(C2C=CC=C(C=2)C(F)(F)F)N=1,0.006159833376295864
N(C1C=C(C=CC=1)SC1C(=O)N(C2C=C(C)C=CC=2OC)C(=O)C=1NC1C=CC(=CC=1)C)C(C1=CC=CO1)=O,0.0034277324215509
C(NC(=O)N(CCOC)CC1C=C(OS(C2=CC=CC=C2C(=O)OC(C)C)(=O)=O)C=CC=1)(C)C,0.00756357351783663
N(C1C=C(C=CC=1)SC1C(=O)N(C2C=C(C)C=CC=2OC)C(=O)C=1NC1C=CC(=CC=1)OC)C(C1C=CC=CC=1)=O,0.0033139991923235358
N(C1C=C(C=CC=1)SC1C(=O)N(C2=CC=CC=C2)C(=O)C=1NC1C=CC(C)=C(C)C=1)C(C1=CC=CO1)=O,0.003822302084881812
C(N(CCOC)CC1C=C(OS(C2=CC=CC=C2C(=O)OC(C)C)(=O)=O)C=CC=1)(C(C)C)=O,0.011841291561722755
C(N(CCOC)CC1C=C(OS(C2=CC=CC=C2C(=O)OC(C)C)(=O)=O)C=CC=1)(COC)=O,0.01124407364986837
C1(C(=O)N(CC2CCCO2)CC2C(=NN(C3=CC=CC=C3)C=2OC2=CC=CC=C2OC)CC)C=CC=CC=1,0.0095137775875628
C(CN1C(=O)CSC(C2=CC=CC=C2Cl)C2=C1N(N=C2C1=CC=CS1)C1C=CC=CC=1C)(=O)NCC1=CC=C(F)C=C1,0.004118842247407883
C1(C(=O)N(CCOC)CC2C(=NN(C3=CC=CC=C3)C=2OC2=CC(F)=CC=C2)CC)=CC=CC=C1F,0.0073101859306916595
C1(C(=O)N(CC2=CC=CO2)CC2C(=NN(C3C=CC=CC=3)C=2OC2=CC=C(F)C=C2F)C)C=CC=CC=1,0.00829189436044544
C1(C(=O)N(CCOC)CC2C(=NN(C3C=CC=CC=3)C=2OC2=C(Cl)C=CC=C2)C)=CC=C(C)C=C1,0.007763442234136164
C1(C(=O)N(C(C)C)CC2C(=NN(C3C=CC=CC=3)C=2OC2=CC=CC=C2OC)C)=CC=C(C=C1)F,0.008618126949295401
C(C(C)(C)N1CC2=C(C1=O)C(C1C=CC=C(C=1)OC1C=CC=CC=1)NC(=O)N2CC)(NCC(C)C)=O,0.006615357752889395
C(CN1C(=O)CSC(C2=CC=CC=C2Cl)C2=C1N(N=C2C1=CC=CS1)C1C=CC=CC=1C)(=O)N1CCOCC1,0.004230422200635076
C1(C(=O)N(CCOC)CC2C(=NN(C3=CC=CC=C3)C=2OC2=CC(F)=CC=C2)CC)=CC=CC(OC)=C1,0.0069173193536698815
C1(C(=O)N(CC2=CC=CO2)CC2C(=NN(C3C=CC=CC=3)C=2OC2=CC=C(F)C=C2F)C)=CC=C(C)C=C1,0.008346858341246844
C1(C(=O)N(CC(C)C)CC2C(=NN(C3C=CC=CC=3)C=2OC2=CC=C(F)C=C2F)C)=CC=CS1,0.008002874092198908
C1(C(=O)N(C(C)C)CC2C(=NN(C3C=CC=CC=3)C=2OC2=CC=CC=C2OC)C)=CC=C(C)C=C1,0.01120052239857614
C(C(C)(C)N1CC2=C(C1=O)C(C1C=CC=C(C=1)OC1C=CC=CC=1)NC(=O)N2CC)(NCCOC)=O,0.005022270162589848
O=C(CN1C(=O)CSC(C2C=CC=C(Cl)C=2)C2=C1N(N=C2C1=CC=CS1)C1=CC=CC=C1Cl)N,0.004797998501453548
C(NC(=O)N(CCOC)CC1C(=NN(C2=CC=CC=C2)C=1OC1=CC(F)=CC=C1)CC)C,0.004254187108017504
C1(C(=O)N(CC2=CC=CO2)CC2C(=NN(C3C=CC=CC=3)C=2OC2=CC=C(F)C=C2F)C)CC1,0.00964903123676777
C1(C(=O)N(CC2CCCO2)CC2C(=NN(C3C=CC=CC=3)C=2OC2=C(Cl)C=CC=C2)C)=CC=C(C)C=C1,0.0076704929349944
C1(C(=O)N(C(C)C)CC2C(=NN(C3C=CC=CC=3)C=2OC2=CC=CC=C2OC)C)=CC=CC(OC)=C1,0.009791505266912281
C(CN1C(=O)CSC(C2C=CC(F)=CC=2)C2=C1N(N=C2C1=CC=CS1)C1=CC=CC=C1Cl)(=O)N1CCOCC1,0.0042074442142620684
C1(C(=O)N(CCC)CC2C(=NN(C3=CC=CC=C3)C=2N(C)C)C(F)(F)F)=CC=CC=C1Cl,0.006663217232562602
C1(C(=O)N(CC2=CC=CO2)CC2C(=NN(C3C=CC=CC=3)C=2OC2=CC=C(F)C=C2F)C)=CC=CC(OC)=C1,0.007997525855898857
C1(C(=O)N(CC2CCCO2)CC2C(=NN(C3C=CC=CC=3)C=2OC2=C(Cl)C=CC=C2)C)CC1,0.008910405589267612
C1(C(=O)N(CC(C)C)CC2C(=NN(C3C=CC=CC=3)C=2OC2=CC=C(F)C=C2F)C)CC1,0.010122239822521806
C1(C(=O)N(CCC)CC2C(=NN(C3C=CC=CC=3)C=2OC2=CC=CC=C2OC)C)=CC=C(C=C1)F,0.008393942029215395
C(C(C)(C)N1CC2=C(C1=O)C(C1C=CC=C(C=1)OC1C=CC=CC=1)NC(=O)N2CC)(NCC1CCCO1)=O,0.005478434218093753
C1(S(=O)(=O)N(C2CC2)CC2C(=NN(C3=CC=CC=C3)C=2OC2=CC(F)=CC=C2)CC)C=CC(=CC=1)OC,0.005787582928314805
C(NC(=O)N(CC1=CC=CO1)CC1C(=NN(C2C=CC=CC=2)C=1OC1=CC=C(F)C=C1F)C)CC,0.005281065916642546
C1(C(=O)N(C(C)C)CC2C(=NN(C3C=CC=CC=3)C=2OC2=CC(C)=CC=C2)C)=CC=CC=C1Cl,0.008868496352806687
C1(C(=O)N(CCC)CC2C(=NN(C3C=CC=CC=3)C=2OC2=CC=CC=C2OC)C)=CC=C(C)C=C1,0.011158945132046938
C(CN1C(=O)CSC(C2C=CC=C(Cl)C=2)C2=C1N(N=C2C1=CC=CS1)C1=CC=CC=C1Cl)(=O)NC(C)CC,0.004423173307441175
C1(C(=O)N(CCOC)CC2C(=NN(C3=CC=CC=C3)C=2OC2=CC(F)=CC=C2)CC)=CC=C(C=C1)F,0.006921952194534242
C(C(C)(C)N1CC2=C(C1=O)C(C1C=CC=C(C)C=1)NC(=O)N2CC)(NCCOC)=O,0.006286213384009897
C(C(=O)N(C(C)C)CC1C(=NN(C2C=CC=CC=2)C=1OC1=CC(C)=CC=C1)C)C,0.011380440834909678
C1(C(=O)N(CCC)CC2C(=NN(C3C=CC=CC=3)C=2OC2=CC=CC=C2OC)C)CCCC1,0.012934869807213544
C(CN1C(=O)CSC(C2C=CC=C(Cl)C=2)C2=C1N(N=C2C1=CC=CS1)C1=CC=CC=C1Cl)(=O)NCCCOC,0.003209168859757483
C1(C(=O)N(CCOC)CC2C(=NN(C3=CC=CC=C3)C=2OC2=CC(F)=CC=C2)CC)=CC=CC=C1Cl,0.006468057073652745
C1(C(=O)N(CC2=CC=CO2)CC2C(=NN(C3C=CC=CC=3)C=2OC2=CC=C(F)C=C2F)C)=CC=C(C=C1)F,0.008180009201169014
C1(C(=O)N(C(C)C)CC2C(=NN(C3C=CC=CC=3)C=2OC2=CC(C)=CC=C2)C)=CC=C(C)C=C1,0.010827969014644622
C1(C(=O)N(CCC)CC2C(=NN(C3=CC=CC=C3)C=2OC2=CC(F)=CC=C2)C(C)C)=CC=CC=C1F,0.00827731522731483
C1(C(=O)N(CCOC)CC2C(=NN(C3=CC=CC=C3)C=2OC2=CC=CC=C2OC)CC)=CC=CS1,0.008564911922439933
C(CN1C(=O)CSC(C2C=CC=C(Cl)C=2)C2=C1N(N=C2C1=CC=CS1)C1=CC=CC=C1Cl)(=O)N1CCC(CC1)C,0.00437063806457445
C1(C(=O)N(CCOC)CC2C(=NN(C3=CC=CC=C3)C=2OC2=CC(F)=CC=C2)CC)C=CC=CC=1,0.006921947654336691
C(C(=O)N(CC1=CC=CO1)CC1C(=NN(C2C=CC=CC=2)C=1OC1=CC=C(F)C=C1F)C)C,0.009139240393415094
C1(C(=O)N(CCOC)CC2C(=NN(C3C=CC=CC=3)C=2OC2=C(Cl)C=CC=C2)C)=CC=CO1,0.007801053347066045
C1(C(=O)N(C(C)C)CC2C(=NN(C3C=CC=CC=3)C=2OC2=CC(C)=CC=C2)C)=CC=CC(OC)=C1,0.010001974273473024
CC(=O)N(CCOC)CC1C(=NN(C2C=CC=CC=2)C=1OC1=CC=CC=C1OC)C,0.011000517290085554
C1(C(=O)N(C2CC2)CC2C(=NN(C3=CC=CC=C3)C=2OC2=C(F)C=CC=C2)C(C)C)=CC=CS1,0.007858886709436774
C(CCC(OC)=O)C(NC1=CC=C2C=CC=CC2=C1)=O,0.006680951849557459
C1CCCC=1C(N1CC(C(OCC)=O)CCC1)=O,0.012654210953041912
C1(=CC=CN1C)C(N1CC(C(OCC)=O)CCC1)=O,0.008826098637655377
C(CCC(OC)=O)C(N1CC2C=CC=CC=2C1)=O,0.0119468180462718
C(C1=CC=CS1)NC1=CC=C(C(=O)OC)C=C1,0.00541617616545409
C1(C(=O)NC2C=C3S(N=C(CC)N(CC(C)C)C3=CC=2)(=O)=O)CC1,0.004235499817878008
C(=O)(OCC)C(NCCC1=CC=C(Cl)C=C1)=O,0.00665178750641644
C1C(C(=O)OC)(C(NC2=CC=C(Cl)C=C2Cl)=O)C1,0.008613572432659566
C(COC)CNC(C1CN(CC2C=CC(F)=CC=2)C(=O)C1)=O,0.005829464248381555
N1(CCCCC1C(OCC)=O)C(=O)CSC1C=CC=CC=1,0.006423006323166192
C1(C=C2C(=O)N(C3=CC=C(N(=O)=O)C=C3)C(SCC=C)=NC2=C(OC)C=1OC)OC,0.005214431404601783
N1(CCSC21C(=O)N(CC1=C(C)C=CC=C1)C1C2=CC=CC=1)C(=O)NC1=CC=CC=C1,0.005521360272541642
N(CCNC(C1=CSC(=N1)COC1=CC(C)=CC=C1C(C)C)=O)C(C1C=CC(F)=CC=1)=O,0.005282114795409143
C1(C(C)C)C=CC(=CC=1)NC(C1CN(CC2C=CC(F)=CC=2)C(=O)C1)=O,0.007475417107343674
C(C1CN(C2=CC(Cl)=C(C)C=C2)C(=O)C1)(=O)N1CCC2C(C1)=CC=CC=2,0.010756688751280307
N1(CCC(C(NC(=O)C2=CC=C(C=C2)F)C(NC2=CC=CC=C2)=O)CC1)C(=O)CC1C=CC=CC=1,0.005835300078615546
N1(C2C=CC(Cl)=C(C)C=2)CCC(C(=O)N2CCC(CC2)CC2C=CC=CC=2)C1=O,0.010592702031135558
C1=C(C=CC=C1NC(=O)N(C1CC1)CC(=O)N1CCC2SC=CC=2C1COC1=CC=CC=C1)Cl,0.004108664335217327
C1(NC(=O)N2CCSC32C(=O)N(CC2=CC=C(F)C(F)=C2)C2C3=CC(=CC=2)C)=CC=C(C=C1)Cl,0.004444379464257508
N1(CCC(CC1)N(CC1C=CC(F)=CC=1)C(CN(CCC)S(=O)(=O)CCC)=O)C(=O)COC,0.006435466394759714
C1(Cl)C=C(C=CC=1)NC(C1N=C(C2=C(C=CC=C2)OCC2C=CC=CC=2)SC=1)=O,0.005147729162126779
C(C1CN(C2C=CC=C(C)C=2)C(=O)C1)(=O)N(CC1C=CC=CC=1)CCC1C=CC=CC=1,0.012362508848309518
C1C=C(C=CC=1F)NC(=S)N1CCC(C(NC(=O)C2=CC=C(C)C=C2)C(NC2CC2)=O)CC1,0.007013612450100482
N(=O)(=O)C1C=CC(=CC=1)C(=O)N1CC(CCC1)OCC1=C(F)C=C(F)C=C1,0.004385565361008048
N(C(=O)C1=CC=CO1)C1C=CC(=CC=1)SC1C(=O)N(C2=CC=C(C=C2)F)C(=O)C=1NC1=CC=CC=C1,0.0033166612614877523
N(C1C=CC(=CC=1)SC1C(=O)N(C2C=CC(=CC=2)OC)C(=O)C=1NC1=CC=C(C(C)C)C=C1)C(C1=CC=CS1)=O,0.0028977056266739965
N(C(=O)C1=CC=CS1)C1C=CC(=CC=1)SC1C(=O)N(C2=CC=C(C=C2)F)C(=O)C=1NC1=CC=CC=C1,0.0024097628658637403
N(C1C=C(C=CC=1)SC1C(=O)N(C2C=CC(=CC=2)OC)C(=O)C=1NC1=CC=C(C(C)C)C=C1)C(C1=CC=CO1)=O,0.00353458080207929
N(C(=O)C1=CC=C(C=C1)OC)C1C=CC(=CC=1)SC1C(=O)N(C2=CC=C(C=C2)F)C(=O)C=1NC1=CC=CC=C1,0.0030902873957529666
N(C1C=C(C=CC=1)SC1C(=O)N(C2C=CC(=CC=2)OC)C(=O)C=1NC1=CC=C(C(C)C)C=C1)C(CC(C)C)=O,0.0034628036664798856
C(NC(=O)N(C(C)C)CC(=O)N(CC1=CC=C(C=C1)F)CC1=CC=CO1)CCC,0.0054582800716161724
N(C(C1CCCC1)=O)C1C=C(C=CC=1)SC1C(=O)N(C2=CC=C(C=C2)F)C(=O)C=1NC1C=CC(=CC=1)OC,0.0033004101482219995
N(C1C=CC(=CC=1)SC1C(=O)N(C2=CC=C(C=C2)C(F)(F)F)C(=O)C=1NC1=CC=C(C=C1)F)C(C1=CC=CO1)=O,0.0026541798608377574
C1(C(=O)N(CC=C)CC(=O)N2CCC3SC=CC=3C2COC2=CC=C(F)C=C2)=CC=CC=C1F,0.007935811672359705
N(C(=O)C1=CC=CC(OC)=C1)C1C=C(C=CC=1)SC1C(=O)N(C2=CC=C(C=C2)F)C(=O)C=1NC1C=CC(=CC=1)OC,0.00320497831562534
N(C1C=CC(=CC=1)SC1C(=O)N(C2=CC=C(C=C2)C(F)(F)F)C(=O)C=1NC1=CC=C(C=C1)F)C(CC(C)C)=O,0.00237631545169279
C(NC(=O)N(CC=C)CC1N=C(SC=1)COC1=CC=CC=C1C(C)C)(C)C,0.006469952408224344
N(C(=O)C1=CC=C(C=C1)N(=O)=O)C1C=C(C=CC=1)SC1C(=O)N(C2=CC=C(C=C2)F)C(=O)C=1NC1C=CC(=CC=1)OC,0.001992252591298893
N(C1C=C(C=CC=1)C1N(C2C=CC=CC=2OC)C(=O)CS1)C(C1=C(Cl)C=CC=C1)=O,0.00588655648753047
N(C1C=C(C=CC=1)SC1C(=O)N(CC(C)C)C(=O)C=1NC1=CC=C(C=C1)Br)C(C1=CC=CC(OC)=C1)=O,0.003993008716497571
N(C1C=C(C=CC=1)SC1C(=O)N(CC(C)C)C(=O)C=1NC1=CC=C(C=C1)Br)C(C1=CC=C(C=C1)N(=O)=O)=O,0.002554904599674046
C1CCCN1C(CC1=CC=C(C=C1)N(C(=O)C1CC1)CC1C=CC=C(F)C=1)=O,0.00997239681892097
O1CCN(CC1)C(CC1=CC=C(C=C1)N(C(=O)C1CC1)CC1C=CC=C(F)C=1)=O,0.008690119232051074
O1CCN(CC1)C(CC1=CC=C(C=C1)N(C(=O)C1CC1)CC1=CC=CC=C1)=O,0.010264224791899323
N1(CCN(CC1)C(CC1=CC=C(C=C1)N(C(=O)C1CC1)CC1=CC=CC=C1)=O)C(C)=O,0.00948538356460631
C(C)(C)NC(C1=CC=C(COC2C=C3C(N(C(=O)C)CCC3=CC=2)C2C=CC=CC=2)O1)=O,0.009624436870217324
C1(F)C=C(CNC(C(CC)OC2C=C3C(N(C(=O)C)CCC3=CC=2)C2C=CC=CC=2)=O)C=CC=1,0.008127237786538899
C(=O)(NC1=CC=CC=C1Br)N1CCCC1C(=O)N1CCC(C)CC1,0.006689577177166939
C1(C(=O)N(C(C)CC)CC2=CC=CC(=C2)OS(C2C=CC=C(C=2)C(F)(F)F)(=O)=O)=CC=CO1,0.008991195214912295
C(C(=O)N(C(C)CC)CC1=CC=CC(=C1)OS(C1C=CC=C(C=1)C(F)(F)F)(=O)=O)(C)C,0.00915533141233027
C1=CC2OC=C(C3C=CC(OC)=CC=3)C(=O)C=2C=C1F,0.0077382371528074145
C1(=CC=CC=C1F)C(=O)N(CC1=CC=CO1)CC1=C(OS(=O)(=O)C)C=CC=C1,0.009769323468208312
C1(=CC2OC=C(C3C=CC(OC)=CC=3)C(=O)C=2C=C1)C,0.012193183181807399
C1=CC2OC=C(C3=CC(C)=C(F)C=C3)C(=O)C=2C=C1Cl,0.007444262644276023
C1(=CC=CS1)C(=O)N(C1CC1)CC1=CC(OS(=O)(=O)C(C)C)=C(OC)C=C1,0.010484111029654741
C(N(CCOC)CC1C=CC(OS(=O)(=O)C(C)C)=CC=1)(=O)C1C=CC=C(F)C=1,0.008758973237127066
O=C(C(CC)N1C2C(C(=O)N(C3C=CC(=CC=3)OCC)C1=O)=CC=CC=2)NC(C)CC,0.007111095264554024
C1(=CC=CC=C1Cl)C(=O)N(CC1=CC=C(F)C=C1)CC1=CC(OS(=O)(=O)CC)=C(OC)C=C1,0.009340839111246169
C1(C(=O)NCC2N(C(NC3=CC=CC=C3)=O)CCC3C2=CC(OC)=C(OC)C=3)=CC=CS1,0.005085389176383614
C1(C(=O)N(CC2=CC=CO2)CC(=O)N(CC2=CC=C(F)C=C2)CC2=CC=C(C)S2)C=CC(C)=CC=1,0.008808887004852295
N(C(C)(C)C)C(N(C(C)CC)CC1=CC(=CC=C1OS(=O)(=O)C1=CC=C(C=C1)NC(C)=O)Cl)=O,0.0050481849815696474
C1(C(=O)N(CC(C)C)CC(N(CC2=CC=C(F)C=C2)CC2=CC=C(C)S2)=O)C=CC=CC=1F,0.008732516970485448
C1(C(=O)N(CC(C)C)CC(=O)N(CCC2=CC=CC=C2)CC2=CC=C(C)O2)C=CC=C(Br)C=1,0.014105191687121987
C1(C(=O)N(C(C)(C)C)CC(=O)N(CC2=CC=C(F)C=C2)CC2=CC=C(C)S2)CCC1,0.010596194537356496
C1(C(=O)N(CCCOCC)CC(=O)N(CCC2=CC=CC=C2)CC2=CC=C(C)O2)C=CC(=CC=1)OC,0.009622506611049176
N(CCOC)(C(=O)C1C=CC=CC=1F)CC1C=CC(=CC=1)OS(=O)(=O)C,0.008301398530602456
C(N(CC1=CC=CO1)CC1C=C(OS(=O)(=O)C2C=CC(=CC=2)OC)C=CC=1)(C(C)C)=O,0.01114176595583558
C1(C(=O)N(CC2=CC=CO2)CC(=O)N(CC2=CC=C(F)C=C2)CC2=CC=C(C)S2)C=CC=CC=1F,0.008901280257850886
N1(C2=CC=C(OC)C=C2OC)C(=O)C(C)N(C(=O)CC2C=CC=CC=2)CC1,0.008092681760899723
C(N(CCOC)CC1=CC(=CC=C1OS(=O)(=O)C1=CC=C(C=C1)NC(C)=O)Cl)(CC(C)(C)C)=O,0.006871126010082662
C1(COC2C[C@](OCC3=CC=CC(C(F)(F)F)=C3)(C(NCCOC)=O)C[C@H]3OC(C)(C)O[C@H]32)=CC=C(C=C1)C,0.006062235857825726
N(CC(NC1C=CC(=CC=1)OC)=O)C(=O)C1=CC=CC2C=CC=CC1=2,0.006068742088973522
C(=O)(NCC(=O)NC1C=CC2CCCC=2C=1)C1=CC=CC2C=CC=CC1=2,0.009012180380523205
N(CC(NC1C=CC=CC=1F)=O)C(=O)C1=CC=CC2C=CC=CC1=2,0.005099016532767564
C1(=CC=CC=C1F)C(=O)N(CCOC)CC1=CC(OS(=O)(=O)C2C=CC(=CC=2)OC)=C(OC)C=C1,0.00958226560615003
O=C(CN1C2C(C(=O)N(C3=CC=CC(C)=C3)C1=O)=CC=CC=2)NC1=CC=C(C=C1)F,0.004517059121280908
C1(C(=O)N2CC(C(C3=CC=C(OC)C=C3)C2)C(=O)NCC2=CC=CC=C2)=CC=C(C)C=C1,0.008986438531428576
O=C(CN1C2C(C(=O)N(C3C=CC(=CC=3)OC)C1=O)=CC=CC=2)NC1C=CC(OC)=C(OC)C=1,0.005622943444177508
O=C(C(CC)N1C2C(C(=O)N(C3=CC=CC(C(C)=O)=C3)C1=O)=CC=CC=2)NC(C)C1=CC=CC=C1,0.008500590571202338
C1=CC(=CC2OCOC1=2)C(=O)N1CC(C(C2=CC=C(F)C=C2)C1)C(=O)NCCCC,0.007082578656263649
C(C(=O)N1CC(C(C2=CC=CC=C2OC)C1)C(=O)NCC1=CC2OCOC=2C=C1)C,0.009398388932459057
C1(C(=O)N2CC(C(C3=CC=CC=C3OC)C2)C(=O)N2CCOCC2)=CC=C(C)C=C1,0.010648384038358927
C(C(=O)N1CC(C(C2=CC=C(OC)C=C2)C1)C(=O)NCC1=CC=CC=C1)C,0.009056154522113502
C1(C(=O)N2CCSC32C(=O)N(CC2C=CC=CC=2)C2C3=CC=CC=2)C=CC=C(Cl)C=1,0.008111007208935917
C(NC(=O)N(C(C)(C)C)CC(=O)N1CCC2SC=CC=2C1COC1=CC=C(C)C=C1C)(C)C,0.006345009687356651
C1(C(=O)N(CC)CC(=O)N2CCC3SC=CC=3C2COC2=CC(F)=CC=C2)=CC=CC=C1C,0.00826058555394411
C(C(=O)N1CCSC21C(=O)N(CC1=C(Cl)C=CC=C1)C1C2=CC(=CC=1)F)C(C)C,0.007360271294601262
C1(C(=O)N2CCSC32C(=O)N(CC2=CC=C(C=C2)F)C2C3=CC(=CC=2)C)SC=CC=1,0.007137481938116252
C1(C(=O)N(C(C)C)CC(=O)N2CCC3SC=CC=3C2COC2=CC(F)=CC=C2)CCCC1,0.009040009370073676
C1(C(=O)N(C(C)(C)C)CC(=O)N2CCC3SC=CC=3C2COC2=CC=C(F)C=C2)=CC=CS1,0.009050997998565435
CC(=O)N(CC1CCCO1)CC(=O)N1CCC2SC=CC=2C1COC1C=CC=CC=1C,0.009457916487008333
C(C(=O)N1CCSC21C(=O)N(CC1=C(Cl)C=CC=C1)C1C2=CC(=CC=1)Cl)C,0.007625787216238677
C1=CC(=CC(OC)=C1)C(=O)N1CCSC21C(=O)N(CC1=CC=C(C=C1)F)C1C2=CC(=CC=1)C,0.0071236711461097005
C(C(=O)N(C(C)(C)C)CC(=O)N1CCC2SC=CC=2C1COC1=CC=C(F)C=C1)C,0.008720913249999285
C1(C(=O)N(CC)CC(=O)N2CCC3SC=CC=3C2COC2C=CC=CC=2C)CCCC1,0.0119334455113858
N1(CCC2SC=CC=2C1C1=CC=CC=C1C)C(=O)C1C=CC=CC=1F,0.009685306809842587
C1(C(=O)N(C(C)(C)C)CC(=O)N2CCC3SC=CC=3C2COC2=CC(F)=CC=C2)=CC=CS1,0.008756260108202695
C(C(=O)N(C1CC1)CC(=O)N1CCC2SC=CC=2C1COC1=CC(F)=CC=C1)C,0.007959091407246887
C(C(=O)N1CCSC21C(=O)N(CC1=CC=C(C=C1)C)C1C2=CC(=CC=1)Cl)(C)C,0.009211662923917174
C1(C(=O)N(C(C)(C)C)CC(=O)N2CCC3SC=CC=3C2COC2=CC(F)=CC=C2)=CC=CO1,0.008649039547890425
C1(C(=O)N2CCSC32C(=O)N(CC2=CC=C(C=C2)C)C2C3=CC(=CC=2)Cl)CCC1,0.009362039738334715
CC(=O)N(CC1CC1)CC(=O)N1CCC2SC=CC=2C1COC1=CC=C(C)C=C1C,0.01132083754055202
C1(C(=O)N(C(C)(C)C)CC(=O)N2CCC3SC=CC=3C2COC2=CC(F)=CC=C2)CCCC1,0.009278031531721354
C1(C(=O)N(CC)CC(=O)N2CCC3SC=CC=3C2COC2=CC(F)=CC=C2)=CC=CS1,0.00840391181409359
CC(=O)N(C(C)(C)C)CC(=O)N1CCC2SC=CC=2C1COC1=CC=CC=C1OC,0.010768846049904824
CC(=O)N(CC1CCCO1)CC(=O)N1CCC2SC=CC=2C1COC1=CC(F)=CC=C1,0.007731325831264258
C1(C(=O)N(CC)CC(=O)N2CCC3SC=CC=3C2COC2=CC(F)=CC=C2)C=CC=CC=1,0.007923633186146617
C(NC(=O)N(C(C)(C)C)CC(=O)N1CCC2SC=CC=2C1COC1=CC=C(C)C=C1C)C,0.005957528972066939
C1(C(=O)N(C(C)(C)C)CC(=O)N2CCC3SC=CC=3C2COC2=CC=C(F)C=C2)=CC=CO1,0.008915045950561761
C1(C(=O)N(CC)CC(=O)N2CCC3SC=CC=3C2COC2=CC(F)=CC=C2)=CC=C(C)C=C1,0.008289472479373217
C(C(=O)N1CCSC21C(=O)N(CC1=C(Cl)C=CC=C1)C1C2=CC(=CC=1)C)(C)C,0.009125593747012318
C1(C(=O)N(C(C)(C)C)CC(=O)N2CCC3SC=CC=3C2COC2=CC=C(C=C2)C)=CC=CO1,0.01074620746076107
C1(=CC=CO1)C(=O)N(CC1=CC=C(F)C=C1)CC1=CC(=CC=C1OS(=O)(=O)C1=CC=C(C=C1)NC(C)=O)Cl,0.0059821194037795065
N(CC(C)C)(C(NC(C)(C)C)=O)CC1=CC=CC(=C1)OS(=O)(=O)C1C=CC(=CC=1)F,0.00652066795155406
C(NC(=O)N(CC1CCCO1)CC1=C(OS(=O)(=O)C2C=CC(=CC=2)OC)C=CC=C1)(C)(C)C,0.0064645843813195825
C1(C(=O)N2CCSC32C(=O)N(CC2=C(Cl)C=CC=C2)C2C3=CC(=CC=2)OC)C=CC=CC=1,0.007362781325355172
C1(C=CC=CC=1)CNC(=O)N1CCSC21C(=O)N(CC1C=CC=C(C)C=1)C1C2=CC=CC=1,0.005554105760529638
C1(C(=O)N2CCSC32C(=O)N(CC2=CC(OC)=CC=C2)C2C3=CC=CC=2)C=CC(=CC=1)Cl,0.00749158097896725
C1(C(=O)N2CCSC32C(=O)N(CC2C=CC=CC=2)C2C3=CC=CC=2)=CC=C(C)C=C1,0.010090386448428034
C1(C(=O)N2CCSC32C(=O)N(CC2C=CC=CC=2)C2C3=CC(=CC=2)OC)=CC=C(C)C=C1,0.008841188275255263
C1(C(=O)N2CCSC32C(=O)N(CC2=CC(OC)=CC=C2)C2C3=CC=CC=2)=CC=C(C)C=C1,0.009128418331965805
N1(CCC(C(NC(=O)C2C=CC=CC=2)C(N2CCCC2)=O)CC1)C(NCC)=O,0.005251909210346639
C1(C=CC=CC=1)CNC(=O)N1CCSC21C(=O)N(CC1C=CC=C(C)C=1)C1C2=CC(=CC=1)F,0.00472578996559605
C1(C(=O)N2CCSC32C(=O)N(CC2=CC(OC)=CC=C2)C2C3=CC(=CC=2)C)=C(F)C=CC=C1,0.00791442822664976
C1(C(=O)N2CCSC32C(=O)N(CC2=CC(OC)=CC=C2)C2C3=CC(=CC=2)OC)=CC=C(C)C=C1,0.008292534248903393
C(N(C(C)CC)CC1=CC(=CC=C1OS(=O)(=O)C1=CC=C(C=C1)F)Cl)(COC)=O,0.00697893223259598
C(C(=O)N1CCSC21C(=O)N(CC1C=CC(=CC=1)C(C)(C)C)C1C2=CC(=CC=1)OC)C,0.009971112478524446
N1(CCC(C(NC(=O)C2C=CC=CC=2)C(N(CC)CC)=O)CC1)C(=O)C1C=C(C)C=CC=1,0.009809724008664488
C1(C(=O)N2CCSC32C(=O)N(CC2C=CC=C(C)C=2)C2C3=CC=CC=2)=CC=C(C=C1)OC,0.00915494104847312
C1=CC(=CC(OC)=C1)C(=O)N1CCSC21C(=O)N(CC1=CC(OC)=CC=C1)C1C2=CC(=CC=1)C,0.008327160589396953
C1C(C)=C(C=CC=1)C(=O)N1CCC(C(NC(=O)C2C=CC=CC=2)C(NC(C)CC)=O)CC1,0.008748133550398052
C1(C(=O)N2CCSC32C(=O)N(CC2=CC=C(C=C2)F)C2C3=CC(=CC=2)C)CCCC1,0.008732049423269928
C1(C(=O)N2CCSC32C(=O)N(CC2=CC=C(C=C2)F)C2C3=CC(=CC=2)OC)=CC=C(C)C=C1,0.007154289446771145
C1(C(=O)N2CCSC32C(=O)N(CC2C=CC(=CC=2)C(C)(C)C)C2C3=CC(=CC=2)OC)CC1,0.009986431244760752
C1(C(=O)N2CCSC32C(=O)N(CC2C=CC=C(C)C=2)C2C3=CC=CC=2)=C(F)C=CC=C1,0.008734140172600746
C(NC(=O)N1CCC(C(NC(=O)C2C=CC=CC=2)C(N2CCCCC2)=O)CC1)(C)(C)C,0.005871390854008496
C1(C(=O)N2CC(SC32C(=O)N(CC2C=CC=CC=2)C2C3=CC=CC=2)(C)C)CCCC1,0.011586660286411643
C1(C(=O)N2CCSC32C(=O)N(CC2C=CC=C(F)C=2)C2C3=CC(=CC=2)OC)C=CC=CC=1,0.006809619418345392
C1(C(=O)N2CCSC32C(=O)N(CC2=C(C)C=CC=C2)C2C3=CC(=CC=2)OC)=C(F)C=CC=C1,0.008136161928996443
C(C(=O)N1CCSC21C(=O)N(CC1C=CC=CC=1F)C1C2=CC(=CC=1)C)C(C)C,0.008163394453004003
C1(C(=O)N2CC(SC32C(=O)N(CC2=C(C)C=CC=C2)C2C3=CC=CC=2)(C)C)=CC=CO1,0.012130105961114168
N1(CCSC21C(=O)N(CC)C1C2=CC=CC=1)C(=O)NCC1=CC(C)=CC=C1,0.00548368573654443
C1(C(=O)N2CCSC32C(=O)N(CC2=CC=C(C=C2)C)C2C3=CC=CC=2)=CC=C(C=C1)F,0.00837358315475285
C1(C(=O)N2CCSC32C(=O)N(CC2C=CC=C(F)C=2)C2C3=CC(=CC=2)OC)=CC=C(C)C=C1,0.0070469740079715844
C1(C=CC=CC=1)CNC(=O)N1CCSC21C(=O)N(CC1=C(C)C=CC=C1)C1C2=CC(=CC=1)OC,0.004990071069914848
C1(C(=O)N2CCSC32C(=O)N(CC2=C(C)C=CC=C2)C2C3=CC(=CC=2)OC)C=CC=C(F)C=1,0.007239790260791778
C1(C(=O)N2CCSC32C(=O)N(CC2C=CC=CC=2F)C2C3=CC(=CC=2)C)CCCC1,0.008539315732195973
C1(C(=O)N2CCC(C(NC(=O)C3=CC=C(C)C=C3)C(NC(C)CC)=O)CC2)C=CC=CC=1,0.008844789979048074
C1(C(=O)N2CCSC32C(=O)N(CC2=CC=C(C=C2)C)C2C3=CC=CC=2)C=CC=CC=1,0.010072944173589348
C1C(C)=C(C=CC=1)C(=O)N1CCSC21C(=O)N(CC1C=CC=C(F)C=1)C1C2=CC(=CC=1)OC,0.007017878373153508
C1(C=CC=CC=1)CNC(=O)N1CCSC21C(=O)N(CC1=CC(OC)=CC=C1)C1C2=CC(=CC=1)C,0.005090569204185158
C1(C(=O)N2CCSC32C(=O)N(CC2=CC(OC)=CC=C2)C2C3=CC=CC=2)=C(F)C=CC=C1,0.007872330537065864
C1=CC(=CC(OC)=C1)C(=O)N1CCSC21C(=O)N(CC1C=CC=CC=1)C1C2=CC(=CC=1)Cl,0.007329976768232882
C(C(=O)N1CCSC21C(=O)N(CC1=CC=C(C=C1)F)C1C2=CC(=CC=1)Cl)OC,0.006520547135733068
C1(C(=O)N2CCSC32C(=O)N(CC2=CC=C(C=C2)C)C2C3=CC=CC=2)=C(F)C=CC=C1,0.008821267867460847
C(C(=O)N1CCSC21C(=O)N(CC1=C(Cl)C=CC=C1)C1C2=CC(=CC=1)OC)C(C)C,0.0082867497112602
C1(C(=O)N2CCSC32C(=O)N(CC2=CC(OC)=CC=C2)C2C3=CC=CC=2)C=CC=C(F)C=1,0.007140445336699486
C1(C(=O)N2CCSC32C(=O)N(CC2C=CC=CC=2)C2C3=CC(=CC=2)OC)=CC=C(C=C1)F,0.007003332115709781
C1(C)C=C(CNC(=O)N2CCSC32C(=O)N(CC2C=CC=CC=2)C2C3=CC(=CC=2)OC)C=CC=1,0.005000414571259171
N(C(C)C1=CC=CC=C1)C(CN1C2C(C(=O)N(C3C=CC(C)=C(Cl)C=3)C1=O)=CC=C(C=2)Cl)=O,0.005300172127317637
C(NC(=O)N(C(C)C)CC(=O)N1CCC2SC=CC=2C1COC1=CC(C)=C(Cl)C=C1)C,0.004609702771995216
C(C(=O)N(C(C)C)CC(=O)N1CCC2SC=CC=2C1COC1=CC=C(C=C1)Cl)(C)C,0.009788456559181213
C(NC(=O)N(C1CC1)CC(=O)N1CCC2SC=CC=2C1COC1=CC(C)=C(Cl)C=C1)(C)C,0.004707790317479521
C(NC(=O)N(C(C)C)CC(=O)N1CCC2SC=CC=2C1COC1=CC(C)=C(Cl)C=C1)(C)C,0.004976312653161586
C(C(=O)N(C(C)(C)C)CC(=O)N1CCC2SC=CC=2C1COC1=CC(C)=C(Cl)C=C1)C,0.009558599721640349
C(NC(=O)N(C1CC1)CC(=O)N1CCC2SC=CC=2C1COC1=CC=C(C=C1)C)(C)(C)C,0.0058009282220155
C1(C(=O)N(C(C)C)CC(=O)N2CCC3SC=CC=3C2COC2=CC=C(F)C=C2)=CC=CO1,0.00863736760802567
C(C(=O)N(C(C)C)CC(=O)N1CCC2SC=CC=2C1COC1=CC(C)=C(Cl)C=C1)C,0.009263702109456063
C(NC(=O)N(C(C)C)CC(=O)N1CCC2SC=CC=2C1COC1=CC=C(C=C1)C)(C)(C)C,0.0060053141321986915
C1(C(=O)N(C(C)C)CC(=O)N2CCC3SC=CC=3C2COC2=CC=C(F)C=C2)=CC=CS1,0.008730770694091916
CC(=O)N(CC1CCCO1)CC(=O)N1CCC2SC=CC=2C1COC1=CC=C(C=C1)C,0.009377339435741306
C1(C(=O)N(C(C)C)CC(=O)N2CCC3SC=CC=3C2COC2=CC=C(F)C=C2)C=CC=CC=1,0.008252660417929292
C(C(=O)N(C1CC1)CC(=O)N1CCC2SC=CC=2C1COC1=CC=C(C=C1)C)(C)C,0.011652534501627088
C1(C(=O)N(C2CC2)CC(=O)N2CCC3SC=CC=3C2COC2=CC=C(C=C2)C)=CC=CS1,0.010048242704942822
C(C(=O)N(C1CC1)CC(=O)N1CCC2SC=CC=2C1COC1=CC=CC=C1)(C)C,0.011071206768974662
C1(C)C=C(C(C)=C(C)C=1)OCC1N(C(=O)NC(C2C=CC=C(C)C=2)C=1C(OCC)=O)C,0.00827116237487644
C1(C(=O)N(C2CC2)CC(=O)N2CCC3SC=CC=3C2COC2=CC=C(C=C2)C)=CC=C(C)C=C1,0.009778268309310079
C1(C(=O)N(C(C)C)CC(=O)N2CCC3SC=CC=3C2COC2=CC=C(F)C=C2)CCCC1,0.009048104472458362
C1(C)C=C(C=CC=1C)OCC1N(C)C(=O)NC(C2=CC(C)=CC=C2C)C=1C(OCC)=O,0.008245091745629906
C1(C(=O)N(C2CC2)CC(=O)N2CCC3SC=CC=3C2COC2=CC=C(C=C2)C)=CC=CC=C1C,0.009637795621529222
C(N(CC1CCCO1)CC1C=CC(OS(=O)(=O)C(C)C)=CC=1)(COC)=O,0.010872503835707903
C(C(=O)N(C(CC)C)CC(N(CC1=CC=C(F)C=C1)CC1=CC=C(C)S1)=O)(C)C,0.010677617508918047
C(N(CC1=CC=C(F)C=C1)CC1C=C(OS(=O)(=O)CC)C=CC=1)(COC)=O,0.008282801322638988
C(C1=CC=C(CN2C(=O)COC3C2=CC=CC=3)O1)(N1CCOCC1)=O,0.008652171352878213
C1(=CC=CC=C1F)C(=O)N(CCOC)CC1C=CC(OS(=O)(=O)C(C)C)=CC=1,0.009542231867089867
N1(CCC2SC=CC=2C1C1C(Cl)=CC(Cl)=CC=1)C(=O)C(C)C,0.011591015011072158
C(N(C1CC1)CC1=CC(OS(=O)(=O)C(C)C)=C(OC)C=C1)(CC(C)C)=O,0.014039670303463935
C(N(CC(C)C)CC1C=CC(OS(=O)(=O)C(C)C)=CC=1)(COC)=O,0.01162440381012857
CC(=O)N(CC1OC=CC=1)CC(=O)N(CCC1=CC=CC=C1)CC1=CC=C(C)O1,0.013047381211072207
C(C1=CC(OS(=O)(=O)C(C)C)=C(OC)C=C1)N(C(NC(C)C)=O)C1CC1,0.008381522307172418
C(N(CC1CCCO1)CC1=CC(=CC=C1OS(=O)(=O)C)Cl)(CC(C)C)=O,0.009130387008190155
C(NC(=O)N(C(C)C)CC1=C(OS(=O)(=O)CC)C=CC=C1)C,0.00612843157723546
C(N(C(C)C)CC1C=C(OS(=O)(=O)C2C=CC(=CC=2)OC)C=CC=1)(COC)=O,0.010154900653287769
C(N(C(C)CC)CC1=C(OS(=O)(=O)C2C=CC(=CC=2)OC)C=CC=C1)(C)=O,0.01083851675502956
C(NC(=O)N(C(C)C)CC1C=CC(OS(=O)(=O)C2C=CC(=CC=2)OC)=CC=1)C,0.006449671275913715
C(N(CC1CCCO1)CC1C=C(OS(=O)(=O)CC)C=CC=1)(C(C)C)=O,0.010955115593969823
C(N(C1CC1)CC1C=CC(OS(=O)(=O)C2C=CC(=CC=2)OC)=CC=1)(C(C)C)=O,0.011256433557718992
C1(=CC=CS1)C(=O)N(C(C)C)CC1=C(OS(=O)(=O)C2C=CC(=CC=2)OC)C=CC=C1,0.0090551954228431
C(N(CC(C)C)CC1=C(OS(=O)(=O)C2C=CC(=CC=2)OC)C=CC=C1)(COC)=O,0.011155629996210337
N(CC(C)C)(C(=O)C(C)C)CC1=CC(=C(OC)C=C1)OS(=O)(=O)C1C=CC(=CC=1)F,0.010799929220229387
C(NC(=O)N(CC(C)C)CC1=CC(OS(=O)(=O)C2=CC=C(C=C2)F)=C(OC)C=C1)(C)C,0.0077116802567616105
N(CCOC)(C(CC(C)(C)C)=O)CC1=CC(=C(OC)C=C1)OS(=O)(=O)C1C=CC(=CC=1)F,0.010027577495202422
C1(=CC=CS1)C(=O)N(CCOC)CC1C=C(OS(=O)(=O)C2C=CC(=CC=2)OC)C=CC=1,0.008177690859884023
C(N(CC1CCCO1)CC1=CC(OS(=O)(=O)C2=CC=C(C=C2)F)=C(OC)C=C1)(CC(C)(C)C)=O,0.009652199735864998
C(N(CCOC)CC1C=C(OS(=O)(=O)C2C=CC(=CC=2)OC)C=CC=1)(CC(C)C)=O,0.010945127811282873
C(C(=O)N(C(C)(C)C)CC(=O)N1CCC2SC=CC=2C1COC1=CC=C(C=C1)C)(C)C,0.012649444071576
C1=CC(=CC(OC)=C1)C(=O)N1CCSC21C(=O)N(CC1=CC=C(C=C1)C)C1C2=CC(=CC=1)F,0.007248150138184428
C1(C(=O)N2CCSC32C(=O)N(CC2=CC=C(C=C2)C)C2C3=CC(=CC=2)OC)C=CC=CC=1,0.008925212547183037
C1(C(=O)N2CCSC32C(=O)N(CC2C=CC=C(C)C=2)C2C3=CC(=CC=2)Cl)CC1,0.008962434064596892
C(C(=O)N(C(C)(C)C)CC(=O)N1CCC2SC=CC=2C1COC1=CC=C(C=C1)C)C,0.011350228684023023
C(C(=O)N1CCSC21C(=O)N(CC1C=CC=C(F)C=1)C1C2=CC(=CC=1)C)C(C)C,0.008465898944996298
C1(C(=O)N2CCSC32C(=O)N(CC2=CC=C(C=C2)C)C2C3=CC(=CC=2)OC)=C(F)C=CC=C1,0.008174621430225671
C1(C(=O)N(C(C)(C)C)CC(=O)N2CCC3SC=CC=3C2COC2=CC=C(C=C2)C)CCCC1,0.012418259028345346
C1(C(=O)N2CCSC32C(=O)N(CC2C=CC=C(F)C=2)C2C3=CC(=CC=2)C)CCCC1,0.008625967777334154
C1(C(=O)N2CCSC32C(=O)N(CC2=CC=C(C=C2)C)C2C3=CC(=CC=2)OC)C=CC=C(F)C=1,0.007295505958609283
C1C=C(OC(F)(F)F)C=C(C=1)COC1C[C@](OCC2C=CC=C(C)C=2)(C(NCC2CC2)=O)C[C@H]2OC(C)(C)O[C@H]21,0.0064971365733072165
C(C(=O)N1CCSC21C(=O)N(CC1=CC=C(C=C1)C)C1C2=CC(=CC=1)C)C(C)C,0.01133782989345491
C1=CC(=CC(OC)=C1)C(=O)N1CCSC21C(=O)N(CC1C=CC=C(F)C=1)C1C2=CC(=CC=1)C,0.00705156538169831
C(C(=O)N1CCSC21C(=O)N(CC1=CC=C(C=C1)F)C1C2=CC(=CC=1)OC)C,0.00686992381233722
C1(C)C=C(CNC(=O)N2CCSC32C(=O)N(CC2=CC(OC)=CC=C2)C2C3=CC=CC=2)C=CC=1,0.005105467152316123
C1(C(F)(F)F)C=C(C=CC=1)COC1C[C@](OCC2=CC=CC(C(F)(F)F)=C2)(C(NC(C)C)=O)C[C@H]2OC(C)(C)O[C@H]21,0.007705337437801063
C1(C(=O)N2CCSC32C(=O)N(CC2C=CC=C(F)C=2)C2C3=CC=CC=2)C=CC=CC=1,0.00763043612241745
C1(C(=O)N2CCSC32C(=O)N(CC2C=CC=CC=2F)C2C3=CC(=CC=2)OC)C=CC=CC=1,0.006936403759755194
C(C(=O)N1CCSC21C(=O)N(CC1=CC=C(F)C=C1F)C1C2=CC=CC=1)C,0.006573277013376355
C1=CC(=CC(OC)=C1)C(=O)N1CCSC21C(=O)N(CC1C=CC=C(F)C=1)C1C2=CC=CC=1,0.006968416715972125
C1(C(=O)N2CCSC32C(=O)N(CC2C=CC=CC=2F)C2C3=CC(=CC=2)OC)=CC=C(C)C=C1,0.007096599345095456
C1(C(=O)N2CCC(C(NC(=O)C3=CC=C(C)C=C3)C(NC(C)CC)=O)CC2)=CC=C(C)C=C1,0.009105571825057269
C(C(=O)N1CCSC21C(=O)N(CC1=CC=C(C=C1)C)C1C2=CC(=CC=1)F)C(C)C,0.00841885742265731
C1(C(=O)N2CCSC32C(=O)N(CC2=CC=C(C=C2)C)C2C3=CC(=CC=2)OC)=CC=C(C=C1)F,0.0072851326083764436
C1(C(=O)N2CCSC32C(=O)N(CC2C=CC=CC=2F)C2C3=CC(=CC=2)C)SC=CC=1,0.007368188211694359
C1C(C)=C(C=CC=1)C(=O)N1CCC(C(NC(=O)C2=CC=C(C)C=C2)C(NC(C)CC)=O)CC1,0.009006900223903358
C(N(CC(C)C)CC1=CC(OS(=O)(=O)C2C=CC(=CC=2)OC)=C(OC)C=C1)(=O)C1C=CC=C(F)C=1,0.00979751842096448
C1(C(=O)N2CCSC32C(=O)N(CC2=CC=C(C=C2)C)C2C3=CC(=CC=2)F)C=CC=CC=1,0.007934452826157212
C1(C(=O)N2CCSC32C(=O)N(CC2=CC=C(C=C2)C)C2C3=CC(=CC=2)OC)=CC=C(C=C1)OC,0.008439380093477666
C1(=CC=CC=C1Cl)C(=O)N(CC(C)C)CC1=CC(OS(=O)(=O)C2C=CC(=CC=2)OC)=C(OC)C=C1,0.009920964110642671
C(N(C(C)C)CC1=CC(=CC=C1OS(=O)(=O)C1C=CC(=CC=1)OC)Cl)(COC)=O,0.008810887299478053
C(NC(=O)N(C1CC1)CC1C=CC(OS(=O)(=O)C2=CC=C(C=C2)F)=CC=1)C,0.0054223265964537855
C(N(C1CC1)CC1=CC(=CC=C1OS(=O)(=O)C1=CC=C(C=C1)NC(C)=O)Cl)(COC)=O,0.00636390324216336
C1C(F)=C(C(F)=CC=1)COC1C[C@](OCC2C=CC=C(C)C=2)(C(NCC2CC2)=O)C[C@H]2OC(C)(C)O[C@H]21,0.009035206935368478
C(NC(=O)N1CCC(C(NC(C2=CC3OCOC=3C=C2)=O)C(N2CCCC2)=O)CC1)(C)C,0.005420669948216527
C1(C(=O)N2CCC(C(NC(C3=CC4OCOC=4C=C3)=O)C(NC(C)C)=O)CC2)CCCC1,0.008529979339800774
C(N(C(C)C)CC1=CC(=CC=C1OS(=O)(=O)C1=CC=C(C=C1)NC(C)=O)Cl)(C(C)C)=O,0.007444953103549779
C(CCN1C(=O)C(C)SC1C1=CC=CC=C1F)(N1CCCC1)=O,0.007160169538110495
C(N(CCOC)CC1=CC(=CC=C1OS(=O)(=O)C1=CC=C(C=C1)NC(C)=O)Cl)(COC)=O,0.006799519108608365
C(NC(=O)N1CCC(C(NC(=O)C2=CC=C(C=C2)OC)C(N2CCCCC2)=O)CC1)(C)C,0.005619747063610703
C1(C(=O)N2CCC(C(NC(=O)C3=CC=C(C=C3)OC)C(NC(C)C)=O)CC2)C=CC=CC=1,0.007943132566288114
C(NC(=O)N(C(C)C)CC1C=C(OS(=O)(=O)C2C=CC(=CC=2)OC)C=CC=1)(C)(C)C,0.007026486517861486
C(NC(=O)N1CCC(C(NC(=O)C2=CC=C(C=C2)OC)C(NC2CC2)=O)CC1)(C)(C)C,0.005608010885771364
C(C(=O)N1CCC(C(NC(C2=CC3OCOC=3C=C2)=O)C(N(CC)CC)=O)CC1)C,0.009362040390260517
N(C(C)CC)(C(NCC)=O)CC1=CC=CC(=C1)OS(=O)(=O)C1C=CC(=CC=1)F,0.005723925889469683
C(N(C(C)CC)CC1C=C(OS(=O)(=O)C2C=CC(=CC=2)OC)C=CC=1)(COC)=O,0.01060786354355514
C(N(CC1CCCO1)CC1=C(OS(=O)(=O)C2=CC=C(C=C2)F)C=CC=C1)(C1CCC1)=O,0.009445921471342444
C1(C(=O)N2CCC(C(NC(=O)C3C=CC=CC=3)C(NCC(C)C)=O)CC2)C=C(C)C=CC=1,0.008765981416217983
C(C(=O)N1CCC(C(NC(=O)C2=CC=C(C=C2)OC)C(N2CCCC2)=O)CC1)C(C)C,0.009336610324680805
C(NC(=O)N(C(C)CC)CC1C=C(OS(=O)(=O)C2C=CC(=CC=2)OC)C=CC=1)C,0.0066622311249375345
C1C(C)=C(C=CC=1)C(=O)N1CCSC21C(=O)N(CC1C=CC=C(F)C=1)C1C2=CC=CC=1,0.007891476014629006
C(C(=O)N1CCC(C(NC(C2=CC3OCOC=3C=C2)=O)C(NCC(C)C)=O)CC1)C,0.008499796455726027
C(C(=O)N1CCC(C(NC(=O)C2=CC=C(C=C2)OC)C(N2CCCC2)=O)CC1)C,0.008908183011226357
C1(=CC=CO1)C(=O)N(C1CC1)CC1C=CC(OS(=O)(=O)C(C)C)=CC=1,0.012771376268938183
N(C(C)C)(C(=O)COC)CC1=CC(=C(OC)C=C1)OS(=O)(=O)C1C=CC(=CC=1)F,0.00917318114079535
C(N(C1CC1)CC1C=C(OS(=O)(=O)C2=CC=C(C=C2)F)C=CC=1)(COC)=O,0.008034993940964342
C(N(CC1=CC=CO1)CC1=C(OS(=O)(=O)C)C=CC=C1)(CC(C)C)=O,0.011194222886115313
C1C(F)=C(C(F)=CC=1)COC1C[C@](OCC2C=CC=C(Cl)C=2)(C(NCC)=O)C[C@H]2OC(C)(C)O[C@H]21,0.00800364618189633
C(NC(=O)N1CCC(C(NC(=O)C2=CC=C(C)C=C2)C(N2CCCCC2C)=O)CC1)(C)C,0.0063892729114741085
C(NC(=O)N1CCC(C(NC(C2=CC3OCOC=3C=C2)=O)C(N2CCCC2)=O)CC1)(C)(C)C,0.005441573821008206
C(C)(C)(C)CC(=O)N1CCC(C(NC(C2=CC3OCOC=3C=C2)=O)C(NC(C)C)=O)CC1,0.008897912222892046
C(N(C1CC1)CC1=CC(OS(=O)(=O)C2=CC=C(C=C2)NC(C)=O)=C(OC)C=C1)(=O)C1C=CC=C(F)C=1,0.006755423080176115
C(NC(=O)N(C(C)C)CCN1C(=O)CSC1C1=CC=CC=C1F)(C)C,0.004363672074396164
N(C(=O)C1=CC=CO1)(CC1C=CC(=CC=1)OS(=O)(=O)C1C=CC(=CC=1)F)CC1=CC=CO1,0.010512851644307375
C(C(CC1C=CC=CC=1)N1CC2=C(C1=O)C(C1=C(C(F)(F)F)C=CC=C1)NC(=O)N2CC)(NC)=O,0.005171058920677751
C(C(C1C=CC=CC=1)N1CC2=C(C1=O)C(C1=CC=C(OC)C=C1)NC(=O)N2C)(NCC1=CC=CO1)=O,0.005818123882636428
C(NC(=O)N(C(C)CC)CC1C=C(OS(=O)(=O)C2=CC=C(C=C2)NC(C)=O)C=CC=1)C,0.005370963248424232
C(N(CC(C)C)CC1C=CC(OS(=O)(=O)C2=CC=C(C=C2)NC(C)=O)=CC=1)(C(C)C)=O,0.008103612018749118
C(N(CC(C)C)CC1C=CC(OS(=O)(=O)C2=CC=C(C=C2)NC(C)=O)=CC=1)(COC)=O,0.007451057550497353
C(NC(=O)N(CC(C)C)CC1C=CC(OS(=O)(=O)C2=CC=C(C=C2)NC(C)=O)=CC=1)C,0.00524657922796905
C1(=CC=CS1)C(=O)N(CC1=CC=C(F)C=C1)CC1=CC(=CC=C1OS(=O)(=O)C1=CC=C(C=C1)NC(C)=O)Cl,0.0044665727065876125
O=C(CN1C2C(C(=O)N(C3=CC=CC(Cl)=C3)C1=O)=CC=C(C=2)Cl)NC1C=CC(OC)=C(OC)C=1,0.004722737823612988
C(CCCC)NC(CCN(C1CC1)C(C1=C(C)OC(C)=C1)=O)=O,0.01058834046125412
C(C(=O)N(C(C)C)CC(=O)N1CCC2SC=CC=2C1COC1=CC=C(C=C1)C)(C)C,0.012236634688451885
C1(C(=O)N(C(C)C)CC(=O)N2CCC3SC=CC=3C2COC2=CC=C(C=C2)Cl)CCCC1,0.009763493016362191
C1(C(=O)N(C(C)C)CC(=O)N2CCC3SC=CC=3C2COC2=CC=C(C=C2)C)=CC=CS1,0.010374098969623446
C1(C(=O)N(C(C)C)CC(=O)N2CCC3SC=CC=3C2COC2=CC=C(C=C2)C)C=CC=CC=1,0.009754751902073621
C1(C(=O)N(C(C)C)CC(=O)N2CCC3SC=CC=3C2COC2=CC=CC=C2)=CC=CC=C1C,0.00988533291965723
C1(C(=O)N(C(C)C)CC(=O)N2CCC3SC=CC=3C2COC2=CC=C(C=C2)C)CCCC1,0.01209087362512946
C1(C(=O)N(C2CC2)CC(=O)N2CCC3SC=CC=3C2COC2=CC=CC=C2)=CC=C(C)C=C1,0.009469710383564233
C(NC(=O)N(C(C)(C)C)CC(=O)N1CCC2SC=CC=2C1COC1=CC=C(C=C1)C)C,0.005743753956630826
CC(=O)N(CC1CCCO1)CC(=O)N1CCC2SC=CC=2C1COC1=C(F)C=CC=C1,0.00865548336878419
C(NC(=O)N(CC)CC(=O)N1CCC2SC=CC=2C1COC1C=CC=CC=1C)(C)(C)C,0.005911000026389957
C1(C(=O)N(C(C)C)CC(=O)N2CCC3SC=CC=3C2COC2=CC=C(C=C2)Cl)=CC=CO1,0.008384067192673683
C(NC(=O)N(C(C)C)CC(=O)N1CCC2SC=CC=2C1COC1=CC=C(C=C1)Cl)(C)(C)C,0.004897538095247
C(C(=O)N(C(C)C)CC(=O)N1CCC2SC=CC=2C1COC1=CC=C(C=C1)Cl)C,0.008885190263390541
C1(=CC=CS1)C(=O)N(C(C)CC)CC1=CC(OS(=O)(=O)C2=CC=C(C=C2)NC(C)=O)=C(OC)C=C1,0.007062580552883446
C1(C(=O)N(CCCCC)CC(=O)N(CCC2=CC=CC=C2)CC2=CC=C(C)O2)=CC=CO1,0.012441808031871915
O=C(CN1C2C(C(=O)N(C3C=CC(=CC=3)OC)C1=O)=CC=CC=2)NCC1C=CC=C(C=1)C(F)(F)F,0.004727731377352029
C(N(C(C)CC)CC1C=CC(OS(=O)(=O)C2C=CC(=CC=2)OC)=CC=1)(COC)=O,0.010818901471793652
C(N(CC1=CC=C(F)C=C1)CC1=C(OS(=O)(=O)CC)C=CC=C1)(CC(C)(C)C)=O,0.01022829171270132
N(C(C)(C)C)C(N(CC1CCCO1)CC1=CC(=CC=C1OS(=O)(=O)C1=CC=C(C=C1)NC(C)=O)Cl)=O,0.004320928256493062
C1(NC(=O)N(CC2=CC=CO2)CC2C=CC(OS(=O)(=O)C3C=CC(=CC=3)OC)=CC=2)C=CC=CC=1OC,0.006089810724370181
C1=C(C=CC=C1NC(=O)N(CCCC)CC(=O)N(CCC1=CC=CC=C1)CC1=CC=C(C)O1)F,0.005970284179784358
C1C=C(C=CC=1C)NC(=O)NCC1N(C(NC2=CC=C(OCC)C=C2)=O)CCC2C1=CC(OC)=C(OC)C=2,0.00573196136392653
N(CC1=CC=C(F)C=C1)C(CN1C2C(C(=O)N(C3C=CC(C)=C(Cl)C=3)C1=O)=CC=C(C=2)Cl)=O,0.0047239734674803914
C1(C(=O)N(CC(C)C)CC(=O)N(CCC2C=CC(OC)=C(OC)C=2)CC2=CC=C(C)O2)C=CC=CC=1F,0.010275017796084284
C(NC(=O)N(C(C)C)CC(=O)N(CCC1=CC=CC=C1)CC1=CC=C(C)O1)(C)(C)C,0.007504806853830814
C1(=CC=CC=C1F)C(=O)N(C1CC1)CC1=CC(OS(=O)(=O)C2C=CC(=CC=2)OC)=C(OC)C=C1,0.00973471966572106
N1(CCOCC1)C(CN1C2C(C(=O)N(C3C=CC(C)=C(Cl)C=3)C1=O)=CC=C(C=2)Cl)=O,0.0051675790688022975
C(N(CC(C)C)CC1C=C(OS(=O)(=O)C2C=CC(=CC=2)OC)C=CC=1)(CC(C)C)=O,0.012162901880219578
C(C1COC2(CCN(CC2)C(=O)C2=CC=CC(OC)=C2)N1C(=O)C1=CC=C(C=C1)OC)(=O)NCC1C=CC=C(C=1)C(F)(F)F,0.0047588428715243936
C(C(=O)N(CC=C)CC(N(CC1=CC=C(F)C=C1)CC1=CC=C(C)S1)=O)CC1C=CC=CC=1,0.008612714242190123
C1(NC(=O)N(CCCC)CC(=O)N(CCC2C=CC(OC)=C(OC)C=2)CC2=CC=C(C)O2)C=CC=CC=1C,0.006609639711678028
N1(CCCC1)C(CN1C2C(C(=O)N(C3C=CC(C)=C(Cl)C=3)C1=O)=CC=C(C=2)Cl)=O,0.005804835725575686
C1(C(=O)N(CCOC)CC(N(CC2=CC=C(F)C=C2)CC2=CC=C(C)S2)=O)C=CC(=CC=1)OC,0.0074354835320264104
C1(C(=O)N(CC=C)CC(N(CC2=CC=C(F)C=C2)CC2=CC=C(C)S2)=O)=CC=CS1,0.008559039095416665
C(N(CC1=CC=CO1)CC1=C(OS(=O)(=O)C2=CC=C(C=C2)F)C=CC=C1)(C1CCC1)=O,0.009688155213370919
C1(NC(=O)N(C(C)C)CC(N(CC2=CC=C(F)C=C2)CC2=CC=C(C)S2)=O)C=CC=CC=1C,0.0051383315352723
N(CC1C=CC=C(C=1)C(F)(F)F)C(CN1C2C(C(=O)N(C3=CC=CC=C3F)C1=O)=CC=C(C=2)Cl)=O,0.004155825683847069
C(N(CCOC)CC1=C(OS(=O)(=O)C2=CC=C(C=C2)NC(C)=O)C=CC=C1)(=O)C1C=CC=C(F)C=1,0.005877208849415183
C(NC(=O)N(CC1=CC=C(F)C=C1)CC1=C(OS(=O)(=O)C2C=CC(=CC=2)OC)C=CC=C1)(C)C,0.005873465910553932
C(NC(=O)N(CCOC)CC1=C(OS(=O)(=O)C2=CC=C(C=C2)NC(C)=O)C=CC=C1)C,0.004889876849483698
C1(C(=O)NCC2N(C(NC3=CC=C(OCC)C=C3)=O)CCC3C2=CC(OC)=C(OC)C=3)=CC=CO1,0.005961248092353344
C1(=CC=CS1)C(=O)N(C(C)CC)CC1=CC(=CC=C1OS(=O)(=O)C1=CC=C(C=C1)F)Cl,0.006347965844906866
N(C(C)(C)C)C(N(C(C)CC)CC1=CC(=CC=C1OS(=O)(=O)C1=CC=C(C=C1)F)Cl)=O,0.005747397732920945
O=C(CN1C2C(C(=O)N(C3=CC=CC(Cl)=C3)C1=O)=CC=CC=2)NCC1C=CC=C(C=1)C(F)(F)F,0.0042197367525659505
O=C(CN1C2C(C(=O)N(C3=CC=CC(Cl)=C3)C1=O)=CC=CC=2)NCC1=CC=C(F)C=C1,0.004517834889702499
C(C(CC(C)C)N1C(=O)CSC1C1C=CC(F)=CC=1F)(NCC1=CC=C(F)C=C1)=O,0.006816542870365083
C1(=CC=CC=C1F)C(=O)N(CCOC)CC1=C(OS(=O)(=O)C2C=CC(=CC=2)OC)C=CC=C1,0.009281524922698736
C1(=CC=CO1)C(=O)N(CC(C)C)CC1C=CC(OS(=O)(=O)C2C=CC(=CC=2)OC)=CC=1,0.012284040451049805
C1(=CC=CC=C1Cl)C(=O)N(CC1=CC=C(F)C=C1)CC1=CC(=CC=C1OS(=O)(=O)C1=CC=C(C=C1)NC(C)=O)Cl,0.005667041009292007
C(N(CC1=CC=CO1)CC1C=C(OS(=O)(=O)C2=CC=C(C=C2)NC(C)=O)C=CC=1)(C)=O,0.007311364379711449
C(N(CC1=CC=CO1)CC1=CC(=CC=C1OS(=O)(=O)C1=CC=C(C=C1)NC(C)=O)Cl)(C1CCC1)=O,0.006867565191350877
C1(=C(Cl)C=CC=C1)C(=O)N(CC1=CC=C(F)C=C1)CC1C=C(OS(=O)(=O)CC)C=CC=1,0.008161311130970716
C(NC(=O)N(C(C)CC)CC1C=CC(OS(=O)(=O)C2C=CC(=CC=2)OC)=CC=1)(C)C,0.007311494299210608
C(N(CC1=CC=C(F)C=C1)CC1=CC(=CC=C1OS(=O)(=O)C1=CC=C(C=C1)NC(C)=O)Cl)(C1CCC1)=O,0.006027009221725166
O=C(CN1C2C(C(=O)N(C3=CC=C(C(C)=O)C=C3)C1=O)=CC=C(C=2)Cl)N1CCCC1,0.007752042240463197
C1(=CC=CO1)C(=O)N(CC(C)C)CC1C=CC(OS(=O)(=O)C2=CC=C(C=C2)NC(C)=O)=CC=1,0.008272808114998042
C(N(CC1CCCO1)CC1=CC(OS(=O)(=O)C2=CC=C(C=C2)NC(C)=O)=C(OC)C=C1)(C(C)C)=O,0.008742958237417043
C(N(CC1CCCO1)CC1=CC(=CC=C1OS(=O)(=O)C1=CC=C(C=C1)NC(C)=O)Cl)(CC(C)(C)C)=O,0.006543458765372634
C(N(C1CC1)CC1=CC(=CC=C1OS(=O)(=O)C1=CC=C(C=C1)NC(C)=O)Cl)(C)=O,0.006619673455134034
N1(CCN(CC1)C(C)=O)C(CN1C2C(C(=O)N(C3C=CC(=CC=3)OC)C1=O)=CC=C(C=2)Cl)=O,0.004824864375405013
C(C1=CC(OS(=O)(=O)C2C=CC(=CC=2)OC)=C(OC)C=C1)N(C(NCC)=O)CC1CCCO1,0.00662945497315377
C(C(=O)N(CC1OC=CC=1)CC(=O)N(CCC1=CC=CC=C1)CC1=CC=C(C)O1)(C)C,0.015505581069737673
C(C(=O)N(C1CCCCC1)CC(N(CC1=CC=C(F)C=C1)CC1=CC=C(C)S1)=O)C1C=CC=CC=1,0.009216316975653172
C(C1=CC=C(CN2C(=O)COC3C2=CC(=CC=3)C(C)=O)O1)(NCCC(C)C)=O,0.012994949892163276
N(C1C=C(C=CC=1)C1N(C2=CC=C(C(C)(C)C)C=C2)C(=O)CS1)C(=O)C(C)(C)C,0.009494647569954395
N(C(C)C1=CC=CC=C1)C(CN1C2C(C(=O)N(C3=CC=CC=C3F)C1=O)=CC=C(C=2)Cl)=O,0.004866873053833843
N(C1=C(C=CC=C1)C1N(C2=C(C(C)C)C=CC=C2)C(=O)CS1)C(C1=CC=CC=C1)=O,0.007217078818939626
C1(C(=O)N(CCCC)CC(=O)N(CCC2C=CC(OC)=C(OC)C=2)CC2=CC=C(C)O2)C=CC(=CC=1)F,0.009316034056246281
N1(CCN(CC1)C(C)=O)C(CN1C2C(C(=O)N(C3C=CC(C)=C(Cl)C=3)C1=O)=CC=C(C=2)Cl)=O,0.004897089512087405
C(N(CC1=CC=CO1)CC1C=C(OS(=O)(=O)C2=CC=C(C=C2)NC(C)=O)C=CC=1)(C(C)C)=O,0.007881263014860451
C1(=CC=CS1)C(=O)N(CC(C)C)CC1=CC(OS(=O)(=O)C2C=CC(=CC=2)OC)=C(OC)C=C1,0.009803985664620995
N1(CCC(C(N[C@H]2CC[C@H](N(C(=O)C3C=CC(F)=CC=3)CC3C=CC=C(C)C=3)CC2)=O)CC1)C(COC1C=CC=CC=1)=O,0.006011265912093222
N(C(CC(C)(C)C)=O)(CC1C=CC(=CC=1)OS(=O)(=O)C1C=CC(=CC=1)F)CC1=CC=CO1,0.009351368108764292
C(N(CCOC)CC1=C(OS(=O)(=O)C2=CC=C(C=C2)NC(C)=O)C=CC=C1)(CC(C)C)=O,0.007764342776499689
C1(=CC=CS1)C(=O)N(CCOC)CC1=CC(=CC=C1OS(=O)(=O)C1=CC=C(C=C1)F)Cl,0.005767827620729804
C(N(CC(C)C)CC1=CC(OS(=O)(=O)C2C=CC(=CC=2)OC)=C(OC)C=C1)(C1CCC1)=O,0.011647722823545337
C(N(C(C)C)CC1=CC(=CC=C1OS(=O)(=O)C1C=CC(=CC=1)OC)Cl)(=O)C1C=CC=C(F)C=1,0.008535795449279248
O=C(C(CC)N1C2C(C(=O)N(C3C=CC=C(OC)C=3)C1=O)=CC=C(C=2)Cl)NC(C)C1=CC=CC=C1,0.005414350936189294
C1(C(=O)N(C(C)C)CC(N(CC2=CC=C3OCOC3=C2)CC2SC=CC=2C)=O)CCC1,0.011214821040630341
C1(=CC=CS1)C(=O)N(CC1=CC(=CC=C1OS(=O)(=O)CC)Cl)CC(C)C,0.008298293594270945
O=C(C1=CC=C(C=C1)CN1C2C(C(=O)N(C3C=CC(C)=C(C)C=3)C1=O)=CC=CC=2)NCC1=CC=CO1,0.0066915643634274605
N(CCOC)C(CN1C2C(C(=O)N(C3C=CC(F)=C(Cl)C=3)C1=O)=CC=CC=2)=O,0.0037854699068702756
C(C1=CC(OS(=O)(=O)C)=C(OC)C=C1)N(C(NC(C)C)=O)C(C)CC,0.0079933968372643
C1(=CC=CO1)C(=O)N(C(C)C)CC1C=CC(OS(=O)(=O)C(C)C)=CC=1,0.013065862748771907
C(N(CC(C)C)CC1=CC(=CC=C1OS(=O)(=O)C)Cl)(COC)=O,0.008596180845052004
C1(C(=O)N(C(C)C)CC2=CC(=C(OC)C=C2)OS(=O)(=O)C)=CC=CO1,0.011758402036502958
C(N(C1CC1)CC1=CC(OS(=O)(=O)C)=C(OC)C=C1)(CC(C)(C)C)=O,0.01315368628129363
C(N(C(C)C)CC1C=CC(OS(=O)(=O)C(C)C)=CC=1)(C1CCC1)=O,0.0131307661999017
N(C(C)(C)C)C(N(CC(C)C)CC1=CC(=CC=C1OS(=O)(=O)C)Cl)=O,0.00606199239846319
C(C(=O)N(C(C)C)CC1=CC(=C(OC)C=C1)OS(=O)(=O)C)C(C)C,0.013776150718331336
C(N(CC1CCCO1)CC1=CC(OS(=O)(=O)C)=C(OC)C=C1)(CC(C)C)=O,0.012341637350618839
C1(=CC=CC=C1Cl)C(=O)N(C(C)C)CC1C=CC(OS(=O)(=O)C(C)C)=CC=1,0.011008061794564128
N(CC)C(N(CC(C)C)CC1=CC(=CC=C1OS(=O)(=O)C)Cl)=O,0.005154864524956793
C1(C(=O)N(C(C)C)CC2=CC(=C(OC)C=C2)OS(=O)(=O)C)C=CC=CC=1F,0.010107668442651629
C(N(C(C)CC)CC1=CC(=CC=C1OS(=O)(=O)C)Cl)(C1CCC1)=O,0.010369595279917121
C(N(C(C)C)CC1C=CC(OS(=O)(=O)C(C)C)=CC=1)(CC(C)C)=O,0.01349189067259431
N(C(C)CC)(C(=O)C1=CC=CO1)CC1=CC(=C(OC)C=C1)OS(=O)(=O)C,0.01256145820952952
C(N(C(C)CC)CC1=CC(=CC=C1OS(=O)(=O)C)Cl)(CC(C)C)=O,0.010725701041519643
C(N(C(C)C)CC1C=CC(OS(=O)(=O)C(C)C)=CC=1)(=O)C1C=CC=C(F)C=1,0.009270683815702795
C(N(C(C)C)CC1C=CC(OS(=O)(=O)C2C=CC(=CC=2)OC)=CC=1)(CC(C)C)=O,0.012043561413884163
C1(C(=O)N(CC(C)C)CC2=CC(=C(OC)C=C2)OS(=O)(=O)C)C=CC=CC=1F,0.011148181557655335
N(C(C)CC)(C(=O)C(C)C)CC1=CC(=C(OC)C=C1)OS(=O)(=O)C,0.014021654007956385
C(N(C(C)CC)CC1=CC(=CC=C1OS(=O)(=O)C)Cl)(CC(C)(C)C)=O,0.011225052503868937
C(N(CC1=CC(=CC=C1OS(=O)(=O)CC)Cl)C(C)C)(C(C)C)=O,0.011727362498641014
C(N(C(C)CC)CC1=CC(=CC=C1OS(=O)(=O)C)Cl)(COC)=O,0.008926860755309463
N(C(C)(C)C)C(N(C(C)C)CC1=CC(=CC=C1OS(=O)(=O)CC)Cl)=O,0.006519276276230812
C1(C(=O)N(CC2=CC=CO2)CC2=CC(=C(OC)C=C2)OS(=O)(=O)C)=CC=CO1,0.012794885272160172
N(C(C)CC)(C(NCC)=O)CC1=CC(=C(OC)C=C1)OS(=O)(=O)C,0.007271254016086459
N(CC)C(N(C(C)CC)CC1=CC(=CC=C1OS(=O)(=O)C)Cl)=O,0.005198311363346875
N(C(C)C)(C(=O)C1C=CC=CC=1F)CC1=CC=CC(=C1)OS(=O)(=O)CC,0.009106672182679177
C(C1=CC(OS(=O)(=O)C(C)C)=C(OC)C=C1)N(C(NCC)=O)CCOC,0.007556437235325575
C(NC(=O)N(C(C)C)CC1C=C(OS(=O)(=O)C2C=CC(=CC=2)OC)C=CC=1)C,0.006319554895162583
C(C(=O)N(CCCCC)CC(=O)N(CCC1=CC=CC=C1)CC1=CC=C(C)O1)C,0.01312941093929112
C(C(=O)N(CC(C)C)CC(N(CC1=CC=C(F)C=C1)CC1=CC=C(C)S1)=O)(C)C,0.010626020841300488
C(N(C(C)C)CC1=CC(=CC=C1OS(=O)(=O)C)Cl)(C1CCC1)=O,0.009898076625540852
C(N(CCOC)CC1C=CC(OS(=O)(=O)C(C)C)=CC=1)(CC(C)C)=O,0.012221807474270463
C(N(C(C)C)CC1=C(OS(=O)(=O)CC)C=CC=C1)(CC(C)C)=O,0.012632703082635999
C(N(CC1=CC=C(F)C=C1)CC1C=C(OS(=O)(=O)CC)C=CC=1)(CC(C)C)=O,0.009637517621740699
C1(=CC=CO1)C(=O)N(C(C)C)CC1=CC(OS(=O)(=O)C(C)C)=C(OC)C=C1,0.01361158536747098
C(NC(=O)N(CCOC)CC1=C(OS(=O)(=O)C)C=CC=C1)C,0.004748322581872344
C(N(CCOC)CC1=CC(=CC=C1OS(=O)(=O)C)Cl)(C)=O,0.007679141126573086
C(C(=O)N(CCCC)CC(N(CC1=CC=C(F)C=C1)CC1=CC=C(C)S1)=O)(C)C,0.010677355248481036
C(C(=O)N(C(C)(C)C)CC(=O)N(CC1=CC=C(F)C=C1)CC1=CC=C(C)S1)(C)C,0.010579668078571558
C(N(C(C)C)CC1=CC(=CC=C1OS(=O)(=O)C)Cl)(CC(C)(C)C)=O,0.010755162034183741
C(N(CCOC)CC1C=CC(OS(=O)(=O)C(C)C)=CC=1)(COC)=O,0.010887490678578615
C1(=CC=CC=C1F)C(=O)N(C(C)C)CC1=C(OS(=O)(=O)CC)C=CC=C1,0.009252060204744339
C(NC(=O)N(CC1=CC=C(F)C=C1)CC1C=C(OS(=O)(=O)CC)C=CC=1)(C)C,0.005970892566256225
C1(=CC=CS1)C(=O)N(C(C)C)CC1=CC(OS(=O)(=O)C(C)C)=C(OC)C=C1,0.011245271936058999
C(N(CCOC)CC1=CC(=CC=C1OS(=O)(=O)C)Cl)(C(C)C)=O,0.009699075715616345
C1(C(=O)N(CCCC)CC(N(CC2=CC=C(F)C=C2)CC2=CC=C(C)S2)=O)CC1,0.010333331674337387
C(C(=O)N(C(C)(C)C)CC(=O)N(CC1=CC=C(F)C=C1)CC1=CC=C(C)S1)C,0.009195884363725782
C(N(CC1=CC(=CC=C1OS(=O)(=O)CC)Cl)CCOC)(CC(C)C)=O,0.00983801637776196
C(N(CC(C)C)CC1C=CC(OS(=O)(=O)C(C)C)=CC=1)(C(C)C)=O,0.013761590654030442
C(NC(=O)N(C(C)C)CC1=C(OS(=O)(=O)CC)C=CC=C1)(C)C,0.006938438699580729
C1(=CC=CO1)C(=O)N(CCOC)CC1=CC(OS(=O)(=O)C(C)C)=C(OC)C=C1,0.013275774894282222
C(C1=CC(OS(=O)(=O)C(C)C)=C(OC)C=C1)N(C(NCC)=O)C(C)C,0.008204501215368509
C(N(CC(C)C)CC1=CC(OS(=O)(=O)C(C)C)=C(OC)C=C1)(COC)=O,0.013794699078425765
C(N(CCOC)CC1=CC(=CC=C1OS(=O)(=O)C)Cl)(CC(C)(C)C)=O,0.009628358529880643
C(N(CC1=CC(=CC=C1OS(=O)(=O)CC)Cl)CC(C)C)(C(C)C)=O,0.011215956322848797
C(N(CC(C)C)CC1C=CC(OS(=O)(=O)C(C)C)=CC=1)(C1CCC1)=O,0.013526773173362016
C(N(C(C)CC)CC1=C(OS(=O)(=O)C2C=CC(=CC=2)OC)C=CC=C1)(C(C)C)=O,0.012526339711621403
C(N(CCOC)CC1=CC(OS(=O)(=O)C(C)C)=C(OC)C=C1)(C(C)C)=O,0.014247482968494296
C(N(CC1CCCO1)CC1=CC(OS(=O)(=O)C(C)C)=C(OC)C=C1)(COC)=O,0.012408380629494786
C1(=CC=CO1)C(=O)N(C(C)C)CC1=CC(=CC=C1OS(=O)(=O)C)Cl,0.009812346845865249
C(C1=CC(CN2C(=O)COC3C2=CC(=CC=3)C)=CC=C1)(=O)NCCC(C)C,0.010543894302099944
C(C(=O)N(CC(C)CC)CC(=O)N(CC1=CC=C(F)C=C1)CC1=CC=C(C)S1)C,0.010615330515429377
C(C(=O)N(C(CC)C)CC(N(CC1=CC=C(F)C=C1)CC1=CC=C(C)S1)=O)C,0.009244748251512646
C(N(CC1=CC(=CC=C1OS(=O)(=O)CC)Cl)CC(C)C)(C1CCC1)=O,0.011138827446848154
C1(=CC=CS1)C(=O)N(CC(C)C)CC1C=CC(OS(=O)(=O)C(C)C)=CC=1,0.010671449173241854
C1(=CC=CO1)C(=O)N(C1CC1)CC1=CC(OS(=O)(=O)C(C)C)=C(OC)C=C1,0.013152973772957922
C1(C(=O)N(CCC(C)C)CC(=O)N(CCC2=CC=CC=C2)CC2=CC=C(C)O2)CC1,0.015813291165977718
C(N(CCOC)CC1C=C(OS(=O)(=O)C2C=CC(=CC=2)OC)C=CC=1)(C)=O,0.009803945012390614
C(N(CC1=CC(=CC=C1OS(=O)(=O)CC)Cl)CC(C)C)(CC(C)C)=O,0.011270124511793256
C1(=CC=CC=C1F)C(=O)N(CC(C)C)CC1C=CC(OS(=O)(=O)C(C)C)=CC=1,0.010779987601563335
N(CC1=CC=CO1)(C(=O)C1C=CC=CC=1F)CC1=CC=CC(=C1)OS(=O)(=O)CC,0.00987221864052117
C(N(CCOC)CC1=CC(OS(=O)(=O)C(C)C)=C(OC)C=C1)(CC(C)(C)C)=O,0.014569687470793725
C(N(C1CC1)CC1=CC(OS(=O)(=O)C(C)C)=C(OC)C=C1)(C1CCC1)=O,0.014279883448034525
C(N(CC(C)C)CC1C=C(OS(=O)(=O)C2C=CC(=CC=2)OC)C=CC=1)(C(C)C)=O,0.011917214328423142
CC(=O)N(CCCCC)CC(=O)N(CCC1=CC=CC=C1)CC1=CC=C(C)O1,0.012642157496884465
C(C1=CC=C(CN2C(=O)COC3C2=CC(=CC=3)C(C)=O)C=C1)(NCC(C)C)=O,0.012412671511992813
N1(CCC2SC=CC=2C1C1C(Cl)=CC(Cl)=CC=1)C(=O)C1C=CC(C)=CC=1,0.011032731411978603
N(CC)C(N(CC(C)C)CC1=CC(=CC=C1OS(=O)(=O)CC)Cl)=O,0.005932757235132158
C(N(CC1CCCO1)CC1=CC(=CC=C1OS(=O)(=O)C)Cl)(C)=O,0.00817370628938079
N(CCOC)(C(=O)C1=CC=CO1)CC1=CC=CC(=C1)OS(=O)(=O)CC,0.011441214196383952
C(C1=CC(OS(=O)(=O)C(C)C)=C(OC)C=C1)N(C(NC(C)(C)C)=O)CCOC,0.0081960218725726
C(C1=CC(OS(=O)(=O)C(C)C)=C(OC)C=C1)N(C(NCC)=O)C1CC1,0.007663529505953193
C(N(C(C)C)CC1C=C(OS(=O)(=O)C2C=CC(=CC=2)OC)C=CC=1)(C1CCC1)=O,0.011306256940588354
C(C(=O)N(CCCCC)CC(=O)N(CCC1=CC=CC=C1)CC1=CC=C(C)O1)(C)C,0.014725320506840944
CC(=O)N(CCCOC)CC(=O)N(CCC1=CC=CC=C1)CC1=CC=C(C)O1,0.01032085893675685
C(N(C(C)C)CC1=CC(=CC=C1OS(=O)(=O)C)Cl)(C(C)C)=O,0.010410349303856491
C(N(CCOC)CC1C=CC(OS(=O)(=O)C(C)C)=CC=1)(C(C)C)=O,0.011986820679157972
C(N(CC1CCCO1)CC1=CC(=CC=C1OS(=O)(=O)C)Cl)(C1CCC1)=O,0.00991007168777287
C(N(CC1CCCO1)CC1=CC(OS(=O)(=O)C2=CC=C(C=C2)NC(C)=O)=C(OC)C=C1)(CC(C)(C)C)=O,0.008663158607669174
C(N(CC1=CC=C(F)C=C1)CC1=CC(OS(=O)(=O)CC)=C(OC)C=C1)(=O)C1C=CC=C(F)C=1,0.009649533405900001
C(NC(=O)N(CC1=CC=C(F)C=C1)CC1=CC(OS(=O)(=O)CC)=C(OC)C=C1)(C)C,0.007321235095150769
C(N(CC1CCCO1)CC1=CC(OS(=O)(=O)C2C=CC=C(C=2)C(F)(F)F)=C(OC)C=C1)(CC(C)(C)C)=O,0.008683740859851241
C(N(CC1CCCO1)CC1=CC(OS(=O)(=O)C2C=CC=C(C=2)C(F)(F)F)=C(OC)C=C1)(=O)C1C=CC=C(F)C=1,0.007211165991611779
C1(NC(=O)N(CC2CCCO2)CC2=CC(OS(=O)(=O)C3C=CC=C(C=3)C(F)(F)F)=C(OC)C=C2)C=CC=CC=1OC,0.004885421809740364
C(N(CC1CCCO1)CC1=CC(OS(=O)(=O)C2C=CC=C(C=2)C(F)(F)F)=C(OC)C=C1)(C(C)C)=O,0.008985677943564951
C1(=CC=CC=C1Cl)C(=O)N(C(C)C)CC1C=CC(OS(=O)(=O)C2C=CC(=CC=2)OC)=CC=1,0.009378485893830658
C(N(CC1CCCO1)CC1=CC(OS(=O)(=O)C2C=CC=C(C=2)C(F)(F)F)=C(OC)C=C1)(C1CCC1)=O,0.009153928561136126
C(NC(=O)N(CC1CCCO1)CC1=CC(OS(=O)(=O)C2C=CC=C(C=2)C(F)(F)F)=C(OC)C=C1)C,0.005591134412679821
C(NC(=O)N(CC1CCCO1)CC1=CC(OS(=O)(=O)C2C=CC=C(C=2)C(F)(F)F)=C(OC)C=C1)(C)C,0.005501238279975951
C(NC(=O)N(CC1CCCO1)CC1=CC(OS(=O)(=O)C2C=CC=C(C=2)C(F)(F)F)=C(OC)C=C1)(C)(C)C,0.00559131425106898
C(N(CC1CCCO1)CC1=CC(OS(=O)(=O)C2C=CC=C(C=2)C(F)(F)F)=C(OC)C=C1)(CC(C)C)=O,0.008621239801868796
C1(=CC=CC=C1F)C(=O)N(CC1CCCO1)CC1=CC(OS(=O)(=O)C2C=CC=C(C=2)C(F)(F)F)=C(OC)C=C1,0.00723708481527865
C(N(CC1CCCO1)CC1=CC(OS(=O)(=O)C2C=CC=C(C=2)C(F)(F)F)=C(OC)C=C1)(COC)=O,0.00819493515882641
C1(=CC=CC=C1F)C(=O)N(C(C)CC)CC1=CC(OS(=O)(=O)C2=CC=C(C=C2)NC(C)=O)=C(OC)C=C1,0.006749375187791884
C(N(C(C)CC)CC1=CC(=CC=C1OS(=O)(=O)C1=CC=C(C=C1)NC(C)=O)Cl)(C(C)C)=O,0.007705843914300204
C1(=CC=CO1)C(=O)N(CC1=CC=CO1)CC1C=CC(OS(=O)(=O)C2C=CC(=CC=2)OC)=CC=1,0.012627168325707316
C(C(C)N1CC2=C(C1=O)C(C1=C(C(F)(F)F)C=CC=C1)NC(=O)N2CC=C)(N1CCC(CC1)C(OCC)=O)=O,0.005489593266975135
C(NC(=O)N(CC1=CC=CO1)CC1C=C(OS(=O)(=O)C2=CC=C(C=C2)NC(C)=O)C=CC=1)(C)(C)C,0.005193648650310934
C(C1=CC(OS(=O)(=O)C2=CC=C(C=C2)NC(C)=O)=C(OC)C=C1)N(C(NC(C)C)=O)CC1=CC=CO1,0.00552430001553148
C(N(CC(C)C)CC1C=C(OS(=O)(=O)C2C=CC(=CC=2)OC)C=CC=1)(=O)C1C=CC=C(F)C=1,0.009518761467188597
C(N(CC1=CC=C(F)C=C1)CC1C=C(OS(=O)(=O)C2C=CC(=CC=2)OC)C=CC=1)(COC)=O,0.008756480133160948
C1(=CC=CO1)C(=O)N(C(C)C)CC1=CC(OS(=O)(=O)C2=CC=C(C=C2)NC(C)=O)=C(OC)C=C1,0.008764934772625566
C(C(=O)N(CCCOCC)CC(N(CC1=CC=C(F)C=C1)CC1=CC=C(C)S1)=O)C,0.0075924977427348495
C1(C(=O)N2CC(C(C3=CC(OC)=C(OC)C(OC)=C3)C2)C(=O)NCCC(C)C)C=CC(=CC=1)Cl,0.009332309872843326
C1(C(=O)N2CC(C(C3=CC(OC)=C(OC)C(OC)=C3)C2)C(=O)NCCC(C)C)C=CC=C(Cl)C=1,0.009287030529230833
C1(S(=O)(=O)N2CC(C(C3=CC(OC)=C(OC)C(OC)=C3)C2)C(=O)NCCC(C)C)=CC=C(C=C1)Cl,0.007064201543107629
CC(=O)N(C(CC)C)CC(=O)N(CCC1=CC=CC=C1)CC1=CC=C(C)O1,0.013657182548195123
C(N(CC(C)C)CC1=C(OS(=O)(=O)C2=CC=C(C=C2)F)C=CC=C1)(COC)=O,0.008479941985569894
C(C(=O)N(C1CCCCC1)CC(=O)N(CCC1=CC=CC=C1)CC1=CC=C(C)O1)C,0.015103257913142442
C(N(C(C)C)CC1=C(OS(=O)(=O)C2=CC=C(C=C2)F)C=CC=C1)(CC(C)C)=O,0.010013112192973494
C1(C(=O)N(CCCC)CC(=O)N(CCC2=CC=CC=C2)CC2=CC=C(C)O2)CC1,0.015669091511517762
C(NC(=O)N(CC(C)C)CC1=C(OS(=O)(=O)C2=CC=C(C=C2)F)C=CC=C1)C,0.006043295608833432
CC(=O)N(CCC(C)C)CC(=O)N(CCC1=CC=CC=C1)CC1=CC=C(C)O1,0.015257451683282852
C(NC(=O)N(C(C)C)CC1=C(OS(=O)(=O)C2=CC=C(C=C2)F)C=CC=C1)(C)C,0.006065897992812097
C(C(=O)N(CCC(C)C)CC(=O)N(CCC1=CC=CC=C1)CC1=CC=C(C)O1)(C)C,0.016529318317770957
C(N(C1CC1)CC1=CC(=CC=C1OS(=O)(=O)C1=CC=C(C=C1)NC(C)=O)Cl)(C(C)C)=O,0.007192634441889822
C(N(CC1CC1)CC1=CC(=CC=C1OS(=O)(=O)C1=CC=C(C=C1)NC(C)=O)Cl)(CC(C)C)=O,0.0065731782466173175
C1(=CC=CO1)C(=O)N(C(C)C)CC1=CC(=CC=C1OS(=O)(=O)C1=CC=C(C=C1)NC(C)=O)Cl,0.007169559691101312
N(CC)C(N(C(C)C)CC1=CC(=CC=C1OS(=O)(=O)C1=CC=C(C=C1)NC(C)=O)Cl)=O,0.0045254046330228444
C1(=CC=CO1)C(=O)N(CC(C)C)CC1=CC(=CC=C1OS(=O)(=O)C1=CC=C(C=C1)NC(C)=O)Cl,0.007436371245421469
C(N(C1CC1)CC1=CC(=CC=C1OS(=O)(=O)C1=CC=C(C=C1)NC(C)=O)Cl)(C1CCC1)=O,0.007215223531238735
C(N(CC1CC1)CC1=CC(=CC=C1OS(=O)(=O)C1=CC=C(C=C1)NC(C)=O)Cl)(CC(C)(C)C)=O,0.006661432678811252
C(N(C(C)C)CC1=CC(=CC=C1OS(=O)(=O)C1=CC=C(C=C1)NC(C)=O)Cl)(C)=O,0.0064201892353594305
C(N(CC1CCCO1)CC1=CC(=CC=C1OS(=O)(=O)C1=CC=C(C=C1)NC(C)=O)Cl)(C(C)C)=O,0.0064685817807912825
C(N(CC(C)C)CC1=CC(=CC=C1OS(=O)(=O)C1=CC=C(C=C1)NC(C)=O)Cl)(C(C)C)=O,0.007519753836095333
C1(=CC=CO1)C(=O)N(CC1CC1)CC1=CC(=CC=C1OS(=O)(=O)C1=CC=C(C=C1)NC(C)=O)Cl,0.006941753136925399
C1(=CC=CC=C1F)C(=O)N(CC1CC1)CC1=CC(=CC=C1OS(=O)(=O)C1=CC=C(C=C1)NC(C)=O)Cl,0.005824571219272911
C(N(C(C)C)CC1=CC(=CC=C1OS(=O)(=O)C1=CC=C(C=C1)NC(C)=O)Cl)(C1CCC1)=O,0.007287416979670525
C(N(CC1CCCO1)CC1=CC(=CC=C1OS(=O)(=O)C1=CC=C(C=C1)NC(C)=O)Cl)(CC(C)C)=O,0.006553356884978712
C1(=CC=CS1)C(=O)N(CC(C)C)CC1=CC(=CC=C1OS(=O)(=O)C1=CC=C(C=C1)NC(C)=O)Cl,0.005471465038135647
C(NC(=O)N(CC1=CC=C(F)C=C1)CC1C=CC(OS(=O)(=O)C2C=CC(=CC=2)OC)=CC=1)(C)C,0.005915347603149712
C(N(CC1CC1)CC1=CC(=CC=C1OS(=O)(=O)C1=CC=C(C=C1)NC(C)=O)Cl)(C)=O,0.006509615038521588
C(N(CC1CC1)CC1=CC(=CC=C1OS(=O)(=O)C1=CC=C(C=C1)NC(C)=O)Cl)(=O)C1C=CC=C(F)C=1,0.005693841096945107
C1(=CC=CS1)C(=O)N(C(C)C)CC1=CC(=CC=C1OS(=O)(=O)C1=CC=C(C=C1)NC(C)=O)Cl,0.005218171351589263
C(N(CC1CCCO1)CC1=CC(=CC=C1OS(=O)(=O)C1=CC=C(C=C1)NC(C)=O)Cl)(COC)=O,0.00614155326038599
C(N(CC(C)C)CC1=CC(=CC=C1OS(=O)(=O)C1=CC=C(C=C1)NC(C)=O)Cl)(CC(C)C)=O,0.007134603057056666
C1(=CC=CC=C1F)C(=O)N(CC1=CC=C(F)C=C1)CC1C=CC(OS(=O)(=O)C(C)C)=CC=1,0.009133371803909541
C(N(CC1CC1)CC1=CC(=CC=C1OS(=O)(=O)C1=CC=C(C=C1)NC(C)=O)Cl)(C(C)C)=O,0.006658273306675256
C(N(CC1CC1)CC1=CC(=CC=C1OS(=O)(=O)C1=CC=C(C=C1)NC(C)=O)Cl)(COC)=O,0.006430896301753819
C1(=CC=CC=C1F)C(=O)N(C(C)C)CC1=CC(=CC=C1OS(=O)(=O)C1=CC=C(C=C1)NC(C)=O)Cl,0.00571788817178458
C1(=CC=CO1)C(=O)N(CC1=CC=CO1)CC1=CC(=CC=C1OS(=O)(=O)C1=CC=C(C=C1)NC(C)=O)Cl,0.007757363794371486
C1(=CC=CC=C1F)C(=O)N(CC(C)C)CC1=CC(=CC=C1OS(=O)(=O)C1=CC=C(C=C1)NC(C)=O)Cl,0.005861547053791582
C(N(CC1=CC=C(F)C=C1)CC1=CC(=CC=C1OS(=O)(=O)C1=CC=C(C=C1)NC(C)=O)Cl)(C)=O,0.005483901570551097
C(N(CC1CC1)CC1=CC(=CC=C1OS(=O)(=O)C1=CC=C(C=C1)NC(C)=O)Cl)(C1CCC1)=O,0.006726148305460811
N(CC)C(N(CC1CC1)CC1=CC(=CC=C1OS(=O)(=O)C1=CC=C(C=C1)NC(C)=O)Cl)=O,0.004385037696920335
C(N(C(C)C)CC1=CC(=CC=C1OS(=O)(=O)C1=CC=C(C=C1)NC(C)=O)Cl)(=O)C1C=CC=C(F)C=1,0.005648855608887971
C(N(CC1=CC=CO1)CC1=CC(=CC=C1OS(=O)(=O)C1=CC=C(C=C1)NC(C)=O)Cl)(C(C)C)=O,0.007733547524549067
C(N(CC(C)C)CC1=CC(=CC=C1OS(=O)(=O)C1=CC=C(C=C1)NC(C)=O)Cl)(=O)C1C=CC=C(F)C=1,0.005749610718339682
C(N(CC1=CC=C(F)C=C1)CC1=CC(=CC=C1OS(=O)(=O)C1=CC=C(C=C1)NC(C)=O)Cl)(=O)C1C=CC=C(F)C=1,0.005696959025226533
C1(=CC=CS1)C(=O)N(CC1CC1)CC1=CC(=CC=C1OS(=O)(=O)C1=CC=C(C=C1)NC(C)=O)Cl,0.0048851648927666245
N(C(C)C)C(N(CC1CC1)CC1=CC(=CC=C1OS(=O)(=O)C1=CC=C(C=C1)NC(C)=O)Cl)=O,0.004590167058631777
C(N(C(C)C)CC1=CC(=CC=C1OS(=O)(=O)C1=CC=C(C=C1)NC(C)=O)Cl)(COC)=O,0.006287464429624379
C(N(CC1=CC=CO1)CC1=CC(=CC=C1OS(=O)(=O)C1=CC=C(C=C1)NC(C)=O)Cl)(CC(C)C)=O,0.006778274849057198
C(N(CC(C)C)CC1=CC(=CC=C1OS(=O)(=O)C1=CC=C(C=C1)NC(C)=O)Cl)(COC)=O,0.006710147624835372
N(CC)C(N(CC1=CC=C(F)C=C1)CC1=CC(=CC=C1OS(=O)(=O)C1=CC=C(C=C1)NC(C)=O)Cl)=O,0.004098920186515897
C1(=CC=CC=C1Cl)C(=O)N(CC1CC1)CC1=CC(=CC=C1OS(=O)(=O)C1=CC=C(C=C1)NC(C)=O)Cl,0.0063531894469633695
N(C1C=CC=CC=1OC)C(N(CC1CC1)CC1=CC(=CC=C1OS(=O)(=O)C1=CC=C(C=C1)NC(C)=O)Cl)=O,0.00456089498475194
N(C(C)(C)C)C(N(C(C)C)CC1=CC(=CC=C1OS(=O)(=O)C1=CC=C(C=C1)NC(C)=O)Cl)=O,0.00496208161348477
C(N(CC1=CC=CO1)CC1=CC(=CC=C1OS(=O)(=O)C1=CC=C(C=C1)NC(C)=O)Cl)(CC(C)(C)C)=O,0.006983293802477419
N(C(C)(C)C)C(N(CC(C)C)CC1=CC(=CC=C1OS(=O)(=O)C1=CC=C(C=C1)NC(C)=O)Cl)=O,0.00526101739378646
C1(C(=O)N(CCCC)CC(=O)N(CCC2C=CC(OC)=C(OC)C=2)CC2=CC=C(C)O2)C=CC(=CC=1)Cl,0.010251021501608193
C1(=CC=CC=C1Cl)C(=O)N(C1CC1)CC1=CC(=CC=C1OS(=O)(=O)C1=CC=C(C=C1)F)Cl,0.007804208644665777
C1(C(=O)N(CC2CCCO2)CC(=O)N(CCC2=CC=CC=C2)CC2=CC=C(C)O2)=CC=CO1,0.011197433667257428
C1(C(=O)N(CC(C)CC)CC(=O)N(CC2=CC=C(F)C=C2)CC2=CC=C(C)S2)C=CC=C(Br)C=1,0.00949559467844665
C1(C(=O)N(CCCOCC)CC(=O)N(CCC2=CC=CC=C2)CC2=CC=C(C)O2)=CC=CO1,0.010390300769358873
C(C(=O)N(CC=C)CC(N(CC1=CC=C(F)C=C1)CC1=CC=C(C)S1)=O)C1C=CC=CC=1,0.008661189395934344
C1(C(=O)N(CCCOCC)CC(=O)N(CCC2=CC=CC=C2)CC2=CC=C(C)O2)C=CC(Cl)=C(Cl)C=1,0.008452735282480717
C1(C(=O)N(C(C)C)CC(N(CC2=CC=C(F)C=C2)CC2=CC=C(C)S2)=O)C=CC(=CC=1)F,0.007582893478684127
C1(C(=O)N(CC=C)CC(=O)N(CCC2C=CC(OC)=C(OC)C=2)CC2=CC=C(C)O2)C=CC(C)=CC=1,0.010315436869859695
C1(C(=O)N(CCOC)CC(=O)N(CCC2C=CC(OC)=C(OC)C=2)CC2=CC=C(C)O2)C=CC(C)=CC=1,0.010953294206410646
CC(=O)N(C1CCCCC1)CC(=O)N(CCC1C=CC(OC)=C(OC)C=1)CC1=CC=C(C)O1,0.012532457150518895
C1(C(=O)N(CCC(C)C)CC(=O)N(CCC2C=CC(OC)=C(OC)C=2)CC2=CC=C(C)O2)CCC1,0.013801317987963557
N1(CCN(CC1)C(C)=O)C(CN1C2C(C(=O)N(CCC)C1=O)=CC=C(C=2)Cl)=O,0.005253204749897123
C(N(S(=O)(=O)C1=CC=CC=C1)C1C=CC(=CC=1)C)C1=CC=CC=C1,0.007084298809058964
C(C1SC2=C(C=1)CCC1C2=CC(OC)=CC=1)(=O)N(CC(C)C)C,0.013734854105859996
O=C(CN1C2C(C(=O)N(C3=CC=CC=C3Cl)C1=O)=CC=CC=2)NCC(C)C,0.005456139403395355
C(C)(C)NC(CC1=CC=C(C=C1)N(C(=O)C1C=CC=CC=1)CC1C=CC=C(F)C=1)=O,0.006990147405304015
C1(=CC=CC=C1Cl)C(=O)N(CC(C)C)CC1C=CC(OS(=O)(=O)C2=CC=C(C=C2)NC(C)=O)=CC=1,0.006674030190333724
N(C(C)(C)C)C(N(C(C)C)CC1=CC(=CC=C1OS(=O)(=O)C1=CC=C(C=C1)F)Cl)=O,0.005576711008325219
C1C=C2OC(CC)C(=O)N(CC3C=CC=C(OC)C=3)CC2=CC=1NC(=O)C1CCCC1,0.009611411369405687
C(C)(C)NC(CC1=CC=C(C=C1)N(C(=O)C1C=CC=CC=1)CC1C=CC(F)=CC=1)=O,0.007019180688075721
C1CCCN1C(CC1=CC=C(C=C1)N(C(C1=C(C)C=CC=C1)=O)CC1C=CC=C(F)C=1)=O,0.008193409559316934
C(NC(=O)N(CCOC)CC1C=CC(OS(=O)(=O)C)=CC=1)(C)C,0.0052659785840660335
O=C(CN1C2C(C(=O)N(C3C=CC(C)=C(C)C=3)C1=O)=CC=CC=2)NC(C)C1=CC=CC=C1,0.006359989894554019
N(C1C=CC=C(C)C=1)C(CN1C2C(C(=O)N(C3=CC=CC(C)=C3)C1=O)=CC=C(C=2)Cl)=O,0.004453532281331718
N1(CCCC1)C(CN1C2C(C(=O)N(C3C=CC(C)=C(Cl)C=3)C1=O)=CC=CC=2)=O,0.00594078148715198
C(C(C1C=CC=CC=1)N1CC2=C(C1=O)C(C1=C(C)C=C(C)C=C1)NC(=O)N2C)(NCC(C)C)=O,0.007651867414824665
O=C(CN1C2C(C(=O)N(C3C=CC(C)=C(C)C=3)C1=O)=CC=CC=2)NC1C=CC(OC)=C(OC)C=1,0.00546396120917052
C1(C(=O)N2CC(C(C3=CC=C(OC)C=C3)C2)C(=O)NCC2=CC=C(F)C=C2)C=CC=CC=1,0.00708902608603239
C(NC(=O)N1CC(C(C2=CC(OC)=C(OC)C(OC)=C2)C1)C(=O)NCC1CC1)C,0.007061714236624539
C1=CC(=CC2OCOC1=2)C(=O)N1CC(C(C2=CC(OC)=C(OC)C(OC)=C2)C1)C(=O)N1CCCCC1,0.01055313206743449
C(C(=O)N1CC(C(C2=CC=C(OC)C=C2OC)C1)C(=O)NCC1=CC=CC=C1)C1C=CC=CC=1,0.008445615344680846
C1(C(=O)N2CC(C(C3=CC=C(C)C=C3)C2)C(=O)NCCCOC)C=CC=CC=1,0.00873620160855353
C1(C(=O)N2CC(C(C3=CC=CC=C3OC)C2)C(=O)NCC2=CC3OCOC=3C=C2)=CC=CS1,0.0070271211676299575
C1(S(=O)(=O)N2CC(C(C3=CC=C(OC)C=C3OC)C2)C(=O)NCCOC)=CC=CC=C1,0.005815579881891608
C1(S(=O)(=O)N2CC(C(C3=CC=CC(F)=C3)C2)C(=O)NCCCC)=CC=CC=C1,0.005146755604073405
C(C(CC1C=CC=CC=1)N1CC2=C(C1=O)C(C1=CC=CC=C1)NC(=O)N2C)(NCC1=CC=CO1)=O,0.006462440500035882
C(CN1CC2=C(C1=O)C(C1=CC=CC=C1Cl)NC(=O)N2CC=C)(N1CCN(CC1)C(C)=O)=O,0.004967953881714493
C(C(C1C=CC=CC=1)N1CC2=C(C1=O)C(C1=CC=CC=C1)NC(=O)N2CC)(NC1=CC=C(C=C1)F)=O,0.00589473492000252
C(CN1CC2=C(C1=O)C(C1=C(C)C=C(C)C=C1)NC(=O)N2CC=C)(N1CCN(CC1)C(C)=O)=O,0.005402276176027954
C(N(CC1=CC=CO1)CC1=C(OS(=O)(=O)C2C=CC(=CC=2)OC)C=CC=C1)(C1CCC1)=O,0.010673752008005976
C(NC(=O)N(CC(C)C)CC1=C(OS(=O)(=O)C2C=CC(=CC=2)OC)C=CC=C1)C,0.007161636068485677
C(N(CC1=CC=CO1)CC1=CC(OS(=O)(=O)C2=CC=C(C=C2)NC(C)=O)=C(OC)C=C1)(C(C)C)=O,0.008476208709180356
C(C1=CC(OS(=O)(=O)C2=CC(Cl)=C(C=C2)Cl)=C(OC)C=C1)N(C(NC(C)(C)C)=O)CC(C)C,0.007546936441212892
C1(=CC=CC=C1F)C(=O)N(C(C)CC)CC1=CC(OS(=O)(=O)C2=CC(Cl)=C(C=C2)Cl)=C(OC)C=C1,0.008990608109161257
C(N(CC1=CC=CO1)CC1=C(OS(=O)(=O)C2C=CC(=CC=2)OC)C=CC=C1)(=O)C1C=CC=C(F)C=1,0.008998458925634622
C(N(CC1=CC=C(F)C=C1)CC1=CC(OS(=O)(=O)C2=CC=C(C=C2)F)=C(OC)C=C1)(C(C)C)=O,0.009749093698337674
C(N(CC1=CC=CO1)CC1=CC(OS(=O)(=O)C2=CC=C(C=C2)NC(C)=O)=C(OC)C=C1)(CC(C)C)=O,0.008410745626315474
C1(NC(=O)N(CC(C)C)CC2C=C(OS(=O)(=O)C(C)C)C=CC=2)C=CC=CC=1OC,0.007477250439114869
C(N(CC(C)C)CC1=CC(OS(=O)(=O)C2=CC(Cl)=C(C=C2)Cl)=C(OC)C=C1)(C1CCC1)=O,0.01051233378238976
C(C1=CC(OS(=O)(=O)C2=CC(Cl)=C(C=C2)Cl)=C(OC)C=C1)N(C(NCC)=O)CC(C)C,0.006978483754210174
C(N(C(C)CC)CC1=CC(OS(=O)(=O)C2=CC(Cl)=C(C=C2)Cl)=C(OC)C=C1)(=O)C1C=CC=C(F)C=1,0.008733614441007375
C(NC(=O)N(CC1=CC=CO1)CC1=C(OS(=O)(=O)C2C=CC(=CC=2)OC)C=CC=C1)C,0.006428642082028091
C(N(CC1=CC=C(F)C=C1)CC1=CC(OS(=O)(=O)C2=CC=C(C=C2)F)=C(OC)C=C1)(C1CCC1)=O,0.00969206988811493
C(N(C(C)CC)CC1=CC(OS(=O)(=O)C2=CC=C(C=C2)NC(C)=O)=C(OC)C=C1)(C(C)C)=O,0.010073485085740685
C(N(CCOC)CC1=CC(OS(=O)(=O)C2=CC=C(C=C2)NC(C)=O)=C(OC)C=C1)(C(C)C)=O,0.009264829359017313
C1(=CC=CS1)C(=O)N(CC(C)C)CC1=CC(OS(=O)(=O)C2=CC(Cl)=C(C=C2)Cl)=C(OC)C=C1,0.009004553128033877
C1(=CC=CC=C1Cl)C(=O)N(CC(C)C)CC1=C(OS(=O)(=O)C2C=CC(=CC=2)OC)C=CC=C1,0.009857305232435465
C(N(CC1=CC=C(F)C=C1)CC1=CC(OS(=O)(=O)C2=CC=C(C=C2)F)=C(OC)C=C1)(CC(C)C)=O,0.009196957666426897
C(N(C(C)CC)CC1=CC(OS(=O)(=O)C2=CC=C(C=C2)NC(C)=O)=C(OC)C=C1)(C1CCC1)=O,0.0087493855971843
C(N(CCOC)CC1=CC(OS(=O)(=O)C2=CC=C(C=C2)NC(C)=O)=C(OC)C=C1)(CC(C)C)=O,0.008763305866159499
C1(=CC=CC=C1Cl)C(=O)N(CC(C)C)CC1=CC(OS(=O)(=O)C2=CC(Cl)=C(C=C2)Cl)=C(OC)C=C1,0.010467362124472857
C(C1=CC(OS(=O)(=O)C2=CC(Cl)=C(C=C2)Cl)=C(OC)C=C1)N(C(NC1C=CC=CC=1OC)=O)CC(C)C,0.006216287135612219
C(C1=CC(OS(=O)(=O)C2=CC(Cl)=C(C=C2)Cl)=C(OC)C=C1)N(C(NC(C)(C)C)=O)C(C)CC,0.00744094408582896
C(N(CC1=CC=CO1)CC1C=CC(OS(=O)(=O)C2=CC=C(C=C2)NC(C)=O)=CC=1)(COC)=O,0.007449259888380766
C(N(CC(C)C)CC1=C(OS(=O)(=O)C2C=CC(=CC=2)OC)C=CC=C1)(CC(C)(C)C)=O,0.012327546859160066
C(N(C(C)CC)CC1=CC(OS(=O)(=O)C2=CC=C(C=C2)NC(C)=O)=C(OC)C=C1)(CC(C)C)=O,0.009329466824419796
C(N(CCOC)CC1=CC(OS(=O)(=O)C2=CC=C(C=C2)NC(C)=O)=C(OC)C=C1)(COC)=O,0.008794105658307672
C(N(CC(C)C)CC1=CC(OS(=O)(=O)C2=CC(Cl)=C(C=C2)Cl)=C(OC)C=C1)(CC(C)C)=O,0.011611189972609282
C(C1=CC(OS(=O)(=O)C2=CC(Cl)=C(C=C2)Cl)=C(OC)C=C1)N(C(NCC)=O)C(C)CC,0.006874981545843184
C1(=CC=CS1)C(=O)N(CC1CC1)CC1=C(OS(=O)(=O)CC)C=CC=C1,0.00934978798031807
C1(C(=O)NC2C=CC(=CC=2)N2CCCN(CC3C=CC=C(C)C=3)C2=O)C=C(C)C=CC=1,0.006415820587426424
C1(=CC=CC=C1F)C(=O)N(CC(C)C)CC1=C(OS(=O)(=O)C2C=CC(=CC=2)OC)C=CC=C1,0.009902432374656201
C1(=CC=CC=C1F)C(=O)N(CC1=CC=C(F)C=C1)CC1=CC(OS(=O)(=O)C2=CC=C(C=C2)F)=C(OC)C=C1,0.009357304824516178
C(N(C(C)CC)CC1=CC(OS(=O)(=O)C2=CC=C(C=C2)NC(C)=O)=C(OC)C=C1)(CC(C)(C)C)=O,0.009801446506753565
C(N(C1CC1)CC1=CC(OS(=O)(=O)C2=CC=C(C=C2)NC(C)=O)=C(OC)C=C1)(C(C)C)=O,0.009201366687193513
C1(=CC=CC=C1F)C(=O)N(CC(C)C)CC1=CC(OS(=O)(=O)C2=CC(Cl)=C(C=C2)Cl)=C(OC)C=C1,0.009458259213715792
C1(=CC=CS1)C(=O)N(C(C)CC)CC1=CC(OS(=O)(=O)C2=CC(Cl)=C(C=C2)Cl)=C(OC)C=C1,0.008942836010828615
C(C1=CC(OS(=O)(=O)C2=CC(Cl)=C(C=C2)Cl)=C(OC)C=C1)N(C(NC(C)C)=O)C(C)CC,0.007361154910176993
C(N(CC1CC1)CC1=C(OS(=O)(=O)CC)C=CC=C1)(CC(C)(C)C)=O,0.01283719683997333
O(C(=O)NC1C=CC(=CC=1)N1CCCN(CC2C=CC=C(C)C=2)C1=O)CC1C=CC=CC=1,0.006102859880775214
C(N(CC(C)C)CC1=C(OS(=O)(=O)C2C=CC(=CC=2)OC)C=CC=C1)(=O)C1C=CC=C(F)C=1,0.009697628347203136
C(N(C(C)CC)CC1=CC(OS(=O)(=O)C2=CC=C(C=C2)NC(C)=O)=C(OC)C=C1)(COC)=O,0.008985459525138139
C(N(C1CC1)CC1=CC(OS(=O)(=O)C2=CC=C(C=C2)NC(C)=O)=C(OC)C=C1)(CC(C)C)=O,0.008501283917576074
C(N(CC(C)C)CC1=CC(OS(=O)(=O)C2=CC(Cl)=C(C=C2)Cl)=C(OC)C=C1)(=O)C1C=CC=C(F)C=1,0.009183599217794835
C1(=CC=CC=C1Cl)C(=O)N(C(C)CC)CC1=CC(OS(=O)(=O)C2=CC(Cl)=C(C=C2)Cl)=C(OC)C=C1,0.010683328937739133
C(C1=CC(OS(=O)(=O)C2=CC(Cl)=C(C=C2)Cl)=C(OC)C=C1)N(C(NC1C=CC=CC=1OC)=O)C(C)CC,0.005956262000836432
C1(=CC=CO1)C(=O)N(CC1CC1)CC1C=C(OS(=O)(=O)C)C=CC=1,0.01094449544325471
C(N(CC1=CC=CO1)CC1=C(OS(=O)(=O)C2=C(C(=O)OC)SC=C2)C=CC=C1)(COC)=O,0.009026809502393008
C(NC(=O)N(CC(C)C)CC1=C(OS(=O)(=O)C2C=CC(=CC=2)OC)C=CC=C1)(C)(C)C,0.007749883714132011
C(N(CC1=CC=CO1)CC1=CC(OS(=O)(=O)C2=CC=C(C=C2)NC(C)=O)=C(OC)C=C1)(C)=O,0.008025845023803413
C(C1=CC(OS(=O)(=O)C2=CC=C(C=C2)NC(C)=O)=C(OC)C=C1)N(C(NCC)=O)C(C)CC,0.006472224835306406
C1(=CC=CO1)C(=O)N(CC(C)C)CC1=CC(OS(=O)(=O)C2=CC(Cl)=C(C=C2)Cl)=C(OC)C=C1,0.011166476458311082
C(N(CC(C)C)CC1=CC(OS(=O)(=O)C2=CC(Cl)=C(C=C2)Cl)=C(OC)C=C1)(COC)=O,0.010725697781890631
C1(=CC=CS1)C(=O)N(CC1CC1)CC1C=C(OS(=O)(=O)C)C=CC=1,0.008935345336794853
C(NC(=O)N(CC1=CC=CO1)CC1=C(OS(=O)(=O)C2=C(C(=O)OC)SC=C2)C=CC=C1)C,0.00609510897193104
C(N(C1CC1)CC1=CC(OS(=O)(=O)C2=CC=C(C=C2)NC(C)=O)=C(OC)C=C1)(CC(C)(C)C)=O,0.00874728502240032
C1(=CC=CC=C1F)C(=O)N(C1CC1)CC1=CC(OS(=O)(=O)C(C)C)=C(OC)C=C1,0.01120874066837132
C1(=CC=CO1)C(=O)N(CC1=CC=C(F)C=C1)CC1C=C(OS(=O)(=O)C(C)C)C=CC=1,0.010670058755204081
N(CCOC)(C(NCC)=O)CC1=CC=CC(=C1)OS(=O)(=O)C1C=CC(=CC=1)F,0.004692219430580735
C(N(CC1CCCO1)CC1C=C(OS(=O)(=O)C2C=CC(=CC=2)OC)C=CC=1)(C)=O,0.00936794290319085
C(F)(F)(F)C1C=CC(COC2C[C@](OCC3C=CC=CC=3)(C(NCC3CC3)=O)C[C@H]3OC(C)(C)O[C@H]32)=CC=1,0.00755072773899883
C1(=CC=CS1)C(=O)N(C(C)CC)CC1=C(OS(=O)(=O)C2C=CC(=CC=2)OC)C=CC=C1,0.009221896389499306
N(C(=O)C1=CC=CS1)(CC1C=CC(=CC=1)OS(=O)(=O)C1C=CC(=CC=1)F)C(C)C,0.007279827632009983
N(C(C)C)(C(NC1C=CC=CC=1OC)=O)CC1C=CC(=CC=1)OS(=O)(=O)C,0.006121195014566183
C(N(CCOC)CC1C=C(OS(=O)(=O)C(C)C)C=CC=1)(C(C)C)=O,0.011899602459743619
C(C1=CC(OS(=O)(=O)C(C)C)=C(OC)C=C1)N(C(NC(C)C)=O)CC1CCCO1,0.008030985295772553
C1(=CC=CS1)C(=O)N(CC1=CC=CO1)CC1=CC(OS(=O)(=O)CC)=C(OC)C=C1,0.00968692502938211
N(CC(C)C)(C(=O)C1C=CC=CC=1Cl)CC1C=CC(=CC=1)OS(=O)(=O)C,0.009693274274468422
C(N(CCOC)CC1C=C(OS(=O)(=O)C(C)C)C=CC=1)(=O)C1C=CC=C(F)C=1,0.00859366562217474
C1(=CC=CC=C1Cl)C(=O)N(CC1=CC(=CC=C1OS(=O)(=O)CC)Cl)CCOC,0.009505302086472512
C1(CCCCC1)NC(CCN(CCCCC)C(C1=COC=C1)=O)=O,0.013277609925717115
O=C(C(C)N1C2C(C(=O)N(C3=CC=C(F)C=C3)C1=O)=CC=C(C=2)Cl)NCCOC,0.003979443910066038
N(C(NC1C=CC=CC=1OC)=O)(CC1C=CC(=CC=1)OS(=O)(=O)CC)C(C)C,0.0066168913152068855
C(N(C(C)CC)CC1C=C(OS(=O)(=O)C(C)C)C=CC=1)(=O)C1C=CC=C(F)C=1,0.009784077061340213
C1(CNC(CCN(CCCC)C(C2=C(C)OC(C)=C2)=O)=O)=CC=CO1,0.01043211822398007
N(CC1=CC=CO1)(C(NCC)=O)CC1=CC(=C(OC)C=C1)OS(=O)(=O)C1C=CC(=CC=1)F,0.005766501789912582
N(C(CC(C)(C)C)=O)(CC1C=CC(=CC=1)OS(=O)(=O)CC)CCOC,0.011766847874969243
C1(=CC=CS1)C(=O)N(CC(C)C)CC1C=C(OS(=O)(=O)C(C)C)C=CC=1,0.010422687465324997
C1(=CC=CO1)C(=O)N(C(C)C)CC1=C(OS(=O)(=O)CC)C=CC=C1,0.012662327801808714
N(C(=O)C(C)C)(CC1C=CC(=CC=1)OS(=O)(=O)C1C=CC(=CC=1)F)CCOC,0.008383714174851776
C(N(CC1CCCO1)CC1=CC(OS(=O)(=O)CC)=C(OC)C=C1)(COC)=O,0.012413205066695809
C(N(C(C)C)CC1=C(OS(=O)(=O)C2C=CC(=CC=2)OC)C=CC=C1)(CC(C)C)=O,0.012262331414967775
C1(C(=O)N(C(C)C)CC(=O)N(CCC2C=CC(OC)=C(OC)C=2)CC2=CC=C(C)O2)CC1,0.013557728426530958
C(N(CC1=CC(=CC=C1OS(=O)(=O)CC)Cl)CCOC)(C1CCC1)=O,0.009913102909922599
C(NC(=O)N(C1CC1)CC1=C(OS(=O)(=O)C)C=CC=C1)(C)(C)C,0.006114086089655757
C1(=CC=CO1)C(=O)N(C1CC1)CC1=CC(OS(=O)(=O)CC)=C(OC)C=C1,0.012728994991630316
C(NC(=O)N(C(C)C)CC1=C(OS(=O)(=O)C2C=CC(=CC=2)OC)C=CC=C1)C,0.006537859467789531
C(N(C(C)C)CC1=C(OS(=O)(=O)C2=CC=C(C=C2)F)C=CC=C1)(=O)C1C=CC=C(F)C=1,0.008391103008762002
C(CCN(CCCOC)C(C1=COC=C1)=O)(NCC1=CC=CO1)=O,0.007573184417560696
N(C(=O)COC)(CC1C=CC(=CC=1)OS(=O)(=O)C1C=CC(=CC=1)F)C(C)C,0.00771243991330266
N(C(C)C)(C(=O)C1C=CC=CC=1F)CC1=CC(=C(OC)C=C1)OS(=O)(=O)CC,0.010945200268179179
C1(C(=O)N(CC2CC2)CC(=O)N(CCC2=CC=CC=C2)CC2=CC=C(C)O2)CC1,0.016132478043437003
C1(C(=O)NC2C=CC(=CC=2)N2CCCN(CC3C=CC=C(Cl)C=3)C2=O)C=CC=CC=1,0.0050963657209649686
C1(NC(=O)N(CC(C)C)CC(N(CC2=CC=C3OCOC3=C2)CC2SC=CC=2C)=O)=CC=CC=C1,0.00555373311508447
C1(C(=O)N(CCCC)CC(=O)N2CC(=O)N(C3C=C(C)C=CC=3)C2)C=CC(CCCC)=CC=1,0.011678428668528796
C(N(CC1=CC=C(F)C=C1)CC1=CC(=CC=C1OS(=O)(=O)C1=CC=C(C=C1)NC(C)=O)Cl)(CC(C)(C)C)=O,0.005996486404910684
C1=C(C=CC=C1NC(=O)N(CC(C)C)CC(N(CC1=CC=C2OCOC2=C1)CC1SC=CC=1C)=O)F,0.004752399132121355
C1C(OC)=C(C=CC=1)C(=O)NC1=C(C=CC(C)=C1)N1CCCN(CC2=CC=C(C=C2)C)C1=O,0.006205995450727642
C1(C(=O)N2CC(C(C3=CC=C(OC)C=C3)C2)C(=O)NCC2=CC=C(F)C=C2)CC1,0.00742488990072161
C(N(CC1=CC=CO1)CC1C=C(OS(=O)(=O)C2=CC=C(C=C2)NC(C)=O)C=CC=1)(=O)C1C=CC=C(F)C=1,0.006335631618276239
C(C1=CC(OS(=O)(=O)C2C=CC(=CC=2)OC)=C(OC)C=C1)N(C(NC(C)(C)C)=O)C(C)C,0.007841864647343755
C(C(=O)N1CC(C(C2=CC(OC)=C(OC)C(OC)=C2)C1)C(=O)NCCC)(C)C,0.011932598520070314
C(N(CC1=CC=CO1)CC1C=C(OS(=O)(=O)C2C=CC(=CC=2)OC)C=CC=1)(COC)=O,0.010672061191871762
N(C(=O)C1=CC=CS1)(CC1C=CC(=CC=1)OS(=O)(=O)C1C=CC(=CC=1)F)CC1=CC=CO1,0.007266944134607911
C1(C(=O)NC2C=CC(=CC=2)N2CCCN(CC3C=CC=C(Cl)C=3)C2=O)C=CC(Cl)=C(Cl)C=1,0.005311573576182127
C1(C(=O)NC2=C(C=CC(C)=C2)N2CCCN(CC3=CC=C(C=C3)C)C2=O)C=C(C)C=CC=1,0.006823675939813256
C1(C(=O)N2CC(C(C3=CC=C(OC)C=C3)C2)C(=O)NCC(C)C)=CC=CC=C1F,0.008037277404218912
C(NC(=O)N(CCOC)CC1=CC(OS(=O)(=O)CC)=C(OC)C=C1)(C)(C)C,0.007863547862507403
C1(C(=O)N2CC(C(C3=CC=CC=C3)C2)C(=O)NCC2=CC=C(F)C=C2)=CC=C(C=C1)OC,0.0070071355672553185
C1(=C(F)C=CC=C1)C(=O)N(CC1=CC=CO1)CC1C=C(OS(=O)(=O)C2=CC=C(C=C2)NC(C)=O)C=CC=1,0.0064946658909320835
C1(C(=O)NC2=C(C=CC(C)=C2)N2CCCN(CC3=CC=C(C=C3)C)C2=O)C=CC(F)=CC=1,0.005596323474310339
C1(=CC=CC=C1Cl)C(=O)N(CC1=CC=CO1)CC1=CC(OS(=O)(=O)C2=CC=C(C=C2)NC(C)=O)=C(OC)C=C1,0.00654452673625201
C1(S(=O)(=O)N2CC(C(C3=CC=CC=C3)C2)C(=O)NCC2=CC=C(F)C=C2)C=CC(=CC=1)OC,0.00594569887034595
C1(C(=O)N2CC(C(C3=CC(C(F)(F)F)=CC=C3)C2)C(=O)N(CC)C)=CC=C(C=C1)OC,0.007443427550606429
C(C)(C)(C)CC(=O)NC1=C(C=CC(C)=C1)N1CCCN(CC2=CC=C(C=C2)C)C1=O,0.007807212206535042
C1(C(=O)N2CC(C(C3=CC(C(F)(F)F)=CC=C3)C2)C(=O)N(CC)C)C=CC=CC=1,0.00725812443997711
C1(C(=O)N(C(C)C)CC(=O)N2CCC3SC=CC=3C2COC2=CC=CC=C2)C=CC=C(C)C=1,0.00975847290828824
C(N(CC(C)C)CC1=CC(OS(=O)(=O)C(C)C)=C(OC)C=C1)(=O)C1C=CC=C(F)C=1,0.011834595212712884
C1(C=CC(=CC=1)COC1C[C@](OCC2C=CC=C(C)C=2)(C(NCC)=O)C[C@H]2OC(C)(C)O[C@H]21)F,0.00947473819833249
C1(C(=O)N(C(C)C)CC(=O)N2CCC3SC=CC=3C2COC2=C(F)C=CC=C2)=CC=CS1,0.009499024832621217
C(N(CC1CCCO1)CC1=CC(OS(=O)(=O)C(C)C)=C(OC)C=C1)(CC(C)C)=O,0.01329940794967115
C1(COC2C[C@](OCC3C=CC=C(C)C=3)(C(NCC)=O)C[C@H]3OC(C)(C)O[C@H]32)C=CC=CC=1,0.012337931524962186
C1(=CC=CC=C1F)C(=O)N(CC1CCCO1)CC1=CC(OS(=O)(=O)C(C)C)=C(OC)C=C1,0.010266636032611132
C1=C(C=CC=C1Cl)COC1C[C@](OCC2C=CC=C(C)C=2)(C(NCC)=O)C[C@H]2OC(C)(C)O[C@H]21,0.010626195254735649
C(N(CC1=CC=CO1)CC1C=CC(OS(=O)(=O)C2C=CC(=CC=2)OC)=CC=1)(C1CCC1)=O,0.010881382506340742
C1(C(=O)N(C(C)C)CC(=O)N2CCC3SC=CC=3C2COC2=CC=CC=C2)=CC=CS1,0.010131793795153499
C1(C(=O)N(C(C)C)CC(=O)N2CCC3SC=CC=3C2COC2=CC=CC=C2)C=CC=CC=1,0.009694223664700985
C(N(C(C)CC)CC1=C(OS(=O)(=O)C2C=CC(=CC=2)OC)C=CC=C1)(CC(C)C)=O,0.012569322623312474
C1(C(=O)N(C(C)C)CC(=O)N2CCC3SC=CC=3C2COC2=CC=CC=C2)=CC=C(C)C=C1,0.009895366337150335
C(N(C(C)CC)CC1=C(OS(=O)(=O)C2C=CC(=CC=2)OC)C=CC=C1)(CC(C)(C)C)=O,0.012661526305601
C1(COC2C[C@](OCC3C=CC=C(Cl)C=3)(C(NCC3CC3)=O)C[C@H]3OC(C)(C)O[C@H]32)=CC=C(C=C1)C,0.010300751705653966
C1(C(=O)N(C(C)C)CC(=O)N2CCC3SC=CC=3C2COC2=CC=CC=C2)=CC=CC=C1F,0.008593996986746788
C(N(CC1CCCO1)CC1=CC(OS(=O)(=O)CC)=C(OC)C=C1)(=O)C1C=CC=C(F)C=1,0.009800120070576668
C1(=CC=CO1)C(=O)N(C(C)CC)CC1=C(OS(=O)(=O)C2C=CC(=CC=2)OC)C=CC=C1,0.012144809775054454
C1(C(=O)NCC2N(C(NCC)=O)CCC3C2=CC(OC)=C(OC)C=3)CC1,0.006856228644028306
C(N(C(C)C)CC1=CC(OS(=O)(=O)C2C=CC(=CC=2)OC)=C(OC)C=C1)(CC(C)C)=O,0.01272467658855021
C1(=CC=CS1)C(=O)N(CC(C)C)CC1=CC(OS(=O)(=O)C(C)C)=C(OC)C=C1,0.011742847552523018
C(N(C(C)C)CC1=CC(=CC=C1OS(=O)(=O)C1=CC=C(C=C1)F)Cl)(C(C)C)=O,0.008251831214874984
C(C1=CC(OS(=O)(=O)C2C=CC(=CC=2)OC)=C(OC)C=C1)N(C(NCC)=O)C(C)C,0.007231171173043549
C1(C(=O)N(CCOC)CC(=O)N(CCC2=CC=CC=C2)CC2=CC=C(C)O2)CCCC1,0.013799812830984592
C(N(C(C)CC)CC1=CC(=CC=C1OS(=O)(=O)C1=CC=C(C=C1)F)Cl)(CC(C)C)=O,0.00892690015025437
C(N(CCOC)CC1=CC(OS(=O)(=O)C2C=CC(=CC=2)OC)=C(OC)C=C1)(C(C)C)=O,0.011651137098670005
[C@H]1(O)[C@H](C(C[C@](OCC2=CC=CC(C(F)(F)F)=C2)(C(NCC2CCCO2)=O)C1)OCC1C=CC=CC=1)O,0.0034131804095522966
C1(COC2C[C@](OCC3=CC=C(C=C3)F)(C(NCCOC)=O)C[C@H]3OC(C)(C)O[C@H]32)C=CC=CC=1F,0.007806454203091562
C1(=CC=CS1)C(=O)N(CCOC)CC1=C(OS(=O)(=O)C2=CC=C(C=C2)NC(C)=O)C=CC=C1,0.005537153803743422
C1(=CC=CC=C1F)C(=O)N(CC1CCCO1)CC1=CC(OS(=O)(=O)C)=C(OC)C=C1,0.009687365358695387
C(N(CC1=CC=CO1)CC1C=CC(OS(=O)(=O)C(C)C)=CC=1)(CC(C)(C)C)=O,0.01337550999596715
C(N(CCOC)CC1=C(OS(=O)(=O)C2=CC=C(C=C2)NC(C)=O)C=CC=C1)(COC)=O,0.007381605077534914
C(NC(=O)N(C(C)CC)CC1=C(OS(=O)(=O)C2=CC=C(C=C2)F)C=CC=C1)(C)(C)C,0.0065822340315207836
C(C(=O)N(CC1CC1)CC(=O)N(CCC1=CC=CC=C1)CC1=CC=C(C)O1)(C)C,0.015295078232884406
C(N(C(C)CC)CC1=C(OS(=O)(=O)C2=CC=C(C=C2)F)C=CC=C1)(COC)=O,0.008124540466815234
C(N(C(C)CC)CC1C=CC(OS(=O)(=O)C(C)C)=CC=1)(=O)C1C=CC=C(F)C=1,0.009769885567948222
N(C(NCC)=O)(CC1C=CC(=CC=1)OS(=O)(=O)C1C=CC(=CC=1)F)CC1=CC=CO1,0.0053287394344806675
C(N(CC1CCCO1)CC1=CC(OS(=O)(=O)C2=CC=C(C=C2)NC(C)=O)=C(OC)C=C1)(C)=O,0.008513750764541328
C(C(=O)NCC1N(C(NC2=CC=C(OCC)C=C2)=O)CCC2C1=CC(OC)=C(OC)C=2)C,0.006128013483248651
C(N(CCOC)CC1=CC(OS(=O)(=O)CC)=C(OC)C=C1)(=O)C1C=CC=C(F)C=1,0.010819459334015846
CC(=O)N(CC1=CC=CO1)CC(=O)N(CC1=CC=C(F)C=C1)CC1=CC=C(C)S1,0.008941830508410931
N(C(C)CC)(C(=O)COC)CC1=CC=CC(=C1)OS(=O)(=O)C1C=CC(=CC=1)F,0.008049222361296415
C1N(C(NCC)=O)CC(COC2=CC3OCOC=3C=C2)OC1,0.004887432151008397
N1(C2=CC(F)=CC=C2)CCC(C(=O)NCC2=CC3OCOC=3C=C2)C1=O,0.006932856515049934
C1(C(=O)NC2C=CC(=CC=2)N2CCCN(CC3=CC(C)=CC(C)=C3)C2=O)CC1,0.006968875997699797
C(N(C1CC1)CC1C=CC(OS(=O)(=O)C(C)C)=CC=1)(CC(C)C)=O,0.012799369124695658
C(N(C(C)C)CC1=CC(=CC=C1OS(=O)(=O)C1=CC=C(C=C1)F)Cl)(C)=O,0.0066799520747736095
C(N(C(C)CC)CC1=CC(=CC=C1OS(=O)(=O)C1=CC=C(C=C1)F)Cl)(C)=O,0.007228265190497041
C(COC1C[C@](OCC2=CC=C(C=C2)F)(C(NCC)=O)C[C@H]2OC(C)(C)O[C@H]21)=C,0.008510514069348574
C(N(C(C)CC)CC1C=CC(OS(=O)(=O)C(C)C)=CC=1)(C)=O,0.011846569227054715
C(N(C(C)CC)CC1C=CC(OS(=O)(=O)C(C)C)=CC=1)(C(C)C)=O,0.014288430660963058
C(N(C(C)CC)CC1C=CC(OS(=O)(=O)C(C)C)=CC=1)(CC(C)C)=O,0.014104151772335172
C(N(C(C)CC)CC1C=CC(OS(=O)(=O)C(C)C)=CC=1)(CC(C)(C)C)=O,0.014992751367390155
C(C1=CC=C(CN2C(=O)CC(C3C=CC=C(C)C=3)C(C(OCC)=O)=C2C)C=C1)(N1CCCCC1)=O,0.0091023663058877
C(NC(=O)N(CCC(C)C)CC(=O)N(CCC1=CC=CC=C1)CC1=CC=C(C)O1)(C)(C)C,0.008508513704873622
N(C(=O)CC(C)C)(CC1C=CC(=CC=1)OS(=O)(=O)C1C=CC(=CC=1)F)CC(C)C,0.009136478928849102
C(NC(=O)N(C(C)CC)CC1=C(OS(=O)(=O)C2=CC=C(C=C2)NC(C)=O)C=CC=C1)(C)C,0.005966064869426191
C(C1=CC(OS(=O)(=O)C2C=CC(=CC=2)OC)=C(OC)C=C1)N(C(NC(C)C)=O)CC(C)C,0.008058721059933304
C(C1=CC=C(CN2C(=O)CC(C3=CC=C(Cl)C(Cl)=C3)C(C(OCC)=O)=C2C)C=C1)(N1CCCC1)=O,0.008769829431548715
C1(=CC=CO1)C(=O)N(CC1=CC=C(F)C=C1)CC1=C(OS(=O)(=O)C2C=CC(=CC=2)OC)C=CC=C1,0.009931305842474102
C(C1=CC=C(CN2C(=O)CC(C3C=CC=C(C)C=3)C(C(OCC)=O)=C2C)C=C1)(NCC1=CC=CC=C1)=O,0.008734334679320454
C(N(CC1=CC=C(F)C=C1)CC1C=C(OS(=O)(=O)CC)C=CC=1)(=O)C1C=CC=C(F)C=1,0.008414456108585
C(C(C(C)C)N1CC2=C(C1=O)C(C1=CC=CC=C1)NC(=O)N2CC)(NCC(C)C)=O,0.008589771343395114
C(C(C1C=CC=CC=1)N1CC2=C(C1=O)C(C1=CC=CC=C1)NC(=O)N2CC)(NCC(C)C)=O,0.007532757916487753
C(NC(=O)N1CCC(C(NC(=O)C2=CC=CC=C2Cl)C(N2CCCCC2)=O)CC1)(C)(C)C,0.005445607902947814
C(C(=O)N1CC(C(C2=CC(OC)=C(OC)C(OC)=C2)C1)C(=O)NCC(C)C)(C)C,0.012361192470416426
C1(C(=O)N2CC(C(C3=CC(C(F)(F)F)=CC=C3)C2)C(=O)N(CC)C)=CC=CO1,0.00830106467474252
C1=CC(=CC(OC)=C1)C(=O)N1CC(C(C2=CC=CC=C2)C1)C(=O)NCC1=CC=C(F)C=C1,0.00694688071962446
C1(C(=O)N2CC(C(C3=CC(OC)=C(OC)C(OC)=C3)C2)C(=O)NCCC)=CC=CO1,0.009915725048631429
C(C(=O)N1CC(C(C2=CC(OC)=C(OC)C(OC)=C2)C1)C(=O)NCCC)C1C=CC=CC=1,0.010746154421940445
C1(C(=O)N2CC(C(C3=CC(OC)=C(OC)C(OC)=C3)C2)C(=O)NCC(C)C)=CC=C(C=C1)OC,0.01028586809989065
C(C(=O)N1CC(C(C2=CC(OC)=C(OC)C(OC)=C2)C1)C(=O)NCCCC)C1C=CC=CC=1,0.00965990973636508
C1(C(=O)N2CC(C(C3=CC=CC=C3)C2)C(=O)NCC2=CC=C(F)C=C2)C=CC=C(Cl)C=1,0.006367060239426792
C1(C(=O)N2CC(C(C3=CC(OC)=C(OC)C(OC)=C3)C2)C(=O)NCCC)C=CC(Cl)=CC=1Cl,0.00865840706974268
C1(C(=O)N2CC(C(C3=CC(OC)=C(OC)C(OC)=C3)C2)C(=O)NCC(C)C)CCCC1,0.012316506495699287
C1(C(=O)N2CC(C(C3=CC(OC)=C(OC)C(OC)=C3)C2)C(=O)NCCCC)=CC=CC=C1C,0.009441887238062918
C1(C(=O)N2CC(C(C3=CC(C(F)(F)F)=CC=C3)C2)C(=O)N(CC)C)CC1,0.008206535875797272
C1(C(=O)N2CC(C(C3=CC(OC)=C(OC)C(OC)=C3)C2)C(=O)NCCC)=CC=CC=C1Cl,0.00917417302262038
C1(C(=O)N2CC(C(C3=CC(OC)=C(OC)C(OC)=C3)C2)C(=O)NCCC)=CC=CC=C1C,0.010439423052594066
C(C(=O)N1CC(C(C2=CC(OC)=C(OC)C(OC)=C2)C1)C(=O)NCC(C)C)C1C=CC=CC=1,0.011015525227412582
C1=CC(=CC(OC)=C1)C(=O)N1CC(C(C2=CC(OC)=C(OC)C(OC)=C2)C1)C(=O)NCCCC,0.009076891769655048
C(NC(=O)N1CC(C(C2=CC(C(F)(F)F)=CC=C2)C1)C(=O)N(CC)C)(C)(C)C,0.00512535055167973
C1(=CC=CO1)C(=O)N(C1CC1)CC1C=CC(OS(=O)(=O)C2C=CC(=CC=2)OC)=CC=1,0.011699530761688948
C1(C(=O)N2CC(C(C3=CC=C(OC)C=C3)C2)C(=O)NCCOC)=CC=C(C=C1)OC,0.007449487992562354
C1(C(=O)N2CC(C(C3=CC(OC)=C(OC)C(OC)=C3)C2)C(=O)NCCC)=CC=C(C=C1)OC,0.010086541273631155
C1=CC(=CC(OC)=C1)C(=O)N1CC(C(C2=CC(OC)=C(OC)C(OC)=C2)C1)C(=O)NCCC,0.010045896819792687
C1(C(=O)N2CC(C(C3=CC(OC)=C(OC)C(OC)=C3)C2)C(=O)NCC(C)C)C=CC=C(Cl)C=1,0.00904447108041495
C1(C(=O)N2CC(C(C3=CC(OC)=C(OC)C(OC)=C3)C2)C(=O)NCCCC)C=CC=C(Cl)C=1,0.008004076941870154
C(C(=O)N1CC(C(C2=CC(OC)=C(OC)C(OC)=C2)C1)C(=O)NCCC)C(C)C,0.012254436034709215
C(NC(=O)N1CC(C(C2=CC(OC)=C(OC)C(OC)=C2)C1)C(=O)NCCC)(C)(C)C,0.007122394465841353
C(NC(=O)N1CC(C(C2=CC(OC)=C(OC)C(OC)=C2)C1)C(=O)NCCCC)(C)C,0.006471742014400661
C1(C(=O)N2CC(C(C3=CC(OC)=C(OC)C(OC)=C3)C2)C(=O)NCCC)=CC=C(C)C=C1,0.010497514135204255
C(NC(=O)N1CC(C(C2=CC(OC)=C(OC)C(OC)=C2)C1)C(=O)NCC(C)C)(C)(C)C,0.007349612331017852
C(C)(C)(C)CC(=O)N1CC(C(C2=CC(OC)=C(OC)C(OC)=C2)C1)C(=O)NCCC,0.012397630605846643
C(N(C(C)CC)CC1C=CC(OS(=O)(=O)C2C=CC(=CC=2)OC)=CC=1)(CC(C)C)=O,0.012468505883589387
C(N(CCOC)CC1C=CC(OS(=O)(=O)C2C=CC(=CC=2)OC)=CC=1)(C1CCC1)=O,0.011157303862273694
C(NC(=O)N(CC1=CC=CO1)CC1=C(OS(=O)(=O)C2=CC=C(C=C2)F)C=CC=C1)C,0.005815938720479608
C1(CC1)NC(C1COC2(CCN(CC2)C(=O)C2=CC=CC=C2F)N1C(=O)C1C=CC=C(F)C=1)=O,0.0069095644168555735
C1(=CC=CC=C1F)C(=O)N(C(C)C)CC1=CC(OS(=O)(=O)C2C=CC(=CC=2)OC)=C(OC)C=C1,0.009577852347865701
C(N(CCOC)CC1=CC(OS(=O)(=O)C(C)C)=C(OC)C=C1)(COC)=O,0.012705394346266986
N(CCOC)(C(=O)C1C=CC=C(F)C=1)CC1=CC(=C(OC)C=C1)OS(=O)(=O)C1C=CC(=CC=1)F,0.008729919651523232
N(CC1=CC=CO1)(C(=O)C)CC1=CC(=C(OC)C=C1)OS(=O)(=O)C1C=CC(=CC=1)F,0.009021301567554475
C(N(CC1=CC=CO1)CC1C=C(OS(=O)(=O)C2C=CC(=CC=2)OC)C=CC=1)(C1CCC1)=O,0.0105497432872653
O=C(C(CC)N1C2C(C(=O)N(C3C=CC=C(OC)C=3)C1=O)=CC=C(C=2)Cl)NC(C)C,0.005435923859477043
C(N(CC1=CC=CO1)CC1C=C(OS(=O)(=O)C2C=CC(=CC=2)OC)C=CC=1)(CC(C)C)=O,0.011240845499560236
N(CCOC)(C(=O)C1C=CC=CC=1F)CC1=CC=CC(=C1)OS(=O)(=O)C1C=CC(=CC=1)F,0.007810317678377032
C(N(CC1=CC=CO1)CC1C=C(OS(=O)(=O)C2=CC=C(C=C2)NC(C)=O)C=CC=1)(CC(C)C)=O,0.007969169737771153
C(N(CC1=CC=CO1)CC1C=C(OS(=O)(=O)C2=CC=C(C=C2)NC(C)=O)C=CC=1)(CC(C)(C)C)=O,0.007950588734820485
C1(NC(=O)N(CCOC)CC2=C(OS(=O)(=O)C)C=CC=C2)C=CC=CC=1OC,0.006127229402773082
C1(=CC=CC=C1)CCNC(CCN(CCCC)C(C1=C(C)OC(C)=C1)=O)=O,0.010464550321921706
C(N(C(C)CC)CC1=C(OS(=O)(=O)C2=CC=C(C=C2)NC(C)=O)C=CC=C1)(C(C)C)=O,0.009080612659454345
C(CCN(CCCOC)C(C1=C(C)OC(C)=C1)=O)(NCC1=CC=CO1)=O,0.008775968104600906
N(C1C=CC=CC=1OC)C(N(C(C)C)CC1=CC(=CC=C1OS(=O)(=O)C)Cl)=O,0.005226675805170089
C(N(CC(C)C)CC1=CC(OS(=O)(=O)C2C=CC(=CC=2)OC)=C(OC)C=C1)(C)=O,0.011835033632814884
C(NC(=O)N(C(C)CC)CC1=C(OS(=O)(=O)C2=CC=C(C=C2)NC(C)=O)C=CC=C1)(C)(C)C,0.0059893628815189
C(F)(F)(F)C1C=CC(COC2C[C@](OCC3C=CC=C(F)C=3)(C(NC)=O)C[C@H]3OC(C)(C)O[C@H]32)=CC=1,0.006953259417787194
N(C(C)CC)(C(NC1C=CC=CC=1OC)=O)CC1=CC(=C(OC)C=C1)OS(=O)(=O)C,0.007242935406975448
N(CC(C)C)(C(NC1C=CC=CC=1OC)=O)CC1=CC(=C(OC)C=C1)OS(=O)(=O)CC,0.007903996924869715
C(N(CC1=CC=CO1)CC1C=C(OS(=O)(=O)C(C)C)C=CC=1)(=O)C1C=CC=C(F)C=1,0.009993948135524988
C(NC(=O)N(C(C)CC)CC1=C(OS(=O)(=O)C2C=CC(=CC=2)OC)C=CC=C1)(C)(C)C,0.007569225388579071
C(C(=O)N(CC=C)CC(N(CC1=CC=C2OCOC2=C1)CC1SC=CC=1C)=O)(C)C,0.0112840146292001
C1(=C(F)C=CC=C1)C(=O)N(CC1CCCO1)CC1C=C(OS(=O)(=O)CC)C=CC=1,0.008574613742530346
C1(=CC=CC=C1F)C(=O)N(CCOC)CC1=C(OS(=O)(=O)C2=CC=C(C=C2)F)C=CC=C1,0.007970860740169883
N(C(=O)C1=CC=CO1)(CC1C=CC(=CC=1)OS(=O)(=O)C1C=CC(=CC=1)F)CCOC,0.00891120545566082
C(C(=O)N(CC1CCCO1)CC(=O)N(CCC1=CC=CC=C1)CC1=CC=C(C)O1)(C)C,0.013622408406808973
C1(C(=O)N(CC(C)C)CC2=CC(=C(OC)C=C2)OS(=O)(=O)C)C=CC=CC=1Cl,0.01113652135245502
C1(=CC=CC=C1Cl)C(=O)N(CCOC)CC1=CC(=CC=C1OS(=O)(=O)C)Cl,0.008886137837544083
C1(C(=O)N(C(C)C)CC(N(CC2=CC=C(F)C=C2)CC2=CC=C(C)S2)=O)=CC=CO1,0.009235256398096681
C(N(CCOC)CC1C=CC(OS(=O)(=O)C2=CC=C(C=C2)NC(C)=O)=CC=1)(C)=O,0.007165541290305555
C(N(C(C)C)CC1=C(OS(=O)(=O)CC)C=CC=C1)(=O)C1C=CC=C(F)C=1,0.008734076609835028
C1(=CC=CO1)C(=O)N(CC1CCCO1)CC1C=CC(OS(=O)(=O)C(C)C)=CC=1,0.011872567469254136
C(N(CC1=CC=C(F)C=C1)CC1=C(OS(=O)(=O)CC)C=CC=C1)(COC)=O,0.008382432255893945
C(N(CCOC)CC1C=CC(OS(=O)(=O)C2=CC=C(C=C2)NC(C)=O)=CC=1)(CC(C)C)=O,0.007416283129714429
C(N(CCOC)CC1=CC(=CC=C1OS(=O)(=O)C1=CC=C(C=C1)F)Cl)(COC)=O,0.007233121059834957
C(N(CCOC)CC1=C(OS(=O)(=O)C2C=CC(OC)=C(F)C=2)C=CC=C1)(CC(C)(C)C)=O,0.010067431116476655
C(N(CCOC)CC1=C(OS(=O)(=O)C2C=CC(OC)=C(F)C=2)C=CC=C1)(=O)C1C=CC=C(F)C=1,0.0088738352060318
C(N(CCOC)CC1=C(OS(=O)(=O)C2C=CC(OC)=C(F)C=2)C=CC=C1)(COC)=O,0.009526185458526015
C(N(CC1=CC=CO1)CC1=C(OS(=O)(=O)C2C=CC(OC)=C(F)C=2)C=CC=C1)(C(C)C)=O,0.010737681714817881
O=C(C(CC)N1C2C(C(=O)N(C3C=CC(F)=C(Cl)C=3)C1=O)=CC=CC=2)NCC(C)C,0.005726974853314459
C1(=CC=CC=C1F)C(=O)N(CCOC)CC1=C(OS(=O)(=O)C2C=CC(OC)=C(F)C=2)C=CC=C1,0.009136540163308383
C1(C(=O)N(CC=C)CC(N(CC2=CC=C(F)C=C2)CC2=CC=C(C)S2)=O)C=CC(=CC=1)F,0.007652898319065571
C(N(CC1=CC=CO1)CC1=CC(OS(=O)(=O)CC)=C(OC)C=C1)(C(C)C)=O,0.01258918447420001
C1(C(=O)N(CC2CC2)CC(=O)N(CC2=CC=C(F)C=C2)CC2=CC=C(C)S2)=CC=CC=C1C,0.008923135884106159
C1(C(=O)N(CCC)CC(=O)N(CCC2C=CC(OC)=C(OC)C=2)CC2=CC=C(C)O2)C=CC(=CC=1)F,0.009305165498517454
C1(C(=O)N(CCCOCC)CC(=O)N(CCC2=CC=CC=C2)CC2=CC=C(C)O2)=CC=CC=C1C,0.010381456464529037
C(C(=O)N(CCOC)CC(=O)N(CCC1C=CC(OC)=C(OC)C=1)CC1=CC=C(C)O1)(C)C,0.014222355093806982
C(C(=O)N(CCC)CC(=O)N(CCC1C=CC(OC)=C(OC)C=1)CC1=CC=C(C)O1)C1C=CC=CC=1,0.01223603766411543
C1(C(=O)N(C(C)C)CC(=O)N(CCC2C=CC(OC)=C(OC)C=2)CC2=CC=C(C)O2)C=CC=CC=1F,0.009555300883948802
C1(C(=O)N(CCCCC)CC(=O)N(CCC2C=CC(OC)=C(OC)C=2)CC2=CC=C(C)O2)=CC=CS1,0.008920506108552217
C1(NC(=O)N(CCC(C)C)CC(=O)N(CCC2=CC=CC=C2)CC2=CC=C(C)O2)=CC=CC=C1,0.007764093601144851
C1(C(=O)N(CC2CC2)CC(=O)N(CCC2C=CC(OC)=C(OC)C=2)CC2=CC=C(C)O2)=CC=CS1,0.009886954189278185
C1(NC(=O)N(CCCOCC)CC(=O)N(CCC2=CC=CC=C2)CC2=CC=C(C)O2)C=CC=CC=1C,0.005499743879772723
C1(C(=O)N(CC2CC2)CC(=O)N(CCC2C=CC(OC)=C(OC)C=2)CC2=CC=C(C)O2)CC1,0.013792434241622686
C1(NC(=O)N(CC2CC2)CC(=O)N(CCC2=CC=CC=C2)CC2=CC=C(C)O2)=CC=CC=C1,0.007191246305592358
C1(=CC=CS1)C(=O)N(CC1=CC=CO1)CC1=C(OS(=O)(=O)C2C=CC(=CC=2)OC)C=CC=C1,0.009168420219793916
C1(C(=O)NCC2N(C(NC3C=CC=CC=3OC)=O)CCC3C2=CC(OC)=C(OC)C=3)=CC=C(C)C=C1,0.0060351453255862
N(CC1=CC=CO1)(C(=O)C1C=CC=C(F)C=1)CC1=CC=CC(=C1)OS(=O)(=O)C1C=CC(=CC=1)F,0.008836432872340084
C(NC(=O)NCC1N(C(NC2=CC=C(OCC)C=C2)=O)CCC2C1=CC(OC)=C(OC)C=2)C,0.006097321701236069
C(C(=O)N1CCSC21C(=O)N(CC1=C(Cl)C=CC=C1)C1C2=CC(=CC=1)C)C,0.008016148139722646
C(C(=O)N1CCC(C(NC(C2=CC(OC)=CC=C2)=O)C(N2CCCC2)=O)CC1)OC,0.0085218564607203
C1(C(=O)N2CCC(C(NC(C3=CC(OC)=CC=C3)=O)C(N3CCCCC3)=O)CC2)C=C(C)C=CC=1,0.00853966933209449
C(C(=O)N1CCC(C(NC(=O)C2=CC=C(C)C=C2)C(NCC2=CC=CO2)=O)CC1)(C)C,0.00860335303004831
C1(C(=O)N(CC2CC2)CC(=O)N(CC2=CC=C(F)C=C2)CC2=CC=C(C)S2)CCC1,0.010103171085938811
C1(C(=O)N2CC(CCC2)OCC2=CC(OC)=CC=C2)=CC=CS1,0.008327455958351493
C(C(=O)NCC1N(C(NC2=CC=CC=C2F)=O)CCC2C1=CC(OC)=C(OC)C=2)(C)C,0.005958867818117141
C1(=CC=CC=C1)CCNC(C1CN(CC2C=CC(F)=CC=2)C(=O)C1)=O,0.00669329990632832
C1(C(=O)N(CC=C)CC(=O)N(CCC2=CC=CC=C2)CC2=CC=C(C)O2)C=CC=CC=1F,0.010037203691899777
N1(C2=CC=CC=C2C2=CC=CC=C2)C(=O)C(C)N(C(C2=C(C)C=CC=C2)=O)CC1,0.00894487565383315
N1(CCC(CC1)N1C(=O)OC2=CC=C(C(=O)OC)C=C21)C(C1C=CC(OC)=C(OC)C=1)=O,0.007103985361754894
C1(=CC=CO1)CNC(C1CC(C2=CC(C)=C(F)C=C2)CN(C(=O)C)C1)=O,0.00724094535689801
C1C(=CC=CC=1NC(=O)NC1C=CC(=CC=1)N1CCCN(CC2C=CC(OC)=CC=2)C1=O)OC,0.004808961192611605
N1(CC(COC2C=CC=CC=2)OCC1)C(C(C)OC1C=CC=CC=1Cl)=O,0.010265493905171752
O=C(C(C)N1C2C(C(=O)N(C3=CC=CC(C)=C3)C1=O)=CC=C(C=2)Cl)NCC1=CC=CO1,0.005541697610169649
C1(C(=O)N(CC2OC=CC=2)CC(=O)N(CCC2=CC=CC=C2)CC2=CC=C(C)O2)CCCC1,0.015010852878913284
C1(C(=O)N(CC(C)CC)CC(=O)N(CC2=CC=C3OCOC3=C2)CC2SC=CC=2C)CC1,0.011644494580104947
C(NC(=O)N(CCOC)CC1C=C(OS(=O)(=O)C2C=CC(=CC=2)OC)C=CC=1)C,0.0059718703618273136
C1(C(=O)NCC2N(C(NC3=CC=CC=C3)=O)CCC3C2=CC(OC)=C(OC)C=3)C=CC=CC=1,0.005907441256567836
C(NC(=O)N(C(C)C)CC(N(CC1=CC=C2OCOC2=C1)CC1SC=CC=1C)=O)(C)(C)C,0.005830188863910735
C(NC(=O)N(CC1=CC=CO1)CC1C=C(OS(=O)(=O)C2C=CC(=CC=2)OC)C=CC=1)(C)C,0.0066641616402193906
C(NC(=O)N(CC1CCCO1)CC1=C(OS(=O)(=O)C2=CC=C(C=C2)F)C=CC=C1)(C)C,0.005440789763815701
C1(C(=O)N(CC2CCCO2)CC(=O)N(CCC2=CC=CC=C2)CC2=CC=C(C)O2)C=CC=CC=1Cl,0.009662904310971498
C1(=CC=CC=C1F)C(=O)N(CC1=CC=C(F)C=C1)CC1=C(OS(=O)(=O)CC)C=CC=C1,0.00904131387360394
C(N(CCOC)CC1=C(OS(=O)(=O)C2=CC=C(C=C2)NC(C)=O)C=CC=C1)(C(C)C)=O,0.008285734825767577
C1(=CC=CC=C1F)C(=O)N(CC(C)C)CC1=CC(=CC=C1OS(=O)(=O)C1=CC=C(C=C1)F)Cl,0.007756560621783137
C1(S(=O)(=O)N(CC(C)C)CC(=O)N(CCC2C=CC(OC)=C(OC)C=2)CC2=CC=C(C)O2)C=CC(=CC=1)Cl,0.007669249828904867
C1(=CC=CS1)C(=O)N(C1CC1)CC1C=CC(OS(=O)(=O)C2=CC=C(C=C2)F)=CC=1,0.007201171480119228
C1(C(=O)N2CC(C(C3=CC=C(OC)C=C3OC)C2)C(=O)NCCOC)C=CC=C(Cl)C=1,0.006558403302915394
C1(S(=O)(=O)N2CC(C(C3=CC=C(OC)C=C3OC)C2)C(=O)NCCOC)C=CC(=CC=1)OC,0.005600481643341482
C1=CC(=CC(OC)=C1)C(=O)N1CC(C(C2=CC=CC=C2)C1)C(=O)N1CCCCC1,0.01014066142961383
C1(C(=O)N2CC(C(C3=CC=C(OC)C=C3OC)C2)C(=O)N2CCOCC2)C=CC=CC=1,0.009642431116662919
C1(S(=O)(=O)N(C(C)C)CC(N(CC2=CC=C3OCOC3=C2)CC2SC=CC=2C)=O)C=CC=CC=1,0.006687092478387058
C1(C(=O)N(CCC)CC(N(CC2=CC=C3OCOC3=C2)CC2SC=CC=2C)=O)=CC=CS1,0.009648775681853294
C(C(=O)N(CC1CCCO1)CC(=O)N(CCC1=CC=CC=C1)CC1=CC=C(C)O1)C1C=CC=CC=1,0.011908874195069075
C1(S(=O)(=O)N(C2CCCCC2)CC(N(CC2=CC=C3OCOC3=C2)CC2SC=CC=2C)=O)C=CC(C)=CC=1,0.006681445543654263
C1(C(=O)N(C2CCCCC2)CC(N(CC2=CC=C(F)C=C2)CC2=CC=C(C)S2)=O)C=CC=C(Br)C=1,0.008846929809078575
O=C(C(CC)N1C2C(C(=O)N(C3C=CC(C)=C(Cl)C=3)C1=O)=CC=CC=2)NCCOC,0.004720422520767898
O=C(C(CC)N1C2C(C(=O)N(C3C=CC=C(OC)C=3)C1=O)=CC=C(C=2)Cl)NCCOC,0.0046322191134095195
C1(C(=O)NCC2N(C(NC3=CC=CC(C)=C3)=O)CCC3C2=CC(OC)=C(OC)C=3)=CC=CS1,0.005081150506157428
N(CC1=CC=CO1)C(CN1C2C(C(=O)N(C3C=CC(C)=C(C)C=3)C1=O)=CC=C(C=2)Cl)=O,0.005242778814863414
O=C(CN1C2C(C(=O)N(C3=CC=CC(Cl)=C3)C1=O)=CC=CC=2)N1CCN(CC1)C(C)=O,0.005144356214441359
N1(CCOCC1)C(CN1C2C(C(=O)N(C3C=CC=C(OC)C=3)C1=O)=CC=C(C=2)Cl)=O,0.005064611276611686
O=C(CN1C2C(C(=O)N(C3=CC=CC(Cl)=C3)C1=O)=CC=C(C=2)Cl)NCC1=CC=CO1,0.005307525000534952
C1(=CC=CC=C1F)C(=O)N(CC1=CC=CO1)CC1=C(OS(=O)(=O)C2C=CC(OC)=C(F)C=2)C=CC=C1,0.009492346877232194
C(N(CC1=CC=CO1)CC1=C(OS(=O)(=O)C2C=CC(OC)=C(F)C=2)C=CC=C1)(=O)C1C=CC=C(F)C=1,0.009137234883382916
C(C(=O)N(CCCC)CC(=O)N(CCC1=CC=CC=C1)CC1=CC=C(C)O1)C,0.014306088630110025
C(N(CC1=CC=C(F)C=C1)CC1=C(OS(=O)(=O)C2C=C(F)C(OC)=CC=2)C=CC=C1)(C(C)C)=O,0.01005565319210291
C1(C(=O)N2CC(C(C3=CC=CC=C3OC)C2)C(=O)NCCC)=CC=CC=C1F,0.007951585296541452
C1(C(=O)N(CCCCC)CC(=O)N(CCC2=CC=CC=C2)CC2=CC=C(C)O2)CC1,0.01411126577295363
C(N(CC1=CC=CO1)CC1=C(OS(=O)(=O)C2C=CC(OC)=C(F)C=2)C=CC=C1)(C1CCC1)=O,0.01027126582339406
C(N(CC1=CC=C(F)C=C1)CC1=C(OS(=O)(=O)C2C=C(F)C(OC)=CC=2)C=CC=C1)(C1CCC1)=O,0.009526066808030009
C1(C(=O)N2CC(C(C3=CC=CC(F)=C3)C2)C(=O)NCCC(C)C)=CC=C(C=C1)F,0.007514008041471243
C(N(CC1=CC=CO1)CC1=CC(OS(=O)(=O)CC)=C(OC)C=C1)(COC)=O,0.011775731993839144
C1(C(=O)N(CC(C)C)CC(N(CC2=CC=C(F)C=C2)CC2=CC=C(C)S2)=O)=CC=CS1,0.009582277946174144
C(N(CC1=CC=C(F)C=C1)CC1=C(OS(=O)(=O)C2C=C(F)C(OC)=CC=2)C=CC=C1)(CC(C)C)=O,0.009651775704696774
C(N(C(C)C)CC1C=C(OS(=O)(=O)C(C)C)C=CC=1)(=O)C1C=CC=C(F)C=1,0.009202572889626027
C1(=CC=CC=C1F)C(=O)N(CC(C)C)CC1=CC(=CC=C1OS(=O)(=O)C)Cl,0.00829903786070645
C(N(CC1CCCO1)CC1=C(OS(=O)(=O)C2C=C(F)C(OC)=CC=2)C=CC=C1)(C(C)C)=O,0.009426436061039567
C(N(CC1=CC=CO1)CC1=C(OS(=O)(=O)C2C=CC(OC)=C(F)C=2)C=CC=C1)(CC(C)C)=O,0.010115166753530502
C1(=CC=CC=C1F)C(=O)N(CC1=CC=C(F)C=C1)CC1=C(OS(=O)(=O)C2C=C(F)C(OC)=CC=2)C=CC=C1,0.009649379272013902
O=C(C(C)N1C2C(C(=O)N(C3C=CC(C)=C(Cl)C=3)C1=O)=CC=CC=2)NCC1C=CC=C(C=1)C(F)(F)F,0.004537656903266907
C1(C(=O)N(CCC(C)C)CC(=O)N(CCC2=CC=CC=C2)CC2=CC=C(C)O2)C=CC(=CC=1)OC,0.0130233786534518
C(NC(=O)N(CC1CC1)CC(=O)N(CCC1=CC=CC=C1)CC1=CC=C(C)O1)(C)(C)C,0.007909016427583992
C(C(=O)N(C(C)C)CC(=O)N(CCC1=CC=CC=C1)CC1=CC=C(C)O1)CC1C=CC=CC=1,0.01382643380202353
C1(S(=O)(=O)N(CC2CCCO2)CC(=O)N(CCC2=CC=CC=C2)CC2=CC=C(C)O2)C=CC(C)=CC=1,0.007676897873170674
C1(C(=O)N(CCC(C)C)CC(=O)N(CCC2=CC=CC=C2)CC2=CC=C(C)O2)C=CC(C)=CC=1,0.014461718872189522
C1(NC(=O)N(CCCOCC)CC(=O)N(CCC2=CC=CC=C2)CC2=CC=C(C)O2)=CC=CC=C1,0.005386000964790583
C1(C(=O)N(C(C)C)CC(=O)N(CCC2=CC=CC=C2)CC2=CC=C(C)O2)=CC=CS1,0.010943448031321168
C1(C(=O)N(CCCOC)CC(=O)N(CCC2=CC=CC=C2)CC2=CC=C(C)O2)=CC=CS1,0.008399745635688304
C1(C(=O)N(CCCCC)CC(=O)N(CCC2=CC=CC=C2)CC2=CC=C(C)O2)C=CC(=CC=1)F,0.00922428909689188
C1=C(C=CC=C1NC(=O)N(CCC)CC(=O)N(CCC1=CC=CC=C1)CC1=CC=C(C)O1)F,0.00578267143573612
C1(C(=O)N(CC(C)C)CC(=O)N(CCC2=CC=CC=C2)CC2=CC=C(C)O2)C=CC(Cl)=C(Cl)C=1,0.011952195456251502
C1(S(=O)(=O)N(CCCOC)CC(=O)N(CCC2=CC=CC=C2)CC2=CC=C(C)O2)C=CC(=CC=1)Cl,0.005823338800109923
C1(C(=O)N(CCCCC)CC(=O)N(CCC2=CC=CC=C2)CC2=CC=C(C)O2)C=CC(C)=CC=1,0.01188906179741025
C(NC(=O)N(C1CCCCC1)CC(=O)N(CCC1=CC=CC=C1)CC1=CC=C(C)O1)(C)(C)C,0.00810277194250375
C1(C(=O)N(CCCCC)CC(=O)N(CCC2=CC=CC=C2)CC2=CC=C(C)O2)C=CC(=CC=1)Cl,0.010138446651399135
C1(C(=O)N(CCCOCC)CC(=O)N(CCC2=CC=CC=C2)CC2=CC=C(C)O2)C=CC(=CC=1)F,0.008027398958802223
C(C(=O)N(CCC(C)C)CC(=O)N(CCC1C=CC(OC)=C(OC)C=1)CC1=CC=C(C)O1)CC1C=CC=CC=1,0.013301370898261666
C1(C(=O)N(CC2CC2)CC(=O)N(CCC2=CC=CC=C2)CC2=CC=C(C)O2)C=CC(C)=CC=1,0.013613956002518534
C1(C(=O)N(CCC)CC(=O)N(CCC2=CC=CC=C2)CC2=CC=C(C)O2)=CC=CS1,0.010758034139871597
C1(C(=O)N(CCCOCC)CC(=O)N(CCC2=CC=CC=C2)CC2=CC=C(C)O2)C=CC=CC=1F,0.008446649881079793
C1(C(=O)N(CCC(C)C)CC(=O)N(CCC2C=CC(OC)=C(OC)C=2)CC2=CC=C(C)O2)=CC=CS1,0.010976383229717612
C1(C(=O)N(CC2CC2)CC(=O)N(CCC2=CC=CC=C2)CC2=CC=C(C)O2)C=CC=C(Br)C=1,0.013106860266998411
C1(C(=O)N(CCC)CC(=O)N(CCC2=CC=CC=C2)CC2=CC=C(C)O2)C=CC=CC=1F,0.010517788026481867
C(C(=O)N(CCC(C)C)CC(=O)N(CCC1C=CC(OC)=C(OC)C=1)CC1=CC=C(C)O1)C1C=CC=CC=1,0.013242804165929555
C1(C(=O)N(CC2CC2)CC(=O)N(CCC2=CC=CC=C2)CC2=CC=C(C)O2)C=CC(Cl)=C(Cl)C=1,0.01144366399385035
C1(C(=O)N(C(CC)C)CC(=O)N(CCC2=CC=CC=C2)CC2=CC=C(C)O2)=CC=CO1,0.01385997817851603
C1(C(=O)N(CC2CCCO2)CC(=O)N(CCC2=CC=CC=C2)CC2=CC=C(C)O2)C=CC(Cl)=C(Cl)C=1,0.009143240889534355
C(NC(=O)N(CCCCC)CC(=O)N(CCC1C=CC(OC)=C(OC)C=1)CC1=CC=C(C)O1)(C)(C)C,0.006744072260335088
C(N(CC1CCCO1)CC1=C(OS(=O)(=O)C2C=C(F)C(OC)=CC=2)C=CC=C1)(CC(C)C)=O,0.009471115400083363
C(C)(C)(C)CC(=O)N(CC1CCCO1)CC(N(CC1=CC=C(F)C=C1)CC1=CC=C(C)S1)=O,0.009464749181643129
C(CCN(CCCOC)C(C1=C(C)OC(C)=C1)=O)(NCCCOC)=O,0.009015372209250926
C(N(CC1CC1)CC1=CC(=CC=C1OS(=O)(=O)C)Cl)(COC)=O,0.008579236408695578
C1(C(=O)N(CC2=CC=CO2)CC(=O)N(CC2=CC=C(F)C=C2)CC2=CC=C(C)S2)CCC1,0.009891836205497384
C(CCN(CCCOC)C(C1=C(C)OC(C)=C1)=O)(NCCCCC)=O,0.009934122813865543
C(C(=O)N(CC1CC1)CC(=O)N(CC1=CC=C2OCOC2=C1)CC1SC=CC=1C)(C)C,0.011371263256296515
C(CCN(CCC(C)C)C(C1=C(C)OC(C)=C1)=O)(NCCC(C)C)=O,0.015079822670668364
C(N(CC1CC1)CC1=CC(=CC=C1OS(=O)(=O)C)Cl)(CC(C)C)=O,0.009744117176160217
C(N(CC1CC1)CC1=CC(=CC=C1OS(=O)(=O)C)Cl)(=O)C1C=CC=C(F)C=1,0.007920374744571745
N(C(C)(C)C)C(N(CC1CC1)CC1=CC(=CC=C1OS(=O)(=O)C)Cl)=O,0.005697492649778724
C1(C(=O)N(CC2CC2)CC(=O)N(CC2=CC=C3OCOC3=C2)CC2SC=CC=2C)CCC1,0.011814663978293538
C(CCN(CC)C(C1=C(C)OC(C)=C1)=O)(N(CC)CC)=O,0.01265866649337113
O(C)CCNC(CCN(C(C)CC)C(C1=COC=C1)=O)=O,0.008166283974424005
C1(=CC=CS1)C(=O)N(C(C)CC)CC1=CC(=CC=C1OS(=O)(=O)C1=CC=C(C=C1)NC(C)=O)Cl,0.005293332529254258
C(CCN(CCCOC)C(C1=C(C)OC(C)=C1)=O)(NCCC)=O,0.008491072664037346
C1(=CC=CC=C1Cl)C(=O)N(CC1CC1)CC1=CC(=CC=C1OS(=O)(=O)C)Cl,0.009354643616825342
N(CC)C(N(CC1CC1)CC1=CC(=CC=C1OS(=O)(=O)C)Cl)=O,0.005039327521808445
C(CCN(CC)C(C1=C(C)OC(C)=C1)=O)(NCCCOC)=O,0.007798733189702034
C(CC(C)C)NC(CCN(CCCCCC)C(C1=C(C)OC(C)=C1)=O)=O,0.013382384553551674
C(CCN(CC)C(C1=COC=C1)=O)(NCCCOC)=O,0.007496136100962758
C1(=CC=CC=C1F)C(=O)N(CC1CC1)CC1=CC(=CC=C1OS(=O)(=O)C)Cl,0.008425765810534358
C(CCN(CCCOC)C(C1=C(C)OC(C)=C1)=O)(NC(C)C)=O,0.008307267306372523
C(N(CC1CC1)CC1=CC(=CC=C1OS(=O)(=O)C)Cl)(C(C)C)=O,0.009234700445085764
C(N(CC1CC1)CC1=CC(=CC=C1OS(=O)(=O)C)Cl)(C1CCC1)=O,0.010360427759587764
C1(=CC=CO1)C(=O)N(C(C)CC)CC1=C(OS(=O)(=O)C2=CC=C(C=C2)NC(C)=O)C=CC=C1,0.008546932809986174
CC(=O)N1C(C2C=C(OC)C=CC=2OC)SCC1,0.009275531023740768
C1(C=CC=CC=1)CNC(=O)N1C(C2C=C(OC)C=CC=2OC)SCC1,0.004614403727464378
C(N(CC(C)C)CC1C=CC(OS(=O)(=O)C2=CC=C(C=C2)NC(C)=O)=CC=1)(C)=O,0.007428177748806775
C(C1=CC(CN2C(=O)CC(C3=CC=CC=C3Cl)C(C(OCC)=O)=C2C)=CC=C1)(N1CCC(CC1)C)=O,0.00831821879837662
C1(=CC=CS1)C(=O)N(C(C)C)CC1=CC(OS(=O)(=O)C2=CC=C(C=C2)NC(C)=O)=C(OC)C=C1,0.007019502925686538
C1(=CC=CO1)C(=O)N(C(C)C)CC1C=C(OS(=O)(=O)C2=CC=C(C=C2)NC(C)=O)C=CC=1,0.008357791183516382
C1(NC(=O)N(C(C)C)CC2C=CC(OS(=O)(=O)C3C=CC(=CC=3)OC)=CC=2)C=CC=CC=1OC,0.006302585848607123
C(N(CC1=CC=C(F)C=C1)CC1C=C(OS(=O)(=O)C2C=CC(=CC=2)OC)C=CC=1)(C1CCC1)=O,0.008580522588454187
C1(C(=O)NCC2N(C(NC3C=CC(=CC=3)C)=O)CCC3C2=CC(OC)=C(OC)C=3)C=CC=CC=1,0.005936050578020513
C(N(CC(C)C)CC1C=C(OS(=O)(=O)C2C=CC(=CC=2)OC)C=CC=1)(C1CCC1)=O,0.01126575917005539
C(NC(=O)NCC1N(C(NC2=CC=C(C=C2)Cl)=O)CCC2C1=CC(OC)=C(OC)C=2)(C)C,0.00561146471882239
O=C(C(C)N1C2C(C(=O)N(C3=CC=C(C(C)=O)C=C3)C1=O)=CC=CC=2)NCCOC,0.007392010651528835
O=C(C(CC)N1C2C(C(=O)N(C3C=CC(F)=CC=3F)C1=O)=CC(C)=CC=2)N1CCN(CC1)C(C)=O,0.005078599951229989
C1(C(=O)N(CCCC)CC(=O)N(CCC2=CC=CC=C2)CC2=CC=C(C)O2)=CC=CO1,0.013674892112612724
C(C(=O)N(CC1OC=CC=1)CC(=O)N(CCC1=CC=CC=C1)CC1=CC=C(C)O1)C1C=CC=CC=1,0.013310109172016383
C1(C(=O)N(CCC(C)C)CC(=O)N(CCC2=CC=CC=C2)CC2=CC=C(C)O2)=CC=CS1,0.012220877967774869
C1(C(=O)N(CCC(C)C)CC(=O)N(CCC2C=CC(OC)=C(OC)C=2)CC2=CC=C(C)O2)C=CC(=CC=1)Cl,0.011029981495812535
C1(C(=O)N(CCC(C)C)CC(=O)N(CCC2=CC=CC=C2)CC2=CC=C(C)O2)=CC=CC=C1C,0.014454047521576285
C1(C(=O)N(CC2CCCO2)CC(=O)N(CCC2=CC=CC=C2)CC2=CC=C(C)O2)CCC1,0.01387001695111394
C1(C(=O)N(CCCCC)CC(=O)N(CCC2=CC=CC=C2)CC2=CC=C(C)O2)CCCC1,0.014904332486912608
C1(C(=O)N(C(C)C)CC(=O)N(CCC2=CC=CC=C2)CC2=CC=C(C)O2)C=CC=CC=1F,0.010628990363329649
C1(C(=O)N(CCCCC)CC(=O)N(CCC2C=CC(OC)=C(OC)C=2)CC2=CC=C(C)O2)C=CC=C(Br)C=1,0.010251520527526736
C(C)(C)(C)CC(=O)N(CC(C)C)CC(=O)N(CCC1=CC=CC=C1)CC1=CC=C(C)O1,0.01665182989090681
C(N(CC1CC1)CC1=C(OS(=O)(=O)C2C=CC(=CC=2)OC)C=CC=C1)(C)=O,0.011011313227936626
C(N(CC1CC1)CC1=C(OS(=O)(=O)C2C=CC(=CC=2)OC)C=CC=C1)(=O)C1C=CC=C(F)C=1,0.008951545413583516
C(N(CCOC)CC1=C(OS(=O)(=O)C2C=CC(=CC=2)OC)C=CC=C1)(C(C)C)=O,0.010851927613839508
C(N(CC1CC1)CC1=C(OS(=O)(=O)C2C=CC(=CC=2)OC)C=CC=C1)(C(C)C)=O,0.010917155677452684
C(N(CC1CC1)CC1=C(OS(=O)(=O)C2C=CC(=CC=2)OC)C=CC=C1)(COC)=O,0.010959622077643871
C(N(CC1CC1)CC1=C(OS(=O)(=O)C2C=CC(=CC=2)OC)C=CC=C1)(C1CCC1)=O,0.01139273508451879
C(NC(=O)N(CC1CC1)CC1=C(OS(=O)(=O)C2C=CC(=CC=2)OC)C=CC=C1)(C)(C)C,0.007186159957200289
C1(=CC=CS1)C(=O)N(CC1CC1)CC1=C(OS(=O)(=O)C2C=CC(=CC=2)OC)C=CC=C1,0.008842507470399141
C(NC(=O)N(CC1CC1)CC1=C(OS(=O)(=O)C2C=CC(=CC=2)OC)C=CC=C1)C,0.006809011823497713
C1(=CC=CC=C1Cl)C(=O)N(CC1CC1)CC1=C(OS(=O)(=O)C2C=CC(=CC=2)OC)C=CC=C1,0.009612892242148518
C(NC(=O)N(CC1CC1)CC1=C(OS(=O)(=O)C2C=CC(=CC=2)OC)C=CC=C1)(C)C,0.007146373763680458
C(N(CC1CC1)CC1=C(OS(=O)(=O)C2C=CC(=CC=2)OC)C=CC=C1)(CC(C)C)=O,0.011122485529631377
C1(=CC=CO1)C(=O)N(C(C)C)CC1=C(OS(=O)(=O)C2C=CC(=CC=2)OC)C=CC=C1,0.01194220595061779
C(N(CC1CC1)CC1=C(OS(=O)(=O)C2C=CC(=CC=2)OC)C=CC=C1)(CC(C)(C)C)=O,0.011187151493504643
C(NC(=O)N(C(C)C)CC1=C(OS(=O)(=O)C2C=CC(=CC=2)OC)C=CC=C1)(C)(C)C,0.007327366597019136
C1(=CC=CO1)C(=O)N(CC1CC1)CC1=C(OS(=O)(=O)C2C=CC(=CC=2)OC)C=CC=C1,0.011742801032960415
C1(=CC=CC=C1F)C(=O)N(CC1CC1)CC1=C(OS(=O)(=O)C2C=CC(=CC=2)OC)C=CC=C1,0.009855050267651677
C(NC(=O)N(C(C)C)CC1=C(OS(=O)(=O)C2C=CC(=CC=2)OC)C=CC=C1)(C)C,0.007141163432970643
C(C(=O)N(CC(C)CC)CC(=O)N(CC1=CC=C(F)C=C1)CC1=CC=C(C)S1)C1C=CC=CC=1,0.010082472115755081
C1(C(=O)N2CC(C(C3=CC=C(C)C=C3)C2)C(=O)N(CC)C)=CC=C(C)C=C1,0.013350306684151292
C1(C(=O)N2CC(C(C3=CC(C(F)(F)F)=CC=C3)C2)C(=O)NCC2CC2)C=CC(=CC=1)Cl,0.006270036124624312
C1(C(=O)N2CC(C(C3=CC=CC(OC)=C3)C2)C(=O)NCCC(C)C)CCCC1,0.011949628312140703
C(N(CC1CCCO1)CC1C=CC(OS(=O)(=O)C2C=CC(=CC=2)OC)=CC=1)(CC(C)(C)C)=O,0.010587511165067554
C1=CC(=CC2OCOC1=2)C(=O)N1CC(C(C2=CC(C(F)(F)F)=CC=C2)C1)C(=O)NCC1CC1,0.0066174357431009415
C1=CC(=CC(OC)=C1)C(=O)N1CC(C(C2=CC=CC(OC)=C2)C1)C(=O)NCCC(C)C,0.00939348847605288
C1(COC2C[C@](OCC3C=CC=C(C)C=3)(C(NC3CC3)=O)C[C@H]3OC(C)(C)O[C@H]32)=CC=C(C=C1)C,0.01183939129114151
C1=CC(=CC(OC)=C1)C(=O)N1CC(C(C2=CC(OC)=CC=C2OC)C1)C(=O)NCC1CC1,0.00902968100272119
C1(C(=O)N2CCC(C(NC(C3=C(C)C=CC=C3)=O)C(NCCC)=O)CC2)C=CC=CC=1,0.008570164721459151
C1(CCCCC1)NC(CN1C(=O)COC2C1=CC(C(COC1=CC(C)=CC(C)=C1)=O)=CC=2)=O,0.0106410660315305
C(NC(=O)N(C1CC1)CC1C=CC(OS(=O)(=O)C2C=CC(=CC=2)OC)=CC=1)(C)C,0.006750935688614845
C(NC(=O)N(CC1=CC=CO1)CC1C=C(OS(=O)(=O)C(C)C)C=CC=1)(C)C,0.006991755473427475
C1(C(=O)N2CCC(C(NC(C3=C(C)C=CC=C3)=O)C(NCCC)=O)CC2)=CC=C(C)C=C1,0.008854449726641178
C(NC(=O)N(CC1CCCO1)CC1C=CC(OS(=O)(=O)C(C)C)=CC=1)(C)(C)C,0.006965717789717019
C1C(C)=C(C=CC=1)C(=O)N1CCC(C(NC(C2=C(C)C=CC=C2)=O)C(NCCC)=O)CC1,0.00887207721825689
C1(C(=O)N2CCC(C(NC(C3=C(C)C=CC=C3)=O)C(NCCC)=O)CC2)C=C(C)C=CC=1,0.008762172306887805
C(C1=CC(OS(=O)(=O)C)=C(OC)C=C1)N(C(NC(C)(C)C)=O)C1CC1,0.007368679065257311
C(C)(C)NC(CN1C(=O)COC2C1=CC(C(COC1=CC(C)=CC(C)=C1C)=O)=CC=2)=O,0.011292380653321743
C(C)NC(CN1C(=O)COC2C1=CC(C(COC1=CC(C)=CC(C)=C1C)=O)=CC=2)=O,0.01138741304166615
C(NC(=O)N(CCOC)CC1C=CC(OS(=O)(=O)C(C)C)=CC=1)C,0.00582737207878381
C(NC(=O)N(C(C)CC)CC1C=CC(OS(=O)(=O)C)=CC=1)(C)C,0.006338639208115638
C(=O)(N1CCCC1)C(CC1C=CC=CC=1)NC(=O)NC1C=CC(=CC=1)Br,0.005486242147162557
C1(=C(Cl)C=CC=C1)C(=O)N(CC(C)C)CC1C=C(OS(=O)(=O)C2C=CC(=CC=2)OC)C=CC=1,0.009803169034421444
C(N(C(C)C)CC1=CC(OS(=O)(=O)C2=CC=C(C=C2)NC(C)=O)=C(OC)C=C1)(=O)C1C=CC=C(F)C=1,0.006644380884245038
C(N(C(C)C)CC1=CC(=CC=C1OS(=O)(=O)C1=CC=C(C=C1)NC(C)=O)Cl)(CC(C)(C)C)=O,0.007660017581656575
C(NC(=O)N(CC1=CC=CO1)CC1C=C(OS(=O)(=O)C2=CC=C(C=C2)NC(C)=O)C=CC=1)C,0.004837009171023965
C(N(CC1=CC=C(F)C=C1)CC1C=C(OS(=O)(=O)C2C=CC(=CC=2)OC)C=CC=1)(C(C)C)=O,0.009839864075183868
C(C1=CC(OS(=O)(=O)C2=CC=C(C=C2)NC(C)=O)=C(OC)C=C1)N(C(NC(C)(C)C)=O)C(C)C,0.006759598408825696
N(CC)C(N(CC1CCCO1)CC1=CC(=CC=C1OS(=O)(=O)C1=CC=C(C=C1)NC(C)=O)Cl)=O,0.0041554973344318565
C(NC(=O)N(CC1=CC=CO1)CC1C=C(OS(=O)(=O)C2=CC=C(C=C2)NC(C)=O)C=CC=1)(C)C,0.005150420404970646
C1(=CC=CO1)C(=O)N(C(C)C)CC1C=C(OS(=O)(=O)C2C=CC(=CC=2)OC)C=CC=1,0.011780358059331775
N(C(C)(C)C)C(N(CC1=CC=CO1)CC1=CC(=CC=C1OS(=O)(=O)CC)Cl)=O,0.005827017384581268
C1(=CC=CO1)C(=O)N(C(C)CC)CC1C=C(OS(=O)(=O)C2C=CC(=CC=2)OC)C=CC=1,0.01194377951323986
C(NC(=O)N(CC(C)C)CC1C=CC(OS(=O)(=O)C2C=CC(=CC=2)OC)=CC=1)C,0.007058091065846384
C(NC(=O)N(CC1=CC=C(F)C=C1)CC1=C(OS(=O)(=O)C2=CC=C(C=C2)F)C=CC=C1)C,0.00543452063575387
C1(=CC=CS1)C(=O)N(C(C)CC)CC1C=C(OS(=O)(=O)C2C=CC(=CC=2)OC)C=CC=1,0.009148757252842189
C(N(CC1=CC=C(F)C=C1)CC1=CC(=CC=C1OS(=O)(=O)C1=CC=C(C=C1)NC(C)=O)Cl)(C(C)C)=O,0.006197792710736394
N(C(C)(C)C)C(N(CC1=CC=C(F)C=C1)CC1=CC(=CC=C1OS(=O)(=O)C1=CC=C(C=C1)F)Cl)=O,0.004953749536070973
C(N(CC1=CC=C(F)C=C1)CC1=CC(=CC=C1OS(=O)(=O)C1=CC=C(C=C1)NC(C)=O)Cl)(CC(C)C)=O,0.005978098209016025
N(CC)C(N(CC1=CC=C(F)C=C1)CC1=CC(=CC=C1OS(=O)(=O)C1=CC=C(C=C1)F)Cl)=O,0.004838832037057728
C(N(C(C)CC)CC1C=C(OS(=O)(=O)C2C=CC(=CC=2)OC)C=CC=1)(=O)C1C=CC=C(F)C=1,0.00925761447288096
C1(=CC=CC=C1F)C(=O)N(CC1=CC=C(F)C=C1)CC1=CC(=CC=C1OS(=O)(=O)C1=CC=C(C=C1)NC(C)=O)Cl,0.005667426204308867
N(C(C)C)C(N(CC1=CC=C(F)C=C1)CC1=CC(=CC=C1OS(=O)(=O)C1=CC=C(C=C1)F)Cl)=O,0.00512784932507202
C1(=CC=CC=C1F)C(=O)N(C(C)C)CC1=CC(OS(=O)(=O)C2=CC=C(C=C2)NC(C)=O)=C(OC)C=C1,0.007114255847409367
C(N(CC1=CC=C(F)C=C1)CC1=CC(=CC=C1OS(=O)(=O)C1=CC=C(C=C1)NC(C)=O)Cl)(COC)=O,0.00523031858028844
C1C(=CC=CC=1NC(=O)NC1=CC(=CC=C1)N1CCCN(CC2C=CC=CC=2)C1=O)OC,0.004861124022863805
C1(=CC=C(C=C1)NC(=O)NC1C=CC(=CC=1)N1CCCN(CC2C=CC=CC=2)C1=O)C(C)C,0.0057918037287890915
O(C(=O)NC1C=CC(=CC=1)N1CCCN(CC2C=CC=CC=2)C1=O)CC1C=CC=CC=1,0.005815693340264261
C1(F)C=C(C=CC=1)NC(C1C(C2=CC=C(C=C2)NC(=O)C2C=CC=C(Cl)C=2)OC(=O)N1CC1=CC=C(C=C1)C)=O,0.005784736550413072
C(NC(C1C(C2=CC=C(C=C2)NC(=O)C2C=C(C)C=CC=2)OC(=O)N1CC1=CC=C(C=C1)C)=O)(C)C,0.007127768127247691
C(NC(C1C(C2=CC=C(C=C2)NC(=O)C2=C(F)C=CC=C2)OC(=O)N1CC1=CC=C(C=C1)C)=O)C,0.006340741971507668
O1C(CNC(C2C(C3=CC=C(C=C3)NC(=O)C3C=CC=C(Cl)C=3)OC(=O)N2CC2=CC=C(C=C2)C)=O)=CC=C1,0.0052004504250362515
C1(NC(=O)N2C(C3=CC=CC=C3F)SCC2)C=CC(=CC=1)OCC,0.0035201164660975336
N1(C2=CC=CC=C2F)C(=O)C(C)N(C(NC2=CC=CC(Cl)=C2)=O)CC1,0.0034681674384046345
N1(C2=C(CC)C=CC=C2)C(=O)C(C)N(C(COC2=CC=C(C=C2)Cl)=O)CC1,0.00773010563571006
N1(C2=CC(Cl)=CC=C2)CCC(C(=O)NC2=CC=CC=C2Cl)C1=O,0.007762770727276802
N1(C2=CC(OC)=CC(OC)=C2)C(=O)C(C)N(C(NC2=CC=C(C)C=C2)=O)CC1,0.0044323366833850745
N1(C2=CC=C(OC)C=C2OC)C(=O)C(C)N(C(NC2=CC=CC(Cl)=C2)=O)CC1,0.003972703590989113
C(C(=O)N1CC(CCC1)OCC1=CC(C(F)(F)F)=CC=C1)C1C=CC=CC=1,0.0062380795367062095
O1CCCC1CNC(CC1=CC=C(C=C1)N(C(=O)C1=CC=CS1)CC1C=CC=C(F)C=1)=O,0.005557552236132324
C1(C(=O)N2CC(CCC2)OCC2C=C(F)C=CC=2F)=CC=CO1,0.007227295683696866
C(N(S(=O)(=O)C)C1=CC=CC=C1)C1=CC=C(C(C)C)C=C1,0.007368560112081468
N1(C2=CC=C(OC)C=C2OC)C(=O)C(C)N(C(NCCC)=O)CC1,0.004286332882475108
C1(C(=O)N(CCOC)CC(=O)N(CC2=CC=CC=C2)CC2=CC=C(C)O2)=CC=C2OCOC2=C1,0.010124946292489768
N1(C2C=CC=CC=2OC)C(=O)C(C)N(C(NC2=CC=CC=C2)=O)CC1,0.004135650908574462
N(CC1CC2=CC(OC)=CC=C2O1)C(C1C=CC(OCC)=CC=1)=O,0.009489711839705706
N1(C2=CC(OC)=CC=C2)C(=O)C(C)N(C(=O)C2CCCC2)CC1,0.010616727359592914
N(CC1CC2=CC(OC3C=CC=CC=3)=CC=C2O1)C(C(C)(C)C)=O,0.011596402898430825
C1(C(=O)N2CC(CCC2)OCC2C=CC=CC=2)C=CC(=CC=1)Cl,0.008947327453643083
N(CC1CC2=CC(C(C)(C)C)=CC=C2O1)C(C1=CC(OC)=C(OC)C(OC)=C1)=O,0.012012823205441236
C1C=C2CCN(C(C3=CC=CC=C3)=O)C(C3C=CC(C)=CC=3)C2=CC=1,0.01582948034629226
C1(OC)C=C2CCN(C(C3C=CC=CC=3OCC)=O)C(C3C=CC(OC)=CC=3)C2=CC=1OC,0.013519649673253298
N1(C)C(=O)NC(C2C(=O)N(CC=C)CC1=2)C1=CC=C(C)C=C1C,0.007387748477049172
N1(C2=CC=C(OC3C=CC=CC=3)C=C2)C(=O)C(C)N(C(=O)C2=CC=C(C=C2)OC)CC1,0.007982384879142046
C1(OC)C=C2CCN(C(C3C=CC=C(OC)C=3)=O)C(C3C=CC(OC)=CC=3)C2=CC=1OC,0.013122987048700453
C1(=CC=CC=C1)CCNC(C1CC(C2C=CC=CC=2)CN(C(=O)C2=CC=C(C=C2)OC)C1)=O,0.007828570064157247
C1(F)C=C(CNC(C2CCC(C3=CC=CC=C3)N(C(=O)C3CC3)C2)=O)C=CC=1,0.00787001249846071
N1(C2=CC=C(OC3C=CC=CC=3)C=C2)C(=O)C(C)N(C(C2=C(C)C=CC=C2)=O)CC1,0.008125590695999562
N1(C2=CC(Cl)=C(C)C=C2)C(=O)C(C)N(C(=O)C2CCCC2)CC1,0.0105470291338861
N(CC1CC2=CC(C(C)(C)C)=CC=C2O1)C(C1C=CC(OCC)=CC=1)=O,0.01162917367182672
CCN(C)C(COC1C=C2C(N(C(=O)C3C=CC=CC=3)CCC2=CC=1)C1C=C(C)C=CC=1)=O,0.012853765394538641
N1(C)C(=O)NC(C2C(=O)N(CCC3=CC=CC=C3)CC1=2)C1=CC=C(C)C=C1C,0.008552968222647905
C(C(C)C)NC(CCN(CCCCCC)C(C1=COC=C1)=O)=O,0.012297417409718037
N(CC)C(N(CCOC)CC1=CC(=CC=C1OS(=O)(=O)CC)Cl)=O,0.0052054783096537
C1(NC(=O)N(CC=C)CC(N(CC2=CC=C(F)C=C2)CC2=CC=C(C)S2)=O)=CC=CC=C1,0.004758825316093862
C(N(CC1=CC=C(F)C=C1)CC1=CC(OS(=O)(=O)CC)=C(OC)C=C1)(C(C)C)=O,0.01173541801981628
C1(NC(=O)N(CC=C)CC(=O)N(CCC2C=CC(OC)=C(OC)C=2)CC2=CC=C(C)O2)C=CC(=CC=1)C,0.005480108875781297
C1(C(=O)N(CCC(C)C)CC(=O)N(CCC2=CC=CC=C2)CC2=CC=C(C)O2)C=CC=C(Br)C=1,0.014295477466657758
C(N(C(C)C)CC1=CC(=CC=C1OS(=O)(=O)C)Cl)(CC(C)C)=O,0.010138424020260573
N(C(C)C)(C(=O)C1=CC=CS1)CC1=CC(=C(OC)C=C1)OS(=O)(=O)CC,0.010693604266270995
C(C(=O)NC1C=CC(=CC=1)N1CCCN(CC2C=CC=C(C)C=2)C1=O)(C)C,0.006492070993408561
N(CC)C(N(C(C)C)CC1=CC(=CC=C1OS(=O)(=O)C)Cl)=O,0.0046493461122736335
C1C=C(CCNC(C2CC(C3C=CC=CC=3)CN(C(=O)C3C=CC(F)=CC=3)C2)=O)C=CC=1OC,0.006534501537680626
C(C(=O)NC1C=CC(=CC=1)N1CCCN(CC2C=CC=C(C)C=2)C1=O)C1C=CC=CC=1,0.006029018433764577
C(NC(=O)N(C(C)CC)CC1C=CC(=CC=1)OS(=O)(=O)C)(C)(C)C,0.006663149013184011
N1(CCC(CC1)N(CC1=CC=CC=C1)C(CN(CCC)S(=O)(=O)C1C=CC=CC=1)=O)C(=O)C1C=CC2C=CC=CC=2C=1,0.00574969700537622
C(C(=O)NC1=C(C=CC(C)=C1)N1CCCN(CC2=CC=C(C=C2)C)C1=O)(CC)C1C=CC=CC=1,0.007052296679466963
O(C(=O)NC1=C(C=CC(C)=C1)N1CCCN(CC2=CC=C(C=C2)C)C1=O)CC1C=CC=CC=1,0.006372549687512219
N(C(C)C)C(N(C(C)C)CC1=CC(=CC=C1OS(=O)(=O)C)Cl)=O,0.005398763716220856
C(N(C1CC1)CC1C=CC(OS(=O)(=O)CC)=CC=1)(=O)C1C=CC=C(F)C=1,0.008916027005761861
N1(CCC(CC1)N(CC1C=CC(F)=CC=1)C(CN(CC(C)C)S(=O)(=O)C1C=CC(=CC=1)Cl)=O)C(C1=C(C)C=CC=C1)=O,0.005171009281184524
C(F)(F)(F)C1C=CC(=CC=1)C(=O)NC1C=CC(=CC=1)N1CCCN(CC2C=CC=C(C)C=2)C1=O,0.004734825564082712
C1(C(=O)N2CCC(C(NC(C3=CC4OCOC=4C=C3)=O)C(NC(C)C)=O)CC2)C=C(C)C=CC=1,0.007990033528767527
C1(C(=O)NC2C=CC(=CC=2)N2CCCN(CC3C=CC=C(C)C=3)C2=O)C=CC(F)=CC=1,0.005181600665673613
C(C(=O)N(CCCC)CC(N(CC1=CC=C(F)C=C1)CC1=CC=C(C)S1)=O)C,0.009377993922680617
C(C(=O)N(CC(C)C)CC(N(CC1=CC=C(F)C=C1)CC1=CC=C(C)S1)=O)C,0.010032746521756054
N1(CCC2SC=CC=2C1C1=CC=CC=C1C)C(=O)C1C=CC(C)=CC=1,0.01377978604286909
N1(CCC2SC=CC=2C1C1=CC=CC=C1C)C(=O)C1C=CC(=CC=1)OC,0.012062319042161106
C1(=CC=CC=C1F)C(=O)N(C1CC1)CC1=CC(OS(=O)(=O)C2=CC=C(C=C2)NC(C)=O)=C(OC)C=C1,0.006883469992317259
C1(S(=O)(=O)N(CC=C)CC(=O)N(CCC2C=CC(OC)=C(OC)C=2)CC2=CC=C(C)O2)C=CC=CC=1,0.007407741341739893
C1(S(=O)(=O)N(CC2OC=CC=2)CC(=O)N(CCC2=CC=CC=C2)CC2=CC=C(C)O2)C=CC(=CC=1)Cl,0.007568255555815995
C(CCN1C(=O)CSC1C1=CC=CC=C1Cl)(NC)=O,0.004930412792600691
C(N(CC1CCCO1)CC1=CC(OS(=O)(=O)C(C)C)=C(OC)C=C1)(=O)C1C=CC=C(F)C=1,0.009970220969989896
C1(C(=O)N(CCOC)CC(=O)N2CC(=O)N(C3C=C(C)C=CC=3)C2)=CC=C(CCCCCC)C=C1,0.009606116404756903
N(CC1C=CC=C(C=1)C(F)(F)F)C(CN1C2C(C(=O)N(C3C=CC(C)=C(Cl)C=3)C1=O)=CC=CC=2)=O,0.0043199753039516505
C(CCN1C(=O)C(C)SC1C1=CC(OC)=CC=C1OC)(NC(C)C)=O,0.007885016384534538
C(N(CC1=CC=CO1)CC1=CC(=CC=C1OS(=O)(=O)CC)Cl)(=O)C1C=CC=C(F)C=1,0.0086717891972512
C1(=CC=CC=C1F)C(=O)N(CC1=CC=CO1)CC1=C(OS(=O)(=O)C2=CC=C(C=C2)NC(C)=O)C=CC=C1,0.006707784975878895
C1(C(=O)N(CC2CCCO2)CC(=O)N(CCC2=CC=CC=C2)CC2=CC=C(C)O2)C=CC(Cl)=CC=1Cl,0.00907187641132623
C(N(C1CC1)CC1=CC(=CC=C1OS(=O)(=O)C1=CC=C(C=C1)F)Cl)(C1CCC1)=O,0.008798052184283733
C(NC(=O)N(CCOC)CC1=C(OS(=O)(=O)C2C=CC(=CC=2)OC)C=CC=C1)C,0.006160715036094189
C(N(CC(C)C)CC1C=CC(OS(=O)(=O)C2C=CC(=CC=2)OC)=CC=1)(COC)=O,0.011042508203536272
C1(=CC=CC=C1Cl)C(=O)N(CCOC)CC1=CC(OS(=O)(=O)C(C)C)=C(OC)C=C1,0.01157837975770235
C1C(F)=C(C(F)=CC=1)COC1C[C@](OCC2=CC=C(C=C2)F)(C(NC2CC2)=O)C[C@H]2OC(C)(C)O[C@H]21,0.008788237418048083
C1(=CC=CC=C1F)C(=O)N(C(C)CC)CC1=C(OS(=O)(=O)C2=CC=C(C=C2)F)C=CC=C1,0.00833665132522583
C(N(CC1=CC=CO1)CC1=C(OS(=O)(=O)C2=CC=C(C=C2)F)C=CC=C1)(C(C)C)=O,0.010147167928516864
C(N(CCOC)CC1=C(OS(=O)(=O)C2=CC=C(C=C2)NC(C)=O)C=CC=C1)(C1CCC1)=O,0.008047603070735931
C(N(C(C)CC)CC1=C(OS(=O)(=O)C2=CC=C(C=C2)NC(C)=O)C=CC=C1)(COC)=O,0.0075804221909493204
N(C(C)CC)(C(NC1C=CC=CC=1OC)=O)CC1=CC=CC(=C1)OS(=O)(=O)CC,0.006858711550012231
N(C(C)CC)(C(=O)COC)CC1=CC(=C(OC)C=C1)OS(=O)(=O)C1C=CC(=CC=1)F,0.009570598090067505
C1(=CC=CC=C1F)C(=O)N(CC1CCCO1)CC1=CC(=CC=C1OS(=O)(=O)C)Cl,0.007316205464303493
C1(C(=O)N(C(C)C)CC(N(CC2=CC=C(F)C=C2)CC2=CC=C(C)S2)=O)=CC=CS1,0.00884257471188903
C1C=C(C=CC=1C)NC(=O)N1CC(C(C2=CC=CC(OC)=C2OC)C1)C(=O)NCC(C)C,0.0066045417683199045
C1(S(=O)(=O)N(CC2CCCO2)CC(N(CC2=CC=C(F)C=C2)CC2=CC=C(C)S2)=O)C=CC=CC=1,0.005643135472200811
C1(C(=O)N2CC(C(C3=CC=C(F)C=C3)C2)C(=O)NCCCC)=CC=CS1,0.005412180023267865
C1=CC(=CC2OCOC1=2)C(=O)N1CC(C(C2=CC=CC(F)=C2)C1)C(=O)NCCOC,0.006552613549865782
C1(C(=O)N2CC(C(C3=CC=CC=C3C)C2)C(=O)NCC2CC2)=CC=CO1,0.011144542181864382
C1(NC(=O)N(C2CCCCC2)CC(=O)N(CCC2=CC=CC=C2)CC2=CC=C(C)O2)C=CC=CC=1C,0.007386072212830186
C(CCN(CC)C(C1=C(C)OC(C)=C1)=O)(NCCC1=CC=CC=C1)=O,0.00911996872164309
C1(C(=O)N2CC(C(C3=CC=CC(OC)=C3OC)C2)C(=O)NCC2CC2)=CC=CO1,0.009775090683251619
C1(C(=O)N2CC(C(C3=CC=CC=C3OC)C2)C(=O)N2CCOCC2)C=CC=CC=1,0.0100672208936885
C1(C(=O)N(CCOC)CC(N(CC2=CC=C(F)C=C2)CC2=CC=C(C)S2)=O)C=CC=C(Br)C=1,0.007607110729441047
C(C(=O)N1CC(C(C2=CC=CC(OC)=C2OC)C1)C(=O)NCC1CC1)(C)C,0.01165655073709786
C1=CC(=CC(OC)=C1)C(=O)N1CC(C(C2=CC=CC=C2C)C1)C(=O)NCC1CC1,0.009636892797425389
C1C=C(C=CC=1C)NC(=O)N1CC(C(C2=CC=CC(OC)=C2OC)C1)C(=O)NCC1=CC=CC=C1,0.005667405237909406
C1=CC(=CC2OCOC1=2)C(=O)N1CC(C(C2=CC=CC(OC)=C2OC)C1)C(=O)NCC1CC1,0.009762661042623222
C1(S(=O)(=O)N2CC(C(C3=CC=CC=C3C)C2)C(=O)N2CCOCC2)=CC=CC=C1,0.007750753313302994
C1(C(=O)N2CC(C(C3=CC=CC(F)=C3)C2)C(=O)NC(C)C)C=CC=CC=1,0.006919623538851738
C1(S(=O)(=O)N2CC(C(C3=CC=CC=C3OC)C2)C(=O)NCC2=CC3OCOC=3C=C2)=CC=CC=C1,0.006367231300100684
C1(C(=O)N2CC(C(C3=CC=C(F)C=C3)C2)C(=O)N2CCCC2)=CC=C(C=C1)OC,0.009481948940083385
C1(C(=O)N2CC(C(C3=CC=CC=C3C)C2)C(=O)NCC2=CC=C(F)C=C2)=CC=CS1,0.006327296001836657
C(NC(=O)N1CC(C(C2=CC=CC=C2OC)C1)C(=O)NCC1=CC2OCOC=2C=C1)(C)(C)C,0.005855728895403445
C1(C(=O)N2CC(C(C3=CC=CC=C3C)C2)C(=O)NCC2=CC=C(F)C=C2)C=CC(=CC=1)Cl,0.006690641562454402
C1(C(=O)N(CCCOCC)CC(N(CC2=CC=C(F)C=C2)CC2=CC=C(C)S2)=O)C=CC(=CC=1)Cl,0.0057826316449791195
C1(C(=O)NCC2N(C(NC(C)(C)C)=O)CCC3C2=CC(OC)=C(OC)C=3)C=CC=CC=1,0.0066388118080794815
C(C1=CC=C(CN2C(=O)COC3C2=CC=CC=3)O1)(NCCC(C)C)=O,0.009944620821624995
C1(=CC=CO1)C(=O)N(CCOC)CC1=CC(OS(=O)(=O)C2C=CC(=CC=2)OC)=C(OC)C=C1,0.011538477521389723
C(N(CCOC)CC1=CC(=CC=C1OS(=O)(=O)C1=CC=C(C=C1)F)Cl)(=O)C1C=CC=C(F)C=1,0.0067482695216313
C1(=CC=CS1)C(=O)N(C(C)C)CC1=C(OS(=O)(=O)CC)C=CC=C1,0.009408781351521612
C1(=CC=CO1)C(=O)N(CCOC)CC1=CC(=CC=C1OS(=O)(=O)C)Cl,0.009535959316417575
C1(=CC=CS1)C(=O)N(CCOC)CC1=C(OS(=O)(=O)C2C=CC(=CC=2)OC)C=CC=C1,0.00830037691630423
C(N(C1CC1)CC1=CC(OS(=O)(=O)C(C)C)=C(OC)C=C1)(=O)C1C=CC=C(F)C=1,0.010825701942667364
C(N(C1CC1)CC1C=CC(OS(=O)(=O)C2C=CC(=CC=2)OC)=CC=1)(COC)=O,0.010653275065124035
C1(NC(CN2C(=O)CSC2C2=CC(OC)=CC=C2OC)=O)C=CC(=CC=1)C,0.006499983463436365
C1(=CC=CO1)C(=O)N(CCOC)CC1C=C(OS(=O)(=O)C(C)C)C=CC=1,0.011674749199301004
N(C(C)CC)C(CN1C2C(C(=O)N(C3C=CC(F)=C(Cl)C=3)C1=O)=CC=CC=2)=O,0.004749955388251692
C(F)(F)(F)C1C=C(COC2C[C@](OCC3C=CC=C(F)C=3)(C(NC)=O)C[C@H]3OC(C)(C)O[C@H]32)C=CC=1,0.006921296170912683
N(C(=O)C1CCC1)(CC1C=CC(=CC=1)OS(=O)(=O)C1C=CC(=CC=1)F)CCOC,0.009007228817790747
C1(=CC=CO1)C(=O)N(CC(C)C)CC1=CC(=CC=C1OS(=O)(=O)C)Cl,0.00990636316128075
C(NC(=O)N(CCOC)CC1=C(OS(=O)(=O)C)C=CC=C1)(C)C,0.005498332413844764
C1(=CC=CC=C1F)C(=O)N(C1CC1)CC1C=CC(OS(=O)(=O)C(C)C)=CC=1,0.009851642604917287
C(N(C(C)C)CC1=CC(OS(=O)(=O)C2=CC=C(C=C2)NC(C)=O)=C(OC)C=C1)(COC)=O,0.00880546378903091
C1(C(=O)N2CC(C(C3=CC=C(OC)C=C3OC)C2)C(=O)NCC2=CC3OCOC=3C=C2)C=CC=C(Cl)C=1,0.0068664781516417864
C1(C(=O)N2CC(C(C3=CC(OC)=CC=C3OC)C2)C(=O)N(CC2=CC=CC=C2)C)=CC=CC=C1Cl,0.008718568249605596
C1(C(=O)N2CC(C(C3=CC=CC=C3)C2)C(=O)N2CCCCC2)=CC=CS1,0.009422285296022893
C(N(CC1CCCO1)CC1C=CC(OS(=O)(=O)C(C)C)=CC=1)(=O)C1C=CC=C(F)C=1,0.008806186355650425
C(N(CC1=CC=C(F)C=C1)CC1C=CC(OS(=O)(=O)C(C)C)=CC=1)(CC(C)C)=O,0.009796012425795197
C1(C(=O)N(C(C)C)CC(N(CC2=CC=C(F)C=C2)CC2=CC=C(C)S2)=O)CCC1,0.010359955998137594
N(C(=O)C(C)C)(CC1C=CC(=CC=1)OS(=O)(=O)C1C=CC(=CC=1)F)CC1=CC=CO1,0.009316441090777516
C1(C(=O)N2CC(C(C3=CC(OC)=CC=C3OC)C2)C(=O)N(CC)C)=CC=C(C=C1)OC,0.010643957741558551
N(C(C)C)(C(=O)C1=CC=CO1)CC1=CC(=C(OC)C=C1)OS(=O)(=O)C1C=CC(=CC=1)F,0.00984342209994793
N(CCOC)(C(NCC)=O)CC1=CC(=C(OC)C=C1)OS(=O)(=O)C1C=CC(=CC=1)F,0.006050511682406068
C1(C(=O)N2CC(C(C3=CC=C(OC)C=C3OC)C2)C(=O)NCCCC)C=CC=C(Cl)C=1,0.006917016627267003
C1(C(=O)N2CC(C(C3=CC=C(F)C=C3)C2)C(=O)NCCCC)=CC=CC=C1F,0.006693293317221105
N(C(C)CC)(C(=O)C1C=CC=C(F)C=1)CC1=CC(=C(OC)C=C1)OS(=O)(=O)C1C=CC(=CC=1)F,0.00885175857692957
C1(S(=O)(=O)N2CC(C(C3=CC=C(F)C=C3)C2)C(=O)NCC(C)C)C=CC(=CC=1)OC,0.006312443129718304
C(N(C(C)C)CC1=C(OS(=O)(=O)C2C=CC(=CC=2)OC)C=CC=C1)(=O)C1C=CC=C(F)C=1,0.009159458754584193
C1(C(=O)N2CC(C(C3=CC=C(OC)C=C3OC)C2)C(=O)NCC2=CC3OCOC=3C=C2)=CC=C(C=C1)OC,0.00791131726000458
C1(C(=O)N2CC(C(C3=CC(C(F)(F)F)=CC=C3)C2)C(=O)N2CC3C(=CC=CC=3)CC2)C=CC(=CC=1)Cl,0.006703762873075903
C(NC(=O)N(CCOC)CC1C=CC(OS(=O)(=O)C2C=CC(=CC=2)OC)=CC=1)(C)C,0.006403899774886668
C1=CC(=CC(OC)=C1)C(=O)N1CC(C(C2=CC=C(OC)C=C2OC)C1)C(=O)NCC1=CC2OCOC=2C=C1,0.007874805317260324
C1=CC(=CC2OCOC1=2)C(=O)N1CC(C(C2=CC(C(F)(F)F)=CC=C2)C1)C(=O)N1CC2C(=CC=CC=2)CC1,0.006857226998545229
C(CCN(CCCOC)C(C1=COC=C1)=O)(NC(C)CC)=O,0.00872012497857213
C1(C(=O)N(CCCCC)CC(=O)N(CCC2=CC=CC=C2)CC2=CC=C(C)O2)C=CC=CC=1F,0.009613170800730587
C(N(CC1CCCO1)CC1C=CC(OS(=O)(=O)C2C=CC(=CC=2)OC)=CC=1)(COC)=O,0.010206812992691994
C(CCN(CCCOC)C(C1=COC=C1)=O)(NCCCOC)=O,0.009104011440649628
C1(C(=O)N(CC2CC2)CC(=O)N(CCC2=CC=CC=C2)CC2=CC=C(C)O2)C=CC=CC=1F,0.010961299762129784
C1(C(=O)N(CCCCC)CC(=O)N(CCC2=CC=CC=C2)CC2=CC=C(C)O2)=CC=CS1,0.01000510696321726
C(N(C(C)C)CC1=CC(=CC=C1OS(=O)(=O)C1=CC=C(C=C1)F)Cl)(C1CCC1)=O,0.00836598959285766
C(CCN(CCCOC)C(C1=COC=C1)=O)(NCCC(C)C)=O,0.010106908064335585
C1(C(=O)N(CC2CC2)CC(=O)N(CCC2=CC=CC=C2)CC2=CC=C(C)O2)C=CC(=CC=1)OC,0.011786341201514006
C(C(=O)N(CCCCC)CC(=O)N(CCC1=CC=CC=C1)CC1=CC=C(C)O1)CC1C=CC=CC=1,0.01242770585231483
C1(C(=O)N(CCCC)CC(=O)N(CCC2=CC=CC=C2)CC2=CC=C(C)O2)C=CC(=CC=1)Cl,0.011382921785116195
N(CC)C(N(C(C)C)CC1=CC(=CC=C1OS(=O)(=O)C1=CC=C(C=C1)F)Cl)=O,0.004877797164954245
C1(S(=O)(=O)N(CCCCC)CC(=O)N(CCC2=CC=CC=C2)CC2=CC=C(C)O2)C=CC(=CC=1)Cl,0.006684701819904148
C1(S(=O)(=O)N(CCC(C)C)CC(=O)N(CCC2=CC=CC=C2)CC2=CC=C(C)O2)C=CC=CC=1,0.009582692431285978
C1(C(=O)N(CC(C)C)CC(=O)N(CCC2=CC=CC=C2)CC2=CC=C(C)O2)C=CC(=CC=1)Cl,0.012140812771394848
N(C(C)C)C(N(C(C)C)CC1=CC(=CC=C1OS(=O)(=O)C1=CC=C(C=C1)F)Cl)=O,0.005369079648517072
N(CCOC)(C(=O)C1C=CC=CC=1F)CC1=CC=CC(=C1)OS(=O)(=O)CC,0.008888919558376073
C1(C(=O)N(CCCCC)CC(=O)N(CCC2=CC=CC=C2)CC2=CC=C(C)O2)C=CC(Cl)=C(Cl)C=1,0.00992490565404296
C1(C(=O)N(CC2OC=CC=2)CC(=O)N(CCC2=CC=CC=C2)CC2=CC=C(C)O2)=CC=CC=C1C,0.012693119142204523
C1(C(=O)N(CC(C)C)CC(=O)N(CCC2=CC=CC=C2)CC2=CC=C(C)O2)C=CC=CC=1F,0.011376691935583948
C(N(C(C)CC)CC1=CC(=CC=C1OS(=O)(=O)C1=CC=C(C=C1)NC(C)=O)Cl)(C)=O,0.006816196744330228
C(N(C(C)CC)CC1=CC(=CC=C1OS(=O)(=O)C1=CC=C(C=C1)F)Cl)(C(C)C)=O,0.00869373178575188
C1(C(=O)N(CC(C)C)CC(=O)N(CCC2=CC=CC=C2)CC2=CC=C(C)O2)C=CC(C)=CC=1,0.01424280758947134
C(N(C(C)CC)CC1=CC(=CC=C1OS(=O)(=O)C1=CC=C(C=C1)NC(C)=O)Cl)(C1CCC1)=O,0.007417243951931596
C(N(C(C)CC)CC1=CC(=CC=C1OS(=O)(=O)C1=CC=C(C=C1)F)Cl)(=O)C1C=CC=C(F)C=1,0.007340105040930212
C(CCN(CCCOC)C(C1=COC=C1)=O)(NCCCC)=O,0.009486021660268306
C1(C(=O)N(CCCCC)CC(=O)N(CCC2=CC=CC=C2)CC2=CC=C(C)O2)C=CC=C(Br)C=1,0.011609076941385865
C(C(=O)N(CC(C)C)CC(=O)N(CCC1=CC=CC=C1)CC1=CC=C(C)O1)CC1C=CC=CC=1,0.014999008271843195
C(N(CC1CCCO1)CC1C=CC(OS(=O)(=O)C2C=CC(=CC=2)OC)=CC=1)(C(C)C)=O,0.010567881166934967
C1(C(=O)N(CC2CC2)CC(=O)N(CCC2=CC=CC=C2)CC2=CC=C(C)O2)=CC=CC=C1C,0.013606372801586986
C(C(=O)N(CCCCC)CC(=O)N(CCC1=CC=CC=C1)CC1=CC=C(C)O1)C1C=CC=CC=1,0.012738640001043678
C(N(CC1CCCO1)CC1C=CC(OS(=O)(=O)C2C=CC(=CC=2)OC)=CC=1)(=O)C1C=CC=C(F)C=1,0.008582670241594315
O1CCCC1CNC(CC1C=C(C=CC=1)N(C(C1=CC2OCOC=2C=C1)=O)CC1=CC=C(C)C=C1)=O,0.007586464216001332
C(C(C)N1CC2=C(C1=O)C(C1=CC=CC=C1Cl)NC(=O)N2CC=C)(NCC1=CC=CO1)=O,0.0057563588721677664
C1(CNC(CC2C=C(C=CC=2)N(C(C2=CC3OCOC=3C=C2)=O)CC2=CC=C(C)C=C2)=O)CC1,0.008815691620111466
C(C(C)N1CC2=C(C1=O)C(C1=CC=CC=C1Cl)NC(=O)N2CC=C)(NC1=CC=C(C=C1)F)=O,0.0047443639254197475
C(C1SC(=CC=1)C1=CC=C(OCC)C=C1)(=O)N(C1CCCCC1)CC=C,0.012970836600288749
C(C1SC(=CC=1)C1=CC=C(OCC)C=C1)(=O)N(CC(=C)C)CC,0.011622872017323971
C(C1SC(=CC=1)C1=CC2OCCOC=2C=C1)(=O)N(C1CCCCC1)CC=C,0.011975788092240692
C1(=CC=CC=C1)CCNC(C1=CC(CN2C(=O)CC(C3C=CC(F)=CC=3)NC2=O)=CC=C1)=O,0.0021841137611772867
C(C)(C)NC(CC1C=C(C=CC=1)N(C(=O)C1C=CC=C(F)C=1)CC1C=CC(F)=CC=1)=O,0.0067311052698642015
C1(C)C=C(CNC(C2=CC(CN3C(=O)CC(C4C=CC(F)=CC=4)NC3=O)=CC=C2)=O)C=CC=1,0.0022445360780693592
C1(OC)C=C2CCN(C(C(=O)OC)=O)C(C3C=C(Cl)C=CC=3)C2=CC=1OC,0.011033108178526162
C(NC(=O)N1CC(C(C2=CC=CC(OC)=C2OC)C1)C(=O)NCCOC)(C)(C)C,0.005865742056630552
C1=CC(=CC(OC)=C1)C(=O)N1CC(C(C2=CC=CC(OC)=C2OC)C1)C(=O)NCC1CC1,0.009781802748329937
C(C(=O)N1CC(C(C2=CC=CC(OC)=C2OC)C1)C(=O)NCCCC)C(C)C,0.010934907710179687
C1(C(=O)N2CC(C(C3=CC=CC(OC)=C3OC)C2)C(=O)NCCCC)C=CC=CC=1,0.00905839391052723
C1(=CC=CO1)C(=O)N(CCOC)CC1=C(OS(=O)(=O)C2C=CC(=CC=2)OC)C=CC=C1,0.011458445526659488
C1(C(=O)N2CC(C(C3=CC=CC(OC)=C3OC)C2)C(=O)NCCCC)=CC=C(C)C=C1,0.009454286633990705
C(N(CCOC)CC1=C(OS(=O)(=O)C2C=CC(=CC=2)OC)C=CC=C1)(COC)=O,0.010461816005408764
C1(C(=O)N2CC(C(C3=CC=CC(OC)=C3OC)C2)C(=O)NCC2CC2)=CC=C(C=C1)F,0.00776553109753877
C1(C(=O)N2CC(C(C3=CC=CC(OC)=C3OC)C2)C(=O)NCCCC)C=CC(=CC=1)Cl,0.007902310835197568
C1(C(=O)N2CC(C(C3=CC=CC(OC)=C3OC)C2)C(=O)NCC2CC2)=CC=CC=C1Cl,0.008872369141317903
C1(C(=O)N2CC(C(C3=CC=CC(OC)=C3OC)C2)C(=O)NCCCC)=CC=C(C=C1)F,0.007555423374287784
C1(C(=O)N2CC(C(C3=CC=CC(OC)=C3OC)C2)C(=O)NCC2CC2)C=CC=CC=1,0.010166521556675434
C1=CC(=CC(OC)=C1)C(=O)N1CC(C(C2=CC=CC(F)=C2)C1)C(=O)NCCOC,0.006428923504427075
C(C(=O)N1CC(C(C2=CC=CC(OC)=C2OC)C1)C(=O)NCCCC)(C)C,0.0106178711168468
C1(C(=O)N2CC(C(C3=CC=CC(OC)=C3OC)C2)C(=O)NCCCC)C=CC=C(Cl)C=1,0.007845978508703411
C1(=CC=CC=C1F)C(=O)N(CC1=CC(=CC=C1OS(=O)(=O)CC)Cl)CC(C)C,0.008943242765963078
C1(C(=O)N2CC(C(C3=CC=CC(OC)=C3OC)C2)C(=O)NCC2CC2)=CC=C(C)C=C1,0.010518277203664184
C1(C(=O)N2CC(C(C3=CC=CC(OC)=C3OC)C2)C(=O)NCCCC)=CC=CS1,0.0074400199111551045
C1(S(=O)(=O)N2CC(C(C3=CC=CC(OC)=C3OC)C2)C(=O)NCCCC)C=CC(=CC=1)OC,0.0063459962140768765
C1(=CC=CS1)C(=O)N(C(C)CC)CC1=C(OS(=O)(=O)C2=CC=C(C=C2)F)C=CC=C1,0.007393454038538039
C1(C(=O)N2CC(C(C3=CC=CC(OC)=C3OC)C2)C(=O)NCC2CC2)C=CC(=CC=1)Cl,0.008783635892905295
C1(C(=O)N2CC(C(C3=CC=CC(OC)=C3OC)C2)C(=O)NCCCC)=CC=CC=C1Cl,0.008145731850527227
C(NC(=O)N1CC(C(C2=CC=CC(OC)=C2OC)C1)C(=O)NCCCC)(C)(C)C,0.006347221205942333
C(C(=O)N(CC1CC1)CC(=O)N(CCC1=CC=CC=C1)CC1=CC=C(C)O1)C1C=CC=CC=1,0.014349866937845946
C(CCN(CC)C(C1C=COC=1C)=O)(NCCCOC)=O,0.007351063587702811
C1(S(=O)(=O)N(CCCCC)CC(=O)N(CCC2=CC=CC=C2)CC2=CC=C(C)O2)C=CC(C)=CC=1,0.00797604515682906
C1(C(=O)NCC2N(C(NC(C)C)=O)CCC3C2=CC(OC)=C(OC)C=3)CC1,0.007159881573170423
C1(C(=O)N(CC(C)CC)CC(=O)N(CC2=CC=C(F)C=C2)CC2=CC=C(C)S2)=CC=CS1,0.009856226108968257
C1(C(=O)N(CCCCC)CC(=O)N(CCC2=CC=CC=C2)CC2=CC=C(C)O2)C=CC(=CC=1)OC,0.010686552850529552
C(C(=O)NCC1N(C(NCCC)=O)CCC2C1=CC(OC)=C(OC)C=2)(C)C,0.007542013889178634
C(C(=O)NCC1N(C(NCC)=O)CCC2C1=CC(OC)=C(OC)C=2)C(C)C,0.007585734408348799
C(NC(=O)N(CC(C)CC)CC(=O)N(CC1=CC=C(F)C=C1)CC1=CC=C(C)S1)(C)(C)C,0.006494966521859169
C(C1=CC(CN2C(=O)CC(C3C(C)=CC=CC=3)C(C(OCC)=O)=C2C)=CC=C1)(NCC1=CC=CC=C1)=O,0.008749046036973596
C(C1=CC(CN2C(=O)CC(C3C(C)=CC=CC=3)C(C(OCC)=O)=C2C)=CC=C1)(N1CCC(CC1)C)=O,0.009794774977490307
C(C1=CC(CN2C(=O)CC(C3C(C)=CC=CC=3)C(C(OCC)=O)=C2C)=CC=C1)(NCCC(C)C)=O,0.010368721652776003
C(C(=O)N(C1CCCCC1)CC(=O)N(CCC1C=CC(OC)=C(OC)C=1)CC1=CC=C(C)O1)(C)C,0.013496909011155366
C1(C(=O)N(C2CCCCC2)CC(=O)N(CCC2C=CC(OC)=C(OC)C=2)CC2=CC=C(C)O2)CCCC1,0.014134017750620842
N(CC(C)C)(C(=O)CC(C)C)CC1C=CC(=CC=1)OS(=O)(=O)C,0.011903374269604684
N(C(=O)CC(C)C)(CC1C=CC(=CC=1)OS(=O)(=O)CC)CC1=CC=CO1,0.012049006903544069
C(N(CCOC)CC1=CC(OS(=O)(=O)CC)=C(OC)C=C1)(CC(C)(C)C)=O,0.014102204982191325
N(CC(C)C)(C(=O)C1=CC=CO1)CC1=CC(=C(OC)C=C1)OS(=O)(=O)CC,0.013846586830914021
C(N(CC1=CC=C(F)C=C1)CC1C=C(OS(=O)(=O)C(C)C)C=CC=1)(C(C)C)=O,0.010055288998410105
C1(C(=O)N(CC2CC2)CC(=O)N(CC2=CC=C(F)C=C2)CC2=CC=C(C)S2)C=CC(=CC=1)OC,0.007953010988421738
C(N(C(C)C)CC1=CC(OS(=O)(=O)C2C=CC(=CC=2)OC)=C(OC)C=C1)(C)=O,0.01121467100456357
C(NC(=O)N(CC1=CC=C(F)C=C1)CC1C=C(OS(=O)(=O)C(C)C)C=CC=1)C,0.0057092066388577225
N(C(C)CC)(C(=O)C(C)C)CC1=CC=CC(=C1)OS(=O)(=O)CC,0.01279966956935823
C(NC(=O)N(C(C)C)CC(=O)N(CCC1C=CC(OC)=C(OC)C=1)CC1=CC=C(C)O1)C,0.006984561868011952
C(C)(C)NC(CCN(CCCCCC)C(C1=COC=C1)=O)=O,0.010803717374801635
N(C(=O)C1C=CC=CC=1Cl)(CC1C=CC(=CC=1)OS(=O)(=O)CC)CC(C)C,0.010407375870272517
C(N(CC1CCCO1)CC1=CC(OS(=O)(=O)CC)=C(OC)C=C1)(CC(C)C)=O,0.012940328009426594
N(CC(C)C)(C(=O)C1=CC=CS1)CC1=CC(=C(OC)C=C1)OS(=O)(=O)CC,0.011215845867991448
C(N(CC(C)C)CC1C=C(OS(=O)(=O)C(C)C)C=CC=1)(C1CCC1)=O,0.013124747853726148
N(C(C)CC)(C(CC(C)(C)C)=O)CC1=CC=CC(=C1)OS(=O)(=O)CC,0.01364198694936931
C(C)(CC)NC(CCN(CC(C)C)C(C1=C(C)OC(C)=C1)=O)=O,0.012909010658040643
N(C(C)C)(C(=O)CC(C)C)CC1C=CC(=CC=1)OS(=O)(=O)C,0.011278976639732718
C1(=CC=CC=C1F)C(=O)N(C1CC1)CC1=CC(OS(=O)(=O)CC)=C(OC)C=C1,0.010928966291248798
C(N(CC(C)C)CC1C=C(OS(=O)(=O)C(C)C)C=CC=1)(=O)C1C=CC=C(F)C=1,0.010173271363601088
N(C(C)CC)(C(=O)C1C=CC=CC=1F)CC1=CC=CC(=C1)OS(=O)(=O)CC,0.009482610085979105
N(CC(C)C)(C(CC(C)(C)C)=O)CC1=CC=CC(=C1)OS(=O)(=O)CC,0.01309221019037068
C(C(=O)N(C(C)CC)CC1C=CC(=CC=1)OS(=O)(=O)C)(C)C,0.011897078668698668
C1(=CC=CO1)C(=O)N(CC1=CC=CO1)CC1=C(OS(=O)(=O)C)C=CC=C1,0.012219581101089717
N(C(C)CC)(C(=O)C)CC1=CC(=C(OC)C=C1)OS(=O)(=O)C1C=CC(=CC=1)F,0.009579838812351226
N(C(C)CC)(C(=O)C1C=CC=C(F)C=1)CC1=CC=CC(=C1)OS(=O)(=O)CC,0.009274790855124592
C(NC(=O)N(C(C)C)CC1=C(OS(=O)(=O)C(C)C)C=CC=C1)C,0.0067724680295214055
N(C(=O)COC)(CC1C=CC(=CC=1)OS(=O)(=O)C1C=CC(=CC=1)F)CCOC,0.007562113390304148
N(CC(C)C)(C(=O)C1C=CC=C(F)C=1)CC1=CC=CC(=C1)OS(=O)(=O)CC,0.009691105969250203
C1(C(=O)N(C(C)CC)CC2C=CC(=CC=2)OS(=O)(=O)C)C=CC=CC=1Cl,0.010018839128315448
C(N(CCOC)CC1=CC(OS(=O)(=O)CC)=C(OC)C=C1)(C(C)C)=O,0.013680846896022558
C(NC(=O)N(CC1=CC=CO1)CC1=C(OS(=O)(=O)C)C=CC=C1)C,0.00510456170886755
C(N(C(C)CC)CC1C=C(OS(=O)(=O)C(C)C)C=CC=1)(C1CCC1)=O,0.013586197374388575
C(N(C(C)C)CC1=C(OS(=O)(=O)C2C=CC(=CC=2)OC)C=CC=C1)(C(C)C)=O,0.012170923314988613
C(N(CC(C)C)CC1=C(OS(=O)(=O)C2C=CC(=CC=2)OC)C=CC=C1)(C(C)C)=O,0.012150999950245022
C1(=CC=CC=C1Cl)C(=O)N(C(C)C)CC1=C(OS(=O)(=O)C(C)C)C=CC=C1,0.011294770613312721
N(C(C)C)(C(=O)C1=CC=CO1)CC1=CC=CC(=C1)OS(=O)(=O)CC,0.011740940995514393
N(C(=O)C1=CC=CO1)(CC1C=CC(=CC=1)OS(=O)(=O)CC)CC1=CC=CO1,0.012832901999354362
C(N(CCOC)CC1=CC(OS(=O)(=O)CC)=C(OC)C=C1)(C1CCC1)=O,0.013297069165855647
C(N(C(C)CC)CC1C=C(OS(=O)(=O)C(C)C)C=CC=1)(CC(C)C)=O,0.014020045846700668
C(N(CCOC)CC1=C(OS(=O)(=O)C2C=CC(=CC=2)OC)C=CC=C1)(C)=O,0.0099541321862489
C1(=CC=CC=C1F)C(=O)N(C(C)CC)CC1C=C(OS(=O)(=O)C(C)C)C=CC=1,0.010061593540012837
C(N(C(C)C)CC1=C(OS(=O)(=O)C(C)C)C=CC=C1)(=O)C1C=CC=C(F)C=1,0.009324586205184459
C1(C(=O)N2CC(C(C3=CC=CC(OC)=C3OC)C2)C(=O)NCCOC)C=CC=CC=1,0.008485395950265229
C1(C(=O)N2CC(C(C3=CC=CC(OC)=C3OC)C2)C(=O)NCC2=CC=C(F)C=C2)C=CC(=CC=1)Cl,0.006777312699705362
C1(C(=O)N(C2CC2)CC(N(CC2=CC=C3OCOC3=C2)CC2SC=CC=2C)=O)C=CC(=CC=1)OC,0.008665467775426806
C(N(CC1CCCO1)CC1=CC(OS(=O)(=O)CC)=C(OC)C=C1)(C1CCC1)=O,0.012867001863196493
C(NC(=O)N(CC1=CC=C(F)C=C1)CC1C=C(OS(=O)(=O)CC)C=CC=1)C,0.005346079543232918
C1(C(=O)N2CC(C(C3=CC=CC(OC)=C3OC)C2)C(=O)NCCOC)=CC=C(C)C=C1,0.008841331722214818
C1(C(=O)N2CC(C(C3=CC=CC(OC)=C3OC)C2)C(=O)NCC2=CC=C(F)C=C2)=CC=C(C=C1)F,0.007220688741654158
C1(C(=O)N2CC(C(C3=CC=CC(OC)=C3OC)C2)C(=O)NCC2=CC=C(F)C=C2)=CC=CC=C1C,0.0077620029216632245
C1(C(=O)N2CC(C(C3=CC=CC(OC)=C3OC)C2)C(=O)NCCOC)C=CC(=CC=1)Cl,0.007547125616110861
C1(C(=O)N2CC(C(C3=CC=CC(OC)=C3OC)C2)C(=O)NCC2=CC=C(F)C=C2)=CC=CO1,0.007599408645182848
C1=CC(=CC(OC)=C1)C(=O)N1CC(C(C2=CC=CC(OC)=C2OC)C1)C(=O)NCC1=CC=C(F)C=C1,0.0070207555079832675
C(C(C)C)NC(CCN(C(C)CC)C(C1=COC=C1)=O)=O,0.011151857813820243
C(CCN(CCCOC)C(C1=C(C)OC(C)=C1)=O)(N1CCC(CC1)C)=O,0.01037076055072248
C(C(=O)N(CC1=CC=CO1)CC1=CC(=C(OC)C=C1)OS(=O)(=O)C)(C)C,0.011588037293404341
C1=CC(=CC(OC)=C1)C(=O)N1CC(C(C2=CC=CC(OC)=C2OC)C1)C(=O)NCCOC,0.008332076529040933
C(C(=O)N1CC(C(C2=CC=CC(OC)=C2OC)C1)C(=O)NCC1=CC=C(F)C=C1)(C)C,0.008797535439953208
C1=CC(=CC2OCOC1=2)C(=O)N1CC(C(C2=CC=CC(OC)=C2OC)C1)C(=O)NCC1=CC=C(F)C=C1,0.0067871287930756806
C(CCN(CC)C(C1=COC=C1)=O)(NCC1=CC=CO1)=O,0.0076715178089216355
C(C1=CC(OS(=O)(=O)C)=C(OC)C=C1)N(C(NCC)=O)CC1CCCO1,0.006769256433472037
C1(C(=O)N(C(C)CC)CC2C=CC(=CC=2)OS(=O)(=O)C)C=CC=CC=1F,0.008864936558529735
C1(C(=O)N2CC(C(C3=CC=CC(OC)=C3OC)C2)C(=O)NCCOC)C=CC=C(Cl)C=1,0.007520725694485008
C1(C(=O)N2CC(C(C3=CC=CC(OC)=C3OC)C2)C(=O)NCC2=CC=C(F)C=C2)=CC=CC=C1Cl,0.006915067229419947
C1(C(=O)N2CC(C(C3=CC=CC(OC)=C3OC)C2)C(=O)NCC2=CC=C(F)C=C2)C=CC=C(Cl)C=1,0.006749204057268798
C(N(CC1CCCO1)CC1C=CC(OS(=O)(=O)C(C)C)=CC=1)(C1CCC1)=O,0.011987805319949984
C1(=CC=CC=C1F)C(=O)N(C(C)C)CC1C=CC(OS(=O)(=O)C(C)C)=CC=1,0.009810406994074584
C(N(CC1CCCO1)CC1=CC(OS(=O)(=O)C)=C(OC)C=C1)(C1CCC1)=O,0.01247577122412622
C1(S(=O)(=O)N2CC(C(C3=CC=CC(OC)=C3OC)C2)C(=O)NCCOC)=CC=CC=C1,0.00668349489569664
C(C(=O)N1CC(C(C2=CC=CC(OC)=C2OC)C1)C(=O)NCC1=CC=C(F)C=C1)C(C)C,0.008256483031436801
C1(=CC=CC=C1F)C(=O)N(C(C)C)CC1=CC(=CC=C1OS(=O)(=O)C)Cl,0.008083818131126463
N(C(C)(C)C)C(N(CC1=CC=CO1)CC1=CC(=CC=C1OS(=O)(=O)C)Cl)=O,0.0052645088406279685
C(N(C1CC1)CC1C=C(OS(=O)(=O)C2=CC=C(C=C2)F)C=CC=1)(C(C)C)=O,0.008900245605036616
C1(C(=O)N2CC(C(C3=CC=CC(OC)=C3OC)C2)C(=O)NCC2=CC=C(F)C=C2)C=CC=CC=1,0.007560514542274177
C(N(C(C)CC)CC1C=CC(OS(=O)(=O)C2C=CC(=CC=2)OC)=CC=1)(C)=O,0.010979172401130199
C1(=CC=CC=C1)CNC(CCN(CC(C)C)C(C1=C(C)OC(C)=C1)=O)=O,0.010934211499989032
N(CC(C)C)(C(=O)C1C=CC=C(F)C=1)CC1C=CC(=CC=1)OS(=O)(=O)C,0.00862540639936924
C1(C(=O)N2CC(C(C3=CC=CC(OC)=C3OC)C2)C(=O)NCC2=CC=C(F)C=C2)=CC=C(C)C=C1,0.007782436325214803
C(N(C1CC1)CC1=C(OS(=O)(=O)CC)C=CC=C1)(=O)C1C=CC=C(F)C=1,0.009208426950499416
C1(=CC=CC=C1F)C(=O)N(C(C)C)CC1=C(OS(=O)(=O)C(C)C)C=CC=C1,0.009837791509926318
C1(C(=O)N(CC2CCCO2)CC(=O)N(CCC2=CC=CC=C2)CC2=CC=C(C)O2)=CC=CC=C1C,0.011334955226629972
O=C(CN1C2C(C(=O)N(C3C=CC(=CC=3)C(C)C)C1=O)=CC=CC=2)NCC1C=CC=C(C=1)C(F)(F)F,0.00474999692523852
N(C1=CC=C(C=C1)F)C(CN1C2C(C(=O)N(C3C=CC(C)=C(Cl)C=3)C1=O)=CC=CC=2)=O,0.004250492830760777
O=C(C(C)N1C2C(C(=O)N(C3C=CC(=CC=3)OCC)C1=O)=CC=C(C=2)Cl)NCC(C)C,0.005926561402156949
C(C(=O)N(CC1=CC=CO1)CC(=O)N(CC1=CC=C(F)C=C1)CC1=CC=C(C)S1)C,0.009319989895448088
C1(S(=O)(=O)N(CC2CC2)CC(=O)N(CC2=CC=C(F)C=C2)CC2=CC=C(C)S2)C=CC=CC=1,0.006511087319813669
N(CC1=CC=C(F)C=C1)C(CN1C2C(C(=O)N(C3=CC=CC=C3F)C1=O)=CC=C(C=2)Cl)=O,0.004672332224436105
C1(C(=O)N(CCC(C)C)CC(=O)N(CCC2=CC=CC=C2)CC2=CC=C(C)O2)C=CC(=CC=1)F,0.011375903105363249
C(CN1CC2=C(C1=O)C(C1=C(C(F)(F)F)C=CC=C1)NC(=O)N2CC)(N1CCN(CC1)C(C)=O)=O,0.005002672702539712
C(C(C1C=CC=CC=1)N1CC2=C(C1=O)C(C1C=CSC=1)NC(=O)N2CC)(NCC1=CC=CO1)=O,0.006228545517660678
N(C(C)C)(C(NC(C)(C)C)=O)CC1=CC=CC(=C1)OS(=O)(=O)C1C=CC(=CC=1)F,0.0060472742188721895
N(C(NC(C)(C)C)=O)(CC1C=CC(=CC=1)OS(=O)(=O)C1C=CC(=CC=1)F)CCOC,0.005337928771041334
N(C1C=CC(OC)=C(OC)C=1)C(CN1C2C(C(=O)N(C3C=CC(C)=C(C)C=3)C1=O)=CC=C(C=2)Cl)=O,0.004643288010265678
C1(S(=O)(=O)N(C(C)C)CC(=O)N(CCC2=CC=CC=C2)CC2=CC=C(C)O2)C=CC(=CC=1)Cl,0.007564280973747372
C(N(C(C)C)CC1C=C(OS(=O)(=O)C2=CC=C(C=C2)NC(C)=O)C=CC=1)(COC)=O,0.0071583572309464214
C1(=CC=CS1)C(=O)N(CC(C)C)CC1C=C(OS(=O)(=O)C2C=CC(=CC=2)OC)C=CC=1,0.009570417180657386
C1(S(=O)(=O)N(CCCC)CC(=O)N(CCC2=CC=CC=C2)CC2=CC=C(C)O2)C=CC(C)=CC=1,0.008932067593559623
C(NC(=O)N(C(C)C)CC1C=C(OS(=O)(=O)C2=CC=C(C=C2)NC(C)=O)C=CC=1)C,0.0050688967108726505
C(NC(=O)N(CC1=CC=C(F)C=C1)CC1C=C(OS(=O)(=O)C2C=CC(=CC=2)OC)C=CC=1)(C)C,0.005776903498917818
C(C1=CC(OS(=O)(=O)C2=CC=C(C=C2)NC(C)=O)=C(OC)C=C1)N(C(NC(C)C)=O)CCOC,0.006140518956817687
C1(S(=O)(=O)N(CCCOCC)CC(N(CC2=CC=C(F)C=C2)CC2=CC=C(C)S2)=O)C=CC(C)=CC=1,0.005006045312620699
C1(=CC=CC=C1Cl)C(=O)N(C1CC1)CC1=CC(OS(=O)(=O)C2=CC=C(C=C2)NC(C)=O)=C(OC)C=C1,0.007103132270276547
C(NC(=O)N(CC1=CC=C(F)C=C1)CC1=CC(OS(=O)(=O)CC)=C(OC)C=C1)C,0.006867919769138098
C1(NC(=O)N(CCCC)CC(=O)N(CCC2C=CC(OC)=C(OC)C=2)CC2=CC=C(C)O2)C=CC(=CC=1)OC,0.0063608980271965265
C1(C(=O)N(CCCCC)CC(=O)N(CCC2=CC=CC=C2)CC2=CC=C(C)O2)CCC1,0.014594301627948881
C(N(CC1=CC=CO1)CC1=C(OS(=O)(=O)C2C=CC(=CC=2)OC)C=CC=C1)(CC(C)C)=O,0.011426064139232039
C1(NC(=O)N(CC(C)C)CC2C=CC(OS(=O)(=O)C3C=CC(=CC=3)OC)=CC=2)C=CC=CC=1OC,0.006672518514096737
C1(=CC=CC=C1Cl)C(=O)N(C(C)CC)CC1=C(OS(=O)(=O)C2C=CC(=CC=2)OC)C=CC=C1,0.009481818182393909
C1(C(=O)N(CCOC)CC(=O)N(CCC2=CC=CC=C2)CC2=CC=C(C)O2)C=CC(=CC=1)Cl,0.009639061847701668
C(NC(=O)N(C1CCCCC1)CC(=O)N(CCC1=CC=CC=C1)CC1=CC=C(C)O1)C,0.007472058921121061
C(NC(=O)N(CC1=CC=CO1)CC1=C(OS(=O)(=O)C2C=CC(=CC=2)OC)C=CC=C1)(C)(C)C,0.006898383470252156
C(N(CCOC)CC1=CC(=CC=C1OS(=O)(=O)C1=CC=C(C=C1)NC(C)=O)Cl)(C(C)C)=O,0.007089069718495012
C1(=C(F)C=CC=C1)C(=O)N(CCOC)CC1C=C(OS(=O)(=O)C2C=CC(=CC=2)OC)C=CC=1,0.009159858338534832
C(CC)NC(CCN(CCCCCC)C(C1=COC=C1)=O)=O,0.01101587894372642
C(N(CC1CCCO1)CC1=CC(OS(=O)(=O)C2=CC=C(C=C2)NC(C)=O)=C(OC)C=C1)(C1CCC1)=O,0.008046917291358114
C1(=CC=CC=C1Cl)C(=O)N(CC1=CC=CO1)CC1=CC(=CC=C1OS(=O)(=O)CC)Cl,0.010277173621580005
N1(CCC2SC=CC=2C1C1=CC=CC=C1C)C(=O)C1C=CC(=CC=1)F,0.0096481763292104
C1(C(=O)N(C(CC)C)CC(=O)N(CCC2=CC=CC=C2)CC2=CC=C(C)O2)C=CC(=CC=1)OC,0.012097204942256213
C(CCN(CCCOC)C(C1=C(C)OC(C)=C1)=O)(NCCOC)=O,0.00837939470075071
C(NC(=O)N(CC(C)C)CC1=C(OS(=O)(=O)C2=CC=C(C=C2)F)C=CC=C1)(C)(C)C,0.006783424387685954
C(N(CC1=CC=C(F)C=C1)CC1=C(OS(=O)(=O)C2=CC=C(C=C2)F)C=CC=C1)(COC)=O,0.00751112587749958
N1(CCC(C(N[C@H]2CC[C@H](N(C(=O)C3C=CC(F)=CC=3)CC3C=CC=C(C)C=3)CC2)=O)CC1)S(C1C=CC=CC=1)(=O)=O,0.004791349801234901
N1(CCC(C(N[C@H]2CC[C@H](N(C(=O)C3C=CC(OC)=CC=3)CC3C=CC=CC=3)CC2)=O)CC1)C(C1C=CC=C(Cl)C=1)=O,0.00599370829295367
N(C1C=C(C=CC=1)C1N(C2C=CC=CC=2OCC)C(=O)CS1)C(=O)COC,0.0061543549876660105
CC(=O)N(CCC)CC(=O)N(CCC1C=CC(OC)=C(OC)C=1)CC1=CC=C(C)O1,0.012821971764788031
N(C(C)C)(C(=O)C1CCC1)CC1=CC=CC(=C1)OS(=O)(=O)C1C=CC(=CC=1)F,0.009446124453097582
C1(C=CC=CC=1)CNC(=O)NC1=C(C=CC(C)=C1)N1CCCN(CC2=C(C)C=CC=C2)C1=O,0.005845272750593722
N(C(=O)C1CCC1)(CC1C=CC(=CC=1)OS(=O)(=O)C1C=CC(=CC=1)F)CC(C)C,0.009065037034451962
C1(=CC=CS1)C(=O)N(CC1=CC=C(F)C=C1)CC1=CC(=CC=C1OS(=O)(=O)C1=CC=C(C=C1)F)Cl,0.0059966111555695535
N(C(=O)C1CCC1)(CC1C=CC(=CC=1)OS(=O)(=O)C1C=CC(=CC=1)F)C(C)C,0.009693699888885021
C(C(=O)N(CCCOC)CC(=O)N(CCC1=CC=CC=C1)CC1=CC=C(C)O1)(C)C,0.012337000528350472
C(C(=O)N(C(CC)C)CC(=O)N(CCC1=CC=CC=C1)CC1=CC=C(C)O1)(C)C,0.016284389514476062
N(C1C=CC(=CC=1)C1N(C2C=CC=CC=2OCC)C(=O)CS1)C(=O)CCCCCC,0.0074854805832728745
N(C1C=CC(=CC=1)C1N(C2C=CC=CC=2OCC)C(=O)CS1)C(=O)C1=CC=CC=C1OC,0.00670949995983392
N(C1C=C(C=CC=1)C1N(C2C=CC=CC=2OCC)C(=O)CS1)C(=O)C1=CC=CC=C1OC,0.006612978642806411
N(C1C=C(C=CC=1)C1N(C2C=CC(=CC=2)C)C(=O)CS1)S(C1C=CC(=CC=1)OC)(=O)=O,0.004254695668350905
O=C(CN1C2C(C(=O)N(C3=CC=CC(Cl)=C3)C1=O)=CC=C(C=2)Cl)NCCOC,0.004042122513055801
N1(CCN(CC1)C(C)=O)C(CN1C2C(C(=O)N(C3C=CC(C)=C(Cl)C=3)C1=O)=CC=CC=2)=O,0.00508621473563835
N(C1=C(C=CC=C1)C1N(C2=CC(OC)=CC=C2OC)C(=O)CS1)C(=O)C1C=CC(C)=CC=1,0.006441155704669655
C(C(=O)N(CC1=CC=CO1)CC(=O)N(CC1=CC=C(F)C=C1)CC1=CC=C(C)S1)CC1C=CC=CC=1,0.009068310353904962
O=C(CN1C2C(C(=O)N(C3C=CC(C)=C(C)C=3)C1=O)=CC=CC=2)NC(C)CC,0.006450666999444366
C(NC(=O)N(CC1=CC=C(F)C=C1)CC1=CC(OS(=O)(=O)C2=CC=C(C=C2)F)=C(OC)C=C1)C,0.006095564225688577
C1(C(=O)N(CCCOCC)CC(N(CC2=CC=C(F)C=C2)CC2=CC=C(C)S2)=O)C=CC=CC=1F,0.006214236235246062
C1(C(=O)N(CCCOCC)CC(N(CC2=CC=C3OCOC3=C2)CC2SC=CC=2C)=O)C=CC=CC=1F,0.006503528822213412
C1(=CC=CO1)C(=O)N(CC1=CC=CO1)CC1C=CC(OS(=O)(=O)C2=CC=C(C=C2)NC(C)=O)=CC=1,0.00834426530636847
N(CC1=CC=CO1)C(CN1C2C(C(=O)N(CCC)C1=O)=CC=C(C=2)Cl)=O,0.004809702595230192
C(C(=O)N(CC(C)C)CC(N(CC1=CC=C(F)C=C1)CC1=CC=C(C)S1)=O)CC1C=CC=CC=1,0.009684540284797549
C1(C(=O)N(C2CC2)CC(=O)N(CCC2C=CC(OC)=C(OC)C=2)CC2=CC=C(C)O2)C=CC=C(Br)C=1,0.010672602709382773
C1(C(=O)N(CCCC)CC(=O)N(CCC2C=CC(OC)=C(OC)C=2)CC2=CC=C(C)O2)=CC=CS1,0.010125285014510155
C1(C(=O)N(C(CC)C)CC(=O)N(CCC2C=CC(OC)=C(OC)C=2)CC2=CC=C(C)O2)C=CC(=CC=1)Cl,0.010106156533583998
C1(=CC=CC=C1Cl)C(=O)N(C(C)CC)CC1=CC(OS(=O)(=O)C2=CC=C(C=C2)NC(C)=O)=C(OC)C=C1,0.007060156366787851
C1(C(=O)N(CC(C)CC)CC(=O)N(CC2=CC=C(F)C=C2)CC2=CC=C(C)S2)C=CC(=CC=1)OC,0.008527440670877694
C(N(C(C)CC)CC1=CC(OS(=O)(=O)C2=CC=C(C=C2)NC(C)=O)=C(OC)C=C1)(=O)C1C=CC=C(F)C=1,0.006611560308374465
C1(C(=O)N(CC2CC2)CC(=O)N(CCC2=CC=CC=C2)CC2=CC=C(C)O2)C=CC(=CC=1)Cl,0.011510908603668213
O=C(CN1C2C(C(=O)N(C3=CC=CC(C)=C3)C1=O)=CC=C(C=2)Cl)NC,0.004290150932502001
C1(=CC=CC=C1F)C(=O)N(CCOC)CC1=CC(OS(=O)(=O)C2=CC=C(C=C2)NC(C)=O)=C(OC)C=C1,0.006785806175321341
C1(C(=O)N2CCC(C(NC(=O)C3=CC=C(C)C=C3)C(NCCC)=O)CC2)C=C(C)C=CC=1,0.008791701402515173
C1(C(=O)N2CCC(C(NC(=O)C3=CC=C(C)C=C3)C(N(CC)CC)=O)CC2)=CC=C(C)C=C1,0.01011214479804039
C1(C(=O)N2CCC(C(NC(=O)C3=CC=C(C)C=C3)C(N(CC)CC)=O)CC2)C=C(C)C=CC=1,0.010037725837901235
C1C(C)=C(C=CC=1)C(=O)N1CCC(C(NC(=O)C2C=C(C)C=CC=2)C(NCC=C)=O)CC1,0.00784631366841495
C1(C(=O)N2CCC(C(NC(C3=C(C)C=CC=C3)=O)C(NCC(C)C)=O)CC2)=CC=C(C)C=C1,0.009098275424912572
C1(C(=O)N2CCC(C(NC(C3=C(C)C=CC=C3)=O)C(NCC(C)C)=O)CC2)C=C(C)C=CC=1,0.009024168527685106
C1(C(=O)N2CCC(C(NC(=O)C3=CC=C(C)C=C3)C(NCCC)=O)CC2)=CC=C(C)C=C1,0.008896709862165153
C1C(C)=C(C=CC=1)C(=O)N1CCC(C(NC(=O)C2=CC=C(C)C=C2)C(NCCC)=O)CC1,0.008738098153844475
C1(C(=O)N(C(C)(C)C)CC(=O)N(CC2=CC=C(F)C=C2)CC2=CC=C(C)S2)C=CC(C)=CC=1,0.008854857413098216
C1(C(=O)N(CCOC)CC(=O)N(CCC2C=CC(OC)=C(OC)C=2)CC2=CC=C(C)O2)CCC1,0.013103151321411132
C1(S(=O)(=O)N(CCOC)CC(N(CC2=CC=C(F)C=C2)CC2=CC=C(C)S2)=O)C=CC=CC=1,0.005967872915789485
C(C(=O)N(CC(C)C)CC(=O)N(CCC1C=CC(OC)=C(OC)C=1)CC1=CC=C(C)O1)(C)C,0.015002847602590918
C1(C(=O)N(C(C)C)CC(N(CC2=CC=C(F)C=C2)CC2=CC=C(C)S2)=O)C=CC(=CC=1)OC,0.008190743043087423
C1(C(=O)N(CCCC)CC(=O)N(CCC2C=CC(OC)=C(OC)C=2)CC2=CC=C(C)O2)C=CC(C)=CC=1,0.012050795601680875
C1(C(=O)N(C(C)C)CC(N(CC2=CC=C(F)C=C2)CC2=CC=C(C)S2)=O)C=CC(C)=CC=1,0.008565827738493681
C1(C(=O)N(CCCC)CC(=O)N(CCC2C=CC(OC)=C(OC)C=2)CC2=CC=C(C)O2)C=CC=CC=1F,0.00963505576364696
C1(C(=O)N(C(C)C)CC(N(CC2=CC=C(F)C=C2)CC2=CC=C(C)S2)=O)C=CC=CC=1F,0.008121148915961385
C1(C(=O)N(CCCC)CC(=O)N(CCC2C=CC(OC)=C(OC)C=2)CC2=CC=C(C)O2)CCCC1,0.013883727369830012
C(C(=O)N(C(C)C)CC(N(CC1=CC=C(F)C=C1)CC1=CC=C(C)S1)=O)C1C=CC=CC=1,0.00896721975877881
C1(C(=O)N(CCCC)CC(=O)N(CCC2C=CC(OC)=C(OC)C=2)CC2=CC=C(C)O2)=CC=CC=C1C,0.012002950953319668
C1(NC(=O)N(C2CC2)CC(N(CC2=CC=C(F)C=C2)CC2=CC=C(C)S2)=O)=CC=CC=C1,0.004882206278853119
C1(S(=O)(=O)N(CCCC)CC(=O)N(CCC2C=CC(OC)=C(OC)C=2)CC2=CC=C(C)O2)C=CC=CC=1,0.008126846444793046
C1(S(=O)(=O)N(CCCOCC)CC(N(CC2=CC=C(F)C=C2)CC2=CC=C(C)S2)=O)C=CC=CC=1,0.004907000868115574
C1=C(C=CC=C1NC(=O)N(C1CC1)CC(N(CC1=CC=C(F)C=C1)CC1=CC=C(C)S1)=O)F,0.004587782872840762
C(C(=O)N(CCCOC)CC(=O)N(CCC1C=CC(OC)=C(OC)C=1)CC1=CC=C(C)O1)C,0.011483714077621698
C1(C(=O)N(C2CCCCC2)CC(N(CC2=CC=C(F)C=C2)CC2=CC=C(C)S2)=O)=CC=CC=C1C,0.008862838940694928
C1(S(=O)(=O)N(CC=C)CC(N(CC2=CC=C(F)C=C2)CC2=CC=C(C)S2)=O)C=CC(C)=CC=1,0.006734288157895207
C1(C(=O)N(CC2=CC=CO2)CC(=O)N(CC2=CC=C(F)C=C2)CC2=CC=C(C)S2)CC1,0.009686147887259721
C(C(=O)N(CCCC)CC(N(CC1=CC=C(F)C=C1)CC1=CC=C(C)S1)=O)C1C=CC=CC=1,0.00907713444903493
C1(C(=O)N(CC2CC2)CC(=O)N(CC2=CC=C3OCOC3=C2)CC2SC=CC=2C)C=CC=CC=1F,0.00760895679704845
C1(C(=O)N(CC2CC2)CC(=O)N(CC2=CC=C3OCOC3=C2)CC2SC=CC=2C)C=CC(C)=CC=1,0.009383076708763838
C1(C(=O)N(CCCC)CC(N(CC2=CC=C(F)C=C2)CC2=CC=C(C)S2)=O)=CC=CC=C1C,0.008578990446403622
C1(C(=O)N(CC2CC2)CC(=O)N(CC2=CC=C(F)C=C2)CC2=CC=C(C)S2)C=CC(C)=CC=1,0.00895263021811843
C1(C(=O)N(CC2CC2)CC(=O)N(CC2=CC=C3OCOC3=C2)CC2SC=CC=2C)CC1,0.01161357369273901
C(C(=O)N(CC(C)C)CC(N(CC1=CC=C(F)C=C1)CC1=CC=C(C)S1)=O)C1C=CC=CC=1,0.009835592564195394
C(C(=O)N(CC1CC1)CC(=O)N(CC1=CC=C(F)C=C1)CC1=CC=C(C)S1)C1C=CC=CC=1,0.009079878171905875
C1(C(=O)N(CC2CC2)CC(=O)N(CC2=CC=C3OCOC3=C2)CC2SC=CC=2C)CCCC1,0.011996065080165864
C1(C(=O)N(C(C)(C)C)CC(=O)N(CC2=CC=C(F)C=C2)CC2=CC=C(C)S2)=CC=CS1,0.009193383529782296
C1(=C(Cl)C=CC=C1)C(=O)N(C(C)C)CC1C=C(OS(=O)(=O)C2C=CC(=CC=2)OC)C=CC=1,0.009356470545753837
C(C(=O)N(C1CCCCC1)CC(N(CC1=CC=C2OCOC2=C1)CC1SC=CC=1C)=O)(C)C,0.011682359455153345
C(C)(C)(C)CC(=O)N(CCCOCC)CC(N(CC1=CC=C(F)C=C1)CC1=CC=C(C)S1)=O,0.008779465057887136
C1(C(=O)N(CCOC)CC(N(CC2=CC=C(F)C=C2)CC2=CC=C(C)S2)=O)C=CC(C)=CC=1,0.00743958770763129
C1(C(=O)N(C2CCCCC2)CC(N(CC2=CC=C(F)C=C2)CC2=CC=C(C)S2)=O)C=CC=CC=1F,0.008404146530665457
C1(C(=O)N(CC2=CC=CO2)CC(=O)N(CC2=CC=C(F)C=C2)CC2=CC=C(C)S2)C=CC(=CC=1)F,0.008597051026299596
C1(C(=O)N(CCOC)CC(N(CC2=CC=C(F)C=C2)CC2=CC=C(C)S2)=O)=CC=CC=C1C,0.00741024233866483
C1(C(=O)N(C2CCCCC2)CC(N(CC2=CC=C(F)C=C2)CC2=CC=C(C)S2)=O)CCCC1,0.012041005212813616
C1(C(=O)N(CC2=CC=CO2)CC(=O)N(CC2=CC=C(F)C=C2)CC2=CC=C(C)S2)=CC=CC=C1C,0.00878156372345984
C(C(=O)N1CC(C(C2=CC=CC=C2OC)C1)C(=O)NCC1=CC2OCOC=2C=C1)C(C)C,0.00988271578680724
C1(C(=O)N2CC(C(C3=CC=C(OC)C=C3OC)C2)C(=O)NCCCC)C=CC=CC=1,0.007940231822431087
C1(C(=O)N2CC(C(C3=CC=CC=C3OC)C2)C(=O)NCC2=CC3OCOC=3C=C2)C=CC=CC=1,0.008366031618788839
C1(C(=O)N2CC(C(C3=CC=CC=C3OC)C2)C(=O)NCC2=CC3OCOC=3C=C2)=CC=C(C)C=C1,0.00861772655043751
C1(C(=O)N2CC(C(C3=CC=CC=C3C)C2)C(=O)NCCCC)=CC=C(C)C=C1,0.010128158470615744
C1(C(=O)N2CC(C(C3=CC=CC=C3C)C2)C(=O)NCC2CC2)=CC=C(C)C=C1,0.011224850406870246
C1=CC(=CC(OC)=C1)C(=O)N1CC(C(C2=CC=CC=C2OC)C1)C(=O)NCC1=CC2OCOC=2C=C1,0.008095154911279679
C1(C(=O)N2CC(C(C3=CC=C(OC)C=C3OC)C2)C(=O)NCCCC)=CC=CO1,0.007782793790102005
C1(C(=O)N2CC(C(C3=CC=CC=C3C)C2)C(=O)NCC2CC2)C=CC(=CC=1)Cl,0.009316169191151857
C1=CC(=CC2OCOC1=2)C(=O)N1CC(C(C2=CC=CC=C2OC)C1)C(=O)NCC1=CC2OCOC=2C=C1,0.00840384461916983
C1(C(=O)N(CC2CCCO2)CC(N(CC2=CC=C(F)C=C2)CC2=CC=C(C)S2)=O)C=CC(C)=CC=1,0.007348082005046308
C1(C(=O)N2CC(C(C3=CC=CC=C3OC)C2)C(=O)NCC2=CC3OCOC=3C=C2)=CC=C(C=C1)F,0.0065543004777282475
C1(S(=O)(=O)N2CC(C(C3=CC=CC=C3OC)C2)C(=O)NCC2=CC3OCOC=3C=C2)C=CC(=CC=1)OC,0.006203773198649287
C1(C(=O)N2CC(C(C3=CC=CC=C3OC)C2)C(=O)NCC2=CC3OCOC=3C=C2)=CC=CO1,0.008210905292071403
C1(C(=O)N2CC(C(C3=CC=CC=C3C)C2)C(=O)NCC(C)C)=CC=C(C=C1)F,0.007962039741687476
C1(C(=O)N2CC(C(C3=CC=C(OC)C=C3OC)C2)C(=O)NCCCC)=CC=C(C=C1)OC,0.00805688442196697
C(C(=O)N1CC(C(C2=CC=CC=C2OC)C1)C(=O)NCC1=CC2OCOC=2C=C1)(C)C,0.009668206237256527
C1(C(=O)N2CC(C(C3=CC=CC=C3C)C2)C(=O)NCC(C)C)=CC=CO1,0.010624215379357338
C(C(=O)N1CC(C(C2=CC=C(OC)C=C2OC)C1)C(=O)NCCCC)C(C)C,0.009602464968338609
C1(C(=O)N2CCC(C(NC(C3=C(C)C=CC=C3)=O)C(NC(C)C(C)C)=O)CC2)C=C(C)C=CC=1,0.009379072114825249
C(NC(=O)N1CCC(C(NC(=O)C2=CC=CC=C2Cl)C(N2CCCCC2)=O)CC1)C,0.005206917424220592
C1(C(=O)N2CCC(C(NC(C3=C(C)C=CC=C3)=O)C(NC(C)C(C)C)=O)CC2)C=CC=CC=1,0.009214571979828178
C1C(C)=C(C=CC=1)C(=O)N1CCC(C(NC(C2=C(C)C=CC=C2)=O)C(NC(C)C(C)C)=O)CC1,0.009461537376046181
N1(C2=CC=C(OC3C=CC=CC=3)C=C2)C(=O)C(C)N(C(=O)C2C=CC(F)=CC=2)CC1,0.006217071041464806
C1(=CC=CC=C1)C(C)NC(C1CCC(C2=CC=C(F)C=C2)N(C(=O)C)C1)=O,0.007379864482209087
C1CCCN1C(CC1=CC=C(C=C1)N(C(=O)C1CC1)CC1=CC=C(OC)C=C1)=O,0.011594080366194248
N1(C2=CC=C(OC3C=CC=CC=3)C=C2)C(=O)C(C)N(C(=O)C2C=CC=C(F)C=2)CC1,0.0061598133062943814
N1(C2=CC(C)=CC=C2C)C(=O)C(C)N(C(=O)C2CCC2)CC1,0.011685279104858637
O1CCN(CC1)C(COC1C=C2C(N(C(=O)C3CC3)CCC2=CC=1)C1=CC=C(C)C=C1)=O,0.011025972245261074
N1(C2=CC=C(OC3C=CC=CC=3)C=C2)C(=O)C(C)N(C(=O)C2C=C(C)C=CC=2)CC1,0.0080445985076949
C(C(C)C)NC(C(C)OC1C=C2C(N(C(=O)C3CC3)CCC2=CC=1)C1=CC=C(C)C=C1)=O,0.011940864799544215
N1(C2=C(CC)C=CC=C2)C(=O)C(C)N(C(=O)C2CCC2)CC1,0.011343612987548112
N(CC1CC2=CC(C(C)(C)C)=CC=C2O1)C(C1C=CC=CC=1C)=O,0.012204051902517676
C(NC(C(C)OC1C=C2C(N(C(=O)C3=CC=CO3)CCC2=CC=1)C1C=C(C)C=CC=1)=O)C,0.010636222548782825
C1(=CC=CC=C1)CNC(C1CN(CC2C(OC)=CC=CC=2)C(=O)C1)=O,0.008631910872645676
C1(=CC=CC=C1)CNC(C1CC(C2C=CC=CC=2)CN(C(=O)C2CC2)C1)=O,0.009204785665497183
C1N(C(=O)C2=CC=C(C)C=C2)CC(COC2=CC=C(C)C=C2OC)OC1,0.012622066028416156
C1C(OC)=C(CCNC(C2CC(C3C=CC=CC=3)CN(C(=O)C3CC3)C2)=O)C=CC=1,0.008872468839399517
N1(C2=CC=CC=C2C2=CC=CC=C2)C(=O)C(C)N(C(CC(C)(C)C)=O)CC1,0.010432520415633917
C(NC(=O)N(C(C)C)CC(=O)N1CCC2SC=CC=2C1COC1=CC=C(F)C=C1)C,0.0048206097213551406
N1(C2=CC=CC=C2C2=CC=CC=C2)C(=O)C(C)N(C(=O)CC)CC1,0.008155010431073606
C1(NC(C2CCC(C3=CC=CC=C3)N(C(=O)C3C=CC(=CC=3)Cl)C2)=O)CC1,0.008992926706559956
C(NC(=O)N(C(C)C)CC(=O)N1CCC2SC=CC=2C1COC1=CC(F)=CC=C1)(C)C,0.005284956400282681
O=C(CN1C2C(C(=O)N(C3=CC=C(Cl)C(Cl)=C3)C1=O)=CC(C)=CC=2)NCC1C=CC=C(C=1)C(F)(F)F,0.004405499843414873
O=C(CN1C2C(C(=O)N(C3C=CC(C)=C(Cl)C=3)C1=O)=CC(C)=CC=2)NC1C=CC(=CC=1)OC,0.004514810314867645
C(NC(CN1C(=O)CSC1C1C=CC(Cl)=C(Cl)C=1)=O)C(C)C,0.006849821214564145
C1(CNC(CN2C(=O)CSC2C2C=CC(Cl)=C(Cl)C=2)=O)=CC=CO1,0.006069622258655727
C1C(=CC=CC=1NC(CN1C(=O)CSC1C1C=CC(Cl)=C(Cl)C=1)=O)F,0.005030667141545564
C(C1CN(C2C=CC=C(C)C=2)C(=O)C1)(=O)NC1C=CC(=CC=1)OC,0.008304730406962335
N1(CCC2C=CC(OC)=C(OC)C=2)C(=O)C(C)SC1C1C=CC(F)=CC=1F,0.0081928008235991
O=C(CN1C2C(C(=O)N(C3=CC=C(C(C)=O)C=C3)C1=O)=CC(C)=CC=2)NC1C=CC=C(C)C=1,0.006926261913031339
N1(CCCC1)C(COC1C=C2N(CC)C(=O)C=C(C(C)C)C2=CC=1)=O,0.01046618800610304
C(C(=O)NC1C=CC(=CC=1)N1CCCN(CC2=C(F)C(Cl)=CC=C2)C1=O)C1C=CC(OC)=CC=1,0.004315593536011875
C1C=C2OCC(=O)N(CC3=C(OC)C=C(OC)C=C3)CC2=CC=1NS(=O)(=O)C1C=CC(=CC=1)Cl,0.004616341623477638
C(NC(=O)N(C1CC1)CC1=C(OS(=O)(=O)CC)C=CC=C1)(C)C,0.006507524033077061
C1(S(=O)(=O)N2CC(C(C3=CC=CC=C3OC)C2)C(=O)NCC2=CC3OCOC=3C=C2)=CC=C(C=C1)Cl,0.005466630379669368
C1(=CC=CS1)C(=O)N(C(C)C)CC1C=CC(OS(=O)(=O)C(C)C)=CC=1,0.009888643259182572
C1(C(=O)N2CC(C(C3=CC=CC=C3C)C2)C(=O)NCC(C)C)C=CC=C(Cl)C=1,0.009510039491578937
C1(C(=O)N2CC(C(C3=CC=CC(OC)=C3)C2)C(=O)N2CCCCC2)=CC=CO1,0.010012501198798419
C(CC)NC(C1COC2(CCN(CC2)C(=O)C2=CC=CC=C2F)N1C(=O)C1C=CC=C(F)C=1)=O,0.006410065689124167
C1(=CC=CS1)C(=O)N(C(C)CC)CC1C=CC(OS(=O)(=O)C(C)C)=CC=1,0.010363311227411031
C(CC)NC(C1COC2(CCN(CC2)C(=O)C2C(=CC=CC=2OC)OC)N1C(=O)C1=CC=CC(OC)=C1)=O,0.0075185144087299705
N(C(C)CC)(C(=O)C1=CC=CS1)CC1=CC(=C(OC)C=C1)OS(=O)(=O)C,0.010300626838579774
C1(C(=O)N(CC=C)CC(N(CC2=CC=C(F)C=C2)CC2=CC=C(C)S2)=O)CCC1,0.00992572894319892
C1(C(=O)N2CC(C(C3=CC=CC=C3OC)C2)C(=O)N(CC2=CC=CC=C2)C)C=CC=C(Cl)C=1,0.009784789266996085
N(C(C)CC)(C(=O)C1C=CC=CC=1F)CC1=CC(=C(OC)C=C1)OS(=O)(=O)C,0.010482549760490656
C1(C(=O)N2CC(C(C3=CC=CC=C3OC)C2)C(=O)NC2CC2)=CC=CC=C1C,0.009807537449523807
C(CC)NC(C1COC2(CCN(CC2)C(=O)C2=CC=CC(OC)=C2)N1C(=O)C1C=CC=C(F)C=1)=O,0.0064134983578696845
C(N(C1CC1)CC1=CC(OS(=O)(=O)C)=C(OC)C=C1)(C(C)C)=O,0.012483057472854853
C1C=C(CNC(C(CC)OC2C=C3C(N(C(=O)CC(C)C)CCC3=CC=2)C2=CC=C(C)C=C2)=O)C=CC=1F,0.009061076818034053
C1(C(=O)N2CC(C(C3=CC=CC(OC)=C3)C2)C(=O)N(CC2=CC=CC=C2)C)CC1,0.011655545933172107
C(C(C)C)NC(C1COC2(CCN(CC2)C(=O)C2C=CC=C(Cl)C=2)N1C(=O)C1C=CC=C(F)C=1)=O,0.006106003606691957
N(C(C)C)(C(=O)C1CC1)CCN1C(=O)C(C)SC1C1=CC=CC(=C1)C(F)(F)F,0.007716443180106581
N(C(C)C)(C(=O)C1=CC=CC=C1Cl)CCN1C(=O)C(C)SC1C1=CC(OC)=CC=C1OC,0.008137851022183895
C1C(F)=C(CNC(C2CCC(C3=CC=CC=C3)N(C(NC3CCCCC3)=O)C2)=O)C=CC=1,0.0055724366568028925
N(CC)(C(=O)C1=CC=CC=C1Cl)CCN1C(=O)CSC1C1=CC=CC=C1F,0.006640268606133759
N(C(C)C)(C(=O)C1=CC=C(C=C1)F)CCN1C(=O)C(C)SC1C1=CC=CC(=C1)C(F)(F)F,0.00594614832662046
C(C(=O)N(CCC)CC(=O)N1CC(=O)N(C2C=CC(Cl)=CC=2)C1)(C1C=CC=CC=1)C1C=CC=CC=1,0.009169854060746729
N(CC1=CC=CO1)(C(NC(C)(C)C)=O)CC1=CC=CC(=C1)OS(=O)(=O)CC,0.006600466417148709
C(NC(=O)N(C(C)C)CC1C=CC(OS(=O)(=O)C)=CC=1)(C)C,0.005817327974364161
C(NC(=O)N(CC1CCCO1)CC1C=C(OS(=O)(=O)CC)C=CC=1)(C)C,0.006230862950906158
C(NC(=O)N(CC1=CC=CO1)CC1=CC(OS(=O)(=O)CC)=C(OC)C=C1)C,0.006753690051846206
N(C(C)CC)(C(NC(C)(C)C)=O)CC1=CC(=C(OC)C=C1)OS(=O)(=O)CC,0.009028054540976882
C(NC(=O)N(CCN1C(=O)CSC1C1C=CC(Cl)=C(Cl)C=1)C(C)C)(C)(C)C,0.005109384946990758
C(NC(=O)N(CCN1C(=O)CSC1C1=CC=C(C=C1)C(F)(F)F)C(C)C)(C)(C)C,0.004243171482812613
C(NC(=O)N(CCN1C(=O)CSC1C1=CC=C(C=C1)C(F)(F)F)C(C)C)C,0.003591472515836358
C1=CC(CNC(C2CC(C3C=CC=CC=3)CN(C(C3=C(F)C=CC=C3)=O)C2)=O)=CC2OCOC1=2,0.0065116193145513535
C(NC(=O)N(CCCN1C(=O)CSC1C1=CC=C(C=C1)C(C)(C)C)C)(C)(C)C,0.0063638267107307914
C(NC(=O)N(CCN1C(=O)CSC1C1=CC=C(C=C1)C(F)(F)F)C(C)C)(C)C,0.0041078052716329696
C(N(C)C(C1=CC=C(C=C1)C=C1SC(=O)N(CC2=CC=C(C=C2)C(F)(F)F)C1=O)=O)C1OC=CC=1,0.00416438045212999
C(NC(=O)N(CCCN1C(=O)CSC1C1=CC=C(C=C1)C(C)(C)C)C)(C)C,0.005988270766101778
C1CC(CCC1)N(C)C(C1=CC=C(C=C1)C=C1SC(=O)N(CC2=CC=C(C=C2)C(F)(F)F)C1=O)=O,0.004315737029537558
C(NC(=O)N(CCCN1C(=O)C(C)SC1C1C=CC(F)=CC=1)C)(C)C,0.004471319913864136
C1(C(=O)N(CCN2C(=O)CSC2C2C=CC(=CC=2)C)C(C)C)=CC=CS1,0.009031932847574354
O1CCN(CC1)C(C1=CC=C(C=C1)C=C1SC(=O)N(CC2=C(F)C=CC=C2F)C1=O)=O,0.003395625646226108
C(C(=O)N(CCN1C(=O)CSC1C1C=CC(Cl)=C(Cl)C=1)C(C)C)C,0.00904493248090148
O=C(CN1C2C(C(=O)N(C3=CC=CC(C)=C3)C1=O)=CC(C)=CC=2)NCC1=CC=CO1,0.005764281400479377
O=C(CN1C2C(C(=O)N(C3C=CC(=CC=3)OCC)C1=O)=CC(C)=CC=2)NCC1=CC=CO1,0.005663917819038034
O=C(CN1C2C(C(=O)N(C3C=CC=C(C)C=3C)C1=O)=CC(C)=CC=2)NC(C)CC,0.006674928171560168
O=C(CN1C2C(C(=O)N(C3=CC=CC=C3CC)C1=O)=CC(C)=CC=2)NC(C)CC,0.0066141105024144055
O=C(CN1C2C(C(=O)N(C3=CC=CC(C)=C3)C1=O)=CC(C)=CC=2)NC(C)C,0.005809959582984447
O=C(CN1C2C(C(=O)N(C3=CC=CC(F)=C3)C1=O)=CC(C)=CC=2)NCCC,0.004523469414561987
O=C(CN1C2C(C(=O)N(C3C=CC=C(C)C=3C)C1=O)=CC(C)=CC=2)NC1CC1,0.0061940164538100365
O=C(CN1C2C(C(=O)N(C3=CC=CC=C3CC)C1=O)=CC(C)=CC=2)NC1CC1,0.006112958653829992
O=C(CN1C2C(C(=O)N(C3=CC=C(Cl)C(Cl)=C3)C1=O)=CC(C)=CC=2)NCCC,0.005118591524660587
O=C(CN1C2C(C(=O)N(C3=CC=CC(C)=C3)C1=O)=CC(C)=CC=2)NC(C)CC,0.006262475322000682
O=C(CN1C2C(C(=O)N(C3C=CC=C(C)C=3C)C1=O)=CC(C)=CC=2)NCCC,0.006028323620557785
O=C(CN1C2C(C(=O)N(C3=CC=CC=C3CC)C1=O)=CC(C)=CC=2)NCCC,0.006030670972540975
O=C(CN1C2C(C(=O)N(C3=CC=CC=C3Cl)C1=O)=CC(C)=CC=2)NCC(C)C,0.0058176664402708415
O=C(CN1C2C(C(=O)N(C3=CC=CC(F)=C3)C1=O)=CC(C)=CC=2)N1CCOCC1,0.004837669571861625
O=C(CN1C2C(C(=O)N(C3=CC=CC=C3CC)C1=O)=CC(C)=CC=2)N1CCOCC1,0.006329247332178056
O=C(CN1C2C(C(=O)N(C3=CC=CC=C3Cl)C1=O)=CC(C)=CC=2)NCCOC,0.004127856402192265
O=C(CN1C2C(C(=O)N(C3C=CC=C(C)C=3C)C1=O)=CC(C)=CC=2)NCC(C)C,0.006702863308601081
O=C(CN1C2C(C(=O)N(C3=CC=CC=C3CC)C1=O)=CC(C)=CC=2)N1CCN(CC1)C(C)=O,0.005855218647047878
O=C(CN1C2C(C(=O)N(C3=CC=CC(C)=C3)C1=O)=CC(C)=CC=2)NCC(C)C,0.006300946464762092
O=C(CN1C2C(C(=O)N(C3=CC=CC=C3CC)C1=O)=CC(C)=CC=2)NCCOC,0.004949534754268825
O=C(CN1C2C(C(=O)N(C3=CC=CC(C(C)=O)=C3)C1=O)=CC(C)=CC=2)NC(C)CC,0.008485646871849894
O=C(CN1C2C(C(=O)N(C3=CC=CC=C3Cl)C1=O)=CC(C)=CC=2)NC(C)CC,0.0056884693913161755
C(N(C1CC1)CC1=CC(=CC=C1OS(=O)(=O)C1=CC=C(C=C1)F)Cl)(=O)C1C=CC=C(F)C=1,0.0075663513038307425
O=C(CN1C2C(C(=O)N(C3=CC=CC(C)=C3)C1=O)=CC(C)=CC=2)NCCOC,0.004633853887207806
O=C(CN1C2C(C(=O)N(C3C=CC=C(C)C=3C)C1=O)=CC(C)=CC=2)NC(C)C,0.006273620389401912
O=C(CN1C2C(C(=O)N(C3=CC=CC=C3CC)C1=O)=CC(C)=CC=2)NCC1=CC=CO1,0.00610982058569789
O=C(CN1C2C(C(=O)N(C3=CC=CC(C(C)=O)=C3)C1=O)=CC(C)=CC=2)NCCC,0.007820013188757002
C(N(CC1CCCO1)CC1=CC(=CC=C1OS(=O)(=O)C1=CC=C(C=C1)F)Cl)(CC(C)C)=O,0.007334515731781721
C1(C(=O)N2CC(C(C3=CC=C(OC)C=C3)C2)C(=O)N2CCCCC2)=CC=C(C)C=C1,0.01100215408951044
C1(C(=O)N2CC(C(C3=CC=C(OC)C=C3)C2)C(=O)N2CCOCC2)C=CC=CC=1,0.00994613179937005
C(C)(C)(C)CC(=O)N1CC(C(C2=CC=C(OC)C=C2)C1)C(=O)N1CCCCC1,0.012740101013332606
C1(C(=O)N2CC(C(C3=CC=C(OC)C=C3)C2)C(=O)N2CCCCC2)CCCC1,0.01284721065312624
C(C)(C)(C)CC(=O)N1CC(C(C2=CC=C(OC)C=C2)C1)C(=O)N1CCOCC1,0.012480472028255463
C1(C(=O)N2CC(C(C3=CC=C(OC)C=C3)C2)C(=O)N2CCCCC2)C=CC(=CC=1)Cl,0.008998097525909543
C1(C(=O)N2CC(C(C3=CC=C(OC)C=C3)C2)C(=O)N2CCCCC2)C=CC(Cl)=CC=1Cl,0.008967315359041095
C1(C(=O)N2CC(C(C3=CC=C(OC)C=C3)C2)C(=O)N2CCOCC2)C=CC=C(Cl)C=1,0.00858905219938606
C(NC(=O)N(CC(C)C)CC1C=C(OS(=O)(=O)C2C=C(F)C(OC)=CC=2)C=CC=1)(C)C,0.0077252383576706055
C(NC(=O)N(CCOC)CC1C=C(OS(=O)(=O)C2C=CC=C(C=2)C(F)(F)F)C=CC=1)(C)C,0.0046399171347729865
C1(=CC=CS1)C(=O)N(CC(C)C)CC1C=C(OS(=O)(=O)C2C=C(F)C(OC)=CC=2)C=CC=1,0.008347964589484036
C(N(CC1=CC=CO1)CC1C=C(OS(=O)(=O)C2C=C(F)C(OC)=CC=2)C=CC=1)(CC(C)(C)C)=O,0.010223471280187368
C(N(CCOC)CC1C=C(OS(=O)(=O)C2C=C(F)C(OC)=CC=2)C=CC=1)(CC(C)C)=O,0.009888852760195733
C(NC(=O)N(CCOC)CC1C=C(OS(=O)(=O)C2C=C(F)C(OC)=CC=2)C=CC=1)C,0.006014552898705006
C1(NC(=O)N(CC(C)C)CC2C=C(OS(=O)(=O)C3C=C(F)C(OC)=CC=3)C=CC=2)C=CC=CC=1OC,0.00678840212058276
C(NC(=O)N(C(C)C)CC1=CC=CC(=C1)OS(C1C=CC=C(C=1)C(F)(F)F)(=O)=O)(C)(C)C,0.005404222360812128
C1(=C(Cl)C=CC=C1)C(=O)N(CC(C)C)CC1C=C(OS(=O)(=O)C2C=C(F)C(OC)=CC=2)C=CC=1,0.009030246059410274
C1(=C(F)C=CC=C1)C(=O)N(CC1=CC=CO1)CC1C=C(OS(=O)(=O)C2C=C(F)C(OC)=CC=2)C=CC=1,0.00937559395097196
C(N(CCOC)CC1C=C(OS(=O)(=O)C2C=C(F)C(OC)=CC=2)C=CC=1)(CC(C)(C)C)=O,0.010051643289625645
C(NC(=O)N(CCOC)CC1C=C(OS(=O)(=O)C2C=C(F)C(OC)=CC=2)C=CC=1)(C)C,0.006332161207683385
C(N(CC(C)C)CC1C=C(OS(=O)(=O)C2C=C(F)C(OC)=CC=2)C=CC=1)(CC(C)C)=O,0.010739966109395028
C1(=CC=CO1)C(=O)N(CCOC)CC1C=C(OS(=O)(=O)C2C=C(F)C(OC)=CC=2)C=CC=1,0.009553521405905485
C1(=C(F)C=CC=C1)C(=O)N(CCOC)CC1C=C(OS(=O)(=O)C2C=C(F)C(OC)=CC=2)C=CC=1,0.00918575651012361
C1(NC(=O)N(CCOC)CC2C=C(OS(=O)(=O)C3C=C(F)C(OC)=CC=3)C=CC=2)C=CC=CC=1OC,0.0064740122994408015
C(NC(=O)N(C(C)C)CC1C=C(OS(=O)(=O)C2C=CC=C(C=2)C(F)(F)F)C=CC=1)(C)C,0.005201631027739495
C(N(CC(C)C)CC1C=C(OS(=O)(=O)C2C=C(F)C(OC)=CC=2)C=CC=1)(CC(C)(C)C)=O,0.011035665404051542
C(N(CCOC)CC1C=C(OS(=O)(=O)C2C=C(F)C(OC)=CC=2)C=CC=1)(C)=O,0.008730955794453621
C(N(CCOC)CC1C=C(OS(=O)(=O)C2C=C(F)C(OC)=CC=2)C=CC=1)(=O)C1C=CC=C(F)C=1,0.008972923457622527
C1(=CC=CO1)C(=O)N(CC(C)C)CC1C=C(OS(=O)(=O)C2C=C(F)C(OC)=CC=2)C=CC=1,0.01062065432779491
C(NC(=O)N(C(C)C)CC1=C(OS(=O)(=O)C2=CC=C(C=C2)F)C=CC=C1)(C)(C)C,0.006165028456598521
C(N(CCOC)CC1C=C(OS(=O)(=O)C2C=C(F)C(OC)=CC=2)C=CC=1)(C(C)C)=O,0.009711815975606441
C(NC(=O)N(CC1=CC=CO1)CC1C=C(OS(=O)(=O)C2C=C(F)C(OC)=CC=2)C=CC=1)(C)(C)C,0.006764142331667245
C(N(CC(C)C)CC1C=C(OS(=O)(=O)C2C=C(F)C(OC)=CC=2)C=CC=1)(C)=O,0.009749916289001704
C(N(CC1=CC=CO1)CC1C=C(OS(=O)(=O)C2C=C(F)C(OC)=CC=2)C=CC=1)(C1CCC1)=O,0.010030601825565099
C(N(CCOC)CC1C=C(OS(=O)(=O)C2C=C(F)C(OC)=CC=2)C=CC=1)(C1CCC1)=O,0.009769914159551262
C(NC(=O)N(CC1=CC=CO1)CC1C=C(OS(=O)(=O)C2C=C(F)C(OC)=CC=2)C=CC=1)C,0.006220595701597631
C(NC(=O)N(CC(C)C)CC1C=C(OS(=O)(=O)C2C=C(F)C(OC)=CC=2)C=CC=1)(C)(C)C,0.007729920791462064
C(NC(=O)N(CC1=CC=CO1)CC1C=C(OS(=O)(=O)C2C=CC=C(C=2)C(F)(F)F)C=CC=1)(C)C,0.004869655333459377
C(N(CC(C)C)CC1C=C(OS(=O)(=O)C2C=C(F)C(OC)=CC=2)C=CC=1)(C(C)C)=O,0.010848334524780512
C1(=C(Cl)C=CC=C1)C(=O)N(CC1=CC=CO1)CC1C=C(OS(=O)(=O)C2C=C(F)C(OC)=CC=2)C=CC=1,0.008565293485298752
C1(=CC=CS1)C(=O)N(CCOC)CC1C=C(OS(=O)(=O)C2C=C(F)C(OC)=CC=2)C=CC=1,0.0072305665351450445
C(NC(=O)N(CC1=CC=CO1)CC1C=C(OS(=O)(=O)C2C=C(F)C(OC)=CC=2)C=CC=1)(C)C,0.006611728854477405
C(NC(=O)N(CC(C)C)CC1C=C(OS(=O)(=O)C2C=C(F)C(OC)=CC=2)C=CC=1)C,0.006970865745097398
C(NC(=O)N(CCOC)CC1=CC=CC(=C1)OS(C1C=CC=C(C=1)C(F)(F)F)(=O)=O)C,0.0046402977779507635
C(N(CC(C)C)CC1C=C(OS(=O)(=O)C2C=C(F)C(OC)=CC=2)C=CC=1)(C1CCC1)=O,0.010129421204328536
C(N(CC1=CC=CO1)CC1C=C(OS(=O)(=O)C2C=C(F)C(OC)=CC=2)C=CC=1)(CC(C)C)=O,0.010069136787205935
C1(=C(Cl)C=CC=C1)C(=O)N(CCOC)CC1C=C(OS(=O)(=O)C2C=C(F)C(OC)=CC=2)C=CC=1,0.008221857878379524
C(NC(=O)N(CCOC)CC1C=C(OS(=O)(=O)C2C=C(F)C(OC)=CC=2)C=CC=1)(C)(C)C,0.00650420633610338
C1(C(=O)N2CC(C(C3=CC=C(OC)C=C3)C2)C(=O)NC2CC2)C=CC=CC=1,0.009223093884065748
C1(C(=O)N2CC(C(C3=CC=C(OC)C=C3)C2)C(=O)NCC(C)C)C=CC=CC=1,0.009327830630354583
C1(C(=O)N2CC(C(C3=CC=C(OC)C=C3)C2)C(=O)NCCCOC)=CC=C(C=C1)OC,0.007611371064558625
C(C(=O)N1CC(C(C2=CC=C(OC)C=C2)C1)C(=O)NCC(C)C)C1C=CC=CC=1,0.009894220950081944
C1(C(=O)N2CC(C(C3=CC=C(OC)C=C3)C2)C(=O)NCCC(C)C)=CC=CO1,0.009603257244452833
C1(S(=O)(=O)N2CC(C(C3=CC=C(OC)C=C3)C2)C(=O)NCCCOC)=CC=C(C=C1)Cl,0.005135337356477976
C1(C(=O)N2CC(C(C3=CC=C(OC)C=C3)C2)C(=O)NCC(C)C)=CC=CC=C1C,0.009835922252386808
C1=CC(=CC(OC)=C1)C(=O)N1CC(C(C2=CC=C(OC)C=C2)C1)C(=O)NCC(C)C,0.009147942019626498
C1(C(=O)N2CC(C(C3=CC=C(OC)C=C3)C2)C(=O)NCC(C)C)=CC=CO1,0.009175703534856439
C(C(=O)N1CC(C(C2=CC=C(OC)C=C2)C1)C(=O)NCC(C)C)(C)C,0.010987360402941704
C1(C(=O)N2CC(C(C3=CC=C(OC)C=C3)C2)C(=O)NCC2=CC=CC=C2)CC1,0.00963553125038743
C1(=CC=CC=C1Cl)C(=O)N(C(C)C)CC1=CC(=CC=C1OS(=O)(=O)C1=CC=C(C=C1)F)Cl,0.007456188765354454
C(NC(=O)N(CC1CC1)CC1C=CC(OS(=O)(=O)C2C=CC(=CC=2)OC)=CC=1)(C)(C)C,0.007165217865258455
C(N(C(C)C)CC1=CC(=CC=C1OS(=O)(=O)C1=CC=C(C=C1)F)Cl)(CC(C)(C)C)=O,0.008697378542274236
C(NC(=O)N(CC1CC1)CC1C=CC(OS(=O)(=O)C2C=CC(=CC=2)OC)=CC=1)(C)C,0.0071905962191522125
C1(=CC=CC=C1F)C(=O)N(C(C)C)CC1=CC(=CC=C1OS(=O)(=O)C1=CC=C(C=C1)F)Cl,0.007604015409015119
C1(NC(=O)N(CC2CC2)CC2C=CC(OS(=O)(=O)C3C=CC(=CC=3)OC)=CC=2)C=CC=CC=1OC,0.006421882682479918
C1(=CC=CC=C1Cl)C(=O)N(C(C)CC)CC1=CC(=CC=C1OS(=O)(=O)C1=CC=C(C=C1)F)Cl,0.007536084856837988
C1(=CC=CC=C1F)C(=O)N(C(C)CC)CC1=CC(=CC=C1OS(=O)(=O)C1=CC=C(C=C1)F)Cl,0.007329185889102518
C(N(CC1CCCO1)CC1C=CC(OS(=O)(=O)C2C=CC(=CC=2)OC)=CC=1)(CC(C)C)=O,0.010592080419883132
C(NC(=O)N(CC1CCCO1)CC1C=CC(OS(=O)(=O)C2C=CC(=CC=2)OC)=CC=1)C,0.00617847703397274
C(NC(=O)N(CC1CCCO1)CC1C=CC(OS(=O)(=O)C2C=CC(=CC=2)OC)=CC=1)(C)C,0.006451209774240851
C1(=CC=CC=C1F)C(=O)N(CC1=CC=CO1)CC1=CC(=CC=C1OS(=O)(=O)C1=CC=C(C=C1)F)Cl,0.008247726177796722
C(NC(=O)N(CC1CC1)CC1C=C(OS(=O)(=O)C2=CC=C(C=C2)F)C=CC=1)(C)C,0.0058965043164789675
C1(NC(=O)N(CC2CCCO2)CC2C=CC(OS(=O)(=O)C3C=CC(=CC=3)OC)=CC=2)C=CC=CC=1OC,0.00570297371596098
C(C1COC2(CCCCC2)N1C(=O)C1=CC=CC(OC)=C1)(=O)NC1CC1,0.010924037592485548
C(C1COC2(CCN(CC2)C(=O)CC(C)C)N1C(=O)C1C=CC=C(C)C=1)(=O)NCCOC,0.008209400833584369
C(C1COC2(CCN(CC2)C(=O)C2=CC=C(C)C=C2)N1C(=O)C1C=CC=CC=1)(=O)NCC1=CC=CC=C1,0.007295638811774552
C(C1COC2(CCCCC2)N1C(C1=CC=C(C=C1)C(F)(F)F)=O)(=O)N1CCN(CC1)C(C)=O,0.007315051602199673
C(C1COC2(CCCCC2)N1C(=O)CC1=CC=CS1)(=O)NCC1=CC=C2OCOC2=C1,0.00785285069141537
C1(S(=O)(=O)N2CC(C(C3=CC(C(F)(F)F)=CC=C3)C2)C(=O)NCC2=CC=CC=C2)C=CC(=CC=1)OC,0.004556653636973352
C1=CC(=CC(OC)=C1)C(=O)N1CC(C(C2=CC=C(OC)C=C2)C1)C(=O)N1CCCC1,0.010891026491299272
C1(COC2C[C@](OCC3=CC=C(F)C=C3F)(C(NCC)=O)C[C@H]3OC(C)(C)O[C@H]32)=CC=C(C=C1)C,0.009063900006003678
C1(C(=O)N2CC(C(C3=CC(C(F)(F)F)=CC=C3)C2)C(=O)N(C)C(C)C)C=CC=C(Cl)C=1,0.007330556609667837
C1=C(C=CC=C1Cl)COC1C[C@](OCC2=CC=C(F)C=C2F)(C(NCC)=O)C[C@H]2OC(C)(C)O[C@H]21,0.007670783810317517
C1=CC(=CC(OC)=C1)C(=O)N1CC(C(C2=CC(C(F)(F)F)=CC=C2)C1)C(=O)NCC1=CC=CC=C1,0.005934226303361356
C1C(F)=C(C(F)=CC=1)COC1C[C@](OCC2=CC=CC(OC)=C2)(C(NCCOC)=O)C[C@H]2OC(C)(C)O[C@H]21,0.007436887035146356
O=C(CN1C2C(C(=O)N(C3C=CC=C(C)C=3C)C1=O)=CC(C)=CC=2)NC1C=CC(=CC=1)OC,0.005177242564968765
O=C(CN1C2C(C(=O)N(C3=CC=CC(F)=C3)C1=O)=CC(C)=CC=2)NCC1=CC=C(F)C=C1,0.004944505286403
O=C(CN1C2C(C(=O)N(C3C=CC=C(C)C=3C)C1=O)=CC(C)=CC=2)NC(C)C1=CC=CC=C1,0.006360666593536735
O=C(CN1C2C(C(=O)N(C3=CC=CC(F)=C3)C1=O)=CC(C)=CC=2)N1CCCC1,0.005401106434874237
O=C(CN1C2C(C(=O)N(C3C=CC=C(C)C=3C)C1=O)=CC(C)=CC=2)NC1C=CC=C(C)C=1,0.005556465592235327
O=C(CN1C2C(C(=O)N(C3C=CC(=CC=3)OCC)C1=O)=CC(C)=CC=2)NCC1C=CC=C(C=1)C(F)(F)F,0.0044330224394798275
O=C(CN1C2C(C(=O)N(C3C=CC=C(C)C=3C)C1=O)=CC(C)=CC=2)NCC1=CC=C(F)C=C1,0.005130258039571345
O=C(CN1C2C(C(=O)N(C3C=CC(=CC=3)OCC)C1=O)=CC(C)=CC=2)NC(C)C1=CC=CC=C1,0.005818875436671078
O=C(CN1C2C(C(=O)N(C3C=CC=C(C)C=3C)C1=O)=CC(C)=CC=2)N1CCCC1,0.007171095325611531
O=C(CN1C2C(C(=O)N(C3C=CC(=CC=3)OCC)C1=O)=CC(C)=CC=2)NCC1=CC=C(F)C=C1,0.005152810737490654
O=C(CN1C2C(C(=O)N(C3C=CC=C(C)C=3C)C1=O)=CC(C)=CC=2)NCC1C=CC=C(C=1)C(F)(F)F,0.004530217789579183
O=C(CN1C2C(C(=O)N(C3=CC=CC=C3CC)C1=O)=CC(C)=CC=2)NC1=CC=C(C=C1)F,0.004855493153445423
O=C(CN1C2C(C(=O)N(C3C=CC=C(C)C=3C)C1=O)=CC(C)=CC=2)NC1=CC=C(C=C1)F,0.004867070913314819
N1(C2=CC=C(Cl)C=C2)C(=O)C(C)N(C(NC2=CC=C(C)C=C2)=O)CC1,0.003907928016269579
C(N(CC1CCCO1)CC1=C(OS(=O)(=O)C2C=CC=C(C=2)C(F)(F)F)C=CC=C1)(CC(C)C)=O,0.0076787403319031
CC(=O)N(CC(C)C)CC1=CC=CC(=C1)OS(C1C=CC=C(C=1)C(F)(F)F)(=O)=O,0.007695280341431498
CC(=O)N(CC1=CC=CO1)CC1=CC=CC(=C1)OS(C1C=CC=C(C=1)C(F)(F)F)(=O)=O,0.007546286145225167
C(NC(=O)N(CC1CCCO1)CC1=CC(OS(=O)(=O)C2=CC=C(C=C2)F)=C(OC)C=C1)(C)C,0.006353096687234938
C(NC(=O)N(C(C)C)CC1=C(OS(=O)(=O)C2C=CC=C(C=2)C(F)(F)F)C=CC=C1)C,0.0052550374530255795
C1(=CC=CC=C1F)C(=O)N(C(C)CC)CC1C=CC(OS(C2=C(Cl)C=CC=C2C)(=O)=O)=CC=1,0.00875595435500145
C(N(C(C)C)CC1C=CC(OS(C2=C(Cl)C=CC=C2C)(=O)=O)=CC=1)(C1CCC1)=O,0.010655335197225214
C(N(C1CC1)CC1C=CC(OS(C2=C(Cl)C=CC=C2C)(=O)=O)=CC=1)(C)=O,0.008889745408669113
C(N(C1CC1)CC1C=CC(OS(C2=C(Cl)C=CC=C2C)(=O)=O)=CC=1)(COC)=O,0.009182093106210232
C1(=CC=CS1)C(=O)N(CC(C)C)CC1=C(OS(=O)(=O)C2C=CC=C(C=2)C(F)(F)F)C=CC=C1,0.007073495537042618
C(NC(=O)N(CC(C)C)CC1=C(OS(=O)(=O)C2C=CC=C(C=2)C(F)(F)F)C=CC=C1)C,0.005143292981665581
C(N(CC(C)C)CC1C=CC(OS(C2=C(Cl)C=CC=C2C)(=O)=O)=CC=1)(CC(C)C)=O,0.011324978526681661
C(N(C(C)C)CC1=C(OS(=O)(=O)C2C=CC=C(C=2)C(F)(F)F)C=CC=C1)(C1CCC1)=O,0.008742944756522774
C(NC(=O)N(C(C)C)CC1=C(OS(=O)(=O)C2C=CC=C(C=2)C(F)(F)F)C=CC=C1)(C)C,0.005374470993410796
C(N(C(C)CC)CC1C=CC(OS(C2=C(Cl)C=CC=C2C)(=O)=O)=CC=1)(=O)C1C=CC=C(F)C=1,0.008562551625072957
C1(=CC=CS1)C(=O)N(C(C)C)CC1C=CC(OS(C2=C(Cl)C=CC=C2C)(=O)=O)=CC=1,0.008301843656226993
C(N(C1CC1)CC1C=CC(OS(C2=C(Cl)C=CC=C2C)(=O)=O)=CC=1)(C(C)C)=O,0.010278735170140862
C(NC(=O)N(C1CC1)CC1C=CC(OS(C2=C(Cl)C=CC=C2C)(=O)=O)=CC=1)(C)(C)C,0.006165390252135694
C1(=CC=CC=C1Cl)C(=O)N(CC(C)C)CC1=C(OS(=O)(=O)C2C=CC=C(C=2)C(F)(F)F)C=CC=C1,0.007680612406693399
C(NC(=O)N(CC(C)C)CC1=C(OS(=O)(=O)C2C=CC=C(C=2)C(F)(F)F)C=CC=C1)(C)C,0.0055578542873263356
C(N(CC(C)C)CC1C=CC(OS(C2=C(Cl)C=CC=C2C)(=O)=O)=CC=1)(CC(C)(C)C)=O,0.01138255507685244
C1(=CC=CS1)C(=O)N(C(C)C)CC1=C(OS(=O)(=O)C2C=CC=C(C=2)C(F)(F)F)C=CC=C1,0.006686002016067505
C(N(C(C)CC)CC1C=CC(OS(C2=C(Cl)C=CC=C2C)(=O)=O)=CC=1)(C(C)C)=O,0.011518694180995225
C(NC(=O)N(C(C)CC)CC1C=CC(OS(C2=C(Cl)C=CC=C2C)(=O)=O)=CC=1)(C)(C)C,0.006635769247077405
C(N(C(C)C)CC1C=CC(OS(C2=C(Cl)C=CC=C2C)(=O)=O)=CC=1)(CC(C)C)=O,0.01113841449841857
C(N(C1CC1)CC1C=CC(OS(C2=C(Cl)C=CC=C2C)(=O)=O)=CC=1)(C1CCC1)=O,0.010732480185106396
C(NC(=O)N(C1CC1)CC1C=CC(OS(C2=C(Cl)C=CC=C2C)(=O)=O)=CC=1)C,0.0055685380939394236
C(N(CC(C)C)CC1=C(OS(=O)(=O)C2C=CC=C(C=2)C(F)(F)F)C=CC=C1)(CC(C)C)=O,0.008483894285745919
C(N(C(C)C)CC1=CC(OS(=O)(=O)C2C=CC(=CC=2)OC)=C(OC)C=C1)(COC)=O,0.011228641681373119
C1(=CC=CC=C1F)C(=O)N(CC(C)C)CC1C=CC(OS(C2=C(Cl)C=CC=C2C)(=O)=O)=CC=1,0.009283739514648915
C(N(C(C)C)CC1=C(OS(=O)(=O)C2C=CC=C(C=2)C(F)(F)F)C=CC=C1)(CC(C)C)=O,0.00882353475317359
C(N(C(C)CC)CC1C=CC(OS(C2=C(Cl)C=CC=C2C)(=O)=O)=CC=1)(C1CCC1)=O,0.011084738466888667
C(NC(=O)N(C(C)CC)CC1C=CC(OS(C2=C(Cl)C=CC=C2C)(=O)=O)=CC=1)C,0.006026731035672128
C(N(C(C)C)CC1C=CC(OS(C2=C(Cl)C=CC=C2C)(=O)=O)=CC=1)(CC(C)(C)C)=O,0.011415928229689598
C1(=CC=CS1)C(=O)N(C1CC1)CC1C=CC(OS(C2=C(Cl)C=CC=C2C)(=O)=O)=CC=1,0.007893829350359738
C(NC(=O)N(C1CC1)CC1C=CC(OS(C2=C(Cl)C=CC=C2C)(=O)=O)=CC=1)(C)C,0.005990336369723082
C(N(CC(C)C)CC1=C(OS(=O)(=O)C2C=CC=C(C=2)C(F)(F)F)C=CC=C1)(CC(C)(C)C)=O,0.008962599257938565
C1(=CC=CO1)C(=O)N(CC(C)C)CC1C=CC(OS(C2=C(Cl)C=CC=C2C)(=O)=O)=CC=1,0.011585893947631121
C(N(CC(C)C)CC1C=CC(OS(C2=C(Cl)C=CC=C2C)(=O)=O)=CC=1)(=O)C1C=CC=C(F)C=1,0.008962412923574447
C(N(C(C)C)CC1=C(OS(=O)(=O)C2C=CC=C(C=2)C(F)(F)F)C=CC=C1)(CC(C)(C)C)=O,0.009168155840598047
C(NC(=O)N(C(C)CC)CC1C=CC(OS(C2=C(Cl)C=CC=C2C)(=O)=O)=CC=1)(C)C,0.006517973728477955
C1(=CC=CC=C1F)C(=O)N(C(C)C)CC1C=CC(OS(C2=C(Cl)C=CC=C2C)(=O)=O)=CC=1,0.008722021942958236
C1(=CC=CC=C1Cl)C(=O)N(C1CC1)CC1C=CC(OS(C2=C(Cl)C=CC=C2C)(=O)=O)=CC=1,0.010140366991981864
C1(NC(=O)N(C2CC2)CC2C=CC(OS(C3=C(Cl)C=CC=C3C)(=O)=O)=CC=2)C=CC=CC=1OC,0.0055528836324810985
C1(=CC=CC=C1F)C(=O)N(CC(C)C)CC1=C(OS(=O)(=O)C2C=CC=C(C=2)C(F)(F)F)C=CC=C1,0.007985495170578361
C(N(CC(C)C)CC1C=CC(OS(C2=C(Cl)C=CC=C2C)(=O)=O)=CC=1)(C(C)C)=O,0.011021298915147781
C(N(CC(C)C)CC1C=CC(OS(C2=C(Cl)C=CC=C2C)(=O)=O)=CC=1)(COC)=O,0.009479927411302925
C(N(CC1CCCO1)CC1=CC(OS(=O)(=O)C2=CC=C(C=C2)F)=C(OC)C=C1)(CC(C)C)=O,0.009545818320475519
C1(=CC=CC=C1F)C(=O)N(C(C)C)CC1=C(OS(=O)(=O)C2C=CC=C(C=2)C(F)(F)F)C=CC=C1,0.0074492695042863485
C1(=CC=CC=C1Cl)C(=O)N(C(C)CC)CC1C=CC(OS(C2=C(Cl)C=CC=C2C)(=O)=O)=CC=1,0.010421693418174982
C1(NC(=O)N(C(C)CC)CC2C=CC(OS(C3=C(Cl)C=CC=C3C)(=O)=O)=CC=2)C=CC=CC=1OC,0.0058839676319621505
C(N(C(C)C)CC1C=CC(OS(C2=C(Cl)C=CC=C2C)(=O)=O)=CC=1)(COC)=O,0.009389953687787056
C(N(C1CC1)CC1C=CC(OS(C2=C(Cl)C=CC=C2C)(=O)=O)=CC=1)(CC(C)C)=O,0.010374859254807235
C1(=CC=CO1)C(=O)N(CC(C)C)CC1=C(OS(=O)(=O)C2C=CC=C(C=2)C(F)(F)F)C=CC=C1,0.00961662302725017
C(N(CC(C)C)CC1=C(OS(=O)(=O)C2C=CC=C(C=2)C(F)(F)F)C=CC=C1)(=O)C1C=CC=C(F)C=1,0.0075406926218420265
C(N(CC(C)C)CC1C=CC(OS(C2=C(Cl)C=CC=C2C)(=O)=O)=CC=1)(C1CCC1)=O,0.010679282480850816
C(NC(=O)N(CC(C)C)CC1C=CC(OS(C2=C(Cl)C=CC=C2C)(=O)=O)=CC=1)(C)(C)C,0.0067927111638709904
C1(=CC=CC=C1F)C(=O)N(CC1CCCO1)CC1=CC(OS(=O)(=O)C2=CC=C(C=C2)F)=C(OC)C=C1,0.008429350680671632
C(N(C(C)C)CC1=C(OS(=O)(=O)C2C=CC=C(C=2)C(F)(F)F)C=CC=C1)(=O)C1C=CC=C(F)C=1,0.0073016350856050845
C(N(C(C)CC)CC1C=CC(OS(C2=C(Cl)C=CC=C2C)(=O)=O)=CC=1)(CC(C)C)=O,0.011435676505789161
C1(=CC=CO1)C(=O)N(C(C)C)CC1C=CC(OS(C2=C(Cl)C=CC=C2C)(=O)=O)=CC=1,0.010990784736350179
C(NC(=O)N(C(C)C)CC1C=CC(OS(C2=C(Cl)C=CC=C2C)(=O)=O)=CC=1)(C)(C)C,0.006462309090420604
C(N(C1CC1)CC1C=CC(OS(C2=C(Cl)C=CC=C2C)(=O)=O)=CC=1)(CC(C)(C)C)=O,0.010841249674558639
C(N(CC(C)C)CC1=C(OS(=O)(=O)C2C=CC=C(C=2)C(F)(F)F)C=CC=C1)(C(C)C)=O,0.00893104770220816
C(N(CC(C)C)CC1=C(OS(=O)(=O)C2C=CC=C(C=2)C(F)(F)F)C=CC=C1)(COC)=O,0.007836597342975437
C1(=CC=CS1)C(=O)N(CC(C)C)CC1C=CC(OS(C2=C(Cl)C=CC=C2C)(=O)=O)=CC=1,0.008760908572003245
C(NC(=O)N(CC(C)C)CC1C=CC(OS(C2=C(Cl)C=CC=C2C)(=O)=O)=CC=1)C,0.006169927259907127
C(NC(=O)N(CC1CCCO1)CC1=CC(OS(=O)(=O)C2=CC=C(C=C2)F)=C(OC)C=C1)C,0.006096845841966569
C(NC(=O)N(C(C)C)CC1=C(OS(=O)(=O)C2C=CC=C(C=2)C(F)(F)F)C=CC=C1)(C)(C)C,0.00560591269750148
C(N(C(C)CC)CC1C=CC(OS(C2=C(Cl)C=CC=C2C)(=O)=O)=CC=1)(CC(C)(C)C)=O,0.011688815848901867
C(N(C(C)C)CC1C=CC(OS(C2=C(Cl)C=CC=C2C)(=O)=O)=CC=1)(C(C)C)=O,0.01114188702777028
C(NC(=O)N(C(C)C)CC1C=CC(OS(C2=C(Cl)C=CC=C2C)(=O)=O)=CC=1)(C)C,0.006275445059873164
C(N(C1CC1)CC1C=CC(OS(C2=C(Cl)C=CC=C2C)(=O)=O)=CC=1)(=O)C1C=CC=C(F)C=1,0.008282390632666647
C(N(CC(C)C)CC1=C(OS(=O)(=O)C2C=CC=C(C=2)C(F)(F)F)C=CC=C1)(C1CCC1)=O,0.008225339255295694
C(NC(=O)N(CC(C)C)CC1=C(OS(=O)(=O)C2C=CC=C(C=2)C(F)(F)F)C=CC=C1)(C)(C)C,0.0057609219336882235
C1(=CC=CC=C1Cl)C(=O)N(CC(C)C)CC1C=CC(OS(C2=C(Cl)C=CC=C2C)(=O)=O)=CC=1,0.010173150803893805
C(NC(=O)N(CC(C)C)CC1C=CC(OS(C2=C(Cl)C=CC=C2C)(=O)=O)=CC=1)(C)C,0.0065967211266979575
C1(COC2C[C@](OCC3=CC=C(C=C3)F)(C(NCCOC)=O)C[C@H]3OC(C)(C)O[C@H]32)C=CC=CC=1,0.00750336314085871
[C@H]1(O)[C@H](C(C[C@](OCC2C=CC=C(C)C=2)(C(NCC2CC2)=O)C1)OCC1=CC=C(F)C=C1F)O,0.004735366595014057
[C@H]1(O)[C@H](C(C[C@](OCC2C=CC=C(C)C=2)(C(NCC2CC2)=O)C1)OCC1=CC=C(F)C(F)=C1)O,0.005077949495171197
O=C(C1SC2=CC(C(F)(F)F)=CC=C2C=1Cl)NCC1=CC=CC(C(F)(F)F)=C1F,0.0037944355281069875
O=C(C1=C(Cl)C2=C3C=CC=CC3=CC=C2S1)NCC1=CC=CC(OC(F)F)=C1,0.004069914435967803
N(CC1CC2=CC(C(C)(C)C)=CC=C2O1)C(C1C=CC=C(F)C=1)=O,0.008526824042201042
N(CC1CC2=CC(OC)=CC=C2O1)C(C1C=CC(C(C)(C)C)=CC=1)=O,0.011105108354240657
N(CC1CC2=CC(F)=CC=C2O1)C(C1C=CC(OCCCC)=CC=1)=O,0.006843478116206825
N(CC1CC2=CC(C(=O)OC)=CC=C2O1)C(C1C=CC=CC=1C)=O,0.007025642669759691
C(C1=CC(CN2C(=O)COC3C2=CC(=CC=3)C)=CC=C1)(=O)NCC1=CC=C(F)C=C1,0.007498375489376485
N(CC1CC2=CC(C(C)(C)C)=CC=C2O1)C(C1C=CC=C(OC)C=1)=O,0.011140530556440353
N1(CC=C)C(=O)NC(C2C(=O)N(CC3=CC=CC=C3)CC1=2)C1=CC=C(C=C1)F,0.005508142407052219
C1=CC(=CC(OC)=C1)C(=O)N1CC(C(C2=CC=CC=C2C)C1)C(=O)N1CCOCC1,0.01047688671387732
N(CC1CC2=CC(C(C)(C)C)=CC=C2O1)C(C1C=CC=CC=1F)=O,0.009461519494652747
N(CC1CC2=CC(C(C)(C)C)=CC=C2O1)C(C1C=CC(OC)=C(OC)C=1)=O,0.012239927798509598
N(CC1CC2=CC(C(C)(C)C)=CC=C2O1)C(C1C=CC(OC)=CC=1)=O,0.011608877824619413
N(CC1CC2=CC(OC)=CC=C2O1)C(C1C=CC=CC=1C)=O,0.009428718267008663
C(C1COC2(CCCCC2)N1C(=O)CC1=CC=CS1)(=O)NCC(C)C,0.010638110246509314
C(C1COC2(CCCCC2)N1C(=O)CCC)(=O)NCC1=CC=C2OCOC2=C1,0.010870537580922246
C1(C(=O)N(CC)CCN2C(=O)C(C)SC2C2=CC=C(C=C2)C(C)(C)C)=CC=CC=C1Cl,0.010754599655047058
C(C1COC2(CCCCC2)N1C(=O)C1=CC=CC=C1C)(=O)NCC1=CC=C2OCOC2=C1,0.009065123368054628
C1(C(=O)N(CC)CCN2C(=O)C(C)SC2C2C=CC(F)=CC=2F)C=CC=C(F)C=1,0.0075705042108893394
C(C1COC2(CCCCC2)N1C(=O)CC1=CC=CS1)(=O)NC1CC1,0.010702040558680893
N(C(C1COC2(CCN(CC2)C(=O)CC2=CC=CS2)N1C(=O)C1=CC=CC=C1C)=O)CC(C)C,0.007173868827521801
C1(=CC=CC=C1)CNC(C1COC2(CCN(CC2)C(CC(C)(C)C)=O)N1C(=O)C1=CC=CO1)=O,0.00893024557735771
O1CCCC1CNC(C1COC2(CCN(CC2)C(=O)CC(C)C)N1C(=O)C1=CC=CC(OC)=C1)=O,0.008762353658676147
C1(NC(=O)N(C)CCN2C(=O)CSC2C2=CC=CC=C2Cl)C=CC=CC=1OC,0.004122415359597653
C(NC(C1COC2(CCN(CC2)C(=O)C2=CC=CS2)N1C(=O)C1=CC=CC=C1C)=O)(C)CC,0.00682972555514425
C(NC(=O)N1CC(C(C2=CC=C(OC)C=C2OC)C1)C(=O)NCC1=CC2OCOC=2C=C1)C,0.005535241239704192
C1(C(=O)N2CC(C(C3=CC=CC(OC)=C3)C2)C(=O)NCC2=CC=CC=C2)=CC=CC=C1C,0.00892182623501867
C1(C(=O)N2CC(C(C3=CC=CC(OC)=C3)C2)C(=O)N(CC2=CC=CC=C2)C)=CC=CO1,0.010380941303446889
C(C(=O)N1CC(C(C2=CC=C(OC)C=C2)C1)C(=O)NCC1=CC=C(F)C=C1)(C)C,0.007954726950265468
C1=CC(=CC(OC)=C1)C(=O)N1CC(C(C2=CC=CC(OC)=C2)C1)C(=O)NCC1=CC=CC=C1,0.008019158523529768
C(C(=O)N1CC(C(C2=CC=CC(OC)=C2)C1)C(=O)N(CC1=CC=CC=C1)C)(C)C,0.011556161660701036
C1(C(=O)N2CC(C(C3=CC(OC)=C(OC)C(OC)=C3)C2)C(=O)N2CCCCC2)C=CC=CC=1,0.010676710121333598
C1(C(=O)N2CC(C(C3=CC(OC)=C(OC)C(OC)=C3)C2)C(=O)N2CCCCC2)=CC=C(C)C=C1,0.011121830157935619
C1=CC(=CC2OCOC1=2)C(=O)N1CC(C(C2=CC(OC)=C(OC)C(OC)=C2)C1)C(=O)NC(C)C,0.010571275628171862
C1=CC(=CC2OCOC1=2)C(=O)N1CC(C(C2=CC(OC)=CC=C2OC)C1)C(=O)NCC(C)C,0.009374509076587855
C1(C(=O)N2CC(C(C3=CC=C(C)C=C3)C2)C(=O)N2CCCC2)C=CC(=CC=1)Cl,0.012151986733078957
C1(C(=O)N2CC(C(C3=CC(OC)=C(OC)C(OC)=C3)C2)C(=O)N(CC)C)CC1,0.013463399466127157
C1(C(=O)N2CC(C(C3=CC(OC)=CC=C3OC)C2)C(=O)NCC2=CC=CC=C2)C=CC=CC=1,0.008041904913261533
C1(C(=O)N2CC(C(C3=CC=CC(OC)=C3)C2)C(=O)NCC2=CC=CC=C2)C=CC=CC=1,0.008571048802696168
C1(C(=O)N2CC(C(C3=CC(OC)=C(OC)C(OC)=C3)C2)C(=O)N2CCCCC2)=CC=CC=C1C,0.011138892825692892
C(C(=O)N1CC(C(C2=CC=C(OC)C=C2OC)C1)C(=O)NC1CC1)(C)C,0.01002273578196764
C1=CC(=CC(OC)=C1)C(=O)N1CC(C(C2=CC=C(OC)C=C2)C1)C(=O)N1CCOCC1,0.00959508668165654
C1(C(=O)N2CC(C(C3=CC=C(C)C=C3)C2)C(=O)NCC2CC2)=CC=C(C)C=C1,0.011346827447414397
C1(C(=O)N2CC(C(C3=CC(OC)=CC=C3OC)C2)C(=O)N2CCOCC2)=CC=C(C=C1)OC,0.009836389007978142
C1C=C(C(C)=C(C)C=1)OCC1N(C)C(=O)NC(C2=CC(OC)=CC(OC)=C2)C=1C(OCC)=O,0.007637563929893077
C1(=CC=CC=C1F)C(=O)N(CC1=CC=CO1)CC1=CC(OS(=O)(=O)C2=CC=C(C=C2)NC(C)=O)=C(OC)C=C1,0.0067246970254927875
C(C(=O)N(CC(C)C)CC(=O)N1CC(=O)N(C2C=CC(Cl)=CC=2)C1)=CC1C=CC=CC=1,0.00954322365578264
N(CC(C)C)(C(NC(C)(C)C)=O)CC1=CC(=C(OC)C=C1)OS(=O)(=O)CC,0.009045559260994197
C(C1=CC=C(CN2C(=O)COC3C2=CC(=CC=3)C(C)=O)C=C1)(NC(C)CC)=O,0.012380910292267799
C(C1=CC(OS(=O)(=O)C(C)C)=C(OC)C=C1)N(C(NC(C)C)=O)CC(C)C,0.009602257888764143
C(C1=CC(OS(=O)(=O)C(C)C)=C(OC)C=C1)N(C(NCC)=O)CC1CCCO1,0.007724508992396295
C1=C(C=CC=C1NC(=O)N(CC(C)C)CC(N(CC1=CC=C2OCOC2=C1)CC1SC=CC=1C)=O)Cl,0.004612823761999607
C(NC(=O)N(C(C)C)CC1C=C(OS(=O)(=O)C(C)C)C=CC=1)(C)(C)C,0.007524242531508208
C(NC(=O)N(C(C)CC)CC1C=C(OS(=O)(=O)CC)C=CC=1)(C)C,0.007023573364131152
C(NC(=O)N(CCOC)CC1C=CC(OS(=O)(=O)C(C)C)=CC=1)(C)(C)C,0.006670592469163239
C(NC(=O)N(C(CC)C)CC(N(CC1=CC=C(F)C=C1)CC1=CC=C(C)S1)=O)(C)(C)C,0.0058727307012304665
C(NC(=O)N(C(C)C)CC1C=C(OS(=O)(=O)C(C)C)C=CC=1)C,0.006394004030153155
C(NC(=O)N(CC1CCCO1)CC1C=C(OS(=O)(=O)CC)C=CC=1)C,0.005699519580230117
C(NC(=O)N(CC(C)C)CC1C=CC(OS(=O)(=O)C(C)C)=CC=1)(C)(C)C,0.008260589558631182
C1(C(=O)N(C(C)C)CC(=O)N2CC(=O)N(C3C=CC(Cl)=CC=3)C2)=CC=CC2C=CC=CC1=2,0.007651166385039687
C1=C(C=CC=C1NC(=O)N(CCCC)CC(N(CC1=CC=C2OCOC2=C1)CC1SC=CC=1C)=O)F,0.004451793932821602
N(CC1=CC=CO1)(C(NCC)=O)CC1=CC=CC(=C1)OS(=O)(=O)CC,0.005567954014986753
C(NC(=O)N(CC(C)C)CC1C=CC(OS(=O)(=O)C(C)C)=CC=1)C,0.0073986828560009595
N(C(C)CC)(C(NCC)=O)CC1=CC(=C(OC)C=C1)OS(=O)(=O)CC,0.00809565670788288
C(NC(=O)N(CC(C)C)CC1C=C(OS(=O)(=O)C(C)C)C=CC=1)(C)(C)C,0.007963671139441431
C(NC(=O)N(CC1=CC=CO1)CC1C=C(OS(=O)(=O)CC)C=CC=1)(C)C,0.006288316310383379
C(N(CC1=CC=CO1)CC1C=CC(OS(=O)(=O)C2C=CC(=CC=2)OC)=CC=1)(C)=O,0.01061402470804751
C(NC(=O)N(CC1CCCO1)CC1=CC(OS(=O)(=O)CC)=C(OC)C=C1)C,0.007382651092484593
C(C1=CC(OS(=O)(=O)C(C)C)=C(OC)C=C1)N(C(NC(C)(C)C)=O)C1CC1,0.008351643709465862
C1(C(=O)N(C2CC2)CC(=O)N2CC(=O)N(C3C=CC(OC)=CC=3)C2)=CC=C(CC)C=C1,0.010170083865523339
C(NC(=O)N(CC1CCCO1)CC1=CC(OS(=O)(=O)CC)=C(OC)C=C1)(C)C,0.0077112569008022545
C(C1=CC(OS(=O)(=O)C(C)C)=C(OC)C=C1)N(C(NCC)=O)CC(C)C,0.008842034870758653
C(C1=CC(OS(=O)(=O)C)=C(OC)C=C1)N(C(NC(C)C)=O)CC1CCCO1,0.007136565400287509
C(C(=O)N1CC(SC21C(=O)N(CC1=C(C)C=CC=C1)C1C2=CC=CC=1)(C)C)(C)C,0.012853149371221662
CC(=O)N(C(C)(C)C)CC(=O)N1CCC2SC=CC=2C1COC1=CC=C(C(C)C)C=C1,0.011738461954519153
C1(C(=O)N2CC(SC32C(=O)N(CC2C=CC=CC=2)C2C3=CC=CC=2)(C)C)=CC=C(C=C1)OC,0.009583336440846324
CC(=O)N(C(C)(C)C)CC(=O)N1CCC2SC=CC=2C1COC1=CC=C(C)C=C1C,0.011396972462534904
C(NC(=O)N(C1CC1)CC(=O)N1CCC2SC=CC=2C1COC1=CC(F)=CC=C1)(C)(C)C,0.005119807133451104
C1(C(=O)N2CC(SC32C(=O)N(CC2=C(C)C=CC=C2)C2C3=CC=CC=2)(C)C)CCC1,0.011655196640640497
CC(=O)N(C(C)C)CC(=O)N1CCC2SC=CC=2C1COC1=CC=C(C(C)C)C=C1,0.011536188237369061
C1=CC(=CC(OC)=C1)C(=O)N1CC(SC21C(=O)N(CC1C=CC=CC=1)C1C2=CC=CC=1)(C)C,0.009512403002008795
C1(C(=O)N2CCSC32C(=O)N(CC2C=CC=C(F)C=2)C2C3=CC(=CC=2)C)SC=CC=1,0.007210983708500862
C(C(=O)N(C(C)(C)C)CC(=O)N1CCC2SC=CC=2C1COC1=CC=C(C)C=C1C)(C)C,0.012944937450811267
C1(C(=O)N2CCSC32C(=O)N(CC2C=CC=CC=2)C2C3=CC=CC=2)=C(F)C=CC=C1,0.00850062626414001
C(C(=O)N1CC(SC21C(=O)N(CC1=C(C)C=CC=C1)C1C2=CC=CC=1)(C)C)C,0.011545810615643859
C(C(=O)N(C1CC1)CC(=O)N1CCC2SC=CC=2C1COC1C=CC=CC=1C)(C)C,0.011542253568768502
C1(C(=O)N2CC(C)(SC32C(=O)N(CC2C=CC=CC=2)C2C3=CC(=CC=2)C)C)CC1,0.011389981117099523
C1(C(=O)N2CC(C)(SC32C(=O)N(CC)C2C3=CC(=CC=2)F)C)=CC=C(C)C=C1,0.009196666302159429
C1(C(=O)N2CCSC32C(=O)N(CC2C=CC=C(F)C=2)C2C3=CC(=CC=2)C)C=CC=CC=1,0.007685415889136493
C(C(=O)N(C(C)(C)C)CC(=O)N1CCC2SC=CC=2C1COC1=CC=C(C)C=C1C)C,0.011735100438818336
C1(C(=O)N2CCSC32C(=O)N(CC2C=CC=CC=2)C2C3=CC=CC=2)C=CC=C(F)C=1,0.008002643729560078
C(C(=O)N1CC(SC21C(=O)N(CC1=CC=C(C=C1)F)C1C2=CC=CC=1)(C)C)(C)C,0.0095785366371274
C1(C(=O)N(C2CC2)CC(=O)N2CCC3SC=CC=3C2COC2C=CC=CC=2C)=CC=CS1,0.010004907334223389
C1(C(=O)N2CCSC32C(=O)N(CC2=C(C)C=CC=C2)C2C3=CC=CC=2)C=CC=C(F)C=1,0.00826129571069032
C1(C(=O)N2CCSC32C(=O)N(CC2C=CC=CC=2)C2C3=CC(=CC=2)OC)C=CC=C(Cl)C=1,0.007325229188427329
C1(C(=O)N2CCSC32C(=O)N(CC2C=CC=CC=2)C2C3=CC=CC=2)=CC=C(C=C1)F,0.00805332832969725
C(C(=O)N(C1CC1)CC(=O)N1CCC2SC=CC=2C1COC1=CC=C(C)C=C1C)(C)C,0.011867412645369769
C1(C(=O)N2CCSC32C(=O)N(CC2C=CC=CC=2)C2C3=CC=CC=2)C=CC(=CC=1)Cl,0.008182358369231224
C1(C(=O)N2CC(SC32C(=O)N(CC2=CC=C(C=C2)F)C2C3=CC=CC=2)(C)C)CC1,0.009154295548796654
C1=CC(=CC(OC)=C1)C(=O)N1CCSC21C(=O)N(CC1=C(C)C=CC=C1)C1C2=CC=CC=1,0.009154514665715397
C1(C(=O)N2CCSC32C(=O)N(CC2=C(Cl)C=CC=C2)C2C3=CC=CC=2)SC=CC=1,0.007788741146214306
C(C(=O)N(CC)CC(=O)N1CCC2SC=CC=2C1COC1=CC=C(C)C=C1C)(C)C,0.012519201496616006
C(C(=O)N(C1CC1)CC(=O)N1CCC2SC=CC=2C1COC1=CC=C(C)C=C1C)C,0.01076530572026968
C1(C(=O)N2CCSC32C(=O)N(CC2=CC=C(C=C2)F)C2C3=CC=CC=2)=CC=C(C)C=C1,0.007820551702752709
C1(C(=O)N(C2CC2)CC(=O)N2CCC3SC=CC=3C2COC2C=CC=CC=2C)=CC=C(C)C=C1,0.009654115466400982
C(C(=O)N1CC(SC21C(=O)N(CC1C=CC=CC=1)C1C2=CC=CC=1)(C)C)(C)C,0.012258938886225224
C1=CC(=CC(OC)=C1)C(=O)N1CCSC21C(=O)N(CC1=C(Cl)C=CC=C1)C1C2=CC=CC=1,0.007510191365145147
C1(C(=O)N(CC)CC(=O)N2CCC3SC=CC=3C2COC2=CC=C(C)C=C2C)C=CC=CC=1,0.00992310680449009
C1(C(=O)N(C2CC2)CC(=O)N2CCC3SC=CC=3C2COC2=CC=C(C)C=C2C)C=CC=CC=1,0.009611479425802826
C1=CC(=CC(OC)=C1)C(=O)N1CCSC21C(=O)N(CC1=CC=C(C=C1)F)C1C2=CC=CC=1,0.007029684516601265
C1(C(=O)N(C(C)C)CC(=O)N2CCC3SC=CC=3C2COC2C=CC=CC=2C)=CC=CO1,0.010439808294177056
C1(C(=O)N2CC(SC32C(=O)N(CC2C=CC=CC=2)C2C3=CC=CC=2)(C)C)CCC1,0.011310263630002737
CC(=O)N(CC1CCCO1)CC(=O)N1CCC2SC=CC=2C1COC1=CC=C(C)C=C1C,0.00968601475469768
C(NC(=O)N(C(C)(C)C)CC(=O)N1CCC2SC=CC=2C1COC1=CC=C(F)C=C1)C,0.005079455766826868
C1(C(=O)N(C(C)C)CC(=O)N2CCC3SC=CC=3C2COC2C=CC=CC=2C)C=CC=CC=1,0.009847647324204446
C1(C(=O)N2CC(SC32C(=O)N(CC2C=CC=CC=2)C2C3=CC=CC=2)(C)C)SC=CC=1,0.010752037167549133
C1(C(=O)N2CCSC32C(=O)N(CC2C=CC=CC=2)C2C3=CC(=CC=2)Cl)=CC=C(C=C1)OC,0.007391328341327608
C1(C(=O)N(C(C)(C)C)CC(=O)N2CCC3SC=CC=3C2COC2=CC=C(C)C=C2C)=CC=CO1,0.010934909665957093
C(NC(=O)N(C(C)(C)C)CC(=O)N1CCC2SC=CC=2C1COC1=CC=C(F)C=C1)(C)C,0.00543289550114423
C(C(=O)N(C1CCCCC1)CC(N(CC1=CC=C2OCOC2=C1)CC1SC=CC=1C)=O)C1C=CC=CC=1,0.009496497735381127
C(NC(=O)N(C1CC1)CC1=CC(OS(=O)(=O)CC)=C(OC)C=C1)(C)C,0.007872228254564106
C(NC(=O)N(CCOC)CC1C=C(OS(=O)(=O)C(C)C)C=CC=1)(C)(C)C,0.006494815298356116
C(N(C(C)CC)CC1C=C(OS(=O)(=O)C2=CC=C(C=C2)NC(C)=O)C=CC=1)(=O)C1C=CC=C(F)C=1,0.005911747040227055
N(C(C)C)(C(NCC)=O)CC1C=CC(=CC=1)OS(=O)(=O)C,0.005091430875472725
C(C(=O)N(C1CCCCC1)CC(N(CC1=CC=C2OCOC2=C1)CC1SC=CC=1C)=O)CC1C=CC=CC=1,0.009463205048814417
C(NC(=O)N(C(C)C)CC1=CC(OS(=O)(=O)CC)=C(OC)C=C1)(C)C,0.008300558920018375
C1(C(=O)N(C2CCCCC2)CC(N(CC2=CC=C3OCOC3=C2)CC2SC=CC=2C)=O)C=CC=CC=1F,0.007564386422745884
C(NC(=O)N(CC(C)C)CC1C=C(OS(=O)(=O)C(C)C)C=CC=1)C,0.006993405241519213
C1(=C(F)C=CC=C1)C(=O)N(C(C)CC)CC1C=C(OS(=O)(=O)C2=CC=C(C=C2)NC(C)=O)C=CC=1,0.006098402827046811
C(N(CC1=CC=CO1)CC1=CC(OS(=O)(=O)C2=CC=C(C=C2)NC(C)=O)=C(OC)C=C1)(=O)C1C=CC=C(F)C=1,0.00654500441160053
C1(C(=O)N2CCC(C(NC(=O)C3=CC=C(C=C3)OC)C(NC(C)CC)=O)CC2)SC=CC=1,0.006602233741432428
C1(C(=O)NC2=CC=CC(=C2)C2=CC3=C(CCN(C3)C(C3C=CC(=CC=3)C(F)(F)F)=O)O2)=CC=CC2C=CC=CC1=2,0.005395214864984154
C(C(=O)NC1C=CC(=CC=1)C1=CC2=C(CCN(C2)C(C2C=CC(=CC=2)C(F)(F)F)=O)O1)CCC,0.005978747014887631
C(C(=O)NC1C=CC(=CC=1)N1CCCN(CC2C=C(F)C=C(F)C=2)C1=O)C1=CC=CS1,0.0036291091702878473
C1=C(C=CC=C1NC(=O)NC1=C(C=CC(C)=C1)N1CCCN(CC2=CC(C)=CC(C)=C2)C1=O)Cl,0.005590876727364957
N(CC1=CC=C(F)C=C1)C(CN1C2C(C(=O)N(C3C=CC(=CC=3)OC)C1=O)=CC=C(C=2)Cl)=O,0.004731207725126296
C(CCN1C(=O)CSC1C1=CC=CC=C1F)(NC1CC1)=O,0.006010790378786624
N(CC1C=CC=C(C=1)C(F)(F)F)C(CN1C2C(C(=O)N(C3C=CC(C)=C(C)C=3)C1=O)=CC=C(C=2)Cl)=O,0.004062109056394547
N(C1C=CC(=CC=1)OC)C(CN1C2C(C(=O)N(C3C=CC(F)=C(Cl)C=3)C1=O)=CC=CC=2)=O,0.0047430426348000765
C1(C(=O)NC2C=CC(=CC=2)N2CCCN(CC3=CC(F)=C(F)C=C3)C2=O)C=CC=CC=1Cl,0.005211962026078254
N(C1=CC=C(C=C1)F)C(CN1C2C(C(=O)N(C3C=CC(C)=C(C)C=3)C1=O)=CC=C(C=2)Cl)=O,0.004376456676982343
C1(C(=O)N2CCC(C(NC(C3=CC(OC)=CC=C3)=O)C(NCC(C)C)=O)CC2)C=C(C)C=CC=1,0.008141860621981323
N(CC1=CC=C(F)C=C1)C(CN1C2C(C(=O)N(C3C=CC(C)=C(C)C=3)C1=O)=CC=C(C=2)Cl)=O,0.0045442889095284045
C(C(=O)N1CCC(C(NC(C2=CC(OC)=CC=C2)=O)C(NCCOC)=O)CC1)OC,0.007561536598950624
N(CC1C=CC=C(C=1)C(F)(F)F)C(CN1C2C(C(=O)N(C3C=CC(C)=C(Cl)C=3)C1=O)=CC=C(C=2)Cl)=O,0.00421642764704302
C1=C(C=CC=C1NC(=O)N1CCC(C(NC(=O)C2=CC=C(C)C=C2)C(NC(C)CC)=O)CC1)Cl,0.004806536086834967
C1(C(=O)N2CC(C(C3=CC(C(F)(F)F)=CC=C3)C2)C(=O)NCCC(C)C)C=CC=CC=1,0.00653954828158021
C1(C(=O)N2CC(C(C3=CC(C(F)(F)F)=CC=C3)C2)C(=O)NCCC(C)C)CC1,0.00807587425224483
C1(C(=O)N2CC(C(C3=CC(C(F)(F)F)=CC=C3)C2)C(=O)NCCC(C)C)=CC=CS1,0.006003494653850794
C(C(=O)N1CC(C(C2=CC(OC)=C(OC)C(OC)=C2)C1)C(=O)NCCC)C,0.011623798962682485
C1(C(=O)N2CC(C(C3=CC(C(F)(F)F)=CC=C3)C2)C(=O)NCCC(C)C)=CC=C(C=C1)OC,0.006501092179678381
C1(C(=O)N2CC(C(C3=CC(OC)=C(OC)C(OC)=C3)C2)C(=O)NCCC)C=CC=C(Cl)C=1,0.008867483236826956
C(C(=O)N1CC(C(C2=CC(C(F)(F)F)=CC=C2)C1)C(=O)NCCC(C)C)C,0.007259869296103716
N(CC(C)C)C(CN1C2C(C(=O)N(C3C=CC(F)=C(Cl)C=3)C1=O)=CC=CC=2)=O,0.004928190691862256
C1(=CC=CS1)C(=O)N(CC1=CC(=CC=C1OS(=O)(=O)CC)Cl)C(C)C,0.008356108935549856
N(C(C)C)(C(=O)C1=CC=CO1)CC1C=CC(=CC=1)OS(=O)(=O)C,0.010890064015984535
C1(C(=O)N2CC(C(C3=CC=CC=C3C)C2)C(=O)N2CCOCC2)=CC=CC=C1C,0.011976923607289792
C1(NC(=O)N(CC2=CC=CC=C2)CC2C=CC(=CC=2)OS(=O)(=O)C)C=CC(=CC=1)OC,0.005510920006781816
C(C(=O)N1CC(C(C2=CC=CC=C2C)C1)C(=O)NCC1=CC=C(F)C=C1)C(C)C,0.008431642572395504
C1(C(=O)N2CC(C(C3=CC=C(OC)C=C3OC)C2)C(=O)NCCCOC)CCCC1,0.009177302103489637
C1(C(Cl)=CC=C(C=1)NC(=O)N1C(C2=CC(OC)=CC(OC)=C2)SCC1)Cl,0.004270192282274365
C1(C(Cl)=CC=C(C=1)NC(=O)N1C(C2=CC=C(C(C)C)C=C2)SCC1)Cl,0.005212250957265496
C1(C(=O)N2C(C3=CC=C(OC)C=C3OC)SCC2)C=CC=C(Br)C=1,0.010342934215441347
C1=C(C=CC=C1NC(=O)N1C(C2=CC=C(C=C2)OCC2C=CC=CC=2)SCC1)Br,0.005788896046578884
C(F)(F)(F)C1=CC=C(C=C1)NC(=O)N1C(C2=C(Cl)C(Cl)=CC=C2)SCC1,0.0034317449782975016
N1(C2=CC(Cl)=C(Cl)C=C2)C(=O)C(C)N(C(NC2=CC=CC(Cl)=C2)=O)CC1,0.004244136915076524
C(NC(=O)NCC1N(C(NC2=CC=CC(C)=C2)=O)CCC2C1=CC(OC)=C(OC)C=2)(C)C,0.006622420949861407
N1(CCC(C(NC(=O)C2=CC=C(C=C2)F)C(N(CC)CC)=O)CC1)C(=O)CC1C=CC=CC=1,0.007371289329603315
N1(CCC(CC1)N1C(=O)OC2=CC=C(C(=O)OC)C=C21)C(CC)=O,0.005507823452353478
CC(=O)N1CCSC21C(=O)N(CC1=CC=C(C=C1)F)C1C2=CC(=CC=1)F,0.006630793958902359
N1(CCC2(N(C3C=CC=C(C)C=3)C(=O)CS2)CC1)C(=O)NC1=C(CC)C=CC=C1,0.0045382999465800825
C(C(=O)N1CCC(C(NC(C2=CC3OCOC=3C=C2)=O)C(NCC(C)C)=O)CC1)(C)C,0.008713073632679879
C1(C(=O)NC2=CC(=CC=C2)N2CCCN(CC3=C(C)C=CC=C3)C2=O)=CC=CS1,0.005155547964386642
C(CN1CC2=C(C1=O)C(C1C=CC=C(F)C=1)NC(=O)N2CC)(NC)=O,0.005170958267990499
C1(OCC2N(C)C(=O)NC(C3=CC=C(OC)C=C3OC)C=2C(OCC)=O)=CC=C(C=C1)C,0.007316085323691368
C(CN1CC2=C(C1=O)C(C1C=CC=C(Cl)C=1)NC(=O)N2CC=C)(NC1=CC=C(C=C1)F)=O,0.0044009613804519175
N1(C2=CC=C(Cl)C=C2C)C(=O)C(C)N(C(=O)C2C=CC=C(F)C=2)CC1,0.005826825520489365
C=CCNC(C1=CC(CN2C(=O)CC(C3C=CC(F)=CC=3)NC2=O)=CC=C1)=O,0.0017622414277866482
C(COC)CNC(CN1CC2=C(C1=O)C(C1=CC=CC=C1Cl)NC(=O)N2CC=C)=O,0.0046679685008712115
N1(C2=CC(Cl)=CC=C2C)C(=O)C(C)N(C(=O)C2=CC=C(C=C2)OC)CC1,0.007207479164935649
O(C1C=CC(=CC=1)Cl)CC(=O)N(CC(C)C)CC(=O)N1CC(=O)N(C2C=CC(Cl)=CC=2)C1,0.009545806562528014
N(C1=CC(=CC=C1)C1C(C(=O)OCC)=C(C2C=CC=CC=2)N(CCCC)C(=O)N1)C(=O)C1=CC=CS1,0.0054943232331424955
C1(C(=O)NC2C=C(C(OC)=CC=2)N2CCCN(CC3C=CC=CC=3F)C2=O)=CC=CO1,0.005605885898694396
N1(CC(COC2C=C(C(F)(F)F)C=CC=2)OCC1)C(=O)C1C=CC=C(F)C=1F,0.007019930891692639
C1(S(=O)(=O)N2CC(CCC2)OCC2C=CC=C(Cl)C=2)=CC=C(C=C1)F,0.004953188472427428
C1(C(OC)=O)C(C2=C(Cl)C=CC=C2)CC(=O)N(CC2C=CC=CC=2F)C=1C,0.008027015603147447
N(C1C=CC(=CC=1)C1N(C2C=CC=C(F)C=2)C(=O)CS1)C(COC1C=CC=CC=1)=O,0.0050714290235191585
N1(CC(COC2C=C(C)C(Cl)=CC=2)OCC1)C(C1C=CC(Cl)=CC=1)=O,0.00937178465537727
N(CC1CC2=CC(OC)=CC=C2O1)C(C1C=C(F)C=C(C(F)(F)F)C=1)=O,0.005049764655996114
O=C(CN1C2C(C(=O)N(C3=CC=CC(Cl)=C3)C1=O)=CC=CC=2)NCC(C)C,0.00522306157508865
N(C1=C(C=CC=C1)C1N(C2C=CC=CC=2OC)C(=O)CS1)C(=O)CCCC,0.00747015627566725
O=C(CN1C2C(C(=O)N(C3=CC=CC(Cl)=C3)C1=O)=CC=C(C=2)Cl)NC1CC1,0.005085923406295478
N1(C2C=CC=C(C=2)C(F)(F)F)C(=O)C(C)N(S(=O)(=O)C2=CC=C(C=C2)F)CC1,0.0035913052852265537
O=C(C(C)N1C2C(C(=O)N(C3=CC=C(F)C=C3)C1=O)=CC=C(C=2)Cl)NC(C)C,0.004813104367349297
N1(C2C=CC(=CC=2)CC)C(=O)C(C)N(C(NC2=CC=C(C)C=C2)=O)CC1,0.0048700304585509
O=C(C1SC2=CC=CC=C2C=1Cl)NC1C=CC(=CC=1)CC1C=CC=CC=1,0.006727109476923942
N(CC1COC(C)(C)O1)C(=O)C=C1C(=O)NC2=CC=CC=C2S1,0.007491464959457517
C1C=C2CCN(C(C3C=C(C(F)(F)F)C=C(C(F)(F)F)C=3)=O)C(C3C=CC(F)=CC=3)C2=CC=1,0.007588833873160184
O=C(CN1C2C(C(=O)N(C3C=CC(C)=C(C)C=3)C1=O)=CC=CC=2)NCC1C=CC=C(C=1)C(F)(F)F,0.00456845264416188
NC(CN1C2C(C(=O)N(C3=CC=C(C(C)=O)C=C3)C1=O)=CC(C)=CC=2)=O,0.00814504602458328
O=C(CN1C2C(C(=O)N(C3=CC=CC(C(C)=O)=C3)C1=O)=CC=C(C=2)Cl)NC(C)C1=CC=CC=C1,0.006897670216858387
N(CC1C=CC=C(C=1)C(F)(F)F)C(CN1C2C(C(=O)N(C3C=CC(=CC=3)OCC)C1=O)=CC=CC=2)=O,0.004399455687962473
O=C(CN1C2C(C(=O)N(C3=CC=CC(C(C)=O)=C3)C1=O)=CC=CC=2)NCC1C=CC=C(C=1)C(F)(F)F,0.005999846127815544
O=C(CN1C2C(C(=O)N(C3=CC=CC=C3F)C1=O)=CC=CC=2)NC(C)C,0.004900862195063383
C(N(CC1=CC=C(F)C=C1)CC1=CC(=CC=C1OS(=O)(=O)C1=CC=C(C=C1)F)Cl)(CC(C)C)=O,0.0075267904438078405
C(N(CC1=CC=CO1)CC1=C(OS(=O)(=O)C2=CC=C(C=C2)F)C=CC=C1)(CC(C)(C)C)=O,0.00954320509918034
C(N(CCOC)CC1=C(OS(=O)(=O)C2C=CC(=CC=2)OC)C=CC=C1)(CC(C)(C)C)=O,0.011222435859963298
C(N(CC1CCCO1)CC1=CC(OS(=O)(=O)C2=CC=C(C=C2)NC(C)=O)=C(OC)C=C1)(COC)=O,0.00838347787503153
C(N(CC1CCCO1)CC1=C(OS(=O)(=O)C2C=CC(=CC=2)OC)C=CC=C1)(CC(C)C)=O,0.010504668112844229
C(NC(=O)N(CC1CCCO1)CC1=C(OS(=O)(=O)C2C=CC(=CC=2)OC)C=CC=C1)C,0.006143347104080021
C(N(CC1=CC=CO1)CC1=C(OS(=O)(=O)C2=CC=C(C=C2)NC(C)=O)C=CC=C1)(CC(C)(C)C)=O,0.008020183048211038
C(C1=CC(OS(=O)(=O)C(C)C)=C(OC)C=C1)N(C(NC(C)(C)C)=O)CC1CCCO1,0.008140089479275048
C(C(=O)NCC1N(C(NCC)=O)CCC2C1=CC(OC)=C(OC)C=2)C,0.006302803615108132
C(C(=O)N1CC(C(C2=CC(OC)=C(OC)C(OC)=C2)C1)C(=O)NCCCOC)C,0.01007278950419277
C(NC(=O)NCC1N(C(NCC)=O)CCC2C1=CC(OC)=C(OC)C=2)CC,0.006919036456383765
C(C(=O)N1CC(C(C2=CC=C(OC)C=C2)C1)C(=O)N1CCOCC1)C(C)C,0.011981961410492658
C(NC(=O)N1CC(C(C2=CC(OC)=C(OC)C(OC)=C2)C1)C(=O)NCC1=CC=C(F)C=C1)C,0.005419102462474257
C1(C(=O)N2CC(C(C3=CC(OC)=C(OC)C(OC)=C3)C2)C(=O)NCCCOC)CCCC1,0.01023302269168198
C1=CC(=CC2OCOC1=2)C(=O)N1CC(C(C2=CC(OC)=C(OC)C(OC)=C2)C1)C(=O)N1CCOCC1,0.011461018584668636
C(C(=O)N1CC(C(C2=CC=C(C)C=C2)C1)C(=O)NCCCOC)C(C)C,0.009753392171114683
C(NC(=O)N1CC(C(C2=CC(OC)=C(OC)C(OC)=C2)C1)C(=O)N1CCOCC1)(C)(C)C,0.007016181875951588
C1(C(=O)N2CC(C(C3=CC=C(C)C=C3)C2)C(=O)NCCCOC)=CC=CC=C1F,0.006596995936706662
C1(C(=O)N2CC(C(C3=CC(C(F)(F)F)=CC=C3)C2)C(=O)NCC2=CC=CC=C2)C=CC(Cl)=CC=1Cl,0.006067973398603499
C(NC(=O)N1CC(C(C2=CC(OC)=C(OC)C(OC)=C2)C1)C(=O)N1CCOCC1)(C)C,0.00699193065520376
C1(C(=O)N2CC(C(C3=CC=C(C)C=C3)C2)C(=O)NCCCOC)=CC=CC=C1C,0.009074438596144319
C(C)(C)(C)CC(=O)N1CC(C(C2=CC=C(OC)C=C2)C1)C(=O)N1CCCC1,0.014293152652680875
C1(C(=O)N2CC(C(C3=CC(C(F)(F)F)=CC=C3)C2)C(=O)NCCCOC)=CC=CC=C1F,0.005252487887628376
C(C(=O)N1CC(C(C2=CC(OC)=C(OC)C(OC)=C2)C1)C(=O)N1CCCCC1)C,0.012145657930523157
C1(C(=O)N2CC(C(C3=CC=C(OC)C=C3)C2)C(=O)NC2CC2)=CC=CC=C1C,0.009714628662914037
C(C(=O)N1CC(C(C2=CC(C(F)(F)F)=CC=C2)C1)C(=O)NCC1=CC2OCOC=2C=C1)(C)C,0.007075620768591762
C(NC(=O)N1CC(C(C2=CC(OC)=C(OC)C(OC)=C2)C1)C(=O)N1CCCCC1)C,0.006582440272904932
C1(S(=O)(=O)N2CC(C(C3=CC=C(C)C=C3)C2)C(=O)NCCC(C)C)=CC=C(C=C1)Cl,0.0071620717877522114
C(NC(=O)NCC1N(C(NC(C)C)=O)CCC2C1=CC(OC)=C(OC)C=2)C,0.006895754858851433
C(C(=O)N1CC(C(C2=CC=C(OC)C=C2)C1)C(=O)NCCCOC)C(C)C,0.00927865682169795
C1(C(=O)N2CC(C(C3=CC(C(F)(F)F)=CC=C3)C2)C(=O)NCC2=CC3OCOC=3C=C2)CCCC1,0.006984758726321161
C(C(=O)N1CC(C(C2=CC(OC)=C(OC)C(OC)=C2)C1)C(=O)NCCCOC)(C)C,0.010227960790507496
O=C(C(CC)N1C2C(C(=O)N(C3=CC=CC(C)=C3)C1=O)=CC=C(C=2)Cl)NCCC,0.005660514859482646
C(N(CC(C)C)CC1C=CC(OS(=O)(=O)C2=CC=C(C=C2)NC(C)=O)=CC=1)(C1CCC1)=O,0.007904534251429141
C(N(CC(C)C)CC1C=CC(OS(=O)(=O)C2=CC=C(C=C2)NC(C)=O)=CC=1)(CC(C)(C)C)=O,0.008224334870465099
O=C(C(CC)N1C2C(C(=O)N(C3C=CC(F)=C(Cl)C=3)C1=O)=CC(C)=CC=2)NCC1=CC=C(F)C=C1,0.005216215481050312
O=C(C(CC)N1C2C(C(=O)N(C3=CC=CC(C(C)=O)=C3)C1=O)=CC=CC=2)NCC1C=CC=C(C=1)C(F)(F)F,0.006293022958561778
C1(=CC=CC=C1F)C(=O)N(CC(C)C)CC1C=CC(OS(=O)(=O)C2=CC=C(C=C2)NC(C)=O)=CC=1,0.006638196459971368
O=C(C(C)N1C2C(C(=O)N(C3=CC=CC(C)=C3)C1=O)=CC=C(C=2)Cl)NCC1=CC=C(F)C=C1,0.004759185505099595
C(NC(=O)N(CC(C)C)CC1C=CC(OS(=O)(=O)C2=CC=C(C=C2)NC(C)=O)=CC=1)(C)(C)C,0.005574236647225917
C(C1=CC(OS(=O)(=O)C2=CC(Cl)=C(C=C2)Cl)=C(OC)C=C1)N(C(NC1C=CC=CC=1OC)=O)CC1CCCO1,0.005253911879844963
O=C(C(C)N1C2C(C(=O)N(CC3C=CC=CC=3)C1=O)=CC=C(C=2)Cl)NC(C)CC,0.006253399234265089
C1(=CC=CO1)C(=O)N(C(C)C)CC1=C(OS(=O)(=O)C)C=CC=C1,0.011131821805611253
C1(=C(Cl)C=CC=C1)C(=O)N(C(C)CC)CC1C=C(OS(=O)(=O)C2=CC=C(C=C2)NC(C)=O)C=CC=1,0.006355079379864037
C(N(C(C)C)CC1=C(OS(=O)(=O)C)C=CC=C1)(=O)C1C=CC=C(F)C=1,0.007842566724866629
O=C(C(C)N1C2C(C(=O)N(C3C=CC(C)=C(Cl)C=3)C1=O)=CC=CC=2)NC1C=CC(OC)=C(OC)C=1,0.005114925967063755
C(N(C(C)CC)CC1C=C(OS(=O)(=O)C2=CC=C(C=C2)NC(C)=O)C=CC=1)(COC)=O,0.007500789291225374
C1(NC(=O)N(C(C)CC)CC2C=C(OS(=O)(=O)C3=CC=C(C=C3)NC(C)=O)C=CC=2)C=CC=CC=1OC,0.00501794540323317
O=C(CN1C2C(C(=O)N(C3=CC=C(F)C=C3)C1=O)=CC(C)=CC=2)NCC1=CC=C(F)C=C1,0.004634489282034337
O=C(CN1C2C(C(=O)N(C3=CC=CC=C3Cl)C1=O)=CC(C)=CC=2)NC1C=CC(=CC=1)OC,0.00460013011470437
O=C(CN1C2C(C(=O)N(C3C=CC(F)=CC=3F)C1=O)=CC(C)=CC=2)NCC(C)C,0.005184958933386952
O=C(CN1C2C(C(=O)N(C3=CC=CC=C3CC)C1=O)=CC(C)=CC=2)N1CCCC1,0.007031328091397881
O=C(CN1C2C(C(=O)N(C3=CC=CC=C3Cl)C1=O)=CC(C)=CC=2)NC(C)C1=CC=CC=C1,0.0056402029935270544
O=C(CN1C2C(C(=O)N(C3C=CC(=CC=3)C(C)C)C1=O)=CC(C)=CC=2)N1CCOCC1,0.006319895526394248
O=C(CN1C2C(C(=O)N(C3=CC=CC=C3Cl)C1=O)=CC(C)=CC=2)NC1C=CC(OC)=C(OC)C=1,0.00482157759834081
O=C(CN1C2C(C(=O)N(C3C=CC(F)=CC=3F)C1=O)=CC(C)=CC=2)NCC1=CC=CO1,0.005432839738205075
O=C(CN1C2C(C(=O)N(C3C=CC(F)=CC=3F)C1=O)=CC(C)=CC=2)N1CCN(CC1)C(C)=O,0.004595077189151198
O=C(CN1C2C(C(=O)N(C3=CC=CC=C3Cl)C1=O)=CC(C)=CC=2)NC1C=CC=C(C)C=1,0.004741966910660267
O=C(CN1C2C(C(=O)N(C3C=CC(=CC=3)C(C)C)C1=O)=CC(C)=CC=2)NCCOC,0.005333574861288071
O=C(CN1C2C(C(=O)N(C3=CC=C(Cl)C(Cl)=C3)C1=O)=CC(C)=CC=2)NCC(C)C,0.005875027214642614
O=C(CN1C2C(C(=O)N(C3=CC=CC(C(C)=O)=C3)C1=O)=CC(C)=CC=2)NC1C=CC=C(C)C=1,0.006977447704412043
O=C(CN1C2C(C(=O)N(C3=CC=CC=C3Cl)C1=O)=CC(C)=CC=2)NCC1=CC=C(F)C=C1,0.0046074144076555966
O=C(CN1C2C(C(=O)N(C3C=CC(=CC=3)C(C)C)C1=O)=CC(C)=CC=2)NCC1=CC=CO1,0.006415943801403046
O=C(CN1C2C(C(=O)N(C3=CC=CC(C(C)=O)=C3)C1=O)=CC(C)=CC=2)N1CCCC1,0.008495691721327603
O=C(CN1C2C(C(=O)N(C3=CC=CC=C3Cl)C1=O)=CC(C)=CC=2)N1CCCC1,0.006019277242012322
O=C(CN1C2C(C(=O)N(C3C=CC(=CC=3)C(C)C)C1=O)=CC(C)=CC=2)NC(C)CC,0.00681722704321146
O=C(CN1C2C(C(=O)N(C3=CC=CC=C3Cl)C1=O)=CC(C)=CC=2)NCC1C=CC=C(C=1)C(F)(F)F,0.004419109236914664
O=C(CN1C2C(C(=O)N(C3=CC=C(F)C=C3)C1=O)=CC(C)=CC=2)NCC1C=CC=C(C=1)C(F)(F)F,0.004388400353491306
O=C(CN1C2C(C(=O)N(C3C=CC(F)=CC=3F)C1=O)=CC(C)=CC=2)NCCC,0.0044609743054024875
O=C(CN1C2C(C(=O)N(C3C=CC(=CC=3)C(C)C)C1=O)=CC(C)=CC=2)NCCC,0.006203320110216737
O=C(CN1C2C(C(=O)N(C3C=CC=C(OC)C=3)C1=O)=CC(C)=CC=2)NC1C=CC(OC)=C(OC)C=1,0.005148761486634612
O=C(CN1C2C(C(=O)N(CCC)C1=O)=CC(C)=CC=2)NC1C=CC(OC)=C(OC)C=1,0.005800172733142972
O=C(CN1C2C(C(=O)N(C3C=CC(=CC=3)OC)C1=O)=CC(C)=CC=2)NC1C=CC=C(C)C=1,0.0049963810481131075
O=C(CN1C2C(C(=O)N(C3C=CC(F)=CC=3F)C1=O)=CC(C)=CC=2)NC1C=CC(=CC=1)OC,0.004946438618935645
O=C(CN1C2C(C(=O)N(C3=CC=C(Cl)C(Cl)=C3)C1=O)=CC(C)=CC=2)NC(C)C1=CC=CC=C1,0.005441000463906676
O=C(CN1C2C(C(=O)N(C3=CC=CC(C)=C3)C1=O)=CC(C)=CC=2)N1CCCC1,0.006793336849659682
O=C(CN1C2C(C(=O)N(C3C=CC(C)=C(Cl)C=3)C1=O)=CC(C)=CC=2)N1CCOCC1,0.005395321873947978
O=C(CN1C2C(C(=O)N(C3C=CC=C(OC)C=3)C1=O)=CC(C)=CC=2)NCC1=CC=C(F)C=C1,0.0050100294640287755
O=C(CN1C2C(C(=O)N(CCC)C1=O)=CC(C)=CC=2)NCC1=CC=C(F)C=C1,0.004904153547249735
O=C(CN1C2C(C(=O)N(C3C=CC(F)=CC=3F)C1=O)=CC(C)=CC=2)NC(C)C1=CC=CC=C1,0.004998993151821196
O=C(CN1C2C(C(=O)N(C3C=CC(C)=C(Cl)C=3)C1=O)=CC(C)=CC=2)N1CCN(CC1)C(C)=O,0.005079154076520353
O=C(CN1C2C(C(=O)N(C3C=CC=C(OC)C=3)C1=O)=CC(C)=CC=2)N1CCCC1,0.006169467116706073
O=C(CN1C2C(C(=O)N(C3C=CC(F)=CC=3F)C1=O)=CC(C)=CC=2)NCC1=CC=C(F)C=C1,0.004785012570209801
O=C(CN1C2C(C(=O)N(C3C=CC=C(OC)C=3)C1=O)=CC(C)=CC=2)N1CCN(CC1)C(C)=O,0.00528205328155309
O=C(CN1C2C(C(=O)N(C3C=CC=C(OC)C=3)C1=O)=CC(C)=CC=2)NCCOC,0.00449880933156237
N(CCC1=CC=CC=C1)C(COC1C=C2N(CC3CCC3)C(=O)C=C(C(C)C)C2=CC=1)=O,0.00973797682672739
O=C(CN1C2C(C(=O)N(CCC)C1=O)=CC(C)=CC=2)NCC1C=CC=C(C=1)C(F)(F)F,0.00461827872786671
O=C(CN1C2C(C(=O)N(C3C=CC(=CC=3)C(C)C)C1=O)=CC(C)=CC=2)NCC1C=CC=C(C=1)C(F)(F)F,0.0046675025252625344
O=C(CN1C2C(C(=O)N(C3C=CC(C)=C(Cl)C=3)C1=O)=CC(C)=CC=2)NCC1=CC=CO1,0.005198112619109452
O=C(CN1C2C(C(=O)N(C3C=CC=C(OC)C=3)C1=O)=CC(C)=CC=2)NC(C)C,0.005541571881622076
N1(CCC(CC1)CC1C=CC=CC=1)C(COC1C=C2N(CC3CCC3)C(=O)C=C(C(C)C)C2=CC=1)=O,0.009984977543354034
O=C(CN1C2C(C(=O)N(CCC)C1=O)=CC(C)=CC=2)NC1=CC=C(C=C1)F,0.004495190281886607
O=C(CN1C2C(C(=O)N(C3C=CC(=CC=3)C(C)C)C1=O)=CC(C)=CC=2)NC(C)C1=CC=CC=C1,0.006619389774277807
O=C(CN1C2C(C(=O)N(C3=CC=CC(C)=C3)C1=O)=CC(C)=CC=2)NC(C)C1=CC=CC=C1,0.00617694640532136
O=C(CN1C2C(C(=O)N(C3C=CC(C)=C(Cl)C=3)C1=O)=CC(C)=CC=2)NC(C)C,0.005337822332512588
O=C(CN1C2C(C(=O)N(C3C=CC=C(OC)C=3)C1=O)=CC(C)=CC=2)NC(C)CC,0.0059785345569252964
O=C(CN1C2C(C(=O)N(C3C=CC(=CC=3)OC)C1=O)=CC(C)=CC=2)NC1C=CC(=CC=1)OC,0.004971324547659606
O=C(CN1C2C(C(=O)N(C3C=CC(=CC=3)C(C)C)C1=O)=CC(C)=CC=2)NCC1=CC=C(F)C=C1,0.0054212308954447504
O=C(CN1C2C(C(=O)N(C3=CC=CC(C)=C3)C1=O)=CC(C)=CC=2)NC1C=CC(OC)=C(OC)C=1,0.005342274252325296
O=C(CN1C2C(C(=O)N(C3C=CC(C)=C(Cl)C=3)C1=O)=CC(C)=CC=2)NC(C)CC,0.005746993841603399
O=C(CN1C2C(C(=O)N(CCC)C1=O)=CC(C)=CC=2)NC(C)C1=CC=CC=C1,0.006357743428088725
O=C(CN1C2C(C(=O)N(C3C=CC(F)=CC=3F)C1=O)=CC(C)=CC=2)NCC1C=CC=C(C=1)C(F)(F)F,0.004125628364272415
O=C(CN1C2C(C(=O)N(C3=CC=CC(C)=C3)C1=O)=CC(C)=CC=2)NCC1=CC=C(F)C=C1,0.004940478876233101
O=C(CN1C2C(C(=O)N(C3C=CC(C)=C(Cl)C=3)C1=O)=CC(C)=CC=2)NCCC,0.005134321248624474
O=C(CN1C2C(C(=O)N(C3C=CC=C(OC)C=3)C1=O)=CC(C)=CC=2)NCCC,0.0053295512218028305
C1(C(=O)N2CCC(C(NC(=O)C3C=C(C)C=CC=3)C(NCC=C)=O)CC2)C=CC=C(Br)C=1,0.00814685970544815
C1(C(=O)N2CCC(C(NC(=O)C3=C(F)C=CC=C3)C(NCC(C)C)=O)CC2)C=CC(=CC=1)Cl,0.005910133384168148
C(C(=O)N(C(CC)C)CC(=O)N(CCC1C=CC(OC)=C(OC)C=1)CC1=CC=C(C)O1)C1C=CC=CC=1,0.012195368250831961
C1C(CC2C=C3OCOC3=CC=2)CCN(C(C2C=CC(C(F)(F)F)=C(F)C=2)=O)C1,0.006539784627966583
C1C(CC2C=CC(C3C=CC=CC=3)=CC=2)CCN(S(C2=C(C)C(C)=C(C)C(C)=C2C)(=O)=O)C1,0.009350361675024033
C1C(CC2C=CC(C(F)(F)F)=CC=2)CCN(S(=O)(=O)C2C=C(Cl)C=C(Cl)C=2)C1,0.005182830011472106
C1C(OC)=C(C=CC=1)C(=O)N1CCC(C(NC(=O)C2=CC=C(C=C2)OC)C(NCCCOC)=O)CC1,0.006610968546010554
N(C1=CC(=CC=C1)C1C(C(=O)OC(C)C)=C(C)N(C)C(=O)N1)C(=O)C1C=CC=CC=1F,0.006577289174310863
C1C=C(C=CC=1)NC(CN1C(=O)COC2C1=CC(C(COC1=CC(C)=CC=C1)=O)=CC=2)=O,0.010239525744691492
O1CCCC1CNC(C(C)N1C(=O)COC2C1=CC(C(COC1=CC(Cl)=CC=C1)=O)=CC=2)=O,0.009825112437829376
C1(CC1)NC(CC1C=C(C=CC=1)N(C(=O)C1=CC=CO1)CC1=CC=CC=C1)=O,0.009574288316071034
C1(=CC=C(C=C1)F)NC(CN1C(=O)COC2C1=CC(C(COC1=CC(C)=CC=C1)=O)=CC=2)=O,0.008704212051816285
C(C)NC(CCCN1C(=O)COC2C1=CC(C(COC1=CC=C(C(C)(C)C)C=C1)=O)=CC=2)=O,0.011199993221089244
N(C1=CC(=CC=C1)C1C(C(=O)OC(C)C)=C(C)N(C)C(=O)N1)C(CC(C)(C)C)=O,0.00779669308103621
C1(CC1)NC(CC1C=C(C=CC=1)N(C(=O)C1CCCC1)CC1=CC=CC=C1)=O,0.01143444124609232
C1(C(=O)N2CC(C(C3=CC=C(OC)C=C3)C2)C(=O)NCCOC)CC1,0.008737582992762328
C(C)(C)(C)CC(=O)N1CC(C(C2=CC=C(OC)C=C2)C1)C(=O)NCCOC,0.009415946155786514
C1(C(=O)N2CC(C(C3=CC=C(OC)C=C3)C2)C(=O)NCCOC)=CC=CC=C1C,0.007803793693892658
C1(C(=O)N2CC(C(C3=CC=CC=C3)C2)C(=O)NCCC)=CC=CC=C1C,0.010275376634672284
C(C1COC2(CCCC(C)C2)N1C(=O)CC1C=CC=CC=1)(=O)N1CCOCC1,0.012996350694447757
C(C1COC2(CCC(C)CC2)N1C(=O)C1C=CC=C(C)C=1)(=O)NC(C)CC,0.012770253652706742
C1(C(=O)N2CC(C(C3=CC(OC)=C(OC)C(OC)=C3)C2)C(=O)NCCC)CC1,0.011715294513851403
C(C1COC2(CCC(C)CC2)N1C(=O)CC(C)C)(=O)NCC1=CC=CC=C1,0.012565245060250163
C(C1COC2(CCC(C)CC2)N1C(=O)C1C=CC=C(F)C=1)(=O)N1CCC(CC1)C(OCC)=O,0.009516532765701413
C(C1COC2(CCC(C)CC2)N1C(=O)C1C=CC=C(C)C=1)(=O)NC(C)C1=CC=CC=C1,0.011446176189929247
C(C(=O)N1CC(C(C2=CC(C(F)(F)F)=CC=C2)C1)C(=O)N(CC)CC)C,0.007806772901676595
C(NC(=O)N1CC(C(C2=CC(OC)=C(OC)C(OC)=C2)C1)C(=O)NCCC)C,0.006815643422305584
C(C1COC2(CCC(C)CC2)N1C(=O)C1C=CC(Cl)=C(Cl)C=1)(=O)NCC1=CC=CC=C1,0.009142577438615263
C(C1COC2(CCC(C)CC2)N1C(=O)C1C=CC=C(C)C=1)(=O)NCC1=CC=C2OCOC2=C1,0.009575278661213816
C(NC(=O)N1CC(C(C2=CC(OC)=C(OC)C(OC)=C2)C1)C(=O)NCC(C)C)C,0.007056978484615684
C(C1COC2(CCC(C)CC2)N1C(=O)C1C=CC(Cl)=C(Cl)C=1)(=O)NC(C)CC,0.010941773327067495
C(C1COC2(CCC(C)CC2)N1C(=O)C1C=CC=C(C)C=1)(=O)NCC1CCCO1,0.01168568218126893
C(C(=O)N1CC(C(C2=CC(C(F)(F)F)=CC=C2)C1)C(=O)NCC1=CC=CC=C1)C(C)C,0.006664442387409509
C1(C(=O)N2CC(C(C3=CC=C(OC)C=C3)C2)C(=O)NCCC)=CC=CC=C1F,0.007796228677034378
C(C1COC2(CCC(C)CC2)N1C(=O)C1CC1)(=O)NC(C)C1=CC=CC=C1,0.01325827045366168
C(C1COC2(CCC(C)CC2)N1C(=O)C1C=CC(Cl)=C(Cl)C=1)(=O)NC(C)C1=CC=CC=C1,0.00964752840809524
C(C1COC2(CCC(C)CC2)N1C(=O)C1C=CC=C(C)C=1)(=O)N1CCC(CC1)C(OCC)=O,0.011314383195713162
C1(C(=O)N2CC(C(C3=CC=C(OC)C=C3)C2)C(=O)NCCC)CCCC1,0.011499889055266976
C(C1COC2(CCC(C)CC2)N1C(=O)C1C=CC(Cl)=C(Cl)C=1)(=O)NCC1=CC=C2OCOC2=C1,0.008068733662366868
C(C)(C)(C)CC(=O)N1CC(C(C2=CC=CC=C2)C1)C(=O)N1CCCC1,0.014889100333675742
C(C1COC2(CCC(C)CC2)N1C(=O)C1C=CC=C(F)C=1)(=O)NCC(C)C,0.00943115628324449
C(C1COC2(CCC(C)CC2)N1C(=O)C1C=CC(Cl)=C(Cl)C=1)(=O)N1CCOCC1,0.011377372313290834
C(C)(C)(C)CC(=O)N1CC(C(C2=CC=CC=C2)C1)C(=O)NCCC,0.01169131645001471
C(C1COC2(CCC(C)CC2)N1C(=O)C1C=CC=C(F)C=1)(=O)NC(C)CC,0.00993106267414987
C(C1COC2(CCC(C)CC2)N1C(=O)C1C=CC=C(C)C=1)(=O)NCC1=CC=CC=C1,0.010737230768427253
C=CCNC(=O)NC1=CC=CC=C1N1CCCN(CC2=CC(F)=CC(F)=C2)C1=O,0.00404049523640424
C(C(=O)N(CC(C)C)CC(N(CCC1C=CC(OC)=C(OC)C=1)CC1=CC=C(C)S1)=O)CCCCCCCCCCCC,0.01243570139631629
C1(C(=O)N(CCCOCC)CC(N(CCC2C=CC(OC)=C(OC)C=2)CC2=CC=C(C)S2)=O)=CC=CC=C1OC,0.007837178162299096
C(C(=O)N1CCC(C(NC(C2=C(C)C=CC=C2)=O)C(NC(C)CC)=O)CC1)OC,0.008404187206178904
C1C=C(C(F)=CC=1F)OCC1N(C)C(=O)NC(C2=CC(OC)=CC(OC)=C2)C=1C(OCC)=O,0.007341805123724043
C(C(=O)N(CCC)CC(=O)N(CC1=CC=C(F)C=C1)CC1SC=CC=1C)CCCCCCCCCCCC,0.010659851320087909
O(C1=CC=C(C=C1)Cl)CC(=O)N1CC(CCC1)OCC1C=C(F)C=C(F)C=1,0.007452118443325162
C(C(=O)N(C(C)C)CC(=O)N(CC1=CC=C(F)C=C1)CC1SC=CC=1C)CCCCCCCCCCCC,0.010923992842435837
C1C(OC)=C(C=CC=1)C(=O)N1CCC(C(NC(=O)C2=CC=CC=C2Cl)C(NCC(C)C)=O)CC1,0.007685536262579262
C(C(=O)N(C1CC1)CC(=O)N(CC1=CC=C2OCOC2=C1)CC1=CC=CS1)CCCCCCCC,0.010099602304399014
C(C(=O)N(CCOC)CC(=O)N(CC1=CC=C(F)C=C1)CC1SC=CC=1C)CCCCCCCCCCCC,0.009622799837961793
C(C(=O)N(C(CC)C)CC(N(CC1=CC=CC=C1)CC1=CC=CS1)=O)CCCCCCCCCCCC,0.0131348324008286
C(NC(=O)N1CC(C(C2=CC=CC(F)=C2)C1)C(=O)NCCC)C,0.004121045267675072
C(C(=O)N1CC(C(C2=CC=CC(F)=C2)C1)C(=O)NCCCC)(C)C,0.007142586307600141
C1(C(=O)N2CC(C(C3=CC=CC(F)=C3)C2)C(=O)NCCCC)CC1,0.007642707810737193
C(C(=O)N1CC(C(C2=CC=CC(F)=C2)C1)C(=O)NC(C)C)(C)C,0.007917430670931935
C(C)(C)(C)CC(=O)N1CC(C(C2=CC=CC(F)=C2)C1)C(=O)NCCCC,0.007911438285373152
C(NC(=O)N1CC(C(C2=CC=CC(F)=C2)C1)C(=O)NCCCC)(C)(C)C,0.004690059146378189
C1(C(=O)N2CC(C(C3=CC=CC(F)=C3)C2)C(=O)NC(C)C)=CC=CC=C1C,0.007513655978254974
C(NC(=O)N1CC(C(C2=CC=CC(F)=C2)C1)C(=O)NCCCC)C,0.004030191421043128
C(C(=O)N1CC(C(C2=CC=CC=C2C)C1)C(=O)NCCOC)(C)C,0.009646568493917585
C(NC(=O)N1CC(C(C2=CC=CC(F)=C2)C1)C(=O)NC(C)C)(C)(C)C,0.005226525664329529
C(C(=O)N1CC(C(C2=CC=CC=C2C)C1)C(=O)NC1CC1)(C)C,0.012431097216904163
C1(C(=O)N2CC(C(C3=CC=CC=C3C)C2)C(=O)NCCOC)C=CC=CC=1,0.008395979483611881
C(NC(=O)N1CC(C(C2=CC=CC(F)=C2)C1)C(=O)NC(C)C)C,0.004231003625318408
C(C(=O)N1CC(C(C2=CC=CC(OC)=C2OC)C1)C(=O)NCCOC)C(C)C,0.010003649513237178
C1(C(=O)N2CC(C(C3=CC=CC(OC)=C3)C2)C(=O)NCC2CC2)=CC=CC=C1F,0.007880821311846375
C(C(=O)N1CC(C(C2=CC=CC(OC)=C2OC)C1)C(=O)NCCOC)C,0.00937106900382787
C1=CC(=CC(OC)=C1)C(=O)N1CC(C(C2=CC=CC(OC)=C2)C1)C(=O)NCC1CC1,0.008981061936356127
C1(C(=O)N2CC(C(C3=CC=CC=C3)C2)C(=O)N2CCOCC2)=CC=CC=C1C,0.011507985508069396
C(C(=O)N1CC(C(C2=CC=CC(OC)=C2)C1)C(=O)N1CCOCC1)(C)C,0.011236901814118027
O=C(C(C)N1C2C(C(=O)N(CC)C1=O)=CC=C(C=2)Cl)NCC1C=CC=C(C=1)C(F)(F)F,0.004600405530072749
O=C(C(C)N1C2C(C(=O)N(CC)C1=O)=CC=C(C=2)Cl)NC(C)C,0.005159394699148834
O=C(CN1C2C(C(=O)N(CC)C1=O)=CC=C(C=2)Cl)NCC1=CC=CO1,0.004758860950823873
C1=C(C=CC=C1NC(=O)N1CCC(C(NC(=O)C2=CC=CS2)C(NC(C)C(C)C)=O)CC1)Cl,0.004016589571256191
O=C(C1SC2=CC(C(F)(F)F)=CC=C2C=1Cl)NC1C(F)=CC=CC=1F,0.003476508049061522
C1(=CC=CC=C1)CCNC(CC1C=C(C=CC=1)N(C(C1=C(C)C=CC=C1)=O)CC1=CC=C(C)C=C1)=O,0.010664416151121259
C1(CCCN(C1)C(CC1C=C(C=CC=1)N(C(C1=C(C)C=CC=C1)=O)CC1=CC=C(C)C=C1)=O)C(=O)OCC,0.008936624298803509
N1(C2=CC=C(Cl)C=C2)CCC(C(=O)NCC2C=CC=C(C=2)C(F)(F)F)C1=O,0.005153114534914493
C(C(=O)N1CCC(C(NC(=O)C2C=CC=CC=2)C(NC2CC2)=O)CC1)C(C)C,0.008709704875946045
C1(C(=O)N2CCC(C(NC(=O)C3C=CC=CC=3)C(NC3CC3)=O)CC2)C=CC=C(F)C=1,0.006346276449039579
C(C1C=CC=CC=1)C1CCN(CC1)C(C1CN(CC2C(OC)=CC=CC=2)C(=O)C1)=O,0.010923498217016459
C(C(=O)N(C1CCCCC1)CC(N(CC1=CC=CC=C1)CC1SC=CC=1C)=O)CCCCCCCCCC,0.012513095792382956
C(NC(=O)N(CC(C)C)CC1C=C(OS(=O)(=O)C(C)C)C=CC=1)(C)C,0.007835872285068036
C1C=C2CCN(C(=O)C3=C(F)C=CC=C3F)C(C3C(Cl)=CC=CC=3)C2=CC=1,0.009098722203634679
C(NC(=O)N(CC(C)C)CC1=CC(=C(OC)C=C1)OS(=O)(=O)C)C,0.007460420345887541
C(N(CC1=CC=C(F)C=C1)CC1C=C(OS(=O)(=O)C2C=CC(=CC=2)OC)C=CC=1)(CC(C)C)=O,0.008717302535660564
C1(CCCN(C1)C(CC1C=C(C=CC=1)N(C(C1=CC2OCOC=2C=C1)=O)CC1=CC=C(C)C=C1)=O)C(=O)OCC,0.007122784713283181
C1CC(C(=O)OCC)CCN1C(CC1=CC=C(C=C1)N(C(=O)C1=CC=CO1)CC1C=C(C)C=CC=1)=O,0.009551778505556285
O1C(CNC(CC2=CC=C(C=C2)N(C(=O)C2C=CC(Cl)=CC=2Cl)CC2=CC=CC=C2)=O)=CC=C1,0.00771249677054584
C(C1=CC(OS(=O)(=O)C)=C(OC)C=C1)N(C(NC(C)C)=O)C(C)C,0.007462442805990577
C1(=CC=CS1)C(=O)N(C(C)C)CC1C=C(OS(=O)(=O)C2C=CC(=CC=2)OC)C=CC=1,0.009004694828763603
C1CCCN1C(CC1C=C(C=CC=1)N(C(C1=CC(OC)=CC=C1)=O)CC1=CC=C(C)C=C1)=O,0.009223304665647447
C(NC(=O)N(C(C)CC)CC1C=CC(OS(=O)(=O)C(C)C)=CC=1)C,0.0070745583390817044
C1CC(C(=O)OCC)CCN1C(CC1=CC=C(C=C1)N(C(=O)C1=CC=C(C)C=C1)CC1=C(OC)C=CC=C1)=O,0.00738206752575934
C(NC(=O)N(C(C)CC)CC1C=CC(OS(=O)(=O)C(C)C)=CC=1)(C)C,0.007810040120966732
C(NC(=O)N(C1CC1)CC1C=CC(OS(=O)(=O)C(C)C)=CC=1)(C)(C)C,0.007353963074274361
C1C=C(C(F)=CC=1F)COC1C[C@](OCC2C=CC=C(C)C=2)(C(NCC)=O)C[C@H]2OC(C)(C)O[C@H]21,0.009054875210858881
C1(C(=O)N(CC2=CC=CO2)CC2=CC=CC(=C2)OS(C2C=CC=C(C=2)C(F)(F)F)(=O)=O)=CC=CO1,0.009463524911552668
C(C(=O)N(CCOC)CC1=CC=CC(=C1)OS(C1C=CC=C(C=1)C(F)(F)F)(=O)=O)(C)C,0.008073376934044063
C(C(=O)N(CCOC)CC1=CC=CC(=C1)OS(C1C=CC=C(C=1)C(F)(F)F)(=O)=O)OC,0.007470636093057692
C1(C(=O)N(C(C)C)CC2=CC=CC(=C2)OS(C2C=CC=C(C=2)C(F)(F)F)(=O)=O)C=CC=CC=1F,0.007527264300733805
C(NC(=O)N(CCOC)CC1C=CC(=CC=1)OS(C1C=CC=C(C=1)C(F)(F)F)(=O)=O)C,0.004684270336292684
C(NC(=O)N(C(C)CC)CC1=CC=CC(=C1)OS(C1C=CC=C(C=1)C(F)(F)F)(=O)=O)(C)(C)C,0.005576829169876873
C1(C(=O)N(CCOC)CC2=CC=CC(=C2)OS(C2C=CC=C(C=2)C(F)(F)F)(=O)=O)CCC1,0.008115112106315792
C1(C(=O)N(C(C)C)CC2=CC=CC(=C2)OS(C2C=CC=C(C=2)C(F)(F)F)(=O)=O)=CC=CO1,0.008885187422856688
C1(C(=O)N(C(C)C)CC2=CC=CC(=C2)OS(C2C=CC=C(C=2)C(F)(F)F)(=O)=O)C=CC=C(F)C=1,0.007293587364256382
C(NC(=O)N(CCOC)CC1C=CC(OS(=O)(=O)C2C=CC=C(C=2)C(F)(F)F)=CC=1)(C)C,0.004670109483413398
C(NC(=O)N(C(C)CC)CC1=CC=CC(=C1)OS(C1C=CC=C(C=1)C(F)(F)F)(=O)=O)C,0.005077586323022842
C(C(=O)N(CC1=CC=CO1)CC1=CC=CC(=C1)OS(C1C=CC=C(C=1)C(F)(F)F)(=O)=O)C(C)C,0.008131603919900953
C1(C(=O)N(CCOC)CC2=CC=CC(=C2)OS(C2C=CC=C(C=2)C(F)(F)F)(=O)=O)=CC=CS1,0.0062477060593664644
C(C(=O)N(C(C)C)CC1=CC=CC(=C1)OS(C1C=CC=C(C=1)C(F)(F)F)(=O)=O)OC,0.007199877337552607
C1(NC(=O)N(CCOC)CC2C=CC(=CC=2)OS(C2C=CC=C(C=2)C(F)(F)F)(=O)=O)C=CC=CC=1OC,0.0047373400419019164
C(NC(=O)N(C(C)CC)CC1C=C(OS(=O)(=O)C2C=CC=C(C=2)C(F)(F)F)C=CC=1)(C)C,0.005408906494267285
C(C)(C)(C)CC(=O)N(CC1=CC=CO1)CC1=CC=CC(=C1)OS(C1C=CC=C(C=1)C(F)(F)F)(=O)=O,0.008437450649216771
C1(C(=O)N(CCOC)CC2=CC=CC(=C2)OS(C2C=CC=C(C=2)C(F)(F)F)(=O)=O)C=CC=CC=1Cl,0.006836137967184186
C(C(=O)N(C(C)C)CC1=CC=CC(=C1)OS(C1C=CC=C(C=1)C(F)(F)F)(=O)=O)(C)C,0.008699786639772356
N(CC1=CC=CO1)(C(NC(C)(C)C)=O)CC1C=CC(=CC=1)OS(C1C=CC=C(C=1)C(F)(F)F)(=O)=O,0.005075625656172633
C(NC(=O)N(C1CC1)CC1C=CC(OS(=O)(=O)C2C=CC=C(C=2)C(F)(F)F)=CC=1)(C)(C)C,0.00533347325399518
C1(=C(F)C=CC=C1)C(=O)N(CC(C)C)CC1C=C(OS(=O)(=O)C2C=C(F)C(OC)=CC=2)C=CC=1,0.009952698601409793
C1(C(=O)N(CC2=CC=CO2)CC2=CC=CC(=C2)OS(C2C=CC=C(C=2)C(F)(F)F)(=O)=O)C=CC=CC=1F,0.00766689411830157
C1(C(=O)N(C(C)C)CC2=CC=CC(=C2)OS(C2C=CC=C(C=2)C(F)(F)F)(=O)=O)CCC1,0.008399573247879743
N(CC1=CC=CO1)(C(NCC)=O)CC1C=CC(=CC=1)OS(C1C=CC=C(C=1)C(F)(F)F)(=O)=O,0.004913022613618523
C(NC(=O)N(C1CC1)CC1C=CC(OS(=O)(=O)C2C=CC=C(C=2)C(F)(F)F)=CC=1)C,0.004854189755860716
C(N(CC(C)C)CC1C=C(OS(=O)(=O)C2C=C(F)C(OC)=CC=2)C=CC=1)(=O)C1C=CC=C(F)C=1,0.009669347479939461
C1(C(=O)N(CC2=CC=CO2)CC2=CC=CC(=C2)OS(C2C=CC=C(C=2)C(F)(F)F)(=O)=O)C=CC=C(F)C=1,0.007521607168018818
C(C)(C)(C)CC(=O)N(CCOC)CC1=CC=CC(=C1)OS(C1C=CC=C(C=1)C(F)(F)F)(=O)=O,0.007996402191929519
C(NC(=O)N(CC1=CC=CO1)CC1C=CC(OS(=O)(=O)C2C=CC=C(C=2)C(F)(F)F)=CC=1)(C)C,0.004928120621480047
C(NC(=O)N(C1CC1)CC1C=CC(OS(=O)(=O)C2C=CC=C(C=2)C(F)(F)F)=CC=1)(C)C,0.005225460045039654
C1(C(=O)N(CCOC)CC2=CC=CC(=C2)OS(C2C=CC=C(C=2)C(F)(F)F)(=O)=O)=CC=CO1,0.008548888843506575
C1(C(=O)N(CCOC)CC2=CC=CC(=C2)OS(C2C=CC=C(C=2)C(F)(F)F)(=O)=O)C=CC=CC=1F,0.00681342426687479
N(CC1=CC=CO1)(C(NC1C=CC=CC=1OC)=O)CC1C=CC(=CC=1)OS(C1C=CC=C(C=1)C(F)(F)F)(=O)=O,0.004805713624227792
N(CC1=CC=CO1)(C(NCC)=O)CC1C=CC(=CC=1)OS(=O)(=O)C,0.004955234890803695
C1(C(=O)N(CCOC)CC2=CC=CC(=C2)OS(C2C=CC=C(C=2)C(F)(F)F)(=O)=O)C=CC=C(F)C=1,0.006756672402843833
C(C)(C)(C)CC(=O)N(C(C)C)CC1=CC=CC(=C1)OS(C1C=CC=C(C=1)C(F)(F)F)(=O)=O,0.009115838957950474
C(NC(=O)N(CCOC)CC1C=CC(=CC=1)OS(C1C=CC=C(C=1)C(F)(F)F)(=O)=O)(C)(C)C,0.0048420534702017905
C(N(CC1CCCO1)CC1=CC(=CC=C1OS(=O)(=O)C1=CC=C(C=C1)F)Cl)(CC(C)(C)C)=O,0.00742386388592422
N(C(C)(C)C)C(N(CC1CC1)CC1=CC(=CC=C1OS(=O)(=O)C1=CC=C(C=C1)F)Cl)=O,0.005748026701621711
N(CC)C(N(CC1CCCO1)CC1=CC(=CC=C1OS(=O)(=O)C1=CC=C(C=C1)F)Cl)=O,0.004522659245412797
N(C(C)C)C(N(CC1CCCO1)CC1=CC(=CC=C1OS(=O)(=O)C1=CC=C(C=C1)F)Cl)=O,0.0047673546592704955
C(N(CC1CC1)CC1=CC(=CC=C1OS(=O)(=O)C1=CC=C(C=C1)F)Cl)(C(C)C)=O,0.007961502415128052
C(N(CC1CC1)CC1=CC(=CC=C1OS(=O)(=O)C1=CC=C(C=C1)F)Cl)(C1CCC1)=O,0.008015100331977009
C1(=CC=CC=C1Cl)C(=O)N(CC1CC1)CC1=CC(=CC=C1OS(=O)(=O)C1=CC=C(C=C1)F)Cl,0.008038830012083054
C(N(CC1CC1)CC1=CC(=CC=C1OS(=O)(=O)C1=CC=C(C=C1)F)Cl)(=O)C1C=CC=C(F)C=1,0.007836276548914611
C(N(CC1CC1)CC1=CC(=CC=C1OS(=O)(=O)C1=CC=C(C=C1)F)Cl)(COC)=O,0.007397350133396685
C1(C(=O)N2C(C3=CC=CC(=C3)C(F)(F)F)SCC2)C=CC=C(F)C=1,0.004883827781304717
C1(C(=O)N2CC(CCC2)OCC2C=CC=C(Cl)C=2)=CC=C(C=C1)OC,0.008700734050944448
C1C(OC)=C(C=CC=1)C(=O)N1CCC(C(NC(=O)C2C=C(C)C=CC=2)C(N2CCOCC2)=O)CC1,0.008137703011743724
N1(C2=CC=C(Cl)C=C2C)C(=O)C(C)N(C(=O)C2CCCC2)CC1,0.010515727428719401
C1C(CC2C=CC(C(F)(F)F)=CC=2)CCN(C(C2OC=CC=2)=O)C1,0.0079123895149678
C1C(CC2C=CC(C3C=CC=CC=3)=CC=2)CCN(C(C(OC(=O)C)C2=CC=CC=C2)=O)C1,0.010827382281422614
C1(C(=O)N2CC(C(C3=CC=C(OC)C=C3)C2)C(=O)NCC2=CC=CC=C2)CCCC1,0.01022736164741218
N(CC1=CC=CO1)(C(=O)C1=CC=CO1)CC1=CC=CC(=C1)OS(=O)(=O)C1C=CC(=CC=1)F,0.010481993714347482
N(CC(C)C)(C(=O)C1=CC=CC=C1OC)CC(=O)N1CCC2SC=CC=2C1C1C=CC(=CC=1)Cl,0.008991441898979246
C(N(CCOC)CC1=C(OS(=O)(=O)C2C=CC(=CC=2)OC)C=CC=C1)(CC(C)C)=O,0.011082103289663792
O=C(CN1C2C(C(=O)N(C3=CC=CC(C(C)=O)=C3)C1=O)=CC=C(C=2)Cl)NC(C)CC,0.0073693459155038
N(CC(C)C)(C(=O)C1C=CC=C(F)C=1)CC1=CC(=C(OC)C=C1)OS(=O)(=O)C1C=CC(=CC=1)F,0.009349128836765886
C(C(=O)N1CC(C(C2=CC=CC(F)=C2)C1)C(=O)NCCOC)C,0.00584060400724411
C(N(CC1CCCO1)CC1C=C(OS(=O)(=O)C2C=CC(=CC=2)OC)C=CC=1)(COC)=O,0.009421644825488329
C(N(CC1CCCO1)CC1=CC(OS(=O)(=O)C2C=CC(=CC=2)OC)=C(OC)C=C1)(=O)C1C=CC=C(F)C=1,0.008599038049578667
C1(C(=O)N2CC(C(C3=CC=CC(F)=C3)C2)C(=O)NCCOC)=CC=CC=C1C,0.005936584458686412
C(C(=O)N1CC(C(C2=CC=CC(F)=C2)C1)C(=O)NCCC)(C)C,0.007484437641687691
C(N(CC1=CC=C(F)C=C1)CC1=C(OS(=O)(=O)C2C=CC(=CC=2)OC)C=CC=C1)(C1CCC1)=O,0.009106000047177076
C(C(=O)N1CC(C(C2=CC=CC(F)=C2)C1)C(=O)NCCC)C,0.0068782510235905646
C(C1=CC(OS(=O)(=O)C(C)C)=C(OC)C=C1)N(C(NC1C=CC=CC=1OC)=O)CCOC,0.007708650943823159
C1(=CC=CO1)C(=O)N(CC1=CC=CO1)CC1C=C(OS(=O)(=O)C2C=CC(=CC=2)OC)C=CC=1,0.01238668942824006
C(N(CC1CCCO1)CC1=CC(OS(=O)(=O)C2=CC=C(C=C2)F)=C(OC)C=C1)(COC)=O,0.008849671040661634
N(C1CC1)(S(=O)(=O)C1C=CC2=CC=CC=C2C=1)CC(=O)N1CCC2SC=CC=2C1C1C=CC(=CC=1)Cl,0.00589172865729779
N1(CC(COC2C=C(C)C(Cl)=CC=2)OCC1)C(=O)CCOC1=CC=C(Cl)C=C1,0.009476232412271201
C1(=CC=CC=C1)CNC(C1COC2(CCN(CC2)C(=O)C2=CC=CS2)N1C(=O)C1=CC=C(C)C=C1)=O,0.00618353676982224
C(N(C1CC1)CC1=CC(=CC=C1OS(=O)(=O)C1=CC=C(C=C1)NC(C)=O)Cl)(CC(C)C)=O,0.00685529038310051
C1(=CC=CC=C1)CNC(C1COC2(CCN(CC2)C(C2=CC=C(OC)C(OC)=C2)=O)N1C(=O)C1=CC=CC=C1C)=O,0.006633772770874203
C1(=CC=CC=C1)CNC(C1COC2(CCN(CC2)C(=O)C2=CC=CC=C2Cl)N1C(=O)C1=CC=C(C)C=C1)=O,0.0064186139963567255
C(N(CCOC)CC1=CC(=CC=C1OS(=O)(=O)C1=CC=C(C=C1)NC(C)=O)Cl)(C1CCC1)=O,0.006880060024559498
C(F)(F)(F)C1=CC=CC(CNC(C2COC3(CCN(CC3)C(C3=CC=C(OC)C(OC)=C3)=O)N2C(=O)C2=CC=CC=C2C)=O)=C1,0.004991528624668717
C(NC(=O)N(CC1=CC=C(F)C=C1)CC1=C(OS(=O)(=O)C2=CC=C(C=C2)F)C=CC=C1)(C)C,0.005480202287435532
C(C1=CC(OS(=O)(=O)C2=CC=C(C=C2)NC(C)=O)=C(OC)C=C1)N(C(NC(C)C)=O)C(C)CC,0.006840578629635274
C1C=C(OC(F)(F)F)C=C(C=1)COC1C[C@](OCC2C=CC=CC=2F)(C(NC2CC2)=O)C[C@H]2OC(C)(C)O[C@H]21,0.005558124126400799
C1(=CC=CC=C1F)C(=O)N(CCOC)CC1C=CC(OS(=O)(=O)C2C=CC(=CC=2)OC)=CC=1,0.009318590443581343
C(N(CC1=CC=C(F)C=C1)CC1C=CC(OS(=O)(=O)C2C=CC(=CC=2)OC)=CC=1)(C1CCC1)=O,0.008893084293231369
C1(=CC=CC=C1)CNC(C1COC2(CCN(CC2)C(=O)C2=CC=C(C=C2)F)N1C(=O)C1=CC=C(C)C=C1)=O,0.005664879991672933
C1(=CC=CO1)C(=O)N(CC(C)C)CC1=CC(=CC=C1OS(=O)(=O)C1=CC=C(C=C1)F)Cl,0.00899854563176632
C(C(=O)N1CCC(C(NC(=O)C2=CC=C(C=C2)OC)C(NC(C)CC)=O)CC1)OC,0.008398438966833056
N(C(=O)C1C[C@H]1C1C=CC=CC=1)(CC1C=CC(=CC=1)OS(=O)(=O)C1C=CC(=CC=1)F)CC(C)C,0.00825160969980061
C(C(=O)N(CC1=CC=C(F)C=C1)CC1=CC=CC(=C1)OS(=O)(=O)C1C=CC(=CC=1)F)(C)C,0.008847082126885652
N(C(C)CC)(C(=O)C1C=CC(=CC=1)OC)CC1=CC(=C(OC)C=C1)OS(=O)(=O)C1C=CC(=CC=1)F,0.008727197488769888
N(C(=O)CCCCCC)(CC1C=CC(=CC=1)OS(=O)(=O)C1C=CC(=CC=1)F)CC1=CC=CO1,0.008113199612125754
N(CC(C)C)(C(NCC1C=CC=CC=1)=O)CC1=CC(=C(OC)C=C1)OS(=O)(=O)C1C=CC(=CC=1)F,0.00674308321904391
N(C(NC1C=CC(C)=C(C)C=1)=O)(CC1C=CC(=CC=1)OS(=O)(=O)C1C=CC(=CC=1)F)CC(C)C,0.006487455451861024
N(S(=O)(=O)C1C=CC2=CC=CC=C2C=1)(CC1C=CC(=CC=1)OS(=O)(=O)C1C=CC(=CC=1)F)CCOC,0.00564817434642464
C1(C(=O)N(CC2=CC=C(F)C=C2)CC2=CC=CC(=C2)OS(=O)(=O)C2C=CC(=CC=2)F)CCCCC1,0.009248261293396353
C1(C(=O)N(C(C)CC)CC2=CC=CC(=C2)OS(C2C=CC=C(C=2)C(F)(F)F)(=O)=O)C=CC(OC)=CC=1OC,0.0069385846843943
N(C(C)CC)(C(=O)C(C1C=CC=CC=1)C1C=CC=CC=1)CC1=CC=CC(=C1)OS(=O)(=O)C1C=CC(=CC=1)F,0.00949311456643045
N(C(=O)C1C=CC(OC)=CC=1OC)(CC1C=CC(=CC=1)OS(=O)(=O)C1C=CC(=CC=1)F)CC1=CC=CO1,0.007771889423020184
C(C(=O)N(CC(C)C)CC1=CC=CC(=C1)OS(C1C=CC=C(C=1)C(F)(F)F)(=O)=O)CC1C=CC=CC=1,0.00788599015213549
N(C(C1C=CC(=CC=1)C(F)(F)F)=O)(CC1C=CC(=CC=1)OS(=O)(=O)C1C=CC(=CC=1)F)C(C)C,0.007557407952845097
C1C(=CC=CC=1NC(=O)N(CC1=CC=CO1)CC1=CC=CC(=C1)OS(C1C=CC=C(C=1)C(F)(F)F)(=O)=O)OC,0.004630955518223345
N(C(=O)C1C=CC(OC)=CC=1OC)(CC1C=CC(=CC=1)OS(=O)(=O)C1C=CC(=CC=1)F)C(C)CC,0.00784598987083882
C(C(=O)N(CC1=CC=CO1)CC1=CC=CC(=C1)OS(C1C=CC=C(C=1)C(F)(F)F)(=O)=O)CC1CCCC1,0.008348110830411315
C1(C(=O)N(C(C)CC)CC2C=CC(=CC=2)OS(=O)(=O)C)=CC=C(C=C1)C1C=CC=CC=1,0.010632545687258244
C1(C)C=C(C)C=CC=1NC(=O)N(CCOC)CC1=CC=CC(=C1)OS(C1C=CC=C(C=1)C(F)(F)F)(=O)=O,0.004526935773901642
C1(C(=O)N(CC(C)C)CC2C=CC(=CC=2)OS(C2C=CC=C(C=2)C(F)(F)F)(=O)=O)C=CC(Cl)=CC=1Cl,0.0072678029770031575
C(C(=O)N(CCOC)CC1=CC=CC(=C1)OS(C1C=CC=C(C=1)C(F)(F)F)(=O)=O)(C)(C)CCl,0.007746315654367208
C1(C(=O)N(C(C)CC)CC2C=CC(=CC=2)OS(=O)(=O)C)=CC=CC2C=CC=CC1=2,0.009919124562293291
C1(S(=O)(=O)N(C(C)CC)CC2C=CC(=CC=2)OS(=O)(=O)C)=C(C)C=C(C)C=C1C,0.007751753274351359
C1(C(=O)N(CC(C)C)CC2C=CC(=CC=2)OS(C2C=CC=C(C=2)C(F)(F)F)(=O)=O)C=CC(C)=CC=1,0.008403904642909766
C1(C(=O)N(C(C)C)CC2=CC=CC(=C2)OS(C2C=CC=C(C=2)C(F)(F)F)(=O)=O)C=CC(C)=CC=1,0.007927387091331183
C1(C(=O)N(C(C)CC)CC2C=CC(=CC=2)OS(=O)(=O)C)C=CC2C=CC=CC=2C=1,0.00987885557115078
N(CC(C)C)(C(NCCCC)=O)CC1=CC=CC(=C1)OS(=O)(=O)C1C=CC(=CC=1)F,0.005899078375659883
N(CC(C)C)(C(=O)C1=CC=C(CC)C=C1)CC1=CC(=C(OC)C=C1)OS(=O)(=O)C1C=CC(=CC=1)F,0.010502369608730078
C1(OC)C=C(OC)C=CC=1NC(=O)N(CC1=CC=CO1)CC1=CC=CC(=C1)OS(C1C=CC=C(C=1)C(F)(F)F)(=O)=O,0.00463391348021105
N(CC1=CC=CO1)(C(NC1=CC=CC=C1OCC)=O)CC1=CC=CC(=C1)OS(=O)(=O)C1C=CC(=CC=1)F,0.00514717698097229
C1(C(=O)N(CC2=CC=C(F)C=C2)CC2=CC=CC(=C2)OS(=O)(=O)C2C=CC(=CC=2)F)=CC=CO1,0.009254262084141374
C1(NC(=O)N(CC2=CC=CO2)CC2=CC=CC(=C2)OS(C2C=CC=C(C=2)C(F)(F)F)(=O)=O)C=CC=CC=1C,0.004677050595637411
C1(S(=O)(=O)NCC2N(C(NC3C=CC=CC=3OC)=O)CCC3C2=CC(OC)=C(OC)C=3)=CC=C(C=C1)Cl,0.0036228076205588877
O1C(CNC(C2COC3(CCN(CC3)C(=O)C3=CC=CC=C3Cl)N2C(=O)C2C=CC=C(F)C=2)=O)=CC=C1,0.006454866449348629
C1(=CC=CC=C1)CNC(C1COC2(CCN(CC2)C(=O)C2C=CC(Cl)=C(Cl)C=2)N1C(=O)C1=CC=C(C)C=C1)=O,0.006292801443487405
C1C=C(C=CC=1C)NC(=O)NCC1N(C(NC2C=CC=CC=2OC)=O)CCC2C1=CC(OC)=C(OC)C=2,0.005848318757489324
C(C1COC2(CCN(CC2)C(=O)C2=CC=C3OCOC3=C2)N1C(=O)C1=CC=C(C=C1)OC)(=O)N1CCC(CC1)C(OCC)=O,0.008726137503981591
C1(=CC=CC=C1)CNC(C1COC2(CCN(CC2)C(=O)C2C=CC(=CC=2)Cl)N1C(=O)C1C=CC=C(F)C=1)=O,0.00509655213681981
C(C)(C)NC(C1COC2(CCN(CC2)C(=O)CC)N1C(=O)C1=CC=CC(OC)=C1)=O,0.008034615265205502
C1(=CC=CC=C1)CNC(C1COC2(CCN(CC2)C(=O)C2=CC=C(CC)C=C2)N1C(=O)C1=CC=CC=C1C)=O,0.007286137458868325
O1C(CNC(C2COC3(CCN(CC3)C(=O)C3=CC=CC=C3C)N2C(=O)C2C=CC=C(F)C=2)=O)=CC=C1,0.006448140181601047
C1(CC1)NC(C1COC2(CCN(CC2)C(=O)CC)N1C(=O)C1=CC=CC(OC)=C1)=O,0.00782799106091261
O1C(CNC(C2COC3(CCN(CC3)C(=O)C3=CC=C(C=C3)F)N2C(=O)C2=CC=CO2)=O)=CC=C1,0.007331427512690425
C1(S(=O)(=O)NCC2N(C(NC(C)(C)C)=O)CCC3C2=CC(OC)=C(OC)C=3)C=CC(=CC=1)OC,0.004754929873161018
C1(C(=O)N2CC(C(C3=CC=C(F)C=C3)C2)C(=O)NCCCC)CC1,0.007917827065102755
C(CC)NC(C1COC2(CCN(CC2)C(=O)CC)N1C(=O)C1=CC=CC(OC)=C1)=O,0.007991029229015113
C1(=CC=CC=C1)CNC(C1COC2(CCN(CC2)C(=O)C2=CC=CO2)N1C(=O)C1=CC=CO1)=O,0.008513193111866713
C1(NC(=O)NCC2N(C(NC(C)(C)C)=O)CCC3C2=CC(OC)=C(OC)C=3)C=CC(=CC=1)C,0.006677928892895579
C1(=CC=CC=C1)C(C)NC(C1COC2(CCN(CC2)C(=O)C2C=CC(Cl)=C(Cl)C=2)N1C(=O)C1=CC=CC(OC)=C1)=O,0.006273600878193975
C(C(C)C)NC(C1COC2(CCN(CC2)C(=O)C2=CC=C(C=C2)F)N1C(=O)C1=CC=CC(OC)=C1)=O,0.006880519655533135
C1(C(=O)NCC2N(C(NC3=CC=CC(C)=C3)=O)CCC3C2=CC(OC)=C(OC)C=3)=CC=C(C=C1)OC,0.005780208366923034
C1(C(=O)NCC2N(C(NCCC)=O)CCC3C2=CC(OC)=C(OC)C=3)=CC=CC=C1C,0.006871318514458835
O1CCCC1CNC(C1COC2(CCN(CC2)C(=O)C2C=CC(Cl)=C(Cl)C=2)N1C(=O)C1=CC=CC(OC)=C1)=O,0.007131479261443019
C1(=CC=CC=C1)CNC(C1COC2(CCN(CC2)C(=O)C2=CC=C(C=C2)F)N1C(=O)C1=CC=CC(OC)=C1)=O,0.005628343322314322
C1(C(=O)NCC2N(C(NC3=CC=CC(F)=C3)=O)CCC3C2=CC(OC)=C(OC)C=3)=CC=CS1,0.0043223879765719175
C1(C(=O)NCC2N(C(NCC)=O)CCC3C2=CC(OC)=C(OC)C=3)=CC=CC=C1C,0.006599088292568922
O1CCN(CC1)C(C1COC2(CCN(CC2)C(=O)C2C=CC(Cl)=C(Cl)C=2)N1C(=O)C1=CC=CC(OC)=C1)=O,0.00814540295396
C1(CC1)NC(C1COC2(CCN(CC2)C(=O)C2=CC=C(C=C2)F)N1C(=O)C1=CC=CC(OC)=C1)=O,0.00652236461173743
O1CCN(CC1)C(C1COC2(CCN(CC2)C(=O)C2=CC=C(C=C2)F)N1C(=O)C1=CC=CC(OC)=C1)=O,0.007579423976130784
O1C(CNC(C2COC3(CCN(CC3)C(=O)C3C=CC(Cl)=C(Cl)C=3)N2C(=O)C2=CC=C(C)C=C2)=O)=CC=C1,0.006938332738354802
C(N(CCOC)CC1C=C(OS(=O)(=O)C2C=CC(=CC=2)OC)C=CC=1)(=O)C1C=CC=C(F)C=1,0.009049875754863023
C1(=CC=CC=C1Cl)C(=O)N(C(C)C)CC1=CC(OS(=O)(=O)C2C=CC(=CC=2)OC)=C(OC)C=C1,0.009525951417163014
C(N(C1CC1)CC1=CC(OS(=O)(=O)C2C=CC(=CC=2)OC)=C(OC)C=C1)(=O)C1C=CC=C(F)C=1,0.009564884565770626
C(C1=CC(OS(=O)(=O)C2=CC=C(C=C2)NC(C)=O)=C(OC)C=C1)N(C(NCC)=O)CC1=CC=CO1,0.005290866526775062
N1(CCC(C(NCCNC(=O)C2C=CC=CC=2)=O)CC1)C(C(Cl)C1C=CC=CC=1)=O,0.005304000270552933
C(N(CC1=CC=CO1)CC1C=CC(OS(=O)(=O)C2C=CC(=CC=2)OC)=CC=1)(C(C)C)=O,0.011337631940841674
C(N(C(C)C)CC1C=C(OS(=O)(=O)C2C=CC(=CC=2)OC)C=CC=1)(=O)C1C=CC=C(F)C=1,0.009149295696988701
C1(=CC=CO1)C(=O)N(C(C)CC)CC1C=C(OS(=O)(=O)C2=CC=C(C=C2)NC(C)=O)C=CC=1,0.00850672167725861
C(NC(=O)N(CC1=CC=CO1)CC1=C(OS(=O)(=O)C2=CC=C(C=C2)NC(C)=O)C=CC=C1)C,0.004965168121270835
C1(NC(=O)N(CC(C)C)CC2=C(OS(=O)(=O)C3=CC=C(C=C3)F)C=CC=C2)C=CC=CC=1OC,0.005967204249463976
C(NC(=O)N(CC1=CC=CO1)CC1=CC(OS(=O)(=O)CC)=C(OC)C=C1)(C)(C)C,0.007469932595267892
C(C1=CC(OS(=O)(=O)C)=C(OC)C=C1)N(C(NC(C)C)=O)CC1=CC=CO1,0.006814675754867494
C(NC(=O)N(CC1CCCO1)CC1=CC(OS(=O)(=O)CC)=C(OC)C=C1)(C)(C)C,0.007945870258845389
C(C1COC2(CCN(CC2)C(=O)C2C=CC=C(Cl)C=2)N1C(=O)C1=CC=C(C=C1)F)(=O)NCCOC,0.005211970757227391
C1(C(=O)N2CC(C(C3=CC=C(F)C=C3)C2)C(=O)NCCC(C)C)CC1,0.008859248738735915
C(C1COC2(CCN(CC2)C(=O)C2CCC2)N1C(=O)C1=CC=C(C=C1)OC)(=O)N1CCOCC1,0.009468787210062146
C(C1COC2(CCN(CC2)C(=O)C2C=CC=C(Cl)C=2)N1C(=O)C1=CC=C(C=C1)F)(=O)NCC1C=CC=C(C=1)C(F)(F)F,0.004021757037844509
C(C)(C)(C)CC(=O)N1CC(C(C2=CC=C(F)C=C2)C1)C(=O)NCCC(C)C,0.009702100232243539
C(C1COC2(CCN(CC2)C(=O)C2CCC2)N1C(=O)C1=CC=C(C=C1)OC)(=O)NCC(C)C,0.008494254038669168
C(C1COC2(CCN(CC2)C(C2=C(F)C=C(F)C=C2)=O)N1C(=O)C1=CC=C(C=C1)OC)(=O)NC(C)CC,0.006380016123875976
C(NC(=O)N1CC(C(C2=CC=C(F)C=C2)C1)C(=O)NCCC(C)C)(C)(C)C,0.005811419640667737
C(OCC)(C1CCN(CC1)C(C1COC2(CCN(CC2)C(=O)CC)N1C(=O)C1=CC=CC(OC)=C1)=O)=O,0.01034102775156498
C(C1COC2(CCC(C)CC2)N1C(=O)CC(C)C)(=O)NCC1CCCO1,0.013817103952169419
C(NC(=O)N1CC(C(C2=CC=C(F)C=C2)C1)C(=O)NCCC(C)C)C,0.005127394152805209
C(C1COC2(CCN(CC2)C(=O)C2CCC2)N1C(=O)C1=CC=C(C=C1)OC)(=O)NC(C)CC,0.008710012817755342
C(=O)(OCC)C1CCCN(C1)C(C1COC2(CCN(CC2)C(=O)CC)N1C(=O)C1=CC=CC(OC)=C1)=O,0.010170320468023419
C(NC(=O)N1CC(C(C2=CC=C(F)C=C2)C1)C(=O)NCCC(C)C)(C)C,0.005626910668797791
C(C1COC2(CCN(CC2)C(=O)C2CCC2)N1C(=O)C1=CC=C(C=C1)OC)(=O)NC1CC1,0.008450180431827903
O1CCCC1CNC(C1COC2(CCN(CC2)C(=O)C2C=CC=C(F)C=2)N1C(=O)C1=CC=CC(OC)=C1)=O,0.0066326155560091134
C(C)(C)(C)CC(=O)N1CC(C(C2=CC=C(F)C=C2)C1)C(=O)NC1CC1,0.009273075591772794
C(C1COC2(CCN(CC2)C(=O)C2CCC2)N1C(=O)C1=CC=C(C=C1)OC)(=O)NCCC,0.008376773702912033
C1(=CC=CC=C1)CNC(C1COC2(CCN(CC2)C(=O)CC2C=CC=CC=2)N1C(=O)C1=CC=CC(OC)=C1)=O,0.006966579519212246
C(C1COC2(CCC(C)CC2)N1C(=O)CC)(=O)N1CCC(CC1)C(OCC)=O,0.0125207151286304
C(C1COC2(CCN(CC2)C(=O)C2CCC2)N1C(=O)C1=CC=C(C=C1)OC)(=O)NCC1CCCO1,0.008542413986288012
CC(=O)N1CC(C(C2=CC=C(F)C=C2)C1)C(=O)NCCC(C)C,0.008257847698405384
C(C1COC2(CCN(CC2)C(=O)C2CCC2)N1C(=O)C1=CC=C(C=C1)OC)(=O)N1CCCC1,0.010514276521280407
C(C1COC2(CCN(CC2)C(=O)C2=CC=CC=C2Cl)N1C(=O)C1C=CC=C(C)C=1)(=O)NCC(C)C,0.00760248580481857
C1(=CC=CC=C1)CNC(C1COC2(CCN(CC2)C(CC(C)(C)C)=O)N1C(=O)C1=CC=CC=C1C)=O,0.00866301793139428
C(C1COC2(CCN(CC2)C(=O)C2=CC=CC(OC)=C2)N1C(=O)C1C=CC=C(C)C=1)(=O)N1CCC(CC1)C(OCC)=O,0.00909546185284853
C(C1COC2(CCN(CC2)C(=O)CC2C=CC=CC=2)N1C(=O)C1=CC=C(C=C1)OC)(=O)NCC1=CC=CC=C1,0.0067138059064745905
O1CCCC1CNC(C1COC2(CCN(CC2)C(CC(C)(C)C)=O)N1C(=O)C1=CC=CC(OC)=C1)=O,0.008993066218681633
C(C1COC2(CCN(CC2)C(=O)C2=CC=CC=C2Cl)N1C(=O)C1C=CC=C(C)C=1)(=O)NCC1=CC=CO1,0.007111511076800525
C(C1COC2(CCN(CC2)C(=O)CC2=CC=CS2)N1C(=O)C1=CC=C(C=C1)F)(=O)NCC1=CC=CC=C1,0.004781727679073811
C(C1COC2(CCN(CC2)C(C2=CC=C(OC)C(OC)=C2)=O)N1C(=O)C1=CC=C(C=C1)OC)(=O)NCC1C=CC=C(C=1)C(F)(F)F,0.004608556756284088
C(C1COC2(CCN(CC2)C(=O)C2C=CC=C(C)C=2)N1C(=O)C1C=CC=C(C)C=1)(=O)NCC1=CC=C2OCOC2=C1,0.006302920007146895
C(C1COC2(CCN(CC2)C(=O)CC2C=CC=CC=2)N1C(=O)C1=CC=C(C=C1)OC)(=O)NCCC,0.007330172089859843
C1(=CC=CC=C1)CNC(C1COC2(CCN(CC2)C(=O)C2C=CC(=CC=2)Cl)N1C(=O)C1=CC=CC(OC)=C1)=O,0.006139856879599392
C(C1COC2(CCN(CC2)C(C2=C(F)C=C(F)C=C2)=O)N1C(=O)C1C=CC=C(C)C=1)(=O)NCC1=CC=CO1,0.006301757087931037
C(C1COC2(CCN(CC2)C(=O)CC2=CC=CS2)N1C(=O)C1=CC=C(C=C1)F)(=O)NC1CC1,0.005051763541996479
C(C1COC2(CCN(CC2)C(=O)C2=CC=C(CC)C=C2)N1C(=O)C1C=CC=C(C)C=1)(=O)NCC1=CC=C2OCOC2=C1,0.006196818384341896
C(C1COC2(CCN(CC2)C(=O)C2=CC=CS2)N1C(=O)C1=CC=C(C=C1)F)(=O)NC(C)C,0.005207663937471807
C(C1COC2(CCN(CC2)C(=O)C2=CC=CO2)N1C(=O)C1=CC=C(C=C1)OC)(=O)NC1CC1,0.007667825440876186
C(C1COC2(CCN(CC2)C(C2=CC=C(OC)C(OC)=C2)=O)N1C(=O)C1=CC=C(C=C1)OC)(=O)N1CCCC1,0.009257244458422065
C(C1COC2(CCN(CC2)C(=O)C2=CC=C(C=C2)F)N1C(=O)C1=CC=C(C=C1)OC)(=O)NCC1=CC=CO1,0.006444822694174945
C(C1COC2(CCN(CC2)C(=O)C2=CC=C(C=C2)F)N1C(=O)C1C=CC=C(C)C=1)(=O)NCC1CCCO1,0.006236680317670107
C(C1COC2(CCN(CC2)C(=O)C2=CC=CO2)N1C(=O)C1=CC=C(C=C1)OC)(=O)NCCC,0.0075355830369517205
C(C1COC2(CCN(CC2)C(=O)CC(C)C)N1C(=O)C1=CC=C(C=C1)OC)(=O)NCC1=CC=C2OCOC2=C1,0.007693839399144054
C(C(C)C)NC(C1COC2(CCN(CC2)C(=O)C2C=CC(Cl)=C(Cl)C=2)N1C(=O)C1=CC=CC(OC)=C1)=O,0.007119694980792702
C(NC(C1COC2(CCN(CC2)C(=O)C2=CC=CO2)N1C(=O)C1=CC=CC=C1C)=O)C(C)C,0.00910196932964027
C(C1COC2(CCN(CC2)C(=O)C2=CC=CC=C2Cl)N1C(=O)C1=CC=C(C=C1)OC)(=O)NCC1=CC=CC=C1,0.006365279131568968
C(C1COC2(CCN(CC2)C(=O)CC(C)C)N1C(=O)C1=CC=C(C=C1)OC)(=O)N1CCC(CC1)C(OCC)=O,0.010080772871151566
O1C(CNC(C2COC3(CCN(CC3)C(=O)C3C=CC(Cl)=C(Cl)C=3)N2C(=O)C2=CC=CC(OC)=C2)=O)=CC=C1,0.006432320433668792
C(C1COC2(CCN(CC2)C(=O)C2=CC=CO2)N1C(=O)C1C=CC=C(C)C=1)(=O)NCC1=CC=CO1,0.0079723603092134
C(C1COC2(CCN(CC2)C(=O)C2C=CC=C(C)C=2)N1C(=O)C1=CC=C(C=C1)OC)(=O)NCCC,0.007714449637569487
C(C1COC2(CCN(CC2)C(CC(C)(C)C)=O)N1C(=O)C1=CC=C(C=C1)OC)(=O)NCC1=CC=CO1,0.00804344043135643
C1(=CC=CC=C1)CNC(C1COC2(CCN(CC2)C(=O)C2C=CC(Cl)=C(Cl)C=2)N1C(=O)C1=CC=CC(OC)=C1)=O,0.006134965154342353
C(C1COC2(CCN(CC2)C(=O)C2=CC=CO2)N1C(=O)C1C=CC=C(C)C=1)(=O)NC1CC1,0.008151923934929074
C(F)(F)(F)C1=CC=CC(CNC(C2COC3(CCN(CC3)C(=O)CC)N2C(=O)C2=CC=CC=C2C)=O)=C1,0.004951948719099164
C(C1COC2(CCN(CC2)C(=O)C2C=CC=C(C)C=2)N1C(=O)C1=CC=C(C=C1)OC)(=O)NCC1CCCO1,0.007694031321443617
C(NC(=O)N1CCC(C(NC(=O)C2=C(F)C=CC=C2)C(NC(C)CC)=O)CC1)C,0.00481959970202297
C(C1COC2(CCN(CC2)C(CC(C)(C)C)=O)N1C(=O)C1=CC=C(C=C1)OC)(=O)N1CCC(CC1)C(OCC)=O,0.010461489856243133
O1CCCC1CNC(C1COC2(CCN(CC2)C(=O)CC)N1C(=O)C1=CC=CC(OC)=C1)=O,0.008388301241211593
C(C1COC2(CCN(CC2)C(=O)CC2C=CC=CC=2)N1C(=O)C1=CC=C(C=C1)OC)(=O)N1CCC(CC1)C(OCC)=O,0.008874932932667435
C(C(=O)N1CC(C(C2=CC(OC)=CC=C2OC)C1)C(=O)NCC1=CC=CC=C1)C1C=CC=CC=1,0.008671483932994306
C(C(=O)N1CCC(C(NC(=O)C2=CC=C(C=C2)OC)C(NCCCOC)=O)CC1)OC,0.007774867699481547
C(C1COC2(CCN(CC2)C(=O)C2=CC=CS2)N1C(=O)C1C=CC=CC=1)(=O)NCC1=CC=CO1,0.006701650423929095
C(C1COC2(CCN(CC2)C(=O)C2=CC=CC(OC)=C2)N1C(=O)C1C=CC=CC=1)(=O)N(CC1=CC=CC=C1)C,0.008645655238069594
C(C1COC2(CCN(CC2)C(=O)C2=CC=C(C=C2)OC)N1C(=O)C1C=CC=CC=1)(=O)NC(C)C,0.007626024540513754
C(C1COC2(CCN(CC2)C(=O)C(C)C)N1C(=O)C1=CC=C(C=C1)F)(=O)N1CCC(CC1)C(OCC)=O,0.00899151861667633
C(C(=O)N1CC(C(C2=CC(OC)=CC=C2OC)C1)C(=O)NCCCOC)C(C)C,0.008994954056106508
C(C1COC2(CCN(CC2)C(=O)C2=CC=CS2)N1C(=O)C1C=CC=CC=1)(=O)NCC1=CC=CC=C1,0.0061454367591068145
C(C1COC2(CCN(CC2)C(=O)C2C=CC(Cl)=C(Cl)C=2)N1C(=O)C1=CC=C(C=C1)F)(=O)NCC1CCCO1,0.005943221761845053
C(C1COC2(CCN(CC2)C(=O)C2=CC=C(C=C2)OC)N1C(=O)C1C=CC=CC=1)(=O)NC(C)CC,0.007803431549109519
N(CC=C)(C(=O)CC1C(=O)NC2=CC=CC=C2S1)CC=C,0.008542350819334387
C(C1COC2(CCN(CC2)C(=O)C2=CC=CS2)N1C(=O)C1C=CC=CC=1)(=O)N1CC(CCC1)C(OCC)=O,0.008029723051004111
C(C1COC2(CCN(CC2)C(=O)C2C=CC(Cl)=C(Cl)C=2)N1C(=O)C1=CC=C(C=C1)F)(=O)N1CCCC1,0.0072323524625971915
C(C1COC2(CCN(CC2)C(=O)C2=CC=C(C=C2)OC)N1C(=O)C1C=CC=CC=1)(=O)NC1CC1,0.007298120995983481
C(C1COC2(CCN(CC2)C(=O)C2=CC=CC=C2Cl)N1C(=O)C1C=CC=CC=1)(=O)NCC1CCCO1,0.0070580523926764725
C(C1COC2(CCN(CC2)C(=O)C(C)(C)C)N1C(=O)C1=CC=C(C=C1)F)(=O)NC1CC1,0.007476709177717566
C(C1COC2(CCN(CC2)C(=O)C2=CC=C(C=C2)OC)N1C(=O)C1C=CC=CC=1)(=O)NCC1=CC=C2OCOC2=C1,0.006414498132653534
C(C1COC2(CCN(CC2)C(=O)C2=CC=C(C=C2)F)N1C(=O)C1C=CC=CC=1)(=O)NCC1=CC=CC=C1,0.005532859219238162
C(C1COC2(CCN(CC2)C(=O)C2=CC=CC=C2Cl)N1C(=O)C1C=CC=CC=1)(=O)N1CCCC1,0.0084713876247406
C(C1COC2(CCN(CC2)C(=O)C2=CC=C(C=C2)OC)N1C(=O)C1C=CC=CC=1)(=O)NCC(C)C,0.007997115142643452
C(C1COC2(CCN(CC2)C(=O)C2=CC=C(C=C2)OC)N1C(=O)C1C=CC=CC=1)(=O)NCCC,0.0076101042563095685
C12CC(CC)CCC=1C(C(=O)OCC)=C(NC(CC(=O)OC)=O)S2,0.010178123461082577
C(C1COC2(CCN(CC2)C(=O)C2=CC=C(C=C2)F)N1C(=O)C1C=CC=CC=1)(=O)N1CCOCC1,0.006944588432088494
C(C1COC2(CCN(CC2)C(=O)C2=CC=CC=C2Cl)N1C(=O)C1C=CC=CC=1)(=O)N1CCN(CC1)C(C)=O,0.00736438122112304
C(C1COC2(CCN(CC2)C(=O)C2=CC=C(C=C2)OC)N1C(=O)C1C=CC=CC=1)(=O)NCCOC,0.0069161983206868175
N(CC1CC2=CC(C(=O)OC)=CC=C2O1)C(=O)C1=CC=C2C=CC=CC2=C1,0.006610278715379536
C(C1COC2(CCN(CC2)C(=O)C2=CC=C(C=C2)F)N1C(=O)C1C=CC=CC=1)(=O)N1CC(CCC1)C(OCC)=O,0.007691641198471188
C(C1COC2(CCN(CC2)C(=O)C2C=CC(Cl)=C(Cl)C=2)N1C(=O)C1C=CC=CC=1)(=O)NCC1=CC=C2OCOC2=C1,0.005495549389161169
C(C1COC2(CCN(CC2)C(=O)C2=CC=C(C=C2)OC)N1C(=O)C1C=CC=CC=1)(=O)NCC1=CC=CO1,0.007045699330046773
C(C1COC2(CCN(CC2)C(=O)C2=CC=C(C=C2)OC)N1C(=O)C1C=CC=CC=1)(=O)NCC1CCCO1,0.007688778010196984
C(C1COC2(CCN(CC2)C(=O)C2=CC=CS2)N1C(=O)C1C=CC=CC=1)(=O)NCCOC,0.005625636177137494
C(C1COC2(CCN(CC2)C(=O)C2C=CC(Cl)=C(Cl)C=2)N1C(=O)C1C=CC=CC=1)(=O)N1CCC(CC1)C(OCC)=O,0.008277424238622188
C(C1COC2(CCN(CC2)C(=O)C2=CC=C(C=C2)OC)N1C(=O)C1C=CC=CC=1)(=O)NCC1=CC=CC=C1,0.006896889884956181
C(C1COC2(CCN(CC2)C(=O)C2=CC=C(C=C2)OC)N1C(=O)C1C=CC=CC=1)(=O)N1CCOCC1,0.008425078773871063
N(C(=O)CCCCCC)(CC1C=CC(=CC=1)OS(=O)(=O)C1C=CC(=CC=1)F)CC(C)C,0.009238926228135824
C(C(C)N1CC2=C(C1=O)C(C1=C(C(F)(F)F)C=CC=C1)NC(=O)N2CC=C)(NCCOC)=O,0.004944408871233463
C(C1=CC=C(CN2C(=O)CC(C3=CC=C(C=C3)Cl)C(C(OCC)=O)=C2C)C=C1)(NCC(C)C)=O,0.008660134370438754
C(C1=CC=C(CN2C(=O)CC(C3=CC=C(C=C3)Cl)C(C(OCC)=O)=C2C)C=C1)(NCCCCCC)=O,0.007438267976976931
N(C(=O)CC1C=CC=CC=1)(CC1C=CC(=CC=1)OS(=O)(=O)C1C=CC(=CC=1)F)CC(C)C,0.009173087310045958
N(C(=O)C1C=CC(OC)=CC=1OC)(CC1C=CC(=CC=1)OS(=O)(=O)C1C=CC(=CC=1)F)CC(C)C,0.008152844314463437
C1(NC(=O)N(CC(C)C)CC(=O)N(CCC2C=CC(OC)=C(OC)C=2)CC2=CC=C(C)O2)C=CC(=CC=1)C,0.006952842534519732
C1(C(=O)N(CCC)CC(=O)N(CCC2=CC=CC=C2)CC2=CC=C(C)O2)C=CC(=CC=1)OC,0.011772343330085278
C1(C(=O)N(CCCC)CC(=O)N(CCC2=CC=CC=C2)CC2=CC=C(C)O2)C=CC=C(Br)C=1,0.013124703103676439
C1(C(=O)N(CCC(C)C)CC(=O)N(CCC2=CC=CC=C2)CC2=CC=C(C)O2)C=CC=CC=1F,0.011703408230096102
C(C1=CC=C(CN2C(=O)CC(C3=CC=CC=C3F)C(C(OCC)=O)=C2C)C=C1)(NCCCC)=O,0.007355958642438054
C1=C(C=CC=C1NC(=O)N(CC(C)C)CC(=O)N(CCC1C=CC(OC)=C(OC)C=1)CC1=CC=C(C)O1)F,0.006037855450995266
C1(C(=O)N(CCCC)CC(=O)N(CCC2=CC=CC=C2)CC2=CC=C(C)O2)C=CC(=CC=1)F,0.010243004048243165
C1(C(=O)N(CCCC)CC(=O)N(CCC2=CC=CC=C2)CC2=CC=C(C)O2)=CC=CC=C1C,0.013228000979870558
C1(C(=O)N(CCC(C)C)CC(=O)N(CCC2=CC=CC=C2)CC2=CC=C(C)O2)CCCC1,0.016670899093151094
C1=C(C=CC=C1NC(=O)N(CC(C)C)CC(=O)N(CCC1=CC=CC=C1)CC1=CC=C(C)O1)F,0.0064314866438508035
C1(NC(=O)N(CCCC)CC(=O)N(CCC2C=CC(OC)=C(OC)C=2)CC2=CC=C(C)O2)=CC=CC=C1,0.0065031518926844
C(C(=O)N(CCCC)CC(=O)N(CCC1=CC=CC=C1)CC1=CC=C(C)O1)CC1C=CC=CC=1,0.013966800598427653
C1(C(=O)N(CCCC)CC(=O)N(CCC2=CC=CC=C2)CC2=CC=C(C)O2)C=CC(Cl)=C(Cl)C=1,0.011219973675906658
C1(C(=O)N(CCC(C)C)CC(=O)N(CCC2=CC=CC=C2)CC2=CC=C(C)O2)C=CC(=CC=1)Cl,0.012441099667921663
C1(NC(=O)N(CCCC)CC(=O)N(CCC2C=CC(OC)=C(OC)C=2)CC2=CC=C(C)O2)C=CC(=CC=1)C,0.006533993571065366
C1(C(=O)N(CCCC)CC(=O)N(CCC2=CC=CC=C2)CC2=CC=C(C)O2)=CC=CS1,0.011149783059954644
C1(S(=O)(=O)N(CCCC)CC(=O)N(CCC2=CC=CC=C2)CC2=CC=C(C)O2)C=CC(=CC=1)Cl,0.007534194830805063
C(C(=O)N(CCC(C)C)CC(=O)N(CCC1=CC=CC=C1)CC1=CC=C(C)O1)C1C=CC=CC=1,0.015333908516913653
C(C1=CC=C(CN2C(=O)CC(C3C=CC(=CC=3)C)C(C(OCC)=O)=C2C)C=C1)(NCCCC)=O,0.008676860621199012
C1(C(=O)N(CCCC)CC(=O)N(CCC2=CC=CC=C2)CC2=CC=C(C)O2)C=CC(=CC=1)OC,0.012023449502885341
C1(S(=O)(=O)N(CCCC)CC(=O)N(CCC2=CC=CC=C2)CC2=CC=C(C)O2)C=CC=CC=1,0.008784358203411103
C1(C(=O)N(CCC(C)C)CC(=O)N(CCC2=CC=CC=C2)CC2=CC=C(C)O2)C=CC(Cl)=C(Cl)C=1,0.012257404252886772
C(C)(C)(C)CC(=O)N(CCCC)CC(=O)N(CCC1=CC=CC=C1)CC1=CC=C(C)O1,0.01689440421760082
C1(C(=O)N(CCC(C)C)CC(=O)N(CCC2=CC=CC=C2)CC2=CC=C(C)O2)=CC=CO1,0.015077493293210864
C1(S(=O)(=O)N(CCC(C)C)CC(=O)N(CCC2=CC=CC=C2)CC2=CC=C(C)O2)C=CC(=CC=1)Cl,0.008251394610852003
C1(C(=O)N(CCCC)CC(=O)N(CCC2=CC=CC=C2)CC2=CC=C(C)O2)C=CC=CC=1F,0.010683417972177266
C(C(=O)N(CCC(C)C)CC(=O)N(CCC1=CC=CC=C1)CC1=CC=C(C)O1)CC1C=CC=CC=1,0.015161951724439859
C1(S(=O)(=O)N(CCCCC)CC(=O)N(CCC2=CC=CC=C2)CC2=CC=C(C)O2)C=CC=CC=1,0.007895106938667596
C(C(=O)N(CCCC)CC(=O)N(CCC1=CC=CC=C1)CC1=CC=C(C)O1)C1C=CC=CC=1,0.014061058592051267
C(C)(C)(C)CC(=O)N(CCC(C)C)CC(=O)N(CCC1=CC=CC=C1)CC1=CC=C(C)O1,0.017111385148018597
C(C(=O)N(CC1CC1)CC(=O)N(CCC1=CC=CC=C1)CC1=CC=C(C)O1)CC1C=CC=CC=1,0.014225313719362021
C(C(=O)N1CC(C(C2=CC(OC)=CC=C2OC)C1)C(=O)NCCC)C(C)C,0.010448916628956795
O1C(CNC(C2COC3(CCN(CC3)C(=O)C3=CC=CC=C3F)N2C(=O)C2=CC=CO2)=O)=CC=C1,0.008180016372352838
C1CCCN1C(C1COC2(CCN(CC2)C(=O)C2=CC=CC=C2F)N1C(=O)C1=CC=CO1)=O,0.009030054556205869
N1(CCC(CC1)C(OCC)=O)C(C1COC2(CCN(CC2)C(=O)CC2=CC=CS2)N1C(=O)C1=CC=CC=C1C)=O,0.008079682430252432
C1(C(=O)N2CC(C(C3=CC=CC(OC)=C3)C2)C(=O)NCCC)CCCC1,0.011325704399496317
C1(=CC=CC=C1)CNC(C1COC2(CCN(CC2)C(=O)C2=CC=CC=C2F)N1C(=O)C1=CC=CO1)=O,0.0069324442651122805
C1CCCN1C(C1COC2(CCN(CC2)C(=O)C2C=CC=C(F)C=2)N1C(=O)C1=CC=CO1)=O,0.008597445487976075
C1(C(=O)NCC2N(C(NC3=CC=C(OCC)C=C3)=O)CCC3C2=CC(OC)=C(OC)C=3)CCCC1,0.006537917559035123
C(F)(F)(F)C1=CC=CC(CNC(C2COC3(CCN(CC3)C(=O)C3=CC=CC=C3F)N2C(=O)C2=CC=CO2)=O)=C1,0.005603257869370282
C1(=CC=CC=C1)CNC(C1COC2(CCN(CC2)C(=O)C2C=CC(=CC=2)Cl)N1C(=O)C1=CC=CO1)=O,0.006842999742366374
C(C1COC2(CCN(CC2)C(=O)C2C(=CC=CC=2OC)OC)N1C(=O)C1=CC=C(C=C1)OC)(=O)N1CCC(CC1)C(OCC)=O,0.008801496215164661
C1(C(=O)N2CC(C(C3=CC=CC=C3)C2)C(=O)N2CCCC2)=CC=C(C)C=C1,0.012911637034267186
C(CC)NC(C1COC2(CCN(CC2)C(=O)C2C=CC=C(C)C=2)N1C(=O)C1=CC=CO1)=O,0.008418532484211028
C1(C(=O)NCC2N(C(NC3=CC=CC(F)=C3)=O)CCC3C2=CC(OC)=C(OC)C=3)C=CC(=CC=1)Cl,0.004554721666499973
C1(C(=O)N2CC(C(C3=CC=CC=C3)C2)C(=O)N2CCCC2)C=CC(=CC=1)Cl,0.011268684081733227
C(CC)NC(C1COC2(CCN(CC2)C(=O)C2=CC=CC=C2F)N1C(=O)C1=CC=CO1)=O,0.007092020125128329
C1CCCN1C(C1COC2(CCN(CC2)C(C2=CC=C(OC)C(OC)=C2)=O)N1C(=O)C1=CC=CO1)=O,0.009311229083687067
C1(C(=O)N2CC(C(C3=CC=C(C)C=C3)C2)C(=O)NCCC)=CC=C(C=C1)OC,0.009623602870851755
C1CCCN1C(C1COC2(CCN(CC2)C(C2=C(F)C=C(F)C=C2)=O)N1C(=O)C1=CC=CO1)=O,0.008518088283017278
C1(C(=O)N2CC(C(C3=CC(OC)=C(OC)C(OC)=C3)C2)C(=O)N2CCCC2)C=CC(=CC=1)Cl,0.010371937975287437
C1(S(=O)(=O)N2CC(C(C3=CC(C(F)(F)F)=CC=C3)C2)C(=O)NCCCOC)C=CC(=CC=1)OC,0.004225463233888149
C(C(=O)N1CC(C(C2=CC(OC)=CC=C2OC)C1)C(=O)NC(C)C)C1C=CC=CC=1,0.009129847190342844
C(C(C)C)NC(C1COC2(CCN(CC2)C(=O)C2=CC=CC=C2F)N1C(=O)C1=CC=CO1)=O,0.007824876089580357
C(C(=O)N1CC(C(C2=CC=C(OC)C=C2)C1)C(=O)NCC1CC1)(C)C,0.011042166966944933
C1(C(=O)N2CC(C(C3=CC(OC)=CC=C3OC)C2)C(=O)NCCCOC)=CC=CC=C1F,0.006718370178714394
O(C)CCNC(C1COC2(CCN(CC2)C(=O)C2=CC=CC=C2F)N1C(=O)C1=CC=CO1)=O,0.006720020691864193
O1CCCC1CNC(C1COC2(CCN(CC2)C(=O)C2=CC=CC=C2F)N1C(=O)C1=CC=CO1)=O,0.007635215343907475
N1(CCC(CC1)C(OCC)=O)C(C1COC2(CCN(CC2)C(=O)C2C=CC(Cl)=C(Cl)C=2)N1C(=O)C1=CC=CC=C1C)=O,0.008318049251101911
C(NC(=O)N1CC(C(C2=CC(OC)=CC=C2OC)C1)C(=O)NC(C)C)C,0.005353969323914498
C1C(CCC2C=C3OCOC3=CC=2)CCN(C(COC(=O)C)=O)C1,0.010419189464300871
C1(=CC=CC=C1Cl)C(=O)N(C(C)C)CC1=CC(OS(=O)(=O)C2=CC=C(C=C2)NC(C)=O)=C(OC)C=C1,0.007028649444691837
C(N(C(C)C)CC1C=C(OS(=O)(=O)C2=CC=C(C=C2)NC(C)=O)C=CC=1)(=O)C1C=CC=C(F)C=1,0.005869719083420932
C(N(CC1CCCO1)CC1=CC(OS(=O)(=O)C2=CC=C(C=C2)NC(C)=O)=C(OC)C=C1)(CC(C)C)=O,0.008201451413333416
C1(OC)C=C2CCN(C(CC(C)(C)C)=O)C(C3C=C(C(F)(F)F)C=CC=3)C2=CC=1OC,0.010156984976492821
C(C1=CC(OS(=O)(=O)C2C=CC(=CC=2)OC)=C(OC)C=C1)N(C(NC(C)C)=O)CC1CCCO1,0.006837851135060191
C(NC(=O)N(CC1=CC=CO1)CC1C=CC(OS(=O)(=O)C2C=CC(=CC=2)OC)=CC=1)C,0.0063410036265850065
C(NC(=O)N(C(C)CC)CC1=C(OS(=O)(=O)C2=CC=C(C=C2)NC(C)=O)C=CC=C1)C,0.005542956688441336
C(NC(=O)N(CC1=CC=CO1)CC1C=CC(OS(=O)(=O)C2=CC=C(C=C2)NC(C)=O)=CC=1)C,0.004866332095116377
N1(C2=C(F)C=C(F)C=C2)C(=O)C(C)N(C(=O)C2C=CC=C(Cl)C=2)CC1,0.005636939883697778
N1(C2C=CC(C)=CC=2C)C(=O)C(C)N(C(NC(C)C)=O)CC1,0.0047414434258826075
N1(C2=C(F)C=C(F)C=C2)C(=O)C(C)N(C(=O)C2C=CC(=CC=2)Cl)CC1,0.005719442130066454
C(C)(C)(C)CC(=O)N(C(C)(C)C)CC(=O)N(CC1=CC=C(F)C=C1)CC1=CC=C(C)S1,0.011075707804411649
C1(C(=O)N(CC(C)C)CC(=O)N(CCC2C=CC(OC)=C(OC)C=2)CC2=CC=C(C)O2)CC1,0.013532528979703784
C(C(=O)N(C(C)C)CC(N(CC1=CC=C(F)C=C1)CC1=CC=C(C)S1)=O)CC1C=CC=CC=1,0.008926095766946673
C(C(=O)N(CC(C)C)CC(=O)N(CCC1C=CC(OC)=C(OC)C=1)CC1=CC=C(C)O1)C1C=CC=CC=1,0.013134773774072527
C(C)(C)(C)CC(=O)N(C(C)C)CC(N(CC1=CC=C(F)C=C1)CC1=CC=C(C)S1)=O,0.010979278897866606
C1(C(=O)N(CC(C)C)CC(=O)N(CCC2C=CC(OC)=C(OC)C=2)CC2=CC=C(C)O2)C=CC=C(Br)C=1,0.012250363919883966
C1(=C(F)C=CC=C1)C(=O)N(C(C)C)CC1C=C(OS(=O)(=O)C2=CC=C(C=C2)NC(C)=O)C=CC=1,0.006040559802204371
C1(NC(=O)N(CCOC)CC(N(CC2=CC=C(F)C=C2)CC2=CC=C(C)S2)=O)=CC=CC=C1,0.004354188241995871
CC(=O)N(CCCC)CC(=O)N(CCC1C=CC(OC)=C(OC)C=1)CC1=CC=C(C)O1,0.013165482506155967
C1(C(=O)N(CC(C)C)CC(=O)N(CCC2C=CC(OC)=C(OC)C=2)CC2=CC=C(C)O2)=CC=CS1,0.010787350684404373
C(C(=O)N(CCCC)CC(=O)N(CCC1C=CC(OC)=C(OC)C=1)CC1=CC=C(C)O1)(C)C,0.014993354771286249
C(N(CC(C)C)CC1=CC(=CC=C1OS(=O)(=O)C1=CC=C(C=C1)F)Cl)(COC)=O,0.007416747068054974
C1(=CC=CC=C1)CNC(CCN(CCCCCC)C(C1=COC=C1)=O)=O,0.009953644359484315
C1(C(=O)N(CC(C)C)CC(=O)N(CCC2C=CC(OC)=C(OC)C=2)CC2=CC=C(C)O2)C=CC(=CC=1)OC,0.012252472201362252
C1(C(=O)N(CCC(C)C)CC(=O)N(CCC2C=CC(OC)=C(OC)C=2)CC2=CC=C(C)O2)CCCC1,0.013922523334622383
C(C(=O)N(CC(C)C)CC(=O)N(CCC1C=CC(OC)=C(OC)C=1)CC1=CC=C(C)O1)C,0.014734614407643676
C1(C(=O)N(CCCCC)CC(=O)N(CCC2C=CC(OC)=C(OC)C=2)CC2=CC=C(C)O2)C=CC(=CC=1)F,0.008236250095069408
C(C(=O)N(CC1=CC=CO1)CC(=O)N(CC1=CC=C(F)C=C1)CC1=CC=C(C)S1)(C)C,0.010664872732013464
C1(C(=O)N(CC(C)C)CC(=O)N(CCC2C=CC(OC)=C(OC)C=2)CC2=CC=C(C)O2)C=CC(C)=CC=1,0.012788785761222244
CC(=O)N(CCCCC)CC(=O)N(CCC1C=CC(OC)=C(OC)C=1)CC1=CC=C(C)O1,0.011851518042385578
C(N(S(=O)(=O)C)C1=CC(OC)=CC=C1)C1=CC=C(C(C)C)C=C1,0.007723476598039269
C1(CNC(CN2C(=O)CSC2C2C=CC=CC=2C)=O)=CC=CO1,0.006769847008399665
C1(C(=O)NC2C=CC(=CC=2)N2CCCN(CC3=CC=C(C=C3)F)C2=O)C=CC=CC=1Cl,0.004519700258970261
O1CCCC1CNC(CC1=CC=C(C=C1)N(C(=O)C1C=CC(=CC=1)Cl)CC1C=CC=C(F)C=1)=O,0.005896610789932311
N1(CCC2(N(C3C=CC(OC)=CC=3)C(=O)CS2)CC1)C(=O)NC1=C(C=CC=C1C(C)C)C(C)C,0.005424574669450522
C(C1CN(C2=CC(Cl)=C(C)C=C2)C(=O)C1)(=O)NC1=CC=CC(OC)=C1,0.007693836535327137
C1C(F)=C(CNC(C2CN(CC3C(OC)=CC=CC=3)C(=O)C2)=O)C=CC=1,0.006898312270641327
C1(C)C=C(C=C(C)C=1)NC(C1CN(C(=O)C1)C1C=CC(=CC=1)OCC)=O,0.009387858933769167
N1(C2=CC=CC=C2F)C(=O)C(C)N(C(NC2=CC=C(C)C=C2)=O)CC1,0.003761192923411727
N1(CC2N(C(=O)C1)CCC1=CC=C(Cl)C=C12)C(NC1C(C)=CC=CC=1CC)=O,0.004814183712005616
C1C(CC2C=C3OCOC3=CC=2)CCN(S(C2C=CC(F)=CC=2)(=O)=O)C1,0.006609602388925851
C1C(CC2C=CC=CC=2)CCN(S(C2C(OC)=CC(Cl)=CC=2)(=O)=O)C1,0.006465288996696472
C(N(CCOC)CC1=CC(=CC=C1OS(=O)(=O)C1=CC=C(C=C1)NC(C)=O)Cl)(CC(C)C)=O,0.0067813297966495155
C(N(CC1CC1)CC1C=C(OS(C2=C(Cl)C=CC=C2C)(=O)=O)C=CC=1)(C(C)C)=O,0.01008375994861126
C(NC(=O)N(CC1CC1)CC1C=C(OS(C2=C(Cl)C=CC=C2C)(=O)=O)C=CC=1)(C)(C)C,0.006280182395130396
C(NC(=O)N(CC(C)C)CC1C=CC(OS(=O)(=O)C2C=CC(=CC=2)OC)=CC=1)(C)(C)C,0.007606699853204191
C1(=CC=CC=C1F)C(=O)N(CC1CCCO1)CC1C=C(OS(C2=C(Cl)C=CC=C2C)(=O)=O)C=CC=1,0.007560989516787231
C(N(CC1=CC=C(F)C=C1)CC1C=C(OS(C2=C(Cl)C=CC=C2C)(=O)=O)C=CC=1)(C(C)C)=O,0.008998622396029532
C1(=CC=CC=C1F)C(=O)N(CCOC)CC1=CC(=CC=C1OS(=O)(=O)C1=CC=C(C=C1)NC(C)=O)Cl,0.005177937808912248
C(N(CC1CC1)CC1C=C(OS(C2=C(Cl)C=CC=C2C)(=O)=O)C=CC=1)(C1CCC1)=O,0.01072584637440741
C(NC(=O)N(CC1CC1)CC1C=C(OS(C2=C(Cl)C=CC=C2C)(=O)=O)C=CC=1)C,0.00581962016876787
C(N(CCOC)CC1C=CC(OS(=O)(=O)C2C=CC(=CC=2)OC)=CC=1)(CC(C)C)=O,0.011145718907937408
C(N(CC1CCCO1)CC1C=C(OS(C2=C(Cl)C=CC=C2C)(=O)=O)C=CC=1)(=O)C1C=CC=C(F)C=1,0.007254188321530819
C(N(CC1=CC=C(F)C=C1)CC1C=C(OS(C2=C(Cl)C=CC=C2C)(=O)=O)C=CC=1)(C1CCC1)=O,0.00856888028793037
O=C(CN1C2C(C(=O)N(C3=CC=CC=C3F)C1=O)=CC(C)=CC=2)NCCOC,0.004317864752374589
O=C(CN1C2C(C(=O)N(C3=CC=CC(Cl)=C3)C1=O)=CC(C)=CC=2)N1CCCC1,0.005700471135787666
N(C(C)C)C(N(CCOC)CC1=CC(=CC=C1OS(=O)(=O)C1=CC=C(C=C1)NC(C)=O)Cl)=O,0.004494437319226563
C1(=CC=CS1)C(=O)N(CC1CC1)CC1C=C(OS(C2=C(Cl)C=CC=C2C)(=O)=O)C=CC=1,0.008039654605090618
C(NC(=O)N(CC1CC1)CC1C=C(OS(C2=C(Cl)C=CC=C2C)(=O)=O)C=CC=1)(C)C,0.006142631289549172
C(N(CCOC)CC1C=CC(OS(=O)(=O)C2C=CC(=CC=2)OC)=CC=1)(COC)=O,0.010329893697053194
C(N(CC1CCCO1)CC1C=C(OS(C2=C(Cl)C=CC=C2C)(=O)=O)C=CC=1)(COC)=O,0.008604459697380662
C(N(CC1=CC=C(F)C=C1)CC1C=C(OS(C2=C(Cl)C=CC=C2C)(=O)=O)C=CC=1)(CC(C)C)=O,0.008559379982762039
O=C(CN1C2C(C(=O)N(C3=CC=CC=C3F)C1=O)=CC(C)=CC=2)NC(C)CC,0.005405348353087902
C(N(CC1CC1)CC1C=C(OS(C2=C(Cl)C=CC=C2C)(=O)=O)C=CC=1)(CC(C)C)=O,0.01024227193556726
C1(NC(=O)N(CC2CC2)CC2C=C(OS(C3=C(Cl)C=CC=C3C)(=O)=O)C=CC=2)C=CC=CC=1OC,0.005717035545967519
C(N(CC1CCCO1)CC1C=C(OS(C2=C(Cl)C=CC=C2C)(=O)=O)C=CC=1)(C(C)C)=O,0.009578264271840452
C(NC(=O)N(CC1CCCO1)CC1C=C(OS(C2=C(Cl)C=CC=C2C)(=O)=O)C=CC=1)(C)(C)C,0.005525062885135412
C(N(CC1=CC=C(F)C=C1)CC1C=C(OS(C2=C(Cl)C=CC=C2C)(=O)=O)C=CC=1)(COC)=O,0.007575631723739207
O=C(CN1C2C(C(=O)N(C3=CC=CC(Cl)=C3)C1=O)=CC(C)=CC=2)N1CCOCC1,0.005073924246244132
C(N(CC1CC1)CC1C=C(OS(C2=C(Cl)C=CC=C2C)(=O)=O)C=CC=1)(CC(C)(C)C)=O,0.0105323176831007
C(N(CC(C)C)CC1C=CC(OS(=O)(=O)C2C=CC(=CC=2)OC)=CC=1)(C1CCC1)=O,0.011565697891637684
C(N(CC1CCCO1)CC1C=C(OS(C2=C(Cl)C=CC=C2C)(=O)=O)C=CC=1)(C1CCC1)=O,0.00913315787911415
C(NC(=O)N(CC1CCCO1)CC1C=C(OS(C2=C(Cl)C=CC=C2C)(=O)=O)C=CC=1)C,0.0051001840038225055
C(NC(=O)N(CC1=CC=C(F)C=C1)CC1C=C(OS(C2=C(Cl)C=CC=C2C)(=O)=O)C=CC=1)(C)(C)C,0.005643625231459737
C1(=CC=CC=C1F)C(=O)N(CC1CC1)CC1C=C(OS(C2=C(Cl)C=CC=C2C)(=O)=O)C=CC=1,0.009008353971876205
C1(=CC=CC=C1Cl)C(=O)N(CC(C)C)CC1C=CC(OS(=O)(=O)C2C=CC(=CC=2)OC)=CC=1,0.009884992381557822
C1(=CC=CS1)C(=O)N(CC1CCCO1)CC1C=C(OS(C2=C(Cl)C=CC=C2C)(=O)=O)C=CC=1,0.006922721723094582
C(NC(=O)N(CC1CCCO1)CC1C=C(OS(C2=C(Cl)C=CC=C2C)(=O)=O)C=CC=1)(C)C,0.005360878561623395
C(NC(=O)N(CC1=CC=C(F)C=C1)CC1C=C(OS(C2=C(Cl)C=CC=C2C)(=O)=O)C=CC=1)C,0.005221890832763166
C(N(CC1CC1)CC1C=C(OS(C2=C(Cl)C=CC=C2C)(=O)=O)C=CC=1)(=O)C1C=CC=C(F)C=1,0.008710507163777947
C(N(CC(C)C)CC1C=CC(OS(=O)(=O)C2C=CC(=CC=2)OC)=CC=1)(CC(C)C)=O,0.012377164186909794
C(N(CC1CCCO1)CC1C=C(OS(C2=C(Cl)C=CC=C2C)(=O)=O)C=CC=1)(CC(C)C)=O,0.00913336845114827
C1(NC(=O)N(CC2CCCO2)CC2C=C(OS(C3=C(Cl)C=CC=C3C)(=O)=O)C=CC=2)C=CC=CC=1OC,0.005025083408690989
C1(=CC=CO1)C(=O)N(CC1CC1)CC1C=C(OS(C2=C(Cl)C=CC=C2C)(=O)=O)C=CC=1,0.010348913632333279
C(N(CC1CC1)CC1C=C(OS(C2=C(Cl)C=CC=C2C)(=O)=O)C=CC=1)(COC)=O,0.00874832586850971
C(N(CC(C)C)CC1C=CC(OS(=O)(=O)C2C=CC(=CC=2)OC)=CC=1)(CC(C)(C)C)=O,0.012351342244073749
C(N(CC1CCCO1)CC1C=C(OS(C2=C(Cl)C=CC=C2C)(=O)=O)C=CC=1)(CC(C)(C)C)=O,0.009260370396077633
C1(=CC=CO1)C(=O)N(CC1=CC=C(F)C=C1)CC1C=C(OS(C2=C(Cl)C=CC=C2C)(=O)=O)C=CC=1,0.009387674788013101
C1C(CC2C=CC(OC)=CC=2)CCN(S(C2=CC(=CC=C2C)F)(=O)=O)C1,0.0069705686997622255
C(NC(=O)N(C(CC)C)CC(=O)N(CC1CCCO1)CC1=CC=CO1)CCC,0.006464395183138549
N1(CC(COC2C=C(C)C(Cl)=CC=2)OCC1)C(=O)CC1=CC=C(OC)C(F)=C1,0.00834532082080841
N1(CCC(CC1)N1C(=O)OC2=CC=C(C(=O)OC)C=C21)C(CCC(=O)OC)=O,0.006800831342115998
CC(=O)N(C(C)(C)C)CC(=O)N1CCC2SC=CC=2C1COC1=CC=C(F)C=C1,0.008903681859374046
N(C1=CC(=CC=C1)C1C(C(=O)OC(C)C)=C(C)N(C)C(=O)N1)C(=O)NCCCC,0.0069430767558515075
N1(C2=CC(Cl)=CC=C2C)CCC(C(=O)NC2=CC(C)=CC=C2)C1=O,0.007547366619110108
C1(C(=O)N2CC(C(C3=CC=CC(OC)=C3)C2)C(=O)NC(C)C)C=CC=C(Cl)C=1,0.007937829871661962
N1(C2=CC(Cl)=CC=C2C)CCC(C(=O)NC2=CC=C(C=C2)C(F)(F)F)C1=O,0.005092147761024535
C1(C(=O)N2CC(C(C3=CC=C(OC)C=C3OC)C2)C(=O)N2CCOCC2)=CC=C(C=C1)F,0.008593248575925827
C1(=CC=C(C=C1)Br)NC(N[C@H]1CCCCN(CC)C1=O)=O,0.0050294296583160755
C1(S(=O)(=O)N2CC(C(C3=CC=CC(OC)=C3)C2)C(=O)NC(C)C)=CC=CC=C1,0.00710235966835171
C(C(=O)N1CC(C(C2=CC=C(OC)C=C2OC)C1)C(=O)N1CCOCC1)(C)C,0.011061861366033553
N1(C2=C(C)C=CC(Br)=C2)CCC(C(=O)NC2=CC(F)=CC=C2)C1=O,0.007609344716183841
C(C)(C)(C)CC(=O)N1CC(C(C2=CC=C(OC)C=C2OC)C1)C(=O)NCCOC,0.009014256671071053
C(C(=O)N1CC(C(C2=CC=C(OC)C=C2OC)C1)C(=O)N1CCCC1)C(C)C,0.012725674733519553
C(C(=O)N1CC(C(C2=CC=CC(F)=C2)C1)C(=O)NCC1=CC=CC=C1)(C)C,0.007337855873629451
C(C(=O)N1CC(C(C2=CC(OC)=CC=C2OC)C1)C(=O)NCCOC)(C)C,0.008452814375050365
C1(C(=O)N2CC(C(C3=CC(OC)=CC=C3OC)C2)C(=O)NCCOC)=CC=CC=C1F,0.00663944745901972
C(C(=O)N1CC(C(C2=CC=CC(OC)=C2)C1)C(=O)N(CC)CC)C(C)C,0.013458842784166336
C1(C(=O)N2CC(C(C3=CC(OC)=CC=C3OC)C2)C(=O)NCCOC)CCCC1,0.008910934603773058
CS(=O)(=O)N(CC(C)C)CC(=O)N(CC1CCCO1)CC1=CC=CO1,0.008648723224177956
C(OC)CNC(C1CCC(C2=CC=C(F)C=C2)N(C(=O)COC)C1)=O,0.005837694043293595
C(C(=O)N(CCCC)CC(=O)N(CC1CCCO1)CC1=CC=CO1)CC,0.014075078163295984
C(C)(C)(C)CC(=O)N(CCCC)CC(=O)N(CC1CCCO1)CC1=CC=CO1,0.01563221006654203
C(C(=O)N(CCCC)CC(=O)N(CC1CCCO1)CC1=CC=CO1)OC,0.012775094481185079
C(NC(=O)N(CCCC)CC(=O)N(CC1CCCO1)CC1=CC=CO1)CCC,0.006460642814636231
C(C(=O)N(C(C)C)CC(=O)N1CCC2SC=CC=2C1COC1=CC=CC=C1)OC,0.009908021381124853
C(N(S(=O)(=O)C1=CC=C(C)C=C1)C1=CC2OCOC=2C=C1)C1C=CC=C(OC)C=1,0.0071512168738991026
N1(C2=CC(C)=CC=C2)C(=O)C(C)N(C(=O)C2C=CC(Cl)=C(Cl)C=2)CC1,0.007599781127646565
C(C1=CC=C(CN2C(=O)COC3C2=CC(=CC=3)C(C)=O)O1)(NC(C)C)=O,0.011632029758766293
C1(C(=O)N2CCC(C(NC(=O)C3=CC=C(C=C3)F)C(N3CCCCC3)=O)CC2)C=CC=C(F)C=1,0.0067453267052769664
C(C(=O)N1CCC(C(NC(=O)C2=CC=C(C=C2)F)C(N2CCCCC2)=O)CC1)OC,0.007323162257671356
C1(C(=O)NC2=CC=CC=C2N2CCCN(CC3=CC(F)=CC(F)=C3)C2=O)=CC=CS1,0.004114799096714705
C1=CC(=CC(OC)=C1)C(=O)N1CC(C(C2=CC(C(F)(F)F)=CC=C2)C1)C(=O)NCCC(C)C,0.00649457867257297
C1(C(=O)N2CC(C(C3=CC(OC)=CC=C3OC)C2)C(=O)NCC2=CC=CC=C2)=CC=CC=C1F,0.007206191960722208
C1(C(=O)N2CC(C(C3=CC(OC)=CC=C3OC)C2)C(=O)NCCCOC)=CC=CC=C1C,0.007820932939648629
C(NC(=O)N1CC(C(C2=CC(C(F)(F)F)=CC=C2)C1)C(=O)NCCC(C)C)(C)(C)C,0.005231449811253697
C1(C(=O)N2CC(C(C3=CC(C(F)(F)F)=CC=C3)C2)C(=O)N(C)C(C)C)C=CC(Cl)=CC=1Cl,0.0077636408852413295
C1=CC(=CC(OC)=C1)C(=O)N1CC(C(C2=CC(OC)=CC=C2OC)C1)C(=O)NCC1=CC=CC=C1,0.007846294599585236
C(NC(=O)N1CC(C(C2=CC(OC)=CC=C2OC)C1)C(=O)NCCCOC)C,0.004838819860015065
C(NC(=O)N1CC(C(C2=CC(C(F)(F)F)=CC=C2)C1)C(=O)NCCC(C)C)C,0.004564528097398579
C1(C(=O)N2CC(C(C3=CC(OC)=CC=C3OC)C2)C(=O)NCC2=CC=CC=C2)C=CC=C(Cl)C=1,0.006975579564459622
C1(C(=O)N2CC(C(C3=CC(OC)=CC=C3OC)C2)C(=O)NCCC)=CC=CS1,0.007099928753450513
C(NC(=O)N1CC(C(C2=CC(OC)=CC=C2OC)C1)C(=O)NCC1=CC=CC=C1)C,0.005076142237521708
C1=CC(=CC(OC)=C1)C(=O)N1CC(C(C2=CC(OC)=CC=C2OC)C1)C(=O)NCC1=CC=C(F)C=C1,0.006361025501973927
C1(C(=O)N2CC(C(C3=CC=C(C)C=C3)C2)C(=O)NCC(C)C)=CC=C(C=C1)OC,0.010043455939739942
C(C(=O)N1CC(C(C2=CC(OC)=CC=C2OC)C1)C(=O)NCC1=CC=C(F)C=C1)(C)C,0.007905125408433378
C1(C(=O)N2CC(C(C3=CC(OC)=CC=C3OC)C2)C(=O)NCCCOC)C=CC=CC=1,0.007540132594294846
C1(C(=O)N2CC(C(C3=CC=C(C)C=C3)C2)C(=O)NCC(C)C)C=CC=CC=1,0.010245160246267915
C1(C(=O)N2CC(C(C3=CC(OC)=CC=C3OC)C2)C(=O)NCC2=CC=C(F)C=C2)CC1,0.007131402241066098
C1(C(=O)N2CC(C(C3=CC(OC)=CC=C3OC)C2)C(=O)NCCCOC)CC1,0.008666486269794405
C1(C(=O)N2CC(C(C3=CC(C(F)(F)F)=CC=C3)C2)C(=O)N(C)C(C)C)=CC=CS1,0.006766890361905098
C1(C(=O)N2CC(C(C3=CC(OC)=CC=C3OC)C2)C(=O)NCC2=CC=C(F)C=C2)=CC=CC=C1C,0.007053628540597856
C(C)(C)(C)CC(=O)N1CC(C(C2=CC(OC)=CC=C2OC)C1)C(=O)NCCCOC,0.009180902992375195
C1(C(=O)N2CC(C(C3=CC(C(F)(F)F)=CC=C3)C2)C(=O)NCCC(C)C)=CC=CC=C1C,0.007014226331375539
C1(C(=O)N2CC(C(C3=CC(C(F)(F)F)=CC=C3)C2)C(=O)N(C)C(C)C)=CC=C(C)C=C1,0.008443857589736582
C1=CC(=CC(OC)=C1)C(=O)N1CC(C(C2=CC(OC)=C(OC)C(OC)=C2)C1)C(=O)NCC1=CC=C(F)C=C1,0.0067322863265872005
C1(C(=O)N2CC(C(C3=CC(OC)=C(OC)C(OC)=C3)C2)C(=O)N2CCCCC2)CC1,0.011934984521940351
C1(C(=O)N2CC(C(C3=CC(C(F)(F)F)=CC=C3)C2)C(=O)NC(C)C)C=CC(Cl)=CC=1Cl,0.006701634451746941
C1(C(=O)N2CC(C(C3=CC(OC)=CC=C3OC)C2)C(=O)NCC(C)C)=CC=CC=C1C,0.00936949560418725
C1(C(=O)N2CC(C(C3=CC(OC)=CC=C3OC)C2)C(=O)NC(C)C)CC1,0.010392237128689885
C1(C(=O)N2CC(C(C3=CC(OC)=C(OC)C(OC)=C3)C2)C(=O)NCC(C)C)=CC=CS1,0.008701421064324677
C(NC(=O)N1CC(C(C2=CC(OC)=C(OC)C(OC)=C2)C1)C(=O)NCC(C)C)(C)C,0.007322020316496492
C1(S(=O)(=O)N2CC(C(C3=CC(C(F)(F)F)=CC=C3)C2)C(=O)NCC2=CC=CC=C2)=CC=C(C=C1)Cl,0.004270576930139214
C1(C(=O)N2CC(C(C3=CC(OC)=C(OC)C(OC)=C3)C2)C(=O)NCCCC)=CC=C(C=C1)OC,0.009119788417592645
C1(C(=O)N2CC(C(C3=CC(C(F)(F)F)=CC=C3)C2)C(=O)N(CC)C)C=CC=C(Cl)C=1,0.006838339567184448
C1(C(=O)N2CC(C(C3=CC(C(F)(F)F)=CC=C3)C2)C(=O)NCC2=CC3OCOC=3C=C2)C=CC=C(Cl)C=1,0.0056281180470250545
C1(C(=O)N2CC(C(C3=CC(OC)=C(OC)C(OC)=C3)C2)C(=O)NCC(C)C)=CC=CC=C1Cl,0.009249585657380521
C1(C(=O)N2CC(C(C3=CC(OC)=C(OC)C(OC)=C3)C2)C(=O)NCCCC)=CC=C(C)C=C1,0.009496562741696834
C1(C(=O)N2CC(C(C3=CC(C(F)(F)F)=CC=C3)C2)C(=O)NCC2=CC=C(F)C=C2)=CC=CS1,0.004986645036842674
C1(C(=O)N2CC(C(C3=CC(OC)=C(OC)C(OC)=C3)C2)C(=O)N2CCCCC2)CCCC1,0.012257690168917179
C1(C(=O)N2CC(C(C3=CC(OC)=CC=C3OC)C2)C(=O)NCC(C)C)=CC=C(C=C1)OC,0.009269283851608634
C(NC(=O)N1CC(C(C2=CC(OC)=CC=C2OC)C1)C(=O)NCC(C)C)(C)(C)C,0.006220808508805931
C1(C(=O)N2CC(C(C3=CC(OC)=CC=C3OC)C2)C(=O)NC(C)C)CCCC1,0.01105352807790041
C(C(=O)N1CC(C(C2=CC(OC)=C(OC)C(OC)=C2)C1)C(=O)NCC(C)C)C(C)C,0.012722636433318257
C1(C(=O)N2CC(C(C3=CC(OC)=C(OC)C(OC)=C3)C2)C(=O)NCCCC)CC1,0.010629138024523855
C1(C(=O)N2CC(C(C3=CC(C(F)(F)F)=CC=C3)C2)C(=O)NCC2=CC=C(F)C=C2)=CC=C(C=C1)OC,0.005679519753903151
C1(C(=O)N2CC(C(C3=CC(OC)=CC=C3OC)C2)C(=O)NCC(C)C)C=CC=CC=1,0.008995394920930266
C(C(=O)N1CC(C(C2=CC(OC)=CC=C2OC)C1)C(=O)NC(C)C)(C)C,0.01018912773579359
C(NC(=O)N1CC(C(C2=CC(OC)=CC=C2OC)C1)C(=O)NC(C)C)(C)C,0.005923585942946374
C(C(=O)N1CC(C(C2=CC(OC)=C(OC)C(OC)=C2)C1)C(=O)NCC(C)C)C,0.012103681080043316
C(C(=O)N1CC(C(C2=CC(C(F)(F)F)=CC=C2)C1)C(=O)NCC1=CC=CC=C1)(C)C,0.006371201272122562
C(NC(=O)N1CC(C(C2=CC(C(F)(F)F)=CC=C2)C1)C(=O)NCC1=CC=CC=C1)(C)C,0.004414031316991895
C1(C(=O)N2CC(C(C3=CC(OC)=C(OC)C(OC)=C3)C2)C(=O)NCCCC)CCCC1,0.010913384892046452
C1(S(=O)(=O)N2CC(C(C3=CC(C(F)(F)F)=CC=C3)C2)C(=O)NCCCOC)=CC=C(C=C1)Cl,0.0037668244913220406
C1(C(=O)N2CC(C(C3=CC(OC)=CC=C3OC)C2)C(=O)NC(C)C)=CC=CS1,0.00714263126719743
C1(C(=O)N2CC(C(C3=CC(OC)=CC=C3OC)C2)C(=O)NCC2=CC=CC=C2)=CC=C(C=C1)F,0.006777497311122716
C1(C(=O)N2CC(C(C3=CC(OC)=C(OC)C(OC)=C3)C2)C(=O)NCC(C)C)=CC=C(C)C=C1,0.010781556461006403
C1(C(=O)N2CC(C(C3=CC(C(F)(F)F)=CC=C3)C2)C(=O)NCC2=CC=CC=C2)=CC=CC=C1Cl,0.006146476254798472
C(NC(=O)N1CC(C(C2=CC(OC)=C(OC)C(OC)=C2)C1)C(=O)NCCCC)(C)(C)C,0.006493194913491607
C(C)(C)(C)CC(=O)N1CC(C(C2=CC(OC)=CC=C2OC)C1)C(=O)NCC(C)C,0.01126478579826653
C1(C(=O)N2CC(C(C3=CC(OC)=CC=C3OC)C2)C(=O)NC(C)C)=CC=C(C=C1)OC,0.008933036518283189
C(C(=O)N1CC(C(C2=CC(OC)=CC=C2OC)C1)C(=O)NCC1=CC=CC=C1)(C)C,0.009004470496438443
C1(C(=O)N2CC(C(C3=CC(OC)=C(OC)C(OC)=C3)C2)C(=O)NCC(C)C)CC1,0.012008792720735073
C1(C(=O)N2CC(C(C3=CC(C(F)(F)F)=CC=C3)C2)C(=O)NCC2=CC=CC=C2)C=CC=CC=1,0.006113267061300576
C(NC(=O)N1CC(C(C2=CC(OC)=C(OC)C(OC)=C2)C1)C(=O)NCCCC)C,0.006303742597810924
C1(C(=O)N2CC(C(C3=CC(OC)=CC=C3OC)C2)C(=O)NCCCC)C=CC=CC=1,0.007936828932724894
C1(C(=O)N2CC(C(C3=CC(OC)=CC=C3OC)C2)C(=O)NCC(C)C)=CC=CC=C1F,0.008019937528297305
C1(C(=O)N2CC(C(C3=CC(OC)=CC=C3OC)C2)C(=O)NCC2=CC=CC=C2)=CC=CS1,0.006781885959208011
C(C)(C)(C)CC(=O)N1CC(C(C2=CC(OC)=C(OC)C(OC)=C2)C1)C(=O)NCC(C)C,0.012690841546282172
C(C)(C)(C)CC(=O)N1CC(C(C2=CC(C(F)(F)F)=CC=C2)C1)C(=O)NCC1=CC=CC=C1,0.0069128942210227255
C1(C(=O)N2CC(C(C3=CC(OC)=C(OC)C(OC)=C3)C2)C(=O)NCCCC)=CC=CS1,0.007640537596307695
C1(C(=O)N2CC(C(C3=CC(OC)=C(OC)C(OC)=C3)C2)C(=O)N2CCCCC2)=CC=CC=C1Cl,0.00948343686759472
C1(C(=O)N2CC(C(C3=CC(C(F)(F)F)=CC=C3)C2)C(=O)NC(C)C)=CC=C(C=C1)OC,0.0062274768948555
C1(C(=O)N2CC(C(C3=CC(OC)=CC=C3OC)C2)C(=O)NCC(C)C)CCCC1,0.01104586124420166
C1(C(=O)N2CC(C(C3=CC(OC)=CC=C3OC)C2)C(=O)NC(C)C)C=CC=CC=1,0.008659333316609263
C1(C(=O)N2CC(C(C3=CC(OC)=C(OC)C(OC)=C3)C2)C(=O)NCC(C)C)=CC=CO1,0.01013133437372744
C1(C(=O)N2CC(C(C3=CC(OC)=C(OC)C(OC)=C3)C2)C(=O)NCC(C)C)C=CC(Cl)=CC=1Cl,0.008791143237613142
C1(C(=O)N2CC(C(C3=CC(OC)=C(OC)C(OC)=C3)C2)C(=O)NCCCC)=CC=CC=C1Cl,0.008274330664426089
C1=CC(=CC(OC)=C1)C(=O)N1CC(C(C2=CC(C(F)(F)F)=CC=C2)C1)C(=O)N(CC)C,0.007426521508023143
C1(C(=O)N2CC(C(C3=CC=C(C)C=C3)C2)C(=O)NCCCC)C=CC=CC=1,0.009710980067029595
C1(C(=O)N2CC(C(C3=CC=CC(OC)=C3)C2)C(=O)NCCOC)=CC=C(C=C1)OC,0.00731836399063468
C1(C(=O)N2CC(C(C3=CC=CC(OC)=C3)C2)C(=O)NCCOC)C=CC=CC=1,0.007303879060782492
C1(C(=O)N2CC(C(C3=CC=C(C)C=C3)C2)C(=O)NCCOC)=CC=C(C=C1)F,0.006142803328111767
C1(C(=O)N2CC(C(C3=CC=C(C)C=C3)C2)C(=O)NCCOC)=CC=CS1,0.0069782756036147475
C1(C(=O)N2CC(C(C3=CC(OC)=CC=C3OC)C2)C(=O)N2CCOCC2)=CC=C(C)C=C1,0.010095064947381615
C1(S(=O)(=O)N2CC(C(C3=CC=C(C)C=C3)C2)C(=O)NCCC(C)C)=CC=CC=C1,0.00790243917144835
C1(C(=O)N2CC(C(C3=CC=CC(OC)=C3)C2)C(=O)NCCC)C=CC=CC=1,0.008757531619630754
C1(C(=O)N2CC(C(C3=CC=CC(OC)=C3)C2)C(=O)NCCCC)=CC=C(C=C1)F,0.006800210173241794
C1(C(=O)N2CC(C(C3=CC=CC(OC)=C3)C2)C(=O)NCCC)=CC=C(C)C=C1,0.009363401588052512
C1(C(=O)N2CC(C(C3=CC=C(C)C=C3)C2)C(=O)NCC(C)C)C=CC(=CC=1)Cl,0.00957514690235257
C1(C(=O)N2CC(C(C3=CC=CC(OC)=C3)C2)C(=O)NCC(C)C)C=CC=C(Cl)C=1,0.008035498601384462
C1=CC(=CC2OCOC1=2)C(=O)N1CC(C(C2=CC=C(C)C=C2)C1)C(=O)NCC(C)C,0.010048169596120714
C1(C(=O)N2CC(C(C3=CC=CC(OC)=C3)C2)C(=O)NCCOC)=CC=C(C=C1)F,0.006135043385438621
C1(C(=O)N2CC(C(C3=CC=CC(OC)=C3)C2)C(=O)NCC2=CC=C(F)C=C2)=CC=CC=C1C,0.007274554716423154
C1(C(=O)N2CC(C(C3=CC(OC)=C(OC)C(OC)=C3)C2)C(=O)NCCCOC)=CC=CC=C1C,0.008950850111432374
C1(C(=O)N2CC(C(C3=CC(OC)=C(OC)C(OC)=C3)C2)C(=O)NC(C)C)C=CC(=CC=1)Cl,0.008942516334354878
C(NC(=O)N1CC(C(C2=CC(OC)=C(OC)C(OC)=C2)C1)C(=O)NCCCOC)(C)(C)C,0.006134154344908893
C1(C(=O)N2CC(C(C3=CC=C(C)C=C3)C2)C(=O)NCCCOC)=CC=C(C=C1)F,0.006440916541032493
C1(C(=O)N2CC(C(C3=CC=C(C)C=C3)C2)C(=O)NCC2=CC=C(F)C=C2)=CC=C(C)C=C1,0.007689898042008281
C1=CC(=CC(OC)=C1)C(=O)N1CC(C(C2=CC(OC)=C(OC)C(OC)=C2)C1)C(=O)NC(C)C,0.010052648931741714
C(C)(C)(C)CC(=O)N1CC(C(C2=CC=CC=C2)C1)C(=O)NCC1=CC=C(F)C=C1,0.008140252670273185
C1(C(=O)N2CC(C(C3=CC(OC)=C(OC)C(OC)=C3)C2)C(=O)NC(C)C)C=CC=C(Cl)C=1,0.008908326365053653
C1(C(=O)N2CC(C(C3=CC=C(C)C=C3)C2)C(=O)NCCCOC)=CC=C(C=C1)OC,0.008249503374099732
C(C)(C)(C)CC(=O)N1CC(C(C2=CC(OC)=C(OC)C(OC)=C2)C1)C(=O)N(CC)C,0.014475636696442962
C(C(=O)N1CC(C(C2=CC(OC)=CC=C2OC)C1)C(=O)NCCC(C)C)(C)C,0.011024509137496353
C1(C(=O)N2CC(C(C3=CC(OC)=C(OC)C(OC)=C3)C2)C(=O)N2CCCCC2)C=CC(=CC=1)Cl,0.009283408848568797
C1(C(=O)N2CC(C(C3=CC(OC)=C(OC)C(OC)=C3)C2)C(=O)NCCCOC)=CC=C(C=C1)F,0.00733398946467787
C1(C(=O)N2CC(C(C3=CC(OC)=CC=C3OC)C2)C(=O)NCCC(C)C)C=CC=CC=1,0.00924113686196506
C1(C(=O)N2CC(C(C3=CC(OC)=C(OC)C(OC)=C3)C2)C(=O)N2CCCCC2)C=CC=C(Cl)C=1,0.00927201125305146
C1(C(=O)N2CC(C(C3=CC(OC)=C(OC)C(OC)=C3)C2)C(=O)NCCCOC)C=CC=CC=1,0.008687138860113918
C1(C(=O)N2CC(C(C3=CC(OC)=CC=C3OC)C2)C(=O)NCCC(C)C)CC1,0.010832164902240038
C1=CC(=CC2OCOC1=2)C(=O)N1CC(C(C2=CC=C(C)C=C2)C1)C(=O)NCCCOC,0.00807879799976945
C(NC(=O)N1CC(C(C2=CC(OC)=C(OC)C(OC)=C2)C1)C(=O)N1CCCCC1)(C)(C)C,0.006786724179983139
C1(C(=O)N2CC(C(C3=CC(OC)=C(OC)C(OC)=C3)C2)C(=O)NCCCOC)CC1,0.009969829209148883
C1(C(=O)N2CC(C(C3=CC=C(C)C=C3)C2)C(=O)NCCCOC)C=CC=C(Cl)C=1,0.007653587427921593
C(=O)(C1=CC=C(C=C1)OC)NC1C=C(C)C(=CC=1OC)NC(C1=CC=CC=C1)=O,0.007321111904457211
C(C1C=CC=CC=1)(=O)NC1C(C)=CC(=C(OC)C=1)NC(CCCCl)=O,0.005008140904828906
C1(C(=O)NC2=CC(=CC=C2)N2CCCN(CC3=CC(C(F)(F)F)=CC=C3)C2=O)CCCC1,0.005236963531933725
C1C(F)=C(CNC(C2CC(C3C=CC=CC=3)CN(C(=O)C3C=CC=C(F)C=3)C2)=O)C=CC=1,0.006058084568940103
C(NC(=O)NC1=C(C=CC(C)=C1)N1CCCN(CC2=C(F)C=C(F)C=C2)C1=O)C,0.004227252036798745
C(C)C(C)NC(C1CC(C2C=CC=CC=2)CN(C(=O)C2C=CC(F)=CC=2)C1)=O,0.0068775431485846635
C(C(=O)NC1=CC(=CC=C1)N1CCCN(CC2C=CC=C(F)C=2)C1=O)(CC)C1C=CC=CC=1,0.005046641116496176
C1(C(=O)N2CC(CCC2)OCC2=CC(OC)=CC=C2)CCCC1,0.013416540250182152
O1CCCC1CNC(CC1=CC=C(C=C1)N(C(COC1C=CC=CC=1)=O)CC1=CC=CC=C1)=O,0.008224950241856276
C1(C(=O)NC2=CC(=CC=C2)N2CCCN(CC3C=C(OC)C=C(OC)C=3)C2=O)=CC=CS1,0.004344384314026684
N(C(C)C)(C(=O)C1=CC=CC(OC)=C1)CC(=O)N1CCC2SC=CC=2C1C1C=CC(C)=CC=1,0.010171191906556487
C1C=C(CNC(C2COC3(CCCCC3)N2C(=O)C2C=CC=CC=2)=O)C=CC=1F,0.00792455249466002
C1C=C(C=CC=1C)NC(=O)N1CC(CCC1)OCC1=CC=C(Br)C=C1,0.006637372099794448
C1(C(=O)N2CCC(C(NC(=O)C3C=CC=CC=3)C(NCC=C)=O)CC2)=CC=CO1,0.007676605973392725
C1(C(=O)N2CCC(C(NC(=O)C3=C(F)C=CC=C3)C(NCCCOC)=O)CC2)=CC=C(C=C1)OC,0.005844526109285653
C1=C(C=CC=C1NC(=O)N1CCC(C(NC(C2=CC(OC)=CC=C2)=O)C(NC(C)C)=O)CC1)Cl,0.0044861466623842714
C1(C(=O)NC2=C(C=CC(C)=C2)N2CCCN(CC3=C(C)C=CC=C3)C2=O)C=CC=CC=1,0.0064141145441681145
C1C(C)=C(C=CC=1)C(=O)N1CCC(C(NC(=O)C2=CC=CC=C2Cl)C(NCCOC)=O)CC1,0.006491945800371468
C(C(C)N1CC2=C(C1=O)C(C1=C(C)C=C(C)C=C1)NC(=O)N2C)(NCC(C)C)=O,0.008034656406380236
C(NC(C1COC2(CCC(C)CC2)N1C(=O)C1=CC=CC(OC)=C1)=O)C#C,0.008646628120914102
C(C1COC2(CCN(CC2)C(CC(C)(C)C)=O)N1C(=O)C1C=CC=CC=1)(=O)NC(C)CC,0.009817196382209658
C(CN1CC2=C(C1=O)C(C1C=CC=C(Cl)C=1)NC(=O)N2CC=C)(NC(C)(C)C)=O,0.005298105115070939
N1(CCC(C(NC(=O)C2=CC=C(C=C2)F)C(NC(C)C)=O)CC1)C(NCC)=O,0.004457836842630058
C(C)(C)(C)CC(=O)N1CCC(C(NC(=O)C2C=C(C)C=CC=2)C(NCCCOC)=O)CC1,0.00820510950870812
C12C3C=CC=CC=3CC=1C(C(=O)OCC)=C(NC(C=CC)=O)S2,0.006445456552319229
CC(=O)N(C(C)CC)CC(=O)N1CCC2SC=CC=2C1COC1C=CC=CC=1C,0.011071566445752978
C(C(=O)N1CCSC21C(=O)N(CC1C=CC=C(F)C=1)C1C2=CC(=CC=1)OC)OC,0.006514401570893824
C(C1SC(=CC=1)C1=CC2OCCOC=2C=C1)(=O)N(CCC)CCC,0.011681075114756823
C(C1=CC=C(CN2C(=O)COC3C2=CC(=CC=3)C)O1)(=O)NC(C)CC,0.009244491904973983
C(C1SC(=CC=1)C1=CC2OCCOC=2C=C1)(=O)N(CCCC)CC,0.011370741901919246
C12C3C=CC=CC=3CC=1C(C(=O)OCC)=C(NC([C@H](C)OC(=O)C)=O)S2,0.007999964710325002
C(CN1CC2=C(C1=O)C(C1C=CC=C(OC)C=1OC)NC(=O)N2C)(NC(C)C)=O,0.007096165954135358
C(C1SC(=CC=1)C1=CC2OCOC=2C=C1)(=O)N(CCC)CC,0.010078209172934293
C(C1COC2(CCCCC2)N1C(=O)C1C=CC=C(F)C=1)(=O)NCCC,0.008130859583616257
C(C1COC2(CCN(CC2)C(CC(C)(C)C)=O)N1C(=O)C1C=CC=CC=1)(=O)NCC(C)C,0.009522600006312132
C(CCN1CC2=C(C1=O)C(C1=C(C)C=C(C)C=C1)NC(=O)N2CC)(N(CC)C)=O,0.008253365871496499
C1C(CC2C=C3OCOC3=CC=2)CCN(C(CCC(=O)OCC)=O)C1,0.01048098485916853
C(C(=O)N1CCSC21C(=O)N(CC)C1C2=CC(=CC=1)Cl)(C)C,0.009246904053725302
C(C(=O)N1CCC(C(NC(=O)C2=CC=C(C)C=C2)C(NC2CC2)=O)CC1)CC1C=CC=CC=1,0.008734724787063896
N1(C2=CC=C(Br)C=C2)C(=O)C(C)N(S(=O)(=O)C2=CC=C(C)C=C2)CC1,0.006288172397762537
O(C1C=CC=CC=1)CC(=O)NC1=C(C=CC(C)=C1)N1CCCN(CC2=C(F)C=CC=C2F)C1=O,0.005265084677375853
C(N(S(=O)(=O)C1=CC=C(C=C1)NC(C)=O)C1=CC(C)=CC=C1)C1C=CC=C(F)C=1,0.004817900492344052
N1(CCC2(N(C3C=CC=C(OC)C=3)C(=O)CS2)CC1)C(CCC(=O)OCC)=O,0.006940892571583391
N1(C2=CC(C)=CC=C2)C(=O)C(C)N(C(=O)CCC2C=CC=CC=2)CC1,0.008521790755912662
C(NC(=O)N(CC(C)C)CC(N(CC1=CC=C(F)C=C1)CC1=CC=C(C)S1)=O)C,0.005531525681726634
N1(CCC(C(N[C@H]2[C@H](NC(=O)C3C=CC=CC=3)CCCC2)=O)CC1)C(C(C)(C)CCl)=O,0.00671772591304034
C1(NC(=O)N(CC(C)C)CC(=O)N(CC2=CC=CC=C2)CC2=CC=C(C)O2)CCCCC1,0.008445028448477387
N(C(COCC1=CC=CC=C1)=O)(CC1C=CC(=CC=1)OS(=O)(=O)C1C=CC(=CC=1)F)C(C)C,0.007982257031835615
C1(CC1)NC(CC1C=C(C=CC=1)N(C(C1=C(C)C=CC=C1)=O)CC1=CC=CC=C1)=O,0.009468042803928257
C1(C=CC=CC=1)CNC(=O)N(C(C)C)CC(=O)N(CC1=CC=CC=C1)CC1=CC=C(C)O1,0.006883818027563393
C1(C=CC=CC=1)CNC(=O)N(CCOC)CC(=O)N(CC1=CC=CC=C1)CC1=CC=C(C)O1,0.005930398986674845
N1(C2=C(OC)C=C3C4=C(C=CC=C4)OC3=C2)CCC(C(=O)N2CC3C(CC2)=CC=CC=3)C1=O,0.009691326972097158
C1C=C2OC(C(=O)N(CC3C=CC=CC=3OC)CC2=CC=1NC(=O)COC)C,0.008293485571630298
C1N(C(=O)CC2=CC=CS2)CC(CN(C(=O)C2C=CC=CC=2)CC(C)C)OC1,0.009075912134721874
C1=CC(=CC(OC)=C1)C(=O)N1CCC(C(NC(=O)C2C=CC=CC=2)C(NC2CC2)=O)CC1,0.007752200006507337
C1(C(=O)N2CCC(C(NC(C3=C(C)C=CC=C3)=O)C(NC(C)C(C)C)=O)CC2)CCCC1,0.010015871515497566
C1N(C(=O)C2=CC=CS2)CC(CN(C(C)CC)C(C2=C(OC)C=CC=C2)=O)OC1,0.009176806872710585
N(CCOC)(C(=O)CCC1C=CC=CC=1)CC1=CC=CC(=C1)OS(=O)(=O)C1C=CC(=CC=1)F,0.0073928504949435595
C1(C)C=C(C=C(C)C=1)NC(C1CN(CC2C=C(C(F)(F)F)C=C(C(F)(F)F)C=2)C(=O)C1)=O,0.006545463192742318
C1(C(=O)N2CCC(C(NC(=O)C3=CC=CC=C3Cl)C(NCCOC)=O)CC2)=C(F)C=CC=C1,0.005284471577033401
N(C1CC1)(C(CCl)=O)CC1C=CC(=CC=1)OS(=O)(=O)C1C=CC(=CC=1)F,0.006609545857645571
N(CCOC)(C(=O)C1=CC=C2OCOC2=C1)CC1=CC=CC(=C1)OS(=O)(=O)C1C=CC(=CC=1)F,0.007008972251787782
O1C(CNC(CC2=CC=C(C=C2)N(C(C2=CC(OC)=CC=C2)=O)CC2C=CC=C(F)C=2)=O)=CC=C1,0.006796255963854492
N(C1CC1)(S(=O)(=O)C1C=CC=CC=1)CC1C=CC(=CC=1)OS(=O)(=O)C1C=CC(=CC=1)F,0.006301064835861325
C(F)(F)(F)C1=CC=CC(=C1)C(=O)N1CCC(C(NC(=O)C2C=CC=CC=2)C(NCCOC)=O)CC1,0.004588347079697996
N(CCOC)(C(CCl)=O)CC1=CC=CC(=C1)OS(=O)(=O)C1C=CC(=CC=1)F,0.00560980134177953
CN(CC1=CC=CO1)C(C1COC2(CCCCC2)N1C(C1=CC=C(C=C1)C(F)(F)F)=O)=O,0.008805445046164095
C1(C(=O)N(C2CC2)CC(=O)N2CCC3SC=CC=3C2COC2=CC=C(C=C2)Cl)C=CC=C(F)C=1,0.006927191652357579
C1CC(C(=O)OCC)CCN1C(CC1=CC=C(C=C1)N(C(=O)C1=CC=CO1)CC1=CC=C(C)C=C1)=O,0.009634797810576856
C(CN1CC2=C(C1=O)C(C1=CC=CC=C1Cl)NC(=O)N2C)(NCC1C=CC=C(C=1)C(F)(F)F)=O,0.004692677792627364
C=CCNC(=O)NC1=CC(=CC=C1)N1CCCN(CC2C=CC=C(F)C=2)C1=O,0.0035324728582054377
C(C(=O)N(CCCOC)CC(=O)N(CC1=CC=CC=C1)CC1SC=CC=1C)C,0.009927536314353346
N1(C2=C(OC)C=C3C4=C(C=CC=C4)OC3=C2)CCC(C(=O)NC2C=CC=C(C=2)C(F)(F)F)C1=O,0.005368276708759367
C1(=CC=C(C=C1)F)NC(CC1C=C(C=CC=1)N(C(NC(C)C)=O)CC1C=CC(F)=CC=1)=O,0.004386143758893013
N1(C2=C(OC)C=C3C4=C(C=CC=C4)OC3=C2)CCC(C(=O)NC2=CC(OC)=C(OC)C=C2)C1=O,0.007779540680348873
C1N(C(=O)C2=COC=C2)CC(CN(CC(C)C)C(C2=CC(OC)=C(OC)C(OC)=C2)=O)OC1,0.011655018152669071
C(C(=O)NC1=C(C=CC(C)=C1)N1CCCN(CC2C=CC=C(Cl)C=2)C1=O)C1=CC=CS1,0.0042586310184560714
C(CCN1CC2=C(C1=O)C(C1=CC=C(Cl)C=C1Cl)NC(=O)N2CC)(N(CC1=CC=CO1)C)=O,0.006220255559310317
N(C1C=C(C=CC=1)C1N(C2C=CC=C(F)C=2)C(=O)CS1)C(C1=C(C)C=CC=C1)=O,0.005237323697656393
N1(C2=CC=CC=C2C2=CC=CC=C2)C(=O)C(C)N(C(=O)C2C=CC(=CC=2)Cl)CC1,0.007403576979413629
C1C=C2OC(C(=O)N(CC3=C(F)C=CC=C3)CC2=CC=1NC(CC1=CC(OC)=CC=C1)=O)CC,0.006460300809703767
C1C=C(C=CC=1C)NC(=O)N1CCC(C(NC(=O)C2=CC=C(C=C2)OC)C(NCCOC)=O)CC1,0.004437692766077817
N(C1C=C(C=CC=1)C1N(C2=CC=C(C(C)(C)C)C=C2)C(=O)CS1)C(CCC(OCC)=O)=O,0.0077906982507556675
C(COC)CNC(C1CN(CC2C=C(Br)C=CC=2)C(=O)C1)=O,0.009127263678237796
C1C=C2OC(C(=O)N(CC3C=CC=C(C=3)C(F)(F)F)CC2=CC=1NC(=O)CC1C=CC=CC=1)C,0.006291316938586533
C(C(=O)NC1=CC=CC=C1N1CCCN(C(C)C2=CC=CC=C2)C1=O)C1C=CC(OC)=CC=1,0.00598738961853087
C(C)(C)(C)CC(=O)NC1=C(C=CC(C)=C1)N1CCCN(C(C)C2=CC=CC=C2)C1=O,0.008215668820776045
N1(CCC(C(NC(=O)C2C=CC=CC=2)C(N2CCCC2)=O)CC1)C(=O)C1=CC=CO1,0.00953996884636581
C1(C(=O)NC2=CC(=CC=C2)N2CCCN(CC3C=C(F)C=CC=3F)C2=O)CCC1,0.005121653317473829
C(C(=O)NC1=C(C=CC(C)=C1)N1CCCN(CC2=C(F)C=CC=C2F)C1=O)(C)C,0.0052464021602645515
C1(C(=O)N(CCOC)CC(N(CC2=CC=C(F)C=C2)CC2=CC=C(C)S2)=O)CCC1,0.00932793072424829
C(C)(C)(C)CC(=O)NC1C=C(C=CC=1Cl)N1CCCN(CC2=CC=CC=C2)C1=O,0.006095882214140147
C(C(=O)NC1=C(C=CC(OC)=C1)N1CCCN(CC2=CC=CC=C2)C1=O)C1C=CC(F)=CC=1,0.004779944312758744
N1(CC(COC2C=CC(F)=CC=2)OCC1)C(CNC(=O)CNC(=O)C1C=CC=CC=1)=O,0.0064798826584592465
C(C)(C)(C)CC(=O)NC1=C(C=CC(OC)=C1)N1CCCN(CC2=CC=CC=C2)C1=O,0.006211470300331712
N1(CC(COC2C(OC)=CC=CC=2)OCC1)C(CNC(=O)CNC(=O)C1C=CC=CC=1)=O,0.008396554621867836
CC(=O)N(CCOC)CC(N(CC1=CC=C(F)C=C1)CC1=CC=C(C)S1)=O,0.007773197069764137
C1=C(C=CC=C1NC(=O)NC1=C(C=CC(OC)=C1)N1CCCN(CC2C=CC(OC)=CC=2)C1=O)Cl,0.0043675085180439055
C1C=C2CN(CCC2=CC=1)C(C1=CC=C(C=C1)C=C1SC(=O)N(CC2=CC=CC=C2)C1=O)=O,0.005157622171100229
N1(CCC2(N(CC3C=CC=CC=3)C(=O)CS2)CC1)C(C1=CC=C(Br)C=C1)=O,0.008968708664178848
N(CCOC)(C(NC1C=CC(=CC=1)C)=O)CC1=CC=CC(=C1)OS(=O)(=O)C1C=CC(=CC=1)F,0.004893848835490644
N1(CCC(C(NC(=O)C2=CC=C(C=C2)F)C(NC2=CC=CC=C2)=O)CC1)C(NC1=CC=C(C)C=C1)=O,0.004155366402119398
C(F)(F)(F)C1C=CC(=CC=1)C(=O)N1CCC(C(NC(=O)C2C=C(C)C=CC=2)C(NC2CC2)=O)CC1,0.005348643008619547
C1(C(=O)NC2=CC(=CC=C2)N2CCCN(CC3=C(Cl)C=CC=C3)C2=O)=CC=CS1,0.0041726849041879175
C(CC)NC(C(CC)OC1C=C2C(N(C(=O)CC(C)C)CCC2=CC=1)C1C=CC=CC=1)=O,0.01233808626420796
N1(CCC(C(NC(=O)C2=CC=C(C=C2)F)C(N(CC)CC)=O)CC1)C(CC(C)(C)C)=O,0.008561409288085997
C(C(=O)N1CCC(C(NC(=O)C2=CC=C(C)C=C2)C(NC(C)CC)=O)CC1)C,0.009335701819509268
C(C)(C)(C)CC(=O)N1CCC(C(NC(=O)C2=CC=CS2)C(NC(C)CC)=O)CC1,0.008416347531601786
C(NC(=O)N1CCC(C(NC(=O)C2=CC=CS2)C(N(CC)CC)=O)CC1)(C)(C)C,0.0051461786963045595
CC(=O)N1CCC(C(NC(=O)C2=CC=C(C=C2)F)C(NCCCOC)=O)CC1,0.005719560035504401
C(C(=O)N1CCC(C(NC(=O)C2=CC=CC=C2Cl)C(NC(C)CC)=O)CC1)OC,0.007506097294390201
C(C(=O)N1CCC(C(NC(C2=C(C)C=CC=C2)=O)C(NC(C)CC)=O)CC1)(C)C,0.00983153134584427
CC(=O)N(C(C)(C)C)CC(=O)N(CC1=CC=CC=C1)CC1=CC=C(C)O1,0.013095542881637811
C=CCNC(C(CC)OC1C=C2C(N(C(=O)C)CCC2=CC=1)C1C=CC=CC=1)=O,0.009506875742226839
C(C(=O)N(C(C)CC)CC(=O)N1CCC2SC=CC=2C1COC1=CC=CC=C1OC)C,0.010971788968890905
C(C)(C)(C)CC(=O)N1CCC(C(NC(=O)C2=CC=C(C)C=C2)C(NC(C)CC)=O)CC1,0.010337904375046492
C(C(=O)N1CCC(C(NC(=O)C2=CC=C(C=C2)OC)C(NC(C)CC)=O)CC1)(C)C,0.008726150961592793
C(C(=O)N1CCC(C(NC(=O)C2=CC=C(C=C2)F)C(NCCCOC)=O)CC1)C,0.0056337101850658655
CC(=O)N1CCC(C(NC(C2=C(C)C=CC=C2)=O)C(NC(C)C(C)C)=O)CC1,0.00938169825822115
C(C(=O)N1CCC(C(NC(C2=C(C)C=CC=C2)=O)C(NC(C)CC)=O)CC1)C(C)C,0.009597568400204181
C(C(=O)N(CC)CC(=O)N1CCC2SC=CC=2C1COC1=CC=C(C)C=C1C)OC,0.010606323694810271
C(C(=O)N1CCC(C(NC(=O)C2=CC=C(C)C=C2)C(NC(C)CC)=O)CC1)OC,0.008439202117733658
C(C(=O)N1CCC(C(NC(C2=CC(OC)=CC=C2)=O)C(NCC=C)=O)CC1)C,0.007326582353562117
C(C(=O)N1CCC(C(NC(=O)C2=CC=C(C=C2)OC)C(NCCOC)=O)CC1)C,0.00704157252330333
CC(=O)N1CCC(C(NC(=O)C2C=C(C)C=CC=2)C(NC(C)C(C)C)=O)CC1,0.00929759033024311
C(C(=O)N1CCC(C(NC(C2=C(C)C=CC=C2)=O)C(NC(C)C(C)C)=O)CC1)C,0.009548277221620083
C(C(=O)N1CCC(C(NC(C2=C(C)C=CC=C2)=O)C(NC(C)CC)=O)CC1)C,0.009339281404390932
C(C(=O)N(C(C)CC)CC(=O)N1CCC2SC=CC=2C1COC1=CC=C(F)C=C1)C,0.008666750928387045
C(NC(=O)N(CC=C)CC(=O)N1CCC2SC=CC=2C1COC1C=CC=CC=1C)(C)C,0.005701906699687243
N1(CCC(C(NC(=O)C2C=CC=CC=2)C(NCCC)=O)CC1)C(=O)CC,0.00815895244013518
C(C(=O)N1CCC(C(NC(=O)C2=CC=CS2)C(NCCC)=O)CC1)OC,0.006415428919717669
C(C(=O)N1CCC(C(NC(=O)C2=CC=C(C=C2)OC)C(NCCCOC)=O)CC1)(C)C,0.007325978646986186
C(C(=O)N1CCC(C(NC(=O)C2C=C(C)C=CC=2)C(NC(C)C(C)C)=O)CC1)(C)C,0.010122221056371927
C(C(=O)N1CCC(C(NC(C2=C(C)C=CC=C2)=O)C(NC(C)C(C)C)=O)CC1)OC,0.008917204989120363
C(C(=O)N1CCC(C(NC(C2=C(C)C=CC=C2)=O)C(NCCCOC)=O)CC1)(C)C,0.007855521887540818
C(C(=O)N(CCCOC)CC(=O)N1CCC2SC=CC=2C1COC1=CC=CC=C1)OC,0.008227728866040706
C(C(=O)N(C(C)CC)CC(=O)N1CCC2SC=CC=2C1COC1=CC(OC)=CC=C1)C,0.010043114004656673
C(C)(C)(C)CC(=O)N1CCC(C(NC(=O)C2C=C(C)C=CC=2)C(NC(C)CC)=O)CC1,0.010257797641679644
C(C)(C)(C)CC(=O)N1CCC(C(NC(=O)C2=CC=CS2)C(N(CC)CC)=O)CC1,0.009224050445482135
C(C(=O)N1CCC(C(NC(=O)C2=CC=C(C=C2)OC)C(NC(C)C(C)C)=O)CC1)C(C)C,0.009229710325598717
C(C(=O)N1CCC(C(NC(=O)C2C=C(C)C=CC=2)C(NC(C)C(C)C)=O)CC1)C(C)C,0.009699901612475515
C(C(=O)N(CCOC)CC(=O)N1CCC2SC=CC=2C1COC1=CC=C(C=C1)C)(C)C,0.010845899768173694
C(C(=O)N(CCCOC)CC(=O)N1CCC2SC=CC=2C1COC1=CC(F)=CC=C1)C,0.007196673308499157
C(NC(=O)N1CCC(C(NC(=O)C2C=CC=CC=2)C(NC(C)C(C)C)=O)CC1)(C)C,0.006007693009451032
C(NC(=O)N1CCC(C(NC(=O)C2=CC=CS2)C(NCC=C)=O)CC1)(C)C,0.004546912910882384
C(C(=O)N1CCC(C(NC(C2=CC3OCOC=3C=C2)=O)C(NC(C)CC)=O)CC1)OC,0.007996618747711182
C(C(=O)N1CCC(C(NC(=O)C2=CC=C(C=C2)OC)C(NC(C)C(C)C)=O)CC1)C,0.008743091113865375
C(C)(C)(C)CC(=O)N1CCC(C(NC(=O)C2C=C(C)C=CC=2)C(NC(C)C(C)C)=O)CC1,0.010350027121603489
C1C=C2CCN(C(C(C3C=CC=CC=3)C3=CC=CC=C3)=O)C(C3C=CC(F)=CC=3)C2=CC=1,0.013303685886785387
C(C)(C)NC(C(C)OC1C=C2C(N(C(=O)CC)CCC2=CC=1)C1C=CC=C(F)C=1)=O,0.008439083537086844
C(C(=O)N(CC=C)CC(=O)N1CCC2SC=CC=2C1COC1=CC=C(C=C1)C)(C)C,0.011664732964709401
C(C(=O)N(CCC)CC(=O)N1CCC2SC=CC=2C1COC1=CC=C(F)C=C1)(C)C,0.009729449357837438
C(C(=O)N1CCC(C(NC(=O)C2C=CC=CC=2)C(NC(C)CC)=O)CC1)OC,0.00794958956539631
C(C(=O)N1CCC(C(NC(=O)C2=CC=CS2)C(NC(C)CC)=O)CC1)(C)C,0.00784080047160387
C(NC(=O)N1CCC(C(NC(C2=CC3OCOC=3C=C2)=O)C(NCCC)=O)CC1)(C)(C)C,0.005491789290681481
C1(C(=O)N2CCC(C(NC(=O)CC(C)C)C(NCC(C)C)=O)CC2)=CC=C(C=C1)F,0.007369276671670377
C(C(=O)N1CCC(C(NC(=O)C2=CC=CC=C2Cl)C(NC(C)CC)=O)CC1)C(C)C,0.00889050830155611
C(C(=O)N1CCC(C(NC(C2=C(C)C=CC=C2)=O)C(NCCC)=O)CC1)C(C)C,0.009125735284760595
C(C)NC(C(CC)OC1C=C2C(N(C(=O)CC(C)C)CCC2=CC=1)C1C=CC=CC=1)=O,0.012443131115287543
C(C(=O)N1CCC(C(NC(=O)C2=CC=C(C)C=C2)C(NC(C)CC)=O)CC1)C(C)C,0.009607744123786687
C(C(=O)N1CCC(C(NC(=O)C2C=CC=CC=2)C(NC(C)C(C)C)=O)CC1)C,0.009010124602355063
C(C(=O)N1CCC(C(NC(=O)C2=CC=CS2)C(NC(C)CC)=O)CC1)C,0.007346879900433123
C(C)(C)(C)CC(=O)N1CCC(C(NC(=O)C2=C(F)C=CC=C2)C(NCCCOC)=O)CC1,0.006031579780392348
C(C(=O)N1CCC(C(NC(=O)C2=CC=CC=C2Cl)C(NC(C)CC)=O)CC1)C,0.008296999405138195
C(C)(C)(C)CC(=O)N1CCC(C(NC(C2=C(C)C=CC=C2)=O)C(NCCC)=O)CC1,0.009977064235135913
C(C1COC2(CCC(C)CC2)N1C(C1=C(C(F)(F)F)C=CC=C1)=O)(=O)NC(C)C,0.008530432428233325
C1C=C2OC(CC)C(=O)N(CC3=CC(F)=CC(F)=C3)CC2=CC=1NC(=O)C1CC1,0.007628855830989778
C1(C(=O)N2CCC(C(NC(C3=C(C)C=CC=C3)=O)C(NCCCOC)=O)CC2)CC1,0.007679601665586233
C(C(=O)NC1=CC(=CC=C1)N1CCCN(CC2C=C(F)C=C(F)C=2)C1=O)OC,0.003987648501060903
C1C(OC)=C(CCNC(C2CC(C3=CC(OC)=C(OC)C=C3)CN(C(=O)C)C2)=O)C=CC=1,0.008931787381879986
C=CCNC(=O)NC1=C(C=CC(C)=C1)N1CCCN(CC2=C(Cl)C=CC(F)=C2)C1=O,0.0038630360970273612
C1(C(=O)NC2=C(C=CC(OC)=C2)N2CCCN(CC3C=CC(OC)=CC=3)C2=O)CCCC1,0.006314815324731171
C1(C(=O)N(C2CC2)CC(N(CC2=CC=C(F)C=C2)CC2=CC=C(C)S2)=O)CCCC1,0.011133190710097551
C1(C(=O)N(C2CC2)CC(N(CC2=CC=C(F)C=C2)CC2=CC=C(C)S2)=O)CCC1,0.010673675779253244
C1(C(=O)N2CCC(C(NC(=O)C3C=CC=CC=3)C(NC(C)CC)=O)CC2)C=CC=CC=1,0.008364973659627139
C(C(=O)N1CCC(C(NC(=O)C2=CC=C(C=C2)OC)C(N2CCCCC2)=O)CC1)OC,0.008650169288739563
N(C(NCC(OCC)=O)=O)(CC1C=CC(=CC=1)OS(=O)(=O)C1C=CC(=CC=1)F)C(C)CC,0.006490013329312205
N(CC1=CC=C(F)C=C1)(C(NCCCC)=O)CC1C=CC(=CC=1)OS(=O)(=O)CC,0.005475667188875377
C1=CC2OC=C(C3=CC(C(F)(F)F)=CC=C3)C(=O)C=2C=C1F,0.005267791787628084
N(C(=O)C1=CC=CC=C1OC)(CC1C=CC(=CC=1)OS(=O)(=O)CC)C(C)CC,0.01207681535743177
N(CC1=CC=C(F)C=C1)(C(NC1=C(C)C=CC=C1)=O)CC1C=CC(=CC=1)OS(=O)(=O)CC,0.005897129280492663
N(C1CC1)(C(=O)C1CCCC1)CC1=CC=CC(=C1)OS(=O)(=O)C1C=CC(=CC=1)F,0.010209890455007553
C1(C(=O)NC2=C(C=CC(C)=C2)N2CCCN(CC3=C(F)C=C(F)C=C3)C2=O)CCC1,0.005717748333700002
N(C1CC1)(C(COC1C=CC=CC=1)=O)CC1C=CC(=CC=1)OS(=O)(=O)CC,0.011626321310177445
N(C(=O)CCC1CCCC1)(CC1C=CC(=CC=1)OS(=O)(=O)CC)CC1=CC=CO1,0.013050303980708122
N(C1CC1)(C(=O)C1CCCC1)CC1C=CC(=CC=1)OS(=O)(=O)CC,0.013447552034631372
N(C(=O)C1=CC=C2OCOC2=C1)(CC1C=CC(=CC=1)OS(=O)(=O)CC)CC1=CC=CO1,0.010441936505958437
N(C1CC1)(C(=O)CCC(=O)OCC)CC1C=CC(=CC=1)OS(=O)(=O)CC,0.013325420161709189
N(C(=O)C1=CC=CC=C1OC)(CC1C=CC(=CC=1)OS(=O)(=O)CC)CC1=CC=CO1,0.011346068885177373
N(CC1=CC=C(F)C=C1)(C(C1CCCCC1)=O)CC1C=CC(=CC=1)OS(=O)(=O)CC,0.010395983792841434
N(C1CC1)(C(=O)CC1C=CC(F)=CC=1)CC1C=CC(=CC=1)OS(=O)(=O)CC,0.00912635396234691
N(C(=O)CC1C=CC(=CC=1)F)(CC1C=CC(=CC=1)OS(=O)(=O)CC)CC1=CC=CO1,0.00895731090568006
N(CC1=CC=C(F)C=C1)(C(C1=C(C)C=CC=C1)=O)CC1C=CC(=CC=1)OS(=O)(=O)CC,0.008647293597459794
N(C1CC1)(C(NC1=CC=C(OC)C=C1)=O)CC1C=CC(=CC=1)OS(=O)(=O)CC,0.006795524898916483
N(C(NCCCC)=O)(CC1C=CC(=CC=1)OS(=O)(=O)CC)CC1=CC=CO1,0.006051060114987195
N(CC1=CC=C(F)C=C1)(C(COC1C=CC=CC=1)=O)CC1C=CC(=CC=1)OS(=O)(=O)CC,0.009089809050783515
C1(C)C=C(CNC(CC2C=C(C=CC=2)N(C(=O)CC)CC2=CC=CC=C2)=O)C=CC=1,0.010187323112040758
C1(CC1)NC(CC1C=C(C=CC=1)N(C(C1=C(F)C=C(F)C=C1)=O)CC1=CC=CC=C1)=O,0.006753807934001088
C1(=CC=CO1)CNC(CC1C=C(C=CC=1)N(C(NC(C)(C)C)=O)CC1C=CC(F)=CC=1)=O,0.0049051084206439555
C1(CCCN(C1)C(CC1C=C(C=CC=1)N(C(=O)C1=CC=CS1)CC1=CC=CC=C1)=O)C(=O)OCC,0.007355033396743238
C(C1COC2(CCN(CC2)C(=O)C2CC2)N1C(=O)C1C=CC=C(C)C=1)(=O)NC1CC1,0.0087045066524297
C1(C(=O)NC2C=C(C=CC=2Cl)N2CCCN(CC3=CC=CC=C3)C2=O)C=C(C)C=CC=1,0.005460600135847926
C(NC(=O)N(C(C)C)CC(N(CC1=CC=C(F)C=C1)CC1=CC=C(C)S1)=O)C,0.004834055434912443
C(NC(=O)N(CCC)CC(N(CC1=CC=C(F)C=C1)CC1=CC=C(C)S1)=O)C,0.004759773192927241
C(C(=O)N(CC=C)CC(N(CC1=CC=C(F)C=C1)CC1=CC=C(C)S1)=O)C,0.008405467215925454
CC(=O)N(CCCC)CC(N(CC1=CC=C(F)C=C1)CC1=CC=C(C)S1)=O,0.008732755063101649
C1(C(=O)NC2=C(C=CC(C)=C2)N2CCCN(CC3=CC=CC=C3)C2=O)C=CC=C(F)C=1,0.00518441575113684
C(NC(=O)N(CCOC)CC(N(CC1=CC=C(F)C=C1)CC1=CC=C(C)S1)=O)C,0.004420410236343741
C1(C(=O)NC2=CC=CC=C2N2CCCN(CC3C=CC=C(F)C=3)C2=O)C=C(C)C=CC=1,0.005045512563083321
C(C(=O)N(CCOC)CC(N(CC1=CC=C(F)C=C1)CC1=CC=C(C)S1)=O)(C)C,0.009332574997097253
C(NC(=O)N(C1CC1)CC(N(CC1=CC=C(F)C=C1)CC1=CC=C(C)S1)=O)C,0.0047813896206207575
C1(C(=O)N(CC(C)C)CC(=O)N2CC(=O)N(C3C=CC(F)=CC=3)C2)=CC=C(CC)C=C1,0.009550384525209666
C1CC(CCC1)NC(C1CN(CC2C=C(Br)C=CC=2)C(=O)C1)=O,0.014381022285670042
C=CCNC(CC1C=C(C=CC=1)N(C(COC1C=CC=CC=1)=O)CC1=CC=C(C)C=C1)=O,0.007844376075081528
C1C=C(CCCNC(C2CN(CC3C(OC)=CC=CC=3)C(=O)C2)=O)C=CC=1,0.008580785198137163
C(N(S(=O)(=O)C1C=CC(=CC=1)OC)C1=CC=C(C=C1)Br)C1C=CC=C(OC)C=1,0.0076692771632224325
C1(C(=O)N(CC=C)CC(=O)N(CC2=CC=C(F)C=C2)CC2=CC=C(C)O2)=CC=C2OCOC2=C1,0.008029536437243223
O1CCN(CC1)C(CC1C=C(C=CC=1)N(C(=O)C=CC1C=CC=CC=1)CC1C=CC(F)=CC=1)=O,0.0071228506276384
C(N(S(C1=CC(Cl)=CC=C1F)(=O)=O)C1=CC(OC)=CC=C1)C1C=CC=C(OC)C=1,0.0064397205132991076
C1C=C(CCCNC(C2CN(CC3C(F)=CC=CC=3)C(=O)C2)=O)C=CC=1,0.006348007894121111
C(C)(N(S(C1=CC=CC=C1F)(=O)=O)C1=CC(F)=CC=C1)C1=CC=CC=C1OC,0.00818930568639189
C1(C(=O)N(CC2=CC=CO2)CC(=O)N2CCC3SC=CC=3C2COC2=CC=C(C=C2)C)CCCC1,0.010506810573861002
C1C=C(C=CC=1C)NC(=O)N1CCC(C(NC(C2=C(C)C=CC=C2)=O)C(N2CCCC2)=O)CC1,0.005533202982041985
N(C(=O)CC1=CC=CS1)(CC1C=CC(=CC=1)OS(=O)(=O)CC)C(C)CC,0.009132116055116057
O1C(CNC(CCCN2C(=O)COC3C2=CC(C(COC2=CC(OC)=CC=C2)=O)=CC=3)=O)=CC=C1,0.010464167082682252
C1(C=CC(=CC=1)OC)NC(COC1C=C2C(N(C(=O)CC)CCC2=CC=1)C1=CC=C(C)C=C1)=O,0.008850323385559022
N(C1C=CC(=CC=1)C1N(C2=CC=C(C=C2)C(F)(F)F)C(=O)CS1)C(COC1C=CC=CC=1)=O,0.004540667915716767
C1(=CC=C(C=C1)F)NC(C1=CC=C(COC2C=C3C(N(C(=O)C)CCC3=CC=2)C2C=CC=CC=2)O1)=O,0.006741312355734408
N1(C2C=CC=CC=2CC2C=CC=CC=2)CCC(C(=O)NCC2=C(F)C=CC=C2)C1=O,0.007656145398505032
C1(S(=O)(=O)N(CC=C)CC(=O)N2CCC3SC=CC=3C2COC2=CC=CC=C2)=CC=C(C)C=C1,0.0068941968493163586
C1(C=CC(=CC=1)OC)NC(CC1C=C(C=CC=1)N(C(NCC=C)=O)CC1C=CC(F)=CC=1)=O,0.0039348129881545905
N1(C2C=CC=C(C)C=2C)CCC(C(=O)NCC2=CC(C)=CC=C2)C1=O,0.00960314499679953
N1(C2=CC(OC)=C(OC)C=C2)C(=O)C(C)N(C(=O)C2C=CC(F)=CC=2)CC1,0.007199561386369169
N1(CCC(CC1)CC1C=CC=CC=1)C(COC1C=C2N(CC3CCC3)C(=O)C=C(C)C2=CC=1)=O,0.00998669066466391
N(CC1CCCCC1)C(COC1C=C2N(CC3CC3)C(=O)C=C(C(C)C)C2=CC=1)=O,0.011907601542770863
N1(C2=CC(Cl)=CC=C2OC)C(=O)C(C)N(C(=O)C2=CC=CS2)CC1,0.005403543752618134
N1(CCN(C(=O)OCC)CC1)C(COC1C=C2N(CC3C(F)=CC=CC=3)C(=O)C=C(C)C2=CC=1)=O,0.005715444916859269
N1(C2=CC=C(C=C2)F)C(=O)C(C)N(C(C2=C(C)C=CC=C2)=O)CC1,0.006196558242663741
N(CCC1C=CC(OC)=C(OC)C=1)C(COC1C=C2N(CC)C(=O)C=C(C(F)(F)F)C2=CC=1)=O,0.005388879310339689
N(CC1CCCCC1)C(COC1C=C2N(CC3C(F)=CC=CC=3)C(=O)C=C(C)C2=CC=1)=O,0.007443074975162745
N1(C2=CC(C)=CC=C2F)C(=O)C(C)N(C(=O)C2C=CC=C(Br)C=2)CC1,0.007727117510512471
N1(CCOCC1)C(COC1C=C2N(CC3CC3)C(=O)C=C(C(C)C)C2=CC=1)=O,0.009888055454939603
N1(C2=CC=C(OC)C=C2OC)C(=O)C(C)N(C(C2=C(F)C=CC=C2)=O)CC1,0.0077336089918389915
C1(C(=O)N2CCC(C(NC(=O)CC(C)C)C(NCC(C)C)=O)CC2)=CC=CO1,0.009584275353699923
C1C(Cl)=C(CCNC(C2CC(=O)N(C3CCCCC3)C2)=O)C=CC=1Cl,0.011858937330543995
C1(C(=O)N2CCC(C(NC(C3=C(C)C=CC=C3)=O)C(NCCCOC)=O)CC2)C=CC(=CC=1)Cl,0.006230227556079626
C1(C(=O)N2C(C3=CC(OC)=CC(OC)=C3)SCC2)C=CC2C=CC=CC=2C=1,0.00916722766123712
C(F)(F)(F)C1C=CC=C(C=1)NC(=O)N1C(C2=CC=CS2)SCC1,0.0025939685525372624
C(=O)(NC(CC1=CC=CC=C1)C(=O)NC1C=CC(=CC=1)F)NC1C=CC=C(Cl)C=1Cl,0.004169269290287048
C(C(=O)N(CC1CCCO1)CC1=CC=CO1)CC1CCCC1,0.01833281768485904
C(CN1CC2=C(C1=O)C(C1C=CC=C(C)C=1)NC(=O)N2CC)(NC1CC1)=O,0.006723024905659259
C1(NC(=O)N(CC2CCCO2)CC2=CC=CO2)=C(C=CC=C1Cl)Cl,0.00536527952644974
C(C(=O)NC1=CC=CC=C1N1CCCN(CC2=C(Cl)C=CC=C2)C1=O)C1C=CC(OC)=CC=1,0.004699710733257234
C1CC(CCC1)NC(C1CN(CC2C=C(C(F)(F)F)C=C(C(F)(F)F)C=2)C(=O)C1)=O,0.008367760153487325
C1(C(=O)N2CCC(C(NC(C3=C(C)C=CC=C3)=O)C(N3CCCCC3)=O)CC2)C=CC(=CC=1)Cl,0.008476876793429256
O(C(=O)NC1=CC=CC=C1N1CCCN(CC2=C(Cl)C=CC=C2)C1=O)CC1C=CC=CC=1,0.005250643962062896
C(CC1OCCO1)NC(C1CN(CC2C(F)=CC=CC=2)C(=O)C1)=O,0.00757273796480149
N1(C2=CC=C(Br)C=C2)C(=O)C(C)N(C(=O)C2C=CC=C(F)C=2)CC1,0.00705092113930732
C1(C(=O)NC2C=CC(=CC=2)N2CCCN(CC3=CC(C(F)(F)F)=CC=C3)C2=O)=CC=CS1,0.0038866635644808412
N1(C2=CC=CC=C2C2=CC=CC=C2)C(=O)C(C)N(C(=O)CC2C=CC=CC=2)CC1,0.008851805259473622
C1(=CC=CS1)CCNC(C1CN(CC2C=CC(OC(F)(F)F)=CC=2)C(=O)C1)=O,0.004386298498138786
N1(C2=CC=C(Br)C=C2)C(=O)C(C)N(C(C2=CC3OCOC=3C=C2)=O)CC1,0.008635097090154887
N1(C2=CC=CC(Br)=C2)C(=O)C(C)N(C(=O)C2C=CC(Cl)=C(Cl)C=2)CC1,0.008577152155339718
O(C(=O)NC1=CC(=CC=C1)N1CCCN(CC2C=C(F)C=CC=2F)C1=O)CC1C=CC=CC=1,0.004484130686614662
C1C(Cl)=C(CCNC(C2CN(CC3C(OC)=CC=CC=3)C(=O)C2)=O)C=CC=1Cl,0.00801304536871612
N1(C2=CC=CC(Br)=C2)C(=O)C(C)N(C(C2=CC(OC)=CC=C2)=O)CC1,0.008538194466382265
N1(C2C=C(C=CC=2)OCC)C(=O)C(C)N(C(C2=CC=C(C=C2)C(F)(F)F)=O)CC1,0.005561222718097269
C1CC(CCC1)NC(C1CN(CC2C(F)=CC=CC=2)C(=O)C1)=O,0.00950896954163909
N1(C2=CC=C(Br)C=C2)C(=O)C(C)N(C(=O)C(C)(C)C)CC1,0.012279759813100099
C1(C(=O)N2CCC(C(NC(=O)C3CC3)C(NCCOC)=O)CC2)C=CC(=CC=1)Cl,0.007067493861541152
C1C=C2OC(C(=O)N(CC3=CC=C(F)C=C3)CC2=CC=1NC(=O)CC1=CC=CS1)CC,0.005699321837164461
C1CN(CCN1C(=O)C1OC=CC=1)C(C1CN(CC2C=C(OC)C=CC=2)C(=O)C1)=O,0.008933057729154825
C1(C(=O)N2CCC(C(NC(=O)C3CC3)C(NCCCOC)=O)CC2)C=CC(F)=CC=1,0.006270218873396516
N1(C2C=C(C=CC=2)OCC)C(=O)C(C)N(C(=O)CC2C=CC=CC=2)CC1,0.007970767165534198
N1(C2C=CC(=CC=2)OCC)C(=O)C(C)N(C(C2=C(C)C=CC=C2)=O)CC1,0.008344175340607763
C(NC(=O)NC1=CC=CC=C1N1CCCN(CC2=CC(F)=C(F)C=C2)C1=O)C,0.004680388001725077
C(C(=O)NC1=CC=CC=C1N1CCCN(CC2C=CC=C(F)C=2)C1=O)(CC)C1C=CC=CC=1,0.00534241198329255
C(C(=O)NC1=C(C=CC(C)=C1)N1CCCN(CC2=CC(C)=CC=C2C)C1=O)OC,0.005954834911972284
C1(=CC=CC=C1)CNC(C1CC(C2=CC(C)=C(F)C=C2)CN(C(=O)C2C=CC=CC=2)C1)=O,0.006684861076064408
C1(C(=O)NC2=CC=CC=C2N2CCCN(CC3=CC=C(C=C3)F)C2=O)=CC=CO1,0.005576449772343039
C(C(=O)NC1=CC(=CC=C1)N1CCCN(CC2=CC(C)=CC(C)=C2)C1=O)C1C=CC(F)=CC=1,0.005363787757232785
C1(S(=O)(=O)NC2=CC=CC=C2N2CCCN(CC3=CC=C(C=C3)F)C2=O)=CC=CC=C1,0.003837415564339608
C1(C(=O)NC2C=CC(=CC=2)N2CCCN(CC3=C(F)C(Cl)=CC=C3)C2=O)CC1,0.00501535979565233
C(C(=O)NC1=C(C=CC(C)=C1)N1CCCN(CC2C=CC=C(F)C=2)C1=O)OC,0.004193831130396575
C(NC(=O)NC1C=CC(=CC=1)N1CCCN(CC2C=C(F)C=C(F)C=2)C1=O)C,0.0037870799424126744
C(C(=O)NC1C=CC(=CC=1)N1CCCN(CC2=CC(OC)=CC=C2)C1=O)(C)C,0.005777447880245745
C1C=C2OCC(=O)N(C(C)C3=CC=C(F)C=C3)CC2=CC=1NC(C1=C(F)C=CC=C1F)=O,0.007372065470553935
C1N(C(NC2=CC=CC(Cl)=C2)=O)CC(CN(CC2CC2)C(=O)C2C=CC=C(F)C=2)OC1,0.005239532922860235
N1(CCC2(N(C3C=CC(F)=CC=3)C(=O)CS2)CC1)C(=O)NC1=CC(OC)=CC(OC)=C1,0.0039101258269511165
C1N(C(C2=C(C)C=CC=C2)=O)CC(CN(C2CCCC2)C(=O)C2=CC=C(C)C=C2)OC1,0.01267947992309928
C1N(C(=O)C2C=CC(Cl)=C(Cl)C=2)CC(CN(C2CCCC2)C(=O)C2=CC=CO2)OC1,0.010626513371244073
N1(CCC(C(N[C@H]2[C@H](NC(=O)C3C=CC=CC=3)CCCC2)=O)CC1)C(C1C=CC=C(Cl)C=1)=O,0.007110719894990325
N1(C2=CC(Cl)=C(C)C=C2)C(=O)C(C)N(C(=O)C2C=CC(Cl)=CC=2Cl)CC1,0.007970986049622297
C(C1=CC=C(CN2C(=O)COC3C2=CC=CC=3)O1)(N1CCC(CC1)C)=O,0.009662812994793057
N1(C2=CC=C(Cl)C=C2C)C(=O)C(C)N(C(=O)C2=CC=C(C=C2)Br)CC1,0.00876146622467786
C1C=C2OCC(=O)N(CC3=CC(F)=CC(F)=C3)CC2=CC=1NC(C1=CC=C(OC)C(OC)=C1)=O,0.00741378148086369
C1N(C(=O)C2C=CC(F)=CC=2)CC(COC2=CC(OC)=CC=C2)OC1,0.007591474591754377
C1(C(=O)N2CC(CCC2)OCC2C=C(F)C=CC=2F)C=CC=C(Br)C=1,0.008094652695581317
N1(C2=CC=CC=C2F)C(=O)C(C)N(C(CC(C)(C)C)=O)CC1,0.00827056085690856
N1(C2=CC=CC=C2F)C(=O)C(C)N(C(=O)C2=CC=C(C=C2)Br)CC1,0.008026215294376016
C(C(=O)N1CCC(C(NC(=O)C2=CC=CC=C2Cl)C(NCC(C)C)=O)CC1)CC1C=CC=CC=1,0.007893209438771009
N1(C2=CC(F)=CC=C2)C(=O)C(C)N(C(CC(C)(C)C)=O)CC1,0.007624644506722689
C1N(C(C2=CC=C(C=C2)C(F)(F)F)=O)CC(COC2=CC=C(F)C=C2F)OC1,0.006452569761313498
N1(C2=CC(OC)=C(OC)C=C2)C(=O)C(C)N(C(=O)C2=CC=C(C=C2)Br)CC1,0.009256898798048497
C1(C(=O)NC2=C(C=CC(OC)=C2)N2CCCN(CC3=CC(Cl)=CC=C3)C2=O)CCCC1,0.005520287982653827
N1(CC2N(C(=O)C1)CCC1C2=CC(OC)=C(OC)C=1)S(C1=CC=C(C=C)C=C1)(=O)=O,0.00690719133708626
N1(CCC2C=C(OC)C(OC)=CC=2C1C)C(=O)C1=CC=CC(OC)=C1,0.013726663729175925
C(NC(=O)N1CCC(C(NC(C2=CC(OC)=CC=C2)=O)C(N2CCCC2)=O)CC1)(C)C,0.005508160393219441
C1C(C(=O)OC)(C(NCCC2=CC=C(Br)C=C2)=O)C1,0.012430992489680649
C1(=C(F)C=CC(=C1)NC(=O)N1C(C2C=CC3OCOC=3C=2)SCC1)Cl,0.003392000135499984
O(C1C=CC(=CC=1)Cl)CC(=O)N1C(C2=CC=C(C=C2)F)SCC1,0.006433821702376008
C(COC)CNC(C1CN(C2=CC(C)=CC(C)=C2)C(=O)C1)=O,0.00822959269862622
C(S(=O)(=O)N(CC(C)C)CC(=O)N(CC1=CC=CC=C1)CC1=CC=C(C)O1)C1C=CC=CC=1,0.010039234580472112
C(C1CN(C2=CC(F)=CC=C2)C(=O)C1)(=O)NCCC1=C(Cl)C=C(Cl)C=C1,0.0060366792371496555
C1(C(=O)N(C(C)(C)C)CC(=O)N(CC2=CC=CC=C2)CC2=CC=C(C)O2)=CC=CC=C1OC,0.012318830424919724
C1=C(C=CC=C1NC(=O)N1CCC(C(NC(=O)C2C=CC=CC=2)C(NCC=C)=O)CC1)Cl,0.003934766841121018
C(CN1CC2=C(C1=O)C(C1C=CC(F)=CC=1)NC(=O)N2C)(NC1C=CC=CC=1CC1C=CC=CC=1)=O,0.00533870724029839
N1(CCC(C(NC(=O)C2=CC=C(C=C2)F)C(NC(C)C)=O)CC1)C(C1=CC=C(C=C1)C(F)(F)F)=O,0.004872000846080482
O1CCCC1CNC(CC1=CC=C(C=C1)N(C(=O)C1CC1)CC1C=CC=C(F)C=1)=O,0.008481550053693354
C1(=CC=CC=C1)CCNC(C1CC(=O)N(CCC(C)C)C1)=O,0.010177554888650775
N1(C2C=CC=C3C=CC=CC=23)C(=O)C(C)N(C(NC2=CC=C(C)C=C2)=O)CC1,0.004470215504989028
C(C(=O)N(C1CC1)CC(=O)N(CCC1=CC=CC=C1)CC1=CC=C(C)O1)C1=CC=C(C=C1)OC,0.011995279882103204
C(S(=O)(=O)N(CC=C)CC(=O)N(CC1=CC=C(F)C=C1)CC1=CC=C(C)O1)C1C=CC=CC=1,0.007295397948473692
N(CCOC)(C(=O)C=CC1C=CC=CC=1)CC1=CC=CC(=C1)OS(=O)(=O)C1C=CC(=CC=1)F,0.006889219512231648
C(C(=O)N1C(C2=C(OCC3C=CC=CC=3)C=CC=C2)SCC1)(Cl)Cl,0.0076895713864360005
O1C(CNC(C(C)N2C(=O)COC3C2=CC(C(COC2=CC(F)=C(F)C=C2)=O)=CC=3)=O)=CC=C1,0.009932298213243484
C(C)NC(CC1C=C(C=CC=1)N(C(C1=C(C)C=CC=C1)=O)CC1C=CC(F)=CC=1)=O,0.007301042205654085
C(N(S(C1=CC=CC=C1F)(=O)=O)C1C=CC(=CC=1)OC)C1C=C(C)C=CC=1,0.007444260991178453
C1(=CC=CC=C1)CNC(CCCN1C(=O)COC2C1=CC(C(COC1=CC(C)=CC=C1F)=O)=CC=2)=O,0.009107937198132276
C(N(S(C1=CC=CC(OC)=C1)(=O)=O)C1=CC(OC)=C(OC)C=C1)C1C=CC(=CC=1)Cl,0.007039381377398968
N(C(=O)CCC1C=CC=CC=1)(CC1C=CC(=CC=1)OS(=O)(=O)CC)CC1=CC=CO1,0.011222286149859428
C(N(S(=O)(=O)C1=CC=C(C=C1)F)C1=CC(OC)=C(OC)C=C1)C1C=CC=C(Cl)C=1,0.007021078467369079
C(N(S(C1=CC=C(C)C(F)=C1)(=O)=O)C1=CC(OC)=C(OC)C=C1)C1C=CC=C(F)C=1,0.00824119932949543
C1(C(=O)N2CCC(CC2)CN2C(=O)CSC2C2=CC=CC(=C2)C(F)(F)F)C=CC=C(F)C=1,0.005616915877908468
C1C=C2OC(C(=O)N(CC3=CC=C4OCOC4=C3)CC2=CC=1NC(=O)CC1C=CC(=CC=1)F)CC,0.006658280710689723
C(N(S(=O)(=O)C1=CC=CC=C1)C1=CC(F)=CC=C1)C1C=CC=C(F)C=1,0.006028177693951875
C(N(S(=O)(=O)C1=CC=C(C=C1)Cl)C1=CC(OC)=CC(OC)=C1)C1C=CC(F)=CC=1,0.006019969726912678
C1C=C2OC(C(=O)N(CC3=CC=C(OC)C=C3)CC2=CC=1NC(=O)NCC1C=CC=CC=1)CC,0.005543927475810051
C(N(S(=O)(=O)C1=CC=C(C=C1)NC(C)=O)C1C=CC(=CC=1)OC)C1=CC=C(C)C=C1,0.005120046448428184
C(OCC)(=O)C1CN(CCC1)C(CC1=CC=C(C=C1)N(C(=O)C1CC1)CC1=CC=C(OC)C=C1)=O,0.008470107964240015
C1=CC2OC(C3=CC=CC=C3)=C(C3=CC(OCC)=CC=C3)C(=O)C=2C=C1,0.011423736810684204
C1(=CC=CO1)CNC(CC1C=C(C=CC=1)N(C(C1=C(F)C=C(F)C=C1)=O)CC1=CC=CC=C1)=O,0.007098927325569093
C1(S(=O)(=O)N(C2=CC=CC=C2)CC2=CC=CC=C2)=CC=CC=C1,0.006981409271247685
C(N(S(=O)(=O)C1C=CC(=CC=1)OC)C1=CC(C)=CC=C1)C1=CC=C(OC)C(OC)=C1,0.007984772184863686
C1C=C(CNC(C(C)N2C(=O)COC3C2=CC(C(COC2=CC(Cl)=CC=C2)=O)=CC=3)=O)C=CC=1F,0.008194770570844412
C(C(=O)N(CCC)CC(=O)N(CCC1=CC=CC=C1)CC1=CC=CO1)CCl,0.009355631517246365
N(C1=CC(=CC=C1)C1C(C(=O)OC(C)C)=C(C)N(C)C(=O)N1)C(=O)CC1=CC=CS1,0.005228266492486
N1(C(CC)CCCC1)C(=O)C=C1C(=O)NC2=CC(Cl)=CC=C2S1,0.00694926290307194
N(C1=CC(=CC=C1)C1C(C(=O)OC(C)C)=C(C)N(C)C(=O)N1)S(=O)(=O)C1C=CC(=CC=1)F,0.0046684828121215105
C1=CC(=CC2OCOC1=2)C(=O)NC1C=C(C(OC)=CC=1)N1CCCN(CC2C=CC=C(C)C=2)C1=O,0.00529159230645746
N1(CCC(C(N[C@H]2[C@H](NC(=O)C3C=CC=CC=3)CCCC2)=O)CC1)S(C=CC1=CC=CC=C1)(=O)=O,0.005145627143792808
N(C1=CC=CC=C1)C(COC1C=C2N(CC)C(=O)C=C(C)C2=CC=1)=O,0.00676818082574755
N(C1C[C@H]2C3C=CC=CC=3C(=O)N2[C@H](C)C1)(C(=O)NC1C=CC(F)=CC=1F)CC=C,0.004378627275582403
C(N(S(=O)(=O)C1=CC=C(C=C1)NC(C)=O)C1C=CC(=CC=1)C)C1=C(F)C=CC=C1,0.004798449773807079
C(OC)CNC(CC1=CC=C(C=C1)N(C(=O)C1C=CC=CC=1)CC1=CC=C(OC)C=C1)=O,0.0066832716576755045
C1CC(C(=O)OCC)CCN1C(CC1=CC=C(C=C1)N(C(=O)C1C=CC=CC=1)CC1=CC=CC=C1)=O,0.00876568944659084
C(N(S(C1=CC=CC(OC)=C1)(=O)=O)C1=CC(C)=CC=C1)C1=CC=CC=C1OC,0.007151676458306611
O1CCCC1CNC(CC1=CC=C(C=C1)N(C(C1=C(C)C=CC=C1)=O)CC1=CC=CC=C1)=O,0.008852260815910996
C(N(S(C1=CC(Cl)=CC=C1F)(=O)=O)C1=CC2OCOC=2C=C1)C1C=CC=C(F)C=1,0.006183126010000706
C1CCCN1C(CC1=CC=C(C=C1)N(C(C1=C(C)C=CC=C1)=O)CC1=CC=CC=C1)=O,0.010541066620498895
C(N(S(C1=CC=CC(OC)=C1)(=O)=O)C1=CC(OC)=CC(OC)=C1)C1=C(C)C=CC=C1,0.006927723181433976
C(C1C=CC(OC)=C(OC)C=1)(N(S(=O)(=O)C1=CC=CC=C1)C1=CC=C(C=C1)F)C,0.007935382891446352
C(C)NC(CC1=CC=C(C=C1)N(C(=O)C1C=CC(=CC=1)Cl)CC1C=CC=C(F)C=1)=O,0.006227308162488043
C1C=C2OC(C(=O)N(CCC3C=CC=CC=3OC)CC2=CC=1NC(=O)C1=CC=CS1)CC,0.007684659631922841
C(N(S(C1=CC=CC(OC)=C1)(=O)=O)C1=CC(F)=CC=C1)C1=C(F)C=CC=C1,0.007332441909238696
C=CCNC(CC1=CC=C(C=C1)N(C(=O)C1=CC=CO1)CC1C=C(C)C=CC=1)=O,0.009187915734946728
C1CN(CCC1C)C(CC1=CC=C(C=C1)N(C(=O)C1=CC=CO1)CC1C=CC(F)=CC=1)=O,0.008338423678651452
O1CCCC1CNC(CC1C=C(C=CC=1)N(C(C1=CC(OC)=CC=C1)=O)CC1C=CC(F)=CC=1)=O,0.0065587972523644565
N1(CCC(C(N[C@H]2[C@@H](CCCC2)NC(=O)C2C=CC=CC=2C)=O)CC1)C(C1=C(F)C=CC=C1)=O,0.006460746610537171
C=CCNC(CC1=CC=C(C=C1)N(C(=O)C1=CC=C(C)C=C1)CC1=CC=CC=C1)=O,0.008476304239593446
O1C(CNC(CC2=CC=C(C=C2)N(C(=O)C2=CC=CS2)CC2C=CC=C(F)C=2)=O)=CC=C1,0.00632768371142447
N1(CCC(C(N[C@H]2[C@H](NC(=O)C3C=CC(F)=CC=3)CCCC2)=O)CC1)C(C1=C(Cl)C=CC=C1)=O,0.006098056840710342
C(OC)CNC(CC1=CC=C(C=C1)N(C(=O)C1=CC=CO1)CC1C=C(C)C=CC=1)=O,0.00812103997450322
N1(CCC(C(N[C@H]2[C@H](NC(=O)C3C=CC(F)=CC=3)CCCC2)=O)CC1)C(C1C=CC=C(F)C=1)=O,0.006075187074020505
N(CCOC)(S(=O)(=O)C1C=CC=CC=1)CC1=CC=CC(=C1)OS(=O)(=O)C1C=CC(=CC=1)F,0.006303959479555488
N(CC1=CC=C(F)C=C1)(S(=O)(=O)C1C=CC(C)=CC=1)CC1C=CC(=CC=1)OS(=O)(=O)CC,0.006452428526245058
N(S(=O)(=O)C1C=CC=CC=1)(CC1C=CC(=CC=1)OS(=O)(=O)CC)CC1=CC=CO1,0.007516683265566826
N(C1=CC(=CC=C1)C1C(C(=O)OC(C)C)=C(C)N(C)C(=O)N1)C(=O)C1=CC=C2OCOC2=C1,0.0065203031292185186
C(N(S(C1C=CC=C(C=1)C(F)(F)F)(=O)=O)C1=CC(OC)=CC=C1)C1=CC=C(OC)C=C1,0.005309979175217449
O1C(CNC(CC2=CC=C(C=C2)N(C(=O)C2CCCC2)CC2C=CC=C(F)C=2)=O)=CC=C1,0.009069807594642043
C(C)(N(S(=O)(=O)C1C=CC(=CC=1)OC)C1=CC(OC)=C(OC)C=C1)C1=CC(OC)=CC=C1OC,0.008793770405463874
C1C=C(C=CC=1C)NC(=O)N1CCC(C(NC(=O)C2=CC=CC=C2Cl)C(N2CCCCC2)=O)CC1,0.004956356598995626
C(OCC)(=O)C1CN(CCC1)C(CC1=CC=C(C=C1)N(C(=O)C1CCCC1)CC1=C(C)C=CC=C1)=O,0.010453383065760135
N(C1C=CC(=CC=1)C1N(C2=CC=C(C=C2)C(F)(F)F)C(=O)CS1)C(=O)C1CCCC1,0.005854989378713071
C(C(=O)N(CC(C)C)CC(=O)N1CC(=O)N(C2C=CC(F)=CC=2)C1)CC1CCCC1,0.012145215785130859
C(C1COC2(CCC(C)CC2)N1C(=O)C1=CC=CC=C1Cl)(=O)N1CCCC1,0.012950073601678014
C(C1COC2(CCCC(C)C2)N1C(=O)C1=CC=CC=C1F)(=O)NCC1CCCO1,0.010033953469246626
C(C1COC2(CCCCC2)N1C(=O)C1=CC=CC(OC)=C1)(=O)NCC1CCCO1,0.010880658775568009
C1(C(=O)N2CCC(C(NC(=O)C3=CC=C(C=C3)F)C(N3CCCC3)=O)CC2)SC=CC=1,0.006135846045799554
C(C(=O)NC1=CC=CC=C1N1CCCN(CC2=CC(C)=CC(C)=C2)C1=O)C1=CC=CS1,0.005455652484670281
N1(C2=CC=C(C(C)C)C=C2)C(=O)C(C)N(C(=O)C2CCC2)CC1,0.012041207123547792
C1(C(=O)N2CCC(C(NC(=O)C3C=C(C)C=CC=3)C(N(CC)CC)=O)CC2)CCCC1,0.010589396674185991
N1(CCC2(N(C3C=CC(OC)=CC=3)C(=O)CS2)CC1)C(CC1C=CC(F)=CC=1)=O,0.006097258091904223
N1(CCC2(N(CC3=CC=CO3)C(=O)CS2)CC1)S(C1C=CC=C(C(F)(F)F)C=1)(=O)=O,0.003967168822418899
C(NC(=O)N1CCC(CC1)CN1C(=O)CSC1C1=CC=C(C=C1)C(C)(C)C)(C)C,0.006137885642237962
N1(C2=CC=CC=C2Cl)C(=O)C(C)N(C(C2=CC=C(C=C2)C(F)(F)F)=O)CC1,0.005658015084918588
C1=CC(=CC(OC)=C1)C(=O)N1CCC(C(NC(=O)CC(C)C)C(NCCOC)=O)CC1,0.007231865520589053
N1(C2=CC(Cl)=CC=C2C)CCC(C(=O)NCCC2=CC=CC=C2)C1=O,0.007765901181846857
C1C=C(C=CC=1C)NC(=O)N1CC(CCC1)OCCOCC,0.00449322781059891
C(C1COC2(CCC(C)CC2)N1C(=O)CCC)(=O)NCC1=CC=C2OCOC2=C1,0.011309177568182349
C1(C(=O)NC2=CC(=CC=C2)N2CCCN(CC3C=C(F)C=C(F)C=3)C2=O)CC1,0.004867219203151763
C(C(=O)NC1C=CC(=CC=1)N1CCCN(CC2C=CC=C(F)C=2)C1=O)(CC)C1C=CC=CC=1,0.0051099374773912135
N1(C2=CC(OC)=C(OC)C=C2)C(=O)C(C)N(C(COC2=CC=C(C=C2)Cl)=O)CC1,0.0077082095202058555
N1(C2=CC(Cl)=CC=C2C)C(=O)C(C)N(S(=O)(=O)C2=CC=C(C=C2)F)CC1,0.004470568522810936
C1N(C(=O)C2C=CC=C(Cl)C=2)CC(CN(CCOC)C(C2=CC=C(C=C2)C(F)(F)F)=O)OC1,0.006775747146457433
C1(C(=O)N2CCC(C(NC(C3=CC(OC)=CC=C3)=O)C(NCC3=CC=CO3)=O)CC2)SC=CC=1,0.00611927064601332
N1(C2=CC(C)=CC=C2F)C(=O)C(C)N(C(=O)CCC2C=CC=CC=2)CC1,0.006924453005194664
N1(C2=CC=C(F)C(Cl)=C2)C(=O)C(C)N(C(=O)COC)CC1,0.005489696026779711
N1(C2C=CC=C(C=2)C(F)(F)F)C(=O)C(C)N(S(=O)(=O)C2=CC=C(C)C=C2)CC1,0.003879249549936503
N1(C2=C(CC)C=CC=C2)C(=O)C(C)N(C(=O)C2=CC=C(C=C2)OC)CC1,0.008771836338564754
N1(C2=CC(Cl)=CC=C2OC)C(=O)C(C)N(C(=O)C2C=C(OC)C=C(OC)C=2)CC1,0.007605759985744953
C1C(F)=C(C=CC=1)C(=O)N1CC(CCC1)OCC1C=C(F)C=CC=1F,0.006692793173715472
N1(C2=CC3CCCC=3C=C2)C(=O)C(C)N(C(COC2=CC=C(C=C2)Cl)=O)CC1,0.008646749472245575
N1(C2=C(F)C=C(F)C=C2)C(=O)C(C)N(C(=O)C2C=CC=CC=2Cl)CC1,0.00593877462670207
N1(C2=CC=C(Cl)C=C2Cl)C(=O)C(C)N(C(=O)C2=CC=CS2)CC1,0.005767981428653002
N1(C2C=CC(=CC=2)OCC)C(=O)C(C)N(S(=O)(=O)C2=CC=C(C)C=C2)CC1,0.005520727136172354
N1(C2C=CC=CC=2OC)C(=O)C(C)N(C(C2=CC(OC)=CC=C2)=O)CC1,0.007976736524142325
C1(C(=O)N2CC(CCC2)OCC2=C(F)C=C(F)C=C2)=CC=CC=C1Cl,0.006671773036941886
C(CCN1CC2=C(C1=O)C(C1=C(C(F)(F)F)C=CC=C1)NC(=O)N2CC)(NCC1=CC=CO1)=O,0.006091388454660773
N1(C2C=C(C)C=CC=2OC)C(=O)C(C)N(C(C2=CC=C(C=C2)C(F)(F)F)=O)CC1,0.006100475788116455
C(C(=O)N1CCC(C(NC(=O)C2=CC=CS2)C(N(CC)CC)=O)CC1)C1C=CC=CC=1,0.007981346221640706
C1(C(=O)N2CCC(C(NC(=O)C3CCCC3)C(NCCOC)=O)CC2)=CC=CS1,0.00656991982832551
N1(C2=CC=C(OC)C=C2OC)C(=O)C(C)N(C(C2=CC3OCOC=3C=C2)=O)CC1,0.009250377607531845
C1(C(=O)N2CCC(C(NC(=O)C3=C(F)C=CC=C3)C(NCCCOC)=O)CC2)SC=CC=1,0.0045156467240303755
N1(C2=C(CC)C=CC=C2)C(=O)C(C)N(C(=O)CC2C=CC=CC=2)CC1,0.00958091535139829
N1(C2=CC(F)=CC=C2)C(=O)C(C)N(C(COC2=CC=C(C=C2)Cl)=O)CC1,0.006154469889588654
N1(CCC2(N(C3C=CC(OC)=CC=3)C(=O)CS2)CC1)S(C1C=CC=C(C(F)(F)F)C=1)(=O)=O,0.0036234179860912263
N1(C2=CC=CC=C2C2=CC=CC=C2)C(=O)C(C)N(S(=O)(=O)C2=CC=C(C=C2)Cl)CC1,0.005003399134147912
C1C(OC)=C(C=CC=1)C(=O)N1CCC(C(NC(=O)C2=CC=CS2)C(NC2CC2)=O)CC1,0.006751304399222136
C(N(S(=O)(=O)C1=CC=C(C=C1)NC(C)=O)C1=CC(OC)=C(OC)C=C1)C1=C(F)C=CC=C1,0.005640465882606804
C(N(S(=O)(=O)C1=CC=C(C=C1)NC(C)=O)C1=CC(OC)=CC=C1)C1=CC(OC)=CC(OC)=C1,0.005208597797900438
N(C1=CC(=CC=C1)C1C(C(=O)OC(C)C)=C(C)N(C)C(=O)N1)C(=O)C1=CC=CO1,0.00736507591791451
N1(C2=CC=CC=C2C2=CC=CC=C2)C(=O)C(C)N(C(=O)C2=CC=CS2)CC1,0.0070100022247061135
C1C(Cl)=C(CCNC(C2CN(CC3=CC=CO3)C(=O)C2)=O)C=CC=1Cl,0.0079942696262151
C(C)NC(CC1C=C(C=CC=1)N(C(=O)C1CCCC1)CC1C=CC(F)=CC=1)=O,0.009245744650252163
C1(C(=O)N2CCC(C(NC(C3=CC(OC)=CC=C3)=O)C(NCC3=CC=CO3)=O)CC2)C=CC=C(F)C=1,0.006422898732125759
C1(C(=O)N2CCC(C(NC(=O)C3=CC=CC=C3Cl)C(N3CCCCC3)=O)CC2)C=CC=C(F)C=1,0.006677710171788931
N1(C2=C(CC)C=CC=C2)C(=O)C(C)N(C(NC2=CC=CC=C2)=O)CC1,0.004671103751752526
N1(C2=CC(F)=C(C)C=C2)C(=O)C(C)N(C(=O)CCC2C=CC=CC=2)CC1,0.006818357505835593
N1(C2=CC(Cl)=CC=C2OC)C(=O)C(C)N(C(=O)CCC2C=CC=CC=2)CC1,0.007662984309718013
N1(C2=CC=CC=C2C2=CC=CC=C2)C(=O)C(C)N(C(=O)C2CCC2)CC1,0.010015051206573844
O1CCN(CC1)C(CC1=CC=C(C=C1)N(C(=O)C1CCCC1)CC1=C(C)C=CC=C1)=O,0.011236891103908419
C(=O)(OCC)C(NCC1=C(C2C=CC=CC=2)C=CC=C1)=O,0.007266543665900826
C1C=C(C=CC=1C)NC(=O)N1CCC(C(NC(=O)C2=C(F)C=CC=C2)C(NCCCOC)=O)CC1,0.0037758293910883367
C1N(C(NCC=C)=O)CC(COC2=CC=C(F)C=C2F)OC1,0.004040923609863967
N1(CCC2(N(CCC3C=CC=CC=3)C(=O)CS2)CC1)C(CCCCl)=O,0.008061723224818707
C1(C(=O)N2CCSC32C(=O)N(CC2C=CC=C(F)C=2)C2C3=CC(=CC=2)C)CCC1,0.008287452091462911
O1CCN(CC1)C(CC1C=C(C=CC=1)N(C(C1=C(F)C=C(F)C=C1)=O)CC1=CC=CC=C1)=O,0.0067341132555156944
O1CCCC1CNC(CC1C=C(C=CC=1)N(C(=O)COC)CC1C=CC(F)=CC=1)=O,0.006646352191455662
C1N(C(NC2=CC=CC(Cl)=C2)=O)CC(COC2=CC(OC)=CC=C2)OC1,0.004305584589019418
N(C1C=CC(=CC=1)C1N(C2=CC(C)=CC=C2F)C(=O)CS1)C(CCC(OCC)=O)=O,0.006124713807366788
C(N(S(=O)(=O)C)C1=CC=CC=C1)C1=CC(C(F)(F)F)=CC=C1,0.003991921024862677
C1(NC(=O)N2CC(CCC2)OCC2=CC(C(F)(F)F)=CC=C2)=CC=CC=C1,0.003846761665772647
C(N(S(=O)(=O)C)C1=CC(OC)=CC(OC)=C1)C1C=CC(=CC=1)Cl,0.005983939627185464
C(N(S(=O)(=O)C)C1=CC(F)=C(C)C=C1)C1C=CC(=CC=1)Cl,0.005399661487899721
C1(C(=O)N2CCC(C(NC(=O)C3CCCC3)C(NCCOC)=O)CC2)=CC=CO1,0.008753154356963933
O1CCN(CC1)C(CC1=CC=C(C=C1)N(C(=O)C1=CC=CO1)CC1=CC=C(OC)C=C1)=O,0.008461979706771672
C(S(=O)(=O)N(C1CC1)CC(=O)N(CC1CCCO1)CC1=CC=CO1)C1C=CC=CC=1,0.008697293233126402
C1C=C(C=CC=1C)NC(=O)N1CCC(C(NC(=O)CC(C)C)C(N2CCCCC2)=O)CC1,0.005868097813799977
C1(C(=O)N(CC(C)C)CC(N(CC2=CC=C(F)C=C2)CC2=CC=C(C)S2)=O)CCC1,0.01005109241232276
CC(=O)N(CC(C)CC)CC(=O)N(CC1=CC=C(F)C=C1)CC1=CC=C(C)S1,0.00999965276569128
C(NC(=O)N(CCC)CC(N(CC1=CC=C(F)C=C1)CC1=CC=C(C)S1)=O)(C)(C)C,0.005418705358169973
C(C(=O)N(CC1CC1)CC(=O)N(CC1=CC=C(F)C=C1)CC1=CC=C(C)S1)(C)C,0.00993764866143465
C1(C(=O)N(CCCC)CC(N(CC2=CC=C(F)C=C2)CC2=CC=C(C)S2)=O)CCC1,0.010704908799380065
C1(C(=O)N(CC2CC2)CC(=O)N(CC2=CC=C(F)C=C2)CC2=CC=C(C)S2)CC1,0.009653403935953975
C(C(=O)N(C1CC1)CC(N(CC1=CC=C(F)C=C1)CC1=CC=C(C)S1)=O)C,0.008708532294258475
C1(C(=O)N(CC(C)CC)CC(=O)N(CC2=CC=C(F)C=C2)CC2=CC=C(C)S2)CCC1,0.01022658203728497
C1(C(=O)N(CCC)CC(N(CC2=CC=C(F)C=C2)CC2=CC=C(C)S2)=O)CC1,0.009868692420423032
CC(=O)N(CC(C)C)CC(N(CC1=CC=C(F)C=C1)CC1=CC=C(C)S1)=O,0.009423806192353367
C1(C(=O)N(CC(C)CC)CC(=O)N(CC2=CC=C(F)C=C2)CC2=CC=C(C)S2)CC1,0.009898698609322309
C1(C(=O)N(CC=C)CC(N(CC2=CC=C(F)C=C2)CC2=CC=C(C)S2)=O)CC1,0.009551058243960141
C1(C(=O)N(CCC)CC(N(CC2=CC=C(F)C=C2)CC2=CC=C(C)S2)=O)CCC1,0.010259882919490338
C(C)(C)(C)CC(=O)N(CC=C)CC(N(CC1=CC=C(F)C=C1)CC1=CC=C(C)S1)=O,0.010383917251601815
C1(C(=O)N(CCCOC)CC(N(CC2=CC=C(F)C=C2)CC2=CC=C(C)S2)=O)CCC1,0.008134790509939194
CC(=O)N(C1CC1)CC(N(CC1=CC=C(F)C=C1)CC1=CC=C(C)S1)=O,0.008251806744374335
C1(C(=O)N(C(CC)C)CC(N(CC2=CC=C(F)C=C2)CC2=CC=C(C)S2)=O)CC1,0.010356111219152808
C(C(=O)N(CCCOC)CC(N(CC1=CC=C(F)C=C1)CC1=CC=C(C)S1)=O)C,0.007447994104586542
C1(C(=O)N(C(CC)C)CC(N(CC2=CC=C(F)C=C2)CC2=CC=C(C)S2)=O)CCC1,0.01071670507080853
C1(C(=O)N(CC(C)C)CC(N(CC2=CC=C(F)C=C2)CC2=CC=C(C)S2)=O)CC1,0.009692922420799732
C(C)(C)(C)CC(=O)N(CC1CC1)CC(=O)N(CC1=CC=C(F)C=C1)CC1=CC=C(C)S1,0.009928069403395056
O1CCN(CC1)C(C1=CC=C(C=C1)C=C1SC(=O)N(CC2=C(C(F)(F)F)C=CC=C2)C1=O)=O,0.003474159853067249
C1C(C2C=CC=CC=2)=C(CNC(C2CN(CC3C=C(Br)C=CC=3)C(=O)C2)=O)C=CC=1,0.01027671447955072
C1(C(=O)N2CCC(C(NC(=O)C3=CC=C(C)C=C3)C(NCCOC)=O)CC2)CC1,0.0078502441290766
C1(=CC=CC=C1)CCNC(C(C)N1C(=O)COC2C1=CC(C(COC1=CC(C)=CC=C1F)=O)=CC=2)=O,0.009391148062422871
C1(C(=O)N2CCC(C(NC(C3=CC4OCOC=4C=C3)=O)C(NCC=C)=O)CC2)C=CC(=CC=1)Cl,0.0064544159220531585
C(OCC)(=O)N1CCN(CC1)C(C1C=C(C=CC=1)C=C1SC(=O)N(CC2C=CC=CC=2F)C1=O)=O,0.003170613886322826
N1(C2=CC(Cl)=CC=C2OC)C(=O)C(C)N(C(=O)C2C=CC=C(Br)C=2)CC1,0.007946819323115051
N1(C2C=CC(Br)=CC=2C)CCC(C(=O)NCCC2=CC=CC=C2)C1=O,0.010094155138358474
C1CCCN1C(CC1=CC=C(C=C1)N(C(=O)C1CCCC1)CC1C=CC=C(F)C=1)=O,0.01100398562848568
N1(C2=CC=CC(Br)=C2)C(=O)C(C)N(C(=O)C2=CC=CO2)CC1,0.00932680475525558
N1(C2=CC(F)=C(C)C=C2)C(=O)C(C)N(C(=O)C2C=CC(F)=CC=2)CC1,0.006127561908215284
C1C(OC)=C(C=CC=1)C(=O)N1CCC(C(NC(=O)C2C=C(C)C=CC=2)C(NCC2=CC=CO2)=O)CC1,0.007300062337890267
N1(CCN(CC1)C(CC1=CC=C(C=C1)N(C(C1=C(C)C=CC=C1)=O)CC1=CC=CC=C1)=O)C(C)=O,0.00822738972492516
N1(C2=CC=CC(Br)=C2)C(=O)C(C)N(C(COC2=CC=C(C=C2)Cl)=O)CC1,0.007648679497651756
C1C=C2OCC(=O)N(CC3=CC=C4OCOC4=C3)CC2=CC=1NC(=O)C1C=CC=C(F)C=1,0.006023243069648743
C(OC1C=CC=CC=1)CNC(C1CN(CC2C=C(Br)C=CC=2)C(=O)C1)=O,0.008388765598647296
N1(C2=CC=CC(Br)=C2)C(=O)C(C)N(C(NC2=CC=CC=C2)=O)CC1,0.0047966849757358435
C1C=C(CCCNC(C2CN(CC3C=C(Br)C=CC=3)C(=O)C2)=O)C=CC=1,0.010192934004589916
O(C)CCNC(C1COC2(CCN(CC2)C(=O)C2C=CC=C(F)C=2)N1C(=O)C1=CC=CC(OC)=C1)=O,0.005972564988769591
C1(C(=O)N(CC)CCN2C(=O)CSC2C2C=CC=CC=2C)C=CC=C(F)C=1,0.007596686435863376
C1C=C2OCC(=O)N(C3CCCC4=CC=CC=C43)CC2=CC=1NC(=O)C1C=CC(=CC=1)F,0.00940333167091012
O1CCCC1CNC(CC1=CC=C(C=C1)N(C(=O)C1CCCC1)CC1C=C(C)C=CC=1)=O,0.011002266872674226
C1C=C(CCCNC(C2CC(=O)N(C3CCCCC3)C2)=O)C=CC=1,0.012034421088173985
C=CCNC(CC1=CC=C(C=C1)N(C(=O)C1CCCC1)CC1C=C(C)C=CC=1)=O,0.010230061830952764
N1(CCN(CC1)C(CC1=CC=C(C=C1)N(C(=O)CC)CC1C=CC(F)=CC=1)=O)C(C)=O,0.0073547167237848045
C1(=CC=CC=C1)CCNC(CN1C(=O)COC2C1=CC(C(COC1=CC(Cl)=CC=C1)=O)=CC=2)=O,0.008696229453198612
C1C=C2OC(CC)C(=O)N(CCOC3C=CC=CC=3)CC2=CC=1NC(=O)CC1C=CC=CC=1,0.00864874494727701
N1(C2=CC=C(Br)C=C2)C(=O)C(C)N(C(=O)C2C=CC=C(Br)C=2)CC1,0.010824223561212421
N1(C2=CC(Cl)=CC=C2C)CCC(C(=O)NC2=C(F)C=C(F)C=C2)C1=O,0.005415237497072667
O1C(CNC(CC2=CC=C(C=C2)N(C(=O)C2CC2)CC2=CC=CC=C2)=O)=CC=C1,0.010540761891752482
C=CCNC(CC1=CC=C(C=C1)N(C(=O)C1CC1)CC1C=CC(F)=CC=1)=O,0.007450257218442858
C1(CC1)NC(CC1C=C(C=CC=1)N(C(NCC=C)=O)CC1C=CC(F)=CC=1)=O,0.004162052099127322
N1(C2C=CC(=CC=2)OCC)C(=O)C(C)N(C(=O)C2=CC=CS2)CC1,0.006239595846273005
N1(C2=CC=CC(Br)=C2)C(=O)C(C)N(C(NC2=CC=CC(Cl)=C2)=O)CC1,0.004199343733489513
N1(C2=CC=CC=C2C2=CC=CC=C2)C(=O)C(C)N(C(=O)C2C=CC=C(Br)C=2)CC1,0.009163178410381079
C(C(=O)NC1=CC(=CC=C1)N1CCCN(CC2=CC(F)=C(F)C=C2)C1=O)C1=CC=CS1,0.004087056801654399
C1C(C)=C(C=CC=1)C(=O)NC1=C(C=CC(C)=C1)N1CCCN(CC2=CC(OC)=CC=C2)C1=O,0.00577635548543185
N1(C2=CC3CCCC=3C=C2)C(=O)C(C)N(C(=O)C2=CC=C(C=C2)OC)CC1,0.009871526714414358
C1(NC(=O)N2CC(CCC2)OCC2C=CC(=CC=2)OC(F)(F)F)=CC=CC=C1,0.003420103690586984
C(C(=O)NC1=CC=CC=C1N1CCCN(CC2=CC(F)=CC(F)=C2)C1=O)C1C=CC(OC)=CC=1,0.004785009485203773
N1(C2C=CC=C3C=CC=CC=23)C(=O)C(C)N(C(=O)COC)CC1,0.006793355382978916
N1(C2=CC=C3C4=C(C=CC=C4)CC3=C2)CCC(C(=O)N2CCOCC2)C1=O,0.011648264108225703
O(C(=O)NC1=CC=CC=C1N1CCCN(CC2=CC(F)=CC(F)=C2)C1=O)CC1C=CC=CC=1,0.004807038488797844
N1(C2=CC=C3C4=C(C=CC=C4)CC3=C2)CCC(C(=O)N2CCN(CC2)C(C)=O)C1=O,0.0108658779412508
N1(C2=CC=CC=C2Cl)C(=O)C(C)N(C(CC(C)(C)C)=O)CC1,0.010003547160886228
C(C1OC=CC=1)N(C)C(COC1C=C2C(N(C(=O)C3CC3)CCC2=CC=1)C1=CC=C(C)C=C1)=O,0.012471273634582758
C1C=C2OC(C)C(=O)N(CC3=C(OC)C(OC)=CC=C3)CC2=CC=1NC(=O)OCC1C=CC=CC=1,0.007247657072730363
C1C=C2OC(C)C(=O)N(CC3=C(OC)C=C(OC)C=C3)CC2=CC=1NC(=O)CC1C=CC(=CC=1)F,0.0066857193130999805
C(OC1C=CC=CC=1)CNC(C1CC(=O)N(C2CCCCC2)C1)=O,0.009940977254882456
C1C=C2OC(C)C(=O)N(CC3=C(OC)C(OC)=CC=C3)CC2=CC=1NC(=O)NC1C=CC=C(OC)C=1,0.006020233640447259
N1(C2C=CC=CC=2OCC)C(=O)C(C)N(C(=O)C2=CC=C(C=C2)Br)CC1,0.009082939336076378
N1(C2=CC=CC=C2C2=CC=CC=C2)C(=O)C(C)N(C(COC2=CC=C(C=C2)Cl)=O)CC1,0.007025685044936836
C12(CCN(CC1)C(C1CN(CC3C=C(C(F)(F)F)C=C(C(F)(F)F)C=3)C(=O)C1)=O)OCCO2,0.008406648284289987
N1(C2C=CC=CC=2OCC)C(=O)C(C)N(C(=O)C2C=CC(Cl)=CC=2Cl)CC1,0.007408736157231033
N1(C2=CC=CC(Br)=C2)C(=O)C(C)N(C(=O)C2=CC=CS2)CC1,0.007152957585640251
N1(CCC[C@H]1C(NCCCNC(=O)C1C=CC=CC=1)=O)S(C1C=CC(=CC=1)Br)(=O)=O,0.004754616250284016
N1(C2=CC3CCCC=3C=C2)C(=O)C(C)N(C(=O)C2C=CC=C(Br)C=2)CC1,0.011535226600244641
C1(C(=O)N(C2CC2)CC(=O)N(CCC2=CC=CC=C2)CC2=CC=C(C)O2)=CC=C2OCOC2=C1,0.010515584563836455
N1(C2=CC=C(Br)C=C2)C(=O)C(C)N(C(=O)C2CCC2)CC1,0.012049312517046929
N1(C2=C(CC)C=CC=C2)C(=O)C(C)N(C(=O)C2C=CC=C(Cl)C=2)CC1,0.00785160786472261
N1(C2=CC=CC(Br)=C2)C(=O)C(C)N(C(C2=C(F)C=CC=C2)=O)CC1,0.007446364569477737
N1(C2=CC=C(Br)C=C2)C(=O)C(C)N(C(=O)CC2C=CC=CC=2)CC1,0.00946118519641459
C1(C(=O)N2CCC(C(NC(C3=CC4OCOC=4C=C3)=O)C(NCC=C)=O)CC2)SC=CC=1,0.006420767353847623
C1C=C2OC(C(=O)N(CC3=CC=C(F)C=C3)CC2=CC=1NC(=O)C1C=CC(OC)=CC=1OC)CC,0.007417329074814916
O1CCN(CC1)C(CC1=CC=C(C=C1)N(C(=O)C1C=CC=C(F)C=1)CC1=CC=C(OC)C=C1)=O,0.007300702761858702
C1(C(=O)N2CCC(C(NC(=O)C3=CC=C(C=C3)OC)C(NC3CC3)=O)CC2)C=CC=C(F)C=1,0.006791897932998836
N1(CCC(C(NCCNC(=O)C2C=CC=CC=2)=O)CC1)S(CCCCCCCC)(=O)=O,0.0061524778604507445
C(C(=O)NC1=CC(=CC=C1)N1CCCN(CC2C=CC(OC)=CC=2)C1=O)C1=CC=CS1,0.004239401256199926
CC(=O)N(C1CC1)CC(=O)N1CCC2SC=CC=2C1COC1=CC=C(C)C=C1C,0.010607831226661802
N1(CCC2(N(C3C=CC=C(C)C=3)C(=O)CS2)CC1)C(C(CC)C1=CC=CC=C1)=O,0.008720691967755555
O(C1C=CC=CC=1)CC(=O)NC1C=CC(=CC=1)N1CCCN(CC2C=CC3OCOC=3C=2)C1=O,0.004957765422295779
O(C1C=CC=CC=1)CC(=O)NC1=C(C=CC(OC)=C1)N1CCCN(CC2C=CC(OC)=CC=2)C1=O,0.005453561875037849
N1(CCC2(SCCN2C(=O)C2C=CC=C(C)C=2)CC1)C(NCC)=O,0.004624281148426235
C1(C(=O)NC2=CC(=CC=C2)N2CCCN(CC3C=CC=CC=3F)C2=O)CCC1,0.005332047049887478
C(N(S(C1=CC=CC(F)=C1)(=O)=O)C1=CC=C(C=C1)F)C1=CC(OC)=CC(OC)=C1,0.0073093480430543424
N(C1C=CC(=CC=1)C1N(C2C=CC=CC=2C)C(=O)CS1)C(=O)C1C=CC(Cl)=CC=1,0.005834111722651869
C1=CC(=CC(OC)=C1)C(=O)NC1=CC(=CC=C1)N1CCCN(CC2=C(Cl)C=CC=C2)C1=O,0.004641139891464263
C1C(=CC=C(OC)C=1)NC(=O)N1CCSC21C(=O)N(CC1=C(Cl)C=CC=C1)C1C2=CC(=CC=1)F,0.003846191230695695
N(C1C=C(C=CC=1)C1N(C2=C(CCC)C=CC=C2)C(=O)CS1)C(=O)C1C=CC=C(F)C=1,0.006170603632926941
N(C1C=CC(=CC=1)C1SCC(=O)N1C1C=CC(C)=C(C)C=1)S(C1=C(C)C=C(C)C=C1C)(=O)=O,0.0049827518872916695
N(C1C=CC(=CC=1)C1N(C2=CC=C3OCCOC3=C2)C(=O)CS1)C(=O)C1C=CC(Cl)=CC=1,0.005464611016213894
N(C1C=CC(=CC=1)C1N(C2=CC(CC)=CC=C2)C(=O)CS1)C(=O)CC1=CC=CS1,0.006565016461536288
N(C1C=C(C=CC=1)C1N(C2C=CC(=CC=2)OCC)C(=O)CS1)S(C1C=CC(=CC=1)Cl)(=O)=O,0.0036203124676831067
C(C1SC2=C(C=1)CCC1C2=CC(OC)=CC=1)(=O)N(CCC1C=CC=CC=1)C,0.012698376504704355
C1(OC)C=C2CCN(C(C(C)(C)OC(=O)C)=O)C(C3C(Cl)=CC=CC=3F)C2=CC=1OC,0.0023933768388815224
C(N(S(=O)(=O)C1=CC=CC=C1)C1C=CC(=CC=1)C)C1=CC=C(C)C=C1,0.0076725207269191745
C1(=CC=CC=C1)CNC(C1=CC(CN2C(=O)CC(C3C=CC(F)=CC=3)NC2=O)=CC=C1)=O,0.0020991933299228547
C12CCCCC=1C(C(=O)OCC)=C(NC(CCC=C)=O)S2,0.008785278769209981
C1(CC1)NC(CC1=CC=C(C=C1)N(C(=O)C1C=CC=CC=1)CC1=CC=CC=C1)=O,0.009164635278284549
C(C(=O)NC1=C(C=CC(C)=C1)N1CCCN(CC2=CC=C(C(C)C)C=C2)C1=O)C1C=C(OC)C=CC=1,0.006000535865314305
N1(C2C=C(C)C=CC=2OC)C(=O)C(C)N(C(=O)C2=CC=C(C=C2)Br)CC1,0.009231522446498275
C(C(=O)NC1=C(C=CC(C)=C1)N1CCCN(CC2=CC(C)=CC(C)=C2)C1=O)C1C=C(OC)C=CC=1,0.005869531468488276
C(C)(C)NC(C(C)OC1C=C2C(N(C(=O)CC(C)C)CCC2=CC=1)C1C=CC(F)=CC=1)=O,0.009370774729177356
C(C(=O)NC1C=CC(=CC=1)N1CCCN(CC2=CC(C)=CC(C)=C2)C1=O)(C)C,0.007210733974352479
C(CC)NC(C(C)OC1C=C2C(N(C(=O)CC(C)C)CCC2=CC=1)C1C=CC(F)=CC=1)=O,0.008985498920083046
O1CCN(CC1)C(CC1C=C(C=CC=1)N(C(C1=C(C)C=CC=C1)=O)CC1C=CC(F)=CC=1)=O,0.007401445228606462
C1(CC1)NC(CC1C=C(C=CC=1)N(C(=O)C1CC1)CC1=CC=C(C)C=C1)=O,0.011077811103314161
C1(=CC=CO1)CNC(C(C)OC1C=C2C(N(C(=O)CC)CCC2=CC=1)C1C=CC=C(F)C=1)=O,0.007661810354329645
C1(C(=O)NC2=C(C=CC(C)=C2)N2CCCN(CC3C=CC=C(F)C=3)C2=O)=CC=CO1,0.005585222598165273
C(C(=O)NC1=C(C=CC(C)=C1)N1CCCN(CC2C=CC=C(F)C=2)C1=O)(C)C,0.005200247454922646
C1(C(=O)NC2=C(C=CC(C)=C2)N2CCCN(CC3C=CC=C(F)C=3)C2=O)=CC=CS1,0.004272439714986831
CC(=O)N(CC1CCCO1)CC(N(CC1=CC=C2OCOC2=C1)CC1SC=CC=1C)=O,0.009435136569663882
C1(C(=O)NC2=C(C=CC(C)=C2)N2CCCN(CC3C=CC=CC=3F)C2=O)C=CC=CC=1,0.004955464950762689
CC(=O)N(CCC)CC(N(CC1=CC=C(F)C=C1)CC1=CC=C(C)S1)=O,0.008128746435977519
C1(NC(=O)NC2=C(C=CC(C)=C2)N2CCCN(CC3C=CC=CC=3F)C2=O)=CC=CC=C1,0.0047512052929960195
C(C)(C)(C)CC(=O)NC1=CC=CC=C1N1CCCN(CC2=CC=C(C=C2)F)C1=O,0.005751541978679597
O(C(=O)NC1=CC(=CC=C1)N1CCCN(CC2C=CC=C(F)C=2)C1=O)CC1C=CC=CC=1,0.004645948461256921
C1C(C)=C(C=CC=1)C(=O)NC1=CC=CC=C1N1CCCN(CC2=CC=C(C=C2)F)C1=O,0.005194313835818321
C(C(=O)NC1=C(C=CC(C)=C1)N1CCCN(CC2=CC=C(C=C2)F)C1=O)(C)C,0.005326299509033561
C(CC1OCCO1)NC(C1CN(C2=CC=C(CC)C=C2)C(=O)C1)=O,0.010496700275689363
C1C(Cl)=C(CCNC(C2CC(=O)N(CCC3C=C(OC)C(OC)=CC=3)C2)=O)C=CC=1Cl,0.008970435964874924
C1C(Cl)=C(CCNC(C2CN(CC3C=C(Br)C=CC=3)C(=O)C2)=O)C=CC=1Cl,0.009905558684840799
C(F)(F)(F)C1=CC=CC(CNC(C2CN(CC3C=C(Br)C=CC=3)C(=O)C2)=O)=C1,0.0067313409643247725
C1C(OC)=C(C=CC=1)C(=O)N1CCC(C(NC(C2=CC3OCOC=3C=C2)=O)C(NC2CC2)=O)CC1,0.007684015110135079
N1(CCC(C(N[C@H]2[C@@H](CCCC2)NC(=O)C2C=CC=CC=2C)=O)CC1)C(CCC1C=CC=CC=1)=O,0.008005067356862128
N1(CCC[C@H]1C(NCCNC(=O)C1C=CC=CC=1)=O)C(C(C1C=CC=CC=1)C1C=CC=CC=1)=O,0.006953859096392989
C1(C(=O)N(CC(C)C)CC(N(CC2=CC=C(F)C=C2)CC2=CC=C(C)S2)=O)CCCC1,0.010431470628827811
CC(=O)N(C(CC)C)CC(N(CC1=CC=C(F)C=C1)CC1=CC=C(C)S1)=O,0.009037249302491546
C=CCNC(CC1=CC=C(C=C1)N(C(=O)CC(C)C)CC1=C(C)C=CC=C1)=O,0.009852942498400807
O1C(CNC(CC2=CC=C(C=C2)N(C(=O)C2C=CC=CC=2)CC2=CC=C(OC)C=C2)=O)=CC=C1,0.007891285885125398
C1CC(C(=O)OCC)CCN1C(CC1=CC=C(C=C1)N(C(NCC=C)=O)CC1C=C(C)C=CC=1)=O,0.0058201473439112306
O1C(CNC(CC2=CC=C(C=C2)N(C(=O)C2C=CC=C(F)C=2)CC2=CC=CC=C2)=O)=CC=C1,0.007541915378533303
O1CCN(CC1)C(CC1=CC=C(C=C1)N(C(=O)C1C=CC(Cl)=CC=1Cl)CC1=CC=CC=C1)=O,0.008204725896939635
O1CCN(CC1)C(CCCN1C(=O)COC2C1=CC(C(COC1=CC(C(C)C)=CC(C)=C1)=O)=CC=2)=O,0.011197233386337758
C1CC(C(=O)OCC)CCN1C(CC1=CC=C(C=C1)N(C(=O)C1CC1)CC1C=CC=C(F)C=1)=O,0.007994455797597767
C1CCCN1C(CC1=CC=C(C=C1)N(C(=O)C1C=CC(=CC=1)Cl)CC1=CC=CC=C1)=O,0.008812235062941908
C(OCC)(=O)C1CN(CCC1)C(CC1=CC=C(C=C1)N(C(=O)C1=CC=CO1)CC1C=CC=C(F)C=1)=O,0.008028284274041652
C1=CC(CNC(CC2=CC=C(C=C2)N(C(NCC=C)=O)CC2C=C(C)C=CC=2)=O)=CC2OCOC1=2,0.004958745045587421
N1(C2=CC=C(F)C(Cl)=C2)C(=O)C(C)N(C(=O)CC2C=CC=CC=2)CC1,0.005837787420023233
C1CCCN1C(CC1=CC=C(C=C1)N(C(=O)C1C=CC=CC=1)CC1C=CC(F)=CC=1)=O,0.007986673875711859
C=CCNC(CC1=CC=C(C=C1)N(C(NCC=C)=O)CC1C=C(C)C=CC=1)=O,0.005219293513800949
N1(C2=C(F)C=C(F)C=C2)C(=O)C(C)N(C(=O)COC)CC1,0.00561542590148747
C1N(C(COC2=CC=C(C=C2)Cl)=O)CC(CN(C2CCCC2)C(=O)C2=CC=CO2)OC1,0.009240566473454236
C(OCC)(=O)C1CN(CCC1)C(CC1=CC=C(C=C1)N(C(=O)C1CC1)CC1C=CC(F)=CC=1)=O,0.008142569195479154
C1(CC1)NC(CC1=CC=C(C=C1)N(C(=O)C1C=CC=C(F)C=1)CC1C=CC(F)=CC=1)=O,0.007331028231419623
C(NC(=O)N(C1CC1)CC(N(CC1=CC=C(F)C=C1)CC1=CC=C(C)S1)=O)(C)(C)C,0.005422170273959637
C(C(=O)N(CC1CCCO1)CC(N(CC1=CC=C(F)C=C1)CC1=CC=C(C)S1)=O)(C)C,0.009142970805987716
C=CCNC(=O)NC1=C(C=CC(C)=C1)N1CCCN(CC2=CC=C(C(C)C)C=C2)C1=O,0.005572642385959625
C1C(=CC=CC=1NC(=O)NC1=CC(=CC=C1)N1CCCN(CC2C=CC=CC=2F)C1=O)OC,0.004243506409693509
C(C(=O)NC1C=CC(=CC=1)N1CCCN(CC2C=CC(OC)=CC=2)C1=O)C1C=CC(F)=CC=1,0.004479791864287108
C(C(=O)N(C1CC1)CC(=O)N(CC1=CC=C(C=C1)F)CC1=CC=CO1)OC,0.01073949565179646
N1(C2=C(CC)C=CC=C2)C(=O)C(C)N(C(NC2=CC=CC(Cl)=C2)=O)CC1,0.004165479133371263
C1(C(=O)N2CC(CCC2)OCC2=C(F)C=C(F)C=C2)C=CC=C(F)C=1,0.00666444911621511
C1CN(CCN1C(=O)C1OC=CC=1)C(C1CN(C(=O)C1)C1C=CC(=CC=1)OCC)=O,0.008630912052467465
C(C)(C)(C)CC(=O)NC1=CC=CC=C1N1CCCN(CC2=CC(F)=CC(F)=C2)C1=O,0.0054282493074424565
C(C(=O)NC1=CC=CC=C1N1CCCN(CC2C(F)=CC=C(F)C=2)C1=O)C1=CC=CS1,0.003814048715867102
C1=C(C=CC=C1NC(=O)N1CCSC21C(=O)N(CCOC)C1C2=CC=CC=1)Cl,0.004124175745528191
C1C(=CC=CC=1NC(=O)NC1=CC(=CC=C1)N1CCCN(CC2C=C(OC)C=C(OC)C=2)C1=O)OC,0.004841944295912981
C(C(=O)N(CC1CCCO1)CC(N(CC1=CC=C(F)C=C1)CC1=CC=C(C)S1)=O)C,0.008243879536166787
C(C(=O)N(CCOC)CC(N(CC1=CC=C(F)C=C1)CC1=CC=C(C)S1)=O)C,0.008280788664706051
C(C(=O)N(C1CCCCC1)CC(N(CC1=CC=C(F)C=C1)CC1=CC=C(C)S1)=O)(C)C,0.010996328946202994
C1=C(C=CC=C1NC(=O)N1CC(CCC1)OCC1=C(Cl)C=CC=C1)Cl,0.0045755035942420365
C1C=C(C=CC=1C)NC(=O)N1CCC(C(NC(C2=CC(OC)=CC=C2)=O)C(N2CCCCC2)=O)CC1,0.005116870568599552
N1(C2=CC(Cl)=CC=C2OC)C(=O)C(C)N(C(NC2=CC=C(C)C=C2)=O)CC1,0.003879030828829855
C(C(=O)N1CCC(C(NC(=O)C2=CC=C(C=C2)OC)C(NCC=C)=O)CC1)OC,0.007872153259813785
C1C=C(C=CC=1C)NC(=O)N1CC(CCC1)OCC1C=CC=C(Cl)C=1,0.004797008144669235
O1CCCC1CNC(CCCN1C(=O)COC2C1=CC(C(COC1=CC(Cl)=CC=C1)=O)=CC=2)=O,0.008788793324492871
C1=C(C=CC=C1NC(=O)N1CC(CCC1)OCCOCC)Cl,0.0036862989771179857
C1=C(C=CC=C1NC(C1CN(CC2C(F)=CC=CC=2)C(=O)C1)=O)OC,0.00664962287992239
C1(C)C=C(C=CC=1C)NC(C1CN(CC2C(F)=CC=CC=2)C(=O)C1)=O,0.006579791964031756
N1(CCN(C(=O)OCC)CC1)C(COC1C=C2N(CCC)C(=O)C=C(C)C2=CC=1)=O,0.006303588184528053
C1(C(=O)N2CC(CCC2)OCCC)C=C(C)C=CC=1,0.01130834622308612
C1(C(=O)N(CC2CC2)CC(=O)N(CC2=CC=C(F)C=C2)CC2=CC=C(C)S2)CCCC1,0.010438715107738972
C(C(=O)N(CCCOCC)CC(N(CC1=CC=C(F)C=C1)CC1=CC=C(C)S1)=O)(C)C,0.008396203001029789
C1(C(=O)N(C(C)(C)C)CC(=O)N(CC2=CC=C(F)C=C2)CC2=CC=C(C)S2)CCCC1,0.010936627071350813
C1(C(=O)N(C2CCCCC2)CC(N(CC2=CC=C(F)C=C2)CC2=CC=C(C)S2)=O)CC1,0.011465546628460287
C1(C(=O)N(CCCOCC)CC(N(CC2=CC=C(F)C=C2)CC2=CC=C(C)S2)=O)CC1,0.007971035782247782
CCN(C)C(C1C=C(C=CC=1)C=C1SC(=O)N(CC2=CC(Cl)=CC=C2)C1=O)=O,0.003873474383726716
C(C(=O)N(CC=C)CC(N(CC1=CC=C(F)C=C1)CC1=CC=C(C)S1)=O)(C)C,0.009740170976147055
C(C)(C)(C)CC(=O)N(CCOC)CC(N(CC1=CC=C(F)C=C1)CC1=CC=C(C)S1)=O,0.00983491139486432
C(C(=O)N(C1CC1)CC(N(CC1=CC=C(F)C=C1)CC1=CC=C(C)S1)=O)(C)C,0.010023895045742392
N(C(=O)N(CCOC)CC(=O)N1CC(=O)N(C2C=CC(Cl)=CC=2)C1)(C)C,0.005684050987474621
C1(C(=O)N(C(C)(C)C)CC(=O)N(CC2=CC=C(F)C=C2)CC2=CC=C(C)S2)CC1,0.010208484437316655
C1(C(=O)N(C(C)C)CC(N(CC2=CC=C(F)C=C2)CC2=CC=C(C)S2)=O)CC1,0.009995512524619698
C1(C(=O)N(C(C)C)CC(N(CC2=CC=C(F)C=C2)CC2=CC=C(C)S2)=O)CCCC1,0.010707170190289616
C1(C(=O)N(CCOC)CC(N(CC2=CC=C(F)C=C2)CC2=CC=C(C)S2)=O)CC1,0.009015901642851532
CC(=O)N(CCCOCC)CC(N(CC1=CC=C(F)C=C1)CC1=CC=C(C)S1)=O,0.00723818396218121
C1(S(=O)(=O)NC2C=CC(=CC=2)N2CCCN(CC3=C(F)C(Cl)=CC=C3)C2=O)=CC=C(C=C1)F,0.0032913305796682833
C(NC(=O)NC1C=CC(=CC=1)N1CCCN(CC2C=CC=C(Cl)C=2)C1=O)C,0.00429406666662544
N1(CCC2(N(C3C=CC(C)=CC=3)C(=O)CS2)CC1)C(=O)NC1=CC=CC=C1C(F)(F)F,0.0035323510179296135
C(C(=O)NC1C=CC(=CC=1)N1CCCN(CC2=CC(F)=C(F)C=C2)C1=O)OC,0.004542648594360798
C1C(F)=C(C(F)=CC=1)C(=O)NC1=C(C=CC(OC)=C1)N1CCCN(CC2=CC(Cl)=CC=C2)C1=O,0.004496619524434209
O1CCCC1CNC(CC1C=C(C=CC=1)N(C(=O)CC1=CC=CS1)CC1C=CC(F)=CC=1)=O,0.006004915060475469
C(C(=O)NC1=C(C=CC(C)=C1)N1CCCN(CC2=CC=C(Cl)C=C2)C1=O)OC,0.004458474460989237
C(C(=O)NC1=CC(=CC=C1)N1CCCN(CC2=C(Cl)C=CC=C2)C1=O)C1C=C(OC)C=CC=1,0.0043958831927739086
C=CCNC(=O)NC1=C(C=CC(C)=C1)N1CCCN(CC2=CC(F)=C(F)C=C2)C1=O,0.0046612922567874195
C(C(=O)N(C(C)(C)C)CC(=O)N(CC1=CC=CC=C1)CC1=CC=C(C)O1)CC,0.014834569860249757
C1(C(=O)N2CCC(C(NC(=O)CC(C)C)C(NCCOC)=O)CC2)C=CC=C(Br)C=1,0.008067588740959763
C1=C(C=CC=C1NC(=O)N1C(C2=CC=C(C)C=C2C)SCC1)F,0.004078133963048458
N(C(=O)C1=CC=CC=C1C)(CC1C=CC(=CC=1)OS(=O)(=O)CC)C(C)CC,0.012038185028359294
C1=CC2OC=C(C3C=CC(C)=CC=3)C(=O)C=2C=C1F,0.008180764759890735
O(C1=CC=C(C=C1)Cl)CC(=O)N1CC(CCC1)OCC1=CC(C(F)(F)F)=CC=C1,0.006330806878395379
C1(C(=O)N2CC(CCC2)OCC2=CC(OC(F)(F)F)=CC=C2)C=C(OC)C=C(OC)C=1,0.006052714888937771
C(S(=O)(=O)N1CCC(C(NC(C2=C(C)C=CC=C2)=O)C(N2CCCC2)=O)CC1)(C)C,0.0064448731718584895
C1(C(=O)N2CCC(C(NC(=O)C3C=C(C)C=CC=3)C(NCC=C)=O)CC2)=C(F)C=CC=C1,0.005852292268536985
C1(C(=O)N2CCC(C(NC(=O)C3=CC=C(C=C3)F)C(NCC=C)=O)CC2)C=CC=C(F)C=1,0.005552122718654573
C(C1COC2(CCN(CC2)C(CC(C)(C)C)=O)N1C(=O)C1C=CC=CC=1)(=O)NC(C)C,0.009561043325811624
C(C1COC2(CCN(CC2)C(=O)C2=CC=CC=C2C)N1C(=O)C1C=CC=CC=1)(=O)NC1CC1,0.007959399814717471
C(C1COC2(CCN(CC2)C(=O)C2=CC=C(C=C2)OC)N1C(=O)C1=CC=C(C=C1)F)(=O)NCCOC,0.0060480008600279685
C(C1COC2(CCN(CC2)C(=O)C2=CC=CC=C2C)N1C(=O)C1C=CC=CC=1)(=O)N1CCCC1,0.009834770997986197
C(C1COC2(CCN(CC2)C(=O)C2=CC=C(C=C2)OC)N1C(=O)C1=CC=C(C=C1)F)(=O)NC(C)CC,0.006566842785105109
C(C1COC2(CCC(C)CC2)N1C(=O)C1=CC=CC=C1F)(=O)N1CCC(CC1)C(OCC)=O,0.009931228449568152
C(C1COC2(CCN(CC2)C(=O)C2=CC=C(C=C2)OC)N1C(=O)C1=CC=C(C=C1)F)(=O)N1CCCC1,0.008236568793654442
C(C1COC2(CCN(CC2)C(=O)C(C)(C)C)N1C(=O)C1=CC=C(C=C1)F)(=O)NCC1CCCO1,0.007594040269032121
C(C1COC2(CCC(C)CC2)N1C(C1=C(C(F)(F)F)C=CC=C1)=O)(=O)NCC1=CC=CC=C1,0.007372380048036575
C(C1COC2(CCN(CC2)C(=O)C2=CC=C(C=C2)F)N1C(=O)C1C=CC=CC=1)(=O)NCCC,0.005993420630693436
C(C1COC2(CCC(C)CC2)N1C(C1=C(C(F)(F)F)C=CC=C1)=O)(=O)NC(C)CC,0.008335026260465384
C(C1COC2(CCN(CC2)C(=O)C2=CC=CC(OC)=C2)N1C(=O)C1=CC=C(C=C1)F)(=O)NC1CC1,0.006579158594831824
C(C1COC2(CCN(CC2)C(=O)C2=CC=C(C)C=C2)N1C(=O)C1C=CC=CC=1)(=O)N1CCCC1,0.009798067715018987
C(C1COC2(CCC(C)CC2)N1C(C1=C(C(F)(F)F)C=CC=C1)=O)(=O)NC(C)C1=CC=CC=C1,0.007720387424342334
C(C1COC2(CCN(CC2)C(=O)CC(C)C)N1C(=O)C1C=CC=CC=1)(=O)NCC1=CC=CC=C1,0.008216554531827569
C(C1COC2(CCN(CC2)C(=O)C2=CC=CC(OC)=C2)N1C(=O)C1=CC=C(C=C1)F)(=O)NCCC,0.006436052732169628
C(C1COC2(CCC(C)CC2)N1C(C1=C(C(F)(F)F)C=CC=C1)=O)(=O)NC1CC1,0.008650130615569651
C1CCC(C2C=CC=CC1=2)NC(C1=C(N(C(=O)N1CC1C=CC(OC)=CC=1)C)C1SC=CC=1)=O,0.005905144358985126
N1(C2=CC=CC=C2C2=CC=CC=C2)C(=O)C(C)N(C(NC2=CC=CC=C2)=O)CC1,0.004521055845543742
N(CC1=CC2OCOC=2C=C1)C(COC1C=C2N(CC3C(F)=CC=CC=3)C(=O)C=C(C)C2=CC=1)=O,0.005219707475043833
C1C=C(CCNC(C2=CC(CN3C(=O)CC(C4C=CC(F)=CC=4)NC3=O)=CC=C2)=O)C=CC=1OC,0.0022658910253085195
C1=C(C=CC=C1NC(=O)NC1=CC(=CC=C1)N1CCCN(CC2=CC(OC)=CC=C2)C1=O)Cl,0.004331130720674992
C1N(C(=O)COC)CC(COC2=CC(C)=CC=C2F)OC1,0.008858974790200591
C(C(=O)NC1C=C(C(OC)=CC=1)N1CCCN(CC2C=CC(OC)=CC=2)C1=O)(CC)C1C=CC=CC=1,0.005456059891730547
C(C(=O)NC1C=CC(=CC=1)N1CCCN(CC2=CC=C(Cl)C=C2)C1=O)C1C=CC(F)=CC=1,0.004299687896855175
C1(C(=O)NC2C=CC(=CC=2)N2CCCN(CC3=C(F)C(Cl)=CC=C3)C2=O)=CC=CS1,0.00390682079596445
C1(C(=O)NC2=CC(=CC=C2)N2CCCN(CC3C=CC(OC)=CC=3)C2=O)C=CC(=CC=1)Cl,0.004674818273633719
C1=CC(=CC(OC)=C1)C(=O)NC1C=C(C=CC=1Cl)N1CCCN(CC2=CC(F)=C(F)C=C2)C1=O,0.005160628701560199
O(C(=O)NC1C=C(C(OC)=CC=1)N1CCCN(CC2=CC(Cl)=CC=C2)C1=O)CC1C=CC=CC=1,0.004483413638081401
C1(C(=O)NC2C=CC(=CC=2)N2CCCN(CC3=C(F)C(Cl)=CC=C3)C2=O)C=CC=C(F)C=1,0.004586159950122237
C(C(=O)NC1=CC(=CC=C1)N1CCCN(CC2=C(Cl)C=CC=C2)C1=O)C1C=CC=CC=1,0.00492203114554286
C1(C(=O)NC2C=C(C=CC=2Cl)N2CCCN(CC3=CC(Cl)=CC=C3)C2=O)CCCC1,0.006231870944611728
C(C(=O)NC1C=CC(=CC=1)N1CCCN(CC2=C(F)C(Cl)=CC=C2)C1=O)C1C=C(OC)C=CC=1,0.004329094826243818
C1C(C)=C(C=CC=1)C(=O)NC1C=C(C=CC=1Cl)N1CCCN(CC2=CC(Cl)=CC=C2)C1=O,0.005452489596791565
C(C(=O)NC1C=CC(=CC=1)N1CCCN(CC2=CC(C(F)(F)F)=CC=C2)C1=O)C1C=CC=CC=1,0.004298448259942233
C1(=CC=CC=C1)CNC(CN1C(=O)CC(C2C=C(C)C=CC=2)NC1=O)=O,0.002031458931742236
N1(CCC(C(NC(=O)C2=CC=C(C=C2)F)C(NC2=CC=CC=C2)=O)CC1)C(=O)C1SC=CC=1,0.005169474869035184
N1(CCC(C(NCCNC(=O)C2C=CC=CC=2)=O)CC1)C(CSC1C=CC=CC=1)=O,0.005487288068979979
N1(C2=CC=CC=C2C2=CC=CC=C2)C(=O)C(C)N(C(=O)COC)CC1,0.007600071397610009
N(C1C=CC(=CC=1)C1N(C2=CC3OCOC=3C=C2)C(=O)CS1)C(=O)CCCCCC,0.00686949398368597
C1(C(=O)N(CCC)CC(=O)N2CCC3SC=CC=3C2COC2=CC(OC)=CC=C2)=CC=CS1,0.009213087754324079
N(C1=C(C=CC=C1)C1N(C2=CC=C(F)C=C2F)C(=O)CS1)C(=O)C(C)(C)CCl,0.005691962759010493
N(C1C=C(C=CC=1)C1N(C2=CC=C(C=C2)C(F)(F)F)C(=O)CS1)S(C1C=CC(=CC=1)F)(=O)=O,0.0029588872683234515
N(C1C=C(C=CC=1)C1N(C2=CC(C)=CC=C2F)C(=O)CS1)C(=O)C1=CC=CC(OC)=C1,0.005721553368493915
C(C(=O)N(C(C)C)CC(=O)N(CC1=CC=C(C=C1)F)CC1=CC=CO1)C1C=CC(=CC=1)F,0.010766239091753959
C1(C(=O)NC2=C(C=CC(C)=C2)N2CCCN(CC3=CC(OC(F)(F)F)=CC=C3)C2=O)=CC=CO1,0.004214171855710447
C1C(=CC=CC=1NC(=O)NC1=CC(=CC=C1)N1CCCN(CC2=CC(Cl)=C(Cl)C=C2)C1=O)OC,0.0045427054283209145
C1=CC(=CC(OC)=C1)C(=O)NC1C=CC(=CC=1)N1CCCN(CC2=CC=C(C(C)C)C=C2)C1=O,0.006085463287308812
C(C(=O)NC1C=CC(=CC=1)N1CCCN(CC2=CC(Cl)=C(Cl)C=C2)C1=O)C1C=CC(OC)=CC=1,0.004603731178212911
C1C(F)=C(C(F)=CC=1)C(=O)NC1C=C(C(OC)=CC=1)N1CCCN(CC2C=CC=CC=2F)C1=O,0.0052696905797347425
C(C(=O)NC1C=CC(=CC=1)N1CCCN(CC2=C(OC)C=CC=C2)C1=O)(CC)C1C=CC=CC=1,0.005995826236903668
C(F)(F)(F)C1=CC=CC(=C1)C(=O)NC1=CC(=CC=C1)N1CCCN(CC2=CC(OC)=CC=C2)C1=O,0.0042459231917746365
C1C(F)=C(C=CC=1F)C(=O)NC1C=CC(=CC=1)N1CCCN(CC2C=CC3OCOC=3C=2)C1=O,0.004431577573996037
C(F)(F)(F)C1=CC=CC(=C1)C(=O)NC1C=C(C=CC=1Cl)N1CCCN(CC2=CC=CC=C2)C1=O,0.004174655221868306
C(C(=O)NC1=CC=CC=C1N1CCCN(CC2C(F)=CC=C(F)C=2)C1=O)C1C=CC(F)=CC=1,0.0046385348192416135
C1C(C)=C(C=CC=1)C(=O)NC1C=CC(=CC=1)N1CCCN(C(C)C2=CC=CC=C2)C1=O,0.007045764592476189
C1C(F)=C(C=CC=1)C(=O)NC1=CC=CC=C1N1CCCN(CC2=C(Cl)C=CC=C2)C1=O,0.004914544196799398
C1(C(=O)NC2C=CC(=CC=2)N2CCCN(CC3=CC(F)=C(F)C=C3)C2=O)C=CC(F)=CC=1,0.0050260896678082645
N1(C2=CC3CCCC=3C=C2)CCC(C(=O)N2CCSCC2)C1=O,0.01274929866194725
N1(C2C=CC=C3C=CC=CC=23)CCC(C(=O)NC2=CC(Cl)=CC=C2)C1=O,0.006653414573520422
C(C1COC2(CCC(C)CC2)N1C(C1=CC=C(C=C1)C(F)(F)F)=O)(=O)N1CCCC1,0.008816731255501508
C(C1COC2(CCCCC2)N1C(=O)CC1=CC=CS1)(=O)N1CCOCC1,0.010840336512774228
C(C1COC2(CCCCC2)N1C(=O)C1=CC=C(C=C1)F)(=O)N1CC(CCC1)C(OCC)=O,0.009370297519490122
C(C1COC2(CCCCC2)N1C(=O)C1=CC=CC(OC)=C1)(=O)NCC1C=CC=C(C=1)C(F)(F)F,0.006864331220276654
C(C1COC2(CCCCC2)N1C(=O)C1=CC=C(CC)C=C1)(=O)N1CCC(CC1)C(OCC)=O,0.011514883488416672
C(C1COC2(CCCCC2)N1C(=O)C1C=CC=C(F)C=1)(=O)NCC1C=CC=C(C=1)C(F)(F)F,0.006390960467979312
C1=CC(CNC(CC2C=C(C=CC=2)N(C(=O)C2=CC=CS2)CC2=CC=CC=C2)=O)=CC2OCOC1=2,0.006619607587344945
C(C1COC2(CCCCC2)N1C(=O)C1C=CC=C(Cl)C=1)(=O)NC(C)CC,0.010602045804262161
C(C1COC2(CCC(C)CC2)N1C(=O)C1=CC=CC=C1F)(=O)NCC1C=CC=C(C=1)C(F)(F)F,0.006785262562334538
C(OCC)(=O)C1CN(CCC1)C(C1CCC(C2=CC(C)=CC=C2)N(C(=O)C2CCCC2)C1)=O,0.01316979662515223
C(C1COC2(CCCCC2)N1C(C1C=CC=C(C=1)C(F)(F)F)=O)(=O)N1CCOCC1,0.008193392260000109
C1(OC)C(=CC=C(OC)C=1)NC(C1CCC(N(C(=O)CC2C=CC=CC=2)C1)C1=CC(C)=CC=C1)=O,0.007947998074814677
CS(=O)(=O)N(CCC)CC(=O)N(CCC1=CC=CC=C1)CC1=CC=CO1,0.007737052254378795
C1C(OC)=C(C=CC=1)C(=O)N1CCC(C(NC(=O)C2=CC=C(C=C2)F)C(NCC=C)=O)CC1,0.006308979960158468
C1=C(C=CC=C1NC(=O)N1CC(CCC1)OCC1C=C(F)C=CC=1F)Cl,0.0037050013663247226
C(C(=O)N1CCC(C(NC(C2=CC3OCOC=3C=C2)=O)C(NCCOC)=O)CC1)CC1C=CC=CC=1,0.00646864422596991
C1=C(C=CC=C1NC(=O)N1CCC(C(NC(=O)C2=CC=CS2)C(NCCCOC)=O)CC1)Cl,0.0030650067958049474
C1(C(=O)N2CCC(C(NC(C3=CC4OCOC=4C=C3)=O)C(N3CCOCC3)=O)CC2)=CC=CO1,0.007494578370824456
C1(S(=O)(=O)N(CC=C)CC(=O)N(CC2CCCO2)CC2=CC=CO2)C=CC=CC=1,0.007555029611103237
C(N(S(=O)(=O)C)C1C=CC(=CC=1)OC)C1=CC=C(C(F)(F)F)C=C1,0.00412862601224333
C(C1CN(C2=CC(Cl)=C(C)C=C2)C(=O)C1)(=O)NCC1=CC=C(F)C=C1,0.005987006821669638
C(OCC)(=O)C1CN(CCC1)C(CC1=CC=C(C=C1)N(C(=O)COC)CC1C=C(C)C=CC=1)=O,0.009182198415510356
C(COC)CNC(CN1CC2=C(C1=O)C(C1C=CSC=1)NC(=O)N2CC)=O,0.005071470816619694
C(NC(=O)N(CCOC)CC(=O)N1CCC2SC=CC=2C1COC1=CC(F)=CC=C1)(C)C,0.00479388217208907
C1(C(=O)N2CCC(C(NC(C3=C(C)C=CC=C3)=O)C(NCCC)=O)CC2)C=CC=C(F)C=1,0.006350694876164198
C(COC)CNC(C1CN(CC2C=C(C(F)(F)F)C=C(C(F)(F)F)C=2)C(=O)C1)=O,0.005753655580338091
C1(C(=O)N2CCC(C(NC(=O)C3=CC=C(C=C3)OC)C(NCC=C)=O)CC2)=C(F)C=CC=C1,0.006236063921824098
S(C1C=CC=C(C(F)(F)F)C=1)(NC1C(C(NCC2C=CC(Cl)=CC=2)=O)=CC=CC=1)(=O)=O,0.0037232377915643157
N(C1C(C(NC2C=C(C)C=C(C)C=2)=O)=CC=CC=1)C([C@H](C)OC(=O)C)=O,0.009288343996740878
S(C1C=CC(Cl)=CC=1)(NC1=C(C(=O)NCC2C=CC=CC=2)C=C(Br)C=C1)(=O)=O,0.005309741280507296
C1=CC(=CC2OCOC1=2)C(=O)N(C(C)C)CC(=O)N1CCC2SC=CC=2C1COC1=CC=CC=C1,0.009161948086693883
C(C(=O)NC1C=CC(=CC=1)N1CCCN(CC2=CC(C)=CC=C2C)C1=O)C1C=CC=CC=1,0.006337694590911269
N1(C2=C(F)C=C(Br)C=C2)CCC(C(=O)NCC2=CC3OCOC=3C=C2)C1=O,0.008334188163280487
C1N(C(COC2=CC=C(C=C2)Cl)=O)CC(COC2=C(OC)C=CC=C2OC)OC1,0.010455847508274019
N(C1C=CC(=CC=1)C1N(C2=CC=C(F)C=C2F)C(=O)CS1)C(=O)C1C=CC=CC=1F,0.005502685462124646
N1(C2=C(F)C=C(Br)C=C2)CCC(C(=O)NCCC2=CC=CC=C2)C1=O,0.007646470237523318
C(C1CN(C2C=CC=C(C)C=2)C(=O)C1)(=O)NCCCC1=CC=CC=C1,0.008395141595974565
C1(C(=O)NC2C=CC(=CC=2)N2CCCN(CC3C=CC4OCOC=4C=3)C2=O)C=CC=CC=1Cl,0.004515764105599373
N1(C2C=CC=C3C=CC=CC=23)C(=O)C(C)N(C(NCCC)=O)CC1,0.003918590897228569
O1CCN(CC1)C(COC1C=C2C(N(C(=O)C3C=CC=CC=3)CCC2=CC=1)C1C=C(C)C=CC=1)=O,0.01020243694074452
C(C1C=CC=CC=1)C1CCN(CC1)C(C1CN(CC2C=CC(F)=CC=2)C(=O)C1)=O,0.00872955408412963
C1(C(=O)N2CCC(C(NC(C3=C(C)C=CC=C3)=O)C(NCCC)=O)CC2)=CC=C(C=C1)OC,0.007977557764388622
C(N(S(=O)(=O)C)C1=CC(OC)=C(OC)C=C1)C1=CC(C(F)(F)F)=CC=C1,0.005253779399208724
C1C(C)=C(C=CC=1)C(=O)N1CCC(C(NC(=O)C(C)C)C(NCC(C)C)=O)CC1,0.009762703673914075
C(C(=O)N(CC=C)CC(=O)N(CC1CCCO1)CC1=CC=CO1)C1C=CC(=CC=1)F,0.009239908447489143
O(C(=O)NC1C=CC(=CC=1)N1CCCN(CC2C=CC3OCOC=3C=2)C1=O)CC1C=CC=CC=1,0.004713438218459487
C1=CC(=CC(OC)=C1)C(=O)N1CCC(C(NC(=O)C2C=C(C)C=CC=2)C(NCC=C)=O)CC1,0.0076386257074773315
C1N(C(=O)C2C=CC(=CC=2)Cl)CC(COC2=CC(C(F)(F)F)=CC=C2)OC1,0.006186774536035955
C(C(=O)NC1=CC=CC=C1N1CCCN(CC2C=C(OC)C=C(OC)C=2)C1=O)C1C=CC(F)=CC=1,0.004486324056051672
C(CN1CC2=C(C1=O)C(C1C=CC=C(OC)C=1OC)NC(=O)N2C)(NC1C=CC(=CC=1)OC)=O,0.006661668699234724
C(C(=O)NC1=CC=CC=C1N1CCCN(CC2C=C(OC)C=C(OC)C=2)C1=O)C1=CC=CS1,0.004319017997477204
O(C(=O)NC1=C(C=CC(OC)=C1)N1CCCN(CC2C=CC(OC)=CC=2)C1=O)CC1C=CC=CC=1,0.005123093433212489
N1(C2=CC=C(C(C)C)C=C2)C(=O)C(C)N(C(NCCC)=O)CC1,0.004661084176041186
C1C(F)=C(C=CC=1F)C(=O)NC1=CC=CC=C1N1CCCN(CC2C=C(OC)C=C(OC)C=2)C1=O,0.005037312069907785
C(C(=O)NC1=C(C=CC(OC)=C1)N1CCCN(CC2C=CC(OC)=CC=2)C1=O)C1C=C(OC)C=CC=1,0.004945381567813456
C1(C(=O)NC2C=CC(=CC=2)N2CCCN(CC3=C(F)C(Cl)=CC=C3)C2=O)CCCC1,0.005694214394316078
C1=C(C=CC=C1NC(=O)N1CCC(C(NC(C2=C(C)C=CC=C2)=O)C(NCCOC)=O)CC1)Cl,0.0037375145708210765
C(OC)CNC(CC1=CC=C(C=C1)N(C(=O)CC(C)C)CC1C=CC(F)=CC=1)=O,0.007417629030533135
C1(C(=O)N2CCC(C(NC(C3=C(C)C=CC=C3)=O)C(NCCOC)=O)CC2)C=CC=C(F)C=1,0.005242944043129682
C(OC)CNC(CC1=CC=C(C=C1)N(C(NCC=C)=O)CC1C=C(C)C=CC=1)=O,0.004404835298191756
C1=C(C=CC=C1NC(=O)N1CCC(C(NC(=O)CC(C)C)C(N2CCCCC2)=O)CC1)Cl,0.005027502065058797
C1(C(=O)NC2C=CC(=CC=2)N2CCCN(CC3=CC(F)=C(F)C=C3)C2=O)CCCC1,0.0065358557738363745
C1C(OC)=C(C=CC=1)C(=O)N1CCC(C(NC(C2=CC(OC)=CC=C2)=O)C(N(CC)CC)=O)CC1,0.008540225215256214
C1N(C(=O)C2=CC=CS2)CC(CN(CCOC)C(C2C=CC=C(C=2)C(F)(F)F)=O)OC1,0.00613647389691323
C(C(=O)N1CC(CCC1)OCC1C=CC=C(C)C=1)(C)C,0.012359324097633361
C1(C(=O)N2CCC(C(NC(C3=CC(OC)=CC=C3)=O)C(N3CCOCC3)=O)CC2)=C(F)C=CC=C1,0.006830055825412273
C1N(C(=O)C2C=CC(=CC=2)Cl)CC(CN(CCOC)C(C2=C(F)C=CC=C2)=O)OC1,0.008674646215513348
C1N(C(C2=CC=C(C=C2)C(F)(F)F)=O)CC(COC2C=CC=CC=2C)OC1,0.006248939549550414
N1(CCC2(N(C3C=CC=C(C(F)(F)F)C=3)C(=O)CS2)CC1)C(CCCCl)=O,0.0056082687573507425
N1(CCC2(N(CC3=CC=CO3)C(=O)CS2)CC1)C(C(Cl)C1C=CC=CC=1)=O,0.007578091649338603
N1(CCC2(N(C3C=CC(Cl)=CC=3)C(=O)CS2)CC1)C(C1C=CC=C(C=1)C(F)(F)F)=O,0.005495873966719955
N1(CCC2(N(CC3C=CC=CC=3)C(=O)CS2)CC1)C(CCCl)=O,0.006925693852826953
N1(CCC2(N(C3C=CC=C(C)C=3)C(=O)CS2)CC1)C(C1=CC=C(Br)C=C1)=O,0.008433259138837457
N1(CCC2(N(C3C=CC(Cl)=CC=3)C(=O)CS2)CC1)C(C(Cl)C1C=CC=CC=1)=O,0.005996408895589412
C1C=C(CNC(C2CN(CC3C=CC(OC)=CC=3)C(=O)C2)=O)C=CC=1F,0.007127868640236556
C1N(C(C2=C(F)C=CC=C2)=O)CC(COC2=CC=C(F)C=C2F)OC1,0.009336353559046984
N1(C2=C(C)C=CC(Br)=C2)CCC(C(=O)NCC2=CC=CO2)C1=O,0.010112576279789209
N1(C2=C(C)C=CC(Br)=C2)CCC(C(=O)NCC2=CC3OCOC=3C=C2)C1=O,0.009518801467493176
N1(C2C=CC(=CC=2)C2=CC=CC=C2)C(=O)C(C)N(C(NC2=CC=CC(Cl)=C2)=O)CC1,0.004022171313408762
N1(C2=C(C)C=CC(Br)=C2)CCC(C(=O)NCC2=C(F)C=CC=C2)C1=O,0.007670337264426052
C1(C(=O)NCC2N(C(NCC)=O)CCC3C2=CC(OC)=C(OC)C=3)=CC=C(C)C=C1,0.006651532184332609
O=C(CN1C2C(C(=O)N(C3C=CC(C)=C(C)C=3)C1=O)=CC=CC=2)N1CCN(CC1)C(C)=O,0.005722901085391641
N1(CCCC1)C(CN1C2C(C(=O)N(C3C=CC(C)=C(C)C=3)C1=O)=CC=C(C=2)Cl)=O,0.005996924755163491
C(CCN1C(=O)CSC1C1=CC=C(C=C1)C(C)(C)C)(NC1C=CC=C(F)C=1)=O,0.007158106099814177
O=C(CN1C2C(C(=O)N(C3C=CC(=CC=3)C(C)C)C1=O)=CC=CC=2)N1CCN(CC1)C(C)=O,0.005816511926241219
C(C1COC2(CCN(CC2)C(=O)CC)N1C(=O)C1=CC=C(C=C1)OC)(=O)NCCC,0.008044268912635743
C(NC(=O)N1CCC(CC1)CN1C(=O)CSC1C1=CC=C(C=C1)C(C)(C)C)(C)(C)C,0.0064877987606450915
C(CCN1CC2=C(C1=O)C(C1=C(C)C=C(C)C=C1)NC(=O)N2CC)(NCC(C)C)=O,0.007881403062492609
O=C(C(CC)N1C2C(C(=O)N(C3C=CC(=CC=3)OC)C1=O)=CC=CC=2)NCC1=CC=CO1,0.0062549497000873085
C1(C(=O)NCC2N(C(NCC)=O)CCC3C2=CC(OC)=C(OC)C=3)C=CC=CC=1,0.006294026412069798
C1(C(=O)NCC2N(C(NC(C)(C)C)=O)CCC3C2=CC(OC)=C(OC)C=3)=CC=CC=C1Cl,0.00599924756679684
N(C1=CC(=CC=C1)C1C(C(=O)OC)=C(C)N(CCC)C(=O)N1)C(=O)NC1C=CC=CC=1OC,0.006469822535291314
C1(=CC2OC=C(C3=CC(C(F)(F)F)=CC=C3)C(=O)C=2C=C1)Cl,0.0067493242910131816
N1(C2=CC(C)=CC=C2Cl)CCC(C(=O)NCC2=CC=CO2)C1=O,0.007889738515950739
C(NC(=O)N(CC=C)CC(=O)N(CCC1=CC=CC=C1)CC1=CC=CO1)(C)(C)C,0.00592658189125359
N1(C2=CC(C)=CC=C2Cl)CCC(C(=O)NCC2=CC=CC=C2)C1=O,0.007607497554272413
C(C(=O)NC1=CC(=CC=C1)N1CCCN(CC2=C(Cl)C=CC=C2)C1=O)OC,0.004004122398328036
C1(C(=O)N(CC=C)CC(=O)N(CC2=CC=C(C=C2)F)CC2=CC=CO2)=CC=CS1,0.009038399532437324
C1(C(=O)N(CC=C)CC(=O)N(CC2CCCO2)CC2=CC=CO2)=CC=CC=C1,0.009673737874254584
C1(S(=O)(=O)N2CC(CCC2)OCC=CC)=CC=C(C=C1)Cl,0.006027945666573942
C1(S(=O)(=O)NC2C=CC(=CC=2)N2CCCN(CC3C=CC4OCOC=4C=3)C2=O)=CC=CC=C1,0.003526403452269733
C1(C(=O)N2CC(C(C3=CC(OC)=CC=C3OC)C2)C(=O)N(CC2=CC=CC=C2)C)=CC=CO1,0.009787473175674678
C(NC(=O)N1CC(C(C2=CC(OC)=CC=C2OC)C1)C(=O)N1CCCCC1)(C)C,0.006042940821498632
C(C(=O)N1CCC(CC1)CN1C(=O)CSC1C1=CC=CC(=C1)C(F)(F)F)(C)C,0.005999064072966576
C1(C(=O)NCC2N(C(NC(C)(C)C)=O)CCC3C2=CC(OC)=C(OC)C=3)=CC=CC=C1C,0.006918153376318514
N(C1CC1)C(CN1C2C(C(=O)N(C3C=CC(C)=C(C)C=3)C1=O)=CC=C(C=2)Cl)=O,0.005257951735984534
C1(C(=O)N2CC(C(C3=CC=CC(F)=C3)C2)C(=O)NCC2=CC=CC=C2)C=CC=CC=1,0.006829870422370732
C(C(=O)N1CC(C(C2=CC=CC=C2OC)C1)C(=O)N(CC1=CC=CC=C1)C)C,0.011401584511622787
C(C(=O)N1CC(C(C2=CC=C(OC)C=C2)C1)C(=O)NCC1=CC=C(F)C=C1)C,0.007521906192414463
C1(C(=O)NCC2N(C(NCCC)=O)CCC3C2=CC(OC)=C(OC)C=3)=CC=C(C)C=C1,0.0069093117490410805
C1(C(=O)N2CC(C(C3=CC=CC=C3OC)C2)C(=O)N2CCOCC2)=CC=C(C=C1)F,0.0086725007975474
C1(C(=O)N2CC(C(C3=CC=CC(OC)=C3)C2)C(=O)NCC2=CC=CC=C2)C=CC(=CC=1)Cl,0.00766174509190023
N1(C2=CC=C(Cl)C=C2)CCC(C(=O)NC2=CC=C(C=C2)F)C1=O,0.005738520552404225
N1(C2=CC3CCCC=3C=C2)CCC(C(=O)NCC2=CC3OCOC=3C=C2)C1=O,0.010034404834732414
C(NC(=O)NC1=C(C=CC(C)=C1)N1CCCN(CC2=CC=C(C=C2)C(F)(F)F)C1=O)C,0.004119782603811473
N1(C2=CC3CCCC=3C=C2)CCC(C(=O)NCC2=CC=C(F)C=C2)C1=O,0.008805966307409107
C1N(C(=O)C2C=CC(Cl)=C(Cl)C=2)CC(COC2=CC=CC=C2OC)OC1,0.010371132753789425
C(C(=O)NC1=C(C=CC(C)=C1)N1CCCN(CC2=CC(OC(F)(F)F)=CC=C2)C1=O)OC,0.0034187259792815895
C1N(C(COC2=CC=C(C=C2)Cl)=O)CC(COC2=CC(C)=CC=C2F)OC1,0.007976042060181498
C(S(=O)(=O)N1CCC(C(NC(C2=CC3OCOC=3C=C2)=O)C(N(CC)CC)=O)CC1)(C)C,0.006374009791761637
N1(CCC(N(C(=O)CN(CCC)S(=O)(=O)C2C=CC=CC=2)CC2C=C(F)C=CC=2)CC1)S(C1C=CC(=CC=1)Br)(=O)=O,0.00555060135666281
C1C(=CC=CC=1NC(=O)NC1=C(C=CC(C)=C1)N1CCCN(CC2=CC=C(C=C2)F)C1=O)OC,0.004462211683858186
C12(SC(C)(CN1C(=O)NC1=CC=CC(C)=C1)C)C1C(NC2=O)=CC=C(Cl)C=1,0.004536626220215112
C1(C=CC=CC=1)CNC(=O)N(CCC)CC(=O)N(CCC1=CC=CC=C1)CC1=CC=C(C)O1,0.006898577651008963
C1(C(=O)N(C(C)C)CC(=O)N(CC2=CC=CC=C2)CC2=CC=C(C)O2)C=CC(=CC=1)F,0.009895247966051101
C1(C(=O)NC2=CC(=CC=C2)N2CCCN(CC3C=CC(OC)=CC=3)C2=O)C=CC=C(F)C=1,0.004953056573867798
N(CCOC)(C(=O)C1C=CC(=CC=1)Cl)CC1=CC=CC(=C1)OS(=O)(=O)C1C=CC(=CC=1)F,0.006750285159796476
C1(C(=O)N2CCC(C(NC(=O)C3=CC=CS3)C(NC3CC3)=O)CC2)C=CC(=CC=1)Cl,0.006313297338783741
N1(C2C=CC=C(C=2)C(F)(F)F)C(=O)C(C)N(C(NC2=CC=CC(Cl)=C2)=O)CC1,0.0032625114894472063
N1(C2=CC=C(Cl)C=C2C)C(=O)C(C)N(C(NC2=CC=C(C)C=C2)=O)CC1,0.00425441893748939
C1(C(=O)N(CC(C)C)CC(=O)N(CCC2=CC=CC=C2)CC2=CC=C(C)O2)CCCC1,0.016070861462503673
C1(C(=O)N(CCCC)CC(=O)N(CCC2=CC=CC=C2)CC2=CC=C(C)O2)CCCC1,0.016676422953605653
C(C)(C)(C)CC(=O)N(CCCCC)CC(=O)N(CCC1=CC=CC=C1)CC1=CC=C(C)O1,0.015226361900568008
C1(NC(=O)N(CCOC)CC(N(CC2=CC=C(F)C=C2)CC2=CC=C(C)S2)=O)C=CC(=CC=1)C,0.0044243162381462755
C(COC)CNC(C1CN(CC2C=C(OC)C=CC=2)C(=O)C1)=O,0.007490433030761778
N1(C2C=CC=C(C=2)C(F)(F)F)CCC(C(=O)NC2=CC=CC=C2Cl)C1=O,0.005468411557376385
C1(C(=O)N2CCC(CC2)N(CC2C=CC(F)=CC=2)C(CN(C2CC2)S(=O)(=O)C2C=CC(C)=CC=2)=O)=C(Br)C=CC=C1,0.005422543897293508
N1(C2C=CC(Cl)=C(C)C=2)CCC(C(=O)NC2=CC(Cl)=CC=C2)C1=O,0.007226210390217602
N1(C2C=CC=C(C=2)C(F)(F)F)CCC(C(=O)NC2=CC(OC)=CC=C2)C1=O,0.0058031396474689245
C(C(=O)N1CCC(CC1)N(CC1C=CC(F)=CC=1)C(CN(C1CC1)S(=O)(=O)C1C=CC(C)=CC=1)=O)CCl,0.004795057384762913
N1(C2C=CC(Cl)=C(C)C=2)CCC(C(=O)NC2=C(F)C=C(F)C=C2)C1=O,0.005407220404595137
N1(C2C=CC(Br)=CC=2C)CCC(C(=O)NC2=CC(Cl)=CC=C2)C1=O,0.00856103552505374
N1(C2C=CC(Br)=CC=2C)CCC(C(=O)N2CCOCC2)C1=O,0.01194397578947246
N1(C2C=CC=C(C=2)C(F)(F)F)CCC(C(=O)N2CCOCC2)C1=O,0.006019500712864101
C1(CNC(C2=CC=C(COC3C=C4C(N(C(=O)C5CC5)CCC4=CC=3)C3C=CC=C(F)C=3)O2)=O)CC1,0.007595525798387825
N1(CCC(N(C(=O)CN(CCC)S(=O)(=O)C2C=CC=CC=2)CC2C=C(F)C=CC=2)CC1)S(CC1=CC=CC=C1)(=O)=O,0.0054147376911714675
N1(CCC(N(C(=O)CN(CCC)S(=O)(=O)C2C=CC=CC=2)CC2C=C(F)C=CC=2)CC1)C(=O)NCCCC,0.0030858492711558936
N1(C2C=CC=C(C=2)C(F)(F)F)CCC(C(=O)NCC=C)C1=O,0.004611849191132933
N1(CCC(N(C(=O)CN(CCC)S(=O)(=O)C2C=CC=CC=2)CC2C=C(F)C=CC=2)CC1)C(=O)NC1=CC=CC(Cl)=C1,0.0028455153165850787
C1(S(=O)(=O)N2CCC(C(NC(=O)C3C=CC=CC=3)C(NCCOC)=O)CC2)=CC=C(C=C1)Cl,0.0037803130806423725
N1(CCC(CC1)N(CC1C=CC(F)=CC=1)C(CN(C1CC1)S(=O)(=O)C1C=CC(C)=CC=1)=O)S(C1C=CC(=CC=1)F)(=O)=O,0.0053875316632911565
C1N(C(COC2C=CC=CC=2)=O)CC(CN(C(=O)C2C=CC(F)=CC=2)CC(C)C)OC1,0.009831827273592353
N1(C2=C(F)C=C(F)C=C2)CCC(C(=O)NCC2=CC(C)=CC=C2)C1=O,0.00636764713563025
C(C(=O)NC1=CC(=CC=C1)N1CCCN(CC2=C(C)C=CC=C2)C1=O)OC,0.004877690633293241
N1(CCC(CC1)N(CC1C=CC(F)=CC=1)C(CN(C1CC1)S(=O)(=O)C1C=CC(C)=CC=1)=O)S(C1=CC=C(C=C1)Cl)(=O)=O,0.004971659556031227
C(C(=O)N1CCC(CC1)N(CC1C=CC(F)=CC=1)C(CN(C1CC1)S(=O)(=O)C1C=CC(C)=CC=1)=O)(Cl)C,0.00459972774842754
N1(C2=CC3OCOC=3C=C2)C(=O)C(C)N(C(NC2=CC=CC(Cl)=C2)=O)CC1,0.003604448621626943
N1(CCC(CC1)N(CC1C=CC(F)=CC=1)C(CN(C1CC1)S(=O)(=O)C1C=CC(C)=CC=1)=O)S(C1C=CC(=CC=1)Br)(=O)=O,0.005631681764498353
N1(CCC2(N(CC3C=CC=CC=3)C(=O)CS2)CC1)C(CC1=CC=CC=C1)=O,0.008714246330782771
N1(CCC2(N(CCOC)C(=O)CS2)CC1)C(=O)NCC1C=CC=CC=1,0.003965522686485201
C(CCN(CC)C(C1=COC=C1)=O)(NC1CCCCC1)=O,0.011876864498481155
C1(C(=O)N2CC(C(C3=CC=CC=C3)C2)C(=O)NCC2=CC=C(F)C=C2)C=CC=CC=1,0.006961533217690885
C(NC(=O)N1CC(C(C2=CC=CC=C2)C1)C(=O)NCC1=CC=C(F)C=C1)(C)(C)C,0.0049106326303444804
N(C(CCC(OCC)=O)=O)(CC1C=CC(=CC=1)OS(=O)(=O)CC)CC1=CC=CO1,0.013192677125334739
N(C1CC1)(C(=O)C=CC1C=CC=CC=1)CC1C=CC(=CC=1)OS(=O)(=O)CC,0.010774640878662468
N(C1CC1)(C(NCCCC)=O)CC1C=CC(=CC=1)OS(=O)(=O)CC,0.006272604060359299
C1N(CCC1)C(CN1C(=O)CSC1C1=CC=C(OC)C(OC)=C1)=O,0.009878182457759977
N1(CCC(CC1)N(CC1C=CC(F)=CC=1)C(CN(C1CC1)S(=O)(=O)C1C=CC(C)=CC=1)=O)S(CC1=CC=CC=C1)(=O)=O,0.005574814788997173
C1(S(=O)(=O)N2CC(CCC2)OCC2C=CC=C(Cl)C=2)=CC=C(C=C1)Cl,0.006268595228902996
N1(CCC(CC1)N(CC1C=CC(F)=CC=1)C(CN(C1CC1)S(=O)(=O)C1C=CC(C)=CC=1)=O)C(=O)NC1=CC=CC(Cl)=C1,0.002953317959327251
C1(C=CC(=CC=1)OC)NC(C1CN(CC2C=C(Br)C=CC=2)C(=O)C1)=O,0.008726631198078394
N(C(COC1C=CC=CC=1)=O)(CC1C=CC(=CC=1)OS(=O)(=O)CC)CC1=CC=CO1,0.011011521751061081
N1(CCC(CC1)N(CC1C=CC(F)=CC=1)C(CN(C1CC1)S(=O)(=O)C1C=CC(C)=CC=1)=O)C(=O)NCCCC,0.0032695318106561897
C1(C(C)C)C=CC(=CC=1)NC(C1CN(CC2C=C(Br)C=CC=2)C(=O)C1)=O,0.010464433394372464
N1(CCC2(N(C3C=CC=C(OC)C=3)C(=O)CS2)CC1)S(CC1=CC=CC=C1)(=O)=O,0.005288636614568532
N1(CCC2(N(C3C=CC(OC)=CC=3)C(=O)CS2)CC1)C(=O)NC1C=CC=C(Cl)C=1Cl,0.003895152639597654
N1(CCC(CC1)N(CC1C=CC(F)=CC=1)C(CN(C1CC1)S(=O)(=O)C1C=CC(C)=CC=1)=O)C(=O)NC1=C(C)C=CC=C1C,0.0032611367641948164
N1(CCC2(N(CC3C=CC=CC=3)C(=O)CS2)CC1)C(=O)NC1=C(F)C=C(F)C=C1,0.003470287739764899
N1(CCC2(N(C3C=CC(C)=CC=3)C(=O)CS2)CC1)C(C=CC1C=CC=CC=1)=O,0.007850870117545128
N1(CCC2(N(CC3=CC=CO3)C(=O)CS2)CC1)C(=O)NC1=CC=CC=C1C(F)(F)F,0.0035782099817879497
N1(CCC2(N(C3C=CC(OC)=CC=3)C(=O)CS2)CC1)C(C1=CC(Br)=CC=C1)=O,0.007914251647889614
C(S(=O)(=O)N(CCOC)CC(=O)N(CC1=CC=CC=C1)CC1=CC=C(C)O1)C1C=CC=CC=1,0.008213622542098165
N1(C2C=CC=C(C)C=2C)C(=O)C(C)N(C(C2=C(OC)C=CC=C2)=O)CC1,0.008981416025198996
N1(CCC2(N(C3C=CC(F)=CC=3)C(=O)CS2)CC1)S(C1C=CC(=CC=1)Br)(=O)=O,0.0056539386510849
N1(CCC2(N(C3C=CC=C(C)C=3)C(=O)CS2)CC1)C(=O)NC1C=CC=C(Br)C=1,0.004664824425708503
N1(C2=CC(C)=C(C)C=C2)C(=O)C(C)N(C(C2=C(C)C=CC=C2)=O)CC1,0.009506142279133201
N1(C2=CC(Cl)=CC=C2)CCC(C(=O)NCC2=CC=CO2)C1=O,0.007169243134558201
N1(CCC2(N(CC3=CC=CO3)C(=O)CS2)CC1)S(CCCCCCCC)(=O)=O,0.007707683788612485
C1N(C(NCC2C=CC=CC=2)=O)CC(CN(CC2CC2)C(C2=C(OC)C=CC=C2)=O)OC1,0.00632164953276515
N1(CCC2(N(C3C=CC(F)=CC=3)C(=O)CS2)CC1)C(=O)NC1C=CC(Cl)=C(Cl)C=1,0.003809243510477245
N1(CCC2(N(CC3C=CC=CC=3)C(=O)CS2)CC1)C(=O)NC1C=CC=C(Br)C=1,0.004514037212356925
C(C(=O)N1CC(CCC1)OCC1=CC(C(F)(F)F)=CC=C1)OC,0.005567761533893645
N1(CCC(CC1)N(CC1C=CC(F)=CC=1)C(CN(C1CC1)S(=O)(=O)C1C=CC(C)=CC=1)=O)C(=O)NC1C=CC(=CC=1)CC,0.0032286105211824178
C(NC(=O)N(CC1=CC=CO1)CC1=C(OS(=O)(=O)C2=C(C(=O)OC)SC=C2)C=CC=C1)(C)C,0.006062529026530683
C(N(CC(C)C)CC1=C(OS(=O)(=O)C2C=C(F)C(OC)=CC=2)C=CC=C1)(C1CCC1)=O,0.010400648787617683
C(N(CC(C)C)CC1=C(OS(=O)(=O)C2C=CC(OC)=C(F)C=2)C=CC=C1)(COC)=O,0.010068137384951114
C(NC(=O)N(CC(C)C)CC1=C(OS(=O)(=O)C2C=CC(OC)=C(F)C=2)C=CC=C1)(C)(C)C,0.00795659685973078
C(NC(=O)N(CC(C)C)CC1=C(OS(=O)(=O)C2C=CC(OC)=C(F)C=2)C=CC=C1)(C)C,0.00788985900580883
C(N(CC1=CC=CO1)CC1C=CC(OS(C2=CC=CC=C2C(OCCCC)=O)(=O)=O)=CC=1)(C)=O,0.008971865894272924
C1C=C2OCC(=O)N(CC3=CC=C(Cl)C=C3)CC2=CC=1NC(CC1=CC(OC)=CC=C1)=O,0.006629159883596003
N1(C2=C(CC)C=CC=C2)C(=O)C(C)N(C(=O)C2=CC=CO2)CC1,0.009327935334295035
N1(C2C=CC=CC=2OCC)C(=O)C(C)N(S(=O)(=O)C2=CC=C(C=C2)F)CC1,0.005238522100262344
N1(C2=CC(OC)=CC(OC)=C2)C(=O)C(C)N(C(=O)C2C=CC(Cl)=C(Cl)C=2)CC1,0.007417136523872614
N1(C2=CC(Cl)=C(C)C=C2)C(=O)C(C)N(C(=O)C2=CC=CO2)CC1,0.00749774205032736
N1(C2=C(C)C=CC=C2)C(=O)C(C)N(C(C2=CC=C(C=C2)C(F)(F)F)=O)CC1,0.005735843244474381
N1(C2=CC=C(Cl)C=C2C)CCC(C(=O)NCC2=C(F)C=CC=C2)C1=O,0.005961958703119307
N1(C2=CC(OC)=CC=C2OC)C(=O)C(C)N(C(=O)CCC2C=CC=CC=2)CC1,0.00874371633399278
N1(C2=CC(C)=CC=C2F)C(=O)C(C)N(C(=O)C2C=CC(Cl)=C(Cl)C=2)CC1,0.006603763834573328
C1C(F)=C(C=CC=1)C(=O)N1CC(CCC1)OCC1C=CC=C(Cl)C=1,0.006772244698368013
N1(CCC2(N(C3C=CC=C(C)C=3)C(=O)CS2)CC1)C(=O)NC1=C(OCC)C=CC=C1,0.004390625224914402
N1(C2=CC=CC=C2Cl)C(=O)C(C)N(C(=O)CCC2C=CC=CC=2)CC1,0.008220277749933303
N1(C2=CC(F)=CC=C2)C(=O)C(C)N(S(=O)(=O)C2=CC=C(C=C2)F)CC1,0.004382271086797118
N1(CCC2(N(C3C=CC=C(C)C=3)C(=O)CS2)CC1)C(COC1C=CC=CC=1)=O,0.0076874023070558906
C(C(=O)NC1C=CC(=CC=1)N1CCCN(CC2=C(F)C(Cl)=CC=C2)C1=O)OC,0.004075655189808458
N1(CCC2(N(CC3C=CC=CC=3)C(=O)CS2)CC1)C(=O)NC1=CC(C(F)(F)F)=CC=C1,0.003222369507420808
N1(C2=CC(OC)=C(OC)C=C2)C(=O)C(C)N(C(=O)C2C=C(OC)C=C(OC)C=2)CC1,0.009345610602758824
C(CN1CC2=C(C1=O)C(C1C=CC(=CC=1)Cl)NC(=O)N2CC)(N1CCC(CC1)C(OCC)=O)=O,0.006258986541070044
N1(C2=CC=CC=C2Cl)C(=O)C(C)N(C(C2=C(OC)C=CC=C2)=O)CC1,0.00737354087177664
N1(C2C=CC=C(C=2)C(F)(F)F)C(=O)C(C)N(C(NCCC)=O)CC1,0.0028833229094743728
C1(C(=O)N2CCC(C(NC(=O)C3=CC=CC=C3Cl)C(NCCOC)=O)CC2)=CC=C(C=C1)OC,0.0067183605395257475
C(C1COC2(CCC(C)CC2)N1C(=O)C1=CC=CC=C1C)(=O)NCCOC,0.009618306672200561
O(C)CCNC(C1COC2(CCN(CC2)C(=O)C2=CC=C(C=C2)F)N1C(=O)C1=CC=CC(OC)=C1)=O,0.005921214562840759
C(C1COC2(CCC(C)CC2)N1C(=O)C1=CC=CC(OC)=C1)(=O)NCCOC,0.009461491275578738
O1CCCC1CNC(C1COC2(CCN(CC2)C(=O)C2=CC=C(C=C2)F)N1C(=O)C1=CC=CC(OC)=C1)=O,0.006603786232881248
C1=CC(=CC(OC)=C1)C(=O)NC1C=CC(=CC=1)N1CCCN(CC2=C(F)C(Cl)=CC=C2)C1=O,0.004985834332183003
C(C)(C)NC(C1COC2(CCN(CC2)C(=O)C2C=CC(Cl)=C(Cl)C=2)N1C(=O)C1=CC=CC(OC)=C1)=O,0.00688823270611465
C1(NC(C2CCC(C3=CC(C)=CC=C3)N(C(=O)C3CCCC3)C2)=O)CC1,0.012932710349559784
N1(CCC(CC1)N(CC1C=CC(F)=CC=1)C(CN(C1CC1)S(=O)(=O)C1C=CC(C)=CC=1)=O)C(=O)NC1C=CC=CC=1OC,0.0032331307476852087
C(C1COC2(CCCCC2)N1C(C1=CC=CC=C1C(F)(F)F)=O)(=O)NCC1C=CC=C(C=1)C(F)(F)F,0.006766104511916638
C(C1COC2(CCCC(C)C2)N1C(C1C=CC=C(C=1)C(F)(F)F)=O)(=O)NCCOC,0.006442578136920929
N1(C2=CC(OC)=CC=C2OC)C(=O)C(C)N(C(NCCC)=O)CC1,0.004274894366972148
C1N(C(NC2=CC=CC=C2)=O)CC(CN(CC(C)C)C(C2=C(F)C=CC=C2)=O)OC1,0.006053233752027154
N(CC1=CC=C(F)C=C1)(C(=O)C=CC1C=CC=CC=1)CC1C=CC(=CC=1)OS(=O)(=O)CC,0.008196687139570714
N1(C2=C(C)C=C(F)C=C2)CCC(C(=O)NC2C=CC=C(C=2)C(F)(F)F)C1=O,0.005400673090480268
C1C=C(CNC(C(C)OC2C=C3C(N(C(=O)C4C=CC=CC=4)CCC3=CC=2)C2C=C(C)C=CC=2)=O)C=CC=1F,0.009976330399513244
N1(C2=CC=C(C=C2)C(F)(F)F)CCC(C(=O)NC2C=CC(=CC=2)OC)C1=O,0.005885472055524588
N1(C2=CC=CC=C2Br)CCC(C(=O)NC2=CC=C(C=C2)C(F)(F)F)C1=O,0.006370818521827459
N1(C2=CC=C(C=C2)C(F)(F)F)CCC(C(=O)NC2CC2)C1=O,0.005744781868997961
N1(C2=C(F)C=C(F)C=C2)CCC(C(=O)NC(C)C2=CC=CC=C2)C1=O,0.006855217693373561
N1(C2=CC=C(Cl)C=C2Cl)CCC(C(=O)NC2=CC=C(C=C2)C(F)(F)F)C1=O,0.00551875993842259
N1(C2=CC=C(Cl)C=C2Cl)CCC(C(=O)NC2C=CC=C(C=2)C(F)(F)F)C1=O,0.005792857229243964
N1(C2=C(F)C=C(Br)C=C2)CCC(C(=O)NC2C=CC=C(C=2)C(F)(F)F)C1=O,0.00622568663675338
N1(C2=C(F)C=C(F)C=C2)CCC(C(=O)NCCC2=CC=CC=C2)C1=O,0.006145632918924093
C1(CC1)NC(C(CC)OC1C=C2C(N(C(=O)C3CCCC3)CCC2=CC=1)C1C=CC=CC=1)=O,0.012017302634194493
N1(C2=C(F)C=C(Br)C=C2)CCC(C(=O)N(C)CC2=CC=CC=C2)C1=O,0.009440906113013625
N1(C2=CC=C(OCC3C=CC=CC=3)C=C2)CCC(C(=O)NCC)C1=O,0.008609732636250556
N1(C2=C(F)C=C(Cl)C=C2)CCC(C(=O)NC2=CC=C(C=C2)F)C1=O,0.006026693456806243
C(CC)NC(C(CC)OC1C=C2C(N(C(=O)C3CCCC3)CCC2=CC=1)C1C=CC=CC=1)=O,0.011851663608103991
N1(C2=CC=C(C=C2)C(F)(F)F)CCC(C(=O)NC2=CC=C(C=C2)C(F)(F)F)C1=O,0.006169480562675744
N1(C2C=CC=C(OCC3C=CC=CC=3)C=2)CCC(C(=O)NC2=CC(Cl)=CC=C2)C1=O,0.007495610788464546
N1(C2=CC=C(C=C2)C(F)(F)F)CCC(C(=O)NC2=CC=C(C=C2)F)C1=O,0.00500355806434527
N1(C2C=CC(F)=C(C)C=2)CCC(C(=O)NC2=CC(C)=CC=C2)C1=O,0.006294633215293288
N1(CCC(CC1)N(CC1C=CC(F)=CC=1)C(CN(C1CC1)S(=O)(=O)C1C=CC(C)=CC=1)=O)C(=O)NC1=CC=C(OC)C=C1,0.003186279570218176
N1(CCC(CC1)N(C(CN(CCC(C)C)S(=O)(=O)CCC)=O)CC1=C(C)C=CC=C1)C(CCC1CCCC1)=O,0.009001056430861354
N1(CCC(CC1)N(CC1C=CC(F)=CC=1)C(CN(CC(C)C)S(=O)(=O)C1C=CC(=CC=1)Cl)=O)C(CCl)=O,0.004251212009694427
N1(CCC(CC1)N(CC1C=CC(F)=CC=1)C(CN(C1CC1)S(=O)(=O)C1C=CC(C)=CC=1)=O)C(=O)NC1C=CC(C)=CC=1C,0.00321489266352728
N1(CCC(CC1)N(C(CN(CCC(C)C)S(=O)(=O)CCC)=O)CC1=C(C)C=CC=C1)C(C1=CC=CS1)=O,0.006145129073411226
C(C(=O)N(C(C)C)CC(=O)N(CC1=CC=C2OCOC2=C1)CC1=CC=C(C)O1)CCCCCCCC,0.01295818705111742
N1(CCC(CC1)N(CC1C=CC(F)=CC=1)C(CN(CC(C)C)S(=O)(=O)C1C=CC(=CC=1)Cl)=O)C(CCC)=O,0.0058465322596021
N1(CCC(CC1)N(CC1C=CC(F)=CC=1)C(CN(C1CC1)S(=O)(=O)C1C=CC(C)=CC=1)=O)C(=O)NC1C=CC(C)=C(C)C=1,0.003208316001109779
N1(CCC(CC1)N(C(CN(CCC(C)C)S(=O)(=O)CCC)=O)CC1=C(C)C=CC=C1)C(C(C)C)=O,0.008870604843832553
N1(CCC(CC1)N(C(CN(CCC(C)C)S(=O)(=O)CCC)=O)CC1=C(C)C=CC=C1)C(C1=C(C)C=CC=C1)=O,0.007515849126502871
N1(CCC(CC1)N(CC1C=CC(F)=CC=1)C(CN(CC(C)C)S(=O)(=O)C1C=CC(=CC=1)Cl)=O)C(CC1C=CC=CC=1)=O,0.005179060623049736
N1(CCC(CC1)N(CC1C=CC(F)=CC=1)C(CN(C1CC1)S(=O)(=O)C1C=CC(C)=CC=1)=O)C(=O)NC1C=CC=C(C)C=1C,0.0032119058771058915
N1(CCC(CC1)N(C(CN(CCC(C)C)S(=O)(=O)CCC)=O)CC1=C(C)C=CC=C1)C(CCCCCCC)=O,0.008013661811128258
N1(CCC(CC1)N(C(CN(CCC(C)C)S(=O)(=O)CCC)=O)CC1=C(C)C=CC=C1)C(CCC1C=CC=CC=1)=O,0.007561531011015176
N1(CCC(CC1)N(CC1C=CC(F)=CC=1)C(CN(C1CC1)S(=O)(=O)C1C=CC(C)=CC=1)=O)C(=O)NC1=C(CC)C=CC=C1,0.003224521083757281
N1(CCC(CC1)N(C(CN(CCC(C)C)S(=O)(=O)CCC)=O)CC1=C(C)C=CC=C1)C(C1C=CC(C)=CC=1)=O,0.007534184725955129
N1(CCC(CC1)N(C(CN(CCC(C)C)S(=O)(=O)CCC)=O)CC1=C(C)C=CC=C1)C(C1CCCC1)=O,0.008823630725964903
N1(CCC(CC1)N(C(CN(CCC(C)C)S(=O)(=O)CCC)=O)CC1=C(C)C=CC=C1)C(C)=O,0.008414615248329937
N1(CCC(CC1)N(C(CN(CCC(C)C)S(=O)(=O)CCC)=O)CC1=C(C)C=CC=C1)C(CC(C)(C)C)=O,0.00903439607936889
N1(CCC(CC1)N(C(CN(CCC(C)C)S(=O)(=O)CCC)=O)CC1=C(C)C=CC=C1)C(CCC(=O)OCC)=O,0.008056700997985899
N1(CCC(CC1)N(CC1C=CC(F)=CC=1)C(CN(CC(C)C)S(=O)(=O)C1C=CC(=CC=1)Cl)=O)C(CCCCCCC)=O,0.0052478611934930084
N1(CCC(CC1)N(C(CN(CCC(C)C)S(=O)(=O)CCC)=O)CC1=C(C)C=CC=C1)C(C1CCCCC1)=O,0.008874008315615356
N1(CCC(CC1)N(C(CN(CCC(C)C)S(=O)(=O)CCC)=O)CC1=C(C)C=CC=C1)C(COC)=O,0.00783775511663407
N1(CCC(CC1)N(CC1C=CC(F)=CC=1)C(CN(CC(C)C)S(=O)(=O)C1C=CC(=CC=1)Cl)=O)C(C1=CC=CS1)=O,0.004288755042944103
N1(CCC(CC1)N(C(CN(CCC(C)C)S(=O)(=O)CCC)=O)CC1=C(C)C=CC=C1)C(C1CC1)=O,0.008664755639620126
N1(CCC(CC1)N(C(CN(CCC(C)C)S(=O)(=O)CCC)=O)CC1=C(C)C=CC=C1)C(=O)NCCCC,0.004396060341969132
C1(=CC=CO1)C(=O)N(C(C)CC)CC1=C(OS(=O)(=O)C2C=CC(OC)=C(F)C=2)C=CC=C1,0.010326246917247772
C1(=CC=CC=C1F)C(=O)N(C(C)CC)CC1=C(OS(=O)(=O)C2C=CC(OC)=C(F)C=2)C=CC=C1,0.009438146697357297
C(N(C(C)CC)CC1=C(OS(=O)(=O)C2C=CC(OC)=C(F)C=2)C=CC=C1)(C)=O,0.009866055706515909
C(N(C(C)CC)CC1=C(OS(=O)(=O)C2C=CC(OC)=C(F)C=2)C=CC=C1)(=O)C1C=CC=C(F)C=1,0.009219662798568607
C(N(C(C)CC)CC1=C(OS(=O)(=O)C2C=CC(OC)=C(F)C=2)C=CC=C1)(C(C)C)=O,0.0114386900793761
C(N(C(C)CC)CC1=C(OS(=O)(=O)C2C=CC(OC)=C(F)C=2)C=CC=C1)(COC)=O,0.009470522124320268
C(N(C(C)CC)CC1=C(OS(=O)(=O)C2C=CC(OC)=C(F)C=2)C=CC=C1)(C1CCC1)=O,0.010768704721704126
C(NC(=O)N(C(C)CC)CC1=C(OS(=O)(=O)C2C=CC(OC)=C(F)C=2)C=CC=C1)C,0.007017200603149832
C1(=CC=CS1)C(=O)N(C(C)CC)CC1=C(OS(=O)(=O)C2C=CC(OC)=C(F)C=2)C=CC=C1,0.008193788677453994
C(NC(=O)N(C(C)CC)CC1=C(OS(=O)(=O)C2C=CC(OC)=C(F)C=2)C=CC=C1)(C)C,0.007555073290131986
C1(=CC=CC=C1Cl)C(=O)N(C(C)CC)CC1=C(OS(=O)(=O)C2C=CC(OC)=C(F)C=2)C=CC=C1,0.008642891678027809
C(N(CCOC)CC1=C(OS(=O)(=O)C2C=CC(OC)=C(F)C=2)C=CC=C1)(C)=O,0.008954508416354656
C(N(C(C)CC)CC1=C(OS(=O)(=O)C2C=CC(OC)=C(F)C=2)C=CC=C1)(CC(C)C)=O,0.011598565569147467
C(N(CCOC)CC1=C(OS(=O)(=O)C2C=CC(OC)=C(F)C=2)C=CC=C1)(C(C)C)=O,0.01037908080033958
C(NC(=O)N(CC1=CC=C(F)C=C1)CC1C=C(OS(C2=C(Cl)C=CC=C2C)(=O)=O)C=CC=1)(C)C,0.005554497661069036
C(N(C(C)CC)CC1=C(OS(=O)(=O)C2C=CC(OC)=C(F)C=2)C=CC=C1)(CC(C)(C)C)=O,0.011695255665108562
C(N(CCOC)CC1=C(OS(=O)(=O)C2C=CC(OC)=C(F)C=2)C=CC=C1)(CC(C)C)=O,0.009883901663124561
C1(=CC=CS1)C(=O)N(CCOC)CC1C=C(OS(C2=C(Cl)C=CC=C2C)(=O)=O)C=CC=1,0.007219241769053042
C(NC(=O)N(CCOC)CC1C=C(OS(C2=C(Cl)C=CC=C2C)(=O)=O)C=CC=1)(C)C,0.005446618748828768
C(N(C(C)C)CC1C=C(OS(C2=C(Cl)C=CC=C2C)(=O)=O)C=CC=1)(CC(C)(C)C)=O,0.01137155033648014
C(N(C(C)CC)CC1C=C(OS(=O)(=O)C2C=CC(=CC=2)OC)C=CC=1)(CC(C)(C)C)=O,0.01240365719422698
C1(=CC=CC=C1Cl)C(=O)N(CCOC)CC1C=C(OS(C2=C(Cl)C=CC=C2C)(=O)=O)C=CC=1,0.009164597606286407
C1(NC(=O)N(CCOC)CC2C=C(OS(C3=C(Cl)C=CC=C3C)(=O)=O)C=CC=2)C=CC=CC=1OC,0.005483498075045645
C1(=CC=CC=C1F)C(=O)N(C(C)C)CC1C=C(OS(C2=C(Cl)C=CC=C2C)(=O)=O)C=CC=1,0.008463097107596695
C(NC(=O)N(C(C)CC)CC1C=C(OS(=O)(=O)C2C=CC(=CC=2)OC)C=CC=1)(C)(C)C,0.007332868501543998
C(N(CCOC)CC1C=C(OS(C2=C(Cl)C=CC=C2C)(=O)=O)C=CC=1)(CC(C)(C)C)=O,0.009919343469664454
C1(=CC=CO1)C(=O)N(C(C)C)CC1C=C(OS(C2=C(Cl)C=CC=C2C)(=O)=O)C=CC=1,0.011035612924024463
C(N(C(C)C)CC1C=C(OS(C2=C(Cl)C=CC=C2C)(=O)=O)C=CC=1)(=O)C1C=CC=C(F)C=1,0.008201738866046072
C(N(CC1=CC=CO1)CC1C=C(OS(=O)(=O)C2C=CC(=CC=2)OC)C=CC=1)(=O)C1C=CC=C(F)C=1,0.00872410722076893
C1(=CC=CC=C1F)C(=O)N(CCOC)CC1C=C(OS(C2=C(Cl)C=CC=C2C)(=O)=O)C=CC=1,0.00788390391971916
C(N(C(C)C)CC1C=C(OS(C2=C(Cl)C=CC=C2C)(=O)=O)C=CC=1)(C(C)C)=O,0.01120511731132865
C(N(C(C)C)CC1C=C(OS(C2=C(Cl)C=CC=C2C)(=O)=O)C=CC=1)(COC)=O,0.009391119470819831
C(NC(=O)N(CC1=CC=CO1)CC1C=C(OS(=O)(=O)C2C=CC(=CC=2)OC)C=CC=1)C,0.006256236042827368
C(N(CCOC)CC1C=C(OS(C2=C(Cl)C=CC=C2C)(=O)=O)C=CC=1)(=O)C1C=CC=C(F)C=1,0.007779377652332187
C(N(C(C)C)CC1C=C(OS(C2=C(Cl)C=CC=C2C)(=O)=O)C=CC=1)(C1CCC1)=O,0.010413121059536934
C(NC(=O)N(C(C)C)CC1C=C(OS(C2=C(Cl)C=CC=C2C)(=O)=O)C=CC=1)(C)(C)C,0.006289955717511475
C1(=CC=CO1)C(=O)N(CCOC)CC1C=CC(OS(C2=CC=CC=C2C(=O)OC(C)C)(=O)=O)=CC=1,0.011354538844898343
C(N(CCOC)CC1C=C(OS(C2=C(Cl)C=CC=C2C)(=O)=O)C=CC=1)(COC)=O,0.009112732927314937
C1(=CC=CS1)C(=O)N(C(C)C)CC1C=C(OS(C2=C(Cl)C=CC=C2C)(=O)=O)C=CC=1,0.008189642848446966
C(NC(=O)N(C(C)C)CC1C=C(OS(C2=C(Cl)C=CC=C2C)(=O)=O)C=CC=1)C,0.0056039886083453895
C(N(C(C)C)CC1C=C(OS(=O)(=O)C2C=CC(=CC=2)OC)C=CC=1)(CC(C)(C)C)=O,0.012231804803013802
C(N(CCOC)CC1C=CC(OS(C2=CC=CC=C2C(=O)OC(C)C)(=O)=O)=CC=1)(C1CCC1)=O,0.010889074765145779
C(NC(=O)N(CCOC)CC1C=C(OS(C2=C(Cl)C=CC=C2C)(=O)=O)C=CC=1)(C)(C)C,0.005538984935265034
C1(=CC=CC=C1Cl)C(=O)N(C(C)C)CC1C=C(OS(C2=C(Cl)C=CC=C2C)(=O)=O)C=CC=1,0.010132057871669532
C(NC(=O)N(C(C)C)CC1C=C(OS(C2=C(Cl)C=CC=C2C)(=O)=O)C=CC=1)(C)C,0.00616227516438812
C1(=C(F)C=CC=C1)C(=O)N(C(C)C)CC1C=C(OS(=O)(=O)C2C=CC(=CC=2)OC)C=CC=1,0.009303841507062316
C1(=CC=CS1)C(=O)N(CCOC)CC1C=CC(OS(C2=CC=CC=C2C(=O)OC(C)C)(=O)=O)=CC=1,0.008766239369288087
C(NC(=O)N(CCOC)CC1C=C(OS(C2=C(Cl)C=CC=C2C)(=O)=O)C=CC=1)C,0.005068737175315618
C(N(C(C)C)CC1C=C(OS(C2=C(Cl)C=CC=C2C)(=O)=O)C=CC=1)(CC(C)C)=O,0.010980638535693288
C1(NC(=O)N(C(C)C)CC2C=C(OS(C3=C(Cl)C=CC=C3C)(=O)=O)C=CC=2)C=CC=CC=1OC,0.005725242639891803
C(N(C(C)CC)CC1C=C(OS(=O)(=O)C2C=CC(=CC=2)OC)C=CC=1)(C1CCC1)=O,0.011586108524352313
C1(=CC=CC=C1Cl)C(=O)N(CCOC)CC1C=CC(OS(C2=CC=CC=C2C(=O)OC(C)C)(=O)=O)=CC=1,0.009462572261691093
N(CCC)C(CN1C2C(C(=O)N(C3C=CC(C)=C(Cl)C=3)C1=O)=CC=C(C=2)Cl)=O,0.004872738919220865
N(C(C)C1=CC=CC=C1)C(CN1C2C(C(=O)N(C3C=CC(C)=C(C)C=3)C1=O)=CC=C(C=2)Cl)=O,0.0054635716951452196
C(N(CC(C)C)CC1C=CC(OS(C2=CC=CC=C2C(=O)OC(C)C)(=O)=O)=CC=1)(C1CCC1)=O,0.011122018145397306
C1(NC(=O)N(CC(C)C)CC2C=CC(OS(C3=CC=CC=C3C(=O)OC(C)C)(=O)=O)=CC=2)C=CC=CC=1OC,0.007415558979846537
C(NC(=O)N(CC1=CC=CO1)CC1C=CC(OS(C2=CC=CC=C2C(=O)OC(C)C)(=O)=O)=CC=1)(C)(C)C,0.007459522038698196
C1(=CC=CC=C1Cl)C(=O)N(CC1CC1)CC1=CC(OS(=O)(=O)C2C=CC(=CC=2)OC)=C(OC)C=C1,0.009619246516376734
C(N(CC(C)C)CC1C=CC(OS(C2=CC=CC=C2C(=O)OC(C)C)(=O)=O)=CC=1)(CC(C)C)=O,0.011647225311025976
C1(=CC=CO1)C(=O)N(CC1=CC=CO1)CC1C=CC(OS(C2=CC=CC=C2C(=O)OC(C)C)(=O)=O)=CC=1,0.012525849044322968
C(NC(=O)N(CC1=CC=CO1)CC1C=CC(OS(C2=CC=CC=C2C(=O)OC(C)C)(=O)=O)=CC=1)C,0.007096315547823906
C(N(CC(C)C)CC1C=CC(OS(C2=CC=CC=C2C(=O)OC(C)C)(=O)=O)=CC=1)(CC(C)(C)C)=O,0.012027554260566831
C(N(CC1=CC=CO1)CC1C=CC(OS(C2=CC=CC=C2C(=O)OC(C)C)(=O)=O)=CC=1)(C(C)C)=O,0.011382759921252728
C(NC(=O)N(CC1=CC=CO1)CC1C=CC(OS(C2=CC=CC=C2C(=O)OC(C)C)(=O)=O)=CC=1)(C)C,0.007481550727970898
C1(=CC=CC=C1F)C(=O)N(CC(C)C)CC1C=CC(OS(C2=CC=CC=C2C(=O)OC(C)C)(=O)=O)=CC=1,0.01055597891099751
C(N(CC1=CC=CO1)CC1C=CC(OS(C2=CC=CC=C2C(=O)OC(C)C)(=O)=O)=CC=1)(C1CCC1)=O,0.010025521414354444
C1(=CC=CO1)C(=O)N(CC1CC1)CC1=CC(OS(=O)(=O)C2C=CC(=CC=2)OC)=C(OC)C=C1,0.011826588539406657
C(N(CC(C)C)CC1C=CC(OS(C2=CC=CC=C2C(=O)OC(C)C)(=O)=O)=CC=1)(=O)C1C=CC=C(F)C=1,0.010316158318892122
C1(=CC=CS1)C(=O)N(CC1=CC=CO1)CC1C=CC(OS(C2=CC=CC=C2C(=O)OC(C)C)(=O)=O)=CC=1,0.009069687686860561
C(NC(=O)N(CC(C)C)CC1C=CC(OS(C2=CC=CC=C2C(=O)OC(C)C)(=O)=O)=CC=1)(C)(C)C,0.008756119245663285
C(N(CC1=CC=CO1)CC1C=CC(OS(C2=CC=CC=C2C(=O)OC(C)C)(=O)=O)=CC=1)(CC(C)C)=O,0.010658627236261963
C(N(CC1CC1)CC1=CC(OS(=O)(=O)C2C=CC(=CC=2)OC)=C(OC)C=C1)(C(C)C)=O,0.011399341421201825
C(NC(=O)N(CC(C)C)CC1C=CC(OS(C2=CC=CC=C2C(=O)OC(C)C)(=O)=O)=CC=1)C,0.008280543936416506
C1(=CC=CC=C1F)C(=O)N(CC1=CC=CO1)CC1C=CC(OS(C2=CC=CC=C2C(=O)OC(C)C)(=O)=O)=CC=1,0.009387260396033525
C(N(CC1CC1)CC1=CC(OS(=O)(=O)C2C=CC(=CC=2)OC)=C(OC)C=C1)(C1CCC1)=O,0.011886144476011395
C(NC(=O)N(CC(C)C)CC1C=CC(OS(C2=CC=CC=C2C(=O)OC(C)C)(=O)=O)=CC=1)(C)C,0.00888849338516593
C(N(CC1=CC=CO1)CC1C=CC(OS(C2=CC=CC=C2C(=O)OC(C)C)(=O)=O)=CC=1)(=O)C1C=CC=C(F)C=1,0.009109650878235698
C1(=CC=CS1)C(=O)N(CC1CC1)CC1=CC(OS(=O)(=O)C2C=CC(=CC=2)OC)=C(OC)C=C1,0.00912879011593759
N(C1C=CC(=CC=1)OC)C(CN1C2C(C(=O)N(C3C=CC(=CC=3)OC)C1=O)=CC=C(C=2)Cl)=O,0.004496184724848718
C(N(CCOC)CC1C=CC(OS(C2=CC=CC=C2C(=O)OC(C)C)(=O)=O)=CC=1)(CC(C)C)=O,0.011124760890379549
C(N(C(C)C)CC1C=CC(OS(C2=CC=CC=C2C(=O)OC(C)C)(=O)=O)=CC=1)(C(C)C)=O,0.013311861408874392
C(N(CC1=CC=C(F)C=C1)CC1C=C(OS(=O)(=O)C2C=CC(=CC=2)OC)C=CC=1)(CC(C)(C)C)=O,0.008846711227670312
C(N(CC1=CC=C(F)C=C1)CC1=CC(=CC=C1OS(=O)(=O)C1=CC=C(C=C1)F)Cl)(C)=O,0.0067408583126962185
C(N(CC(C)C)CC1=CC(=CC=C1OS(=O)(=O)C1=CC=C(C=C1)F)Cl)(CC(C)(C)C)=O,0.008777984278276562
C1(=CC=CO1)C(=O)N(CC1CC1)CC1=C(OS(=O)(=O)C2=CC=C(C=C2)F)C=CC=C1,0.010283843940123915
C1(=CC=CC=C1F)C(=O)N(CC1CC1)CC1=C(OS(=O)(=O)C2=CC=C(C=C2)F)C=CC=C1,0.00894462838768959
C(N(CC1=CC=C(F)C=C1)CC1=C(OS(=O)(=O)C2=CC=C(C=C2)F)C=CC=C1)(C(C)C)=O,0.00891758818179369
C(N(CCOC)CC1C=CC(OS(C2=CC=CC=C2C(=O)OC(C)C)(=O)=O)=CC=1)(CC(C)(C)C)=O,0.011888399487361312
C(N(C(C)C)CC1C=CC(OS(C2=CC=CC=C2C(=O)OC(C)C)(=O)=O)=CC=1)(C1CCC1)=O,0.011631872411817313
C(N(CCOC)CC1C=C(OS(=O)(=O)C2C=CC(=CC=2)OC)C=CC=1)(CC(C)(C)C)=O,0.011127581866458059
C(NC(=O)N(CC1=CC=C(F)C=C1)CC1C=C(OS(=O)(=O)C2C=CC(=CC=2)OC)C=CC=1)C,0.005445247073657811
C(N(CC1=CC=C(F)C=C1)CC1=CC(=CC=C1OS(=O)(=O)C1=CC=C(C=C1)F)Cl)(C(C)C)=O,0.007731442200019955
N(C(C)(C)C)C(N(CC(C)C)CC1=CC(=CC=C1OS(=O)(=O)C1=CC=C(C=C1)F)Cl)=O,0.006068280944600701
C(N(CC1CC1)CC1=C(OS(=O)(=O)C2=CC=C(C=C2)F)C=CC=C1)(C)=O,0.008300201641395688
C(N(CC1CC1)CC1=C(OS(=O)(=O)C2=CC=C(C=C2)F)C=CC=C1)(=O)C1C=CC=C(F)C=1,0.008638820238411426
C(N(CC1=CC=C(F)C=C1)CC1=C(OS(=O)(=O)C2=CC=C(C=C2)F)C=CC=C1)(CC(C)(C)C)=O,0.008778277086094022
C1(=CC=CC=C1F)C(=O)N(CCOC)CC1C=CC(OS(C2=CC=CC=C2C(=O)OC(C)C)(=O)=O)=CC=1,0.00981392958201468
C1(=CC=CS1)C(=O)N(C(C)C)CC1C=CC(OS(C2=CC=CC=C2C(=O)OC(C)C)(=O)=O)=CC=1,0.010004960559308529
C(N(CC(C)C)CC1C=C(OS(=O)(=O)C2C=CC(=CC=2)OC)C=CC=1)(CC(C)(C)C)=O,0.012196334917098284
C1(=CC=CC=C1F)C(=O)N(CC1=CC=C(F)C=C1)CC1=CC(=CC=C1OS(=O)(=O)C1=CC=C(C=C1)F)Cl,0.00796659323386848
N(CC)C(N(CC(C)C)CC1=CC(=CC=C1OS(=O)(=O)C1=CC=C(C=C1)F)Cl)=O,0.0054225351545028385
C(N(CC1CC1)CC1=C(OS(=O)(=O)C2=CC=C(C=C2)F)C=CC=C1)(C(C)C)=O,0.009054517233744263
C(N(CC1CC1)CC1=C(OS(=O)(=O)C2=CC=C(C=C2)F)C=CC=C1)(COC)=O,0.008598623122088611
C1(=CC=CC=C1F)C(=O)N(CC1=CC=C(F)C=C1)CC1=C(OS(=O)(=O)C2=CC=C(C=C2)F)C=CC=C1,0.008844196097925305
C(N(CCOC)CC1C=CC(OS(C2=CC=CC=C2C(=O)OC(C)C)(=O)=O)=CC=1)(=O)C1C=CC=C(F)C=1,0.009616483794525265
C1(=C(F)C=CC=C1)C(=O)N(CC(C)C)CC1C=C(OS(=O)(=O)C2C=CC(=CC=2)OC)C=CC=1,0.009920414350926877
C(N(CC1=CC=C(F)C=C1)CC1=CC(=CC=C1OS(=O)(=O)C1=CC=C(C=C1)F)Cl)(=O)C1C=CC=C(F)C=1,0.007995268376544119
N(C1C=CC=CC=1OC)C(N(CC(C)C)CC1=CC(=CC=C1OS(=O)(=O)C1=CC=C(C=C1)F)Cl)=O,0.005551215738523752
C(N(CC1CC1)CC1=C(OS(=O)(=O)C2=CC=C(C=C2)F)C=CC=C1)(C1CCC1)=O,0.008941234415397048
C(NC(=O)N(CC1CC1)CC1=C(OS(=O)(=O)C2=CC=C(C=C2)F)C=CC=C1)(C)(C)C,0.006287908996455371
C(N(C(C)CC)CC1=C(OS(=O)(=O)C2=CC=C(C=C2)F)C=CC=C1)(CC(C)C)=O,0.010468701319769024
C(NC(=O)N(CCOC)CC1C=CC(OS(C2=CC=CC=C2C(=O)OC(C)C)(=O)=O)=CC=1)(C)(C)C,0.007621718430891633
C(N(CC(C)C)CC1C=C(OS(=O)(=O)C2C=CC(=CC=2)OC)C=CC=1)(COC)=O,0.010980664193630219
C(N(CC(C)C)CC1=CC(=CC=C1OS(=O)(=O)C1=CC=C(C=C1)F)Cl)(C(C)C)=O,0.008396078809164464
C(N(CC1CC1)CC1=C(OS(=O)(=O)C)C=CC=C1)(=O)C1C=CC=C(F)C=1,0.008989678509533406
C1(=CC=CS1)C(=O)N(CC1CC1)CC1=C(OS(=O)(=O)C2=CC=C(C=C2)F)C=CC=C1,0.007306700898334384
C(NC(=O)N(CC1CC1)CC1=C(OS(=O)(=O)C2=CC=C(C=C2)F)C=CC=C1)C,0.005692911776714027
C(N(CC1=CC=C(F)C=C1)CC1C=CC(OS(=O)(=O)C2C=CC(=CC=2)OC)=CC=1)(C(C)C)=O,0.008872267603874207
C(NC(=O)N(CCOC)CC1C=CC(OS(C2=CC=CC=C2C(=O)OC(C)C)(=O)=O)=CC=1)C,0.007317351433448494
C(NC(=O)N(CC(C)C)CC1C=C(OS(=O)(=O)C2C=CC(=CC=2)OC)C=CC=1)(C)(C)C,0.007485782913863659
C(N(CC(C)C)CC1=CC(=CC=C1OS(=O)(=O)C1=CC=C(C=C1)F)Cl)(C1CCC1)=O,0.00838743660133332
C(N(CC1CC1)CC1=C(OS(=O)(=O)C)C=CC=C1)(COC)=O,0.009960554586723448
C1(=CC=CC=C1Cl)C(=O)N(CC1CC1)CC1=C(OS(=O)(=O)C2=CC=C(C=C2)F)C=CC=C1,0.00835009894799441
C(NC(=O)N(CC1CC1)CC1=C(OS(=O)(=O)C2=CC=C(C=C2)F)C=CC=C1)(C)C,0.006275682710111141
C1(=CC=CS1)C(=O)N(CC1=CC=C(F)C=C1)CC1C=CC(OS(=O)(=O)C2C=CC(=CC=2)OC)=CC=1,0.006856929138302803
C(NC(=O)N(CCOC)CC1C=CC(OS(C2=CC=CC=C2C(=O)OC(C)C)(=O)=O)=CC=1)(C)C,0.0076615844620391725
C(NC(=O)N(CC(C)C)CC1C=C(OS(=O)(=O)C2C=CC(=CC=2)OC)C=CC=1)(C)C,0.007424514833837747
C1(=CC=CS1)C(=O)N(CC(C)C)CC1=CC(=CC=C1OS(=O)(=O)C1=CC=C(C=C1)F)Cl,0.006606634380295873
C(NC(=O)N(CC1CC1)CC1=C(OS(=O)(=O)C)C=CC=C1)C,0.005808290699496866
C(N(CC1CC1)CC1=C(OS(=O)(=O)C2=CC=C(C=C2)F)C=CC=C1)(CC(C)C)=O,0.008592080464586616
C1(NC(=O)N(CC2CC2)CC2=C(OS(=O)(=O)C3=CC=C(C=C3)F)C=CC=C2)C=CC=CC=1OC,0.005681710643693804
C(N(CC1=CC=C(F)C=C1)CC1C=CC(OS(=O)(=O)C2C=CC(=CC=2)OC)=CC=1)(CC(C)(C)C)=O,0.008798017865046859
C1(NC(=O)N(CCOC)CC2C=CC(OS(C3=CC=CC=C3C(=O)OC(C)C)(=O)=O)=CC=2)C=CC=CC=1OC,0.007203320553526282
C1(=C(Cl)C=CC=C1)C(=O)N(CC1=CC=C(F)C=C1)CC1C=C(OS(=O)(=O)C2C=CC(=CC=2)OC)C=CC=1,0.008789771283045412
C(N(CC(C)C)CC1=CC(=CC=C1OS(=O)(=O)C1=CC=C(C=C1)F)Cl)(CC(C)C)=O,0.008680735668167471
C(NC(=O)N(CC1CC1)CC1=C(OS(=O)(=O)C)C=CC=C1)(C)C,0.006423809006810189
C(N(CC1CC1)CC1=C(OS(=O)(=O)C2=CC=C(C=C2)F)C=CC=C1)(CC(C)(C)C)=O,0.00892452416010201
C(N(CC1=CC=C(F)C=C1)CC1=C(OS(=O)(=O)C2=CC=C(C=C2)F)C=CC=C1)(C)=O,0.007647680211812257
C1(=CC=CC=C1F)C(=O)N(CC1=CC=C(F)C=C1)CC1C=CC(OS(=O)(=O)C2C=CC(=CC=2)OC)=CC=1,0.00944916158914566
C(CC)NC(C1CSC(C2CCCCC2)N1C(=O)C1C=CC(C)=CC=1)=O,0.011716579413041472
C(C)(C)NC(C1CSC(C2CCCCC2)N1C(=O)C1C=CC(C)=CC=1)=O,0.011812388757243752
C(CN1C(=O)C(C)SC1C1=CC=C(OC)C(OC)=C1)(NC1C=CC(=CC=1)C)=O,0.007650832668878138
C1CN(CCS1)C(C1=CC=C(COC2C=C3C(N(C(=O)C4CC4)CCC3=CC=2)C2C=CC=C(F)C=2)O1)=O,0.00722790437284857
N1(C2C=CC(F)=C(C)C=2)CCC(C(=O)NCC2=CC=C(F)C=C2)C1=O,0.0062671102816239
N1(C2=CC(C)=CC=C2F)CCC(C(=O)NC2=CC=C(C=C2)C(F)(F)F)C1=O,0.005450919654686004
N1(C2=CC=CC(Br)=C2)CCC(C(=O)NC2=C(F)C=C(F)C=C2)C1=O,0.006530072959139943
N1(C2=CC(Cl)=CC=C2)CCC(C(=O)NC2=C(F)C=C(F)C=C2)C1=O,0.0052183159627020356
N1(C2=CC=C(Br)C=C2)CCC(C(=O)NC2=CC=CC=C2Cl)C1=O,0.008722909819334745
N1(C2=CC=C(Br)C=C2)CCC(C(=O)N2CCC(CC2)CC2C=CC=CC=2)C1=O,0.01205602940171957
C1C=C(CNC(COC2C=C3C(N(C(=O)C4C=CC=CC=4)CCC3=CC=2)C2C=CC=CC=2)=O)C=CC=1F,0.008691731886938215
C(CC(C)C)NC(C(C)OC1C=C2C(N(C(=O)CC)CCC2=CC=1)C1C=CC=CC=1)=O,0.012039515469223262
C1=CC=CC(CN(C)C(COC2C=C3C(N(C(=O)CC(C)C)CCC3=CC=2)C2C=CC=CC=2)=O)=C1,0.013117165025323629
C(F)(F)(F)C1C=CC(=CC=1)C(=O)N1CCC(C(NC(=O)C2=CC=CS2)C(N2CCCCC2)=O)CC1,0.0049286067369394004
C1=C(C=CC=C1NC(=O)N1CCC(C(NC(C2=CC3OCOC=3C=C2)=O)C(N2CCCC2)=O)CC1)Cl,0.004223146778531373
C1=CC2OC=C(C3=CC=C(C(C)(C)C)C=C3)C(=O)C=2C=C1Cl,0.012407350447028875
C1(F)C=C(CNC(C(C)OC2C=C3C(N(C(=O)C4CC4)CCC3=CC=2)C2C=C(C)C=CC=2)=O)C=CC=1,0.008188671572133899
C(C1SC(=CC=1)C1=CC2OCCOC=2C=C1)(=O)N(CC1=CC=CC=C1)CC,0.009731509862467647
C(CC)N(CCC)C(C1CN(CC2C=C(Br)C=CC=2)C(=O)C1)=O,0.015750264469534158
O1CCN(CC1)C(C1C(C2=CC=C(C=C2)NC(=O)C2=CC=CO2)OC(=O)N1CC1C=CC=C(F)C=1)=O,0.006569033791311085
C(C(=O)N(C(C)(C)C)CC(=O)N(CC1CCCO1)CC1=CC=CO1)CCC,0.014552594814449548
C(CC)N(CCC)C(C1CN(CC2C=CC=CC=2)C(=O)C1)=O,0.013506922265514731
C(C(=O)NC1=C(C=CC(C)=C1)N1CCCN(CC2C=C(OC)C=C(OC)C=2)C1=O)C1C=CC=CC=1,0.005139060283545405
C(C(=O)N(C(C)(C)C)CC(=O)N(CC1CCCO1)CC1=CC=CO1)CCCC,0.013452226342633367
C(NC(=O)N(CCC)CC(=O)N(CC1CCCO1)CC1=CC=CO1)CCC,0.005980599392205477
C1=CC(=CC2OCOC1=2)C(=O)N1CCC(C(NC(=O)CC(C)C)C(NCC(C)C)=O)CC1,0.009006199380382895
C1(OC)C=C2CCN(C(C3C=CC=C(F)C=3)=O)C(C3C=C(C(F)(F)F)C=CC=3)C2=CC=1OC,0.00861839260905981
C1(OC)C=C2CCN(C(C3=CC(OC)=C(OC)C(OC)=C3)=O)C(C3C=C(Cl)C=CC=3)C2=CC=1OC,0.01142785525880754
C1(C(OC(C)C)=O)C(C2=CC=C(C)C=C2)CC(=O)N(CC2C=C(F)C=C(F)C=2)C=1C,0.010631362674757838
C1(C2C=CC=CC=2)SC(NC(=O)C(CC)C2C=CC=CC=2)=C(C(=O)OCC)C=1,0.006819248083047569
C1(OC)C=C2CCN(C(C3C=CC(F)=C(F)C=3)=O)C(C3C=C(C(F)(F)F)C=CC=3)C2=CC=1OC,0.00878796197939664
C(C1SC2=C(C=1)COC1C2=CC=CC=1)(=O)N(CC1=CC=CC=C1)C,0.008911278215236962
C1C=C(CNC(C(C)OC2C=C3C(N(C(=O)C4CC4)CCC3=CC=2)C2=CC=C(C)C=C2)=O)C=CC=1F,0.008362378622405232
N(CC1CC2=CC(OC3C=CC=CC=3)=CC=C2O1)C(=O)C1C=CC=CC=1Br,0.010792899318039418
C(C1SC2=C(C=1)CCC1C2=CC(OC)=CC=1)(=O)N(CCC)C,0.012372177327051759
C(C1SC(=CC=1)C1=CC2OCCOC=2C=C1)(=O)N(CC1C=CC=CC=1)C(C)C,0.010578353330492974
C(C(=O)N1CCSC21C(=O)N(CC1=CC(OC)=CC=C1)C1C2=CC(=CC=1)Cl)OC,0.006806373596191406
C1C=C2OC(C(=O)N(CC3=CC=C(Cl)C=C3)CC2=CC=1NC(=O)C1=CC=CC(OC)=C1)CC,0.008079326315782964
N1(CCC2(N(C3C=CC(OC)=CC=3)C(=O)CS2)CC1)C(=O)NC(C)(C)C,0.0046218954492360355
C(C1C=CC(=CC=1)C(=O)N1C2CC([H])(OC3C=CC(F)=CC=3F)CC1CC2)SC1C=CC=CC=1C,0.008617485128343105
C(C1C=CC(=CC=1)C(=O)N1C2CC([H])(OC3C=CC(F)=CC=3F)CC1CC2)SC1C=CC(C)=CC=1,0.008679238520562649
C(NC(=O)N(CCCC)CC(=O)N1CC(=O)N(C2C=C(C)C=CC=2)C1)(C)(C)C,0.006330835097469389
C1C2CC(CC2NC(C2COC3(CCC(C)CC3)N2C(=O)C2=CC=CC=C2F)=O)C1,0.010556959640234708
C1(C(OCC)=O)CN(CCC1)C(C1CN(CC2C=C(OC)C=CC=2)C(=O)C1)=O,0.010041274782270192
C1C=C2OC(C)C(=O)N(CCOC3C=CC=CC=3)CC2=CC=1NC(=O)C(C)C,0.009787113592028617
C(S(=O)(=O)N1CCC(C(NC(=O)C2C=C(C)C=CC=2)C(N2CCOCC2)=O)CC1)(C)C,0.005942796496674419
N1(CCOCC1)C(CN1C2C(C(=O)N(C3C=CC(C)=C(Cl)C=3)C1=O)=CC=CC=2)=O,0.005296672880649567
C(C(=O)N1CC(C(C2=CC=CC(OC)=C2)C1)C(=O)N(CC1=CC=CC=C1)C)C(C)C,0.011754138208925725
C1(NC(C2CC(C3=CC(C)=C(F)C=C3)CN(C(=O)C3C=CC=CC=3)C2)=O)CC1,0.007040178636088967
C1C=C2OC(C(=O)N(CC3=CC=CC=C3Cl)CC2=CC=1NC(=O)C(C)C)CC,0.008224519086070359
C(C(=O)N(C(C)C)CC(=O)N(CC1=CC=C(F)C=C1)CC1SC=CC=1C)CCCC,0.009106137789785862
C(C(=O)NC1C=CC(=CC=1)N1CCCN(CC2=CC(C)=CC(C)=C2)C1=O)C1=CC=CS1,0.005270287860184908
C(NC(=O)N(CC1CC1)CC(=O)N(CC1=CC=C(F)C=C1)CC1=CC=C(C)S1)(C)(C)C,0.005688813119195402
C1C=C2OC(C(=O)N(CC3=CC=C(F)C=C3)CC2=CC=1NC(=O)C1CC1)CC,0.007298845006152988
C1=CC=CC(CN(C)C(C2CC(C3=CC(C)=C(F)C=C3)CN(C(=O)C)C2)=O)=C1,0.00815168519038707
C=CCNC(C1CC(C2C=CC=CC=2)CN(C(=O)CC2=CC=CS2)C1)=O,0.007231048075482249
C1(C=CC=CC=1)CNC(=O)NC1=CC(=CC=C1)N1CCCN(CC2=CC(OC)=CC=C2)C1=O,0.004753003979567438
C1C=C2OC(C)C(=O)N(CCC3=CC=C(F)C=C3)CC2=CC=1NC(=O)C1CC1,0.007196720223873854
C(C1COC2(CCC(C)CC2)N1C(C1=C(C(F)(F)F)C=CC=C1)=O)(=O)NCC(C)C,0.008262330410070717
N(CC(C)C)(C(=O)C)CC1=CC(=C(OC)C=C1)OS(C1C=CC=C(C=1)C(F)(F)F)(=O)=O,0.009260415751487016
C(NC(=O)N(CC(C)C)CC1=CC(OS(=O)(=O)C2C=CC=C(C=2)C(F)(F)F)=C(OC)C=C1)(C)C,0.006430374644696713
C(N(C(C)CC)CC1=C(OS(=O)(=O)C2C=CC=C(C=2)C(F)(F)F)C=CC=C1)(COC)=O,0.007513584825210274
C(N(CC1CCCO1)CC1=C(OS(=O)(=O)C2C=CC=C(C=2)C(F)(F)F)C=CC=C1)(CC(C)(C)C)=O,0.007856973633170127
C(N(CCOC)CC1C=CC(OS(C2=C(Cl)C=CC=C2C)(=O)=O)=CC=1)(CC(C)(C)C)=O,0.009928500466048717
C(C1=CC(OS(=O)(=O)C2C=CC(=CC=2)OC)=C(OC)C=C1)N(C(NCC)=O)CCOC,0.006760060251690447
N(CCOC)(C(=O)C(C)C)CC1=CC(=C(OC)C=C1)OS(C1C=CC=C(C=1)C(F)(F)F)(=O)=O,0.009444193635135888
N(CC(C)C)(C(=O)C1CCC1)CC1=CC(=C(OC)C=C1)OS(C1C=CC=C(C=1)C(F)(F)F)(=O)=O,0.008873130870051682
C1(=CC=CO1)C(=O)N(C(C)CC)CC1=C(OS(=O)(=O)C2C=CC=C(C=2)C(F)(F)F)C=CC=C1,0.00944092245772481
C(NC(=O)N(C(C)CC)CC1=C(OS(=O)(=O)C2C=CC=C(C=2)C(F)(F)F)C=CC=C1)(C)(C)C,0.005733190895989537
C1(=CC=CC=C1F)C(=O)N(CC1CCCO1)CC1=C(OS(=O)(=O)C2C=CC=C(C=2)C(F)(F)F)C=CC=C1,0.006509285420179367
C1(=CC=CC=C1F)C(=O)N(CCOC)CC1C=CC(OS(C2=C(Cl)C=CC=C2C)(=O)=O)=CC=1,0.008036079839803279
C(C1=CC(OS(=O)(=O)C2C=CC(=CC=2)OC)=C(OC)C=C1)N(C(NC(C)C)=O)CCOC,0.0070275885984301565
N(C(C)CC)(C(=O)C)CC1=CC(=C(OC)C=C1)OS(C1C=CC=C(C=1)C(F)(F)F)(=O)=O,0.009102125116623939
N(C(C)CC)(C(=O)COC)CC1=CC(=C(OC)C=C1)OS(C1C=CC=C(C=1)C(F)(F)F)(=O)=O,0.008585246419534088
N(CCOC)(C(NCC)=O)CC1=CC(=C(OC)C=C1)OS(C1C=CC=C(C=1)C(F)(F)F)(=O)=O,0.005890321196056902
C(N(C(C)CC)CC1=C(OS(=O)(=O)C2C=CC=C(C=2)C(F)(F)F)C=CC=C1)(C1CCC1)=O,0.009039236837998033
C(NC(=O)N(C(C)CC)CC1=C(OS(=O)(=O)C2C=CC=C(C=2)C(F)(F)F)C=CC=C1)C,0.00517012276686728
C(N(CC1CCCO1)CC1=C(OS(=O)(=O)C2C=CC=C(C=2)C(F)(F)F)C=CC=C1)(=O)C1C=CC=C(F)C=1,0.006354044261388481
C(N(CCOC)CC1C=CC(OS(C2=C(Cl)C=CC=C2C)(=O)=O)=CC=1)(=O)C1C=CC=C(F)C=1,0.0075426055816933514
N(CCOC)(C(=O)C1=CC=CS1)CC1=CC(=C(OC)C=C1)OS(C1C=CC=C(C=1)C(F)(F)F)(=O)=O,0.007343513751402497
C(NC(=O)N(CCOC)CC1=CC(OS(=O)(=O)C2C=CC=C(C=2)C(F)(F)F)=C(OC)C=C1)(C)C,0.005897462158463896
C1(=CC=CC=C1Cl)C(=O)N(C(C)CC)CC1=C(OS(=O)(=O)C2C=CC=C(C=2)C(F)(F)F)C=CC=C1,0.007364392396993935
C(NC(=O)N(C(C)CC)CC1=C(OS(=O)(=O)C2C=CC=C(C=2)C(F)(F)F)C=CC=C1)(C)C,0.005545859434641897
C(N(CC1CCCO1)CC1=C(OS(=O)(=O)C2C=CC=C(C=2)C(F)(F)F)C=CC=C1)(COC)=O,0.007335520349442959
C(NC(=O)N(CCOC)CC1C=CC(OS(C2=C(Cl)C=CC=C2C)(=O)=O)=CC=1)C,0.005127843853551894
N(CCOC)(C(=O)C1C=CC=CC=1Cl)CC1=CC(=C(OC)C=C1)OS(C1C=CC=C(C=1)C(F)(F)F)(=O)=O,0.008012475213035941
C(N(C(C)CC)CC1=C(OS(=O)(=O)C2C=CC=C(C=2)C(F)(F)F)C=CC=C1)(CC(C)C)=O,0.00897694225423038
C(NC(=O)N(CC1CCCO1)CC1=C(OS(=O)(=O)C2C=CC=C(C=2)C(F)(F)F)C=CC=C1)(C)(C)C,0.005001670913770795
N(C(C)CC)(C(=O)CC(C)C)CC1=CC(=C(OC)C=C1)OS(=O)(=O)C1C=CC(=CC=1)F,0.011214102059602738
N(C(C)CC)(C(=O)C1=CC=CS1)CC1=CC(=C(OC)C=C1)OS(C1C=CC=C(C=1)C(F)(F)F)(=O)=O,0.007423791103065014
C(NC(=O)N(C(C)CC)CC1=CC(OS(=O)(=O)C2C=CC=C(C=2)C(F)(F)F)=C(OC)C=C1)(C)C,0.006301383231766522
N(CCOC)(C(=O)CC(C)C)CC1=CC(=C(OC)C=C1)OS(C1C=CC=C(C=1)C(F)(F)F)(=O)=O,0.009071509260684252
N(CC(C)C)(C(=O)COC)CC1=CC(=C(OC)C=C1)OS(C1C=CC=C(C=1)C(F)(F)F)(=O)=O,0.009004713594913482
C(N(C(C)CC)CC1=C(OS(=O)(=O)C2C=CC=C(C=2)C(F)(F)F)C=CC=C1)(CC(C)(C)C)=O,0.009358974592760205
C1(=CC=CO1)C(=O)N(CC1CCCO1)CC1=C(OS(=O)(=O)C2C=CC=C(C=2)C(F)(F)F)C=CC=C1,0.008417758764699102
C(N(CCOC)CC1C=CC(OS(C2=C(Cl)C=CC=C2C)(=O)=O)=CC=1)(C1CCC1)=O,0.009588224510662258
N(C(C)CC)(C(=O)C1C=CC=CC=1F)CC1=CC(=C(OC)C=C1)OS(=O)(=O)C1C=CC(=CC=1)F,0.009077097102999688
N(C(C)CC)(C(NC1C=CC=CC=1OC)=O)CC1=CC(=C(OC)C=C1)OS(C1C=CC=C(C=1)C(F)(F)F)(=O)=O,0.005097110930364579
N(CCOC)(C(CC(C)(C)C)=O)CC1=CC(=C(OC)C=C1)OS(C1C=CC=C(C=1)C(F)(F)F)(=O)=O,0.009213413903489709
N(CC(C)C)(C(NC(C)(C)C)=O)CC1=CC(=C(OC)C=C1)OS(C1C=CC=C(C=1)C(F)(F)F)(=O)=O,0.006589192943647504
C1(=CC=CC=C1F)C(=O)N(C(C)CC)CC1=C(OS(=O)(=O)C2C=CC=C(C=2)C(F)(F)F)C=CC=C1,0.007201628014445305
C(N(CC1CCCO1)CC1=C(OS(=O)(=O)C2C=CC=C(C=2)C(F)(F)F)C=CC=C1)(C(C)C)=O,0.008009071368724108
C1(=CC=CC=C1Cl)C(=O)N(CCOC)CC1C=CC(OS(C2=C(Cl)C=CC=C2C)(=O)=O)=CC=1,0.00927614001557231
C(N(CCOC)CC1=CC(OS(=O)(=O)C2C=CC(=CC=2)OC)=C(OC)C=C1)(CC(C)C)=O,0.011827282886952162
N(C(C)CC)(C(NCC)=O)CC1=CC(=C(OC)C=C1)OS(=O)(=O)C1C=CC(=CC=1)F,0.006924753612838686
N(CCOC)(C(=O)C1=CC=CO1)CC1=CC(=C(OC)C=C1)OS(C1C=CC=C(C=1)C(F)(F)F)(=O)=O,0.009281228017061948
N(CCOC)(C(=O)C1C=CC=CC=1F)CC1=CC(=C(OC)C=C1)OS(C1C=CC=C(C=1)C(F)(F)F)(=O)=O,0.007851689704693854
N(CC(C)C)(C(NCC)=O)CC1=CC(=C(OC)C=C1)OS(C1C=CC=C(C=1)C(F)(F)F)(=O)=O,0.006021034310106188
C(N(C(C)CC)CC1=C(OS(=O)(=O)C2C=CC=C(C=2)C(F)(F)F)C=CC=C1)(=O)C1C=CC=C(F)C=1,0.006963428133167327
C1(=CC=CC=C1Cl)C(=O)N(CC1CCCO1)CC1=C(OS(=O)(=O)C2C=CC=C(C=2)C(F)(F)F)C=CC=C1,0.006764828250743449
C(N(CCOC)CC1C=CC(OS(C2=C(Cl)C=CC=C2C)(=O)=O)=CC=1)(CC(C)C)=O,0.009645052021369338
C(N(CCOC)CC1=CC(OS(=O)(=O)C2C=CC(=CC=2)OC)=C(OC)C=C1)(COC)=O,0.011221561348065734
C(NC(=O)N(C(C)CC)CC1=CC(OS(=O)(=O)C2=CC=C(C=C2)F)=C(OC)C=C1)(C)C,0.007426279247738421
N(CCOC)(C(=O)C)CC1=CC(=C(OC)C=C1)OS(C1C=CC=C(C=1)C(F)(F)F)(=O)=O,0.008515056781470775
N(CCOC)(C(=O)C1C=CC=C(F)C=1)CC1=CC(=C(OC)C=C1)OS(C1C=CC=C(C=1)C(F)(F)F)(=O)=O,0.007642597984522581
C1N(C(=O)C2=CC=CS2)CC(CN(C2CCCC2)C(=O)C2=CC=C(C)C=C2)OC1,0.010306351678445935
C(C(C)C)NC(C(CC)OC1C=C2C(N(C(=O)C3CC3)CCC2=CC=1)C1C=CC=CC=1)=O,0.011580888973549008
C(CC(C)C)NC(C(CC)OC1C=C2C(N(C(=O)C3CC3)CCC2=CC=1)C1C=CC=CC=1)=O,0.011895587062463164
C1N(C(=O)C2=CC=CO2)CC(CN(C2CCCC2)C(=O)C2=CC=C(C)C=C2)OC1,0.012037123506888747
C1(C(=O)N(CCC)CC(N(CC2=CC=C3OCOC3=C2)CC2SC=CC=2C)=O)CCCC1,0.01174046820960939
CC(=O)N(CC(C)C)CC(=O)N1CCC2SC=CC=2C1COC1=CC=C(C=C1)Cl,0.009139501955360174
CC(=O)N(CCCC)CC(N(CC1=CC=C2OCOC2=C1)CC1SC=CC=1C)=O,0.010736663872376085
C(C(=O)N(C1CCCCC1)CC(N(CC1=CC=C2OCOC2=C1)CC1SC=CC=1C)=O)C,0.010725071793422103
C1(C(=O)N(CCC)CC(N(CC2=CC=C3OCOC3=C2)CC2SC=CC=2C)=O)CCC1,0.011469700047746301
C(NC(=O)N(C1CC1)CC(=O)N1CCC2SC=CC=2C1COC1=CC=C(C=C1)Cl)(C)(C)C,0.0046334188431501385
CC(=O)N(CC(C)CC)CC(=O)N(CC1=CC=C2OCOC2=C1)CC1SC=CC=1C,0.01170601900666952
C(C(=O)N(CCC)CC(N(CC1=CC=C2OCOC2=C1)CC1SC=CC=1C)=O)(C)C,0.011935332138091326
C(N(CC1CCCO1)CC1=CC(=CC=C1OS(=O)(=O)C1=CC=C(C=C1)F)Cl)(C1CCC1)=O,0.008038939768448472
C1(C(=O)N(C(C)C)CC(=O)N2CCC3SC=CC=3C2COC2=C(F)C=CC=C2)C=CC=CC=1,0.00895086987875402
C(C(=O)N(C(CC)C)CC(N(CC1=CC=C2OCOC2=C1)CC1SC=CC=1C)=O)C,0.01078045736066997
C1(C(=O)N(C(C)C)CC(=O)N2CCC3SC=CC=3C2COC2=C(F)C=CC=C2)CCCC1,0.01043482255190611
C(C(=O)N(C(CC)C)CC(N(CC1=CC=C2OCOC2=C1)CC1SC=CC=1C)=O)(C)C,0.012003198219463228
C1(C(=O)N(C(C)C)CC(=O)N2CCC3SC=CC=3C2COC2=CC=C(C=C2)Cl)=CC=CS1,0.008512348728254437
C1(C(=O)N(C(C)C)CC(N(CC2=CC=C3OCOC3=C2)CC2SC=CC=2C)=O)CCCC1,0.011416340479627252
CC(=O)N(C(C)CC)CC(=O)N1CCC2SC=CC=2C1COC1=CC(C)=C(Cl)C=C1,0.009275733400136233
CC(=O)N(CCC)CC(N(CC1=CC=C2OCOC2=C1)CC1SC=CC=1C)=O,0.010249679209664464
C(C(=O)N(C(C)C)CC(N(CC1=CC=C2OCOC2=C1)CC1SC=CC=1C)=O)(C)C,0.01177432807162404
C(C(=O)N(C1CC1)CC(=O)N1CCC2SC=CC=2C1COC1=CC(C)=C(Cl)C=C1)(C)C,0.00972747323103249
C(C(=O)N(C(C)C)CC(N(CC1=CC=C2OCOC2=C1)CC1SC=CC=1C)=O)C,0.010953050525858998
C(C(=O)N(CC(C)C)CC(N(CC1=CC=C2OCOC2=C1)CC1SC=CC=1C)=O)(C)C,0.012424300890415907
C(C(=O)NC1C=CC(=CC=1)N1CCCN(CC2=C(C)C=C(C)C=C2C)C1=O)C1C=CC=CC=1,0.006685936986468732
C(CN1C(=O)C(C)SC1C1=CC=CC=C1F)(N)=O,0.0051238212501630185
N1(C2=CC=CC(Br)=C2)CCC(C(=O)NC2=CC(Cl)=CC=C2)C1=O,0.00792581057175994
C1(CCCN(C1)C(CC1C=C(C=CC=1)N(C(C1=CC(OC)=CC=C1)=O)CC1=CC=C(C)C=C1)=O)C(=O)OCC,0.007781694433651865
C1(=CC=CC=C1)CNC(C1=CC=C(COC2C=C3C(N(C(=O)C4CC4)CCC3=CC=2)C2C=CC=CC=2)O1)=O,0.008976653404533862
N1(C2=CC=C(Br)C=C2)CCC(C(=O)NC2C=CC(=CC=2)C)C1=O,0.009778073988854885
N1(C2C=CC=C(Cl)C=2C)CCC(C(=O)NC2=CC(Cl)=CC=C2)C1=O,0.007182569056749344
N1(C2=CC=C(Br)C=C2)CCC(C(=O)NCC2=CC=C(F)C=C2)C1=O,0.007509735296480358
N1(C2=CC=CC(Br)=C2)CCC(C(=O)NC2=CC=CC=C2)C1=O,0.009039593976922333
C1(C=CC=CC=1)C(C)NC(CC1C=C(C=CC=1)N(C(C1=CC(OC)=CC=C1)=O)CC1=CC=C(C)C=C1)=O,0.009286192734725774
N1(C2=CC=CC(Br)=C2)CCC(C(=O)NC2=CC=C(C=C2)F)C1=O,0.007022855896502733
N1(C2=CC=CC(Br)=C2)CCC(C(=O)NC2C=CC(=CC=2)C)C1=O,0.009388065990060568
N1(CCC(CC1)N(C(CN(CCOC)S(=O)(=O)C1C=CC=CC=1)=O)CC1=CC=C(C)C=C1)C(=O)NC1=CC(OC)=CC=C1,0.003100015327800065
C1(C(=O)N2CCC(C(NC(=O)C3=CC=C(C)C=C3)C(NCC3=CC=CO3)=O)CC2)CCCC1,0.00875208608340472
C(CN1CC2=C(C1=O)C(C1C=CC=C(F)C=1)NC(=O)N2CC)(NCC1=CC=CO1)=O,0.006148025253787636
C(C(=O)NC1=CC(=CC=C1)N1CCCN(CC2C=C(F)C=CC=2F)C1=O)OC,0.003937912976834923
N1(C2=CC(C)=CC=C2F)C(=O)C(C)N(C(=O)C2C=CC=C(F)C=2)CC1,0.006176257249899208
N1(C2C=CC(C)=CC=2C)C(=O)C(C)N(C(=O)CC(C)C)CC1,0.010065916972234846
C=CCNC(=O)NC1=C(C=CC(C)=C1)N1CCCN(CC2C=C(OC)C=C(OC)C=2)C1=O,0.004798502242192626
N1(CCC(C(NC(=O)C2=CC=C(C=C2)F)C(N2CCOCC2)=O)CC1)C(=O)C1CCCC1,0.007171303546056151
N1(C2C=CC=C(Cl)C=2C)C(=O)C(C)N(C(=O)C2=CC=C(C=C2)OC)CC1,0.00705923568457365
N1(CCC2(N(C3C=CC(C)=CC=3)C(=O)CS2)CC1)C(CSC1C=CC=CC=1)=O,0.008032712410204113
C1(C(=O)N2CCC(C(NC(C3=CC4OCOC=4C=C3)=O)C(NCC=C)=O)CC2)C=CC=C(F)C=1,0.0060696812113747
C1N(C(=O)C2=CC(OC)=C(OC)C=C2)CC(CN(CCOC)C(=O)C2=CC=C(C)C=C2)OC1,0.012334414571523667
N1(C2C=CC=C(C=2)C(F)(F)F)CCC(C(=O)NCC2=CC3OCOC=3C=C2)C1=O,0.0064840528415516015
C1N(C(=O)C2C=CC(Cl)=C(Cl)C=2)CC(COC2=CC(F)=C(F)C=C2)OC1,0.00851246640086174
C1N(C(=O)CC2=CC=CS2)CC(COC2=CC(C)=CC=C2F)OC1,0.00696648214943707
C1N(C(COC2C=CC=CC=2)=O)CC(COC2=CC=C(OC)C=C2)OC1,0.011675722105428577
O1CCN(CC1)C(C1=CC=C(CN2C(=O)CC(C3=CC=CC=C3)NC2=O)C=C1)=O,0.0023360472929198294
N1(C2=C(F)C=C(F)C=C2)CCC(C(=O)NC2C=CC(=CC=2)C)C1=O,0.006210094643756747
C1N(C(=O)C2C=CC(F)=CC=2)CC(COC2=CC=C(F)C=C2)OC1,0.008128098654560744
N1(C2=C(F)C=C(F)C=C2)CCC(C(=O)NCC2=CC3OCOC=3C=C2)C1=O,0.00751841813325882
C1N(C(=O)C2=CC=C(C=C2)OC)CC(COC2=CC=C(F)C=C2)OC1,0.00863258307799697
N1(C2=CC(Cl)=C(Cl)C=C2)CCC(C(=O)NC2C=CC(=CC=2)OC)C1=O,0.008375391573645174
N1(C2=CC(Cl)=C(Cl)C=C2)CCC(C(=O)NCC2=CC3OCOC=3C=C2)C1=O,0.007768004713580012
N1(C2=CC(OC)=CC(OC)=C2)CCC(C(=O)NC2=CC=C(C=C2)F)C1=O,0.007493364880792797
C1N(C(COC2=CC=C(C=C2)Cl)=O)CC(COC2=CC=C(F)C=C2)OC1,0.00793660944327712
N1(C2=CC=C(OCC3C=CC=CC=3)C=C2)CCC(C(=O)N(C)CC2=CC=CC=C2)C1=O,0.011286826012656093
C1C=C(CNC(C(CC)OC2C=C3C(N(C(=O)CC)CCC3=CC=2)C2C=CC=CC=2)=O)C=CC=1F,0.007858669105917215
N1(C2=CC(OC)=CC(OC)=C2)CCC(C(=O)NCC)C1=O,0.007780957315117121
C1N(C(=O)C2C=CC=C(F)C=2)CC(COC2=CC=C(F)C=C2)OC1,0.00785757282283157
C1(=CC=CC=C1)CNC(C(CC)OC1C=C2C(N(C(=O)C)CCC2=CC=1)C1C=CC(F)=CC=1)=O,0.007937889057211578
N1(C2=CC=C(OCC3C=CC=CC=3)C=C2)CCC(C(=O)N(C)CC2OC=CC=2)C1=O,0.010303749283775688
C1C=C(CNC(C2=CC=C(COC3C=C4C(N(C(=O)CC)CCC4=CC=3)C3C=CC=CC=3)O2)=O)C=CC=1F,0.006909523601643741
C(CC)NC(C1=CC=C(COC2C=C3C(N(C(=O)C4=CC=CO4)CCC3=CC=2)C2C=CC=CC=2)O1)=O,0.009734342200681567
N1(C2=CC=C3C=CC=CC3=C2)CCC(C(=O)NC2=CC=C(C=C2)C(F)(F)F)C1=O,0.005162576050497592
C(C)(C)NC(C(CC)OC1C=C2C(N(C(=O)CC)CCC2=CC=1)C1C=CC=C(F)C=1)=O,0.008525546151213348
C(C)(C)NC(C(CC)OC1C=C2C(N(C(=O)CC)CCC2=CC=1)C1C=C(C)C=CC=1)=O,0.011657098308205605
C1(=CC=CC=C1)CNC(C(C)OC1C=C2C(N(C(=O)C3CCCC3)CCC2=CC=1)C1C=CC=CC=1)=O,0.010704545211046934
N1(C2=CC=C(C=C2)F)CCC(C(=O)NC2=CC=C(C=C2)C(F)(F)F)C1=O,0.004924718767870218
C1(F)C=C(CNC(C(C)OC2C=C3C(N(C(=O)C4CCCC4)CCC3=CC=2)C2C=CC=CC=2)=O)C=CC=1,0.008166480995714664
N1(C2=CC=C(C=C2)F)CCC(C(=O)NC2=CC(Cl)=CC=C2)C1=O,0.005548291013110429
C1(=CC=C(C=C1)F)NC(C1=CC=C(COC2C=C3C(N(C(=O)CC)CCC3=CC=2)C2C=CC=CC=2)O1)=O,0.006754865730181336
C1C=C(C=CC=1)NC(C1=CC=C(C=C1)C=C1SC(=O)N(CC2C=CC=C(F)C=2)C1=O)=O,0.003050993522629142
N(CCC1=CC=CC=C1)C(COC1C=C2N(CCC)C(=O)C=C(C(C)C)C2=CC=1)=O,0.009323746059089899
C(F)(F)(F)C1=CC=CC(CNC(C2=CC=C(C=C2)C=C2SC(=O)N(CC3C=CC=C(F)C=3)C2=O)=O)=C1,0.0027969576534815133
N(CCOC)C(COC1C=C2N(CCC)C(=O)C=C(C(C)C)C2=CC=1)=O,0.0076682490296661856
N1(CCC(CC1)N(C(CN(CCC(C)C)S(=O)(=O)CCC)=O)CC1=C(C)C=CC=C1)C(=O)NC1=CC(OC)=CC=C1,0.0040589964832179245
C1(NC(C2=CC=C(C=C2)C=C2SC(=O)N(CC3C=CC=C(F)C=3)C2=O)=O)CC1,0.0033935192157514395
N1(C2=CC=C(Cl)C=C2)CCC(C(=O)NC2C=CC=C(C=2)C(F)(F)F)C1=O,0.005146752891596407
C1(=CC=CC=C1)CCNC(C1=CC=C(C=C1)C=C1SC(=O)N(CC2C=CC=C(F)C=2)C1=O)=O,0.003233452350832522
N1(CCC(CC1)N(CC1C=CC(F)=CC=1)C(CN(CC(C)C)S(=O)(=O)C1C=CC(=CC=1)Cl)=O)C(=O)NCC1C=CC=CC=1,0.0031238682160619645
N1(CCC(CC1)N(CC1C=CC(F)=CC=1)C(CN(CC(C)C)S(=O)(=O)C1C=CC(=CC=1)Cl)=O)C(=O)NC1=CC=CC=C1,0.0031551881111226976
N1(CCC(CC1)N(C(CN(CCOC)S(=O)(=O)C1C=CC=CC=1)=O)CC1=CC=C(C)C=C1)C(C1=C2C=CC=CC2=CC=C1)=O,0.005369320325553417
C1=CC(CNC(C2=CC=C(C=C2)C=C2SC(=O)N(CC3=CC=CC=C3)C2=O)=O)=CC2OCOC1=2,0.0032036078278906643
C1C(OC)=C(CCNC(C2CCC(C3=CC=C(F)C=C3)N(C(NCCCC)=O)C2)=O)C=CC=1,0.00435740853426978
C1(=CC=CC=C1)CNC(COC1C=C2C(N(C(=O)C(C)(C)C)CCC2=CC=1)C1C=CC(F)=CC=1)=O,0.008636422385461629
N1(CCC(CC1)N(C(CN(CCOC)S(=O)(=O)C1C=CC=CC=1)=O)CC1=CC=C(C)C=C1)C(C1C=CC2C=CC=CC=2C=1)=O,0.005351646663621068
C1(C)C=C(CNC(C2=CC=C(C=C2)C=C2SC(=O)N(CC3=CC=CC=C3)C2=O)=O)C=CC=1,0.004072472569532692
C1C=C(CNC(COC2C=C3C(N(C(=O)C(C)(C)C)CCC3=CC=2)C2C=CC(F)=CC=2)=O)C=CC=1F,0.008448235876858234
C(CCN1C(=O)C(C)SC1C1C=CC=CC=1C)(NCC1=CC=C(F)C=C1)=O,0.006314502353779972
C(F)(F)(F)C1C=CC(=CC=1)NC(=O)N1CCC(CC1)CN1C(=O)CSC1C1=CC(OC)=CC=C1OC,0.0035535510280169545
C(CCN1C(=O)CSC1C1C=CC=C(F)C=1)(NCC1=CC=C(F)C=C1)=O,0.005274131614714861
C(CCN1C(=O)C(C)SC1C1C=CC=C(F)C=1)(NCC1=CC=C(F)C=C1)=O,0.0055041636107489465
C1C=C(C=CC=1C)NC(=O)NC1C=CC(=CC=1)N1CCCN(C(C)C2=CC=CC=C2)C1=O,0.006557224364951253
C(C1COC2(CCN(CC2)C(=O)C(C)C)N1C(=O)C1C=CC=CC=1)(=O)NCC1=CC=C2OCOC2=C1,0.007334640249609947
C(CCN1C(=O)C(C)SC1C1C=CC=C(F)C=1)(N(C)C)=O,0.006509976228699088
C1(C(=O)NC2=C(C=CC(C)=C2)N2CCCN(CC3C=C(OC)C=C(OC)C=3)C2=O)C=CC=C(F)C=1,0.004833095765206963
C(CCN1C(=O)C(C)SC1C1C=CC=CC=1C)(NC1C=CC(=CC=1)C)=O,0.008067931095138193
O1CCN(CC1)C(C1=CC=C(C=C1)C=C1SC(=O)N(CC2=CC(Cl)=CC=C2)C1=O)=O,0.0036846687900833784
O=C(C(C1=CC=CC=C1)N1C2C(C(=O)N(CC)C1=O)=CC=CC=2)NCC(C)C,0.007075577089563012
O=C(C(C1=CC=CC=C1)N1C2C(C(=O)N(CC)C1=O)=CC=CC=2)NCC1C=CC=C(C=1)C(F)(F)F,0.0051664502127096055
C1CC(C(=O)OCC)CCN1C(CC1C=C(C=CC=1)N(C(=O)C1CCCC1)CC1=CC=CC=C1)=O,0.00992536274716258
CC(=O)N(C1CCCCC1)CC(N(CC1=CC=C(F)C=C1)CC1=CC=C(C)S1)=O,0.009576800232753157
C1(C(=O)N2CCC(C(NC(=O)C3C=CC=CC=3)C(NCC(C)C)=O)CC2)C=CC=CC=1,0.008376646996475756
C(CCN1C(=O)C(C)SC1C1=CC=CC=C1F)(NCC)=O,0.005013357242569327
C1(C(=O)N2CC(C(C3=CC=CC=C3C)C2)C(=O)NCCOC)=CC=CO1,0.008385371370241045
C1(C(=O)N2CC(C(C3=CC=CC=C3OC)C2)C(=O)NCCCOC)C=CC=CC=1,0.007839377457275986
C(C(=O)N1CC(C(C2=CC=CC(F)=C2)C1)C(=O)NCCC(C)C)C1C=CC=CC=1,0.008150755264796316
N1(CC=C)C(=O)NC(C2C(=O)N(CC3CCCO3)CC1=2)C1C=CC=C(C=1)OCC1C=CC=CC=1,0.005833594780415297
C1(=CC=CC=C1Cl)C(=O)N(CC1=CC=CO1)CC1=CC(OS(=O)(=O)C2=CC(Cl)=C(C=C2)Cl)=C(OC)C=C1,0.009525873186066746
C(C1=CC(OS(=O)(=O)C2=CC(Cl)=C(C=C2)Cl)=C(OC)C=C1)N(C(NC1C=CC=CC=1OC)=O)CC1=CC=CO1,0.005750819016247988
C1(=CC=CC=C1F)C(=O)N(CCOC)CC1=CC(OS(=O)(=O)C2=CC(Cl)=C(C=C2)Cl)=C(OC)C=C1,0.00885885979514569
C(N(C(C)C)CC1=CC(OS(=O)(=O)C2=CC(Cl)=C(C=C2)Cl)=C(OC)C=C1)(C1CCC1)=O,0.010808161040768028
C(C1=CC(OS(=O)(=O)C2=CC(Cl)=C(C=C2)Cl)=C(OC)C=C1)N(C(NCC)=O)C(C)C,0.006666108593344688
C1(=CC=CC=C1F)C(=O)N(C1CC1)CC1=CC(OS(=O)(=O)C2=CC(Cl)=C(C=C2)Cl)=C(OC)C=C1,0.009051127335987985
C(N(CC1=CC=CO1)CC1=CC(OS(=O)(=O)C2=CC(Cl)=C(C=C2)Cl)=C(OC)C=C1)(CC(C)(C)C)=O,0.010438611451536416
C(N(CCOC)CC1=CC(OS(=O)(=O)C2=CC(Cl)=C(C=C2)Cl)=C(OC)C=C1)(=O)C1C=CC=C(F)C=1,0.008614253182895482
C1(=CC=CS1)C(=O)N(C(C)C)CC1=CC(OS(=O)(=O)C2=CC(Cl)=C(C=C2)Cl)=C(OC)C=C1,0.00894767390564084
C1(=CC=CO1)C(=O)N(C1CC1)CC1=CC(OS(=O)(=O)C2=CC(Cl)=C(C=C2)Cl)=C(OC)C=C1,0.010757974814623594
C(N(C1CC1)CC1=CC(OS(=O)(=O)C2=CC(Cl)=C(C=C2)Cl)=C(OC)C=C1)(=O)C1C=CC=C(F)C=1,0.008857947238720954
C1(=CC=CC=C1F)C(=O)N(CC1=CC=CO1)CC1=CC(OS(=O)(=O)C2=CC(Cl)=C(C=C2)Cl)=C(OC)C=C1,0.008921289537101983
C(N(CCOC)CC1=CC(OS(=O)(=O)C2=CC(Cl)=C(C=C2)Cl)=C(OC)C=C1)(C(C)C)=O,0.011375132109969854
C(N(CCOC)CC1=CC(OS(=O)(=O)C2=CC(Cl)=C(C=C2)Cl)=C(OC)C=C1)(COC)=O,0.010724362963810564
C1(=CC=CC=C1Cl)C(=O)N(C(C)C)CC1=CC(OS(=O)(=O)C2=CC(Cl)=C(C=C2)Cl)=C(OC)C=C1,0.010723179951310158
C(N(C1CC1)CC1=CC(OS(=O)(=O)C2=CC(Cl)=C(C=C2)Cl)=C(OC)C=C1)(C(C)C)=O,0.010718881711363792
C(N(C1CC1)CC1=CC(OS(=O)(=O)C2=CC(Cl)=C(C=C2)Cl)=C(OC)C=C1)(COC)=O,0.01008778354153037
C1(=CC=CS1)C(=O)N(C(C)C)CC1C=CC(OS(C2=CC=CC=C2C(OCCCC)=O)(=O)=O)=CC=1,0.007993142399936915
C(N(CC1=CC=CO1)CC1=CC(OS(=O)(=O)C2=CC(Cl)=C(C=C2)Cl)=C(OC)C=C1)(=O)C1C=CC=C(F)C=1,0.008686293661594392
C(N(CCOC)CC1=CC(OS(=O)(=O)C2=CC(Cl)=C(C=C2)Cl)=C(OC)C=C1)(C1CCC1)=O,0.010092281037941575
C(C1=CC(OS(=O)(=O)C2=CC(Cl)=C(C=C2)Cl)=C(OC)C=C1)N(C(NC(C)(C)C)=O)CCOC,0.0064194950507953765
C(N(C(C)C)CC1=CC(OS(=O)(=O)C2=CC(Cl)=C(C=C2)Cl)=C(OC)C=C1)(CC(C)(C)C)=O,0.011789347045123577
C(N(C1CC1)CC1=CC(OS(=O)(=O)C2=CC(Cl)=C(C=C2)Cl)=C(OC)C=C1)(C1CCC1)=O,0.01102015171200037
C(C1=CC(OS(=O)(=O)C2=CC(Cl)=C(C=C2)Cl)=C(OC)C=C1)N(C(NC(C)(C)C)=O)C1CC1,0.00659089395776391
C1(=CC=CO1)C(=O)N(CC1=CC=CO1)CC1=CC(OS(=O)(=O)C2=CC(Cl)=C(C=C2)Cl)=C(OC)C=C1,0.010914256051182746
C(N(CC1=CC=CO1)CC1=CC(OS(=O)(=O)C2=CC(Cl)=C(C=C2)Cl)=C(OC)C=C1)(COC)=O,0.009773924434557556
C1(=CC=CS1)C(=O)N(CCOC)CC1=CC(OS(=O)(=O)C2=CC(Cl)=C(C=C2)Cl)=C(OC)C=C1,0.008181370003148914
C(C1=CC(OS(=O)(=O)C2=CC(Cl)=C(C=C2)Cl)=C(OC)C=C1)N(C(NCC)=O)CCOC,0.006027696677483619
C1(=CC=CC=C1F)C(=O)N(C(C)C)CC1=CC(OS(=O)(=O)C2=CC(Cl)=C(C=C2)Cl)=C(OC)C=C1,0.00945012818556279
C1(=CC=CS1)C(=O)N(C1CC1)CC1=CC(OS(=O)(=O)C2=CC(Cl)=C(C=C2)Cl)=C(OC)C=C1,0.00816254287492484
C(N(CC1=CC=CO1)CC1=CC(OS(=O)(=O)C2=CC(Cl)=C(C=C2)Cl)=C(OC)C=C1)(C(C)C)=O,0.010503413574770092
C(C1=CC(OS(=O)(=O)C2=CC(Cl)=C(C=C2)Cl)=C(OC)C=C1)N(C(NC(C)(C)C)=O)CC1=CC=CO1,0.006324401777237654
C1(=CC=CC=C1Cl)C(=O)N(CCOC)CC1=CC(OS(=O)(=O)C2=CC(Cl)=C(C=C2)Cl)=C(OC)C=C1,0.010187024855986238
C(N(C(C)C)CC1=CC(OS(=O)(=O)C2=CC(Cl)=C(C=C2)Cl)=C(OC)C=C1)(=O)C1C=CC=C(F)C=1,0.00879587905947119
C1(=CC=CC=C1Cl)C(=O)N(C1CC1)CC1=CC(OS(=O)(=O)C2=CC(Cl)=C(C=C2)Cl)=C(OC)C=C1,0.01054909247905016
C(C1=CC(OS(=O)(=O)C2=CC(Cl)=C(C=C2)Cl)=C(OC)C=C1)N(C(NC(C)C)=O)C1CC1,0.006478673755191266
C(N(CC1=CC=CO1)CC1=CC(OS(=O)(=O)C2=CC(Cl)=C(C=C2)Cl)=C(OC)C=C1)(C1CCC1)=O,0.009599362965673208
C(C1=CC(OS(=O)(=O)C2=CC(Cl)=C(C=C2)Cl)=C(OC)C=C1)N(C(NCC)=O)CC1=CC=CO1,0.005930868908762932
C(N(CCOC)CC1=CC(OS(=O)(=O)C2=CC(Cl)=C(C=C2)Cl)=C(OC)C=C1)(CC(C)C)=O,0.010582932503893971
C(N(C(C)C)CC1=CC(OS(=O)(=O)C2=CC(Cl)=C(C=C2)Cl)=C(OC)C=C1)(C)=O,0.010502644116058946
C(N(C(C)C)CC1=CC(OS(=O)(=O)C2=CC(Cl)=C(C=C2)Cl)=C(OC)C=C1)(COC)=O,0.010822258656844497
C(N(C1CC1)CC1=CC(OS(=O)(=O)C2=CC(Cl)=C(C=C2)Cl)=C(OC)C=C1)(CC(C)C)=O,0.010602176003158093
C(C1=CC(OS(=O)(=O)C2=CC(Cl)=C(C=C2)Cl)=C(OC)C=C1)N(C(NC1C=CC=CC=1OC)=O)C1CC1,0.005753345182165503
C1(=CC=CS1)C(=O)N(CC1=CC=CO1)CC1=CC(OS(=O)(=O)C2=CC(Cl)=C(C=C2)Cl)=C(OC)C=C1,0.008171660313382744
C(C1=CC(OS(=O)(=O)C2=CC(Cl)=C(C=C2)Cl)=C(OC)C=C1)N(C(NC(C)C)=O)CC1=CC=CO1,0.006279867212288082
C(N(CCOC)CC1=CC(OS(=O)(=O)C2=CC(Cl)=C(C=C2)Cl)=C(OC)C=C1)(CC(C)(C)C)=O,0.010807047272101045
C(N(C(C)C)CC1=CC(OS(=O)(=O)C2=CC(Cl)=C(C=C2)Cl)=C(OC)C=C1)(C(C)C)=O,0.012037353636696935
C(C1=CC(OS(=O)(=O)C2=CC(Cl)=C(C=C2)Cl)=C(OC)C=C1)N(C(NC(C)(C)C)=O)C(C)C,0.007314573274925351
C(N(C1CC1)CC1=CC(OS(=O)(=O)C2=CC(Cl)=C(C=C2)Cl)=C(OC)C=C1)(CC(C)(C)C)=O,0.010725461365655064
C(CN1CC2=C(C1=O)C(C1C=CSC=1)NC(=O)N2C)(NC1CC1)=O,0.005648861965164542
C(C(C)(C)N1CC2=C(C1=O)C(C1C=CC(=CC=1)C)NC(=O)N2CC)(NC1CC1)=O,0.007600993686355651
C(CN1CC2=C(C1=O)C(C1C=CSC=1)NC(=O)N2CC)(N1CCC(CC1)C(OCC)=O)=O,0.006421280559152365
C1C(CCC2C=CC(C3C=CC=CC=3)=CC=2)CCN(C(C2=C(F)C(=CC(F)=C2F)F)=O)C1,0.0101857197470963
N(CCC1C=CC(OC)=C(OC)C=1)C(COC1C=C2N(CC)C(=O)C=C(C)C2=CC=1)=O,0.008471729839220643
C1N(C(=O)C2=CC=C(C=C2)OC)CC(COC2=CC=CC=C2OC)OC1,0.012059126514941454
N1(CCC(C(N[C@H]2[C@H](NC(=O)C3C=CC(F)=CC=3)CCCC2)=O)CC1)C(C(C)(C)CCl)=O,0.005672628432512284
N1(CCC(CC1)N(C(CN(CCC)S(=O)(=O)CC)=O)CC1=C(C)C=CC=C1)C(C1CCCCC1)=O,0.008615842880681157
N1(CCC(CC1)N(C(CN(CCC)S(=O)(=O)CC)=O)CC1=C(C)C=CC=C1)C(C1C=CC=C(C=1)C(F)(F)F)=O,0.004475273238494992
N1(CCC(CC1)N(C(CN(CCC)S(=O)(=O)CC)=O)CC1=C(C)C=CC=C1)C(NC1=CC=CC(Cl)=C1)=O,0.0034985410049557684
N1(CCC(CC1)N(C(CN(CCC)S(=O)(=O)CC)=O)CC1=C(C)C=CC=C1)S(=O)(=O)C1=CC=C(C=C1)Cl,0.0062003022525459524
N1(CCC(CC1)N(C(CN(CCOC)S(=O)(=O)CCC)=O)CC1=CC(Cl)=CC=C1)C(=O)C1CCCC1,0.006883426196873188
N1(CCC(N(C(=O)CN(CCOC)S(=O)(=O)CC)CC2C=C(F)C=CC=2)CC1)C(=O)C1C=CC(Cl)=CC=1Cl,0.005078168876934797
C1C=C(CNC(CCCN2C(=O)COC3C2=CC(C(COC2C=CC=CC=2C)=O)=CC=3)=O)C=CC=1F,0.008184621506370605
N(CCOC)(C(=O)C1=CC=C(CCCCCC)C=C1)CC1=CC(=C(OC)C=C1)OS(=O)(=O)C1C=CC(=CC=1)F,0.008230467280372977
C12CC(C(C)(C)C)CCC=1C(C(=O)OCC)=C(NC(=O)C1=C(C)OC(C)=C1)S2,0.009938853327184916
N1(CCC(CC1)N(C(CN(CCC)S(=O)(=O)CC)=O)CC1=C(C)C=CC=C1)C(=O)C1CC1,0.008249516994692386
N1(CCC(CC1)N(C(CN(CCC)S(=O)(=O)CC)=O)CC1=C(C)C=CC=C1)C(C1=CC(Br)=CC=C1)=O,0.007031062687747181
N1(CCC(CC1)N(C(CN(CCC)S(=O)(=O)CC)=O)CC1=C(C)C=CC=C1)C(NCC1C=CC=CC=1)=O,0.004029485129285604
N1(CCC(CC1)N(C(CN(CCC)S(=O)(=O)CC)=O)CC1=C(C)C=CC=C1)S(=O)(=O)C1C=CC=CC=1,0.006980528309941292
N1(CCC(CC1)N(C(CN(CCOC)S(=O)(=O)CCC)=O)CC1=CC(Cl)=CC=C1)C(=O)C1CCC1,0.0068228826858103275
N1(CCC(N(C(=O)CN(CCOC)S(=O)(=O)CC)CC2C=C(F)C=CC=2)CC1)C(=O)C(C)C,0.006781022273935377
N(CC(C)C)(C(=O)C1=CC=C(CCCCC)C=C1)CC1=CC(=C(OC)C=C1)OS(=O)(=O)CC,0.013470148621127009
N1(CCC(CC1)N(C(CN(CCC)S(=O)(=O)CC)=O)CC1=C(C)C=CC=C1)C(=O)CCC1CCCC1,0.008771989750675857
N1(CCC(CC1)N(C(CN(CCC)S(=O)(=O)CC)=O)CC1=C(C)C=CC=C1)C(C1=CC=C(Br)C=C1)=O,0.007092092745006084
N1(CCC(CC1)N(C(CN(CCC)S(=O)(=O)CC)=O)CC1=C(C)C=CC=C1)S(CC1=CC=CC=C1)(=O)=O,0.007031590351834894
N1(CCC(CC1)N(C(CN(CCOC)S(=O)(=O)CCC)=O)CC1=CC(Cl)=CC=C1)C(=O)CC(C)C,0.006950658955611288
N1(CCC(N(C(=O)CN(CCOC)S(=O)(=O)CC)CC2C=C(F)C=CC=2)CC1)C(=O)C,0.006387146771885455
C1(C(C)C)SC(NC(C2C=CC=C(Cl)C=2)=O)=C(C(=O)OCC)C=1,0.00552432956174016
N1(CCC(CC1)N(C(CN(CCC)S(=O)(=O)CC)=O)CC1=C(C)C=CC=C1)C(CC(C)(C)C)=O,0.009234183887019753
N1(CCC(CC1)N(C(CN(CCC)S(=O)(=O)CC)=O)CC1=C(C)C=CC=C1)C(C1=CC2OCOC=2C=C1)=O,0.00625733204651624
N1(CCC(CC1)N(C(CN(CCC)S(=O)(=O)CC)=O)CC1=C(C)C=CC=C1)C(NC1=C(F)C=C(F)C=C1)=O,0.0032933361479081215
N1(CCC(CC1)N(C(CN(CCC)S(=O)(=O)CC)=O)CC1=C(C)C=CC=C1)S(=O)(=O)C1C=CC2=CC=CC=C2C=1,0.005978245195001364
N1(CCC(CC1)N(C(CN(CCOC)S(=O)(=O)CCC)=O)CC1=CC(Cl)=CC=C1)C(=O)COCC1C=CC=CC=1,0.0056216468336060645
C1(=CC=CC=C1)CNC(C1=CC(CN2C(=O)CC(C3=CC=CC=C3)NC2=O)=CC=C1)=O,0.002469456446124241
N1(CCC(CC1)N(C(CN(CCC)S(=O)(=O)CC)=O)CC1=C(C)C=CC=C1)C(=O)C(C1C=CC=CC=1)C1C=CC=CC=1,0.0067499438533559445
N1(CCC(CC1)N(C(CN(CCC)S(=O)(=O)CC)=O)CC1=C(C)C=CC=C1)C(=O)CC(C)C,0.008414194569922984
N1(CCC(CC1)N(C(CN(CCC)S(=O)(=O)CC)=O)CC1=C(C)C=CC=C1)C(NCC(=O)OCC)=O,0.004402190761175007
N1(CCC(CC1)N(C(CN(CCC)S(=O)(=O)CC)=O)CC1=C(C)C=CC=C1)S(=O)(=O)CC,0.008051856537349522
N1(CCC(CC1)N(C(CN(CCOC)S(=O)(=O)CCC)=O)CC1=CC(Cl)=CC=C1)C(NCC(=O)OCC)=O,0.0038849875214509665
N1(CCC(CC1)N(C(CN(CCC)S(=O)(=O)CC)=O)CC1=C(C)C=CC=C1)C(=O)C1C=CC(Cl)=C(Cl)C=1,0.006032531824894249
N1(CCC(CC1)N(C(CN(CCC)S(=O)(=O)CC)=O)CC1=C(C)C=CC=C1)C(=O)COCC1C=CC=CC=1,0.006693074060603976
N1(CCC(CC1)N(C(CN(CCC)S(=O)(=O)CC)=O)CC1=C(C)C=CC=C1)C(NC1=C(OC)C=CC=C1)=O,0.0037642191164195538
N1(CCC(CC1)N(C(CN(CCOC)S(=O)(=O)CCC)=O)CC1=CC(Cl)=CC=C1)C(=O)C(C)(C)C,0.0073609557701274754
N1(CCC(CC1)N(C(CN(CCOC)S(=O)(=O)CCC)=O)CC1=CC(Cl)=CC=C1)S(=O)(=O)C,0.006693728920072317
N1(CCC(CC1)N(C(CN(CCC)S(=O)(=O)CC)=O)CC1=C(C)C=CC=C1)C(=O)C1C=CC(=CC=1)C(C)(C)C,0.007379731279797852
N1(CCC(CC1)N(C(CN(CCC)S(=O)(=O)CC)=O)CC1=C(C)C=CC=C1)C(NC1C=CC(Cl)=C(Cl)C=1)=O,0.0035380715038627387
N1(CCC(CC1)N(C(CN(CCC)S(=O)(=O)CC)=O)CC1=C(C)C=CC=C1)C(NC1=CC=C(OC)C=C1)=O,0.0036575814010575414
N1(CCC(CC1)N(C(CN(CCOC)S(=O)(=O)CCC)=O)CC1=CC(Cl)=CC=C1)C(=O)C(C)C,0.0073085831012576815
N1(CCC(N(C(=O)CN(CCOC)S(=O)(=O)CC)CC2C=C(F)C=CC=2)CC1)C(=O)C(C)(C)C,0.006909519690088928
N1(CCC(CC1)N(C(CN(CCC)S(=O)(=O)CC)=O)CC1=C(C)C=CC=C1)C(=O)C1C=CC(Cl)=CC=1,0.006078477716073394
N1(CCC(CC1)N(C(CN(CCC)S(=O)(=O)CC)=O)CC1=C(C)C=CC=C1)C(=O)C1C=CC2C=CC=CC=2C=1,0.005952070374041796
N1(CCC(CC1)N(C(CN(CCC)S(=O)(=O)CC)=O)CC1=C(C)C=CC=C1)C(NC1CCCCC1)=O,0.004982838337309658
N1(CCC(CC1)N(C(CN(CCOC)S(=O)(=O)CCC)=O)CC1=CC(Cl)=CC=C1)C(=O)C1CC1,0.006778845097869635
N1(CCC(N(C(=O)CN(CCOC)S(=O)(=O)CC)CC2C=C(F)C=CC=2)CC1)C(=O)C1=CC=C(C=C1)OC,0.005782425217330456
C1C=C2OC(C(=O)N(CC3=CC=C(OC)C=C3)CC2=CC=1NC(=O)C1C=C(OC)C=C(OC)C=1)CC,0.008926471206359565
C(C(=O)NC1=C(C=CC(C)=C1)N1CCCN(CC2=CC(OC)=CC=C2)C1=O)C1C=CC(F)=CC=1,0.00470285709016025
C(C1SC(=CC=1)C1=CC=C(OCC)C=C1)(=O)NCC1CCCCCC1,0.01217211172915995
C(C1SC(=CC=1)C1C=CC(=CC=1)OC1=CC=CC=C1)(=O)N(C1CCCCC1)CC=C,0.012053854065015912
N1(CCC(CC1)N(CC1C=CC(F)=CC=1)C(CN(CCC)S(=O)(=O)CCC)=O)C(=O)C1=CC=CS1,0.004895509593188763
C(C1SC(=CC=1)C1=CC(C(F)(F)F)=CC=C1)(=O)NCC1CCCCCC1,0.00678757494315505
C1(=CC=CC=C1F)C(=O)N(C(C)C)CC1C=CC(OS(C2=CC=CC=C2C(OCCCC)=O)(=O)=O)=CC=1,0.008078124467283487
C1(=CC=CC=C1F)C(=O)N(CC1=CC=CO1)CC1C=CC(OS(C2=CC=CC=C2C(OCCCC)=O)(=O)=O)=CC=1,0.00759019898250699
C1(C(=O)N(CC2=CC=C(F)C=C2)CC2=CC=CC(=C2)OS(=O)(=O)C2C=CC(=CC=2)F)C=CC=C(F)C=1,0.008603135263547302
C1(NC(=O)N(CC2=CC=C(F)C=C2)CC2=CC=CC(=C2)OS(=O)(=O)C2C=CC(=CC=2)F)C=CC=CC=1OC,0.006115180323831737
C1(=CC=CC=C1Cl)C(=O)N(CC1CC1)CC1C=CC(OS(=O)(=O)C2C=CC(=CC=2)OC)=CC=1,0.009785897377878428
C(N(CC1CC1)CC1C=CC(OS(=O)(=O)C2C=CC(=CC=2)OC)=CC=1)(C1CCC1)=O,0.011852255603298546
C1(=CC=CC=C1Cl)C(=O)N(CC1=CC(=CC=C1OS(=O)(=O)CC)Cl)C(C)CC,0.010625786846503615
C1(=C(Cl)C=CC=C1)C(=O)N(CC1CC1)CC1C=C(OS(=O)(=O)C2=CC=C(C=C2)F)C=CC=1,0.00842684214003384
C1(NC(=O)N(CC2CC2)CC2C=C(OS(=O)(=O)C3=CC=C(C=C3)F)C=CC=2)C=CC=CC=1OC,0.005578443338163197
C(N(CC1CC1)CC1C=CC(OS(=O)(=O)C2C=CC(=CC=2)OC)=CC=1)(C(C)C)=O,0.011527862446382642
C(N(CC1CC1)CC1C=CC(OS(=O)(=O)C2C=CC(=CC=2)OC)=CC=1)(C)=O,0.011001968942582607
C1(=CC=CS1)C(=O)N(CC1=CC(=CC=C1OS(=O)(=O)CC)Cl)C(C)CC,0.008981730276718735
C(N(CC1CC1)CC1C=C(OS(=O)(=O)C2=CC=C(C=C2)F)C=CC=1)(C)=O,0.00772748701274395
C1(=CC=CO1)C(=O)N(CC1CC1)CC1C=C(OS(=O)(=O)C2=CC=C(C=C2)F)C=CC=1,0.009818840632215142
C1(=CC=CS1)C(=O)N(CC1CC1)CC1C=CC(OS(=O)(=O)C2C=CC(=CC=2)OC)=CC=1,0.009259291412308811
C(N(CC1CC1)CC1C=CC(OS(=O)(=O)C2C=CC(=CC=2)OC)=CC=1)(COC)=O,0.011069385288283228
C1(=CC=CC=C1F)C(=O)N(CC1=CC(=CC=C1OS(=O)(=O)CC)Cl)C(C)CC,0.008637350844219327
C1(=CC=CS1)C(=O)N(CC1CC1)CC1C=C(OS(=O)(=O)C2=CC=C(C=C2)F)C=CC=1,0.00717309070751071
C(N(CC1CC1)CC1C=C(OS(=O)(=O)C2=CC=C(C=C2)F)C=CC=1)(C(C)C)=O,0.00865809223614633
C1(=CC=CO1)C(=O)N(CC1CC1)CC1C=CC(OS(=O)(=O)C2C=CC(=CC=2)OC)=CC=1,0.011984910350292921
N(C(C)C)(C(=O)C1C=CC=C(F)C=1)CC1=CC(=C(OC)C=C1)OS(=O)(=O)C1C=CC(=CC=1)F,0.008762036124244333
C(N(CC1=CC(=CC=C1OS(=O)(=O)CC)Cl)C(C)CC)(=O)C1C=CC=C(F)C=1,0.008354650647379457
N(C1=CC=C(C=C1)F)C(CN1C2C(C(=O)N(C3C=CC(F)=CC=3F)C1=O)=CC=C(C=2)Cl)=O,0.0041213557007722555
C1(=C(F)C=CC=C1)C(=O)N(CC1CC1)CC1C=C(OS(=O)(=O)C2=CC=C(C=C2)F)C=CC=1,0.009056678134948015
C(N(CC1CC1)CC1C=CC(OS(=O)(=O)C2C=CC(=CC=2)OC)=CC=1)(CC(C)C)=O,0.011628317646682262
C1(=CC=CC=C1Cl)C(=O)N(C(C)C)CC1=CC(=CC=C1OS(=O)(=O)C1C=CC(=CC=1)OC)Cl,0.00890280371531844
N(C1C=CC=C(C)C=1)C(CN1C2C(C(=O)N(C3C=CC(F)=CC=3F)C1=O)=CC=C(C=2)Cl)=O,0.003956886543892324
C(N(CC1CC1)CC1C=C(OS(=O)(=O)C2=CC=C(C=C2)F)C=CC=1)(=O)C1C=CC=C(F)C=1,0.008640617411583663
C(N(CC1CC1)CC1C=CC(OS(=O)(=O)C2C=CC(=CC=2)OC)=CC=1)(CC(C)(C)C)=O,0.011772366520017386
N(C(C)C)(C(=O)C1=CC=CS1)CC1=CC(=C(OC)C=C1)OS(=O)(=O)C1C=CC(=CC=1)F,0.008008641446940601
C(N(CC1=CC(=CC=C1OS(=O)(=O)CC)Cl)CC1CC1)(=O)C1C=CC=C(F)C=1,0.008464258187450469
C1(C(=O)N(CC2=CC=C(F)C=C2)CC2=CC=CC(=C2)OS(=O)(=O)C2C=CC(=CC=2)F)CCC1,0.008889043144881726
C(NC(=O)N(CC1=CC=C(F)C=C1)CC1C=C(OS(=O)(=O)C2=CC=C(C=C2)F)C=CC=1)(C)C,0.0054105200804769995
C(N(CC1CC1)CC1C=CC(OS(=O)(=O)C2C=CC(=CC=2)OC)=CC=1)(=O)C1C=CC=C(F)C=1,0.008976722275838256
C(C(=O)N(CC1=CC=C(F)C=C1)CC1=CC=CC(=C1)OS(=O)(=O)C1C=CC(=CC=1)F)C(C)C,0.008403265476226806
C(NC(=O)N(CC1=CC=C(F)C=C1)CC1=CC=CC(=C1)OS(=O)(=O)C1C=CC(=CC=1)F)C,0.005364057584665715
C1(C(=O)N(CC2=CC=C(F)C=C2)CC2=CC=CC(=C2)OS(=O)(=O)C2C=CC(=CC=2)F)C=CC=CC=1F,0.008714511152356863
C1(=CC=CC=C1F)C(=O)N(CC1CC1)CC1C=CC(OS(=O)(=O)C2C=CC(=CC=2)OC)=CC=1,0.009303815755993127
C1(NC(=O)N(C(C)CC)CC2C=C(OS(C3=C(Cl)C=CC=C3C)(=O)=O)C=CC=2)C=CC=CC=1OC,0.005791349033825099
C1(=CC=CC=C1Cl)C(=O)N(CC1=CC(=CC=C1OS(=O)(=O)CC)Cl)CC(C)C,0.010782934399321676
O(C1C=CC=CC=1)CC(=O)NC1=CC(=CC=C1)N1CCCN(CC2=CC(OC(F)(F)F)=CC=C2)C1=O,0.0039336290443316105
C(C)(N(S(=O)(=O)C1C=CC(=CC=1)OC)C1=CC(Cl)=CC=C1)C1=CC(OC)=CC=C1OC,0.007091532414779067
C(N(S(C1=CC=C(F)C=C1C)(=O)=O)C1=CC(OC)=CC=C1)C1C=CC=C(OC)C=1,0.006656155968084931
N(C1=CC(F)=CC=C1)C(COC1C=C2N(CCC)C(=O)C=C(C3C=CC=CC=3)C2=CC=1)=O,0.006311289593577385
C(N(S(=O)(=O)C1=CC=C(C=C1)NC(C)=O)C1=CC=CC=C1)C1=CC(C(F)(F)F)=CC=C1,0.0040574398939497765
N(CC1CCCCC1)C(COC1C=C2N(CCC)C(=O)C=C(C3C=CC=CC=3)C2=CC=1)=O,0.010337323788553477
C(C1CN(C2C=CC=CC=2)C(=O)C1)(=O)NCCOC1C=CC=CC=1,0.007083770772442222
C(N(S(C1=CC=CC=C1Cl)(=O)=O)C1C=CC(=CC=1)OC)C1=C(F)C=CC=C1,0.0067703393287956715
C(N(S(C1=CC=CC(F)=C1)(=O)=O)C1=CC=CC=C1)C1C(F)=CC(F)=CC=1,0.006440926133655012
N(CC1=CC(F)=CC=C1)C(COC1C=C2N(CCC)C(=O)C=C(C3C=CC=CC=3)C2=CC=1)=O,0.006445517879910767
C(N(S(=O)(=O)C1C=CC(=CC=1)OC)C1=CC(F)=CC=C1)C1C=CC(=CC=1)Cl,0.006576877273619175
C(N(S(=O)(=O)C1=CC=CC=C1)C1=CC=CC(Br)=C1)C1=CC(OC)=CC(OC)=C1,0.007860043901018798
N(C1=CC=CC(OC)=C1)C(COC1C=C2N(CC3CCC3)C(=O)C=C(C(C)C)C2=CC=1)=O,0.008541268459521235
C(N(S(C1=CC=CC(OC)=C1)(=O)=O)C1=CC(Cl)=CC=C1)C1=CC=C(OC)C(OC)=C1,0.007210096903145313
C=CCNC(CC1C=C(C=CC=1)N(C(=O)C=CC1C=CC=CC=1)CC1=CC=CC=C1)=O,0.008635264611802996
C(N(S(C1=CC=CC(OC)=C1)(=O)=O)C1=CC=CC(Br)=C1)C1=CC=C(OC)C=C1,0.007569119753316045
C(N(CCOC)CC1C=CC(OS(C2=CC=CC=C2C(=O)OC(C)C)(=O)=O)=CC=1)(COC)=O,0.011254825443029404
CC(=O)N(C(C)C)CC1=CC(=C(OC)C=C1)OS(=O)(=O)C,0.010839278623461724
C(N(C(C)CC)CC1=C(OS(=O)(=O)C2C=CC=C(C=2)C(F)(F)F)C=CC=C1)(C(C)C)=O,0.009067860781215131
C(N(C(C)C)CC1C=CC(OS(C2=CC=CC=C2C(=O)OC(C)C)(=O)=O)=CC=1)(C)=O,0.012046322505921126
N(C(C)C)(C(=O)C1C=CC=C(F)C=1)CC1=CC=CC(=C1)OS(=O)(=O)CC,0.008579221740365028
C(N(C1CC1)CC1=CC(OS(=O)(=O)C)=C(OC)C=C1)(C)=O,0.011263240734115243
C1(=CC=CC=C1Cl)C(=O)N(CC(C)C)CC1C=CC(OS(C2=CC=CC=C2C(=O)OC(C)C)(=O)=O)=CC=1,0.010206431290134788
C(N(C1CC1)CC1C=C(OS(=O)(=O)CC)C=CC=1)(C1CCC1)=O,0.012456605769693851
C1(=CC=CC=C1Cl)C(=O)N(C1CC1)CC1=CC(OS(=O)(=O)C)=C(OC)C=C1,0.010488891135901212
C(N(C1CC1)CC1C=C(OS(=O)(=O)CC)C=CC=1)(CC(C)C)=O,0.01174018862657249
CC(=O)N(CC1=CC=CO1)CC1=CC(=C(OC)C=C1)OS(=O)(=O)C,0.010202699108049273
C1(=CC=CC=C1Cl)C(=O)N(CC1=CC=C(F)C=C1)CC1=C(OS(=O)(=O)CC)C=CC=C1,0.00846898949239403
C(N(C1CC1)CC1=CC(OS(=O)(=O)C2=CC(Cl)=C(C=C2)Cl)=C(OC)C=C1)(C)=O,0.010298713063821196
C(N(C1CC1)CC1=CC(OS(=O)(=O)C(C)C)=C(OC)C=C1)(C)=O,0.012385183293372393
C(N(CCOC)CC1C=C(OS(C2=C(Cl)C=CC=C2C)(=O)=O)C=CC=1)(CC(C)C)=O,0.009495123848319053
N(CC1=CC=CO1)(C(CC(C)(C)C)=O)CC1=CC=CC(=C1)OS(=O)(=O)CC,0.012278477754443884
C(N(CC1CC1)CC1=CC(OS(=O)(=O)C)=C(OC)C=C1)(C)=O,0.012524982681497931
C(N(CC1=CC=C(F)C=C1)CC1=CC(OS(=O)(=O)C(C)C)=C(OC)C=C1)(C1CCC1)=O,0.010903138853609561
N(C(C)C)C(N(CC(C)C)CC1=CC(=CC=C1OS(=O)(=O)C1=CC=C(C=C1)NC(C)=O)Cl)=O,0.005206393357366323
C(N(CC1=CC=C(F)C=C1)CC1C=C(OS(=O)(=O)CC)C=CC=1)(C)=O,0.007981319935061038
C(N(CC1CC1)CC1=CC(OS(=O)(=O)C)=C(OC)C=C1)(=O)C1C=CC=C(F)C=1,0.010264160251244903
C(N(CC1=CC=C(F)C=C1)CC1=CC(OS(=O)(=O)C(C)C)=C(OC)C=C1)(C)=O,0.010475673340260982
N(CC)C(N(CC1=CC=CO1)CC1=CC(=CC=C1OS(=O)(=O)C1=CC=C(C=C1)NC(C)=O)Cl)=O,0.004492795944679528
C(N(C(C)C)CC1=CC(OS(=O)(=O)C(C)C)=C(OC)C=C1)(C)=O,0.013083143718540668
C(N(CC1=CC(=CC=C1OS(=O)(=O)CC)Cl)CC(C)C)(=O)C1C=CC=C(F)C=1,0.008660533605143428
C(N(CC1=CC=C(F)C=C1)CC1C=CC(OS(=O)(=O)C(C)C)=CC=1)(COC)=O,0.00882128537632525
C(NC(=O)N(C1CC1)CC1C=CC(OS(=O)(=O)C2=CC=C(C=C2)F)=CC=1)(C)(C)C,0.00607160076033324
C1(=CC=CC=C1Cl)C(=O)N(CC1CCCO1)CC1C=C(OS(C2=C(Cl)C=CC=C2C)(=O)=O)C=CC=1,0.008380727306939662
C1(=C(Cl)C=CC=C1)C(=O)N(CC1CC1)CC1C=C(OS(=O)(=O)CC)C=CC=1,0.009674936067312956
C1(=CC=CS1)C(=O)N(CC1=CC=C(F)C=C1)CC1=C(OS(=O)(=O)C2C=C(F)C(OC)=CC=2)C=CC=C1,0.007676054770126939
S(N(C1CC1)CC1C=CC(OS(=O)(=O)C2C=CC=C(C=2)C(F)(F)F)=CC=1)(C)(=O)=O,0.005941411410458386
C(NC(=O)N(C(C)C)CC1C=CC(OS(C2=CC=CC=C2C(OCCCC)=O)(=O)=O)=CC=1)(C)C,0.007004517782479525
C1(NC(=O)N(C(C)CC)CC2=C(OS(=O)(=O)C3C=CC(OC)=C(F)C=3)C=CC=C2)C=CC=CC=1OC,0.006508231209591031
C1(=CC=CC=C1Cl)C(=O)N(C1CC1)CC1C=CC(OS(=O)(=O)C2=CC=C(C=C2)F)=CC=1,0.007981679285876453
C1(NC(=O)N(C(C)C)CC2C=CC(OS(C3=CC=CC=C3C(OCCCC)=O)(=O)=O)=CC=2)C=CC=CC=1OC,0.005996645288541913
N(C1C=CC=CC=1OC)C(N(C1CC1)CC1=CC(=CC=C1OS(=O)(=O)C1=CC=C(C=C1)NC(C)=O)Cl)=O,0.0044578410452231765
C(N(C1CC1)CC1C=CC(OS(=O)(=O)C2=CC=C(C=C2)F)=CC=1)(C)=O,0.007659091870300472
C(C1=CC(OS(=O)(=O)C2=CC(Cl)=C(C=C2)Cl)=C(OC)C=C1)N(C(NC1C=CC=CC=1OC)=O)CCOC,0.005977063998579979
C1(=CC=CC=C1F)C(=O)N(C1CC1)CC1C=CC(OS(=O)(=O)C2=CC=C(C=C2)F)=CC=1,0.008672741102054715
C1(=CC=CC=C1F)C(=O)N(C(C)CC)CC1=CC(OS(=O)(=O)C(C)C)=C(OC)C=C1,0.011662389850243926
C1(=CC=CS1)C(=O)N(CC1=CC=CO1)CC1=CC(=CC=C1OS(=O)(=O)C1=CC=C(C=C1)NC(C)=O)Cl,0.005645145964808762
N(CC(C)C)(S(=O)(=O)C)CC1C=CC(=CC=1)OS(=O)(=O)C,0.006581431068480015
C1(C(=O)N(CC(C)C)CC2=CC=CC(=C2)OS(=O)(=O)C)=CC=CS1,0.008806066447868943
C1(=CC=CC=C1Cl)C(=O)N(CCOC)CC1=CC(=CC=C1OS(=O)(=O)C1=CC=C(C=C1)F)Cl,0.007040750351734459
C1(C(=O)N(CC(C)C)CC2=CC=CC(=C2)OS(=O)(=O)C)=CC=CO1,0.01127735641784966
C1(C(=O)N2CC(C(C3=CC=C(OC)C=C3)C2)C(=O)NCCCOC)=CC=CC=C1F,0.006647021765820682
C1(CC2C=CC=CC=2)SC(NC(CC(=O)OC)=O)=C(C(=O)OCC)C=1,0.006395973288454116
N(CC1CC2=CC(OC)=CC=C2O1)C(CCCCCl)=O,0.006944855209439993
N(CC1CC2=CC(F)=CC=C2O1)C(C1C=CC=CC=1Br)=O,0.007089625601656735
C1(C(=O)N2CC(C(C3=CC=C(OC)C=C3)C2)C(=O)NC2CC2)CCCC1,0.011732351593673229
N1(CCC(CC1)N(CC1C=CC(F)=CC=1)C(CN(CC(C)C)S(=O)(=O)C1C=CC(=CC=1)Cl)=O)C(C1C=CC=C(F)C=1)=O,0.004836980684194714
N1(CCC(CC1)N(CC1C=CC(F)=CC=1)C(CN(CC(C)C)S(=O)(=O)C1C=CC(=CC=1)Cl)=O)C(C1=CC(OC)=CC=C1)=O,0.004855243815109133
N1(CCC(CC1)N(CC1C=CC(F)=CC=1)C(CN(CC(C)C)S(=O)(=O)C1C=CC(=CC=1)Cl)=O)C(C1=C(F)C=CC=C1)=O,0.004903971205931157
C(N(C(C)CC)CC1C=C(OS(=O)(=O)C2=CC=C(C=C2)NC(C)=O)C=CC=1)(C(C)C)=O,0.008810662431642413
N(CC1CC2=CC(C(=O)OC)=CC=C2O1)C(C(Cl)C)=O,0.005413173302076757
O=C(CN1C2C(C(=O)N(C3=CC=CC(F)=C3)C1=O)=CC=CC=2)NC(C)C,0.004462097072973847
O=C(CN1C2C(C(=O)N(C3=CC=CC=C3Cl)C1=O)=CC(C)=CC=2)N1CCOCC1,0.005350675666704774
N1(CCC(CC1)N(CC1C=CC(F)=CC=1)C(CN(CC(C)C)S(=O)(=O)C1C=CC(=CC=1)Cl)=O)C(C=CC1C=CC=CC=1)=O,0.004950997792184353
N(C(C)C1=CC=CC=C1)C(CN1C2C(C(=O)N(C3C=CC(=CC=3)OC)C1=O)=CC=C(C=2)Cl)=O,0.00491273234365508
O=C(CN1C2C(C(=O)N(C3C=CC(=CC=3)OC)C1=O)=CC=C(C=2)Cl)NC,0.004652530059684068
N(CC1C=CC=C(C=1)C(F)(F)F)C(CN1C2C(C(=O)N(C3C=CC=C(OC)C=3)C1=O)=CC=C(C=2)Cl)=O,0.004185491846874357
N1(CCC(CC1)N(CC1C=CC(F)=CC=1)C(CN(CC(C)C)S(=O)(=O)C1C=CC(=CC=1)Cl)=O)C(=O)NC1C=CC(=CC=1)C,0.0032066217216197403
N1(CCC(CC1)N(CC1C=CC(F)=CC=1)C(CN(CC(C)C)S(=O)(=O)C1C=CC(=CC=1)Cl)=O)C(C1C=CC(C)=CC=1)=O,0.005180036067031324
N(C1C=C(C=CC=1)C1N(C2=CC=C(C(C)C)C=C2)C(=O)CS1)C(=O)C1C=CC(F)=CC=1,0.00575207956135273
N(C1C=CC(=CC=1)C1N(C2=CC=C(C(C)C)C=C2)C(=O)CS1)C(=O)C1=CC=CS1,0.006831108639016747
N(C1C=C(C=CC=1)C1N(C2=CC=C(C(C)C)C=C2)C(=O)CS1)C(=O)C1=CC=C(C=C1)OC,0.007067896868102252
N(C1C=CC(=CC=1)C1N(C2=CC=C(C(C)C)C=C2)C(=O)CS1)C(=O)CC1C=CC=CC=1,0.007653837813995779
N(C1C=CC(=CC=1)C1N(C2=CC=C(C(C)C)C=C2)C(=O)CS1)C(=O)CCC1C=CC=CC=1,0.008070956729352475
N(C1C=C(C=CC=1)C1N(C2=CC=C(C(C)C)C=C2)C(=O)CS1)C(C1=C(Cl)C=CC=C1)=O,0.006429362203925848
N(C1C=CC(=CC=1)C1N(C2=CC=C(C(C)C)C=C2)C(=O)CS1)C(C1=C(C)C=CC=C1)=O,0.007600289629772305
N(C1C=CC(=CC=1)C1N(C2=CC=C(C(C)C)C=C2)C(=O)CS1)C(=O)C1C=CC(=CC=1)C(C)(C)C,0.008186285104602575
N(C1C=C(C=CC=1)C1N(C2=CC=C(C(C)C)C=C2)C(=O)CS1)C(=O)C1C=CC(Cl)=CC=1,0.006192256370559335
N(C1C=CC(=CC=1)C1N(C2=CC=C(C(C)C)C=C2)C(=O)CS1)C(=O)C1C=CC(C)=CC=1,0.007631260249763727
N(C1C=CC(=CC=1)C1N(C2=CC=C(C(C)C)C=C2)C(=O)CS1)C(=O)C1C=C(OC)C=C(OC)C=1,0.00688432811293751
N(C1C=C(C=CC=1)C1N(C2=CC=C(C(C)C)C=C2)C(=O)CS1)C(=O)C1C=CC(C)=CC=1,0.007435412937775254
C(CCN1CC2=C(C1=O)C(C1=C(C)C=C(C)C=C1)NC(=O)N2CC=C)(NCC(C)C)=O,0.006966851209290326
N(C1C=CC(=CC=1)C1N(C2=CC=C(C(C)C)C=C2)C(=O)CS1)C(C1CCCCC1)=O,0.009931846568360925
N(C1C=CC(=CC=1)C1N(C2=CC=C(C(C)C)C=C2)C(=O)CS1)C(=O)CC1=CC=CS1,0.007041407539509237
N(C1C=CC(=CC=1)C1N(C2=CC=C(C(C)C)C=C2)C(=O)CS1)C(=O)C(CC)C1C=CC=CC=1,0.008632175158709288
N(C1C=C(C=CC=1)C1N(C2=CC=C(C(C)C)C=C2)C(=O)CS1)C(C1CCCCC1)=O,0.009668590547516943
N1(CCC2(N(CC3C=CC=CC=3)C(=O)CS2)CC1)C(CCl)=O,0.006574672181159258
N(C1C=CC(=CC=1)C1N(C2=CC=C(C(C)C)C=C2)C(=O)CS1)C(=O)C1C=CC=C(F)C=1,0.0059751907363533975
N1(CCC2(N(C3C=CC(C)=CC=3)C(=O)CS2)CC1)C(CCl)=O,0.0060624080710113045
N(C1C=CC(=CC=1)C1N(C2=CC=C(C(C)C)C=C2)C(=O)CS1)C(=O)C1C=CC=CC=1F,0.006664592144079507
N(C1C=CC(=CC=1)C1N(C2=CC=C(C(C)C)C=C2)C(=O)CS1)C(=O)C1C=CC=C(Br)C=1,0.007691000937484205
O=C(C1=C(Cl)C2=CC(OC)=C(OC)C=C2S1)NCC1=CC(=CC=C1OC)OC,0.006559424009174109
C1=CC(=CC(OC)=C1)C(=O)N1CC(C(C2=CC=CC(F)=C2)C1)C(=O)NCCCOC,0.006667265109717846
C1(C(=O)N2CC(C(C3=CC=C(OC)C=C3OC)C2)C(=O)NCCOC)CCCC1,0.008940772619098425
C1(C(=O)N2CC(C(C3=CC=CC=C3C)C2)C(=O)NCCOC)=CC=CC=C1C,0.008910991507582367
C1(C(=O)N2CC(C(C3=CC=C(OC)C=C3OC)C2)C(=O)N2CCOCC2)=CC=CS1,0.007912416686303913
C(C(=O)N1CC(C(C2=CC=CC(F)=C2)C1)C(=O)NCCCOC)C,0.006231892365030944
C1(C(=O)N2CC(C(C3=CC=C(OC)C=C3OC)C2)C(=O)N2CCOCC2)=CC=CO1,0.009565551555715502
C1(C(=O)N2CC(C(C3=CC=CC=C3OC)C2)C(=O)NC2CC2)=CC=C(C=C1)F,0.00790798815432936
N(CCC1=CC=C(F)C=C1)C(=O)CC1C(=O)NC2=CC=CC=C2S1,0.0050124360830523075
C(NC(=O)N1CC(C(C2=CC=CC(F)=C2)C1)C(=O)NCCOC)C,0.0034606396220624447
C1(OC)C=C(C=CC=1)NC(C1CCC(N(C(=O)C2CC2)C1)C1=CC(C)=C(F)C=C1)=O,0.007039918564260006
O=C(CN1C2C(C(=O)N(CC)C1=O)=CC=C(C=2)Cl)NC1=CC=C(C=C1)F,0.0039574234979227185
C(NC(=O)N1CC(C(C2=CC=CC(OC)=C2OC)C1)C(=O)NCC(C)C)(C)(C)C,0.007160941581241786
C1(C(=O)N2CC(C(C3=CC=CC(OC)=C3OC)C2)C(=O)NCCOC)=CC=C(C=C1)F,0.00700328575912863
C1(C(=O)N2CC(C(C3=CC=CC=C3)C2)C(=O)NC2CC2)=CC=CC=C1C,0.01132865478284657
C1(C(=O)N2CC(C(C3=CC=CC(OC)=C3)C2)C(=O)N2CCOCC2)C=CC=C(Cl)C=1,0.008536141272634268
C1(C(=O)N2CC(C(C3=CC=CC(OC)=C3)C2)C(=O)NC2CC2)=CC=C(C=C1)OC,0.008833542326465249
C1(C(=O)N2CC(C(C3=CC=C(OC)C=C3OC)C2)C(=O)NC2CC2)C=CC(=CC=1)Cl,0.00778335768263787
C(C(=O)N1CC(C(C2=CC=C(OC)C=C2OC)C1)C(=O)NCC(C)C)C1C=CC=CC=1,0.00938025233335793
C1=CC(=CC(OC)=C1)C(=O)N1CC(C(C2=CC=CC=C2OC)C1)C(=O)N1CCOCC1,0.009707691380754113
N(CC1CC2=CC(OC3C=CC=CC=3)=CC=C2O1)C(C1=CC(OC)=C(OC)C(OC)=C1)=O,0.009857683116570115
C1(NC(C2CCC(N(C(NCCCC)=O)C2)C2=CC(C)=C(F)C=C2)=O)C=CC(=CC=1)OC,0.004896496597211808
C1(S(=O)(=O)NC2=CC(=CC=C2)N2CCCN(CC3=CC(OC(F)(F)F)=CC=C3)C2=O)=CC=CC=C1,0.002643214678391814
C1(C(=O)NC2=CC(=CC=C2)N2CCCN(CC3=CC(OC(F)(F)F)=CC=C3)C2=O)CCCC1,0.004354574042372406
C(F)(F)(F)C1C=CC(=CC=1)C(=O)NC1C=CC(=CC=1)N1CCCN(CC2=CC=C(C(C)C)C=C2)C1=O,0.005185175593942404
C1(OC)C(=CC=C(OC)C=1)NC(C1CCC(N(C(NCCCC)=O)C1)C1=CC(C)=C(F)C=C1)=O,0.004551590292248875
C1(C(=O)NC2=CC(=CC=C2)N2CCCN(CC3=CC(C(F)(F)F)=CC=C3)C2=O)=CC=CS1,0.0038602009997703137
C1(C(=O)NC2C=CC(=CC=2)N2CCCN(CC3=CC=C(C(C)C)C=C3)C2=O)CCCC1,0.007816121145151556
C1(C(=O)NC2C=CC(=CC=2)N2CCCN(CC3=CC=C(C=C3)C(F)(F)F)C2=O)=CC=CS1,0.003879889741074294
C1C(F)=C(C=CC=1F)C(=O)NC1=C(C=CC(C)=C1)N1CCCN(CC2C=CC(=CC=2)OC(F)(F)F)C1=O,0.0035808738553896545
C1(C(=O)NC2=CC=CC=C2N2CCCN(CC3C=CC(=CC=3)OC(F)(F)F)C2=O)=CC=CO1,0.004477948287967592
C1(C(=O)NC2=CC(=CC=C2)N2CCCN(CC3=CC(OC(F)(F)F)=CC=C3)C2=O)=CC=CO1,0.004154290922451764
C1(C(=O)NC2=CC=CC=C2N2CCCN(CC3C=CC(=CC=3)OC(F)(F)F)C2=O)CCCC1,0.004621534945908934
C1(C(=O)NC2=CC(=CC=C2)N2CCCN(CC3=CC(OC(F)(F)F)=CC=C3)C2=O)=CC=CS1,0.0034520624321885407
C1(F)C=C(C=CC=1C)S(=O)(=O)NC1C=CC(=CC=1)N1CCCN(CC2=C(OC)C=CC=C2)C1=O,0.003574486600700766
C1C(C)=C(C=CC=1)C(=O)N1CCSC21C(=O)N(CC1=C(Cl)C=CC=C1)C1C2=CC(=CC=1)C,0.008499096357263624
C(C(=O)NC1=CC(=CC=C1)N1CCCN(CC2C=CC=C(Cl)C=2)C1=O)C1C=CC(F)=CC=1,0.004173160344362259
C1(NC(=O)NC2C=CC(=CC=2)N2CCCN(CC3=CC(C)=CC(C)=C3)C2=O)=CC=CC=C1,0.0061780100921168925
C1(C(=O)NC2=CC(=CC=C2)N2CCCN(CC3C=CC=C(Cl)C=3)C2=O)=CC=CO1,0.005483333836309612
C1C=C(C=CC=1)NC(C1CCC(C2=CC=CC=C2)N(C(NCCCC)=O)C1)=O,0.005365312180947513
C1(C=CC=CC=1)CNC(=O)NC1=CC(=CC=C1)N1CCCN(CC2=CC(C)=CC=C2C)C1=O,0.005792031274177134
C1(Cl)C=C(C=CC=1)NC(C1CC(C2=CC=C(CC)C=C2)CN(C(=O)C2=COC=C2)C1)=O,0.007958269841037691
C(NC(=O)NC1=CC(=CC=C1)N1CCCN(CC2=CC(OC(F)(F)F)=CC=C2)C1=O)C,0.0030867428635247053
C(C(=O)NC1=CC(=CC=C1)N1CCCN(CC2C=CC=C(Cl)C=2)C1=O)(C)C,0.0051532229641452435
C1=C(C=CC=C1NC(=O)NC1=C(C=CC(C)=C1)N1CCCN(CC2=C(F)C=CC=C2F)C1=O)Cl,0.004328722599893808
C(C)NC(C1CC(C2C=CC=CC=2)CN(C(=O)C2=COC=C2)C1)=O,0.008157667866908015
C1(C(=O)NC2=CC(=CC=C2)N2CCCN(CC3C=CC=C(Cl)C=3)C2=O)=CC=CS1,0.004163838236127049
C1C=C(CCNC(C2CCC(C3=CC=CC=C3)N(C(NCCCC)=O)C2)=O)C=CC=1OC,0.005153763724956661
C1(C(=O)NC2=CC(=CC=C2)N2CCCN(CC3C=CC=C(Cl)C=3)C2=O)C=CC=CC=1Cl,0.005247049208264798
C1C(OC)=C(CCNC(C2CCC(C3=CC=CC=C3)N(C(NCCCC)=O)C2)=O)C=CC=1,0.005166954500600696
C=CCNC(=O)NC1=C(C=CC(C)=C1)N1CCCN(CC2=CC=C(C=C2)C)C1=O,0.005323438253253698
C1(C=CC=CC=1)CNC(=O)NC1C=CC(=CC=1)N1CCCN(CC2C=CC(OC)=CC=2)C1=O,0.004906496463809163
C1(C(=O)NC2C=CC(=CC=2)N2CCCN(CC3C=CC=C(C)C=3)C2=O)=CC=CS1,0.0051736336201429365
C1C(OC)=C(C=CC=1)C(=O)NC1=CC=CC=C1N1CCCN(CC2C=C(OC)C=C(OC)C=2)C1=O,0.005394264752976596
C(N(C(C)C)CC1C=C(OS(C2=CC=CC=C2C(=O)OC(C)C)(=O)=O)C=CC=1)(=O)C1C=CC=C(F)C=1,0.00978907742537558
C1(=CC=CO1)C(=O)N(C1CC1)CC1C=C(OS(=O)(=O)C)C=CC=1,0.010266318405047058
C(NC(=O)N(CCOC)CC1C=CC(OS(=O)(=O)C2=CC=C(C=C2)NC(C)=O)=CC=1)C,0.004838354233652353
C1(=C(F)C=CC=C1)C(=O)N(C1CC1)CC1C=C(OS(=O)(=O)CC)C=CC=1,0.009358270140364767
C(N(CC(C)C)CC1C=C(OS(C2=C(Cl)C=CC=C2C)(=O)=O)C=CC=1)(C)=O,0.009724286617711186
C(NC(=O)N(C1CC1)CC1C=CC(OS(=O)(=O)CC)=CC=1)(C)C,0.006209444184787571
C(NC(=O)N(CCOC)CC1C=CC(OS(=O)(=O)C2=CC=C(C=C2)NC(C)=O)=CC=1)(C)C,0.005118302977643907
C1(=CC=CC=C1Cl)C(=O)N(CC1CC1)CC1C=C(OS(C2=C(Cl)C=CC=C2C)(=O)=O)C=CC=1,0.009439064702019096
C(NC(=O)N(C1CC1)CC1C=CC(OS(=O)(=O)CC)=CC=1)C,0.005681014899164438
C(N(C(C)C)CC1C=CC(OS(C2=C(Cl)C=CC=C2C)(=O)=O)=CC=1)(=O)C1C=CC=C(F)C=1,0.008386321552097797
C1(=CC=CC=C1Cl)C(=O)N(CCOC)CC1C=CC(OS(=O)(=O)C2C=CC(=CC=2)OC)=CC=1,0.009077375475317239
N(C(=O)C1C=CC=CC=1Cl)(CC1C=CC(=CC=1)OS(=O)(=O)CC)CC1=CC=CO1,0.010233777342364192
C(N(C(C)C)CC1=CC(OS(=O)(=O)C2C=CC(=CC=2)OC)=C(OC)C=C1)(C1CCC1)=O,0.011666138470172883
C1(=CC=CC=C1Cl)C(=O)N(CC1=CC=C(F)C=C1)CC1=CC(OS(=O)(=O)C(C)C)=C(OC)C=C1,0.009481061063706876
C1(=CC=CC=C1Cl)C(=O)N(CC(C)C)CC1=CC(=CC=C1OS(=O)(=O)C)Cl,0.009662430360913276
CC(=O)N(CC1=CC=C(F)C=C1)CC1=CC=CC(=C1)OS(=O)(=O)C1C=CC(=CC=1)F,0.007558385794982314
N(C(=O)C1C=CC=CC=1F)(CC1C=CC(=CC=1)OS(=O)(=O)CC)CC1=CC=CO1,0.010220988374203443
C1(=CC=CC=C1F)C(=O)N(CC1=CC=CO1)CC1=CC(OS(=O)(=O)C2C=CC(=CC=2)OC)=C(OC)C=C1,0.009584095422178507
C1(=CC=CS1)C(=O)N(CC(C)C)CC1C=CC(OS(C2=CC=CC=C2C(=O)OC(C)C)(=O)=O)=CC=1,0.01026079673320055
C(N(C1CC1)CC1C=CC(OS(=O)(=O)C(C)C)=CC=1)(CC(C)(C)C)=O,0.013693769322708249
C1(C(=O)N(CC2=CC=C(F)C=C2)CC2=CC=CC(=C2)OS(=O)(=O)C2C=CC(=CC=2)F)=CC=CS1,0.006902691209688783
C(N(C1CC1)CC1C=CC(OS(=O)(=O)CC)=CC=1)(CC(C)C)=O,0.011988139525055886
C(C1=CC(OS(=O)(=O)C2=CC=C(C=C2)NC(C)=O)=C(OC)C=C1)N(C(NC1C=CC=CC=1OC)=O)CC1=CC=CO1,0.005130630405619741
C1(=CC=CC=C1Cl)C(=O)N(C(C)C)CC1C=CC(OS(C2=CC=CC=C2C(=O)OC(C)C)(=O)=O)=CC=1,0.009921055240556597
C1(=CC=CO1)C(=O)N(C1CC1)CC1C=CC(OS(=O)(=O)CC)=CC=1,0.012146924389526248
C(C1=CC(OS(=O)(=O)C2=CC=C(C=C2)NC(C)=O)=C(OC)C=C1)N(C(NC(C)(C)C)=O)CCOC,0.006188029609620571
C1(NC(=O)N(CC2=CC=CO2)CC2C=CC(OS(C3=CC=CC=C3C(=O)OC(C)C)(=O)=O)=CC=2)C=CC=CC=1OC,0.006302535394206643
N(S(=O)(=O)C)(CC1C=CC(=CC=1)OS(=O)(=O)CC)C(C)C,0.007199709233827889
C(C1=CC(OS(=O)(=O)C2=CC=C(C=C2)NC(C)=O)=C(OC)C=C1)N(C(NC1C=CC=CC=1OC)=O)C(C)CC,0.005355709884315729
C1(=CC=CO1)C(=O)N(CC(C)C)CC1C=CC(OS(C2=CC=CC=C2C(=O)OC(C)C)(=O)=O)=CC=1,0.012235108157619834
N(C(C)CC)(C(=O)C)CC1=CC=CC(=C1)OS(=O)(=O)C1C=CC(=CC=1)F,0.00795271028764546
C(CC)NC(C(CC)OC1C=C2C(N(C(=O)CC)CCC2=CC=1)C1=CC=C(C)C=C1)=O,0.011768119828775524
C1(OC)C=C2CCN(C(C(C)(C)OC(=O)C)=O)C(C3C=CC(OC)=CC=3)C2=CC=1OC,0.012628450151532888
C12CCCCC=1C(C(=O)OCC)=C(NC(/C=C(/C)\C)=O)S2,0.008136497670784592
C(C)NC(C(CC)OC1C=C2C(N(C(=O)CC(C)C)CCC2=CC=1)C1C=CC(F)=CC=1)=O,0.009346829843707383
C(C)(C)NC(C(CC)OC1C=C2C(N(C(=O)C(C)C)CCC2=CC=1)C1C=CC=C(F)C=1)=O,0.009978885715827345
C(OC)CNC(COC1C=C2C(N(C(=O)C(C)(C)C)CCC2=CC=1)C1C=CC=C(F)C=1)=O,0.007825852511450649
C1(OC)C=C2CCN(C(C(C)(C)OC(=O)C)=O)C(C3C=C(Cl)C=CC=3)C2=CC=1OC,0.011292949737980961
C12CCCCC=1C(C(=O)OCC)=C(NC(COC(=O)C)=O)S2,0.008893768209964037
C12CC(C)CCC=1C(C(=O)OCC)=C(NC(CCC(=O)OC)=O)S2,0.009783090790733695
C=CCNC(C(CC)OC1C=C2C(N(C(=O)C(C)C)CCC2=CC=1)C1C=CC=C(F)C=1)=O,0.008773456839844585
C(C)(C)NC(COC1C=C2C(N(C(=O)C(C)(C)C)CCC2=CC=1)C1C=CC=C(F)C=1)=O,0.009447168465703726
C(C)(C)(C)CC(=O)N1CCC(C(NC(C2=C(C)C=CC=C2)=O)C(NC(C)CC)=O)CC1,0.010342122428119183
C(NC(=O)N1CCC(C(NC(=O)C2=CC=CC=C2Cl)C(NCC(C)C)=O)CC1)C,0.0051199082052335145
C12CCCC=1C(C(=O)OCC)=C(NC(C(C)CCC)=O)S2,0.009550579870119692
C(NC(=O)N1CCC(C(NC(=O)C2=C(F)C=CC=C2)C(NC(C)CC)=O)CC1)(C)(C)C,0.005243270681239665
C(C(C)C)NC(COC1C=C2C(N(C(=O)CC)CCC2=CC=1)C1=CC=C(C)C=C1)=O,0.011987526016309858
C(NC(=O)N1CCC(C(NC(C2=C(C)C=CC=C2)=O)C(NC(C)C(C)C)=O)CC1)C,0.006105791195295751
C12CCCCC=1C(C(=O)OCC)=C(NC(CC(=O)OC)=O)S2,0.008545060036703944
C12CCCCC=1C(C(=O)OCC)=C(NC([C@H](C)OC(=O)C)=O)S2,0.00935330828651786
C(CC)NC(C(C)OC1C=C2C(N(C(=O)C(C)(C)C)CCC2=CC=1)C1C=CC=C(F)C=1)=O,0.009600596176460386
C12CC(C)CCC=1C(C(=O)OCC)=C(NC(C(C)C)=O)S2,0.00827963522169739
C12CCCC=1C(C(=O)OCC)=C(NC(C(CC)CC)=O)S2,0.009664035961031913
N(CC(F)(F)C(F)(F)F)C(=O)CC1C(=O)NC2=CC=CC=C2S1,0.0036387226937222295
C(C(C)C)NC(C(CC)OC1C=C2C(N(C(=O)CC)CCC2=CC=1)C1=CC=C(C)C=C1)=O,0.013000009348616004
C(C)(C)NC(C(C)OC1C=C2C(N(C(=O)CC(C)C)CCC2=CC=1)C1C=CC=C(F)C=1)=O,0.009223626973107458
C=CCNC(C(CC)OC1C=C2C(N(C(=O)CC(C)C)CCC2=CC=1)C1=CC=C(C)C=C1)=O,0.01142650842666626
C(NC(=O)N1CCC(C(NC(C2=C(C)C=CC=C2)=O)C(NC(C)CC)=O)CC1)C,0.005743902805261314
C12CCCCC=1C(C(=O)OCC)=C(NC(C(C)CC)=O)S2,0.009258061600849032
N1(CCC(C(NC(=O)C2C=CC=CC=2)C(NCCCOC)=O)CC1)C(NC(C)C)=O,0.004635690443683416
C(C)(C)NC(C(CC)OC1C=C2C(N(C(=O)CC)CCC2=CC=1)C1=CC=C(C)C=C1)=O,0.011920587765052915
C(C)NC(C(C)OC1C=C2C(N(C(=O)CC(C)C)CCC2=CC=1)C1C=CC=C(F)C=1)=O,0.009074150724336505
C(C(C)C)NC(COC1C=C2C(N(C(=O)C(C)(C)C)CCC2=CC=1)C1C=CC=C(F)C=1)=O,0.008950302749872208
C(C(C)C)NC(COC1C=C2C(N(C(=O)CC(C)C)CCC2=CC=1)C1=CC=C(C)C=C1)=O,0.012634116364642978
C(NC(=O)N1CCC(C(NC(=O)C2=CC=C(C=C2)OC)C(NCCOC)=O)CC1)(C)(C)C,0.004965816892217844
C(C)NC(C(CC)OC1C=C2C(N(C(=O)CC)CCC2=CC=1)C1=CC=C(C)C=C1)=O,0.011862673377618194
C(C)(C)NC(COC1C=C2C(N(C(=O)C(C)C)CCC2=CC=1)C1C=CC=C(F)C=1)=O,0.009213581960648299
C(C)NC(COC1C=C2C(N(C(=O)CC(C)C)CCC2=CC=1)C1=CC=C(C)C=C1)=O,0.012186711002141238
C(C(=O)N(CC=C)CC(=O)N1CCC2SC=CC=2C1COC1=CC(F)=CC=C1)C,0.008411601604893803
C12CCCCC=1C(C(=O)OCC)=C(NC(C(C)=CC)=O)S2,0.008618466928601265
N(CC)(C(NC(C)C)=O)CCN1C(=O)CSC1C1=CC=CC=C1F,0.004056822776328772
N(CC)(C(NCCC)=O)CCN1C(=O)CSC1C1=CC=CC=C1F,0.004075390985235572
C(N(CC1=CC=CO1)CC1C=C(OS(C2=C(Cl)C=CC=C2C)(=O)=O)C=CC=1)(CC(C)(C)C)=O,0.010784786520525813
C1(C(=O)N(CC2=CC=CO2)CC2=CC=CC(=C2)OS(C2C=CC=C(C=2)C(F)(F)F)(=O)=O)CCC1,0.00862136990763247
C(NC(=O)N(CC1=CC=CO1)CC1C=CC(OS(C2=CC=CC=C2C(OCCCC)=O)(=O)=O)=CC=1)(C)C,0.006381739838980138
C(N(C(C)C)CC1=CC(OS(=O)(=O)C2=CC(Cl)=C(C=C2)Cl)=C(OC)C=C1)(CC(C)C)=O,0.011630583042278885
C(N(CC1=CC=CO1)CC1C=CC(OS(C2=C(Cl)C=CC=C2C)(=O)=O)=CC=1)(CC(C)C)=O,0.010812294110655785
C(N(CC1=CC=CO1)CC1=CC(OS(=O)(=O)C2=CC(Cl)=C(C=C2)Cl)=C(OC)C=C1)(CC(C)C)=O,0.010447817388921976
C1(C(=O)N2CCC(C(NC(C3=CC(OC)=CC=C3)=O)C(NCC3=CC=CO3)=O)CC2)C=CC(=CC=1)Cl,0.006459940783679485
C(NC(=O)N(C(C)CC)CC1C=C(OS(=O)(=O)C2=CC=C(C=C2)F)C=CC=1)(C)C,0.006264667259529233
C1C(OC)=C(C=CC=1)C(=O)N1CCC(C(NC(C2=CC(OC)=CC=C2)=O)C(NCC2=CC=CO2)=O)CC1,0.006999571691267192
O=C(CN1C2C(C(=O)N(C3C=CC(=CC=3)C(C)C)C1=O)=CC=CC=2)NC1CC1,0.006072903913445771
O=C(CN1C2C(C(=O)N(C3C=CC(=CC=3)C(C)C)C1=O)=CC=CC=2)N(C)CCC,0.007899884227663278
C1(C(=O)N2CCC(C(NC(C3=CC(OC)=CC=C3)=O)C(NCCOC)=O)CC2)=CC=C(C=C1)OC,0.006751726055517793
C1(NC(=O)N(CC(C)CC)CC(=O)N(CC2=CC=CC=C2)CC2=CC=CS2)=CC=CC=C1Br,0.006089283269830048
O=C(C1=CC=C(C=C1)CN1C2C(C(=O)N(C3C=CC=CC=3OC)C1=O)=CC=CC=2)NCC(C)C,0.006883917632512749
C(N(S(=O)(=O)C1=CC=CC=C1)C1=CC(OC)=CC=C1)C1=CC=C(C(C)C)C=C1,0.008409427665174007
C1(=CC=CC=C1F)C(=O)N(C1CC1)CC1=CC(=CC=C1OS(=O)(=O)C1=CC=C(C=C1)F)Cl,0.007649678783491254
C1(S(=O)(=O)N2CCC(C(NC(C3=CC(OC)=CC=C3)=O)C(NCC(C)C)=O)CC2)C=CC(=CC=1)OC,0.005012382857967168
C1C(OC)=C(C=CC=1)C(=O)N1CCC(C(NC(C2=CC(OC)=CC=C2)=O)C(NCCOC)=O)CC1,0.0065034266328439115
O=C(C1=CC=C(C=C1)CN1C2C(C(=O)N(CCC)C1=O)=CC=CC=2)NC(C)C,0.007082420308142901
C1(S(=O)(=O)N2CCC(C(NC(C3=CC(OC)=CC=C3)=O)C(NCCOC)=O)CC2)=CC=C(C=C1)Cl,0.004151713161263615
C1(Cl)C=C(Cl)C=CC=1NC(=O)N(CC1CC1)CC(=O)N(CC1=CC=CC=C1)CC1=CC=CS1,0.004730294668115675
O=C(C1=CC=C(C=C1)CN1C2C(C(=O)N(C3C=CC=CC=3OC)C1=O)=CC=CC=2)NC(C)C1=CC=CC=C1,0.006901143467985094
C1(S(=O)(=O)N2CCC(C(NC(C3=CC(OC)=CC=C3)=O)C(NCCOC)=O)CC2)C=CC(=CC=1)OC,0.004587768611963838
O=C(CN1C2C(C(=O)N(C3C=CC(F)=CC=3F)C1=O)=CC=CC=2)NCC1=CC=CO1,0.005282317660748959
C1(S(=O)(=O)N2CCC(C(NC(C3=CC(OC)=CC=C3)=O)C(N3CCCC3)=O)CC2)=CC=C(C=C1)Cl,0.005159596842713654
O=C(C(CC)N1C2C(C(=O)N(C3C=CC(C)=C(Cl)C=3)C1=O)=CC=CC=2)NCC1C=CC=C(C=1)C(F)(F)F,0.004668159154243767
O=C(C(C)N1C2C(C(=O)N(C3=CC=CC(Cl)=C3)C1=O)=CC=CC=2)NC1C=CC(OC)=C(OC)C=1,0.005243856203742325
O=C(CN1C2C(C(=O)N(C3=CC=CC(C(C)=O)=C3)C1=O)=CC(C)=CC=2)NC(C)C1=CC=CC=C1,0.007827004208229483
O=C(C(C)N1C2C(C(=O)N(C3=CC=C(F)C=C3)C1=O)=CC=C(C=2)Cl)NC(C)CC,0.005129543517250567
O=C(C(C)N1C2C(C(=O)N(C3C=CC=C(OC)C=3)C1=O)=CC=CC=2)NCC1C=CC=C(C=1)C(F)(F)F,0.004908465372864157
O=C(CN1C2C(C(=O)N(C3=CC=CC(C(C)=O)=C3)C1=O)=CC(C)=CC=2)NCC1=CC=C(F)C=C1,0.006480748788453639
O=C(C(C)N1C2C(C(=O)N(C3=CC=C(F)C=C3)C1=O)=CC=C(C=2)Cl)NCCC,0.004612589220050723
O=C(CN1C2C(C(=O)N(C3C=CC(=CC=3)C(C)C)C1=O)=CC(C)=CC=2)NC(C)C,0.006465688953176141
C1(=CC=CS1)C(=O)N(CC1CCCO1)CC1=CC(OS(=O)(=O)CC)=C(OC)C=C1,0.009594178665429354
N(C(=O)C1C=CC=CC=1F)(CC1C=CC(=CC=1)OS(=O)(=O)CC)C(C)C,0.009236946702003479
C(C1=CC(OS(=O)(=O)C2=CC(Cl)=C(C=C2)Cl)=C(OC)C=C1)N(C(NC(C)C)=O)CCOC,0.0063184811500832435
C(N(CC1=CC=CO1)CC1=C(OS(=O)(=O)C2=C(C(=O)OC)SC=C2)C=CC=C1)(=O)C1C=CC=C(F)C=1,0.007545271306298673
C1(C(OC)=CC=CC=1OC)C(=O)N(CCOC)CC1C=C(OS(=O)(=O)C2C=C(F)C(OC)=CC=2)C=CC=1,0.009413354331627488
C(N(CC1=CC=CO1)CC1C=CC(OS(C2=CC=CC=C2C(=O)OC(C)C)(=O)=O)=CC=1)(COC)=O,0.010993767809122802
C1(=CC=CS1)C(=O)N(CC1=CC=CO1)CC1C=C(OS(=O)(=O)C2C=C(F)C(OC)=CC=2)C=CC=1,0.00790221595671028
C(C1=CC(OS(=O)(=O)C2=CC(Cl)=C(C=C2)Cl)=C(OC)C=C1)N(C(NC(C)C)=O)C(C)C,0.007185908989049495
N1(CCC(CC1)N1C(=O)OC2=CC=C(F)C=C21)C(C(Cl)(Cl)Cl)=O,0.003966594360953158
N1(CCC2(N(CC3C=CC=CC=3)C(=O)CS2)CC1)C(C1C=CC=C(F)C=1)=O,0.005829833075404167
N(C1=C(C=CC=C1)C1N(C2C=CC=CC=2C)C(=O)CS1)C(C1=C(Cl)C=CC=C1)=O,0.006020212499424815
C1CN(CCN1C(=O)C1OC=CC=1)C(C1=CC=C(C=C1)C=C1SC(=O)N(CC2=CC=C(C=C2)C(F)(F)F)C1=O)=O,0.003583497181534767
O=C(C(C)N1C2C(C(=O)N(C3C=CC(=CC=3)OCC)C1=O)=CC=CC=2)NC1CC1,0.006153234955854714
C1C=C2OC(C(=O)N(CC3=CC=CC=C3)CC2=CC=1NC(=O)CC1C=CC=CC=1)CC,0.009050730802118778
C1N(CCC(C(=O)OCC)C1)C(C1C=C(C=CC=1)C=C1SC(=O)N(CC2=CC=C(C=C2)C(F)(F)F)C1=O)=O,0.0039133379934355615
C1(C(=O)N2CC(C(C3=CC=CC=C3)C2)C(=O)N2CCOCC2)C=CC(=CC=1)Cl,0.009611178492195904
C(NC(=O)N(CC(C)C)CC1C=C(OS(=O)(=O)C2C=CC=C(C=2)C(F)(F)F)C=CC=1)(C)C,0.005336026661098003
C(C1COC2(CCN(CC2)C(=O)C2C=CC=C(F)C=2)N1C(=O)C1C=CC=C(C)C=1)(=O)NCC(C)C,0.006862966902554035
C(C1COC2(CCN(CC2)C(CC(C)(C)C)=O)N1C(=O)C1=CC=C(C=C1)OC)(=O)N1CCCC1,0.011027630371972918
C(C1COC2(CCN(CC2)C(=O)CC2C=CC=CC=2)N1C(=O)C1=CC=C(C=C1)OC)(=O)NCC(C)C,0.007747195870615542
C(C1COC2(CCN(CC2)C(=O)C2=CC=C(CC)C=C2)N1C(=O)C1C=CC=C(C)C=1)(=O)NC1CC1,0.007932336255908012
C(C1COC2(CCN(CC2)C(=O)CC(C)C)N1C(=O)C1=CC=C(C=C1)OC)(=O)N1CCOCC1,0.009986168076284229
C(C1COC2(CCN(CC2)C(=O)CC2C=CC=CC=2)N1C(=O)C1=CC=C(C=C1)OC)(=O)N1CCCC1,0.00881259108427912
C(C1COC2(CCCCC2)N1C(C1C=CC=C(C=1)C(F)(F)F)=O)(=O)NCC1=CC=C2OCOC2=C1,0.0063380517298355695
C1(S(=O)(=O)N2CCC(C(NC(C3=CC4OCOC=4C=C3)=O)C(NCCC)=O)CC2)=CC=C(C)C=C1,0.005356274824589491
C(N(CC1=CC=CO1)CC1C=C(OS(=O)(=O)C2C=C(F)C(OC)=CC=2)C=CC=1)(COC)=O,0.009375103516504169
C(N(CCOC)CC1C=C(OS(=O)(=O)C2C=C(F)C(OC)=CC=2)C=CC=1)(COC)=O,0.009160262346267701
C(NC(=O)N(CCOC)CC1=CC=CC(=C1)OS(C1C=CC=C(C=1)C(F)(F)F)(=O)=O)(C)(C)C,0.004967370617669076
C12C3C=CC=CC=3CC=1C(C(=O)OCC)=C(NC(CCCC(=O)OC)=O)S2,0.007078654342330992
C1(C(=O)NCC2N(C(NC3C=CC=CC=3OC)=O)CCC3C2=CC(OC)=C(OC)C=3)=CC=CO1,0.0062243348686024545
O=C(CC1C=CC=CC=1C)N1CC2SC3NC(=O)N(C4CCCCC4)C(=O)C=3C=2CC1,0.004750504624098539
N(CC1CC2=CC=CC(F)=C2O1)C(C1C=CC=CC=1C(F)(F)F)=O,0.0060540419071912766
C1(C(C)C)SC(NC(CC2C=CC=CC=2)=O)=C(C(=O)OCC)C=1,0.006270311190746725
C(NC(=O)NCC1N(C(NC(C)C)=O)CCC2C1=CC(OC)=C(OC)C=2)CC,0.007281016861088574
C1(S(=O)(=O)N2CCC(C(NC(C3=CC4OCOC=4C=C3)=O)C(NC(C)CC)=O)CC2)=CC=C(C)C=C1,0.005574423237703741
C1=CC(=CC2OCOC1=2)C(=O)N(CCOC)CC(=O)N1CCC2SC=CC=2C1COC1=CC=C(C(C)C)C=C1,0.008749126456677914
C1=CC(=CC2OCOC1=2)C(=O)N(CCCOC)CC(=O)N1CCC2SC=CC=2C1COC1=CC=C(C(C)C)C=C1,0.007701432355679572
C1(C(=O)N(CC2CCCO2)CC(=O)N2CCC3SC=CC=3C2COC2=CC=C(C)C=C2C)CCCC1,0.010845510242506861
N1(CC(C)(SC21C(=O)N(CC1C=CC=CC=1)C1C2=CC(=CC=1)C)C)C(=O)NC1=CC=CC=C1,0.006519075599499047
C1=CC(=CC2OCOC1=2)C(=O)N(CC)CC(=O)N1CCC2SC=CC=2C1COC1=CC=C(C(C)C)C=C1,0.009820375638082624
C1(S(=O)(=O)N(CCCOC)CC(=O)N2CCC3SC=CC=3C2COC2=CC=C(C(C)C)C=C2)=CC=C(C)C=C1,0.005558986868709326
N1(CC(C)(SC21C(=O)N(CC1C=CC=CC=1)C1C2=CC(=CC=1)C)C)C(=O)NC1=CC=C(C)C=C1,0.006678340863436461
C1=CC(=CC2OCOC1=2)C(=O)N(CC(C)C)CC(=O)N1CCC2SC=CC=2C1COC1=CC=C(C(C)C)C=C1,0.010123479086905718
C1C=C(C=CC=1C)NC(=O)N(C1CC1)CC(=O)N1CCC2SC=CC=2C1COC1=CC=C(F)C=C1,0.004605666641145945
C1=CC(=CC2OCOC1=2)C(=O)N(C(C)C)CC(=O)N1CCC2SC=CC=2C1COC1=CC=C(C(C)C)C=C1,0.009685703925788403
C1(C(=O)N(CC2CCCO2)CC(=O)N2CCC3SC=CC=3C2COC2=CC=C(C(C)C)C=C2)=CC=C(C=C1)F,0.006902120192535222
O1CCCC1CNC(C1C(C2=CC(=CC=C2)NC(=O)C2C=C(C)C=CC=2)OC(=O)N1CC1C=CC=CC=1)=O,0.006066847522743046
C1(C(=O)N(CC2CC2)CC(=O)N2CCC3SC=CC=3C2COC2=CC=C(C(C)C)C=C2)=CC=CO1,0.00997923263348639
C1(C(=O)N(CC2CCCO2)CC(=O)N2CCC3SC=CC=3C2COC2=CC=C(C(C)C)C=C2)=CC=CS1,0.009007805725559592
C1(S(=O)(=O)N(CC2CC2)CC(=O)N2CCC3SC=CC=3C2COC2C=CC=CC=2C)=CC=C(C)C=C1,0.006837085401639342
C1(C(=O)N(CC2CC2)CC(=O)N2CCC3SC=CC=3C2COC2=CC=C(C(C)C)C=C2)CCCC1,0.012019096640869975
C1(S(=O)(=O)N2CCC(C(NC(C3=CC4OCOC=4C=C3)=O)C(N(CC)CC)=O)CC2)=CC=C(C=C1)Cl,0.004949144565034658
C(C(=O)N(CCC(C)C)CC(=O)N1CCC2SC=CC=2C1COC1=CC=C(C=C1)C)C1C=CC=CC=1,0.011056769639253616
C1=CC(=CC(OC)=C1)C(=O)N(CC1CC1)CC(=O)N1CCC2SC=CC=2C1COC1=CC=C(C(C)C)C=C1,0.009154867241159081
C1=CC(=CC2OCOC1=2)C(=O)N(C1CC1)CC(=O)N1CCC2SC=CC=2C1COC1=CC=C(C)C=C1C,0.008583172434009611
C1=C(C=CC=C1NC(=O)N(C1CC1)CC(=O)N1CCC2SC=CC=2C1COC1=CC(F)=CC=C1)Cl,0.004050804453436285
C(F)(F)(F)C1C=CC(=CC=1)NC(=O)N(CC)CCN1C(=O)C(C)SC1C1=CC=C(C=C1)C(F)(F)F,0.00464211015496403
C1(S(=O)(=O)N2CCC(C(NC(C3=CC4OCOC=4C=C3)=O)C(N(CC)CC)=O)CC2)=CC=C(C)C=C1,0.005845990800298751
C1(S(=O)(=O)N(CCC(C)C)CC(=O)N2CCC3SC=CC=3C2COC2=CC=C(C(C)C)C=C2)=CC=C(C)C=C1,0.007600737526081503
C1=CC(=CC2OCOC1=2)C(=O)N(CC1CC1)CC(=O)N1CCC2SC=CC=2C1COC1=CC=C(C(C)C)C=C1,0.008998337271623313
C1(=CC=CC=C1)CNC(C1C(C2=CC(=CC=C2)NC(=O)C2=CC=C(C)C=C2)OC(=O)N1CC1=CC=C(C=C1)F)=O,0.0060579858254641294
C1(S(=O)(=O)N2CCC(C(NC(C3=CC4OCOC=4C=C3)=O)C(N(CC)CC)=O)CC2)C=CC(=CC=1)OC,0.00587133620865643
C1(C(=O)N(CC2=CC=CO2)CC(=O)N2CCC3SC=CC=3C2COC2=CC=C(C(C)C)C=C2)CCCC1,0.010551045881584287
C1(S(=O)(=O)N(CC2CC2)CC(=O)N2CCC3SC=CC=3C2COC2=CC=C(C(C)C)C=C2)=CC=C(C)C=C1,0.007018702803179622
C1(S(=O)(=O)N(CC(CC)C)CC(=O)N2CCC3SC=CC=3C2COC2=CC=C(C)C=C2C)=CC=C(C)C=C1,0.007566557754762471
C1(C(=O)N(CC2CCCO2)CC(=O)N2CCC3SC=CC=3C2COC2=CC=C(C(C)C)C=C2)C=CC=C(F)C=1,0.006932450924068689
C(C)C(C)NC(C1CCC(C2=CC=C(F)C=C2)N(C(NC(C)C)=O)C1)=O,0.005319646140560508
C(C(=O)N1CCC(C(NC(C2=CC(OC)=CC=C2)=O)C(NC(C)CC)=O)CC1)C,0.008379419310949742
C(C)(C)NC(C(CC)OC1C=C2C(N(C(=O)C(C)C)CCC2=CC=1)C1=CC=C(C)C=C1)=O,0.013107859995216131
C(C(=O)N1CCC(C(NC(=O)C2C=CC=CC=2)C(NCC=C)=O)CC1)C,0.007215238455682993
CC(=O)N(CCOC)CC(=O)N1CCC2SC=CC=2C1COC1C=CC=CC=1C,0.009564862307161092
C(C)(C)(C)CC(=O)N1CCC(C(NC(C2=CC(OC)=CC=C2)=O)C(NC(C)CC)=O)CC1,0.009028355195187032
C1N(C(NCC=C)=O)CC(CN(CC(C)C)C(C2=CC(OC)=CC=C2)=O)OC1,0.00604578023776412
C(C)(C)NC(C(C)OC1C=C2C(N(C(=O)CC(C)C)CCC2=CC=1)C1C=CC=CC=1)=O,0.012088469788432121
C(C)(C)(C)CC(=O)N1CCC(C(NC(=O)C2C=C(C)C=CC=2)C(N(CC)CC)=O)CC1,0.011405984219163657
C(C(=O)N1CCC(C(NC(=O)C2=CC=C(C=C2)OC)C(NC(C)CC)=O)CC1)C,0.008451463258825242
C(C)C(C)NC(C1CCC(N(C(NCC)=O)C1)C1=CC(C)=C(F)C=C1)=O,0.005052384326700121
C=CCNC(C1CCC(C2=CC=CC=C2)N(C(NCCCC)=O)C1)=O,0.004818796610925347
C(C1SC(=CC=1)C1=CC(C(F)(F)F)=CC=C1)(=O)N(CC(=C)C)CC,0.006445606332272291
C12CCCC=1C(C(=O)OCC)=C(NC(CC(=O)OC)=O)S2,0.007925865147262812
C(C)(C)(C)CC(=O)N1CCC(C(NC(C2=CC(OC)=CC=C2)=O)C(NCC(C)C)=O)CC1,0.008945261174812914
C1C(C)=C(C=CC=1)C(=O)N1CCC(C(NC(=O)CC(C)C)C(NCC(C)C)=O)CC1,0.00936483326368034
CC(=O)N1CCC(C(NC(=O)C2C=C(C)C=CC=2)C(N(CC)CC)=O)CC1,0.009646421321667731
C(OC)CNC(C1CCC(N(C(=O)C)C1)C1C=CC=C(C(F)(F)F)C=1)=O,0.004671840684022754
C(C(=O)N1CCC(C(NC(C2=CC(OC)=CC=C2)=O)C(NCC(C)C)=O)CC1)OC,0.007865675305947662
C1(OC)C=C2CCN(C(C(C)(C)OC(=O)C)=O)C(C3C(Cl)=CC=CC=3)C2=CC=1OC,0.01140580135397613
C(OC)CNC(C1CCC(N(C(NC(C)C)=O)C1)C1=CC(C)=C(F)C=C1)=O,0.00415006501134485
C(C)(C)(C)CC(=O)N1CCC(C(NC(C2=CC(OC)=CC=C2)=O)C(NCCOC)=O)CC1,0.007472330867312848
C(C)(C)NC(C(CC)OC1C=C2C(N(C(=O)C(C)C)CCC2=CC=1)C1C=CC(F)=CC=1)=O,0.010005654068663716
C=CCNC(C1CCC(C2=CC=C(F)C=C2)N(C(NCCCC)=O)C1)=O,0.004213185096159577
C=CCNC(C1C(C2C=C(Cl)C=CC=2)N(CCCC)C(=O)C2=CC=CC=C21)=O,0.009700080472975969
C=CCNC(C(CC)OC1C=C2C(N(C(=O)C(C)C)CCC2=CC=1)C1C=CC(F)=CC=1)=O,0.008761265804059804
C1(NC(=O)N(CC2CC2)CC2C=C(OS(=O)(=O)CC)C=CC=2)C=CC=CC=1OC,0.0066972248489037154
C1(=CC=CO1)C(=O)N(CC1=CC=CO1)CC1=C(OS(=O)(=O)C2=C(C(=O)OC)SC=C2)C=CC=C1,0.01034069126471877
C(N(C1CC1)CC1C=CC(OS(C2=CC=CC=C2C(OCCCC)=O)(=O)=O)=CC=1)(CC(C)(C)C)=O,0.009932216582819819
C1(=CC=CC=C1F)C(=O)N(CC1CCCO1)CC1C=CC(OS(C2=CC=CC=C2C(OCCCC)=O)(=O)=O)=CC=1,0.006874336255714297
C(N(C1CC1)CC1C=CC(OS(C2=CC=CC=C2C(OCCCC)=O)(=O)=O)=CC=1)(=O)C1C=CC=C(F)C=1,0.007367498916573822
C(NC(=O)N(CC1CC1)CC1C=C(OS(=O)(=O)CC)C=CC=1)(C)(C)C,0.007064196071587503
C1(NC(=O)N(CC2CC2)CC2=C(OS(=O)(=O)CC)C=CC=C2)C=CC=CC=1OC,0.006880666082724929
C1(NC(=O)N(C2CC2)CC2C=CC(OS(C3=CC=CC=C3C(OCCCC)=O)(=O)=O)=CC=2)C=CC=CC=1OC,0.005574048776179552
C(N(CC1CCCO1)CC1C=CC(OS(C2=CC=CC=C2C(OCCCC)=O)(=O)=O)=CC=1)(=O)C1C=CC=C(F)C=1,0.0066754095489159225
C(NC(=O)N(CC1CC1)CC1=C(OS(=O)(=O)CC)C=CC=C1)C,0.006462700781412423
N(CC1=CC=CO1)(C(=O)C)CC1C=CC(=CC=1)OS(C1C=CC=C(C=1)C(F)(F)F)(=O)=O,0.007602991978637874
C(NC(=O)N(CC1=CC=CO1)CC1C=CC(OS(C2=CC=CC=C2C(OCCCC)=O)(=O)=O)=CC=1)(C)(C)C,0.00639279002789408
C1(=CC=CS1)C(=O)N(CC1=CC=CO1)CC1C=CC(OS(C2=CC=CC=C2C(OCCCC)=O)(=O)=O)=CC=1,0.007650477718561888
C(N(CC1CC1)CC1C=CC(OS(=O)(=O)C(C)C)=CC=1)(C)=O,0.011696496419608593
C(NC(=O)N(CC1CC1)CC1=C(OS(=O)(=O)CC)C=CC=C1)(C)(C)C,0.007275288226082921
N(CC1=CC=CO1)(C(=O)COC)CC1C=CC(=CC=1)OS(C1C=CC=C(C=1)C(F)(F)F)(=O)=O,0.007399329543113708
CS(=O)(=O)N(CC(C)C)CC1=CC=CC(=C1)OS(C1C=CC=C(C=1)C(F)(F)F)(=O)=O,0.00602998819667846
C1(=CC=CC=C1F)C(=O)N(C1CC1)CC1C=CC(OS(C2=CC=CC=C2C(OCCCC)=O)(=O)=O)=CC=1,0.007802890334278345
C(N(CC1=CC=CO1)CC1C=CC(OS(C2=CC=CC=C2C(OCCCC)=O)(=O)=O)=CC=1)(CC(C)(C)C)=O,0.009593817731365561
C(N(CC1=CC=CO1)CC1=C(OS(=O)(=O)C2C=CC=C(C=2)C(F)(F)F)C=CC=C1)(C)=O,0.007867403072305023
C1(=CC=CO1)C(=O)N(CC(C)C)CC1=C(OS(=O)(=O)C2C=C(F)C(OC)=CC=2)C=CC=C1,0.010679760854691267
C1(=CC=CO1)C(=O)N(CC1CCCO1)CC1C=CC(OS(C2=CC=CC=C2C(OCCCC)=O)(=O)=O)=CC=1,0.008834613114595413
C(N(CC1CC1)CC1=CC(=CC=C1OS(=O)(=O)C1=CC=C(C=C1)F)Cl)(C)=O,0.007573838718235493
C(N(CC(C)C)CC1C=CC(OS(C2=CC=CC=C2C(=O)OC(C)C)(=O)=O)=CC=1)(C)=O,0.012466522539034486
C1(=CC=CO1)C(=O)N(CC1=CC=CO1)CC1C=CC(OS(C2=CC=CC=C2C(OCCCC)=O)(=O)=O)=CC=1,0.010149109130725264
C1(NC(=O)N(CC2=CC=CO2)CC2C=CC(OS(C3=CC=CC=C3C(OCCCC)=O)(=O)=O)=CC=2)C=CC=CC=1OC,0.005123335355892778
C(N(CC1=CC=CO1)CC1C=CC(OS(C2=CC=CC=C2C(=O)OC(C)C)(=O)=O)=CC=1)(C)=O,0.010935562150552868
C(N(CC1=CC=CO1)CC1=CC(OS(=O)(=O)C2=CC(Cl)=C(C=C2)Cl)=C(OC)C=C1)(C)=O,0.010081109404563905
C(N(CC1=CC=C(F)C=C1)CC1C=C(OS(C2=C(Cl)C=CC=C2C)(=O)=O)C=CC=1)(C)=O,0.007979477173648775
C(N(CC1=CC=CO1)CC1C=CC(OS(C2=CC=CC=C2C(OCCCC)=O)(=O)=O)=CC=1)(CC(C)C)=O,0.009048804268240928
S(N(CC(C)C)CC1C=C(OS(=O)(=O)C2C=C(F)C(OC)=CC=2)C=CC=1)(C)(=O)=O,0.00794448631349951
C1(=CC=CO1)C(=O)N(CC1=CC=CO1)CC1C=C(OS(=O)(=O)C2C=C(F)C(OC)=CC=2)C=CC=1,0.010626636305823922
C(N(CC1=CC=CO1)CC1C=CC(OS(C2=CC=CC=C2C(OCCCC)=O)(=O)=O)=CC=1)(C1CCC1)=O,0.008435807470232249
C(N(C(C)CC)CC1=CC(OS(=O)(=O)C2=CC(Cl)=C(C=C2)Cl)=C(OC)C=C1)(CC(C)(C)C)=O,0.011946689849719406
C(NC(=O)N(CC1CCCO1)CC(=O)N1CCC2SC=CC=2C1COC1=C(F)C=CC=C1)CC,0.005181240814272315
C(F)(F)(F)C1C=CC(=CC=1)C(=O)N1CCC(C(NC(C2=CC3OCOC=3C=C2)=O)C(NCC=C)=O)CC1,0.004945853527169674
N(C(C)C)(S(=O)(=O)C)CC(=O)N1CCC2SC=CC=2C1C1C=CC(=CC=1)C(C)(C)C,0.009301791293546557
N(C1=C(C=CC=C1)C1N(C2C=CC=CC=2OC)C(=O)CS1)C(=O)CCCCCC,0.0073704789625480775
N(C1C=C(C=CC=1)C1N(C2=CC(C)=CC(C)=C2)C(=O)CS1)C(=O)C(C)(C)C,0.008817089698277413
C1CN(CCC1C(=O)N)C(C1COC2(CCC(C)CC2)N1C(=O)C1=CC=C(C=C1)F)=O,0.007709542545489967
C(N(CC1=CC=CO1)CC1C=CC(OS(C2=CC=CC=C2C(OCCCC)=O)(=O)=O)=CC=1)(C(C)C)=O,0.009720444772392511
C1(=CC=CC=C1Cl)C(=O)N(CC(C)C)CC1=C(OS(=O)(=O)C2C=C(F)C(OC)=CC=2)C=CC=C1,0.009100637515075505
N(C1C=CC(=CC=1)C1N(C2=CC=C(C=C2)C(F)(F)F)C(=O)CS1)C(=O)C1=CC=CS1,0.004496210138313472
C1(=CC=CC=C1Cl)C(=O)N(CC1CC1)CC1=C(OS(=O)(=O)CC)C=CC=C1,0.01027863142080605
C(N(CC1=CC=CO1)CC1C=CC(OS(C2=CC=CC=C2C(=O)OC(C)C)(=O)=O)=CC=1)(CC(C)(C)C)=O,0.011314122565090656
C(N(CC1CCCO1)CC1=CC(OS(=O)(=O)C2C=CC(=CC=2)OC)=C(OC)C=C1)(C1CCC1)=O,0.010902466718107462
C1C=C(C(F)=CC=1F)COC1C[C@](OCC2C=CC=CC=2F)(C(NCC)=O)C[C@H]2OC(C)(C)O[C@H]21,0.008854003949090838
C(N(CC1CCCO1)CC1=CC(OS(=O)(=O)C2C=CC(=CC=2)OC)=C(OC)C=C1)(CC(C)(C)C)=O,0.010884551890194416
C(C(C)N1C2C(C(=O)N(C3C=CC(C)=C(Cl)C=3)C1=O)=CC=CC=2)(=O)N,0.005126509990077466
C(N(CC1=CC=C(F)C=C1)CC1=CC(OS(=O)(=O)CC)=C(OC)C=C1)(CC(C)(C)C)=O,0.011342122592031956
C1(=CC=CC=C1Cl)C(=O)N(CC(C)C)CC1=CC(=CC=C1OS(=O)(=O)C1=CC=C(C=C1)F)Cl,0.007827125256881118
C1(=CC=CC=C1Cl)C(=O)N(CC1=CC=CO1)CC1C=CC(OS(C2=CC=CC=C2C(OCCCC)=O)(=O)=O)=CC=1,0.007537035434506833
C(N(CC1CCCO1)CC1=CC(OS(=O)(=O)C2C=CC(=CC=2)OC)=C(OC)C=C1)(C(C)C)=O,0.010888121090829372
C(N(C1CC1)CC1=C(OS(=O)(=O)C2C=CC(=CC=2)OC)C=CC=C1)(C)=O,0.010390157951042056
C1(COC2C[C@](OCC3=CC=CC(OC)=C3)(C(NC(C)C)=O)C[C@H]3OC(C)(C)O[C@H]32)C=CC=CC=1,0.011920578917488456
C1(C(=O)N(CC2CCCO2)CC(=O)N2CCC3SC=CC=3C2COC2=CC=C(C(C)C)C=C2)CCCC1,0.010626276349648833
C1=CC(=CC2OCOC1=2)C(=O)N(CC1CC1)CC(=O)N1CCC2SC=CC=2C1COC1=CC=C(C)C=C1C,0.00902476676274091
C1=C(C=CC=C1NC(=O)N(CC1CC1)CC(=O)N1CCC2SC=CC=2C1COC1=CC=CC=C1OC)Cl,0.004438874253537506
C1=CC(=CC2OCOC1=2)C(=O)N(C1CC1)CC(=O)N1CCC2SC=CC=2C1COC1=C(F)C=CC=C1,0.007174953655339778
C1(=C(C)C=CC(=C1)NC(=O)N1CCSC21C(=O)N(CC1=C(C)C=CC=C1)C1C2=CC(=CC=1)OC)Cl,0.004411458817776293
C(C(=O)N(CC1CCCO1)CC(=O)N1CCC2SC=CC=2C1COC1=CC=C(C(C)C)C=C1)C1C=CC=CC=1,0.008918698830530047
C1(S(=O)(=O)N(CC2CC2)CC(=O)N2CCC3SC=CC=3C2COC2=CC=C(C)C=C2C)=CC=C(C)C=C1,0.006948186480440199
C1C=C(C=CC=1C)NC(=O)N(CC1CC1)CC(=O)N1CCC2SC=CC=2C1COC1=CC=CC=C1OC,0.005295212310738861
C1=CC(=CC(OC)=C1)C(=O)N(CC1CCCO1)CC(=O)N1CCC2SC=CC=2C1COC1=CC=C(C(C)C)C=C1,0.00804441380314529
C1=CC(=CC2OCOC1=2)C(=O)N(C1CC1)CC(=O)N1CCC2SC=CC=2C1COC1=CC(OC)=CC=C1,0.008023835718631744
C1C=C(C=CC=1C)NC(=O)N(CC1CCCO1)CC(=O)N1CCC2SC=CC=2C1COC1=CC=C(C=C1)C,0.004647522757295519
C1(C(=O)N(CC2CCCO2)CC(=O)N2CCC3SC=CC=3C2COC2=CC=C(C(C)C)C=C2)C=CC=C(Cl)C=1,0.007201294507831335
C1C=C(C=CC=1C)NC(=O)N(CC1CCCO1)CC(=O)N1CCC2SC=CC=2C1COC1=CC=C(C(C)C)C=C1,0.004767577338498086
C1(C(=O)N(CC2CC2)CC(=O)N2CCC3SC=CC=3C2COC2=CC(F)=CC=C2)=CC=CS1,0.007784897508099675
C1C=C(C=CC=1C)NC(=O)N(CC1=CC=CO1)CC(=O)N1CCC2SC=CC=2C1COC1=CC=C(C=C1)C,0.004922185046598315
C1(S(=O)(=O)N(CC2CCCO2)CC(=O)N2CCC3SC=CC=3C2COC2=CC=C(C(C)C)C=C2)=CC=C(C=C1)Cl,0.00517722200602293
C1C=C(C=CC=1C)NC(=O)N(CC1CC1)CC(=O)N1CCC2SC=CC=2C1COC1=CC=C(C)C=C1C,0.005568938865326345
C1(S(=O)(=O)N(CC2CCCO2)CC(=O)N2CCC3SC=CC=3C2COC2=CC=C(C(C)C)C=C2)=CC=C(C)C=C1,0.006124195014126599
C1=C(C=CC=C1NC(=O)N(CC1CCCO1)CC(=O)N1CCC2SC=CC=2C1COC1=CC=C(C)C=C1C)Cl,0.00388598715653643
C(C(=O)N(CC1CCCO1)CC(=O)N1CCC2SC=CC=2C1COC1=CC=C(F)C=C1)C1C=CC=CC=1,0.007339987810701132
C1(C(=O)N(CC2CC2)CC(=O)N2CCC3SC=CC=3C2COC2=CC=C(C)C=C2C)=CC=CC=C1Cl,0.00853103487752378
C1(C(=O)N(CC2CCCO2)CC(=O)N2CCC3SC=CC=3C2COC2=CC(OC)=CC=C2)=CC=C(C=C1)OC,0.007564579974859953
C(C(=O)N(CC1CC1)CC(=O)N1CCC2SC=CC=2C1COC1=CC=C(C)C=C1C)C1C=CC=CC=1,0.010386007139459252
C1(S(=O)(=O)N(CC2CCCO2)CC(=O)N2CCC3SC=CC=3C2COC2=CC(OC)=CC=C2)=CC=C(C=C1)Cl,0.004642019583843649
C(C(=O)N(CCOC)CC(=O)N1CCC2SC=CC=2C1COC1=CC(F)=CC=C1)C1C=CC=CC=1,0.007603021804243326
C(C(=O)N(C(C)CC)CC(=O)N1CCC2SC=CC=2C1COC1=CC(F)=CC=C1)C1C=CC=CC=1,0.008566949935629963
C1(NC(=O)N(CC2=CC=CO2)CC2C=CC(OS(C3=C(Cl)C=CC=C3C)(=O)=O)=CC=2)C=CC=CC=1OC,0.0054281614255160095
N1(CCCC1)C(C1COC2(CCN(CC2)C(=O)CC2C=CC=CC=2)N1C(=O)C1=CC=CC=C1C)=O,0.009583733882755041
O1C(CNC(C2COC3(CCN(CC3)C(=O)C3=CC=CO3)N2C(=O)C2=CC=CC=C2C)=O)=CC=C1,0.008027631044387817
C1(NC(C2COC3(CCN(CC3)C(=O)C3=CC=CS3)N2C(=O)C2=CC=CC=C2C)=O)CC1,0.006673593306913972
N(C(C1COC2(CCN(CC2)C(=O)C2C=CC=C(Cl)C=2)N1C(=O)C1=CC=CC=C1C)=O)CCC,0.00691522192209959
C1(C(=O)N(C2CCCCC2)CC(=O)N(CCC2=CC=CC=C2)CC2=CC=C(C)O2)C=CC(=CC=1)F,0.010500268545001745
C1(C(=O)N(C(CC)C)CC(=O)N(CCC2C=CC(OC)=C(OC)C=2)CC2=CC=C(C)O2)C=CC=CC=1F,0.009660617215558887
C(C(=O)N(C(CC)C)CC(=O)N(CCC1C=CC(OC)=C(OC)C=1)CC1=CC=C(C)O1)CC1C=CC=CC=1,0.01216181442141533
C1(C(=O)N(CCCCC)CC(=O)N(CCC2C=CC(OC)=C(OC)C=2)CC2=CC=C(C)O2)CCCC1,0.012366331834346055
C1=C(C=CC=C1NC(=O)N(CC1OC=CC=1)CC(=O)N(CCC1=CC=CC=C1)CC1=CC=C(C)O1)Cl,0.005505398032255471
C1(C(=O)N(C2CCCCC2)CC(=O)N(CCC2C=CC(OC)=C(OC)C=2)CC2=CC=C(C)O2)C=CC(C)=CC=1,0.011040883557870983
C1=C(C=CC=C1NC(=O)N(CCC(C)C)CC(=O)N(CCC1=CC=CC=C1)CC1=CC=C(C)O1)F,0.006678898329846561
C1(C(=O)N(C2CCCCC2)CC(=O)N(CCC2=CC=CC=C2)CC2=CC=C(C)O2)C=CC(C)=CC=1,0.01360333147458732
C(C)(C)(C)CC(=O)N(C1CCCCC1)CC(=O)N(CCC1C=CC(OC)=C(OC)C=1)CC1=CC=C(C)O1,0.013672820432111621
C1(C(=O)N(CCC(C)C)CC(=O)N(CCC2C=CC(OC)=C(OC)C=2)CC2=CC=C(C)O2)C=CC=CC=1F,0.01043667970225215
C1(C(=O)N(C2CCCCC2)CC(=O)N(CCC2=CC=CC=C2)CC2=CC=C(C)O2)C=CC=C(Br)C=1,0.013162712519988417
C1(C(OCCCCN(CC2=CC=CC=C2OC)C(CCC)=O)=CC=C(C(C)(C)CC)C=1)C(C)(C)CC,0.015300358925014735
N(C1C=CC(=CC=1)C1SCC(=O)N1C1C=CC(F)=CC=1)C(=O)C1C=CC(C)=CC=1,0.005519050103612244
N(C1C=CC(=CC=1)C1SCC(=O)N1C1C=CC(F)=CC=1)C(C1=C(C)C=CC=C1)=O,0.0055032293545082215
N(C1C=CC(=CC=1)C1SCC(=O)N1C1C=CC(F)=CC=1)C(=O)C1C=CC=CC=1F,0.005084283486939967
C1C(F)=C(C(F)=CC=1)COC1C[C@](OCC2C=CC=C(C)C=2)(C(NCC)=O)C[C@H]2OC(C)(C)O[C@H]21,0.009392878296785057
N(C1C=CC(=CC=1)C1N(C2C=CC(=CC=2)OCC)C(=O)CS1)C(CC(C)(C)C)=O,0.008341943030245602
C1C=C(C(C(C)C)=CC=1)OCC1N(C(=O)NC(C2=C(C(F)(F)F)C=CC=C2)C=1C(OCC)=O)C,0.006880556209944188
C1C(Cl)=C(C=CC=1)OCC1N(C)C(=O)NC(C2=C(Cl)C(Cl)=CC=C2)C=1C(OCC)=O,0.007508012629114091
C1C(F)=C(C=CC=1)OCC1N(C)C(=O)NC(C2=C(Cl)C(Cl)=CC=C2)C=1C(OCC)=O,0.0077905511716380715
C1(C(F)(F)F)C=C(C=CC=1)OCC1N(C(=O)NC(C2=C(C(F)(F)F)C=CC=C2)C=1C(OCC)=O)C,0.0063122238498181105
C1(C(F)(F)F)C=C(C=CC=1)OCC1N(C)C(=O)NC(C2=C(Cl)C(Cl)=CC=C2)C=1C(OCC)=O,0.006066712574101985
C1(OCC2N(C(=O)NC(C3C=CC(=CC=3)Cl)C=2C(OCC)=O)CC)C(Cl)=CC=C(Cl)C=1,0.007145960489287973
C1C=C(C=CC=1F)OCC1N(C)C(=O)NC(C2=C(Cl)C(Cl)=CC=C2)C=1C(OCC)=O,0.0067112754797562955
C1(CC)C=C(C=CC=1)OCC1N(C(=O)NC(C2C=CC(F)=CC=2)C=1C(OCC)=O)C,0.007362442859448493
C1(Cl)C=C(C=CC=1)OCC1N(C)C(=O)NC(C2=CC(C)=CC=C2C)C=1C(OCC)=O,0.006813455885276198
C1(OCC2N(C(=O)NC(C3C=CC(=CC=3)C)C=2C(OCC)=O)CC)C(Cl)=CC=C(Cl)C=1,0.006952658272348344
C1C=C(C=CC=1C(C)C)OCC1N(C(=O)NC(C2=CC=CC=C2Cl)C=1C(OCC)=O)CC,0.007244535139761865
C1(C(F)(F)F)C=C(C=CC=1)OCC1N(CC)C(=O)NC(C2C=CC(Cl)=C(Cl)C=2)C=1C(OCC)=O,0.006270365929231048
C1(OCC2N(C)C(=O)NC(C3C=CC(Cl)=C(Cl)C=3)C=2C(OCC)=O)C=CC(SC)=CC=1,0.005703356512822211
C1(C(F)(F)F)C=C(C=CC=1)OCC1N(C(=O)NC(C2=CC=CC=C2Cl)C=1C(OCC)=O)C,0.005626471235882491
C1C=C(C=CC=1F)OCC1N(C(=O)NC(C2=CC=CC=C2Cl)C=1C(OCC)=O)CC,0.00656126115936786
C1C=C(C(C(C)C)=CC=1)OCC1N(C)C(=O)NC(C2C=CC(Cl)=C(Cl)C=2)C=1C(OCC)=O,0.007247393275611103
C1(CC)C=C(C=CC=1)OCC1N(C)C(=O)NC(C2=CC=C(Cl)C=C2Cl)C=1C(OCC)=O,0.006698600784875453
C1(Cl)C=C(C=CC=1)OCC1N(C(=O)NC(C2C=CC(=CC=2)Cl)C=1C(OCC)=O)C,0.0068306549917906524
C1(CC)C=C(C=CC=1)OCC1N(C)C(=O)NC(C2C=CC(Cl)=C(Cl)C=2)C=1C(OCC)=O,0.006865058210678399
C1(C(F)(F)F)C=C(C=CC=1)OCC1N(C)C(=O)NC(C2=CC=C(Cl)C=C2Cl)C=1C(OCC)=O,0.005720353464130312
C1(C(F)(F)F)C=C(C=CC=1)OCC1N(C(=O)NC(C2C=CC(=CC=2)Cl)C=1C(OCC)=O)C,0.005670981400180608
C1(Cl)C=C(C=CC=1)OCC1N(C)C(=O)NC(C2=CC=C(OC)C(OC)=C2)C=1C(OCC)=O,0.007081428589299321
C1(Cl)C=C(C=CC=1)OCC1N(C)C(=O)NC(C2C=CC(Cl)=C(Cl)C=2)C=1C(OCC)=O,0.007179091358557344
C(C)(=O)C1=CC=C(C=C1)OCC1N(C)C(=O)NC(C2=CC=C(Cl)C=C2Cl)C=1C(OCC)=O,0.009012323711067438
C1C=C(C=CC=1C(C)C)OCC1N(C)C(=O)NC(C2=C(Cl)C(Cl)=CC=C2)C=1C(OCC)=O,0.007310166256502271
C1(Cl)C=C(C=CC=1)OCC1N(C(=O)NC(C2C=CC=C(C)C=2)C=1C(OCC)=O)C,0.00648301572073251
C(C)(=O)C1=CC=C(C=C1)OCC1N(C)C(=O)NC(C2=CC=C(OC)C(OC)=C2)C=1C(OCC)=O,0.010006763599812984
C1(C(F)(F)F)C=C(C=CC=1)OCC1N(C)C(=O)NC(C2C=CC(Cl)=C(Cl)C=2)C=1C(OCC)=O,0.006024952046573162
C1(C(F)(F)F)C=C(C=CC=1)OCC1N(C)C(=O)NC(C2=CC(OC)=CC(OC)=C2)C=1C(OCC)=O,0.006164958071894944
C1(C)C=C(C=CC=1)OCC1N(C)C(=O)NC(C2=C(Cl)C(Cl)=CC=C2)C=1C(OCC)=O,0.0068770537851378325
C1(OCC2N(C)C(=O)NC(C3C=CC=C(Cl)C=3)C=2C(OCC)=O)C=CC(SC)=CC=1,0.005319662718102336
C(C1COC2(CCN(CC2)C(=O)C2=CC=C(CC)C=C2)N1C(=O)C1C=CC=C(C)C=1)(=O)NCC(C)C,0.008852100186049938
C(C1COC2(CCN(CC2)C(=O)C2=CC=CC(OC)=C2)N1C(=O)C1=CC=C(C=C1)OC)(=O)NC1CC1,0.007590473582968116
O(C)CCNC(C1COC2(CCN(CC2)C(=O)C2C=CC=C(Cl)C=2)N1C(=O)C1=CC=C(C)C=C1)=O,0.006042675999924541
C(C1COC2(CCN(CC2)C(=O)C2=CC=C(C=C2)F)N1C(=O)C1=CC=C(C=C1)OC)(=O)NCC(C)C,0.006942934659309685
C(C1COC2(CCN(CC2)C(=O)C2=CC=C(C)C=C2)N1C(=O)C1=CC=C(C=C1)F)(=O)NC1CC1,0.006340488023124635
C(C1COC2(CCN(CC2)C(=O)CC(C)C)N1C(=O)C1C=CC=C(C)C=1)(=O)NCC1=CC=CO1,0.008443749533034861
C(C1COC2(CCN(CC2)C(=O)C2C=CC=C(F)C=2)N1C(=O)C1C=CC=CC=1)(=O)NCC1=CC=CO1,0.006381816137582064
C(C1COC2(CCN(CC2)C(=O)C2C=CC=C(F)C=2)N1C(=O)C1C=CC=CC=1)(=O)NC1CC1,0.006055847276002169
C(C1COC2(CCN(CC2)C(=O)C2=CC=C(C)C=C2)N1C(=O)C1=CC=C(C=C1)F)(=O)N1CCOCC1,0.007201208034530282
C(C1COC2(CCN(CC2)C(=O)CC(C)C)N1C(=O)C1C=CC=C(C)C=1)(=O)NCC1CCCO1,0.009540673065930604
C(C1COC2(CCN(CC2)C(=O)C2C=CC=C(F)C=2)N1C(=O)C1C=CC=CC=1)(=O)N1CCOCC1,0.006921882485039532
C(C1COC2(CCN(CC2)C(=O)C2CC2)N1C(=O)C1=CC=C(C=C1)F)(=O)NCC1=CC=CC=C1,0.0064151504077017306
C(C)C(C)NC(C1CCC(N(C(=O)C)C1)C1C=CC=C(C(F)(F)F)C=1)=O,0.005944673041813076
C(C1COC2(CCN(CC2)C(=O)C2CC2)N1C(=O)C1=CC=C(C=C1)F)(=O)N1CCCC1,0.008903889753855764
C(C1COC2(CCN(CC2)C(=O)C2=CC=CC=C2F)N1C(=O)C1C=CC=CC=1)(=O)NCC1=CC=CO1,0.0067027799086645246
C(C1COC2(CCN(CC2)C(=O)C2=CC=CO2)N1C(=O)C1=CC=C(C=C1)F)(=O)NCC1=CC=CC=C1,0.006322388583794236
C(C1COC2(CCN(CC2)C(=O)C2=CC=C(C)C=C2)N1C(=O)C1=CC=C(C=C1)F)(=O)NCCOC,0.005630224943161011
C(C1COC2(CCN(CC2)C(=O)C2=CC=C(CC)C=C2)N1C(=O)C1=CC=C(C=C1)F)(=O)N1CCCC1,0.00784241824876517
C1C(CCC2C=CC(C3C=CC=CC=3)=CC=2)CCN(C(C2CCCCC2)=O)C1,0.016976438742130995
C1C(CCC2C=CC(C3C=CC=CC=3)=CC=2)CCN(C(C2C=CC(C(F)(F)F)=C(F)C=2)=O)C1,0.007193134329281747
S(C1=CC=CC(OC(F)(F)F)=C1)(NC1C(C(NCC2C=CC(Cl)=CC=2)=O)=CC=CC=1)(=O)=O,0.0029425441403873264
C(N(CC1CC1)CC1C=C(OS(=O)(=O)CC)C=CC=1)(C)=O,0.010465350234881043
C(N(C(C)C)CC1C=CC(OS(C2=CC=CC=C2C(OCCCC)=O)(=O)=O)=CC=1)(CC(C)C)=O,0.010708814300596715
C(N(CC1CC1)CC1C=C(OS(=O)(=O)CC)C=CC=1)(C1CCC1)=O,0.012784477462992072
C(N(C(C)C)CC1C=CC(OS(C2=CC=CC=C2C(OCCCC)=O)(=O)=O)=CC=1)(COC)=O,0.009572164760902524
C1(=CC=CS1)C(=O)N(CC1=CC=C(F)C=C1)CC1C=CC(OS(=O)(=O)C2C=CC=C(C=2)C(F)(F)F)=CC=1,0.005913121718913316
C(NC(=O)N(CC1CC1)CC1C=C(OS(=O)(=O)CC)C=CC=1)C,0.006291861413046718
C(NC(=O)N(C(C)C)CC1C=CC(OS(C2=CC=CC=C2C(OCCCC)=O)(=O)=O)=CC=1)C,0.006666391366161406
S(C1C=C(C=C(Cl)C=1)Cl)(NC1C(C(NCC2C=CC=CC=2)=O)=CC=CC=1)(=O)=O,0.004959278402384371
N1(CCC(C(N[C@H]2[C@H](NC(=O)C3C=CC=CC=3)CCCC2)=O)CC1)S(C1=CC=CC2=CC=CC=C12)(=O)=O,0.004535932710859924
C(N(CCOC)CC1C=CC(OS(C2=CC=CC=C2C(=O)OC(C)C)(=O)=O)=CC=1)(C)=O,0.01139801312237978
C(NC(=O)N(CC1CC1)CC1C=C(OS(=O)(=O)CC)C=CC=1)(C)C,0.006885723955929279
C(N(CC1CC1)CC1C=C(OS(C2=C(Cl)C=CC=C2C)(=O)=O)C=CC=1)(C)=O,0.009576114220544696
S(C1C=CC=C(C(F)(F)F)C=1)(NC1C(C(=O)NC2C=CC(C)=CC=2)=CC=CC=1)(=O)=O,0.0037434060475789012
C(N(C(C)C)CC1C=CC(OS(C2=CC=CC=C2C(OCCCC)=O)(=O)=O)=CC=1)(C)=O,0.009949760837480425
C(C1=CC(OS(=O)(=O)C)=C(OC)C=C1)N(C(NC(C)C)=O)CC1CC1,0.007767487480305135
C(N(C(C)C)CC1=C(OS(=O)(=O)C2C=CC=C(C=2)C(F)(F)F)C=CC=C1)(C)=O,0.007410644297488033
C(N(C(C)C)CC1C=CC(OS(C2=CC=CC=C2C(OCCCC)=O)(=O)=O)=CC=1)(C(C)C)=O,0.010877606365829707
C(N(CC1=CC=CO1)CC1C=CC(OS(C2=CC=CC=C2C(OCCCC)=O)(=O)=O)=CC=1)(COC)=O,0.008988626068457961
S(C1C=CC(F)=C(F)C=1)(NC1C(C(NC2C=CC=C(C)C=2)=O)=CC=CC=1)(=O)=O,0.004960868041962385
C(N(CC(C)C)CC1=CC(OS(=O)(=O)C2=CC(Cl)=C(C=C2)Cl)=C(OC)C=C1)(C)=O,0.010662252828478814
C(N(C(C)C)CC1C=CC(OS(C2=CC=CC=C2C(OCCCC)=O)(=O)=O)=CC=1)(C1CCC1)=O,0.010063942242413759
C1(=CC=CO1)CNC(C1=CC=C(C=C1)C=C1SC(=O)N(CC2=CC=CC=C2)C1=O)=O,0.00368502278579399
C=CCNC(C1=CC=C(C=C1)C=C1SC(=O)N(CC2C=CC=C(F)C=2)C1=O)=O,0.0027981630293652414
N1(CCC(C(N[C@H]2[C@@H](CCCC2)NC(=O)C2C=CC=CC=2C)=O)CC1)C(CCCCCCCC)=O,0.008931661769747735
N1(CCC(C(N[C@H]2[C@@H](CCCC2)NC(=O)C2C=CC=CC=2C)=O)CC1)C(CCCCCCCCCCC)=O,0.009359813714399933
C1(=CC=CC=C1Cl)C(=O)N(C(C)C)CC1C=CC(OS(C2=C(Cl)C=CC=C2C)(=O)=O)=CC=1,0.010190039034932851
N1(CCC(C(N[C@H]2[C@@H](CCCC2)NC(=O)C2C=CC=CC=2C)=O)CC1)C(CCCCCCCCCCCCC)=O,0.0095357162412256
C1(=CC=CS1)C(=O)N(CC1CCCO1)CC1=C(OS(=O)(=O)C2C=CC=C(C=2)C(F)(F)F)C=CC=C1,0.006195445312187076
N1(CCC(C(N[C@H]2CC[C@H](N(C(=O)C3C=CC(F)=CC=3)CC3C=CC=C(C)C=3)CC2)=O)CC1)C(CCC)=O,0.007271863985806704
C1(=CC=CO1)C(=O)N(C1CC1)CC1C=CC(OS(C2=C(Cl)C=CC=C2C)(=O)=O)=CC=1,0.010684054344892502
N1(CCC(C(N[C@H]2CC[C@H](N(C(=O)C3C=CC(F)=CC=3)CC3C=CC=C(C)C=3)CC2)=O)CC1)C(C1CCCCC1)=O,0.007251915382221341
C(N(CC(C)C)CC1=C(OS(=O)(=O)C2C=CC=C(C=2)C(F)(F)F)C=CC=C1)(C)=O,0.00806564330123365
C(=O)(C(CCCCNC(CCC(OCC)=O)=O)NC(OCC1=CC=CC=C1)=O)N1CCC(CC1)CC1=CC=CC=C1,0.004713306319899857
N1(CCC(C(N[C@H]2CC[C@H](N(C(=O)C3C=CC(F)=CC=3)CC3C=CC=C(C)C=3)CC2)=O)CC1)C(C1CC1)=O,0.006996918725781143
N1(CCOC(COC2C=CC(C)=CC=2)C1)C(CCl)=O,0.0072492336388677355
N1(CCC(C(N[C@H]2CC[C@H](N(C(=O)C3C=CC(F)=CC=3)CC3C=CC=C(C)C=3)CC2)=O)CC1)C(CCCCC)=O,0.006654071854427457
C1C=C(C=CC=1C)NC(=O)NC1C=CC(=CC=1)N1CCCN(CC2C=CC=CC=2F)C1=O,0.0045207683579064906
C(NC(C1CCC(C2=CC=CC=C2)N(C(NCCCC)=O)C1)=O)C,0.0049787497729994355
C=CCNC(=O)NC1=C(C=CC(C)=C1)N1CCCN(CC2C(F)=CC=C(F)C=2)C1=O,0.004006235196720808
C(NC(=O)NC1=CC=CC=C1N1CCCN(CC2C(F)=CC=C(F)C=2)C1=O)C,0.004007440013810992
C1(C(=O)NC2C=C(C(OC)=CC=2)N2CCCN(CC3C=CC=C(C)C=3)C2=O)=CC=CS1,0.00476596625521779
C1(F)C=C(C=CC=1C)S(=O)(=O)NC1C=C(C(OC)=CC=1)N1CCCN(CC2C=CC=C(C)C=2)C1=O,0.003875583305489272
C(OC)CNC(C1CCC(N(C(=O)CC2=CC=CS2)C1)C1=CC=CC=C1)=O,0.006576614803634584
C1C=C(CCNC(C2CCC(N(C(=O)C3CC3)C2)C2=CC=C(CC)C=C2)=O)C=CC=1OC,0.010121871577575802
C1(C(=O)NC2=C(C=CC(C)=C2)N2CCCN(CC3C=CC(=CC=3)OC(F)(F)F)C2=O)=CC=CO1,0.0042434768751263615
O1C(CNC(C2CCC(C3=CC=CC=C3)N(C(NC3C=CC(F)=CC=3F)=O)C2)=O)=CC=C1,0.004717665817588567
C1(=CC=C(C=C1)NC(=O)NC1=CC(=CC=C1)N1CCCN(CC2C=CC=C(Cl)C=2)C1=O)C(C)C,0.004971267108339816
C1=C(C=CC=C1NC(=O)NC1C=C(C(OC)=CC=1)N1CCCN(CC2=CC(Cl)=CC=C2)C1=O)Cl,0.0045039859833195806
C1=CC=CC(CN(C)C(C2CCC(N(C(=O)C3CC3)C2)C2=CC(C)=C(F)C=C2)=O)=C1,0.009807125851511955
C(NC(=O)NC1=CC(=CC=C1)N1CCCN(CC2=CC(Cl)=C(Cl)C=C2)C1=O)C,0.004544511437416077
C1=C(C=CC=C1NC(=O)NC1=C(C=CC(C)=C1)N1CCCN(CC2=CC=C(C(C)C)C=C2)C1=O)Cl,0.005296678491868078
C1=CC(CNC(C2CCC(N(C(=O)C3CC3)C2)C2=CC(C)=C(F)C=C2)=O)=CC2OCOC1=2,0.006953170918859541
C1(=CC=CC=C1)CCNC(C1CCC(C2=CC(C)=CC=C2)N(C(=O)COC)C1)=O,0.00952828642912209
C1(NC(=O)NC2=CC(=CC=C2)N2CCCN(CC3C=C(OC)C=C(OC)C=3)C2=O)=CC=CC=C1,0.004802020883653313
C(NC(=O)N(CC1CC1)CC1C=CC(OS(=O)(=O)C2C=CC(=CC=2)OC)=CC=1)C,0.006902631581760943
N(C1C=CC(=CC=1)C1SCC(=O)N1C1C=CC=CC=1F)C(=O)C1=CC=C(C=C1)OC,0.005445615877397359
N(C1C=CC(=CC=1)C1N(C2C=CC=C(C)C=2C)C(=O)CS1)C(=O)C1C=CC=CC=1F,0.006283881608396769
C(N(CCOC)CC1=CC(OS(=O)(=O)C2=CC(Cl)=C(C=C2)Cl)=C(OC)C=C1)(C)=O,0.010373534960672259
N(C1C=CC(=CC=1)C1SCC(=O)N1C1C=CC=CC=1F)C(C1=C(Cl)C=CC=C1)=O,0.005196331208571792
N(C1C=C(C=CC=1)C1N(C2C=CC=C(F)C=2)C(=O)CS1)C(=O)C1=CC=C(C=C1)OC,0.0049903185572475195
N(C1C=CC(=CC=1)C1SCC(=O)N1C1C=CC(C)=C(C)C=1)S(C1C=CC=CC=1)(=O)=O,0.004369448649231345
N1(C2=CC(OC)=CC=C2OC)C(=O)C(C)N(C(NC2=CC=C(C)C=C2)=O)CC1,0.004527468618471175
N(C1C=C(C=CC=1)C1N(C2C=CC(=CC=2)OC)C(=O)CS1)C(=O)COCC1C=CC=CC=1,0.006485668988898396
C1(=CC=CO1)C(=O)N(C(C)C)CC1C=CC(OS(C2=CC=CC=C2C(OCCCC)=O)(=O)=O)=CC=1,0.010163202323019505
C(N(CC1CC1)CC1C=C(OS(=O)(=O)CC)C=CC=1)(C(C)C)=O,0.01181446691043675
N(C1C=C(C=CC=1)C1N(C2C=CC(=CC=2)OC)C(=O)CS1)C(=O)C1C=CC=C(Cl)C=1,0.005529622337780893
C1(=CC=CC=C1Cl)C(=O)N(C(C)C)CC1C=CC(OS(C2=CC=CC=C2C(OCCCC)=O)(=O)=O)=CC=1,0.007897411310113966
N(C1=C(C=CC=C1)C1N(C2C=CC(=CC=2)OCC)C(=O)CS1)C(=O)C1C=CC(Cl)=CC=1Cl,0.005742650595493615
N(C1C=CC(=CC=1)C1N(C2=C(C(C)C)C=CC=C2)C(=O)CS1)C(=O)C1=CC=CS1,0.006864132033661008
C(N(C(C)C)CC1C=CC(OS(C2=CC=CC=C2C(OCCCC)=O)(=O)=O)=CC=1)(CC(C)(C)C)=O,0.010772023862227798
N(C1=C(C=CC=C1)C1N(C2C=CC(=CC=2)OCC)C(=O)CS1)C(C1=C(C)C=CC=C1)=O,0.006769275339320302
N(C1C=CC(=CC=1)C1N(C2C=CC(=CC=2)OCC)C(=O)CS1)C(=O)C1C=CC=C(F)C=1,0.00522025276441127
C(N(C(C)C)CC1C=CC(OS(C2=CC=CC=C2C(OCCCC)=O)(=O)=O)=CC=1)(=O)C1C=CC=C(F)C=1,0.007914639823138715
C(C1COC2(CCN(CC2)C(=O)C2=CC=C3OCOC3=C2)N1C(=O)C1=CC=C(C=C1)F)(=O)NCCOC,0.005808631284162402
C(N(CC1CCCO1)CC1=CC(OS(=O)(=O)C2C=CC=C(C=2)C(F)(F)F)=C(OC)C=C1)(C)=O,0.008262187801301479
C1(=CC=CS1)C(=O)N(C1CC1)CC1C=CC(OS(C2=CC=CC=C2C(OCCCC)=O)(=O)=O)=CC=1,0.007560499710962176
C(NC(=O)N(CC1CCCO1)CC1C=CC(OS(C2=CC=CC=C2C(OCCCC)=O)(=O)=O)=CC=1)C,0.0059215495828539135
N1(CCC[C@H]1C(NCCNC(=O)C1C=CC(F)=CC=1)=O)C(CCCCCCCCCCC)=O,0.008415775233879685
C(NC(=O)N(CC1CCCO1)CC1C=CC(OS(C2=CC=CC=C2C(OCCCC)=O)(=O)=O)=CC=1)(C)C,0.006043592724017799
C(N(CC1CC1)CC1=C(OS(=O)(=O)CC)C=CC=C1)(C1CCC1)=O,0.01291611446067691
C(N(CC1CCCO1)CC1C=CC(OS(C2=CC=CC=C2S(=O)(N(C)C)=O)(=O)=O)=CC=1)(CC(C)C)=O,0.0059549818513914944
C(N(C(C)C)CC1C=C(OS(C2=C(Cl)C=CC=C2C)(=O)=O)C=CC=1)(C)=O,0.009138882998377085
C(N(CC1CCCO1)CC1C=CC(OS(C2=CC=CC=C2C(OCCCC)=O)(=O)=O)=CC=1)(CC(C)C)=O,0.009021475724875928
N1(CCC[C@H]1C(=O)N[C@H]1CC[C@H](NC(=O)C2C=CC(OC)=CC=2)CC1)C(CCCCCCCC)=O,0.008604644890874624
C(N(CCOC)CC1C=CC(OS(C2=CC=CC=C2C(=O)OC(C)C)(=O)=O)=CC=1)(C(C)C)=O,0.012036498449742795
C(N(CC1CCCO1)CC1C=CC(OS(C2=CC=CC=C2S(=O)(N(C)C)=O)(=O)=O)=CC=1)(CC(C)(C)C)=O,0.006231872737407685
C(N(CC1CCCO1)CC1C=CC(OS(C2=CC=CC=C2C(OCCCC)=O)(=O)=O)=CC=1)(CC(C)(C)C)=O,0.009038039017468691
C(N(C1CC1)CC1C=CC(OS(C2=CC=CC=C2C(OCCCC)=O)(=O)=O)=CC=1)(COC)=O,0.009105374058708548
N1(CCC[C@H]1C(NCCNC(=O)C1C=CC(F)=CC=1)=O)C(CCCCCCCCCCCCC)=O,0.008840894419699907
C1(=CC=CC=C1Cl)C(=O)N(CC1=CC=CO1)CC1C=CC(OS(C2=CC=CC=C2C(=O)OC(C)C)(=O)=O)=CC=1,0.009275534423068166
C(NC(=O)N(C1CC1)CC1C=CC(OS(C2=CC=CC=C2C(OCCCC)=O)(=O)=O)=CC=1)(C)(C)C,0.006576993223279715
C(N(CC1CCCO1)CC1C=CC(OS(C2=CC=CC=C2S(=O)(N(C)C)=O)(=O)=O)=CC=1)(C)=O,0.006284912140108645
C(N(CC1CCCO1)CC1C=CC(OS(C2=CC=CC=C2C(OCCCC)=O)(=O)=O)=CC=1)(C)=O,0.0087326237000525
N1(CCC[C@H]1C(=O)N[C@H]1CC[C@H](NC(=O)C2C=CC(OC)=CC=2)CC1)C(CCCCCCCCC)=O,0.008770217653363943
C(N(C1CC1)CC1C=CC(OS(C2=CC=CC=C2C(OCCCC)=O)(=O)=O)=CC=1)(C(C)C)=O,0.010029480094090104
C(NC(=O)N(C1CC1)CC1C=CC(OS(C2=CC=CC=C2C(OCCCC)=O)(=O)=O)=CC=1)C,0.006302030361257494
C(N(CC1CCCO1)CC1C=CC(OS(C2=CC=CC=C2S(=O)(N(C)C)=O)(=O)=O)=CC=1)(C(C)C)=O,0.00643614367581904
C(N(CC1CCCO1)CC1C=CC(OS(C2=CC=CC=C2S(=O)(N(C)C)=O)(=O)=O)=CC=1)(COC)=O,0.006339693139307201
C(N(CCC)C(C1COC2(CCCCC2)N1C(C1=CC=C(C=C1)C(F)(F)F)=O)=O)CC,0.008602961828000844
C(N(CC1CCCO1)CC1C=CC(OS(C2=CC=CC=C2C(OCCCC)=O)(=O)=O)=CC=1)(C(C)C)=O,0.009086220944300293
C(N(CC1CCCO1)CC1C=CC(OS(C2=CC=CC=C2C(OCCCC)=O)(=O)=O)=CC=1)(COC)=O,0.00840246295556426
C(N(C1CC1)CC1C=CC(OS(C2=CC=CC=C2C(OCCCC)=O)(=O)=O)=CC=1)(C1CCC1)=O,0.010184669587761163
C(NC(=O)N(C1CC1)CC1C=CC(OS(C2=CC=CC=C2C(OCCCC)=O)(=O)=O)=CC=1)(C)C,0.006571645708754658
C(N(CC1CCCO1)CC1C=CC(OS(C2=CC=CC=C2S(=O)(N(C)C)=O)(=O)=O)=CC=1)(C1CCC1)=O,0.0062564681749790905
C(NC(=O)N(CC1CCCO1)CC1C=CC(OS(C2=CC=CC=C2S(=O)(N(C)C)=O)(=O)=O)=CC=1)(C)(C)C,0.0039530720096081495
C1(=CC=CO1)C(=O)N(C1CC1)CC1C=CC(OS(C2=CC=CC=C2C(OCCCC)=O)(=O)=O)=CC=1,0.009591002156957984
C(NC(=O)N(CC1CCCO1)CC1C=CC(OS(C2=CC=CC=C2C(OCCCC)=O)(=O)=O)=CC=1)(C)(C)C,0.006063063559122383
C(N(C(C)CC)CC1=CC(OS(=O)(=O)C2=CC(Cl)=C(C=C2)Cl)=C(OC)C=C1)(C)=O,0.010757863847538829
C(N(C1CC1)CC1C=CC(OS(C2=CC=CC=C2C(OCCCC)=O)(=O)=O)=CC=1)(CC(C)C)=O,0.009758200496435165
C(NC(=O)N(CC1CCCO1)CC1C=CC(OS(C2=CC=CC=C2S(=O)(N(C)C)=O)(=O)=O)=CC=1)C,0.003831149253528565
C1(C=CC(=CC=1)OC)NC(C1CN(CC2C=C(C(F)(F)F)C=C(C(F)(F)F)C=2)C(=O)C1)=O,0.006254629138857127
C1=C(C=CC=C1NC(C1CN(CC2C=C(C(F)(F)F)C=C(C(F)(F)F)C=2)C(=O)C1)=O)OC,0.006126892194151879
C1(C=CC=CC=1F)NC(C1CN(CC2C=C(C(F)(F)F)C=C(C(F)(F)F)C=2)C(=O)C1)=O,0.005666633951477706
C1(CNC(CC2C=C(C=CC=2)N(C(C2=C(F)C=C(F)C=C2)=O)CC2=CC=C(C)C=C2)=O)CC1,0.007576316618360579
C=CCNC(CC1C=C(C=CC=1)N(C(C1=C(F)C=C(F)C=C1)=O)CC1=CC=C(C)C=C1)=O,0.005967214121483266
O=C(CN1C2C(C(=O)N(C3=CC=C(C(C)=O)C=C3)C1=O)=CC=CC=2)NCCC,0.007973903627134859
C(C1COC2(CCC(C)CC2)N1C(C1C=CC=C(C=1)C(F)(F)F)=O)(=O)N1CCCC1,0.008815531199797989
C12CC(C(C)(C)C)CCC=1C(C(=O)OCC)=C(NC(COC)=O)S2,0.010779623361304402
C1=C(C=CC=C1NC(=O)N(CCCOC)CC(=O)N1CCC2SC=CC=2C1COC1=C(F)C=CC=C1)Cl,0.0036931355018168686
C1(S(=O)(=O)N2CCC(C(NC(C3=C(C)C=CC=C3)=O)C(NCCCOC)=O)CC2)=CC=C(C=C1)Cl,0.003913458390161395
C12CC(C)CCC=1C(C(=O)OCC)=C(NC(C1CCC1)=O)S2,0.008072151988744735
C(F)(F)(F)C1C=CC(=CC=1)C(=O)N1CCC(C(NC(C2=C(C)C=CC=C2)=O)C(N2CCCC2)=O)CC1,0.005792359507177025
C12CC(C)CCC=1C(C(=O)OCC)=C(NC(CCC=C)=O)S2,0.00932868835516274
N(C(=O)C1C=CC(C)=CC=1)(CC1C=CC(=CC=1)OS(=O)(=O)CC)C(C)CC,0.0120155512355268
C12CC(CC)CCC=1C(C(=O)OCC)=C(NC(CCC=C)=O)S2,0.009961642464622856
C12CC(C(C)(C)C)CCC=1C(C(=O)OCC)=C(NC(CCC)=O)S2,0.010055155772715808
N(S(=O)(=O)C1=CC=C(C=C1)C(C)(C)C)(CC(N(CC1=COC2C=CC=CC=2C1=O)CC1=CC=C(F)C=C1)=O)CC1CCCO1,0.006279255077242851
N(S(=O)(=O)C1=C(C)C=C(C)C=C1C)(CC(N(CC1=COC2C=CC=CC=2C1=O)CC1=CC=C(F)C=C1)=O)CC1CCCO1,0.006362434942275286
N(C(=O)C1=CC=CC2C=CC=CC1=2)(CC(N(CC1=COC2C=CC(Cl)=CC=2C1=O)CC1=CC=C2OCOC2=C1)=O)CC=C,0.006642730277962983
N(C(=O)NC1=CC=CC2=CC=CC=C12)(CC(N(CC1=COC2C=CC(C)=CC=2C1=O)CC1=CC=CC=C1)=O)CCOC,0.005363675055559724
N(C(=O)NC(C)(C)C)(CC(N(CC1=COC2C=CC(Cl)=CC=2C1=O)CC1=CC=C2OCOC2=C1)=O)CCCC,0.004918961878865957
N(C(=O)CCCCCCCCC)(CC(N(CC1=COC2C=CC(Cl)=CC=2C1=O)CC1=CC=C2OCOC2=C1)=O)CC=C,0.007584296236746013
N(C(=O)C(C1C=CC=CC=1)C1C=CC=CC=1)(CC(N(CC1=COC2C=CC(C)=CC=2C1=O)CC1=CC=CC=C1)=O)CCOC,0.011611370882019401
C1(F)C=C(CNC(C2=CC=C(COC3C=C4C(N(C(=O)CC(C)C)CCC4=CC=3)C3=CC=C(C)C=C3)O2)=O)C=CC=1,0.00781270747538656
C(C)(C)NC(C(CC)OC1C=C2C(N(C(=O)C(C)(C)C)CCC2=CC=1)C1C=CC=C(F)C=1)=O,0.009919948549941182
C(N(CCC)C(C1COC2(CCCCC2)N1C(=O)C1C=CC=C(F)C=1)=O)CC,0.011696456279605628
C(OC)CNC(C1=CC=C(COC2C=C3C(N(C(=O)CC(C)C)CCC3=CC=2)C2=CC=C(C)C=C2)O1)=O,0.008544357307255269
C1CCCN1C(C1=CC=C(COC2C=C3C(N(C(=O)CC(C)C)CCC3=CC=2)C2=CC=C(C)C=C2)O1)=O,0.01144100483506918
C1(F)C=C(CNC(C(CC)OC2C=C3C(N(C(=O)CC(C)C)CCC3=CC=2)C2=CC=C(C)C=C2)=O)C=CC=1,0.008909682021476328
CC(C)(C)NC(C1COC2(CCC(C)CC2)N1C(=O)C1=CC=C(C=C1)F)=O,0.010044046817347408
C(C)(C)NC(C1=CC=C(COC2C=C3C(N(C(=O)CC(C)C)CCC3=CC=2)C2=CC=C(C)C=C2)O1)=O,0.011192226503044366
O1CCN(CC1)C(C1=CC=C(COC2C=C3C(N(C(=O)CC(C)C)CCC3=CC=2)C2=CC=C(C)C=C2)O1)=O,0.010236789751797915
N1(CCC(C(NCCNC(=O)C2C=CC=CC=2)=O)CC1)C(CCCl)=O,0.00498851491138339
C(N(CCC)C(C1COC2(CCC(C)CC2)N1C(=O)C1=CC=C(C=C1)F)=O)CC,0.0127025761641562
N1(CCC(C(N[C@H]2CC[C@H](N(C(=O)C3C=CC(F)=CC=3)CC3C=CC=C(C)C=3)CC2)=O)CC1)C(C1=CC=C(C=C1)OC)=O,0.0057843862101435665
C(C)NC(C1=CC=C(COC2C=C3C(N(C(=O)CC(C)C)CCC3=CC=2)C2=CC=C(C)C=C2)O1)=O,0.010494433483108878
C(C1OC=CC=1)N(C)C(C1=CC=C(COC2C=C3C(N(C(=O)CC(C)C)CCC3=CC=2)C2=CC=C(C)C=C2)O1)=O,0.011899696476757527
O1CCCC1CNC(C(CC)OC1C=C2C(N(C(=O)C(C)(C)C)CCC2=CC=1)C1C=CC=C(F)C=1)=O,0.00870395612437278
C1C(F)=C(CNC(C2COC3(CCC(C)CC3)N2C(=O)C2=CC=CC(OC)=C2)=O)C=CC=1,0.008403661870397627
O1CCCC1CNC(C(CC)OC1C=C2C(N(C(=O)C(C)C)CCC2=CC=1)C1C=CC=C(F)C=1)=O,0.008730333484709262
C=CCNC(C(CC)OC1C=C2C(N(C(=O)C(C)(C)C)CCC2=CC=1)C1C=CC=C(F)C=1)=O,0.009088049968704581
C1(CNC(C2=CC=C(COC3C=C4C(N(C(=O)CC(C)C)CCC4=CC=3)C3=CC=C(C)C=C3)O2)=O)CC1,0.010202773008495569
C1CCCN1C(C(CC)OC1C=C2C(N(C(=O)C(C)(C)C)CCC2=CC=1)C1C=CC=C(F)C=1)=O,0.010176126379519701
C(N(CCC)C(C1COC2(CCCCC2)N1C(=O)C1C=CC=CC=1)=O)CC,0.01629769681021571
C=CCNC(C1=CC=C(COC2C=C3C(N(C(=O)CC(C)C)CCC3=CC=2)C2=CC=C(C)C=C2)O1)=O,0.009663116838783025
C(OC)CNC(C(CC)OC1C=C2C(N(C(=O)C(C)(C)C)CCC2=CC=1)C1C=CC=C(F)C=1)=O,0.008300913427956403
C(C1OC=CC=1)N(C)C(C(CC)OC1C=C2C(N(C(=O)C(C)(C)C)CCC2=CC=1)C1C=CC=C(F)C=1)=O,0.010927264159545303
C1C(C)N(CCC1)C(C1COC2(CCCCC2)N1C(=O)C1C=CC=CC=1)=O,0.013253476889804005
N1(CCC(C(N[C@H]2[C@H](NC(=O)C3C=CC(F)=CC=3)CCCC2)=O)CC1)C(CCCl)=O,0.005617859563790262
C(C1COC2(CCN(CC2)C(=O)C2=CC=CC=C2Cl)N1C(=O)C1=CC=C(C=C1)OC)(=O)NCC(C)C,0.007098727580159903
N(C)(C(C1COC2(CCN(CC2)C(CC(C)(C)C)=O)N1C(=O)C1=CC=C(C)C=C1)=O)CC1=CC=CC=C1,0.010842703143134713
C(C1COC2(CCN(CC2)C(=O)C2=CC=CC=C2C)N1C(=O)C1=CC=C(C=C1)OC)(=O)NCC1=CC=CC=C1,0.0070176444249227645
C1(=CC=CC=C1)C(C)NC(C1COC2(CCN(CC2)C(=O)C2=CC=C(C)C=C2)N1C(=O)C1=CC=CC=C1C)=O,0.0075692767975851895
C(C1COC2(CCN(CC2)C(=O)C2=CC=C(CC)C=C2)N1C(=O)C1C=CC=CC=1)(=O)NCC1C=CC=C(C=1)C(F)(F)F,0.004565036424901336
C(C(C)C)NC(CC1=CC=C(C=C1)N(C(=O)C1CCCC1)CC1C=CC=C(F)C=1)=O,0.008925683936104179
C1(C)C=C(C=CC=1)NC(CC1=CC=C(C=C1)N(C(=O)C1C=CC(=CC=1)Cl)CC1C=CC=C(F)C=1)=O,0.006875703879632056
C12C(=CC=CC=1)CCN(C2)C(CC1=CC=C(C=C1)N(C(=O)C1C=CC=CC=1)CC1=CC=CC=C1)=O,0.012481552502140402
C1C=C(CNC(CC2=CC=C(C=C2)N(C(=O)C2C=CC=C(F)C=2)CC2C=CC=C(F)C=2)=O)C=CC=1F,0.007378056482411921
C1CCCN1C(CC1=CC=C(C=C1)N(C(=O)C1C=CC(=CC=1)Cl)CC1C=CC=C(F)C=1)=O,0.007073119352571666
C1(CC1)NC(CC1=CC=C(C=C1)N(C(C1=C(C)C=CC=C1)=O)CC1=CC=CC=C1)=O,0.009464268875308334
O1C(CNC(CC2=CC=C(C=C2)N(C(=O)C2C=CC(=CC=2)Cl)CC2C=CC=C(F)C=2)=O)=CC=C1,0.007220482965931296
N(C(C)(C)C)(C(COC1C=CC(=CC=1)Cl)=O)CC(=O)N1CCC2SC=CC=2C1C1=CC=CC=C1,0.009097523894160986
C1(CC1)NC(CC1=CC=C(C=C1)N(C(=O)C1C=CC(=CC=1)Cl)CC1C=CC=C(F)C=1)=O,0.006492185313254595
C1C=C(CCNC(CC2=CC=C(C=C2)N(C(=O)C2C=CC=CC=2)CC2=CC=CC=C2)=O)C=CC=1OC,0.008991214679554105
C(C(=O)N(CC1CCCO1)CC(=O)N(CC1=CC=C2OCOC2=C1)CC1=CC=C(C)O1)C(C)C,0.012626854702830315
N(CC1=CC=CO1)(C(=O)C1=CC=CO1)CC1=CC(=C(OC)C=C1)OS(C1C=CC=C(C=1)C(F)(F)F)(=O)=O,0.009681828739121556
N(CC1=CC=CO1)(C(=O)C1C=CC=C(F)C=1)CC1=CC(=C(OC)C=C1)OS(C1C=CC=C(C=1)C(F)(F)F)(=O)=O,0.007582960231229663
C1(=CC=CC=C1Cl)C(=O)N(C(C)C)CC1C=C(OS(C2=CC=CC=C2C(=O)OC(C)C)(=O)=O)C=CC=1,0.009967758692800999
C1(NC(=O)N(C(C)C)CC2C=C(OS(C3=CC=CC=C3C(=O)OC(C)C)(=O)=O)C=CC=2)C=CC=CC=1OC,0.007395884534344077
N(C(C)C)(C(CC(C)(C)C)=O)CC1=CC(=C(OC)C=C1)OS(C1C=CC=C(C=1)C(F)(F)F)(=O)=O,0.010162092046812177
N(C(C)C)(C(NC(C)(C)C)=O)CC1=CC(=C(OC)C=C1)OS(C1C=CC=C(C=1)C(F)(F)F)(=O)=O,0.0063344805734232065
C(N(C(C)CC)CC1C=C(OS(C2=C(Cl)C=CC=C2C)(=O)=O)C=CC=1)(C1CCC1)=O,0.010726814717054367
N1(CCCCCCC1)C(=O)C=C1C(=O)N(CC2C=C(C(F)(F)F)C=CC=2)C2=CC=CC=C2S1,0.007446233904920519
O=C(C1=C(Cl)C2=CC(OC)=CC=C2S1)NCCCCC,0.0057626809692010285
C1(NC(=O)N(CC=C)CC(N(CC2=CC=C(F)C=C2)CC2=CC=C(C)S2)=O)C=CC=CC=1C,0.004932518571149558
O=C(C1=C(Cl)C2=C3C=CC=CC3=CC=C2S1)NCC(C)(C)C,0.008344844006933272
C(CCN1CC2=C(C1=O)C(C1=C(C(F)(F)F)C=CC=C1)NC(=O)N2C)(NCC1=CC=CO1)=O,0.005919260112568736
N1(CCCC(C1)C(=O)N[C@H]1[C@H](NC(=O)C2C=CC=CC=2C)CCCC1)S(C1C=CC2=CC=CC=C2C=1)(=O)=O,0.004759107332210988
C(C(=O)NC1=CC(=CC=C1)N1CCCN(CC2=CC(C)=C(C)C=C2)C1=O)C1C=CC(F)=CC=1,0.00534305942710489
N(C(=O)C1C=CC=C(Br)C=1)(CC(N(CC1=COC2C=CC(C)=CC=2C1=O)CC1=CC=CC=C1)=O)CC1CCCO1,0.009288965724408627
N1(CCC(C(NCCNC(=O)C2C=CC(F)=CC=2)=O)CC1)C(C1C=CC(Cl)=CC=1)=O,0.004980547330342233
N(C(=O)C1=CC=C(C=C1)Br)(CC(N(CC1=COC2C=CC(C)=CC=2C1=O)CC1=CC=CC=C1)=O)CC=C,0.010469466634094714
C1N(C(=O)C2C=CC=CC=2Cl)CC(CN(C(=O)C2C=CC=CC=2)CC2CCCO2)OC1,0.010430995235219597
N(C(=O)C1C=CC(Cl)=CC=1Cl)(CC(N(CC1=COC2C=CC(Cl)=CC=2C1=O)CC1=CC=C2OCOC2=C1)=O)CC1CCCO1,0.006716923299245536
N(S(=O)(=O)C1=C(Cl)C=CC(Cl)=C1)(CC(N(CC1=COC2C=CC=CC=2C1=O)CC1=CC=C(F)C=C1)=O)CCOC,0.006207420397549868
N(C(CC(C)CC(C)(C)C)=O)(CC(N(CC1=COC2C=CC(Cl)=CC=2C1=O)CC1=CC=C2OCOC2=C1)=O)CC=C,0.008871483616530895
N(C(C1C=CC(=CC=1)C(F)(F)F)=O)(CC(N(CC1=COC2C=CC(Cl)=CC=2C1=O)CC1=CC=C2OCOC2=C1)=O)CC1CCCO1,0.0053353924071416255
C1(CNC(C2=CC=C(COC3C=C4C(N(C(=O)C(C)C)CCC4=CC=3)C3C=CC=C(F)C=3)O2)=O)CC1,0.0077215514844283465
C(C)N(CC)C(C1=CC=C(COC2C=C3C(N(C(=O)C(C)C)CCC3=CC=2)C2C=CC=C(F)C=2)O1)=O,0.009691864112392068
C1(C(=O)NC2=C(C=CC(C)=C2)N2CCCN(CC3=C(C)C=CC=C3)C2=O)CCCC1,0.007795080821961164
C(C(=O)NC1=C(C=CC(C)=C1)N1CCCN(CC2=CC=CC=C2)C1=O)(CC)C1C=CC=CC=1,0.006831702752970159
C1(C(=O)NC2=C(C=CC(C)=C2)N2CCCN(CC3=C(C)C=CC=C3)C2=O)C=CC=CC=1Cl,0.005939391627907753
C1C(F)=C(C=CC=1F)C(=O)NC1=C(C=CC(C)=C1)N1CCCN(CC2=CC=CC=C2)C1=O,0.004878759128041565
C(NC(=O)N1CC(C(C2=CC=C(OC)C=C2)C1)C(=O)N1CCOCC1)(C)(C)C,0.006017370405606926
C1(C(=O)N(CC2=CC=C3OCOC3=C2)CC2=CC=C(C)O2)=CC=CC(OC)=C1,0.011289393249899148
S(N(CCOC)CC1C=C(OS(=O)(=O)C2C=C(F)C(OC)=CC=2)C=CC=1)(C)(=O)=O,0.007525856234133243
C(C1CN(C2=CC(F)=CC=C2)C(=O)C1)(=O)NCC1=CC=CC=C1,0.005841193860396743
C(N(CC1=CC=CO1)CC1C=CC(OS(C2=C(Cl)C=CC=C2C)(=O)=O)=CC=1)(C)=O,0.009692584909498692
C1COCCN(C(=O)NC2C=CC=CC=2)C1,0.005289880186319351
C(N(C(C)C)CC1C=CC(OS(C2=C(Cl)C=CC=C2C)(=O)=O)=CC=1)(C)=O,0.00929251741617918
C(N(C(C)CC)CC1C=CC(OS(C2=C(Cl)C=CC=C2C)(=O)=O)=CC=1)(C)=O,0.009886657167226077
N(CC1CC2=CC(C(C)(C)C)=CC=C2O1)C(C1=CC=C(F)C=C1)=O,0.008614920359104872
C(C1CN(C2=CC(F)=CC=C2)C(=O)C1)(=O)NCCC1=CC=CC=C1,0.006126959435641765
O=C(C1=C(Cl)C2=CC(OC)=CC=C2S1)NCC1OC=CC=1,0.005177084798924625
C=CCNC(C1CC(C2=CC(C)=C(F)C=C2)CN(C(=O)C2C=CC=CC=2)C1)=O,0.005838089925237
C(N(CCOC)CC1C=C(OS(C2=C(Cl)C=CC=C2C)(=O)=O)C=CC=1)(C1CCC1)=O,0.008937530708499253
C(N(CC1=CC(=CC=C1OS(=O)(=O)CC)Cl)CC1CC1)(C)=O,0.009576688567176462
C(N(C(C)CC)CC1=CC(OS(=O)(=O)C2=CC(Cl)=C(C=C2)Cl)=C(OC)C=C1)(C(C)C)=O,0.01224471814930439
C(NC(=O)N(C(C)C)CC1C=CC(OS(C2=CC=CC=C2C(OCCCC)=O)(=O)=O)=CC=1)(C)(C)C,0.00699045523069799
N1(CCC(CC1)N(C(CN(CCOC)S(=O)(=O)C1C=CC=CC=1)=O)CC1=CC=C(C)C=C1)C(C=CC1C=CC=CC=1)=O,0.005810906924307346
N(C1C=CC(=CC=1)C1N(C2=CC=C(C(C)(C)C)C=C2)C(=O)CS1)C(=O)C(C)(C)C,0.009659207798540593
N(C1C=C(C=CC=1)C1N(C2=CC=C(C(C)(C)C)C=C2)C(=O)CS1)C(=O)CC,0.007482752297073602
N1(CCC(CC1)N(C(CN(CCOC)S(=O)(=O)C1C=CC=CC=1)=O)CC1=CC=C(C)C=C1)C(C1C=CC=C(Cl)C=1)=O,0.005144004430621863
N1(CCC(CC1)N(C(CN(CCC(C)C)S(=O)(=O)CCC)=O)CC1=C(C)C=CC=C1)C(C=CC1C=CC=CC=1)=O,0.007214033883064986
N(C1=C(C=CC=C1)C1N(C2=CC=C(F)C=C2F)C(=O)CS1)C(C1=CC=CC=C1)=O,0.005077003105543554
N(C1C=C(C=CC=1)C1N(C2=CC=C(C(C)(C)C)C=C2)C(=O)CS1)C(=O)CCC,0.007952418364584445
N1(CCC(CC1)N(C(CN(CCC(C)C)S(=O)(=O)CCC)=O)CC1=C(C)C=CC=C1)C(C1=CC=CO1)=O,0.007804680988192559
N1(CCC(CC1)N(C(CN(CCC(C)C)S(=O)(=O)CCC)=O)CC1=C(C)C=CC=C1)C(C1=CC=C(C=C1)CC)=O,0.007533435639925301
N(C1=C(C=CC=C1)C1N(C2=CC=C(F)C=C2F)C(=O)CS1)C(CC(C)(C)C)=O,0.006286786217242479
N(C1C=C(C=CC=1)C1N(C2=CC=C(C(C)(C)C)C=C2)C(=O)CS1)C(=O)CCCC,0.008414762187749147
N1(CCC(CC1)N(C(CN(CC1CCCCC1)S(=O)(=O)CC)=O)CC1=CC=C(OC)C=C1)C(CCCC)=O,0.007824678486213089
N(C1C=CC(=CC=1)C1N(C2=CC(C)=CC=C2F)C(=O)CS1)C(C1=CC=CC=C1)=O,0.005422136513516307
N(C1C=CC(=CC=1)C1N(C2=CC(CC)=CC=C2)C(=O)CS1)C(C1=CC=CC=C1)=O,0.006708025769330561
N1(CCC(N(C(=O)CN(S(=O)(=O)C2C=CC(C)=CC=2)CCC)CC2C=CC(Cl)=CC=2)CC1)C(=O)NC(C)(C)C,0.003557713911868632
N(C1C=CC(=CC=1)C1N(C2=CC(C)=CC=C2F)C(=O)CS1)C(=O)CC(C)C,0.006436353037133813
N(C1C=CC(=CC=1)C1N(C2=CC(CC)=CC=C2)C(=O)CS1)C(=O)C1C=CC(C)=CC=1,0.0069918800611048935
N1(CCC(CC1)N(C(CN(CCC(C)C)S(=O)(=O)CCC)=O)CC1=C(C)C=CC=C1)C(C1=C(OC)C=CC=C1)=O,0.0069170229136943815
N(C1C=CC(=CC=1)C1N(C2=CC=C(C(C)(C)C)C=C2)C(=O)CS1)C(=O)CC,0.007699910248629749
N(C1C=CC(=CC=1)C1N(C2=CC(CC)=CC=C2)C(=O)CS1)C(=O)C1=CC=CS1,0.006227262876927852
N1(CCC(CC1)N(C(CN(CCC(C)C)S(=O)(=O)CCC)=O)CC1=C(C)C=CC=C1)C(C1C=CC(F)=CC=1)=O,0.006530310586094856
N(C1C=CC(=CC=1)C1N(C2=CC=C(C(C)(C)C)C=C2)C(=O)CS1)C(=O)CCC,0.008119373442605137
N(C1C=CC(=CC=1)C1N(C2=CC(CC)=CC=C2)C(=O)CS1)C(CC(C)(C)C)=O,0.008469937765039504
N1(CCC(N(C(=O)CN(S(=O)(=O)C2C=CC(C)=CC=2)CCC)CC2C=CC(Cl)=CC=2)CC1)C(CCCC)=O,0.0063967301277443765
C1(C(=O)N(CCOC)CC(=O)N(CCC2C=CC(OC)=C(OC)C=2)CC2=CC=C(C)O2)C=CC(Cl)=CC=1Cl,0.009151206258684397
N(C1C=CC(=CC=1)C1N(C2=CC=C(C(C)(C)C)C=C2)C(=O)CS1)C(=O)CCCC,0.008597032446414233
N(C1C=CC(=CC=1)C1N(C2=CC(CC)=CC=C2)C(=O)CS1)C(C1=C(C)C=CC=C1)=O,0.006960482243448496
C1(CC1)NC(C1CCC(N(C(=O)CC2C=CC=CC=2)C1)C1=CC(C)=CC=C1)=O,0.010673263715580106
N(CC1CC2=CC(OC)=CC=C2O1)C(C1=CC=C(Br)C(C)=C1)=O,0.010793418530374766
O1CCN(CC1)C(C1CCC(N(C(=O)CC2C=CC=CC=2)C1)C1=CC(C)=CC=C1)=O,0.010609515057876707
N1(CCC(CC1)N1C(=O)OC2=CC=C(F)C=C21)C(C1C=CC(F)=C(F)C=1)=O,0.0051000478444620965
C1(=CC=CC=C1)CNC(C1CC(C2=CC(OC)=C(OC)C=C2)CN(C(=O)COC)C1)=O,0.008156971447169781
N1(CCC(CC1)N1C(=O)OC2=CC=C(C)C=C21)C(C1C=CC=C2C(=O)C3C=CC=CC=3C2=1)=O,0.007408228167332709
C1(=CC=CO1)CNC(C1CCC(N(C(=O)C)C1)C1C=CC=C(C(F)(F)F)C=1)=O,0.006037843390367925
O=C(C1=C(Cl)C2=CC(OC)=CC=C2S1)NCC(F)(F)C(F)(F)F,0.0035107569427054843
N(CC1CC2=CC(F)=CC(F)=C2O1)C(C=CC1C=CC=CC=1)=O,0.006458985526114703
N(C1CCCCC1)(C(=O)CC1C(=O)NC2=CC=CC=C2S1)CC=C,0.010596774891018868
N(CC1CC2=CC(F)=CC=C2O1)C(C1=CC(OC)=C(OC)C(OC)=C1)=O,0.007717872480861842
O=C(C1=C(Cl)C2=CC3OCOC=3C=C2S1)NCCCSC,0.004358759801834822
C(C1SC(=CC=1)C1=CC(C(F)(F)F)=CC=C1)(=O)NCCC1C=CC(F)=CC=1,0.004163597116712481
C(C1SC(=CC=1)C1=CC=C(F)C=C1)(=O)N(CCC1C=CC=CC=1)C,0.007809344260022044
C(C1SC(=CC=1)C1=CC2OCCOC=2C=C1)(=O)N(C1CCCCC1)C,0.01166278524324298
N(CC1CC2=CC(OC)=CC=C2O1)C(C1C=CC(Cl)=CC=1Cl)=O,0.007836998160928487
C=CCNC(C1CCC(C2=CC=C(F)C=C2)N(C(=O)C2C=CC=CC=2)C1)=O,0.005787535035051405
C1(=CC=CO1)CNC(C1CC(C2C=CC=CC=2)CN(C(C2=C(F)C=CC=C2)=O)C1)=O,0.007405481766909361
C(NC(=O)N(CC(C)C)CC(=O)N(CC1=CC=C(F)C=C1)CC1SC=CC=1C)(C)(C)C,0.00625243776012212
C1=C(C=CC=C1NC(=O)N(CC1CCCO1)CC(=O)N(CC1=CC=C(F)C=C1)CC1SC=CC=1C)Br,0.004410609125625342
C1(CCCN(C1)C(C1CC(C2=CC=CC(C)=C2)CN(C(=O)C)C1)=O)C(=O)OCC,0.01159945884719491
C1(C(=O)N(CCOC)CC(=O)N(CCC2=CC=C(OC)C(OC)=C2)CC2SC=CC=2C)C=CC(=CC=1)Cl,0.0077640685020014645
C1(NC(=O)N(C2CC2)CC(=O)N(CC2=CC=CC=C2)CC2SC=CC=2C)C=CC(=CC=1)C,0.00586736062541604
C=CCNC(C1CC(C2=CC(OC)=C(OC)C=C2)CN(C(=O)C2CC2)C1)=O,0.009178038965910674
N(C1CC1)C(CN1C2C(C(=O)N(C3C=CC(F)=C(Cl)C=3)C1=O)=CC=CC=2)=O,0.004770003748126328
C1(CNC(C2CCC(C3=CC(C)=CC=C3)N(C(NCC)=O)C2)=O)CC1,0.006012926320545375
O=C(CN1C2C(C(=O)N(CCC)C1=O)=CC(C)=CC=2)N1CCOCC1,0.005947650736197829
C1C(F)=C(CNC(C2CCC(N(C(=O)COC)C2)C2=CC=C(CC)C=C2)=O)C=CC=1,0.007654241542331875
C1(C(C)C)SC(NC(C2=CC(OC)=C(OC)C(OC)=C2)=O)=C(C(=O)OCC)C=1,0.007181234029121697
N(CCOCC)C(=O)CC1C(=O)NC2=CC=CC=C2S1,0.005408791592344642
C1C(CCC2C=CC=CC=2)CCN(C(C(OC(=O)C)C2=CC=CC=C2)=O)C1,0.011751371063292026
C12CCCC=1C(C(=O)OCC)=C(NC(/C=C(/C)\C)=O)S2,0.007582612754777074
O1CCCC1CNC(C1COC2(CCN(CC2)C(=O)C2=CC=CC=C2F)N1C(=O)C1=CC=CC(OC)=C1)=O,0.006720031029544771
O=C(C1SC2=CC=CC=C2C=1Cl)NC1C=CC=C(C(=O)OC)C=1,0.004332367714960128
C1(C(C)CC(C)(C)C)SC(NC(COC)=O)=C(C(=O)OCC)C=1,0.00929314298555255
N(CC1CC2=CC(F)=CC=C2O1)C(C1C=CC(Cl)=CC=1Cl)=O,0.006197636504657567
[C@@H]1(O)[C@@H](C2=CC=C(C(=O)OC)C=C2)CN(C(=O)C2=CC=CC=C2)C1,0.0031966658891178666
N(CC1CC2=CC(C(=O)OC)=CC=C2O1)C(=O)C1C=C(F)C=C(C(F)(F)F)C=1,0.0061807969585061075
C12CCCC=1C(C(=O)OCC)=C(NC(C1=C(C)OC(C)=C1)=O)S2,0.007251641224138438
C12C3C=CC=CC=3CC=1C(C(=O)OCC)=C(NC(CCC(=O)OC)=O)S2,0.007159140869043767
C12CCCC=1C(C(=O)OCC)=C(NC(CCSC)=O)S2,0.0059097283752635125
C(C(=O)NC1=C(C=CC(C)=C1)N1CCCN(C(C)C2=CC=CC=C2)C1=O)C1C=CC(F)=CC=1,0.00551239491906017
C1(C(=O)NC2=C(C=CC(C)=C2)N2CCCN(C(C)C3=CC=CC=C3)C2=O)=CC=C(C=C1)OC,0.006232804642058909
C(C1SC(=CC=1)C1=CC(C(F)(F)F)=CC=C1)(=O)N(CC(C)C)C,0.0057585940696299074
N(C1=C(C=CC=C1)C1N(C2C=CC=CC=2OC)C(=O)CS1)C(=O)C(C)(C)CCl,0.006647617416456341
N(C1CC1)C(=O)C=C1C(=O)N(CC2C=CC=CC=2Cl)C2=CC=CC=C2S1,0.0074625636218115686
N(C1C=CC(=CC=1)C1SCC(=O)N1C1C=CC(=CC=1)OC)C(=O)C(C)(C)CCl,0.006706758891232312
N(C1=C(C=CC=C1)C1N(C2C=CC=CC=2C)C(=O)CS1)C(=O)C(C)(C)CCl,0.006883246125653386
C(N(C(C)C)CC1=CC(=CC=C1OS(=O)(=O)C)Cl)(=O)C1C=CC=C(F)C=1,0.007699721516110003
C12CCCCC=1C(C(=O)OCC)=C(NC(CC(=O)OCC)=O)S2,0.009156261663883924
O=C(CN1C2C(C(=O)N(C3C=CC=C(C)C=3C)C1=O)=CC(C)=CC=2)NCCOC,0.004930951062124223
C(NC(=O)N1CC(C(C2=CC=C(C)C=C2)C1)C(=O)NCCCOC)C,0.005153713782783597
C1(C(C)C)SC(NC(CCC=C)=O)=C(C(=O)OCC)C=1,0.006884338054805994
C1C=C(C(F)=CC=1F)OCC1N(C(=O)NC(C2C=CSC=2)C=1C(OCC)=O)CC,0.006380586745217442
N(CC1CC2=CC(OC)=CC=C2O1)C(C1C=CC=CC=1C(F)(F)F)=O,0.005386503669433296
C1(C(=O)N2CC(C(C3=CC=C(OC)C=C3)C2)C(=O)NCCCOC)=CC=CO1,0.007428553653880954
N1(CCOCC1)C(CN1C2C(C(=O)N(C3C=CC(=CC=3)OC)C1=O)=CC=C(C=2)Cl)=O,0.005228503653779626
C1(C(=O)N2CC(C(C3=CC=C(OC)C=C3)C2)C(=O)N2CCOCC2)=CC=CC=C1C,0.01054020426236093
N(CC1=CC=CO1)(C(=O)C1=CC=CC=C1)CC1=CC=CC(=C1)OS(=O)(=O)CC,0.010406491067260503
C1=C(C=CC=C1NC(=O)NC1=CC(=CC=C1)N1CCCN(C(C)C2=CC=CC=C2)C1=O)Cl,0.005315480113495141
N(CCOC1C=CC=CC=1)C(COC1C=C2N(CC3C=C(F)C=CC=3)C(=O)C=C(C(C)C)C2=CC=1)=O,0.0053119454998522995
C1=CC2OC=C(C3C=CC(C)=CC=3)C(=O)C=2C=C1Cl,0.009597856015898288
N(CC1CC2=CC(C(=O)OC)=CC=C2O1)C(C1OC=CC=1)=O,0.007493224926292896
N(CC1CC2=CC(OC3C=CC=CC=3)=CC=C2O1)C(CC1C=CC(OC)=CC=1)=O,0.010198991140350699
O=C(C(CC)N1C2C(C(=O)N(CC3C=CC=CC=3)C1=O)=CC(C)=CC=2)NCCOC,0.005633950768969953
N1(CCC2(N(C3C=CC(Cl)=CC=3)C(=O)CS2)CC1)C(=O)NC1C=CC=C(Cl)C=1Cl,0.0040455768583342435
N1(CCC2(N(C3C=CC(Cl)=CC=3)C(=O)CS2)CC1)C(=O)NC1C=CC(Cl)=CC=1Cl,0.003971843468025327
N(CC1CC2=CC(C(=O)OC)=CC=C2O1)C(CC1SC=CC=1)=O,0.005380986677482724
N1(CCC2(N(C3C=CC(Cl)=CC=3)C(=O)CS2)CC1)C(=O)NC1=CC=C(C(C)C)C=C1,0.004226016765460372
N1(CCC2(N(C3C=CC(Cl)=CC=3)C(=O)CS2)CC1)C(=O)NC1=CC=C(C(F)(F)F)C=C1,0.0030207933392375707
C1(S(=O)(=O)N(C2CCCCC2)CC(=O)N(CCC2C=CC(OC)=C(OC)C=2)CC2=CC=C(C)O2)C=CC(=CC=1)Cl,0.006626994558610022
C1(C(=O)N2CC(C(C3=CC=CC(OC)=C3OC)C2)C(=O)NCCCC)=CC=CC=C1C,0.009392986400052905
C1=CC(=CC(OC)=C1)C(=O)N1CC(C(C2=CC=C(F)C=C2)C1)C(=O)NCCCC,0.007157533126883209
C1(C(=O)N2CC(C(C3=CC=CC=C3C)C2)C(=O)NCC2=CC=C(F)C=C2)=CC=CO1,0.008063651015982031
C1(C(=O)N2CC(C(C3=CC=C(F)C=C3)C2)C(=O)N2CCCC2)=CC=CS1,0.0078354530967772
C1(C(=O)N2CC(C(C3=CC=CC=C3C)C2)C(=O)NCCOC)=CC=CS1,0.006872362783178687
C1(C(=O)N2CC(C(C3=CC=CC=C3C)C2)C(=O)NCC2CC2)=CC=C(C=C1)F,0.00838253244291991
C1(S(=O)(=O)N2CC(C(C3=CC=C(F)C=C3)C2)C(=O)N2CCCC2)C=CC(=CC=1)OC,0.007373705436475575
C1(C(=O)N2CC(C(C3=CC(OC)=C(OC)C(OC)=C3)C2)C(=O)NCCCC)=CC=CO1,0.009003102709539235
C1(C(=O)N2CC(C(C3=CC=C(OC)C=C3OC)C2)C(=O)NCCOC)=CC=CC=C1F,0.006634720065630972
C1(C(=O)N2CC(C(C3=CC=CC=C3)C2)C(=O)NC2CC2)=CC=CO1,0.010860111331567168
C1(C(=O)N2CCC(C(NC(=O)C3=CC=C(C=C3)OC)C(NCCOC)=O)CC2)CCCC1,0.007352217496372759
C(CC(C)C)NC(C1CN(C2=CC(C)=CC(C)=C2)C(=O)C1)=O,0.01032901438884437
C(CCN(CC)C(C1=COC=C1)=O)(N1CCC(CC1)C(OCC)=O)=O,0.009817010955885053
C1=C(C=CC=C1NC(=O)N1CCC(C(NC(=O)C2=CC=C(C=C2)OC)C(NCCOC)=O)CC1)Cl,0.00402018929598853
O(C1=CC=C(C=C1)Cl)CC(=O)N1CC(CCC1)OCC1=CC=C(C=C1)C(F)(F)F,0.006497193174436688
C1(C(=O)N(CCC)CC(=O)N(CC2CCCO2)CC2=CC=CO2)C=CC(C)=CC=1,0.011582086980342864
C(NC(=O)N(CCCOC)CC(N(CC1=CC=C2OCOC2=C1)CC1SC=CC=1C)=O)C,0.0045060225995257495
C(NC(=O)N(CCCOCC)CC(N(CC1=CC=C2OCOC2=C1)CC1SC=CC=1C)=O)C,0.004613553558010608
C(C1=CC=C(CN2C(=O)CC(C3C=CC=C(Cl)C=3)C(C(OCC)=O)=C2C)C=C1)(NCC1=CC=CO1)=O,0.007571296324022115
C(C1SC2=C(C=1)COC1C2=CC=CC=1)(=O)NC(CCC)CCC,0.009831574326381088
C1C=C2CCN(C(C3C=CC(=CC=3)SC(F)(F)F)=O)C(C3C=CC(F)=CC=3)C2=CC=1,0.006915798410773277
C1(C2C=CC=CC=2)SC(NC(C(=O)OC)=O)=C(C(=O)OCC)C=1,0.0056888189166784285
N(C1CCCC2=CC=CC=C21)C(=O)CC1C(=O)NC2=CC=CC=C2S1,0.00978629095479846
C(NC(=O)N1CC(C(C2=CC=CC=C2)C1)C(=O)NC1CC1)C,0.00544541449053213
C(OC)CNC(C1CC(C2C=CC=CC=2)CN(C(C2=C(F)C=CC=C2)=O)C1)=O,0.005444524041377008
C(C1SC2=C(C=1)COC1C2=CC=CC=1)(=O)NCCCCC1C=CC=CC=1,0.007757745054550469
C(C1SC2=C(C=1)COC1C2=CC=CC=1)(=O)NCCC1=CC=CC(Cl)=C1,0.006284157419577241
C(=O)(C(CCCCNC(CC)=O)NC(OCC1=CC=CC=C1)=O)N1CCC(CC1)CC1=CC=CC=C1,0.004587187943980098
N(C1C=CC(=CC=1)C1N(C2C=CC=C(C)C=2C)C(=O)CS1)C(=O)CCC1C=CC=CC=1,0.007575525599531829
C1(=CC=CC=C1)CNC(C1COC2(CCN(CC2)C(=O)C2=CC=CC(OC)=C2)N1C(=O)C1=CC=C(C)C=C1)=O,0.007064472651109099
N(C1C=C(C=CC=1)C1N(C2C=CC=C(F)C=2)C(=O)CS1)C(=O)C1=CC=C(C=C1)Br,0.00569629913661629
C1(S(=O)(=O)N2CC(C(C3=CC=C(OC)C=C3OC)C2)C(=O)NC2CC2)=CC=CC=C1,0.006489865179173648
N(C1C=CC(=CC=1)C1N(C2C=CC=CC=2CC)C(=O)CS1)C(=O)C1=CC=C(C=C1)C1C=CC=CC=1,0.007590711885131896
N(C1C=CC(=CC=1)C1N(C2C=CC=CC=2OCC)C(=O)CS1)C(=O)C1=CC=C(C=C1)C1C=CC=CC=1,0.0071026429301127795
C1C(CCC2C=CC(C3C=CC=CC=3)=CC=2)CCN(C(COC(=O)C)=O)C1,0.012429003277793527
C1C(CCC2C=C3OCOC3=CC=2)CCN(C(C(Cl)C)=O)C1,0.009920764062553645
N(C1C=CC(=CC=1)C1N(C2=C(C(C)C)C=CC=C2)C(=O)CS1)C(=O)C1C=CC(Cl)=CC=1Cl,0.006554611842148006
N(C1C=CC(=CC=1)C1N(C2=CC=C3CCCC3=C2)C(=O)CS1)C(=O)C1=CC=C(C=C1)C1C=CC=CC=1,0.008011800609529019
N(C1C=CC(=CC=1)C1N(C2C=CC=C(C)C=2C)C(=O)CS1)C(C1=C(Cl)C=CC=C1)=O,0.006246299738995731
N(C1=C(C=CC=C1)C1N(C2C=CC=CC=2OC)C(=O)CS1)C(=O)C1C=CC(Cl)=CC=1Cl,0.005773526011034846
C1=CC(=CC(OC)=C1)C(=O)N1CC(C(C2=CC=CC=C2C)C1)C(=O)NCCOC,0.007825918984599412
C(C1SC2=C(C=1)CCC1C2=CC(OC)=CC=1)(=O)NCCCC1=CC=CC=C1,0.009248152002692222
C1C=C2CCN(C(CC3CCCC3)=O)C(C3C=CC(C)=CC=3)C2=CC=1,0.02087006447836757
C1(C(=O)N(C(C)C)CC(=O)N(CC2=CC=CC=C2)CC2=CC=C(C)O2)CC1,0.014995708269998432
C1C=C2CCN(C(C3CCCCC3)=O)C(C3C=CC(C)=CC=3)C2=CC=1,0.02091677039861679
O1C(CNC(CC2=CC=C(C=C2)N(C(=O)C2=CC=CO2)CC2=CC=CC=C2)=O)=CC=C1,0.009284991864115
C1(C(=O)N(CC=C)CC(=O)N(CC2=CC=C(F)C=C2)CC2=CC=C(C)O2)CCCC1,0.011085146153345705
C1(=CC=CO1)CNC(C1CC(C2C=CC=CC=2)CN(C(=O)C2=COC=C2)C1)=O,0.008281522407196462
C(NCCCC)(=O)N(CC1=CC=CC=C1)CC(C)=CC1=CC=CC=C1,0.007057165843434632
C(C(=O)N(CC=C)CC(=O)N(CC1=CC=CC=C1)CC1=CC=C(C)O1)CCCC,0.011840625433251262
C1(CNC(CC2C=C(C=CC=2)N(C(=O)C2=CC=CO2)CC2=CC=CC=C2)=O)CC1,0.010176723543554544
N(CCC)(C(CN1C2C(C(=O)N(C3C=CC(C)=C(Cl)C=3)C1=O)=CC=CC=2)=O)C,0.0066933467285707595
C1(=CC=CC=C1)CNC(C1CC(C2=CC=C(CC)C=C2)CN(C(=O)C2=COC=C2)C1)=O,0.010116289649158717
C1(=CC=CC=C1)CNC(C1CC(C2=CC(C)=C(F)C=C2)CN(C(NCC)=O)C1)=O,0.004266360867768526
C1(C=CC=CC=1)C(C)NC(C1CC(C2=CC(C)=C(F)C=C2)CN(C(NCC)=O)C1)=O,0.0047795894555747506
C1(C(=O)N2CC(C(C3=CC=CC=C3)C2)C(=O)NCC2=CC=C(F)C=C2)=CC=C(C)C=C1,0.007374091981910169
C(N(CC1=CC=CO1)CC1=C(OS(=O)(=O)C2C=CC(=CC=2)OC)C=CC=C1)(C)=O,0.010636365646496415
C1CCN(C1)C(C1CN(CC2C=CC=CC=2)C(=O)C1)=O,0.011767722619697451
C(NC(=O)N(CC=C)CC(=O)N(CC1=CC=CC=C1)CC1=CC=C(C)O1)CCC,0.005458714975975454
C1(=CC=CO1)CNC(C1CC(C2=CC(C)=C(F)C=C2)CN(C(NC(C)C)=O)C1)=O,0.004854449187405407
C1(C(=O)N(C2CC2)CC(=O)N(CC2=CC=CC=C2)CC2=CC=C(C)O2)CC1,0.015470532467588782
C(C)(C)(C)CC(=O)N(CC=C)CC(=O)N(CC1=CC=C(C=C1)F)CC1=CC=CO1,0.011521216062828899
C(NC(=O)N(C1CC1)CC(=O)N(CC1=CC=CC=C1)CC1=CC=C(C)O1)CCC,0.006202969537116587
C(C(=O)N(C1CC1)CC(=O)N(CC1=CC=CC=C1)CC1=CC=C(C)O1)CCC,0.014405309548601508
C(C(=O)N(C(C)(C)C)CC(=O)N(CC1=CC=CC=C1)CC1=CC=C(C)O1)CCC,0.015505267214030028
ClCC(=O)N(C(C)C)CC(=O)N(CC1=CC=CC=C1)CC1=CC=C(C)O1,0.009299503965303301
C(C(=O)N(CC(C)C)CC(=O)N(CC1=CC=CC=C1)CC1=CC=C(C)O1)CCCC,0.014806856121867894
C1(C(=O)N(C(C)C)CC(=O)N(CC2=CC=CC=C2)CC2=CC=C(C)O2)C=CC(C)=CC=1,0.013208147045224905
C(C(=O)N(CC=C)CC(=O)N(CC1=CC=C(C=C1)F)CC1=CC=CO1)CC,0.009256415953859686
C(C(=O)N(C(C)(C)C)CC(=O)N(CC1=CC=CC=C1)CC1=CC=C(C)O1)CCCC,0.014216596493497491
C(C)(C)(C)CC(=O)N(C(C)(C)C)CC(=O)N(CC1=CC=CC=C1)CC1=CC=C(C)O1,0.01710580550134182
C1(CNC(C2=CC=C(COC3C=C4C(N(C(=O)C)CCC4=CC=3)C3C=CC=CC=3)O2)=O)CC1,0.009534585336223245
N(C1C=C(C=CC=1)C1N(C2C=CC(C)=C(C)C=2)C(=O)CS1)C(C1C=CC=C(C=1)C(F)(F)F)=O,0.005203942814841866
C1CN(CCS1)C(C1=CC=C(COC2C=C3C(N(C(=O)C)CCC3=CC=2)C2C=CC=CC=2)O1)=O,0.00901339966803789
C(C1COC2(CCN(CC2)C(=O)C2=CC=C(C=C2)OC)N1C(=O)C1=CC=C(C=C1)OC)(=O)NC1CC1,0.007664064434356988
C1CCCN1C(C1COC2(CCN(CC2)C(=O)C2=CC=C(C=C2)OC)N1C(=O)C1=CC=C(C)C=C1)=O,0.009134704642929137
C1CCCN1C(C1COC2(CCN(CC2)C(=O)CC)N1C(=O)C1=CC=C(C)C=C1)=O,0.010876992158591748
O1CCN(CC1)C(C1COC2(CCN(CC2)C(CC(C)(C)C)=O)N1C(=O)C1=CC=CC(OC)=C1)=O,0.00997607356403023
C(C1COC2(CCN(CC2)C(=O)C2=CC=C(C=C2)OC)N1C(=O)C1=CC=C(C=C1)OC)(=O)NCCC,0.007546367612667382
C(C(C)C)NC(C1COC2(CCN(CC2)C(=O)C2=CC=CC=C2F)N1C(=O)C1C=CC=C(F)C=1)=O,0.007040027482435107
O(C)CCNC(C1COC2(CCN(CC2)C(=O)C2CC2)N1C(=O)C1=CC=CC(OC)=C1)=O,0.007228824589401483
O(C)CCNC(C1COC2(CCN(CC2)C(=O)C2=CC=CC=C2F)N1C(=O)C1=CC=CC(OC)=C1)=O,0.006150672421790659
C(C(C)C)NC(C1COC2(CCN(CC2)C(=O)C2=CC=CC(OC)=C2)N1C(=O)C1=CC=CC=C1C)=O,0.00803075807634741
C(C(C)C)NC(C1COC2(CCN(CC2)C(=O)C2=CC=CC=C2F)N1C(=O)C1=CC=C(C)C=C1)=O,0.007180891698226333
O1CCN(CC1)C(C1COC2(CCN(CC2)C(=O)C2=CC=CC=C2C)N1C(=O)C1C=CC=C(F)C=1)=O,0.007164991484023631
C1(=CC=CC=C1)CNC(C1COC2(CCN(CC2)C(=O)C2CC2)N1C(=O)C1=CC=CC(OC)=C1)=O,0.0071896741865202785
C(C)(C)NC(C1COC2(CCN(CC2)C(=O)C2=CC=CC=C2F)N1C(=O)C1=CC=CC(OC)=C1)=O,0.006617738353088498
C(C)(C)NC(C1COC2(CCN(CC2)C(=O)CC2=CC=CS2)N1C(=O)C1=CC=C(C)C=C1)=O,0.006588114867918193
C(C(C)C)NC(C1COC2(CCN(CC2)C(=O)C2=CC=CC(OC)=C2)N1C(=O)C1C=CC=C(F)C=1)=O,0.007007613102905453
C1(CC1)NC(C1COC2(CCN(CC2)C(=O)C2CC2)N1C(=O)C1=CC=CC(OC)=C1)=O,0.008206995786167681
O1CCCC1CNC(C1COC2(CCN(CC2)C(=O)C2CC2)N1C(=O)C1=CC=CC(OC)=C1)=O,0.008365026814863086
C(C(C)C)NC(C1COC2(CCN(CC2)C(=O)CC(C)C)N1C(=O)C1=CC=CC(OC)=C1)=O,0.008921389025636018
C1(=CC=CC=C1)CNC(C1COC2(CCN(CC2)C(=O)CC(C)C)N1C(=O)C1=CC=CC(OC)=C1)=O,0.007606114516966045
C1(=CC=CC=C1)CNC(C1COC2(CCN(CC2)C(=O)CC)N1C(=O)C1=CC=C(C)C=C1)=O,0.00759020873811096
C(CC)NC(C1COC2(CCN(CC2)C(=O)CC(C)C)N1C(=O)C1=CC=CC(OC)=C1)=O,0.008664436009712517
C(C(C)C)NC(C1COC2(CCN(CC2)C(CC(C)(C)C)=O)N1C(=O)C1=CC=CC(OC)=C1)=O,0.008940249029546977
C(C)(C)NC(C1COC2(CCN(CC2)C(CC(C)(C)C)=O)N1C(=O)C1=CC=CC(OC)=C1)=O,0.008945375727489591
C1(=CC=CO1)C(=O)N(C(C)C)CC1C=C(OS(C2=CC=CC=C2C(=O)OC(C)C)(=O)=O)C=CC=1,0.01190094263292849
C(N(C(C)C)CC1C=C(OS(C2=CC=CC=C2C(=O)OC(C)C)(=O)=O)C=CC=1)(COC)=O,0.011625119764357806
N(C(C)CC)(C(=O)CC(C)C)CC1=CC=CC(=C1)OS(=O)(=O)C1C=CC(=CC=1)F,0.009957421850413085
C(N(CC1=CC=C(F)C=C1)CC1=CC(OS(=O)(=O)C2=CC=C(C=C2)NC(C)=O)=C(OC)C=C1)(=O)C1C=CC=C(F)C=1,0.006518404604867101
C(N(C(C)C)CC1C=C(OS(C2=CC=CC=C2C(=O)OC(C)C)(=O)=O)C=CC=1)(C)=O,0.012080681184306741
C(NC(=O)N(C(C)C)CC1C=C(OS(C2=CC=CC=C2C(=O)OC(C)C)(=O)=O)C=CC=1)(C)(C)C,0.008469182066619396
C(NC(=O)N(CC1CC1)CC1=CC(OS(=O)(=O)CC)=C(OC)C=C1)(C)(C)C,0.00840434452984482
C1(=CC=CS1)C(=O)N(CC1CC1)CC1=CC(OS(=O)(=O)C2=CC=C(C=C2)NC(C)=O)=C(OC)C=C1,0.006259819678962231
C(N(C(C)C)CC1C=C(OS(C2=CC=CC=C2C(=O)OC(C)C)(=O)=O)C=CC=1)(C(C)C)=O,0.013269004924222828
C(NC(=O)N(C(C)C)CC1C=C(OS(C2=CC=CC=C2C(=O)OC(C)C)(=O)=O)C=CC=1)C,0.007976104319095612
C(N(CC1CC1)CC1C=C(OS(=O)(=O)C2=CC=C(C=C2)F)C=CC=1)(C1CCC1)=O,0.009115391038358211
C(NC(=O)N(CC1CC1)CC1=CC(OS(=O)(=O)CC)=C(OC)C=C1)(C)C,0.008378066052682698
C1(=CC=CC=C1Cl)C(=O)N(CC1CC1)CC1=CC(OS(=O)(=O)C2=CC=C(C=C2)NC(C)=O)=C(OC)C=C1,0.006809943076223135
C(N(C(C)C)CC1C=C(OS(C2=CC=CC=C2C(=O)OC(C)C)(=O)=O)C=CC=1)(C1CCC1)=O,0.01159351277165115
C(NC(=O)N(C(C)C)CC1C=C(OS(C2=CC=CC=C2C(=O)OC(C)C)(=O)=O)C=CC=1)(C)C,0.008530291402712465
C(N(CC1CC1)CC1C=C(OS(=O)(=O)C2=CC=C(C=C2)F)C=CC=1)(CC(C)C)=O,0.008633774425834417
C1(=CC=CC=C1Cl)C(=O)N(CC1CC1)CC1=CC(OS(=O)(=O)CC)=C(OC)C=C1,0.011188767524436117
C1(NC(=O)N(CC2CC2)CC2=CC(OS(=O)(=O)CC)=C(OC)C=C2)C=CC=CC=1OC,0.007420167909003794
C(N(CC1CC1)CC1=CC(OS(=O)(=O)C2=CC=C(C=C2)NC(C)=O)=C(OC)C=C1)(CC(C)C)=O,0.00831852382980287
C1(=CC=CS1)C(=O)N(C(C)C)CC1C=C(OS(C2=CC=CC=C2C(=O)OC(C)C)(=O)=O)C=CC=1,0.009801553376019002
C(N(CC1CCCO1)CC1=C(OS(=O)(=O)C2=CC=C(C=C2)F)C=CC=C1)(C(C)C)=O,0.00847551745828241
C(N(CC1CC1)CC1C=C(OS(=O)(=O)C2=CC=C(C=C2)F)C=CC=1)(CC(C)(C)C)=O,0.008805804699659348
C(N(CC1CC1)CC1=CC(OS(=O)(=O)CC)=C(OC)C=C1)(CC(C)C)=O,0.013588222581893206
C(N(C(C)C)CC1=CC(OS(=O)(=O)C2=CC=C(C=C2)NC(C)=O)=C(OC)C=C1)(C1CCC1)=O,0.008752059238031507
C(N(CC1CC1)CC1=CC(OS(=O)(=O)C2=CC=C(C=C2)NC(C)=O)=C(OC)C=C1)(CC(C)(C)C)=O,0.008325206255540252
C(N(C(C)C)CC1C=C(OS(C2=CC=CC=C2C(=O)OC(C)C)(=O)=O)C=CC=1)(CC(C)C)=O,0.012321840925142168
C(N(CC1CCCO1)CC1=C(OS(=O)(=O)C2=CC=C(C=C2)F)C=CC=C1)(CC(C)C)=O,0.00862061206717044
C(N(CC1CC1)CC1=CC(OS(=O)(=O)CC)=C(OC)C=C1)(CC(C)(C)C)=O,0.01409542323090136
C(N(C(C)C)CC1=CC(OS(=O)(=O)C2=CC=C(C=C2)NC(C)=O)=C(OC)C=C1)(CC(C)(C)C)=O,0.009728412050753832
C1(=CC=CC=C1F)C(=O)N(CC1CC1)CC1=CC(OS(=O)(=O)C2=CC=C(C=C2)NC(C)=O)=C(OC)C=C1,0.0070712832035496834
C1(=CC=CS1)C(=O)N(CC1=CC=C(F)C=C1)CC1=C(OS(=O)(=O)CC)C=CC=C1,0.0074548316188156605
C(N(C(C)C)CC1C=C(OS(C2=CC=CC=C2C(=O)OC(C)C)(=O)=O)C=CC=1)(CC(C)(C)C)=O,0.012318414449691773
C(N(CC1CCCO1)CC1=C(OS(=O)(=O)C2=CC=C(C=C2)F)C=CC=C1)(CC(C)(C)C)=O,0.008728100545704364
C(C1=CC(OS(=O)(=O)C2=CC=C(C=C2)NC(C)=O)=C(OC)C=C1)N(C(NCC)=O)C(C)C,0.006318771373480558
C1(=CC=CC=C1F)C(=O)N(C(C)C)CC1C=C(OS(C2=CC=CC=C2C(=O)OC(C)C)(=O)=O)C=CC=1,0.010627102246508003
C(N(CC1=CC=C(F)C=C1)CC1=CC(OS(=O)(=O)C2=CC=C(C=C2)NC(C)=O)=C(OC)C=C1)(CC(C)(C)C)=O,0.007483631884679198
C(N(CCOC)CC1C=C(OS(C2=C(Cl)C=CC=C2C)(=O)=O)C=CC=1)(C(C)C)=O,0.010089637478813529
C(N(CC1=CC=CO1)CC1C=C(OS(C2=C(Cl)C=CC=C2C)(=O)=O)C=CC=1)(COC)=O,0.00918031632900238
C(N(CC(C)C)CC1C=C(OS(C2=C(Cl)C=CC=C2C)(=O)=O)C=CC=1)(COC)=O,0.009454373875632882
C1(=CC=CS1)C(=O)N(C(C)CC)CC1C=C(OS(C2=C(Cl)C=CC=C2C)(=O)=O)C=CC=1,0.008315639803186059
C(N(CC1CC1)CC1C=CC(OS(=O)(=O)C(C)C)=CC=1)(C1CCC1)=O,0.013463494461029768
C1(NC(=O)N(CC2CC2)CC2C=CC(OS(=O)(=O)C(C)C)=CC=2)C=CC=CC=1OC,0.007207304541952908
C(N(CC1CC1)CC1=CC(OS(=O)(=O)C2C=CC(=CC=2)OC)=C(OC)C=C1)(=O)C1C=CC=C(F)C=1,0.009022593265399337
C1(=CC=CC=C1F)C(=O)N(C(C)C)CC1C=CC(OS(C2=CC=CC=C2C(=O)OC(C)C)(=O)=O)=CC=1,0.010029228497296571
C(N(CC1=CC=CO1)CC1C=C(OS(C2=C(Cl)C=CC=C2C)(=O)=O)C=CC=1)(C(C)C)=O,0.010543039347976447
C(NC(=O)N(CC1=CC=CO1)CC1C=C(OS(C2=C(Cl)C=CC=C2C)(=O)=O)C=CC=1)(C)(C)C,0.006137972255237401
C1(=CC=CO1)C(=O)N(CC(C)C)CC1C=C(OS(C2=C(Cl)C=CC=C2C)(=O)=O)C=CC=1,0.011552388500422239
C(NC(=O)N(CC(C)C)CC1C=C(OS(C2=C(Cl)C=CC=C2C)(=O)=O)C=CC=1)(C)(C)C,0.006677340995520353
C1(=CC=CC=C1Cl)C(=O)N(C(C)CC)CC1C=C(OS(C2=C(Cl)C=CC=C2C)(=O)=O)C=CC=1,0.010291321808472276
C1(=CC=CS1)C(=O)N(CC1CC1)CC1C=CC(OS(=O)(=O)C(C)C)=CC=1,0.010245096404105425
C(N(CC1CC1)CC1=CC(OS(=O)(=O)C2C=CC(=CC=2)OC)=C(OC)C=C1)(COC)=O,0.01147496234625578
C(N(C(C)C)CC1C=CC(OS(C2=CC=CC=C2C(=O)OC(C)C)(=O)=O)=CC=1)(=O)C1C=CC=C(F)C=1,0.009794444916769863
C(N(CC1=CC=CO1)CC1C=C(OS(C2=C(Cl)C=CC=C2C)(=O)=O)C=CC=1)(C1CCC1)=O,0.009828540636226535
C(NC(=O)N(CC1=CC=CO1)CC1C=C(OS(C2=C(Cl)C=CC=C2C)(=O)=O)C=CC=1)C,0.005586042907088995
C(N(CC(C)C)CC1C=C(OS(C2=C(Cl)C=CC=C2C)(=O)=O)C=CC=1)(C(C)C)=O,0.010830743564292788
C(NC(=O)N(CC(C)C)CC1C=C(OS(C2=C(Cl)C=CC=C2C)(=O)=O)C=CC=1)C,0.006026030401699245
C(N(C(C)CC)CC1C=C(OS(C2=C(Cl)C=CC=C2C)(=O)=O)C=CC=1)(CC(C)C)=O,0.011300510168075562
C(N(CC1CC1)CC1C=CC(OS(=O)(=O)C(C)C)=CC=1)(CC(C)C)=O,0.01331621571443975
C(C1=CC(OS(=O)(=O)C2C=CC(=CC=2)OC)=C(OC)C=C1)N(C(NC(C)(C)C)=O)CC1CC1,0.007537761400453746
C(N(C(C)C)CC1C=CC(OS(C2=CC=CC=C2C(=O)OC(C)C)(=O)=O)=CC=1)(COC)=O,0.011755658313632011
C1(=CC=CS1)C(=O)N(CC1=CC=CO1)CC1C=C(OS(C2=C(Cl)C=CC=C2C)(=O)=O)C=CC=1,0.008108937670476735
C(NC(=O)N(CC1=CC=CO1)CC1C=C(OS(C2=C(Cl)C=CC=C2C)(=O)=O)C=CC=1)(C)C,0.006021257769316435
C(N(CC(C)C)CC1C=C(OS(C2=C(Cl)C=CC=C2C)(=O)=O)C=CC=1)(C1CCC1)=O,0.010397994332015515
C(NC(=O)N(CC(C)C)CC1C=C(OS(C2=C(Cl)C=CC=C2C)(=O)=O)C=CC=1)(C)C,0.006610045302659273
C(N(C(C)CC)CC1C=C(OS(C2=C(Cl)C=CC=C2C)(=O)=O)C=CC=1)(COC)=O,0.00961254807189107
C1(=CC=CC=C1F)C(=O)N(CC1CC1)CC1C=CC(OS(=O)(=O)C(C)C)=CC=1,0.010578359849750996
C(NC(=O)N(C(C)C)CC1C=CC(OS(C2=CC=CC=C2C(=O)OC(C)C)(=O)=O)=CC=1)(C)(C)C,0.008522953139618039
C1(=CC=CC=C1Cl)C(=O)N(CC1=CC=CO1)CC1C=C(OS(C2=C(Cl)C=CC=C2C)(=O)=O)C=CC=1,0.009748344589024783
C1(NC(=O)N(CC(C)C)CC2C=C(OS(C3=C(Cl)C=CC=C3C)(=O)=O)C=CC=2)C=CC=CC=1OC,0.0061069272691383954
C(NC(=O)N(C(C)CC)CC1C=C(OS(C2=C(Cl)C=CC=C2C)(=O)=O)C=CC=1)(C)(C)C,0.006627905811183154
C(N(CC1CC1)CC1C=CC(OS(=O)(=O)C(C)C)=CC=1)(=O)C1C=CC=C(F)C=1,0.009745583962649107
C(C1=CC(OS(=O)(=O)C2C=CC(=CC=2)OC)=C(OC)C=C1)N(C(NC(C)C)=O)CC1CC1,0.007503205421380698
C(NC(=O)N(C(C)C)CC1C=CC(OS(C2=CC=CC=C2C(=O)OC(C)C)(=O)=O)=CC=1)C,0.008120492240414024
C(N(CC1=CC=CO1)CC1C=C(OS(C2=C(Cl)C=CC=C2C)(=O)=O)C=CC=1)(CC(C)C)=O,0.010713597107678653
C1(=CC=CO1)C(=O)N(C(C)CC)CC1C=C(OS(C2=C(Cl)C=CC=C2C)(=O)=O)C=CC=1,0.011299277562648058
C(NC(=O)N(C(C)CC)CC1C=C(OS(C2=C(Cl)C=CC=C2C)(=O)=O)C=CC=1)C,0.005927303317002952
C(N(CC1CC1)CC1C=CC(OS(=O)(=O)C(C)C)=CC=1)(COC)=O,0.0118687663692981
C(N(CC1CC1)CC1=CC(OS(=O)(=O)C2C=CC(=CC=2)OC)=C(OC)C=C1)(CC(C)C)=O,0.011523197824135422
C(C1=CC(OS(=O)(=O)C2C=CC(=CC=2)OC)=C(OC)C=C1)N(C(NC1C=CC=CC=1OC)=O)CC1CC1,0.00659450029488653
C(NC(=O)N(C(C)C)CC1C=CC(OS(C2=CC=CC=C2C(=O)OC(C)C)(=O)=O)=CC=1)(C)C,0.00853261617012322
C1(=CC=CC=C1F)C(=O)N(CC1=CC=CO1)CC1C=C(OS(C2=C(Cl)C=CC=C2C)(=O)=O)C=CC=1,0.008955090772360563
C(N(CC(C)C)CC1C=C(OS(C2=C(Cl)C=CC=C2C)(=O)=O)C=CC=1)(CC(C)C)=O,0.011100969463586807
C(N(C(C)CC)CC1C=C(OS(C2=C(Cl)C=CC=C2C)(=O)=O)C=CC=1)(C)=O,0.009610546706244349
C(NC(=O)N(C(C)CC)CC1C=C(OS(C2=C(Cl)C=CC=C2C)(=O)=O)C=CC=1)(C)C,0.006453577452339232
C(NC(=O)N(CC1CC1)CC1C=CC(OS(=O)(=O)C(C)C)=CC=1)(C)(C)C,0.00801184787414968
C(N(CC1CC1)CC1=CC(OS(=O)(=O)C2C=CC(=CC=2)OC)=C(OC)C=C1)(CC(C)(C)C)=O,0.011523878760635852
C(N(C1CC1)CC1=CC(OS(=O)(=O)C2C=CC(=CC=2)OC)=C(OC)C=C1)(C(C)C)=O,0.011559084989130497
C(N(C(C)C)CC1C=CC(OS(C2=CC=CC=C2C(=O)OC(C)C)(=O)=O)=CC=1)(CC(C)C)=O,0.012365270778536797
C1(NC(=O)N(C(C)C)CC2C=CC(OS(C3=CC=CC=C3C(=O)OC(C)C)(=O)=O)=CC=2)C=CC=CC=1OC,0.0074941028840839865
C(N(CC1=CC=CO1)CC1C=C(OS(C2=C(Cl)C=CC=C2C)(=O)=O)C=CC=1)(=O)C1C=CC=C(F)C=1,0.008758329041302203
C(N(CC(C)C)CC1C=C(OS(C2=C(Cl)C=CC=C2C)(=O)=O)C=CC=1)(CC(C)(C)C)=O,0.01119184666313231
C(N(C(C)CC)CC1C=C(OS(C2=C(Cl)C=CC=C2C)(=O)=O)C=CC=1)(C(C)C)=O,0.011468049744144082
C(N(CC1CC1)CC1C=CC(OS(=O)(=O)C(C)C)=CC=1)(C(C)C)=O,0.013144528679549693
C(NC(=O)N(CC1CC1)CC1C=CC(OS(=O)(=O)C(C)C)=CC=1)C,0.007080818293616176
C1(=CC=CC=C1F)C(=O)N(CC1CC1)CC1=CC(OS(=O)(=O)C2C=CC(=CC=2)OC)=C(OC)C=C1,0.009570162603631615
C(N(C(C)C)CC1C=CC(OS(C2=CC=CC=C2C(=O)OC(C)C)(=O)=O)=CC=1)(CC(C)(C)C)=O,0.012493914272636176
C(N(CC(C)C)CC1C=CC(OS(C2=CC=CC=C2C(=O)OC(C)C)(=O)=O)=CC=1)(C(C)C)=O,0.01290703541599214
N(C(=O)CCCCC)(CC1C=CC(=CC=1)OS(=O)(=O)CC)CC1=CC=CO1,0.010978540638461709
ClCC(=O)N(CCC)CC(=O)N(CC1=CC=CC=C1)CC1=CC=C(C)O1,0.009239280084148049
C1C=C2CCN(C(C3C=CC=CC=3C)=O)C(C3C=CC(C)=CC=3)C2=CC=1,0.01635354897007346
C1C=C2CCN(C(C3=CC=C(C)C=C3)=O)C(C3C=CC(C)=CC=3)C2=CC=1,0.01668912936002016
C(C)(C)(C)CC(=O)N(CC(C)C)CC(=O)N(CC1=CC=CC=C1)CC1=CC=C(C)O1,0.01666291495785117
C1C=C2CCN(C(C(CC)CC)=O)C(C3C=CC(C)=CC=3)C2=CC=1,0.019743382837623356
C(C)(CC)NC(C1COC2(CCN(CC2)C(=O)C2=CC=CC=C2Cl)N1C(=O)C1C=CC=C(F)C=1)=O,0.005705343838781118
C(CC)NC(C1COC2(CCN(CC2)C(=O)C2=CC=CC=C2F)N1C(=O)C1=CC=CC(OC)=C1)=O,0.006546945753507316
O(C)CCNC(C1COC2(CCN(CC2)C(=O)C2C=CC(=CC=2)Cl)N1C(=O)C1C=CC=C(F)C=1)=O,0.00514327083947137
O1CCN(CC1)C(C1COC2(CCN(CC2)C(=O)C2C=CC=C(Cl)C=2)N1C(=O)C1C=CC=C(F)C=1)=O,0.006771567650139332
N(CC1CC2=CC(F)=CC=C2O1)C(C1=CC=C(Br)C(C)=C1)=O,0.007472339132800698
C(C1COC2(CCN(CC2)C(=O)C2C=CC(Cl)=C(Cl)C=2)N1C(=O)C1C=CC=C(C)C=1)(=O)NC(C)C,0.007022539433091879
C1C(CC2C=CC(OC)=CC=2)CCN(S(C2=C(C)C(C)=C(C)C(C)=C2C)(=O)=O)C1,0.00991973066702485
C1C(CCC2C=CC(C3C=CC=CC=3)=CC=2)CCN(C(=O)NC2C=CC=CC=2OC)C1,0.007296387385576963
C1C(CC2C=CC(C(F)(F)F)=CC=2)CCN(C(NC2C=CC=CC=2C(=O)OCC)=O)C1,0.005716641992330551
N(C1C=CC(C1)C(C(=O)OC)C1=C(Cl)C=C(F)C=C1)C(C1C=CC(OCCCCCCC)=CC=1)=O,0.008579886215738953
C1C(CC2C=CC(C3C=CC=CC=3)=CC=2)CCN(C(NC2C=CC=CC=2F)=O)C1,0.005470660235732794
N(C1C=CC(C1)C(C(OCC)=O)C1=CC(OC)=CC=C1)C(C1C=CC(OCCCCCCC)=CC=1)=O,0.010719864489510655
C1C(CC2C=CC(C3C=CC=CC=3)=CC=2)CCN(C(C2=C(F)C(=CC(F)=C2F)F)=O)C1,0.009692950639873743
C(C1C=CC(=CC=1)C(=O)N1C2CC([H])(OC3C=C(C)C=CC=3Cl)CC1CC2)SC1C(OC)=CC=C(OC)C=1,0.008128183404915034
C1C(CC2C=CC(OC)=CC=2)CCN(S(C2C=C(Cl)C=C(Cl)C=2)(=O)=O)C1,0.007150378217920661
C1C(CCC2C=CC=CC=2)CCN(S(C2=CC=C(C(C)C)C=C2)(=O)=O)C1,0.009366650693118572
C(C1C=CC(=CC=1)C(=O)N1C2CC([H])(OC3C=CC(C(OCC)=O)=CC=3)CC1CC2)SC1C=CC=CC=1F,0.005946861975826323
C(C1C=CC(=CC=1)C(=O)N1C2CC([H])(OC3C=CC4OCOC=4C=3)CC1CC2)SC1C(OC)=CC=C(OC)C=1,0.008686289726756512
C1C(CC2C=CC(C3C=CC=CC=3)=CC=2)CCN(C(=O)NC2=CC=CC=C2)C1,0.006565115298144519
N(C1C=C(C=CC=1)C1N(C2C=CC(C)=C(C)C=2)C(=O)CS1)C(=O)C1C=CC=C(Br)C=1,0.007222427078522742
N(C1=C(C=CC=C1)C1N(C2C=CC(=CC=2)C)C(=O)CS1)C(C1=C(Cl)C=CC=C1)=O,0.006037621875293553
C1CN(CCC1CC1=CC=CC=C1)C(C1C(C2C=CC=C(OC)C=2)N(C2CC2)C(=O)C2=CC=CC=C21)=O,0.010380956484004856
C1(C(C)C)C=CC(=CC=1)NC(C1C(C2C=CC=C(OC)C=2)N(C2CC2)C(=O)C2=CC=CC=C21)=O,0.010007195640355349
C1CN(CCC1CC1=CC=CC=C1)C(C1C(C2C=CC=CC=2)N(CCOC)C(=O)C2=CC=CC=C21)=O,0.010423703724518419
C1CCC(C2C=CC=CC1=2)NC(C1C(C2C=CC=C(OC)C=2)N(C2CC2)C(=O)C2=CC=CC=C21)=O,0.01111777164041996
N(C(=O)NC1C=CC(=CC=1)C(F)(F)F)(CC(N(CC1=COC2C=CC=CC=2C1=O)CC1=CC=C(F)C=C1)=O)CC(C)C,0.004752470331732183
N(S(=O)(=O)C=CC1C=CC=CC=1)(CC(N(CC1=COC2C=CC=CC=2C1=O)CC1=CC=C(F)C=C1)=O)CC(C)C,0.00765886208973825
C1C(F)=C(CNC(C2COC3(CCC(C)CC3)N2C(=O)C2=CC=CC=C2F)=O)C=CC=1,0.00896212519146502
N(S(C1C=CC=C(C=1)C(F)(F)F)(=O)=O)(CC(N(CC1=COC2C=CC=CC=2C1=O)CC1=CC=C(F)C=C1)=O)CCC(C)C,0.005210389464627952
C(C1COC2(CCN(CC2)C(CC(C)(C)C)=O)N1C(=O)C1=CC=C(C=C1)OC)(=O)NCC1=CC=CC=C1,0.007744601648300886
C(C1SC(=CC=1)C1=CC(F)=C(F)C=C1)(=O)NC(C)CCCC(C)C,0.009412817610427737
N1(C2=CC(F)=C(C)C=C2)C(=O)C(C)N(S(=O)(=O)C2=CC=C(C=C2)Cl)CC1,0.004769096756353975
C(C1SC(=CC=1)C1=CC=C(F)C=C1)(=O)NCCC1C=CC(C)=CC=1,0.006318286620080471
C(C1SC(=CC=1)C1=CC=C(F)C=C1)(=O)NC(C)CC(C)C,0.006870112800970674
N1(C2=C(CC)C=CC=C2)C(=O)C(C)N(C(C2=C(OC)C=CC=C2)=O)CC1,0.008866372844204306
C(C1SC(=CC=1)C1=CC(F)=C(F)C=C1)(=O)NC(C)C(C)(C)C,0.008131550345569848
C(C1SC(=CC=1)C1=CC=C(OCC)C=C1)(=O)NCC1C=CC=CC=1,0.007619544398039579
C1(C(=O)N2CCC(C(NC(C3=C(C)C=CC=C3)=O)C(NCCCOC)=O)CC2)C=CC=C(Br)C=1,0.007230240618810058
C1(S(=O)(=O)N2CCC(C(NC(C3=C(C)C=CC=C3)=O)C(NCCCOC)=O)CC2)C=CC(=CC=1)OC,0.004608307697344572
C1(C(=O)N2CCC(C(NC(C3=C(C)C=CC=C3)=O)C(N3CCCC3)=O)CC2)C=CC=C(Br)C=1,0.009884420316666365
N1(C2=C(CC)C=CC=C2)C(=O)C(C)N(C(C2=CC(OC)=CC=C2)=O)CC1,0.008608687063679099
C1(=CC=CC=C1)C(C)NC(C1COC2(CCN(CC2)C(=O)C2C=CC=C(F)C=2)N1C(=O)C1=CC=CC(OC)=C1)=O,0.005963238282129168
C(CC)NC(C1COC2(CCN(CC2)C(=O)C2C=CC=C(F)C=2)N1C(=O)C1=CC=CC(OC)=C1)=O,0.00639391066506505
C(C1=CC=C(CN2C(=O)COC3C2=CC=C(C=3)C)C=C1)(NCCCCCC)=O,0.009570199763402343
C1(=CC=CC=C1)C(C)NC(C1COC2(CCN(CC2)C(=O)C2=CC=CC=C2C)N1C(=O)C1=CC=CC(OC)=C1)=O,0.007363570248708129
C(C1=CC(CN2C(=O)COC3C2=CC(=CC=3)C(C)=O)=CC=C1)(NCCCCCC)=O,0.01132472907193005
C1C=C(C(OC)=CC=1)OCC1N(C)C(=O)NC(C2C=CC=C(OC)C=2)C=1C(OCC)=O,0.007838021661154927
N1(C2=CC=C(Br)C=C2)C(=O)C(C)N(C(C2=C(F)C=CC=C2)=O)CC1,0.007579700858332217
N1(C2C=CC=CC=2OCC)C(=O)C(C)N(C(=O)C2=CC=C(C)C=C2)CC1,0.008583801495842636
C1(=CC=CS1)CCNC(C1C(C2C=CC=CC=2)N(CCOC)C(=O)C2=CC=CC=C21)=O,0.008639705227687955
N1(C2=CC=C(Br)C=C2)C(=O)C(C)N(C(=O)C2=CC=C(C=C2)OC)CC1,0.008762284461408854
N1(C2=CC=C(Br)C=C2)C(=O)C(C)N(C(C2=CC(OC)=CC=C2)=O)CC1,0.008576915506273508
C1CN(CCC1C)C(C1COC2(CCCCC2)N1C(C1=CC=C(C=C1)C(F)(F)F)=O)=O,0.007610457064583897
C1C=C2CCN(C(=O)C3=C(F)C=CC=C3F)C(C3C(F)=CC=CC=3)C2=CC=1,0.009458225732669235
C1(OC)C=C2CCN(C(C3=CC(=CC(Cl)=C3)Cl)=O)C(C3C=CC(F)=CC=3)C2=CC=1OC,0.009332268661819399
C1C=C2CCN(C(COC3=CC=C(Cl)C=C3)=O)C(C3C=CC(F)=CC=3)C2=CC=1,0.009005817957222462
N1(C2=CC3OCOC=3C=C2)C(=O)C(C)N(C(NC(C)C)=O)CC1,0.004196255595888943
N1(C2C=C(C=CC=2)OCC)C(=O)C(C)N(C(NC(C)(C)C)=O)CC1,0.004454190551768988
C1CN(CCC1C(=O)N)C(C1COC2(CCCCC2)N1C(C1=CC=C(C=C1)C(F)(F)F)=O)=O,0.0057404757710173724
C1(OC)C=C2CCN(C(/C=C(/C)\C)=O)C(C3C=C(Cl)C=CC=3)C2=CC=1OC,0.012746497197076679
C1C=C2CCN(C(=O)C3C=CC(OC)=CC=3)C(C3C(Cl)=CC=CC=3)C2=CC=1,0.011937155900523067
N1(C2=CC(OC)=CC=C2OC)C(=O)C(C)N(C(NC(C)(C)C)=O)CC1,0.004655261803418398
C1C=C(CNC(C2COC3(CCCCC3)N2C(C2=CC=C(C=C2)C(F)(F)F)=O)=O)C=CC=1F,0.006254295748658478
C1C=C2CCN(C(C3=CC=C(Cl)C=C3)=O)C(C3C(F)=CC=CC=3)C2=CC=1,0.009284406970255076
N1(C2=CC(F)=C(C)C=C2)C(=O)C(C)N(C(NC(C)(C)C)=O)CC1,0.00382552893133834
C1C=C(CNC(C2COC3(CCCCC3)N2C(=O)C2C=CC=C(F)C=2)=O)C=CC=1F,0.007986432593315839
C1C=C2CCN(C(C3=CC=C(Cl)C=C3)=O)C(C3C=CC(F)=CC=3)C2=CC=1,0.009530973597429692
C1C(F)=C(CNC(C2COC3(CCCCC3)N2C(C2=CC=C(C=C2)C(F)(F)F)=O)=O)C=CC=1,0.00609697203617543
C1C=C2CCN(C(C3=CC=C(Cl)C=C3)=O)C(C3C(Cl)=CC=CC=3)C2=CC=1,0.013002730486914516
C1C=C2CCN(C(C3C=CC=C(Cl)C=3)=O)C(C3C=CC(F)=CC=3)C2=CC=1,0.009373761736787856
N1(C2=CC=C(C=C2)F)C(=O)C(C)N(C(C2=CC=C(C=C2)C(F)(F)F)=O)CC1,0.004879226174671203
N1(C2=CC=C(F)C(Cl)=C2)C(=O)C(C)N(S(=O)(=O)C2=CC=C(C=C2)F)CC1,0.004410724132321775
N1(CCC2(N(C3C=CC(OC)=CC=3)C(=O)CS2)CC1)C(=O)NC1=C(CC)C=CC=C1,0.004604221740737558
N1(CCC2(N(C3C=CC(Cl)=CC=3)C(=O)CS2)CC1)C(C1=C(F)C=CC=C1)=O,0.005609638337045908
C(NC(=O)N(CC=C)CC(=O)N1CCC2SC=CC=2C1COC1=CC=C(F)C=C1)CC,0.005061751930043101
N1(C2=CC(F)=C(C)C=C2)C(=O)C(C)N(C(=O)C2C=CC=C(Cl)C=2)CC1,0.005998373730108142
N1(C2C=CC=CC=2OCC)C(=O)C(C)N(C(=O)C2C=CC=C(Br)C=2)CC1,0.008968387404456735
N1(CCC2(N(C3C=CC(F)=CC=3)C(=O)CS2)CC1)C(=O)NC1C=CC=C(C)C=1,0.0034201578586362303
N1(C2=C(CC)C=CC=C2)C(=O)C(C)N(C(=O)C2C=CC=CC=2Cl)CC1,0.008307309006340802
N1(C2=CC3CCCC=3C=C2)C(=O)C(C)N(C(=O)C2C=CC=C(Cl)C=2)CC1,0.009185543586499988
N1(C2=C(CC)C=CC=C2)C(=O)C(C)N(C(=O)C2C=CC=C(F)C=2)CC1,0.006758736376650631
N1(C2=CC(Cl)=C(Cl)C=C2)C(=O)C(C)N(C(NC2=CC=C(C)C=C2)=O)CC1,0.004117890552151948
N1(C2=C(CC)C=CC=C2)C(=O)C(C)N(C(NC2=CC=C(C)C=C2)=O)CC1,0.0050437123631127175
N1(C2=CC=C(Br)C=C2)C(=O)C(C)N(C(=O)C2C=CC=CC=2Cl)CC1,0.008573492243885993
N1(C2C=CC=CC=2OCC)C(=O)C(C)N(C(C2=CC(OC)=CC=C2)=O)CC1,0.00817177351564169
N1(CCC2(N(CC3=CC=CO3)C(=O)CS2)CC1)C(CC1C=CC(F)=CC=1)=O,0.006537273828871548
N1(C2C=C(C=CC=2)OCC)C(=O)C(C)N(C(=O)C2C=CC(F)=CC=2)CC1,0.0064724691212177275
N1(C2=CC(OC)=CC=C2OC)C(=O)C(C)N(C(=O)C2C=CC=C(Cl)C=2)CC1,0.007217135769315064
N1(C2=CC(F)=C(C)C=C2)C(=O)C(C)N(S(=O)(=O)C2=CC=C(C=C2)F)CC1,0.004795395175460726
N1(C2=CC(OC)=CC=C2OC)C(=O)C(C)N(S(=O)(=O)C2=CC=C(C=C2)Cl)CC1,0.004983932722825557
N1(C2=CC=C(F)C(Cl)=C2)C(=O)C(C)N(C(=O)C2=CC=CO2)CC1,0.00627678744494915
N1(CCC2(N(CC3=CC=CO3)C(=O)CS2)CC1)C(C1=C(OC)C=CC=C1)=O,0.008005153690464794
N1(C2=CC(OC)=CC(OC)=C2)C(=O)C(C)N(S(=O)(=O)C2=CC=C(C=C2)Cl)CC1,0.004848960880190134
N1(C2C=CC(=CC=2)OCC)C(=O)C(C)N(C(C2=C(F)C=CC=C2)=O)CC1,0.007082900311797857
N1(C2C=CC=CC=2OCC)C(=O)C(C)N(C(=O)C2C=CC=C(F)C=2)CC1,0.006833866587840021
N1(C2C=CC=CC=2OCC)C(=O)C(C)N(C(C2=C(F)C=CC=C2)=O)CC1,0.007356118829920888
N1(C2=CC=C(C=C2)F)C(=O)C(C)N(C(=O)C2C=CC=C(Cl)C=2)CC1,0.005564414570108056
N1(C2=CC(F)=C(C)C=C2)C(=O)C(C)N(C(C2=C(OC)C=CC=C2)=O)CC1,0.007601272477768361
N1(CCC2(N(CC3=CC=CO3)C(=O)CS2)CC1)C(CSC1C=CC=CC=1)=O,0.008654941618442536
N1(C2=CC=C(C=C2)F)C(=O)C(C)N(S(=O)(=O)C2=CC=C(C=C2)Cl)CC1,0.004434039851184934
N1(C2=CC=C(Br)C=C2)C(=O)C(C)N(C(=O)C2C=CC=CC=2)CC1,0.008988845348358154
N1(C2C=CC=CC=2OCC)C(=O)C(C)N(S(=O)(=O)C2=CC=C(C=C2)Cl)CC1,0.004784142773132771
CN(C)C(CN1C(=O)CSC1C1C=CC=CC=1C)=O,0.008108083670958877
CNC(CN1C(=O)CSC1C1C=CC(Cl)=C(Cl)C=1)=O,0.0057126124622300265
N(CCC)(C(=O)C=C1C(=O)N(CC2C=CC=C(OC)C=2)C2=CC=CC=C2S1)C,0.009995336318388582
C1(=C2C=CC=CC2=NC(=C1)C1=CC=C(Cl)S1)C(=O)NC1C=CC=NC=1,0.005159958894364536
N1=C2C=CC=CC2=C(C(C)=C1C1=CC=CS1)C(O)=O,0.0046732365153729916
C(=O)(NC1=NC=CC=N1)C1=C2C=CC=CC2=NC(C2C=CC(=CC=2)C)=C1,0.005922440357971936
C1(=C2C=CC=CC2=NC(C2C=CC(=CC=2)Cl)=C1)C(=O)NC1C=CC=NC=1,0.005996575811877847
C1(=C2C=CC=CC2=NC(C2C=CC(=CC=2)C)=C1)C(=O)NC1C=CC=NC=1,0.007128306641243398
C1(C2C=CC(=CC=2C)C)=CC(=C2C(C=CC=C2)=N1)C(=O)NC1C=CC=NC=1,0.007774720923043788
C1(C2C=CC=CC=2N=C(C2=CC=C3C(OCO3)=C2)C=1)C(=O)NC1=CC=CN=C1,0.0061618451494723555
S(=O)(=O)(NC1=CC=CN=C1)C1C=CC=CC=1Cl,0.0034730681974906473
S(=O)(=O)(C1C=CC=C(F)C=1)NC1=CC=CC=N1,0.003010303556220606
S(=O)(=O)(C1C=CC=C(Cl)C=1)NC1=CC=CC=N1,0.0030222534347558393
C1(=C2C=CC=CC2=NC(C2C=CC(=CC=2)OCC)=C1)C(=O)NC1C=CC=NC=1,0.006665256293490529
C(=O)(NC1SCCN=1)C1C=C(C2=CC=NC=C2)N=C2C=CC(C)=CC=12,0.00450069698272273
S(=O)(=O)(NC(C)C1C=CN=CC=1)C1=C(C)C=C(C(C)=C1)C,0.005446386942639947
S(=O)(=O)(NC(C)C1C=CN=CC=1)C1=C(F)C=CC(F)=C1,0.0029060552828013898
S(CC1C=CC(=CC=1)Cl)(=O)(=O)NC(C)C1=CC=NC=C1,0.0045463075512088835
S(=O)(=O)(C1C=CC=CC=1F)NC1=CC(C)=CC=N1,0.0029881846392527224
S(=O)(=O)(C1C=CC=CC=1Cl)NC1=CC(C)=CC=N1,0.0030773996433708815
S(=O)(=O)(CC1C=CC=CC=1Cl)NC(C)C1=CC=NC=C1,0.004430668614804745
S(=O)(=O)(NC(C)C1C=CC=CN=1)C1C=CC=CC=1F,0.0033092373865656554
S(=O)(=O)(C1C=CC=C(Cl)C=1)NC(C)C1C=CC=CN=1,0.0037844642531126736
S(=O)(=O)(NC(C)C1C=CC=NC=1)C1=C(F)C=CC(F)=C1,0.0028187518357299267
S(=O)(=O)(C1C=CC=C(F)C=1)NC1=CC(C)=CC=N1,0.0030140562215819956
S(=O)(=O)(NCC1=CC=NC=C1)C1C=CC=C(Cl)C=1C,0.003736697614658624
S(=O)(=O)(NC(C)C1C=CC=NC=1)C1=C(C)C=C(C(C)=C1)C,0.005333045800216496
S(=O)(=O)(NC(C)C1C=CC=NC=1)C1C=CC=CC=1F,0.0031048479257151486
S(=O)(=O)(C1C=CC=C(Cl)C=1)NC1=CC(C)=CC=N1,0.0029769730812404306
S(=O)(=O)(NC(C)C1C=CC=CN=1)C1=C(C)C=C(C(C)=C1)C,0.005512568750418723
S(CC1C=CC(=CC=1)Cl)(=O)(=O)NC(C)C1C=CC=CN=1,0.00425991544034332
S(=O)(=O)(CC1C=CC=CC=1Cl)NC(C)C1C=CC=CN=1,0.0042183106299489735
S(=O)(=O)(N1CCN(CC1)CC1=CC=CC=N1)C1=C(C)C=C(C(C)=C1)C,0.006060483562760055
S(=O)(=O)(C1C=CC=C(OC)C=1)N1CCN(CC1)CC1=CC=CC=N1,0.00450274923350662
C1(SC=C(C2=CC=C(Br)C=C2)N=1)NC(CNC1CCCCC1)=O,0.008817431959323585
C1(SC=C(C2=CC=C(C=C2)Br)N=1)NC(CNCC1=CC=CC=C1)=O,0.006345834629610181
C1(C=COC=1C)C(=O)NCC1=CSC(C2=CC=CC=C2)=N1,0.005964907724410296
C1(SC=C(C2=CC=C(C=C2)Br)N=1)NC(=O)CN1CCN(CC1)C,0.006382365268655122
C1(SC=C(C2=CC=C(C=C2)Br)N=1)NC(CNCCN1CCOCC1)=O,0.005393906868994236
C1(NC2C(=CC=CC=2)N=1)N1C=C(C(C)=N1)O,0.003441990539431572
C1(NC2C(=CC=CC=2)N=1)N1C=C(C(C2C=CC=CC=2)=N1)O,0.0035764655680395664
S(=O)(=O)(C1=C(C)C=C(C(C)=C1)C)NC1=CC=C(C=N1)C,0.0043872076203115284
S(=O)(=O)(CC1C=CC=CC=1Cl)NC1=CC=C(C=N1)C,0.0030837629339657722
C1(NC(=O)CC2(CCCC2)CC(O)=O)SC2=C(C=CC=C2)N=1,0.008486025827005505
C1(C(F)(F)F)=NN=C(NC(=O)C2=C(Cl)C=NN2C)S1,0.003555776766734198
C1(NC(=O)CN2CCC(CC2)CC2C=CC=CC=2)=NN=C(C)S1,0.006995338434353471
N1=C2C(C)=CC=CC2=C(C=C1C1=CC2=C(C=CC=C2)O1)C(O)=O,0.006434507947415113
C(=O)(NC1C=CON=1)C1C2=CC=CC=C2N=C(C2=CC=C(C)C=C2)C=1,0.006595268868841231
S(=O)(=O)(C1C=CC=CC=1Cl)NC1C(C)=NN(CC2C=CC=CC=2)C=1C,0.004883258196059614
S(=O)(=O)(C1C=CC=CC=1F)NC1C(C)=NN(CC2C=CC=CC=2)C=1C,0.004613058746326715
S(=O)(=O)(C1C(F)=CC=C(F)C=1)NC1C(C)=NN(CC2=CC=CC=C2)C=1C,0.004483486502431333
S(=O)(=O)(C1C=CC=CC=1F)NC1C(C)=NN(CC2=CC=CC=C2F)C=1C,0.004982246900908649
C1(C(C)=NN(CC2=CC=CC(F)=C2)C=1C)NS(=O)(=O)C1C=CC=C(F)C=1,0.004914673848543316
S(=O)(=O)(C1=C(C)C=C(C(C)=C1)C)NC1C=CN(CC)N=1,0.004631157836411148
S(=O)(=O)(NC1C=CC2=C(NC=C2)C=1)C1=C(F)C=CC(F)=C1,0.0018903406482422725
S(=O)(=O)(C1C=CC=C(F)C=1)NC1C=CN(CC)N=1,0.0034721134055871517
S(=O)(=O)(NC1C=CC2=C(NC=C2)C=1)C1C=CC=CC=1F,0.0019553348829504102
S(=O)(=O)(NCC1=CC=CO1)C1C=CC=C(Cl)C=1C,0.0042003646027296785
S(=O)(=O)(NC1C=CC2=C(NC=C2)C=1)C1=C(C)C=C(C(C)=C1)C,0.0033775118528865276
S(CC1=CC=C(C=C1)Cl)(=O)(=O)NC1C=CN(CC)N=1,0.0036375853000208736
S(=O)(=O)(C1C=CC=C(F)C=1)NC1C=CC2=C(NC=C2)C=1,0.0020567524334182963
S(=O)(=O)(N1CCN(CC1)CC1=CC=CO1)C1=C(C)C=C(C(C)=C1)C,0.006489282543770969
S(=O)(=O)(C1C=CC=C(Cl)C=1)NC1C=CC2=C(NC=C2)C=1,0.002280180074740201
S(=O)(=O)(C1C=CC=C(F)C=1)N1CCN(CC2=CC=CO2)CC1,0.004032379726413638
S(=O)(=O)(C1C=CC=C(OC)C=1)N1CCN(CC1)CC1=CC=CO1,0.004866260313428938
C1(C2C(=CC=CC=2Cl)F)=NOC(C)=C1C(NCCCN1CCOCC1)=O,0.005240915715694428
C1(=O)C=C(N(C)N1C1C=CC=CC=1)NC,0.005899134487845003
C1(C(OC)=O)=CC2C(=CC=C(OC(C)C)C=2)N1,0.004569544573314488
S(=O)(=O)(NC1C=CC2=C(C=NN2)C=1)C1=C(C)C=C(C(C)=C1)C,0.002947468135971576
S(=O)(=O)(N1CCCN(C)CC1)C1=CC=CC2=NON=C12,0.0051153104985132815
S(=O)(=O)(N1CCN(CC1)CC1=CC=CC2C=CC=CC1=2)C1=CC=CC2=NON=C12,0.0052199327852576975
S(=O)(=O)(C1C=CC=C(F)C=1)N1CCN(CC1)CC1=CC=C(C)O1,0.004486697365064174
S(=O)(=O)(NC1C=NN(CC)C=1)C1C=CC=C(Cl)C=1C,0.0035189471673220396
C1(C(=O)N2CCN(CC2)C(=O)C2CCCO2)=C(C)C2=C(C=CC=C2)O1,0.009149156883358956
S(=O)(=O)(N1CCN(CC1)CC1C(C)=NN(CC)C=1C)C1C=CC=CC=1F,0.005065151955932379
S(=O)(=O)(C1C=CC=C(F)C=1)N1CCN(CC1)CC1C(C)=NN(C)C=1C,0.005322861298918724
S(=O)(=O)(C1C=CC=CC=1F)NC1C(C)=NN(CC2=CC=CC=C2C)C=1C,0.0051116509130224586
S(=O)(=O)(C1C=CC=CC=1Cl)NC1C(C)=NN(CC2=CC=CC=C2F)C=1C,0.005091485602315515
S(=O)(=O)(CC1C=CC(=CC=1)Cl)N1CCN(CC1)CC1C(C)=NN(CC)C=1C,0.006976440129801631
C1(C(C)=NN(CC2=CC=C(C=C2)C)C=1C)NS(=O)(=O)C1C=CC=C(F)C=1,0.005385218211449683
S(=O)(=O)(C1C=CC=CC=1Cl)NC1C(C)=NN(CC2=CC=CC(C)=C2)C=1C,0.005328646069392562
S(=O)(=O)(C1C=CC=C(F)C=1)N1CCN(CC1)CC1C(C)=NN(CC)C=1C,0.00542765676509589
S(=O)(=O)(C1C=CC=CC=1F)NC1C(C)=NN(CC2=CC=CC(C)=C2)C=1C,0.005070729902945459
S(=O)(=O)(C1C=CC=CC=1Cl)NC1C(C)=NN(CC2=CC=CC(F)=C2)C=1C,0.005041369854006916
C1(C(C)=NN(CC2=CC=CC(C)=C2)C=1C)NS(=O)(=O)C1C=CC=C(F)C=1,0.005351096973754466
S(=O)(=O)(C1C=CC=C(OC)C=1)N1CCN(CC1)CC1C(C)=NN(C)C=1C,0.006294971355237067
S(=O)(=O)(C1C=CC=C(Cl)C=1C)N1CCN(CC1)CC1C(C)=NN(C)C=1C,0.00644636272918433
S(=O)(=O)(C1C=CC=C(OC)C=1)N1CCN(CC1)CC1C(C)=NN(CC)C=1C,0.00627504768781364
C1(C(C)=NN(C2=CC=CC=C2)C=1C)S(=O)(=O)N1CCN(CC1)CC1=CC=CC(OC)=C1,0.005835321918129921
S(=O)(=O)(C1C=CC=C(Cl)C=1C)N1CCN(CC1)CC1C(C)=NN(CC)C=1C,0.006398420222103596
C(=O)(C(C1C=CC=CC=1)C1=CC=CC=C1)NC1=CC=C(C(C(O)=O)=C1)O,0.004076391737908125
C1(C=C(C=CC=1O)NC(=O)C1C=CC=CC=1Cl)C(O)=O,0.0033108007744885983
C1(CC2=CC=CC=C2C(O)=O)=C2CCCCC2=CC2CCCCC1=2,0.01568403304554522
C1(C(=O)N(C)C)=C(C)N=C(NC(=O)CN2CCN(CC2)CC2=CC=CC(OC)=C2)S1,0.006063429033383727
C1(C(=O)N(C)C)=C(C)N=C(NC(=O)CN2CCN(CC2)CC2C=CC(=CC=2)F)S1,0.005783412628807128
C1(C(OCC)=O)=C(C2C=CC=CC=2)C2C(=CC=CC=2)N1,0.00486015104688704
C1(C(N)=O)=C(C)C2C(=C(C)C=CC=2)N1,0.005743999278638512
C1(C(OC)=O)=C(C)C2C(=C(C)C=CC=2)N1,0.0056163210538215935
C1(C(OCC)=O)=C(C)C2C(=CC=C(OCC)C=2)N1,0.004564018291421235
C1(C(OCC)=O)NC2=C(C(OC)=CC(OC)=C2)C=1C,0.004323463793843985
C(=O)(CC1C=CC=CC=1C)N1CCN(CC1)C(=O)C1CCCO1,0.009070675168186427
S(=O)(=O)(C1=CC=C(CCCC)C=C1)N1CCN(C2=CC=CC=C2)CC1,0.0070977404713630675
S(=O)(=O)(C1C=CC=C(F)C=1)N1CCN(CCCC)CC1,0.005493133014533668
S(=O)(=O)(N1CCN(CCC(C)C)CC1)C1C=CC=CC=1F,0.005989669356495142
S(=O)(=O)(CC1C=CC(=CC=1)Cl)N1CCN(CC1)CC1=CC=CC=C1C,0.006611340586096049
S(=O)(=O)(N1CCN(CC2=CC=CC=C2OCC)CC1)C1C=CC=CC=1F,0.00500336738768965
S(=O)(=O)(N1CCN(CC1)C(C)C)C1=C(F)C=CC(F)=C1,0.003772933769505471
S(=O)(=O)(C1C=CC=C(F)C=1)N1CCN(CC2C=CC=C(OC)C=2)CC1,0.004711758182384074
S(=O)(=O)(C1C=CC=C(F)C=1)N1CCN(CC1)CC=C,0.00375144763966091
S(=O)(=O)(N1CCN(CC2=CC=CC=C2OC)CC1)C1C=CC=CC=1F,0.004735043295659125
S(=O)(=O)(C1C=CC=C(OC)C=1)N1CCN(CC1)CC=C,0.0046602935995906595
S(=O)(=O)(N1CCN(CC1)CC(C)C)C1=C(F)C=CC(F)=C1,0.004907295294106007
S(=O)(=O)(C1C=CC=C(F)C=1)N1CCN(CCC(C)C)CC1,0.006110646529123187
S(=O)(=O)(N1CCN(C2CCCCC2)CC1)C1C=CC=CC=1F,0.006652022455818951
S(=O)(=O)(N1CCN(CC(CC)CC)CC1)C1C=CC=CC=1F,0.006661840155720711
S(=O)(=O)(C1C=CC=C(F)C=1)N1CCN(CC2=CC=CC=C2OC)CC1,0.004807222774252296
S(=O)(=O)(C1C=CC=C(F)C=1)N1CCN(CC(C)C)CC1,0.005576159025076776
S(=O)(=O)(C1C=CC=C(OC)C=1)N1CCN(CC1)C1CCCCC1,0.00807452853769064
S(=O)(=O)(N1CCN(CCCC)CC1)C1C=CC=CC=1F,0.005011273559648544
S(=O)(=O)(C1C=CC=C(F)C=1)N1CCN(C2CCCCC2)CC1,0.006983610871247947
S(=O)(=O)(N1CCN(CC1)C1CCCC1)C1=C(F)C=CC(F)=C1,0.005477301264181733
S(=O)(=O)(C1C=CC=C(OC)C=1)N1CCN(CC1)CCC(C)C,0.007856900058686733
S(=O)(=O)(C1C=CC=C(F)C=1)N1CCN(CC2C=CC(F)=CC=2)CC1,0.004297441150993109
S(=O)(=O)(N1CCN(CC2C=CC(=CC=2)C)CC1)C1C=CC=CC=1F,0.005115098296664655
S(=O)(=O)(C1C=CC=C(OC)C=1)N1CCN(CC1)CC1=CC=C(C=C1)N(C)C,0.005795838288031518
S(=O)(=O)(N1CCN(CC2=CC=CC(F)=C2)CC1)C1C=CC=CC=1F,0.0038454426336102187
S(=O)(=O)(C1C=CC=C(F)C=1)N1CCN(CC2=CC=CC(F)=C2)CC1,0.004044643766246736
S(=O)(=O)(C1C=CC=C(OC)C=1)N1CCN(CC1)CCC1=CC=CC=C1,0.005967850750312209
S(=O)(=O)(C1C=CC=C(F)C=1)N1CCN(CC2C=CC(=CC=2)C)CC1,0.005453788512386382
S(=O)(=O)(C1C=CC=C(OC)C=1)N1CCN(CC1)CC1=CC=C(C=C1)C,0.006527485232800246
S(=O)(=O)(C1C=CC=C(Cl)C=1C)N1CCCC(C)C1,0.006140674697235227
C(OCC)(=O)/N=N/C(OCC)=O,0.008560296497307718
N1C(=CC(=NC=1O)/C=C(\C)/C=C(\OC)/C(OC)=O)C(OC)=O,0.011970061156898738
C(F)(F)(C(F)(F)F)C(F)(F)SC1C=CC=CC=1NC(=O)/C=C/C(O)=O,0.0034828211316721537
C(OC)(=O)/C=C/CC(OC)=O,0.01947285169735551
O[C@@H](C)CCC,0.010198589647188783
[C@@H](C(C)C)(N)C(O)(CC=C)CC=C,0.02303825654089451
C1(SC2=C(C=CC=C2)N=1)SC(=O)/C(=N\OC)/C1=CSC(N)=N1,0.004276438150554895
N1(C2C=CC(=CN=2)Cl)C(=O)C2=C(N=CC=N2)[C@@H]1OC(=O)N1CCN(CC1)C,0.005374826351180672
N1(C2C=CC(=CN=2)Cl)C(=O)C2=C(N=CC=N2)[C@H]1OC(=O)N1CCN(CC1)C,0.005341245164163411
C(O)(=O)[C@H](N)CSSC[C@@H](N)C(O)=O,0.010260797198861837
C(O)(=O)[C@@H](N)CSSC[C@H](N)C(O)=O,0.010260795988142491
N1=C(C[C@H](C)N)C=C(C)N1,0.010077190632000566
N(=O)(=O)/C=C/C1=CC=CC=C1F,0.007018187455832959
C1(=O)NOC[C@H]1N,0.002387273800559342
C1(=O)NOC[C@@H]1N,0.002426154993008822
[C@]1(OC(=O)NC2=CC=C(Cl)C=C12)(C(F)(F)F)C#CC1CC1,0.004116814639828048
C([C@@H](N)CC(=O)O)(F)(F)F,0.00401221611932101
C(/C#N)(\C(OCC)=O)=C(\N)/C(Cl)(Cl)Cl,0.007842514966614544
S(C)(=O)(=O)C1C=CC(=CC=1)[C@@H](O)[C@@H](CF)NC(=O)C(Cl)Cl,0.0020599999093974474
[C@@]12(C)CC[C@H]([C@@](C)(CO)[C@@]1([H])CCC(=C)[C@@]2([H])/C=C/C1=CCOC1=O)O,0.004917675171782321
C1(C(O)=CC=C2C=CC=CC=12)/N=N/C1SC=CN=1,0.0024208020186051726
C(/C)(\C1=CC=NC=C1)=N/O,0.014157157391309738
C(=C/N(C)C)\C(=O)C1C=CC=CN=1,0.01654652887955308
[C@@H](CO)(CCl)O,0.006014837860129773
[C@H](CO)(CCl)O,0.005820125283207744
N1(C(=O)CCC1=O)OC(=O)[C@@H]1CCCN1C(=O)OC(C)(C)C,0.0008247047262557317
N1(C(=O)CCC1=O)OC(=O)[C@H]1CCCN1C(=O)OC(C)(C)C,0.0008242093848821241
N1[C@@H](CSC1=S)C(O)=O,0.007630762876942754
[C@@H](O)([C@H](CNC)O)[C@H](O)[C@@H](CO)O,0.005170775655735582
OC(/C(/Cl)=C(/C=O)\Cl)=O,0.009568577673053368
[C@]12(C[C@@H](C(N)=O)OC3=CC=C(F)C=C13)NC(NC2=O)=O,0.0017522940295748412
C(Cl)(=O)/C=C/C,0.03880593162029981
[C@@H]1(C(N)=O)[C@@H](O1)C(C/C=C/CC/C=C/C)=O,0.01672028754837811
C1=CC(=O)O[C@@H]1COC(C1C=CC=CC=1)=O,0.00932339639402926
C1(=CC(C[C@H](N)C(O)=O)=CC(N(=O)=O)=C1O)N(=O)=O,0.006275384698528797
C1(O)C(=O)O[C@@H]([C@H](CO)O)C=1O,0.005111625807330711
C1([C@H]2CCCN2)SC=CN=1,0.009079440264031291
N(/N)=C(/C)\C1=CC=CC=C1,0.017451627692207695
O1[C@H](C1)CCCC,0.025599430967122316
O1[C@@H](C1)CCCC,0.024943780712783338
C1([C@@H](CCCN1)N)=O,0.012457339838147164
C1([C@H](CCCN1)N)=O,0.012803242914378643
N1(N=CC(NC1=O)=O)[C@@H]1O[C@@H]([C@@H](O)[C@H]1O)CO,0.001322403952701734
C1=CC=CC(C[C@H](N2N=NN=C2)C(=O)O)=C1,0.003959844761993736
[C@@]1(CCCN(C)C)(C2C=CC(=CC=2)F)OCC2=CC(=CC=C12)C#N,0.00932293818332255
[C@]1(CCCN(C)C)(C2C=CC(=CC=2)F)OCC2=CC(=CC=C12)C#N,0.009293146803975106
S1[C@H](CCCCC(O)=O)CCS1,0.011012947699055076
C1(C[C@@H](O)[C@@H]([C@H](O)C=1)O)C(O)=O,0.003808340086842628
[C@]12([C@H](C)CC(C=C1OC)=O)OC1C(=C(OC)C=C(OC)C=1Cl)C2=O,0.017006092146039008
C(O)([C@H](C)N)=O,0.01355106676928699
C1(C)(C)OC[C@@H](CO)O1,0.00913445563055575
C1(C)(C)OC[C@H](CO)O1,0.009217510558664798
C(=O)(OC(C)(C)C)N1CCOC[C@@H]1CN,0.009226979687809944
C(=O)(OC(C)(C)C)N1CCOC[C@H]1CN,0.009129893220961093
C1(CC[C@H](C)O1)=O,0.014217639807611704
C1(CC[C@@H](C)O1)=O,0.013981645600870252
C1C=C2C(OC([C@@H](N)C)=C2)=CC=1,0.014940990600734949
C1C=C2C(OC([C@H](N)C)=C2)=CC=1,0.015235868282616138
C1([C@H](O)CCN)CC1,0.010038436413742602
C1([C@@H](O)CCN)CC1,0.009841180546209216
C1(=CC=CC=C1OC)[C@@H](CO)N,0.008113960828632116
C1(=CC=CC=C1OC)[C@H](CO)N,0.008252199040725827
N12[C@@H](C(O)=O)C(S[C@@H]1[C@H](NC(=O)[C@@H](C1=CC=CC=C1)NC(=O)N1CCNC1=O)C2=O)(C)C,0.001247202281956561
N(=O)(=O)C1=CC(=CC=C1OC)/C=C\C1=CC(OC)=C(C(OC)=C1)OC,0.00991574297659099
N(CC1=CC=C(C=C1)C1C=CC=CC=1C1NN=NN=1)(C(CCCC)=O)[C@H](C(C)C)C(O)=O,0.004501354519743472
N(CC1=CC=C(C=C1)C1C=CC=CC=1C1NN=NN=1)(C(CCCC)=O)[C@@H](C(C)C)C(O)=O,0.004470385669264942
N(=O)(=O)C1C=C(C=CC=1Cl)/C=C/C(O)=O,0.004933846648782492
C1(/C=N/O)C(=CC=CC=1Cl)F,0.010648519685491919
C([C@H](N)C1=CC=CO1)C(O)=O,0.011249678675085306
C1(C(O)=CC=C2C=CC=CC=12)/N=N/C1C=CC=CN=1,0.0027395079785492273
C(=C/C(O)=O)\C1=CC(Br)=CC=C1F,0.008806913695298135
C(O)(=O)/C=C/C1C=CC=C(I)C=1,0.010458031063899398
C1(COC(=O)N[C@@H](COCC2C=CC=CC=2)C(O)=O)C2C=CC=CC=2C2C=CC=CC=21,0.007569618918932974
C1(COC(=O)N[C@H](COCC2C=CC=CC=2)C(O)=O)C2C=CC=CC=2C2C=CC=CC=21,0.007619042275473475
S(=O)(=O)(C1C=CC(=CC=1)C)NC(=O)NN1C[C@H]2[C@H](CCC2)C1,0.0020150066731730474
C(C1C=CC=CC=1)(=O)N[C@@H](CCCNC(N)=N)C(O)=O,0.004165709984954446
C(O)(=O)[C@H](CCC(O)=O)NC(C)=O,0.0069353116909042
C(O)(=O)[C@@H](CCC(O)=O)NC(C)=O,0.006823432305827737
C(=C/N(C)C)\C(=O)C1C=CC=NC=1,0.02090892679989338
N1(CCC[C@H](C(O)=O)C1)C(COC)=O,0.006751017551869154
O[C@H](C)CO,0.010514576360583306
O[C@@H](C)CO,0.010129313694778829
C(=S)=N[C@H](C)C1=CC=CC=C1,0.01410481110215187
C(O)([C@@H](CCSC)N)=O,0.010191158205270768
C1(=CC=C(/C=N/N2CCOC2=O)O1)N(=O)=O,0.005615434609353542
C1(/C=N/O)C=COC=1,0.01939613474532962
C(F)(F)(F)C1=CC=C(C(=C1)/C=C/C(O)=O)Cl,0.004689910460729152
C1[C@@H]2O[C@@H](CNC2)C1,0.014320009015500545
C(OCC)(=O)/C=C/CBr,0.019213572982698678
OC(/C=C/C(NNC(NCC1OC=CC=1)=S)=O)=O,0.003320990805514157
[C@](C)(NN)(CC1C=CC(=C(O)C=1)O)C(O)=O,0.0024049613042734564
C12OC[C@H](C)C=1C(C(=O)C1C3=C(C(C)(C)CCC3)C=CC=12)=O,0.02660826425999403
C(O)(=O)/C=C/C1C=CC=NC=1,0.008986203325912356
C(O)(=O)[C@@H](O)CC(C)C,0.005692440713755786
C(O)(=O)[C@H](O)CC(C)C,0.005786380730569363
[C@H]12CO[C@H](C3C=CC(=C(OC)C=3)OC)[C@H]1CO[C@@H]2C1=CC=C(C(OC)=C1)OC,0.01640617071170709
[C@@H]12CO[C@@H](C3C=CC(=C(OC)C=3)OC)[C@@H]1CO[C@H]2C1=CC=C(C(OC)=C1)OC,0.016282740245878814
C1(/C2=CC=CC=C2C(=O)O/1)=C/C(O)=O,0.008231789781711995
O1CCOC[C@H]1CN,0.02249708417803049
O1CCOC[C@@H]1CN,0.02299663471058011
[C@@]12(C)CC[C@H]([C@@](C)(CO)[C@@]1([H])CCC(=C)C2([H])C/C=C1\[C@@H](O)COC\1=O)O,0.005586502082587685
N12CCC3=C(C=C(C(OC)=C3)OC)[C@H]1CC(=O)[C@H](CC(C)C)C2,0.017691891361027955
N12CCC3=C(C=C(C(OC)=C3)OC)[C@@H]1CC(=O)[C@@H](CC(C)C)C2,0.017695012409240006
[C@@H]1(CC(C[C@H]1C(OC)=O)=O)C(OC)=O,0.019424599409103394
[C@@H]1(CC(C[C@@H]1C(OC)=O)=O)C(OC)=O,0.019590728683397174
[C@H]1(CC(C[C@H]1C(OC)=O)=O)C(OC)=O,0.019195477198809385
C1(C=C(C=CC=1O)/N=N/C1C=CC=CC=1)C(O)=O,0.002622735261684284
C1(=CC(Br)=CC(I)=C1OC)/C=C/C(O)=O,0.01317855049856007
C12C[C@H](NCC=1NC1=CC=CC=C21)C(NN)=O,0.002377294102916494
C=CCC(O)([C@H]1NCCC1)CC=C,0.018141495808959008
C1(O)C(=CC(=CC=1C(C)(C)C)/C=C/C(O)=O)C(C)(C)C,0.007035377994179725
C1(Cl)(Cl)[C@@H]([C@@H]1COC(=O)C1C=CC(=CC=1Cl)Cl)COC(=O)C1=CC=C(C=C1Cl)Cl,0.007704796727284925
C(C(OCC)=O)[C@H](N)C1C=CC=CC=1Cl,0.010953931137919426
C(C(OCC)=O)[C@@H](N)C1C=CC=CC=1Cl,0.010810853494331241
S(C)(=O)(=O)C1C=CC(=CC=1)[C@H](CC)N,0.010506645031273364
S(C)(=O)(=O)C1C=CC(=CC=1)[C@@H](CC)N,0.010390691203065216
N1(CCN(C(=O)C1=O)CC)C(=O)N[C@H](C1C=CC(=CC=1)O)C(O)=O,0.001077429691213183
C(=O)(OC(C)(C)C)N[C@@H](C1CCOCC1)C(O)=O,0.005438836850225925
C(=O)(OC(C)(C)C)N[C@H](C1CCOCC1)C(O)=O,0.005497563304379583
C(OC(C)C)(=O)/C=C(\C)/C=C/C[C@@H](C)CCCC(C)(C)OC,0.02505655763670802
N1CCO[C@H](C1)CC1C=CC=CC=1,0.01076491791754961
[C@@H]1(C2C=CC=CC=2)CNCC1,0.014494997449219227
C12C=C(C=CC=1OCO2)/C=C/C(O)=O,0.0087196693290025
N1(CCOCC1)C[C@@H]1CCCN1,0.01474080323241651
C1(=CC=CS1)C(=O)/C=C/C1=CC=CS1,0.01925758831202984
O1C[C@H]1COCC1=CC=CC=C1,0.013936482230201363
O1C[C@@H]1COCC1=CC=CC=C1,0.014113607117906213
[C@H](C1C=CC=CC=1)(NC(C)=O)C(O)=O,0.0059184955665841695
[C@@H](C1C=CC=CC=1)(NC(C)=O)C(O)=O,0.006009300099685788
C(N)(=O)/C=C/C1=CC=C(C(OC)=C1)O,0.010253262403421105
N1(CC2C=CC=C(C=2)C(O)=O)C(Cl)=C(SC1=O)/C=N/NC(N)=S,0.006671026535332203
N(=C(/C)\CCC(O)=O)/NC1=CC=CC=C1,0.0074645854532718655
[C@](N)(C)(C(=O)O)C(F)(F)F,0.004008151845209795
C1(=O)OC([C@@H]2[C@H]3C=C[C@H](O3)[C@@H]21)=O,0.00877679163816043
[C@H](N)(C(C)(C)S)C(O)=O,0.007251876621739939
C(=C/N(C)C)\C(C1C=CN=CC=1)=O,0.021152493450790642
C1C=C(C=CC=1OC(F)F)[C@@H](N)C,0.006906923069618642
C1C=C(C=CC=1OC(F)F)[C@H](N)C,0.007022632006555796
N(=O)(=O)C1=CC=C(C(Br)=C1)C1=CC=C(/C=N/C2C=CC(=CC=2)C(O)=O)O1,0.004541401751339436
C(O)(=O)[C@@H](N)C1C=CC(=CC=1)C1=CC=CC=C1,0.007837061095051468
C(/C=O)=C\C1=CC=CC=C1,0.01982023612363264
N1(C=NC2C(=NC(O)=NC1=2)O)[C@@H]1O[C@@H]([C@@H](O)[C@H]1O)CO,0.0019044211428081326
C1(=CC=CC=C1O)/C=N/CC/N=C/C1=CC=CC=C1O,0.00583938907366246
N1(C[C@@H]2C[C@H]1C(O2)=O)C(=O)OC(C)(C)C,0.007866023969836534
OC([C@@H]1C2=C(C=CC=C2)CC1)=O,0.01274545667693019
OC([C@H]1C2=C(C=CC=C2)CC1)=O,0.012502171145752073
C(/C1=CC=NC=C1)=C\C1C=CN=CC=1,0.015967479348182677
N1(C[C@@H](CCl)O)C(=O)C2=C(C=CC=C2)C1=O,0.0015566805988783017
C1(C=CC(=CC=1Cl)Cl)C(=O)NNC(=O)/C=C/C(O)=O,0.0025695431977510452
N1CCC[C@@H]1COCC1C=CC=CC=1,0.013672828115522862
C(/C1C=CC=CC=1CC)=C\C(O)=O,0.01003139370586723
C12=CC(=CC=C1[C@H](N)CC(C)(C)O2)OC,0.020137218479067086
C(F)(F)(F)C1=CC=CC(=C1)[C@H](N)CC(O)=O,0.0056186415837146345
C(F)(F)(F)C1=CC=CC(=C1)[C@@H](N)CC(O)=O,0.005546172917820513
O1[C@H](C1)CC,0.023010776191949845
O1[C@@H](C1)CC,0.022185026947408915
C(/Cl)(=N/O)\C(OCC)=O,0.011504885274916887
N1C[C@H](C[C@H]1C(OCC)=O)O,0.0028877191594801842
C1(=O)[C@H]2[C@@H]3C[C@@H](C=C3)[C@H]2C(=O)O1,0.010127402325088042
N1C[C@@H](C[C@H]1C(OCC)=O)O,0.0028650645166635514
C1(=O)[C@H]2[C@H]3C[C@H](C=C3)[C@H]2C(=O)O1,0.0101274024182203
N1C[C@@H](C[C@@H]1C(OCC)=O)O,0.002896800998132676
N(=O)(=O)C1=CC=CC=C1/C=N/O,0.007633779873140156
C(/C=O)=C(/C)\CC/C=C(/C)\C,0.021653897094074635
[C@@H](N)(C(O)=O)C1=CC=CS1,0.00827913568355143
C12C[C@@H](C(O)=O)NCC=1NC=N2,0.0030811850156169385
C12C[C@H](C(O)=O)NCC=1NC=N2,0.0031213000474963337
N1C(C2C=CN=CC=2)=NOC=1[C@@H]1CCCCN1,0.005781077570281923
N1C(C2C=CN=CC=2)=NOC=1[C@H]1CCCCN1,0.005729429144412279
C1([C@@H](C)N)C=CC(=CC=1)F,0.012649092078208923
C1([C@H](C)N)C=CC(=CC=1)F,0.012982995249330997
N1(C=NC2C(=NC=NC1=2)N)[C@H]1C[C@@H]([C@@H](CO)O1)O,0.0012415949547857964
N1(C=NC2C(=NC=NC1=2)N)[C@@H]1C[C@H]([C@H](CO)O1)O,0.0012238417832008963
C1(=CC=CO1)/C(/C)=N/O,0.01679951446130872
C1(=CC=CO1)C[C@@H](C)N,0.016707007074728608
C1(=CC=CO1)C[C@H](C)N,0.017236187867820264
C(/C(OC)=O)=C\C(OC)=O,0.019152105785906315
N(/C1=CC=C(C=C1)N)=N\C1C=CC=CC=1,0.006189752428326756
N(/O)=C\C1=CC=CC=N1,0.013613196555525064
N1(C=CC=C1C=O)[C@H](CC(C)C)C(O)=O,0.007015170235536061
N1(C=CC=C1C=O)[C@@H](CC(C)C)C(O)=O,0.006957587719080038
N[C@@H](C1=CC(F)=CC=C1)C(O)=O,0.0068518197629600765
C(=O)(OC(C)(C)C)N1CC[C@H](O)C1,0.0031513822847045957
C(=O)(OC(C)(C)C)N1CC[C@@H](O)C1,0.0031328048324212434
N(=O)(=O)C1=CC=C(C=C1)/C(/Cl)=N/O,0.006421474926173687
O1C[C@H]1COCCCC,0.018285954464226963
O1C[C@@H]1COCCCC,0.01857251338660717
C1(=N/C2C=CC(=CC=2)OC)/SSN=C/1Cl,0.011331171728670597
N12CCCC3C=CC=C(C1=3)C=C(/C=C/C(O)=O)C2=O,0.0082626152317971
C([C@@H](N)C1C=CC2=C(OCO2)C=1)C(O)=O,0.010212222719565034
C([C@H](N)C1C=CC2=C(OCO2)C=1)C(O)=O,0.010349239408969878
[C@@H]1(CCN(C)C1)C(O)=O,0.012138406932353973
C(/C1C=CC=CC=1Br)=C\C(O)=O,0.011545764887705446
N1C[C@@H](CC1=O)CN,0.01202714666724205
N1C[C@H](CC1=O)CN,0.012382233142852783
C(=O)(C1=CC=CO1)NC1=CC=C(C=C1C)/N=N/C1=CC=CC=C1C,0.007029924495145679
C(/C)(\C)=C/CC[C@H](C)CCO,0.011315196752548218
C(/C)(\C)=C/CC[C@@H](C)CCO,0.01115412248764187
N1C2=CC=CC=C2CN2CC[C@@H](O)C=12,0.0027838387759402394
N1C2=CC=CC=C2CN2CC[C@H](O)C=12,0.0028002542443573476
C(/C(C)=O)=C\C1C=CC(=CC=1)N(C)C,0.025130605231970547
N1(CC(O)=O)C(=O)/C(/SC1=S)=C/C(/C)=C/C1C=CC=CC=1,0.009550558356568217
CCC1=C(NC(/C(/C)=C/C(O)=O)=O)C(CC)=CC=C1,0.007850524131208658
C(=O)(/C=C/C=C/C1C=CC2=C(OCO2)C=1)N1CCCCC1,0.013897745730355382
CCOC(C1N([C@@H](C2=CC=CC=C2)C)C=NC=1)=O,0.006225153151899576
[C@@H](N)([C@H](C)O)C(O)=O,0.004542999563273043
C1C=CC([C@H](C)N)=NC=1,0.0164307018276304
C1C=CC([C@@H](C)N)=NC=1,0.015912503469735384
O1C[C@@H]1CCl,0.01235720030963421
O1C[C@H]1CCl,0.011857547052204608
C1(F)=CC(=CC=C1C1C=CC=CC=1)[C@H](C)C(O)=O,0.0050290112034417685
C1(F)=CC(=CC=C1C1C=CC=CC=1)[C@@H](C)C(O)=O,0.004969985305797309
N(=O)(=O)C1C=CC(=CC=1)[C@H](O)[C@H](CO)N,0.0031156748591456562
N1(C)C2=CC=CC=C2C=C(/C=C/C(O)=O)C1=O,0.007719128252938389
C1(C=C(C=C(C(=O)N/N=C/C2=CC=C(N(=O)=O)O2)C=1O)N(=O)=O)N(=O)=O,0.002440559514798224
C[C@@H](N)CCN1CCOCC1,0.01852425532415509
S(=O)(=O)(NC1=CC=C(C=C1)C(O)=O)C1=CC(=CC(OC)=C1OC)/C=C/C(O)=O,0.004867633897811174
C1([C@H](C)N)=CN(N=C1C)C,0.017351108510047196
C1([C@@H](C)N)=CN(N=C1C)C,0.01688054446130991
[C@H](C(C)(C)O)(C(O)=O)NC(=O)OC(C)(C)C,0.006756137916818261
[C@@H](C(C)(C)O)(C(O)=O)NC(=O)OC(C)(C)C,0.006843287893570959
C1(C=CC=C(N)C=1)[C@H](C)O,0.005151622253470123
C1(C=CC=C(N)C=1)[C@@H](C)O,0.005016725580208004
C([C@@H](N)C1=CC=CS1)C(O)=O,0.008783577545545995
C([C@H](N)C1=CC=CS1)C(O)=O,0.008934905380010605
C1(=O)C2=CC=CC=C2OC=C1/C=C/C(O)=O,0.008645658940076828
C(O)(=O)/C=C/C1C=CC=C(C=1)OCC1C=CC=CC=1,0.007044140412472188
C1(=CC(=CC=C1N[C@H](C)C(O)=O)C(NC)=O)N(=O)=O,0.003917080466635525
C1(=CC(=CC=C1N[C@@H](C)C(O)=O)C(NC)=O)N(=O)=O,0.0038586493697948753
C(O)(=O)/C=C/C1C=CC(=CC=1)C1=CC=CC=C1,0.008190848166123033
C(O)(=O)/C=C/C1C=CC(=CC=1)Cl,0.008955545630306006
C1(OC)=CC=CC([C@H](N)C)=C1,0.019919522386044265
C1(=O)[C@](CC)(C2C=CC(=CC=2)N)CCC(=O)N1,0.0018594342051073908
C12[C@@H](CCCC=1C1C(=CC=C(Cl)C=1)N2)C(N)=O,0.005520879069808871
C12[C@H](CCCC=1C1C(=CC=C(Cl)C=1)N2)C(N)=O,0.00558432174148038
N1(CC2C=CC=CC=2)C[C@@H]2CSC[C@@H](C2=O)C1,0.012228914350271226
C1(OC)C(OC)=CC(=CC=1OC)/C=N/O,0.01481100139208138
C1(C[C@H](N)C(O)=O)C2C=CC=CC=2SC=1,0.006105648796074092
N(/O)=C\C1=CC=C(C=C1)Br,0.0216526729054749
[C@H]1(CCCC[C@H]1O)NC,0.006105619313893839
N1=C(C)C(=C(C)O1)S(N1[C@@H](C(O)=O)CCC1)(=O)=O,0.004515614383853972
C([C@H](N)C(O)=O)C(O)=O,0.014333435194566846
C(=O)([C@@H](N)CC(O)=O)N[C@@H](CC1C=CC=CC=1)C(OC)=O,0.0068524193717166785
N1(CSC[C@H]1C(O)=O)C(=O)[C@@H]1CCC(=O)N1,0.004007071512751282
[C@@]12(CC[C@H](CC1=O)C2(C)C)CS(Cl)(=O)=O,0.013565013802144676
C(C1C=CC=CC=1)(=O)N[C@H](C(O)=O)CC(N)=O,0.005305913253687322
N1[C@@H](CC=C)CC2=C(C=CC=C2)[C@@H]1CC=C,0.013486976968124509
N1(C=C(Br)C(NC1=O)=O)[C@H]1O[C@H]([C@H](O)[C@@H]1O)CO,0.0018651459477477597
[C@H](COC(C)(C)C)(C(O)=O)NC(OCC1C=CC=CC=1)=O,0.0056067223893478514
[C@@H](COC(C)(C)C)(C(O)=O)NC(OCC1C=CC=CC=1)=O,0.005670099495910108
C([C@H](N)C1C=CC(=CC=1)Br)C(O)=O,0.014229073468595744
C(N)(=O)[C@H]1CCCN1,0.011045824317261577
C(N)(=O)[C@@H]1CCCN1,0.011324065970256925
C(F)(F)(F)[C@@H]1CCCN1,0.00466812287845606
C(/C1C=CC=CC=1)(=C/C1C=CC(=CC=1)OC)\C(O)=O,0.007981294812634588
C(OCC1=CC=CC=C1)(=O)N[C@H](C1=CC=CC=C1)CC(O)=O,0.004792643466498703
C(=C/C1=CC=C(C=C1)Cl)(\NC(C)=O)/C(O)=O,0.004875615332275629
C1(=O)[C@@H](C)NCCN1,0.007780820038169623
C1(OC)=C(OC)C=C(C=C1Br)/C=C/C(O)=O,0.011036766320466995
S1C=CC=C1[C@@H](CC)N,0.015278037963435053
S1C=CC=C1[C@H](CC)N,0.01568884658627212
N(=O)(=O)C1=CC=C(C=C1)[C@@H](O)[C@@H](CO)NC(=O)C(Cl)Cl,0.001674973165427218
N(=O)(=O)C1=CC=C(C=C1)[C@H](O)[C@H](CO)NC(=O)C(Cl)Cl,0.001671476826959406
C(O)(=O)[C@@H](N)C1C=CC(=CC=1)Cl,0.008760535041801631
C1N([C@H](C2C=CC=CC=2)C(=O)O)N=NN=1,0.004027871566358953
N1C[C@H](C[C@H]1C(O)=O)O,0.0026239149447064847
N1C[C@@H](C[C@H]1C(O)=O)O,0.0025919286301359533
N1C[C@H](C[C@@H]1C(O)=O)O,0.002675479825120419
N1C[C@@H](C[C@@H]1C(O)=O)O,0.0026314210321288557
S1(=O)(=O)C[C@H]([C@H](N)C1)Cl,0.006106234475396377
O1C[C@H]1C1=CC=CC=C1,0.015013831946998835
O1C[C@@H]1C1=CC=CC=C1,0.01529227658174932
C(N)(CC1C=CC(=CC=1)OC[C@@H](O)CNC(C)C)=O,0.003583894926123321
C(N)(CC1C=CC(=CC=1)OC[C@H](O)CNC(C)C)=O,0.003613623860292137
C(=C/C(O)=O)\C1=CC(OC)=CC=C1OC,0.0076740449760109184
C(NCCC1CCCCC=1)(=O)/C=C/C(O)=O,0.011104986583814026
N12[C@@H](C(O)=O)C(S[C@@H]1[C@H](NC(COC1=CC=CC=C1)=O)C2=O)(C)C,0.0030652863439172505
C(O)(=O)[C@@H](N)C1C=CC(=CC=1)O,0.008409819891676306
C(O)(=O)[C@H](OC)C1=CC=CC=C1,0.008673688583076
C(O)(=O)[C@@H](OC)C1=CC=CC=C1,0.008522519865073264
S(C1C=CC=CC=1)(=O)(=O)/C(/C#N)=C/C1=CC=CN=C1,0.0041433052916545424
N(=N/C1C=CC(=CC=1C)/N=N/C1C=CC=CC=1C)\C1=C(O)C=CC2=CC=CC=C12,0.005550558329559863
C(NC)(=O)[C@@H]1CCCNC1,0.008862186805345118
C1(C=CC=CC=1NC(=O)/C=C/C(O)=O)C(N)=O,0.006049609160982072
N1(CC)CCC[C@@H](C1)N,0.0204187436029315
N1(CCC[C@H]1C(O)=O)C(=O)[C@H](CCCCN)N[C@@H](CCC1C=CC=CC=1)C(O)=O,0.007413458591327071
C1(O)C=CC(=CC=1)CC[C@@H](C)O,0.004143204458523541
S(=O)(=O)(C1C=CC=CC=1F)N[C@H](C(C)C)C(O)=O,0.0026931011001579464
N12CCCC[C@H]1N1[C@@H](CCCC1)N1CCCC[C@H]12,0.02295715482905507
C1(=CC=C(C)O1)C(=O)N[C@H]1CCCC2C=CC=CC1=2,0.011735295504331588
N(C(=O)/C=C/C(O)=O)C1C=CC(=CC=1Br)C,0.006540175434201956
C(/C(C1C=CC=CC=1)=O)=C\C(O)=O,0.014100688789039851
S1(=O)(=O)C[C@H]([C@H](NC)C1)O,0.0035072189211973635
N(=O)(=O)C1=CC=C(C=C1)C(=O)N[C@@H](C(C)C)C(O)=O,0.0037897356669418514
N(=O)(=O)C1=CC=C(C=C1)C(=O)N[C@H](C(C)C)C(O)=O,0.003849622095003724
C(O)(=O)[C@H](N)CC1C=CC(=CC=1)F,0.007031127554364502
C1(=CC=CC=C1Cl)[C@@H]1CCCN1,0.013122252281755209
C1(=CC=CC=C1Cl)[C@H]1CCCN1,0.012884972663596273
N1(CCNCC1)C/C=C/C1C=CC=CC=1,0.011168256029486656
S(=O)(=O)(C1C=CC(=CC=1)N(=O)=O)N1CCC[C@@H]1C(O)=O,0.002135980612365529
S(=O)(=O)(C1C=CC(=CC=1)N(=O)=O)N1CCC[C@H]1C(O)=O,0.0021138554555363955
N1C[C@@H](CC1=O)CO,0.004748226585797965
N1C[C@H](CC1=O)CO,0.004828152316622436
C1(N(C)C)=CC=C(CC[C@H](O)C)C=C1,0.006513313273899257
C1(N(C)C)=CC=C(CC[C@@H](O)C)C=C1,0.006427648244425654
C[C@@H](CC1SC=CC=1)N,0.013747155526652932
C[C@H](CC1SC=CC=1)N,0.014224817929789423
S(=O)(=O)(C1C=CC(=CC=1)Cl)N1CCCC[C@@H]1C(O)=O,0.0033532284782268108
C1NC[C@H](C2=CC=CC=C2)OC1,0.011176354205235838
C1NC[C@@H](C2=CC=CC=C2)OC1,0.011049430537968873
N1(/N=C/C2=CC=C(C=C2)OCC(O)=O)C=NN=C1,0.006268941634334624
N1(C=CC=C1)[C@H](CC1C=CC=CC=1)C(O)=O,0.005572874960489571
CN1C2=C(C=CC=C2)C(/C=C/C(O)=O)=C1,0.00861345713492483
N1(C(C)=O)C2C=CC=CC=2C[C@@H]1C(O)=O,0.005994460079818964
N1(C(C)=O)C2C=CC=CC=2C[C@H]1C(O)=O,0.00591048807837069
C(C1C=CC=CC=1)(=O)N[C@@H](CCC(O)=O)C(O)=O,0.007059547305107117
C12=NC(=O)NC(=O)C1=NC1C=C(C)C(C)=CC=1N2C[C@H](O)[C@H](O)[C@@H](CO)O,0.0029170141206750987
C(O)(=O)[C@@H](CC)C1=CC=CC=C1,0.009683664469048382
C(O)(=O)[C@H](C)OC1=CC=C(C=C1)Cl,0.007042655511759222
[C@H](CC)(C)O,0.009563604486174881
C(O)([C@@H](CCCCN)N)=O,0.01140960594639182
C([C@@H](C)N)(NC)=O,0.015107704931870103
C([C@H](C)N)(NC)=O,0.015862563997507094
N1(C2=CC=C(N=N2)N2CCC[C@@H](C(O)=O)C2)C(C)=CC(C)=N1,0.005371374078094959
[C@@H]1(CSCN1)C(O)=O,0.005999753228388726
[C@H]1(CSCN1)C(O)=O,0.005874604918062687
N12C(C(O)=O)=C(COC(C)=O)CS[C@@H]1[C@@H](C2=O)NC(=O)CC1=CC=CS1,0.00284210437675938
N1(C(=O)CC[C@H]1C(=O)OCC1=CC=CC=C1)C(=O)OC(C)(C)C,0.003655799210537225
N1(C(=O)CC[C@@H]1C(=O)OCC1=CC=CC=C1)C(=O)OC(C)(C)C,0.003673094394616783
S(=O)(=O)(C1=CC=C(C=C1)Br)/C=C/C1=CC=CC=C1,0.011265185242518783
C(/C1=CC=CC=C1OC(F)F)=C\C(O)=O,0.005181201174855233
N12CCC3C(=CC(=C(OC)C=3)OC)[C@@H]1CC1C=CC(OC)=C(OC)C=1C2,0.018313893210142852
N12CCC3C(=CC(=C(OC)C=3)OC)[C@H]1CC1C=CC(OC)=C(OC)C=1C2,0.018213097471743822
C(=O)(OC(C)(C)C)N1CCCC[C@@H]1CCO,0.0036452291533350945
C(=O)(OC(C)(C)C)N1CCCC[C@H]1CCO,0.0036293429089710116
C12C=CC=CC1=C(OC)C=CC=2[C@H](CO)N,0.006555980141274631
C12C=CC=CC1=C(OC)C=CC=2[C@@H](CO)N,0.006488409219309687
C1(C=CC=CC=1)[C@@H](CC)N,0.02086194744333625
C1(C=CC=CC=1)[C@H](CC)N,0.02143367426469922
N(=O)(=O)C1=CC=C(C=C1)/C=C/C(O)=O,0.004925822385121137
N1(C=CC=C1)[C@@H](C)C(O)=O,0.007777641876600683
C1(CC[C@H](C)N)=CC=CO1,0.0176710095256567
C1(CC[C@@H](C)N)=CC=CO1,0.01718007670715451
C(F)(F)(F)C(NCCCC[C@@H](C(O)=O)NC(=O)OC(C)(C)C)=O,0.0035195236618164928
C(N)([C@H](C)O)=O,0.006264748109970242
C(N)([C@@H](C)O)=O,0.006040989677421749
C1([C@H](C)N)C=CC(=CC=1)C,0.022469757497310637
C1([C@@H](C)N)C=CC(=CC=1)C,0.021824947185814382
C(C)(C)(C)C1C=CC(=CC=1)C[C@H](C)CO,0.009344817255623639
[C@@]12(C)CC[C@@H](C(=O)C1=O)C2(C)C,0.02927715890109539
C(N)(=O)N[C@H](C(O)=O)CC(O)=O,0.005104660417418927
C(=O)([C@@H]1CCCN1)N1CCOCC1,0.009179409220814705
C(=O)([C@H]1CCCN1)N1CCOCC1,0.00906157442368567
C1(C=CC=NC=1)[C@H](C)N,0.015567268617451191
C1(C=CC=NC=1)[C@@H](C)N,0.015075967786833644
C1(C=CC=CC=1)[C@@H](C)CN,0.01845608139410615
C(F)(F)(F)[C@H]1CCCCN1,0.004221150458356959
C(F)(F)(F)[C@@H]1CCCCN1,0.004335953426697259
S(=O)(=O)(C1=CC=C(Br)S1)N1CCC[C@H]1C(O)=O,0.004358207224868238
S(=O)(=O)(C1=CC=C(Br)S1)N1CCC[C@@H]1C(O)=O,0.004400903056375682
C1(=CSC(N)=N1)/C(=N/OC)/C(O)=O,0.00332603711867705
C(=O)(C1=CC=CO1)N[C@H](CC(C)C)C(O)=O,0.007659371453337371
C(=O)(C1=CC=CO1)N[C@@H](CC(C)C)C(O)=O,0.007542771543376148
N12[C@@H](C(O)=O)C(S[C@@H]1[C@H](N)C2=O)(C)C,0.003560617647599429
[C@@H]12NC[C@@H](C1)CC2,0.015948435105383397
[C@H]12NC[C@H](C1)CC2,0.015910807345062495
C1([C@H](CO)N)=CC=C(C=C1C)C,0.009303271351382137
C1([C@@H](CO)N)=CC=C(C=C1C)C,0.009144262550398708
OC([C@@H]1C2=C(C=CC=C2)CCC1)=O,0.01319053079932928
OC([C@H]1C2=C(C=CC=C2)CCC1)=O,0.012955240998417139
C1(=CC(=CC=C1N1CCC[C@@H]1C(O)=O)C(F)(F)F)N(=O)=O,0.0028956864145584403
C(O)(=O)[C@@H](CCSC)NC(C)=O,0.005085915746167302
C(O)(=O)[C@H](CCSC)NC(C)=O,0.005172500503249466
C(=O)([C@@H]1CCCN1)NC1C=CC=C(C)C=1,0.00738249602727592
N([C@H](C(C)C)C(O)=O)C(=O)C1C=CC(=C(OC)C=1)OC,0.008132415916770696
N([C@@H](C(C)C)C(O)=O)C(=O)C1C=CC(=C(OC)C=1)OC,0.008016802929341793
O(C1=CC=CC=C1)C[C@H](CN)O,0.007494505285285414
C1([C@H](C)N)=CC=CO1,0.019423605781048535
C1([C@@H](C)N)=CC=CO1,0.018812133511528373
N1(C2=CC=C(C=C2)OC)C(=O)/C(/SC1=S)=C/C1=CC=C(N(=O)=O)S1,0.007724803918972611
C(C)(=O)N[C@@H]1CCCNC1,0.008406006637960673
C(=C/C1C=CC=CC=1)\C=C\C1C=CC=CC=1,0.025505624897778034
S(N)(=O)(=O)C1C=CC(=CC=1)NC(=S)N1CCN(CC1)C/C=C/C1=CC=CC=C1,0.007073516142554581
ClC[C@@H](C)O,0.005169427208602429
ClC[C@H](C)O,0.005317588767502457
S(=O)(=O)(C1C=CC=C(C=1)C(F)(F)F)N[C@H](C)C(O)=O,0.00178786693722941
S(=O)(=O)(C1C=CC=C(C=1)C(F)(F)F)N[C@@H](C)C(O)=O,0.0017678429227089509
C(O)(=O)[C@@H](C)NC(COC1=CC=CC=C1OC)=O,0.00728591657243669
C(O)(=O)[C@H](C)NC(COC1=CC=CC=C1OC)=O,0.007390271266922354
C1(C[C@H](N)C(NC)=O)C2C=CC=CC=2NC=1,0.005725438799709081
N1CCC[C@@H]1CO,0.007451876811683178
N1CCC[C@H]1CO,0.0073116571642458435
N#C[C@H](O)C1C=CC=CC=1,0.00411569567758866
C1([C@H](CC)N)=CC=C(C=C1)OC,0.020701843220740555
N[C@@H](C)CN1CCCC1,0.023676558304578064
[C@@H](O)(C(OC)=O)[C@H](O)C(OC)=O,0.00525399612088222
N1CCC[C@@H]1CC1=CC=C(C=C1)C,0.016508079413324595
N1CCC[C@H]1CC1=CC=C(C=C1)C,0.016256409185007214
N12C(C(O)=O)=C(CSC3=NN=NN3C)CS[C@@H]1[C@@H](C2=O)N,0.0028066357015632095
N1(C=CC(=NC1=O)O)[C@H]1C[C@@H]([C@@H](CO)O1)O,0.002298003092764134
CC([C@H](C(O)=O)NC(C1=CC=C(C)C=C1)=O)C,0.00731550264172256
C(/C=O)=C\C1=CC=C(C=C1)Br,0.020664311526343227
NC[C@H](C1=CSC=C1)O,0.007520391489379108
NC[C@@H](C1=CSC=C1)O,0.007422834495082497
C([C@H](N)C1C=CC(=CC=1)Cl)C(O)=O,0.010799739928916096
N12C(C(O)=O)=C(CSC3=NN=C(C)S3)CS[C@@H]1[C@@H](C2=O)NC(=O)CN1C=NN=N1,0.0032303566345945
C(O)(=O)[C@@H](CC1=CC=CC=C1)CC(O)=O,0.0107637919485569
C(=O)(OC(C)(C)C)C[C@H]1CCCN1,0.011482582008466125
[C@@H](CO)(C1C=CC=CC=1)C(O)=O,0.0041063061100430785
[C@H](CO)(C1C=CC=CC=1)C(O)=O,0.004042569920420647
C1(=CSC(N)=N1)/C(=N\O)/C(OCC)=O,0.004411690356209874
S(=O)(=O)(C1=CC=CS1)N1CC2C=CC=CC=2C[C@H]1C(O)=O,0.003741417301353067
S(=O)(=O)(C1=CC=CS1)N1CC2C=CC=CC=2C[C@@H]1C(O)=O,0.0037742777727544307
C(O)(=O)/C=C/C1=CC=C(C=C1)OCCCCCCCC,0.011975058075040578
C1(N(C2=CC=CC=C2)C2C=CC=CC=2)N=C(N/N=C/C2C=CC=C(I)C=2)N=C(N2CCOCC2)N=1,0.006193086807616055
N1([C@H](C2=CC=CC=C2)C(=O)NCC2=CC=C(C=C2)OC)CC2C(=CC=CC=2)C1=O,0.008714029053226113
N1(C=NC2C(=NC(N)=NC1=2)O)[C@@H]1O[C@@H]([C@@H](OC(C)=O)[C@H]1OC(C)=O)COC(C)=O,0.004103519496857189
N1N(C)C=CC=1[C@H](C)N,0.016997029818594456
N1N(C)C=CC=1[C@@H](C)N,0.016521040722727774
C1(=C/C=O)\C(C)(C)C2=C(C=CC=C2)N\1C,0.017125885281711817
C([C@H](N)C1C=CC=NC=1)C(O)=O,0.009881595196202398
C([C@@H](N)C1C=CC=NC=1)C(O)=O,0.0096987369004637
N1CCC[C@H]1COC,0.01831965483725071
N1CCC[C@@H]1COC,0.018784429132938384
OC(/C=C/C(NCC1C(C2=CC=C(Br)C=C2)=NN(C2=CC=CC=C2)C=1)=O)=O,0.0070195724721997975
S(=O)(=O)(C1C(C)=CC(=CC=1C)C)N1CCC[C@@H]1C(O)=O,0.0046427150722593066
C12N=CN=C(NC[C@H]3CCCO3)C=1C1=C(CCCC1)S2,0.007863564556464553
C1(OC)C(OC)=CC(=CC=1OC)/C=C/C(O)=O,0.008498317329213023
S(=O)(=O)(C1=CC=C(C(C)=C1)Cl)N1CCC[C@@H](C(O)=O)C1,0.003977672813925892
CC[C@H](N)C(=O)N,0.012814088771119714
CC[C@@H](N)C(=O)N,0.012295112572610378
S(=O)(=O)(C1=CC=CC(=C1)C(F)(F)F)N1CCC[C@H]1C(O)=O,0.002788223372772336
S(=O)(=O)(C1=CC=CC(=C1)C(F)(F)F)N1CCC[C@@H]1C(O)=O,0.0028109279694035648
N1C=CC=CC=1[C@@H](CN)O,0.0061327265575528145
N1C=CC=CC=1[C@H](CN)O,0.006218593381345272
C1(=CC=CO1)/C=N/O,0.01574287684634328
CC([C@H](C(O)=O)NS(C1SC=CC=1)(=O)=O)C,0.0032181282236706465
CC([C@@H](C(O)=O)NS(C1SC=CC=1)(=O)=O)C,0.0031659537577070295
C1(C(C)(C)CCCC=1C)/C=C/C(C)=O,0.045694013312458995
N1(CCC[C@@H]1C(O)=O)C(CCC1C=CC=CC=1)=O,0.006122762919403613
N1(CCC[C@H]1C(O)=O)C(CCC1C=CC=CC=1)=O,0.006059806235134602
N1(C2=CC=CC(=C2)C(O)=O)C(=O)/C(/SC1=S)=C\C1C=C(CC=C)C(=C(OCC)C=1)O,0.003930493374355137
N(=O)(=O)C1=CC=CC(=C1)[C@@H](N)CC(O)=O,0.0058843838050961494
N(=C/C1C=CC=CC=1)\N=C\C1C=CC=CC=1,0.019697547936812044
C(O)(=O)/C=C/C1=CC=C(C(Cl)=C1)OC,0.008012746064923703
C(=C/C1=CC=CC(=C1)N(=O)=O)(\C(=O)C(C)(C)C)/N1C=NC=N1,0.008127825427800417
C1(=C/C2=CC=C(O2)C2=CC(C)=C(C=C2N(=O)=O)C)/C(C)=NN(C2=CC=C(C=C2)C(O)=O)C/1=O,0.005756811774335802
N1(CCN(CC1)C/C=C/C1C=CC=CC=1)C(C1=CC=CC=C1)C1C=CC=CC=1,0.01768161905929446
N12CCNC[C@H]1CCC2,0.014547297637909651
N12CCNC[C@@H]1CCC2,0.014837916661053895
C(C1C=CC=CC=1)(=O)N[C@@H](CCSC)C(O)=O,0.004990071104839444
N([C@H](C)C1C=CC=CC=1)C(C)=O,0.010332062025554478
C(=O)(OC(C)(C)C)N1CCC[C@@H](C(O)=O)C1,0.006789899757131934
C(=O)(OC(C)(C)C)N1CCC[C@H](C(O)=O)C1,0.00686414996162057
C12C[C@@H](C(O)=O)NCC=1NC1C=CC=CC2=1,0.0037541606114245953
N1=CC(=CN1C)/C=C/C(O)=O,0.010270823817700147
C(NCCCC[C@@H](N)C(O)=O)(OCC1=CC=CC=C1)=O,0.0044431841466575864
C(C[C@@H]1CCCCN1)(=O)O,0.008831490157172084
C(C[C@H]1CCCCN1)(=O)O,0.00869674263522029
N1(CC(O)=O)C(=O)[C@@H]2[C@@H](CC=CC2)C1=O,0.003598075802437961
S(=O)(=O)(C1=CC=C(C=C1)OC)N1CCC[C@@H]1C(O)=O,0.004000470589380712
C(O)(=O)/C(/C)=C\C,0.013609498739242554
C1(OC)=COC(=CC1=O)/C=C/C(O)=O,0.008164988039061427
N1(C=CC(=NC1=O)NC(C1C=CC=CC=1)=O)[C@H]1C[C@@H]([C@@H](COC(C2C=CC=CC=2)(C2C=CC(=CC=2)OC)C2C=CC(=CC=2)OC)O1)O,0.003088826686143875
N1(C=NC2C(=NC=NC1=2)O)[C@H]1O[C@H]([C@@H]2OC(C)(C)O[C@H]12)CO,0.0019148644145015492
C1(C=CC=C(C=1C)/N=C/C1C=CC=C(OC)C=1O)C(O)=O,0.004628129804041236
O1CCC[C@H](C1)N,0.026537594851106405
O1CCC[C@@H](C1)N,0.025753880199044944
C([C@@H](N)C1C=CC=C(F)C=1)C(O)=O,0.007673530979081989
C([C@H](N)C1C=CC=C(F)C=1)C(O)=O,0.007812678208574652
C(=O)(OC(C)(C)C)N1CCC[C@H]1CO,0.0043804744025692345
C(=O)(OC(C)(C)C)N1CCC[C@@H]1CO,0.004408271354623139
N12C(C(O)=O)=C(CSC3=NN=NN3C)CS[C@@H]1[C@@H](C2=O)NC(=O)[C@H](O)C1C=CC=CC=1,0.0018618804111611097
C1(=CC=NN1C)C(=O)NC1C=CC(=CC=1C)/N=N/C1=CC=CC=C1C,0.004999043035786599
C(OCC1=CC=CC=C1)(=O)N[C@@H](CCCNC(OCC1C=CC=CC=1)=O)C(O)=O,0.00517028165049851
S(=O)(=O)(C1=C(Cl)C=CC(Cl)=C1)N1CCC[C@H]1C(O)=O,0.0038887574221007524
S(=O)(=O)(C1=C(Cl)C=CC(Cl)=C1)N1CCC[C@@H]1C(O)=O,0.003928661532700062
N12C(C(O)=O)=C(C)CS[C@@H]1[C@@H](C2=O)N,0.0038751516491174697
N12C(C(O)=O)=C(C)CS[C@@H]1[C@H](C2=O)N,0.0038622695254161956
C1C[C@@H](C(=O)OCC)CNC1,0.010392468702048064
C1C[C@H](C(=O)OCC)CNC1,0.010565796354785561
N1=C(C)C(=CN1C)/C=C/C(O)=O,0.009685342945158482
C1(=CN=C(C)N1C[C@@H](CCl)O)N(=O)=O,0.0012796214083209633
N1CCC[C@H]1C1=CC=C(C=C1)F,0.009117095405235887
N1CCC[C@@H]1C1=CC=C(C=C1)F,0.00924034439958632
S(=O)(=O)(C1=CC=C(Cl)S1)N1CCCC[C@H]1C(O)=O,0.002894043317064643
S(=O)(=O)(C1=CC=C(Cl)S1)N1CCCC[C@@H]1C(O)=O,0.002923008194193244
CC(N[C@@H](C(O)=O)CC1=CC=C(O)C=C1)=O,0.00338289748178795
CC(N[C@H](C(O)=O)CC1=CC=C(O)C=C1)=O,0.0034315520199015735
C(/C1C=CC=CC=1F)=C\C(O)=O,0.007540027471259236
N1CC2=CC(OC)=C(C=C2C[C@H]1C(O)=O)OC,0.006696446076966822
C(/C#N)(=C/C1=CC=NC=C1)\C(=O)NC1=CC=C(C=C1)C(O)=O,0.003294023289345205
N1(C2=CC=CN=C2)C(C)=C(C=C1C)/C=C1\SC(NC\1=O)=S,0.008993566501885653
N(C1C=CC=CC=1F)C(=O)/C=C/C(O)=O,0.005216707638464868
S(=O)(=O)(C1=CC=C(C=C1)NC(C)=O)N[C@@H](C(C)C)C(O)=O,0.003380311676301062
S(=O)(=O)(C1=CC=C(C=C1)NC(C)=O)N[C@H](C(C)C)C(O)=O,0.003439726436045021
C(O)(=O)[C@@H](N)C1C=CC=CC=1,0.009655519761145115
S(=O)(=O)(N1CCC[C@@H](C(O)=O)C1)C1=CC=C(Cl)S1,0.0031940090120770037
C1(C=CC=NC=1)[C@H](C)O,0.005862298817373812
C(O)(=O)/C=C/C1C=CC(=CC=1)OC(C)C,0.009285421390086413
[C@@H](CC1C=CC=CC=1)(NC(C)=O)C(OCC)=O,0.005975648155435919
N1(CC2=CC=C(C=C2)F)[C@H](C2=CC=C(C=C2)OC)[C@@H](C(O)=O)C2C(=CC=CC=2)C1=O,0.007288092002272606
[C@@H]12C(=O)C=C[C@@H](CO1)O2,0.016131423786282538
C([C@H](C)N)(=O)N1CCCCC1,0.013046133238822222
C(/C1=CC=CC=C1)=C\CCl,0.015535290772095322
C(O)(=O)[C@@H](N)C1C=CC(=CC=1)Br,0.012349521229043602
C(O)(=O)C1C=CC=CC=1/C=N/NC(CCCCCCCC(=O)N/N=C/C1=CC=CC=C1C(O)=O)=O,0.006827176734805107
C(F)(F)(C(F)(F)F)C(F)(F)SC1C=CC(=CC=1)NC(=O)/C=C/C(O)=O,0.0037092251316153124
C1(C2=CC=CC=C2)=C(C)N(C2=CC=CC(=C2)/C=C/C(O)=O)C(=NC1=O)C,0.008352409163489938
N1(C2=CC=CC(=C2)N(=O)=O)C(C)=C(C=C1C)/C=N/NC(=O)C1=CC(Br)=C(C(Br)=C1)O,0.003289379132911563
C(O)(=O)[C@H](CS)N,0.007524994958657771
C(=O)(OC(C)(C)C)N1CCC[C@@H](CC(O)=O)C1,0.006426008837297559
C(=O)(OC(C)(C)C)N1CCC[C@H](CC(O)=O)C1,0.006490946025587618
C(O)(=O)[C@@H](N)C1=CC=CC(Cl)=C1,0.008406371832825244
C1(=CC=CO1)/C=C/C=O,0.01894981391960755
S(=O)(=O)(C1C=CC(=CC=1)C)N[C@H](C1C=CC=CC=1)C(O)=O,0.0031638401676900687
C(=O)([C@@H]1CCCO1)NC1=CC=C(C=C1)C(O)=O,0.004497946379706264
CC([C@H](C(O)=O)NC(OCC1=CC=CC=C1)=O)(C)C,0.005308461934328079
CC([C@@H](C(O)=O)NC(OCC1=CC=CC=C1)=O)(C)C,0.005228870874270796
N12C[C@@H]3CNC[C@@H](C3)C1=CC=CC2=O,0.007163074659183621
C1([C@@H](C)N)=NN=CN1C,0.012453361414372921
C1([C@H](C)N)=NN=CN1C,0.01278550229035318
C12C(O)=CC(=CC=1O[C@@H]([C@@H](O)C2=O)C1C=CC(=C(O)C=1)O)O,0.00670710711274296
C12C(O)=CC(=CC=1O[C@H]([C@H](O)C2=O)C1C=CC(=C(O)C=1)O)O,0.006739775207825005
C(=C/C1C=CC=CC=1)\C(C1C=CC=CC=1)=O,0.02449865024536848
N([C@H](C(C)C)C(O)=O)C(=O)C1C=CC(=CC=1)Cl,0.006390137423295528
C(C(O)=O)[C@@H](N)C1=CC=CC=C1Br,0.013750312384217978
C(C(O)=O)[C@H](N)C1=CC=CC=C1Br,0.013991137128323316
C1([C@H]2CCCN2)NC2=C(C=CC=C2)N=1,0.0037914732471108436
C([C@@H](N)C1C=CC=C(I)C=1)C(O)=O,0.012308937218040227
C([C@H](N)C1C=CC=C(I)C=1)C(O)=O,0.012537082144990563
N1CCC[C@H](C1)C1C=CC=CC=1,0.01236390438862145
N1CCC[C@@H](C1)C1C=CC=CC=1,0.012180397100746632
C1(=CC=CC=C1/N=N/C1=CC=C(C=C1)N(C)C)C(O)=O,0.0032005568325985225
S(=O)(=O)(C1C=CC=C(C)C=1)N[C@@H](C(C)C)C(O)=O,0.003981681214645505
S(=O)(=O)(C1C=CC=C(C)C=1)N[C@H](C(C)C)C(O)=O,0.0040498740156181155
[C@H]12C[C@H]1[C@H]1C=C[C@@H]2[C@@H]2C(=O)OC(=O)[C@@H]21,0.007650155817100312
N1C(C2C=CC=NC=2)=NOC=1[C@@H]1CCCCN1,0.005737035372294486
N1C(C2C=CC=NC=2)=NOC=1[C@H]1CCCCN1,0.005685752374120057
C1(/C=N/O)C2C=CC=CC=2NC=1,0.007128122448921204
C(O)(=O)/C=C/C(OCC)=O,0.012342106644064188
N1(C)CCC[C@H]1CN,0.02467459673061967
N1(C)CCC[C@@H]1CN,0.02547514596953988
C1(=O)C[C@H](CC=C1C)C(C)=C,0.03856159616261721
C1(=O)C[C@@H](CC=C1C)C(C)=C,0.03747895900160074
N12C(C(O)=O)=C(Cl)CS[C@@H]1[C@@H](C2=O)N,0.003631456941366196
C1(NC(=O)/C=C/C2=CC=CO2)SC(=C(C)C=1C(O)=O)C,0.00401534354314208
C([C@@H](N)C1=CC=CC(=C1)OCC1C=CC=CC=1)C(O)=O,0.00918778064660728
C([C@H](N)C1=CC=CC(=C1)OCC1C=CC=CC=1)C(O)=O,0.009294984070584178
[C@@H](CC(C)C)(NC(C)=O)C(O)=O,0.007187198102474213
[C@H](CC(C)C)(NC(C)=O)C(O)=O,0.007048194878734648
[C@@H]1(C(O)=O)CC(N(CC)[C@H]1C1C=CC=CC=1C)=O,0.0077201195526868105
C1(C=C(ON=1)CC)C(=O)N[C@@H](C)C1C=CC=CC=1,0.007865827577188612
C1(=C/C(C)=O)/SC2=C(C=C(C=C2)OC)N/1CC,0.016062299162149428
C(O)(=O)/C=C/C1=CC=C(C=C1)OCC1C=CC=CC=1,0.007264279760420322
C(/C(C)=O)=C\C1C=CC=CC=1,0.0321396479383111
C(OCC1C=CC=CC=1)(=O)N[C@H](CCC(O)=O)C(O)=O,0.004968277667649091
C(OCC1C=CC=CC=1)(=O)N[C@@H](CCC(O)=O)C(O)=O,0.00491611601319164
N1(CCC[C@@H]1C(O)=O)C(=O)C1C=CC(=CC=1)F,0.005175168614368886
N1(CCC[C@H]1C(O)=O)C(=O)C1C=CC(=CC=1)F,0.005114922486245632
C1(C=CC=CC=1Cl)[C@H](N)C(O)=O,0.008829706069082021
C(O)(=O)/C=C/C1=CC=CC(OC)=C1,0.008761166268959642
C1([C@H](CC)N)C=CC(=CC=1C)C,0.02511055739596486
C([C@H](N)C1=CC=C(C=C1)OCC1C=CC=CC=1)C(O)=O,0.009743157913908363
C1([C@H](CO)N)C=CC(=CC=1)SC,0.006339388806372881
C1([C@@H](CO)N)C=CC(=CC=1)SC,0.0062534800497815015
N12C(C(O)=O)=C(COC(C)=O)CS[C@@H]1[C@@H](C2=O)N,0.0035615474567748605
N1(CCNCC1)[C@H](C1C=CC=CC=1)C1=CC=C(C=C1)Cl,0.008466331427916885
C(=O)(NC1=CC=C(C=C1)OC1C=CC=CC=1)/C=C/C(O)=O,0.0045845072716474535
[C@H](C(O)=O)(NC(=O)OC(C)(C)C)C1C=CC=CC=1Br,0.006423933454789222
N(/O)=C\C1C=CC(=CC=1)OCC1C=CC=CC=1,0.01157974861562252
C1(=CC=C(/C=C/C(O)=O)O1)C1=CC=C(C=C1Cl)Br,0.007181142759509385
S(O)(=O)(=O)C1=C(C=CC(N)=C1)/C=C/C1C=CC(=CC=1S(O)(=O)=O)N,0.009029764402657747
N1CCC[C@@H]1C1C=CC=CN=1,0.011609752522781491
N1CCC[C@H]1C1C=CC=CN=1,0.011392708448693157
N1(C2C=CC(=CC=2)CC)C(C)=C(C=C1C)/C=N/C1=CC=C(C=C1)C(O)=O,0.008801405574195087
C([C@@H](CC)N)(=O)N(C)C,0.017442716378718616
C(/C1=CC=CC=C1Cl)=C\C(O)=O,0.00863508835900575
N(/C1C=CC(=CC=1)F)=C\C1=CC=C(C=C1)O,0.006430605566129089
C(O)(=O)/C=C/C1=CC=C(C=C1)F,0.007869100361131132
C(O)(=O)[C@@H](N)CC1=CC=C(C=C1)O,0.0073133862344548104
C(O)(=O)[C@@H]1CCCN1,0.009712343197315931
C(O)(=O)[C@H]1CCCN1,0.00948210321366787
N1(C2=CC=C3C(OCCO3)=C2)C(=O)/C(/SC1=S)=C\C1=CC=CC=C1OCC(O)=O,0.00725021802354604
C([C@H](N)C1C=CC(=CC=1)F)C(O)=O,0.008215457410551607
C([C@@H](N)C1C=CC=C(Cl)C=1)C(O)=O,0.010209546936675907
C([C@H](N)C1C=CC=C(Cl)C=1)C(O)=O,0.010397331044077873
N1C(=O)[C@H]2N(CCC2)C1=O,0.002501806034706533
N12CCC3C(=CC4=C(OCO4)C=3)[C@@H]1CC1C=CC(OC)=C(OC)C=1C2,0.015445642545819283
N12CCC3C(=CC4=C(OCO4)C=3)[C@H]1CC1C=CC(OC)=C(OC)C=1C2,0.015347024239599705
N#CC1=CC=CC(=C1)NC(=O)/C=C/C(O)=O,0.003956368594663218
C(O)([C@H](N)CCC1=CC=CC=N1)=O,0.008223033044487238
C1(C=CC=CC=1Cl)/C=N/O,0.013899530144408345
N(=O)(=O)C1C=CC(=CC=1)/C=C/C=O,0.007283914956497028
C([C@H](N)C1=CC(C)=CC(C)=C1)C(O)=O,0.013449033349752426
N1CCC[C@H](C1)C1=CC=C(C=C1)F,0.0068724037846550345
N1CCC[C@@H](C1)C1=CC=C(C=C1)F,0.006793364603072405
C(C1C=CC=CC=1)(=O)N[C@@H](CC1=CN=CN1)C(O)=O,0.0021808219025842845
N1(C)C2=CC=C(C=C2C=C(/C=C/C(O)=O)C1=O)OC,0.007280183886177838
C1(=CC=C(/C=C/C(O)=O)O1)C1=CC(Cl)=CC=C1Cl,0.006182035920210183
C[C@H](C(O)=O)NS(C1=CC(C(F)(F)F)=C(Cl)C=C1)(=O)=O,0.0018840948614524677
C1(Cl)=C(OC)C=CC([C@H](CO)N)=C1,0.006952769332565367
C1(Cl)=C(OC)C=CC([C@@H](CO)N)=C1,0.0068471964681521055
C(/C1=CC=CC=C1OC)=C\C(O)=O,0.009131293697282671
C1(C=CC(=CC=1F)F)[C@H](N)CC(O)=O,0.006762047740630805
C1(C=CC(=CC=1F)F)[C@@H](N)CC(O)=O,0.006658632680773735
C(O)(=O)[C@H](CO)N,0.005844680918380618
N[C@@H]1[C@H](C(O)=O)CCCC1,0.014876769413240254
N[C@@H]1[C@@H](C(O)=O)CCCC1,0.014524063933640719
N[C@H]1[C@H](C(O)=O)CCCC1,0.014574838243424893
N[C@H]1[C@@H](C(O)=O)CCCC1,0.014220002200454473
[C@]1(C)(CC[C@@H](C(OC)=O)C1(C)C)C(O)=O,0.012246523238718509
[C@@]1(C)(CC[C@H](C(OC)=O)C1(C)C)C(O)=O,0.012604271480813622
C(OC)(=O)/C=C/CBr,0.021928481198847292
CN(/C=N/C1N(C2=C3C(SC(C4=CC=CC=C4)=C3)=NC=N2)N=CC=1C#N)C,0.005675328255165368
C(=O)(C1C=CC2=C(OCCO2)C=1)N[C@H](C)C(O)=O,0.0065038810484111306
C(=O)(C1C=CC2=C(OCCO2)C=1)N[C@@H](C)C(O)=O,0.00642366202082485
N1(CCC[C@H]1C(O)=O)C(=O)C1C=CC=C(C)C=1,0.006344271614216268
C(O)(=O)/C=C/C1=CC=CC(Br)=C1,0.011394154094159604
C1([C@H](CO)N)C=CC(=CC=1)C(C)C,0.009083367558196187
C1([C@@H](CO)N)C=CC(=CC=1)C(C)C,0.008955939393490552
N1(C=CC(NC1=O)=O)[C@@]1([H])O[C@@]([C@]([H])(O)[C@]1([H])O)([H])CO,0.001426777151000147
N1(C=CC=C1C=O)[C@H](CC1C=CC=CC=1)C(O)=O,0.004816482035676017
N1(C=CC=C1C=O)[C@@H](CC1C=CC=CC=1)C(O)=O,0.004779075949045364
N1CCC[C@@H]1C1C=CC(=CC=1)Br,0.01974380509927869
N1CCC[C@H]1C1C=CC(=CC=1)Br,0.019410517811775208
C1(C[C@H](N)C(=O)NCC2C=CC=CC=2)C2C=CC=CC=2NC=1,0.0059258494176901875
C(=O)(OC(C)(C)C)N[C@@H]1CNCC1,0.005666803615167737
C(=O)(OC(C)(C)C)N[C@H]1CNCC1,0.005615128367207944
N1CCC[C@@H]1CC1C=CC(=CC=1)F,0.00882531888782978
N1CCC[C@H]1CC1C=CC(=CC=1)F,0.008712985459715128
N1(C2C=CC=CC=2)C(=O)/C(/SC1=O)=C/C1C=C(N(C2C=CC=NC=2)C=1C)C,0.0037201545434072613
N12C(C(O)=O)=C(CSC3=NN=C(C)S3)CS[C@@H]1[C@@H](C2=O)N,0.004131126217544079
C1(C=CC(=C(C)C=1)C)[C@@H]1CCCCN1,0.015393620077520608
C(=O)([C@@H]1CC[C@@H](C1)C(O)=O)NC1=C(OC)C=CC(OC)=C1,0.006570787914097309
C(O)(=O)/C=C/C1C=CC(=CC=1)Br,0.011819130927324294
OC(/C=C/C1=CC(Cl)=CC=C1)=O,0.008640324021689594
C1(OCC)C(OC)=CC(=CC=1I)/C=C/C(O)=O,0.010239175916649402
[C@@H](N)(C1=CC=CC=C1)CC(C)C,0.02030147975310683
N1CCC[C@H]1C1=CC=C(C=C1)Cl,0.0131348408292979
N1CCC[C@@H]1C1=CC=C(C=C1)Cl,0.013371996022760868
[C@H]1(COC2=C(C=CC=C2)O1)C(=O)N1CCNCC1,0.007592981844209134
CC(C[C@@H](C(O)=O)NS(C1=C(Cl)C=CC=C1Cl)(=O)=O)C,0.00434952680952847
CC(C[C@H](C(O)=O)NS(C1=C(Cl)C=CC=C1Cl)(=O)=O)C,0.004418723075650633
C(O)(=O)/C=C/C1C=CC(=C(OC)C=1)OCC,0.008537561236880719
N(CC1C=CC=CC=1)C[C@H](O)C1C=CC=CC=1,0.0051342644030228255
N(CC1C=CC=CC=1)C[C@@H](O)C1C=CC=CC=1,0.005099409422837198
C(/C(C1=CC=CC=C1)=O)=C\C1C=CC=CC=1O,0.01223060768097639
C1(C=C(OC=1C)C)C(=O)N1CCC[C@H]1C(O)=O,0.006823654333129525
C1(C=C(OC=1C)C)C(=O)N1CCC[C@@H]1C(O)=O,0.006910423515364528
N1(CCCC[C@H]1C(O)=O)CC1=CC=CC=C1,0.006968793878331781
N1(CCCC[C@@H]1C(O)=O)CC1=CC=CC=C1,0.007050122576765716
N1(CC2C=CC(=CC=2)Cl)C(=O)/C(/SC1=O)=C/C1C=C(Br)C=CC=1OCC(O)=O,0.0032500810571946203
S(=O)(=O)(C1C=CC(=CC=1)Cl)N[C@@H](CC(C)C)C(O)=O,0.0036874915822409093
S(=O)(=O)(C1C=CC(=CC=1)Cl)N[C@H](CC(C)C)C(O)=O,0.0037449584691785277
N1(CCC(O)=O)C(=O)/C(/SC1=S)=C/C1C=CC=C(C=1)OCC1=CC=CC=C1,0.008800918189808726
N1C[C@@H](CC1=O)C1=CC=CC=C1,0.008281915867701172
C1(C=CC(=C2C=CC=CC=12)OC)[C@H](N)C(O)=O,0.007586356671527028
S(=O)(=O)(C1C=CC2=C(C=CC=C2)C=1)N1CCC[C@H]1C(O)=O,0.0036738480092026295
S(=O)(=O)(C1C=CC2=C(C=CC=C2)C=1)N1CCC[C@@H]1C(O)=O,0.0037066041491925716
C(O)(CC[C@@H]1CCCO1)=O,0.011990113696083427
C(O)(CC[C@H]1CCCO1)=O,0.011842097528278828
N1(C=CC=C1C=O)[C@@H](C)C(O)=O,0.006251109050936066
N1(C=CC=C1C=O)[C@H](C)C(O)=O,0.006312009843531996
C1(C=CC=C2C=CC=CC=12)[C@@H](CO)N,0.007070708530955016
C1(C=CC=CC=1/N=C/C1=CC=C(Br)S1)C(N)=O,0.007590820663608611
C(O)(=O)/C=C/C1C=CC=C(C)C=1,0.010121037205681204
N1C2C=C(OC)C=CC=2NC=1[C@H](C)O,0.0019021838292246685
S(=O)(=O)(/N=C/C1C(O)=CC=C2C=CC=CC=12)C1=CC=CS1,0.004185089189559221
C(=O)([C@@H]1CC[C@@H](C1)C(O)=O)NC1=CC=C(C(C)=C1)C,0.0074973131064325575
N(/C1C=CC(=CC=1)F)=C\C1=CC=C(C=C1)OCC1C=CC=CC=1,0.009159635053947568
C1[C@H](CCCN1)NC(=O)OC(C)(C)C,0.004910194140393287
C1[C@@H](CCCN1)NC(=O)OC(C)(C)C,0.004870321927592158
C1C[C@@H](OC1)CC(=O)O,0.012486839992925524
C1C[C@H](OC1)CC(=O)O,0.01266411067917943
C1(=C(C)C=CC=C1C)OCC(=O)N[C@@H](C)C(O)=O,0.007162834773771465
C1(=C(C)C=CC=C1C)OCC(=O)N[C@H](C)C(O)=O,0.007270582159981132
N([C@H](C)C1=CC=NC=C1)C(COC1C=CC2=C(CCC2)C=1)=O,0.01035145167261362
N1(CCCCC1)C1C=CC(=CC=1)NC(=O)/C=C/C(O)=O,0.004977895610500127
C(=C/C1C=CC(=CC=1)OC)\C(=O)C1=CC=C(C=C1)Cl,0.015493961051106453
C(=O)(OC(C)(C)C)N1CCC[C@@H](CN)C1,0.007929426990449429
C(=O)(OC(C)(C)C)N1CCC[C@H](CN)C1,0.008015551883727313
C12=C3CCN(C)[C@H]1CC1C(=CC(=C(OC)C=1)OC)C2=C(C(OC)=C3)OC,0.020793927647173405
C(=O)(OC(C)(C)C)N[C@@H](CC1=CC=C(C=C1)O)C(O)=O,0.00317254668334499
C(=O)(OC(C)(C)C)N[C@H](CC1=CC=C(C=C1)O)C(O)=O,0.0032071755966171624
C1(C=CC=C(F)C=1)[C@H]1CCCN1,0.00863679233007133
C1(C=CC=C(F)C=1)[C@@H]1CCCN1,0.008758303080685436
N1C(C)=NOC=1[C@@H]1CCCCN1,0.009163480717688799
N1C(C)=NOC=1[C@H]1CCCCN1,0.00902794422581792
C(=O)(NC1=CC=C(C=C1)Br)/C=C/C1C=CC=CC=1,0.009936888632364572
C(O)(=O)[C@H](N)CC1=CC=C(C(O)=C1)O,0.009281979594379663
N1(C=C(C)C(NC1=O)=O)[C@H]1C[C@@H]([C@@H](COC(C2=CC=CC=C2)(C2=CC=C(C=C2)OC)C2=CC=C(C=C2)OC)O1)O,0.002830872661434114
[C@H](CC(C)C)(NC(COC1C=CC(=CC=1)C)=O)C(O)=O,0.007683923398144543
[C@@H](CC(C)C)(NC(COC1C=CC(=CC=1)C)=O)C(O)=O,0.007785657071508467
N1(CC2C=CC=CC=2)C[C@@H](CC1=O)C(OC)=O,0.009150308324024081
C1(C=CC=CC=1OC)[C@H]1CCCN1,0.01433259854093194
C1(C=CC=CC=1OC)[C@@H]1CCCN1,0.014551590010523797
N1(C=C(C)C(NC1=O)=O)[C@H]1C[C@@H]([C@@H](CO)O1)O,0.00160016298495691
N1(C=C(C)C(NC1=O)=O)[C@H]1C[C@H]([C@H](CO)O1)O,0.00157619380308347
N1(C=C(C)C(NC1=O)=O)[C@@H]1C[C@H]([C@H](CO)O1)O,0.0015904801621104525
C(=O)(/C=N/O)NC1=CC=CC=C1F,0.006422583549283445
C1N(C2=CC=C([C@@H](C)N)C=C2)CCOC1,0.013638078654184937
C1N(C2=CC=C([C@H](C)N)C=C2)CCOC1,0.013855953514575959
C(C1=CC=CC=C1)(=O)N[C@@H](CC1C=CC=CC=1)C(O)=O,0.004937553068157285
C(C1=CC=CC=C1)(=O)N[C@H](CC1C=CC=CC=1)C(O)=O,0.004991896101273596
C(/C(=O)/C=C/C1C=CC=CC=1)=C\C1=CC=CC=C1,0.03039475865662098
C1=C(C)C(C)=CC=C1[C@@H](CO)N,0.009258806263096631
C1=C(C)C(C)=CC=C1[C@H](CO)N,0.009420683747157455
O1C[C@@H]1COC1C=CC=CC=1,0.014250153210014105
O1C[C@H]1COC1C=CC=CC=1,0.014030338544398547
C1(C[C@@H](C(O)=O)NC(C2=CC=CC=C2)=O)C2C=CC=CC=2NC=1,0.003263514011632651
S(=O)(=O)(C1C=CC(=CC=1)C(C)(C)C)N[C@H](C)C(O)=O,0.0037523876875638963
C1(C[C@H](N)C(O)=O)C2C=CC=CC=2NC=1,0.0046479317359626295
C(=O)(OC(C)(C)C)N[C@H](C1=CC=C(C=C1)Br)C(O)=O,0.006876500253565609
C(O)(=O)[C@H](C)C1=CC=C(C=C1)CC(C)C,0.012200771225616336
C(O)([C@@H](CC)N)=O,0.01320610442198813
C(=O)(OC(C)(C)C)N1CCCC[C@@H]1CO,0.0037812570692040024
C(=O)(OC(C)(C)C)N1CCCC[C@H]1CO,0.0037595863454043866
N1(CCC[C@H]1C(O)=O)C(=O)OCC1C=CC=CC=1,0.005154213565401733
N1(CCC[C@@H]1C(O)=O)C(=O)OCC1C=CC=CC=1,0.005204232106916606
C1(/CC/C(=C\C2=CC=CS2)/C/1=O)=C/C1=CC=CS1,0.02265998935326934
O1C(CC)=CC=C1/C=C/C(=O)NC1C=CC(=CC=1)C(C)=O,0.01378494817763567
C(C)N1N=CN=C1[C@@H](N)C,0.011132866516709328
C(C)N1N=CN=C1[C@H](N)C,0.011409649765118957
C(=O)(NCC(O)=O)/C=C/C1C=CC=CC=1,0.0066626728512346745
N12CC[C@@H](C[C@H]1[C@H](O)C1=CC=NC3=CC=CC=C13)[C@@H](C=C)C2,0.0035572411201428623
N12CC[C@@H](C[C@@H]1[C@@H](O)C1=CC=NC3=CC=CC=C13)[C@@H](C=C)C2,0.003551582753425464
C(/C1C=CC=C2C=CC=CC=12)=C\C(O)=O,0.008414456946775317
C1(C[C@H](NC(C)=O)C(O)=O)C2C=CC=CC=2NC=1,0.0025578397617209703
C1(C[C@@H](NC(C)=O)C(O)=O)C2C=CC=CC=2NC=1,0.0025331309414468707
[C@@H]12C[C@@H]([C@H](C(O)=O)[C@@H]1C(O)=O)C=C2,0.010406583437663075
CC(C1=CC=C(S(N2[C@@H](C(O)=O)CCC2)(=O)=O)C=C1)(C)C,0.005771194631233811
CC(C1=CC=C(S(N2[C@H](C(O)=O)CCC2)(=O)=O)C=C1)(C)C,0.005827072821557522
N(=O)(=O)C1=CC=CC(=C1)/C=C/C(O)=O,0.004684885835740715
C(O)(C1=CC=CC=C1)(C1C=CC=CC=1)[C@H]1CCCN1,0.013196578808128833
C(O)(C1=CC=CC=C1)(C1C=CC=CC=1)[C@@H]1CCCN1,0.013299375865608453
C1(/C=C(\C#N)/C2SC3=C(C=CC=C3)N=2)C(=O)N2C=CC=C(C)C2=NC=1OC1=CC=C(C=C1)F,0.0053368229418993
S(=O)(=O)(C1C=C(C)C=CC=1C)N1CCC[C@@H]1C(O)=O,0.0042052631615661085
S(=O)(=O)(C1C=C(C)C=CC=1C)N1CCC[C@H]1C(O)=O,0.004158605786506087
N1(C=NC2C(NC=NC1=2)=O)[C@@H]1O[C@@H]([C@@H](OC(C)=O)[C@H]1OC(C)=O)COC(C)=O,0.004481568242408684
C1(C=CC=C2C=CC=CC=12)C[C@@H](C)CN,0.015563549054786564
C1(C=CC=C2C=CC=CC=12)C[C@H](C)CN,0.015807105554267765
C(COC1=CC=CC=C1)(=O)NNC(=O)/C=C/C(O)=O,0.0028556452773045747
C(O)(=O)C1C=CC(=CC=1)NC(=O)/C=C/C1C=CC=CC=1,0.004964054725132882
C1(Br)=C(O)C(/C=N/NC(CNC2C=CC(=CC=2)C)=O)=CC(Br)=C1O,0.0055895479628816245
C1(C=CC=C(OC)C=1)[C@H]1CCCN1,0.01386338141746819
C1(C=CC=C(OC)C=1)[C@@H]1CCCN1,0.014080441696569324
C(C(O)=O)[C@H](N)C1=CC=CC=C1Cl,0.01037259460426867
C(C(O)=O)[C@@H](N)C1=CC=CC=C1Cl,0.01018649348989129
C1(/C=C2\SC(N(CCCC(O)=O)C\2=O)=S)C(=O)N2C=CC=CC2=NC=1N(C)CC1C=CC=CC=1,0.006250459235161543
N([C@H](CC)CO)CC1C=CC=CC=1,0.005775970895774663
CCOC(/C(/C#N)=C/C1C(C2=CC=C(Br)C=C2)=NN(CCC(O)=O)C=1)=O,0.007092542597092688
C(C1=CC=CC=C1)(=O)N[C@H](CC(C)C)C(O)=O,0.006872512679547071
C(C1=CC=CC=C1)(=O)N[C@@H](CC(C)C)C(O)=O,0.006775666913017631
C1([C@@H](CC)N)=CC=C(C=C1)C,0.023825464025139808
C1(C(OC)=O)=C(C)N(C(=O)/C/1=C\C1=CC=C(C=C1)C(O)=O)CC1=CC=CO1,0.008667533239349722
N1(CCC[C@H]1C(O)=O)C(=O)C1C=CC(=CC=1)Cl,0.005714570032432675
N1(CCC[C@@H]1C(O)=O)C(=O)C1C=CC(=CC=1)Cl,0.005781240435317159
N1CCCC[C@@H]1CC1C=CC=CC=1,0.01361365751363337
N1(CCC[C@H]1C(O)=O)C(C1CCCCC1)=O,0.010988732194527983
N1(CCC[C@@H]1C(O)=O)C(C1CCCCC1)=O,0.011150606861338019
N1(CCC(O)=O)C(=O)/C(/SC1=S)=C/C1=CC=C(C2=CC=CC=C2F)O1,0.007143697096034884
C(=O)(C1C=CC=CC=1F)N1CCC[C@@H]1C(O)=O,0.005380423227325082
C(=O)(C1C=CC=CC=1F)N1CCC[C@H]1C(O)=O,0.0053167381091043355
C1(=O)O[C@@H](C)CCCC(CCCC=CC2C=C(O)C=C(O)C1=2)=O,0.0070494974730536345
C1(C=CC=CC=1C)C[C@H]1CCCN1,0.016162686888128518
C1(C=CC=CC=1C)C[C@@H]1CCCN1,0.01642165845260024
N1CCC[C@@H]1CC1C=CC=C(C)C=1,0.0163258770480752
N1CCC[C@H]1CC1C=CC=C(C)C=1,0.016069453582167624
N([C@@H](C(C)C)C(O)=O)C(=O)C1C=CC=NC=1,0.00588540593162179
N([C@H](C(C)C)C(O)=O)C(=O)C1C=CC=NC=1,0.00598575861658901
C(O)(=O)/C=C/C1C=CC(=CC=1)OCCCC,0.008664689678698777
C(=O)(C1C=CC(=CC=1)O)NNC(=O)/C=C/C(O)=O,0.0017786756390705705
C1CC[C@@H](C(=O)O)N1S(C1C=C(N(=O)=O)C=CC=1)(=O)=O,0.002063766575884074
C1CC[C@H](C(=O)O)N1S(C1C=C(N(=O)=O)C=CC=1)(=O)=O,0.002085477055516094
N1(CCC[C@H]1C(=O)O)S(=O)(=O)C1=CC=C(NC(C)=O)C=C1,0.0030347262741997837
N1(CCC[C@@H]1C(=O)O)S(=O)(=O)C1=CC=C(NC(C)=O)C=C1,0.0030617850949056446
C(N)(NC[C@H]1CCCO1)=S,0.02370486268773675
N([C@@H](C)C1=CC=CC=C1)C(CCC(O)=O)=O,0.00730801213067025
N([C@H](C)C1=CC=CC=C1)C(CCC(O)=O)=O,0.007408257038332522
C1(C2=CC=C(C=C2)NC(=O)/C=C/C(O)=O)SC2=C(C=CC(C)=C2)N=1,0.004456801421474666
[C@@H]1(C(O)=O)CC(N(CC)[C@H]1C1C=CC(=CC=1)C)=O,0.007811754988506436
CCCC[C@@H](C(O)=O)NS(=O)(=O)C1=CC=C(C=C1)N1CCCC1=O,0.0036133150570094585
C1(=CC=C2C(C=CC(OC)=C2)=C1)[C@@H](C)C(O)=O,0.007613911107182503
C1(=CC=C2C(C=CC(OC)=C2)=C1)[C@H](C)C(O)=O,0.0077048595761880275
N(/O)=C\C1=CC=C(C=C1)OCC,0.01499230251647532
C1(C[C@H](N)C(NCCC)=O)C2C=CC=CC=2NC=1,0.005910589767154306
N1(C[C@H](O)CNC2C=CC=C(OC)C=2)C2C=CC(=CC=2C2C=C(Br)C=CC=21)Br,0.006659322371706367
N1[C@@H](C)CCC[C@H]1C,0.015370202157646418
N1[C@@H](C)CCC[C@@H]1C,0.015773464646190404
[NH+]1C2C=CC=CC=2NC=1SCC(=O)N/N=C/C1=CC=CC=C1OCC(=O)[O-],0.0025061336578801273
C(=O)(OC(C)(C)C)N1CCC[C@@H](N)C1,0.008896850049495697
C(=O)(OC(C)(C)C)N1CCC[C@H](N)C1,0.008992424886673688
S(=O)(=O)(C1=CC=C(C=C1)F)N1CCC[C@H]1C(O)=O,0.003212709678336978
S(=O)(=O)(C1=CC=C(C=C1)F)N1CCC[C@@H]1C(O)=O,0.0032436433248221874
C(NCCC1C=CC=CC=1)(=O)/C=C/C1=CC=CC=C1,0.009977349312976003
OC(/C=C/C1=CC(OC2=CC=CC=C2)=CC=C1)=O,0.006516208895482123
N1(CCC[C@H]1C(O)=O)C(=O)C1=CC=C(C=C1)C,0.006538877310231328
N1(CCC[C@@H]1C(O)=O)C(=O)C1=CC=C(C=C1)C,0.006619904073886573
C1(C=CC=CC=1C)[C@H]1CCCN1,0.016534369718283416
N12C(C(O)=O)=C(COC(C)=O)CS[C@@H]1[C@@H](C2=O)NC(=O)/C(=N/OC)/C1=CSC(N)=N1,0.0022903400356881322
C([C@@H](N)C1C=CC=C(Br)C=1)C(O)=O,0.013528016861528158
C(O)([C@@H](CCSCC)N)=O,0.008129322621971368
C(C(O)=O)[C@@H](C1=CC=C(Cl)C=C1)NC(CCCC1C=CC=CC=1)=O,0.007336869137361646
[C@@H](N)(C(O)=O)C1C=CC=CC=1C,0.010054147965274752
C(O)(=O)C1C=CC=CC=1/C=N/NC(CCCCCNC(C1=CC=CC=C1)=O)=O,0.005237680056598038
C1(=C(O)C=CC2=CC=CC=C12)/C=N/C1C=CC(=CC=1C)C1=CC=C(C(C)=C1)/N=C/C1=C(O)C=CC2=CC=CC=C12,0.008070655236952006
C1(C[C@@H](N)C(O)=O)C=NN(C)C=1C,0.00820237216539681
C(=C/C1C=CC(=CC=1)F)\C(C1=CC=CC=C1)=O,0.014862126391381025
O1[C@@H](C(C)(C)O)CC2=CC3C=CC(=O)OC=3C=C12,0.007514142943546176
C1(=CSC(N)=N1)/C(=N/OC)/C(OCC)=O,0.004286789428442716
[C@]12(C)CC[C@H]([C@H](Br)C1=O)C2(C)C,0.02860281829844098
C1(C(=O)/C=C/C2NC3=C(C=CC=C3)N=2)C(=O)NC2=C(C=C(C=C2)Cl)C=1C1C=CC=CC=1,0.004221164050977677
CCN1/C(=N/C2=CC=C(C(O)=O)C=C2)/SC=C1C1=CC=C(C)C=C1,0.008640371938236057
N(=O)(=O)C1=CC=CC=C1/C=C/C(O)=O,0.006321601010859013
N1(C2C=CC=C(O)C=2)C(=O)[C@@H]2[C@@H]([C@@H]3C[C@H]2C=C3)C1=O,0.002289960265989066
C1(N2CCOCC2)=NSN=C1OCC(=O)N/N=C/C1=CC=C(C=C1)OCC(O)=O,0.004338881431613118
N1C(=O)/C(/SC1=O)=C/C1C=CC(=CC=1)OC,0.0028115031425841154
[C@H]1(O)[C@H](O)OC[C@H](O)[C@@H]1O,0.0059907363283834055
[C@H]1(O)[C@H](O)OC[C@@H](O)[C@@H]1O,0.005865403162607663
[C@H]1(O)[C@@H](O)OC[C@H](O)[C@@H]1O,0.0058517392271141945
[C@H]1(O)[C@@H](O)OC[C@@H](O)[C@@H]1O,0.005747593934393081
C(=O)([C@@H]1CCCO1)NC1C=CC=C(C=1)C(O)=O,0.004333233495708555
N1C(=O)/C(/SC1=N)=C/C1=CC=C(C=C1)O,0.004326824727468192
N1CCCC[C@H]1C1=CC=C(C=C1)F,0.007995099667459727
N1([C@@H](C)C(O)=O)CC2C(=CC=CC=2)C1=O,0.007176624052226544
N1([C@H](C)C(O)=O)CC2C(=CC=CC=2)C1=O,0.007284695957787335
N1([C@@H](CC2C=CC=CC=2)C(O)=O)C(=O)C2=C(C=CC=C2)C1=O,0.003007137036183849
N1(C=CC=C1)[C@H](C(C)C)C(O)=O,0.008984392508864403
N1(C=CC=C1)[C@@H](C(C)C)C(O)=O,0.008803556184284389
C(=O)(C1=CC=C(C=C1)Cl)N[C@@H]1C2CCN(CC2)C1,0.009077693335711956
C(=O)(C1=CC=C(C=C1)Cl)N[C@H]1C2CCN(CC2)C1,0.008989897975698113
N1(C2=CC=C(C=C2)C(O)=O)C(=O)/C(/C=C1C1=CC=CC=C1)=C/C1=CC=C(C2=CC=C(C=C2)N(=O)=O)O1,0.00458022621460259
C(OCC1=CC=CC=C1)(=O)N[C@@H](CC1=CC=CC=C1)C(O)=O,0.004241109942086041
C(OCC1=CC=CC=C1)(=O)N[C@H](CC1=CC=CC=C1)C(O)=O,0.004279832297470421
C1(OC)C=C(C=CC=1OC)/C=N/O,0.01733723357319832
C(/C1C=CC(=CC=1Br)C)=C\C(O)=O,0.011542048817500473
S(=O)(=O)(C1=CC(C)=CC=C1C)N[C@@H](C(C)C)C(O)=O,0.004139713477343321
S(=O)(=O)(C1=CC(C)=CC=C1C)N[C@H](C(C)C)C(O)=O,0.004214700357988477
C12=C(C=CC3C=CC(=O)OC1=3)OC([C@@H](OC(C)=O)[C@@H]2OC(=O)/C(/C)=C/C)(C)C,0.013585557136684656
[C@@H]1(NC(C)=O)[C@@H](O)[C@@H](O)[C@H](O[C@H]1OC1C=CC(=CC=1)N(=O)=O)CO,0.001635641136829237
[C@@H]1(NC(C)=O)[C@@H](O)[C@H](O)[C@H](O[C@H]1OC1C=CC(=CC=1)N(=O)=O)CO,0.0016597303804578925
C(=O)(OC(C)(C)C)N1CCC[C@@H](CO)C1,0.0033643326722085478
C(=O)(OC(C)(C)C)N1CCC[C@H](CO)C1,0.003384199331048876
C(O)(=O)C1C=CC=CC=1/C=N/NC(CCCC(=O)N/N=C/C1=CC=CC=C1C(O)=O)=O,0.007500062906183302
C(O)(=O)/C=C/C1C=CC(=C(Br)C=1)OC,0.011242680856958032
C(=O)(NC1C=CC(=C(Cl)C=1)Cl)/C=C/C(O)=O,0.0048890414647758005
CC(C[C@@H](C(O)=O)NS(C1=CC(C(F)(F)F)=CC=C1)(=O)=O)C,0.002752224315190688
CC(C[C@H](C(O)=O)NS(C1=CC(C(F)(F)F)=CC=C1)(=O)=O)C,0.0027886278228834273
C1(=CSC2CCCCC1=2)C(=O)N[C@H](C)C1=CC=NC=C1,0.009711298486217856
N1CCCC[C@H]1C1=CC=C(C=C1)OC,0.012176902312785388
N1CCCC[C@@H]1C1=CC=C(C=C1)OC,0.012332532089203596
N1(CCCC1=O)[C@@H](C)C(O)=O,0.007254880759865046
C(O)(=O)/C=C/C1=CC=C(C(OC)=C1)O,0.006844903854653239
N1(C=NC2=C(N=CN=C12)N)[C@@H]1O[C@@H]([C@@H](O)[C@@H]1O)CO,0.0012730004827346876
N1(C=NC2=C(N=CN=C12)N)[C@@H]1O[C@@H]([C@@H](O)[C@H]1O)CO,0.0012670136073211324
C(O)(=O)/C=C/C1C=C(OC)C=C(OC)C=1,0.007959168986417353
[C@H]1(O)C[C@@H](C)CC[C@@H]1C(C)C,0.008133767102845014
[C@H]1(O)C[C@H](C)CC[C@H]1C(C)C,0.008142116345698013
[C@H]1(O)C[C@H](C)CC[C@@H]1C(C)C,0.008251986571121962
[C@@H]1(O)C[C@H](C)CC[C@H]1C(C)C,0.008202154460013844
[C@@H]1(O)C[C@H](C)CC[C@@H]1C(C)C,0.00836283945827745
[C@@H]1(CCCC[C@H]1C)N,0.026070017274469136
[C@H]1(CCCC[C@@H]1C)N,0.026066456362605094
C1(=CC=CO1)/C=C/C(C)=O,0.031754768639802936
S(=O)(=O)(C1C=CC(=C(Cl)C=1)Cl)N1CCC[C@H]1C(O)=O,0.004067223414313048
S(=O)(=O)(C1C=CC(=C(Cl)C=1)Cl)N1CCC[C@@H]1C(O)=O,0.004109700839035213
C1([C@H](N)CC(O)=O)=CC=C(C)O1,0.011148280650377273
N(/C1C=CC(=CC=1)OC)=C\C1=CC=CC=C1,0.01335433479398489
C(/C1=CC=CC=C1C)=C\C(O)=O,0.010254439245909453
[C@@]12(C)CC[C@@H](C[C@H]1OC(C)=O)C2(C)C,0.01844613775610924
[C@]12(C)CC[C@H](C[C@@H]1OC(C)=O)C2(C)C,0.018786172702675685
C([C@@H](N)C1C=CC(=C(Cl)C=1)Cl)C(O)=O,0.010046772379428148
C1(=CC=CO1)/C=C/C(O)=O,0.010749909747391938
C(O)(=O)[C@H](C)OC1=CC=C(C=C1)Br,0.009929876727983355
[C@@H]1(CC=CC[C@H]1C(O)=O)C(O)=O,0.014262235956266522
N1(C=CC=C1)[C@@H](CC(C)C)C(O)=O,0.008577641658484935
S(=O)(=O)(C1=CC=C(C=C1)C)N[C@H](C(C)C)C(O)=O,0.003925046150106937
C[C@H](C(O)=O)NS(C1=C(C)C(C)=CC(C)=C1C)(=O)=O,0.003909390978515148
CC([C@H](C(O)=O)NS(C1=CC(Cl)=CC=C1)(=O)=O)C,0.0034067036584019663
CC(OC1=C(/C=C2/C(=O)N(CC(O)=O)C(=S)S/2)C=CC=C1)=O,0.008955321041867137
S1(CC[C@@H](N)C1)(=O)=O,0.01225850882474333
C(/C1C=CC=CC=1)=C(/C)\C=O,0.01525206165970303
N1(C2=CC=C(C=C2)F)C[C@@H](CC1=O)C(O)=O,0.005408246070146561
C(/C1=CC=CC=C1OCC)=C\C(O)=O,0.008682972704991698
[C@@]12(C)CC[C@@H](CC1=O)C2(C)C,0.03288696594536304
[C@]12(C)CC[C@H](CC1=O)C2(C)C,0.034008631203323605
C(C(O)=O)[C@@H](N)C1=CC=CC2=CC=CC=C12,0.009954709932208062
C(C(O)=O)[C@H](N)C1=CC=CC2=CC=CC=C12,0.010092443227767945
C(=C/N(C)C)\C(C1=CC=CC=C1)=O,0.027527890726923944
C1(NC(=O)/C=C/C(O)=O)C(C)=CC(=CC=1C(C)(C)C)C(C)(C)C,0.010709638567641377
[C@@H](CC1=CC=C(C=C1)O)(NC(C)=O)C(OCC)=O,0.004337976127862931
C1([C@H](CO)N)C=CC(=CC=1)OCC,0.007879250473342836
C1([C@@H](CO)N)C=CC(=CC=1)OCC,0.007768580946139992
C(O)(=O)/C=C/C1=CC=C(C(O)=C1)O,0.008180588274262846
S(=O)(=O)(C1=CC=C(C2=CC=CC=C12)C)N1CCC[C@@H]1C(O)=O,0.0039026444894261656
S(=O)(=O)(C1=CC=C(C2=CC=CC=C12)C)N1CCC[C@H]1C(O)=O,0.0038651507813483475
N1(CC)C(=O)/C(/SC1=S)=C/C1C=CC=CC=1,0.014028579462319613
C(/C#N)(=C/C1C=CC(=CC=1)O)\C(OCC)=O,0.00618050720077008
S(=O)(=O)(N[C@H](CC(C)C)C(O)=O)C1C=CC=CC=1F,0.003134240198414773
S(=O)(=O)(N[C@@H](CC(C)C)C(O)=O)C1C=CC=CC=1F,0.003093034232733771
S(=O)(=O)(C1C=CC=C(Cl)C=1)N[C@@H](CC(C)C)C(O)=O,0.00349730794550851
S(=O)(=O)(C1C=CC=C(Cl)C=1)N[C@H](CC(C)C)C(O)=O,0.0035516906064003706
N1CCC[C@@H]1C1C=CC=CC=1,0.016286177560687065
N1CCC[C@H]1C1C=CC=CC=1,0.015983245614916087
C12N=C(N)NC(=O)C=1N=CN2[C@@H]1O[C@@H]([C@@H](O)[C@@H]1O)CO,0.0007764786909874038
C12N=C(N)NC(=O)C=1N=CN2[C@H]1O[C@H]([C@H](O)[C@@H]1O)CO,0.0007830773440059861
C(/C(C)=O)=C\C1=CC=C(C=C1)OC,0.0234421388246119
C(/C1=CC=C(C=C1F)F)=C\C(O)=O,0.006251106201671064
C(=O)(OC(C)(C)C)N[C@H]1CCC[C@@H](O)C1,0.0028077607857994735
S(=O)(=O)(C1C=CC2=C3C(=CC=CC3=1)C(N2C)=O)N[C@@H](C(C)C)C(O)=O,0.0036265469738282264
S(=O)(=O)(C1C=CC2=C3C(=CC=CC3=1)C(N2C)=O)N[C@H](C(C)C)C(O)=O,0.0036883038701489568
N1=CC(=C(C)N1C)/C=C/C(O)=O,0.009723534295335411
C1(C2=CC=C(C(Cl)=C2)Cl)=CC=C(/C=C/C(O)=O)O1,0.00637571751140058
C(O)(=O)/C=C/C1=CC=C(C=C1)OC,0.00971791441552341
C1(C=CC(=CC=1O)O)/C(/C)=N/NC(=O)C1C=CC(=C(Br)C=1)C,0.005166212073527276
C(=C/C(O)=O)\C1=CC(Cl)=CC=C1OC,0.007506410963833332
C1(=CC=C(/C=C/C(O)=O)O1)C1C=CC=CC=1Cl,0.005696929967962205
N1C(=O)/C(/SC1=O)=C\C1=CC=C(C2=CC=C(C=C2)F)O1,0.002003393805352971
N1CCCC[C@@H]1C1=CC=CC=N1,0.010112402867525816
N1CCCC[C@H]1C1=CC=CC=N1,0.0099492167821154
N1([C@H](CC(C)C)C(O)=O)C(=O)C2C(=CC=CC=2)C1=O,0.0037985667353495956
N1([C@@H](CC(C)C)C(O)=O)C(=O)C2C(=CC=CC=2)C1=O,0.0037607079721055925
N1(N=C(/C(=N\NC2C=CC(=C(C=2)N(=O)=O)Cl)/C1=O)C1C=CC=CC=1)C1SC=C(C2C=CC=CC=2)N=1,0.0034991448279470204
N(C1C=CC=CC=1F)C(=O)/C=C/C1=CC=CC=C1,0.006624898174777627
C(O)(=O)/C=C/C1=CC=C(C=C1)OCCC,0.008967280434444547
C(=O)(NC1C=CC=CC=1)/C=C/C(O)=O,0.006077099463436752
N1([C@H](C)C2=CC=CC=C2)C[C@@H](CC1=O)C(O)=O,0.007492473977617919
N1([C@@H](C)C2=CC=CC=C2)C[C@@H](CC1=O)C(O)=O,0.0073988719144836065
N1([C@H](C)C2=CC=CC=C2)C[C@H](CC1=O)C(O)=O,0.007592128682881593
N1([C@@H](C)C2=CC=CC=C2)C[C@H](CC1=O)C(O)=O,0.007491719652898609
C1([C@@H]2CCCN2)=CC(C)=CC(C)=C1,0.018203839613124728
C1(/C=C2\SC(N(CCCC(O)=O)C\2=O)=S)C(=O)N2C=CC=C(C)C2=NC=1N1CCCCC1,0.0066503412555903195
O([C@H](C)C(O)=O)C1=CC=C(Cl)C=C1C,0.006848989799618721
O([C@@H](C)C(O)=O)C1=CC=C(Cl)C=C1C,0.0067576879868283864
S(=O)(=O)(C1=CC=C(C=C1)C(C)(C)C)N1CCC[C@@H](C(O)=O)C1,0.005421687732450664
N1([C@H](C)C(=O)NC2=CC(OC)=C(C(OC)=C2)OC)CC2C(=CC=CC=2)C1=O,0.008423879230394959
C1([C@H](C)N)=C(C)N(N=C1C)C,0.018613868206739426
C1([C@@H](C)N)=C(C)N(N=C1C)C,0.018183626979589463
S(=O)(=O)(C1=CC=CC(C)=C1)N1CCC[C@H]1C(O)=O,0.004058481496758759
S(=O)(=O)(C1=CC=CC(C)=C1)N1CCC[C@@H]1C(O)=O,0.004100412328261882
C(=O)([C@@H]1CCCC[C@@H]1C(O)=O)NC1C=CC=CC=1Cl,0.007082982780411839
S1C(SCC(=O)N/N=C/C2=CC=CC=C2C(O)=O)=NN=C1SCC1C=CC(=CC=1)Cl,0.0053665378829464315
C(=O)(/C=C/C1C=CC=CC=1)N1CCCC1,0.013335117883980275
C1(=CC=C(/C=N/NC(=O)C2C=CC(=CC=2)O)O1)N(=O)=O,0.003602691425476223
C(=O)([C@H]1CC[C@H](C1)C(O)=O)NC1=CC=C2C(OCO2)=C1,0.007038404187187553
C12C[C@@H](C(OC)=O)NCC=1NC1C=CC=CC2=1,0.004665397270582616
C12C[C@H](C(OC)=O)NCC=1NC1C=CC=CC2=1,0.004710180475376547
N1C(=O)/C(/SC=1S)=C/C1=CC=C(C=C1)OC,0.005010509281419218
C1(=O)[C@@H]2[C@@H]3CC[C@@H](C3)[C@@H]2C(=O)O1,0.011244260859326033
C1(=O)[C@@H]2[C@H]3CC[C@H](C3)[C@@H]2C(=O)O1,0.0112442600211357
N(/O)=C\C1=CC=C(C=C1)OC,0.016870416700839996
N1=C(C)C(=CN1CC)/C=C/C(O)=O,0.008673536870628596
C(=O)([C@@H]1CCCO1)NC1C(C)=CC=C(C=1)C(O)=O,0.004346200986765325
N([C@@H](C(C)C)C(O)=O)C(C1C=CC=CC=1)=O,0.007119932095520198
N([C@H](C(C)C)C(O)=O)C(C1C=CC=CC=1)=O,0.007237853505648673
C1(=CC=C(/C=C/C(O)=O)O1)C1=CC=C(C=C1Cl)Cl,0.006207946059294045
C(=O)(NC1C=CC(=CC=1)Cl)/C=C/C(O)=O,0.004913569265045226
C(=O)([C@@H]1CC[C@@H](C1)C(O)=O)NC1=CC=C(C=C1)NC(C)=O,0.0062646487494930625
C1(=N/C2C=CC(=CC=2)C)/S/C(/C(=O)N/1)=C/C1=CC=C(C=C1)C(O)=O,0.004010686615947634
C1(NC(=O)/C=C/C(O)=O)SC2=C(CCCC2)C=1C#N,0.004739265027455986
[C@@H]1(C(O)=O)C[C@H]1C1C=CC=CC=1,0.009695728530641646
[C@H]1(C(O)=O)C[C@H]1C1C=CC=CC=1,0.009567692922428251
[C@H]1(C(O)=O)C[C@@H]1C1C=CC=CC=1,0.00970334576559253
C(O)(=O)/C=C/C1C=CC(=CC=1)OCCCCC,0.009161473670974373
S(=O)(=O)(C1=CC=C(C=C1)C)N[C@@H](C)C(O)=O,0.003023499419214204
S(=O)(=O)(C1=CC=C(C=C1)C)N[C@H](C)C(O)=O,0.0030659843294415625
S(=O)(=O)(C1C=CC(=CC=1)C)N[C@@H](CC1C=CC=CC=1)C(O)=O,0.0033321683062240482
S(=O)(=O)(C1C=CC(=CC=1)C)N[C@H](CC1C=CC=CC=1)C(O)=O,0.0033716932404786347
[C@@H]12CCCC[C@@H]1[C@H]2C(O)=O,0.010986510937800632
S(=O)(=O)(N[C@@H](CC(C)C)C(O)=O)C1=CC=CS1,0.0032557151396758856
S(=O)(=O)(N[C@H](CC(C)C)C(O)=O)C1=CC=CS1,0.003297107439721003
[C@@H]1(COC2C(=CC=CC=2)O1)C(O)=O,0.007882898044772445
C1(/C2C=CC=CC=2N(CC(O)=O)C/1=O)=C1\SC(N(CC(O)=O)C\1=O)=S,0.010284689720720053
[C@]1(C)(CC[C@@H](C(O)=O)C1(C)C)C(O)=O,0.013862122176215052
[C@@]1(C)(CC[C@H](C(O)=O)C1(C)C)C(O)=O,0.014293219055980444
N1(CC(=O)NC2C=CC(=CC=2)C)C(=O)/C(/NC1=O)=C/C1=CC=CN1C1=CC=CC(=C1)C(O)=O,0.0016907658864511177
C1(OC)=CC(=CC=C1OC)/C=C/C,0.024057335779070856
C1CN([C@H](C(=O)O)C1)S(C1C=CC(Cl)=CC=1)(=O)=O,0.0036840766202658414
C1CN([C@@H](C(=O)O)C1)S(C1C=CC(Cl)=CC=1)(=O)=O,0.003647497808560729
C(=O)(/C=C/C1C=CC(=CC=1)OC)N1CCCC1,0.012963767535984516
C1(C(=O)N/N=C/C2=CC=C(C(O)=C2)O)=C(O)C=C2C(C=CC=C2)=C1,0.004726291541010142
C1(=O)OC([C@H]2[C@@H]3CC[C@@H](O3)[C@@H]12)=O,0.010037263851859279
C(C1CCCCC1)(=O)N[C@H](CC(C)C)C(O)=O,0.009740522224456072
C(C1CCCCC1)(=O)N[C@@H](CC(C)C)C(O)=O,0.009583891509100795
C1(C2=CC=C(C(Cl)=C2)C)=CC=C(/C=C/C(O)=O)O1,0.005792843480594456
N1(CCC(O)=O)C(=O)/C(/SC1=S)=C/C1=CN(N=C1C1=CC=CS1)C1=CC=CC=C1,0.006794076366350055
C1(/C2C=C(Br)C=CC=2N(CC2C=CC=CC=2)C/1=O)=C1\SC(N(CCCC(O)=O)C\1=O)=S,0.00905494848266244
N1(CCC[C@H]1C(O)=O)C(C1C=CC=CC=1)=O,0.006199781852774322
O([C@@H](C)C(O)=O)C1=CC=C(C=C1Cl)Cl,0.0068165217759087685
C(O)([C@@H](CCCC)N)=O,0.013204118004068732
C(C1=CC=NC=C1)(=O)N/N=C/C1C=CC=CC=1O,0.003979832027107477
N1C(=O)/C(/SC1=O)=C/C1=CC=C(C=C1)OCCC,0.002861840679543093
[C@@H]1(CCC(=O)[C@@H]1CCCCC)CC(OC)=O,0.01732650464400649
C(=O)(C(C)(C)OC1C=CC(Cl)=CC=1)N[C@H](C)C1=CC=NC=C1,0.0076416829135268925
C1(/C=C2\SC(N(CCCC(O)=O)C\2=O)=S)C(=O)N2C=CC=CC2=NC=1N1CCCCC1,0.0065590004902333025
C(O)(=O)[C@@H](C)C1=CC=CC=C1,0.009490675595588981
C(O)(=O)[C@H](C)C1=CC=CC=C1,0.009687177021987736
N1(CC(O)=O)C(=O)/C(/SC1=S)=C/C1=CN(N=C1C1=CC=C(C(C)=C1)OC)C1C=CC=CC=1,0.007101465668529272
C1C[C@H](CCC=1C)[C@](C)(CC/C=C(\C)/C)O,0.02661831146106124
S(=O)(=O)(C1C=CC(=CC=1)C)N1CCC[C@H]1C1C=CC(=CC=1)F,0.005992343765683472
N1(CC2=CC=CC=C2)C[C@@H](CC1=O)C(O)=O,0.00703285033814609
C(=O)(C1C=CC(=CC=1)OCC)N[C@H](C)C(O)=O,0.005785095551982522
C(=O)(C1C=CC(=CC=1)OCC)N[C@@H](C)C(O)=O,0.005706608691252768
N1[C@H](CC2C3C=CC=CC=3NC=2)C(=O)N[C@H](CC2C3C=CC=CC=3NC=2)C1=O,0.004227625147905201
N1[C@@H](CC2C3C=CC=CC=3NC=2)C(=O)N[C@@H](CC2C3C=CC=CC=3NC=2)C1=O,0.004174595349468291
N(C1C=CC=CC=1Br)C(=O)/C=C/C1=CC=CC=C1,0.010739948274567724
C(=O)(N/N=C/C1=CC=C(C=C1)C(C)C)C1C=CC(=CC=1)O,0.005127375479787588
C1(C(=O)N/N=C/C2=CC=C(C=C2)C)C2CCCCC=2NN=1,0.006471090042032302
N1(C2C=CC=CC=2C)C(=O)NC(/C(=C\C2C=C(N(C3C=CC(=CC=3)C(O)=O)C=2C)C)/C1=O)=O,0.001962019910570234
N(=O)(=O)C1C=CC=C(C=1)C1=CC=C(/C=C/C(O)=O)O1,0.003828206704929471
S(=O)(=O)(C1C=C(C)C=CC=1C)N[C@H](C)C(O)=O,0.0033667373354546726
S(=O)(=O)(C1C=C(C)C=CC=1C)N[C@@H](C)C(O)=O,0.0033209425630047916
N1(CCCC(O)=O)C(=O)/C(/SC1=S)=C/C1=CN(N=C1C1=CC(C)=CC=C1C)C1C=CC=CC=1,0.008249257481656969
C(=O)(NC1C=CC=C(OC)C=1)/C=C/C1=CC=CC=C1,0.0075103516923263666
C1(C=CC2C(=CC=CC=2)C=1)[C@H](N)C(O)=O,0.00795010554138571
N1C(=O)/C(/NC1=O)=C\C1=CC=C(C(OCC)=C1)OCC1C=CC=CC=1,0.002236486424226314
C1(OCC)C(OCC)=CC(=CC=1Br)/C=C/C(O)=O,0.010521934810094535
CC([C@H](C(O)=O)NS(C1=C(C)C(C)=CC(C)=C1C)(=O)=O)C,0.005148889729753137
CC([C@@H](C(O)=O)NS(C1=C(C)C(C)=CC(C)=C1C)(=O)=O)C,0.005054546101018786
C1(OCC)C(OCC)=CC(=CC=1I)/C=C/C(O)=O,0.010666578775271773
C1(C(OCC)=O)C2C(OC=1C1C=CC=CC=1)=CC=C(O)C=2CN1[C@H](C)CCC[C@@H]1C,0.00441748215816915
N1([C@@H](C)C(O)=O)C(=O)C2=CC=CC=C2N=N1,0.004836621880531311
S(C1C=CC=CC=1)(=O)(=O)N/N=C/C1C=C(Br)C=CC=1O,0.004173987847752869
S(=O)(=O)(C1=CC(C)=CC=C1C)N[C@@H](CC(C)C)C(O)=O,0.004685093217995017
S(=O)(=O)(C1=CC(C)=CC=C1C)N[C@H](CC(C)C)C(O)=O,0.004754255234729499
C([C@@H](N)C1C=CC=CC=1)C(O)=O,0.011944880662485956
C1(/C=C(\C#N)/C2SC3=C(C=CC=C3)N=2)C(=O)N2C=CC=C(C)C2=NC=1OC1=CC=CC(C)=C1,0.0055149058811366555
N1(C2C=CC=CC=2C)C(=O)NC(/C(=C\C2C=C(N(C3C(C)=CC=C(C(O)=O)C=3)C=2C)C)/C1=O)=O,0.001983020023908466
C1(=CC(=CC=C1O)NC(C)=O)C(=O)/C=C/C1C=CC=CC=1,0.0078966717235744
N([C@H](C)C1=CC=CC=C1)C(CCl)=O,0.006694305245764554
N1(CCC(O)=O)C(=O)/C(/SC1=S)=C/C1=CC=CC=C1F,0.006870069960132241
C(/C1=CC=CC=C1)=C(\CCCCC)/C=O,0.012782256145146675
N1(CCC(O)=O)C(=O)/C(/SC1=S)=C/C1=CC=C(C=C1)N(=O)=O,0.005371978948824107
S(=O)(=O)(C1=C(C)C(C)=CC(C)=C1C)N1CCC[C@@H]1C(O)=O,0.005155462818220258
S(=O)(=O)(C1=C(C)C(C)=CC(C)=C1C)N1CCC[C@H]1C(O)=O,0.00509912061970681
N1CCCC[C@H]1C1C=CC=CC=1,0.013810329511761666
N1CCCC[C@@H]1C1C=CC=CC=1,0.014030806394293905
C1(C=CC=C(C)C=1C)[C@H](N)CC(O)=O,0.012978516053408384
C(O)(=O)/C=C/C1=CC=C(C=C1)OCC,0.008687026775442063
N1(C2C=CC(=CC=2)OC)C(=O)[C@@H]2[C@@H]([C@@H]3C[C@H]2C=C3)C1=O,0.004784310085733523
C1(=C/C2=CC=C(C3=CC=CC(=C3)C(O)=O)O2)/C(C)=NN(C2C=CC=CC=2)C/1=O,0.006522213923744857
C1(=CC=C(/C=C/C(O)=O)O1)C1=CC=CC(Cl)=C1Cl,0.006371030234731734
C(O)(=O)/C=C/C1C=CC=C(OCC)C=1,0.008392071956768632
N1(CCCCCC(O)=O)C(=O)C(SC1=S)=CC1C=C(OC)C(=C(Br)C=1)O,0.006159541755914688
C([C@H](N)C1C=CC(=CC=1)OC)C(O)=O,0.011855361051857471
C(=C/C1=CC=CC=C1)\C(=O)C1=CC=C(C=C1)Cl,0.018580489698797463
C1(C(CC)=NOC=1C)C(=O)N[C@H](C)C1=CC=NC=C1,0.007172310748137534
C1(/C=C2\SC(N(CCC(O)=O)C\2=O)=S)=C(NCC2=CC=CO2)N=C2N(C=CC=C2)C1=O,0.006452563684433699
N1CCC[C@@H]1C1=CC=C(C=C1)OC,0.01430401992984116
N1CCC[C@H]1C1=CC=C(C=C1)OC,0.014092475408688188
C(=C/C1C=CC=CC=1)\C(=O)C1=CC=C(C=C1)OC,0.01906950129196048
N1C(=O)[C@H]2[C@H]([C@@H]3C[C@H]2C=C3)C1=O,0.0038309067824464195
N1C(=O)N[C@@](C)(C2=CC=CC=C2)C1=O,0.0016425747307948768
N1C(=O)N[C@](C)(C2=CC=CC=C2)C1=O,0.0016521756420843302
N1C(CC[C@H]1C(=O)NC1=CC=C2C(C=CC=C2)=C1)=O,0.0053844694048166275
C1(C=CC=CC=1O)C(=O)/C=C/C1C=CC(=C(OC)C=1)OC,0.011161217419430613
N1([C@@H](C(C)C)C(O)=O)C(=O)C2=C(C=CC=C2)C1=O,0.0036656248732469974
C1(OC)C(OCC)=CC(=CC=1I)/C=C/C(O)=O,0.01023107732180506
N1([C@@H]([C@H](C)CC)C(O)=O)CC2C(=CC=CC=2)C1=O,0.007969794748350977
C(=O)(/C=C/C1C=C(OC)C(=C(OC)C=1)OC)N1CCCC1,0.013995802635326982
S(=O)(=O)(C1C=CC(=CC=1)C)N1CCC[C@@H]1C(O)=O,0.003988115978427231
S(=O)(=O)(C1C=CC=C(Cl)C=1)N1CCC[C@H]1C(O)=O,0.0035497282864525915
S(=O)(=O)(C1C=CC=C(Cl)C=1)N1CCC[C@@H]1C(O)=O,0.003585903556086123
S(=O)(=O)(C1C=CC(=CC=1)C)N[C@@H](CC1C2C=CC=CC=2NC=1)C(O)=O,0.0023278302513062956
C1(C2C=CC=C3C=CC=CC=23)OC(/C(=C/C2=CC=C(C(OC(CC)=O)=C2)OC)/N=1)=O,0.008887547999620438
C1(C(OC)=O)=C(C)N(C(=O)/C/1=C\C1=CC=C(C=C1)C(O)=O)CC1C=CC(=CC=1)C,0.009333490021526813
N12C(=O)/C(/SC1=NC(C1C=CC(=CC=1)C)=N2)=C\C1=CC=CC=C1,0.008838305831886828
O[C@H](C(F)(F)F)C1=C(F)C=CC(Br)=C1,0.0024301295062855387
C1(=C/C2C=CC=CC=2)\C2C=CC=CC=2C(=O)O\1,0.00797064637299627
NC(N/N=C/C1=C(Cl)C=CC=C1Cl)=N,0.005867346643935889
CC[C@@H](CN1CCNCC1)O,0.003844580869190395
C(O)(=O)[C@H](O)CC1C=CC(=CC=1)F,0.0031208945787511767
OC(C1=CC=C(N/N=C/C2N(C3=CC=C(Cl)C=C3)C=NC=2Cl)C=C1)=O,0.0032822462206240745
CCN1C(C)=C(C(CN2C(=O)C(C3=CC=C(Cl)C=C3)(C)NC2=O)=O)C=C1C,0.0038085852400399746
CCOC(C1C(C2=C(Cl)C=CC=C2)=CSC=1NC(CN1C(=O)C(C2=CC=C(Cl)C=C2)(C)NC1=O)=O)=O,0.0018293710600119084
CC1(C2=CC=C(Cl)C=C2)C(=O)N(CC(NCC2=CC(Cl)=CC=C2)=O)C(=O)N1,0.0018666923744603992
CC(OC(C1=CC=C(NC(CN2C(=O)C(C3=CC=C(Cl)C=C3)(C)NC2=O)=O)C=C1)=O)C,0.0027055547630880027
CC1(C2=CC=C(Cl)C=C2)C(=O)N(CC(NCCC2CCCCC=2)=O)C(=O)N1,0.003159766783937812
CC1=C(NC(CN2C(=O)C(C3=CC=C(Cl)C=C3)(C)NC2=O)=O)C=C(S(N2CCCCC2)(=O)=O)C=C1,0.0015719729737611488
CC1(C2=CC=C(Cl)C=C2)C(=O)N(CC(NC2=CC=C(OC(F)F)C=C2)=O)C(=O)N1,0.0015231075463816523
CC1=CC(C)=C(S(N2CCN(C(CN3C(=O)C(C4=CC=C(Cl)C=C4)(C)NC3=O)=O)CC2)(=O)=O)C=C1,0.0015708632621681319
CC1(C2=CC=C(Cl)C=C2)C(=O)N(CC(N2CCN(S(C3=CC=CC=C3)(=O)=O)CC2)=O)C(=O)N1,0.0015385174308903515
CC(C(NC(CN1C(=O)C(C2=CC=C(Cl)C=C2)(C)NC1=O)=O)C)C,0.002324921963736415
CC1(C2=CC=C(Cl)C=C2)C(=O)N(CC(N(C2CCCCC2)C2CCCCC2)=O)C(=O)N1,0.004114018694963306
CCC(NC(CN1C(=O)C(C2=CC=C(Cl)C=C2)(C)NC1=O)=O)C,0.001915102667408064
CC1(C2=CC=C(Cl)C=C2)C(=O)N(CC(NCCCN2C(=O)CCC2)=O)C(=O)N1,0.0020252698333933948
CC1(C2=CC=C(Cl)C=C2)C(=O)N(CC(NC2C=C(C(N)=O)C=C(C(N)=O)C=2)=O)C(=O)N1,0.0023358071164693685
CCCNC(CN1C(=O)C(C2=CC=C(Cl)C=C2)(C)NC1=O)=O,0.001595829555299133
CCN(S(C1=CC(NC(CN2C(=O)C(C3=CC=C(Cl)C=C3)(C)NC2=O)=O)=C(OC)C=C1)(=O)=O)C1=CC=CC=C1,0.0017509724129922688
CCOC(C1=C(NC(C(N2C(=O)C(C3=CC=C(Cl)C=C3)(C)NC2=O)C)=O)SC(C2=CC=CC=C2)=C1)=O,0.0018946600961498917
CCNC(NC(CN1C(=O)C(C2=CC=C(Cl)C=C2)(C)NC1=O)=O)=O,0.001518616604153067
CCOC(C1=C(NC(CN2C(=O)C(C3=CC=C(Cl)C=C3)(C)NC2=O)=O)SC(C(NC)=O)=C1C)=O,0.002230461989529431
CCCNC(NC(CN1C(=O)C(C2=CC=C(Cl)C=C2)(C)NC1=O)=O)=O,0.0016985332826152445
COC1=C(OC(F)F)C=CC(C(CN2C(=O)C(C3=CC=C(Cl)C=C3)(C)NC2=O)=O)=C1,0.003381890500895679
CC1(C2=CC=C(Cl)C=C2)C(=O)N(CC2=CC=C(Br)C=C2)C(=O)N1,0.002456995489774272
CC1(C2=CC=C(Cl)C=C2)C(=O)N(CC(NC2=CC=C(N3CCCCC3)C=C2)=O)C(=O)N1,0.002027603430906311
CC1(C2=CC=C(Cl)C=C2)C(=O)N(CC(NC2=CC3=C(OCO3)C=C2)=O)C(=O)N1,0.00198970481287688
CC1(C2=CC=C(Cl)C=C2)C(=O)N(CC(NC2=CC=C(S(N3CCCCC3)(=O)=O)C=C2)=O)C(=O)N1,0.0014991550357080995
CC1(C2=CC=C(Cl)C=C2)C(=O)N(CC(NC2=CC=C(S(N3CCOCC3)(=O)=O)C=C2)=O)C(=O)N1,0.001452328939922154
CC1(C2=CC=C(Cl)C=C2)C(=O)N(CC(NC2C=C(C(F)(F)F)C=C(C(F)(F)F)C=2)=O)C(=O)N1,0.00165590065298602
CC1=C(S(N2CCOCC2)(=O)=O)C=C(NC(CN2C(=O)C(C3=CC=C(Cl)C=C3)(C)NC2=O)=O)C=C1,0.001527646282920614
CN(C(CN1C(=O)C(C2=CC=C(Cl)C=C2)(C)NC1=O)=O)CC1SC=CC=1,0.0016799040779005737
CCOC1=CC=C(NC(CN2C(=O)C(C3=CC=C(Cl)C=C3)(C)NC2=O)=O)C=C1,0.0019708531443029644
CC1(C2=CC=C(Cl)C=C2)C(=O)N(CC(NC2=CC(S(N3CCOCC3)(=O)=O)=C(Cl)C=C2)=O)C(=O)N1,0.0015789136872626842
CC1=C(C)C=C(N(=O)=O)C(NC(CN2C(=O)C(C3=CC=C(Cl)C=C3)(C)NC2=O)=O)=C1,0.0018409819866064935
CC1(C2=CC=C(Cl)C=C2)C(=O)N(CC(N2C(C3=CC=C(F)C=C3)C3CCCC(=CC4=CC=C(F)C=C4)C3=N2)=O)C(=O)N1,0.002211153187090531
COC1=CC=C(C2N(C(CN3C(=O)C(C4=CC=C(Cl)C=C4)(C)NC3=O)=O)N=C(C3=CC=CC=C3)C2)C=C1,0.002453667239751667
CC1(C2=CC=C(Cl)C=C2)C(=O)N(CC(C2SC(Cl)=CC=2)=O)C(=O)N1,0.0029859456466510893
O=C(NC1=CC2=C(OCCCO2)C=C1)CN1C(=O)C2(C3=C(C=CC=C3)CCC2)NC1=O,0.002650920930318534
CCN(S(C1=CC(NC(CN2C(=O)C3(C4=C(C=CC=C4)CCC3)NC2=O)=O)=C(Cl)C=C1)(=O)=O)C1=CC=CC=C1,0.001848404249176383
CC1=C(NC(CN2C(=O)C3(C4=C(C=CC=C4)CCC3)NC2=O)=O)C=CC(Cl)=C1,0.002256050502182916
O=C(NC1=CC=C(C2=CC=CC=C2)C=C1)CN1C(=O)C2(C3=C(C=CC=C3)CCC2)NC1=O,0.0026560942933429033
CC1=C(NC(CN2C(=O)C3(C4=C(C=CC=C4)CCC3)NC2=O)=O)C=C(F)C=C1,0.0022182778804562984
CC1=C(OCCN2C(=O)C3(C4=C(C=CC=C4)CCC3)NC2=O)C=CC=C1,0.0031983878463506697
O=C1N(CCOC2=CC=CC=C2)C(=O)C2(C3=C(C=CC=C3)CCC2)N1,0.003045169170945883
CCOC1=CC=C(C(CN2C(=O)C3(C4=C(C=CC=C4)CCC3)NC2=O)=O)C=C1,0.004666614043526351
O=C(C1=CC=C(CN2C(=O)C3(C4=C(C=CC=C4)CCC3)NC2=O)C=C1)NC1=CC=CC=C1,0.003129010659176856
FC(OC1=C(NC(CN2C(=O)C3(C4=C(C=CC=C4)CCC3)NC2=O)=O)C=CC=C1)F,0.0021169725456275045
CN(C(CN1C(=O)C2(C3=C(C=CC=C3)CCC2)NC1=O)=O)C,0.00259379519848153
COC1=C(NC(CN2C(=O)C3(C4=C(C=CC=C4)CCC3)NC2=O)=O)C=C(S(N2CCOCC2)(=O)=O)C=C1,0.002050204435363412
ClC1=CC=C(S(N2CCN(C(CN3C(=O)C4(C5=C(C=CC=C5)CCC4)NC3=O)=O)CC2)(=O)=O)C=C1,0.0017109142150729894
CC1=CC(C(CN2C(=O)C3(C4=C(C=CC=C4)CCC3)NC2=O)=O)=C(C)C=C1,0.005195253435522318
BrC1=C(CN2C(=O)C3(C4=C(C=CC=C4)CCC3)NC2=O)C=C2C(OCCO2)=C1,0.003642492764629424
CCOC(C1C2=C(CC(CC2)C)SC=1NC(CN1C(=O)C2(C3=C(C=CC=C3)CCC2)NC1=O)=O)=O,0.0031549939420074226
CC1N(C2=CC=C(F)C=C2)C(C)=C(C(CN2C(=O)C3(C4=C(C=CC=C4)CCC3)NC2=O)=O)C=1,0.0036904358537867667
COC1=CC=C(N2C(C)=C(C(CN3C(=O)C4(C5=C(C=CC=C5)CCC4)NC3=O)=O)C=C2C)C=C1,0.004109475226141512
O=C1N(CC2=C(C#N)C=CC=C2)C(=O)C2(C3=C(C=CC=C3)CCC2)N1,0.0023368719674181195
CC(CN(C(CN1C(=O)C2(C3=C(C=CC=C3)CCC2)NC1=O)=O)CC(C)C)C,0.003936178993899375
CC(C(C#N)(NC(CN1C(=O)C2(C3=C(C=CC=C3)CCC2)NC1=O)=O)C)C,0.0020208492209008
O=C(C1=CC=C(C2CCCCC2)C=C1)CN1C(=O)C2(C3=C(C=CC=C3)CCC2)NC1=O,0.005523780174553394
COCC(NC(CN1C(=O)C2(C3=C(C=CC=C3)CCC2)NC1=O)=O)C,0.002564775530481711
COC1=C(OC)C=C(CCN(C(CN2C(=O)C3(C4=C(C=CC=C4)CCC3)NC2=O)=O)C)C=C1,0.0034004154382273554
COC1=C(NC(CN2C(=O)C3(C4=C(C=CC=C4)CCC3)NC2=O)=O)C=C(S(N2CCCCC2)(=O)=O)C=C1,0.0020523909479379654
CCOC1=C(OCC)C=C(CCNC(CN2C(=O)C3(C4=C(C=CC=C4)CCC3)NC2=O)=O)C=C1,0.0032085407292470336
CC(C(NC1=CC2=C(OCO2)C=C1)=O)N1C(=O)C2(C3=C(C=CC=C3)CCC2)NC1=O,0.002549012628151104
COC1=C(F)C=C(CN2C(=O)C3(C4=C(C=CC=C4)CCC3)NC2=O)C=C1,0.003357222466729581
CCCCOC(CN1C(=O)C2(C3=C(C=CC=C3)CCC2)NC1=O)=O,0.0033472075941972435
CC(C(NC1CC1)=O)N1C(=O)C2(C3=C(C=CC=C3)CCC2)NC1=O,0.002532979362877086
CC(C(NCC1CCCCC1)=O)N1C(=O)C2(C3=C(C=CC=C3)CCC2)NC1=O,0.0035031261504627764
COC(C1C(C)=C(C(CN2C(=O)C3(C4=C(C=CC=C4)CCC3)NC2=O)=O)NC=1C)=O,0.0036838525789789855
COC1=CC=C(C2CC(C3OC=CC=3)N(C(CN3C(=O)C4(C5=C(C=CC=C5)CCC4)NC3=O)=O)N=2)C=C1,0.0028490310069173574
CC1N(CC2=CC3=C(OCO3)C=C2)C(C)=C(C(CN2C(=O)C3(C4=C(C=CC=C4)CCC3)NC2=O)=O)C=1,0.0036787019460462035
CC1=C(NC(CN2C(=O)C3(C4=C(C=CC=C4)CCC3)NC2=O)=O)C=CC(Br)=C1,0.002989800658542663
COC1=C(CN2C(=O)C3(C4=C(C=CC=C4)CCC3)NC2=O)C=CC=C1,0.0030894440016709266
COC1=CC=C(N2CCN(C(CN3C(=O)C4(C5=C(C=CC=C5)CCC4)NC3=O)=O)CC2)C=C1,0.0023828122997656465
COCCCN1C(C)=C(C(CN2C(=O)C3(C4=C(C=CC=C4)CCC3)NC2=O)=O)C=C1C,0.004240893060341477
NC(CN1C(=O)C2(C3=C(C=CC=C3)CCC2)NC1=O)=O,0.0020714160113129766
ClC1=CC(Cl)=C(CN2C(=O)C3(C4=C(C=CC=C4)CCC3)NC2=O)C=C1,0.0028042938269209118
FC1=C(CN2C(=O)C3(C4=C(C=CC=C4)CCC3)NC2=O)C(Cl)=CC=C1,0.0024765841488260778
O=N(C1=CC(CN2C(=O)C3(C4=C(C=CC=C4)CCC3)NC2=O)=CC=C1)=O,0.0019108963257167487
O=C(N1CCOCC1)CN1C(=O)C2(C3=C(C=CC=C3)CCC2)NC1=O,0.002433779090642929
FC(OC1=CC=C(NC(CN2C(=O)C3(C4=C(C=CC=C4)CCC3)NC2=O)=O)C=C1)(F)F,0.001763459772337228
CC1=C(C)C=C(NC(CN2C(=O)C3(C4=C(C=CC=C4)CCC3)NC2=O)=O)C=C1,0.0027176568983122706
CC1=C(NC(CN2C(=O)C3(C4=C(C=CC=C4)CCC3)NC2=O)=O)C=C(Cl)C=C1,0.0022558548662345856
ClC1=CC(NC(CN2C(=O)C3(C4=C(C=CC=C4)CCC3)NC2=O)=O)=CC(Cl)=C1,0.002279872092185542
ClC1=C(NC(CN2C(=O)C3(C4=C(C=CC=C4)CCC3)NC2=O)=O)C=C(S(N2CCCCC2)(=O)=O)C=C1,0.0017755709879565984
CC1=CC(NC(CN2C(=O)C3(C4=C(C=CC=C4)CCC3)NC2=O)=O)=CC(C)=C1,0.00273599045467563
CC1=C(S(N2CCOCC2)(=O)=O)C=C(NC(CN2C(=O)C3(C4=C(C=CC=C4)CCC3)NC2=O)=O)C=C1,0.0017558770021423697
O=C(NC1CCCC1)CN1C(=O)C2(C3=C(C=CC=C3)CCC2)NC1=O,0.0029220264870673416
NC(C1=CC=C(NC(CN2C(=O)C3(C4=C(C=CC=C4)CCC3)NC2=O)=O)C=C1)=O,0.002494709723396227
ClC1=C(Cl)C(NC(CN2C(=O)C3(C4=C(C=CC=C4)CCC3)NC2=O)=O)=CC=C1,0.0024355854955501856
CC1=CC(C)=C(NC(CN2C(=O)C3(C4=C(C=CC=C4)CCC3)NC2=O)=O)C(C)=C1,0.003030433692038059
FC(C1=C(NC(CN2C(=O)C3(C4=C(C=CC=C4)CCC3)NC2=O)=O)C=CC=C1)(F)F,0.0021008888783399017
O=N(C1=CC(NC(CN2C(=O)C3(C4=C(C=CC=C4)CCC3)NC2=O)=O)=CC=C1)=O,0.0016197945136809722
CC1=CC(OC2=CC=C(NC(CN3C(=O)C4(C5=C(C=CC=C5)CCC4)NC3=O)=O)C=C2)=CC=C1,0.0024151368415914476
CN(C(C1=CC=C(NC(CN2C(=O)C3(C4=C(C=CC=C4)CCC3)NC2=O)=O)C=C1)=O)C,0.0026456041261553763
CCN(C(C1=CC=C(NC(CN2C(=O)C3(C4=C(C=CC=C4)CCC3)NC2=O)=O)C=C1)=O)CC,0.0029086978756822646
O=C(NC1=CC=C(OC2=CC=CC=C2)C=C1)CN1C(=O)C2(C3=C(C=CC=C3)CCC2)NC1=O,0.0024281839723698795
COC1=CC=C(NC(C2=CC=C(NC(CN3C(=O)C4(C5=C(C=CC=C5)CCC4)NC3=O)=O)C=C2)=O)C=C1,0.002692424552515149
FC(C1=CC(CN2C(=O)C3(C4=C(C=CC=C4)CCC3)NC2=O)=CC=C1)(F)F,0.0024823744664900006
ClC1SC(C(CN2C(=O)C3(C4=C(C=CC=C4)CCC3)NC2=O)=O)=CC=1,0.003472763276658952
COC1=CC(C(CN2C(=O)C3(C4=C(C=CC=C4)CCC3)NC2=O)=O)=C(OC)C=C1,0.00462262132205069
CC1N(C2=CC(F)=CC=C2)C(C)=C(C(CN2C(=O)C3(C4=C(C=CC=C4)CCC3)NC2=O)=O)C=1,0.003598389762919396
FC(OC1=C(NC(COC2=C3C(N(C4=CC=CC=C4)N=C3)=NC=N2)=O)C=CC=C1)F,0.004460029047913849
ClC1=CC=C(S(N2CCN(C(COC3=C4C(N(C5=CC=CC=C5)N=C4)=NC=N3)=O)CC2)(=O)=O)C=C1,0.004743341368157417
CCOC(C1=CC(C(OCC)=O)=CC(NC(COC2=C3C(N(C4=CC=CC=C4)N=C3)=NC=N2)=O)=C1)=O,0.00643867002800107
CC1N(C2=CC3=C(OCO3)C=C2)C(C)=C(C(COC2=C3C(N(C4=CC=CC=C4)N=C3)=NC=N2)=O)C=1,0.01062234565615654
CC1N(C)N(C2=CC=CC=C2)C(=O)C=1NC(COC1=C2C(N(C3=CC=CC=C3)N=C2)=NC=N1)=O,0.006430969946086407
O=C(NC1=CC=C(N=NC2=CC=CC=C2)C=C1)COC1=C2C(N(C3=CC=CC=C3)N=C2)=NC=N1,0.004293773649260401
CCOC1=CC=C(NC(C2=CC=C(NC(COC(CNC(COC3=CC=CC=C3)=O)=O)=O)C=C2)=O)C=C1,0.007413810095749795
CC(C(N(CC1=CC=CC=C1)C)=O)OC(CNC(COC1=CC=CC=C1)=O)=O,0.01085503464564681
CC(C(NC1=CC(C)=CC=C1)=O)OC(CNC(COC1=CC=CC=C1)=O)=O,0.00858651720918715
CCCOC1=CC=C(OCCOC(CNC(COC2=CC=CC=C2)=O)=O)C=C1,0.008720313990488648
COC1=C(Cl)C=C(NC(COC(CNC(COC2=CC=CC=C2)=O)=O)=O)C=C1,0.007055928464978933
CCOC(C1=C(NC(COC(CNC(COC2=CC=CC=C2)=O)=O)=O)C=CC=C1)=O,0.008140012412331999
O=C(NCC(OCC(NC1=CC=C(OC2=CC=CC=C2)C=C1)=O)=O)COC1=CC=CC=C1,0.007141027646139264
CCC1=C(NC(COC(CSCC2=CC=CC=C2)=O)=O)C(C)=CC=C1,0.007952275965362788
CCOC(C1C(C)=C(C(CSC2N(C(C3C4CC(CC4)C3)C)C(COC3=C(F)C=CC=C3)=NN=2)=O)NC=1C)=O,0.006912280339747667
CC(N1C(SCC(NC2SC=C(C3=CC(Cl)=C(Cl)C=C3)N=2)=O)=NN=C1COC1=C(F)C=CC=C1)C1C2CC(CC2)C1,0.005383631214499474
CC(N1C(SCCOC2=CC(Br)=CC=C2)=NN=C1COC1=C(F)C=CC=C1)C1C2CC(CC2)C1,0.00996446143835783
CC(N1C(SCCOC2=CC(Cl)=CC=C2)=NN=C1COC1=C(F)C=CC=C1)C1C2CC(CC2)C1,0.008556613768450915
CC(N1C(SCC(C2C3=C(C=CC=C3)N(C)C=2C2=CC=CC=C2)=O)=NN=C1COC1=C(F)C=CC=C1)C1C2CC(CC2)C1,0.009593289205804467
CC(N1C(SCC(NC2=CC=C(OC(F)F)C=C2)=O)=NN=C1COC1=C(F)C=CC=C1)C1C2CC(CC2)C1,0.005141805554740131
COC(C1C2=C(CCCCC2)SC=1NC(CSC1N(C(C2C3CC(CC3)C2)C)C(COC2=C(F)C=CC=C2)=NN=1)=O)=O,0.005821440415456891
CC(N1C(SCCOC2=CC=C(Br)C=C2)=NN=C1COC1=C(F)C=CC=C1)C1C2CC(CC2)C1,0.010080550517886876
CC(N1C(SCC(N(C2=C(F)C=CC=C2)CCC#N)=O)=NN=C1COC1=C(F)C=CC=C1)C1C2CC(CC2)C1,0.005045910022454336
CNC(NC(CSC1N(C(C2C3CC(CC3)C2)C)C(COC2=C(F)C=CC=C2)=NN=1)=O)=O,0.002592697401996702
CC(N1C(SCC(C2NC=CC=2)=O)=NN=C1COC1=C(F)C=CC=C1)C1C2CC(CC2)C1,0.008673139056190849
CC(N1C(SCC(N(C2CS(=O)(=O)CC2)C)=O)=NN=C1COC1=C(F)C=CC=C1)C1C2CC(CC2)C1,0.007016197615303099
CCN(C(CSC1N(C(C2C3CC(CC3)C2)C)C(COC2=C(F)C=CC=C2)=NN=1)=O)C1CS(=O)(=O)CC1,0.006667006039060652
CCNC(NC(C(SC1N(C(C2C3CC(CC3)C2)C)C(COC2=C(F)C=CC=C2)=NN=1)C)=O)=O,0.0027243062388151882
CC(N1C(SCC(NC2=CC=C(Br)C=C2)=O)=NN=C1COC1=C(F)C=CC=C1)C1C2CC(CC2)C1,0.007649143412709236
CC(N1C(SCC(N(C2=CC=CC=C2)C)=O)=NN=C1COC1=C(F)C=CC=C1)C1C2CC(CC2)C1,0.008856248389929534
CC(N1C(SCCC#N)=NN=C1COC1=C(F)C=CC=C1)C1C2CC(CC2)C1,0.007410483696730807
CC(NC(CSC1N(C(C2C3CC(CC3)C2)C)C(COC2=C(F)C=CC=C2)=NN=1)=O)CCC1=CC=CC=C1,0.008238548645749688
CC(N1C(SCC(NC2=C(Cl)C=C(Cl)C=C2Cl)=O)=NN=C1COC1=C(F)C=CC=C1)C1C2CC(CC2)C1,0.007030993071384728
CC(N1C(SCC(N2C3=C(C=CC=C3)CC2C)=O)=NN=C1COC1=C(F)C=CC=C1)C1C2CC(CC2)C1,0.008914238307625055
CC(N1C(SCC(NC2=CC(C)=CC(C)=C2)=O)=NN=C1COC1=C(F)C=CC=C1)C1C2CC(CC2)C1,0.007939841202460229
CCOC(C1CCN(C(CSC2N(C(C3C4CC(CC4)C3)C)C(COC3=C(F)C=CC=C3)=NN=2)=O)CC1)=O,0.006482316227629781
COC1=CC(N(=O)=O)=C(NC(CSC2N(C(C3C4CC(CC4)C3)C)C(COC3=C(F)C=CC=C3)=NN=2)=O)C=C1,0.004957517073489725
CC(N1C(SCC(C2C(=O)N(C)C(=O)N(C)C=2N)=O)=NN=C1COC1=C(F)C=CC=C1)C1C2CC(CC2)C1,0.006042043678462505
CC(N1C(SCC(N(CC2=CC=CC=C2)CC2=CC=CC=C2)=O)=NN=C1COC1=C(F)C=CC=C1)C1C2CC(CC2)C1,0.008108318597078324
CC(N1C(SCC(C2SC(Cl)=CC=2)=O)=NN=C1COC1=C(F)C=CC=C1)C1C2CC(CC2)C1,0.01124194860458374
CC1=CC=C(S(CCC(OCC(NCCC2=CC=C(F)C=C2)=O)=O)(=O)=O)C=C1,0.006374448072165251
CC1=CC=C(S(CCC(OCC(NC2=C(I)C=C(I)C=C2I)=O)=O)(=O)=O)C=C1,0.008953810669481754
CC1=CC=C(S(CCC(OCC(NC2=C(I)C=CC=C2)=O)=O)(=O)=O)C=C1,0.008328693639487027
CC1=CC=C(S(CCC(OCC(NC2=C(C)C=C(Cl)C=C2)=O)=O)(=O)=O)C=C1,0.006538796937093139
CC1=CC=C(S(CCC(OCC(NC2=C(C)C=CC(F)=C2)=O)=O)(=O)=O)C=C1,0.0065125989029183986
COC1=C(NC(COC(CCS(C2=CC=C(C)C=C2)(=O)=O)=O)=O)C=C2OC3=C(C2=C1)C=CC=C3,0.00601872056722641
CC1=CC=C(S(CCC(OCC(C2=C(C)C=C(C)C(C)=C2)=O)=O)(=O)=O)C=C1,0.014382382296025753
CC1ON=C(NC(COC(CCS(C2=CC=C(C)C=C2)(=O)=O)=O)=O)C=1,0.0065440232399851085
CC1=CC=C(S(CCC(OCC(NC(NC(C)(C)C)=O)=O)=O)(=O)=O)C=C1,0.002666344842873514
CC1=CC=C(S(CCC(OCCOC2=CC(Br)=CC=C2)=O)(=O)=O)C=C1,0.009926336584612727
CN(C(COC(CCS(C1=CC=C(C)C=C1)(=O)=O)=O)=O)CC(NC1=CC=C(C)C=C1)=O,0.008055860386230051
CC1=CC=C(S(CCC(OCC(N(C2=CC=CC=C2)C2CCCCC2)=O)=O)(=O)=O)C=C1,0.009671405982226133
CC1=CC=C(S(CCC(OCC(NC2=C(C3=CC=CC=C3)C=CC=C2)=O)=O)(=O)=O)C=C1,0.007076944247819484
CC1=CC=C(S(CCC(OCC(NCCC2=C(Cl)C=C(Cl)C=C2)=O)=O)(=O)=O)C=C1,0.00667738860938698
CN1C2=C(C=CC=C2)C(C)(C)C1=CC(COC(CCS(C1=CC=C(C)C=C1)(=O)=O)=O)=O,0.011592258838936687
CCOC(C1C2=C(CCCC2)SC=1NC(COC(CCS(C1=CC=C(C)C=C1)(=O)=O)=O)=O)=O,0.007395085762254894
COC1=CC=C(C2N=C(NC(COC(CCS(C3=CC=C(C)C=C3)(=O)=O)=O)=O)SC=2)C=C1,0.005756550864316523
CCOC1=C(NC(COC(CCS(C2=CC=C(C)C=C2)(=O)=O)=O)=O)C=C(OCC)C(N2CCOCC2)=C1,0.006613111076876521
CC1=CC=C(S(CCC(OCC(NCCC2=CC=C(S(N)(=O)=O)C=C2)=O)=O)(=O)=O)C=C1,0.0060323891695588825
COC1=C(NC(COC(CCS(C2=CC=C(C)C=C2)(=O)=O)=O)=O)C=C(S(N2CCOCC2)(=O)=O)C=C1,0.004917675943579525
CC1=CC=C(S(CCC(OCC(N2CCN(S(C3=C(C)C=C(C)C=C3)(=O)=O)CC2)=O)=O)(=O)=O)C=C1,0.0057199293514713645
CC1=CC=C(S(CCC(OCC(N(C2=CC=C(F)C=C2)CCC#N)=O)=O)(=O)=O)C=C1,0.005154425759974402
CC1=CC=C(N(C(COC(CCS(C2=CC=C(C)C=C2)(=O)=O)=O)=O)CCC#N)C=C1,0.00591209993508528
COC(C1CCN(C(COC(CCS(C2=CC=C(C)C=C2)(=O)=O)=O)=O)CC1)=O,0.009333532373420893
CC1=CC=C(S(CCC(OCC(N2CCN(S(C3=CC=C(C)C=C3)(=O)=O)CC2)=O)=O)(=O)=O)C=C1,0.005708953202702105
CC1=CC=C(S(CCC(OCC(N2CCN(S(C3=CC=CC=C3)(=O)=O)CC2)=O)=O)(=O)=O)C=C1,0.005647488520480692
CC1=CC=C(S(CCC(OCC(N2CCN(S(C3=CC=C(Cl)C=C3)(=O)=O)CC2)=O)=O)(=O)=O)C=C1,0.004981409653555602
COCCN1C(C)=C(C(COC(CCS(C2=CC=C(C)C=C2)(=O)=O)=O)=O)C=C1C,0.012523881113156676
CC1=CC=C(S(CCC(OCC(C2=C(C)C=CC(C)=C2)=O)=O)(=O)=O)C=C1,0.013998334854841232
CC1N(C2=CC=C(Br)C=C2)C(C)=C(C(COC(CCS(C2=CC=C(C)C=C2)(=O)=O)=O)=O)C=1,0.011280746990814805
CC1=CC=C(S(CCC(OCC(N2CCN(C3=CC=CC=C3)CC2)=O)=O)(=O)=O)C=C1,0.007144371769391001
CC(N)=C(C(COC(CCS(C1=CC=C(C)C=C1)(=O)=O)=O)=O)C#N,0.01031752973794937
CC1=CC=C(S(CCC(OCC(C2=CC3=C(OCCO3)C=C2)=O)=O)(=O)=O)C=C1,0.012479428527876734
CC1=CC=C(S(CCC(OCC(NC2=C(C(N)=O)C3=C(CCCC3)S2)=O)=O)(=O)=O)C=C1,0.006456478103064001
CC1=CC=C(S(CCC(OCC(NC2=C(C#N)C=CS2)=O)=O)(=O)=O)C=C1,0.004323969327379018
CC1=CC=C(S(CCC(OCC(C2C3=C(C=CC=C3)NC=2)=O)=O)(=O)=O)C=C1,0.006324304733425379
CC1=CC=C(S(CCC(OCCOC2=CC=C(Br)C=C2)=O)(=O)=O)C=C1,0.010069182235747575
CCC(NC(COC(CCS(C1=CC=C(C)C=C1)(=O)=O)=O)=O)C,0.008315766649320721
CC(CCNC(COC(CCS(C1=CC=C(C)C=C1)(=O)=O)=O)=O)C,0.008997354423627257
CC1=CC=C(S(CCC(OCC(NCC=C)=O)=O)(=O)=O)C=C1,0.0065192797686904665
COC(C1=CC=C(N2C(C)=C(C(COC(CCS(C3=CC=C(C)C=C3)(=O)=O)=O)=O)C=C2C)C=C1)=O,0.010842979792505503
CC1N(CC2SC=CC=2)C(C)=C(C(COC(CCS(C2=CC=C(C)C=C2)(=O)=O)=O)=O)C=1,0.010492908116430045
CC1=CC=C(S(CCC(OCC(NC2CS(=O)(=O)CC2)=O)=O)(=O)=O)C=C1,0.008637388981878758
CCOC(N1CCN(C(COC(CCS(C2=CC=C(C)C=C2)(=O)=O)=O)=O)CC1)=O,0.008039042842574418
CCCNC(COC(CCS(C1=CC=C(C)C=C1)(=O)=O)=O)=O,0.007241972093470395
CC(N(C(COC(CCS(C1=CC=C(C)C=C1)(=O)=O)=O)=O)CC1=CC=CC=C1)C,0.011137359216809273
CC1=CC=C(CNC(COC(CCS(C2=CC=C(C)C=C2)(=O)=O)=O)=O)C=C1,0.008559093857184053
CCOC1=C(OCC)C=C(CCNC(COC(CCS(C2=CC=C(C)C=C2)(=O)=O)=O)=O)C=C1,0.008262995746918023
COC1=CC2=C(C(=CC(O2)=O)COC(CCS(C2=CC=C(C)C=C2)(=O)=O)=O)C=C1,0.008430933998897671
CC1N(C)C(C)=C(C(COC(CCS(C2=CC=C(C)C=C2)(=O)=O)=O)=O)C=1,0.014048298122361302
CC(CN1C(=O)N(C)C(=O)C(C(COC(CCS(C2=CC=C(C)C=C2)(=O)=O)=O)=O)=C1N)C,0.008247761847451329
CC1=CC=C(S(CCC(OCC(N2C(=O)CCC2)=O)=O)(=O)=O)C=C1,0.003175188379827887
CC1=CC=C(S(CCC(OCC(NC(NC2CCCC2)=O)=O)=O)(=O)=O)C=C1,0.002884463488589972
COC(C1OC(COC(CCS(C2=CC=C(C)C=C2)(=O)=O)=O)=CC=1)=O,0.009840669808909297
CC(C(C1=CC=C(C)C=C1)=O)OC(CCS(C1=CC=C(C)C=C1)(=O)=O)=O,0.01420720904134214
CC1=CC=C(S(CCC(OCC2C3=C(C=C(C=C3)O)OC(=O)C=2)=O)(=O)=O)C=C1,0.004790796781890094
CC(C(N(C1=CC=CC=C1)C)=O)OC(CCS(C1=CC=C(C)C=C1)(=O)=O)=O,0.010177924763411283
COC1=CC(OC)=C(C(COC(CCS(C2=CC=C(C)C=C2)(=O)=O)=O)=O)C=C1,0.012493521254509688
CCOC(C1=C(NC(COC(CCS(C2=CC=C(C)C=C2)(=O)=O)=O)=O)C=C(C2=CC=CC=C2)S1)=O,0.00602560699917376
CC1=CC=C(S(CCC(OCC2=NC(NC3=C(C)C=CC=C3)=NC(N)=N2)=O)(=O)=O)C=C1,0.005469043739140034
CCCNC(NC(COC(CCS(C1=CC=C(C)C=C1)(=O)=O)=O)=O)=O,0.0021575565508101134
CC(C(N1C2=C(C=CC=C2)CC1)=O)OC(CCS(C1=CC=C(C)C=C1)(=O)=O)=O,0.009808971872553229
CC(C(NC1C(C)CCCC1)=O)OC(CCS(C1=CC=C(C)C=C1)(=O)=O)=O,0.010691790655255318
CC1=CC=C(S(CCC(OCC(N2C(C)(C)C(=O)NC3=C2C=CC=C3)=O)=O)(=O)=O)C=C1,0.007543217553757131
COC1=CC=C(C2CC(C3OC=CC=3)N(C(COC(CCS(C3=CC=C(C)C=C3)(=O)=O)=O)=O)N=2)C=C1,0.007803785102441907
CCCN1C(=O)NC(=O)C(C(COC(CCS(C2=CC=C(C)C=C2)(=O)=O)=O)=O)=C1N,0.004590706340968609
CC1=CC=C(S(CCC(OCCCN2C3=C(C=CC=C3)NC2=O)=O)(=O)=O)C=C1,0.0035842723795212806
CC(C(NC1=C(C)C=CC=C1)=O)OC(CCS(C1=CC=C(C)C=C1)(=O)=O)=O,0.008028720994479955
CN(C(COC(CCS(C1=CC=C(C)C=C1)(=O)=O)=O)=O)CC(NC1=C(Cl)C=CC=C1)=O,0.0072432661196216944
CC(C1NC(=O)C2=C(SC(=C2C)C)N=1)OC(CCS(C1=CC=C(C)C=C1)(=O)=O)=O,0.004918622644618153
COC1=CC=C(N2CCN(C(COC(CCS(C3=CC=C(C)C=C3)(=O)=O)=O)=O)CC2)C=C1,0.006818643631413579
CN(C1=CC=CC=C1)C(COC(CCS(C1=CC=C(C)C=C1)(=O)=O)=O)=O,0.009822958568111061
CC1=CC=C(S(CCC(OCC(C2=CC=C(F)C=C2)=O)=O)(=O)=O)C=C1,0.011695039970800281
CN(C(COC(CCS(C1=CC=C(C)C=C1)(=O)=O)=O)=O)CC1=CC=CC=C1,0.010603246930986642
CC1=CC=C(S(CCC(OCC(NC2=CC=C(OC(F)(F)F)C=C2)=O)=O)(=O)=O)C=C1,0.004348713613580912
CC1=CC=C(S(CCC(OCC(NC2=CC(C)=C(C)C=C2)=O)=O)(=O)=O)C=C1,0.00784094501286745
CC1=CC=C(S(CCC(OCC(NC2=C(C#N)C=CC=C2)=O)=O)(=O)=O)C=C1,0.005581125908065587
COC1=C(NC(COC(CCS(C2=CC=C(C)C=C2)(=O)=O)=O)=O)C=C(C)C(Cl)=C1,0.006552229146473109
CC1=CC=C(S(CCC(OCC(N2CCN(C(C3OC=CC=3)=O)CC2)=O)=O)(=O)=O)C=C1,0.007806645636446774
CC1=CC=C(S(CCC(OCC(NC2=CC(S(N3CCCCC3)(=O)=O)=CC=C2)=O)=O)(=O)=O)C=C1,0.004287166520953178
CC1=CC=C(S(CCC(OCC(NC2=C(N3CCOCC3)C=CC(C(F)(F)F)=C2)=O)=O)(=O)=O)C=C1,0.004753430862911046
CC1=CC=C(S(CCC(OCC(N2C3=C(C=CC=C3)CC2)=O)=O)(=O)=O)C=C1,0.008964020106941462
CCN1C2=C(C=C(C=C2)NC(COC(CCS(C2=CC=C(C)C=C2)(=O)=O)=O)=O)C2=C1C=CC=C2,0.006343571399338543
CC1=CC=C(S(CCC(OCC(NC2=CC(S(N3CCOCC3)(=O)=O)=C(C)C=C2)=O)=O)(=O)=O)C=C1,0.004651913139969111
CC1=CC=C(S(CCC(OCC(NC2=CC=CC=C2)=O)=O)(=O)=O)C=C1,0.007112194388173521
CC1=CC=C(S(CCC(OCC(NC2=C(Cl)C=CC(S(N3CCOCC3)(=O)=O)=C2)=O)=O)(=O)=O)C=C1,0.0044828808051533995
CC1=CC=C(S(CCC(OCC(NCC(NC2=C(C)C(C)=CC=C2)=O)=O)=O)(=O)=O)C=C1,0.007121442467905581
CC(C1=C(NC(COC(CCS(C2=CC=C(C)C=C2)(=O)=O)=O)=O)C=CC=C1)C,0.008572283247485758
CC1=CC=C(S(CCC(OCC(NC2=C(C)C=CC(C)=C2)=O)=O)(=O)=O)C=C1,0.007876847125589847
COC1=C(NC(COC(CCS(C2=CC=C(C)C=C2)(=O)=O)=O)=O)C=CC=C1,0.007329420326277614
CCC(C1=C(NC(COC(CCS(C2=CC=C(C)C=C2)(=O)=O)=O)=O)C=CC=C1)C,0.008387686149217189
CC1=CC=C(S(CCC(OCC(NCCCC2=CC=CC=C2)=O)=O)(=O)=O)C=C1,0.007482284726575017
COC(C1=C(NC(COC(CCS(C2=CC=C(C)C=C2)(=O)=O)=O)=O)C=CC=C1)=O,0.008494410221464932
CC1=CC=C(S(CCC(OCC(NC2=C(C(F)(F)F)C=CC=C2)=O)=O)(=O)=O)C=C1,0.005507341027259827
CC1=CC=C(S(CCC(OCC(NC2=C(C#N)C=C(N(=O)=O)C=C2)=O)=O)(=O)=O)C=C1,0.003853757691103965
CC1=CC=C(S(CCC(OCC(NC2=C(Cl)C=C(C(F)(F)F)C=N2)=O)=O)(=O)=O)C=C1,0.004688733955845237
CC1=CC=C(S(CCC(OCC(NC2=C(F)C=CC(N(=O)=O)=C2)=O)=O)(=O)=O)C=C1,0.00461002424126491
COC1=C(NC(COC(CCS(C2=CC=C(C)C=C2)(=O)=O)=O)=O)C=CC(N(=O)=O)=C1,0.0052260457421652974
CC1=CC=C(S(CCC(OCC(N2C3CC(CC(C3)(C)C2)(C)C)=O)=O)(=O)=O)C=C1,0.011786568025127054
CC1=CC=C(S(CCC(OCC(C2=CC3=C(OCC(N3)=O)C=C2)=O)=O)(=O)=O)C=C1,0.009567414317280054
CC1=CC=C(S(CCC(OCC(NC2=C(C(NC3CC3)=O)C=CC=C2)=O)=O)(=O)=O)C=C1,0.007023751456290484
CC1C(=O)N(CC2=C(Cl)N=C3C(C=CC(=C3)C)=C2)C(=O)N1C1=CC=C(C)C=C1,0.0026446167554240673
CC1C(=O)N(CCOC2=C(Cl)C=CC=C2)C(=O)N1C1=CC=C(C)C=C1,0.0025869597855489703
CC1C(=O)N(CCOC2=CC=C(C)C=C2)C(=O)N1C1=CC=C(C)C=C1,0.003099858376663178
CC1C(=O)N(CC(NC2=C(C)C(N(=O)=O)=CC=C2)=O)C(=O)N1C1=CC=C(C)C=C1,0.0019143029232509435
CC1C(=O)N(CC(NC2=CC(S(N)(=O)=O)=CC=C2)=O)C(=O)N1C1=CC=C(C)C=C1,0.0017255016893614084
CC1C(=O)N(CC(N2CCN(S(C3=CC4=C(C=CC=C4)C=C3)(=O)=O)CC2)=O)C(=O)N1C1=CC=C(C)C=C1,0.0017495175125077367
CC1C(=O)N(CC(NC2=C(Cl)C=C(C)C=C2C)=O)C(=O)N1C1=CC=C(C)C=C1,0.002326522913062945
CC1C(=O)N(CC(C2C3=C(C=CC=C3)NC=2C)=O)C(=O)N1C1=CC=C(C)C=C1,0.0026698517613112926
CCOC(C1=C(NC(CN2C(=O)N(C3=CC=C(C)C=C3)C(C)C2=O)=O)SC(C2=CC=CC=C2)=C1)=O,0.002357919747009873
CC1C(=O)N(CC2=C(C)ON=C2C)C(=O)N1C1=CC=C(C)C=C1,0.002502252859994769
CC1C(=O)N(CC(NC(NCC2OC=CC=2)=O)=O)C(=O)N1C1=CC=C(C)C=C1,0.0021617640275508167
CC1C(=O)N(CC2=CC(Cl)=C(Cl)C=C2)C(=O)N1C1=CC=C(C)C=C1,0.0027293072664178906
COC1=C(OC)C=C(CN2C(=O)N(C3=CC=C(C)C=C3)C(C)C2=O)C(C)=C1,0.0036437663249671457
CC1C(=O)N(CC(NC2=C(C)C(C)=CC=C2)=O)C(=O)N1C1=CC=C(C)C=C1,0.0023471753636840733
CC1C(=O)N(CC(NC2=C(C)C=CC(Cl)=C2)=O)C(=O)N1C1=CC=C(C)C=C1,0.002001499489415437
CC1C(=O)N(CC(NC2=CC(F)=C(F)C=C2)=O)C(=O)N1C1=CC=C(C)C=C1,0.0020086724776774644
CC1C(=O)N(CC(N2CC3=C(C=CC=C3)CC2)=O)C(=O)N1C1=CC=C(C)C=C1,0.0030059700715355576
CC1C(=O)N(CC(NC2=C(Cl)C=C(Cl)C(Cl)=C2)=O)C(=O)N1C1=CC=C(C)C=C1,0.002515380294062197
CC1C(=O)N(CC(NC2=CC(Cl)=CC=C2)=O)C(=O)N1C1=CC=C(C)C=C1,0.001784484667587094
CC1C(=O)N(CC(NCCCC2=CC=CC=C2)=O)C(=O)N1C1=CC=C(C)C=C1,0.0022374888765625657
CC1C(=O)N(CC(NC2=C(N(=O)=O)C=C(C)C=C2)=O)C(=O)N1C1=CC=C(C)C=C1,0.0019453406741376967
COC(CN1C(=O)N(CC2=CC=CC=C2)C(N)=C(C(COC(CCS(C2=CC=CC=C2)(=O)=O)=O)=O)C1=O)=O,0.007204614672809839
CC1ON=C(NC(COC(CCS(C2=CC=CC=C2)(=O)=O)=O)=O)C=1,0.006397867389023304
COC1=CC(C2N=C(COC(CCS(C3=CC=CC=C3)(=O)=O)=O)ON=2)=CC=C1,0.008107870118692517
ClC1=CC=C(S(N2CCN(C(COC(CCS(C3=CC=CC=C3)(=O)=O)=O)=O)CC2)(=O)=O)C=C1,0.005126565089449286
CC1N(C2=CC=C(OC(F)F)C=C2)C(C)=C(C(COC(CCS(C2=CC=CC=C2)(=O)=O)=O)=O)C=1,0.0077621402684599165
CC1=C(C(COC(CCS(C2=CC=CC=C2)(=O)=O)=O)=O)C2=C(C=CC=C2)N1,0.0067517456598579885
CC(N)=C(C(COC(CCS(C1=CC=CC=C1)(=O)=O)=O)=O)C#N,0.010287205502390862
CC(N(C(COC(CCS(C1=CC=CC=C1)(=O)=O)=O)=O)CC1=CC=CC=C1)(C)C,0.010845444723963737
CC1N(CCC2CCCCC=2)C(C)=C(C(COC(CCS(C2=CC=CC=C2)(=O)=O)=O)=O)C=1,0.01354717747308314
O=N(C1=CC=C(C(NNC(COC(CCS(C2=CC=CC=C2)(=O)=O)=O)=O)=O)C=C1)=O,0.002377934753894806
CC(C(C1=CC=C(C)C=C1)=O)OC(CCS(C1=CC=CC=C1)(=O)=O)=O,0.013684139400720597
CC(C(NC1CCCC1)=O)OC(CCS(C1=CC=CC=C1)(=O)=O)=O,0.00924808755517006
O=C(NC(C1OC2=C(C=CC=C2)OC1)=O)COC(CCS(C1=CC=CC=C1)(=O)=O)=O,0.003863631677813828
CC1=C(NC(CC2SC=C(COC(CCS(C3=CC=CC=C3)(=O)=O)=O)N=2)=O)C=CC=C1,0.005947263794951141
ClC1=C(CN2C(=NC(COC(CCS(C3=CC=CC=C3)(=O)=O)=O)=O)SC=C2)C=CC=C1,0.007054348872043192
ClC1=CC=C(C(COC(CCS(C2=CC=CC=C2)(=O)=O)=O)=O)C=C1,0.012055568257346749
CC(C1=CC(NC(COC(CCS(C2=CC=CC=C2)(=O)=O)=O)=O)=CC=C1)=O,0.010822397936135531
O=C(NC1=C(C#N)C=CC=C1)COC(CCS(C1=CC=CC=C1)(=O)=O)=O,0.005308001511730253
ClC1=CC(NC(COC(CCS(C2=CC=CC=C2)(=O)=O)=O)=O)=C(C#N)C=C1,0.004577355203218758
O=C(NC1=CC=C(N2CCOCC2)C=C1)COC(CCS(C1=CC=CC=C1)(=O)=O)=O,0.0061949538765475156
ClC1=C(NC(COC(CCS(C2=CC=CC=C2)(=O)=O)=O)=O)C=C(S(N2CCCCC2)(=O)=O)C=C1,0.004116977658122778
O=C(NC1=CC=CC=C1)COC(CCS(C1=CC=CC=C1)(=O)=O)=O,0.00685426436830312
CC1=C(N(=O)=O)C=C(NC(COC(CCS(C2=CC=CC=C2)(=O)=O)=O)=O)C=C1,0.006223854026757181
CN1C(=O)N(C)C(=O)C(C(COC(CCS(C2=CC=CC=C2)(=O)=O)=O)=O)=C1N,0.00826059067621827
O=C(OCC(N1N=C(C2=CC=CC=C2)CC1)=O)CCS(C1=CC=CC=C1)(=O)=O,0.00852657756768167
CCCC1N(CC(NCC2OC=CC=2)=O)C2=C(C=CC=C2)N=1,0.005684883485082537
CCCC1N(CC(NC2=C(OC3=CC=CC=C3)C=CC=C2)=O)C2=C(C=CC=C2)N=1,0.005715743300970644
CCCC1N(CC(NC2=CC=CC=C2)=O)C2=C(C=CC=C2)N=1,0.004551635577809065
CCCC1N(CC(NC2=CC=C(F)C=C2)=O)C2=C(C=CC=C2)N=1,0.003718968480825424
CCCC1N(CC(NC2=CC(Cl)=CC=C2)=O)C2=C(C=CC=C2)N=1,0.003901281440630555
CCN(S(C1=CC=C(C(NCC(OCC(NCC2=CC3=C(OCO3)C=C2)=O)=O)=O)C=C1)(=O)=O)CC,0.006024273787625134
COCCN1C(=O)C2=C(SC3=C2CCCC3)N=C1SC(C1=CC=CC=C1)C(NC1=C(OC)C=CC(C)=C1)=O,0.005909769795835018
COCCN1C(=O)C2=C(SC3=C2CCCC3)N=C1SC(C1=CC=CC=C1)C(C1C2=C(C=CC=C2)NC=1)=O,0.0069332878105342385
COCCN1C(=O)C2=C(SC3=C2CCCC3)N=C1SCC(NC(NC(C)C)=O)=O,0.002359472698299214
COCCN1C(=O)C2=C(SC3=C2CCCC3)N=C1SCCOC1=CC=CC=C1,0.008803725568577647
COCCN1C(=O)C2=C(SC3=C2CCCC3)N=C1SCC(NC1=CC=C(OC(F)F)C=C1)=O,0.0047862451989203695
COCCN1C(=O)C2=C(SC3=C2CCCC3)N=C1SCC(NC1=C(OC(F)F)C=CC=C1)=O,0.004861017619259655
COCCN1C(=O)C2=C(SC3=C2CCCC3)N=C1SCC(NC1=CC=C(S(N)(=O)=O)C=C1)=O,0.005496514798142016
COCCN1C(=O)C2=C(SC3=C2CCCC3)N=C1SCC1=C(F)C=C(Br)C=C1,0.009393032547086478
COCCN1C(=O)C2=C(SC3=C2CCCC3)N=C1SCC(N(C1CCCCC1)C1CCCCC1)=O,0.011018234631046652
COCCN1C(=O)C2=C(SC3=C2CCCC3)N=C1SCC(NC(C)(C)C)=O,0.00807915001641959
COCCN1C(=O)C2=C(SC3=C2CCCC3)N=C1SCC1=C(C)ON=C1C,0.010650134924799205
CCOC(C1=C(NC(CSC2N(CCOC)C(=O)C3=C(SC4=C3CCCC4)N=2)=O)SC=C1CC(C)C)=O,0.007359180296771228
COCCN(C1C(=O)NC(=O)N(CC2=CC=CC=C2)C=1N)C(CSC1N(CCOC)C(=O)C2=C(SC3=C2CCCC3)N=1)=O,0.0030468786833807828
CCNC(NC(C(SC1N(CCOC)C(=O)C2=C(SC3=C2CCCC3)N=1)C)=O)=O,0.0024853417417034507
COCCN1C(=O)C2=C(SC3=C2CCCC3)N=C1SC(C(N1CC(C)CC(C)C1)=O)C,0.00868298087734729
COCCN1C(=O)C2=C(SC3=C2CCCC3)N=C1SC(C(NC1=CC=C(S(N2CCOCC2)(=O)=O)C=C1)=O)C,0.0043379289098083975
COCCN1C(=O)C2=C(SC3=C2CCCC3)N=C1SCC(NCC(C1=CC=CC=C1)N(C)C)=O,0.007398104760795832
COCCN1C(=O)C2=C(SC3=C2CCCC3)N=C1SCC(NC1=C2C(N=S=N2)=CC=C1)=O,0.007495764782652259
COCCN1C(=O)C2=C(SC3=C2CCCC3)N=C1SCC1=CC=C(C#N)C=C1,0.0074030393036082385
COCCN1C(=O)C2=C(SC3=C2CCCC3)N=C1SCC(C(C)(C)C)=O,0.013823235780000687
COCCN1C(=O)C2=C(SC3=C2CCCC3)N=C1SCC(NC1=C(OC)C=CC(C)=C1)=O,0.006487463437952101
COCCN1C(=O)C2=C(SC3=C2CCCC3)N=C1SCC(NC1=C(C)C=CC=C1)=O,0.006986934179440141
COCCN1C(=O)C2=C(SC3=C2CCCC3)N=C1SCC(NC1=CC(S(N(C)C)(=O)=O)=CC=C1)=O,0.004993701237253845
COCCN1C(=O)C2=C(SC3=C2CCCC3)N=C1SCC(NC1=CC=C(C(N)=O)C=C1)=O,0.006248048762790859
COC1=C(OC)C=C(C2SC=C(CSC3NC(=O)C4=C(SC5=C4CCCC5)N=3)N=2)C=C1,0.006260490836575627
O=C(C1=CC=CC=C1)C(C1=CC=CC=C1)SC1NC(=O)C2=C(SC3=C2CCCC3)N=1,0.008926285663619637
O=C(NC1=C(C2=CC=CC=C2)C=CC=C1)CSC1NC(=O)C2=C(SC3=C2CCCC3)N=1,0.004850262473337352
O=C(N1C(C2OC=CC=2)C2CCCC(=CC3OC=CC=3)C2=N1)CSC1NC(=O)C2=C(SC3=C2CCCC3)N=1,0.0056436035549268125
NS(C1=CC(NC(CSC2NC(=O)C3=C(SC4=C3CCCC4)N=2)=O)=CC=C1)(=O)=O,0.004016530141234398
O=C(N1C(C2SC=CC=2)C2CCCC(=CC3SC=CC=3)C2=N1)CSC1NC(=O)C2=C(SC3=C2CCCC3)N=1,0.00559905506670475
CC1=CC(C)=C(S(N2CCN(C(CSC3NC(=O)C4=C(SC5=C4CCCC5)N=3)=O)CC2)(=O)=O)C=C1,0.003200098592787981
CCOC1=CC=C(OCCSC2NC(=O)C3=C(SC4=C3CCCC4)N=2)C=C1,0.005924149020574987
CCOC(C1=C(NC(CSC2NC(=O)C3=C(SC4=C3CCCC4)N=2)=O)SC(C2=CC=CC=C2)=C1)=O,0.004402066755574197
NC(C1C2=C(CCC2)SC=1NC(CSC1NC(=O)C2=C(SC3=C2CCCC3)N=1)=O)=O,0.0061471733963117
COCCNC(CSC1NC(=O)C2=C(SC3=C2CCCC3)N=1)=O,0.0043706325581297275
CN(C1C(=O)NC(=O)N(CC2=CC=CC=C2)C=1N)C(CSC1NC(=O)C2=C(SC3=C2CCCC3)N=1)=O,0.0032496839645318686
ClC1=CC(Cl)=C(CSC2NC(=O)C3=C(SC4=C3CCCC4)N=2)C=C1,0.005573069956153631
CC1=CC2=C(N=C(C3=CC=C(NC(CSC4NC(=O)C5=C(SC6=C5CCCC6)N=4)=O)C=C3)S2)C=C1,0.004470869828946888
CC1=C(S(N2CCCCCC2)(=O)=O)C=C(NC(CSC2NC(=O)C3=C(SC4=C3CCCC4)N=2)=O)C=C1,0.003628447197843343
ClC1=CC(NC(CSC2NC(=O)C3=C(SC4=C3CCCC4)N=2)=O)=C(Cl)C=C1,0.004530297836754471
CC1=C(S(N2CCOCC2)(=O)=O)C=C(NC(CSC2NC(=O)C3=C(SC4=C3CCCC4)N=2)=O)C=C1,0.003051834471989423
CC(C1=CC=CC=C1)NC(CSC1NC(=O)C2=C(SC3=C2CCCC3)N=1)=O,0.005384325352497399
CC(C1=CC=C(NC(CSC2NC(=O)C3=C(SC4=C3CCCC4)N=2)=O)C=C1)=O,0.006543113966472447
O=C(C1=CC=C(C2=CC=CC=C2)C=C1)CSC1NC(=O)C2=C(SC3=C2CCCC3)N=1,0.007989193964749574
O=C(N1C2=C(C=CC=C2)SC2=C1C=CC=C2)CSC1NC(=O)C2=C(SC3=C2CCCC3)N=1,0.0054279851727187635
CN1C(SCC(NC2=C(C(C3=CC=CC=C3)=O)C=CC=C2)=O)=NN=C1CSC1SC2=C(C=CC=C2)N=1,0.0064517622347921135
CCOC(C1=C(CSC2N(C)C(CSC3SC4=C(C=CC=C4)N=3)=NN=2)OC=C1)=O,0.009183114534243942
CN1C(SCC(NC2=CC(S(N3CCCCC3)(=O)=O)=CC=C2)=O)=NN=C1CSC1SC2=C(C=CC=C2)N=1,0.0038086387561634184
CN1C(SCC(NCC2=CC=CC=C2)=O)=NN=C1CSC1SC2=C(C=CC=C2)N=1,0.007464149571023882
CN1C(SCC(NC2=C(Cl)C=CC(S(N3CCOCC3)(=O)=O)=C2)=O)=NN=C1CSC1SC2=C(C=CC=C2)N=1,0.0034151385189034045
CCC1SC2=C(C(=NC=N2)SCC(NC2=C(C(C3=CC=CC=C3)=O)C=CC=C2)=O)C=1,0.006739893835037947
CCC1SC2=C(C(=NC=N2)SCC(NC2=CC(F)=CC=C2)=O)C=1,0.004724798595998436
CCC1SC2=C(C(=NC=N2)SCC(NC2=CC=C(C3=CC=CC=C3)C=C2)=O)C=1,0.005776831926777959
CCC1SC2=C(C(=NC=N2)SCC2N=C3N(C=CC=C3C)C=2)C=1,0.006543894694186747
CCC1SC2=C(C(=NC=N2)SCC(NC2=CC=C(S(N)(=O)=O)C=C2)=O)C=1,0.0047683636890724305
CCC1SC2=C(C(=NC=N2)SCC2=CC=C(C)C=C2)C=1,0.00905871307477355
CCC1SC2=C(C(=NC=N2)SCC2=CC(F)=CC=C2)C=1,0.0061851112404838204
CCC1SC2=C(C(=NC=N2)SCC2=C(F)C=C(Br)C=C2)C=1,0.007655530143529177
CCC1SC2=C(C(=NC=N2)SCCOC2=C(F)C=CC=C2)C=1,0.007022998970933258
CCC1SC2=C(C(=NC=N2)SCN2C(=O)C3=C(C=CC=C3)C2=O)C=1,0.003944782086182386
CCC1SC2=C(C(=NC=N2)SCC(C2=CC3=C(NC(N3)=O)C=C2)=O)C=1,0.0040145596023648976
CCC1SC2=C(C(=NC=N2)SCC(N)=O)C=1,0.005728531489148736
CCC1SC2=C(C(=NC=N2)SCC2=CC(Cl)=CC=C2)C=1,0.006826394191011787
CCC1SC2=C(C(=NC=N2)SCC2=C(Cl)C=CC=C2F)C=1,0.0059763574041426185
CCC1SC2=C(C(=NC=N2)SCC(NC2=C(C)C=CC=C2)=O)C=1,0.005196789302863181
CCC1SC2=C(C(=NC=N2)SCC(NC2=CC=C(C)C=C2)=O)C=1,0.005074004991911352
CCC1SC2=C(C(=NC=N2)SCC(NC2=C3C(C=CC=C3)=CC=C2)=O)C=1,0.0052116232924163345
CCC1SC2=C(C(=NC=N2)SCC(NC2=CC=C(OC)C=C2)=O)C=1,0.005400864058174193
CCC1SC2=C(C(=NC=N2)SCC(NC2=CC(Cl)=C(OC)C=C2)=O)C=1,0.00510192106012255
CCC1SC2=C(C(=NC=N2)SCC(NC2=C(OC)C=CC=C2)=O)C=1,0.005485916626639664
CCC1SC2=C(C(=NC=N2)SCC(NC2=C(Cl)C=CC=C2Cl)=O)C=1,0.005588174459990114
CCC1SC2=C(C(=NC=N2)SCC(NC2=C(C(OC)=O)C=CC=C2)=O)C=1,0.005794820608571172
CCC1SC2=C(C(=NC=N2)SCC(NC2=C(Cl)C=C3C(C(C4=C(C3=O)C=CC=C4)=O)=C2)=O)C=1,0.006885469937697053
CCC1SC2=C(C(=NC=N2)SCC(NC2C3=C(C=CC=C3)OC=2C#N)=O)C=1,0.004442821897100657
CCC1SC2=C(C(=NC=N2)SCC2=CC(C)=CC(C)=C2)C=1,0.010260393749922514
CCOC(C1C2=C(CCC2)SC=1NC(CSC1N(C2=CC=CC=C2)C(C2=CC=C(Cl)C=C2)=NN=1)=O)=O,0.004770676523912698
CN(S(C1=C(Cl)C=CC(NC(CSC2N(C3=CC=CC=C3)C(C3=CC=C(Cl)C=C3)=NN=2)=O)=C1)(=O)=O)C,0.003289722360204905
CC1=C(C)C=C(C(CSC2N(C3=CC=CC=C3)C(C3=CC=C(Cl)C=C3)=NN=2)=O)C(C)=C1,0.012581463996320963
CC1=CC=C(OCCSC2N(C3=CC=CC=C3)C(C3=CC=C(Cl)C=C3)=NN=2)C=C1,0.00927981985732913
FC1=CC=C(OCCSC2N(C3=CC=CC=C3)C(C3=CC=C(Cl)C=C3)=NN=2)C=C1,0.006470156111754477
FC(OC1=C(NC(CSC2N(C3=CC=CC=C3)C(C3=CC=C(Cl)C=C3)=NN=2)=O)C=CC=C1)F,0.00400373013690114
COC1=CC=C(C2N=C(NC(CSC3N(C4=CC=CC=C4)C(C4=CC=C(Cl)C=C4)=NN=3)=O)SC=2)C=C1,0.005038127186708152
COC1=CC(CNC(CSC2N(C3=CC=CC=C3)C(C3=CC=C(Cl)C=C3)=NN=2)=O)=CC=C1,0.006082038558088243
COC(/C(/C(CSC1N(C2=CC=CC=C2)C(C2=CC=C(Cl)C=C2)=NN=1)=O)=C1\NC2=C(C=CC=C2)N\1)=O,0.005872762808576226
CC(N(C(CSC1N(C2=CC=CC=C2)C(C2=CC=C(Cl)C=C2)=NN=1)=O)CC1=CC=CC=C1)(C)C,0.008648129040375352
CCNC(CSC1N(C2=CC=CC=C2)C(C2=CC=C(Cl)C=C2)=NN=1)=O,0.00578849003650248
ClC1=CC=C(C2N(C3=CC=CC=C3)C(SCC(NCC=C)=O)=NN=2)C=C1,0.00614496034104377
CC1=C(NC(CCCSC2N(C3=CC=CC=C3)C(C3=CC=C(Cl)C=C3)=NN=2)=O)C(C)=CC=C1,0.006165614468045533
CCOC(CC1N=C(NC(CSC2N(C3=CC=CC=C3)C(C3=CC=C(Cl)C=C3)=NN=2)=O)SC=1)=O,0.004592771641910076
CC(C1=C(NC(CSC2N(C3=CC=CC=C3)C(C3=CC=C(Cl)C=C3)=NN=2)=O)C=CC=C1)=O,0.007043440476991236
ClC1=CC=C(C2N(C3=CC=CC=C3)C(SCC3C4=C(C=CC5=C4C=CC=C5)OC(=O)C=3)=NN=2)C=C1,0.007313497154973448
ClC1=CC=C(C2N(C3=CC=CC=C3)C(SCC(C3NC=CC=3)=O)=NN=2)C=C1,0.0071178106125444176
ClC1=CC=C(C2N(C3=CC=CC=C3)C(SCC(NC(NCC=C)=O)=O)=NN=2)C=C1,0.0015771588368806988
ClC1=CC=C(C2N(C3=CC=CC=C3)C(SCC3OCOCC3)=NN=2)C=C1,0.009177043056115507
COCCNC(NC(CSC1N(C2=CC=CC=C2)C(C2=CC=C(Cl)C=C2)=NN=1)=O)=O,0.0012868946156231686
CC(SC1N(C2=CC=CC=C2)C(C2=CC=C(Cl)C=C2)=NN=1)C,0.009987510368227958
ClC1=CC=C(C2N(C3=CC=CC=C3)C(SCC#N)=NN=2)C=C1,0.005215338113248436
FC(C1=CC(NC(CSC2N(C3=CC=CC=C3)C(C3=CC=C(Cl)C=C3)=NN=2)=O)=CC=C1)(F)F,0.0041224726010113955
COC1=CC(NC(CSC2N(C3=CC=CC=C3)C(C3=CC=C(Cl)C=C3)=NN=2)=O)=CC=C1,0.005429221433587372
ClC1=CC=C(C2N(C3=CC=CC=C3)C(SCC(NC3=C(Cl)C=CC=C3)=O)=NN=2)C=C1,0.005763948778621852
ClC1=CC=C(C2N(C3=CC=CC=C3)C(SCC(NC3=C(C#N)C=CC=C3)=O)=NN=2)C=C1,0.004028075246606022
ClC1=CC=C(C2N(C3=CC=CC=C3)C(SCC(NC3=CC=C(N4CCOCC4)C=C3)=O)=NN=2)C=C1,0.004900645115412772
FC1=CC(Cl)=C(NC(CSC2N(C3=CC=CC=C3)C(C3=CC=C(Cl)C=C3)=NN=2)=O)C=C1,0.005140259768813849
ClC1=CC=C(C2N(C3=CC=CC=C3)C(SCC(N3CCN(C(C4OC=CC=4)=O)CC3)=O)=NN=2)C=C1,0.006159999524243176
CN(S(C1=CC(NC(CSC2N(C3=CC=CC=C3)C(C3=CC=C(Cl)C=C3)=NN=2)=O)=CC=C1)(=O)=O)C,0.003408874641172588
ClC1=CC=C(C2N(C3=CC=CC=C3)C(SCC(NC3=CC4=C(OCO4)C=C3)=O)=NN=2)C=C1,0.005265648965723813
CCN1C2=C(C=C(C=C2)NC(CSC2N(C3=CC=CC=C3)C(C3=CC=C(Cl)C=C3)=NN=2)=O)C2=C1C=CC=C2,0.006083424808457494
ClC1=CC=C(C2N(C3=CC=CC=C3)C(SCC(N3CC4=C(C=CC=C4)CC3)=O)=NN=2)C=C1,0.007958367653191089
ClC1=CC=C(C2N(C3=CC=CC=C3)C(SCC(NCC3=CC4=C(OCO4)C=C3)=O)=NN=2)C=C1,0.005916096991859377
CCC1=CC=C(NC(CSC2N(C3=CC=CC=C3)C(C3=CC=C(Cl)C=C3)=NN=2)=O)C=C1,0.006318647088482976
ClC1=CC=C(C2N(C3=CC=CC=C3)C(SCC(NC3CCCC3)=O)=NN=2)C=C1,0.0074970528949052095
CC(N(C1=CC=C(NC(CSC2N(C3=CC=CC=C3)C(C3=CC=C(Cl)C=C3)=NN=2)=O)C=C1)C1=CC=CC=C1)C,0.006309772515669465
ClC1=CC=C(C2N(C3=CC=CC=C3)C(SCC(NC3=CC(OC4=CC=CC=C4)=CC=C3)=O)=NN=2)C=C1,0.005533100850880146
ClC1=CC=C(C2N(C3=CC=CC=C3)C(SCN3C(=O)C4=C(C=CC=C4)N=N3)=NN=2)C=C1,0.006745349545963108
ClC1=CC=C(C2N(C3=CC=CC=C3)C(SCC(N3CCN(CC4=CC=CC=C4)CC3)=O)=NN=2)C=C1,0.006430427078157663
Cl.ClC1=CC=C(C2N(C3=CC=CC=C3)C(SCC(N3CCN(CC4=CC=CC=C4)CC3)=O)=NN=2)C=C1,0.006358410092070698
CC1N(C(CSC2N(C3=CC=CC=C3)C(C3=CC=C(Cl)C=C3)=NN=2)=O)C(C)CCC1,0.007600870309397578
CC(C(NC1=CC(Cl)=CC(Cl)=C1)=O)SC1N(C)C(=O)C2=C(SC3=C2CCCC3)N=1,0.007583780400454998
CN1C(=O)C2=C(SC3=C2CCCC3)N=C1SCC(NC1SC=C(C2=CC(Cl)=C(Cl)C=C2)N=1)=O,0.006257582874968648
CN1C(=O)C2=C(SC3=C2CCCC3)N=C1SCC(NCC1=C(Cl)C=C(Cl)C=C1)=O,0.007780006015673279
CN1C(=O)C2=C(SC3=C2CCCC3)N=C1SCC(NCCC1CCCCC=1)=O,0.011353052081540227
COC1=C(NC(C2=CC=C(NC(CSC3N(C)C(=O)C4=C(SC5=C4CCCC5)N=3)=O)C=C2)=O)C=CC=C1,0.005743110715411603
CN1C(=O)C2=C(SC3=C2CCCC3)N=C1SCC(NCCC1=C(Cl)C=C(Cl)C=C1)=O,0.007127157133072615
CN1C(=O)C2=C(SC3=C2CCCC3)N=C1SCC(NC1=CC=C(OC(F)F)C=C1)=O,0.00535612313542515
CN1C(=O)C2=C(SC3=C2CCCC3)N=C1SCC(NC1=C(OC(F)F)C=CC=C1)=O,0.00539954190608114
COC1=CC=C(C2N=C(NC(CSC3N(C)C(=O)C4=C(SC5=C4CCCC5)N=3)=O)SC=2)C=C1,0.006887707649730146
CN1C(=O)C2=C(SC3=C2CCCC3)N=C1SCC(NC1SC=C(C2=CC(N(=O)=O)=CC=C2)N=1)=O,0.004574442445300519
CCOC(C1=C(NC(CSC2N(C)C(=O)C3=C(SC4=C3CCCC4)N=2)=O)SC(C)=C1C)=O,0.007812274270690978
CC(C(C1=CC=CC=C1)=O)SC1N(C)C(=O)C2=C(SC3=C2CCCC3)N=1,0.015003420785069466
CN1C(=O)C2=C(SC3=C2CCCC3)N=C1SCC1=C(C#N)C=CC=C1,0.007895904127508402
COCC(N1C(C)=C(C(CSC2N(C)C(=O)C3=C(SC4=C3CCCC4)N=2)=O)C=C1C)C,0.013308403035625815
CC1=CC=C(CNC(CSC2N(C)C(=O)C3=C(SC4=C3CCCC4)N=2)=O)C=C1,0.008362875715829433
CN1C(=O)C2=C(SC3=C2CCCC3)N=C1SCC(NNC(C1=CC(N(=O)=O)=CC=C1)=O)=O,0.002584908076096326
CN1C(=O)C2=C(SC3=C2CCCC3)N=C1SCC(NNC(C1=CC=C(N(=O)=O)C=C1)=O)=O,0.0026075414149090647
COCCN(C1C(=O)NC(=O)N(CC2=CC=CC=C2)C=1N)C(CSC1N(C)C(=O)C2=C(SC3=C2CCCC3)N=1)=O,0.003358049097005278
CCN(C(CSC1N(C)C(=O)C2=C(SC3=C2CCCC3)N=1)=O)C1CS(=O)(=O)CC1,0.007452831789851189
CC(C(NC1=CC=C(N2CCOCC2)C=C1)=O)SC1N(C)C(=O)C2=C(SC3=C2CCCC3)N=1,0.006939974729903042
CC(C(NC1=CC=C(F)C=C1)=O)SC1N(C)C(=O)C2=C(SC3=C2CCCC3)N=1,0.0075950909871608015
CCOC(C1C(C)NC(=O)NC=1CSC1N(C)C(=O)C2=C(SC3=C2CCCC3)N=1)=O,0.006831367569975555
CC1=C(NC(CC2SC=C(CSC3N(C)C(=O)C4=C(SC5=C4CCCC5)N=3)N=2)=O)C=CC=C1,0.006784325139597059
CN1C(=O)C2=C(SC3=C2CCCC3)N=C1SCC(NC1=C(Cl)C=CC(S(C)(=O)=O)=C1)=O,0.00549460316542536
CN(C(C1=CC=CC=C1)CNC(CSC1N(C)C(=O)C2=C(SC3=C2CCCC3)N=1)=O)C,0.00860705585218966
CN1C(=O)C2=C(SC3=C2CCCC3)N=C1SCC#N,0.006861181677800232
CN1C(=O)C2=C(SC3=C2CCCC3)N=C1SCC=C,0.012111012265086174
CN1C(=O)C2=C(SC3=C2CCCC3)N=C1SCC(C(C)(C)C)=O,0.014987520314753056
CC1CN(C(CSC2N(C)C(=O)C3=C(SC4=C3CCCC4)N=2)=O)CC(C)C1,0.009214743971824646
CN1C(=O)C2=C(SC3=C2CCCC3)N=C1SCC(NC1=C(Cl)C=CC=C1)=O,0.007100740703754127
CN1C(=O)C2=C(SC3=C2CCCC3)N=C1SCC(N1CCC(CC2=CC=CC=C2)CC1)=O,0.008374936156906187
CN1C(=O)C2=C(SC3=C2CCCC3)N=C1SCC(NCC1CCCCC1)=O,0.009846523543819785
CN1C(=O)C2=C(SC3=C2CCCC3)N=C1SCC(NC1CCCCCCC1)=O,0.010571869416162371
CCN(S(C1=CC(NC(CSC2N(C)C(=O)C3=C(SC4=C3CCCC4)N=2)=O)=CC=C1)(=O)=O)CC,0.005660574603825808
CC1N(C)N(C2=CC=CC=C2)C(=O)C=1NC(CSC1N(C)C(=O)C2=C(SC3=C2CCCC3)N=1)=O,0.00669239410199225
CN1C(=O)C2=C(SC3=C2CCCC3)N=C1SCC(NC1CCCCCC1)=O,0.010581940412521362
CN1C(=O)C2=C(SC3=C2CCCC3)N=C1SCC(C1=CC=C(OC(F)F)C=C1)=O,0.008971450105309486
CN1C(=O)C2=C(SC3=C2CCCC3)N=C1SCC(NC1=C(F)C=CC(N(=O)=O)=C1)=O,0.004430149192921817
CN1C(=O)C2=C(SC3=C2CCCC3)N=C1SCC(N1CCCCC1)=O,0.009078823029994965
CC1N(C(CSC2N(C)C(=O)C3=C(SC4=C3CCCC4)N=2)=O)C(C)CCC1,0.009669069666415453
FC(C1=CC(N2C(=O)C3=C(SC4=C3CCCC4)N=C2SCC(C2C3=C(C=CC=C3)NC=2)=O)=CC=C1)(F)F,0.004430377995595336
CC(NC(CSC1N(C2=CC(C(F)(F)F)=CC=C2)C(=O)C2=C(SC3=C2CCCC3)N=1)=O)(C)C,0.005400874395854771
NC(C1=CC(C(N)=O)=CC(NC(CSC2N(C3=CC(C(F)(F)F)=CC=C3)C(=O)C3=C(SC4=C3CCCC4)N=2)=O)=C1)=O,0.004180565953720361
CC1C(CSC2N(C3=CC(C(F)(F)F)=CC=C3)C(=O)C3=C(SC4=C3CCCC4)N=2)=C(C)ON=1,0.0060915719019249085
FC(C1=CC(N2C(=O)C3=C(SC4=C3CCCC4)N=C2SCC2=CC=C(C#N)C=C2)=CC=C1)(F)F,0.0048527755425311625
COC(CSC1N(C2=CC(C(F)(F)F)=CC=C2)C(=O)C2=C(SC3=C2CCCC3)N=1)=O,0.007580807898193598
FC(C1=CC(N2C(=O)C3=C(SC4=C3CCCC4)N=C2SC2C(=O)OCC2)=CC=C1)(F)F,0.006273221503943205
FC(C1=CC(N2C(=O)C3=C(SC4=C3CCCC4)N=C2SCC(N2CCCCCC2)=O)=CC=C1)(F)F,0.005515382741577923
CCC1N(C(CSC2N(C3=CC(C(F)(F)F)=CC=C3)C(=O)C3=C(SC4=C3CCCC4)N=2)=O)CCCC1,0.004994203592650593
FC(C1=CC(N2C(=O)C3=C(SC4=C3CCCC4)N=C2SCC(N2CCN(C(C3OC=CC=3)=O)CC2)=O)=CC=C1)(F)F,0.0044478041818365455
FC(C1=CC(N2C(=O)C3=C(SC4=C3CCCC4)N=C2SCC(N2CC3=C(C=CC=C3)CC2)=O)=CC=C1)(F)F,0.005783660477027297
FC1=CC=C(NC(CSC2N(C3=CC(C(F)(F)F)=CC=C3)C(=O)C3=C(SC4=C3CCCC4)N=2)=O)C=C1,0.004691177653148771
FC(C1=CC(N2C(=O)C3=C(SC4=C3CCCC4)N=C2SCC(NC2CCCCCC2)=O)=CC=C1)(F)F,0.005531558953225613
CCN(C1=CC=CC=C1)C(CSC1N(C2=CC(C(F)(F)F)=CC=C2)C(=O)C2=C(SC3=C2CCCC3)N=1)=O,0.005494084837846458
FC1=C(C(CSC2N(C3=CC(C(F)(F)F)=CC=C3)C(=O)C3=C(SC4=C3CCCC4)N=2)=O)C=CC=C1,0.00762776150368154
CC1N(C(CSC2N(C3=CC(C(F)(F)F)=CC=C3)C(=O)C3=C(SC4=C3CCCC4)N=2)=O)C(C)CCC1,0.005200450285337865
CC1=CC=C(C2C3=C(N=C(N(C3=O)CC=C)SC(C3=CC=CC=C3)C(NC3=C(C)C=CC(C)=C3)=O)SC=2)C=C1,0.005682191904634237
CC(C1C(C)=C(C(CSC2N(CC=C)C(=O)C3=C(SC=C3C3=CC=C(C)C=C3)N=2)=O)NC=1C)=O,0.006837929715402424
CC1=CC=C(C2C3=C(N=C(N(C3=O)CC=C)SC(C3=CC=CC=C3)C(C3C4=C(C=CC=C4)NC=3)=O)SC=2)C=C1,0.006140531157143414
CC1=CC=C(C2C3=C(N=C(N(C3=O)CC=C)SCCOC3=CC=C(Cl)C=C3)SC=2)C=C1,0.005959372175857425
CC1=CC=C(C2C3=C(N=C(N(C3=O)CC=C)SCCOC3=C(C)C=CC(C)=C3)SC=2)C=C1,0.007871897472068668
CC1=CC=C(C2C3=C(N=C(N(C3=O)CC=C)SCC3N=C4N(C=CC=C4C)C=3)SC=2)C=C1,0.0060225797584280375
CC1=CC=C(CSC2N(CC=C)C(=O)C3=C(SC=C3C3=CC=C(C)C=C3)N=2)C=C1,0.009306785045191645
CC1=CC=C(C2C3=C(N=C(N(C3=O)CC=C)SCC3OC(C4=CC=CC=C4)=NN=3)SC=2)C=C1,0.00740080235991627
COC(/C(/C(CSC1N(CC=C)C(=O)C2=C(SC=C2C2=CC=C(C)C=C2)N=1)=O)=C1\NC2=C(C=CC=C2)N\1)=O,0.0058740677777677774
CC1N(CC2OCCC2)C(C)=C(C(CSC2N(CC=C)C(=O)C3=C(SC=C3C3=CC=C(C)C=C3)N=2)=O)C=1,0.00872328639961779
CC1=CC=C(C2C3=C(N=C(N(C3=O)CC=C)SCC3=C4C(C=CC=C4)=CC=C3)SC=2)C=C1,0.0085027732886374
CC1N(C2=CC(C)=C(C)C=C2)C(C)=C(C(CSC2N(CC=C)C(=O)C3=C(SC=C3C3=CC=C(C)C=C3)N=2)=O)C=1,0.010027533350512385
CC(NC(CSC1N(CC=C)C(=O)C2=C(SC=C2C2=CC=C(C)C=C2)N=1)=O)C,0.006011959142051637
CC1=CC=C(C2C3=C(N=C(N(C3=O)CC=C)SCC(C3=C(O)C=C(O)C=C3)=O)SC=2)C=C1,0.005242563714273274
CC1=CC=C(C2C3=C(N=C(N(C3=O)CC=C)SCC3C4=C(C=CC5=C4C=CC=C5)OC(=O)C=3)SC=2)C=C1,0.006322480249218642
COCCN(C1C(=O)NC(=O)N(CC2=CC=CC=C2)C=1N)C(CSC1N(CC=C)C(=O)C2=C(SC=C2C2=CC=C(C)C=C2)N=1)=O,0.002336744946660474
CCN(C(CSC1N(CC=C)C(=O)C2=C(SC=C2C2=CC=C(C)C=C2)N=1)=O)C1CS(=O)(=O)CC1,0.005385532323271036
CN(S(C1=CC(CSC2N(CC=C)C(=O)C3=C(SC=C3C3=CC=C(C)C=C3)N=2)=CC=C1)(=O)=O)C,0.004771796683780849
CC1=CC=C(C2C3=C(N=C(N(C3=O)CC=C)SCC3=CC(Cl)=C(Cl)C=C3)SC=2)C=C1,0.006860029278323054
CCSC1N(CC=C)C(=O)C2=C(SC=C2C2=CC=C(C)C=C2)N=1,0.008446470089256763
CC1=CC=C(C2C3=C(N=C(N(C3=O)CC=C)SCC3=CC=C(N(=O)=O)C=C3)SC=2)C=C1,0.0042936444631777705
CC1=CC=C(C2C3=C(N=C(N(C3=O)CC=C)SCC3=CC=C(F)C=C3)SC=2)C=C1,0.006613074871711433
CC1=CC=C(C2C3=C(N=C(N(C3=O)CC=C)SCC(C3=CC=C(Cl)C=C3)=O)SC=2)C=C1,0.0081899638986215
COC(C(SC1N(CC=C)C(=O)C2=C(SC=C2C2=CC=C(C)C=C2)N=1)C)=O,0.008013398665934802
CC1=CC=C(C2C3=C(N=C(N(C3=O)CC=C)SCC(NC3=C(C)C=CC=C3C)=O)SC=2)C=C1,0.005965311382897198
CC1=CC=C(C2C3=C(N=C(N(C3=O)CC=C)SCC(NC3=CC(C(F)(F)F)=C(Cl)C=C3)=O)SC=2)C=C1,0.0035130126983858646
CCOC(C1=CC=C(NC(CSC2N(CC=C)C(=O)C3=C(SC=C3C3=CC=C(C)C=C3)N=2)=O)C=C1)=O,0.004811085131950677
CCOC1=CC=C(NC(CSC2N(CC=C)C(=O)C3=C(SC=C3C3=CC=C(C)C=C3)N=2)=O)C=C1,0.005090565467253327
CC1=CC=C(C2C3=C(N=C(N(C3=O)CC=C)SCC(NC3=C(F)C=CC=C3)=O)SC=2)C=C1,0.005127236223779618
CC1=CC=C(C2C3=C(N=C(N(C3=O)CC=C)SCC(NC3=CC(OC4=CC=CC=C4)=CC=C3)=O)SC=2)C=C1,0.004443292121868581
CC1=CC=C(C2C3=C(N=C(N(C3=O)CC=C)SCC(N3C4CC(CC(C4)(C)C3)(C)C)=O)SC=2)C=C1,0.008022956643253564
CC1=CC=C(C2C3=C(N=C(N(C3=O)CC=C)SCC(C3=CC4=C(OCC(N4)=O)C=C3)=O)SC=2)C=C1,0.006323722586967051
COC1=CC(NC(COC(C2=C(C(N3CCN(C4=CC=CC=C4)CC3)=O)C=CC=C2)=O)=O)=CC=C1,0.00612661661580205
CCOC1=C(NC(COC(C2=C(C(N3CCN(C4=CC=CC=C4)CC3)=O)C=CC=C2)=O)=O)C=CC=C1,0.006361650908365846
CCC1=CC=C(NC(COC(C2=C(C(N3CCN(C4=CC=CC=C4)CC3)=O)C=CC=C2)=O)=O)C=C1,0.006934013357385993
BrC1=CC=C(C(COC(C2=C(C(N3CCN(C4=CC=CC=C4)CC3)=O)C=CC=C2)=O)=O)C=C1,0.010822237748652697
CC(C(NC1=CC(Cl)=CC(Cl)=C1)=O)OC(CCC1C2=C(C=CC=C2)NC=1)=O,0.004939478170126676
CC(C(NC1C(=O)N(C2=CC=CC=C2)N(C)C=1C)=O)OC(CCC1C2=C(C=CC=C2)NC=1)=O,0.005176790070254356
COC1=CC(OC)=C(NC(COC(CCC2C3=C(C=CC=C3)NC=2)=O)=O)C=C1,0.004696935205720365
ClC1=C(Cl)C=C(C2N=C(NC(COC(CCC3C4=C(C=CC=C4)NC=3)=O)=O)SC=2)C=C1,0.003812023799400777
CC1=C(C)C=C(C(COC(CCC2C3=C(C=CC=C3)NC=2)=O)=O)C(C)=C1,0.010065553337335586
BrC1=CN2C(=NC(=CC2=O)COC(CCC2C3=C(C=CC=C3)NC=2)=O)C=C1,0.0055041356245055795
CCOC(C1C(C2=CC=CC=C2)=C(C)SC=1NC(COC(CCC1C2=C(C=CC=C2)NC=1)=O)=O)=O,0.004334581014700234
O=C(OCC1N=C2N(C3=C(S2)C=CC=C3)C(=O)C=1)CCC1C2=C(C=CC=C2)NC=1,0.005878787604160607
O=C(OCC1=CC=C(C(NC2=CC=CC=C2)=O)C=C1)CCC1C2=C(C=CC=C2)NC=1,0.00503569960128516
O=C(NCCC1CCCCC=1)COC(CCC1C2=C(C=CC=C2)NC=1)=O,0.008492438634857536
FC(OC1=CC=C(NC(COC(CCC2C3=C(C=CC=C3)NC=2)=O)=O)C=C1)F,0.003859481995459646
CCOC(C1C2=C(CCCC2)SC=1NC(COC(CCC1C2=C(C=CC=C2)NC=1)=O)=O)=O,0.005746522336266935
NS(C1=CC(NC(COC(CCC2C3=C(C=CC=C3)NC=2)=O)=O)=CC=C1)(=O)=O,0.0036569216987118124
CCOC1=CC=C(OCCOC(CCC2C3=C(C=CC=C3)NC=2)=O)C=C1,0.005471154348924756
O=C(OCC(N1CCN(S(C2=CC=CC=C2)(=O)=O)CC1)=O)CCC1C2=C(C=CC=C2)NC=1,0.003566587099339813
FC1=C(NC(NC(COC(CCC2C3=C(C=CC=C3)NC=2)=O)=O)=O)C=CC=C1,0.0014148110174573957
CCOC(C1=C(C)C(C(OCC)=O)=C(NC(COC(CCC2C3=C(C=CC=C3)NC=2)=O)=O)S1)=O,0.005389698338694871
O=C(NC1=C(C#N)C2=C(CCCCC2)S1)COC(CCC1C2=C(C=CC=C2)NC=1)=O,0.0046973308199085295
NC(C1=C(NC(COC(CCC2C3=C(C=CC=C3)NC=2)=O)=O)SC=C1)=O,0.004199287691153586
CCOC(C1C2=C(CC(CC2)C)SC=1NC(C(OC(CCC1C2=C(C=CC=C2)NC=1)=O)C)=O)=O,0.0062476944411173465
CC1=CC=C(C(C2C3=C(CCCC3)SC=2NC(COC(CCC2C3=C(C=CC=C3)NC=2)=O)=O)=O)C=C1,0.006074773566797376
O=C(OCN1C(=O)C2=C(C=CC=C2)C1=O)CCC1C2=C(C=CC=C2)NC=1,0.002880326111335307
O=C(NC(NC1CCCCC1)=O)COC(CCC1C2=C(C=CC=C2)NC=1)=O,0.0022775355260819196
CCCC(NC(COC(CCC1C2=C(C=CC=C2)NC=1)=O)=O)C,0.006491309218108654
O=C(NCC1SC=CC=1)COC(CCC1C2=C(C=CC=C2)NC=1)=O,0.004644545051269234
FC1=CC=C(C(NNC(COC(CCC2C3=C(C=CC=C3)NC=2)=O)=O)=O)C=C1,0.002290339086903259
C=CCNC(NC(COC(CCC1C2=C(C=CC=C2)NC=1)=O)=O)=O,0.0013678829098353162
CC1=C(C)C=C(C2=NN(C3=CC=CC=C3)C(NC(COC(CCC3C4=C(C=CC=C4)NC=3)=O)=O)=C2)C(C)=C1,0.004816006089095026
COCCOC(C1=C(NC(COC(CCC2C3=C(C=CC=C3)NC=2)=O)=O)SC(C(N)=O)=C1C)=O,0.0041098689893260595
CC(C(NC1=CC=C(C(N)=O)C=C1)=O)OC(CCC1C2=C(C=CC=C2)NC=1)=O,0.004836815211456269
CCOC(C1C(C2=CC=CC=C2)NC(=O)NC=1COC(CCC1C2=C(C=CC=C2)NC=1)=O)=O,0.00460215462371707
O=C(OCC1=CC=C(C#N)C=C1)CCC1C2=C(C=CC=C2)NC=1,0.0044769492698833345
O=N(C1=CC=C(COC(CCC2C3=C(C=CC=C3)NC=2)=O)C=C1)=O,0.0032831527874805032
O=C(OCCN1C(=O)C2=C(C=CC=C2)C1=O)CCC1C2=C(C=CC=C2)NC=1,0.003131670190487057
ClC1=CC(Cl)=C(COC(CCC2C3=C(C=CC=C3)NC=2)=O)C=C1,0.005117343761958182
FC1=C(COC(CCC2C3=C(C=CC=C3)NC=2)=O)C(Cl)=CC=C1,0.0038412138004787267
CC(N(C1=CC=CC=C1)C(COC(CCC1C2=C(C=CC=C2)NC=1)=O)=O)C,0.006677178479731083
CCOC(C1C(C2=CC=CC=C2)=CSC=1NC(COC(CCC1C2=C(C=CC=C2)NC=1)=O)=O)=O,0.004271544329822063
CN(C1=CC=CC=C1)C(COC(CCC1C2=C(C=CC=C2)NC=1)=O)=O,0.005940795480273664
CC(C1=CC(NC(COC(CCC2C3=C(C=CC=C3)NC=2)=O)=O)=CC=C1)=O,0.0075506030581891535
CC1=C(C)C=C(NC(COC(CCC2C3=C(C=CC=C3)NC=2)=O)=O)C=C1,0.00551377838710323
CC(C1=CC=C(NC(COC(CCC2C3=C(C=CC=C3)NC=2)=O)=O)C=C1)C,0.006063367053866386
COC1=CC(NC(COC(CCC2C3=C(C=CC=C3)NC=2)=O)=O)=CC=C1,0.0048344291863031685
COC1=CC(NC(COC(CCC2C3=C(C=CC=C3)NC=2)=O)=O)=C(OC)C=C1,0.0047183147398754954
ClC1=C(NC(COC(CCC2C3=C(C=CC=C3)NC=2)=O)=O)C=CC=C1,0.0045440823887474835
O=C(NC1=C(C#N)C=CC=C1)COC(CCC1C2=C(C=CC=C2)NC=1)=O,0.003765065025072545
O=C(OCC(N(C1=CC=CC=C1)CCC#N)=O)CCC1C2=C(C=CC=C2)NC=1,0.003609597628019401
FC(C1=CC(NC(COC(CCC2C3=C(C=CC=C3)NC=2)=O)=O)=C(N2CCOCC2)C=C1)(F)F,0.0039372389786876735
CCC1=C(NC(COC(CCC2C3=C(C=CC=C3)NC=2)=O)=O)C(CC)=CC=C1,0.006836802465841174
O=C(NC1=CC=C(S(N2CCCC2)(=O)=O)C=C1)COC(CCC1C2=C(C=CC=C2)NC=1)=O,0.0034841417102143167
ClC1=C(NC(COC(CCC2C3=C(C=CC=C3)NC=2)=O)=O)C=C(S(N2CCOCC2)(=O)=O)C=C1,0.002910879033152014
O=C(OCC(N1C2=C(C=CC=C2)CCC1)=O)CCC1C2=C(C=CC=C2)NC=1,0.006374929565936327
NC(C1=CC=C(NC(COC(CCC2C3=C(C=CC=C3)NC=2)=O)=O)C=C1)=O,0.004453479743096978
COC(C1=CC=C(NC(COC(CCC2C3=C(C=CC=C3)NC=2)=O)=O)C=C1)=O,0.004975185869261623
ClC1=C(Cl)C(NC(COC(CCC2C3=C(C=CC=C3)NC=2)=O)=O)=CC=C1,0.004823591117747128
O=C(NCCC1=CC=CC=C1)COC(CCC1C2=C(C=CC=C2)NC=1)=O,0.005979353538714349
CC(C1=CC=C(NC(COC(CCC2C3=C(C=CC=C3)NC=2)=O)=O)C=C1)=O,0.0076298953499644995
CC1N(C2CC2)C(C)=C(C(COC(CCC2C3=C(C=CC=C3)NC=2)=O)=O)C=1,0.0099506548140198
CC1=CC(N(=O)=O)=C(NC(COC(CCC2C3=C(C=CC=C3)NC=2)=O)=O)C=C1,0.003957028139848262
O=C(OCN1C(=O)C2=C(C=CC=C2)N=N1)CCC1C2=C(C=CC=C2)NC=1,0.004819650528952479
ClC1=CC=C(C2CC(C3OC=CC=3)N(C(COC(CCC3C4=C(C=CC=C4)NC=3)=O)=O)N=2)C=C1,0.005038065882399678
O=C(OCC(N(C1=CC2=C(OCCO2)C=C1)CCC#N)=O)CCC1C2=C(C=CC=C2)NC=1,0.0031839401548495517
O=C(OCC(N1N=C(C2=CC=CC=C2)CC1)=O)CCC1C2=C(C=CC=C2)NC=1,0.005543910665437579
CN(S(C1=CC=C(C)C=C1)(=O)=O)CC(OC(C1=CC=CC=C1)C(NC1=CC(C)=CC(C)=C1)=O)=O,0.00616519411560148
CN(S(C1=CC=C(C)C=C1)(=O)=O)CC(OCC(NC1=C(F)C=CC(F)=C1)=O)=O,0.005148172192275524
CN(S(C1=CC=C(C)C=C1)(=O)=O)CC(OCC(NC1=CC(S(N2CCCCCC2)(=O)=O)=CC=C1)=O)=O,0.00586181313265115
CCOC(C1C(C2=CC=C(OC)C=C2)=CSC=1NC(COC(CN(S(C1=CC=C(C)C=C1)(=O)=O)C)=O)=O)=O,0.00475426334887743
CN(S(C1=CC=C(C)C=C1)(=O)=O)CC(OCC(N(C1=CC=C(F)C=C1)CCC#N)=O)=O,0.004142092706024414
CCOC(C1=C(C)C(C(OCC)=O)=C(NC(COC(CN(S(C2=CC=C(C)C=C2)(=O)=O)C)=O)=O)S1)=O,0.006618864205665887
CN(S(C1=CC=C(C)C=C1)(=O)=O)CC(OCC(NC1=C(C(N)=O)C2=C(CCCC2)S1)=O)=O,0.00572122405283153
CN(S(C1=CC=C(C)C=C1)(=O)=O)CC(OCC(C1=C(C)N(C2=CC=CC=C2)C(C)=C1)=O)=O,0.00975281624123454
CN(S(C1=CC=C(C)C=C1)(=O)=O)CC(OCC(C1=CC=C(C2CCCCC2)C=C1)=O)=O,0.01259217420592904
CCOC(N1CCN(C(COC(CN(S(C2=CC=C(C)C=C2)(=O)=O)C)=O)=O)CC1)=O,0.006898586475290358
CC(C(NC1SC=C(C2=CC=CC=C2)N=1)=O)OC(CN(S(C1=CC=C(C)C=C1)(=O)=O)C)=O,0.004999788058921695
CC(C(NC1=CC2=C(OCCO2)C=C1)=O)OC(CN(S(C1=CC=C(C)C=C1)(=O)=O)C)=O,0.006275844830088318
CN(S(C1=CC=C(C)C=C1)(=O)=O)CC(OCC1C2=C(C=C3C(=C2)CCC3)OC(=O)C=1)=O,0.008540448476560413
CC(C(NC1CCCC1)=O)OC(CN(S(C1=CC=C(C)C=C1)(=O)=O)C)=O,0.007508957083337009
CCOC1=C(OC)C=C(C2SC=C(COC(CN(S(C3=CC=C(C)C=C3)(=O)=O)C)=O)N=2)C=C1,0.005915037379600108
CN(S(C1=CC=C(C)C=C1)(=O)=O)CC(OCCCN1C2=C(C=CC=C2)NC1=O)=O,0.00277028345153667
CN(C(COC(CN(S(C1=CC=C(C)C=C1)(=O)=O)C)=O)=O)CC(NC1=CC=C(F)C=C1)=O,0.005775682232342661
CN(S(C1=CC=C(C)C=C1)(=O)=O)CC(OCC1=CC=C(C#N)C=C1)=O,0.005711501324549317
CN(S(C1=CC=C(C)C=C1)(=O)=O)CC(OCC(NC1=CC(C(C)=O)=CC=C1)=O)=O,0.007928870781324805
CN(S(C1=CC=C(C)C=C1)(=O)=O)CC(OCC(NC1=CC(F)=C(F)C=C1)=O)=O,0.004959477530792356
CN(S(C1=CC=C(C)C=C1)(=O)=O)CC(OCC(NC1=CC=C(C2SC3=C(C=CC(=C3)C)N=2)C=C1)=O)=O,0.004258978657890111
CCOC1=C(NC(COC(CN(S(C2=CC=C(C)C=C2)(=O)=O)C)=O)=O)C=CC=C1,0.005983303068205714
CN(S(C1=CC=C(C)C=C1)(=O)=O)CC(OCC(NC1=C(F)C(F)=C(F)C(F)=C1F)=O)=O,0.0061895934166386725
CN(S(C1=CC=C(C)C=C1)(=O)=O)CC(OCC(NC1=C(F)C=CC(N(=O)=O)=C1)=O)=O,0.0034140883130021394
CCOC1=CC=C(OCC(N2CCN(S(C3=CC=CC=C3)(=O)=O)CC2)=O)C=C1,0.00586734376847744
CCOC1=CC=C(OCC(NC(NCC2=CC=CC=C2)=O)=O)C=C1,0.002014618646353483
CCOC1=CC=C(OCC(NC2=CC3=C(OC(O3)(F)F)C=C2)=O)C=C1,0.005423063598573208
CCOC(C1=CC(C(OCC)=O)=CC(NC(COC2=CC=C(OCC)C=C2)=O)=C1)=O,0.00902672465890646
CCOC1=CC=C(OCC(NC2C(C)CCCC2)=O)C=C1,0.014344666060060263
CCOC1=CC=C(OCC(N)=O)C=C1,0.010810131998732686
CCOC1=CC=C(OCC(NC2=CC(Cl)=C(F)C=C2)=O)C=C1,0.005770879238843918
CCOC1=CC=C(OCC(NC2=CC(C)=C(C)C=C2)=O)C=C1,0.0092426867922768
CCOC1=CC=C(OCC(NC2=CC(Cl)=C(C)C=C2)=O)C=C1,0.0073954823659732934
CCOC1=CC=C(OCC(NC2=CC(Cl)=C(OC)C=C2)=O)C=C1,0.007391442102380097
CCOC1=CC=C(OCC(NC2=CC(S(N(C)C)(=O)=O)=CC=C2)=O)C=C1,0.004907607263885438
CCOC1=CC=C(OCC(NC2=CC=C(S(N(CC)CC)(=O)=O)C=C2)=O)C=C1,0.00564819669816643
CCOC1=CC=C(OCC(NC2=CC=C(S(N3CCCC3)(=O)=O)C=C2)=O)C=C1,0.005277167004533112
CCOC1=CC=C(OCC(NC2=CC=CC=C2)=O)C=C1,0.008561712829396129
CCOC1=CC=C(OCC(NC2=C(Br)C=C(C)C=C2)=O)C=C1,0.01016264371573925
CCOC1=CC=C(NC(COC2=CC=C(OCC)C=C2)=O)C=C1,0.008839650149457156
CCOC1=CC=C(OCC(NC2CCCCCC2)=O)C=C1,0.0138774445746094
CCOC1=CC=C(OCC(NC(C2=C(Cl)C=CC=C2)C)=O)C=C1,0.008949259924702347
CC(CN1C(C2=C(F)C=CC=C2)=NN=C1SC(C1=CC=CC=C1)C(NC1=C(Cl)C=CC(C(F)(F)F)=C1)=O)C,0.004185704118572176
CC(CN1C(C2=C(F)C=CC=C2)=NN=C1SCC(NC1=C(N(=O)=O)C=CC=C1C)=O)C,0.004660955455619842
CC(CN1C(C2=C(F)C=CC=C2)=NN=C1SCC(NC1=C(Cl)N=CC=C1)=O)C,0.005160160653758794
CC(CN1C(C2=C(F)C=CC=C2)=NN=C1SCC(NC1=CC(F)=C(C)C=C1)=O)C,0.00612809534650296
CC(CN1C(C2=C(F)C=CC=C2)=NN=C1SCC1N=C2N(C3=C(S2)C=CC=C3)C(=O)C=1)C,0.007516790810041129
CC(CN1C(C2=C(F)C=CC=C2)=NN=C1SCC(NC1SC=C(C2=CC=C(F)C=C2)N=1)=O)C,0.00580240881536156
CC(CN1C(C2=C(F)C=CC=C2)=NN=C1SCC(NC1=CC(Cl)=C(C#N)C=C1)=O)C,0.0041769524337723855
CC(CN1C(C2=C(F)C=CC=C2)=NN=C1SCC(NC(NC1CCCCC1)=O)=O)C,0.002339727967046201
CC(CN1C(C2=C(F)C=CC=C2)=NN=C1SCC(NCC1SC=CC=1)=O)C,0.005796704045496881
CC(CN1C(C2=C(F)C=CC=C2)=NN=C1SCC1OC(C2=C(Br)C=CC=C2)=NN=1)C,0.00966122830286622
CC(CN1C(C2=C(F)C=CC=C2)=NN=C1SCC(N1C(=O)CCC1)=O)C,0.0027702607098035515
CC(CCNC(NC(CSC1N(CC(C)C)C(C2=C(F)C=CC=C2)=NN=1)=O)=O)C,0.001956996612716466
CC(CN1C(C2=C(F)C=CC=C2)=NN=C1SCC(NC(NCC=C)=O)=O)C,0.0017688208492472768
CC(CN1C(C2=C(F)C=CC=C2)=NN=C1SCC(NC(NC1=CC2=C(OCCO2)C=C1)=O)=O)C,0.0018274249625392259
CCNC(NC(C(SC1N(CC(C)C)C(C2=C(F)C=CC=C2)=NN=1)C)=O)=O,0.0017465999291744084
CC(CN1C(C2=C(F)C=CC=C2)=NN=C1SCC(NC(C1=CC=C(F)C=C1)C)=O)C,0.006755063147284091
CC(CN1C(C2=C(F)C=CC=C2)=NN=C1SCC(NC1=CC=C(Br)C=C1)=O)C,0.006420557759702206
CC(CN1C(C2=C(F)C=CC=C2)=NN=C1SCC(NC1=CC=C(OCC2=CC=CC=C2)C=C1)=O)C,0.005869522178545594
COC1=CC(NC(CSC2N(CC(C)C)C(C3=C(F)C=CC=C3)=NN=2)=O)=CC=C1,0.005888408026657998
CC(CN1C(C2=C(F)C=CC=C2)=NN=C1SCC(NC1=CC(C#N)=CC=C1)=O)C,0.004595834040082991
CC(CN1C(C2=C(F)C=CC=C2)=NN=C1SCC(NC1=CC(C)=CC(C)=C1)=O)C,0.006551316869445145
CC(CN1C(C2=C(F)C=CC=C2)=NN=C1SCC(NC1=CC=C(S(N2CCCC2)(=O)=O)C=C1)=O)C,0.004150454513728618
CCOC1=CC=C(CN(C(CSC2N(CC(C)C)C(C3=C(F)C=CC=C3)=NN=2)=O)C)C=C1,0.008221582393161952
COC1=C(OC)C(CN(C(CSC2N(CC(C)C)C(C3=C(F)C=CC=C3)=NN=2)=O)C)=CC=C1,0.008096281508915126
CC(CN1C(C2=C(F)C=CC=C2)=NN=C1SCC(N(CC1SC=CC=1)C)=O)C,0.007444220338948071
CC(CN1C(C2=C(F)C=CC=C2)=NN=C1SCC(NC1CCCC1)=O)C,0.007354418723843991
CC(CN1C(C2=C(F)C=CC=C2)=NN=C1SCC(N1C2=C(C=CC=C2)SCC1)=O)C,0.007573655806481838
CC(CN1C(C2=C(F)C=CC=C2)=NN=C1SCC(NC1=C(C#N)C=C(N(=O)=O)C=C1)=O)C,0.0028858596982900054
CC(CN1C(C2=C(F)C=CC=C2)=NN=C1SCC(NC1=C(C(F)(F)F)C=CC=C1Cl)=O)C,0.004467384738381952
NN1C(SCCCOC2=CC=C(F)C=C2)=NN=C1CC1=C2C(C=CC=C2)=CC=C1,0.004686497594229877
CC(C(NC1=CC(C(C)=O)=CC=C1)=O)SC1N(N)C(CC2=C3C(C=CC=C3)=CC=C2)=NN=1,0.005574381304904818
NN1C(SCC(NC2=C(F)C=CC(F)=C2)=O)=NN=C1CC1=C2C(C=CC=C2)=CC=C1,0.0033024885458871724
CC1=C(C)C=C(C2N=C(NC(CSC3N(N)C(CC4=C5C(C=CC=C5)=CC=C4)=NN=3)=O)SC=2)C=C1,0.004373893106821925
CC(NC(NC(CSC1N(N)C(CC2=C3C(C=CC=C3)=CC=C2)=NN=1)=O)=O)C,0.0013109125604387373
NN1C(SCC(NCCC2=CC=C(Cl)C=C2)=O)=NN=C1CC1=C2C(C=CC=C2)=CC=C1,0.004208535305224359
NN1C(SCC(NC2=CC3=C(NC(N3)=O)C=C2)=O)=NN=C1CC1=C2C(C=CC=C2)=CC=C1,0.0017449367966037243
NN1C(SCC(N2CCN(S(C3=CC=CC=C3)(=O)=O)CC2)=O)=NN=C1CC1=C2C(C=CC=C2)=CC=C1,0.003079056937713176
NN1C(SCC(N2CCN(C3=CC=CC=C3)CC2)=O)=NN=C1CC1=C2C(C=CC=C2)=CC=C1,0.004322991159278899
CCOC(C1=C(NC(CSC2N(N)C(CC3=C4C(C=CC=C4)=CC=C3)=NN=2)=O)SC(C)=C1C)=O,0.0038612874574027955
NN1C(SCC2=C(C#N)C=CC=C2)=NN=C1CC1=C2C(C=CC=C2)=CC=C1,0.004694406781345606
CCCCOC(C1=CC=C(NC(CSC2N(N)C(CC3=C4C(C=CC=C4)=CC=C3)=NN=2)=O)C=C1)=O,0.003356701845768839
CCN(C(CSC1N(N)C(CC2=C3C(C=CC=C3)=CC=C2)=NN=1)=O)CC(C)=C,0.006645407644100487
NN1C(SCC(NNC(C2=C(F)C=CC=C2)=O)=O)=NN=C1CC1=C2C(C=CC=C2)=CC=C1,0.001753166489652358
NN1C(SCC(N2C(=O)CCC2)=O)=NN=C1CC1=C2C(C=CC=C2)=CC=C1,0.0020890308951493353
CC1SC=C(CSC2N(N)C(CC3=C4C(C=CC=C4)=CC=C3)=NN=2)N=1,0.005943939508870244
COC1=C(NC(CC2N=C(CSC3N(N)C(CC4=C5C(C=CC=C5)=CC=C4)=NN=3)ON=2)=O)C=CC=C1,0.00431273952126503
COC1=CC=C(CCSC2N(N)C(CC3=C4C(C=CC=C4)=CC=C3)=NN=2)C=C1,0.007209785003215075
CC1=C(CSC2N(N)C(CC3=C4C(C=CC=C4)=CC=C3)=NN=2)C=CC=C1,0.007620500330813229
NN1C(SCC(NC2=CC=C(OCC3=CC=CC=C3)C=C2)=O)=NN=C1CC1=C2C(C=CC=C2)=CC=C1,0.004422085965052247
CC1=C(NC(CSC2N(N)C(CC3=C4C(C=CC=C4)=CC=C3)=NN=2)=O)C=C(Cl)C=C1,0.003675628884229809
COC1=CC(NC(CSC2N(N)C(CC3=C4C(C=CC=C4)=CC=C3)=NN=2)=O)=C(OC)C=C1,0.004188702604733407
CCN(C1=CC=C(NC(CSC2N(N)C(CC3=C4C(C=CC=C4)=CC=C3)=NN=2)=O)C=C1)CC,0.004670552292373032
NN1C(SCC(NC2=C(Cl)C=C(F)C=C2)=O)=NN=C1CC1=C2C(C=CC=C2)=CC=C1,0.0032787360716611145
NN1C(SCC(NC2=C(Cl)C=C(Cl)C=C2Cl)=O)=NN=C1CC1=C2C(C=CC=C2)=CC=C1,0.003938192874193192
CC1=CC(NC(CSC2N(N)C(CC3=C4C(C=CC=C4)=CC=C3)=NN=2)=O)=CC(C)=C1,0.004737730929628014
CCC1=C(NC(CSC2N(N)C(CC3=C4C(C=CC=C4)=CC=C3)=NN=2)=O)C(CC)=CC=C1,0.0053875514073297385
NN1C(SCC(NC2=CC=C(F)C=C2)=O)=NN=C1CC1=C2C(C=CC=C2)=CC=C1,0.003521228861063719
NN1C(SCC2=CC(S(N3CCOCC3)(=O)=O)=CC=C2)=NN=C1CC1=C2C(C=CC=C2)=CC=C1,0.003519379138015211
CCC(C1=CC=C(NC(CSC2N(N)C(CC3=C4C(C=CC=C4)=CC=C3)=NN=2)=O)C=C1)C,0.005226164008490741
COC1=C(N(=O)=O)C=C(C)C(NC(CSC2N(N)C(CC3=C4C(C=CC=C4)=CC=C3)=NN=2)=O)=C1,0.0027908714255318046
NN1C(SCC(NC2=C(Cl)C(Cl)=CC=C2)=O)=NN=C1CC1=C2C(C=CC=C2)=CC=C1,0.003786165057681501
CC(C1C2CC(CC2)C1)NC(CSC1N(N)C(CC2=C3C(C=CC=C3)=CC=C2)=NN=1)=O,0.006832459522411227
NN1C(SCC(NCCCC2=CC=CC=C2)=O)=NN=C1CC1=C2C(C=CC=C2)=CC=C1,0.004736034828238189
NN1C(SCC(NC2=CC(S(N3CCOCC3)(=O)=O)=C(Cl)C=C2)=O)=NN=C1CC1=C2C(C=CC=C2)=CC=C1,0.002062588295666501
COC1=CC=C(CNC(CSC2N(N)C(CC3=C4C(C=CC=C4)=CC=C3)=NN=2)=O)C=C1,0.004725438775494695
CSC1=CC=C(CSC2N(N)C(CC3=C4C(C=CC=C4)=CC=C3)=NN=2)C=C1,0.007257522875443101
CCC(N1C(C2=CC(S(N3CCOCC3)(=O)=O)=CC=C2)=NN=C1SC(C(NC1=CC(Cl)=CC(Cl)=C1)=O)C)C,0.003456428868230432
CCC(N1C(C2=CC(S(N3CCOCC3)(=O)=O)=CC=C2)=NN=C1SCCOC1=CC(Cl)=CC=C1)C,0.004177411505952478
CCC(N1C(C2=CC(S(N3CCOCC3)(=O)=O)=CC=C2)=NN=C1SCC(NC1=C(C(OC2C(C(C)C)CCC(C)C2)=O)C=CC=C1)=O)C,0.003616865281946957
CCC(N1C(C2=CC(S(N3CCOCC3)(=O)=O)=CC=C2)=NN=C1SCC(C1C2=C(C=CC=C2)NC=1)=O)C,0.003958542260807008
CCC(N1C(C2=CC(S(N3CCOCC3)(=O)=O)=CC=C2)=NN=C1SCC1C2=C(C=C(C=C2)C)OC(=O)C=1)C,0.004298772069159895
CCC(N1C(C2=CC(S(N3CCOCC3)(=O)=O)=CC=C2)=NN=C1SCC1=CC(OC)=CC=C1)C,0.005523486947640777
CCC(N1C(C2=CC(S(N3CCOCC3)(=O)=O)=CC=C2)=NN=C1SCC(C1=C(C)C(C(OC)=O)=C(C)N1)=O)C,0.00448245566803962
CCC(N1C(C2=CC(S(N3CCOCC3)(=O)=O)=CC=C2)=NN=C1SCC1=CC=C(N(=O)=O)C=C1)C,0.0029657004051841795
CCC(N1C(C2=CC(S(N3CCOCC3)(=O)=O)=CC=C2)=NN=C1SCC(N(C1=CC=CC=C1)C(C)C)=O)C,0.004817143850959838
CCC(N1C(C2=CC(S(N3CCOCC3)(=O)=O)=CC=C2)=NN=C1SCC(N(C1=CC=CC=C1)C)=O)C,0.004606266785413027
CCC(N1C(C2=CC(S(N3CCOCC3)(=O)=O)=CC=C2)=NN=C1SCC(NC1=CC(C(C)=O)=CC=C1)=O)C,0.004619541228748858
CCC(N1C(C2=CC(S(N3CCOCC3)(=O)=O)=CC=C2)=NN=C1SCC(N1CCCCCC1)=O)C,0.005687723006121814
CCC(N1C(C2=CC(S(N3CCOCC3)(=O)=O)=CC=C2)=NN=C1SCC(NCC1OC=CC=1)=O)C,0.004564195475541055
CCC(N1C(C2=CC(S(N3CCOCC3)(=O)=O)=CC=C2)=NN=C1SCC(NCC1CCCCC1)=O)C,0.0053265316411852835
CCC(N1C(C2=CC(S(N3CCOCC3)(=O)=O)=CC=C2)=NN=C1SCC(NCC1OCCC1)=O)C,0.004598912782967091
CCC(N1C(C2=CC(S(N3CCOCC3)(=O)=O)=CC=C2)=NN=C1SCC(NC1=CC=C(C(N)=O)C=C1)=O)C,0.0035772812669165434
CCC(N1C(C2=CC(S(N3CCOCC3)(=O)=O)=CC=C2)=NN=C1SCC(NC1=C(C)C=C(N(=O)=O)C(OC)=C1)=O)C,0.0028371923486702143
CCC(N1C(C2=CC(S(N3CCOCC3)(=O)=O)=CC=C2)=NN=C1SCC(NC1=CC=C(C(C)=O)C=C1)=O)C,0.0045982509618625045
CCOC1=CC=C(NC(CSC2N(C(CC)C)C(C3=CC(S(N4CCOCC4)(=O)=O)=CC=C3)=NN=2)=O)C=C1,0.003924168017692864
CCC(N1C(C2=CC(S(N3CCOCC3)(=O)=O)=CC=C2)=NN=C1SCC(NC1=CC=C(C#N)C=C1)=O)C,0.0030357961484696718
CCC(N1C(C2=CC(S(N3CCOCC3)(=O)=O)=CC=C2)=NN=C1SCC(NC1=C(SC2=CC=CC=C2)C=CC=C1)=O)C,0.0034565205103717746
CCC(N1C(C2=CC(S(N3CCOCC3)(=O)=O)=CC=C2)=NN=C1SCC(N1CCCC1)=O)C,0.0054039836162701246
CC1N(C)N(C2=CC=CC=C2)C(=O)C=1NC(CSC1SC(=NCC2=CC=CC=C2)N(C)N=1)=O,0.0065714315278455615
CC(NC(NC(CSC1N(CC2=CC=CC=C2)C(C2=CC=C(C(C)(C)C)C=C2)=NN=1)=O)=O)(C)C,0.0025420285994186996
CC(C1=CC=C(C2N(CC3=CC=CC=C3)C(SCC3N=C4N(C5=C(S4)C=CC=C5)C(=O)C=3)=NN=2)C=C1)(C)C,0.009047103533521294
CC(C1=CC=C(C2N(CC3=CC=CC=C3)C(SCC(NC3=CC=C(OC(F)F)C=C3)=O)=NN=2)C=C1)(C)C,0.004787950334139169
COC1=CC=C(C2N=C(NC(CSC3N(CC4=CC=CC=C4)C(C4=CC=C(C(C)(C)C)C=C4)=NN=3)=O)SC=2)C=C1,0.00636378675699234
CCOC(C1=C(NC(CSC2N(CC3=CC=CC=C3)C(C3=CC=C(C(C)(C)C)C=C3)=NN=2)=O)SC(C(NC2=CC=CC=C2)=O)=C1C)=O,0.004364618845283985
CC(C1=CC=C(C2N(CC3=CC=CC=C3)C(SCC(NCC(F)(F)F)=O)=NN=2)C=C1)(C)C,0.005690832086838782
CC(NC(CSC1N(CC2=CC=CC=C2)C(C2=CC=C(C(C)(C)C)C=C2)=NN=1)=O)C,0.009951837500557304
CC(N1CCN(C(CSC2N(CC3=CC=CC=C3)C(C3=CC=C(C(C)(C)C)C=C3)=NN=2)=O)CC1)=O,0.00770078191999346
CNC(CSC1N(CC2=CC=CC=C2)C(C2=CC=C(C(C)(C)C)C=C2)=NN=1)=O,0.008793109096586704
CC(C1=CC=C(C2N(CC3=CC=CC=C3)C(SC(C3=CC=CC=C3)C3=CC=CC=C3)=NN=2)C=C1)(C)C,0.01821609353646636
CC1=CC2=C(C(=CC(O2)=O)CSC2N(CC3=CC=CC=C3)C(C3=CC=C(C(C)(C)C)C=C3)=NN=2)C=C1,0.009384030615910888
CC(C1=CC=C(C2N(CC3=CC=CC=C3)C(SCC(NC3N(C4=CC=CC=C4)N=C(C4=CC=CC=C4)C=3)=O)=NN=2)C=C1)(C)C,0.006370323547162116
COC(C1=C(C)OC(CSC2N(CC3=CC=CC=C3)C(C3=CC=C(C(C)(C)C)C=C3)=NN=2)=C1)=O,0.010177041869610548
CC(C(NC(N)=O)=O)SC1N(CC2=CC=CC=C2)C(C2=CC=C(C(C)(C)C)C=C2)=NN=1,0.0022952225641347467
CC(C1=CC=C(C2N(CC3=CC=CC=C3)C(SCC#N)=NN=2)C=C1)(C)C,0.008754143157784711
CC(C1=CC=C(C2N(CC3=CC=CC=C3)C(SCC(NC3=CC(Cl)=C(F)C=C3)=O)=NN=2)C=C1)(C)C,0.005995090887881816
CC(C1=CC=C(C2N(CC3=CC=CC=C3)C(SCCC#N)=NN=2)C=C1)(C)C,0.007787680608453229
COC(C(SC1N(CC2=CC=CC=C2)C(C2=CC=C(C(C)(C)C)C=C2)=NN=1)C)=O,0.011733967205509543
CC1=C(NC(CSC2N(CC3=CC=CC=C3)C(C3=CC=C(C(C)(C)C)C=C3)=NN=2)=O)C(C)=CC=C1,0.008896171231754124
CC(C1=CC=C(C2N(CC3=CC=CC=C3)C(SCC(NC3=CC=C(S(N4CCCC4)(=O)=O)C=C3)=O)=NN=2)C=C1)(C)C,0.004214184416923672
CC(C1=CC=C(C2N(CC3=CC=CC=C3)C(SCC(NC3=CC=C(F)C=C3)=O)=NN=2)C=C1)(C)C,0.006325077195651829
CC(C1=CC=C(C2N(CC3=CC=CC=C3)C(SCC(NC3=C(Cl)C(Cl)=CC=C3)=O)=NN=2)C=C1)(C)C,0.00680655431933701
CC(C1=CC=C(C2N(CC3=CC=CC=C3)C(SCC(NCCC3=CC=CC=C3)=O)=NN=2)C=C1)(C)C,0.00920757194980979
CC(C1=CC=C(C2N(CC3=CC=CC=C3)C(SCC(NC3=C(Cl)C=CC=C3Cl)=O)=NN=2)C=C1)(C)C,0.00699497819878161
CC(C1=CC=C(NC(CSC2N(CC3=CC=CC=C3)C(C3=CC=C(C(C)(C)C)C=C3)=NN=2)=O)C=C1)=O,0.00905549111776054
CN1C(=O)N(C)C(=O)C(C(CSC2N(CC3=CC=CC=C3)C(C3=CC=C(C(C)(C)C)C=C3)=NN=2)=O)=C1N,0.007061207154765725
CC(C1=CC=C(C2N(CC3=CC=CC=C3)C(SCC(N3CCCCC3)=O)=NN=2)C=C1)(C)C,0.009698820021003484
CC1N(C2=CC(C)=CC(C)=C2)C(C)=C(C(CSC2N(CC3=CC=CC=C3)C(C3=CC=C(C(C)(C)C)C=C3)=NN=2)=O)C=1,0.014774838183075189
CC1N(C2=CC(F)=C(C)C=C2)C(C)=C(C(CSC2N(CC3=CC=CC=C3)C(C3=CC=C(C(C)(C)C)C=C3)=NN=2)=O)C=1,0.010380266327410936
CCC1=CC=C(OCC2N(CC(C)C)C(SCC(NC3(CS(=O)(=O)CC3)C)=O)=NN=2)C=C1,0.006884710351005197
CCC1=CC=C(OCC2N(CC(C)C)C(SCC(NC3SC=C(C4=CC(Cl)=C(Cl)C=C4)N=3)=O)=NN=2)C=C1,0.005981430737301707
CCC1=CC=C(OCC2N(CC(C)C)C(SCC3=C4C(COCO4)=CC(N(=O)=O)=C3)=NN=2)C=C1,0.007156121218577028
CCC1=CC=C(OCC2N(CC(C)C)C(SCCOC3=CC(C)=CC=C3)=NN=2)C=C1,0.01377186393365264
CCC1=CC=C(OCC2N(CC(C)C)C(SCC(C3C4=C(C=CC=C4)N(C)C=3C3=CC=CC=C3)=O)=NN=2)C=C1,0.013275986537337303
CCC1=CC=C(OCC2N(CC(C)C)C(SCC(C3=C(C)N(CC4=CC=C(F)C=C4)C(C)=C3)=O)=NN=2)C=C1,0.012121662497520447
CCC1=CC=C(OCC2N(CC(C)C)C(SCC(NC3C(C(C)C)=CC=CC=3C(C)C)=O)=NN=2)C=C1,0.01087987245991826
CCC1=CC=C(OCC2N(CC(C)C)C(SC(C(NC(N)=O)=O)C(C)C)=NN=2)C=C1,0.0026886456180363894
CCC1=CC=C(OCC2N(CC(C)C)C(SCC(NC3=CC(C(F)(F)F)=CC=C3)=O)=NN=2)C=C1,0.005908164428547025
CCC1=CC=C(OCC2N(CC(C)C)C(SCC(N3CCN(C(C4OC=CC=4)=O)CC3)=O)=NN=2)C=C1,0.008147498895414173
CCC1=CC=C(OCC2N(CC(C)C)C(SCC(NC(C3=CC=CC=C3)C3=CC=CC=C3)=O)=NN=2)C=C1,0.009914374211803079
CC1=C(N2C(C3=CC=C(C(C)(C)C)C=C3)=NN=C2SCC(NCC2=CC=C(F)C=C2)=O)C=CC=C1,0.006731200311332941
CC1=CC(NC(C(C2=CC=CC=C2)SC2N(C3=C(C)C=CC=C3)C(C3=CC=C(C(C)(C)C)C=C3)=NN=2)=O)=CC(C)=C1,0.008924486627802253
CC1=C(N2C(C3=CC=C(C(C)(C)C)C=C3)=NN=C2SCC(NC2=CC(F)=CC=C2)=O)C=CC=C1,0.006616926495917141
CC1=CC=C(OCCSC2N(C3=C(C)C=CC=C3)C(C3=CC=C(C(C)(C)C)C=C3)=NN=2)C=C1,0.013963393121957778
CC1=C(N2C(C3=CC=C(C(C)(C)C)C=C3)=NN=C2SCCOC2=CC=CC=C2)C=CC=C1,0.013473039958626032
CC1=C(N2C(C3=CC=C(C(C)(C)C)C=C3)=NN=C2SCC(NC2=CC=C(OC(F)F)C=C2)=O)C=CC=C1,0.004956564458552748
CC1=C(N2C(C3=CC=C(C(C)(C)C)C=C3)=NN=C2SCC(NC2=CC=C(S(N)(=O)=O)C=C2)=O)C=CC=C1,0.005230771715287119
CC1=C(N2C(C3=CC=C(C(C)(C)C)C=C3)=NN=C2SCC(NC2=CC(S(N)(=O)=O)=CC=C2)=O)C=CC=C1,0.0050891499733552335
CC1=C(N2C(C3=CC=C(C(C)(C)C)C=C3)=NN=C2SCC(NC2SC=C(C3=CC=C(F)C=C3)N=2)=O)C=CC=C1,0.005827842699363828
CC1=CC(C)=C(S(N2CCN(C(CSC3N(C4=C(C)C=CC=C4)C(C4=CC=C(C(C)(C)C)C=C4)=NN=3)=O)CC2)(=O)=O)C=C1,0.004852589697111398
CC(C(NC(CSC1N(C2=C(C)C=CC=C2)C(C2=CC=C(C(C)(C)C)C=C2)=NN=1)=O)C)C,0.011789645254611968
CC(C1=C(NC(CSC2N(C3=C(C)C=CC=C3)C(C3=CC=C(C(C)(C)C)C=C3)=NN=2)=O)C(C(C)C)=CC=C1)C,0.009377438807860017
CC1=C(N2C(C3=CC=C(C(C)(C)C)C=C3)=NN=C2SCC(N(C(C)(C)C)CC2=CC=CC=C2)=O)C=CC=C1,0.011453997856006027
CC1N(CCC2=CC=C(F)C=C2)C(C)=C(C(CSC2N(C3=C(C)C=CC=C3)C(C3=CC=C(C(C)(C)C)C=C3)=NN=2)=O)C=1,0.011245830869302153
CCCC(NC(CSC1N(C2=C(C)C=CC=C2)C(C2=CC=C(C(C)(C)C)C=C2)=NN=1)=O)C,0.011104968935251236
CC1N(C(CSC2N(C3=C(C)C=CC=C3)C(C3=CC=C(C(C)(C)C)C=C3)=NN=2)=O)CCCC1,0.010246111592277885
CC1=C(C)C2=C(N=C(NC2=O)CSC2N(C3=C(C)C=CC=C3)C(C3=CC=C(C(C)(C)C)C=C3)=NN=2)S1,0.005854539852589369
CC1=C(N2C(C3=CC=C(C(C)(C)C)C=C3)=NN=C2SCC2N(CC#N)C(=O)C3=C(C=CC=C3)N=2)C=CC=C1,0.005243056299514137
CSC1N(C2=C(C)C=CC=C2)C(C2=CC=C(C(C)(C)C)C=C2)=NN=1,0.015417989250272513
CC1=C(N2C(C3=CC=C(C(C)(C)C)C=C3)=NN=C2SCCCC(C2=CC=C(Br)C=C2)=O)C=CC=C1,0.013700391538441182
CC1=CC(NC(CSC2N(C3=C(C)C=CC=C3)C(C3=CC=C(C(C)(C)C)C=C3)=NN=2)=O)=CC=C1,0.008786110999062657
CC1=C(NC(CSC2N(C3=C(C)C=CC=C3)C(C3=CC=C(C(C)(C)C)C=C3)=NN=2)=O)C=C(Cl)C=C1,0.007212990010157227
CC1=CC=C(NC(CSC2N(C3=C(C)C=CC=C3)C(C3=CC=C(C(C)(C)C)C=C3)=NN=2)=O)C=C1,0.008889592811465263
CC1=C(N2C(C3=CC=C(C(C)(C)C)C=C3)=NN=C2SCC(N2C3=C(C=CC=C3)CC2)=O)C=CC=C1,0.010172654734924435
CC1=C(N2C(C3=CC=C(C(C)(C)C)C=C3)=NN=C2SCC(NC2CCCC2)=O)C=CC=C1,0.010691149113699793
CCC(C1=C(NC(CSC2N(C3=C(C)C=CC=C3)C(C3=CC=C(C(C)(C)C)C=C3)=NN=2)=O)C=CC=C1)C,0.00919038224965334
CC1=C(N2C(C3=CC=C(C(C)(C)C)C=C3)=NN=C2SCC(NC2=C(C#N)C=C(N(=O)=O)C=C2)=O)C=CC=C1,0.0034019782207906244
CC1=C(N2C(C3=CC=C(C(C)(C)C)C=C3)=NN=C2SCC(N2CCC(C(N)=O)CC2)=O)C=CC=C1,0.006985145434737205
CC1=C(N2C(C3=CC=C(C(C)(C)C)C=C3)=NN=C2SCC(C2C(=O)N(C)C(=O)N(C)C=2N)=O)C=CC=C1,0.007260438916273415
CC1CN(C(CSC2N(C3=C(C)C=CC=C3)C(C3=CC=C(C(C)(C)C)C=C3)=NN=2)=O)CCC1,0.010683222487568856
CC1CCN(C(CSC2N(C3=C(C)C=CC=C3)C(C3=CC=C(C(C)(C)C)C=C3)=NN=2)=O)CC1,0.010830708825960756
CC1=C(N2C(C3=CC=C(C(C)(C)C)C=C3)=NN=C2SCC(C2=CC3=C(OCC(N3)=O)C=C2)=O)C=CC=C1,0.00837246342562139
CC1N(C(CSC2N(C3=C(C)C=CC=C3)C(C3=CC=C(C(C)(C)C)C=C3)=NN=2)=O)C(C)CCC1,0.010509424097836017
CC(C1=CC=C(N2C(C)=C(C(CSC3N(C4=C(C)C=CC=C4)C(C4=CC=C(C(C)(C)C)C=C4)=NN=3)=O)C=C2C)C=C1)C,0.015180415101349353
CC1N(C2=CC(C)=CC(C)=C2)C(C)=C(C(CSC2N(C3=C(C)C=CC=C3)C(C3=CC=C(C(C)(C)C)C=C3)=NN=2)=O)C=1,0.015424210485070944
CC1N(C2=CC(F)=CC=C2)C(C)=C(C(CSC2N(C3=C(C)C=CC=C3)C(C3=CC=C(C(C)(C)C)C=C3)=NN=2)=O)C=1,0.011054597469046712
CCN(S(C1=CC(C2N(C(COC)C)C(SC(C(NC3=CC=C(CC)C=C3)=O)C)=NN=2)=CC=C1)(=O)=O)CC,0.004640604369342327
CCN(S(C1=CC(C2N(C(COC)C)C(SCC3=CC=C(C)C=C3)=NN=2)=CC=C1)(=O)=O)CC,0.006881278520449996
CCSC1N(C(COC)C)C(C2=CC(S(N(CC)CC)(=O)=O)=CC=C2)=NN=1,0.007099933107383549
CCN(S(C1=CC(C2N(C(COC)C)C(SCC3=CC=CC=C3)=NN=2)=CC=C1)(=O)=O)CC,0.006593553419224918
CCN(S(C1=CC(C2N(C(COC)C)C(SCC(OC)=O)=NN=2)=CC=C1)(=O)=O)CC,0.006140116532333195
CCN(S(C1=CC(C2N(C(COC)C)C(SCC(C)C)=NN=2)=CC=C1)(=O)=O)CC,0.007993861264549196
CCN(S(C1=CC(C2N(C(COC)C)C(SCC3=C(Cl)C=CC=C3)=NN=2)=CC=C1)(=O)=O)CC,0.005542860412970185
CCN(S(C1=CC(C2N(C(COC)C)C(SCCC#N)=NN=2)=CC=C1)(=O)=O)CC,0.0038165423000464218
CCN(S(C1=CC(C2N(C(COC)C)C(SCC(NCC3=CC=C(Cl)C=C3)=O)=NN=2)=CC=C1)(=O)=O)CC,0.003944612131454051
CCN(S(C1=CC(C2N(C(COC)C)C(SCC(NC3=C(C)C=CC(Cl)=C3)=O)=NN=2)=CC=C1)(=O)=O)CC,0.0038039330043829977
CCN(S(C1=CC(C2N(C(COC)C)C(SCC(NC3=C(C)C=CC(S(N(C)C)(=O)=O)=C3)=O)=NN=2)=CC=C1)(=O)=O)CC,0.004236183338798582
CCN(S(C1=CC(C2N(C(COC)C)C(SCC(N3C4=C(C=CC=C4)CC3)=O)=NN=2)=CC=C1)(=O)=O)CC,0.005455704592168331
CCN(S(C1=CC(C2N(C(COC)C)C(SCC(NCCC3=CC=CC=C3)=O)=NN=2)=CC=C1)(=O)=O)CC,0.0046960740815848116
CCN(S(C1=CC(C2N(C(COC)C)C(SCC(Cl)=C)=NN=2)=CC=C1)(=O)=O)CC,0.00671122558414936
CC(C1=CC(C)=C(C)C=C1)NC(CSC1OC2=C(C=C(S(N3CCOCC3)(=O)=O)C=C2)N=1)=O,0.004425174102652818
O=C(NC1=CC2=C(CCC2)C=C1)CSC1OC2=C(C=C(S(N3CCOCC3)(=O)=O)C=C2)N=1,0.00427432683063671
FC(CNC(CSC1OC2=C(C=C(S(N3CCOCC3)(=O)=O)C=C2)N=1)=O)(F)F,0.0023892785102361813
O=C(NC1CS(=O)(=O)CC1)CSC1OC2=C(C=C(S(N3CCOCC3)(=O)=O)C=C2)N=1,0.0033757638186216353
FC(C1=CC(NC(CSC2OC3=C(C=C(S(N4CCOCC4)(=O)=O)C=C3)N=2)=O)=CC=C1)(F)F,0.0026511147560086103
O=C(NCC1OC=CC=1)CSC1OC2=C(C=C(S(N3CCOCC3)(=O)=O)C=C2)N=1,0.0038199574686586858
O=C(NC1=CC2=C(C=CC=C2)C=C1)CSC1OC2=C(C=C(S(N3CCOCC3)(=O)=O)C=C2)N=1,0.00327746361726895
O=C(NCC1=CC2=C(OCO2)C=C1)CSC1OC2=C(C=C(S(N3CCOCC3)(=O)=O)C=C2)N=1,0.00348576974356547
O=C(NCC1OCCC1)CSC1OC2=C(C=C(S(N3CCOCC3)(=O)=O)C=C2)N=1,0.004290766641497612
ClC1=CC(Cl)=C(NC(CSC2OC3=C(C=C(S(N4CCOCC4)(=O)=O)C=C3)N=2)=O)C=C1,0.003352105151861906
CCOC(C1=C(NC(CSC2OC3=C(C=C(S(N4CCOCC4)(=O)=O)C=C3)N=2)=O)C=CC=C1)=O,0.003778783848974854
COC1=C(OC)C=C(CCNC(CSC2OC3=C(C=C(S(N4CCOCC4)(=O)=O)C=C3)N=2)=O)C=C1,0.003849112649913877
O=C(NC1(C#N)CCCC1)CSC1OC2=C(C=C(S(N3CCOCC3)(=O)=O)C=C2)N=1,0.0029204878761902365
CCCCCC(CN1C(C2=CC=C(C(C)(C)C)C=C2)=NN=C1SCC(C1=C(C)C(C(OCC)=O)=C(C)N1)=O)C,0.008306769863702356
CCCCCC(CN1C(C2=CC=C(C(C)(C)C)C=C2)=NN=C1SCC(NC1=CC=C(OC(F)F)C=C1)=O)C,0.005871413717977702
CCCCCC(CN1C(C2=CC=C(C(C)(C)C)C=C2)=NN=C1SCC(C(C#N)=C(N)C)=O)C,0.011700284574180842
CCCCCC(CN1C(C2=CC=C(C(C)(C)C)C=C2)=NN=C1SCC1NC(=O)C2=C(SC(=C2C)C(OCC)=O)N=1)C,0.005358718265779316
CCCCCC(CN1C(C2=CC=C(C(C)(C)C)C=C2)=NN=C1SCC(NC(NCC1OC=CC=1)=O)=O)C,0.0030688094557262957
CCCCCC(CN1C(C2=CC=C(C(C)(C)C)C=C2)=NN=C1SCC(N)=O)C,0.012251511914655566
CCCCCC(CN1C(C2=CC=C(C(C)(C)C)C=C2)=NN=C1SCC(NC1=C(F)C=C(F)C=C1)=O)C,0.008157746121287345
CCCCCC(CN1C(C2=CC=C(C(C)(C)C)C=C2)=NN=C1SCC(NC1=CC(Cl)=C(OC)C=C1)=O)C,0.007797656138427556
CCCCCC(CN1C(C2=CC=C(C(C)(C)C)C=C2)=NN=C1SCC(NC1=CC=C(C(N)=O)C=C1)=O)C,0.007092027948237956
CCCCCC(CN1C(C2=CC=C(C(C)(C)C)C=C2)=NN=C1SCC(C1=CC=C(Br)C=C1)=O)C,0.016267358511686324
CC1=CC(NC(C(C2=CC=CC=C2)SC2N(C3=CC=CC=C3)C(C3=CC=C(C(C)(C)C)C=C3)=NN=2)=O)=CC(C)=C1,0.008656272944062949
CC1=CC=C(OCCSC2N(C3=CC=CC=C3)C(C3=CC=C(C(C)(C)C)C=C3)=NN=2)C=C1,0.013278047693893314
CC1N(NC(C2=CC=CC=C2)=O)C(C)=C(C(CSC2N(C3=CC=CC=C3)C(C3=CC=C(C(C)(C)C)C=C3)=NN=2)=O)C=1,0.008903451357036829
CC(C1=CC=C(C2N(C3=CC=CC=C3)C(SCC(NC3=CC=C(OC(F)F)C=C3)=O)=NN=2)C=C1)(C)C,0.004804212274029851
CC(C1=CC=C(C2N(C3=CC=CC=C3)C(SCC(NC3=CC=C(C(O)=O)C=C3)=O)=NN=2)C=C1)(C)C,0.005514644226059318
CC(C(NC(CSC1N(C2=CC=CC=C2)C(C2=CC=C(C(C)(C)C)C=C2)=NN=1)=O)C)C,0.010963988583534956
CC(C1=CC=C(C2N(C3=CC=CC=C3)C(SCC(NCC(F)(F)F)=O)=NN=2)C=C1)(C)C,0.005683898145798593
CC1=CC(C(CSC2N(C3=CC=CC=C3)C(C3=CC=C(C(C)(C)C)C=C3)=NN=2)=O)=C(C)C=C1,0.01576005630195141
CCOC(C1=C(NC(CSC2N(C3=CC=CC=C3)C(C3=CC=C(C(C)(C)C)C=C3)=NN=2)=O)SC(C2=CC=CC=C2)=C1)=O,0.005391453602351248
COC1=C(CSC2N(C3=CC=CC=C3)C(C3=CC=C(C(C)(C)C)C=C3)=NN=2)C=C(C(C)=O)C=C1,0.014564810693264008
CC(NC(CSC1N(C2=CC=CC=C2)C(C2=CC=C(C(C)(C)C)C=C2)=NN=1)=O)(C)C,0.010217993520200253
CC(C1=CC=C(C2N(C3=CC=CC=C3)C(SCC(NCC=C)=O)=NN=2)C=C1)(C)C,0.009376636520028115
CC(C1=CC=C(C2N(C3=CC=CC=C3)C(SCC(NC3C=C(C(N)=O)C=C(C(N)=O)C=3)=O)=NN=2)C=C1)(C)C,0.006846302375197411
COCC(N1C(C)=C(C(CSC2N(C3=CC=CC=C3)C(C3=CC=C(C(C)(C)C)C=C3)=NN=2)=O)C=C1C)C,0.014011079911142588
CC(CNC(CSC1N(C2=CC=CC=C2)C(C2=CC=C(C(C)(C)C)C=C2)=NN=1)=O)C,0.010367801692336798
CCC(NC(CSC1N(C2=CC=CC=C2)C(C2=CC=C(C(C)(C)C)C=C2)=NN=1)=O)CC,0.01057255631312728
CCOCCCNC(CSC1N(C2=CC=CC=C2)C(C2=CC=C(C(C)(C)C)C=C2)=NN=1)=O,0.007715484220534563
CCCNC(CSC1N(C2=CC=CC=C2)C(C2=CC=C(C(C)(C)C)C=C2)=NN=1)=O,0.009467684337869287
CCOC(CCCNC(CSC1N(C2=CC=CC=C2)C(C2=CC=C(C(C)(C)C)C=C2)=NN=1)=O)=O,0.006665062974207103
COC1=C(S(N2CCOCC2)(=O)=O)C=C(NC(CSC2N(C3=CC=CC=C3)C(C3=CC=C(C(C)(C)C)C=C3)=NN=2)=O)C=C1,0.0035723036038689316
CCN(C(CSC1N(C2=CC=CC=C2)C(C2=CC=C(C(C)(C)C)C=C2)=NN=1)=O)C1CS(=O)(=O)CC1,0.006785223307088017
CC(C(N)=O)SC1N(C2=CC=CC=C2)C(C2=CC=C(C(C)(C)C)C=C2)=NN=1,0.00980964065529406
CC(C1=CC=C(C2N(C3=CC=CC=C3)C(SCC3=C(Cl)C=CC=C3F)=NN=2)C=C1)(C)C,0.008346199011430144
COC(C(SC1N(C2=CC=CC=C2)C(C2=CC=C(C(C)(C)C)C=C2)=NN=1)C)=O,0.011640894832089544
COC1=C(CNC(CSC2N(C3=CC=CC=C3)C(C3=CC=C(C(C)(C)C)C=C3)=NN=2)=O)C=CC=C1,0.008267711848020554
CC(C1=CC=C(C2N(C3=CC=CC=C3)C(SCC(NC3=C(Cl)C=C(F)C=C3)=O)=NN=2)C=C1)(C)C,0.006112590595148504
CC(C1=CC=C(C2N(C3=CC=CC=C3)C(SCC(N3CCN(C(C4OC=CC=4)=O)CC3)=O)=NN=2)C=C1)(C)C,0.007480764598585665
CC(C1=CC=C(C2N(C3=CC=CC=C3)C(SCC(NC3=C(Cl)C=C(Cl)C=C3Cl)=O)=NN=2)C=C1)(C)C,0.006894159922376275
CC(C1=CC=C(C2N(C3=CC=CC=C3)C(SCC(N3CC4=C(C=CC=C4)CC3)=O)=NN=2)C=C1)(C)C,0.010699709504842758
CC(C1=CC=C(C2N(C3=CC=CC=C3)C(SCC(N3C4=C(C=CC=C4)CCC3)=O)=NN=2)C=C1)(C)C,0.009844441013410688
CC(C1=C(Cl)C=C(Cl)C=C1)NC(C(SC1N(C2=CC=CC=C2)C(C2=CC=C(C(C)(C)C)C=C2)=NN=1)C)=O,0.007736208965070546
CC(C1=CC=C(C2N(C3=CC=CC=C3)C(SCC(C3=CC=C(N(=O)=O)C=C3)=O)=NN=2)C=C1)(C)C,0.007570691639557481
COC1=CC(N(=O)=O)=C(NC(CSC2N(C3=CC=CC=C3)C(C3=CC=C(C(C)(C)C)C=C3)=NN=2)=O)C=C1,0.004989971884060651
CC(C1=CC=C(C2N(C3=CC=CC=C3)C(SCC(NC3=CC=C(N(=O)=O)C=C3)=O)=NN=2)C=C1)(C)C,0.004326334351208061
CC(C1=CC=C(C2N(C3=CC=CC=C3)C(SCC(N3C4=C(C=CC=C4)SC4=C3C=CC=C4)=O)=NN=2)C=C1)(C)C,0.009603372262790798
CN1C(=O)N(C)C(=O)C(C(CSC2N(C3=CC=CC=C3)C(C3=CC=C(C(C)(C)C)C=C3)=NN=2)=O)=C1N,0.007110677845776081
CC(C1=CC=C(C2N(C3=CC=CC=C3)C(SCC(N3CCCC3)=O)=NN=2)C=C1)(C)C,0.010797956818714738
CC(C(NC1=CC(C(F)(F)F)=CC=C1)=O)SC1N(C2=CC=CC=C2)C(C2=CC=C(C(C)(C)C)C=C2)=NN=1,0.0055175798013806345
CC1CCC2(C(=O)N(CC(N3C4=C(C=CC=C4)SC(C)CC3)=O)C(=O)N2)CC1,0.002798043529037386
COCC(NC(CN1C(=O)C2(CCC(C)CC2)NC1=O)=O)C,0.0028519403073005377
CC(C1=CC=C(F)C=C1)NC(CN1C(=O)C2(CCC(C)CC2)NC1=O)=O,0.0028248658520169554
CC(C1=CC=C(F)C=C1)N1C(=O)C2(CCCCCC2)NC1=O,0.0030701485462486743
CC(C(NC1=CC=C(OC2=CC=CC=C2)C=C1)=O)N1C(=O)C2(CCCCCC2)NC1=O,0.0026553620933555066
CC1=C(NC(CN2C(=O)C3(CCCCCC3)NC2=O)=O)C=CC(Cl)=C1,0.002339881588704884
CC1=CC=C(OCCN2C(=O)C3(CCCCCC3)NC2=O)C=C1,0.0033440103521570562
CC1=C(OCCN2C(=O)C3(CCCCCC3)NC2=O)C=CC=C1,0.0034351828973740338
O=C1N(CCOC2=CC=CC=C2)C(=O)C2(CCCCCC2)N1,0.003182875760830939
O=C1N(CCCC2=CC=CC=C2)C(=O)C2(CCCCCC2)N1,0.0038402768201194703
ClC1=CC(Cl)=C(CNC(CN2C(=O)C3(CCCCCC3)NC2=O)=O)C=C1,0.0026390957529656587
IC1=CC(NC(CN2C(=O)C3(CCCCCC3)NC2=O)=O)=CC=C1,0.0029618321801535784
O=C(NC1=C(CC2=CC=CC=C2)C=CC=C1)CN1C(=O)C2(CCCCCC2)NC1=O,0.0029455821379087864
CCOC1=C(NC(CN2C(=O)C3(CCCCCC3)NC2=O)=O)C=C(OCC)C(N2CCOCC2)=C1,0.0028877039207145573
CC1=CC(Cl)=C(NC(CN2C(=O)C3(CCCCCC3)NC2=O)=O)C(C)=C1,0.0026347205333877356
CC(C1=C(NC(CN2C(=O)C3(CCCCCC3)NC2=O)=O)C(C(C)C)=CC=C1)C,0.0038914139033295212
O=C1N(CC2=C(C#N)C=CC=C2)C(=O)C2(CCCCCC2)N1,0.002376612299121916
CCN(C(CN1C(=O)C2(CCCCCC2)NC1=O)=O)CC,0.0029676529346033933
O=C(C1=CC=C(C2CCCCC2)C=C1)CN1C(=O)C2(CCCCCC2)NC1=O,0.0063816986978054045
O=C(NCC1SC=CC=1)CN1C(=O)C2(CCCCCC2)NC1=O,0.002020586864091456
CCCCCC(NC1=CC=C(C(CN2C(=O)C3(CCCCCC3)NC2=O)=O)C=C1)=O,0.004612946347333491
CC1=CC(C)=C(C(CN2C(=O)C3(CCCCCC3)NC2=O)=O)C=C1,0.005509948404505849
COC1=CC(OC)=C(C(CN2C(=O)C3(CCCCCC3)NC2=O)=O)C=C1,0.004916589451022446
CC1(C(=O)NC2=C(C=CC=C2)N1C(CN1C(=O)C2(CCCCCC2)NC1=O)=O)C,0.003257054905407131
CC1N(C2=CC3=C(OCCO3)C=C2)C(C)=C(C(CN2C(=O)C3(CCCCCC3)NC2=O)=O)C=1,0.003979914414230734
CC(C1=C(C)C=C(OCCN2C(=O)C3(CCCCCC3)NC2=O)C=C1)C,0.004298062529414892
ClC1=C(Cl)C=C(CN2C(=O)C3(CCCCCC3)NC2=O)C=C1,0.0033764294814318417
CC1N(CC2=CC3=C(OCO3)C=C2)C(C)=C(C(CN2C(=O)C3(CCCCCC3)NC2=O)=O)C=1,0.004024845629464835
CC1=C(NC(CN2C(=O)C3(CCCCCC3)NC2=O)=O)C=CC(Br)=C1,0.00312612991547212
O=C1N(CC2=CC=C(C#N)C=C2)C(=O)C2(CCCCCC2)N1,0.002745646209223196
O=C1N(CC2=CC=CC=C2)C(=O)C2(CCCCCC2)N1,0.0031759474892169236
BrC1=CC=C(CN2C(=O)C3(CCCCCC3)NC2=O)C=C1,0.004111486650072038
ClC1=CC(Cl)=C(CN2C(=O)C3(CCCCCC3)NC2=O)C=C1,0.0032716564019210637
ClC1=CC=C(C(CN2C(=O)C3(CCCCCC3)NC2=O)=O)C=C1,0.0045850405935198065
FC1=CC=C(C(CN2C(=O)C3(CCCCCC3)NC2=O)=O)C=C1,0.004520389577373862
O=C(NCC1OC=CC=1)CN1C(=O)C2(CCCCCC2)NC1=O,0.0026906425831839443
FC1=CC(Cl)=C(NC(CN2C(=O)C3(CCCCCC3)NC2=O)=O)C=C1,0.0023427191481459886
O=C(NC1=CC(S(N2CCCCC2)(=O)=O)=CC=C1)CN1C(=O)C2(CCCCCC2)NC1=O,0.001958787615876645
O=C(N1C2=C(C=CC=C2)CC1)CN1C(=O)C2(CCCCCC2)NC1=O,0.0029615806532092394
FC(C1=CC(C(F)(F)F)=CC(NC(CN2C(=O)C3(CCCCCC3)NC2=O)=O)=C1)(F)F,0.0022620437841396777
CN(C(CN1C(=O)C2(CCCCCC2)NC1=O)=O)CC1=C(Cl)C=CC=C1F,0.002889713901095092
CC1=C(S(N2CCCCC2)(=O)=O)C=C(NC(CN2C(=O)C3(CCCCCC3)NC2=O)=O)C=C1,0.002029576036147773
FC(C1=CC=C(NC(CN2C(=O)C3(CCCCCC3)NC2=O)=O)C=C1)(F)F,0.002051124500576407
O=C(NC1=CC(S(N2CCCC2)(=O)=O)=CC=C1)CN1C(=O)C2(CCCCCC2)NC1=O,0.002156411320902407
O=C(NC1=C(SC2=CC=CC=C2)C=CC=C1)CN1C(=O)C2(CCCCCC2)NC1=O,0.0030326169682666658
O=C(C1=CC=C(C2=CC=CC=C2)C=C1)CN1C(=O)C2(CCCCCC2)NC1=O,0.004862428433261812
O=C(NC1=CC=C(N=NC2=CC=CC=C2)C=C1)CN1C(=O)C2(CCCCCC2)NC1=O,0.0018941993534099312
COC1=CC(OC)=CC(NC(CN2C(=O)C3(CCCCCC3)NC2=O)=O)=C1,0.0027005081647075713
O=C(C1=CC=CC=C1)CN1C(=O)C2(CCCCCC2)NC1=O,0.004842014401219785
FC1=C(C(CN2C(=O)C3(CCCCCC3)NC2=O)=O)C=CC=C1,0.00461918453220278
CC1N(C2=CC(Cl)=C(F)C=C2)C(C)=C(C(CN2C(=O)C3(CCCCCC3)NC2=O)=O)C=1,0.003795825398992747
CC(C1=C(Cl)C=CC=C1)N1C(=O)C2(CCCCCC2)NC1=O,0.0032662470126524567
CC(CCCC(N1C(C2=CC(S(NC3=C(Cl)C=CC=C3)(=O)=O)=CC=C2)=NN=C1SCC(NC1=C(Cl)N=CC=C1)=O)C)C,0.0036701517296023668
CC(CCCC(N1C(C2=CC(S(NC3=C(Cl)C=CC=C3)(=O)=O)=CC=C2)=NN=C1SCC(N)=O)C)C,0.0038813597639091313
CC(CCCC(N1C(C2=CC(S(NC3=C(Cl)C=CC=C3)(=O)=O)=CC=C2)=NN=C1SCC(NC1=C(C)C(Cl)=CC=C1)=O)C)C,0.003640506777446717
CC(CCCC(N1C(C2=CC(S(NC3=C(Cl)C=CC=C3)(=O)=O)=CC=C2)=NN=C1SCC(NC1=CC(C)=CC=C1)=O)C)C,0.0037413817713968455
CC(CCCC(N1C(C2=CC(S(NC3=C(Cl)C=CC=C3)(=O)=O)=CC=C2)=NN=C1SCC(NC1=C(C)C=CC=C1C)=O)C)C,0.003818020597100258
CC(CCCC(N1C(C2=CC(S(NC3=C(Cl)C=CC=C3)(=O)=O)=CC=C2)=NN=C1SCC(NC1=C(C)C=CC=C1)=O)C)C,0.0037814655341207983
COC1=C(Cl)C=C(NC(CSC2N(C(CCCC(C)C)C)C(C3=CC(S(NC4=C(Cl)C=CC=C4)(=O)=O)=CC=C3)=NN=2)=O)C=C1,0.0035886936704628168
CC(CCCC(N1C(C2=CC(S(NC3=C(Cl)C=CC=C3)(=O)=O)=CC=C2)=NN=C1SCC(NC1=CC(Cl)=CC=C1)=O)C)C,0.003647355642169714
CC(CCCC(N1C(C2=CC(S(NC3=C(Cl)C=CC=C3)(=O)=O)=CC=C2)=NN=C1SCC(NC1=CC=C(C(N)=O)C=C1)=O)C)C,0.0029991675110068172
CC(CCCC(N1C(C2=CC(S(NC3=C(Cl)C=CC=C3)(=O)=O)=CC=C2)=NN=C1SCC(NC1=C(F)C=CC=C1)=O)C)C,0.0035780517267994584
COC1=C(NC(CSC2N(C(CCCC(C)C)C)C(C3=CC(S(NC4=C(Cl)C=CC=C4)(=O)=O)=CC=C3)=NN=2)=O)C=C(Cl)C=C1,0.0035772583330981435
CC(CCCC(N1C(C2=CC(S(NC3=C(Cl)C=CC=C3)(=O)=O)=CC=C2)=NN=C1SCC(C1=CC=C(Br)C=C1)=O)C)C,0.00562251138035208
CCC(N1C(=O)C2=C(SC3=C2CCCC3)N=C1SCC(NC1=C(C(OC)=O)C2=C(CCCCC2)S1)=O)C,0.00829835506156087
CCOC(C1C2=C(CC(CC2)C)SC=1NC(CSC1N(C(CC)C)C(=O)C2=C(SC3=C2CCCC3)N=1)=O)=O,0.007954874821007252
CCC(N1C(=O)C2=C(SC3=C2CCCC3)N=C1SCCOC1=CC=C(Br)C=C1)C,0.01016298122704029
CCC(N1C(=O)C2=C(SC3=C2CCCC3)N=C1SCC(C1=C(C)N(CC2SC=CC=2)C(C)=C1)=O)C,0.013335360120981932
CCC(N1C(=O)C2=C(SC3=C2CCCC3)N=C1SCC(N(C1=C2C(C=CC=C2)=CC=C1)CC)=O)C,0.008210706384852528
CCC(N1C(=O)C2=C(SC3=C2CCCC3)N=C1SCC(NC1=CC=CC=C1)=O)C,0.007633459055796266
CCC(N1C(=O)C2=C(SC3=C2CCCC3)N=C1SCC(NC1=C(OC)C=CC(Cl)=C1)=O)C,0.006232187221758068
CCC(N1C(=O)C2=C(SC3=C2CCCC3)N=C1SCC(C1=CC=CC=C1)=O)C,0.013320338865742087
CC1=CC2=C(C=C(C(=N2)Cl)COC(CSC2=NC(C)=CC(C)=N2)=O)C=C1,0.008992245397530496
CCC1=CC=C(C(NC(COC(CSC2=NC(C)=CC(C)=N2)=O)=O)C)C=C1,0.010759919928386808
CC1=NC(SCC(OCC2SC3=C(C=CC=C3)N=2)=O)=NC(C)=C1,0.008887882763519882
CC1=NC(SCC(OCC(NC2=CC(F)=C(C)C=C2)=O)=O)=NC(C)=C1,0.006725330464541912
CC(C1C(C)=C(C(COC(CSC2=NC(C)=CC(C)=N2)=O)=O)NC=1C)=O,0.009889677492901683
CC(NC(NC(COC(CSC1=NC(C)=CC(C)=N1)=O)=O)=O)C,0.0026269292691722514
COC1=C(OC)C=C(C(COC(CSC2=NC(C)=CC(C)=N2)=O)=O)C=C1,0.014174564555287362
CC1=NC(SCC(OCC(NCCC2=CC=C(Cl)C=C2)=O)=O)=NC(C)=C1,0.007510733627714217
COC1=C(C(COC(CSC2=NC(C)=CC(C)=N2)=O)=O)C=CC=C1,0.013797290343791246
CC1=NC(SCC(OCC(N2C(C3=CC=CC=C3)C3CCCC(=CC4=CC=CC=C4)C3=N2)=O)=O)=NC(C)=C1,0.009118689876049756
CC1=NC(SCC(OCC(C2=CC3=C(C=CC=C3)C=C2)=O)=O)=NC(C)=C1,0.0137093516997993
CC1=NC(SCC(OCC(NC(C2N(C)C=CC=2)=O)=O)=O)=NC(C)=C1,0.004094091756269336
CC1=NC(SCC(OCC(N2CCN(S(C3=CC=C(Cl)C=C3)(=O)=O)CC2)=O)=O)=NC(C)=C1,0.005508526018820703
CC1=NC(SCC(OCC2N=C3N(C=CS3)C(=O)C=2)=O)=NC(C)=C1,0.007930285483598708
CC1=NC(SCC(OCC(NC(NCC2=CC=CC=C2)=O)=O)=O)=NC(C)=C1,0.0027658800361678006
CC1N(C2=CC=C(OC(F)F)C=C2)C(C)=C(C(COC(CSC2=NC(C)=CC(C)=N2)=O)=O)C=1,0.008493557572364807
CC1=NC(SCC(OCC(C2=CC3=C(CC4=C3C=CC=C4)C=C2)=O)=O)=NC(C)=C1,0.015155974216759205
CC1=C(C(COC(CSC2=NC(C)=CC(C)=N2)=O)=O)C2=C(C=CC=C2)N1,0.008228013850748539
CC1=NC(SCC(OCC(NC2=C(C#N)C=CS2)=O)=O)=NC(C)=C1,0.004663354868534952
CC1=NC(SCC(OCC(C2=CC3=C(OCO3)C=C2)=O)=O)=NC(C)=C1,0.011971561331301927
CC1=NC(SCC(OCC(NC2CS(=O)(=O)CC2)=O)=O)=NC(C)=C1,0.007099641859531403
CC1=NC(SCC(OCC(NC(CC2=CC=CC=C2)=O)=O)=O)=NC(C)=C1,0.0037436574697494508
CC1=NC(SCC(OCC(N(C2=C(F)C=CC=C2)CCC#N)=O)=O)=NC(C)=C1,0.005485621976549737
CCOC(C1=C(NC(COC(CSC2=NC(C)=CC(C)=N2)=O)=O)SC(C)=C1CC)=O,0.008214552188292146
CC1N(C)C(C)=C(C(COC(CSC2=NC(C)=CC(C)=N2)=O)=O)C=1,0.016816722974181176
CCOC(C1=C(NC(COC(CSC2=NC(C)=CC(C)=N2)=O)=O)SC=C1CC(C)C)=O,0.008943623350933193
CC1=NC(SCC(OCC(NC(NCC2OC=CC=2)=O)=O)=O)=NC(C)=C1,0.0026060629868879916
CCOC(NC(COC(CSC1=NC(C)=CC(C)=N1)=O)=O)=O,0.0028933274210430683
CC(C(NC1=CC=CC=C1)=O)OC(CSC1=NC(C)=CC(C)=N1)=O,0.008916744263842702
CC(C(NC1=C(C(F)(F)F)C=C(N(=O)=O)C=C1)=O)OC(CSC1=NC(C)=CC(C)=N1)=O,0.0038489825208671393
CC1=NC(SCC(OCC2OC(C3=CC=CC=C3)=CN=2)=O)=NC(C)=C1,0.00743815628811717
CC1=NC(SCC(OCC2N=C(CC(NC3=C(C)C=CC=C3)=O)SC=2)=O)=NC(C)=C1,0.006772741093300283
CC1=NC(SCC(OCC(C2=CC3=C(NC(N3)=O)C=C2)=O)=O)=NC(C)=C1,0.005530313961207867
CCCN1C(=O)NC(=O)C(C(COC(CSC2=NC(C)=CC(C)=N2)=O)=O)=C1N,0.005520676379092038
CC1C(NC(COC(CSC2=NC(C)=CC(C)=N2)=O)=O)=C(C)N(C2=CC=CC=C2)N=1,0.008409984176978469
CC1=NC(SCC(OCC(N(C2=CC(Cl)=CC=C2)CCC#N)=O)=O)=NC(C)=C1,0.005181324773002416
CC1=NC(SCC(OCC2=CC=C(N(=O)=O)C=C2)=O)=NC(C)=C1,0.005553156160749495
CC1=NC(SCC(OCCN2C(=O)C3=C(C=CC=C3)C2=O)=O)=NC(C)=C1,0.005234593013301492
CC1=NC(SCC(OCC(NC2=CC(C(F)(F)F)=CC=C2)=O)=O)=NC(C)=C1,0.006224564951844513
CC1=NC(SCC(OCC(NC2=CC3=C(OCO3)C=C2)=O)=O)=NC(C)=C1,0.006403877749107778
CC1=NC(SCC(OCC(NC2=CC(S(N3CCCCC3)(=O)=O)=CC=C2)=O)=O)=NC(C)=C1,0.004866041010245681
CC1=NC(SCC(OCC(N2C3=C(C=CC=C3)CC2)=O)=O)=NC(C)=C1,0.010073766531422734
CC1=NC(SCC(OCC(NC2=CC=C(S(N3CCOCC3)(=O)=O)C=C2)=O)=O)=NC(C)=C1,0.004956253315322101
CC1=NC(SCC(OCC(NC2=CC=CC=C2)=O)=O)=NC(C)=C1,0.0074324604822322725
CC1=NN(C2=CC=CC=C2)C(NC(COC(CSC2=NC(C)=CC(C)=N2)=O)=O)=C1,0.007516908622346818
CC1=CC(C)=C(NC(COC(CSC2=NC(C)=CC(C)=N2)=O)=O)C(C)=C1,0.00966850109398365
CC1=NC(SCC(OCC(NC2=C(C(F)(F)F)C=CC=C2)=O)=O)=NC(C)=C1,0.006518556945957243
CC1=NC(SCC(OCC(NC2CCCCC2)=O)=O)=NC(C)=C1,0.011171252327039837
CNC(NC(C(C1=CC=CC=C1)OC(CSC1=NC(C)=CC(C)=N1)=O)=O)=O,0.0025688573135994376
CC1=CC(N(=O)=O)=C(NC(COC(CSC2=NC(C)=CC(C)=N2)=O)=O)C=C1,0.0058562771650031206
CC(C(NC1=CC(C(F)(F)F)=CC=C1)=O)OC(CSC1=NC(C)=CC(C)=N1)=O,0.006658389465883374
COC1=CC=C(C2N(C(COC(CSC3=NC(C)=CC(C)=N3)=O)=O)N=C(C3=CC4=C(C=CC=C4)C=C3)C2)C=C1,0.007912584044970573
CC1=NC(SCC(OCC(C2SC(Cl)=CC=2)=O)=O)=NC(C)=C1,0.010315365577116608
COC1=CC2=C(C=C(C(=N2)Cl)COC(CSC2=NC(C)=CC(C)=N2)=O)C=C1,0.007447591470554471
CC1=NC(SCC(OCC(N2N=C(C3=CC=CC=C3)CC2)=O)=O)=NC(C)=C1,0.010261496203020215
CC(C1=CC=C(F)C=C1)SC1N(N)C(C2=CC=C(Cl)C=C2)=NN=1,0.004173922934569418
NN1C(C2=CC=C(Cl)C=C2)=NN=C1SCC(NC1=CC2=C(OCCCO2)C=C1)=O,0.004145309957675636
NN1C(C2=CC=C(Cl)C=C2)=NN=C1SCCCOC1=CC=C(F)C=C1,0.003784470877144486
CC(N(C1=CC(C)=C(C)C=C1)C1SC=C(CSC2N(N)C(C3=CC=C(Cl)C=C3)=NN=2)N=1)=O,0.004422955412883312
CC(C(NC1=CC=C(C(C)=O)C=C1)=O)SC1N(N)C(C2=CC=C(Cl)C=C2)=NN=1,0.005322194797918201
CC(C1=CC(NC(C(C2=CC=CC=C2)SC2N(N)C(C3=CC=C(Cl)C=C3)=NN=2)=O)=CC=C1)=O,0.0043682257295586165
NN1C(C2=CC=C(Cl)C=C2)=NN=C1SCC(NC1=C(N(=O)=O)C=C(F)C=C1)=O,0.002043610718101263
CC(C1C(C)=C(C(CSC2N(N)C(C3=CC=C(Cl)C=C3)=NN=2)=O)NC=1C)=O,0.004972827550955117
COC1=CC=C(OCCSC2N(N)C(C3=CC=C(Cl)C=C3)=NN=2)C=C1,0.004409825592301786
CC(NC(NC(CSC1N(N)C(C2=CC=C(Cl)C=C2)=NN=1)=O)=O)C,0.0009417772089364007
NN1C(C2=CC=C(Cl)C=C2)=NN=C1SCC1N=C2N(C3=C(S2)C=CC=C3)C(=O)C=1,0.004350184509530663
CC1=C(NC(CSC2N(N)C(C3=CC=C(Cl)C=C3)=NN=2)=O)C=C(S(N2CCCCC2)(=O)=O)C=C1,0.002409826556686312
NN1C(C2=CC=C(Cl)C=C2)=NN=C1SCC(NCCC1=C(Cl)C=C(Cl)C=C1)=O,0.0039052193169482052
NN1C(C2=CC=C(Cl)C=C2)=NN=C1SCC(NC1=C(CC2=CC=CC=C2)C=CC=C1)=O,0.003885946690570563
NN1C(C2=CC=C(Cl)C=C2)=NN=C1SCC(NC1=CC=C(OC(F)F)C=C1)=O,0.002326270908815786
NN1C(C2=CC=C(Cl)C=C2)=NN=C1SCC(NC1=C(OC(F)F)C=CC=C1)=O,0.0023889552045147865
CCOC(C1C2=C(CCCC2)SC=1NC(CSC1N(N)C(C2=CC=C(Cl)C=C2)=NN=1)=O)=O,0.003960458654910326
COC(C1C2=C(CCCCC2)SC=1NC(CSC1N(N)C(C2=CC=C(Cl)C=C2)=NN=1)=O)=O,0.004216473735868931
NN1C(C2=CC=C(Cl)C=C2)=NN=C1SCC(N1CCN(C2=CC=CC=C2)CC1)=O,0.0036230902769602835
NN1C(C2=CC=C(Cl)C=C2)=NN=C1SCC(N1C(=O)NCC1)=O,0.0007746566800051369
NN1C(C2=CC=C(Cl)C=C2)=NN=C1SCC(NC1=C(N2N=CN=C2)C=CC(C(F)(F)F)=C1)=O,0.002330579183762893
COC1=C(Br)C=C(OC)C(CSC2N(N)C(C3=CC=C(Cl)C=C3)=NN=2)=C1,0.0059108489891514186
NN1C(C2=CC=C(Cl)C=C2)=NN=C1SCC(N1C(C2=CC3=C(OCCO3)C=C2)CCC1)=O,0.004582565510645509
NC(C1=C(NC(CSC2N(N)C(C3=CC=C(Cl)C=C3)=NN=2)=O)SC=C1)=O,0.0028853207710199057
NN1C(C2=CC=C(Cl)C=C2)=NN=C1SCC1=C(C#N)C=CC=C1,0.003487917419988662
CC(N(C(CSC1N(N)C(C2=CC=C(Cl)C=C2)=NN=1)=O)CC1=CC=CC=C1)(C)C,0.005297535541467368
CCCCOC(C1=CC=C(NC(CSC2N(N)C(C3=CC=C(Cl)C=C3)=NN=2)=O)C=C1)=O,0.0029985392466187477
COC(CNC(CSC1N(N)C(C2=CC=C(Cl)C=C2)=NN=1)=O)=O,0.0030722734867595137
CCC1=C(NC(CSC2N(N)C(C3=CC=C(Cl)C=C3)=NN=2)=O)C(C)=CC=C1,0.003923938702791929
NN1C(C2=CC=C(Cl)C=C2)=NN=C1SCC1OC(C2=CC=C(Br)C=C2)=NN=1,0.0057552598882466555
CCOC1=C(CSC2N(N)C(C3=CC=C(Cl)C=C3)=NN=2)C=C(C(C)=O)C=C1,0.006577289942651987
CC(C(NC1=C(F)C=CC=C1)=O)SC1N(N)C(C2=CC=C(Cl)C=C2)=NN=1,0.0033244888298213484
CC(C(N(C1=CC=CC=C1)C)=O)SC1N(N)C(C2=CC=C(Cl)C=C2)=NN=1,0.004263156082015484
CC(C(N1C2=C(C=CC=C2)CCC1)=O)SC1N(N)C(C2=CC=C(Cl)C=C2)=NN=1,0.004896911454852671
COC1=C(NC(CC2N=C(CSC3N(N)C(C4=CC=C(Cl)C=C4)=NN=3)ON=2)=O)C=CC=C1,0.004222511220723391
CC(C(N1C2=C(C=CC=C2)CC1)=O)SC1N(N)C(C2=CC=C(Cl)C=C2)=NN=1,0.0045418671448715035
CC(C(NCC1OCCC1)=O)SC1N(N)C(C2=CC=C(Cl)C=C2)=NN=1,0.003916937112808228
NN1C(C2=CC=C(Cl)C=C2)=NN=C1SCC1OC(C2=CC=CC=C2)=CN=1,0.004016569396480918
CN(S(C1=CC(CSC2N(N)C(C3=CC=C(Cl)C=C3)=NN=2)=CC=C1)(=O)=O)C,0.003187339217402041
NN1C(C2=CC=C(Cl)C=C2)=NN=C1SCC1N(CCO)C2=C(C=CC(=C2)Cl)N=1,0.0018463753687683493
CCN(C(CSC1N(N)C(C2=CC=C(Cl)C=C2)=NN=1)=O)CC(NCC1=CC=C(Cl)C=C1)=O,0.003991917916573584
NN1C(C2=CC=C(Cl)C=C2)=NN=C1SCC(N1CCOCC1)=O,0.0034129689214751125
NN1C(C2=CC=C(Cl)C=C2)=NN=C1SCC(NCC1=CC=C(Cl)C=C1)=O,0.0036462123971432447
NN1C(C2=CC=C(Cl)C=C2)=NN=C1SCC(NC1=C(Cl)C=CC=C1)=O,0.0036829835036769508
NN1C(C2=CC=C(Cl)C=C2)=NN=C1SCC(NC1=C(C#N)C=CC(Cl)=C1)=O,0.002601183560909703
CC1=CC2=C(N=C(C3=CC=C(NC(CSC4N(N)C(C5=CC=C(Cl)C=C5)=NN=4)=O)C=C3)S2)C=C1,0.0033468366716988386
CC1=C(Br)C=CC(NC(CSC2N(N)C(C3=CC=C(Cl)C=C3)=NN=2)=O)=C1,0.0039241313119418916
NN1C(C2=CC=C(Cl)C=C2)=NN=C1SCC(NC1=C(Cl)C=C(F)C=C1)=O,0.00318411267362535
CC(NC(CSC1N(N)C(C2=CC=C(Cl)C=C2)=NN=1)=O)CCC1=CC=CC=C1,0.004477483790833503
CN(S(C1=CC(NC(CSC2N(N)C(C3=CC=C(Cl)C=C3)=NN=2)=O)=C(C)C=C1)(=O)=O)C,0.002752429706742987
CN(S(C1=CC(NC(CSC2N(N)C(C3=CC=C(Cl)C=C3)=NN=2)=O)=CC=C1)(=O)=O)C,0.0026396300410851834
NN1C(C2=CC=C(Cl)C=C2)=NN=C1SCC(N1C2=C(C=CC=C2)CC1)=O,0.004237560729961842
CCN(S(C1=CC=C(NC(CSC2N(N)C(C3=CC=C(Cl)C=C3)=NN=2)=O)C=C1)(=O)=O)CC,0.0028686492587439716
CC1=CC(Cl)=C(NC(CSC2N(N)C(C3=CC=C(Cl)C=C3)=NN=2)=O)C=C1,0.0035240903729572893
