SMILES,HIT
CC1=C(C2=CC=C(OC(F)F)C=C2)N=C(NC(CCC2N=NNC=2)=O)S1,0.0023572757840156556
FC1=CC=C(NC(NC2CCN(C(C3N(CC4CCC4)N=CC=3)=O)CC2)=O)C=C1,0.004173501720651984
FC1=CC=C(NC(NC2CCN(C([C@H]3[C@H](C4CCOCC4)C3)=O)CC2)=O)C=C1,0.0041093640495091675
CC1=C(F)C(F)=C(C(N2CCC(NC(NC3=CC=C(F)C=C3)=O)CC2)=O)C=C1,0.004570674314163625
COC1=C(C(N2CCC(NC(NC3=CC=C(F)C=C3)=O)CC2)=O)N=CC=C1,0.0038908931077457965
CC(C1=CC=NC=C1)C(N1CCC(NC(NC2=CC=C(F)C=C2)=O)CC1)=O,0.0031511047156527637
CON1CCC(C(N2CCC(NC(NC3=CC=C(F)C=C3)=O)CC2)=O)CC1,0.0010838740738108755
CC1(C(N2CCC(NC(NC3=CC=C(F)C=C3)=O)CC2)=O)CC(=C)C1,0.0050431032665073875
FC1=CC=C(NC(NC2CCN(C(C3N4C(CCCC4)=CN=3)=O)CC2)=O)C=C1,0.0030132867861539124
CS(CCNC(C1N2C(CCCC2)=CN=1)=O)(=O)=O,0.004313726047985256
CS(CCNC([C@@]12CCO[C@@H]1CCC2)=O)(=O)=O,0.006971967918798327
COC1=CC(Cl)=C(C(NCCS(C)(=O)=O)=O)C(F)=C1,0.004648825561162084
CS(CCNC(C1N2C(C=CC=C2)=CN=1)=O)(=O)=O,0.0025091877207159994
CCCOC1=CC=C(CNC(C2=NC=NC(N3CCOCC3)=C2)=O)C=C1,0.005747224832884967
CCCOC1=CC=C(CNC(C2=C(C3OCCC3)NN=C2)=O)C=C1,0.006096712639555335
COCCOC1=CC(C)=C(NC(C(C2=CC=NC=C2)C)=O)C=C1,0.006325287278741598
COCCOC1=CC(C)=C(NC(C2=NC=NC(N3CCOCC3)=C2)=O)C=C1,0.004892418254166841
CCC1OC2=C(C=C(C=C2)NC(C2N3C(CCCC3)=NC=2C(F)F)=O)N=1,0.003445209481287748
CCC1OC2=C(C=C(C=C2)NC([C@H]2[C@H](C3CCOCC3)C2)=O)N=1,0.00616720465477556
CCC1OC2=C(C=C(C=C2)NC(C2C(=O)NCCC2)=O)N=1,0.004169943078886717
CCOC1=C(NC(CCC2N=NNC=2)=O)C=CC(C)=C1,0.0036103407270275055
CCOC1=C(NC(C2=NC=NC(N3CCOCC3)=C2)=O)C=CC(C)=C1,0.005434223730117082
CCOC1=C(NC(C2C(C)=CN(C3CCOCC3)N=2)=O)C=CC(C)=C1,0.008367430139333009
CC1C(C(N2CC3=C(C=CC=C3)OCC2)=O)=NN(C2CCOCC2)C=1,0.01078753569163382
O=C(N1CC2=C(C=CC=C2)OCC1)C[C@H]1C(=O)NC2=C(C=CC=C2)C(=O)N1,0.008342099469155073
CC1=C(C2CCN(C(C3=C(C4OCCC4)NN=C3)=O)CC2)C2=C(C=CC=C2)N1,0.005957601708360016
CC1=C(C(NC2(CS(=O)(=O)CC2)C)=O)SC(C2COCC2)=N1,0.006387410033494234
CC1(NC(C2=CC3=C(C=CC=N3)C=C2)=O)CS(=O)(=O)CC1,0.0055600565392524
CC1(NC([C@H]2[C@H](C3CCOCC3)C2)=O)CS(=O)(=O)CC1,0.00813684418099001
O=C(C1N(CC2CCC2)N=CC=1)NC1=CN=C(N2N=CC=C2)C=C1,0.006618677079677582
O=C(C1C(=O)NCCC1)NC1=CN=C(N2N=CC=C2)C=C1,0.004562187276314944
O=C(C1=C(C2OCCC2)NN=C1)NC1=CN=C(N2N=CC=C2)C=C1,0.0038721789489500223
CON1CCC(C(NC2=CC=C(OC3CCCC3)C=C2)=O)CC1,0.0026186123781371863
CC1C(C(NC2=CC=C(OC3CCCC3)C=C2)=O)=NN(C2CCOCC2)C=1,0.009877994656562805
CON1CCC(C(NCC2OC3=C(C=CC=C3)C2)=O)CC1,0.002125529886689037
CCOCN1C(C)=C(CC(NCC2OC3=C(C=CC=C3)C2)=O)C(C)=N1,0.008398949727416038
O=C(NCC1OC2=C(C=CC=C2)C1)CC1=C2N(CCCC2)N=C1,0.009877431532368064
CC[C@H]1N(C)CC[C@@H]1C(NCCCC1C(C#N)=C(N)N(C2=CC=C(F)C=C2)N=1)=O,0.0034705654135905204
CN(C1=C(NC(C2=C(C)N=C(C3COCC3)S2)=O)C=CC=C1)C,0.006214487925171852
CN(C1=C(NC(CC2=C3N(CCCC3)N=C2)=O)C=CC=C1)C,0.008931554667651654
CN(C1=C(NC(CCC2=NNN=N2)=O)C=CC=C1)C,0.0028212274075485764
CCOCN1C(C)=C(CC(C(NC2=C(N(C)C)C=CC=C2)=O)C)C(C)=N1,0.009386615618132055
CN(CCN1N=CC(C(NC2=CC(C3=NC(C)=NC=C3)=CC=C2)=O)=C1)C,0.005779850506223738
CCOCN1C(C)=C(CC(NC2=CC(C3=NC(C)=NC=C3)=CC=C2)=O)C(C)=N1,0.006094331294298172
CC1C(C(NC2=CC(C3=NC(C)=NC=C3)=CC=C2)=O)=NN(C2CCOCC2)C=1,0.006204510130919516
CC(CC1(C(NC2=CC(C3=NC(C)=NC=C3)=CC=C2)=O)C(=O)NCC1)C,0.006084090704098344
CN(C1=NC=C(CNC(C2N3C(CCCC3)=CN=2)=O)C=C1)C,0.004829482489731163
CCN1C(C)=C(C(NCC2=CN=C(N(C)C)C=C2)=O)C=N1,0.00539180610794574
CN(C1=NC=C(CNC(C2=NC=NC(N3CCOCC3)=C2)=O)C=C1)C,0.0044355808524414895
O=C(N1CC(C2OC3=C(C=CC=C3)N=2)CCC1)CC1OC(C2=CC=CC=C2)=NN=1,0.005949924397282302
CON1CCC(C(NC2=C(N3N=CC=C3)C=CC=C2)=O)CC1,0.001271270014694892
CCOCN1C(C)=C(CC(C(NC2=C(N3N=CC=C3)C=CC=C2)=O)C)C(C)=N1,0.00815925165079534
O=C(NC1=C(N2N=CC=C2)C=CC=C1)CC1=C2N(CCCC2)N=C1,0.007176965591497719
FC1=C(C(N2CCC(NC(C3(C4=NC=CC=C4)CC3)=O)CC2)=O)C=CC=C1,0.005917067220434546
CC[C@H]1N(C)CC[C@@H]1C(NC1CCN(C(C2=C(F)C=CC=C2)=O)CC1)=O,0.007423536106944084
CC1C(C(NC2CCN(C(C3=C(F)C=CC=C3)=O)CC2)=O)=CON=1,0.005864992854185402
CC1CC2N(C=C(C(NC3CCN(C(C4=C(F)C=CC=C4)=O)CC3)=O)N=2)CC1,0.004667876381427049
FC1=C(C(N2CCC(NC(C3=C(C4OC=CC=4)NN=C3)=O)CC2)=O)C=CC=C1,0.0043392401305027304
CN1C(=O)NC=C1C(NCC(C1=CC=C(Br)C=C1)(C)C)=O,0.0037684666691347956
NC(CN1N=CC(NC([C@H]2[C@H](C3CCOCC3)C2)=O)=C1)=O,0.005388400191441179
CCOC(C(NC1=CN(CC(N)=O)N=C1)=O)(C)C,0.005671290890313685
NC(CN1N=CC(NC([C@H]2[C@@H](C(F)(F)F)CCCC2)=O)=C1)=O,0.003253814941615474
CCN(C1=NC=C(CNC(C2C(=O)NCCC2)=O)C=C1)CC,0.005512719647958875
CCN(C1=NC=C(CNC(C2=C(OC)C=CC=N2)=O)C=C1)CC,0.0069781258469447495
CCN(C1=NC=C(CNC(C2=C(C)C(OC)=CN=C2)=O)C=C1)CC,0.007365113496780396
CCN(C1=NC=C(CNC(C2N3C(C=CC=C3)=CN=2)=O)C=C1)CC,0.004008009878452868
CCN(C1=NC=C(CNC(C2C(C)OC(C)C2)=O)C=C1)CC,0.008636313886381686
CCN(C1=NC=C(CNC([C@H]2[C@H](C3CCOCC3)C2)=O)C=C1)CC,0.008165150810964406
CC1=C(C(NCC2SC=C(Br)C=2)=O)SC(C2COCC2)=N1,0.007583473576232791
CCNC(C1=CC=C(NC(C2N3C(CCCC3)=NC=2C(F)F)=O)C=C1)=O,0.0038674478186294437
CCNC(C1=CC=C(NC(C2=C(COC)SC=C2)=O)C=C1)=O,0.005763131845742464
CCNC(C1=CC=C(NC(C2(CC(=C)C2)C)=O)C=C1)=O,0.00982087808661163
CCNC(C1=CC=C(NC(C2=CN(CC3CC3)N=C2)=O)C=C1)=O,0.007082475908100605
CC1CC2N(C=C(C(N3CCC(C(NCC4=CC=C(F)C=C4)=O)CC3)=O)N=2)CC1,0.004342979111243039
CCOC(C(N1CCC(C(NCC2=CC=C(F)C=C2)=O)CC1)=O)(C)C,0.0067137643229216335
CC(C1=CC=NC=C1)C(NC1=CC=C(OCC2OCCC2)C=C1)=O,0.007551062176935375
CN1C(=O)NC=C1C(NC1=CC=C(OCC2OCCC2)C=C1)=O,0.0029704345972277222
O=C(NC1=CC=C(OCC2OCCC2)C=C1)CC1=C2N(CCCC2)N=C1,0.008576091844588518
O=C([C@H]1[C@H](C2CCOCC2)C1)NC1=CC=C(OCC2OCCC2)C=C1,0.009858667722437531
O=C(C1=C(C2OCCC2)NN=C1)NC1=CC=C(OCC2OCCC2)C=C1,0.005694752023555338
CCOC1=C(OC)C=CC(NC(C2C(C3CC3)=NN(CC)C=2)=O)=C1,0.009029033035039902
CCOC1=C(OC)C=CC(NC(C2=C(OC)N=CC=C2OC)=O)=C1,0.006768963136710227
CCOC1=C(OC)C=CC(NC(C2C(C)=CN(C3CCOCC3)N=2)=O)=C1,0.00824988663662225
CCOC1=C(OC)C=CC(NC(C(C2=CC=NC=C2)C)=O)=C1,0.00795093453489244
CCOC1=C(OC)C=CC(NC(C2CCN(OC)CC2)=O)=C1,0.0021086412423755975
CCOC1=C(OC)C=CC(NC(C2=NC=NC(N3CCOCC3)=C2)=O)=C1,0.005776765779592097
CCOC1=C(OC)C=CC(NC(C2C(=O)NCCC2)=O)=C1,0.007467885548248887
CCOC1=C(NC(C2=CN(CCN(C)C)N=C2)=O)C=CC(F)=C1,0.006001139711588621
O=C(C1C(=O)NCCC1)NC1=CC(COC2=CC3=C(OCO3)C=C2)=CC=C1,0.006864363886415958
CCCOCC1=C(CNC(C2C(C3CC3)=NN(CC)C=2)=O)C=CC=C1,0.009562258841469884
CCCOCC1=C(CNC(C[C@H]2C(=O)NC3=C(C=CC=C3)C(=O)N2)=O)C=CC=C1,0.007268307567574084
CCCOCC1=C(CNC(CCC2=NNN=N2)=O)C=CC=C1,0.003325005411170423
CCC(C(N1CCC(NC(C2OC3=C(C=CC(=C3)O)OC2)=O)CC1)=O)CC,0.005120812775567174
CCC(C(N1CCC(NC(CC2=CC=C(N3C=NC=C3)C=C2)=O)CC1)=O)CC,0.005948336375877261
CCC(C(N1CCC(NC(C2OC(C)=C(CO)C=2)=O)CC1)=O)CC,0.0046196841867640615
CCC(C(N1CCC(NC(C2C(=O)NCCC2)=O)CC1)=O)CC,0.009642214886844159
CCC(C(N1CCC(NC(C2=C3C(C=C(C=C3)O)=CC=C2)=O)CC1)=O)CC,0.004570918856188655
CCC(C(N1CCC(NC(C2=C(CC#N)C=CC=C2)=O)CC1)=O)CC,0.005666670396385598
CCCCN(C(C1CCN(C(C2=CN(CC3CC3)N=C2)=O)CC1)=O)C,0.011461435351520777
CCCCN(C(C1CCN(C(C2C(C3CC3)=NN(CC)C=2)=O)CC1)=O)C,0.01253841663710773
CCCCN(C(C1CCN(C(C2=CN(CCN(C)C)N=C2)=O)CC1)=O)C,0.011319747800007463
CCCCN(C(C1CCN(C(C2CCN(OC)CC2)=O)CC1)=O)C,0.003883495181798935
CCCCN(C(C1CCN(C(C2=CC3=C(C=CC=N3)C=C2)=O)CC1)=O)C,0.008586509036831558
CCCCN(C(C1CCN(C(C2=C(C3OC=CC=3)NN=C2)=O)CC1)=O)C,0.00580524392426014
CC1=NC(CNC(C2(C3=C4C(C=CC=C4)=CC=N3)CC2)=O)=CC=C1,0.009489298472180963
CC(C1=CC=NC=C1)C(NCC1=NC(C)=CC=C1)=O,0.008338904986158014
CC1=NC(CNC(C2=C(C(F)(F)F)C=NN2)=O)=CC=C1,0.002529282058821991
CCOCN1C(C)=C(CC(C(NCC2=NC(C)=CC=C2)=O)C)C(C)=N1,0.009852651273831725
CC1=NC(CNC(C2=CN(CC3CC3)N=C2)=O)=CC=C1,0.009406200097873806
O=C(C1=C(C2OC=CC=2)NN=C1)NC1CCOCC1,0.004936713306233287
NC1(CCOCC1)CNC(C1=CC=C(N2N=CC=C2)C=C1)=O,0.007001071819104254
CC1(C(NC(C2=CC3=C(OCC(N3)=O)C=C2)=O)CC1N)C,0.010526975616812706
COCCN1C(=O)CC(C(NCC2(CCOCC2)N)=O)C1,0.011309025203809142
CN1C(=O)CC(C(NC2C(C)(C)C(N)C2)=O)C1,0.014090992929413914
CN1C(=O)CC(C(N2CC(CN)C(C(F)(F)F)CC2)=O)C1,0.006092536589130759
CS(CC1=CC=C(CNC(C2=CC=C(C3CCOCC3)C=C2)=O)C=C1)(=O)=O,0.007121841097250581
CC1=NC(CNC(C2(C3=NC=CC=C3)CC2)=O)=CC=N1,0.00690700919367373
CC1=C(CO)C=C(C(NCC2=NC(C)=NC=C2)=O)O1,0.003400590445380658
CC1=C(C(NCC2=NC(C)=NC=C2)=O)SC(C2COCC2)=N1,0.005894103506579995
CC1=NC(CNC(C2N3C(CCCC3)=CN=2)=O)=CC=N1,0.005293578561395407
COC1=C(C)C2=C(C(=CO2)CC(NC2=C(OC)C=CC(C(N(C)C)=O)=C2)=O)C=C1,0.006906300340779126
CN(CCN1N=CC(C(NCC2OCCOC2)=O)=C1)C,0.008604721631854773
O=C(C1=NC=NC(N2CCOCC2)=C1)NCC1OCCOC1,0.005381361884064973
O=C(NCC1OCCOC1)CC1=C2N(CCCC2)N=C1,0.009152517560869456
O=C(C1=CC2=C(C=CC=N2)C=C1)NCC1OCCOC1,0.0063891745638102295
O=C(C1N(CC2CCC2)N=CC=1)NCC1OCCOC1,0.009717963822185993
CNC(C1=C(Cl)C=C(NC(C2N=C3N(CCC(C3)C)C=2)=O)C=C1)=O,0.0041566067840904
CNC(C1=C(Cl)C=C(NC(C2(CC(=C)C2)C)=O)C=C1)=O,0.008528775768354535
O=C(NC1=CC(N2C(=O)NC=C2)=CC=C1)CC1=C2N(CCCC2)N=C1,0.002564674854511395
CC1OC(C)C(C(NC2=CC(N3C(=O)NC=C3)=CC=C2)=O)C1,0.002675010752864182
CC1C(C(NC2=C(N3CCOCC3)C(Cl)=CC=C2)=O)=NOC=1,0.006073592021130026
ClC1=C(N2CCOCC2)C(NC(CC2OC(C3=CC=CC=C3)=NN=2)=O)=CC=C1,0.005184652353636921
COCCN1N=CC(C(NC2=C(N3CCOCC3)C(Cl)=CC=C2)=O)=C1,0.006197514734230936
CN1C(C(C2=CC=C(F)C=C2)NC(CCC2N=NNC=2)=O)=NC=C1,0.0023823122610338032
CN1C(C(C2=CC=C(F)C=C2)NC(C2=NC=NC(N3CCOCC3)=C2)=O)=NC=C1,0.0040229644626379015
CC[C@H]1N(C)CC[C@@H]1C(NC(C1=CC=C(F)C=C1)C1N(C)C=CN=1)=O,0.004822896549012512
CCN1N=C(C2CC2)C(C(NC(C2=CC(F)=CC=C2)C2N(C)C=CN=2)=O)=C1,0.005337677826173603
CC(NC1=CC=C(CNC(C2(C3=NC=CC=C3)CC2)=O)C=C1)=O,0.0072592380456626415
CCOCN1C(C)=C(CC(NCC2=CC=C(NC(C)=O)C=C2)=O)C(C)=N1,0.006214934284798801
CO[C@@H]1CN(C2=NC=NC(N3CC(C)CS(=O)(=O)CC3)=C2)[C@H](CN(C)C)C1,0.009406531415879726
CCN1N=C(C2CC2)C(C(NC2=CC=C(C3OC(C)=NC=3)C=C2)=O)=C1,0.0064364481717348095
CCC(NC(CN1CCN(C([C@H]2[C@H](C3CCOCC3)C2)=O)CC1)=O)C,0.010407043795567006
CCC(NC(CN1CCN(C([C@H]2[C@@H](C(F)(F)F)CCCC2)=O)CC1)=O)C,0.0056893192235520475
CCC(NC(CN1CCN(C(C2=C(OC)C=CC=N2)=O)CC1)=O)C,0.00594016625545919
CCC(NC(CN1CCN(C(C2N=C3N(CCC(C3)C)C=2)=O)CC1)=O)C,0.005709519237279892
CN(C1=NC=C(CNC(C2OC3=C(C=CC(=C3)O)OC2)=O)C=C1)C,0.0032592911622487007
CN(C1=NC=C(CNC(CCC2N=NNC=2)=O)C=C1)C,0.002649355470202863
CN1C(=O)NC=C1C(NCCN1CCCCCC1)=O,0.00375779471360147
CN(C(C1=CC(CNC(C2=C(C3OCCC3)NN=C2)=O)=CC=C1)=O)C,0.005196456983685494
CCN1N=C(C2CC2)C(C(NCC2=CC(C(N(C)C)=O)=CC=C2)=O)=C1,0.008561217272654176
COC1=C(C(NCC2=CC(C(N(C)C)=O)=CC=C2)=O)C(OC)=NC=C1,0.006441617221571505
CN(C(C1=CC(CNC(C2(C3=C4C(C=CC=C4)=CC=N3)CC2)=O)=CC=C1)=O)C,0.008437785599380732
CN(C(C1=CC(CNC(C2C(C)=CN(C3CCOCC3)N=2)=O)=CC=C1)=O)C,0.008721616538241505
CC1CC2N(C=C(C(NCC3=CC(C(N(C)C)=O)=CC=C3)=O)N=2)CC1,0.005821281182579696
CN(C(C1=CC(CNC(C2C(C)=NOC=2)=O)=CC=C1)=O)C,0.007167220488190651
CN(C(C1=CC(CNC(C2C(=O)NCCC2)=O)=CC=C1)=O)C,0.006310844467952848
CN1CCN(S(N2CCN(C(C3=CN(CC4CC4)N=C3)=O)CC2)(=O)=O)CC1,0.011794936237856745
CN1CCN(S(N2CCN(C(C3=C(CC#N)C=CC=C3)=O)CC2)(=O)=O)CC1,0.007062089951068629
NS(C1=CC(CNC([C@H]2[C@H](C3CCOCC3)C2)=O)=CC=C1)(=O)=O,0.005587828141869977
CN1C(=O)NC=C1C(NCC1(C2=CC=CC=C2)CCCCC1)=O,0.0047562470426782966
O=C([C@H]1[C@H](C2CCOCC2)C1)NC1=C(N2N=CC=C2)C=CC=C1,0.006320584320928901
CC1=C(CN2CCN(C(C3=NC=NC(N4CCOCC4)=C3)=O)CCC2)C=CC=C1,0.008104825858026743
CCOCN1C(C)=C(CC(N2CCN(CC3=C(C)C=CC=C3)CCC2)=O)C(C)=N1,0.010479569528251886
CC1=C(CN2CCN(C(CCC3N=NNC=3)=O)CCC2)C=CC=C1,0.0051362863276153805
COCC1=C(C(NC(C2=C(NS(C)(=O)=O)C=CC=C2)C)=O)C=CS1,0.0038664428167976437
CC(C1=C(NS(C)(=O)=O)C=CC=C1)NC(C1=CN(CC2CC2)N=C1)=O,0.004494549729861319
CC(C1=CC=C(NC(N)=O)C=C1)NC([C@@]12CCO[C@@H]1CCC2)=O,0.004779316589701921
CC(C1=CC=C(NC(N)=O)C=C1)NC([C@H]1[C@H](C2CCOCC2)C1)=O,0.004526979691581801
CC1=C(NC(C2C(=O)NCCC2)=O)C=C(NC(NC2=CC=CC=C2)=O)C=C1,0.004535579972434789
CC1=C(NC([C@H]2[C@H](C3CCOCC3)C2)=O)C=C(NC(NC2=CC=CC=C2)=O)C=C1,0.0055524362134747205
O=C(C1N(CC2CCC2)N=CC=1)NC1=CC(N2N=CC=C2)=CC=C1,0.006472942372784019
CC1OC(C)C(C(NC2=CC(N3N=CC=C3)=CC=C2)=O)C1,0.007095986418426037
CC[C@H]1N(C)CC[C@@H]1C(N1CCC(C(NCC2=CC(F)=C(C)C=C2)=O)CC1)=O,0.007617005356587469
CCOC(C(N1CCC(C(NCC2=CC(F)=C(C)C=C2)=O)CC1)=O)(C)C,0.0070324968313798305
COCC1=CC(CNC(C[C@H]2C(=O)NC3=C(C=CC=C3)C(=O)N2)=O)=CC=C1,0.008357827365398408
COCC1=CC(CNC(C2CCN(OC)CC2)=O)=CC=C1,0.0019085316540440544
CC1CCN(CC2=CC=C(NC(C3OC(C)=C(CO)C=3)=O)C=C2)CC1,0.004593018896412104
CC1CCN(CC2=CC=C(NC(C3C(C)=CN(C4CCOCC4)N=3)=O)C=C2)CC1,0.009429151704534889
CCOCN1C(C)=C(CC(NC2=CC(N3C(=O)N(C)CC3=O)=CC=C2)=O)C(C)=N1,0.002035160979721695
CN1C(=O)NC=C1C(N1CCN(C(C2=CC(C(F)(F)F)=CC=C2)=O)CC1)=O,0.002617117459885776
COC1=C(C(N2CCN(C(C3=CC(C(F)(F)F)=CC=C3)=O)CC2)=O)N=CC=C1,0.006136030075140297
CC1CCN(C2=NC=C(CNC(C3C(C)=CON=3)=O)C=C2)CC1,0.006799276173114777
CON1CCC(C(NC2=CC(C(NC(C)(C)C)=O)=CC=C2)=O)CC1,0.0018311038118554279
CC(NC(C1=CC(NC([C@@]23CCO[C@@H]2CCC3)=O)=CC=C1)=O)(C)C,0.009216876816935837
COC1=CC(Cl)=C(C(NC2=CC(C(NC(C)(C)C)=O)=CC=C2)=O)C(F)=C1,0.006511536077596247
CC1=C(C(NC2=CC(C(NC(C)(C)C)=O)=CC=C2)=O)SC(C2COCC2)=N1,0.006047102506272495
COCC1=C(C(NC2=CC(C(NC(C)(C)C)=O)=CC=C2)=O)C=CS1,0.006539326417259872
COC1=C(C(NC2=CC(C(NC(C)(C)C)=O)=CC=C2)=O)C(OC)=NC=C1,0.006340649677440524
CN(C(COC1=CC(CNC(C2C(C)=NOC=2)=O)=CC=C1)=O)C,0.007892357720993459
CC1C2=C(C=CC(=C2)Cl)OC=1C(N1CC(CN)C(C(F)(F)F)CC1)=O,0.006387264031218365
CC(C1=CC=C(OCC(N2CC(CN)C(C(F)(F)F)CC2)=O)C=C1)C,0.008054763847030699
NCC1C(C(F)(F)F)CCN(C(CCC2NC3=C(C=CC=C3)N=2)=O)C1,0.0021615582083541083
CN1C2=C(C=CC=C2)C(C(NC2C(C)(C)C(N)C2)=O)=C1,0.011857535876333713
CN1C(=O)N(CCCC(NC2C(C)(C)C(N)C2)=O)C(=O)C1,0.0028966358746401965
CC1(C(NC(C2=C(Cl)C=C(Cl)C(F)=C2)=O)CC1N)C,0.009803477139212192
OC1=C(Cl)C=C(NC(C2N(C3=NC=CC=N3)CCC2)=O)C=C1Cl,0.003483074507676065
CN1C(=O)N(CC(NC2C(C)(C)C(N)C2)=O)C=CC1=O,0.00743101597763598
CC1(C(NC(CN2C(=O)C=CC(Br)=C2)=O)CC1N)C,0.011366763291880489
NCC1C(C(F)(F)F)CCN(C(CN2C(=O)C=CC(Br)=C2)=O)C1,0.005874280243006069
CON(C(C1OC2=C(C=CC(=C2)O)OC1)=O)C,0.0014667887357063592
CON(C(C1=C(C)N=C(C2COCC2)S1)=O)C,0.0017100800323532894
CON(C(C[C@H]1C(=O)NC2=C(C=CC=C2)C(=O)N1)=O)C,0.001611905687605031
FC(C1=CN2C(=NN=C2CNC(C2(C3=NC=CC=C3)CC2)=O)C(Cl)=C1)(F)F,0.004716634470969439
CC(C1=CC=NC=C1)C(NCC1N2C(C(=CC(C(F)(F)F)=C2)Cl)=NN=1)=O,0.004526439728215337
CCN(C(C1=C(C)C(OC)=CN=C1)=O)CC(NC1=C(Cl)C=CC=C1Cl)=O,0.007672567130066454
CC1CC2N(C=C(C(N3CC(C4N5C(C=CC=C5)=NN=4)CCC3)=O)N=2)CC1,0.006252840720117092
CO[C@@H]1CN(C2=NC=NC(N3C(C4OCCC4)CCC3)=C2)[C@H](CN(C)C)C1,0.013205709867179394
CO[C@@H]1CN(C2=NC=NC(NC(CN3CCCCC3)CO)=C2)[C@H](CN(C)C)C1,0.004810706526041031
CO[C@@H]1CN(C2=NC=NC(NCCCC3=NC(C)=CC=C3)=C2)[C@H](CN(C)C)C1,0.007992227096110582
CO[C@@H]1CN(C2=NC=NC(N3C(CC(O)C)CCCCC3)=C2)[C@H](CN(C)C)C1,0.00690831218380481
CO[C@@H]1CN(C2=NC=NC(N3CC4=C(C=CC(=C4)C)OCC3)=C2)[C@H](CN(C)C)C1,0.011797909531742335
CCN1N=CC(CNC2=NC=NC(N3[C@H](CN(C)C)C[C@H](OC)C3)=C2)=C1,0.007982250838540494
CO[C@@H]1CN(C2=NC=NC(N3C(C4ON=C(C)N=4)CCC3)=C2)[C@H](CN(C)C)C1,0.010891199065372347
CO[C@@H]1CN(C2=NC=NC(N3CC4=C(OC=C4)CCC3)=C2)[C@H](CN(C)C)C1,0.012832403089851141
CO[C@@H]1CN(C2=NC=NC(N3CC4=C(N=CN4)CC3)=C2)[C@H](CN(C)C)C1,0.005182651488576084
CO[C@@H]1CN(C2=NC=NC(N3CC(N4N=CC=C4)CC3)=C2)[C@H](CN(C)C)C1,0.010899213748052717
CO[C@@H]1CN(C2=NC=NC(NCCCC3N(C)C=NN=3)=C2)[C@H](CN(C)C)C1,0.007556276069954038
CCC1OC(CNC2=NC=NC(N3[C@H](CN(C)C)C[C@H](OC)C3)=C2)=C(C)N=1,0.007941577094607055
O=C(C1=CN(CC2CCCC2)N=C1)NCC1ON=C(C2=CC=CC=C2)N=1,0.00913056223653257
CC(C1=C(C(NCC2ON=C(C3=CC=CC=C3)N=2)=O)NC=N1)(C)C,0.0030263258144259454
CC1=C(CO)C=C(C(NCC(N2CC3=C(C=CC=C3)CC2)(C)C)=O)O1,0.006053783441893756
CC1C(C(NCC(N2CC3=C(C=CC=C3)CC2)(C)C)=O)=CON=1,0.01081937998533249
CN1C(=O)NC=C1C(NCC(N1CC2=C(C=CC=C2)CC1)(C)C)=O,0.004188409703783691
CCC1=CC=C(C(N2CCN(C(C3=C(CC#N)C=CC=C3)=O)CC2)=O)C=C1,0.006654080680891639
CCC1=CC=C(C(N2CCN(C(C3=CC=C(C4N=CNC=4)C=C3)=O)CC2)=O)C=C1,0.003937768610194325
CCC1=CC=C(C(N2CCN(C(CCC3N=NNC=3)=O)CC2)=O)C=C1,0.0040508569101803
CCN(C(C1=C(Cl)C=C(NC([C@@]23CCO[C@@H]2CCC3)=O)C=C1)=O)CC,0.009200904495082795
CCN(C(C1=C(Cl)C=C(NC(C2N(C)C(=O)NC=2)=O)C=C1)=O)CC,0.0027062495122663678
CCN(C(C1=C(Cl)C=C(NC(C2=CN(CC3CC3)N=C2)=O)C=C1)=O)CC,0.00801218361593783
CCN(C(C1=C(Cl)C=C(NC(C2N3C(CCCC3)=CN=2)=O)C=C1)=O)CC,0.00571667131735012
CCN(C(COC1=CC(NC(C2CCN(OC)CC2)=O)=CC=C1)=O)CC,0.0021034305391367525
CCN(C(COC1=CC(NC(C2=C(OC)C=CC=N2)=O)=CC=C1)=O)CC,0.006829828582704067
CCOCN1C(C)=C(CC(C(NC2=CC(N3N=CC=C3)=CC=C2)=O)C)C(C)=N1,0.007840434112586081
O=C(NC1CC2=C(C=CC=C2)OC1)CCC1=NNN=N1,0.003754086419939995
OC1=CC2=C(OCC(C(NC3CC4=C(C=CC=C4)OC3)=O)O2)C=C1,0.0057607768569141625
O=C(C1C(=O)NCCC1)NC1CC2=C(C=CC=C2)OC1,0.008503237087279559
O=C(NC1CC2=C(C=CC=C2)OC1)C[C@H]1C(=O)NC2=C(C=CC=C2)C(=O)N1,0.007971283607184887
CC(CC1(C(NC2CC3=C(C=CC=C3)OC2)=O)C(=O)NCC1)C,0.010202113958075642
CCN1N=C(C2CC2)C(C(NC2CC3=C(C=CC=C3)OC2)=O)=C1,0.010309712123125791
O=C(C1=CC2=C(C=CC=N2)C=C1)NC1CCS(=O)(=O)CC1,0.0042839589179493485
O=C(C1=CC=C(C2CCOCC2)C=C1)NC1CCS(=O)(=O)CC1,0.007108566258102656
CN(CCN1N=CC(C(NCC2=NNC=C2)=O)=C1)C,0.005146935721859336
O=C(C1=NC=NC(N2CCOCC2)=C1)NCC1=NNC=C1,0.0027180550270713864
CC[C@H]1N(C)CC[C@@H]1C(NCC1=NNC=C1)=O,0.004777577857021242
O=C(C1N2C(CCCC2)=CN=1)NCC1=NNC=C1,0.0035277922404929997
COCC1=CC(CNC(C2(C3=NC=CC=C3)CC2)=O)=CC=C1,0.009303583716973662
CCOCN1C(C)=C(CC(C(NCC2=CC(COC)=CC=C2)=O)C)C(C)=N1,0.010541904345154762
O=C(C1C(=O)NCCC1)NC1=CC(N2C(=O)NCC2)=CC=C1,0.0034931302885524928
CC1OC(C)C(C(NCC2=CN=C(N3CCC(C)CC3)C=C2)=O)C1,0.008696942497044802
CC1CCN(C2=NC=C(CNC(CC3=C4N(CCCC4)N=C3)=O)C=C2)CC1,0.007744974945671857
CC1CCN(C2=NC=C(CNC(C3OC(C)=C(CO)C=3)=O)C=C2)CC1,0.0036581048276275395
O=C(C1(C2=NC=CC=C2)CC1)NCC1=CN=C(N2CCCCCC2)C=C1,0.00899816919118166
CON1CCC(C(NCC2=CN=C(N3CCCCCC3)C=C2)=O)CC1,0.002007056382717565
CN1C(=O)NC=C1C(NCC1=CN=C(N2CCCCCC2)C=C1)=O,0.002869572793133557
O=C(C1=CN(CC2CC2)N=C1)NCC1=CN=C(N2CCCCCC2)C=C1,0.009057605545967818
CON1CCC(C(NCCC2=CC=C(OCC3=CC=CC=C3)C=C2)=O)CC1,0.0023604706570040435
CCOC1=C(OC(F)F)C=CC(CNC(C2C(C3CC3)=NN(CC)C=2)=O)=C1,0.006664449209347367
CCOC1=C(OC(F)F)C=CC(CNC([C@@]23CCO[C@@H]2CCC3)=O)=C1,0.007776243262924254
CCOC1=C(OC(F)F)C=CC(CNC(C2(C3=NC=CC=C3)CC2)=O)=C1,0.006337112607434392
CCOC1=C(OC(F)F)C=CC(CNC(C2OC3=C(C=CC(=C3)O)OC2)=O)=C1,0.0043128184857778255
COCCOCC1=CC(NC(C2(C3=C4C(C=CC=C4)=CC=N3)CC2)=O)=CC=C1,0.007617454254068434
COCCOCC1=CC(NC(CC2OC(C3=CC=CC=C3)=NN=2)=O)=CC=C1,0.005159154790453613
COCCOCC1=CC(NC(C2N(C)C(=O)NC=2)=O)=CC=C1,0.0022698739252518863
COCCOCC1=CC(NC(C2=NOC(CO)=C2)=O)=CC=C1,0.0032571024377830325
COCCOCC1=CC(NC(C2=C(CC#N)C=CC=C2)=O)=CC=C1,0.004696328728459776
CN(C1=NC=C(C(NC2C(C)(C)C(N)C2)=O)C=C1)C,0.008517536707222462
O=C(C1N2C(CCCC2)=CN=1)NCC1=NN(C2=CC=CC=C2)C=C1,0.005759162525646388
O=C(C1=NC=NC(N2CCOCC2)=C1)NCC1=NN(C2=CC=CC=C2)C=C1,0.004534466518089175
CN(CCN1N=CC(C(NC2=CC(C3OC(C)=C(C)N=3)=CC=C2)=O)=C1)C,0.005199639103375375
CC1=C(C)OC(C2=CC(NC(C3=C(C(C)(C)C)N=CN3)=O)=CC=C2)=N1,0.0026601929392199965
CC[C@H]1N(C)CC[C@@H]1C(NC1=CC(C2OC(C)=C(C)N=2)=CC=C1)=O,0.006010527117177844
COC1=C(OCCN(C(C2C(C)=NOC=2)=O)C)C=CC=C1,0.011500308057293296
COC1=C(OCCN(C(C2=CN(CC3CC3)N=C2)=O)C)C=CC=C1,0.013301989762112498
COC1=C(OCCN(C(C2C(C)=CON=2)=O)C)C=CC=C1,0.011087352968752384
O=C([C@@]12CCO[C@@H]1CCC2)NC1=NC=C(C2=CC=CC=C2)C=C1,0.00675666166935116
O=C(C1N2C(CCCC2)=CN=1)NCC1=CC=C(CN2C(=O)CCC2)C=C1,0.005705016595311463
COC1=C(C(NCC2=CC=C(CN3C(=O)CCC3)C=C2)=O)C(OC)=NC=C1,0.005983277573250234
O=C([C@@]12CCO[C@@H]1CCC2)NCC1=CC=C(CN2C(=O)CCC2)C=C1,0.01015228044707328
O=C(NCC1=CC=C(CN2C(=O)CCC2)C=C1)CC1=CC=C(N2C=NC=C2)C=C1,0.005274539277888834
OCC1ON=C(C(NCC2=CC=C(CN3C(=O)CCC3)C=C2)=O)C=1,0.003474072797689587
COC1=C(F)C=C(NC(CC2=C3N(CCCC3)N=C2)=O)C=C1F,0.00728742410428822
CCOCN1C(C)=C(CC(NC2=CC(F)=C(OC)C(F)=C2)=O)C(C)=N1,0.006928681628778577
COC1=C(F)C=C(NC(C2(C3=NC=CC=C3)CC2)=O)C=C1F,0.006715760729275644
COC1=CC(C(C2N(C)C=CN=2)NC(C2OC(C)=C(CO)C=2)=O)=CC=C1,0.003277238551527262
COC1=CC(C(C2N(C)C=CN=2)NC(C2C(=O)NCCC2)=O)=CC(OC)=C1,0.004844555561430752
COC1=CC(C(C2N(C)C=CN=2)NC([C@H]2[C@H](C3CCOCC3)C2)=O)=CC(OC)=C1,0.006593649799469858
CCN1C(C)=C(C(NC(C2=CC(OC)=CC(OC)=C2)C2N(C)C=CN=2)=O)C=N1,0.006685863086022437
O=C(C1N2C(C=CC=C2)=CN=1)N1CC(C2N3C(C=CC=C3)=NN=2)CCC1,0.004951945738866925
CCN1C(C)=C(C(N2CC(C3N4C(C=CC=C4)=NN=3)CCC2)=O)C=N1,0.007409660052508116
CCC1=C(C(N2CC(C3N4C(C=CC=C4)=NN=3)CCC2)=O)C=C(F)C=C1,0.005436636484228074
CO[C@@H]1CN(C2=NC=NC(N3CC(C)(C)CC(O)CC3)=C2)[C@H](CN(C)C)C1,0.00739061669446528
COCC1(CN(C2=NC=NC(N3[C@H](CN(C)C)C[C@H](OC)C3)=C2)CC1)CO,0.006796479341574013
CCO[C@H]1[C@H](NC2=NC=NC(N3[C@H](CN(C)C)C[C@H](OC)C3)=C2)COC1,0.008258475991897284
CO[C@@H]1CN(C2=NC=NC(N3C[C@H]4[C@@H](OCC(N4)=O)CC3)=C2)[C@H](CN(C)C)C1,0.005868423567153514
CO[C@@H]1CN(C2=NC=NC(N(C3CCN(OC)CC3)C)=C2)[C@H](CN(C)C)C1,0.003014183870982379
CO[C@@H]1CN(C2=NC=NC(N3CC4C(=NN(C=4N)C)C3)=C2)[C@H](CN(C)C)C1,0.007886432157829405
CO[C@@H]1CN(C2=NC=NC(NCC3=NC4=C(CCC4)C=N3)=C2)[C@H](CN(C)C)C1,0.009752698382362724
CO[C@@H]1CN(C2=NC=NC(NC(C3=NN(C)C=C3)C)=C2)[C@H](CN(C)C)C1,0.009209934924729168
CO[C@@H]1CN(C2=NC=NC(NCC(CC(F)(F)F)C)=C2)[C@H](CN(C)C)C1,0.005520659568719566
CC1N=C(CCNC(C2=CN(CC3CC3)N=C2)=O)SC=1,0.007815719372592867
CC1N=C(CCNC(C2(C3=NC=CC=C3)CC2)=O)SC=1,0.0072673883521929385
CC1N=C(CCNC(C2N(C)C(=O)NC=2)=O)SC=1,0.002264277305221185
CN(CCN1N=CC(C(NCCC2SC=C(C)N=2)=O)=C1)C,0.0069867898244410755
CCOCN1C(C)=C(CC(NCCC2SC=C(C)N=2)=O)C(C)=N1,0.006913462188094854
CC1N=C(CCNC(CC2=C3N(CCCC3)N=C2)=O)SC=1,0.007283249497413635
COC1=C(C(NCCC2SC=C(C)N=2)=O)N=CC=C1,0.005811797338537872
CON1CCC(C(N2C3=NC4=C(N3CC2)C=CC=C4)=O)CC1,0.0013036970718530937
CCOCN1C(C)=C(CC(N2C3=NC4=C(N3CC2)C=CC=C4)=O)C(C)=N1,0.005996164469979704
O=C(C1=CN(CC2CC2)N=C1)N1C2=NC3=C(N2CC1)C=CC=C3,0.006537242792546749
CC1C2N(C=CC=2)CCN1C(C1C(=O)NCCC1)=O,0.008534774067811668
COC1=C(C)C(C(N2CCN(C(C3=CC(F)=CC=C3)=O)CCC2)=O)=CN=C1,0.008309131721034646
CON1CCC(C(N2CCN(C(C3=CC(F)=CC=C3)=O)CCC2)=O)CC1,0.0022034882742445914
CCOCN1C(C)=C(CC(NCC2SC(Br)=CC=2)=O)C(C)=N1,0.00798440263606608
CCN1C(C2=CC(NC(C3=C(C(C)(C)C)N=CN3)=O)=CC=C2)=NN=C1,0.0028920348559040576
CCOCN1C(C)=C(CC(NC2=CC(C3N(CC)C=NN=3)=CC=C2)=O)C(C)=N1,0.006015757448039949
CC(NC(C1=C(C(C)(C)C)N=CN1)=O)CC1SC=CC=1,0.0035097059211693705
CC(NC(C1=C(C(F)(F)F)C=NN1)=O)CC1SC=CC=1,0.002010609593708068
CC(NC(C1C(C)=CN(C2CCOCC2)N=1)=O)CC1SC=CC=1,0.008481159759685396
CC(NC(C1=C(C)N=C(C2COCC2)S1)=O)CC1SC=CC=1,0.007247234228998423
CC(NC([C@@]12CCO[C@@H]1CCC2)=O)CC1OC=CC=1,0.01151286605745554
CC(NC(C1C(C)OC(C)C1)=O)CC1OC=CC=1,0.011693231761455536
COC1=C(C)C(C(NC(CC2OC=CC=2)C)=O)=CN=C1,0.008007538411766291
CON1CCC(C(NC(CC2OC=CC=2)C)=O)CC1,0.0019331372110173105
CCN1N=C(C2CC2)C(C(NC(CC2OC=CC=2)C)=O)=C1,0.010374293569475413
CC1=C(CO)C=C(C(NC2=CC3=C(OC(C4CC4)=N3)C=C2)=O)O1,0.003028175001963973
CC[C@H]1N(C)CC[C@@H]1C(NC1=CC2=C(OC(C3CC3)=N2)C=C1)=O,0.006839558063074946
CN1C(=O)NC=C1C(NC1=CC2=C(OC(C3CC3)=N2)C=C1)=O,0.0024943946860730647
CC(C1OC2=C(C=C(C=C2)NC(C2=CN(CC3CC3)N=C2)=O)N=1)(C)C,0.006536019477061927
CC1=C(CO)C=C(C(NC2=CC3=C(OC(C(C)(C)C)=N3)C=C2)=O)O1,0.0025937238766346126
CON1CCC(C(NC2=CC3=C(OC(C(C)(C)C)=N3)C=C2)=O)CC1,0.0014284021279308945
COCC1=C(C(NC2=CC3=C(OC(C(C)C)=N3)C=C2)=O)C=CS1,0.004725469346158207
CC(C1OC2=C(C=C(C=C2)NC([C@@]23CCO[C@@H]2CCC3)=O)N=1)C,0.007136794948019087
CC(C1OC2=C(C=C(C=C2)NC(C2(C3=NC=CC=C3)CC2)=O)N=1)C,0.006642682710662484
CCOCN1C(C)=C(CC(NC2=CC3=C(OC(C(C)C)=N3)C=C2)=O)C(C)=N1,0.0059820037800818685
CC(C1OC2=C(C=C(C=C2)NC(C2=CN(CCN(C)C)N=C2)=O)N=1)C,0.006027143867686391
CCN1N=C(C2CC2)C(C(NC2=CC3=C(OC(C(C)C)=N3)C=C2)=O)=C1,0.006670228228904307
CC(C1OC2=C(C=C(C=C2)NC(C2C(C)=CON=2)=O)N=1)C,0.0051131589221768085
CCCOC1=C(OC)C=C(CNC(C(C2=CC=NC=C2)C)=O)C=C1,0.009919502772390842
CCN(C(COC1=CC(NC([C@@]23CCO[C@@H]2CCC3)=O)=CC=C1)=O)CC,0.009354882570914925
COC1=C(C(NC2=CC(OCC(N3CCCC3)=O)=CC=C2)=O)N=CC=C1,0.0064914026763290165
CC1CC2N(C=C(C(NC3=CC(OCC(N4CCCC4)=O)=CC=C3)=O)N=2)CC1,0.005999630410224199
CN1C(=O)NC=C1C(NC1=CC(OCC(N2CCCC2)=O)=CC=C1)=O,0.003299547208007425
CN(CCN1N=CC(C(NC2=CC(OCC(N3CCCC3)=O)=CC=C2)=O)=C1)C,0.007738617900758982
O=C(C1N(CC2CCC2)N=CC=1)NC1=CC(N2C(=O)NCC2)=CC=C1,0.0043048090999946
CCN1N=C(C2CC2)C(C(NCC2OC3=C(C=CC=C3)C=2)=O)=C1,0.00913785262964666
O=C(NCC1OC2=C(C=CC=C2)C=1)CC1=C2N(CCCC2)N=C1,0.009104656614363193
O=C(C1C(=O)NCCC1)NC1=CC(C2C3=C(CCCC3)NN=2)=CC=C1,0.0052784092258661985
CCN1C(C)=C(C(NC2=CC(C3C4=C(CCCC4)NN=3)=CC=C2)=O)C=N1,0.0065144955879077315
FC(OC1=CC(NC(C2C(=O)NCCC2)=O)=CC=C1)F,0.003530103457160294
CC(CC1(C(NC2=CC(OC(F)F)=CC=C2)=O)C(=O)NCC1)C,0.0049343562684953214
CNC(C1=CC(NC(C2=CC=C(C3CCOCC3)C=C2)=O)=C(OC)C=C1)=O,0.0074134461581707
CNC(C1=CC(NC(C(OCC2=CC(C)=CC=C2)C)=O)=C(OC)C=C1)=O,0.008985285554081202
CNC(C1=CC(NC(C2N(CC3CCC3)N=CC=2)=O)=C(OC)C=C1)=O,0.007681414228864014
CNC(C1=CC(NC(C2=CN(CC3CC3)N=C2)=O)=C(OC)C=C1)=O,0.0076157827861607075
CCCCOC1=CC(CNC(C2=CN(CCN(C)C)N=C2)=O)=CC=C1,0.008720201579853893
CC1OC(CN(C(CCC2N=NNC=2)=O)C2CC2)=CC=1,0.005242260138038546
CC1OC(CN(C(C2=C(C(F)(F)F)C=NN2)=O)C2CC2)=CC=1,0.003929263190366327
CC1OC(CN(C(C2OC3=C(C=CC(=C3)O)OC2)=O)C2CC2)=CC=1,0.006166609819047153
CC1OC(CN(C(CC2=C3N(CCCC3)N=C2)=O)C2CC2)=CC=1,0.013606374571099877
CC1OC(CN(C(C2=C(C)N=C(C3COCC3)S2)=O)C2CC2)=CC=1,0.01145998048596084
COC1=CC=C(OC2CCN(C(C3(C4=NC=CC=C4)CC3)=O)CC2)C=C1,0.009728213446214795
COC1=CC=C(OC2CCN(C(CC3=C4N(CCCC4)N=C3)=O)CC2)C=C1,0.009611890092492104
COC1=CC=C(OC2CCN(C(C3N4C(C=CC=C4)=CN=3)=O)CC2)C=C1,0.004983519180677831
CC1C(C(NCC2SC3=C(CCCC3)C=2)=O)=NOC=1,0.010995750641450286
ClC1=CC(Cl)=C(N2CCN(C(C3N4C(CCCC4)=CN=3)=O)CC2)N=C1,0.005266321613453329
COC1=C(C)C=CC(C(N2CCN(C([C@@]34CCO[C@@H]3CCC4)=O)CC2)=O)=C1,0.010838633473031222
NC1(CCOCC1)CNC(CC1=C(Cl)C=C(Cl)C=C1)=O,0.009552830783650278
OC1CCN(C2=C(NC(C3N4C(CCCC4)=CN=3)=O)C=CC=C2)CC1,0.0028038255928549915
CCN1N=C(C2CC2)C(C(NC2=C(N3CCC(O)CC3)C=CC=C2)=O)=C1,0.004235657281242311
CCC1=C(C(NC2=C(N3CCC(O)CC3)C=CC=C2)=O)C=C(F)C=C1,0.0030943821649998425
OC1CCN(C2=C(NC(C3N4C(C=CC=C4)=CN=3)=O)C=CC=C2)CC1,0.0018779857200570405
COC1=C(C)C(C(NC2=C(N3CCC(O)CC3)C=CC=C2)=O)=CN=C1,0.0034360356745310127
CC(C1=CC=C(S(N(C)C)(=O)=O)C=C1)NC(CC1=C2N(CCCC2)N=C1)=O,0.00670275951270014
CN(CCN1N=CC(C(NCC2=CC(NC(C3CCCC3)=O)=CC=C2)=O)=C1)C,0.00858015799894929
CC1=C(CO)C=C(C(NCC2=CC(NC(C3CCCC3)=O)=CC=C2)=O)O1,0.004837402456905693
CC(C1=CC=NC=C1)C(NCC1=CC(NC(C2CCCC2)=O)=CC=C1)=O,0.009167113155126572
OC1=CC2=C(OCC(C(NCC3=CC(NC(C4CCCC4)=O)=CC=C3)=O)O2)C=C1,0.005084847519174218
O=C([C@H]1[C@H](C2CCOCC2)C1)NCC1=CC(NC(C2CCCC2)=O)=CC=C1,0.009392603416927159
O=C(C1CCCC1)NC1=CC(CNC(C2=CN(CC3CC3)N=C2)=O)=CC=C1,0.008583489013835788
O=C(C1CCCC1)NC1=CC(CNC(C2=C(CC#N)C=CC=C2)=O)=CC=C1,0.00587267311202595
CCN1N=C(C2CC2)C(C(NCC2=CC(NC(C3CCCC3)=O)=CC=C2)=O)=C1,0.009098548674955964
FC1=CC(C(NC2=CC(CNC([C@H]3[C@H](C4CCOCC4)C3)=O)=CC=C2)=O)=CC=C1,0.005636518273968249
CON1CCC(C(NCC2=CC(NC(C3=CC(F)=CC=C3)=O)=CC=C2)=O)CC1,0.0013459602603688836
CCCNC(C1=CC=C(NC([C@H]2[C@H](C3CCOCC3)C2)=O)C=C1)=O,0.007877950277179479
CCCNC(C1=CC=C(NC(CC2=C3N(CCCC3)N=C2)=O)C=C1)=O,0.007261262787505984
CCCNC(C1=CC=C(NC(C2N=C3N(CCC(C3)C)C=2)=O)C=C1)=O,0.0050928651355206965
CCCNC(C1=CC=C(NC(C2(C3=NC=CC=C3)CC2)=O)C=C1)=O,0.007484602532349527
CCCNC(C1=CC=C(NC(C2C(=O)NCCC2)=O)C=C1)=O,0.00623501178342849
CC1C(C(NCCC2=CC=C(OCC(NC3CC3)=O)C=C2)=O)=NOC=1,0.008002468850463629
COC1=C(C(NCCC2=CC=C(OCC(NC3CC3)=O)C=C2)=O)N=CC=C1,0.007022862229496241
O=C(NC1CC1)COC1=CC=C(CCNC([C@@]23CCO[C@@H]2CCC3)=O)C=C1,0.00967680299654603
O=C(NC1CC1)COC1=CC=C(CCNC([C@H]2[C@H](C3CCOCC3)C2)=O)C=C1,0.009381524927448481
CCOCN1C(C)=C(CC(C(NCC2=NC(C)=NC=C2)=O)C)C(C)=N1,0.008694833004847169
CC1=NC(CNC(C2=NC=NC(N3CCOCC3)=C2)=O)=CC=N1,0.004409084049984813
CC1OC(C)C(C(NC(C2=CC=C(F)C=C2)C2N(C)C=CN=2)=O)C1,0.00533300971146673
NC(C1=CC(NC(C2N3C(CCCC3)=CN=2)=O)=C(N2CCCCC2)C=C1)=O,0.0049170634127222
FC1=CC=C(C2N(C(CCC3=NNN=N3)=O)CCC2)C=C1,0.0026943173725157976
FC1=CC=C(C2N(C(CC3OC(C4=CC=CC=C4)=NN=3)=O)CCC2)C=C1,0.006151677970774472
CN(C(C1=CC(NC(C2N3C(CCCC3)=CN=2)=O)=CC=C1)=O)C,0.005457765143364668
CN(C(C1=CC(NC(CCC2N=NNC=2)=O)=CC=C1)=O)C,0.0033071488840505483
CN(CCN1N=CC(C(NC2=CC(C(N(C)C)=O)=CC=C2)=O)=C1)C,0.007512013125233352
CC(C(NC1=CC(C(N(C)C)=O)=CC=C1)=O)OCC1=CC(C)=CC=C1,0.009398594684898853
CN(C(C1=CC(NC(C2=CC=C(C3CCOCC3)C=C2)=O)=CC=C1)=O)C,0.008226787904277444
CN(C(C1=CC(NC(C2N(CC3CCC3)N=CC=2)=O)=CC=C1)=O)C,0.008228611829690636
CN(C(C1=CC(NC(C2N3C(CCCC3)=NC=2C(F)F)=O)=CC=C1)=O)C,0.004445336561184376
COCCN1N=CC(C(NCC(N2CCOCC2)C(C)C)=O)=C1,0.009325945377349853
CC(C(N1CCOCC1)CNC(C1=CC=C(C2CCOCC2)C=C1)=O)C,0.012612411146983504
CC(C(N1CCOCC1)CNC(C1=C(C(F)(F)F)C=NN1)=O)C,0.0032039826619438827
COCC1=C(C(NCC2N3C(CCCCC3)=NN=2)=O)C=CS1,0.008365465374663473
COC1=C(C(N(C(C2CC2)C)C)=O)C(OC)=C(S(N)(=O)=O)C=C1,0.008022774942219257
ClC1=CC(C(N2CCN(C(C3N4C(CCCC4)=CN=3)=O)CC2)=O)=CC=C1,0.006075388751924038
ClC1=CC(C(N2CCN(C(C3=C(CC#N)C=CC=C3)=O)CC2)=O)=CC=C1,0.005518277556620888
ClC1=CC(C(N2CCN(C(C3(C4=NC=CC=C4)CC3)=O)CC2)=O)=CC=C1,0.008224825141951442
CC1C(C(N2CCN(C(C3=CC(Cl)=CC=C3)=O)CC2)=O)=CON=1,0.007981739705428481
OCC1ON=C(C(N2CCN(C(C3=CC(Cl)=CC=C3)=O)CC2)=O)C=1,0.0037455065990798174
CN(CCN1N=CC(C(NCCCN2C(=O)C3(CCCCC3)NC2=O)=O)=C1)C,0.0028281762264668942
CC1CC2N(C=C(C(NCCCN3C(=O)C4(CCCCC4)NC3=O)=O)N=2)CC1,0.002126335533102974
O=C([C@@]12CCO[C@@H]1CCC2)NCCCN1C(=O)C2(CCCCC2)NC1=O,0.0031733635696582496
O=C(C1N(CC2CCC2)N=CC=1)NCCCN1C(=O)C2(CCCCC2)NC1=O,0.0030031883739866315
O=C([C@H]1[C@H](C2CCOCC2)C1)NCCCN1C(=O)C2(CCCCC2)NC1=O,0.0027770650514867155
CC(C1=CC(NC(C)=O)=CC=C1)NC(C1=C(C(C)(C)C)N=CN1)=O,0.003292935877107084
CC(C1=CC(NC(C)=O)=CC=C1)NC(C1N(C)C(=O)NC=1)=O,0.0024008969136048107
COC1=C(C)C(C(NC(C2=CC(NC(C)=O)=CC=C2)C)=O)=CN=C1,0.006000222382135689
CC(C1=CC(NC(C)=O)=CC=C1)NC([C@@]12CCO[C@@H]1CCC2)=O,0.009306511143222451
CC(C1=CC(NC(C)=O)=CC=C1)NC(C1=CC=C(C2CCOCC2)C=C1)=O,0.007579047163017094
COC1=C(C(NC(C2=CC(NC(C)=O)=CC=C2)C)=O)C(OC)=NC=C1,0.005778165417723358
CCN(C(C1=C(C(C)(C)C)N=CN1)=O)CCO,0.0021931161172688007
COC1=C(OCC2=CC=NC=C2)C=C(NC(C2(CC(=C)C2)C)=O)C=C1,0.009396326960995793
CC1C2C(CCCC2)N(C(C[C@H]2C(=O)NC3=C(C=CC=C3)C(=O)N2)=O)CC1,0.008147234981879591
CC1C2C(CCCC2)N(C(C2=NC=NC(N3CCOCC3)=C2)=O)CC1,0.008648933051154018
CC1C2C(CCCC2)N(C(CCC2N=NNC=2)=O)CC1,0.0066520201973617075
CCN(C(C1=CC=C(CNC(CCC2N=NNC=2)=O)C=C1)=O)CC,0.004457295162137598
CCN(C(C1=CC=C(CNC(C2=C(C(C)(C)C)N=CN2)=O)C=C1)=O)CC,0.004468302638269961
CCN(C(C1=CC=C(CNC(C(C2=CC=NC=C2)C)=O)C=C1)=O)CC,0.00851331721059978
CCN(C(C1=CC=C(CNC(C2=C(Cl)C=C(OC)C=C2F)=O)C=C1)=O)CC,0.007268381747417152
CCN(C(C1=CC=C(CNC(C2=C(COC)SC=C2)=O)C=C1)=O)CC,0.00841056345961988
CC1C(C(NCC2=CC(N3C(=O)CCC3)=CC=C2)=O)=NN(C2CCOCC2)C=1,0.007996866782195865
O=C(NCC1=CC(N2C(=O)CCC2)=CC=C1)CC1=C2N(CCCC2)N=C1,0.00795893098693341
COC1=C(C(NCC2=CC(N3C(=O)CCC3)=CC=C2)=O)N=CC=C1,0.005426066531799734
CC1=C(C(NCC2=CC(N3C(=O)CCC3)=CC=C2)=O)SC(C2COCC2)=N1,0.005615085456520319
O=C(C1=CN(CC2CC2)N=C1)NCC1=CC(N2C(=O)CCC2)=CC=C1,0.0076501285424456
CC(N1CCN(CCNC(C2=CN(CC3CC3)N=C2)=O)CC1)=O,0.00797950818669051
CC(N1CCN(CCNC(C2OC(C)=C(CO)C=2)=O)CC1)=O,0.0033244808786548675
FC(OC1=CC=C(CCNC(CC2=C3N(CCCC3)N=C2)=O)C=C1)(F)F,0.004303464503027499
OC1=CC2=C(OCC(C(N3CC(C(NCC4CC4)=O)CCC3)=O)O2)C=C1,0.004922838974744081
CC[C@H]1N(C)CC[C@@H]1C(N1CC(C(NCC2CC2)=O)CCC1)=O,0.011123037105426193
O=C(C1CN(C(C2(C3=C4C(C=CC=C4)=CC=N3)CC2)=O)CCC1)NCC1CC1,0.008388495072722435
FC(C1=C(C(N2CC(C(NCC3CC3)=O)CCC2)=O)N2C(CCCC2)=N1)F,0.004386109218467027
COCC1=C(C(N2CC(C(NCC3CC3)=O)CCC2)=O)C=CS1,0.007628232380375266
COCC1=C(C(NCC2=CN=C(N3C(C)=CC(C)=N3)C=C2)=O)C=CS1,0.005972052994184196
CC1=NN(C2=NC=C(CNC(C3=C(C)N=C(C4COCC4)S3)=O)C=C2)C(C)=C1,0.006629364518448711
CC1=NN(C2=NC=C(CNC(C3(CC(=C)C3)C)=O)C=C2)C(C)=C1,0.009763328917324543
CC1CC2N(C=C(C(NCC3=CN=C(N4C(C)=CC(C)=N4)C=C3)=O)N=2)CC1,0.00665453493129462
O=C(C1(C2=NC=CC=C2)CC1)NCC1=CN=C(N2CC3=C(C=CC=C3)CC2)C=C1,0.008311323961243034
CCCCOC1=C(OC)C=C(C(NC(C2OC(C)=C(CO)C=2)=O)C)C=C1,0.005249462951906025
CCCCOC1=C(OC)C=C(C(NC(C2C(=O)NCCC2)=O)C)C=C1,0.009009157493710517
COC1=C(OCCC(C)C)C=CC(C(NC(C2C(C)=NOC=2)=O)C)=C1,0.012478758161887527
COC1=C(OCCC(C)C)C=CC(C(NC(C2N(C)C(=O)NC=2)=O)C)=C1,0.004684881295543164
CC1OC(C)CN(CC2=C(NC(C3N4C(CCCC4)=CN=3)=O)C=CC=C2)C1,0.006239544716663659
CC1OC(C)CN(CC2=C(NC(C3=CN(CC4CC4)N=C3)=O)C=CC=C2)C1,0.009002825198695063
COCC1=C(C(NC2=C(CN3CC(C)OC(C)C3)C=CC=C2)=O)C=CS1,0.00768661517649889
CC1OC(C)CN(CC2=C(NC(C3OC(C)=C(CO)C=3)=O)C=CC=C2)C1,0.00427957420470193
COC1=CC(OC)=C(CNC(C2=C(OC)C=CC=N2)=O)C(OC)=C1,0.007894127699546515
COC1=CC(OC)=C(CNC(C2=C(C(C)(C)C)N=CN2)=O)C(OC)=C1,0.004081191984005273
COC1=CC(OC)=C(CNC(C2=C(C(F)(F)F)C=NN2)=O)C(OC)=C1,0.003324251750018448
COC1=CC(OC)=C(CNC(CCC2N=NNC=2)=O)C(OC)=C1,0.004475031886249781
COC1=CC(OC)=C(CNC(C2C(C)=NOC=2)=O)C(OC)=C1,0.008729637367650867
COC1=CC(OC)=C(CNC(C2N3C(CCCC3)=CN=2)=O)C(OC)=C1,0.006466779811307788
FC1=CN=C(NC(C2N3C(CCCC3)=CN=2)=O)C=C1,0.004382733535021543
CCN1C(=O)C=CC(NC(C2OC(C)=C(CO)C=2)=O)=C1,0.0033386373310349883
CCN1C(=O)C=CC(NC(CC2=C3N(CCCC3)N=C2)=O)=C1,0.007031624112278223
CCN1C(=O)C=CC(NC(C2=CC=C(C3CCOCC3)C=C2)=O)=C1,0.007097865222021937
CN(C(C1N(C)C(=O)NC=1)=O)CC1=CC(C(F)(F)F)=CC=C1,0.0023408139939419927
NC1(CCOCC1)CNC(CC1=CC(C(F)(F)F)=CC=C1)=O,0.0055127008934505286
COC1=C(C(N2CCN(S(C)(=O)=O)CC2)=O)N=CC=C1,0.004286254430189729
CS(N1CCN(C(C2=CC=C(C3CCOCC3)C=C2)=O)CC1)(=O)=O,0.006111815036274493
CCOCN1C(C)=C(CC(C(N2CCN(S(C)(=O)=O)CC2)=O)C)C(C)=N1,0.007157781859859824
CS(N1CCN(C(C2=CN(CC3CC3)N=C2)=O)CC1)(=O)=O,0.005193077400326729
CC1C(C(N2CCN(S(C)(=O)=O)CC2)=O)=NOC=1,0.004556481388863176
CC(N(C(C1=C(C2=CC3=C(OCCO3)C=C2)OC=N1)=O)C)C1CC1,0.009038954693824052
CC(N(C(C(N1C(C)=NN=N1)CC1=CC(F)=CC=C1)=O)C)C1CC1,0.006735696410760284
CCCS(C1=C(C(N(C(C2CC2)C)C)=O)C=CC=C1)(=O)=O,0.011322461906820536
CC(C1N(C2=NC=C(C(F)(F)F)C=C2)N=CC=1C(N(C(C1CC1)C)C)=O)C,0.0071629190118983384
CCN1C2=C(C(C(N(C(C3CC3)C)C)=O)=CC(C(C)C)=N2)C(=O)NC1=O,0.006028809444978833
CNS(C1=CC(C(N(C(C2CC2)C)C)=O)=C(C)C=C1)(=O)=O,0.00604928769171238
O=C(C1(C2=C3C(C=CC=C3)=CC=N2)CC1)NCC1=C(N2CCOCC2)N=CC=C1,0.00611035458277911
FC(C1=C(C(NCC2=C(N3CCOCC3)N=CC=C2)=O)N2C(CCCC2)=N1)F,0.003455964254681021
COC1=C(C(NCC2=C(N3CCOCC3)N=CC=C2)=O)C(OC)=NC=C1,0.005180736654438078
CN(C(C1C(C)=CN(C2CCOCC2)N=1)=O)CC1=CC=C(OC(F)(F)F)C=C1,0.0059338509105145935
CN(C(C1=NC=NC(N2CCOCC2)=C1)=O)CC1=CC=C(OC(F)(F)F)C=C1,0.0037914204178377984
CN(C(C1N(C)C(=O)NC=1)=O)CC1=CC=C(OC(F)(F)F)C=C1,0.0019843308866256846
CC(C1=C(Cl)C=C(Cl)C=C1)N(C(CCC1N=NNC=1)=O)C,0.004407161835115403
CC(C1=C(Cl)C=C(Cl)C=C1)N(C(CCC1=NNN=N1)=O)C,0.003494977205991745
CC1=CC2=C(NC3=C2CN(C(C2OC4=C(C=CC(=C4)O)OC2)=O)CC3)C=C1,0.0034328219946473835
CCN1N=C(C2CC2)C(C(N2CC3=C(NC4=C3C=C(C)C=C4)CC2)=O)=C1,0.0074284345842897895
CNC(C1=CC(CNC(C2CCN(OC)CC2)=O)=CC=C1)=O,0.0015818253014003858
CN1C(=O)NC=C1C(NC1CCC(C2=CC=CC=C2)CC1)=O,0.004059026611503214
CCN(C(C1=C(C(F)(F)F)C=NN1)=O)CCO,0.0013620287616504356
CCN(C(CC1OC(C2=CC=CC=C2)=NN=1)=O)CCO,0.0031153966556303203
CCOCN1C(C)=C(CC(N(CCO)CC)=O)C(C)=N1,0.0046376235550269485
CCN(C(C1C(=O)NCCC1)=O)CCO,0.003993943543173372
OCCN1CCN(C(C2N(CC3CCC3)N=CC=2)=O)CC1,0.00371550431009382
CN1C(=O)NC=C1C(NC1=NC=C(N2CCCC2)C=C1)=O,0.002545296255266294
O=C(C1N(CC2CCC2)N=CC=1)NC1=NC=C(N2CCCC2)C=C1,0.008054262539371849
FC(C1=C(C(NC2=NC=C(N3CCCC3)C=C2)=O)N2C(CCCC2)=N1)F,0.004108611261472106
COC1=C(C)C2=C(C(=CO2)CC(NC2=CN(C)N=C2)=O)C=C1,0.006804860103875399
COCCOC1=NC=C(NC(C2CCN(OC)CC2)=O)C=C1,0.0011574607517104596
COCCOC1=NC=C(NC(C2N(C)C(=O)NC=2)=O)C=C1,0.0020869406522251665
COCCOC1=NC=C(NC([C@H]2[C@@H](C(F)(F)F)CCCC2)=O)C=C1,0.0038205762467327987
COCCOC1=NC=C(NC(C2=NC=NC(N3CCOCC3)=C2)=O)C=C1,0.004369946056976914
COCCOC1=NC=C(NC(C2(C(=O)NCC2)CC(C)C)=O)C=C1,0.00640673846937716
COCCOC1=NC=C(NC(C2=C(C)N=C(C3COCC3)S2)=O)C=C1,0.004713656706735491
COCCOC1=NC=C(NC(C2N(CC3CCC3)N=CC=2)=O)C=C1,0.006234479346312582
CC(C1=CC=C(Br)C=C1)(NC(C1C(=O)NCCC1)=O)C,0.009649958880618214
CCCCOC1=C(OC)C=C(CNC([C@H]2[C@H](C3CCOCC3)C2)=O)C=C1,0.010947427130304277
CCCCOC1=C(OC)C=C(CNC([C@@]23CCO[C@@H]2CCC3)=O)C=C1,0.011353248357772827
CCCCNC(C1=CC=C(CNC(C2=NN3C(N=CC=C3)=C2)=O)C=C1)=O,0.006029016268439591
CC1CN(CCCNC(C2=C(C3OCCC3)NN=C2)=O)CC(C)C1,0.006909535429440439
CCCC(NC1=CC=C(CNC([C@H]2[C@H](CC)N(C)CC2)=O)C=C1)=O,0.008196782902814448
CCCC(NC1=CC=C(CNC(CC2=C3N(CCCC3)N=C2)=O)C=C1)=O,0.008537359535694122
CCCC(NC1=CC=C(CNC(C2=C(OC)C=CC=N2)=O)C=C1)=O,0.005804088851436973
CCCC(NC1=CC=C(CNC(C2=C(C)N=C(C3COCC3)S2)=O)C=C1)=O,0.005471436004154384
CCCC(NC1=CC=C(CNC(C2C(C)=CON=2)=O)C=C1)=O,0.0065338663989678025
CCCC(NC1=CC=C(CNC(C2=CN(CC3CC3)N=C2)=O)C=C1)=O,0.007559401053003967
COC1=CC(CCNC(C2OC(C)=C(CO)C=2)=O)=CC=C1,0.00424837515456602
COC1=CC(CCNC(C2(C3=NC=CC=C3)CC2)=O)=CC=C1,0.009083930402994156
COC1=CC(CCNC(C[C@H]2C(=O)NC3=C(C=CC=C3)C(=O)N2)=O)=CC=C1,0.007842227630317212
CCN1N=C(C2CC2)C(C(NCCC2=CC(OC)=CC=C2)=O)=C1,0.00990870245732367
CC(OC1=C(CNC(C2=C(CC#N)C=CC=C2)=O)C=CC=N1)C,0.004287685396047891
CN(C(N1CCN(C(C2OC(C)=C(CO)C=2)=O)CC1)=O)CC1=CC=CC=C1,0.002955507830483839
CN(C(N1CCN(C(C2N3C(C=CC=C3)=CN=2)=O)CC1)=O)CC1=CC=CC=C1,0.0034372711088508368
CC1OC(C)C(C(N2CCN(C(N(CC3=CC=CC=C3)C)=O)CC2)=O)C1,0.007328635873273015
CC(NC(C1=C(NC(C2=C(C(F)(F)F)C=NN2)=O)C=C(Cl)C=C1)=O)C,0.002915735507849604
NCC1C(C(F)(F)F)CCN(C(CN2C3=C(C=CC=C3)N=C2)=O)C1,0.00327219071550644
CCC1=C(NC(C2C(C)=CN(C3CCOCC3)N=2)=O)C(C)=CC=C1,0.00997642525471747
COC1=C(C(NCC2N3C(C=CC(C(F)(F)F)=C3)=NN=2)=O)C(OC)=NC=C1,0.0045812914497219024
FC(C1=CN2C(=NN=C2CNC(C2=CN(CC3CCCC3)N=C2)=O)C=C1)(F)F,0.005979962879791856
FC(C1=CN2C(=NN=C2CNC(CC2=C3N(CCCC3)N=C2)=O)C=C1)(F)F,0.0050975193968042735
CC1CC2N(C=C(C(NCC3N4C(C=CC(C(F)(F)F)=C4)=NN=3)=O)N=2)CC1,0.003385570866521448
FC(C1=CN2C(=NN=C2CNC(C2C(=O)NCCC2)=O)C=C1)(F)F,0.0031167478067800404
FC(C1=CN2C(=NN=C2CNC(C2N3C(CCCC3)=CN=2)=O)C=C1)(F)F,0.0032697911141440273
CNS(CC1=CC=C(CNC(C(C2=CC=NC=C2)C)=O)C=C1)(=O)=O,0.004499124060384929
CNS(CC1=CC=C(CNC(C2N(CC3CCC3)N=CC=2)=O)C=C1)(=O)=O,0.00489189550280571
CN(S(C1=C(CNC(C2=C(C(C)(C)C)N=CN2)=O)C=CC=C1)(=O)=O)C,0.002468009456060827
OC1=CC2=C(OCC(C(N3CCCCCCC3)=O)O2)C=C1,0.007060383399948478
O=C(C1=C(C2OC=CC=2)NN=C1)N1CCCCCCC1,0.006733072898350656
NC(C1=CC(NC(C2N(CC3CCC3)N=CC=2)=O)=C(N2CCCC2)C=C1)=O,0.007197212218306959
NC(C1=CC(NC(C2=CN(CC3CC3)N=C2)=O)=C(N2CCCC2)C=C1)=O,0.00724868755787611
CC1C(C(NC2CCN(C3CC3)CC2)=O)=CON=1,0.010178463673219085
CN1C(=O)NC=C1C(NC1CCN(C2CC2)CC1)=O,0.0035629771067760886
O=C(NC1CCN(C2CC2)CC1)CC1OC(C2=CC=CC=C2)=NN=1,0.00635648041497916
O=C(C1=C(C2OC=CC=2)NN=C1)NC1CCN(C2CC2)CC1,0.005427953670732677
O=C(NC(C1=CC=CC=C1)C1CC1)CCC1N=NNC=1,0.005293639656156301
CCOCN1C(C)=C(CC(C(NC(C2=CC=CC=C2)C2CC2)=O)C)C(C)=N1,0.011017898144200445
CN(CCN1N=CC(C(NC(C2=CC=CC=C2)C2CC2)=O)=C1)C,0.011413607746362686
O=C(NC(C1=CC=CC=C1)C1CC1)C[C@H]1C(=O)NC2=C(C=CC=C2)C(=O)N1,0.009270696435123682
CC1C(C(NC(C2=CC=C(C)C=C2)C2CC2)=O)=CON=1,0.012681762967258692
CCN1N=C(C2CC2)C(C(NC2=CC(NC(C3SC=CC=3)=O)=CC=C2)=O)=C1,0.006444427603855729
O=C(C1SC=CC=1)NC1=CC(NC([C@@]23CCO[C@@H]2CCC3)=O)=CC=C1,0.006679517775774002
CC[C@H]1N(C)CC[C@@H]1C(NC1=CC(NC(C2SC=CC=2)=O)=CC=C1)=O,0.006088020675815642
CCC(C1=CC=C(OC)C=C1)NC(C1C(C2CC2)=NN(CC)C=1)=O,0.011420795647427439
CCC(C1=CC=C(OC)C=C1)NC(C1=NC=NC(N2CCOCC2)=C1)=O,0.006289799581281841
CCOCN1C(C)=C(CC(NC(C2=CC=C(OC)C=C2)CC)=O)C(C)=N1,0.009584999782964588
CCC(C1=CC=C(OC)C=C1)NC(C1=C(C)N=C(C2COCC2)S1)=O,0.008364792075008154
CC1(C(NC2=CC(NC(N)=O)=CC=C2)=O)CC(=C)C1,0.004911084624473006
CNC(NC1=CC(NC(C2N3C(CCCC3)=NC=2C(F)F)=O)=CC=C1)=O,0.002890480251517147
CON1CCC(C(NC(C2=CC=CC=C2)C(N)=O)=O)CC1,0.0013337112817680464
CC1=C(C(NC(C2=CC=CC=C2)C(N)=O)=O)SC(C2COCC2)=N1,0.005559347779490053
CCS(N1CCC(NC(C2N=C3N(CCC(C3)C)C=2)=O)CC1)(=O)=O,0.0038458164548501373
CCS(N1CCC(NC([C@@]23CCO[C@@H]2CCC3)=O)CC1)(=O)=O,0.0062550621340051295
CCS(N1CCC(NC(C2C(C)OC(C)C2)=O)CC1)(=O)=O,0.006722561758942902
CCS(N1CCC(NC(C2(C(=O)NCC2)CC(C)C)=O)CC1)(=O)=O,0.006251455866731703
CCS(N1CCC(NC(C2N3C(CCCC3)=NC=2C(F)F)=O)CC1)(=O)=O,0.0028175463899970054
CCN1N=C(C2CC2)C(C(NC2CCN(S(CC)(=O)=O)CC2)=O)=C1,0.0050681914202868935
CO[C@@H]1CN(C2=NC=NC(NCC3=NN4C(OCCC4)=C3)=C2)[C@H](CN(C)C)C1,0.008218553522601724
CO[C@@H]1CN(C2=NC=NC(NC3(CC=CC3)C)=C2)[C@H](CN(C)C)C1,0.012485475931316613
CO[C@@H]1CN(C2=NC=NC(NC(C3(CC3)CO)C)=C2)[C@H](CN(C)C)C1,0.005385483265854418
CC(C1=C(NC(CCC2N=NNC=2)=O)C=CC=C1)C,0.0039294302929192785
CO[C@@H]1CN(C2=NC=NC(NCCC3=COC=C3)=C2)[C@H](CN(C)C)C1,0.008756725466810167
CCOCN1C(C)=C(CC(C(NC2=C(C(C)C)C=CC=C2)=O)C)C(C)=N1,0.010151290567591786
COC1=C(C)C(C(NC2=C(C(C)C)C=CC=C2)=O)=CN=C1,0.00845517092384398
CC(C1=C(NC(C2=C(C)N=C(C3COCC3)S2)=O)C=CC=C1)C,0.007299590343609452
CC(C1=C(NC(C[C@H]2C(=O)NC3=C(C=CC=C3)C(=O)N2)=O)C=CC=C1)C,0.0097612019861117
CC(C1=C(NC(C2C(C)=CON=2)=O)C=CC=C1)C,0.00885177047457546
CO[C@@H]1CN(C2=NC=NC(NCC(N3N=CC=C3)(C)C)=C2)[C@H](CN(C)C)C1,0.008629190386272967
CC(CC(NC(C1=NOC(CO)=C1)=O)(C)C)(C)C,0.006542931357398629
CC(CC(NC(C1=NC=NC(N2CCOCC2)=C1)=O)(C)C)(C)C,0.007549630757421255
CC(CC(NC(C1C(=O)NCCC1)=O)(C)C)(C)C,0.010713124088943005
CN(CCN1N=CC(C(NC(CC(C)(C)C)(C)C)=O)=C1)C,0.014995627384632827
ClC1=CC=C(C(N2CCN(C(C3=C(C4OCCC4)NN=C3)=O)CC2)=O)C=C1,0.005602652905508876
COC1=C(C(N2CCN(C(C3=CC=C(Cl)C=C3)=O)CC2)=O)N=CC=C1,0.007060065260156989
CC(C1=C(C(N2CCN(C(C3=CC=C(Cl)C=C3)=O)CC2)=O)NC=N1)(C)C,0.0036300897947512565
CC(C1=CC=C(S(C)(=O)=O)C=C1)N(C(C1OC(C)=C(CO)C=1)=O)C,0.003885192680172622
CC1C(C(NCCN2CC3=C(C=CC=C3)CC2)=O)=CON=1,0.009297612588852644
O=C([C@@]12CCO[C@@H]1CCC2)NC1=CN=C(N2C3=C(C=CC=C3)N=C2)C=C1,0.0052236711606383325
CN1C(=O)NC=C1C(N1C(C2=CC=C(Cl)C=C2)CCC1)=O,0.0031605501659214496
CC(OCC1=C(CNC(C2=C(C3OC=CC=3)NN=C2)=O)C=CC=C1)C,0.005645164358429611
CC(OCC1=C(CNC(C[C@H]2C(=O)NC3=C(C=CC=C3)C(=O)N2)=O)C=CC=C1)C,0.009222674649208784
CC(OCC1=C(CNC(C2C(C)=CN(C3CCOCC3)N=2)=O)C=CC=C1)C,0.010477027064189315
COC1=C(C)C(C(NCC2=C(COC(C)C)C=CC=C2)=O)=CN=C1,0.008759091049432755
CC(OCC1=C(CNC(C2=C(C(C)(C)C)N=CN2)=O)C=CC=C1)C,0.004683439352083952
CCOCN1C(C)=C(CC(NCC2=C(COC(C)C)C=CC=C2)=O)C(C)=N1,0.00996640482917428
CC1=C(CO)C=C(C(NC2=CC3=C(OCC3)C=C2)=O)O1,0.0038677318720147015
CS(NC1=C2C(CN(C([C@@]34CCO[C@@H]3CCC4)=O)CC2)=CC=C1)(=O)=O,0.005627112579531968
CCCCN(C(C1CCN(OC)CC1)=O)C1CS(=O)(=O)CC1,0.0025726276566274465
CCCCN(C(C1=C(OC)C=CC=N1)=O)C1CS(=O)(=O)CC1,0.007928361278027296
OC1=C(NC(C2=CC=C(C3CCOCC3)C=C2)=O)C=CC=C1,0.005059186066500842
CC1SC(NC(C2(C3=NC=CC=C3)CC2)=O)=NN=1,0.007149031898006797
COCC1=C(C(NC2SC=C(CC(N)=O)N=2)=O)C=CS1,0.004583548591472209
CCC1=C(NC(C2=NOC(CO)=C2)=O)C(C)=CC=C1,0.004334094119258225
CCC1=C(NC(C2N(C)C(=O)NC=2)=O)C(C)=CC=C1,0.0028238404949661343
CCC1=C(NC(C2C(C)=CON=2)=O)C(C)=CC=C1,0.009155397233553231
O=C(C1N(C(C2=CC3=C(C=CC=N3)C=C2)=O)CCC1)NCC1OC=CC=1,0.006387999467551708
CC1=C(F)C(F)=C(C(N2C(C(NCC3OC=CC=3)=O)CCC2)=O)C=C1,0.0075316904345527295
COC1=C(C(N2C(C(NCC3OC=CC=3)=O)CCC2)=O)N=CC=C1,0.006600448302924633
O=C(N1C(C(NCC2OC=CC=2)=O)CCC1)CC1=CC=C(N2C=NC=C2)C=C1,0.005176663398742676
CC1C(C(N2C(C(NCC3OC=CC=3)=O)CCC2)=O)=CON=1,0.007708465913310647
CC[C@H]1N(C)CC[C@@H]1C(N(C1CS(=O)(=O)CC1)CC=C)=O,0.00959110800176859
OC1=CC2=C(OCC(C(N(C3CS(=O)(=O)CC3)CC=C)=O)O2)C=C1,0.004061220516450703
C=CCN(C(C1C(=O)NCCC1)=O)C1CS(=O)(=O)CC1,0.006513761729001999
CC1C(C(N(C2CS(=O)(=O)CC2)CC=C)=O)=CON=1,0.007468367367982865
CCOCN1C(C)=C(CC(N(C2CS(=O)(=O)CC2)CC=C)=O)C(C)=N1,0.007692221365869045
COC1=C(C)C(C(N(C2CS(=O)(=O)CC2)CC=C)=O)=CN=C1,0.007308911322616041
C=CCN(C(C1N(CC2CCC2)N=CC=1)=O)C1CS(=O)(=O)CC1,0.00880589517764747
CCC1=C(C(N(C2CS(=O)(=O)CC2)CC=C)=O)C=C(F)C=C1,0.006931650429032743
CON1CCC(C(NCC2=CC(NC(C3=CC=NC=C3)=O)=CC=C2)=O)CC1,0.001437645242549479
CON1CCC(C(NC2SC(CC3=CC=CC=C3)=NN=2)=O)CC1,0.0015078909345902503
CCOCN1C(C)=C(CC(NC2SC(CC3=CC=CC=C3)=NN=2)=O)C(C)=N1,0.006817682553082705
CC(CC1SC(NC(C2C(C)=NOC=2)=O)=NN=1)C,0.006951567973010242
CC[C@H]1N(C)CC[C@@H]1C(NC1SC(CC(C)C)=NN=1)=O,0.008083188231103123
CCCCC1SC(NC(C2C(C)=CON=2)=O)=NN=1,0.00734718800522387
CCCCC1SC(NC(C2(C(=O)NCC2)CC(C)C)=O)=NN=1,0.0084307667799294
CCCCC1SC(NC([C@H]2[C@H](CC)N(C)CC2)=O)=NN=1,0.008556235232390463
CCCCC1SC(NC(C2N(C)C(=O)NC=2)=O)=NN=1,0.0025456981908064335
CCCCCC1SC(NC(C2C(C)=CON=2)=O)=NN=1,0.006889916607178748
CCCCCC1SC(NC(C2C(C3CC3)=NN(CC)C=2)=O)=NN=1,0.007014482375234365
CCCCCC1SC(NC(C2=C(C)N=C(C3COCC3)S2)=O)=NN=1,0.006076734024100005
CCCCCC1SC(NC(C2=C(C)C(OC)=CN=C2)=O)=NN=1,0.0061258695553988215
CCCCCC1SC(NC(C2=NC=NC(N3CCOCC3)=C2)=O)=NN=1,0.0046163852326571945
CCCCCC1SC(NC(CCC2N=NNC=2)=O)=NN=1,0.004254571977071464
CCC(C1SC(NC(C2=C(COC)SC=C2)=O)=NN=1)CC,0.006781243276782334
CCC(C1SC(NC([C@@]23CCO[C@@H]2CCC3)=O)=NN=1)CC,0.010299240052700043
CCC(C1SC(NC(C2=C(C)C(OC)=CN=C2)=O)=NN=1)CC,0.007137185079045594
CCC(C1SC(NC(C2(C3=NC=CC=C3)CC2)=O)=NN=1)CC,0.008747798297554255
CCC(C1SC(NC(C2N(C)C(=O)NC=2)=O)=NN=1)CC,0.002799374586902559
CCC(C1SC(NC(C2OC3=C(C=CC(=C3)O)OC2)=O)=NN=1)CC,0.004658621677663177
CCC(C1SC(NC(C2N3C(CCCC3)=CN=2)=O)=NN=1)CC,0.005402205185964704
CCCC1SC(NC(C2C(C)=CON=2)=O)=NN=1,0.006928178342059254
CCCC1SC(NC(C2(CC(=C)C2)C)=O)=NN=1,0.010947739239782095
CCN1N=C(C2CC2)C(C(NC2SC(C3=CC=CC=C3)=NN=2)=O)=C1,0.006062389956787229
CC(CC1(C(NC2SC(C3=CC=CC=C3)=NN=2)=O)C(=O)NCC1)C,0.006557848071679473
CON1CCC(C(NC2SC(C3=CC=CC=C3)=NN=2)=O)CC1,0.0013026684056967497
CN(CCN1N=CC(C(NCC2=C(OCC(F)(F)F)C=CC=C2)=O)=C1)C,0.0058599506504833695
OCC1ON=C(C(NCC2=C(OCC(F)(F)F)C=CC=C2)=O)C=1,0.002736502277548425
CCCOC1=CC(C)=C(NC(C2C(C)=CON=2)=O)C=C1,0.008240005583502352
CCCOC1=CC(C)=C(NC(C2=CN(CCN(C)C)N=C2)=O)C=C1,0.00877951281145215
CCCOC1=CC(C)=C(NC(C2(C3=NC=CC=C3)CC2)=O)C=C1,0.009266877174377441
CC1OC(C)C(C(NCC2=CC(CN3N=CC=C3)=CC=C2)=O)C1,0.009940051706507802
CC[C@H]1N(C)CC[C@@H]1C(NCC1=CC(CN2N=CC=C2)=CC=C1)=O,0.007939010206609965
O=C(C1=NC=NC(N2CCOCC2)=C1)NCC1=CC(CN2N=CC=C2)=CC=C1,0.004782832646742463
O=C(NCC1=CC(CN2N=CC=C2)=CC=C1)CCC1N=NNC=1,0.004275932477321475
O=C(C1N2C(CCCC2)=CN=1)NCC1=CC(CN2N=CC=C2)=CC=C1,0.006246068701148033
CCOC(C(NC1=CC=C(S(NC2=C(F)C=C(F)C=C2)(=O)=O)C=C1)=O)(C)C,0.00420164339011535
CC1=CC(C2N(C(C3=NC=NC(N4CCOCC4)=C3)=O)CCC2)=CC=C1,0.007796733267605304
CC1OC(C)C(C(NC(C2=CC3=C(OCCO3)C=C2)C2CC2)=O)C1,0.013366162404417991
O=C(NC(C1=CC2=C(OCCO2)C=C1)C1CC1)CC1=C2N(CCCC2)N=C1,0.010914093721657992
O=C(C1C(=O)NCCC1)NC(C1=CC2=C(OCCO2)C=C1)C1CC1,0.009093755902722479
CN1C(=O)NC=C1C(NCC1=C(N2CCCC2)C=CC=C1)=O,0.0029703200503718107
CC1CC2N(C=C(C(NCC3=C(N4CCCC4)C=CC=C3)=O)N=2)CC1,0.006497603910975158
CC1=C(CO)C=C(C(NCC2=C(N3CCCC3)C=CC=C2)=O)O1,0.004260662733577192
COC1=C(C(NCC2=C(N3CCCC3)C=CC=C2)=O)N=CC=C1,0.007023043371737004
O=C(C1N(CC2CCC2)N=CC=1)NCC1=C(N2CCCC2)C=CC=C1,0.009864086844027042
CCN1C(C)=C(C(NCC2=C(N3CCCC3)C=CC=C2)=O)C=N1,0.008899952052161098
O=C(C1N2C(CCCC2)=CN=1)NCC1=C(N2CCCC2)C=CC=C1,0.006729921093210578
COC1=NC(N2CCN(C(C3=C(CC#N)C=CC=C3)=O)CC2)=NC=C1,0.003932714278562344
COC1=NC(N2CCN(C(C3=C(C(C)(C)C)N=CN3)=O)CC2)=NC=C1,0.0032042218022979795
COC1=NC(N2CCN(C(C3C(C)=NOC=3)=O)CC2)=NC=C1,0.005755589343607426
COC1=NC(N2CCN(C(CC3OC(C4=CC=CC=C4)=NN=3)=O)CC2)=NC=C1,0.005440282658673823
COC1=NC(N2CCN(C(C3N(CC4CCC4)N=CC=3)=O)CC2)=NC=C1,0.007827000971883536
COC1=NC(N2CCN(C(C3(C(=O)NCC3)CC(C)C)=O)CC2)=NC=C1,0.0074908208101987835
O=C(C1=C(C2OCCC2)NN=C1)NC1N(CC2=CC=CC=C2)C=CN=1,0.0029197576455771922
CCOCN1C(C)=C(CC(NC2N(CC3=CC=CC=C3)C=CN=2)=O)C(C)=N1,0.0050011400133371355
O=C(C1N(CC2CCC2)N=CC=1)NC1N(CC2=CC=CC=C2)C=CN=1,0.0052451590192504225
CCC1SC(NC(C2N3C(CCCC3)=CN=2)=O)=NN=1,0.0043244232889264825
CCC1SC(NC(C2=C(C3OCCC3)NN=C2)=O)=NN=1,0.004219409823417663
CCC1SC(NC([C@H]2[C@H](C3CCOCC3)C2)=O)=NN=1,0.007583968609105795
CCC1SC(NC(C2=C(F)C(F)=C(C)C=C2)=O)=NN=1,0.004993477021344006
CCC1SC(NC([C@@]23CCO[C@@H]2CCC3)=O)=NN=1,0.008551914081908762
CCC1SC(NC(C2(C(=O)NCC2)CC(C)C)=O)=NN=1,0.00732899175491184
CCC1SC(NC(C2=CN(CCOC)N=C2)=O)=NN=1,0.005536852707155049
CCOCN1C(C)=C(CC(NC2SC(CC)=NN=2)=O)C(C)=N1,0.006193842319771647
CCC1SC(NC(C2OC3=C(C=CC(=C3)O)OC2)=O)=NN=1,0.0038982096244581043
FC(C1=C(C(NC2SC(CC3=CC=CC=C3)=NN=2)=O)N2C(CCCC2)=N1)F,0.0037732591736130416
COCCN1N=CC(C(NC2SC(CC3=CC=CC=C3)=NN=2)=O)=C1,0.005753024434670806
CN(C(C1N(CC2CCC2)N=CC=1)=O)CC1=COC=C1,0.012964997766539454
COC1=C(C(N(CC2=COC=C2)C)=O)C(OC)=NC=C1,0.007267033820971847
CN(C(C1=CN(CC2CC2)N=C1)=O)CC1=COC=C1,0.013175065256655216
CN(C(C1=C(C2OC=CC=2)NN=C1)=O)CC1OCCCC1,0.006622326234355569
CCOCN1C(C)=C(CC(N(CC2OCCCC2)C)=O)C(C)=N1,0.01070972764864564
CN(C(C1=NN2C(N=CC=C2)=C1)=O)CC1OCCCC1,0.009541663341224194
CC(NC(C[C@H]1C(=O)NC2=C(C=CC=C2)C(=O)N1)=O)CC1=CSC=C1,0.0071038709254935386
COC1=C(C)C(C(NC(CC2=CSC=C2)C)=O)=CN=C1,0.007973051723092794
CC(NC(C1C(C)=CON=1)=O)CC1=CSC=C1,0.008920424152165651
COCCOC1=C(CNC(C2=CN(CC3CC3)N=C2)=O)C=CC=C1,0.007909887935966253
COCCOC1=C(CNC(C2C(C)=CON=2)=O)C=CC=C1,0.00662077572196722
COCCOC1=C(CNC(C2=CN(CCN(C)C)N=C2)=O)C=CC=C1,0.007231578743085265
COCCOC1=C(CNC(C2=C(C(C)(C)C)N=CN2)=O)C=CC=C1,0.003387975529767573
COCCOC1=C(CNC(C2=CC=C(C3CCOCC3)C=C2)=O)C=CC=C1,0.008503474900498987
COCCOC1=C(CNC(C2(C3=C4C(C=CC=C4)=CC=N3)CC2)=O)C=CC=C1,0.007200200040824711
COCCOC1=C(CNC(C2=C(OC)N=CC=C2OC)=O)C=CC=C1,0.005720274359919131
CC[C@H]1N(C)CC[C@@H]1C(N1CC2=C(C(=CC=C2)NS(C)(=O)=O)CC1)=O,0.005239723203703761
CS(NC1=C2C(CN(C(C3C(=O)NCCC3)=O)CC2)=CC=C1)(=O)=O,0.004040958941914141
CN(C1=CC=C(C(C)(C)C)C=C1)C(C1N(C)C(=O)NC=1)=O,0.003673054534010589
CN(C1=CC=C(C(C)(C)C)C=C1)C(CCC1N=NNC=1)=O,0.004803580010775477
BrC1=CC=C(CNC(C2=NC=NC(N3CCOCC3)=C2)=O)C=C1,0.0051132361870259045
CCOCN1C(C)=C(CC(NCC2=CC=C(Br)C=C2)=O)C(C)=N1,0.0091518459841609
CC1=C(CO)C=C(C(NCCC2=CC=NC=C2)=O)O1,0.0035440857289358975
COC1=C(C)C2=C(C(=CO2)CC(NCCC2=CC=NC=C2)=O)C=C1,0.0072527163662016395
CC1C(C(NCCC2=CC=NC=C2)=O)=CON=1,0.007050588680431247
FC(CN1CC(CNC(C2=C(CC#N)C=CC=C2)=O)CC1)(F)F,0.003707875882992084
FC(CN1CC(CNC(C[C@H]2C(=O)NC3=C(C=CC=C3)C(=O)N2)=O)CC1)(F)F,0.005638790215016343
FC(CN1CC(CNC(C2=C(C3OC=CC=3)NN=C2)=O)CC1)(F)F,0.003624610933184158
FC(CN1CC(CNC(CCC2=NNN=N2)=O)CC1)(F)F,0.002010568116384093
CC1C(C(NCC2CN(CC(F)(F)F)CC2)=O)=NN(C2CCOCC2)C=1,0.006550063943723217
O=C(C1N2C(CCCC2)=CN=1)NCC1CN(C2CC2)CC1,0.008974357927218079
O=C(C1=C(C2OCCC2)NN=C1)NCC1CN(C2CC2)CC1,0.008634387049824
CN(CCN1N=CC(C(NCC2CN(C3CC3)CC2)=O)=C1)C,0.01222923663444817
OC1=CC2=C(C(C(NCC3CN(C4CC4)CC3)=O)=CC=C2)C=C1,0.005744333704933524
CC1=C(C2=CC=C(F)C=C2)N=C(NC(C2C(=O)NCCC2)=O)S1,0.004158191988244653
CC[C@H]1N(C)CC[C@@H]1C(NC1N(C2CS(=O)(=O)CC2)N=C(C)C=1)=O,0.006306073605082929
CC1C(C(NC2SC=C(CN3CCCCC3)N=2)=O)=NOC=1,0.005957479798234999
CC1C(C(NC(C(F)(F)F)C2=CC=CC=C2)=O)=NN(C2CCOCC2)C=1,0.0063414038449991494
CCN1N=C(C2CC2)C(C(NC2=CC(CN3C(C(N)=O)CCC3)=CC=C2)=O)=C1,0.0074607984861359
CN(CCN1N=CC(C(NC2=CC(CN3C(C(N)=O)CCC3)=CC=C2)=O)=C1)C,0.006906515522859991
COC1=C(C)C(C(NC2=CC(CN3C(C(N)=O)CCC3)=CC=C2)=O)=CN=C1,0.005955452471971512
CC1OC(C)C(C(NC2=CC(CN3C(C(N)=O)CCC3)=CC=C2)=O)C1,0.009059304581023752
O=C(C1=C(C2OCCC2)NN=C1)N1CCN(CC2CCCCC2)CCC1,0.01102182692848146
CCOCN1C(C)=C(CC(N2CCN(CC3CCCCC3)CCC2)=O)C(C)=N1,0.014705621171742678
CON1CCC(C(NC2SC=C(C3=CC(C)=C(C)C=C3)N=2)=O)CC1,0.0016634759143926204
CCN1N=C(C2CC2)C(C(NC2N(CCC#N)N=C(C)C=2)=O)=C1,0.004438752916757949
CC1=NN(CCC#N)C(NC(C2=C(C(F)(F)F)C=NN2)=O)=C1,0.001467823519033118
CC(C1=CC=NC=C1)C(NC1N(CCC#N)N=C(C)C=1)=O,0.0035138887574248656
CC1=NN(CCC#N)C(NC(C2=C(F)C(F)=C(C)C=C2)=O)=C1,0.004041250305544963
COC1=C(C(NCC2ON=C(C)N=2)=O)C(OC)=NC=C1,0.006802246998995542
COC1=CC(Cl)=C(C(NCC2ON=C(C)N=2)=O)C(F)=C1,0.006280228425748646
CC1N=C(CNC(C2(C3=NC=CC=C3)CC2)=O)ON=1,0.00874955819454044
CC1CC2N(C=C(C(NCC3ON=C(C)N=3)=O)N=2)CC1,0.00580720289144665
CCOCN1C(C)=C(CC(C(NCC2ON=C(C)N=2)=O)C)C(C)=N1,0.009183037141337991
CCN1N=C(C2CC2)C(C(NC2N(CC3=CC=CC=C3)N=C(C)C=2)=O)=C1,0.0076371620176360015
CC1=NN(CC2=CC=CC=C2)C(NC(C2=C(C)N=C(C3COCC3)S2)=O)=C1,0.006078726425766945
CC1=NN(CC2=CC=CC=C2)C(NC(C2=NC=NC(N3CCOCC3)=C2)=O)=C1,0.0050539518240839245
CC(C1=C(C2=CC=CC=C2)N=C(NC(C2C(=O)NCCC2)=O)S1)C,0.00577250502537936
COC1=C(C2NC(NC(C3N4C(CCCC4)=CN=3)=O)=NN=2)C=CC=C1,0.002972722111735493
COCCN(C(C1C(=O)NCCC1)=O)C1CCCC1,0.011162130953744053
O=C(C1N(CC2CCC2)N=CC=1)NC1SC=C(C2CC2)N=1,0.008514747442677616
COCC1=C(C(NC2SC=C(C3CC3)N=2)=O)C=CS1,0.006820598058402539
FC(C1=C(C(NC2SC=C(C3CC3)N=2)=O)NN=C1)(F)F,0.00241042526322417
CN(CCN1N=CC(C(NC2SC=C(C3CC3)N=2)=O)=C1)C,0.007008299604058266
OC1=CC2=C(OCC(C(NC3SC=C(C4CC4)N=3)=O)O2)C=C1,0.003690988151356578
O=C(C1=CN(CC2CCCC2)N=C1)N1CCC(C2C3=C(N=CC=C3)NC=2)CC1,0.0061570869758725165
CC1C(C(N2CCC(C3C4=C(N=CC=C4)NC=3)CC2)=O)=NN(C2CCOCC2)C=1,0.005297443247400224
COC1=C(C)C(C(N2CCC(C3C4=C(N=CC=C4)NC=3)CC2)=O)=CN=C1,0.004847290692850947
CC(C1=C(C(N2CCC(C3C4=C(N=CC=C4)NC=3)CC2)=O)NC=N1)(C)C,0.0035048813326284288
CC(C1=CC=NC=C1)C(N1CCC(C2C3=C(N=CC=C3)NC=2)CC1)=O,0.004531660501379519
O=C(N1CCC(C2C3=C(N=CC=C3)NC=2)CC1)CC1=CC=C(N2C=NC=C2)C=C1,0.003286395547911525
CN1C(=O)NC=C1C(N1CCC(C2C3=C(N=CC=C3)NC=2)CC1)=O,0.0023896058148238806
CC1=C(CN(C(C2=CN(CC3CC3)N=C2)=O)CC2=CN=CC=C2)C=CC=C1,0.012397889886051417
CC1=C(CN(C(CCC2N=NNC=2)=O)CC2=CN=CC=C2)C=CC=C1,0.0046281956718303265
CC(C#N)CN(C(C1N2C(C=CC=C2)=CN=1)=O)C,0.0036513148594707447
COCCN1N=CC(C(N(CC(C#N)C)C)=O)=C1,0.007773379151547033
CC(C#N)CN(C(C1C(C)=CN(C2CCOCC2)N=1)=O)C,0.008157781889553916
CC(C#N)CN(C(C1=C(C)C=C(OC2=CC=CC=C2)C=C1)=O)C,0.0076886256115358265
CCOC1=C(CNC(CCC2=NNN=N2)=O)C=CC=C1,0.003488992678467184
CON1CCC(C(NC2SC=C(CN3CCCCC3)N=2)=O)CC1,0.0019021112530026585
O=C(C1C(=O)NCCC1)NC1SC=C(CN2CCCCC2)N=1,0.00628499835729599
CON1CCC(C(NC2SC=C(CN3CC(C)OC(C)C3)N=2)=O)CC1,0.0018282493052538483
CC1OC(C)CN(CC2N=C(NC(C3C(=O)NCCC3)=O)SC=2)C1,0.005729356803931296
CCN(CC1N=C(NC(C2N3C(CCCC3)=CN=2)=O)SC=1)CC,0.005710490536876023
CCN(CC1N=C(NC(CC2=CC=C(N3C=NC=C3)C=C2)=O)SC=1)CC,0.00532340700738132
CCN(CC1N=C(NC(C2OC(C)=C(CO)C=2)=O)SC=1)CC,0.0034715752699412405
CCN(CC1N=C(NC(C2=CC=C(C3N=CNC=3)C=C2)=O)SC=1)CC,0.0034314974676817656
CCOCN1C(C)=C(CC(NC2SC=C(CN(CC)CC)N=2)=O)C(C)=N1,0.0079883414786309
CCN(CC1N=C(NC(C2=C(OC)C=CC=N2)=O)SC=1)CC,0.006549476250074804
CCN(CC1N=C(NC(C2N(CC3CCC3)N=CC=2)=O)SC=1)CC,0.00827106151264161
CN1CCN(C(CC2=CC=C(NC(C3C(C)=CON=3)=O)C=C2)=O)CC1,0.006410226249136031
CN1CCN(C(CC2=CC=C(NC(C3=CN(CC4CC4)N=C3)=O)C=C2)=O)CC1,0.007443340052850545
CCCCOC1=C(NC(CC2=C3N(CCCC3)N=C2)=O)C=CC=C1,0.00884061916731298
CCCCOC1=C(NC(CC2OC(C3=CC=CC=C3)=NN=2)=O)C=CC=C1,0.006256130151450634
FC(C1=C(C(NCCOC2CCCCC2)=O)N2C(CCCC2)=N1)F,0.005330952303484082
O=C(C1=CN(CC2CC2)N=C1)NCCOC1CCCCC1,0.011987413140013814
CCN1N=C(C2CC2)C(C(NCCOC2CCCCC2)=O)=C1,0.011632467759773136
O=C(N1C(C2CCCC2)CCC1)CCC1=NNN=N1,0.006593476049602032
CC1CC2N(C=C(C(N3CCN(C(C4SC(C)=CC=4)=O)CC3)=O)N=2)CC1,0.006294734915718437
CC1SC(C(N2CCN(C(CC3=CC=C(N4C=NC=C4)C=C3)=O)CC2)=O)=CC=1,0.004474124405533075
CON1CCC(C(N2CCN(C(C3SC(C)=CC=3)=O)CC2)=O)CC1,0.0019886705849785358
CC1SC(C(N2CCN(C(C3N(CC4CCC4)N=CC=3)=O)CC2)=O)=CC=1,0.00949752344749868
CC(CC1(C(N2CCN(C(C3SC(C)=CC=3)=O)CC2)=O)C(=O)NCC1)C,0.008392390608787537
CS(NC1=C2C(CN(C(C3=C(C(F)(F)F)C=NN3)=O)CC2)=CC=C1)(=O)=O,0.0018083440139889718
NC(CN1N=C(NC([C@@]23CCO[C@@H]2CCC3)=O)C=C1)=O,0.006689783651381731
CCCN1CCC(N(C(CCC2N=NNC=2)=O)C)CC1,0.0044632273027673365
CCCN1CCC(N(C(C2OC3=C(C=CC(=C3)O)OC2)=O)C)CC1,0.005873371241614222
CCCN1CCC(N(C(C2=NC=NC(N3CCOCC3)=C2)=O)C)CC1,0.007404876011423767
CCCN1CCC(N(C(C[C@H]2C(=O)NC3=C(C=CC=C3)C(=O)N2)=O)C)CC1,0.007950862031430006
CC1(NC(C2OC3=C(C=CC(=C3)O)OC2)=O)CCCCC1,0.006973781902343035
CCCCN(C(C1N(C)C(=O)NC=1)=O)C1CS(=O)(=O)CC1,0.003340255527291447
CC1C(C(NC2=CC(N3CCS(=O)(=O)CC3)=CC=C2)=O)=NOC=1,0.004642895748838782
ClC1=CC=C(C2(NC(CCC3=NNN=N3)=O)CCC2)C=C1,0.0038710795808583496
O=C(C1=CN(CC2CCCC2)N=C1)NCC1N(C2=CC=CC=C2)N=NN=1,0.0077644819393754005
CCCCOC1=CC(NC(C2OC(C)=C(CO)C=2)=O)=CC=C1,0.0036822370486333965
CCCCOC1=CC(NC(C2=CN(CCN(C)C)N=C2)=O)=CC=C1,0.007613773853518069
CCCCOC1=CC(NC(C2=C(C3OCCC3)NN=C2)=O)=CC=C1,0.004993881983682513
CC1N(C2=C(CNC(C3=CN(CC4CCCC4)N=C3)=O)C=CC=N2)C=CN=1,0.0063317816471681
CC1N(C2=C(CNC(C3N(CC4CCC4)N=CC=3)=O)C=CC=N2)C=CN=1,0.005650351312942803
CC1N(C2=C(CNC(C3N4C(CCCC4)=CN=3)=O)C=CC=N2)C=CN=1,0.005116889032069594
CC(NC(C[C@H]1C(=O)NC2=C(C=CC=C2)C(=O)N1)=O)CC1=C(F)C=CC=C1,0.00665064281783998
CC(NC(C1=C(C)N=C(C2COCC2)S1)=O)CC1=C(F)C=CC=C1,0.006019097659736872
CC(NC(C1C(=O)NCCC1)=O)CC1=C(F)C=CC=C1,0.005020631570369005
CC1=C(CNC(C2N(C)C(=O)NC=2)=O)C=CO1,0.0027732776128686965
CCOCN1C(C)=C(CC(C(NCC2=C(C)OC=C2)=O)C)C(C)=N1,0.009987772814929486
CC1=C(CNC(C2=C(C(F)(F)F)C=NN2)=O)C=CO1,0.0027609612501692028
COC1=C(C)C2=C(C(=CO2)CC(NCC2=C(C)OC=C2)=O)C=C1,0.00862892037257552
CC1OC(C)C(C(NCC2=C(C)OC=C2)=O)C1,0.011477373074740171
CC1=C(CNC([C@@]23CCO[C@@H]2CCC3)=O)C=CO1,0.011233230866491795
COC1=C(C(NCC2=C(C)OC=C2)=O)C(OC)=NC=C1,0.006086832215078175
CC1=C(CNC(C2=CN(CC3CC3)N=C2)=O)C=CO1,0.010363687761127949
CC1C(C(NCC2=C(C)OC=C2)=O)=NOC=1,0.008616338553838431
CC(NC(C1N2C(CCCC2)=NC=1C(F)F)=O)CN1CC(C)CCC1,0.0044477577903307974
CC(NC(C1=C(C2OC=CC=2)NN=C1)=O)CN1CC(C)CCC1,0.005850458634085953
COC1=C(C(NC(CN2CC(C)CCC2)C)=O)N=CC=C1,0.008322830242104829
CC(NC(C1N2C(CCCC2)=CN=1)=O)CN1CC(C)CCC1,0.007593950117006898
O=C(NC1CCN(C([C@H]2[C@H](C3CCOCC3)C2)=O)CC1)NC1CCCCC1,0.0064878601464442905
CCOC(C(N1CCC(NC(NC2CCCCC2)=O)CC1)=O)(C)C,0.006878475076518953
CC1OC(C)C(C(N2CCC(NC(NC3CCCCC3)=O)CC2)=O)C1,0.007591700018383563
CC1CC2N(C=C(C(N3CCC(NC(NC4CCCCC4)=O)CC3)=O)N=2)CC1,0.004751851386390627
CN(CCN1N=CC(C(N2CCC(NC(NC3CCCCC3)=O)CC2)=O)=C1)C,0.006255679135210812
CC(C1=C(C(N2CCC(NC(NC3=CC=CC=C3)=O)CC2)=O)NC=N1)(C)C,0.0025034577236510815
CC1=C(CO)C=C(C(N2CCC(NC(NC3=CC=CC=C3)=O)CC2)=O)O1,0.002226630406221375
CC(C1=CC=NC=C1)C(N1CCC(NC(NC2=CC=CC=C2)=O)CC1)=O,0.0038400117540732027
O=C(NC1=CC=CC=C1)NC1CCN(C([C@@]23CCO[C@@H]2CCC3)=O)CC1,0.004879995144437999
CCOC(C(N1CCC(NC(NC2=CC=CC=C2)=O)CC1)=O)(C)C,0.004777242266573012
O=C(NC1=CC=CC=C1)NC1CCN(C(C2N(CC3CCC3)N=CC=2)=O)CC1,0.004629425902385265
COCC1=C(C(N2CCC(NC(NC3=CC=CC=C3)=O)CC2)=O)C=CS1,0.003666917560622096
CC1C(C(N2CCC(NC(NC3=CC=CC=C3)=O)CC2)=O)=NOC=1,0.004031055141240358
OC1=CC2=C(C(C(N3CCN(CC4N=CSC=4)CC3)=O)=CC=C2)C=C1,0.003417071816511452
CC1CC2N(C=C(C(N3CCN(CC4N=CSC=4)CC3)=O)N=2)CC1,0.006085366825573146
COC1=C(C(N2CCN(CC3N=CSC=3)CC2)=O)N=CC=C1,0.006143943849019706
O=C(C1=CN(CC2CCCC2)N=C1)N1CCN(CC2N=CSC=2)CC1,0.010015580523759126
CCN1C(C)=C(C(N2CCN(CC3N=CSC=3)CC2)=O)C=N1,0.007311366242356598
CC1C(C(N2CCN(CC3N=CSC=3)CC2)=O)=NOC=1,0.007148224930278957
CCC(OC1=CC=C(NC(C2OC3=C(C=CC(=C3)O)OC2)=O)C=C1)C,0.005008778511546552
CCC(OC1=CC=C(NC(C2C(=O)NCCC2)=O)C=C1)C,0.007777162198908627
O=C(N1CCN(CCC2SC=CC=2)CC1)C1C(=O)NCCC1,0.0066201297333464025
O=C(C1=C(C2OCCC2)NN=C1)N1CCN(CCC2SC=CC=2)CC1,0.005538047896698118
O=C(C1=CN(CC2CC2)N=C1)N1CCN(S(C2=CC=CC=C2)(=O)=O)CCC1,0.006992529821582138
O=C(C1(C2=NC=CC=C2)CC1)N1CCN(S(C2=CC=CC=C2)(=O)=O)CCC1,0.006806570640765131
CCN1C(C)=C(C(NCC2N=C3N(C=C(C=C3)C)C=2)=O)C=N1,0.005215777526609599
CC1=CN2C(=NC(=C2)CNC(C2N(CC3CCC3)N=CC=2)=O)C=C1,0.006191944214515388
CC(N(C(CCC1N=NNC=1)=O)CC1SC=CC=1)C,0.00434958073310554
O=C(N1C2=C(C=CC=C2)CCC1)CNC(C1N2C(CCCC2)=CN=1)=O,0.006365516502410173
CC1C(C(NCC(N2C3=C(C=CC=C3)CCC2)=O)=O)=NOC=1,0.008152327314019204
FC(C1=C(C(NCC(N2C3=C(C=CC=C3)CCC2)=O)=O)N2C(CCCC2)=N1)F,0.004436203255318105
O=C(N1C2=C(C=CC=C2)CCC1)CNC(C1(C2=NC=CC=C2)CC1)=O,0.009546508314087987
CN1C(=O)NC=C1C(NCC(N1C2=C(C=CC=C2)CCC1)=O)=O,0.002918534481432289
CC1C(C(NCC(N2C3=C(C=CC=C3)CCC2)=O)=O)=CON=1,0.007478358293883503
CN1CCN(S(C2=CC(NC(C3=C(CC#N)C=CC=C3)=O)=CC=C2)(=O)=O)CC1,0.0027120046270283638
CN1CCN(S(C2=CC(NC(C3C(=O)NCCC3)=O)=CC=C2)(=O)=O)CC1,0.0037543052807450295
CN1CCN(S(C2=CC(NC(C3(CC(=C)C3)C)=O)=CC=C2)(=O)=O)CC1,0.005896664201281964
COC1=C(C(NC2=CC(S(N3CCN(C)CC3)(=O)=O)=CC=C2)=O)N=CC=C1,0.003965657798107714
CCC1(C2=CC=C(NC(C3(C4=NC=CC=C4)CC3)=O)C=C2)C(=O)NC(=O)CC1,0.0034998656483367085
CCC1(C2=CC=C(NC(C3=C(OC)C=CC=N3)=O)C=C2)C(=O)NC(=O)CC1,0.0024817993165925146
CC1C(C(NCCN2CC3=C(SC=C3)CC2)=O)=CON=1,0.007486471394076944
COC1=C(OC)C=C(NC([C@@]23CCO[C@@H]2CCC3)=O)C(Br)=C1,0.012183797033503651
CC(C1=CC=CC=C1)N1CC(NC(C2C(=O)NCCC2)=O)CC1,0.008268948434852064
CC(C1=CC=CC=C1)N1CC(NC(C2N3C(CCCC3)=NC=2C(F)F)=O)CC1,0.004316063260193914
CC(C1=CC=CC=C1)N1CC(NC(C2N3C(CCCC3)=CN=2)=O)CC1,0.006959612108767032
O=C(C1=C(C2OC=CC=2)NN=C1)NCC1=C(N2CCOCC2)C=CC=C1,0.004224646894726902
O=C(C1(C2=C3C(C=CC=C3)=CC=N2)CC1)NCC1=C(N2CCOCC2)C=CC=C1,0.0077655970118939875
O=C(NCC1=C(N2CCOCC2)C=CC=C1)CCC1=NNN=N1,0.00288653951138258
CCN1N=C(C2CC2)C(C(NC2=C(OCC(F)(F)F)C=C(C)C=C2)=O)=C1,0.006525386590510607
FC1=CC=C(C(C2=CC=C(F)C=C2)NC(C2C(=O)NCCC2)=O)C=C1,0.005757159506902099
FC1=CC2=C(C(NC(CCC3N=NNC=3)=O)CC2)C=C1,0.004103692562785
COC1=C(C(NC2C3=C(C=C(C=C3)F)CC2)=O)N=CC=C1,0.008307632966898381
CC1=C(C(NC2C3=C(C=C(C=C3)F)CC2)=O)SC(C2COCC2)=N1,0.007595506915822625
CC1=CC2=C(C(NC(C[C@H]3C(=O)NC4=C(C=CC=C4)C(=O)N3)=O)CC2)C=C1,0.010026987013407051
CC1=CC2=C(C(NC(C3C(=O)NCCC3)=O)CC2)C=C1,0.011315572215244174
CC(C1=C(C(F)(F)F)C=CC=C1)NC(C1C(C)=CON=1)=O,0.005754549044650048
CC(C1=C(C(F)(F)F)C=CC=C1)NC(C1=NOC(CO)=C1)=O,0.00273487483500503
CC(C1=C(C(F)(F)F)C=CC=C1)NC(C1C(=O)NCCC1)=O,0.004386107716709375
CCOCN1C(C)=C(CC(NC(C2=C(C(F)(F)F)C=CC=C2)C)=O)C(C)=N1,0.005313563672825694
FC(C1=C(C(NC2=CC=C(CCN3CCCC3)C=C2)=O)NN=C1)(F)F,0.003186031780205667
COC1=C(C(NC2=CC=C(CCN3CCCC3)C=C2)=O)N=CC=C1,0.007676208065822721
CC(NC(C1C(C)=CON=1)=O)COC1=C(F)C=C(F)C=C1,0.006996313645504415
CC(NC(C1=CN(CC2CC2)N=C1)=O)COC1=C(F)C=C(F)C=C1,0.00848686946555972
CC(NC(C1C(=O)NCCC1)=O)COC1=C(F)C=C(F)C=C1,0.006291641155257821
ClC1=C2C(C(NC(CCC3N=NNC=3)=O)CC2)=CC=C1,0.005033498862758279
OC1=CC2=C(OCC(C(NC3C4=CC=CC(Cl)=C4CC3)=O)O2)C=C1,0.005361167108640074
CC(NC(C1C(=O)NCCC1)=O)COC1=C(C)C=CC=C1C,0.009370011370629072
CCOC(C(N1CCC(CNC(C)=O)CC1)=O)(C)C,0.00816152784973383
CC(CC1(C(N2CCC(CNC(C)=O)CC2)=O)C(=O)NCC1)C,0.009085800126194954
CC(NCC1CCN(C(C2=CC3=C(C=CC=N3)C=C2)=O)CC1)=O,0.005560346669517458
CC(NCC1CCN(C(C2=C(C(C)(C)C)N=CN2)=O)CC1)=O,0.0032449829392135142
O=C([C@H]1[C@H](C2CCOCC2)C1)NC1=C(OCCN2C=NC=C2)C=CC=C1,0.005483104084851221
O=C(C1=CC=C(C2CCOCC2)C=C1)NC1=C(OCCN2C=NC=C2)C=CC=C1,0.005594398896209896
O=C(C1=CN(CC2CCCC2)N=C1)NC1=C(OCCN2C=NC=C2)C=CC=C1,0.006546869222074747
CC(C(NC1=C(OCCN2C=NC=C2)C=CC=C1)=O)OCC1=CC(C)=CC=C1,0.005955864605493843
CON1CCC(C(NC2=C(OCCN3C=NC=C3)C=CC=C2)=O)CC1,0.0010887309239478783
O=C(C1C(=O)NCCC1)NC1=C(OCCN2C=NC=C2)C=CC=C1,0.004192153655458242
O=C(C1=CC=C(C2CCOCC2)C=C1)NCCN1C(=O)C2=C(C=CC=C2)C1=O,0.004686869319994002
CC1(C(NCCN2C(=O)C3=C(C=CC=C3)C2=O)=O)CC(=C)C1,0.005559291527606547
CCOC1CN(C(CCC2N=NNC=2)=O)CCC1,0.0037836774601601062
FC1=C(N2C=NC=C2)C=CC(CNC([C@@]23CCO[C@@H]2CCC3)=O)=C1,0.004917400889098644
CN(CCN1N=CC(C(NCC2=CC(F)=C(N3C(C)=NC=C3)C=C2)=O)=C1)C,0.004310936317779124
FC(C1SC(NC(C2(C3=NC=CC=C3)CC2)=O)=NN=1)F,0.004191761114634573
CC1C(C(NC2SC(C(F)F)=NN=2)=O)=CON=1,0.004151057789567858
FC1=C(OC2=CN=CC=C2)C=CC(CNC(C2=C(C3OCCC3)NN=C2)=O)=C1,0.0046683819382451475
BrC1=CC=C(C2OCCN(C(C3C(=O)NCCC3)=O)C2)C=C1,0.009041277086362242
CCCCC1CCC(NC(C2=NOC(CO)=C2)=O)CC1,0.007441313844174147
O=C(C1=NC=NC(N2CCOCC2)=C1)NCC1=C(N2CCOCC2)C=CC=C1,0.00586063452064991
O=C(C1=NN2C(N=CC=C2)=C1)NCC1=C(N2CCOCC2)C=CC=C1,0.0055141083663329486
O=C(C1C(=O)NCCC1)NCC1=C(N2CCOCC2)C=CC=C1,0.006473605055361986
COC1=C(C(NCC2=CC(OC)=C(C)C=C2)=O)N=CC=C1,0.006899231555871665
CC1=C(CO)C=C(C(NC2CCN(C3=CC=C(C(C)(C)C)C=C3)CC2)=O)O1,0.005254660686478019
CC(C1=CC=C(N2CCC(NC(C3=C(C4OCCC4)NN=C3)=O)CC2)C=C1)(C)C,0.007234448078088462
CC1CN(C(CNC(C2=NC=NC(N3CCOCC3)=C2)=O)(C)C)CCC1,0.0068595623830333356
CC1CN(C(CNC(C2=C(C(F)(F)F)C=NN2)=O)(C)C)CCC1,0.0033506769919767975
CC1CN(C(CNC(CC2OC(C3=CC=CC=C3)=NN=2)=O)(C)C)CCC1,0.006924545206129551
CC1CN(C(CNC(C2=CN(CC3CC3)N=C2)=O)(C)C)CCC1,0.011371781723573804
CC1CN(C(CNC(C2=C(C3OCCC3)NN=C2)=O)(C)C)CCC1,0.007569484040141105
CC1=C(CO)C=C(C(NCC2=CN(C)N=C2)=O)O1,0.003754895308520645
CN1N=CC(CNC(C2OC3=C(C=CC(=C3)O)OC2)=O)=C1,0.004163282830268145
CCOCN1C(C)=C(CC(NCC2=CN(C)N=C2)=O)C(C)=N1,0.007756306463852525
CN1N=CC(CNC(C2N(CC3CCC3)N=CC=2)=O)=C1,0.008546413388103247
COCCOC1=C(F)C=C(NC([C@@]23CCO[C@@H]2CCC3)=O)C=C1,0.008174525224603713
COCCOC1=C(F)C=C(NC(C2N3C(CCCC3)=NC=2C(F)F)=O)C=C1,0.004687689943239093
CN(C(COC1=C(NC(C2N3C(CCCC3)=CN=2)=O)C=CC(C)=C1)=O)C,0.005701989447697997
CC(COC1=CC(CNC(C2=C(CC#N)C=CC=C2)=O)=CC=C1)C,0.006607411010190844
CC(COC1=CC(CNC(C2=C(C3OCCC3)NN=C2)=O)=CC=C1)C,0.006815708032809198
CC(COC1=CC(CNC(C2=CN(CCN(C)C)N=C2)=O)=CC=C1)C,0.01019372115842998
CON1CCC(C(NCC2=CC(OCC(C)C)=CC=C2)=O)CC1,0.0023133159673307093
C=CCOC1=CC(NC(C2=C(C3OCCC3)NN=C2)=O)=CC=C1,0.004708725726231933
CCCCNC(C1CN(C(C2C(=O)NCCC2)=O)C(C)CC1)=O,0.008564932784065605
O=C(N(CC1=CC=CC=C1)CC1CCC1)CCC1=NNN=N1,0.005238310305867344
CC(N(C(CCC1N=NNC=1)=O)CC1SC(C)=CC=1)C,0.00480677189771086
CC(N(C(C1OC2=C(C=CC(=C2)O)OC1)=O)CC1SC(C)=CC=1)C,0.005696332943625748
CCN1C(C)=C(C(N2CCN(C(C3=C(C)OC(C)=C3)=O)CC2)=O)C=N1,0.01012319540604949
CC1OC(C)=C(C(N2CCN(C(C3=C(F)C(F)=C(C)C=C3)=O)CC2)=O)C=1,0.010035105422139168
CC1OC(C)=C(C(N2CCN(C(C3=CN(CC4CCCC4)N=C3)=O)CC2)=O)C=1,0.012973237177357077
CC1OC(C)=C(C(N2CCN(C(C3=C(C(F)(F)F)C=NN3)=O)CC2)=O)C=1,0.0036352154449559746
CC1OC(C)=C(C(N2CCN(C(C3=CC=C(C4N=CNC=4)C=C3)=O)CC2)=O)C=1,0.00381428690161556
COCCOC1=C(F)C=C(NC(C2=CN(CC3CC3)N=C2)=O)C=C1,0.007129344041459262
COCCOC1=C(F)C=C(NC(C2=C(C(C)(C)C)N=CN2)=O)C=C1,0.0030224085436202585
COCCOC1=C(F)C=C(NC(C2N(C)C(=O)NC=2)=O)C=C1,0.0025378178630489855
COC1=C(C)C(C(NC2=C(OCC(N(C)C)=O)C=C(C)C=C2)=O)=CN=C1,0.0078316081315279
CN(CCN1N=CC(C(NCCOC2=C(Cl)C(Cl)=CC=C2)=O)=C1)C,0.006309899897314608
CCN(C(C1=C(NC(C2C(C3CC3)=NN(CC)C=2)=O)C=CC=C1)=O)CC,0.009319604421034456
CCN(C(C1=C(NC(C2=CN(CC3CC3)N=C2)=O)C=CC=C1)=O)CC,0.009107032092288136
CCN(C(C1=C(NC([C@H]2[C@H](C3CCOCC3)C2)=O)C=CC=C1)=O)CC,0.009228371304925532
CC[C@H]1N(C)CC[C@@H]1C(NC1=C(C(N(CC)CC)=O)C=CC=C1)=O,0.00970979086123407
CCN(C(C1=C(NC(C2=NC=NC(N3CCOCC3)=C2)=O)C=CC=C1)=O)CC,0.005650480720214545
CCN(C(C1=C(NC(C2=CN(CCN(C)C)N=C2)=O)C=CC=C1)=O)CC,0.009455520892515779
CCN(C(C1=C(NC(C2N(C)C(=O)NC=2)=O)C=CC=C1)=O)CC,0.0029739088262431324
CCN(C(C1=C(NC(C2C(C)=NOC=2)=O)C=CC=C1)=O)CC,0.00816301223821938
CCOC(C(NC1=CC=C(C(NC2CCCCC2)=O)C=C1)=O)(C)C,0.010956476628780364
CC(C1=CC=NC=C1)C(NC1=CC=C(C(NC2CCCCC2)=O)C=C1)=O,0.008586813928559422
O=C(NC1=CC=C(C(NC2CCCCC2)=O)C=C1)CCC1N=NNC=1,0.0051314872689545155
CN1C(=O)NC=C1C(NC1=CC(N2CCCCC2)=CC=C1)=O,0.002604251366574317
COC1=C(C(NC2=CC(N3CCCCC3)=CC=C2)=O)N=CC=C1,0.006308759143576026
CC(C1=CC=NC=C1)C(NC1SC2=C(CCCCCC2)N=1)=O,0.010476704919710755
FC(C1=C(C(NC2SC3=C(CCCCCC3)N=2)=O)NN=C1)(F)F,0.003696209704503417
CN(CCN1N=CC(C(NC2SC3=C(CCCCCC3)N=2)=O)=C1)C,0.010332913417369128
O=C(NC1=C(OCC2OCCCC2)C=CC=C1)CCC1N=NNC=1,0.004176621604710817
CC(C1=CC=NC=C1)C(NC1=C(OCC2OCCCC2)C=CC=C1)=O,0.007863989169709384
CON1CCC(C(NC2=C(OCC3OCCCC3)C=CC=C2)=O)CC1,0.0024789986608084293
CC1OC(C)C(C(NC2=C(OCC3OCCCC3)C=CC=C2)=O)C1,0.011814677156507969
CC(NC(C1C(=O)NCCC1)=O)CN1CC(C)CC(C)C1,0.009313226956874133
O=C(N1C(C2=C3C(C=CC=C3)=CC=C2)CCC1)CCC1N=NNC=1,0.004766673780977726
CON1CCC(C(NCC2(C3=C(C)C=CC=C3)CCOCC2)=O)CC1,0.0029735570831689985
CC1C(CNC(C2N(C)C(=O)NC=2)=O)CCCC1,0.004197221412323415
CC1C(CNC(C2=C(CC#N)C=CC=C2)=O)CCCC1,0.008667272621278244
OCC1ON=C(C(NCC2C(C3=CC=CC=C3)OCCC2)=O)C=1,0.0047954001231119035
O=C(NCC1C(C2=CC=CC=C2)OCCC1)CCC1=NNN=N1,0.004123918095137924
OC1=CC2=C(OCC(C(NCC3C(C4=CC=CC=C4)OCCC3)=O)O2)C=C1,0.005618103570304811
COC1=C(C(NCC2C(C3=CC=CC=C3)OCCC2)=O)N=CC=C1,0.00860290692653507
CC1=C(C(NCC2C(C3=CC=CC=C3)OCCC2)=O)SC(C2COCC2)=N1,0.008936410304158926
CC1OC(C)CN(CC2N(C(C3C(C)=NOC=3)=O)CCC2)C1,0.011448758561164141
CC1=C(C2(CCOCC2)CNC(C2OC3=C(C=CC(=C3)O)OC2)=O)C=CC=C1,0.005186938052065671
CC1=C(C2(CCOCC2)CNC(C2(C3=NC=CC=C3)CC2)=O)C=CC=C1,0.011083240015432238
CC1=C(C2(CCOCC2)CNC(C2=C(C(F)(F)F)C=NN2)=O)C=CC=C1,0.003331009589601308
CC1C(C(NCC2(C3=CC=C(Cl)C=C3)CCOCC2)=O)=CON=1,0.007462522573769092
COC1=CC=C(C2(CCOCC2)CNC(C2=CN(CC3CC3)N=C2)=O)C=C1,0.010038714716210961
COC1=CC=C(C2(CCOCC2)CNC(C2OC3=C(C=CC(=C3)O)OC2)=O)C=C1,0.004994576051831246
COC1=CC=C(C2(CCOCC2)CNC(C2C(C)=NOC=2)=O)C=C1,0.008618756337091327
OCC1ON=C(C(NCC2(C3=CC4=C(OCO4)C=C3)CCCCC2)=O)C=1,0.005221939738839864
COC1=C(OC)C=C2C(CCN(C(C3=NOC(CO)=C3)=O)CC2)=C1,0.00568774042185396
COC1=C(OC)C=C2C(CCN(C(C3(C4=NC=CC=C4)CC3)=O)CC2)=C1,0.013438653014600278
COC1=C(OC)C=C2C(CCN(C(CCC3=NNN=N3)=O)CC2)=C1,0.0049221228109672666
COC1=C(C(N2CCC3=C(C=C(C(=C3)OC)OC)CC2)=O)N=CC=C1,0.010080084344372154
COC1=C(C(N2CCC3=C(C=C(C(=C3)OC)OC)CC2)=O)C(OC)=NC=C1,0.009683987265452743
O=C(C1=CSC=C1)NC1CCN(C(C2=C(CC#N)C=CC=C2)=O)CC1,0.004378492825708236
O=C(C1=CSC=C1)NC1CCN(C([C@@]23CCO[C@@H]2CCC3)=O)CC1,0.00839262716472149
O=C(N1CCC(NC(C2=CSC=C2)=O)CC1)CC1=C2N(CCCC2)N=C1,0.007065894128754735
COCCOC1=C(F)C=C(NC(C2(C3=NC=CC=C3)CC2)=O)C=C1,0.006115119205787778
COCCOC1=C(F)C=C(NC(C2OC(C)=C(CO)C=2)=O)C=C1,0.003210826637223363
CC(C1=CC=NC=C1)C(NC1=CC(N2CCS(=O)(=O)CC2)=CC=C1)=O,0.005147903028409928
CC1CC2N(C=C(C(NC3=CC(N4CCS(=O)(=O)CC4)=CC=C3)=O)N=2)CC1,0.004361159482505173
O=C(C1(C2=NC=CC=C2)CC1)NC1=CC(N2CCS(=O)(=O)CC2)=CC=C1,0.00563724113162607
CC(N(C(C[C@H]1C(=O)NC2=C(C=CC=C2)C(=O)N1)=O)CC1=CC(F)=CC=C1)C,0.007065989705733955
O=C(N1CCC(N2CCCCC2)CC1)C[C@H]1C(=O)NC2=C(C=CC=C2)C(=O)N1,0.008129147556610405
FC(C1=C(C(N2CCC(N3CCCCC3)CC2)=O)NN=C1)(F)F,0.00368458351586014
CC1C(C(NC2=C(OCC3OCCC3)C=C(C)C=C2)=O)=NOC=1,0.008042221330106259
CC1=CC(OCC2OCCC2)=C(NC(C2N3C(CCCC3)=CN=2)=O)C=C1,0.0061952417017892
COCC1=C(C(NC2=C(OCC3OCCC3)C=C(C)C=C2)=O)C=CS1,0.007134148175828159
CC1=CC(OCC2OCCC2)=C(NC(C2=C(C(F)(F)F)C=NN2)=O)C=C1,0.0035239110002294183
CC1=CC(OCC2OCCC2)=C(NC(CCC2N=NNC=2)=O)C=C1,0.004017509089317172
CC1=CC(OCC2OCCC2)=C(NC(C2C(=O)NCCC2)=O)C=C1,0.00844381672795862
CC(C1=CC=NC=C1)C(NC1=C(OCC(F)(F)F)C=C(C)C=C1)=O,0.0054700995038729164
CC1C(C(NC2=C(OCC(F)(F)F)C=C(C)C=C2)=O)=CON=1,0.005404541111784056
COC1=C(C(NC2=C(OCC(F)(F)F)C=C(C)C=C2)=O)N=CC=C1,0.005236032692482695
CC1C(C(NC2=C(OCC(F)(F)F)C=C(C)C=C2)=O)=NN(C2CCOCC2)C=1,0.006608548981603235
COCC1=C(C(NC2=CC(N3CCS(=O)(=O)CC3)=CC=C2)=O)C=CS1,0.004429671447724104
COCCN1N=CC(C(NC2=CC(N3CCS(=O)(=O)CC3)=CC=C2)=O)=C1,0.004899820894934237
COCCNC(C1CN(C(C2=C3C(C=CC=C3O)=CC=C2)=O)C(C)CC1)=O,0.0036036539939232172
COCCNC(C1CN(C(C2=C(C(F)(F)F)C=NN2)=O)C(C)CC1)=O,0.0025722752034198493
COCCNC(C1CN(C(C2C(C)=CN(C3CCOCC3)N=2)=O)C(C)CC1)=O,0.008123324997723103
COCCNC(C1CN(C(C2=CC3=C(C=CC=N3)C=C2)=O)C(C)CC1)=O,0.005623392551206053
COCCNC(C1CN(C(C2N3C(C=CC=C3)=CN=2)=O)C(C)CC1)=O,0.003708703315351158
CCN1N=C(C2CC2)C(C(N2C(C)CCC(C(NCCOC)=O)C2)=O)=C1,0.007392942369915545
CCCCNC(C1CN(C([C@H]2N(C(C)=O)CCC2)=O)C(C)CC1)=O,0.008856695890426636
CCCCNC(C1CN(C(C(C2=CC=NC=C2)C)=O)C(C)CC1)=O,0.008354370947927237
COCCOC1=C(NC(C2N(C)C(=O)NC=2)=O)C=CC=C1,0.0022955444059334696
COCCOC1=C(NC(C2C(C)=NOC=2)=O)C=CC=C1,0.006083445134572684
COCCOC1=C(NC(C(C2=CC=NC=C2)C)=O)C=CC=C1,0.006051874672994018
COCCOC1=C(NC(C2N=C3N(CCC(C3)C)C=2)=O)C=CC=C1,0.005280798755120486
COCCOC1=C(NC(C(OCC2=CC(C)=CC=C2)C)=O)C=CC=C1,0.008625264931470155
CN1CCN(CC2=CC(NC(C3=C(C(F)(F)F)C=NN3)=O)=CC=C2)CC1,0.002581363305216655
CN1CCN(CC2=CC(NC(C3N4C(CCCC4)=CN=3)=O)=CC=C2)CC1,0.00565226876642555
CC(OCC1=CC=C(NC(C2C(C)=CON=2)=O)C=C1)C,0.008099409914575518
CC(OCC1=CC=C(NC(C2N(CC3CCC3)N=CC=2)=O)C=C1)C,0.009294506162405014
COC1=C(C)C(C(NC2=CC=C(COC(C)C)C=C2)=O)=CN=C1,0.007844873890280723
CC(OCC1=CC=C(NC(C(C2=CC=NC=C2)C)=O)C=C1)C,0.008721769391559064
CCOCN1C(C)=C(CC(C(NC2=CC=C(COC(C)C)C=C2)=O)C)C(C)=N1,0.01107772570103407
CCC(C(NC(C1=C(C)N=C(C2COCC2)S1)=O)C)C,0.010242779878899455
CCC(C(NC(C1=CN(CCN(C)C)N=C1)=O)C)C,0.01164386561140418
CCC(C(NC(C1=NOC(CO)=C1)=O)C)C,0.005155250430107117
CC1C(C(NC2=CC(CN3CCOCC3)=CC=C2)=O)=NOC=1,0.006687804590910673
O=C(C1=C(CC#N)C=CC=C1)NC1=CC(CN2CCOCC2)=CC=C1,0.004788701710276655
O=C(C1N2C(CCCC2)=CN=1)NC1=CC(CN2CCOCC2)=CC=C1,0.005430529359728098
CCC1CCC(N(C(CCC2N=NNC=2)=O)C2CC2)CC1,0.00971139851026237
CCN1C(C)=C(C(NC2N(C)N=C3C=2CCC3)=O)C=N1,0.009410657733678818
CN1C(NC(C2=CC=C(C3CCOCC3)C=C2)=O)=C2C(CCC2)=N1,0.010392988240346313
CC1OC(C)C(C(NC2N(C)N=C3C=2CCC3)=O)C1,0.011112639028578997
CCOCN1C(C)=C(CC(NC2N(C)N=C3C=2CCC3)=O)C(C)=N1,0.008876674622297288
CN(CCN1N=CC(C(N(CCC#N)C)=O)=C1)C,0.006899244605642707
CN(C(C1=CC=C(C2CCOCC2)C=C1)=O)CCC#N,0.007135142214406187
CN(C(C1=CN(CC2CCCC2)N=C1)=O)CCC#N,0.00860565441532799
COC1=C(C(N(CCC#N)C)=O)C(OC)=NC=C1,0.005076691489182395
CN(C(CCC1N=NNC=1)=O)CC1C=C(Br)SC=1,0.004761911369860173
ClC1=CC=C(C2(NC(CCC3N=NNC=3)=O)CCC2)C=C1,0.004786831373348832
ClC1=CC=C(C2(NC(CC3OC(C4=CC=CC=C4)=NN=3)=O)CCC2)C=C1,0.007079598377458751
CC1C(C(NC2(C3=CC=C(Cl)C=C3)CCC2)=O)=CON=1,0.009298289474099875
COC1=CC=C(N2N=C(CNC(C3(CC(=C)C3)C)=O)C=C2)C=C1,0.009262163378298282
COC1=CC=C(N2N=C(CNC([C@@]34CCO[C@@H]3CCC4)=O)C=C2)C=C1,0.00810422790236771
CCN1CCC(CNC(C[C@H]2C(=O)NC3=C(C=CC=C3)C(=O)N2)=O)CC1,0.008102812780998647
CCN1CCC(CNC(CC2C3=C(C(=C(C=C3)OC)C)OC=2)=O)CC1,0.009056899463757873
CCN1CCC(CNC(C2=C(C)N=C(C3COCC3)S2)=O)CC1,0.008946978347375989
CCN1CCC(CNC(C2=CN(CCN(C)C)N=C2)=O)CC1,0.009905274631455541
FC(C1=C(C(NC2=CC(CN3CCOCC3)=CC=C2)=O)N2C(CCCC2)=N1)F,0.0042393320007249715
CN1C(=O)NC=C1C(NC1=CC(CN2CCOCC2)=CC=C1)=O,0.0023557766864541916
FC(C1=C(C(NC2=CC(CN3CCOCC3)=CC=C2)=O)NN=C1)(F)F,0.002302859554765746
FC(C1=C(C(NCC2=CC(NC(C3OCCC3)=O)=CC=C2)=O)NN=C1)(F)F,0.0031727304914966224
O=C(NCC1=CC(NC(C2OCCC2)=O)=CC=C1)CC1=C2N(CCCC2)N=C1,0.007311320002190769
O=C([C@H]1[C@H](C2CCOCC2)C1)NCC1=CC(NC(C2OCCC2)=O)=CC=C1,0.007820919470395893
COC1=C(C(NCC2=CC(NC(C3OCCC3)=O)=CC=C2)=O)C(OC)=NC=C1,0.005806995439343154
COC1=C(C)C(C(NCC2=CC(CN3CC(C)OCC3)=CC=C2)=O)=CN=C1,0.007525910693220794
CC1OCCN(CC2=CC(CNC(C3=C(C(F)(F)F)C=NN3)=O)=CC=C2)C1,0.003025339089799672
CON1CCC(C(NCC2=CC(CN3CC(C)OCC3)=CC=C2)=O)CC1,0.0023968433495610954
CC1OCCN(CC2=CC(CNC(C3=NOC(CO)=C3)=O)=CC=C2)C1,0.0040680315578356385
CC1OCCN(CC2=CC(CNC(C3C(C)=CON=3)=O)=CC=C2)C1,0.008060855884104967
CCN1N=C(C2CC2)C(C(NCC2=CC(CN3CC(C)OCC3)=CC=C2)=O)=C1,0.009520745044574142
CCC1=C(C(NCC2=NOC(C)=C2)=O)C=C(F)C=C1,0.00564360162243247
CC1ON=C(CNC(C2N(CC3CCC3)N=CC=2)=O)C=1,0.009335963940247893
COCC1=C(C(NCC2=NOC(C)=C2)=O)C=CS1,0.005981565406545997
CC1ON=C(CNC(CC2=C3N(CCCC3)N=C2)=O)C=1,0.008384312316775323
CC(C1=CC=NC=C1)C(NCC1=NOC(C)=C1)=O,0.006896876846440136
CCCC(NC1=C(C)C(NC(C2N(CC3CCC3)N=CC=2)=O)=CC=C1)=O,0.007536233915016055
CCCC(NC1=C(C)C(NC(C2=C(OC)N=CC=C2OC)=O)=CC=C1)=O,0.006263595470227301
CCCC(NC1=C(C)C(NC(C2=C(C)C(OC)=CN=C2)=O)=CC=C1)=O,0.00661209758836776
CCCC(NC1=C(C)C(NC(C2=CN(CCN(C)C)N=C2)=O)=CC=C1)=O,0.007509809732437134
CCCC(NC1=C(C)C(NC(C2N=C3N(CCC(C3)C)C=2)=O)=CC=C1)=O,0.00530181840294972
CCCC(NC1=C(C)C(NC(C2(C3=NC=CC=C3)CC2)=O)=CC=C1)=O,0.008713963744230568
CCCC(NC1=C(C)C(NC(CC2C3=C(C(=C(C=C3)OC)C)OC=2)=O)=CC=C1)=O,0.007813208107836544
CCCC(NC1=C(C)C(NC(C(C2=CC=NC=C2)C)=O)=CC=C1)=O,0.007447220338508487
CCCC(NC1=C(C)C(NC(C2=C(C3OCCC3)NN=C2)=O)=CC=C1)=O,0.004951004800386727
CCCC(NC1=C(C)C(NC(C2N3C(CCCC3)=CN=2)=O)=CC=C1)=O,0.005143752857111395
CC(N(S(C1=CC=C(CNC(C2N3C(CCCC3)=CN=2)=O)C=C1)(=O)=O)C)C,0.004624077130574733
CS(N1CC(NC([C@H]2[C@H](C3CCOCC3)C2)=O)CCC1)(=O)=O,0.0056360858783591535
CS(N1CC(NC(C2=CC3=C(C=CC=N3)C=C2)=O)CCC1)(=O)=O,0.0032060843193903567
CS(N1CC(NC(C2N3C(C=CC=C3)=CN=2)=O)CCC1)(=O)=O,0.002308447932591662
COC1=CC2=C(CCN(C(CCC3N=NNC=3)=O)C2)C=C1,0.004754395061172545
COC1=CC2=C(CCN(C(CCC3=NNN=N3)=O)C2)C=C1,0.004074706055689603
COC1=CC2=C(CCN(C(C3=C(OC)C=CC=N3)=O)C2)C=C1,0.008755766227841378
COC1=CC2=C(CCN(C(C3=C(OC)N=CC=C3OC)=O)C2)C=C1,0.008079880010336637
COC1=CC2=C(CCN(C(C3=C(CC#N)C=CC=C3)=O)C2)C=C1,0.0074886376642098185
COC1=C(C(NCC(C2CC2)C)=O)N=CC=C1,0.010903816483914853
CC(C1CC1)CNC(C1=C(C)N=C(C2COCC2)S1)=O,0.011361805349588394
CC(C1CC1)CNC(C1C(C)=NOC=1)=O,0.013213364547118545
CC(C1=CC=C(F)C=C1)CNC(C1C(C)=CON=1)=O,0.006423718342557549
CC(C1=CC=C(F)C=C1)CNC(C1OC2=C(C=CC(=C2)O)OC1)=O,0.004224184527993202
CC(C1=CC=C(F)C=C1)CNC(C1=NC=NC(N2CCOCC2)=C1)=O,0.004606294305995106
CC1=C(C(N2CCOCC2)=O)C=CC=C1NC(C1=C(C(F)(F)F)C=NN1)=O,0.00281032178318128
CC(C1OC=CC=1)N(C(C[C@H]1C(=O)NC2=C(C=CC=C2)C(=O)N1)=O)C1CC1,0.009303430654108524
CC(C1OC=CC=1)N(C(C1OC2=C(C=CC(=C2)O)OC1)=O)C1CC1,0.0064206961542367935
COC1=CC(CCNC(C2N=C3N(CCC(C3)C)C=2)=O)=C(OC)C=C1,0.006999826757237315
COC1=CC(CCNC(C2C(=O)NCCC2)=O)=C(OC)C=C1,0.007225465541705489
COC1=C(C)C=CC(CNC(C2N3C(CCCC3)=NC=2C(F)F)=O)=C1,0.004835846915375442
CCCCOC1=C(CNC(CCC2N=NNC=2)=O)C=CC=N1,0.00347644459689036
CCCCOC1=C(CNC(C2=CN(CCN(C)C)N=C2)=O)C=CC=N1,0.0068403532495722175
CCCCOC1=C(CNC([C@H]2[C@H](CC)N(C)CC2)=O)C=CC=N1,0.007560391467995942
CC1(NC(CC2OC(C3=CC=CC=C3)=NN=2)=O)CCCC1,0.007844608603045344
CN1C(=O)NC=C1C(NC1(CCCC1)C)=O,0.004506794002372772
CC1(NC(C2=C(C(F)(F)F)C=NN2)=O)CCCC1,0.0033974375342950224
CC1C(C(NC2(CCCC2)C)=O)=NN(C2CCOCC2)C=1,0.013738496415317058
CC1(NC(C[C@H]2C(=O)NC3=C(C=CC=C3)C(=O)N2)=O)CCCC1,0.009275660570710897
COCCOC1=C(CNC(C2=CN(CC3CC3)N=C2)=O)C=CC=N1,0.006141353095881641
CCN1N=C(C2CC2)C(C(NCC2=C(OCCOC)N=CC=C2)=O)=C1,0.006106948363594711
COCCOC1=C(CNC(C2=CN(CCN(C)C)N=C2)=O)C=CC=N1,0.005721275159157812
COCCOC1=C(CNC(C2=C(C(C)(C)C)N=CN2)=O)C=CC=N1,0.0027351806638762355
COCCOC1=C(CNC(C2=NC=NC(N3CCOCC3)=C2)=O)C=CC=N1,0.004142044926993549
CCOC1=CC=C(NC(CNC(C2C(=O)NCCC2)=O)=O)C=C1,0.00693731599021703
COCCN1N=CC(C(NC2=C(Cl)C=CC(OC)=C2)=O)=C1,0.006016051163896918
CN1C(=O)NC=C1C(NCC1OCCCC1)=O,0.0034382421290501952
CC1C(C(NCC2OCCCC2)=O)=CON=1,0.009975023195147514
O=C(C1=NC=NC(N2CCOCC2)=C1)NCC1OCCCC1,0.0058389123994857075
O=C(NCC1OCCCC1)CC1=CC=C(N2C=NC=C2)C=C1,0.00506802680902183
O=C(C1=C(C2OC=CC=2)NN=C1)NCC1OCCCC1,0.00551779440138489
CC(C1=CC=NC=C1)C(NCC(C1=CC(F)=CC=C1)N1CCOCC1)=O,0.005489195603877306
COCCN1N=CC(C(N2CCC(CN(C(C)C)C)CC2)=O)=C1,0.01098863729275763
CC(N(CC1CCN(C(C2C(C)=CN(C3CCOCC3)N=2)=O)CC1)C)C,0.01391216372139752
CC(N(CC1CCN(C(C2N(C)C(=O)NC=2)=O)CC1)C)C,0.003341058478690684
CC(N(CC1CCN(C(CCC2N=NNC=2)=O)CC1)C)C,0.005285608395934105
COC1=CC(CN(C(CCC2=NNN=N2)=O)CC2OCCC2)=CC=C1,0.004443610529415309
CON1CCC(C(N(CC2=CC(OC)=CC=C2)CC2OCCC2)=O)CC1,0.0034494712948799134
COC1=CC(CN(C(C2C(=O)NCCC2)=O)CC2OCCC2)=CC=C1,0.009741665748879313
O=C(C1=NC=NC(N2CCOCC2)=C1)N1CCN(C2SC=CN=2)CCC1,0.006715093390084803
CC(C1=C(C(N2CCN(C3SC=CN=3)CCC2)=O)NC=N1)(C)C,0.003950673795770854
O=C(N1CCN(C2SC=CN=2)CCC1)C1C(=O)NCCC1,0.006175446510314942
O=C(C1=CC=C(C2N=CNC=2)C=C1)N1CCN(C2SC=CN=2)CCC1,0.0034855592879466713
COC(C(NC1=CC(NC(C2(CC(=C)C2)C)=O)=CC=C1)=O)C,0.009475597692653537
CCOCN1C(C)=C(CC(NC2=CC(NC(C(OC)C)=O)=CC=C2)=O)C(C)=N1,0.006839162344112993
COC(C(NC1=CC(NC(C2=C(C)C(OC)=CN=C2)=O)=CC=C1)=O)C,0.007168979221023619
COC(C(NC1=CC(NC(C2=C(C)N=C(C3COCC3)S2)=O)=CC=C1)=O)C,0.005843651737086475
COC(C(NC1=CC(NC(C2C(C)OC(C)C2)=O)=CC=C1)=O)C,0.00851900887209922
COC(C(NC1=CC(NC(C2N(CC3CCC3)N=CC=2)=O)=CC=C1)=O)C,0.007794022839516401
CC(NS(C1=C(CNC(C2(C3=NC=CC=C3)CC2)=O)C=CC=C1)(=O)=O)(C)C,0.005737829860299826
CC(C1=CC=NC=C1)C(NCC1=C(S(NC(C)(C)C)(=O)=O)C=CC=C1)=O,0.0055072974180802705
O=C(NC1=CC(COCC2CC2)=CC=C1)C[C@H]1C(=O)NC2=C(C=CC=C2)C(=O)N1,0.008474229834973812
O=C(C1N(CC2CCC2)N=CC=1)NC1=CC(COCC2CC2)=CC=C1,0.00991615760140121
COC1=C(C(NC2=CC(COCC3CC3)=CC=C2)=O)N=CC=C1,0.0079468501964584
FC(C1=C(C(NC2=CC(COCC3CC3)=CC=C2)=O)NN=C1)(F)F,0.0034003299893811344
CC1C(C(NC2=CC(COCC3CC3)=CC=C2)=O)=NN(C2CCOCC2)C=1,0.010018534027040005
CN(CCN1N=CC(C(NC2=CC(COCC3CC3)=CC=C2)=O)=C1)C,0.009518028981983662
CC1C(C(NC2=CC(COCC3CC3)=CC=C2)=O)=CON=1,0.008665115339681506
CCC1SC=C(CN(C(C2N3C(C=CC=C3)=CN=2)=O)C)N=1,0.004771426995284855
CCC1SC=C(CN(C(C2=C(C3OC=CC=3)NN=C2)=O)C)N=1,0.0048887104028835894
CCC1SC=C(CN(C(CC2=CC=C(N3C=NC=C3)C=C2)=O)C)N=1,0.006445743096992374
CCOCN1C(C)=C(CC(N(CC2N=C(CC)SC=2)C)=O)C(C)=N1,0.009862327575683593
COCCN1N=CC(C(N2CCN(C3SC=CN=3)CCC2)=O)=C1,0.007593533233739435
CC(CC1(C(N2CCN(C3SC=CN=3)CCC2)=O)C(=O)NCC1)C,0.007991251023486256
CC(CC(NC1=CC(CNC(C2C(C)=CON=2)=O)=CC=C1)=O)C,0.007486617541871965
CN(CCN1N=CC(C(NC2=CC(NS(C)(=O)=O)=C(C)C=C2)=O)=C1)C,0.003770627244375646
CN(C(C1C(C)=CON=1)=O)CCCC1NC2=C(C=CC=C2)N=1,0.003739731770474464
CN(C(C1=NOC(CO)=C1)=O)CCCC1NC2=C(C=CC=C2)N=1,0.001874484698055312
CN(CCN1N=CC(C(N(CCCC2NC3=C(C=CC=C3)N=2)C)=O)=C1)C,0.004622716805897653
COC1=C(C(N(CCCC2NC3=C(C=CC=C3)N=2)C)=O)N=CC=C1,0.0037697470164857806
CN(C(C1N(CC2CCC2)N=CC=1)=O)CCCC1NC2=C(C=CC=C2)N=1,0.004862857412081212
COC1=C(C(N(CCCC2NC3=C(C=CC=C3)N=2)C)=O)C(OC)=NC=C1,0.0035431360360234977
CN(C(C1N2C(CCCC2)=NC=1C(F)F)=O)CCC1=NC=CC=C1,0.004664452583529055
CN(CCN1N=CC(C(N(CCC2=NC=CC=C2)C)=O)=C1)C,0.010622488753870129
CN(C(C1N(C)C(=O)NC=1)=O)CCC1=NC=CC=C1,0.002794545580400154
CC1C(C(N(CC2=CN=CC=C2)CCC#N)=O)=NOC=1,0.005809986903614117
FC(C1=C(C(N(CC2=CN=CC=C2)CCC#N)=O)NN=C1)(F)F,0.001817963512348797
O=C(N(CC1=CN=CC=C1)CCC#N)C1C(=O)NCCC1,0.004053539716846899
CC1C(C(NCC2OCCCC2)=O)=NOC=1,0.010578428441658617
CC1OC(C)CN(C(C2=CC=C(CNC(C3N(C)C(=O)NC=3)=O)C=C2)=O)C1,0.0033037682645954193
CC1OC(C)CN(C(C2=CC=C(CNC(C3OC(C)=C(CO)C=3)=O)C=C2)=O)C1,0.004562215530313551
CC1OC(C)CN(C(C2=CC=C(CNC(C3N4C(C=CC=C4)=CN=3)=O)C=C2)=O)C1,0.00454755388200283
CON1CCC(C(NCC2=CC(C(NCC3OCCC3)=O)=CC=C2)=O)CC1,0.0022460736450739204
O=C(C1C(=O)NCCC1)NCC1=CC(C(NCC2OCCC2)=O)=CC=C1,0.007712348108179867
O=C([C@@]12CCO[C@@H]1CCC2)NC1=C(CN2C(=O)CCC2=O)C=CC=C1,0.004584908834658563
CC1=NN(C2=CC(C(F)(F)F)=C(CNC(CCC3N=NNC=3)=O)C=C2)C(C)=C1,0.0027158568031154574
CC1C2=C(C=CC(=C2)F)OC=1CNC(CCC1=NNN=N1)=O,0.002248566556954756
CC1C2=C(C=CC(=C2)F)OC=1CNC(C1=CN(CC2CC2)N=C1)=O,0.006901246774941683
CC(NC(C1C(C)=CON=1)=O)CC1=CC(Br)=CC=C1,0.010836704960092902
COC1=C(OC)C=C(N(C(CC2=C3N(CCCC3)N=C2)=O)C)C=C1,0.011290749488398432
CCOCN1C(C)=C(CC(N(C2=CC(OC)=C(OC)C=C2)C)=O)C(C)=N1,0.010024429904296995
COC1=C(OC)C=C(N(C(C2=CN(CC3CC3)N=C2)=O)C)C=C1,0.01124237896874547
CC1=C(C(NC2=CC(NS(C)(=O)=O)=C(C)C=C2)=O)SC(C2COCC2)=N1,0.0035670864512212575
CC1OC(C)C(C(NC2=CC(NS(C)(=O)=O)=C(C)C=C2)=O)C1,0.005254810419864952
CCN1N=C(C2CC2)C(C(NCC2=CC(C(N3CCOCC3)=O)=CC=C2)=O)=C1,0.008248195331543685
CON1CCC(C(NCC2=CC(C(N3CCOCC3)=O)=CC=C2)=O)CC1,0.0018822016136255115
CN(CCN1N=CC(C(NCC2=CC(C(N3CCOCC3)=O)=CC=C2)=O)=C1)C,0.008164107147604228
FC(C1=C(C(NCC2=CC(C(N3CCOCC3)=O)=CC=C2)=O)NN=C1)(F)F,0.0029072027537040412
FC([C@H]1[C@@H](C(NCC2=CC(C(N3CCOCC3)=O)=CC=C2)=O)CCCC1)(F)F,0.00573419256975285
CC1OC(C)C(C(NCC2=CC(C(N3CCOCC3)=O)=CC=C2)=O)C1,0.009792795078828931
O=C([C@@]12CCO[C@@H]1CCC2)NCC1=CC(C(N2CCOCC2)=O)=CC=C1,0.008917088923044502
O=C(C1N(CC2CCC2)N=CC=1)NCC1=CC(C(N2CCOCC2)=O)=CC=C1,0.00795476846396923
COC1=C(C(NCC2=CC(C(N3CCOCC3)=O)=CC=C2)=O)C(OC)=NC=C1,0.0058860670076683165
CC(C1=C(C(NC2=CC(COCC3CC3)=CC=C2)=O)NC=N1)(C)C,0.004436251102015376
O=C(C1=CN(CC2CC2)N=C1)NC1=CC(COCC2CC2)=CC=C1,0.010244412533938884
O=C(NC1=CC(COCCC2=CC=CC=C2)=CC=C1)CCC1N=NNC=1,0.004184916254598647
CCOCN1C(C)=C(CC(NCC2ON=C(C)C=2)=O)C(C)=N1,0.007477284921333194
CC1=NOC(CNC(C2C(=O)NCCC2)=O)=C1,0.0073909014230594035
CC1=NOC(CNC(C2C(C)=CN(C3CCOCC3)N=2)=O)=C1,0.008232390927150845
CC1=NOC(CNC([C@H]2[C@@H](C(F)(F)F)CCCC2)=O)=C1,0.005279555486029608
COCC1=C(C(NCC2ON=C(C)C=2)=O)C=CS1,0.006967530911788344
CN(S(C)(=O)=O)C1CCN(C(C2=CC=C(C3CCOCC3)C=C2)=O)CC1,0.006648124265484512
COC1=CC(Cl)=C(C(N2CCC(N(S(C)(=O)=O)C)CC2)=O)C(F)=C1,0.005047565069980919
CN(S(C)(=O)=O)C1CCN(C(C2=C(C)N=C(C3COCC3)S2)=O)CC1,0.0050901103299111124
CN(S(C)(=O)=O)C1CCN(C(C2=C(C(F)(F)F)C=NN2)=O)CC1,0.0014715820900164545
CN(S(C)(=O)=O)C1CCN(C(C2(C3=NC=CC=C3)CC2)=O)CC1,0.0056407668627798556
CN(S(C)(=O)=O)C1CCN(C(C2=CC=C(C3N=CNC=3)C=C2)=O)CC1,0.0021161019045393913
CC1OC(C)(C)CN(C(C2C(C)=CON=2)=O)C1,0.011557232309132814
CC1OC(C)(C)CN(C(CCC2N=NNC=2)=O)C1,0.004281404474750161
CC1OC(C)(C)CN(C(C2N(C)C(=O)NC=2)=O)C1,0.0034153437591157854
CC1OC(C)(C)CN(C(CC2OC(C3=CC=CC=C3)=NN=2)=O)C1,0.007134965993463993
COC1=C(C(N2CC(C)(C)OC(C)C2)=O)N=CC=C1,0.009233461692929268
CC1OC(C)(C)CN(C(C2C(C)=CN(C3CCOCC3)N=2)=O)C1,0.01311269523575902
CC1OC(C)(C)CN(C(C2=C(C3OC=CC=3)NN=C2)=O)C1,0.0056215818272903565
CCOCN1C(C)=C(CC(NCCC2=C(C)C=C(C)C=C2)=O)C(C)=N1,0.009416887629777193
CN(CCN1N=CC(C(NCCC2=C(C)C=C(C)C=C2)=O)=C1)C,0.01029310584999621
CC1=CC(C)=C(CCNC(C[C@H]2C(=O)NC3=C(C=CC=C3)C(=O)N2)=O)C=C1,0.008695026813074946
CN(C1=NC2=C(C=C(C=C2)NC(C2C(C)=CN(C3CCOCC3)N=2)=O)C=C1)C,0.006332438206300139
CC1OC(C)C(C(NC2=CC3=C(N=C(N(C)C)C=C3)C=C2)=O)C1,0.0066270932089537386
COCCN1N=CC(C(NC2=CC3=C(N=C(N(C)C)C=C3)C=C2)=O)=C1,0.004932787932921201
CCN1N=C(C2CC2)C(C(NC2=CC3=C(N=C(N(C)C)C=C3)C=C2)=O)=C1,0.006515872501768172
COCCN1C2=C(C=CC(=C2)NC(C2N3C(CCCC3)=NC=2C(F)F)=O)C=N1,0.00408894126303494
COC1=CC=C(CCC(N2CCN(C(C3=C(C)C(OC)=CN=C3)=O)CC2)=O)C=C1,0.00817678531166166
COC1=CC=C(CCC(N2CCN(C(C3C(C)=NOC=3)=O)CC2)=O)C=C1,0.008183763921260833
FC1=C(F)C=C(N2CC(CNC(CCC3=NNN=N3)=O)CC2)C=C1,0.0028409488964825868
O=C(C1=C(CC#N)C=CC=C1)NCC1CC=CCC1,0.008206017886914196
O=C(C1C(=O)NCCC1)NCC1CC=CCC1,0.011970952805131673
CC1C(C(NCC2CC=CCC2)=O)=CON=1,0.014384877216070891
CN(CCN1N=CC(C(NCC2CC=CCC2)=O)=C1)C,0.0134702960960567
O=C(C1(C2=NC=CC=C2)CC1)NCC1ON=C(CC2=CC=CC=C2)N=1,0.009547944460064173
CCN1N=C(C2CC2)C(C(NCC2ON=C(CC3=CC=CC=C3)N=2)=O)=C1,0.009327196143567562
CC1C(C(NCC2=CC3=C(OCCO3)C(Br)=C2)=O)=NOC=1,0.009023805521428585
CC1SC(C)=C(S(N2CCN(C(C3OC(C)=C(CO)C=3)=O)CC2)(=O)=O)C=1,0.0023410722147673368
COC1=C(C(N2CCN(S(C3=C(C)SC(C)=C3)(=O)=O)CC2)=O)N=CC=C1,0.004462020378559828
OCC1ON=C(C(NC2CC(=O)N(C3=CC=CC=C3)C2)=O)C=1,0.003485761024057865
CC(C1=C(C(NC2CC(=O)N(C3=CC=CC=C3)C2)=O)NC=N1)(C)C,0.003220720053650439
CC1=C(CO)C=C(C(NC2CC(=O)N(C3=CC=CC=C3)C2)=O)O1,0.003706682554911822
CON1CCC(C(NC2CC(=O)N(C3=CC=CC=C3)C2)=O)CC1,0.0018576604459667578
COC1=C(C(NC2CC(=O)N(C3=CC=CC=C3)C2)=O)C(OC)=NC=C1,0.005975525896064937
CCN1C(C)=C(C(NC2CC(=O)N(C3=CC=CC=C3)C2)=O)C=N1,0.0068081966135650875
CN1CCN(C2=C(CNC(CC3=CC=C(N4C=NC=C4)C=C3)=O)C=CC=N2)CC1,0.004177264135796577
CN(CCN1N=CC(C(NCC2=C(N3CCN(C)CC3)N=CC=C2)=O)=C1)C,0.006143283075653016
FC1=CC(C(N2CCOCC2)CNC([C@@]23CCO[C@@H]2CCC3)=O)=CC=C1,0.007938556070439518
FC1=CC(C(N2CCOCC2)CNC(C2=C(C3OC=CC=3)NN=C2)=O)=CC=C1,0.003981073736213148
COC1=C(C)C(C(NCC(C2=CC(F)=CC=C2)N2CCOCC2)=O)=CN=C1,0.005788998072966933
CN(C(C1OC2=C(C=CC(=C2)O)OC1)=O)CC1N=CSC=1,0.004740967764519155
CN(C(C1=C(C(F)(F)F)C=NN1)=O)CC1N=CSC=1,0.0021781105431728067
CN(C(C1C(C)=CN(C2CCOCC2)N=1)=O)CC1N=CSC=1,0.008722348278388381
CN(C(C1C(=O)NCCC1)=O)CC1N=CSC=1,0.005426151468418539
CC(OC1=CC=C(CNC(CC2OC(C3=CC=CC=C3)=NN=2)=O)C=C1)(C)C,0.0074495986802503465
CCN1N=C(C2CC2)C(C(NCC2=CC=C(OC(C)(C)C)C=C2)=O)=C1,0.010770304966717959
CC(C1=NC=C(NC(C2=C(CC#N)C=CC=C2)=O)C=N1)(C)C,0.0041442473289862395
CC(C1=NC=C(NC(CCC2N=NNC=2)=O)C=N1)(C)C,0.003100965323392302
CC(C1=NC=C(NC(C2(CC(=C)C2)C)=O)C=N1)(C)C,0.010679225763306021
CC(C1=NC=C(NC(CC2=CC=C(N3C=NC=C3)C=C2)=O)C=N1)(C)C,0.004705833352636546
OC1=CC2=C(OCC(C(N3CCN(CC(F)(F)F)CCC3)=O)O2)C=C1,0.003621190245030448
CC(C1=NC=C(NC([C@@]23CCO[C@@H]2CCC3)=O)C=N1)(C)C,0.009413649328052998
CC(C1=NC=C(NC(C2=CC=C(C3CCOCC3)C=C2)=O)C=N1)(C)C,0.007921654637902975
CC(CC1(C(NC2=CN=C(C(C)(C)C)N=C2)=O)C(=O)NCC1)C,0.007571395603008568
CCCOC1=C(CNC(C2C(=O)NCCC2)=O)C=CC=N1,0.006097766594029963
CCCOC1=C(CNC(C2=C(C(F)(F)F)C=NN2)=O)C=CC=N1,0.0022657850466202946
CCCOC1=C(CNC(CC2=C3N(CCCC3)N=C2)=O)C=CC=N1,0.008499446604400874
CCCOC1=C(CNC(C2=CN(CC3CC3)N=C2)=O)C=CC=N1,0.007976894453167915
CC1C(C(NC2=CC(COC3CCCCC3)=CC=C2)=O)=NOC=1,0.010496742418035864
CC(C1=CC=CC=C1)(NC(C1=NC=NC(N2CCOCC2)=C1)=O)C,0.0053225905168801544
CC(C1=CC=CC=C1)(NC(C1C(=O)NCCC1)=O)C,0.0077517818659543995
CCOCN1C(C)=C(CC(C(NC(C2=CC=CC=C2)(C)C)=O)C)C(C)=N1,0.011670403182506561
COC1=CC=C(COCC2=CC(NC(CCC3N=NNC=3)=O)=CC=C2)C=C1,0.004472596547566354
COC1=CC=C(COCC2=CC(NC(C3C(=O)NCCC3)=O)=CC=C2)C=C1,0.007834840519353747
ClC1=C(CNC(C2C(=O)NCCC2)=O)C=CC(Br)=C1,0.007293579843826592
COCC1=C(C(N2CCN(CC3ON=C(C4=CC=CC=C4)N=3)CC2)=O)C=CS1,0.006231443467549979
CC1OC(C)C(C(N2CCN(CC3ON=C(C4=CC=CC=C4)N=3)CC2)=O)C1,0.009584261337295175
COCCN1N=CC(C(N2CCN(CC3ON=C(C4=CC=CC=C4)N=3)CC2)=O)=C1,0.007647477160207927
CC[C@H]1N(C)CC[C@@H]1C(N1CCN(CC2ON=C(C3=CC=CC=C3)N=2)CC1)=O,0.008689054055139422
O=C(C1=C(CC#N)C=CC=C1)N1CCN(CC2ON=C(C3=CC=CC=C3)N=2)CC1,0.004772897379734786
COC1=NC=C(N(C(C2C(C)=NOC=2)=O)C)C=C1,0.007181511353701353
CC1CC2N(C=C(C(NC(C(N)=O)CC3=CC=CC=C3)=O)N=2)CC1,0.004475905129220336
CON1CCC(C(NC(C(N)=O)CC2=CC=CC=C2)=O)CC1,0.0014184939907863736
CC(OC1=C(NC(C2=C(C(F)(F)F)C=NN2)=O)N=CC=C1)C,0.0027183653844986113
CC1N(C2=C(CNC(C3N4C(CCCC4)=CN=3)=O)C=CC=C2)C=CN=1,0.005617621820420027
CC1N(C2=C(CNC(C3(C4=NC=CC=C4)CC3)=O)C=CC=C2)C=CN=1,0.005782282212749124
CC1N(C2=C(CNC(C3C(=O)NCCC3)=O)C=CC=C2)C=CN=1,0.0041004160419106485
COC1=NC=C(N(C([C@H]2[C@H](C3CCOCC3)C2)=O)C)C=C1,0.00905091178137809
CCOCN1C(C)=C(CC(NC(C(N)=O)CC2=CC=CC=C2)=O)C(C)=N1,0.00710896267555654
FC(C1OC2=C(C=C(C=C2)NC(C2C(=O)NCCC2)=O)N=1)(F)F,0.002546631294535473
CCOC(C(NC1=CC2=C(OC(C(F)(F)F)=N2)C=C1)=O)(C)C,0.0035702774068340657
FC(C1OC2=C(C=C(C=C2)NC(C2=CN(CC3CC3)N=C2)=O)N=1)(F)F,0.004277216724585742
COCCN1C2=C(C=CC(=C2)NC([C@H]2[C@H](C3CCOCC3)C2)=O)C=N1,0.007025289442390203
COCCN1C2=C(C=CC(=C2)NC(C2C(C)OC(C)C2)=O)C=N1,0.00832202211022377
COCCN1C2=C(C=CC(=C2)NC(C2CCN(OC)CC2)=O)C=N1,0.0015330410766182466
COCCN1C2=C(C=CC(=C2)NC(C2N=C3N(CCC(C3)C)C=2)=O)C=N1,0.005241067102178931
COCCN1C2=C(C=CC(=C2)NC(C2N(C)C(=O)NC=2)=O)C=N1,0.0022880844306200744
CC1=C(CNC(C2C(=O)NCCC2)=O)SC=C1,0.005914659495465458
OC1=CC2=C(OCC(C(N3CCC(OC4=CC=CC=C4)CC3)=O)O2)C=C1,0.004768627462908626
CC1C(C(N2CCC(OC3=CC=CC=C3)CC2)=O)=NOC=1,0.008864762913435697
CC(CC1(C(N2CC(C3NN=CC=3)CCC2)=O)C(=O)NCC1)C,0.0055189069360494615
CC1=C(CO)C=C(C(N2CC(C3NN=CC=3)CCC2)=O)O1,0.002099132403964177
CC(C1=C(C(N2CC(C3NN=CC=3)CCC2)=O)NC=N1)(C)C,0.003134712635073811
CC1C(C(N2CC(C3NN=CC=3)CCC2)=O)=NOC=1,0.0045454445062205195
CC(C1=CC(N2C(=O)CCC2)=CC=C1)NC(C1=CN(CC2CC2)N=C1)=O,0.008348418213427067
CC(C1=CC(N2C(=O)CCC2)=CC=C1)NC(C1=CN(CCN(C)C)N=C1)=O,0.00791791002266109
CC(C1=CC(N2C(=O)CCC2)=CC=C1)NC(C1C(=O)NCCC1)=O,0.007518834504298866
COC1=C(C(NC(C2=CC(N3C(=O)CCC3)=CC=C2)C)=O)N=CC=C1,0.006152589642442763
COCCN1N=CC(C(NC(C2=CC(N3C(=O)CCC3)=CC=C2)C)=O)=C1,0.007005940750241279
CC(NC(C1=C(C2OCCC2)NN=C1)=O)CC(C1=CC=CC=C1)(C)C,0.008073006430640817
CC(NC(C1=CN(CCN(C)C)N=C1)=O)CC(C1=CC=CC=C1)(C)C,0.01253519202582538
ClC1=CC(CCNC(C2C(=O)NCCC2)=O)=CC(Cl)=C1,0.006253937375731766
CCN1C(C)=C(C(NCC(C2=CC=C(C)C=C2)N(C)C)=O)C=N1,0.011058423016220332
CN(C(C1=CC=C(C)C=C1)CNC(C1=C(C)N=C(C2COCC2)S1)=O)C,0.00877028126269579
CCN(C(C1=NN2C(N=CC=C2)=C1)=O)CC1COCC1,0.008212626865133642
CCN(C(C1=C(C(F)(F)F)C=NN1)=O)CC1COCC1,0.0033062655013054608
CCN(C(C1C(=O)NCCC1)=O)CC1COCC1,0.009279994247481226
CCN(C(C1=C(OC)C=CC=N1)=O)CC1COCC1,0.010301150288432837
CC1=C(NS(C)(=O)=O)C=C(NC(C2N3C(CCCC3)=NC=2C(F)F)=O)C=C1,0.00239817900583148
CC(CCOC1=CC(NC(C2C(C)=CN(C3CCOCC3)N=2)=O)=CC=C1)C,0.009895001817494632
COCCN1CCC(NC(C2N(CC3CCC3)N=CC=2)=O)CC1,0.009232492186129093
COCCN1CCC(NC(C[C@H]2C(=O)NC3=C(C=CC=C3)C(=O)N2)=O)CC1,0.00688247901853174
COCCN1CCC(NC(C2N3C(C=CC=C3)=CN=2)=O)CC1,0.003711680939886719
COCCN1CCC(NC(C2C(C)=CN(C3CCOCC3)N=2)=O)CC1,0.010238720895722508
COCCN1CCC(NC(C2C(=O)NCCC2)=O)CC1,0.00892313770018518
COCCN1CCC(NC(C2=CC=C(C3N=CNC=3)C=C2)=O)CC1,0.0034233812475576997
COC1=NC=C(N(C(C2=C(C(F)(F)F)C=NN2)=O)C)C=C1,0.002346012287307531
CN(CCN1N=CC(C(NC2=C(C)C=C(OC3=NC=CC=N3)C=C2)=O)=C1)C,0.005493000824935734
CCOC1=CC=C(NC(CNC(C2=CC=C(C3CCOCC3)C=C2)=O)=O)C=C1,0.007447815453633666
CCOC1=CC=C(NC(CNC(C2N=C3N(CCC(C3)C)C=2)=O)=O)C=C1,0.005029122577980161
CCN1N=C(C2CC2)C(C(NCC(C2=CC(F)=CC=C2)N2CCOCC2)=O)=C1,0.006609111302532255
O=C(C1N2C(C=CC=C2)=CN=1)NCC1(C2=CC3=C(OCO3)C=C2)CCOCC1,0.004938219743780792
CC1C(C(NCC2CCN(CC3=CC=CC=C3)CC2)=O)=NOC=1,0.008728947676718234
COC1=CC=C(C2(CCCCC2)CNC(C2C(=O)NCCC2)=O)C=C1,0.010731616616249084
CNC(C1CCC(NC(C2=C(Cl)C=C(OC)C=C2F)=O)CC1)=O,0.007771456823684275
CCC1=C(C(NC2CCC(C(NC)=O)CC2)=O)C=C(F)C=C1,0.007860143925063312
CON1CCC(C(NCC2CCN(CC3=CC=C(OC)C=C3)CC2)=O)CC1,0.003078521566931158
COC1=CC=C(CN2CCC(CNC(C3=C(C(F)(F)F)C=NN3)=O)CC2)C=C1,0.0034940648009069266
CCOCCOC1=C(NC(C2=NOC(CO)=C2)=O)C=CC=C1Cl,0.0031888790195807814
O=C(C1=CN(CC2CCCC2)N=C1)N1CCNCC1,0.009478291450068354
CCN1C(C)=C(C(N2CCNCCC2)=O)C=N1,0.008395618153735995
CC1=C(C(N2CCNCCC2)=O)N=CN1,0.0036207029479555786
COC1=CC(OC)=C(CCNC(C2=C(C)C(OC)=CN=C2)=O)C=C1,0.007953335181809962
CC1=C(CO)C=C(C(NCC(C2=CC(Cl)=CC=C2)(C)C)=O)O1,0.004264566965866834
COC1=CC=C(C(CNC(C2=NOC(CO)=C2)=O)(C)C)C=C1,0.004437093366868794
COC1=CC=C(C(CNC(C2N(C)C(=O)NC=2)=O)(C)C)C=C1,0.003263668215367943
COC1=CC=C(C(CNC(CC2OC(C3=CC=CC=C3)=NN=2)=O)(C)C)C=C1,0.007532801013439894
CC(N1CCN(C(C2=C(C3OC=CC=3)NN=C2)=O)CCC1)(C)C,0.006846908619627357
CC(N1CCN(C(C[C@H]2C(=O)NC3=C(C=CC=C3)C(=O)N2)=O)CCC1)(C)C,0.008434985554777086
CC(N1CCN(C(CCC2=NNN=N2)=O)CCC1)(C)C,0.004493050242308528
CCOCN1C(C)=C(CC(C(N2CCN(C(C)(C)C)CCC2)=O)C)C(C)=N1,0.013832389749586583
O=C(C1N(CC2CCC2)N=CC=1)NCCN1C2=C(C=CC=C2)N=C1,0.006005467427894473
O=C(NCCN1C2=C(C=CC=C2)N=C1)CC1=C2N(CCCC2)N=C1,0.006267426069825888
CCN1C(C)=C(C(NC2=CC3=C(OC(N3CCN(C)C)=O)C=C2)=O)C=N1,0.005112286168150603
CC(NC(NCC1NC(N(C)C)=NN=1)=O)C,0.002217398741049692
COC1CC(CO)(C)N(C(NCC(N2CCOCC2)(C)C)=O)C1,0.0034769002930261196
CCC1(CN(C(NCC(N2CCOCC2)(C)C)=O)CCC1)O,0.005387965566478669
CN1C(=O)C2=C(C=CC(=C2)NC(C2N=C3N(CCOC3)C=2)=O)C1=O,0.0019475286069791764
CCC1(CN(C(NC2CCN(C3CC3)CC2)=O)CCC1)O,0.007004217151552439
CCN(CCOC1=CC=C(CNC(N2C(CO)(C)CC(OC)C2)=O)C=C1)CC,0.0039473518962040545
CCN1CCN(CC2=CC=C(CNC(N3[C@@H]4[C@@H](CC[C@H]4O)CC3)=O)C=C2)CC1,0.0030687429767567664
OC[C@@]12CN(C(NCCOC3=CC(F)=CC=C3)=O)C[C@@H]1CCC2,0.0021011566335801036
CCC1(CN(C(NCCOC2=CC(F)=CC=C2)=O)CCC1)O,0.003025781700853258
C[C@@]12N(C(NCC3=NNC=C3)=O)C[C@@H]1CCCC2,0.0037620623363181947
CC1CC(C2N(C(NCC3=NNC=C3)=O)CCCC2)C(O)CC1,0.0020602198725100606
COC1=CC(C(NC(N2[C@@H]3[C@@H](CC[C@H]3O)CC2)=O)C)=CC=C1,0.002638843172462657
CCC1(CN(C(NC(C2=CC(OC)=CC=C2)C)=O)CCC1)O,0.0048005511984229084
CC(N(C(C1N=NN(C2CC2)C=1)=O)CC(F)(F)F)C,0.005830072181561263
CCC(NC(N1C[C@](CO)(C)[C@](CO)(C)C1)=O)CC1=CC=CC=C1,0.003543079853989184
CC(C1SC=C(C(C)(C)C)N=1)NC(N1C[C@](CO)(C)[C@](CO)(C)C1)=O,0.003278690087608993
CN(C1NC(CNC(NC2C3=C(C=CC(=C3)F)CC2)=O)=NN=1)C,0.002462145610479638
COC1CC(CO)(C)N(C(NC2C3=C(C=CC(=C3)F)CC2)=O)C1,0.003105717443395406
C[C@]1([C@@](CO)(C)CN(C(NC2C3=C(C=CC(=C3)F)CC2)=O)C1)CO,0.0032546105328947307
OC[C@@]12CN(C(NCC3=CC=C(Br)C=C3)=O)C[C@@H]1CCC2,0.003238492412492633
O[C@H]1[C@H]2[C@H](CCN2C(NCC2=CC=C(Br)C=C2)=O)CC1,0.0025857940869173034
CCC1(CN(C(NCC2=CC=C(Br)C=C2)=O)CCC1)O,0.0052630740217864515
C[C@]1([C@@](CO)(C)CN(C(NC2CC=CCC2)=O)C1)CO,0.003953454166185111
CCC(C1=CC=NC=C1)NC(N1C[C@](CO)(C)[C@](CO)(C)C1)=O,0.0028288473782595246
O=C(N1CC=CC1)NC1CN(C(C2CCCC2)=O)CC1,0.0072597862454131246
COCC1(OCCN(C(NCC2=C(OC)C=C3C(OC(C3)C)=C2)=O)C1)C,0.005776464287191629
OC[C@@]12CN(C(NC3CN(C4=NC=CC=C4)CC3)=O)C[C@@H]1CCC2,0.0025025713024660946
CC1=C(CNC(N2C(C3C(O)CCCC3)CCCC2)=O)N=CO1,0.002835340448655188
CC1OCCCN(CCCNC(N2C[C@](CO)(C)[C@](CO)(C)C2)=O)C1,0.003692518325988203
CCC1(N2CCOCC2)CCN(C(NCCCN2CC(C)OCCC2)=O)CC1,0.00787004518788308
CN(C1=CC(Br)=C(C)C=C1)C(C1(C2ON=C(C)C=2)CCOCC1)=O,0.012480014422908425
BrC1=CN2C(=CC(C(N3CC(N4N=CN=C4)CC3)=O)=N2)N=C1,0.009115294367074967
CC(C1=NC=CC=C1)N(C(C1=C(C(F)(F)F)C=NN1)=O)C,0.0029523825796786696
COCCN1N=CC(C(N(C(C2=NC=CC=C2)C)C)=O)=C1,0.009992634365335106
CCN1N=C(C2CC2)C(C(N2C(C3N(C)C4=C(C=CC=C4)N=3)CCC2)=O)=C1,0.0093320416752249
COC1=C(C(N2C(C3N(C)C4=C(C=CC=C4)N=3)CCC2)=O)N=CC=C1,0.007406738749705255
CN1C2=C(C=CC=C2)N=C1C1N(C(CC2=CC=C(N3C=NC=C3)C=C2)=O)CCC1,0.007447936083190143
CN1C2=C(C=CC=C2)N=C1C1N(C(CCC2N=NNC=2)=O)CCC1,0.0035482516046613454
CC1=C(CO)C=C(C(NCCOC2=CC=C(Br)C=C2)=O)O1,0.00410279247444123
CN(CCN1N=CC(C(NCCOC2=CC=C(Br)C=C2)=O)=C1)C,0.008095205621793866
CCOC(C(NC1=CC(Cl)=C(OCC2=NC=CC=C2)C=C1)=O)(C)C,0.006525830389000476
CC1OC(C)C(C(NCC(C2=CC=C(Cl)C=C2)N2CCOCC2)=O)C1,0.011076289787888527
CC1=C(CO)C=C(C(NCC(C2=CC=C(Cl)C=C2)N2CCOCC2)=O)O1,0.003704161720816046
CON1CCC(C(NCC(C2=CC=C(Cl)C=C2)N2CCOCC2)=O)CC1,0.0022002190467901527
O[C@H]1[C@H]2[C@H](CCN2C(NCCC2SC3=C(C=CC=C3)C=2)=O)CC1,0.001832667220151052
C[C@]1([C@@](CO)(C)CN(C(NCCC2SC3=C(C=CC=C3)C=2)=O)C1)CO,0.002426566055510193
CC([C@H](C(N(C1SC2=C(C=C(C=C2)Br)N=1)C)=O)NC(C)=O)C,0.008726417180150747
CCOCCOC1=C(NC([C@H]2[C@H](CC)N(C)CC2)=O)C=CC=C1Cl,0.007892322144471109
CCOCCOC1=C(NC(C2C(C3CC3)=NN(CC)C=2)=O)C=CC=C1Cl,0.006936979782767594
CC1CC(OCC2=CC(NC(CCC3N=NNC=3)=O)=CC=C2)CCC1,0.005913187144324183
ClC1=CC2=C(C(=CN2)CCNC([C@@]23CCO[C@@H]2CCC3)=O)C=C1,0.005653468077071011
O=C(NC1CCN(CC2CCCC2)CC1)CC1=CC=C(N2C=NC=C2)C=C1,0.006539655802771449
O=C(NC1CCN(CC2CCCC2)CC1)CC1=C2N(CCCC2)N=C1,0.01169424606487155
O=C(C1=C(C2OC=CC=2)NN=C1)NC1CCN(CC2CCCC2)CC1,0.007003631768748164
FC(C1=C(C(NC2CCN(CC3CCCC3)CC2)=O)N2C(CCCC2)=N1)F,0.005623241467401385
CC1CCN(C(CCC2N=NNC=2)=O)CCC1,0.005378724704496562
COC1=C(C(CNC(C2=C(C(F)(F)F)C=NN2)=O)(C)C)C=CC=C1,0.003562899527605623
COC1=C(C(CNC(C2=NOC(CO)=C2)=O)(C)C)C=CC=C1,0.004511819314211607
CC(N1CC(CNC(C2=NC=NC(N3CCOCC3)=C2)=O)CCC1)C,0.006418842310085893
CN1C(=O)NC=C1C(NC1C2=C(C=CC=C2)C(C)(C)CC1)=O,0.005075488390866667
CN(CCN1N=CC(C(NCCN2C3=C(C=CC=C3)N=C2)=O)=C1)C,0.005804182006977498
COC1=C(C(NCCC2ON=C(C)N=2)=O)C(OC)=NC=C1,0.006452795933000743
COCCN1N=CC(C(NC(CC#N)C)=O)=C1,0.005268903361138655
CC(NC(C1=C(CC#N)C=CC=C1)=O)CC#N,0.006105230770437497
CC1=CC2=C(NC(C3N(C(C4N5C(CCCC5)=CN=4)=O)CCC3)=N2)C=C1,0.004845776548609138
CC1=C(C(N2C(C3NC4=C(C=C(C=C4)C)N=3)CCC2)=O)SC(C2COCC2)=N1,0.004347566526848823
CCOCN1C(C)=C(CC(N2C(C3NC4=C(C=C(C=C4)C)N=3)CCC2)=O)C(C)=N1,0.004431938112247735
CC1=C(CO)C=C(C(N2C(C3NC4=C(C=C(C=C4)C)N=3)CCC2)=O)O1,0.002122391539160162
CN(CCN1N=CC(C(N2C(C3NC4=C(C=C(C=C4)C)N=3)CCC2)=O)=C1)C,0.004661677475087345
COC1=C(NC(C2(C3ON=C(C)C=3)CCOCC2)=O)C=C(C(C)(C)C)C=C1,0.010361819108948112
COCC1(OCCN(C(NCC2=CC=C(CN3CCCCC3)C=C2)=O)C1)C,0.006702840607613325
CN1C(CNC(NCC2N=C3N(C=CS3)C=2)=O)=C(C(F)(F)F)C=N1,0.002507646230515093
COCC1(OCCN(C(NCC2N=C3N(C=CS3)C=2)=O)C1)C,0.0029941485379822554
O=C(NCC1=C2C(COCC2)=CC=C1)NCC1N=C2N(C=CS2)C=1,0.003497637179680169
COC1CC(CO)(C)N(C(NCC2=C(OC(F)F)C=CC=C2)=O)C1,0.002101842890260741
O[C@H]1[C@H]2[C@H](CCN2C(NCCC2=CN(C3=CC=CC=C3)N=C2)=O)CC1,0.0021227118093520405
CN1CCN(C2=NC=C(CNC(N3[C@]4(C)[C@@H](CCCC4)C3)=O)C=C2)CC1,0.005769122019410133
CN1CCN(C2=NC=C(CNC(N3CC=CC3)=O)C=C2)CC1,0.004152811982203275
C[C@]1([C@@](CO)(C)CN(C(NCCC2N=C3N(C=CC=C3)C=2)=O)C1)CO,0.0017361927893944085
COCC1=C(CNC(N2C(CO)(C)CC(OC)C2)=O)C=CC=C1,0.0028560888487845658
COCC1=CC(CNC(N2C[C@](CO)(C)[C@](CO)(C)C2)=O)=CC=C1,0.0029677625570911914
CCC1(CN(C(NCC2=CC(COC)=CC=C2)=O)CCC1)O,0.004492837865836918
CC1=NC=C(CNC(N2C[C@](CO)(C)[C@](CO)(C)C2)=O)C=C1,0.002432506618788466
O[C@H]1[C@H]2[C@H](CCN2C(NCCCC2CCCC2)=O)CC1,0.002999546902719885
C[C@@]12N(C(NCCNC3=C(C#N)C=CC=N3)=O)C[C@@H]1CCCC2,0.0032944021513685584
CC([C@@H]1N(C)CCN(C(NCCNC2=C(C#N)C=CC=N2)=O)C1)C,0.0026527069450821726
COC1CC(CO)(C)N(C(NCC2=CC(CN3CC(C)OCC3)=CC=C2)=O)C1,0.003488470974843949
CC1OCCN(CC2=CC(CNC(N3[C@@H]4[C@@H](CC[C@H]4O)CC3)=O)=CC=C2)C1,0.002647048549260944
CC1ON=C(CNC(N2[C@@H]3[C@@H](CC[C@H]3O)CC2)=O)C=1,0.0019297074963105843
CC1OCC(C)N(C(C2=NN3C(N=CC(=C3)Br)=C2)=O)C1,0.009158759005367756
O=C(C1=C(CC#N)C=CC=C1)N1CCC(OC2CCCCC2)CC1,0.008942773152739392
COC1=C(C)C(CNC(C2=C(C3OCCC3)NN=C2)=O)=NC=C1C,0.005891078663989901
COC1=C(C)C(CNC(C2C(C)=NOC=2)=O)=NC=C1C,0.008017305610701441
CCOCN1C(C)=C(CC(NCC2=C(C)C(OC)=C(C)C=N2)=O)C(C)=N1,0.008336792094632983
CC[C@H]1N(C)CC[C@@H]1C(NCC1=C(C)C(OC)=C(C)C=N1)=O,0.00945485585834831
CC(C1=C(Cl)C=CC=C1)(CNC(N1[C@@H]2[C@@H](CC[C@H]2O)CC1)=O)C,0.002588089235359803
O=C(C1=C(NC(C2N=NN(C3CC3)C=2)=O)SC=C1)NC1CC1,0.00684391891118139
COC1CC(CO)(C)N(C(NCC(N(C2CC2)C)C)=O)C1,0.003948315768502653
O[C@H]1[C@H]2[C@H](CCN2C(NC2CN(C3=C(F)C=C(F)C=C3)CC2)=O)CC1,0.002032024320214987
OC[C@@]12CN(C(NC3C(=O)N(C4=C(Cl)C=CC=C4)CC3)=O)C[C@@H]1CCC2,0.002581229154020548
CC(C1N=C(C2=C(NC(C3N=NN(C4CC4)C=3)=O)C(C)=CC=C2)ON=1)C,0.00738061941228807
COC1=C(OC)C=C(C(NC(N2[C@@H]3[C@@H](CC[C@H]3O)CC2)=O)C)C(F)=C1,0.002622512748348527
CC1=C(C2=NN(CCO)C(NC(C3=CN(CC4CC4)N=C3)=O)=C2)C=CO1,0.0039371375925838946
CC1=C(C2=NN(CCO)C(NC(C3=CC=C(C4CCOCC4)C=C3)=O)=C2)C=CO1,0.0036530759185552596
OC1C(C2N(C(NC3CCN(C4CCCC4)CC3)=O)CCCC2)CCCC1,0.005659306980669498
CN(C1NC(CNC(NC2CCN(C3CCCC3)CC2)=O)=NN=1)C,0.00316813038662076
CCC1C(CC)=C(CNC(NC[C@H]2OCC3=C(C=CC=C3)C2)=O)C(=O)NN=1,0.0041595127433538435
CCC1C(CC)=C(CNC(N2C[C@]3(CO)[C@@H](CCC3)C2)=O)C(=O)NN=1,0.0020107164164073765
CCC1C(CC)=C(CNC(N2C(C)CC(F)(F)CC2)=O)C(=O)NN=1,0.0023427546315360815
CCC1C(CC)=C(CNC(NCC2=C(F)C(F)=CC=C2)=O)C(=O)NN=1,0.0032963066012598576
O[C@H]1[C@H]2[C@H](CCN2C(NCC2OC3(CCCCC3)OC2)=O)CC1,0.003255745308706537
COCC1(NC(C2=NN3C(N=CC(=C3)Br)=C2)=O)CC1,0.009225711785256862
CCCNC1=CC=C(CNC(NC2C(C)OC(C)C2)=O)C=C1,0.006452264310792088
CC1C(=O)N(C)CCN1C(C1=NN2C(N=CC(=C2)Br)=C1)=O,0.0077705867122858764
COC1CC(CO)(C)N(C(NCC2=C(N3CCCC3)C=CC=C2F)=O)C1,0.002772205777000636
C[C@]1([C@@](CO)(C)CN(C(NCC2=C(N3CCCC3)C=CC=C2F)=O)C1)CO,0.0030520145897753536
CCN1C(C(NC(N2C[C@](CO)(C)[C@](CO)(C)C2)=O)C)=NC=C1,0.0018915035587269812
COC1CC(CO)(C)N(C(N[C@H]2[C@H](C3=C(F)C=CC=C3)C2)=O)C1,0.002271256622043438
CC1=NN2C(N(C(C3=C4C(SC=N4)=CC=C3)=O)CCC2C(F)(F)F)=C1,0.005533057221327908
CC1=C(NC(C2N=C3N(CCOC3)C=2)=O)C(C)=NC=C1,0.004164043674245476
CC1S(=O)(=O)CC(NC(NC2C3N(N=CC=3)CCC2)=O)CC1,0.004683754011057317
CCC1(CN(C(NCC2=C(C)N=CC=C2)=O)CCC1)O,0.0037928775767795742
CC1C(C(NCC(C2=CC(C)=CC=C2)(C)C)=O)=NN(C2CCOCC2)C=1,0.011178632685914635
CC(NC([C@H]1[C@H](C2CCOCC2)C1)=O)CC1SC2=C(C=CC=C2)N=1,0.0075230187270790335
CC(NC(C1C(=O)NCCC1)=O)CC1SC2=C(C=CC=C2)N=1,0.005374861881136894
CC(NC(C1OC(C)=C(CO)C=1)=O)CC1SC2=C(C=CC=C2)N=1,0.003603516553994268
CC(NC(C(C1=CC=NC=C1)C)=O)CC1SC2=C(C=CC=C2)N=1,0.0071104969130828975
CC(NC(C1OC2=C(C=CC(=C2)O)OC1)=O)CC1SC2=C(C=CC=C2)N=1,0.003878771141171455
CC(NC(C1N2C(CCCC2)=CN=1)=O)CC1SC2=C(C=CC=C2)N=1,0.005992788565345108
CCN1C2=C(C=CC(=C2)NC(C2=CC=C(C3CCOCC3)C=C2)=O)C=N1,0.007625729776918888
CC[C@H]1N(C)CC[C@@H]1C(NC1=CC2=C(C=NN2CC)C=C1)=O,0.006918244040571153
CCN1C2=C(C=CC(=C2)NC(C2(C3=NC=CC=C3)CC2)=O)C=N1,0.007776833325624466
CCN1N=C(C2CC2)C(C(NC2=CC3=C(C=NN3CC)C=C2)=O)=C1,0.00782659468241036
CN(CCN1N=CC(C(NC2=CN(C(F)F)N=C2)=O)=C1)C,0.004137991648167372
CC(C1=C(C(NC2=CN(C(F)F)N=C2)=O)NC=N1)(C)C,0.0018978366395458579
CC1CC2N(C=C(C(NC3=CN(C(F)F)N=C3)=O)N=2)CC1,0.003325366519857198
COCC1=C(C(NC2=CN(C(F)F)N=C2)=O)C=CS1,0.0034187905490398406
CC(N(C(C1=C(C(F)(F)F)C=NN1)=O)CC1OC=CC=1)C,0.0036927095730789005
CC(N(C(C1C(C)=NOC=1)=O)CC1OC=CC=1)C,0.011281918780878187
COC1=C(C(N(C(C)C)CC2OC=CC=2)=O)N=CC=C1,0.009569051628932356
CC(N(C(C1N2C(C=CC=C2)=CN=1)=O)CC1OC=CC=1)C,0.005882835783995688
CC(C1=CC=CC=C1)N(C(C1=NOC(CO)=C1)=O)C1CC1,0.005760114616714418
CC(C1=CC=CC=C1)N(C(CC1OC(C2=CC=CC=C2)=NN=1)=O)C1CC1,0.010415134299546481
CC1N(C)N=CC=1CC(NCC1CCNCC1)=O,0.0067220148630440235
CCOC1CC(C(NCC2CCNCC2)=O)C1,0.010666797589510679
CNC1CN(C(C2(C(=O)NC3=C(C=CC=C3)O2)C)=O)CCC1,0.0072273087687790396
CNC1CN(C(C2=C(C)C(OC)=CN=C2)=O)CCC1,0.0072340648621320724
CS(CC1=CC=C(NC(C2N3C(CCCC3)=NC=2C(F)F)=O)C=C1)(=O)=O,0.003556591481901705
CCN1N=C(C2CC2)C(C(NC2=CC=C(CN3C4=C(C=CC=C4)N=C3)C=C2)=O)=C1,0.0062020023353397844
O=C([C@H]1[C@H](C2CCOCC2)C1)NC1=CC=C(CN2C3=C(C=CC=C3)N=C2)C=C1,0.005777471209876239
CON1CCC(C(NC2=CC=C(CN3C4=C(C=CC=C4)N=C3)C=C2)=O)CC1,0.0013038552307989449
COC1=C(CN(C(CC2=C3N(CCCC3)N=C2)=O)CC2OCCC2)C=CC=C1,0.011710136849433183
COC1=C(CN(C(C2OC(C)=C(CO)C=2)=O)CC2OCCC2)C=CC=C1,0.005840217764489353
COC1=C(CN(C(C2=CN(CCN(C)C)N=C2)=O)CC2OCCC2)C=CC=C1,0.011468180129304529
CN(CCN1N=CC(C(NCC(NC2=CC(F)=CC=C2)=O)=O)=C1)C,0.0044862853246741
FC1=CC(NC(CNC(C2N(CC3CCC3)N=CC=2)=O)=O)=CC=C1,0.005856073298491538
FC1=CC(NC(CNC(C2=C(C3OCCC3)NN=C2)=O)=O)=CC=C1,0.0034879580372944472
FC1=CC(CN(C(C2C(=O)NCCC2)=O)CC2OCCC2)=CC=C1,0.007185798860155046
FC1=CC(CN(C(CCC2=NNN=N2)=O)CC2OCCC2)=CC=C1,0.0029578245943412186
CN(CCN1N=CC(C(N(CC2=CC(F)=CC=C2)CC2OCCC2)=O)=C1)C,0.008667433075606823
CC(CNC(C1=CC(C)=C(NC([C@@]23CCO[C@@H]2CCC3)=O)C=C1)=O)C,0.009025274054147303
CC(CNC(C1=CC(C)=C(NC(CCC2N=NNC=2)=O)C=C1)=O)C,0.00396123060490936
CC(CNC(C1=CC(C)=C(NC(C2C(C)=NOC=2)=O)C=C1)=O)C,0.0080087581416592
CN(C(CCC1N=NNC=1)=O)C(C1CC1)C1CC1,0.007414573896676302
CN(C(C1OC2=C(C=CC(=C2)O)OC1)=O)C(C1CC1)C1CC1,0.008461771253496408
COC1=C(C(NCC2N=CSC=2)=O)C(OC)=NC=C1,0.0052235194249078635
O=C(C1N(CC2CCC2)N=CC=1)NCC1N=CSC=1,0.00735181262716651
CC(C1=CC=NC=C1)C(NCC1N=CSC=1)=O,0.005916796415112913
CC1C(C(NCC2N=CSC=2)=O)=NN(C2CCOCC2)C=1,0.00676438226364553
O=C(C1C(=O)NCCC1)NCC1N=CSC=1,0.004942020704038441
CCOCN1C(C)=C(CC(NCC2N=CSC=2)=O)C(C)=N1,0.0061765248654410245
CC(NC1CCN(C(C2OC3=C(C=CC(=C3)O)OC2)=O)CC1)=O,0.0040430679684504865
CC(NC1CCN(C(C2=C3C(C=C(C=C3)O)=CC=C2)=O)CC1)=O,0.0033909400925040247
O=C(C1CN(C(C2=C(CC#N)C=CC=C2)=O)CCC1)NC1CC1,0.0055373087001498785
CCN1N=C(C2CC2)C(C(N2CC(C(NC3CC3)=O)CCC2)=O)=C1,0.009047944843769074
OC1=C2C(C=CC=C2C(N2CC(C(NC3CC3)=O)CCC2)=O)=CC=C1,0.004516717907972634
OC1=CC2=C(C(C(N3CC(C(NC4CC4)=O)CCC3)=O)=CC=C2)C=C1,0.004240848869085312
CC1CC2N(C=C(C(N3CC(C(NC4CC4)=O)CCC3)=O)N=2)CC1,0.0058235264848917724
COC1=C(C)C(C(N2CC(C(NC3CC3)=O)CCC2)=O)=CN=C1,0.007614757865667343
COC1=C(C(N2CC(C(NC3CC3)=O)CCC2)=O)N=CC=C1,0.007120344182476401
O=C(C1CN(C(C2=CC3=C(C=CC=N3)C=C2)=O)CCC1)NC1CC1,0.007152496743947268
CC1OC(C)C(C(N2CC(C(NC3CC3)=O)CCC2)=O)C1,0.011451936746016144
CCOC(C(N1CC(C(NC2CC2)=O)CCC1)=O)(C)C,0.010308161564171314
CCCC(NC(C1CN(C([C@H]2[C@H](CC)N(C)CC2)=O)CCC1)=O)C,0.011513982433825731
CCCC(NC(C1CN(C(C2C(C)=NOC=2)=O)CCC1)=O)C,0.008444381225854159
CCCCNC(C1CN(C(C2N3C(CCCC3)=CN=2)=O)CCC1)=O,0.005483330972492695
CCCCNC(C1CN(C(CC2=CC=C(N3C=NC=C3)C=C2)=O)CCC1)=O,0.004701400420162827
CCCCNC(C1CN(C(C2N(C)C(=O)NC=2)=O)CCC1)=O,0.002438569808145985
CCCCNC(C1CN(C([C@@]23CCO[C@@H]2CCC3)=O)CCC1)=O,0.00932711367495358
CCCCNC(C1CN(C(C2C(C)OC(C)C2)=O)CCC1)=O,0.010073805088177323
CCCCNC(C1CN(C(C2(C(=O)NCC2)CC(C)C)=O)CCC1)=O,0.009611257445067167
CN(CCN1N=CC(C(NCCC2C3=C(C=C(C=C3)F)NC=2)=O)=C1)C,0.003855712607037276
FC1=CC2=C(C(=CN2)CCNC(C2(C3=NC=CC=C3)CC2)=O)C=C1,0.004014648194424808
CC1=CC=C(CC2CN(C(C3=C(C4OCCC4)NN=C3)=O)CCC2)C=C1,0.007521538506262004
CC1=CC=C(CC2CN(C(C3=NOC(CO)=C3)=O)CCC2)C=C1,0.00503376976121217
CC1=CC=C(CC2CN(C(C3N(C)C(=O)NC=3)=O)CCC2)C=C1,0.0033648975426331163
O=C(C1=C(C2OC=CC=2)NN=C1)N1CCC(OC2CCCCC2)CC1,0.007384946336969733
CN(C1NC(CNC(NCC2=CC=CC=C2)=O)=NN=1)C,0.0020188888360280544
CN(CCOC1=NC=CC(C(NC2=C(F)C=CC(Cl)=C2)=O)=C1)C,0.004834885010495782
CCOCC1=C(CNC(N2C(CO)(C)CC(OC)C2)=O)C=CC=C1,0.003118087258189917
OC[C@@]12CN(C(NCC3OC4=C(C=CC=C4)C3)=O)C[C@@H]1CCC2,0.00299949839245528
O[C@H]1[C@H]2[C@H](CCN2C(NCC2OC3=C(C=CC=C3)C2)=O)CC1,0.002460505682392977
O[C@H]1[C@H]2[C@H](CCN2C(NCC2=CC(N3C(=O)CCC3)=CC=C2)=O)CC1,0.0021812932944158094
CCC1(CN(C(NCC2=CC(N3C(=O)CCC3)=CC=C2)=O)CCC1)O,0.0040066533838398755
CC(C(C1=CC=CC=C1)NC(NC1C2N(N=CC=2)CCC1)=O)(C)C,0.00771963361185044
O[C@H]1[C@H]2[C@H](CCN2C(NCC2=CC=C(CN3C(=O)CCC3)C=C2)=O)CC1,0.0025231976120267063
OC1C(C2N(C(NCC3=CC(O)=CC=C3)=O)CCCC2)CCCC1,0.0019642027968075127
CS(N1CC(NC(N2C(C3C(O)CCCC3)CCCC2)=O)CCC1)(=O)=O,0.0025012970436364412
CC([C@H](C(NC1=C(C)C=CC(NC(C2CC2)=O)=C1)=O)NC(C)=O)C,0.00924499046523124
C[C@H](C1=CC=CC=C1)NC(N1[C@@H]2[C@@H](CC[C@H]2O)CC1)=O,0.0022741620472515934
CCN1C(CNC(N2C[C@](CO)(C)[C@](CO)(C)C2)=O)CCCC1,0.003656919882632792
CCN1C(CNC(NCC2NC(N(C)C)=NN=2)=O)CCCC1,0.0024628430663142355
COC1CC(CO)(C)N(C(NCCOC2=CN=CC=C2)=O)C1,0.0018744107219390571
CC1OCCCN(C(C2=NN3C(N=CC(=C3)Br)=C2)=O)C1,0.009529462596401573
CC1=NOC(C2(C(NC3=C4C(C=CC(=N4)C)=CC=C3)=O)CCOCC2)=C1,0.007458099722862243
COC1CC(CO)(C)N(C(NCC(C2SC=CC=2)(C)C)=O)C1,0.00271119954995811
CCC1=NNC(CNC(N2CC(CC)(O)CCC2)=O)=C1,0.002829924994148314
CCC1(CN(C(NC(C2ON=C(C3=CC(F)=CC=C3)N=2)C)=O)CCC1)O,0.003018648165743798
CC(C1ON=C(C2=CC(F)=CC=C2)N=1)NC(N1[C@@H]2[C@@H](CC[C@H]2O)CC1)=O,0.0017916578421136365
CCC1(CN(C(NCC2=C(CS(C)(=O)=O)C=CC=C2)=O)CCC1)O,0.003592645353637636
CC1SC(C(NC(C2=NN3C(N=CC(=C3)Br)=C2)=O)(C)C)=NC=1,0.007667677057906985
CCN1C(C(NC2=C(F)C=C(OC)C(F)=C2)=O)COCC1,0.006059652124531567
CC1OCCC(CCNC(N2C[C@](CO)(C)[C@](CO)(C)C2)=O)C1,0.0036217989400029182
CC1CC(C2N(C(NCCC3CC(C)OCC3)=O)CCCC2)C(O)CC1,0.004574496333952993
CC(NC(N1[C@@H]2[C@@H](CC[C@H]2O)CC1)=O)CS(C)=O,0.002059784991433844
CC(NC(N1C(C2C(O)CCC(C)C2)CCCC1)=O)CS(C)=O,0.0036832087324000897
CCC1NN=C(CNC(N2[C@]3(C)[C@@H](CCCC3)C2)=O)N=1,0.003960090642794967
COC1(CN(C(NCC2=C(C)N=CC=C2)=O)CCC1)CO,0.001831368263810873
CCC1OCC(C)N(C(NCC2=C(C)N=CC=C2)=O)C1,0.004959089914336801
CC1CS(=O)CCN(C(NCC2=C(C)N=CC=C2)=O)C1,0.004855793062597513
CC1C(C(NCC2=C3C(C=CC=N3)=CC=C2)=O)=NN(C2CCOCC2)C=1,0.008213780191726982
COC1=C(C(CNC(C2=CN(C3CC3)N=C2)=O)N)C=CC=C1,0.010228311317041517
CC(C1=C(C(NCC2CCNCC2)=O)NC=N1)(C)C,0.004114645405206829
COC1=C(C)C(C(N2CCC(OC3CCCCC3)CC2)=O)=CN=C1,0.012864729855209589
OCC1ON=C(C(N2CCC(OC3CCCCC3)CC2)=O)C=1,0.005970452097244561
COC1=C(C)C(CNC(C2=C(F)C(F)=C(C)C=C2)=O)=NC=C1C,0.007584064430557191
COC1=C(C(NCC2=C(C)C(OC)=C(C)C=N2)=O)C(OC)=NC=C1,0.007314798445440829
CCC1(CN(C(NCCC2N=C(C)SC=2)=O)CCC1)O,0.003811260871589184
ClC1=CC(Cl)=C(NCCNC(N2CC=CC2)=O)N=C1,0.0030248217866756023
O[C@H]1[C@H]2[C@H](CCN2C(NCC2=CC=C(NC(C3=CC=NC=C3)=O)C=C2)=O)CC1,0.0020194945915136485
CCN1C(C(NC2=CC=C(C3N=NSC=3)C=C2)=O)COCC1,0.005296331737190485
C[C@@]12N(C(NCC3=CC=C(CN4CCC(O)CC4)C=C3)=O)C[C@@H]1CCCC2,0.0036879950668662785
CC([C@@H]1N(C)CCN(C(NCC2=CC=C(CN3CCC(O)CC3)C=C2)=O)C1)C,0.003089570777956396
C[C@@]12N(C(NC3CCN(CC#N)CC3)=O)C[C@@H]1CCCC2,0.004525110477447925
CC(C1=CC(C)=CC(C)=C1)NC(N1C[C@](CO)(C)[C@](CO)(C)C1)=O,0.0039414142491295935
CC1C(CCNC(N2[C@]3(C)[C@@H](CCCC3)C2)=O)=C(C)ON=1,0.007272337027825415
COC1CC(CO)(C)N(C(NCCC2=C(C)ON=C2C)=O)C1,0.0024717477499507368
CC(C1SC=C(C2=CC=CC=C2)N=1)NC(N1C[C@]2(CO)[C@@H](CCC2)C1)=O,0.0024733936996199192
CC(C1SC=C(C2=CC=CC=C2)N=1)NC(N1[C@@H]2[C@@H](CC[C@H]2O)CC1)=O,0.0020920818991726265
CCN1N=C(CNC(NC(C2=C(N3CCC(O)CC3)C=CC(F)=C2)C)=O)C=N1,0.0019183145835995675
CC(C1=C(N2CCC(O)CC2)C=CC(F)=C1)NC(N1CC=CC1)=O,0.002170863567152992
CCC1(N2CCOCC2)CCN(C(NCCC2=CC(OC)=C(O)C=C2)=O)CC1,0.003667724423576146
COC1=C(O)C=CC(CCNC(N2[C@@H]3[C@@H](CC[C@H]3O)CC2)=O)=C1,0.001469050074229017
COC1=C(O)C=CC(CCNC(N2C(C3C(O)CCCC3)CCCC2)=O)=C1,0.0022311567270662637
COC1=C(O)C=CC(CCNC(NC2C3N(N=CC=3)CCC2)=O)=C1,0.0033878595917485655
COC1CC(CO)(C)N(C(NCC2N(CC3=CC=CC=C3)CCC2)=O)C1,0.0037947634235024454
CN(C(C1=CC(CCNC(N2C[C@](CO)(C)[C@](CO)(C)C2)=O)=CC=C1)=O)C,0.0033425983972847463
CN(C1CC(NC(NCC2NC(N(C)C)=NN=2)=O)CCC1)C,0.0032166144112125037
OC1CCN(CC2=C(CNC(N3CC=CC3)=O)C=CC=C2)CC1,0.0025857380183879285
CC1N=C(C(C2CC2)NC(C2=NN3C(N=CC(=C3)Br)=C2)=O)SC=1,0.008544315025210381
CC1SC(C(C2CC2)NC(C2=NN3C(N=CC(=C3)Br)=C2)=O)=NC=1,0.008560335589572787
CC1=C(CNC(N2[C@@H]3[C@@H](CC[C@H]3O)CC2)=O)C(C)=CC=C1,0.002637620715540834
CC1=C(CNC(N2C[C@](CO)(C)[C@](CO)(C)C2)=O)C(C)=CC=C1,0.0032925684587098657
CN(C(CN(C1=CC=CC=C1)C(C1=NN(C2CCOCC2)C=C1)=O)=O)C,0.008791032200679182
BrC1=CN2C(=CC(C(N3CC(=O)N(C4CC4)CC3)=O)=N2)N=C1,0.007816653558984398
COC1C(C)(C)C(NC(N2C(CO)(C)CC(OC)C2)=O)C1C,0.004394507477991283
CNC(C1C(NC(C2=NN3C(N=CC(=C3)Br)=C2)=O)CCC1)=O,0.008645041612908244
CS(C1SC(CNC(N2C[C@]3(CO)[C@@H](CCC3)C2)=O)=CC=1)(=O)=O,0.0017136289272457362
C[C@]1([C@@](CO)(C)CN(C(NCCC2=C(OC(F)F)C=CC=C2)=O)C1)CO,0.002174894668860361
CN(S(C1=CC=C(N(C([C@@]23CCO[C@@H]2CCC3)=O)C)C=C1)(=O)=O)C,0.00766938254237175
CC(N1CCC(C(N(C2=CC=C(S(N(C)C)(=O)=O)C=C2)C)=O)CC1)C,0.0070769163779914376
O=C(N1CC=CC1)NC1C2N(C=CN=2)CC1,0.004123113851528614
CC1CC(C2N(C(NC3C4N(C=CN=4)CC3)=O)CCCC2)C(O)CC1,0.0026340875891037287
CC(OC1C(N2N=CC=C2)C(NC(N2C[C@](CO)(C)[C@](CO)(C)C2)=O)C1)(C)C,0.003993213281501084
COC1CC(C(N2C3=C(C=CNC3=O)CCC2)=O)C1,0.006213752785697579
CC1C(C)C(C(N2C3=C(C=CNC3=O)CCC2)=O)C(C)O1,0.006745246448554098
O=C(C1N(CC2CCC2)N=CC=1)N1C2=C(C=CNC2=O)CCC1,0.00578375190962106
COC1CC(CO)(C)N(C(NC(CC2C3=C(C=CC(=C3)F)N(C)C=2)C)=O)C1,0.0026399863301776348
CC1OC(C)C(NC(NCCN2C(=O)CCC2)=O)C1,0.004779695020988584
O[C@H]1[C@H]2[C@H](CCN2C(NCCN2C(=O)CCC2)=O)CC1,0.0021561179077252746
ClC1=C2C(N(C(C3N=C4N(CCOC4)C=3)=O)CCO2)=CC(Br)=C1,0.006621936475858093
CC1(C(C2=CC=NC=C2)N(C(C2=NN3C(N=CC(=C3)Br)=C2)=O)C1)C,0.011103358957916499
CC([C@H](C(NC1=C(C#N)C2=C(C(CC(C2)C)C)S1)=O)NC(C)=O)C,0.007093155616894364
CC1CC2=C(SC(=C2C#N)NC(C2=NN=CC=C2)=O)C(C)C1,0.0072093366645276545
CCN1N=C(C2CC2)C(C(NC2=CC(C#N)=C(Br)C=C2)=O)=C1,0.006577763194218278
BrC1=C(C#N)C=C(NC([C@H]2[C@H](C3CCOCC3)C2)=O)C=C1,0.007349865627475083
BrC1=C(C#N)C=C(NC(C2N=NN(CC3COCC3)C=2)=O)C=C1,0.005913244211114943
BrC1=C(C#N)C=C(NC(C2=NC(N3CCOCC3)=NC=C2)=O)C=C1,0.0038204665994271635
CC1=C(CNC(N2C(C3=NNC=C3)CCCC2)=O)C=CC=N1,0.002816341066500172
CC1=C(CNC(N2CC(C)(C)C(O)CC2)=O)C=CC=N1,0.0020917709975037725
CC1=C(CNC(NCC2CC3N(C=CN=3)CC2)=O)C=CC=N1,0.0033793356618843974
COC1=C(OC)C=C(C(N)=O)C(NC([C@H]2[C@H](C3CCOCC3)C2)=O)=C1,0.008381600282154978
O=C([C@H]1[C@H](C2CCOCC2)C1)NC1=CC=C(OC2=CC=NC=C2)C=C1,0.007116611883975566
CCCC(NC(C1=C(C)C(OC)=CN=C1)=O)(C)C,0.010648750141263008
CCCC(NC(C1=CN(CCN(C)C)N=C1)=O)(C)C,0.01168728554621339
CCCC(NC(C1OC(C)=C(CO)C=1)=O)(C)C,0.005627419915981591
CCCC(NC(C1OC2=C(C=CC(=C2)O)OC1)=O)(C)C,0.006264523766003549
CCCC(NC(C1C(C)=NOC=1)=O)(C)C,0.011142699886113406
CC(C1=CC(Cl)=C(Cl)C=C1)(CNC(C1C(=O)NCCC1)=O)C,0.007459597615525127
CCN1N=C(C2CC2)C(C(N2CC(C(N)=O)OCC2)=O)=C1,0.008158792601898312
NC(C1OCCN(C(C2(C3=C4C(C=CC=C4)=CC=N3)CC2)=O)C1)=O,0.007836419600062072
CC1=C(F)C(F)=C(C(N2CC(C(N)=O)OCC2)=O)C=C1,0.007017129031009972
NC(C1OCCN(C(C2=C3C(C=C(C=C3)O)=CC=C2)=O)C1)=O,0.004501476394943893
CC(OC1=CC(F)=C(NC(CC2=C3N(CCCC3)N=C2)=O)C=C1)C,0.007492104591801762
CC(OC1=CC(F)=C(NC(C2OC3=C(C=CC(=C3)O)OC2)=O)C=C1)C,0.004621848033275455
CC(OC1=CC(F)=C(NC(C2(C3=NC=CC=C3)CC2)=O)C=C1)C,0.007224012538790703
CC(OC1=CC(F)=C(NC(CCC2N=NNC=2)=O)C=C1)C,0.0030475731007754804
CC(OC1=CC(F)=C(NC(C2N3C(CCCC3)=CN=2)=O)C=C1)C,0.005744726886041463
CCN1N=C(C2CC2)C(C(NC2=C(F)C=C(OC(C)C)C=C2)=O)=C1,0.007543395739048719
CC1N(CCNC(C2N3C(CCCC3)=CN=2)=O)C=CN=1,0.005366337718442082
CC1N(CCNC(C2=C(C3OCCC3)NN=C2)=O)C=CN=1,0.0031600561342202127
COC1=C(C(NCCN2C(C)=NC=C2)=O)N=CC=C1,0.004417841730173677
CC1N(CCNC(C2N(C)C(=O)NC=2)=O)C=CN=1,0.0021915123506914824
CC1N(CCNC(C2OC(C)=C(CO)C=2)=O)C=CN=1,0.0023452642431948333
CC(C1=CC=NC=C1)C(NCCN1C(C)=NC=C1)=O,0.0042906685965135695
CON1CCC(C(NCCN2C(C)=NC=C2)=O)CC1,0.0010385392015450634
COC1=C(C(NC2=C(C)C=C(C(N3CCCC3)=O)C=C2)=O)N=CC=C1,0.0067978078499436375
CC1OC(C)C(C(NC2=C(C)C=C(C(N3CCCC3)=O)C=C2)=O)C1,0.011379481572657824
CC1C(C(NC2=C(C)C=C(C(N3CCCC3)=O)C=C2)=O)=NOC=1,0.007964933570474387
O=C(N1CCN(C2=CC=CC=C2)CC1)CCNC(C1=C(CC#N)C=CC=C1)=O,0.004479176330642076
O=C(N1CCN(C2=CC=CC=C2)CC1)CCNC(C1C(=O)NCCC1)=O,0.0067495896713808175
COCCN1N=CC(C(NCCC(N2CCN(C3=CC=CC=C3)CC2)=O)=O)=C1,0.006462178099900484
COC1=CC(C2CCN(C(CC3OC(C4=CC=CC=C4)=NN=3)=O)CC2)=CC=C1,0.007811377476900816
COC1=CC(C2CCN(C(C3C(C)=CN(C4CCOCC4)N=3)=O)CC2)=CC=C1,0.01089042853564024
COC1=CC(C2CCN(C(C3=C(C)N=C(C4COCC4)S3)=O)CC2)=CC=C1,0.009170821728184819
COC1=CC(C2CCN(C(C3=C(C4OCCC4)NN=C3)=O)CC2)=CC=C1,0.006577701051719486
CC([C@H](C(NC1=C2C(C=CC=C2)=CC=C1)=O)NC(C)=O)C,0.006936438241973519
CC1CN(CCCNC(N2C[C@]3(CO)[C@@H](CCC3)C2)=O)CC(C)C1,0.0034968589432537557
COC1CC(CO)(C)N(C(NCC2OC3=C(C=CC=C3)C=2)=O)C1,0.002232101163826883
OC1C(C2N(C(NCC3CCOCC3)=O)CCCC2)CCCC1,0.004038044391199947
COC1CC(CO)(C)N(C(NCC2=CN=C(OCC3CC3)C=C2)=O)C1,0.0029126780340448023
COC1=C(OC)C(Br)=CC(CNC(N2CC=CC2)=O)=C1,0.007840827107429504
CS(CC1=CC(CNC(N2CC=CC2)=O)=CC=C1)(=O)=O,0.004372325306758284
CC1=CC=C(CN(C([C@H]2O[C@@H](C(N)=O)CC2)=O)C2C3=C(C=CC=C3)CC2)C=C1,0.011506821773946286
COC1=C(C(NC(NCC2N(C)N=CC=2C(F)(F)F)=O)(C)C)C=CC=C1,0.004396489448845386
CC1=CC=C(C(CNC(N2[C@@H]3[C@@H](CC[C@H]3O)CC2)=O)(C)C)C=C1,0.0030731619335711002
CN1C(CNC(N2CC=CC2)=O)=NC=C1,0.003750011639203876
COC1CC(CO)(C)N(C(NCC2N(C)C=CN=2)=O)C1,0.0015989579551387578
OC[C@@]12CN(C(NCC3=C(F)C=CC(F)=C3)=O)C[C@@H]1CCC2,0.0022756486607249824
CN(C1NC(CNC(NCC2=C(F)C=CC(F)=C2)=O)=NN=1)C,0.0018309568287804723
COC1CC(CO)(C)N(C(NCCCC2C3=C(C=CC=C3)NC=2)=O)C1,0.001790936675388366
CCCOC1=NC=C(CNC(N2C[C@]3(CO)[C@@H](CCC3)C2)=O)C=C1,0.002507900458294898
CC1CC(C2N(C(NCCC3=CN=C(C)C=C3)=O)CCCC2)C(O)CC1,0.0035409652511589227
CC(N(C(C1N=NN(C2CC2)C=1)=O)C1CCCCC1)C,0.015236058738082647
CCC1OC(C(NC(N2C[C@]3(CO)[C@@H](CCC3)C2)=O)COC)=CC=1,0.003188801382202655
CN(C1=NC2=C(C=CC=C2)C(CNC(N2[C@@H]3[C@@H](CC[C@H]3O)CC2)=O)=C1)C,0.0019586455426178874
CN(C1=NC2=C(C=CC=C2)C(CNC(N2C[C@]3(CO)[C@@H](CCC3)C2)=O)=C1)C,0.002381878555752337
CC1=NOC(C2(C(NC3=NC(C)=C(Br)C=C3)=O)CCOCC2)=C1,0.007864785776473582
CC1=C(Br)C=CC(NC(C2N=C3N(CCOC3)C=2)=O)=N1,0.00460658116498962
OC[C@@]12CN(C(NCC3C4C3CC3=C4C=CC=C3)=O)C[C@@H]1CCC2,0.0036507603828795252
C[C@]1([C@@](CO)(C)CN(C(NC2C3(CCCC3)C3C2CCO3)=O)C1)CO,0.004093625338282436
COC1CC(CO)(C)N(C(NC2C3(CCCC3)C3C2CCO3)=O)C1,0.004405919148121029
CN(C1NC(CNC(NC2C3(CCCC3)C3C2CCO3)=O)=NN=1)C,0.003926015843171626
CN(CCOC1=NC=CC(C(NC2=CC(F)=C(CS(C)(=O)=O)C=C2)=O)=C1)C,0.004516920144669712
CN(C([C@@]12CCO[C@@H]1CCC2)=O)C1CCN(S(C)(=O)=O)CC1,0.007226693001575768
NC(C1=C(NC(C2=NN(C3CCOCC3)C=C2)=O)C=CS1)=O,0.0055154366185888645
CC(N1CCC(C(NC2=C(C(N)=O)SC=C2)=O)CC1)C,0.005514447600580752
COC(C1=C(F)C=CC=C1)C(NC(N1C[C@](CO)(C)[C@](CO)(C)C1)=O)C,0.0032029521476943045
BrC1=CN2C(=CC(C(N3CC(C4COCC4)CC3)=O)=N2)N=C1,0.010697824461385608
CNC(C1=CC(Cl)=C(NC(C2CN(CC3=CC=CC=C3)CC2)=O)C=C1)=O,0.0067438420606777075
OC[C@@]12CN(C(NC3C4=C(C=C(C=C4F)F)OC3)=O)C[C@@H]1CCC2,0.002793408022262156
O[C@H]1[C@H]2[C@H](CCN2C(NC2C3=C(C=C(C=C3F)F)OC2)=O)CC1,0.002195309373200871
BrC1=CN2C(=CC(C(NCC3OC4(CCCC4)OC3)=O)=N2)N=C1,0.009483401570469141
BrC1=CN2C(=CC(C(N3C(C4=NOC=N4)COCC3)=O)=N2)N=C1,0.0076581529341638085
COC1CCC(CCNC(C2=NN3C(N=CC(=C3)Br)=C2)=O)CC1,0.010693592438474297
CCN1N=CC(CNC(N2C(C3C(O)CCCC3)CCCC2)=O)=C1,0.0031429384718649088
CCOC1CC(CCNC(C2=NN3C(N=CC(=C3)Br)=C2)=O)C1,0.009580515651032328
CCN(C([C@H]1[C@H](C(F)(F)F)CCCC1)=O)CC(N)=O,0.0052113306841611974
CC(C1=NN(C)C=C1)NC(N1C(C2C(O)CCCC2)CCCC1)=O,0.003337840747553855
FC1=C(Br)C=C(Cl)C(NC(C2N=NN(C3CC3)C=2)=O)=C1,0.0068153988802805545
CN1C(=O)NC=C1C(NCC(N1CCN(C2=CC=CC=C2)CC1)=O)=O,0.0023917307436931877
CCN1C(C)=C(C(NCC(N2CCN(C3=CC=CC=C3)CC2)=O)=O)C=N1,0.006536495755426586
CCN1C2=C(C=CC=C2)N=C1CCNC(C1C(C)=CON=1)=O,0.005043902934994548
CCN1C2=C(C=CC=C2)N=C1CCNC(C1C(=O)NCCC1)=O,0.004218447161838413
CCOCN1C(C)=C(CC(NCCC2N(CC)C3=C(C=CC=C3)N=2)=O)C(C)=N1,0.006248689210042358
CCN1C2=C(C=CC=C2)N=C1CCNC(C1N=C2N(CCC(C2)C)C=1)=O,0.006665617576800287
CCN1C2=C(C=CC=C2)N=C1CCNC(C1=C(OC)C=CC=N1)=O,0.005030483100563287
CCN1C2=C(C=CC=C2)N=C1CCNC([C@H]1N(C(C)=O)CCC1)=O,0.004411985189653933
CCN1C2=C(C=CC=C2)N=C1CCNC([C@H]1[C@H](C2CCOCC2)C1)=O,0.006213923753239215
CC1=C(CNC(N2CC3C(NC(=O)N3CC2)=O)=O)C=CC=N1,0.0012322091031819582
CC1C(C2N(C(NCC3=C(C)N=CC=C3)=O)CCCCC2)=C(C)NN=1,0.004205743782222271
CC(C1=NNC=N1)NC(NCC1=C(C)N=CC=C1)=O,0.0023680107900872827
CC1=C(CNC(N2C(CC(C3=CC=CC=C3)O)COCC2)=O)C=CC=N1,0.0023284134455025195
CCOC1C2(CCC2)C(N(C(NCC2=C(C)N=CC=C2)=O)C)C1,0.008674348914064467
COCCNC1=C(CNC(NCC2=C(C)N=CC=C2)=O)C=CC=C1,0.003951741976197809
CCCN(C(C1=CN(CCOC)N=C1)=O)C(C1=C(OC)C=CC=C1)C,0.012048801267519593
CCN1N=CC(CC(NC2=CC(N)=C(OC)C=C2)=O)=C1,0.004594894417095929
COC1=C(C(CNC(C2=C(C3CC3)N=CO2)=O)N)C=CC=C1,0.007252643187530339
COC1=C(C(CNC(CN2N=C(C(F)(F)F)C(C)=C2)=O)N)C=CC=C1,0.006272410950623452
COC1=C(C(CNC(C2C(C)=NOC=2)=O)N)C=CC=C1,0.009108178317546844
CC[C@H]1N(C)CC[C@@H]1C(NCCC1=C(OC)C=C(OC)C=C1)=O,0.00971209651324898
COC1=CC(OC)=C(CCNC(C2=NC=NC(N3CCOCC3)=C2)=O)C=C1,0.005693517788313329
CC1CC2N(C=C(C(NCCC(N3CCCCCC3)=O)=O)N=2)CC1,0.0063255181768909095
CC1=C(CO)C=C(C(N2CC(CN3CCN(C4=NC=CC=C4)CC3)CCC2)=O)O1,0.003932821459602565
CN1C(=O)NC=C1C(N1CC(CN2CCN(C3=NC=CC=C3)CC2)CCC1)=O,0.00274917398346588
CCN1C(C)=C(C(NC(C(N)=O)(CC)CC)=O)C=N1,0.007860442157834768
CC(C1=CC=CC=C1)(C(N)=O)NC(C1=CN(CC2CC2)N=C1)=O,0.007506001763977111
CC(C1=CC=CC=C1)(C(N)=O)NC(CC1=C2N(CCCC2)N=C1)=O,0.008526239963248371
CCOCN1C(C)=C(CC(NC(C2=CC=CC=C2)(C(N)=O)C)=O)C(C)=N1,0.007483732420951128
CCC1(CN(C(NCC2=CC=C(C(F)(F)F)C=C2)=O)CCC1)O,0.0029294246924109757
COC1CC(CO)(C)N(C(NCCN(C2=CC=CC=C2)C)=O)C1,0.002991929918061942
O=C(N1CC=CC1)NCCCN1C(=O)C2(CCCCC2)NC1=O,0.002595888008363545
CC(NC(N1[C@]2(C)[C@@H](CCCC2)C1)=O)CN1N=CC=C1,0.006006309646181762
CN(C1NC(CNC(NC2C3(C(C)(C)C(CC3)C2)C)=O)=NN=1)C,0.004648145439568907
CC(CC(NC1=CC(CNC(N2[C@@H]3[C@@H](CC[C@H]3O)CC2)=O)=CC=C1)=O)C,0.002353654633043334
CCC1(CN(C(NC2CCN(CCOC)CC2)=O)CCC1)O,0.006263827695511282
O=C(N1CC=CC1)NCC1=C(OCCN2CCOCC2)C=CC=C1,0.005527878878638148
BrC1=CC=C(N(C(C2N=NN(C3CC3)C=2)=O)CC2OCCC2)C=C1,0.010716845048591495
C[C@@]12N(C(NCCN3N=CN=C3)=O)C[C@@H]1CCCC2,0.004928333393763751
CC1=C2C(C(NC(N3[C@@H]4[C@@H](CC[C@H]4O)CC3)=O)CC2)=CC=C1,0.0031118171755224466
CCC1SC=C(C(NC(N2C[C@](CO)(C)[C@](CO)(C)C2)=O)C)N=1,0.002880377718247473
CCC1(CN(C(NC(CC2=CC=CC=C2)CN2CCOCC2)=O)CCC1)O,0.0052570592612028125
CCC1(CN(C(NCCN2N=CC=C2)=O)CCC1)O,0.0034814137034118176
CN(CCOC1=NC=CC(C(N(C2=NC(C)=CC=C2)C)=O)=C1)C,0.006872523878701031
CCC(C1SC=C(C(F)(F)F)N=1)NC(N1C(CO)(C)CC(OC)C1)=O,0.002118615456856787
CCC(C1SC=C(C(F)(F)F)N=1)NC(N1CC(COC)(C)OCC1)=O,0.003789996705017984
CCC(C1SC=C(C(F)(F)F)N=1)NC(N1C[C@]2(CO)[C@@H](CCC2)C1)=O,0.0021646447654347866
C[C@]1([C@@](CO)(C)CN(C(NCC2=C(OC(F)F)C=CC=C2F)=O)C1)CO,0.002143196266843006
CC(C1SC(C)=CN=1)NC(N1C[C@](CO)(C)[C@](CO)(C)C1)=O,0.0024989698198623956
CC(C1SC(C)=CN=1)NC(N1[C@@H]2[C@@H](CC[C@H]2O)CC1)=O,0.001975808906718157
COC1CC(CO)(C)N(C(NCC2(CCC2)CC2=CC=CC=C2)=O)C1,0.004491584748029709
CN(CCOC1=NC=CC(C(NC2=C(CC(F)(F)F)C=CC=C2)=O)=C1)C,0.0044480141892563555
COCC1(OCCN(C(NC2CC3(CCCC3)OCC2)=O)C1)C,0.008527032984420656
CN(C1NC(CNC(NC2CC3(CCCC3)OCC2)=O)=NN=1)C,0.003563532722182572
CCC1(N2CCOCC2)CCN(C(NCC2=NC(N(C)C)=CC=C2)=O)CC1,0.005114764906466007
CN(C1=NC(CNC(N2C(C3C(O)CCCC3)CCCC2)=O)=CC=C1)C,0.0030218814965337513
CCCC1N(C([C@H]2O[C@@H](C(N)=O)CC2)=O)C2=C(C=CC=C2)CC1,0.009501604782417416
COC1CCC(CCNC(N2[C@@H]3[C@@H](CC[C@H]3O)CC2)=O)CC1,0.0034166151948738844
C[C@@]12N(C(NCC3CN(S(C)(=O)=O)C3)=O)C[C@@H]1CCCC2,0.0042335927602835
CS(N1CC(CNC(N2CC=CC2)=O)C1)(=O)=O,0.0032877107383683323
CC1CC(C2N(C(NCC3CN(S(C)(=O)=O)C3)=O)CCCC2)C(O)CC1,0.002280239324318245
CN(C1=CC(S(C)(=O)=O)=CC=C1)C(C1N=NN(C2CC2)C=1)=O,0.006007936433888972
CC1=C(CNC(N2C[C@]3(CO)[C@@H](CCC3)C2)=O)C=CN=C1,0.002345661475555971
CCCOC1=CC(C)=C(CNC(N2[C@@H]3[C@@H](CC[C@H]3O)CC2)=O)C=C1,0.0030706955119967462
CC1(OCCO1)CCNC(C1=NN2C(N=CC(=C2)Br)=C1)=O,0.007728261500597
CCN(C(C(C1CC1)C1CC1)=O)CC(N)=O,0.013823884865269065
CCN(C(C1C(C(C)(C)C)=NN(C2=CC=C(C)C=C2)C=1)=O)CC(N)=O,0.00879339249804616
CCN(C(C1=C(CC(C)C)N=C(C)S1)=O)CC(N)=O,0.008148799836635589
CC1N(C(C2=NN3C(N=CC(=C3)Br)=C2)=O)C(C)(C)CC1,0.0121418587397784
CC1=C(C)C2=C(CCCN2C([C@H]2O[C@@H](C(N)=O)CC2)=O)C=C1,0.008663889905437826
CC1OC(C)C(NC(NCC(C2OC=CC=2)O)=O)C1,0.0025638687890022992
CC1OC(C)C(NC(N(C2CC2)CC2OC(C)=CC=2)=O)C1,0.007883520121686161
CC1OC(C)C(NC(N(CC2=CC=NC=C2)C)=O)C1,0.005262030754238367
CC1OC(C)C(NC(N(CC2SC=CC=2)CC2OCCC2)=O)C1,0.006928812898695469
CC1OC(C)C(NC(N2CCN(CC3OCCC3)CC2)=O)C1,0.007449368946254253
CC1OC(C)C(NC(N2CCN(C(C3OCCC3)=O)CC2)=O)C1,0.005999462050385773
CC1C(CNC(N2CC=CC2)=O)=NON=1,0.005005684786010533
CC1C(CNC(N2CC(C3=CC(Br)=CC=C3)(O)C2)=O)=NON=1,0.004514196515083313
CC1C(CNC(N2CCC(C3=NC(C4=CC(F)=CC=C4)=CC=N3)CC2)=O)=NON=1,0.003528944158460945
CC1C(CNC(N2CC(C)(C)CC3=C(C=NN3)C2)=O)=NON=1,0.003988448332529515
CC1C(CCO)N(C(NCC2C(C)=NON=2)=O)CCC1,0.0020100568770430984
CCC1N(C(NCC2C(C)=NON=2)=O)CC(C)(C)OC1,0.004878085409291089
CC(C1C2(CC=CC2)CN1C(NCC1C(C)=NON=1)=O)C,0.0075393372913822535
CC1C(CNC(N2C(C3CC3)C3(CCOCC3)C2)=O)=NON=1,0.006327353185042739
CC1C(CNC(N2CC3(CCOCC3)C2)=O)=NON=1,0.005372784310020506
CN(C(NCC1C(C)=NON=1)=O)C1C(C)(C)C(OC2=CC=CC=C2)C1,0.006601002742536366
CC1C(O)CCN(C(NCC2C(C)=NON=2)=O)C1,0.00174594217678532
CC1C(CNC(N(CC2CCC2)CC2CC2)=O)=NON=1,0.00767859173938632
CC1C(CNC(N2CCC(CC3=C(F)C=CC=C3)(O)CC2)=O)=NON=1,0.004127963248174637
CC1C(CNC(N(C2CC2)CC2=C(F)C=CC=C2F)=O)=NON=1,0.004949682322330773
CC1C(CNC(N2CC(C)(C)CCC2)=O)=NON=1,0.0049400249728932975
CC1C(CNC(N2CC3(CCCC3)COCC2)=O)=NON=1,0.006766713922843337
CC1C(O)CN(C(NCC2C(C)=NON=2)=O)CC1,0.0013734387670410798
CN(CCCC1CCN(C(NCC2C(C)=NON=2)=O)CC1)C,0.005677932268008589
CN(C(NCC1C(C)=NON=1)=O)CC1C(O)CCC1,0.0025596659281291066
CC1C(CNC(NC2C3=C(C=CC=C3)CCC2N2C=NC=C2)=O)=NON=1,0.004715992230921983
CCC1SC2=C(CCCC2N(C(NCC2C(C)=NON=2)=O)C)N=1,0.006422393815591931
CC(CCC1N(C(NCC2C(C)=NON=2)=O)CCCC1)C,0.005632815102580934
CC(C1OC=CC=1)N(C(NCC1C(C)=NON=1)=O)C1CC1,0.005659452639520168
CCN(C(NCC1C(C)=NON=1)=O)C1C(=O)N(C2=CC=CC=C2)CC1,0.004527452832553536
CC1C(CNC(N(C2CCCC2)CC2=C(F)C=CC(F)=C2)=O)=NON=1,0.005730007728561759
CN1CCC(N(C(NCC2C(C)=NON=2)=O)CC2=CC=CC=C2)CC1,0.004729007976129651
CC1C(CNC(N(C2CCCC2)C2CC2)=O)=NON=1,0.007092306786216795
CC1C(CNC(N(C2CC2)CC2=CC(C)=C(C)C=C2)=O)=NON=1,0.006138868676498532
COC1=C(N)C=C(NC(CN2CCNCC2)=O)C=C1,0.004347305605188012
CS(N1C[C@@H](C(NC2=CC(N)=C(F)C=C2)=O)CCC1)(=O)=O,0.0024964740325231103
CC(CCC(C(N1CCC(CN)CC1)=O)N)C,0.013867887388914823
CC1C(C(N2CCN(C(CCCC3=CC=CC=C3)=O)CC2)=O)=NOC=1,0.008721465640701354
CCN1N=C(C2CC2)C(C(N2CCN(C(CCCC3=CC=CC=C3)=O)CC2)=O)=C1,0.01023371983319521
O=C(N1CCN(C(CCC2N=NNC=2)=O)CC1)CCCC1=CC=CC=C1,0.004528637556359172
O=C(N1CCN(C(C2C(=O)NCCC2)=O)CC1)CCCC1=CC=CC=C1,0.008528898819349706
CN(C1NC(CNC(NC2CC2)=O)=NN=1)C,0.0023848445096518846
C[C@]1([C@@](CO)(C)CN(C(NC2CCCCCCC2)=O)C1)CO,0.004615416401065886
CCN(C(C1=NN2C(N=CC(=C2)Br)=C1)=O)CC,0.009673351515084505
CCC1(N2CCOCC2)CCN(C(NCCC2C3=C(C=CC=C3)NC=2)=O)CC1,0.003997560183051974
O[C@H]1[C@H]2[C@H](CCN2C(NCCC2C3=C(C=CC=C3)NC=2)=O)CC1,0.0014484303726931102
COC1CC(CO)(C)N(C(NCC(C2=CC(OC)=CC=C2)N2CCCC2)=O)C1,0.00390814368147403
COC1=C(O)C=CC(CNC(N2C(C)CC(F)(F)CC2)=O)=C1,0.0026934357243590056
CC([C@@H]1N(C)CCN(C(NCC2=CC(C(NC3CC3)=O)=CC=C2)=O)C1)C,0.005748196877539158
O=C(N1CC=CC1)NC(C1=CC2=C(OCCO2)C=C1)C1CC1,0.008328752825036645
CC([C@H](C(NC1=CC=C(S(C2CCCC2)(=O)=O)C=C1)=O)NC(C)=O)C,0.0071724324719980356
CCC1(CN(C(NCC2=C(S(NC(C)(C)C)(=O)=O)C=CC=C2)=O)CCC1)O,0.003055089816916734
CC1N(CCNC(N2[C@@H]3[C@@H](CC[C@H]3O)CC2)=O)C2=C(C=CC=C2)C1,0.0027409182774135845
CC1N(CCNC(N2C[C@](CO)(C)[C@](CO)(C)C2)=O)C2=C(C=CC=C2)C1,0.0038089621462859212
CCCC(NC(N1[C@@H]2[C@@H](CC[C@H]2O)CC1)=O)CC,0.0028717970446450634
CCN1N=C(CNC(NCC2=C(N3CCOCC3)C=CC=C2)=O)C=N1,0.004111750167794526
CC1SC=C(CN(C2=CC=C(F)C=C2)C(C2N=NN(C3CC3)C=2)=O)N=1,0.007612271909601986
COCC1(OCCN(C(NCC(CN2C(C)=NC=C2)C)=O)C1)C,0.004065518477000296
CC(CN1C(C)=NC=C1)CNC(N1CC=CC1)=O,0.004232789040543139
CC(C1=CC=C(CNC(NC[C@H]2OCC3=C(C=CC=C3)C2)=O)C=C1)O,0.003112621291074902
CC(C1=CC=C(CNC(N2CC=CC2)=O)C=C1)O,0.0029955962498206647
CC(C1=CC=C(CNC(N2C(C3C(O)CCC(C)C3)CCCC2)=O)C=C1)O,0.004050171968992799
CC1OC(C)C(NC(NC(C2=CC=CC=C2)C2OCCC2)=O)C1,0.0078375066164881
CCC1(CN(C(NC(C2=CC=CC=C2)C2OCCC2)=O)CCC1)O,0.005857830308377743
CC1OC(C)C(NC(NCCC2N=C(C3=CC=C(C)C=C3)OC=2)=O)C1,0.00363946461584419
CC1=CC=C(C2OC=C(CCNC(NC3C4N(N=CC=4)CCC3)=O)N=2)C=C1,0.003779123944696039
C[C@@]12N(C(NCCC(N3CCN(C4=NC=CC=N4)CC3)=O)=O)C[C@@H]1CCCC2,0.004993157961871475
COC1=CC(C(F)(F)F)=C(CNC(N2C[C@]3(CO)[C@@H](CCC3)C2)=O)C=C1,0.002495263039600104
CC(C1N=C(NC([C@@]23CCO[C@@H]2CCC3)=O)SN=1)(C)C,0.009148725541308522
ClC1=C(NC([C@@]23CCO[C@@H]2CCC3)=O)C=C(N2S(=O)(=O)CCC2)C=C1,0.006054040207527578
C[C@]1([C@@](CO)(C)CN(C(NC2CN(C3=CC=CC=C3)CCC2)=O)C1)CO,0.003255848924163729
CCC1C(=O)NC2=C(C=C(C(NC(N3[C@@H]4[C@@H](CC[C@H]4O)CC3)=O)C)C=C2)O1,0.0027925232541747393
COC1CC(CO)(C)N(C(NCC2=C(OC(F)F)C=CC(Cl)=C2)=O)C1,0.001983247569296509
CN(CCOC1=NC=CC(C(N(C2SC=C(C)N=2)C2CC2)=O)=C1)C,0.0077247580513358114
CC(C1ON=C(CC2=CC=CC=C2)N=1)NC(NCC1OC(C)=CC=1)=O,0.0049524188973009585
C[C@]1([C@@](CO)(C)CN(C(NC2C(C)(C)CCCC2)=O)C1)CO,0.004540631861891598
OC[C@@]12CN(C(NCC3=CC(COCC(F)(F)F)=CC=C3)=O)C[C@@H]1CCC2,0.0021734570735134186
COCC(C1CC1)NC(N1C(C2C(O)CCCC2)CCCC1)=O,0.004146234202198684
CCC1(CN(C(NC2CC(C)OCC2)=O)CCC1)O,0.005585675383917988
COCC1(OCCN(C(NC2CCOCCC2)=O)C1)C,0.006346337380819023
COC1CC(CO)(C)N(C(NC2CCOCCC2)=O)C1,0.0033286513295024633
COC1CC(CO)(C)N(C(NCC(C2SC(C)=CN=2)C)=O)C1,0.0024124105693772435
CC1CC(C2N(C(NCC3=C(C)C=NC=C3)=O)CCCC2)C(O)CC1,0.0033107975497841833
FC(OC1=CN=C(CNC(N2CC=CC2)=O)C=C1)F,0.003345662436913699
CC([C@@H]1N(C)CCN(C(NCC2=NC=C(OC(F)F)C=C2)=O)C1)C,0.0034716981812380255
CC1C(CNC(N2C[C@](CO)(C)[C@](CO)(C)C2)=O)=CSC=1,0.002641148812836036
CC1=NOC(C2(C(NC3=C(Br)C(C)=NC=C3)=O)CCOCC2)=C1,0.00879417008254677
CC1SC=C(C2=C(NC(CN3C(C4CC4)=CC(C(F)F)=N3)=O)C=CC=N2)C=1,0.00397847801214084
CC1SC=C(C2=C(NC([C@H]3[C@H](C4CCOCC4)C3)=O)C=CC=N2)C=1,0.006735300540458411
CN1C(=O)N(CC(NC2=C(C3C=C(C)SC=3)N=CC=C2)=O)CC1=O,0.0012722682440653443
CC1SC=C(C2=C(NC(C3N=NN(C4CC4)C=3)=O)C=CC=N2)C=1,0.006012851605191827
CC1SC(C2=C(NC(C3N=NN(C4CC4)C=3)=O)C=CC=N2)=CC=1,0.005942854331806302
CN1N=C(CNC(N2C(C3C(O)CCCC3)CCCC2)=O)C=N1,0.0028190765879116952
NC([C@H]1O[C@@H](C(NC2=C(C3SC(Cl)=CC=3)N=CC=C2)=O)CC1)=O,0.003389927395619452
CC1=NC=C(CNC(N2C[C@](CO)(C)[C@](CO)(C)C2)=O)C(C)=C1,0.0027209384832531215
CCCC1C(CNC(NCC2NC(N(C)C)=NN=2)=O)CCCC1,0.00458827312104404
OC1C(C2N(C(NCC3=CC(F)=C(C#N)C=C3)=O)CCCC2)CCCC1,0.002466342382831499
COC1=C(CNC(N2CC=CC2)=O)N=CC=C1,0.004814623761922121
CC1C(C)C(C)N(C(C2=NN3C(N=CC(=C3)Br)=C2)=O)C1,0.01156099084764719
CCOCN1C(C)=C(CC(C(NCC2=C3C(C=CC=N3)=CC=C2)=O)C)C(C)=N1,0.008837605570442974
CCCN(C(C1=CN(CCN(C)C)N=C1)=O)C(C1=C(OC)C=CC=C1)C,0.013848488498479129
CCCN(C(C1C(C)=NOC=1)=O)C(C1=C(OC)C=CC=C1)C,0.012480181641876698
CCCN(C(CC1OC(C2=CC=CC=C2)=NN=1)=O)C(C1=C(OC)C=CC=C1)C,0.010147052584215999
NCC1CCN(C(CN2N=CC(Cl)=C2)=O)CC1,0.006741938693448901
CC1=C(CC(N2CCC(CN)CC2)=O)N=CN1,0.0037277536815963686
NCC1CCN(C(C2=C(C3CC3)N=CO2)=O)CC1,0.008747438853606581
CN(C(C1=CN(CC2CCCC2)N=C1)=O)CC1N2C(C=CC=C2)=NN=1,0.011353778932243586
CN(C([C@H]1[C@@H](C(F)(F)F)CCCC1)=O)CC1N2C(C=CC=C2)=NN=1,0.004892619636495965
CN(C(C1=NC=NC(N2CCOCC2)=C1)=O)CC1N2C(C=CC=C2)=NN=1,0.005126997060142457
CN(C(C1(C2=NC=CC=C2)CC1)=O)CC1N2C(C=CC=C2)=NN=1,0.010534406499937176
COC1=C(C)C2=C(C(=CO2)CC(N(CC2N3C(C=CC=C3)=NN=2)C)=O)C=C1,0.009327844576910138
CCOCN1C(C)=C(CC(C(N(CC2N3C(C=CC=C3)=NN=2)C)=O)C)C(C)=N1,0.009602649975568056
CN(CCN1N=CC(C(NC2=CC3=C(NC(C4CCC4)=N3)C=C2)=O)=C1)C,0.003925470134709031
O=C(C1=NC=NC(N2CCOCC2)=C1)NC1=CC2=C(NC(C3CCC3)=N2)C=C1,0.0029807585291564465
O=C(C1=NC=NC(N2CCOCC2)=C1)NC1=C(OCC2CCCCC2)C=CC=N1,0.007833512756042183
CN1C(=O)NC=C1C(NC1=C(OCC2CCCCC2)C=CC=N1)=O,0.0042996148113161325
CC1CC2N(C=C(C(NCC3=CC=C(NC(C4=CC=NC=C4)=O)C=C3)=O)N=2)CC1,0.004851101385429502
FC1=CC(OC2=NC=C(CNC(C3C(=O)NCCC3)=O)C=C2)=CC=C1,0.0044258949463255705
CCN1N=C(C2CC2)C(C(NCC2=CN=C(OC3=CC(F)=CC=C3)C=C2)=O)=C1,0.005286988359875977
CN(CCN1N=CC(C(NCCC2=CC(C)=CC=C2)=O)=C1)C,0.009250955889001489
CC([C@H](C(NC1=C(Cl)C=C(Cl)C=C1)=O)NC(C)=O)C,0.006860602973029017
COCC1(OCCN(C(NCC2N=C3N(C=CC=C3)C=2)=O)C1)C,0.003020061564166099
CCOCN1C(C)=C(CC(NCCC2=CC(C)=CC=C2)=O)C(C)=N1,0.008527444768697023
CC1=CC(CCNC(C2=C(C(F)(F)F)C=NN2)=O)=CC=C1,0.0025320355722215026
CC1=CC(CCNC(C2=C(C3OCCC3)NN=C2)=O)=CC=C1,0.006326133501715958
CCC(C1=CC=CC=C1)C(N1CCC(NC(C2=C(OC)C=CC=N2)=O)CC1)=O,0.006591315194964409
CCC(C1=CC=CC=C1)C(N1CCC(NC(C2=C(C(C)(C)C)N=CN2)=O)CC1)=O,0.004045288066845387
CON1CCC(C(N2CCC(C(NC3=CC(C#N)=CC=C3)=O)CC2)=O)CC1,0.0016739342536311597
O=C(C1=C(C2OCCC2)NN=C1)NCC1CCOCC1,0.007297741714864969
COC1=C(C)C(C(NCC2CCOCC2)=O)=CN=C1,0.009217983623966575
CON1CCC(C(NCC2CCOCC2)=O)CC1,0.002342297905124724
CCC1(CN(C(NCC2CN(C3CC3)CC2)=O)CCC1)O,0.006933363480493426
C[C@]1([C@@](CO)(C)CN(C(NCC2=CN(CC3=CC=CC=C3)N=C2)=O)C1)CO,0.0027839235495775937
CC(NC(N1C[C@](CO)(C)[C@](CO)(C)C1)=O)CC1=CSC=C1,0.0028327233158051968
CCC1(CN(C(NC(CC2=CSC=C2)C)=O)CCC1)O,0.004727964592166245
COCCOC1=C(CNC(N2C[C@]3(CO)[C@@H](CCC3)C2)=O)C=CC=C1,0.0025749921216629444
CCS(C1=C(NC(C2N=NN(C3CC3)C=2)=O)C=CC=C1)(=O)=O,0.0059314982267096635
CCS(C1=C(NC(C2N=C3N(CCOC3)C=2)=O)C=CC=C1)(=O)=O,0.0038196387817151845
CN(C1NC(CNC(NCC2=C(C)C=CS2)=O)=NN=1)C,0.0020442877430468798
CC1CN(C(C2=CC(C)=C(NC([C@@]34CCO[C@@H]3CCC4)=O)C=C2)=O)CCC1,0.008893057983368636
CC(N1N=C(CNC(N2[C@]3(C)[C@@H](CCCC3)C2)=O)C=C1)C,0.0068557895720005035
CC(C1=C(C)N(C)N=C1)NC(C1=NN2C(N=CC(=C2)Br)=C1)=O,0.009260077169165016
CCN1C(C(NC2=NN(CC(N3CCOCC3)=O)C=C2)=O)COCC1,0.006901842448860407
CCC1(CN(C(NCCC2N=CSC=2)=O)CCC1)O,0.0034990995191037655
CN1C(CNC(NC2C3C4CC(C23)CC4)=O)=C(C(F)(F)F)C=N1,0.005311768478713929
CC1C(C(N2CCN(C(NC3=CC=C(Cl)C=C3)=O)CCC2)=O)=NOC=1,0.004991210997104645
CN(C1CCN(C(C2C(=O)NCCC2)=O)CC1)CC1=CC(C(F)(F)F)=CC=C1,0.005525252467487007
CC1C(C(NCC2N(C(F)F)C=CN=2)=O)=NOC=1,0.00320052431197837
COC1=C(C(NCC2N(C(F)F)C=CN=2)=O)C(OC)=NC=C1,0.003205265454016626
CC(N(C(C1=NN=CC=C1)=O)CC1=NC=CC=C1)(C)C,0.009608187433332204
CN1N=CC(NC(NC[C@@H]2OCCC2)=O)=C1,0.004371670191176236
CC1=C(F)C=C(Cl)C(NC(C2=NN(C3CCOCC3)C=C2)=O)=C1,0.006029200903140008
CC1=C(F)C=C(Cl)C(NC([C@H]2O[C@@H](C(N)=O)CC2)=O)=C1,0.0044685664353892205
CC1=C(F)C=C(Cl)C(NC(C2N=NN(C3CC3)C=2)=O)=C1,0.005612092127557844
O=C(C1=CN(CC2CCCC2)N=C1)N1CCN(CC2OCCC2)CCC1,0.016295873653143646
CCC(C1=CC=CC=C1)N(C(C1OC(C)=C(CO)C=1)=O)CC,0.006739862845279276
CCC(C1=CC=CC=C1)N(C(CC1OC(C2=CC=CC=C2)=NN=1)=O)CC,0.010771663673222066
CCCCN(C(C1OC(C)=C(CO)C=1)=O)C(C1=CC=CC=C1)C,0.00706478669308126
O=C(C1(C2=NC=CC=C2)CC1)NCCC1SC=CN=1,0.006737082242034375
CC1=C(CO)C=C(C(NCCC2SC=CN=2)=O)O1,0.002879716537427157
CCS(N1CCN(C(C2=C(C3OC=CC=3)NN=C2)=O)CC1)(=O)=O,0.0027727929991669953
CCS(N1CCN(C([C@H]2[C@H](C3CCOCC3)C2)=O)CC1)(=O)=O,0.006615862529724836
CCS(N1CCN(C([C@H]2[C@@H](C(F)(F)F)CCCC2)=O)CC1)(=O)=O,0.004127689084339181
CCS(N1CCN(C(CC2=C3N(CCCC3)N=C2)=O)CC1)(=O)=O,0.005957618588581681
CCS(N1CCN(C(C2CCN(OC)CC2)=O)CC1)(=O)=O,0.0015236418432323263
CCS(N1CCN(C(C2=C(C3OCCC3)NN=C2)=O)CC1)(=O)=O,0.0034237475600093605
CCS(N1CCN(C(C2C(C)=CON=2)=O)CC1)(=O)=O,0.004953307122923434
COCC1=C(C(NCCS(N2CCOCC2)(=O)=O)=O)C=CS1,0.0038740669144317506
FC1=C(C(NCCS(N2CCOCC2)(=O)=O)=O)C=C(Cl)C=C1Cl,0.004401079972740263
CC[C@H]1N(C)CC[C@@H]1C(NCCS(N1CCOCC1)(=O)=O)=O,0.006048175715841353
CN(CCN1N=CC(C(NCCS(N2CCOCC2)(=O)=O)=O)=C1)C,0.00482695761602372
O=C(C1N2C(CCCC2)=CN=1)NCCS(N1CCOCC1)(=O)=O,0.0037500559934414922
CCN(C(C1OC2=C(C=CC(=C2)O)OC1)=O)CCC(F)(F)F,0.00472507428494282
CC(CC1(C(N2CC(CN3CCC(C)CC3)CCC2)=O)C(=O)NCC1)C,0.013436294253915548
CC1CCN(CC2CN(C(C3N(C)C(=O)NC=3)=O)CCC2)CC1,0.004306225024629384
CC1=C(NC(CCC2N=NNC=2)=O)C=CC(C(N2CCCC2)=O)=C1,0.003700053482316434
CC1=C(NC(C2C(=O)NCCC2)=O)C=CC(C(N2CCCC2)=O)=C1,0.007170452340506017
CC1=C(CO)C=C(C(NC2=C(C)C=C(C(N3CCCC3)=O)C=C2)=O)O1,0.004155119089409709
CC1CC2N(C=C(C(NC3=C(C)C=C(C(N4CCCC4)=O)C=C3)=O)N=2)CC1,0.005997026059776545
FC1=CC(N2CCOCC2)=CC(NC(C2(C3=NC=CC=C3)CC2)=O)=C1,0.005506056733429432
CCC1=CC(NC(CNC(C2C(C)OC(C)C2)=O)=O)=CC=C1,0.009817374357953667
CCC1=CC(NC(CNC(C2C(C)=CN(C3CCOCC3)N=2)=O)=O)=CC=C1,0.007243877672590315
CCC1=CC(NC(CNC(C2N=C3N(CCC(C3)C)C=2)=O)=O)=CC=C1,0.005013521551154554
CCC1=CC(NC(CNC(C2C(=O)NCCC2)=O)=O)=CC=C1,0.006623580888845027
CCC1=CC(NC(CNC(C2=CN(CC3CC3)N=C2)=O)=O)=CC=C1,0.0075439477106556295
CN(CCN1N=CC(C(NCCC(N2CCCCCC2)=O)=O)=C1)C,0.009200868383049964
CN(C(CNC(N1[C@]2(C)[C@@H](CCCC2)C1)=O)=O)C,0.006354933511465788
COC1CC(CO)(C)N(C(NCC(N(C)C)=O)=O)C1,0.002644951915135607
COC1CC(CO)(C)N(C(NC(C2=CC=CC=C2)CC(C)C)=O)C1,0.0038318702834658326
CCC(NC(C1=CC(CNC(N2CC(CC)(O)CCC2)=O)=CC=C1)=O)C,0.0049921520287171004
COCC1(OCCN(C(NCC2C(C)=NNC=2)=O)C1)C,0.0027211061213165523
CC(CN(C(C1=NN2C(N=CC(=C2)Br)=C1)=O)C1CC1)C,0.012268726201727986
C[C@]1([C@@](CO)(C)CN(C(NCCC2C3=C(C=CC=C3)SC=2)=O)C1)CO,0.002450429811142385
COC1=C(OCCC(C)C)C=CC(C(NC(N2CC=CC2)=O)C)=C1,0.010526444995775819
O=C(N1CC=CC1)NCCCN1C(=O)N2C(CCCC2)=N1,0.004355408868286758
C[C@]1([C@@](CO)(C)CN(C(NCC2C3=C(C=CC=C3)C2)=O)C1)CO,0.0032639091252349315
OC1C(C2N(C(NCC3C4=C(C=CC=C4)C3)=O)CCCC2)CCCC1,0.003904844995122403
CC(CN1N=CC=C1)CNC(N1C(C2C(O)CCC(C)C2)CCCC1)=O,0.003327001037541777
CC(CN1N=CC=C1)CNC(N1CC=CC1)=O,0.0053317479090765115
BrC1=CN2C(=CC(C(NC3C(=O)NCCCC3)=O)=N2)N=C1,0.0064555605640634894
CC1=CC(C(CNC(N2C[C@]3(CO)[C@@H](CCC3)C2)=O)(C)C)=CC=C1,0.0037470010807737707
C[C@]1([C@@](CO)(C)CN(C(NCC2=CC=C(OC3CCCC3)C=C2)=O)C1)CO,0.003730421990621835
COC1CC(CO)(C)N(C(NCC2=CC=C(OC3CCCC3)C=C2)=O)C1,0.0037386060575954616
CC1=C(C2(CC2)CNC(N2[C@@H]3[C@@H](CC[C@H]3O)CC2)=O)C=CC=C1,0.003036936721764505
COCC1(OCCN(C(NCC2=C(N3CCN(C)CC3)C=CC=C2)=O)C1)C,0.0059650321025401356
CC([C@@H]1N(C)CCN(C(NCCC2=CC=C(NC(C)=O)C=C2)=O)C1)C,0.004602857027202844
COC1CC(CO)(C)N(C(NCCC2=C(OC)C=CC(Cl)=C2)=O)C1,0.002572159469127655
CCC1(CN(C(NC(CCC2N(C)C=CC=2)C)=O)CCC1)O,0.005667621409520507
CN(C1N(C)C(CNC(N2[C@]3(C)[C@@H](CCCC3)C2)=O)=CN=1)C,0.004279710154514759
CN(C1N(C)C(CNC(N2C(C3C(O)CCCC3)CCCC2)=O)=CN=1)C,0.002301867544883862
CCC(C1=CC=NC=C1)N(C(C1=NN2C(N=CC(=C2)Br)=C1)=O)CC,0.011128519661724567
OC1C(C2N(C(NC3CC4=C(C=NN4)CC3)=O)CCCC2)CCCC1,0.0024720383109524844
COC1CC(CO)(C)N(C(NC2CC3=C(C=NN3)CC2)=O)C1,0.002152892336016521
C[C@@]12N(C(NC3CC4=C(C=NN4)CC3)=O)C[C@@H]1CCCC2,0.004748329240828753
CCC(CNC(N1[C@@H]2[C@@H](CC[C@H]2O)CC1)=O)(CC)CC,0.0036134370253421365
NC([C@H]1O[C@@H](C(NC2=C(F)C=C(Br)C=C2F)=O)CC1)=O,0.006318040890619159
CC([C@@H]1N(C)CCN(C(NC2CC3(CCOCC3)OCC2)=O)C1)C,0.008380312868393958
COC1=C(C(C2OC=CC=2)NC(N2[C@@H]3[C@@H](CC[C@H]3O)CC2)=O)C=CC=C1,0.002588020486291498
CCC1(C(OC)C(C)C1NC(N1C[C@](CO)(C)[C@](CO)(C)C1)=O)CC,0.004678252071607858
O=C(N1CC=CC1)NCC1OC2(CCOCC2)OC1,0.007184935500845313
OC1C(C2N(C(NCC3OC4(CCOCC4)OC3)=O)CCCC2)CCCC1,0.004558521218132228
COC1CC(CO)(C)N(C(NCC2OC3(CCC(C)CC3)OC2)=O)C1,0.0044341783970594404
O=C(C1=NN=CC=C1)N(C1=NC=CC=C1)C1CCCC1,0.007484114426188171
O=C(C1N=C2N(CCOC2)C=1)N(C1=NC=CC=C1)C1CCCC1,0.0061345011694356796
CN(CCOC1=NC=CC(C(NC2N(C3=NC=CC(C)=C3)N=CC=2)=O)=C1)C,0.006086394633166492
COC1CC(CO)(C)N(C(NCCCC2OCCCC2)=O)C1,0.0034921293030492962
CC1=CC(Br)=C(NC(C2N=C3N(CCOC3)C=2)=O)N=C1,0.0045505486195907
CC1=CC(Br)=C(NC([C@@]23CCO[C@@H]2CCC3)=O)N=C1,0.009258318180218338
OC[C@@]12CN(C(NCC3CCN(CC(F)(F)F)CC3)=O)C[C@@H]1CCC2,0.002181180234765634
O[C@H]1[C@H]2[C@H](CCN2C(NCC2CCN(CC(F)(F)F)CC2)=O)CC1,0.0019364871666766703
CC1OC(C)C(C(NC2N3C(C=CC(=C3)Cl)=NC=2C)=O)C1,0.004766144114546478
CC1=C(NC([C@@]23CCO[C@@H]2CCC3)=O)N2C(C=CC(=C2)Cl)=N1,0.004906068602576852
CC1=C(NC(C2=NN(C3CCOCC3)C=C2)=O)N2C(C=CC(=C2)Cl)=N1,0.004145366267766804
CCN1C(C(NC2N3C(C=CC(=C3)Cl)=NC=2C)=O)COCC1,0.003380513662705198
CCOC(C(NC1N2C(C=CC(=C2)Cl)=NC=1C)=O)C1CC1,0.004798959684558212
CCC1(CN(C(NC(C2N=C(C)ON=2)C)=O)CCC1)O,0.003690580604597926
CC(C1N=C(C)ON=1)NC(N1[C@@H]2[C@@H](CC[C@H]2O)CC1)=O,0.002010693188640289
CC1=C(Cl)C=CC(CCNC(N2C[C@]3(CO)[C@@H](CCC3)C2)=O)=C1,0.0029741166858002544
FC1=C(NC([C@@]23CCO[C@@H]2CCC3)=O)C=C(C2=NNC=N2)C=C1,0.004150227992795408
CCO[C@H]1[C@H](NC(N2C(CO)(C)CC(OC)C2)=O)CCC1,0.0032185385120101274
CC1=CN=C(C(CNC(N2CCN(C3=CC(O)=CC=C3)CC2)=O)(C)C)C=C1,0.0027745425701141357
CC1=CN=C(C(CNC(N2C(C3N(C)C=CC=3)CCC2)=O)(C)C)C=C1,0.007421901286579669
CC1C2N(C=CC=2)CCN1C(NCC(C1=NC=C(C)C=C1)(C)C)=O,0.007299083634279668
CN(CCOC1=NC=CC(C(NC2(COC2)CS(C)(=O)=O)=O)=C1)C,0.005335768847726285
CCC1=C(C(NC2(COC2)CS(C)(=O)=O)=O)C=C(F)C=C1,0.00489102911669761
CS(CC1(NC(C2=CC=C(C3CCOCC3)C=C2)=O)COC1)(=O)=O,0.006994833517819643
CS(CC1(NC(C2=C(C3CC3)NC(C3CC3)=C2)=O)COC1)(=O)=O,0.004968161648139358
CS(CC1(NC(C2=C3C(C=CS3)=CC=N2)=O)COC1)(=O)=O,0.0035244317376054825
CS(CC1(NC(C2C=C(C(F)(F)F)SC=2)=O)COC1)(=O)=O,0.002671554370317608
CN(CCN(C(C1C(=O)NCCC1)=O)CC1=CC=CC=C1)C,0.008747576666064561
CN(CCN(C(C1N(C)C(=O)NC=1)=O)CC1=CC=CC=C1)C,0.00340307152364403
O=C(C1=NC=NC(N2CCOCC2)=C1)NC1=NNC=C1,0.0027252985979430377
CN(CCN(C(C1C(=O)NCCC1)=O)CC1=CC=C(F)C=C1)C,0.006354569038376212
CC(CN(C(C1N(C)C(=O)NC=1)=O)C1CCCC1)C,0.004772911686450243
CC(CN(C(C1OC(C)=C(CO)C=1)=O)C1CCCC1)C,0.008073135139420628
CC(CN(C(C[C@H]1C(=O)NC2=C(C=CC=C2)C(=O)N1)=O)C1CCCC1)C,0.01081752460449934
O=C(NCC1=CC(CN2C3=C(C=CC=C3)N=C2)=CC=C1)CC1=C2N(CCCC2)N=C1,0.007512763980776072
CC1=CC(Cl)=C(NC(CNC(C2N(CC3CCC3)N=CC=2)=O)=O)C=C1,0.007048871158622206
COCC1=C(C(NCC(NC2=C(Cl)C=C(C)C=C2)=O)=O)C=CS1,0.0050087648443877695
CC1OC(C)C(C(NCC(NC2=C(Cl)C=C(C)C=C2)=O)=O)C1,0.008267866889946162
CC1CC2N(C=C(C(NCC(NC3=C(Cl)C=C(C)C=C3)=O)=O)N=2)CC1,0.004305153153836727
CN(CCN1N=CC(C(NCC(NC2=C(Cl)C=C(C)C=C2)=O)=O)=C1)C,0.00604865908389911
CN1C2=C(C=CC=C2)N=C1NC(C1N2C(CCCC2)=NC=1C(F)F)=O,0.003927444224245846
CC1=NN(C2CCOCC2)C(C(NC2N(C)C3=C(C=CC=C3)N=2)=O)=C1,0.0045737492386251685
CN1C2=C(C=CC=C2)N=C1NC([C@H]1[C@@H](C2=CC=CC=C2)OCCO1)=O,0.004976176761556417
CN1C(C(NC2N(C)C3=C(C=CC=C3)N=2)=O)=C(C2CCC2)C=N1,0.005051926779560745
CN1C2=C(C=CC=C2)N=C1NC([C@H]1[C@@H](N2C(=O)CCC2)CCCC1)=O,0.005638552375603467
CN1N=C(C2CCC2)C(C(NC2N(C)C3=C(C=CC=C3)N=2)=O)=C1,0.005307340202853084
CN1C2=C(C=CC=C2)N=C1NC(C1(OCCCC1)C)=O,0.00497613576008007
CC1=NC(C2CC2)=C(C(NC2N(C)C3=C(C=CC=C3)N=2)=O)C=C1,0.005373872455675155
CCN1C(=O)C[C@H](C(NC2N(C)C3=C(C=CC=C3)N=2)=O)[C@H]1C1=CN=CC=C1,0.004747206997126341
CN1C2=C(C=CC=C2)N=C1NC([C@@H]1N(C(C2=CC=CC=C2)=O)CCC1)=O,0.004478681762702763
COC(C(NC1N(C)C2=C(C=CC=C2)N=1)=O)(C1CC1)C,0.005459416040685028
CN1C2=C(C=CC=C2)N=C1NC(C1(OCC2=CC=CC=C2)CCOCC1)=O,0.005641687533352524
CCCN1C(C)=C(C(NC2N(C)C3=C(C=CC=C3)N=2)=O)C(C)=N1,0.005250972346402705
CC(C1=C(C(NC2N(C)C3=C(C=CC=C3)N=2)=O)N=CO1)C,0.004121632245369255
CN1C2=C(C=CC=C2)N=C1NC(C1N(S(C2SC=CC=2)(=O)=O)CCC1)=O,0.002889524505008012
CN1C2=C(C=CC=C2)N=C1NC(C1N(C(CC(C)(C)C)=O)CCC1)=O,0.005313839879818261
FC(C1=C(C(NCCCC2=CC(Cl)=CC=C2)=O)NN=C1)(F)F,0.002162861841497943
CC1C(C(NCCCC2=CC(Cl)=CC=C2)=O)=NN(C2CCOCC2)C=1,0.007853370276279747
CC1C(C(NCC(C2=CC(Cl)=CC=C2)(C)C)=O)=NN(C2CCOCC2)C=1,0.009328833222389222
COC1=C(C)C(C(N(C2CCNCC2)C)=O)=CN=C1,0.007547638937830925
NS(C1OC(CN2CC3=C(C=CC=C3)CC2)=CC=1)(=O)=O,0.006749008223414421
CN(CC1=CC(O)=CC=C1)CC1=C(C2CC2)N(C2=CC=CC=C2)N=N1,0.005686826724559069
O=C(N1CCCCCC1)CCNC(C1=CC=C(C2CCOCC2)C=C1)=O,0.010439675021916627
COC1=C(C(NCC2=CC(N(C)C)=CC=C2)=O)C(OC)=NC=C1,0.005412652110680938
CN(C1=CC(CNC(CC2=C3N(CCCC3)N=C2)=O)=CC=C1)C,0.008442991320043803
CN(C1=CC(CNC(C2OC3=C(C=CC(=C3)O)OC2)=O)=CC=C1)C,0.004563210159540176
CN(C1=CC(CNC(C2C(=O)NCCC2)=O)=CC=C1)C,0.005940328841097653
CN(C1=CC(CNC(C2OC(C)=C(CO)C=2)=O)=CC=C1)C,0.0036956675001420082
CN(C1=CC(CNC(CCC2N=NNC=2)=O)=CC=C1)C,0.0034790236153639854
COCC1=C(C(N(CC2OC=CC=2)CCC#N)=O)C=CS1,0.005654190549648774
CC1OC(C)C(C(N(CC2OC=CC=2)CCC#N)=O)C1,0.008388431804269203
O=C(C1=CN(CC2CCCC2)N=C1)N(CC1OC=CC=1)CCC#N,0.008998032415547641
COC1=C(C(N(CC2OC=CC=2)CCC#N)=O)N=CC=C1,0.005701701108364432
CON1CCC(C(N(CC2OC=CC=2)CCC#N)=O)CC1,0.0016938332092195196
FC(C1=C(C(N(CC2OC=CC=2)CCC#N)=O)NN=C1)(F)F,0.0022565018240129574
COCC1=C(C(NCC(NC2=CC(C)=C(Br)C=C2)=O)=O)C=CS1,0.0066198099870234724
CC1=C(C(N2CCCC2)=O)C=CC=C1NC(C1N(CC2CCC2)N=CC=1)=O,0.008562473906204104
CC1=C(C(N2CCCC2)=O)C=CC=C1NC(C1OC2=C(C=CC(=C2)O)OC1)=O,0.004294794099405408
COC1=C(C)C(C(NC2=C(C)C(C(N3CCCC3)=O)=CC=C2)=O)=CN=C1,0.00747764294501394
CC1=C(C(N2CCCC2)=O)C=CC=C1NC(C1=NOC(CO)=C1)=O,0.00386529496172443
CC1=C(C(N2CCCC2)=O)C=CC=C1NC(C1C(=O)NCCC1)=O,0.007078293175436556
CC1=C(C(N2CCCC2)=O)C=CC=C1NC(C1N2C(CCCC2)=CN=1)=O,0.005945828626863658
CCC1=C(C(NC2=C(N3CCC(C(N)=O)CC3)C=CC=C2)=O)C=C(F)C=C1,0.005328488093800843
CC1OC(C)C(C(NC2=C(N3CCC(C(N)=O)CC3)C=CC=C2)=O)C1,0.008629348268732429
CC1C(C)C(NC(NCC2N(C)N=CC=2C(F)(F)F)=O)CCC1,0.005134235112927854
CC1C(C)C(NC(NC(C2N(C)C=CN=2)C2N(C)C=CN=2)=O)CCC1,0.005090057582128793
CC1N=C(N(C2=CC=CC=C2)C(C2N=NN(C3CC3)C=2)=O)SC=1,0.008791756792925298
COC1CC(CO)(C)N(C(NC(C2=C(OC)C=CC=C2)C2N(C)C=CN=2)=O)C1,0.0023400357109494506
CC1OC(C(N2CCOCC2)CNC(N2C[C@](CO)(C)[C@](CO)(C)C2)=O)=CC=1,0.003352902864571661
CC1OC(C(N2CCOCC2)CNC(N2[C@@H]3[C@@H](CC[C@H]3O)CC2)=O)=CC=1,0.002608459605835378
CC(C1=C(C)SC(C)=C1)NC(N1C[C@](CO)(C)[C@](CO)(C)C1)=O,0.0031045097042806447
C[C@@]12N(C(NCC3=CC(C(N)=O)=CC=C3)=O)C[C@@H]1CCCC2,0.004776123689953238
CC1CC(C2N(C(NCC3=CC(C(N)=O)=CC=C3)=O)CCCC2)C(O)CC1,0.0026056397473439574
O[C@H]1[C@H]2[C@H](CCN2C(NCC2SC=CN=2)=O)CC1,0.001498426409671083
CCC1(CN(C(NC(C2=CC(N3C(=O)CCC3)=CC=C2)C)=O)CCC1)O,0.0045804068678990005
C[C@]1([C@@](CO)(C)CN(C(NCCOC2=C(C3=CC=CC=C3)C=CC=C2)=O)C1)CO,0.0027212695684283974
OC[C@@]12CN(C(NCC3=C(Cl)C=CC=C3F)=O)C[C@@H]1CCC2,0.002345143927959725
NC([C@H]1O[C@@H](C(N(C2=CC=C(F)C=C2)CC2=CN=CC=C2)=O)CC1)=O,0.004580166446976364
C[C@]1([C@@](CO)(C)CN(C(NCC2=CC=C(OC3CCCCC3)C=C2)=O)C1)CO,0.003972388652618975
CCN1C(C(NC2=CC=C(C(N(CC=C)CC=C)=O)C=C2)=O)COCC1,0.007694197027012706
CCC1=NC=NC(N2CC(NC(N3C[C@]4(CO)[C@@H](CCC4)C3)=O)CCC2)=C1,0.0026569729670882225
CCC1=NC=NC(N2CC(NC(N3C(CO)(C)CC(OC)C3)=O)CCC2)=C1,0.0025710918474942447
FC(C1=C(C(NCC2NC(C3=CC=CC=C3)=CN=2)=O)N2C(CCCC2)=N1)F,0.002661781758069992
O=C(C1=CC=C(C2CCOCC2)C=C1)NCC1NC(C2=CC=CC=C2)=CN=1,0.003889932530000806
CC[C@H]1N(C)CC[C@@H]1C(NCC1NC(C2=CC=CC=C2)=CN=1)=O,0.0033825314312707633
O=C(C1C(=O)NCCC1)NCC1NC(C2=CC=CC=C2)=CN=1,0.0027694930031429976
CCOCN1C(C)=C(CC(NCC2NC(C3=CC=CC=C3)=CN=2)=O)C(C)=N1,0.003640178602654487
COCCN1N=CC(C(N(CCC2=CC=NC=C2)C)=O)=C1,0.0097708810120821
CN(C(C1N(C)C(=O)NC=1)=O)CCC1=CC=NC=C1,0.0029155769036151467
CCOCN1C(C)=C(CC(NC2=C(C)ON=C2C)=O)C(C)=N1,0.006903778272680938
CC1C(NC(C2OC3=C(C=CC(=C3)O)OC2)=O)=C(C)ON=1,0.005052031576633453
CC1C(NC(C2=CN(CC3CCCC3)N=C2)=O)=C(C)ON=1,0.010580862546339631
OC[C@@]12CN(C(NCCC3OC4=C(C=CC=C4)C=3)=O)C[C@@H]1CCC2,0.002583400590810925
COCC(C1OC=CC=1)NC(N1CC(COC)(C)OCC1)=O,0.004965213034301997
CC(C(C1=CN=CC=C1)CNC(N1C(C2C(O)CCCC2)CCCC1)=O)C,0.0037302238983102144
CCC1N(C(C2(C3ON=C(C)C=3)CCOCC2)=O)CC2=C(C=CC=C2)N(C)C1,0.012092023203149439
CN(C(C1(C2ON=C(C)C=2)CCOCC1)=O)C1CCC(C)(C)CC1,0.019118364062160255
OC[C@@]12CN(C(NC3CC4(COCC4)OCC3)=O)C[C@@H]1CCC2,0.003496295341756195
COCC1(OCCN(C(NC2CC3(COCC3)OCC2)=O)C1)C,0.00710706664249301
O=C(N1CC=CC1)NC1CC2(COCC2)OCC1,0.007572198193520308
O=C(NC1CC2(COCC2)OCC1)NCC1=C2C(COCC2)=CC=C1,0.006722073466517031
C[C@]1([C@@](CO)(C)CN(C(NC(C2=CC=CC=C2)CC2CCC2)=O)C1)CO,0.004192865744698793
COC1=C(C(NCC2N(C(F)F)C=CN=2)=O)N=CC=C1,0.003304905793629587
CC(C1=C(C(NCC2N(C(F)F)C=CN=2)=O)NC=N1)(C)C,0.0019416587660089136
FC(N1C(CNC(C2(C3=NC=CC=C3)CC2)=O)=NC=C1)F,0.0031215593335218728
COC1=C(C)C2=C(C(=CO2)CC(NCC2N(C(F)F)C=CN=2)=O)C=C1,0.002979554154444486
CC(C1=NC=CC=C1)N(C(CCC1N=NNC=1)=O)C,0.00437511681811884
CCC1(CN(C(NCC2COCCC=2)=O)CCC1)O,0.0054637434426695105
ClC1=C2C(SC(=N2)NC(C2=NN(C3CCOCC3)C=C2)=O)=CC=C1,0.005902674607932567
CC(N(C(C1=NN2C(N=CC(=C2)Br)=C1)=O)C)CN1CCOCC1,0.00987499663606286
COC1CC(CO)(C)N(C(NC2CC(C3N(C)C=CN=3)OCC2)=O)C1,0.0022743241395801308
CN1C(C2OCCC(NC(N3C(C4C(O)CCCC4)CCCC3)=O)C2)=NC=C1,0.0026353010325692594
CCC1N=C(NC(C2(C3ON=C(C)C=3)CCOCC2)=O)OC=1,0.0053098557982593775
CN(C1NC(CNC(NC2CC(C)(C)C2)=O)=NN=1)C,0.0031359573302324863
CNCC1CN(C(C2(COCCC2)CN)=O)CCC1,0.010176180861890316
CCC(C(OC)CN1CC(CNS(C)(=O)=O)CCC1)C,0.007010340644046664
CS(NCC1CN(CC2=C(OCCCCO)C=CC=C2)CCC1)(=O)=O,0.0026421470334753393
CN1C(CN2CC(CNS(C)(=O)=O)CCC2)=C2C(CCCC2)=N1,0.007076248805969953
CC(CCC(C(N1CC(CN)CCC1)=O)N)C,0.013133919890969991
CC1=C(CC(N2CC(CN)CCC2)=O)N=CN1,0.0036056766926776617
COC1=C(C(N2CC(CN)CCC2)=O)N=CC(C)=C1,0.008641589805483818
NCC1CN(C(CC2=C3C(CNCC3)=CC=C2)=O)CCC1,0.009076595958322286
CCN1N=C(C2CC2)C(C(NC2=C(N3CCC(C(N)=O)CC3)C=CC=C2)=O)=C1,0.007267420669086278
CC(CC1N(C(CC2OC(C3=CC=CC=C3)=NN=2)=O)CCC1)C,0.009704330051317812
CN1CC2N(N=C(C=2)NC(C2N3C(CCCC3)=NC=2C(F)F)=O)CC1,0.004724533308763057
CN1CC2N(N=C(C=2)NC(C2=C(C3OCCC3)NN=C2)=O)CC1,0.005728031066246331
CCC1=C(C(NC2=NN3C(CN(CC3)C)=C2)=O)C=C(F)C=C1,0.006604664726182818
COC1=CC(Cl)=C(C(NC2=NN3C(CN(CC3)C)=C2)=O)C(F)=C1,0.006676195980980992
CN1CC2N(N=C(C=2)NC(CN2N=C(C(F)(F)F)C(C)=C2)=O)CC1,0.005190329649485648
CN1CC2N(N=C(C=2)NC(CC2=C3C(C=NC=C3)=CC=C2)=O)CC1,0.006773476651869714
CC([C@H](C(NC1=NN2C(CN(CC2)C)=C1)=O)NC(C)=O)C,0.007927133701741695
CN1CC2N(N=C(C=2)NC(CN2C(C)=CC=N2)=O)CC1,0.006762711727060377
CN1CC2N(N=C(C=2)NC(C2=C(F)C(C(F)F)=CC=C2)=O)CC1,0.005129696615040302
CCN1N=C(C)C(C(NC2=NN3C(CN(CC3)C)=C2)=O)=C1,0.008058626344427467
CN1CC2N(N=C(C=2)NC(C2=CC=C(C(N3CCOCC3)=O)C=C2)=O)CC1,0.0073234632844105365
CN1CC2N(N=C(C=2)NC(C2=CC(C)=C(OC(F)(F)F)C=C2)=O)CC1,0.004499039868824184
CN1CC2N(N=C(C=2)NC(C2C=C(C(F)(F)F)SC=2)=O)CC1,0.004227732180152088
CN1CC2N(N=C(C=2)NC(C2CC(=O)N(C3=CN(C)N=C3)C2)=O)CC1,0.008843945525586604
CN1CC2N(N=C(C=2)NC(CN2N=C(C(F)F)C=C2)=O)CC1,0.004448015242815018
CN1CC2N(N=C(C=2)NC(C2=NC(N3CCOCC3)=NC=C2)=O)CC1,0.005130978277884423
CN1CC2N(N=C(C=2)NC(CC2N=CSC=2)=O)CC1,0.005684594460763037
CN1CC2N(N=C(C=2)NC(C2(CC(=C)C2)C)=O)CC1,0.011877170344814659
CN1CC2N(N=C(C=2)NC(C2(C3=NC=CC=C3)CC2)=O)CC1,0.0091641110368073
C[C@@H](C(NC1=NN2C(CN(CC2)C)=C1)=O)OC1=C(Cl)C=C(Cl)C=C1,0.007366291456855833
CN1CC2N(N=C(C=2)NC(C2(C3=CC=CC=C3)C(C)(C)C2)=O)CC1,0.012050793692469596
CN1CC2N(N=C(C=2)NC(C2=C(C(F)(F)F)N(C3=NC=CC=C3)N=C2)=O)CC1,0.004966566257644444
COC(C(NC1=NN2C(CN(CC2)C)=C1)=O)C1CCC1,0.010871260426938534
CN1CC2N(N=C(C=2)NC(C2=CC(NCC3=NC=CC=C3)=CC=C2)=O)CC1,0.006971558090299368
CN1CC2N(N=C(C=2)NC([C@H]2[C@H](C3=C(C)C=CC=C3)C2)=O)CC1,0.009246823168359697
CN1CC2N(N=C(C=2)NC(C(NC(C)=O)CC(C)=C)=O)CC1,0.007096030656248331
CN1CC2N(N=C(C=2)NC(C2=C(F)C=CC(N3N=NC=C3)=C2)=O)CC1,0.005328874546103179
CN1CC2N(N=C(C=2)NC(CCCC2=CN=CC=C2)=O)CC1,0.008072004397399723
CN1CC2N(N=C(C=2)NC(C2=CC3=C(COCC3)C=C2)=O)CC1,0.008903765818104148
CN1CC2N(N=C(C=2)NC(CN2C(=O)N(C)C(C)=N2)=O)CC1,0.005383003992028535
CN1CC2N(N=C(C=2)NC(CC2N=C3N(CCCC3)C=2)=O)CC1,0.006349664647132158
CN(CCN1C2=C(C=CC(C(NC3=NN4C(CN(CC4)C)=C3)=O)=C2)NC1=O)C,0.0032099773292429746
CN1CC2N(N=C(C=2)NC([C@H]2[C@H]3C=C[C@H](CC3)C2)=O)CC1,0.009869132773019373
CC(N1C=NC=C1)CC(NC1=NN2C(CN(CC2)C)=C1)=O,0.005308613949455321
CN1CC2N(N=C(C=2)NC(C2=C3C(OCCCO3)=CC=C2)=O)CC1,0.008894388796761632
CN1CC2N(N=C(C=2)NC(C2N=NN(C3CCC3)C=2)=O)CC1,0.007057728315703571
CC(N1N=CC(Br)=C1)CC(NC1=NN2C(CN(CC2)C)=C1)=O,0.009698699647560715
CN1CC2N(N=C(C=2)NC(C2=C(C(C)(C)C)N=CN2)=O)CC1,0.003775979520287365
CC1=CC=C(C(N2CCCC2)CNC(C2C(=O)NCCC2)=O)C=C1,0.010346887446939946
CC1C(NC(N2C[C@](CO)(C)[C@](CO)(C)C2)=O)CCCC1,0.00375789386453107
CCC1=C(NC(C2N=NN(C3CC3)C=2)=O)C(CC)=C(Cl)C=C1,0.007182621350511909
CCC1=C(NC(C2N=C3N(CCOC3)C=2)=O)C(CC)=C(Cl)C=C1,0.004599942895583809
CC1=CC(Cl)=C(NC(C2N=NN(C3CC3)C=2)=O)C(C)=C1,0.006600075401365757
CN1C2=C(C=CC=C2)N=C1CNC(NC[C@H]1OCC2=C(C=CC=C2)C1)=O,0.0038735144888050856
CC1N(C(NCC2N(C)C3=C(C=CC=C3)N=2)=O)CCC(F)(F)C1,0.0026861028221901507
CNS(CC1=CC=C(CNC(N2C[C@]3(CO)[C@@H](CCC3)C2)=O)C=C1)(=O)=O,0.0017421992553863675
CN(CCOC1=CC=C(CNC(NCC2NC(N(C)C)=NN=2)=O)C=C1)C,0.0031190440757200124
OC[C@@]12CN(C(NCC3=CC(OCC4=NC=CC=C4)=CC=C3)=O)C[C@@H]1CCC2,0.002562737505650148
CC(C1=CC=C(OCC(NC2CC2)=O)C=C1)NC(N1[C@@H]2[C@@H](CC[C@H]2O)CC1)=O,0.0030678699200507253
CCC1(CN(C(NC(C2=CC=C(OCC(NC3CC3)=O)C=C2)C)=O)CCC1)O,0.005474371719174087
COC1CC(CO)(C)N(C(NC(C2=C(OC(C)C)C=CC=C2)C)=O)C1,0.003652099461760372
CCN(C(C1=NN2C(N=CC(=C2)Br)=C1)=O)CC(C)=C,0.01098079951480031
CCCN(C(C1=NN2C(N=CC(=C2)Br)=C1)=O)CC1CC1,0.012187954410910607
O[C@H]1[C@H]2[C@H](CCN2C(NC2CCN(CC3CC3)CC2)=O)CC1,0.0028027534717693925
OC1C(C2N(C(NC3CCN(CC4CC4)CC3)=O)CCCC2)CCCC1,0.0052352957660332326
CCC1(CN(C(NCCCN2C(C)=NC=C2)=O)CCC1)O,0.0024232404888607562
CNC(C1=CC(NC(C2CCN(C(C)C)CC2)=O)=C(Cl)C=C1)=O,0.007445147819817066
CNC(C1=CC(NC(C2=NN(C3CCOCC3)C=C2)=O)=C(Cl)C=C1)=O,0.006279773730784655
CNC(C1=CC(NC(C2N=C3N(CCOC3)C=2)=O)=C(Cl)C=C1)=O,0.003212788118980825
OC[C@@]12CN(C(NCCC3=NN(C4=CC=CC=C4)C=C3)=O)C[C@@H]1CCC2,0.0024499446968548
ClC1=CC=C(N(C(C2=NN(C3CCOCC3)C=C2)=O)CC2=NC=CC=C2)C=C1,0.008428055443800986
FC1=CC=C(N(C(C2=NN(C3CCOCC3)C=C2)=O)CC2=NC=CC=C2)C=C1,0.007210424868389964
CC([C@H](C(NC1=C(OCC2OCCCC2)C=CC=C1)=O)NC(C)=O)C,0.00907500395551324
CCC1(CN(C(NC2CCN(CCCOC)CC2)=O)CCC1)O,0.005863632238470018
COCCCN1CCC(NC(N2C[C@](CO)(C)[C@](CO)(C)C2)=O)CC1,0.003336581028997898
CC(C1=NC(NC(C2=NN=CC=C2)=O)=CC(C)=N1)C,0.004950778465718031
CC(C1=NC(NC(C2N=NN(C3CC3)C=2)=O)=CC(C)=N1)C,0.00600585131905973
COC1=CC(OC)=C([C@@H](NC(NC(C2N=C(C)ON=2)(C)C)=O)C)C=C1,0.005003263079561293
COC1CC(CO)(C)N(C(NCCC2C3=C(C=CC(=C3)OC)NC=2)=O)C1,0.0017567824048455804
CC(C1=CC=CC=C1)N1CCC(NC(NCC2NC(N(C)C)=NN=2)=O)CC1,0.002691113098990172
CN(C1NC(CNC(NCC2=C(OCC3CC3)C=CC=C2)=O)=NN=1)C,0.0033999194856733084
COC1CC(CO)(C)N(C(N[C@H](C2=C(F)C=C(F)C=C2)C)=O)C1,0.0021938672638498248
CCN1N=C(CNC(NCC2SC(C3=CC=CC=C3)=NN=2)=O)C=N1,0.0037289458443410693
CC(C1SC(C#N)=C(NC(C2N=NN(C3CC3)C=2)=O)C=1)(C)C,0.005586589279118925
CC(C1SC(C#N)=C(NC(C2=NN=CC=C2)=O)C=1)(C)C,0.005681287159677595
C[C@]1([C@@](CO)(C)CN(C(NC2C3(CCOCC3)CCC2)=O)C1)CO,0.004383060324471444
C[C@]1([C@@](CO)(C)CN(C(NCC2CCC(F)(F)CC2)=O)C1)CO,0.002493260969640687
BrC1=CC2=C(OCCN2C(C2N=NN(C3CC3)C=2)=O)C=C1,0.008693561982363462
FC1(C#N)CN(C(C2=NN3C(N=CC(=C3)Br)=C2)=O)CC1,0.004033743575399739
CC1=C(C2ON=C(CNC(N3CC=CC3)=O)N=2)C=CC=C1,0.004653213149867952
CC(CCNC(N1[C@@H]2[C@@H](CC[C@H]2O)CC1)=O)=C,0.0020863125362666326
O=C(C1=NN(C2CCOCC2)C=C1)NC1=NSN=C1,0.007039053039625287
COC1CC(CO)(C)N(C(NC2=CN(C(C)C)N=C2)=O)C1,0.0023960441816598178
CC(N1N=CC(NC(N2C[C@@H]3[C@@H](COC3)C2)=O)=C1)C,0.0044207310420461
CCC1(CN(C(NCC2=CC(COCC3OCCC3)=CC=C2)=O)CCC1)O,0.0061341512482613325
CC(C1=C(C(N2CCN(CC3OCCC3)CCC2)=O)NC=N1)(C)C,0.005752139305695891
CN(CCN(C(C1=C(C(F)(F)F)C=NN1)=O)CC1OC(C)=CC=1)C,0.003691982931923121
CN(CCN(C(C1N(C)C(=O)NC=1)=O)CC1OC(C)=CC=1)C,0.0037312525091692805
CN(CCN(C(C1=CN(CC2CC2)N=C1)=O)CC1OC(C)=CC=1)C,0.014870371017605067
CCN1N=C(C2CC2)C(C(N(CC2OC(C)=CC=2)CCN(C)C)=O)=C1,0.014256989443674683
CC1C(C(NC2=C(NCC(F)(F)F)C=CC=C2)=O)=NN(C2CCOCC2)C=1,0.005233138182666153
FC(CNC1=C(NC(CCC2N=NNC=2)=O)C=CC=C1)(F)F,0.002045190695207566
CN1C(=O)NC=C1C(NC1(C2=CC(Br)=CC=C2)CCOCC1)=O,0.0036572093958966434
COCCN1N=CC(C(N(CC2=C(F)C=C(F)C=C2)CCN(C)C)=O)=C1,0.007633604714646936
COCCN1N=CC(C(N(CC2=CC(C(F)(F)F)=CC=C2)CCN(C)C)=O)=C1,0.007399025373160839
CN(CCN(C(C1=NC=NC(N2CCOCC2)=C1)=O)CC1=CC(F)=CC=C1)C,0.006143878935836256
CN(CCN(C(C1C(=O)NCCC1)=O)CC1=CC(F)=CC=C1)C,0.006154628423973918
CN(CCN1N=CC(C(N(CC2=CC(C#N)=CC=C2)CC=C)=O)=C1)C,0.008152851858176291
CC1C(C(N(CC2=CC(C#N)=CC=C2)CC=C)=O)=NN(C2CCOCC2)C=1,0.008264934085309506
CC1=C(C(N(CC2=CC(C#N)=CC=C2)CC=C)=O)SC(C2COCC2)=N1,0.006871152529492974
C=CCN(C(C1=CN(CC2CCCC2)N=C1)=O)CC1=CC(C#N)=CC=C1,0.009631062392145395
CCN1C(C)=C(C(N2CCC(C(NCCC3SC=CC=3)=O)CC2)=O)C=N1,0.0064978697570040825
CCOCN1C(C)=C(CC(C(NC(C2=CC(OCC)=CC=C2)C)=O)C)C(C)=N1,0.010984525410458445
CC1=NOC(C2(C(NCCN)=O)CCOCC2)=C1,0.009143816260620951
NCCNC(C1C2=C(C=CC(=C2)Cl)C1)=O,0.011236144299618899
CC(C1=C(C(NCCN)=O)NC=N1)(C)C,0.004466190468519926
NCCNC(C1=CN(CC2CCCC2)N=C1)=O,0.010943819675594569
CCC1=C(C(NCCN)=O)C=C(F)C=C1,0.007143435534089804
NCCCNC(C1=CN(C2CC2)N=C1)=O,0.010270681232213974
CC(NCC1CN(CC2N(C)N=C3C=2CCCC3)CCC1)=O,0.01192067270167172
CS(NCC1CN(CC2N(CC3CCC3)N=CC=2)CCC1)(=O)=O,0.005873054545372724
CC(C1=C(C(NCC2CNCCC2)=O)NC=N1)(C)C,0.004027757910080254
O=C(NCC1CNCCC1)CC1=C2N(CCCC2)N=C1,0.00817837230861187
CC1(C(N2CC(CN)CCC2)=O)C(=O)NC2=C(C=CC=C2)O1,0.008129627304151654
NCC1CN(C(C2=CN(CC3CCCC3)N=C2)=O)CCC1,0.012427561823278666
CCOC1CC(C(NCC2NCCCC2)=O)C1,0.010614316910505295
CCN1N=CC(CC(NCC2NCCCC2)=O)=C1,0.006432367535308003
NCCCNC(C1C2=C(C=CC(=C2)Cl)C1)=O,0.010101478802971542
CCOCN1C(C)=C(CC(NCC(C2=CC=C(C)C=C2)N2CCCC2)=O)C(C)=N1,0.009434907510876656
CCN1N=C(C2CC2)C(C(NC2=C(C(NCC3=CN=CC=C3)=O)C=CC=C2)=O)=C1,0.007504164590500295
O=C([C@@]12CCO[C@@H]1CCC2)NCC1=CN=C(N2C3=C(C=CC=C3)N=C2)C=C1,0.005418463400565088
CON1CCC(C(NCC2=CN=C(N3C4=C(C=CC=C4)N=C3)C=C2)=O)CC1,0.001104073427268304
O=C(C1C(=O)NCCC1)NCC1CCN(CC2SC=CC=2)CC1,0.007425611512735486
FC(C1=C(C(NCC2CCN(CC3SC=CC=3)CC2)=O)NN=C1)(F)F,0.002732664381619543
CC([C@@H]1N(C)CCN(C(NCC2N(C)C3=C(C=CC=C3)N=2)=O)C1)C,0.003606496099382639
ClC1=C(C#N)C=CC(NC(C2=NN(C3CCOCC3)C=C2)=O)=C1,0.005144662887323648
COC1=C(C)C2=C(C(=CO2)CC(NC2CN(CC(F)(F)F)CC2)=O)C=C1,0.004203797742957249
FC(CN1CC(NC(C2=CC=C(C3N=CNC=3)C=C2)=O)CC1)(F)F,0.001848270630580373
CC1C(C(NC2CN(CC(F)(F)F)CC2)=O)=CON=1,0.003955243791278917
CCOCN1C(C)=C(CC(NC2CN(CC(F)(F)F)CC2)=O)C(C)=N1,0.00408137260528747
FC(CN1CC(NC(CCC2=NNN=N2)=O)CC1)(F)F,0.0016553225916140946
FC(CN1CC(NC(C2=CN(CC3CC3)N=C2)=O)CC1)(F)F,0.00500908115063794
FC(C1=C(C(NCCN2S(=O)(=O)CCC2)=O)N2C(CCCC2)=N1)F,0.00279910156968981
CC1CCN(C2=NC=C(CNC(N3C[C@]4(CO)[C@@H](CCC4)C3)=O)C=C2)CC1,0.0027078786049969496
CCN(C1=NC=C(CNC(N2[C@@H]3[C@@H](CC[C@H]3O)CC2)=O)C=C1)CC,0.002197400634759106
COC1CC(CO)(C)N(C(NCC2(C3=CC=CC=C3)CCOCC2)=O)C1,0.0036574368830770256
C[C@@]12N(C(NCC3=CC(S(N)(=O)=O)=CC=C3)=O)C[C@@H]1CCCC2,0.004033825139049441
CC([C@@H]1N(C)CCN(C(NCC2=CC(S(N)(=O)=O)=CC=C2)=O)C1)C,0.0030422911746427416
O[C@H]1[C@H]2[C@H](CCN2C(NCC2=CC(CN3CCOCC3)=CC=C2)=O)CC1,0.002486872905865312
CCOC1=C(OC2=NC=C(CNC(N3[C@@H]4[C@@H](CC[C@H]4O)CC3)=O)C=C2)C=CC=C1,0.002580108164693229
COC1CC(CO)(C)N(C(NCC2=C(C)C=C(C)C=C2)=O)C1,0.0030945347738452257
CCOC1=C(OC(F)F)C=CC(CNC(N2[C@@H]3[C@@H](CC[C@H]3O)CC2)=O)=C1,0.002295087993843481
C[C@]1([C@@](CO)(C)CN(C(NC2CC(=O)N(C3=CC=CC=C3)C2)=O)C1)CO,0.0031246749858837575
CC(NC(N1[C@@H]2[C@@H](CC[C@H]2O)CC1)=O)CC(C1=CC=CC=C1)(C)C,0.003387042402755469
CN1CCN(C2=C(CNC(N3[C@@H]4[C@@H](CC[C@H]4O)CC3)=O)C=CC=N2)CC1,0.0020273559435736387
CCC1(CN(C(NCC(C2=CC(F)=CC=C2)N2CCOCC2)=O)CCC1)O,0.004119163670111448
CN(CCOC1=NC=CC(C(NC2=C(CN3CCOCC3)C=CC=C2)=O)=C1)C,0.00596327087841928
C[C@]1([C@@](CO)(C)CN(C(NCCN2CC(C)(C)OCC2)=O)C1)CO,0.0036230158526450395
COC1CC(CO)(C)N(C(NCCN2CC(C)(C)OCC2)=O)C1,0.0034483841387555002
CC(NC(N1C[C@](CO)(C)[C@](CO)(C)C1)=O)CC1=C(Cl)C=C(Cl)C=C1,0.0031733754323795436
CC1=C(C(CNC(N2C[C@]3(CO)[C@@H](CCC3)C2)=O)(C)C)C=CC=C1,0.003732564824167639
COC1CC(CO)(C)N(C(NCC(C2=C(C)C=CC=C2)(C)C)=O)C1,0.00371716566151008
CC(NCC1CCN(C(C2=NN3C(N=CC(=C3)Br)=C2)=O)CC1)=O,0.006008150218985975
CC(NC1=CC(OCCNC(N2CC=CC2)=O)=CC=C1)=O,0.003552062704693526
CN(CCOC1=NC=CC(C(NC2=C(C)C=C(C(N3CCCC3)=O)C=C2)=O)=C1)C,0.006601623725146055
CCCN(C(C1(C2ON=C(C)C=2)CCOCC1)=O)CC(F)F,0.007557958783581853
CC1=NOC(C2(C(NC3=C(C)C(C(N4CCCC4)=O)=CC=C3)=O)CCOCC2)=C1,0.008363334252499044
C[C@]1([C@@](CO)(C)CN(C(NCC2SC=C(C(F)(F)F)N=2)=O)C1)CO,0.0019248515774961561
O=C(N1CC=CC1)NCCC1SC(S(N2CCCCC2)(=O)=O)=CC=1,0.0033590668463148177
CCC1(CN(C(NCCC2=NN(C3=CC=C(F)C=C3)C=C2)=O)CCC1)O,0.003198896755930036
OC[C@@]12CN(C(NCCC3=NN(C4=CC=C(F)C=C4)C=C3)=O)C[C@@H]1CCC2,0.002092660800553858
CC(OCCN1CCC(NC(N2C(C3C(O)CCCC3)CCCC2)=O)CC1)C,0.005279594287276268
C[C@]1([C@@](CO)(C)CN(C(NCC2CC(C(F)(F)F)CCC2)=O)C1)CO,0.0030430895996687466
OC[C@@]12CN(C(NCCOC3=C(Cl)C=CC=N3)=O)C[C@@H]1CCC2,0.0016658494423609227
OC[C@@]12CN(C(NCC3=C(Br)SC=C3)=O)C[C@@H]1CCC2,0.0026469893055036664
CC(C1=CSC=C1)NC(N1C[C@]2(CO)[C@@H](CCC2)C1)=O,0.002708193112630397
CC(C1=CSC=C1)NC(NCC1NC(N(C)C)=NN=1)=O,0.0021664837782736867
CN(C1NC(CNC(NCC2SC=C(C)C=2)=O)=NN=1)C,0.0020560348115395755
CN1N=C(CNC(NCC2C(=O)NC3=C(CCC3)C=2)=O)C(Cl)=C1,0.003479674330446869
COC(C1=CC=CC=C1)(CNC(N1[C@@H]2[C@@H](CC[C@H]2O)CC1)=O)C,0.0024596582166850566
CCOC1=CC=C(CC(CNC(N2[C@@H]3[C@@H](CC[C@H]3O)CC2)=O)C)C=C1,0.003035885578719899
CC1=NC=C(CCNC(N2[C@@H]3[C@@H](CC[C@H]3O)CC2)=O)N=C1,0.001961633563041687
CC1=NC=C(CCNC(N2C(C3C(O)CCCC3)CCCC2)=O)N=C1,0.00328507034573704
CC1CC(C2N(C(NCC3=CC=C(CC#N)C=C3)=O)CCCC2)C(O)CC1,0.0022711003955919297
COC1CC(CO)(C)N(C(NCC2=CC=C(CC#N)C=C2)=O)C1,0.001746519875814556
O[C@H]1[C@H]2[C@H](CCN2C(NCC2=CC=C(CC#N)C=C2)=O)CC1,0.0013821360636939062
FC1(CC(CNC(C2=NN3C(N=CC(=C3)Br)=C2)=O)C1)F,0.006343231303617358
CNC(C1CCC(NC(C2=CN(CC3CC3)N=C2)=O)CC1)=O,0.009780375706031918
CN1CC(CO)N(CC2C(C)=CNN=2)CC1,0.0028952674474567175
CC(C1=C(C(NCC2NCCCC2)=O)NC=N1)(C)C,0.0038476815214380624
O=C(C1=CN(CC2CCCC2)N=C1)NCC1NCCCC1,0.010322876647114754
COC1=C(C)C(C(N2C[C@H](N)CC2)=O)=CN=C1,0.009761101007461548
CC1CC2N(C=C(C(NC3CN(CC(F)(F)F)CC3)=O)N=2)CC1,0.0030831612020847388
FC(CN1CCC(NC(CC2OC(C3=CC=CC=C3)=NN=2)=O)CC1)F,0.003410424222238362
COC1=C(C)C(C(NC2CCN(CC(F)F)CC2)=O)=CN=C1,0.004567883571144194
FC(CN1CCC(NC(C2=CN(CC3CCCC3)N=C2)=O)CC1)F,0.006340418313629925
FC(CN1CCC(NC(C2N(CC3CCC3)N=CC=2)=O)CC1)F,0.005677694291807711
CC(C1ON=C(C)N=1)NC(C1N2C(CCCC2)=CN=1)=O,0.0053552927100099625
CC[C@H]1N(C)CC[C@@H]1C(NC(C1ON=C(C)N=1)C)=O,0.008669202355667949
CC(C1ON=C(C)N=1)NC(C1=C(C)N=C(C2COCC2)S1)=O,0.006307143764570355
FC(C1=C(C(N2CCC(CCN3CCOCC3)CC2)=O)NN=C1)(F)F,0.0038094036164693533
CN1C(=O)NC=C1C(N1CCC(CCN2CCOCC2)CC1)=O,0.0033691308461129667
O=C(C1N2C(CCCC2)=CN=1)NCC1OCC2N(CCC2)C1,0.006524599506519735
O=C(C1=C(CC#N)C=CC=C1)NCC1OCC2N(CCC2)C1,0.005980333575462282
O=C(NCC1OCC2N(CCC2)C1)C[C@H]1C(=O)NC2=C(C=CC=C2)C(=O)N1,0.007690656161867082
COC1=C(C)C(C(NCC2OCC3N(CCC3)C2)=O)=CN=C1,0.00830065058544278
OC1=C2C(C=CC=C2C(NCC2OCC3N(CCC3)C2)=O)=CC=C1,0.004861451429314911
CN(C1NC(CNC(NCC2=CC(C(F)(F)F)=CC=C2)=O)=NN=1)C,0.001666389819001779
OC[C@@]12CN(C(NCC3=CC(C(F)(F)F)=CC=C3)=O)C[C@@H]1CCC2,0.0020362173672765493
OC[C@@]12CN(C(NCCC3=CC4=C(OCO4)C=C3)=O)C[C@@H]1CCC2,0.0028661125455982984
CCOC1=C(CNC(N2C[C@](CO)(C)[C@](CO)(C)C2)=O)C=C2C(CC(O2)C)=C1,0.003318977198796347
OC[C@@]12CN(C(NCC3N=C(C4SC=CC=4)OC=3)=O)C[C@@H]1CCC2,0.0015222493500914424
COC1CC(CO)(C)N(C(NCC2=CN=C(N3CCCCCC3)C=C2)=O)C1,0.0030708118341863156
CCOC1=C(NC(C2=CC(OCCN(C)C)=NC=C2)=O)C=CC=N1,0.005836270889267326
CCCCOC1=C(NC(C2(C3ON=C(C)C=3)CCOCC2)=O)C=C(OC)C=C1,0.008584696892648935
CCCN1C2=C(C=C(C=C2)NC(C2OC(C)=C(CO)C=2)=O)C=C1,0.003886851936113089
CCCN1C2=C(C=C(C=C2)NC(C2C(C)=CON=2)=O)C=C1,0.007651023054495454
CC1OC(C)C(C(NC2=C(OC3=CC=CC=C3)C=CN=C2)=O)C1,0.008094072062522172
CC1OC(C)C(C(NC2=CC3=C(N(C=C3)CC(N3CCOCC3)=O)C=C2)=O)C1,0.007541049411520362
CC1=C(CO)C=C(C(NC2=CC3=C(N(C=C3)CC(N3CCOCC3)=O)C=C2)=O)O1,0.002972449886146933
O=C(C1=CN(CC2CCCC2)N=C1)NC1=CC=C(C2NC=CN=2)C=C1,0.00376280756900087
O=C(NC1=CC=C(C2NC=CN=2)C=C1)CC1=C2N(CCCC2)N=C1,0.0030263439868576823
CC1(C(NC2=CC=C(C3NC=CN=3)C=C2)=O)CC(=C)C1,0.0035414515470620243
CC([C@@H]1N(C)CCN(C(NC2CCN(C(C3=CC=C(C)C=C3)=O)CC2)=O)C1)C,0.0061692982912063595
CC1N=C(CCCNC(N2C[C@]3(CO)[C@@H](CCC3)C2)=O)ON=1,0.0022012241824995726
CC1N=C(CCCNC(N2[C@@H]3[C@@H](CC[C@H]3O)CC2)=O)ON=1,0.0018677409447263927
CCC1(CN(C(NCCC2ON=C(C(C)C)N=2)=O)CCC1)O,0.003962479322217405
CC(C1N=C(CCNC(N2C(C3C(O)CCC(C)C3)CCCC2)=O)ON=1)C,0.0034319301252253354
C[C@@]12N(C(NCC3NN=C(C4=CC=C(F)C=C4)N=3)=O)C[C@@H]1CCCC2,0.003203260770533234
COCC1(OCCN(C(NCC2NN=C(C3=CC=C(F)C=C3)N=2)=O)C1)C,0.0022566906292922793
CCC1CC(NC(N2C[C@](CO)(C)[C@](CO)(C)C2)=O)CCC1,0.004112496098969132
CCC(C1=C(F)C=CC(F)=C1)NC(N1CC(COC)(C)OCC1)=O,0.004666104633361101
CCC1=C(NC(C2=CC(OCCN(C)C)=NC=C2)=O)C=CN=C1,0.006020974298007786
COC1CC(CO)(C)N(C(NCC(OC2=C(OC)C=CC=C2)C)=O)C1,0.00352147159865126
C[C@@]12N(C(NCC3=NOC=C3)=O)C[C@@H]1CCCC2,0.006053934060037136
C[C@@]12N(C(NC3C(=O)N(C4CCOCC4)CC3)=O)C[C@@H]1CCCC2,0.007417324115522206
CC1(CCOCC1)CNC(N1[C@@H]2[C@@H](CC[C@H]2O)CC1)=O,0.0027513739332789555
COC1=CC2=C(OCCN2C(C2=CC(OCCN(C)C)=NC=C2)=O)C=C1,0.007729400345124304
CN(CCOC1=NC=CC(C(N2C3=C(C(=CC=C3)Cl)OCC2)=O)=C1)C,0.0071860770229250194
COCC1=C(C(NC2N(C)N=CN=2)=O)C=CS1,0.004210301698185504
CC1=NOC(C2(C(N3C4=C(C=CC=C4F)CC3)=O)CCOCC2)=C1,0.008548586978577077
BrC1=CN2C(=CC(C(NC(C3CCCCC3)C#N)=O)=N2)N=C1,0.0068660233605776
O[C@H]1[C@H]2[C@H](CCN2C(NC2CC(C3=CC=CC=C3)CCC2)=O)CC1,0.0034235425875522195
CC(CC1OCCC(NC(C2=NN3C(N=CC(=C3)Br)=C2)=O)C1)C,0.010014860378578305
BrC1=CN2C(=CC(C(NCC3OC4(CCOCC4)OC3)=O)=N2)N=C1,0.008706777729094029
CC(S(N1CCC(NC(N2C[C@]3(CO)[C@@H](CCC3)C2)=O)CC1)(=O)=O)(C)C,0.0021083434694446623
COC1CC(CO)(C)N(C(NC2CCN(S(C(C)(C)C)(=O)=O)CC2)=O)C1,0.002271028910763562
COC1CC(CO)(C)N(C(NCC2CN(CC3=CC=CC=C3)CC2)=O)C1,0.003704743413254619
COC1=NC(C(F)(F)F)=C(NC(C2N=NN(C3CC3)C=2)=O)C=C1,0.004341270716395229
CC(C1CCC1)(CNC(N1C[C@]2(CO)[C@@H](CCC2)C1)=O)C,0.004455971193965525
O[C@H]1[C@H]2[C@H](CCN2C(NCC2=C(C(F)(F)F)C=CN=C2)=O)CC1,0.0013133279295288957
COC1=CC(CC(C(N2CCN(C(C)=O)CC2)=O)N)=CC=C1,0.008962194994091987
COC1=CC(C(C(N2CCN(CC3ON=C(C)C=3)CC2)=O)N)=CC=C1,0.009369437862187625
COC1=CC(C(C(N2CCN(C(C)=O)CCC2)=O)N)=CC=C1,0.01044862731359899
COC1=CC(C(C(N2CCN(CC3=CC=CC=C3)CCC2)=O)N)=CC=C1,0.01173602482303977
COC1=CC(C(C(N2CC(C3=CC=C(F)C=C3)OCC2)=O)N)=CC=C1,0.008316032099537551
COC1=CC(C(C(N(CC2=C(C)ON=C2C)C)=O)N)=CC=C1,0.011609320109710098
CC1=NOC(C2N(C(CC3=C4C(CNCC4)=CC=C3)=O)CCC2)=C1,0.010437714122235774
COC1=CC(CC(C(N2C[C@H](N)CC2)=O)N)=CC=C1,0.010207056859508156
COC1=C(C(NC2N(C)N=C(CC(C)C)C=2)=O)C(OC)=NC=C1,0.006704266322776676
COC1=C(C(NC2N(C)N=C(CC(C)C)C=2)=O)N=CC=C1,0.007224049558863044
CC(CC1=NN(C)C(NC(C2N3C(C=CC=C3)=CN=2)=O)=C1)C,0.004016580386087298
CC(CC1=NN(C)C(NC(C2=C(C3OCCC3)NN=C2)=O)=C1)C,0.0056528083747252825
OC1=C(NC(C2=CN(CC3CCCC3)N=C2)=O)C=CC=N1,0.0066106623038649556
OC1=C(NC(CC2=C3N(CCCC3)N=C2)=O)C=CC=N1,0.005993605055846274
OC1=C(NC(C2=CC=C(C3CCOCC3)C=C2)=O)C=CC=N1,0.005338583188131451
CC[C@H]1N(C)CC[C@@H]1C(NC1=C(O)N=CC=C1)=O,0.005902401241473854
CC1CC2N(C=C(C(NC3=C(O)N=CC=C3)=O)N=2)CC1,0.004152703750878573
CCOCN1C(C)=C(CC(NC2=C(O)N=CC=C2)=O)C(C)=N1,0.005144488159567117
CCOC(C(NC1=NN(CCN(C)C)C=C1)=O)(C)C,0.0084947993978858
CCC1=C(C(NC2=NN(CCN(C)C)C=C2)=O)C=C(F)C=C1,0.0061231327941641215
CON1CCC(C(NC2=NN(CCN(C)C)C=C2)=O)CC1,0.0017339040292426943
CN(CCN1N=C(NC(CC2OC(C3=CC=CC=C3)=NN=2)=O)C=C1)C,0.006243952503427863
CCN1N=C(C2CC2)C(C(NC2=NN(CCN(C)C)C=C2)=O)=C1,0.009175962815061212
C[C@]1([C@@](CO)(C)CN(C(NCCOC2=C(F)C=CC=C2)=O)C1)CO,0.002664403454400599
CCC1(CN(C(NCCN2C3=C(C=CC=C3)N=C2C)=O)CCC1)O,0.0028027105727232993
FC1=CC(C2N=C(NC(C3=NN(C4CCOCC4)C=C3)=O)SC=2)=C(F)C=C1,0.005154434870928526
CC1=C(F)C=CC(CNC(N2C[C@]3(CO)[C@@H](CCC3)C2)=O)=C1,0.002364910254254937
CNS(C1SC(CNC(N2C[C@H](C(C)C)N(C)CC2)=O)=CC=1)(=O)=O,0.002322598418686539
CCCCOC1=C(OC)C=C(CNC(N2[C@@H]3[C@@H](CC[C@H]3O)CC2)=O)C=C1,0.002970327949151397
CC1=C(NC(C2CN(CC3=CC=CC=C3)CC2)=O)C=C(S(C)(=O)=O)C=C1,0.006624389067292213
COC1CC(CO)(C)N(C(NC(C2=CC(OCC3=NC=CC=C3)=CC=C2)C)=O)C1,0.0028136121109128
CCC1(CN(C(NCC2=CC(OC)=C(C)C=C2)=O)CCC1)O,0.004556135949678719
COC1=C(C)C=CC(CNC(N2C[C@](CO)(C)[C@](CO)(C)C2)=O)=C1,0.0030407412676140668
CN(CCOC1=NC=CC(C(N(C2=NC=CC=C2)CC2OC=CC=2)=O)=C1)C,0.007326807826757431
CC(CCOC1CCN(C(C2=NN3C(N=CC(=C3)Br)=C2)=O)CC1)C,0.010345837101340294
C[C@]1([C@@](CO)(C)CN(C(NCC2=CC(F)=C(Br)C=C2)=O)C1)CO,0.0028247998212464153
CNS(C1=CC(C(NC(N2C(C)CC(F)(F)CC2)=O)C)=CC=C1)(=O)=O,0.002560022089164704
CNS(C1=CC(C(NC(N2CC=CC2)=O)C)=CC=C1)(=O)=O,0.003230259893462062
O[C@H]1[C@H]2[C@H](CCN2C(NCC2(C3=CC=C(Cl)C=C3)CC2)=O)CC1,0.0025745712511707096
O[C@H]1[C@H]2[C@H](CCN2C(NC2CCN(C3=NC=C(C#N)C=C3)CC2)=O)CC1,0.0015226035102386959
COC1CC(CO)(C)N(C(NCC2(C3=C(Cl)C=CC=C3)CCOCC2)=O)C1,0.003401667403522879
CC(C1=C(Cl)C(Cl)=CC=C1)NC(N1C[C@](CO)(C)[C@](CO)(C)C1)=O,0.0032217377913184462
CC1N(C(NCCCC2=CC=C(O)C=C2)=O)CCC(F)(F)C1,0.0019168782804626972
COCC1(OCCN(C(NCCCC2=CC=C(O)C=C2)=O)C1)C,0.0027451042202301323
OC1C(C2N(C(NCCCC3=CC=C(O)C=C3)=O)CCCC2)CCCC1,0.0019874619145412
C[C@]1([C@@](CO)(C)CN(C(NCCOC2CCCCCC2)=O)C1)CO,0.0040979099227115515
CC(C1=C(C)ON=C1C)NC(C1=NN2C(N=CC(=C2)Br)=C1)=O,0.008137157512828707
CC(C1=C(Cl)C=CC=C1F)NC(N1C[C@]2(CO)[C@@H](CCC2)C1)=O,0.0027206358849070967
CC1N(C2CC2)CC(NC(N2C[C@]3(CO)[C@@H](CCC3)C2)=O)C1,0.0038457717397250234
CCC1(CN(C(NC2CN(C3CC3)C(C)C2)=O)CCC1)O,0.0066458136076107625
COC1(CCC1)CNC(N1C(C2C(O)CCC(C)C2)CCCC1)=O,0.00422660302137956
CC(C1COCCC1)NC(N1[C@@H]2[C@@H](CC[C@H]2O)CC1)=O,0.002741636720020324
CC1=C(C#N)C=CC=C1NC([C@@]12CCO[C@@H]1CCC2)=O,0.008326608315110206
COC1=CC2=C(N(C(=N2)CNC(N2CC=CC2)=O)C)C=C1,0.003796130302362144
COC1=CC2=C(N(C(=N2)CNC(N2[C@@H]3[C@@H](CC[C@H]3O)CC2)=O)C)C=C1,0.0016113602818222717
C[C@]1([C@@](CO)(C)CN(C(NCC2=CC=C(C3CCC3)C=C2)=O)C1)CO,0.003791198192629963
CCC(CNC(N1C[C@](CO)(C)[C@](CO)(C)C1)=O)(C)C,0.003641930979210883
CC1C(NC(NCC2NC(N(C)C)=NN=2)=O)C2=C(C=CC=C2)O1,0.00305062715196982
CCC(OC)(CNC(N1[C@@H]2[C@@H](CC[C@H]2O)CC1)=O)CC,0.002883829263737425
CCC(OC)(CNC(N1C(C2C(O)CCCC2)CCCC1)=O)CC,0.004658078635111451
OC[C@@]12CN(C(NCC3C(F)(F)CCC3)=O)C[C@@H]1CCC2,0.002613044244935736
CCC1=C(NC(C2N=NN(C3CC3)C=2)=O)C(CC)=CC(C)=C1,0.009489234350621701
CCC1=C(NC([C@H]2O[C@@H](C(N)=O)CC2)=O)C(CC)=CC(C)=C1,0.008128123311325907
CC1=C(Br)C(NC(C2N=C3N(CCOC3)C=2)=O)=C(F)C=C1,0.004843944474123419
COC1CC(CO)(C)N(C(NCC2=NC=C(C)C=C2)=O)C1,0.002381551283178851
CC1=CN=C(CNC(N2C[C@]3(CO)[C@@H](CCC3)C2)=O)C=C1,0.0024546986969653517
CC1N(C2CCOCC2)N=C(C(NC2=C(F)C(Br)=CC=C2)=O)C=1,0.008065668120980262
CC1=C(C(F)(F)F)N=CC(NC(C2=NN(C3CCOCC3)C=C2)=O)=C1,0.004944675939623266
CC1C(C(NC2=CC(C)=C(C(F)(F)F)N=C2)=O)=CON=1,0.0038714016671292486
CC1=C(C(F)(F)F)N=CC(NC(C2=CC(N3C(=O)CCC3)=CN=C2)=O)=C1,0.003969921788666397
CCC(C(NC1=CC(C)=C(C(F)(F)F)N=C1)=O)(C#N)CC,0.003073245128052804
CC1=C(C(F)(F)F)N=CC(NC(C2C(Cl)=CN(C)N=2)=O)=C1,0.004439550067763776
CC1=C(C(F)(F)F)N=CC(NC(C2CN(C(C3=CC=CC=C3)=O)CC2)=O)=C1,0.004385524918325246
CC1=C(C(F)(F)F)N=CC(NC(C2=CN(C3CC3)N=C2)=O)=C1,0.004411982512101531
O=C(C1CC1)NC1C2C(=NSN=2)C=CC=1,0.007240259950049221
CC(N1C(CC(NC2C3C(=NSN=3)C=CC=2)=O)C2=C(C=CC=C2)CC1)=O,0.007464039139449596
CC1=NN(CCC(NC2C3C(=NSN=3)C=CC=2)=O)C(C)=C1,0.006208630604669451
CCOCC(NC1C2C(=NSN=2)C=CC=1)=O,0.005585074122063815
O=C(C1CN(C(C2CC2)=O)CCC1)NC1C2C(=NSN=2)C=CC=1,0.00644642161205411
O=C(N1CCC(C(NC2C3C(=NSN=3)C=CC=2)=O)CC1)CCC1=CC=CC=C1,0.0064486968098208305
CN(C(N1CCC(C(NC2C3C(=NSN=3)C=CC=2)=O)CC1)=O)C,0.003382561798207462
O=C(C1=C(N2CCCCC2)N=CC=C1)NC1C2C(=NSN=2)C=CC=1,0.0049934376263991
CCCCS(N1CCC(C(NC2C3C(=NSN=3)C=CC=2)=O)CC1)(=O)=O,0.004436649510171265
O=C(NC1C2C(=NSN=2)C=CC=1)COC1CCCC1,0.007620472298003733
CC(C(N1CC(C(NC2C3C(=NSN=3)C=CC=2)=O)CCC1)=O)(C)C,0.006874877889640629
CC(C(NC1C2C(=NSN=2)C=CC=1)=O)OCC1CC1,0.007527997298166156
CC(C(NC1C2C(=NSN=2)C=CC=1)=O)OCC1OCCCC1,0.007598265237174928
CC(C1=C(C)ON=C1C)C(NC1C2C(=NSN=2)C=CC=1)=O,0.006734287133440375
FC(CCC(NC1C2C(=NSN=2)C=CC=1)=O)(F)F,0.00322459141316358
COC1=CC(C(C(N2CCC(N)CC2)=O)N)=CC=C1,0.009433378139510751
CCC1=C(C(N2CC(C(NCCN)=O)CCC2)=O)C=C(F)C=C1,0.005784524278715253
CS(N1C[C@@H](C(N2C[C@H](N)CC2)=O)CCC1)(=O)=O,0.005672966479323804
CC1=NC(C2CC2)=C(C(N2C[C@H](N)CC2)=O)C=C1,0.012246238021180033
N[C@H]1CN(C(CN2N=CC(Cl)=C2)=O)CC1,0.007727839425206185
CC1=C(CC(N2C[C@H](N)CC2)=O)N=CN1,0.0038650838658213617
CNC1CN(C([C@@H]([C@@H](OCC2=CC=CC=C2)C)N)=O)CC1,0.008984508621506394
COC1=C(CC(N2CCC(NC(C3(C4=NC=CC=C4)CC3)=O)CC2)=O)C=CC=C1,0.007739248080179095
COC1=C(CC(N2CCC(NC(C3=C(OC)C=CC=N3)=O)CC2)=O)C=CC=C1,0.005991784832440316
COC1=C(CC(N2CCC(NC(C3N4C(C=CC=C4)=CN=3)=O)CC2)=O)C=CC=C1,0.0041442145011387765
BrC1=CC(C2OCCN(C(C3C(=O)NCCC3)=O)C2)=CC=C1,0.00896002072840929
BrC1=CC(C2OCCN(C(CCC3=NNN=N3)=O)C2)=CC=C1,0.0037381764501333236
CC1CC2N(C=C(C(NCC3CCN(S(C)(=O)=O)CC3)=O)N=2)CC1,0.003713588835671544
CS(N1CCC(CNC(C2(C3=NC=CC=C3)CC2)=O)CC1)(=O)=O,0.005145440623164177
COC1=C(C(NCC2CCN(S(C)(=O)=O)CC2)=O)N=CC=C1,0.0043984866235405205
COC1=C(C)C(C(NCC2CCN(S(C)(=O)=O)CC2)=O)=CN=C1,0.004324870626442134
CS(N1CCC(CNC(C2=C(F)C(Cl)=CC(Cl)=C2)=O)CC1)(=O)=O,0.004882260353770107
CS(N1CCC(CNC(C2=CC=C(C3CCOCC3)C=C2)=O)CC1)(=O)=O,0.006164630828425288
CC1OC(C)C(C(NCC2CCN(S(C)(=O)=O)CC2)=O)C1,0.006307875574566424
CS(N1CCC(CNC(C2=CC3=C(C=CC=N3)C=C2)=O)CC1)(=O)=O,0.0035157512174919248
CCOC(C(N1CCN(C2=C3C(C=CC=C3)=NC=C2C#N)CC1)=O)(C)C,0.006030835211277008
COCC1=C(C(N2CCN(C3=C4C(C=CC=C4)=NC=C3C#N)CC2)=O)C=CS1,0.004552102496381849
CC1(C(N2CCN(C3=C4C(C=CC=C4)=NC=C3C#N)CC2)=O)CC(=C)C1,0.006453995988704264
CCOCN1C(C)=C(CC(C(NC2=NN(CC3=CC=NC=C3)C=C2)=O)C)C(C)=N1,0.008446974959224463
CC1C(C(NC2=NN(CC3=CC=NC=C3)C=C2)=O)=NN(C2CCOCC2)C=1,0.007413927442394197
CC1OC(C)C(C(NC2=NN(CC3=CC=NC=C3)C=C2)=O)C1,0.008048069337382913
FC(C1=C(C(NC2=NN(CC3=CC=NC=C3)C=C2)=O)N2C(CCCC2)=N1)F,0.003927361837122589
FC(C1=C(C(NC2=NN(CC3=NC=CC=C3)C=C2)=O)N2C(CCCC2)=N1)F,0.003966729319654405
CC(CC1(C(NC2=NN(CC3=NC=CC=C3)C=C2)=O)C(=O)NCC1)C,0.007301837159320712
O=C(NC1=NN(CC2=NC=CC=C2)C=C1)CC1=C2N(CCCC2)N=C1,0.007941324007697403
CC(C1=C(C(NC2=NN(CC3=NC=CC=C3)C=C2)=O)NC=N1)(C)C,0.003144596744095907
O=C(C1=CN(CC2CC2)N=C1)NC1=NN(CC2=NC=CC=C2)C=C1,0.008239306788891555
CN(C(C1=C(C(F)(F)F)C=NN1)=O)C1CCN(CCC2=NC=CC=C2)CC1,0.0030536580365151168
CN(C(C1C(=O)NCCC1)=O)C1CCN(CCC2=NC=CC=C2)CC1,0.008978716586716473
CN(C(C1C(C)=NOC=1)=O)C1CCN(CCC2=NC=CC=C2)CC1,0.009550831886008382
FC1=CC(CCNC(C2=C(C3OCCC3)NN=C2)=O)=CC(F)=C1,0.0037579950876533985
FC1=CC(CCNC(C2C(=O)NCCC2)=O)=CC(F)=C1,0.004521349351853133
CN1C(=O)NC=C1C(N1C(C2=CC=CC=C2)C(=O)NCC1)=O,0.002113434369675815
CC1C(C(N2C(C3=CC=CC=C3)C(=O)NCC2)=O)=CON=1,0.005560064339078963
CCOCN1C(C)=C(CC(N2C(C3=CC=CC=C3)C(=O)NCC2)=O)C(C)=N1,0.006071570236235857
COC1CC(CO)(C)N(C(NCCC2=CC(F)=CC=C2)=O)C1,0.0021452853456139565
CN(C1NC(CNC(NCC2=CC=C(OC(F)(F)F)C=C2)=O)=NN=1)C,0.0016882812342373654
CC1=CC=C(C(C2CC2)NC(N2C[C@]3(CO)[C@@H](CCC3)C2)=O)C=C1,0.0040296242805197835
O[C@H]1[C@H]2[C@H](CCN2C(NCC2=CSC=C2)=O)CC1,0.0018176656725700014
CC(NC(N1C[C@]2(CO)[C@@H](CCC2)C1)=O)CC1SC=CC=1,0.0024293406517244876
CC(NC(N1[C@@H]2[C@@H](CC[C@H]2O)CC1)=O)CC1SC=CC=1,0.0018700159358559175
CC(CCNC(N1[C@@H]2[C@@H](CC[C@H]2O)CC1)=O)(C)C,0.0027769571373937652
CC1CC(C2N(C(NCC3=CN(C)N=C3)=O)CCCC2)C(O)CC1,0.003013679862488061
CCC1=C(S(N)(=O)=O)C=C(NC(C2=CC=C(C3CCOCC3)C=C2)=O)C=C1,0.0056742805056273935
CCN1N=C(C2CC2)C(C(NC(C2=C(C)OC(C)=C2)C)=O)=C1,0.011602265108376742
CC(C1=C(C)OC(C)=C1)NC(C1(C2=NC=CC=C2)CC1)=O,0.010862956708297133
CC(C1=C(C)OC(C)=C1)NC(C1C(=O)NCCC1)=O,0.007968248054385185
CC(C1=C(C)OC(C)=C1)NC(CC1OC(C2=CC=CC=C2)=NN=1)=O,0.007668686774559319
COC1=C(C(NC(C2=C(C)OC(C)=C2)C)=O)N=CC=C1,0.008139691827818752
BrC1=CN2C(=CC(C(NCC3CCOCC3)=O)=N2)N=C1,0.008126686559990048
C[C@]1([C@@](CO)(C)CN(C(NCC(C2CC2)C2CC2)=O)C1)CO,0.004162412928417325
O[C@H]1[C@H]2[C@H](CCN2C(NCC(C2CC2)C2CC2)=O)CC1,0.003520293487235904
OC1C(C2N(C(NCC(C3CC3)C3CC3)=O)CCCC2)CCCC1,0.005587239540182054
COC1CC(CO)(C)N(C(NCC2=C(F)C(Cl)=CC=C2)=O)C1,0.002160208229906857
CC1CC(C2N(C(NCC3N(C4CC4)N=NN=3)=O)CCCC2)C(O)CC1,0.002704867662396282
CCC1=NC=NC(N2CCC(NC(N3C(C)CC(F)(F)CC3)=O)CC2)=C1,0.004261521028820425
CCC1=NC=NC(N2CCC(NC(N3CC(COC)(C)OCC3)=O)CC2)=C1,0.004952557757496834
CCC1=NC=NC(N2CCC(NC(N3C(CO)(C)CC(OC)C3)=O)CC2)=C1,0.0026171436766162515
COC1CC(CO)(C)N(C(NCCC2=C(C)C=C(F)C=C2)=O)C1,0.0024505932291503997
COC1CC(CO)(C)N(C(NCC2N=NN(C3=CC=CC=C3)C=2)=O)C1,0.002026208705501631
CC(C1N=C(C2=CC=CC=C2)ON=1)NC(N1C(C)CC(F)(F)CC1)=O,0.0038337524398230015
CC(C1N=C(C2=CC=CC=C2)ON=1)NC(NC[C@H]1OCC2=C(C=CC=C2)C1)=O,0.005043305899016559
CCC1(CC1)CNC(C1=NN2C(N=CC(=C2)Br)=C1)=O,0.011392510449513792
COC1CC(CO)(C)N(C(NCC2CN(S(C)(=O)=O)CC2)=O)C1,0.0020801556063815953
CCN1C(C2CC2)=CC(NC(C2=NN3C(N=CC(=C3)Br)=C2)=O)=N1,0.007395448139868676
CCN1C(C(NC2=NN(CC)C(C3CC3)=C2)=O)COCC1,0.008293946320191026
C[C@@]12N(C(NC[C@@H]3N(S(C)(=O)=O)CCC3)=O)C[C@@H]1CCCC2,0.004340222629252821
CN(S(C)(=O)=O)C1=C(NC(C2=NN(C3CCOCC3)C=C2)=O)C=CC=C1,0.004821330890990794
CC1C2=C(OCCN2C(C2=NN3C(N=CC(=C3)Br)=C2)=O)N(C)N=1,0.008245733170770108
CC(C1SC=C(CCNC(N2[C@@H]3[C@@H](CC[C@H]3O)CC2)=O)N=1)(C)C,0.002379303949419409
CC(C1SC=C(CCNC(N2C[C@]3(CO)[C@@H](CCC3)C2)=O)N=1)(C)C,0.0029839621973223986
CCC1=C(C(NC(N2C[C@]3(CO)[C@@H](CCC3)C2)=O)C)C=CN=C1,0.00294819074915722
O=C(NCC1=C2C(COCC2)=CC=C1)NCC1CC(=O)N(C2CC2)C1,0.005408271006308496
CC(C1N=C(C)ON=1)NC(C1=NN2C(N=CC(=C2)Br)=C1)=O,0.007484934874810278
O=C(NC[C@H]1OCC2=C(C=CC=C2)C1)NCC1CC(=O)N(C2CC2)C1,0.0052828908199444415
CCC1(CN(C(NCCC2OCCCC2)=O)CCC1)O,0.0059250072110444306
CC1=CC(NC(C2N=NN(C3CC3)C=2)=O)=C(Br)C=C1,0.008239150536246598
COC1CC(CO)(C)N(C(NC(CS(C2=CC=C(C)C=C2)(=O)=O)C)=O)C1,0.002841300785075873
CC1=CC2=C(OCCN2C(C2=NN(C3CCOCC3)C=C2)=O)N=C1,0.0072244844865053896
CCC1(CN(C(N[C@@H](C2=CC(O)=CC=C2)C)=O)CCC1)O,0.0025521920528262854
CN(C1NC(CNC(NC2CC(C3=CC=C(F)C=C3)CC2)=O)=NN=1)C,0.0025755733367986977
OC[C@@]12CN(C(NCC3=CC4=C(N=CC=C4)C=C3)=O)C[C@@H]1CCC2,0.0021902951237279924
CN(C1NC(CNC(NCC2=CC3=C(N=CC=C3)C=C2)=O)=NN=1)C,0.001979057805147022
CS(C1(CCC1)CNC(N1C(C2C(O)CCCC2)CCCC1)=O)(=O)=O,0.0031537692178972066
CC1=C(CNC(N2C[C@](CO)(C)[C@](CO)(C)C2)=O)C=NC=C1,0.0024163627007510514
CC1=C(CNC(N2[C@@H]3[C@@H](CC[C@H]3O)CC2)=O)C=NC=C1,0.001902042752772104
CC(O[C@@H]1C[C@H](NC(N2C[C@]3(CO)[C@@H](CCC3)C2)=O)C1)C,0.003181254112860188
CC(O[C@@H]1C[C@H](NC(N2[C@@H]3[C@@H](CC[C@H]3O)CC2)=O)C1)C,0.0025916318074450826
COC1CC(CO)(C)N(C(NCCOC2C(F)(F)C2)=O)C1,0.002041470614494756
O=C(C1CCN(C([C@H]2[C@H](C3CCOCC3)C2)=O)CC1)NCCC1SC=CC=1,0.00788699802942574
O=C(C1CCN(C(C2N3C(CCCC3)=CN=2)=O)CC1)NCCC1SC=CC=1,0.004886735137552023
COCC1=C(C(NC2=C(OC)C=CC(C(N3CCCC3)=O)=C2)=O)C=CS1,0.006665210053324699
COC1=C(NC(C(OCC2=CC(C)=CC=C2)C)=O)C=C(C(N2CCCC2)=O)C=C1,0.009117628447711468
COC1=C(NC(C2=C(C)C(OC)=CN=C2)=O)C=C(C(N2CCCC2)=O)C=C1,0.007181855803355575
COC1=C(NC(C2C(C)=NOC=2)=O)C=C(C(N2CCCC2)=O)C=C1,0.007564483070746064
O=C([C@H]1[C@H](C2CCOCC2)C1)NCC1=C2C(C=CC=N2)=CC=C1,0.007757889688946307
CNC(C1CCC(NC(C2=C(OC)C=CC=N2)=O)CC1)=O,0.008167192642576992
CNC(C1CCC(NC(C2=CC=C(C3CCOCC3)C=C2)=O)CC1)=O,0.010864697769284249
CNC1CN(C([C@@H]([C@@H](OCC2=CC=CC=C2)C)N)=O)CCC1,0.008306643483228982
CC1C(C(F)(F)F)=NN(CC(N2C[C@H](N)CC2)=O)C=1,0.005058107641525566
CNC1CN(C(C2=C(C3CC3)N=CO2)=O)CC1,0.007620863895863294
CNC1CN(C(C2(C3ON=C(C)C=3)CCOCC2)=O)CC1,0.00926258652471006
COC1=CC(NC(C2=C(NC(C3C(=O)NCCC3)=O)C=CC=C2)=O)=CC=C1,0.0073344961274415255
CN(CCN1N=CC(C(NC2(C#N)CCCCC2)=O)=C1)C,0.007274541547101876
O=C(C1=CN(CC2CC2)N=C1)NC1(C#N)CCCCC1,0.00790709959098308
FC([C@H]1[C@@H](C(NCC#N)=O)CCCC1)(F)F,0.0027894551843712172
CC1=C(C(NCC#N)=O)SC(C2COCC2)=N1,0.004076035586547277
COC1=C(C(NCC#N)=O)C(OC)=NC=C1,0.00449011081344679
CC1C2=C(C=C(C=C2)F)CCN1C(C1=C2C(N=NN2)=NC=C1)=O,0.003129580698441714
CN(C1NC(CNC(NCC2SC3=C(C=CC=C3)N=2)=O)=NN=1)C,0.002207034832099453
CCC1(CN(C(NCC2SC3=C(C=CC=C3)N=2)=O)CCC1)O,0.0034468430792912843
O[C@H]1[C@H]2[C@H](CCN2C(NCC2SC3=C(C=CC=C3)N=2)=O)CC1,0.0017535419232444839
COC1=NC=C(CNC(N2C(C3C(O)CCC(C)C3)CCCC2)=O)C=C1,0.0029291361453942953
OC1C(C2N(C(NC3CCC4(OCCO4)CC3)=O)CCCC2)CCCC1,0.005131092621013522
O=C(NC1C2N(N=CC=2)CCC1)NC1CCC2(OCCO2)CC1,0.007001648098230362
OC[C@@]12CN(C(NCC3=CC(CN4C(=O)CCC4)=CC=C3)=O)C[C@@H]1CCC2,0.0029461034922860564
C[C@@]12N(C(NCC3=CC(CN4C(=O)CCC4)=CC=C3)=O)C[C@@H]1CCCC2,0.006610370380803943
CCCC(NC1=CC=C(CNC(N2[C@@H]3[C@@H](CC[C@H]3O)CC2)=O)C=C1)=O,0.0022501478902995586
CC1C(C(NC2=CC(CN3C(=O)CCCC3)=CC=C2)=O)=CON=1,0.005368281179107726
O=C(C1(C2=NC=CC=C2)CC1)NC1=CC(CN2C(=O)CCCC2)=CC=C1,0.0072324145818129185
O=C([C@@]12CCO[C@@H]1CCC2)NC1=CC(CN2C(=O)CCCC2)=CC=C1,0.008117283415049314
CC(C(NC1CCN(C(C2=NN3C(N=CC(=C3)Br)=C2)=O)CC1)=O)C,0.007143529551103711
O[C@H]1[C@H]2[C@H](CCN2C(NCC2=CC=C(CN3C4=C(C=CC=C4)N=C3)C=C2)=O)CC1,0.0020337719382951037
CCOC1=C(CCNC(N2C(CO)(C)CC(OC)C2)=O)C=CC=C1,0.0031318756053224208
CC1CC(C2N(C(NCCS(C)(=O)=O)=O)CCCC2)C(O)CC1,0.002254488680046052
COC1=C(OC)C(OC)=C(CCNC(N2[C@]3(C)[C@@H](CCCC3)C2)=O)C=C1,0.007656117784790695
CCC1(CN(C(NCCC2=C(OC)C(OC)=C(OC)C=C2)=O)CCC1)O,0.005386802181601524
O[C@H]1[C@H]2[C@H](CCN2C(NCCOC2=CC(F)=C(F)C=C2)=O)CC1,0.0019757777219638227
COC1=CC2=C(OC(=C2C)C(NC(N2C[C@](CO)(C)[C@](CO)(C)C2)=O)C)C=C1,0.003151776659069583
O=C(C1N(C(C2N=NN(C3CC3)C=2)=O)C2=C(C=CC=C2)CC1)NC1=CC=CC=C1,0.0069874563254415985
CC(NC(N1C[C@]2(CO)[C@@H](CCC2)C1)=O)CS(C)(=O)=O,0.0019016835023649037
CCC1(CN(C(NC2CCN(CC3COCC3)CC2)=O)CCC1)O,0.006762491399422288
CN1N=CC(S(N2CCC(NC(N3[C@]4(C)[C@@H](CCCC4)C3)=O)CC2)(=O)=O)=C1,0.0036627180059440436
FC1=C2C(CCCN2C(C2N=NN(C3CC3)C=2)=O)=CC(Cl)=C1,0.0075335877249017354
COC(C1=CC(Cl)=CC=C1)CNC(N1C[C@]2(CO)[C@@H](CCC2)C1)=O,0.002723055984824896
CCC1N(CCNC(N2C(C3C(O)CCCC3)CCCC2)=O)C=NN=1,0.002662459923885763
CCC1N(CCNC(N2[C@]3(C)[C@@H](CCCC3)C2)=O)C=NN=1,0.005166599294170737
CC(OC1=CC=C(Cl)C=C1)CNC(N1C[C@](CO)(C)[C@](CO)(C)C1)=O,0.002963852771790698
CC1N(C(C2N=C3N(CCOC3)C=2)=O)C2=C(C=CC=C2)OC1,0.006394770857878029
CC(CN1CC(CNC(N2C[C@](CO)(C)[C@](CO)(C)C2)=O)CCC1)C,0.0037205863161943855
CCC1(CN(C(NC[C@@H]2N(S(C)(=O)=O)CCC2)=O)CCC1)O,0.0028504804358817637
CCN1C(C(NC2C(=O)N(C3=C(F)C=CC=C3)CCC2)=O)COCC1,0.005577703542076051
COC(C1=C(Cl)C=CC=C1)C(NC(N1[C@@H]2[C@@H](CC[C@H]2O)CC1)=O)C,0.0023107282031560317
CCOC1=CC2=C(OCCC2NC(N2CC=CC2)=O)C=C1,0.006436488451436162
CCOC1=CC2=C(OCCC2NC(N2[C@@H]3[C@@H](CC[C@H]3O)CC2)=O)C=C1,0.0026972378022037447
CN(C1NC(CNC(NCC2=C(Br)C(C)=CC=C2)=O)=NN=1)C,0.0026965382741764186
CC(N1C(C2=C(NC(C3=CC(OCCN(C)C)=NC=C3)=O)C=CC=C2)=NN=N1)C,0.005046943249180913
CC1=NOC(C2(C(N3C4=C(C=CC=C4F)C4(CCCC4)C3)=O)CCOCC2)=C1,0.0102195646148175
CCN(CC1=CC(CNC(CN2C(C(C)C)=NC=C2)=O)=CC=C1)C,0.005888205720111728
CCN(CC1=CC(CNC(C2C(C(F)(F)F)CS(=O)(=O)C2)=O)=CC=C1)C,0.005062286227621371
CCN(CC1=CC(CNC(CN2C(C3CC3)=CC(C(F)F)=N2)=O)=CC=C1)C,0.006545985932461917
CN1C(=O)C(C(NCC(NC2=CC=C(Cl)C=C2)=O)=O)CCCC1,0.0070457470836117865
FC(C1C(C(NCC(NC2=CC=C(Cl)C=C2)=O)=O)CS(=O)(=O)C1)(F)F,0.003698021866784984
CCCC(C(NC1=CC(N2CCCC2)=CC=C1)=O)NC(C1=C(C)NC=N1)=O,0.003607908298727125
FC(C1=CC(NC(CCCC2NN=NN=2)=O)=CC=C1)F,0.0015973365923855453
COC(C(N1CC(CNS(C2=CC=C(C)C=C2)(=O)=O)CCC1)=O)OC,0.005277617368847132
CC(CC(N1C=NC=C1)C(NC1=NN(CC(N(C)C)=O)C=C1)=O)C,0.005824546120129526
CN(C(CN1N=C(NC(C2C(=O)N(C)CCCC2)=O)C=C1)=O)C,0.00820050744805485
CN(C(CN1N=C(NC(C(CN2CCOCC2)(C)C)=O)C=C1)=O)C,0.007218625070527196
CN(C(CN1N=C(NC(C2=C(C(F)F)C=CS2)=O)C=C1)=O)C,0.004051509138662368
COCCN1N=C(NC(C2C3=C(CCC(C3)(C)C)ON=2)=O)C=C1,0.010744955064728856
COCCN1N=C(NC(C2=C(C(F)F)C=CS2)=O)C=C1,0.004291784111410379
CCC(C(C(NC1=NN(CCOC)C=C1)=O)O)(C)C,0.004634221340529621
COCCN1N=C(NC(CN2C(C(C)C)=NC=C2)=O)C=C1,0.004319878749083727
COCCN1N=C(NC(C(OC)OC)=O)C=C1,0.007209462043829262
CC1CCN(CC2=CC(CNC(C3=C(C)NC=N3)=O)=CC=C2)CC1,0.003891790902707726
CN1C(=O)C(C(NCC2=NOC(C3=CC=CC=C3)=C2)=O)CCCC1,0.008339442498981952
CCC(C(C(NC1=C2C(NC=C2)=CC=C1)=O)O)(C)C,0.0028844727901741864
CCN1CCN(C(C2C(=O)NC=C(C(F)(F)F)C=2)=O)CCC1,0.0031884791038464754
CCN1CCN(C(COC2C(N3CCOCC3)=NSN=2)=O)CCC1,0.0094363066367805
CN1C(=O)C(C(NC2SC=C(C3=C(C)C=CC=C3)N=2)=O)(C)CC1,0.006423709471710027
COC1=C(C2N=C(NC(C(CN3CCOCC3)(C)C)=O)SC=2)C=CC=C1,0.0069745240267366174
COC1=C(C2N=C(NC(CCC3OC(C)=NN=3)=O)SC=2)C=CC=C1,0.005750195775181055
COC(C(NC1SC=C(C2=C(OC)C=CC=C2)N=1)=O)OC,0.005875677079893648
CC1=C(C(NCC2(C(C3=CC=CC=C3)O)CC2)=O)N=CN1,0.002213621325790882
CN1C(=O)C=C(C(NCC2(C(C3=CC=CC=C3)O)CC2)=O)N=C1,0.004180556919891387
CC(OC1=NC=CC(CNC(C2=C(C(F)(F)F)N=CO2)=O)=C1)C,0.003359928843565285
CC(OC1=NC=CC(CNC(C2=C(C)NC=N2)=O)=C1)C,0.0027582498907577245
CC(OC1=NC=CC(CNC(C2C(=O)N(C)CCCC2)=O)=C1)C,0.008185204397886992
CCC1NC(CC(NCC2=CC(OC(C)C)=NC=C2)=O)=NC=1,0.0032792096491903065
CC(OC1=NC=CC(CNC(CC2CCN(CC(F)(F)F)CC2)=O)=C1)C,0.004428547463612631
CC(OC1=NC=CC(CNC([C@H](N(C)C)C)=O)=C1)C,0.0073215925134718415
CN(C(C1=CC2N(C=C(N=2)C)C=C1)=O)CC(CN1CCOCC1)(C)C,0.008009510976262391
CN(C(C1C(=O)N(C)CCCC1)=O)CC(CN1CCOCC1)(C)C,0.015025533456355333
CN(C(C1=C(C(F)(F)F)N=CO1)=O)CC(CN1CCOCC1)(C)C,0.005146953416988254
CN(C(C1=C2C(OCC(N2)=O)=CC=C1)=O)CC(CN1CCOCC1)(C)C,0.009845914971083402
CC(CC1OCCC(NC(C2C(=O)NC=C(C(F)(F)F)C=2)=O)C1)C,0.004089414398185909
CC(CC1OCCC(NC(C2(C(=O)N(C)CC2)C)=O)C1)C,0.012687376281246544
CC(CC1OCCC(NC(C2=NOC(C3=CC(O)=CC=C3)=C2)=O)C1)C,0.006053772941231728
CN1C(=O)C(C(NC2C(=O)N(C3=CC(Cl)=C(F)C=C3)CC2)=O)(C)CC1,0.007105839299038052
C[C@H](C(NC1C(=O)N(C2=CC(Cl)=C(F)C=C2)CC1)=O)N(C)C,0.005752941395621746
O=C(NCC1OC2(CCOCC2)OC1)CN1C2=C(C=CC=N2)C=N1,0.00633681311737746
O=C(C1=C2N(C(C3=CN=CC=C3)=CC=N2)N=C1)NCC1OC2(CCOCC2)OC1,0.007169043365865946
CCC(OC1=NC=CC(CNC(C2N(C3CCCC3)CC2)=O)=C1)C,0.009977053804323077
CN(C(CN1C(=O)NC(=O)C(C#N)=C1)=O)CC=C,0.0024106159806251528
CN(CCN1C2=C(C=CC(C(NCC(C)=C)=O)=C2)NC1=O)C,0.002933104755356908
O=C(N1CC(OCC2CC2)CCC1)CCCC1NN=NN=1,0.003939670161344111
CN1C(=O)C=C(C(NCC2(C3=C(F)C(F)=CC=C3)CCCC2)=O)N=C1,0.008659751201048494
CCC1NC(CC(N(C2CCOCC2)CC2=CC=C(F)C=C2)=O)=NC=1,0.003228234825655818
CN1C(=O)C(C(NCC2=CC=C(CS(C)=O)C=C2)=O)(CC2=CC=CC=C2)CC1,0.009057840867899358
CS(CC1=CC=C(CNC(C2(NC3=CC=CC=C3)CC2)=O)C=C1)=O,0.008012639498338104
CC1N=C2N(C=CC(C(NC(C3=C(C)ON=C3C)(C)C)=O)=C2)C=1,0.00600213857833296
COC1=CC=C(CN2C(C(N3CCC(C4=CC=CC=C4)(CO)CC3)=O)CC2)C=C1,0.005340229952707887
CCC1NC(CC(N2CCC(C3=CC=CC=C3)(CO)CC2)=O)=NC=1,0.001592883135890588
COCC1N(C(C2C(=O)NC=C(C(F)(F)F)C=2)=O)CCCC1,0.0026860114536248147
COCC1N(C(CNC2=CC=C(S(C)(=O)=O)C=C2)=O)CCCC1,0.0054152305237948895
COCC1N(C(C2=C(C)NC=N2)=O)CCCC1,0.003678580198902637
COCC1N(C(C2=CC(N3C(N)=NN=N3)=CC=C2)=O)CCCC1,0.0035178187768906354
CCO[C@H]1[C@H](NC(CN2C3=C(C=CC=N3)C=N2)=O)CCCC1,0.006691327667795122
CCO[C@H]1[C@H](NC(C2=C(N)C3=C(N=CC=C3)S2)=O)CCCC1,0.00382791442098096
CCO[C@H]1[C@H](NC(CC2=C3C(C=CC=C3)=CN=C2)=O)CCCC1,0.007854881579987705
CCO[C@H]1[C@H](NC(C2C(=O)NC=C(C(F)(F)F)C=2)=O)CCCC1,0.003127161756856367
CCO[C@H]1[C@H](NC(CNC2=CC=C(S(C)(=O)=O)C=C2)=O)CCCC1,0.0060838807839900255
CN(C(C1N=CN(C)C(=O)C=1)=O)CC1=CC(C)=C(C)C=C1,0.00945236412808299
CN(C(C1=C2C(OCC(N2)=O)=CC=C1)=O)CC1=CC(C)=C(C)C=C1,0.009593266900628806
CN(C(CCN1C(=O)NC(=O)C(C#N)=C1)=O)CC1=CC(C)=C(C)C=C1,0.003271419944940135
CCOC1=CC(CN(C(C2=C(N)C3=C(N=CC=C3)S2)=O)CCO)=CC=C1,0.0018996971368324012
CCOC1=CC(CN(C(C2(C(=O)N(C)CC2)C)=O)CCO)=CC=C1,0.005336374626494944
CCOC1=CC(CN(C(CN2CCCC2)=O)CCO)=CC=C1,0.005125832138583064
CC1CCC(CNC(CC2=C3C(C=CC=C3)=CN=C2)=O)(O)CC1,0.01007567634806037
COCC1=NC2=C(CN(C(C3=C(N)C4=C(N=CC=C4)S3)=O)CC2)C=N1,0.003924968559294939
COCC1=NC2=C(CN(C(C3C(=O)N(C)CCCC3)=O)CC2)C=N1,0.010806246614083647
COCC1=NC2=C(CN(C(CN3C(C(C)C)=NC=C3)=O)CC2)C=N1,0.007124492502771318
COCC1=NC2=C(CN(C([C@H]3N(C)CCCC3)=O)CC2)C=N1,0.007877351762726904
CC(C1C(C)=NN(C)C=1)NC(C1=NOC(CO)=C1)=O,0.004403196531347931
CC(C1C(C)=NN(C)C=1)NC(C1OC2=C(C=CC(=C2)O)OC1)=O,0.004885999276302755
CON1CCC(C(N2C(C(C)C)C(=O)NCC2)=O)CC1,0.0017331246635876596
CC(C1C(=O)NCCN1C(C1OC2=C(C=CC(=C2)O)OC1)=O)C,0.004691220447421074
CCOCN1C(C)=C(CC(N2C(C(C)C)C(=O)NCC2)=O)C(C)=N1,0.007243104628287256
CC(C1C(=O)NCCN1C(C1=CN(CCN(C)C)N=C1)=O)C,0.007534948899410665
CC(C1C(=O)NCCN1C(C1N(CC2CCC2)N=CC=1)=O)C,0.007770980941131711
CC(C(N1CCS(=O)(=O)CC1)=O)NC(C1=CC=C(C2CCOCC2)C=C1)=O,0.007500230404548347
CC(C(N1CCS(=O)(=O)CC1)=O)NC([C@@]12CCO[C@@H]1CCC2)=O,0.008703545248135925
O=C(N(CC1=CC=CC=C1)CC1=NNC=C1)[C@H]1[C@H](C2CCOCC2)C1,0.00644496304448694
CC1OC(C)C(C(N(CC2=CC=CC=C2)CC2=NNC=C2)=O)C1,0.007076109084300697
O=C(N(CC1=CC=CC=C1)CC1=NNC=C1)CCC1N=NNC=1,0.004131798166781664
CN(CCN1N=CC(C(N(CC2=CC=CC=C2)CC2=NNC=C2)=O)=C1)C,0.0068018364952877166
CCN1N=C(C2CC2)C(C(N(CC2=CC=CC=C2)CC2=NNC=C2)=O)=C1,0.006951503292657435
O=C(C1=NC=NC(N2CCOCC2)=C1)N1C(C2CCC2)CCC1,0.009374409075826406
CN1C(=O)NC=C1C(N1C(C2CCC2)CCC1)=O,0.0046051424578763545
FC1=C(C#N)C=C(NC(C2=NC=NC(N3CCOCC3)=C2)=O)C=C1,0.003293445974122733
CCOCCOC1=C(NC(C2C(C)=CON=2)=O)C=C(Cl)C=C1,0.005671807168982923
CCOCCOC1=C(NC(C2=CN(CCN(C)C)N=C2)=O)C=C(Cl)C=C1,0.00600409263279289
CCOCCOC1=C(NC(C2C(C)=NOC=2)=O)C=C(Cl)C=C1,0.00550687788054347
CCOCCOC1=C(NC([C@H]2[C@H](C3CCOCC3)C2)=O)C=C(Cl)C=C1,0.007028604054357857
COC1=CC(N2CC(NC(C3C(C)=CON=3)=O)CC2)=CC=C1,0.007690097019076347
CCOC1=CC=C(N(C(C2=C(C)N(CC)N=C2)=O)CCC#N)C=C1,0.0062249833412352015
CCOC1=CC=C(N(C(C2C(C)=CN(C3CCOCC3)N=2)=O)CCC#N)C=C1,0.006404440107144182
CCOC1=CC=C(N(C([C@H]2[C@H](CC)N(C)CC2)=O)CCC#N)C=C1,0.007247408364128205
CCOC1=CC=C(N(C(C2=C(C(F)(F)F)C=NN2)=O)CCC#N)C=C1,0.0022115068761195287
CCOC1=CC=C(N(C(C2=NC=NC(N3CCOCC3)=C2)=O)CCC#N)C=C1,0.0042894852202152835
CCOC1=CC=C(N(C(C2=NOC(CO)=C2)=O)CCC#N)C=C1,0.0027003441227861913
CCOC1=CC=C(N(C(C2OC3=C(C=CC(=C3)O)OC2)=O)CCC#N)C=C1,0.0034542353088909293
CCOC1=CC=C(N(C(C2=CN(CC3CC3)N=C2)=O)CCC#N)C=C1,0.00681851717090467
CCOC1=CC=C(N(C(C2C(C3CC3)=NN(CC)C=2)=O)CCC#N)C=C1,0.006789114376078942
COC1=C(C(N(CC2CC2)CCC#N)=O)N=CC=C1,0.0075335319603937025
O=C(C1=CN(CC2CCCC2)N=C1)N(CC1CC1)CCC#N,0.010479153871892776
COCCN1N=CC(C(N(CC2CC2)CCC#N)=O)=C1,0.008373393980537002
O=C(C1=NC=NC(N2CCOCC2)=C1)N(CC1=NC=CC=C1)CCC#N,0.0035194636868254746
CC(N1[C@H](C(N(CC2=NC=CC=C2)CCC#N)=O)CCC1)=O,0.0052524328411436725
O=C(C1=CC=C(C2CCOCC2)C=C1)N(CC1=NC=CC=C1)CCC#N,0.0063160813271679215
CC1OC(C)C(C(N(CC2=NC=CC=C2)CCC#N)=O)C1,0.00793123133021254
CCN1C(C)=C(C(N(C(CC#N)C)C)=O)C=N1,0.007602292642974362
COC1=C(C)C(C(N(C(CC#N)C)C)=O)=CN=C1,0.00674889022618288
CC(N(C(C1=NC=NC(N2CCOCC2)=C1)=O)C)CC#N,0.003653767179667966
CC(N(C(C1=CC=C(C2N=CNC=2)C=C1)=O)C)CC#N,0.002348480649050089
CCN1N=C(C2CC2)C(C(N(C(CC#N)C)C)=O)=C1,0.007813363254120987
CCOCN1C(C)=C(CC(NCC2=C(F)C=CC(F)=C2)=O)C(C)=N1,0.0055367240449413655
CC1=C(CNC(C2=NOC(CO)=C2)=O)N=CC=C1,0.0038169307867065073
CC1=C(CO)C=C(C(NCC2=C(C)C=CC=N2)=O)O1,0.003806165046989918
COC1=C(C)C2=C(C(=CO2)CC(NCC2=C(C)C=CC=N2)=O)C=C1,0.007746890932321548
CC1=C(CNC(C2N3C(CCCC3)=NC=2C(F)F)=O)N=CC=C1,0.003836412844248116
CC1=C(CNC(C2=C(C3OCCC3)NN=C2)=O)N=CC=C1,0.0055910037131980065
CC1=C2C(C(NC(C3=NC=NC(N4CCOCC4)=C3)=O)CC2)=CC=C1,0.007205568277277053
CC1=C(CO)C=C(C(NC2C3=CC=CC(C)=C3CC2)=O)O1,0.006410839012823999
CC1=C(C(NC2C3=CC=CC(C)=C3CC2)=O)SC(C2COCC2)=N1,0.010164069477468729
CC1=C2C(C(NC(C3=C(CC#N)C=CC=C3)=O)CC2)=CC=C1,0.008276392348852824
COC1=C(C(NCCN(C2CCCC2)C)=O)C(OC)=NC=C1,0.009633202478289605
C[C@]12CN(C(CCCC3OC(C4=CC=CC=C4)=CN=3)=O)C[C@@]1(C)CNC2,0.007363627129234373
C[C@]12CN(C(C3=C(N4CCOCC4)N=CC=C3)=O)C[C@@]1(C)CNC2,0.006761495349928736
C[C@]12CN(C(CCC3ON=C(C4=NC=CC=C4)N=3)=O)C[C@@]1(C)CNC2,0.006913835857994854
C[C@]12CN(C(C3=C(C4=CC=CC=C4)OC=N3)=O)C[C@@]1(C)CNC2,0.00672684139572084
O=C(C1=NOC(C2OC=CC=2)=C1)N[C@@]12CCO[C@@H]1CCC2,0.009054651483893394
CC1=C(CC(N[C@@]23CCO[C@@H]2CCC3)=O)N=C(C2SC=CC=2)O1,0.005777849606238306
CCOC(C(NC1CC(C)(C)CNCC1)=O)C,0.011770585412159562
CC1=C2C(C=C(C(N[C@@]34CCO[C@@H]3CCC4)=O)O2)=CC=C1,0.010204761987552047
COCCS(C1=CC=C(C(N[C@@]23CCO[C@@H]2CCC3)=O)C=C1)(=O)=O,0.008480213209986686
O=C(NC1CCC(C(N[C@@]23CCO[C@@H]2CCC3)=O)CC1)CC1CCCCC1,0.01501626493409276
BrC1=CC2=C(NC(C(N[C@@]34CCO[C@@H]3CCC4)=O)=CC2=O)C=C1,0.005698217242024839
CCOC1=C(Cl)C=C(C(N[C@@]23CCO[C@@H]2CCC3)=O)C=N1,0.006645527435466647
O=C(N[C@@]12CCO[C@@H]1CCC2)COCC1OCCC1,0.01338167958892882
CCC1=C(C(NC2CC(C)(C)CNCC2)=O)C=C(S(C)(=O)=O)C=C1,0.008169427164830267
CCC1=CC(NC(CN2C3(CCOCC3)CC(=O)NCC2)=O)=CC=C1,0.007895320653915405
CN(C(CN1C2(CCOCC2)CC(=O)NCC1)=O)C1CCCCC1,0.012545825447887182
CCCCN1C(CN2C3(CCOCC3)CC(=O)NCC2)=NN=N1,0.006389828235842288
CN(C(CN1C2(CCOCC2)CC(=O)NCC1)=O)CC1=C(F)C=CC=C1,0.007545307744294405
CC1=C(OCCN2C3(CCOCC3)CC(=O)NCC2)C=CC=C1,0.010280006565153599
CCCCC1N=C(CN2C3(CCOCC3)CC(=O)NCC2)ON=1,0.010339700197800995
CC(C1N=C(CN2C3(CCOCC3)CC(=O)NCC2)ON=1)(C)C,0.010370980575680732
O=C1NCCN(CC2N=C(C3SC=CC=3)SC=2)C2(CCOCC2)C1,0.006928058853372931
CC(CC1N=C(CN2C3(CCOCC3)CC(=O)NCC2)ON=1)C,0.01090338067151606
CN1C2=C(C=CC=N2)CN(C(CNC(C2=CC(F)=CC=C2)=O)=O)CC1,0.004905426688492298
CN1C2=C(C=CC=N2)CN(C(C(C(C2SC3=C(C=CC=C3)N=2)O)O)=O)CC1,0.003981389990076423
CN1C2=C(C=CC=N2)CN(C(C2C(C3=CN(C)N=C3)=NNC=2)=O)CC1,0.004491344932466746
CN1C2=C(C=CC=N2)CN(C(C2=CC(C)=NN=C2)=O)CC1,0.007462048646993935
CCC1C(CC(N2CC3=C(N=CC=C3)N(C)CC2)=O)=C(CC)N(C)N=1,0.010340186674147845
COC1=NC(C(N2CC3=C(N=CC=C3)N(C)CC2)=O)=CN=C1,0.00695727167185396
CC([C@@H]1N(C)CCN(C2=NC(C(F)F)=NC(N)=N2)C1)C,0.003830404405016452
C1C(C2=NC3=C(C=CN3)C(N3CCNCCC3)=N2)C1,0.005294128530658781
CC(S(CC1=CC(NCC2=NOC=C2)=CC=C1)=O)(C)C,0.009326726384460925
CN(CCOC1=C(NCC2=NOC=C2)C=CC(C)=C1)C,0.009513145312666893
COC1=C(C2(CC2)CNC(C2=C(C3OCCC3)NN=C2)=O)C=CC=C1,0.006896190508268773
COC1=C(C2(CC2)CNC(C2C(C)=CON=2)=O)C=CC=C1,0.010001576039940119
COC1=C(C2(CC2)CNC(C2=C(C(F)(F)F)C=NN2)=O)C=CC=C1,0.003703010967001319
CON1CCC(C(NCC2(C3=C(OC)C=CC=C3)CC2)=O)CC1,0.0027241167263127863
COC1=C(C)C(C(N2CCC(C3ON=C(C4=NC=CC=C4)N=3)CC2)=O)=CN=C1,0.008012398006394505
CON1CCC(C(N2CCC(C3ON=C(C4=NC=CC=C4)N=3)CC2)=O)CC1,0.0023436888994183393
O=C(C1(C2=NC=CC=C2)CC1)N1CCC(C2ON=C(C3=NC=CC=C3)N=2)CC1,0.008973566489294172
CN(CCN1N=CC(C(N2CCC(C3ON=C(C4=NC=CC=C4)N=3)CC2)=O)=C1)C,0.008157653152011335
CC1C(C(N2CCC(C3ON=C(C4=NC=CC=C4)N=3)CC2)=O)=NOC=1,0.00712753958068788
CC1=C(C2(CC2)CNC(C[C@H]2C(=O)NC3=C(C=CC=C3)C(=O)N2)=O)C=CC=C1,0.008869663951918483
CC1=C(C2(CC2)CNC(CC2OC(C3=CC=CC=C3)=NN=2)=O)C=CC=C1,0.007882972434163093
CC1=C(CO)C=C(C(NCC2(C3=C(C)C=CC=C3)CC2)=O)O1,0.005188808217644692
CC1=C(C2(CC2)CNC(C2OC3=C(C=CC(=C3)O)OC2)=O)C=CC=C1,0.005654121283441782
CC1=C(C2(CC2)CNC(C2N(C)C(=O)NC=2)=O)C=CC=C1,0.0038027789909392596
CC1C(C(NCC2(C3=C(C)C=CC=C3)CC2)=O)=CON=1,0.010781385935842991
CC(OC1=CC(C(F)(F)F)=C(CNC(C2N(C)C(=O)NC=2)=O)C=C1)C,0.0027406487497501075
CN(CCN1N=CC(C(NCCC2=CC(C(N)=O)=CC=C2)=O)=C1)C,0.007084568589925766
CC1C(C(NCCC2=CC(C(N)=O)=CC=C2)=O)=NN(C2CCOCC2)C=1,0.007134878495708108
CCC1NC(CC(NC2=C(C)C(Cl)=CC=C2)=O)=NC=1,0.002388658799463883
FC1=C(N2CCN(C(CN3C4=C(C=CC=N4)C=N3)=O)CC2)C=CC=C1,0.004949959251098335
CCCCNC(C1=C(O)C=CC(N2C=NC=C2)=C1)=O,0.0031030360725708304
O=C(N1CCC(CC2=CC=CC=C2)CC1)CCCC1NN=NN=1,0.003564182436093688
O=C(C1=C2N(C(C3=CN=CC=C3)=CC=N2)N=C1)N1CCC(CC2=CC=CC=C2)CC1,0.00813477486371994
CC(C(NCC1=NC=CC=C1)=O)(CN1CCOCC1)C,0.008302757609635591
CN(CCN1C2=C(C=CC(C(NCC3=CN=CC=C3)=O)=C2)NC1=O)C,0.002624642261071131
CC(N1CCOCC1)(CNC(C1=CC(NCC2=NC=CC=C2)=CC=C1)=O)C,0.0069910073420032855
CCC1NC(CC(NCC(N2CCOCC2)(C)C)=O)=NC=1,0.00368384993635118
CC(N1CCOCC1)(CNC(C1=C2N(C(C3=CN=CC=C3)=CC=N2)N=C1)=O)C,0.006865983153693378
CC(C(NC1=CC(C(NC2CC2)=O)=CC=C1)=O)(CN1CCOCC1)C,0.008526667999103666
FC(C1C(C(NC2=CC(C(NC3CC3)=O)=CC=C2)=O)CS(=O)(=O)C1)(F)F,0.00452175847676699
CN1C(=O)C=C(C(NC2=CC(C(NC3CC3)=O)=CC=C2)=O)N=C1,0.006830288865603507
CC1=C(C(NC2=CC(C(NC3CC3)=O)=CC=C2)=O)N=CN1,0.0031662129447795452
CC1OC(CCC(NCC2=CC=C(C(N3CCCCC3)=O)C=C2)=O)=NN=1,0.00581745698582381
CN1C(=O)C(C(NCC2=CC=C(C(N3CCCCC3)=O)C=C2)=O)(C)CC1,0.009374497225508094
COC(C(NCC1=CC=C(C(N2CCCCC2)=O)C=C1)=O)OC,0.007840887177735567
FC1=CC=C(C(N2CCN(C(CN3C4=C(C=CC=N4)C=N3)=O)CC2)C#N)C=C1,0.0033847005241568694
C[C@H](C(N1CCN(C(C2=CC=C(F)C=C2)C#N)CC1)=O)N(C)C,0.004292647961133866
CC1OC(CCC(N2CCN(C(C3=CC=C(F)C=C3)C#N)CC2)=O)=NN=1,0.003333869459675043
CN(C(C1=C(C)NC=N1)=O)CCOC1=CC(Cl)=CC=C1,0.0031139449507463723
CCS(N1CCC(NC(C(N2C=NC=C2)CC(C)C)=O)CC1)(=O)=O,0.004129185725469142
CCS(N1CCC(NC(CC2CCN(CC(F)(F)F)CC2)=O)CC1)(=O)=O,0.004329878507996909
CC1(CC2=C(ON=C2C(NC2=CC=C(CN3C(=O)CCC3=O)C=C2)=O)CC1)C,0.004799326846841723
CC(CC(N1C=NC=C1)C(NC1=CC=C(CN2C(=O)CCC2=O)C=C1)=O)C,0.0025067474867682903
FC(C1C=C(C(NC(C2=CC=CC=C2)CN2CCCC2)=O)C(=O)NC=1)(F)F,0.003432757465634495
FC(C1C(C(NCCN2N=CC=C2)=O)CS(=O)(=O)C1)(F)F,0.003172463253144997
CCC1NC(CC(NCCN2N=CC=C2)=O)=NC=1,0.0026307404274120926
CN1C(=O)C=C(C(NCCN2N=CC=C2)=O)N=C1,0.005926751694642007
FC(CN1CCC(CC(NCCN2N=CC=C2)=O)CC1)(F)F,0.003484865826612804
CN1C(=O)C(C(NCCN2N=CC=C2)=O)(C)CC1,0.007209319085814059
CCC1NC(CC(NCC2N=C3N(C=C(C=C3)C)C=2)=O)=NC=1,0.002853891102131456
CN1C(=O)C(C(NCC2N=C3N(C=C(C=C3)C)C=2)=O)(C)CC1,0.005197261064313352
CC1OC(CCC(NCC2N=C3N(C=C(C=C3)C)C=2)=O)=NN=1,0.003987851517740637
CC1N=C2N(C=CC(C(NCC(N3C4=C(C=CC=C4)CCC3)=O)=O)=C2)C=1,0.004831575066782534
CN1C(=O)C=C(C(N2C3=CC=CC(F)=C3C3(CCC3)C2)=O)N=C1,0.008912971755489708
CN1[C@H](C(NCC(N2C3=C(C=CC=C3)CC2)=O)=O)CCCC1,0.00817441011313349
CC1N=C2N(C=CC(C(N3CC(C4OCCO4)CCC3)=O)=C2)C=1,0.006349051534198224
FC1=C(NC(CCC(N2CC(C3OCCO3)CCC2)=O)=O)C(F)=CC=C1,0.007257909397594631
CCC(C(C(N1CC(C2OCCO2)CCC1)=O)O)(C)C,0.006686537293717265
C[C@H](C(NC1=C(C)C=CC(C2N=C(C)NN=2)=C1)=O)N(C)C,0.0037129186966922134
COC(C(NC1=C(C)C=CC(C2N=C(C)NN=2)=C1)=O)OC,0.003368043515365571
CN1C(=O)C(C(NC2CC(C)(C)OCC2)=O)(CC2=CC=CC=C2)CC1,0.011298056365922094
CN1C(=O)C=C(C(NC2CC(C)(C)OCC2)=O)N=C1,0.008180200448259711
CNC1=C(F)C=C(C(NC2CC(C)(C)OCC2)=O)C=C1,0.006164598115719855
CC1OC(CCC(NC2=C(O)C(Br)=CC(C)=C2)=O)=NN=1,0.004818198247812688
CC(C1N(CC(N2CC3N=CN(C4=CC=CC=C4)C=3CC2)=O)C=CN=1)C,0.006734817870892584
CC(CC(N1C=NC=C1)C(N1CC2N=CN(C3=CC=CC=C3)C=2CC1)=O)C,0.007827979838475585
CN(CCN1C2=C(C=CC(C(NC3C(C)(C)OC(C)(C)C3)=O)=C2)NC1=O)C,0.004276672028936446
CC1(OC(C)(C)C(NC(CCCC2NN=NN=2)=O)C1)C,0.00379546822514385
CC1=C(C(NC2C(C)(C)OC(C)(C)C2)=O)N=CN1,0.004901441396214068
CN1C(=O)C=C(C(NC2C(C)(C)OC(C)(C)C2)=O)N=C1,0.009669693885371089
CC1OC(CCC(NC2C(C)(C)OC(C)(C)C2)=O)=NN=1,0.008873926848173142
CC1(OC(C)(C)C(NC(C2=C(F)C=NC=C2F)=O)C1)C,0.008190557057969273
CC1(C(NC(C2C(=O)NC=C(C(F)(F)F)C=2)=O)CC1O)C,0.0015777996770339087
CN1C(=O)C(C(NC2C(C)(C)C(O)C2)=O)CCCC1,0.005795140168629587
CN1C2=C(C=C(C=C2)Cl)N=C1CNC(CN1C(C2CC2)=CC(C(F)F)=N1)=O,0.0038753664470277728
CC(C1N(CC(NCC2N(C)C3=C(C=C(C=C3)Cl)N=2)=O)C=CN=1)C,0.004811613936908543
CN1C2=C(C=C(C=C2)Cl)N=C1CNC(C1N(C2CCCC2)CC1)=O,0.006218346580862999
CN1C2=C(C=C(C=C2)Cl)N=C1CNC(CN1CCCC1)=O,0.004475089861080051
FC(C1C=C(C(N2CCC(CN3N=CN=C3)CC2)=O)C(=O)NC=1)(F)F,0.0022459223109763116
O=C(N1CCC(CN2N=CN=C2)CC1)COC1C(N2CCOCC2)=NSN=1,0.006114033539779485
FC(C1=NN(CC(N2CCC(CN3N=CN=C3)CC2)=O)C(C2CC2)=C1)F,0.005536015727557242
CC1OCCCN(CCCNC(C2=C3N(C(C4=CN=CC=C4)=CC=N3)N=C2)=O)C1,0.006898865313269198
CC1CS(=O)(=O)CCN(C(C(CN2CCOCC2)(C)C)=O)C1,0.009428239101544023
CC(C1N(CC(N2CC(C)CS(=O)(=O)CC2)=O)C=CN=1)C,0.00589974825270474
CN1C(=O)C=C(C(N2C(C3=CC=CC=C3)C3(CCC3)C2)=O)N=C1,0.012225158885121346
OC1C2(CCCC2)N(C(C2=C(O)C=CC(N3C=NC=C3)=C2)=O)CC1,0.0024579573539085684
CNC1=C(F)C=C(C(N2C3(CCCC3)C(O)CC2)=O)C=C1,0.004173191683366895
OC1C2(CCCC2)N(C(COC2C(N3CCOCC3)=NSN=2)=O)CC1,0.004444880574010312
CC1(CC2=C(ON=C2C(N2C3(CCCC3)C(O)CC2)=O)CC1)C,0.008498555794358254
CC1(OC(C2=CC(C(F)(F)F)=CC=C2)CN(C(CCCC2NN=NN=2)=O)C1)C,0.002030190289951861
CN(CC(NC(C1C(=O)NC=C(C(F)(F)F)C=1)=O)(C)C)C,0.002853310975478962
C[C@@H](C(NC1=C(C)N=CC=C1)=O)NC(C1N(C2CCCC2)CC1)=O,0.008396091125905513
CC1OCC2(CCC2)N(C(CCC(NC2=C(F)C=CC=C2F)=O)=O)C1,0.007649625139310956
CCC1NC(CC(N2C3(CCC3)COC(C)C2)=O)=NC=1,0.004656721069477498
CC1OCC2(CCC2)N(C(C2=CC(NCC3=NC=CC=C3)=CC=C2)=O)C1,0.008099794574081897
CC1OCC2(CCC2)N(C(C2=C(O)C=CC(N3C=NC=C3)=C2)=O)C1,0.00410894718952477
CC(C1C(C)=NN(C)C=1)NC(C1=C(C(F)(F)F)C=NN1)=O,0.0031669515825342386
CC(C1=CC2=C(N(C(C2)=O)C)C=C1)NC([C@H]1[C@H](C2CCOCC2)C1)=O,0.00955629019299522
CC(C1=CC2=C(N(C(C2)=O)C)C=C1)NC(C1N2C(CCCC2)=NC=1C(F)F)=O,0.004947693785652518
COC1=C(F)C=C(CCNC(C2N(CC3CCC3)N=CC=2)=O)C=C1,0.008433786523528396
O=C(NC1CC(C2=CC=CC=C2)C1)CC1OC(C2=CC=CC=C2)=NN=1,0.007880957867018878
CN(CCN1N=CC(C(NC2CC(C3=CC=CC=C3)C2)=O)=C1)C,0.010430876491591334
CC1C(C(NC2CC(C3=CC=CC=C3)C2)=O)=NOC=1,0.010480026574805379
CCCC1C(NC(C2C(C)=CON=2)=O)CCCC1,0.015532205440104007
CCCC1C(NC(CCC2=NNN=N2)=O)CCCC1,0.006224310514517129
CCCC1C(NC(C2=NC=NC(N3CCOCC3)=C2)=O)CCCC1,0.009030904062092305
CC1=C(CO)C=C(C(NC2C(CC3=CC=CC=C3)CCCC2)=O)O1,0.00652915898244828
CCN(CC(N1CCN(C(C2=C(C(C)(C)C)N=CN2)=O)CC1)=O)CC,0.004303009936120361
CCN(CC(N1CCN(C(C2=NN3C(N=CC=C3)=C2)=O)CC1)=O)CC,0.007978780125267804
CC(NC1=CC=C(CCNC(C2N(CC3CCC3)N=CC=2)=O)C=C1)=O,0.006809385376982391
COCC1=C(C(NCCC2=CC=C(NC(C)=O)C=C2)=O)C=CS1,0.005646736640483141
CC(NC1=CC=C(CCNC(C2C(C)=CN(C3CCOCC3)N=2)=O)C=C1)=O,0.006939428416080773
COC1=C(C)C(C(NCCC2=CC=C(NC(C)=O)C=C2)=O)=CN=C1,0.005618159682489932
CC(NC1=CC=C(CCNC(C2=NC=NC(N3CCOCC3)=C2)=O)C=C1)=O,0.0040014129946939645
CC(NC1=CC=C(CCNC(C2(CC(=C)C2)C)=O)C=C1)=O,0.010240604542195797
CC(NC1=CC=C(CCNC(CC2=C3N(CCCC3)N=C2)=O)C=C1)=O,0.00800290391780436
CC(NC1=CC=C(CCNC(C2C(C)=CON=2)=O)C=C1)=O,0.005733422213234007
CC(C1=C(NC(CN2[C@@H]3[C@@H]([C@@H](C3(C)C)O)CCC2)=O)C=CC=C1)C,0.0033817299867223483
COC1=CC(CN(C(CN2[C@@H]3[C@@H]([C@@H](C3(C)C)O)CCC2)=O)C)=CC=C1,0.0038091220609203446
CN(C(CN1[C@@H]2[C@@H]([C@@H](C2(C)C)O)CCC1)=O)CC1OC=CC=1,0.0036395384719071443
CC1=C(OCC(CN2[C@@H]3[C@@H]([C@@H](C3(C)C)O)CCC2)O)C=CC=C1,0.003924976003690972
NC(C1=CC(CN2CCC(C(F)F)OCC2)=CC=C1)=O,0.004402510833460838
CC(S(CC(N1C[C@]2(C)[C@](CNC2)(C)C1)=O)(=O)=O)(C)C,0.008586163306608796
CC1N(CC2=NC=CC=C2)C(C)=C(C(N2C[C@]3(C)[C@](CNC3)(C)C2)=O)C=1,0.010532959084957837
C[C@]12CN(C(CCC3OC(C4=C(Cl)C=CC=C4)=CN=3)=O)C[C@@]1(C)CNC2,0.006211917847394943
C[C@]12CN(C(CCC3OC(C4=C(F)C=CC=C4)=CN=3)=O)C[C@@]1(C)CNC2,0.005409772670827806
CC(N1C2=C(C(C(N3C[C@]4(C)[C@](CNC4)(C)C3)=O)=CC(=N2)C)C=N1)C,0.009131364873610437
C[C@]12CN(C(C3N(C4=CC=C(F)C=C4)C=NC=3)=O)C[C@@]1(C)CNC2,0.004752194904722273
C[C@]12CN(C(CCNS(C3=CC=CC=C3)(=O)=O)=O)C[C@@]1(C)CNC2,0.005803294689394533
CC1=C(C(N2C[C@]3(C)[C@](CNC3)(C)C2)=O)C(C2=CC=CC=C2)=NO1,0.008474871097132564
COC1=C(OCC(C)C)C=CC(C(N2C[C@]3(C)[C@](CNC3)(C)C2)=O)=C1,0.012167241284623742
CC1ON=C(N2C(C)=C(C(NC3CC(C)(C)CNCC3)=O)C=C2C)C=1,0.010673998249694705
O=C(C1=NNC(C2CC2)=C1)N[C@@]12CCO[C@@H]1CCC2,0.006253436044789851
O=C(C1=CC(NC2=NC=CC=N2)=CC=C1)N[C@@]12CCO[C@@H]1CCC2,0.005555369867943227
O=C(C1=CC(S(NC2CCCC2)(=O)=O)=CC=C1)N[C@@]12CCO[C@@H]1CCC2,0.0070816741557791826
CC1=CC=C(N2N=NC(C(NC3CC(C)(C)CNCC3)=O)=C2)C=C1,0.007845112844370306
CC1C(C2=NNC(C(NC3CC(C)(C)CNCC3)=O)=C2)=C(C)N(C)N=1,0.0067905941745266315
O=C(C1=CC(CS(C2=CC=CC=C2)(=O)=O)=CC=C1)N[C@@]12CCO[C@@H]1CCC2,0.008044938021339477
O=C(C1=CC(OCC2=CN=CC=C2)=CC=C1)N[C@@]12CCO[C@@H]1CCC2,0.0077333756722509864
CC1=C(C(N[C@@]23CCO[C@@H]2CCC3)=O)C=NC=N1,0.008335025305859745
CC1=C(C(N[C@@]23CCO[C@@H]2CCC3)=O)OC(Br)=C1,0.013339887093752622
CC1(CC(NC(C2=CC(F)=C(N3CCOCC3)C=C2)=O)CCNC1)C,0.007296003634110093
CC1=C(C2=CC=CC=C2)OC(CCC(NC2CC(C)(C)CNCC2)=O)=N1,0.007756698504090309
O=C(N[C@@]12CCO[C@@H]1CCC2)CCCN1N=CN=C1,0.007685059076175093
CC1(CC(NC(CC2(CC2)CN)=O)CCNC1)C,0.016543274838477375
CC1=C(C(N[C@@]23CCO[C@@H]2CCC3)=O)N=CC=C1,0.009591514617204666
CN1C2=C(C=CC=N2)CN(C(C2=CC(N3C(=O)CCC3)=C(Cl)C=C2)=O)CC1,0.0064967196667566895
CN1C2=C(C=CC=N2)CN(C(C2CS(=O)(=O)CC2)=O)CC1,0.0065885107731446626
CN1C2=C(C=CC=N2)CN(C(CC2=C(C)N(C3=CC=CC=C3)N=C2C)=O)CC1,0.008123218570835889
CN1C2=C(C=CC=N2)CN(C(COC2=CC(N3C(=O)CCC3)=CC=C2)=O)CC1,0.007457284396514297
CN1C2=C(C=CC=N2)CN(C(C2=CC=C(OC3COCC3)C=C2)=O)CC1,0.008025223296135664
CN1C2=C(C=CC=N2)CN(C(C2=C3C(N=NN3)=CC=C2)=O)CC1,0.0032748562400229273
CN1C2=C(C=CC=N2)CN(C(CC2=CC3=C(NN=C3)C=C2)=O)CC1,0.003643906186334789
CN1C2=C(C=CC=N2)CN(C(C(C2=C(C)ON=C2C)(C)C)=O)CC1,0.009786392655223608
CN1C2=C(C=CC=N2)CN(C(C2=NOC(COC3=C(F)C=CC=C3)=C2)=O)CC1,0.007613252988085151
CN1C2=C(C=CC=N2)CN(C(C2=C(C)OC(C#N)=C2)=O)CC1,0.005682031169999391
CN1C2=C(C=CC=N2)CN(C(CC2OCCO2)=O)CC1,0.007770696445368231
CN1C2=C(C=CC=N2)CN(C(C2ON=C(C3CC3)C=2)=O)CC1,0.00795416496694088
CN1C2=C(C=CC=N2)CN(C(C2=C3C(N(N=N3)C)=NC=C2)=O)CC1,0.007299324148334563
CCC(C(N1CC2=C(N=CC=C2)N(C)CC1)=O)(C#N)C,0.005427604048031753
COC1=C(OC)C(C)=C(C(N2CC3=C(N=CC=C3)N(C)CC2)=O)C=C1,0.009297138778492808
CN1C2=C(C=CC=N2)CN(C(CN2N=CC(Cl)=C2)=O)CC1,0.005553941684775054
COC1=CC=C(C2=C(C(N3CC4=C(N=CC=C4)N(C)CC3)=O)N=CO2)C=C1,0.006304667657241225
CN1C2=C(C=CC=N2)CN(C(CCCN2C(C)=CC(=O)C=C2C)=O)CC1,0.009887996781617402
CN1C2=C(C=CC=N2)CN(C(CC2=C(C)N(C)N=C2)=O)CC1,0.007972600194625557
COCC1(C(N2CC3=C(N=CC=C3)N(C)CC2)=O)CCOCC1,0.009343435103073717
CN1C2=C(C=CC=N2)CN(C(C2C(Br)=CN(C)N=2)=O)CC1,0.00952634927816689
CN1C2=C(C=CC=N2)CN(C(C(C2=CC3=C(OCO3)C=C2)(C)C)=O)CC1,0.009630045387893915
CN1CC2=C(NC3=C2C=C(C(N2CC4=C(N=CC=C4)N(C)CC2)=O)C=C3)CC1,0.005625342833809555
CC(C1OC(C(N2CC3=C(N=CC=C3)N(C)CC2)=O)=C(C)N=1)C,0.006941874581389129
CN1C2=C(C=CC=N2)CN(C(C2=C(C)NC(C)=N2)=O)CC1,0.0031739204190671445
CN1C2=C(C=CC=N2)CN(C(C2=CC(F)=C(CO)C=C2)=O)CC1,0.003270004678051919
CCN1C(C(N2CC3=C(N=CC=C3)N(C)CC2)=O)=NC=C1,0.005776959890499711
O=C1C2(CCN(C3=C4C(SC=C4)=NC(C4=NC=CC=C4)=N3)CC2)CCN1,0.005594597337767482
CCC1=NC=NC(N2CCC3(C(=O)NCC3)CC2)=C1,0.007123014819808304
O=C1C2(CCN(C3N4C(=CC=N4)N=C(C4=CC=CC=C4)C=3)CC2)CCN1,0.007025918993167579
O=C1C2(CCN(C3SN=C(C4CCCC4)N=3)CC2)CCN1,0.010030720196664334
FC1=C(N2CCC3(C(=O)NCC3)CC2)N=CC(C#N)=C1,0.0048289931961335245
CC1=C2C(N=C(N3CCC4(C(=O)NCC4)CC3)O2)=CC=C1,0.006214558728970587
CC1C(C(NCC(C2=C(F)C=CC=C2)(C)C)=O)=NN(C2CCOCC2)C=1,0.007417468656785786
CC(C1=C(F)C=CC=C1)(CNC(C[C@H]1C(=O)NC2=C(C=CC=C2)C(=O)N1)=O)C,0.007185538019984961
CC(CCNC(C1C(=O)NC=C(C(F)(F)F)C=1)=O)C,0.002823038346832618
CC(CCNC(C1C(C(F)(F)F)CS(=O)(=O)C1)=O)C,0.0040487369607717484
FC(C1C=C(C(NCC2CCCCC2)=O)C(=O)NC=1)(F)F,0.0035314135486260055
CC1=C(C(NCC2CCCCC2)=O)N=CN1,0.005333017359953373
CN(C(C1(C(=O)N(C)CC1)CC1=CC=CC=C1)=O)CC1OC=CC=1,0.01127659403719008
CN1C(=O)C=C(C(NC2=CC3=C(OCCCO3)C=C2)=O)N=C1,0.007339979661628604
CCC1NC(CC(NC2=CC3=C(OCCCO3)C=C2)=O)=NC=1,0.0033170387789141385
FC(C1=NN(CC(NC2=CC3=C(OCCCO3)C=C2)=O)C(C2CC2)=C1)F,0.0051864531822502615
CC(N1C2=C(C=C(C=N2)NC(C2=C(C(F)F)C=CS2)=O)C=N1)C,0.0042311129160225395
COC1=CC=C(CN2C(C(NC3=CC4=C(N(C(C)C)N=C4)N=C3)=O)CC2)C=C1,0.006735885422676802
CC(N1C2=C(C=C(C=N2)NC(CC2CCN(CC(F)F)CC2)=O)C=N1)C,0.004877907177433372
CC(N1C2=C(C=C(C=N2)NC(C2N(C3CCCC3)CC2)=O)C=N1)C,0.008461137488484382
CC(N1C2=C(C=C(C=N2)NC(C2N=CN(C)C(=O)C=2)=O)C=N1)C,0.006566443201154471
CC(C1N(CC(NC2=CC3=C(N(C(C)C)N=C3)N=C2)=O)C=CN=1)C,0.00493386295856908
CC(N1C2=C(C=C(C=N2)NC(C2=C(C)NC=N2)=O)C=N1)C,0.002956719195935875
CC(N1C2=C(C=C(C=N2)NC([C@H]2N(C)CCCC2)=O)C=N1)C,0.006016373308375478
CC1N=C2N(C=CC(C(N3CCN(C4=CC(O)=CC=C4)CC3)=O)=C2)C=1,0.002669815591070801
OC1=CC(N2CCN(C(C3=C(C(F)(F)F)N=CO3)=O)CC2)=CC=C1,0.001870271418010816
CC(CC(N1C=NC=C1)C(N1CCN(C2=CC(O)=CC=C2)CC1)=O)C,0.0032809661119244994
CCC(C(C(N1CCN(C2=CC(O)=CC=C2)CC1)=O)O)(C)C,0.0030351841007359324
CN1C(=O)C(C(N2CCN(C3=CC(O)=CC=C3)CC2)=O)(C)CC1,0.005199466599151492
CC1(CC2=C(ON=C2C(N2CCN(C3=CC(O)=CC=C3)CC2)=O)CC1)C,0.006080854730680585
CN1C(C2N(C(C3=C(O)C=CC(N4C=NC=C4)=C3)=O)CCC2)=CC=C1,0.004456967301666737
CN(CCN1C2=C(C=CC(C(N3C(C4N(C)C=CC=4)CCC3)=O)=C2)NC1=O)C,0.0045086227473802865
O=C(NC1CCN(C(C2=COC=C2)=O)CC1)CC1=C2C(C=CC=C2)=CN=C1,0.006362375244498253
FC(CN1CCC(CC(NC2CCN(C(C3=COC=C3)=O)CC2)=O)CC1)F,0.007022030488587916
CN1C(=O)C(C(NC2CCN(C(C3=COC=C3)=O)CC2)=O)(C)CC1,0.010226607741788029
CN1C(=O)C(C(NC2CCN(C(C3=COC=C3)=O)CC2)=O)CCCC1,0.010236959904432297
CC(CC(N1CCN(C(C2C3=C(CCC(C3)(C)C)ON=2)=O)CC1)=O)C,0.013084577955305576
COC1=CC=C(CN2C(C(N3CCN(C(CC(C)C)=O)CC3)=O)CC2)C=C1,0.01138366493396461
CNC1=C(F)C=C(C(N2CCN(C(CC(C)C)=O)CC2)=O)C=C1,0.005980614013969899
CC(CC(N1CCN(C(C2C(=O)N(C)CCCC2)=O)CC1)=O)C,0.012812156463041902
CC(CC(N1CCN(C(CCC(NC2=C(F)C=CC=C2F)=O)=O)CC1)=O)C,0.006653972319327295
CC(CC(N1CCN(C(COC2C(N3CCOCC3)=NSN=2)=O)CC1)=O)C,0.007923782779835164
CC(C1N(CC(N2C(C3=NOC(C)=C3)CCC2)=O)C=CN=1)C,0.006969626271165907
NC(C1=CC=C(CN(C(CC2CCN(CC(F)(F)F)CC2)=O)C2CC2)C=C1)=O,0.006136475189123303
NC(C1=CC=C(CN(C(CN2C3=C(C=CC=N3)C=N2)=O)C2CC2)C=C1)=O,0.007084709359332919
CN1C(=O)C(C(N2CCN(C(C3=CC=C(F)C=C3)=O)CC2)=O)(C)CC1,0.008514211047440767
CC1N=C2N(C=CC(C(N3CCN(C(C4=CC=C(F)C=C4)=O)CC3)=O)=C2)C=1,0.004795730044133961
CNS(C1=CC(C(NC(C2N3C(CCCC3)=CN=2)=O)C)=CC=C1)(=O)=O,0.003792418434750289
ClC1=CC=C(C2(CC2)CNC(C[C@H]2C(=O)NC3=C(C=CC=C3)C(=O)N2)=O)C=C1,0.007389826490543783
CC1C(C(NCC2(C3=CC=C(Cl)C=C3)CC2)=O)=NN(C2CCOCC2)C=1,0.010091044893488287
CC1(C(NC2SC=C(CN3CCN(C4=NC=CC=C4)CC3)N=2)=O)CC(=C)C1,0.006961046694777906
CCC1SC=C(CN(C(CCC2OC(C)=NN=2)=O)C)N=1,0.008267732197418809
CCC1SC=C(CN(C(COC2C(N3CCOCC3)=NSN=2)=O)C)N=1,0.00737250498495996
CCC1SC=C(CN(C(C2=C(C)NC=N2)=O)C)N=1,0.0033845947473309934
CN1[C@H](C(NCC2(C3=CC4=C(OCO4)C=C3)CCOCC2)=O)CCCC1,0.009533319855108857
CC1=C(C(NCC2(C3=CC4=C(OCO4)C=C3)CCOCC2)=O)N=CN1,0.0035301015595905483
CN1C(=O)C(C(NCC2(C3=CC4=C(OCO4)C=C3)CCOCC2)=O)CCCC1,0.010155261447653174
CC(C1=CC=C(OCC(F)(F)F)C=C1)NC(C1=C2C(OCC(N2)=O)=CC=C1)=O,0.0065883843111805614
CC(C1=CC=C(OCC(F)(F)F)C=C1)NC(CN1C2=C(C=CC=N2)C=N1)=O,0.00440857230569236
CCN(C(COC1C(N2CCOCC2)=NSN=1)=O)CC1=COC=C1,0.007382520055398345
CCN(C(CC1NC(CC)=CN=1)=O)CC1=COC=C1,0.004073123540729284
C[C@H](C(NC1=CC2=C(OC(N2C)=O)C=C1)=O)N(C)C,0.004204096656758338
CN1C2=C(C=CC(=C2)NC(C2N(C3CCCC3)CC2)=O)OC1=O,0.006578163662925363
CC(C1N(CC(NCC2=CC(OCC(F)F)=CC=C2)=O)C=CN=1)C,0.0034085063496604564
CC1=C(C(NCC2=CC(OCC(F)F)=CC=C2)=O)N=CN1,0.0023935029457788914
CNC(C1=C(NC([C@H]2N(C)CCCC2)=O)C=CC(OC)=C1)=O,0.006119660660624504
CNC(C1=C(NC(C(OC)OC)=O)C=CC(OC)=C1)=O,0.008678780309855938
CC(C1SC=C(CCNC(C2=C(F)C=NC=C2F)=O)N=1)C,0.005898947990499437
CC(C1SC=C(CCNC(C2C(=O)NC=C(C(F)(F)F)C=2)=O)N=1)C,0.0023386820394080132
CC(C1=C(C(N2CCS(=O)(=O)CC2)=O)NC=N1)(C)C,0.0034890367765910923
OC1=C2C(C=CC=C2C(N2CCS(=O)(=O)CC2)=O)=CC=C1,0.004310205462388694
O=C(C1(C2=NC=CC=C2)CC1)N1CCS(=O)(=O)CC1,0.007778550032526255
O=C(N1CCS(=O)(=O)CC1)CC1=CC=C(N2C=NC=C2)C=C1,0.004482952586840838
FC1=C(C(N2CCS(=O)(=O)CC2)=O)C=C(Cl)C=C1Cl,0.007549167657271027
CCOC1=C(CCNC(C2=C(C)C(OC)=CN=C2)=O)C=CC=C1,0.00817599247675389
OCC1ON=C(C(N2CCN(C(C3=C(F)C=CC=C3F)=O)CC2)=O)C=1,0.0034942784113809466
CON1CCC(C(N2CCN(C(C3=C(F)C=CC=C3F)=O)CC2)=O)CC1,0.001771763921715319
FC1=C(C(N2CCN(C(C3C(=O)NCCC3)=O)CC2)=O)C(F)=CC=C1,0.00559154599905014
CC1C(C(N2CCN(C(C3=C(F)C=CC=C3F)=O)CC2)=O)=NOC=1,0.007232889509759843
CC(OC1=CC(NC(C2N=CN(C)C(=O)C=2)=O)=CC(Br)=C1)C,0.007800564542412758
CNC(CN1CCN(C(C2=CC3N(C=C(N=3)C)C=C2)=O)CC1)=O,0.0036938139237463474
CCC1N(CC(C)C)N=CC=1NC(C1=CC2=C(NC(N2CCN(C)C)=O)C=C1)=O,0.003827842650935054
CCC1N(CC(C)C)N=CC=1NC(C1N(C2CCCC2)CC1)=O,0.012400213535875082
CCC1N(CC(C)C)N=CC=1NC(C(OC)OC)=O,0.008806148916482926
CCC1N(CC(C)C)N=CC=1NC(C(C(CC)(C)C)O)=O,0.005980820674449205
CCC1N(CC(C)C)N=CC=1NC(C1C(C(F)(F)F)CS(=O)(=O)C1)=O,0.004310451445053332
CCC1N(CC(C)C)N=CC=1NC(CC1CCN(CC(F)F)CC1)=O,0.006295104348100722
CCC1N(CC(C)C)N=CC=1NC(C1=C(F)C=NC=C1F)=O,0.007202982017770409
CN1C(=O)C(C(NC2C=C(C)C(=O)NC=2)=O)(C)CC1,0.004549606132786721
CN1[C@H](C(NC2C=C(C)C(=O)NC=2)=O)CCCC1,0.0038726482773199676
FC(C1CCN(C(CCN2C(=O)NC(=O)C(C#N)=C2)=O)CC=1)(F)F,0.0024043953220825643
CN1CC2=C(C=CC=C2)C(NC(CN2C(C3CC3)=CC(C(F)F)=N2)=O)C1,0.006427393900230527
CN1C(=O)C(C(NC2C3=C(C=CC=C3)CN(C)C2)=O)(CC2=CC=CC=C2)CC1,0.010655221156775951
CN1CC2=C(C=CC=C2)C(NC(C2=C(C(F)(F)F)N=CO2)=O)C1,0.004053661529906094
CN1CC2=C(C=CC=C2)C(NC(C2C(C(F)(F)F)CS(=O)(=O)C2)=O)C1,0.004842898928836803
CC(C1N(CC(NC2C3=C(C=CC=C3)CN(C)C2)=O)C=CN=1)C,0.005923958052881062
CCC(C1=C(C)ON=C1C)NC(C1=C(C)NC=N1)=O,0.00384502726374194
CCC(C1=C(C)ON=C1C)NC(C1C(=O)NC=C(C(F)(F)F)C=1)=O,0.003251160931540653
CCC(C1=C(C)ON=C1C)NC([C@H]1N(C)CCCC1)=O,0.009129284508526325
CCC(C1=C(C)ON=C1C)NC(C1=C(C(F)F)C=CS1)=O,0.005118678184226155
CCC(C1=C(C)ON=C1C)NC(CN1C2=C(C=CC=N2)C=N1)=O,0.006839456874877215
CC(C1OCCN(C(CCCC2NN=NN=2)=O)C1)C,0.003313170897308737
CC(C1OCCN(C(C2=CC3=C(NC(N3CCN(C)C)=O)C=C2)=O)C1)C,0.0036146551836282017
CC1C(=O)N(C)CCN1C(C1=C(N)C2=C(N=CC=C2)S1)=O,0.0029346279567107557
CCC1NC(CC(N2C(C)C(=O)N(C)CC2)=O)=NC=1,0.0028246536036022007
CC1C(=O)N(C)CCN1C(C1=CC2N(C=C(N=2)C)C=C1)=O,0.004820723703596741
CC(CN1C(=O)C(C)N(C(C2C(=O)NC=C(C(F)(F)F)C=2)=O)CC1)C,0.003075286978855729
CNC1=C(F)C=C(C(N2C(C)C(=O)N(CC(C)C)CC2)=O)C=C1,0.0064409369137138125
OCCC1N(C(C2=C(O)C=CC(N3C=NC=C3)=C2)=O)CCC1,0.0018270487955305726
CCC1NC(CC(N2C(CCO)CCC2)=O)=NC=1,0.0017458693328080699
OCCC1N(C(C2=NOC(C3=CC(O)=CC=C3)=C2)=O)CCC1,0.0027088863658718764
CN(CCN1C2=C(C=CC(C(N3CCN(C4NC=CN=4)CC3)=O)=C2)NC1=O)C,0.002266776596661657
FC(C1C=C(C(N2CCN(C3NC=CN=3)CC2)=O)C(=O)NC=1)(F)F,0.0012045733150443994
O=C(C1=CC(NCC2=NC=CC=C2)=CC=C1)N1CCN(C2NC=CN=2)CC1,0.002376868843566626
COC(C(N1CCN(C2NC=CN=2)CC1)=O)OC,0.002576008706819266
CN(CC1(C(N2CCN(C3NC=CN=3)CC2)=O)CC1)C,0.003999980783555656
FC(C1C(C(N2CCN(C3NC=CN=3)CC2)=O)CS(=O)(=O)C1)(F)F,0.0016510721304484831
CC(C1N(CC(N2CCN(C3NC=CN=3)CC2)=O)C=CN=1)C,0.002582164597697556
CC1CN(C(C2=CC(N3C(N)=NN=N3)=CC=C2)=O)C1,0.0038023127359338104
CC1OC(CCC(N2CC(OC3=CC=C(Cl)C=C3)CC2)=O)=NN=1,0.006903176964260638
CC(CC(N1C=NC=C1)C(NC1N(CCN(C)C)N=CC=1)=O)C,0.0058915967820212245
CN(CCN1C(NC(C2=C(N)C3=C(N=CC=C3)S2)=O)=CC=N1)C,0.0028688682825304566
COCCN1C2CC(N(C(C3=C(N)C4=C(N=CC=C4)S3)=O)C)CC1CC2,0.004695361503399909
COCCN1C2CC(N(C(C3(C(=O)N(C)CC3)C)=O)C)CC1CC2,0.014280300680547952
COCCN1C2CC(N(C(C3C(=O)N(C)CCCC3)=O)C)CC1CC2,0.014525066409260035
CCC1=CC(N(C(CCN2C(=O)NC(=O)C(C#N)=C2)=O)C)=CC=C1,0.002678199060028419
CCC1=CC(N(C(CCCC2NN=NN=2)=O)C)=CC=C1,0.0026667235535569487
CC1N=C2N(C=CC(C(NC[C@@H]3[C@@H](O)CCC3)=O)=C2)C=1,0.0022095917258411644
O[C@@H]1[C@@H](CNC(CC2CCN(CC(F)(F)F)CC2)=O)CCC1,0.002271897166792769
CC(N(C(C1=C2C(OCC(N2)=O)=CC=C1)=O)C)CCO,0.005319400015287102
CC1(N(C(CCC2=NNN=N2)=O)CCC1)C,0.004351075901649892
CC[C@H]1N(C)CC[C@@H]1C(NC1CC2=C(C(=CC=C2)OC)OC1)=O,0.011060048476792872
COC1=C2C(CC(NC(C3OC(C)=C(CO)C=3)=O)CO2)=CC=C1,0.004777310427743942
COC1=C2C(CC(NC(CC3=C4N(CCCC4)N=C3)=O)CO2)=CC=C1,0.010789360385388136
COC1=C2C(CC(NC(C3=C(CC#N)C=CC=C3)=O)CO2)=CC=C1,0.0065062222583947005
CCN(C(C1=CN(CCN(C)C)N=C1)=O)CC1=CC=C(C(N(C)C)=O)C=C1,0.012556116934865713
CCN(C(CCC1N=NNC=1)=O)CC1=CC=C(C(N(C)C)=O)C=C1,0.004742228309623897
CCN(C(CC1=CC=C(N2C=NC=C2)C=C1)=O)CC1=CC=C(C(N(C)C)=O)C=C1,0.0071905834134668115
CCN(C(C1=CN(CC2CCCC2)N=C1)=O)CC1=CC=C(C(N(C)C)=O)C=C1,0.013406910840421915
CCOC(C(N1CCN(CC2OC(C)=C(C)N=2)CC1)=O)(C)C,0.0072853125398978594
COCCN1N=CC(C(N2CCN(CC3OC(C)=C(C)N=3)CC2)=O)=C1,0.0061257676221430305
COC1=C(C)C(C(N2CCN(CC3OC(C)=C(C)N=3)CC2)=O)=CN=C1,0.0063813325017690655
CC(C(N1CCN(CC2OC(C)=C(C)N=2)CC1)=O)OCC1=CC(C)=CC=C1,0.008048256952315569
CON1CCC(C(N2CCN(CC3OC(C)=C(C)N=3)CC2)=O)CC1,0.002057600044645369
CN(CCN1N=CC(C(N2CCN(CC3OC(C)=C(C)N=3)CC2)=O)=C1)C,0.007228969736024738
CC1=C(C)OC(CN2CCN(C(C3=CC=C(C4N=CNC=4)C=C3)=O)CC2)=N1,0.0026607305801007895
CC1(C(=O)NCCN1C(CC1=C2N(CCCC2)N=C1)=O)C,0.0075756180565804245
CC(C(N1C(C)(C)C(=O)NCC1)=O)OCC1=CC(C)=CC=C1,0.008254438475705683
CC1CC2N(C=C(C(N3C(C)(C)C(=O)NCC3)=O)N=2)CC1,0.004859364323783666
CCOCN1C(C)=C(CC(C(N2C(C)(C)C(=O)NCC2)=O)C)C(C)=N1,0.007971084699966014
CC1(C(=O)NCCN1C(C1C(=O)NCCC1)=O)C,0.006878298800438642
CC1(C(=O)NCCN1C(C1OC2=C(C=CC(=C2)O)OC1)=O)C,0.004509909264743328
O=C(C1N2C(CCCC2)=CN=1)NC(C1=CN=CC=C1)C1=CC=CC=C1,0.00637820535339415
CN(CCN(C(C1OC(C)=C(CO)C=1)=O)CC1=CC(C)=CC=C1)C,0.006518770800903439
O=C(N1CCN(C([C@H]2[C@H](C3CCOCC3)C2)=O)CC1)CN1CCCC1,0.012015351851005107
O=C(N1CCN(C(C2(C3=C4C(C=CC=C4)=CC=N3)CC2)=O)CC1)CN1CCCC1,0.008854974247515201
O=C(C1=NC=NC(N2CCOCC2)=C1)N1CCC(COC2=CC=CC=C2)CC1,0.007520187483169139
O=C(N1CCC(COC2=CC=CC=C2)CC1)CC1OC(C2=CC=CC=C2)=NN=1,0.008485260186716914
O=C(C1=C(CC#N)C=CC=C1)N1CCC(COC2=CC=CC=C2)CC1,0.007234698961110553
CC(N1C(CNC(C2N=C3N(CCC(C3)C)C=2)=O)=NN=C1)C,0.006169714755378664
CC(N1C(CNC(CC2=CC=C(N3C=NC=C3)C=C2)=O)=NN=C1)C,0.004674753069411963
CC(N1C(CNC(C2=C(C(C)(C)C)N=CN2)=O)=NN=C1)C,0.0033854157198220493
CC(N1C(CNC(C2C(C)=NOC=2)=O)=NN=C1)C,0.006812059716321528
CC(N1C(CNC([C@@]23CCO[C@@H]2CCC3)=O)=NN=C1)C,0.00914523722603917
CC(N1C(CNC(C2=C(C)N=C(C3COCC3)S2)=O)=NN=C1)C,0.007053037756122649
CCC1=C(C(NCC2N(C(C)C)C=NN=2)=O)C=C(F)C=C1,0.005655848002061248
CC(N1C(CNC(C2=C(C3OCCC3)NN=C2)=O)=NN=C1)C,0.005025900062173605
CN(C1CCCC1)CCNC(C1=CN(CC2CCCC2)N=C1)=O,0.01632923912256956
CN(C1CCCC1)CCNC(C1C(=O)NCCC1)=O,0.011741480091586709
CN(C1CCCC1)CCNC(C1=C(CC#N)C=CC=C1)=O,0.008183703080794658
CC(C1N=C(CCNC(C2N3C(C=CC=C3)=CN=2)=O)SC=1)(C)C,0.00436475002206862
COC1=C(C)C(C(NCCC2SC=C(C(C)(C)C)N=2)=O)=CN=C1,0.007652625953778624
CCOCN1C(C)=C(CC(NCCC2SC=C(C(C)(C)C)N=2)=O)C(C)=N1,0.008734299382194877
CC1=C(CO)C=C(C(NCCC2SC=C(C(C)(C)C)N=2)=O)O1,0.0043237279169261456
CC(C1N=C(CNC(C2N3C(CCCC3)=CN=2)=O)SC=1)(C)C,0.006387429567985237
COC1=C(C(NCC2SC=C(C(C)(C)C)N=2)=O)C(OC)=NC=C1,0.006872656894847751
COC1=C(C(NCC2SC=C(C(C)(C)C)N=2)=O)N=CC=C1,0.007418544823303818
CC(C1N=C(CNC(C2=C(C(F)(F)F)C=NN2)=O)SC=1)(C)C,0.002475005085580051
CC1C(C(NCC2SC=C(C(C)(C)C)N=2)=O)=CON=1,0.007691784226335585
CC(C1=C(C(NCC2(N3CCCC3)CCOCC2)=O)NC=N1)(C)C,0.005718246847391128
O=C(C1(C2=NC=CC=C2)CC1)NCC1(N2CCCC2)CCOCC1,0.011677455436438323
O=C([C@@]12CCO[C@@H]1CCC2)NCC1(N2CCCC2)CCOCC1,0.014806868182495237
COC1=C(C(NCC2(N3CCCC3)CCOCC2)=O)C(OC)=NC=C1,0.008478871989063918
CCN1C(C)=C(C(NCC2(N3CCCC3)CCOCC2)=O)C=N1,0.01103103244677186
O=C(C1N2C(CCCC2)=CN=1)NCC1(N2CCCC2)CCOCC1,0.007941275974735618
CC(C1OC(CN2[C@@H]3[C@@H]([C@@H](C3(C)C)O)CCC2)=NN=1)C,0.0036416046174053917
COCCC1N=C(CN2[C@@H]3[C@@H]([C@@H](C3(C)C)O)CCC2)ON=1,0.0036774101334231092
CC1([C@H]2[C@H](CCCN2C[C@H](COCC2=CC=CC=C2)O)[C@@H]1O)C,0.0034750530616975083
CCN1N=C(CC(N2C[C@]3(C)[C@](CNC3)(C)C2)=O)C=C1,0.008874705084599555
CC1=CC(=O)N(CC(N2C[C@]3(C)[C@](CNC3)(C)C2)=O)C=C1,0.008106093574315309
COCC1=C(C(N2C[C@]3(C)[C@](CNC3)(C)C2)=O)SC=N1,0.007342958357185125
CCN1C(C(N2C[C@]3(C)[C@](CNC3)(C)C2)=O)=CC=N1,0.008455968159250916
C[C@]12CN(C(C3=NC4=C(C=CN4)C=C3)=O)C[C@@]1(C)CNC2,0.00463791023939848
CN1C2=C(C=C(C(N3C[C@]4(C)[C@](CNC4)(C)C3)=O)C=N2)N=N1,0.00626255648676306
CN(C(C1=CC=C(C(N2C[C@]3(C)[C@](CNC3)(C)C2)=O)C=C1)=O)C,0.010998806520365178
CC1N(C2=C(Cl)C=CC=C2Cl)N=C(C(N2C[C@]3(C)[C@](CNC3)(C)C2)=O)N=1,0.005235178011935205
CN(S(C1=CC=CC=C1)(=O)=O)CC(N1C[C@]2(C)[C@](CNC2)(C)C1)=O,0.006375328206922859
CCOC1=C(OCC)C(OCC)=CC(C(N[C@@]23CCO[C@@H]2CCC3)=O)=C1,0.0116218198556453
BrC1=CC(C(N[C@@]23CCO[C@@H]2CCC3)=O)=CN=C1,0.01226782351732254
COC1=C(OC)C=C(C(N[C@@]23CCO[C@@H]2CCC3)=O)C=C1,0.012023091642186045
OC1=NC2=C(C=CC=C2)C(C(N[C@@]23CCO[C@@H]2CCC3)=O)=C1,0.006365841021761298
C[C@]12CN(C(C3(CCCC3)CN)=O)C[C@@]1(C)CNC2,0.014944820012897254
COC1=C(OCC(N[C@@]23CCO[C@@H]2CCC3)=O)C=CC=C1,0.011818238347768784
COC1=C(C(C(N2C[C@]3(C)[C@](CNC3)(C)C2)=O)N)C=CC=C1,0.010667270235717296
CN(S(C1=CC=C(C(N[C@@]23CCO[C@@H]2CCC3)=O)C=C1)(=O)=O)C,0.005998311215080321
CC1=CC=C(S(NCC(N[C@@]23CCO[C@@H]2CCC3)=O)(=O)=O)C=C1,0.005606956942938268
CCOC1=C(OCC2=CN=CC=C2)C=CC(C(N[C@@]23CCO[C@@H]2CCC3)=O)=C1,0.008357558748684824
COCC1=NC2=C(C(=C(C(NC3CC(C)(C)CNCC3)=O)S2)C)C(OC)=N1,0.006408913712948561
CC(C1=NC2=C(C(=NO2)C)C(C(NC2CC(C)(C)CNCC2)=O)=C1)C,0.009264236083254218
CC1C(=O)N(CC(NC2CC(C)(C)CNCC2)=O)C2=C(C=CC=C2)O1,0.009172943886369467
O=C(N[C@@]12CCO[C@@H]1CCC2)CN1C(=O)CCCC1,0.009330908488482236
CC(S(C1=CC=C(F)C=C1)(=O)=O)C(N[C@@]12CCO[C@@H]1CCC2)=O,0.006645537680014968
CC1(CC(NC(COC2=CC=C(C(N)=O)C=C2)=O)CCNC1)C,0.009499478014186024
CC1=C(C(N[C@@]23CCO[C@@H]2CCC3)=O)SC(C2=NC=CC=N2)=N1,0.006680555175989866
FC1=CC2=C(N=CN2)C(C(N[C@@]23CCO[C@@H]2CCC3)=O)=C1,0.0031901153968647124
CC1C(C(NC2CC(C)(C)CNCC2)=O)=C2N(C(=CC(=N2)C)C)N=1,0.00944444164633751
O=C(C1=CC(N2C=NC=C2)=NC=C1)N[C@@]12CCO[C@@H]1CCC2,0.004848292074166238
CC1N(C2=CC=C(C)C=C2)N=NC=1C(NC1CC(C)(C)CNCC1)=O,0.008429250912740827
O=C(C1=NSN=C1)N[C@@]12CCO[C@@H]1CCC2,0.011355170607566833
CNC(COC1=C(OC)C=C(C(NC2CC(C)(C)CNCC2)=O)C=C1)=O,0.011384465917944907
CC(NC(NC1=CC=C(C(N[C@@]23CCO[C@@H]2CCC3)=O)C=C1)=O)C,0.005716112721711397
CC(C(N[C@@]12CCO[C@@H]1CCC2)=O)NC(C1SC(Br)=CC=1)=O,0.00861399075947702
O=C(C1OC(COC2=C(C#N)C=CC=C2)=CC=1)N[C@@]12CCO[C@@H]1CCC2,0.007574649853631854
CC1=C(C(N[C@@]23CCO[C@@H]2CCC3)=O)C=CC(C2OC=CC=2)=N1,0.008695657528005541
FC1=CC2=C(NC=C2CC(N[C@@]23CCO[C@@H]2CCC3)=O)C=C1,0.004518053180072456
O=C(C1=CC=C(NC2=CC=NC=C2)C=C1)N[C@@]12CCO[C@@H]1CCC2,0.007617123378440738
O=C(C1N=C(C2=CC=CC=C2)NC=1)N[C@@]12CCO[C@@H]1CCC2,0.0032861607265658676
FC1=CC=C(N2N=C(C(N[C@@]34CCO[C@@H]3CCC4)=O)C(Br)=C2)C=C1,0.007538618287071586
CC1(CC(NC(C(C2=CC(F)=CC=C2)N2CCOCC2)=O)CCNC1)C,0.007481406652368605
FC1=C(CC2SC=C(C(N[C@@]34CCO[C@@H]3CCC4)=O)N=2)C=CC=C1,0.006231782236136496
CCC([C@@H](C(NC1CC(C)(C)CNCC1)=O)N)C,0.014151200046762824
CC1(CC(NC(CNC2CC2)=O)CCNC1)C,0.013666179962456226
FC1=CC2=C(NC(C=C2C(N[C@@]23CCO[C@@H]2CCC3)=O)=O)C=C1,0.003711390565149486
CC1(CC(NC(C2C3(CCNCC3)C2)=O)CCNC1)C,0.013341248128563165
O=C(C1SC=C(C#N)C=1)N[C@@]12CCO[C@@H]1CCC2,0.006628214311785996
CC1=C(C(N[C@@]23CCO[C@@H]2CCC3)=O)N=C(C2=CN(C)N=C2)O1,0.005909429141320288
CNS(C1=C(OC)C=CC(C(N2CC3=C(N=CC=C3)N(C)CC2)=O)=C1)(=O)=O,0.004019034490920603
CCNS(C1=CC=C(C(N2CC3=C(N=CC=C3)N(C)CC2)=O)C=C1)(=O)=O,0.0037614822504110634
CN1C2=C(C=CC=N2)CN(C(C2N(C)N=C(C(F)(F)F)C=2)=O)CC1,0.005449816701002419
CN1C2=C(C=CC=N2)CN(C(C2=CC(=O)NN=C2)=O)CC1,0.003335127478931099
CN1C2=C(C=CC=N2)CN(C(C2=CC(CO)=CC=C2)=O)CC1,0.0034216534113511443
CN1C2=C(C=CC=N2)CN(C(C2=NN(C)C(O)=C2)=O)CC1,0.006510727503336966
CC(N1C(C)=CC(C(N2CC3=C(N=CC=C3)N(C)CC2)=O)=N1)C,0.00908223744481802
CN1C2=C(C=CC=N2)CN(C(C2N(C)N=CC=2Br)=O)CC1,0.008895817818120122
CN1C2=C(C=CC=N2)CN(C(C2NN=C(C(F)(F)F)C=2)=O)CC1,0.0025551202532369645
CN1C2=C(C=CC=N2)CN(C(C2=C3C(N=NN3)=NC=C2)=O)CC1,0.0030203772941604255
CN1C2=C(C=CC=N2)CN(C(CC2N=C(N3CCOCC3)SC=2)=O)CC1,0.006798227853141725
CN1C2=C(C=CC=N2)CN(C(C2OC(C3=CN(C)N=C3)=CC=2)=O)CC1,0.008494345191866159
CN1C2=C(C=CC=N2)CN(C(C2C3=C(CCCC3)N(C)N=2)=O)CC1,0.012027282826602459
CN1C2=C(C=CC=N2)CN(C(C2CN(C(C3CCCCC3)=O)C2)=O)CC1,0.010601992486044765
CN1C2=C(C=CC=N2)CN(C(C2SC(S(C)(=O)=O)=CC=2)=O)CC1,0.004768894705921412
CN1C2=C(C=CC=N2)CN(C(C2=CC(C)=C(N3N=CC=C3)C=C2)=O)CC1,0.007374475221149623
CN1C2=C(C=CC=N2)CN(C(C2C(C3CCC3)=NN(C)C=2)=O)CC1,0.010285251773893833
CN1C2=C(C=CC=N2)CN(C(C2N=C3N(CCC3)C=2)=O)CC1,0.006210848456248641
CN1C2=C(C=CC=N2)CN(C(COC2=CC=C(CO)C=C2)=O)CC1,0.003951424197293818
CC([C@H](C(N1CC2=C(N=CC=C2)N(C)CC1)=O)O)C,0.0038499313523061574
CN(S(N(CC(N1CC2=C(N=CC=C2)N(C)CC1)=O)C)(=O)=O)C,0.006473206914961338
CN1C2=C(C=CC=N2)CN(C(C2=C(C(F)(F)F)OC=N2)=O)CC1,0.003956756729166955
CN(S(NCC(N1CC2=C(N=CC=C2)N(C)CC1)=O)(=O)=O)C,0.004481616173870861
CN1C2=C(C=CC=N2)CN(C(C2OC(C3=CC=CC=C3)OCC2)=O)CC1,0.008618313213810324
CN1C2=C(C=CC=N2)CN(C(C2CC3=C(N=CN=C3)CC2)=O)CC1,0.010752174165099859
CC(CN1C(C(N2CC3=C(N=CC=C3)N(C)CC2)=O)=CC=N1)C,0.008439457369968295
CCC1=C(O)C=CC(C(N2CC3=C(N=CC=C3)N(C)CC2)=O)=C1,0.004572823038324713
CN1C2=C(C=CC=N2)CN(C(C2=NN3C(NCCC3)=N2)=O)CC1,0.004605999926570803
CC(N1N=CC(Br)=C1)CC(N1CC2=C(N=CC=C2)N(C)CC1)=O,0.009125025710090995
C[C@@H](C(N1CC2=C(N=CC=C2)N(C)CC1)=O)NC(C1OC=CC=1)=O,0.005922935530543327
CN1C2=C(C=CC=N2)CN(C(CC2NC=CN=2)=O)CC1,0.002624907955760136
CN1C2=C(C=CC=N2)CN(C(C2N3C(CCC3)=NC=2)=O)CC1,0.0062615853967145085
CN1C2=C(C=CC=N2)CN(C(CN2C3=C(CCCC3)N=N2)=O)CC1,0.008326070429757238
COC(C(N1CC2=C(N=CC=C2)N(C)CC1)=O)C1COCC1,0.008994454122148453
CN1C2=C(C=CC=N2)CN(C(C2=C(C3=NOC=C3)OC=N2)=O)CC1,0.005958354170434177
CN(C(C1CCC(C(N2CC3=C(N=CC=C3)N(C)CC2)=O)CC1)=O)C,0.01138977324590087
CCN1C2=C(C=C(C(N3CC4=C(N=CC=C4)N(C)CC3)=O)C=C2)NC1=O,0.0026786870672367512
CC(CCC1OC(NCC2N=NN(CC3COCC3)C=2)=NN=1)C,0.00732615424785763
CC(C1N=C(CNC2=NC(CN3CCOCC3)=CC=C2)SC=1)(C)C,0.007913967268541456
CC1C(C(NC2=C(N3CCN(CCC4=CC=NC=C4)CC3)C=CC=C2)=O)=CON=1,0.007160182320512831
CC1=CC(NC(N2CCN(C(CCC3N=NNC=3)=O)CC2)=O)=CC=C1,0.0019281747168861329
CCC1NC(CC(N2CCN(C(C3OC=CC=3)=O)CC2)=O)=NC=1,0.0030400404357351363
CC(C(N1CCN(C(C2OC=CC=2)=O)CC1)=O)(CN1CCOCC1)C,0.010292952647432685
FC(CN1CCC(CC(N2CCN(C(C3OC=CC=3)=O)CC2)=O)CC1)F,0.00702499293256551
CNC1=C(F)C=C(C(N2CCN(C(C3OC=CC=3)=O)CC2)=O)C=C1,0.005892518139444291
COC1=CC=C(CCNC(C2N=CN(C)C(=O)C=2)=O)C=C1,0.006793345347978175
CN(C(C1N=CN(C)C(=O)C=1)=O)CC1=CC2=C(OCCO2)C=C1,0.008706800499930977
CNC1=C(F)C=C(C(N(CC2=CC3=C(OCCO3)C=C2)C)=O)C=C1,0.00635125560220331
CNC1=C(F)C=C(C(NCC(NC2=C(C)C=C(C)C=C2C)=O)=O)C=C1,0.006194750010035932
CCOC1=CC=C(CCC2CCN(C(CCCC3NN=NN=3)=O)CC2)C=C1,0.00459910046774894
CN1[C@H](C(N2CCC(NS(C3SC=CC=3)(=O)=O)CC2)=O)CCCC1,0.004250354028772563
COC(C(N1CCN(C(C2CCCC2)=O)CC1)=O)OC,0.011854714341461658
CC(CC(N1C=NC=C1)C(NC1=CC(C(N)=O)=C(Cl)C=C1)=O)C,0.003937947808299214
NC(C1=C(Cl)C=CC(NC(CC2CCN(CC(F)F)CC2)=O)=C1)=O,0.004450179520063102
C[C@H](C(NC1=CC(C(N)=O)=C(Cl)C=C1)=O)N(C)C,0.006751177797559649
CN1C(=O)C(C(NCCC2=CN(C)N=C2)=O)CCCC1,0.008206424792297185
CN1N=CC(CCNC(C2=C(C(F)(F)F)N=CO2)=O)=C1,0.003533902787603438
CC1=C(C(NCCC2=CN(C)N=C2)=O)N=CN1,0.0032618128752801567
COC(C(N1CCC(C2OC3=C(C=C(C=C3)Cl)N=2)CC1)=O)OC,0.0050419899867847565
FC(C1=C(C(NCCCN2C(=O)N3C(CCCC3)=N2)=O)SC=C1)F,0.0033054611762054265
COC(C(NCC1SC2=C(C=C(C=C2)Cl)N=1)=O)OC,0.004752215254120529
CC(OC1=CC=C(CNC(C(CN2CCOCC2)(C)C)=O)C=C1)(C)C,0.011372767342254519
CC(OC1=CC=C(CNC(C2=C(F)C=NC=C2F)=O)C=C1)(C)C,0.0071215479169040915
CC(C1=NC=C(NC(C2=C(C(F)(F)F)N=CO2)=O)C=N1)(C)C,0.0035904666525311767
CC(C1=NC=C(NC(C2=C3C(OCC(N3)=O)=CC=C2)=O)C=N1)(C)C,0.006637927005067467
CC(C1=NC=C(NC(C(CN2CCOCC2)(C)C)=O)C=N1)(C)C,0.008209443697705866
CC1OC(CCC(NC2=CN=C(C(C)(C)C)N=C2)=O)=NN=1,0.005563847743906081
CCCOC1=C(CNC(C2(NC3=CC=CC=C3)CC2)=O)C=CC=N1,0.006892364891245961
CCCOC1=C(CNC(C2=C(C)NC=N2)=O)C=CC=N1,0.002736749453470111
CCCOC1=C(CNC(C2N(C3CCCC3)CC2)=O)C=CC=N1,0.009421741357073188
CCCOC1=C(CNC(C2C(=O)N(C)CCCC2)=O)C=CC=N1,0.008171727322041989
CCCOC1=C(CNC([C@H](N(C)C)C)=O)C=CC=N1,0.007308360887691379
CCCOC1=C(CNC(C2C(C(F)(F)F)CS(=O)(=O)C2)=O)C=CC=N1,0.003977907528860669
CCCCOC1=C(CNC(CNC2=CC=C(S(C)(=O)=O)C=C2)=O)C=CC=N1,0.0044125395361334085
CCCCOC1=C(CNC(CC2CCN(CC(F)F)CC2)=O)C=CC=N1,0.00515245869755745
COCCCN1CCC(NC(C2=C(N)C3=C(N=CC=C3)S2)=O)CC1,0.003001445985864848
COCCCN1CCC(NC(CCCC2NN=NN=2)=O)CC1,0.0028180482215248047
COCCCN1CCC(NC(CNC2=CC=C(S(C)(=O)=O)C=C2)=O)CC1,0.005225622514262796
CCN1CCC(N(C(C2=CC(N3C(N)=NN=N3)=CC=C2)=O)C)CC1,0.0038052121293731035
CN(CCN1C2=C(C=CC(C(N(C3=CC(C)=CC=C3)C)=O)=C2)NC1=O)C,0.003300103760557249
CC(C1N(CC(N(CCN2CCOCC2)C)=O)C=CN=1)C,0.006176212523132563
CN(C(C1=NOC(C2=CC(O)=CC=C2)=C1)=O)CCN1CCOCC1,0.005004785256460309
CN(C(CN1C2=C(C=CC=N2)C=N1)=O)CCN1CCOCC1,0.006673438660800457
COC1=CC(C)=C(NC(CN2C(C3CC3)=CC(C(F)F)=N2)=O)C=C1,0.005039468337781727
COC1=CC(C)=C(NC(CCCC2NN=NN=2)=O)C=C1,0.0026316741190385074
COC1=C(OC)C=C(CNC(C2(C(=O)N(C)CC2)C)=O)C(Br)=C1,0.012109663803130388
COC1=C(OC)C=C(CNC([C@H]2N(C)CCCC2)=O)C(Br)=C1,0.010685109673067928
COCCN(C(C1N=CN(C)C(=O)C=1)=O)CC1=CC2=C(OCO2)C=C1,0.008119681919924914
CN(CCOC1=CC=C(N(C(CN2C(C3CC3)=CC(C(F)F)=N2)=O)C)C=C1)C,0.007085953839123249
CN(CCOC1=CC=C(N(C(CCCC2NN=NN=2)=O)C)C=C1)C,0.0034313580952584745
CN(CCOC1=CC=C(N(C(C2(C(=O)N(C)CC2)C)=O)C)C=C1)C,0.011222302448004484
CN(CCOC1=CC=C(N(C(CCC2OC(C)=NN=2)=O)C)C=C1)C,0.008407354634255172
CC1=C(C(N(CC2=CC=CC=C2)CC2CCOCC2)=O)N=CN1,0.0043666382320225235
FC(C1C=C(C(N(CC2=CC=CC=C2)CC2CCOCC2)=O)C(=O)NC=1)(F)F,0.003979881841223687
CNC(C1CN(C(CC2CCN(CC(F)(F)F)CC2)=O)CCC1)=O,0.006295302437501959
CNC(C1CN(C(C2=CC3N(C=C(N=3)C)C=C2)=O)CCC1)=O,0.004091489675920457
CNC(C1CN(C(C2=CC(F)=C(NC)C=C2)=O)CCC1)=O,0.004754881223198027
FC(C1C=C(C(N2CCN(CC3COCC3)CC2)=O)C(=O)NC=1)(F)F,0.003287720901425928
COC1=C(C(C2=NC=CC=C2)NC([C@H](N(C)C)C)=O)C=CC=C1,0.008771449676714838
COC(C(NC(C1=C(OC)C=CC=C1)C1=NC=CC=C1)=O)OC,0.007537469477392733
CC(C(N1CCC(C(F)F)(O)CC1)=O)(CN1CCOCC1)C,0.006798639544285834
CCC1NC(CC(N2CCC(C(F)F)(O)CC2)=O)=NC=1,0.0020204200292937456
CN(CCN1C2=C(C=CC(C(N3CCC(C(F)F)(O)CC3)=O)=C2)NC1=O)C,0.002437116834335029
CCC1(CN(C(C2=C(N)C3=C(N=CC=C3)S2)=O)CCC1)CO,0.0018751884228549898
CC(C1=CC2=C(CCC2NC(C2C(C(F)(F)F)CS(=O)(=O)C2)=O)C=C1)C,0.006478432145013357
CN1C(=O)C(C(NOC2CCCCC2)=O)(CC2=CC=CC=C2)CC1,0.0029230190790258347
COC(C(NOC1CCCCC1)=O)OC,0.0029736560536548495
FC(C1=C(C(NOC2CCCCC2)=O)OC=N1)(F)F,0.0008702133913175203
FC(C1C(C(NOC2CCCCC2)=O)CS(=O)(=O)C1)(F)F,0.0013574202420954863
CC(N(C(C1=NOC(C2=CC(O)=CC=C2)=C1)=O)CC1CCC1)C,0.00704441536217928
CC(N(C(CCC1OC(C)=NN=1)=O)CC1CCC1)C,0.013458357704803348
CC1OC(CCC(N2C3=C(C=CC=C3)C(C3=CC=CC=C3)C2)=O)=NN=1,0.009109529852867126
NC(N1CC(CNC(C2N(C3CCCC3)CC2)=O)CCC1)=O,0.005429691448807716
NC(N1CC(CNC(C2=C(C(F)F)C=CS2)=O)CCC1)=O,0.0024534397991374133
FC(C1C(C(N2CC3=C(C=CC=C3Cl)C2)=O)CS(=O)(=O)C1)(F)F,0.005557929910810344
O=C(N1CC(C(N2CCCC2)=O)CC1)CC1=C2C(C=CC=C2)=CN=C1,0.009672226663678885
CC1=C(C(N2CC(C(N3CCCC3)=O)CC2)=O)N=CN1,0.004013512935489416
CC(C(NCC1=C(O)C(Cl)=CC(Cl)=C1)=O)(CN1CCOCC1)C,0.004942159750498831
CN(C(C1N(C2CCCC2)CC1)=O)CC1N(C)C=NN=1,0.012802579766139388
FC1=CC2=C(CCC[C@@H]2NC(CCCC2NN=NN=2)=O)C(F)=C1,0.003059018065687269
CN1C(=O)C=C(C(N2CC(F)(C)CCC2)=O)N=C1,0.005908834934234619
OC1=CC(C2ON=C(C(N3C[C@H]4[C@H](C5C=CC4C5)C3)=O)C=2)=CC=C1,0.005915441364049911
CC1OC(CCC(N2C[C@H]3[C@H](C4C=CC3C4)C2)=O)=NN=1,0.010996360192075371
CC(C1N(CC(NC(C(F)(F)F)C2SC=C(C)N=2)=O)C=CN=1)C,0.0027607097559666726
CC1N=C(C(C(F)(F)F)NC(C2=C3C(OCC(N3)=O)=CC=C2)=O)SC=1,0.004073379305191338
COC1=CC=C(CN2C(C(N3CC(C(N(C)C)=O)CC3)=O)CC2)C=C1,0.011824697256088257
CN(C(C1CN(C(C2=C3N(C(C4=CN=CC=C4)=CC=N3)N=C2)=O)CC1)=O)C,0.007932828413322568
CN(C(C1CN(C(C2(C(=O)N(C)CC2)CC2=CC=CC=C2)=O)CC1)=O)C,0.013052076241001487
CN(C(C1CN(C(C2=CC3=C(N=CC=C3)C(F)=C2)=O)CC1)=O)C,0.006155556114390492
CC(C1=C(CNC(C(CN2CCOCC2)(C)C)=O)C=NC=C1)(C)C,0.010853041475638748
CC(C1=C(CNC(C2=CC(NCC3=NC=CC=C3)=CC=C2)=O)C=NC=C1)(C)C,0.008647277671843766
CC1=C(C(NCC2=C(C(C)(C)C)C=CN=C2)=O)N=CN1,0.0035768097033724187
CC(C1=C(CNC(C2=C(C(F)(F)F)N=CO2)=O)C=NC=C1)(C)C,0.0038783476571552455
CC(C1=C(CNC(C2(NC3=CC=CC=C3)CC2)=O)C=NC=C1)(C)C,0.008647725824266672
CC(C1=C(CNC(CN2C(C3CC3)=CC(C(F)F)=N2)=O)C=NC=C1)(C)C,0.00575171890668571
COC1=C(NC(C2C(=O)N(C)CCCC2)=O)C=CC(OCCN(C)C)=C1,0.009445045236498117
COC1=C(NC(C2C(=O)NC=C(C(F)(F)F)C=2)=O)C=CC(OCCN(C)C)=C1,0.003471367247402668
CN1C(C2N(C(CC3=C4C(C=CC=C4)=CN=C3)=O)CCOC2)=CC=N1,0.00794907552190125
CC1N=C2N(C=CC(C(N3C(C4N(C)N=CC=4)COCC3)=O)=C2)C=1,0.006173493550159037
CN1C(C2N(C(C3=NOC(C4=CC(O)=CC=C4)=C3)=O)CCOC2)=CC=N1,0.004758012155070901
CN(C(C1C(=O)NC=C(C(F)(F)F)C=1)=O)CCN1CCCCC1,0.0030118395516183227
CN(CCN1C2=C(C=CC(C(N(CCN3CCCCC3)C)=O)=C2)NC1=O)C,0.003979340312071145
O[C@H]1CN(C(C2=C(O)C=CC(N3C=NC=C3)=C2)=O)CCC1,0.0009879378863843157
COC(C(N1C[C@H](O)CCC1)=O)OC,0.0032433402026072144
CC1C2=C(C=CC(=C2)F)CCN(C(CN2C(=O)NC(=O)C(C#N)=C2)=O)C1,0.0027414102863986046
CCOC(C(NC1=CN=C(C2CC2)N=C1)=O)(C)C,0.007756516290828586
COC1=C(C(NC2=CN=C(C3CC3)N=C2)=O)C(OC)=NC=C1,0.006890944414772093
O=C(C1(C2=C3C(C=CC=C3)=CC=N2)CC1)NC1=CN=C(C2CC2)N=C1,0.007478868099860847
O=C(C1=CN(CC2CCCC2)N=C1)NC1=CN=C(C2CC2)N=C1,0.009622446168214083
CC(C(NC1=CN=C(C2CC2)N=C1)=O)OCC1=CC(C)=CC=C1,0.007531129056587815
O=C(C1(C2=NC=CC=C2)CC1)NC1=CN=C(C2CC2)N=C1,0.0077729086391627785
O=C(C1=CN(CC2CC2)N=C1)NC1=CN=C(C2CC2)N=C1,0.008364225062541664
CC1=C(F)C=CC(NC(C2=NC=NC(N3CCOCC3)=C2)=O)=C1,0.004064604011364281
CON1CCC(C(N2CCN(CC(NC3CCCCC3)=O)CC2)=O)CC1,0.0027838524780236184
CC(C1=C(C(N2CCN(CC(NC3CCCCC3)=O)CC2)=O)NC=N1)(C)C,0.004446034366264939
O=C(NC1CCCCC1)CN1CCN(C(CC2=C3N(CCCC3)N=C2)=O)CC1,0.009543141070753335
O=C(NC1CCCCC1)CN1CCN(C(C2N(CC3CCC3)N=CC=2)=O)CC1,0.009371727658435702
O=C(NC1CCCCC1)CN1CCN(C(C2N3C(CCCC3)=CN=2)=O)CC1,0.006638664426282049
O=C(NC1CCCCC1)CN1CCN(C(C2=C(C3OCCC3)NN=C2)=O)CC1,0.006177381426095962
O=C(C1N2C(CCCC2)=CN=1)NC1=CC=C(OCC2=CC=NC=C2)C=C1,0.005348364217206835
OCC1ON=C(C(NC(C2=CC=CC=C2)C2CCC2)=O)C=1,0.0052992126671597365
CC1C(C(NC(C2=CC=C(F)C=C2)C2CCC2)=O)=NN(C2CCOCC2)C=1,0.009677111729979515
CC1C(C(NC(C2=CC=C(F)C=C2)C2CCC2)=O)=CON=1,0.009448267146945
CCN(S(C1SC(CCNC(C2=C(OC)C=CC=N2)=O)=CC=1)(=O)=O)CC,0.004978054529055953
CCN(S(C1SC(CCNC(C2C(C)=CON=2)=O)=CC=1)(=O)=O)CC,0.00506626300048083
C=C1CCN(C(CC2OC(C3=CC=CC=C3)=NN=2)=O)CC1,0.006511293677613139
OC1=CC2=C(OCC(C(N3CCC(=C)CC3)=O)O2)C=C1,0.0055441689444705846
CCN1N=C(C2CC2)C(C(NCC2(N3CCCC3)CCOCC2)=O)=C1,0.01214271574281156
CN1CC(NC(CC2=CC=C(N3C=NC=C3)C=C2)=O)CCC1,0.004271599254570902
COC1=C(C)C(C(NC2CN(C)CCC2)=O)=CN=C1,0.007805100339464843
CN1CC(NC(C2=CN(CC3CCCC3)N=C2)=O)CCC1,0.01137398388236761
CN1CC(NC(C[C@H]2C(=O)NC3=C(C=CC=C3)C(=O)N2)=O)CCC1,0.00682394877076149
CC(C1=CC=C(NC(C2=C(CC#N)C=CC=C2)=O)C=C1)N1CCOCC1,0.005259653828761657
CC(C1=CC=C(NC(C2=C(C3OC=CC=3)NN=C2)=O)C=C1)N1CCOCC1,0.004703218769282103
COC1=CC(Cl)=C(C(NC2=CC=C(C(N3CCOCC3)C)C=C2)=O)C(F)=C1,0.006918259779922664
CC(C1=CC=C(NC([C@@]23CCO[C@@H]2CCC3)=O)C=C1)N1CCOCC1,0.010128173511475325
CC(C1=CC=C(NC(C2C(C)OC(C)C2)=O)C=C1)N1CCOCC1,0.011925795208662748
COC1=C(C)C(C(NC2=CC=C(C(N3CCOCC3)C)C=C2)=O)=CN=C1,0.007236669352278113
CCS(CCN1[C@@H]2[C@@H]([C@@H](C2(C)C)O)CCC1)(=O)=O,0.0030543396837856562
COC1=CC(NCC(N2C[C@]3(C)[C@](CNC3)(C)C2)=O)=CC=C1,0.007918835966847837
COC1=CC=C(CN2N=CC(C(N3C[C@]4(C)[C@](CNC4)(C)C3)=O)=C2)C=C1,0.008836172288283706
CC(C1N=C(C2=C(C(N3C[C@]4(C)[C@](CNC4)(C)C3)=O)C=CC=C2)ON=1)(C)C,0.009734253492206335
O=C(C1=NC(N2N=CC=C2)=CC=C1)N[C@@]12CCO[C@@H]1CCC2,0.006342643965035677
O=C(N[C@@]12CCO[C@@H]1CCC2)CCC1ON=C(C2=COC=C2)N=1,0.00888808285817504
O=C(C1C2N(C=CN=2)C=CN=1)N[C@@]12CCO[C@@H]1CCC2,0.005736994091421366
CC1=C(C(C(NC2CC(C)(C)CNCC2)=O)N)C=CC=C1,0.012939801020547748
FC(COC1=NC=CC(C(N[C@@]23CCO[C@@H]2CCC3)=O)=C1)(F)F,0.004890425316989422
CC1(CC(NC(C2(CCC2)N)=O)CCNC1)C,0.01884293807670474
CC(NC(NC1=CC(C(N[C@@]23CCO[C@@H]2CCC3)=O)=C(Cl)C=C1)=O)(C)C,0.005434916296508163
FC1=C(C(N[C@@]23CCO[C@@H]2CCC3)=O)C=CN=C1,0.008167691598646342
CC1=C(NC(NC2=CC=CC=C2)=O)C=C(C(N[C@@]23CCO[C@@H]2CCC3)=O)C=C1,0.0056643551331944765
CC1=C(C(N[C@@]23CCO[C@@H]2CCC3)=O)C=CC(N2S(=O)(=O)CCC2)=C1,0.005550520191900432
CC1(CC(NC(C(C2CCC2)N)=O)CCNC1)C,0.017621335480362176
CC1(CC(NC(C2N=NN(CC=C)C=2)=O)CCNC1)C,0.00872665741480887
CC1(CC(NC(CC2=C3N(C=CC=C3)N=C2)=O)CCNC1)C,0.0073267082450911404
FC(C1=C(C(NCCC2=NN(C3=CC=CC=C3)C=C2)=O)N2C(CCCC2)=N1)F,0.004320244898553938
CC1=C(C(NCCC2=NN(C3=CC=CC=C3)C=C2)=O)SC(C2COCC2)=N1,0.006197070516645908
O=C(C1C(=O)NCCC1)NCCC1=NN(C2=CC=CC=C2)C=C1,0.005207601201254875
O=C(C1=CC(NC([C@@]23CCO[C@@H]2CCC3)=O)=CC=C1)NC1=NC=CC=C1,0.006248427508398891
CON1CCC(C(NC2=CC(C(NC3=CC=NC=C3)=O)=CC=C2)=O)CC1,0.001397146552335471
CCCC(C(NC1=CC(N2CCCC2)=CC=C1)=O)NC(C1N(C)C(=O)NC=1)=O,0.003510867932345718
FC(C1=CC(NC(C2C(=O)NCCC2)=O)=CC=C1)F,0.003933766356203705
CN(C(CN1N=C(NC(C2=CN(CC3CC3)N=C2)=O)C=C1)=O)C,0.008027066243812442
CN(C(CN1N=C(NC(C2(C3=NC=CC=C3)CC2)=O)C=C1)=O)C,0.007200823747552931
COC1=C(C)C2=C(C(=CO2)CC(NC2=NN(CC(N(C)C)=O)C=C2)=O)C=C1,0.00682930825278163
CN(C(CN1N=C(NC(C2=CN(CC3CCCC3)N=C2)=O)C=C1)=O)C,0.008876536646857858
CN(C(CN1N=C(NC([C@H]2[C@H](C3CCOCC3)C2)=O)C=C1)=O)C,0.007756424031686038
COCCN1N=C(NC(C2=CN(CCOC)N=C2)=O)C=C1,0.007205984159372747
COCCN1N=C(NC([C@H]2[C@H](C3CCOCC3)C2)=O)C=C1,0.008008348732255399
COCCN1N=C(NC(C2N(C)C(=O)NC=2)=O)C=C1,0.002635416580596939
COCCN1N=C(NC(C2N=C3N(CCC(C3)C)C=2)=O)C=C1,0.005477179551962763
COCCN1N=C(NC(C2(CC(=C)C2)C)=O)C=C1,0.009991097170859576
COCCN1N=C(NC(C2OC3=C(C=CC(=C3)O)OC2)=O)C=C1,0.003927781514357775
CC1CCN(CC2=CC(CNC(C3OC(C)=C(CO)C=3)=O)=CC=C2)CC1,0.005064463010057807
CC1CCN(CC2=CC(CNC(C3N(C)C(=O)NC=3)=O)=CC=C2)CC1,0.003028120577801019
O=C(C1=NC=NC(N2CCOCC2)=C1)NCC1=NOC(C2=CC=CC=C2)=C1,0.00477829270530492
O=C(C1C(=O)NCCC1)NCC1=NOC(C2=CC=CC=C2)=C1,0.0061546588549390435
O=C(C1N2C(CCCC2)=CN=1)NC1=C2C(NC=C2)=CC=C1,0.0033402149681933226
O=C(C1C(=O)NCCC1)NC1=C2C(NC=C2)=CC=C1,0.003549013356678188
CC1=CC(NC(N2CCN(C(C3N(CC4CCC4)N=CC=3)=O)CC2)=O)=CC=C1,0.005073608621023596
COCC1=C(C(N2CCN(C(NC3=CC(C)=CC=C3)=O)CC2)=O)C=CS1,0.003941487043630332
CC1C(C(N2CCN(C(NC3=CC(C)=CC=C3)=O)CC2)=O)=NOC=1,0.004276410525199026
CC1=CC(NC(N2CCN(C(C3=CN(CC4CC4)N=C3)=O)CC2)=O)=CC=C1,0.004975890333298594
CC(C1=C(Cl)C=C(Cl)C(F)=C1)NC(CCC1OC(C)=NN=1)=O,0.005549404234625399
CC1OC(CCC(N2CC(C3SC4=C(C=CC=C4)N=3)CCC2)=O)=NN=1,0.006974166887812316
ClC1=CC=C(CN2CCN(C(CCCC3NN=NN=3)=O)CC2)C=C1,0.0026976029213983564
ClC1=CC=C(CN2CCN(C(C3=C4C(OCC(N4)=O)=CC=C3)=O)CC2)C=C1,0.005959930783137679
COC(C(N1CCN(CC2SC3=C(C=CC=C3)N=2)CC1)=O)OC,0.006797438627108932
CC1=C(C(N2CCN(CC3SC4=C(C=CC=C4)N=3)CC2)=O)N=CN1,0.0030095229332800953
CN1C(=O)C=C(C(N2CCN(S(C3=C(Cl)C=CC=C3)(=O)=O)CC2)=O)N=C1,0.005179586680606007
CC1OC(CCC(N2CCN(S(C3=C(Cl)C=CC=C3)(=O)=O)CC2)=O)=NN=1,0.004276681796181947
CN1C(=O)C(C(NC2=CC3=C(OC4(O3)CCCC4)C=C2)=O)(C)CC1,0.009691629512235522
CCN(S(C1=CC=C(C(NC([C@H]2N(C)CCCC2)=O)C)C=C1)(=O)=O)CC,0.0064310099929571155
C[C@H](C(NC1CCN(S(C2=CC=C(C)C=C2)(=O)=O)CC1)=O)N(C)C,0.005525307753123343
CN1C(=O)C(C(NC2CCN(S(C3=CC=C(C)C=C3)(=O)=O)CC2)=O)(C)CC1,0.00601569798309356
FC(CN1CCC(CC(NCC2=CN(C3=CC=CC=C3)N=C2)=O)CC1)(F)F,0.0037681803340092303
O=C(N1CCN(C2SC=CN=2)CC1)CN1C2=C(C=CC=N2)C=N1,0.004694848647341132
O=C(N1CCN(C2SC=CN=2)CC1)CCCC1NN=NN=1,0.002530992170795798
CN1[C@H](C(NCC2=CC(NS(C)(=O)=O)=CC=C2)=O)CCCC1,0.0035947182448580863
CS(NC1=CC(CNC(C2(NC3=CC=CC=C3)CC2)=O)=CC=C1)(=O)=O,0.004828633810393512
COCC(NC(C1C(=O)NCCC1)=O)(C)C,0.008090309030376375
CC1C(C(N2CCN(CC3N=CSC=3)CCC2)=O)=CON=1,0.00824003415182233
O=C(N1CCN(CC2N=CSC=2)CCC1)CC1OC(C2=CC=CC=C2)=NN=1,0.007076849089935422
OC1=CC2=C(OCC(C(N3CCN(CC4N=CSC=4)CCC3)=O)O2)C=C1,0.003963721473701299
FC(C1=C(C(N2CCN(CC3N=CSC=3)CCC2)=O)NN=C1)(F)F,0.0023877127619925886
COC1=C(C(N2CCN(CC3N=CSC=3)CCC2)=O)N=CC=C1,0.007692671893164515
COCCN1N=CC(C(N2CCN(CC3N=CSC=3)CCC2)=O)=C1,0.00844751033000648
CC(CC1(C(N2CCN(CC3N=CSC=3)CCC2)=O)C(=O)NCC1)C,0.008639546390622855
O=C(C1=C(C2OC=CC=2)NN=C1)N1CCN(CC2N=CSC=2)CCC1,0.004801701591350138
CNS(C1=CC(C(NC(C2=CN(CCN(C)C)N=C2)=O)C)=CC=C1)(=O)=O,0.004820947675034404
CC[C@H]1N(C)CC[C@@H]1C(NC(C1=CC(S(NC)(=O)=O)=CC=C1)C)=O,0.005731031647883356
CNS(C1=CC(C(NC(C2N=C3N(CCC(C3)C)C=2)=O)C)=CC=C1)(=O)=O,0.0036664676619693635
CNS(C1=CC(C(NC([C@@]23CCO[C@@H]2CCC3)=O)C)=CC=C1)(=O)=O,0.00624712398275733
CCN(C(C(OC)OC)=O)CC1=CC(OC)=C(OCC2SC=CC=2)C=C1,0.010928839957341552
COC(C(N1CCN(C2=C3C(SC=C3)=NC=N2)CC1)=O)OC,0.004148920881561935
CCCN(C(C1=C(C)NC=N1)=O)CC1NC(=O)C2=C(C=CS2)N=1,0.0024597392650321124
CN1[C@H](C(NC2=C(OCCC(N)=O)C=CC=C2)=O)CCCC1,0.006561391963623464
NC(CCOC1=C(NC(CC2CCN(CC(F)F)CC2)=O)C=CC=C1)=O,0.005514352221507579
CC(C(NC1=CC(OCCN2N=CN=C2)=CC=C1)=O)(CN1CCOCC1)C,0.006173778255470097
COC1=CC(Cl)=C(C(NCC2=CC3=C(OCCCO3)C=C2)=O)C(F)=C1,0.007114425650797784
CC1=C(CO)C=C(C(NCC2=CC3=C(OCCCO3)C=C2)=O)O1,0.004693652666173875
CC1CC2N(C=C(C(NCC3=CC4=C(OCCCO4)C=C3)=O)N=2)CC1,0.007552447146736085
OCC1ON=C(C(NCC2=CC3=C(OCCCO3)C=C2)=O)C=1,0.0041314597940072416
CC(C1=C(C(NCC2=CC3=C(OCCCO3)C=C2)=O)NC=N1)(C)C,0.0044402859406545755
CC1N=C2N(C=CC(C(NC3=CC(NC(C(C)(C)C)=O)=C(C)C=C3)=O)=C2)C=1,0.005343770573381335
CC1=C(NC(C(C)(C)C)=O)C=C(NC(CN2CCCC2)=O)C=C1,0.010009654005989433
O=C(N1CC(N2C(=O)CCC2)CCC1)COC1C(N2CCOCC2)=NSN=1,0.00690671345219016
CN1C(=O)C(C(N2CC(N3C(=O)CCC3)CCC2)=O)(C)CC1,0.01208935328759253
CC(C(N1CC(N2C(=O)CCC2)CCC1)=O)(CN1CCOCC1)C,0.011969732632860542
CNC(C1OCCN(C(C2=C(N)C3=C(N=CC=C3)S2)=O)C1)=O,0.0029577395180240273
CNC(C1OCCN(C([C@H](N(C)C)C)=O)C1)=O,0.009382441081106663
CNC(C1OCCN(C(C2=CC3N(C=C(N=3)C)C=C2)=O)C1)=O,0.004526857356540859
CNC(C1OCCN(C(CN(CC(C)(C)C)C)=O)C1)=O,0.012015159241855145
CNC(C1OCCN(C(C2=CC(F)=C(NC)C=C2)=O)C1)=O,0.006049218797124922
CNC(C1OCCN(C(C2=CC3=C(NC(N3CCN(C)C)=O)C=C2)=O)C1)=O,0.0032521775225177406
CNC(C1OCCN(C(C(N2C=NC=C2)CC(C)C)=O)C1)=O,0.005680691078305244
CNC(C1OCCN(C(C2(CC2)CN(C)C)=O)C1)=O,0.011454700445756315
COC1(CCN(C(CCCC2NN=NN=2)=O)CCC1)C,0.0037095112726092338
CC([C@H](C(N)=O)NC(CC1CCN(CC(F)(F)F)CC1)=O)C,0.0040977370095788505
CC([C@H](C(N)=O)NC(C1=CC(NCC2=NC=CC=C2)=CC=C1)=O)C,0.0059924603439867495
CC([C@H](C(N)=O)NC(C1=C(C(F)F)C=CS1)=O)C,0.003702477796468884
CC([C@H](C(N)=O)NC(CN1C(C2CC2)=CC(C(F)F)=N1)=O)C,0.004847074265126139
CN1C(=O)C(C(N2CCC(C3C4=C(C=CC(=C4)F)NC=3)CC2)=O)(C)CC1,0.004683408839628101
CCC1NC(CC(NC2=C(OCC(F)F)C(Cl)=CC=C2)=O)=NC=1,0.0023956538701895625
CN(CC1CN(C(C2=C(O)C=CC(N3C=NC=C3)=C2)=O)C1)C,0.0035067515447735785
OC1=C(C(N2CC(N3CCOCC3)CCC2)=O)C=C(N2C=NC=C2)C=C1,0.0031335839303210378
NC1N(C2=CC(C(N3C4CN(CC4)CC3)=O)=CC=C2)N=NN=1,0.003271304804366082
CN1CC2(CN(C(C3=C(N)C4=C(N=CC=C4)S3)=O)CCC2)CC1,0.004584368178620934
O=C(N1CCS(=O)(=O)C2(CCC2)CC1)C1N(C2=NC=CC=N2)CCC1,0.008132748492062091
CN1C(=O)C(C(N2CCS(=O)(=O)C3(CCC3)CC2)=O)CCCC1,0.012371960328891873
FC(CN1CCC(CC(N2CCS(=O)(=O)C3(CCC3)CC2)=O)CC1)(F)F,0.006317483162274584
O=C(C1=C2C(OCC(N2)=O)=CC=C1)N1CCS(=O)(=O)C2(CCC2)CC1,0.008142490615136921
CC(CC(N1C=NC=C1)C(N1CCS(=O)(=O)C2(CCC2)CC1)=O)C,0.008097215555608273
CCN(C1=CN(C)N=C1)C(CN1C(C2CC2)=CC(C(F)F)=N1)=O,0.006405897415243089
CCN(C1=CN(C)N=C1)C(C(OC)OC)=O,0.010136985126882792
CN(C1=C(C)C=CC=C1)C(CCCC1NN=NN=1)=O,0.0025829722289927304
CN(C1=C(C)C=CC=C1)C(COC1C(N2CCOCC2)=NSN=1)=O,0.007302760030142963
CC1OC(CCC(NC2=CC(NC3CCCC3)=CC=C2)=O)=NN=1,0.0068754133535549045
CS(C1=CC=C(NCC(NC2=CC(NC3CCCC3)=CC=C2)=O)C=C1)(=O)=O,0.006706724059768021
CC1=C(C(NC2=CC(NC3CCCC3)=CC=C2)=O)N=CN1,0.003899081435520202
FC(C1=C(C(NC2=CC(NC3CCCC3)=CC=C2)=O)OC=N1)(F)F,0.0036626854562200606
O=C(NC1=CC(NC2CCCC2)=CC=C1)CN1C2=C(C=CC=N2)C=N1,0.0062388035003095865
CC1C(C#N)=C(NC(C(CN2CCOCC2)(C)C)=O)NN=1,0.003433311788830906
CC1C(C#N)=C(NC(CN2CCCC2)=O)NN=1,0.003117454523453489
CC1OC(C)C(NC(C2=C3N(C(C4=CN=CC=C4)=CC=N3)N=C2)=O)C1,0.0075869309483096005
CC1OC(C)C(NC(C(CN2CCOCC2)(C)C)=O)C1,0.012975855870172382
CC1OC(C)C(NC(C2=NNC(C3=C(O)C=CC=C3)=C2)=O)C1,0.003716366458684206
CC1C(C(NCC2CN(CCC3=CC=CC=C3)CC2)=O)=CON=1,0.009786577057093382
CN(CC1N(C(C2=NOC(CO)=C2)=O)CCCC1)C,0.004355003265663982
CN(CC1N(C(C2OC(C)=C(CO)C=2)=O)CCCC1)C,0.00474434185307473
CN(CC1N(C(C2OC3=C(C=CC(=C3)O)OC2)=O)CCCC1)C,0.005568978562951088
CCOCN1C(C)=C(CC(C(N2C(CN(C)C)CCCC2)=O)C)C(C)=N1,0.01186554618179798
CN(CC1N(C(C2C(C)=CN(C3CCOCC3)N=2)=O)CCCC1)C,0.012390911160036922
COC1=C(OC)C=C(CN2C(NC(C3=C(OC)C=CC=N3)=O)=C(C)C=N2)C=C1,0.007022296008653939
COC1=C(OC)C=C(CN2C(NC(C3N4C(CCCC4)=CN=3)=O)=C(C)C=N2)C=C1,0.006177034717984498
CC1(C(NCC2=C(Br)C=NN2)=O)CC(=C)C1,0.008976381458342075
CN(CCN1N=CC(C(NCC2=C(Br)C=NN2)=O)=C1)C,0.00647434622514993
CCOCN1C(C)=C(CC(C(NCC2=C(Br)C=NN2)=O)C)C(C)=N1,0.007493959460407496
CC1=C(C(NCC2NN=C(C3=CC=C(F)C=C3)N=2)=O)SC(C2COCC2)=N1,0.003229157452005893
CN1CC(NC(C2=CN(CC3CC3)N=C2)=O)CCC1,0.009885482955724001
CN1CC(NC(C2N(C)C(=O)NC=2)=O)CCC1,0.0027550063270609824
CCOCN1C(C)=C(CC(C(NC2CN(C)CCC2)=O)C)C(C)=N1,0.00904937305022031
CN1CC(NC(C2=C3C(C=C(C=C3)O)=CC=C2)=O)CCC1,0.0043780831154435875
C[C@]12CN(C(C3(COCCC3)CN)=O)C[C@@]1(C)CNC2,0.012712002312764526
CC(COC1=C(C(N2C[C@]3(C)[C@](CNC3)(C)C2)=O)C=CC=N1)C,0.008040726836770772
CN1C(CC(N2C[C@]3(C)[C@](CNC3)(C)C2)=O)=NC(C2CC2)=N1,0.008776646386832
C[C@]12CN(C(CC3(CC3)CN)=O)C[C@@]1(C)CNC2,0.013905333820730448
C[C@]12CN(C(C3=CC=C(OCC4=CC=NC=C4)C=C3)=O)C[C@@]1(C)CNC2,0.008317753416486084
CC1=CC(N2N=NC(C(N3C[C@]4(C)[C@](CNC4)(C)C3)=O)=C2)=CC=C1,0.007603076077066362
CC1C(C(N2C[C@]3(C)[C@](CNC3)(C)C2)=O)=CN(C2=CC=CC=C2)N=1,0.008306297566741705
COC1=C(C2SC=C(C(N3C[C@]4(C)[C@](CNC4)(C)C3)=O)N=2)C=CC=C1,0.007031281455419957
BrC1=CC=C(C(NCC(N[C@@]23CCO[C@@H]2CCC3)=O)=O)C=C1,0.010725862765684723
CCCC(N1CC(C(N[C@@]23CCO[C@@H]2CCC3)=O)CCC1)=O,0.010199433797970415
CC1(CC(NC(C2CC3=C(N=CN=C3)CC2)=O)CCNC1)C,0.009898599144071341
O=C(N[C@@]12CCO[C@@H]1CCC2)CC1=NN(C2=CC=CC=C2)C=C1,0.008042892022058368
COC1=CC(C(NC2CC(C)(C)CNCC2)=O)=NC=C1,0.009362351847812533
CC1(CC(NC(C2C3=C(C=CC=C3)CNC2)=O)CCNC1)C,0.011203112034127116
CC1(CC(NC(CC2C3=C(C=C(C=C3)Cl)NC=2)=O)CCNC1)C,0.005645846459083259
CC(C1=C(Cl)C=CC=C1)(CNCC1=NOC=C1)O,0.008492829604074359
COCCN1N=CC(C(N2CCN(C3=C(C#N)C=CC=C3)CC2)=O)=C1,0.005965982133056968
COC1=C(C(N2CCN(C3=C(C#N)C=CC=C3)CC2)=O)N=CC=C1,0.004968048434238881
O=C(C1=CN(CC2CCCC2)N=C1)N1C(C2OCCO2)CCCC1,0.013820557622238994
O=C(N1C(C2OCCO2)CCCC1)CC1=C2N(CCCC2)N=C1,0.011505228327587247
O=C(C1=CC2=C(C=CC=N2)C=C1)N1C(C2OCCO2)CCCC1,0.009230132726952434
CC1C(C(N2C(C3OCCO3)CCCC2)=O)=NN(C2CCOCC2)C=1,0.012566602230072022
OCC1ON=C(C(N2C(C3OCCO3)CCCC2)=O)C=1,0.0046626741765066985
OC1=CC2=C(C(C(N3C(C4OCCO4)CCCC3)=O)=CC=C2)C=C1,0.005522947595454753
O=C(C1=C(CC#N)C=CC=C1)N1CCC(C2OCCO2)CC1,0.007072218766188599
CCN1C(C)=C(C(N2CCC(C3OCCO3)CC2)=O)C=N1,0.011101467907428742
O=C(C1N2C(C=CC=C2)=CN=1)N1CCC(C2OCCO2)CC1,0.005609592678956688
CC(C1=CC=NC=C1)C(N1CCC(C2OCCO2)CC1)=O,0.01045062686316669
CC1=C(CO)C=C(C(N2CCC(C3OCCO3)CC2)=O)O1,0.005464030592702329
FC(C1=C(C(N2CCC(C3OCCO3)CC2)=O)NN=C1)(F)F,0.0036861601402051747
COC1=C(C)C2=C(C(=CO2)CC(N2CCC(C3OCCO3)CC2)=O)C=C1,0.010643981536850334
CC(N1C(=O)CC(NC(C2=C(C)N=C(C3COCC3)S2)=O)C1)C,0.006294067529961467
CC(N1C(=O)CC(NC(C(OCC2=CC(C)=CC=C2)C)=O)C1)C,0.009980239579454065
CC(N1C(=O)CC(NC(C2=C(C(F)(F)F)C=NN2)=O)C1)C,0.002479344350285828
CC(CNC(C1=CC(N2C(N)=NN=N2)=CC=C1)=O)C,0.0033491093083284794
CC(CNC(C1C2=C(CCC(C2)(C)C)ON=1)=O)C,0.015928272204473615
CN1C(=O)C(C(N2CCN(C3=C(O)C=CC=C3)CC2)=O)(CC2=CC=CC=C2)CC1,0.0053420387208461765
CN1C(=O)C(C(N2CCN(C3=C(O)C=CC=C3)CC2)=O)(C)CC1,0.005519401538185776
OC1=C(N2CCN(C(C3=C(F)C=NC=C3F)=O)CC2)C=CC=C1,0.003485894959885627
CCC1NC(CC(N2CCN(C3=CC(Cl)=CC=C3)CC2)=O)=NC=1,0.0026572644303087143
COC1=CC(OC)=CC(NC(C(N2C=NC=C2)CC(C)C)=O)=C1,0.0057805143529549245
COC1=CC(OC)=CC(NC(C(CN2CCOCC2)(C)C)=O)=C1,0.008526612934656442
COC1=CC(OC)=CC(NC(CC2CCN(CC(F)(F)F)CC2)=O)=C1,0.005179220368154347
COC1=CC=C(CN2CCN(C(CCCC3NN=NN=3)=O)CCC2)C=C1,0.004048560210503638
CCC1NC(CC(N2CCN(CC3=CC=C(Cl)C=C3)CCC2)=O)=NC=1,0.0038709887536242603
CC1OC(CCC(N2CCN(CC3=CC=C(Cl)C=C3)CCC2)=O)=NN=1,0.008290957077406347
CCC1NC(CC(N2CCN(CC3=CC=C(C)C=C3)CCC2)=O)=NC=1,0.004455264180433005
CC1=CC=C(CN2CCN(C(C3=C(N)C4=C(N=CC=C4)S3)=O)CCC2)C=C1,0.004883788945153356
CN(CC1(C(NC2=C(C)C(C(N3CC4=C(SC=C4)CC3)=O)=CC=C2)=O)CC1)C,0.008686542185023427
CC1=C(C(N2CC3=C(SC=C3)CC2)=O)C=CC=C1NC(CN1CCCC1)=O,0.007056501531042159
O=C(C1=C2C(OCC(N2)=O)=CC=C1)NC1=C(C(N2CCCCC2)=O)C=CC=C1,0.007768585858866572
O=C(NC1=C(C(N2CCCCC2)=O)C=CC=C1)CN1C2=C(C=CC=N2)C=N1,0.005121061764657498
FC(C1=NN(CC(NC2=C(C(N3CCCC3)=O)C=CC=C2)=O)C(C2CC2)=C1)F,0.005667046108283102
CNC1=C(F)C=C(C(NC2=C(C(N3CCCC3)=O)C=CC=C2)=O)C=C1,0.006563224107958376
COC1=C(NC(C)=O)C=C(NC(C2N(C3CCCC3)CC2)=O)C=C1,0.008950554579496384
COC1=C(NC(C)=O)C=C(NC(CN2C(C(C)C)=NC=C2)=O)C=C1,0.004041420132853091
CN(CCN1C2=C(C=CC(C(N(C3CC3)C)=O)=C2)NC1=O)C,0.003612076211720705
CN(C(CN1C(=O)NC(=O)C(C#N)=C1)=O)C1CC1,0.0032316163938958197
CN(C(C1=CC(N2C(N)=NN=N2)=CC=C1)=O)C1CC1,0.004104376304894686
COC(C(NC1SC(CC2=CC=CC=C2)=C(C)N=1)=O)OC,0.006974546029232443
FC(CN1CCN(C(C2=C3C(OCC(N3)=O)=CC=C2)=O)CCC1)(F)F,0.006143094704020769
CC(CN(C(C1=C2C(OCC(N2)=O)=CC=C1)=O)CC(F)(F)F)C,0.007697195268701762
CC1SC(CN(C(CCC2OC(C)=NN=2)=O)CC2OC=CC=2)=CC=1,0.010057516582310199
COC(C(N1CCN(C(CC2=CC=C(OC)C=C2)=O)CC1)=O)OC,0.009562104009091854
COC(C(NCC1=CC(NC(C2CCCCC2)=O)=CC=C1)=O)OC,0.010148730408400298
CC1CN(C(C2=CC(C)=C(NC([C@H]3N(C)CCCC3)=O)C=C2)=O)CCC1,0.00978214698843658
CC1OC(CCC(NCC2=C(N3CCCCC3)N=CC=C2)=O)=NN=1,0.004913538787513971
O=C(C1=C2C(OCC(N2)=O)=CC=C1)NCC1=C(N2CCCCC2)N=CC=C1,0.00536695602349937
COC(C(N1CCN(C(CCC2=CC=C(OC)C=C2)=O)CC1)=O)OC,0.009528116649016738
CC1=C(C(NCC2CN(C3=CC(F)=C(F)C=C3)CC2)=O)N=CN1,0.0030529616051353514
C[C@H](C(NCC1=CC=C(C2NC3=C(C=CC=C3)N=2)C=C1)=O)N(C)C,0.003381115209776908
CC(N1CCN(C(C2N=CN(C)C(=O)C=2)=O)CCC1)C,0.010587412491440773
CC(C1=CC=C(OCC2=CC(C)=CC=C2)C=C1)NC(CCC1OC(C)=NN=1)=O,0.008459138916805387
CCC1NC(CC(N2C(C3=C(OC)C=CC=C3)CCC2)=O)=NC=1,0.004571263887919485
COC1=C(C2N(C(CCC(NC3=C(F)C=CC=C3F)=O)=O)CCC2)C=CC=C1,0.007559860358014703
CCC(NC(C1=C2C(OCC(N2)=O)=CC=C1)=O)CC1=CC=CC=C1,0.008936052094213665
CCC(NC(C1N=CN(C)C(=O)C=1)=O)CC1=CC=CC=C1,0.007801448181271553
CCCC(NC(C1=C2C(OCC(N2)=O)=CC=C1)=O)CC1=CC=CC=C1,0.009334394941106439
CCCCC1C(NC(CCC2OC(C)=NN=2)=O)CCC1,0.013096723752096296
CCC1NC(CC(N2C3=C(C=CC=C3)N(C)CC2)=O)=NC=1,0.0035980333166662605
CC(C1SC(C)=CN=1)NC(COC1C(N2CCOCC2)=NSN=1)=O,0.005163483438082039
CC(C1SC(C)=CN=1)NC(C1=C2C(OCC(N2)=O)=CC=C1)=O,0.006322295567952096
FC(C1=NN(CC(N2CCN(C3=C(F)C=CC=N3)CC2)=O)C(C2CC2)=C1)F,0.005286653246730566
CN1C(=O)C(C(N2CCN(C3=C(F)C=CC=N3)CC2)=O)(C)CC1,0.007180513860657811
CN1C(=O)C(C(N2CCN(C3=C(F)C=CC=N3)CC2)=O)(CC2=CC=CC=C2)CC1,0.007557362737134099
COC(C(N1CCN(C2=C(F)C=CC=N2)CC1)=O)OC,0.005257156305015087
O=C(C1(NC2=CC=CC=C2)CC1)N1CC(C2=CC(C#N)=CC=C2)OCC1,0.006152107613161206
O=C(N1CC(C2=CC(C#N)=CC=C2)OCC1)CC=CCC1=CC=CC=C1,0.007990989019162953
FC1=C(NC(CCC(N2CC(C3=CC(C#N)=CC=C3)OCC2)=O)=O)C(F)=CC=C1,0.004980025754775852
COC(C(N1CC(C2=CC(C#N)=CC=C2)OCC1)=O)OC,0.007290623569861055
CC(C1N(CC(N2CC(C3=CC(C#N)=CC=C3)OCC2)=O)C=CN=1)C,0.004502551117911935
CC1(CC2=C(ON=C2C(NC2CCC(F)(F)CC2)=O)CC1)C,0.008967155101709067
COC(C(NC1=C(O)C(Cl)=CC(Br)=C1)=O)OC,0.009026176505722105
CCC1(NC(C2=CC3=C(N=CC=C3)C(F)=C2)=O)CCOCC1,0.0055779620539397005
O=C(NC1C(=O)N(CC2=CC=CC=C2)CCC1)CN1CCCC1,0.008610100345686078
O=C(C1(NC2=CC=CC=C2)CC1)NC1C(=O)N(CC2=CC=CC=C2)CCC1,0.007853077980689705
O=C(NC1C(=O)N(CC2=CC=CC=C2)CCC1)CC1=C2C(C=CC=C2)=CN=C1,0.006443649926222861
C[C@H](C(NC1C(=O)N(CC2=CC=CC=C2)CCC1)=O)N(C)C,0.0077224789885804055
CN1C(=O)C(C(NCCCC2ON=C(C3=CC=C(F)C=C3)N=2)=O)CCCC1,0.006099763885140419
CN1[C@H](C(NCCCC2ON=C(C3=CC=C(F)C=C3)N=2)=O)CCCC1,0.004238450771663338
CN1C(=O)C(C(NC2SC=C(CC3=CC=CC=C3)N=2)=O)CCCC1,0.007230750657618046
CC(C1N(CC(NC2SC=C(CC3=CC=CC=C3)N=2)=O)C=CN=1)C,0.004755103786010295
C=CCOC1CN(C(CCCC2NN=NN=2)=O)CC1,0.0033083310816437008
CC1(CC2=C(ON=C2C(N2CCC(C3COCC3)CC2)=O)CC1)C,0.015290840435773135
CC1N(C(C2=C(C)NC=N2)=O)CCN(CC(O)(C)C)C1,0.003181601979304105
CC1N(C(CN2C(C3CC3)=CC(C(F)F)=N2)=O)CCN(CC(O)(C)C)C1,0.00522115861531347
CC1N(C(C2=CC3=C(N=CC=C3)C(F)=C2)=O)CCN(CC(O)(C)C)C1,0.005147995520383119
CC(N1CCN(C2=CC(NC(C3=C(C(F)F)C=CS3)=O)=CC=C2)CC1)=O,0.0036903175292536615
C[C@H](C(NC1=CC(N2CCN(C(C)=O)CC2)=CC=C1)=O)N(C)C,0.006848337803967297
CC(N1CCN(C2=CC(NC(C3N(C4CCCC4)CC3)=O)=CC=C2)CC1)=O,0.008864918677136301
CC(N1CCN(C2=CC(NC(CC3=C4C(C=CC=C4)=CN=C3)=O)=CC=C2)CC1)=O,0.005887955380603671
CC(N1CCN(CC2=CC(NC(C3(NC4=CC=CC=C4)CC3)=O)=CC=C2)CC1)=O,0.007226733234710991
CCC(C1=CC(OC)=CC=C1)N(C(CC1NC(CC)=CN=1)=O)C,0.0052258145529776815
C[C@H](C(NCC1C2=C(CCCC2)ON=1)=O)N(C)C,0.010865500755608081
CCC1NC(CC(NCC2C3=C(CCCC3)ON=2)=O)=NC=1,0.004570169758517295
O=C(C1=CC(NCC2=NC=CC=C2)=CC=C1)NCC1C2=C(CCCC2)ON=1,0.00794486126396805
CN1C(=O)C(C(NCC2C3=C(CCCC3)ON=2)=O)(C)CC1,0.011251470167189836
O=C(C1(NC2=CC=CC=C2)CC1)NCC1C2=C(CCCC2)ON=1,0.008945284970104694
CN(CCN1C2=C(C=CC(C(NCC3C4=C(CCCC4)ON=3)=O)=C2)NC1=O)C,0.003983863815665245
FC(C1=C(C(NCC2C3=C(CCCC3)ON=2)=O)SC=C1)F,0.005729254870675504
CC1(CC2=C(ON=C2C(N2CC(CC(N)=O)CC2)=O)CC1)C,0.010213768715038896
CC(CC(N1C=NC=C1)C(N1CC(CC(N)=O)CC1)=O)C,0.005053405044600367
NC(C1=CC(CN(C(CN2C(C3CC3)=CC(C(F)F)=N2)=O)C2CC2)=CC=C1)=O,0.006215407839044928
COC1=CC=C(CN2C(C(N(C3CC3)CC3=CC(C(N)=O)=CC=C3)=O)CC2)C=C1,0.008933283947408199
CC(C1N(CC(N(C2CC2)CC2=CC(C(N)=O)=CC=C2)=O)C=CN=1)C,0.005830445676110685
COC1CC(CO)(C)N(C(C(N2C=NC=C2)CC(C)C)=O)C1,0.0036797634791582825
CCC1NC(CC(N2C(CO)(C)CC(OC)C2)=O)=NC=1,0.0017510869191028177
COC1CC(CO)(C)N(C(C2=CC(NCC3=NC=CC=C3)=CC=C2)=O)C1,0.0038868193747475742
COC1CC(CO)(C)N(C(CN2C(C(C)C)=NC=C2)=O)C1,0.003043349785730243
COC1CC(CO)(C)N(C(C2=C(O)C=CC(N3C=NC=C3)=C2)=O)C1,0.0017782766837626696
COC1CC(CO)(C)N(C([C@H]2N(C)CCCC2)=O)C1,0.005245267041027546
COC1CC(CO)(C)N(C(C2=CC3=C(N=CC=C3)C(F)=C2)=O)C1,0.0029119754210114477
CN1CCC(N2N=CC(NC(C3=C(C(F)F)C=CS3)=O)=C2)CC1,0.0039616227615624664
CCC(C(C(NC1=CN(C2CCN(C)CC2)N=C1)=O)O)(C)C,0.00456526770722121
CN1C(=O)C(C(NC2=CN(C3CCN(C)CC3)N=C2)=O)(C)CC1,0.008295077830553055
CN1CCC(N2N=CC(NC(C3=C(C(F)(F)F)N=CO3)=O)=C2)CC1,0.0030397391994483767
CN(CC1(C(NC2=CN(C3CCN(C)CC3)N=C2)=O)CC1)C,0.009590581385418772
FC1=CC=C(C2(NC(C3C(=O)NCCC3)=O)CC2)C=C1,0.006717481045052409
CC1=C(F)C(F)=C(C(N2CCC(OCC(N)=O)CC2)=O)C=C1,0.00582061551976949
CC(C(N1CCC(OCC(N)=O)CC1)=O)OCC1=CC(C)=CC=C1,0.008147529838606716
CC[C@H]1N(C)CC[C@@H]1C(N1CCC(OCC(N)=O)CC1)=O,0.008786225109361112
O=C(C1=C(C2OC=CC=2)NN=C1)N1CCC(OC2=CC(C#N)=CC=C2)CC1,0.003922718309331686
COC1=C(C(N2CCC(OC3=CC(C#N)=CC=C3)CC2)=O)C(OC)=NC=C1,0.0055141648859716955
CC1OC(C)C(C(N2CCC(OC3=CC(C#N)=CC=C3)CC2)=O)C1,0.009552193270064891
CON1CCC(C(N2CCC(OC3=CC(C#N)=CC=C3)CC2)=O)CC1,0.0023615102050825953
O=C(N1CCC(OC2=CC(C#N)=CC=C2)CC1)CC1=CC=C(N2C=NC=C2)C=C1,0.004298583732452244
COC1=C(C)C(C(N2CCC(OC3=CC(C#N)=CC=C3)CC2)=O)=CN=C1,0.006395451538264751
O=C(N1CCC(OC2=CC(C#N)=CC=C2)CC1)CCC1N=NNC=1,0.002923876466229558
CC1C(C(N2CCC(OC3=CC(C#N)=CC=C3)CC2)=O)=CON=1,0.006539406580850482
O=C(N1CCC(OC2=CC(C#N)=CC=C2)CC1)CC1OC(C2=CC=CC=C2)=NN=1,0.005170859850477427
CC1=C(CO)C=C(C(N2CCC(OC3=CC(C#N)=CC=C3)CC2)=O)O1,0.003254473302513361
O=C(C1=C(C2OCCC2)NN=C1)N1CCC(OC2=CC(C#N)=CC=C2)CC1,0.004368205554783344
CCOC(C(NC1=CC=C(OCC(NC)=O)C=C1)=O)(C)C,0.008899925998412073
CNC(COC1=CC=C(NC(C2=C(C)N=C(C3COCC3)S2)=O)C=C1)=O,0.00573090692050755
CNC(COC1=CC=C(NC(C2N3C(CCCC3)=CN=2)=O)C=C1)=O,0.004930822551250458
COC1=CC=C(N2N=C(C(N3C[C@]4(C)[C@](CNC4)(C)C3)=O)C=C2)C=C1,0.008036993839778007
C[C@]12CN(C(C3N(C(CC4=CC=CC=C4)=O)CCC3)=O)C[C@@]1(C)CNC2,0.009761523199267685
C[C@]12CN(C(C3=NN(C4=CC(F)=CC=C4)C=C3)=O)C[C@@]1(C)CNC2,0.006283861491829157
C[C@]12CN(C(CN3C(=O)C(C(F)(F)F)=CC=C3)=O)C[C@@]1(C)CNC2,0.004877571400720626
O=C(N[C@@]12CCO[C@@H]1CCC2)CC1N=C(NC(C2SC=CC=2)=O)SC=1,0.00603679814375937
COC1=CC(OC)=CC(CCC(N[C@@]23CCO[C@@H]2CCC3)=O)=C1,0.010487031051889062
CC1(CC(NC(C2(C3=CC=CC=C3)CCNCC2)=O)CCNC1)C,0.011085914121940732
CC1(CC(NC(CC2OCCNC2)=O)CCNC1)C,0.011106690345332026
COC1=C(C(C(NC2CC(C)(C)CNCC2)=O)N)C=CC=C1,0.011646344931796193
CC1(CC(NC(C2OC(CN)=CC=2)=O)CCNC1)C,0.012129641231149435
CC(C[C@@H](C(NC1CC(C)(C)CNCC1)=O)N)C,0.014795029256492852
ClC1=CC=C(C2SC=C(CC(N[C@@]34CCO[C@@H]3CCC4)=O)N=2)C=C1,0.006340008694678545
CC1=C(C(NC2CC(C)(C)CNCC2)=O)OC(C2=CC=CC=C2)=N1,0.006167621468193829
CC1=C(C(N[C@@]23CCO[C@@H]2CCC3)=O)OC(C2=CC=CC=C2)=N1,0.005774036981165409
CC1(CC(NC(C2CN3C(=NC=C3)CC2)=O)CCNC1)C,0.006710211466997862
O=C(N[C@@]12CCO[C@@H]1CCC2)CCC(N1CCN(C2=CC=CC=C2)CC1)=O,0.008727129315957427
CC1(CC(NC(C2=C(C3=NOC=C3)OC=N2)=O)CCNC1)C,0.007150874892249704
CCC(N1N=C(C(N[C@@]23CCO[C@@H]2CCC3)=O)C=C1)CC,0.011684796400368213
FC(COC1=CC(C(N[C@@]23CCO[C@@H]2CCC3)=O)=CN=C1)F,0.00616848561912775
CC1(CC(NC(C2(N3N=NN=C3)CCOCC2)=O)CCNC1)C,0.006251866836100817
CN1C2=C(C=CC=N2)CN(C(CCC2=C(C)N(C)N=C2C)=O)CC1,0.009570606565102936
CN1C2=C(C=CC=N2)CN(C(C2=C3C(ON=C3C)=NC(C3CC3)=C2)=O)CC1,0.00944633991457522
CN1C2=C(C=CC=N2)CN(C(CC(C2=CC=C(Cl)C=C2)NC(C)=O)=O)CC1,0.005767766293138266
CC(C1=NC2=C(C(=NO2)C)C(C(N2CC3=C(N=CC=C3)N(C)CC2)=O)=C1)C,0.009395064786076546
CC(N1C2=C(C=C(C(=N2)C)C(N2CC3=C(N=CC=C3)N(C)CC2)=O)C=N1)C,0.009553136629983782
CN1C2=C(C=CC=N2)CN(C(C2=C(C)N(C)N=C2)=O)CC1,0.008289861236698925
CN1C2=C(C=CC=N2)CN(C(CCN2C(=O)C3=C(C(=CC=C3)C)N=C2)=O)CC1,0.006761959218420088
CCN1N=C(C2CC2)C(C(N2CCN(C3=C(C#N)C=CC=C3)CC2)=O)=C1,0.006738929264247418
CCN1N=C(C2CC2)C(C(NCC(NC2=C3C(C=CC=N3)=CC=C2)=O)=O)=C1,0.006452896283008158
CC(N1C(=O)CC(NC(C2N=C3N(CCC(C3)C)C=2)=O)C1)C,0.005560516635887325
CC(N1C(=O)CC(NC(C2N(C)C(=O)NC=2)=O)C1)C,0.0026788122951984404
CC(N1C(=O)CC(NC(C2N3C(CCCC3)=CN=2)=O)C1)C,0.005360624799504876
FC1=C(Cl)C=C(CNC(CCC2N=NNC=2)=O)C=C1,0.0026162235881201923
CN1CCC(NC2=C(NC(C3N4C(C=CC=C4)=CN=3)=O)C=CC=C2)CC1,0.0038854880607686938
CN1CCC(NC2=C(NC(C3=CN(CC4CCCC4)N=C3)=O)C=CC=C2)CC1,0.008745879726484418
CON1CCC(C(NC2=C(NC3CCN(C)CC3)C=CC=C2)=O)CC1,0.0024857802549377085
CN1CCC(NC2=C(NC(C3OC(C)=C(CO)C=3)=O)C=CC=C2)CC1,0.0038326276233419778
CC1CC2N(C=C(C(NC3=C(NC4CCN(C)CC4)C=CC=C3)=O)N=2)CC1,0.005472256371285766
CN1CCC(NC2=C(NC(C3C(C)=NOC=3)=O)C=CC=C2)CC1,0.00679550264030695
CN1CCC(NC2=C(NC(C3=C4C(C=CC=C4O)=CC=C3)=O)C=CC=C2)CC1,0.004402182903140784
CN1CCC(NC2=C(NC(C3OC4=C(C=CC(=C4)O)OC3)=O)C=CC=C2)CC1,0.0041915263165719805
CCN1N=C(C2CC2)C(C(NC2=C(NC3CCN(C)CC3)C=CC=C2)=O)=C1,0.008145824959501623
CC1=CC=C(NC(NCC2CN(C(C3N4C(CCCC4)=CN=3)=O)CCC2)=O)C=C1,0.004010425298474729
CC1C(C(N2CC(CNC(NC3=CC=C(C)C=C3)=O)CCC2)=O)=NOC=1,0.004593063495121896
COC1=C(C(N2CC(CNC(NC3=CC=C(C)C=C3)=O)CCC2)=O)N=CC=C1,0.004360588453710079
CCN(S(C1=C(C)C=CC(NC(C2C(=O)N(C)CCCC2)=O)=C1)(=O)=O)CC,0.006383037869818508
CC1CCN(C(C2C(C(F)(F)F)CS(=O)(=O)C2)=O)CC1,0.004620663512832834
CN(S(C1=C(C)C=CC(NC(C2=C(C)NC=N2)=O)=C1)(=O)=O)C,0.0018978870823048056
CC(NC(CN1CCN(C(C2C3=C(CCC(C3)(C)C)ON=2)=O)CC1)=O)C,0.009673674171790481
CC(NC(CN1CCN(C([C@H]2N(C)CCCC2)=O)CC1)=O)C,0.007778710592538119
CC(NC(CN1CCN(C([C@H](N(C)C)C)=O)CC1)=O)C,0.00798644726164639
CC(NC(CN1CCN(C(C(CN2CCOCC2)(C)C)=O)CC1)=O)C,0.009941840125247837
CC(C(N1CCN(CC(N2CCCC2)=O)CC1)=O)(CN1CCOCC1)C,0.013083281740546227
CN1C(=O)C(C(N2CCN(CC(N3CCCC3)=O)CC2)=O)(C)CC1,0.012914740759879351
O=C(N1CCCC1)CN1CCN(C(CC2=C3C(C=CC=C3)=CN=C2)=O)CC1,0.007617615768685937
O=C(N1CCCC1)CN1CCN(C(C2=C3C(OCC(N3)=O)=CC=C2)=O)CC1,0.006985364388674498
CC(CC(N1C=NC=C1)C(N1CCN(CC(N2CCCC2)=O)CC1)=O)C,0.007593804597854614
FC(C1=NN(CC(N2CCN(CC(N3CCCC3)=O)CC2)=O)C(C2CC2)=C1)F,0.005896908254362643
CCC1NC(CC(N2CCN(CC3SC=CC=3)CC2)=O)=NC=1,0.0027517391834408047
COC1=C(F)C=C(CN2CCN(C(CCC3OC(C)=NN=3)=O)CC2)C=C1,0.006346780527383089
COC1=C(F)C=C(CN2CCN(C(C3=CC4N(C=C(N=4)C)C=C3)=O)CC2)C=C1,0.005659158597700298
CCN1C2=C(C=CC=C2)N=C1NC(C1C(=O)N(C)CCCC1)=O,0.005100206308998168
CCN1C2=C(C=CC=C2)N=C1NC(C(N1C=NC=C1)CC(C)C)=O,0.005426552321296185
CNC1=C(F)C=C(C(N2CCN(C(C3=CC4=C(OCO4)C=C3)=O)CC2)=O)C=C1,0.005658580549061298
FC(C1=C(C(N2CCN(C(C3=CC4=C(OCO4)C=C3)=O)CC2)=O)OC=N1)(F)F,0.0047621474834159015
C[C@H](C(NC1=CN=C(N2N=CC=C2)C=C1)=O)N(C)C,0.0048512684763409196
CN1C(=O)C(C(NC2=CN=C(N3N=CC=C3)C=C2)=O)CCCC1,0.005983118526637554
FC(CN1CCC(CC(NC2=CN=C(N3N=CC=C3)C=C2)=O)CC1)(F)F,0.0034977346513187513
CN(CCN1C2=C(C=CC(C(N(CC3NC4=C(C=CC=C4)N=3)C)=O)=C2)NC1=O)C,0.0031523222045507283
CN(C(C1C(=O)N(C)CCCC1)=O)CC1NC2=C(C=CC=C2)N=1,0.004032160656061023
CCC1NC(CC(N(CC2NC3=C(C=CC=C3)N=2)C)=O)=NC=1,0.0032157585374079645
CN(C(C(CN1CCOCC1)(C)C)=O)CC1NC2=C(C=CC=C2)N=1,0.004017781559377908
CCC1CN(C(CN2C3=C(C=CC=N3)C=N2)=O)CCC1,0.00680838820990175
CCC1CN(C(CCN2C(=O)NC(=O)C(C#N)=C2)=O)CCC1,0.002958583954023197
CCC1CN(C(CCC2OC(C)=NN=2)=O)CCC1,0.008907884918153286
CCC1CN(C(C2=C3C(OCC(N3)=O)=CC=C2)=O)CCC1,0.008781235385686158
CN1C(=O)C(C(NCC2=CC(C(NCC3OC=CC=3)=O)=CC=C2)=O)CCCC1,0.008879965310916305
CC(C1N(CC(NCC2=CC(C(NCC3OC=CC=3)=O)=CC=C2)=O)C=CN=1)C,0.005203832569532096
CC1=CC(C)=C(CCNC(CN2C3=C(C=CC=N3)C=N2)=O)C(C)=C1,0.007725744927302003
CC1=CC(C)=C(CCNC(C2=C(C(F)(F)F)N=CO2)=O)C(C)=C1,0.004332405235618353
COC1=C(OC)C(CCNC(C2C(=O)N(C)CCCC2)=O)=CC=C1,0.010574502917006613
CNC1=C(F)C=C(C(NCCC2=C(OC)C(OC)=CC=C2)=O)C=C1,0.006511197215877474
CN1C(=O)C=C(C(NCC2CN(CC3=CC=CC=C3)CCC2)=O)N=C1,0.0062441185116767885
CC(NCC1CN(C(C(CN2CCOCC2)(C)C)=O)CCC1)=O,0.009031510911881924
CC(CC(N1C=NC=C1)C(N1CC(CNC(C)=O)CCC1)=O)C,0.005209260527044535
CC(NCC1CN(C(C2=C(O)C=CC(N3C=NC=C3)=C2)=O)CCC1)=O,0.0026951263309456406
CC(NCC1CN(C(CC2CCN(CC(F)(F)F)CC2)=O)CCC1)=O,0.005741286769625731
CC(NCC1CN(C(CC2=C3C(C=CC=C3)=CN=C2)=O)CCC1)=O,0.005848802719265222
CC(NCC1CN(C(CN2C3=C(C=CC=N3)C=N2)=O)CCC1)=O,0.0046288169687613845
CN1C(=O)C=C(C(N2CCN(CC3N=C4N(C=C(C=C4)Cl)C=3)CC2)=O)N=C1,0.004991208389401436
CN1C(=O)C(C(N2CCN(CC3N=C4N(C=C(C=C4)Cl)C=3)CC2)=O)(C)CC1,0.006060499558225274
CON(C(C1=CC=C(NC(C2N(CC3=CC=C(OC)C=C3)CC2)=O)C=C1)=O)C,0.0016768374684033916
CCC1NC(CC(NC2=CC=C(C(N(OC)C)=O)C=C2)=O)=NC=1,0.000545081238669809
CON(C(C1=CC=C(NC(CCC2OC(C)=NN=2)=O)C=C1)=O)C,0.0010592245482257568
CC(C1C(=O)NCCN1C(CC1=C2C(C=CC=C2)=CN=C1)=O)C,0.006103670038282871
CC(C1C(=O)NCCN1C(C1C(=O)NC=C(C(F)(F)F)C=1)=O)C,0.0024476477701682597
CNC1=C(F)C=C(C(N2C(C(C)C)C(=O)NCC2)=O)C=C1,0.004776516649872065
CC(C1C(=O)NCCN1C(CNC1=CC=C(S(C)(=O)=O)C=C1)=O)C,0.004605368769261986
CC(C1C(=O)NCCN1C(CN1CCCC1)=O)C,0.008859507576562464
CC(CN1CCN(C)CC1)CNC(C1=NOC(C2=CC(O)=CC=C2)=C1)=O,0.005094967409968376
CC(CN1CCN(C)CC1)CNC(C1C(=O)N(C)CCCC1)=O,0.01256711333990097
CC(CN1CCN(C)CC1)CNC(C1C(=O)NC=C(C(F)(F)F)C=1)=O,0.0032720047747716308
CC1N=C2N(C=CC(C(N3CC4CNC(=O)N4CC3)=O)=C2)C=1,0.0027203225065022705
O=C(N1CC2CNC(=O)N2CC1)CN1CCCC1,0.00439942441880703
O=C(C1(NC2=CC=CC=C2)CC1)N1CC2CNC(=O)N2CC1,0.004014243267010898
COCCCOC1=CC(NC(C2=C(F)C=NC=C2F)=O)=CC=C1,0.005285317427478731
COCCCOC1=CC(NC(C2(C(=O)N(C)CC2)CC2=CC=CC=C2)=O)=CC=C1,0.007644825638271869
COCCCOC1=CC(NC(C(OC)OC)=O)=CC=C1,0.007151567889377475
CN1C(=O)C(C(NC2CN(C3=CC(Cl)=CC=C3)CC2)=O)(C)CC1,0.008375380327925086
ClC1=CC(N2CC(NC(CCCC3NN=NN=3)=O)CC2)=CC=C1,0.0023875234881415965
CC(C1N=C(C2=CC=C(Cl)C=C2)ON=1)NC(C(CN1CCOCC1)(C)C)=O,0.00711994543671608
CC1=C(C(NC2=CC(Cl)=C(CN3CCOCC3)C=C2)=O)N=CN1,0.002427058119792491
CN1C(=O)C(C(NC2=CC(Cl)=C(CN3CCOCC3)C=C2)=O)CCCC1,0.007856673770584166
FC1=C(C(NC2=CC(Cl)=C(CN3CCOCC3)C=C2)=O)C(F)=CN=C1,0.004882123065181076
COC1=CC=C(CN2C(C(NC3=NC=C(NC(C)=O)C=C3)=O)CC2)C=C1,0.005226163961924613
CC1OCCC(CCNC(C2=C3N(C(C4=CN=CC=C4)=CC=N3)N=C2)=O)C1,0.00748189389705658
CNC1=C(F)C=C(C(NCCC2CC(C)OCC2)=O)C=C1,0.007544044638052583
CC(NC(C1=C(F)C=NC=C1F)=O)CS(C)=O,0.0057838186621665955
CC1(C#N)CN(C(C2=C3C(OCC(N3)=O)=CC=C2)=O)CCC1,0.005424565045814234
CC1N=C2N(C=CC(C(N3CC(C#N)(C)CCC3)=O)=C2)C=1,0.0040614023669945706
CC1(C#N)CN(C(C2=CC3=C(N=CC=C3)C(F)=C2)=O)CCC1,0.0036494636091902065
CN(CC1=C(Cl)C=CC(NC(C2N(C3CCCC3)CC2)=O)=C1)CCO,0.00506947934627533
CC1=C(NC(C2N(C3CCCC3)CC2)=O)C=C(C2NC(=O)NN=2)C=C1,0.003935589862521738
CC1=C(NC(CC2CCN(CC(F)(F)F)CC2)=O)C=C(C2NC(=O)NN=2)C=C1,0.0025584305374650286
CC1N=C2N(C=CC(C(N3CC(C4OC(=O)NN=4)CCC3)=O)=C2)C=1,0.002165120345307514
O=C(N1CC(C2OC(=O)NN=2)CCC1)C1N(C2CCCC2)CC1,0.004578044754453003
COC1=CC=C(CN2C(C(N3CC(C4OC(=O)NN=4)CCC3)=O)CC2)C=C1,0.0036664198967628183
CN1C(=O)C(C(N2CC(C3OC(=O)NN=3)CCC2)=O)(C)CC1,0.003880878712516278
CCC(C(C(NC1=CC(F)=CN=C1)=O)O)(C)C,0.0032597568235360084
CC1OC(CCC(NC2=CC(F)=CN=C2)=O)=NN=1,0.004144388204440475
CN1C(=O)C(C(NC2=CC(F)=CN=C2)=O)(C)CC1,0.005578931886702776
CN(C(C1=C(N)C2=C(N=CC=C2)S1)=O)CCCN1CCCC1,0.004936967045068741
CC1=C(C(NC2CN(CC(F)(F)F)CCC2)=O)N=CN1,0.001545275338139618
NC1C2=C(N=CC=C2)SC=1C(NC1CN(CC(F)(F)F)CCC1)=O,0.0018432616816426162
FC(CN1CC(NC(CN2C3=C(C=CC=N3)C=N2)=O)CCC1)(F)F,0.002624949916207697
CN(C([C@H]1N(C)CCCC1)=O)CCN(C1=CC=C(S(N)(=O)=O)C=C1)C,0.005702096037566662
CN(C(C1N(C2CCCC2)CC1)=O)CCN(C1=CC=C(S(N)(=O)=O)C=C1)C,0.008165266783908009
C[C@H]1OC2=C(C=CC=C2)[C@H](NC(C2N=CN(C)C(=O)C=2)=O)C1,0.007421945245005191
C[C@H]1OC2=C(C=CC=C2)[C@H](NC(C2C(=O)NC=C(C(F)(F)F)C=2)=O)C1,0.0031423958600498734
C[C@H]1OC2=C(C=CC=C2)[C@H](NC(C2(C(=O)N(C)CC2)C)=O)C1,0.00926273870281875
CC(C1(CCOCC1)O)(CNC(C1C(=O)NC=C(C(F)(F)F)C=1)=O)C,0.004253013140987605
CC(C1(CCOCC1)O)(CNC(C1C2=C(CCC(C2)(C)C)ON=1)=O)C,0.013958952436223627
CC1C(C)C(C)N(C(CNC2=CC=C(S(C)(=O)=O)C=C2)=O)C1,0.006680049607530237
CC(CC(N1C=NC=C1)C(NC1SC(C2=NC=CN=C2)=CN=1)=O)C,0.005436360300518572
CN1C(=O)C(C(NC2SC(C3=NC=CN=C3)=CN=2)=O)(CC2=CC=CC=C2)CC1,0.006688546855002642
COC1=C(OC)N=CC(NC(C2(NC3=CC=CC=C3)CC2)=O)=C1,0.006976567232050002
CCC1NC(CC(NC2=CC(OC)=C(OC)N=C2)=O)=NC=1,0.0029118236736394463
COC1=C(OC)N=CC(NC(C2C(C(F)(F)F)CS(=O)(=O)C2)=O)=C1,0.0042838938878048795
CC1CC(N2C3=C(CCN(C(C4C5=C(CCC(C5)(C)C)ON=4)=O)C3)N=N2)C1,0.013962421845644713
COC1=CC=C(CN2C(C(N3CC4=C(N=NN4C4CC(C)C4)CC3)=O)CC2)C=C1,0.01033400115557015
COC(C(N1CC2=C(N=NN2C2CC(C)C2)CC1)=O)OC,0.010456055169925094
CC1CC(N2C3=C(CCN(C([C@H]4N(C)CCCC4)=O)C3)N=N2)C1,0.010848472453653812
CCC(CNC(C1C(C)=CN(C2CCOCC2)N=1)=O)CC,0.012385066784918308
CCC(CNC(C1=NC=NC(N2CCOCC2)=C1)=O)CC,0.00678187320008874
CCC(CNC(C1C(=O)NCCC1)=O)CC,0.009933741670101881
CCC(CNC(C1=C(C2OCCC2)NN=C1)=O)CC,0.008356404351070523
CC1C(C(N2CC(NS(C3=CC(F)=CC=C3)(=O)=O)CCC2)=O)=CON=1,0.0033955260179936884
C[C@]12CN(C(C3C(C4=CC(Cl)=CC=C4)=NNC=3)=O)C[C@@]1(C)CNC2,0.0047734379535540935
C[C@]12CN(C(CC3C4=C(C=CC=C4)NN=3)=O)C[C@@]1(C)CNC2,0.005100483633577823
O=C(C1=CC=C(N2S(=O)(=O)CCC2)C=C1)N[C@@]12CCO[C@@H]1CCC2,0.005635900190100074
NC(C1C2=C(C=CC=C2)N(CC(N[C@@]23CCO[C@@H]2CCC3)=O)C=1)=O,0.0069182335399091245
CC1(CC(NC(CC2C3=C(N=CC=C3)NC=2)=O)CCNC1)C,0.004939921875484287
CC1CCN(C2=NC=C(C(N[C@@]34CCO[C@@H]3CCC4)=O)C=C2)CC1,0.008340868330560625
CC1(CC(NC(C2SN=C(C3=CC=CC=C3)C=2)=O)CCNC1)C,0.009790659788995982
CCCOC1=CC=C(CCC(NC2CC(C)(C)CNCC2)=O)C=C1,0.012546814884990454
CN1C2=C(C=CC=N2)CN(C(C2=C(NS(C)(=O)=O)C=CC=C2)=O)CC1,0.003547277895268053
CC(C1=C(C(N2CC3=C(N=CC=C3)N(C)CC2)=O)C(C)=NO1)C,0.009642085945233702
CCC1=C(C(N2CC3=C(N=CC=C3)N(C)CC2)=O)SN=N1,0.006694163754582405
CN1C2=C(C=CC=N2)CN(C(CN2C(=O)N3C(CCCCC3)=N2)=O)CC1,0.006678189802914858
CCS(NCC(N1CC2=C(N=CC=C2)N(C)CC1)=O)(=O)=O,0.0035978188971057534
NS(C1=CC=C(OCC(N(C2CCCCC2)CC2CC2)=O)C=C1)(=O)=O,0.010256251459941268
OCC1ON=C(C(N(C2CCCCC2)CC2CC2)=O)C=1,0.00797971747815609
CC(C(N1CCN(C(C2C(=O)NCCC2)=O)CCC1)=O)C,0.009626822406426072
CC(C(N1CCN(C(C2C(C)=NOC=2)=O)CCC1)=O)C,0.010690612671896815
CC(C(N1CCN(C(C2(C3=NC=CC=C3)CC2)=O)CCC1)=O)C,0.013854071870446205
CN1CCN(CC(C2=CC=CC=C2)NC(CC2=C3N(CCCC3)N=C2)=O)CC1,0.009472917439416051
CN1CCN(CC(C2=CC=CC=C2)NC(C2=NOC(CO)=C2)=O)CC1,0.004099567257799208
CN1CCN(CC(C2=CC=CC=C2)NC(C2N3C(CCCC3)=CN=2)=O)CC1,0.00656007076613605
CCN1C(C)=C(C(NC2=C(NC(C)=O)C=CC(C)=C2)=O)C=N1,0.00592299357522279
CC(NC1=C(NC(C2=CN(CC3CCCC3)N=C2)=O)C=C(C)C=C1)=O,0.00790928250644356
CC(C(NC1=C(NC(C)=O)C=CC(C)=C1)=O)OCC1=CC(C)=CC=C1,0.008317922544665634
CC1CC2N(C=C(C(NC3=C(NC(C)=O)C=CC(C)=C3)=O)N=2)CC1,0.004439318377990276
OC1=C2C(C=CC=C2C(NCC2CCOCC2)=O)=CC=C1,0.004759372584521771
O=C(N1CCN(C(C2NC3=C(C=CC=C3)C=2)=O)CC1)CCC1N=NNC=1,0.0033919924055226145
CC1CC2N(C=C(C(N3CCN(C(C4NC5=C(C=CC=C5)C=4)=O)CC3)=O)N=2)CC1,0.004100731306243688
CC1=C(CO)C=C(C(N2CCN(C(C3NC4=C(C=CC=C4)C=3)=O)CC2)=O)O1,0.0026421614806167782
CC(CC1(C(N2CCN(C(C3NC4=C(C=CC=C4)C=3)=O)CC2)=O)C(=O)NCC1)C,0.005554905720055103
O=C(N1CCN(C(C2NC3=C(C=CC=C3)C=2)=O)CC1)[C@H]1[C@H](C2CCOCC2)C1,0.005162297439528629
CCN1N=C(C2CC2)C(C(N2CCN(C(C3NC4=C(C=CC=C4)C=3)=O)CC2)=O)=C1,0.0056616245303303
CON1CCC(C(N2CCN(C(CC3CCCCC3)=O)CC2)=O)CC1,0.0034873255295678972
CCC1=C2C(C(NC(C3=C(CC#N)C=CC=C3)=O)CCO2)=CC=C1,0.006910444098684821
CCC1=C2C(C(NC(C[C@H]3C(=O)NC4=C(C=CC=C4)C(=O)N3)=O)CCO2)=CC=C1,0.008764491882175207
CCC1=C2C(C(NC(C3=C(C)N=C(C4COCC4)S3)=O)CCO2)=CC=C1,0.008466611616313457
CCC1=C2C(C(NC(C3=C(C(F)(F)F)C=NN3)=O)CCO2)=CC=C1,0.003649617824703455
CCC1=C2C(C(NC(C3=CN(CCN(C)C)N=C3)=O)CCO2)=CC=C1,0.010446423524990677
CCC1=C2C(C(NC(C3OC4=C(C=CC(=C4)O)OC3)=O)CCO2)=CC=C1,0.005813068174757063
COC1=C(Br)C=C(CNC(C2OC(C)=C(CO)C=2)=O)C=C1,0.005011179880239069
CN1C(=O)NC=C1C(NCC(C1=CC(Br)=CC=C1)(C)C)=O,0.0036646312102675436
CCC(N(C(C1=NC=NC(N2CCOCC2)=C1)=O)C1CC1)CC,0.00914407828822732
CON1CCC(C(N2CC(CNC(NC3=CC=C(C)C=C3)=O)CCC2)=O)CC1,0.0013838348764693364
CC1=CC=C(NC(NCC2CN(C(C3N(C)C(=O)NC=3)=O)CCC2)=O)C=C1,0.0021232198050711304
CCOC(C(N1CC(CNC(NC2=CC(F)=CC=C2)=O)CCC1)=O)(C)C,0.004470391722861677
FC1=CC(NC(NCC2CN(C(C3(C4=NC=CC=C4)CC3)=O)CCC2)=O)=CC=C1,0.004010322922840715
CCC(C1N2C(CCCCC2)=NN=1)NC(C1=C(CC)C=CC(F)=C1)=O,0.007171471649780869
CCC(C1N2C(CCCCC2)=NN=1)NC(CC1=CC=C(N2C=NC=C2)C=C1)=O,0.006511716195382178
CCC(C1N2C(CCCCC2)=NN=1)NC(C1=NC=NC(N2CCOCC2)=C1)=O,0.006386755732819438
CCC(C1N2C(CCCCC2)=NN=1)NC(C1=C2C(C=C(C=C2)O)=CC=C1)=O,0.005053505185060203
CC1OC(CCC(N2CCN(C3=CC(C(F)(F)F)=CC=C3)CC2)=O)=NN=1,0.004028177831787616
CCC1NC(CC(NC2=C(OC)C=C(Cl)C(C)=C2)=O)=NC=1,0.0026651459222193806
CN1C(=O)C(C(NCCC2=CC=C(OC(F)F)C=C2)=O)CCCC1,0.005672926758415997
C[C@H](C(N(C(C1=CC=C(N2N=CN=C2)C=C1)C)C)=O)N(C)C,0.008210603124462068
CC(C1=CC=C(N2N=CN=C2)C=C1)N(C(CC1CCN(CC(F)F)CC1)=O)C,0.005746246920898557
CCC1NC(CC(N(CC2=CC3=C(C=C(C=C3)OC)C=C2)C)=O)=NC=1,0.004350944689940661
CN1[C@H](C(N2CCN(C3CS(=O)(=O)CC3)CC2)=O)CCCC1,0.007609947095625102
CCC(C(C(NC1=CC2C(=CNN=2)C=C1)=O)O)(C)C,0.0024562186386901884
CCCN(C(C1C(=O)NC=C(C(F)(F)F)C=1)=O)C1CS(=O)(=O)CC1,0.0026141202659346165
CCCN(C(C1=C2C(OCC(N2)=O)=CC=C1)=O)C1CS(=O)(=O)CC1,0.006873670499771833
CCCN(C(CN1C(C2CC2)=CC(C(F)F)=N1)=O)C1CS(=O)(=O)CC1,0.005879099410958588
CCCN(C(C1=CC2=C(N=CC=C2)C(F)=C1)=O)C1CS(=O)(=O)CC1,0.005458034062758088
CC(C1N(CC(NC2=CC3=C(NN=C3)C=C2)=O)C=CN=1)C,0.002311419282341376
O=C(C1N(C2CCCC2)CC1)NC1=CC2=C(NN=C2)C=C1,0.005089400475844741
CN(CC1(C(NC2=CC3=C(NN=C3)C=C2)=O)CC1)C,0.004928507364820689
CN1C(=O)C(C(NC2=CC3=C(NN=C3)C=C2)=O)(CC2=CC=CC=C2)CC1,0.004415027424693107
CN(CC1(C(NC2=C(C)C(C(N)=O)=CC=C2)=O)CC1)C,0.008072480815462768
O=C(C1(NC2=CC=CC=C2)CC1)NC1=CN=C(N2CC(=O)NCC2)C=C1,0.004980162531137466
CC(CC(N1C=NC=C1)C(NC1=CN=C(N2CC(=O)NCC2)C=C1)=O)C,0.0037594684865325688
CCC1NC(CC(N(C2CC2)CC2OC(C3C(C)C3)=CC=2)=O)=NC=1,0.006967202317900956
CC1C(C2OC(CN(C(C3C(=O)N(C)CCCC3)=O)C3CC3)=CC=2)C1,0.016590446792542936
CCC(C1=C(OC(F)F)C=CC=C1)NC(CC1NC(CC)=CN=1)=O,0.0021131791698280724
COC(C(NC1=CC=C(CC(N2CCN(C3=NC=CC=N3)CC2)=O)C=C1)=O)OC,0.005184876779094338
CN1C(=O)C(C(NC2CCN(CC3CC3)CC2)=O)CCCC1,0.011934800678864122
CC1=C(C(NC2CCN(CC3CC3)CC2)=O)N=CN1,0.004113242856692523
CN(CCN1C2=C(C=CC(C(NC3CCN(CC4CC4)CC3)=O)=C2)NC1=O)C,0.003770124923903495
O=C(NC1=CN(CC(NC2CC2)=O)N=C1)CN1CCCC1,0.0073607505299150945
FC(C1=C(C(NC2=CN(CC(NC3CC3)=O)N=C2)=O)SC=C1)F,0.0037351016886532306
CNC(CN1N=CC(NC([C@H]2N(C)CCCC2)=O)=C1)=O,0.004947483958676458
CNS(N1CCN(C2=C(C#N)C=C(C(F)(F)F)C=C2)CC1)(=O)=O,0.002609664649935439
CNS(N1CCN(C2=C3C(C(=CC=C3)F)=NC(C)=C2)CC1)(=O)=O,0.0035023614414967596
CNS(N1CCN(C2SC=C(C3=CC=C(F)C=C3)N=2)CC1)(=O)=O,0.0036140316165983676
O=C(N1CCN(CC2CCCCC2)CC1)CN1C2=C(C=CC=N2)C=N1,0.009266377799212933
FC(C1C=C(C(N2CCN(CC3CCCCC3)CC2)=O)C(=O)NC=1)(F)F,0.00416929863858968
O=C(N1CCN(CC2CCCCC2)CC1)CCCC1NN=NN=1,0.005133989476598799
CC1OC(CCC(N2CCN(CC3CCCCC3)CC2)=O)=NN=1,0.012603398319333792
COC(C(NCC1=C(OCCN2CCOCC2)C=CC=C1)=O)OC,0.008626285661011934
C[C@H](C(NCC1=C(OCCN2CCOCC2)C=CC=C1)=O)N(C)C,0.00876610423438251
CC1CCC(N(C(C2=C(N)C3=C(N=CC=C3)S2)=O)C2CC2)CC1,0.0067436028039082885
CC1CCC(N(C(CCCC2NN=NN=2)=O)C2CC2)CC1,0.006629591109231114
COC1=CC=C(CN2C(C(NC(C3=CC4=C(N(C(C4)=O)C)C=C3)C)=O)CC2)C=C1,0.008527818229049444
CC(C1=CC2=C(N(C(C2)=O)C)C=C1)NC(CN1C2=C(C=CC=N2)C=N1)=O,0.006360567011870444
COC1=C(F)C=C(CCNC(CN2C(C(C)C)=NC=C2)=O)C=C1,0.004885393148288131
OC1=CC(CNC(CC2CCN(CC(F)F)CC2)=O)=CC=C1,0.0031423692358657717
NC1C2=C(N=CC=C2)SC=1C(NCC1(CCCC1)O)=O,0.004560440615750849
CCC1NC(CC(NCC2(CCCC2)O)=O)=NC=1,0.004635179322212935
OC1(CCCC1)CNC(CC1CCN(CC(F)(F)F)CC1)=O,0.006376122235087678
CN1C(=O)C(C(NCC2(CCCC2)O)=O)(C)CC1,0.01403263323009014
OC1(CCCC1)CNC(C1C(C(F)(F)F)CS(=O)(=O)C1)=O,0.005447980920598639
OC1=C(C(NCC2(CCCC2)O)=O)C=C(N2C=NC=C2)C=C1,0.004372739465907216
OC1(CCCC1)CNC(CN1C2=C(C=CC=N2)C=N1)=O,0.007433185307309032
CN(CC1(C(NC2=C(N3N=C(C(N)=O)C=C3)C=CC=C2)=O)CC1)C,0.00587101390119642
NC(C1=NN(C2=C(NC(CN3CCCC3)=O)C=CC=C2)C=C1)=O,0.004753225669264794
OC1=C2C(C(NC(CC3CCN(CC(F)F)CC3)=O)CC2)=CC=C1,0.0040254778228700164
CC(NC(C1C2=C(CCC(C2)(C)C)ON=1)=O)COC1COCC1,0.013361693592742085
COC1=CC=C(CN2C(C(NC(COC3COCC3)C)=O)CC2)C=C1,0.01020395108498633
CNC1=C(F)C=C(C(NC(COC2COCC2)C)=O)C=C1,0.00580240897834301
O=C(C1N(C2CCCC2)CC1)NC1CCN(S(C2CC2)(=O)=O)CC1,0.007808174751698971
CN1C(=O)C(C(NC2CCN(S(C3CC3)(=O)=O)CC2)=O)(C)CC1,0.006725026061758399
FC1=C(C(NC2CCN(S(C3CC3)(=O)=O)CC2)=O)C(F)=CN=C1,0.004315214999951422
CN1C(=O)C(C(NCCC2N=C(C3=CC=CC=C3)SC=2)=O)CCCC1,0.0066165894269943236
NC1N=C(N2CCN(C(C3=C(F)C=NC=C3F)=O)CC2)SN=1,0.0033314352156594397
NC1N=C(N2CCN(C(CC3CCN(CC(F)F)CC3)=O)CC2)SN=1,0.0037903410498984157
COC(C(N1CCN(C2SN=C(N)N=2)CC1)=O)OC,0.00489931795746088
CN1C(=O)C=C(C(N2CC3=C(C=CC=C3)N(S(C)(=O)=O)CC2)=O)N=C1,0.006417990336194635
CN1C(=O)C(C(N2CC3=C(C=CC=C3)N(S(C)(=O)=O)CC2)=O)CCCC1,0.007162300567142665
CCC1NC(CC(NC2CN(C3=CC(F)=C(Cl)C=C3)CC2)=O)=NC=1,0.0024800514278467745
O=C(C1N(C2CCCC2)CC1)NC1SC(C=CC2OC=CC=2)=NN=1,0.008999382657930256
CN1C(=O)C(C(NC2SC(C=CC3OC=CC=3)=NN=2)=O)CCCC1,0.007774877129122615
OCC1CN(C(CN2C(C3CC3)=CC(C(F)F)=N2)=O)C1,0.0027190240332856776
CC1(CC2=C(ON=C2C(N2CC(CO)C2)=O)CC1)C,0.006949868821538985
NC1C2=C(N=CC=C2)SC=1C(N1CC(CO)C1)=O,0.0014478535274975001
CN1C(=O)C(C(N2CC(CO)C2)=O)CCCC1,0.006109913345426321
CN1C(=O)C(C(NCC2(C3=NC=CC=C3)CC2)=O)CCCC1,0.010379450349137186
CC1=CC(C2CN(C(CNC3=CC=C(S(C)(=O)=O)C=C3)=O)CC2)=CC=C1,0.006050249142572284
CC1=CC(C2CN(C(C3=C4C(OCC(N4)=O)=CC=C3)=O)CC2)=CC=C1,0.008672094182111323
CC(CC(N1C=NC=C1)C(N1C(C2=C(F)C=CC=C2)C(=O)NCC1)=O)C,0.004356781963724643
CN1C(=O)C=C(C(N2C(C3=C(F)C=CC=C3)C(=O)NCC2)=O)N=C1,0.004731806088238954
CN1C(=O)C(C(N2C(C3=C(F)C=CC=C3)C(=O)NCC2)=O)CCCC1,0.00667391144670546
CCC1NC(CC(N2C(C3=C(F)C=CC=C3)C(=O)NCC2)=O)=NC=1,0.0021737278380896895
FC(CN1CCC(CC(N2C(C3=C(F)C=CC=C3)C(=O)NCC2)=O)CC1)F,0.005087811232078821
CCC1NC(CC(NCC2(C3=CC=C(OC)C=C3)CCC2)=O)=NC=1,0.004865717829670757
COC1=C(F)C=CC(NC(CCC2OC(C)=NN=2)=O)=C1,0.005246770312078297
COC1=C(F)C=CC(NC(C2=CC3=C(NC(N3CCN(C)C)=O)C=C2)=O)=C1,0.0029213877336587758
CC1OC(CCC(N2CC(C)(C)OC3=C(C=CC=C3)C2)=O)=NN=1,0.009604416182264685
FC(C1(NC(CN2C3=C(C=CC=N3)C=N2)=O)CCCC1)F,0.004448554595001042
CN1C(=O)C=C(C(N2CC3(OC4=C(C=CC=C4)O3)CC2)=O)N=C1,0.00929312128573656
FC(C1N=C(C2CCN(C(CN3C4=C(C=CC=N4)C=N3)=O)CC2)SC=1)(F)F,0.003700641496106982
CN1C(=O)C(C(NC(C2=CC(C(F)(F)F)=CC=C2)CCO)=O)CCCC1,0.003187767893541604
OCCC(C1=CC(C(F)(F)F)=CC=C1)NC(C1=C2C(OCC(N2)=O)=CC=C1)=O,0.003911321237683296
CN(C(C1=CC(N2C(N)=NN=N2)=CC=C1)=O)C1CC(OC(C)(C)C)C1,0.0053361028665676715
CCC(C(C(N1CN(C(C2CC2)=O)CC1)=O)O)(C)C,0.006779731367714703
FC1=C(NC(CCC(N2CN(C(C3CC3)=O)CC2)=O)=O)C(F)=CC=C1,0.008165094163268804
O=C(N1CN(C(C2CC2)=O)CC1)CC1=C2C(C=CC=C2)=CN=C1,0.009315319452434778
O=C(N1CN(C(C2=C3C(OCC(N3)=O)=CC=C2)=O)CC1)C1CC1,0.009132030536420643
OC1CC2(CCC2)N(C(C2=CC3=C(N=CC=C3)C(F)=C2)=O)CC1,0.0030050540575757624
OC1CC2(CCC2)N(C(C2=C(O)C=CC(N3C=NC=C3)=C2)=O)CC1,0.0017677831172477454
CC(CC(N1C=NC=C1)C(N1C2(CCC2)CC(O)CC1)=O)C,0.003667427075561136
NC1C2=C(N=CC=C2)SC=1C(N1C2(CCC2)CC(O)CC1)=O,0.001964607310947031
CC(C1N(CC(N2C3(CCC3)CC(O)CC2)=O)C=CN=1)C,0.002910775283817202
CN(C(C1=C2C(OCC(N2)=O)=CC=C1)=O)CC1N(C)CCC1,0.009824634622782468
COC1=C(CNC([C@H](N(C)C)C)=O)C=C(Br)C=N1,0.008112898375838996
COC1=C(CNC(C2(C(=O)N(C)CC2)C)=O)C=C(Br)C=N1,0.008427393645979464
CN1C2=C(C=CC=C2)CN(C(CNC2=CC=C(S(C)(=O)=O)C=C2)=O)CC1=O,0.006181341572664678
CCC(C(C(N1CC2=C(C=CC=C2)N(C)C(=O)C1)=O)O)(C)C,0.009159748372621835
CC(C1N(CC(N2CC3=C(C=CC=C3)N(C)C(=O)C2)=O)C=CN=1)C,0.006123400619253516
CC1=CC(C(NC2CCN(C(C3C4=C(CCC(C4)(C)C)ON=3)=O)CC2)=O)=CC=C1,0.00985537157393992
CC1=CC(C(NC2CCN(C(CN3C4=C(C=CC=N4)C=N3)=O)CC2)=O)=CC=C1,0.005364050972275436
CN(CC(C)(C)C)CC(N1CCC(NC(C2=CC(C)=CC=C2)=O)CC1)=O,0.010457280045375227
CNC1=C(F)C=C(C(N2CCC(NC(C3=CC(C)=CC=C3)=O)CC2)=O)C=C1,0.005525317322462797
CC1=CC(C(NC2CCN(C(C3=C4C(OCC(N4)=O)=CC=C3)=O)CC2)=O)=CC=C1,0.007276564394123853
CN1[C@H](C(N2CCC(NC(C3=CC(C)=CC=C3)=O)CC2)=O)CCCC1,0.00965969474054873
C=CCN1CCC(NC(C2=NC=NC(N3CCOCC3)=C2)=O)CC1,0.004510338138788939
CC(CN1CCC(NC(C2=C(C3OC=CC=3)NN=C2)=O)CC1)=C,0.0050254508154466745
C[C@]12CN(C(C3OC(CNS(C)(=O)=O)=CC=3)=O)C[C@@]1(C)CNC2,0.004671333904843778
C[C@]12CN(C(C3=C(COC4=CC=CC=C4)C=CO3)=O)C[C@@]1(C)CNC2,0.009491070942021906
C[C@]12CN(C(C3NN=C(C4=CC=C(Cl)C=C4)C=3)=O)C[C@@]1(C)CNC2,0.005045021267142147
C[C@]12CN(C(C3=C(OCC(N)=O)C=CC=C3)=O)C[C@@]1(C)CNC2,0.008782234182581306
C[C@]12CN(C(CCN3C(=O)C4=C(SC=C4)N=C3)=O)C[C@@]1(C)CNC2,0.005212329258210957
CC1(CC(NC(C2=CC(CN3C(=O)NCC3=O)=CC=C2)=O)CCNC1)C,0.002826823340728879
COC1=CC2=C(OCC(C(N[C@@]34CCO[C@@H]3CCC4)=O)C2)C=C1,0.010767252906225622
CC1(CC(NC(C2=NN(C3=CC(F)=CC=C3)C=C2)=O)CCNC1)C,0.006777112255804241
CC1(CC(NC(C2=CN=C(C3=CC=CC=C3)N=C2)=O)CCNC1)C,0.007798585202544927
CC1(CC(NC(C2=C3N(C=CC=C3)C(S(C)(=O)=O)=N2)=O)CCNC1)C,0.004571057064458728
CN(C(C1=CC=C(C(N[C@@]23CCO[C@@H]2CCC3)=O)C=C1)=O)C,0.0108163895085454
NS(C1=CC=C(CC(N[C@@]23CCO[C@@H]2CCC3)=O)C=C1)(=O)=O,0.007016448094509542
CN1C2=C(C=CC=N2)CN(C(C2=C3N(C=CC=N3)N=C2)=O)CC1,0.007052035862579941
CN1C2=C(C=CC=N2)CN(C(C2=CC=C(CO)C=C2)=O)CC1,0.0036236642743460836
CN1C2=C(C=CC=N2)CN(C(C2=C3N(C(=CC(=N3)C)C)N=C2)=O)CC1,0.008172765816561877
CC(N1N=CC=C1)C(N1CC2=C(N=CC=C2)N(C)CC1)=O,0.006690732133574784
CN1C2=C(C=CC=N2)CN(C(CCNC(C2=CC3=C(C=CC=C3)C=C2)=O)=O)CC1,0.005728058842942118
CN1C2=C(C=CC=N2)CN(C(CN2C(=O)C3=C(C=CC=C3)N=C2C)=O)CC1,0.0061491069616749884
CN1C2=C(C=CC=N2)CN(C(C2CC(=O)N(CC3=NC=CC=C3)C2)=O)CC1,0.008010690100491047
CN1C2=C(C=CC=N2)CN(C(CCC2=C(C)N3C(=C(C=N3)C#N)N=C2C)=O)CC1,0.006415558932349086
FC(C1C(=O)N(COC2CCOCC2)N=C(C2=CC=CC=C2)C=1)(F)F,0.005324318259954453
CCCC1(C(=O)N(CC2N=C(C3CC3)OC=2)C(=O)N1)C,0.0021714596427045763
CC1(C2=C(F)C=C(F)C=C2)C(=O)N(COC2CCOCC2)C(=O)N1,0.002002034505130723
CC(C(C1ON=C(C2CC2)N=1)NC(C1C(C)=CON=1)=O)C,0.010374155919998884
CC(C(C1ON=C(C2CC2)N=1)NC(C1N(CC2CCC2)N=CC=1)=O)C,0.01162121994420886
CC(C(C1ON=C(C2CC2)N=1)NC(C1N=C2N(CCC(C2)C)C=1)=O)C,0.008066937536932528
CC(N(C1CC1)C)CNC(C1N2C(CCCC2)=NC=1C(F)F)=O,0.004937440529465676
CC(N(C1CC1)C)CNC(C1=C(C2OC=CC=2)NN=C1)=O,0.006829357473179698
CC(N(C1CC1)C)CNC(C1=C(C)N=C(C2COCC2)S1)=O,0.010041958186775446
CC(N(C1CC1)C)CNC(C1OC(C)=C(CO)C=1)=O,0.0056891632732003925
CC(N(C1CC1)C)CNC(C1=CN(CCN(C)C)N=C1)=O,0.011594903562217951
CCN1N=C(C2CC2)C(C(NCC(N(C2CC2)C)C)=O)=C1,0.012878790590912103
CC1=C(OCC(F)(F)F)C=CC=C1NC(CCC1N=NNC=1)=O,0.0023704857856500896
CC1=C(OCC(F)(F)F)C=CC=C1NC(C1C(=O)NCCC1)=O,0.004461751150665804
CCOCN1C(C)=C(CC(NC2=C(C)C(OCC(F)(F)F)=CC=C2)=O)C(C)=N1,0.005290922708809376
BrC1=C(C2OCCN(C(CCC3=NNN=N3)=O)C2)C=CC=C1,0.00377077916637063
BrC1=C(C2OCCN(C(CCC3N=NNC=3)=O)C2)C=CC=C1,0.004460481577552855
COCCN1N=CC(C(NCCN2CC(C)(C)OCC2)=O)=C1,0.008804460149258375
CC1(OCCN(CCNC(C2N(CC3CCC3)N=CC=2)=O)C1)C,0.009755265200510621
COC1=C(C(NCCN2CC(C)(C)OCC2)=O)N=CC=C1,0.007336828717961907
CC(NC1CCC(NC([C@H]2[C@H](C3CCOCC3)C2)=O)CC1)=O,0.011706635693553836
CC(NC1CCC(NC(C2=C(F)C(F)=C(C)C=C2)=O)CC1)=O,0.008533442439511419
CC(NC1CCC(NC(C2(C3=C4C(C=CC=C4)=CC=N3)CC2)=O)CC1)=O,0.009323326544836164
CC(NC1CCC(NC(CC2=C3N(CCCC3)N=C2)=O)CC1)=O,0.010153227299451829
CC(NC1CCC(NC(CC2=CC=C(N3C=NC=C3)C=C2)=O)CC1)=O,0.005595163512043655
CC(NC1CCC(NC(C2N3C(CCCC3)=CN=2)=O)CC1)=O,0.006655178498476744
CN(C(C1N(CCCNC(C2=C(C3OCCC3)NN=C2)=O)CCC1)=O)C,0.0064369811909273265
COCC1=C(C(NCCCN2C(C(N(C)C)=O)CCC2)=O)C=CS1,0.006975662149488926
CN(C(C1N(CCCNC(C2=C(C)N=C(C3COCC3)S2)=O)CCC1)=O)C,0.006737675005570054
CN(C(C1N(CCCNC(C2N3C(C=CC=C3)=CN=2)=O)CCC1)=O)C,0.004275267268531025
COC1=CC(Cl)=C(C(NCCCN2C(C(N(C)C)=O)CCC2)=O)C(F)=C1,0.006725160591304302
CN(C(C1N(CCCNC(C2=CN(CC3CCCC3)N=C2)=O)CCC1)=O)C,0.010091124987229704
CN(C(C1N(CCCNC(C2=C(C(C)(C)C)N=CN2)=O)CCC1)=O)C,0.0038737049675546587
CON1CCC(C(NCCCN2C(C(N(C)C)=O)CCC2)=O)CC1,0.002439879032317549
CN(C(C1N(CCCNC(C2=NN3C(N=CC=C3)=C2)=O)CCC1)=O)C,0.006804510508663953
CN(CCN1N=CC(C(NCCCN2C(C(N(C)C)=O)CCC2)=O)=C1)C,0.008759563509374856
O=C(C1N2C(CCCC2)=CN=1)NCCC1SC2=C(CCCC2)N=1,0.008508725138381124
CN1C(=O)NC=C1C(NCCC1SC2=C(CCCC2)N=1)=O,0.004016766045242548
O=C(C1=NC=NC(N2CCOCC2)=C1)NCCC1SC2=C(CCCC2)N=1,0.0064703879412263635
COC1=C(C(NCCC2SC3=C(CCCC3)N=2)=O)N=CC=C1,0.009056641906499862
CC1=C(C(NCCC2SC3=C(CCCC3)N=2)=O)SC(C2COCC2)=N1,0.009776258887723089
CCN1N=C(C2CC2)C(C(NC2=C(OC)C=C3C(SC(=N3)C)=C2)=O)=C1,0.0063826893223449584
CN1N=CC(CCCNC(C2=C(C3OCCC3)NN=C2)=O)=C1,0.00582554645370692
CCN1N=C(C2CC2)C(C(NCCCC2=CN(C)N=C2)=O)=C1,0.009347936697304248
COC1=CC(Cl)=C(C(NCCCC2=CN(C)N=C2)=O)C(F)=C1,0.005865393835119903
CN1N=CC(CCCNC(C2N(C)C(=O)NC=2)=O)=C1,0.002401824056869373
CC1=CC(C2=CC(CNC(C3C(=O)NCCC3)=O)=CC=C2)=CC=C1,0.007537512946873904
CN1C(=O)C=C(C(NCC2=CC=C(OCC(F)(F)F)C=C2)=O)N=C1,0.005284141725860536
CC(C(NCC1=CC=C(OCC(F)(F)F)C=C1)=O)(CN1CCOCC1)C,0.006051877187564969
COC1=CC=C(C(C(C)C)NC(C2N=CN(C)C(=O)C=2)=O)C=C1,0.008566322922706603
COC1=CC=C(C(C(C)C)NC(C2=C3C(OCC(N3)=O)=CC=C2)=O)C=C1,0.009649745235219599
CC(C(C1=CC=CC=C1)NC(C1C(=O)NC=C(C(F)(F)F)C=1)=O)C,0.003701029671356082
CC(C(C1=CC=CC=C1)NC(C1=C2C(OCC(N2)=O)=CC=C1)=O)C,0.009591854340396822
COC(C(NC(C1=CC=C(F)C=C1)C1N(C)C=CN=1)=O)OC,0.0043084276956506075
CC(C1N(CC(NC(C2=CC(F)=CC=C2)C2N(C)C=CN=2)=O)C=CN=1)C,0.004958914523012936
CC1SC=C(CN2CCN(C(C3N=CN(C)C(=O)C=3)=O)CC2)N=1,0.006733315880410373
CN1C(=O)C(C(N2CCN(CC3N=C(C)SC=3)CC2)=O)CCCC1,0.009311192156746983
CC1SC=C(CN2CCN(C(C3=C(C)NC=N3)=O)CC2)N=1,0.003031765203922987
O=C(N1CCN(C2SC3=C(C=CC=C3)N=2)CC1)CN1C2=C(C=CC=N2)C=N1,0.006254221382550895
CC1(CC2=C(ON=C2C(NCCNC2=NC=CC=N2)=O)CC1)C,0.006865964503958821
CC(N(C(CN1C(=O)NC(=O)C(C#N)=C1)=O)CC1CC1)C,0.0035217250813730063
CC(N(C(C1=C2N(C(C3=CN=CC=C3)=CC=N2)N=C1)=O)CC1CC1)C,0.010150361899286508
CC(N(C(C1=C2C(OCC(N2)=O)=CC=C1)=O)CC1CC1)C,0.010934406984597444
CC(N(C(C1=C(O)C=CC(N2C=NC=C2)=C1)=O)CC1CC1)C,0.004435123596340418
CC(CCNC(C1C(=O)NC=C(C(F)(F)F)C=1)=O)(C)C,0.003362397360615432
O=C(N1CC(C2OC3=C(C=CC=C3)N=2)CCC1)CC1=C2C(C=CC=C2)=CN=C1,0.006690526520833373
CN1C(=O)C=C(C(N2CC(C3OC4=C(C=CC=C4)N=3)CCC2)=O)N=C1,0.006389420945197344
CNC1=C(F)C=C(C(N2CC(C3OC4=C(C=CC=C4)N=3)CCC2)=O)C=C1,0.004470218950882554
FC(C1=C(C(N2CC(C3OC4=C(C=CC=C4)N=3)CCC2)=O)OC=N1)(F)F,0.004197421809658408
CN1[C@H](C(NC2=C(N3N=CC=C3)C=CC=C2)=O)CCCC1,0.005140039674006403
CC(CC(N1C=NC=C1)C(NC1=C(N2N=CC=C2)C=CC=C1)=O)C,0.005123305402230471
CN1C(=O)C(C(NC2=C(C3NN=C(C4=CC=CC=C4)N=3)C=CC=C2)=O)CCCC1,0.004631921625696122
CC1N=C2N(C=CC(C(NCCOC3CCCC3)=O)=C2)C=1,0.005491714295931161
CC1=C(C(NCCOC2CCCC2)=O)N=CN1,0.003928484162315726
OC1=C(C(NCCOC2CCCC2)=O)C=C(N2C=NC=C2)C=C1,0.003485720930621028
CN(C1=C(CNC(C2C(=O)N(C)CCCC2)=O)C=CC=C1)C,0.00876271454617381
COC1=CC2=C(CN(C(CCC(NC3=C(F)C=CC=C3F)=O)=O)CCC2)C=C1,0.007985023665241897
COC1=CC2=C(CN(C(C3=C(C)NC=N3)=O)CCC2)C=C1,0.004398221743758768
CCC1NC(CC(N2CC3=C(C=C(C=C3)OC)CCC2)=O)=NC=1,0.0047057065065018834
CN1C(CNC(C2N(C3CCCC3)CC2)=O)=NC=C1,0.006963238725438714
CN1C(CNC(C(CN2CCOCC2)(C)C)=O)=NC=C1,0.005205502291209996
COC1=CC=C(CN2C(C(NCC3N(C)C=CN=3)=O)CC2)C=C1,0.005516387592069805
COC1=C(OC)C=C(C(NC(C2(C(=O)N(C)CC2)C)=O)C)C(F)=C1,0.009464755025692283
O=C(C1=C2C(OCC(N2)=O)=CC=C1)NCCC1=CC2=C(OCC2)C=C1,0.008091230480931699
CCC(C1SC(Cl)=CC=1)NC(C1N=CN(C)C(=O)C=1)=O,0.00597977468278259
CCOC1=C(OC)C=CC(CNC(C2=C(F)C=NC=C2F)=O)=C1,0.00676648742519319
CCOC1=C(OC)C=CC(CNC([C@H]2N(C)CCCC2)=O)=C1,0.009174793912097811
CN1C(=O)C=C(C(NC2CN(C3=CC(OC(F)(F)F)=CC=C3)CC2)=O)N=C1,0.003677374531980604
CC1(CC2=C(ON=C2C(NCCOC2=CN=CC=C2)=O)CC1)C,0.009653639513999224
COC1=C(F)C=C(NC(COC2C(N3CCOCC3)=NSN=2)=O)C(OC)=C1,0.005509247537702322
COC1=C(F)C=C(NC(CN2C(C(C)C)=NC=C2)=O)C(OC)=C1,0.004692775651346892
CCC1NC(CC(NCC2N=NN(C3=CC=CC=C3)C=2)=O)=NC=1,0.002523550420301035
CC1OC(CCC(NCC2=C(OCC3CC3)C=C(C)C=C2)=O)=NN=1,0.00888171666301787
O=C(N1C(C2=NOC=N2)COCC1)CN1C2=C(C=CC=N2)C=N1,0.005855915718711913
CC1OC(CCC(NC(C2=NC=CC=C2)C2=CC(C)=CC=C2)=O)=NN=1,0.007438233215361833
CC1N=C2N(C=CC(C(NCC3N(C4CC4)C(C4CC4)=NN=3)=O)=C2)C=1,0.006080560386180878
COC(C(NC1=C(O)N=C(C)C=C1)=O)OC,0.0064113151747733355
CC(C1SC=C(C)N=1)CNC(C1N=CN(C)C(=O)C=1)=O,0.006287482497282326
COC(C(N(C1=CN=C(N2CCOCC2)C=C1)C)=O)OC,0.006113849231041968
CC1(N(CCO)CCN(C(C2=C3N(C(C4=CN=CC=C4)=CC=N3)N=C2)=O)C1)C,0.0031498255906626583
CNC1=C(F)C=C(C(N2CC(C)(C)N(CCO)CC2)=O)C=C1,0.002155588171444833
CC1(N(CCO)CCN(C(C2=C(C(F)(F)F)N=CO2)=O)C1)C,0.0013638072850881144
COC(C(N1CC(C)(C)N(CCO)CC1)=O)OC,0.004378475155681372
CC1(N(CCO)CCN(C(C2=NOC(C3=CC(O)=CC=C3)=C2)=O)C1)C,0.0019527603406459093
CN(CCN1C2=C(C=CC(C(N3CC(C)(C)N(CCO)CC3)=O)=C2)NC1=O)C,0.0014657714840723202
CN1C(=O)C=C(C(NC2C3(CCOCC3)CCC2)=O)N=C1,0.010747914481908084
O=C(C1=C2N(C(C3=CN=CC=C3)=CC=N2)N=C1)NC1C2(CCOCC2)CCC1,0.008733205497264862
CNC1=C(F)C=C(C(NC2C3(CCOCC3)CCC2)=O)C=C1,0.00916650048457086
O=C(N1C2C=C(C3=CC=CC=C3)CC1CC2)CN1C2=C(C=CC=N2)C=N1,0.009627133142203093
CN1C(=O)C(C(NC2=C3C(NC(N3)=O)=CC=C2)=O)(C)CC1,0.002517827821429819
CN1C(=O)C(C(N2CC(C3=CC=NC=C3)CC2)=O)CCCC1,0.012331391265615822
COC(C(N1CC(C2=CC=NC=C2)CC1)=O)OC,0.008301921747624874
COC(C(N1CCN(CCC2=NC=CC=C2)CC1)=O)OC,0.008303137961775064
CCC1NC(CC(N(CC2SC=CC=2)CC2OCCC2)=O)=NC=1,0.0035787004861049356
CC1=C(C(N(CC2SC=CC=2)CC2OCCC2)=O)N=CN1,0.0034979999880306424
CC1OC(CCC(N(CC2SC=CC=2)CC2OCCC2)=O)=NN=1,0.008791986713185906
COC1=CC=C(CN(C(C2C(=O)NC=C(C(F)(F)F)C=2)=O)C(C2CC2)C)C=C1,0.004456279682926834
COC(C(NC1SC(CC2=C(Cl)C(C)=CC=C2)=CN=1)=O)OC,0.005332916975021362
CC1N=C2N(C=CC(C(N(CC3OC=CC=3)CC3OCCC3)=O)=C2)C=1,0.007003028388135135
CN1C(=O)C(C(N(CC2OC=CC=2)CC2OCCC2)=O)CCCC1,0.014199821138754487
O=C(C1=CC(NCC2=NC=CC=C2)=CC=C1)N(CC1OC=CC=1)CC1OCCC1,0.008097727689892054
OC1=C(C(N(CC2OC=CC=2)CC2OCCC2)=O)C=C(N2C=NC=C2)C=C1,0.003665754827670753
OC1=CC(C2ON=C(C(N3CC(C(F)F)(O)CC3)=O)C=2)=CC=C1,0.003559990250505507
OC1(C(F)F)CN(C(C2(NC3=CC=CC=C3)CC2)=O)CC1,0.004933488788083196
COC1=CC=C(CN2C(C(N3CC(C(F)F)(O)CC3)=O)CC2)C=C1,0.005785030103288591
F[C@@H]1CN(C(C2=CC(C3NC=CN=3)=NC=C2)=O)CC1,0.0018463427317328752
F[C@@H]1CN(C(CN2C(=O)NC(=O)C(C#N)=C2)=O)CC1,0.0016617185581708327
OC1=CC(C2ON=C(C(N3C[C@@H](F)[C@@H](F)C3)=O)C=2)=CC=C1,0.0030459615649306216
OC1=C(C(N2C[C@@H](F)[C@@H](F)C2)=O)C=C(N2C=NC=C2)C=C1,0.0020397501733896207
CCC1N(C)N=C(NC(CN2C3=C(C=CC=N3)C=N2)=O)C=1,0.005169905943330377
CCC1N(C)N=C(NC(CC2CCN(CC(F)F)CC2)=O)C=1,0.00473244097083807
CCC1N(C)N=C(NC(C2(C(=O)N(C)CC2)C)=O)C=1,0.007555384794250131
CCC1N(C)N=C(NC(C2C(=O)N(C)CCCC2)=O)C=1,0.008254646486602724
OCCC1CCN(C(C2C(=O)NC=C(C(F)(F)F)C=2)=O)CCC1,0.001707314042141661
OCCC1CCN(C(CCCC2NN=NN=2)=O)CCC1,0.0018656218133401125
COC1=CC=C(CN2C(C(N3CCC(CCO)CCC3)=O)CC2)C=C1,0.007269174605607986
NC1C2=C(N=CC=C2)SC=1C(N1CCC(CCO)CCC1)=O,0.0020657454151660204
OCCC1CCN(C(C2=CC3=C(N=CC=C3)C(F)=C2)=O)CCC1,0.0036865148693323137
OCCC1CCN(C(CN2C(C3CC3)=CC(C(F)F)=N2)=O)CCC1,0.0033495051553472876
FC(C1=C(C(NC2CCN3C(=NN=N3)CC2)=O)SC=C1)F,0.003792037453968078
C[C@@H](C(NC1CCN2C(=NN=N2)CC1)=O)N(C)C,0.005684657255187631
O=C(C1N(C2CCCC2)CC1)NC1CCN2C(=NN=N2)CC1,0.007539755082689226
O=C(C1(NC2=CC=CC=C2)CC1)NC1CCN2C(=NN=N2)CC1,0.005341185675933957
CC1(N(C(CCCC2NN=NN=2)=O)CCC1C1=CC=CC=C1)C,0.0037288104533217846
CN(C(CCCC1NN=NN=1)=O)C1CC(C)(C)CC(C)(C)C1,0.006233805790543556
CC(N(C(C1C(=O)N(C)CCCC1)=O)C1CC1)C#N,0.010187409965112703
CC(N(C(CC1=C2C(C=CC=C2)=CN=C1)=O)C1CC1)C#N,0.006190670780067187
CN1C(=O)C(NC(CC2CCN(CC(F)F)CC2)=O)C2=C(C=CC=C2)C1,0.006508521107025445
CN(C(C1C(C)=CON=1)=O)CC(N1CCN(C)CC1)=O,0.008574526757001877
CN(C(C1=C(C2OC=CC=2)NN=C1)=O)CC(N1CCN(C)CC1)=O,0.0045746093383058906
CN(C(C1N(CC2CCC2)N=CC=1)=O)CC(N1CCN(C)CC1)=O,0.010703229857608677
CN(C(C1(C2=C3C(C=CC=C3)=CC=N2)CC1)=O)CC(N1CCN(C)CC1)=O,0.010317913582548499
CN(C(C1=C(C)N=C(C2COCC2)S1)=O)CC(N1CCN(C)CC1)=O,0.007938096253201365
CC1=C(CO)C=C(C(N2CC3=C(C=CC=C3)C2)=O)O1,0.0058264657855033875
CN1N=CC(CN2CCN(C(C3N4C(CCCC4)=CN=3)=O)CC2)=C1,0.007612490700557828
CN1N=CC(CN2CCN(C(C3=C(CC#N)C=CC=C3)=O)CC2)=C1,0.005738610878688632
CN1N=CC(CN2CCN(C(C3=NC=NC(N4CCOCC4)=C3)=O)CC2)=C1,0.0067111622542142865
COC1=C(C)C2=C(C(=CO2)CC(N2CCN(CC3=CN(C)N=C3)CC2)=O)C=C1,0.009065681253559887
CN1N=CC(CN2CCN(C(CC3=C4N(CCCC4)N=C3)=O)CC2)=C1,0.011162561690434813
CN1N=CC(CN2CCN(C(CC3OC(C4=CC=CC=C4)=NN=3)=O)CC2)=C1,0.007084692968055606
C=CCN1CCC(NC(CC2=C3N(CCCC3)N=C2)=O)CC1,0.007563156867399811
CN1C(=O)NC=C1C(NC1CCN(CC=C)CC1)=O,0.002352155139669776
COCC1=C(C(NCC(C2=CC(OC)=C(OC)C=C2)(C)C)=O)C=CS1,0.00970773953013122
COC1=C(OC)C=C(C(CNC(C2C(C)=NOC=2)=O)(C)C)C=C1,0.009869904816150665
COCCN1CC(NC(C2N3C(CCCC3)=CN=2)=O)CCC1,0.006100615416653454
COCCN1CC(NC(C2C(C)=NOC=2)=O)CCC1,0.007919054385274649
CCOCN1C(C)=C(CC(NC2CN(CCOC)CCC2)=O)C(C)=N1,0.007418980519287288
COCCN1CC(NC(CCC2=NNN=N2)=O)CCC1,0.003392190206795931
COCCN1CC(NC(C2OC3=C(C=CC(=C3)O)OC2)=O)CCC1,0.004399404232390225
COCCN1CC(NC(C2N=C3N(CCC(C3)C)C=2)=O)CCC1,0.006120631285011768
C[C@]12CN(C(CC3C4=C(N=CC=C4)NC=3)=O)C[C@@]1(C)CNC2,0.004266944678965956
CC1ON=C(N2C(C)=C(C(N3C[C@]4(C)[C@](CNC4)(C)C3)=O)C=C2C)C=1,0.010684669343754649
C[C@]12CN(C(C3=CC=C(S(NC4CC4)(=O)=O)C=C3)=O)C[C@@]1(C)CNC2,0.00614154264330864
C[C@]12CN(C(C3=CC4=C(N(S(C)(=O)=O)CC4)C=C3)=O)C[C@@]1(C)CNC2,0.005442728637717664
ClC1=CC=C(OCC2SC=C(CC(N[C@@]34CCO[C@@H]3CCC4)=O)N=2)C=C1,0.006287927483208477
O=C(N[C@@]12CCO[C@@H]1CCC2)CNS(C1SC=CC=1)(=O)=O,0.0043121956055983904
O=C(C1=NNC=C1)N[C@@]12CCO[C@@H]1CCC2,0.006173528917133808
CN(S(C1C=C(C(N[C@@]23CCO[C@@H]2CCC3)=O)NC=1)(=O)=O)C,0.0034029461210593583
CC1(CC(NC(C2(C3=CC(F)=CC=C3)CCOCC2)=O)CCNC1)C,0.009025774849578738
CC1=C(C2(C(NC3CC(C)(C)CNCC3)=O)CCOCC2)C=CC=C1,0.01267370763234794
O=C(N1CC(C(N[C@@]23CCO[C@@H]2CCC3)=O)CCC1)CCOC1=CC=CC=C1,0.009158564149402082
CCS(CC(N[C@@]12CCO[C@@H]1CCC2)=O)(=O)=O,0.007494691503234207
CCCN(C(C1=CC(C(N[C@@]23CCO[C@@H]2CCC3)=O)=CC=C1)=O)CCC,0.012467635190114379
CC1=C(CC(NC2CC(C)(C)CNCC2)=O)C(C)=C2C(C=CC=C2)=N1,0.009702955139800906
O=C(C1N(CC#N)C2=C(C=CC=C2)C=1)N[C@@]12CCO[C@@H]1CCC2,0.005366170674733439
CN1C2=C(C=C(C(N[C@@]34CCO[C@@H]3CCC4)=O)C=C2)N=N1,0.007188678416423499
CC1(CC(NC(C2=CC=C(CN3N=CC=C3)C=C2)=O)CCNC1)C,0.009479219047352671
CC(N1C2=C(C(C(NC3CC(C)(C)CNCC3)=O)=CC(=N2)C)C=N1)C,0.009773940639570355
ClC1=CC=C(C2OC=C(CC(N[C@@]34CCO[C@@H]3CCC4)=O)N=2)C=C1,0.005359796970151365
O=C(N[C@@]12CCO[C@@H]1CCC2)CCC1NC2=C(C=CC=N2)N=1,0.0033865868346765636
FC1=CC=C(N2C(=O)CC(C(N[C@@]34CCO[C@@H]3CCC4)=O)C2)C=C1,0.008025088673457503
CC1(CC(NC(C2=CC=C(OCC3=CC=NC=C3)C=C2)=O)CCNC1)C,0.0085590117610991
CC1(CC(NC(C2=CN=C(N3CCCCCC3)C=C2)=O)CCNC1)C,0.009739583358168602
CC(C(N[C@@]12CCO[C@@H]1CCC2)=O)NC(C1SC2=C(C(=NN2C)C)C=1)=O,0.006619780976325274
CC1(CC(NC(CN2CCOCC2)=O)CCNC1)C,0.01076879263855517
CN1C2=C(C=CC=N2)CN(C(C2=NOC(C)=C2)=O)CC1,0.007752300938591361
FC(C1C(=O)N(COC2CCOCC2)N=C(C2CC2)C=1)(F)F,0.006934262230060995
NC(C1OCCN(C2=NC=NC(C3=CC(Cl)=CC=C3)=C2)C1)=O,0.003788406867533922
CC(NC1CN(C2=NC(C(F)F)=NC(N)=N2)CCC1)C,0.0030543160508386792
COC1=CC=C(C2CN(C3=NC(C(F)F)=NC(N)=N3)CC2)C=C1,0.004132093163207173
CCC1=C2C(C(NC3=NC(C(F)F)=NC(N)=N3)CCO2)=CC=C1,0.004466865444555879
CC(N(CCNC1=NC(C(F)F)=NC(N)=N1)C)C,0.003722977382130921
CC1=C(C2(CC2)CNC2=NC(C(F)F)=NC(N)=N2)C=CC=C1,0.004543158586602658
CN1N=CC(CCCNC2=NC(C(F)F)=NC(N)=N2)=C1,0.0028864190448075534
C1[C@@H]2CCCN(C3=C4C(N(C5=CC=CC=C5)N=C4)=NC=N3)[C@@H]2CN1,0.006394845608156174
COCCN(C(C1=CC=C(C2CCOCC2)C=C1)=O)CC1=CN=CC=C1,0.010363143868744373
COCCN(C(C1C(C)=CN(C2CCOCC2)N=1)=O)CC1=CN=CC=C1,0.010970178944990038
COCCN(C(C1CCN(OC)CC1)=O)CC1=CN=CC=C1,0.0021050300158094613
COCCN(C(C1=CN(CCN(C)C)N=C1)=O)CC1=CN=CC=C1,0.010806467942893505
CON1CCC(C(NCCN2CC(C)(C)OCC2)=O)CC1,0.0023884665919467808
CC1(OCCN(CCNC(C2=NOC(CO)=C2)=O)C1)C,0.004029528540559113
CC1(OCCN(CCNC(C2=C3C(C=C(C=C3)O)=CC=C2)=O)C1)C,0.004382652905769646
CC1(OCCN(CCNC(CC2OC(C3=CC=CC=C3)=NN=2)=O)C1)C,0.005557185900397599
CS(CCOC1=CC(NC(C2N3C(CCCC3)=CN=2)=O)=CC=C1)(=O)=O,0.004075081832706928
CS(CCOC1=CC(NC([C@H]2[C@@H](C(F)(F)F)CCCC2)=O)=CC=C1)(=O)=O,0.003796144376633492
CC[C@H]1N(C)CC[C@@H]1C(NC1=CC(OCCS(C)(=O)=O)=CC=C1)=O,0.006110057816840708
CS(CCOC1=CC(NC(C2(C3=NC=CC=C3)CC2)=O)=CC=C1)(=O)=O,0.005064086895436049
CC(C(NC1=CC(N2CCCC2)=CC=C1)=O)NC(C1C(C)OC(C)C1)=O,0.010199874127283692
CC(C(NC1=CC(N2CCCC2)=CC=C1)=O)NC(C1C(=O)NCCC1)=O,0.007449300936423242
CC(C(NC1=CC(N2CCCC2)=CC=C1)=O)NC(C1C(C)=CON=1)=O,0.0069871744839474555
CC(C(NC1=CC(N2CCCC2)=CC=C1)=O)NC(C1N2C(CCCC2)=CN=1)=O,0.0056898392038419844
CC1=C(CO)C=C(C(N2CC(C3=C(C)C=CC=C3)CC2)=O)O1,0.005325244017876684
CC1=C(C2CN(C(CCC3=NNN=N3)=O)CC2)C=CC=C1,0.0037846237071789803
CC1=C(C2CN(C(CCC3N=NNC=3)=O)CC2)C=CC=C1,0.004444103688001633
CC1=C(C2CN(C(C3OC4=C(C=CC(=C4)O)OC3)=O)CC2)C=CC=C1,0.005893957521766424
FC1=CC=C(CC2CCN(C(C3=NC=NC(N4CCOCC4)=C3)=O)CC2)C=C1,0.006478991359472275
FC1=CC=C(CC2CCN(C(C3=C(C4OCCC4)NN=C3)=O)CC2)C=C1,0.005180764477699995
COC1=C(C2N(C(CCC3=NNN=N3)=O)CCC2)C=C(Br)C=C1,0.004958249302580953
FC1=C2C(N(C(C3=NC=NC(N4CCOCC4)=C3)=O)CC32CCC3)=CC=C1,0.006414024345576763
CC[C@H]1N(C)CC[C@@H]1C(NCC(N1C2=C(C=CC=C2)CC1)=O)=O,0.00933766458183527
CCOCN1C(C)=C(CC(NCC(N2C3=C(C=CC=C3)CC2)=O)=O)C(C)=N1,0.007439466612413526
CCCN1C2=C(C=CC=C2)N=C1NC(C1=C(COC)SC=C1)=O,0.003957373113371432
CCCN1C2=C(C=CC=C2)N=C1NC(CC1=C2N(CCCC2)N=C1)=O,0.00597316357307136
CCCN1C2=C(C=CC=C2)N=C1NC(C1(C2=NC=CC=C2)CC1)=O,0.005922807077877223
CCCN1C2=C(C=CC=C2)N=C1NC(C1C(C)=CN(C2CCOCC2)N=1)=O,0.005306294665206224
CCCN1C2=C(C=CC=C2)N=C1NC(CCC1N=NNC=1)=O,0.0023999141820240768
CON1CCC(C(NC2SC3=C(C=C4C(=C3)OCCO4)N=2)=O)CC1,0.0014777917152969168
O=C(C1=CN(CC2CC2)N=C1)N(CC1=CN=CC=C1)CCC1=CC=CC=C1,0.012045260891318322
CN(CCN1N=CC(C(N(CC2=CN=CC=C2)CCC2=CC=CC=C2)=O)=C1)C,0.011926319031044842
CCC1NC(CC(NC2=CC3=C(N=C(S3)C)C=C2)=O)=NC=1,0.0023848094802815466
CCOC1=C(OCC)C=C(CCNC(C2(C(=O)N(C)CC2)C)=O)C=C1,0.011245447909459472
COC1=C(S(N2CCCCC2)(=O)=O)C=C(NC(C2(CC2)CN(C)C)=O)C=C1,0.005839177640154958
CN(C(CNC(C1=CC2N(C=C(N=2)C)C=C1)=O)=O)C,0.004070408584084362
CN(C(CNC(C1=C(C)NC=N1)=O)=O)C,0.003289656457491219
FC(C1C(C(N2CCN(C3=CC=NC=C3)CC2)=O)CS(=O)(=O)C1)(F)F,0.003785227158914495
CN(C(C1=CC(NC(C(CN2CCOCC2)(C)C)=O)=CC=C1)=O)C,0.008187285787425936
CN(C(C1=CC(NC(CN2C(C3CC3)=CC(C(F)F)=N2)=O)=CC=C1)=O)C,0.00515931062400341
NS(CC1=CC=C(NC(C2N(C3CCCC3)CC2)=O)C=C1)(=O)=O,0.0072807676391676065
CC(C(N1CCOCC1)CNC(C1C(=O)NC=C(C(F)(F)F)C=1)=O)C,0.0033674134174361825
CC(C(N1CCOCC1)CNC(C1=NOC(C2=CC(O)=CC=C2)=C1)=O)C,0.004930184315890073
CC(C(N1CCOCC1)CNC(C1=C(C(F)(F)F)N=CO1)=O)C,0.004062918713316321
C[C@H](C(NC1=C(O)C=C(Br)C=C1)=O)N(C)C,0.007385105546563864
FC(C1=C(C(NCC2=CC(OC3CCCC3)=NC=C2)=O)OC=N1)(F)F,0.004078655340708792
CN1C(=O)C(C(NCC(C2=CC(Cl)=CC=C2)N2CCCC2)=O)(C)CC1,0.010660586785525084
CC(C(N1CCC(C)CC1)CNC(C1C(=O)N(C)CCCC1)=O)C,0.01295011625625193
CS(NC1CN(C(C2C(=O)NC=C(C(F)(F)F)C=2)=O)CCC1)(=O)=O,0.0011931476416066288
CN1C(=O)C(C(N2CC(NS(C)(=O)=O)CCC2)=O)CCCC1,0.00541406029369682
C[C@H](C(N1CC(NS(C)(=O)=O)CCC1)=O)N(C)C,0.003985466063022613
COCCOC1=CC=C(NC(C2N(C3CCCC3)CC2)=O)C=C1,0.00858702976256609
CCCNC(CN1CCC(NC(C2=C(O)C=CC(N3C=NC=C3)=C2)=O)CC1)=O,0.0026871810434386132
FC(C1C=C(C(NC2NN=C(CC3CCCCC3)C=2)=O)C(=O)NC=1)(F)F,0.004022800910752267
CN(C(C1N=CN(C)C(=O)C=1)=O)CC1=CC(C)=C(OCC(F)(F)F)C(C)=C1,0.007804404431954026
COC1=CC=C(CN2C(C(NC3=C4C(OCCO4)=CC=C3)=O)CC2)C=C1,0.008300036145374178
CC1OC(CCC(NC2=C3C(OCCO3)=CC=C2)=O)=NN=1,0.0063022986287251115
CN1C(=O)C(C(NC2=C3C(OCCO3)=CC=C2)=O)(CC2=CC=CC=C2)CC1,0.008723393455147744
CN(CCN1C2=C(C=CC(C(NC3=C4C(OCCO4)=CC=C3)=O)=C2)NC1=O)C,0.0031153852760326117
O=C(NC1SC2=C(CCCCC2)N=1)CN1C2=C(C=CC=N2)C=N1,0.007346389791928231
CN1CC2=C(C=CC=C2)N(C(C2=C3C(OCC(N3)=O)=CC=C2)=O)CC1,0.009487278014421462
CCCN(C(C1=CC(N2C(N)=NN=N2)=CC=C1)=O)C1CC1,0.004432783822994679
CCCN(C(CN1C(=O)NC(=O)C(C#N)=C1)=O)C1CC1,0.0032996052817907185
C[C@H](C(NCC1=C(C2=CC=C(CN3C=NC=C3)C=C2)C=CC=C1)=O)N(C)C,0.0063340715598315
CCN(CC(N1CCN(C(C(N2C=NC=C2)CC(C)C)=O)CC1)=O)CC,0.008392884558998049
CCN(CC(N1CCN(C(C2=C3C(OCC(N3)=O)=CC=C2)=O)CC1)=O)CC,0.007990176603198052
CC(NC1=CC=C(CCNC(C2=C(C(F)F)C=CS2)=O)C=C1)=O,0.0036584677058272065
CC(NC1=CC=C(CCNC(C2N(C3CCCC3)CC2)=O)C=C1)=O,0.009256619121879339
CC(NC1=CC=C(CCNC(C2N=CN(C)C(=O)C=2)=O)C=C1)=O,0.005046215374022722
CN1C(=O)C(C(NCCC2=CC=C(NC(C)=O)C=C2)=O)CCCC1,0.007700993469916284
CC(C1N(CC(NCCC2=CC=C(NC(C)=O)C=C2)=O)C=CN=1)C,0.00419706244720146
CC(C1=CN=CC=C1)N1CCN(C(C2=C(C(F)(F)F)N=CO2)=O)CC1,0.003733623109292239
CC(C1=CN=CC=C1)N1CCN(C(C2=C(N)C3=C(N=CC=C3)S2)=O)CC1,0.004024874640163034
CC1=C(CNC(CC2CCN(CC(F)F)CC2)=O)C(C)=C2C(N(NC2=O)C)=N1,0.0035435112076811492
CNC1=C(F)C=C(C(NCC2=C(C)C3=C(N(NC3=O)C)N=C2C)=O)C=C1,0.0037696596467867494
CC1=C(CNC(C2(NC3=CC=CC=C3)CC2)=O)C(C)=C2C(N(NC2=O)C)=N1,0.005069354141596705
CN1[C@H](C(NCC2=C(C)C3=C(N(NC3=O)C)N=C2C)=O)CCCC1,0.004349864122923463
CC(C1N(CC(NC2(C#N)CC2)=O)C=CN=1)C,0.0035105908169816404
O=C(C1=C2C(OCC(N2)=O)=CC=C1)NC1CC2=C(C=NN2)CC1,0.006113431719131768
O=C(C1(NC2=CC=CC=C2)CC1)NC1CC2=C(C=NN2)CC1,0.005544284079223871
COCCC1N=C(CN(C(CC2CCN(CC(F)(F)F)CC2)=O)C)ON=1,0.006960666086524725
O=C(N1CC(CCC2=CC=CC=C2)OCC1)CCCC1NN=NN=1,0.0032042994047515095
CN(C(CN1C2=C(C=CC=N2)C=N1)=O)C1CC(C2=CC=C(F)C=C2)OCC1,0.007264582416974008
CC(C1SC=CN=1)CNC(C1=CC2=C(NC(N2CCN(C)C)=O)C=C1)=O,0.0029253933753352612
CC(C1SC=CN=1)CNC(C1C2=C(CCC(C2)(C)C)ON=1)=O,0.010573871014639736
COC1(C(F)(F)F)CN(C(C2=C3C(OCC(N3)=O)=CC=C2)=O)CCC1,0.005972362408647314
FC1=C2C(OCCN(C(CCCC3NN=NN=3)=O)C2)=CC=C1,0.0028740525478497146
CS(C1=CC=C(NCC(N2CC3=C(C=CC=C3F)OCC2)=O)C=C1)(=O)=O,0.005385863967239857
CCC1NC(CC(N(CC2=C(OC)C=C(OC)C=C2)CC2CCC2)=O)=NC=1,0.005590099818073213
CN1C(=O)C(C(NC2C(C)(C)CN(CC3=CC=CC=C3)CC2)=O)CCCC1,0.011199127649888396
CCCN(C(C1=CC2=C(N=CC=C2)C(F)=C1)=O)C1C(=O)N(C)C(=O)C1,0.002635571942664683
CCCN(C(C1C(=O)NC=C(C(F)(F)F)C=1)=O)C1C(=O)N(C)C(=O)C1,0.0013595202733995392
CCCN(C(CC1CCN(CC(F)F)CC1)=O)C1C(=O)N(C)C(=O)C1,0.0037276972085237502
CCCN(C(CN1C(C(C)C)=NC=C1)=O)C1C(=O)N(C)C(=O)C1,0.002758544171229005
CCC1NC(CC(N2CC(C3N(C)N=CC=3)CCC2)=O)=NC=1,0.0034896350000053642
CN1C(C2CN(C(C3=CC(NCC4=NC=CC=C4)=CC=C3)=O)CCC2)=CC=N1,0.006942673493176699
CN1C(C2CN(C(C3C(=O)NC=C(C(F)(F)F)C=3)=O)CCC2)=CC=N1,0.0030315036652609705
CCC(C(C(N1CC(C2N(C)N=CC=2)CCC1)=O)O)(C)C,0.004878250136971474
CN1C(=O)C(C(N2CC(C3N(C)N=CC=3)CCC2)=O)(C)CC1,0.00985974739305675
COCC1=NC(N)=C(CNC(CC2CCN(CC(F)(F)F)CC2)=O)C=N1,0.002827545633772388
COC1=CC=C(CN2C(C(NCC3=C(O)C4=C(C=CC=N4)C=C3)=O)CC2)C=C1,0.0036105754203163087
CC(C1ON=C(C(F)(F)F)N=1)NC(CN1C2=C(C=CC=N2)C=N1)=O,0.003791123372502625
CC(C1ON=C(C(F)(F)F)N=1)NC(C1(C(=O)N(C)CC1)CC1=CC=CC=C1)=O,0.005445520393550396
CC(C1ON=C(C(F)(F)F)N=1)NC(C1C(=O)N(C)CCCC1)=O,0.005040194012690335
COC(C(NC(C1ON=C(C(F)(F)F)N=1)C)=O)OC,0.004376410832628607
CN(CC(C)(C)C)CC(N1CC(C2NC=NN=2)CC1)=O,0.005841872352175414
O=C(N1CC(C2NC=NN=2)CC1)CC1=C2C(C=CC=C2)=CN=C1,0.0034232869278639556
OC1=C(C(N2CC(C3NC=NN=3)CC2)=O)C=C(N2C=NC=C2)C=C1,0.0017783157527446747
COC1=CC=C(CN2C(C(N3CC(C4NC=NN=4)CC3)=O)CC2)C=C1,0.005371530679985881
CC(C[C@@H](NC(C1=NOC(C2=CC(O)=CC=C2)=C1)=O)CO)C,0.002648175007198006
CC(C[C@@H](NC(C1C(=O)N(C)CCCC1)=O)CO)C,0.0049701732816174625
CC(C[C@@H](NC(C1=C(C)NC=N1)=O)CO)C,0.0021430503518786283
O=C(N1CC(C2CCCCC2)CC1)CN1C(=O)NC(=O)C(C#N)=C1,0.004593655571807176
COC1=C(OC)C(OC)=CC(C(NC2CC3=C(C=CC=C3)N(C)C2)=O)=C1,0.011034487467259168
COC1=CC(OC)=C(C(NC2CC3=C(C=CC=C3)N(C)C2)=O)C=C1,0.00956316813826561
COC1=C(OC)C=C(CC(NC2CC3=C(C=CC=C3)N(C)C2)=O)C=C1,0.011021711956709623
CN1C2=C(C=CC=C2)CC(NC(C2=NC=C(C)N=C2)=O)C1,0.007469424325972795
CC1C(C(NC2CCN(CC=C)CC2)=O)=NOC=1,0.007328549865633249
CCN1N=C(C2CC2)C(C(NC2CCN(CC=C)CC2)=O)=C1,0.008707611355930567
CCN1N=C(C2CC2)C(C(NC2CCN(CC(C)=C)CC2)=O)=C1,0.01059683165512979
CC(CN1CCC(NC(C2OC3=C(C=CC(=C3)O)OC2)=O)CC1)=C,0.004642576351761818
CC(CN1CCC(NC(C2=C(C)N=C(C3COCC3)S2)=O)CC1)=C,0.008193720784038305
COCCN1CC(NC(C2=C(C(F)(F)F)C=NN2)=O)CCC1,0.0025209288694895806
COCCN1CC(NC(C2=CC=C(C3CCOCC3)C=C2)=O)CCC1,0.010277807805687189
COCCN1CC(NC(C2=C(COC)SC=C2)=O)CCC1,0.007595184096135199
ClC1=C(C2(CCOCC2)CNC(C2(C3=NC=CC=C3)CC2)=O)C=CC=C1,0.009075908595696092
CC1=C(CO)C=C(C(NCC2(C3=C(Cl)C=CC=C3)CCOCC2)=O)O1,0.0040587052470073106
CON1CCC(C(NCC2(C3=C(Cl)C=CC=C3)CCOCC2)=O)CC1,0.002355014788918197
C[C@]12CN(C(CNC(CN)=O)=O)C[C@@]1(C)CNC2,0.010067313606850804
CC(C(NC1=CC(C(N2C[C@]3(C)[C@](CNC3)(C)C2)=O)=C(Cl)C=C1)=O)C,0.007686578016728163
C[C@]12CN(C(C3=CC(Br)=C4C(OCO4)=C3)=O)C[C@@]1(C)CNC2,0.010839518578723072
FC1=CC=C(C(N2CC(C(N[C@@]34CCO[C@@H]3CCC4)=O)CCC2)=O)C=C1,0.007381982612423598
O=C(N[C@@]12CCO[C@@H]1CCC2)CCCC1NC(=O)C2=C(C=CC=C2)N=1,0.004429113084916026
CC(NC(NC1=CC(C(N[C@@]23CCO[C@@H]2CCC3)=O)=CC=C1)=O)C,0.0055026845773682
CC1(CC(NC(C2=NNC(C3CC3)=C2)=O)CCNC1)C,0.007654375652782619
CC1(CC(NC(C2=NNC(C3=CC=C(F)C=C3)=C2)=O)CCNC1)C,0.005129898083396256
CC1(CC(NC(CCOC2=CC=C(Cl)C=C2)=O)CCNC1)C,0.01003934578038752
CC1(CC(NC(COC2=CC=C(C(F)(F)F)C=C2)=O)CCNC1)C,0.007562689785845578
CC1C(C(N[C@@]23CCO[C@@H]2CCC3)=O)=CNC=1,0.007295892224647105
O=C(C1=CC2=C(C=CN2)C=C1)N[C@@]12CCO[C@@H]1CCC2,0.00622492500115186
O=C(C1CN(C(N2CCCC2)=O)CCC1)N[C@@]12CCO[C@@H]1CCC2,0.007002522656694055
O=C(C1CC(=O)N(CC2=NC=CC=C2)C1)N[C@@]12CCO[C@@H]1CCC2,0.009569475427269936
CC1(CC(NC(COCC2OCCC2)=O)CCNC1)C,0.013848747499287129
CN(C(CN1N=NC(C(N[C@@]23CCO[C@@H]2CCC3)=O)=C1)=O)C,0.0070582241751253605
CCC1SC=C(CC(N[C@@]23CCO[C@@H]2CCC3)=O)N=1,0.008919439185410738
O=C(N[C@@]12CCO[C@@H]1CCC2)CNC1=CC=C(C#N)C=C1,0.007289115234743804
CC(C1N=C(C2=C(C(NC3CC(C)(C)CNCC3)=O)C=CC=C2)ON=1)(C)C,0.009915272844955325
O=C(C1=CC(S(CC2=CC=CC=C2)(=O)=O)=CC=C1)N[C@@]12CCO[C@@H]1CCC2,0.0075724110007286075
CC1SC=C(C2=CC(C(NC3CC(C)(C)CNCC3)=O)=CC=C2)N=1,0.008446828881278633
CC1(CC(NC(C2=C(C3=CC=CC=C3)OC=N2)=O)CCNC1)C,0.006892359512858093
CC1N(C2=C3C(C=NC=C3)=CC=C2)N=NC=1C(N[C@@]12CCO[C@@H]1CCC2)=O,0.006576817552559078
CC1N(C2=CC(Cl)=C(F)C=C2)N=NC=1C(N[C@@]12CCO[C@@H]1CCC2)=O,0.0058166683884337544
CC1=C2C(N=CC(C(NC3CC(C)(C)CNCC3)=O)=C2)=NN1,0.005862260796129703
O=C(C1=CNC=C1)N[C@@]12CCO[C@@H]1CCC2,0.0073942894814535975
O=C(C1NC(C2=CC=CC=C2)=CC=1)N[C@@]12CCO[C@@H]1CCC2,0.006185678555630148
O=C(C1C(=O)C2=C(C=CC=C2)NN=1)N[C@@]12CCO[C@@H]1CCC2,0.005263584794010967
CC(C1N(C2=CC=CC=C2)N=C(C(N[C@@]23CCO[C@@H]2CCC3)=O)C=1)C,0.009187214309349656
CC1(C2=CC=C(Br)C=C2)C(=O)N(CC2N=C(C3CC3)OC=2)C(=O)N1,0.0025381658575497567
CN1C2=C(C=CC=N2)CN(C(CN2C(=O)C3(CCCC3)NC2=O)=O)CC1,0.002005105698481202
CN1C2=C(C=CC=N2)CN(C(C2=CC(CC#N)=CC=C2)=O)CC1,0.004678684128157329
CN1C2=C(C=CC=N2)CN(C(C2=NN(C(C)(C)C)C(C3CC3)=C2)=O)CC1,0.010764963552355766
CC(C(N1CC2=C(N=CC=C2)N(C)CC1)=O)NC(C1CCCC1)=O,0.00834668215829879
CN1C2=C(C=CC=N2)CN(C(C2=C(O)C=C3C(OCO3)=C2)=O)CC1,0.004115611710585654
CN1C2=C(C=CC=N2)CN(C(C2=NC(C)=NC=C2)=O)CC1,0.00666871543508023
CN1C2=C(C=CC=N2)CN(C(CN2C(=O)C3=C(SC=C3)N=C2)=O)CC1,0.004870261019095779
COC1=CC(OCC(N2CC3=C(N=CC=C3)N(C)CC2)=O)=CC=C1,0.008129583462141455
CN1C2=C(C=CC=N2)CN(C(C2=NOC=C2)=O)CC1,0.00745398907456547
CN1CC2N(N=C(C=2)NC([C@@]23CCO[C@@H]2CCC3)=O)CC1,0.009759022830985486
CN1C2=C(C=CC=N2)CN(C(C2=CC(NC(NC3CC3)=O)=CC=C2)=O)CC1,0.004319475055672229
CC1N(C2=NC=NC(C3=CC=CC=C3)=C2)CC(CO)OC1,0.0029513703659176825
CC1N(C2=NC=NC(C3=CC(Cl)=CC=C3)=C2)CC(CO)OC1,0.0027498443494550886
NC1=NC(N2CC3CCCN(CC4=CC=CC=C4)C3CC2)=NC(C(F)F)=N1,0.0046703107189387085
CN1C(C(N2CCN(C3=NC(C(F)F)=NC(N)=N3)CC2)=O)CCC1,0.003952318499796092
NC1=NC(N2CCN(CC3=C(Cl)C=CC=C3)CC2)=NC(C(F)F)=N1,0.0032047548796981574
NC1=NC(C(F)F)=NC(NCC2C3C2CC2=C3C=CC=C2)=N1,0.004873500915709883
NC1=NC(C(F)F)=NC(NC2CC3(CCC3)OCC2)=N1,0.004593373974785209
NC1=NC(N2CC(C3SC4=C(CCCC4)N=3)CCC2)=NC(C(F)F)=N1,0.004908592696301639
CN1CC2CCCN(C3=NC(C(F)F)=NC(N)=N3)C2CC1,0.003925623255781829
CN1C(C(C2CN(C3=NC=NC(C4=CC(Cl)=CC=C4)=C3)CCC2)O)=NC=C1,0.003018183389212936
CN(C1=CC(CN(C2=NC(C(F)F)=NC(N)=N2)C)=CC=C1)C,0.003789783944375813
COC1=C(OC)C(OC)=C2C(CCN(C3=NC(C(F)F)=NC(N)=N3)CC2)=C1,0.005537083116360008
COCCCS(N1CCN(C2=NC=NC(C3=CC=CC=C3)=C2)CC1)(=O)=O,0.004031194327399135
CC1N(C2C3N(C=NN=3)C=CN=2)CCN(C2=NC=NC(C3=CC=CC=C3)=C2)C1,0.0065176360309124
CC(CNC1=NC=NC(C2=CC=CC=C2)=C1)(CO)C,0.0030158053850755095
CC(CN(C1=NC(C(F)F)=NC(N)=N1)CC(C1=CC=C(F)C=C1)O)C,0.0024978516274131836
CNC(C(CNC1=NC=NC(C2=CC=CC=C2)=C1)(C)C)=O,0.0052251362474635245
CC(NC1=NC(C(F)F)=NC(N)=N1)CC1N(C2=CC=CC=C2)N=C(C)C=1,0.004351981612853706
CC(C(C1=CC=CC=C1)CNC1=NC(C(F)F)=NC(N)=N1)(CO)C,0.0023775423353072254
CC(NC1=NC(C(F)F)=NC(N)=N1)CC(C1SC=CC=1)O,0.0014291848288848995
O=C(C1N(CC2CCC2)N=CC=1)NCC1=CN=C(OCC2CC2)C=C1,0.008766439254395663
O=C(C1=C(C2OC=CC=2)NN=C1)NCC1=CN=C(OCC2CC2)C=C1,0.005080279358662665
CCN1C(C)=C(C(NCC2=CN=C(OCC3CC3)C=C2)=O)C=N1,0.008188219950534403
O=C([C@@]12CCO[C@@H]1CCC2)NCC1=CN=C(OCC2CC2)C=C1,0.009683197503909469
COC1=C(C)C(C(NCC2=CN=C(OCC3CC3)C=C2)=O)=CN=C1,0.008169599110260606
CC[C@H]1N(C)CC[C@@H]1C(NCC1=CN=C(OCC2CC2)C=C1)=O,0.009219411900267005
CC(C1=C(C(NCC2=CN=C(OCC3CC3)C=C2)=O)NC=N1)(C)C,0.004189893312286586
O=C(N1CCC(C2NN=C(C3=CC=CC=C3)N=2)CC1)C1C(=O)NCCC1,0.004337469895835966
ClC1=CC=C(C2(NC(CCC3N=NNC=3)=O)CCCC2)C=C1,0.005203645676374435
O=C(NC1=C2C(C=CC=C2)=CC=C1)CNC(C1=CN(CC2CC2)N=C1)=O,0.006616018945351243
CC(CCOC1=C(CNC(C2(C3=NC=CC=C3)CC2)=O)C=CC=C1)C,0.011401649145409466
CC(CCOC1=C(CNC(C2=NOC(CO)=C2)=O)C=CC=C1)C,0.005210739281028509
CC(CCOC1=C(CNC(C2C(C)=CON=2)=O)C=CC=C1)C,0.01052474365569651
COC1=C(OC(F)F)C=C(CCNC(C2N3C(CCCC3)=CN=2)=O)C=C1,0.004855333198793233
COC1=C(OC(F)F)C=C(CCNC([C@@]23CCO[C@@H]2CCC3)=O)C=C1,0.007854169677011668
COC1=C(OC(F)F)C=C(CCNC(C2C(=O)NCCC2)=O)C=C1,0.005552153987810016
COC1=C(OC(F)F)C=C(CCNC(C2C(C)=NOC=2)=O)C=C1,0.006236970121972263
CC(C1=CC=C(OC2=CC=CC=C2)C=C1)NC(C1C(=O)NCCC1)=O,0.007718922104686499
CC1=C(NC(C2C(=O)NCCC2)=O)C=CC=C1Br,0.007822147058323025
CN(C(C1=C(C2OC=CC=2)NN=C1)=O)CC(C)(C)C,0.00772340118419379
CCN1C(C)=C(C(N(CC2=CC=C(F)C=C2)CCC2=NC=CC=C2)=O)C=N1,0.00798136587254703
CC1C(C(NC2=CN=C(OC3CCCC3)C=C2)=O)=CON=1,0.007293331902474165
CC1=C(C(NC2=CN=C(OC3CCCC3)C=C2)=O)SC(C2COCC2)=N1,0.006852462771348655
CCN1C(C)=C(C(NC2=CN=C(OC3CCCC3)C=C2)=O)C=N1,0.007070095650851727
CNC(C1=CC=C(CN(C([C@H](N(C)C)C)=O)C)C=C1)=O,0.009100827970542014
CCN(CC1=C(CNC(CCC2OC(C)=NN=2)=O)C=CC=C1)CC,0.008392966771498322
CCN(CC1=C(CNC(C2(C(=O)N(C)CC2)C)=O)C=CC=C1)CC,0.011510808300226927
CCN(CC1=C(CNC(C2=C(C(F)(F)F)N=CO2)=O)C=CC=C1)CC,0.004576502635609358
FC(C1C=C(C(NCC2=CC=C(N3C(=O)CCC3)C=C2)=O)C(=O)NC=1)(F)F,0.002703251299681142
O=C(C1N(C2CCCC2)CC1)NCC1=CC=C(N2C(=O)CCC2)C=C1,0.009921820228919387
FC(C1=C(C(NCC2=CC=C(N3C(=O)CCC3)C=C2)=O)OC=N1)(F)F,0.003762837604153901
FC(C1C=C(C(NCC2=CC=C(CN3CCCCC3)C=C2)=O)C(=O)NC=1)(F)F,0.0033116055419668555
NC(NC1=CC(NC(C2N(C3CCCC3)CC2)=O)=CC=C1)=O,0.005190783902071417
CNC(C1=C(C)C(NC(C2(CC2)CN(C)C)=O)=CC=C1)=O,0.009200177621096373
CNC(C1=C(C)C(NC(C2N(CC3=CC=C(OC)C=C3)CC2)=O)=CC=C1)=O,0.006608701823279261
CNC(C1=C(C)C(NC(CN2C(C(C)C)=NC=C2)=O)=CC=C1)=O,0.0035934312036260962
O=C(NCC1=CC(CN2C(=O)CCC2)=CC=C1)CN1CCCC1,0.009169691428542136
FC(C1C=C(C(NCC2=CC(CN3C(=O)CCC3)=CC=C2)=O)C(=O)NC=1)(F)F,0.0028167760581709446
O=C(C1N(C2CCCC2)CC1)NCC1=CC(CN2C(=O)CCC2)=CC=C1,0.011229774123057723
C[C@H](C(NCC1=CC(CN2C(=O)CCC2)=CC=C1)=O)N(C)C,0.008264212077483535
NC1C2=C(N=CC=C2)SC=1C(NCC1=CC(CN2C(=O)CCC2)=CC=C1)=O,0.0031140270526520907
FC(CN1CCC(CC(NCC2=CC(CN3C(=O)CCC3)=CC=C2)=O)CC1)F,0.006102883839048445
CC(C1N(CC(NCC2=CC(CN3C(=O)CCC3)=CC=C2)=O)C=CN=1)C,0.005170004023239016
CNC1=C(F)C=C(C(NCC2=CC(CN3C(=O)CCC3)=CC=C2)=O)C=C1,0.004913775064051151
CCN1CCN(CC2=CC=C(NC(C3N=CN(C)C(=O)C=3)=O)C=C2)CC1,0.006800518417730927
CCN1CCN(CC2=C(CNC(CN3C4=C(C=CC=N4)C=N3)=O)C=CC=C2)CC1,0.006886213459074498
COC(C(NC1=C(C(N2CC(C)CC(C)C2)=O)C=CC=C1)=O)OC,0.008166329888626932
CC1=CC(C(N2CCOCC2)CNC(C2=C(C(F)(F)F)N=CO2)=O)=CC=C1,0.0037935863132588566
CCN1CCN(CCCNC(C2=CC(NCC3=NC=CC=C3)=CC=C2)=O)CC1,0.0069416332058608535
CCN1CCN(CCCNC(C2=C(C(F)(F)F)N=CO2)=O)CC1,0.0033993727643974125
CNC1=C(F)C=C(C(N(CC2=NC=CC=C2)CCOC)=O)C=C1,0.005161270522512496
COC1=C(CNC(C2(CC(=C)C2)C)=O)C(C)=CC(C)=N1,0.011158672766759992
COC1=C(CNC(C2C(C)=CON=2)=O)C(C)=CC(C)=N1,0.006678638258017599
CN(S(C1=CC2=C(CCN2C(C2=CC3N(C=C(N=3)C)C=C2)=O)C=C1)(=O)=O)C,0.0038735119858756663
COC(C(N1C2=C(C=CC(S(N(C)C)(=O)=O)=C2)CC1)=O)OC,0.0070098300464451315
CNC1=C(F)C=C(C(N2C3=C(C=CC(S(N(C)C)(=O)=O)=C3)CC2)=O)C=C1,0.004432271269615739
CC(OC1=C(NC(CCCC2NN=NN=2)=O)C=CC=C1)(C)C,0.003052554972236976
CN1C(=O)C(C(NC2=C(OC(C)(C)C)C=CC=C2)=O)CCCC1,0.010220469208434224
CC(C1N(CC(NC2=C(OC(C)(C)C)C=CC=C2)=O)C=CN=1)C,0.005933374725282192
CCC1N(C(C2=CC3=C(NC(N3CCN(C)C)=O)C=C2)=O)CCOC1,0.003416397050023079
CCC1N(C(COC2C(N3CCOCC3)=NSN=2)=O)CCOC1,0.008429462881758809
CCC1N(C(C2=C3C(OCC(N3)=O)=CC=C2)=O)CCOC1,0.008176859142258764
CN1[C@H](C(N2C3=C(C=CC(S(N)(=O)=O)=C3)CC2)=O)CCCC1,0.005491647007875145
CN1C2=C(C=CC(C(N3C4=C(C=CC(S(N)(=O)=O)=C4)CC3)=O)=C2)OCC1,0.00612405757419765
CCC(NC(C1C(=O)N(C)CCCC1)=O)CN1CCCC1,0.01479067667387426
CN(CCOC1=CC=C(CNC(C2=C(C3OCCC3)NN=C2)=O)C=C1)C,0.006062180688604713
COCCN1N=CC(C(NCC2=CC=C(OCCN(C)C)C=C2)=O)=C1,0.008260316541418433
CN(CCOC1=CC=C(CNC(CC2=C3N(CCCC3)N=C2)=O)C=C1)C,0.009864360420033335
CN(C(C1=C(N)C2=C(N=CC=C2)S1)=O)CC1(CCC1)O,0.00507268684450537
CN(C(C1=C(O)C=CC(N2C=NC=C2)=C1)=O)CC1(CCC1)O,0.004957168945111334
CC(CC1C(=O)NCCN1C(C1=C2N(C(C3=CN=CC=C3)=CC=N2)N=C1)=O)C,0.005978096090257168
CC(CC1C(=O)NCCN1C(CC1CCN(CC(F)(F)F)CC1)=O)C,0.004979250999167561
CC(CC1C(=O)NCCN1C(C1=C2C(OCC(N2)=O)=CC=C1)=O)C,0.007153930142521858
CC(CC1C(=O)NCCN1C(COC1C(N2CCOCC2)=NSN=1)=O)C,0.005876053217798471
CN(C1(CCC1)CNC(C1=NOC(C2=CC(O)=CC=C2)=C1)=O)C,0.005643107299692929
CN(C1(CCC1)CNC(C1=C2C(OCC(N2)=O)=CC=C1)=O)C,0.01002046698704362
FC(C1C(C(NCC2=CC(Cl)=C(C#N)C=C2)=O)CS(=O)(=O)C1)(F)F,0.003079299154660475
CN1C(=O)C(C(NCC2=CC(Cl)=C(C#N)C=C2)=O)(C)CC1,0.006190958840306848
CC1=CC(C(CNC(C2C(C(F)(F)F)CS(=O)(=O)C2)=O)O)=CC(C)=C1,0.0024145686598785686
CC1=CC(C(CNC(C2N(C3CCCC3)CC2)=O)O)=CC(C)=C1,0.00691406053956598
CC(C1N(CC(NCC(C2=CC(C)=CC(C)=C2)O)=O)C=CN=1)C,0.0028944718651473522
CC1=CC(C(CNC(C2=C(F)C=NC=C2F)=O)O)=CC(C)=C1,0.0033685646718367933
COCCC1N(C(C(OC)OC)=O)CCOC1,0.012763590924441815
COCCC1N(C(C2=CC(NCC3=NC=CC=C3)=CC=C2)=O)CCOC1,0.006873987801373005
CCN1C(=O)CC(NC(CN2C3=C(C=CC=N3)C=N2)=O)C1,0.005098391300998628
CCN1C(=O)CC(NC([C@H]2N(C)CCCC2)=O)C1,0.008183616888709366
CCN1C(=O)CC(NC(C2=NOC(C3=CC(O)=CC=C3)=C2)=O)C1,0.00398898635758087
CCN1C(=O)CC(NC(C2=CC3=C(NC(N3CCN(C)C)=O)C=C2)=O)C1,0.002728234376991168
CCN1C(=O)CC(NC(CC2CCN(CC(F)(F)F)CC2)=O)C1,0.005530468621873297
CCN1C(=O)CC(NC(C2N(CC3=CC=C(OC)C=C3)CC2)=O)C1,0.009011643612757326
CN(C(C1C(C(F)(F)F)CS(=O)(=O)C1)=O)CC(C1=CC=CC=C1)(O)C,0.006160548528350773
CN1C[C@@H]2[C@@H](CCCN2C(C2=C(C)NC=N2)=O)C1,0.0034724937926512212
FCCC1CN(C(CN2C(=O)NC(=O)C(C#N)=C2)=O)CCC1,0.002021829830482602
FCCC1CN(C(C2=C3N(C(C4=CN=CC=C4)=CC=N3)N=C2)=O)CCC1,0.005675904429517686
CC12CN(C(C3=C(N)C4=C(N=CC=C4)S3)=O)CC1COC2,0.004238712368533015
CC12CN(C(CCC(NC3=C(F)C=CC=C3F)=O)=O)CC1COC2,0.007906758855096997
CCC1NC(CC(N2CC3(C)C(COC3)C2)=O)=NC=1,0.004514098784420639
CC12CN(C(C3=C(O)C=CC(N4C=NC=C4)=C3)=O)CC1COC2,0.003664543852210045
CC1(N(C(C2=CC(N3C(N)=NN=N3)=CC=C2)=O)CC(C2=CC(F)=CC=C2)OC1)C,0.0039275375311262906
CN(C(CN1C2=C(C=CC=N2)C=N1)=O)CC1N=NN(C)C=1,0.00703825238160789
CCC(C(C(NC1C(=O)NC2=C(C=CC=C2)C1)=O)O)(C)C,0.005655109998770058
FC(CN1CCC(CC(NC2C(=O)NC3=C(C=CC=C3)C2)=O)CC1)(F)F,0.0047660077223554255
CN1C(=O)C(C(NC2C(=O)NC3=C(C=CC=C3)C2)=O)(C)CC1,0.00757550320122391
FC(C1C(C(NC2C(=O)NC3=C(C=CC=C3)C2)=O)CS(=O)(=O)C1)(F)F,0.004182821489666822
C[C@]1([C@@](CO)(C)CN(C(C2C3=C(CCC(C3)(C)C)ON=2)=O)C1)CO,0.006793894921429455
C[C@H](C(N1C[C@](CO)(C)[C@](CO)(C)C1)=O)N(C)C,0.0053068958106450735
CC(C(N1C[C@](CO)(C)[C@](CO)(C)C1)=O)(CN1CCOCC1)C,0.005974804051220417
CC(C1N(CC(N2C[C@](CO)(C)[C@](CO)(C)C2)=O)C=CN=1)C,0.00298470439738594
C[C@]1([C@@](CO)(C)CN(C(CCC(NC2=C(F)C=CC=C2F)=O)=O)C1)CO,0.004313014028593898
CCC1NC(CC(N2C[C@](CO)(C)[C@](CO)(C)C2)=O)=NC=1,0.001809653447708115
CC1C(C)C(NC(CN2C(C3CC3)=CC(C(F)F)=N2)=O)C(C)O1,0.007210819725878536
CC1C(C)C(NC(C2C(=O)N(C)CCCC2)=O)C(C)O1,0.013531131576746703
CC(C1N(CC(NC2C(C)C(C)OC2C)=O)C=CN=1)C,0.00690342066809535
CC1C(C)C(NC(C2C(C(F)(F)F)CS(=O)(=O)C2)=O)C(C)O1,0.005618578414032527
CC1C(C)C(NC(C2=C(O)C=CC(N3C=NC=C3)=C2)=O)C(C)O1,0.004051436367444694
COC1=CC=C(CN2C(C(NC3=C(O)C(F)=CC=C3)=O)CC2)C=C1,0.004193087597377599
CC(C(NC1=C(O)C(F)=CC=C1)=O)(CN1CCOCC1)C,0.004786845738999545
CN1[C@H](C(NC2=C(O)C(F)=CC=C2)=O)CCCC1,0.0043095578905195
FC(C1=C(C(N2CCN(CCC#N)CC2)=O)N2C(CCCC2)=N1)F,0.0027080387574642375
O=C(C1=C(C2OCCC2)NN=C1)N1CCN(CCC#N)CC1,0.0036582456265250585
COCC1=C(C(N2CCN(CCC#N)CC2)=O)C=CS1,0.004772521251152284
O=C(C1=C(C2OC=CC=2)NN=C1)N1CCN(CCC#N)CC1,0.0029373669571214124
O=C(C1=CC2=C(C=CC=N2)C=C1)N1CCN(CCC#N)CC1,0.004360807347438822
O=C(C1=CC=C(C2CCOCC2)C=C1)N1CCN(CCC#N)CC1,0.007385615742077789
NC([C@H]1O[C@@H](C(N2CCN(CCC#N)CC2)=O)CC1)=O,0.004176384982326908
CC([C@H](C(N1CCN(CCC#N)CC1)=O)NC(C)=O)C,0.005084975119859792
FC1C2N(C(C(N3CCN(CCC#N)CC3)=O)=NC=2)C=CC=1,0.0021833421666542564
OC1(C2=CC(Cl)=CC=C2)CC(C(N2CCN(CCC#N)CC2)=O)C1,0.006459415315748629
CC(C(N1CCN(CCC#N)CC1)=O)OCC1=CC=C(C)C=C1,0.006500114913978905
CC1=CC=C(COCC(N2CCN(CCC#N)CC2)=O)C=C1,0.005702482293963839
COC1=C(C(N2CCN(CCC#N)CC2)=O)C(OC(F)(F)F)=CC=C1,0.0032296076894454016
O=C(N1CCN(CCC#N)CC1)CC1(C#N)CCOCC1,0.007479772484479871
O=C(N1CCN(CCC#N)CC1)CC1ON=C(C2CC2)C=1,0.005822445567014256
CN1C(C(N2CCN(CCC#N)CC2)=O)=C(C(F)(F)F)C=N1,0.0029492400594335775
CN1C(C2=CC=CC=C2)=C(C(N2CCN(CCC#N)CC2)=O)C=C1,0.00594338466762565
ClC1C2N(N=CC=2C(N2CCN(CCC#N)CC2)=O)C=CC=1,0.003888788645895147
COC1=C(C#N)C=CC(C(N2CCN(CCC#N)CC2)=O)=C1,0.005624166439974943
O=C(C1=C(C2=NOC=C2)OC=N1)N1CCN(CCC#N)CC1,0.0036732293850036514
O=C(C1=CC2=C(COCC2)C=C1)N1CCN(CCC#N)CC1,0.006262528506567833
CC1=C(CC(N2CCN(CCC#N)CC2)=O)OC=C1,0.005600185933371904
CC1=C(C(N2CCN(CCC#N)CC2)=O)C=NC=C1Br,0.005966251544896295
COC(C(N1CCN(CCC#N)CC1)=O)OC,0.006662141350690831
FC(OC1=CC(C2(C(N3CCN(CCC#N)CC3)=O)CC2)=CC=C1)(F)F,0.003510571224433079
CN(C(C1=CC=C(Cl)C=C1)C(N1CCN(CCC#N)CC1)=O)C,0.0053989551528047745
CC1=C(C)C=C(C2(C(N3CCN(CCC#N)CC3)=O)CCOCC2)C=C1,0.007791584265578422
O=C(C1=C2C(SC=N2)=CC=C1)N1CCN(CCC#N)CC1,0.003827950442882866
OC1=CC(C2ON=C(C(N3CCN(CCC#N)CC3)=O)C=2)=CC=C1,0.002672845947108726
C[C@H]1N(C)CC[C@H]1C(N1CCN(CCC#N)CC1)=O,0.006415452797045873
CC(C1=CC=NC=C1)C(N1CCN(CCC#N)CC1)=O,0.005245100374077083
OC1=CC2=C(OCC(C(N3CCN(CCC#N)CC3)=O)O2)C=C1,0.0029399274853403766
CC1N(C2=CC(F)=C(F)C=C2)N=NC=1C(N1CCN(CCC#N)CC1)=O,0.0036648580869041323
O=C(C1N=C2N(CCC2)C=1)N1CCN(CCC#N)CC1,0.003629651483697671
CCOCN1C(C)=C(CC(N2CCN(CCC#N)CC2)=O)C(C)=N1,0.005140954338457959
CCOCN1C(C)=C(CC(C(N2CCN(CCC#N)CC2)=O)C)C(C)=N1,0.006434595682367217
COC1=CC2=C(ON=C2CC(N2CCN(CCC#N)CC2)=O)C=C1,0.004745834988443676
CC1(C2=CC=CC=C2)CC(NC(C2OC3=C(C=CC(=C3)O)OC2)=O)C1,0.005914461496286094
CC(COC1=CC=C(CCNC(C2(C3=NC=CC=C3)CC2)=O)C=C1)C,0.01138530597090721
CC(NC(C1=C(CC#N)C=CC=C1)=O)CN1CCN(C)CC1,0.005646171239641262
CCN1N=C(C2CC2)C(C(NC(CN2CCN(C)CC2)C)=O)=C1,0.010803223820403218
CC(NC(C1N=C2N(CCC(C2)C)C=1)=O)CN1CCN(C)CC1,0.0066537705017253755
CC(NC(C1C(C)=NOC=1)=O)CN1CCN(C)CC1,0.007866443553939461
CC(NC(C[C@H]1C(=O)NC2=C(C=CC=C2)C(=O)N1)=O)CN1CCN(C)CC1,0.007710250187665224
OCC1ON=C(C(NCC2CCN(CC3=C(Cl)C=CC=C3)CC2)=O)C=1,0.0036426358856260777
CC1=C(CO)C=C(C(NCC2CCN(CC3=C(Cl)C=CC=C3)CC2)=O)O1,0.00432047302601859
CC1C(C(NCC2CCN(CC3=C(Cl)C=CC=C3)CC2)=O)=NOC=1,0.007805707817897201
CC(CC1(C(NC2SC(CC3=CC=C(F)C=C3)=NN=2)=O)C(=O)NCC1)C,0.006018994003534317
CON1CCC(C(NC2SC(CC3=CC=C(F)C=C3)=NN=2)=O)CC1,0.0012165421503596008
CC1(C(NC2SC(CC3=CC=C(F)C=C3)=NN=2)=O)CC(=C)C1,0.007303090393543243
CC(C1SC(C)=NN=1)NCC1(CN(CC2=CC=CC=C2)CC1)O,0.008707867050543428
ClC(C1NC(=O)C2=C(C=CC=C2)N=1)=CC1N=NN(CC2COCC2)C=1,0.004800046957097947
C[C@]12CN(C(C3CC4N(C=CN=4)CC3)=O)C[C@@]1(C)CNC2,0.006515736551955342
C[C@@H]([C@H](C(N1C[C@]2(C)[C@](CNC2)(C)C1)=O)N)OCC1=CC=CC=C1,0.010808480088599026
CC1=C(C)C(C(N2C[C@]3(C)[C@](CNC3)(C)C2)=O)=CC(S(C)(=O)=O)=C1,0.008150536706671119
CC1N(C2CCOCC2)N=CC=1C(N1C[C@]2(C)[C@](CNC2)(C)C1)=O,0.011070255655795336
CC(C1=C(C)N(CC(F)(F)F)N=C1C)C(N1C[C@]2(C)[C@](CNC2)(C)C1)=O,0.006477530358824879
C[C@]12CN(C([C@@H]3OCCNC3)=O)C[C@@]1(C)CNC2,0.008783662179484963
COC1=CC=C(C2=CC(C(N3C[C@]4(C)[C@](CNC4)(C)C3)=O)=CN=C2)C=C1,0.008578672190196812
O=C([C@@]12CCO[C@@H]1CCC2)NC1SC(C2=CSC=C2)=NN=1,0.006626940611749887
CC(C1=C(C(N2C[C@]3(C)[C@](CNC3)(C)C2)=O)C=NC(C)=N1)C,0.009363874304108321
C[C@]12CN(C(C3C(=O)NC4=C(CCCC4)C=3)=O)C[C@@]1(C)CNC2,0.008132095565088093
CC1=C(N2N=CC(C(N3C[C@]4(C)[C@](CNC4)(C)C3)=O)=C2)C=CC=C1,0.00835687955841422
CC1C(CCC(N2C[C@]3(C)[C@](CNC3)(C)C2)=O)=C(C)N2C(=NC=N2)N=1,0.006874082377180457
CC1=CC=C(CN2C(=O)CC(C(NC3CC(C)(C)CNCC3)=O)C2)C=C1,0.011453815503045917
O=C(C1C2=C(CCC2)N(C2=CC=CC=C2)N=1)N[C@@]12CCO[C@@H]1CCC2,0.00958482651039958
CC(C(N[C@@]12CCO[C@@H]1CCC2)=O)NC(C1SC=CC=1)=O,0.007132660201750696
ClC1=C(C2OC(CCC(N[C@@]34CCO[C@@H]3CCC4)=O)=NC=2)C=CC=C1,0.006203619064763188
ClC1=CC(Cl)=C(C2OC(CCC(N[C@@]34CCO[C@@H]3CCC4)=O)=NC=2)C=C1,0.006666095275431871
FC1=CC2=C(C(C(N[C@@]34CCO[C@@H]3CCC4)=O)CC(N2)=O)C=C1,0.00686418751720339
O=C(N[C@@]12CCO[C@@H]1CCC2)CCN1C(=O)C2=C(SC=C2)N=C1,0.006044373707845807
CN1C2=C(C=CC=C2)N(CC(N[C@@]23CCO[C@@H]2CCC3)=O)C1=O,0.005247074586804956
O=C(N[C@@]12CCO[C@@H]1CCC2)CCS(C1=CC2=C(CCC2)C=C1)(=O)=O,0.0092949238140136
COC1=NC=CC(C(N[C@@]23CCO[C@@H]2CCC3)=O)=C1,0.00797865812201053
CCC(NC1=CC(C(NC2CC(C)(C)CNCC2)=O)=CC=C1)=O,0.009104883251711725
CC1(CC(NC(COC2=C(C(F)(F)F)C=CC=C2)=O)CCNC1)C,0.007923086802475155
CC1N(CC2=CC=CC=C2)N=CC=1C(N[C@@]12CCO[C@@H]1CCC2)=O,0.010216233879327774
CC1=CC=C(N2N=NC(C(N[C@@]34CCO[C@@H]3CCC4)=O)=C2)C=C1,0.007403224497102201
CC1=C(C(N[C@@]23CCO[C@@H]2CCC3)=O)SC=N1,0.008672674628905952
CC1=C(C(N[C@@]23CCO[C@@H]2CCC3)=O)N=C(C2=CC=CC=C2)N1,0.0036868004011921585
FC1=C(NC(N2CC(C(N[C@@]34CCO[C@@H]3CCC4)=O)CCC2)=O)C=CC=C1,0.005010456824675202
CC1=NN(C2=CC=C(CC(N[C@@]34CCO[C@@H]3CCC4)=O)C=C2)C(C)=C1,0.008843831275589764
CC1(CC(NC(C2=C3C(C=CC=N3)=CC(F)=C2)=O)CCNC1)C,0.006573953758925199
CC1=NC2=C(C=C(C(NC3CC(C)(C)CNCC3)=O)C=C2)C=C1,0.009550759848207236
CN1C2=C(C=CC=N2)CN(C(CCCC2NC(=O)C3=C(C=CC=C3)N=2)=O)CC1,0.004030336148571223
CN1C2=C(C=CC=N2)CN(C(CN2C3=C(C=CC=C3)OCC2=O)=O)CC1,0.007266486180014908
CN1C2=C(C=CC=N2)CN(C(C2=C(C)C=CC(S(C)(=O)=O)=C2)=O)CC1,0.005998488841578364
CN1C2=C(C=CC=N2)CN(C(CCNC(C2=CC=C(F)C=C2)=O)=O)CC1,0.005044027022086084
CN1C2=C(C=CC=N2)CN(C(C2C3=C(CCCC3)ON=2)=O)CC1,0.011184773780405522
CN1C2=C(C=CC=N2)CN(C(C2N(S(C)(=O)=O)CCCC2)=O)CC1,0.004546246933750808
CN1C2=C(C=CC=N2)CN(C(C(C2CCCC2)NC(C)=O)=O)CC1,0.008040646556764841
CCS(CC(N1CC2=C(N=CC=C2)N(C)CC1)=O)(=O)=O,0.00594483045861125
CN1C2=C(C=CC=N2)CN(C(C2N(C)C3=C(C(N(C(N3C)=O)C)=O)C=2)=O)CC1,0.007298860466107726
CN1C2=C(C=CC=N2)CN(C(C2=C(N3CCOCC3)N=CC=C2)=O)CC1,0.0074043224798515436
COCC1SC=C(C(N2CC3=C(N=CC=C3)N(C)CC2)=O)N=1,0.0061451812041923405
CC(C(N1CC2=C(N=CC=C2)N(C)CC1)=O)OCC1OCCCC1,0.009569860296323895
COC1=C2C(N=C(N2)NC([C@@]23CCO[C@@H]2CCC3)=O)=CC=C1,0.0036822420253884046
CCS(C1=CC=C(C(N2CC3=C(N=CC=C3)N(C)CC2)=O)C=C1)(=O)=O,0.006430820375680923
CN(S(C)(=O)=O)CC(N1CC2=C(N=CC=C2)N(C)CC1)=O,0.004396640975028276
CN1C2=C(C=CC=N2)CN(C(C2=CC=C(CS(N)(=O)=O)C=C2)=O)CC1,0.004719814890995622
CC(C(N1CC2=C(N=CC=C2)N(C)CC1)=O)NS(C1SC=CC=1)(=O)=O,0.003182873025070876
CON1CCC(C(NC2SC3=C(CCOC3)N=2)=O)CC1,0.0017639105877606197
CC(CC1(C(NC2SC3=C(CCOC3)N=2)=O)C(=O)NCC1)C,0.008695166325196624
O=C(NCC1=CN=C(OCC2CC2)C=C1)CC1OC(C2=CC=CC=C2)=NN=1,0.006618682574480772
O=C(C1=C(CC#N)C=CC=C1)NCC1=CN=C(OCC2CC2)C=C1,0.004904405868001049
CCN1N=C(C2CC2)C(C(NCC2=CN=C(OCC3CC3)C=C2)=O)=C1,0.009297032048925758
CN(C(C1N2C(CCCC2)=CN=1)=O)CC(NC1=NC=CC(C)=C1)=O,0.004604418599046767
CN(C(C1=CN(CC2CC2)N=C1)=O)CC(NC1=NC=CC(C)=C1)=O,0.00683247393462807
COC1=C(C)C(C(N(CC(NC2=NC=CC(C)=C2)=O)C)=O)=CN=C1,0.006181217823177576
CN(C(C1N2C(CCCC2)=NC=1C(F)F)=O)CC(NC1=NC=CC(C)=C1)=O,0.003848705079872161
CC1CC2N(C=C(C(NCCN3N=CN=C3)=O)N=2)CC1,0.005033598083537072
OC1=CC2=C(OCC(C(NCCN3N=CN=C3)=O)O2)C=C1,0.003554971143603325
CCOCN1C(C)=C(CC(NCCN2N=CN=C2)=O)C(C)=N1,0.006431814702227712
COC1=C(C)C(C(NCCN2N=CN=C2)=O)=CN=C1,0.005535094928927719
COC1=C(C(NCCN2N=CN=C2)=O)N=CC=C1,0.0060263751074671745
CC1=C(F)C(F)=C(C(NCCN2N=CN=C2)=O)C=C1,0.005474522872827947
O=C(C1N(CC2CCC2)N=CC=1)NCCN1N=CN=C1,0.007288474077358842
CCOCN1C(C)=C(CC(C(NC(C2=CC=CC=C2)C2OCCC2)=O)C)C(C)=N1,0.010960913822054863
CC1=C(C(NC(C2=CC=CC=C2)C2OCCC2)=O)SC(C2COCC2)=N1,0.008327707415446639
O=C(C1N2C(CCCC2)=CN=1)NC(C1=CC=CC=C1)C1OCCC1,0.007214959152042866
CC1C(C(NCC(C2=CC(Cl)=CC=C2)N2CCOCC2)=O)=CON=1,0.006669197278097272
FC1=CC(NC(C2=NC=NC(N3CCOCC3)=C2)=O)=C(N2CCCCC2)C=C1,0.005455865571275353
FC1=CC(NC(C2C(=O)NCCC2)=O)=C(N2CCCCC2)C=C1,0.0065138728590682145
CC1=C(CCNC(C2N(C)C(=O)NC=2)=O)C2=C(C=CC=C2)N1,0.002927588485181332
CC1=C(CCNC(CC2=C3N(CCCC3)N=C2)=O)C2=C(C=CC=C2)N1,0.006773141305893659
CC1=C(CCNC([C@H]2[C@H](C3CCOCC3)C2)=O)C2=C(C=CC=C2)N1,0.00650374626275152
CC1=C(CO)C=C(C(NCC2(C3=CC=C(Cl)C=C3)CCC2)=O)O1,0.004791893239598721
CC1C(C(NCC2(C3=CC=C(Cl)C=C3)CCC2)=O)=CON=1,0.00971569367684424
CC1=CC(C2(CCCC2)CNC(C2N(C)C(=O)NC=2)=O)=CC=C1,0.004993319394998252
FC(C1ON=C(C2=CC=C(NC(C3N4C(CCCC4)=CN=3)=O)C=C2)N=1)(F)F,0.0034445735742338
FC(C1ON=C(C2=CC=C(NC(CC3=C4N(CCCC4)N=C3)=O)C=C2)N=1)(F)F,0.0049665494123473765
COC1=CC(CNC(C2(NC3=CC=CC=C3)CC2)=O)=CC=C1,0.008319759531877935
CCC1NC(CC(NCC2=CC(OC)=CC=C2)=O)=NC=1,0.0033188337576575576
COC(C(N1CCN(S(C2=CC3=C(C=CC=C3)C=C2)(=O)=O)CC1)=O)OC,0.0054833631496876475
CC1CC2=C(N=C(S2)NC(C2C(=O)N(C)CCCC2)=O)CC1,0.010537091782316566
CC1CC2=C(N=C(S2)NC(C2C(C(F)(F)F)CS(=O)(=O)C2)=O)CC1,0.005132818721176591
CC1N=C2N(C=CC(C(NC3SC4=C(CCC4)N=3)=O)=C2)C=1,0.005464930285234005
CCC1NC(CC(NC2SC3=C(CCC3)N=2)=O)=NC=1,0.004002370277885347
CC(CC(N1C=NC=C1)C(NC1SC2=C(CCC2)N=1)=O)C,0.007119184592738748
CC1=C(C(NC2SC3=C(CCC3)N=2)=O)N=CN1,0.0036870470154099166
CC(C(NC1SC2=C(CCC2)N=1)=O)(CN1CCOCC1)C,0.009541852166876197
CC1OC(CCC(NC2=CC3=C(N4C(=N3)CCCCC4)C=C2)=O)=NN=1,0.004767571983393282
CN1C2=C(C(N3CCN(C(C4=C(C(F)(F)F)N=CO4)=O)CC3)=NC=N2)C=N1,0.0038671464659273624
CC1=C(C(N2CCN(C3=C4C(N(N=C4)C)=NC=N3)CC2)=O)N=CN1,0.0030108031467534603
CN1C(=O)C(C(NCC2=CC(N3CCCC3)=NC=C2)=O)CCCC1,0.007355980481952429
FC(C1=C(C(NCC2=CC(N3CCCC3)=NC=C2)=O)OC=N1)(F)F,0.003355366736650467
CC(C(NCC1=CC(N2CCCC2)=NC=C1)=O)(CN1CCOCC1)C,0.008166648750193416
CC1=C(C(NC2=C3C(CCCC3)=CC=C2)=O)N=CN1,0.0042367307236418125
CCOC1=C(NC(C2=CC3=C(NC(N3CCN(C)C)=O)C=C2)=O)C=CC=C1,0.002908942103385925
CCOC1=C(NC(C2N(CC3=CC=C(OC)C=C3)CC2)=O)C=CC=C1,0.008322177827358246
CCOC1=C(NC(C2C3=C(CCC(C3)(C)C)ON=2)=O)C=CC=C1,0.01175475660711527
CCCCOC1=CC(NC(C2=C3C(OCC(N3)=O)=CC=C2)=O)=CC=C1,0.0071766968350857495
CC1N(C2=C(CNC(CN3C(C4CC4)=CC(C(F)F)=N3)=O)C=CC=N2)C=CN=1,0.0033477241988293825
CC(C1N(CC(NCC2=CC=C(OC3CCCC3)C=C2)=O)C=CN=1)C,0.007162640267051756
O=C(NCC1=CN=C(OC2CCCCC2)C=C1)CN1CCCC1,0.009279583487659693
CC1=CC(C(NC(CNC2=CC=C(S(C)(=O)=O)C=C2)=O)(C)C)=CC=C1,0.006387816928327084
CC1=CC(C(NC(C2=C3C(OCC(N3)=O)=CC=C2)=O)(C)C)=CC=C1,0.009815595718100667
CC1OC(CCC(NC(C2=CC(C)=CC=C2)(C)C)=O)=NN=1,0.007755507505498827
CC1=C(OCCN2CCCC2)C=CC(NC(C2=C(C(F)(F)F)N=CO2)=O)=C1,0.004185616131871938
CN1C(=O)C=C(C(NC2(C3=C(F)C=CC=C3)CC2)=O)N=C1,0.006760410056449473
CN(CCN1C2=C(C=CC(C(NCCC3SC(C)=C(C)N=3)=O)=C2)NC1=O)C,0.0031342031550593676
CCC1NC(CC(NCCC2SC(C)=C(C)N=2)=O)=NC=1,0.0030778811546042562
CC1=C(C)SC(CCNC(C2C(C(F)(F)F)CS(=O)(=O)C2)=O)=N1,0.003670985571352503
COC[C@H](NC(C1=C(O)C=CC(N2C=NC=C2)=C1)=O)C,0.002824029268231243
CNC1=C(F)C=C(C(N[C@@H](COC)C)=O)C=C1,0.004971325676888227
COC[C@H](NC(C1=C2N(C(C3=CN=CC=C3)=CC=N2)N=C1)=O)C,0.005834221770055592
CC1N(C(CCCC2NN=NN=2)=O)C(C)C2=C(C=C(C=C2)F)C1,0.0030527614406310024
COC1=C(COC2CCN(C(C3C(=O)N(C)CCCC3)=O)CC2)C=CC=C1,0.012202321365475655
COC1=C(COC2CCN(C(C3(C(=O)N(C)CC3)C)=O)CC2)C=CC=C1,0.011928539769724012
COC1=C(COC2CCN(C(C3=CC4=C(N=CC=C4)C(F)=C3)=O)CC2)C=CC=C1,0.006253336323425174
CCC1NC(CC(NC2C3=C(C=CC=C3)CCCC2C)=O)=NC=1,0.006000833970028907
CC(C1=C(Cl)C=CC=C1)(CNC(CC1CCN(CC(F)F)CC1)=O)O,0.006594298896379769
CC(C1=C(Cl)C=CC=C1)(CNC(C1C(C(F)(F)F)CS(=O)(=O)C1)=O)O,0.004640387376457511
CC(C1=CC(Cl)=CC=C1)(CNC(CN1C(C2CC2)=CC(C(F)F)=N1)=O)O,0.006039751460775733
CN1C(=O)C(C(NCC(C2=CC(Cl)=CC=C2)(O)C)=O)(C)CC1,0.009891748568043113
CC(C1=CC=C(CC2CCN(C(CCC3OC(C)=NN=3)=O)CC2)C=C1)C,0.011403173767030239
CC1C(NC(C2(C(=O)N(C)CC2)C)=O)CN(CC2=CC=CC=C2)C1,0.010419392632320524
CC1C(NC(C2N=CN(C)C(=O)C=2)=O)CN(CC2=CC=CC=C2)C1,0.006974672432988882
CC1(CC2=C(ON=C2C(NC2CC(C3CC3)OCC2)=O)CC1)C,0.015459488984197379
CC(C1N(CC(NC2CC(C3CC3)OCC2)=O)C=CN=1)C,0.007668648543767631
NC1C2=C(N=CC=C2)SC=1C(NC1CC(C2CC2)OCC1)=O,0.0044337529456242915
CC1=C(C(NC2CC(CC3=CC=CC=C3)CC2)=O)N=CN1,0.004851985396817327
FC1=C(C(NCCN2CCOCCC2)=O)C(F)=CN=C1,0.0058558458695188165
O=C(NCCN1CCOCCC1)CC1=C2C(C=CC=C2)=CN=C1,0.006921538268215954
CN1C(=O)C(C(NCCN2CCOCCC2)=O)CCCC1,0.011753381323069334
O=C(C1=C2C(OCC(N2)=O)=CC=C1)NCCN1CCOCCC1,0.008151364489458501
O=C(NCCN1CCOCCC1)CN1C2=C(C=CC=N2)C=N1,0.005823482992127538
O=C(N1CC2(CCCC2)CCC1)CN1C(=O)NC(=O)C(C#N)=C1,0.003987527010031045
OC[C@@H](NC(C1N(C2CCCC2)CC1)=O)CC1=CC=CC=C1,0.005458787130191922
CN(C1(CCC1)CN(C(C1N=CN(C)C(=O)C=1)=O)C)C,0.012896048184484244
OCC1(CN(C(CC2=C3C(C=CC=C3)=CN=C2)=O)CC1)F,0.002659018512349576
OCC1(CN(C(C2=NOC(C3=CC(O)=CC=C3)=C2)=O)CC1)F,0.0019881469779647887
CC(CC(N1C=NC=C1)C(NC1=CN=C(OC(F)F)C=C1)=O)C,0.003119241737294942
C[C@H](C(NC1=CN=C(OC(F)F)C=C1)=O)N(C)C,0.003471267782151699
CC(C(NC1=CN=C(OC(F)F)C=C1)=O)(CN1CCOCC1)C,0.0038014180958271027
CNS(C1=C(O)C=CC(NC(CC2CCN(CC(F)F)CC2)=O)=C1)(=O)=O,0.002359866048209369
CN1C(CCCNC(C2=CC(NCC3=NC=CC=C3)=CC=C2)=O)=NN=C1,0.005083663412369788
COC1=CC=C(CN2C(C(NCCCC3N(C)C=NN=3)=O)CC2)C=C1,0.006729863537475467
O=C(C1=C2C(OCC(N2)=O)=CC=C1)N1C(C2=NOC=N2)CCC1,0.0070683931466192
CN(CC(C)(C)C)CC(N1C(C2=NOC=N2)CCC1)=O,0.01432559359818697
O=C(N1C(C2=NOC=N2)CCC1)CC1=C2C(C=CC=C2)=CN=C1,0.00856871078722179
COC1=CC=C(CN2C(C(N3C(C4=NOC=N4)CCC3)=O)CC2)C=C1,0.01125326044857502
CC1=C(C(N2CC3(CCN(CC4=CC=CC=C4)CC3)CC2)=O)N=CN1,0.004963364673312753
CNC1=C(F)C=C(C(N2CC(OC3=CC(Br)=CN=C3)CC2)=O)C=C1,0.006215274962596595
CN1C2(CCN(C(C3=C(C(F)F)C=CS3)=O)CC2)CNC1=O,0.003368791565299034
CC(CC(N1C=NC=C1)C(N1CCC2(N(C)C(=O)NC2)CC1)=O)C,0.003948121296707541
CN1C2(CCN(C(CC3=C4C(C=CC=C4)=CN=C3)=O)CC2)CNC1=O,0.003749572520609945
CS(C1=CC=C(NCC(N2C(C3CCOCC3)C3(CCC3)C2)=O)C=C1)(=O)=O,0.007834403496235608
FC1=C(NC(CCC(N2C(C3CCOCC3)C3(CCC3)C2)=O)=O)C(F)=CC=C1,0.009519538469612598
CN(CC1(C(NC2=C3C(C(N(CC3)C)=O)=CC=C2)=O)CC1)C,0.010727535234764218
CN1C(=O)C2=C(C(=CC=C2)NC(CNC2=CC=C(S(C)(=O)=O)C=C2)=O)CC1,0.006035699206404388
O=C(NC1(C2=CC(C#N)=CC=C2)CCOCC1)CN1C2=C(C=CC=N2)C=N1,0.00495123581495136
CCC1NC(CC(NC2(C3=CC(C#N)=CC=C3)CCOCC2)=O)=NC=1,0.0027284079347737133
CN1[C@H](C(NC2(C3=CC(C#N)=CC=C3)CCOCC2)=O)CCCC1,0.006902547180652618
CCN(S(C1=CC=C(NC(C2CCN(C(C)C)CC2)=O)C=C1)(=O)=O)CC,0.0061731365974992515
CCN(S(C1=CC=C(NC(C2C(COC)=NN(C)C=2)=O)C=C1)(=O)=O)CC,0.005544213252142072
CCN(S(C1=CC=C(NC(C2N=C3N(CCOC3)C=2)=O)C=C1)(=O)=O)CC,0.0030815522884950044
CN1C(CNC2=CC=C(C(N3CCOCC3)=O)C=C2)=C2C(CCCC2)=N1,0.009891076106578111
O=C(C1=CC=C(NCC2N=NN(CC3COCC3)C=2)C=C1)NC1CCCC1,0.007506111240945757
CCN1C2=C(C=C(C(=N2)C)C(N2C[C@]3(C)[C@](CNC3)(C)C2)=O)C=N1,0.008326049405150115
CC(C1=C(C)ON=C1C)CC(N1C[C@]2(C)[C@](CNC2)(C)C1)=O,0.01138518461957574
CC1N(C2=CC(Cl)=CC=C2)N=C(C(N2C[C@]3(C)[C@](CNC3)(C)C2)=O)C=1,0.007945314585231244
CC1N(C2=C(Cl)C=CC=C2)N=C(C(N2C[C@]3(C)[C@](CNC3)(C)C2)=O)C=1,0.008312613982707263
CC1=C(N2N=NC(C(N3C[C@]4(C)[C@](CNC4)(C)C3)=O)=C2)C=CC(F)=C1,0.006053916341625154
C[C@]12CN(C(C3=CC=C(N4CCC(O)CC4)C=C3)=O)C[C@@]1(C)CNC2,0.0049092632136307655
CCC(C(N1C[C@]2(C)[C@](CNC2)(C)C1)=O)NC1N(C2=CC=CC=C2)N=NN=1,0.005399216548539698
C[C@]12CN(C(COC3=CC=C(C(N)=O)C=C3)=O)C[C@@]1(C)CNC2,0.007966064219363033
CC1(CC(NC(CC2CCOCC2)=O)CCNC1)C,0.013127654418349266
COCC1=C(C(NC2CC(C)(C)CNCC2)=O)SC=N1,0.008716542366892099
CC1C(C(NC2CC(C)(C)CNCC2)=O)=CSN=1,0.012028904538601637
CC1OC(C2=CC(C(N[C@@]34CCO[C@@H]3CCC4)=O)=CC=C2)=NN=1,0.0066827651346102355
CC1=C(C(N[C@@]23CCO[C@@H]2CCC3)=O)C=NC=C1,0.010248813312500715
COCC1(C(NC2CC(C)(C)CNCC2)=O)CCC1,0.015462053660303354
COC1=C(Cl)C=CC(C(NC2CC(C)(C)CNCC2)=O)=C1,0.010337230516597629
O=C(C1ON=C(C2=NC=CC=C2)C=1)N[C@@]12CCO[C@@H]1CCC2,0.007013655570335686
CC(C1C2=C(SC(C(N[C@@]34CCO[C@@H]3CCC4)=O)=C2)N(C)N=1)C,0.008901014877483248
CC(N1C(C(NC2CC(C)(C)CNCC2)=O)=CC=N1)C,0.01018396820873022
CC1(CC(NC(C2N=NN(CCN)C=2)=O)CCNC1)C,0.009797000419348478
O=C(C1=C2C(NC=N2)=CC=C1)N[C@@]12CCO[C@@H]1CCC2,0.004078595770988613
CN1C2=C(C=CC=N2)CN(C(C2=C(C)OC(C3=CC=CC=C3)=N2)=O)CC1,0.006007796176709235
CC(OCC1OCCN(C2=NC(C(F)F)=NC(N)=N2)C1)C,0.003550159058067948
CN1C2=C(C=CC=C2)C(CCNC2=NC(C(F)F)=NC(N)=N2)=N1,0.0036327200126834215
NC1=NC(N2CC(C3=C(Cl)C=C(F)C=C3)OCC2)=NC(C(F)F)=N1,0.003055423661135137
NC1=NC(N2CCC(CC3=CC=C(F)C=C3)(O)CC2)=NC(C(F)F)=N1,0.0038048871327191593
CC(CCNC1=NC(NCCC(O)(C)C)=C(Br)C=N1)(O)C,0.01136242956854403
C1C(N2N=CN=C2)CN(C2=NC=NC(C3=CC=CC=C3)=C2)C1,0.007563880225643515
CC1=CC2=C(CCN(C3=NC(C(F)F)=NC(N)=N3)C2)C(Br)=C1,0.005449620098806918
ClC1=CC(C2=NC=NC(N3CCC(CN4N=CN=C4)CC3)=C2)=CC=C1,0.006821503280662
CC1C(O)CCN(C2=NC(C(F)F)=NC(N)=N2)C1,0.0014791991619858892
NC1=NC(C(F)F)=NC(N[C@@H]2[C@@H](O)CCCC2)=N1,0.0014504122926155105
CC(C1=CC=CC=C1)(CCNC1=NC(C(F)F)=NC(N)=N1)O,0.0041389820165932175
CN(C1=NC(C(F)F)=NC(N)=N1)CC1(CN(CC2=CC=CC=C2)CC1)O,0.0040289108408614995
OC(C1(CC1)CNCC1=NOC=C1)C1=CC=CC=C1,0.006161854276433587
CC1C(C(NCC(C2=C(Cl)C=CC=C2)(C)C)=O)=NN(C2CCOCC2)C=1,0.009479813184589148
CC1=C(CO)C=C(C(NCC(C2=C(Cl)C=CC=C2)(C)C)=O)O1,0.00433573320042342
CC1C(C(NCC(C2=C(Cl)C=CC=C2)(C)C)=O)=CON=1,0.007660379656590522
O=C(NC1(C2=CC3=C(OCCO3)C=C2)CCCC1)CCC1N=NNC=1,0.0058441194472834464
CN1C(=O)NC=C1C(NC1(C2=CC3=C(OCCO3)C=C2)CCCC1)=O,0.004379154078196734
COC1=C(OC)C(Br)=CC(CNC([C@H]2[C@H](C3CCOCC3)C2)=O)=C1,0.012011671322397888
COC1=C(OC)C(Br)=CC(CNC(C2(C3=NC=CC=C3)CC2)=O)=C1,0.01108102621510625
CC[C@H]1N(C)CC[C@@H]1C(NCC1=CC(OC)=C(OC)C(Br)=C1)=O,0.012046028161421418
CS(CC1=CC(CNC(C2N3C(CCCC3)=NC=2C(F)F)=O)=CC=C1)(=O)=O,0.0038618533406406643
CC1OC(C)C(C(NCC2=CC(CS(C)(=O)=O)=CC=C2)=O)C1,0.008426710916683077
CC1C2=C(N=CC(=C2)NC(C2N3C(CCCC3)=CN=2)=O)ON=1,0.005203823279589415
CC1C2=C(N=CC(=C2)NC([C@H]2[C@H](C3CCOCC3)C2)=O)ON=1,0.006353934475919231
CC1C2=C(N=CC(=C2)NC(C2=CN(CC3CCCC3)N=C2)=O)ON=1,0.00835261638276279
CC1CC2N(C=C(C(NC3=CC4=C(ON=C4C)N=C3)=O)N=2)CC1,0.005327818659134209
CC1C2=C(N=CC(=C2)NC(C2(C3=NC=CC=C3)CC2)=O)ON=1,0.007443981897085905
CC1C(C(NC2=CC3=C(ON=C3C)N=C2)=O)=NN(C2CCOCC2)C=1,0.007236279267817736
CCOC1=C(C(NC(CC2=C3N(CCCC3)N=C2)=O)CC)C=CC=C1,0.011045286199077964
CC1=C(C(NC2=CC3=C(SC=N3)C=C2)=O)SC(C2COCC2)=N1,0.005545634753070771
O=C(C1N2C(CCCC2)=CN=1)NC1=CC2=C(SC=N2)C=C1,0.0044899794622324405
OCC1ON=C(C(N(C2C3=C(C=CC=C3)CCC2)C2CC2)=O)C=1,0.006644162512384355
O=C(N(C1C2=C(C=CC=C2)CCC1)C1CC1)CC1OC(C2=CC=CC=C2)=NN=1,0.011220016051083803
O=C(N(C1C2=C(C=CC=C2)CCC1)C1CC1)CCC1=NNN=N1,0.005908112716861069
CC1ON=C(C(NC(C2N(CC3CCC3)N=CC=2)=O)(C)C)N=1,0.010149596864357591
CC[C@H]1N(C)CC[C@@H]1C(NC(C1N=C(C)ON=1)(C)C)=O,0.009825086104683578
CC1ON=C(C(NC(C2C(C)=NOC=2)=O)(C)C)N=1,0.008365227258764207
CC1C(C(N2C(C3OCCO3)CCCC2)=O)=NOC=1,0.011015721270814538
CCOCC1=CC(NC(CCC2N=NNC=2)=O)=CC=C1,0.003675385226961225
CCOCC1=CC(NC(C(CC2=C(C)N(COCC)N=C2C)C)=O)=CC=C1,0.009947713604196906
CCOCC1=CC(NC(C(C2=CC=NC=C2)C)=O)=CC=C1,0.007254851260222494
CCOCC1=CC(NC(C2N=C3N(CCC(C3)C)C=2)=O)=CC=C1,0.005767469434067607
CCOCC1=CC(NC(C2=C(C)C(OC)=CN=C2)=O)=CC=C1,0.0068879121681675315
CCOCC1=CC(NC(C2(C3=C4C(C=CC=C4)=CC=N3)CC2)=O)=CC=C1,0.008436928549781442
O=C(N1CCN(C2=NC=CC=N2)CC1)CCNC(C1N(CC2CCC2)N=CC=1)=O,0.0064983103889971975
CC[C@H]1N(C)CC[C@@H]1C(NCCC(N1CCN(C2=NC=CC=N2)CC1)=O)=O,0.006503242626786232
CC1=C(N2CC(CNC(C3=C(C4OCCC4)NN=C3)=O)CC2)C=C(Cl)C=C1,0.00586308550555259
COC1=CC(C(F)(F)F)=C(CNC(C2=C(C3OCCC3)NN=C2)=O)C=C1,0.00418309005908668
CC1C(C(NC2=C3C(N(C=C3)C)=CC=C2)=O)=NN(C2CCOCC2)C=1,0.008722811518236995
CC(CC1(C(NC2=NC=CC(Cl)=C2)=O)C(=O)NCC1)C,0.0054042095434851944
ClC1=CC(NC(C2N3C(CCCC3)=CN=2)=O)=NC=C1,0.00405470464611426
CN(CCN1N=CC(C(NC2=CC=C(C3=NOC=N3)C=C2)=O)=C1)C,0.005902924784459173
O=C(C1=CC=C(C2CCOCC2)C=C1)NC1=CC=C(C2=NOC=N2)C=C1,0.00670441968832165
COC1=C(Cl)C=C(NC(CC2CCN(CC(F)F)CC2)=O)C(OC)=C1,0.005900703463703394
COC1=C(Cl)C=C(NC(CC2CCN(CC(F)(F)F)CC2)=O)C(OC)=C1,0.005450446013128385
CN(CCN1C2=C(C=CC(C(NCC3SC=CC=3)=O)=C2)NC1=O)C,0.0024641747702844443
COC1=C(OC)C=C(C(N2CCOCC2)CNC(C2=C(C)NC=N2)=O)C=C1,0.003989663068205118
CN1CCN(C2=NC=C(CNC(C3C4=C(CCC(C4)(C)C)ON=3)=O)C=C2)CC1,0.008804651047103106
CN1CCN(C2=NC=C(CNC(C3C(=O)NC=C(C(F)(F)F)C=3)=O)C=C2)CC1,0.0025441184465307743
CN1CCN(C2=NC=C(CNC(C3N(C4CCCC4)CC3)=O)C=C2)CC1,0.007861077529378235
CNC1=C(F)C=C(C(NCC2=CN=C(N3CCN(C)CC3)C=C2)=O)C=C1,0.004313147161155939
CCC1NC(CC(NCC2=CN=C(OC(C)C)C=C2)=O)=NC=1,0.003330483043100685
CC(OC1=NC=C(CNC(CC2CCN(CC(F)(F)F)CC2)=O)C=C1)C,0.004465230301138945
CC(OC1=NC=C(CNC(CN2C(C(C)C)=NC=C2)=O)C=C1)C,0.0054181843064725396
CC(OC1=NC=C(CNC(C2(C(=O)N(C)CC2)CC2=CC=CC=C2)=O)C=C1)C,0.007930658315308392
CCCCCOC1=C(OC)C=C(C(NC(C2N=CN(C)C(=O)C=2)=O)C)C=C1,0.009383933618664742
CC(NC(C1OC2=C(C=CC(=C2)O)OC1)=O)(CCC1=CC=CC=C1)C,0.005880747805349529
CC(NC(C1=C(C(F)(F)F)C=NN1)=O)(CCC1=CC=CC=C1)C,0.0031482822843827305
CC(CC(N1C=NC=C1)C(NC1=CC2=C(C=NN2C(C)C)C=C1)=O)C,0.005957646924071014
CC(N1C2=C(C=CC(=C2)NC(C2(CC2)CN(C)C)=O)C=N1)C,0.0092121169436723
CC(N1C2=C(C=CC(=C2)NC(CNC2=CC=C(S(C)(=O)=O)C=C2)=O)C=N1)C,0.004898339521605522
COC1=C(OCCN(C)C)C=CC(CNC(C2N(C3CCCC3)CC2)=O)=C1,0.012018959410488606
FC(C1=NN(CC(NCC2NN=C(C3=CC=CC=C3)N=2)=O)C(C2CC2)=C1)F,0.0032369817839935423
COC1=CC=C(CN2C(C(NCC3NN=C(C4=CC=CC=C4)N=3)=O)CC2)C=C1,0.004483035672456026
COC(C(NCC1NN=C(C2=CC=CC=C2)N=1)=O)OC,0.003505860862787813
CCC1NC(CC(NCC2NN=C(C3=CC=CC=C3)N=2)=O)=NC=1,0.0028190890327095984
CC(C1N(CC(NCC2NN=C(C3=CC=CC=C3)N=2)=O)C=CN=1)C,0.0029743311926722525
O=C(NCC1NN=C(C2=CC=CC=C2)N=1)CN1CCCC1,0.0036257461993955075
CN(C(C1=CN(CC2CCCC2)N=C1)=O)CC1N(CC(F)(F)F)C=CN=1,0.005658186657819897
CN(C(C1OC(C)=C(CO)C=1)=O)CC1N(CC(F)(F)F)C=CN=1,0.0021655130898579956
CCOCN1C(C)=C(CC(N(CC2N(CC(F)(F)F)C=CN=2)C)=O)C(C)=N1,0.00489179941941984
CN(C(C1C(C)=NOC=1)=O)CC1N(CC(F)(F)F)C=CN=1,0.003793342402786948
FC1=CC=C(C2(NC(C3C(=O)NCCC3)=O)CCCC2)C=C1,0.007907232805155217
CC1=C(CO)C=C(C(NC2(C3=CC(C)=CC=C3)CCCC2)=O)O1,0.0059986136388033625
CC1=CC(C2(NC(CCC3N=NNC=3)=O)CCCC2)=CC=C1,0.006281555606983602
CN1C(=O)C(C(NC2NN=C(CCC3=CC=CC=C3)C=2)=O)(C)CC1,0.004860482714138925
CN1C(=O)CN(C(CCC(NC2=C(F)C=CC=C2F)=O)=O)CC1,0.005595890246331692
CN1C(=O)CN(C(C2=CC(NCC3=NC=CC=C3)=CC=C2)=O)CC1,0.004994887299835682
CN1C(=O)CN(C(C2=C(C)NC=N2)=O)CC1,0.002881316776620224
CC1OC(CCC(NCC2SC=C(C(F)(F)F)N=2)=O)=NN=1,0.0034104545251466335
CCN1C(C)CC(N(C(C2=C3C(OCC(N3)=O)=CC=C2)=O)C)CC1,0.008252620184794068
CCN1C(C)CC(N(C(CCCC2NN=NN=2)=O)C)CC1,0.0033259669202379883
CCN1C(C)CC(N(C(C2=C(N)C3=C(N=CC=C3)S2)=O)C)CC1,0.004195759817957878
NC1C2=C(N=CC=C2)SC=1C(NC1C(N2CCOCC2)CCCC1)=O,0.004114587418735027
CNC1=C(F)C=C(C(NC2C(N3CCOCC3)CCCC2)=O)C=C1,0.007389181526377797
CC1OC(CCC(N2CC/C(=C\C3=C(Cl)C=CC(Cl)=C3)/CC2)=O)=NN=1,0.007163899159058929
CN(CC(C)(C)C)CC(N1C(CC(C2=CC=CC=C2)O)COCC1)=O,0.007440930884331465
CC1OC(CCC(N2C(CC(C3=CC=CC=C3)O)COCC2)=O)=NN=1,0.0038572985678911207
OC(C1=CC=CC=C1)CC1N(C(C2=C(O)C=CC(N3C=NC=C3)=C2)=O)CCOC1,0.001837603299645707
NC(C1=NC=CC(OC2CCN(C(C3=C(C(F)F)C=CS3)=O)CC2)=C1)=O,0.004329062555916608
CCC1N(C(C2=C(O)C=CC(N3C=NC=C3)=C2)=O)C(C)CC1,0.004362392844632268
CCC1N(C(CCN2C(=O)NC(=O)C(C#N)=C2)=O)C(C)CC1,0.0035207609296776356
COC(C1=CC=C(OC)C=C1)C(NC(C1=C2C(OCC(N2)=O)=CC=C1)=O)C,0.009211784275248647
FC(C1C(C(NC2C3=C(SC=C3)CCC2)=O)CS(=O)(=O)C1)(F)F,0.004574389553090441
NC1N(C2=CC(C(NC3C4=C(SC=C4)CCC3)=O)=CC=C2)N=NN=1,0.0044356012949720025
CN(C(C1=C(NC(C2C(=O)N(C)CCCC2)=O)C=CC(F)=C1)=O)C,0.0072011372307315465
COC1=CC=C(CN2C(C(NC3=C(C(N(C)C)=O)C=C(F)C=C3)=O)CC2)C=C1,0.006288849888369441
CN(C(C1=C(NC(CC2CCN(CC(F)F)CC2)=O)C=CC(F)=C1)=O)C,0.0057192346779629585
CN(C(C1=C(NC(C2C3=C(CCC(C3)(C)C)ON=2)=O)C=CC(F)=C1)=O)C,0.010230219271034003
CN1[C@H](C(NC2=CN=CN=C2)=O)CCCC1,0.005155131674837321
FC(C1C=C(C(N2CC(C3=CC(Cl)=CC=C3)OCC2)=O)C(=O)NC=1)(F)F,0.0027840259892400352
FC(C1=CC=C(C2CN(C(C3=C4C(OCC(N4)=O)=CC=C3)=O)CC2)C=C1)(F)F,0.006458063959144056
FC(C1=CC=C(C2CN(C(CN3C4=C(C=CC=N4)C=N3)=O)CC2)C=C1)(F)F,0.00477571840165183
COC(C(NC1CC(=O)N(CC2=C(C(F)(F)F)C=CC=C2)C1)=O)OC,0.005817902670241892
CC(C1N(CC(N2CCN(C3=NC(C(C)C)=CC=N3)CC2)=O)C=CN=1)C,0.005946412822231651
CC(C(N1CCC(C(C(F)(F)F)(O)C)CC1)=O)(CN1CCOCC1)C,0.0072594689147081224
CC1=C(CNC(C2N=CN(C)C(=O)C=2)=O)C=CC(C(F)(F)F)=C1,0.004519266879651695
COC(C(NC1N(C2CC2)C(C)=NN=1)=O)OC,0.005844963225536048
CC(C1C2(CCC2)CN1C(C1=C2N(C(C3=CN=CC=C3)=CC=N2)N=C1)=O)C,0.010397737426683307
CC(C1C2(CCC2)CN1C(C1=CC(N2C(N)=NN=N2)=CC=C1)=O)C,0.005721836863085627
CC1(C(C2=CN=CC=C2)N(C(C2=NOC(C3=CC(O)=CC=C3)=C2)=O)C1)C,0.005858004908077419
CC1(C(C2=CN=CC=C2)N(C(C2=C3C(OCC(N3)=O)=CC=C2)=O)C1)C,0.008251258521340787
CCC(C(C(N1C(C2=CN=CC=C2)C(C)(C)C1)=O)O)(C)C,0.00717985974624753
CN1C(=O)C=C(C(N(C2CC2)CC2=C(F)C=C(C(N)=O)C=C2)=O)N=C1,0.0065358478343114255
CCC1N(C(CCCC2NN=NN=2)=O)CCN(CC)C1,0.003599261702038348
CCC1N(C(COC2C(N3CCOCC3)=NSN=2)=O)CCN(CC)C1,0.008334373915567994
CCC1N(C(C2=C(N)C3=C(N=CC=C3)S2)=O)CCN(CC)C1,0.003953332942910492
CCC1N(C(C2=CC(N3C(N)=NN=N3)=CC=C2)=O)CCN(CC)C1,0.00392544869100675
CC1N2C(=NC=C2)C(NC(C2N(C3=NC=CC=N3)CCC2)=O)C1,0.005029011680744588
CC1N2C(=NC=C2)C(NC(C2(C(=O)N(C)CC2)C)=O)C1,0.006011593504808843
CC(CC(N1C=NC=C1)C(NC1C2N(C=CN=2)C(C)C1)=O)C,0.007054982613772154
FC1=CC=C(CC2(NC(C3=C4C(OCC(N4)=O)=CC=C3)=O)CC2)C=C1,0.007627358543686569
CO[C@H]1[C@H](O)CN(C(C2=C3C(OCC(N3)=O)=CC=C2)=O)C1,0.0028937017486896366
CO[C@H]1[C@H](O)CN(C(C2C(=O)N(C)CCCC2)=O)C1,0.0034273096185643225
CO[C@H]1[C@H](O)CN(C(C2=C(O)C=CC(N3C=NC=C3)=C2)=O)C1,0.0009504513975116425
CO[C@H]1[C@H](O)CN(C(C2=NOC(C3=CC(O)=CC=C3)=C2)=O)C1,0.0015678335417760535
CO[C@H]1[C@H](O)CN(C(CN2C(C(C)C)=NC=C2)=O)C1,0.0014645935167209244
CN(CCN1C2=C(C=CC(C(N3CCC(C)(C)S(=O)CC3)=O)=C2)NC1=O)C,0.003711681196000427
CC1(S(=O)CCN(C(C2N(C3=NC=CC=N3)CCC2)=O)CC1)C,0.008628491358831526
COC1=C2C(CC(NC(CC3CNC(=O)CC3)=O)CO2)=CC=C1,0.00827504531480372
COC1=C2C(CC(NC(CC3=NC=C(F)C=C3)=O)CO2)=CC=C1,0.006301261833868921
COC1=C(NCC2N=NN(CC3COCC3)C=2)N=C(C)C=C1,0.008018334349617361
CCN1C2=C(C=C(C=C2)F)N=C1NCC1N=NN(CC2COCC2)C=1,0.0038587042596191167
CN1C2=C(C=C(C=C2)F)N=C1NCC1N=NN(CC2COCC2)C=1,0.0035318926093168557
N#CCCCOC1=C(NCC2N=NN(CC3COCC3)C=2)N=CC=C1,0.004242238224833272
FC1=CC=C(OC2=CN=C(NCC3N=NN(CC4COCC4)C=3)C=C2)C=C1,0.005661805486306548
CCCNC(C1=CC=C(NCC2SC=C(C(C)(C)C)N=2)C=C1)=O,0.00717132086865604
CC(NC(C1=CC=C(NCC2=CN=C(C(F)F)C=C2)C=C1)=O)CO,0.0024038964766077697
CN(C(C1=C(C)C=C(NCC2N(C)N=C3C=2CCCC3)C=C1)=O)C,0.012138296756893397
CN(C(C1=C(C)C=C(NCC2N(CC3CCC3)N=CC=2)C=C1)=O)C,0.010367089509963989
CN1C(CNC2=CC(F)=C(C(N3CCOCC3)=O)C=C2)=C2C(CCCC2)=N1,0.00784391665365547
ClC1SC(C2=CN=C(NCC3N=NN(CC4COCC4)C=3)C=C2)=CC=1,0.005469007953070104
FC1=CC(NCC2N=NN(CC3COCC3)C=2)=CN=C1,0.0051715943263843656
CN1N=CC(C2=C(C(N3C[C@]4(C)[C@](CNC4)(C)C3)=O)C=CC=N2)=C1,0.007992920069955289
CC1=CC(C(N[C@@]23CCO[C@@H]2CCC3)=O)=CN=C1,0.010177114605903625
O=C(N[C@@]12CCO[C@@H]1CCC2)CN1C(=O)C2C(C3OC2CC3)C1=O,0.006364621547982096
CC(C1=NC(O)=CC(C(NC2CC(C)(C)CNCC2)=O)=C1)C,0.008836589707061648
CC1(CC(NC(C2C(C3=CSC=C3)=NNC=2)=O)CCNC1)C,0.005901433154940605
CC1(CC(NC(C2=C(COC3CCOCC3)C=CC=C2)=O)CCNC1)C,0.013028562115505338
CCCN1C(C(NC2CC(C)(C)CNCC2)=O)=CC=N1,0.010825291741639376
CC1(CC(NC(CCC2CNCCC2)=O)CCNC1)C,0.012105849664658308
CC1(CC(NC(C2(NCCC2)CC=C)=O)CCNC1)C,0.012471829354763032
COC1=CC(CC(C(NC2CC(C)(C)CNCC2)=O)N)=CC=C1,0.012062914995476603
COC1=C(OC)C(C(N2CC3=C(N=CC=C3)N(C)CC2)=O)=CC=C1,0.008980920957401394
COC1=CC(C(N2CC3=C(N=CC=C3)N(C)CC2)=O)=CC(OC)=C1,0.008123576617799699
CN1C2=C(C=CC=N2)CN(C(COC2=C(OCC(F)(F)F)C=CC=C2)=O)CC1,0.006033800775185227
CN(C(C1=CC=C(C(N2CC3=C(N=CC=C3)N(C)CC2)=O)C=C1)=O)C,0.008180311671458185
NC1=NC(C(F)F)=NC(NCCN2CCOCCC2)=N1,0.003298926691059023
NC1=NC(C(F)F)=NC(N[C@@H](CC2=CC=CC=C2)CO)=N1,0.0014484020764939487
NC1=NC(N2CCC(C3OCCC3)CC2)=NC(C(F)F)=N1,0.00424239719286561
CC1C(CO)N(C2=NC(N3C(CO)C(C)CC3)=C(Br)C=N2)CC1,0.007284952187910676
CCOCN1C(C)=C(CC(NC(CC2=CC=CC=C2)CC)=O)C(C)=N1,0.009316565981134773
CCCC(NC(C1C(=O)NCCC1)=O)CC1=CC=CC=C1,0.008769202139228582
CCCCC1C(NC(C2N(C)C(=O)NC=2)=O)CCC1,0.004812026338186115
CC(CCC1C(NC(CCC2N=NNC=2)=O)CCC1)C,0.007866990007460117
CCOCN1C(C)=C(CC(NC2C(CCC(C)C)CCC2)=O)C(C)=N1,0.013141186535358429
CC(CCC1C(NC(CCC2=NNN=N2)=O)CCC1)C,0.006655415031127631
CN1C2=C(C=CC=C2)CN(C(C2N(C)C(=O)NC=2)=O)CC1,0.003333853813819587
CN1N=CC(C(NCC2=CC3=C(OC(N3C)=O)C=C2)CO)=C1,0.002534531557466835
CC1C(C(NCC2=CC(CS(C)(=O)=O)=CC=C2)=O)=CON=1,0.00543229456525296
O=C(C1=CN(CC2CC2)N=C1)NC(C(N1CCCC1)=O)CC1=CC=CC=C1,0.008818009961396455
O=C(C1N2C(C=CC=C2)=CN=1)NOC1OCCCC1,0.0009332823276054115
O=C([C@@]12CCO[C@@H]1CCC2)NOC1OCCCC1,0.0036292150267399847
COCCN1N=CC(C(NOC2OCCCC2)=O)=C1,0.0017699387914035468
O=C(NOC1OCCCC1)CC1=C2N(CCCC2)N=C1,0.002130279457196593
CC(C1=C(C(NOC2OCCCC2)=O)NC=N1)(C)C,0.0009023498714668676
O=C(C1(C2=NC=CC=C2)CC1)NOC1OCCCC1,0.00228598351823166
CC1CC2N(C=C(C(NOC3OCCCC3)=O)N=2)CC1,0.0015129020641325042
CC1C(C(NOC2OCCCC2)=O)=NN(C2CCOCC2)C=1,0.002100009395508096
O=C(NOC1OCCCC1)CCC1N=NNC=1,0.0009935666414094158
CN(CCN1N=CC(C(NOC2OCCCC2)=O)=C1)C,0.0017946090432815255
CON1CCC(C(NCC2=C(C(F)(F)F)C=C(OC)C=C2)=O)CC1,0.0012792364257620647
CCN(C(C1=NC=NC(N2CCOCC2)=C1)=O)CC1=COC=C1,0.0062476266641169785
CCN(C(C1=C(C(F)(F)F)C=NN1)=O)CC1=COC=C1,0.0032444095995742828
CCN(C(CC1=C2N(CCCC2)N=C1)=O)CC1=COC=C1,0.013015184877440333
CCN(C(C1N(C)C(=O)NC=1)=O)CC1=COC=C1,0.0033848520019091667
CCN(C(C1C(C)=NOC=1)=O)CC1=COC=C1,0.0115063960198313
CCN1C(C)=C(C(NC2=CC3=C(OC(N3C)=O)C=C2)=O)C=N1,0.004548262397293001
CC(C(NC1=CC2=C(OC(N2C)=O)C=C1)=O)OCC1=CC(C)=CC=C1,0.005552933481521904
CCOCN1C(C)=C(CC(C(NC2=CC3=C(OC(N3C)=O)C=C2)=O)C)C(C)=N1,0.00540743776364252
CC1=C(C(NCC2=CC(OCC(F)F)=CC=C2)=O)SC(C2COCC2)=N1,0.005211586388759315
FC(COC1=CC(CNC(CCC2N=NNC=2)=O)=CC=C1)F,0.002353910496458411
CN1C(=O)NC=C1C(NCC1=CC(OCC(F)F)=CC=C1)=O,0.0023152197303716094
CC1C(C(NCC2=CC(OCC(F)F)=CC=C2)=O)=CON=1,0.005295777460560203
CNC(C1=C(NC(C2C(C)OC(C)C2)=O)C=CC(OC)=C1)=O,0.00872426014393568
CNC(C1=C(NC(C2=CN(CC3CCCC3)N=C2)=O)C=CC(OC)=C1)=O,0.008351588225923478
CNC(C1=C(NC(C2=C(COC)SC=C2)=O)C=CC(OC)=C1)=O,0.006167453736998141
CC(C1SC=C(CCNC(C2C(C)=CON=2)=O)N=1)C,0.00694540364202112
CCN1N=C(C2CC2)C(C(NCCC2N=C(C(C)C)SC=2)=O)=C1,0.008968544937670232
CC(C1SC=C(CCNC(C2=CN(CC3CC3)N=C2)=O)N=1)C,0.008996643638238312
CC(C1SC=C(CCNC([C@H]2[C@H](C3CCOCC3)C2)=O)N=1)C,0.009417462383862586
CC(C1SC=C(CCNC(C2N3C(C=CC=C3)=CN=2)=O)N=1)C,0.003964980610180646
COC1=C(C(NCCC2N=C(C(C)C)SC=2)=O)N=CC=C1,0.006673973565921187
BrC1=CC=C(CN2C(NC(C3C(=O)NCCC3)=O)=CC=N2)C=C1,0.005832278239540756
CN1C(=O)NC=C1C(NC1N(CC2=CC=CC=C2)N=C(C(C)(C)C)C=1)=O,0.00309713832102716
CC1C(C(NC2N(CC3=CC=CC=C3)N=C(C(C)(C)C)C=2)=O)=NOC=1,0.007700007827952504
CCCC1=CC=C(C2=NN(CCO)C(NC(C3C(C)=NOC=3)=O)=C2)C=C1,0.003491542360279709
CC1=CC=C(CN2C(NC([C@@]34CCO[C@@H]3CCC4)=O)=CC=N2)C=C1,0.008061246341094374
CC1OC(C)C(C(NC2=C(OC3=CN=CC=C3)N(C)N=C2C)=O)C1,0.00658450189512223
COC1=C(C(NC2=CN(CC(N(C)C)=O)N=C2)=O)C(OC)=NC=C1,0.006486567948013544
CN(C(CN1N=CC(NC(C2=C(C)N=C(C3COCC3)S2)=O)=C1)=O)C,0.005438860389403999
CC[C@H]1N(C)CC[C@@H]1C(NC1=CN(CC(N(C)C)=O)N=C1)=O,0.007443454302847386
CN(C(CN1N=CC(NC(C2=C(C(C)(C)C)N=CN2)=O)=C1)=O)C,0.002918529132148251
CN(C(CN1N=CC(NC(C2(C3=NC=CC=C3)CC2)=O)=C1)=O)C,0.007463382044807077
CC1CC2N(C=C(C(NC3=CN(CC(N(C)C)=O)N=C3)=O)N=2)CC1,0.004908068582881242
CCOCN1C(C)=C(CC(C(NC2=CN(CC(N(C)C)=O)N=C2)=O)C)C(C)=N1,0.008406165568158031
CCN1N=C(C2CC2)C(C(NC2=CN(CC(N(C)C)=O)N=C2)=O)=C1,0.007184169068932533
CC1(C(NC2SC=C(C3NC=CC=3)N=2)=O)CC(=C)C1,0.0057193856220692394
COC1=CC=C(CN(C(C2C(C(F)(F)F)CS(=O)(=O)C2)=O)C)C=C1,0.005896071448296425
FC(C1C(C(N2CCN(CC3=CSC=C3)CC2)=O)CS(=O)(=O)C1)(F)F,0.004149759676511167
CC1(NC(C2=CC(NCC3=NC=CC=C3)=CC=C2)=O)CS(=O)(=O)CC1,0.005419977894052863
CC1(NC(CC2CCN(CC(F)(F)F)CC2)=O)CS(=O)(=O)CC1,0.00458481893147109
CN1[C@H](C(NCC2N3C(CCCCC3)=NN=2)=O)CCCC1,0.00811548288911581
O=C(C1(NC2=CC=CC=C2)CC1)NCC1N2C(CCCCC2)=NN=1,0.00809348204638809
CCC(C(NC1=CC(CNC(C(OC)OC)=O)=CC=C1)=O)C,0.009471891121938825
CCC(NC(C1=CC(CNC(C2=C(C(F)F)C=CS2)=O)=CC=C1)=O)C,0.005208952468819916
CCC(NC(C1=CC(CNC(C2=CC3N(C=C(N=3)C)C=C2)=O)=CC=C1)=O)C,0.00527698912192136
CCC(NC(C1=CC(CNC(C2=C3C(OCC(N3)=O)=CC=C2)=O)=CC=C1)=O)C,0.008956081373617053
CN(C(CC1=CC=C(NC(C2(C(=O)N(C)CC2)CC2=CC=CC=C2)=O)C=C1)=O)C,0.009489520778879523
CCC(C(C(NC1=CC=C(CC(N(C)C)=O)C=C1)=O)O)(C)C,0.006665132055059075
CN(C(CC1=CC=C(NC(C2(C(=O)N(C)CC2)C)=O)C=C1)=O)C,0.009076229599304497
CN(C(CC1=CC=C(NC(C2N=CN(C)C(=O)C=2)=O)C=C1)=O)C,0.006633833353407681
FC1=C2C(C=CC=N2)=CC(C(N2CC(C(NCC3CC3)=O)CCC2)=O)=C1,0.005671956879086793
OC1=C(C(N2CC(C(NCC3CC3)=O)CCC2)=O)C=C(N2C=NC=C2)C=C1,0.0030560157960280777
O=C(N1CC(C(NCC2CC2)=O)CCC1)CC1=C2C(C=CC=C2)=CN=C1,0.0071414401289075615
CCN1N=C(C2CC2)C(C(NCC2=CC3=C(OCCCO3)C=C2)=O)=C1,0.010366477118805052
O=C(C1(C2=C3C(C=CC=C3)=CC=N2)CC1)NCC1=CC2=C(OCCCO2)C=C1,0.009422117099165916
CN(C(C1=C(C(F)(F)F)N=CO1)=O)CCCC1ON=C(C2=CC=CC=C2)C=1,0.004703427804633975
CCC1NC(CC(NCCC2SC(C)=C(C3=CC=CC=C3)N=2)=O)=NC=1,0.0032734177075326443
COC(C(N1C[C@@H]2[C@@H](CCCN2C(C(OC)OC)=O)C1)=O)OC,0.011836848547682166
CN(CCN1C2=C(C=CC(C(NC3C4=C(C=CC=C4)CC3O)=O)=C2)NC1=O)C,0.002400052855955437
OC1C(NC(C2C(C(F)(F)F)CS(=O)(=O)C2)=O)C2=C(C=CC=C2)C1,0.00265703307691183
OC1C(NC(CC2CCN(CC(F)F)CC2)=O)C2=C(C=CC=C2)C1,0.0033176223863847555
CCC1=C(C(NC(C2C(=O)N(C)CCCC2)=O)C)C=CN=C1,0.00990735348314047
CCC1=C(C(NC(C2N(CC3=CC=C(OC)C=C3)CC2)=O)C)C=CN=C1,0.009109408129006624
CCC1=C(C(NC(C2C(C(F)(F)F)CS(=O)(=O)C2)=O)C)C=CN=C1,0.0040465501669132205
CCC1=C(C(NC(CNC2=CC=C(S(C)(=O)=O)C=C2)=O)C)C=CN=C1,0.005355346319265664
CCC1=C(C(NC(CN2C(C3CC3)=CC(C(F)F)=N2)=O)C)C=CN=C1,0.005578874051570893
O=C(C1(NC2=CC=CC=C2)CC1)N1CCC2(CCOCC2)OCC1,0.010899596987292171
O=C(C1=C2C(OCC(N2)=O)=CC=C1)N1CCC2(CCOCC2)OCC1,0.010006691701710224
CN1C(=O)C(C(N2CCC3(CCOCC3)OCC2)=O)(C)CC1,0.015797504968941212
NC1C2=C(N=CC=C2)SC=1C(N1CCC2(CCOCC2)OCC1)=O,0.004788407473824918
CC1(CC2=C(ON=C2C(N2CCC3(CCOCC3)OCC2)=O)CC1)C,0.017566996440291405
CN1C(=O)C=C(C(N2CCC(CC3=CC(F)=C(F)C=C3)CC2)=O)N=C1,0.007699078787118197
CCC1OC(CNC(CC2CCN(CC(F)F)CC2)=O)=NC=1,0.004029857635032386
CCC1OC(CNC(C2=C3C(OCC(N3)=O)=CC=C2)=O)=NC=1,0.00461460817605257
COC1=CC=C(CN2C(C(N3C(C(N)=O)C4C(CCC4)C3)=O)CC2)C=C1,0.009895036881789564
FC(C1=CC(CC2CN(C(C3=C4C(OCC(N4)=O)=CC=C3)=O)C2)=CC=C1)(F)F,0.006745407078415156
COC1=CC=C(CN2C(C(NC3=C(F)C(F)=C(O)C=C3)=O)CC2)C=C1,0.004039903962984681
COC(C(NC1=C(F)C(F)=C(O)C=C1)=O)OC,0.005382296093739569
CC1C(=O)N(CCN(C)C)CN1C(C1(NC2=CC=CC=C2)CC1)=O,0.010189592791721224
CC1C(=O)N(CCN(C)C)CN1C(C1=CC(NCC2=NC=CC=C2)=CC=C1)=O,0.007580757583491504
CC1C(=O)N(CCN(C)C)CN1C(C1=C(O)C=CC(N2C=NC=C2)=C1)=O,0.003713526367209852
COC(C(N1C(C)C(=O)N(CCN(C)C)C1)=O)OC,0.013010738696902991
CC1C(=O)N(CCN(C)C)CN1C(C1=C(N)C2=C(N=CC=C2)S1)=O,0.0039858280448243025
FC(C1C=C(C(N2C(C3CCC3)COCC2)=O)C(=O)NC=1)(F)F,0.004008516145404428
O=C(C1=C2C(OCC(N2)=O)=CC=C1)N1C(C2CCC2)COCC1,0.009691244922578335
CC1(C#N)CN(C(C2=C(C(F)(F)F)N=CO2)=O)CC1,0.0033870832838204024
CC1(C#N)CN(C(C2=C(O)C=CC(N3C=NC=C3)=C2)=O)CC1,0.0023334938391712965
CC1(C#N)CN(C(C2=NOC(C3=CC(O)=CC=C3)=C2)=O)CC1,0.003458042299553199
CN(CCN1C2=C(C=CC(C(N3CC(C#N)(C)CC3)=O)=C2)NC1=O)C,0.0023234674598825223
CC(C1N(CC(N2CC(C#N)(C)CC2)=O)C=CN=1)C,0.004323424991542879
CC1(C#N)CN(C(C2=C(F)C=NC=C2F)=O)CC1,0.005752480014973571
CC1(C#N)CN(C(CN2C3=C(C=CC=N3)C=N2)=O)CC1,0.005124817090393208
CC1(C#N)CN(C(C2C3=C(CCC(C3)(C)C)ON=2)=O)CC1,0.009847230468744783
CCC1NC(CC(NCCC2C3=C(C=C(C(=C3)Cl)F)NC=2)=O)=NC=1,0.0023687216045800595
CN1C(=O)C(C(NCCC2C3=C(C=C(C(=C3)Cl)F)NC=2)=O)(C)CC1,0.003812941326759756
CCNC(C1=C2C(C=CC=C2)=NC(NCC2N=NN(CC3COCC3)C=2)=C1)=O,0.005044303741306067
CC1=C(C(N2C[C@]3(C)[C@](CNC3)(C)C2)=O)C=NC=N1,0.008102674898691476
CC1C(Cl)=C(C)N(CC(N2C[C@]3(C)[C@](CNC3)(C)C2)=O)N=1,0.008524716785177588
C[C@]12CN(C(CN3C(=O)C=CC=C3)=O)C[C@@]1(C)CNC2,0.007517824810929596
COC1=C(NCCC(N[C@@]23CCO[C@@H]2CCC3)=O)C=C(Cl)C=C1,0.007523111230693757
CC1(CC(NC(C2N=C(C3=NC=CC=C3)SC=2)=O)CCNC1)C,0.006677587144076824
CC1(CC(NC(C2C3=C(C=CC(=C3)Br)OC2)=O)CCNC1)C,0.012302911188453437
COC1=CC(OC(F)F)=C(C(NC2CC(C)(C)CNCC2)=O)C=C1,0.007545143761672079
CC1N(C2=CC=C(C)C=C2)N=C(C(NC2CC(C)(C)CNCC2)=O)C=1,0.009756460739299654
CCC1=C(S(C)(=O)=O)C=C(C(NC2CC(C)(C)CNCC2)=O)C=C1,0.008270074566826224
CC1C(C(NC2CC(C)(C)CNCC2)=O)=C(N2N=CC=C2)N(C)N=1,0.007296746387146414
CC(C1=CN=CC=C1)(C(NC1CC(C)(C)CNCC1)=O)C,0.010433465754613281
O=C(C1N=C(C2OCCC2)SC=1)N[C@@]12CCO[C@@H]1CCC2,0.009029465168714524
CCN1N=C(C)C(C(NC2CC(C)(C)CNCC2)=O)=C1,0.01105917920358479
O=C(C1=CC=C(C(N[C@@]23CCO[C@@H]2CCC3)=O)C=C1)NC1=CC=CC=C1,0.008504513977095484
CC1C(C(F)(F)F)=NN(CC(NC2CC(C)(C)CNCC2)=O)C=1,0.006083226739428937
CC1(CC(NC(C2=C(Cl)C=CC(N)=C2)=O)CCNC1)C,0.007792756031267345
CN1C2=C(C=CC=N2)CN(C(CNS(C2=CC=C(C)C=C2)(=O)=O)=O)CC1,0.003982710931450128
CN(S(C1=CC=C(C(N2CC3=C(N=CC=C3)N(C)CC2)=O)C=C1)(=O)=O)C,0.004991051857359707
CN1C2=C(C=CC=N2)CN(C(COC2=C(C#N)C=CC=C2)=O)CC1,0.006164452305529267
CN1C2=C(C=CC=N2)CN(C(C2=CC(C3=CN(C)N=C3)=CN=C2)=O)CC1,0.008563770120963455
CN1C2=C(C=CC=N2)CN(C(C2=CNC=C2)=O)CC1,0.004148832685314119
CN1C2=C(C=CC=N2)CN(C(CN2C3=C(C=CC=C3)CCC2=O)=O)CC1,0.008048671553842724
COCCOC1=CC=C(C(N2CC3=C(N=CC=C3)N(C)CC2)=O)C=C1,0.007113525783643127
CN(CC1C2=C(C=CC=C2)OC=1C(N1CC2=C(N=CC=C2)N(C)CC1)=O)C,0.00885373754426837
CCS(NC1=C(C(N2CC3=C(N=CC=C3)N(C)CC2)=O)C=CC=C1)(=O)=O,0.004011017724405974
CN1C2=C(C=CC=N2)CN(C(C2N(C(CC(C)(C)C)=O)CCC2)=O)CC1,0.00954985322896391
CCC1N(C2=CC=CC=C2)N=C(C(N2CC3=C(N=CC=C3)N(C)CC2)=O)N=1,0.005782864429056645
CN1C2=C(C=CC=N2)CN(C(C2C(C)=C(C)NN=2)=O)CC1,0.0045987291960045695
CN1C2=C(C=CC=N2)CN(C(C2N=C(NC3CC3)SC=2)=O)CC1,0.006270587909966707
CN1C2=C(C=CC=N2)CN(C(C2C3N(C=CN=3)C=CN=2)=O)CC1,0.005576528399251402
CN1C2=C(C=CC=N2)CN(C(C2=CC(OCC(F)(F)F)=NC=C2)=O)CC1,0.004818675783462822
CN1C2=C(C=CC=N2)CN(C(C2=C3N(C=CC=C3)C(C)=N2)=O)CC1,0.006329557881690562
CN1C2=C(C=CC=N2)CN(C(C2=CC(C3=CN(C)N=C3)=CC=C2)=O)CC1,0.008112054876983165
CN1C2=C(C=CC=N2)CN(C(C2=C(C3=CC4=C(OCCO4)C=C3)OC=N2)=O)CC1,0.006463796645402908
OC1(CCN(C2=NC=NC(C3=CC(Cl)=CC=C3)=C2)CC1)CC1=CC=NC=C1,0.006852585519663989
CCN1C(CNC2=NC=NC(C3=CC(Cl)=CC=C3)=C2)=C(C)N=N1,0.0050569360260851685
CC1OCC(NC2=NC(NC3CC(C)OC3)=C(Br)C=N2)C1,0.01009555016644299
CC1N(CCO)C2=C(CC(NC3=NC=NC(C4=CC(Cl)=CC=C4)=C3)CC2)N=1,0.002984215848846361
CN1C(C2N(C3=NC=NC(C4=CC(Cl)=CC=C4)=C3)CCOC2)=CC=N1,0.0069695200305432085
C(C1OC2(CCCCC2)OC1)NCC1=NOC=C1,0.01562790563330054
O=S1(CC2(OCCC(NC3CCC4=C(C=CC=C4)CC3)C2)CC1)=O,0.014287363225594162
CCC1SC=C(CCNC(C2=NN3C(N=CC=C3)=C2)=O)N=1,0.006152400118298829
CCC1SC=C(CCNC(C2=C(C(C)(C)C)N=CN2)=O)N=1,0.003727229533251375
CCC1SC=C(CCNC(C2N(C)C(=O)NC=2)=O)N=1,0.0025165677070617676
CCC1SC=C(CCNC(C2OC(C)=C(CO)C=2)=O)N=1,0.0034133141511119903
CCC1SC=C(CCNC(C2=C(OC)C=CC=N2)=O)N=1,0.006413021287880838
CC1=NC(C(N2CCC(CN)CC2)=O)=NC(C(F)(F)F)=C1,0.004350155324209482
CCN(C(CN1C(C2CC2)=CC(C(F)F)=N1)=O)CC1=CC2=C(OCO2)C=C1,0.0072471681516617535
CCN(C(C1(NC2=CC=CC=C2)CC1)=O)CC1=CC2=C(OCO2)C=C1,0.009936748817563058
CCN(C(C1C(=O)N(C)CCCC1)=O)CC1=CC2=C(OCO2)C=C1,0.011641231831163168
CCN(C(CC1NC(CC)=CN=1)=O)CC1=CC2=C(OCO2)C=C1,0.004531694785691797
CCN(C(C1=C(C(F)(F)F)N=CO1)=O)CC1=CC2=C(OCO2)C=C1,0.005033790913876146
O=C(NCCC1C2CC(CC2)C1)CN1C2=C(C=CC=N2)C=N1,0.00989332445897162
CC1=C(C(NCC2C3CC(CC3)C2)=O)N=CN1,0.0060155913699418305
O=C(NCC1C2CC(CC2)C1)CN1C2=C(C=CC=N2)C=N1,0.009145653480663896
CCN(C(CC1NC(CC)=CN=1)=O)CC1OC2=C(C=CC=C2)OC1,0.005074741505086422
CCN(C(C1C(=O)N(C)CCCC1)=O)CC1OC2=C(C=CC=C2)OC1,0.013329508295282722
CCC1ON=C(CN2CCN(C(C(C(CC)(C)C)O)=O)CC2)N=1,0.005080709629692137
CCC1ON=C(CN2CCN(C(CC3=C4C(C=CC=C4)=CN=C3)=O)CC2)N=1,0.007817503903061152
CCC1ON=C(CN2CCN(C(C3=CC4N(C=C(N=4)C)C=C3)=O)CC2)N=1,0.0054200450074858965
CCC1ON=C(CN2CCN(C(C3(C(=O)N(C)CC3)C)=O)CC2)N=1,0.010451505472883583
CCC1ON=C(CN2CCN(C(C3C4=C(CCC(C4)(C)C)ON=3)=O)CC2)N=1,0.012176495231688022
CC(C(N1CC(C2NN=NN=2)OCC1)=O)(CN1CCOCC1)C,0.004504240863025188
O=C(N1CC(C2NN=NN=2)OCC1)CC1=C2C(C=CC=C2)=CN=C1,0.00252521934453398
CN1[C@H](C(NCCC2SC=C(C3=NC=CC=C3)N=2)=O)CCCC1,0.005443298164755106
CCC1NC(CC(N(CC2NC=CN=2)C)=O)=NC=1,0.002932816027896479
CN(C(CNC1=CC=C(S(C)(=O)=O)C=C1)=O)CC1NC=CN=1,0.0021352035109885037
CCC1NC(CC(NCC2N=C3N(C=CC=C3C)C=2)=O)=NC=1,0.002897799469064921
CN1C(=O)C(C(NCC2N=C3N(C=CC=C3C)C=2)=O)(C)CC1,0.005201786255929619
C[C@H](C(N1CC(CS(N)(=O)=O)CCC1)=O)N(C)C,0.005779737676493824
CC(C(N1CC(CS(N)(=O)=O)CCC1)=O)(CN1CCOCC1)C,0.006631123321130872
CC1N=C2N(C=CC(C(N3CC(CS(N)(=O)=O)CCC3)=O)=C2)C=1,0.003333944419864565
CNC1=C(F)C=C(C(N2CC(CS(N)(=O)=O)CCC2)=O)C=C1,0.003544629516545683
COC(C(NC1=CC(C2OC(C)=NN=2)=CC=C1)=O)OC,0.004910372127778828
CC1N(C(CCC2OC(C)=NN=2)=O)CC(C2=C(C)C=CC=C2)OC1,0.008382214000448585
CC(NC(C1C(=O)N(C)CCCC1)=O)CCC1N(C)C=CC=1,0.010599734727293253
O=C(N1CC2(CCCCC2)OCC1)CN1C2=C(C=CC=N2)C=N1,0.008462356077507139
CCC1NC(CC(NC2C3(OCCO3)CCCC2)=O)=NC=1,0.005617746314965188
CC1OC(CCC(NC2C3(OCCO3)CCCC2)=O)=NN=1,0.010280878702178597
CC(C1N(CC(NC2C3(OCCO3)CCCC2)=O)C=CN=1)C,0.0076525645097717645
OC1=CC(C2ON=C(C(NC3C4(OCCO4)CCCC3)=O)C=2)=CC=C1,0.0062048967694863675
O=C(NC1C2(OCCO2)CCCC1)COC1C(N2CCOCC2)=NSN=1,0.008572767488658428
O=C(NC1C2(OCCO2)CCCC1)CN1CCCC1,0.016582512483000755
FC(CN1N=C(NC(CN2CCCC2)=O)C=C1)(F)F,0.0037596007983665912
CS(C1=CC=C(NCC(NC2=NN(CC(F)(F)F)C=C2)=O)C=C1)(=O)=O,0.0027932819473790007
CN1C(=O)C(C(NC2=NN(CC(F)(F)F)C=C2)=O)CCCC1,0.004586169112008065
CC(C1N(CC(NC2=NN(CC(F)(F)F)C=C2)=O)C=CN=1)C,0.0022692042868584393
CCCCOC1=NC=C(NC(C(OC)OC)=O)C=C1,0.006644406751729548
O=C(C1(NC2=CC=CC=C2)CC1)N1CC2C(=NNC(C=2)=O)CC1,0.003925730811897665
CCC1N(C(C2=NOC(C3=CC(O)=CC=C3)=C2)=O)CCC1C,0.00651981788687408
CCC1N(C(C2N=CN(C)C(=O)C=2)=O)CCC1C,0.009818573854863644
CCOC1=CC2=C(OCCC2NC(C2=C(F)C=NC=C2F)=O)C=C1,0.006923474441282451
CCOC1=CC2=C(OCCC2NC(CN2C(C(C)C)=NC=C2)=O)C=C1,0.006449936446733773
CCOC1=CC2=C(OCCC2NC(C2N(C3CCCC3)CC2)=O)C=C1,0.011105167539790272
FC1=C(C(NCC2=CC(F)=C(N3S(=O)(=O)CCC3)C=C2)=O)C(F)=CN=C1,0.003971477062441409
CNC1=C(F)C=C(C(NCC2=CC(F)=C(N3S(=O)(=O)CCC3)C=C2)=O)C=C1,0.004110771825071424
OC1=CC(C2ON=C(C(N3CCC(C4N5C(CCCC5)=NN=4)CC3)=O)C=2)=CC=C1,0.0045251213945448395
COCC1CCN(C(C2=CC(NCC3=NC=CC=C3)=CC=C2)=O)CC=1,0.008112417394295334
COCCCOC1=C(OC)C=C(NC(C2N=CN(C)C(=O)C=2)=O)C=C1,0.006876823538914323
C[C@H](C(NC1CN2C(=CN=C2)CC1)=O)N(C)C,0.005869189533405006
CN1[C@H](C(NC2CN3C(=CN=C3)CC2)=O)CCCC1,0.005431068898178637
CN(CCN1C2=C(C=CC(C(N3CC4CC(CCC4)C3)=O)=C2)NC1=O)C,0.003974081052001565
CC1=C(CNC(CN2CCCC2)=O)SN=N1,0.007657735701650381
CC1=C(CNC(C2=C(C(F)(F)F)N=CO2)=O)SN=N1,0.0029960547224618496
C[C@H](C(NCC1=C(C)N=NS1)=O)N(C)C,0.007629259629175067
CC1=CC2=C(CCC[C@H]2NC(C2N=CN(C)C(=O)C=2)=O)C=C1,0.010896901041269303
CC1=CC2=C(CCC[C@H]2NC(C2=C(C(F)(F)F)N=CO2)=O)C=C1,0.00483176443958655
CC1N(C(CC2=C3C(C=CC=C3)=CN=C2)=O)C(C)CN(C(C(C)(C)C)=O)C1,0.010107857128605246
CCN1CCN(CC(NC(C2=CC(NCC3=NC=CC=C3)=CC=C2)=O)(C)C)CC1,0.008169466187246144
CCN1CCN(CC(NC(C2=C3C(OCC(N3)=O)=CC=C2)=O)(C)C)CC1,0.008377011632546782
CCN1CCN(CC(NC(CN2C(C3CC3)=CC(C(F)F)=N2)=O)(C)C)CC1,0.006762120872735977
CC(CC(N1C=NC=C1)C(N[C@H]1C[C@@H](C(N)=O)CC1)=O)C,0.005295263323932886
CCC(NC(C1=CC=C(NC(CC2CCN(CC(F)(F)F)CC2)=O)C=C1)=O)C,0.005464293959084899
CCC(NC(C1=CC=C(NC(CC2CCN(CC(F)F)CC2)=O)C=C1)=O)C,0.005822537373751402
CC1(CC(NC(CN2C3=C(C=CC=N3)C=N2)=O)C1)C,0.008292466751299798
CC1(CC(NC(C2=C3N(C(C4=CN=CC=C4)=CC=N3)N=C2)=O)C1)C,0.008968307496979832
CC1(CC(NC(C2=CC(NCC3=NC=CC=C3)=CC=C2)=O)C1)C,0.009544783551245929
NC1N(C2=CC(C(N3CC(CC(F)(F)F)OCC3)=O)=CC=C2)N=NN=1,0.0025076999838347545
OC1=CC(C2ON=C(C(N3CC(CC(F)(F)F)OCC3)=O)C=2)=CC=C1,0.0036786360607948152
CN(CCN1C2=C(C=CC(C(N3[C@@H]4[C@@H](CC[C@H]4O)CC3)=O)=C2)NC1=O)C,0.0015394047077279538
O[C@H]1[C@H]2[C@H](CCN2C(C2C(=O)NC=C(C(F)(F)F)C=2)=O)CC1,0.0013240419939393178
O[C@H]1[C@H]2[C@H](CCN2C(CCCC2NN=NN=2)=O)CC1,0.001395761509775184
CC(CC(N1C=NC=C1)C(N1[C@@H]2[C@@H](CC[C@H]2O)CC1)=O)C,0.0029090899712173267
CC(C1N(CC(N2[C@@H]3[C@@H](CC[C@H]3O)CC2)=O)C=CN=1)C,0.002509090176317841
CC1(CC2=C(ON=C2C(N2[C@@H]3[C@@H](CC[C@H]3O)CC2)=O)CC1)C,0.005750203505158424
O[C@H]1[C@H]2[C@H](CCN2C(CN2C3=C(C=CC=N3)C=N2)=O)CC1,0.002714241456124
COCCC1=CC(NCC2N(C)N=C3C=2CCCC3)=NC=C1,0.012001459347084164
CC1=C(NCC2N=NN(CC3COCC3)C=2)C=C(C2=CC=CC=C2)C=N1,0.007877642149105668
FC(OC1=CN=C(NCC2N=NN(CC3COCC3)C=2)C=C1)F,0.00354140104027465
C(N1N=C(C2=CC=CC=C2)N=N1)OC1CCOCC1,0.006910022627562284
O=C1N(CC2=C3C(COCC3)=CC=C2)C=C(S(N2CCCC2)(=O)=O)C=C1,0.006943889521062374
CCOC1=C(OCC2N=C(C3CC3)OC=2)C=CC(C#N)=C1,0.007968301116488875
BrC1=CC=C(C2=NN(C(C3CC3)C#N)N=N2)C=C1,0.0060645429152099695
CC1=C(S(C)(=O)=O)C=C(C(N2C[C@]3(C)[C@](CNC3)(C)C2)=O)C=C1,0.007639975659549237
C[C@]12CN(C(C3=NN(C4=C(F)C=CC=C4)C=C3)=O)C[C@@]1(C)CNC2,0.006311568827368319
C[C@]12CN(C(C3ON=C(C4=CC(F)=CC=C4)C=3)=O)C[C@@]1(C)CNC2,0.0055468395119532945
CC1N=C(CCCC(N2C[C@]3(C)[C@](CNC3)(C)C2)=O)ON=1,0.009553059563040733
C[C@]12CN(C(C3C(=O)NC(C(F)(F)F)CC3)=O)C[C@@]1(C)CNC2,0.004830431060690898
CC1=CC=C(N2N=NC(C(N3C[C@]4(C)[C@](CNC4)(C)C3)=O)=C2)C=C1,0.00772356369998306
CC1=C(F)C=C(N2C(=O)CC(C(N[C@@]34CCO[C@@H]3CCC4)=O)C2)C=C1,0.008332443097606302
O=C(C1SC=CC=1)NCC1=CC=C(C(N[C@@]23CCO[C@@H]2CCC3)=O)C=C1,0.007602647366002202
COC1=CC(COCC(NC2CC(C)(C)CNCC2)=O)=CC=C1,0.010338876536116004
CC1(CC(NC(CC2N=C(C3=CC=C(Cl)C=C3)OC=2)=O)CCNC1)C,0.00564954886212945
CC1N(CCCC(N[C@@]23CCO[C@@H]2CCC3)=O)C=CN=1,0.006338550802320242
CC1(CC(NC(C2=CC(OC3=CC=CC=C3)=NC=C2)=O)CCNC1)C,0.006799995247274637
FC1=C(NC(CCN2C3(CCOCC3)CC(=O)NCC2)=O)C=CC=C1,0.006336156860925257
OC(C1=C(F)C=C(F)C=C1)CN1C2(CCOCC2)CC(=O)NCC1,0.0027052648714743555
CC(C1OC(CN2C3(CCOCC3)CC(=O)NCC2)=NC=1)(C)C,0.0074700435623526575
COC1=CC(OC)=C(NC(CN2C3(CCOCC3)CC(=O)NCC2)=O)C=C1,0.007748416857793927
CCOC1=C(NC(CN2C3(CCOCC3)CC(=O)NCC2)=O)C=CC=C1,0.007613915810361504
O=C(NC1=CC2=C(CCC2)C=C1)CN1C2(CCOCC2)CC(=O)NCC1,0.009248863672837615
CC1CCN(C(CN2C3(CCOCC3)CC(=O)NCC2)=O)CC1,0.009607010334730149
COC1=CC=C(OCCN2C3(CCOCC3)CC(=O)NCC2)C=C1,0.009515481861308217
CN1C2=C(C=CC=N2)CN(C(C2CC(=O)N(C3CCCC3)C2)=O)CC1,0.00976180243305862
COCCOCC1=C(F)C=CC(C(N2CC3=C(N=CC=C3)N(C)CC2)=O)=C1,0.00622062822803855
CNC(C1=CC(C(N2CC3=C(N=CC=C3)N(C)CC2)=O)=CC=C1)=O,0.005791583657264709
COCC1ON=C(C(N2CC3=C(N=CC=C3)N(C)CC2)=O)C=1,0.007471459405496717
CN1C2=C(C=CC=N2)CN(C(C2=CC(F)=C(O)C(F)=C2)=O)CC1,0.004694081074558198
CN1C2=C(C=CC=N2)CN(C(CCN2C(=O)C=C(O)C=C2C)=O)CC1,0.0065785271814093
CN(S(C1OC(C)=C(C(N2CC3=C(N=CC=C3)N(C)CC2)=O)C=1)(=O)=O)C,0.005322711518965661
CCCC(CC(N1CC2=C(N=CC=C2)N(C)CC1)=O)(CCC)O,0.011763325380161404
CC(C(N1CC2=C(N=CC=C2)N(C)CC1)=O)CS(C1=CC=C(F)C=C1)(=O)=O,0.007032219716347754
CN1C2=C(C=CC=N2)CN(C(C2C(C)=NN(CC(F)(F)F)C=2)=O)CC1,0.004521930695045739
CN1C2=C(C=CC=N2)CN(C(C2C(C3=NC=CC=C3)=NOC=2C)=O)CC1,0.007768952241167426
CN1C2=C(C=CC=N2)CN(C(C2N(C)N=C3C=2CCCC3)=O)CC1,0.011157207470387221
CN1C2=C(C=CC=N2)CN(C(C2C(=O)NC(C(C)(C)C)=NC=2C)=O)CC1,0.004931996308732778
CC(C1=C(C)NN=C1C)CC(N1CC2=C(N=CC=C2)N(C)CC1)=O,0.005340952670667321
CNS(C1OC=C(C(N2CC3=C(N=CC=C3)N(C)CC2)=O)C=1)(=O)=O,0.003548497299198061
CN1C2=C(C=CC=N2)CN(C(C2N(C)C(=O)C=CC=2)=O)CC1,0.007467563427053392
CN1C2=C(C=CC=N2)CN(C(CC(C2CC2)(O)C)=O)CC1,0.01041445303708315
CN1C2=C(C=CC=N2)CN(C(CCC2=C(C)N(C)N=C2)=O)CC1,0.008855673088692128
COCC1SC(C(N2CC3=C(N=CC=C3)N(C)CC2)=O)=C(C)N=1,0.006727107265032828
C(N1N=NC=C1)C1OCCN(C2=NC=NC(C3=CC=CC=C3)=C2)C1,0.00591927170753479
NC1=NC(C(F)F)=NC(N[C@H]2C3(CCC3)[C@H](N3CCOCC3)C2)=N1,0.0044230884872376915
NC1=NC(N2CC3=C(C=C(C=C3)Br)OCC2)=NC(C(F)F)=N1,0.00467837315518409
CN1CC(CO)N(C2=C3C(C=CC=C3)=NC(C3SC=CC=3)=N2)CC1,0.003505943901836872
CN1CC(CO)N(C2=C3C(SC4=C3CCC4)=NC(C3=CN=CC=C3)=N2)CC1,0.004153811745345593
CN1CC(CO)N(C2C3=C(C=CC=C3)N3C(=CC(=N3)C)N=2)CC1,0.003992728376761079
CN1CC(CO)N(C2=C3C(SC4=C3CCCC4)=NC(C3=NC=CN=C3)=N2)CC1,0.0046666791196912525
CN1CC(CO)N(C2=C3C(CCC3)=NC(C3=NC=CC=C3)=N2)CC1,0.0044015102786943315
C[C@@H](C1=CC(F)=CN=C1)NC(NCC1C(C)=NON=1)=O,0.0031908316304907203
CC1CCC2(OC(CNCC3=NOC=C3)CO2)CC1,0.015899932011961937
CC(C1=C(C(N2CCC(OC3CCCC3)CC2)=O)NC=N1)(C)C,0.006096702790819109
COC1=C(C)C(C(N2CCC(OC3CCCC3)CC2)=O)=CN=C1,0.012352264719083905
CCOCN1C(C)=C(CC(C(N2CCC(OC3CCCC3)CC2)=O)C)C(C)=N1,0.013451418420299888
O=C(N1CCC(OC2CCCC2)CC1)CC1OC(C2=CC=CC=C2)=NN=1,0.008992675924673676
CC1=CC2=C(C(=CN2)CCNC(C2=CN(CC3CC3)N=C2)=O)C=C1,0.00667051684577018
CC1=CC2=C(C(=CN2)CCNC(C2=NC=NC(N3CCOCC3)=C2)=O)C=C1,0.003369179577566683
COC1=C(C)C(C(NCCC2C3=C(C=C(C=C3)C)NC=2)=O)=CN=C1,0.0051547359907999635
CC1OC(C)C(C(N2C3=C(C=C(S(N4CCCCC4)(=O)=O)C=C3)CC2)=O)C1,0.008028424391523004
O=C(N1C2=C(C=C(S(N3CCCCC3)(=O)=O)C=C2)CC1)C1C(=O)NCCC1,0.005679627321660519
CCN(S(C1=CC2=C(N(C(C3=C(OC)C=CC=N3)=O)CC2)C=C1)(=O)=O)CC,0.005805242713540793
CC(C1=CC=NC=C1)C(NCC(N1CCN(C2=CC(Cl)=CC=C2)CC1)=O)=O,0.005778215662576258
O=C(N1CC2=C(C=CC=C2)CC1)CNC(C1=C(CC#N)C=CC=C1)=O,0.0058359550796012625
O=C(N1CC2=C(C=CC=C2)CC1)CNC(C1=C(C2OCCC2)NN=C1)=O,0.005538244661875069
FC(C1=C(C(NCC(N2CC3=C(C=CC=C3)CC2)=O)=O)N2C(CCCC2)=N1)F,0.004385006683878601
COCC1=C(C(NCC(N2CC3=C(C=CC=C3)CC2)=O)=O)C=CS1,0.007774441177025438
COCCN1N=CC(C(NCC(N2CC3=C(C=CC=C3)CC2)=O)=O)=C1,0.00807328512892127
CC1OC(C)C(C(NCC(N2CC3=C(C=CC=C3)CC2)=O)=O)C1,0.012025910057127475
CC(C1=CC=NC=C1)C(NCC(N1CC2=C(C=CC=C2)CC1)=O)=O,0.008643622370436787
OC1=CC2=C(OCC(C(NCC(N3CC4=C(C=CC=C4)CC3)=O)=O)O2)C=C1,0.005442005931399763
COC1=C(C(NC2(C3=CC=CC=C3)CC2)=O)N=CC=C1,0.008098869724199176
CC1=C(CO)C=C(C(NC2(C3=CC=CC=C3)CC2)=O)O1,0.004800120857544244
CCOC(C(N1CCC(C2ON=C(C3=NC=CC=C3)N=2)CC1)=O)(C)C,0.007497956417500973
COCC1=C(C(N2CCC(C3ON=C(C4=NC=CC=C4)N=3)CC2)=O)C=CS1,0.0059608540963381525
CCOC1=C(OCC)C=C(C(NC(C2=C3C(OCC(N3)=O)=CC=C2)=O)C)C=C1,0.009408159647136927
CCOC1=C(OCC)C=C(C(NC([C@H](N(C)C)C)=O)C)C=C1,0.01319242399185896
CN(C(C1C2=C(CCC(C2)(C)C)ON=1)=O)CC(NC1=C(C)C=CC=C1C)=O,0.01185290738940239
CN(C(C1(NC2=CC=CC=C2)CC1)=O)CC1OC2=C(C=CC=C2)OC1,0.010452520614489914
CN(C(C1C(=O)N(C)CCCC1)=O)CC1OC2=C(C=CC=C2)OC1,0.013096048403531313
CNC1=C(F)C=C(C(N(CC2OC3=C(C=CC=C3)OC2)C)=O)C=C1,0.007852686080150306
CN(C(CCC1OC(C)=NN=1)=O)CC1OC2=C(C=CC=C2)OC1,0.010110687091946602
CN1[C@H](C(N2CCN(C(C3OCCC3)=O)CC2)=O)CCCC1,0.00912351831793785
COC1=C(C)C(C(NCCCC2ON=C(C)N=2)=O)=CN=C1,0.006545107695274055
CC1N=C(CCCNC(C2=C(F)C(F)=C(C)C=C2)=O)ON=1,0.0055976072559133176
CCN(C(C1=NC=NC(N2CCOCC2)=C1)=O)CC1=CC=C(CN(C)C)C=C1,0.007603845139965415
CCN(C(C1OC(C)=C(CO)C=1)=O)CC1=CC=C(CN(C)C)C=C1,0.006312122941017151
CCOCN1C(C)=C(CC(N(CC2=CC=C(CN(C)C)C=C2)CC)=O)C(C)=N1,0.012176571227610112
CCN1C(C)=C(C(NCC2=CC(C(NCCN(C)C)=O)=CC=C2)=O)C=N1,0.008296059933491052
CC1OC(C)C(C(NCC2=CC(C(NCCN(C)C)=O)=CC=C2)=O)C1,0.010124500654637814
CC[C@H]1N(C)CC[C@@H]1C(NCC1=CC(C(NCCN(C)C)=O)=CC=C1)=O,0.0087012333329767
CN(CCNC(C1=CC(CNC(C2(CC(=C)C2)C)=O)=CC=C1)=O)C,0.011532672774046659
FC(C1C=C(C(N2CC(C3N4C(C=CC=C4)=NN=3)CCC2)=O)C(=O)NC=1)(F)F,0.0027857353503350168
CN1C(=O)C(C(N2CC(C3N4C(C=CC=C4)=NN=3)CCC2)=O)CCCC1,0.008548121759667992
O=C(N1CC(C2N3C(C=CC=C3)=NN=2)CCC1)C1N(C2CCCC2)CC1,0.009474511817097664
O=C(N1CC(C2N3C(C=CC=C3)=NN=2)CCC1)CC1=C2C(C=CC=C2)=CN=C1,0.007260469626635313
CN1C(=O)C(C(N(CC2=CC=CC=C2)CC2OC=CC=2)=O)CCCC1,0.012799417553469538
CC1OC(CCC(N(CC2=CC=CC=C2)CC2OC=CC=2)=O)=NN=1,0.009591118758544325
CN(C(COC1C(N2CCOCC2)=NSN=1)=O)CC1=CC(F)=C(F)C=C1,0.0060439327033236625
CCN(C(CCN1C(=O)NC(=O)C(C#N)=C1)=O)C1CC1,0.003276299126446247
CCN(C(C1=CC(N2C(N)=NN=N2)=CC=C1)=O)C1CC1,0.004140692099463194
CCN(C(C1=NOC(C2=CC(O)=CC=C2)=C1)=O)C1CC1,0.005784121598117054
CCN(C(CN1C2=C(C=CC=N2)C=N1)=O)C1CC1,0.008104168204590678
CC(C1N(CC(NCC2=CN=C(C)C=C2)=O)C=CN=1)C,0.004351991077419371
CC(C1=CC2=C(NC(CC2)=O)C=C1)NC(C1=C(C(F)(F)F)N=CO1)=O,0.0037091449834406377
CC(C1=CC2=C(NC(CC2)=O)C=C1)NC(C(CN1CCOCC1)(C)C)=O,0.009199175518006086
FC1=CC=C(C2(CC2)CNC(CN2C3=C(C=CC=N3)C=N2)=O)C=C1,0.005582525581121445
CCC1NC(CC(NCC2(C3=CC=C(F)C=C3)CC2)=O)=NC=1,0.0030493187601678073
CC1=C(C(NCC2(C3=CC=C(F)C=C3)CC2)=O)N=CN1,0.0031200004916172473
CCC(C(C(NC1=CC(F)=C(OC)C=C1)=O)O)(C)C,0.0052888298407197
COC1=C(F)C=C(NC(CCC2OC(C)=NN=2)=O)C=C1,0.005210849875584245
CC1=C(CNC(CNC2=CC=C(S(C)(=O)=O)C=C2)=O)C=CO1,0.0045089312712661925
CCC(C(C(NC1=CC=C(CN2CC(C(N)=O)CCC2)C=C1)=O)O)(C)C,0.004043173184618354
NC(C1CN(CC2=CC=C(NC(C3N(C4CCCC4)CC3)=O)C=C2)CCC1)=O,0.009029608545824885
CC(C1N(CC(NC2=CC=C(CN3CC(C(N)=O)CCC3)C=C2)=O)C=CN=1)C,0.004123718675691635
CN(CC1(C(NC2=CC=C(CN3CC(C(N)=O)CCC3)C=C2)=O)CC1)C,0.008403720357455314
CN1C(=O)CC(NC(C2C3=C(CCC(C3)(C)C)ON=2)=O)C1,0.011335207102820277
CN1C(=O)CC(NC(CC2CCN(CC(F)F)CC2)=O)C1,0.005674655700568109
CN1C(=O)CC(NC(C2=CC3N(C=C(N=3)C)C=C2)=O)C1,0.003983150073327124
CN1C(=O)CC(NC(COC2C(N3CCOCC3)=NSN=2)=O)C1,0.005461481539532543
CN1C(=O)CC(NC(C2=C(C)NC=N2)=O)C1,0.0030374077381566168
CC(CC(N1C=NC=C1)C(NC1CC(=O)N(C)C1)=O)C,0.005446378327906132
CC1N=C2N(C=CC(C(N3CCC(C4NN=C(C5=CC=CC=C5)N=4)CC3)=O)=C2)C=1,0.0035160186351276936
CC1=C(C(N2CCC(C3NN=C(C4=CC=CC=C4)N=3)CC2)=O)N=CN1,0.0029272645188029855
FC(C1=C(C(N2CCC(C3NN=C(C4=CC=CC=C4)N=3)CC2)=O)OC=N1)(F)F,0.0024470827484037727
CC(CC(N1C=NC=C1)C(N1CCC(C2NN=C(C3=CC=CC=C3)N=2)CC1)=O)C,0.004213857045397162
CN1N=CC(C(NCC2CCN(C(C3(NC4=CC=CC=C4)CC3)=O)CC2)=O)=C1,0.00646861307322979
CN1C(=O)C(C(N2CCC(CNC(C3=CN(C)N=C3)=O)CC2)=O)CCCC1,0.008872496243566275
CC(CC(N1C=NC=C1)C(N1CCC(CNC(C2=CN(C)N=C2)=O)CC1)=O)C,0.005525336065329611
CNC1=C(F)C=C(C(N2CCC(CNC(C3=CN(C)N=C3)=O)CC2)=O)C=C1,0.005447532515972853
CN1C(=O)C=C(C(NC2(C3=CC=C(Cl)C=C3)CCCC2)=O)N=C1,0.008694007946178316
CC1OC(CCC(NC2(C3=CC=C(Cl)C=C3)CCCC2)=O)=NN=1,0.008446553070098162
CCCOC1CCN(C(C2C3=C(CCC(C3)(C)C)ON=2)=O)CCC1,0.018344022426754238
CCCOC1CCN(C(C2=C(N)C3=C(N=CC=C3)S2)=O)CCC1,0.004775153170339763
CCCOC1CCN(C(CCCC2NN=NN=2)=O)CCC1,0.0039416357642039655
CCCOC1CCN(C(C2C(=O)NC=C(C(F)(F)F)C=2)=O)CCC1,0.0036069169524125754
CCCOC1CCN(C(C2C(C(F)(F)F)CS(=O)(=O)C2)=O)CCC1,0.006512476638090447
CCCOC1CCN(C(C2=CC(N3C(N)=NN=N3)=CC=C2)=O)CCC1,0.004443938191980123
CCCOC1CCN(C(C2=C(C)NC=N2)=O)CCC1,0.004626058868598193
CC(NC1=CC=C(C2N=C(NC(CN3CCCC3)=O)SC=2)C=C1)=O,0.005459691816940904
COC(C(NC1SC=C(C2=CC=C(C)C=C2)N=1)=O)OC,0.006026840768754482
CN1[C@H](C(NC2SC=C(C3=NC=CC=C3)N=2)=O)CCCC1,0.00489566212054342
CC(N(C(C1N=CN(C)C(=O)C=1)=O)CC1=CC=CC=C1)C1CC1,0.00996414152905345
CCC1NC(CC(NC2SC=C(C3=C(OC)C=CC(OC)=C3)N=2)=O)=NC=1,0.0029541937983594835
C[C@H](C(NC1N(CC2OC(C)=CC=2)N=CC=1)=O)N(C)C,0.006041509099304676
CCC1NC(CC(NC2N(CC3OC(C)=CC=3)N=CC=2)=O)=NC=1,0.0031168269575573503
CC(C1=CC(N2N=CC=C2)=CC=C1)NC(C(CN1CCOCC1)(C)C)=O,0.00792845617979765
CC(COC(C1N=C(CN(C(C2=C(F)C=NC=C2F)=O)C)ON=1)C)C,0.009245608281344176
CC(COC(C1N=C(CN(C(CC2=C3C(C=CC=C3)=CN=C2)=O)C)ON=1)C)C,0.011226323386654257
COC(C(N(CC1ON=C(C(OCC(C)C)C)N=1)C)=O)OC,0.014524422818794847
CC(COC(C1N=C(CN(C(CN2CCCC2)=O)C)ON=1)C)C,0.013492393493652343
CCC1NC(CC(NCC2=CC(OCCCOC)=CC=C2)=O)=NC=1,0.0032657125033438207
FC1=C(CNC(C2(NC3=CC=CC=C3)CC2)=O)N=CC=C1,0.005496783240232617
COC(C(NCC1=C(F)C=CC=N1)=O)OC,0.005742190266028046
FC1=C(CNC(COC2C(N3CCOCC3)=NSN=2)=O)N=CC=C1,0.004123638896271586
CCC1NC(CC(NCC2=C(F)C=CC=N2)=O)=NC=1,0.0024102339579258115
CC(C1N(CC(NCC2=C(F)C=CC=N2)=O)C=CN=1)C,0.0034948338638059796
COC1=CC(CNC(CN2C(C(C)C)=NC=C2)=O)=CC(C)=C1,0.005774450814351439
COC(C(NCC1=CC(OC)=CC(C)=C1)=O)OC,0.009301758697256446
O=C(C1=C2C(OCC(N2)=O)=CC=C1)NCC1(C2CC2)CCC1,0.01222617207095027
NC1C2=C(N=CC=C2)SC=1C(N1CC(CN2N=NC=C2)CCC1)=O,0.003435115795582533
COC1=CC=C(CN2C(C(N3CC(CN4N=NC=C4)CCC3)=O)CC2)C=C1,0.008936571143567561
FC1(CN(C(CCN2C(=O)NC(=O)C(C#N)=C2)=O)CC1)F,0.0017887292284285649
CCC1NC(CC(N2CC(CC3=CC=CC=C3)OCC2)=O)=NC=1,0.00322162015363574
CC1OC(CCC(N2CC(CC3=CC=CC=C3)OCC2)=O)=NN=1,0.007299205148592591
O=C(C1=C2C(OCC(N2)=O)=CC=C1)N1CC(CC2=CC=CC=C2)OCC1,0.007487650727853179
CCCC1SC(NC(C2=C3C(OCC(N3)=O)=CC=C2)=O)=NC=1,0.0067598627181723716
O=C(C1=CC(NCC2=NC=CC=C2)=CC=C1)N1CC2(CCCC2)COCC1,0.009408236294984818
FC(C1=C(C(N2CC3(CCCC3)COCC2)=O)OC=N1)(F)F,0.006922525982372463
CC1=C(C(N2CC3(CCCC3)COCC2)=O)N=CN1,0.006122753419913351
FC(C1C(C(N2CC3(CCCC3)COCC2)=O)CS(=O)(=O)C1)(F)F,0.007582963504864893
CC1C2=C(C=CC(=C2)NC(CCCC2NN=NN=2)=O)OC=1,0.0024463541398290546
COC(C(NC1=C(C(C)C)N(C2=CC=CC=C2)N=C1)=O)OC,0.007088695978745818
CC(C1N(C2=CC=CC=C2)N=CC=1NC([C@H](N(C)C)C)=O)C,0.007568778144195676
CC(C1N(CC(NC2=C(C(C)C)N(C3=CC=CC=C3)N=C2)=O)C=CN=1)C,0.005757273826748133
CCC(C1NN=C(C(NC(C2N(C3CCCC3)CC2)=O)C)N=1)C,0.007474286016076803
CCC(C1NN=C(C(NC(C2(C(=O)N(C)CC2)CC2=CC=CC=C2)=O)C)N=1)C,0.005962617439217865
CO[C@H]1[C@@H](OC)CN(C(C2=C(O)C=CC(N3C=NC=C3)=C2)=O)C1,0.002912246924825013
CO[C@H]1[C@@H](OC)CN(C(CCCC2NN=NN=2)=O)C1,0.0025320094428025186
CCC(C(C(N1C[C@H](OC)[C@H](OC)C1)=O)O)(C)C,0.0058860764023847875
CO[C@H]1[C@@H](OC)CN(C(CN2C(C(C)C)=NC=C2)=O)C1,0.0049022300518117845
O=C(NCCC1=CNC(=O)C=C1)CN1CCCC1,0.004755208408460021
CN(C1(CC1)CO)C(C1=C(N)C2=C(N=CC=C2)S1)=O,0.0020667447184678166
CC1(CC2=C(ON=C2C(N2CCC(C3(CC3)O)CC2)=O)CC1)C,0.01491040587425232
OC1(C2CCN(C(C3=C(F)C=NC=C3F)=O)CC2)CC1,0.009223452210426331
CN(CCN1C(=O)CN(C(C2=NOC(C3=CC(O)=CC=C3)=C2)=O)CC1)C,0.004283293802291155
CN(CCN1C(=O)CN(C(C2=C(C)NC=N2)=O)CC1)C,0.002826433803420514
O[C@@H]1C[C@@H](NC(C2=NOC(C3=CC(O)=CC=C3)=C2)=O)C1,0.0019406073144637049
O[C@@H]1C[C@@H](NC(C2=C3C(OCC(N3)=O)=CC=C2)=O)C1,0.003953020321205258
O[C@@H]1C[C@@H](NC(C2C(C(F)(F)F)CS(=O)(=O)C2)=O)C1,0.001693237224176869
OC1=C2C(C=CC=C2C(N2CC(C3NC=CN=3)CCC2)=O)=CC=C1,0.0017691739834845067
CC1(C(=O)N(CC2=C3C(COCC3)=CC=C2)C(=O)N1)CC1=CC2=C(OCO2)C=C1,0.0025945513043552637
C=CCN1C(=O)N(CC2N=C(C3CC3)OC=2)C(=O)N(CC=C)C1=O,0.008833192894235254
O=S(C1=CC=CC=C1)(N(C1SC=CN=1)COC1CCOCC1)=O,0.0054154633893631395
CCC1SC2=C(C(N(C=N2)CC2SN=C(OC)C=2)=O)C=1,0.006848124437965453
C[C@]12CN(C(C3(S(C)(=O)=O)CCC3)=O)C[C@@]1(C)CNC2,0.008568678307347
CC1=C(C(NC(N)=O)CC(N2C[C@]3(C)[C@](CNC3)(C)C2)=O)C=CC=C1,0.005471311160363257
CCCS(C1=C(C(N2C[C@]3(C)[C@](CNC3)(C)C2)=O)C=CC=C1)(=O)=O,0.008143687760457397
C[C@]12CN(C(C3C4=C(CCC4)N(C4=C(F)C=CC=C4)N=3)=O)C[C@@]1(C)CNC2,0.007786288345232606
C[C@]12CN(C(CCS(C3=CC4=C(CCC4)C=C3)(=O)=O)=O)C[C@@]1(C)CNC2,0.009350761212408543
CC1N(CC2=CC=CC=C2)N=CC=1C(N1C[C@]2(C)[C@](CNC2)(C)C1)=O,0.009403127362020314
CCN(S(C1=CC(C(N2C[C@]3(C)[C@](CNC3)(C)C2)=O)=C(C)C=C1)(=O)=O)CC,0.007096529053524136
CC1ON=C(COC2=CC=C(C(N[C@@]34CCO[C@@H]3CCC4)=O)C=C2)N=1,0.008664928562939166
O=C(C1=CN=C(N2N=CC=C2)C=C1)N[C@@]12CCO[C@@H]1CCC2,0.006858908198773861
O=C(C1NC2=C(C=CS2)C=1)N[C@@]12CCO[C@@H]1CCC2,0.005111708049662411
CC(C(N[C@@]12CCO[C@@H]1CCC2)=O)NC(C1=C(Cl)C(Cl)=CC=C1)=O,0.008957709884271026
O=C(C1C2=C(CCC2)NN=1)N[C@@]12CCO[C@@H]1CCC2,0.008494196110405028
CC(CC1SC=C(C(N[C@@]23CCO[C@@H]2CCC3)=O)N=1)C,0.009430890856310725
O=C(N[C@@]12CCO[C@@H]1CCC2)CCCN1N=CC=C1,0.009135365346446633
ClC1=C(N2N=CC(C(N[C@@]34CCO[C@@H]3CCC4)=O)=C2)C=CC=C1,0.007432979042641818
COC1=CC(C2(C(NC3CC(C)(C)CNCC3)=O)CCCC2)=CC=C1,0.01339460643939674
CC(OC1=CC=C(N2C(C)=C(C(NC3CC(C)(C)CNCC3)=O)N=N2)C=C1)C,0.008221344067715108
FC1=C(N2N=CC(C(N[C@@]34CCO[C@@H]3CCC4)=O)=C2)C=CC=C1,0.006272723618894816
CC(C1=C(C(NC2CC(C)(C)CNCC2)=O)C=NC(C)=N1)C,0.009594528283923865
CC1(CC(NC(C2=C(OC3=CN=CC=C3)C=CC=C2)=O)CCNC1)C,0.00805492172949016
CC1N(C(CN2C3(CCOCC3)CC(=O)NCC2)=O)CCCC1,0.008712922316044569
ClC1=CC(C2OC(CN3C4(CCOCC4)CC(=O)NCC3)=NC=2)=CC=C1,0.00557874059304595
CN(C(CN1C2(CCOCC2)CC(=O)NCC1)=O)CC1OC=CC=1,0.00902775377035141
ClC1=C(CN2C3(CCOCC3)CC(=O)NCC2)N=NS1,0.006450815265998245
CC(C1CC1)(C#N)NC(CN1C2(CCOCC2)CC(=O)NCC1)=O,0.0063392111269819475
COC1=CC=C(C2OC(CN3C4(CCOCC4)CC(=O)NCC3)=NN=2)C=C1,0.006738910474814475
O=C(NCC1OCCC1)CN1C2(CCOCC2)CC(=O)NCC1,0.009993750462308526
CC1=C(OCCN2C3(CCOCC3)CC(=O)NCC2)C(C)=CC=C1,0.011818811483681201
CN1C2=C(C=CC=N2)CN(C(C2OC3=C(C=CC=C3)N(C(C)=O)C2)=O)CC1,0.008137180539779364
CN1C2=C(C=CC=N2)CN(C(CCN2C3=C(C=CC=C3)OCC2=O)=O)CC1,0.007872091582976281
CN1C2=C(C=CC=N2)CN(C(C2=CC=C(CN3C(=O)CCC3=O)C=C2)=O)CC1,0.0031006963923573493
COC1C(C(N2CC3=C(N=CC=C3)N(C)CC2)=O)=NN(C2=CC=CC=C2)C=1,0.007883168617263436
COC1=C2C(OCCO2)=CC(C(N2CC3=C(N=CC=C3)N(C)CC2)=O)=C1,0.008322110283188522
CCC(OC1=NC=CC(C(N2CC3=C(N=CC=C3)N(C)CC2)=O)=C1)C,0.00865866239182651
CN1C2=C(C=CC=N2)CN(C(C2=C(C)N=C(C)N=C2)=O)CC1,0.0076527328230440615
CCC(N1C(C(N2CC3=C(N=CC=C3)N(C)CC2)=O)=CC(C)=N1)CC,0.009406707901507615
COC1=NOC(C(N2CC3=C(N=CC=C3)N(C)CC2)=O)=C1,0.00663589749019593
COC1=C(N2N=NN=C2)C=C(C(N2CC3=C(N=CC=C3)N(C)CC2)=O)C=C1,0.005173636786639691
CNS(C1=NC=C(C(N2CC3=C(N=CC=C3)N(C)CC2)=O)C=C1)(=O)=O,0.004381882469169795
CON(C(C1=CC=C(NC(C2C(C)=CN(C3CCOCC3)N=2)=O)C=C1)=O)C,0.001756997627671808
CON(C(C1=CC=C(NC([C@@]23CCO[C@@H]2CCC3)=O)C=C1)=O)C,0.002019602176733315
CON(C(C1=CC=C(NC(C(OCC2=CC(C)=CC=C2)C)=O)C=C1)=O)C,0.0019441198353888467
CCN1N=C(C2CC2)C(C(N2C(C(C)C)C(=O)NCC2)=O)=C1,0.008013746398501099
CON1CCC(C(N(CC2=CC=NC=C2)CC2OCCC2)=O)CC1,0.002615624840836972
CC(C1=CC=NC=C1)C(N(CC1=CC=NC=C1)CC1OCCC1)=O,0.01114334505982697
O=C(N(CC1=CC=NC=C1)CC1OCCC1)CC1=CC=C(N2C=NC=C2)C=C1,0.006514885928481817
OC1=C2C(C=CC=C2C(N(CC2=CC=NC=C2)CC2OCCC2)=O)=CC=C1,0.004921864368952811
O=C([C@@]12CCO[C@@H]1CCC2)NC1=NN(CCC2=CC=NC=C2)C=C1,0.008184740412980318
CCOCN1C(C)=C(CC(NC2=NN(CCC3=CC=NC=C3)C=C2)=O)C(C)=N1,0.007178128301165998
CCN(C(C1N(C)C(=O)NC=1)=O)CC1=CC=NC=C1,0.0027235660585574807
CCOCN1C(C)=C(CC(C(N(CC2=CC=NC=C2)CC)=O)C)C(C)=N1,0.011514312960207463
CCN(C(CC1=C2N(CCCC2)N=C1)=O)CC1=CC=NC=C1,0.010754193505272269
CCN(C(C1N(CC2CCC2)N=CC=1)=O)CC1=CC=NC=C1,0.011026031617075206
CCN(C(C[C@H]1C(=O)NC2=C(C=CC=C2)C(=O)N1)=O)CC1=CC=NC=C1,0.0065157434437423944
O=C(N1C2=C(C=CC=C2)CCC1)CC1=CC=C(NC(C2C(=O)NCCC2)=O)C=C1,0.007857874943874776
O=C(C1C(=O)NCCC1)NCC1=CN=C(OC2=CC=CC=C2)C=C1,0.005040296772494912
O=C(C1C(=O)NCCC1)NC1=CN(CC2=CC=NC=C2)N=C1,0.0050158760976046326
CON1CCC(C(NC2=CN(CC3=CC=NC=C3)N=C2)=O)CC1,0.0014591292012482882
CC1C(CNC(N2CCN(C3=C(C)C(C)=CC=C3)CC2)=O)=NON=1,0.004325496719684452
COC1=C(F)C=C(CN2CCN(C(NCC3C(C)=NON=3)=O)CC2)C=C1,0.004101953271310776
CC1C(CNC(N2CCN(CC3=CC=C(Cl)C=C3)CC2)=O)=NON=1,0.0034908118890598417
CN(C(NCC1C(C)=NON=1)=O)CC1OC2=C(C=CC=C2)OC1,0.005817411781754345
CN(C(NCC1C(C)=NON=1)=O)CC1=CC2=C(OCCO2)C=C1,0.004798711545299738
COC1=C(CN2CCN(C(NCC3C(C)=NON=3)=O)CC2)C=C(C)C=C1,0.004327187535818666
CC1C(CNC(N2CCN(CCOC3=CC=CC=C3)CC2)=O)=NON=1,0.004012534790672362
CN(C(NCC1C(C)=NON=1)=O)CC1=CC=C(OC(F)F)C=C1,0.0032270173891447485
CCOC1=CC=C(CN(C(NCC2C(C)=NON=2)=O)C)C=C1,0.004423857771325856
CC1C(CNC(N2CCN(CC(N3CCCCCC3)=O)CC2)=O)=NON=1,0.0044209133950062094
CN(C(NCC1C(C)=NON=1)=O)CC1=C(F)C=C(F)C=C1,0.0035530058201402428
CCN(C(NCC1C(C)=NON=1)=O)CC1=C(Cl)C=CC=C1,0.0038352324510924516
CC1C(CNC(N2CCC(CC(N3CCCC3)=O)CC2)=O)=NON=1,0.004670322861056775
CCN(C(NCC1C(C)=NON=1)=O)CC1=CC=C(OC)C=C1,0.004568757733795792
CCOC1=CC=C(C2N(C(NCC3C(C)=NON=3)=O)CCC2)C=C1,0.005071181571111083
CC1C(CNC(N2CCN(C3=C(Cl)C=C(Cl)C=N3)CC2)=O)=NON=1,0.003062278759898618
CC1C(CNC(N2CC(C3=CC=C(F)C=C3)OCC2)=O)=NON=1,0.003914255008567125
CN(C(NCC1C(C)=NON=1)=O)CC1OCCCC1,0.005259922263212502
CC1C(CNC(N(CC2=CC=CC=C2)CC2CCC2)=O)=NON=1,0.005961459781974554
CC(C1=CC=NC=C1)N(C(NCC1C(C)=NON=1)=O)C,0.004303632443770767
CC1C(CNC(N2CCN(CC(F)F)CC2)=O)=NON=1,0.002718251431360841
CC1C(CNC(N2CC(C3=CC(Br)=CC=C3)OCC2)=O)=NON=1,0.005158725380897522
CC1C2=C(C=CC=C2)CCN1C(NCC1C(C)=NON=1)=O,0.005308064096607268
CC1C(CNC(N(CC2OC=CC=2)CC2OC=CC=2)=O)=NON=1,0.0052719512488693
CC1=C(C(NCC(C2=CC=C(F)C=C2)N2CCOCC2)=O)N=CN1,0.002751511870883405
CN(C(C1SC=CC=1)CNC(C1=C(C)NC=N1)=O)C,0.0030767455464228988
CCCN(C(CN1CCCC1)=O)CC1NC(=O)C2=C(C=C(C=C2)Cl)N=1,0.00395326919388026
CCS(N1CCC(NC(C2C3=C(CCC(C3)(C)C)ON=2)=O)CC1)(=O)=O,0.006984285265207291
CCS(N1CCC(NC(C2=C(C)NC=N2)=O)CC1)(=O)=O,0.001967071433318779
CC1OC(CCC(N(C2CC2)CC2=CC=C(C(NC3CC3)=O)C=C2)=O)=NN=1,0.008700804691761732
CN1[C@H](C(N(CC2=CC=C(C(NC3CC3)=O)C=C2)CC2OC=CC=2)=O)CCCC1,0.008973665535449982
CN(C(C1C(=O)N(C)CCCC1)=O)CC1=CC=C(C(NC2CC2)=O)C=C1,0.010941632278263568
CN(C(C1=C(N)C2=C(N=CC=C2)S1)=O)CC1=CC=C(C(NC2CC2)=O)C=C1,0.003915994230192154
CC(C1=CC=C(OC(F)F)C=C1)NC(C1(NC2=CC=CC=C2)CC1)=O,0.005754240532405674
CC(C1N(CC(NC(C2=CC=C(OC(F)F)C=C2)C)=O)C=CN=1)C,0.0032317777862772346
O=C(NCC(C1=CC=CC=C1)N1CCOCC1)CN1C2=C(C=CC=N2)C=N1,0.005992336082272232
FC(C1C=C(C(NCC(C2=CC=CC=C2)N2CCOCC2)=O)C(=O)NC=1)(F)F,0.0028991180821321904
CS(C1=CC=C(NCC(NCC2C3=C(C=CC=C3)CCC2)=O)C=C1)(=O)=O,0.007528715184889734
COC1=CC(C(N2CCN(C(C3(C(=O)N(C)CC3)C)=O)CC2)=O)=CC=C1,0.011200458044186234
CC(C(NC1=CC(N2C=NC=C2)=CC=C1)=O)(CN1CCOCC1)C,0.005086157331243157
CCN(C(C1N(CC2=CC=C(OC)C=C2)CC1)=O)CC(C#N)C,0.008261604999916017
CCN(C(C1=CC2=C(NC(N2CCN(C)C)=O)C=C1)=O)CC(C#N)C,0.0025596525071250654
CCN(C(C1=C(O)C=CC(N2C=NC=C2)=C1)=O)CC(C#N)C,0.002541384693518012
CC(C1=CC2=C(NC(N2)=O)C=C1)NC(C(CN1CCOCC1)(C)C)=O,0.00348917949013412
CC(C1=CC2=C(NC(N2)=O)C=C1)NC(C1N(C2CCCC2)CC1)=O,0.0038757165079005063
O=C(NC1=C(NC(N2CCCC2)=O)C=CC=C1)CN1C2=C(C=CC=N2)C=N1,0.0037427306873723865
CCC1NC(CC(NC2=C(NC(N3CCCC3)=O)C=CC=C2)=O)=NC=1,0.0020947016717400404
COCCCOC1=C(NC(C(OC)OC)=O)C=CC=C1,0.007774711353704333
COCCCOC1=C(NC(C2(CC2)CN(C)C)=O)C=CC=C1,0.00964307035319507
COCCCOC1=C(NC(C2N=CN(C)C(=O)C=2)=O)C=CC=C1,0.005932295555248856
COCCCOC1=C(NC([C@H](N(C)C)C)=O)C=CC=C1,0.0076456042937934395
COCCCOC1=C(NC(CN2C(C(C)C)=NC=C2)=O)C=CC=C1,0.004661651421338319
COCCCOC1=C(NC(CN2C(C3CC3)=CC(C(F)F)=N2)=O)C=CC=C1,0.004684530920349062
CC(NC(C1=C(C(F)(F)F)N=CO1)=O)CCC1=CC=C(Br)C=C1,0.004868619772605598
CCN(C(CN1C(C2CC2)=CC(C(F)F)=N1)=O)CCC1=NC=CC=C1,0.006102096172980964
CCN(C(CN1C(C(C)C)=NC=C1)=O)CCC1=NC=CC=C1,0.006317193037830293
CCN1C2=C(N=CN(C2=O)CC2=CC3=C(OC(O3)(F)F)C=C2)C=N1,0.004959479696117342
COC1=NSC(CN2C(=O)C3=C(CCOC3)N=C2)=C1,0.009044537832960487
CC1N(C2CC2)C(=O)N(CC2N(C3=CC=CC=C3)C=NN=2)C(=O)C=1C#N,0.005529692443087697
CC1N(C2CC2)C(=O)N(CC2N(C3=CC=CC=C3)C=CN=2)C(=O)C=1C#N,0.004442028934136033
CC1N(C2CC2)C(=O)N(CC2=C(C#N)C=CC=C2)C(=O)C=1C#N,0.007213232992216945
COCCCN1C(=O)N(C2CC2)C(C)=C(C#N)C1=O,0.00587101997807622
CC1=CC(CN2C(=O)N(C3CC3)C(C)=C(C#N)C2=O)=CN=C1,0.006644564191810786
CN(C1=NC=CC(CN2C(=O)N(C3CC3)C(C)=C(C#N)C2=O)=C1)C,0.005201649258378893
CC1N(C2CC2)C(=O)N(CCN2C=NC=C2)C(=O)C=1C#N,0.004416903911624104
CC1N(C2CC2)C(=O)N(CC(NCC2CC2)=O)C(=O)C=1C#N,0.005404800502583384
CC1N(C2CC2)C(=O)N(CC2=CC(C#N)=C(F)C=C2)C(=O)C=1C#N,0.0059689223300665615
CC1N(C2CC2)C(=O)N(CC2=C(F)C=CC(F)=C2)C(=O)C=1C#N,0.005602296791039407
CC1N(C2CC2)C(=O)N(CCCOC(C)(C)C)C(=O)C=1C#N,0.0067357906140387055
COC1=C(CN2C(=O)N(C3CC3)C(C)=C(C#N)C2=O)C=C(Cl)C=C1,0.005870324862189591
CC1N(C2CC2)C(=O)N(CC2=CC(OC(F)F)=CC=C2)C(=O)C=1C#N,0.0050027772784233095
CC(C1OC(CN2C(=O)N(C3CC3)C(C)=C(C#N)C2=O)=NC=1)C,0.005336848495062441
CC1N(C2CC2)C(=O)N(CC2C3=C(CCCC3)ON=2)C(=O)C=1C#N,0.007504654233343899
CC1N(C2CC2)C(=O)N(CC2=C(C#N)C=C(F)C=C2)C(=O)C=1C#N,0.006078328029252589
CC1C2N(C=C(N=2)CN2C(=O)N(C3CC3)C(C)=C(C#N)C2=O)C=CC=1,0.00498964786529541
CN1C(CCN2C(=O)N(C3CC3)C(C)=C(C#N)C2=O)CCCC1,0.00689424246083945
CC1N(C2CC2)C(=O)N(CC2=CC=C(OCC3=CC=NC=C3)C=C2)C(=O)C=1C#N,0.00653972674626857
CC1N(C2CC2)C(=O)N(CCCN2C(=O)CCC2)C(=O)C=1C#N,0.0057247091550379995
CC1N(C2CC2)C(=O)N(CC2=NC3=C(C=CC=C3)C=C2)C(=O)C=1C#N,0.006340904231183231
CCCCN1C(=O)N(C2CC2)C(C)=C(C#N)C1=O,0.00776967506390065
CCC1SC=C(CN2C(=O)N(C3CC3)C(C)=C(C#N)C2=O)N=1,0.006317190732806921
CC1N(C2CC2)C(=O)N(CC2=CN(C3=CC=CC=C3)N=C2)C(=O)C=1C#N,0.006486118584871292
CC1N(C2CC2)C(=O)N(CC2N=C(C3SC=CC=3)SC=2)C(=O)C=1C#N,0.005696885869838297
CC1N(C2CC2)C(=O)N(CC2C(Cl)(Cl)C2)C(=O)C=1C#N,0.005675729309581356
CC1N(C2CC2)C(=O)N(CC2N=C(C3SC=CC=3)OC=2)C(=O)C=1C#N,0.0041991314967162905
CC1N(C2CC2)C(=O)N(CCCC2=CC=CC=C2)C(=O)C=1C#N,0.00701063519809395
COC1=CC(CN(C(CN2C(=O)N(C3CC3)C(C)=C(C#N)C2=O)=O)C)=CC=C1,0.0064463922521099445
CN(C(CN1C(=O)N(C2CC2)C(C)=C(C#N)C1=O)=O)CC1=CC=C(F)C=C1,0.005690706823952496
CC1=C(C)C2=C(C(=CC(O2)=O)CN2C(=O)N(C3CC3)C(C)=C(C#N)C2=O)C=C1,0.007393681514076889
CC1=CC(Cl)=C(NC(CN2C(=O)N(C3CC3)C(C)=C(C#N)C2=O)=O)C(C)=C1,0.00456508391071111
CC(CNC(CN1C(=O)N(C2CC2)C(C)=C(C#N)C1=O)=O)C,0.005664925090968609
CCN(C(CN1C(=O)N(C2CC2)C(C)=C(C#N)C1=O)=O)CC,0.006392680900171399
COC1=C(C(C2N(C)C=CN=2)NCC2N(C)N=C3C=2CCCC3)C=CC=C1,0.010884512774646282
CCCNC1=NC=NC(N2CC(C3N4C(C=CC=C4)=NN=3)CCC2)=C1,0.006297550094313919
CC1=NC(N2CCN(CC3=CC=C(C(F)(F)F)C=C3)CC2)=NC(N)=N1,0.0029099430015776307
CC(N1CCC(NCC2N=NN(CC3COCC3)C=2)CC1)(C)C,0.01084272312000394
CN(C1=NC(C2CCCC2)=NC(N)=N1)CC(N1CCCC1)=O,0.007511898432858289
CN(C1C2N(N=C(C3CCC3)C=2)C=CN=1)CC(N1CCCC1)=O,0.009182848641648889
CS(N1CCN(C2C3N(N=C(C4CCC4)C=3)C=CN=2)CC1)(=O)=O,0.0053082377882674335
CS(N1CCN(C2=NC=NC(NCC3=CC=CC=C3)=C2)CC1)(=O)=O,0.0031728857313282786
CC1=NC(N2CCN(CC(N3CCCCC3)=O)CC2)=NC(N)=N1,0.004538985411636531
C(C1N=C2N(C=CC=C2)C=1)N1CCN(C2C3N(N=C(C4CC4)C=3)C=CN=2)CC1,0.007680371613241732
NC1=NC(N2CCN(CC3N=C4N(C=CC=C4)C=3)CC2)=NC(C2CCCC2)=N1,0.00470420258352533
CC(NCC1=CN=C(O)C=C1)CN1C(=O)CCC1,0.006235103472135961
CC(C1=CC=C(S(N(C)C)(=O)=O)C=C1)NCC1N(CC2CCC2)N=CC=1,0.007248166715726256
CN1C(CNCC2=CC(NC(C3=CC=C(F)C=C3)=O)=CC=C2)=C2C(CCCC2)=N1,0.008426327118650078
CCN(C(CN1CCN(C2=NC(N)=NC(C)=N2)CC1)=O)CC,0.005157589679583907
CC1=CC(N2CCN(C3=C(S(N)(=O)=O)C=CC=C3)CC2)=CC=C1,0.005875829816795885
C(NCC1N=NN(CC2COCC2)C=1)CN1C2=C(C=CC=C2)N=C1,0.005338554782792926
CN1C(CNCCS(C2=CC=C(Cl)C=C2)(=O)=O)=C2C(CCCC2)=N1,0.00827890313230455
CCC(NC(CN1CCN(C2=C(S(N)(=O)=O)C=CC(C)=C2)CC1)=O)C,0.005075847485568374
CCN(C(CN1CCN(C2=NC(C3CC3)=NC(C#N)=C2)CCC1)=O)CC,0.007607335969805717
COCC1=CC=C(CNC2=NC(C3CCCC3)=NC(N)=N2)C=C1,0.007094764988869429
CC(C1=NC(NCC2=C(N3N=CC=C3)N=CC=C2)=NC(C)=C1)C,0.006471208250150085
CN1C(CNCC(NC2=CC(F)=CC=C2)=O)=C2C(CCCC2)=N1,0.007217330834828317
CC(C1=CC(Cl)=C(Cl)C=C1)(CNCC1N=NN(CC2COCC2)C=1)C,0.010380274569615721
COC1=C(OC(C)C)C=CC(CNC2=C(S(N)(=O)=O)C=CC=C2)=C1,0.0067035292740911245
CCCNC1=NC=NC(N2CCN(CC3=C(C)ON=C3C)CC2)=C1,0.007651646691374481
CC(NCC1CN(C2=C(S(N)(=O)=O)C=CC=C2)CCC1)=O,0.0038372408831492066
CC(NCC1CN(C2=C(S(N)(=O)=O)C=CC(C)=C2)CCC1)=O,0.004108635941520333
C(C1=C(N2CCOCC2)C=CC=C1)NC1C2N(N=C(C3CC3)C=2)C=CN=1,0.008168022334575652
NC1=NC(C2CCCC2)=NC(NCC2=C(N3CCOCC3)C=CC=C2)=N1,0.006770265148952603
CC1=NC(NCC2=C(N3CCOCC3)C=CC=C2)=NC(N)=N1,0.004308588698040694
CC1C(C(C2=CC=C(Cl)C=C2)NCC2N=NN(CC3COCC3)C=2)C1,0.011218919465318323
CCCCNC1=NC(N2CCC(N3N=CC=C3)CC2)=NC(C)=C1,0.006226492673158645
CC1=C(CCCNCC2SC=C(C(C)(C)C)N=2)C=NN1,0.005991931771859527
CC1=C(CCCNCC2N(CC3CCC3)N=CC=2)C=NN1,0.008959457464516162
CC1=CC(NCC2(C3=CC=CC=C3)CCOCC2)=C(S(N)(=O)=O)C=C1,0.006129691563546658
NS(C1=C(NCC2(C3=CC=CC=C3)CCOCC2)C=CC=C1)(=O)=O,0.005990207078866661
CC1=CC(NCC2=CC(CN3C(=O)CCC3)=CC=C2)=C(S(N)(=O)=O)C=C1,0.004999303037766367
O=C1N(CC2=CC(CNC3C4N(N=C(C5CC5)C=4)C=CN=3)=CC=C2)CCC1,0.006984778237529099
CC1=CC(C(N2CCOCC2)CNC2=C(S(N)(=O)=O)C=CC(C)=C2)=CC=C1,0.006136051542125642
COCCOC1=CC=C(CNC2=C(S(N)(=O)=O)C=CC(C)=C2F)C=C1,0.005642255046404898
CS(NCC1CN(C2C3N(N=C(C4CCC4)C=3)C=CN=2)CCC1)(=O)=O,0.005108039476908743
CCCNC1=NC=NC(NCC2=CC(OCC(N(C)C)=O)=CC=C2)=C1,0.006635957467369735
COC1=CC=C(OC2CCN(C3=NC(C4CC4)=NC(C#N)=C3)CC2)C=C1,0.008040210488252342
CC1=NC(NCC2SC3=C(CCCC3)C=2)=NC(N)=N1,0.005588243831880391
CC1=CC(NCC2SC3=C(CCCC3)C=2)=C(S(N)(=O)=O)C=C1,0.006553366174921393
O=S1(N(CCNCC2N(CC3CCC3)N=CC=2)CCC1)=O,0.005976082268171012
COC1=CC(OC)=C(CNC2=NC(C3CC3)=NC(C#N)=C2)C(OC)=C1,0.007112487289123237
CC1CCN(C(CN2C(=O)N(C3CC3)C(C)=C(C#N)C2=O)=O)CC1,0.005595421837642789
CC1N(C2CC2)C(=O)N(CC(NCC2CCCCC2)=O)C(=O)C=1C#N,0.006715805176645518
CC1N(C2CC2)C(=O)N(CC(NC2=C(Cl)C=C(F)C=C2)=O)C(=O)C=1C#N,0.004115879361052066
CC1N(C2CC2)C(=O)N(CC(N2CCOCC2)=O)C(=O)C=1C#N,0.005124077224172652
CC1=C(C)C(NC(CN2C(=O)N(C3CC3)C(C)=C(C#N)C2=O)=O)=CC=C1,0.004897968098521233
CC(C1N=CN(CC(NCC2OC=CC=2)=O)C=1)(C)C,0.0057934976648539305
COC1=C(OC)C=C(NC(CN2C=C(C(C)(C)C)N=C2)=O)C=C1,0.005955221457406878
CCOC1=CC=C(NC(CN2C=C(C(C)(C)C)N=C2)=O)C=C1,0.005577100091613829
COC1=C(OC)C(OC)=CC(NC(CN2C=C(C(C)(C)C)N=C2)=O)=C1,0.006143849180079997
CC(C1N=CN(CC(NC(N)=O)=O)C=1)(C)C,0.0011330223496770486
CC1=CN2C(=NC(=CC2=O)CN2C=C(C(C)(C)C)N=C2)C=C1,0.00762177009601146
CN(C(CN1C=C(C(C)(C)C)N=C1)=O)CC1OC=CC=1,0.007788483938202262
CN(C(C1=CC=C(NC(CN2C=C(C(C)(C)C)N=C2)=O)C=C1)=O)C,0.005131826887372881
CC(NC1SC=C(CN2C=C(C(C)(C)C)N=C2)N=1)=O,0.005402057874016463
CC(N(C1=CC(C)=C(C)C=C1)C1SC=C(CN2C=C(C(C)(C)C)N=C2)N=1)=O,0.009027850511483849
CC(C1N=CN(CCCN2C(=O)C3=C(C=CC=C3)C2=O)C=1)(C)C,0.0040480275521986185
CC(C1N=CN(CC2ON=C(C3=CSC=C3)N=2)C=1)(C)C,0.006412164540961385
CN(C1=NC(CN2C=C(C(C)(C)C)N=C2)=NC(N)=N1)C,0.004788493004161865
CN1C(=O)N(C)C(=O)C=C1CN1C=C(C(C)(C)C)N=C1,0.007202426414005458
CCCC1N=C(CN2C=C(C(C)(C)C)N=C2)ON=1,0.008739943010732531
CC(C1N=CN(CC2ON=C(C(C)(C)C)N=2)C=1)(C)C,0.009973873011767864
CCCN1C(NC(CN2C=C(C(C)(C)C)N=C2)=O)=CC=N1,0.004931806330569088
CC(C1N=CN(CC2N(C3=CC=C(OC(F)F)C=C3)N=NN=2)C=1)(C)C,0.003524073725566268
CC(C1N=CN(CCCS(C)(=O)=O)C=1)(C)C,0.006344804191030562
FC(OC1=C(CNCC2N=NN(CC3COCC3)C=2)C=CC=C1)F,0.004511624481528998
COC1=CC(CN2CCN(C3=NC(C4CC4)=NC(C#N)=C3)CC2)=C(OC)C=C1,0.007485274923965335
NC1=NC(N2CCN(C(C3=CC=CC=C3)=O)CC2)=NC(C2CCCC2)=N1,0.005868009035475552
CC(C(N1CCOCC1)CNCC1ON=C(C)C=1)C,0.012611856684088707
CCCCNC1=NC(NCCNC(C)=O)=NC(C)=C1,0.004815882886759937
CN(C(C1SC=CC=1)CNC1=C(S(N)(=O)=O)C=CC(C)=C1)C,0.005257536470890045
CC1=NC(N2CCN(CC3=CC=NC=C3)CC2)=NC(N)=N1,0.004343373060692102
C(C1=CC=CC=C1)NC1=NC=NC(N2CCN(CC3=CC=NC=C3)CC2)=C1,0.006171225290745497
CCCOC1=C(OC)C=C(CNCC2=CN=C(O)C=C2)C=C1,0.008221838902682067
CC1=NC(N2CCN(CC3=CC(C(F)(F)F)=CC=C3)CC2)=NC(N)=N1,0.0027442204591352493
FC1=CC=C(NC(CN2CCN(C3=NC(C4CC4)=NC(C#N)=C3)CC2)=O)C=C1,0.0039949957747012375
CC1=NOC(CNCC2=C(N3CCOCC3)N=CC=C2)=C1,0.006649273005314172
CCOCC1=CC=C(CNCC2N=NN(CC3COCC3)C=2)C=C1,0.01082878578454256
CN1C(C2=CC(NCC3N(C)N=C4C=3CCCC4)=CC=C2)=NN=C1,0.01118734311312437
C(NCC1N=NN(CC2COCC2)C=1)CC1=CC=C(OCC2=CC=CC=C2)C=C1,0.009090915927663446
C(C1=NNC=C1)NC1C2N(N=C(C3CCC3)C=2)C=CN=1,0.005268242652527988
CC(N1CCN(C2=C(CNCC3=CN=C(O)C=C3)C=CC=C2)CC1)=O,0.005357806477695704
CC(C#N)CN(C1=NC=NC(NCC2=CC=CC=C2)=C1)C,0.004588995595122469
CC(C#N)CN(C1C2N(N=C(C3CCC3)C=2)C=CN=1)C,0.0075152088014192485
CC(N1CCN(CCNC2=C(S(N)(=O)=O)C=CC=C2)CC1)=O,0.004057013057172298
CC(C1=NC(NCCN2CCN(C(C)=O)CC2)=NC(C)=C1)C,0.006385342543944716
CC1=CC=C(C(N2CCN(C3=NC(C4CCCC4)=NC(N)=N3)CC2)=O)C=C1,0.006186430645175278
CC1=CC=C(C(N2CCN(C3=C(S(N)(=O)=O)C=CC(C)=C3F)CC2)=O)C=C1,0.005181237356737256
CN(C1=NC(N)=NC(C)=N1)CC1=CC(C(F)(F)F)=CC=C1,0.002958646492334083
CC1=NOC(CNCC2=CC(N3CCOCC3)=CC=C2)=C1,0.00852567688561976
CCCNC1=NC=NC(NC2CCN(CCOC(C)C)CC2)=C1,0.007840011408552528
COC1=CC(OC)=CC(CN2CCN(C3=NC(N)=NC(C)=N3)CC2)=C1,0.005741754407063126
COC1=C(NC(CCNC2=NC(C3CC3)=NC(C#N)=C2)=O)C=C(Cl)C=C1,0.004353451391216368
ClC1=CC=C(CN2C3=C(C(N(C=N3)COC3CCOCC3)=O)C=N2)C=C1,0.0074272561119869355
O=C1N(COC2CCOCC2)C(=O)C2(CCC3(OCCO3)CC2)N1,0.0039379335008561615
COC1=NSC(CN2C(=O)C(C3=CN(C)N=C3)(C)NC2=O)=C1,0.0021130283130332828
ClC1=CC2CCC3(C(=O)N(CC4N=C(C5CC5)OC=4)C(=O)N3)C=2C=C1,0.002004555077292025
COC1=NSC(CN2C(=O)C=CC(C(F)(F)F)=N2)=C1,0.005044690379872918
CCC1(C2=CN(C)N=C2)C(=O)N(CC2SN=NC=2)C(=O)N1,0.001862941443687305
CCC1(C2=CN(C)N=C2)C(=O)N(CC2=C3C(COCC3)=CC=C2)C(=O)N1,0.0026290568173862995
CCN1C2=C(N=CN(C2=O)CC2=C(C)C=C(Br)C=C2)C=N1,0.009561109449714422
ClC1=CC(C(N2CCCC2)CNCC2N=NN(CC3COCC3)C=2)=CC=C1,0.009964021481573581
CCCNC(CN1CCC(NCC2ON=C(C)C=2)CC1)=O,0.007543871365487576
C(C1N=NN(CC2COCC2)C=1)NCC1(C2=CC=CC=C2)CCOCC1,0.0127038162201643
CN(C(CN1CCN(C2=NC(C3CC3)=NC(C#N)=C2)CC1)=O)C,0.005711610859725625
CC(NC1=NC(C2CC2)=NC(C#N)=C1)CCC1OC=CC=1,0.007545168325304985
C(C1=CN=C(N2CCOCC2)C=C1)NC1C2N(N=C(C3CCC3)C=2)C=CN=1,0.007654826017096638
CC1=CC(NCC2(C3=CC=CC=C3)CC2)=C(S(N)(=O)=O)C=C1,0.006445089098997414
CC(C(NCC1=CN=C(O)C=C1)CN1C=NC=C1)(C)C,0.0063470680033788085
CCC(C1=CC2=C(OCCO2)C=C1)NCC1N=NN(CC2COCC2)C=1,0.01063293986953795
CC1SC=C(CN2CCN(C3=NC(C4CCCC4)=NC(N)=N3)CC2)N=1,0.006380912731401622
C(C1N=NN(CC2COCC2)C=1)NCC1=CC(CN2N=CC=C2)=CC=C1,0.00961670340038836
O=C(N1CCN(C2=NC(C3CC3)=NC(C#N)=C2)CC1)N1CCOCC1,0.0037748712580651044
CC1=CC(N2CCN(C(N3CCOCC3)=O)CC2)=C(S(N)(=O)=O)C=C1,0.003660544450394809
O=C(N1CCN(C2C3N(N=C(C4CCC4)C=3)C=CN=2)CC1)N1CCOCC1,0.005753771890886128
OC1=NC=C(CNCCOC2=CC3=C(CCC3)C=C2)C=C1,0.007381737558171153
NC1=NC(C2CCCC2)=NC(NCC2=CN(C3=CC=CC=C3)N=C2)=N1,0.005537480185739696
CN1CCN(C(CC2=CC=C(NCC3ON=C(C)C=3)C=C2)=O)CC1,0.0073691684985533355
C(C1=CN=C(N2C=NC=C2)C=C1)NC1C2N(N=C(C3CCC3)C=2)C=CN=1,0.006260982574895024
CC1=CC(N2CC(C3N4C(CCCCC4)=NN=3)CCC2)=C(S(N)(=O)=O)C=C1,0.005630425596609712
C(C1N=NN(CC2COCC2)C=1)NC(C1=CC2=C(OCCO2)C=C1)C1CC1,0.010795081546530128
CCCNC1=NC=NC(N2CC(C3N4C(CCCCC4)=NN=3)CCC2)=C1,0.008481243252754211
CC1=NC(N(C2CC2)CC2=CC=C(C(N)=O)C=C2)=CC(C#N)=C1,0.005068404064513743
CC1=C(F)C(N2CCN(C(CC3CCCC3)=O)CCC2)=C(S(N)(=O)=O)C=C1,0.0078026185976341365
NC1=NC(N2CCN(C(C3=CC(F)=CC=C3)=O)CCC2)=NC(C2CCCC2)=N1,0.005775489960797131
NC1=NC(C2CCCC2)=NC(NCC2=CN=C(N3CCCC3)C=C2)=N1,0.0062711356906220315
C(C1=CN=C(N2CCCC2)C=C1)NC1C2N(N=C(C3CCC3)C=2)C=CN=1,0.009366598865017294
CCCNC1=NC=NC(NCC2=C(OC)N=CC=C2)=C1,0.005647887638770044
CCOC1=C(CNC2=C(S(N)(=O)=O)C=CC(C)=C2)C=CC=N1,0.004309990210458636
CCCC(NC1CCN(C2=C(S(N)(=O)=O)C=CC(C)=C2F)CC1)=O,0.004926976922433823
CC(C1=NC(N2CCC(C(N3CCN(C)CC3)=O)CC2)=NC(C)=C1)C,0.010650459211319685
N#CC1=NC(C2CC2)=NC(N2CC3C=NN(C4=CC=CC=C4)C=3CC2)=C1,0.007377651915885508
CCC1SC(CNC2=C(S(N)(=O)=O)C=CC(C)=C2F)=CC=1,0.00452182253357023
CC1N=C(CCCNCC2ON=C(C)C=2)SC=1,0.008165054325945675
CC1=CC(N2CCN(C3=C(C#N)C=CC=C3)CCC2)=C(S(N)(=O)=O)C=C1,0.005325988284312189
CC(OC1=C(CNC2=NC(C3CC3)=NC(C#N)=C2)C=CC=C1)C,0.007216524495743215
CC(OC1=C(CNC2=NC(N)=NC(C)=N2)C=CC=C1)C,0.005622050096280873
FC(COC1=C(CNC2=NC(C3CC3)=NC(C#N)=C2)C=CC=C1)(F)F,0.0038985007675364615
CC1=CC(NCC2=C(OCC(F)(F)F)C=CC=C2)=C(S(N)(=O)=O)C=C1,0.004269436269532889
C(C1=CC(CN2N=CC=C2)=CC=C1)NC1C2N(N=C(C3CC3)C=2)C=CN=1,0.00862814679276198
CCC1=C2C(C(=CN2)CCNCC2ON=C(C)C=2)=CC=C1,0.006945114303380251
CC1N2C(=NC(=C2)CNC([C@H]2[C@H](C3CCOCC3)C2)=O)C=CC=1,0.005826001212699339
CC1N2C(=NC(=C2)CNC(C2N(CC3CCC3)N=CC=2)=O)C=CC=1,0.006180546432733536
CN(C(C1OC2=C(C=CC(=C2)O)OC1)=O)CCC1=C(F)C=CC=C1,0.005297653586603701
CN(C(C1OC(C)=C(CO)C=1)=O)CCC1=C(F)C=CC=C1,0.00449090248439461
CN(C(CN1CCC(NC(C2C(C)=NOC=2)=O)CC1)=O)C,0.006830875040031969
CN(C(CN1CCC(NC(C2=C3C(C=CC=C3O)=CC=C2)=O)CC1)=O)C,0.0040257528424263
CN(C(CN1CCC(NC(C2N3C(CCCC3)=NC=2C(F)F)=O)CC1)=O)C,0.003921648743562401
CNS(C1=C(N2CCC(NCCO)CC2)C=CC=C1)(=O)=O,0.001941967595485039
CC(NC(CNC1C2N(N=C(C3CCC3)C=2)C=CN=1)=O)C,0.006286443630233407
COC1=CC(C2N(C3=NC(C4CC4)=NC(C#N)=C3)CCC2)=CC=C1,0.009482010337524115
CCCNC1=NC=NC(N2CCN(C(C3=CC=CC=C3)C(N)=O)CC2)=C1,0.005059252004139125
CCOC1=C(CNC2=NC(C3CC3)=NC(C#N)=C2)C=CC=N1,0.005169121630024165
CC1=CC(NCC2=C(N3CCOCC3)N=CC=C2)=C(S(N)(=O)=O)C=C1,0.0037481934996321797
CC1=CC(NCCN2CC3=C(C=CC=C3)CC2)=C(S(N)(=O)=O)C=C1,0.006451585679315031
CC1=NC(NCCN2CC3=C(C=CC=C3)CC2)=NC(N)=N1,0.005215272796340287
CC(OCC1=C(CNC2=C(S(N)(=O)=O)C=CC(C)=C2)C=CC=C1)C,0.00657267365604639
NS(C1=C(NCCC2N=C3N(CCCC3)C=2)C=CC=C1)(=O)=O,0.0043031952460296456
CC1=C(F)C(NCCC2N=C3N(CCCC3)C=2)=C(S(N)(=O)=O)C=C1,0.0039046898717060687
C(NC1C2N(N=C(C3CCC3)C=2)C=CN=1)CC1N=C2N(CCCC2)C=1,0.008513674116693437
CC(N(CC1=C(CNC2=C(S(N)(=O)=O)C=CC=C2)C=CC=C1)C)C,0.006822357443161309
CCCNC1=NC=NC(NCC2=CN=C(N3CC(C)OCC3)C=C2)=C1,0.006705675367265939
CC1N(CCCCNC2=NC(C3CC3)=NC(C#N)=C2)CCCC1,0.00682760369963944
O=C(N1CCC(C2N(C3CC3)C=NN=2)CC1)CC1=CC=C(N2C=NC=C2)C=C1,0.005526222032494843
CN(CCN1N=CC(C(N2CCC(C3N(C4CC4)C=NN=3)CC2)=O)=C1)C,0.009492821712046861
OC1=CC2=C(C(C(N3CCC(C4N(C5CC5)C=NN=4)CC3)=O)=CC=C2)C=C1,0.00427855912130326
NS(C1=C(N2CC(C3OC=CC=3)OCC2)C=CC=C1)(=O)=O,0.0046697492245584725
NC1=NC(N2CC(C3OC=CC=3)OCC2)=NC(C2CCCC2)=N1,0.007333854120224715
COC1=CC(OC)=C(CCNC(C2=CN(CC3CC3)N=C2)=O)C(OC)=C1,0.009447042178362609
CON1CCC(C(NCCC2=C(OC)C=C(OC)C=C2OC)=O)CC1,0.002280540409265086
O=S(N1CCC(NC2C3N(N=C(C4CCC4)C=3)C=CN=2)CC1)(C1CC1)=O,0.005784513801336289
COC1=CC(OC)=C(CCNC(C2=C(OC)C=CC=N2)=O)C(OC)=C1,0.007912213448435068
COC1=CC(OC)=C(CCNC(C2=C(C3OC=CC=3)NN=C2)=O)C(OC)=C1,0.005933478916995227
CC1OC(C)CN(CCCCNC2=C(S(N)(=O)=O)C=CC(C)=C2F)C1,0.006134733650833368
CC1OC(C)CN(CCCCNC2=C(S(N)(=O)=O)C=CC=C2)C1,0.00606545046903193
C[C@H](C1=CC=C(Cl)C=C1)NCC1N=NN(CC2COCC2)C=1,0.008467941195704043
CC1CN(C(C2=CC(C)=C(NCC3=CN=C(O)C=C3)C=C2)=O)CCC1,0.0057665526401251554
CC1=C(NCC2=CN=C(O)C=C2)C=CC(C(N2CCOCC2)=O)=C1,0.004698831751011312
C[C@@H]1CC[C@@H](NC(CCC2N=NNC=2)=O)CC1,0.005487369722686708
CC1=C(F)C(NCC(N2CCOCC2)(C)C)=C(S(N)(=O)=O)C=C1,0.005121207237243653
CC(N1CCOCC1)(CNC1C2N(N=C(C3CC3)C=2)C=CN=1)C,0.008926314115524293
CCCNC1=NC=NC(NCC(N2CCOCC2)(C)C)=C1,0.007734139659442007
CC1=NC(NCC2=CC3=C(OCCO3)C=C2)=NC(N)=N1,0.005397808505222201
CN(C1=NC(C2CC2)=NC(C#N)=C1)CC1OC=CC=1,0.007921760389581322
CC1=C(C(N2CCOCC2)=O)C=CC=C1NCC1=CN=C(O)C=C1,0.004643808561377227
CC(C1=CC=C(N2CCC(NCC3N=NN(CC4COCC4)C=3)CC2)C=C1)(C)C,0.01062614070251584
CC1OC(C)CN(CCCNC2=NC(C3CC3)=NC(C#N)=C2)C1,0.005942569323815405
CC(C(N1CCN(C2C3N(N=C(C4CCC4)C=3)C=CN=2)CC1)=O)(C)C,0.010284499730914831
CC1=NC(NCCOC2=CC(Cl)=CC=C2)=NC(N)=N1,0.0035209831665270032
CC1=C(F)C=C(CNC(C2CCN(C3=NC(C4CC4)=NC(C#N)=C3)CC2)=O)C=C1,0.004723904794082046
CCN(C1=NC=C(CNC2=NC(C3CC3)=NC(C#N)=C2)C=C1)CC,0.0064284367603249844
CC1=NOC(CNC2CCN(C(C3=CC=C(C)C=C3)=O)CC2)=C1,0.008315123757347465
C(C1N=NN(CC2COCC2)C=1)NC(CC1=CC=CC=C1)CN1CCOCC1,0.010486993053928018
CC1=CC(NCC2=C(N3CCCC3)C=CC=C2)=C(S(N)(=O)=O)C=C1,0.006414693780243397
CC1=CC(NCCN2N=CC=C2)=C(S(N)(=O)=O)C=C1,0.0036976303672418
CN(S(C)(=O)=O)C1=CC=C(CNCC2ON=C(C)C=2)C=C1,0.004618016502354294
N#CC1=NC(C2CC2)=NC(NCC2=C3C(OCO3)=CC=C2)=C1,0.005850977206137031
COCCOC1=C(CNC2C3N(N=C(C4CC4)C=3)C=CN=2)C=CC=C1,0.007180801942013204
CN(C1=NC(C2CCCC2)=NC(N)=N1)CC1OCCCC1,0.009425965417176486
CC(C1C2CCC(CC2)C1)NCC1N=NN(CC2COCC2)C=1,0.016052446328103542
COC1=C(C2N=C(NC(C3(C4=NC=CC=C4)CC3)=O)SC=2)C=C(C)C=C1,0.007121042627841234
NC1=NC(N2CC3(CCCC3)OCC2)=NC(C2CCCC2)=N1,0.010240196157246828
CN1C2C(CN(C3=NC(C4CCCC4)=NC(N)=N3)CC2)CCC1,0.009733585128560662
CN1C2C(CN(C3=C(S(N)(=O)=O)C=CC(C)=C3F)CC2)CCC1,0.006356795527972281
O=C(NCC1C2=C(C=CC=C2)OCC1)C[C@H]1C(=O)NC2=C(C=CC=C2)C(=O)N1,0.008413433888927102
CC1=C(F)C(N2CC3(OCCO3)CCC2)=C(S(N)(=O)=O)C=C1,0.006075504259206355
N#CC1=NC(C2CC2)=NC(N2CC3(OCCO3)CCC2)=C1,0.0077032320201396946
CN(C(C1=C(C2OCCC2)NN=C1)=O)CC1=C(C)N=CS1,0.005365437129512429
CN(C(CCC1=NNN=N1)=O)CC1=C(C)N=CS1,0.0033000747207552195
COC1=C(C(N(CC2=C(C)N=CS2)C)=O)C(OC)=NC=C1,0.006840116926468909
CON1CCC(C(N2CCN(CCNC(C3=C(F)C=CC=C3)=O)CC2)=O)CC1,0.0016402660286985338
CC(NC(C1=C(C)C=C(NC(C2C(C)=CN(C3CCOCC3)N=2)=O)C=C1)=O)C,0.00825271476060152
CC(C1CN(C2C3N(N=C(C4CC4)C=3)C=CN=2)CCC1)O,0.00453167783562094
CC(NC(C1=C(C)C=C(NC(C2C(C)OC(C)C2)=O)C=C1)=O)C,0.009974908223375678
CC(NC(C1=C(C)C=C(NC(C2=C(C)N=C(C3COCC3)S2)=O)C=C1)=O)C,0.006189502286724746
CC(NC(C1=C(C)C=C(NC(C2(C3=C4C(C=CC=C4)=CC=N3)CC2)=O)C=C1)=O)C,0.007714162138290704
CN(C1=NC(C2CCCC2)=NC(N)=N1)CCC1CC1,0.011985576106235385
CN(C1=C(S(N)(=O)=O)C=CC=C1)CCC1CC1,0.006564160529524088
FC(C1=C(OCCNC2=NC(C3CC3)=NC(C#N)=C2)N=CC=C1)(F)F,0.002916907524922863
CC1(C2=CN=CC=C2)C(=O)N(CC2SN=NC=2)C(=O)N1,0.0015266226924723013
CC1N(CC2=C3C(COCC3)=CC=C2)N=NN=1,0.008289850992150604
CCN1C2=C(N=CN(C2=O)CC2OC(C)=CN=2)C=N1,0.005466244579292834
COCCNC(C1CCN(C2C3N(N=C(C4CCC4)C=3)C=CN=2)CC1)=O,0.006317586242221296
ClC1=CC=C(C(NCCNC2=NC(C3CC3)=NC(C#N)=C2)=O)C=C1,0.003572223096853122
C(CN1CCN(C2=NC=CC=N2)CC1)CNC1C2N(N=C(C3CC3)C=2)C=CN=1,0.006874783989042043
CC1=CC(N2CC(C3=CC=CC=C3)OCC2)=C(S(N)(=O)=O)C=C1,0.005842878273688257
COCC(NC1=CC(CNC2=NC(C(C)C)=CC(C)=N2)=CC=C1)=O,0.005739818327128887
FC1=CC=C(OCCNC2=NC(C3CC3)=NC(C#N)=C2)C=C1,0.005111069791018963
C(CN1N=CC=C1)CNC1C2N(N=C(C3CC3)C=2)C=CN=1,0.006904320395551622
CC1=C(F)C(NCCCN2N=CC=C2)=C(S(N)(=O)=O)C=C1,0.0036980047705583276
N#CC1=NC(C2CC2)=NC(NCCCN2N=CC=C2)=C1,0.004854302247986197
CS(CCNC1CCC2=C(C=CC=N2)CC1)(=O)=O,0.007082059257663786
NC1=NC(N2CCC(NC(C3CC3)=O)CC2)=NC(C2CCCC2)=N1,0.007225251221098006
CC(C1=NC(NCCNC2=NC=C(C#N)C=C2)=NC(C)=C1)C,0.003886788187082857
N#CC1=CN=C(NCCNC2C3N(N=C(C4CCC4)C=3)C=CN=2)C=C1,0.004796277242712676
CC1=NOC(CNCC(C2=CC=C(Cl)C=C2)N2CCOCC2)=C1,0.008996516466140747
CC1=NC(N2CCC(CN3CCOCC3)CC2)=NC(N)=N1,0.006040028273127973
C(C1SC=CN=1)NC1C2N(N=C(C3CCC3)C=2)C=CN=1,0.007129722856916487
CCCCNC1=NC(NCC2SC=CN=2)=NC(C)=C1,0.0043068519094958905
CC(C1=NC(NCC2=CC=C(C(O)C)C=C2)=NC(C)=C1)C,0.003981053468305617
NS(C1=C(N2CCC(COC3=CC=CC=C3)CC2)C=CC=C1)(=O)=O,0.006038103764876723
CC1=CC(N2CCN(CC3N=CSC=3)CC2)=C(S(N)(=O)=O)C=C1,0.004483056522440165
CC1(C(C2=CC=CC=C2)N(C2=NC(C3CC3)=NC(C#N)=C2)C1)C,0.010188731062225998
COC1=C(C)C(C(N(C2SC=CN=2)C)=O)=CN=C1,0.006820001383312046
CC(CC1OCCC(NC2=C(S(N)(=O)=O)C=CC(C)=C2F)C1)C,0.007817341876216233
C(C1OC2(CCOCC2)OC1)NC1C2N(N=C(C3CCC3)C=2)C=CN=1,0.009692368190735578
CCCNC1=NC=NC(NCC2OC3(CCOCC3)OC2)=C1,0.008559590531513095
CC1CC2N(C=C(C(NC3C4=C(C=CC(=C4)F)OCC3)=O)N=2)CC1,0.0056812731781974435
FC1=CC2=C(OCCC2NC(CCC2=NNN=N2)=O)C=C1,0.0026669500162824987
CC1=C(C(NC2C3=C(C=CC(=C3)F)OCC2)=O)SC(C2COCC2)=N1,0.0059373193653300405
CC1=NC(N2CC3N=CN(C4=CC=CC=C4)C=3CC2)=NC(N)=N1,0.004035127849783748
CN(C1=NC(C2CC2)=NC(C#N)=C1)CC(C)=C,0.009195839008316397
CC1CCN(C2=NC=C(CNC3=C(S(N)(=O)=O)C=CC(C)=C3F)C=C2)CC1,0.004740352486260235
CC1=NC(NCC2=CN=C(N3CCCCCC3)C=C2)=NC(N)=N1,0.005002767196856439
CCN(C1=NC(N)=NC(C)=N1)CC1=CC(Cl)=CC=C1,0.004727987735532224
N#CC1=CC=C(CNC2=NC(C3CC3)=NC(C#N)=C2)C=C1,0.0061277718399651345
O=C(C1CN(C2C3N(N=C(C4CCC4)C=3)C=CN=2)CCC1)NCC1CC1,0.008454533480107784
CC1=NC=C(CNC2=NC(C3CCCC3)=NC(N)=N2)C=C1,0.005808779620565474
O=S(N1CCOCC1)(C1CN(C2C3N(N=C(C4CC4)C=3)C=CN=2)CCC1)=O,0.005324891535565257
COCCC(C1OC=CC=1)NC1=NC(N)=NC(C)=N1,0.005415186635218561
CN(C(CN1CCC(NC(C2=NC=NC(N3CCOCC3)=C2)=O)CC1)=O)C,0.005224422970786691
CN(C(CN1CCC(NC(CC2=CC=C(N3C=NC=C3)C=C2)=O)CC1)=O)C,0.0046125886030495165
COCCC(C1OC=CC=1)NC1C2N(N=C(C3CCC3)C=2)C=CN=1,0.010731056798249483
CC1=CC(NCC2CC(=O)N(C3CC3)C2)=C(S(N)(=O)=O)C=C1,0.004951294232159853
NC1=NC(C2CCCC2)=NC(NCC2CC(=O)N(C3CC3)C2)=N1,0.007036785781383515
CN(C(CN1CCC(NC(C2=C(F)C(F)=C(C)C=C2)=O)CC1)=O)C,0.006360501982271671
CC1=CC(N2CC(COC3=CC=CC=C3)CC2)=C(S(N)(=O)=O)C=C1,0.00662138145416975
CN(C(CN1CCC(NC(C2=CN(CC3CCCC3)N=C2)=O)CC1)=O)C,0.009446287620812654
CN(C(CN1CCC(NC(C2=CN(CC3CC3)N=C2)=O)CC1)=O)C,0.008517426485195757
CC1(C(NCC2=CC=C(C(NCCN3CCCC3)=O)C=C2)=O)CC(=C)C1,0.01170786856673658
CC1C(C(NCC2=CC=C(C(NCCN3CCCC3)=O)C=C2)=O)=CON=1,0.007868461823090912
O=C(C1C(=O)NCCC1)NCC1=CC=C(C(NCCN2CCCC2)=O)C=C1,0.00795177270192653
NC1=NC(N2CC(CO)C2)=NC(C2CCCC2)=N1,0.0036720505100674926
OCC1CN(C2C3N(N=C(C4CCC4)C=3)C=CN=2)C1,0.004972726549021899
CC1=CC(NCC2(C3=NC=CC=C3)CC2)=C(S(N)(=O)=O)C=C1,0.0054201169172301885
CCCNC1=NC=NC(N2CC(C3(OCCO3)C)CCC2)=C1,0.00949102477170527
CC1(C2CN(C3=NC(C4CCCC4)=NC(N)=N3)CCC2)OCCO1,0.009712953586131334
COCC(N1CCN(C2=C(S(N)(=O)=O)C=CC(C)=C2F)CC1)=O,0.004689152701757848
COCC(N1CCN(C2=C3C(C(C4=CC=CC=C4)=NS3)=NC=N2)CC1)=O,0.005990254180505872
CCCNC1=NC=NC(NC(C2=CC3=C(NC(N3)=O)C=C2)C)=C1,0.002900384459644556
CC(C1=CC2=C(NC(N2)=O)C=C1)NC1C2N(N=C(C3CC3)C=2)C=CN=1,0.003667099983431399
CC1=NC(N2CCN(C(CC3=CC=C(Cl)C=C3)=O)CC2)=NC(N)=N1,0.003913851198740303
CC1SC=C(CNC2=C(S(N)(=O)=O)C=CC(C)=C2F)N=1,0.0041751189273782074
O=C1N(CC2=CC=C(NC3=NC(C4CC4)=NC(C#N)=C3)C=C2)CCC1,0.004855772864539176
CN(S(C1=C(CNCC2N(C)N=C3C=2CCCC3)C=CC=C1)(=O)=O)CCO,0.004910175153054297
COC1=CC=C(OCCCNC2=C(S(N)(=O)=O)C=CC=C2)C=C1,0.004965905821882189
COC1=CC=C(C2(CCOCC2)CNC2=C(S(N)(=O)=O)C=CC=C2)C=C1,0.006136538553982973
COC1=C(OC)C=C2C(CCN(C3=NC(N)=NC(C)=N3)CC2)=C1,0.008358861040323972
NC1=NC(N2CCN(C(CCC3=CC=CC=C3)=O)CCC2)=NC(C2CCCC2)=N1,0.0075788524001836775
CC1=NOC(CNCC2(NC(=O)CC2)C)=C1,0.008746061660349368
CC1OC(C)C(C(N2CC(C3NN=NN=3)OCC2)=O)C1,0.004057889396790415
O=C(C1(C2=NC=CC=C2)CC1)N1CC(C2NN=NN=2)OCC1,0.0033339344197884204
CCOCN1C(C)=C(CC(NCCC2SC=C(C3=NC=CC=C3)N=2)=O)C(C)=N1,0.006839922396466136
CC1(C(NCCC2SC=C(C3=NC=CC=C3)N=2)=O)CC(=C)C1,0.008221507677808404
O=C(C1=NC=NC(N2CCOCC2)=C1)NCCC1SC=C(C2=NC=CC=C2)N=1,0.0041431763907894496
CC1=CN=C(CCNCC2N=NN(CC3COCC3)C=2)C=C1,0.008129854081198573
COCCN1N=CC(C(NCCC2SC=C(C3=NC=CC=C3)N=2)=O)=C1,0.006078340718522668
CCN1C(C)=C(C(NCCC2SC=C(C3=NC=CC=C3)N=2)=O)C=N1,0.0064328771084547045
CN(C1=NC=NC(NCC2=CC=CC=C2)=C1)CC(CN1CCOCC1)O,0.0026531366747803986
CC1N=C(C(NCC2N(CC3CCC3)N=CC=2)(C)C)ON=1,0.013181735062971711
CC1N=C(C(NCC2N(C)N=C3C=2CCCC3)(C)C)ON=1,0.014926224574446678
C(C1=NN(CC2=CC=CC=C2)C=C1)NCC1N=NN(CC2COCC2)C=1,0.009605293860659003
CCN1C2=C(C=CC=C2)N=C1C(NC(C1=C(CC#N)C=CC=C1)=O)C,0.0038100933761597844
CC(CC1SC=CC=1)CNC1=C(S(N)(=O)=O)C=CC=C1,0.004231233429163694
CCN1N=C(C2CC2)C(C(NC(C2N(CC)C3=C(C=CC=C3)N=2)C)=O)=C1,0.007160458224825561
CC1=NC(NC2C(=O)N(C3=NN(C)C=C3)CCC2)=CC(C#N)=C1,0.004424731305334717
COC1=C(C(NC2(C3=CC=C(F)C=C3)CCOCC2)=O)N=CC=C1,0.006906511820852756
CC(OC1=C(Cl)C=CC=C1)CNC1=NC(N)=NC(C)=N1,0.0051099647302180525
CC(OC1=CC=C(F)C=C1)CNC1=NC(N)=NC(C)=N1,0.004161654540803283
CCOC(C1SC=C(CN2CCN(C3=NC(C4CC4)=NC(C#N)=C3)CC2)N=1)C,0.006975103914737701
COC1=C(OC)C=C(NC(C2(C3=NC=CC=C3)CC2)=O)C(F)=C1,0.007688490324653685
OC1=CC2=C(OCC(C(NC3CCN(CC#N)CC3)=O)O2)C=C1,0.00252021298474574
COCC1=C(C(NC2CCN(CC#N)CC2)=O)C=CS1,0.004123973272305648
CCC1=CC=C(C(CNCC2N=NN(CC3COCC3)C=2)O)C=C1,0.005082033178769052
CC1C(CCNC([C@H]2[C@H](C3CCOCC3)C2)=O)=C(C)ON=1,0.01015088112326339
CC1C(CCNC(C2=C(CC#N)C=CC=C2)=O)=C(C)ON=1,0.0049781855663241
CC1C(CCNC(C2=C(C3OCCC3)NN=C2)=O)=C(C)ON=1,0.0055240916553884745
CON1CCC(C(NC(C2SC=C(C3=CC=CC=C3)N=2)C)=O)CC1,0.0014873627689667047
CC(C1SC=C(C2=CC=CC=C2)N=1)NC(C1=NC=NC(N2CCOCC2)=C1)=O,0.004594252700917423
C(C1N=NN(CC2COCC2)C=1)NCC1=C2N(C=CC=C2)N=C1,0.007377781625837088
CC1=NC(N2CCC(CN3C(=O)CCCC3)CC2)=NC(N)=N1,0.006217581499367952
OCC1ON=C(C(N2CC3=C(SC=C3)CCC2)=O)C=1,0.004734015977010131
FC1=C(CNC2=NC(C3CC3)=NC(C#N)=C2)C=CC=C1Cl,0.004513158940244466
CC(C1SC2=C(C=CC=C2)C=1)NC(C1=C(C2OCCC2)NN=C1)=O,0.005316101899370551
FC(C1SC2=C(C=CC(=C2)NCC2N=NN(CC3COCC3)C=2)N=1)F,0.004506863665301353
CC1N=C(N2CCN(C3=C(S(N)(=O)=O)C=CC(C)=C3F)CCC2)SN=1,0.005332625890150666
CC1N=C(N2CCN(C3C4N(N=C(C5CC5)C=4)C=CN=3)CCC2)SN=1,0.010561343049630523
CC(NC1C2N(N=C(C3CCC3)C=2)C=CN=1)CCS(C)=O,0.009348584664985537
NS(C1=C(N2CCC(C(F)(F)F)CC2)C=CC=C1)(=O)=O,0.00306962387621752
CS(CC1=CC=C(CNCC2=CN=C(O)C=C2)C=C1)=O,0.0068035847274586555
CCCNC1=NC=NC(NC2C(=O)N(C3CCOCC3)CC2)=C1,0.005923297721892595
CCC1=C(C(NCCC(N2CCN(C(C)=O)CC2)=O)=O)C=C(F)C=C1,0.005657104356214404
CC(N1CCN(C(CCNC(C2=CC=C(C3CCOCC3)C=C2)=O)=O)CC1)=O,0.008240538835525512
CC(N1CCN(C(CCNC(C2=C(F)C(Cl)=CC(Cl)=C2)=O)=O)CC1)=O,0.006386594474315643
CC(N1CCN(C(CCNC(C2=CN(CC3CCCC3)N=C2)=O)=O)CC1)=O,0.009070730907842517
CC(N1CCN(C(CCNC(C2=CC3=C(C=CC=N3)C=C2)=O)=O)CC1)=O,0.005695661413483322
CC[C@H]1N(C)CC[C@@H]1C(NCCC(N1CCN(C(C)=O)CC1)=O)=O,0.009228241816163062
CCN1C2=C(N=CN(C2=O)CC2OC(C(C)C)=CN=2)C=N1,0.006223097373731434
CC1=NOC(CNC2=C(S(N)(=O)=O)C=CC(C)=C2)=C1,0.00452130138874054
CC1=NOC(CNC2C3N(N=C(C4CC4)C=3)C=CN=2)=C1,0.008236849401146173
CN(S(C)(=O)=O)C1CCN(C2C3N(N=C(C4CC4)C=3)C=CN=2)CC1,0.006179971899837255
COCC(CNC1=NC(C2CCCC2)=NC(N)=N1)C,0.007874734071083366
CN1N=CC(N2C(=O)CN(C3=NC(C4CC4)=NC(C#N)=C3)CC2)=C1,0.004963685071561486
CN1N=CC(N2C(=O)CN(C3C4N(N=C(C5CC5)C=4)C=CN=3)CC2)=C1,0.007190441060811281
CC(C1=NC(N2CC(=O)N(C3=CN(C)N=C3)CC2)=NC(C)=C1)C,0.006456246180459857
COC1=CC(OC)=CC(NC(CN(C2C3N(N=C(C4CC4)C=3)C=CN=2)C)=O)=C1,0.007148310309275985
CC([C@H](NC1=NC(C2CC2)=NC(C#N)=C1)CO)C,0.0028587599052116277
CCC(N1CC(NC2C3N(N=C(C4CC4)C=3)C=CN=2)CC1)=O,0.006743911164812743
NC1=NC(C2CCCC2)=NC(NC2CN(C(C3CCCC3)=O)CC2)=N1,0.008062164415605366
OCC1(C2=C(C=CC=C2)CC1)CNCC1=CN=C(O)C=C1,0.004474845225922763
CC1=C(C)SC(CCNC2C3N(N=C(C4CC4)C=3)C=CN=2)=N1,0.008240101439878345
CC(C1=NC(NCCS(CC2CC2)(=O)=O)=NC(C)=C1)C,0.007963101239874959
FC(COC1=CC2=C(N=C(S2)NC(CCC2N=NNC=2)=O)C=C1)(F)F,0.0023299619322642686
ClC1=C(Cl)C(C(C#N)NC(C2C(=O)NCCC2)=O)=CC=C1,0.003990461605628326
CC(NC1=C(S(N)(=O)=O)C=CC=C1)CC(C1=CC=C(F)C=C1)O,0.0029227763356175275
CC1=NC(NCC2=C3C(OCCCO3)=CC=C2)=NC(N)=N1,0.005907902494072914
N#CC1=NC(C2CC2)=NC(NCC2=C3C(OCCCO3)=CC=C2)=C1,0.007028094632551074
CCCN(C(C1SC=CC=1)=O)C1CCN(C2=NC(N)=NC(C)=N2)CC1,0.004609953495673835
COC1=C(OC)C(OC)=C2C(CCN(C3=C(S(N)(=O)=O)C=CC=C3)CC2)=C1,0.008366936421953141
CC(NC(C1=C(C)C=C(NC(C(C2=CC=NC=C2)C)=O)C=C1)=O)C,0.007062665140256286
CC(NC(C1=C(C)C=C(NC(C2=NC=NC(N3CCOCC3)=C2)=O)C=C1)=O)C,0.004925604234449566
CC(NC(C1=C(C)C=CC(NC(C2=C(F)C(F)=C(C)C=C2)=O)=C1)=O)C,0.007940950687043369
CC(NC(C1=C(C)C=CC(NC([C@@]23CCO[C@@H]2CCC3)=O)=C1)=O)C,0.009495617426000535
COC1=C(C)C(C(NC2=CC(C(NC(C)C)=O)=C(C)C=C2)=O)=CN=C1,0.007449247478507459
CC(NC(C1=C(C)C=CC(NC(C2C(C)=CN(C3CCOCC3)N=2)=O)=C1)=O)C,0.00831082200165838
CC(NC(C1=C(C)C=CC(NC(C2C(C)OC(C)C2)=O)=C1)=O)C,0.009916425636038183
CC(NC(C1=C(C)C=CC(NC(C2C(=O)NCCC2)=O)=C1)=O)C,0.006868201377801597
COC1(CCOCC1)CNC1=NC(C2CCCC2)=NC(N)=N1,0.007683075778186321
CN1C(CNCC2(C#N)CCCCC2)=C2C(CCCC2)=N1,0.013032707627007766
CCCNC1=NC=NC(N2CCC(N3C(=O)NCCC3)CC2)=C1,0.004375694110058248
OCC1(CCOCC1)CNC1=C2C(C(C3=CC=CC=C3)=NS2)=NC=N1,0.00368840970331803
OCC1(CCOCC1)CNC1C2N(N=C(C3CCC3)C=2)C=CN=1,0.0048232234315946695
CC1C(C(NCC2(CCCC2)C)=O)=NN(C2CCOCC2)C=1,0.015488108154386282
CN1C(=O)NC=C1C(NCC1(CCCC1)C)=O,0.004539531050249934
CC1(CCCC1)CNC(C1C(=O)NCCC1)=O,0.012235312676057219
CN(CC(CNC1C2N(N=C(C3CC3)C=2)C=CN=1)(O)C)C,0.009197748033329844
CC1=CC(N2CCN(C(C3=CC(Cl)=CC=C3)=O)CC2)=C(S(N)(=O)=O)C=C1,0.004443319630809128
CC1=NOC(CNCC2=CC(NC(C3OCCC3)=O)=CC=C2)=C1,0.007004400319419801
CC1OCCN(CC2=CC(CNCC3N=NN(CC4COCC4)C=3)=CC=C2)C1,0.010375277837738395
CCCC(NC1=C(C)C(NCC2=CN=C(C(F)F)C=C2)=CC=C1)=O,0.004226879868656397
CC(NS(CC1=CC=C(CNCC2SC=C(C(C)(C)C)N=2)C=C1)(=O)=O)C,0.00668307242449373
CC(NS(CC1=CC=C(CNCC2=CN=C(C(F)F)C=C2)C=C1)(=O)=O)C,0.003490232990588993
CCCNC1=NC=NC(NC2C(C(NC)=O)CCC2)=C1,0.0071925650583580135
CC(C(N1CCN(C2=C3C(C(C4=CC=CC=C4)=NS3)=NC=N2)CC1)=O)O,0.0030745625728741286
NS(C1=C(N2CC3CCC(=O)N3CC2)C=CC=C1)(=O)=O,0.0044774479465559125
CC(C1OCCC(NC2C3N(N=C(C4CCC4)C=3)C=CN=2)C1)C,0.011702009150758386
CC1=CC(NCC2CCN(C3=CC=NC=C3)CC2)=C(S(N)(=O)=O)C=C1,0.004420774790924042
CC1C(O)CN(C2=NC(C3CCCC3)=NC(N)=N2)CC1,0.0026366175850853326
CCCCN1N=C(C)C(CNC2C3N(N=C(C4CC4)C=3)C=CN=2)=C1,0.009978013625368477
CCCCN1N=C(C)C(CNC2=C(S(N)(=O)=O)C=CC(C)=C2)=C1,0.005841934424825013
COCC1(CCN(C2=NC=NC(NCC3=CC=CC=C3)=C2)CC1)C,0.008259003050625324
COCC1(CCN(C2=C(S(N)(=O)=O)C=CC(C)=C2)CC1)C,0.006865985761396587
NC1=NC(C2CCCC2)=NC(NCC2=C(N3C=NC=C3)C=CC=C2)=N1,0.004224791435990483
C(CNC1C2N(N=C(C3CC3)C=2)C=CN=1)CCN1C=NC=C1,0.005926785757765174
CN(C1SC=CN=1)C(C1=C(C2OCCC2)NN=C1)=O,0.004458549548871815
CC1NN=C(CN2CCN(C3=C4C(C(C5=CC=CC=C5)=NS4)=NC=N3)CC2)N=1,0.005035968008451163
CC1=NC(N2CC3=C(C=C(C=C3F)Br)CC2)=NC(N)=N1,0.0050373061560094355
COC1C(CNC2=C(S(N)(=O)=O)C=CC=C2)CCC1,0.005903490935452282
BrC1=C(CNC2CCN(S(C3CC3)(=O)=O)CC2)C=CN=C1,0.006594319478608668
OCC1=CC(NCC2N=NN(CC3COCC3)C=2)=CC=C1,0.0037186339381150902
C1C(C2=NN3C(C(N4CCC(C5ON=C(C6=NC=CC=C6)N=5)CC4)=NC=C3)=C2)C1,0.008874569879844784
CCC(C1OCCC(NC2=NC(C3CC3)=NC(C#N)=C2)C1)CC,0.009783858060836792
CC1=NC(NC2C3=C(C(=CC=C3)F)OCCC2)=NC(N)=N1,0.005131772067397833
CN(C1=C(S(N)(=O)=O)C=CC(C)=C1)CC1C(O)CCCC1,0.0034149099374189973
CC(C1N=NN(C2=CC=CC=C2)C=1)(NCC1=CN=C(C(F)F)C=C1)C,0.004565242817625404
CN(CCN1N=C(NCC2N(C)N=C3C=2CCCC3)C=C1)C,0.01388597716577351
CC1(OCCN(CCNC2C3N(N=C(C4CC4)C=3)C=CN=2)C1)C,0.008913436206057668
CN(C(C1=CC(NCC2N=NN(CC3COCC3)C=2)=CC=C1)=O)C,0.006250597327016294
CN1C(CNC2=CC(NC(N)=O)=CC=C2)=C2C(CCCC2)=N1,0.005727378441952169
N#CC1=NC(C2CC2)=NC(N2CCN(CC3N=CSC=3)CCC2)=C1,0.007164860866032541
CC1=CC(N2CCN(CC3N=CSC=3)CCC2)=C(S(N)(=O)=O)C=C1,0.005610164860263467
CNS(C1=CC(C(NC2=NC(C)=CC(C#N)=C2)C)=CC=C1)(=O)=O,0.002871621638769284
COC1=C(C)C=C(CN(C2=NC(N)=NC(C)=N2)C)C=C1,0.00640536688733846
FC1=CC(F)=C(C2(NCC3N=NN(CC4COCC4)C=3)CCCC2)C=C1,0.008393260603770613
CC1=NOC(CNC2=CC3=C(N(C(C4CC4)=N3)C)C=C2)=C1,0.007878645136952401
CCC(NS(CC1=CC(NCC2N(CC3CCC3)N=CC=2)=CC=C1)(=O)=O)C,0.007272444362752139
CCN1N=CC(NCC2N=NN(CC3COCC3)C=2)=C1,0.007848845003172756
CC1=NOC(CNC2=CN(CCN3CCOCC3)N=C2)=C1,0.00809146803803742
CN1N=CC(CN2CCN(C3C4N(N=C(C5CCC5)C=4)C=CN=3)CC2)=C1,0.011177704110741616
CC1=C(F)C(N2CCN(CC3=CN(C)N=C3)CC2)=C(S(N)(=O)=O)C=C1,0.004359639913309366
CN1N=CC(CN2CCN(C3=NC(C4CCCC4)=NC(N)=N3)CC2)=C1,0.007621575566008687
CN1N=CC(CN2CCN(C3=NC(C4CC4)=NC(C#N)=C3)CC2)=C1,0.006990481191314757
CCS(CCNC1=NC(C2CC2)=NC(C#N)=C1)(=O)=O,0.004553751542698592
CN(CC1=C(NCC2=C(F)C=C(C)C=C2)C=C(C(N)=O)C=C1)C,0.005214973376132548
CN1C2=C(C=C(C=C2)NCC2N=NN(CC3COCC3)C=2)N=C1,0.004982929374091327
CC1CCN(C2=CC(NCC3N=NN(CC4COCC4)C=3)=CC=C2)CC1,0.008868635818362235
CN1C2=C(C=CC=C2)CN(C2=NC(C3CC3)=NC(C#N)=C2)CC1,0.008458925713784992
CC1=NOC(CNC2=CC(N3CCC(C(N)=O)CC3)=CC=C2)=C1,0.006647610710933805
CNC(C1C(NCC2N(CC3CCC3)N=CC=2)CCC1)=O,0.011583586875349283
COC1=C(OC)C=C(C(CNC2=NC(N)=NC(C)=N2)(C)C)C=C1,0.007099395547993481
COCCN1CC(NC2=NC(C3CC3)=NC(C#N)=C2)CCC1,0.00608301293104887
CC1=NC(NCC2(C3=C(Cl)C=CC=C3)CCOCC2)=NC(N)=N1,0.004733899002894759
CC1=C(F)C(NC2CCN(CC=C)CC2)=C(S(N)(=O)=O)C=C1,0.004448887426406145
CC1=NOC(CNCC2OC3(CCCCCC3)OC2)=C1,0.017104868963360786
CN1CC(CNC2=C(S(N)(=O)=O)C=CC(C)=C2)N(C)CC1,0.004802914604078978
CCC(C(CNC1=C(S(N)(=O)=O)C=CC(C)=C1)O)CC,0.003201717708725482
C[C@H]1N(C2=NC(N)=NC(C)=N2)CCN(CC2=CC=CC=C2)C1,0.00461444437969476
CC(C1=C(OCCNC2=NC(N)=NC(C)=N2)C=CC=C1)C,0.005278167244978249
CC(C1=NC(NCC2(C(N)=O)CCOCC2)=NC(C)=C1)C,0.006208828813396394
CC1=CC(NCCCC(N2C3=C(C=CC=C3)CC2)=O)=C(S(N)(=O)=O)C=C1,0.005274214781820774
NS(C1=C(NCCCC(N2C3=C(C=CC=C3)CC2)=O)C=CC=C1)(=O)=O,0.004995974490884692
CCCNC1=NC=NC(N(CCN2C(=O)CCC2)C)=C1,0.006134073389694095
CN(C1=C(S(N)(=O)=O)C=CC(C)=C1F)CCN1C(=O)CCC1,0.005678925313986838
COCC1CN(C2=C(S(N)(=O)=O)C=CC=C2)CCC1,0.004823485913220793
CC(S(CCNC1=C(C#N)N=CC(C(F)(F)F)=C1)(=O)=O)(C)C,0.0031548608269076793
O=S1(N(CC2N=C(C3CC3)OC=2)CCC1)=O,0.0068485189462080594
O=C1N(CC2SN=NC=2)C(=O)C(C2CC2)(C2CC2)N1,0.0025860345107503236
COC1=NSC(CN2C(=O)C=CC(C3=CC4=C(OCCCO4)C=C3)=N2)=C1,0.0094923235476017
CCN(C#N)CCOC1ON=C(C2=C(Cl)C=CC=C2)N=1,0.00587444887496531
COC1=NSC(COC2=CC=C(S(N(C)C)(=O)=O)C=C2)=C1,0.006191615667194128
CC1=C(C2(C(=O)N(CC3N=C(C4CC4)OC=3)C(=O)N2)C)C=CC=C1,0.002184226881945506
CCN(C(CN1C(=O)C2=C(C=NN2CC)N=C1)=O)CC,0.007367067551240325
CCN1C2=C(N=CN(C2=O)CC2=C(C)C=CC(C)=C2)C=N1,0.009028850379399956
CC1=CC(NCC2N=NN(CC3COCC3)C=2)=C(Br)C=C1,0.009987601451575756
ClC1=C(N2N=CC(NCC3N=NN(CC4COCC4)C=3)=C2)C=CC=C1,0.006286249309778213
OCCC1CCN(C2=NC(C3CC3)=NC(C#N)=C2)CC1,0.0035955541417934
CC1=C(C2CCN(C3=C(S(N)(=O)=O)C=CC=C3)CC2)C=CC=C1,0.006642622267827391
C1CC(C2=NN3C(C(N4CC(C5N6C(CCC6)=NN=5)CCC4)=NC=C3)=C2)C1,0.010355884907767177
O=C1N(C2CN(C3=C4C(C(C5=CC=CC=C5)=NS4)=NC=N3)CCC2)CCC1,0.007167678489349782
CC1=C(F)C(N2CC(N3C(=O)CCC3)CCC2)=C(S(N)(=O)=O)C=C1,0.005458614858798683
CCCNC1=NC=NC(NC2CN(C3=C(C(N)=O)C=CC=C3)CC2)=C1,0.006122555863112211
CC(C1CC1)(CNC1C2N(N=C(C3CCC3)C=2)C=CN=1)O,0.011574573256075383
CC(C1CC1)(CNC1=NC(C2CCCC2)=NC(N)=N1)O,0.009478963725268841
COCC(CNC1=NC(C2CC2)=NC(C#N)=C1)(O)C,0.006200919789262116
CN(C1=C(S(N)(=O)=O)C=CC(C)=C1F)CC1CN(C)CCC1,0.006052511371672153
CC1=C(F)C(N2CC(OCCO)CCC2)=C(S(N)(=O)=O)C=C1,0.00277824875083752
CN(C1CCN(C2C3N(N=C(C4CC4)C=3)C=CN=2)CC1)CCCO,0.005123613774776459
CC1N(C2=C(S(N)(=O)=O)C=CC(C)=C2)CC(C2=CC=CC=C2)C1,0.0069398530526086685
CCC(N1C(C)=C(NCC2N=NN(CC3COCC3)C=2)C=N1)C,0.010257938085123897
CC(C1=NC=C(Br)C=C1)NCC1N=NN(CC2COCC2)C=1,0.010790298460051417
CCCNC1=NC=NC(N2CCN(C3=NC=NC(N4CCOCC4)=C3)CC2)=C1,0.008168512303382159
CCCN(C1=NC=NC(NCC2=CC=CC=C2)=C1)CCO,0.0034140897099860013
CCCNC1=NC=NC(NC(C2=CC=CC=C2)CCCO)=C1,0.004056053818203509
CN(CC1=C(Cl)C=CC(NCC2N=NN(CC3COCC3)C=2)=C1)C,0.007623297115787864
CC1=NC(NCC(C2=C(Cl)C=CC=C2F)O)=NC(N)=N1,0.0017836814571637661
OCC1(NCC2=CN=C(C(F)F)C=C2)C2=C(C=CC=C2)OCC1,0.0025940818595699966
CN1C(CNC2(C3=C(C=CC=C3)CCC2)CO)=C2C(CCCC2)=N1,0.010997618548572063
CC(C1CCN(C2=NC(C3CC3)=NC(C#N)=C2)CC=1)(C)C,0.012694256147369742
CCCNC1=NC=NC(N2CCC(COC)(O)CC2)=C1,0.007055392116308212
NS(C1=C(N2CC(C3=CC(OC(F)F)=CC=C3)OCC2)C=CC=C1)(=O)=O,0.003663731028791517
COC1=C2C(C(CN(C3=NC(C4CC4)=NC(C#N)=C3)C2)O)=C(OC)C=C1,0.003266948519740254
FC1=CC(F)=C(N2CC(NC(CC3=C4N(CCCC4)N=C3)=O)CC2)C=C1,0.005971700721420348
FC1=CC(F)=C(N2CC(NC(CCC3N=NNC=3)=O)CC2)C=C1,0.00248714437475428
CN(C(CN1N=C(NC2=NC(C3CC3)=NC(C#N)=C2)C=C1)=O)C,0.0050970827462151645
COC1=CC(C(NC2CC2)=O)=C(NC(C2=CN(CCN(C)C)N=C2)=O)C=C1,0.007857117941603065
COC1=CC(C(NC2CC2)=O)=C(NC(C2C(=O)NCCC2)=O)C=C1,0.008279098058119416
CCN1N=C(C2CC2)C(C(NC2=C(C(NC3CC3)=O)C=C(OC)C=C2)=O)=C1,0.00804181038402021
CN(C(C1=CC(CCNC2=C(S(N)(=O)=O)C=CC(C)=C2)=CC=C1)=O)C,0.00518712563207373
CCCNC1=NC=NC(NCCC2=CC(C(N(C)C)=O)=CC=C2)=C1,0.006248754938133061
CC1=CC(N2CC3N=CN(CCC4=CC=CC=C4)C=3CC2)=C(S(N)(=O)=O)C=C1,0.0061806391691789034
NS(C1=C(NCC2OC3(CCCCC3)OC2)C=CC=C1)(=O)=O,0.00782915058080107
NC1=NC(C2CCCC2)=NC(NCCC2=CC=C(CO)C=C2)=N1,0.0034392440924420954
CC(C(C1(CC1)CNC1=C(S(N)(=O)=O)C=CC(C)=C1F)O)C,0.003852061566431075
CC(C(C1(CC1)CNC1=NC(C2CCCC2)=NC(N)=N1)O)C,0.005050530284643173
CC(CCN(C1=C2C(C(C3=CC=CC=C3)=NS2)=NC=N1)C)O,0.004186117311473936
CC(NC1=NC(C2CC2)=NC(C#N)=C1)CCC1N(C)C=CC=1,0.00825774623081088
CC(C1CCN(C2=NC(C3CC3)=NC(C#N)=C2)CC1)C,0.010134172881953419
CC1C(CCNC(C2=C(C(C)(C)C)N=CN2)=O)=C(C)ON=1,0.003807157080154866
CC1C(CCNC(C2C(=O)NCCC2)=O)=C(C)ON=1,0.0069823679747059945
CC1C(CCNC(C2=C(C(F)(F)F)C=NN2)=O)=C(C)ON=1,0.0028744910727255047
O=C(C1=C(C2OCCC2)NN=C1)N1CC2=C(SC=C2)CCC1,0.0062833299394696954
COC1=C(N2CCC(NCC3=C(OCC4COCC4)C=NC=C3)CC2)C=CC=C1,0.009996552299708129
CC1(C2=C(F)C=CC=C2)C(=O)N(COC2CCOCC2)C(=O)N1,0.0022290885623078792
COC1=NSC(CN2C(=O)C=C(C(C)C)N=C2)=C1,0.009792570071294904
CC(CCNS(C1=CC=C(OCOC2CCOCC2)C=C1)(=O)=O)C,0.00850943261757493
COCCN(C1SC=C(CN2C=C(C(C)(C)C)N=C2)N=1)C(C)=O,0.007375048520043492
CC(C1N=CN(CC2OC(C3=CC(F)=CC=C3)=NN=2)C=1)(C)C,0.004708139144349843
COC1=C(CN2C=C(C(C)(C)C)N=C2)C=C(C#N)C=C1,0.008346047159284354
COC1=C(S(CCCN2C=C(C(C)(C)C)N=C2)(=O)=O)C=CC=C1,0.008404582133516669
CC(C1N=CN(CC2N=C(C3=C(F)C=C(F)C=C3)ON=2)C=1)(C)C,0.006352549069561064
CC(C1N=CN(CC2N(CC3CCOCC3)N=NN=2)C=1)(C)C,0.008258474431931973
CN1N=C(CN2C=C(C(C)(C)C)N=C2)N=N1,0.007188841700553894
CN(CCCOC1=CC=C(NC(C2C(C)=NOC=2)=O)C=C1)C,0.006663843709975481
CON1CCC(C(NC2=CC=C(OCCCN(C)C)C=C2)=O)CC1,0.002041441053734161
N#CC1=NC(C2CC2)=NC(N2CC3N(C(C4=CC=CC=C4)=NN=3)CC2)=C1,0.006751819350756705
CN(CCCOC1=CC=C(NC(CC2=C3N(CCCC3)N=C2)=O)C=C1)C,0.00841943765990436
C1C(C2=NN3C(C(N4CC5N(C(C6=CC=CC=C6)=NN=5)CC4)=NC=C3)=C2)C1,0.009833049634471536
CC(C1=NC(N2CC3N(C(C4=CC=CC=C4)=NN=3)CC2)=NC(C)=C1)C,0.009709045197814703
CCCNC1=NC=NC(N2CC3N(C(C4=CC=CC=C4)=NN=3)CC2)=C1,0.006970834126695991
COCCN1N=CC(C(NC2=CC=C(OCCCN(C)C)C=C2)=O)=C1,0.006819608435034752
CCC1N=C(N2CCN(C3=C(S(N)(=O)=O)C=CC=C3)CCC2)SN=1,0.005689185857772827
CCC1N=C(N2CCN(C3=NC(C4CCCC4)=NC(N)=N3)CCC2)SN=1,0.00878428346477449
CCC1N=C(N2CCN(C3=C(S(N)(=O)=O)C=CC(C)=C3F)CCC2)SN=1,0.00543591370806098
COCC1=C(F)C=CC(CNC(C2=NOC(CO)=C2)=O)=C1,0.0031219613621942697
COCC1=C(F)C=CC(CNC(C2N3C(CCCC3)=CN=2)=O)=C1,0.005125648004468531
CC1C(CNCC2=CN=C(O)C=C2)(O)CCC1,0.01067752055823803
CCCCNC1=NC(N2CC(COCC)CC2)=NC(C)=C1,0.008390503376722336
CCOCC1CN(C2=C3C(C(C4=CC=CC=C4)=NS3)=NC=N2)CC1,0.010409870417788625
CNC(C(CN(C1=NC=NC(NCC2=CC=CC=C2)=C1)C)C)=O,0.005456550978124142
CCN(CC(F)(F)F)CC1CN(C2=NC(C3CCCC3)=NC(N)=N2)CC1,0.005390943138627336
COC1(CCC1)CNC1=NC(C2CCCC2)=NC(N)=N1,0.008967391634359955
CC1N2C(=NC(=C2)CNC(C2N3C(CCCC3)=CN=2)=O)C=CC=1,0.005529957660473883
CC1N2C(=NC(=C2)CNC(C2=NC=NC(N3CCOCC3)=C2)=O)C=CC=1,0.003521202562842518
CC1=C(CO)C=C(C(NCC2N=C3N(C(=CC=C3)C)C=2)=O)O1,0.002522835956187919
CC1N2C(=NC(=C2)CNC(C2=CC=C(C3CCOCC3)C=C2)=O)C=CC=1,0.005736073688603937
CC1=C(C(NCC2N=C3N(C(=CC=C3)C)C=2)=O)SC(C2COCC2)=N1,0.0048046672716736795
CCOC(C(NC1CCN(CC(N(C)C)=O)CC1)=O)(C)C,0.008645869279280304
CN(C(CN1CCC(NC(C2N(CC3CCC3)N=CC=2)=O)CC1)=O)C,0.008384901983663439
COCCN1N=CC(C(NC2(C3=CC=C(OC)C=C3)CC2)=O)=C1,0.008965510549023748
CC1=NC(N2CC3=C(C=CC(C(C)(C)C)=C3)CC2)=NC(N)=N1,0.008423193288035691
COCC(OC)CNC1C2N(N=C(C3CC3)C=2)C=CN=1,0.008414422161877155
COCC(OC)CNC1=NC(C2CC2)=NC(C#N)=C1,0.006778506375849247
CC([C@H](NC1=NC(C2CC2)=NC(C#N)=C1)CO)(C)C,0.003356220677960664
CCCNC1=NC=NC(N2CCC(OCC3COCC3)CC2)=C1,0.009600060340017081
CC(OCC1=NC=CC(Cl)=C1)CC1NC=CN=1,0.003544663405045867
COC1=NSC(CN2C(=O)N(C)N=C2)=C1,0.007206534221768379
CC1=C(C#N)C(=O)N(CC2=C3C(COCC3)=CC=C2)C=C1,0.008447143691591918
COC1=NSC(CN2C(=O)C3=C(CCC3)N=C2)=C1,0.011273939022794366
COC1=NSC(CN2C(=O)SC=N2)=C1,0.008063746150583029
CC(C(C1N(C)C=NN=1)NC(C1OC2=C(C=CC(=C2)O)OC1)=O)C,0.0045875223819166425
CCOCN1C(C)=C(CC(NC(C2N(C)C=NN=2)C(C)C)=O)C(C)=N1,0.0087398151634261
CC(C(C1N(C)C=NN=1)NC(C1=C2C(C=CC=C2O)=CC=C1)=O)C,0.004581337817944587
COC1=CC(CCNC(NC2C3N(N=CC=3)CCC2)=O)=C(OC)C=C1,0.005514013557694852
COCCCOC1=C(OC)C=C(NC(C2=C(C)C(OC)=CN=C2)=O)C=C1,0.007154795317910611
CCCC1(NC(C2C(C3CC3)=NN(CC)C=2)=O)COCC1,0.012585823703557254
COCCN1N=CC(C(NCC2(C(F)(F)F)CC2)=O)=C1,0.0058806699060369285
CCOC(C(N[C@@H]1[C@@H](C2=CN=CC=C2)C1)=O)(C)C,0.0073992600780911745
O=C([C@H]1[C@H](C2CCOCC2)C1)N[C@@H]1[C@@H](C2=CN=CC=C2)C1,0.008043931153952143
CC(CC1(C(N[C@@H]2[C@@H](C3=CN=CC=C3)C2)=O)C(=O)NCC1)C,0.008087540813721716
COC1=C(C)C(C(N[C@@H]2[C@@H](C3=CN=CC=C3)C2)=O)=CN=C1,0.007203473430126906
CC(C(N[C@@H]1[C@@H](C2=CN=CC=C2)C1)=O)OCC1=CC(C)=CC=C1,0.007183419179636985
O=C(C1(C2=NC=CC=C2)CC1)N[C@@H]1[C@@H](C2=CN=CC=C2)C1,0.008035138191189617
COC1=C(C)C2=C(C(=CO2)CC(N[C@@H]2[C@@H](C3=CN=CC=C3)C2)=O)C=C1,0.0069935167790390555
O=C(C1C(=O)NCCC1)N[C@@H]1[C@@H](C2=CN=CC=C2)C1,0.005796109919901937
CC1OC(CNC(NC2CCN(C3CC3)CC2)=O)=CC=1,0.005116278817877173
CC1=CC=C(N2N=NC(C(N3[C@@H](CN)CCCC3)=O)=C2)C=C1,0.006930436729453504
NC[C@@H]1N(C(C2N=NN(CC3=CC=CC=C3)C=2)=O)CCCC1,0.007231530244462192
CC1=CC=C(C2=NOC(C(N3[C@@H](CN)CCCC3)=O)=C2)C=C1,0.0071179723832756284
CC1=C(S(C)(=O)=O)C=C(C(N2[C@@H](CN)CCCC2)=O)C=C1,0.007264767936430871
COC1=C(OC)C(OC)=C(CNC(NCC2=C3C(COCC3)=CC=C2)=O)C=C1,0.006471914215944707
FC1=C(CCNC(NC2C3N(N=CC=3)CCC2)=O)C(F)=CC=C1,0.004017650743480772
O=C(NC1C2N(N=CC=2)CCC1)NCC1=C(OC2CCCC2)C=CC=C1,0.006588631821796298
CC1=NN(C)C(CNC(C2N3C(CCCC3)=CN=2)=O)=C1,0.006609137286432087
CC1=NN(C)C(CNC(C2=CN(CC3CC3)N=C2)=O)=C1,0.00984677104279399
CC1=NN(C)C(CNC(C2C(=O)NCCC2)=O)=C1,0.006388470716774464
CC(C1=CC=NC=C1)C(NCC1N(C)N=C(C)C=1)=O,0.008783300244249403
COC1=C(C2(CC2)CNC(NC2C3N(N=CC=3)CCC2)=O)C=CC=C1,0.006218531145714223
CCOC(C(NC1=CC=C(S(N2C(CO)CCC2)(=O)=O)C=C1)=O)(C)C,0.002648940507788211
CC1(C(NC2=CC=C(S(N3C(CO)CCC3)(=O)=O)C=C2)=O)CC(=C)C1,0.003455203608609736
CC[C@H]1N(C)CC[C@@H]1C(NC1=CC=C(S(N2C(CO)CCC2)(=O)=O)C=C1)=O,0.003327417955733836
O=C(N1C(C2=NNC=C2)CCCC1)CCC1N=NNC=1,0.003508529672399163
O=C(C1N2C(C=CC=C2)=CN=1)N1C(C2=NNC=C2)CCCC1,0.002735195931745693
CCN1C(C)=C(C(N2C(C3=NNC=C3)CCCC2)=O)C=N1,0.005536678247153759
O=C(C1=NC=NC(N2CCOCC2)=C1)N1CC2CC(CCC2)C1,0.007906780485063792
CN(C1=NC(N)=NC(C)=N1)CC1(CCCCCC1)O,0.00909102507866919
CN(C1=C(S(N)(=O)=O)C=CC(C)=C1)CC1(CCCCCC1)O,0.010096303327009082
CCCNC1=NC=NC(N2CC(CO)(CC)CCC2)=C1,0.004014744132291526
COC1=C(C)C(C(NCC2(C(F)(F)F)CC2)=O)=CN=C1,0.006339447364734951
CC1=C(CC2=C(F)C=C(F)C=C2)SC(NC(CCC2N=NNC=2)=O)=N1,0.003327379538677633
COCC1=C(C(NCC2=NC=C(OC(F)F)C=C2)=O)C=CS1,0.003994236327707767
OC1=CC2=C(OCC(C(NCC3=NC=C(OC(F)F)C=C3)=O)O2)C=C1,0.003035007324069738
CC[C@H]1N(C)CC[C@@H]1C(NCC1=NC=C(OC(F)F)C=C1)=O,0.004792118328623474
CC1C(C(NCC2=NC=C(OC(F)F)C=C2)=O)=NOC=1,0.004890027176588774
CC[C@H]1N(C)CC[C@@H]1C(N1CC(OCCOC)CC(CO)C1)=O,0.004717052297201008
COC1=C(C2N=C(C3CN(C(C4C(C)=CON=4)=O)CCC3)SC=2)C=CC=C1,0.007939882948994637
COC1=C(C2N=C(C3CN(C(C4=NOC(CO)=C4)=O)CCC3)SC=2)C=CC=C1,0.0036726206890307367
CCN1C(C)=C(C(N2CCS(=O)(=O)C(C)(C)CC2)=O)C=N1,0.008852290082722902
CC(CC1(C(N2CCS(=O)(=O)C(C)(C)CC2)=O)C(=O)NCC1)C,0.00964707713574171
NCC(C1CC1)NC(C1N2C(CCCC2)=CN=1)=O,0.00837876838631928
CN1C(C2N(C(C3=C(Cl)C=CC(N)=C3)=O)CCNC2)=NC=C1,0.0023298131534829737
NC1=CC(C(NCC(C(F)(F)F)N2CCNCC2)=O)=C(Cl)C=C1,0.0025375964718477918
CCOC1=CC=C([C@H]2[C@H](NC(C3C(=O)NCCC3)=O)C2)C=C1,0.007197623630054295
COC1=C(CNC(NC2C(C)OC(C)C2)=O)C2=C(C=CC=C2)C=C1,0.005581751931458712
CC1SC=C(COC2=CC(C(N3[C@@H](CN)CCCC3)=O)=CC=C2)N=1,0.007116328179836273
CN(C(C1=CC(C(N2[C@@H](CN)CCCC2)=O)=CC=C1)=O)C,0.009730382589623332
NC[C@@H]1N(C(COC2=C(OCC(F)(F)F)C=CC=C2)=O)CCCC1,0.008080342842731625
CC1OC(C)C(NC(NCCC2N=C3N(C=CC=C3)C=2)=O)C1,0.0033341391012072564
CC1=C(C(N2[C@@H](CN)CCCC2)=O)SC(C2=NC=CC=N2)=N1,0.006164418254047632
CC(N1C(C2CC2)=CC(C(N2[C@@H](CN)CCCC2)=O)=N1)(C)C,0.012453501345589757
NC[C@@H]1N(C(CC2=NN(C3=CC=C(F)C=C3)C=C2)=O)CCCC1,0.005756596522405744
NC[C@@H]1N(C(C2=CN(C3=CC(Br)=CC=C3)N=C2)=O)CCCC1,0.008804518682882189
ClC1=CC(OCCNC(C2=CN(CC3CCCC3)N=C2)=O)=CN=C1,0.007399182859808206
CC1=C(CO)C=C(C(NCCOC2=CC(Cl)=CN=C2)=O)O1,0.0027794002438895405
ClC1=CC(OCCNC(C2=NC=NC(N3CCOCC3)=C2)=O)=CN=C1,0.00398683485109359
O=C(NC1C2N(N=CC=2)CCC1)NCC1SC=CN=1,0.003962871863041073
CC([C@@H]1N(C)CCN(C(NCCS(C)(=O)=O)=O)C1)C,0.003498408675659448
CC([C@@H]1N(C)CCN(C(NCCCC2ON=C(C)N=2)=O)C1)C,0.00444901044247672
C[C@H](C1=CC=CC=C1)NC(NC1C2N(N=CC=2)CCC1)=O,0.005249113379977644
CC(C1=CC(C)=CC(C)=C1)NC(NC1C2N(N=CC=2)CCC1)=O,0.006691550347022712
CN(C(C1=NOC(CO)=C1)=O)CC1=CC=C(OCC(F)(F)F)C=C1,0.0034403422498144208
CCN1N=C(C2CC2)C(C(N2C(C3=NNC=C3)CCCC2)=O)=C1,0.006659641722217202
CC1(C2=CC=CC=C2)CCN(C(CCC2N=NNC=2)=O)CCC1,0.005403731809929013
CC1(C2=CC=CC=C2)CCN(C(C2=NN3C(N=CC=C3)=C2)=O)CCC1,0.010341952089220285
CO[C@@H]1C[C@H](N(C(C2=C(OC)C=CC=N2)=O)C)C1,0.009651511372067035
CO[C@@H]1C[C@H](N(C(C2=C(C)N=C(C3COCC3)S2)=O)C)C1,0.009601604007184506
CC1OC(CNC(NC2C(=O)N(CC(F)(F)F)CC2)=O)=CC=1,0.002834263966360595
CCC1=CC=C(C2CN(C(C3=NC=NC(N4CCOCC4)=C3)=O)CCC2)C=C1,0.007286391803063452
CCC1CN(C(CNC(CC2OC(C3=CC=CC=C3)=NN=2)=O)(C)C)CCC1,0.007498318329453468
CN(CCOC1=CC=C(N(C(C2=C(C3OC=CC=3)NN=C2)=O)C)C=C1)C,0.005484466184861958
CN(CCOC1=CC=C(N(C(C2=C(C(F)(F)F)C=NN2)=O)C)C=C1)C,0.00342963453149423
CC(C1C2=C(C=CC=C2)N(C(C2N(C)C(=O)NC=2)=O)C1)C,0.003336440259590745
CN(C1=C(NC(C2=C(Cl)C=CC(N)=C2)=O)C=CC=C1)C1CCCC1,0.007469240087084472
O=C(NCC1=C2C(COCC2)=CC=C1)NCC1=C(CN2CCCC2)C=CC=C1,0.0071273806504905226
ClC1=C(C2N(C(COCC3=CN=CC=C3)=O)CCNC2)C=CC=C1,0.005098823760636151
CCN1N=C(C2CC2)C(C(NC2C(C)(C)CNCC2)=O)=C1,0.009877658868208527
COC1=C(C(NCCC2=CN=C(C)C=C2)=O)N=CC=C1,0.006908161845058203
CC1=C(C(NCCC2=CN=C(C)C=C2)=O)SC(C2COCC2)=N1,0.006568661658093333
CC1=NC=C(CCNC(C2=CN(CC3CCCC3)N=C2)=O)C=C1,0.01108738398179412
CN(C(C1N2C(CCCC2)=CN=1)=O)CCN1N=CC=C1,0.007279760111123324
CN(C(C1N2C(CCCC2)=NC=1C(F)F)=O)CCN1N=CC=C1,0.004877818934619427
CN(C(CC1=C2N(CCCC2)N=C1)=O)CCN1N=CC=C1,0.010904621705412865
CC(C1=CC=NC=C1)C(N(CCN1N=CC=C1)C)=O,0.008951530279591679
COC1=C(C)C2=C(C(=CO2)CC(N(CCN2N=CC=C2)C)=O)C=C1,0.009239660017192364
CN(C(C1OC2=C(C=CC(=C2)O)OC1)=O)CCN1N=CC=C1,0.004767374880611896
CC1OC(C)C(NC(NCCN2CC3=C(C=CC=C3)CC2)=O)C1,0.006768142501823604
CC1CN(C(C2=NOC(CO)=C2)=O)CCC=1,0.005950038577429951
CC1CN(C(CC2OC(C3=CC=CC=C3)=NN=2)=O)CCC=1,0.008256453135982156
FC1=CC(NC(C2=CC=C(C3CCOCC3)C=C2)=O)=CN=C1,0.005804595677182079
CCOCN1C(C)=C(CC(C(NC2=CC(F)=CN=C2)=O)C)C(C)=N1,0.006549913622438908
CN(CCN1N=CC(C(NC2=CC(F)=CN=C2)=O)=C1)C,0.004831072548404336
NC[C@@H]1N(C(C2SC(C3=CC4=C(OCO4)C=C3)=NC=2)=O)CCCC1,0.00636119358241558
NC[C@@H]1N(C(CC2N=C(C3=CC=C(Cl)C=C3)OC=2)=O)CCCC1,0.0050688289338722825
NC[C@@H]1N(C(CC2=NN(C3=CC=CC=C3)C=C2)=O)CCCC1,0.006982566928490997
NC[C@@H]1N(C(COC2=CC=C(C(F)(F)F)C=C2)=O)CCCC1,0.006577789178118109
CC1N(C2=CC(Br)=CC=C2)N=NC=1C(N1[C@@H](CN)CCCC1)=O,0.0082142676692456
CC1=C(F)C=C(C2N=C(CCC(N3[C@@H](CN)CCCC3)=O)ON=2)C=C1,0.00571621551644057
CC1OC(CNC(NCC2=CC(N3CCOCC3)=NC=C2)=O)=CC=1,0.003602870088070631
CC1C(C(NCCOC2=CC(Cl)=CN=C2)=O)=NOC=1,0.005670010740868747
OC1=CC2=C(OCC(C(N3CCC(N4C5=C(C=CC=C5)CC4)CC3)=O)O2)C=C1,0.005003943433985114
O=C(C1=CC=C(C2N=CNC=2)C=C1)N1CCC(N2C3=C(C=CC=C3)CC2)CC1,0.003880954091437161
FC(C1=C(C(N2CCC(C3=NC=CC=C3)(C#N)CC2)=O)N2C(CCCC2)=N1)F,0.0027015794248654856
O=C(N1CCC(C2=NC=CC=C2)(C#N)CC1)[C@H]1[C@H](C2CCOCC2)C1,0.005695863262462808
O=C(N1CCC(C2=NC=CC=C2)(C#N)CC1)CC1=C2N(CCCC2)N=C1,0.005359978906926699
CC1(C(N2CCC(C3=NC=CC=C3)(C#N)CC2)=O)CC(=C)C1,0.006583796042468748
CC[C@H]1N(C)CC[C@@H]1C(N1CCC(C2=NC=CC=C2)(C#N)CC1)=O,0.0057672116947287575
CC1C(C(NC2=NC3=C(C=CC(=C3)Cl)C=C2)=O)=NN(C2CCOCC2)C=1,0.005290972080547363
CC1OC(C)C(NC(NC2CCN(CC3CC3)CC2)=O)C1,0.007598608080297708
CCN1C(NC(N2C(C)CC(N)C2)=O)=CC=N1,0.004296351782977581
O=C(NC1C2=C(C=CC=C2)OCCC1)NC1C2N(N=CC=2)CCC1,0.006483260565437377
CCC1SC=C(CCNC(NC2C3N(N=CC=3)CCC2)=O)N=1,0.005126095656305551
CCOCN1C(C)=C(CC(NC2=CC(C3=C(OC)C=CC=C3)=CC=C2)=O)C(C)=N1,0.0074486614437773825
NS(C1=C(N2CC(N3N=CN=C3)CC2)C=CC=C1)(=O)=O,0.004675082676112652
CC1=C(F)C(N2CC(N3N=CN=C3)CC2)=C(S(N)(=O)=O)C=C1,0.005072925705462694
NC1=NC(N2CC(N3N=CN=C3)CC2)=NC(C2CCCC2)=N1,0.006500434153713286
COCCN1N=CC(C(N2CC3=C(C=CN=C3)C2)=O)=C1,0.00941583509556949
CC(C1=C(C(N2CC3=C(C=CN=C3)C2)=O)NC=N1)(C)C,0.004208790056873113
FC(C1=C(C(N2CC3=C(C=CN=C3)C2)=O)NN=C1)(F)F,0.0029171108617447317
COC1=C(C)C2=C(C(=CO2)CC(N2CC3=C(C=CN=C3)C2)=O)C=C1,0.009106823708862066
O=C(C1=C(C2OCCC2)NN=C1)N1CC2=C(C=CN=C2)C1,0.005888257920742035
CCC1=C2C(C(=CN2)CCNC(C2C(C)=CON=2)=O)=CC=C1,0.006075723352842033
O=C(C1=C(C2OC=CC=2)NN=C1)N1CCN(C2NC=CN=2)CC1,0.0023372985480818896
CC1=C(C(N2CCN(C3NC=CN=3)CC2)=O)SC(C2COCC2)=N1,0.0026860584039241076
O=C(C1(C2=C3C(C=CC=C3)=CC=N2)CC1)N1CCN(C2NC=CN=2)CC1,0.0033160218619741498
FC1=C(OC2CCN(C(C3=C(C4OCCC4)NN=C3)=O)CC2)N=CC=C1,0.004863726417534053
FC1=C(OC2CCN(C(C3N4C(CCCC4)=CN=3)=O)CC2)N=CC=C1,0.0056222562212497
CCN1C(C)=C(C(N2CCC(OC3=C(F)C=CC=N3)CC2)=O)C=N1,0.007099751313216984
O=C(C1N2C(CCCC2)=CN=1)NCC1CNCCC1,0.0060243792831897736
CN(C(C1OC2=C(C=CC(=C2)O)OC1)=O)CCCN1CCN(C)CC1,0.005879869172349572
CC(C1SC=CN=1)CN(C1=NC(N)=NC(C)=N1)C,0.004455574264284223
CC(C1SC=CN=1)CN(C1=NC(C2CC2)=NC(C#N)=C1)C,0.007535056630149484
COC1=C(C(N2CC(C)=CCC2)=O)C(OC)=NC=C1,0.009363601123914123
NC[C@@H]1N(C(C2=NOC(COC3=C(Cl)C=CC=C3Cl)=C2)=O)CCCC1,0.008684259792789816
CC1N(C2=CC=C(OC(F)F)C=C2)N=NC=1C(N1[C@@H](CN)CCCC1)=O,0.004662691080011427
CC1SC=C(C2=CC(C(N3[C@@H](CN)CCCC3)=O)=CC=C2)N=1,0.00729517072904855
CN(S(C1=C(C)OC(C(N2[C@@H](CN)CCCC2)=O)=C1)(=O)=O)C,0.0060642783530056475
CN(S(C1=CC=CC=C1)(=O)=O)CC(N1[C@@H](CN)CCCC1)=O,0.0062514757970348
FC(COC1=C(Cl)C=C(NC(CCC2=NNN=N2)=O)C=C1)(F)F,0.0018895795408752746
CN(CCN1N=CC(C(NC2=CC(Cl)=C(OCC(F)(F)F)C=C2)=O)=C1)C,0.005272907682228834
FC(COC1=C(Cl)C=C(NC(C2=C(C3OCCC3)NN=C2)=O)C=C1)(F)F,0.003827239602105692
CC(C1=CC=C(C)C=C1)NC(NC1C(C)OC(C)C1)=O,0.007254093838855624
COC1=C(OC)C(CNC(NC2C(C)OC(C)C2)=O)=CC=C1,0.006736541213467717
CC([C@@H](C(N1CC(OC2=CC(F)=CC=C2)CC1)=O)N)C,0.007589209522120654
CCC(C(N1CCC(NC(NCC2=C(F)C(F)=CC=C2)=O)CC1)=O)CC,0.005112880072556436
OC1=CC2=C(OCC(C(N3CC(C4CCOCC4)C3)=O)O2)C=C1,0.006450446229428053
CCOC(C(NC1=CC=C(CC2ON=C(C(C)C)N=2)C=C1)=O)(C)C,0.0087289979448542
CC1OC(CNC(NCC2CCN(CC3SC=CC=3)CC2)=O)=CC=1,0.0047599079320207235
O=C(N1CC(C2OC=CC=2)=CCC1)C[C@H]1C(=O)NC2=C(C=CC=C2)C(=O)N1,0.008668413711711764
OC1=CC2=C(OCC(C(N3CC(C4OC=CC=4)=CCC3)=O)O2)C=C1,0.005816089082509279
OCC1ON=C(C(N2CC(C3OC=CC=3)=CCC2)=O)C=1,0.0052380567416548725
CC1C(C(N2CC(C3OC=CC=3)=CCC2)=O)=CON=1,0.011177434818819165
O=C(C1=C(C2OCCC2)NN=C1)N1CC(C2OC=CC=2)=CCC1,0.006730684055946767
O=C(C1N2C(CCCC2)=CN=1)N1CC(C2OC=CC=2)=CCC1,0.009171284455806016
CC1(C2=CC=CC=C2)CCN(C(C2=NC=NC(N3CCOCC3)=C2)=O)CCC1,0.008372072130441666
CC1N(C(C2=C(C3OC=CC=3)NN=C2)=O)CC(N2CCCC2)C1,0.007042780821211636
CC1N(C(C[C@H]2C(=O)NC3=C(C=CC=C3)C(=O)N2)=O)CC(N2CCCC2)C1,0.00835039869416505
COCCN1N=CC(C(N2C(C)CC(N3CCCC3)C2)=O)=C1,0.011971873743459583
CC1N(C(C2N(C)C(=O)NC=2)=O)CC(N2CCCC2)C1,0.004395325225777924
OC1(C(F)(F)F)CCN(C(C2=C(C3OCCC3)NN=C2)=O)CCC1,0.004868159699253738
CC1=C(C(NC2CCC3(C(=O)NC(=O)N3)CC2)=O)C=CC(OC2=CC=CC=C2)=C1,0.0026847456581890585
O=C(C1=CC=C(C2CCOCC2)C=C1)NC1CCC2(C(=O)NC(=O)N2)CC1,0.002854912937618792
CC1OC(C)C(C(NC2CCC3(C(=O)NC(=O)N3)CC2)=O)C1,0.003067492099944502
O=C(N1CCN(C2NC=CN=2)CC1)CC1=C2N(CCCC2)N=C1,0.0031933636753819885
CC(C(N1CCN(C2NC=CN=2)CC1)=O)OCC1=CC(C)=CC=C1,0.0027957266371231525
CC1=C(CO)C=C(C(N2CCN(C3NC=CN=3)CC2)=O)O1,0.0012766302621457725
O=C(C1=NN2C(N=CC=C2)=C1)N1CCN(C2NC=CN=2)CC1,0.002323579537915066
FC1=C(OC2CCN(C(C3=CC=C(C4CCOCC4)C=C3)=O)CC2)N=CC=C1,0.008187577803619206
FC1=C(OC2CCN(C(CC3=CC=C(N4C=NC=C4)C=C3)=O)CC2)N=CC=C1,0.0048326400923542675
CC1=C(CO)C=C(C(N2CCC(OC3=C(F)C=CC=N3)CC2)=O)O1,0.0031372774275951086
FC1=C(OC2CCN(C(CCC3N=NNC=3)=O)CC2)N=CC=C1,0.00295822627376765
CC(C1=CC=NC=C1)C(N1CCC(OC2=C(F)C=CC=N2)CC1)=O,0.006778096896596253
CCN1N=C(C2CC2)C(C(NC2=CC3=C(CCC(C3)N)N=C2)=O)=C1,0.009871548367664218
NC1=CC(C(NC2C3(CCNCC3)C2)=O)=C(Cl)C=C1,0.006990165356546641
FC1=C(Br)C=C([C@@H]2C[C@@H](NC(C3C(=O)NCCC3)=O)C2)C=C1,0.007751705474220216
CCOC1=CC=C([C@H]2[C@H](NC(C3N4C(CCCC4)=CN=3)=O)C2)C=C1,0.006533906352706254
CC1OC(C2SC=C(CC(N3[C@@H](CN)CCCC3)=O)N=2)=CC=1,0.0075730850454419855
O=C(NC(C1CC1)C1CC1)NCC1=C2C(COCC2)=CC=C1,0.00911216768436134
NC[C@@H]1N(C(C2=CC(S(NC3CCCC3)(=O)=O)=CC=C2)=O)CCCC1,0.006598441093228757
CC1N(C2=CC3=C(N=CC=C3)C=C2)N=NC=1C(N1[C@@H](CN)CCCC1)=O,0.006766555411741137
CC1=CN(CC(N2[C@@H](CN)CCCC2)=O)N=C1,0.007305573392659426
NC[C@@H]1N(C(C2N=C(C3SC(Cl)=CC=3)SC=2)=O)CCCC1,0.00618235794827342
CCC(NC1=CC(C(N2[C@@H](CN)CCCC2)=O)=CC=C1)=O,0.006891498574987054
NC[C@@H]1N(C(C2=NC(N3N=CC=C3)=CC=C2)=O)CCCC1,0.005910281906835735
CC(C1C2=C(N=C(C=C2C(N2[C@@H](CN)CCCC2)=O)C)ON=1)C,0.008590484317392112
CCN1N=CC(C(N2[C@@H](CN)CCCC2)=O)=C1,0.008711274759843946
CN1C(C2CN(C(C3N4C(CCCC4)=CN=3)=O)CCC2)=CC=N1,0.007540372991934418
COCCN1N=CC(C(NC2=C(C)N(CC3=C(F)C=CC=C3)N=N2)=O)=C1,0.005643715406768024
CC1CC(C)C(NC(NC2C3N(N=CC=3)CCC2)=O)CC1,0.008021731185726822
CC([C@@H]1N(C)CCN(C(NCCOC2=CN=CC=C2)=O)C1)C,0.004063741164281964
CC1=C(CO)C=C(C(N2CCC(C3=CC=CC=C3)(C)CCC2)=O)O1,0.00623601907864213
COCCN1CC(NC(NCC2=C3C(COCC3)=CC=C2)=O)CC1,0.0060242698295041915
CC1N(C)C(CCNC2=NC(C3CC3)=NC(C#N)=C2)=NN=1,0.005492384312674403
CCC1=NOC(CNC(NC2C(C)OC(C)C2)=O)=C1,0.005727648688480258
O=C(N1CCN(C2NC=CN=2)CC1)CC1OC(C2=CC=CC=C2)=NN=1,0.0021325705165509135
O=C(N1CCN(C2NC=CN=2)CC1)C1C(=O)NCCC1,0.0023657129087951033
O=C(C1=C(CC#N)C=CC=C1)N1CCN(C2NC=CN=2)CC1,0.0014728490217294165
CC1C(CNC(C2=C(C3OCCC3)NN=C2)=O)=CSC=1,0.00593980816192925
CC1C(CNC(C2=C(C(F)(F)F)C=NN2)=O)=CSC=1,0.0023817023960873485
CC1C(CNC(C2OC3=C(C=CC(=C3)O)OC2)=O)=CSC=1,0.004672171664424241
CCOCN1C(C)=C(CC(C(NCC2C(C)=CSC=2)=O)C)C(C)=N1,0.010191889945417643
CC1C(CNC(C2C(C)=CN(C3CCOCC3)N=2)=O)=CSC=1,0.009408495528623462
CC1C(C(NCC2C(=O)N(C)C(C)=CC=2)=O)=NOC=1,0.008245605998672545
CN(CCN1N=CC(C(NCC2C(=O)N(C)C(C)=CC=2)=O)=C1)C,0.008803469641134144
CC1N(C)C(=O)C(CNC(C2(C3=NC=CC=C3)CC2)=O)=CC=1,0.009894091449677945
CC1=C(CO)C=C(C(NCC2C(=O)N(C)C(C)=CC=2)=O)O1,0.004121643002144992
CC[C@H]1N(C)CC[C@@H]1C(NCC1C(=O)N(C)C(C)=CC=1)=O,0.007669668551534415
CC1N(C)C(=O)C(CNC(C2=C(C(C)(C)C)N=CN2)=O)=CC=1,0.003782549116294831
CC1N(C)C(=O)C(CNC(CC2=C3N(CCCC3)N=C2)=O)=CC=1,0.009028841881081462
O=C(NC1=CC2=C(CCNC2)N=C1)COCC1=CN=CC=C1,0.006063556694425642
NCCN1N=NC(C(N2CC(OC3=CC(F)=CC=C3)CC2)=O)=C1,0.006448379484936595
NC1=NC(C(N2CC(OC3=CC(F)=CC=C3)CC2)=O)=CC=C1,0.0038992860238067804
CC1OC(C)C(NC(NCC2=CC=C(COCC(F)(F)F)C=C2)=O)C1,0.0045439277484547345
OCC1ON=C(C(N[C@H]2[C@H](C3=C(F)C=CC=C3F)C2)=O)C=1,0.002697139623342082
CC1=C(C(N2CC(OC3=CC(F)=CC=C3)CC2)=O)SC(N)=N1,0.0052779899444431065
NC1=NC=C(C(N2CC(OC3=CC(F)=CC=C3)CC2)=O)N=C1,0.003998333844356239
CN1C(=O)NC=C1C(N[C@H]1[C@H](C2=C(F)C=CC=C2F)C1)=O,0.002327847006381489
CCOCN1C(C)=C(CC(C(N[C@H]2[C@H](C3=C(F)C=CC=C3F)C2)=O)C)C(C)=N1,0.007210122037213296
CN(CCN1N=CC(C(N[C@H]2[C@H](C3=C(F)C=CC=C3F)C2)=O)=C1)C,0.005478277802467346
CC(C(N1CC(OC2=CC(F)=CC=C2)CC1)=O)N,0.00804388492833823
CC1C(C(N[C@H]2[C@H](C3=C(F)C=CC=C3F)C2)=O)=NOC=1,0.005639658216387034
CCOCN1C(C)=C(CC(C(N[C@H]2[C@H](CC)C2)=O)C)C(C)=N1,0.009613093151710928
CC[C@H]1[C@H](NC(CC2OC(C3=CC=CC=C3)=NN=2)=O)C1,0.006233210675418377
COC1=CC(OC)=CC(CCC(N2[C@@H](CN)CCCC2)=O)=C1,0.009715940430760383
NC[C@@H]1N(C(C2C3=C(CCC3)N(C3=C(F)C=CC=C3)N=2)=O)CCCC1,0.007613728148862719
NC[C@@H]1N(C(C2C3=C(CCC3)N(C3=CC(F)=C(F)C=C3)N=2)=O)CCCC1,0.007835880061611534
CC1N(CC2=CC=CC=C2)N=CC=1C(N1[C@@H](CN)CCCC1)=O,0.009046585438773036
CS(C1=CC=C(OCCCC(N2[C@@H](CN)CCCC2)=O)C=C1)(=O)=O,0.00592698531690985
NC[C@@H]1N(C(C2=NC=C(N)C=C2)=O)CCCC1,0.004674857913050801
COC1=C(OCCC(C)C)C=CC(C(N2[C@@H](CN)CCCC2)=O)=C1,0.012704892549663782
CNCC(C(N1[C@@H](CN)CCCC1)=O)C,0.008680760394781828
NC[C@@H]1N(C(C2=CC(N)=C(F)C=C2)=O)CCCC1,0.005235329340212047
CC1N(C2=CC=C(Br)C=C2)N=CC=1C(N1[C@@H](CN)CCCC1)=O,0.009250397747382521
CN1C(=O)C=CC(C(N2[C@@H](CN)CCCC2)=O)=C1,0.007681048801168799
NC[C@@H]1N(C(C2=CC=C(C3OC=NC=3)C=C2)=O)CCCC1,0.006315537658520043
CC1N(C2=CC=C(C(N3[C@@H](CN)CCCC3)=O)C=C2)N=CC=1,0.007313144998624921
CN1C(C)(C)CN(C(C2=C(C(F)(F)F)C=NN2)=O)CC1,0.0026043666526675223
CN1C(C)(C)CN(C(C2C(=O)NCCC2)=O)CC1,0.009123417502269148
COC1(C(NC2C3N(N=CC=3)CCC2)=O)CCNCC1,0.008382254699245095
NCCC(NC1C2N(N=CC=2)CCC1)=O,0.010714435344561934
NC1(C(NC2C3N(N=CC=3)CCC2)=O)CC1,0.013721544994041324
NC1=C(F)C=CC(C(NC2C3N(N=CC=3)CCC2)=O)=C1,0.00473531624302268
N[C@H](C(NC1C2N(N=CC=2)CCC1)=O)CC1C2=C(C=CC=C2)NC=1,0.007363344822078943
CC1(C(NC2C3N(N=CC=3)CCC2)=O)CNC1,0.008874007873237133
O=C(C1C(=O)NCCC1)NC1C2(CCOCC2)CCC1,0.011681320471689105
C(C1NC(C2CCOCC2)=NN=1)NC1CCC2(CCCCC2)CC1,0.012169079668819905
CCOCCN1CCN(C(CC2OC(C3=CC=CC=C3)=NN=2)=O)CC1,0.005854266928508878
CCOCCN1CCN(C(C2N(C)C(=O)NC=2)=O)CC1,0.0025796151079703123
COC1=C(C2=CC(NC(CC3=C4N(CCCC4)N=C3)=O)=CC=C2)C=CC=C1,0.008522127754986286
CON1CCC(C(NC2=CC(C3=C(OC)C=CC=C3)=CC=C2)=O)CC1,0.0020103652670513837
C(C1NC(C2CCOCC2)=NN=1)NC1CCCCCC1,0.009584530116990208
CC1CC(NCC2NC(C3CCOCC3)=NN=2)CCC1,0.009906342485919595
COC1=C(CNC2=NC(N)=NC(C)=N2)C=C(F)C=C1,0.0038099099067039786
COC1=C(CNC2=NC(C3CCCC3)=NC(N)=N2)C=C(F)C=C1,0.005314530851319432
CC1OC(CNC(NCC2=CC3=C(OCCCO3)C=C2)=O)=CC=1,0.0055444631958380345
O=C(NC1C2N(N=CC=2)CCC1)NCC1=CC2=C(OCCCO2)C=C1,0.0061650985386222604
CC1=CC=C(N2C(=O)CN(C(C3=C(CC#N)C=CC=C3)=O)CC2)C=C1,0.004734893298882525
COC1=C(C)C(C(N2CC(=O)N(C3=CC=C(C)C=C3)CC2)=O)=CN=C1,0.006703713489696383
CN(CCN1N=CC(C(N2CC(=O)N(C3=CC=C(C)C=C3)CC2)=O)=C1)C,0.007513505662791431
CC(C1=CC=NC=C1)C(N1CC(=O)N(C2=CC=C(C)C=C2)CC1)=O,0.0073179255705326796
N#CC1=NC(C2CC2)=NC(NC2CC(C3=CC=CC=C3)OCC2)=C1,0.0070054709212854505
CC1OC(C)C(NC(NCC2=CC(C)=C(F)C=C2)=O)C1,0.00473558142548427
CCN1C(C2N(C(C3=C(C)N(CC)N=C3)=O)CCCC2)=NC=C1,0.006462439824827015
CCN1C(C2N(C(C3OC4=C(C=CC(=C4)O)OC3)=O)CCCC2)=NC=C1,0.0033983608591370285
CCN1C(C2N(C(CCC3N=NNC=3)=O)CCCC2)=NC=C1,0.002762211044318974
CCN1C(C2N(C(C3CCN(OC)CC3)=O)CCCC2)=NC=C1,0.0019019333296455443
OCC1ON=C(C(N[C@H]2[C@H](C3=CC=C(Br)C=C3)C2)=O)C=1,0.004095390415750444
BrC1=CC=C([C@H]2[C@H](NC(CCC3=NNN=N3)=O)C2)C=C1,0.003655454987892881
CC1C(C(N[C@H]2[C@H](C3=C(Cl)C=CC=C3F)C2)=O)=NN(C2CCOCC2)C=1,0.0061478870920836926
FC1=C([C@H]2[C@H](NC(C3=C(C4OCCC4)NN=C3)=O)C2)C(Cl)=CC=C1,0.003949003579327837
COC1=CC=C(C(C2CC2)NC(NC2C(C)OC(C)C2)=O)C=C1,0.008468968840315939
CN1C(=O)NC=C1C(N[C@H]1[C@H](C2=CC(F)=C(F)C(F)=C2)C1)=O,0.0026291398011380807
CCOCN1C(C)=C(CC(N[C@H]2[C@H](C3=CC(F)=C(F)C(F)=C3)C2)=O)C(C)=N1,0.006699254538398236
COC1=C(C(N[C@H]2[C@H](C3=CC(F)=C(F)C(F)=C3)C2)=O)N=CC=C1,0.006142698822077364
O=C(NC1C2N(N=CC=2)CCC1)NC(C1=CC=CC=C1)C1CC1,0.006836008466780186
CC1=C(C(N[C@H]2[C@H](C3=CC=C(Cl)C=C3)C2)=O)SC(C2COCC2)=N1,0.006608632707502693
CC1C(C(N[C@H]2[C@H](C3=CC=C(Cl)C=C3)C2)=O)=NN(C2CCOCC2)C=1,0.007990841916762293
CC1=C(CO)C=C(C(N[C@H]2[C@H](C3=CC=C(Cl)C=C3)C2)=O)O1,0.0034162372205173595
ClC1=CC=C([C@H]2[C@H](NC(CCC3=NNN=N3)=O)C2)C=C1,0.0027375703066354617
OCC1ON=C(C(N[C@H]2[C@H](C3=CC=C(Cl)C=C3)C2)=O)C=1,0.002893268983461894
CC1C(C(N[C@H]2[C@H](C3=CC=C(Cl)C=C3)C2)=O)=NOC=1,0.006816475105006247
CC1=C(CO)C=C(C(N[C@@H]2C[C@@H](C3=CC=C(C(F)(F)F)C=C3)C2)=O)O1,0.003292025503469631
FC(C1=CC=C([C@@H]2C[C@@H](NC(CCC3N=NNC=3)=O)C2)C=C1)(F)F,0.0027455446193926035
FC(C1=CC=C([C@@H]2C[C@@H](NC(C3C(=O)NCCC3)=O)C2)C=C1)(F)F,0.00519382490310818
CC1C(C(N[C@@H]2C[C@@H](C3=CC=C(C(F)(F)F)C=C3)C2)=O)=CON=1,0.0057821831316687165
CCN1N=C(C2CC2)C(C(NC2=CC(CN(CCO)C)=C(Cl)C=C2)=O)=C1,0.0039912493084557354
CCN1C(C)=C(C(NC2=CC(CN(CCO)C)=C(Cl)C=C2)=O)C=N1,0.0037403946393169464
CN(CC1=C(Cl)C=CC(NC([C@@]23CCO[C@@H]2CCC3)=O)=C1)CCO,0.0045872587594203654
NC[C@@H]1N(C(C2=NN=C(N3C=NC=C3)C=C2)=O)CCCC1,0.004301906924229115
NC[C@@H]1N(C(C2SC=C(C3=CC=CC=C3)N=2)=O)CCCC1,0.007290923688560724
NC[C@@H]1N(C(C2=CC=C(S(NC3CC3)(=O)=O)C=C2)=O)CCCC1,0.0053452427964657545
CN1C2=C(C=C(C(N3[C@@H](CN)CCCC3)=O)C=C2)CCC1=O,0.007959883683361113
CCC1=C(S(C)(=O)=O)C=C(C(N2[C@@H](CN)CCCC2)=O)C=C1,0.007384030264802277
NC[C@@H]1N(C(C2C3=C(C=CC(=C3)Br)OC2)=O)CCCC1,0.011252625659108163
NC[C@@H]1N(C(C2=CC(C(F)(F)F)=CN=C2)=O)CCCC1,0.004828235029708594
NC[C@@H]1N(C(C2=CC(N3N=NC=C3)=CN=C2)=O)CCCC1,0.006180347641929984
COC1=C(F)C(CCC(N2[C@@H](CN)CCCC2)=O)=CC=C1,0.009040358662605285
CN1C(CC(N2[C@@H](CN)CCCC2)=O)=NC(C2CC2)=N1,0.008263331186026335
CC1N(C2=CC=C(C(N3[C@@H](CN)CCCC3)=O)C=C2)N=NN=1,0.005594243900850416
CC(N1N=C(C)C(C(N2[C@@H](CN)CCCC2)=O)=C1)C,0.010124854603782296
CC1OC(C)C(C(NC2=CC(Br)=C(N3CCOCC3)N=C2)=O)C1,0.008683871012181044
BrC1=C(N2CCOCC2)N=CC(NC(CCC2N=NNC=2)=O)=C1,0.0030698465183377267
CCC1SC(CNC(NCC2OC(C)=CC=2)=O)=CC=1,0.004230410524178297
COC1=C(C(N2CC(S(C)(=O)=O)CC2)=O)C(OC)=NC=C1,0.006103576044552028
CCC1=C(C(N2CC(S(C)(=O)=O)CC2)=O)C=C(F)C=C1,0.006041532964445651
CS(C1CN(C(C2=CC=C(C3CCOCC3)C=C2)=O)CC1)(=O)=O,0.008635759819298983
CC1OC(C)C(C(N2CC(S(C)(=O)=O)CC2)=O)C1,0.01031686356291175
CS(C1CN(C(C2=CN(CC3CCCC3)N=C2)=O)CC1)(=O)=O,0.008976504998281598
CCOC(C(N1CC(S(C)(=O)=O)CC1)=O)(C)C,0.00827431185171008
COC1=C(C)C2=C(C(=CO2)CC(N2CC(S(C)(=O)=O)CC2)=O)C=C1,0.006483142171055079
COC1=C(C)C(C(N2CC(S(C)(=O)=O)CC2)=O)=CN=C1,0.006544041796587408
CS(C1CN(C(CC2=CC=C(N3C=NC=C3)C=C2)=O)CC1)(=O)=O,0.004530275613069535
CC1OC(CNC(NCC2=CC=C(CN3C(=O)CCC3)C=C2)=O)=CC=1,0.004470649873837829
CC1=C2C(CCN(C(C3=NC=NC(N4CCOCC4)=C3)=O)C2)=CC(F)=C1,0.005969692557118833
CC(OC1=C(CNC(NCC2OC(C)=CC=2)=O)C=CC=C1)C,0.005400804022792726
C[C@@H](N(C(CC1=CC=C(N2C=NC=C2)C=C1)=O)C)CO,0.002728711225790903
CC(C1N=C(C2CCN(C(C3N4C(CCCC4)=CN=3)=O)CC2)SC=1)(C)C,0.008096630731597543
O=C(C1=CN(CC2CC2)N=C1)NCC1NC=CN=1,0.003630612511187792
CN(C1=NC(N)=NC(C)=N1)CC1=NC=C(C)C=C1,0.005211166664958
CCC1=CC=C(C(CNC(C2=C(CC#N)C=CC=C2)=O)O)C=C1,0.0032605540984150137
CCC1=CC=C(C(CNC(C2=NC=NC(N3CCOCC3)=C2)=O)O)C=C1,0.0027837478322908283
CC[C@H]1N(C)CC[C@@H]1C(NCC(C1=CC=C(CC)C=C1)O)=O,0.005527135287411511
CCC1=CC=C(C(CNC(C2CCN(OC)CC2)=O)O)C=C1,0.001188833212654572
CCC1=CC=C(C(CNC(C2C(C)=CN(C3CCOCC3)N=2)=O)O)C=C1,0.005547370691783726
CCC1=CC=C(C(CNC(C2=C(COC)SC=C2)=O)O)C=C1,0.004370190796907991
CCN1C(C)=C(C(N(CC2=CN(C(C)C)N=C2)CC(C)=C)=O)C=N1,0.013833365123718976
CCCN(C(C1=C(C(F)(F)F)C=NN1)=O)CCN1CCCCC1,0.0030700785689987244
CCCN(C(C1=NN2C(N=CC=C2)=C1)=O)CCN1CCCCC1,0.00916644437238574
CN(C(CN1CCC(NC(NC2C3N(N=CC=3)CCC2)=O)CC1)=O)C,0.0046041063847951594
O=C(C1=C(C2OCCC2)NN=C1)N1CCC2(CCC2)CC1,0.008858892414718867
CC1OC(C)C(NC(NCC2=C(OCC3CC3)C=CC=C2)=O)C1,0.007958728400990368
CC1CN(C(C2=NC=NC(N3CCOCC3)=C2)=O)C1,0.006875080475583673
FC(OC1=C(Br)C=C(NC(C2C(=O)NCCC2)=O)C=C1)(F)F,0.003988223883789032
NC1=CC(C(NCCNC2CC2)=O)=C(Cl)C=C1,0.005324506375472993
CCN1N=C(C2CC2)C(C(NC2=CN=C(N)C=C2)=O)=C1,0.004337819071952254
CC1=C(CO)C=C(C(NCC2CC(F)(F)CC2)=O)O1,0.0032199935871176423
FC1(CC(CNC(CCC2=NNN=N2)=O)CC1)F,0.002643077739048749
FC1(CC(CNC(C2=NC=NC(N3CCOCC3)=C2)=O)CC1)F,0.0045391356106847525
CCCOC1=CC(C)=C(CNC(C2=C(Cl)C=CC(N)=C2)=O)C=C1,0.005546772386878729
CCN(CC1=CC=C(CNC(NC2C(C)OC(C)C2)=O)C=C1)CC,0.008057737839408219
CCN(CC1=CC=C(CNC(NC2C3N(N=CC=3)CCC2)=O)C=C1)CC,0.006998808193020523
CC1OC(C)C(NC(NCC2SC3=C(C=CC=C3)N=2)=O)C1,0.004357188113499433
BrC1=C([C@H]2[C@H](NC(C3C(=O)NCCC3)=O)C2)C=CC=C1,0.008669330761767924
CCC1=C(C(NCC2(C#N)CC2)=O)C=C(F)C=C1,0.005418453615504859
CC1=C(F)C(F)=C(C(NCC2(C#N)CC2)=O)C=C1,0.006748927796002136
CC1CC2N(C=C(C(NCC3(C#N)CC3)=O)N=2)CC1,0.004645085188184339
CC1OC(C)C(C(NCC2(C#N)CC2)=O)C1,0.009690664489751555
OC1=CC2=C(OCC(C(NCC3(C#N)CC3)=O)O2)C=C1,0.003620826571187763
O=C(C1C(=O)NCCC1)NCC1(C#N)CC1,0.005819538921347345
CN(CC1=C(Cl)C=CC(NC(C2N(C)C(=O)NC=2)=O)=C1)CCO,0.0012713887117570266
CN(CC1=C(Cl)C=CC(NC(C2=C(C(C)(C)C)N=CN2)=O)=C1)CCO,0.0018199777783593162
CC1=C(NC([C@H]2[C@@H](C(F)(F)F)CCCC2)=O)C=C(C2NC(=O)NN=2)C=C1,0.0029375173515290955
CC1N(C2=C(C)C=CC=C2)N=CC=1C(N1[C@@H](CN)CCCC1)=O,0.008686557179316878
NC[C@@H]1N(C(CCC2ON=C(C3=COC=C3)N=2)=O)CCCC1,0.007897299388423562
CC(S(C1=CC=C(C(N2[C@@H](CN)CCCC2)=O)C=C1)(=O)=O)C,0.008013953641057014
O=C(NC1C2N(N=CC=2)CCC1)NCCC1=CN(C2=CC=CC=C2)N=C1,0.0056068709585815665
CC(C(NC1=CC(C(N2[C@@H](CN)CCCC2)=O)=C(Cl)C=C1)=O)C,0.006729706539772451
NC[C@@H]1N(C(C2N=C(CC3=CC=C(F)C=C3)SC=2)=O)CCCC1,0.0060007994994521145
CC1C2N(C=C(N=2)CC(N2[C@@H](CN)CCCC2)=O)C=CC=1,0.005062678048852831
CC1C2=C(N=C(C3CC3)C=C2C(N2[C@@H](CN)CCCC2)=O)ON=1,0.008784332405775785
NC[C@@H]1N(C(C2=CN3C(=NC=C3)C=C2)=O)CCCC1,0.0049626604886725545
OC1=C(CNCC(C(F)(F)F)N2N=CN=C2)C=C(Cl)C=C1Cl,0.002476826716156211
CC([C@@H]1N(C)CCN(C(NCC2=CC(N3CCN(C)CC3)=NC=C2)=O)C1)C,0.005911277257837355
CS(C1(CC1)CNC(C1=CC=C(C2N=CNC=2)C=C1)=O)=O,0.003795504407025874
CS(C1(CC1)CNC(C1=NC=NC(N2CCOCC2)=C1)=O)=O,0.005994725273922086
CN(S(C1=CC=C(CNC(NCC2OC(C)=CC=2)=O)C=C1)(=O)=O)C,0.0028700620401650666
CCN1C(C)=C(C(N2C[C@H](CN3CCOCC3)CCC2)=O)C=N1,0.009694043826311827
COC1=C(C(N2C[C@H](CN3CCOCC3)CCC2)=O)C(OC)=NC=C1,0.0074874299578368666
FC(C1=C(C(N2C[C@H](CN3CCOCC3)CCC2)=O)N2C(CCCC2)=N1)F,0.004906457383185625
CC1=C(CO)C=C(C(N2C[C@H](CN3CCOCC3)CCC2)=O)O1,0.004432783136144281
CC1C(C(N2C[C@H](CN3CCOCC3)CCC2)=O)=CON=1,0.008790290681645274
CN(CCN1N=CC(C(N2C[C@H](CN3CCOCC3)CCC2)=O)=C1)C,0.01009951662272215
CCN1N=C(C2CC2)C(C(N2C[C@H](CN3CCOCC3)CCC2)=O)=C1,0.011029712995514274
O=C(C1=CC=C(C2N=CNC=2)C=C1)N1CCC(S(N2CCCC2)(=O)=O)CC1,0.002709119993960485
CN(CCN1N=CC(C(N2CCC(S(N3CCCC3)(=O)=O)CC2)=O)=C1)C,0.007073804177343846
CC1=C(CO)C=C(C(N2CCC(S(N3CCCC3)(=O)=O)CC2)=O)O1,0.00314319864846766
CC(C1=CC=NC=C1)C(N1CCC(S(N2CCCC2)(=O)=O)CC1)=O,0.00652314096223563
O=C(N1CCC(S(N2CCCC2)(=O)=O)CC1)CC1=C2N(CCCC2)N=C1,0.0071470309747383
CC1=C(F)C(F)=C(C(N2CCC(S(N3CCCC3)(=O)=O)CC2)=O)C=C1,0.006883763708174229
O=C(C1N2C(CCCC2)=CN=1)N1CCC(S(N2CCCC2)(=O)=O)CC1,0.005209931801073253
O=C(C1=C(C2OCCC2)NN=C1)N1CCC(S(N2CCCC2)(=O)=O)CC1,0.004306758963502943
CC1=NOC(CNC(NC2C3N(N=CC=3)CCC2)=O)=C1,0.005195711925625801
CC([C@@H]1N(C)CCN(C(NCCN2CCN(S(C)(=O)=O)CC2)=O)C1)C,0.004416817519813776
CCN(C(C(NC1=NC=NC(NCC2=CC=CC=C2)=C1)C)=O)C,0.005299253389239311
CC(C1SC=CN=1)N1CCN(C2=C(S(N)(=O)=O)C=CC=C2)CC1,0.0047331078327260915
CC(C1SC=CN=1)N1CCN(C2=C(S(N)(=O)=O)C=CC(C)=C2F)CC1,0.004523888533003628
FC(C1=C(C(NCCC2=CNC(=O)C=C2)=O)NN=C1)(F)F,0.0019133978843456135
FC([C@H]1[C@@H](C(NCCC2=CNC(=O)C=C2)=O)CCCC1)(F)F,0.002843165852840457
COC1=C(NC([C@H]2[C@H](C3CCOCC3)C2)=O)C=CC(CCO)=C1,0.004327954619657248
COCCN1N=CC(C(NC2=C(OC)C=C(CCO)C=C2)=O)=C1,0.0034433911088854073
COC1=C(NC(C2=C(C(F)(F)F)C=NN2)=O)C=CC(CCO)=C1,0.0014391322532901541
COC1=C(NC(C2=NC=NC(N3CCOCC3)=C2)=O)C=CC(CCO)=C1,0.0027199530391953885
COC1=C(NC(C2=CN(CCN(C)C)N=C2)=O)C=CC(CCO)=C1,0.003911793557927012
COC1=C(C(N2CC3(CN(C)C3)CC2)=O)C(OC)=NC=C1,0.009309929190203547
FC(C(N1N=CN=C1)CNCC1=CC=C(OC2=NC=CN=C2)C=C1)(F)F,0.0034579416926135307
FC(C(N1N=CN=C1)CNCC1SC(C2SC=CC=2)=NC=1)(F)F,0.0033028785037458874
FC(C(N1N=CN=C1)CNCC1=C2C(C=NN2)=CC=C1)(F)F,0.002297778743741219
CC1=C(C)C=C(CNCC(C(F)(F)F)N2N=CN=C2)C(O)=C1,0.0024805169756291433
FC(C(N1N=CN=C1)CNCC1N2C(C=CC(=C2)Br)=NC=1)(F)F,0.0032366279228881467
CC1(OC2=C(C=C(C=C2)CNCC(C(F)(F)F)N2N=CN=C2)C1)C,0.004690230076084845
COCCOC1=CC=C(CNCC(C(F)(F)F)N2N=CN=C2)C=C1,0.0037121695233508943
CC1(OC2=C(C=C(C=C2)CNCC(C(F)(F)F)N2N=CN=C2)CC1)C,0.0053002075932454314
NC1=CC(C(NCC2OCCNC2)=O)=C(Cl)C=C1,0.004548442491795868
COCCN1N=CC(C(N[C@H]2[C@H](C3=C(Br)C=CC=C3)C2)=O)=C1,0.008324558497406542
CC1C(C(NCC2(C#N)CC2)=O)=NOC=1,0.0076471653360425055
CCN1N=C(C2CC2)C(C(NCC2(C#N)CC2)=O)=C1,0.007495789820779919
CN(CCN1N=CC(C(N[C@@H]2C[C@@H](C3=CC(C(F)(F)F)=CC=C3)C2)=O)=C1)C,0.005628345673903823
CC(C1C(CNC(CC2=CC=C(N3C=NC=C3)C=C2)=O)CCO1)=C,0.0057667703833431
CC(C1C(CNC(C2OC(C)=C(CO)C=2)=O)CCO1)=C,0.00553358446341008
CC(C1C(CNC(CC2=C3N(CCCC3)N=C2)=O)CCO1)=C,0.011147893313318492
FC(OC1=C(CNC(NC2C3N(N=CC=3)CCC2)=O)C=CC=C1)F,0.0036416251328773796
CC(C1C(CNC(C[C@H]2C(=O)NC3=C(C=CC=C3)C(=O)N2)=O)CCO1)=C,0.008665928640402854
CC(C1C(CNC(C2N3C(CCCC3)=CN=2)=O)CCO1)=C,0.007995709730312228
CC(C1C(CNC(C2C(C)=CON=2)=O)CCO1)=C,0.010940961726009845
CCN(CC1=C(CNC(NC2C(C)OC(C)C2)=O)C=CC=C1)CC,0.007904559327289461
CC(C(NC1=C(C)C=CC(C2NC(=O)NN=2)=C1)=O)OCC1=CC(C)=CC=C1,0.003744198812637478
O=C(N1CC(C2OC(=O)NN=2)CCC1)[C@H]1[C@H](C2CCOCC2)C1,0.0037220709840767086
FC([C@H]1[C@@H](C(N2CC(C3OC(=O)NN=3)CCC2)=O)CCCC1)(F)F,0.002735287183412538
CC1CC(C2N(C(C3=CN(CC4CC4)N=C3)=O)CCC2)C(O)CC1,0.007537331385537982
CC1CC(C2N(C(C3C(C)=CON=3)=O)CCC2)C(O)CC1,0.007484829425811768
CC([C@@H]1N(C)CCN(C(NCC2=C(N3CCOCC3)N=CC=C2)=O)C1)C,0.004832290369085968
CCC1OCCCN(C(C2C(=O)NCCC2)=O)C1,0.009598624147474765
CCC1OCCCN(C(C2OC(C)=C(CO)C=2)=O)C1,0.005685383267700672
CCC1OCCCN(C(C2=CC=C(C3N=CNC=3)C=C2)=O)C1,0.003929794486612082
FC(COC1=C(CNC(NCC2=C3C(COCC3)=CC=C2)=O)C=CC=N1)(F)F,0.004032867506612092
CC1OC(C)C(NC(NCC2=C(OCC(F)(F)F)N=CC=C2)=O)C1,0.0036181109317112714
CCN1N=C(C2CC2)C(C(NC2C3=C(C=C(C(=C3)Br)F)OC2)=O)=C1,0.00764149110764265
CC1SC=C(CNC(NCC2=C3C(COCC3)=CC=C2)=O)N=1,0.004688543407246471
CCOC1=C(CNC(NC2C3N(N=CC=3)CCC2)=O)C=CC=C1,0.0053077942691743376
CCCN1N=CC(NC(NCC2=C3C(CNCC3)=CC=C2)=O)=C1,0.005010457127355039
CC1OC(C)C(C(NCC2=CC=C(OC3CCN(C)CC3)C=C2)=O)C1,0.010765299992635846
CN1CCC(OC2=CC=C(CNC(C3(C4=NC=CC=C4)CC3)=O)C=C2)CC1,0.008229791047051549
CN1CCC(OC2=CC=C(CNC(C3N4C(CCCC4)=CN=3)=O)C=C2)CC1,0.005869735451415181
CC(C1=C(C(NCC2=NN(CC3=CC=CC=C3)C=C2)=O)NC=N1)(C)C,0.004108992463443428
O=C(NCC1=NN(CC2=CC=CC=C2)C=C1)CC1=C2N(CCCC2)N=C1,0.010867474833503366
CC1=C(C(NCC2=NN(CC3=CC=CC=C3)C=C2)=O)SC(C2COCC2)=N1,0.006978622497990727
CC1=NC(N2C(NC(NCC3=C4C(CNCC4)=CC=C3)=O)=CC=N2)=NC(C)=C1,0.004020837519783526
O=C([C@H]1[C@H](C2CCOCC2)C1)NCC1=NN(CC2=CC=CC=C2)C=C1,0.008987362147308886
FC(C1=C(C(NCC2=NN(CC3=CC=CC=C3)C=C2)=O)N2C(CCCC2)=N1)F,0.004752568888943642
CC(C1=CC(N2C(=O)CCC2)=CC=C1)NC(NCC1OC(C)=CC=1)=O,0.004630715260282159
CCCCNC1=NC(N2CC(O)C(CO)CC2)=NC(C)=C1,0.0022728625568561255
CCCN(C(C1=C(C2OCCC2)NN=C1)=O)CCN1CCCCC1,0.008069181023165584
CC1C(C(N2CC3=C(C=C(C=C3)O)OCC2)=O)=NOC=1,0.005709563964046538
CC([C@@H]1N(C)CCN(C(NCC2N=C3N(C(=CC=C3)C)C=2)=O)C1)C,0.0036310894647613168
CC1=C(C(NCCC2=CNC(=O)C=C2)=O)SC(C2COCC2)=N1,0.0033763110637664794
O=C(C1(C2=C3C(C=CC=C3)=CC=N2)CC1)NCCC1=CNC(=O)C=C1,0.005198061745613813
COC1=C(NC(C2N3C(CCCC3)=CN=2)=O)C(C)=CC=C1,0.00596108571626246
COC1=C(NC(C2C(=O)NCCC2)=O)C(C)=CC=C1,0.007461257185786963
COC1=C(NC(C(C2=CC=NC=C2)C)=O)C(C)=CC=C1,0.007796236639842391
COC1=C(C)C2=C(C(=CO2)CC(NC2=C(OC)C=CC=C2C)=O)C=C1,0.008077606093138456
COC1=C(NC(C2=C(C)N=C(C3COCC3)S2)=O)C(C)=CC=C1,0.006806843215599656
COC1=CN=C(CNC(C2=CN(CC3CC3)N=C2)=O)C=C1,0.00928339660167694
COCC1=C(C(NCC2=NC=C(OC)C=C2)=O)C=CS1,0.006309622502885759
COC1=CN=C(CNC([C@H]2[C@H](C3CCOCC3)C2)=O)C=C1,0.009050390229094773
COC1=CN=C(CNC(C2N(CC3CCC3)N=CC=2)=O)C=C1,0.009342172183096409
COC1=CN=C(CNC(C2=CC=C(C3CCOCC3)C=C2)=O)C=C1,0.008593999361619354
COC1=CN=C(CNC(C2C(C)OC(C)C2)=O)C=C1,0.009965561935678125
COC1=CN=C(CNC(C(C2=CC=NC=C2)C)=O)C=C1,0.008014662889763713
COC1=CN=C(CNC(CCC2N=NNC=2)=O)C=C1,0.0038627743255347014
C[C@H]1N(C(C2N(C)C(=O)NC=2)=O)CCOC1,0.0028260255232453345
C[C@H]1N(C(C2=CN(CCN(C)C)N=C2)=O)CCOC1,0.008987545082345606
CC(CC1(C(NC2CC(C3=CC=C(F)C=C3)CC2)=O)C(=O)NCC1)C,0.009422737034037709
FC1=CC=C(C2CC(NC(C3=C(CC#N)C=CC=C3)=O)CC2)C=C1,0.005415050446754321
COC1=CC(N2N=CC=C2)=CC(NC(C2(CC(=C)C2)C)=O)=C1,0.007428566529415548
O=C(NCC1=CC2=C(N=CC=C2)C=C1)CC1=C2N(CCCC2)N=C1,0.008133149472996593
CC1=C(C(NCC2=CC3=C(N=CC=C3)C=C2)=O)SC(C2COCC2)=N1,0.005660717585124075
OC1(CCN(C(C2=C(CC#N)C=CC=C2)=O)CC1)CC1=CC=NC=C1,0.0054485683005623285
OC1(CCN(C(C2N3C(CCCC3)=NC=2C(F)F)=O)CC1)CC1=CC=NC=C1,0.004589199111796916
COCC1=C(C(N2CCC(CC3=CC=NC=C3)(O)CC2)=O)C=CS1,0.007758604502305389
CC1=C(C(N2CCC(CC3=CC=NC=C3)(O)CC2)=O)SC(C2COCC2)=N1,0.007369600306265056
CCN1N=C(C2CC2)C(C(N(C2CNCC2)C)=O)=C1,0.010443510208278894
CC1OC(C)C(NC(NCCC2=CC(F)=CC=C2)=O)C1,0.004510371049400419
ClC1=C(CN2CCOCC2)C=C(NC(C2N3C(CCCC3)=CN=2)=O)C=C1,0.004982976382598281
CC1C(C(NC2=CC(CN3CCOCC3)=C(Cl)C=C2)=O)=CON=1,0.005529297981411219
CON1CCC(C(NC2=CC(CN3CCOCC3)=C(Cl)C=C2)=O)CC1,0.001947737648151815
CN(C1SC(CNCC(C(F)(F)F)N2N=CN=C2)=CN=1)C,0.0029684188863029703
CON1CCC(C(N2CC(C3OC(=O)NN=3)CCC2)=O)CC1,0.0008604484173702076
CC1CC2N(C=C(C(N3CC(C4OC(=O)NN=4)CCC3)=O)N=2)CC1,0.0027508629369549452
COC1=C(OC)C(Cl)=CC(CNCC(C(F)(F)F)N2N=CN=C2)=C1,0.004112585179973394
FC(C(N1N=CN=C1)CNCC1=CN=CC=C1)(F)F,0.002970970752721769
COC1=CC(OC)=CC(CNCC(C(F)(F)F)N2N=CN=C2)=C1,0.0041906265745637935
FC(C(N1N=CN=C1)CNCC1=CC2=C(OCCO2)C=C1)(F)F,0.004046458117954899
COC1=CC(OC)=C(CNCC(C(F)(F)F)N2N=CN=C2)C=C1,0.0040134508861228825
CC1=CC(N2CCC(CC3=CC(F)=CC=C3)(O)CC2)=C(S(N)(=O)=O)C=C1,0.005563430325128138
CCCCOC1=CC=C(CNCC(C(F)(F)F)N2N=CN=C2)C=C1,0.004222799342824146
COC1=CC(CNCC(C(F)(F)F)N2N=CN=C2)=CC=C1,0.0034341356797085608
OC1=CC(CNCC(C(F)(F)F)N2N=CN=C2)=CC=C1,0.002155228409537813
CCCNC1=NC=NC(N2CCC(CC3=CC(F)=CC=C3)(O)CC2)=C1,0.006447978829964995
CN(C(C1N(CC2CCC2)N=CC=1)=O)C1C(=O)N(C2=CC=CC=C2)CC1,0.01025994000956416
CCCNC1=NC=NC(NC(CCN2CCN(C)CC2)C)=C1,0.007941933581605554
CN(C(C1=NOC(CO)=C1)=O)C1C(=O)N(C2=CC=CC=C2)CC1,0.004780307051260024
COC1=C(F)C=C(CNC(NCC2OC(C)=CC=2)=O)C=C1,0.00413400330580771
ClC1=CC=C(CC2(NC(CC3=C4N(CCCC4)N=C3)=O)COCC2)C=C1,0.009193594940006733
FC(CC1CCN(C(CCC2N=NNC=2)=O)CC1)(F)F,0.002408172674040543
OCC1ON=C(C(N2CCN(C3=CC(Br)=CC=C3)CC2)=O)C=1,0.003824857110157609
BrC1=CC(N2CCN(C(C3C(=O)NCCC3)=O)CC2)=CC=C1,0.007867020997218787
CC1=C(NC(C(C)(C)C)=O)C=C(NC([C@@]23CCO[C@@H]2CCC3)=O)C=C1,0.01062686718069017
O=C(N1CC2CC(CCC2)C1)C[C@H]1C(=O)NC2=C(C=CC=C2)C(=O)N1,0.007778375549241901
CN(C1(CC1)CO)C(CC1OC(C2=CC=CC=C2)=NN=1)=O,0.0037045393604785205
CN(C1(CC1)CO)C(C1N2C(CCCC2)=CN=1)=O,0.004384082555770874
O=C(C1=C(CC#N)C=CC=C1)NC1SC=C(C2CCC2)N=1,0.004560369387581887
COC1(CCN(C(C2=C(CC#N)C=CC=C2)=O)CCC1)C,0.008323156144979294
COC1=C(C)C2=C(C(=CO2)CC(N2CCC(OC)(C)CCC2)=O)C=C1,0.011307710502296685
CCC(NC(C1N2C(CCCC2)=CN=1)=O)(CN)CC,0.008882156061008572
COC1=C(C(NC(C2=CC=C(C)C=C2)C(S(C)(=O)=O)C)=O)N=CC=C1,0.0068129006074741484
CON1CCC(C(NC(C2=CC=C(C)C=C2)C(S(C)(=O)=O)C)=O)CC1,0.001906996569596231
CCN1C(C)=C(C(N2CC3=C(C=CC=N3)C2)=O)C=N1,0.010472657112404703
CC([C@@H]1N(C)CCN(C(NC2CCN(C(C3CC3)=O)CC2)=O)C1)C,0.006032208818942309
CN(CC1=C(Cl)C=CC(NC(CC2=C3N(CCCC3)N=C2)=O)=C1)C,0.008312784950248897
CN(CC1=C(Cl)C=CC(NC(C2=NOC(CO)=C2)=O)=C1)C,0.0031901571899652483
CCOCN1C(C)=C(CC(NC2=CC(CN(C)C)=C(Cl)C=C2)=O)C(C)=N1,0.006732647656463087
CN(CC1=C(Cl)C=CC(NC(C2N(C)C(=O)NC=2)=O)=C1)C,0.0021838201966602354
FC1=C(CN2CCN(C(CCC3N=NNC=3)=O)CC2)C=C(Br)C=C1,0.0034401650074869393
FC1=C(CN2CCN(C(C3C(=O)NCCC3)=O)CC2)C=C(Br)C=C1,0.006740599311888218
CC1=NN(C2CN(C([C@H]3[C@H](C4CCOCC4)C3)=O)C2)C(C)=N1,0.009620535082649439
CC1=NN(C2CN(C(C3=C(F)C(F)=C(C)C=C3)=O)C2)C(C)=N1,0.007944032154045998
O=C(NC1C2N(N=CC=2)CCC1)NCC1=CC(N2CCCCC2)=NC=C1,0.0044229797669686375
CC1OC(CNC(NCC2=CC(N3CCCCC3)=NC=C2)=O)=CC=1,0.004177549597807228
CNC(CNC(C1=CC(NC(C2(CC(=C)C2)C)=O)=CC=C1)=O)=O,0.009006520337425172
O=C(C1N(CC2CCC2)N=CC=1)NC(C1=CC=CC=C1)CN1C(=O)C=CC=C1,0.00911547509022057
CON1CCC(C(NC(C2=CC=CC=C2)CN2C(=O)C=CC=C2)=O)CC1,0.0018325232958886772
CCNC(C1=CC=C(CNC(NCC2=C3C(COCC3)=CC=C2)=O)C=C1)=O,0.005668567749671638
CS(N1CCC(CNC(NC2C3N(N=CC=3)CCC2)=O)CC1)(=O)=O,0.0030662705190479755
CNC(C1CN(C(C2N3C(C=CC=C3)=CN=2)=O)CCC1)=O,0.0035208259359933436
CNC(C1CN(C(C2(C(=O)NCC2)CC(C)C)=O)CCC1)=O,0.009032443398609757
CN(S(C)(=O)=O)CC1CN(C([C@H]2[C@H](C3CCOCC3)C2)=O)CCC1,0.006772207457106561
CC(C1=C(C)ON=C1C)NC(NCC1=C(F)C(F)=CC=C1)=O,0.00471748603740707
CCOC(C(N1CC(CN(S(C)(=O)=O)C)CCC1)=O)(C)C,0.006179871107451618
CN(S(C)(=O)=O)CC1CN(C(C2=C(C3OC=CC=3)NN=C2)=O)CCC1,0.0031931847217492757
COCC1=C(C(N2CC(CN(S(C)(=O)=O)C)CCC2)=O)C=CS1,0.0048594630439765755
CN(S(C)(=O)=O)CC1CN(C([C@@]23CCO[C@@H]2CCC3)=O)CCC1,0.006806707545183599
CN(S(C)(=O)=O)CC1CN(C([C@H]2[C@@H](C(F)(F)F)CCCC2)=O)CCC1,0.0040896837273749044
FC(C1=C(C(NCC2=C3N(C=CC=C3)N=C2)=O)N2C(CCCC2)=N1)F,0.0037309385021217167
CC(N1N=CC(CN(C(C2=C(C)N=C(C3COCC3)S2)=O)CC(C)=C)=C1)C,0.009977136552333832
FC(C1(CC1)CNC(C1=C(C2OCCC2)NN=C1)=O)(F)F,0.004548302796320058
CCOC1CC2(CN(C(C3=C(C4OCCC4)NN=C3)=O)CC2)C1,0.009612168604508042
FC(C(N1N=CN=C1)CNCC1N=C(C2=CSC=C2)SC=1)(F)F,0.003240977214591112
FC(C(N1N=CN=C1)CNCC1=CC=C(N2N=CC=C2)C=C1)(F)F,0.003503572879708372
FC(C(N1N=CN=C1)CNCC1=CC=C(OCC2=CC=NC=C2)C=C1)(F)F,0.003853298316244036
CC1SC(CNCC(C(F)(F)F)N2N=CN=C2)=CN=1,0.003039127157535404
FC(C(N1N=CN=C1)CNCC1=CN=C(C2=CC=CC=C2)N=C1)(F)F,0.0032792667334433645
CC1=C(F)C(NCC2(CCCC2)CO)=C(S(N)(=O)=O)C=C1,0.0038153768400661647
OCC1(CCCC1)CNC1C2N(N=C(C3CCC3)C=2)C=CN=1,0.005985168204642832
FC(C(N1N=CN=C1)CNCC1=C(OCC2=NC=CC=C2)C=CC=C1)(F)F,0.004313740073121153
FC(C(N1N=CN=C1)CNCC1=CC=C(C#N)C=C1)(F)F,0.0029508702984458067
CCN1N=C(C2CC2)C(C(NC(C2CC2)(CN)C)=O)=C1,0.013718816870823502
CCN1N=C(C2CC2)C(C(NC(C2CCCCC2)CN)=O)=C1,0.014669780898839236
COC1=C(N)C=C(NC(C2N3C(CCCC3)=CN=2)=O)C=C1,0.003924507077317685
N[C@H]1CN(C(C2N3C(CCCC3)=CN=2)=O)CCC1,0.006743410718627274
CCN1N=C(C2CC2)C(C(N2C(C3=CC=NC=C3)CNCC2)=O)=C1,0.007685656659305096
CC(N1C(C)=CC(NC(C2=C(Cl)C=CC(N)=C2)=O)=N1)C,0.004937577364034951
CN1CC(CNC(C2=C(C(F)(F)F)C=NN2)=O)N(C)CC1,0.0023367834219243377
O=C(N1CC2=C(C=CC=N2)C1)CC1=C2N(CCCC2)N=C1,0.011124819237738847
CCN1C(C)=C(C(NC2=C(N(C(C)C)C)C=CC=C2)=O)C=N1,0.009060330991633236
CC(N(C1=C(NC(C[C@H]2C(=O)NC3=C(C=CC=C3)C(=O)N2)=O)C=CC=C1)C)C,0.009609982697293162
CC(N(C1=C(NC(CCC2=NNN=N2)=O)C=CC=C1)C)C,0.0032417260226793587
CC(N1[C@H](C(N2CC(N3C(C)=NC(C)=N3)C2)=O)CCC1)=O,0.007537295110523701
CC(C(N1CC(N2C(C)=NC(C)=N2)C1)=O)OCC1=CC(C)=CC=C1,0.009744621533900499
CC1=NN(C2CN(C(CC3=CC=C(N4C=NC=C4)C=C3)=O)C2)C(C)=N1,0.005252889974508434
CCOCN1C(C)=C(CC(N2CC(N3C(C)=NC(C)=N3)C2)=O)C(C)=N1,0.008536667982116341
CCNCC1=CC(NC(C2=CC=C(C3CCOCC3)C=C2)=O)=CC=C1,0.008465074934065342
CC(N(C(C[C@H]1C(=O)NC2=C(C=CC=C2)C(=O)N1)=O)C)C1CCCCC1,0.011634239600971341
CC1OC(CNC(NCC2=CN(C)N=C2)=O)=CC=1,0.003988405235577375
CN1N=CC(CNC(NC2C3N(N=CC=3)CCC2)=O)=C1,0.0052148228045552966
CC1OC(C)C(NC(NCC2=C(Br)C=CC=C2)=O)C1,0.007008839910849929
FC1=CC(CCNC(NC2C3N(N=CC=3)CCC2)=O)=CC(F)=C1,0.003746485011652112
CC1C(C(N2CCN(C3CN(CC4=CC=CC=C4)CC3)CC2)=O)=NOC=1,0.011148010892793537
CC(N1N=CC(CN(C(CC2=C3N(CCCC3)N=C2)=O)CC(C)=C)=C1)C,0.014125329302623868
CCOCN1C(C)=C(CC(C(N2CC3(CC(OCC)C3)CC2)=O)C)C(C)=N1,0.014436293859034777
NC1=CC(C(N2CCC(CC(N3CCCC3)=O)CC2)=O)=C(Cl)C=C1,0.006379006430506706
COC1=CC=C(N(C(C2=NC=NC(N3CCOCC3)=C2)=O)CCC(C)C)C=C1,0.008458674442954362
COC1=CC=C(N(C(C2=NOC(CO)=C2)=O)CCC(C)C)C=C1,0.005556120676919818
NC1=CC(C(NC2(C3=CC(F)=CC=C3)CCOCC2)=O)=C(Cl)C=C1,0.004373319796286523
CC(OC1=CC=C(C(NC(C2=C(Cl)C=CC(N)=C2)=O)C)C=C1)C,0.006115011824294925
CCN1C(C)=C(CNC(C2=C(Cl)C=CC(N)=C2)=O)C(C)=N1,0.004849667940288782
CN(CC1=C(Cl)C=C(NC(C2N3C(CCCC3)=NC=2C(F)F)=O)C=C1)C,0.0043443792848847805
COC1=C(C)C(C(NC2=CC(Cl)=C(CN(C)C)C=C2)=O)=CN=C1,0.006104915984906256
NC1=CC(C(NCC2CCNCC2)=O)=C(Cl)C=C1,0.005179836926981807
CCN1N=C(C2CC2)C(C(NCC2CCNCC2)=O)=C1,0.009449116885662079
CC1C(CN)CN(C(C2N3C(CCCC3)=CN=2)=O)C(C)C1,0.008007552940398455
CNC(C1(CN(C(C2=C(C)N=C(C3COCC3)S2)=O)CC1)C)=O,0.007094611367210746
CNC(C1(CN(C(C2=CC3=C(C=CC=N3)C=C2)=O)CC1)C)=O,0.006868483358994126
CNC(C1(CN(C(C(C2=CC=NC=C2)C)=O)CC1)C)=O,0.008614513161592185
CCOC1CC(CCNC2=C(S(N)(=O)=O)C=CC(C)=C2)C1,0.006469094264321029
CCOC1CC(CCNC2=C(S(N)(=O)=O)C=CC=C2)C1,0.006135526392608881
CCOC1CC(CCNC2=NC(C3CC3)=NC(C#N)=C2)C1,0.008987408108077943
CCCOC1=CC(C)=C(CNC2=C(S(N)(=O)=O)C=CC=C2)C=C1,0.00601964551024139
CCCCNC1=NC(NCC2CC(O)CC2)=NC(C)=C1,0.0037146292394027113
COCC1=C(C(N2CCN(CC(NC3SC=NN=3)=O)CC2)=O)C=CS1,0.004729945538565516
COC1=C(N2C(=O)NCC2)C=C(C(N2[C@@H](CN)CCCC2)=O)C=C1,0.004797256574966014
O=C(NC1C2N(N=CC=2)CCC1)NCC1=CN=C(OCC2CC2)C=C1,0.005609912984073162
CC(NC(C1C(C)=CN(C2CCOCC2)N=1)=O)CC1=CC=C(C(F)(F)F)C=C1,0.006440999545156955
CC(NC(C1C(C)=NOC=1)=O)CC1=CC=C(C(F)(F)F)C=C1,0.004942660685628653
CC(NC(CC1OC(C2=CC=CC=C2)=NN=1)=O)CC1=CC=C(C(F)(F)F)C=C1,0.004251783946529031
O=C(NC1C2N(N=CC=2)CCC1)NCC1ON=C(C2=CC=CC=C2)C=1,0.005156870512291789
CC(N1N=CC(CN(C(C2N(C)C(=O)NC=2)=O)CC(C)=C)=C1)C,0.00383485920028761
CC(N1N=CC(CN(C(C2C(C)=NOC=2)=O)CC(C)=C)=C1)C,0.011618898343294859
CC(N1N=CC(CN(C(C2=C(C3OCCC3)NN=C2)=O)CC(C)=C)=C1)C,0.007820188906043768
CC1OC(C)C(C(N2CC3=C(C=C(C=C3)O)OCC2)=O)C1,0.006549843074753881
CC1C(C(N2CC3=C(C=C(C=C3)O)OCC2)=O)=CON=1,0.0056378468172624705
CCC1=C(Cl)C=C(NC(C2C(=O)NCCC2)=O)C=C1,0.005855639278888702
CCC1=C(Cl)C=C(NC(C2C(C)=CN(C3CCOCC3)N=2)=O)C=C1,0.007764556538313627
O=C(C1(C2=C3C(C=CC=C3)=CC=N2)CC1)NC1SC=C(C2CCC2)N=1,0.008340885257348418
COC1=C(C)C(C(NC2SC=C(C3CCC3)N=2)=O)=CN=C1,0.0074280720669776205
CC1=C(CO)C=C(C(NC2SC=C(C3CCC3)N=2)=O)O1,0.003534004278481007
CCOCN1C(C)=C(CC(NC2SC=C(C3CCC3)N=2)=O)C(C)=N1,0.0074430328328162435
CC(C1=CC=NC=C1)C(N1CCN(C2=C(Cl)C=C(C#N)C=C2)CC1)=O,0.005617072572931647
CC1CC2N(C=C(C(N3CCN(C4=C(Cl)C=C(C#N)C=C4)CC3)=O)N=2)CC1,0.004488136118743569
COCCN1N=CC(C(N2CCN(C3=C(Cl)C=C(C#N)C=C3)CC2)=O)=C1,0.005905036872718483
CCN1N=C(C2CC2)C(C(N(C(C2=CC=CC=C2)CC(N)=O)C)=O)=C1,0.010143267316743731
COCC1=C(C(N(C(C2=CC=CC=C2)CC(N)=O)C)=O)C=CS1,0.007941408874467015
CC1OC(C)C(C(N(C(C2=CC=CC=C2)CC(N)=O)C)=O)C1,0.01160267242230475
CN(C(C1C(C)=NOC=1)=O)C(C1=CC=CC=C1)CC(N)=O,0.008374357922002673
CN(CCN1N=CC(C(N(C(C2=CC=CC=C2)CC(N)=O)C)=O)=C1)C,0.010056811617687345
CC[C@H]1N(C)CC[C@@H]1C(N(C(C1=CC=CC=C1)CC(N)=O)C)=O,0.01035557738505304
CNC(C1(CN(C(C2C(=O)NCCC2)=O)CC1)C)=O,0.00761599859688431
CNC(C1(CN(C(C2=CC=C(C3N=CNC=3)C=C2)=O)CC1)C)=O,0.00327038875548169
CCOCN1C(C)=C(CC(N2CC(C(NC)=O)(C)CC2)=O)C(C)=N1,0.008218689472414553
OC1=CC2=C(OCC(C(N3CC4=C(C=CC=N4)C3)=O)O2)C=C1,0.005117224669083953
CC1=C(CO)C=C(C(N2CC3=C(C=CC=N3)C2)=O)O1,0.004967972706072033
CN(CC1(NC(C2=NOC(CO)=C2)=O)CCC1)C,0.005320632038637996
CCN1C(CNC(C2=CC=C(C3N=CNC=3)C=C2)=O)CCCC1,0.0036662182305008174
CCN1C(CNC(C2C(=O)NCCC2)=O)CCCC1,0.010102471709251404
CC(C1SC(C)=NC=1)NCC1=CC2=C(N(N=N2)C)C=C1,0.007734121521934867
CC(C1SC(C)=NC=1)NCC1NC=C(C2=CC=CC=C2)N=1,0.003405579912941903
CC(C1SC(C)=NC=1)NCC1=CC2=C(C=NN2)C=C1,0.004712981369812042
CC1OC(CNC(NCC2=CN=C(OC3CCCC3)C=C2)=O)=CC=1,0.00474414051277563
CC1OC(C)C(NC(NCC2=CN=C(OC3CCCC3)C=C2)=O)C1,0.005816580029204488
CN1C2=C(C(NC(NCC3=C4C(COCC4)=CC=C3)=O)CCC2)C=N1,0.007988213025964797
COC1=C(OC)C(OC)=C(CCNC(N2C[C@H](C(C)C)N(C)CC2)=O)C=C1,0.00699631329625845
COC1=C(C)C(C(NC(C(N)=O)(C(C)C)C)=O)=CN=C1,0.008290297724306584
CC(C(C(N)=O)(NC(C1=C(F)C(F)=C(C)C=C1)=O)C)C,0.007538087107241154
CCCC1(NC(C2N3C(C=CC=C3)=CN=2)=O)COCC1,0.004643719643354416
CCCC1(NC(C2CCN(OC)CC2)=O)COCC1,0.0026603036443702877
CCCC1(NC(C2=C(C(F)(F)F)C=NN2)=O)COCC1,0.002888953930232674
CCCC1(NC(C2N(C)C(=O)NC=2)=O)COCC1,0.0036375225987285375
OC1(C(F)(F)F)CCN(C(C2=C(C3OC=CC=3)NN=C2)=O)CCC1,0.004195811034878716
BrC1=CN(CCNC([C@H]2[C@H](C3CCOCC3)C2)=O)N=C1,0.00968475827248767
CC(C1=CN(C)N=C1)NC(NCC1OC(C)=CC=1)=O,0.004559598385822028
BrC1=CN(CCNC(C2=C(C3OCCC3)NN=C2)=O)N=C1,0.00647759479470551
O=C(C1=CN(CC2CC2)N=C1)NCC1(C2=NC=CC=C2)CCC1,0.011250575026497244
O=C(NCC1(C2=NC=CC=C2)CCC1)CC1=CC=C(N2C=NC=C2)C=C1,0.006137494230642915
CC(C1=CC=NC=C1)C(NCC1(C2=NC=CC=C2)CCC1)=O,0.010482253273949027
O=C(C1C(=O)NCCC1)NCC1(C2=NC=CC=C2)CCC1,0.008037862414494158
COC1=C(C)C(C(NCC2(C3=NC=CC=C3)CCC2)=O)=CN=C1,0.009409968089312316
O=C([C@@]12CCO[C@@H]1CCC2)NCC1(C2=NC=CC=C2)CCC1,0.011689301300793885
COCCN1N=CC(C(NCC2(C3=NC=CC=C3)CCC2)=O)=C1,0.009235110180452467
FC(C(N1CCOCC1)CNC(C1C(=O)NCCC1)=O)(F)F,0.003605991115910001
COC1=C(C(NCC(C(F)(F)F)N2CCOCC2)=O)N=CC=C1,0.004331039006501669
FC(C(N1CCOCC1)CNC(C1N2C(C=CC=C2)=CN=1)=O)(F)F,0.002373661147066741
COC1=C(C(NCC(C(F)(F)F)N2CCOCC2)=O)C(OC)=NC=C1,0.004405544015753549
FC(C(N1CCOCC1)CNC([C@H]1[C@H](C2CCOCC2)C1)=O)(F)F,0.00552297366593848
FC(C(N1CCOCC1)CNC(C1N2C(CCCC2)=CN=1)=O)(F)F,0.0034099755219358487
FC(C(N1CCOCC1)CNC(C1=C(CC#N)C=CC=C1)=O)(F)F,0.0030319130831458095
CC(N(C(CCC1=NNN=N1)=O)CC1CCC1)C,0.005725937022361904
CC(N(C(C1=NOC(CO)=C1)=O)CC1CCC1)C,0.00653944332152605
COC1=C(C)C(C(N2CC(C(N)=O)(C)CC2)=O)=CN=C1,0.007344851084053516
CC1(C(N)=O)CN(C(CC2=C3N(CCCC3)N=C2)=O)CC1,0.008992033544927835
CC1(C(N)=O)CN(C(CC2=CC=C(N3C=NC=C3)C=C2)=O)CC1,0.004874338826630265
CCOCN1C(C)=C(CC(C(N2CC(C(N)=O)(C)CC2)=O)C)C(C)=N1,0.008790409471839667
CC(C1SC(C)=NC=1)NCC1=CN=C(O)C=C1,0.0068916757591068745
CNC(C1CN(C(C2=C(C(C)(C)C)N=CN2)=O)CCC1)=O,0.0032267793314531444
CNC(C1CN(C(CC2=CC=C(N3C=NC=C3)C=C2)=O)CCC1)=O,0.004434791894163936
CNC(C1CN(C(C2OC(C)=C(CO)C=2)=O)CCC1)=O,0.0035486450884491204
CC(C1SC(C)=NC=1)NC1CCN(CC2=CC=C(C#N)C=C2)CC1,0.006946850125677884
CCOCN1C(C)=C(CC(N2CC(C(NC)=O)CCC2)=O)C(C)=N1,0.006903883838094771
CNC(C1CN(C(C2=C3C(C=CC=C3O)=CC=C2)=O)CCC1)=O,0.003931721090339124
CC[C@H]1N(C)CC[C@@H]1C(N1CC(C(NC)=O)CCC1)=O,0.008809284842573106
CNC(C1CN(C(C2=C(CC#N)C=CC=C2)=O)CCC1)=O,0.004699565204282408
CN(CCN1N=CC(C(N2CC3=C(C=CC=N3)C2)=O)=C1)C,0.01071728765964508
CN(CC1(NC(C2OC(C)=C(CO)C=2)=O)CCC1)C,0.005796932429075241
CC1=NN(C2=NC=C(CNC(NCC3OC(C)=CC=3)=O)C=C2)C(C)=C1,0.0048697868245653805
FC(OC1=NC=C(NC(C2=NC=NC(N3CCOCC3)=C2)=O)C=C1)F,0.0028967528021894397
CC(C1=C(C(NC2=CN=C(OC(F)F)C=C2)=O)NC=N1)(C)C,0.0017253342550247908
FC(OC1=NC=C(NC([C@@]23CCO[C@@H]2CCC3)=O)C=C1)F,0.005145270749926567
COCCN1N=CC(C(NC2=CN=C(OC(F)F)C=C2)=O)=C1,0.003495957516133785
CC1=CC(C)=C(CNC(NC2C3N(N=CC=3)CCC2)=O)C(C)=C1,0.006425216537900269
CC1N(C(C2N3C(CCCC3)=NC=2C(F)F)=O)CC(N2CCOCC2)C1,0.004928059061057866
CC1N(C(C2N3C(CCCC3)=CN=2)=O)CC(N2CCOCC2)C1,0.007976226462051272
CC1C(C(N2C(CC(F)F)COCC2)=O)=NN(C2CCOCC2)C=1,0.006647376134060324
O=C(C1C(=O)NCCC1)NC(C1CCC1)C1CCC1,0.013343350728973746
CC1C(C(NC(C2CCC2)C2CCC2)=O)=NOC=1,0.0169500689022243
CCOC1CC(N2CCOCC2)(CNC(C2=C(C(F)(F)F)C=NN2)=O)C1,0.0037490635528229176
CCOC1CC(N2CCOCC2)(CNC(C2C(=O)NCCC2)=O)C1,0.009232270251959562
CCOC1CC(N2CCOCC2)(CNC(C2C(C)=NOC=2)=O)C1,0.009956619422882795
CCOC1CC(N2CCOCC2)(CNC(C2=CN(CCN(C)C)N=C2)=O)C1,0.011523628747090698
CCOC1CC(N2CCOCC2)(CNC(C2=C(C)C(OC)=CN=C2)=O)C1,0.009366564406082033
CCOC1CC(N2CCOCC2)(CNC(C2=C(COC)SC=C2)=O)C1,0.010141653101891279
COCC1=CC=C(NC(C2=CN(CCN(C)C)N=C2)=O)C=C1,0.007876616343855858
COCC1=CC=C(NC(C2N=C3N(CCC(C3)C)C=2)=O)C=C1,0.005624683876521886
CCC1N(C(CCC2N=NNC=2)=O)CCCN(C)C1,0.005669879773631692
CCC1N(C(CC2OC(C3=CC=CC=C3)=NN=2)=O)CCCN(C)C1,0.009024444874376059
CN1CCN(C2=C(NC(C3=C(Cl)C=CC(N)=C3)=O)C=CC=C2)CC1,0.005297659989446401
COC1=C(C(NCC2N(C)CCN(C)C2)=O)N=CC=C1,0.006551644555293024
CS(CC1C2=C(C=CC=C2)OC=1C(N1[C@@H](CN)CCCC1)=O)(=O)=O,0.006235813605599105
NC[C@@H]1N(C(C2=CC(N3N=CC=C3)=CC=C2)=O)CCCC1,0.006668643397279084
NC[C@@H]1N(C(C2=CN(C3=CC=C(Br)C=C3)N=C2)=O)CCCC1,0.00884470990858972
CCN1C(C)=C(C(NC2(CCC2)CN(C)C)=O)C=N1,0.012495611375197769
CC1OC(CNC(NC2CCN(CC3CCCC3)CC2)=O)=CC=1,0.007243494549766183
COC1=C(C(CNC(NC2C(C)OC(C)C2)=O)(C)C)C=CC=C1,0.007208019588142633
COC1=C(C)C(CNC(N2C[C@H](C(C)C)N(C)CC2)=O)=NC=C1C,0.005968059680890292
CCOC1C2(OCCC2)C(NC2=C(S(N)(=O)=O)C=CC(C)=C2F)C1,0.0072683934587985275
CCOC1C2(OCCC2)C(NC2C3N(N=C(C4CCC4)C=3)C=CN=2)C1,0.011088080191984772
CCOC1C2(OCCC2)C(NC2=NC(N)=NC(C)=N2)C1,0.006507973722182214
CN(CC1(CCCC1)CNC1=NC(C2CC2)=NC(C#N)=C1)C,0.010248547000810505
CC1=C(F)C(NCCC2=NN(C)C=C2)=C(S(N)(=O)=O)C=C1,0.004292007524054497
CC1=NC(NC2CCC(C3=CC=CC=C3)(O)CC2)=NC(N)=N1,0.007035716390237212
COC1=CC=C(CN2C(N(C[C@@H]3OCCC3)C)=NN=N2)C=C1,0.007260346272960305
CC(C1=CC=C(F)C=C1)(CNC(NC1C2N(N=CC=2)CCC1)=O)C,0.004927570791915059
CCN1N=C(C2CC2)C(C(NCC2=C(N3CCCC3)C=CC=C2F)=O)=C1,0.007406201143749058
CC(C(C1N(C)C=NN=1)NC(C1N2C(C=CC=C2)=CN=1)=O)C,0.004483006114605814
BrC1=CC=C(NC(N2CCC(NC(CNC3CC3)=O)CC2)=O)C=C1,0.005179393664002418
CNCC(NC1CCN(C(NC2=CC=C(Br)C=C2)=O)CC1)=O,0.00453009243356064
CC([C@H](C(NC1CCN(C(NC2=CC=C(Br)C=C2)=O)CC1)=O)N)C,0.006215348141267896
NC1(C(NC2CCN(C(NC3=CC=C(Br)C=C3)=O)CC2)=O)CCC1,0.007350920303724706
CC(NC(C1ON=C(C2CC2)N=1)=O)CCC1OC=CC=1,0.009989205608144402
CC1C(C2N=C(C(NCCC3=CC=C(OC(F)F)C=C3)=O)ON=2)C1,0.006750842789188027
CCN1C2=C(C=CC=C2)N=C1CNC(C1OC(C2CC2)=NN=1)=O,0.004669131198897958
O=C(C1OC(C2CC2)=NN=1)NCC1=C(CN2CCOCC2)C=CC=C1,0.006278145289979875
COC1=C(OC)C(OC)=CC(CNC(C2OC(C3CC3)=NN=2)=O)=C1,0.008556999452412128
COCC1=C(C(N2CCC(C3=CC=CC=C3)(C(N)=O)CC2)=O)C=CS1,0.006915647513233125
NC(C1(C2=CC=CC=C2)CCN(C([C@@]23CCO[C@@H]2CCC3)=O)CC1)=O,0.009184249630197882
CC(C1OC(C(NCCC2SC3=C(C=CC=C3)N=2)=O)=NN=1)(C)C,0.00627040104009211
NC(C1(C2=CC=CC=C2)CCN(C([C@H]2[C@@H](C(F)(F)F)CCCC2)=O)CC1)=O,0.005320227170159342
CN(CCN1N=CC(C(N2CCC(C3=CC=CC=C3)(C(N)=O)CC2)=O)=C1)C,0.008099475363269448
NC(C1(C2=CC=CC=C2)CCN(C(C2=C(C(F)(F)F)C=NN2)=O)CC1)=O,0.0027612768637482075
CC(C1=CC=NC=C1)C(N1CCC(C2=CC=CC=C2)(C(N)=O)CC1)=O,0.007841688138432801
NC(C1(C2=CC=CC=C2)CCN(C(C2C(=O)NCCC2)=O)CC1)=O,0.00730838009621948
CCOCN1C(C)=C(CC(N2CCC(C3=CC=CC=C3)(C(N)=O)CC2)=O)C(C)=N1,0.007728292467072606
NC(C1(C2=CC=CC=C2)CCN(C(C2=C(CC#N)C=CC=C2)=O)CC1)=O,0.004930213630723301
O=C(C1ON=C(C2CC2)N=1)NCC1=CC=C(N2C(=O)CCC2)C=C1,0.006882183253765106
CC(C1OC(C(NCC2=C(CN3CCCC3)C=CC=C2)=O)=NN=1)(C)C,0.007847892353311181
O=C(C1OC(C2CC2)=NN=1)NCC1OCCN(CC2=CC=CC=C2)C1,0.006095866346731782
CCOCN1C(C)=C(CC(NC(C2=CC=CC=C2)C2CCOCC2)=O)C(C)=N1,0.009434779128059744
FC(C1=C(C(NC(C2=CC=CC=C2)C2CCOCC2)=O)NN=C1)(F)F,0.0037037850590422748
CCOCN1C(C)=C(CC(C(NC2=CC(CS(C)=O)=CC=C2)=O)C)C(C)=N1,0.00844298128504306
CCOCN1C(C)=C(CC(NC2=CC(CS(C)=O)=C(Cl)C=C2)=O)C(C)=N1,0.006181512214243412
CC1=NC(N2CCC(C3OC=CN=3)CC2)=CC=N1,0.00741806800942868
CS(CC1=C(Cl)C=CC(NC(C2C(=O)NCCC2)=O)=C1)=O,0.005698616185691207
COCCC1N=C(N2CCC(C3OC=CN=3)CC2)SN=1,0.006983133172616363
O=C(C1OC(C2CC2)=NN=1)N1CCN(CC2OCCC2)CCC1,0.009991397662088276
CC(C1OC(C(N2CCN(CC3OCCC3)CCC2)=O)=NN=1)(C)C,0.00999421146698296
CCC1=C(CC)C(C#N)=C(N2CCC(C3OC=CN=3)CC2)N=N1,0.006093464768491685
CS(CC1=C(Cl)C=CC(NC(CC2=C3N(CCCC3)N=C2)=O)=C1)=O,0.007480980176478624
CS(CC1=C(Cl)C=CC(NC(C2C(C)=CN(C3CCOCC3)N=2)=O)=C1)=O,0.007211988046765328
CC1OC(C)C(C(NC2=CC(CS(C)=O)=C(Cl)C=C2)=O)C1,0.008404468861408531
CC(N1C2=C(C(N3CCC(C4OC=CN=4)CC3)=NC=N2)C=N1)(C)C,0.008914337027817965
CS(CC1=C(Cl)C=CC(NC(C2N3C(CCCC3)=CN=2)=O)=C1)=O,0.005081304907798767
FC(C1N=C(N2CCC(C3OC=CN=3)CC2)SN=1)(F)F,0.003329194977413863
CCOC1=NC(C)=NC(N2CCC(C3OC=CN=3)CC2)=C1,0.006675384612753988
C(C1=NC2=C(COCC2)C=N1)NC1C2N(N=C(C3CCC3)C=2)C=CN=1,0.008708846289664507
CC(C1OC(C(N2CCC(N3CCCCC3)CC2)=O)=NN=1)(C)C,0.010303313238546252
O=C(C1ON=C(C2CC2)N=1)NCC1SC=CN=1,0.006061073299497366
O=C(C1OC(C2CC2)=NN=1)NCC1SC=CN=1,0.005437551694922149
O=C(C1OC(C2CC2)=NN=1)NCC1=CC(CN2CCOCC2)=CC=C1,0.006247616792097688
CCCOC1=C(OC2=C(CNC(C3OC(C4CC4)=NN=3)=O)C=CC=N2)C=CC=C1,0.007374677527695894
CC(C1OC(C(NCC2SC3=C(CCCC3)C=2)=O)=NN=1)(C)C,0.009889926761388779
CC[C@H]1N(C)CC[C@@H]1C(NC1=CC=C(C2=NC(C)=CC=N2)C=C1)=O,0.006604937487281859
CC1CC2N(C=C(C(NC3=CC=C(C4=NC(C)=CC=N4)C=C3)=O)N=2)CC1,0.005645935225766152
ClC1=CC(Cl)=C(N2CCN(C(C3ON=C(C4CC4)N=3)=O)CC2)N=C1,0.006278225895948708
CC1=NC(C2=CC=C(NC(C3=C(C4OCCC4)NN=C3)=O)C=C2)=NC=C1,0.0041806550929322835
COC1=C(OCC2=CC=NC=C2)C=CC(C(NC(C2OC(C3CC3)=NN=2)=O)C)=C1,0.007557042338885367
CC1=NC(C2=CC(NC(C3N4C(CCCC4)=NC=3C(F)F)=O)=CC=C2)=NC=C1,0.003899001621175557
CC1=NC(C2=CC(NC(C3N(CC4CCC4)N=CC=3)=O)=CC=C2)=NC=C1,0.007005196996033192
CC1=C(C(NC2=CC(C3=NC(C)=CC=N3)=CC=C2)=O)SC(C2COCC2)=N1,0.005669215158559382
CON1CCC(C(NC2=CC(C3=NC(C)=CC=N3)=CC=C2)=O)CC1,0.0014080719905905426
COC1=C(OC)C(OC)=C(CNC(C2OC(C(C)(C)C)=NN=2)=O)C=C1,0.007940183021128177
CC1C(C2N=C(C(NCCC3=C(F)C=CC=C3F)=O)ON=2)C1,0.007391325756907463
CC(C1OC(C(NCCC2=C(F)C=CC=C2F)=O)=NN=1)(C)C,0.004628362855874002
CN1C2=C(C=CC=C2)N=C1CCCNC(C1=CN(CC2CC2)N=C1)=O,0.005877456092275679
CC1C(C2N=C(C(NCC3=C(F)C=CC(F)=C3)=O)ON=2)C1,0.006804958241991699
CC1=C2C(C(NC(C3OC(C4CC4)=NN=3)=O)CC2)=CC=C1,0.00867113983258605
CC1(N(CC2=CC=CC=C2)CCN(C(C2ON=C(C3CC3)N=2)=O)C1)C,0.009964922163635492
CN1C(=O)NC=C1C(NCC1CC2=C(C=CC=C2)C1)=O,0.0037790614762343465
CCOCN1C(C)=C(CC(NCC2CC3=C(C=CC=C3)C2)=O)C(C)=N1,0.010760526964440941
FC(C1=C(C(NCC2CC3=C(C=CC=C3)C2)=O)NN=C1)(F)F,0.003961607557721436
COC1=C(C(NCC2CC3=C(C=CC=C3)C2)=O)N=CC=C1,0.010268501052632929
COCCN1N=CC(C(NCC2CC3=C(C=CC=C3)C2)=O)=C1,0.011264285631477832
CCC1=NC(NCC2SC=C(C3=NC=CC=C3)N=2)=NC(C)=C1,0.00531724477186799
CC(C1=C(C(N2CCN(C3=CC=C(C(N)=O)C=C3)CC2)=O)NC=N1)(C)C,0.0030194468039553613
CCOCN1C(C)=C(CC(N2CCN(C3=CC=C(C(N)=O)C=C3)CC2)=O)C(C)=N1,0.006381184561178088
NC(C1=CC=C(N2CCN(C(CC3=C4N(CCCC4)N=C3)=O)CC2)C=C1)=O,0.007327446504496038
O=C(C1=CN(CC2CC2)N=C1)NC1SC=C(C2CCOCC2)N=1,0.007960373116657139
CCN1N=C(C2CC2)C(C(NC2SC=C(C3CCOCC3)N=2)=O)=C1,0.007834114553406834
COC1=CC(Cl)=C(C(NC2SC=C(C3CCOCC3)N=2)=O)C(F)=C1,0.006141529325395823
CC1=C(CO)C=C(C(NC2SC=C(C3CCOCC3)N=2)=O)O1,0.0030125883989967407
O=C(NC1SC=C(C2CCOCC2)N=1)CCC1N=NNC=1,0.0036756542627699672
CC[C@H]1N(C)CC[C@@H]1C(NCC1N(C)N=NC=1)=O,0.006606935849413275
CN1C(CNC(C2OC3=C(C=CC(=C3)O)OC2)=O)=CN=N1,0.004195488151162862
CN1C(CNC(CC2=C3N(CCCC3)N=C2)=O)=CN=N1,0.008821999793872238
CC([C@@H]1N(C)CCN(C(NCC2N=NN(C3=CC=CC=C3)C=2)=O)C1)C,0.003973523038439453
CC(N1C2=C(C(=NC=N2)NCC(N2C=NC=C2)(C)C)C=N1)(C)C,0.007061750045977533
CCC1=NC2=C(C=CS2)C(NCC(N2C=NC=C2)(C)C)=N1,0.004957778635434807
COC1=C(C)C2=C(C(=CO2)CC(N2CC(F)(F)COCC2)=O)C=C1,0.00588463603053242
CN1C(=O)NC=C1C(N1CC(F)(F)COCC1)=O,0.002317722892621532
CC1CC2N(C=C(C(N3CC4=C(OC=C4)CCC3)=O)N=2)CC1,0.010004914645105601
CN(CCN1N=CC(C(N2CC3=C(OC=C3)CCC2)=O)=C1)C,0.011962376814335585
CCC(N1CC(NC(NCC2(C3=CC=CC=C3)CCN(C)CC2)=O)CC1)=O,0.005281811649911106
CC(C1(CN(C(C2=NC=NC(N3CCOCC3)=C2)=O)CC1)CO)C,0.0036841526627540587
CCOCN1C(C)=C(CC(N2CC(C(C)C)(CO)CC2)=O)C(C)=N1,0.00521587859839201
CC(C1(CN(C(C2C(C)=CN(C3CCOCC3)N=2)=O)CC1)CO)C,0.006779365311376751
CC(C1(CN(C(C2N=C3N(CCC(C3)C)C=2)=O)CC1)CO)C,0.004173326259478927
CCN1C(C)=C(C(NC(C2(CCC2)CO)C(C)C)=O)C=N1,0.006481210957281292
CC(C(C1(CCC1)CO)NC([C@H]1[C@H](C2CCOCC2)C1)=O)C,0.007013347372412682
CC(C(C1(CCC1)CO)NC(C1N(CC2CCC2)N=CC=1)=O)C,0.006749146082438528
CC(C(C1(CCC1)CO)NC(C1=NC=NC(N2CCOCC2)=C1)=O)C,0.004070136009249836
CC(C(C1(CCC1)CO)NC(C1N=C2N(CCC(C2)C)C=1)=O)C,0.004551578708924353
CC(C(C1(CCC1)CO)NC(C1N(C)C(=O)NC=1)=O)C,0.002138969028601423
CC1=C(CNC(C2OC(C)=C(CO)C=2)=O)OC=C1,0.004574719769880176
O=C(C1N(CC2CCC2)N=CC=1)N1C[C@@H]2C3N(C[C@@H](C2)C1)C(=O)C=CC=3,0.00850763232447207
O=C(C1=CN(CC2CCCC2)N=C1)N1C[C@@H]2C3N(C[C@@H](C2)C1)C(=O)C=CC=3,0.009533279482275248
FC1=C(N2CC(NC(NCC3=C4C(COCC4)=CC=C3)=O)CC2)C=CC=C1,0.004765753529500216
FC(C1=C(C(N2C[C@@H]3C4N(C[C@@H](C3)C2)C(=O)C=CC=4)=O)NN=C1)(F)F,0.0029151049035135656
COC1=C(C)C2=C(C(=CO2)CC(N2C[C@@H]3C4N(C[C@@H](C3)C2)C(=O)C=CC=4)=O)C=C1,0.007582998438738287
O=C(C1=CC=C(C2N=CNC=2)C=C1)N1C[C@@H]2C3N(C[C@@H](C2)C1)C(=O)C=CC=3,0.003135340946028009
CCN1N=C(C2CC2)C(C(N2C[C@@H]3C4N(C[C@@H](C3)C2)C(=O)C=CC=4)=O)=C1,0.009554284298792482
O=C(C1=CN(CC2CC2)N=C1)N1C[C@@H]2C3N(C[C@@H](C2)C1)C(=O)C=CC=3,0.008793112169951201
CCCC1OC(CNC(N2C[C@H](C(C)C)N(C)CC2)=O)=C(C)N=1,0.005499586672522127
CC(C1C2=C(SC=C2)CCO1)NC(NCC1=C2C(COCC2)=CC=C1)=O,0.005951191787607968
CCN1C(C(NC(C2SC(C(O)C)=NC=2)=O)C)=NC=C1,0.002088493056362495
CCN1C(C(NC(C2=NOC(CN3N=CC=C3)=C2)=O)C)=NC=C1,0.005340318521484732
CCN1C(C(NC(CS(C2CC2)(=O)=O)=O)C)=NC=C1,0.004785125877242535
COCC1SC(C(NC2=C3C(OC(=N3)C)=CC=C2)=O)=C(C)N=1,0.0043398112407885495
CC1OC2=C(C(=CC=C2)NC(C2CN(CC(F)(F)F)CCC2)=O)N=1,0.0034161116636823863
CC1OC2=C(C(=CC=C2)NC(CC(C2CC2)(O)C)=O)N=1,0.007277701073326171
CC1OC2=C(C(=CC=C2)NC(CCC2CCOCC2)=O)N=1,0.006270579039119184
CC(C(N(CC1=CC=C(C(NC2=C3C(OC(=N3)C)=CC=C2)=O)C=C1)C)=O)C,0.006064964388497174
CC1CC(CNC(NC2C3N(N=CC=3)CCC2)=O)CC(C)C1,0.008635487128049135
COC1=CC=C(S(CC(C(NC2=C3C(OC(=N3)C)=CC=C2)=O)C)(=O)=O)C=C1,0.005657599365804344
CC1OC2=C(C(=CC=C2)NC(CCN2CCN(C(C3OCCC3)=O)CC2)=O)N=1,0.0046261164941824974
CCN1CCN(CC(NC(CC2OC(C3=CC=CC=C3)=NN=2)=O)(C)C)CC1,0.007023522374220192
CCN1CCN(CC(NC(C2N3C(CCCC3)=CN=2)=O)(C)C)CC1,0.007858398929238319
CC[C@H]1N(C)CC[C@@H]1C(N[C@H]1C[C@@H](C(N)=O)CC1)=O,0.008976452052593231
CC1OC(C)C(NC(N(CC2C3=C(C=CC=C3)CCO2)C)=O)C1,0.00802621548064053
CC1OC(C)C(NC(NCCC2=CC=C(NC(C)=O)C=C2)=O)C1,0.005160292703658342
CC1OC(C)C(NC(NCC(C2=CC3=C(C=CC=C3)C=C2)O)=O)C1,0.003182098479010165
CC1OC(C)C(NC(NCC(C2=C(Cl)C=C(Cl)C=C2)O)=O)C1,0.00279166114050895
CC1OC(C)C(NC(NC2C(=O)N(C3=C(F)C=CC=C3)CC2)=O)C1,0.004820450535044074
CC1N(CC(F)(F)F)N=C(NC(CCC2N=NNC=2)=O)C=1,0.002006716877804138
COCCOC1CCN(C(NC2C(C)OC(C)C2)=O)CC1,0.0060991762904450296
CC1OC(C)C(NC(NCCC2=CC=C(C)C=C2)=O)C1,0.006604556390084326
CC(C1=CC=NC=C1)C(NC1=NN(CC(F)(F)F)C(C)=C1)=O,0.00429098135791719
COC1=C(C(NC2=NN(CC(F)(F)F)C(C)=C2)=O)N=CC=C1,0.004454811685718596
COC1=C(C)C(C(NC2=NN(CC(F)(F)F)C(C)=C2)=O)=CN=C1,0.005260636325692758
CCOC(C(NC1=NN(CC(F)(F)F)C(C)=C1)=O)(C)C,0.004915403109043837
CC1N(CC(F)(F)F)N=C(NC([C@H]2[C@H](C3CCOCC3)C2)=O)C=1,0.005226440024853218
CCCC(C1=NNC(NC(C2=C(C3OCCC3)NN=C2)=O)=C1)C,0.005600726348347962
CCCC(C1=NNC(NC(C2C(C3CC3)=NN(CC)C=2)=O)=C1)C,0.0062204616144299505
CCCC(C1=NNC(NC(C2N3C(CCCC3)=NC=2C(F)F)=O)=C1)C,0.0031165915541350843
CCCC(C1=NNC(NC(C2=C(C)N=C(C3COCC3)S2)=O)=C1)C,0.004583276412449777
CCCC(C1=NNC(NC(C2=CN(CCOC)N=C2)=O)=C1)C,0.004973737080581487
CCCC(C1=NNC(NC(CC2OC(C3=CC=CC=C3)=NN=2)=O)=C1)C,0.004333867132663727
CCCC(C1=NNC(NC(C2C(=O)NCCC2)=O)=C1)C,0.004753550991881639
CC1CCC(CNC(C2=CN(CC3CC3)N=C2)=O)(O)CC1,0.01385616036131978
CC1CCC(CNC(C2=NOC(CO)=C2)=O)(O)CC1,0.005877190711908042
CC1CCC(CNC(CC2OC(C3=CC=CC=C3)=NN=2)=O)(O)CC1,0.009331675712019205
COC1=C(C(NCC2(CCC(C)CC2)O)=O)N=CC=C1,0.011275284085422754
CCOC1=CC=C([C@H]2[C@H](NC3=NC(N)=NC(C)=N3)C2)C=C1,0.005079567024949938
CC1=NC(N[C@@H]2C[C@@H](C3=CC=C(C(F)(F)F)C=C3)C2)=NC(N)=N1,0.0034802140959072857
CC1=NC(N[C@@H]2C[C@@H](C3=CC=CC=C3)C2)=NC(N)=N1,0.005202314641792327
CN(C(C1=C(C2OCCC2)NN=C1)=O)C1C(=O)N(CC(F)(F)F)CC1,0.0041791342431679365
CN(C(C1N(CC2CCC2)N=CC=1)=O)C1C(=O)N(CC(F)(F)F)CC1,0.007554955425439403
COC1=C(C(N(C2C(=O)N(CC(F)(F)F)CC2)C)=O)C(OC)=NC=C1,0.006224836129695177
CN(C(C1=C(C)N=C(C2COCC2)S1)=O)C1C(=O)N(CC(F)(F)F)CC1,0.006037647405173629
CN(C(C1=CC2=C(C=CC=N2)C=C1)=O)C1C(=O)N(CC(F)(F)F)CC1,0.004736685426905751
CN(C(C1OC(C)=C(CO)C=1)=O)C1C(=O)N(CC(F)(F)F)CC1,0.0032874225595151073
CON1CCC(C(NC2CC3=C(NN=C3)CC2)=O)CC1,0.001471112624858506
O=C(C1=NC=NC(N2CCOCC2)=C1)NC1CC2=C(NN=C2)CC1,0.0038530970574356615
O=C(NC1CC2=C(NN=C2)CC1)CC1OC(C2=CC=CC=C2)=NN=1,0.004820442968048155
CN1C(=O)NC=C1C(NC1CC2=C(NN=C2)CC1)=O,0.004042437218595296
COCCC1N=C(NCCCN2C(=O)N(C)C=CC2=O)SN=1,0.00461285775527358
CN1C(=O)N(CCCNC2=NC=C(Cl)C=N2)C(=O)C=C1,0.0036676952382549643
CN1C(=O)N(CCCNC2=C3C(N(C(C)(C)C)N=C3)=NC=N2)C(=O)C=C1,0.005659340601414442
CCC1=C(F)C(NCCCN2C(=O)N(C)C=CC2=O)=NC=N1,0.004735619528219104
CC1=C(C)N=C(NCCCN2C(=O)N(C)C=CC2=O)N=N1,0.003549600671976805
CC1=NC(NCCCN2C(=O)N(C)C=CC2=O)=C(C#N)C=C1,0.0031881407485343516
CC(C1=CC=CC=C1)(CNC(C1=NOC(CO)=C1)=O)O,0.004590429062955081
CC1=C(C#N)C=C(Cl)C(NCCCN2C(=O)N(C)C=CC2=O)=N1,0.0030203405767679214
CC1CC2N(C=C(C(NCC(C3=CC=CC=C3)(O)C)=O)N=2)CC1,0.007192828413099051
CC(C1=CC=CC=C1)(CNC(C1C(=O)NCCC1)=O)O,0.00802302141673863
COC1=C(C(NCC(C2=CC=CC=C2)(O)C)=O)N=CC=C1,0.008410421386361121
CC(C1=CC=CC=C1)(CNC(CC1=C2N(CCCC2)N=C1)=O)O,0.01068901619873941
CC1=CN=C(NCCCN2C(=O)N(C)C=CC2=O)N=C1,0.0037873342167586087
CC1OC(C)C(C(NCC(C2=CC=CC=C2)(O)C)=O)C1,0.01278755054809153
COC1=C(C(NCC(C2=CC=CC=C2)(O)C)=O)C(OC)=NC=C1,0.007657552976161242
CC(C1=CC=CC=C1)(CNC(C1N2C(CCCC2)=CN=1)=O)O,0.007096486492082476
CC(C1=CC=CC=C1)(CNC(C1=CN(CC2CC2)N=C1)=O)O,0.0102552548982203
CC(OC[C@@H](C(N1CCC(C2ON=C(C3CCC3)N=2)CC1)=O)N)C,0.011602675076574087
O=C(C1=C(C2CNCC2)NN=C1)N1CCC(C2ON=C(C3CCC3)N=2)CC1,0.006507788226008416
O=C(N1CCC(C2ON=C(C3CCC3)N=2)CC1)CCNC1CC1,0.010314422566443682
COC1=CC(NCC(N2CCC(C3ON=C(C4CCC4)N=3)CC2)=O)=CC=C1,0.00807684538885951
NCC1(C(N2CCC(C3ON=C(C4CCC4)N=3)CC2)=O)CCCC1,0.014340200927108526
NC(C1=CC=CC=C1)CC(N1CCC(C2ON=C(C3CCC3)N=2)CC1)=O,0.011988125555217267
NC(C1CC1)CC(N1CCC(C2ON=C(C3CCC3)N=2)CC1)=O,0.013576422398909927
CC(C(N1CCC(C2ON=C(C3CCC3)N=2)CC1)=O)N,0.012956920685246587
NCC1=CC(C(N2CCC(C3ON=C(C4CCC4)N=3)CC2)=O)=CC=C1,0.010649398481473327
NC(C1=CC=CC=C1)C(N1CCC(C2ON=C(C3CCC3)N=2)CC1)=O,0.011808951385319233
CC(C[C@@H](C(N1CCC(C2ON=C(C3CCC3)N=2)CC1)=O)N)C,0.013655986916273833
CC[C@@H]([C@@H](C(N1CCC(C2ON=C(C3CCC3)N=2)CC1)=O)N)C,0.012447540368884801
COC1CCC(N(C(C2=C(C(F)(F)F)C=NN2)=O)C)CC1,0.004461332142818719
CC(C1OC(C(N2CCN(CC3=C(Cl)C=CC=C3F)CC2)=O)=NN=1)(C)C,0.005116234556771815
CC1C(C2N=C(C(N3CCN(CC4=C(Cl)C=CC=C4F)CC3)=O)ON=2)C1,0.007124568615108728
CCOC1=CC=C(CN2CCN(C(C3OC(C4CC4)=NN=3)=O)CC2)C=C1,0.007437168713659048
CC1=NC(N2CCC(C3OC=CN=3)CC2)=C(Br)C(C)=N1,0.010107766464352607
CC1C(C2N=C(C(NCC3CCC3)=O)ON=2)C1,0.013176510110497475
CC1=NC(N2CCC(C3OC=CN=3)CC2)=CC(C#N)=C1,0.0057346535846591
CC1C(C2N=C(C(N3CCN(C(N(C)C)=O)CC3)=O)ON=2)C1,0.007602456863969565
CN(C(N1CCN(C(C2ON=C(C3CC3)N=2)=O)CC1)=O)C,0.006441535707563162
FCCCN1CCN(C2=NC(C3CC3)=NC(C#N)=C2)CC1,0.005673330102581531
COC1=C(OC(C)C)C=CC(C(NC(C2OC(C3CC3)=NN=2)=O)C)=C1,0.009076382732018828
O=C(C1OC(C2CC2)=NN=1)NCC1CN(C2CC2)CC1,0.009407044807448982
O=C(C1OC(C2CC2)=NN=1)NC1CN(CC2=CC=CC=C2)CCC1,0.006471256609074771
COC1=CC=C(CN2C(=O)C(NC(C3=CN(CCN(C)C)N=C3)=O)CC2)C=C1,0.0076995110139250755
COC1=CC=C(CN2C(=O)C(NC(C3=C(F)C(F)=C(C)C=C3)=O)CC2)C=C1,0.007229013508185745
CC1=CN=C(NCCCC2C(=O)NN=C2)N=C1,0.004369018797297031
CC1=C2C(N=C(O2)NCCCC2C(=O)NN=C2)=CC=C1,0.00391930437181145
CN1C2=C(C(=NC=N2)NCCCC2C(=O)NN=C2)C=N1,0.0039061861112713813
CCOCN1C(C)=C(CC(NC2CN(C3=CN(C)N=C3)CC2)=O)C(C)=N1,0.007857071328908205
CC1CC2N(C=C(C(NC3CN(C4=CN(C)N=C4)CC3)=O)N=2)CC1,0.005781266465783119
CN1N=CC(N2CC(NC(C3(CC(=C)C3)C)=O)CC2)=C1,0.010260077752172947
CN1N=CC(N2CC(NC(C3=C(C(F)(F)F)C=NN3)=O)CC2)=C1,0.0025147989974357186
CC(C1=C(F)C=NC=C1F)NC(C1N(C)C(=O)NC=1)=O,0.0024170112796127797
CC(C1=C(F)C=NC=C1F)NC(C1N=C2N(CCC(C2)C)C=1)=O,0.0055409663822501894
CC1OC(CNC(NCC2ON=C(C)N=2)=O)=CC=1,0.003949116554576903
CN1C(CNC([C@H]2[C@H](C3CCOCC3)C2)=O)=CN=N1,0.007150962098967284
O=C(C1(C2=NC=CC=C2)CC1)NCC1=C(OCC2COCC2)C=NC=C1,0.009905265318229795
CC([C@@H]1N(C)CCN(C(NC2CC3=C(C=NN3)CC2)=O)C1)C,0.004081269854214043
CN(C1=C(CN(C(C2=NC=NC(N3CCOCC3)=C2)=O)C)C=CC=C1)C,0.006470864778384567
CC(C1(CN(C(C2N(CC3CCC3)N=CC=2)=O)CC1)CO)C,0.006146199186332524
COCCN1N=CC(C(N2CC(C(C)C)(CO)CC2)=O)=C1,0.00522797186858952
CCN1C(C)=C(C(N2CC(C(C)C)(CO)CC2)=O)C=N1,0.005589114548638463
COCC1=C(C(NCCCC2N(C)C=NN=2)=O)C=CS1,0.005796149489469826
CC[C@H]1N(C)CC[C@@H]1C(NCCCC1N(C)C=NN=1)=O,0.005795015511102975
CCC1=C(C(N2C(C3=NOC=N3)CCC2)=O)C=C(F)C=C1,0.007447750167921185
O=C(C1=CC2=C(C=CC=N2)C=C1)N1C(C2=NOC=N2)CCC1,0.00816514454782009
O=C(C1=CC=C(C2CCOCC2)C=C1)N1C(C2=NOC=N2)CCC1,0.011691747698932886
CC1OC(C)C(C(N2C(C3=NOC=N3)CCC2)=O)C1,0.014277637703344226
CCC1(NC(C2=C(C)C(OC)=CN=C2)=O)CC1,0.011004924401640892
CCC1(NC(C2=NC=NC(N3CCOCC3)=C2)=O)CC1,0.006590622989460826
CCC1(NC(C2=C(C(F)(F)F)C=NN2)=O)CC1,0.0029937576153315605
CCC1(NC(C2C(=O)NCCC2)=O)CC1,0.011439785454422235
BrC1=CN2C(=NN=C2NC(C2=CN(CC3CC3)N=C2)=O)C=C1,0.0067502321442589166
CCN1N=C(C2CC2)C(C(NC2N3C(C=CC(=C3)Br)=NN=2)=O)=C1,0.0065555388806387786
BrC1=CN2C(=NN=C2NC(C2C(=O)NCCC2)=O)C=C1,0.005111442320048809
CCOC(C(NC1N2C(C=CC(=C2)Br)=NN=1)=O)(C)C,0.006117620505392551
BrC1=CN2C(=NN=C2NC([C@H]2[C@H](C3CCOCC3)C2)=O)C=C1,0.006996333599090576
CC1C(C(NC2C(C)(C)OCC2)=O)=NN(C2CCOCC2)C=1,0.0116945443674922
CC1(C(NC(C2=C3C(C=CC=C3O)=CC=C2)=O)CCO1)C,0.005515444511547685
CC1(C(NC(C2OC3=C(C=CC(=C3)O)OC2)=O)CCO1)C,0.005374233121983707
CCN1C(C(NC([C@@]23CCO[C@@H]2CCC3)=O)C)=NC=C1,0.007277818094007671
CCN1C(C(NC(C2(C3=C4C(C=CC=C4)=CC=N3)CC2)=O)C)=NC=C1,0.006080704578198493
CCN1C(C(NC(C2=C(OC)N=CC=C2OC)=O)C)=NC=C1,0.004865517211146653
CCN1C(C(NC(C2=C(CC#N)C=CC=C2)=O)C)=NC=C1,0.003220156098359439
CCN1C(C(NC(C2=CN(CC3CC3)N=C2)=O)C)=NC=C1,0.006682406738400459
C[C@@H](C1=CC(F)=CN=C1)NC(NC1C(C)OC(C)C1)=O,0.004165002075023949
COCC1=C(C(N2[C@@H](C(N)=O)CCC2)=O)C=CS1,0.005820134771056473
CC1=C(C(NC2=CC(CCO)=CC=C2)=O)SC(C2COCC2)=N1,0.002854745660442859
CCOCN1C(C)=C(CC(C(NC2=CC(CCO)=CC=C2)=O)C)C(C)=N1,0.0046302858274430035
CN(CCN1N=CC(C(NC2=CC(CCO)=CC=C2)=O)=C1)C,0.0038275717291980983
CC(C(C1=C(C)C2=C(C=CC=C2)O1)NC(C1C(=O)NCCC1)=O)C,0.008925973111763597
CN(C1=NC=NC(NCC2=CC=CC=C2)=C1)CC1N(CC(F)F)N=CN=1,0.004429360129870474
CCCCNC1=NC(N(CC2N(CC(F)F)N=CN=2)C)=NC(C)=C1,0.004001001780852676
CCCNC1=NC=NC(N(CC2N(CC(F)F)N=CN=2)C)=C1,0.004165941488463431
CS(N1CCN(C2=NC=C(NC([C@@]34CCO[C@@H]3CCC4)=O)C=C2)CC1)(=O)=O,0.004197065567132086
O=C(NCC1C2C=CC(CC2)C1)CCC1N=NNC=1,0.007052127225324512
CC1C(C(NCC2C3C=CC(CC3)C2)=O)=CON=1,0.014608587604016066
O=C(NCC1C2C=CC(CC2)C1)CCC1=NNN=N1,0.006043574376963079
CC1=C(C(NCC2C3C=CC(CC3)C2)=O)SC(C2COCC2)=N1,0.011410217825323343
CCCN1C(=O)CC(CNC(CC2=CC=C(N3C=NC=C3)C=C2)=O)C1,0.005181698128581047
CCCN1C(=O)CC(CNC([C@H]2[C@H](CC)N(C)CC2)=O)C1,0.01056546214967966
CCCN1C(=O)CC(CNC(C2=C(OC)C=CC=N2)=O)C1,0.006748063070699572
CCCN1C(=O)CC(CNC(C2=CC=C(C3CCOCC3)C=C2)=O)C1,0.01039937399327755
CCCN1C(=O)CC(CNC(C2N3C(C=CC=C3)=CN=2)=O)C1,0.004140444542281329
CCCN1C(=O)CC(CNC(C2=C(C3OC=CC=3)NN=C2)=O)C1,0.0048757879296317695
CCCN1C(=O)CC(CNC(C2=C(CC#N)C=CC=C2)=O)C1,0.0051496735364708005
CCN1N=C(C2CC2)C(C(NC2(C3=CC=CC=C3)CCOCC2)=O)=C1,0.01067215520888567
O=C(NC1(C2=CC=CC=C2)CCOCC1)CC1=C2N(CCCC2)N=C1,0.009969694958999752
CC1CC2N(C=C(C(NC3(C4=CC=CC=C4)CCOCC3)=O)N=2)CC1,0.006805121805518866
O=C(NC1(C2=CC=CC=C2)CCOCC1)CCC1=NNN=N1,0.003642139642033726
CN1C(=O)NC=C1C(NC1(C2=CC=CC=C2)CCOCC1)=O,0.002984236681368202
O=C(C1=CN(CC2CC2)N=C1)NCC1C(=O)NC=CC=1,0.00498857427155599
CCN1N=C(C2CC2)C(C(NCC2C(=O)NC=CC=2)=O)=C1,0.0048087377683259545
CC1CC2N(C=C(C(NCC3C(=O)NC=CC=3)=O)N=2)CC1,0.0032250599935650824
OCC1ON=C(C(NCC2C=C(C(F)(F)F)SC=2)=O)C=1,0.0017746580590028316
CN1C(=O)NC=C1C(NCC1C=C(C(F)(F)F)SC=1)=O,0.001513903180602938
CC1=C(C(NCC2C=C(C(F)(F)F)SC=2)=O)SC(C2COCC2)=N1,0.004203006695024669
CC1OC(C)C(C(NC2C(=O)N(C3=C(F)C=CC=C3)CC2)=O)C1,0.008067226293496788
COCCN1CCN(C(C2=C(C)C(OC)=CN=C2)=O)CC1,0.009087110171094537
COCCN1CCN(C(C2=C(C(C)(C)C)N=CN2)=O)CC1,0.004091753228567541
COCCN1CCN(C(C2=C(C(F)(F)F)C=NN2)=O)CC1,0.0023827098251786084
COCCN1CCN(C(CC2=CC=C(N3C=NC=C3)C=C2)=O)CC1,0.005270947713870555
COCCN1CCN(C(CC2C3=C(C(=C(C=C3)OC)C)OC=2)=O)CC1,0.009102176944725215
COCCN1CCN(C(C2=NN3C(N=CC=C3)=C2)=O)CC1,0.007263703411445022
COCCN1CCN(C(C2=C3C(C=CC=C3O)=CC=C2)=O)CC1,0.004407703690230846
COCCN1CCN(C(C2C(C)=NOC=2)=O)CC1,0.009111319435760379
COCCN1CCN(C(C2N(C)C(=O)NC=2)=O)CC1,0.002992875676136464
OC1(CCCC1)CNC(C1=C(CC#N)C=CC=C1)=O,0.007891182093362658
CCO[C@H]1[C@H](NC2=NC(C3CC3)=NC(C#N)=C2)COC1,0.005642112728673964
CC(C(CNC1C2N(N=C(C3CCC3)C=2)C=CN=1)(C)C)(O)C,0.012196672009304165
CN1C(C2=CC=CC=C2)=NN=C1CC(NC(CC1=C(F)C=CC=C1)(CO)C)=O,0.003199786355253309
NCCCN(C(C1N2C(CCCC2)=CN=1)=O)CC1=CC=CC=C1,0.008395537827163934
CCN1N=C(C2CC2)C(C(N2CC(CCN)CCC2)=O)=C1,0.011679928749799728
FC(C1=C(C(NCC2N(CC3=CC=CC=C3)CCC2)=O)NN=C1)(F)F,0.0030764360446482895
CC1OC(C)C(C(NCCC2ON=C(C3=CC(Cl)=CC=C3)N=2)=O)C1,0.007364692981354892
ClC1=CC(C2N=C(CCNC(C3(C4=NC=CC=C4)CC3)=O)ON=2)=CC=C1,0.006936794589273631
CON1CCC(C(NCCC2ON=C(C3=CC(Cl)=CC=C3)N=2)=O)CC1,0.001438248297199607
CC(N1C(=O)C(NC(C2=NC=NC(N3CCOCC3)=C2)=O)CC1)C,0.0048888031858950855
CC[C@H]1N(C)CC[C@@H]1C(NC1C(=O)N(C(C)C)CC1)=O,0.010753244394436479
CC(N1C(=O)C(NC(C2N3C(C=CC=C3)=CN=2)=O)CC1)C,0.004126792354509234
CC(N1C(=O)C(NC([C@H]2[C@H](C3CCOCC3)C2)=O)CC1)C,0.010328604083042592
CCN1CCC(NC(C2ON=C(C3C(C)C3)N=2)=O)CC1,0.009805073868483305
O=C(C1N2C(C=CC=C2)=CN=1)NC(C1=CC=CC=C1)C1CCOCC1,0.005499222595244646
O=C(C1N(CC2CCC2)N=CC=1)NC(C1=CC=CC=C1)C1CCOCC1,0.010846765525639058
CC1OC2(CCC2)CN(C2=C(S(N)(=O)=O)C=CC=C2)C1,0.007099232170730829
O=C(C1OC(C2CC2)=NN=1)N1CC(C2OC3=C(C=CC=C3)N=2)CCC1,0.005870868428610265
CC1C(C2N=C(C(N3CC(C4OC5=C(C=CC=C5)N=4)CCC3)=O)ON=2)C1,0.007686721952632069
O=C(C1ON=C(C2CC2)N=1)N1CC(C2OC3=C(C=CC=C3)N=2)CCC1,0.006977944611571729
CC(C1OC(C(NCC2=CC(C#N)=CC=C2)=O)=NN=1)(C)C,0.005149339896161109
CC1C(C2N=C(C(N3CCN(CC4=C(C)C=CC=C4)CCC3)=O)ON=2)C1,0.012990851094946266
FC1=CC=C(N2CCN(CCNC(C3OC(C4CC4)=NN=3)=O)CC2)C=C1,0.0043148171389475465
CC(C(C1=CC=CC=C1)CNC(C1OC(C2CC2)=NN=1)=O)C,0.008931033359840513
CCOCCCN1CC(C)C(NC(CCC2=NNN=N2)=O)CC1,0.003707071882672608
CCOCCCN1CC(C)C(NC(CC2=C3N(CCCC3)N=C2)=O)CC1,0.009020640468224882
CC[C@H]1N(C)CC[C@@H]1C(NC1CN(C2=CN(C)N=C2)CC1)=O,0.008147793589159846
CCC1=NC2=C(C=CS2)C(NCCCC2C(=O)NN=C2)=N1,0.00350842714542523
COC1=C(C)C(C(NC2CN(C3=CN(C)N=C3)CC2)=O)=CN=C1,0.007602126151323318
CC1=NC(NCCCC2C(=O)NN=C2)=NC(C)=C1,0.004651627864222974
CC1C(NCCCC2C(=O)NN=C2)=NN2C(=NN=C2C(F)(F)F)C=1C,0.002878528676228598
COCCC1N=C(NCCCC2C(=O)NN=C2)SN=1,0.004676772165112197
O=C1C(CCCNC2=NC=NC(N3C=NC=C3)=C2)C=NN1,0.0025598816748242824
COC1=CC(Cl)=C(C(NC2CN(C3=CN(C)N=C3)CC2)=O)C(F)=C1,0.006396700511686504
O=C1C(CCCNC2=C3C(CCC3)=NC(C3=NC=CC=C3)=N2)C=NN1,0.005557358893565833
COC1=C(C(NC2CN(C3=CN(C)N=C3)CC2)=O)C(OC)=NC=C1,0.0061974958283826705
CCC1=NC2N(N=CN=2)C(NCCCC2C(=O)NN=C2)=C1,0.003877932589966804
CC(N(S(C1=CN=C(C)C=C1)(=O)=O)C)C#N,0.003335167586181107
COCN1C(C)=C(S(N(C(C#N)C)C)(=O)=O)C(C)=N1,0.003988723719944109
C[C@H](NC(C1ON=C(C2C(C)C2)N=1)=O)CO,0.0043827574234455826
CC(C1OC(C(N2CCC(OCC3CC3)CC2)=O)=NN=1)(C)C,0.00946280206553638
O=C(C1OC(C2CC2)=NN=1)NCCC1OC2=C(C=CC=C2)N=1,0.0048436342738568785
CN(C1=NC2=C(C=CC=C2)C(CNC(C2OC(C(C)(C)C)=NN=2)=O)=C1)C,0.005129099590703845
CN1C2CN(C(C3ON=C(C4CC4)N=3)=O)CCC1CC2,0.012956900522112846
CCN1C(C)=C(C(NCC2=CC=C(CS(C)=O)C=C2)=O)C=N1,0.007953586732037365
CS(CC1=CC=C(CNC(C2=CN(CC3CCCC3)N=C2)=O)C=C1)=O,0.011006201663985849
CC1OC(C)C(C(NCC2=C(O)C(Cl)=CC(Cl)=C2)=O)C1,0.005871014459989965
OC1=C(CNC(C2(C3=NC=CC=C3)CC2)=O)C=C(Cl)C=C1Cl,0.0045666716992855075
COC1=C(C)C=C(NC(C2C(=O)NCCC2)=O)C(Cl)=C1,0.006459103710949421
COC1=C(C)C=C(NC(C2C(C)=CN(C3CCOCC3)N=2)=O)C(Cl)=C1,0.007237688754685223
CCN(C(C1=CN(CCOC)N=C1)=O)C1CC(C)(C)OCC1,0.012498729163780808
CCN(C(COC1=CC=C(S(N)(=O)=O)C=C1)=O)C1CC(C)(C)OCC1,0.008267782907932997
CCCNC1=NC=NC(N2CC(C3N(C)C=CN=3)CCC2)=C1,0.005872019473463297
O=C(C1=CC=C(C2CCOCC2)C=C1)N1CC(C#N)C1,0.008250116502608762
C[C@@H](C1=C(Cl)C=C(F)C=C1)NC(CCC1N=NNC=1)=O,0.002600969560444355
C[C@@H](C1=C(Cl)C=C(F)C=C1)NC(C1=NC=NC(N2CCOCC2)=C1)=O,0.004239806323312223
C[C@@H](C1=C(Cl)C=C(F)C=C1)NC(C1OC(C)=C(CO)C=1)=O,0.0034171379054896535
CON1CCC(C(N2CC(=O)N(CCC(F)(F)F)C2)=O)CC1,0.001504514091357123
CC1C(C(N2CC(=O)N(CCC(F)(F)F)C2)=O)=NOC=1,0.005763918164302595
CCN1N=C(C2CC2)C(C(N2CC(=O)N(CCC(F)(F)F)C2)=O)=C1,0.006646850024117157
FC(CCN1C(=O)CN(C(C2=CN(CC3CC3)N=C2)=O)C1)(F)F,0.006640772777609527
CN(C(C1(NC(C2=CN(CC3CC3)N=C2)=O)CCCCC1)=O)C,0.011978739080950618
CN(C(C1(NC(C2=NOC(CO)=C2)=O)CCCCC1)=O)C,0.00546070677228272
CCN1N=CC(C(NC(NCC2OC(C)=CC=2)=O)C)=C1,0.00442210549954325
CCN1N=CC(C(NC(NCC2=C(F)C(F)=CC=C2)=O)C)=C1,0.0038569757714867594
CN(C(C1(NC(C2OC3=C(C=CC(=C3)O)OC2)=O)CCCCC1)=O)C,0.006332761654630303
CN(C(C1(NC(C2C(C)=CN(C3CCOCC3)N=2)=O)CCCCC1)=O)C,0.011663213511928916
CC1OC(C)C(C(NC2(C(N(C)C)=O)CCCCC2)=O)C1,0.016903666500002145
CN(C(C1(NC(C2N(CC3CCC3)N=CC=2)=O)CCCCC1)=O)C,0.01272227275185287
CN1N=CC(C2C3(CCOCC3)CN(C(C3=C(CC#N)C=CC=C3)=O)C2)=C1,0.007281287539808545
CCN1C(C)=C(C(N2CC3(CCOCC3)C(C3=CN(C)N=C3)C2)=O)C=N1,0.01253994251601398
CN1N=CC(C2C3(CCOCC3)CN(C(C3N(CC4CCC4)N=CC=3)=O)C2)=C1,0.012554100388661027
COCC1=C(C(N2CC3(CCOCC3)C(C3=CN(C)N=C3)C2)=O)C=CS1,0.010383088700473308
COC1=C(C)C(C(N2CC3(CCOCC3)C(C3=CN(C)N=C3)C2)=O)=CN=C1,0.011375140771269799
CC(C(N1CC2(CCOCC2)C(C2=CN(C)N=C2)C1)=O)OCC1=CC(C)=CC=C1,0.0125180309638381
CN1N=CC(C2C3(CCOCC3)CN(C(C3=CC4=C(C=CC=N4)C=C3)=O)C2)=C1,0.010041654715314508
CN1N=CC(C2C3(CCOCC3)CN(C(C3=C4C(C=C(C=C4)O)=CC=C3)=O)C2)=C1,0.005323002277873456
O=C(NCC1=C2C(COCC2)=CC=C1)NC[C@H]1OC[C@@H](C2=CC=CC=C2)C1,0.005531338020227849
O=C(NC1C2N(N=CC=2)CCC1)NC[C@H]1OC[C@@H](C2=CC=CC=C2)C1,0.004799093189649284
CC1OC(CNC(NC[C@H]2OCC3=C(C=CC=C3)C2)=O)=CC=1,0.004879746248479933
CCC1=CC(N(C(C2OC(C)=C(CO)C=2)=O)C)=CC=C1,0.005042140930891037
CCC1N(C)N=C(NC(C2=CN(CC3CC3)N=C2)=O)C=1,0.008950436068698765
CCOCN1C(C)=C(CC(C(NC2=NN(C)C(CC)=C2)=O)C)C(C)=N1,0.00898417509160936
CCC1N(C)N=C(NC(CC2OC(C3=CC=CC=C3)=NN=2)=O)C=1,0.006357200886122882
CCC1N(C)N=C(NC(C2C(C)=CN(C3CCOCC3)N=2)=O)C=1,0.008426254149526358
CCC1N(C)N=C(NC(C2=CN(CCOC)N=C2)=O)C=1,0.007500425376929343
OCCC1CCN(C(C2=CN(CC3CCCC3)N=C2)=O)CCC1,0.007702259626239538
COC1=C(C)C2=C(C(=CO2)CC(N2CCC(CCO)CCC2)=O)C=C1,0.005844761314801872
COC1=C(C2(NC(C3=NOC(CO)=C3)=O)CC2)C=CC=C1,0.004621039493940771
NS(C1=CC=C(OCC(NC2(C3=CC(F)=CC=C3)CCC2)=O)C=C1)(=O)=O,0.00643957203719765
CCOCN1C(C)=C(CC(C(NC2(C3=CC(F)=CC=C3)CCC2)=O)C)C(C)=N1,0.00969675495289266
FC1=CC(C2(NC(CC3OC(C4=CC=CC=C4)=NN=3)=O)CCC2)=CC=C1,0.006028817244805395
FC1=CC(C2(NC(CCC3=NNN=N3)=O)CCC2)=CC=C1,0.0029584255535155535
FC1=CC(C2(NC(C3C(=O)NCCC3)=O)CCC2)=CC=C1,0.006703205429948867
CC1C(C(NC2(C3=CC(F)=CC=C3)CCC2)=O)=NN(C2CCOCC2)C=1,0.008655622275546193
CC(C(N1CCN(C)CC1)CNC(C1C(C)=NOC=1)=O)C,0.009584930492565036
CC(C(N1CCN(C)CC1)CNC(C1N2C(CCCC2)=CN=1)=O)C,0.007887395145371557
CC[C@H]1N(C)CC[C@@H]1C(NC1=C(N2N=C(C(N)=O)C=C2)C=CC=C1)=O,0.004994672525208443
OC1=C2C(C(NC(C3=C(C4OCCC4)NN=C3)=O)CC2)=CC=C1,0.0042085659224539995
CCN1N=C(C2CC2)C(C(NC2C3=CC=CC(O)=C3CC2)=O)=C1,0.005895961984060704
OC1=C2C(C(NC(C3=CN(CC4CC4)N=C3)=O)CC2)=CC=C1,0.006186312856152653
OC1=C2C(C(NC(C3N4C(CCCC4)=NC=3C(F)F)=O)CC2)=CC=C1,0.0031980926054529847
OC1=C2C(C(NC([C@H]3[C@H](C4CCOCC4)C3)=O)CC2)=CC=C1,0.005929301108699292
COCC1=C(C(NC2C3=CC=CC(O)=C3CC2)=O)C=CS1,0.005131133855320514
OC1=C2C(C(NC(C3=CC=C(C4CCOCC4)C=C3)=O)CC2)=CC=C1,0.006669220374897122
NC(C1(NC(C2=C(F)C(Cl)=CC(Cl)=C2)=O)CCCC1)=O,0.007316378061659634
CC(OC1=CC=CC=C1)CNC(C1OC(C)=C(CO)C=1)=O,0.004814043128862977
CC(OC1=CC=CC=C1)CNC(C1=C(C(C)(C)C)N=CN1)=O,0.004072643094696104
CON1CCC(C(NCC2(N(C)C)CCOCC2)=O)CC1,0.0028673200227785855
CN(CCN1N=CC(C(NCC2(N(C)C)CCOCC2)=O)=C1)C,0.011032400699332357
CC(N1C(C)=C(CC(NC(CC2=C(F)C=CC=C2)(CO)C)=O)C(C)=N1)C,0.004293244064319879
CC(NC(C1CN2C(=CN=C2)CC1)=O)(CC1=C(F)C=CC=C1)CO,0.002921732608228922
CC(NC(C1=NN2C(NCCC2)=N1)=O)(CC1=C(F)C=CC=C1)CO,0.0023366154753603043
CC(NC(C1C2=C(NN=N2)CCC1)=O)(CC1=C(F)C=CC=C1)CO,0.002531702793203294
CCN1N=C(C2CC2)C(C(N2C[C@@H](C3=C(F)C=CC=C3)[C@H](N)C2)=O)=C1,0.008021474606357515
COC1=CC(Cl)=C(C(NCC2=C(C)C3=C(N(NC3=O)C)N=C2C)=O)C(F)=C1,0.004293183458503336
CC1=C(CNC(C2N(CC3CCC3)N=CC=2)=O)C(C)=C2C(N(NC2=O)C)=N1,0.005404438253026456
CCN1N=C(C2CC2)C(C(NC(C2=CC=NC=C2)CC=C)=O)=C1,0.008668908243998885
COCC1=C(C(NC(C2=CC=NC=C2)CC=C)=O)C=CS1,0.007650716835632921
C=CCC(C1=CC=NC=C1)NC(C1=CC=C(C2CCOCC2)C=C1)=O,0.008403644803911448
COCCN1N=CC(C(NC(C2=CC=NC=C2)CC=C)=O)=C1,0.00736236828379333
CC1CC2N(C=C(C(NC(C3=CC=NC=C3)CC=C)=O)N=2)CC1,0.005705030984245241
CON1CCC(C(NC(C2=CC=NC=C2)CC=C)=O)CC1,0.0016103479312732816
CC1=C(CO)C=C(C(NC2(C#N)CC2)=O)O1,0.002970478434780555
COC1=C(C)C2=C(C(=CO2)CC(NC2(C#N)CC2)=O)C=C1,0.005683561788723068
O=C(C1N2C(CCCC2)=CN=1)NC1(C#N)CC1,0.004674611010742335
CCOC1=C(OC)C=C(CN(C(C2ON=C(C3CC3)N=2)=O)C)C=C1,0.011223353492096067
CC1C(C2N=C(C(N(CC3=CC=C(OC(F)F)C=C3)C)=O)ON=2)C1,0.008460609521716834
CN(C(C1OC(C2CC2)=NN=1)=O)CC1=CC=C(Br)C=C1,0.00963378492742777
CN(C(C1ON=C(C2CC2)N=1)=O)CC1=CC=C(Br)C=C1,0.012006275681778788
CN(C(C1ON=C(C2CC2)N=1)=O)CC1=C(Cl)C=CC=C1,0.008835351513698696
COC1=CC(OC)=C(CN(C(C2ON=C(C3CC3)N=2)=O)C)C=C1,0.00969693181104958
CCOC1=C(OCC)C=C(C(NC(C2ON=C(C3CC3)N=2)=O)C)C=C1,0.010675981733947992
CN(C(C1ON=C(C2CC2)N=1)=O)CC1OC2=C(C=CC=C2)OC1,0.011545343184843659
CN(C(C1OC(C2CC2)=NN=1)=O)CC1=CC(Cl)=C(Cl)C=C1,0.007478356966748834
CN(C(C1OC(C2CC2)=NN=1)=O)CCOC1=CC=C(Cl)C=C1,0.007792494772002101
CN(C(C1ON=C(C2CC2)N=1)=O)CCOC1=CC=C(Cl)C=C1,0.00983461681753397
CN(C(C1ON=C(C2CC2)N=1)=O)CC(NC1=C(C)C=C(Br)C=C1)=O,0.008559868787415326
CC1=NC(N2CCC(CC3=CC=NC=C3)(O)CC2)=CC(C#N)=C1,0.006418866035528481
OC1(CCN(C2SN=C(C3CCOCC3)N=2)CC1)CC1=CC=NC=C1,0.00915301013737917
BrC1SC(CCNC(C2ON=C(C3CC3)N=2)=O)=CC=1,0.008423304790630937
CCC1=NC=NC(N2CCC(CC3=CC=NC=C3)(O)CC2)=C1,0.00818270908202976
O=C(C1ON=C(C2CC2)N=1)NCCC1N2C(CCCCC2)=NN=1,0.008657735725864767
CC1=NC(C2SC=CC=2)=NC(N2CCC(CC3=CC=NC=C3)(O)CC2)=C1,0.00785120266955346
O=C(C1ON=C(C2CC2)N=1)NCC1=CN=C(N2C=NC=C2)C=C1,0.004512065451126546
CC1C(C2N=C(C(NCC3=CN=C(N4C=NC=C4)C=C3)=O)ON=2)C1,0.005237629474140704
CN1C2=C(C(N3CCC(CC4=CC=NC=C4)(O)CC3)=NC=N2)N=N1,0.007226859754882753
CC1=C(C#N)C=C(Cl)C(N2CCC(CC3=CC=NC=C3)(O)CC2)=N1,0.005969464313238859
CC1=C(C#N)C=CC(N2CCC(CC3=CC=NC=C3)(O)CC2)=N1,0.006456726789474487
CC1=NC(N2CCC(CC3=CC=NC=C3)(O)CC2)=C(C#N)C=C1,0.005937512475065887
O=C(NC1CN(CCN2CCOCC2)CC1)CC1=C2N(CCCC2)N=C1,0.009702421398833394
BrC1SC=C(CNC(C2ON=C(C3CC3)N=2)=O)C=1,0.008330013090744614
O=C(C1=C(C2OCCC2)NN=C1)NC1CN(CCN2CCOCC2)CC1,0.007727789971977472
CC1C(C2N=C(C(NCC3=CC=C(N4N=CC=C4)C=C3)=O)ON=2)C1,0.0077019671211019155
O=C(C1OC(C2CC2)=NN=1)NCC1=C(COCC2=CC=CC=C2)C=CC=C1,0.008009894005954265
CC(C1OC(C(NC2CCN(C(C3=C(F)C=CC=C3)=O)CC2)=O)=NN=1)(C)C,0.004656987939961254
CC(C1OC(C(NC2CC3=C(C=CC=C3)OC2)=O)=NN=1)(C)C,0.007370949489995837
CC(C1CCN(C(CCC2=NNN=N2)=O)CCC1)(C)C,0.005421815346926451
CN(C(C1OC(C2CC2)=NN=1)=O)CC1=COC=C1,0.008347256854176522
CN(C1=C(S(N)(=O)=O)C=CC(C)=C1F)CCN1CCCCC1,0.0067670141113922
CN(C1=NC(C2CCCC2)=NC(N)=N1)CCN1CCCCC1,0.009221250424161553
CON1CCC(C(NC2=CC(CS(CC3=CC=CC=C3)=O)=CC=C2)=O)CC1,0.0022355849854648114
OC1(CCCC1)CNC(C1OC(C2CC2)=NN=1)=O,0.00985085368156433
CC1C(C2N=C(C(NCCC3N(C)C4=C(C(=CC=C4)F)N=3)=O)ON=2)C1,0.004954653419554233
OC1(C2=C(C=CC=C2)CCC1)CNC(C1ON=C(C2CC2)N=1)=O,0.010589992674067617
CC1=CC(N2C[C@@H]3[C@@H](CC[C@@H](C3)O)C2)=C(S(N)(=O)=O)C=C1,0.0026194219593890012
CCCCNC1=NC(N2C[C@@H]3[C@@H](CC[C@@H](C3)O)C2)=NC(C)=C1,0.0034757654066197574
C(C1=C(N2CCCC2)N=CC=C1)NC1C2N(N=C(C3CC3)C=2)C=CN=1,0.00879217404872179
CC1=C2C(C(=CN2)CCNC(C2OC(C3CC3)=NN=2)=O)=CC=C1,0.004623035085387528
CC(C1OC(C(NC2C(=O)N(C3=C(Cl)C=CC=C3)CCC2)=O)=NN=1)(C)C,0.005372011126019061
ClC1=C(N2C(=O)C(NC(C3ON=C(C4CC4)N=3)=O)CCC2)C=CC=C1,0.006091327336616814
CN(C(C1OC(C(C)(C)C)=NN=1)=O)CC1N(C)C2=C(C=CC=C2)N=1,0.006275231717154384
CC1OC(C)C(NC(NCC2CN(C)CCC2)=O)C1,0.006407465622760356
CC([C@H](C(N)=O)NC(C1N2C(C=CC=C2)=CN=1)=O)C,0.0036038261139765384
CC([C@H](C(N)=O)NC(C1=C(C)N=C(C2COCC2)S1)=O)C,0.00577001846395433
CC([C@H](C(N)=O)NC(C1=CN(CC2CCCC2)N=C1)=O)C,0.00890888418070972
FC(COC1=C(NC(C2=CN(CC3CC3)N=C2)=O)C=CC=C1Cl)F,0.006291905464604497
CC(C1=CC=NC=C1)C(N1CC(CC(N)=O)CC1)=O,0.0072057733312249185
CC1=C(C(N2CC(CC(N)=O)CC2)=O)C=CC(OC2=CC=CC=C2)=C1,0.007739793369546532
FC(C1(NC(C2=NC=NC(N3CCOCC3)=C2)=O)CCCC1)F,0.004978085472248495
CC1C(F)(F)CCN(C(CCC2N=NNC=2)=O)C1,0.0023820526141207663
CC1OC(C)C(NC(NCC2=C3C(OCCCO3)=CC=C2)=O)C1,0.006956939329393208
CC1C(F)(F)CCN(C(C2=C(C3OC=CC=3)NN=C2)=O)C1,0.0036211355705745517
COC1=C(C)C(C(NCC=C=C)=O)=CN=C1,0.0078499291324988
CC[C@H]1N(C)CC[C@@H]1C(NCC1=NC(N2CCCC2)=NC(C)=C1)=O,0.008351203077472747
CC1=NC(N2CCCC2)=NC(CNC(C2OC3=C(C=CC(=C3)O)OC2)=O)=C1,0.003988587518688291
CC1=NC(N2CCCC2)=NC(CNC(C2C(=O)NCCC2)=O)=C1,0.0063254923792555925
CC1=NC(N2CCCC2)=NC(CNC(C2=C3C(C=C(C=C3)O)=CC=C2)=O)=C1,0.003480827948078513
CC1=NC(N2CCCC2)=NC(CNC(C2=C3C(C=CC=C3O)=CC=C2)=O)=C1,0.003571353876031935
CC1OC(C)C(C(N2CC(C#N)C2)=O)C1,0.009422011078358317
CC1=C(CO)C=C(C(N2CC(C#N)C2)=O)O1,0.0033427009194723746
CC1CC2N(C=C(C(N3CC(C#N)C3)=O)N=2)CC1,0.004697347974065025
O=C(C1=NN2C(N=CC=C2)=C1)N1CC(C#N)C1,0.00579128482770983
CN(CCN1N=CC(C(N2CC(C#N)C2)=O)=C1)C,0.007171758781214521
OC1=CC2=C(OCC(C(N3CC(C#N)C3)=O)O2)C=C1,0.0038282543938009893
O=C(C1=C(CC#N)C=CC=C1)N1CC(C#N)C1,0.007612821046739225
O=C(N1C(C2=CC=CC=C2)C2(CCC2)C1)CC1OC(C2=CC=CC=C2)=NN=1,0.011134309321641922
OC1C2(CCCC2)N(C(C2C(=O)NCCC2)=O)CC1,0.005274257948622107
OC1C2(CCCC2)N(C(C2=NC=NC(N3CCOCC3)=C2)=O)CC1,0.0038389727473258973
OC1C2(CCCC2)N(C(C2=C(C(F)(F)F)C=NN2)=O)CC1,0.0019630712049547583
OC1C2(CCCC2)N(C(C2N3C(C=CC=C3)=CN=2)=O)CC1,0.003088465891778469
COCCN1N=CC(C(N2C3(CCCC3)C(O)CC2)=O)=C1,0.006055125733837485
CCN1C(C)=C(C(N2C3(CCCC3)C(O)CC2)=O)C=N1,0.006506365281529725
CC1C(C(N2C3(CCCC3)C(O)CC2)=O)=NOC=1,0.006876844284124673
CC1OC(C)C(NC(NCC2CN(CC3=CC=CC=C3)CC2)=O)C1,0.007219630852341652
FC1=CC2=C(CCC[C@@H]2NC(C2C(=O)NCCC2)=O)C(F)=C1,0.0064306573010981085
FC1=CC2=C(CCC[C@@H]2NC(C2=C(CC#N)C=CC=C2)=O)C(F)=C1,0.004806781937804772
CC1=C(CO)C=C(C(N[C@H]2C3=C(C(=CC(=C3)F)F)CCC2)=O)O1,0.004494178981985897
FC1=CC2=C(CCC[C@H]2NC(CCC2=NNN=N2)=O)C(F)=C1,0.002974073839141056
CCC1(NC(C2N(C)C(=O)NC=2)=O)CCCC1,0.004809482279233635
CCC1(NC(C2C(C)=CN(C3CCOCC3)N=2)=O)CCCC1,0.01450699744746089
C[C@H]1OC2=C(C=CC=C2)[C@H](NC(C2=CN(CC3CC3)N=C2)=O)C1,0.010170331550762057
C[C@H]1OC2=C(C=CC=C2)[C@H](NC(C2OC3=C(C=CC(=C3)O)OC2)=O)C1,0.005663015320897103
C[C@H]1OC2=C(C=CC=C2)[C@H](NC(C2OC(C)=C(CO)C=2)=O)C1,0.004528151568956673
CC(C1=NN(C)C=C1)NC(N1CC2OC(CC2)C1)=O,0.005562464566901326
CC1C(C(NC2=NC=C(Br)C(N3CCOCC3)=C2)=O)=NOC=1,0.005898985359817743
CC1OC(C)C(C(NC2=NC=C(Br)C(N3CCOCC3)=C2)=O)C1,0.008215452707372606
CC(C(C1=C(C)C=CC=C1)NC(C1=NOC(CO)=C1)=O)C,0.005379513814114034
CC(N1N=NC(C(NC(C2C(=O)NCCC2)=O)(C)C)=C1)C,0.005659495643340051
CC(N1N=NC(C(NC(C2N3C(C=CC=C3)=CN=2)=O)(C)C)=C1)C,0.004229647479951382
CC(N1N=NC(C(NC(C2N(CC3CCC3)N=CC=2)=O)(C)C)=C1)C,0.008900634618476034
COCC1=C(C(NC(C2N=NN(C(C)C)C=2)(C)C)=O)C=CS1,0.007525122398510576
COCCN1[C@H](C)CN(C(C2=NC=NC(N3CCOCC3)=C2)=O)C[C@@H]1C,0.006681258045136929
C[C@]12CN(C(C3=NC=NC(N4CCOCC4)=C3)=O)C[C@@]1(C)COC2,0.008202757989056408
CCOCN1C(C)=C(CC(C(N2C[C@]3(C)[C@](COC3)(C)C2)=O)C)C(C)=N1,0.012589198304340243
CCN1N=C(NC(C2=C(COC)SC=C2)=O)C=C1,0.00560931689105928
CCN1N=C(NC(C2C(C3CC3)=NN(CC)C=2)=O)C=C1,0.00818194302264601
CC1C(C(NC2=CC(CS(C(C)(C)C)(=O)=O)=CC=C2)=O)=CON=1,0.00666465531103313
CC(N1N=CC(C(NC(C2=C3C(C=CC=C3O)=CC=C2)=O)C)=C1)C,0.0052673199214041235
CC(N1N=CC(C(NC(C2N=C3N(CCC(C3)C)C=2)=O)C)=C1)C,0.007130636204965413
COC1=CC(Cl)=C(C(NC(C2=CN(C(C)C)N=C2)C)=O)C(F)=C1,0.00716340197250247
COC1=C(C(NC(C2=CN(C(C)C)N=C2)C)=O)C(OC)=NC=C1,0.0071491222130134705
CCN1N=C(C2CC2)C(C(NC(C2=CN(C(C)C)N=C2)C)=O)=C1,0.01098672291263938
CC1=C(F)C(NC2CCN(C3SC=CN=3)CC2)=C(S(N)(=O)=O)C=C1,0.004237086221110076
CC1=NC(NC2CCN(C3SC=CN=3)CC2)=NC(N)=N1,0.0034456662251614034
CCCNC1=NC=NC(NC2CCN(C3SC=CN=3)CC2)=C1,0.005978644359856844
CON1CCC(C(NC2NC3=C(C=C(C(=C3)OC)OC)N=2)=O)CC1,0.0007558008175692521
OC1=C2C(C(NC(C3=C(C(F)(F)F)C=NN3)=O)CC2)=CC=C1,0.002391601074486971
OC1=C2C(C(NC(C3(C4=NC=CC=C4)CC3)=O)CC2)=CC=C1,0.005831599235534668
CCOCN1C(C)=C(CC(NC2C3=CC=CC(O)=C3CC2)=O)C(C)=N1,0.005349711561575532
CCOCN1C(C)=C(CC(C(NC2C3=CC=CC(O)=C3CC2)=O)C)C(C)=N1,0.006391445244662464
CON1CCC(C(NCC2=CC=C(CN3CCC(O)CC3)C=C2)=O)CC1,0.0013389568848651834
CC1=C(CCNC2C3N(N=C(C4CC4)C=3)C=CN=2)N=CC=N1,0.008056383836083114
CC1=C(CCNC2=NC(C3CC3)=NC(C#N)=C2)N=CC=N1,0.005688206374179572
CC(C1=NC(NCCC2=C(C)N=CC=N2)=NC(C)=C1)C,0.0073418305721133946
CN1C(=O)NC=C1C(NCC1=CC=C(CN2CCC(O)CC2)C=C1)=O,0.0014480747864581644
CN(CC1=C(NC(CC2OC(C3=CC=CC=C3)=NN=2)=O)C=CC(C)=C1)C,0.006341319042257964
CC1=C(CO)C=C(C(N2CCC(C(NC3=CC(Cl)=C(F)C=C3)=O)CC2)=O)O1,0.0032339156605303288
CN1C(C2OCCC(NC3=NC(C4CC4)=NC(C#N)=C3)C2)=NC=C1,0.0055010881507769225
CN(C1(CCOCC1)CNC(C1=CC=C(C2N=CNC=2)C=C1)=O)C,0.0042254133033566175
CN(C1(CCOCC1)CNC(C1=C2C(C=C(C=C2)O)=CC=C1)=O)C,0.005214304290711879
CN(C(C1N(CC2CCC2)N=CC=1)=O)CC1=CNN=C1,0.006285974639467895
CN(C(C1C(C)=CN(C2CCOCC2)N=1)=O)CC1=CNN=C1,0.006130015081726015
CN(C(C1(C2=NC=CC=C2)CC1)=O)CC1=CNN=C1,0.005637696734629572
CC1CC2N(C=C(C(N(CC3=CNN=C3)C)=O)N=2)CC1,0.003993961564265192
CN(C(C1C(=O)NCCC1)=O)CC1=CNN=C1,0.004279838420916349
CN(C(C1=C(C2OCCC2)NN=C1)=O)CC1=CNN=C1,0.005612219218164682
CCN1N=C(C2CC2)C(C(N2CC3(CCNCC3)CCC2)=O)=C1,0.01110508106648922
NC1=CC(C(N2CC3(CCNCC3)CCC2)=O)=C(Cl)C=C1,0.006867648148909211
CC(NC(CC1=CC(O)=CN=C1)=O)(CC1=C(F)C=CC=C1)CO,0.0031095811049453915
COC1=C(S(C)(=O)=O)C=C(C(NC(CC2=C(F)C=CC=C2)(CO)C)=O)C=C1,0.003488962398841977
CN1C(O)=CC(C(NC(CC2=C(F)C=CC=C2)(CO)C)=O)=N1,0.003336635313462466
CCN1N=CC(CNC(C2N3C(CCCC3)=CN=2)=O)=C1,0.005668002855964005
CCN1N=CC(CNC(C2C(C)=NOC=2)=O)=C1,0.007093551405705512
CCN1N=CC(CNC(CC2=C3N(CCCC3)N=C2)=O)=C1,0.00912096006795764
CCN1N=CC(CNC(C2=C(C)N=C(C3COCC3)S2)=O)=C1,0.00594070500228554
CCN1N=CC(CNC(C2=C(OC)N=CC=C2OC)=O)=C1,0.005506686517037451
NC1=CC(C(N2CCC(C3NN=C(C4CCNCC4)C=3)CC2)=O)=C(Cl)C=C1,0.0037153065553866328
CCN1N=C(C2CC2)C(C(N2CCC(C3NN=C(C4CCNCC4)C=3)CC2)=O)=C1,0.00695998752489686
CCN1N=C(C2CC2)C(C(N2CC(C3CCNCC3)CCC2)=O)=C1,0.01164670060388744
O=C(C1N2C(CCCC2)=CN=1)N1CC(C2CCNCC2)CCC1,0.007759573194198311
CN(C(C1OC(C2CC2)=NN=1)=O)CC1=CC2=C(OCCO2)C=C1,0.008316969871520996
CN(C(C1ON=C(C2CC2)N=1)=O)CC1=CC2=C(OCCO2)C=C1,0.009965121746063232
CC(NC(C1ON=C(C2C(C)C2)N=1)=O)C,0.011037952732294798
O=C(C1ON=C(C2CC2)N=1)N1CCCCCC1,0.013375141564756632
COC1=C(N2CCN(C(C3ON=C(C4CC4)N=3)=O)CC2)C=CC=C1,0.008417938277125359
O=C(C1OC(C2CC2)=NN=1)N1CCN(CC2=CC=CC=C2)CC1,0.007164244912564755
O=C(C1ON=C(C2CC2)N=1)N1CCN(CC2=CC=CC=C2)CC1,0.00879939435981214
CC(C1OC(C(N2CCOCC2)=O)=NN=1)(C)C,0.006966896983794868
FC1=C(N2CCN(C(C3ON=C(C4CC4)N=3)=O)CC2)C=CC=C1,0.00606265957467258
CC1CN(C(C2ON=C(C3CC3)N=2)=O)CC(C)C1,0.012005015043541789
ClC1=C(N2CCN(C(C3OC(C4CC4)=NN=3)=O)CC2)C=CC=C1,0.006237480440177023
CN(C(C1ON=C(C2CC2)N=1)=O)CC1N(C)C=CN=1,0.0068914069095626475
CC1C(C#N)=C(N2CCC(CC3=CC=NC=C3)(O)CC2)SN=1,0.0074223586125299335
O=C(C1OC(C2CC2)=NN=1)N1CC(C2N3C(C=CC=C3)=NN=2)CCC1,0.007199956732802093
OC1(CCN(C2SN=C(C(F)(F)F)N=2)CC1)CC1=CC=NC=C1,0.004312637844122946
CC1C2=C(N=CN=C2N2CCC(CC3=CC=NC=C3)(O)CC2)ON=1,0.006608221237547696
CC1C2=C(N=C(N=C2N2CCC(CC3=CC=NC=C3)(O)CC2)C)SC=1,0.007610772456973791
CCC1=NC(N2CCC(CC3=CC=NC=C3)(O)CC2)=NC(C)=C1,0.008312980877235532
OC1(CCN(C2SC(C3=NC=CC=C3)=NN=2)CC1)CC1=CC=NC=C1,0.008587560104206204
CC(C1OC(C(N2CC=C(C3C4=C(N=CC=C4)NC=3)CC2)=O)=NN=1)(C)C,0.004625854291953146
CC(C1N=C(N2CCC(CC3=CC=NC=C3)(O)CC2)SN=1)C,0.008275389671325684
OC1(CCN(C2=C(C#N)C=CC(C(F)(F)F)=N2)CC1)CC1=CC=NC=C1,0.003780160052701831
CCC1=NC(C2=CC=NC=C2)=NC(N2CCC(CC3=CC=NC=C3)(O)CC2)=C1,0.009690267127007246
OC1(CCN(C2=NC(C3=CC=CC=C3)=NC=C2)CC1)CC1=CC=NC=C1,0.00877113388851285
OC1(CCN(C2=C3C(CCC3)=NC(C3=CN=CC=C3)=N2)CC1)CC1=CC=NC=C1,0.010762232402339578
CC1C(C2N=C(C(NCCC3=CN(C4=CC=CC=C4)N=C3)=O)ON=2)C1,0.008342357678338885
CC1N(CCO)C2=C(CC(NC3=NC(C)=NC=C3)CC2)N=1,0.0031611031852662565
CCC1=NC(C)=NC(NC2CC3N=C(N(CCO)C=3CC2)C)=C1,0.0036762436502613127
COC1=NC(NC2CC3N=C(N(CCO)C=3CC2)C)=NC(C)=C1,0.0030073818983510137
CC1N(CCO)C2=C(CC(NC3=C(C#N)C=CC(C(F)(F)F)=N3)CC2)N=1,0.0015340115875005721
CC1N(CCO)C2=C(CC(NC3=C4C(CCC4)=NC(C4=NC=CC=C4)=N3)CC2)N=1,0.004194625548552722
CC1N(CCO)C2=C(CC(NC3=C4C(CCC4)=NC(C4=CN=CC=C4)=N3)CC2)N=1,0.004314221697859466
CC1N(CCO)C2=C(CC(NC3=NC4=C(N=CC=N4)C=C3)CC2)N=1,0.002957532729487866
CC1N(CCO)C2=C(CC(NC3N4C(=NC=N4)N=C(C(F)(F)F)C=3)CC2)N=1,0.0020650334015954288
CC1N(CCO)C2=C(CC(NC3=NC(C(F)(F)F)=CC=N3)CC2)N=1,0.0016268269158899785
CC1N(CCO)C2=C(CC(NC3=C4C(N(C5=CC=CC=C5)N=C4)=NC=N3)CC2)N=1,0.003988420683890581
CC(OC1=C(NC(C[C@H]2C(=O)NC3=C(C=CC=C3)C(=O)N2)=O)C=CC=C1)(C)C,0.009237639140337706
COCCOC1=NC=C(CNC(C2OC(C3CC3)=NN=2)=O)C=C1,0.004636220028623938
COC1=C(C)C(C(NC2=C(OC(C)(C)C)C=CC=C2)=O)=CN=C1,0.008191880001686514
CC1=C(C(NC2=C(OC(C)(C)C)C=CC=C2)=O)SC(C2COCC2)=N1,0.0072736156871542335
CC1C(C2N=C(C(NCC3N=C4N(C(=CC=C4)C)C=3)=O)ON=2)C1,0.006345591251738369
OC1(CCCCCC1)CNC(C1=CC=C(C2N=CNC=2)C=C1)=O,0.0057309666648507115
CC1C(C(NCC2(CCCCCC2)O)=O)=NN(C2CCOCC2)C=1,0.013698331639170646
OC1(CCCCCC1)CNC(C1N2C(C=CC=C2)=CN=1)=O,0.006379174487665296
OC1(CCCCCC1)CNC(C1=CC=C(C2CCOCC2)C=C1)=O,0.015160148032009602
OC1(CCCCCC1)CNC(C1=C(C2OC=CC=2)NN=C1)=O,0.008371411124244332
CCOCN1C(C)=C(CC(NC(C2N(C3=CC=CC=C3)C=CN=2)C)=O)C(C)=N1,0.005786033882759512
OC1=CC(CNC(NCC2=C3C(COCC3)=CC=C2)=O)=CC=C1,0.0030256015714257957
OC1=CC(CNC(NC2C3N(N=CC=3)CCC2)=O)=CC=C1,0.0029148092842660846
NC(N1CC(CNC(C2=CN(CC3CCCC3)N=C2)=O)CCC1)=O,0.004534434620290994
NC(N1CC(CNC(C2(C3=C4C(C=CC=C4)=CC=N3)CC2)=O)CCC1)=O,0.003555430052801967
COC1=C(C)C(C(NCC2CN(C(N)=O)CCC2)=O)=CN=C1,0.0033347301883623003
NC(N1CC(CNC(CC2=CC=C(N3C=NC=C3)C=C2)=O)CCC1)=O,0.0021949426736682653
NC(N1CC(CNC(C2=C3C(C=CC=C3O)=CC=C2)=O)CCC1)=O,0.002268541802186519
CC([C@H](C(N)=O)NC(CC1=CC=C(N2C=NC=C2)C=C1)=O)C,0.004236120101995766
CN1CC(CNC(NC2C3N(N=CC=3)CCC2)=O)CCC1,0.0050812504487112164
CC([C@H](C(N)=O)NC(C1N2C(CCCC2)=CN=1)=O)C,0.005336564953904599
FC(COC1=C(NC(C2N3C(CCCC3)=CN=2)=O)C=CC=C1Cl)F,0.004679518367629499
CN1C(C2CC2)=CC(NC(CC2OC(C3=CC=CC=C3)=NN=2)=O)=N1,0.007053136080503464
CN1C(C2CC2)=CC(NC(CC2=CC=C(N3C=NC=C3)C=C2)=O)=N1,0.0055773019092157485
CCN1C(C)=C(C(NC2=NN(C)C(C3CC3)=C2)=O)C=N1,0.008977141394279898
CCN1N=C(C2CC2)C(C(NC2=NN(C)C(C3CC3)=C2)=O)=C1,0.010616471618413925
CC(N1CCC(N(C(C2=CN(CC3CC3)N=C2)=O)CC2SC=NC=2)CC1)=O,0.008697936404496431
CC1OC(C)C(C(N(C2CCN(C(C)=O)CC2)CC2SC=NC=2)=O)C1,0.010099718812853098
O[C@@H](C1=CC=C(Cl)C=C1)CNC(C1N2C(CCCC2)=CN=1)=O,0.0026982733979821205
O[C@@H](C1=CC=C(Cl)C=C1)CNC(C1(C2=NC=CC=C2)CC1)=O,0.003693329112138599
O[C@@H](C1=CC=C(Cl)C=C1)CNC([C@@]12CCO[C@@H]1CCC2)=O,0.004838544048834592
O[C@@H](C1=CC=C(Cl)C=C1)CNC(C1=CC=C(C2CCOCC2)C=C1)=O,0.004219136177562177
O[C@@H](C1=CC=C(Cl)C=C1)CNC(C1=CN(CC2CCCC2)N=C1)=O,0.004702738602645695
CCN1C(C)=C(C(NC[C@H](C2=CC=C(Cl)C=C2)O)=O)C=N1,0.003440341493114829
COC1=C(C(NC[C@H](C2=CC=C(Cl)C=C2)O)=O)C(OC)=NC=C1,0.003080706810578704
CC1OC(C)C(NC(NCC2=C(C)C=CC=N2)=O)C1,0.005239219893701375
CN(CCN1N=CC(C(N2C3=C(C=CC=C3)C(CO)C2)=O)=C1)C,0.0057096420088782905
OCC1C2=C(C=CC=C2)N(C(C2OC3=C(C=CC(=C3)O)OC2)=O)C1,0.0033316893968731165
O=C(N1C[C@H]2[C@H](C3C=CC2C3)C1)CCC1N=NNC=1,0.006135044794064015
CC(C1NC2=C(C=C(C=C2)Cl)N=1)N(C([C@H]1[C@H](C2CCOCC2)C1)=O)C,0.004109006107319147
CC(C1NC2=C(C=C(C=C2)Cl)N=1)N(C([C@@]12CCO[C@@H]1CCC2)=O)C,0.004358737426809966
CC(C1NC2=C(C=C(C=C2)Cl)N=1)N(C(C1(C2=NC=CC=C2)CC1)=O)C,0.004038358828984201
CC(C1NC2=C(C=C(C=C2)Cl)N=1)N(C(C1N=C2N(CCC(C2)C)C=1)=O)C,0.004204241943079978
CC(C1NC2=C(C=C(C=C2)Cl)N=1)N(C(C1=CN(CC2CC2)N=C1)=O)C,0.004254951211623848
CC[C@H]1[C@H](NC(NC2C3N(N=CC=3)CCC2)=O)CCO1,0.005109735589940101
CCC1N(C(C2=CN(CCOC)N=C2)=O)CCN(CC)C1,0.010048841219395399
CC1C(CCNC(C2=C(F)C(F)=C(C)C=C2)=O)=C(C)NN=1,0.004467073187697679
COCCN1N=CC(C(NCCC2=C(C)NN=C2C)=O)=C1,0.00551263119559735
COC1=C(C(NCCC2=C(C)NN=C2C)=O)N=CC=C1,0.00447719304356724
CON1CCC(C(NCCC2=C(C)NN=C2C)=O)CC1,0.0012255503272172064
CN1C(=O)C(NC(C2=C(C(C)(C)C)N=CN2)=O)=CC=C1,0.0031421779363881796
CC1=NC(CCNC2C3N(N=C(C4CCC4)C=3)C=CN=2)=CC=C1,0.008794097765348851
CN(C(C1=NOC(CO)=C1)=O)C1CC(C)(C)CC(C)(C)C1,0.008739131409674883
OC1=CC2=C(OCC(C(NC(C3CCCCC3)C(F)F)=O)O2)C=C1,0.005137079721316695
FC(C(C1CCCCC1)NC(C1=NC=NC(N2CCOCC2)=C1)=O)F,0.006282816478051245
OCC1ON=C(C(NC(C2CCCCC2)C(F)F)=O)C=1,0.003782258799765259
CN(C1=C(C)C=CC=C1)C(C1OC(C)=C(CO)C=1)=O,0.005262139590922743
O=C(C1=C(C2OCCC2)NN=C1)NC1=CC(NC2CCCC2)=CC=C1,0.006926230364479124
CC1OC(C)C(C(NC2=CC(NC3CCCC3)=CC=C2)=O)C1,0.013143536262214183
CC1C(C(NC2=CC(NC3CCCC3)=CC=C2)=O)=NN(C2CCOCC2)C=1,0.00970283430069685
FC(C1=C(C(NC2=CC(NC3CCCC3)=CC=C2)=O)NN=C1)(F)F,0.003095641604159027
CON1CCC(C(NC2=CC(NC3CCCC3)=CC=C2)=O)CC1,0.0023055005527567118
FC1=C(Cl)C=C2C(NC=C2CCNC(C2=C(C3OCCC3)NN=C2)=O)=C1,0.0037227484746836124
CC[C@H]1N(C)CC[C@@H]1C(NCCN1C(C(C)C)=NC=C1)=O,0.0059303901507519186
CC(C1N(CCNC(C2=NOC(CO)=C2)=O)C=CN=1)C,0.002362083876505494
C1C(C2=NN3C(C(=NC=C3)NC3C4(CCOCC4)CCC3)=C2)C1,0.011941108806058764
CCCNC1=NC=NC(NC2C3(CCOCC3)CCC2)=C1,0.010865260241553187
CN1CCC(N(C(C2=NC=NC(N3CCOCC3)=C2)=O)CC2OC=CC=2)CC1,0.0072410758817568425
COC1=C(C)C2=C(C(=CO2)CC(N(C2CCN(C)CC2)CC2OC=CC=2)=O)C=C1,0.01007108143530786
CC1=NC(NC2=CC=C(C3COCC3)C=C2)=CC(C#N)=C1,0.005721483926754445
CC(C1(CN(C2C3N(N=C(C4CC4)C=3)C=CN=2)CCC1)CO)C,0.005560845672152937
CC(C1(CN(C2=C(S(N)(=O)=O)C=CC(C)=C2F)CCC1)CO)C,0.0031991485273465516
CN(S(C1=C(CNC(C2(C3=NC=CC=C3)CC2)=O)C=CC=C1)(=O)=O)CCO,0.0032178875408135355
NC(C1=C(N2CCCCC2)C=C(NC(C2N3C(C=CC=C3)=CN=2)=O)C=C1)=O,0.0037308859988115727
NC(C1=C(N2CCCCC2)C=C(NC(CC2=C3N(CCCC3)N=C2)=O)C=C1)=O,0.007210471830330789
OCC1CCN(C2=C3C(C(C4=CC=CC=C4)=NS3)=NC=N2)CCC1,0.005079046986065805
CC(C1=C(C)ON=C1C)NC(C1=C(CC#N)C=CC=C1)=O,0.00550050030260536
CC1([C@@H]2[C@@H](COC2)N(C2=NC(C3CC3)=NC(C#N)=C2)C1)C,0.008990346710197628
CC(C1=C(C)ON=C1C)NC(C1C(=O)NCCC1)=O,0.007603467046283186
CC(C1=C(C)ON=C1C)NC(C1N=C2N(CCC(C2)C)C=1)=O,0.007591481762938201
COC1=C(C)C(C(NC(C2=C(C)ON=C2C)C)=O)=CN=C1,0.008992195082828402
CC(C1=C(C)ON=C1C)NC(C1N(CC2CCC2)N=CC=1)=O,0.011154418904334306
OCCCC1CN(C2=NC(C3CC3)=NC(C#N)=C2)CC1,0.0043305055820383135
CC1=NC(N2CC(CCCO)CC2)=NC(N)=N1,0.0030867558671161532
O=C1N[C@H]2[C@@H](CCN(C3=NC=NC(NCC4=CC=CC=C4)=C3)C2)OC1,0.0035519527504220606
O=C1N[C@H]2[C@@H](CCN(C3=C4C(C(C5=CC=CC=C5)=NS4)=NC=N3)C2)OC1,0.004429393354803324
FC1=CC(CCN(C(CC2OC(C3=CC=CC=C3)=NN=2)=O)C2CC2)=CC=C1,0.0067103291163221005
CCN1N=C(C2CC2)C(C(N2CCC(C3NCCC3)CC2)=O)=C1,0.011236069491133094
C[C@@H]1NCCN(C(C2=C(Cl)C=CC(N)=C2)=O)C1,0.004138251289259642
CCN1N=C(C2CC2)C(C(N2C[C@H](C)NCC2)=O)=C1,0.007734133908525109
NC1=CC(C(N2CCC(C3N4C(CNCC4)=NN=3)CC2)=O)=C(Cl)C=C1,0.003553454962093383
O=C(C1N2C(CCCC2)=CN=1)N1CC(N2CCNCC2)CC1,0.005779700889252126
CC(NC(C1=C2N(CCC2)N=C1)=O)(CC1=C(F)C=CC=C1)CO,0.0035774925723671912
CCON1CCC(CC(NC(CC2=C(F)C=CC=C2)(CO)C)=O)CC1,0.0009184494949295186
CCC1(COC1)CN1N=NC(C(NC(CC2=C(F)C=CC=C2)(CO)C)=O)=C1,0.004149955534376204
CC(NC(CC1CNC(=O)CC1)=O)(CC1=C(F)C=CC=C1)CO,0.0031292401952669026
CC(NC(C1C(=O)NCC1)=O)(CC1=C(F)C=CC=C1)CO,0.0031368480063974856
CC1=C(C)N=C(C(NC(CC2=C(F)C=CC=C2)(CO)C)=O)C=C1,0.003153520647902042
CCN1N=C(C2CC2)C(C(N(C2CCNCC2)C)=O)=C1,0.009066447522491217
CC(NC(C1N=NN(CCC=C)C=1)=O)(CC1=C(F)C=CC=C1)CO,0.003389065281953663
CCCC1=C(C(NC(CC2=C(F)C=CC=C2)(CO)C)=O)C=CN1,0.0025618386280257255
O=C(C1N2C(CCCC2)=CN=1)N[C@@H]1CNCCC1,0.004887621221132577
NC1=CC(C(NC2C(F)(F)CCNC2)=O)=C(Cl)C=C1,0.0029295700544025747
CC1C(C2N=C(C(NCCC3CCCCC=3)=O)ON=2)C1,0.014535496477037668
OC1(CCN(C2=C3C(N(C4=CC=CC=C4)N=C3)=NC=N2)CC1)CC1=CC=NC=C1,0.008220151672139764
OC1(CCN(C2OC3=C(C=CC=C3)N=2)CC1)CC1=CC=NC=C1,0.006840078881941736
CC1=NC2N(N=CN=2)C(N2CCC(CC3=CC=NC=C3)(O)CC2)=C1,0.006365447770804167
CC(C1OC(C(NCC2=CC=C(OCC(F)(F)F)C=C2)=O)=NN=1)(C)C,0.005125462729483843
CC1=C(C)C2=C(N=CN=C2N2CCC(CC3=CC=NC=C3)(O)CC2)S1,0.007521426980383694
CC(C(N1CCOCC1)CNC(C1OC(C2CC2)=NN=1)=O)C,0.007995115919038653
CC(NC1=CC=C(CNC(C2OC(C3CC3)=NN=2)=O)C=C1)=O,0.004836393077857793
CC(NC1=CC=C(CNC(C2ON=C(C3CC3)N=2)=O)C=C1)=O,0.005646694079041481
CC1C(C2N=C(C(NCCC(N3CCOCC3)=O)=O)ON=2)C1,0.007907731644809245
COC1=NC=CC(CNC(C2ON=C(C3C(C)C3)N=2)=O)=C1,0.007894102111458778
CN(C(C1=CC=C(CNC(C2OC(C3CC3)=NN=2)=O)C=C1)=O)C,0.006651555700227618
CC1SC=C(CCNC(C2OC(C(C)(C)C)=NN=2)=O)N=1,0.006088492530398071
CN(C(C1=CC(F)=CC=C1)CNC(C1OC(C2CC2)=NN=1)=O)C,0.005581063753925264
C(NC1=C2C(C=CC=C2)=NC=N1)CC1=C(N2CCOCC2)C=CC=C1,0.0065479960292577745
CC1=C(C)C(C#N)=C(NCCC2=C(N3CCOCC3)C=CC=C2)N=N1,0.006008268077857792
CC(NC(C1OC(C2CC2)=NN=1)=O)CN1CCOCC1,0.0062810094095766544
CCC1=NC2N(N=CN=2)C(NCCC2=C(N3CCOCC3)C=CC=C2)=C1,0.00673451095353812
CC1=C(C)OC(CN2CCC(CNC(C3OC(C(C)(C)C)=NN=3)=O)CC2)=N1,0.0062594604678452015
CC1=C(C)OC(CN2CCC(CNC(C3ON=C(C4CC4)N=3)=O)CC2)=N1,0.007253426336683333
COC1=CC(Cl)=C(C(NCC2(CCCCCC2)O)=O)C(F)=C1,0.010616326099261641
FC(C1CCN(C(C2OC(C3CC3)=NN=2)=O)CC1)(F)F,0.00616910529352026
CCC1(CN(C(C2OC(C3CC3)=NN=2)=O)CCC1)C,0.01020810017362237
CC1C(C(NC2=NNC(C3CCCC3)=C2)=O)=NOC=1,0.005632812902331352
CC(C1OC(C(NCCC2=CC=NC=C2)=O)=NN=1)(C)C,0.00603280661161989
FC(C1=C(C(NC2=NNC(C3CCCC3)=C2)=O)NN=C1)(F)F,0.003504490794148296
OC1=CC2=C(OCC(C(NC3=NNC(C4CCCC4)=C3)=O)O2)C=C1,0.0032801653956994413
CC1=C(C(N2CCOCC2)=O)C=CC=C1NCC1=C2C(COCC2)=CC=C1,0.008566055377013982
O=C(N1CCCC1)C1CN(C(C2N3C(CCCC3)=CN=2)=O)CC1,0.008652806608006358
FC(C1=C(C(N2CC(C(N3CCCC3)=O)CC2)=O)NN=C1)(F)F,0.003952304157428444
NC(CC1CN(C(C2=CN(CC3CCCC3)N=C2)=O)CC1)=O,0.009190135542303324
COC1=CC(Cl)=C(C(N2CC(CC(N)=O)CC2)=O)C(F)=C1,0.0062370258150622245
CCC1=C(C(N2CC(CC(N)=O)CC2)=O)C=C(F)C=C1,0.00575422567781061
CC1=CC(OCC(F)(F)F)=C(CNC(NC2C3N(N=CC=3)CCC2)=O)C=C1,0.004334996192483231
COC1=C(CNC(NC2C(C)OC(C)C2)=O)C=CC(C)=C1,0.00603558833245188
CCN1C(C)=C(C(NC(C2=CC(Cl)=CC=C2)COC)=O)C=N1,0.007848844025284052
CCOC1C2(OCCC2)C(NC(NC2C(C)OC(C)C2)=O)C1,0.009047598345205188
CC(N1C(CN(C(C2(C3=NC=CC=C3)CC2)=O)C)=NN=C1)C,0.011209279578179122
COCC1=C(C(N(CC2N(C(C)C)C=NN=2)C)=O)C=CS1,0.009081955533474684
CCN1N=C(C2CC2)C(C(N2C3=C(C=CC=C3)C(CO)C2)=O)=C1,0.005180283822119236
OCC1ON=C(C(NC2(CCOCC2)CC2=CC=C(F)C=C2)=O)C=1,0.0034062628867104648
FC1=CC=C(CC2(NC(CC3=C4N(CCCC4)N=C3)=O)CCOCC2)C=C1,0.007465540966950357
FC1=CC=C(CC2(NC(C3N4C(CCCC4)=CN=3)=O)CCOCC2)C=C1,0.005387083347886801
FC1=CC=C(CC2(NC(C3=CN(CC4CC4)N=C3)=O)CCOCC2)C=C1,0.007492666156031192
CC1N=C(C(C(F)(F)F)NC(C2=NOC(CO)=C2)=O)SC=1,0.0017350963342323666
CC1N=C(C(C(F)(F)F)NC(C2=NC=NC(N3CCOCC3)=C2)=O)SC=1,0.003125172897125594
CON1CCC(C(NC(C(F)(F)F)C2SC=C(C)N=2)=O)CC1,0.0008553770368962433
FC(C1=NC=CC(CNC(C2(C3=NC=CC=C3)CC2)=O)=C1)(F)F,0.004580761399120092
CN1C(=O)NC=C1C(NCC1=CC(C(F)(F)F)=NC=C1)=O,0.0017155179783003404
CC1C(C(NCC2=CC(C(F)(F)F)=NC=C2)=O)=CON=1,0.003962697449605912
CC1C(C(NCC2=CC(C(F)(F)F)=NC=C2)=O)=NOC=1,0.004251018760260195
CC(N1N=NC(C2CCN(C(C3OC4=C(C=CC(=C4)O)OC3)=O)CCC=2)=C1)C,0.004789020027965307
CC(N1N=NC(C2CCN(C(C3N(C)C(=O)NC=3)=O)CCC=2)=C1)C,0.0036330831120721997
CC(N1N=NC(C2CCN(C(CC3=C4N(CCCC4)N=C3)=O)CCC=2)=C1)C,0.01064840741455555
CC(N1N=NC(C2CCN(C(C(OCC3=CC(C)=CC=C3)C)=O)CCC=2)=C1)C,0.011342464154586196
COC1=CC(Cl)=C(C(N2CCC(C3N=NN(C(C)C)C=3)=CCC2)=O)C(F)=C1,0.008067882410250604
CCC1=C(C(N2CCC(C3N=NN(C(C)C)C=3)=CCC2)=O)C=C(F)C=C1,0.008505661692470311
CC1N2C(=NC=C2)C(NC(C2OC3=C(C=CC(=C3)O)OC2)=O)C1,0.0034758840454742314
CC1N2C(=NC=C2)C(NC(CC2OC(C3=CC=CC=C3)=NN=2)=O)C1,0.00462461004499346
CC1N2C(=NC=C2)C(NC(C2OC(C)=C(CO)C=2)=O)C1,0.0031122319400310517
CON1CCC(C(NC2C3N(C=CN=3)C(C)C2)=O)CC1,0.001295000416575931
CC1N2C(=NC=C2)C(NC(C2=CC=C(C3CCOCC3)C=C2)=O)C1,0.006727502448484302
CC1N2C(=NC=C2)C(NC(C2N(CC3CCC3)N=CC=2)=O)C1,0.00737469932064414
OCC1ON=C(C(NC2(CC2)CC2=CC=C(F)C=C2)=O)C=1,0.0036238541128113867
CN(CCN1N=CC(C(NC2(CC2)CC2=CC=C(F)C=C2)=O)=C1)C,0.007773049781098962
CO[C@H]1[C@H](O)CN(C(C2=C(C3OCCC3)NN=C2)=O)C1,0.001851470218389295
CO[C@H]1[C@H](O)CN(C(C2=C(Cl)C=C(OC)C=C2F)=O)C1,0.00250499242101796
CO[C@H]1[C@H](O)CN(C(C2C(C)=CN(C3CCOCC3)N=2)=O)C1,0.0032179639034438877
CC([C@@H]1N(C)CCN(C(NCCC2=NC(C)=CN=C2)=O)C1)C,0.004994850081857294
CC1OC(C)C(NC(NC2CCC3(C(F)(F)C3)CC2)=O)C1,0.006987645546905697
CC1=C(CO)C=C(C(N2CC(C3=CC(C(F)(F)F)=CC=C3)C2)=O)O1,0.0031969637959264217
FC(C1=CC(C2CN(C(CCC3N=NNC=3)=O)C2)=CC=C1)(F)F,0.0024744413269218056
CC1OC(C)C(C(NC(C2=CC(Cl)=CC(Cl)=C2)(CO)C)=O)C1,0.0056306421756744385
CC1C(C(NC(C2=CC(Cl)=CC(Cl)=C2)(CO)C)=O)=CON=1,0.003951476200018078
CC[C@H]1N(C)CC[C@@H]1C(N1C(CC(N)=O)COCC1)=O,0.008398366579785942
OC1=CC2=C(OCC(C(NCC3=C(F)C(OC4CC4)=CC=C3)=O)O2)C=C1,0.004550963826477528
CC1C(C(NCC2=C(F)C(OC3CC3)=CC=C2)=O)=CON=1,0.008081159112043679
FC1=C(OC2CC2)C=CC=C1CNC(CC1OC(C2=CC=CC=C2)=NN=1)=O,0.006240760069340467
CC1=NC(N2C[C@@H](CN3CCOCC3)CCC2)=NC(N)=N1,0.005326850083656609
CC(C1=CSC=C1)NC1=NC(C2CC2)=NC(C#N)=C1,0.006845450843684375
CCOCN1C(C)=C(CC(N(C2CCN(C)CC2)CC2OC=CC=2)=O)C(C)=N1,0.0095726041123271
CCN(C(CN1CCN(C(C2=C(OC)N=CC=C2OC)=O)CCC1)=O)CC,0.009179927408695221
CCN(C(CN1CCN(C(C2(C(=O)NCC2)CC(C)C)=O)CCC1)=O)CC,0.013605941459536553
CCN(C(CN1CCN(C(C2=C(C)C(OC)=CN=C2)=O)CCC1)=O)CC,0.010877992818132043
CCN(C(CN1CCN(C(C2=C(C(C)(C)C)N=CN2)=O)CCC1)=O)CC,0.005054912529885769
CC(C1N(C)N=CC=1)NCC1=CC2=C(C=NN2)C=C1,0.006693722121417523
CCN1N=C(C2CC2)C(C(NCCN2C(=O)NCC2=O)=O)=C1,0.0019009767565876245
O=C(NCCN1C(=O)NCC1=O)CC1=C2N(CCCC2)N=C1,0.0018974006874486805
COC1(CCCC1)CNC1=NC(C2CC2)=NC(C#N)=C1,0.009171868860721587
CC1C(C(NCCOC2=CC(C(C)(C)C)=CC=C2)=O)=CON=1,0.008173463586717843
CC1C(C(N2CC(N3C=NC=C3)C2)=O)=NOC=1,0.0063987290253862735
CN1C(=O)NC=C1C(NC(CC1=C(F)C=CC=C1)(CO)C)=O,0.001370456669246778
CC1=C(N2CCOCC2)C=CC(C(NC(CC2=C(F)C=CC=C2)(CO)C)=O)=C1,0.0034805747447535394
CC(NC(C1N2C(CCC2)=NC=1)=O)(CC1=C(F)C=CC=C1)CO,0.0022665051626972856
CC(NC(C1=NC2=C(OCCO2)C=C1)=O)(CC1=C(F)C=CC=C1)CO,0.0037283959798514845
CN1C2=C(C=C(C(NC(CC3=C(F)C=CC=C3)(CO)C)=O)C=C2)C(C)(C)C1=O,0.005127953086048365
C[C@H]1N(C(C2=C(Cl)C=CC(N)=C2)=O)CCNC1,0.004087054322008043
COC1(C(N2[C@@H](C)CNCC2)=O)CCNCC1,0.006914762104861439
COC1=NC(NCC2ON=C(C(F)F)N=2)=NC(C)=C1,0.004699800605885684
FC(C1N=C(CNC2=NC=CC=N2)ON=1)F,0.003827419737353921
FC(C1N=C(CNC2=NC=C(F)C=N2)ON=1)F,0.004410589730832725
CS(C1=CN=C(NCC2ON=C(C(F)F)N=2)C=C1)(=O)=O,0.003040564840193838
CCC1=NC(NCC2ON=C(C(F)F)N=2)=CC(C)=N1,0.0034676114679314195
CC1=C(C#N)C=CC(NCC2ON=C(C(F)F)N=2)=N1,0.003082771226763725
CCCC1N=C(NCC2ON=C(C(F)F)N=2)SN=1,0.003964227740652859
CCC1=NC=NC(NCC2ON=C(C(F)F)N=2)=C1,0.003720703604631126
C=CCCN1N=NC(CNC2=NC(C3CC3)=NC(C#N)=C2)=C1,0.005519060755614191
C=CCCN1N=NC(CNC2SN=C(C3CCCCC3)N=2)=C1,0.008360512508079409
CC1=NC(C2SC=CC=2)=NC(NCC2N=NN(CCC=C)C=2)=C1,0.006532930000685155
CN1C2=C(C(=NC=N2)NCC2N=NN(CCC=C)C=2)N=N1,0.0065858497517183425
CCC1=NC(C#N)=CC(NCC2N=NN(CCC=C)C=2)=N1,0.00467954451451078
CC1=C(C)C(C#N)=C(NCC2N=NN(CCC=C)C=2)N=N1,0.006508455716539174
CC1C2=C(N=CN=C2NCC2N=NN(CCC=C)C=2)ON=1,0.0052846403326839205
ClC1=C(NCC2N=NN(CCC=C)C=2)N=CN=C1,0.005014537344686687
OCCN1CCN(C(C2ON=C(C3CC3)N=2)=O)CC1,0.003185287944506854
CCC1N=C(C(NC2=NC=C(S(C)(=O)=O)C=C2)C)SC=1,0.005308125098235905
COC1=CC(CNC(C2ON=C(C3C(C)C3)N=2)=O)=C(OC)C=C1,0.009266650350764395
COC1=CC(CNC(C2OC(C3CC3)=NN=2)=O)=C(OC)C=C1,0.006434498913586139
CCC1N=C(C(NC2=C3C(ON=C3C)=NC=N2)C)SC=1,0.006157092866487801
CCC1N=C(C(NC2SC(Cl)=C(C#N)N=2)C)SC=1,0.006197930534835905
CCCC1N=C(NC(C2SC=C(CC)N=2)C)SN=1,0.007448407215997576
CC(C1OC(C(N2CCN(C(C3=CC(Cl)=CC=C3)=O)CC2)=O)=NN=1)(C)C,0.00691123518627137
O=C(C1ON=C(C2CC2)N=1)N1CC(C2=CC=CC=C2)OCC1,0.008800240233540535
CCC1N=C(C(NC2=C3C(SC=C3C)=NC=N2)C)SC=1,0.007431811885908246
COC(C1=CC=CC=C1)CNC(C1OC(C(C)(C)C)=NN=1)=O,0.007936547929421067
CCC1N=C(C(NC2OC3=C(C=CC=C3F)N=2)C)SC=1,0.0049026841297745705
O=C(C1OC(C2CC2)=NN=1)N1CC2=C(C=CC=C2)C(C2=CC=CC=C2)C1,0.010085714980959892
O=C(C1OC(C2CC2)=NN=1)NCCC1=CN=CC=C1,0.005878390185534954
CC(C1=CC=C(CNC(C2OC(C(C)(C)C)=NN=2)=O)C=C1)O,0.0037820570636540652
CC(C1=CC=C(CNC(C2ON=C(C3C(C)C3)N=2)=O)C=C1)O,0.004537715693004429
COC1=C(C)C(C(NC2C3=C(N=C(N=C3)C)CCC2)=O)=CN=C1,0.00896987752057612
COCC1CN(C2=C3C(N(N=C3)C)=NC=N2)C1,0.008382360101677477
COCC1CN(C2N(C)C(=O)N(C)C(=O)C=2C#N)C1,0.005521972582209855
COCC1CN(C2=NN3C(=NN=C3C(F)(F)F)C=C2)C1,0.00463266073493287
O[C@@H]1[C@H](NC(C2ON=C(C3CC3)N=2)=O)C2=C(C=CC=C2)C1,0.003594308067113161
CC1=NC2=C(C(NC(C3=CN(CC4CCCC4)N=C3)=O)CCC2)C=N1,0.01087173386476934
CCC1=NC2N(N=CN=2)C(N2CC(COC)C2)=C1,0.007753519550897181
COCC1CN(C2N3C(=NC=N3)N=C(C(F)(F)F)C=2)C1,0.003962086641695351
CC(NC(C1OC(C2CC2)=NN=1)=O)CC1=CC=C(O)C=C1,0.003938999003730714
CC1=NC2=C(C(NC(C3=C(C4OC=CC=4)NN=C3)=O)CCC2)C=N1,0.006031163036823273
COCC1=C(C(NC2C3=C(N=C(N=C3)C)CCC2)=O)C=CS1,0.007749214489012957
COCC1CN(C2C3N(C=NN=3)C=CN=2)C1,0.0068953848676756024
COCC1CN(C2ON=C(C3=CC(Cl)=CC(Cl)=C3)N=2)C1,0.0061618460342288016
COCC1CN(C2=NN3C(=NN=C3C(F)F)C=C2)C1,0.004239021497778594
O=C(C1ON=C(C2CC2)N=1)N1CCC(COC2=CC=CC=C2)CC1,0.010467534977942705
CN(C1=NC(C)=CC=C1)C(CCC1=NNN=N1)=O,0.0023383465537335723
CN(C1=NC(C)=CC=C1)C(C1=NC=NC(N2CCOCC2)=C1)=O,0.005114625720307231
COC1=C(C)C2=C(C(=CO2)CC(N(C2=NC(C)=CC=C2)C)=O)C=C1,0.007903897459618748
CN(C1=NC(C)=CC=C1)C(C1N2C(CCCC2)=CN=1)=O,0.005806814203970135
O=C(C1CCN(C(C2ON=C(C3CC3)N=2)=O)CC1)NCCCN1CCCCC1,0.008709481824189425
CCN1N=C(C2CC2)C(C(NC2(C#N)CC(C)CCC2)=O)=C1,0.008339671967809182
CC1CC(C#N)(NC(C2N(CC3CCC3)N=CC=2)=O)CCC1,0.008382877158235403
O=C(C1OC(C2CC2)=NN=1)NCC1=C2C(C=CC=N2)=CC=C1,0.0059083816828206185
CCOC1=CC(C(NC(C2OC(C3CC3)=NN=2)=O)C)=CC=C1,0.00742693836800754
CC1CC(C#N)(NC(C2=NOC(CO)=C2)=O)CCC1,0.0033546525880425947
CCOCN1C(C)=C(CC(NC2(C#N)CC(C)CCC2)=O)C(C)=N1,0.006636997355036556
O=C(C1OC(C2CC2)=NN=1)NC1CCN(CC2CCCC2)CC1,0.00980500215664506
CC(NC(C1ON=C(C2C(C)C2)N=1)=O)CC1SC2=C(C=CC=C2)N=1,0.007887756428681314
CC(C1OC(C(NCC2=CC(Br)=CC=C2)=O)=NN=1)(C)C,0.007878546183928848
CC(C(NC1=CC=CC=C1)=O)NC(C1ON=C(C2CC2)N=1)=O,0.0066581791499629615
CC(C1NC2=C(C=C(C=C2)Cl)N=1)NC(C1OC(C2CC2)=NN=1)=O,0.002598879480501637
O=C(C1OC(C2CC2)=NN=1)N1CC(N2C(=O)CCCC2)CCC1,0.007831853721290827
CCS(N1CCC(C(N(C(C2C(C)=CON=2)=O)C)C)CC1)(=O)=O,0.006749023869633675
CCS(N1CCC(C(N(C(C2C(=O)NCCC2)=O)C)C)CC1)(=O)=O,0.006828191224485636
CCS(N1CCC(C(N(C(C2N=C3N(CCC(C3)C)C=2)=O)C)C)CC1)(=O)=O,0.005680888798087836
CCS(N1CCC(C(N(C(C2C(C)OC(C)C2)=O)C)C)CC1)(=O)=O,0.009707792475819588
CCS(N1CCC(C(N(C([C@H]2[C@H](C3CCOCC3)C2)=O)C)C)CC1)(=O)=O,0.008545573230367153
CC1(C(NC(NC2C3N(N=CC=3)CCC2)=O)CCCC1)C,0.008994736475870013
COCC(C1=CC(Cl)=CC=C1)NC(C1C(C)=NOC=1)=O,0.007044776994735003
CN(CCN1N=CC(C(NC2=C3C(NC(N3)=O)=CC=C2)=O)=C1)C,0.0024475072976201774
CC1(C(NC2=C3C(NC(N3)=O)=CC=C2)=O)CC(=C)C1,0.00327134903636761
CC1OC(C)C(NC(NCCC2=NN(C)C=C2)=O)C1,0.005339824012480676
OCC1ON=C(C(N2CC3(CCN(CC4=CC=CC=C4)CC3)CC2)=O)C=1,0.005689443740993738
FC(OC1=CN=C(NC(C2=CN(CC3CC3)N=C2)=O)C=C1)F,0.004547240631654859
FC(OC1=CN=C(NC(C2C(=O)NCCC2)=O)C=C1)F,0.002847348724026233
CC1(C(NC2=NC=C(OC(F)F)C=C2)=O)CC(=C)C1,0.004280658764764666
FC(OC1=CN=C(NC(C2=CC=C(C3CCOCC3)C=C2)=O)C=C1)F,0.004294626927003264
CCN1C(C)=C(C(NC2=NC=C(OC(F)F)C=C2)=O)C=N1,0.003603737649973482
CCC1OC(CNC([C@@]23CCO[C@@H]2CCC3)=O)=C(C)N=1,0.008856990560889243
CCC1OC(CNC(C2=C(C)N=C(C3COCC3)S2)=O)=C(C)N=1,0.0062083670636639
CCC1OC(CNC([C@H]2[C@@H](C(F)(F)F)CCCC2)=O)=C(C)N=1,0.004159669875684812
CCC1OC(CNC(C2C(C)OC(C)C2)=O)=C(C)N=1,0.008775626937858761
CCC1OC(CNC(C2CCN(OC)CC2)=O)=C(C)N=1,0.0015376002033008263
CC1(N(C(CCC2=NNN=N2)=O)CCN(C2=CC=C(Cl)C=C2)C1)C,0.0030531700234860183
CC1(N(C(C2=NOC(CO)=C2)=O)CCN(C2=CC=C(Cl)C=C2)C1)C,0.0034509646240621803
CC(C1=C(C(NC2=CC3=C(OC(=C3)CO)C=C2)=O)NC=N1)(C)C,0.0015071987174451352
CC1=C(C(NC2=CC3=C(OC(=C3)CO)C=C2)=O)SC(C2COCC2)=N1,0.0027356285485439003
OCC1OC2=C(C=C(C=C2)NC(C2N(CC3CCC3)N=CC=2)=O)C=1,0.0038005428970791398
OCC1OC2=C(C=C(C=C2)NC(C2N3C(CCCC3)=NC=2C(F)F)=O)C=1,0.002293719706358388
CC1N(C(C2=C(C3OC=CC=3)NN=C2)=O)CCC1N(C)C,0.0063932275399565695
COC1=C(C(N2C(C)C(N(C)C)CC2)=O)C(OC)=NC=C1,0.008726413385011256
CC1N(C(C2=C(C(C)(C)C)N=CN2)=O)CCC1N(C)C,0.005348986550234258
CC1N(C(C2OC(C)=C(CO)C=2)=O)CCC1N(C)C,0.005763909756205976
CC1N(C(C2=NC=NC(N3CCOCC3)=C2)=O)CCC1N(C)C,0.007812676765024663
CC1N(C(C2=NN3C(N=CC=C3)=C2)=O)CCC1N(C)C,0.009359099762514233
CCN1C(C)=C(C(NCCC2=NC=CC(C(F)(F)F)=C2)=O)C=N1,0.004261719365604222
CC1=C(C(NCCC2=NC=CC(C(F)(F)F)=C2)=O)SC(C2COCC2)=N1,0.004238770343363285
FC(C1=CC(CCNC(C2(C3=C4C(C=CC=C4)=CC=N3)CC2)=O)=NC=C1)(F)F,0.0049193588783964515
OC(CC1=CC(F)=CC=C1)CNC(C1N2C(CCCC2)=CN=1)=O,0.0026529929833486675
OC(CC1=CC(F)=CC=C1)CNC(C1N2C(CCCC2)=NC=1C(F)F)=O,0.0023717638629022985
O=C(NCC1=C2C(COCC2)=CC=C1)NCC1=NN(C2=CC=CC=C2)C=N1,0.004089105501770973
COCCN1N=CC(C(N2CCC(C3SC=C(C(F)(F)F)N=3)CC2)=O)=C1,0.005023909639567137
CCN1N=C(C2CC2)C(C(NCC2C(Br)=CN(C)N=2)=O)=C1,0.011370212957262992
CN1N=C(CNC(C2=C(C(C)(C)C)N=CN2)=O)C(Br)=C1,0.004722098144702614
CN1N=C(CNC(C2N(C)C(=O)NC=2)=O)C(Br)=C1,0.003363671014085412
COCCN1N=CC(C(NCC2C(Br)=CN(C)N=2)=O)=C1,0.009923326736316084
CC[C@H]1[C@H](CNC(C2=C(C(F)(F)F)C=NN2)=O)C1,0.0027348311472451315
COC1=C(C(NC[C@@H]2[C@@H](O)CCCC2)=O)C(OC)=NC=C1,0.003315994597505778
O[C@@H]1[C@@H](CNC(C2N(CC3CCC3)N=CC=2)=O)CCCC1,0.004522847547195852
COCC1=C(C(NC[C@@H]2[C@@H](O)CCCC2)=O)C=CS1,0.003471881162840873
O[C@@H]1[C@@H](CNC(C2N3C(C=CC=C3)=CN=2)=O)CCCC1,0.0018985752103617415
O[C@@H]1[C@@H](CNC(C2=CN(CC3CCCC3)N=C2)=O)CCCC1,0.005415144003927707
O[C@@H]1[C@@H](CNC(CC2=C3N(CCCC3)N=C2)=O)CCCC1,0.0046624016715213655
CC(N1CC(N(C(C2=C(C3OCCC3)NN=C2)=O)C)CC1)C,0.008045264286920428
CC(N1CC(N(C(C2N(C)C(=O)NC=2)=O)C)CC1)C,0.0037879360374063254
CC1(CN(C(CCC2N=NNC=2)=O)C1)CC(F)(F)F,0.002619284443426295
O=C(N1C(C2=CC=CC=C2)C2(CCCCC2)C1)CCC1N=NNC=1,0.007501499028876424
CCOCN1C(C)=C(CC(C(N[C@H]2[C@H](C(C)C)C2)=O)C)C(C)=N1,0.01023588392417878
CC([C@H]1[C@H](NC(C2=C(C)N=C(C3COCC3)S2)=O)C1)C,0.009062583057675511
NS(C1=CC=C(OCC(N2C3COCC2CC3)=O)C=C1)(=O)=O,0.0068540924694389105
O=C(C1OC(C(N2C3COCC2CC3)=O)=CC=1)N1C2COCC1CC2,0.015078400215134024
CN1C(=O)NC=C1C(N1C2COCC1CC2)=O,0.0038295471225865186
COC1=C(C(N2C3COCC2CC3)=O)N=CC=C1,0.00975884785875678
CC1C(C(N2C3COCC2CC3)=O)=NN(C2CCOCC2)C=1,0.012801735056564211
CC1=C(C(N2C3COCC2CC3)=O)SC(C2COCC2)=N1,0.009807642130181194
COCCN1N=CC(C(N2C3COCC2CC3)=O)=C1,0.01035925718024373
CON1CCC(C(N[C@@H](CC(C)C)CO)=O)CC1,0.001060549718386028
COCC(N(C(C1OC(C)=C(CO)C=1)=O)C1C2=C(C=CC=C2)CC1)C,0.007765260525047779
CCN(C(CN1CCN(C(C2=C3C(C=CC=C3O)=CC=C2)=O)CCC1)=O)CC,0.005593115440569818
CCN(C(CN1CCN(C(C2=C(CC#N)C=CC=C2)=O)CCC1)=O)CC,0.007413143106532516
O=C(N1CCCC1)CN1CCN(C(C2=CN(CC3CC3)N=C2)=O)CCC1,0.012669251300394535
O=C(N1CCCC1)CN1CCN(C(C2N3C(C=CC=C3)=CN=2)=O)CCC1,0.006046549137681723
O=C(N1CCCC1)CN1CCN(C(C2=CN(CC3CCCC3)N=C2)=O)CCC1,0.013401725282892584
COC1=C(C)C(C(N2CCN(CC(N3CCCC3)=O)CCC2)=O)=CN=C1,0.010471697477623821
CC(C(N1CCN(CC(N2CCCC2)=O)CCC1)=O)OCC1=CC(C)=CC=C1,0.012434764811769129
OC1=CC2=C(OCC(C(N3CCN(CC(N4CCCC4)=O)CCC3)=O)O2)C=C1,0.005680944211781025
O=C(N1CCCC1)CN1CCN(C(C2C(=O)NCCC2)=O)CCC1,0.01021602815017104
CN1CCN(C(CCNC(C2=C(C3OC=CC=3)NN=C2)=O)=O)CC1,0.004066529381088912
CN1CCN(C(CCNC(C2N(CC3CCC3)N=CC=2)=O)=O)CC1,0.008244678960181773
CCC1N(CCNC(C2=C(C)C(OC)=CN=C2)=O)CCCC1,0.008609990868717433
CN1C2=C(CN(C3=NC(C4CC4)=NC(C#N)=C3)C2)C(N)=N1,0.005881796567700803
CC1=NC(NCC2=NC3=C(CCC3)C=N2)=CC(C#N)=C1,0.006479007110465318
CC1N(C2CC2)C2=C(C=C(C=C2)CNC2=NC(C)=CC(C#N)=C2)N=1,0.0050782620208337905
CN1C2C(CC(CC2)C1)CNC1=NC(C2CC2)=NC(C#N)=C1,0.007881170720793307
NS(C1=C(N2CC3(CCOCC3)C(C(F)(F)F)CC2)C=CC=C1)(=O)=O,0.004041095637876424
FC(C1=C(C(NC2=NN(C3=CC=NC=C3)C=C2)=O)N2C(CCCC2)=N1)F,0.003785727883223444
CC1=C(C(NC2=NN(C3=CC=NC=C3)C=C2)=O)SC(C2COCC2)=N1,0.004890470742247998
CC1(C(NC2=NN(C3=CC=NC=C3)C=C2)=O)CC(=C)C1,0.0073853228241205215
CC(CC1N(C(C2=C(C(F)(F)F)C=NN2)=O)CCOC1)C,0.0033305707620456815
O=C(C1N2C(CCCC2)=CN=1)N1CCC(C2CNCC2)CC1,0.007549954135902226
NC1=CC(C(N2CCC(C3CNCC3)CC2)=O)=C(Cl)C=C1,0.006497926777228713
CCN1N=C(C)C(C(NC(CC2=C(F)C=CC=C2)(CO)C)=O)=C1,0.0031822039862163367
CN1C(=O)N(CC(NC(CC2=C(F)C=CC=C2)(CO)C)=O)CC1=O,0.0009334055910585448
CC(NC(C1=NN=CC=C1)=O)(CC1=C(F)C=CC=C1)CO,0.0026666742051020265
CC(NC(C1N=C2N(CCOC2)C=1)=O)(CC1=C(F)C=CC=C1)CO,0.0022476283367723225
CC(NC([C@H]1[C@H](C2CCOCC2)C1)=O)(CC1=C(F)C=CC=C1)CO,0.004006043827394024
COCCN1N=CC(C(NC(CC2=C(F)C=CC=C2)(CO)C)=O)=C1,0.0032589685055427254
NC(C1CC1)CNC(C1N2C(CCCC2)=CN=1)=O,0.008301408332772552
CC1C(C2N=C(C(N3CCN(C4=CC(C(F)(F)F)=CC=C4)CC3)=O)ON=2)C1,0.006929220398887992
O=C(C1ON=C(C2CC2)N=1)N1CCCCCCC1,0.01416870355606079
CCN(C(C1OC(C2CC2)=NN=1)=O)CC(C)=C,0.010303590400144457
CC(C1=C(Cl)C=C(Cl)C(F)=C1)NC(C1OC(C2CC2)=NN=1)=O,0.005830291449092329
O=C(C1OC(C2CC2)=NN=1)N1CC(C2SC3=C(C=CC=C3)N=2)CCC1,0.007217268389649689
CC(C1OC(C(N2CCN(CC3=CC=C(Cl)C=C3)CC2)=O)=NN=1)(C)C,0.006599399400874973
CC1C(C2N=C(C(N3CCN(CC4=CC=C(Cl)C=C4)CC3)=O)ON=2)C1,0.008922052639536559
CC(OCC1=C(CNC(C2OC(C3CC3)=NN=2)=O)C=CC=C1)C,0.00746395206078887
O=C(C1OC(C2CC2)=NN=1)N1CCN(C2CCCC2)CC1,0.00997386178933084
CC(C1=CC=C(NC(C2CC2)=O)C=C1)NC(C1OC(C(C)(C)C)=NN=1)=O,0.007801260659471154
CN(C(C1OC(C2CC2)=NN=1)=O)CC(NC1=C(C)C=C(C)C=C1C)=O,0.008071288582868874
CN(C(C1ON=C(C2CC2)N=1)=O)CC(NC1=C(C)C=C(C)C=C1C)=O,0.008686572639271617
C(NC1=NC2=C(N=CC=N2)C=C1)CC1=C(N2CCOCC2)C=CC=C1,0.006261023925617337
ClC1=C(NCCC2=C(N3CCOCC3)C=CC=C2)N=CC(C#N)=C1,0.00457885031355545
CC1=NC(NCCC2=C(N3CCOCC3)C=CC=C2)=CC=N1,0.006715409643948078
COCCC1N=C(NCCC2=C(N3CCOCC3)C=CC=C2)SN=1,0.007647435809485614
FC(C1=NN=C(NCCC2=C(N3CCOCC3)C=CC=C2)C=C1)(F)F,0.004080565785989166
FC1=CN=C(NCCC2=C(N3CCOCC3)C=CC=C2)N=C1,0.006306664808653295
COCC1=NC(OC)=CC(NCCC2=C(N3CCOCC3)C=CC=C2)=N1,0.007722157333046198
CC1CCN(CC2=C(CNC(C3OC(C4CC4)=NN=3)=O)C=CC=C2)CC1,0.00814924594014883
N#CC1=NC=NC(NCCC2=C(N3CCOCC3)C=CC=C2)=C1,0.004771530721336603
O=C(C1OC(C2CC2)=NN=1)N1CCC(COC2=CC=CC=C2)CC1,0.008572673471644521
CC1C(C2N=C(C(N3CCC(COC4=CC=CC=C4)CC3)=O)ON=2)C1,0.010832506185397505
CC1=C(C2=CC=C(Cl)C=C2)N=C(CNC(C2OC(C3CC3)=NN=2)=O)S1,0.005528377275913954
COCC1CN(C2=NC=C(S(C)(=O)=O)C=C2)C1,0.007034522946923971
CC1C(C2N=C(C(N3CCN(CC4N=CSC=4)CC3)=O)ON=2)C1,0.007855530246160924
COCC1CN(C2=NC(C#N)=CN=C2)C1,0.00818147542886436
CC1C(C2N=C(C(NC3C4=C(C=C(C=C4)F)CC3)=O)ON=2)C1,0.008488687896169722
CC(C1OC(C(NC2C3=C(C=C(C=C3)F)CC2)=O)=NN=1)(C)C,0.006684881495311856
CC1=CC2=C(C(NC(C3ON=C(C4CC4)N=3)=O)CC2)C=C1,0.011453014751896261
CC(C1=C(C(F)(F)F)C=CC=C1)NC(C1OC(C2CC2)=NN=1)=O,0.005611847573891282
O=C(C1ON=C(C2CC2)N=1)NCC1=C(N2C=NC=C2)C=CC=C1,0.005387834389694035
CC1SC(N2CCN(C(C3=NC=NC(N4CCOCC4)=C3)=O)CC2)=NC=1,0.005939093302004039
CN(CCN1N=CC(C(N2CCN(C3SC(C)=CN=3)CC2)=O)=C1)C,0.007856434956192971
O=C(C1=C(C2OCCC2)NN=C1)N1CCC(CN2C(=O)CCCC2)CC1,0.00651186362374574
O=C(C1=C(CC#N)C=CC=C1)N1CCC(CN2C(=O)CCCC2)CC1,0.00676749029844359
CN(CCN1N=CC(C(N2CCC(CN3C(=O)CCCC3)CC2)=O)=C1)C,0.01106348792091012
O=C(C1=CC=C(C2N=CNC=2)C=C1)N1CCC(CN2C(=O)CCCC2)CC1,0.003978188766632229
CON1CCC(C(N2CCC(CN3C(=O)CCCC3)CC2)=O)CC1,0.0036969403037801383
CC1CC2N(C=C(C(N3CCC(CN4C(=O)CCCC4)CC3)=O)N=2)CC1,0.007633223757147789
COC1=C(C)C(C(N2CCC(CN3C(=O)CCCC3)CC2)=O)=CN=C1,0.0102869535330683
COC1=CC(OC)=C(CCNC(C2OC(C3CC3)=NN=2)=O)C=C1,0.0066429313737899065
ClC1=CC(CCCNC(C2OC(C3CC3)=NN=2)=O)=CC=C1,0.005572363152168691
COC1=CC=C(C(CNC(C2OC(C3CC3)=NN=2)=O)(C)C)C=C1,0.007627009879797697
O=C(C1OC(C2CC2)=NN=1)NCCN1C2=C(C=CC=C2)N=C1,0.004212225240189582
CC(C1OC(C(NC2C(=O)N(C3=C(F)C=CC=C3)CC2)=O)=NN=1)(C)C,0.004855098179541528
O=C(C1OC(C2CC2)=NN=1)NCC1=C(CN2CCCCCC2)C=CC=C1,0.008893240755423904
COCC1=C(C(NC2C3=C(C=CC=C3)S(=O)(=O)C2)=O)C=CS1,0.00621158021967858
O=C(C1=CC=C(C2CCOCC2)C=C1)NC1C2=C(C=CC=C2)S(=O)(=O)C1,0.007586701260879636
CCOCN1C(C)=C(CC(NC2C3=C(C=CC=C3)S(=O)(=O)C2)=O)C(C)=N1,0.0069572146283462645
CC1C2=C(N=CN=C2NCC2NC(C3COCC3)=NN=2)SC=1,0.004043844388797879
CCC1=NC=NC(NCC2NC(C3COCC3)=NN=2)=C1,0.003947728755883872
CCS(C1=CC(NC(C2=CN(CC3CC3)N=C2)=O)=CC=C1)(=O)=O,0.006482659466564655
O=C(C1OC(C2CC2)=NN=1)NCC1NC=CC=1,0.004072339250706136
CC(N1C=NC=C1)(CNC1=C2C(SC3=C2CCC3)=NC=N1)C,0.00650044537615031
CCC1=NC2N(N=CN=2)C(NCC(N2C=NC=C2)(C)C)=C1,0.0047626499319449065
CCN(CC(F)(F)F)CC1CN(C(C2OC(C(C)(C)C)=NN=2)=O)CC1,0.007100437604822219
CC1C(C(NCC(C2=CC(F)=CC=C2)(C)C)=O)=NOC=1,0.0063362183514982465
CC1C(C(N[C@@H]2C3=C(C=CC(=C3)C)CCC2)=O)=CON=1,0.01255886978469789
CCOC(C(NC1=C(C)C(N2C(=O)C(C)NC2=O)=CC=C1)=O)(C)C,0.0020568999403622
CC1C(=O)N(C2=C(C)C(NC([C@H]3[C@@H](C(F)(F)F)CCCC3)=O)=CC=C2)C(=O)N1,0.0018995715544747327
CC1C(=O)N(C2=C(C)C(NC(C3(C4=NC=CC=C4)CC3)=O)=CC=C2)C(=O)N1,0.001975210412638262
CC1C(=O)N(C2=C(C)C(NC(C3=CN(CC4CC4)N=C3)=O)=CC=C2)C(=O)N1,0.002361533825751394
OCC1ON=C(C(NC2(C(F)F)CCCC2)=O)C=1,0.0031917811604216693
CC1OC(CNC(NC2CN(C(C3CCCC3)=O)CC2)=O)=CC=1,0.006284070410765707
COCC1=C(C(NC2=CC(COC(C)C)=C(O)C=C2)=O)C=CS1,0.0043973857536911964
CC(OCC1=C(O)C=CC(NC([C@@]23CCO[C@@H]2CCC3)=O)=C1)C,0.005653001554310322
O=C(C1=CN(CC2CCCC2)N=C1)N1CC(C2=CC=NC=C2)CC1,0.013533951761201025
CC1C(C(N2CC(C3=CC=NC=C3)CC2)=O)=NN(C2CCOCC2)C=1,0.011075745429843664
CC1=C(C(N2CC(C3=CC=NC=C3)CC2)=O)SC(C2COCC2)=N1,0.008607950853183865
CC1CC2N(C=C(C(N3CC(C4=CC=NC=C4)CC3)=O)N=2)CC1,0.007490141526795923
CN1C(=O)NC=C1C(N1CC(C2=CC=NC=C2)CC1)=O,0.0026111437124200164
O=C(C1=C(CC#N)C=CC=C1)N1CC(C2=CC=NC=C2)CC1,0.00542039033043693
CN(CCN1N=CC(C(N(CC2SC=CC=2)CC2OCCC2)=O)=C1)C,0.010462758876383305
COC1=CC=C(CN(C(C2N(C)C(=O)NC=2)=O)C(C2CC2)C)C=C1,0.004265739466063678
O=C(NC1CC(C2CC2)OCC1)NCC1=C2C(COCC2)=CC=C1,0.007675415836274624
CCN1C(C)=C(C(N2CC3=C(C=NN3)C2)=O)C=N1,0.0061006458476185795
O=C(C1N(CC2CCC2)N=CC=1)N1CC2=C(C=NN2)C1,0.006785884872078896
CC1=C(C(N2CC3=C(C=NN3)C2)=O)SC(C2COCC2)=N1,0.0045469084987416865
COCCN1N=CC(C(N2CC3=C(C=NN3)C2)=O)=C1,0.006303829536773264
CC1OC(CNC(NC2CC(C3=CC=CC=C3)OCC2)=O)=CC=1,0.005369217391125858
CC1C(C(N2CC3=C(C=NN3)C2)=O)=NN(C2CCOCC2)C=1,0.006694754376076162
CC(C1=CC=NC=C1)C(N1CC2=C(C=NN2)C1)=O,0.005425375932827592
CCN1N=C(C2CC2)C(C(N(C2CN(C)C(=O)CC2)C)=O)=C1,0.009318586625158786
CCN1C(C)=C(C(N(C2CN(C)C(=O)CC2)C)=O)C=N1,0.007755584130063653
CN(C(CC1=C2N(CCCC2)N=C1)=O)C1CN(C)C(=O)CC1,0.008895438862964511
COC1=C(C)C(C(N(C2CN(C)C(=O)CC2)C)=O)=CN=C1,0.0076225755736231806
CN(C([C@H]1N(C(C)=O)CCC1)=O)C1CN(C)C(=O)CC1,0.009656918328255415
CN(C(C1OC(C)=C(CO)C=1)=O)C1CN(C)C(=O)CC1,0.004044100106693804
CC1CC2N(C=C(C(N(C3CN(C)C(=O)CC3)C)=O)N=2)CC1,0.006126141874119639
O=C(NC1C2N(N=CC=2)CCC1)NCC1C2=C(CCCC2)ON=1,0.006662811548449099
COC1=C(C(NC2=C(OC(C)C)N=CC(C)=C2)=O)N=CC=C1,0.006625321949832142
OCC1ON=C(C(N2CC3C4C=CC(C3C2)CC4)=O)C=1,0.0068853894714266065
CC1C(C(N2[C@H](COC3=CC=CC=C3)CCC2)=O)=NN(C2CCOCC2)C=1,0.011446586670354008
O=C(N1[C@H](COC2=CC=CC=C2)CCC1)CCC1N=NNC=1,0.004319321108050644
O=C(C1=NN2C(N=CC=C2)=C1)N1[C@H](COC2=CC=CC=C2)CCC1,0.007725298451259732
O=C(N1[C@H](COC2=CC=CC=C2)CCC1)C1C(=O)NCCC1,0.008623157883994282
CCOCN1C(C)=C(CC(C(N2[C@H](COC3=CC=CC=C3)CCC2)=O)C)C(C)=N1,0.011465020664036273
O=C(N1[C@H](COC2=CC=CC=C2)CCC1)CC1OC(C2=CC=CC=C2)=NN=1,0.00842858273535967
CC(C1CCC1)(CNC(C1OC2=C(C=CC(=C2)O)OC1)=O)C,0.007504374533891678
CC(C1CCC1)(CNC(C1C(=O)NCCC1)=O)C,0.012368786334991454
CC([C@@H]1N(C)CCN(C(NCC2=NC(C(F)(F)F)=CC=N2)=O)C1)C,0.002982797351432964
CC1C(C(NCC2=CC(S(C)(=O)=O)=CC=C2)=O)=NN(C2CCOCC2)C=1,0.005787851545028389
CCOCN1C(C)=C(CC(N[C@H]2[C@H](O)COC2)=O)C(C)=N1,0.003022246982436627
O[C@H]1[C@H](NC(C2=C3C(C=CC=C3O)=CC=C2)=O)COC1,0.0019991370325442405
O[C@H]1[C@H](NC([C@H]2[C@@H](C(F)(F)F)CCCC2)=O)COC1,0.002138183974541974
CC1=C(C(N[C@H]2[C@H](O)COC2)=O)C=CC(OC2=CC=CC=C2)=C1,0.003609345911536366
O[C@H]1[C@H](NC(C2=C(F)C(Cl)=CC(Cl)=C2)=O)COC1,0.00287151702796109
O[C@H]1[C@H](NC(C2N(CC3CCC3)N=CC=2)=O)COC1,0.0034985670004971325
COC1=CC(Cl)=C(C(N[C@H]2[C@H](O)COC2)=O)C(F)=C1,0.0028235575591679662
CCC1=C(C(N[C@H]2[C@H](O)COC2)=O)C=C(F)C=C1,0.0025301603425759824
COC1=C(C(NC(CC2=CN(C)N=C2)C)=O)N=CC=C1,0.007547052949666977
CC(NC(CC1=C2N(CCCC2)N=C1)=O)CC1=CN(C)N=C1,0.010792602645233273
CC(NC(C1=CC=C(C2CCOCC2)C=C1)=O)CC1=CN(C)N=C1,0.009832321014255286
CC(NC(C1=C(C(C)(C)C)N=CN1)=O)CC1=CN(C)N=C1,0.004448985098861158
CC(NC(C1=CN(CC2CC2)N=C1)=O)CC1=CN(C)N=C1,0.010028196452185511
O=C(NC1C2N(N=CC=2)CCC1)NC1CCN(C2COCC2)CC1,0.005459839664399624
ClC1=CC(C2CC(NC(CCC3N=NNC=3)=O)CCC2)=CC=C1,0.004898848501034081
CC(C1C2(CCCC2)CN1C(C[C@H]1C(=O)NC2=C(C=CC=C2)C(=O)N1)=O)C,0.010527766402810812
CC(C1C2(CCCC2)CN1C(CC1OC(C2=CC=CC=C2)=NN=1)=O)C,0.011905784904956817
COCCN1N=CC(C(N2CC(CCCO)CC2)=O)=C1,0.004933328554034233
OCCCC1CN(C(C2(C3=C4C(C=CC=C4)=CC=N3)CC2)=O)CC1,0.00559771575499326
OCCCC1CN(C(C2=C(C3OC=CC=3)NN=C2)=O)CC1,0.003134706127457321
OCCCC1CN(C(C2C(=O)NCCC2)=O)CC1,0.004474477388430387
CCN1N=C(C2CC2)C(C(N2CC(CCCO)CC2)=O)=C1,0.006491729291155934
CC1C(C(NC2=NN3C(CCCC3)=N2)=O)=NOC=1,0.00496214785380289
O=C([C@@]12CCO[C@@H]1CCC2)NC1=CC(CS(C2CCCCC2)(=O)=O)=CC=C1,0.009310956252738834
CN(C1=NC(C2CC2)=NC(C#N)=C1)CCN1CC(C)(C)OCC1,0.008263763855211437
CN(C1=C(S(N)(=O)=O)C=CC=C1)CCN1CC(C)(C)OCC1,0.006666657794266939
CN(C1=NC(N)=NC(C)=N1)CCN1CC(C)(C)OCC1,0.005934738740324974
CN(C1=C(S(N)(=O)=O)C=CC(C)=C1)CCN1CC(C)(C)OCC1,0.007000946765765547
CC(C1=NC(N2C[C@H](OC3=CC=NC=C3)CC2)=NC(C)=C1)C,0.009314485895447432
NC1=NC(N2C[C@H](OC3=CC=NC=C3)CC2)=NC(C2CCCC2)=N1,0.007459370093420148
CC1=C(F)C(N2C[C@H](OC3=CC=NC=C3)CC2)=C(S(N)(=O)=O)C=C1,0.005012853886000812
CN1C(=O)NC=C1C(N1CC(CCF)CCC1)=O,0.002051123621640727
OCC1ON=C(C(N2CC(CCF)CCC2)=O)C=1,0.0030840396066196263
CCOCN1C(C)=C(CC(C(N2CC3(C)C(COC3)C2)=O)C)C(C)=N1,0.01216567843221128
COC1=C(C)C2=C(C(=CO2)CC(N2CC3(C)C(COC3)C2)=O)C=C1,0.011445507919415832
FC(C1=C(C(NCC2N(C3CCCCC3)CC2)=O)N2C(CCCC2)=N1)F,0.005707087833434344
O=C(NCC1N(C2CCCCC2)CC1)C[C@H]1C(=O)NC2=C(C=CC=C2)C(=O)N1,0.009437232138589024
CC1=C(CO)C=C(C(NCC2N(C3CCCCC3)CC2)=O)O1,0.0064585895743221045
CCOCN1C(C)=C(CC(NCC2N(C3CCCCC3)CC2)=O)C(C)=N1,0.01073706168681383
FC(CC1=C(CNC(CCC2=NNN=N2)=O)C=CC=C1)(F)F,0.001931798504665494
CC1C(C(NCC2=C(CC(F)(F)F)C=CC=C2)=O)=CON=1,0.004745671362616122
CC1=CC(C(CNC2=C(S(N)(=O)=O)C=CC=C2)O)=CC(C)=C1,0.0033707144029904157
CC(CC1N(C(C2OC(C)=C(CO)C=2)=O)CCOC1)C,0.005641995696350932
CC(CC1N(C(CCC2=NNN=N2)=O)CCOC1)C,0.004274357354734093
CCN1N=CC(CN(C(C2=CN(CC3CC3)N=C2)=O)C)=C1,0.012333733029663563
CC(N1CCN(CCNC(C2=C(Cl)C=CC(N)=C2)=O)CC1)=O,0.004096875339746476
CN(CCN1CCC(CNC(C2=C(Cl)C=CC(N)=C2)=O)CC1)C,0.006668369611725211
NC(CC1CN(C(C2=C(Cl)C=CC(N)=C2)=O)CCC1)=O,0.004060518858022988
CC1N(C2CC2)CC(NC(C2=C(Cl)C=CC(N)=C2)=O)C1,0.007386898715049028
CC(NC(C1=CC(Br)=CN=C1)=O)(CC1=C(F)C=CC=C1)CO,0.0035667677642777563
COC1=CC(OC)=C(C(NC(CC2=C(F)C=CC=C2)(CO)C)=O)C=C1,0.004066598124336451
CN(C1=CC(C(NC(CC2=C(F)C=CC=C2)(CO)C)=O)=CC=C1)C,0.003473768255207688
COC1=CC(C(NC(CC2=C(F)C=CC=C2)(CO)C)=O)=CC=C1,0.003899180155713111
CC(NC(C1=CC2=C(OCO2)C=C1)=O)(CC1=C(F)C=CC=C1)CO,0.003618074464611709
COC1=C(OC)C=C(C(NC(CC2=C(F)C=CC=C2)(CO)C)=O)C=C1,0.004511618718970567
CNCCC1CCN(C(C2N3C(CCCC3)=CN=2)=O)CC1,0.006852115597575903
NC1=CC(C(N2CC3(CCNCC3)CC2)=O)=C(Cl)C=C1,0.006606473331339657
CC(C1=C(C(N2CCN(C3=C(F)C(F)=CC=C3)CC2)=O)NC=N1)(C)C,0.0031948445132002233
FC1=C(F)C(N2CCN(C(C3C(=O)NCCC3)=O)CC2)=CC=C1,0.005308872647583484
CC1=C(N2CCN(C(C3OC(C4CC4)=NN=3)=O)CC2)C=CC=C1,0.007145362440496683
COC1=CC(CCNC(C2OC(C(C)(C)C)=NN=2)=O)=CC=C1,0.006643520435318351
CC1C(C2N=C(C(NCC3=CC(N4CCN(C)CC4)=NC=C3)=O)ON=2)C1,0.0069107708754017946
O=C(C1OC(C2CC2)=NN=1)NCC1=CN=C(N2CCCCC2)C=C1,0.0050440688850358125
CCOC(C(NC1=CC(Cl)=C(OCCN(C)C)C=C1)=O)(C)C,0.008814579201862216
CC(N1[C@H](C(N2CCC(C3C4=C(C=CC(=C4)F)NC=3)CC2)=O)CCC1)=O,0.0036435781978070734
CC1=C(CO)C=C(C(N2CCC(C3C4=C(C=CC(=C4)F)NC=3)CC2)=O)O1,0.001965316117275506
CC1(C(C2SC=CC=2)N(C(C[C@H]2C(=O)NC3=C(C=CC=C3)C(=O)N2)=O)C1)C,0.007741196709685027
CC1OC(C)C(C(N[C@@H](C2=CC=CC=C2)[C@@H](C2=CC=CC=C2)O)=O)C1,0.005983713245950639
CC(OCC1=C(O)C=CC(NC(C2(C3=C4C(C=CC=C4)=CC=N3)CC2)=O)=C1)C,0.004635995742864907
COC1=C(C)C(C(NC2=CC(COC(C)C)=C(O)C=C2)=O)=CN=C1,0.004248973308131098
CC(OCC1=C(O)C=CC(NC(C2(C3=NC=CC=C3)CC2)=O)=C1)C,0.004900337103754282
CC1OC(C)C(NC(NCC2=CC(COCC(F)(F)F)=CC=C2)=O)C1,0.004500587657094002
CC1=C(Cl)C=C(NC(CCC2N=NNC=2)=O)C=C1Cl,0.0030967884114943443
CCN(C(C1=NOC(CO)=C1)=O)C(C(C)C)C,0.00600368338637054
CCN(C(C1N(C)C(=O)NC=1)=O)C(C(C)C)C,0.003722793923225254
CC(CC1(C(NC2=CC3=C(CNC3=O)C=C2)=O)C(=O)NCC1)C,0.008144333097152411
O=C(C1=NC=NC(N2CCOCC2)=C1)NC1=CC2=C(CNC2=O)C=C1,0.003986435325350613
O=C(NC1N2C(C=CC=C2)=NC=1C1SC=CC=1)CC1=C2N(CCCC2)N=C1,0.004559733415953815
CC(CC1(C(NC2=CC3=C(CCNC3=O)C=C2)=O)C(=O)NCC1)C,0.008398245414718985
CON1CCC(C(NC2=CC3=C(CCNC3=O)C=C2)=O)CC1,0.001544754032511264
C[C@H](C1NC=CN=1)NC(C1(C2=C3C(C=CC=C3)=CC=N2)CC1)=O,0.0033143882756121457
COC1=C(C(N[C@@H](C2NC=CN=2)C)=O)N=CC=C1,0.002922269783448428
C[C@H](C1NC=CN=1)NC(C1=CC=C(C2CCOCC2)C=C1)=O,0.0034025393426418303
C[C@H](C1NC=CN=1)NC(C1=CN(CCN(C)C)N=C1)=O,0.0030801287095528094
CC1=C(CO)C=C(C(N2CCC(CC3=CC(C)=C(C)C=C3)CC2)=O)O1,0.006432829517871141
CC1=C(C2CCN(C(CCC3=NNN=N3)=O)CC2)C=CC(F)=C1,0.002525020838947967
CC1=C(C2CCN(C(CC3OC(C4=CC=CC=C4)=NN=3)=O)CC2)C=CC(F)=C1,0.005913324002176523
CCOCN1C(C)=C(CC(C(N2CCC(OCC)(C)CC2)=O)C)C(C)=N1,0.01210151775740087
CCOC1(CCN(C(C2=NC=NC(N3CCOCC3)=C2)=O)CC1)C,0.006577172293327748
CN(C(CCC1=NNN=N1)=O)CC1=C(C)C(C)=CC=C1,0.0037838413030840457
FC1(CC(CNC(CCC2N=NNC=2)=O)C1)F,0.0029093104298226536
CC1OC(C)C(NC(NCC2=NN=CC=C2)=O)C1,0.00487452473025769
CC1OC(CNC(NCC2=NN=CC=C2)=O)=CC=1,0.0037406321265734733
CCN1N=C(C2CC2)C(C(N2CC3N=NN(C4=CC=CC=C4)C=3CC2)=O)=C1,0.008843195764347911
OC1=CC2=C(OCC(C(N3CC4N=NN(C5=CC=CC=C5)C=4CC3)=O)O2)C=C1,0.004300731932744384
CC(C1=C(C(N2CC3N=NN(C4=CC=CC=C4)C=3CC2)=O)NC=N1)(C)C,0.004229324928019196
CCOC(C(N1CC2N=NN(C3=CC=CC=C3)C=2CC1)=O)(C)C,0.009210067428648471
COC(C1CC1)CNC(C1OC(C)=C(CO)C=1)=O,0.005696474085561931
COC(C1CC1)CNC(C1=C2C(C=C(C=C2)O)=CC=C1)=O,0.005200509238056839
COC(C1CC1)CNC(C1N2C(C=CC=C2)=CN=1)=O,0.005131251155398786
COC(C1CC1)CNC(C1N(CC2CCC2)N=CC=1)=O,0.012061952380463481
CCN1C(C)=C(C(NCC(C2CC2)OC)=O)C=N1,0.010931865684688092
COC(C1CC1)CNC(C1=C(OC)N=CC=C1OC)=O,0.008713573357090354
COC(C1CC1)CNC(C1=CN(CC2CC2)N=C1)=O,0.01216809069737792
COC(C1CC1)CNC(C1=C(CC#N)C=CC=C1)=O,0.006973970739045399
CC1=C(CCNC(C2=C(C3OCCC3)NN=C2)=O)N=CC=N1,0.005573588679544628
CC1CC2N(C=C(C(NCCC3=C(C)N=CC=N3)=O)N=2)CC1,0.006027194275520742
CC1=C(CCNC(C2=CN(CC3CCCC3)N=C2)=O)N=CC=N1,0.01069333152845502
COC1=C(C(NCCC2=C(C)N=CC=N2)=O)C(OC)=NC=C1,0.005942908395081758
CN(C(C1=C(C2OCCC2)NN=C1)=O)CC1=C(F)C=CC=C1F,0.004344325372949242
CCC1C(CN(C(C2N3C(CCCC3)=CN=2)=O)C)=CON=1,0.00813919585198164
CCC1C(CN(C(C2C(C)=CON=2)=O)C)=CON=1,0.011445318767800926
CC1N(C2CCOCC2)N=CC=1NC(C1=C(C2OC=CC=2)NN=C1)=O,0.005157638108357787
COCC1=C(C(NC2=C(C)N(C3CCOCC3)N=C2)=O)C=CS1,0.007206267025321722
CC1N(C2CCOCC2)N=CC=1NC(C1N2C(C=CC=C2)=CN=1)=O,0.004324416909366846
CC1=C(C(NC2=C(C)N(C3CCOCC3)N=C2)=O)SC(C2COCC2)=N1,0.007311098556965589
CC1CC2N(C=C(C(NC3=C(C)N(C4CCOCC4)N=C3)=O)N=2)CC1,0.006311753392219543
CCOCN1C(C)=C(CC(NC2=C(C)N(C3CCOCC3)N=C2)=O)C(C)=N1,0.008373379660770296
CCO[C@H]1[C@H](NC(NCC2(C3=CC=CC=C3)CCN(C)CC2)=O)COC1,0.005229381786193699
CC1C(C(N2CC(C(F)F)(O)CC2)=O)=NOC=1,0.005426426278427243
OC1(C(F)F)CN(C(C[C@H]2C(=O)NC3=C(C=CC=C3)C(=O)N2)=O)CC1,0.00500714594963938
COCCN1N=CC(C(N2CC(C(F)F)(O)CC2)=O)=C1,0.0046993833500891926
COC1=C(C)C2=C(C(=CO2)CC(N2CC(C(F)F)(O)CC2)=O)C=C1,0.004588619526475668
OC1(C(F)F)CN(C(CC2=CC=C(N3C=NC=C3)C=C2)=O)CC1,0.002791708265431225
CC1CC2N(C=C(C(N3CC(C(F)F)(O)CC3)=O)N=2)CC1,0.003929406323004514
OC1=C2C(C=CC=C2C(N2CC(C(F)F)(O)CC2)=O)=CC=C1,0.0035030630533583462
CON1CCC(C(N2CC(C(F)F)(O)CC2)=O)CC1,0.0011717075452907012
CC(C1OCCC(CNC(C2N3C(CCCC3)=CN=2)=O)C1)C,0.008938454603776336
CC(C1=C(NC(C2N3C(CCCC3)=CN=2)=O)SC=N1)C,0.005406734417192638
OC1=CC2=C(OCC(C(N3C(C4=CC=C(F)C=C4)COCC3)=O)O2)C=C1,0.004617376951500773
FC1=CC=C(C2N(C(CC3OC(C4=CC=CC=C4)=NN=3)=O)CCOC2)C=C1,0.005338365025818348
CCC1OC=C(CNC(C2OC(C)=C(CO)C=2)=O)N=1,0.0027874954976141453
CCC1OC=C(CNC(C(C2=CC=NC=C2)C)=O)N=1,0.005851435172371566
CCC1OC=C(CNC(C2CCN(OC)CC2)=O)N=1,0.0013758995773969218
CCC1OC=C(CNC(C2=C(OC)C=CC=N2)=O)N=1,0.0053687680047005415
CCC1OC=C(CNC(C2C(C)=CN(C3CCOCC3)N=2)=O)N=1,0.006147983367554843
CCC1OC=C(CNC([C@@]23CCO[C@@H]2CCC3)=O)N=1,0.00808733985759318
CCC1OC=C(CNC(C2=C(OC)N=CC=C2OC)=O)N=1,0.00523747424595058
CCC1OC=C(CNC(C2=C(CC)C=CC(F)=C2)=O)N=1,0.005305217974819243
O[C@H]1[C@H](CNC(C2=CN(CC3CC3)N=C2)=O)CCCC1,0.0044688803376629945
CCN1N=C(C2CC2)C(C(NC[C@H]2[C@H](O)CCCC2)=O)=C1,0.004992438293993473
CC1C(C(NC[C@H]2[C@H](O)CCCC2)=O)=NOC=1,0.004553952906280756
O[C@H]1[C@H](CNC([C@H]2[C@H](C3CCOCC3)C2)=O)CCCC1,0.004769658311852254
O[C@H]1[C@H](CNC(C2N3C(CCCC3)=NC=2C(F)F)=O)CCCC1,0.002340377337532118
CN(CCN1N=CC(C(NC2=C(F)C(F)=C(O)C=C2)=O)=C1)C,0.003956038446631283
OC1=C(F)C(F)=C(NC(C2C(=O)NCCC2)=O)C=C1,0.0039916698355227705
CC1OC(C)C(C(NC2=C(F)C(F)=C(O)C=C2)=O)C1,0.005643171397969127
OC1=C(F)C(F)=C(NC([C@H]2[C@H](C3CCOCC3)C2)=O)C=C1,0.005080083443317562
CCN1C(C)=C(C(N2C(C)C(=O)N(CCN(C)C)C2)=O)C=N1,0.010675754491239786
COCCN1N=CC(C(N2C(C)C(=O)N(CCN(C)C)C2)=O)=C1,0.010256997309625149
CCCCNC1=NC(N2CC3(C(C)OCC3)OCC2)=NC(C)=C1,0.007382807927206159
O=C(C1C(=O)NCCC1)NCC1=C(CN2CCCCCC2)C=CC=C1,0.009833034453913569
NC1=NC(N2CC(CO)(F)CC2)=NC(C2CCCC2)=N1,0.002707357157487422
CC1=C(F)C(N2CC(CO)(F)CC2)=C(S(N)(=O)=O)C=C1,0.0024806154833640903
CC1=NN(C)C(CNC2=NC(C3CCCC3)=NC(N)=N2)=C1,0.007003716030158103
CCCNC1=NC=NC(NCC2=C3N(C=CC=C3)N=C2)=C1,0.005359920777846128
CC1N(C2=C(S(N)(=O)=O)C=CC(C)=C2)CC(N2CCCC2)C1,0.008319347794167698
CC(C(NC(C1=CN(CC2CC2)N=C1)=O)CN(C)C)C,0.012760400213301182
CC(C(NC(C1=C(C)N=C(C2COCC2)S1)=O)CN(C)C)C,0.010171139379963279
CNS(C1CN(C(C2N3C(C=CC=C3)=CN=2)=O)CCC1)(=O)=O,0.0021062551182694732
CNS(C1CN(C(C2=C(Cl)C=C(OC)C=C2F)=O)CCC1)(=O)=O,0.0037998582352884113
CNS(C1CN(C([C@H]2[C@@H](C(F)(F)F)CCCC2)=O)CCC1)(=O)=O,0.002924373402913716
CNS(C1CN(C(C2=CC3=C(C=CC=N3)C=C2)=O)CCC1)(=O)=O,0.0029924373724497856
CNS(C1CN(C(C2=C(C(C)(C)C)N=CN2)=O)CCC1)(=O)=O,0.0018996271304786206
CNS(C1CN(C(C2=C3C(C=C(C=C3)O)=CC=C2)=O)CCC1)(=O)=O,0.0022122761816717683
CCOCN1C(C)=C(CC(N2CC(S(NC)(=O)=O)CCC2)=O)C(C)=N1,0.00451576265040785
COC1=CC=C(CN2C(N3C[C@@H]4C5N(C[C@@H](C4)C3)C(=O)C=CC=5)=NN=N2)C=C1,0.0061408466193825
CC1=NC(N2C[C@@H]3C4N(C[C@@H](C3)C2)C(=O)C=CC=4)=NC(N)=N1,0.004739695973694324
NC1=NC(N2C[C@@H]3C4N(C[C@@H](C3)C2)C(=O)C=CC=4)=NC(C2CCCC2)=N1,0.006218144623562694
CCN1N=CC(CN(C(C2C(C3CC3)=NN(CC)C=2)=O)C)=C1,0.012108075292780995
CC(C1=NC(N2CCS(=O)(=O)C3(CCC3)CC2)=NC(C)=C1)C,0.01031496743671596
C[C@H]1CN(C2=C3C(C(C4=CC=CC=C4)=NS3)=NC=N2)C[C@@H](O)C1,0.0028220665408298373
C[C@H]1CN(C2C3N(N=C(C4CC4)C=3)C=CN=2)C[C@@H](O)C1,0.002895313408225775
CN1C(CNCC2=CN=C(C3CC3)N=C2)=CN=C1,0.0071528146509081125
COC1=C(OC)C=C(C(NC(C2OC3=C(C=CC(=C3)O)OC2)=O)C)C(F)=C1,0.005192657141014934
CCC1OCCC(CC(NC(CC2=C(F)C=CC=C2)(CO)C)=O)C1,0.005105236894451082
CC(NC(C1=NC=C(F)C=C1)=O)(CC1=C(F)C=CC=C1)CO,0.0026816098368726672
CC(NC(C1=CC(OC2COCC2)=NC=C1)=O)(CC1=C(F)C=CC=C1)CO,0.0032210570643655956
CC(CNC(C1=C(Cl)C=CC(N)=C1)=O)(N)C,0.006588027020916343
CN(C(C1ON=C(C2CC2)N=1)=O)CC(NC1=CC=C(C)C=C1)=O,0.007276673847809434
CC1C(C2N=C(C(N3CCN(S(C4=CC=C(F)C=C4)(=O)=O)CC3)=O)ON=2)C1,0.005463214707560837
COC1=CC=C(CN(C(C2OC(C3CC3)=NN=2)=O)C)C=C1,0.008237706124782562
COC1=CC=C(CN(C(C2ON=C(C3CC3)N=2)=O)C)C=C1,0.010581709165126085
COCCNC(C1ON=C(C2CC2)N=1)=O,0.007835844345390797
CCC(NC(C1ON=C(C2C(C)C2)N=1)=O)C,0.011402164585888386
CCOCC1=CC=C(CNC(C2OC(C(C)(C)C)=NN=2)=O)C=C1,0.007427177834324538
CC1C(C2N=C(C(NCCOC3=CC=C(F)C=C3)=O)ON=2)C1,0.006512384628877044
FC1=CC=C(OCCNC(C2OC(C3CC3)=NN=2)=O)C=C1,0.0043259002035483714
CCCC1N=C(NCCC2=C(N3CCOCC3)C=CC=C2)SN=1,0.008040621364489197
CCC1=NC(C#N)=CC(NCCC2=C(N3CCOCC3)C=CC=C2)=N1,0.005255556048359722
N#CC1=NC(NCCC2=C(N3CCOCC3)C=CC=C2)=CN=C1,0.005390907160472125
CN(C(C1OC(C2CC2)=NN=1)=O)CC1C2=C(C=CC=C2)SC=1,0.0077997266314923765
CN1CCN(C(C2=CC=C(CNC(C3OC(C(C)(C)C)=NN=3)=O)C=C2)=O)CC1,0.006904308055527508
CC(NC(C1ON=C(C2CC2)N=1)=O)CC1=C(Cl)C=CC=C1,0.007944366475567222
CC(NC(C1OC(C(C)(C)C)=NN=1)=O)CC1=C(Cl)C=CC=C1,0.006805579597130418
CN(S(C1=CC2=C(CCN2C(C2=C(CC#N)C=CC=C2)=O)C=C1)(=O)=O)C,0.004125007977563655
CN(S(C1=CC2=C(CCN2C(C2C(C)=CON=2)=O)C=C1)(=O)=O)C,0.00553955549839884
CN(S(C1=CC2=C(CCN2C(C2=C(C3OCCC3)NN=C2)=O)C=C1)(=O)=O)C,0.003518596990033984
CC1N(CC2=C(CNC(C3OC(C4CC4)=NN=3)=O)C=CC=C2)CCCC1,0.007400178117677569
CC1OCCN(C2=NC=C(CNC(C3OC(C4CC4)=NN=3)=O)C=C2)C1,0.004763815784826875
CN(S(C1=CC2=C(CCN2C(C2=CN(CC3CC3)N=C2)=O)C=C1)(=O)=O)C,0.005957380309700966
O=C(C1OC(C2CC2)=NN=1)NCC(C1=CC=CC=C1)N1CC2=C(SC=C2)CC1,0.007770820008590818
CN(S(C1=CC2=C(CCN2C(C2(CC(=C)C2)C)=O)C=C1)(=O)=O)C,0.008146789227612316
CN1C(=N)N=C(C2CCN(C3=NC=C(Br)C=N3)CC2)N1,0.004014297295361758
CC1CCN(CC2CN(C(C3ON=C(C4CC4)N=3)=O)CCC2)CC1,0.013831539964303374
CCC1=NC(C)=NC(N2CCC(C3NN(C)C(=N)N=3)CC2)=C1,0.0038574205711483954
COCCC1N=C(N2CCC(C3NN(C)C(=N)N=3)CC2)SN=1,0.0037199249025434257
CN1C(=N)N=C(C2CCN(C3SN=C(C4CC4)N=3)CC2)N1,0.004368722043000162
CN1C(=N)N=C(C2CCN(C3=NC=C(F)C=N3)CC2)N1,0.0031574147287756205
O=C(N1CCN(C2=CC=CC=C2)CC1)CCNC(C1OC(C2CC2)=NN=1)=O,0.005763038177974522
CN1C(=N)N=C(C2CCN(C3SC(C4=NC=CC=C4)=NN=3)CC2)N1,0.003841364849358797
CC1=C(C#N)C(N2CCC(C3NN(C)C(=N)N=3)CC2)=NC=C1Cl,0.002623487007804215
CN1C(=N)N=C(C2CCN(C3=C(Cl)C=NC=N3)CC2)N1,0.003313934209290892
O=C(C1C(=O)NCCC1)NC(C1SC=CC=1)CC1=CC=CC=C1,0.006593339471146464
CCOC1=NC(C)=NC(N2CCC(C3NN(C)C(=N)N=3)CC2)=C1,0.0040159808238968255
CN1C(=N)N=C(C2CCN(C3SN=C(C4CCCCC4)N=3)CC2)N1,0.00550545307341963
CC1=CN=C(N2CCC(C3NN(C)C(=N)N=3)CC2)N=C1,0.003455690888222307
OC1=C(CNC(C2ON=C(C3CC3)N=2)=O)C=CC=C1,0.005220109014771879
CN1C(=N)N=C(C2CCN(C3=C4C(SC=C4)=NC(C4=NC=CC=C4)=N3)CC2)N1,0.003489328862633556
O=C(N1CCCCCC1)CCNC(C1ON=C(C2CC2)N=1)=O,0.008669357653707266
CC(C1=CC=C(CCCNC(C2=C(C3OCCC3)NN=C2)=O)C=C1)C,0.00683964197523892
CCN1CCN(C(C2OC(C3CC3)=NN=2)=O)CCC1,0.010622133780270816
CN1C2=C(C(=NC=N2)NCCC2SN=CC=2)C=N1,0.006645270925946534
CC1=CN=C(NCCC2SN=CC=2)N=C1,0.0059646220412105325
CCCC1N=C(NCCC2SN=CC=2)SN=1,0.0065369766904041175
CC(NC1=C(CNC(NCC2=C3C(COCC3)=CC=C2)=O)C=CC=C1)=O,0.005198363505769521
CC1OC(C)C(NC(NCC2=C(C)N(C)N=C2C)=O)C1,0.0060888863634318115
CC1OC(C)C(C(NCCCC2CC(=O)NN=2)=O)C1,0.006686202459968626
FC1=C(C(NCCCC2CC(=O)NN=2)=O)C=C(Cl)C=C1Cl,0.005417366826441139
FC([C@H]1[C@@H](C(NCCCC2CC(=O)NN=2)=O)CCCC1)(F)F,0.0033055877096188624
CC1(OC2=C(C=CC=C2)CN(C(C2=NC=NC(N3CCOCC3)=C2)=O)C1)C,0.007570616155862808
OCC1ON=C(C(N2CC3(OC4=C(C=CC=C4)O3)CC2)=O)C=1,0.004628721950575709
CCOCN1C(C)=C(CC(N2CC3(OC4=C(C=CC=C4)O3)CC2)=O)C(C)=N1,0.009401157917454838
O=C(C1N(CC2CCC2)N=CC=1)N1CCC(CC2NC3=C(C=CC=C3)N=2)CC1,0.004484224831685424
FC(C1=C(C(N2CCC(CC3NC4=C(C=CC=C4)N=3)CC2)=O)NN=C1)(F)F,0.002016304899007082
O=C(C1=CC=C(C2N=CNC=2)C=C1)N1CCC(CC2NC3=C(C=CC=C3)N=2)CC1,0.0037414689781144262
FC(CN1CCC(CNC(C2=C(CC#N)C=CC=C2)=O)CC1)F,0.003665158494914067
COC1=C(C(NCC2CCN(CC(F)F)CC2)=O)C(OC)=NC=C1,0.005078806588426232
CC1C(C(NCC2CCN(CC(F)F)CC2)=O)=NN(C2CCOCC2)C=1,0.006415106356143951
FC(CN1CCC(CNC(CC2=CC=C(N3C=NC=C3)C=C2)=O)CC1)F,0.0033878564136102796
O=C([C@H]1[C@H](C2CCOCC2)C1)NCC1=NN2C(OCCC2)=C1,0.008476945164147764
CN1C(=O)NC=C1C(NCC1=NN2C(OCCC2)=C1)=O,0.002650192310102284
CC[C@H]1N(C)CC[C@@H]1C(NCC1=NN2C(OCCC2)=C1)=O,0.008115798467770219
CC(C1=C(C(NCC2=NN3C(OCCC3)=C2)=O)NC=N1)(C)C,0.0035475469776429236
O=C(NCC1=NN2C(OCCC2)=C1)CC1=CC=C(N2C=NC=C2)C=C1,0.005282679223455489
CC1CC2N(C=C(C(NCC3=NN4C(OCCC4)=C3)=O)N=2)CC1,0.006329685100354254
CCOCN1C(C)=C(CC(C(NCC2=NN3C(OCCC3)=C2)=O)C)C(C)=N1,0.010064358543604612
CCN1N=C(C2CC2)C(C(NCC2=NN3C(OCCC3)=C2)=O)=C1,0.00828919569030404
CC1OC(C)C(NC(NC2CC3=C(NN=C3)CC2)=O)C1,0.0048900817055255175
CCN1N=C(C2CC2)C(C(NCC2(C3=CC(OC)=CC=C3)CC2)=O)=C1,0.010992282163351774
COC1=CC(C2(CC2)CNC(C2=C(C(F)(F)F)C=NN2)=O)=CC=C1,0.0036035816883668303
CC(OCC1=C(O)C=CC(NC(C2C(C)=NOC=2)=O)=C1)C,0.004936005757190287
O=C(NC1C2N(N=CC=2)CCC1)NCC1(C2CC2)CCC1,0.008380091097205878
CC1=C(S(NC2CC2)(=O)=O)C=CC=C1NC([C@@]12CCO[C@@H]1CCC2)=O,0.006515108910389244
CC1=C(S(NC2CC2)(=O)=O)C=CC=C1NC(CC1=C2N(CCCC2)N=C1)=O,0.005524068651720881
CC1N(C(CC2OC(C3=CC=CC=C3)=NN=2)=O)C(C)C(C2=CC=CC=C2)C1,0.009458146104589105
FC(COC1=NC=CC(NC([C@@]23CCO[C@@H]2CCC3)=O)=C1)(F)F,0.004938761907396838
CON1CCC(C(N(C(C2CC2)C)CC2=C(OC)C=C(OC)C=C2)=O)CC1,0.00372548105660826
CCN1C(C)=C(C(N2CC3N=NN(C4=CC=CC=C4)C=3CC2)=O)C=N1,0.008625729894265532
COC1=C(CNC(C2=C(C3OCCC3)NN=C2)=O)C=NC=C1,0.0051407619612291455
COC1=C(CNC(C2(CC(=C)C2)C)=O)C=NC=C1,0.010653067193925381
COC1=C(CNC(C2N(CC3CCC3)N=CC=2)=O)C=NC=C1,0.009256848786026239
CCN(C(C1N(C)C(=O)NC=1)=O)[C@H](CO)C,0.0016688634030288085
CCN(C(C1=C2C(C=C(C=C2)O)=CC=C1)=O)[C@H](CO)C,0.0029864155920222403
CC1=C(CO)C=C(C(N2C(C)(C)CC3=C(C=C(C=C3)C)C2)=O)O1,0.0074110705871135
CC1=CC2=C(CC(N(C(CCC3N=NNC=3)=O)C2)(C)C)C=C1,0.005752813187427819
CC1=CC2=C(CC(N(C(CC3OC(C4=CC=CC=C4)=NN=3)=O)C2)(C)C)C=C1,0.010565495677292347
CC1C(C(NC2C3N(C=CN=3)CC2)=O)=CON=1,0.005490663112141192
CC(C1=C(C(NC2C3N(C=CN=3)CC2)=O)NC=N1)(C)C,0.003776673274114728
O=C(NC1C2N(C=CN=2)CC1)CC1=C2N(CCCC2)N=C1,0.006199479359202087
O=C([C@@]12CCO[C@@H]1CCC2)NC1C2N(C=CN=2)CC1,0.007227412820793688
COCCN1N=CC(C(NC2C3N(C=CN=3)CC2)=O)=C1,0.005212538596242666
O=C(C1N(CC2CCC2)N=CC=1)NC1C2N(C=CN=2)CC1,0.006902155675925314
CCN1C(C)=C(C(NC2C3N(C=CN=3)CC2)=O)C=N1,0.005507192853838205
CCN1N=C(C2CC2)C(C(NC2C3N(C=CN=3)CC2)=O)=C1,0.0066372706089168785
O=C(C1N2C(CCCC2)=CN=1)NCC1=NNC(=O)C=C1,0.0033130851457826792
O=C(C1N(CC2CCC2)N=CC=1)NCC1=NNC(=O)C=C1,0.0050775337964296344
O=C(C1=CC=C(C2CCOCC2)C=C1)NCC1=NNC(=O)C=C1,0.004130505630746484
CC[C@H](C(N)=O)NC(C1=C(CC)C=CC(F)=C1)=O,0.00528968966100365
CC[C@H](C(N)=O)NC(C1=CN(CC2CCCC2)N=C1)=O,0.008031314332038164
CC[C@H](C(N)=O)NC(CC1=C2N(CCCC2)N=C1)=O,0.007669461704790592
CC[C@H](C(N)=O)NC(C1=CN(CCN(C)C)N=C1)=O,0.006372493738308549
CC[C@H](C(N)=O)NC(C1C(C2CC2)=NN(CC)C=1)=O,0.007255815831013024
COCC1(CN(C(C2=C3C(C=CC=C3O)=CC=C2)=O)C1)O,0.005096445558592677
COCC1(CN(C(C2C(=O)NCCC2)=O)C1)O,0.007688306784257293
COCC1(CN(C(C2=CC=C(C3N=CNC=3)C=C2)=O)C1)O,0.0027945347595959903
COCC1(CN(C(CC2=CC=C(N3C=NC=C3)C=C2)=O)C1)O,0.004524886328727007
COCC1(CN(C(C2=C(C)C=C(OC3=CC=CC=C3)C=C2)=O)C1)O,0.008525068452581764
COCC1(CN(C(C2=CC3=C(C=CC=N3)C=C2)=O)C1)O,0.006560222804546356
COCC1(CN(C(C2=CC=C(C3CCOCC3)C=C2)=O)C1)O,0.010157133964821697
COCC1(CN(C([C@@]23CCO[C@@H]2CCC3)=O)C1)O,0.011226857500150799
COCC1(CN(C(C2(C3=C4C(C=CC=C4)=CC=N3)CC2)=O)C1)O,0.007935758959501982
COCC1(CN(C(C2=C(C3OC=CC=3)NN=C2)=O)C1)O,0.004640271561220289
COC1=CC=C(CN(C(NC2C3N(C=CN=3)CC2)=O)C)C=C1,0.004031232069246471
CC1OC(CNC(NC2C3N(C=CN=3)CC2)=O)=CC=1,0.0035347807453945277
O=C(NC1C2N(N=CC=2)CCC1)NC1C2N(C=CN=2)CC1,0.0038620959618128835
NS(C1=CC=C(OCC(N2C[C@@H](F)CC2)=O)C=C1)(=O)=O,0.004302878503222018
F[C@@H]1CN(C(CC2OC(C3=CC=CC=C3)=NN=2)=O)CC1,0.004030760354362428
CC([C@@H]1N(C)CCN(C(NCC2=CC(F)=C(C#N)C=C2)=O)C1)C,0.0036751114414073525
F[C@@H]1[C@H](F)CN(C(C[C@H]2C(=O)NC3=C(C=CC=C3)C(=O)N2)=O)C1,0.004603531003783701
CN1C(=O)NC=C1C(N1C[C@@H](F)[C@@H](F)C1)=O,0.0020160896621973733
COC1=C(CNC(NC2C(=O)N(C3CCOCC3)CC2)=O)N=CC=C1,0.004273493634536862
OC[C@H]1[C@@H](NC(C2N(CC3CCC3)N=CC=2)=O)CCC1,0.004326748824678361
OC[C@H]1[C@@H](NC(C2=NC=NC(N3CCOCC3)=C2)=O)CCC1,0.0025785454316064717
CC1OC(CNC(NCC2C(C)(C)OCC2)=O)=CC=1,0.005740894959308207
CON1CCC(C(NCC2NN=C(C3=NC=CC=C3)N=2)=O)CC1,0.0007953510343213565
CC1OC(C)C(C(NCC2NN=C(C3=NC=CC=C3)N=2)=O)C1,0.004367012879811227
CC1C(=O)N(CCN(C)C)CN1C([C@H]1[C@H](C2CCOCC2)C1)=O,0.013390626455657185
COC1=CC(Cl)=C(C(N2C(C)C(=O)N(CCN(C)C)C2)=O)C(F)=C1,0.008742591342888772
CCOC(C(N1C(C)C(=O)N(CCN(C)C)C1)=O)(C)C,0.01372205293737352
CC1C(=O)N(CCN(C)C)CN1C(C1C(C)=CN(C2CCOCC2)N=1)=O,0.012484638718888164
COC1=C(C(N2C(C)C(=O)N(CCN(C)C)C2)=O)N=CC=C1,0.009288130886852741
CON1CCC(C(N2C(C)C(=O)N(CCN(C)C)C2)=O)CC1,0.002922969660721719
O=C(C1=CC=C(C2N=CNC=2)C=C1)N1C(C2CCC2)COCC1,0.004393779602833092
O=C(N1C(C2CCC2)COCC1)CC1OC(C2=CC=CC=C2)=NN=1,0.008934331452473998
CCN1C(C)=C(C(NC2=C3C(C(N(CC3)C)=O)=CC=C2)=O)C=N1,0.008285689237527549
COCC1=C(C(NC2=C3C(C(N(CC3)C)=O)=CC=C2)=O)C=CS1,0.00756373112089932
CN1C(=O)C2=C(C(=CC=C2)NC(CC2=C3N(CCCC3)N=C2)=O)CC1,0.00887981322593987
CN1C(=O)C2=C(C(=CC=C2)NC(C2=CC=C(C3CCOCC3)C=C2)=O)CC1,0.009087093314155937
CON1CCC(C(NC2=C3C(C(N(CC3)C)=O)=CC=C2)=O)CC1,0.0019286370254121721
CC1CC2N(C=C(C(NC3=C4C(C(N(CC4)C)=O)=CC=C3)=O)N=2)CC1,0.006168422219343483
CN1C(=O)C2=C(C(=CC=C2)NC(CCC2N=NNC=2)=O)CC1,0.003972070524469018
CC(S(CC1=CC(NC(C2=C(C(F)(F)F)C=NN2)=O)=CC=C1)(=O)=O)(C)C,0.0024994058185257018
CC1OC(C)C(C(NC2=CC(CS(C(C)(C)C)(=O)=O)=CC=C2)=O)C1,0.009020348987542092
CC(S(CC1=CC(NC(C2N3C(C=CC=C3)=CN=2)=O)=CC=C1)(=O)=O)(C)C,0.004153705528005957
CC(CC1(C(NC2=CC(CS(C(C)(C)C)(=O)=O)=CC=C2)=O)C(=O)NCC1)C,0.007599634723737836
CC(S(CC1=CC(NC(C2N(CC3CCC3)N=CC=2)=O)=CC=C1)(=O)=O)(C)C,0.007272104057483375
CC(S(CC1=CC(NC(C2=CN(CC3CC3)N=C2)=O)=CC=C1)(=O)=O)(C)C,0.007421591994352638
OCCCN(C1=NC=NC(NCC2=CC=CC=C2)=C1)CC1=NC=CC=C1,0.0033542591379955413
OCCCN(C1=NC(C2CC2)=NC(C#N)=C1)CC1=NC=CC=C1,0.0029490141198039053
CC(C1=NC(N2CC(C(N)=O)(C)CC2)=NC(C)=C1)C,0.007492527179419994
CN(CCOC1CCN(C(C2OC3=C(C=CC(=C3)O)OC2)=O)CC1)C,0.005411002365872264
CN(C1N(C)C(CNC(C2N3C(CCCC3)=CN=2)=O)=CN=1)C,0.005547270854003727
CN(CCN1N=CC(C(NCC2N(C)C(N(C)C)=NC=2)=O)=C1)C,0.005433423956856131
CCOCN1C(C)=C(CC(NCC2N(C)C(N(C)C)=NC=2)=O)C(C)=N1,0.005720002576708794
CN(C1N(C)C(CNC(C2OC3=C(C=CC(=C3)O)OC2)=O)=CN=1)C,0.003009277058299631
CN(C1N(C)C(CNC(C2(C3=NC=CC=C3)CC2)=O)=CN=1)C,0.005938211269676685
CN(C1N(C)C(CNC([C@H]2[C@@H](C(F)(F)F)CCCC2)=O)=CN=1)C,0.0031495361625843545
CN(C1N(C)C(CNC(C2=C(F)C(Cl)=CC(Cl)=C2)=O)=CN=1)C,0.004781934490893036
CN(C1N(C)C(CNC([C@H]2[C@H](C3CCOCC3)C2)=O)=CN=1)C,0.005658364074770361
CCCCNC1=NC(NCC2COCCC=2)=NC(C)=C1,0.007406043610535562
CC(N1N=NC(C2CCN(C3=C(S(N)(=O)=O)C=CC=C3)CCC=2)=C1)C,0.006627903040498495
CC(N1N=NC(C2CCN(C3=NC(C4CC4)=NC(C#N)=C3)CCC=2)=C1)C,0.008057893277145923
COC1C(C)(C)CN(C2=C(S(N)(=O)=O)C=CC(C)=C2F)CC1,0.005937230284325778
COC1C(C)(C)CN(C2=NC(C3CC3)=NC(C#N)=C2)CC1,0.00868235258385539
CC(NC(C1N2C(CCCC2)=CN=1)=O)CS(C)(=O)=O,0.004646391281858087
CC[C@H]1N(C)CC[C@@H]1C(NC(CS(C)(=O)=O)C)=O,0.006098648230545223
CC(NC(C1=C(F)C(F)=C(C)C=C1)=O)CS(C)(=O)=O,0.005470911716111004
CCN1N=CC(CN(C(C2=C(OC)N=CC=C2OC)=O)C)=C1,0.006990896142087877
NS(C1=C(NCCC2C3OC(CC3)C2)C=CC=C1)(=O)=O,0.006731749675236642
CCN1N=CC(CN(C(C(C2=CC=NC=C2)C)=O)C)=C1,0.010041287681087852
COC1=C(OC)C=C(C(NC(C2C(C)=NOC=2)=O)C)C(F)=C1,0.008201739052310586
COC1=C(OC)C=C(C(NC(C2N3C(CCCC3)=CN=2)=O)C)C(F)=C1,0.005662508006207645
O=C(C1(C2=C3C(C=CC=C3)=CC=N2)CC1)NCCC1=CC2=C(OCC2)C=C1,0.009054320538416505
COC1=C(C)C(C(NCCC2=CC3=C(OCC3)C=C2)=O)=CN=C1,0.008199629792943596
CC1C(C(NCCC2=CC3=C(OCC3)C=C2)=O)=NN(C2CCOCC2)C=1,0.00933913835324347
O=C(C1(C2=NC=CC=C2)CC1)NCCC1=CC2=C(OCC2)C=C1,0.009435050934553147
CC(C1=CC=NC=C1)C(NCCC1=CC2=C(OCC2)C=C1)=O,0.008435324672609568
CC(C1=C(C(NCCC2=CC3=C(OCC3)C=C2)=O)NC=N1)(C)C,0.0042864380870014426
O=C(NCCC1=CC2=C(OCC2)C=C1)CC1OC(C2=CC=CC=C2)=NN=1,0.00679866683203727
CS(CC1(CCC1)CNC1C2N(N=C(C3CC3)C=2)C=CN=1)(=O)=O,0.007532662781886757
CCC(C1SC(Cl)=CC=1)NC(C1OC(C)=C(CO)C=1)=O,0.0035692434990778565
CCC(C1SC(Cl)=CC=1)NC(C1C(=O)NCCC1)=O,0.006034322781488299
OCC1C(O)CCN(C2C3N(N=C(C4CC4)C=3)C=CN=2)C1,0.003921803412958979
CC(C1CCN(C(C2N3C(CCCC3)=CN=2)=O)CC1)N,0.007810810254886747
CC(C1=CC=C(C(CNC(C2N3C(CCCC3)=CN=2)=O)N)C=C1)C,0.00841258275322616
NCC1CC(NC(C2N3C(CCCC3)=CN=2)=O)CC1,0.009320958377793431
CC(C1OC(C(NCCCN2C=NC=C2)=O)=NN=1)(C)C,0.0036575474427081645
CC1C(C2N=C(C(NCCCN3C=NC=C3)=O)ON=2)C1,0.005324839800596237
CC(CCNC(C1OC(C2CC2)=NN=1)=O)C,0.009372081095352768
O=C(C1OC(C2CC2)=NN=1)NCC1CCCCC1,0.011504723830148578
CC1C(C2N=C(C(NCC=C)=O)ON=2)C1,0.010126095497980714
CN(C(C1OC(C(C)(C)C)=NN=1)=O)CC1SC(Br)=CC=1,0.009936048928648234
CN(C(C1OC=CC=1)CNC(C1OC(C2CC2)=NN=1)=O)C,0.007542544323951006
COC1=CC=C(C(N2CCOCC2)CNC(C2OC(C(C)(C)C)=NN=2)=O)C=C1,0.0067473177565261725
COC1=CC=C(C(N2CCOCC2)CNC(C2ON=C(C3C(C)C3)N=2)=O)C=C1,0.008811921486631036
CO[C@H]1[C@H](NC2C3N(N=C(C4CC4)C=3)C=CN=2)CCCC1,0.00948767652735114
CC(S(CC1=CC(NC(C2=C(CC#N)C=CC=C2)=O)=CC=C1)=O)(C)C,0.005528174013306852
CC(S(CC1=CC(NC(CCC2N=NNC=2)=O)=CC=C1)=O)(C)C,0.004148514289408922
CN(C(C1OC(C2CC2)=NN=1)=O)CC1CC1,0.011753949103876948
CC(S(CC1=CC(NC(C2N(CC3CCC3)N=CC=2)=O)=CC=C1)=O)(C)C,0.009320501051843167
CC1=C(F)C=C(C(N2CCN(C(C3ON=C(C4CC4)N=3)=O)CC2)=O)C=C1,0.007783548603765666
CC1N(CCCNC(C2OC(C3CC3)=NN=2)=O)C=CN=1,0.0036062678671441974
COC1=C(NC(C2CCCCC2)=O)C=C(NC(C2(C3=NC=CC=C3)CC2)=O)C=C1,0.00943697732873261
O=C(C1OC(C2CC2)=NN=1)NCC1=CC=C(OCC2=NC=CC=C2)C=C1,0.006336196116171778
COC1=C(OC)C(CNC(C2OC(C3CC3)=NN=2)=O)=CC=C1,0.007617270550690591
COCCN(C(C1OC(C2CC2)=NN=1)=O)CC1=NC=CC=C1,0.007577144913375378
CC1=CC=C(CCNC(C2=C(C3OCCC3)NN=C2)=O)C=C1,0.006770461471751333
CCC(C(N1CCC(NC(C2ON=C(C3CC3)N=2)=O)CC1)=O)CC,0.008941871998831629
CCC(C(N1CCC(NC(C2ON=C(C3C(C)C3)N=2)=O)CC1)=O)CC,0.009362002089619636
CC1=NC(CNC(C2OC(C3CC3)=NN=2)=O)=CC=C1,0.006400840100832283
CC(C1OC(C(NC2CCOCC2)=O)=NN=1)(C)C,0.006560215773060918
CC1=NC2N(N=CN=2)C(N2CCC(CC3NC4=C(C=CC=C4)N=3)CC2)=C1,0.003995952964760363
CC1C(C2N=C(C(N(CC3N=CSC=3)C)=O)ON=2)C1,0.009097082866355776
CC(C1SC=CN=1)(NC(CC1OC(C2=CC=CC=C2)=NN=1)=O)C,0.005807806737720966
CC(C1SC=CN=1)(NC(C1C(=O)NCCC1)=O)C,0.005184772168286144
CC(C1SC=CN=1)(NC(CCC1=NNN=N1)=O)C,0.002944876882247627
COCC1=C(C(NC(C2SC=CN=2)(C)C)=O)C=CS1,0.006828571297228336
CCOCN1C(C)=C(CC(C(NC(C2SC=C(C)N=2)(C)C)=O)C)C(C)=N1,0.010059448843821883
CC1N=C(C(NC(C2C(=O)NCCC2)=O)(C)C)SC=1,0.00569770650472492
O=C(C1OC(C2CC2)=NN=1)NCC1=CC(C(N2CCOCC2)=O)=CC=C1,0.005727342888712883
O=C(C1OC(C2CC2)=NN=1)N1CCN(C2SC=CN=2)CCC1,0.007237272057682276
N#CC1=C(N2CCC(C3=C4C(C=CC=C4)=NC=C3)CC2)N=CC=N1,0.006069626426324248
C1C(C2=C3C(C=CC=C3)=NC=C2)CCN(C2C3N(N=NN=3)C=CN=2)C1,0.005948561057448387
COCCC1N=C(N2CCC(C3=C4C(C=CC=C4)=NC=C3)CC2)SN=1,0.007896912447176874
CC(C1OC(C(NCC2=CC(OCCN3CCOCC3)=CC=C2)=O)=NN=1)(C)C,0.006335965148173273
N#CC1=NN=C(N2CCC(C3=C4C(C=CC=C4)=NC=C3)CC2)C=C1,0.00689169536344707
CC1=C(NC(C2(C3=NC=CC=C3)CC2)=O)C=CC=C1CS(C)(=O)=O,0.006028785114176571
CN(C1(CCOCC1)CNC(C1ON=C(C2CC2)N=1)=O)C,0.010050448449328541
N#CC1=C(N2CC(N3CCCC3)C2)N=C2C(C=CC=N2)=C1,0.0066547606140375136
O=C(C1N2C(CCCC2)=CN=1)NCCCC1CC(=O)NN=1,0.004012052214238793
CN1C(=O)NC=C1C(N1CC2(OC3=C(C=CC=C3)O2)CC1)=O,0.0035969119402579964
O=C(C1(C2=NC=CC=C2)CC1)N1CC2(OC3=C(C=CC=C3)O2)CC1,0.010963077237829567
CC1SC(CCNC(CC2=C3N(CCCC3)N=C2)=O)=NN=1,0.007724771182984114
CC1SC(CCNC(C2=C(F)C(Cl)=CC(Cl)=C2)=O)=NN=1,0.005397736351005733
CC1SC(CCNC(C2=C(C)N=C(C3COCC3)S2)=O)=NN=1,0.006363520654849708
COCC1=C(C(NCCC2SC(C)=NN=2)=O)C=CS1,0.00662271655164659
CN1C(CNC(C2N3C(CCCC3)=CN=2)=O)=CN=C1,0.006259342515841126
CN1C(CNC(C2=C(C3OCCC3)NN=C2)=O)=CN=C1,0.004167441022582352
CN1C(CNC(C2(C3=NC=CC=C3)CC2)=O)=CN=C1,0.006476194877177477
CC1=C(CO)C=C(C(NCC2N(C)C=NC=2)=O)O1,0.00273509414982982
CN1C(CNC(C2=C(C(C)(C)C)N=CN2)=O)=CN=C1,0.0038647387642413377
CC1C(C(NCC2N(C)C=NC=2)=O)=CON=1,0.005633561755530536
CCOCN1C(C)=C(CC(NCC2N(C)C=NC=2)=O)C(C)=N1,0.00605244196485728
CCN1N=C(CNCC2(C3OCCCC3)CCC2)C(C)=N1,0.018412933964282275
CC1OC(C)C(C(NCC2N=C(NC(C3C(C)OC(C)C3)=O)SC=2)=O)C1,0.010338918585330249
CN1N=C(C2=CC=C(C#N)C=C2)C(CNCC2(C3OCCCC3)CCC2)=C1,0.011573541956022382
O=C(NCC1CC1)COC1=C(CNCC2(C3OCCCC3)CCC2)C=CC=C1,0.013809420261532068
OC1=C(CNCC2(C3OCCCC3)CCC2)C=C2C(C=CC=C2)=N1,0.009859063103795052
CN(C1=NC=C(CNCC2(C3OCCCC3)CCC2)C=N1)C,0.011267626984044909
CCN1C(C)=C(C(N2CC(N3N=CC(Cl)=C3)CC2)=O)C=N1,0.009169710613787175
ClC1=CN(C2CN(C(C3N(CC4CCC4)N=CC=3)=O)CC2)N=C1,0.010530884517356754
ClC1=CN(C2CN(C(C3N4C(C=CC=C4)=CN=3)=O)CC2)N=C1,0.0044048603740520775
CC1C(C(N2CC(N3N=CC(Cl)=C3)CC2)=O)=NN(C2CCOCC2)C=1,0.010956677421927453
ClC1=CN(C2CN(C(CCC3=NNN=N3)=O)CC2)N=C1,0.0031893338076770307
ClC1=CN(C2CN(C(CCC3N=NNC=3)=O)CC2)N=C1,0.0036692022695206106
CC1C(C(N2CC(N3N=CC(Cl)=C3)CC2)=O)=NOC=1,0.008789417007938028
ClC1=CN(C2CN(C(C3=CN(CC4CC4)N=C3)=O)CC2)N=C1,0.010910324892029167
CON1CCC(C(NC2=C(OCC(F)F)C=CC(C(N)=O)=C2)=O)CC1,0.001014420928549953
CC1C(CNC(NC2C3N(N=CC=3)CCC2)=O)=CSC=1,0.00516689782962203
OCC1ON=C(C(NC[C@H](CN2CC3=C(C=CC=C3)CC2)O)=O)C=1,0.004009718529414385
O[C@@H](CN1CC2=C(C=CC=C2)CC1)CNC(C1=NN2C(N=CC=C2)=C1)=O,0.0030166686745360495
O[C@@H](CN1CC2=C(C=CC=C2)CC1)CNC(C1OC2=C(C=CC(=C2)O)OC1)=O,0.0024031751207076015
O[C@@H](CN1CC2=C(C=CC=C2)CC1)CNC(C1=NC=NC(N2CCOCC2)=C1)=O,0.0022720979293808343
CC[C@H]1N(C)CC[C@@H]1C(NC[C@H](CN1CC2=C(C=CC=C2)CC1)O)=O,0.00447312300093472
O[C@@H](CN1CC2=C(C=CC=C2)CC1)CNC(C1=CC=C(C2CCOCC2)C=C1)=O,0.0043122375849634405
O[C@@H](CN1CC2=C(C=CC=C2)CC1)CNC(C1=C(C2OC=CC=2)NN=C1)=O,0.002490896580275148
OC1=CC2=C(OCC(C(N3C(C4CC4)C4(CCOCC4)C3)=O)O2)C=C1,0.006765002431347966
CN(CCN1N=CC(C(N2C(C3CC3)C3(CCOCC3)C2)=O)=C1)C,0.01456899819895625
CC(C1=C(C(N2C(C3CC3)C3(CCOCC3)C2)=O)NC=N1)(C)C,0.00691970232874155
CCC(N(C(CC1C2=C(C(=C(C=C2)OC)C)OC=1)=O)C)CO,0.005485457996837795
CCC(N(C(C1=C(C)C(OC)=CN=C1)=O)C)CO,0.005174558260478079
CCC(N(C(C1=C2C(C=C(C=C2)O)=CC=C1)=O)C)CO,0.003331737394910306
CCOCN1C(C)=C(CC(N(C(CO)CC)C)=O)C(C)=N1,0.005198066728189588
CCC(N(C(C1C(C2CC2)=NN(CC)C=1)=O)C)CO,0.0059322311077266935
O=C(C1=C(C2OC=CC=2)NN=C1)NCC1CCCCC=1,0.007790718646720052
CC(NC(C1OC2=C(C=CC(=C2)O)OC1)=O)CC(O)(C)C,0.006955403531901538
CC[C@H]1N(C)CC[C@@H]1C(NC(CC(O)(C)C)C)=O,0.012080621672794223
CC1OC(C)C(NC(NCC2=NC(C(F)(F)F)=CC=C2)=O)C1,0.0032194417202845217
COC1=CC=C(N(C(CCC2=NNN=N2)=O)CC2CC2)C=C1,0.004336991591844708
COC1=CC=C(N(C(C[C@H]2C(=O)NC3=C(C=CC=C3)C(=O)N2)=O)CC2CC2)C=C1,0.008258761675097048
OC1=CC2=C(OCC(C(N3C[C@H]4[C@H](CCCC4)C3)=O)O2)C=C1,0.006737933494150639
NS(C1=CC=C(OCC(N2CC3C4C=CC(C3C2)O4)=O)C=C1)(=O)=O,0.00740006952546537
CCOCN1C(C)=C(CC(C(N2CC3C4C=CC(C3C2)O4)=O)C)C(C)=N1,0.012763543566688896
CC(C1=C(C(N2CC3C4C=CC(C3C2)O4)=O)NC=N1)(C)C,0.00576416146941483
CCO[C@H]1[C@H](NC(C2C(C)=CON=2)=O)COC1,0.006998799717985093
CCO[C@H]1[C@H](NC(C2=CN(CC3CC3)N=C2)=O)COC1,0.008321903925389052
CCO[C@H]1[C@H](NC(C2=NOC(CO)=C2)=O)COC1,0.0034793887636624275
CCO[C@H]1[C@H](NC(C2OC3=C(C=CC(=C3)O)OC2)=O)COC1,0.004398604040034115
CCOCN1C(C)=C(CC(N[C@H]2[C@H](OCC)COC2)=O)C(C)=N1,0.007116652955301106
CC(C(CNC(C1=C(C2OCCC2)NN=C1)=O)(C)C)(O)C,0.008667880157008766
CC[C@H]1N(C)CC[C@@H]1C(NCC(C(O)(C)C)(C)C)=O,0.012590658944100141
CC1N(C(COC2=CC=C(S(N)(=O)=O)C=C2)=O)C(C)(C)CC1,0.0077352778986096386
CC1N(C(C2OC3=C(C=CC(=C3)O)OC2)=O)C(C)(C)CC1,0.00694563640281558
CCOC(C(NC1=C2C(C(=NC=C2)OC)=CC=C1)=O)(C)C,0.0054456471698358655
COC1=C2C(C(=CC=C2)NC(C2C(C)OC(C)C2)=O)=CC=N1,0.007162681967020035
CC1C(C(N2C(C3=CC=CC=C3)C3(CCOCC3)C2)=O)=NOC=1,0.013814590591937303
O=C(C1=NC=NC(N2CCOCC2)=C1)N1C(C2=CC=CC=C2)C2(CCOCC2)C1,0.008360203495249153
COCC1=C(C(NC(CN2CCOCC2)(C)C)=O)C=CS1,0.008424834860488773
CN1C(=O)NC=C1C(NC(CN1CCOCC1)(C)C)=O,0.0029065672773867846
CC(NC(C1=NC=NC(N2CCOCC2)=C1)=O)(CN1CCOCC1)C,0.006358600943349302
CCC(C(C(C)C)O)NC(C1C(C)=NOC=1)=O,0.005506071844138205
OC1=CC2=C(CCC2NC(C2OC3=C(C=CC(=C3)O)OC2)=O)C=C1,0.006281691719777882
CCOCN1C(C)=C(CC(C(NC2C3=C(C=CC(=C3)O)CC2)=O)C)C(C)=N1,0.006399605376645923
CC1OC(C)C(C(NC2C3=C(C=CC(=C3)O)CC2)=O)C1,0.008019407792016865
OC1=CC2=C(CCC2NC(C2=CN(CC3CCCC3)N=C2)=O)C=C1,0.006930800108239055
OC1=CC2=C(CCC2NC(C2=CN(CC3CC3)N=C2)=O)C=C1,0.00637994990684092
CC(NC(C1=CN(CC2CC2)N=C1)=O)CN1CCC(C)CC1,0.011424648435786366
CC(NC(C1=NN2C(N=CC=C2)=C1)=O)CN1CCC(C)CC1,0.006858735415153206
CC(NC(CC1OC(C2=CC=CC=C2)=NN=1)=O)CN1CCC(C)CC1,0.006899441755376756
CC(NC(C[C@H]1C(=O)NC2=C(C=CC=C2)C(=O)N1)=O)CN1CCC(C)CC1,0.00818463391624391
CCCCNC1=NC(N2CC(C(N)=O)(C)CC2)=NC(C)=C1,0.005440693348646164
NC(N1CC(NC(C2=CN(CC3CCCC3)N=C2)=O)CC1)=O,0.004772056499496103
CC(C(NC1CN(C(N)=O)CC1)=O)OCC1=CC(C)=CC=C1,0.004135385237168521
NC(N1CC(NC(CC2=CC=C(N3C=NC=C3)C=C2)=O)CC1)=O,0.0023900191648863257
CC(NC(C1N(CC2CCC2)N=CC=1)=O)CS(C)(=O)=O,0.006216869666241109
COC1=C(C(NC(CS(C)(=O)=O)C)=O)C(OC)=NC=C1,0.005334536009468138
CCCNC1=NC=NC(N2CC3C4C=CC(C3C2)O4)=C1,0.010274677677080036
CCN1N=CC(CN(C(C2=CN(CCN(C)C)N=C2)=O)C)=C1,0.011965393181890249
CCN1N=CC(CN(C(C2N(C)C(=O)NC=2)=O)C)=C1,0.002946297638118267
CC(C1NN=C(CNC2C3N(N=C(C4CC4)C=3)C=CN=2)N=1)(C)C,0.006086812890134752
CN1CC(CN)N(C(C2N3C(CCCC3)=CN=2)=O)CC1,0.007508615707047283
CN(C(C1SC=CC=1)CNC(C1OC(C(C)(C)C)=NN=1)=O)C,0.007748500537127256
O=C(C1ON=C(C2CC2)N=1)NCCOC1=CC=CC=C1,0.007388278981670738
CC(C1OC(C(NCC2OC=CC=2)=O)=NN=1)(C)C,0.00620908853597939
CC(C1OC(C(NCC2=CC3=C(OCO3)C=C2)=O)=NN=1)(C)C,0.0070727589074522255
CC1C(C2N=C(C(NCC3=CC=NC=C3)=O)ON=2)C1,0.008336313045583665
CC(C1OC(C(NCC2=C(Cl)C=CC=C2)=O)=NN=1)(C)C,0.005970242409966886
CC1C(C2N=C(C(NCC3=C(Cl)C=CC=C3)=O)ON=2)C1,0.008286317042075098
CC(C1OC(C(NCC2=CC(Cl)=CC=C2)=O)=NN=1)(C)C,0.005826063803397119
O=C(C1OC(C2CC2)=NN=1)NCCC1=NC=CC=C1,0.005656679789535701
COC1=C(OC)C=C(CCNC(C2ON=C(C3CC3)N=2)=O)C=C1,0.009241685643792153
FC(C1=C(C(NC2CN(C3=CC=CC=C3)CCC2)=O)NN=C1)(F)F,0.002557259757304564
COC1=C(CNC(C2ON=C(C3CC3)N=2)=O)C=CC=C1,0.008671690011397004
CN(C(C1OC(C(C)(C)C)=NN=1)=O)CC1=CC=C(C#N)C=C1,0.006561126792803407
CC1C(C2N=C(C(NC3CCN(CC4=C(C)C=CC=C4)CC3)=O)ON=2)C1,0.00986490393988788
CC1=C(CN2CCC(NC(C3OC(C(C)(C)C)=NN=3)=O)CC2)C=CC=C1,0.006911021796986461
CN1CCN(C(CCNC(C2OC(C3CC3)=NN=2)=O)=O)CC1,0.006302266707643866
NS(C1=CC2=C(CCN2C(CC2=C3N(CCCC3)N=C2)=O)C=C1)(=O)=O,0.007056871708482504
CC(C(N1C2=C(C=CC(S(N)(=O)=O)=C2)CC1)=O)OCC1=CC(C)=CC=C1,0.006705229822546244
CC[C@H]1N(C)CC[C@@H]1C(N1C2=C(C=CC(S(N)(=O)=O)=C2)CC1)=O,0.006360561982728541
CC(C1OC(C(NC2CCN(CC3=NC=CC=C3)CC2)=O)=NN=1)(C)C,0.005992081132717431
O=C(C1ON=C(C2CC2)N=1)NCC1=CC(N2CCCCC2)=NC=C1,0.006147083779796958
CC1=NN(C2=NC=C(CNC(C3OC(C4CC4)=NN=3)=O)C=C2)C(C)=C1,0.006404648930765688
CC(OC1CN(C2=C(S(N)(=O)=O)C=CC(C)=C2F)CCC1)C,0.005980685516260564
CC(OC1CN(C2=NC(C3CC3)=NC(C#N)=C2)CCC1)C,0.007850503083318472
COC1=C(C(NC(C2ON=C(C3C(C)C3)N=2)=O)C)C=C(F)C=C1,0.008153932471759617
COC1=C(OC2CCN(C(C3OC(C4CC4)=NN=3)=O)CC2)C(OC)=CC=C1,0.00844762297347188
FC(C1=CC(OCCNC(C2OC(C3CC3)=NN=2)=O)=CC=C1)(F)F,0.0043235454591922465
C1OCCC(C2N=C(N3CCC(C4=C5C(C=CC=C5)=NC=C4)CC3)SN=2)C1,0.009343252424150706
CC1=C(CNC(C2OC(C3CC3)=NN=2)=O)SC=C1,0.006467835837975144
CC1=C(CNC(C2ON=C(C3CC3)N=2)=O)SC=C1,0.007176766917109489
COCCCN1N=C(NC(C2=CN(CC3CC3)N=C2)=O)C=C1,0.007650362816639245
COCCCN1N=C(NC(C(OCC2=CC(C)=CC=C2)C)=O)C=C1,0.00700283229816705
COCCCN1N=C(NC(C2=CC=C(C3CCOCC3)C=C2)=O)C=C1,0.007188014127314091
COCCCN1N=C(NC(C2(C3=NC=CC=C3)CC2)=O)C=C1,0.007034591468982399
COCCCN1N=C(NC(C2=C(C(F)(F)F)C=NN2)=O)C=C1,0.002230880595743656
CCOCN1C(C)=C(CC(NC2=NN(CCCOC)C=C2)=O)C(C)=N1,0.006376016582362354
CC1C(C2N=C(C(NCC(C3=CC(F)=CC=C3)O)=O)ON=2)C1,0.003683796664699912
O=C(C1ON=C(C2CC2)N=1)N1CC(C2OCCO2)CCC1,0.010390249453485012
O=C([C@@]12CCO[C@@H]1CCC2)NC1=CC(CS(C2CCCCC2)=O)=CC=C1,0.011859673587605358
COC1=C(C(NC2=CC(CS(C3CCCCC3)=O)=CC=C2)=O)N=CC=C1,0.008067518984898926
O=C(NC1=CC(CS(C2CCCCC2)=O)=CC=C1)CC1=C2N(CCCC2)N=C1,0.011150864651426673
CON1CCC(C(NC2=CC(CS(C3CCCCC3)=O)=CC=C2)=O)CC1,0.002954524231608957
CC(NC(C1=C(C2OCCC2)NN=C1)=O)CC=C,0.006284704012796283
CC(NC(C1=C(C)N=C(C2COCC2)S1)=O)CC=C,0.008495410671457648
CC(CN1CCN(C(C2OC(C3CC3)=NN=2)=O)CC1)(O)C,0.006367403641343116
CC1C(C2N=C(C(N3CCN(C(C4=C(F)C=C(F)C=C4)=O)CC3)=O)ON=2)C1,0.008213904220610857
C1N(C2=NC=NC(N3C=NC=C3)=C2)CC1N1CCCC1,0.0062080926960334185
C1N(C2=NN3C(=NN=N3)C=C2)CC1N1CCCC1,0.008395995036698878
CC(C1=NOC(CNC(C2ON=C(C3C(C)C3)N=2)=O)=C1)C,0.011303443228825927
COCC1=C(C(N2CCN(CC3N=C(C(C)(C)C)ON=3)CC2)=O)C=CS1,0.008168488647788763
CCC1=NC2N(N=CN=2)C(N(CC2SN=CC=2)C)=C1,0.00699220565147698
COC1=C(C(N2CCN(CC3N=C(C(C)(C)C)ON=3)CC2)=O)N=CC=C1,0.007761424034833908
CC1=C(C(NCC2C3=C(CCCC3)ON=2)=O)SC(C2COCC2)=N1,0.008671194734051823
CCN1C(C)=C(C(NC2CN(CC(F)(F)F)CCC2)=O)C=N1,0.003932454410823993
CC(CC1(C(NC2CN(CC(F)(F)F)CCC2)=O)C(=O)NCC1)C,0.005180419329553843
CC1=C(CCNC(NC2C3N(N=CC=3)CCC2)=O)C(C)=CC=C1,0.0062003402505069975
O=C(C1N(CC2CCC2)N=CC=1)NCCOC1OCCCC1,0.00980461910367012
CC(C1C2(CCC2)CN1C(C1=NN2C(N=CC=C2)=C1)=O)C,0.011646103207021951
CC(C1C2(CCC2)CN1C(CCC1=NNN=N1)=O)C,0.006424895860254765
CC(C1C2(CCC2)CN1C(C1=C(C2OC=CC=2)NN=C1)=O)C,0.008936705533415079
CC(C1=CC=CC=C1)C(C(N)=O)NC(C1C(C)=NOC=1)=O,0.0069556067464873195
CC(C1=CC=CC=C1)C(C(N)=O)NC(C1=CN(CCN(C)C)N=C1)=O,0.007791122328490019
CC(C1=CC=CC=C1)C(C(N)=O)NC(C(C1=CC=NC=C1)C)=O,0.00765420994721353
CC(C1=CC=CC=C1)C(C(N)=O)NC(CC1=C2N(CCCC2)N=C1)=O,0.009004000294953584
CC(C1=CC=CC=C1)C(C(N)=O)NC(C1=CC=C(C2CCOCC2)C=C1)=O,0.009044731315225363
CC(C1=CC=CC=C1)C(C(N)=O)NC(C1N(CC2CCC2)N=CC=1)=O,0.008115648338571192
CC1(C(C2=CN=CC=C2)N(C(C2=CN(CC3CC3)N=C2)=O)C1)C,0.012940124422311784
COCCN1N=CC(C(N2C(C3=CN=CC=C3)C(C)(C)C2)=O)=C1,0.011125994985923171
CC1(C(C2=CN=CC=C2)N(C(C[C@H]2C(=O)NC3=C(C=CC=C3)C(=O)N2)=O)C1)C,0.007307241158559919
CC1(C(C2=CN=CC=C2)N(C(C2=CN(CC3CCCC3)N=C2)=O)C1)C,0.014113137358799576
CC(N1[C@H](C(N2C(C3=CN=CC=C3)C(C)(C)C2)=O)CCC1)=O,0.011601173738017678
OCC1(C2=CC=CC=C2)CCN(C(C2=C(C3OC=CC=3)NN=C2)=O)CC1,0.0026612965390086173
CC(C(NC(C1=NOC(CO)=C1)=O)(CC1=CC=C(Cl)C=C1)C)C,0.00494947973638773
ClC1=CC=C(OC2CN(C(C3=C(C4OCCC4)NN=C3)=O)CC2)C=C1,0.005464649340137839
OCC1ON=C(C(N2CC(OC3=CC=C(Cl)C=C3)CC2)=O)C=1,0.004029955971054733
COCCN1N=CC(C(NC2N(CCN(C)C)N=CC=2)=O)=C1,0.006029401673004031
CC1OC(C)C(C(NC2N(CCN(C)C)N=CC=2)=O)C1,0.007961731380783021
CN(CCN1C(NC(C2N(CC3CCC3)N=CC=2)=O)=CC=N1)C,0.007853460242040455
COC1=C(C)C(C(NC2N(CCN(C)C)N=CC=2)=O)=CN=C1,0.006088483799248934
CC(C1=CSC=C1)NC(NC1C(C)OC(C)C1)=O,0.005925785703584552
CCOCN1C(C)=C(CC(C(NC2N(CCN(C)C)N=CC=2)=O)C)C(C)=N1,0.00901345645543188
CN(CCN1C(NC(CC2OC(C3=CC=CC=C3)=NN=2)=O)=CC=N1)C,0.005122050293721259
CCN1N=C(C2CC2)C(C(NC2=C(O)C=CC(Br)=C2C)=O)=C1,0.00575257078744471
CC1=C(NC(CCC2N=NNC=2)=O)C(O)=CC=C1Br,0.0029245348530821504
CC1=C(NC(C2C(=O)NCCC2)=O)C(O)=CC=C1Br,0.006024567317217589
CN(C(C1N(C)C(=O)NC=1)=O)CCC1=C(C)C=CC=C1,0.0035726523026824
C[C@@H]1N(C(C2=CN(CCN(C)C)N=C2)=O)CCOC1,0.009079897543415427
COC1=C(C)C2=C(C(=CO2)CC(N2[C@@H](C)COCC2)=O)C=C1,0.00819129238370806
COC1=C(C)C(C(N2[C@@H](C)COCC2)=O)=CN=C1,0.008701561810448765
C[C@@H]1N(C(C2=C(C)N=C(C3COCC3)S2)=O)CCOC1,0.007990057440474629
C[C@@H]1N(C(C[C@H]2C(=O)NC3=C(C=CC=C3)C(=O)N2)=O)CCOC1,0.006810022029094398
CC(C[C@H](NC(C1C(=O)NCCC1)=O)CN1CCCC1)C,0.010524761443957687
CC(C[C@H](NC(C1=C(C(F)(F)F)C=NN1)=O)CN1CCCC1)C,0.003904504992533475
COC1=C(C)C(C(N[C@H](CN2CCCC2)CC(C)C)=O)=CN=C1,0.011184134008362889
CC(C[C@H](NC(C1=C(C2OCCC2)NN=C1)=O)CN1CCCC1)C,0.008672642312012613
CC1C(C(NC(C2CC2)C(C2CC2)CO)=O)=NOC=1,0.005980460322462022
OCC(C1CC1)C(C1CC1)NC(C1C(=O)NCCC1)=O,0.0049204036826267835
CC1C(C(N[C@H]2C[C@H](C3=NC=CC=C3)OCC2)=O)=CON=1,0.0067856173729524015
CC(C1=CC=NC=C1)C(N[C@H]1C[C@H](C2=NC=CC=C2)OCC1)=O,0.007590272580273449
CC1(CC(NC(NC2C3N(N=CC=3)CCC2)=O)C1)C,0.007909952546469867
OCC1ON=C(C(N2CCC(CC3=C(F)C=CC=C3F)CC2)=O)C=1,0.003569047281052917
FC1=CC(CC2CCN(C(C3=C(C4OCCC4)NN=C3)=O)CC2)=C(F)C=C1,0.004778946121223271
COC1=C(NC(C2=C(CC#N)C=CC=C2)=O)C=CC(CN(C)C)=C1,0.005284800387744326
COC1=CC=C(CC(NC2=C(OC)C=C(CN(C)C)C=C2)=O)C=C1,0.008629539562389255
COC1=C(NC(COC2=CC=CC=C2)=O)C=CC(CN(C)C)=C1,0.008963907952420413
COC1=CC(OC)=C(C(NC2=C(OC)C=C(CN(C)C)C=C2)=O)C=C1,0.008478031097911298
COC1=C(NC(COC2=C(F)C=CC=C2)=O)C=CC(CN(C)C)=C1,0.008146606828086078
COC1=C(NC(COC2=C(C#N)C=CC=C2)=O)C=CC(CN(C)C)=C1,0.0067445828462950885
COC1=C(NC(C2OC3=C(C=CC=C3)OC2)=O)C=CC(CN(C)C)=C1,0.009336171532049775
COC1=C(NC(C2=CC=C(OC(C)C)C=C2)=O)C=CC(CN(C)C)=C1,0.009337089071050287
COC1=C(NC(C2=CC(NS(C)(=O)=O)=CC=C2)=O)C=CC(CN(C)C)=C1,0.004056894534733147
COC1=C(NC(CN2C(=O)C3C(C4C=CC3C4)C2=O)=O)C=CC(CN(C)C)=C1,0.0054055671906098725
COC1=C(NC(CC2=CC3=C(OCCO3)C=C2)=O)C=CC(CN(C)C)=C1,0.00915841746609658
COC1=C(NC(COC2=CC(Cl)=CC=C2)=O)C=CC(CN(C)C)=C1,0.007323437137529254
COC1=C(NC(C(OC2=CC=C(C#N)C=C2)C)=O)C=CC(CN(C)C)=C1,0.00771980220451951
COC1=C(NC(CCC2=C(C)ON=C2C)=O)C=CC(CN(C)C)=C1,0.00850001850631088
OC1=C2C(C=CC=C2C(N2CCS(=O)(=O)C3(CCC3)CC2)=O)=CC=C1,0.005213184398598969
OC1=CC2=C(OCC(C(N3CCS(=O)(=O)C4(CCC4)CC3)=O)O2)C=C1,0.004818045441061259
CC(C1(COCC1)O)(CNC(C1N2C(CCCC2)=CN=1)=O)C,0.007877887412905692
CC(C1(COCC1)O)(CNC(C1=C(CC#N)C=CC=C1)=O)C,0.007109817974560428
CC[C@H]1N(C)CC[C@@H]1C(NCC(C1(COCC1)O)(C)C)=O,0.011861323099583387
CC(C1=C(C(NCC(C2(COCC2)O)(C)C)=O)NC=N1)(C)C,0.00554157686419785
CC(C1(COCC1)O)(CNC(C1=NC=NC(N2CCOCC2)=C1)=O)C,0.007094218186102808
CC(C1(COCC1)O)(CNC([C@H]1[C@H](C2CCOCC2)C1)=O)C,0.012157581374049186
COC1=C(OC)N=CC(NC(C2N3C(CCCC3)=CN=2)=O)=C1,0.0056034739594906565
COC1=C(OC)N=CC(NC([C@H]2[C@H](C3CCOCC3)C2)=O)=C1,0.007983454910572618
COC1=C(OC)N=CC(NC(C2(C3=C4C(C=CC=C4)=CC=N3)CC2)=O)=C1,0.007282263645902276
COC1=C(OC)N=CC(NC(C2OC(C)=C(CO)C=2)=O)=C1,0.0034729555365629492
COC1=C(OC)N=CC(NC(C2N=C3N(CCC(C3)C)C=2)=O)=C1,0.005995642254129052
CCOCN1C(C)=C(CC(C(NC2=CC(OC)=C(OC)N=C2)=O)C)C(C)=N1,0.008255916414782405
N#CC1=NC(C2CC2)=NC(N2CC3=CC4=C(N3CCC2)C=CC=C4)=C1,0.008378909248858691
NC(CC1CN(C2=NC=NC(NCC3=CC=CC=C3)=C2)CC1)=O,0.004827556270174682
CC(C1=NC(N2CC(CC(N)=O)CC2)=NC(C)=C1)C,0.007129935547709465
OCCN1N=C(C2CCOCC2)C(C(N2C(C(C3=CC=CC=C3)O)CCC2)=O)=C1,0.005650787707418203
OC(C1=CC=CC=C1)C1N(C(CC2(C#N)CCOCC2)=O)CCC1,0.004242559770193566
OC(C1=CC=CC=C1)C1N(C(C2=CC(CN3N=NC=C3)=CC=C2)=O)CCC1,0.004559546452946961
OC(C1=CC=CC=C1)C1N(C(CC2ON=C(C3CC3)C=2)=O)CCC1,0.005724479677155614
OC(C1=CC=CC=C1)C1N(C(C2=C(F)C=CC=N2)=O)CCC1,0.0038093114038929344
CC1=NC(N)=C(C(N2C(C(C3=CC=CC=C3)O)CCC2)=O)C=N1,0.002334134851116687
OC(C1=CC=CC=C1)C1N(C(CCCC2=CN=CC=C2)=O)CCC1,0.0053752422332763675
CC1=C(CC(N2C(C(C3=CC=CC=C3)O)CCC2)=O)C=NC=C1,0.004833473404869437
CC(N1N=C(C)C(C(N2C(C(C3=CC=CC=C3)O)CCC2)=O)=C1)C,0.006449513137340546
OC(C1=CC=CC=C1)C1N(C(C2=NC3=C(OCCO3)C=C2)=O)CCC1,0.004413368017412722
CCN1N=C(C(N2C(C(C3=CC=CC=C3)O)CCC2)=O)C=C1,0.004707065597176552
OC(C1=CC=CC=C1)C1N(C(C2C(Br)=CSN=2)=O)CCC1,0.006895582634024322
OC(C1=CC=CC=C1)C1N(C(CNS(C2=CN=CC=C2)(=O)=O)=O)CCC1,0.0023184637364465745
CN1C(CC(N2C(C(C3=CC=CC=C3)O)CCC2)=O)=NC(C2CC2)=N1,0.0054415053687989715
CC1=C(N2CCOCC2)C=CC(C(N2C(C(C3=CC=CC=C3)O)CCC2)=O)=C1,0.006207143026404083
CN1C(=O)NC=C1C(N1C(C(C2=CC=CC=C2)O)CCC1)=O,0.0016367682605050505
CC1C(C(N2C(C(C3=CC=CC=C3)O)CCC2)=O)=CON=1,0.005039564683102071
OC(C1=CC=CC=C1)C1N(C(CC2OC(C3=CC=CC=C3)=NN=2)=O)CCC1,0.004250187333673239
CCCC1=C(C(N2C(C(C3=CC=CC=C3)O)CCC2)=O)C=CN1,0.003996889293193817
OC(C1=CC=CC=C1)C1N(C(C2=CC(N3CCOCC3)=CC(F)=C2)=O)CCC1,0.004053435858804732
OC(C1=CC=CC=C1)CCCC(N1C(C(C2=CC=CC=C2)O)CCC1)=O,0.007193706673569977
CC1C(CC(N2C(C(C3=CC=CC=C3)O)CCC2)=O)=NON=1,0.004106918291654438
OC(C1=CC=CC=C1)C1N(C(C2=NC3=C(C=CC=N3)C=C2)=O)CCC1,0.004411488794721663
CN1N=CC([C@H]2[C@H](C(N3C(C(C4=CC=CC=C4)O)CCC3)=O)C2)=C1,0.00516868787817657
CN1C(=O)C2=C(SC(C(N3C(C(C4=CC=CC=C4)O)CCC3)=O)=C2)N(C)C1=O,0.0035993411438539624
OC(C1=CC=CC=C1)C1N(C(C2=CC3=C(NC=C3)N=C2)=O)CCC1,0.0025511105952318756
OC(C1=CC=CC=C1)C1N(C(CC2=CC(F)=C(O)C=C2)=O)CCC1,0.003004288219381124
OC(C1=CC=CC=C1)C1N(C(C2=CC(OC(F)F)=NC=C2)=O)CCC1,0.0023349521216005087
CC1N(CC(N2C(C(C3=CC=CC=C3)O)CCC2)=O)C=CN=1,0.0027763860183767975
CC1=C(C(N2C(C(C3=CC=CC=C3)O)CCC2)=O)C=C(C#N)N1,0.002443900867365301
OC(C1=CC=CC=C1)C1N(C(CC2=C(C3=CC=CC=C3)N=CS2)=O)CCC1,0.0045964643359184265
CC1N(C2=NN(C)C=C2)N=NC=1C(N1C(C(C2=CC=CC=C2)O)CCC1)=O,0.004648147290572524
OC(C1=CC=CC=C1)C1N(C(CCC2=NOC=C2)=O)CCC1,0.0046678343787789345
CC1C(C(N2C(C(C3=CC=CC=C3)O)CCC2)=O)=C(C)SN=1,0.006519559305161238
CC1N(C)N=CC=1CC(N1C(C(C2=CC=CC=C2)O)CCC1)=O,0.005357937491498888
OC(C1=CC=CC=C1)C1N(C(C2=C3N(CCCO3)N=C2)=O)CCC1,0.00411617704667151
OC(C1=CC=CC=C1)C1N(C(C2CN3C(=CN=C3)CC2)=O)CCC1,0.004244994185864925
OC(C1=CC=CC=C1)C1N(C(CCN2C(=O)C=CN=C2)=O)CCC1,0.004091572109609842
OC(C1=CC=CC=C1)C1N(C(CCCC#N)=O)CCC1,0.0028651232687479933
OC(C1=CC=CC=C1)C1N(C(C2=NN3C(NCCC3)=N2)=O)CCC1,0.0025610552285797892
OC(C1=CC=CC=C1)C1N(C(C(C2=CC=C(Cl)C=C2)O)=O)CCC1,0.006775735458359122
OC(C1=CC=CC=C1)C1N(C(C2=CC3=C(OC(N3)=O)C=C2)=O)CCC1,0.001986879901960492
OC(C1=CC=CC=C1)C1N(C(C2=CN(CCF)N=C2)=O)CCC1,0.003109830804169178
CN1N=NC(C(N2C(C(C3=CC=CC=C3)O)CCC2)=O)=C1,0.004731278144754469
COC1=C(OC)C(C)=C(C(N2C(C(C3=CC=CC=C3)O)CCC2)=O)C=C1,0.006783646065741777
COCC1SC(C(N2C(C(C3=CC=CC=C3)O)CCC2)=O)=CN=1,0.004052509646862745
COCCOC1=CC(Cl)=C(C(NC(CC2=C(F)C=CC=C2)(CO)C)=O)C=C1,0.0035675494349561633
CCN1N=C(C2CC2)C(C(N2[C@@H]3[C@@H](CNC3)CC2)=O)=C1,0.009299197071231901
COC1(C(N2[C@@H]3[C@@H](CNC3)CC2)=O)CCNCC1,0.008398225461132825
CCN1N=C(C2CC2)C(C(N2CC3(N)C(CCC3)C2)=O)=C1,0.01432540938258171
FC1=CC=C(CCNC(C2ON=C(C3CC3)N=2)=O)C=C1,0.006162519007921219
CC(C(C1=C(C)C=CC=N1)NC(C1C(C)=NOC=1)=O)C,0.010542318131774664
CC(C(C1=C(C)C=CC=N1)NC(CC1OC(C2=CC=CC=C2)=NN=1)=O)C,0.008257380803115666
CC1C(NC(C2ON=C(C3CC3)N=2)=O)CCCC1,0.014110085275024175
CON1CCC(C(NC(C2=C(C)C=CC=N2)C(C)C)=O)CC1,0.0022415264858864246
CC1=CC=C(CNC(C2ON=C(C3CC3)N=2)=O)C=C1,0.008455935306847096
CC(C(C1=C(C)C=CC=N1)NC(CC1=C2N(CCCC2)N=C1)=O)C,0.011526954034343362
CN(C(C1=CC=CC=C1)CNC(C1OC(C2CC2)=NN=1)=O)C,0.007937153056263923
CC(C(C1=C(C)C=CC=N1)NC(C1N2C(C=CC=C2)=CN=1)=O)C,0.005935587000567466
O=C(C1OC(C2CC2)=NN=1)NCCN1CCOCC1,0.006174519844353199
O=C(C1OC(C2CC2)=NN=1)NC1CCCC1,0.009567328449338674
O=C(C1ON=C(C2CC2)N=1)NC1CCCC1,0.012181297782808543
O=C(C1OC(C2CC2)=NN=1)NC1CCCCCCC1,0.01177151147276163
O=C(C1ON=C(C2CC2)N=1)NCCCC1=CC=CC=C1,0.007851669937372208
OC(C1=CC=CC=C1)CNC(C1OC(C2CC2)=NN=1)=O,0.002939900918863714
OC(C1=CC=CC=C1)CNC(C1ON=C(C2CC2)N=1)=O,0.003813229384832084
CC(C1OC(C(NCCC2=C(F)C=CC=C2)=O)=NN=1)(C)C,0.004552163183689117
O=C(C1OC(C2CC2)=NN=1)NCC1=C(CN2C=NC=C2)C=CC=C1,0.00448478062171489
CC(C1OC(C(NCC(C2=C(Cl)C=CC=C2)N2CCOCC2)=O)=NN=1)(C)C,0.006259936350397765
COC1=C(C)C(C(N2C3=C(C=CC(S(N(C)C)(=O)=O)=C3)CC2)=O)=CN=C1,0.005357408965937793
CN1C[C@@H]2[C@@H](CN(C3=NC=NC(N4C=NC=C4)=C3)C2)CC1,0.005291491362731904
CN1C[C@@H]2[C@@H](CN(C3=NC(C#N)=NC=C3)C2)CC1,0.005462557938881218
CN1C[C@@H]2[C@@H](CN(C3=C(C#N)C(C#N)=C4C(CCCCCC4)=N3)C2)CC1,0.00969316742848605
CC1=C(OCCNC(C2OC(C3CC3)=NN=2)=O)C(C)=CC=C1,0.0065502865007147195
CCC1=NC(N2C[C@@H]3[C@@H](CCN(C3)C)C2)=CC(C#N)=N1,0.006680594431236387
COCC1=CC(CNC(C2ON=C(C3CC3)N=2)=O)=CC=C1,0.00813940237276256
CN1C[C@@H]2[C@@H](CN(C3=NC(C4CC4)=NC(C#N)=C3)C2)CC1,0.007346666720695794
CC(C1=CC=NC=C1)C(N(C1C(=O)N(C2=CC=CC=C2)CCC1)C)=O,0.008696690783835948
COC1=C(C(N(C2C(=O)N(C3=CC=CC=C3)CCC2)C)=O)N=CC=C1,0.007595867966301739
CC1C(C2N=C(C(NCCCN3CC(C)CC(C)C3)=O)ON=2)C1,0.010015823040157556
CCOCN1C(C)=C(CC(NCCC2=CC=C(C)C=C2)=O)C(C)=N1,0.008780093025416135
CN(C(C1=CC=C(F)C=C1)CNC(C1OC(C2CC2)=NN=1)=O)C,0.005622980580665171
CCCCN(CC1CCN(C(C2ON=C(C3C(C)C3)N=2)=O)CC1)C,0.013945719646289944
CCCCN(CC1CCN(C(C2OC(C3CC3)=NN=2)=O)CC1)C,0.011348759476095437
CCCCN(CC1CCN(C(C2OC(C(C)(C)C)=NN=2)=O)CC1)C,0.01090370756573975
CCOC1=CC=C(OC2=NC=CC(CNC(C3OC(C4CC4)=NN=3)=O)=C2)C=C1,0.0061173135414719585
N#CC1=NC(C2CC2)=NC(N2CCN(CC3=NNC=N3)CC2)=C1,0.003911148628685623
CC(N(CC1CCN(C(C2OC(C3CC3)=NN=2)=O)CC1)C)C,0.010204448411241174
CC(NC(C1ON=C(C2CC2)N=1)=O)CN1C(=O)CCC1,0.007441420014947653
FC1=CC(CNC(C2OC(C3CC3)=NN=2)=O)=C(Br)C=C1,0.006227133865468204
CC1=NC(CNC(C2OC(C3CC3)=NN=2)=O)=CC=N1,0.005642567807808518
CN(C(C1OC(C2CC2)=NN=1)=O)CC1=CC(C)=CC=C1,0.008227774361148476
CC(C1OC(C(N2CCN(C(CC3=C(F)C=CC=C3)=O)CC2)=O)=NN=1)(C)C,0.005571002187207341
ClC1=CC=C(N2CC(CNC(C3ON=C(C4CC4)N=3)=O)CC2)C=C1,0.007822928600944579
CC1C(C2N=C(C(NCCC3C4=C(C=CC=C4)NC=3C)=O)ON=2)C1,0.006727481400594116
CC1=CC(C2(CCCC2)CNC(C2OC(C3CC3)=NN=2)=O)=CC=C1,0.010569247091189027
CC(C1=CC(C(F)(F)F)=CC=C1)(CNC(C1OC(C2CC2)=NN=1)=O)C,0.005712510109879077
CCC1=NC(C2=CC=NC=C2)=NC(N(CC2SN=CC=2)C)=C1,0.009105493174865842
CC(C1ON=C(CN2CCN(C(C3=C4C(C=CC=C4O)=CC=C3)=O)CC2)N=1)(C)C,0.004578165407292545
COCCC1N=C(N(CC2SN=CC=2)C)SN=1,0.007613819977268577
CN(C1=NN2C(=NN=C2C(F)F)C=C1)CC1SN=CC=1,0.0043401481700129805
CC(C1CCN(C(C2ON=C(C3CC3)N=2)=O)CCC1)C,0.015583900827914476
OCC(C1CC1)NC(C1OC(C2CC2)=NN=1)=O,0.004267237451858819
CN1S(=O)(=O)N(CC2N=C(C3CC3)OC=2)CCC1,0.00913281380198896
CC(C1=CC(C#N)=CC=C1)NC1=CC2=C(N=C3N(C2=O)CCC3)C=C1,0.005273157160263509
CC1CN(C(C[C@H]2C(=O)NC3=C(C=CC=C3)C(=O)N2)=O)C(C2=CC=CC=C2)C1,0.008473773580044508
CC1CN(C(CCC2N=NNC=2)=O)C(C2=CC=CC=C2)C1,0.0049710150109604
CN(C(C1=C(C(F)(F)F)C=NN1)=O)CC1N(C)C=NN=1,0.003040094731841236
COC1=C(C)C2=C(C(=CO2)CC(N(CC2N(C)C=NN=2)C)=O)C=C1,0.009961838833987713
CN(C(C1=CC=C(C2CCOCC2)C=C1)=O)CC1N(C)C=NN=1,0.010098200989887118
CN(C(C1(C2=C3C(C=CC=C3)=CC=N2)CC1)=O)CC1N(C)C=NN=1,0.01032230006530881
COCC1=C(C(N(CC2N(C)C=NN=2)C)=O)C=CS1,0.008746655704453588
CC([C@@H]1N(C)CCN(C(NCCN2C(C)=NC=C2)=O)C1)C,0.003506512218154967
CC(N1C=NC=C1)(CNC1=C2C(C=CC(=C2)F)=NC(C(F)F)=N1)C,0.003426916035823524
CC(N1C=NC=C1)(CNC1SN=C(C2CCCC2)N=1)C,0.007328124647028744
CC(N1C=NC=C1)(CNC1=C(F)C=C(C#N)C=N1)C,0.0040584587666671725
CC(N1C=NC=C1)(CNC1OC2=C(C=CC=C2F)N=1)C,0.0035118235158734024
CC(C1=C(C(NC2CN(CC(F)(F)F)CCC2)=O)NC=N1)(C)C,0.0019162915727065411
OCC1ON=C(C(NC2CN(CC(F)(F)F)CCC2)=O)C=1,0.0019377805263502523
FC(CN1CC(NC(C2=C(CC#N)C=CC=C2)=O)CCC1)(F)F,0.002802640879053797
CC(C1SC(CNC(NCC2=C(F)C(F)=CC=C2)=O)=NN=1)(C)C,0.004097684123553336
CCCN(C(C1N(C)C(=O)NC=1)=O)CCN1CCCCCC1,0.00508404397405684
CCC(N(C(C1OC2=C(C=CC(=C2)O)OC1)=O)CC)CC,0.00794466040097177
COC1=C(C(N2CC3(OC4=C(C=CC=C4)O3)CC2)=O)C(OC)=NC=C1,0.008865428250283003
FC(C1=C(C(N2CC3(OC4=C(C=CC=C4)O3)CC2)=O)N2C(CCCC2)=N1)F,0.0055792243918403985
OCC1N=NN(CCCNC(C2=CC=C(C3CCOCC3)C=C2)=O)C=1,0.0030418609501793982
CC1(N(C(C2N3C(CCCC3)=CN=2)=O)CCC1O)C,0.0038913634256459773
CC1(N(C(C2=C(C(F)(F)F)C=NN2)=O)CCC1O)C,0.0014476503158221022
COC1=C(C)C2=C(C(=CO2)CC(N2C(C)(C)C(O)CC2)=O)C=C1,0.0051847735419869425
CCN1C(C)=C(C(N2C(C)(C)C(O)CC2)=O)C=N1,0.005429418082349003
CC(C1COCCC1)NC(NC1C(C)OC(C)C1)=O,0.007711319578811526
CCOCN1C(C)=C(CC(C(N2CC(N3N=CC=C3)CC2)=O)C)C(C)=N1,0.010519906366243958
COC1=C(C)C2=C(C(=CO2)CC(N2CC(N3N=CC=C3)CC2)=O)C=C1,0.008737283432856202
CCN1C(C)=C(C(N(C2CC2)CC2=C(F)C=C(C(N)=O)C=C2)=O)C=N1,0.006565410480834544
COCC1=C(C(N(C2CC2)CC2=C(F)C=C(C(N)=O)C=C2)=O)C=CS1,0.005862865364179015
CC[C@H]1N(C)CC[C@@H]1C(N(C1CC1)CC1=C(F)C=C(C(N)=O)C=C1)=O,0.00798691411036998
CCCNC1=NC=NC(N2CC(OCCOC)CC(CO)C2)=C1,0.003203200513962656
O=C([C@H]1[C@H](C2CCOCC2)C1)NC1=CC(OC2=CC=NC=C2)=CC=C1,0.006716743775177747
CCOC(C(NC1=CC(OC2=CC=NC=C2)=CC=C1)=O)(C)C,0.006385972816497087
COCCOC1CN(C2C3N(N=C(C4CCC4)C=3)C=CN=2)CC(CO)C1,0.004351738188415766
OCCCCNC1C2N(N=C(C3CC3)C=2)C=CN=1,0.003195647126995027
CC1=C(F)C(NCCCCO)=C(S(N)(=O)=O)C=C1,0.002434803906362504
NC1=NC(C2CCCC2)=NC(NCCCCO)=N1,0.002687888569198549
CCC1N(C(C2=C(C(F)(F)F)C=NN2)=O)CCN(C)C1,0.00259495276841335
CCC1SC(CNC(NCC2=C(F)C(F)=CC=C2)=O)=NN=1,0.0035669845063239338
COCCN1N=CC(C(N2CC(CN(C)C)C2)=O)=C1,0.010213792510330676
CN(CC1CN(C(C2=C(C(C)(C)C)N=CN2)=O)C1)C,0.004661283851601183
COC1=C(C)C(C(N2CC(N3CCOCC3)CCC2)=O)=CN=C1,0.008783758198842407
OCC1ON=C(C(N(CC2CCCCC2)CC=C)=O)C=1,0.006740914401598274
OC1(C2CC2)CN(C2C3N(N=C(C4CC4)C=3)C=CN=2)CC1,0.010573313478380442
CC1=C(F)C(N2CC(C3CC3)(O)CC2)=C(S(N)(=O)=O)C=C1,0.006534426775760949
CCCCNC1=NC(N2CC(C3CC3)(O)CC2)=NC(C)=C1,0.00754581387154758
CCC(N1CCN(C(C2C(=O)NCCC2)=O)CC1)C,0.008818371151573957
FC1=CC(CC2CCN(C(CCC3=NNN=N3)=O)CC2)=C(F)C=C1,0.0026828900852706285
CCC(CNC(C1=NC=NC(N2CCOCC2)=C1)=O)=C,0.005168111389502883
CC1=NC=C(CNC(CCC2N=NNC=2)=O)C(C)=C1,0.003961873694788664
CC1=NC=C(CNC(C2=NC=NC(N3CCOCC3)=C2)=O)C(C)=C1,0.004555331659503281
CC1=NC=C(CNC(C2=C(C(F)(F)F)C=NN2)=O)C(C)=C1,0.0025038790132384746
CON1CCC(C(NCC2=C(C)C=C(C)N=C2)=O)CC1,0.0016932547499891371
CC1=NC=C(CNC(C2OC3=C(C=CC(=C3)O)OC2)=O)C(C)=C1,0.004199596168473363
CCOCN1C(C)=C(CC(NCC2=C(C)C=C(C)N=C2)=O)C(C)=N1,0.007936837314628065
CC1CC2N(C=C(C(NCC3=C(C)C=C(C)N=C3)=O)N=2)CC1,0.006311683147214353
CC1=C(C(NCC2=C(C)C=C(C)N=C2)=O)SC(C2COCC2)=N1,0.006678783823736012
CC1OC(C)C(C(NCC2=C(C)C=C(C)N=C2)=O)C1,0.011033357214182615
CC1=NC=C(CNC(C2=CN(CC3CCCC3)N=C2)=O)C(C)=C1,0.011102393083274365
CCN1C(C)=C(C(NCC2=C(C)C=C(C)N=C2)=O)C=N1,0.008461473905481399
COC1=C(C(NCC2=C(C)C=C(C)N=C2)=O)C(OC)=NC=C1,0.0065559581853449345
CC1=NC=C(CNC(C2N3C(CCCC3)=CN=2)=O)C(C)=C1,0.006015599425882101
COC1=CC(C(NC2=C(OC)C=C(CN(C)C)C=C2)=O)=C(OC)C=C1,0.00858156664762646
COC1=C(NC(CCC2=C(C)N3C(=NC=N3)N=C2C)=O)C=CC(CN(C)C)=C1,0.006391059351153671
COC1=C(NC(C2=CC3=C(OCCCO3)C=C2)=O)C=CC(CN(C)C)=C1,0.009448039624840022
COC1=C(F)C=C(C(NC2=C(OC)C=C(CN(C)C)C=C2)=O)C=C1,0.008286420465447008
COC1=C(NC(C2=CC=C(CN3C(=O)CCC3)C=C2)=O)C=CC(CN(C)C)=C1,0.00728804967366159
COCC1=CC(C(NC2=C(OC)C=C(CN(C)C)C=C2)=O)=CC=C1,0.008357814280316234
COC1=C(NC(CCN2C3=C(C=CC=C3)OCC2=O)=O)C=CC(CN(C)C)=C1,0.008432106673717498
COC1=C(NC(C2=CC(CS(C)(=O)=O)=CC=C2)=O)C=CC(CN(C)C)=C1,0.006120096682570875
COC1=C(NC(CCC2=CN=CC=C2)=O)C=CC(CN(C)C)=C1,0.007101907418109477
COC1=C(NC(CN2C(=O)N(C)CC2=O)=O)C=CC(CN(C)C)=C1,0.00230363286100328
COC1=C(NC(C2=C(C)N=NS2)=O)C=CC(CN(C)C)=C1,0.006312288017943502
COC1=C(NC(C2OC3=C(C=CC=C3)C2)=O)C=CC(CN(C)C)=C1,0.009452514420263469
COC1=C(C)C(C(N(CC2N=C(C3CC3)ON=2)C)=O)=CN=C1,0.010314491856843234
CN(C([C@@]12CCO[C@@H]1CCC2)=O)CC1N=C(C2CC2)ON=1,0.013566715922206641
COC1=CC(Cl)=C(C(N(CC2N=C(C3CC3)ON=2)C)=O)C(F)=C1,0.008335872390307485
CN(C([C@H]1[C@H](C2CCOCC2)C1)=O)CC1N=C(C2CC2)ON=1,0.012702207011170686
CN(C(CN1CCOCC1)(C)C)C(CC1OC(C2=CC=CC=C2)=NN=1)=O,0.008137098094448448
CC1CC2N(C=C(C(N(C(CN3CCOCC3)(C)C)C)=O)N=2)CC1,0.009256127616390586
O=C(NC1N(C2CC2)C=CN=1)CCC1N=NNC=1,0.0024344022618606686
CN(CCN1N=CC(C(NC2N(C3CC3)C=CN=2)=O)=C1)C,0.004683422134257853
O=C(C1(C2=NC=CC=C2)CC1)NC1N(C2CC2)C=CN=1,0.005684908688999712
CC1=C(CO)C=C(C(NC2N(C3CC3)C=CN=2)=O)O1,0.0022278981748968365
CC[C@H]1N(C)CC[C@@H]1C(NC1N(C2CC2)C=CN=1)=O,0.005854657012969255
CC1CC2N(C=C(C(NC3N(C4CC4)C=CN=3)=O)N=2)CC1,0.0052501235622912645
CC(C(NC1N(C2CC2)C=CN=1)=O)OCC1=CC(C)=CC=C1,0.005031708034221083
O=C([C@H]1[C@H](C2CCOCC2)C1)NC1N(C2CC2)C=CN=1,0.005884315341245383
CCCC(C(C1=CC=CC=C1)O)NC1=NC(N)=NC(C)=N1,0.0028256321675144136
N#CC1=NC(C2CC2)=NC(N2C[C@@H]3[C@@H](CN(C3)CC3=CC=CC=C3)C2)=C1,0.007832742063328624
NC1=NC(N2CC3(OC4=C(C=CC=C4)O3)CC2)=NC(C2CCCC2)=N1,0.008577773300930857
N#CC1=NC(C2CC2)=NC(N2CC3(OC4=C(C=CC=C4)O3)CC2)=C1,0.007919815508648754
CC1=NC(N2CC3(OC4=C(C=CC=C4)O3)CC2)=NC(N)=N1,0.0068421059288084505
CC1=CC(N2CC(CC3=CC=C(F)C=C3)(CO)CC2)=C(S(N)(=O)=O)C=C1,0.0031198107637465
CCCC1(CN(C2C3N(N=C(C4CC4)C=3)C=CN=2)CC1)CO,0.006342818588018417
CCCC1(CN(C2=C(S(N)(=O)=O)C=CC(C)=C2F)CC1)CO,0.0035030573373660443
CC1=C(CNC2C3N(N=C(C4CC4)C=3)C=CN=2)C=NC=C1,0.0076924637658521535
COC1=CC2=C(OCCN(C3=NC(C4CC4)=NC(C#N)=C3)C2)C=C1,0.007890007994137704
COC1=CC2=C(OCCN(C3=C(S(N)(=O)=O)C=CC=C3)C2)C=C1,0.006054515531286597
CC1=NC(N2C(CS(C)(=O)=O)CCCC2)=CC(C#N)=C1,0.004509013437200338
CN(C1(CC1)CNC1=C(S(N)(=O)=O)C=CC(C)=C1)C,0.006797993858344853
CN(C1(CC1)CNC1=NC(C2CCCC2)=NC(N)=N1)C,0.0094600064214319
CC(C1(CCOCC1)O)(CNC1=NC=NC(NCC2=CC=CC=C2)=C1)C,0.009231014642864466
CCCCNC1=NC(NCC(C2(CCOCC2)O)(C)C)=NC(C)=C1,0.009241673722863197
NCCN(C(C1N2C(CCCC2)=CN=1)=O)CC1=CC=CC=C1,0.0076342865359038115
CN1N=CC([C@H]2[C@H](N)CN(C(C3=C(Cl)C=CC(N)=C3)=O)C2)=C1,0.0048439763486385345
CN(C(C1=C(F)C=CC=C1F)CNC(C1=C(C)N=C(C2COCC2)S1)=O)C,0.007139232358895242
O=C(C1OC(C2CC2)=NN=1)NCC1SC=CC=1,0.006210163794457912
O=C(C1ON=C(C2CC2)N=1)NCC1SC=CC=1,0.00688283103518188
CN(C(C1=C(F)C=CC=C1F)CNC(C1C(C)=CN(C2CCOCC2)N=1)=O)C,0.007343087974004447
CC1=NN(CCCNC(C2OC(C(C)(C)C)=NN=2)=O)C(C)=C1,0.0065092811128124595
CN(C(C1=C(F)C=CC=C1F)CNC(C1OC2=C(C=CC(=C2)O)OC1)=O)C,0.005251135979779065
CN(C(C1=C(F)C=CC=C1F)CNC(C1N(C)C(=O)NC=1)=O)C,0.002932578820036724
CC1C(C)C(NC(C2OC(C(C)(C)C)=NN=2)=O)CCC1,0.011180676566436887
CC1C(C2N=C(C(N(CC3=CC4=C(C=CC=C4)C=C3)C)=O)ON=2)C1,0.01135764536447823
CN(C(C1OC(C(C)(C)C)=NN=1)=O)CC1SC(Cl)=CC=1,0.007240202208049595
CC(C1OC(C(NCC(N2CCOCC2)(C)C)=O)=NN=1)(C)C,0.006970907002687455
COC1=C(C(N2CCCC2)CNC(C2OC(C(C)(C)C)=NN=2)=O)C=CC=C1,0.007939247251488268
COC1=CC(C(N(C)C)CNC(C2ON=C(C3CC3)N=2)=O)=CC=C1,0.00994215589016676
CCC1=CC=C(C(N(C)C)CNC(C2ON=C(C3CC3)N=2)=O)C=C1,0.011153293773531914
O=C(C1OC(C2CC2)=NN=1)NCC(C1=CC=CC=C1)N1CCCC1,0.008060506219044328
O=C(C1ON=C(C2CC2)N=1)NCC(C1=CC=CC=C1)N1CCCC1,0.009822771791368723
CC(C1OC(C(NCC(C2SC=CC=2)N2CCCC2)=O)=NN=1)(C)C,0.007678910391405225
COC1=C(CCNC(C2OC(C(C)(C)C)=NN=2)=O)C=CC=C1,0.007006239914335311
COC1=C(CCNC(C2ON=C(C3C(C)C3)N=2)=O)C=CC=C1,0.010009094374254346
O=C(C1OC(C2CC2)=NN=1)NCCCN1C2=C(C=CC=C2)C=C1,0.006164125166833401
CC(C1=CC=CC=C1)CNC(C1OC(C2CC2)=NN=1)=O,0.007206290517933667
O=C(C1OC(C2CC2)=NN=1)NCCC1SC=CC=1,0.006268614809960127
O=C(C1ON=C(C2CC2)N=1)NCCC1SC=CC=1,0.006957266246899962
CC1C(C2N=C(C(NCCC3OC=CC=3)=O)ON=2)C1,0.009700325643643736
CC(C1OC(C(NC2CCC(C3=CC=CC=C3)CC2)=O)=NN=1)(C)C,0.009918935038149357
CC(N1CC2=C(SC=C2)CC1)CNC(C1ON=C(C2CC2)N=1)=O,0.008095396216958761
CC(N1CC2=C(SC=C2)CC1)CNC(C1ON=C(C2C(C)C2)N=1)=O,0.009126955782994628
CC(C1OC(C(NCC2=CC(CN3CCCC3)=CC=C2)=O)=NN=1)(C)C,0.007921589119359852
C1C(N2CCOCC2)CC1NC1=C2C(C(C3=CC=CC=C3)=NS2)=NC=N1,0.007228135131299496
CC(N1C2=C(C=CC=C2)CC1)CNC(C1ON=C(C2CC2)N=1)=O,0.00946818944066763
CC(N1C2=C(C=CC=C2)CC1)CNC(C1OC(C2CC2)=NN=1)=O,0.007650358881801367
COC1=C(OC(F)F)C=C(CN(C(C2OC(C3CC3)=NN=2)=O)C)C=C1,0.00713488410692662
CC1N(C)C(N2CCN(C3N4C(=NC=N4)N=C(C)C=3C)CC2)=NN=1,0.0067885116208344694
CC1N(C)C(N2CCN(C3=NN4C(=NN=C4C(F)F)C=C3)CC2)=NN=1,0.004816446895711124
CC1N(C)C(N2CCN(C3=NN=C(C#N)C=C3)CC2)=NN=1,0.006058170786127448
CCC1=C(CC)N=C(N2CCN(C3N(C)C(C)=NN=3)CC2)N=N1,0.007950469735078514
CC1N(C)C(N2CCN(C3SN=C(C(F)(F)F)N=3)CC2)=NN=1,0.003720039303880185
CC1N(C)C(N2CCN(C3=NC(OC4=CC=CC=C4)=CC=N3)CC2)=NN=1,0.006847489601932466
CC1N(C)C(N2CCN(C3=C(C#N)C=CC(C)=N3)CC2)=NN=1,0.004729384358506649
CCOC1=NC(C)=NC(N2CCN(C3N(C)C(C)=NN=3)CC2)=C1,0.00729926242493093
CC1N(C)C(N2CCN(C3SC(Cl)=C(C#N)N=3)CC2)=NN=1,0.004682391916867345
CC1N(C)C(N2CCN(C3=C4C(N(N=N4)C)=NC=N3)CC2)=NN=1,0.00680891762021929
CC1N(C)C(N2CCN(C3=C(Br)C(C)=NC(C)=N3)CC2)=NN=1,0.008579460624605417
CC1N(C)C(N2CCN(C3N4C(=CC=N4)N=C(C4=CC=CC=C4)C=3)CC2)=NN=1,0.007650048052892089
CC1C(NC(C2OC3=C(C=CC(=C3)O)OC2)=O)C(C)CCC1,0.007467476231977343
CCC(N(C(C1OC(C2CC2)=NN=1)=O)CC1=CC=CC=C1)C,0.009628216829150915
NC1=NC(N2C[C@H]3N(C[C@@H](C3)O)CC2)=NC(C2CCCC2)=N1,0.0029126589186489584
CCCNC1=NC=NC(N2CC3=C(C=CC=C3)NC(=O)C2)=C1,0.005255615618079901
N#CC1=CC2=C(CN(C3=NC(C4CC4)=NC(C#N)=C3)C2)C=C1,0.007870525494217873
CC1CC2N(C=C(C(N3CC(CNC(C)=O)OCC3)=O)N=2)CC1,0.004681478790007532
CC(NCC1OCCN(C(C2(C3=NC=CC=C3)CC2)=O)C1)=O,0.007299191830679774
CC[C@H]1N(C)CC[C@@H]1C(N1CC(CNC(C)=O)OCC1)=O,0.007896749791689217
CC1=CC=C(CCNC(C2OC(C3CC3)=NN=2)=O)C=C1,0.00766721221152693
COC1=C(C(N2CC(CNC(C)=O)OCC2)=O)N=CC=C1,0.0054780807811766865
CC(NCC1OCCN(C(C2=CC=C(C3CCOCC3)C=C2)=O)C1)=O,0.008129462786018848
CC1OC(C)C(C(N2CC(CNC(C)=O)OCC2)=O)C1,0.00997371869161725
CC(C1CCN(C(C2OC(C3CC3)=NN=2)=O)CC1)(C)C,0.01125809559598565
CC(NCC1OCCN(C(C2=C(F)C(F)=C(C)C=C2)=O)C1)=O,0.006856402265839279
CC1=NC2=C(C(NC(C3OC(C4CC4)=NN=3)=O)CCC2)C=N1,0.006740559823811054
CCC(NC(C1OC(C2CC2)=NN=1)=O)CC1=CC=C(Cl)C=C1,0.006998731871135533
CN(C1=CC(C2N(C(C3=NOC(CO)=C3)=O)CCC2)=CC=C1)C,0.004500261018984019
CN(C1=CC(C2N(C(C3=NN4C(N=CC=C4)=C3)=O)CCC2)=CC=C1)C,0.008553745225071907
CN(C1=CC(C2N(C(C3OC4=C(C=CC(=C4)O)OC3)=O)CCC2)=CC=C1)C,0.005268929223529994
CCOCN1C(C)=C(CC(N2C(C3=CC(N(C)C)=CC=C3)CCC2)=O)C(C)=N1,0.008998352196067571
CC(C1=CC=C(CCCNC(C2OC(C3CC3)=NN=2)=O)C=C1)C,0.008428129367530346
COCCN1N=CC(C(N2C(C3=CC(N(C)C)=CC=C3)CCC2)=O)=C1,0.009593287436291575
CC(OC1=CC(C(CNC(C2OC(C3CC3)=NN=2)=O)O)=CC=C1)C,0.0035464782500639557
FC(OC1=CC(C2OCCN(C(C3(C4=NC=CC=C4)CC3)=O)C2)=CC=C1)(F)F,0.005408911313861608
COC1=C(C(N2CC(C3=CC(OC(F)(F)F)=CC=C3)OCC2)=O)N=CC=C1,0.005307681625708938
CC1OC(CNC(NCC2=C(OC3COCC3)C=C(C)C=C2)=O)=CC=1,0.005243702069856226
CC1(C(C2OCCC2)N(C(C2=NC=NC(N3CCOCC3)=C2)=O)C1)C,0.009029014501720667
CC1(C(C2OCCC2)N(C(CCC2=NNN=N2)=O)C1)C,0.005207560025155544
CC1C(C(N2C(C3OCCC3)C(C)(C)C2)=O)=CON=1,0.015288848895579576
CN(CCN1N=CC(C(N2C(C3OCCC3)C(C)(C)C2)=O)=C1)C,0.014787026634439825
CCCCNC1=NC(NCCC2CC(O)C2)=NC(C)=C1,0.003848105843644589
CC1SC(C2CCN(C3=NC(C4CC4)=NC(C#N)=C3)CC2)=NC=1,0.00693294529337436
OCC1(C2=CC=CC=C2)CN(C(CC2=CC=C(N3C=NC=C3)C=C2)=O)CC1,0.003105538536328822
CC1C(C(N2CC(C3=CC=CC=C3)(CO)CC2)=O)=NOC=1,0.004740557121112943
CCN1N=C(C2CC2)C(C(N2CC(C3=CC=CC=C3)(CO)CC2)=O)=C1,0.005539000639691949
OCC1(C2=CC=CC=C2)CCN(C(C2N3C(CCCC3)=CN=2)=O)CC1,0.003416830056812614
CC(C1C(C)(C)CN1C(CCC1N=NNC=1)=O)C,0.005851927911862731
CC(C1C(C)(C)CN1C(C1=NOC(CO)=C1)=O)C,0.006087967311032116
CC(C1C(C)(C)CN1C(C1N(C)C(=O)NC=1)=O)C,0.003996961587108672
O=C(N1C2=C(C=CC=C2)N2C(CCCC2)C1)CCC1N=NNC=1,0.0042954714852385225
CC([C@@H]1N(C)CCN(C(NCC2=CC3=C(C=NN3C)C=C2)=O)C1)C,0.004511006223037839
CN1CC2(CN(C(C3=C(C(F)(F)F)C=NN3)=O)CCC2)CC1,0.0036800731322728097
CN1CC2(CN(C(C3C(=O)NCCC3)=O)CCC2)CC1,0.011343609215691686
OC1=CC2=C(OCC(C(NCCN3C=NN=C3)=O)O2)C=C1,0.003579844895284623
CCN1C(=O)CC(NC(NCC2OC(C)=CC=2)=O)C1,0.003836846014019102
CCN1C(=O)CC(NC(NCC2=C(F)C(F)=CC=C2)=O)C1,0.0037149168201722205
NC([C@H]1C[C@@H](NC(NCC2=C3C(COCC3)=CC=C2)=O)CC1)=O,0.004921571258455515
CC1=C(CCNC(C2C(C)=NOC=2)=O)SC=N1,0.006442679138854146
CC1C(C(NC2=NC3=C(CCC3)C=C2)=O)=CON=1,0.007290785969235003
CCOCN1C(C)=C(CC(NC2=NC3=C(CCC3)C=C2)=O)C(C)=N1,0.00770817743614316
CC1(C(NCC2=CC(F)=C(C#N)C=C2)=O)CC(=C)C1,0.006712519272696227
CCOCN1C(C)=C(CC(C(NCC2=CC(F)=C(C#N)C=C2)=O)C)C(C)=N1,0.006215037149377167
COC1=CC(OCCC(NC2=C(OC)C=C(CN(C)C)C=C2)=O)=CC=C1,0.008912034123204649
CCCC1ON=C(C(NC2=C(OC)C=C(CN(C)C)C=C2)=O)C=1,0.008359071239829064
COC1=C(NC([C@@H]2N(C(C3=CC=CC=C3)=O)CCC2)=O)C=CC(CN(C)C)=C1,0.007293657422997058
COC1=C(NC(C2=NN(CCN3N=CC=C3)C=C2)=O)C=CC(CN(C)C)=C1,0.007662537530995906
COC1=C(NC(C2NC(=O)C(C(F)(F)F)=CC=2)=O)C=CC(CN(C)C)=C1,0.003034658159594983
COC1=C(NC(C2=NN(C)C(O)=C2)=O)C=CC(CN(C)C)=C1,0.005937368166632951
COC1=C(NC(CC2=CC(F)=C(O)C=C2)=O)C=CC(CN(C)C)=C1,0.004766427748836577
COC1=C(NC(C2N(C)N=CC=2Br)=O)C=CC(CN(C)C)=C1,0.008441660809330643
COC1=C(NC(C2CN(C(C3CCCCC3)=O)C2)=O)C=CC(CN(C)C)=C1,0.0103419650811702
COC1=C(NC(COCC2=CC(Cl)=CC=C2)=O)C=CC(CN(C)C)=C1,0.0072578810388222335
COC1=C(NC(C2=NC(C)=C(C)C=C2)=O)C=CC(CN(C)C)=C1,0.006853734725154936
COC1=CC(C(NC2=C(OC)C=C(CN(C)C)C=C2)=O)=C(F)C(Cl)=C1,0.007300223549827933
COC1=C(NC([C@H](N2C(=O)C3=C(C=CC=C3)C2=O)C)=O)C=CC(CN(C)C)=C1,0.004223270225338638
COC1=C(NC(C2C(C3CCC3)=NN(C)C=2)=O)C=CC(CN(C)C)=C1,0.009423168702051043
COC1=C(NC(CC2C3=C(C=CC=C3)SN=2)=O)C=CC(CN(C)C)=C1,0.007405238249339164
COC1=C(NC(C2=C(C)OC(Br)=C2)=O)C=CC(CN(C)C)=C1,0.009783794824033975
CN(C(CCC1=NNN=N1)=O)C1C(C2=CC=CC=C2)CCCC1,0.005529636098071933
O=C(C1N2C(CCCC2)=CN=1)NC1NN=C(C2SC=CC=2)C=1,0.002570283965906128
O=C(C1=CN(CC2CC2)N=C1)NC1NN=C(C2SC=CC=2)C=1,0.003989219560753554
CC1OCC2(CCC2)N(C(C2=NC=NC(N3CCOCC3)=C2)=O)C1,0.008721241634339095
CC1OCC2(CCC2)N(C(C2C(C)=CON=2)=O)C1,0.014129058923572302
COC1=C(C(N2CC(C)C3=C(C=CC=C3)CC2)=O)C(OC)=NC=C1,0.009196952311322093
CC1C2=C(C=CC=C2)CCN(C(C2OC3=C(C=CC(=C3)O)OC2)=O)C1,0.00671618552878499
CC1C(C(NC2C3C=CC(N(C)C=3CCC2)=O)=O)=NOC=1,0.010647145425900817
CC1(CC(NC(C2=NN3C(N=CC=C3)=C2)=O)C1)C,0.009985450515523553
CC1=C(CO)C=C(C(NC2CC(C)(C)C2)=O)O1,0.006573050911538303
CC[C@H]1N(C)CC[C@@H]1C(NC1C2=C(C=CC=C2)CN(C)C1=O)=O,0.01034487122669816
CN1C(=O)C(NC(C2=C(C)N=C(C3COCC3)S2)=O)C2=C(C=CC=C2)C1,0.006989917159080506
CC1OC(C)C(C(NC2C3=C(C=CC=C3)CN(C)C2=O)=O)C1,0.011652946751564742
CN1C(=O)C(NC([C@H]2[C@H](C3CCOCC3)C2)=O)C2=C(C=CC=C2)C1,0.009694765391759574
CN1C(=O)C(NC(C2C(C)=CON=2)=O)C2=C(C=CC=C2)C1,0.008853450859896838
COC1=C(CCNC(C2=CN(CC3CC3)N=C2)=O)C=C(Cl)C=C1,0.008408322860486806
COC1=C(CCNC(C2=C(C3OCCC3)NN=C2)=O)C=C(Cl)C=C1,0.0050480414647608995
CCN1N=C(C2CC2)C(C(NCCC2=C(OC)C=CC(Cl)=C2)=O)=C1,0.00819907379336655
CN(C1=NC(N)=NC(C)=N1)C1CC(OC(C)(C)C)C1,0.008272963319905102
CC(C1=NOC(CNC(C2N3C(CCCC3)=CN=2)=O)=C1)C,0.006962759769521654
CCN1N=C(C2CC2)C(C(N2CC(CNC)CCC2)=O)=C1,0.009689826285466552
CC(NC(C1CC(C(N)=O)CCC1)=O)(CC1=C(F)C=CC=C1)CO,0.003993758861906826
NC1=CC(C(N2CC(N3C(=O)CNCC3)CCC2)=O)=C(Cl)C=C1,0.0036816822830587626
NCC(CNC(C1N2C(CCCC2)=CN=1)=O)(F)F,0.005458666814956814
CCN1N=C(C2CC2)C(C(N2C[C@@H](C3=CN(C)N=C3)[C@H](N)C2)=O)=C1,0.01036270083859563
CC1=C(C)C(NC(CN2CCN(C(C3ON=C(C4CC4)N=3)=O)CC2)=O)=CC=C1,0.006496053142473102
CN(C(C1ON=C(C2CC2)N=1)=O)CC1=CN(C)N=C1,0.010447605606168508
CC(C1OC(C(NCCOC2=CC=C(Cl)C=C2)=O)=NN=1)(C)C,0.004802652378566563
CN(C1=NC=C(CNC(C2OC(C3CC3)=NN=2)=O)C=C1)C,0.004541257070377469
CC1CC(NC(C2ON=C(C3CC3)N=2)=O)CCC1,0.013922981172800063
CC1CC(NC(C2OC(C3CC3)=NN=2)=O)CCC1,0.011087110545486212
OC(C1=C(F)C=CC=C1)CNC(C1ON=C(C2CC2)N=1)=O,0.003079885197803378
CC(C1OC(C(NCCNC2=NC=CC=C2)=O)=NN=1)(C)C,0.0034259198582731187
CC1=C(CCCNC(C2OC(C(C)(C)C)=NN=2)=O)C=NN1,0.003925955086015165
CC1=C(CCCNC(C2ON=C(C3CC3)N=2)=O)C=NN1,0.0049569795839488505
O=C(C1C(=O)NCCC1)NC1=CC(CS(C2=CC=CC=C2)=O)=CC=C1,0.006730895396322012
O=C(C1ON=C(C2CC2)N=1)NCCN1CCN(C2=CC=CC=C2)CC1,0.007290441542863846
O=C(C1N(CC2CCC2)N=CC=1)NC1=CC(CS(C2=CC=CC=C2)=O)=CC=C1,0.008896282641217113
CC1C(C2N=C(C(NCC3=CC(F)=CC=C3)=O)ON=2)C1,0.006772016547620297
FC1=CC(CNC(C2ON=C(C3CC3)N=2)=O)=CC=C1,0.006051569618284703
N#CC1=C(N2CCC(C3OC=CN=3)CC2)N=CC=C1,0.0053219713503494855
CC1C(C2N=C(C(N3CC(OC4=CC=CC=C4)C3)=O)ON=2)C1,0.011589283961802721
O=C(C1OC(C2CC2)=NN=1)N1CC(OC2=CC=CC=C2)C1,0.00819915090687573
CC(NC1=CC=C(CCNC(C2OC(C3CC3)=NN=2)=O)C=C1)=O,0.005123799620196223
C[C@@H](C1=NC=CN=C1)NC1=C(Cl)C=C(C(F)(F)F)C=N1,0.002912877994822338
ClC1=CC(N2CCN(C(CNC(C3OC(C4CC4)=NN=3)=O)=O)CC2)=CC=C1,0.004947216855362058
COC1=NC(N[C@H](C2=NC=CN=C2)C)=NC=C1,0.006398972007445991
COC1(CN(C2C3N(N=C(C4CC4)C=3)C=CN=2)CCC1)CO,0.004293530457653105
CC1=C(OCC2N=C(C3CC3)OC=2)C(=O)C=CN1,0.00488931208383292
CC(C#N)CNC(C1OC(C(C)(C)C)=NN=1)=O,0.004991480306671292
CC(C1NC(C)=NN=1)NC(C1=CN(CC2CC2)N=C1)=O,0.005866401526145637
CCC1=C(C(NC(C2NC(C)=NN=2)C)=O)C=C(F)C=C1,0.0032076348084956407
CC(C1NC(C)=NN=1)NC(C1=C(C(C)(C)C)N=CN1)=O,0.00334624390816316
CC(C1NC(C)=NN=1)NC(C(C1=CC=NC=C1)C)=O,0.004483522230293602
CON1CCC(C(NC2C(=O)N(CC(F)(F)F)CC2)=O)CC1,0.0011171051999554038
CN(CCN1N=CC(C(NC2CN(C3=C(C(N)=O)C=CC=C3)CC2)=O)=C1)C,0.00795606360770762
NC(C1=C(N2CC(NC(C3=CN(CC4CC4)N=C3)=O)CC2)C=CC=C1)=O,0.007497450895607471
CCCCNC1=NC(N2CCN(C3NC=CN=3)CC2)=NC(C)=C1,0.0026969295053277166
CN(C(C1=CN(CC2CC2)N=C1)=O)CC1=C(S(N)(=O)=O)C=CC=C1,0.006312572420574725
CC[C@H]1N(C)CC[C@@H]1C(N(CC1=C(S(N)(=O)=O)C=CC=C1)C)=O,0.00666030750144273
CC1OC(C)C(C(N(CC2=C(S(N)(=O)=O)C=CC=C2)C)=O)C1,0.007678859843872487
O=C(C1=C(C2OCCC2)NN=C1)N1CC(C2=NC=CC=C2)CCC1,0.005381867499090731
COC1=C(C(N2CC(C3=NC=CC=C3)CCC2)=O)C(OC)=NC=C1,0.006755855306982994
COC1=C(C(N2CC(C3=NC=CC=C3)CCC2)=O)N=CC=C1,0.007835376169532537
O=C(N1CC(C2=NC=CC=C2)CCC1)CC1=C2N(CCCC2)N=C1,0.00920593310147524
FC1=CC=C([C@H]2[C@H](NC(NCC3=C4C(COCC4)=CC=C3)=O)C2)C=C1,0.0045139093359466646
CC(C1(CN(C(C2=C(C)N=C(C3COCC3)S2)=O)CCC1)CO)C,0.0047141002956777815
COC1=C(C)C(C(N2CC(C(C)C)(CO)CCC2)=O)=CN=C1,0.005065280245617032
CC(C1(CN(C(C2C(C)=CN(C3CCOCC3)N=2)=O)CCC1)CO)C,0.006150958803482353
CC(C1(CN(C(C2=CC3=C(C=CC=N3)C=C2)=O)CCC1)CO)C,0.004082396067678929
CC(C1(CN(C(C2=C(C(F)(F)F)C=NN2)=O)CCC1)CO)C,0.0015077568386914209
CON1CCC(C(N2CC(C(C)C)(CO)CCC2)=O)CC1,0.0015212468075333162
CC(C1(CN(C(C2=C(C(C)(C)C)N=CN2)=O)CCC1)CO)C,0.0023037364589981735
CC(C1(CN(C(C2OC3=C(C=CC(=C3)O)OC2)=O)CCC1)CO)C,0.002972785441670567
CC(C1(CN(C(C2C(=O)NCCC2)=O)CCC1)CO)C,0.004985115211457014
CC(C1(CN(C(C2N3C(CCCC3)=CN=2)=O)CCC1)CO)C,0.003964606870431453
CC1=C(CO)C=C(C(NCC(C2=NC=CC=C2)(C)C)=O)O1,0.004007393913343549
O=C(C1C(=O)NCCC1)NCC1C(C2=CC=CC=C2)CCC1,0.009822531789541244
CCOCN1C(C)=C(CC(NCC2C(C3=CC=CC=C3)CCC2)=O)C(C)=N1,0.010777799785137177
CN(CCN1N=CC(C(NCC2C(C3=CC=CC=C3)CCC2)=O)=C1)C,0.012462713429704309
FC(C1=NC(CNC([C@@]23CCO[C@@H]2CCC3)=O)=CC=C1)(F)F,0.00532874723430723
COCCN1N=CC(C(NCC2=NC(C(F)(F)F)=CC=C2)=O)=C1,0.003946416079998016
CC1C(C(NCC2=NC(C(F)(F)F)=CC=C2)=O)=NN(C2CCOCC2)C=1,0.004790044121909887
FC(C1=NC(CNC(C2=NC=NC(N3CCOCC3)=C2)=O)=CC=C1)(F)F,0.00303498818539083
OCC1ON=C(C(NCC2=NC(C(F)(F)F)=CC=C2)=O)C=1,0.001961556397145614
CC(C1NC(CNC(C2=C(CC#N)C=CC=C2)=O)=NN=1)C,0.002524315300524904
CC(C1NC(CNC(C2N3C(C=CC=C3)=CN=2)=O)=NN=1)C,0.0021514294727239757
CC(C1NC(CNC(C2N=C3N(CCC(C3)C)C=2)=O)=NN=1)C,0.0036627555615268647
COC1=C(C)C(C(NCC2NC(C(C)C)=NN=2)=O)=CN=C1,0.004360524844378233
CCN1C(C(NC(C2N(C3=NC=CC=N3)CCC2)=O)C)=NC=C1,0.004655524552799761
CC(C1CCCC=1)(CNC(NC1C2N(N=CC=2)CCC1)=O)C,0.009751750715076923
CC1(OCCC(CNC(NC2C3N(N=CC=3)CCC2)=O)C1)C,0.0064552579773589965
CC1(OCCC(CNC(NCC2=C3C(COCC3)=CC=C2)=O)C1)C,0.007249428634531796
CC1OC(C)C(NC(NCC2CC(C)(C)OCC2)=O)C1,0.008505981112830342
CC1OC(C)C(C(NC2=NC3=C(CCC3)C=C2)=O)C1,0.010163958230987192
O=C(C1=CN(CC2CCCC2)N=C1)NC1=NC2=C(CCC2)C=C1,0.009377696178853511
CCN1C(C)=C(C(NC2=NC3=C(CCC3)C=C2)=O)C=N1,0.007355906441807747
CCN1N=CC(C(NC(C2=C(C3OC=CC=3)NN=C2)=O)C)=C1,0.00531213644426316
CCN1N=CC(C(NC(CC2OC(C3=CC=CC=C3)=NN=2)=O)C)=C1,0.006230766745284199
CC1C(C(NC2(CC2)CC2=CC(Cl)=CC=C2)=O)=NOC=1,0.009400499239563941
COC1=C(CNC(CCC2N=NNC=2)=O)N=CC=C1,0.0036527053685858845
COC1=C(CNC(C2(C3=NC=CC=C3)CC2)=O)N=CC=C1,0.008964620064944029
COC1=C(CNC(C2OC3=C(C=CC(=C3)O)OC2)=O)N=CC=C1,0.004474046593531966
COC1=C(CNC(C2C(=O)NCCC2)=O)N=CC=C1,0.006920460262335837
COC1=C(CNC(C2C(C)=CN(C3CCOCC3)N=2)=O)N=CC=C1,0.00771829136647284
COC1=C(CNC([C@@]23CCO[C@@H]2CCC3)=O)N=CC=C1,0.009299492882564663
COC1=C(CNC(C2=CC=C(C3CCOCC3)C=C2)=O)N=CC=C1,0.007908959360793232
COC1=C(CNC(C2C(C)OC(C)C2)=O)N=CC=C1,0.009576000180095435
COCC1=C(C(NCC2=C(OC)C=CC=N2)=O)C=CS1,0.0059439328266307715
COC1=C(NC(C2=C(C(C)(C)C)N=CN2)=O)C=CC(CN(C)C)=C1,0.003830378770362586
COC1=C(NC(C2C(=O)NCCC2)=O)C=CC(CN(C)C)=C1,0.00726475128903985
COC1=C(NC(C2N(CC(C)C)N=CC=2)=O)C=CC(CN(C)C)=C1,0.008309990097768605
CCC1C(C(NC2=C(OC)C=C(CN(C)C)C=C2)=O)=CON=1,0.007573092216625809
COC(C(F)(F)F)CC(NC1=C(OC)C=C(CN(C)C)C=C1)=O,0.005509829576476477
COC1=C(NC(CN2C(=O)N(C)C(C)=N2)=O)C=CC(CN(C)C)=C1,0.005161105433944613
CC1C(C(NC2C3=C(C=CC=C3)COC2)=O)=CON=1,0.008393589407205582
CN1C(=O)NC=C1C(NC1C2=C(C=CC=C2)COC1)=O,0.003053630969952792
O=C(C1(C2=C3C(C=CC=C3)=CC=N2)CC1)NC1C2=C(C=CC=C2)COC1,0.00987880383618176
O=C(NC1C2=C(C=CC=C2)COC1)C[C@H]1C(=O)NC2=C(C=CC=C2)C(=O)N1,0.008935061190277338
CN1C2(CCN(C(C3=C(C(F)(F)F)C=NN3)=O)CC2)CNC1=O,0.0021084843785502015
COC1=C(C)C(C(N2CCC3(N(C)C(=O)NC3)CC2)=O)=CN=C1,0.004638555645942688
CC(CC1(C(N[C@@H]2C[C@@H](O)C2)=O)C(=O)NCC1)C,0.004430382850114256
CN1C(=O)NC=C1C(N[C@@H]1C[C@@H](O)C1)=O,0.0013798419764498248
O[C@@H]1C[C@@H](NC(C2=NC=NC(N3CCOCC3)=C2)=O)C1,0.0019724168989341704
CON1CCC(C(N[C@@H]2C[C@@H](O)C2)=O)CC1,0.0008684921776875854
COC1=C(CCNC(C2=CN(CCN(C)C)N=C2)=O)C=C(Cl)C=C1,0.007489486783742905
CON1CCC(C(NCCC2=C(OC)C=CC(Cl)=C2)=O)CC1,0.0018529065186157823
CCOCN1C(C)=C(CC(NCCC2=C(F)C(F)=CC=C2)=O)C(C)=N1,0.006820236542262137
FC1=C(F)C(CCNC(C2=C(C3OCCC3)NN=C2)=O)=CC=C1,0.004648344672750682
CC(CN(C)C)CNC1=C(S(N)(=O)=O)C=CC(C)=C1,0.005352025921456516
CC(CN(C)C)CNC1=NC(C2CC2)=NC(C#N)=C1,0.008237955393269658
OC[C@@H]1[C@@H]2[C@H]1CN(C1=NC=NC(NCC3=CC=CC=C3)=C1)C2,0.0018846885353530612
OC[C@@H]1[C@@H]2[C@H]1CN(C1=NC(C3CC3)=NC(C#N)=C1)C2,0.0020330937081121003
CC1=CC(N2CCC(C3CC3)CC2)=C(S(N)(=O)=O)C=C1,0.007240029238164425
NS(C1=C(N2CCC(C3CC3)CC2)C=CC=C1)(=O)=O,0.006902451766654849
CN1C(C2OCCC(NC3C4N(N=C(C5CC5)C=4)C=CN=3)C2)=CC=N1,0.010067717777565122
CN1C(C2OCCC(NC3=NC(C4CC4)=NC(C#N)=C3)C2)=CC=N1,0.00702786750625819
CCCCNC1=NC(NC2CC(C3N(C)N=CC=3)OCC2)=NC(C)=C1,0.007139989919960499
CCC1OC=C(CNC2C3N(N=C(C4CC4)C=3)C=CN=2)N=1,0.006958238850347698
CC1=NC2N(N=CN=2)C(NCCCN2C(=O)N(C)C=CC2=O)=C1,0.00402866470394656
CC1=NN2C(N=C(C3=C2C=CC=C3)NCCCN2C(=O)N(C)C=CC2=O)=C1,0.005077973369043321
CN1C(=O)N(CCCNC2=NC(C(F)(F)F)=CC=N2)C(=O)C=C1,0.0033228088053874672
CCC1=NC2N(N=CN=2)C(NCCCN2C(=O)N(C)C=CC2=O)=C1,0.004438044864218682
CC1=NC2=C(C=NN2C)C(NCCCN2C(=O)N(C)C=CC2=O)=N1,0.004543277574703098
CCC1=NC(C2=CC=NC=C2)=NC(NCCCN2C(=O)N(C)C=CC2=O)=C1,0.005087118083611131
CC1=NC(NCCCN2C(=O)N(C)C=CC2=O)=NC=C1,0.003691004915162921
CC(NC(C1=C(F)C=C(F)C=N1)=O)(CC1=C(F)C=CC=C1)CO,0.0029889819561503828
CC1SN=C(C(NC(CC2=C(F)C=CC=C2)(CO)C)=O)C=1,0.0030158722773194315
CNC1=NC=C(C(NC(CC2=C(F)C=CC=C2)(CO)C)=O)C=C1,0.002667838684283197
NCCCNC(C1N2C(CCCC2)=CN=1)=O,0.006349865021184087
CC(NC(C1=CC=C(OC2COCC2)C=C1)=O)(CC1=C(F)C=CC=C1)CO,0.0042640520492568616
NC1=CC(C(NC2SC=C(C3CCNCC3)N=2)=O)=C(Cl)C=C1,0.0034962966106832027
CNC(C1=CC=C(CN(C(C2OC(C(C)(C)C)=NN=2)=O)C)C=C1)=O,0.0065972260665148495
FC(C1=CC=C(N2CC(NC(CCC3=NNN=N3)=O)CC2)C=C1)(F)F,0.0018878249102272093
CCN1C2=C(C=CC=C2)OC(CN(C(C2OC(C(C)(C)C)=NN=2)=O)C)C1,0.010333876311779022
CCN1C2=C(C=CC=C2)OC(CN(C(C2ON=C(C3C(C)C3)N=2)=O)C)C1,0.011854451289400459
CN(C(C1OC(C(C)(C)C)=NN=1)=O)CC1=C(N2CCCC2)C=CC=C1,0.008848863001912833
CC1C(C2N=C(C(N(CC3=C(N4CCCC4)C=CC=C3)C)=O)ON=2)C1,0.011975980130955577
CC(C1OC(C(N2CCN(CC3=CSC=C3)CC2)=O)=NN=1)(C)C,0.006545680132694543
CC1C(C2N=C(C(N3CCN(CC4=CSC=C4)CC3)=O)ON=2)C1,0.00959185380488634
CC1C(C2N=C(C(N3CCN(CC4=CC=C(C(F)(F)F)C=C4)CC3)=O)ON=2)C1,0.00780809901189059
CC1C(C2N=C(C(N3CCN(CC(N4CCCCC4)=O)CC3)=O)ON=2)C1,0.00890470934100449
CC1=CC(N2CCN(C(C3OC(C(C)(C)C)=NN=3)=O)CC2)=CC=C1,0.006915960693731904
CC1C(C2N=C(C(N3CCN(C4=CC(C)=CC=C4)CC3)=O)ON=2)C1,0.01041163206100464
FC(C1=CC=C(CNC(C2OC(C3CC3)=NN=2)=O)C=C1)(F)F,0.004799945943523199
FC1=C(F)C(F)=C(NC(CNC(C2ON=C(C3CC3)N=2)=O)=O)C=C1,0.005301607423461974
CC1C(C2N=C(C(NCC(NC3=C(C)C=C(Br)C=C3)=O)=O)ON=2)C1,0.00837662247940898
ClC1=CC(CCNC(C2ON=C(C3CC3)N=2)=O)=CC=C1,0.007346287532709539
CC(NC(C1ON=C(C2C(C)C2)N=1)=O)CCC1OC=CC=1,0.011407520528882742
C1C(C2OC=CN=2)CCN(C2=NC3=C(C=CC=C3)N=C2)C1,0.007502657524310052
CS(C1=CC(S(C)(=O)=O)=C(N2CCC(C3OC=CN=3)CC2)C=C1)(=O)=O,0.005463135289028287
CCCOC1=C(OC)C=C(CNC(C2ON=C(C3C(C)C3)N=2)=O)C=C1,0.011023649340495467
CC(C1OC(C(NCCCN2CCN(CC3=CC=CC=C3)CC2)=O)=NN=1)(C)C,0.0064662978518754246
O=C(C1OC(C2CC2)=NN=1)NCCCN1CCN(CC2=CC=CC=C2)CC1,0.0067147126654163005
CS(CC1=CC(NC([C@@]23CCO[C@@H]2CCC3)=O)=CC=C1)=O,0.009033391065895558
CC1OC(C)CN(CC2=CC=C(CNC(C3OC(C(C)(C)C)=NN=3)=O)C=C2)C1,0.007973050978034735
C1CC2=C(N=C(C3=CN=CC=C3)N=C2N2CCC(C3OC=CN=3)CC2)C1,0.008878821576945483
CC(C1OC(C(NCCCN2CCN(C3=CC=CC=C3)CC2)=O)=NN=1)(C)C,0.005740432045422494
CS(CC1=CC(NC(C2=NC=NC(N3CCOCC3)=C2)=O)=CC=C1)=O,0.004425130388699472
N#CC1=NC=C(N2CCC(C3OC=CN=3)CC2)N=C1,0.00545625202357769
O=C(C1OC(C2CC2)=NN=1)NCCOC1CCCCC1,0.008332032430917024
CC1C(C2N=C(C(N3CCN(C(C4SC(C)=CC=4)=O)CC3)=O)ON=2)C1,0.009045098396018147
CC1SC(C(N2CCN(C(C3OC(C(C)(C)C)=NN=3)=O)CC2)=O)=CC=1,0.00727702328003943
CC1N(C)C(N2CCN(C3=C4C(SC=C4)=NC(C4=NC=CC=C4)=N3)CC2)=NN=1,0.00692502676974982
CC(C1OC(C(NCC2=C(CO)C=CC=C2)=O)=NN=1)(C)C,0.0031280176248401404
CC1=CC(N2CC3(C(F)(F)C3)CCC2)=C(S(N)(=O)=O)C=C1,0.004220425745006651
FC1(C2(CN(C3=NC(C4CC4)=NC(C#N)=C3)CCC2)C1)F,0.00602797131286934
O=C(C1OC(C2CC2)=NN=1)NCC1=C2C(OCO2)=CC=C1,0.007166472217068076
CC1CCN(C(C2=CC=CC=C2)CNC(C2OC(C3CC3)=NN=2)=O)CC1,0.008469285909086466
CN1C(=O)NC=C1C(N1CCC(C(C)(C)C)CCC1)=O,0.004442799964454025
CC(C1CCN(C(CC2OC(C3=CC=CC=C3)=NN=2)=O)CCC1)(C)C,0.010772646125406026
CC1C(CNC2C3C4C(C=CC=3)=CC=CC=4CC2)=NON=1,0.011705774487927556
COC1(C(NCC2C(C)=NON=2)C)CCCC1,0.01433476093225181
CC(C1N(C2=CC=CC=C2)N=CC=1)NCC1C(C)=NON=1,0.008813775796443223
CC(C1C2=C(C=CC=C2)C(NCC2C(C)=NON=2)C1)C,0.014427324291318655
CC(C1=C(C)N=CC=N1)NCC1C(C)=NON=1,0.008828160399571062
CC1C(CNC2C3=C(OC=C3)CCC2)=NON=1,0.01166823199018836
CC(C1=CC=C(OC(C)(C)C)C=C1)NCC1C(C)=NON=1,0.011604408826678991
CC1C(CNC2C(S(C3=CC=C(C)C=C3)(=O)=O)CCCC2)=NON=1,0.00895132520236075
CCC1=C(C(NCC2C(C)=NON=2)C)N=CC=C1,0.008980303443968296
CC(C1N(C)C=CN=1)NCC1C(C)=NON=1,0.006242987606674433
CC(C1=CC2=C(OCCCC2NCC2C(C)=NON=2)C=C1)C,0.012408212572336198
CC(C1=C(F)C=CC(Br)=C1)NCC1C(C)=NON=1,0.00808504861779511
CCC1OC(C(NCC2C(C)=NON=2)C)=CC=1,0.01055430741980672
CC(C1=C(OC(F)(F)F)C=CC=C1)NCC1C(C)=NON=1,0.003639147715875879
CC(C1=CC(F)=CC(F)=C1)NCC1C(C)=NON=1,0.006032543769106269
COC1=CC2=C(CCC2NCC2C(C)=NON=2)C=C1,0.011613572668284177
COC1=C(C(NCC2C(C)=NON=2)C)C=CC(C)=C1,0.01024114079773426
CC(C1=C(OCC2=CC=CC=C2)C=CC=C1)NCC1C(C)=NON=1,0.01071816636249423
CC(N1N=CC=C1)(CNC1=C(Cl)C=C(C#N)C=N1)C,0.004609043628443032
O=C(C1OC(C2CC2)=NN=1)N1CCN(C2C3CC(CC3)C2)CC1,0.01171293631196022
CN1C(=O)NC=C1C(NCCOC1CCCCCC1)=O,0.004300973552744836
CN1C2=C(C(=NC=N2)NCC(N2N=CC=C2)(C)C)N=N1,0.0061170841101557015
CC1C(NC(C2OC(C3CC3)=NN=2)=O)CCC(C)(C)C1,0.012622177274897695
CC(C1OC(C(NCCC2CCN(CC(F)(F)F)CC2)=O)=NN=1)(C)C,0.0049595980031881485
FC(CN1CCC(CCNC(C2OC(C3CC3)=NN=2)=O)CC1)(F)F,0.0049039665696909655
FC(CN1CCC(CCNC(C2ON=C(C3CC3)N=2)=O)CC1)(F)F,0.0063006025622598825
CCC(OC1=C(F)C=CC=C1)CNC(C1OC(C2CC2)=NN=1)=O,0.006270577642135322
O=C(C1OC(C2CC2)=NN=1)NC1CCN(C2CCCC2)CC1,0.00884843673557043
CC1C(C2N=C(C(N3CCN(C4=NC5=C(C=CC=C5)C=C4)CC3)=O)ON=2)C1,0.00743966035079211
CC1OC(C)C(NC(NCCC2=C(C)C=C(F)C=C2)=O)C1,0.005003135255537927
CC1OC(C)C(NC(NC2C3C(OCC3)CCC2)=O)C1,0.009085570648312568
COCC(C1OCCC1)NC(N1C[C@H](C(C)C)N(C)CC1)=O,0.007151744095608592
CC(C1=CC=C(CNC(CCC2N=NNC=2)=O)C=C1)(F)F,0.002201465517282486
CC(C1=CC=C(CNC(C2C(=O)NCCC2)=O)C=C1)(F)F,0.0038215807639062405
COC1=C(C)C(C(NCC2=CC=C(C(F)(F)C)C=C2)=O)=CN=C1,0.005229644849896431
CC1=C(C(NCC2=CC=C(C(F)(F)C)C=C2)=O)SC(C2COCC2)=N1,0.005045274458825588
CC(C1CC1)(CCNC(C1OC2=C(C=CC(=C2)O)OC1)=O)C,0.007479069940745831
CC(C1CC1)(CCNC(C1C(=O)NCCC1)=O)C,0.011648467788472772
CC1=C(CO)C=C(C(NCC2C(C)(C)CCC2)=O)O1,0.007212049467489124
CCOCN1C(C)=C(CC(C(NCC2C(C)(C)CCC2)=O)C)C(C)=N1,0.01326446570456028
COCCN1N=CC(C(NCC2C(C)(C)CCC2)=O)=C1,0.013334035873413086
CC1(C(CNC(C2=C(C3OCCC3)NN=C2)=O)CCC1)C,0.010180050740018487
CN(CCN1N=CC(C(NCC2=NN(C3=CC=CC=C3)C=N2)=O)=C1)C,0.006278806342743337
CC1(C(NCC2=NN(C3=CC=CC=C3)C=N2)=O)CC(=C)C1,0.007331016100943088
CC[C@H]1N(C)CC[C@@H]1C(NCC1=NN(C2=CC=CC=C2)C=N1)=O,0.005724472831934691
CN(CCN1N=CC(C(N(C2CC2)CC2=CC(C(N)=O)=CC=C2)=O)=C1)C,0.009701201599091292
CON1CCC(C(N(C2CC2)CC2=CC(C(N)=O)=CC=C2)=O)CC1,0.0022513279400300235
CC1=C(C(N(C2CC2)CC2=CC(C(N)=O)=CC=C2)=O)SC(C2COCC2)=N1,0.00762292598374188
CCN1C(C)=C(C(N(C2CC2)CC2=CC(C(N)=O)=CC=C2)=O)C=N1,0.009307751851156353
NC(C1=CC(CN(C(C2=CN(CC3CC3)N=C2)=O)C2CC2)=CC=C1)=O,0.009254504973068834
CC1N2C(=NC=C2)C(NC(NCC2(C3=CC=CC=C3)CCN(C)CC2)=O)C1,0.0038966005551628767
CCN1C(C(NC(C2=C(C(F)F)ON=C2C)=O)C)=NC=C1,0.0032852379605174064
CCN1C(C(NC(C2C(=O)N(C)N=C(C)C=2C)=O)C)=NC=C1,0.005317766312509775
CN1C2=C(CN(C(C3N(CC4CCC4)N=CC=3)=O)C2)C=N1,0.011928049707785248
CN1C2=C(CN(C(C3(C4=C5C(C=CC=C5)=CC=N4)CC3)=O)C2)C=N1,0.011848737858235836
COC1=C(C)C(C(N2CC3=C(C=NN3C)C2)=O)=CN=C1,0.01096317609772086
CN1C2=C(CN(C(C3OC4=C(C=CC(=C4)O)OC3)=O)C2)C=N1,0.005617319419980049
O=C(N1C(C2CC2)CS(=O)(=O)CC1)[C@H]1[C@H](C2CCOCC2)C1,0.010630372376181186
CCN1C(=O)CC(NC(C2=C(C)N(CC)N=C2)=O)C1,0.007271573087200523
CCN1C(=O)CC(NC(C2=C(OC)N=CC=C2OC)=O)C1,0.00598681210540235
CC(N1C[C@H](NC(NCC2=C3C(COCC3)=CC=C2)=O)CC1)=O,0.004292955342680216
COCCN(C(C1=NOC(CO)=C1)=O)CC1=CC(Cl)=C(F)C=C1,0.0037544820923358204
COC1=C(NC(C2=C(C(F)(F)F)C=CN=C2)=O)C=CC(CN(C)C)=C1,0.004690896638203412
COC1=C(NC(C2=NN(C(C)(C)C)N=N2)=O)C=CC(CN(C)C)=C1,0.005949508678168058
COC1=C(NC(CC(C(F)(F)F)N2N=CC=C2)=O)C=CC(CN(C)C)=C1,0.005046143863000907
COC1=C(NC(C2N3C(CCCC3)=NC=2C(F)(F)F)=O)C=CC(CN(C)C)=C1,0.004512749146670103
COC1=C(NC(C2=C(C)N(C3=CN(C)N=C3)C(C)=C2)=O)C=CC(CN(C)C)=C1,0.008710631099529565
COC1=C(NC(C2=C(C)N(C3=NN(C)C=C3)C(C)=C2)=O)C=CC(CN(C)C)=C1,0.009007183811627328
CCOCCN1N=CC(C(NC2=C(OC)C=C(CN(C)C)C=C2)=O)=C1,0.006764450785703957
COC1=C(NC(CC2N=CSC=2)=O)C=CC(CN(C)C)=C1,0.005763366562314331
COC1=C(NC(C2=NC=NC(N3CCOCC3)=C2)=O)C=CC(CN(C)C)=C1,0.005653822142630815
CC(C1=CC=C(NC(C2CC2)=O)C=C1)NC(NC1C(C)OC(C)C1)=O,0.0072479661321267486
CC1OC(C)C(NC(N(CC2=C(OC(F)(F)F)C=CC=C2)C)=O)C1,0.004205797810573131
CC1OC(C)C(NC(N(CC2NC(=O)C3=C(C=CS3)N=2)C)=O)C1,0.0024217893485911192
CC(C1(CCOCC1)O)(CNC(C1=CC=C(C2N=CNC=2)C=C1)=O)C,0.005027946224436164
CN(CCN1N=CC(C(NCC(C2(CCOCC2)O)(C)C)=O)=C1)C,0.012070957478135825
COC1=C(C)C(C(NCC(C2(CCOCC2)O)(C)C)=O)=CN=C1,0.010393434390425681
CC1C(C(NCC(C2(CCOCC2)O)(C)C)=O)=NN(C2CCOCC2)C=1,0.013726619631052017
CC1CC2N(C=C(C(NCC(C3(CCOCC3)O)(C)C)=O)N=2)CC1,0.007976071396842598
CC1OC(C)C(NC(N(CC2=CC(C#N)=CC=C2)C)=O)C1,0.00494384829653427
CC(C1(CCOCC1)O)(CNC(C1N2C(C=CC=C2)=CN=1)=O)C,0.0054113856516778466
CC1OC(C)C(NC(N2CCC(NC(C3CC3)=O)CC2)=O)C1,0.006101117958314717
CC1OC(C)C(C(NCC(C2(CCOCC2)O)(C)C)=O)C1,0.015499143488705158
COC1=CC=C(CN(C(NCC2OC(C)=CC=2)=O)C)C=C1,0.005127464572433382
CN(C(NCC1OC(C)=CC=1)=O)CC1=CC=C(OC(F)F)C=C1,0.003444180148653686
COC1=C(CN(C(NCC2OC(C)=CC=2)=O)C)C=CC=C1,0.0052616687375120815
CC1OC(CNC(NCC2=C(C)C=CC=C2)=O)=CC=1,0.004533277021255344
CN(C(NCC1OC(C)=CC=1)=O)CC1=C(OC(F)(F)F)C=CC=C1,0.003460968838771805
CC1OC(CNC(NCC2=C(C)N(C3=CC=CC=C3)N=C2C)=O)=CC=1,0.005052279855590314
CN(C(NCC1OC(C)=CC=1)=O)CC1=COC=C1,0.005048261571209878
CC1OC(CNC(N2CCN(C(C3=CSC=C3)=O)CCC2)=O)=CC=1,0.0048980089137330655
CC1OC(CNC(N2C(C3=NOC(C)=C3)CCC2)=O)=CC=1,0.005810001445934176
CC1=NOC(C2N(C(NCC3OC(C)=CC=3)=O)CCC2)=C1,0.006263378821313381
CC1OC(CNC(N2CC3=C(C=CC(=C3)O)CC2)=O)=CC=1,0.0029997966717928647
CC1OC(CNC(N2CCN(CC3N=CSC=3)CC2)=O)=CC=1,0.003717828786466271
CC1OC(C)C(C(N(CC2N=CNC=2)C)=O)C1,0.004785923263989389
COCC1=C(C(N(CC2N=CNC=2)C)=O)C=CS1,0.0032442472642287613
CCN1N=C(C2CC2)C(C(N(C(CC2=CC=CC=C2)CO)C)=O)=C1,0.005853488156571984
CN(C(C1C(C)=NOC=1)=O)C(CC1=CC=CC=C1)CO,0.005169031792320311
CN(C(C1C(C)=CN(C2CCOCC2)N=1)=O)C(CC1=CC=CC=C1)CO,0.00618046191520989
COCCN1N=CC(C(N(C(CC2=CC=CC=C2)CO)C)=O)=C1,0.005226084380410612
COCC1(NC(C2=CN(CCN(C)C)N=C2)=O)CCCCC1,0.013085929350927472
COCC1(NC([C@H]2N(C(C)=O)CCC2)=O)CCCCC1,0.012484137015417219
OCC1C2N(C(C3N4C(C=CC=C4)=CN=3)=O)CC(CC2)C1,0.0025391313596628607
COCCN1N=CC(C(N2C3C(CC(CC3)C2)CO)=O)=C1,0.004517196025699377
CCN1N=C(C2CC2)C(C(NC2C(=O)NC3=C(C=CC=C3)C2)=O)=C1,0.007225534855388105
O=C(C1C(=O)NCCC1)NC1C(=O)NC2=C(C=CC=C2)C1,0.006548344576731324
CC1=C(C(NC2C(=O)NC3=C(C=CC=C3)C2)=O)SC(C2COCC2)=N1,0.0053995217429474
CC1OC(C)C(C(NC2C(=O)NC3=C(C=CC=C3)C2)=O)C1,0.009054230665788055
CCN1C(C)=C(C(NC2C(=O)NC3=C(C=CC=C3)C2)=O)C=N1,0.006145989685319364
C[C@]1([C@@](CO)(C)CN(C(C2OC3=C(C=CC(=C3)O)OC2)=O)C1)CO,0.003046432137489319
CC1=C(C(N2C[C@](CO)(C)[C@](CO)(C)C2)=O)C=CC(OC2=CC=CC=C2)=C1,0.005449290259275585
C[C@]1([C@@](CO)(C)CN(C(C2=CC3=C(C=CC=N3)C=C2)=O)C1)CO,0.0041155234561301764
C[C@]1([C@@](CO)(C)CN(C(C2N3C(C=CC=C3)=CN=2)=O)C1)CO,0.0022217685880605133
CC(S(CC1=CC(NC(C2N=C3N(CCC(C3)C)C=2)=O)=CC=C1)(=O)=O)C,0.00527566751698032
CC(S(CC1=CC(NC(C2=C(F)C(F)=C(C)C=C2)=O)=CC=C1)(=O)=O)C,0.006852564075961709
CCC1=C(C(NC2=CC(CS(C(C)C)(=O)=O)=CC=C2)=O)C=C(F)C=C1,0.006276387791149318
CCN1N=C(C2CC2)C(C(NC2=CC(CS(C(C)C)(=O)=O)=CC=C2)=O)=C1,0.006851859739981592
COCCN1CCN(C(C2N(CC3CCC3)N=CC=2)=O)CC1,0.011246884614229203
COCCN1CCN(C(C2=CN(CCOC)N=C2)=O)CC1,0.00935667627491057
CCCNC1=NC=NC(NC[C@H]2[C@H](O)CCCC2)=C1,0.0035073981620371343
C(C1=CC=CC=C1)NC1=NC=NC(N[C@H]2C[C@H](C3=NC=CC=C3)OCC2)=C1,0.0065409044502303
CC1(CN(C2=NC=NC(NCC3=CC=CC=C3)=C2)CCC(O)C1)C,0.00453781895339489
CC1(CN(C2C3N(N=C(C4CCC4)C=3)C=CN=2)CCC(O)C1)C,0.0068996858317404985
CCC(N1CCN(C2=NC(C3CC3)=NC(C#N)=C2)CC1)C,0.007946089445613324
O=C(C1=C(C2OCCC2)NN=C1)NC1CC2=C(NN=C2)CC1,0.0075230546528473495
CCOC(C(NC1CC2=C(NN=C2)CC1)=O)(C)C,0.007776718563400209
COC1=C(C(NC2CC3=C(NN=C3)CC2)=O)C(OC)=NC=C1,0.0049312403192743656
CC(NC(CC1=C(F)C=CC=N1)=O)(CC1=C(F)C=CC=C1)CO,0.002860319591127336
N[C@H]1CN(C(C2=C(Cl)C=CC(N)=C2)=O)CC1,0.006640460412018001
CC(NC(CC1COCCC1)=O)(CC1=C(F)C=CC=C1)CO,0.004059720970690251
CN1C(C(NC(CC2=C(F)C=CC=C2)(CO)C)=O)=CN=N1,0.002606064162682742
CC(NC(C1C2=C(C=CC=C2)S(=O)(=O)CC1)=O)(CC1=C(F)C=CC=C1)CO,0.003905923501588404
CC(NC(CN1N=CC(Cl)=C1)=O)(CC1=C(F)C=CC=C1)CO,0.0025475197238847614
NC1C(C2CCN(C(C3=C(Cl)C=CC(N)=C3)=O)CC2)OCCC1,0.006692899274639785
CCN1N=C(C2CC2)C(C(N(CCN)C)=O)=C1,0.012597330659627915
CCC1(CC1)CNS(C1C(C(C)(C)C)=NN(C)C=1)(=O)=O,0.007210957468487322
CC1C(=O)NC=C(NC(C2(C3=NC=CC=C3)CC2)=O)C=1,0.00476902776863426
CC1C(S(NCC2=CC(COCC(F)(F)F)=CC=C2)(=O)=O)=CON=1,0.003106287695118226
CC1C(=O)NC=C(NC(C2=CC=C(C3CCOCC3)C=C2)=O)C=1,0.004452877049334347
O=S(N1CC(C2COCC2)CC1)(CCN1N=CC=C1)=O,0.007974301837384701
O=S(C1NC=CN=1)(N1CC(C2COCC2)CC1)=O,0.002754152665147558
O=C1SC2=C(C=CC(S(N3CC(C4COCC4)CC3)(=O)=O)=C2)N1,0.0034151761094108222
CCOCCO[C@@H]1CN(S(C2C(C3=CC=CC=C3)=NSC=2)(=O)=O)CC1,0.005376986740157008
CCOCCO[C@@H]1CN(S(C2=C(OC)C(F)=CC=C2)(=O)=O)CC1,0.006816500728018582
CC(NS(C1=C2N(C=C(C=N2)Br)N=C1C)(=O)=O)CS(C)=O,0.005315037979744375
CC(NS(C1=CN(C2CCCC2)N=C1)(=O)=O)CS(C)=O,0.005314160138368607
COCCN1N=CC(C(N(C(C2CCN(C)CC2)C)C)=O)=C1,0.010783657710999251
CC(N(C(CCC1=NNN=N1)=O)C)C1CCN(C)CC1,0.004217447841074318
CCOCN1C(C)=C(CC(N(C(C2CCN(C)CC2)C)C)=O)C(C)=N1,0.010883985529653728
CC(N(C(C1=C(C2OCCC2)NN=C1)=O)C)C1CCN(C)CC1,0.007703536422923207
CCC1=C(OC)C=C(C)C(S(N2CC(CO)C2)(=O)=O)=C1,0.0034776147454977035
CN(CCCS(N1CC(CO)C1)(=O)=O)C,0.0035101349873002618
CN1C2=C(C=C(S(N3CC(CO)C3)(=O)=O)C=C2)SC1=O,0.0023231161234434695
FC1=CC2=C(CN(C(CCC3N=NNC=3)=O)CC2)C=C1,0.0032028846559114753
OC1=CC2=C(OCC(C(N3CC4=C(C=C(C=C4)F)CC3)=O)O2)C=C1,0.005078633595257997
CN1C(=O)NC=C1C(N1CCC(C2=C(F)C=CC=C2)CC1)=O,0.0024269877350889145
FC(C1=C(OCCNC(C2OC(C3CC3)=NN=2)=O)N=CC=C1)(F)F,0.0037010442232713104
O=C(NC1CCN(CC2COCC2)CC1)CC1=CC=C(N2C=NC=C2)C=C1,0.005340373842045665
FC(C1=C(C(NC2CCN(CC3COCC3)CC2)=O)NN=C1)(F)F,0.0036284203408285974
OC1=CC2=C(C(C(NC3CCN(CC4COCC4)CC3)=O)=CC=C2)C=C1,0.004707680363208055
OC1=C2C(C=CC=C2C(NC2CCN(CC3COCC3)CC2)=O)=CC=C1,0.004661576356738806
O=C(C1=C(C2OC=CC=2)NN=C1)NC1CCN(CC2COCC2)CC1,0.005534464283846319
FC(C1=C(C(NC2CCN(CC3COCC3)CC2)=O)N2C(CCCC2)=N1)F,0.004821948206517846
CC(C1=CC=NC=C1)N1CCC(NC(C2ON=C(C3C(C)C3)N=2)=O)CC1,0.008778982772491872
CC(N(C1CC1)CC1=CC=C(NC(C2=C(C(F)(F)F)C=NN2)=O)C=C1)=O,0.0033702518092468383
CC(N(C1CC1)CC1=CC=C(NC(C2N(C)C(=O)NC=2)=O)C=C1)=O,0.0029103475040756165
CC(N(C1CC1)CC1=CC=C(NC(CC2=C3N(CCCC3)N=C2)=O)C=C1)=O,0.009294483717530966
CC1SC(C2=CC=CC=C2)=C(S(N2CC(CC(N)=O)CC2)(=O)=O)N=1,0.004667264712043107
CC(CCS(N1CC(CC(N)=O)CC1)(=O)=O)(F)F,0.0040207749232649805
O=S(N1CC2C3C=CC(C2C1)CC3)(N=S1(CCCC1)=O)=O,0.016036231303587556
CC1C(CNC(C2=C(C3OCCC3)NN=C2)=O)=CN(C)N=1,0.006061249622143805
CN1C2=C(C=C(S(NCC3(NC(=O)CC3)C)(=O)=O)C=C2)SC1=O,0.00381137850927189
COC1=C(S(NCC2(NC(=O)CC2)C)(=O)=O)C=CC=C1F,0.00485809282399714
CC1(NC(=O)CC1)CNS(C1=CN(C2CCCC2)N=C1)(=O)=O,0.005365635687485337
CCC(NC(C1C(C)=NOC=1)=O)CC(F)(F)F,0.004963698655774351
CCC(NC(C1=NC=NC(N2CCOCC2)=C1)=O)CC(F)(F)F,0.003368457360193133
CCC(NC(C1=C(C(C)(C)C)N=CN1)=O)CC(F)(F)F,0.00235827351352782
CCC(NC(C1C(C)=CN(C2CCOCC2)N=1)=O)CC(F)(F)F,0.006486035411944613
CC1=C(CO)C=C(C(NC2C(C)(C)C(OCC3=CC=CC=C3)C2)=O)O1,0.006394316116347909
CN1C2=C(C=CC(=C2)F)C(CCNC(C2=NOC(CO)=C2)=O)=C1,0.003147827333305031
CN1C2=C(C=CC(=C2)F)C(CCNC(CC2=C3N(CCCC3)N=C2)=O)=C1,0.007817420060746372
CN1C(=O)NC=C1C(N1CC(OC(F)F)C1)=O,0.0021122692269273102
CC1C(C(N2CC(OC(F)F)C2)=O)=NOC=1,0.006204728409647942
CC1N(C(C2=NN3C(N=CC=C3)=C2)=O)CCN(CC(O)(C)C)C1,0.006533364858478307
COCCN1N=CC(C(NCC(C(C)C)(C)C)=O)=C1,0.011706884857267142
CC(C(CNC(C1=C(C2OCCC2)NN=C1)=O)(C)C)C,0.008464737236499787
CC1C(C(NC(C2=CC(F)=CC=C2)(C)C)=O)=NOC=1,0.007024199771694839
CC(C1=CC(F)=CC=C1)(NC(C1=NOC(CO)=C1)=O)C,0.0034139932598918677
CC(C1=CC(F)=CC=C1)(NC(CCC1=NNN=N1)=O)C,0.00252881032647565
FC1=C(F)C(F)=C(CCNC(C2OC(C3CC3)=NN=2)=O)C=C1,0.006085615186020732
CC(C(C1=NC=CC=C1)NC(C1=C(C)N=C(C2COCC2)S1)=O)C,0.008252268331125379
COC1=C(C)C(C(NC(C2=NC=CC=C2)C(C)C)=O)=CN=C1,0.010542555944994092
CC(C(C1=NC=CC=C1)NC(C1=CC=C(C2CCOCC2)C=C1)=O)C,0.010871973168104888
CC(C(C1=NC=CC=C1)NC(C1C(C)OC(C)C1)=O)C,0.011746829329058527
CC(C(C1=NC=CC=C1)NC(C1C(C)=NOC=1)=O)C,0.009608390228822827
CON1CCC(C(NC(C2=NC=CC=C2)C(C)C)=O)CC1,0.001968728768406436
CC(C(C1=NC=CC=C1)NC(CC1OC(C2=CC=CC=C2)=NN=1)=O)C,0.007518282206729054
CC(C(C1=NC=CC=C1)NC(C1C(=O)NCCC1)=O)C,0.007171268737874925
CN1C(=O)NC=C1C(NC(C1CC1)CC1=CC=CC=C1)=O,0.003332338039763272
O=C(C1=C(CC#N)C=CC=C1)NC(C1CC1)CC1=CC=CC=C1,0.007357827812302276
CC1OC(C(N2CCCC2)CNS(C2C(C)=NOC=2)(=O)=O)=CC=1,0.0059125628788024185
CN(C(C1N(CCCNS(C2=CC(C#N)=CC(F)=C2)(=O)=O)CCC1)=O)C,0.0036005546804517507
CN(C(C1N(CCCNS(C2N(C)N=C3C=2CCCC3)(=O)=O)CCC1)=O)C,0.0074563266709446905
FC(CN1CC(CNS(C2=CN(C3CCCC3)N=C2)(=O)=O)CC1)(F)F,0.003992156553431414
O=S(NC1(C2=CC=CC=C2)CC1)(CCN1N=CC=C1)=O,0.0056502797408029435
O=S(C1=CN(C2CCCC2)N=C1)(NC1(C2=CC=CC=C2)CC1)=O,0.007214373489841819
CC(N(C1CC1)C)CNS(C1C(C(C)(C)C)=NN(C)C=1)(=O)=O,0.007342136767692864
CCN1C(=O)CC(S(NCCC2CNCC2)(=O)=O)C1,0.005093586770817638
CC(CC1(C(N2CC3(CCOCC3)OCC2)=O)C(=O)NCC1)C,0.011522399354726076
COC1=C(C(N2CC3(CCOCC3)OCC2)=O)N=CC=C1,0.008670518640428782
O=C(C1=CC2=C(C=CC=N2)C=C1)N1CC2(CCOCC2)OCC1,0.008595854369923472
CN1C(S(N2CCC3(CCNCC3)CC2)(=O)=O)=C2C(CCCC2)=N1,0.010115921869874001
CCOC1=C(CO)C=C(NC(CC2=C3N(CCCC3)N=C2)=O)C=C1,0.003836252330802381
CCOC1=C(CO)C=C(NC([C@H]2[C@@H](C(F)(F)F)CCCC2)=O)C=C1,0.0026381671112858385
CCOC1=C(CO)C=C(NC(C2=C(C(F)(F)F)C=NN2)=O)C=C1,0.001285192940849811
OC1=C(F)C=C(CNC([C@H]2[C@H](C3CCOCC3)C2)=O)C=C1,0.004824588005430996
OC1=C(F)C=C(CNC(C2C(=O)NCCC2)=O)C=C1,0.004046506388112903
OCC1C(NC(CC2=C3N(CCCC3)N=C2)=O)CN(CC2=CC=CC=C2)CC1,0.004541759844869375
CC(C1=CC=NC=C1)C(NC1C(CO)CCN(CC2=CC=CC=C2)C1)=O,0.004026584688108415
CC1C(C(NC2C(CO)CCN(CC3=CC=CC=C3)C2)=O)=CON=1,0.0037095145671628416
CC1C(S(N2CC(N3C(=O)CCC3)CCC2)(=O)=O)=CON=1,0.004889575811102986
CC(N1[C@H](C(NCC2=C3C(CCCC3)=CC=C2O)=O)CCC1)=O,0.006027054740116
COC1=C(S(N2CC(N3C(=O)CCC3)CCC2)(=O)=O)C=CC=C1F,0.006297272513620555
CC(C1=CC=NC=C1)C(NCC1=C2C(CCCC2)=CC=C1O)=O,0.006481406930834055
CN1C(S(N2C3CNC(CC3)C2)(=O)=O)=C2C(CCCC2)=N1,0.007324014231562615
CC(CCS(NC1C(=O)N(C2=C(F)C=CC=C2)CC1)(=O)=O)(F)F,0.0035736752790398894
CN1C2=C(C=CC(S(N3CC4C5NCC(C4C3)CC5)(=O)=O)=C2)CCC1,0.006035458133555949
COCC1=C(S(N2CC3C4NCC(C3C2)CC4)(=O)=O)C=CC=C1,0.006013724487274885
CCOC1=NC=C(S(N2CC3C4NCC(C3C2)CC4)(=O)=O)C=C1,0.005416701664216816
CN(C1=CC(S(N2CC3C4NCC(C3C2)CC4)(=O)=O)=CC=C1)C,0.0052481676451861855
CCN(S(C1=C(OC)C(F)=CC=C1)(=O)=O)C(CS(C)(=O)=O)C,0.006468608952127397
CN(S(C1=C(S(N2CC3C4NCC(C3C2)CC4)(=O)=O)C=CC=C1)(=O)=O)C,0.005851682019419968
CC1C(S(N(CC2=CC=C(F)C=C2)CC2CC2)(=O)=O)=CON=1,0.006620031385682523
CC(C(N1CC(OCCO)CCC1)=O)OCC1=CC(C)=CC=C1,0.005490791494958102
CC1=C(CO)C=C(C(N2CC3(OCCO3)CCC2)=O)O1,0.00526199764572084
CC1N(C2=CC=CC=C2)N=CC=1NC(C1N2C(CCCC2)=NC=1C(F)F)=O,0.004242515889927745
CC1CC2N(C=C(C(NC3=C(C)N(C4=CC=CC=C4)N=C3)=O)N=2)CC1,0.0056063596624881026
CC1C(C(NC2=C(C)N(C3=CC=CC=C3)N=C2)=O)=NN(C2CCOCC2)C=1,0.00788275320082903
CC1OC(C)C(C(NC2=C(C)N(C3=CC=CC=C3)N=C2)=O)C1,0.008708644914440811
CC[C@H]1N(C)CC[C@@H]1C(NC1=C(C)N(C2=CC=CC=C2)N=C1)=O,0.007028826465830207
CS(N1[C@@H](CNC([C@H]2[C@@H](C(F)(F)F)CCCC2)=O)CCC1)(=O)=O,0.003475347392321737
CC1=C(N2N=CN=C2)C=CC(C2N=C([C@@]34CCO[C@@H]3CCC4)ON=2)=C1,0.009350169496610761
CC1=C(CO)C=C(C(NC[C@@H]2N(S(C)(=O)=O)CCC2)=O)O1,0.0023405520943924783
CN(S(C1C(C)=NOC=1)(=O)=O)CCC1CCN(C2CCN(C)CC2)CC1,0.009971078392118216
CCOCN1C(C)=C(CC(NC[C@@H]2N(S(C)(=O)=O)CCC2)=O)C(C)=N1,0.0054182463325560095
CC1SC(C2=CC=CC=C2)=C(S(N2CC3CNC(=O)N3CC2)(=O)=O)N=1,0.0026883548009209333
FC1=CC=C(OC2=C(S(N3CC4CNC(=O)N4CC3)(=O)=O)C=CC=N2)C=C1,0.0024855818366631864
FC(C1C(S(N2CC3CNC(=O)N3CC2)(=O)=O)=CNN=1)(F)F,0.001145197635923978
CCOC(C(NC1C2=C(C=CC=C2)N(C(C)=O)CC1)=O)(C)C,0.010337795270606876
CC1C(S(NCC2(C(C3=CC=CC=C3)O)CC2)(=O)=O)=CON=1,0.0029547470971010626
CN1C(S(NCC2(C(C3=CC=CC=C3)O)CC2)(=O)=O)=C2C(CCCC2)=N1,0.004844048083759845
OCC1ON=C(C(NCC2=C(OCC(F)F)N=CC=C2)=O)C=1,0.0026088914833962916
O=S(N1CC(CCC2=CC=CC=C2)OCC1)(CCN1N=CC=C1)=O,0.006676212465390563
OC1=CC2=C(OCC(C(NCC3=C(OCC(F)F)N=CC=C3)=O)O2)C=C1,0.0032732356456108393
CN1C(=O)NC=C1C(NCC1=C(OCC(F)F)N=CC=C1)=O,0.0021409684617538006
CC1(C(NCC2=C(OCC(F)F)N=CC=C2)=O)CC(=C)C1,0.0062775698257610205
CC[C@H]1N(C)CC[C@@H]1C(NCC1=C(OCC(F)F)N=CC=C1)=O,0.005410737590864301
COC1=C(C(NCC2=C(OCC(F)F)N=CC=C2)=O)N=CC=C1,0.005488507635891438
FC(COC1=C(CNC(CC2=C3N(CCCC3)N=C2)=O)C=CC=N1)F,0.005902996263466775
FC(COC1=C(CNC(C2=CC=C(C3CCOCC3)C=C2)=O)C=CC=N1)F,0.005335768056102097
CC1C(=O)NC2=C(C=C(S(NC(CC=C)CO)(=O)=O)C=C2)C=1,0.0012479846918722615
FC(COC1=C(CNC(C2=C(C3OCCC3)NN=C2)=O)C=CC=N1)F,0.003671205381397158
CC(C1SC=CN=1)CNS(C1C(C(C)(C)C)=NN(C)C=1)(=O)=O,0.005301677598617971
CCCOC1=CC=C(NC(C2=C(C)N=C(C3COCC3)S2)=O)C=C1,0.006945492490194738
CCCOC1=CC=C(NC(C2=C(C)C(OC)=CN=C2)=O)C=C1,0.007415353413671255
CC1N(CC(O)(C)C)CCN(S(C2C(C)=NOC=2)(=O)=O)C1,0.004428971884772181
O=C([C@H]1[C@H](C2CCOCC2)C1)NC1=CC=C(CC2C(=O)NC(=O)N2)C=C1,0.0020034898567246272
O=C([C@@]12CCO[C@@H]1CCC2)NC1=CC=C(CC2C(=O)NC(=O)N2)C=C1,0.002291079185670242
CCC(N1C(C)=CC(NC(C2=C(C3OCCC3)NN=C2)=O)=N1)C,0.005974958534352481
CCC(N1C(C)=CC(NC(C2=C(C3OC=CC=3)NN=C2)=O)=N1)C,0.005387079576030374
CCC(N1C(C)=CC(NC([C@H]2[C@H](C3CCOCC3)C2)=O)=N1)C,0.010276886879000812
CCC(N1C(C)=CC(NC(C2=C(C)N=C(C3COCC3)S2)=O)=N1)C,0.007158492412418127
CCC(N1C(C)=CC(NC(C2=CN(CC3CCCC3)N=C2)=O)=N1)C,0.011793529475107789
CC1C(C(N2CCN(C3=NC(C)=CC(C)=N3)CC2)=O)=NOC=1,0.006488453759811818
CN1C(S(NCC(C2(CCOCC2)O)(C)C)(=O)=O)=C2C(CCCC2)=N1,0.0096278743352741
CC1C(C)C(C)N(S(C2=CC3=C(NC(C(=C3)C)=O)C=C2)(=O)=O)C1,0.003991117316763848
CC1C(C)C(C)N(S(C2=CN(C3CCCC3)N=C2)(=O)=O)C1,0.009999307012185455
CN(S(N1CCC(CC2NC3=C(C=CC=C3)N=2)CC1)(=O)=O)CCC#N,0.00228076539074209
CC(N1N=CC(S(N2CCC(CC3NC4=C(C=CC=C4)N=3)CC2)(=O)=O)=C1)C,0.0028273213596548886
CCN(S(N1CCC(CC2NC3=C(C=CC=C3)N=2)CC1)(=O)=O)C,0.0034267090144567192
O=C(C1=C(C2OC=CC=2)NN=C1)N1CC(N2N=CN=C2)CC1,0.004472223611082881
CCC1=C(C(N2CC(N3N=CN=C3)CC2)=O)C=C(F)C=C1,0.006178497918881476
CC1=C(C(N2CC(N3N=CN=C3)CC2)=O)SC(C2COCC2)=N1,0.007494040206074715
O=C(C1(C2=C3C(C=CC=C3)=CC=N2)CC1)N1CC(N2N=CN=C2)CC1,0.00795505433343351
O=C(C1ON=C(C2CC2)N=1)NC1CN(C2=NC=CC=C2)CC1,0.006433254643343389
CN(C(C1OC(C(C)(C)C)=NN=1)=O)CCC1SC=CN=1,0.007374393567442894
CC1C(C2N=C(C(N(CCC3SC=CN=3)C)=O)ON=2)C1,0.009439358115196228
O=C(C1OC(C2CC2)=NN=1)NC1C2(CCC2)C2C1CCO2,0.010159076098352671
O=C(C1ON=C(C2CC2)N=1)NC1C2(CCCC2)C2C1CCO2,0.012875077361240984
CCC1C(CNC(C2OC(C3CC3)=NN=2)=O)=C(CC)N(C)N=1,0.008298518881201745
CN(C(C1OC(C2CC2)=NN=1)=O)CC1C(O)CCC1,0.004779489804059267
ClC1=CC=C(NC(CN2CCN(C(C3OC(C4CC4)=NN=3)=O)CC2)=O)C=C1,0.004702095175161958
CCOC1=C(CCNC(C2OC(C3CC3)=NN=2)=O)C=C(Cl)C=C1,0.006023216433823109
FC1=C(C2(NC(C3=NC=NC(N4CCOCC4)=C3)=O)CC2)C=CC=C1,0.005411040969192982
COC1(C(F)(F)F)CN(C(C2OC3=C(C=CC(=C3)O)OC2)=O)CCC1,0.00378260323923314
COC1(C(F)(F)F)CN(C(C2C(C)=NOC=2)=O)CCC1,0.005685144004382891
COC1(C(F)(F)F)CN(C(C2C(C)=CON=2)=O)CCC1,0.005733735739340773
CC1C(C(NC2CC(CC3=CC=CC=C3)CC2)=O)=CON=1,0.011754421191290021
CC1=C(CO)C=C(C(NC2CC(CC3=CC=CC=C3)CC2)=O)O1,0.006131445174105465
O=C(NC1CC(CC2=CC=CC=C2)CC1)C[C@H]1C(=O)NC2=C(C=CC=C2)C(=O)N1,0.009512502886354923
CC1=C(CO)C=C(C(NCCN2CCOCCC2)=O)O1,0.004415392014198005
COCCN1N=CC(C(N2CC3CCCN(CC4=CC=CC=C4)C3CC2)=O)=C1,0.010011874977499247
CN1C(=O)NC=C1C(N1CC2CCCN(CC3=CC=CC=C3)C2CC1)=O,0.003590396058280021
CCN1C(C)=C(C(NC2(CC2)COC)=O)C=N1,0.010857024183496832
CC1=C(C2(CC2)CNS(CC2CN(S(C)(=O)=O)CC2)(=O)=O)C=CC=C1,0.008822602918371558
COCC1(NC(C2=C(C)N=C(C3COCC3)S2)=O)CC1,0.009155193995684385
COCC1(NC(C2CCN(OC)CC2)=O)CC1,0.002534286503214389
CCC1(C(OC)CC1NC(CC1=C2N(CCCC2)N=C1)=O)CC,0.01430141758173704
CCC1(C(OC)CC1NC(C1=NC=NC(N2CCOCC2)=C1)=O)CC,0.008528813952580094
CCC1(C(OC)CC1NC(C1=C(C(F)(F)F)C=NN1)=O)CC,0.00471144535113126
CCC1(C(OC)CC1NC(C1N(C)C(=O)NC=1)=O)CC,0.005135360173881054
CCC1(C(OC)CC1NC(C1C(C)=NOC=1)=O)CC,0.015233696764335036
OC1=C2C(C=CC=C2C(NCC2S(=O)(=O)CCC2)=O)=CC=C1,0.0037771969102323054
O=C(C1=CN(CC2CC2)N=C1)NCC1S(=O)(=O)CCC1,0.007597463298588991
CN1C(S(N2CCC(CN)CC2)(=O)=O)=C2C(CCCC2)=N1,0.009237740794196725
CCCOC1CCN(S(C2=CC(C#N)=CC(F)=C2)(=O)=O)CCC1,0.005565275810658932
OC1=CC=C(CNC(C2(C3=NC=CC=C3)CC2)=O)C=C1,0.004849505401216448
COC1=C(O)C=CC(CCNC(C2=C(C)N=C(C3COCC3)S2)=O)=C1,0.004228303825948387
COC1=C(O)C=CC(CCNC(C2(C3=C4C(C=CC=C4)=CC=N3)CC2)=O)=C1,0.00484245999250561
COC1=C(O)C=CC(CCNC([C@H]2[C@@H](C(F)(F)F)CCCC2)=O)=C1,0.003696198267289219
COC1=C(C(NCCC2=CC(OC)=C(O)C=C2)=O)N=CC=C1,0.004302341002039611
CC[C@H]1N(C)CC[C@@H]1C(NCCC1=CC(OC)=C(O)C=C1)=O,0.0057599149411544205
COC1=C(O)C=CC(CNC(C2=C(C(C)(C)C)N=CN2)=O)=C1,0.002417710016015917
CC(NC(C1N=C2N(CCC(C2)C)C=1)=O)CC1=CC=C(O)C=C1,0.0041590667562559245
CCC1OC(C)CN(S(CC2=C(Br)SC=N2)(=O)=O)C1,0.007073728577233851
CCC1OC(C)CN(S(C2C(C)=NOC=2)(=O)=O)C1,0.005691650114022196
C=CCOC1=C(CNS(CCN2N=CC=C2)(=O)=O)C=CC=C1,0.004962145898025483
OC1=C(CNC(C2=CN(CC3CC3)N=C2)=O)C2=C(CCCC2)C=C1,0.006372383516281843
O=C(C1=C(C2OCCC2)NN=C1)N1CC(NC2=CC=CC=C2)CCC1,0.0052308005746454
CC1OC2=C(C=CC=C2)N(S(CCC2C3=C(C=CC=C3)ON=2)(=O)=O)C1,0.006838740850798786
CC1OC2=C(C=CC=C2)N(S(C2C(C(C)(C)C)=NN(C)C=2)(=O)=O)C1,0.007451738719828427
CC1OC2=C(C=CC=C2)N(S(C2N(C)N=C3C=2CCCC3)(=O)=O)C1,0.010339148761704563
OC1=C(Br)C=C(CNC(C2=C(C3OCCC3)NN=C2)=O)C=C1,0.004173067980445921
CCN1N=C(C2CC2)C(C(NCC2=CC(Br)=C(O)C=C2)=O)=C1,0.0057137412251904605
CN1C(S(N(CC2=CC=CC=C2)CC(N)=O)(=O)=O)=C2C(CCCC2)=N1,0.007511771260760724
COC1=C(S(N2CC3C4NCC(C3C2)CC4)(=O)=O)C=C2C(NC(CO2)=O)=C1,0.00490342736011371
CN(C(C1=C(F)C=CC=C1F)CNS(C1NC=CN=1)(=O)=O)C,0.0017384021601174026
CC1C(S(N(CC2CC2)CC2CC2)(=O)=O)=C2N(C=C(C=N2)Br)N=1,0.010033548483625055
CN(C1=CC(CN(C(C2=NC=NC(N3CCOCC3)=C2)=O)C)=CC=C1)C,0.006196368276141584
CN(C1=CC(CN(C(C2=C(C(F)(F)F)C=NN2)=O)C)=CC=C1)C,0.002828550565754995
CN(C1=CC(CN(C(C2OC(C)=C(CO)C=2)=O)C)=CC=C1)C,0.004787142726127058
COC1=C(OC)C(OC)=C2C(CCN(C(C3C(C)OC(C)C3)=O)CC2)=C1,0.015547893103212118
COC1=CC(S(N2C(C)(C)CCNCC2)(=O)=O)=CN=C1,0.004512282577343285
CC1(N(S(C2=C3C(CCCO3)=CC=C2)(=O)=O)CCNCC1)C,0.0063651257660239935
OCCOC1CN(C(C2=C3C(C=C(C=C3)O)=CC=C2)=O)CCC1,0.002120899478904903
CCOCN1C(C)=C(CC(C(N2CC(OCCO)CCC2)=O)C)C(C)=N1,0.005158476624637842
OCCOC1CN(C(CC2OC(C3=CC=CC=C3)=NN=2)=O)CCC1,0.0027165803010575475
CCCOC1=CC(CCNC(C2=NC=NC(N3CCOCC3)=C2)=O)=CC=C1,0.006077016098424792
CCC(C1=CC=NC=C1)N(S(C1=C(OC)C(F)=CC=C1)(=O)=O)C,0.0065233692526817325
COC1=C(C(NC2C3C2CCC2=C3C=CC=C2)=O)N=CC=C1,0.010299926530569792
CC1=C(C(NC2C3C2CCC2=C3C=CC=C2)=O)SC(C2COCC2)=N1,0.009493673220276833
CCOCN1C(C)=C(CC(NC2C3C2CCC2=C3C=CC=C2)=O)C(C)=N1,0.009923083567991852
CC1C(S(NCCO)(=O)=O)=C2N(C=C(C=N2)Br)N=1,0.0024691343714948744
OCCNS(CC1=C(Br)SC=N1)(=O)=O,0.0023990580113604663
OCCNS(C1C(C2=CC(C(F)(F)F)=CC=C2)=NSC=1)(=O)=O,0.0012071340664988385
CC1N(C2CC2)CC(NS(C2=CC3=C(NC(S3)=O)C=C2)(=O)=O)C1,0.0032375275855883955
CC1N(C2CC2)CC(NS(C2=CC3=C(N(C(S3)=O)C)C=C2)(=O)=O)C1,0.0056585765210911635
CC1=C(CCNS(CC2=C(Br)SC=N2)(=O)=O)C=CC(F)=C1,0.004900768445804715
OCC(NS(C1=CN(C2CCCC2)N=C1)(=O)=O)CC(F)(F)F,0.0015374107813840964
CC(CC1C(=O)NCCN1S(C1C(C(C)(C)C)=NN(C)C=1)(=O)=O)C,0.005290617421269417
CC(CC1C(=O)NCCN1S(C1=CN(C2CCCC2)N=C1)(=O)=O)C,0.005713967140763998
CC(CC1C(=O)NCCN1S(C1=CC2=C(NC(C(=C2)C)=O)C=C1)(=O)=O)C,0.0026776781771332024
CN1C(S(N2CC(C)(C)C(O)CC2)(=O)=O)=C2C(CCCC2)=N1,0.004562721331603825
CNS(N1CCN(S(CC2C3CC(CC3)C2)(=O)=O)CC1)(=O)=O,0.006999401142820716
CCOCN1C(C)=C(CC(C(NC2=C(F)C=CC=C2C)=O)C)C(C)=N1,0.00770130860619247
CN1C(=O)NC=C1C(NCC1N(C2CC2)C(C2CC2)=NN=1)=O,0.0036858425475656985
O=C(NC1CC2=C(C=CC=C2)C1)CCC1N=NNC=1,0.005145526910200715
OC1=CC2=C(OCC(C(NC3CC4=C(C=CC=C4)C3)=O)O2)C=C1,0.006155795836821199
CN(S(C1=C(C)N(C)N=C1)(=O)=O)C1CN(C)C(=O)CC1,0.005141008901409805
CN(S(C1=COC=C1)(=O)=O)C1CN(C)C(=O)CC1,0.004918191174510866
CN(S(C1=C(C#N)C(Br)=CC=C1)(=O)=O)C1CN(C)C(=O)CC1,0.004480289737693965
CCNC(N(C1CN(C)C(=O)CC1)C)=O,0.003959036653395742
COC(CS(N(C1CN(C)C(=O)CC1)C)(=O)=O)C,0.006209993525408209
COC1=C(F)C(C)=C(S(N2CC3=C(C=NN3)C2)(=O)=O)C=C1,0.004446048801764846
O=C(N1CC(S(N2CC3=C(C=NN3)C2)(=O)=O)C1)C1CCCC1,0.004330555815249682
O=S(C1=CC2=C(OCO2)C=C1)(N1CC2=C(C=NN2)C1)=O,0.0036421823780983685
CC(C(NCCC1SC(S(N2CC3=C(C=NN3)C2)(=O)=O)=CC=1)=O)(C)C,0.003566307050641626
CC(C1SC(S(N2CC3=C(C=NN3)C2)(=O)=O)=CC=1)(C)C,0.004068793717306107
CC(CC1C(=O)NCCN1C(C1=C2C(C=CC=C2O)=CC=C1)=O)C,0.0041499359533190725
COC1=C(C(N2C(CC(C)C)C(=O)NCC2)=O)N=CC=C1,0.006133639207109809
CC(CC1C(=O)NCCN1C(C1=CC=C(C2CCOCC2)C=C1)=O)C,0.009003059845417738
CCN1C(C)=C(C(N2C(CC(C)C)C(=O)NCC2)=O)C=N1,0.0070871493313461546
CC(CC1C(=O)NCCN1C(C1N2C(CCCC2)=CN=1)=O)C,0.005322489200625569
CN(C1(CCC1)CNC(C1=C(C2OCCC2)NN=C1)=O)C,0.009247770439833403
CN(C1(CCC1)CNC(C1N2C(CCCC2)=NC=1C(F)F)=O)C,0.005359573080204428
COC1=C(C(NCC2(N(C)C)CCC2)=O)N=CC=C1,0.01053081825375557
FC1=CC(F)=C(CN2C(=O)C(NC(C3N4C(CCCC4)=CN=3)=O)CCC2)C=C1,0.003991294966544956
COCC1=C(C(NC2C(=O)N(CC3=C(F)C=C(F)C=C3)CCC2)=O)C=CS1,0.004470542026683688
CC1OC(C)C(C(NC2C(=O)N(CC3=C(F)C=C(F)C=C3)CCC2)=O)C1,0.00681545955594629
CC1=C(CO)C=C(C(NC2C(=O)N(CC3=C(F)C=C(F)C=C3)CCC2)=O)O1,0.0029297101078554987
OCC1ON=C(C(NC2C(=O)N(CC3=C(F)C=C(F)C=C3)CCC2)=O)C=1,0.002506889670621604
CN1C(=O)NC=C1C(NC(C1=CC=C(OC(F)(F)F)C=C1)(C)C)=O,0.0021233753679553045
CN(CCN1N=CC(C(NC(C2=CC=CC=C2)CCO)=O)=C1)C,0.004674102598801255
OCCC(C1=CC=CC=C1)NC(C1C(=O)NCCC1)=O,0.0036466801655478777
CC1C(C(NC(C2=CC=CC=C2)CCO)=O)=CON=1,0.0041024731006473305
CC1=C(CO)C=C(C(NC(C2=CC=CC=C2)CCO)=O)O1,0.004982536006718874
CC1C(C(NC(C2=CC=CC=C2)CCO)=O)=NN(C2CCOCC2)C=1,0.0050052266335114835
CN(S(C1C(C(C)(C)C)=NN(C)C=1)(=O)=O)CCN1CCOCC1,0.007229547807946801
CN(S(C1C(C2=CC=CC=C2)=NSC=1)(=O)=O)CCN1CCOCC1,0.005300388322211802
COC1=C(OC)C=C(CNS(C2NC=CN=2)(=O)=O)C(Br)=C1,0.002893149887677282
CC1=C(CCNC(C2N(C)C(=O)NC=2)=O)C(C)=CC=C1,0.0032985187077429145
CCOCN1C(C)=C(CC(NCCC2=C(C)C=CC=C2C)=O)C(C)=N1,0.009680681023746729
CN(CCN1N=CC(C(NCCC2=C(C)C=CC=C2C)=O)=C1)C,0.010514382598921656
COCCN(S(C1=CN(C2CCCC2)N=C1)(=O)=O)CC1=CN=CC=C1,0.007465108623728156
COC1=C(C2N(S(CCC3C4=C(C=CC=C4)ON=3)(=O)=O)CCC2)C=CC=C1,0.008402401581406593
CN(S(C1=CN(C2CCCC2)N=C1)(=O)=O)CCS(C)(=O)=O,0.0055174129782244565
CNCC1CN(S(C2N(C)N=C3C=2CCCC3)(=O)=O)CC1,0.008186338632367552
CCN1C(=O)CC(S(N2CCC(CNC)CC2)(=O)=O)C1,0.005232697515748441
CC(CC1(C(N2CC3=C(C=CC(=C3)O)CC2)=O)C(=O)NCC1)C,0.0060875775758177045
COC1=C(C)C(C(N2CC(NC3=CC=CC=C3)CCC2)=O)=CN=C1,0.006610669731162489
O=C(N1CC(NC2=CC=CC=C2)CCC1)CCC1=NNN=N1,0.0026653252367395907
O=C(C1=NC=NC(N2CCOCC2)=C1)N1CC(NC2=CC=CC=C2)CCC1,0.005008732830174267
CN1C(=O)NC=C1C(N1CC(NC2=CC=CC=C2)CCC1)=O,0.0024066055251751096
CC[C@H]1N(C)CC[C@@H]1C(NCC1=C(N)N=CN=C1)=O,0.0039718262036330994
CC1=C(C)OC(CN2CCC(CNS(CCN3N=CC=C3)(=O)=O)CC2)=N1,0.004918249021284282
COC1=C(C(N2CC(C3SC4=C(CCCC4)N=3)CCC2)=O)N=CC=C1,0.009472028212621808
CN1N=CC([C@H]2[C@H](N)CN(S(C3N(C)N=C4C=3CCCC4)(=O)=O)C2)=C1,0.00942414691671729
FC(C1=C(C(NC2CC3(CCOCC3)OCC2)=O)N2C(CCCC2)=N1)F,0.005137766688130796
CCOC(C(N1CCC2=C(C=C(C(=C2OC)OC)OC)CC1)=O)(C)C,0.015133682172745466
COC1=C(C)C(C(N2CCC3=C(C=C(C(=C3OC)OC)OC)CC2)=O)=CN=C1,0.01134361126460135
CC(C1OC(C(N2CCC(OCC3OCCC3)CC2)=O)=NN=1)(C)C,0.008506730059161782
COCCN1N=CC(C(NCCNC2=CC=CC=C2)=O)=C1,0.005416275351308286
O=C(C1ON=C(C2CC2)N=1)NCC1N(CCCC2=CC=CC=C2)C=CN=1,0.006701174611225724
O=C(C1OC(C2CC2)=NN=1)NCC1N(CCCC2=CC=CC=C2)C=CN=1,0.0054587244521826506
CC(C1=C(C(NCCNC2=CC=CC=C2)=O)NC=N1)(C)C,0.0029121276165824383
CC1CC2N(C=C(C(NCCNC3=CC=CC=C3)=O)N=2)CC1,0.004345860367175191
CC(NCC1OCCN(S(CC2(C(Cl)(Cl)C2)C)(=O)=O)C1)=O,0.00434431888501372
CC(NCC1OCCN(S(C2C(C3=CC=CC=C3)=NSC=2)(=O)=O)C1)=O,0.004003448411822319
COCC1=C(C(N[C@H](CO)C)=O)C=CS1,0.0034208208904601633
COC1=C(C(N[C@H](CO)C)=O)N=CC=C1,0.003708771406672895
CN(C1=CC(C2N(S(CCC3C4=C(C=CC=C4)ON=3)(=O)=O)CCC2)=CC=C1)C,0.007735397410579025
C[C@H](NC(C1=C(C(F)(F)F)C=NN1)=O)CO,0.0010479015327291563
C[C@H](NC(C1OC2=C(C=CC(=C2)O)OC1)=O)CO,0.0029018084169365466
CC1C(S(NCC(C2=C(C(F)(F)F)C=CC=C2)O)(=O)=O)=CON=1,0.0012892091035610065
CCC(CNS(C1=C(OC)C(F)=CC=C1)(=O)=O)(CC)O,0.00739032500423491
O=C([C@@]12CCO[C@@H]1CCC2)NC1=C2C(C=CC=C2)=CN=C1,0.007796009629964828
O=C(C1C(=O)NCCC1)NC1=C2C(C=CC=C2)=CN=C1,0.004613186302594841
CCOCN1C(C)=C(CC(NC2=C3C(C=CC=C3)=CN=C2)=O)C(C)=N1,0.005950866523198784
CON1CCC(C(NC2=C3C(C=CC=C3)=CN=C2)=O)CC1,0.0012620500026969239
CC(CCS(N1CCN(C2=C(F)C=CC=N2)CC1)(=O)=O)(F)F,0.0035725040710531176
FC1=C(N2CCN(S(N=S3(CCCC3)=O)(=O)=O)CC2)N=CC=C1,0.0064534070435911415
COC1=C(S(N2CC(C3=CC(C#N)=CC=C3)OCC2)(=O)=O)C=CC=C1F,0.006265663076192141
O=S(C1=CN(C2CCCC2)N=C1)(N1CC(C2=CC(C#N)=CC=C2)OCC1)=O,0.005621893494389951
CN1C(S(NC2CCC(F)(F)CC2)(=O)=O)=C2C(CCCC2)=N1,0.006073235161602497
FC1(CCC(NS(CCC2C3=C(C=CC=C3)ON=2)(=O)=O)CC1)F,0.0045361452968791125
CN(C1(CCC1)CN(S(C1=CC2=C(N(C(S2)=O)C)C=C1)(=O)=O)C)C,0.007825393229722977
CN(C1(CCC1)CN(S(C1N(C)N=C2C=1CCCC2)(=O)=O)C)C,0.013642643857747317
CC1=C(NC([C@H]2[C@H](C3CCOCC3)C2)=O)C(C(F)F)=NN1,0.0035630202881293373
CC1=C(C(NC2C(C(F)F)=NNC=2C)=O)SC(C2COCC2)=N1,0.0036517786560580135
CCCN(C(NC1CCCCC1)=O)C1C(=O)N(C)C(=O)C1,0.0029232789413072167
CCCN(S(C1=CC2=C(N(C(S2)=O)C)C=C1)(=O)=O)C1C(=O)N(C)C(=O)C1,0.002765654679387808
CC1C(C(NCC2(CCCCCC2)C)=O)=NOC=1,0.017847378086298705
CN1C(C2CN(S(C3N(C)N=C4C=3CCCC4)(=O)=O)CCC2)=CC=N1,0.009469179715961219
CN1C(C2CN(S(N=S3(CCCC3)=O)(=O)=O)CCC2)=CC=N1,0.009036120167002082
CC1OC(C)C(C(N2C(C3N=C(C4=CC=CC=C4)ON=3)COCC2)=O)C1,0.009813622804358602
CC1C(C(N2C(C3N=C(C4=CC=CC=C4)ON=3)COCC2)=O)=NOC=1,0.007866705721244215
O=S(N1C(C2OCCC2)C2(CCC2)C1)(CCN1N=CC=C1)=O,0.010135586326941847
CS(N1CC(CS(N2C(C3OCCC3)C3(CCC3)C2)(=O)=O)CC1)(=O)=O,0.012703181337565183
O=C1SC2=C(C=CC(S(N3C(C4OCCC4)C4(CCC4)C3)(=O)=O)=C2)N1,0.00488765409681946
CN1C2=C(C=C(S(N3C(C4OCCC4)C4(CCC4)C3)(=O)=O)C=C2)SC1=O,0.00840684208087623
CCN1C(C(NS(C2N=CN(C)C=2)(=O)=O)C)=NC=C1,0.003815623337868601
CCN1C(C(NS(C2=C(CN3N=CN=C3)C=CC=C2)(=O)=O)C)=NC=C1,0.003458249638788402
CCN1C(C(NS(C2N(C)N=CC=2C)(=O)=O)C)=NC=C1,0.0038953251438215374
CCN1C(C(NS(C2C(C)=NN(C)C=2)(=O)=O)C)=NC=C1,0.003244001558050513
CCN1C(C(NS(C2=C3N(CCCO3)N=C2)(=O)=O)C)=NC=C1,0.0038997750845737754
CCN1C(C(NS(C2=C(C)N(C)N=C2)(=O)=O)C)=NC=C1,0.00334427822381258
CCN1C(C(NS(CC2C3CC(CC3)C2)(=O)=O)C)=NC=C1,0.006150379567407072
CN1C2(CCN(S(C3=CN(C4CCCC4)N=C3)(=O)=O)CC2)CNC1=O,0.004007272922899574
FC(C1=C(C(N2CC(=O)N(C3=CC=CC=C3)CC2)=O)NN=C1)(F)F,0.0022601231234148146
CC1C(C(N2CC(=O)N(C3=CC=CC=C3)CC2)=O)=CON=1,0.006378183816559612
CCOCN1C(C)=C(CC(N2CC(=O)N(C3=CC=CC=C3)CC2)=O)C(C)=N1,0.006862681149505079
CC(C1=CSC=C1)N1CCN(C(CC2OC(C3=CC=CC=C3)=NN=2)=O)CC1,0.006836457643657923
CC(C1=CSC=C1)N1CCN(C(C2=C(C(C)(C)C)N=CN2)=O)CC1,0.004247792006935924
CC(C1=CSC=C1)N1CCN(C(C2C(C)=CN(C3CCOCC3)N=2)=O)CC1,0.011375495418906211
CC1C2(CCCCC2)CN(C(C2OC(C)=C(CO)C=2)=O)CC1,0.007313223858363927
CC1C2(CCCCC2)CN(C(C2=NOC(CO)=C2)=O)CC1,0.006415442656725645
COC1=C(C(N2CC3N(N=CN=3)CC2)=O)C(OC)=NC=C1,0.0071437600068748
CC1=C(C(N2CC3N(N=CN=3)CC2)=O)SC(C2COCC2)=N1,0.007052936125546694
O=C(C1=CN(CC2CCCC2)N=C1)N1CC2N(N=CN=2)CC1,0.010894976137205959
COC1=CC(Cl)=C(C(N2CC3N(N=CN=3)CC2)=O)C(F)=C1,0.007315244316123426
O=C(N1CC2N(N=CN=2)CC1)CC1=C2N(CCCC2)N=C1,0.008883224800229073
FC(C1=C(C(N2CC3N(N=CN=3)CC2)=O)NN=C1)(F)F,0.002580463164485991
O=C(C1=CN(CC2CC2)N=C1)N1CC2N(N=CN=2)CC1,0.009503908175975084
CCN1CCN(C2=CC(NC(C3OC4=C(C=CC(=C4)O)OC3)=O)=CC=C2)CC1,0.004492584825493395
CCN1CCN(C2=CC(NC(C3N(C)C(=O)NC=3)=O)=CC=C2)CC1,0.002748594741569832
CCN1CCN(C2=CC(NC(C3C(C)=NOC=3)=O)=CC=C2)CC1,0.007028196868486702
CCN1CCN(C2=CC(NC(CC3OC(C4=CC=CC=C4)=NN=3)=O)=CC=C2)CC1,0.005793850100599229
CCN1CCN(C2=CC(NC(C3OC(C)=C(CO)C=3)=O)=CC=C2)CC1,0.0038440887467004357
CCN1CCN(C2=CC(NC(C3N4C(CCCC4)=CN=3)=O)=CC=C2)CC1,0.005953867523930967
CCN1CCN(C2=CC(NC(C3C(C)=CON=3)=O)=CC=C2)CC1,0.007524269074201584
OC1(CCN(C(C2=CN(CC3CCCC3)N=C2)=O)CC1)CC1=CC(F)=CC=C1,0.008708252804353833
OC1(CCN(C(C2N(CC3CCC3)N=CC=2)=O)CC1)CC1=CC(F)=CC=C1,0.008019143436104059
OC1(CCN(C(CC2=C3N(CCCC3)N=C2)=O)CC1)CC1=CC(F)=CC=C1,0.007690890762023628
OC1(CCN(C(CCC2N=NNC=2)=O)CC1)CC1=CC(F)=CC=C1,0.003307637514080852
OC1(CCN(C(CC2OC(C3=CC=CC=C3)=NN=2)=O)CC1)CC1=CC(F)=CC=C1,0.0054683788446709515
OC1(CCN(C(CCC2=NNN=N2)=O)CC1)CC1=CC(F)=CC=C1,0.0026823405059985816
CC(NC(C1=C(C2OCCC2)NN=C1)=O)CCN1CCN(C)CC1,0.007728413003496826
CC(NC(C1N2C(CCCC2)=NC=1C(F)F)=O)CCN1CCN(C)CC1,0.004620815278030932
CC(NC(C1=CN(CC2CCCC2)N=C1)=O)CCN1CCN(C)CC1,0.012681546341627836
CON1CCC(C(N2C(C)CN(CC(O)C)CC2)=O)CC1,0.0009763793714228086
CC(CN1CC(C)N(C(C2C(C)=CN(C3CCOCC3)N=2)=O)CC1)O,0.004648007010109723
CC(CN1CC(C)N(C(C2=CC=C(C3CCOCC3)C=C2)=O)CC1)O,0.004735879297368228
CC1=C(NC2(CCCC2)CNC(N2CCS(=O)(=O)CC2)=O)C=CC=C1,0.0058851707726716995
COC(C1=CC=C(Cl)C=C1)C(NC(C1N(C)C(=O)NC=1)=O)C,0.002897108771139756
COC(C1=CC=C(Cl)C=C1)C(NC(C1C(C)=NOC=1)=O)C,0.00778634836897254
CCOC1=C(OC)C=CC(CCCNC(C2=C(COC)SC=C2)=O)=C1,0.00853270646184683
CCOC1=C(OC)C=CC(CCCNC(C2=C(C3OCCC3)NN=C2)=O)=C1,0.0067034543491899965
CN1C(CNC2C3N(N=C(C4CC4)C=3)C=CN=2)=C(C(F)(F)F)C=N1,0.004871345194987953
CC(NC(C1OC(C2CC2)=NN=1)=O)CC1=C(Cl)C=CC=C1Cl,0.006557949795387685
FC(OC1=CC(C2OCCN(C(C3OC(C4CC4)=NN=3)=O)C2)=CC=C1)F,0.005523118562996388
O=C(C1OC(C2CC2)=NN=1)NCC1=CC2=C(NC=N2)C=C1,0.0026204513560514897
O=C(N1CCN(CC2CCOCC2)CC1)CCC1N=NNC=1,0.005437852605246008
CCN1C(C)=C(C(NC(C2=CC=CC=C2)CCO)=O)C=N1,0.0043001349898986515
COCC1=C(C(N2C(C)COC(CO)C2)=O)C=CS1,0.004313750506844372
CC1N(C(C2N3C(C=CC=C3)=CN=2)=O)CC(CO)OC1,0.0018905975332017988
CN1C2=C(C=C(S(N3CC(C4OCCO4)CCC3)(=O)=O)C=C2)SC1=O,0.005883194715715944
O=C1SC2=C(C=CC(S(N3CC(C4OCCO4)CCC3)(=O)=O)=C2)N1,0.003339346032589674
CC1SC(C2=CC=CC=C2)=C(S(N2CC(C3OCCO3)CCC2)(=O)=O)N=1,0.006626270664855838
O=S(C1=CN(C2CCCC2)N=C1)(N1CC(C2OCCO2)CCC1)=O,0.00824780692346394
CN(C1OC2=C(C=C(C=C2)NC(C2(C3=NC=CC=C3)CC2)=O)N=1)C,0.005797163886018098
CCOC(C(NC1=CC2=C(OC(N(C)C)=N2)C=C1)=O)(C)C,0.005456082057207823
COC1=CC(C)=C(CNC(C2(C3=C4C(C=CC=C4)=CC=N3)CC2)=O)C=C1,0.008887160546146333
CON1CCC(C(NCC2=C(C)C=C(OC)C=C2)=O)CC1,0.0021555255516432226
COC1=CC(C)=C(CNC(C2=C(C(C)(C)C)N=CN2)=O)C=C1,0.00404823258286342
COC1=CC(C)=C(CNC(C2OC3=C(C=CC(=C3)O)OC2)=O)C=C1,0.005337422271259129
COC1=CC(C)=C(CNC(C2C(=O)NCCC2)=O)C=C1,0.007928578718565404
CCOCN1C(C)=C(CC(C(NCC2=C(C)C=C(OC)C=C2)=O)C)C(C)=N1,0.010231718793511391
CCOCN1C(C)=C(CC(C(N2CCN(C3CCCCC3)CC2)=O)C)C(C)=N1,0.013730727648362518
O=C(N1CCN(C2CCCCC2)CC1)CC1OC(C2=CC=CC=C2)=NN=1,0.009113114001229406
CC(N(CC1CCN(S(C2=CN(C3CCCC3)N=C2)(=O)=O)CC1)C)C,0.00882800822146237
CC(N(CC1CCN(S(CCN2N=CC=C2)(=O)=O)CC1)C)C,0.007207037485204637
CC(N(CC1CCN(S(CC2CN(S(C)(=O)=O)CC2)(=O)=O)CC1)C)C,0.010122795589268208
CC(N(CC1CCN(S(C2C(C)=NOC=2)(=O)=O)CC1)C)C,0.007127793971449137
CC(N(CC1CCN(S(C2C(C(F)(F)F)=NNC=2)(=O)=O)CC1)C)C,0.0022376022243406624
CC(N(CC1CCN(S(N=S2(CCCC2)=O)(=O)=O)CC1)C)C,0.011959215998649598
COC1=CC2=C(CN(S(C3NC=CN=3)(=O)=O)CCC2)C=C1,0.002632652048487216
CN(CCCS(N1CCN(C(CN2CCCC2)=O)CC1)(=O)=O)C,0.0074797449866309765
COC1=C(OC2CCCC2)C=C(CNS(CCN2N=CC=C2)(=O)=O)C=C1,0.007493905257433653
CCN(S(C1N(C)N=C2C=1CCCC2)(=O)=O)CCC#N,0.0070886422125113315
FC(CONC(C1C(=O)NCCC1)=O)(F)F,0.0007119122516087373
COC1=CC(N2CCN(S(C3C(C)=NOC=3)(=O)=O)CC2)=NC=C1,0.004110554466024041
CC1OC(C)C(C(NCC2NC=C(C3=CC(C#N)=CC=C3)N=2)=O)C1,0.0030582738341763615
CC1(C(NCC2NC=C(C3=CC(C#N)=CC=C3)N=2)=O)CC(=C)C1,0.0033417656552046536
CCNCC1CCN(S(C2N(C)N=C3C=2CCCC3)(=O)=O)CC1,0.008661346463486552
CN1C(S(N2CC(N3C(=O)CNCC3)CCC2)(=O)=O)=C2C(CCCC2)=N1,0.0058472314151003955
OC1=CC2=C(CCN(C(C3=C(C(F)(F)F)C=NN3)=O)C2)C=C1,0.0021441375254653396
OC1=CC2=C(CCN(C(C3C(=O)NCCC3)=O)C2)C=C1,0.005030493275262416
CC(CCS(NC1CN(C2=C(C(N)=O)C=CC=C2)CC1)(=O)=O)(F)F,0.0032573654665611685
CC(C(NC1CC2(CCOCC2)OCC1)=O)OCC1=CC(C)=CC=C1,0.012694054795429111
CC[C@H]1N(C)CC[C@@H]1C(N1CCC2=C(C=C(C(=C2OC)OC)OC)CC1)=O,0.01351326247677207
CC[C@H]1N(C)CC[C@@H]1C(N1CCN(S(CCCOC)(=O)=O)CC1)=O,0.0064381217584013935
COCCCS(N1CCN(C(C2=CC3=C(C=CC=N3)C=C2)=O)CC1)(=O)=O,0.004112859303131699
COCCCS(N1CCN(C(C2=C(OC)N=CC=C2OC)=O)CC1)(=O)=O,0.005109012359753251
NS(C1=CC2=C(CCN2S(CC2C3CC(CC3)C2)(=O)=O)C=C1)(=O)=O,0.009394275583326816
CC1(C(Cl)(Cl)C1)CS(N1C2=C(C=CC(S(N)(=O)=O)=C2)CC1)(=O)=O,0.005920232211434495
COCCCS(N1CCN(C(C2=CN(CC3CC3)N=C2)=O)CC1)(=O)=O,0.005736170592717827
COC1=C(C(N2CC(CCO)CCC2)=O)C(OC)=NC=C1,0.0034891187562607227
COCCN1N=CC(C(N2CC(CCO)CCC2)=O)=C1,0.004075479391030967
CC1CC2N(C=C(C(N3CC(CCO)CCC3)=O)N=2)CC1,0.0033058872446417808
CN1C(S(NCC2=CC(N3N=CN=C3)=CC=C2)(=O)=O)=C2C(CCCC2)=N1,0.007177857030183077
CCCOC1=CC(CCNC(C2C(=O)NCCC2)=O)=CC=C1,0.008617416163906455
CC(NS(C1N(C)N=C2C=1CCCC2)(=O)=O)CC1=C(C)ON=C1C,0.008996098162606358
CCC1=NC=C(NC(C2=C(C(C)(C)C)N=CN2)=O)C=N1,0.0030569674796424805
CCC1=NC=C(NC(C2OC3=C(C=CC(=C3)O)OC2)=O)C=N1,0.0034811351564712823
CN1C(=O)CN(S(N=S2(CCCC2)=O)(=O)=O)CC1,0.007696161768399179
CN1C(=O)CN(S(CC2C3CC(CC3)C2)(=O)=O)CC1,0.009064194234088063
CN1C(=O)CN(S(C2=CC3=C(NC(S3)=O)C=C2)(=O)=O)CC1,0.002204771351534873
CN1N=C(C(C)(C)C)C(S(NCC2SC=C(C(F)(F)F)N=2)(=O)=O)=C1,0.0035212696995586155
CC(C1CN(C(C(C2=CC=NC=C2)C)=O)CCC1)O,0.0038691788678988813
COC1=CC2=C(N=C(C3N=C([C@@]45CCO[C@@H]4CCC5)ON=3)C=C2)C=C1,0.010066900216042996
COC1=C(C)C(C(N2CC(C(O)C)CCC2)=O)=CN=C1,0.004329816089011729
CC(C1CN(C(C2=C(C)N=C(C3COCC3)S2)=O)CCC1)O,0.0040911089861765506
CC(C1CN(C(C2=CN(CC3CCCC3)N=C2)=O)CCC1)O,0.005689430003985763
CCC(NS(C1C(C(C)(C)C)=NN(C)C=1)(=O)=O)CC#N,0.0038638682514886115
COC[C@H](NC(C1CCN(OC)CC1)=O)C,0.0018959342705784366
COC[C@H](NC(C1=NC=NC(N2CCOCC2)=C1)=O)C,0.004435642063617707
COC[C@H](NC(C1N2C(C=CC=C2)=CN=1)=O)C,0.003688477852847427
COCCN1C(=O)CN(S(C2=CC3=C(N(C(S3)=O)C)C=C2)(=O)=O)C1,0.0057680291356518865
COCCN1C(=O)CN(S(C2NC=CN=2)(=O)=O)C1,0.00218668692978099
CN1C2=C(C=C(C=C2)CNS(C2C(C(F)(F)F)=NNC=2)(=O)=O)N=C1C1CC1,0.001717589792679064
FC1(CN(C(CC2OC(C3=CC=CC=C3)=NN=2)=O)CC1)F,0.004428335442207753
COC1=C(F)C=CC(N2CCN(S(CCCN(C)C)(=O)=O)CC2)=C1,0.006480351788923144
COC1=C(F)C=CC(N2CCN(S(N=S3(CCCC3)=O)(=O)=O)CC2)=C1,0.007682742923498154
COC1=C(F)C=CC(N2CCN(S(CCN3N=CC=C3)(=O)=O)CC2)=C1,0.005267183785326779
O=C([C@H]1[C@H](C2CCOCC2)C1)NCC1S(=O)(=O)CCCC1,0.008811378967948258
FC1=C(C(NCC2S(=O)(=O)CCCC2)=O)C=C(Cl)C=C1Cl,0.006828783475793898
CCOCN1C(C)=C(CC(NCC2S(=O)(=O)CCCC2)=O)C(C)=N1,0.006947416812181473
O=C(C1=CN(CC2CC2)N=C1)NCC1S(=O)(=O)CCCC1,0.008099820325151086
COCC(NC(C1=CN(CCN(C)C)N=C1)=O)(CO)C,0.004715324356220662
COCC(NC(C1OC(C)=C(CO)C=1)=O)(CO)C,0.0055648731533437966
CCN1C(C)=C(C(NC(COC)(CO)C)=O)C=N1,0.004354943009093404
CC1C(C(N2CC(OCC3CC3)CCC2)=O)=NOC=1,0.012444482231512666
O=C(N1CC(OCC2CC2)CCC1)CCC1N=NNC=1,0.005310749169439077
CC(C1=C(C(N2CC(OCC3CC3)CCC2)=O)NC=N1)(C)C,0.005402148561552167
OC1C2(CC2)CN(C(CCC2N=NNC=2)=O)C1,0.002177055465290323
CN(CCN1N=CC(C(N2CC3(CC3)C(O)C2)=O)=C1)C,0.004874534043483436
COC1=C(S(N2CCC(C(F)F)OCC2)(=O)=O)C=CC=C1F,0.006264671962708235
COC(C1=CC=C(F)C=C1)CS(N1CCC(C(F)F)OCC1)(=O)=O,0.006189659237861633
FC(C1OCCN(S(C2=C3C(OCCCO3)=CC=C2)(=O)=O)CC1)F,0.006489758170209825
COCC1(CCC1)CS(N1CCC(C(F)F)OCC1)(=O)=O,0.008192121260799467
FC(C1OCCN(S(CCOCC2CC2)(=O)=O)CC1)F,0.005939545971341431
CN1N=C(S(N2CCC(C(F)F)OCC2)(=O)=O)C=C1,0.005515343882143498
CN1C2=C(C=C(S(N3CCC(C(F)F)OCC3)(=O)=O)C=C2)SC1=O,0.00447137673618272
FC(C1OCCN(S(C2=CC=C(OC3CC3)C=C2)(=O)=O)CC1)F,0.006279867910780013
CN1C(=O)NC=C1C(NC1SC=C(C2C3CC(CC3)C2)N=1)=O,0.003971997823100537
CC(C1N(C2=CC=CC=C2)N=CC=1NC(C1N2C(CCCC2)=CN=1)=O)C,0.006498130783438682
CC(C1N(C2=CC=CC=C2)N=CC=1NC(C1C(C)OC(C)C1)=O)C,0.009474215842783452
COCCN1N=CC(C(NC2=C(C(C)C)N(C3=CC=CC=C3)N=C2)=O)=C1,0.007831578655168415
CC(C1N(C2=CC=CC=C2)N=CC=1NC(C1(C2=NC=CC=C2)CC1)=O)C,0.008604280697181822
CCC(C1NN=C(C(NC(C2=C(C)N(CC)N=C2)=O)C)N=1)C,0.005637448187917471
CCC(C1NN=C(C(NC(C2=CN(CCOC)N=C2)=O)C)N=1)C,0.005419319937936961
CC(S(N1CCC(NC(C2=CC3=C(C=CC=N3)C=C2)=O)CC1)(=O)=O)(C)C,0.004417367023415863
CC(C(NC1CCN(S(C(C)(C)C)(=O)=O)CC1)=O)OCC1=CC(C)=CC=C1,0.006488538649864495
CC(S(N1CCC(NC(C2C(=O)NCCC2)=O)CC1)(=O)=O)(C)C,0.006104413722641766
CCOC1=CC2=C(OCCC2NC(C2ON=C(C3CC3)N=2)=O)C=C1,0.009090147493407131
CC(C1CCC(CNC(CCC2=NNN=N2)=O)CC1)(C)C,0.007092872215434909
CN(C(C1ON=C(C2CC2)N=1)=O)CC=C,0.011545418156310916
CN(C(C1OC(C2CC2)=NN=1)=O)CC=C,0.010391546553000808
CC(CNC(C1ON=C(C2CC2)N=1)=O)=C,0.010198760591447354
CC(CNC(C1OC(C(C)(C)C)=NN=1)=O)=C,0.00796724371612072
CC(C1OC(C(N2CC(OCC3CC3)CCC2)=O)=NN=1)(C)C,0.009347015991806984
O=C(C1ON=C(C2CC2)N=1)N1CC(OCC2CC2)CCC1,0.011766621610149741
CC(C1OC(C(NC2CC3N(C=CN=3)CC2)=O)=NN=1)(C)C,0.004513879725709558
C[C@@H](C1=C(Cl)C=CC(Cl)=C1)NC(C1OC(C2CC2)=NN=1)=O,0.00598291284404695
CC1=C(C2=CC=CC=C2)C=CC(CNC(C2OC(C3CC3)=NN=2)=O)=C1,0.007559012738056481
O=C(NC1C2CC(CC2)C1)CC1OC(C2=CC=CC=C2)=NN=1,0.009287463966757059
COC1=C(S(NCC2=C(N3CCN(C)CC3)C=CC=C2)(=O)=O)C=CC=C1F,0.005139580718241632
CN1CCN(C2=C(CNS(N=S3(CCCC3)=O)(=O)=O)C=CC=C2)CC1,0.007307879161089659
CCCN(S(C1C(C(F)(F)F)=NNC=1)(=O)=O)C1CC1,0.0021449322492117064
CCCN(S(C1=CC2=C(N(C(S2)=O)C)C=C1)(=O)=O)C1CC1,0.007004113774746657
O=C(C1N(CC2CCC2)N=CC=1)NC1CC(=O)N(C2CCCCC2)C1,0.010640464909374713
O=C(NC1CC(=O)N(C2CCCCC2)C1)CC1=C2N(CCCC2)N=C1,0.010924006858840585
CCN(CC(N1CCN(S(C2C(C(F)(F)F)=NNC=2)(=O)=O)CC1)=O)CC,0.0023336424666922538
CCN(CC(N1CCN(S(CCC(F)(F)C)(=O)=O)CC1)=O)CC,0.005559791554696858
CC[C@H]1N(C)CC[C@@H]1C(NC1CC(=O)N(C2CCCCC2)C1)=O,0.013406692817807198
CON1CCC(C(NC2CC(=O)N(C3CCCCC3)C2)=O)CC1,0.0027819887618534267
CN(S(C1C(C2=CC=CC=C2)=NSC=1)(=O)=O)CC1CCN(C)CC1,0.0054346380522474645
ClC1=CC2=C(CCN(C(C3=NC=NC(N4CCOCC4)=C3)=O)C2)C(Cl)=C1,0.005929432460106909
ClC1=CC2=C(CCN(C(CCC3N=NNC=3)=O)C2)C(Cl)=C1,0.004181221779435873
CCN1C(=O)CC(S(NC2(CCCC2)CN)(=O)=O)C1,0.007014285796321929
CN1C(S(NCC2(CCNCC2)C)(=O)=O)=C2C(CCCC2)=N1,0.008511491445824504
FC(C1N(S(C2=CC(C#N)=CC(F)=C2)(=O)=O)CCNC1)F,0.0022631079773418605
CC1=C(C(NC2CC3(CCOCC3)OCC2)=O)SC(C2COCC2)=N1,0.009463285887613892
OC1=CC2=C(OCC(C(NC3CC4(CCOCC4)OCC3)=O)O2)C=C1,0.005673340568318963
O=C(C1=NC=NC(N2CCOCC2)=C1)NC1CC2(CCOCC2)OCC1,0.007088988739997149
CCOCN1C(C)=C(CC(C(NC2CC3(CCOCC3)OCC2)=O)C)C(C)=N1,0.011554220272228122
COCC1CCN(S(C2C(C(F)(F)F)=NNC=2)(=O)=O)CC1,0.0017703352990793065
CN(C1N(C)C(CNS(C2N(C)N=C3C=2CCCC3)(=O)=O)=CN=1)C,0.005339533090591431
CCC1C2=C(C=CC=C2)CCN1S(CC1CN(S(C)(=O)=O)CC1)(=O)=O,0.009949669474735856
CCC1C2=C(C=CC=C2)CCN1S(N=S1(CCCC1)=O)(=O)=O,0.012188733601942659
CCC1=C(OC)C=C(C)C(S(N(CCCN2CCN(C)CC2)C)(=O)=O)=C1,0.008864609804004431
CC(NS(C1=CC2=C(N(C(S2)=O)C)C=C1)(=O)=O)CC1=C(C)ON=C1C,0.004710592026822269
CN(S(C1=C(C2=CC=CC=C2)SC(C)=N1)(=O)=O)C1C(=O)N(C)CC1,0.0052730476716533305
COC1=C(S(N(C2C(=O)N(C)CC2)C)(=O)=O)C=CC=C1F,0.006186871323734522
CN(S(C1=CN(C2CCCC2)N=C1)(=O)=O)C1C(=O)N(C)CC1,0.0075356786139309405
CN1C(=O)CCC(NS(CCC2C3=C(C=CC=C3)ON=2)(=O)=O)C1,0.004195962217636406
CN1C2=C(C=C(S(N3CCC(N4CCCC4)CCC3)(=O)=O)C=C2)SC1=O,0.007964175567030907
COC1=C(S(N(C2=CN(C)N=C2)C)(=O)=O)C=CC=C1F,0.006681326916441322
CCC1=NOC(CNS(CC2=C(Br)SC=N2)(=O)=O)=C1,0.00569697180762887
CCC1=NOC(CNS(CCN2N=CC=C2)(=O)=O)=C1,0.005135356809478253
CCC1=C(OC)C=C(C)C(S(N2CCC3(C(=O)N(C)C(=O)N3)CC2)(=O)=O)=C1,0.0016813162947073579
CN(CCCS(N1CCC2(C(=O)N(C)C(=O)N2)CC1)(=O)=O)C,0.00149965139280539
CC(C1SC=C(CCNS(C2NC=CN=2)(=O)=O)N=1)(C)C,0.0021452631161082538
O=C(C1C(=O)NCCC1)NCC1CC(=O)N(CC2=CC=CC=C2)C1,0.007318255910649896
O=C(C1(C2=NC=CC=C2)CC1)NCC1CC(=O)N(CC2=CC=CC=C2)C1,0.009015311207622289
CC[C@H]1N(C)CC[C@@H]1C(NCC1CC(=O)N(CC2=CC=CC=C2)C1)=O,0.009441048605367541
COC1=C(C)C(C(NCC2CC(=O)N(CC3=CC=CC=C3)C2)=O)=CN=C1,0.007095765438862145
CC1OC(C)C(C(NCC2CC(=O)N(CC3=CC=CC=C3)C2)=O)C1,0.010237484285607935
O=C([C@@]12CCO[C@@H]1CCC2)NCC1CC(=O)N(CC2=CC=CC=C2)C1,0.00955660715699196
CCN1C(C)CN(S(C2=CN(C3CCCC3)N=C2)(=O)=O)C(C)C1,0.008637882256880402
CCC(C(C(F)(F)F)O)NS(C1=CC2=C(N(C(S2)=O)C)C=C1)(=O)=O,0.0015261234097124544
CCC(C(C(F)(F)F)O)NC(C1=CN(CCOC)N=C1)=O,0.0024969024387246465
CCC(C(C(F)(F)F)O)NC(C1=CN(CC2CCCC2)N=C1)=O,0.003508498026349116
CCC(C(C(F)(F)F)O)NC([C@H]1N(C(C)=O)CCC1)=O,0.0021243998955469577
CCC(C(C(F)(F)F)O)NC(C1OC2=C(C=CC(=C2)O)OC1)=O,0.0017627613633521833
CCC(C(C(F)(F)F)O)NC(C1C(C)=CN(C2CCOCC2)N=1)=O,0.0029814841487677767
CCC(C(C(F)(F)F)O)NC(C1=NOC(CO)=C1)=O,0.0024081894480332267
CC(C1=C(Cl)C=CC=C1)(CNS(C1C(C(F)(F)F)=NNC=1)(=O)=O)O,0.001962255121907219
FC1=CC(F)=C(CN2C(=O)C(NS(CCN3N=CC=C3)(=O)=O)CCC2)C=C1,0.0032708457205444575
C[C@@H]1N(S(C)(=O)=O)CCN(C(C2N(C)C(=O)NC=2)=O)C1,0.0015921648649964482
CS(N1CC(CS(N2CC(CO)(F)CC2)(=O)=O)CC1)(=O)=O,0.0034756710869260133
OCC1(CN(S(C2C(C3=CC=CC=C3)=NSC=2)(=O)=O)CC1)F,0.0018850749416742473
OCC1(CN(S(CCC2C3=C(C=CC=C3)ON=2)(=O)=O)CC1)F,0.002443179488182068
CN1N=CC(C2C3(CCOCC3)CN(S(CC3C4CC(CC4)C3)(=O)=O)C2)=C1,0.011281509837135672
CN1N=CC(C2C3(CCOCC3)CN(S(C3NC=CN=3)(=O)=O)C2)=C1,0.0030618798453360798
OC1(C(F)F)CN(S(N=S2(CCCC2)=O)(=O)=O)CC1,0.006090520264115185
COC1=C(S(N2CC(C(F)F)(O)CC2)(=O)=O)C=CC=C1F,0.004547865618951619
OC1(C(F)F)CN(S(C2=CN(C3CCCC3)N=C2)(=O)=O)CC1,0.004823684622533619
CCC1=C(OC)C=C(C)C(S(N2CC(C(F)F)(O)CC2)(=O)=O)=C1,0.004190477170050144
CS(N1CC(CS(N2C[C@@H](F)CC2)(=O)=O)CC1)(=O)=O,0.00595124188112095
CN1C(S(N2C[C@@H](F)CC2)(=O)=O)=C2C(CCCC2)=N1,0.007450760551728308
F[C@@H]1CN(S(C2=CC3=C(NC(S3)=O)C=C2)(=O)=O)CC1,0.0017529917997308076
FC1=CC=C(C2N=C(CCCNC(C3C(=O)NCCC3)=O)ON=2)C=C1,0.004488605307415128
CN(CCN1N=CC(C(NCCCC2ON=C(C3=CC=C(F)C=C3)N=2)=O)=C1)C,0.005033375672064721
O[C@H]1CN2[C@H](CN(S(CCC3C4=C(C=CC=C4)ON=3)(=O)=O)CC2)C1,0.002572557859821245
O[C@H]1CN2[C@H](CN(S(CC3=C(Br)SC=N3)(=O)=O)CC2)C1,0.002290687756612897
CC1SC(C2=CC=CC=C2)=C(S(N2C[C@H]3N(C[C@@H](C3)O)CC2)(=O)=O)N=1,0.002301730518229306
CCC1=C(OC)C=C(C)C(S(N2C[C@H]3N(C[C@@H](C3)O)CC2)(=O)=O)=C1,0.0027524033095687626
CC1C(S(N2C[C@H]3N(C[C@@H](C3)O)CC2)(=O)=O)=CON=1,0.0019281778892036527
O[C@H]1CN2[C@H](CN(S(C3NC=CN=3)(=O)=O)CC2)C1,0.0008112470168271102
O[C@H]1CN2[C@H](CN(S(C3C(C4=CC=CC=C4)=NSC=3)(=O)=O)CC2)C1,0.001969607506180182
CC(NC(N1CCN(C(CC2=C3N(CCCC3)N=C2)=O)CC1)=O)(C)C,0.004985631187446415
CC1=C(F)C(F)=C(C(N2CCN(C(NC(C)(C)C)=O)CC2)=O)C=C1,0.005370831326581537
CN1C(=O)NC=C1C(N1CCN(C(NC(C)(C)C)=O)CC1)=O,0.002147452678764239
CC(NC(N1CCN(C(C2=C(C(F)(F)F)C=NN2)=O)CC1)=O)(C)C,0.0020902540534734728
CC1CC2N(C=C(C(N3CCN(C(NC(C)(C)C)=O)CC3)=O)N=2)CC1,0.0043228135793469845
CC(NC(N1CCN(C(CC2OC(C3=CC=CC=C3)=NN=2)=O)CC1)=O)(C)C,0.003365951415617019
CON1CCC(C(N2CCN(C(NC(C)(C)C)=O)CC2)=O)CC1,0.0012018894020002335
CC(NC(N1CCN(C(C2=C(CC#N)C=CC=C2)=O)CC1)=O)(C)C,0.003233496083703358
FC(C1=CC(NC(C2C(=O)NCCC2)=O)=CC(Cl)=C1)(F)F,0.003396933642216027
O[C@@H]1[C@@H](NS(C2C(C(F)(F)F)=NNC=2)(=O)=O)C2=C(C=CC=C2)C1,0.0008730463479878381
C[C@@H](CN1CCN(C(C2=C(C3OCCC3)NN=C2)=O)CC1)O,0.0020916759269312022
COCC1=C(C(N2CCN(C[C@@H](O)C)CC2)=O)C=CS1,0.0026991350052412598
COCCN1N=CC(C(N2CCN(C[C@@H](O)C)CC2)=O)=C1,0.0029238256509415807
COC1=C(C(N2CCN(C[C@@H](O)C)CC2)=O)N=CC=C1,0.002465369435958564
CC1(CC(NS(CC2CN(S(C)(=O)=O)CC2)(=O)=O)C1)C,0.009274902869947255
CC1(CC(NS(CCN2N=CC=C2)(=O)=O)C1)C,0.007024666806682944
C[C@@H](CN1CCN(C(C2=C3C(C=C(C=C3)O)=CC=C2)=O)CC1)O,0.00165633371216245
CC(NC1=C(C)C=CC(S(N2CCC(C(F)F)OCC2)(=O)=O)=C1)=O,0.003911528538446873
CC(N1C(C)=C(S(N2CCC(C(F)F)OCC2)(=O)=O)C(C)=N1)C,0.005478225648403168
CC1C(C2N=C(C(N3CC4(CCC4)OCC3)=O)ON=2)C1,0.013026476418599487
CC1=C(CO)C=C(NC(C2=C(C3OCCC3)NN=C2)=O)C(C)=C1,0.0027408008463680744
CC1=C(CO)C=C(NC(C2N3C(CCCC3)=NC=2C(F)F)=O)C(C)=C1,0.0023131722235120835
COCCN1N=CC(C(NC2=C(C)C=C(C)C(CO)=C2)=O)=C1,0.003589615283999592
CC(NC(C1C(=O)NCCC1)=O)CC1=CC(Br)=C(F)C=C1,0.006603461829945445
CN(S(C1=CN(C2CCCC2)N=C1)(=O)=O)CC(C)(C)C,0.009495649859309197
CCN1CCN(S(CC2CN(S(C)(=O)=O)CC2)(=O)=O)CCC1,0.011076774122193456
CCN1C(=O)CC(S(NCC2NCCC2)(=O)=O)C1,0.0047710987390019
FC1=CC(CNS(CCN2N=CC=C2)(=O)=O)=C(F)C=C1,0.003231800184585154
FC1=CC(CNS(N=S2(CCCC2)=O)(=O)=O)=C(F)C=C1,0.005738165217917412
CC1=C(CNS(CC2(C(Cl)(Cl)C2)C)(=O)=O)N=CC=C1,0.004434215278364519
CCN1C(=O)CC(S(N(C2CCC(N)CC2)C)(=O)=O)C1,0.008735621394589544
CON1CCC(C(NCCC2=CC(O)=C(O)C=C2)=O)CC1,0.0013051042071310804
FC1=CC(S(N(CC2=CC=CC=C2)CC2CCOCC2)(=O)=O)=CC(C#N)=C1,0.005929036950692535
CN(C(C1C(C)=NOC=1)=O)C(C1=CC=CC=C1)CCO,0.004978159721940756
CN(C(C1N(C)C(=O)NC=1)=O)C(C1=CC=CC=C1)CCO,0.0015965482569299638
CN(C1N(C)C(CNS(CC2(C(Cl)(Cl)C2)C)(=O)=O)=CN=1)C,0.0029691694128822447
NC(C1(C2=CC=CC=C2)CCN(S(CC2C3CC(CC3)C2)(=O)=O)CC1)=O,0.006975079327821732
CC1N(C2=NC=CC=C2)N=CC=1S(N1C(C)(C)CCNCC1)(=O)=O,0.004479163372889161
O=C(C1=CC2=C(C=CC=N2)C=C1)N1CCC(C2=CNN=C2)CC1,0.004223864444065839
CCC(NS(C1=C2N(C=C(C=N2)Br)N=C1C)(=O)=O)COC,0.005705362581647932
CCC(NS(C1=CC2=C(NC(S2)=O)C=C1)(=O)=O)COC,0.0024126910779159517
CC(C(NS(C1C(C)=NOC=1)(=O)=O)CCO)C,0.002563168271444738
CC(C(NS(C1=CC2=C(NC(C(=C2)C)=O)C=C1)(=O)=O)CCO)C,0.00168261150829494
CN(S(CC1=C(Br)SC=N1)(=O)=O)C1CCC1,0.009071906190365553
CN(S(C1=C(OC2=CC=C(F)C=C2)N=CC=C1)(=O)=O)C1CCC1,0.006010016868822276
COC1=C(S(NC2CC(C)OC(C)C2)(=O)=O)C=CC=C1F,0.007094945595599711
CN(C([C@H]1N(C(C)=O)CCC1)=O)C1C(=O)NCC1,0.008607629290781914
CC1OC(C)CC(NS(C2=CC3=C(N(C(S3)=O)C)C=C2)(=O)=O)C1,0.0053549280622974035
CN(C(C1=C(C(C)(C)C)N=CN1)=O)C1C(=O)NCC1,0.0033231651526875795
CN(C(CC1=CC=C(N2C=NC=C2)C=C1)=O)C1C(=O)NCC1,0.0042505581630393864
CC1OC(C)CC(NS(N=S2(CCCC2)=O)(=O)=O)C1,0.01013976032845676
CN(C(C1=C(C)C=C(OC2=CC=CC=C2)C=C1)=O)C1C(=O)NCC1,0.007539677550084889
CN(C(C1=C2C(C=C(C=C2)O)=CC=C1)=O)C1C(=O)NCC1,0.004291847860440612
CN1N=C(C(C)(C)C)C(S(N2CC3(C4=C(C=CC=C4)CO3)CC2)(=O)=O)=C1,0.008395418617874384
O=S(N1CC2(C3=C(C=CC=C3)CO2)CC1)(CCN1N=CC=C1)=O,0.006893638800829649
COC1=C(C(N2CCN(CC(F)F)CCC2)=O)C(OC)=NC=C1,0.006094380677677691
COCC1=C(C(NC(C(O)(C)C)(C)C)=O)C=CS1,0.010683169541880488
CC(C(NC(CC1=C2N(CCCC2)N=C1)=O)(C)C)(O)C,0.012856567744165659
CC(C(NC(C1=CC2=C(C=CC=N2)C=C1)=O)(C)C)(O)C,0.009986563492566347
CC(C1=CC=NC=C1)C(NC(C(O)(C)C)(C)C)=O,0.01157688326202333
CC(C(NC(CC1=CC=C(N2C=NC=C2)C=C1)=O)(C)C)(O)C,0.006823492469266057
CN(CCN1N=CC(C(NC(C(O)(C)C)(C)C)=O)=C1)C,0.012756138667464256
CN1C(=O)NC=C1C(NC(C(O)(C)C)(C)C)=O,0.0046733531402423974
CC(C(C1(CCC1)CO)NS(C1=CC2=C(NC(S2)=O)C=C1)(=O)=O)C,0.00204050253960304
CC(C(C1(CCC1)CO)NS(C1N(C)N=C2C=1CCCC2)(=O)=O)C,0.00533402063883841
CC(C1C2(CCC2)CN1S(CC1CN(S(C)(=O)=O)CC1)(=O)=O)C,0.01150316190905869
COCC1=C(C(NCC2SC(C)=NN=2)=O)C=CS1,0.006798928254283965
CC1(C(C2=CN=CC=C2)N(S(C2=CN(C3CCCC3)N=C2)(=O)=O)C1)C,0.009244213998317718
CC1(C(C2=CN=CC=C2)N(S(C2C(C(F)(F)F)=NNC=2)(=O)=O)C1)C,0.0023906561313197018
CN1C2=C(C=C(S(N3C(C4=CN=CC=C4)C(C)(C)C3)(=O)=O)C=C2)SC1=O,0.00624245754443109
O=C1SC2=C(C=CC(S(N3C(C4CC4)C(C4CC4)C3)(=O)=O)=C2)N1,0.004524671053513884
O=S(C1NC=CN=1)(N1C(C2CC2)C(C2CC2)C1)=O,0.0038448706385679544
CN1N=C(C(C)(C)C)C(S(N2C(C3CC3)C(C3CC3)C2)(=O)=O)=C1,0.010212709847837686
O=C(C1N(CC2CCC2)N=CC=1)NC1=C(C2=CNN=C2)C=CC=C1,0.004820240044500679
CCOCN1C(C)=C(CC(C(NC2=C(C3=CNN=C3)C=CC=C2)=O)C)C(C)=N1,0.005493873252999037
CC1C(C(N2C(C3=NOC=N3)CCCCC2)=O)=NOC=1,0.009763514855876565
CCN1N=C(C2CC2)C(C(N2C(C3=NOC=N3)CCCCC2)=O)=C1,0.013158759661018848
CCN1C(C)=C(C(N2C(C3=NOC=N3)CCCCC2)=O)C=N1,0.01092863641679287
CC1C(=O)NC2=C(C=C(S(N3[C@@H]4[C@@H](COC4)CCC3)(=O)=O)C=C2)C=1,0.0029109094582963737
CCN1C(CNS(C2=CC=C(Br)C=C2)(=O)=O)=C(C)N=N1,0.004949556663632393
CCN1C(CNS(C2=CC(Br)=CC=C2)(=O)=O)=C(C)N=N1,0.004822934279218316
CCN1C(CNS(C2=C(OC)C=CC=C2)(=O)=O)=C(C)N=N1,0.004021317616570741
CCN1C(CNS(C2=C(F)C=CC=C2)(=O)=O)=C(C)N=N1,0.0032249003299511967
CCN1C(CNS(C2=CC(Cl)=C(F)C=C2)(=O)=O)=C(C)N=N1,0.0033112419419921934
CCN1C(CNS(C2=CC(C)=CC=C2)(=O)=O)=C(C)N=N1,0.004130854643881321
CCN1C(CNS(N2CCCCC2)(=O)=O)=C(C)N=N1,0.006015740393195301
CCCOC1=CC=C(S(NCC2N(CC)N=NC=2C)(=O)=O)C=C1,0.004690937185660005
CCN1C(CNS(C2=CC=C(OCCOC)C=C2)(=O)=O)=C(C)N=N1,0.003906675463076681
CCN1C(CNS(N(C(C)C)C)(=O)=O)=C(C)N=N1,0.0069906997960060835
CCOC1=C(C)C=C(S(NCC2N(CC)N=NC=2C)(=O)=O)C=C1,0.00466915350407362
O=C(C1C(=O)NCCC1)NC1(CC1)CC1=CC=CC=C1,0.009256810881197453
CC(NC(C1C(=O)NCCC1)=O)CS(C1=CC=C(C)C=C1)(=O)=O,0.005841869139112532
COC1=C(C)C(C(NC(CS(C2=CC=C(C)C=C2)(=O)=O)C)=O)=CN=C1,0.0070311472518369555
CC(NC(C1N(CC2CCC2)N=CC=1)=O)CS(C1=CC=C(C)C=C1)(=O)=O,0.0078474385663867
COC1=CC(Cl)=C(C(NC(CS(C2=CC=C(C)C=C2)(=O)=O)C)=O)C(F)=C1,0.0062328862026333805
FC1=C(C2(NC(CCC3N=NNC=3)=O)CC2)C=CC=C1,0.003449534543324262
CS(C1=CC=C(S(N2CCC(C(F)F)OCC2)(=O)=O)C=C1)(=O)=O,0.004776948655489832
CN1C(=O)N(C)C(=O)C(S(N2CCC(C(F)F)OCC2)(=O)=O)=C1,0.004651172203011811
FC(C1OCCN(S(C2=CC3=C(NC(O3)=O)C=C2)(=O)=O)CC1)F,0.0017154163972008974
COC1=C(S(N2CCC(C(F)F)OCC2)(=O)=O)C=C(C)C=C1,0.005466205812990665
FC(C1OCCN(S(C2=CC3=C(NC(CC3)=O)C=C2)(=O)=O)CC1)F,0.004073056287597865
COC1=CC=C(S(N2CCC(C(F)F)OCC2)(=O)=O)C=C1,0.005045914999209344
CC(C1=NN(C)C=N1)NC(C1N2C(CCCC2)=NC=1C(F)F)=O,0.004540870059281587
CC(C1=NN(C)C=N1)NC(C1(C2=C3C(C=CC=C3)=CC=N2)CC1)=O,0.008119758055545389
COC1=C(C)C2=C(C(=CO2)CC(NC(C2=NN(C)C=N2)C)=O)C=C1,0.007771846745163203
COC1=C(C(NC(C2=NN(C)C=N2)C)=O)N=CC=C1,0.007006305013783276
CN(C1(CCC1)CN(C(C1=NOC(CO)=C1)=O)C)C,0.006760176317766309
CN(C1(CCC1)CN(C(C1N(C)C(=O)NC=1)=O)C)C,0.005169418640434742
CN(C1(CCC1)CN(C(C1=C(C2OC=CC=2)NN=C1)=O)C)C,0.007925690803676843
CC(C1N(C)C=NN=1)CNC([C@H]1[C@@H](C(F)(F)F)CCCC1)=O,0.0037878107542667293
CC(C1N(C)C=NN=1)CNC(C1=CC=C(C2N=CNC=2)C=C1)=O,0.002831392065854743
CN(CCC1=CC=C(CNC(CC2OC(C3=CC=CC=C3)=NN=2)=O)C=C1)C,0.00754049422685057
CCC1(C(N(C(C2N(C)C(=O)NC=2)=O)C)CC1OC)CC,0.005606950493529439
ClC1=CC(C(N2CCOCC2)CNS(C2NC=CN=2)(=O)=O)=CC=C1,0.0017772003368008882
O=C(NCC1SC=C(C2CC2)N=1)CC1=CC=C(N2C=NC=C2)C=C1,0.004838533140718937
O=C(NCC1SC=C(C2CC2)N=1)CCC1=NNN=N1,0.003739569301251322
O=C(C1N2C(C=CC=C2)=CN=1)NCC1SC=C(C2CC2)N=1,0.004025290941353887
COC1=CC(Cl)=C(C(NCC2SC=C(C3CC3)N=2)=O)C(F)=C1,0.006652101688086986
CC1C(S(NCCC2C3=C(C=CC=C3)NC=2C)(=O)=O)=CON=1,0.003042625333182514
CNCC1CN(S(C2N(C)N=C3C=2CCCC3)(=O)=O)CCC1,0.0074450095184147354
CN(C1CCCC1)CCNS(C1=CC2=C(NC(S2)=O)C=C1)(=O)=O,0.0034481412963941692
CN(C1CCCC1)CCNS(C1C(C(F)(F)F)=NNC=1)(=O)=O,0.002072157431393862
CC(C1N=C(CCNS(C2NC=CN=2)(=O)=O)SC=1)(C)C,0.002145525376545265
O=C(C1=C(CC#N)C=CC=C1)NCC1C2C1CC1=C2C=CC=C1,0.007428449953658855
CCN1C(=O)CC(S(NCC2(CNCCC2)C)(=O)=O)C1,0.005003556353040039
CCC(NC(CC1=CC=C(NC(C2CCN(OC)CC2)=O)C=C1)=O)CO,0.001178301710751839
CN(S(CC1CN(S(C)(=O)=O)CC1)(=O)=O)CCN1N=CC=C1,0.007774511841125787
CN(S(CC1=C(Br)SC=N1)(=O)=O)CCN1N=CC=C1,0.006498585036024451
CN(S(C1C(C(C)(C)C)=NN(C)C=1)(=O)=O)CCN1N=CC=C1,0.00712004154920578
CC(C(C1=CC=CC=C1)N(S(C1NC=CN=1)(=O)=O)C)C,0.002808330272091553
CC(C(C1=CC=CC=C1)N(S(C1C(C)=NOC=1)(=O)=O)C)C,0.007689996948465705
CC1N(CC2CN(S(CCN3N=CC=C3)(=O)=O)CCC2)CCCC1,0.007843909924849868
CC1SC(C2=CC=CC=C2)=C(S(N2CC3(COCC3)CC2)(=O)=O)N=1,0.007875026063993573
O=S(N1CC2(COCC2)CC1)(N=S1(CCCC1)=O)=O,0.012544076284393668
CC1C(S(N2CC3(COCC3)CC2)(=O)=O)=CON=1,0.007599676516838372
CC(C1=CC=NC=C1)(CNS(C1=CN(C2CCCC2)N=C1)(=O)=O)C,0.005975640774704516
CN(C(C1=C(CC#N)C=CC=C1)=O)CC1N2C(SC(=C2)C)=NC=1C,0.004766849346196977
CCN1N=C(C2CC2)C(C(N(CC2N3C(SC(=C3)C)=NC=2C)C)=O)=C1,0.008237976301461458
CC(CN1C(C)=C(NC(C2=NN3C(N=CC=C3)=C2)=O)C=N1)C,0.006841467111371458
CC(CN1C(C)=C(NC(C2C(C)=NOC=2)=O)C=N1)C,0.008286697464063764
CC(CN1C(C)=C(NC(C2=C3C(C=CC=C3O)=CC=C2)=O)C=N1)C,0.0046836886089295145
OC1=CC2=C(OCC(C(NC3CC(=O)N(C4=C(F)C=CC=C4F)C3)=O)O2)C=C1,0.004581399029120803
FC1=C(N2C(=O)CC(NC([C@@]34CCO[C@@H]3CCC4)=O)C2)C(F)=CC=C1,0.008245237916707993
CC1OC(C)C(C(NC2CC(=O)N(C3=C(F)C=CC=C3F)C2)=O)C1,0.008298202441073954
CCNS(C1CN(C(CC2=CC=C(N3C=NC=C3)C=C2)=O)CC1)(=O)=O,0.0033516618772409857
CCNS(C1CN(C(C2OC(C)=C(CO)C=2)=O)CC1)(=O)=O,0.0022533486946485935
CN(C(C1=C(C2OCCC2)NN=C1)=O)CC1=CC(F)=C(F)C(F)=C1,0.00512869730591774
COC1=C(C(N[C@H](C(N)=O)C)=O)N=CC=C1,0.00639530576299876
COC1=CC(Cl)=C(C(N[C@H](C(N)=O)C)=O)C(F)=C1,0.005220589507371187
C[C@@H](C(N)=O)NC(C1=CN(CC2CCCC2)N=C1)=O,0.007889482565224171
CC[C@H]1N(C)CC[C@@H]1C(NC1(COCC1)CO)=O,0.005099199223332107
OCC1(NC(C2=CC=C(C3CCOCC3)C=C2)=O)COCC1,0.005144527927041054
CCN1C(CNS(C2N=CN(C(C)C)C=2)(=O)=O)=C(C)N=N1,0.004134877247270197
CCN(S(NCC1N(CC)N=NC=1C)(=O)=O)CC1=CC=CC=C1,0.007186690834350884
CCN1C(CNS(C2=C(Cl)C(C)=CC=C2)(=O)=O)=C(C)N=N1,0.0038749691215343774
CCN1C(CNS(C2=C(C)C(F)=C(OC)C=C2)(=O)=O)=C(C)N=N1,0.005166050838306546
CCN1C(CNS(C2OC(C)=CC=2)(=O)=O)=C(C)N=N1,0.0038754444103688
CCN1C(CNS(C2=CC(OC)=CC(Br)=C2)(=O)=O)=C(C)N=N1,0.004848118661902845
CC(OC1=C(CNC(C2C(C)=NOC=2)=O)C2=C(C=CC=C2)C=C1)C,0.008057384588755667
CCN1C(CNS(C2CN(C(C3CCCC3)=O)C2)(=O)=O)=C(C)N=N1,0.005578172998502851
CON1CCC(C(NCC2=C3C(C=CC=C3)=CC=C2OC(C)C)=O)CC1,0.0022956757806241513
CCN1C(CNS(C2=CC(OC)=CC=C2)(=O)=O)=C(C)N=N1,0.003810235555283725
CCN1C(CNS(NC)(=O)=O)=C(C)N=N1,0.004993675439618528
CCNC(NCC1N(CC)N=NC=1C)=O,0.0038375449483282866
CCN1C(CNS(C2N(C)N=CC=2C)(=O)=O)=C(C)N=N1,0.005499547580257058
CCN1C(CNS(CCC2=CC(Cl)=CC=C2)(=O)=O)=C(C)N=N1,0.0045736629399470985
CCN1C(CNS(C2=CC(C)=C(C(F)(F)F)C=C2)(=O)=O)=C(C)N=N1,0.0028738354914821683
FC1=CC(Cl)=C(C2OCCN(C(C3=C(C4OCCC4)NN=C3)=O)C2)C=C1,0.0045066036516800525
OCC1ON=C(C(N2CC(C3=C(Cl)C=C(F)C=C3)OCC2)=O)C=1,0.0032495400519110262
CN1C(=O)NC=C1C(N1CC(C2=C(Cl)C=C(F)C=C2)OCC1)=O,0.0023376015305984765
CC(C1=NN(C)C=N1)NC(C1(CC(=C)C1)C)=O,0.009890806814655661
CCOCN1C(C)=C(CC(C(NC(C2=NN(C)C=N2)C)=O)C)C(C)=N1,0.009259257512167097
CC(C1=NN(C)C=N1)NC(C1=CN(CC2CC2)N=C1)=O,0.008452377747744322
CC1C(C(NCC2=C(C)C=C(C(F)(F)F)C=C2)=O)=NOC=1,0.00507529218448326
CC1=C(CNC(CCC2=NNN=N2)=O)C=CC(C(F)(F)F)=C1,0.0017709510342683644
COCCC1=C(NC(C2=NC=NC(N3CCOCC3)=C2)=O)C=CC=C1,0.004926251829601824
FC1(C#N)CN(C(C2(C3=C4C(C=CC=C4)=CC=N3)CC2)=O)CC1,0.0041554645717496895
CC1C(C(N2CC(C#N)(F)CC2)=O)=NN(C2CCOCC2)C=1,0.0041918252896095964
FC1(C#N)CN(C(C2(C3=NC=CC=C3)CC2)=O)CC1,0.004457954063256863
COC1=C(NC(C2C(C)=CN(C3CCOCC3)N=2)=O)C=C(OC)C(OC)=C1,0.008231007237918675
COC1=C(C)C(C(NC2=C(OC)C=C(OC)C(OC)=C2)=O)=CN=C1,0.00857052211649716
COC1=C(NC(C2N(C)C(=O)NC=2)=O)C=C(OC)C(OC)=C1,0.0033577791880816223
COC1=C(NC(C2=NC=NC(N3CCOCC3)=C2)=O)C=C(OC)C(OC)=C1,0.006631676480174065
CCOCN1C(C)=C(CC(NC2=C(OC)C=C(OC)C(OC)=C2)=O)C(C)=N1,0.007824836857616901
CC(C(N1C(C)CCCC1)=O)NS(C1C(C(C)(C)C)=NN(C)C=1)(=O)=O,0.005762656568549573
CC(C1CCN(S(C2N(C)N=C3C=2CCCC3)(=O)=O)CC1)N,0.009395288955420255
CN1C(=O)NC=C1C(NCC1C2C1CC1=C2C=CC=C1)=O,0.0037941977148875593
CCOCN1C(C)=C(CC(NCC2C3C2CC2=C3C=CC=C2)=O)C(C)=N1,0.01022828002460301
COC1=C(C(NCC2C3C2CC2=C3C=CC=C2)=O)N=CC=C1,0.01019716807641089
O=C(C1=C(CC#N)C=CC=C1)N1CC2C(OCCC2)CC1,0.00679015607402107
CN1C(S(NC2(CCOCC2)CN)(=O)=O)=C2C(CCCC2)=N1,0.009024967020377517
CN(CC1=CC=C(S(N2CC3C4NCC(C3C2)CC4)(=O)=O)C=C1)C,0.006374857830815017
BrC1=C(CS(NCCN2C(=O)CCC2=O)(=O)=O)N=CS1,0.0019768623053096233
CC1C(C(NCC2N=C(C3=C(C)C=CC=C3)ON=2)=O)=NN(C2CCOCC2)C=1,0.008634933456778526
CC1=C(C2ON=C(CNC(C3=C(C(C)(C)C)N=CN3)=O)N=2)C=CC=C1,0.003912298916839063
CC1=C(C2ON=C(CNC(C3(CC(=C)C3)C)=O)N=2)C=CC=C1,0.010650600586086512
CC(OC1=CC=CC=C1)CNS(C1N(C)N=C2C=1CCCC2)(=O)=O,0.008348094299435616
CC(N1C(=O)C(NS(C2=CC3=C(NC(S3)=O)C=C2)(=O)=O)CC1)C,0.0022671399638056755
CN1C(S(NC(C2=CC=CC=C2)C2CCOCC2)(=O)=O)=C2C(CCCC2)=N1,0.008453086926601827
COC1CCC(N(S(C2=CC(C#N)=CC(F)=C2)(=O)=O)C)CC1,0.006528242793865502
COC1CCC(N(S(C2N(C)N=C3C=2CCCC3)(=O)=O)C)CC1,0.01499844710342586
COC1CCC(N(S(C2C(C)=NOC=2)(=O)=O)C)CC1,0.00858600353822112
CC1(N(S(C2=CN(C3=CC=CC=C3)N=C2)(=O)=O)CCNCC1)C,0.004795356094837189
CC1(N(S(C2=CN(CC3=CC=CC=C3)N=C2)(=O)=O)CCNCC1)C,0.005041667330078781
CC1(N(S(C2=C3C(OCCO3)=CC=C2)(=O)=O)CCNCC1)C,0.0060497028287500145
COC1=C(C)C=C(S(N2C(C)(C)CCNCC2)(=O)=O)C(C)=C1,0.0066152291372418405
COC(C1=CC=CC=C1)CNS(C1N(C)N=C2C=1CCCC2)(=O)=O,0.00927082784473896
FC(COCC1=CC(CNC(C2=CN(CC3CC3)N=C2)=O)=CC=C1)(F)F,0.005573537654709071
CC1C(CNS(CC2=C(Br)SC=N2)(=O)=O)=C(C)N(C)N=1,0.0057948697591200474
CC1C(CNS(C2C(C(C)(C)C)=NN(C)C=2)(=O)=O)=C(C)N(C)N=1,0.006370192230679095
CCN1N=C(C2CC2)C(C(NCC2=CC(COCC(F)(F)F)=CC=C2)=O)=C1,0.005599528283346445
FC(COCC1=CC(CNC(C2(C3=NC=CC=C3)CC2)=O)=CC=C1)(F)F,0.0054050508420914415
CC1C(C(NCC2=CC(COCC(F)(F)F)=CC=C2)=O)=CON=1,0.004730783886043355
CCC1N=C(N2CCN(S(C3=CN(C4CCCC4)N=C3)(=O)=O)CC2)SN=1,0.005975580564700067
CC1(OCCC(NC(C2N3C(C=CC=C3)=CN=2)=O)C1)C,0.004622246546205133
CC1(OCCC(NC(C2=CC3=C(C=CC=N3)C=C2)=O)C1)C,0.008341795904561878
COC1=C(COC2CCN(S(C3C(C)=NOC=3)(=O)=O)CC2)C=CC=C1,0.006443672999739647
CC1C(C2N(C(C3=C(C)N=C(C4COCC4)S3)=O)CCC2)=C(C)NN=1,0.005816911486908794
CC1C(C2N(C(C3=CN(CC4CCCC4)N=C3)=O)CCC2)=C(C)NN=1,0.009440253768116236
CC(C(N1C(C2=C(C)NN=C2C)CCC1)=O)OCC1=CC(C)=CC=C1,0.007679136539809406
CC1CC2N(C=C(C(N3C(C4=C(C)NN=C4C)CCC3)=O)N=2)CC1,0.005120335076935589
CN(CCN1N=CC(C(N2C(C3=C(C)NN=C3C)CCC2)=O)=C1)C,0.007220484828576445
CC1C(C2N(C(C3N(C)C(=O)NC=3)=O)CCC2)=C(C)NN=1,0.00330815848428756
CC1=CC(C2CCN(S(C3NC=CN=3)(=O)=O)CC=2)=CC(C)=C1,0.0032100456999614837
CCN1N=C(C2CC2)C(C(N2C(C3=C(C)NN=C3C)CCC2)=O)=C1,0.008023774460889399
BrC1=C(CS(N2CC3(CCCC3)COCC2)(=O)=O)N=CS1,0.010374514246359467
O=S(N1CC2(CCCC2)COCC1)(CCN1N=CC=C1)=O,0.009480977850034832
FC1=CC(S(N2CC3(CCCC3)COCC2)(=O)=O)=CC(C#N)=C1,0.006956829712726176
CN1C2=C(C=C(S(N3CC4(CCCC4)COCC3)(=O)=O)C=C2)SC1=O,0.007673688139766455
CC1OCCCN(CCCNS(C2N(C)N=C3C=2CCCC3)(=O)=O)C1,0.009115533716976643
CC1CS(=O)(=O)CCN(S(CCCN(C)C)(=O)=O)C1,0.007257007993757725
CCC1=C(OC)C=C(C)C(S(N2CC(C)CS(=O)(=O)CC2)(=O)=O)=C1,0.007131924899294972
CC1CS(=O)(=O)CCN(S(C2=CC(C#N)=CC(F)=C2)(=O)=O)C1,0.0045747232274152335
CC(CC1OCCC(NC(C2=C(C3OCCC3)NN=C2)=O)C1)C,0.008814536593854427
CC(CC1OCCC(NC(C2=CN(CC3CC3)N=C2)=O)C1)C,0.013620566530153155
CC1=C(CNS(C2C(C(C)(C)C)=NN(C)C=2)(=O)=O)SN=N1,0.005064859217964113
CN1C(S(NC2CN(C3=C(F)C=CC=C3)CC2)(=O)=O)=C2C(CCCC2)=N1,0.00615762029774487
CC(N(C1CC1)CC1=CC=C(NC([C@H]2[C@H](C3CCOCC3)C2)=O)C=C1)=O,0.009764904098119587
COCC1=C(C(NC2=CC=C(CN(C(C)=O)C3CC3)C=C2)=O)C=CS1,0.007255035359412432
CC(N(C1CC1)CC1=CC=C(NC(C2N3C(CCCC3)=CN=2)=O)C=C1)=O,0.005979936337098479
COC1=C(S(N2CC=CC2)(=O)=O)C=C(S(C)(=O)=O)C=C1,0.0067909191828221084
ClC1=CC(C2OCCN(C(C3=C(C4OCCC4)NN=C3)=O)C2)=CC=C1,0.005530124995857477
OCC1ON=C(C(N2CC(C3=CC(Cl)=CC=C3)OCC2)=O)C=1,0.0036514613078907133
O=S(N1C[C@@H]2[C@@H](OCC2)CC1)(CCN1N=CC=C1)=O,0.0053024481050670145
CN1C(S(N2C[C@@H]3[C@@H](OCC3)CC2)(=O)=O)=C2C(CCCC2)=N1,0.008582475432194769
O=C1SC2=C(C=CC(S(N3C[C@@H]4[C@@H](OCC4)CC3)(=O)=O)=C2)N1,0.002379781159106642
O=S(C1NC=CN=1)(N1C[C@@H]2[C@@H](OCC2)CC1)=O,0.0018429108953569085
FC(C1=CC=C(C2CN(C(C3=C(C4OCCC4)NN=C3)=O)CC2)C=C1)(F)F,0.004744390200357884
OCC1ON=C(C(N2CC(C3=CC=C(C(F)(F)F)C=C3)CC2)=O)C=1,0.003181131009478122
CC1CN(C(CC2OC(C3=CC=CC=C3)=NN=2)=O)CCCC1,0.008786369673907756
CC1CN(C(C2N(C)C(=O)NC=2)=O)CCCC1,0.0035975238890387116
CC1CN(C(C2=NC=NC(N3CCOCC3)=C2)=O)CCCC1,0.008199234306812287
CCOCN1C(C)=C(CC(NCC2N(C)C3=C(C=C(C=C3)Cl)N=2)=O)C(C)=N1,0.00524098394671455
CC1=C(CO)C=C(C(NCC2N(C)C3=C(C=C(C=C3)Cl)N=2)=O)O1,0.0024648572551086547
