Command line
python /home/felixjwong/miniconda3/envs/chemprop/bin/chemprop_train --data_path ./hdpc.csv --dataset_type classification --config_path ./hyperparameters.json --save_dir ./hdpc/4 --ensemble_size 1 --seed 4 --features_generator rdkit_2d_normalized --no_features_scaling
Args
{'activation': 'ReLU',
 'aggregation': 'mean',
 'aggregation_norm': 100,
 'atom_descriptor_scaling': True,
 'atom_descriptors': None,
 'atom_descriptors_path': None,
 'atom_descriptors_size': 0,
 'atom_features_size': 0,
 'atom_messages': False,
 'batch_size': 50,
 'bias': False,
 'bond_feature_scaling': True,
 'bond_features_path': None,
 'bond_features_size': 0,
 'cache_cutoff': 10000,
 'checkpoint_dir': None,
 'checkpoint_path': None,
 'checkpoint_paths': None,
 'class_balance': False,
 'config_path': './hyperparameters.json',
 'crossval_index_dir': None,
 'crossval_index_file': None,
 'crossval_index_sets': None,
 'cuda': False,
 'data_path': './hdpc.csv',
 'dataset_type': 'classification',
 'depth': 5,
 'device': device(type='cpu'),
 'dropout': 0.35,
 'ensemble_size': 1,
 'epochs': 30,
 'extra_metrics': [],
 'features_generator': ['rdkit_2d_normalized'],
 'features_only': False,
 'features_path': None,
 'features_scaling': False,
 'features_size': None,
 'ffn_hidden_size': 1600,
 'ffn_num_layers': 3,
 'final_lr': 0.0001,
 'folds_file': None,
 'gpu': None,
 'grad_clip': None,
 'hidden_size': 1600,
 'ignore_columns': None,
 'init_lr': 0.0001,
 'log_frequency': 10,
 'max_data_size': None,
 'max_lr': 0.001,
 'metric': 'auc',
 'metrics': ['auc'],
 'minimize_score': False,
 'mpn_shared': False,
 'multiclass_num_classes': 3,
 'no_atom_descriptor_scaling': False,
 'no_bond_features_scaling': False,
 'no_cache_mol': False,
 'no_cuda': False,
 'no_features_scaling': True,
 'num_folds': 1,
 'num_lrs': 1,
 'num_tasks': 1,
 'num_workers': 8,
 'number_of_molecules': 1,
 'overwrite_default_atom_features': False,
 'overwrite_default_bond_features': False,
 'pytorch_seed': 0,
 'quiet': False,
 'save_dir': './hdpc/4',
 'save_preds': False,
 'save_smiles_splits': False,
 'seed': 4,
 'separate_test_atom_descriptors_path': None,
 'separate_test_bond_features_path': None,
 'separate_test_features_path': None,
 'separate_test_path': None,
 'separate_val_atom_descriptors_path': None,
 'separate_val_bond_features_path': None,
 'separate_val_features_path': None,
 'separate_val_path': None,
 'show_individual_scores': False,
 'smiles_columns': ['\ufeffSMILES'],
 'split_sizes': (0.8, 0.1, 0.1),
 'split_type': 'random',
 'target_columns': None,
 'task_names': ['HIT'],
 'test': False,
 'test_fold_index': None,
 'train_data_size': None,
 'undirected': False,
 'use_input_features': True,
 'val_fold_index': None,
 'warmup_epochs': 2.0}
Loading data
Number of tasks = 1
Fold 0
Splitting data with seed 4
Class sizes
HIT 0: 99.12%, 1: 0.88%
Total size = 50,000 | train size = 40,000 | val size = 5,000 | test size = 5,000
Building model 0
MoleculeModel(
  (sigmoid): Sigmoid()
  (encoder): MPN(
    (encoder): ModuleList(
      (0): MPNEncoder(
        (dropout_layer): Dropout(p=0.35, inplace=False)
        (act_func): ReLU()
        (W_i): Linear(in_features=147, out_features=1600, bias=False)
        (W_h): Linear(in_features=1600, out_features=1600, bias=False)
        (W_o): Linear(in_features=1733, out_features=1600, bias=True)
      )
    )
  )
  (ffn): Sequential(
    (0): Dropout(p=0.35, inplace=False)
    (1): Linear(in_features=1800, out_features=1600, bias=True)
    (2): ReLU()
    (3): Dropout(p=0.35, inplace=False)
    (4): Linear(in_features=1600, out_features=1600, bias=True)
    (5): ReLU()
    (6): Dropout(p=0.35, inplace=False)
    (7): Linear(in_features=1600, out_features=1, bias=True)
  )
)
Number of parameters = 11,014,401
Epoch 0
Loss = 1.4464e-01, PNorm = 82.6438, GNorm = 0.0000, lr_0 = 1.0619e-04
Loss = 8.1225e-02, PNorm = 82.6485, GNorm = 0.0053, lr_0 = 1.1181e-04
Loss = 7.2727e-02, PNorm = 82.6495, GNorm = 0.1370, lr_0 = 1.1744e-04
Loss = 3.3792e-02, PNorm = 82.6550, GNorm = 0.1574, lr_0 = 1.2306e-04
Loss = 6.9523e-02, PNorm = 82.6617, GNorm = 0.4616, lr_0 = 1.2869e-04
Loss = 5.8877e-02, PNorm = 82.6653, GNorm = 0.1677, lr_0 = 1.3431e-04
Loss = 7.2341e-02, PNorm = 82.6742, GNorm = 0.7419, lr_0 = 1.3994e-04
Loss = 6.0777e-02, PNorm = 82.6841, GNorm = 0.7278, lr_0 = 1.4556e-04
Loss = 5.4212e-02, PNorm = 82.6923, GNorm = 0.4528, lr_0 = 1.5119e-04
Loss = 3.0189e-02, PNorm = 82.7031, GNorm = 0.1060, lr_0 = 1.5681e-04
Loss = 9.0682e-02, PNorm = 82.7100, GNorm = 0.1753, lr_0 = 1.6244e-04
Loss = 5.7680e-02, PNorm = 82.7236, GNorm = 0.3574, lr_0 = 1.6806e-04
Loss = 6.3945e-02, PNorm = 82.7358, GNorm = 0.4082, lr_0 = 1.7369e-04
Loss = 3.8977e-02, PNorm = 82.7486, GNorm = 0.0727, lr_0 = 1.7931e-04
Loss = 3.6667e-02, PNorm = 82.7590, GNorm = 0.0857, lr_0 = 1.8494e-04
Loss = 6.9038e-02, PNorm = 82.7671, GNorm = 0.4192, lr_0 = 1.9056e-04
Loss = 4.5838e-02, PNorm = 82.7797, GNorm = 0.1738, lr_0 = 1.9619e-04
Loss = 3.5191e-02, PNorm = 82.7991, GNorm = 0.0176, lr_0 = 2.0181e-04
Loss = 6.9983e-02, PNorm = 82.8024, GNorm = 0.1758, lr_0 = 2.0744e-04
Loss = 4.8146e-02, PNorm = 82.8196, GNorm = 0.0808, lr_0 = 2.1306e-04
Loss = 9.4847e-02, PNorm = 82.8268, GNorm = 0.3111, lr_0 = 2.1869e-04
Loss = 3.0138e-02, PNorm = 82.8487, GNorm = 0.0480, lr_0 = 2.2431e-04
Loss = 5.8321e-02, PNorm = 82.8580, GNorm = 0.1033, lr_0 = 2.2994e-04
Loss = 3.8756e-02, PNorm = 82.8730, GNorm = 0.4486, lr_0 = 2.3556e-04
Loss = 4.0586e-02, PNorm = 82.8813, GNorm = 0.4614, lr_0 = 2.4119e-04
Loss = 2.5151e-02, PNorm = 82.8887, GNorm = 0.0693, lr_0 = 2.4681e-04
Loss = 8.2587e-02, PNorm = 82.8937, GNorm = 0.3870, lr_0 = 2.5244e-04
Loss = 5.5093e-02, PNorm = 82.9127, GNorm = 0.1208, lr_0 = 2.5806e-04
Loss = 3.3564e-02, PNorm = 82.9335, GNorm = 0.0097, lr_0 = 2.6369e-04
Loss = 9.8524e-02, PNorm = 82.9327, GNorm = 0.7023, lr_0 = 2.6931e-04
Loss = 4.1355e-02, PNorm = 82.9553, GNorm = 0.3842, lr_0 = 2.7494e-04
Loss = 4.7468e-02, PNorm = 82.9700, GNorm = 0.0493, lr_0 = 2.8056e-04
Loss = 2.5328e-02, PNorm = 82.9801, GNorm = 0.0434, lr_0 = 2.8619e-04
Loss = 5.8978e-02, PNorm = 82.9842, GNorm = 0.3798, lr_0 = 2.9181e-04
Loss = 5.0325e-02, PNorm = 82.9965, GNorm = 0.1532, lr_0 = 2.9744e-04
Loss = 7.7939e-02, PNorm = 83.0126, GNorm = 0.1193, lr_0 = 3.0306e-04
Loss = 7.8994e-02, PNorm = 83.0269, GNorm = 0.2619, lr_0 = 3.0869e-04
Loss = 4.4852e-02, PNorm = 83.0515, GNorm = 0.0848, lr_0 = 3.1431e-04
Loss = 5.4177e-02, PNorm = 83.0686, GNorm = 0.0444, lr_0 = 3.1994e-04
Loss = 4.8441e-02, PNorm = 83.0748, GNorm = 0.1250, lr_0 = 3.2556e-04
Loss = 4.1812e-02, PNorm = 83.0906, GNorm = 0.1022, lr_0 = 3.3119e-04
Loss = 5.0738e-02, PNorm = 83.1038, GNorm = 0.0508, lr_0 = 3.3681e-04
Loss = 5.6276e-02, PNorm = 83.1100, GNorm = 0.1586, lr_0 = 3.4244e-04
Loss = 6.9897e-03, PNorm = 83.1343, GNorm = 0.0150, lr_0 = 3.4806e-04
Loss = 7.2817e-02, PNorm = 83.1358, GNorm = 0.5019, lr_0 = 3.5369e-04
Loss = 3.3327e-02, PNorm = 83.1505, GNorm = 0.1060, lr_0 = 3.5931e-04
Loss = 7.0776e-02, PNorm = 83.1640, GNorm = 0.0554, lr_0 = 3.6494e-04
Loss = 7.8603e-02, PNorm = 83.1769, GNorm = 0.3352, lr_0 = 3.7056e-04
Loss = 2.1694e-02, PNorm = 83.2055, GNorm = 0.0390, lr_0 = 3.7619e-04
Loss = 9.1706e-02, PNorm = 83.2099, GNorm = 0.1890, lr_0 = 3.8181e-04
Loss = 2.9665e-02, PNorm = 83.2363, GNorm = 0.3715, lr_0 = 3.8744e-04
Loss = 5.8462e-02, PNorm = 83.2435, GNorm = 0.6716, lr_0 = 3.9306e-04
Loss = 4.5312e-02, PNorm = 83.2506, GNorm = 0.1990, lr_0 = 3.9869e-04
Loss = 5.5960e-02, PNorm = 83.2718, GNorm = 0.5206, lr_0 = 4.0431e-04
Loss = 6.4543e-02, PNorm = 83.2780, GNorm = 0.4659, lr_0 = 4.0994e-04
Loss = 2.0523e-02, PNorm = 83.3009, GNorm = 0.0520, lr_0 = 4.1556e-04
Loss = 5.1768e-02, PNorm = 83.3111, GNorm = 0.0781, lr_0 = 4.2119e-04
Loss = 8.8048e-02, PNorm = 83.3182, GNorm = 0.2946, lr_0 = 4.2681e-04
Loss = 7.9097e-02, PNorm = 83.3423, GNorm = 0.3427, lr_0 = 4.3244e-04
Loss = 2.8792e-02, PNorm = 83.3668, GNorm = 0.4426, lr_0 = 4.3806e-04
Loss = 2.7717e-02, PNorm = 83.3812, GNorm = 0.3351, lr_0 = 4.4369e-04
Loss = 4.0383e-02, PNorm = 83.3875, GNorm = 0.0860, lr_0 = 4.4931e-04
Loss = 6.3766e-02, PNorm = 83.3985, GNorm = 0.2377, lr_0 = 4.5494e-04
Loss = 6.0193e-02, PNorm = 83.4211, GNorm = 0.1216, lr_0 = 4.6056e-04
Loss = 5.2269e-02, PNorm = 83.4428, GNorm = 0.3016, lr_0 = 4.6619e-04
Loss = 6.0081e-02, PNorm = 83.4632, GNorm = 0.2867, lr_0 = 4.7181e-04
Loss = 6.1637e-02, PNorm = 83.4857, GNorm = 0.1876, lr_0 = 4.7744e-04
Loss = 6.8251e-02, PNorm = 83.5170, GNorm = 0.1115, lr_0 = 4.8306e-04
Loss = 7.4810e-02, PNorm = 83.5451, GNorm = 0.2230, lr_0 = 4.8869e-04
Loss = 4.0813e-02, PNorm = 83.5827, GNorm = 0.0701, lr_0 = 4.9431e-04
Loss = 6.0618e-02, PNorm = 83.5986, GNorm = 0.1403, lr_0 = 4.9994e-04
Loss = 2.8851e-02, PNorm = 83.6241, GNorm = 0.0695, lr_0 = 5.0556e-04
Loss = 1.0713e-01, PNorm = 83.6323, GNorm = 0.6603, lr_0 = 5.1119e-04
Loss = 5.7028e-02, PNorm = 83.6663, GNorm = 0.4256, lr_0 = 5.1681e-04
Loss = 7.2058e-02, PNorm = 83.6799, GNorm = 0.2891, lr_0 = 5.2244e-04
Loss = 4.5785e-02, PNorm = 83.7016, GNorm = 0.1377, lr_0 = 5.2806e-04
Loss = 1.9118e-02, PNorm = 83.7260, GNorm = 0.0242, lr_0 = 5.3369e-04
Loss = 8.9261e-02, PNorm = 83.7286, GNorm = 0.2761, lr_0 = 5.3931e-04
Loss = 3.9363e-02, PNorm = 83.7564, GNorm = 0.0904, lr_0 = 5.4494e-04
Loss = 1.0373e-01, PNorm = 83.7672, GNorm = 0.2543, lr_0 = 5.5056e-04
Validation auc = 0.496586
Epoch 1
Loss = 5.1852e-02, PNorm = 83.7962, GNorm = 0.1545, lr_0 = 5.5619e-04
Loss = 7.8905e-02, PNorm = 83.8176, GNorm = 0.8195, lr_0 = 5.6181e-04
Loss = 2.5711e-02, PNorm = 83.8300, GNorm = 0.2385, lr_0 = 5.6744e-04
Loss = 7.1032e-02, PNorm = 83.8424, GNorm = 0.3404, lr_0 = 5.7306e-04
Loss = 2.4672e-02, PNorm = 83.8658, GNorm = 0.0689, lr_0 = 5.7869e-04
Loss = 5.7714e-02, PNorm = 83.8793, GNorm = 0.3410, lr_0 = 5.8431e-04
Loss = 3.2003e-02, PNorm = 83.8998, GNorm = 0.3908, lr_0 = 5.8994e-04
Loss = 5.8093e-02, PNorm = 83.9159, GNorm = 0.1277, lr_0 = 5.9556e-04
Loss = 5.2425e-02, PNorm = 83.9431, GNorm = 0.1861, lr_0 = 6.0119e-04
Loss = 6.9666e-02, PNorm = 83.9670, GNorm = 0.1552, lr_0 = 6.0681e-04
Loss = 4.9782e-02, PNorm = 83.9939, GNorm = 0.0880, lr_0 = 6.1244e-04
Loss = 9.3584e-02, PNorm = 84.0030, GNorm = 0.4081, lr_0 = 6.1806e-04
Loss = 3.8581e-02, PNorm = 84.0454, GNorm = 0.5828, lr_0 = 6.2369e-04
Loss = 5.5093e-02, PNorm = 84.0636, GNorm = 0.0241, lr_0 = 6.2931e-04
Loss = 5.6554e-02, PNorm = 84.0664, GNorm = 0.2517, lr_0 = 6.3494e-04
Loss = 5.0489e-02, PNorm = 84.0905, GNorm = 0.3802, lr_0 = 6.4056e-04
Loss = 3.0117e-02, PNorm = 84.1145, GNorm = 0.0499, lr_0 = 6.4619e-04
Loss = 5.6056e-02, PNorm = 84.1194, GNorm = 0.1609, lr_0 = 6.5181e-04
Loss = 6.5694e-02, PNorm = 84.1342, GNorm = 0.3578, lr_0 = 6.5744e-04
Loss = 5.4320e-02, PNorm = 84.1587, GNorm = 0.1525, lr_0 = 6.6306e-04
Loss = 6.0647e-02, PNorm = 84.1783, GNorm = 0.0962, lr_0 = 6.6869e-04
Loss = 5.5965e-02, PNorm = 84.1932, GNorm = 0.1747, lr_0 = 6.7431e-04
Loss = 8.5732e-02, PNorm = 84.2161, GNorm = 0.2923, lr_0 = 6.7994e-04
Loss = 4.4608e-02, PNorm = 84.2577, GNorm = 0.0655, lr_0 = 6.8556e-04
Loss = 7.7024e-02, PNorm = 84.2692, GNorm = 0.0871, lr_0 = 6.9119e-04
Loss = 2.0394e-02, PNorm = 84.2950, GNorm = 0.1315, lr_0 = 6.9681e-04
Loss = 4.2764e-02, PNorm = 84.3244, GNorm = 0.4325, lr_0 = 7.0244e-04
Loss = 6.3557e-02, PNorm = 84.3276, GNorm = 0.3867, lr_0 = 7.0806e-04
Loss = 3.0254e-02, PNorm = 84.3551, GNorm = 0.1095, lr_0 = 7.1369e-04
Loss = 4.1850e-02, PNorm = 84.3698, GNorm = 0.0658, lr_0 = 7.1931e-04
Loss = 7.4202e-02, PNorm = 84.3715, GNorm = 0.2254, lr_0 = 7.2494e-04
Loss = 8.7904e-02, PNorm = 84.3912, GNorm = 0.9392, lr_0 = 7.3056e-04
Loss = 3.1134e-02, PNorm = 84.4121, GNorm = 0.1058, lr_0 = 7.3619e-04
Loss = 5.4202e-02, PNorm = 84.4298, GNorm = 0.6252, lr_0 = 7.4181e-04
Loss = 4.8718e-02, PNorm = 84.4431, GNorm = 0.3192, lr_0 = 7.4744e-04
Loss = 1.0011e-01, PNorm = 84.4599, GNorm = 0.3480, lr_0 = 7.5306e-04
Loss = 6.5851e-02, PNorm = 84.4951, GNorm = 0.2492, lr_0 = 7.5869e-04
Loss = 6.6373e-02, PNorm = 84.5182, GNorm = 0.2153, lr_0 = 7.6431e-04
Loss = 7.9198e-02, PNorm = 84.5449, GNorm = 0.0973, lr_0 = 7.6994e-04
Loss = 8.6499e-02, PNorm = 84.5644, GNorm = 0.4444, lr_0 = 7.7556e-04
Loss = 3.5905e-02, PNorm = 84.6293, GNorm = 0.8020, lr_0 = 7.8119e-04
Loss = 5.9051e-02, PNorm = 84.6378, GNorm = 0.1018, lr_0 = 7.8681e-04
Loss = 1.9786e-02, PNorm = 84.6719, GNorm = 0.5017, lr_0 = 7.9244e-04
Loss = 2.5273e-02, PNorm = 84.7002, GNorm = 0.0928, lr_0 = 7.9806e-04
Loss = 4.2169e-02, PNorm = 84.7280, GNorm = 0.0884, lr_0 = 8.0369e-04
Loss = 3.4878e-02, PNorm = 84.7538, GNorm = 0.0984, lr_0 = 8.0931e-04
Loss = 4.1318e-02, PNorm = 84.7881, GNorm = 0.7015, lr_0 = 8.1494e-04
Loss = 5.4998e-02, PNorm = 84.8087, GNorm = 0.2546, lr_0 = 8.2056e-04
Loss = 4.0063e-02, PNorm = 84.8503, GNorm = 0.0899, lr_0 = 8.2619e-04
Loss = 7.1730e-02, PNorm = 84.8711, GNorm = 0.2935, lr_0 = 8.3181e-04
Loss = 5.6673e-02, PNorm = 84.9093, GNorm = 0.0891, lr_0 = 8.3744e-04
Loss = 6.2755e-02, PNorm = 84.9386, GNorm = 0.4723, lr_0 = 8.4306e-04
Loss = 3.4311e-02, PNorm = 84.9842, GNorm = 0.1190, lr_0 = 8.4869e-04
Loss = 5.3665e-02, PNorm = 85.0254, GNorm = 0.1231, lr_0 = 8.5431e-04
Loss = 5.1603e-02, PNorm = 85.0755, GNorm = 0.1687, lr_0 = 8.5994e-04
Loss = 8.1801e-02, PNorm = 85.1262, GNorm = 0.5178, lr_0 = 8.6556e-04
Loss = 5.7866e-02, PNorm = 85.2232, GNorm = 0.4680, lr_0 = 8.7119e-04
Loss = 4.7910e-02, PNorm = 85.2783, GNorm = 0.1761, lr_0 = 8.7681e-04
Loss = 5.5348e-02, PNorm = 85.3218, GNorm = 0.2210, lr_0 = 8.8244e-04
Loss = 5.7819e-02, PNorm = 85.3596, GNorm = 0.4418, lr_0 = 8.8806e-04
Loss = 9.0953e-02, PNorm = 85.3877, GNorm = 0.5697, lr_0 = 8.9369e-04
Loss = 3.3862e-02, PNorm = 85.4666, GNorm = 0.0633, lr_0 = 8.9931e-04
Loss = 5.7441e-02, PNorm = 85.4944, GNorm = 0.0848, lr_0 = 9.0494e-04
Loss = 5.7486e-02, PNorm = 85.5086, GNorm = 0.3306, lr_0 = 9.1056e-04
Loss = 5.0798e-02, PNorm = 85.5630, GNorm = 0.1477, lr_0 = 9.1619e-04
Loss = 4.0426e-02, PNorm = 85.6070, GNorm = 0.5263, lr_0 = 9.2181e-04
Loss = 2.9957e-02, PNorm = 85.6480, GNorm = 0.1229, lr_0 = 9.2744e-04
Loss = 5.2377e-02, PNorm = 85.7159, GNorm = 0.2097, lr_0 = 9.3306e-04
Loss = 3.8265e-02, PNorm = 85.8066, GNorm = 0.4914, lr_0 = 9.3869e-04
Loss = 4.3936e-02, PNorm = 85.8899, GNorm = 0.1941, lr_0 = 9.4431e-04
Loss = 5.2927e-02, PNorm = 85.9640, GNorm = 0.8156, lr_0 = 9.4994e-04
Loss = 9.3673e-02, PNorm = 86.0111, GNorm = 0.5886, lr_0 = 9.5556e-04
Loss = 3.7754e-02, PNorm = 86.1007, GNorm = 0.0574, lr_0 = 9.6119e-04
Loss = 2.0701e-01, PNorm = 86.6432, GNorm = 0.1827, lr_0 = 9.6681e-04
Loss = 4.2538e-02, PNorm = 87.2537, GNorm = 0.1694, lr_0 = 9.7244e-04
Loss = 1.4873e-01, PNorm = 87.6083, GNorm = 0.4358, lr_0 = 9.7806e-04
Loss = 8.2867e-02, PNorm = 87.8219, GNorm = 0.2760, lr_0 = 9.8369e-04
Loss = 7.9825e-02, PNorm = 87.9403, GNorm = 1.0028, lr_0 = 9.8931e-04
Loss = 3.5283e-02, PNorm = 88.0161, GNorm = 0.1653, lr_0 = 9.9494e-04
Loss = 5.6947e-02, PNorm = 88.0562, GNorm = 0.5055, lr_0 = 9.9990e-04
Validation auc = 0.499513
Epoch 2
Loss = 5.0791e-02, PNorm = 88.0816, GNorm = 0.3127, lr_0 = 9.9887e-04
Loss = 8.3152e-02, PNorm = 88.1001, GNorm = 0.3726, lr_0 = 9.9784e-04
Loss = 2.8845e-02, PNorm = 88.1421, GNorm = 0.7786, lr_0 = 9.9682e-04
Loss = 5.9965e-02, PNorm = 88.1481, GNorm = 0.3695, lr_0 = 9.9579e-04
Loss = 4.2052e-02, PNorm = 88.1673, GNorm = 0.2325, lr_0 = 9.9477e-04
Loss = 7.6946e-02, PNorm = 88.1876, GNorm = 0.5448, lr_0 = 9.9375e-04
Loss = 6.0277e-02, PNorm = 88.2147, GNorm = 0.2452, lr_0 = 9.9273e-04
Loss = 6.4923e-02, PNorm = 88.2473, GNorm = 0.2946, lr_0 = 9.9171e-04
Loss = 5.6279e-02, PNorm = 88.2873, GNorm = 0.8498, lr_0 = 9.9069e-04
Loss = 4.4185e-02, PNorm = 88.2965, GNorm = 0.2436, lr_0 = 9.8967e-04
Loss = 9.6008e-02, PNorm = 88.3182, GNorm = 0.4289, lr_0 = 9.8865e-04
Loss = 3.4857e-02, PNorm = 88.3749, GNorm = 0.0731, lr_0 = 9.8764e-04
Loss = 3.1647e-02, PNorm = 88.4051, GNorm = 0.0562, lr_0 = 9.8662e-04
Loss = 6.7580e-02, PNorm = 88.4060, GNorm = 0.3810, lr_0 = 9.8561e-04
Loss = 4.7724e-02, PNorm = 88.4369, GNorm = 0.1413, lr_0 = 9.8460e-04
Loss = 1.0650e-01, PNorm = 88.4501, GNorm = 0.6997, lr_0 = 9.8359e-04
Loss = 4.1939e-02, PNorm = 88.4931, GNorm = 0.1845, lr_0 = 9.8258e-04
Loss = 4.0185e-02, PNorm = 88.5487, GNorm = 1.0694, lr_0 = 9.8157e-04
Loss = 8.4802e-02, PNorm = 88.5287, GNorm = 0.2814, lr_0 = 9.8056e-04
Loss = 2.9254e-02, PNorm = 88.5544, GNorm = 0.4177, lr_0 = 9.7955e-04
Loss = 9.5296e-02, PNorm = 88.5699, GNorm = 1.4400, lr_0 = 9.7854e-04
Loss = 6.6192e-02, PNorm = 88.5893, GNorm = 0.4075, lr_0 = 9.7754e-04
Loss = 6.4084e-02, PNorm = 88.6256, GNorm = 0.6753, lr_0 = 9.7653e-04
Loss = 3.5157e-02, PNorm = 88.6569, GNorm = 0.1296, lr_0 = 9.7553e-04
Loss = 8.2735e-02, PNorm = 88.6685, GNorm = 0.4115, lr_0 = 9.7453e-04
Loss = 3.3433e-02, PNorm = 88.7008, GNorm = 0.2464, lr_0 = 9.7353e-04
Loss = 5.0392e-02, PNorm = 88.7401, GNorm = 0.7847, lr_0 = 9.7253e-04
Loss = 6.3408e-02, PNorm = 88.7397, GNorm = 0.6088, lr_0 = 9.7153e-04
Loss = 6.6041e-02, PNorm = 88.7517, GNorm = 0.5512, lr_0 = 9.7053e-04
Loss = 8.7901e-02, PNorm = 88.7804, GNorm = 0.5190, lr_0 = 9.6953e-04
Loss = 5.4649e-02, PNorm = 88.7976, GNorm = 0.6136, lr_0 = 9.6854e-04
Loss = 5.1674e-02, PNorm = 88.8214, GNorm = 0.1754, lr_0 = 9.6754e-04
Loss = 5.3952e-02, PNorm = 88.8360, GNorm = 0.4007, lr_0 = 9.6655e-04
Loss = 8.1664e-02, PNorm = 88.8573, GNorm = 0.3788, lr_0 = 9.6555e-04
Loss = 3.4795e-02, PNorm = 88.9082, GNorm = 0.1046, lr_0 = 9.6456e-04
Loss = 6.0791e-02, PNorm = 88.9270, GNorm = 1.1818, lr_0 = 9.6357e-04
Loss = 5.9410e-02, PNorm = 88.9355, GNorm = 0.3716, lr_0 = 9.6258e-04
Loss = 2.2099e-02, PNorm = 88.9878, GNorm = 0.2098, lr_0 = 9.6159e-04
Loss = 3.8158e-02, PNorm = 89.0222, GNorm = 0.0631, lr_0 = 9.6060e-04
Loss = 3.7548e-02, PNorm = 89.0333, GNorm = 0.0833, lr_0 = 9.5962e-04
Loss = 6.4221e-02, PNorm = 89.0400, GNorm = 0.4550, lr_0 = 9.5863e-04
Loss = 6.7581e-02, PNorm = 89.0838, GNorm = 0.3704, lr_0 = 9.5765e-04
Loss = 3.9359e-02, PNorm = 89.1495, GNorm = 0.7256, lr_0 = 9.5666e-04
Loss = 5.4753e-02, PNorm = 89.1792, GNorm = 1.2186, lr_0 = 9.5568e-04
Loss = 5.8346e-02, PNorm = 89.2067, GNorm = 0.4551, lr_0 = 9.5470e-04
Loss = 5.3479e-02, PNorm = 89.2904, GNorm = 0.2041, lr_0 = 9.5372e-04
Loss = 8.3553e-02, PNorm = 89.4712, GNorm = 0.9156, lr_0 = 9.5274e-04
Loss = 7.6901e-02, PNorm = 89.6511, GNorm = 0.4452, lr_0 = 9.5176e-04
Loss = 9.6408e-02, PNorm = 89.7454, GNorm = 1.0217, lr_0 = 9.5078e-04
Loss = 6.2301e-02, PNorm = 89.8011, GNorm = 0.3895, lr_0 = 9.4980e-04
Loss = 5.0955e-03, PNorm = 89.8603, GNorm = 0.0143, lr_0 = 9.4883e-04
Loss = 4.8561e-02, PNorm = 89.8904, GNorm = 0.0773, lr_0 = 9.4785e-04
Loss = 6.2084e-02, PNorm = 89.9194, GNorm = 0.4408, lr_0 = 9.4688e-04
Loss = 7.5579e-02, PNorm = 89.9569, GNorm = 0.3824, lr_0 = 9.4591e-04
Loss = 4.1232e-02, PNorm = 90.0072, GNorm = 0.8636, lr_0 = 9.4493e-04
Loss = 4.6393e-02, PNorm = 90.0351, GNorm = 0.2221, lr_0 = 9.4396e-04
Loss = 3.8182e-02, PNorm = 90.0614, GNorm = 0.2736, lr_0 = 9.4299e-04
Loss = 4.3482e-02, PNorm = 90.0871, GNorm = 0.1472, lr_0 = 9.4203e-04
Loss = 7.2461e-02, PNorm = 90.1028, GNorm = 0.3828, lr_0 = 9.4106e-04
Loss = 9.2561e-03, PNorm = 90.1531, GNorm = 0.0704, lr_0 = 9.4009e-04
Loss = 3.0200e-02, PNorm = 90.1803, GNorm = 0.0288, lr_0 = 9.3912e-04
Loss = 5.3950e-02, PNorm = 90.1754, GNorm = 0.1209, lr_0 = 9.3816e-04
Loss = 7.2741e-02, PNorm = 90.1839, GNorm = 0.4779, lr_0 = 9.3720e-04
Loss = 7.4996e-02, PNorm = 90.2218, GNorm = 1.5087, lr_0 = 9.3623e-04
Loss = 2.3989e-02, PNorm = 90.2496, GNorm = 0.1663, lr_0 = 9.3527e-04
Loss = 3.5868e-02, PNorm = 90.2723, GNorm = 0.1068, lr_0 = 9.3431e-04
Loss = 9.0258e-02, PNorm = 90.2764, GNorm = 0.7238, lr_0 = 9.3335e-04
Loss = 6.8777e-02, PNorm = 90.2981, GNorm = 1.7469, lr_0 = 9.3239e-04
Loss = 6.0985e-02, PNorm = 90.3299, GNorm = 1.1377, lr_0 = 9.3143e-04
Loss = 3.5210e-02, PNorm = 90.3534, GNorm = 0.2109, lr_0 = 9.3048e-04
Loss = 4.1667e-02, PNorm = 90.3808, GNorm = 0.1351, lr_0 = 9.2952e-04
Loss = 6.3534e-02, PNorm = 90.3921, GNorm = 0.7486, lr_0 = 9.2857e-04
Loss = 3.0655e-02, PNorm = 90.4166, GNorm = 0.2256, lr_0 = 9.2761e-04
Loss = 8.3533e-02, PNorm = 90.4301, GNorm = 0.2649, lr_0 = 9.2666e-04
Loss = 7.7104e-02, PNorm = 90.4553, GNorm = 0.4055, lr_0 = 9.2571e-04
Loss = 7.3170e-02, PNorm = 90.4933, GNorm = 0.5540, lr_0 = 9.2476e-04
Loss = 1.5980e-02, PNorm = 90.5353, GNorm = 0.1092, lr_0 = 9.2381e-04
Loss = 8.7511e-02, PNorm = 90.5452, GNorm = 0.5511, lr_0 = 9.2286e-04
Loss = 5.7393e-02, PNorm = 90.5717, GNorm = 0.3855, lr_0 = 9.2191e-04
Loss = 4.0499e-02, PNorm = 90.6058, GNorm = 0.1940, lr_0 = 9.2096e-04
Validation auc = 0.560364
Epoch 3
Loss = 2.5343e-02, PNorm = 90.6351, GNorm = 0.6822, lr_0 = 9.2001e-04
Loss = 3.9850e-02, PNorm = 90.6442, GNorm = 0.0967, lr_0 = 9.1907e-04
Loss = 2.7115e-02, PNorm = 90.6518, GNorm = 0.1913, lr_0 = 9.1812e-04
Loss = 5.1792e-02, PNorm = 90.6586, GNorm = 0.6968, lr_0 = 9.1718e-04
Loss = 8.5118e-02, PNorm = 90.6662, GNorm = 0.3690, lr_0 = 9.1624e-04
Loss = 5.2909e-02, PNorm = 90.6888, GNorm = 0.1744, lr_0 = 9.1530e-04
Loss = 1.4489e-02, PNorm = 90.7081, GNorm = 0.6376, lr_0 = 9.1436e-04
Loss = 6.4514e-02, PNorm = 90.7086, GNorm = 0.1632, lr_0 = 9.1342e-04
Loss = 6.3226e-02, PNorm = 90.7122, GNorm = 0.4921, lr_0 = 9.1248e-04
Loss = 1.3878e-02, PNorm = 90.7427, GNorm = 0.0508, lr_0 = 9.1154e-04
Loss = 1.2220e-01, PNorm = 90.7316, GNorm = 0.2513, lr_0 = 9.1061e-04
Loss = 6.4828e-02, PNorm = 90.7381, GNorm = 0.4877, lr_0 = 9.0967e-04
Loss = 4.4730e-02, PNorm = 90.7624, GNorm = 0.2001, lr_0 = 9.0874e-04
Loss = 4.3385e-02, PNorm = 90.7770, GNorm = 0.7075, lr_0 = 9.0780e-04
Loss = 5.0690e-02, PNorm = 90.7786, GNorm = 0.2079, lr_0 = 9.0687e-04
Loss = 2.9283e-02, PNorm = 90.7916, GNorm = 0.2064, lr_0 = 9.0594e-04
Loss = 1.7466e-02, PNorm = 90.8106, GNorm = 0.1097, lr_0 = 9.0501e-04
Loss = 3.9395e-02, PNorm = 90.8207, GNorm = 0.0770, lr_0 = 9.0408e-04
Loss = 8.0436e-02, PNorm = 90.8118, GNorm = 0.5226, lr_0 = 9.0315e-04
Loss = 8.6497e-02, PNorm = 90.8228, GNorm = 0.4937, lr_0 = 9.0222e-04
Loss = 5.3712e-02, PNorm = 90.8527, GNorm = 0.8253, lr_0 = 9.0129e-04
Loss = 1.0612e-01, PNorm = 90.8600, GNorm = 0.3317, lr_0 = 9.0037e-04
Loss = 1.1421e-01, PNorm = 90.8768, GNorm = 0.7053, lr_0 = 8.9944e-04
Loss = 6.4640e-02, PNorm = 90.9192, GNorm = 0.2426, lr_0 = 8.9852e-04
Loss = 2.3533e-02, PNorm = 90.9509, GNorm = 0.0952, lr_0 = 8.9759e-04
Loss = 4.6809e-02, PNorm = 90.9642, GNorm = 0.1054, lr_0 = 8.9667e-04
Loss = 4.1811e-02, PNorm = 90.9697, GNorm = 0.6148, lr_0 = 8.9575e-04
Loss = 4.8890e-02, PNorm = 90.9844, GNorm = 0.2808, lr_0 = 8.9483e-04
Loss = 5.2785e-02, PNorm = 91.0065, GNorm = 0.3770, lr_0 = 8.9391e-04
Loss = 5.7290e-02, PNorm = 91.0334, GNorm = 0.2840, lr_0 = 8.9299e-04
Loss = 9.2934e-02, PNorm = 91.0508, GNorm = 0.5033, lr_0 = 8.9208e-04
Loss = 3.5390e-02, PNorm = 91.0868, GNorm = 0.1907, lr_0 = 8.9116e-04
Loss = 6.5230e-02, PNorm = 91.1064, GNorm = 0.1726, lr_0 = 8.9024e-04
Loss = 7.5114e-02, PNorm = 91.1254, GNorm = 0.6252, lr_0 = 8.8933e-04
Loss = 1.2998e-02, PNorm = 91.1695, GNorm = 0.2028, lr_0 = 8.8842e-04
Loss = 8.0456e-02, PNorm = 91.1979, GNorm = 1.7032, lr_0 = 8.8750e-04
Loss = 1.7880e-02, PNorm = 91.2596, GNorm = 0.2601, lr_0 = 8.8659e-04
Loss = 6.3445e-02, PNorm = 91.3132, GNorm = 0.3174, lr_0 = 8.8568e-04
Loss = 7.4222e-02, PNorm = 91.3473, GNorm = 0.4126, lr_0 = 8.8477e-04
Loss = 5.8841e-02, PNorm = 91.3652, GNorm = 0.3908, lr_0 = 8.8386e-04
Loss = 1.1423e-01, PNorm = 91.3774, GNorm = 0.3975, lr_0 = 8.8295e-04
Loss = 6.1007e-02, PNorm = 91.4096, GNorm = 0.3576, lr_0 = 8.8205e-04
Loss = 4.0319e-02, PNorm = 91.4371, GNorm = 0.8712, lr_0 = 8.8114e-04
Loss = 4.1527e-02, PNorm = 91.4412, GNorm = 0.2558, lr_0 = 8.8023e-04
Loss = 4.6242e-02, PNorm = 91.4593, GNorm = 0.5520, lr_0 = 8.7933e-04
Loss = 8.4327e-02, PNorm = 91.4630, GNorm = 0.5889, lr_0 = 8.7843e-04
Loss = 7.5513e-02, PNorm = 91.4889, GNorm = 2.1624, lr_0 = 8.7752e-04
Loss = 6.1875e-02, PNorm = 91.4974, GNorm = 0.4553, lr_0 = 8.7662e-04
Loss = 6.1705e-02, PNorm = 91.5148, GNorm = 0.8968, lr_0 = 8.7572e-04
Loss = 4.1279e-02, PNorm = 91.5291, GNorm = 0.3061, lr_0 = 8.7482e-04
Loss = 3.6361e-02, PNorm = 91.5546, GNorm = 0.6678, lr_0 = 8.7392e-04
Loss = 3.4970e-02, PNorm = 91.5621, GNorm = 0.1229, lr_0 = 8.7303e-04
Loss = 6.3013e-02, PNorm = 91.5646, GNorm = 0.6341, lr_0 = 8.7213e-04
Loss = 7.7103e-02, PNorm = 91.5727, GNorm = 0.5927, lr_0 = 8.7123e-04
Loss = 5.1398e-02, PNorm = 91.5980, GNorm = 0.2267, lr_0 = 8.7034e-04
Loss = 7.6004e-02, PNorm = 91.6073, GNorm = 0.9844, lr_0 = 8.6944e-04
Loss = 4.0923e-02, PNorm = 91.6081, GNorm = 0.3363, lr_0 = 8.6855e-04
Loss = 2.9179e-02, PNorm = 91.6287, GNorm = 0.1207, lr_0 = 8.6766e-04
Loss = 7.7041e-02, PNorm = 91.6350, GNorm = 1.6475, lr_0 = 8.6677e-04
Loss = 4.3166e-02, PNorm = 91.6375, GNorm = 0.2875, lr_0 = 8.6588e-04
Loss = 3.7021e-02, PNorm = 91.6526, GNorm = 0.2518, lr_0 = 8.6499e-04
Loss = 6.1945e-02, PNorm = 91.6587, GNorm = 0.2276, lr_0 = 8.6410e-04
Loss = 3.9967e-02, PNorm = 91.6694, GNorm = 0.2689, lr_0 = 8.6321e-04
Loss = 8.0587e-02, PNorm = 91.6767, GNorm = 1.9443, lr_0 = 8.6232e-04
Loss = 5.3501e-02, PNorm = 91.6852, GNorm = 0.4851, lr_0 = 8.6144e-04
Loss = 6.4251e-02, PNorm = 91.7066, GNorm = 0.3415, lr_0 = 8.6055e-04
Loss = 4.7988e-02, PNorm = 91.7337, GNorm = 0.7024, lr_0 = 8.5967e-04
Loss = 5.6600e-02, PNorm = 91.7480, GNorm = 1.2787, lr_0 = 8.5878e-04
Loss = 3.1018e-02, PNorm = 91.7707, GNorm = 0.7978, lr_0 = 8.5790e-04
Loss = 7.5658e-02, PNorm = 91.7869, GNorm = 0.3252, lr_0 = 8.5702e-04
Loss = 6.0999e-02, PNorm = 91.8130, GNorm = 0.4374, lr_0 = 8.5614e-04
Loss = 7.9482e-02, PNorm = 92.0456, GNorm = 0.4562, lr_0 = 8.5526e-04
Loss = 4.0433e-02, PNorm = 92.2444, GNorm = 1.0181, lr_0 = 8.5438e-04
Loss = 7.2579e-02, PNorm = 92.3208, GNorm = 0.4184, lr_0 = 8.5350e-04
Loss = 4.1871e-02, PNorm = 92.3650, GNorm = 0.2615, lr_0 = 8.5263e-04
Loss = 2.6627e-02, PNorm = 92.3864, GNorm = 0.1878, lr_0 = 8.5175e-04
Loss = 3.5328e-02, PNorm = 92.3959, GNorm = 0.1278, lr_0 = 8.5088e-04
Loss = 7.9220e-02, PNorm = 92.3911, GNorm = 0.5421, lr_0 = 8.5000e-04
Loss = 7.2148e-02, PNorm = 92.3986, GNorm = 1.5194, lr_0 = 8.4913e-04
Loss = 9.0235e-03, PNorm = 92.4142, GNorm = 0.1145, lr_0 = 8.4826e-04
Validation auc = 0.506582
Epoch 4
Loss = 7.1202e-02, PNorm = 92.4141, GNorm = 0.1798, lr_0 = 8.4738e-04
Loss = 4.3211e-02, PNorm = 92.4159, GNorm = 0.4181, lr_0 = 8.4651e-04
Loss = 4.9958e-02, PNorm = 92.4249, GNorm = 0.5784, lr_0 = 8.4564e-04
Loss = 4.7265e-02, PNorm = 92.4313, GNorm = 0.2407, lr_0 = 8.4478e-04
Loss = 7.4167e-02, PNorm = 92.4346, GNorm = 0.3843, lr_0 = 8.4391e-04
Loss = 8.2949e-02, PNorm = 92.4416, GNorm = 1.0581, lr_0 = 8.4304e-04
Loss = 3.2969e-02, PNorm = 92.4549, GNorm = 0.3196, lr_0 = 8.4217e-04
Loss = 8.2389e-02, PNorm = 92.4636, GNorm = 1.4653, lr_0 = 8.4131e-04
Loss = 5.1507e-02, PNorm = 92.4660, GNorm = 0.5697, lr_0 = 8.4044e-04
Loss = 7.9320e-02, PNorm = 92.4724, GNorm = 0.4662, lr_0 = 8.3958e-04
Loss = 5.3317e-02, PNorm = 92.4832, GNorm = 0.3282, lr_0 = 8.3872e-04
Loss = 5.6932e-02, PNorm = 92.4924, GNorm = 0.3098, lr_0 = 8.3786e-04
Loss = 2.6281e-02, PNorm = 92.5067, GNorm = 0.1995, lr_0 = 8.3700e-04
Loss = 6.2534e-02, PNorm = 92.5078, GNorm = 0.2284, lr_0 = 8.3614e-04
Loss = 5.4727e-02, PNorm = 92.5125, GNorm = 0.3666, lr_0 = 8.3528e-04
Loss = 2.9111e-02, PNorm = 92.5298, GNorm = 0.8043, lr_0 = 8.3442e-04
Loss = 6.7892e-02, PNorm = 92.5287, GNorm = 0.2326, lr_0 = 8.3356e-04
Loss = 5.6563e-02, PNorm = 92.5348, GNorm = 0.3611, lr_0 = 8.3270e-04
Loss = 4.4335e-02, PNorm = 92.5474, GNorm = 0.2573, lr_0 = 8.3185e-04
Loss = 5.7297e-02, PNorm = 92.5578, GNorm = 0.2635, lr_0 = 8.3099e-04
Loss = 5.4787e-02, PNorm = 92.5638, GNorm = 0.4150, lr_0 = 8.3014e-04
Loss = 3.1121e-02, PNorm = 92.5821, GNorm = 0.1087, lr_0 = 8.2929e-04
Loss = 5.8995e-02, PNorm = 92.5839, GNorm = 0.1983, lr_0 = 8.2844e-04
Loss = 5.9219e-02, PNorm = 92.5869, GNorm = 0.6387, lr_0 = 8.2758e-04
Loss = 5.3373e-02, PNorm = 92.5972, GNorm = 0.3727, lr_0 = 8.2673e-04
Loss = 3.2672e-02, PNorm = 92.6168, GNorm = 0.1971, lr_0 = 8.2589e-04
Loss = 4.4078e-02, PNorm = 92.6353, GNorm = 0.1204, lr_0 = 8.2504e-04
Loss = 7.1891e-02, PNorm = 92.6355, GNorm = 0.6511, lr_0 = 8.2419e-04
Loss = 7.3089e-02, PNorm = 92.6356, GNorm = 0.5649, lr_0 = 8.2334e-04
Loss = 3.1229e-02, PNorm = 92.6631, GNorm = 0.2107, lr_0 = 8.2250e-04
Loss = 3.6261e-02, PNorm = 92.6818, GNorm = 0.0649, lr_0 = 8.2165e-04
Loss = 6.6785e-02, PNorm = 92.6767, GNorm = 0.1785, lr_0 = 8.2081e-04
Loss = 6.6301e-02, PNorm = 92.6750, GNorm = 0.2990, lr_0 = 8.1996e-04
Loss = 1.2433e-02, PNorm = 92.6970, GNorm = 0.1603, lr_0 = 8.1912e-04
Loss = 7.9236e-02, PNorm = 92.7058, GNorm = 0.1321, lr_0 = 8.1828e-04
Loss = 5.8672e-02, PNorm = 92.7031, GNorm = 0.9014, lr_0 = 8.1744e-04
Loss = 8.3307e-02, PNorm = 92.7111, GNorm = 0.2964, lr_0 = 8.1660e-04
Loss = 7.3301e-02, PNorm = 92.7286, GNorm = 0.3237, lr_0 = 8.1576e-04
Loss = 3.5486e-02, PNorm = 92.7509, GNorm = 0.5683, lr_0 = 8.1492e-04
Loss = 4.3883e-02, PNorm = 92.7565, GNorm = 0.8202, lr_0 = 8.1408e-04
Loss = 3.5764e-02, PNorm = 92.7576, GNorm = 0.5584, lr_0 = 8.1325e-04
Loss = 3.5920e-02, PNorm = 92.7644, GNorm = 1.2219, lr_0 = 8.1241e-04
Loss = 5.6961e-03, PNorm = 92.7744, GNorm = 0.1213, lr_0 = 8.1158e-04
Loss = 6.5758e-02, PNorm = 92.7780, GNorm = 0.7087, lr_0 = 8.1074e-04
Loss = 5.8076e-02, PNorm = 92.7818, GNorm = 0.5385, lr_0 = 8.0991e-04
Loss = 6.1077e-02, PNorm = 92.7961, GNorm = 0.3820, lr_0 = 8.0908e-04
Loss = 1.8044e-02, PNorm = 92.8251, GNorm = 0.1339, lr_0 = 8.0825e-04
Loss = 4.6892e-02, PNorm = 92.8397, GNorm = 0.1562, lr_0 = 8.0742e-04
Loss = 5.3723e-02, PNorm = 92.8539, GNorm = 1.8126, lr_0 = 8.0659e-04
Loss = 8.7342e-02, PNorm = 92.8472, GNorm = 0.5552, lr_0 = 8.0576e-04
Loss = 5.4124e-02, PNorm = 92.8789, GNorm = 0.3516, lr_0 = 8.0493e-04
Loss = 1.0074e-01, PNorm = 92.9075, GNorm = 0.2539, lr_0 = 8.0410e-04
Loss = 4.8710e-02, PNorm = 92.9420, GNorm = 0.4708, lr_0 = 8.0328e-04
Loss = 5.1160e-02, PNorm = 92.9777, GNorm = 0.1578, lr_0 = 8.0245e-04
Loss = 6.7788e-02, PNorm = 92.9840, GNorm = 0.3037, lr_0 = 8.0163e-04
Loss = 9.7926e-02, PNorm = 92.9882, GNorm = 0.5679, lr_0 = 8.0081e-04
Loss = 8.9032e-02, PNorm = 93.0032, GNorm = 0.3809, lr_0 = 7.9998e-04
Loss = 3.9983e-02, PNorm = 93.0266, GNorm = 0.2451, lr_0 = 7.9916e-04
Loss = 4.8535e-02, PNorm = 93.0364, GNorm = 0.1550, lr_0 = 7.9834e-04
Loss = 1.6948e-02, PNorm = 93.0474, GNorm = 0.1206, lr_0 = 7.9752e-04
Loss = 8.4772e-02, PNorm = 93.0436, GNorm = 0.2206, lr_0 = 7.9670e-04
Loss = 3.2034e-02, PNorm = 93.0511, GNorm = 0.4973, lr_0 = 7.9588e-04
Loss = 7.7934e-02, PNorm = 93.0561, GNorm = 0.3506, lr_0 = 7.9506e-04
Loss = 4.4393e-02, PNorm = 93.0715, GNorm = 0.7972, lr_0 = 7.9425e-04
Loss = 7.6007e-02, PNorm = 93.0773, GNorm = 0.6600, lr_0 = 7.9343e-04
Loss = 5.1082e-02, PNorm = 93.0778, GNorm = 0.5387, lr_0 = 7.9262e-04
Loss = 9.0119e-02, PNorm = 93.0821, GNorm = 0.4629, lr_0 = 7.9180e-04
Loss = 3.8222e-02, PNorm = 93.1040, GNorm = 0.6928, lr_0 = 7.9099e-04
Loss = 3.6723e-02, PNorm = 93.1127, GNorm = 0.1863, lr_0 = 7.9017e-04
Loss = 6.1120e-02, PNorm = 93.1195, GNorm = 1.2323, lr_0 = 7.8936e-04
Loss = 5.7968e-02, PNorm = 93.1193, GNorm = 0.4208, lr_0 = 7.8855e-04
Loss = 7.0523e-02, PNorm = 93.1334, GNorm = 0.4615, lr_0 = 7.8774e-04
Loss = 6.0221e-02, PNorm = 93.1507, GNorm = 0.2665, lr_0 = 7.8693e-04
Loss = 5.2136e-02, PNorm = 93.1609, GNorm = 0.5414, lr_0 = 7.8612e-04
Loss = 6.3801e-02, PNorm = 93.1618, GNorm = 0.7734, lr_0 = 7.8532e-04
Loss = 3.8642e-02, PNorm = 93.1780, GNorm = 0.1454, lr_0 = 7.8451e-04
Loss = 4.9026e-02, PNorm = 93.1849, GNorm = 0.2696, lr_0 = 7.8370e-04
Loss = 6.5294e-03, PNorm = 93.2013, GNorm = 0.1161, lr_0 = 7.8290e-04
Loss = 6.7601e-02, PNorm = 93.2009, GNorm = 0.6973, lr_0 = 7.8209e-04
Loss = 3.9570e-02, PNorm = 93.2042, GNorm = 0.2633, lr_0 = 7.8129e-04
Validation auc = 0.551158
Epoch 5
Loss = 6.7393e-02, PNorm = 93.2088, GNorm = 0.3278, lr_0 = 7.8049e-04
Loss = 4.0871e-02, PNorm = 93.2243, GNorm = 0.2393, lr_0 = 7.7969e-04
Loss = 7.4878e-02, PNorm = 93.2277, GNorm = 0.3620, lr_0 = 7.7888e-04
Loss = 2.9024e-02, PNorm = 93.2437, GNorm = 0.6801, lr_0 = 7.7808e-04
Loss = 2.9518e-02, PNorm = 93.2569, GNorm = 0.5836, lr_0 = 7.7729e-04
Loss = 5.1428e-02, PNorm = 93.2599, GNorm = 0.1517, lr_0 = 7.7649e-04
Loss = 7.3074e-02, PNorm = 93.2508, GNorm = 0.4726, lr_0 = 7.7569e-04
Loss = 6.6203e-02, PNorm = 93.2640, GNorm = 0.6563, lr_0 = 7.7489e-04
Loss = 3.8698e-02, PNorm = 93.2783, GNorm = 0.2509, lr_0 = 7.7410e-04
Loss = 2.7929e-02, PNorm = 93.2962, GNorm = 0.0983, lr_0 = 7.7330e-04
Loss = 9.9729e-02, PNorm = 93.2911, GNorm = 1.6941, lr_0 = 7.7251e-04
Loss = 3.9145e-02, PNorm = 93.2928, GNorm = 0.5057, lr_0 = 7.7171e-04
Loss = 5.4494e-02, PNorm = 93.3179, GNorm = 1.4454, lr_0 = 7.7092e-04
Loss = 6.4531e-02, PNorm = 93.3205, GNorm = 0.2595, lr_0 = 7.7013e-04
Loss = 4.9295e-02, PNorm = 93.3336, GNorm = 0.4199, lr_0 = 7.6934e-04
Loss = 3.4086e-02, PNorm = 93.3493, GNorm = 0.8408, lr_0 = 7.6855e-04
Loss = 8.1676e-02, PNorm = 93.3501, GNorm = 0.2678, lr_0 = 7.6776e-04
Loss = 8.3466e-02, PNorm = 93.3600, GNorm = 1.8480, lr_0 = 7.6697e-04
Loss = 8.8324e-02, PNorm = 93.3735, GNorm = 0.7544, lr_0 = 7.6618e-04
Loss = 5.4492e-02, PNorm = 93.4073, GNorm = 0.1663, lr_0 = 7.6539e-04
Loss = 4.9526e-02, PNorm = 93.4218, GNorm = 0.1671, lr_0 = 7.6461e-04
Loss = 3.7301e-02, PNorm = 93.4308, GNorm = 0.5553, lr_0 = 7.6382e-04
Loss = 2.5475e-02, PNorm = 93.4415, GNorm = 0.1903, lr_0 = 7.6304e-04
Loss = 8.2638e-02, PNorm = 93.4435, GNorm = 0.3053, lr_0 = 7.6225e-04
Loss = 7.3040e-02, PNorm = 93.4533, GNorm = 1.8585, lr_0 = 7.6147e-04
Loss = 5.4203e-02, PNorm = 93.4705, GNorm = 0.4735, lr_0 = 7.6069e-04
Loss = 1.3511e-02, PNorm = 93.5054, GNorm = 0.0813, lr_0 = 7.5990e-04
Loss = 4.0910e-02, PNorm = 93.5190, GNorm = 0.0350, lr_0 = 7.5912e-04
Loss = 1.0534e-01, PNorm = 93.5038, GNorm = 0.4272, lr_0 = 7.5834e-04
Loss = 3.6266e-02, PNorm = 93.5278, GNorm = 0.4713, lr_0 = 7.5756e-04
Loss = 4.1388e-02, PNorm = 93.5496, GNorm = 0.1484, lr_0 = 7.5679e-04
Loss = 5.2793e-02, PNorm = 93.5582, GNorm = 0.1898, lr_0 = 7.5601e-04
Loss = 7.3690e-02, PNorm = 93.5604, GNorm = 0.3794, lr_0 = 7.5523e-04
Loss = 5.0824e-02, PNorm = 93.5664, GNorm = 0.4415, lr_0 = 7.5446e-04
Loss = 1.8757e-02, PNorm = 93.5917, GNorm = 0.1175, lr_0 = 7.5368e-04
Loss = 5.0753e-02, PNorm = 93.6013, GNorm = 0.0839, lr_0 = 7.5291e-04
Loss = 5.0804e-02, PNorm = 93.5981, GNorm = 0.1922, lr_0 = 7.5213e-04
Loss = 4.5783e-02, PNorm = 93.6004, GNorm = 0.2952, lr_0 = 7.5136e-04
Loss = 3.8960e-02, PNorm = 93.6185, GNorm = 0.2055, lr_0 = 7.5059e-04
Loss = 4.9612e-02, PNorm = 93.6327, GNorm = 0.1382, lr_0 = 7.4982e-04
Loss = 7.0493e-02, PNorm = 93.6372, GNorm = 0.5658, lr_0 = 7.4905e-04
Loss = 6.4390e-02, PNorm = 93.6454, GNorm = 0.7130, lr_0 = 7.4828e-04
Loss = 2.4638e-02, PNorm = 93.6655, GNorm = 0.7739, lr_0 = 7.4751e-04
Loss = 9.5064e-02, PNorm = 93.6708, GNorm = 0.5820, lr_0 = 7.4674e-04
Loss = 5.5718e-02, PNorm = 93.6758, GNorm = 0.5755, lr_0 = 7.4597e-04
Loss = 2.2975e-02, PNorm = 93.7094, GNorm = 0.1499, lr_0 = 7.4521e-04
Loss = 4.4106e-02, PNorm = 93.7287, GNorm = 0.1180, lr_0 = 7.4444e-04
Loss = 1.8665e-02, PNorm = 93.7410, GNorm = 0.0851, lr_0 = 7.4368e-04
Loss = 4.9991e-02, PNorm = 93.7459, GNorm = 0.1075, lr_0 = 7.4291e-04
Loss = 4.7469e-02, PNorm = 93.7512, GNorm = 0.8011, lr_0 = 7.4215e-04
Loss = 6.8736e-02, PNorm = 93.7589, GNorm = 0.3686, lr_0 = 7.4139e-04
Loss = 3.8113e-02, PNorm = 93.8067, GNorm = 0.1194, lr_0 = 7.4062e-04
Loss = 4.2027e-02, PNorm = 93.8370, GNorm = 0.2199, lr_0 = 7.3986e-04
Loss = 7.2339e-02, PNorm = 93.8821, GNorm = 0.5157, lr_0 = 7.3910e-04
Loss = 6.2485e-02, PNorm = 93.9469, GNorm = 0.2412, lr_0 = 7.3834e-04
Loss = 4.9296e-02, PNorm = 94.0035, GNorm = 0.2770, lr_0 = 7.3759e-04
Loss = 4.6561e-02, PNorm = 94.0873, GNorm = 0.2050, lr_0 = 7.3683e-04
Loss = 8.1354e-02, PNorm = 94.1635, GNorm = 0.1189, lr_0 = 7.3607e-04
Loss = 1.0201e-01, PNorm = 94.4876, GNorm = 0.5285, lr_0 = 7.3531e-04
Loss = 8.5022e-02, PNorm = 94.7948, GNorm = 0.4361, lr_0 = 7.3456e-04
Loss = 9.6628e-02, PNorm = 94.9647, GNorm = 1.5431, lr_0 = 7.3380e-04
Loss = 8.1829e-02, PNorm = 95.0510, GNorm = 0.4450, lr_0 = 7.3305e-04
Loss = 3.5842e-02, PNorm = 95.1088, GNorm = 0.1122, lr_0 = 7.3230e-04
Loss = 6.5089e-02, PNorm = 95.1338, GNorm = 0.6936, lr_0 = 7.3155e-04
Loss = 4.8087e-02, PNorm = 95.1545, GNorm = 0.6967, lr_0 = 7.3079e-04
Loss = 6.2146e-02, PNorm = 95.1795, GNorm = 0.4247, lr_0 = 7.3004e-04
Loss = 5.9703e-03, PNorm = 95.2188, GNorm = 0.0368, lr_0 = 7.2929e-04
Loss = 1.0302e-01, PNorm = 95.2274, GNorm = 0.3315, lr_0 = 7.2854e-04
Loss = 5.0884e-02, PNorm = 95.2592, GNorm = 0.4517, lr_0 = 7.2779e-04
Loss = 1.8854e-02, PNorm = 95.2951, GNorm = 0.1153, lr_0 = 7.2705e-04
Loss = 6.1798e-02, PNorm = 95.3062, GNorm = 0.1426, lr_0 = 7.2630e-04
Loss = 6.0396e-02, PNorm = 95.3105, GNorm = 0.4680, lr_0 = 7.2555e-04
Loss = 5.9249e-02, PNorm = 95.3264, GNorm = 0.3986, lr_0 = 7.2481e-04
Loss = 5.7720e-02, PNorm = 95.3479, GNorm = 0.5831, lr_0 = 7.2406e-04
Loss = 7.0377e-02, PNorm = 95.3529, GNorm = 0.4992, lr_0 = 7.2332e-04
Loss = 6.9849e-02, PNorm = 95.3703, GNorm = 0.5218, lr_0 = 7.2258e-04
Loss = 4.5981e-02, PNorm = 95.3983, GNorm = 0.1088, lr_0 = 7.2183e-04
Loss = 1.2836e-02, PNorm = 95.4210, GNorm = 0.0935, lr_0 = 7.2109e-04
Loss = 7.2053e-02, PNorm = 95.4261, GNorm = 0.1669, lr_0 = 7.2035e-04
Loss = 5.5143e-02, PNorm = 95.4350, GNorm = 1.1626, lr_0 = 7.1961e-04
Validation auc = 0.543750
Epoch 6
Loss = 3.1577e-02, PNorm = 95.4583, GNorm = 0.1780, lr_0 = 7.1887e-04
Loss = 7.8178e-02, PNorm = 95.4721, GNorm = 0.9252, lr_0 = 7.1813e-04
Loss = 6.3493e-02, PNorm = 95.4834, GNorm = 0.3477, lr_0 = 7.1740e-04
Loss = 1.8431e-02, PNorm = 95.5244, GNorm = 0.1084, lr_0 = 7.1666e-04
Loss = 8.3376e-02, PNorm = 95.5358, GNorm = 0.8088, lr_0 = 7.1592e-04
Loss = 4.1186e-02, PNorm = 95.5460, GNorm = 1.2184, lr_0 = 7.1519e-04
Loss = 6.8329e-02, PNorm = 95.5660, GNorm = 0.7354, lr_0 = 7.1445e-04
Loss = 5.7406e-02, PNorm = 95.5964, GNorm = 0.7868, lr_0 = 7.1372e-04
Loss = 2.0056e-02, PNorm = 95.6242, GNorm = 0.1477, lr_0 = 7.1298e-04
Loss = 2.1614e-02, PNorm = 95.6537, GNorm = 0.0729, lr_0 = 7.1225e-04
Loss = 3.9141e-02, PNorm = 95.6706, GNorm = 0.1504, lr_0 = 7.1152e-04
Loss = 4.0828e-02, PNorm = 95.6874, GNorm = 0.2457, lr_0 = 7.1079e-04
Loss = 4.7727e-02, PNorm = 95.7127, GNorm = 0.2935, lr_0 = 7.1006e-04
Loss = 5.0209e-02, PNorm = 95.7434, GNorm = 0.2184, lr_0 = 7.0933e-04
Loss = 4.9013e-02, PNorm = 95.7642, GNorm = 0.6444, lr_0 = 7.0860e-04
Loss = 5.6328e-02, PNorm = 95.7794, GNorm = 0.4298, lr_0 = 7.0787e-04
Loss = 5.1439e-02, PNorm = 95.8134, GNorm = 0.9799, lr_0 = 7.0715e-04
Loss = 8.3627e-02, PNorm = 95.8194, GNorm = 0.4920, lr_0 = 7.0642e-04
Loss = 8.0342e-02, PNorm = 95.8459, GNorm = 0.5771, lr_0 = 7.0569e-04
Loss = 2.9568e-02, PNorm = 95.8892, GNorm = 0.8371, lr_0 = 7.0497e-04
Loss = 7.3766e-02, PNorm = 95.9053, GNorm = 0.2307, lr_0 = 7.0424e-04
Loss = 5.6719e-02, PNorm = 95.9178, GNorm = 0.4244, lr_0 = 7.0352e-04
Loss = 5.3069e-02, PNorm = 95.9389, GNorm = 0.7334, lr_0 = 7.0280e-04
Loss = 5.0699e-02, PNorm = 95.9637, GNorm = 3.1008, lr_0 = 7.0208e-04
Loss = 2.5776e-02, PNorm = 95.9702, GNorm = 0.2241, lr_0 = 7.0135e-04
Loss = 4.5309e-02, PNorm = 95.9907, GNorm = 0.2861, lr_0 = 7.0063e-04
Loss = 1.5530e-02, PNorm = 96.0301, GNorm = 0.1455, lr_0 = 6.9991e-04
Loss = 6.9965e-02, PNorm = 96.0550, GNorm = 0.2689, lr_0 = 6.9919e-04
Loss = 5.5800e-02, PNorm = 96.0872, GNorm = 0.2582, lr_0 = 6.9848e-04
Loss = 6.0990e-02, PNorm = 96.1208, GNorm = 0.7799, lr_0 = 6.9776e-04
Loss = 5.8936e-02, PNorm = 96.1396, GNorm = 0.5228, lr_0 = 6.9704e-04
Loss = 1.7717e-02, PNorm = 96.1784, GNorm = 0.1166, lr_0 = 6.9633e-04
Loss = 6.8824e-02, PNorm = 96.1853, GNorm = 1.7445, lr_0 = 6.9561e-04
Loss = 8.3022e-02, PNorm = 96.1898, GNorm = 0.6824, lr_0 = 6.9490e-04
Loss = 3.6685e-02, PNorm = 96.2186, GNorm = 0.3863, lr_0 = 6.9418e-04
Loss = 8.4332e-02, PNorm = 96.2402, GNorm = 0.5733, lr_0 = 6.9347e-04
Loss = 4.2231e-02, PNorm = 96.2603, GNorm = 0.3787, lr_0 = 6.9276e-04
Loss = 4.7910e-02, PNorm = 96.2810, GNorm = 0.1593, lr_0 = 6.9204e-04
Loss = 5.5966e-02, PNorm = 96.2916, GNorm = 0.8799, lr_0 = 6.9133e-04
Loss = 5.3372e-02, PNorm = 96.3048, GNorm = 0.7436, lr_0 = 6.9062e-04
Loss = 3.4553e-02, PNorm = 96.3256, GNorm = 0.3293, lr_0 = 6.8991e-04
Loss = 4.3143e-02, PNorm = 96.3443, GNorm = 0.1653, lr_0 = 6.8920e-04
Loss = 5.6216e-02, PNorm = 96.3523, GNorm = 0.2320, lr_0 = 6.8850e-04
Loss = 6.9840e-02, PNorm = 96.3513, GNorm = 0.7297, lr_0 = 6.8779e-04
Loss = 8.3976e-02, PNorm = 96.3590, GNorm = 0.5020, lr_0 = 6.8708e-04
Loss = 6.2422e-02, PNorm = 96.3746, GNorm = 0.8876, lr_0 = 6.8638e-04
Loss = 4.3224e-02, PNorm = 96.3824, GNorm = 0.2995, lr_0 = 6.8567e-04
Loss = 5.8430e-02, PNorm = 96.3903, GNorm = 1.6706, lr_0 = 6.8497e-04
Loss = 4.3961e-02, PNorm = 96.3919, GNorm = 0.3229, lr_0 = 6.8426e-04
Loss = 8.2765e-02, PNorm = 96.3965, GNorm = 0.4847, lr_0 = 6.8356e-04
Loss = 4.7258e-02, PNorm = 96.4093, GNorm = 0.2695, lr_0 = 6.8286e-04
Loss = 7.0572e-02, PNorm = 96.4155, GNorm = 0.3917, lr_0 = 6.8216e-04
Loss = 5.4244e-02, PNorm = 96.4260, GNorm = 0.3221, lr_0 = 6.8146e-04
Loss = 6.7299e-02, PNorm = 96.4310, GNorm = 0.3777, lr_0 = 6.8076e-04
Loss = 9.1667e-02, PNorm = 96.4346, GNorm = 0.5081, lr_0 = 6.8006e-04
Loss = 5.2122e-02, PNorm = 96.4441, GNorm = 0.5184, lr_0 = 6.7936e-04
Loss = 1.1402e-01, PNorm = 96.4516, GNorm = 1.0839, lr_0 = 6.7866e-04
Loss = 5.4170e-02, PNorm = 96.4628, GNorm = 0.9928, lr_0 = 6.7796e-04
Loss = 9.8472e-02, PNorm = 96.4718, GNorm = 2.6432, lr_0 = 6.7727e-04
Loss = 6.5040e-02, PNorm = 96.4733, GNorm = 0.6906, lr_0 = 6.7657e-04
Loss = 2.3492e-02, PNorm = 96.4937, GNorm = 0.1796, lr_0 = 6.7587e-04
Loss = 5.8126e-02, PNorm = 96.5046, GNorm = 2.4774, lr_0 = 6.7518e-04
Loss = 4.5184e-02, PNorm = 96.5023, GNorm = 1.4601, lr_0 = 6.7449e-04
Loss = 7.5279e-02, PNorm = 96.4957, GNorm = 0.5760, lr_0 = 6.7379e-04
Loss = 2.7129e-02, PNorm = 96.5146, GNorm = 0.2199, lr_0 = 6.7310e-04
Loss = 2.4946e-02, PNorm = 96.5291, GNorm = 0.1179, lr_0 = 6.7241e-04
Loss = 9.2938e-02, PNorm = 96.5282, GNorm = 1.7324, lr_0 = 6.7172e-04
Loss = 5.9916e-02, PNorm = 96.5241, GNorm = 0.5728, lr_0 = 6.7103e-04
Loss = 3.0571e-02, PNorm = 96.5447, GNorm = 0.2642, lr_0 = 6.7034e-04
Loss = 5.0680e-02, PNorm = 96.5609, GNorm = 0.7718, lr_0 = 6.6965e-04
Loss = 5.3501e-02, PNorm = 96.5665, GNorm = 0.6723, lr_0 = 6.6896e-04
Loss = 4.9901e-02, PNorm = 96.5700, GNorm = 0.6896, lr_0 = 6.6828e-04
Loss = 6.8988e-02, PNorm = 96.5742, GNorm = 0.7893, lr_0 = 6.6759e-04
Loss = 4.6010e-02, PNorm = 96.5894, GNorm = 0.7521, lr_0 = 6.6690e-04
Loss = 1.8402e-02, PNorm = 96.6105, GNorm = 0.1416, lr_0 = 6.6622e-04
Loss = 1.0463e-01, PNorm = 96.6083, GNorm = 0.9229, lr_0 = 6.6553e-04
Loss = 6.2373e-02, PNorm = 96.6153, GNorm = 0.4340, lr_0 = 6.6485e-04
Loss = 4.2191e-02, PNorm = 96.6408, GNorm = 0.3125, lr_0 = 6.6417e-04
Loss = 3.7263e-02, PNorm = 96.6599, GNorm = 0.6795, lr_0 = 6.6348e-04
Loss = 5.3846e-02, PNorm = 96.6646, GNorm = 0.9897, lr_0 = 6.6280e-04
Validation auc = 0.586412
Epoch 7
Loss = 8.4567e-02, PNorm = 96.6539, GNorm = 0.4585, lr_0 = 6.6212e-04
Loss = 7.2490e-02, PNorm = 96.6582, GNorm = 0.6225, lr_0 = 6.6144e-04
Loss = 3.0106e-02, PNorm = 96.6787, GNorm = 0.2432, lr_0 = 6.6076e-04
Loss = 5.0589e-02, PNorm = 96.6915, GNorm = 0.1672, lr_0 = 6.6008e-04
Loss = 4.1400e-02, PNorm = 96.7001, GNorm = 0.1394, lr_0 = 6.5940e-04
Loss = 4.9094e-02, PNorm = 96.7000, GNorm = 0.2852, lr_0 = 6.5873e-04
Loss = 7.5409e-02, PNorm = 96.7044, GNorm = 0.5956, lr_0 = 6.5805e-04
Loss = 4.9847e-02, PNorm = 96.7204, GNorm = 0.3045, lr_0 = 6.5737e-04
Loss = 6.3197e-02, PNorm = 96.7337, GNorm = 0.6978, lr_0 = 6.5670e-04
Loss = 4.9111e-02, PNorm = 96.7412, GNorm = 0.3600, lr_0 = 6.5602e-04
Loss = 4.2384e-02, PNorm = 96.7592, GNorm = 0.3154, lr_0 = 6.5535e-04
Loss = 8.9500e-02, PNorm = 96.7634, GNorm = 1.7584, lr_0 = 6.5468e-04
Loss = 2.5023e-02, PNorm = 96.7758, GNorm = 0.3306, lr_0 = 6.5400e-04
Loss = 2.9378e-02, PNorm = 96.7963, GNorm = 0.1465, lr_0 = 6.5333e-04
Loss = 4.6746e-02, PNorm = 96.8018, GNorm = 0.1508, lr_0 = 6.5266e-04
Loss = 5.3606e-02, PNorm = 96.8001, GNorm = 0.6182, lr_0 = 6.5199e-04
Loss = 5.7976e-02, PNorm = 96.8054, GNorm = 0.3887, lr_0 = 6.5132e-04
Loss = 5.9629e-02, PNorm = 96.8233, GNorm = 1.0338, lr_0 = 6.5065e-04
Loss = 4.6641e-02, PNorm = 96.8394, GNorm = 0.2860, lr_0 = 6.4998e-04
Loss = 3.1142e-02, PNorm = 96.8497, GNorm = 0.2098, lr_0 = 6.4931e-04
Loss = 2.8414e-02, PNorm = 96.8606, GNorm = 0.1835, lr_0 = 6.4865e-04
Loss = 5.1533e-02, PNorm = 96.8625, GNorm = 0.2152, lr_0 = 6.4798e-04
Loss = 4.0060e-02, PNorm = 96.8665, GNorm = 0.2411, lr_0 = 6.4732e-04
Loss = 4.1669e-02, PNorm = 96.8783, GNorm = 0.6564, lr_0 = 6.4665e-04
Loss = 6.7641e-02, PNorm = 96.8786, GNorm = 0.6087, lr_0 = 6.4599e-04
Loss = 7.6908e-02, PNorm = 96.8754, GNorm = 0.4748, lr_0 = 6.4532e-04
Loss = 4.5171e-02, PNorm = 96.8886, GNorm = 0.3247, lr_0 = 6.4466e-04
Loss = 3.7321e-02, PNorm = 96.9067, GNorm = 0.8111, lr_0 = 6.4400e-04
Loss = 5.2165e-02, PNorm = 96.9085, GNorm = 0.2143, lr_0 = 6.4334e-04
Loss = 2.6780e-02, PNorm = 96.9147, GNorm = 0.2619, lr_0 = 6.4267e-04
Loss = 5.3296e-03, PNorm = 96.9365, GNorm = 0.0924, lr_0 = 6.4201e-04
Loss = 4.3974e-02, PNorm = 96.9398, GNorm = 0.0951, lr_0 = 6.4135e-04
Loss = 7.5370e-02, PNorm = 96.9282, GNorm = 0.2815, lr_0 = 6.4070e-04
Loss = 3.0957e-02, PNorm = 96.9334, GNorm = 0.3546, lr_0 = 6.4004e-04
Loss = 2.7958e-02, PNorm = 96.9500, GNorm = 0.1804, lr_0 = 6.3938e-04
Loss = 5.0226e-02, PNorm = 96.9604, GNorm = 0.0964, lr_0 = 6.3872e-04
Loss = 5.5968e-02, PNorm = 96.9583, GNorm = 0.9589, lr_0 = 6.3807e-04
Loss = 8.0747e-02, PNorm = 96.9563, GNorm = 0.7169, lr_0 = 6.3741e-04
Loss = 5.1948e-02, PNorm = 96.9760, GNorm = 0.3086, lr_0 = 6.3676e-04
Loss = 8.6017e-02, PNorm = 96.9827, GNorm = 0.9114, lr_0 = 6.3610e-04
Loss = 6.2346e-02, PNorm = 96.9805, GNorm = 0.4286, lr_0 = 6.3545e-04
Loss = 7.3685e-02, PNorm = 96.9907, GNorm = 0.5660, lr_0 = 6.3480e-04
Loss = 4.0367e-02, PNorm = 97.0052, GNorm = 0.3894, lr_0 = 6.3414e-04
Loss = 3.5435e-02, PNorm = 97.0199, GNorm = 0.1722, lr_0 = 6.3349e-04
Loss = 2.6440e-02, PNorm = 97.0287, GNorm = 0.1361, lr_0 = 6.3284e-04
Loss = 4.8754e-02, PNorm = 97.0287, GNorm = 0.2274, lr_0 = 6.3219e-04
Loss = 5.2306e-02, PNorm = 97.0320, GNorm = 0.8486, lr_0 = 6.3154e-04
Loss = 9.2519e-02, PNorm = 97.0283, GNorm = 0.6010, lr_0 = 6.3089e-04
Loss = 5.2099e-02, PNorm = 97.0452, GNorm = 0.8786, lr_0 = 6.3024e-04
Loss = 4.8445e-02, PNorm = 97.0593, GNorm = 0.2746, lr_0 = 6.2960e-04
Loss = 4.8874e-02, PNorm = 97.0726, GNorm = 0.1612, lr_0 = 6.2895e-04
Loss = 3.5021e-02, PNorm = 97.0765, GNorm = 0.2314, lr_0 = 6.2830e-04
Loss = 6.7331e-02, PNorm = 97.0774, GNorm = 0.3264, lr_0 = 6.2766e-04
Loss = 8.0515e-02, PNorm = 97.0811, GNorm = 0.5832, lr_0 = 6.2701e-04
Loss = 6.0147e-02, PNorm = 97.0996, GNorm = 0.6571, lr_0 = 6.2637e-04
Loss = 2.6525e-02, PNorm = 97.1171, GNorm = 0.1832, lr_0 = 6.2573e-04
Loss = 6.7583e-02, PNorm = 97.1198, GNorm = 0.1657, lr_0 = 6.2508e-04
Loss = 7.0751e-02, PNorm = 97.1100, GNorm = 0.4623, lr_0 = 6.2444e-04
Loss = 5.2700e-02, PNorm = 97.1206, GNorm = 0.4017, lr_0 = 6.2380e-04
Loss = 7.3839e-02, PNorm = 97.1327, GNorm = 1.3745, lr_0 = 6.2316e-04
Loss = 1.0182e-01, PNorm = 97.1309, GNorm = 0.4604, lr_0 = 6.2252e-04
Loss = 6.5492e-02, PNorm = 97.1429, GNorm = 0.8165, lr_0 = 6.2188e-04
Loss = 6.8762e-02, PNorm = 97.1515, GNorm = 0.5308, lr_0 = 6.2124e-04
Loss = 8.0241e-02, PNorm = 97.1599, GNorm = 0.8595, lr_0 = 6.2060e-04
Loss = 3.9593e-02, PNorm = 97.1758, GNorm = 0.3907, lr_0 = 6.1996e-04
Loss = 6.8493e-02, PNorm = 97.1870, GNorm = 0.2947, lr_0 = 6.1933e-04
Loss = 3.5352e-02, PNorm = 97.1984, GNorm = 0.5263, lr_0 = 6.1869e-04
Loss = 3.1150e-02, PNorm = 97.2138, GNorm = 1.0074, lr_0 = 6.1805e-04
Loss = 8.8086e-02, PNorm = 97.2056, GNorm = 0.5834, lr_0 = 6.1742e-04
Loss = 5.7452e-02, PNorm = 97.2143, GNorm = 0.4980, lr_0 = 6.1679e-04
Loss = 4.3864e-02, PNorm = 97.2300, GNorm = 0.2546, lr_0 = 6.1615e-04
Loss = 2.7141e-02, PNorm = 97.2439, GNorm = 0.2146, lr_0 = 6.1552e-04
Loss = 3.3669e-02, PNorm = 97.2540, GNorm = 0.1244, lr_0 = 6.1489e-04
Loss = 2.3511e-02, PNorm = 97.2599, GNorm = 0.1306, lr_0 = 6.1425e-04
Loss = 5.1334e-02, PNorm = 97.2591, GNorm = 1.0556, lr_0 = 6.1362e-04
Loss = 5.9529e-02, PNorm = 97.2572, GNorm = 1.2621, lr_0 = 6.1299e-04
Loss = 4.4212e-02, PNorm = 97.2667, GNorm = 0.4842, lr_0 = 6.1236e-04
Loss = 3.1843e-02, PNorm = 97.2818, GNorm = 0.2429, lr_0 = 6.1173e-04
Loss = 4.4938e-02, PNorm = 97.2927, GNorm = 0.1365, lr_0 = 6.1111e-04
Loss = 6.6670e-02, PNorm = 97.2953, GNorm = 0.2574, lr_0 = 6.1048e-04
Validation auc = 0.553251
Epoch 8
Loss = 4.7076e-02, PNorm = 97.3053, GNorm = 0.7908, lr_0 = 6.0985e-04
Loss = 3.9509e-02, PNorm = 97.3279, GNorm = 0.2234, lr_0 = 6.0922e-04
Loss = 5.2417e-02, PNorm = 97.3427, GNorm = 0.3526, lr_0 = 6.0860e-04
Loss = 3.5759e-02, PNorm = 97.3646, GNorm = 0.7842, lr_0 = 6.0797e-04
Loss = 4.6274e-02, PNorm = 97.3787, GNorm = 0.2773, lr_0 = 6.0735e-04
Loss = 3.1611e-02, PNorm = 97.3896, GNorm = 0.5955, lr_0 = 6.0672e-04
Loss = 7.6249e-02, PNorm = 97.3962, GNorm = 0.3830, lr_0 = 6.0610e-04
Loss = 3.6673e-02, PNorm = 97.4124, GNorm = 0.5957, lr_0 = 6.0548e-04
Loss = 9.5749e-02, PNorm = 97.4254, GNorm = 0.4933, lr_0 = 6.0486e-04
Loss = 5.6973e-02, PNorm = 97.4561, GNorm = 0.4875, lr_0 = 6.0423e-04
Loss = 2.4629e-02, PNorm = 97.5010, GNorm = 0.0000, lr_0 = 6.0361e-04
Loss = 4.0421e-01, PNorm = 97.7678, GNorm = 0.7943, lr_0 = 6.0299e-04
Loss = 6.3390e-02, PNorm = 98.1590, GNorm = 2.1410, lr_0 = 6.0237e-04
Loss = 6.1919e-02, PNorm = 98.3606, GNorm = 1.8979, lr_0 = 6.0175e-04
Loss = 1.6361e-02, PNorm = 98.4493, GNorm = 0.2331, lr_0 = 6.0114e-04
Loss = 3.8616e-02, PNorm = 98.4937, GNorm = 0.1919, lr_0 = 6.0052e-04
Loss = 6.2085e-02, PNorm = 98.5060, GNorm = 0.3541, lr_0 = 5.9990e-04
Loss = 6.2366e-02, PNorm = 98.5159, GNorm = 0.8013, lr_0 = 5.9929e-04
Loss = 9.9969e-02, PNorm = 98.5239, GNorm = 3.7245, lr_0 = 5.9867e-04
Loss = 7.4092e-02, PNorm = 98.5295, GNorm = 0.5592, lr_0 = 5.9805e-04
Loss = 4.1299e-02, PNorm = 98.5469, GNorm = 0.5476, lr_0 = 5.9744e-04
Loss = 5.0893e-03, PNorm = 98.5724, GNorm = 0.0876, lr_0 = 5.9683e-04
Loss = 7.8587e-02, PNorm = 98.5730, GNorm = 0.8963, lr_0 = 5.9621e-04
Loss = 5.9302e-02, PNorm = 98.5698, GNorm = 0.5135, lr_0 = 5.9560e-04
Loss = 4.6780e-02, PNorm = 98.5811, GNorm = 0.4290, lr_0 = 5.9499e-04
Loss = 8.2485e-02, PNorm = 98.5919, GNorm = 0.7135, lr_0 = 5.9438e-04
Loss = 7.0983e-02, PNorm = 98.5950, GNorm = 0.5694, lr_0 = 5.9377e-04
Loss = 2.1566e-02, PNorm = 98.6101, GNorm = 0.2473, lr_0 = 5.9316e-04
Loss = 6.7658e-02, PNorm = 98.6135, GNorm = 0.2959, lr_0 = 5.9255e-04
Loss = 5.6070e-02, PNorm = 98.6166, GNorm = 0.8365, lr_0 = 5.9194e-04
Loss = 4.9801e-02, PNorm = 98.6220, GNorm = 0.2710, lr_0 = 5.9133e-04
Loss = 4.7756e-02, PNorm = 98.6270, GNorm = 0.3593, lr_0 = 5.9072e-04
Loss = 3.2866e-02, PNorm = 98.6367, GNorm = 0.2521, lr_0 = 5.9012e-04
Loss = 4.5136e-02, PNorm = 98.6472, GNorm = 0.2413, lr_0 = 5.8951e-04
Loss = 2.6878e-02, PNorm = 98.6587, GNorm = 0.2209, lr_0 = 5.8890e-04
Loss = 6.5230e-02, PNorm = 98.6634, GNorm = 0.2522, lr_0 = 5.8830e-04
Loss = 1.7195e-02, PNorm = 98.6707, GNorm = 0.1768, lr_0 = 5.8769e-04
Loss = 3.7782e-02, PNorm = 98.6819, GNorm = 0.1944, lr_0 = 5.8709e-04
Loss = 5.0512e-02, PNorm = 98.6885, GNorm = 0.7830, lr_0 = 5.8649e-04
Loss = 9.9969e-02, PNorm = 98.6842, GNorm = 0.7684, lr_0 = 5.8589e-04
Loss = 4.5917e-02, PNorm = 98.6997, GNorm = 0.5170, lr_0 = 5.8528e-04
Loss = 2.2465e-02, PNorm = 98.7209, GNorm = 0.1295, lr_0 = 5.8468e-04
Loss = 6.0028e-02, PNorm = 98.7272, GNorm = 0.9123, lr_0 = 5.8408e-04
Loss = 6.4813e-02, PNorm = 98.7262, GNorm = 1.9377, lr_0 = 5.8348e-04
Loss = 3.9361e-02, PNorm = 98.7220, GNorm = 0.3768, lr_0 = 5.8288e-04
Loss = 5.1191e-02, PNorm = 98.7302, GNorm = 0.4285, lr_0 = 5.8228e-04
Loss = 5.5564e-02, PNorm = 98.7403, GNorm = 0.3170, lr_0 = 5.8168e-04
Loss = 7.0275e-02, PNorm = 98.7445, GNorm = 0.7346, lr_0 = 5.8109e-04
Loss = 6.6509e-02, PNorm = 98.7492, GNorm = 0.6599, lr_0 = 5.8049e-04
Loss = 4.9970e-02, PNorm = 98.7596, GNorm = 0.7506, lr_0 = 5.7989e-04
Loss = 6.1511e-02, PNorm = 98.7694, GNorm = 0.3333, lr_0 = 5.7930e-04
Loss = 2.7616e-02, PNorm = 98.7846, GNorm = 0.2755, lr_0 = 5.7870e-04
Loss = 2.8643e-02, PNorm = 98.7976, GNorm = 0.1931, lr_0 = 5.7811e-04
Loss = 2.8023e-02, PNorm = 98.8062, GNorm = 0.1193, lr_0 = 5.7751e-04
Loss = 1.0190e-01, PNorm = 98.7972, GNorm = 0.3667, lr_0 = 5.7692e-04
Loss = 5.4334e-02, PNorm = 98.8008, GNorm = 0.5786, lr_0 = 5.7633e-04
Loss = 1.0213e-02, PNorm = 98.8247, GNorm = 0.1250, lr_0 = 5.7574e-04
Loss = 7.2508e-02, PNorm = 98.8262, GNorm = 0.1321, lr_0 = 5.7514e-04
Loss = 9.9694e-02, PNorm = 98.8183, GNorm = 0.6044, lr_0 = 5.7455e-04
Loss = 8.4982e-02, PNorm = 98.8283, GNorm = 0.8094, lr_0 = 5.7396e-04
Loss = 6.2611e-02, PNorm = 98.8498, GNorm = 0.4579, lr_0 = 5.7337e-04
Loss = 5.8412e-02, PNorm = 98.8615, GNorm = 1.3086, lr_0 = 5.7278e-04
Loss = 9.2905e-02, PNorm = 98.8623, GNorm = 0.4995, lr_0 = 5.7220e-04
Loss = 4.3907e-02, PNorm = 98.8699, GNorm = 0.4356, lr_0 = 5.7161e-04
Loss = 7.2539e-02, PNorm = 98.8801, GNorm = 0.5787, lr_0 = 5.7102e-04
Loss = 4.6742e-02, PNorm = 98.8883, GNorm = 0.8508, lr_0 = 5.7043e-04
Loss = 6.1416e-02, PNorm = 98.8935, GNorm = 0.4913, lr_0 = 5.6985e-04
Loss = 3.5832e-02, PNorm = 98.9040, GNorm = 0.4841, lr_0 = 5.6926e-04
Loss = 7.3595e-02, PNorm = 98.9065, GNorm = 0.3377, lr_0 = 5.6868e-04
Loss = 5.4442e-02, PNorm = 98.9143, GNorm = 0.3824, lr_0 = 5.6809e-04
Loss = 5.1707e-02, PNorm = 98.9245, GNorm = 0.3433, lr_0 = 5.6751e-04
Loss = 4.3529e-02, PNorm = 98.9334, GNorm = 0.2334, lr_0 = 5.6693e-04
Loss = 4.2577e-02, PNorm = 98.9426, GNorm = 0.2391, lr_0 = 5.6634e-04
Loss = 3.0522e-02, PNorm = 98.9544, GNorm = 0.9389, lr_0 = 5.6576e-04
Loss = 6.2529e-02, PNorm = 98.9532, GNorm = 0.2348, lr_0 = 5.6518e-04
Loss = 2.0212e-02, PNorm = 98.9616, GNorm = 0.3103, lr_0 = 5.6460e-04
Loss = 5.0525e-02, PNorm = 98.9706, GNorm = 0.1935, lr_0 = 5.6402e-04
Loss = 4.0971e-02, PNorm = 98.9737, GNorm = 0.2144, lr_0 = 5.6344e-04
Loss = 5.2046e-02, PNorm = 98.9778, GNorm = 0.2280, lr_0 = 5.6286e-04
Loss = 5.2127e-02, PNorm = 98.9796, GNorm = 0.3046, lr_0 = 5.6228e-04
Validation auc = 0.583665
Epoch 9
Loss = 5.3027e-02, PNorm = 98.9858, GNorm = 0.3803, lr_0 = 5.6171e-04
Loss = 6.7137e-02, PNorm = 98.9918, GNorm = 0.9634, lr_0 = 5.6113e-04
Loss = 8.4753e-02, PNorm = 98.9985, GNorm = 1.3501, lr_0 = 5.6055e-04
Loss = 4.2819e-02, PNorm = 99.0118, GNorm = 1.0347, lr_0 = 5.5998e-04
Loss = 3.7596e-02, PNorm = 99.0254, GNorm = 0.2533, lr_0 = 5.5940e-04
Loss = 4.6126e-02, PNorm = 99.0370, GNorm = 0.2218, lr_0 = 5.5883e-04
Loss = 3.5347e-02, PNorm = 99.0422, GNorm = 0.2535, lr_0 = 5.5825e-04
Loss = 5.4556e-02, PNorm = 99.0463, GNorm = 0.3309, lr_0 = 5.5768e-04
Loss = 4.1793e-02, PNorm = 99.0578, GNorm = 0.6824, lr_0 = 5.5711e-04
Loss = 7.3897e-02, PNorm = 99.0628, GNorm = 1.1056, lr_0 = 5.5653e-04
Loss = 2.8345e-02, PNorm = 99.0711, GNorm = 0.2951, lr_0 = 5.5596e-04
Loss = 5.1017e-02, PNorm = 99.0830, GNorm = 0.3594, lr_0 = 5.5539e-04
Loss = 5.6022e-02, PNorm = 99.0924, GNorm = 0.3079, lr_0 = 5.5482e-04
Loss = 5.3818e-02, PNorm = 99.1001, GNorm = 0.2962, lr_0 = 5.5425e-04
Loss = 4.0157e-02, PNorm = 99.1073, GNorm = 0.3971, lr_0 = 5.5368e-04
Loss = 3.8668e-02, PNorm = 99.1247, GNorm = 0.9703, lr_0 = 5.5311e-04
Loss = 5.5502e-02, PNorm = 99.1265, GNorm = 0.3560, lr_0 = 5.5254e-04
Loss = 3.6933e-02, PNorm = 99.1368, GNorm = 0.7156, lr_0 = 5.5198e-04
Loss = 3.5092e-02, PNorm = 99.1461, GNorm = 0.2170, lr_0 = 5.5141e-04
Loss = 2.4018e-02, PNorm = 99.1561, GNorm = 0.1962, lr_0 = 5.5084e-04
Loss = 4.3301e-02, PNorm = 99.1666, GNorm = 0.1572, lr_0 = 5.5028e-04
Loss = 7.2910e-02, PNorm = 99.1588, GNorm = 0.3986, lr_0 = 5.4971e-04
Loss = 3.9834e-02, PNorm = 99.1693, GNorm = 0.3244, lr_0 = 5.4915e-04
Loss = 3.7755e-02, PNorm = 99.1799, GNorm = 0.2275, lr_0 = 5.4858e-04
Loss = 8.3105e-02, PNorm = 99.1846, GNorm = 0.6747, lr_0 = 5.4802e-04
Loss = 4.1781e-02, PNorm = 99.1911, GNorm = 0.4153, lr_0 = 5.4745e-04
Loss = 4.8922e-02, PNorm = 99.2059, GNorm = 0.3025, lr_0 = 5.4689e-04
Loss = 7.2644e-02, PNorm = 99.2132, GNorm = 0.9596, lr_0 = 5.4633e-04
Loss = 6.2717e-02, PNorm = 99.2185, GNorm = 0.8622, lr_0 = 5.4577e-04
Loss = 7.9035e-02, PNorm = 99.2260, GNorm = 1.3397, lr_0 = 5.4521e-04
Loss = 5.2954e-02, PNorm = 99.2345, GNorm = 0.4754, lr_0 = 5.4465e-04
Loss = 5.1833e-02, PNorm = 99.2479, GNorm = 0.4013, lr_0 = 5.4409e-04
Loss = 7.6493e-02, PNorm = 99.2613, GNorm = 1.6406, lr_0 = 5.4353e-04
Loss = 6.8573e-02, PNorm = 99.2625, GNorm = 1.1040, lr_0 = 5.4297e-04
Loss = 6.8826e-02, PNorm = 99.2694, GNorm = 1.2985, lr_0 = 5.4241e-04
Loss = 8.1421e-02, PNorm = 99.2821, GNorm = 0.5897, lr_0 = 5.4186e-04
Loss = 1.8039e-02, PNorm = 99.2959, GNorm = 0.3086, lr_0 = 5.4130e-04
Loss = 4.8194e-02, PNorm = 99.3115, GNorm = 1.5788, lr_0 = 5.4074e-04
Loss = 5.5682e-02, PNorm = 99.3119, GNorm = 0.2546, lr_0 = 5.4019e-04
Loss = 6.6819e-02, PNorm = 99.3155, GNorm = 0.4341, lr_0 = 5.3963e-04
Loss = 9.2781e-03, PNorm = 99.3354, GNorm = 0.1330, lr_0 = 5.3908e-04
Loss = 8.6948e-02, PNorm = 99.3380, GNorm = 0.2293, lr_0 = 5.3852e-04
Loss = 3.3381e-02, PNorm = 99.3417, GNorm = 0.6379, lr_0 = 5.3797e-04
Loss = 3.9401e-02, PNorm = 99.3487, GNorm = 0.2860, lr_0 = 5.3742e-04
Loss = 6.9124e-02, PNorm = 99.3552, GNorm = 1.5210, lr_0 = 5.3687e-04
Loss = 4.5174e-02, PNorm = 99.3600, GNorm = 0.3857, lr_0 = 5.3631e-04
Loss = 5.6797e-02, PNorm = 99.3706, GNorm = 0.2640, lr_0 = 5.3576e-04
Loss = 5.2619e-02, PNorm = 99.3775, GNorm = 0.4427, lr_0 = 5.3521e-04
Loss = 6.9159e-02, PNorm = 99.3884, GNorm = 0.4875, lr_0 = 5.3466e-04
Loss = 4.0055e-02, PNorm = 99.4011, GNorm = 0.6771, lr_0 = 5.3411e-04
Loss = 4.7927e-02, PNorm = 99.4089, GNorm = 0.2158, lr_0 = 5.3357e-04
Loss = 2.7229e-02, PNorm = 99.4175, GNorm = 0.2609, lr_0 = 5.3302e-04
Loss = 7.6275e-02, PNorm = 99.4220, GNorm = 0.8067, lr_0 = 5.3247e-04
Loss = 5.3743e-02, PNorm = 99.4228, GNorm = 0.7406, lr_0 = 5.3192e-04
Loss = 5.9549e-02, PNorm = 99.4324, GNorm = 0.4339, lr_0 = 5.3138e-04
Loss = 4.2810e-02, PNorm = 99.4444, GNorm = 0.3565, lr_0 = 5.3083e-04
Loss = 7.0621e-02, PNorm = 99.4513, GNorm = 0.3291, lr_0 = 5.3028e-04
Loss = 4.3610e-02, PNorm = 99.4620, GNorm = 0.3936, lr_0 = 5.2974e-04
Loss = 6.6280e-02, PNorm = 99.4731, GNorm = 0.3093, lr_0 = 5.2920e-04
Loss = 4.4632e-02, PNorm = 99.4853, GNorm = 0.2571, lr_0 = 5.2865e-04
Loss = 5.2653e-02, PNorm = 99.4972, GNorm = 0.8411, lr_0 = 5.2811e-04
Loss = 2.5521e-02, PNorm = 99.5096, GNorm = 0.2341, lr_0 = 5.2757e-04
Loss = 3.5100e-02, PNorm = 99.5279, GNorm = 0.2091, lr_0 = 5.2702e-04
Loss = 8.1223e-02, PNorm = 99.5362, GNorm = 0.3629, lr_0 = 5.2648e-04
Loss = 1.2009e-02, PNorm = 99.5628, GNorm = 0.2885, lr_0 = 5.2594e-04
Loss = 3.2645e-02, PNorm = 99.5919, GNorm = 0.1092, lr_0 = 5.2540e-04
Loss = 8.6228e-02, PNorm = 99.5873, GNorm = 0.3377, lr_0 = 5.2486e-04
Loss = 2.5587e-02, PNorm = 99.6053, GNorm = 0.3153, lr_0 = 5.2432e-04
Loss = 4.6981e-02, PNorm = 99.6288, GNorm = 0.2233, lr_0 = 5.2378e-04
Loss = 4.3311e-02, PNorm = 99.6431, GNorm = 0.2409, lr_0 = 5.2325e-04
Loss = 1.7209e-02, PNorm = 99.6616, GNorm = 0.1618, lr_0 = 5.2271e-04
Loss = 8.7736e-02, PNorm = 99.6646, GNorm = 1.0395, lr_0 = 5.2217e-04
Loss = 3.5997e-02, PNorm = 99.6747, GNorm = 0.4542, lr_0 = 5.2163e-04
Loss = 8.1757e-03, PNorm = 99.7052, GNorm = 0.1855, lr_0 = 5.2110e-04
Loss = 6.4740e-02, PNorm = 99.7050, GNorm = 0.1679, lr_0 = 5.2056e-04
Loss = 5.7485e-02, PNorm = 99.7063, GNorm = 0.7111, lr_0 = 5.2003e-04
Loss = 7.9617e-02, PNorm = 99.7167, GNorm = 0.6419, lr_0 = 5.1949e-04
Loss = 5.6144e-02, PNorm = 99.7302, GNorm = 0.5818, lr_0 = 5.1896e-04
Loss = 8.2862e-02, PNorm = 99.7436, GNorm = 1.2232, lr_0 = 5.1843e-04
Loss = 5.8641e-02, PNorm = 99.7598, GNorm = 0.6449, lr_0 = 5.1789e-04
Validation auc = 0.610205
Epoch 10
Loss = 4.7306e-02, PNorm = 99.7732, GNorm = 0.3527, lr_0 = 5.1736e-04
Loss = 4.7035e-02, PNorm = 99.7857, GNorm = 0.2580, lr_0 = 5.1683e-04
Loss = 6.2461e-02, PNorm = 99.7915, GNorm = 1.0810, lr_0 = 5.1630e-04
Loss = 3.2659e-02, PNorm = 99.8032, GNorm = 0.3800, lr_0 = 5.1577e-04
Loss = 1.7162e-02, PNorm = 99.8229, GNorm = 0.1772, lr_0 = 5.1524e-04
Loss = 5.7316e-02, PNorm = 99.8326, GNorm = 0.0863, lr_0 = 5.1471e-04
Loss = 1.1355e-01, PNorm = 99.8206, GNorm = 0.6562, lr_0 = 5.1418e-04
Loss = 7.4486e-02, PNorm = 99.8264, GNorm = 1.1125, lr_0 = 5.1365e-04
Loss = 7.2162e-02, PNorm = 99.8385, GNorm = 0.5913, lr_0 = 5.1313e-04
Loss = 1.7966e-02, PNorm = 99.8562, GNorm = 0.2107, lr_0 = 5.1260e-04
Loss = 6.3670e-02, PNorm = 99.8633, GNorm = 0.1227, lr_0 = 5.1207e-04
Loss = 6.5815e-02, PNorm = 99.8600, GNorm = 0.6530, lr_0 = 5.1155e-04
Loss = 7.2901e-02, PNorm = 99.8629, GNorm = 1.1705, lr_0 = 5.1102e-04
Loss = 3.3523e-02, PNorm = 99.8728, GNorm = 0.6161, lr_0 = 5.1049e-04
Loss = 3.2479e-02, PNorm = 99.8890, GNorm = 0.9421, lr_0 = 5.0997e-04
Loss = 2.5254e-02, PNorm = 99.8969, GNorm = 0.1449, lr_0 = 5.0945e-04
Loss = 4.8648e-02, PNorm = 99.9041, GNorm = 0.7316, lr_0 = 5.0892e-04
Loss = 3.3981e-02, PNorm = 99.9060, GNorm = 0.8729, lr_0 = 5.0840e-04
Loss = 2.8186e-02, PNorm = 99.9140, GNorm = 0.2070, lr_0 = 5.0788e-04
Loss = 5.1109e-03, PNorm = 99.9233, GNorm = 0.1307, lr_0 = 5.0736e-04
Loss = 5.3215e-02, PNorm = 99.9289, GNorm = 0.9167, lr_0 = 5.0683e-04
Loss = 6.8100e-02, PNorm = 99.9256, GNorm = 0.2628, lr_0 = 5.0631e-04
Loss = 5.7429e-02, PNorm = 99.9305, GNorm = 0.8146, lr_0 = 5.0579e-04
Loss = 2.7532e-02, PNorm = 99.9398, GNorm = 0.2720, lr_0 = 5.0527e-04
Loss = 4.2513e-02, PNorm = 99.9528, GNorm = 0.1778, lr_0 = 5.0475e-04
Loss = 5.6864e-02, PNorm = 99.9540, GNorm = 0.2567, lr_0 = 5.0424e-04
Loss = 9.5187e-02, PNorm = 99.9501, GNorm = 0.7603, lr_0 = 5.0372e-04
Loss = 5.5034e-02, PNorm = 99.9579, GNorm = 2.0042, lr_0 = 5.0320e-04
Loss = 6.4892e-02, PNorm = 99.9635, GNorm = 0.4931, lr_0 = 5.0268e-04
Loss = 4.0115e-02, PNorm = 99.9776, GNorm = 0.3603, lr_0 = 5.0217e-04
Loss = 5.0930e-02, PNorm = 99.9922, GNorm = 0.7763, lr_0 = 5.0165e-04
Loss = 4.9240e-03, PNorm = 100.0007, GNorm = 0.1365, lr_0 = 5.0114e-04
Loss = 3.6417e-02, PNorm = 100.0050, GNorm = 0.1339, lr_0 = 5.0062e-04
Loss = 1.0192e-01, PNorm = 99.9996, GNorm = 1.1273, lr_0 = 5.0011e-04
Loss = 5.5425e-02, PNorm = 100.0036, GNorm = 0.6663, lr_0 = 4.9959e-04
Loss = 3.1854e-02, PNorm = 100.0261, GNorm = 0.9152, lr_0 = 4.9908e-04
Loss = 2.9366e-02, PNorm = 100.0384, GNorm = 0.1756, lr_0 = 4.9857e-04
Loss = 6.5165e-02, PNorm = 100.0466, GNorm = 2.6818, lr_0 = 4.9805e-04
Loss = 6.2155e-02, PNorm = 100.0368, GNorm = 0.6438, lr_0 = 4.9754e-04
Loss = 7.0404e-02, PNorm = 100.0393, GNorm = 0.5995, lr_0 = 4.9703e-04
Loss = 6.6122e-02, PNorm = 100.0503, GNorm = 0.4212, lr_0 = 4.9652e-04
Loss = 9.7558e-02, PNorm = 100.0635, GNorm = 0.7825, lr_0 = 4.9601e-04
Loss = 9.2929e-02, PNorm = 100.0701, GNorm = 0.5521, lr_0 = 4.9550e-04
Loss = 3.5962e-02, PNorm = 100.0872, GNorm = 0.4372, lr_0 = 4.9499e-04
Loss = 8.4188e-02, PNorm = 100.0984, GNorm = 0.7893, lr_0 = 4.9448e-04
Loss = 3.4852e-02, PNorm = 100.1056, GNorm = 0.2870, lr_0 = 4.9398e-04
Loss = 2.5175e-02, PNorm = 100.1169, GNorm = 0.2388, lr_0 = 4.9347e-04
Loss = 3.9406e-02, PNorm = 100.1247, GNorm = 0.1791, lr_0 = 4.9296e-04
Loss = 6.3287e-02, PNorm = 100.1240, GNorm = 1.0845, lr_0 = 4.9245e-04
Loss = 4.6133e-02, PNorm = 100.1264, GNorm = 1.1515, lr_0 = 4.9195e-04
Loss = 3.6687e-02, PNorm = 100.1351, GNorm = 0.3383, lr_0 = 4.9144e-04
Loss = 8.2447e-02, PNorm = 100.1385, GNorm = 0.5235, lr_0 = 4.9094e-04
Loss = 3.8498e-02, PNorm = 100.1457, GNorm = 0.6834, lr_0 = 4.9043e-04
Loss = 6.0025e-02, PNorm = 100.1515, GNorm = 0.3915, lr_0 = 4.8993e-04
Loss = 5.6640e-02, PNorm = 100.1603, GNorm = 0.3765, lr_0 = 4.8943e-04
Loss = 7.8872e-03, PNorm = 100.1778, GNorm = 0.1422, lr_0 = 4.8892e-04
Loss = 6.5810e-02, PNorm = 100.1834, GNorm = 2.1230, lr_0 = 4.8842e-04
Loss = 5.5089e-02, PNorm = 100.1793, GNorm = 0.3358, lr_0 = 4.8792e-04
Loss = 9.1549e-03, PNorm = 100.1891, GNorm = 0.2538, lr_0 = 4.8742e-04
Loss = 4.1258e-02, PNorm = 100.1976, GNorm = 0.1468, lr_0 = 4.8692e-04
Loss = 1.0562e-01, PNorm = 100.1840, GNorm = 0.4482, lr_0 = 4.8642e-04
Loss = 9.1441e-02, PNorm = 100.1881, GNorm = 0.5551, lr_0 = 4.8592e-04
Loss = 4.3740e-02, PNorm = 100.2041, GNorm = 0.4292, lr_0 = 4.8542e-04
Loss = 4.6104e-02, PNorm = 100.2206, GNorm = 0.2700, lr_0 = 4.8492e-04
Loss = 4.2457e-02, PNorm = 100.2306, GNorm = 0.6482, lr_0 = 4.8442e-04
Loss = 6.2865e-02, PNorm = 100.2296, GNorm = 0.2560, lr_0 = 4.8392e-04
Loss = 5.5778e-02, PNorm = 100.2347, GNorm = 0.7814, lr_0 = 4.8343e-04
Loss = 4.1653e-02, PNorm = 100.2437, GNorm = 0.3226, lr_0 = 4.8293e-04
Loss = 3.7253e-02, PNorm = 100.2577, GNorm = 0.1833, lr_0 = 4.8243e-04
Loss = 4.6926e-02, PNorm = 100.2639, GNorm = 0.7785, lr_0 = 4.8194e-04
Loss = 3.7168e-02, PNorm = 100.2695, GNorm = 0.2051, lr_0 = 4.8144e-04
Loss = 1.6053e-02, PNorm = 100.2756, GNorm = 0.1566, lr_0 = 4.8095e-04
Loss = 6.7892e-02, PNorm = 100.2798, GNorm = 0.2296, lr_0 = 4.8045e-04
Loss = 4.2039e-02, PNorm = 100.2886, GNorm = 0.3034, lr_0 = 4.7996e-04
Loss = 7.6112e-02, PNorm = 100.2977, GNorm = 1.7247, lr_0 = 4.7947e-04
Loss = 4.5842e-02, PNorm = 100.2978, GNorm = 0.4498, lr_0 = 4.7897e-04
Loss = 5.5490e-02, PNorm = 100.3088, GNorm = 0.4686, lr_0 = 4.7848e-04
Loss = 6.6864e-02, PNorm = 100.3240, GNorm = 0.3669, lr_0 = 4.7799e-04
Loss = 7.3750e-02, PNorm = 100.3390, GNorm = 0.4098, lr_0 = 4.7750e-04
Loss = 5.0650e-02, PNorm = 100.3530, GNorm = 0.4290, lr_0 = 4.7701e-04
Validation auc = 0.562356
Epoch 11
Loss = 6.6946e-02, PNorm = 100.3682, GNorm = 0.3318, lr_0 = 4.7652e-04
Loss = 4.8478e-02, PNorm = 100.3878, GNorm = 1.5470, lr_0 = 4.7603e-04
Loss = 9.2747e-02, PNorm = 100.3902, GNorm = 0.9245, lr_0 = 4.7554e-04
Loss = 4.4220e-02, PNorm = 100.3971, GNorm = 0.5561, lr_0 = 4.7505e-04
Loss = 6.5366e-02, PNorm = 100.4113, GNorm = 0.3607, lr_0 = 4.7456e-04
Loss = 2.3941e-02, PNorm = 100.4298, GNorm = 0.5540, lr_0 = 4.7408e-04
Loss = 4.1531e-02, PNorm = 100.4384, GNorm = 0.2287, lr_0 = 4.7359e-04
Loss = 5.2748e-02, PNorm = 100.4438, GNorm = 0.2162, lr_0 = 4.7310e-04
Loss = 4.7463e-02, PNorm = 100.4521, GNorm = 0.4497, lr_0 = 4.7262e-04
Loss = 3.0638e-02, PNorm = 100.4611, GNorm = 0.2596, lr_0 = 4.7213e-04
Loss = 3.4786e-02, PNorm = 100.4712, GNorm = 0.2118, lr_0 = 4.7165e-04
Loss = 5.6276e-02, PNorm = 100.4781, GNorm = 0.7079, lr_0 = 4.7116e-04
Loss = 1.5339e-02, PNorm = 100.4901, GNorm = 0.1835, lr_0 = 4.7068e-04
Loss = 4.6288e-02, PNorm = 100.4944, GNorm = 0.1921, lr_0 = 4.7019e-04
Loss = 8.0797e-02, PNorm = 100.4970, GNorm = 1.6054, lr_0 = 4.6971e-04
Loss = 3.9203e-02, PNorm = 100.5061, GNorm = 0.4149, lr_0 = 4.6923e-04
Loss = 5.2548e-02, PNorm = 100.5199, GNorm = 0.3966, lr_0 = 4.6875e-04
Loss = 4.2729e-02, PNorm = 100.5388, GNorm = 0.5838, lr_0 = 4.6826e-04
Loss = 6.3020e-02, PNorm = 100.5511, GNorm = 0.3032, lr_0 = 4.6778e-04
Loss = 3.6631e-02, PNorm = 100.5619, GNorm = 0.2896, lr_0 = 4.6730e-04
Loss = 3.9749e-02, PNorm = 100.5736, GNorm = 0.7199, lr_0 = 4.6682e-04
Loss = 2.6847e-02, PNorm = 100.5859, GNorm = 0.1797, lr_0 = 4.6634e-04
Loss = 5.9124e-02, PNorm = 100.5958, GNorm = 0.1934, lr_0 = 4.6586e-04
Loss = 2.6336e-02, PNorm = 100.6018, GNorm = 0.2912, lr_0 = 4.6539e-04
Loss = 8.0210e-02, PNorm = 100.6145, GNorm = 0.3762, lr_0 = 4.6491e-04
Loss = 4.0199e-02, PNorm = 100.6431, GNorm = 0.3088, lr_0 = 4.6443e-04
Loss = 7.0995e-02, PNorm = 100.6591, GNorm = 1.1552, lr_0 = 4.6395e-04
Loss = 6.1570e-02, PNorm = 100.6702, GNorm = 0.9027, lr_0 = 4.6348e-04
Loss = 4.5472e-02, PNorm = 100.6907, GNorm = 0.4873, lr_0 = 4.6300e-04
Loss = 4.1225e-02, PNorm = 100.7187, GNorm = 0.2234, lr_0 = 4.6252e-04
Loss = 3.1071e-02, PNorm = 100.7226, GNorm = 0.3090, lr_0 = 4.6205e-04
Loss = 5.6766e-02, PNorm = 100.7380, GNorm = 0.2597, lr_0 = 4.6157e-04
Loss = 3.4195e-02, PNorm = 100.7490, GNorm = 0.2912, lr_0 = 4.6110e-04
Loss = 2.2885e-02, PNorm = 100.7638, GNorm = 0.1795, lr_0 = 4.6063e-04
Loss = 5.2768e-02, PNorm = 100.7687, GNorm = 1.0956, lr_0 = 4.6015e-04
Loss = 6.8193e-02, PNorm = 100.7650, GNorm = 0.3853, lr_0 = 4.5968e-04
Loss = 5.7106e-02, PNorm = 100.7689, GNorm = 0.4010, lr_0 = 4.5921e-04
Loss = 1.7828e-02, PNorm = 100.7844, GNorm = 0.5081, lr_0 = 4.5874e-04
Loss = 6.0845e-02, PNorm = 100.7919, GNorm = 0.5321, lr_0 = 4.5826e-04
Loss = 5.4428e-02, PNorm = 100.7955, GNorm = 0.3578, lr_0 = 4.5779e-04
Loss = 5.8473e-02, PNorm = 100.8038, GNorm = 0.3894, lr_0 = 4.5732e-04
Loss = 7.0883e-02, PNorm = 100.8128, GNorm = 0.6086, lr_0 = 4.5685e-04
Loss = 6.4905e-02, PNorm = 100.8184, GNorm = 0.4492, lr_0 = 4.5638e-04
Loss = 3.5835e-02, PNorm = 100.8324, GNorm = 0.2687, lr_0 = 4.5592e-04
Loss = 1.0078e-01, PNorm = 100.8373, GNorm = 0.4373, lr_0 = 4.5545e-04
Loss = 4.3085e-02, PNorm = 100.8535, GNorm = 0.3956, lr_0 = 4.5498e-04
Loss = 6.0994e-02, PNorm = 100.8692, GNorm = 0.2302, lr_0 = 4.5451e-04
Loss = 5.7383e-02, PNorm = 100.8819, GNorm = 0.7400, lr_0 = 4.5404e-04
Loss = 7.4916e-02, PNorm = 100.8966, GNorm = 0.4913, lr_0 = 4.5358e-04
Loss = 5.1514e-02, PNorm = 100.9214, GNorm = 0.4214, lr_0 = 4.5311e-04
Loss = 5.5044e-02, PNorm = 100.9441, GNorm = 1.0843, lr_0 = 4.5265e-04
Loss = 1.0039e-01, PNorm = 100.9516, GNorm = 0.5579, lr_0 = 4.5218e-04
Loss = 6.8660e-02, PNorm = 101.0036, GNorm = 0.8730, lr_0 = 4.5172e-04
Loss = 5.8700e-02, PNorm = 101.0555, GNorm = 0.7227, lr_0 = 4.5125e-04
Loss = 5.9807e-02, PNorm = 101.0828, GNorm = 1.9714, lr_0 = 4.5079e-04
Loss = 8.0994e-02, PNorm = 101.0883, GNorm = 0.9457, lr_0 = 4.5033e-04
Loss = 5.2534e-02, PNorm = 101.0980, GNorm = 0.6134, lr_0 = 4.4986e-04
Loss = 2.1086e-02, PNorm = 101.1240, GNorm = 0.9429, lr_0 = 4.4940e-04
Loss = 6.1256e-02, PNorm = 101.1315, GNorm = 0.1507, lr_0 = 4.4894e-04
Loss = 3.2528e-02, PNorm = 101.1345, GNorm = 0.8712, lr_0 = 4.4848e-04
Loss = 5.2596e-02, PNorm = 101.1349, GNorm = 0.3809, lr_0 = 4.4802e-04
Loss = 3.5533e-02, PNorm = 101.1420, GNorm = 0.2622, lr_0 = 4.4756e-04
Loss = 5.9192e-03, PNorm = 101.1547, GNorm = 0.1645, lr_0 = 4.4710e-04
Loss = 1.4909e-02, PNorm = 101.1656, GNorm = 0.0829, lr_0 = 4.4664e-04
Loss = 9.2077e-02, PNorm = 101.1583, GNorm = 0.1849, lr_0 = 4.4618e-04
Loss = 7.2264e-02, PNorm = 101.1534, GNorm = 0.4305, lr_0 = 4.4572e-04
Loss = 5.2310e-02, PNorm = 101.1614, GNorm = 0.9563, lr_0 = 4.4526e-04
Loss = 5.3802e-02, PNorm = 101.1722, GNorm = 0.7389, lr_0 = 4.4480e-04
Loss = 3.8985e-02, PNorm = 101.1791, GNorm = 0.2579, lr_0 = 4.4435e-04
Loss = 3.4533e-02, PNorm = 101.1909, GNorm = 0.2751, lr_0 = 4.4389e-04
Loss = 8.2873e-02, PNorm = 101.1919, GNorm = 0.7531, lr_0 = 4.4344e-04
Loss = 5.7396e-02, PNorm = 101.1937, GNorm = 0.4811, lr_0 = 4.4298e-04
Loss = 4.7817e-02, PNorm = 101.2054, GNorm = 0.4333, lr_0 = 4.4252e-04
Loss = 3.8442e-02, PNorm = 101.2238, GNorm = 0.5769, lr_0 = 4.4207e-04
Loss = 4.4793e-02, PNorm = 101.2325, GNorm = 0.2186, lr_0 = 4.4162e-04
Loss = 5.2254e-02, PNorm = 101.2358, GNorm = 0.8173, lr_0 = 4.4116e-04
Loss = 2.5655e-02, PNorm = 101.2384, GNorm = 0.2283, lr_0 = 4.4071e-04
Loss = 7.2419e-02, PNorm = 101.2391, GNorm = 0.3096, lr_0 = 4.4026e-04
Loss = 6.4237e-02, PNorm = 101.2465, GNorm = 0.6636, lr_0 = 4.3980e-04
Loss = 8.2035e-02, PNorm = 101.2514, GNorm = 0.4698, lr_0 = 4.3935e-04
Validation auc = 0.579343
Epoch 12
Loss = 6.8524e-02, PNorm = 101.2597, GNorm = 0.8034, lr_0 = 4.3890e-04
Loss = 5.8176e-02, PNorm = 101.2703, GNorm = 1.7077, lr_0 = 4.3845e-04
Loss = 3.2720e-02, PNorm = 101.2778, GNorm = 0.5810, lr_0 = 4.3800e-04
Loss = 5.0899e-02, PNorm = 101.2848, GNorm = 0.2499, lr_0 = 4.3755e-04
Loss = 9.2936e-02, PNorm = 101.2815, GNorm = 0.8628, lr_0 = 4.3710e-04
Loss = 5.8237e-02, PNorm = 101.2912, GNorm = 0.5434, lr_0 = 4.3665e-04
Loss = 1.0006e-02, PNorm = 101.3121, GNorm = 0.1827, lr_0 = 4.3620e-04
Loss = 1.3420e-01, PNorm = 101.3118, GNorm = 1.0772, lr_0 = 4.3575e-04
Loss = 8.6815e-02, PNorm = 101.3052, GNorm = 0.5493, lr_0 = 4.3531e-04
Loss = 5.3023e-02, PNorm = 101.3188, GNorm = 0.5263, lr_0 = 4.3486e-04
Loss = 2.8148e-02, PNorm = 101.3385, GNorm = 0.2814, lr_0 = 4.3441e-04
Loss = 2.4347e-02, PNorm = 101.3553, GNorm = 0.1094, lr_0 = 4.3397e-04
Loss = 4.2068e-02, PNorm = 101.3616, GNorm = 0.8573, lr_0 = 4.3352e-04
Loss = 5.3724e-02, PNorm = 101.3613, GNorm = 0.1962, lr_0 = 4.3307e-04
Loss = 4.5207e-02, PNorm = 101.3631, GNorm = 0.3776, lr_0 = 4.3263e-04
Loss = 3.2219e-02, PNorm = 101.3688, GNorm = 0.2713, lr_0 = 4.3218e-04
Loss = 2.8973e-02, PNorm = 101.3801, GNorm = 0.2133, lr_0 = 4.3174e-04
Loss = 4.4544e-02, PNorm = 101.3902, GNorm = 0.1691, lr_0 = 4.3130e-04
Loss = 5.8275e-02, PNorm = 101.3936, GNorm = 0.3245, lr_0 = 4.3085e-04
Loss = 3.6235e-02, PNorm = 101.4040, GNorm = 0.3218, lr_0 = 4.3041e-04
Loss = 3.0682e-02, PNorm = 101.4149, GNorm = 0.2730, lr_0 = 4.2997e-04
Loss = 5.7620e-02, PNorm = 101.4224, GNorm = 0.2245, lr_0 = 4.2953e-04
Loss = 4.9670e-02, PNorm = 101.4314, GNorm = 0.2825, lr_0 = 4.2909e-04
Loss = 2.9787e-02, PNorm = 101.4427, GNorm = 0.2412, lr_0 = 4.2865e-04
Loss = 4.9830e-02, PNorm = 101.4514, GNorm = 0.2627, lr_0 = 4.2821e-04
Loss = 6.9079e-02, PNorm = 101.4597, GNorm = 1.5084, lr_0 = 4.2777e-04
Loss = 4.8975e-02, PNorm = 101.4678, GNorm = 0.3671, lr_0 = 4.2733e-04
Loss = 4.6500e-02, PNorm = 101.4867, GNorm = 0.3358, lr_0 = 4.2689e-04
Loss = 3.6154e-02, PNorm = 101.5149, GNorm = 0.2238, lr_0 = 4.2645e-04
Loss = 3.4443e-02, PNorm = 101.5388, GNorm = 0.2458, lr_0 = 4.2601e-04
Loss = 4.1562e-02, PNorm = 101.5655, GNorm = 0.2586, lr_0 = 4.2557e-04
Loss = 2.6526e-02, PNorm = 101.5957, GNorm = 1.0471, lr_0 = 4.2513e-04
Loss = 4.7231e-02, PNorm = 101.6157, GNorm = 0.2346, lr_0 = 4.2470e-04
Loss = 1.1097e-01, PNorm = 101.6235, GNorm = 0.4554, lr_0 = 4.2426e-04
Loss = 8.4421e-02, PNorm = 101.6314, GNorm = 0.8538, lr_0 = 4.2383e-04
Loss = 8.9515e-02, PNorm = 101.6619, GNorm = 0.5749, lr_0 = 4.2339e-04
Loss = 2.9233e-02, PNorm = 101.6977, GNorm = 0.3726, lr_0 = 4.2296e-04
Loss = 1.7080e-02, PNorm = 101.7316, GNorm = 0.1096, lr_0 = 4.2252e-04
Loss = 3.3530e-02, PNorm = 101.7437, GNorm = 0.0777, lr_0 = 4.2209e-04
Loss = 1.4074e-02, PNorm = 101.7504, GNorm = 0.0848, lr_0 = 4.2165e-04
Loss = 1.2809e-01, PNorm = 101.7506, GNorm = 0.4275, lr_0 = 4.2122e-04
Loss = 8.9412e-02, PNorm = 101.7761, GNorm = 0.4532, lr_0 = 4.2079e-04
Loss = 3.6063e-02, PNorm = 101.8220, GNorm = 0.5017, lr_0 = 4.2035e-04
Loss = 2.3172e-02, PNorm = 101.8663, GNorm = 0.1518, lr_0 = 4.1992e-04
Loss = 7.3448e-02, PNorm = 101.8809, GNorm = 0.9027, lr_0 = 4.1949e-04
Loss = 3.0923e-02, PNorm = 101.8831, GNorm = 0.2404, lr_0 = 4.1906e-04
Loss = 1.7145e-02, PNorm = 101.8930, GNorm = 0.2342, lr_0 = 4.1863e-04
Loss = 3.2402e-02, PNorm = 101.9023, GNorm = 0.1912, lr_0 = 4.1820e-04
Loss = 7.5440e-02, PNorm = 101.8987, GNorm = 0.3299, lr_0 = 4.1777e-04
Loss = 6.8517e-02, PNorm = 101.9017, GNorm = 0.3282, lr_0 = 4.1734e-04
Loss = 8.5189e-02, PNorm = 101.9048, GNorm = 0.6399, lr_0 = 4.1691e-04
Loss = 4.7163e-02, PNorm = 101.9220, GNorm = 0.4474, lr_0 = 4.1648e-04
Loss = 6.5259e-02, PNorm = 101.9413, GNorm = 0.3997, lr_0 = 4.1606e-04
Loss = 5.8200e-02, PNorm = 101.9515, GNorm = 0.4227, lr_0 = 4.1563e-04
Loss = 4.3789e-02, PNorm = 101.9612, GNorm = 0.2826, lr_0 = 4.1520e-04
Loss = 3.7041e-02, PNorm = 101.9702, GNorm = 0.7074, lr_0 = 4.1477e-04
Loss = 5.4782e-02, PNorm = 101.9724, GNorm = 0.2951, lr_0 = 4.1435e-04
Loss = 3.0486e-02, PNorm = 101.9809, GNorm = 0.2612, lr_0 = 4.1392e-04
Loss = 5.0644e-02, PNorm = 101.9855, GNorm = 0.2846, lr_0 = 4.1350e-04
Loss = 6.5092e-02, PNorm = 101.9923, GNorm = 0.6646, lr_0 = 4.1307e-04
Loss = 6.6473e-02, PNorm = 101.9938, GNorm = 0.7819, lr_0 = 4.1265e-04
Loss = 4.1437e-02, PNorm = 102.0030, GNorm = 0.3995, lr_0 = 4.1222e-04
Loss = 6.8233e-02, PNorm = 102.0127, GNorm = 0.4085, lr_0 = 4.1180e-04
Loss = 4.6533e-02, PNorm = 102.0221, GNorm = 0.3118, lr_0 = 4.1138e-04
Loss = 3.6593e-02, PNorm = 102.0338, GNorm = 0.2947, lr_0 = 4.1096e-04
Loss = 9.3011e-02, PNorm = 102.0402, GNorm = 0.5678, lr_0 = 4.1053e-04
Loss = 4.2553e-02, PNorm = 102.0519, GNorm = 0.4348, lr_0 = 4.1011e-04
Loss = 7.1921e-02, PNorm = 102.0733, GNorm = 1.3178, lr_0 = 4.0969e-04
Loss = 5.7178e-02, PNorm = 102.1000, GNorm = 0.8486, lr_0 = 4.0927e-04
Loss = 1.2990e-01, PNorm = 102.1318, GNorm = 0.5414, lr_0 = 4.0885e-04
Loss = 6.1106e-02, PNorm = 102.1796, GNorm = 0.5836, lr_0 = 4.0843e-04
Loss = 4.1151e-02, PNorm = 102.2129, GNorm = 0.3534, lr_0 = 4.0801e-04
Loss = 1.9185e-02, PNorm = 102.2373, GNorm = 0.1376, lr_0 = 4.0759e-04
Loss = 5.4926e-02, PNorm = 102.2463, GNorm = 0.1558, lr_0 = 4.0717e-04
Loss = 4.7090e-02, PNorm = 102.2488, GNorm = 0.3228, lr_0 = 4.0675e-04
Loss = 5.2699e-02, PNorm = 102.2585, GNorm = 0.6534, lr_0 = 4.0633e-04
Loss = 4.1712e-02, PNorm = 102.2710, GNorm = 0.3921, lr_0 = 4.0592e-04
Loss = 3.5058e-02, PNorm = 102.2877, GNorm = 0.2051, lr_0 = 4.0550e-04
Loss = 8.0267e-02, PNorm = 102.2951, GNorm = 1.5564, lr_0 = 4.0508e-04
Loss = 3.8275e-02, PNorm = 102.3056, GNorm = 0.3992, lr_0 = 4.0467e-04
Validation auc = 0.573845
Epoch 13
Loss = 4.4014e-02, PNorm = 102.3202, GNorm = 0.3364, lr_0 = 4.0425e-04
Loss = 2.6744e-02, PNorm = 102.3457, GNorm = 0.1481, lr_0 = 4.0384e-04
Loss = 4.9599e-02, PNorm = 102.3584, GNorm = 0.1968, lr_0 = 4.0342e-04
Loss = 1.6049e-02, PNorm = 102.3760, GNorm = 0.1694, lr_0 = 4.0301e-04
Loss = 7.9581e-02, PNorm = 102.3855, GNorm = 0.2678, lr_0 = 4.0259e-04
Loss = 6.4846e-02, PNorm = 102.3891, GNorm = 0.6853, lr_0 = 4.0218e-04
Loss = 4.6589e-02, PNorm = 102.4083, GNorm = 0.4759, lr_0 = 4.0177e-04
Loss = 6.1189e-02, PNorm = 102.4326, GNorm = 1.4942, lr_0 = 4.0135e-04
Loss = 4.1839e-02, PNorm = 102.4439, GNorm = 0.3332, lr_0 = 4.0094e-04
Loss = 2.6101e-02, PNorm = 102.4609, GNorm = 0.2302, lr_0 = 4.0053e-04
Loss = 2.8560e-02, PNorm = 102.4735, GNorm = 0.2033, lr_0 = 4.0012e-04
Loss = 5.9827e-02, PNorm = 102.4802, GNorm = 0.9980, lr_0 = 3.9971e-04
Loss = 4.7651e-02, PNorm = 102.4829, GNorm = 0.9084, lr_0 = 3.9930e-04
Loss = 4.7386e-02, PNorm = 102.4884, GNorm = 0.5044, lr_0 = 3.9889e-04
Loss = 5.7831e-02, PNorm = 102.5002, GNorm = 0.6238, lr_0 = 3.9848e-04
Loss = 5.0238e-02, PNorm = 102.5090, GNorm = 1.6789, lr_0 = 3.9807e-04
Loss = 5.9886e-02, PNorm = 102.5113, GNorm = 0.3583, lr_0 = 3.9766e-04
Loss = 6.0859e-02, PNorm = 102.5162, GNorm = 0.4366, lr_0 = 3.9725e-04
Loss = 4.2647e-02, PNorm = 102.5284, GNorm = 1.5341, lr_0 = 3.9684e-04
Loss = 2.2142e-02, PNorm = 102.5400, GNorm = 0.2170, lr_0 = 3.9643e-04
Loss = 1.9494e-02, PNorm = 102.5515, GNorm = 0.1605, lr_0 = 3.9603e-04
Loss = 7.4745e-02, PNorm = 102.5526, GNorm = 0.1726, lr_0 = 3.9562e-04
Loss = 3.2983e-02, PNorm = 102.5558, GNorm = 0.2603, lr_0 = 3.9521e-04
Loss = 5.6851e-02, PNorm = 102.5651, GNorm = 0.9048, lr_0 = 3.9481e-04
Loss = 9.1064e-02, PNorm = 102.5615, GNorm = 0.5633, lr_0 = 3.9440e-04
Loss = 4.7938e-02, PNorm = 102.5714, GNorm = 0.5483, lr_0 = 3.9400e-04
Loss = 6.5797e-02, PNorm = 102.5842, GNorm = 0.4667, lr_0 = 3.9359e-04
Loss = 5.1973e-02, PNorm = 102.5918, GNorm = 0.3807, lr_0 = 3.9319e-04
Loss = 4.4766e-02, PNorm = 102.6010, GNorm = 0.2563, lr_0 = 3.9278e-04
Loss = 3.8702e-02, PNorm = 102.6103, GNorm = 0.6249, lr_0 = 3.9238e-04
Loss = 7.6583e-02, PNorm = 102.6138, GNorm = 0.2709, lr_0 = 3.9198e-04
Loss = 6.2988e-02, PNorm = 102.6162, GNorm = 0.4680, lr_0 = 3.9157e-04
Loss = 6.1193e-02, PNorm = 102.6275, GNorm = 0.4604, lr_0 = 3.9117e-04
Loss = 4.1498e-02, PNorm = 102.6438, GNorm = 0.6807, lr_0 = 3.9077e-04
Loss = 5.7043e-02, PNorm = 102.6513, GNorm = 0.2641, lr_0 = 3.9037e-04
Loss = 3.5116e-02, PNorm = 102.6616, GNorm = 0.3598, lr_0 = 3.8997e-04
Loss = 4.3993e-02, PNorm = 102.6769, GNorm = 0.5091, lr_0 = 3.8957e-04
Loss = 4.8249e-02, PNorm = 102.6897, GNorm = 0.2987, lr_0 = 3.8917e-04
Loss = 5.9778e-02, PNorm = 102.6957, GNorm = 0.4097, lr_0 = 3.8877e-04
Loss = 8.1562e-02, PNorm = 102.6984, GNorm = 0.4820, lr_0 = 3.8837e-04
Loss = 7.3551e-02, PNorm = 102.7056, GNorm = 0.6217, lr_0 = 3.8797e-04
Loss = 2.9272e-02, PNorm = 102.7200, GNorm = 0.3786, lr_0 = 3.8757e-04
Loss = 3.7279e-02, PNorm = 102.7344, GNorm = 0.7011, lr_0 = 3.8717e-04
Loss = 4.8399e-02, PNorm = 102.7417, GNorm = 0.9805, lr_0 = 3.8677e-04
Loss = 7.5287e-02, PNorm = 102.7398, GNorm = 0.6131, lr_0 = 3.8637e-04
Loss = 8.5735e-02, PNorm = 102.7390, GNorm = 0.6125, lr_0 = 3.8598e-04
Loss = 4.1556e-02, PNorm = 102.7527, GNorm = 0.6953, lr_0 = 3.8558e-04
Loss = 2.1232e-02, PNorm = 102.7669, GNorm = 0.3083, lr_0 = 3.8519e-04
Loss = 2.0517e-02, PNorm = 102.7787, GNorm = 0.1952, lr_0 = 3.8479e-04
Loss = 2.7188e-02, PNorm = 102.7844, GNorm = 0.1325, lr_0 = 3.8439e-04
Loss = 1.0421e-01, PNorm = 102.7790, GNorm = 0.5035, lr_0 = 3.8400e-04
Loss = 7.6702e-02, PNorm = 102.7749, GNorm = 0.6815, lr_0 = 3.8360e-04
Loss = 5.7785e-02, PNorm = 102.7859, GNorm = 0.4726, lr_0 = 3.8321e-04
Loss = 3.5983e-02, PNorm = 102.8004, GNorm = 0.3384, lr_0 = 3.8282e-04
Loss = 6.5878e-02, PNorm = 102.8093, GNorm = 0.2221, lr_0 = 3.8242e-04
Loss = 8.3907e-02, PNorm = 102.8069, GNorm = 0.4830, lr_0 = 3.8203e-04
Loss = 3.9997e-02, PNorm = 102.8157, GNorm = 0.4062, lr_0 = 3.8164e-04
Loss = 4.6752e-02, PNorm = 102.8263, GNorm = 0.2641, lr_0 = 3.8125e-04
Loss = 4.3970e-02, PNorm = 102.8324, GNorm = 0.2843, lr_0 = 3.8085e-04
Loss = 7.5653e-02, PNorm = 102.8342, GNorm = 0.5777, lr_0 = 3.8046e-04
Loss = 3.5041e-02, PNorm = 102.8415, GNorm = 0.3601, lr_0 = 3.8007e-04
Loss = 3.8205e-02, PNorm = 102.8516, GNorm = 0.6580, lr_0 = 3.7968e-04
Loss = 8.8212e-02, PNorm = 102.8546, GNorm = 1.1738, lr_0 = 3.7929e-04
Loss = 5.3933e-02, PNorm = 102.8605, GNorm = 0.9802, lr_0 = 3.7890e-04
Loss = 7.4487e-02, PNorm = 102.8674, GNorm = 0.6510, lr_0 = 3.7851e-04
Loss = 4.2663e-02, PNorm = 102.8783, GNorm = 0.4008, lr_0 = 3.7812e-04
Loss = 4.9200e-02, PNorm = 102.8916, GNorm = 0.2844, lr_0 = 3.7774e-04
Loss = 3.8790e-02, PNorm = 102.9036, GNorm = 1.0170, lr_0 = 3.7735e-04
Loss = 6.4807e-02, PNorm = 102.9009, GNorm = 0.2980, lr_0 = 3.7696e-04
Loss = 8.4067e-02, PNorm = 102.8984, GNorm = 0.6707, lr_0 = 3.7657e-04
Loss = 5.6738e-02, PNorm = 102.9052, GNorm = 0.5084, lr_0 = 3.7619e-04
Loss = 4.8132e-02, PNorm = 102.9175, GNorm = 0.3704, lr_0 = 3.7580e-04
Loss = 3.2807e-02, PNorm = 102.9307, GNorm = 0.2073, lr_0 = 3.7541e-04
Loss = 2.8000e-02, PNorm = 102.9392, GNorm = 0.1563, lr_0 = 3.7503e-04
Loss = 7.2729e-02, PNorm = 102.9354, GNorm = 0.1941, lr_0 = 3.7464e-04
Loss = 3.3256e-02, PNorm = 102.9360, GNorm = 0.2547, lr_0 = 3.7426e-04
Loss = 4.0248e-02, PNorm = 102.9404, GNorm = 0.2467, lr_0 = 3.7387e-04
Loss = 2.6470e-02, PNorm = 102.9495, GNorm = 0.2316, lr_0 = 3.7349e-04
Loss = 2.5989e-02, PNorm = 102.9592, GNorm = 0.1773, lr_0 = 3.7310e-04
Loss = 4.7642e-02, PNorm = 102.9596, GNorm = 0.1752, lr_0 = 3.7272e-04
Validation auc = 0.569641
Epoch 14
Loss = 2.6100e-02, PNorm = 102.9618, GNorm = 0.1907, lr_0 = 3.7234e-04
Loss = 2.9311e-02, PNorm = 102.9669, GNorm = 0.5158, lr_0 = 3.7196e-04
Loss = 5.4378e-02, PNorm = 102.9696, GNorm = 0.2250, lr_0 = 3.7157e-04
Loss = 4.8985e-02, PNorm = 102.9743, GNorm = 1.6949, lr_0 = 3.7119e-04
Loss = 4.0460e-02, PNorm = 102.9781, GNorm = 0.3314, lr_0 = 3.7081e-04
Loss = 1.0655e-01, PNorm = 102.9803, GNorm = 0.4463, lr_0 = 3.7043e-04
Loss = 3.9094e-02, PNorm = 102.9895, GNorm = 0.4493, lr_0 = 3.7005e-04
Loss = 5.7538e-02, PNorm = 103.0043, GNorm = 0.9229, lr_0 = 3.6967e-04
Loss = 3.4633e-02, PNorm = 103.0181, GNorm = 0.6236, lr_0 = 3.6929e-04
Loss = 7.4689e-02, PNorm = 103.0232, GNorm = 0.3714, lr_0 = 3.6891e-04
Loss = 5.4420e-02, PNorm = 103.0315, GNorm = 0.5617, lr_0 = 3.6853e-04
Loss = 5.1894e-02, PNorm = 103.0391, GNorm = 0.4088, lr_0 = 3.6815e-04
Loss = 6.8815e-02, PNorm = 103.0489, GNorm = 0.6366, lr_0 = 3.6777e-04
Loss = 4.7676e-02, PNorm = 103.0595, GNorm = 0.6199, lr_0 = 3.6740e-04
Loss = 3.7705e-02, PNorm = 103.0730, GNorm = 0.2620, lr_0 = 3.6702e-04
Loss = 5.3674e-02, PNorm = 103.0846, GNorm = 1.1114, lr_0 = 3.6664e-04
Loss = 3.8736e-02, PNorm = 103.0899, GNorm = 0.2804, lr_0 = 3.6626e-04
Loss = 1.7751e-02, PNorm = 103.0980, GNorm = 0.2368, lr_0 = 3.6589e-04
Loss = 5.9163e-02, PNorm = 103.1016, GNorm = 0.2215, lr_0 = 3.6551e-04
Loss = 7.4057e-02, PNorm = 103.1040, GNorm = 0.4168, lr_0 = 3.6514e-04
Loss = 6.4369e-02, PNorm = 103.1121, GNorm = 0.5197, lr_0 = 3.6476e-04
Loss = 6.0998e-02, PNorm = 103.1203, GNorm = 0.6542, lr_0 = 3.6439e-04
Loss = 4.3896e-02, PNorm = 103.1311, GNorm = 0.3247, lr_0 = 3.6401e-04
Loss = 5.5315e-02, PNorm = 103.1446, GNorm = 0.5500, lr_0 = 3.6364e-04
Loss = 7.6536e-02, PNorm = 103.1465, GNorm = 0.8912, lr_0 = 3.6326e-04
Loss = 5.4501e-02, PNorm = 103.1574, GNorm = 0.4163, lr_0 = 3.6289e-04
Loss = 6.7372e-02, PNorm = 103.1719, GNorm = 0.3825, lr_0 = 3.6252e-04
Loss = 7.3069e-02, PNorm = 103.1896, GNorm = 0.6542, lr_0 = 3.6215e-04
Loss = 5.3495e-02, PNorm = 103.2112, GNorm = 0.9255, lr_0 = 3.6177e-04
Loss = 1.7640e-02, PNorm = 103.2407, GNorm = 0.1525, lr_0 = 3.6140e-04
Loss = 4.9052e-02, PNorm = 103.2560, GNorm = 0.6974, lr_0 = 3.6103e-04
Loss = 1.1246e-01, PNorm = 103.2541, GNorm = 0.4263, lr_0 = 3.6066e-04
Loss = 3.5784e-02, PNorm = 103.2738, GNorm = 0.5398, lr_0 = 3.6029e-04
Loss = 4.0447e-02, PNorm = 103.2921, GNorm = 0.3336, lr_0 = 3.5992e-04
Loss = 2.4292e-02, PNorm = 103.3058, GNorm = 0.1880, lr_0 = 3.5955e-04
Loss = 6.9916e-02, PNorm = 103.3083, GNorm = 0.2427, lr_0 = 3.5918e-04
Loss = 5.1578e-02, PNorm = 103.3120, GNorm = 0.6281, lr_0 = 3.5881e-04
Loss = 2.7557e-02, PNorm = 103.3207, GNorm = 0.2794, lr_0 = 3.5844e-04
Loss = 6.5545e-02, PNorm = 103.3260, GNorm = 0.3287, lr_0 = 3.5807e-04
Loss = 4.7282e-02, PNorm = 103.3350, GNorm = 0.3523, lr_0 = 3.5771e-04
Loss = 4.8592e-02, PNorm = 103.3440, GNorm = 0.2653, lr_0 = 3.5734e-04
Loss = 5.4975e-02, PNorm = 103.3459, GNorm = 0.5624, lr_0 = 3.5697e-04
Loss = 4.9481e-02, PNorm = 103.3529, GNorm = 0.3186, lr_0 = 3.5661e-04
Loss = 4.9419e-02, PNorm = 103.3588, GNorm = 0.3545, lr_0 = 3.5624e-04
Loss = 3.9660e-02, PNorm = 103.3664, GNorm = 0.2520, lr_0 = 3.5587e-04
Loss = 1.2889e-01, PNorm = 103.3651, GNorm = 0.8791, lr_0 = 3.5551e-04
Loss = 7.9559e-02, PNorm = 103.3660, GNorm = 0.5387, lr_0 = 3.5514e-04
Loss = 5.3040e-02, PNorm = 103.3766, GNorm = 0.6389, lr_0 = 3.5478e-04
Loss = 4.9188e-02, PNorm = 103.3917, GNorm = 0.2442, lr_0 = 3.5441e-04
Loss = 8.1644e-02, PNorm = 103.3947, GNorm = 0.3581, lr_0 = 3.5405e-04
Loss = 3.5615e-02, PNorm = 103.4017, GNorm = 0.3106, lr_0 = 3.5368e-04
Loss = 6.4339e-02, PNorm = 103.4073, GNorm = 0.5421, lr_0 = 3.5332e-04
Loss = 7.5941e-02, PNorm = 103.4104, GNorm = 1.2268, lr_0 = 3.5296e-04
Loss = 3.4231e-02, PNorm = 103.4164, GNorm = 0.3893, lr_0 = 3.5260e-04
Loss = 1.8234e-02, PNorm = 103.4300, GNorm = 0.8485, lr_0 = 3.5223e-04
Loss = 3.3505e-03, PNorm = 103.4445, GNorm = 0.0713, lr_0 = 3.5187e-04
Loss = 4.6465e-02, PNorm = 103.4530, GNorm = 2.4425, lr_0 = 3.5151e-04
Loss = 8.2760e-02, PNorm = 103.4483, GNorm = 0.7916, lr_0 = 3.5115e-04
Loss = 6.3518e-02, PNorm = 103.4553, GNorm = 0.9829, lr_0 = 3.5079e-04
Loss = 3.4618e-02, PNorm = 103.4745, GNorm = 0.5073, lr_0 = 3.5043e-04
Loss = 3.1701e-02, PNorm = 103.5118, GNorm = 0.9042, lr_0 = 3.5007e-04
Loss = 6.7740e-02, PNorm = 103.5228, GNorm = 1.6220, lr_0 = 3.4971e-04
Loss = 2.5205e-02, PNorm = 103.5270, GNorm = 0.4782, lr_0 = 3.4935e-04
Loss = 3.3209e-02, PNorm = 103.5402, GNorm = 0.3544, lr_0 = 3.4899e-04
Loss = 5.8211e-02, PNorm = 103.5535, GNorm = 0.2687, lr_0 = 3.4863e-04
Loss = 4.0125e-02, PNorm = 103.5518, GNorm = 0.3425, lr_0 = 3.4827e-04
Loss = 5.7566e-02, PNorm = 103.5577, GNorm = 0.7814, lr_0 = 3.4792e-04
Loss = 3.3286e-02, PNorm = 103.5664, GNorm = 0.5688, lr_0 = 3.4756e-04
Loss = 2.1114e-02, PNorm = 103.5743, GNorm = 0.6204, lr_0 = 3.4720e-04
Loss = 3.9203e-02, PNorm = 103.5815, GNorm = 0.5754, lr_0 = 3.4684e-04
Loss = 5.1857e-02, PNorm = 103.5887, GNorm = 0.6772, lr_0 = 3.4649e-04
Loss = 4.8694e-02, PNorm = 103.5939, GNorm = 0.2942, lr_0 = 3.4613e-04
Loss = 4.4902e-02, PNorm = 103.6073, GNorm = 0.3306, lr_0 = 3.4578e-04
Loss = 9.0515e-02, PNorm = 103.6149, GNorm = 0.6112, lr_0 = 3.4542e-04
Loss = 4.9055e-02, PNorm = 103.6384, GNorm = 0.4269, lr_0 = 3.4507e-04
Loss = 3.7412e-02, PNorm = 103.6584, GNorm = 0.3653, lr_0 = 3.4471e-04
Loss = 5.8318e-02, PNorm = 103.6708, GNorm = 0.3580, lr_0 = 3.4436e-04
Loss = 7.3106e-02, PNorm = 103.6774, GNorm = 0.6338, lr_0 = 3.4400e-04
Loss = 3.8352e-02, PNorm = 103.6896, GNorm = 0.3946, lr_0 = 3.4365e-04
Loss = 4.6644e-02, PNorm = 103.7014, GNorm = 0.9203, lr_0 = 3.4330e-04
Validation auc = 0.543233
Epoch 15
Loss = 3.3630e-02, PNorm = 103.7062, GNorm = 0.2707, lr_0 = 3.4294e-04
Loss = 6.1505e-02, PNorm = 103.7120, GNorm = 0.2400, lr_0 = 3.4259e-04
Loss = 5.3206e-02, PNorm = 103.7124, GNorm = 0.4038, lr_0 = 3.4224e-04
Loss = 9.2435e-02, PNorm = 103.7138, GNorm = 0.4605, lr_0 = 3.4189e-04
Loss = 6.1959e-02, PNorm = 103.7216, GNorm = 0.5487, lr_0 = 3.4154e-04
Loss = 6.9178e-02, PNorm = 103.7320, GNorm = 0.4358, lr_0 = 3.4119e-04
Loss = 4.7628e-02, PNorm = 103.7408, GNorm = 0.4224, lr_0 = 3.4084e-04
Loss = 5.1812e-02, PNorm = 103.7495, GNorm = 0.3611, lr_0 = 3.4049e-04
Loss = 8.9418e-02, PNorm = 103.7528, GNorm = 0.4164, lr_0 = 3.4014e-04
Loss = 4.0286e-02, PNorm = 103.7611, GNorm = 0.3881, lr_0 = 3.3979e-04
Loss = 6.2502e-02, PNorm = 103.7690, GNorm = 0.9377, lr_0 = 3.3944e-04
Loss = 2.8681e-02, PNorm = 103.7782, GNorm = 0.2526, lr_0 = 3.3909e-04
Loss = 8.5029e-02, PNorm = 103.7775, GNorm = 0.3963, lr_0 = 3.3874e-04
Loss = 5.0834e-02, PNorm = 103.7810, GNorm = 0.5008, lr_0 = 3.3839e-04
Loss = 2.9835e-02, PNorm = 103.7901, GNorm = 0.2377, lr_0 = 3.3804e-04
Loss = 8.2823e-02, PNorm = 103.7910, GNorm = 0.2722, lr_0 = 3.3770e-04
Loss = 5.0221e-02, PNorm = 103.7938, GNorm = 0.3851, lr_0 = 3.3735e-04
Loss = 6.5903e-02, PNorm = 103.7972, GNorm = 0.4311, lr_0 = 3.3700e-04
Loss = 6.2291e-02, PNorm = 103.8026, GNorm = 0.3997, lr_0 = 3.3666e-04
Loss = 5.9961e-02, PNorm = 103.8070, GNorm = 0.3917, lr_0 = 3.3631e-04
Loss = 4.4048e-02, PNorm = 103.8166, GNorm = 1.0806, lr_0 = 3.3597e-04
Loss = 6.7657e-02, PNorm = 103.8207, GNorm = 0.8741, lr_0 = 3.3562e-04
Loss = 3.4255e-02, PNorm = 103.8243, GNorm = 0.2983, lr_0 = 3.3528e-04
Loss = 5.5926e-02, PNorm = 103.8289, GNorm = 0.8268, lr_0 = 3.3493e-04
Loss = 5.1497e-02, PNorm = 103.8302, GNorm = 0.3057, lr_0 = 3.3459e-04
Loss = 4.0546e-02, PNorm = 103.8346, GNorm = 0.3216, lr_0 = 3.3424e-04
Loss = 4.9337e-02, PNorm = 103.8431, GNorm = 0.8997, lr_0 = 3.3390e-04
Loss = 2.8866e-02, PNorm = 103.8514, GNorm = 0.2228, lr_0 = 3.3356e-04
Loss = 5.9348e-02, PNorm = 103.8569, GNorm = 0.2425, lr_0 = 3.3321e-04
Loss = 4.7546e-02, PNorm = 103.8580, GNorm = 0.3201, lr_0 = 3.3287e-04
Loss = 4.7740e-02, PNorm = 103.8627, GNorm = 0.3692, lr_0 = 3.3253e-04
Loss = 4.2347e-02, PNorm = 103.8698, GNorm = 0.3129, lr_0 = 3.3219e-04
Loss = 7.9218e-02, PNorm = 103.8720, GNorm = 0.3458, lr_0 = 3.3185e-04
Loss = 2.5732e-02, PNorm = 103.8799, GNorm = 0.5155, lr_0 = 3.3151e-04
Loss = 4.9826e-02, PNorm = 103.8868, GNorm = 0.9404, lr_0 = 3.3117e-04
Loss = 5.7427e-02, PNorm = 103.8913, GNorm = 0.7904, lr_0 = 3.3082e-04
Loss = 5.2907e-02, PNorm = 103.8928, GNorm = 0.7675, lr_0 = 3.3049e-04
Loss = 4.6500e-02, PNorm = 103.8993, GNorm = 0.3519, lr_0 = 3.3015e-04
Loss = 5.2621e-02, PNorm = 103.9077, GNorm = 0.4064, lr_0 = 3.2981e-04
Loss = 3.9767e-02, PNorm = 103.9182, GNorm = 0.5876, lr_0 = 3.2947e-04
Loss = 4.9938e-02, PNorm = 103.9280, GNorm = 0.7405, lr_0 = 3.2913e-04
Loss = 5.3931e-02, PNorm = 103.9339, GNorm = 0.3471, lr_0 = 3.2879e-04
Loss = 5.2329e-02, PNorm = 103.9416, GNorm = 0.8617, lr_0 = 3.2845e-04
Loss = 5.4751e-02, PNorm = 103.9434, GNorm = 0.4315, lr_0 = 3.2812e-04
Loss = 2.8499e-02, PNorm = 103.9548, GNorm = 0.2620, lr_0 = 3.2778e-04
Loss = 4.3355e-02, PNorm = 103.9651, GNorm = 0.2018, lr_0 = 3.2744e-04
Loss = 3.1113e-02, PNorm = 103.9729, GNorm = 0.2187, lr_0 = 3.2711e-04
Loss = 6.8037e-02, PNorm = 103.9737, GNorm = 0.6025, lr_0 = 3.2677e-04
Loss = 5.6549e-02, PNorm = 103.9773, GNorm = 0.7346, lr_0 = 3.2643e-04
Loss = 1.0719e-02, PNorm = 103.9884, GNorm = 0.3085, lr_0 = 3.2610e-04
Loss = 2.8800e-02, PNorm = 104.0009, GNorm = 0.1846, lr_0 = 3.2576e-04
Loss = 5.0565e-02, PNorm = 104.0034, GNorm = 0.1658, lr_0 = 3.2543e-04
Loss = 4.7878e-02, PNorm = 104.0057, GNorm = 0.2469, lr_0 = 3.2509e-04
Loss = 6.2299e-02, PNorm = 104.0069, GNorm = 0.6601, lr_0 = 3.2476e-04
Loss = 7.4423e-02, PNorm = 104.0063, GNorm = 0.4707, lr_0 = 3.2443e-04
Loss = 7.5874e-02, PNorm = 104.0084, GNorm = 0.5889, lr_0 = 3.2409e-04
Loss = 3.1302e-02, PNorm = 104.0199, GNorm = 0.5141, lr_0 = 3.2376e-04
Loss = 3.6947e-02, PNorm = 104.0307, GNorm = 0.2202, lr_0 = 3.2343e-04
Loss = 2.3630e-02, PNorm = 104.0379, GNorm = 0.1239, lr_0 = 3.2310e-04
Loss = 4.5031e-02, PNorm = 104.0431, GNorm = 1.2796, lr_0 = 3.2276e-04
Loss = 3.7318e-02, PNorm = 104.0447, GNorm = 0.2213, lr_0 = 3.2243e-04
Loss = 9.9004e-02, PNorm = 104.0410, GNorm = 0.4557, lr_0 = 3.2210e-04
Loss = 5.4518e-02, PNorm = 104.0496, GNorm = 0.6153, lr_0 = 3.2177e-04
Loss = 5.0162e-02, PNorm = 104.0624, GNorm = 0.3929, lr_0 = 3.2144e-04
Loss = 4.2102e-02, PNorm = 104.0760, GNorm = 0.3526, lr_0 = 3.2111e-04
Loss = 6.5937e-03, PNorm = 104.0958, GNorm = 0.1381, lr_0 = 3.2078e-04
Loss = 7.5585e-02, PNorm = 104.0898, GNorm = 0.2412, lr_0 = 3.2045e-04
Loss = 2.7966e-02, PNorm = 104.0908, GNorm = 0.2788, lr_0 = 3.2012e-04
Loss = 6.2230e-02, PNorm = 104.0940, GNorm = 0.2343, lr_0 = 3.1979e-04
Loss = 6.1591e-02, PNorm = 104.0932, GNorm = 0.3554, lr_0 = 3.1946e-04
Loss = 4.1941e-02, PNorm = 104.1006, GNorm = 0.3676, lr_0 = 3.1913e-04
Loss = 6.2987e-02, PNorm = 104.1065, GNorm = 0.5809, lr_0 = 3.1881e-04
Loss = 6.5836e-02, PNorm = 104.1098, GNorm = 0.4280, lr_0 = 3.1848e-04
Loss = 7.7203e-02, PNorm = 104.1170, GNorm = 0.4313, lr_0 = 3.1815e-04
Loss = 4.2390e-02, PNorm = 104.1288, GNorm = 0.6208, lr_0 = 3.1782e-04
Loss = 3.1329e-02, PNorm = 104.1370, GNorm = 0.3031, lr_0 = 3.1750e-04
Loss = 7.6898e-02, PNorm = 104.1403, GNorm = 0.6014, lr_0 = 3.1717e-04
Loss = 1.6822e-02, PNorm = 104.1467, GNorm = 0.2635, lr_0 = 3.1685e-04
Loss = 3.8567e-02, PNorm = 104.1546, GNorm = 0.8478, lr_0 = 3.1652e-04
Loss = 7.5087e-02, PNorm = 104.1576, GNorm = 0.2714, lr_0 = 3.1620e-04
Validation auc = 0.540591
Epoch 16
Loss = 5.5919e-02, PNorm = 104.1602, GNorm = 0.3529, lr_0 = 3.1587e-04
Loss = 5.7775e-02, PNorm = 104.1654, GNorm = 0.6956, lr_0 = 3.1555e-04
Loss = 3.6833e-02, PNorm = 104.1756, GNorm = 0.2846, lr_0 = 3.1522e-04
Loss = 7.5304e-02, PNorm = 104.1789, GNorm = 0.3350, lr_0 = 3.1490e-04
Loss = 3.1304e-02, PNorm = 104.1897, GNorm = 0.3106, lr_0 = 3.1457e-04
Loss = 6.2992e-02, PNorm = 104.1998, GNorm = 2.2792, lr_0 = 3.1425e-04
Loss = 5.6012e-02, PNorm = 104.2054, GNorm = 0.3073, lr_0 = 3.1393e-04
Loss = 6.3069e-02, PNorm = 104.2138, GNorm = 0.6189, lr_0 = 3.1361e-04
Loss = 2.8096e-02, PNorm = 104.2252, GNorm = 0.3303, lr_0 = 3.1328e-04
Loss = 8.2505e-02, PNorm = 104.2324, GNorm = 0.3914, lr_0 = 3.1296e-04
Loss = 6.8815e-02, PNorm = 104.2408, GNorm = 0.4051, lr_0 = 3.1264e-04
Loss = 4.7772e-02, PNorm = 104.2572, GNorm = 0.3218, lr_0 = 3.1232e-04
Loss = 5.1933e-02, PNorm = 104.2734, GNorm = 0.2861, lr_0 = 3.1200e-04
Loss = 3.4986e-02, PNorm = 104.2788, GNorm = 0.2540, lr_0 = 3.1168e-04
Loss = 6.6994e-02, PNorm = 104.2814, GNorm = 1.4285, lr_0 = 3.1136e-04
Loss = 2.8566e-02, PNorm = 104.2885, GNorm = 0.3410, lr_0 = 3.1104e-04
Loss = 4.2073e-02, PNorm = 104.2994, GNorm = 1.7402, lr_0 = 3.1072e-04
Loss = 4.4610e-02, PNorm = 104.3054, GNorm = 0.7180, lr_0 = 3.1040e-04
Loss = 5.6546e-02, PNorm = 104.3065, GNorm = 0.2567, lr_0 = 3.1008e-04
Loss = 4.0573e-02, PNorm = 104.3089, GNorm = 0.2880, lr_0 = 3.0976e-04
Loss = 6.3765e-02, PNorm = 104.3118, GNorm = 0.3419, lr_0 = 3.0944e-04
Loss = 1.0238e-02, PNorm = 104.3196, GNorm = 0.2992, lr_0 = 3.0912e-04
Loss = 5.0218e-02, PNorm = 104.3261, GNorm = 0.6496, lr_0 = 3.0881e-04
Loss = 2.6124e-02, PNorm = 104.3310, GNorm = 0.1478, lr_0 = 3.0849e-04
Loss = 7.8740e-02, PNorm = 104.3289, GNorm = 0.1920, lr_0 = 3.0817e-04
Loss = 9.0889e-02, PNorm = 104.3254, GNorm = 1.2921, lr_0 = 3.0786e-04
Loss = 3.2321e-02, PNorm = 104.3293, GNorm = 0.4687, lr_0 = 3.0754e-04
Loss = 5.4985e-02, PNorm = 104.3362, GNorm = 0.4194, lr_0 = 3.0722e-04
Loss = 7.7924e-02, PNorm = 104.3413, GNorm = 0.3776, lr_0 = 3.0691e-04
Loss = 3.8399e-02, PNorm = 104.3439, GNorm = 0.3161, lr_0 = 3.0659e-04
Loss = 6.6510e-02, PNorm = 104.3496, GNorm = 0.5511, lr_0 = 3.0628e-04
Loss = 6.2213e-02, PNorm = 104.3529, GNorm = 0.3826, lr_0 = 3.0596e-04
Loss = 2.7098e-02, PNorm = 104.3611, GNorm = 0.3000, lr_0 = 3.0565e-04
Loss = 2.2443e-02, PNorm = 104.3723, GNorm = 0.1993, lr_0 = 3.0534e-04
Loss = 6.8620e-02, PNorm = 104.3776, GNorm = 0.4900, lr_0 = 3.0502e-04
Loss = 2.9063e-02, PNorm = 104.3795, GNorm = 0.2225, lr_0 = 3.0471e-04
Loss = 3.9197e-02, PNorm = 104.3811, GNorm = 0.2246, lr_0 = 3.0439e-04
Loss = 2.8658e-02, PNorm = 104.3845, GNorm = 0.2361, lr_0 = 3.0408e-04
Loss = 3.9840e-02, PNorm = 104.3888, GNorm = 0.2306, lr_0 = 3.0377e-04
Loss = 4.9358e-02, PNorm = 104.3948, GNorm = 0.2200, lr_0 = 3.0346e-04
Loss = 4.2721e-02, PNorm = 104.4005, GNorm = 0.2550, lr_0 = 3.0315e-04
Loss = 2.7519e-02, PNorm = 104.4065, GNorm = 0.6856, lr_0 = 3.0283e-04
Loss = 5.4665e-02, PNorm = 104.4099, GNorm = 0.2484, lr_0 = 3.0252e-04
Loss = 7.9726e-02, PNorm = 104.4117, GNorm = 0.3033, lr_0 = 3.0221e-04
Loss = 1.8757e-02, PNorm = 104.4199, GNorm = 0.2978, lr_0 = 3.0190e-04
Loss = 4.4143e-02, PNorm = 104.4286, GNorm = 0.2183, lr_0 = 3.0159e-04
Loss = 4.9572e-02, PNorm = 104.4349, GNorm = 0.2407, lr_0 = 3.0128e-04
Loss = 6.9790e-02, PNorm = 104.4354, GNorm = 0.3344, lr_0 = 3.0097e-04
Loss = 6.4556e-02, PNorm = 104.4428, GNorm = 0.2980, lr_0 = 3.0066e-04
Loss = 4.8036e-02, PNorm = 104.4520, GNorm = 0.3252, lr_0 = 3.0035e-04
Loss = 3.0714e-02, PNorm = 104.4642, GNorm = 0.2796, lr_0 = 3.0005e-04
Loss = 4.0472e-02, PNorm = 104.4750, GNorm = 0.2574, lr_0 = 2.9974e-04
Loss = 7.0744e-02, PNorm = 104.4813, GNorm = 0.1972, lr_0 = 2.9943e-04
Loss = 3.9762e-02, PNorm = 104.4845, GNorm = 0.3104, lr_0 = 2.9912e-04
Loss = 2.9894e-02, PNorm = 104.4972, GNorm = 0.3135, lr_0 = 2.9881e-04
Loss = 6.3608e-02, PNorm = 104.5132, GNorm = 0.8718, lr_0 = 2.9851e-04
Loss = 1.1594e-01, PNorm = 104.5173, GNorm = 0.3871, lr_0 = 2.9820e-04
Loss = 5.7732e-02, PNorm = 104.5298, GNorm = 0.6262, lr_0 = 2.9789e-04
Loss = 4.9231e-02, PNorm = 104.5460, GNorm = 0.4430, lr_0 = 2.9759e-04
Loss = 3.5635e-02, PNorm = 104.5624, GNorm = 0.2237, lr_0 = 2.9728e-04
Loss = 5.1399e-02, PNorm = 104.5710, GNorm = 0.2115, lr_0 = 2.9698e-04
Loss = 4.1964e-02, PNorm = 104.5756, GNorm = 0.2178, lr_0 = 2.9667e-04
Loss = 1.4046e-01, PNorm = 104.5674, GNorm = 0.4511, lr_0 = 2.9637e-04
Loss = 5.0970e-02, PNorm = 104.5799, GNorm = 0.3790, lr_0 = 2.9606e-04
Loss = 1.7800e-02, PNorm = 104.5999, GNorm = 0.2520, lr_0 = 2.9576e-04
Loss = 3.2254e-02, PNorm = 104.6111, GNorm = 0.1749, lr_0 = 2.9545e-04
Loss = 4.3573e-02, PNorm = 104.6166, GNorm = 0.1499, lr_0 = 2.9515e-04
Loss = 1.5073e-02, PNorm = 104.6199, GNorm = 0.1636, lr_0 = 2.9485e-04
Loss = 5.4207e-02, PNorm = 104.6217, GNorm = 0.1807, lr_0 = 2.9455e-04
Loss = 8.6586e-02, PNorm = 104.6168, GNorm = 0.3764, lr_0 = 2.9424e-04
Loss = 4.5758e-02, PNorm = 104.6207, GNorm = 0.4134, lr_0 = 2.9394e-04
Loss = 4.2694e-02, PNorm = 104.6300, GNorm = 0.3579, lr_0 = 2.9364e-04
Loss = 5.8390e-02, PNorm = 104.6351, GNorm = 0.2961, lr_0 = 2.9334e-04
Loss = 7.7867e-02, PNorm = 104.6372, GNorm = 0.4171, lr_0 = 2.9304e-04
Loss = 6.4922e-02, PNorm = 104.6425, GNorm = 1.2422, lr_0 = 2.9273e-04
Loss = 2.3013e-02, PNorm = 104.6552, GNorm = 0.3764, lr_0 = 2.9243e-04
Loss = 6.6585e-02, PNorm = 104.6617, GNorm = 0.3322, lr_0 = 2.9213e-04
Loss = 5.4202e-02, PNorm = 104.6664, GNorm = 0.7341, lr_0 = 2.9183e-04
Loss = 1.0131e-01, PNorm = 104.6680, GNorm = 3.9911, lr_0 = 2.9153e-04
Loss = 5.0069e-02, PNorm = 104.6675, GNorm = 0.5014, lr_0 = 2.9123e-04
Validation auc = 0.585833
Epoch 17
Loss = 6.7679e-02, PNorm = 104.6748, GNorm = 0.4918, lr_0 = 2.9093e-04
Loss = 1.0294e-01, PNorm = 104.6768, GNorm = 0.9131, lr_0 = 2.9064e-04
Loss = 4.6853e-02, PNorm = 104.6849, GNorm = 0.4598, lr_0 = 2.9034e-04
Loss = 4.2781e-02, PNorm = 104.6946, GNorm = 0.2833, lr_0 = 2.9004e-04
Loss = 6.6553e-03, PNorm = 104.7052, GNorm = 0.1506, lr_0 = 2.8974e-04
Loss = 5.0824e-02, PNorm = 104.7120, GNorm = 0.8606, lr_0 = 2.8944e-04
Loss = 8.9010e-02, PNorm = 104.7040, GNorm = 0.2628, lr_0 = 2.8915e-04
Loss = 2.0289e-02, PNorm = 104.7059, GNorm = 0.3594, lr_0 = 2.8885e-04
Loss = 6.3241e-02, PNorm = 104.7121, GNorm = 1.4579, lr_0 = 2.8855e-04
Loss = 5.4721e-02, PNorm = 104.7165, GNorm = 0.3514, lr_0 = 2.8825e-04
Loss = 2.5701e-02, PNorm = 104.7234, GNorm = 0.3323, lr_0 = 2.8796e-04
Loss = 3.5510e-02, PNorm = 104.7291, GNorm = 0.2291, lr_0 = 2.8766e-04
Loss = 9.3910e-02, PNorm = 104.7285, GNorm = 1.4646, lr_0 = 2.8737e-04
Loss = 5.5496e-02, PNorm = 104.7284, GNorm = 0.5007, lr_0 = 2.8707e-04
Loss = 6.4013e-02, PNorm = 104.7350, GNorm = 0.9527, lr_0 = 2.8678e-04
Loss = 3.7107e-02, PNorm = 104.7410, GNorm = 0.4064, lr_0 = 2.8648e-04
Loss = 3.0101e-02, PNorm = 104.7507, GNorm = 0.2792, lr_0 = 2.8619e-04
Loss = 3.5594e-02, PNorm = 104.7587, GNorm = 0.2031, lr_0 = 2.8589e-04
Loss = 8.4681e-02, PNorm = 104.7602, GNorm = 2.7195, lr_0 = 2.8560e-04
Loss = 1.0218e-01, PNorm = 104.7545, GNorm = 0.5982, lr_0 = 2.8531e-04
Loss = 7.7306e-02, PNorm = 104.7627, GNorm = 0.7105, lr_0 = 2.8501e-04
Loss = 5.9816e-02, PNorm = 104.7733, GNorm = 0.5053, lr_0 = 2.8472e-04
Loss = 1.8778e-02, PNorm = 104.7875, GNorm = 0.2983, lr_0 = 2.8443e-04
Loss = 2.4328e-02, PNorm = 104.7995, GNorm = 0.1335, lr_0 = 2.8414e-04
Loss = 3.9255e-02, PNorm = 104.8052, GNorm = 1.6519, lr_0 = 2.8384e-04
Loss = 2.2284e-02, PNorm = 104.8083, GNorm = 0.1230, lr_0 = 2.8355e-04
Loss = 5.6627e-02, PNorm = 104.8107, GNorm = 0.8790, lr_0 = 2.8326e-04
Loss = 3.1521e-02, PNorm = 104.8107, GNorm = 0.2144, lr_0 = 2.8297e-04
Loss = 5.9414e-02, PNorm = 104.8139, GNorm = 0.3084, lr_0 = 2.8268e-04
Loss = 2.6864e-02, PNorm = 104.8237, GNorm = 0.2700, lr_0 = 2.8239e-04
Loss = 2.8885e-02, PNorm = 104.8381, GNorm = 0.9379, lr_0 = 2.8210e-04
Loss = 3.7091e-02, PNorm = 104.8476, GNorm = 1.4943, lr_0 = 2.8181e-04
Loss = 1.1369e-01, PNorm = 104.8418, GNorm = 0.4175, lr_0 = 2.8152e-04
Loss = 3.4216e-02, PNorm = 104.8553, GNorm = 0.5475, lr_0 = 2.8123e-04
Loss = 3.4764e-02, PNorm = 104.8764, GNorm = 0.3381, lr_0 = 2.8094e-04
Loss = 2.5591e-02, PNorm = 104.8942, GNorm = 0.5255, lr_0 = 2.8065e-04
Loss = 1.8314e-02, PNorm = 104.9080, GNorm = 0.1241, lr_0 = 2.8036e-04
Loss = 2.9494e-02, PNorm = 104.9189, GNorm = 0.8075, lr_0 = 2.8008e-04
Loss = 6.3780e-02, PNorm = 104.9169, GNorm = 0.1662, lr_0 = 2.7979e-04
Loss = 5.6116e-03, PNorm = 104.9219, GNorm = 0.1820, lr_0 = 2.7950e-04
Loss = 4.4297e-02, PNorm = 104.9293, GNorm = 0.1782, lr_0 = 2.7921e-04
Loss = 7.7359e-02, PNorm = 104.9244, GNorm = 0.7057, lr_0 = 2.7893e-04
Loss = 7.2507e-02, PNorm = 104.9249, GNorm = 1.8955, lr_0 = 2.7864e-04
Loss = 5.9714e-02, PNorm = 104.9291, GNorm = 0.4135, lr_0 = 2.7835e-04
Loss = 7.6392e-02, PNorm = 104.9360, GNorm = 1.8191, lr_0 = 2.7807e-04
Loss = 5.9063e-02, PNorm = 104.9417, GNorm = 0.4320, lr_0 = 2.7778e-04
Loss = 5.4332e-02, PNorm = 104.9504, GNorm = 0.4287, lr_0 = 2.7750e-04
Loss = 3.7861e-02, PNorm = 104.9614, GNorm = 0.7960, lr_0 = 2.7721e-04
Loss = 7.4451e-02, PNorm = 104.9619, GNorm = 0.7162, lr_0 = 2.7693e-04
Loss = 3.6601e-02, PNorm = 104.9644, GNorm = 0.5314, lr_0 = 2.7664e-04
Loss = 6.7020e-02, PNorm = 104.9678, GNorm = 0.5298, lr_0 = 2.7636e-04
Loss = 9.0338e-02, PNorm = 104.9712, GNorm = 2.3898, lr_0 = 2.7607e-04
Loss = 3.2410e-02, PNorm = 104.9764, GNorm = 0.3612, lr_0 = 2.7579e-04
Loss = 5.1749e-02, PNorm = 104.9836, GNorm = 0.3498, lr_0 = 2.7551e-04
Loss = 2.4170e-02, PNorm = 104.9937, GNorm = 0.6231, lr_0 = 2.7522e-04
Loss = 5.3946e-02, PNorm = 105.0010, GNorm = 0.1792, lr_0 = 2.7494e-04
Loss = 6.2166e-02, PNorm = 105.0037, GNorm = 0.2780, lr_0 = 2.7466e-04
Loss = 1.1341e-01, PNorm = 105.0030, GNorm = 0.5483, lr_0 = 2.7438e-04
Loss = 5.3046e-02, PNorm = 105.0114, GNorm = 0.4047, lr_0 = 2.7410e-04
Loss = 4.4224e-02, PNorm = 105.0227, GNorm = 0.3404, lr_0 = 2.7381e-04
Loss = 4.7575e-02, PNorm = 105.0302, GNorm = 0.6283, lr_0 = 2.7353e-04
Loss = 5.8734e-02, PNorm = 105.0337, GNorm = 1.1284, lr_0 = 2.7325e-04
Loss = 6.9826e-02, PNorm = 105.0316, GNorm = 0.6681, lr_0 = 2.7297e-04
Loss = 3.7367e-02, PNorm = 105.0341, GNorm = 0.3172, lr_0 = 2.7269e-04
Loss = 5.0546e-02, PNorm = 105.0400, GNorm = 0.2911, lr_0 = 2.7241e-04
Loss = 4.0974e-02, PNorm = 105.0470, GNorm = 0.2616, lr_0 = 2.7213e-04
Loss = 7.2821e-02, PNorm = 105.0512, GNorm = 0.7215, lr_0 = 2.7185e-04
Loss = 2.5677e-02, PNorm = 105.0552, GNorm = 0.2651, lr_0 = 2.7157e-04
Loss = 2.6537e-02, PNorm = 105.0645, GNorm = 0.1860, lr_0 = 2.7129e-04
Loss = 1.6573e-02, PNorm = 105.0726, GNorm = 0.1950, lr_0 = 2.7101e-04
Loss = 5.9718e-02, PNorm = 105.0724, GNorm = 0.1985, lr_0 = 2.7074e-04
Loss = 7.0294e-02, PNorm = 105.0689, GNorm = 0.6512, lr_0 = 2.7046e-04
Loss = 6.3085e-02, PNorm = 105.0693, GNorm = 1.5125, lr_0 = 2.7018e-04
Loss = 6.9303e-02, PNorm = 105.0725, GNorm = 0.8060, lr_0 = 2.6990e-04
Loss = 7.3006e-02, PNorm = 105.0789, GNorm = 1.0142, lr_0 = 2.6962e-04
Loss = 2.7380e-02, PNorm = 105.0882, GNorm = 0.3369, lr_0 = 2.6935e-04
Loss = 4.9268e-02, PNorm = 105.0974, GNorm = 0.4538, lr_0 = 2.6907e-04
Loss = 6.2229e-03, PNorm = 105.1056, GNorm = 0.1897, lr_0 = 2.6879e-04
Loss = 3.7032e-02, PNorm = 105.1119, GNorm = 0.1366, lr_0 = 2.6852e-04
Loss = 4.3867e-02, PNorm = 105.1145, GNorm = 2.3391, lr_0 = 2.6824e-04
Validation auc = 0.544593
Epoch 18
Loss = 1.5120e-02, PNorm = 105.1149, GNorm = 0.1806, lr_0 = 2.6797e-04
Loss = 4.5635e-02, PNorm = 105.1187, GNorm = 1.5238, lr_0 = 2.6769e-04
Loss = 7.7416e-02, PNorm = 105.1173, GNorm = 0.2361, lr_0 = 2.6742e-04
Loss = 8.5755e-02, PNorm = 105.1174, GNorm = 0.4945, lr_0 = 2.6714e-04
Loss = 4.8465e-02, PNorm = 105.1235, GNorm = 0.5270, lr_0 = 2.6687e-04
Loss = 5.5060e-02, PNorm = 105.1331, GNorm = 0.4011, lr_0 = 2.6659e-04
Loss = 4.7532e-02, PNorm = 105.1450, GNorm = 0.7519, lr_0 = 2.6632e-04
Loss = 5.1982e-02, PNorm = 105.1484, GNorm = 0.3222, lr_0 = 2.6605e-04
Loss = 6.2585e-02, PNorm = 105.1515, GNorm = 0.3230, lr_0 = 2.6577e-04
Loss = 4.1634e-02, PNorm = 105.1532, GNorm = 0.3344, lr_0 = 2.6550e-04
Loss = 2.3242e-02, PNorm = 105.1602, GNorm = 0.2903, lr_0 = 2.6523e-04
Loss = 4.7491e-02, PNorm = 105.1684, GNorm = 0.9127, lr_0 = 2.6495e-04
Loss = 1.9095e-02, PNorm = 105.1722, GNorm = 0.1815, lr_0 = 2.6468e-04
Loss = 1.5883e-02, PNorm = 105.1775, GNorm = 0.1720, lr_0 = 2.6441e-04
Loss = 3.6174e-02, PNorm = 105.1812, GNorm = 0.1531, lr_0 = 2.6414e-04
Loss = 8.7174e-02, PNorm = 105.1811, GNorm = 0.2271, lr_0 = 2.6387e-04
Loss = 4.9373e-02, PNorm = 105.1786, GNorm = 0.3532, lr_0 = 2.6360e-04
Loss = 5.3110e-02, PNorm = 105.1853, GNorm = 0.3390, lr_0 = 2.6332e-04
Loss = 6.2896e-02, PNorm = 105.1918, GNorm = 0.3144, lr_0 = 2.6305e-04
Loss = 5.8840e-02, PNorm = 105.1978, GNorm = 0.3234, lr_0 = 2.6278e-04
Loss = 4.8826e-02, PNorm = 105.2055, GNorm = 0.3991, lr_0 = 2.6251e-04
Loss = 2.8928e-02, PNorm = 105.2163, GNorm = 0.2772, lr_0 = 2.6224e-04
Loss = 5.8856e-02, PNorm = 105.2233, GNorm = 0.2836, lr_0 = 2.6197e-04
Loss = 6.0068e-02, PNorm = 105.2294, GNorm = 0.3452, lr_0 = 2.6171e-04
Loss = 5.6868e-02, PNorm = 105.2345, GNorm = 0.3597, lr_0 = 2.6144e-04
Loss = 6.2201e-02, PNorm = 105.2411, GNorm = 0.4990, lr_0 = 2.6117e-04
Loss = 4.3463e-02, PNorm = 105.2491, GNorm = 0.4232, lr_0 = 2.6090e-04
Loss = 6.9639e-02, PNorm = 105.2567, GNorm = 0.6850, lr_0 = 2.6063e-04
Loss = 5.7688e-02, PNorm = 105.2591, GNorm = 0.3574, lr_0 = 2.6036e-04
Loss = 5.2956e-02, PNorm = 105.2613, GNorm = 0.4903, lr_0 = 2.6010e-04
Loss = 6.1855e-02, PNorm = 105.2708, GNorm = 0.3027, lr_0 = 2.5983e-04
Loss = 5.5726e-02, PNorm = 105.2777, GNorm = 0.5867, lr_0 = 2.5956e-04
Loss = 1.9357e-02, PNorm = 105.2874, GNorm = 0.2481, lr_0 = 2.5930e-04
Loss = 7.5284e-02, PNorm = 105.2943, GNorm = 0.8211, lr_0 = 2.5903e-04
Loss = 5.9776e-02, PNorm = 105.2984, GNorm = 0.3663, lr_0 = 2.5876e-04
Loss = 1.0090e-02, PNorm = 105.3102, GNorm = 0.2973, lr_0 = 2.5850e-04
Loss = 3.6999e-02, PNorm = 105.3233, GNorm = 0.2008, lr_0 = 2.5823e-04
Loss = 5.9414e-02, PNorm = 105.3312, GNorm = 0.8377, lr_0 = 2.5797e-04
Loss = 4.7317e-02, PNorm = 105.3380, GNorm = 0.8850, lr_0 = 2.5770e-04
Loss = 4.8097e-02, PNorm = 105.3457, GNorm = 0.8792, lr_0 = 2.5744e-04
Loss = 6.7341e-02, PNorm = 105.3502, GNorm = 0.4168, lr_0 = 2.5717e-04
Loss = 1.8513e-02, PNorm = 105.3650, GNorm = 0.3268, lr_0 = 2.5691e-04
Loss = 3.8078e-02, PNorm = 105.3810, GNorm = 0.8376, lr_0 = 2.5664e-04
Loss = 5.5719e-02, PNorm = 105.3883, GNorm = 0.2385, lr_0 = 2.5638e-04
Loss = 6.9092e-02, PNorm = 105.3955, GNorm = 1.2664, lr_0 = 2.5612e-04
Loss = 7.6839e-02, PNorm = 105.3830, GNorm = 0.3822, lr_0 = 2.5585e-04
Loss = 6.4354e-02, PNorm = 105.3869, GNorm = 1.0675, lr_0 = 2.5559e-04
Loss = 5.1459e-02, PNorm = 105.3972, GNorm = 1.5361, lr_0 = 2.5533e-04
Loss = 6.0647e-02, PNorm = 105.4064, GNorm = 1.7974, lr_0 = 2.5507e-04
Loss = 4.0194e-02, PNorm = 105.4146, GNorm = 0.6176, lr_0 = 2.5480e-04
Loss = 2.9582e-02, PNorm = 105.4222, GNorm = 0.2780, lr_0 = 2.5454e-04
Loss = 2.3856e-02, PNorm = 105.4313, GNorm = 0.1941, lr_0 = 2.5428e-04
Loss = 5.1127e-02, PNorm = 105.4239, GNorm = 0.2046, lr_0 = 2.5402e-04
Loss = 7.6371e-02, PNorm = 105.4207, GNorm = 0.3418, lr_0 = 2.5376e-04
Loss = 3.6525e-02, PNorm = 105.4261, GNorm = 0.4029, lr_0 = 2.5350e-04
Loss = 3.9473e-02, PNorm = 105.4346, GNorm = 0.7413, lr_0 = 2.5324e-04
Loss = 3.7420e-02, PNorm = 105.4388, GNorm = 0.2272, lr_0 = 2.5298e-04
Loss = 4.9525e-02, PNorm = 105.4414, GNorm = 0.7167, lr_0 = 2.5272e-04
Loss = 6.0950e-02, PNorm = 105.4409, GNorm = 0.6833, lr_0 = 2.5246e-04
Loss = 7.6511e-02, PNorm = 105.4389, GNorm = 0.4098, lr_0 = 2.5220e-04
Loss = 5.0712e-02, PNorm = 105.4429, GNorm = 0.5122, lr_0 = 2.5194e-04
Loss = 5.2421e-02, PNorm = 105.4510, GNorm = 0.3402, lr_0 = 2.5168e-04
Loss = 7.2540e-02, PNorm = 105.4565, GNorm = 0.3002, lr_0 = 2.5142e-04
Loss = 6.0088e-02, PNorm = 105.4587, GNorm = 0.4235, lr_0 = 2.5116e-04
Loss = 5.5455e-02, PNorm = 105.4637, GNorm = 0.5415, lr_0 = 2.5090e-04
Loss = 7.5244e-02, PNorm = 105.4661, GNorm = 1.0826, lr_0 = 2.5065e-04
Loss = 6.8420e-02, PNorm = 105.4683, GNorm = 0.4286, lr_0 = 2.5039e-04
Loss = 3.1715e-02, PNorm = 105.4757, GNorm = 0.4579, lr_0 = 2.5013e-04
Loss = 5.7775e-02, PNorm = 105.4825, GNorm = 0.2838, lr_0 = 2.4988e-04
Loss = 8.3210e-02, PNorm = 105.4835, GNorm = 0.5759, lr_0 = 2.4962e-04
Loss = 3.7532e-02, PNorm = 105.4867, GNorm = 0.3955, lr_0 = 2.4936e-04
Loss = 4.2446e-02, PNorm = 105.4930, GNorm = 0.3197, lr_0 = 2.4911e-04
Loss = 6.9647e-02, PNorm = 105.4969, GNorm = 0.3745, lr_0 = 2.4885e-04
Loss = 2.1295e-02, PNorm = 105.5052, GNorm = 0.2339, lr_0 = 2.4859e-04
Loss = 4.4734e-02, PNorm = 105.5122, GNorm = 1.4347, lr_0 = 2.4834e-04
Loss = 4.7817e-02, PNorm = 105.5115, GNorm = 0.2541, lr_0 = 2.4808e-04
Loss = 6.4798e-02, PNorm = 105.5121, GNorm = 0.3350, lr_0 = 2.4783e-04
Loss = 3.9526e-02, PNorm = 105.5156, GNorm = 0.3701, lr_0 = 2.4757e-04
Loss = 5.5125e-02, PNorm = 105.5217, GNorm = 0.6755, lr_0 = 2.4732e-04
Loss = 5.4896e-02, PNorm = 105.5253, GNorm = 0.2790, lr_0 = 2.4707e-04
Validation auc = 0.580142
Epoch 19
Loss = 3.8516e-02, PNorm = 105.5314, GNorm = 0.6512, lr_0 = 2.4681e-04
Loss = 6.1409e-02, PNorm = 105.5344, GNorm = 1.1737, lr_0 = 2.4656e-04
Loss = 3.3613e-02, PNorm = 105.5397, GNorm = 0.3096, lr_0 = 2.4630e-04
Loss = 5.8149e-02, PNorm = 105.5433, GNorm = 0.3222, lr_0 = 2.4605e-04
Loss = 4.9214e-02, PNorm = 105.5488, GNorm = 0.3333, lr_0 = 2.4580e-04
Loss = 4.3804e-02, PNorm = 105.5536, GNorm = 0.3153, lr_0 = 2.4555e-04
Loss = 3.4334e-02, PNorm = 105.5600, GNorm = 0.2913, lr_0 = 2.4529e-04
Loss = 7.6770e-02, PNorm = 105.5615, GNorm = 0.5579, lr_0 = 2.4504e-04
Loss = 4.9304e-02, PNorm = 105.5628, GNorm = 0.8674, lr_0 = 2.4479e-04
Loss = 4.4609e-02, PNorm = 105.5655, GNorm = 0.3831, lr_0 = 2.4454e-04
Loss = 3.9336e-02, PNorm = 105.5740, GNorm = 0.7836, lr_0 = 2.4429e-04
Loss = 6.6659e-02, PNorm = 105.5769, GNorm = 0.9809, lr_0 = 2.4404e-04
Loss = 4.2445e-02, PNorm = 105.5805, GNorm = 0.3164, lr_0 = 2.4379e-04
Loss = 5.0758e-02, PNorm = 105.5842, GNorm = 0.2715, lr_0 = 2.4354e-04
Loss = 3.4936e-02, PNorm = 105.5909, GNorm = 0.2641, lr_0 = 2.4329e-04
Loss = 2.5308e-02, PNorm = 105.5985, GNorm = 0.2124, lr_0 = 2.4304e-04
Loss = 7.2397e-02, PNorm = 105.5992, GNorm = 2.7655, lr_0 = 2.4279e-04
Loss = 3.8150e-02, PNorm = 105.5969, GNorm = 0.8151, lr_0 = 2.4254e-04
Loss = 3.8014e-02, PNorm = 105.6024, GNorm = 0.2798, lr_0 = 2.4229e-04
Loss = 5.5868e-02, PNorm = 105.6072, GNorm = 1.5767, lr_0 = 2.4204e-04
Loss = 3.6063e-02, PNorm = 105.6123, GNorm = 0.6062, lr_0 = 2.4179e-04
Loss = 2.5509e-02, PNorm = 105.6208, GNorm = 0.2893, lr_0 = 2.4154e-04
Loss = 5.4104e-03, PNorm = 105.6328, GNorm = 0.1364, lr_0 = 2.4129e-04
Loss = 6.2622e-02, PNorm = 105.6348, GNorm = 0.1560, lr_0 = 2.4105e-04
Loss = 7.4753e-02, PNorm = 105.6336, GNorm = 0.9694, lr_0 = 2.4080e-04
Loss = 7.3046e-02, PNorm = 105.6319, GNorm = 0.4576, lr_0 = 2.4055e-04
Loss = 5.6431e-02, PNorm = 105.6390, GNorm = 0.3586, lr_0 = 2.4030e-04
Loss = 8.9895e-02, PNorm = 105.6472, GNorm = 0.5070, lr_0 = 2.4006e-04
Loss = 5.2757e-02, PNorm = 105.6565, GNorm = 0.4602, lr_0 = 2.3981e-04
Loss = 9.1127e-02, PNorm = 105.6643, GNorm = 0.4432, lr_0 = 2.3956e-04
Loss = 6.2665e-02, PNorm = 105.6706, GNorm = 0.4412, lr_0 = 2.3932e-04
Loss = 7.7907e-02, PNorm = 105.6745, GNorm = 0.6894, lr_0 = 2.3907e-04
Loss = 2.0906e-02, PNorm = 105.6836, GNorm = 0.3439, lr_0 = 2.3883e-04
Loss = 8.0799e-02, PNorm = 105.6919, GNorm = 0.3145, lr_0 = 2.3858e-04
Loss = 5.7645e-02, PNorm = 105.6960, GNorm = 1.1291, lr_0 = 2.3833e-04
Loss = 4.1634e-02, PNorm = 105.6985, GNorm = 0.3640, lr_0 = 2.3809e-04
Loss = 4.2330e-02, PNorm = 105.7058, GNorm = 0.7386, lr_0 = 2.3785e-04
Loss = 1.6183e-02, PNorm = 105.7138, GNorm = 0.2475, lr_0 = 2.3760e-04
Loss = 4.8833e-02, PNorm = 105.7216, GNorm = 1.5501, lr_0 = 2.3736e-04
Loss = 7.9510e-02, PNorm = 105.7225, GNorm = 1.4175, lr_0 = 2.3711e-04
Loss = 6.1922e-02, PNorm = 105.7246, GNorm = 0.9937, lr_0 = 2.3687e-04
Loss = 2.2621e-02, PNorm = 105.7315, GNorm = 0.7520, lr_0 = 2.3663e-04
Loss = 3.1007e-02, PNorm = 105.7394, GNorm = 0.2383, lr_0 = 2.3638e-04
Loss = 3.0703e-02, PNorm = 105.7465, GNorm = 0.2257, lr_0 = 2.3614e-04
Loss = 1.6637e-02, PNorm = 105.7529, GNorm = 0.1502, lr_0 = 2.3590e-04
Loss = 6.4912e-02, PNorm = 105.7546, GNorm = 1.0319, lr_0 = 2.3566e-04
Loss = 4.0567e-02, PNorm = 105.7538, GNorm = 0.2355, lr_0 = 2.3541e-04
Loss = 3.3849e-02, PNorm = 105.7562, GNorm = 0.3546, lr_0 = 2.3517e-04
Loss = 3.7696e-02, PNorm = 105.7620, GNorm = 0.2169, lr_0 = 2.3493e-04
Loss = 3.4192e-02, PNorm = 105.7670, GNorm = 0.2322, lr_0 = 2.3469e-04
Loss = 1.8492e-02, PNorm = 105.7747, GNorm = 0.1490, lr_0 = 2.3445e-04
Loss = 7.0411e-02, PNorm = 105.7735, GNorm = 0.2470, lr_0 = 2.3421e-04
Loss = 5.6082e-02, PNorm = 105.7713, GNorm = 0.2888, lr_0 = 2.3397e-04
Loss = 5.0491e-02, PNorm = 105.7738, GNorm = 0.4994, lr_0 = 2.3373e-04
Loss = 1.1509e-01, PNorm = 105.7745, GNorm = 0.6723, lr_0 = 2.3348e-04
Loss = 6.5907e-02, PNorm = 105.7821, GNorm = 0.7842, lr_0 = 2.3325e-04
Loss = 6.9491e-02, PNorm = 105.7905, GNorm = 0.5423, lr_0 = 2.3301e-04
Loss = 6.7973e-02, PNorm = 105.8028, GNorm = 0.3928, lr_0 = 2.3277e-04
Loss = 4.5653e-02, PNorm = 105.8148, GNorm = 0.3327, lr_0 = 2.3253e-04
Loss = 6.0831e-02, PNorm = 105.8243, GNorm = 0.9633, lr_0 = 2.3229e-04
Loss = 5.2221e-02, PNorm = 105.8252, GNorm = 0.3691, lr_0 = 2.3205e-04
Loss = 7.0091e-02, PNorm = 105.8279, GNorm = 0.3940, lr_0 = 2.3181e-04
Loss = 2.0269e-02, PNorm = 105.8364, GNorm = 0.3529, lr_0 = 2.3157e-04
Loss = 5.5536e-02, PNorm = 105.8445, GNorm = 0.2500, lr_0 = 2.3133e-04
Loss = 2.5475e-02, PNorm = 105.8497, GNorm = 0.2276, lr_0 = 2.3110e-04
Loss = 6.1239e-02, PNorm = 105.8524, GNorm = 0.8809, lr_0 = 2.3086e-04
Loss = 2.8289e-02, PNorm = 105.8549, GNorm = 0.2529, lr_0 = 2.3062e-04
Loss = 5.5140e-02, PNorm = 105.8557, GNorm = 0.2973, lr_0 = 2.3039e-04
Loss = 4.3682e-02, PNorm = 105.8601, GNorm = 0.2608, lr_0 = 2.3015e-04
Loss = 4.3408e-02, PNorm = 105.8658, GNorm = 0.2437, lr_0 = 2.2991e-04
Loss = 1.6890e-02, PNorm = 105.8733, GNorm = 0.2122, lr_0 = 2.2968e-04
Loss = 5.6748e-02, PNorm = 105.8774, GNorm = 0.2236, lr_0 = 2.2944e-04
Loss = 8.2878e-02, PNorm = 105.8753, GNorm = 0.3283, lr_0 = 2.2920e-04
Loss = 4.1190e-02, PNorm = 105.8801, GNorm = 0.3628, lr_0 = 2.2897e-04
Loss = 5.5336e-02, PNorm = 105.8899, GNorm = 0.3336, lr_0 = 2.2873e-04
Loss = 6.9908e-02, PNorm = 105.8940, GNorm = 0.4152, lr_0 = 2.2850e-04
Loss = 6.0026e-02, PNorm = 105.8946, GNorm = 1.0285, lr_0 = 2.2826e-04
Loss = 2.7720e-02, PNorm = 105.9005, GNorm = 0.5742, lr_0 = 2.2803e-04
Loss = 2.5333e-02, PNorm = 105.9088, GNorm = 0.6107, lr_0 = 2.2780e-04
Loss = 6.0888e-02, PNorm = 105.9129, GNorm = 0.8624, lr_0 = 2.2756e-04
Validation auc = 0.574716
Epoch 20
Loss = 7.8032e-02, PNorm = 105.9129, GNorm = 0.9930, lr_0 = 2.2733e-04
Loss = 6.9863e-02, PNorm = 105.9104, GNorm = 0.5294, lr_0 = 2.2709e-04
Loss = 5.1546e-02, PNorm = 105.9168, GNorm = 0.5004, lr_0 = 2.2686e-04
Loss = 4.1367e-02, PNorm = 105.9247, GNorm = 0.3459, lr_0 = 2.2663e-04
Loss = 4.0854e-02, PNorm = 105.9309, GNorm = 0.2598, lr_0 = 2.2639e-04
Loss = 3.6744e-02, PNorm = 105.9365, GNorm = 0.2280, lr_0 = 2.2616e-04
Loss = 4.4326e-02, PNorm = 105.9428, GNorm = 0.1648, lr_0 = 2.2593e-04
Loss = 3.0291e-02, PNorm = 105.9498, GNorm = 0.2201, lr_0 = 2.2570e-04
Loss = 1.6664e-02, PNorm = 105.9552, GNorm = 0.1912, lr_0 = 2.2547e-04
Loss = 5.7055e-02, PNorm = 105.9604, GNorm = 1.3586, lr_0 = 2.2523e-04
Loss = 4.6933e-02, PNorm = 105.9625, GNorm = 0.2708, lr_0 = 2.2500e-04
Loss = 2.2725e-02, PNorm = 105.9682, GNorm = 0.2272, lr_0 = 2.2477e-04
Loss = 3.2399e-02, PNorm = 105.9742, GNorm = 0.2408, lr_0 = 2.2454e-04
Loss = 1.8672e-02, PNorm = 105.9817, GNorm = 0.1850, lr_0 = 2.2431e-04
Loss = 7.5521e-02, PNorm = 105.9835, GNorm = 0.6912, lr_0 = 2.2408e-04
Loss = 5.2557e-02, PNorm = 105.9813, GNorm = 0.2301, lr_0 = 2.2385e-04
Loss = 6.5213e-02, PNorm = 105.9795, GNorm = 0.4258, lr_0 = 2.2362e-04
Loss = 2.6144e-02, PNorm = 105.9861, GNorm = 0.4952, lr_0 = 2.2339e-04
Loss = 4.8254e-02, PNorm = 105.9924, GNorm = 0.2513, lr_0 = 2.2316e-04
Loss = 4.1133e-02, PNorm = 105.9996, GNorm = 0.2150, lr_0 = 2.2293e-04
Loss = 2.9897e-02, PNorm = 106.0059, GNorm = 0.2019, lr_0 = 2.2270e-04
Loss = 5.7508e-02, PNorm = 106.0076, GNorm = 1.0300, lr_0 = 2.2247e-04
Loss = 3.5974e-02, PNorm = 106.0097, GNorm = 1.7791, lr_0 = 2.2224e-04
Loss = 5.2623e-02, PNorm = 106.0088, GNorm = 0.6425, lr_0 = 2.2202e-04
Loss = 6.2987e-02, PNorm = 106.0093, GNorm = 0.3373, lr_0 = 2.2179e-04
Loss = 8.2242e-02, PNorm = 106.0122, GNorm = 0.4685, lr_0 = 2.2156e-04
Loss = 4.0317e-02, PNorm = 106.0210, GNorm = 0.4210, lr_0 = 2.2133e-04
Loss = 4.4951e-02, PNorm = 106.0318, GNorm = 0.2875, lr_0 = 2.2110e-04
Loss = 4.4767e-02, PNorm = 106.0379, GNorm = 0.2407, lr_0 = 2.2088e-04
Loss = 7.2908e-02, PNorm = 106.0362, GNorm = 0.2646, lr_0 = 2.2065e-04
Loss = 9.7163e-02, PNorm = 106.0365, GNorm = 1.5404, lr_0 = 2.2042e-04
Loss = 5.8596e-02, PNorm = 106.0387, GNorm = 0.5277, lr_0 = 2.2020e-04
Loss = 6.4520e-02, PNorm = 106.0465, GNorm = 0.4631, lr_0 = 2.1997e-04
Loss = 4.0519e-02, PNorm = 106.0561, GNorm = 0.6291, lr_0 = 2.1975e-04
Loss = 4.5209e-02, PNorm = 106.0642, GNorm = 0.6719, lr_0 = 2.1952e-04
Loss = 1.8016e-02, PNorm = 106.0721, GNorm = 0.2410, lr_0 = 2.1929e-04
Loss = 1.0715e-01, PNorm = 106.0731, GNorm = 0.2623, lr_0 = 2.1907e-04
Loss = 1.6693e-02, PNorm = 106.0774, GNorm = 0.2998, lr_0 = 2.1884e-04
Loss = 7.9483e-02, PNorm = 106.0802, GNorm = 0.3126, lr_0 = 2.1862e-04
Loss = 4.3012e-02, PNorm = 106.0845, GNorm = 0.3310, lr_0 = 2.1839e-04
Loss = 4.7249e-02, PNorm = 106.0908, GNorm = 0.3417, lr_0 = 2.1817e-04
Loss = 3.5777e-02, PNorm = 106.1006, GNorm = 0.2845, lr_0 = 2.1795e-04
Loss = 6.4878e-02, PNorm = 106.1058, GNorm = 0.2472, lr_0 = 2.1772e-04
Loss = 1.1863e-01, PNorm = 106.1002, GNorm = 0.8842, lr_0 = 2.1750e-04
Loss = 5.6450e-02, PNorm = 106.1003, GNorm = 0.6713, lr_0 = 2.1727e-04
Loss = 8.7271e-02, PNorm = 106.1096, GNorm = 0.4928, lr_0 = 2.1705e-04
Loss = 4.7087e-02, PNorm = 106.1187, GNorm = 0.4306, lr_0 = 2.1683e-04
Loss = 3.0273e-02, PNorm = 106.1297, GNorm = 0.2917, lr_0 = 2.1661e-04
Loss = 5.5752e-02, PNorm = 106.1384, GNorm = 0.5710, lr_0 = 2.1638e-04
Loss = 5.6127e-02, PNorm = 106.1429, GNorm = 0.4917, lr_0 = 2.1616e-04
Loss = 3.6903e-02, PNorm = 106.1492, GNorm = 0.2804, lr_0 = 2.1594e-04
Loss = 4.5207e-02, PNorm = 106.1557, GNorm = 0.6275, lr_0 = 2.1572e-04
Loss = 5.9734e-02, PNorm = 106.1626, GNorm = 0.5137, lr_0 = 2.1550e-04
Loss = 4.1842e-02, PNorm = 106.1650, GNorm = 0.3537, lr_0 = 2.1527e-04
Loss = 2.5553e-02, PNorm = 106.1747, GNorm = 0.2495, lr_0 = 2.1505e-04
Loss = 6.6266e-02, PNorm = 106.1787, GNorm = 0.3003, lr_0 = 2.1483e-04
Loss = 4.1389e-02, PNorm = 106.1832, GNorm = 0.6990, lr_0 = 2.1461e-04
Loss = 6.3498e-02, PNorm = 106.1887, GNorm = 0.7394, lr_0 = 2.1439e-04
Loss = 5.1444e-02, PNorm = 106.1910, GNorm = 0.3582, lr_0 = 2.1417e-04
Loss = 5.0299e-02, PNorm = 106.1972, GNorm = 0.3485, lr_0 = 2.1395e-04
Loss = 4.6440e-02, PNorm = 106.2043, GNorm = 0.2800, lr_0 = 2.1373e-04
Loss = 3.0695e-02, PNorm = 106.2123, GNorm = 0.2382, lr_0 = 2.1351e-04
Loss = 1.5638e-02, PNorm = 106.2215, GNorm = 0.1841, lr_0 = 2.1329e-04
Loss = 6.7345e-02, PNorm = 106.2260, GNorm = 0.2457, lr_0 = 2.1307e-04
Loss = 8.3869e-02, PNorm = 106.2189, GNorm = 0.3737, lr_0 = 2.1285e-04
Loss = 5.0348e-02, PNorm = 106.2227, GNorm = 0.4861, lr_0 = 2.1263e-04
Loss = 4.1285e-02, PNorm = 106.2279, GNorm = 0.3827, lr_0 = 2.1242e-04
Loss = 3.5137e-02, PNorm = 106.2350, GNorm = 0.2932, lr_0 = 2.1220e-04
Loss = 7.9305e-02, PNorm = 106.2388, GNorm = 1.3197, lr_0 = 2.1198e-04
Loss = 4.9105e-02, PNorm = 106.2421, GNorm = 0.8319, lr_0 = 2.1176e-04
Loss = 6.0893e-02, PNorm = 106.2447, GNorm = 0.8770, lr_0 = 2.1154e-04
Loss = 3.5161e-02, PNorm = 106.2498, GNorm = 0.4086, lr_0 = 2.1133e-04
Loss = 3.7580e-02, PNorm = 106.2542, GNorm = 0.2783, lr_0 = 2.1111e-04
Loss = 5.9375e-02, PNorm = 106.2579, GNorm = 0.6783, lr_0 = 2.1089e-04
Loss = 6.9774e-02, PNorm = 106.2595, GNorm = 0.3260, lr_0 = 2.1068e-04
Loss = 5.2755e-02, PNorm = 106.2634, GNorm = 0.3470, lr_0 = 2.1046e-04
Loss = 2.8513e-02, PNorm = 106.2691, GNorm = 0.3181, lr_0 = 2.1024e-04
Loss = 3.9743e-02, PNorm = 106.2752, GNorm = 0.2526, lr_0 = 2.1003e-04
Loss = 5.1107e-02, PNorm = 106.2792, GNorm = 0.2817, lr_0 = 2.0981e-04
Loss = 2.7052e-02, PNorm = 106.2834, GNorm = 0.2346, lr_0 = 2.0960e-04
Validation auc = 0.571999
Epoch 21
Loss = 5.2282e-02, PNorm = 106.2859, GNorm = 0.2353, lr_0 = 2.0938e-04
Loss = 2.9845e-02, PNorm = 106.2862, GNorm = 0.2488, lr_0 = 2.0917e-04
Loss = 7.1177e-02, PNorm = 106.2875, GNorm = 1.0308, lr_0 = 2.0895e-04
Loss = 7.9090e-02, PNorm = 106.2890, GNorm = 0.5331, lr_0 = 2.0874e-04
Loss = 3.6984e-02, PNorm = 106.2958, GNorm = 0.4890, lr_0 = 2.0852e-04
Loss = 3.1911e-02, PNorm = 106.3055, GNorm = 0.3098, lr_0 = 2.0831e-04
Loss = 6.2148e-02, PNorm = 106.3115, GNorm = 0.2669, lr_0 = 2.0809e-04
Loss = 3.7413e-02, PNorm = 106.3154, GNorm = 0.6058, lr_0 = 2.0788e-04
Loss = 3.3793e-02, PNorm = 106.3185, GNorm = 0.2263, lr_0 = 2.0767e-04
Loss = 7.4823e-02, PNorm = 106.3205, GNorm = 0.7149, lr_0 = 2.0745e-04
Loss = 8.4893e-02, PNorm = 106.3205, GNorm = 0.4464, lr_0 = 2.0724e-04
Loss = 2.9315e-02, PNorm = 106.3266, GNorm = 0.3630, lr_0 = 2.0703e-04
Loss = 7.7364e-02, PNorm = 106.3311, GNorm = 0.5799, lr_0 = 2.0681e-04
Loss = 5.4712e-02, PNorm = 106.3342, GNorm = 0.4240, lr_0 = 2.0660e-04
Loss = 4.0751e-02, PNorm = 106.3408, GNorm = 0.3039, lr_0 = 2.0639e-04
Loss = 4.4728e-02, PNorm = 106.3449, GNorm = 0.3852, lr_0 = 2.0618e-04
Loss = 1.8733e-02, PNorm = 106.3507, GNorm = 0.2321, lr_0 = 2.0597e-04
Loss = 1.6545e-02, PNorm = 106.3569, GNorm = 0.2054, lr_0 = 2.0575e-04
Loss = 7.9339e-02, PNorm = 106.3568, GNorm = 0.1805, lr_0 = 2.0554e-04
Loss = 5.2984e-02, PNorm = 106.3539, GNorm = 0.2646, lr_0 = 2.0533e-04
Loss = 2.5473e-02, PNorm = 106.3559, GNorm = 0.2332, lr_0 = 2.0512e-04
Loss = 5.7271e-02, PNorm = 106.3598, GNorm = 0.2946, lr_0 = 2.0491e-04
Loss = 6.1472e-02, PNorm = 106.3635, GNorm = 0.3215, lr_0 = 2.0470e-04
Loss = 4.7030e-02, PNorm = 106.3696, GNorm = 0.3016, lr_0 = 2.0449e-04
Loss = 5.2686e-02, PNorm = 106.3741, GNorm = 0.5927, lr_0 = 2.0428e-04
Loss = 6.4465e-02, PNorm = 106.3771, GNorm = 0.6136, lr_0 = 2.0407e-04
Loss = 3.1362e-02, PNorm = 106.3818, GNorm = 0.9609, lr_0 = 2.0386e-04
Loss = 5.8504e-02, PNorm = 106.3837, GNorm = 0.3068, lr_0 = 2.0365e-04
Loss = 6.6181e-02, PNorm = 106.3856, GNorm = 0.9953, lr_0 = 2.0344e-04
Loss = 5.0236e-02, PNorm = 106.3868, GNorm = 0.3458, lr_0 = 2.0323e-04
Loss = 7.9707e-02, PNorm = 106.3903, GNorm = 0.3270, lr_0 = 2.0302e-04
Loss = 3.7771e-02, PNorm = 106.3952, GNorm = 0.3919, lr_0 = 2.0281e-04
Loss = 1.0087e-01, PNorm = 106.4006, GNorm = 0.9077, lr_0 = 2.0261e-04
Loss = 3.5366e-02, PNorm = 106.4045, GNorm = 0.3913, lr_0 = 2.0240e-04
Loss = 4.1346e-02, PNorm = 106.4116, GNorm = 0.7205, lr_0 = 2.0219e-04
Loss = 3.9325e-02, PNorm = 106.4192, GNorm = 0.5505, lr_0 = 2.0198e-04
Loss = 3.8774e-02, PNorm = 106.4241, GNorm = 0.2025, lr_0 = 2.0177e-04
Loss = 6.1526e-02, PNorm = 106.4261, GNorm = 0.2662, lr_0 = 2.0157e-04
Loss = 3.7945e-02, PNorm = 106.4297, GNorm = 0.2690, lr_0 = 2.0136e-04
Loss = 5.2328e-02, PNorm = 106.4349, GNorm = 0.3132, lr_0 = 2.0115e-04
Loss = 4.4478e-02, PNorm = 106.4417, GNorm = 0.7696, lr_0 = 2.0095e-04
Loss = 3.5131e-02, PNorm = 106.4462, GNorm = 0.2078, lr_0 = 2.0074e-04
Loss = 2.8674e-02, PNorm = 106.4502, GNorm = 0.2190, lr_0 = 2.0053e-04
Loss = 5.5132e-02, PNorm = 106.4522, GNorm = 0.2088, lr_0 = 2.0033e-04
Loss = 3.8063e-02, PNorm = 106.4560, GNorm = 0.6833, lr_0 = 2.0012e-04
Loss = 5.3656e-02, PNorm = 106.4600, GNorm = 0.5774, lr_0 = 1.9992e-04
Loss = 4.8203e-02, PNorm = 106.4629, GNorm = 0.2330, lr_0 = 1.9971e-04
Loss = 5.8482e-02, PNorm = 106.4644, GNorm = 0.3123, lr_0 = 1.9951e-04
Loss = 2.9314e-02, PNorm = 106.4695, GNorm = 0.2636, lr_0 = 1.9930e-04
Loss = 3.3904e-02, PNorm = 106.4764, GNorm = 0.5343, lr_0 = 1.9910e-04
Loss = 3.7075e-02, PNorm = 106.4814, GNorm = 0.2115, lr_0 = 1.9889e-04
Loss = 3.5286e-02, PNorm = 106.4851, GNorm = 0.6659, lr_0 = 1.9869e-04
Loss = 7.2807e-02, PNorm = 106.4856, GNorm = 0.2770, lr_0 = 1.9848e-04
Loss = 6.5236e-02, PNorm = 106.4852, GNorm = 0.3402, lr_0 = 1.9828e-04
Loss = 3.2434e-02, PNorm = 106.4891, GNorm = 0.3372, lr_0 = 1.9808e-04
Loss = 2.5862e-02, PNorm = 106.4971, GNorm = 0.2275, lr_0 = 1.9787e-04
Loss = 8.7665e-02, PNorm = 106.5001, GNorm = 1.0797, lr_0 = 1.9767e-04
Loss = 6.9916e-02, PNorm = 106.5007, GNorm = 0.3882, lr_0 = 1.9747e-04
Loss = 6.2239e-02, PNorm = 106.5048, GNorm = 0.4376, lr_0 = 1.9726e-04
Loss = 5.7332e-02, PNorm = 106.5141, GNorm = 0.4103, lr_0 = 1.9706e-04
Loss = 1.1324e-02, PNorm = 106.5285, GNorm = 0.2942, lr_0 = 1.9686e-04
Loss = 5.0444e-02, PNorm = 106.5359, GNorm = 0.1852, lr_0 = 1.9666e-04
Loss = 2.5212e-02, PNorm = 106.5403, GNorm = 0.2036, lr_0 = 1.9645e-04
Loss = 7.2992e-02, PNorm = 106.5435, GNorm = 2.7923, lr_0 = 1.9625e-04
Loss = 7.2459e-02, PNorm = 106.5426, GNorm = 0.6434, lr_0 = 1.9605e-04
Loss = 3.3894e-02, PNorm = 106.5479, GNorm = 0.3565, lr_0 = 1.9585e-04
Loss = 1.0555e-02, PNorm = 106.5587, GNorm = 0.2563, lr_0 = 1.9565e-04
Loss = 6.2183e-02, PNorm = 106.5680, GNorm = 0.1743, lr_0 = 1.9545e-04
Loss = 6.2898e-02, PNorm = 106.5731, GNorm = 1.3926, lr_0 = 1.9525e-04
Loss = 5.3668e-02, PNorm = 106.5770, GNorm = 0.3068, lr_0 = 1.9504e-04
Loss = 7.4542e-02, PNorm = 106.5809, GNorm = 0.5079, lr_0 = 1.9484e-04
Loss = 5.8505e-02, PNorm = 106.5831, GNorm = 0.4727, lr_0 = 1.9464e-04
Loss = 3.2627e-02, PNorm = 106.5911, GNorm = 0.3174, lr_0 = 1.9444e-04
Loss = 4.9150e-02, PNorm = 106.6001, GNorm = 0.2835, lr_0 = 1.9424e-04
Loss = 5.4192e-02, PNorm = 106.6031, GNorm = 0.5662, lr_0 = 1.9404e-04
Loss = 5.9749e-02, PNorm = 106.6027, GNorm = 0.2827, lr_0 = 1.9385e-04
Loss = 2.1715e-02, PNorm = 106.6070, GNorm = 0.3309, lr_0 = 1.9365e-04
Loss = 3.7910e-02, PNorm = 106.6130, GNorm = 0.2568, lr_0 = 1.9345e-04
Loss = 2.4519e-02, PNorm = 106.6212, GNorm = 0.2109, lr_0 = 1.9325e-04
Loss = 8.3552e-02, PNorm = 106.6236, GNorm = 0.6816, lr_0 = 1.9305e-04
Validation auc = 0.555684
Epoch 22
Loss = 4.2275e-02, PNorm = 106.6235, GNorm = 0.2926, lr_0 = 1.9285e-04
Loss = 4.0022e-02, PNorm = 106.6294, GNorm = 0.9626, lr_0 = 1.9265e-04
Loss = 4.0973e-02, PNorm = 106.6344, GNorm = 0.2413, lr_0 = 1.9246e-04
Loss = 5.2661e-02, PNorm = 106.6429, GNorm = 1.8345, lr_0 = 1.9226e-04
Loss = 1.0410e-01, PNorm = 106.6412, GNorm = 0.6834, lr_0 = 1.9206e-04
Loss = 4.7080e-02, PNorm = 106.6458, GNorm = 0.4423, lr_0 = 1.9186e-04
Loss = 2.1282e-02, PNorm = 106.6576, GNorm = 0.3543, lr_0 = 1.9167e-04
Loss = 4.0285e-02, PNorm = 106.6695, GNorm = 0.2104, lr_0 = 1.9147e-04
Loss = 6.0182e-02, PNorm = 106.6775, GNorm = 1.6148, lr_0 = 1.9127e-04
Loss = 8.2007e-02, PNorm = 106.6776, GNorm = 0.6373, lr_0 = 1.9108e-04
Loss = 5.7497e-02, PNorm = 106.6794, GNorm = 0.7782, lr_0 = 1.9088e-04
Loss = 4.5450e-02, PNorm = 106.6824, GNorm = 0.3643, lr_0 = 1.9068e-04
Loss = 7.7988e-02, PNorm = 106.6848, GNorm = 0.5521, lr_0 = 1.9049e-04
Loss = 5.6529e-02, PNorm = 106.6940, GNorm = 0.5612, lr_0 = 1.9029e-04
Loss = 6.9364e-02, PNorm = 106.7033, GNorm = 0.4503, lr_0 = 1.9010e-04
Loss = 3.2925e-02, PNorm = 106.7157, GNorm = 0.3118, lr_0 = 1.8990e-04
Loss = 2.6838e-02, PNorm = 106.7321, GNorm = 0.2686, lr_0 = 1.8971e-04
Loss = 1.3956e-02, PNorm = 106.7534, GNorm = 0.1530, lr_0 = 1.8951e-04
Loss = 5.7889e-02, PNorm = 106.7488, GNorm = 0.8314, lr_0 = 1.8932e-04
Loss = 4.1723e-02, PNorm = 106.7460, GNorm = 0.1932, lr_0 = 1.8912e-04
Loss = 8.3184e-02, PNorm = 106.7469, GNorm = 0.4448, lr_0 = 1.8893e-04
Loss = 2.3217e-02, PNorm = 106.7516, GNorm = 0.3608, lr_0 = 1.8873e-04
Loss = 3.4237e-02, PNorm = 106.7547, GNorm = 0.2532, lr_0 = 1.8854e-04
Loss = 3.9758e-02, PNorm = 106.7538, GNorm = 0.2479, lr_0 = 1.8835e-04
Loss = 4.0327e-02, PNorm = 106.7556, GNorm = 0.6826, lr_0 = 1.8815e-04
Loss = 3.3755e-02, PNorm = 106.7573, GNorm = 0.2683, lr_0 = 1.8796e-04
Loss = 4.0616e-02, PNorm = 106.7585, GNorm = 0.2201, lr_0 = 1.8777e-04
Loss = 6.9632e-02, PNorm = 106.7599, GNorm = 1.3470, lr_0 = 1.8757e-04
Loss = 6.2130e-02, PNorm = 106.7578, GNorm = 0.3585, lr_0 = 1.8738e-04
Loss = 3.9253e-02, PNorm = 106.7609, GNorm = 0.3244, lr_0 = 1.8719e-04
Loss = 6.8280e-02, PNorm = 106.7644, GNorm = 0.3209, lr_0 = 1.8700e-04
Loss = 3.6718e-02, PNorm = 106.7703, GNorm = 0.2975, lr_0 = 1.8680e-04
Loss = 6.0488e-02, PNorm = 106.7752, GNorm = 0.3134, lr_0 = 1.8661e-04
Loss = 4.4905e-02, PNorm = 106.7803, GNorm = 0.7075, lr_0 = 1.8642e-04
Loss = 3.7492e-02, PNorm = 106.7833, GNorm = 0.2581, lr_0 = 1.8623e-04
Loss = 2.3963e-02, PNorm = 106.7887, GNorm = 0.1830, lr_0 = 1.8604e-04
Loss = 1.5155e-02, PNorm = 106.7931, GNorm = 0.2244, lr_0 = 1.8585e-04
Loss = 4.7541e-02, PNorm = 106.7962, GNorm = 0.2159, lr_0 = 1.8565e-04
Loss = 3.9986e-02, PNorm = 106.7981, GNorm = 0.2059, lr_0 = 1.8546e-04
Loss = 3.7380e-02, PNorm = 106.8007, GNorm = 0.1814, lr_0 = 1.8527e-04
Loss = 4.9334e-02, PNorm = 106.8039, GNorm = 0.1682, lr_0 = 1.8508e-04
Loss = 4.5102e-02, PNorm = 106.8068, GNorm = 0.2203, lr_0 = 1.8489e-04
Loss = 4.1033e-02, PNorm = 106.8095, GNorm = 0.2520, lr_0 = 1.8470e-04
Loss = 6.3203e-02, PNorm = 106.8108, GNorm = 0.7830, lr_0 = 1.8451e-04
Loss = 6.9306e-02, PNorm = 106.8107, GNorm = 0.3990, lr_0 = 1.8432e-04
Loss = 4.3623e-02, PNorm = 106.8165, GNorm = 0.3745, lr_0 = 1.8413e-04
Loss = 7.1945e-02, PNorm = 106.8213, GNorm = 0.9682, lr_0 = 1.8394e-04
Loss = 4.7695e-02, PNorm = 106.8230, GNorm = 1.1620, lr_0 = 1.8376e-04
Loss = 7.9863e-02, PNorm = 106.8251, GNorm = 0.5646, lr_0 = 1.8357e-04
Loss = 8.5228e-02, PNorm = 106.8258, GNorm = 0.7039, lr_0 = 1.8338e-04
Loss = 6.4952e-02, PNorm = 106.8261, GNorm = 0.5501, lr_0 = 1.8319e-04
Loss = 6.0174e-02, PNorm = 106.8323, GNorm = 0.4133, lr_0 = 1.8300e-04
Loss = 3.8941e-02, PNorm = 106.8402, GNorm = 0.3232, lr_0 = 1.8281e-04
Loss = 3.2057e-02, PNorm = 106.8476, GNorm = 0.2204, lr_0 = 1.8263e-04
Loss = 5.7066e-02, PNorm = 106.8512, GNorm = 0.2124, lr_0 = 1.8244e-04
Loss = 6.7137e-02, PNorm = 106.8533, GNorm = 0.2845, lr_0 = 1.8225e-04
Loss = 7.5737e-02, PNorm = 106.8528, GNorm = 0.3333, lr_0 = 1.8206e-04
Loss = 3.1011e-02, PNorm = 106.8571, GNorm = 0.6189, lr_0 = 1.8188e-04
Loss = 5.1546e-02, PNorm = 106.8635, GNorm = 0.7042, lr_0 = 1.8169e-04
Loss = 5.6931e-02, PNorm = 106.8674, GNorm = 1.3788, lr_0 = 1.8150e-04
Loss = 8.4439e-02, PNorm = 106.8672, GNorm = 0.5435, lr_0 = 1.8132e-04
Loss = 4.3506e-02, PNorm = 106.8701, GNorm = 0.3879, lr_0 = 1.8113e-04
Loss = 6.0809e-02, PNorm = 106.8763, GNorm = 0.6273, lr_0 = 1.8094e-04
Loss = 4.5507e-02, PNorm = 106.8830, GNorm = 0.3310, lr_0 = 1.8076e-04
Loss = 6.7222e-02, PNorm = 106.8891, GNorm = 1.2943, lr_0 = 1.8057e-04
Loss = 6.0644e-02, PNorm = 106.8890, GNorm = 0.3192, lr_0 = 1.8039e-04
Loss = 3.6101e-02, PNorm = 106.8918, GNorm = 0.4943, lr_0 = 1.8020e-04
Loss = 5.0481e-02, PNorm = 106.8961, GNorm = 0.6069, lr_0 = 1.8002e-04
Loss = 4.3950e-02, PNorm = 106.9008, GNorm = 0.6299, lr_0 = 1.7983e-04
Loss = 5.2450e-02, PNorm = 106.9047, GNorm = 0.6671, lr_0 = 1.7965e-04
Loss = 4.0736e-02, PNorm = 106.9086, GNorm = 0.2796, lr_0 = 1.7946e-04
Loss = 6.8843e-02, PNorm = 106.9107, GNorm = 0.2871, lr_0 = 1.7928e-04
Loss = 2.4248e-02, PNorm = 106.9159, GNorm = 0.2780, lr_0 = 1.7909e-04
Loss = 3.2537e-02, PNorm = 106.9233, GNorm = 0.2148, lr_0 = 1.7891e-04
Loss = 5.6985e-02, PNorm = 106.9288, GNorm = 0.2331, lr_0 = 1.7873e-04
Loss = 3.7509e-02, PNorm = 106.9350, GNorm = 1.3907, lr_0 = 1.7854e-04
Loss = 4.0939e-02, PNorm = 106.9401, GNorm = 0.4541, lr_0 = 1.7836e-04
Loss = 2.9241e-02, PNorm = 106.9453, GNorm = 0.2548, lr_0 = 1.7818e-04
Loss = 2.8124e-02, PNorm = 106.9517, GNorm = 0.1735, lr_0 = 1.7799e-04
Loss = 6.3690e-02, PNorm = 106.9555, GNorm = 0.6120, lr_0 = 1.7781e-04
Validation auc = 0.538177
Epoch 23
Loss = 2.2044e-01, PNorm = 106.9409, GNorm = 0.3689, lr_0 = 1.7763e-04
Loss = 4.1937e-02, PNorm = 106.9378, GNorm = 0.5199, lr_0 = 1.7744e-04
Loss = 6.1542e-02, PNorm = 106.9455, GNorm = 0.7135, lr_0 = 1.7726e-04
Loss = 3.9676e-02, PNorm = 106.9522, GNorm = 0.4970, lr_0 = 1.7708e-04
Loss = 5.2220e-02, PNorm = 106.9566, GNorm = 0.3153, lr_0 = 1.7690e-04
Loss = 6.8311e-02, PNorm = 106.9591, GNorm = 0.4848, lr_0 = 1.7672e-04
Loss = 3.7284e-02, PNorm = 106.9634, GNorm = 0.8229, lr_0 = 1.7653e-04
Loss = 4.4724e-02, PNorm = 106.9684, GNorm = 0.2346, lr_0 = 1.7635e-04
Loss = 9.3518e-02, PNorm = 106.9681, GNorm = 0.5633, lr_0 = 1.7617e-04
Loss = 3.2050e-02, PNorm = 106.9744, GNorm = 0.3814, lr_0 = 1.7599e-04
Loss = 3.1499e-02, PNorm = 106.9811, GNorm = 0.3177, lr_0 = 1.7581e-04
Loss = 5.4573e-02, PNorm = 106.9854, GNorm = 0.4092, lr_0 = 1.7563e-04
Loss = 2.7642e-02, PNorm = 106.9898, GNorm = 0.8558, lr_0 = 1.7545e-04
Loss = 3.5199e-02, PNorm = 106.9933, GNorm = 0.1920, lr_0 = 1.7527e-04
Loss = 2.6756e-02, PNorm = 106.9968, GNorm = 0.1834, lr_0 = 1.7509e-04
Loss = 7.3326e-02, PNorm = 106.9964, GNorm = 0.8496, lr_0 = 1.7491e-04
Loss = 8.9169e-02, PNorm = 106.9951, GNorm = 0.3440, lr_0 = 1.7473e-04
Loss = 7.3709e-02, PNorm = 106.9957, GNorm = 1.2435, lr_0 = 1.7455e-04
Loss = 3.6122e-02, PNorm = 106.9988, GNorm = 0.5031, lr_0 = 1.7437e-04
Loss = 4.6959e-02, PNorm = 107.0047, GNorm = 0.5728, lr_0 = 1.7419e-04
Loss = 3.1414e-02, PNorm = 107.0086, GNorm = 0.2766, lr_0 = 1.7401e-04
Loss = 5.6999e-02, PNorm = 107.0114, GNorm = 0.6178, lr_0 = 1.7383e-04
Loss = 2.4810e-02, PNorm = 107.0140, GNorm = 0.2740, lr_0 = 1.7366e-04
Loss = 3.9995e-02, PNorm = 107.0171, GNorm = 0.2254, lr_0 = 1.7348e-04
Loss = 3.4390e-02, PNorm = 107.0201, GNorm = 0.2110, lr_0 = 1.7330e-04
Loss = 3.6707e-02, PNorm = 107.0226, GNorm = 0.4875, lr_0 = 1.7312e-04
Loss = 5.6715e-02, PNorm = 107.0234, GNorm = 0.1679, lr_0 = 1.7294e-04
Loss = 2.9221e-02, PNorm = 107.0263, GNorm = 0.2097, lr_0 = 1.7276e-04
Loss = 6.8978e-02, PNorm = 107.0262, GNorm = 0.2712, lr_0 = 1.7259e-04
Loss = 6.6418e-02, PNorm = 107.0272, GNorm = 2.5224, lr_0 = 1.7241e-04
Loss = 2.4883e-02, PNorm = 107.0305, GNorm = 0.3037, lr_0 = 1.7223e-04
Loss = 5.6213e-02, PNorm = 107.0345, GNorm = 1.1521, lr_0 = 1.7206e-04
Loss = 5.7117e-02, PNorm = 107.0367, GNorm = 0.7187, lr_0 = 1.7188e-04
Loss = 4.4607e-02, PNorm = 107.0407, GNorm = 0.4143, lr_0 = 1.7170e-04
Loss = 1.8907e-02, PNorm = 107.0482, GNorm = 0.2356, lr_0 = 1.7153e-04
Loss = 2.7039e-02, PNorm = 107.0539, GNorm = 0.1890, lr_0 = 1.7135e-04
Loss = 4.8925e-02, PNorm = 107.0575, GNorm = 0.1611, lr_0 = 1.7117e-04
Loss = 5.5068e-02, PNorm = 107.0574, GNorm = 0.2065, lr_0 = 1.7100e-04
Loss = 3.3782e-02, PNorm = 107.0569, GNorm = 0.2601, lr_0 = 1.7082e-04
Loss = 2.2495e-02, PNorm = 107.0596, GNorm = 0.2314, lr_0 = 1.7065e-04
Loss = 5.2970e-02, PNorm = 107.0631, GNorm = 0.2410, lr_0 = 1.7047e-04
Loss = 5.5133e-02, PNorm = 107.0669, GNorm = 0.2700, lr_0 = 1.7030e-04
Loss = 1.8504e-02, PNorm = 107.0716, GNorm = 0.2533, lr_0 = 1.7012e-04
Loss = 2.0000e-02, PNorm = 107.0769, GNorm = 0.1979, lr_0 = 1.6995e-04
Loss = 4.4545e-02, PNorm = 107.0819, GNorm = 0.1827, lr_0 = 1.6977e-04
Loss = 3.5223e-02, PNorm = 107.0846, GNorm = 0.2009, lr_0 = 1.6960e-04
Loss = 6.7486e-02, PNorm = 107.0848, GNorm = 0.8020, lr_0 = 1.6942e-04
Loss = 7.7817e-02, PNorm = 107.0824, GNorm = 0.2896, lr_0 = 1.6925e-04
Loss = 6.9784e-02, PNorm = 107.0850, GNorm = 1.0548, lr_0 = 1.6908e-04
Loss = 3.8436e-02, PNorm = 107.0871, GNorm = 0.4015, lr_0 = 1.6890e-04
Loss = 2.4883e-02, PNorm = 107.0931, GNorm = 0.3301, lr_0 = 1.6873e-04
Loss = 3.0661e-02, PNorm = 107.0998, GNorm = 0.2423, lr_0 = 1.6855e-04
Loss = 7.4436e-02, PNorm = 107.1016, GNorm = 0.2620, lr_0 = 1.6838e-04
Loss = 6.6538e-02, PNorm = 107.1034, GNorm = 0.2439, lr_0 = 1.6821e-04
Loss = 4.6897e-02, PNorm = 107.1072, GNorm = 0.4868, lr_0 = 1.6804e-04
Loss = 1.2753e-01, PNorm = 107.1078, GNorm = 1.1841, lr_0 = 1.6786e-04
Loss = 4.3934e-02, PNorm = 107.1118, GNorm = 0.4110, lr_0 = 1.6769e-04
Loss = 6.2268e-02, PNorm = 107.1180, GNorm = 0.4345, lr_0 = 1.6752e-04
Loss = 5.9545e-02, PNorm = 107.1226, GNorm = 0.4266, lr_0 = 1.6735e-04
Loss = 2.4307e-02, PNorm = 107.1299, GNorm = 0.2854, lr_0 = 1.6717e-04
Loss = 2.4137e-02, PNorm = 107.1391, GNorm = 0.1900, lr_0 = 1.6700e-04
Loss = 4.2729e-02, PNorm = 107.1437, GNorm = 0.1778, lr_0 = 1.6683e-04
Loss = 8.0847e-02, PNorm = 107.1453, GNorm = 0.7135, lr_0 = 1.6666e-04
Loss = 3.2968e-02, PNorm = 107.1458, GNorm = 0.2655, lr_0 = 1.6649e-04
Loss = 5.3963e-02, PNorm = 107.1486, GNorm = 0.5224, lr_0 = 1.6632e-04
Loss = 4.8459e-02, PNorm = 107.1539, GNorm = 0.5130, lr_0 = 1.6615e-04
Loss = 7.2636e-02, PNorm = 107.1600, GNorm = 1.4848, lr_0 = 1.6598e-04
Loss = 5.6634e-02, PNorm = 107.1610, GNorm = 0.3222, lr_0 = 1.6581e-04
Loss = 6.3317e-02, PNorm = 107.1655, GNorm = 1.4194, lr_0 = 1.6563e-04
Loss = 7.2426e-02, PNorm = 107.1636, GNorm = 0.3726, lr_0 = 1.6546e-04
Loss = 5.0203e-02, PNorm = 107.1643, GNorm = 0.4574, lr_0 = 1.6529e-04
Loss = 4.1984e-02, PNorm = 107.1694, GNorm = 0.3710, lr_0 = 1.6512e-04
Loss = 2.1182e-02, PNorm = 107.1762, GNorm = 0.2851, lr_0 = 1.6496e-04
Loss = 6.2084e-02, PNorm = 107.1795, GNorm = 0.2210, lr_0 = 1.6479e-04
Loss = 4.6109e-02, PNorm = 107.1824, GNorm = 0.8416, lr_0 = 1.6462e-04
Loss = 5.6458e-02, PNorm = 107.1834, GNorm = 0.5609, lr_0 = 1.6445e-04
Loss = 6.9875e-02, PNorm = 107.1854, GNorm = 0.7440, lr_0 = 1.6428e-04
Loss = 5.2009e-02, PNorm = 107.1872, GNorm = 0.6305, lr_0 = 1.6411e-04
Loss = 6.4516e-02, PNorm = 107.1901, GNorm = 0.2756, lr_0 = 1.6394e-04
Loss = 7.0992e-02, PNorm = 107.1914, GNorm = 0.4555, lr_0 = 1.6377e-04
Validation auc = 0.583994
Epoch 24
Loss = 4.7335e-02, PNorm = 107.1958, GNorm = 0.3475, lr_0 = 1.6360e-04
Loss = 5.7744e-02, PNorm = 107.2000, GNorm = 0.5846, lr_0 = 1.6344e-04
Loss = 7.1264e-02, PNorm = 107.2037, GNorm = 0.3405, lr_0 = 1.6327e-04
Loss = 5.7308e-02, PNorm = 107.2084, GNorm = 1.4195, lr_0 = 1.6310e-04
Loss = 4.6495e-02, PNorm = 107.2122, GNorm = 0.3613, lr_0 = 1.6293e-04
Loss = 7.6033e-02, PNorm = 107.2163, GNorm = 0.3659, lr_0 = 1.6277e-04
Loss = 3.9326e-02, PNorm = 107.2200, GNorm = 0.4485, lr_0 = 1.6260e-04
Loss = 6.7700e-02, PNorm = 107.2269, GNorm = 1.4371, lr_0 = 1.6243e-04
Loss = 9.1732e-02, PNorm = 107.2270, GNorm = 0.3856, lr_0 = 1.6226e-04
Loss = 2.2260e-02, PNorm = 107.2318, GNorm = 0.4042, lr_0 = 1.6210e-04
Loss = 3.6048e-02, PNorm = 107.2380, GNorm = 0.2607, lr_0 = 1.6193e-04
Loss = 4.0943e-02, PNorm = 107.2436, GNorm = 0.2421, lr_0 = 1.6176e-04
Loss = 6.0202e-02, PNorm = 107.2470, GNorm = 0.2633, lr_0 = 1.6160e-04
Loss = 3.5407e-02, PNorm = 107.2482, GNorm = 0.2793, lr_0 = 1.6143e-04
Loss = 3.6179e-02, PNorm = 107.2518, GNorm = 0.2106, lr_0 = 1.6127e-04
Loss = 3.9745e-02, PNorm = 107.2548, GNorm = 0.9047, lr_0 = 1.6110e-04
Loss = 5.3213e-02, PNorm = 107.2556, GNorm = 0.6711, lr_0 = 1.6094e-04
Loss = 1.6138e-02, PNorm = 107.2594, GNorm = 0.7041, lr_0 = 1.6077e-04
Loss = 3.1832e-02, PNorm = 107.2630, GNorm = 0.4233, lr_0 = 1.6060e-04
Loss = 5.1408e-02, PNorm = 107.2651, GNorm = 1.0312, lr_0 = 1.6044e-04
Loss = 4.4407e-02, PNorm = 107.2648, GNorm = 0.5269, lr_0 = 1.6028e-04
Loss = 5.1649e-02, PNorm = 107.2634, GNorm = 0.2470, lr_0 = 1.6011e-04
Loss = 3.8351e-02, PNorm = 107.2634, GNorm = 0.2709, lr_0 = 1.5995e-04
Loss = 8.3403e-02, PNorm = 107.2624, GNorm = 1.2330, lr_0 = 1.5978e-04
Loss = 5.8171e-02, PNorm = 107.2619, GNorm = 0.4572, lr_0 = 1.5962e-04
Loss = 6.1190e-02, PNorm = 107.2652, GNorm = 0.4451, lr_0 = 1.5945e-04
Loss = 4.8672e-02, PNorm = 107.2688, GNorm = 0.3217, lr_0 = 1.5929e-04
Loss = 6.6455e-02, PNorm = 107.2734, GNorm = 0.7595, lr_0 = 1.5913e-04
Loss = 4.6887e-02, PNorm = 107.2759, GNorm = 0.3502, lr_0 = 1.5896e-04
Loss = 2.9873e-02, PNorm = 107.2809, GNorm = 0.2924, lr_0 = 1.5880e-04
Loss = 5.8054e-02, PNorm = 107.2833, GNorm = 0.3386, lr_0 = 1.5864e-04
Loss = 5.2982e-02, PNorm = 107.2849, GNorm = 0.2765, lr_0 = 1.5847e-04
Loss = 9.2398e-02, PNorm = 107.2844, GNorm = 0.9958, lr_0 = 1.5831e-04
Loss = 4.0342e-02, PNorm = 107.2885, GNorm = 1.4692, lr_0 = 1.5815e-04
Loss = 5.4916e-02, PNorm = 107.2931, GNorm = 1.1375, lr_0 = 1.5799e-04
Loss = 8.0483e-02, PNorm = 107.2965, GNorm = 0.5170, lr_0 = 1.5782e-04
Loss = 2.0935e-02, PNorm = 107.3033, GNorm = 0.3568, lr_0 = 1.5766e-04
Loss = 3.1226e-02, PNorm = 107.3119, GNorm = 0.2593, lr_0 = 1.5750e-04
Loss = 6.9251e-02, PNorm = 107.3167, GNorm = 1.0878, lr_0 = 1.5734e-04
Loss = 2.2647e-02, PNorm = 107.3205, GNorm = 0.2443, lr_0 = 1.5718e-04
Loss = 7.3869e-02, PNorm = 107.3236, GNorm = 1.3517, lr_0 = 1.5701e-04
Loss = 4.5727e-02, PNorm = 107.3248, GNorm = 0.5673, lr_0 = 1.5685e-04
Loss = 6.4681e-02, PNorm = 107.3266, GNorm = 0.5227, lr_0 = 1.5669e-04
Loss = 3.3670e-02, PNorm = 107.3312, GNorm = 0.7857, lr_0 = 1.5653e-04
Loss = 3.8988e-02, PNorm = 107.3370, GNorm = 0.2458, lr_0 = 1.5637e-04
Loss = 3.1976e-02, PNorm = 107.3435, GNorm = 0.2724, lr_0 = 1.5621e-04
Loss = 4.8652e-02, PNorm = 107.3472, GNorm = 0.2734, lr_0 = 1.5605e-04
Loss = 3.5676e-02, PNorm = 107.3515, GNorm = 0.7570, lr_0 = 1.5589e-04
Loss = 3.6798e-02, PNorm = 107.3531, GNorm = 1.2038, lr_0 = 1.5573e-04
Loss = 3.9832e-02, PNorm = 107.3524, GNorm = 0.2089, lr_0 = 1.5557e-04
Loss = 2.6216e-02, PNorm = 107.3547, GNorm = 0.9113, lr_0 = 1.5541e-04
Loss = 4.4323e-02, PNorm = 107.3561, GNorm = 0.1879, lr_0 = 1.5525e-04
Loss = 5.6059e-02, PNorm = 107.3579, GNorm = 1.0237, lr_0 = 1.5509e-04
Loss = 3.9039e-02, PNorm = 107.3605, GNorm = 0.6918, lr_0 = 1.5493e-04
Loss = 6.5433e-02, PNorm = 107.3618, GNorm = 0.2683, lr_0 = 1.5477e-04
Loss = 4.2060e-02, PNorm = 107.3659, GNorm = 0.2997, lr_0 = 1.5461e-04
Loss = 3.4016e-02, PNorm = 107.3732, GNorm = 0.2685, lr_0 = 1.5445e-04
Loss = 3.6887e-02, PNorm = 107.3781, GNorm = 0.2661, lr_0 = 1.5429e-04
Loss = 5.9231e-02, PNorm = 107.3802, GNorm = 0.9798, lr_0 = 1.5414e-04
Loss = 1.7841e-02, PNorm = 107.3819, GNorm = 0.2405, lr_0 = 1.5398e-04
Loss = 7.4587e-02, PNorm = 107.3840, GNorm = 0.2524, lr_0 = 1.5382e-04
Loss = 3.9497e-02, PNorm = 107.3881, GNorm = 0.6655, lr_0 = 1.5366e-04
Loss = 5.3567e-02, PNorm = 107.3905, GNorm = 0.2683, lr_0 = 1.5350e-04
Loss = 8.4498e-02, PNorm = 107.3920, GNorm = 0.3818, lr_0 = 1.5335e-04
Loss = 2.5690e-02, PNorm = 107.3960, GNorm = 0.3089, lr_0 = 1.5319e-04
Loss = 2.7732e-02, PNorm = 107.4017, GNorm = 0.2905, lr_0 = 1.5303e-04
Loss = 3.8070e-02, PNorm = 107.4068, GNorm = 0.2375, lr_0 = 1.5287e-04
Loss = 4.7744e-02, PNorm = 107.4091, GNorm = 0.7613, lr_0 = 1.5272e-04
Loss = 4.6187e-02, PNorm = 107.4074, GNorm = 0.1855, lr_0 = 1.5256e-04
Loss = 7.7354e-02, PNorm = 107.4069, GNorm = 0.7223, lr_0 = 1.5240e-04
Loss = 4.3782e-02, PNorm = 107.4096, GNorm = 0.5920, lr_0 = 1.5225e-04
Loss = 9.3842e-02, PNorm = 107.4115, GNorm = 0.6304, lr_0 = 1.5209e-04
Loss = 6.1237e-02, PNorm = 107.4142, GNorm = 0.4689, lr_0 = 1.5193e-04
Loss = 5.2055e-02, PNorm = 107.4189, GNorm = 0.5477, lr_0 = 1.5178e-04
Loss = 6.2316e-02, PNorm = 107.4251, GNorm = 0.3591, lr_0 = 1.5162e-04
Loss = 4.7202e-02, PNorm = 107.4320, GNorm = 0.3393, lr_0 = 1.5147e-04
Loss = 3.8244e-02, PNorm = 107.4402, GNorm = 0.2736, lr_0 = 1.5131e-04
Loss = 2.5953e-02, PNorm = 107.4487, GNorm = 0.2535, lr_0 = 1.5115e-04
Loss = 6.4180e-02, PNorm = 107.4516, GNorm = 1.3207, lr_0 = 1.5100e-04
Loss = 3.8328e-02, PNorm = 107.4514, GNorm = 0.3019, lr_0 = 1.5084e-04
Validation auc = 0.590149
Epoch 25
Loss = 8.2437e-02, PNorm = 107.4509, GNorm = 0.3213, lr_0 = 1.5069e-04
Loss = 4.2196e-02, PNorm = 107.4502, GNorm = 0.3151, lr_0 = 1.5053e-04
Loss = 6.2864e-02, PNorm = 107.4517, GNorm = 0.3160, lr_0 = 1.5038e-04
Loss = 3.7696e-02, PNorm = 107.4544, GNorm = 0.3208, lr_0 = 1.5022e-04
Loss = 1.9281e-02, PNorm = 107.4603, GNorm = 0.2267, lr_0 = 1.5007e-04
Loss = 5.4179e-02, PNorm = 107.4621, GNorm = 0.2469, lr_0 = 1.4992e-04
Loss = 7.2232e-02, PNorm = 107.4636, GNorm = 0.2296, lr_0 = 1.4976e-04
Loss = 1.6572e-02, PNorm = 107.4664, GNorm = 0.5859, lr_0 = 1.4961e-04
Loss = 3.9416e-02, PNorm = 107.4698, GNorm = 0.8629, lr_0 = 1.4945e-04
Loss = 4.7508e-02, PNorm = 107.4711, GNorm = 0.4213, lr_0 = 1.4930e-04
Loss = 3.2322e-02, PNorm = 107.4745, GNorm = 0.5096, lr_0 = 1.4915e-04
Loss = 5.0011e-02, PNorm = 107.4777, GNorm = 0.5287, lr_0 = 1.4899e-04
Loss = 5.0313e-02, PNorm = 107.4803, GNorm = 0.2542, lr_0 = 1.4884e-04
Loss = 2.6204e-02, PNorm = 107.4838, GNorm = 0.2461, lr_0 = 1.4869e-04
Loss = 4.8488e-02, PNorm = 107.4868, GNorm = 0.2141, lr_0 = 1.4854e-04
Loss = 3.8981e-02, PNorm = 107.4906, GNorm = 0.6361, lr_0 = 1.4838e-04
Loss = 5.6084e-02, PNorm = 107.4937, GNorm = 0.7668, lr_0 = 1.4823e-04
Loss = 4.9882e-02, PNorm = 107.4945, GNorm = 0.3080, lr_0 = 1.4808e-04
Loss = 5.8166e-02, PNorm = 107.4970, GNorm = 0.3173, lr_0 = 1.4793e-04
Loss = 8.1017e-02, PNorm = 107.4969, GNorm = 0.6430, lr_0 = 1.4777e-04
Loss = 4.4487e-02, PNorm = 107.5000, GNorm = 0.3008, lr_0 = 1.4762e-04
Loss = 7.1204e-02, PNorm = 107.5020, GNorm = 0.8691, lr_0 = 1.4747e-04
Loss = 4.9865e-02, PNorm = 107.5027, GNorm = 0.3681, lr_0 = 1.4732e-04
Loss = 6.1361e-02, PNorm = 107.5054, GNorm = 0.8101, lr_0 = 1.4717e-04
Loss = 2.9270e-02, PNorm = 107.5085, GNorm = 0.4816, lr_0 = 1.4702e-04
Loss = 3.7681e-02, PNorm = 107.5131, GNorm = 0.2775, lr_0 = 1.4687e-04
Loss = 4.3728e-02, PNorm = 107.5170, GNorm = 0.6017, lr_0 = 1.4671e-04
Loss = 8.6753e-02, PNorm = 107.5176, GNorm = 0.2424, lr_0 = 1.4656e-04
Loss = 4.5284e-02, PNorm = 107.5188, GNorm = 0.2930, lr_0 = 1.4641e-04
Loss = 4.6633e-02, PNorm = 107.5211, GNorm = 0.5165, lr_0 = 1.4626e-04
Loss = 3.0531e-02, PNorm = 107.5256, GNorm = 0.2983, lr_0 = 1.4611e-04
Loss = 3.9161e-02, PNorm = 107.5307, GNorm = 0.5733, lr_0 = 1.4596e-04
Loss = 4.8065e-02, PNorm = 107.5340, GNorm = 0.6633, lr_0 = 1.4581e-04
Loss = 3.1911e-02, PNorm = 107.5356, GNorm = 0.2401, lr_0 = 1.4566e-04
Loss = 6.2170e-02, PNorm = 107.5360, GNorm = 0.6702, lr_0 = 1.4551e-04
Loss = 2.7752e-02, PNorm = 107.5384, GNorm = 0.2665, lr_0 = 1.4536e-04
Loss = 5.6235e-02, PNorm = 107.5418, GNorm = 0.5504, lr_0 = 1.4521e-04
Loss = 5.9819e-02, PNorm = 107.5436, GNorm = 0.4393, lr_0 = 1.4506e-04
Loss = 4.8497e-02, PNorm = 107.5469, GNorm = 0.2989, lr_0 = 1.4492e-04
Loss = 7.2890e-02, PNorm = 107.5489, GNorm = 0.3182, lr_0 = 1.4477e-04
Loss = 5.1177e-02, PNorm = 107.5537, GNorm = 0.3509, lr_0 = 1.4462e-04
Loss = 8.0750e-02, PNorm = 107.5587, GNorm = 1.0200, lr_0 = 1.4447e-04
Loss = 5.2219e-02, PNorm = 107.5634, GNorm = 0.3387, lr_0 = 1.4432e-04
Loss = 5.7843e-02, PNorm = 107.5700, GNorm = 0.8387, lr_0 = 1.4417e-04
Loss = 6.4714e-02, PNorm = 107.5742, GNorm = 0.6209, lr_0 = 1.4402e-04
Loss = 3.8490e-02, PNorm = 107.5768, GNorm = 0.3147, lr_0 = 1.4388e-04
Loss = 6.5111e-02, PNorm = 107.5795, GNorm = 0.8912, lr_0 = 1.4373e-04
Loss = 1.4378e-02, PNorm = 107.5818, GNorm = 0.2679, lr_0 = 1.4358e-04
Loss = 5.1252e-02, PNorm = 107.5867, GNorm = 1.0601, lr_0 = 1.4343e-04
Loss = 1.2850e-02, PNorm = 107.5899, GNorm = 0.2231, lr_0 = 1.4329e-04
Loss = 6.2659e-02, PNorm = 107.5922, GNorm = 0.2107, lr_0 = 1.4314e-04
Loss = 7.3399e-02, PNorm = 107.5917, GNorm = 1.1132, lr_0 = 1.4299e-04
Loss = 5.0079e-02, PNorm = 107.5893, GNorm = 0.3166, lr_0 = 1.4285e-04
Loss = 5.8278e-02, PNorm = 107.5904, GNorm = 0.6160, lr_0 = 1.4270e-04
Loss = 6.4938e-02, PNorm = 107.5918, GNorm = 0.3184, lr_0 = 1.4255e-04
Loss = 2.1751e-02, PNorm = 107.5958, GNorm = 0.3012, lr_0 = 1.4241e-04
Loss = 5.8022e-02, PNorm = 107.6000, GNorm = 0.5876, lr_0 = 1.4226e-04
Loss = 3.2875e-02, PNorm = 107.6038, GNorm = 0.6215, lr_0 = 1.4211e-04
Loss = 5.9731e-02, PNorm = 107.6045, GNorm = 0.2928, lr_0 = 1.4197e-04
Loss = 3.3588e-02, PNorm = 107.6074, GNorm = 0.2417, lr_0 = 1.4182e-04
Loss = 7.7481e-03, PNorm = 107.6129, GNorm = 0.1901, lr_0 = 1.4168e-04
Loss = 6.6241e-02, PNorm = 107.6166, GNorm = 0.9441, lr_0 = 1.4153e-04
Loss = 7.0214e-02, PNorm = 107.6160, GNorm = 0.2368, lr_0 = 1.4138e-04
Loss = 6.4761e-02, PNorm = 107.6130, GNorm = 0.2691, lr_0 = 1.4124e-04
Loss = 6.0124e-02, PNorm = 107.6123, GNorm = 0.3646, lr_0 = 1.4109e-04
Loss = 3.0409e-02, PNorm = 107.6161, GNorm = 0.3398, lr_0 = 1.4095e-04
Loss = 5.5931e-02, PNorm = 107.6224, GNorm = 0.2850, lr_0 = 1.4080e-04
Loss = 7.8950e-02, PNorm = 107.6273, GNorm = 0.2948, lr_0 = 1.4066e-04
Loss = 4.3728e-02, PNorm = 107.6336, GNorm = 0.6644, lr_0 = 1.4052e-04
Loss = 5.4532e-02, PNorm = 107.6364, GNorm = 1.1134, lr_0 = 1.4037e-04
Loss = 6.2023e-02, PNorm = 107.6392, GNorm = 2.9683, lr_0 = 1.4023e-04
Loss = 3.7741e-02, PNorm = 107.6409, GNorm = 0.2863, lr_0 = 1.4008e-04
Loss = 2.7720e-02, PNorm = 107.6456, GNorm = 0.2624, lr_0 = 1.3994e-04
Loss = 1.7333e-02, PNorm = 107.6512, GNorm = 0.1929, lr_0 = 1.3979e-04
Loss = 8.0801e-02, PNorm = 107.6523, GNorm = 0.2205, lr_0 = 1.3965e-04
Loss = 4.6436e-02, PNorm = 107.6546, GNorm = 0.6574, lr_0 = 1.3951e-04
Loss = 4.2215e-02, PNorm = 107.6568, GNorm = 0.2438, lr_0 = 1.3936e-04
Loss = 2.4218e-02, PNorm = 107.6618, GNorm = 0.2577, lr_0 = 1.3922e-04
Loss = 2.5771e-02, PNorm = 107.6674, GNorm = 0.2067, lr_0 = 1.3908e-04
Loss = 2.6849e-02, PNorm = 107.6721, GNorm = 0.1636, lr_0 = 1.3894e-04
Validation auc = 0.568032
Epoch 26
Loss = 3.4692e-02, PNorm = 107.6756, GNorm = 0.1356, lr_0 = 1.3879e-04
Loss = 3.9046e-02, PNorm = 107.6780, GNorm = 0.1635, lr_0 = 1.3865e-04
Loss = 4.0305e-02, PNorm = 107.6799, GNorm = 0.1515, lr_0 = 1.3851e-04
Loss = 4.0567e-02, PNorm = 107.6818, GNorm = 0.1778, lr_0 = 1.3837e-04
Loss = 2.6181e-02, PNorm = 107.6841, GNorm = 0.5499, lr_0 = 1.3822e-04
Loss = 3.6782e-02, PNorm = 107.6877, GNorm = 0.1939, lr_0 = 1.3808e-04
Loss = 4.3361e-02, PNorm = 107.6917, GNorm = 0.1955, lr_0 = 1.3794e-04
Loss = 5.4165e-02, PNorm = 107.6941, GNorm = 0.6587, lr_0 = 1.3780e-04
Loss = 6.5540e-02, PNorm = 107.6966, GNorm = 0.2835, lr_0 = 1.3766e-04
Loss = 4.3933e-02, PNorm = 107.6984, GNorm = 0.2803, lr_0 = 1.3751e-04
Loss = 5.9303e-02, PNorm = 107.7021, GNorm = 0.2926, lr_0 = 1.3737e-04
Loss = 4.5265e-02, PNorm = 107.7094, GNorm = 0.5114, lr_0 = 1.3723e-04
Loss = 7.7080e-02, PNorm = 107.7153, GNorm = 0.6215, lr_0 = 1.3709e-04
Loss = 5.6615e-02, PNorm = 107.7101, GNorm = 0.3515, lr_0 = 1.3695e-04
Loss = 3.6933e-02, PNorm = 107.7103, GNorm = 0.3218, lr_0 = 1.3681e-04
Loss = 2.1237e-02, PNorm = 107.7159, GNorm = 0.3097, lr_0 = 1.3667e-04
Loss = 5.4505e-02, PNorm = 107.7208, GNorm = 0.8110, lr_0 = 1.3653e-04
Loss = 7.7326e-02, PNorm = 107.7193, GNorm = 0.9669, lr_0 = 1.3639e-04
Loss = 3.7942e-02, PNorm = 107.7201, GNorm = 0.2656, lr_0 = 1.3625e-04
Loss = 4.5950e-02, PNorm = 107.7228, GNorm = 0.2653, lr_0 = 1.3611e-04
Loss = 4.7533e-02, PNorm = 107.7252, GNorm = 1.0366, lr_0 = 1.3597e-04
Loss = 5.9562e-02, PNorm = 107.7274, GNorm = 0.6599, lr_0 = 1.3583e-04
Loss = 4.7346e-02, PNorm = 107.7304, GNorm = 0.2637, lr_0 = 1.3569e-04
Loss = 6.1826e-02, PNorm = 107.7319, GNorm = 0.3454, lr_0 = 1.3555e-04
Loss = 5.3697e-02, PNorm = 107.7363, GNorm = 0.3676, lr_0 = 1.3541e-04
Loss = 4.4769e-02, PNorm = 107.7403, GNorm = 0.2653, lr_0 = 1.3527e-04
Loss = 2.7755e-02, PNorm = 107.7452, GNorm = 0.6379, lr_0 = 1.3513e-04
Loss = 7.5808e-02, PNorm = 107.7459, GNorm = 0.5300, lr_0 = 1.3499e-04
Loss = 6.8030e-02, PNorm = 107.7461, GNorm = 0.3189, lr_0 = 1.3485e-04
Loss = 5.4450e-02, PNorm = 107.7482, GNorm = 0.2848, lr_0 = 1.3472e-04
Loss = 5.9316e-02, PNorm = 107.7493, GNorm = 0.3735, lr_0 = 1.3458e-04
Loss = 3.8323e-02, PNorm = 107.7441, GNorm = 0.3461, lr_0 = 1.3444e-04
Loss = 6.5228e-02, PNorm = 107.7449, GNorm = 0.3387, lr_0 = 1.3430e-04
Loss = 2.8934e-02, PNorm = 107.7482, GNorm = 0.2981, lr_0 = 1.3416e-04
Loss = 5.4158e-02, PNorm = 107.7509, GNorm = 0.2419, lr_0 = 1.3403e-04
Loss = 6.4846e-02, PNorm = 107.7524, GNorm = 0.2487, lr_0 = 1.3389e-04
Loss = 2.7133e-02, PNorm = 107.7560, GNorm = 0.2667, lr_0 = 1.3375e-04
Loss = 5.7597e-02, PNorm = 107.7591, GNorm = 0.7002, lr_0 = 1.3361e-04
Loss = 5.6019e-02, PNorm = 107.7605, GNorm = 0.5504, lr_0 = 1.3348e-04
Loss = 8.3961e-02, PNorm = 107.7610, GNorm = 0.7482, lr_0 = 1.3334e-04
Loss = 5.5425e-02, PNorm = 107.7615, GNorm = 0.4168, lr_0 = 1.3320e-04
Loss = 6.3905e-02, PNorm = 107.7652, GNorm = 0.3960, lr_0 = 1.3306e-04
Loss = 4.4893e-02, PNorm = 107.7705, GNorm = 0.3544, lr_0 = 1.3293e-04
Loss = 3.6497e-02, PNorm = 107.7752, GNorm = 0.2978, lr_0 = 1.3279e-04
Loss = 4.9859e-02, PNorm = 107.7790, GNorm = 0.3060, lr_0 = 1.3265e-04
Loss = 8.0915e-02, PNorm = 107.7806, GNorm = 0.4271, lr_0 = 1.3252e-04
Loss = 5.0211e-02, PNorm = 107.7823, GNorm = 0.3098, lr_0 = 1.3238e-04
Loss = 4.4341e-02, PNorm = 107.7861, GNorm = 0.6276, lr_0 = 1.3225e-04
Loss = 3.3185e-02, PNorm = 107.7906, GNorm = 0.2338, lr_0 = 1.3211e-04
Loss = 4.6991e-02, PNorm = 107.7929, GNorm = 0.2364, lr_0 = 1.3197e-04
Loss = 4.2562e-02, PNorm = 107.7955, GNorm = 0.2497, lr_0 = 1.3184e-04
Loss = 8.3007e-02, PNorm = 107.7967, GNorm = 0.6697, lr_0 = 1.3170e-04
Loss = 3.8485e-02, PNorm = 107.7976, GNorm = 0.2675, lr_0 = 1.3157e-04
Loss = 4.5211e-02, PNorm = 107.8003, GNorm = 0.2899, lr_0 = 1.3143e-04
Loss = 2.5883e-02, PNorm = 107.8051, GNorm = 0.2918, lr_0 = 1.3130e-04
Loss = 2.4375e-02, PNorm = 107.8093, GNorm = 0.2053, lr_0 = 1.3116e-04
Loss = 8.5468e-02, PNorm = 107.8111, GNorm = 0.2124, lr_0 = 1.3103e-04
Loss = 6.1380e-02, PNorm = 107.8105, GNorm = 0.3666, lr_0 = 1.3089e-04
Loss = 4.8168e-02, PNorm = 107.8118, GNorm = 0.6988, lr_0 = 1.3076e-04
Loss = 5.1292e-02, PNorm = 107.8127, GNorm = 0.4462, lr_0 = 1.3063e-04
Loss = 5.5616e-02, PNorm = 107.8154, GNorm = 0.3383, lr_0 = 1.3049e-04
Loss = 3.4469e-02, PNorm = 107.8194, GNorm = 0.5588, lr_0 = 1.3036e-04
Loss = 9.0458e-02, PNorm = 107.8198, GNorm = 0.2871, lr_0 = 1.3022e-04
Loss = 2.8870e-02, PNorm = 107.8222, GNorm = 0.6261, lr_0 = 1.3009e-04
Loss = 5.5585e-02, PNorm = 107.8254, GNorm = 0.5722, lr_0 = 1.2996e-04
Loss = 5.6485e-02, PNorm = 107.8279, GNorm = 0.5861, lr_0 = 1.2982e-04
Loss = 4.9692e-02, PNorm = 107.8296, GNorm = 0.2461, lr_0 = 1.2969e-04
Loss = 4.5795e-02, PNorm = 107.8302, GNorm = 0.2745, lr_0 = 1.2956e-04
Loss = 5.1575e-02, PNorm = 107.8327, GNorm = 0.2950, lr_0 = 1.2942e-04
Loss = 2.5369e-02, PNorm = 107.8381, GNorm = 0.2266, lr_0 = 1.2929e-04
Loss = 6.5703e-02, PNorm = 107.8419, GNorm = 0.2335, lr_0 = 1.2916e-04
Loss = 6.9027e-02, PNorm = 107.8427, GNorm = 0.2883, lr_0 = 1.2902e-04
Loss = 3.7710e-02, PNorm = 107.8453, GNorm = 0.3037, lr_0 = 1.2889e-04
Loss = 6.3782e-02, PNorm = 107.8475, GNorm = 0.3120, lr_0 = 1.2876e-04
Loss = 3.7212e-02, PNorm = 107.8509, GNorm = 0.2732, lr_0 = 1.2863e-04
Loss = 2.5784e-02, PNorm = 107.8565, GNorm = 0.2300, lr_0 = 1.2849e-04
Loss = 1.5715e-02, PNorm = 107.8625, GNorm = 0.5433, lr_0 = 1.2836e-04
Loss = 3.7388e-02, PNorm = 107.8661, GNorm = 0.1532, lr_0 = 1.2823e-04
Loss = 3.5183e-02, PNorm = 107.8670, GNorm = 0.1664, lr_0 = 1.2810e-04
Loss = 5.8042e-02, PNorm = 107.8683, GNorm = 1.1829, lr_0 = 1.2797e-04
Validation auc = 0.586143
Epoch 27
Loss = 4.1358e-02, PNorm = 107.8679, GNorm = 0.2425, lr_0 = 1.2784e-04
Loss = 1.4997e-02, PNorm = 107.8708, GNorm = 0.2342, lr_0 = 1.2770e-04
Loss = 3.6950e-02, PNorm = 107.8744, GNorm = 0.1712, lr_0 = 1.2757e-04
Loss = 4.5202e-02, PNorm = 107.8767, GNorm = 0.6328, lr_0 = 1.2744e-04
Loss = 8.4022e-02, PNorm = 107.8753, GNorm = 0.2378, lr_0 = 1.2731e-04
Loss = 5.9875e-02, PNorm = 107.8758, GNorm = 0.6808, lr_0 = 1.2718e-04
Loss = 4.8417e-02, PNorm = 107.8758, GNorm = 0.3021, lr_0 = 1.2705e-04
Loss = 8.8617e-02, PNorm = 107.8765, GNorm = 1.7137, lr_0 = 1.2692e-04
Loss = 2.4866e-02, PNorm = 107.8799, GNorm = 0.3247, lr_0 = 1.2679e-04
Loss = 2.7494e-02, PNorm = 107.8860, GNorm = 0.2325, lr_0 = 1.2666e-04
Loss = 5.1409e-02, PNorm = 107.8903, GNorm = 0.2423, lr_0 = 1.2653e-04
Loss = 3.5960e-02, PNorm = 107.8946, GNorm = 0.6371, lr_0 = 1.2640e-04
Loss = 7.8677e-02, PNorm = 107.8943, GNorm = 0.2150, lr_0 = 1.2627e-04
Loss = 4.8436e-02, PNorm = 107.8945, GNorm = 0.2750, lr_0 = 1.2614e-04
Loss = 2.6782e-02, PNorm = 107.8984, GNorm = 0.5138, lr_0 = 1.2601e-04
Loss = 2.2545e-02, PNorm = 107.9030, GNorm = 0.2166, lr_0 = 1.2588e-04
Loss = 4.5789e-02, PNorm = 107.9065, GNorm = 0.1938, lr_0 = 1.2575e-04
Loss = 3.2808e-02, PNorm = 107.9086, GNorm = 0.1944, lr_0 = 1.2562e-04
Loss = 5.1661e-02, PNorm = 107.9097, GNorm = 0.1891, lr_0 = 1.2549e-04
Loss = 5.7839e-02, PNorm = 107.9104, GNorm = 0.6346, lr_0 = 1.2536e-04
Loss = 4.0146e-02, PNorm = 107.9125, GNorm = 0.8866, lr_0 = 1.2523e-04
Loss = 4.7166e-02, PNorm = 107.9141, GNorm = 0.2634, lr_0 = 1.2511e-04
Loss = 1.9131e-02, PNorm = 107.9177, GNorm = 0.2665, lr_0 = 1.2498e-04
Loss = 3.6124e-02, PNorm = 107.9218, GNorm = 0.7253, lr_0 = 1.2485e-04
Loss = 2.7803e-02, PNorm = 107.9247, GNorm = 0.6626, lr_0 = 1.2472e-04
Loss = 4.8372e-02, PNorm = 107.9272, GNorm = 0.1792, lr_0 = 1.2459e-04
Loss = 5.2218e-02, PNorm = 107.9292, GNorm = 0.2347, lr_0 = 1.2446e-04
Loss = 4.4024e-02, PNorm = 107.9325, GNorm = 0.2126, lr_0 = 1.2434e-04
Loss = 6.9330e-02, PNorm = 107.9346, GNorm = 0.5190, lr_0 = 1.2421e-04
Loss = 6.9888e-02, PNorm = 107.9371, GNorm = 0.3035, lr_0 = 1.2408e-04
Loss = 3.0316e-02, PNorm = 107.9416, GNorm = 0.3440, lr_0 = 1.2395e-04
Loss = 9.5423e-03, PNorm = 107.9492, GNorm = 0.2404, lr_0 = 1.2383e-04
Loss = 8.2464e-02, PNorm = 107.9518, GNorm = 0.2027, lr_0 = 1.2370e-04
Loss = 5.9599e-02, PNorm = 107.9524, GNorm = 0.2524, lr_0 = 1.2357e-04
Loss = 3.6722e-02, PNorm = 107.9561, GNorm = 0.2604, lr_0 = 1.2344e-04
Loss = 6.2328e-02, PNorm = 107.9587, GNorm = 0.4763, lr_0 = 1.2332e-04
Loss = 5.3333e-02, PNorm = 107.9594, GNorm = 0.2809, lr_0 = 1.2319e-04
Loss = 4.4775e-02, PNorm = 107.9631, GNorm = 0.2911, lr_0 = 1.2306e-04
Loss = 3.0782e-02, PNorm = 107.9668, GNorm = 0.2224, lr_0 = 1.2294e-04
Loss = 4.4127e-02, PNorm = 107.9695, GNorm = 0.2065, lr_0 = 1.2281e-04
Loss = 4.7203e-02, PNorm = 107.9708, GNorm = 0.2402, lr_0 = 1.2269e-04
Loss = 5.8248e-02, PNorm = 107.9729, GNorm = 0.6251, lr_0 = 1.2256e-04
Loss = 5.0654e-02, PNorm = 107.9745, GNorm = 0.3227, lr_0 = 1.2243e-04
Loss = 4.7315e-02, PNorm = 107.9775, GNorm = 0.2925, lr_0 = 1.2231e-04
Loss = 3.5250e-02, PNorm = 107.9820, GNorm = 0.2948, lr_0 = 1.2218e-04
Loss = 5.5047e-02, PNorm = 107.9855, GNorm = 0.3410, lr_0 = 1.2206e-04
Loss = 6.4513e-02, PNorm = 107.9853, GNorm = 0.5496, lr_0 = 1.2193e-04
Loss = 5.3819e-02, PNorm = 107.9877, GNorm = 0.5883, lr_0 = 1.2181e-04
Loss = 5.5511e-02, PNorm = 107.9902, GNorm = 0.3561, lr_0 = 1.2168e-04
Loss = 5.9264e-02, PNorm = 107.9932, GNorm = 0.3244, lr_0 = 1.2156e-04
Loss = 6.2307e-02, PNorm = 107.9979, GNorm = 1.6098, lr_0 = 1.2143e-04
Loss = 7.7697e-02, PNorm = 107.9997, GNorm = 0.3598, lr_0 = 1.2131e-04
Loss = 3.7594e-02, PNorm = 108.0035, GNorm = 0.3614, lr_0 = 1.2118e-04
Loss = 5.6312e-02, PNorm = 108.0092, GNorm = 0.3501, lr_0 = 1.2106e-04
Loss = 4.0915e-02, PNorm = 108.0155, GNorm = 0.2619, lr_0 = 1.2093e-04
Loss = 8.1539e-02, PNorm = 108.0181, GNorm = 0.2610, lr_0 = 1.2081e-04
Loss = 6.6702e-02, PNorm = 108.0193, GNorm = 0.3701, lr_0 = 1.2068e-04
Loss = 4.8050e-02, PNorm = 108.0256, GNorm = 0.4875, lr_0 = 1.2056e-04
Loss = 3.1796e-02, PNorm = 108.0329, GNorm = 0.2274, lr_0 = 1.2044e-04
Loss = 6.2783e-02, PNorm = 108.0398, GNorm = 0.9673, lr_0 = 1.2031e-04
Loss = 8.7489e-02, PNorm = 108.0443, GNorm = 0.2904, lr_0 = 1.2019e-04
Loss = 3.1249e-02, PNorm = 108.0451, GNorm = 0.3340, lr_0 = 1.2007e-04
Loss = 5.7043e-02, PNorm = 108.0498, GNorm = 0.2566, lr_0 = 1.1994e-04
Loss = 3.4199e-02, PNorm = 108.0523, GNorm = 0.5331, lr_0 = 1.1982e-04
Loss = 6.6499e-02, PNorm = 108.0530, GNorm = 0.4507, lr_0 = 1.1970e-04
Loss = 2.9910e-02, PNorm = 108.0554, GNorm = 0.2690, lr_0 = 1.1957e-04
Loss = 7.3340e-02, PNorm = 108.0579, GNorm = 0.8073, lr_0 = 1.1945e-04
Loss = 4.3894e-02, PNorm = 108.0568, GNorm = 0.4741, lr_0 = 1.1933e-04
Loss = 4.0178e-02, PNorm = 108.0589, GNorm = 0.5635, lr_0 = 1.1921e-04
Loss = 5.6937e-02, PNorm = 108.0629, GNorm = 0.1952, lr_0 = 1.1908e-04
Loss = 4.7656e-02, PNorm = 108.0649, GNorm = 0.4271, lr_0 = 1.1896e-04
Loss = 7.7543e-02, PNorm = 108.0640, GNorm = 0.5050, lr_0 = 1.1884e-04
Loss = 3.2459e-02, PNorm = 108.0634, GNorm = 0.5381, lr_0 = 1.1872e-04
Loss = 5.0884e-02, PNorm = 108.0653, GNorm = 0.4824, lr_0 = 1.1859e-04
Loss = 3.0818e-02, PNorm = 108.0681, GNorm = 0.2870, lr_0 = 1.1847e-04
Loss = 3.9047e-02, PNorm = 108.0714, GNorm = 0.4452, lr_0 = 1.1835e-04
Loss = 5.9635e-02, PNorm = 108.0732, GNorm = 0.2363, lr_0 = 1.1823e-04
Loss = 4.2475e-02, PNorm = 108.0751, GNorm = 0.6065, lr_0 = 1.1811e-04
Loss = 4.0940e-02, PNorm = 108.0773, GNorm = 0.2108, lr_0 = 1.1799e-04
Loss = 5.0173e-02, PNorm = 108.0765, GNorm = 0.4961, lr_0 = 1.1786e-04
Validation auc = 0.563039
Epoch 28
Loss = 6.9090e-02, PNorm = 108.0733, GNorm = 0.2644, lr_0 = 1.1774e-04
Loss = 4.3280e-02, PNorm = 108.0749, GNorm = 0.6411, lr_0 = 1.1762e-04
Loss = 4.5968e-02, PNorm = 108.0765, GNorm = 0.3388, lr_0 = 1.1750e-04
Loss = 2.8076e-02, PNorm = 108.0814, GNorm = 0.2170, lr_0 = 1.1738e-04
Loss = 5.5444e-02, PNorm = 108.0844, GNorm = 0.6336, lr_0 = 1.1726e-04
Loss = 3.1691e-02, PNorm = 108.0877, GNorm = 0.9159, lr_0 = 1.1714e-04
Loss = 6.8345e-02, PNorm = 108.0883, GNorm = 0.9660, lr_0 = 1.1702e-04
Loss = 4.5021e-02, PNorm = 108.0890, GNorm = 0.4874, lr_0 = 1.1690e-04
Loss = 5.9572e-02, PNorm = 108.0907, GNorm = 0.8824, lr_0 = 1.1678e-04
Loss = 4.4212e-02, PNorm = 108.0942, GNorm = 0.3019, lr_0 = 1.1666e-04
Loss = 5.8813e-02, PNorm = 108.0981, GNorm = 0.6001, lr_0 = 1.1654e-04
Loss = 4.8339e-02, PNorm = 108.1026, GNorm = 0.2487, lr_0 = 1.1642e-04
Loss = 5.2347e-02, PNorm = 108.1053, GNorm = 0.2681, lr_0 = 1.1630e-04
Loss = 4.5457e-02, PNorm = 108.1085, GNorm = 0.2741, lr_0 = 1.1618e-04
Loss = 2.9195e-02, PNorm = 108.1114, GNorm = 0.2568, lr_0 = 1.1606e-04
Loss = 5.5706e-02, PNorm = 108.1136, GNorm = 0.4912, lr_0 = 1.1594e-04
Loss = 4.9532e-02, PNorm = 108.1156, GNorm = 0.2040, lr_0 = 1.1582e-04
Loss = 6.0662e-02, PNorm = 108.1190, GNorm = 0.6789, lr_0 = 1.1570e-04
Loss = 7.9678e-02, PNorm = 108.1202, GNorm = 0.3336, lr_0 = 1.1559e-04
Loss = 8.6174e-02, PNorm = 108.1220, GNorm = 0.3689, lr_0 = 1.1547e-04
Loss = 2.7704e-02, PNorm = 108.1262, GNorm = 0.3415, lr_0 = 1.1535e-04
Loss = 3.5173e-02, PNorm = 108.1308, GNorm = 0.3151, lr_0 = 1.1523e-04
Loss = 4.6802e-02, PNorm = 108.1352, GNorm = 0.3943, lr_0 = 1.1511e-04
Loss = 2.7981e-02, PNorm = 108.1405, GNorm = 0.6557, lr_0 = 1.1499e-04
Loss = 4.3418e-02, PNorm = 108.1432, GNorm = 0.1805, lr_0 = 1.1487e-04
Loss = 3.6093e-02, PNorm = 108.1450, GNorm = 0.1727, lr_0 = 1.1476e-04
Loss = 5.8596e-02, PNorm = 108.1436, GNorm = 0.2315, lr_0 = 1.1464e-04
Loss = 5.3118e-02, PNorm = 108.1435, GNorm = 0.2763, lr_0 = 1.1452e-04
Loss = 5.2045e-02, PNorm = 108.1448, GNorm = 0.2867, lr_0 = 1.1440e-04
Loss = 4.3792e-02, PNorm = 108.1494, GNorm = 0.2041, lr_0 = 1.1429e-04
Loss = 4.1687e-02, PNorm = 108.1525, GNorm = 0.2346, lr_0 = 1.1417e-04
Loss = 7.0423e-02, PNorm = 108.1550, GNorm = 0.7827, lr_0 = 1.1405e-04
Loss = 3.7829e-02, PNorm = 108.1571, GNorm = 0.2727, lr_0 = 1.1393e-04
Loss = 4.6758e-02, PNorm = 108.1541, GNorm = 0.2538, lr_0 = 1.1382e-04
Loss = 3.5257e-02, PNorm = 108.1526, GNorm = 0.2471, lr_0 = 1.1370e-04
Loss = 7.9348e-02, PNorm = 108.1535, GNorm = 1.2746, lr_0 = 1.1358e-04
Loss = 1.8034e-02, PNorm = 108.1540, GNorm = 0.2753, lr_0 = 1.1347e-04
Loss = 4.1700e-02, PNorm = 108.1570, GNorm = 0.4348, lr_0 = 1.1335e-04
Loss = 7.9193e-02, PNorm = 108.1595, GNorm = 1.2933, lr_0 = 1.1323e-04
Loss = 6.6575e-02, PNorm = 108.1602, GNorm = 0.2577, lr_0 = 1.1312e-04
Loss = 4.4494e-02, PNorm = 108.1612, GNorm = 0.3156, lr_0 = 1.1300e-04
Loss = 4.2367e-02, PNorm = 108.1634, GNorm = 0.2967, lr_0 = 1.1288e-04
Loss = 5.5753e-02, PNorm = 108.1653, GNorm = 0.2622, lr_0 = 1.1277e-04
Loss = 4.5037e-02, PNorm = 108.1684, GNorm = 0.2680, lr_0 = 1.1265e-04
Loss = 8.9506e-03, PNorm = 108.1729, GNorm = 0.2391, lr_0 = 1.1254e-04
Loss = 1.6052e-02, PNorm = 108.1769, GNorm = 0.1792, lr_0 = 1.1242e-04
Loss = 1.5559e-02, PNorm = 108.1800, GNorm = 0.1185, lr_0 = 1.1231e-04
Loss = 4.9001e-02, PNorm = 108.1809, GNorm = 0.1586, lr_0 = 1.1219e-04
Loss = 5.6363e-02, PNorm = 108.1796, GNorm = 0.1490, lr_0 = 1.1208e-04
Loss = 4.9883e-02, PNorm = 108.1785, GNorm = 0.1902, lr_0 = 1.1196e-04
Loss = 4.9837e-02, PNorm = 108.1781, GNorm = 0.7244, lr_0 = 1.1184e-04
Loss = 2.9409e-02, PNorm = 108.1786, GNorm = 0.2132, lr_0 = 1.1173e-04
Loss = 6.2035e-02, PNorm = 108.1797, GNorm = 0.2127, lr_0 = 1.1162e-04
Loss = 3.0197e-02, PNorm = 108.1811, GNorm = 0.2208, lr_0 = 1.1150e-04
Loss = 6.8831e-02, PNorm = 108.1819, GNorm = 0.2304, lr_0 = 1.1139e-04
Loss = 6.0458e-02, PNorm = 108.1814, GNorm = 0.2499, lr_0 = 1.1127e-04
Loss = 4.4691e-02, PNorm = 108.1820, GNorm = 0.2948, lr_0 = 1.1116e-04
Loss = 3.6808e-02, PNorm = 108.1833, GNorm = 0.2673, lr_0 = 1.1104e-04
Loss = 2.5732e-02, PNorm = 108.1868, GNorm = 0.2304, lr_0 = 1.1093e-04
Loss = 3.7833e-02, PNorm = 108.1886, GNorm = 0.2127, lr_0 = 1.1081e-04
Loss = 9.6696e-02, PNorm = 108.1882, GNorm = 0.2365, lr_0 = 1.1070e-04
Loss = 6.1656e-02, PNorm = 108.1856, GNorm = 0.5395, lr_0 = 1.1059e-04
Loss = 5.1397e-02, PNorm = 108.1864, GNorm = 0.2648, lr_0 = 1.1047e-04
Loss = 6.2769e-02, PNorm = 108.1892, GNorm = 0.7958, lr_0 = 1.1036e-04
Loss = 4.4460e-02, PNorm = 108.1918, GNorm = 1.0436, lr_0 = 1.1025e-04
Loss = 5.5013e-02, PNorm = 108.1927, GNorm = 0.6044, lr_0 = 1.1013e-04
Loss = 4.2303e-02, PNorm = 108.1960, GNorm = 0.2437, lr_0 = 1.1002e-04
Loss = 3.4147e-02, PNorm = 108.1996, GNorm = 0.6252, lr_0 = 1.0991e-04
Loss = 3.5964e-02, PNorm = 108.2016, GNorm = 0.2093, lr_0 = 1.0979e-04
Loss = 8.2841e-02, PNorm = 108.2022, GNorm = 0.2910, lr_0 = 1.0968e-04
Loss = 6.1091e-02, PNorm = 108.2028, GNorm = 0.3450, lr_0 = 1.0957e-04
Loss = 1.9090e-02, PNorm = 108.2071, GNorm = 0.3231, lr_0 = 1.0946e-04
Loss = 7.6521e-02, PNorm = 108.2104, GNorm = 0.2781, lr_0 = 1.0934e-04
Loss = 7.6333e-02, PNorm = 108.2095, GNorm = 0.3264, lr_0 = 1.0923e-04
Loss = 4.8414e-02, PNorm = 108.2099, GNorm = 0.3542, lr_0 = 1.0912e-04
Loss = 8.4283e-02, PNorm = 108.2112, GNorm = 0.3122, lr_0 = 1.0901e-04
Loss = 5.1716e-02, PNorm = 108.2132, GNorm = 0.4148, lr_0 = 1.0890e-04
Loss = 3.5064e-02, PNorm = 108.2163, GNorm = 0.3797, lr_0 = 1.0878e-04
Loss = 1.9734e-02, PNorm = 108.2205, GNorm = 0.2145, lr_0 = 1.0867e-04
Loss = 7.3482e-02, PNorm = 108.2231, GNorm = 0.5277, lr_0 = 1.0856e-04
Validation auc = 0.579161
Epoch 29
Loss = 4.5489e-02, PNorm = 108.2232, GNorm = 0.6102, lr_0 = 1.0845e-04
Loss = 5.3944e-02, PNorm = 108.2227, GNorm = 0.2588, lr_0 = 1.0834e-04
Loss = 6.7416e-02, PNorm = 108.2235, GNorm = 0.4924, lr_0 = 1.0823e-04
Loss = 4.4914e-02, PNorm = 108.2253, GNorm = 0.3012, lr_0 = 1.0811e-04
Loss = 4.7413e-02, PNorm = 108.2281, GNorm = 0.2724, lr_0 = 1.0800e-04
Loss = 3.8195e-02, PNorm = 108.2316, GNorm = 0.4536, lr_0 = 1.0789e-04
Loss = 2.8876e-02, PNorm = 108.2341, GNorm = 0.2009, lr_0 = 1.0778e-04
Loss = 3.9172e-02, PNorm = 108.2369, GNorm = 0.1880, lr_0 = 1.0767e-04
Loss = 7.2093e-02, PNorm = 108.2385, GNorm = 0.6519, lr_0 = 1.0756e-04
Loss = 4.5390e-02, PNorm = 108.2392, GNorm = 0.2637, lr_0 = 1.0745e-04
Loss = 4.5833e-02, PNorm = 108.2402, GNorm = 0.2753, lr_0 = 1.0734e-04
Loss = 2.8203e-02, PNorm = 108.2431, GNorm = 0.2298, lr_0 = 1.0723e-04
Loss = 8.0492e-02, PNorm = 108.2443, GNorm = 1.3189, lr_0 = 1.0712e-04
Loss = 3.9452e-02, PNorm = 108.2437, GNorm = 0.2313, lr_0 = 1.0701e-04
Loss = 2.5195e-02, PNorm = 108.2459, GNorm = 0.3713, lr_0 = 1.0690e-04
Loss = 1.1865e-01, PNorm = 108.2450, GNorm = 0.3713, lr_0 = 1.0679e-04
Loss = 2.4656e-02, PNorm = 108.2472, GNorm = 0.3418, lr_0 = 1.0668e-04
Loss = 4.0041e-02, PNorm = 108.2505, GNorm = 0.3001, lr_0 = 1.0657e-04
Loss = 1.7016e-02, PNorm = 108.2553, GNorm = 0.2080, lr_0 = 1.0646e-04
Loss = 5.6398e-02, PNorm = 108.2581, GNorm = 0.2031, lr_0 = 1.0635e-04
Loss = 7.2962e-03, PNorm = 108.2611, GNorm = 0.1474, lr_0 = 1.0624e-04
Loss = 1.5382e-02, PNorm = 108.2656, GNorm = 0.1336, lr_0 = 1.0613e-04
Loss = 5.4074e-02, PNorm = 108.2682, GNorm = 0.7058, lr_0 = 1.0602e-04
Loss = 1.4638e-02, PNorm = 108.2704, GNorm = 0.1321, lr_0 = 1.0591e-04
Loss = 4.8347e-02, PNorm = 108.2709, GNorm = 0.1510, lr_0 = 1.0581e-04
Loss = 3.3193e-02, PNorm = 108.2714, GNorm = 0.1706, lr_0 = 1.0570e-04
Loss = 4.4895e-02, PNorm = 108.2726, GNorm = 0.2030, lr_0 = 1.0559e-04
Loss = 2.0272e-02, PNorm = 108.2748, GNorm = 0.1688, lr_0 = 1.0548e-04
Loss = 3.7420e-02, PNorm = 108.2773, GNorm = 0.1422, lr_0 = 1.0537e-04
Loss = 3.3695e-02, PNorm = 108.2799, GNorm = 0.3454, lr_0 = 1.0526e-04
Loss = 6.5629e-02, PNorm = 108.2806, GNorm = 0.8632, lr_0 = 1.0516e-04
Loss = 6.2206e-02, PNorm = 108.2801, GNorm = 0.7595, lr_0 = 1.0505e-04
Loss = 8.0706e-02, PNorm = 108.2809, GNorm = 0.2328, lr_0 = 1.0494e-04
Loss = 3.5518e-02, PNorm = 108.2839, GNorm = 0.2974, lr_0 = 1.0483e-04
Loss = 4.4696e-02, PNorm = 108.2885, GNorm = 0.6028, lr_0 = 1.0472e-04
Loss = 5.6752e-02, PNorm = 108.2934, GNorm = 0.2220, lr_0 = 1.0462e-04
Loss = 2.5991e-02, PNorm = 108.3012, GNorm = 0.2582, lr_0 = 1.0451e-04
Loss = 7.4189e-02, PNorm = 108.3062, GNorm = 0.3248, lr_0 = 1.0440e-04
Loss = 6.2909e-02, PNorm = 108.3103, GNorm = 0.5536, lr_0 = 1.0429e-04
Loss = 5.7266e-02, PNorm = 108.3147, GNorm = 0.2674, lr_0 = 1.0419e-04
Loss = 4.6698e-01, PNorm = 108.3020, GNorm = 0.4230, lr_0 = 1.0408e-04
Loss = 8.0899e-02, PNorm = 108.2957, GNorm = 0.6057, lr_0 = 1.0397e-04
Loss = 4.0211e-02, PNorm = 108.2998, GNorm = 0.4820, lr_0 = 1.0387e-04
Loss = 3.3674e-02, PNorm = 108.3071, GNorm = 0.4192, lr_0 = 1.0376e-04
Loss = 2.9714e-02, PNorm = 108.3137, GNorm = 0.2775, lr_0 = 1.0365e-04
Loss = 5.9387e-02, PNorm = 108.3179, GNorm = 1.4192, lr_0 = 1.0355e-04
Loss = 8.2693e-02, PNorm = 108.3197, GNorm = 0.2625, lr_0 = 1.0344e-04
Loss = 3.5606e-02, PNorm = 108.3222, GNorm = 0.3505, lr_0 = 1.0333e-04
Loss = 3.7823e-02, PNorm = 108.3254, GNorm = 0.3343, lr_0 = 1.0323e-04
Loss = 4.0380e-02, PNorm = 108.3293, GNorm = 0.2405, lr_0 = 1.0312e-04
Loss = 6.3471e-02, PNorm = 108.3316, GNorm = 0.2730, lr_0 = 1.0302e-04
Loss = 4.1103e-02, PNorm = 108.3336, GNorm = 0.2493, lr_0 = 1.0291e-04
Loss = 4.7639e-02, PNorm = 108.3353, GNorm = 0.2505, lr_0 = 1.0280e-04
Loss = 4.4302e-02, PNorm = 108.3377, GNorm = 0.6062, lr_0 = 1.0270e-04
Loss = 5.2491e-02, PNorm = 108.3378, GNorm = 0.2841, lr_0 = 1.0259e-04
Loss = 6.4123e-02, PNorm = 108.3389, GNorm = 0.4599, lr_0 = 1.0249e-04
Loss = 4.5520e-02, PNorm = 108.3396, GNorm = 0.2497, lr_0 = 1.0238e-04
Loss = 9.8315e-02, PNorm = 108.3384, GNorm = 0.3314, lr_0 = 1.0228e-04
Loss = 3.9591e-02, PNorm = 108.3392, GNorm = 0.3373, lr_0 = 1.0217e-04
Loss = 7.4072e-02, PNorm = 108.3407, GNorm = 0.5158, lr_0 = 1.0207e-04
Loss = 5.6225e-02, PNorm = 108.3428, GNorm = 1.4214, lr_0 = 1.0196e-04
Loss = 3.4804e-02, PNorm = 108.3456, GNorm = 0.3316, lr_0 = 1.0186e-04
Loss = 4.4634e-02, PNorm = 108.3500, GNorm = 0.2820, lr_0 = 1.0175e-04
Loss = 6.6319e-02, PNorm = 108.3519, GNorm = 0.3046, lr_0 = 1.0165e-04
Loss = 3.4440e-02, PNorm = 108.3539, GNorm = 0.2935, lr_0 = 1.0154e-04
Loss = 4.8146e-02, PNorm = 108.3564, GNorm = 0.7986, lr_0 = 1.0144e-04
Loss = 3.4940e-02, PNorm = 108.3584, GNorm = 0.3024, lr_0 = 1.0133e-04
Loss = 3.6308e-02, PNorm = 108.3610, GNorm = 0.2469, lr_0 = 1.0123e-04
Loss = 5.3077e-02, PNorm = 108.3610, GNorm = 0.3786, lr_0 = 1.0113e-04
Loss = 3.6742e-02, PNorm = 108.3620, GNorm = 0.6112, lr_0 = 1.0102e-04
Loss = 4.8838e-02, PNorm = 108.3635, GNorm = 0.7010, lr_0 = 1.0092e-04
Loss = 4.7344e-02, PNorm = 108.3643, GNorm = 0.2428, lr_0 = 1.0082e-04
Loss = 5.7728e-02, PNorm = 108.3657, GNorm = 0.6792, lr_0 = 1.0071e-04
Loss = 8.3535e-02, PNorm = 108.3648, GNorm = 0.4897, lr_0 = 1.0061e-04
Loss = 1.0705e-01, PNorm = 108.3634, GNorm = 0.9078, lr_0 = 1.0050e-04
Loss = 5.9359e-02, PNorm = 108.3634, GNorm = 0.5253, lr_0 = 1.0040e-04
Loss = 6.0499e-02, PNorm = 108.3671, GNorm = 0.3659, lr_0 = 1.0030e-04
Loss = 3.8755e-02, PNorm = 108.3730, GNorm = 0.3238, lr_0 = 1.0020e-04
Loss = 1.2049e-02, PNorm = 108.3782, GNorm = 0.2903, lr_0 = 1.0009e-04
Loss = 4.3037e-02, PNorm = 108.3820, GNorm = 0.2354, lr_0 = 1.0000e-04
Validation auc = 0.585346
Model 0 best validation auc = 0.610205 on epoch 9
Loading pretrained parameter "encoder.encoder.0.cached_zero_vector".
Loading pretrained parameter "encoder.encoder.0.W_i.weight".
Loading pretrained parameter "encoder.encoder.0.W_h.weight".
Loading pretrained parameter "encoder.encoder.0.W_o.weight".
Loading pretrained parameter "encoder.encoder.0.W_o.bias".
Loading pretrained parameter "ffn.1.weight".
Loading pretrained parameter "ffn.1.bias".
Loading pretrained parameter "ffn.4.weight".
Loading pretrained parameter "ffn.4.bias".
Loading pretrained parameter "ffn.7.weight".
Loading pretrained parameter "ffn.7.bias".
Model 0 test auc = 0.585581
Ensemble test auc = 0.585581
1-fold cross validation
	Seed 4 ==> test auc = 0.585581
Overall test auc = 0.585581 +/- 0.000000
Elapsed time = 1 day, 6:28:29
