Command line
python /home/felixjwong/miniconda3/envs/chemprop/bin/chemprop_train --data_path ./hdpc.csv --dataset_type classification --config_path ./hyperparameters.json --save_dir ./hdpc/6 --ensemble_size 1 --seed 6 --features_generator rdkit_2d_normalized --no_features_scaling
Args
{'activation': 'ReLU',
 'aggregation': 'mean',
 'aggregation_norm': 100,
 'atom_descriptor_scaling': True,
 'atom_descriptors': None,
 'atom_descriptors_path': None,
 'atom_descriptors_size': 0,
 'atom_features_size': 0,
 'atom_messages': False,
 'batch_size': 50,
 'bias': False,
 'bond_feature_scaling': True,
 'bond_features_path': None,
 'bond_features_size': 0,
 'cache_cutoff': 10000,
 'checkpoint_dir': None,
 'checkpoint_path': None,
 'checkpoint_paths': None,
 'class_balance': False,
 'config_path': './hyperparameters.json',
 'crossval_index_dir': None,
 'crossval_index_file': None,
 'crossval_index_sets': None,
 'cuda': False,
 'data_path': './hdpc.csv',
 'dataset_type': 'classification',
 'depth': 5,
 'device': device(type='cpu'),
 'dropout': 0.35,
 'ensemble_size': 1,
 'epochs': 30,
 'extra_metrics': [],
 'features_generator': ['rdkit_2d_normalized'],
 'features_only': False,
 'features_path': None,
 'features_scaling': False,
 'features_size': None,
 'ffn_hidden_size': 1600,
 'ffn_num_layers': 3,
 'final_lr': 0.0001,
 'folds_file': None,
 'gpu': None,
 'grad_clip': None,
 'hidden_size': 1600,
 'ignore_columns': None,
 'init_lr': 0.0001,
 'log_frequency': 10,
 'max_data_size': None,
 'max_lr': 0.001,
 'metric': 'auc',
 'metrics': ['auc'],
 'minimize_score': False,
 'mpn_shared': False,
 'multiclass_num_classes': 3,
 'no_atom_descriptor_scaling': False,
 'no_bond_features_scaling': False,
 'no_cache_mol': False,
 'no_cuda': False,
 'no_features_scaling': True,
 'num_folds': 1,
 'num_lrs': 1,
 'num_tasks': 1,
 'num_workers': 8,
 'number_of_molecules': 1,
 'overwrite_default_atom_features': False,
 'overwrite_default_bond_features': False,
 'pytorch_seed': 0,
 'quiet': False,
 'save_dir': './hdpc/6',
 'save_preds': False,
 'save_smiles_splits': False,
 'seed': 6,
 'separate_test_atom_descriptors_path': None,
 'separate_test_bond_features_path': None,
 'separate_test_features_path': None,
 'separate_test_path': None,
 'separate_val_atom_descriptors_path': None,
 'separate_val_bond_features_path': None,
 'separate_val_features_path': None,
 'separate_val_path': None,
 'show_individual_scores': False,
 'smiles_columns': ['\ufeffSMILES'],
 'split_sizes': (0.8, 0.1, 0.1),
 'split_type': 'random',
 'target_columns': None,
 'task_names': ['HIT'],
 'test': False,
 'test_fold_index': None,
 'train_data_size': None,
 'undirected': False,
 'use_input_features': True,
 'val_fold_index': None,
 'warmup_epochs': 2.0}
Loading data
Number of tasks = 1
Fold 0
Splitting data with seed 6
Class sizes
HIT 0: 99.12%, 1: 0.88%
Total size = 50,000 | train size = 40,000 | val size = 5,000 | test size = 5,000
Building model 0
MoleculeModel(
  (sigmoid): Sigmoid()
  (encoder): MPN(
    (encoder): ModuleList(
      (0): MPNEncoder(
        (dropout_layer): Dropout(p=0.35, inplace=False)
        (act_func): ReLU()
        (W_i): Linear(in_features=147, out_features=1600, bias=False)
        (W_h): Linear(in_features=1600, out_features=1600, bias=False)
        (W_o): Linear(in_features=1733, out_features=1600, bias=True)
      )
    )
  )
  (ffn): Sequential(
    (0): Dropout(p=0.35, inplace=False)
    (1): Linear(in_features=1800, out_features=1600, bias=True)
    (2): ReLU()
    (3): Dropout(p=0.35, inplace=False)
    (4): Linear(in_features=1600, out_features=1600, bias=True)
    (5): ReLU()
    (6): Dropout(p=0.35, inplace=False)
    (7): Linear(in_features=1600, out_features=1, bias=True)
  )
)
Number of parameters = 11,014,401
Epoch 0
Loss = 1.4366e-01, PNorm = 82.6427, GNorm = 0.0005, lr_0 = 1.0619e-04
Loss = 1.4434e-01, PNorm = 82.6456, GNorm = 0.0811, lr_0 = 1.1181e-04
Loss = 9.2564e-02, PNorm = 82.6487, GNorm = 0.3656, lr_0 = 1.1744e-04
Loss = 8.2014e-02, PNorm = 82.6565, GNorm = 0.1775, lr_0 = 1.2306e-04
Loss = 3.8768e-02, PNorm = 82.6648, GNorm = 0.0588, lr_0 = 1.2869e-04
Loss = 8.6970e-02, PNorm = 82.6665, GNorm = 0.6191, lr_0 = 1.3431e-04
Loss = 4.7599e-02, PNorm = 82.6724, GNorm = 0.1584, lr_0 = 1.3994e-04
Loss = 3.1089e-02, PNorm = 82.6823, GNorm = 0.0476, lr_0 = 1.4556e-04
Loss = 7.0910e-02, PNorm = 82.6845, GNorm = 0.1455, lr_0 = 1.5119e-04
Loss = 5.1057e-02, PNorm = 82.6923, GNorm = 0.1418, lr_0 = 1.5681e-04
Loss = 7.6764e-02, PNorm = 82.7013, GNorm = 0.4851, lr_0 = 1.6244e-04
Loss = 6.4875e-02, PNorm = 82.7090, GNorm = 0.3484, lr_0 = 1.6806e-04
Loss = 3.8372e-02, PNorm = 82.7214, GNorm = 0.0884, lr_0 = 1.7369e-04
Loss = 3.9703e-02, PNorm = 82.7310, GNorm = 0.0697, lr_0 = 1.7931e-04
Loss = 6.9825e-02, PNorm = 82.7368, GNorm = 0.2238, lr_0 = 1.8494e-04
Loss = 6.0470e-02, PNorm = 82.7510, GNorm = 0.4763, lr_0 = 1.9056e-04
Loss = 6.0233e-02, PNorm = 82.7621, GNorm = 0.6785, lr_0 = 1.9619e-04
Loss = 6.7567e-02, PNorm = 82.7707, GNorm = 0.2014, lr_0 = 2.0181e-04
Loss = 5.5281e-02, PNorm = 82.7914, GNorm = 0.8856, lr_0 = 2.0744e-04
Loss = 4.1763e-02, PNorm = 82.7996, GNorm = 0.1086, lr_0 = 2.1306e-04
Loss = 5.0056e-02, PNorm = 82.8120, GNorm = 0.0723, lr_0 = 2.1869e-04
Loss = 4.8848e-02, PNorm = 82.8205, GNorm = 0.0986, lr_0 = 2.2431e-04
Loss = 6.1108e-02, PNorm = 82.8352, GNorm = 0.0998, lr_0 = 2.2994e-04
Loss = 3.4651e-02, PNorm = 82.8518, GNorm = 0.0180, lr_0 = 2.3556e-04
Loss = 8.0984e-02, PNorm = 82.8524, GNorm = 0.3075, lr_0 = 2.4119e-04
Loss = 4.5677e-02, PNorm = 82.8681, GNorm = 0.1084, lr_0 = 2.4681e-04
Loss = 5.3664e-02, PNorm = 82.8842, GNorm = 0.4390, lr_0 = 2.5244e-04
Loss = 2.3094e-02, PNorm = 82.8933, GNorm = 0.3728, lr_0 = 2.5806e-04
Loss = 6.9093e-02, PNorm = 82.8994, GNorm = 0.3269, lr_0 = 2.6369e-04
Loss = 8.4386e-02, PNorm = 82.9103, GNorm = 0.2616, lr_0 = 2.6931e-04
Loss = 5.9081e-02, PNorm = 82.9358, GNorm = 0.4555, lr_0 = 2.7494e-04
Loss = 6.0655e-02, PNorm = 82.9435, GNorm = 0.1066, lr_0 = 2.8056e-04
Loss = 7.3420e-02, PNorm = 82.9592, GNorm = 0.2005, lr_0 = 2.8619e-04
Loss = 1.7731e-02, PNorm = 82.9847, GNorm = 0.0365, lr_0 = 2.9181e-04
Loss = 4.0929e-02, PNorm = 82.9959, GNorm = 0.0343, lr_0 = 2.9744e-04
Loss = 2.7127e-02, PNorm = 83.0037, GNorm = 0.0404, lr_0 = 3.0306e-04
Loss = 4.4003e-02, PNorm = 83.0103, GNorm = 0.0790, lr_0 = 3.0869e-04
Loss = 9.6498e-02, PNorm = 83.0191, GNorm = 0.3272, lr_0 = 3.1431e-04
Loss = 4.0750e-02, PNorm = 83.0467, GNorm = 0.0437, lr_0 = 3.1994e-04
Loss = 5.8153e-02, PNorm = 83.0564, GNorm = 0.0772, lr_0 = 3.2556e-04
Loss = 4.4328e-02, PNorm = 83.0691, GNorm = 0.1437, lr_0 = 3.3119e-04
Loss = 8.0134e-02, PNorm = 83.0843, GNorm = 0.1522, lr_0 = 3.3681e-04
Loss = 3.7050e-02, PNorm = 83.1064, GNorm = 0.0512, lr_0 = 3.4244e-04
Loss = 8.9789e-02, PNorm = 83.1109, GNorm = 0.4168, lr_0 = 3.4806e-04
Loss = 4.3884e-02, PNorm = 83.1314, GNorm = 0.1391, lr_0 = 3.5369e-04
Loss = 3.1080e-02, PNorm = 83.1538, GNorm = 0.0183, lr_0 = 3.5931e-04
Loss = 2.6765e-02, PNorm = 83.1607, GNorm = 0.0378, lr_0 = 3.6494e-04
Loss = 5.8777e-02, PNorm = 83.1658, GNorm = 0.1434, lr_0 = 3.7056e-04
Loss = 7.0777e-02, PNorm = 83.1811, GNorm = 0.4145, lr_0 = 3.7619e-04
Loss = 3.5372e-02, PNorm = 83.2003, GNorm = 0.0828, lr_0 = 3.8181e-04
Loss = 5.3620e-02, PNorm = 83.2120, GNorm = 0.0776, lr_0 = 3.8744e-04
Loss = 4.8697e-02, PNorm = 83.2225, GNorm = 0.3789, lr_0 = 3.9306e-04
Loss = 7.0783e-02, PNorm = 83.2352, GNorm = 0.2830, lr_0 = 3.9869e-04
Loss = 2.8246e-02, PNorm = 83.2613, GNorm = 0.0549, lr_0 = 4.0431e-04
Loss = 8.3974e-02, PNorm = 83.2684, GNorm = 0.1545, lr_0 = 4.0994e-04
Loss = 1.0642e-01, PNorm = 83.2912, GNorm = 0.2746, lr_0 = 4.1556e-04
Loss = 6.1672e-02, PNorm = 83.3219, GNorm = 0.4718, lr_0 = 4.2119e-04
Loss = 6.0415e-02, PNorm = 83.3286, GNorm = 0.1208, lr_0 = 4.2681e-04
Loss = 7.5959e-02, PNorm = 83.3421, GNorm = 0.2760, lr_0 = 4.3244e-04
Loss = 6.9202e-02, PNorm = 83.3666, GNorm = 0.4218, lr_0 = 4.3806e-04
Loss = 3.6770e-02, PNorm = 83.3774, GNorm = 0.1245, lr_0 = 4.4369e-04
Loss = 4.3441e-02, PNorm = 83.3958, GNorm = 0.4498, lr_0 = 4.4931e-04
Loss = 5.8793e-02, PNorm = 83.4014, GNorm = 0.2787, lr_0 = 4.5494e-04
Loss = 4.5669e-02, PNorm = 83.4211, GNorm = 0.1200, lr_0 = 4.6056e-04
Loss = 9.3365e-02, PNorm = 83.4335, GNorm = 0.2530, lr_0 = 4.6619e-04
Loss = 6.4354e-02, PNorm = 83.4580, GNorm = 0.1315, lr_0 = 4.7181e-04
Loss = 3.6935e-02, PNorm = 83.4832, GNorm = 0.0527, lr_0 = 4.7744e-04
Loss = 7.2930e-02, PNorm = 83.4910, GNorm = 0.3304, lr_0 = 4.8306e-04
Loss = 6.8421e-02, PNorm = 83.5138, GNorm = 0.3864, lr_0 = 4.8869e-04
Loss = 6.1622e-02, PNorm = 83.5386, GNorm = 0.4649, lr_0 = 4.9431e-04
Loss = 5.3228e-02, PNorm = 83.5562, GNorm = 0.5458, lr_0 = 4.9994e-04
Loss = 6.8669e-02, PNorm = 83.5821, GNorm = 0.1949, lr_0 = 5.0556e-04
Loss = 5.8526e-02, PNorm = 83.6077, GNorm = 0.0871, lr_0 = 5.1119e-04
Loss = 4.3240e-02, PNorm = 83.6280, GNorm = 0.1824, lr_0 = 5.1681e-04
Loss = 4.7551e-02, PNorm = 83.6656, GNorm = 0.6385, lr_0 = 5.2244e-04
Loss = 6.7515e-02, PNorm = 83.6980, GNorm = 0.2742, lr_0 = 5.2806e-04
Loss = 8.9172e-02, PNorm = 83.7461, GNorm = 0.1745, lr_0 = 5.3369e-04
Loss = 1.8119e-02, PNorm = 83.7978, GNorm = 0.0041, lr_0 = 5.3931e-04
Loss = 1.2946e-01, PNorm = 83.7903, GNorm = 0.1118, lr_0 = 5.4494e-04
Loss = 5.4537e-02, PNorm = 83.8103, GNorm = 0.2823, lr_0 = 5.5056e-04
Validation auc = 0.556650
Epoch 1
Loss = 4.1785e-02, PNorm = 83.8481, GNorm = 0.5621, lr_0 = 5.5619e-04
Loss = 5.3939e-02, PNorm = 83.8567, GNorm = 0.3947, lr_0 = 5.6181e-04
Loss = 7.1318e-02, PNorm = 83.8536, GNorm = 0.3401, lr_0 = 5.6744e-04
Loss = 1.0629e-01, PNorm = 83.8701, GNorm = 0.3770, lr_0 = 5.7306e-04
Loss = 5.2259e-02, PNorm = 83.8981, GNorm = 0.1658, lr_0 = 5.7869e-04
Loss = 5.1339e-02, PNorm = 83.9218, GNorm = 0.0546, lr_0 = 5.8431e-04
Loss = 4.9903e-02, PNorm = 83.9289, GNorm = 0.3130, lr_0 = 5.8994e-04
Loss = 3.3421e-02, PNorm = 83.9518, GNorm = 0.4574, lr_0 = 5.9556e-04
Loss = 3.4492e-02, PNorm = 83.9653, GNorm = 0.0932, lr_0 = 6.0119e-04
Loss = 4.9510e-02, PNorm = 83.9747, GNorm = 0.1290, lr_0 = 6.0681e-04
Loss = 4.7958e-02, PNorm = 83.9894, GNorm = 0.3634, lr_0 = 6.1244e-04
Loss = 8.3542e-02, PNorm = 84.0003, GNorm = 0.2747, lr_0 = 6.1806e-04
Loss = 4.7802e-02, PNorm = 84.0299, GNorm = 0.1027, lr_0 = 6.2369e-04
Loss = 6.8982e-02, PNorm = 84.0438, GNorm = 0.1919, lr_0 = 6.2931e-04
Loss = 5.3002e-02, PNorm = 84.0697, GNorm = 0.4703, lr_0 = 6.3494e-04
Loss = 1.0864e-01, PNorm = 84.0740, GNorm = 0.5450, lr_0 = 6.4056e-04
Loss = 8.8662e-02, PNorm = 84.1095, GNorm = 0.1882, lr_0 = 6.4619e-04
Loss = 6.1657e-02, PNorm = 84.1331, GNorm = 0.3716, lr_0 = 6.5181e-04
Loss = 6.4036e-02, PNorm = 84.1490, GNorm = 0.2998, lr_0 = 6.5744e-04
Loss = 4.6070e-02, PNorm = 84.1797, GNorm = 0.4991, lr_0 = 6.6306e-04
Loss = 5.0350e-02, PNorm = 84.1860, GNorm = 0.1788, lr_0 = 6.6869e-04
Loss = 6.7873e-02, PNorm = 84.2118, GNorm = 0.4649, lr_0 = 6.7431e-04
Loss = 5.8323e-02, PNorm = 84.2306, GNorm = 0.1864, lr_0 = 6.7994e-04
Loss = 2.7594e-02, PNorm = 84.2674, GNorm = 0.0638, lr_0 = 6.8556e-04
Loss = 1.4186e-02, PNorm = 84.3013, GNorm = 0.0353, lr_0 = 6.9119e-04
Loss = 3.0900e-02, PNorm = 84.3276, GNorm = 0.0613, lr_0 = 6.9681e-04
Loss = 6.0861e-02, PNorm = 84.3532, GNorm = 0.1841, lr_0 = 7.0244e-04
Loss = 2.8230e-02, PNorm = 84.4023, GNorm = 0.0768, lr_0 = 7.0806e-04
Loss = 7.0023e-02, PNorm = 84.4286, GNorm = 0.4249, lr_0 = 7.1369e-04
Loss = 4.1415e-02, PNorm = 84.4690, GNorm = 0.6438, lr_0 = 7.1931e-04
Loss = 2.8826e-02, PNorm = 84.5050, GNorm = 0.0809, lr_0 = 7.2494e-04
Loss = 1.9578e-02, PNorm = 84.5410, GNorm = 0.0146, lr_0 = 7.3056e-04
Loss = 8.3196e-04, PNorm = 84.5618, GNorm = 0.0142, lr_0 = 7.3619e-04
Loss = 5.3410e-02, PNorm = 84.5554, GNorm = 0.5711, lr_0 = 7.4181e-04
Loss = 5.5013e-02, PNorm = 84.5652, GNorm = 0.3331, lr_0 = 7.4744e-04
Loss = 6.7667e-02, PNorm = 84.6114, GNorm = 1.3443, lr_0 = 7.5306e-04
Loss = 5.2015e-02, PNorm = 84.6339, GNorm = 0.3104, lr_0 = 7.5869e-04
Loss = 7.6757e-02, PNorm = 84.6885, GNorm = 1.4278, lr_0 = 7.6431e-04
Loss = 7.6512e-02, PNorm = 84.7362, GNorm = 0.2851, lr_0 = 7.6994e-04
Loss = 1.1486e-01, PNorm = 84.8884, GNorm = 0.3395, lr_0 = 7.7556e-04
Loss = 6.5368e-02, PNorm = 85.2273, GNorm = 0.3878, lr_0 = 7.8119e-04
Loss = 9.2936e-02, PNorm = 85.4296, GNorm = 0.6691, lr_0 = 7.8681e-04
Loss = 1.0121e-01, PNorm = 85.5469, GNorm = 0.4050, lr_0 = 7.9244e-04
Loss = 7.6491e-02, PNorm = 85.6310, GNorm = 0.4620, lr_0 = 7.9806e-04
Loss = 6.7125e-02, PNorm = 85.6928, GNorm = 0.2542, lr_0 = 8.0369e-04
Loss = 7.4794e-02, PNorm = 85.7463, GNorm = 0.6927, lr_0 = 8.0931e-04
Loss = 7.3452e-02, PNorm = 85.7784, GNorm = 0.3150, lr_0 = 8.1494e-04
Loss = 6.0019e-02, PNorm = 85.8252, GNorm = 0.1761, lr_0 = 8.2056e-04
Loss = 4.3908e-02, PNorm = 85.8592, GNorm = 0.0537, lr_0 = 8.2619e-04
Loss = 7.7104e-02, PNorm = 85.8697, GNorm = 0.2677, lr_0 = 8.3181e-04
Loss = 7.3661e-02, PNorm = 85.9021, GNorm = 0.4052, lr_0 = 8.3744e-04
Loss = 7.1706e-03, PNorm = 85.9342, GNorm = 0.0801, lr_0 = 8.4306e-04
Loss = 6.4452e-02, PNorm = 85.9487, GNorm = 0.9030, lr_0 = 8.4869e-04
Loss = 6.5078e-02, PNorm = 85.9554, GNorm = 0.3560, lr_0 = 8.5431e-04
Loss = 7.0210e-02, PNorm = 85.9867, GNorm = 0.4242, lr_0 = 8.5994e-04
Loss = 7.9666e-02, PNorm = 86.0044, GNorm = 0.9044, lr_0 = 8.6556e-04
Loss = 5.5606e-02, PNorm = 86.0272, GNorm = 0.2173, lr_0 = 8.7119e-04
Loss = 5.1196e-02, PNorm = 86.0574, GNorm = 0.1616, lr_0 = 8.7681e-04
Loss = 3.4538e-02, PNorm = 86.0889, GNorm = 0.0971, lr_0 = 8.8244e-04
Loss = 3.2974e-02, PNorm = 86.1074, GNorm = 0.1136, lr_0 = 8.8806e-04
Loss = 1.0336e-01, PNorm = 86.1085, GNorm = 0.5604, lr_0 = 8.9369e-04
Loss = 6.7403e-02, PNorm = 86.1544, GNorm = 0.1623, lr_0 = 8.9931e-04
Loss = 6.7773e-02, PNorm = 86.1769, GNorm = 0.5950, lr_0 = 9.0494e-04
Loss = 6.8731e-02, PNorm = 86.1897, GNorm = 0.3470, lr_0 = 9.1056e-04
Loss = 5.3724e-02, PNorm = 86.2268, GNorm = 0.7756, lr_0 = 9.1619e-04
Loss = 4.2225e-02, PNorm = 86.2440, GNorm = 0.1648, lr_0 = 9.2181e-04
Loss = 6.1107e-02, PNorm = 86.2663, GNorm = 0.1841, lr_0 = 9.2744e-04
Loss = 4.6663e-02, PNorm = 86.3010, GNorm = 0.1574, lr_0 = 9.3306e-04
Loss = 6.1865e-02, PNorm = 86.3201, GNorm = 0.4944, lr_0 = 9.3869e-04
Loss = 6.7153e-02, PNorm = 86.3400, GNorm = 0.3698, lr_0 = 9.4431e-04
Loss = 7.6201e-02, PNorm = 86.3709, GNorm = 0.3996, lr_0 = 9.4994e-04
Loss = 2.2708e-02, PNorm = 86.4269, GNorm = 0.0223, lr_0 = 9.5556e-04
Loss = 5.7153e-02, PNorm = 86.4242, GNorm = 0.1005, lr_0 = 9.6119e-04
Loss = 4.2358e-02, PNorm = 86.4362, GNorm = 0.2689, lr_0 = 9.6681e-04
Loss = 1.2750e-01, PNorm = 86.4449, GNorm = 0.5321, lr_0 = 9.7244e-04
Loss = 6.3071e-02, PNorm = 86.4977, GNorm = 0.3908, lr_0 = 9.7806e-04
Loss = 7.6114e-02, PNorm = 86.5295, GNorm = 0.2427, lr_0 = 9.8369e-04
Loss = 5.8290e-02, PNorm = 86.5660, GNorm = 0.2197, lr_0 = 9.8931e-04
Loss = 6.2580e-02, PNorm = 86.5953, GNorm = 0.1194, lr_0 = 9.9494e-04
Loss = 2.4806e-02, PNorm = 86.6185, GNorm = 0.1369, lr_0 = 9.9990e-04
Validation auc = 0.546611
Epoch 2
Loss = 3.3056e-02, PNorm = 86.6398, GNorm = 0.1297, lr_0 = 9.9887e-04
Loss = 4.6128e-02, PNorm = 86.6578, GNorm = 0.4280, lr_0 = 9.9784e-04
Loss = 2.5257e-02, PNorm = 86.6846, GNorm = 0.1131, lr_0 = 9.9682e-04
Loss = 1.1029e-01, PNorm = 86.6854, GNorm = 0.7212, lr_0 = 9.9579e-04
Loss = 6.2427e-02, PNorm = 86.7490, GNorm = 0.8276, lr_0 = 9.9477e-04
Loss = 5.1529e-02, PNorm = 86.7789, GNorm = 0.7287, lr_0 = 9.9375e-04
Loss = 1.0000e-01, PNorm = 86.7929, GNorm = 0.4524, lr_0 = 9.9273e-04
Loss = 6.0691e-02, PNorm = 86.8856, GNorm = 0.0216, lr_0 = 9.9171e-04
Loss = 4.0368e-01, PNorm = 87.3602, GNorm = 0.6949, lr_0 = 9.9069e-04
Loss = 2.4952e-02, PNorm = 88.1087, GNorm = 0.0405, lr_0 = 9.8967e-04
Loss = 1.6040e-01, PNorm = 88.4904, GNorm = 0.0062, lr_0 = 9.8865e-04
Loss = 6.5527e-02, PNorm = 88.8770, GNorm = 0.4846, lr_0 = 9.8764e-04
Loss = 4.2939e-02, PNorm = 89.1992, GNorm = 1.1345, lr_0 = 9.8662e-04
Loss = 7.7907e-02, PNorm = 89.3540, GNorm = 0.4852, lr_0 = 9.8561e-04
Loss = 4.3705e-02, PNorm = 89.4420, GNorm = 0.2879, lr_0 = 9.8460e-04
Loss = 7.6137e-02, PNorm = 89.4801, GNorm = 0.5446, lr_0 = 9.8359e-04
Loss = 7.2527e-02, PNorm = 89.4979, GNorm = 0.7507, lr_0 = 9.8258e-04
Loss = 4.1073e-02, PNorm = 89.5314, GNorm = 0.1460, lr_0 = 9.8157e-04
Loss = 6.5597e-02, PNorm = 89.5389, GNorm = 0.1486, lr_0 = 9.8056e-04
Loss = 7.2295e-03, PNorm = 89.5537, GNorm = 0.1289, lr_0 = 9.7955e-04
Loss = 1.0414e-01, PNorm = 89.5466, GNorm = 0.5443, lr_0 = 9.7854e-04
Loss = 4.2998e-02, PNorm = 89.5633, GNorm = 0.1759, lr_0 = 9.7754e-04
Loss = 7.2955e-02, PNorm = 89.5687, GNorm = 0.3578, lr_0 = 9.7653e-04
Loss = 8.5752e-02, PNorm = 89.5730, GNorm = 0.4017, lr_0 = 9.7553e-04
Loss = 9.1831e-02, PNorm = 89.5883, GNorm = 0.4359, lr_0 = 9.7453e-04
Loss = 4.4536e-02, PNorm = 89.6123, GNorm = 0.6420, lr_0 = 9.7353e-04
Loss = 8.8796e-02, PNorm = 89.6190, GNorm = 0.4241, lr_0 = 9.7253e-04
Loss = 4.2026e-02, PNorm = 89.6447, GNorm = 0.2940, lr_0 = 9.7153e-04
Loss = 4.3833e-02, PNorm = 89.6756, GNorm = 0.5405, lr_0 = 9.7053e-04
Loss = 7.5453e-02, PNorm = 89.6778, GNorm = 0.6153, lr_0 = 9.6953e-04
Loss = 1.0660e-01, PNorm = 89.6829, GNorm = 0.8094, lr_0 = 9.6854e-04
Loss = 5.0867e-02, PNorm = 89.7246, GNorm = 0.1389, lr_0 = 9.6754e-04
Loss = 8.8251e-02, PNorm = 89.7378, GNorm = 1.0507, lr_0 = 9.6655e-04
Loss = 6.8654e-02, PNorm = 89.7367, GNorm = 0.3784, lr_0 = 9.6555e-04
Loss = 5.1692e-02, PNorm = 89.7642, GNorm = 0.2875, lr_0 = 9.6456e-04
Loss = 5.2848e-02, PNorm = 89.7852, GNorm = 0.5952, lr_0 = 9.6357e-04
Loss = 3.6691e-02, PNorm = 89.7948, GNorm = 0.1936, lr_0 = 9.6258e-04
Loss = 7.1769e-02, PNorm = 89.7997, GNorm = 0.2791, lr_0 = 9.6159e-04
Loss = 5.8584e-02, PNorm = 89.8178, GNorm = 0.6437, lr_0 = 9.6060e-04
Loss = 3.0407e-02, PNorm = 89.8334, GNorm = 0.1899, lr_0 = 9.5962e-04
Loss = 3.6263e-02, PNorm = 89.8465, GNorm = 0.1454, lr_0 = 9.5863e-04
Loss = 4.6593e-02, PNorm = 89.8551, GNorm = 0.6321, lr_0 = 9.5765e-04
Loss = 7.2888e-02, PNorm = 89.8512, GNorm = 0.3585, lr_0 = 9.5666e-04
Loss = 6.0129e-02, PNorm = 89.8677, GNorm = 0.4377, lr_0 = 9.5568e-04
Loss = 4.1516e-02, PNorm = 89.8861, GNorm = 0.1930, lr_0 = 9.5470e-04
Loss = 3.0767e-02, PNorm = 89.9013, GNorm = 0.0841, lr_0 = 9.5372e-04
Loss = 7.6190e-02, PNorm = 89.8919, GNorm = 0.3697, lr_0 = 9.5274e-04
Loss = 5.0070e-02, PNorm = 89.9091, GNorm = 0.1151, lr_0 = 9.5176e-04
Loss = 7.4755e-02, PNorm = 89.9104, GNorm = 0.6608, lr_0 = 9.5078e-04
Loss = 2.5826e-02, PNorm = 89.9305, GNorm = 0.2727, lr_0 = 9.4980e-04
Loss = 3.7841e-02, PNorm = 89.9490, GNorm = 0.1127, lr_0 = 9.4883e-04
Loss = 4.7781e-02, PNorm = 89.9486, GNorm = 0.1972, lr_0 = 9.4785e-04
Loss = 4.3557e-02, PNorm = 89.9537, GNorm = 0.1780, lr_0 = 9.4688e-04
Loss = 7.4285e-02, PNorm = 89.9549, GNorm = 0.3473, lr_0 = 9.4591e-04
Loss = 3.8169e-02, PNorm = 89.9719, GNorm = 0.2018, lr_0 = 9.4493e-04
Loss = 4.9605e-02, PNorm = 89.9806, GNorm = 0.2668, lr_0 = 9.4396e-04
Loss = 9.5422e-02, PNorm = 89.9823, GNorm = 0.5487, lr_0 = 9.4299e-04
Loss = 3.7970e-02, PNorm = 89.9981, GNorm = 0.3401, lr_0 = 9.4203e-04
Loss = 6.1566e-02, PNorm = 90.0172, GNorm = 0.8350, lr_0 = 9.4106e-04
Loss = 7.1192e-02, PNorm = 90.0110, GNorm = 0.3003, lr_0 = 9.4009e-04
Loss = 7.2563e-02, PNorm = 90.0149, GNorm = 0.3911, lr_0 = 9.3912e-04
Loss = 7.0436e-02, PNorm = 90.0279, GNorm = 0.5323, lr_0 = 9.3816e-04
Loss = 7.6584e-02, PNorm = 90.0372, GNorm = 0.2773, lr_0 = 9.3720e-04
Loss = 4.4175e-02, PNorm = 90.0496, GNorm = 0.2624, lr_0 = 9.3623e-04
Loss = 3.7820e-02, PNorm = 90.0644, GNorm = 0.1456, lr_0 = 9.3527e-04
Loss = 5.1878e-02, PNorm = 90.0674, GNorm = 0.4163, lr_0 = 9.3431e-04
Loss = 5.1620e-02, PNorm = 90.0737, GNorm = 0.2244, lr_0 = 9.3335e-04
Loss = 1.1145e-01, PNorm = 90.0718, GNorm = 0.3352, lr_0 = 9.3239e-04
Loss = 5.3360e-02, PNorm = 90.0899, GNorm = 0.3963, lr_0 = 9.3143e-04
Loss = 4.7782e-02, PNorm = 90.1197, GNorm = 0.7809, lr_0 = 9.3048e-04
Loss = 1.4183e-01, PNorm = 90.0964, GNorm = 0.7728, lr_0 = 9.2952e-04
Loss = 7.3396e-02, PNorm = 90.1189, GNorm = 0.6725, lr_0 = 9.2857e-04
Loss = 3.3256e-02, PNorm = 90.1403, GNorm = 0.1064, lr_0 = 9.2761e-04
Loss = 7.1120e-02, PNorm = 90.1386, GNorm = 0.1917, lr_0 = 9.2666e-04
Loss = 4.3018e-02, PNorm = 90.1420, GNorm = 0.1867, lr_0 = 9.2571e-04
Loss = 5.5673e-02, PNorm = 90.1453, GNorm = 0.3057, lr_0 = 9.2476e-04
Loss = 5.2082e-02, PNorm = 90.1628, GNorm = 1.3334, lr_0 = 9.2381e-04
Loss = 6.1523e-02, PNorm = 90.1594, GNorm = 0.3171, lr_0 = 9.2286e-04
Loss = 7.9217e-02, PNorm = 90.1621, GNorm = 0.4136, lr_0 = 9.2191e-04
Loss = 5.5157e-02, PNorm = 90.1783, GNorm = 0.1673, lr_0 = 9.2096e-04
Validation auc = 0.529264
Epoch 3
Loss = 8.6874e-02, PNorm = 90.1809, GNorm = 0.9759, lr_0 = 9.2001e-04
Loss = 5.8502e-02, PNorm = 90.1865, GNorm = 0.3935, lr_0 = 9.1907e-04
Loss = 6.9431e-02, PNorm = 90.1980, GNorm = 0.2741, lr_0 = 9.1812e-04
Loss = 7.8174e-02, PNorm = 90.2078, GNorm = 0.3130, lr_0 = 9.1718e-04
Loss = 6.3239e-02, PNorm = 90.2192, GNorm = 0.4042, lr_0 = 9.1624e-04
Loss = 4.9095e-02, PNorm = 90.2329, GNorm = 0.2333, lr_0 = 9.1530e-04
Loss = 6.0150e-02, PNorm = 90.2431, GNorm = 0.1520, lr_0 = 9.1436e-04
Loss = 8.7244e-02, PNorm = 90.2427, GNorm = 0.4584, lr_0 = 9.1342e-04
Loss = 4.8948e-02, PNorm = 90.2643, GNorm = 0.8901, lr_0 = 9.1248e-04
Loss = 7.4871e-02, PNorm = 90.2694, GNorm = 0.5426, lr_0 = 9.1154e-04
Loss = 6.4592e-02, PNorm = 90.2780, GNorm = 0.3147, lr_0 = 9.1061e-04
Loss = 6.8504e-02, PNorm = 90.2908, GNorm = 0.4830, lr_0 = 9.0967e-04
Loss = 2.0380e-02, PNorm = 90.3159, GNorm = 0.6547, lr_0 = 9.0874e-04
Loss = 5.5234e-02, PNorm = 90.3164, GNorm = 0.1886, lr_0 = 9.0780e-04
Loss = 5.3360e-02, PNorm = 90.3209, GNorm = 0.2461, lr_0 = 9.0687e-04
Loss = 8.0115e-02, PNorm = 90.3279, GNorm = 0.3499, lr_0 = 9.0594e-04
Loss = 4.1863e-02, PNorm = 90.3491, GNorm = 0.2158, lr_0 = 9.0501e-04
Loss = 4.9078e-02, PNorm = 90.3679, GNorm = 0.1588, lr_0 = 9.0408e-04
Loss = 6.2253e-02, PNorm = 90.3714, GNorm = 0.2790, lr_0 = 9.0315e-04
Loss = 1.0192e-01, PNorm = 90.3752, GNorm = 1.0812, lr_0 = 9.0222e-04
Loss = 5.3466e-02, PNorm = 90.3950, GNorm = 0.3350, lr_0 = 9.0129e-04
Loss = 6.3562e-02, PNorm = 90.4222, GNorm = 0.8179, lr_0 = 9.0037e-04
Loss = 2.9349e-02, PNorm = 90.4352, GNorm = 0.1397, lr_0 = 8.9944e-04
Loss = 7.0687e-02, PNorm = 90.4368, GNorm = 0.3651, lr_0 = 8.9852e-04
Loss = 6.1725e-02, PNorm = 90.4543, GNorm = 0.2849, lr_0 = 8.9759e-04
Loss = 3.0524e-02, PNorm = 90.4893, GNorm = 0.1138, lr_0 = 8.9667e-04
Loss = 6.9972e-02, PNorm = 90.4987, GNorm = 1.4247, lr_0 = 8.9575e-04
Loss = 3.6042e-02, PNorm = 90.5240, GNorm = 0.7335, lr_0 = 8.9483e-04
Loss = 7.5644e-02, PNorm = 90.5446, GNorm = 0.4901, lr_0 = 8.9391e-04
Loss = 3.2639e-02, PNorm = 90.5948, GNorm = 0.2393, lr_0 = 8.9299e-04
Loss = 4.5241e-02, PNorm = 90.6250, GNorm = 0.1806, lr_0 = 8.9208e-04
Loss = 7.6719e-02, PNorm = 90.6330, GNorm = 0.4280, lr_0 = 8.9116e-04
Loss = 8.2642e-02, PNorm = 90.6462, GNorm = 0.5510, lr_0 = 8.9024e-04
Loss = 6.6199e-02, PNorm = 90.6893, GNorm = 0.2699, lr_0 = 8.8933e-04
Loss = 4.2959e-02, PNorm = 90.7288, GNorm = 0.9762, lr_0 = 8.8842e-04
Loss = 6.1108e-02, PNorm = 90.7450, GNorm = 1.4060, lr_0 = 8.8750e-04
Loss = 5.6039e-02, PNorm = 90.7498, GNorm = 0.4326, lr_0 = 8.8659e-04
Loss = 4.2413e-02, PNorm = 90.7701, GNorm = 0.2527, lr_0 = 8.8568e-04
Loss = 2.8939e-02, PNorm = 90.7939, GNorm = 0.8969, lr_0 = 8.8477e-04
Loss = 3.8946e-02, PNorm = 90.7958, GNorm = 0.0968, lr_0 = 8.8386e-04
Loss = 1.1147e-01, PNorm = 90.7822, GNorm = 0.5382, lr_0 = 8.8295e-04
Loss = 3.4770e-02, PNorm = 90.8000, GNorm = 0.4269, lr_0 = 8.8205e-04
Loss = 5.2987e-02, PNorm = 90.8265, GNorm = 0.7136, lr_0 = 8.8114e-04
Loss = 3.1223e-03, PNorm = 90.8375, GNorm = 0.0897, lr_0 = 8.8023e-04
Loss = 7.5246e-02, PNorm = 90.8379, GNorm = 1.7177, lr_0 = 8.7933e-04
Loss = 5.8819e-02, PNorm = 90.8315, GNorm = 0.4664, lr_0 = 8.7843e-04
Loss = 9.7731e-02, PNorm = 90.8435, GNorm = 0.3206, lr_0 = 8.7752e-04
Loss = 9.5252e-02, PNorm = 90.8559, GNorm = 0.5393, lr_0 = 8.7662e-04
Loss = 6.9140e-02, PNorm = 90.8787, GNorm = 0.9168, lr_0 = 8.7572e-04
Loss = 2.0105e-02, PNorm = 90.9037, GNorm = 0.1437, lr_0 = 8.7482e-04
Loss = 9.1385e-02, PNorm = 90.9042, GNorm = 1.1292, lr_0 = 8.7392e-04
Loss = 1.9888e-02, PNorm = 90.9177, GNorm = 0.2287, lr_0 = 8.7303e-04
Loss = 4.6662e-02, PNorm = 90.9351, GNorm = 0.1342, lr_0 = 8.7213e-04
Loss = 2.7068e-02, PNorm = 90.9500, GNorm = 0.1566, lr_0 = 8.7123e-04
Loss = 3.9959e-02, PNorm = 90.9538, GNorm = 0.1687, lr_0 = 8.7034e-04
Loss = 7.3614e-02, PNorm = 90.9545, GNorm = 0.3727, lr_0 = 8.6944e-04
Loss = 9.1387e-02, PNorm = 90.9621, GNorm = 0.3312, lr_0 = 8.6855e-04
Loss = 4.1630e-02, PNorm = 90.9872, GNorm = 0.2670, lr_0 = 8.6766e-04
Loss = 3.3625e-02, PNorm = 91.0108, GNorm = 0.0662, lr_0 = 8.6677e-04
Loss = 5.1551e-02, PNorm = 91.0125, GNorm = 0.1106, lr_0 = 8.6588e-04
Loss = 6.3206e-02, PNorm = 91.0097, GNorm = 1.1601, lr_0 = 8.6499e-04
Loss = 7.2791e-02, PNorm = 91.0105, GNorm = 0.3018, lr_0 = 8.6410e-04
Loss = 5.0473e-02, PNorm = 91.0290, GNorm = 0.2854, lr_0 = 8.6321e-04
Loss = 4.2311e-02, PNorm = 91.0608, GNorm = 0.0814, lr_0 = 8.6232e-04
Loss = 5.1399e-02, PNorm = 91.0654, GNorm = 0.1250, lr_0 = 8.6144e-04
Loss = 6.0350e-02, PNorm = 91.0674, GNorm = 0.3839, lr_0 = 8.6055e-04
Loss = 3.9334e-02, PNorm = 91.0965, GNorm = 0.3420, lr_0 = 8.5967e-04
Loss = 6.3734e-02, PNorm = 91.1356, GNorm = 0.6197, lr_0 = 8.5878e-04
Loss = 6.2704e-02, PNorm = 91.1586, GNorm = 1.2921, lr_0 = 8.5790e-04
Loss = 6.1867e-02, PNorm = 91.1791, GNorm = 0.4136, lr_0 = 8.5702e-04
Loss = 5.3409e-02, PNorm = 91.2145, GNorm = 0.1950, lr_0 = 8.5614e-04
Loss = 1.4391e-01, PNorm = 91.2619, GNorm = 0.2324, lr_0 = 8.5526e-04
Loss = 7.6878e-02, PNorm = 91.6310, GNorm = 0.6348, lr_0 = 8.5438e-04
Loss = 1.0841e-01, PNorm = 91.8972, GNorm = 0.4134, lr_0 = 8.5350e-04
Loss = 5.8343e-02, PNorm = 92.0267, GNorm = 0.3310, lr_0 = 8.5263e-04
Loss = 3.4039e-02, PNorm = 92.0962, GNorm = 0.1554, lr_0 = 8.5175e-04
Loss = 4.8723e-02, PNorm = 92.1290, GNorm = 0.1691, lr_0 = 8.5088e-04
Loss = 3.7704e-02, PNorm = 92.1476, GNorm = 0.1617, lr_0 = 8.5000e-04
Loss = 3.1314e-02, PNorm = 92.1659, GNorm = 0.1696, lr_0 = 8.4913e-04
Loss = 4.8886e-02, PNorm = 92.1755, GNorm = 0.1700, lr_0 = 8.4826e-04
Validation auc = 0.565510
Epoch 4
Loss = 5.2793e-02, PNorm = 92.1895, GNorm = 0.2471, lr_0 = 8.4738e-04
Loss = 4.4353e-02, PNorm = 92.2094, GNorm = 0.2697, lr_0 = 8.4651e-04
Loss = 1.0264e-01, PNorm = 92.2248, GNorm = 0.7307, lr_0 = 8.4564e-04
Loss = 3.8616e-02, PNorm = 92.2602, GNorm = 0.2540, lr_0 = 8.4478e-04
Loss = 3.9635e-02, PNorm = 92.2902, GNorm = 0.1104, lr_0 = 8.4391e-04
Loss = 5.8240e-02, PNorm = 92.2988, GNorm = 0.1884, lr_0 = 8.4304e-04
Loss = 6.7486e-02, PNorm = 92.3060, GNorm = 0.4509, lr_0 = 8.4217e-04
Loss = 1.1709e-02, PNorm = 92.3395, GNorm = 0.1869, lr_0 = 8.4131e-04
Loss = 2.0665e-02, PNorm = 92.3647, GNorm = 0.0384, lr_0 = 8.4044e-04
Loss = 5.6889e-02, PNorm = 92.3655, GNorm = 0.0691, lr_0 = 8.3958e-04
Loss = 2.8524e-02, PNorm = 92.3682, GNorm = 0.5950, lr_0 = 8.3872e-04
Loss = 4.6150e-02, PNorm = 92.3719, GNorm = 0.3997, lr_0 = 8.3786e-04
Loss = 7.6171e-02, PNorm = 92.3815, GNorm = 0.3930, lr_0 = 8.3700e-04
Loss = 6.6381e-02, PNorm = 92.3986, GNorm = 0.3115, lr_0 = 8.3614e-04
Loss = 3.2796e-02, PNorm = 92.4239, GNorm = 0.1191, lr_0 = 8.3528e-04
Loss = 2.2098e-02, PNorm = 92.4420, GNorm = 0.0980, lr_0 = 8.3442e-04
Loss = 8.0009e-02, PNorm = 92.4413, GNorm = 0.1613, lr_0 = 8.3356e-04
Loss = 5.3884e-02, PNorm = 92.4460, GNorm = 0.4164, lr_0 = 8.3270e-04
Loss = 8.3395e-02, PNorm = 92.4709, GNorm = 0.4147, lr_0 = 8.3185e-04
Loss = 5.9608e-02, PNorm = 92.4961, GNorm = 0.7957, lr_0 = 8.3099e-04
Loss = 2.7325e-02, PNorm = 92.5295, GNorm = 0.5641, lr_0 = 8.3014e-04
Loss = 6.4875e-02, PNorm = 92.5373, GNorm = 0.1493, lr_0 = 8.2929e-04
Loss = 6.6935e-02, PNorm = 92.5480, GNorm = 0.3386, lr_0 = 8.2844e-04
Loss = 5.0752e-02, PNorm = 92.5786, GNorm = 0.2552, lr_0 = 8.2758e-04
Loss = 1.0014e-01, PNorm = 92.5944, GNorm = 1.3124, lr_0 = 8.2673e-04
Loss = 3.5234e-02, PNorm = 92.6157, GNorm = 0.3639, lr_0 = 8.2589e-04
Loss = 3.4710e-02, PNorm = 92.6510, GNorm = 0.0833, lr_0 = 8.2504e-04
Loss = 9.3060e-02, PNorm = 92.6587, GNorm = 2.3850, lr_0 = 8.2419e-04
Loss = 3.0185e-02, PNorm = 92.6602, GNorm = 0.4199, lr_0 = 8.2334e-04
Loss = 6.4684e-02, PNorm = 92.6794, GNorm = 0.7537, lr_0 = 8.2250e-04
Loss = 2.6412e-02, PNorm = 92.7016, GNorm = 0.1741, lr_0 = 8.2165e-04
Loss = 8.3625e-02, PNorm = 92.7118, GNorm = 0.2958, lr_0 = 8.2081e-04
Loss = 1.1095e-01, PNorm = 92.7156, GNorm = 0.8631, lr_0 = 8.1996e-04
Loss = 7.1591e-02, PNorm = 92.7543, GNorm = 0.7127, lr_0 = 8.1912e-04
Loss = 7.0794e-02, PNorm = 92.7701, GNorm = 0.1591, lr_0 = 8.1828e-04
Loss = 4.6922e-02, PNorm = 92.7790, GNorm = 0.2817, lr_0 = 8.1744e-04
Loss = 6.8529e-02, PNorm = 92.7830, GNorm = 0.2882, lr_0 = 8.1660e-04
Loss = 9.7185e-02, PNorm = 92.7900, GNorm = 0.3488, lr_0 = 8.1576e-04
Loss = 4.9198e-02, PNorm = 92.8191, GNorm = 0.2672, lr_0 = 8.1492e-04
Loss = 9.6210e-02, PNorm = 92.8331, GNorm = 0.2485, lr_0 = 8.1408e-04
Loss = 4.2956e-02, PNorm = 92.8459, GNorm = 0.3523, lr_0 = 8.1325e-04
Loss = 4.7114e-02, PNorm = 92.8633, GNorm = 0.1887, lr_0 = 8.1241e-04
Loss = 5.6268e-02, PNorm = 92.8741, GNorm = 0.2060, lr_0 = 8.1158e-04
Loss = 7.8901e-02, PNorm = 92.8799, GNorm = 0.3600, lr_0 = 8.1074e-04
Loss = 3.3075e-02, PNorm = 92.8948, GNorm = 0.2545, lr_0 = 8.0991e-04
Loss = 4.9405e-02, PNorm = 92.9076, GNorm = 0.1796, lr_0 = 8.0908e-04
Loss = 6.2876e-02, PNorm = 92.9115, GNorm = 0.2482, lr_0 = 8.0825e-04
Loss = 7.3390e-02, PNorm = 92.9112, GNorm = 0.4594, lr_0 = 8.0742e-04
Loss = 8.8183e-02, PNorm = 92.9212, GNorm = 0.7649, lr_0 = 8.0659e-04
Loss = 7.3272e-02, PNorm = 92.9304, GNorm = 0.4014, lr_0 = 8.0576e-04
Loss = 4.3719e-02, PNorm = 92.9474, GNorm = 0.2344, lr_0 = 8.0493e-04
Loss = 1.7426e-02, PNorm = 92.9658, GNorm = 0.0815, lr_0 = 8.0410e-04
Loss = 7.5936e-02, PNorm = 92.9667, GNorm = 0.1393, lr_0 = 8.0328e-04
Loss = 1.8712e-02, PNorm = 92.9729, GNorm = 0.2263, lr_0 = 8.0245e-04
Loss = 5.5758e-02, PNorm = 92.9821, GNorm = 0.6701, lr_0 = 8.0163e-04
Loss = 3.7845e-02, PNorm = 92.9934, GNorm = 0.1801, lr_0 = 8.0081e-04
Loss = 3.9844e-02, PNorm = 93.0068, GNorm = 0.8166, lr_0 = 7.9998e-04
Loss = 1.0085e-01, PNorm = 92.9958, GNorm = 0.6080, lr_0 = 7.9916e-04
Loss = 6.8177e-02, PNorm = 93.0109, GNorm = 0.3528, lr_0 = 7.9834e-04
Loss = 5.5436e-02, PNorm = 93.0219, GNorm = 0.2539, lr_0 = 7.9752e-04
Loss = 3.0630e-02, PNorm = 93.0430, GNorm = 0.5572, lr_0 = 7.9670e-04
Loss = 3.7985e-02, PNorm = 93.0494, GNorm = 0.1332, lr_0 = 7.9588e-04
Loss = 1.1490e-01, PNorm = 93.0418, GNorm = 0.6222, lr_0 = 7.9506e-04
Loss = 5.7806e-02, PNorm = 93.0676, GNorm = 0.4223, lr_0 = 7.9425e-04
Loss = 5.9283e-02, PNorm = 93.0924, GNorm = 0.4571, lr_0 = 7.9343e-04
Loss = 7.5862e-02, PNorm = 93.1008, GNorm = 0.3956, lr_0 = 7.9262e-04
Loss = 4.1266e-02, PNorm = 93.1230, GNorm = 0.2908, lr_0 = 7.9180e-04
Loss = 8.3343e-02, PNorm = 93.1366, GNorm = 0.3205, lr_0 = 7.9099e-04
Loss = 5.4050e-02, PNorm = 93.1611, GNorm = 0.6199, lr_0 = 7.9017e-04
Loss = 3.4006e-02, PNorm = 93.1880, GNorm = 0.1775, lr_0 = 7.8936e-04
Loss = 5.1500e-02, PNorm = 93.1995, GNorm = 0.3962, lr_0 = 7.8855e-04
Loss = 5.6047e-02, PNorm = 93.1962, GNorm = 0.2624, lr_0 = 7.8774e-04
Loss = 6.2257e-02, PNorm = 93.2100, GNorm = 0.8027, lr_0 = 7.8693e-04
Loss = 8.9620e-02, PNorm = 93.2226, GNorm = 0.6444, lr_0 = 7.8612e-04
Loss = 4.1365e-02, PNorm = 93.2342, GNorm = 0.4089, lr_0 = 7.8532e-04
Loss = 5.6263e-02, PNorm = 93.2604, GNorm = 1.7193, lr_0 = 7.8451e-04
Loss = 3.9390e-02, PNorm = 93.2652, GNorm = 0.7208, lr_0 = 7.8370e-04
Loss = 6.1925e-02, PNorm = 93.2653, GNorm = 0.5584, lr_0 = 7.8290e-04
Loss = 4.3680e-02, PNorm = 93.2846, GNorm = 1.2903, lr_0 = 7.8209e-04
Loss = 3.6585e-02, PNorm = 93.3001, GNorm = 0.1635, lr_0 = 7.8129e-04
Validation auc = 0.591357
Epoch 5
Loss = 9.1204e-02, PNorm = 93.3038, GNorm = 0.4730, lr_0 = 7.8049e-04
Loss = 3.4912e-02, PNorm = 93.3342, GNorm = 0.4387, lr_0 = 7.7969e-04
Loss = 6.4899e-02, PNorm = 93.3477, GNorm = 0.2741, lr_0 = 7.7888e-04
Loss = 4.1914e-02, PNorm = 93.3749, GNorm = 1.3103, lr_0 = 7.7808e-04
Loss = 2.4768e-02, PNorm = 93.3914, GNorm = 0.1465, lr_0 = 7.7729e-04
Loss = 7.9257e-02, PNorm = 93.3949, GNorm = 0.5144, lr_0 = 7.7649e-04
Loss = 3.4580e-02, PNorm = 93.4093, GNorm = 0.3032, lr_0 = 7.7569e-04
Loss = 1.7854e-02, PNorm = 93.4301, GNorm = 0.0603, lr_0 = 7.7489e-04
Loss = 1.1629e-01, PNorm = 93.4225, GNorm = 0.3353, lr_0 = 7.7410e-04
Loss = 8.0947e-02, PNorm = 93.4254, GNorm = 0.7520, lr_0 = 7.7330e-04
Loss = 5.4247e-02, PNorm = 93.4486, GNorm = 0.3190, lr_0 = 7.7251e-04
Loss = 4.1028e-02, PNorm = 93.4677, GNorm = 0.1331, lr_0 = 7.7171e-04
Loss = 4.5469e-02, PNorm = 93.4782, GNorm = 1.3607, lr_0 = 7.7092e-04
Loss = 2.9169e-02, PNorm = 93.4852, GNorm = 1.4883, lr_0 = 7.7013e-04
Loss = 9.6932e-02, PNorm = 93.4795, GNorm = 0.4296, lr_0 = 7.6934e-04
Loss = 6.1046e-02, PNorm = 93.4880, GNorm = 0.5898, lr_0 = 7.6855e-04
Loss = 6.9737e-02, PNorm = 93.5071, GNorm = 0.2329, lr_0 = 7.6776e-04
Loss = 4.7730e-02, PNorm = 93.5231, GNorm = 0.1501, lr_0 = 7.6697e-04
Loss = 7.3690e-02, PNorm = 93.5258, GNorm = 0.3387, lr_0 = 7.6618e-04
Loss = 5.1409e-02, PNorm = 93.5371, GNorm = 0.6108, lr_0 = 7.6539e-04
Loss = 4.1843e-02, PNorm = 93.5478, GNorm = 0.2479, lr_0 = 7.6461e-04
Loss = 5.6729e-02, PNorm = 93.5596, GNorm = 0.2018, lr_0 = 7.6382e-04
Loss = 8.4689e-02, PNorm = 93.5622, GNorm = 0.4791, lr_0 = 7.6304e-04
Loss = 3.1095e-02, PNorm = 93.5768, GNorm = 0.3769, lr_0 = 7.6225e-04
Loss = 8.3652e-02, PNorm = 93.5879, GNorm = 0.5138, lr_0 = 7.6147e-04
Loss = 3.0313e-02, PNorm = 93.6008, GNorm = 0.2212, lr_0 = 7.6069e-04
Loss = 8.3692e-02, PNorm = 93.6054, GNorm = 0.3083, lr_0 = 7.5990e-04
Loss = 6.8927e-02, PNorm = 93.6154, GNorm = 0.3551, lr_0 = 7.5912e-04
Loss = 4.0252e-02, PNorm = 93.6318, GNorm = 0.2222, lr_0 = 7.5834e-04
Loss = 6.8385e-02, PNorm = 93.6430, GNorm = 0.7140, lr_0 = 7.5756e-04
Loss = 1.0379e-01, PNorm = 93.6400, GNorm = 0.4691, lr_0 = 7.5679e-04
Loss = 6.9163e-02, PNorm = 93.6569, GNorm = 0.4711, lr_0 = 7.5601e-04
Loss = 4.2694e-02, PNorm = 93.6801, GNorm = 0.1404, lr_0 = 7.5523e-04
Loss = 4.7519e-02, PNorm = 93.6867, GNorm = 0.2050, lr_0 = 7.5446e-04
Loss = 2.7391e-02, PNorm = 93.7016, GNorm = 0.0958, lr_0 = 7.5368e-04
Loss = 5.3323e-02, PNorm = 93.7004, GNorm = 0.1980, lr_0 = 7.5291e-04
Loss = 7.7369e-02, PNorm = 93.6983, GNorm = 0.3148, lr_0 = 7.5213e-04
Loss = 5.3419e-02, PNorm = 93.7045, GNorm = 0.5755, lr_0 = 7.5136e-04
Loss = 3.2914e-02, PNorm = 93.7252, GNorm = 0.1850, lr_0 = 7.5059e-04
Loss = 5.1658e-02, PNorm = 93.7364, GNorm = 0.0992, lr_0 = 7.4982e-04
Loss = 1.1350e-01, PNorm = 93.7274, GNorm = 0.7539, lr_0 = 7.4905e-04
Loss = 5.8747e-02, PNorm = 93.7356, GNorm = 0.6789, lr_0 = 7.4828e-04
Loss = 7.7440e-02, PNorm = 93.7524, GNorm = 0.4950, lr_0 = 7.4751e-04
Loss = 3.5891e-02, PNorm = 93.7650, GNorm = 0.2450, lr_0 = 7.4674e-04
Loss = 5.0082e-02, PNorm = 93.7751, GNorm = 0.1803, lr_0 = 7.4597e-04
Loss = 4.9097e-02, PNorm = 93.7805, GNorm = 0.7801, lr_0 = 7.4521e-04
Loss = 4.9445e-02, PNorm = 93.7883, GNorm = 0.2560, lr_0 = 7.4444e-04
Loss = 5.2030e-02, PNorm = 93.7979, GNorm = 0.2951, lr_0 = 7.4368e-04
Loss = 7.7375e-02, PNorm = 93.8085, GNorm = 0.2354, lr_0 = 7.4291e-04
Loss = 5.6366e-02, PNorm = 93.8115, GNorm = 0.4966, lr_0 = 7.4215e-04
Loss = 4.7652e-02, PNorm = 93.8296, GNorm = 0.2504, lr_0 = 7.4139e-04
Loss = 4.9779e-02, PNorm = 93.8444, GNorm = 0.8153, lr_0 = 7.4062e-04
Loss = 2.7603e-02, PNorm = 93.8530, GNorm = 0.1533, lr_0 = 7.3986e-04
Loss = 4.2064e-02, PNorm = 93.8635, GNorm = 0.2107, lr_0 = 7.3910e-04
Loss = 7.9720e-02, PNorm = 93.8674, GNorm = 0.3641, lr_0 = 7.3834e-04
Loss = 8.0453e-02, PNorm = 93.8777, GNorm = 0.5929, lr_0 = 7.3759e-04
Loss = 3.8177e-02, PNorm = 93.9028, GNorm = 0.2369, lr_0 = 7.3683e-04
Loss = 6.0394e-02, PNorm = 93.9161, GNorm = 0.1948, lr_0 = 7.3607e-04
Loss = 5.7605e-02, PNorm = 93.9180, GNorm = 0.3081, lr_0 = 7.3531e-04
Loss = 4.1833e-02, PNorm = 93.9285, GNorm = 0.2473, lr_0 = 7.3456e-04
Loss = 4.7003e-02, PNorm = 93.9413, GNorm = 0.2183, lr_0 = 7.3380e-04
Loss = 1.1310e-01, PNorm = 93.9414, GNorm = 0.4323, lr_0 = 7.3305e-04
Loss = 8.2212e-02, PNorm = 93.9595, GNorm = 0.5537, lr_0 = 7.3230e-04
Loss = 5.2655e-02, PNorm = 93.9863, GNorm = 0.2059, lr_0 = 7.3155e-04
Loss = 5.7583e-02, PNorm = 94.0003, GNorm = 0.7318, lr_0 = 7.3079e-04
Loss = 2.4184e-02, PNorm = 94.0152, GNorm = 1.2470, lr_0 = 7.3004e-04
Loss = 2.9150e-02, PNorm = 94.0248, GNorm = 0.1875, lr_0 = 7.2929e-04
Loss = 3.0928e-02, PNorm = 94.0415, GNorm = 0.1162, lr_0 = 7.2854e-04
Loss = 7.0289e-02, PNorm = 94.0382, GNorm = 0.2190, lr_0 = 7.2779e-04
Loss = 7.0291e-02, PNorm = 94.0410, GNorm = 0.4120, lr_0 = 7.2705e-04
Loss = 5.0543e-02, PNorm = 94.0639, GNorm = 0.4135, lr_0 = 7.2630e-04
Loss = 3.9481e-02, PNorm = 94.0909, GNorm = 0.1829, lr_0 = 7.2555e-04
Loss = 2.9559e-02, PNorm = 94.1146, GNorm = 0.0859, lr_0 = 7.2481e-04
Loss = 9.1767e-02, PNorm = 94.1124, GNorm = 0.6933, lr_0 = 7.2406e-04
Loss = 6.7861e-02, PNorm = 94.1152, GNorm = 0.5609, lr_0 = 7.2332e-04
Loss = 5.7967e-02, PNorm = 94.1403, GNorm = 0.3129, lr_0 = 7.2258e-04
Loss = 7.9203e-02, PNorm = 94.1520, GNorm = 0.6260, lr_0 = 7.2183e-04
Loss = 6.3546e-02, PNorm = 94.1655, GNorm = 0.2663, lr_0 = 7.2109e-04
Loss = 2.6001e-02, PNorm = 94.1840, GNorm = 0.2047, lr_0 = 7.2035e-04
Loss = 5.9426e-02, PNorm = 94.1925, GNorm = 0.1728, lr_0 = 7.1961e-04
Validation auc = 0.553689
Epoch 6
Loss = 5.0975e-02, PNorm = 94.1971, GNorm = 0.2942, lr_0 = 7.1887e-04
Loss = 3.5320e-02, PNorm = 94.2164, GNorm = 1.0059, lr_0 = 7.1813e-04
Loss = 6.6344e-02, PNorm = 94.2190, GNorm = 0.2440, lr_0 = 7.1740e-04
Loss = 4.9310e-02, PNorm = 94.2295, GNorm = 0.5081, lr_0 = 7.1666e-04
Loss = 6.8002e-02, PNorm = 94.2394, GNorm = 0.3868, lr_0 = 7.1592e-04
Loss = 5.7841e-02, PNorm = 94.2584, GNorm = 0.2911, lr_0 = 7.1519e-04
Loss = 5.4708e-02, PNorm = 94.2753, GNorm = 0.2076, lr_0 = 7.1445e-04
Loss = 4.7403e-02, PNorm = 94.2876, GNorm = 0.2494, lr_0 = 7.1372e-04
Loss = 2.5944e-02, PNorm = 94.3053, GNorm = 0.1927, lr_0 = 7.1298e-04
Loss = 3.7158e-02, PNorm = 94.3169, GNorm = 0.1667, lr_0 = 7.1225e-04
Loss = 1.1149e-01, PNorm = 94.3114, GNorm = 0.4424, lr_0 = 7.1152e-04
Loss = 6.1555e-02, PNorm = 94.3299, GNorm = 0.4868, lr_0 = 7.1079e-04
Loss = 4.6762e-02, PNorm = 94.3544, GNorm = 0.1842, lr_0 = 7.1006e-04
Loss = 7.3291e-02, PNorm = 94.3595, GNorm = 0.6923, lr_0 = 7.0933e-04
Loss = 4.7360e-02, PNorm = 94.3642, GNorm = 0.5951, lr_0 = 7.0860e-04
Loss = 5.7714e-02, PNorm = 94.3788, GNorm = 0.3095, lr_0 = 7.0787e-04
Loss = 6.7057e-02, PNorm = 94.3912, GNorm = 0.3791, lr_0 = 7.0715e-04
Loss = 8.7123e-02, PNorm = 94.4076, GNorm = 0.5331, lr_0 = 7.0642e-04
Loss = 2.2927e-02, PNorm = 94.4407, GNorm = 0.1584, lr_0 = 7.0569e-04
Loss = 2.8477e-02, PNorm = 94.4651, GNorm = 0.8378, lr_0 = 7.0497e-04
Loss = 5.5207e-02, PNorm = 94.4586, GNorm = 0.1594, lr_0 = 7.0424e-04
Loss = 6.6172e-02, PNorm = 94.4547, GNorm = 0.5006, lr_0 = 7.0352e-04
Loss = 7.6558e-02, PNorm = 94.4696, GNorm = 0.4291, lr_0 = 7.0280e-04
Loss = 2.6155e-02, PNorm = 94.4938, GNorm = 0.2229, lr_0 = 7.0208e-04
Loss = 8.8114e-02, PNorm = 94.5038, GNorm = 1.1426, lr_0 = 7.0135e-04
Loss = 4.8872e-02, PNorm = 94.5144, GNorm = 0.5246, lr_0 = 7.0063e-04
Loss = 4.1974e-02, PNorm = 94.5522, GNorm = 0.5756, lr_0 = 6.9991e-04
Loss = 9.3782e-02, PNorm = 94.5581, GNorm = 0.4251, lr_0 = 6.9919e-04
Loss = 4.3615e-02, PNorm = 94.5830, GNorm = 0.2928, lr_0 = 6.9848e-04
Loss = 5.9203e-02, PNorm = 94.5983, GNorm = 0.3062, lr_0 = 6.9776e-04
Loss = 8.2724e-02, PNorm = 94.6057, GNorm = 0.5033, lr_0 = 6.9704e-04
Loss = 4.2855e-02, PNorm = 94.6163, GNorm = 0.3976, lr_0 = 6.9633e-04
Loss = 8.3084e-02, PNorm = 94.6234, GNorm = 0.5233, lr_0 = 6.9561e-04
Loss = 6.9899e-02, PNorm = 94.6271, GNorm = 0.6223, lr_0 = 6.9490e-04
Loss = 6.4351e-02, PNorm = 94.6413, GNorm = 0.6528, lr_0 = 6.9418e-04
Loss = 6.2347e-02, PNorm = 94.6534, GNorm = 0.4268, lr_0 = 6.9347e-04
Loss = 4.1147e-02, PNorm = 94.6832, GNorm = 5.2047, lr_0 = 6.9276e-04
Loss = 3.6488e-02, PNorm = 94.7388, GNorm = 0.2839, lr_0 = 6.9204e-04
Loss = 4.8525e-02, PNorm = 94.7898, GNorm = 0.7203, lr_0 = 6.9133e-04
Loss = 3.7713e-02, PNorm = 94.8184, GNorm = 0.1907, lr_0 = 6.9062e-04
Loss = 8.8478e-02, PNorm = 94.8286, GNorm = 0.4309, lr_0 = 6.8991e-04
Loss = 4.3465e-02, PNorm = 94.8435, GNorm = 0.4471, lr_0 = 6.8920e-04
Loss = 4.4466e-02, PNorm = 94.8653, GNorm = 0.1870, lr_0 = 6.8850e-04
Loss = 9.6921e-02, PNorm = 94.8690, GNorm = 0.4696, lr_0 = 6.8779e-04
Loss = 4.9886e-02, PNorm = 94.8910, GNorm = 0.8156, lr_0 = 6.8708e-04
Loss = 1.0107e-01, PNorm = 94.8984, GNorm = 0.4674, lr_0 = 6.8638e-04
Loss = 6.2607e-02, PNorm = 94.9195, GNorm = 0.4307, lr_0 = 6.8567e-04
Loss = 3.9666e-02, PNorm = 94.9470, GNorm = 0.1266, lr_0 = 6.8497e-04
Loss = 4.3500e-02, PNorm = 94.9636, GNorm = 0.2109, lr_0 = 6.8426e-04
Loss = 3.9446e-02, PNorm = 94.9773, GNorm = 0.6300, lr_0 = 6.8356e-04
Loss = 9.0915e-02, PNorm = 94.9896, GNorm = 0.3829, lr_0 = 6.8286e-04
Loss = 4.6596e-02, PNorm = 95.0051, GNorm = 0.4976, lr_0 = 6.8216e-04
Loss = 5.7765e-02, PNorm = 95.0297, GNorm = 0.1781, lr_0 = 6.8146e-04
Loss = 7.0439e-02, PNorm = 95.0392, GNorm = 0.1920, lr_0 = 6.8076e-04
Loss = 2.2638e-02, PNorm = 95.0525, GNorm = 0.1964, lr_0 = 6.8006e-04
Loss = 3.7846e-02, PNorm = 95.0642, GNorm = 0.1880, lr_0 = 6.7936e-04
Loss = 6.8661e-02, PNorm = 95.1055, GNorm = 0.2079, lr_0 = 6.7866e-04
Loss = 5.5607e-02, PNorm = 95.2333, GNorm = 0.3772, lr_0 = 6.7796e-04
Loss = 2.4739e-02, PNorm = 95.3179, GNorm = 0.2028, lr_0 = 6.7727e-04
Loss = 6.6148e-02, PNorm = 95.3624, GNorm = 0.3665, lr_0 = 6.7657e-04
Loss = 6.5739e-02, PNorm = 95.4029, GNorm = 0.5734, lr_0 = 6.7587e-04
Loss = 5.1721e-02, PNorm = 95.4316, GNorm = 0.3382, lr_0 = 6.7518e-04
Loss = 6.1117e-02, PNorm = 95.4528, GNorm = 0.2430, lr_0 = 6.7449e-04
Loss = 5.6847e-02, PNorm = 95.4634, GNorm = 0.2648, lr_0 = 6.7379e-04
Loss = 4.2202e-02, PNorm = 95.4753, GNorm = 0.3122, lr_0 = 6.7310e-04
Loss = 6.5563e-02, PNorm = 95.4858, GNorm = 0.5104, lr_0 = 6.7241e-04
Loss = 4.2021e-02, PNorm = 95.4971, GNorm = 0.3481, lr_0 = 6.7172e-04
Loss = 6.3501e-02, PNorm = 95.5103, GNorm = 0.7912, lr_0 = 6.7103e-04
Loss = 6.6468e-02, PNorm = 95.5212, GNorm = 1.4722, lr_0 = 6.7034e-04
Loss = 7.5668e-02, PNorm = 95.5322, GNorm = 0.6441, lr_0 = 6.6965e-04
Loss = 3.6741e-02, PNorm = 95.5578, GNorm = 0.3845, lr_0 = 6.6896e-04
Loss = 9.7192e-02, PNorm = 95.5625, GNorm = 0.7505, lr_0 = 6.6828e-04
Loss = 7.4679e-02, PNorm = 95.5757, GNorm = 1.3562, lr_0 = 6.6759e-04
Loss = 5.1538e-02, PNorm = 95.5903, GNorm = 0.4112, lr_0 = 6.6690e-04
Loss = 9.4735e-02, PNorm = 95.6013, GNorm = 0.4130, lr_0 = 6.6622e-04
Loss = 6.3963e-02, PNorm = 95.6175, GNorm = 0.4540, lr_0 = 6.6553e-04
Loss = 7.4397e-02, PNorm = 95.6313, GNorm = 0.3931, lr_0 = 6.6485e-04
Loss = 4.9789e-02, PNorm = 95.6486, GNorm = 0.2004, lr_0 = 6.6417e-04
Loss = 1.7489e-02, PNorm = 95.6608, GNorm = 0.8500, lr_0 = 6.6348e-04
Loss = 6.1154e-02, PNorm = 95.6660, GNorm = 0.7147, lr_0 = 6.6280e-04
Validation auc = 0.562128
Epoch 7
Loss = 3.7582e-02, PNorm = 95.6696, GNorm = 0.5448, lr_0 = 6.6212e-04
Loss = 4.5677e-02, PNorm = 95.6854, GNorm = 0.2039, lr_0 = 6.6144e-04
Loss = 5.2002e-02, PNorm = 95.6933, GNorm = 0.3231, lr_0 = 6.6076e-04
Loss = 7.1443e-02, PNorm = 95.7023, GNorm = 0.3819, lr_0 = 6.6008e-04
Loss = 6.5268e-02, PNorm = 95.7238, GNorm = 0.7428, lr_0 = 6.5940e-04
Loss = 4.6790e-02, PNorm = 95.7401, GNorm = 0.2927, lr_0 = 6.5873e-04
Loss = 6.2554e-02, PNorm = 95.7517, GNorm = 0.3808, lr_0 = 6.5805e-04
Loss = 2.6699e-02, PNorm = 95.7718, GNorm = 0.1772, lr_0 = 6.5737e-04
Loss = 4.8954e-02, PNorm = 95.7865, GNorm = 0.8264, lr_0 = 6.5670e-04
Loss = 6.2302e-02, PNorm = 95.7932, GNorm = 0.5503, lr_0 = 6.5602e-04
Loss = 5.2071e-02, PNorm = 95.8036, GNorm = 1.0301, lr_0 = 6.5535e-04
Loss = 5.2604e-02, PNorm = 95.8168, GNorm = 0.2836, lr_0 = 6.5468e-04
Loss = 5.2341e-02, PNorm = 95.8369, GNorm = 1.0712, lr_0 = 6.5400e-04
Loss = 5.8125e-02, PNorm = 95.8433, GNorm = 0.3299, lr_0 = 6.5333e-04
Loss = 3.6533e-02, PNorm = 95.8656, GNorm = 0.2395, lr_0 = 6.5266e-04
Loss = 6.5780e-02, PNorm = 95.8790, GNorm = 0.4838, lr_0 = 6.5199e-04
Loss = 5.1819e-02, PNorm = 95.8832, GNorm = 0.3654, lr_0 = 6.5132e-04
Loss = 8.2443e-02, PNorm = 95.8911, GNorm = 1.5728, lr_0 = 6.5065e-04
Loss = 8.7256e-02, PNorm = 95.9004, GNorm = 0.6304, lr_0 = 6.4998e-04
Loss = 4.1499e-02, PNorm = 95.9294, GNorm = 0.2503, lr_0 = 6.4931e-04
Loss = 5.5313e-02, PNorm = 95.9390, GNorm = 0.1701, lr_0 = 6.4865e-04
Loss = 6.2746e-02, PNorm = 95.9447, GNorm = 0.2874, lr_0 = 6.4798e-04
Loss = 4.4213e-02, PNorm = 95.9577, GNorm = 0.4659, lr_0 = 6.4732e-04
Loss = 7.9758e-02, PNorm = 95.9666, GNorm = 0.4098, lr_0 = 6.4665e-04
Loss = 4.2463e-02, PNorm = 95.9892, GNorm = 0.5551, lr_0 = 6.4599e-04
Loss = 5.6649e-02, PNorm = 96.0037, GNorm = 0.2815, lr_0 = 6.4532e-04
Loss = 3.6905e-02, PNorm = 96.0208, GNorm = 0.5167, lr_0 = 6.4466e-04
Loss = 5.7950e-02, PNorm = 96.0264, GNorm = 0.2493, lr_0 = 6.4400e-04
Loss = 7.3918e-02, PNorm = 96.0263, GNorm = 0.5517, lr_0 = 6.4334e-04
Loss = 5.9601e-02, PNorm = 96.0417, GNorm = 0.5116, lr_0 = 6.4267e-04
Loss = 6.0974e-02, PNorm = 96.0693, GNorm = 0.3290, lr_0 = 6.4201e-04
Loss = 8.4573e-02, PNorm = 96.0748, GNorm = 0.2848, lr_0 = 6.4135e-04
Loss = 3.9771e-02, PNorm = 96.0831, GNorm = 0.2516, lr_0 = 6.4070e-04
Loss = 7.2531e-02, PNorm = 96.0865, GNorm = 0.9633, lr_0 = 6.4004e-04
Loss = 7.8140e-02, PNorm = 96.0928, GNorm = 0.5059, lr_0 = 6.3938e-04
Loss = 5.0093e-02, PNorm = 96.1085, GNorm = 0.4001, lr_0 = 6.3872e-04
Loss = 5.6698e-02, PNorm = 96.1257, GNorm = 0.7451, lr_0 = 6.3807e-04
Loss = 7.3553e-02, PNorm = 96.1314, GNorm = 0.6644, lr_0 = 6.3741e-04
Loss = 5.5363e-02, PNorm = 96.1394, GNorm = 1.5975, lr_0 = 6.3676e-04
Loss = 5.4672e-02, PNorm = 96.1446, GNorm = 0.3791, lr_0 = 6.3610e-04
Loss = 5.8950e-02, PNorm = 96.1540, GNorm = 0.6490, lr_0 = 6.3545e-04
Loss = 2.5448e-02, PNorm = 96.1662, GNorm = 0.1857, lr_0 = 6.3480e-04
Loss = 5.9357e-02, PNorm = 96.1707, GNorm = 0.2843, lr_0 = 6.3414e-04
Loss = 6.8078e-02, PNorm = 96.1761, GNorm = 0.3718, lr_0 = 6.3349e-04
Loss = 7.9083e-02, PNorm = 96.1796, GNorm = 0.3051, lr_0 = 6.3284e-04
Loss = 4.4339e-02, PNorm = 96.2000, GNorm = 0.2517, lr_0 = 6.3219e-04
Loss = 8.0768e-02, PNorm = 96.2070, GNorm = 0.2864, lr_0 = 6.3154e-04
Loss = 8.5312e-02, PNorm = 96.2096, GNorm = 1.1840, lr_0 = 6.3089e-04
Loss = 6.2251e-02, PNorm = 96.2172, GNorm = 0.4997, lr_0 = 6.3024e-04
Loss = 7.1739e-02, PNorm = 96.2291, GNorm = 0.4578, lr_0 = 6.2960e-04
Loss = 6.9072e-02, PNorm = 96.2402, GNorm = 0.4202, lr_0 = 6.2895e-04
Loss = 7.1240e-02, PNorm = 96.2462, GNorm = 0.6855, lr_0 = 6.2830e-04
Loss = 4.8675e-02, PNorm = 96.2574, GNorm = 0.3458, lr_0 = 6.2766e-04
Loss = 3.9310e-02, PNorm = 96.2661, GNorm = 0.2195, lr_0 = 6.2701e-04
Loss = 6.1760e-02, PNorm = 96.2720, GNorm = 0.1859, lr_0 = 6.2637e-04
Loss = 1.5473e-02, PNorm = 96.2762, GNorm = 0.2215, lr_0 = 6.2573e-04
Loss = 8.2665e-02, PNorm = 96.2768, GNorm = 0.2991, lr_0 = 6.2508e-04
Loss = 3.0012e-02, PNorm = 96.2832, GNorm = 0.3765, lr_0 = 6.2444e-04
Loss = 3.7854e-02, PNorm = 96.2953, GNorm = 0.2363, lr_0 = 6.2380e-04
Loss = 4.3473e-02, PNorm = 96.3021, GNorm = 0.1530, lr_0 = 6.2316e-04
Loss = 4.1303e-02, PNorm = 96.3080, GNorm = 0.1489, lr_0 = 6.2252e-04
Loss = 5.9357e-02, PNorm = 96.3065, GNorm = 1.3475, lr_0 = 6.2188e-04
Loss = 5.9706e-02, PNorm = 96.3119, GNorm = 1.2552, lr_0 = 6.2124e-04
Loss = 4.1091e-02, PNorm = 96.3215, GNorm = 0.3077, lr_0 = 6.2060e-04
Loss = 3.9879e-02, PNorm = 96.3331, GNorm = 0.2115, lr_0 = 6.1996e-04
Loss = 5.9638e-02, PNorm = 96.3335, GNorm = 0.3238, lr_0 = 6.1933e-04
Loss = 8.6252e-03, PNorm = 96.3495, GNorm = 0.1637, lr_0 = 6.1869e-04
Loss = 8.1114e-02, PNorm = 96.3542, GNorm = 1.9419, lr_0 = 6.1805e-04
Loss = 6.8975e-02, PNorm = 96.3455, GNorm = 0.5005, lr_0 = 6.1742e-04
Loss = 3.4537e-02, PNorm = 96.3583, GNorm = 0.3470, lr_0 = 6.1679e-04
Loss = 5.3125e-02, PNorm = 96.3684, GNorm = 0.6472, lr_0 = 6.1615e-04
Loss = 5.6192e-02, PNorm = 96.3734, GNorm = 0.8211, lr_0 = 6.1552e-04
Loss = 5.8421e-02, PNorm = 96.3767, GNorm = 0.4369, lr_0 = 6.1489e-04
Loss = 8.5544e-02, PNorm = 96.3837, GNorm = 0.6027, lr_0 = 6.1425e-04
Loss = 2.2666e-02, PNorm = 96.3998, GNorm = 0.2949, lr_0 = 6.1362e-04
Loss = 6.1290e-02, PNorm = 96.4128, GNorm = 0.2006, lr_0 = 6.1299e-04
Loss = 3.0381e-02, PNorm = 96.4230, GNorm = 0.7199, lr_0 = 6.1236e-04
Loss = 8.7290e-02, PNorm = 96.4172, GNorm = 0.3964, lr_0 = 6.1173e-04
Loss = 5.2335e-02, PNorm = 96.4237, GNorm = 0.5394, lr_0 = 6.1111e-04
Loss = 4.6021e-02, PNorm = 96.4437, GNorm = 0.3038, lr_0 = 6.1048e-04
Validation auc = 0.554974
Epoch 8
Loss = 3.6253e-02, PNorm = 96.4577, GNorm = 0.1313, lr_0 = 6.0985e-04
Loss = 3.3513e-02, PNorm = 96.4622, GNorm = 0.1660, lr_0 = 6.0922e-04
Loss = 5.9215e-02, PNorm = 96.4622, GNorm = 0.2771, lr_0 = 6.0860e-04
Loss = 6.7049e-02, PNorm = 96.4689, GNorm = 0.7698, lr_0 = 6.0797e-04
Loss = 5.9851e-02, PNorm = 96.4786, GNorm = 0.4376, lr_0 = 6.0735e-04
Loss = 2.1671e-02, PNorm = 96.4971, GNorm = 0.2821, lr_0 = 6.0672e-04
Loss = 3.6964e-02, PNorm = 96.5116, GNorm = 0.1078, lr_0 = 6.0610e-04
Loss = 6.2773e-02, PNorm = 96.5082, GNorm = 0.2587, lr_0 = 6.0548e-04
Loss = 6.2200e-02, PNorm = 96.5119, GNorm = 0.6373, lr_0 = 6.0486e-04
Loss = 3.9190e-02, PNorm = 96.5238, GNorm = 0.3159, lr_0 = 6.0423e-04
Loss = 6.5754e-02, PNorm = 96.5362, GNorm = 0.5522, lr_0 = 6.0361e-04
Loss = 5.5397e-02, PNorm = 96.5452, GNorm = 0.3999, lr_0 = 6.0299e-04
Loss = 6.5594e-02, PNorm = 96.5648, GNorm = 1.5992, lr_0 = 6.0237e-04
Loss = 4.3503e-02, PNorm = 96.5796, GNorm = 0.2792, lr_0 = 6.0175e-04
Loss = 9.3213e-02, PNorm = 96.5901, GNorm = 1.4806, lr_0 = 6.0114e-04
Loss = 5.5935e-02, PNorm = 96.6020, GNorm = 1.0833, lr_0 = 6.0052e-04
Loss = 7.1988e-02, PNorm = 96.6232, GNorm = 0.5399, lr_0 = 5.9990e-04
Loss = 4.3022e-02, PNorm = 96.6519, GNorm = 0.8041, lr_0 = 5.9929e-04
Loss = 3.5808e-02, PNorm = 96.6715, GNorm = 0.2013, lr_0 = 5.9867e-04
Loss = 9.2050e-02, PNorm = 96.6783, GNorm = 0.4642, lr_0 = 5.9805e-04
Loss = 3.5708e-02, PNorm = 96.7063, GNorm = 0.6064, lr_0 = 5.9744e-04
Loss = 7.4657e-02, PNorm = 96.7277, GNorm = 1.6423, lr_0 = 5.9683e-04
Loss = 7.0478e-02, PNorm = 96.7264, GNorm = 0.5862, lr_0 = 5.9621e-04
Loss = 4.4457e-02, PNorm = 96.7457, GNorm = 0.7502, lr_0 = 5.9560e-04
Loss = 9.1329e-02, PNorm = 96.7490, GNorm = 1.1479, lr_0 = 5.9499e-04
Loss = 5.3361e-02, PNorm = 96.7537, GNorm = 0.4594, lr_0 = 5.9438e-04
Loss = 9.8438e-02, PNorm = 96.7645, GNorm = 0.6691, lr_0 = 5.9377e-04
Loss = 6.9422e-02, PNorm = 96.7692, GNorm = 0.5463, lr_0 = 5.9316e-04
Loss = 3.3874e-02, PNorm = 96.7874, GNorm = 0.2220, lr_0 = 5.9255e-04
Loss = 6.2497e-02, PNorm = 96.7955, GNorm = 0.2366, lr_0 = 5.9194e-04
Loss = 3.4426e-02, PNorm = 96.8012, GNorm = 0.2175, lr_0 = 5.9133e-04
Loss = 1.9650e-02, PNorm = 96.8127, GNorm = 0.1604, lr_0 = 5.9072e-04
Loss = 3.9799e-02, PNorm = 96.8224, GNorm = 0.1199, lr_0 = 5.9012e-04
Loss = 3.5688e-02, PNorm = 96.8253, GNorm = 0.7028, lr_0 = 5.8951e-04
Loss = 3.5361e-02, PNorm = 96.8302, GNorm = 0.2079, lr_0 = 5.8890e-04
Loss = 7.3015e-02, PNorm = 96.8303, GNorm = 0.3193, lr_0 = 5.8830e-04
Loss = 6.2190e-02, PNorm = 96.8351, GNorm = 0.4151, lr_0 = 5.8769e-04
Loss = 6.9890e-02, PNorm = 96.8493, GNorm = 0.4446, lr_0 = 5.8709e-04
Loss = 2.9468e-02, PNorm = 96.8716, GNorm = 0.1408, lr_0 = 5.8649e-04
Loss = 8.0083e-02, PNorm = 96.8756, GNorm = 0.2176, lr_0 = 5.8589e-04
Loss = 5.1752e-02, PNorm = 96.8831, GNorm = 0.7139, lr_0 = 5.8528e-04
Loss = 3.5808e-02, PNorm = 96.8952, GNorm = 0.2578, lr_0 = 5.8468e-04
Loss = 5.3404e-02, PNorm = 96.9030, GNorm = 0.2087, lr_0 = 5.8408e-04
Loss = 6.7096e-02, PNorm = 96.9093, GNorm = 0.5913, lr_0 = 5.8348e-04
Loss = 6.1455e-02, PNorm = 96.9219, GNorm = 0.9622, lr_0 = 5.8288e-04
Loss = 5.8138e-02, PNorm = 96.9384, GNorm = 0.8680, lr_0 = 5.8228e-04
Loss = 7.2182e-02, PNorm = 96.9481, GNorm = 0.4388, lr_0 = 5.8168e-04
Loss = 4.2978e-02, PNorm = 96.9580, GNorm = 0.3794, lr_0 = 5.8109e-04
Loss = 3.6845e-02, PNorm = 96.9797, GNorm = 0.2264, lr_0 = 5.8049e-04
Loss = 7.6447e-02, PNorm = 96.9921, GNorm = 0.4854, lr_0 = 5.7989e-04
Loss = 5.7611e-02, PNorm = 97.0075, GNorm = 0.4304, lr_0 = 5.7930e-04
Loss = 7.8356e-02, PNorm = 97.0350, GNorm = 0.5245, lr_0 = 5.7870e-04
Loss = 4.9616e-02, PNorm = 97.0728, GNorm = 0.6534, lr_0 = 5.7811e-04
Loss = 1.1925e-01, PNorm = 97.1784, GNorm = 0.7545, lr_0 = 5.7751e-04
Loss = 5.5027e-02, PNorm = 97.3040, GNorm = 0.3069, lr_0 = 5.7692e-04
Loss = 6.1313e-02, PNorm = 97.4502, GNorm = 0.1007, lr_0 = 5.7633e-04
Loss = 6.5921e-02, PNorm = 97.5835, GNorm = 1.7129, lr_0 = 5.7574e-04
Loss = 1.0053e-01, PNorm = 97.6524, GNorm = 1.6726, lr_0 = 5.7514e-04
Loss = 6.0622e-02, PNorm = 97.7208, GNorm = 0.4396, lr_0 = 5.7455e-04
Loss = 2.8233e-02, PNorm = 97.7718, GNorm = 0.2213, lr_0 = 5.7396e-04
Loss = 3.5100e-02, PNorm = 97.7964, GNorm = 0.1153, lr_0 = 5.7337e-04
Loss = 1.3394e-01, PNorm = 97.7941, GNorm = 0.4228, lr_0 = 5.7278e-04
Loss = 3.6844e-02, PNorm = 97.8056, GNorm = 0.4125, lr_0 = 5.7220e-04
Loss = 4.8178e-02, PNorm = 97.8214, GNorm = 0.2655, lr_0 = 5.7161e-04
Loss = 5.7370e-02, PNorm = 97.8302, GNorm = 0.7333, lr_0 = 5.7102e-04
Loss = 7.1174e-02, PNorm = 97.8313, GNorm = 1.3227, lr_0 = 5.7043e-04
Loss = 5.0941e-02, PNorm = 97.8342, GNorm = 0.4127, lr_0 = 5.6985e-04
Loss = 3.7105e-02, PNorm = 97.8461, GNorm = 0.2540, lr_0 = 5.6926e-04
Loss = 4.5074e-02, PNorm = 97.8594, GNorm = 1.9933, lr_0 = 5.6868e-04
Loss = 4.0020e-02, PNorm = 97.8618, GNorm = 0.1889, lr_0 = 5.6809e-04
Loss = 8.3428e-02, PNorm = 97.8640, GNorm = 0.2687, lr_0 = 5.6751e-04
Loss = 7.8955e-02, PNorm = 97.8659, GNorm = 0.5274, lr_0 = 5.6693e-04
Loss = 6.2650e-02, PNorm = 97.8792, GNorm = 0.4653, lr_0 = 5.6634e-04
Loss = 2.8981e-02, PNorm = 97.8993, GNorm = 0.2226, lr_0 = 5.6576e-04
Loss = 6.4666e-02, PNorm = 97.9119, GNorm = 0.5357, lr_0 = 5.6518e-04
Loss = 2.4795e-02, PNorm = 97.9140, GNorm = 0.1737, lr_0 = 5.6460e-04
Loss = 7.2367e-02, PNorm = 97.9113, GNorm = 0.3459, lr_0 = 5.6402e-04
Loss = 5.7628e-02, PNorm = 97.9176, GNorm = 0.2856, lr_0 = 5.6344e-04
Loss = 4.3720e-02, PNorm = 97.9236, GNorm = 0.2860, lr_0 = 5.6286e-04
Loss = 5.4199e-02, PNorm = 97.9310, GNorm = 0.2841, lr_0 = 5.6228e-04
Validation auc = 0.555850
Epoch 9
Loss = 6.1057e-03, PNorm = 97.9479, GNorm = 0.1371, lr_0 = 5.6171e-04
Loss = 9.4689e-02, PNorm = 97.9496, GNorm = 0.1186, lr_0 = 5.6113e-04
Loss = 7.2243e-02, PNorm = 97.9409, GNorm = 0.3827, lr_0 = 5.6055e-04
Loss = 9.9613e-02, PNorm = 97.9411, GNorm = 0.7643, lr_0 = 5.5998e-04
Loss = 4.2598e-02, PNorm = 97.9623, GNorm = 0.3490, lr_0 = 5.5940e-04
Loss = 5.8092e-02, PNorm = 97.9766, GNorm = 0.1506, lr_0 = 5.5883e-04
Loss = 7.4871e-02, PNorm = 97.9789, GNorm = 0.6276, lr_0 = 5.5825e-04
Loss = 4.5379e-02, PNorm = 97.9835, GNorm = 0.2761, lr_0 = 5.5768e-04
Loss = 4.6715e-02, PNorm = 97.9886, GNorm = 0.2821, lr_0 = 5.5711e-04
Loss = 1.6436e-02, PNorm = 98.0011, GNorm = 0.1347, lr_0 = 5.5653e-04
Loss = 3.2568e-02, PNorm = 98.0128, GNorm = 1.2777, lr_0 = 5.5596e-04
Loss = 7.9745e-02, PNorm = 98.0072, GNorm = 0.2241, lr_0 = 5.5539e-04
Loss = 5.7389e-02, PNorm = 98.0098, GNorm = 0.3847, lr_0 = 5.5482e-04
Loss = 3.4325e-02, PNorm = 98.0249, GNorm = 0.3141, lr_0 = 5.5425e-04
Loss = 8.4645e-02, PNorm = 98.0349, GNorm = 1.2433, lr_0 = 5.5368e-04
Loss = 9.9999e-02, PNorm = 98.0348, GNorm = 0.3694, lr_0 = 5.5311e-04
Loss = 7.1418e-02, PNorm = 98.0447, GNorm = 0.7521, lr_0 = 5.5254e-04
Loss = 5.7934e-02, PNorm = 98.0654, GNorm = 0.4503, lr_0 = 5.5198e-04
Loss = 4.3367e-02, PNorm = 98.0781, GNorm = 0.5724, lr_0 = 5.5141e-04
Loss = 6.6654e-02, PNorm = 98.0800, GNorm = 0.6916, lr_0 = 5.5084e-04
Loss = 7.3780e-02, PNorm = 98.0837, GNorm = 0.4320, lr_0 = 5.5028e-04
Loss = 6.6972e-02, PNorm = 98.0931, GNorm = 0.3459, lr_0 = 5.4971e-04
Loss = 4.7472e-02, PNorm = 98.1061, GNorm = 0.3328, lr_0 = 5.4915e-04
Loss = 3.8967e-02, PNorm = 98.1211, GNorm = 0.2130, lr_0 = 5.4858e-04
Loss = 5.8640e-02, PNorm = 98.1282, GNorm = 0.2078, lr_0 = 5.4802e-04
Loss = 6.3207e-02, PNorm = 98.1205, GNorm = 0.2894, lr_0 = 5.4745e-04
Loss = 2.8953e-02, PNorm = 98.1316, GNorm = 0.2058, lr_0 = 5.4689e-04
Loss = 6.2947e-02, PNorm = 98.1359, GNorm = 0.1925, lr_0 = 5.4633e-04
Loss = 4.4499e-02, PNorm = 98.1420, GNorm = 0.5047, lr_0 = 5.4577e-04
Loss = 4.5996e-02, PNorm = 98.1500, GNorm = 0.3018, lr_0 = 5.4521e-04
Loss = 1.5906e-02, PNorm = 98.1660, GNorm = 0.1654, lr_0 = 5.4465e-04
Loss = 6.1459e-02, PNorm = 98.1746, GNorm = 1.0702, lr_0 = 5.4409e-04
Loss = 1.1357e-01, PNorm = 98.1621, GNorm = 1.1058, lr_0 = 5.4353e-04
Loss = 4.8870e-02, PNorm = 98.1697, GNorm = 0.5937, lr_0 = 5.4297e-04
Loss = 4.6532e-02, PNorm = 98.1927, GNorm = 0.2422, lr_0 = 5.4241e-04
Loss = 6.0918e-02, PNorm = 98.2110, GNorm = 0.8690, lr_0 = 5.4186e-04
Loss = 8.4664e-02, PNorm = 98.2048, GNorm = 0.4973, lr_0 = 5.4130e-04
Loss = 4.8625e-02, PNorm = 98.2142, GNorm = 0.4261, lr_0 = 5.4074e-04
Loss = 3.5872e-02, PNorm = 98.2364, GNorm = 0.2566, lr_0 = 5.4019e-04
Loss = 5.7550e-02, PNorm = 98.2594, GNorm = 0.1590, lr_0 = 5.3963e-04
Loss = 3.7391e-02, PNorm = 98.2801, GNorm = 0.2204, lr_0 = 5.3908e-04
Loss = 7.5502e-02, PNorm = 98.2904, GNorm = 0.3679, lr_0 = 5.3852e-04
Loss = 6.4468e-02, PNorm = 98.2973, GNorm = 0.4977, lr_0 = 5.3797e-04
Loss = 6.4837e-02, PNorm = 98.3067, GNorm = 0.3138, lr_0 = 5.3742e-04
Loss = 1.7820e-02, PNorm = 98.3212, GNorm = 0.6812, lr_0 = 5.3687e-04
Loss = 3.5799e-02, PNorm = 98.3319, GNorm = 1.0772, lr_0 = 5.3631e-04
Loss = 6.2269e-02, PNorm = 98.3287, GNorm = 0.2272, lr_0 = 5.3576e-04
Loss = 6.2182e-02, PNorm = 98.3303, GNorm = 1.4380, lr_0 = 5.3521e-04
Loss = 5.3468e-02, PNorm = 98.3354, GNorm = 0.6703, lr_0 = 5.3466e-04
Loss = 5.7451e-02, PNorm = 98.3442, GNorm = 0.3358, lr_0 = 5.3411e-04
Loss = 2.4389e-02, PNorm = 98.3586, GNorm = 0.1852, lr_0 = 5.3357e-04
Loss = 2.6027e-02, PNorm = 98.3717, GNorm = 0.1769, lr_0 = 5.3302e-04
Loss = 5.7522e-02, PNorm = 98.3736, GNorm = 0.1721, lr_0 = 5.3247e-04
Loss = 4.5108e-02, PNorm = 98.3753, GNorm = 0.5957, lr_0 = 5.3192e-04
Loss = 6.8407e-02, PNorm = 98.3792, GNorm = 1.7114, lr_0 = 5.3138e-04
Loss = 4.2381e-02, PNorm = 98.3794, GNorm = 0.4200, lr_0 = 5.3083e-04
Loss = 5.2640e-02, PNorm = 98.3923, GNorm = 0.3217, lr_0 = 5.3028e-04
Loss = 2.5834e-02, PNorm = 98.4071, GNorm = 0.2056, lr_0 = 5.2974e-04
Loss = 7.3802e-02, PNorm = 98.4101, GNorm = 0.1995, lr_0 = 5.2920e-04
Loss = 8.6539e-02, PNorm = 98.4061, GNorm = 0.5068, lr_0 = 5.2865e-04
Loss = 6.5431e-02, PNorm = 98.4168, GNorm = 0.5911, lr_0 = 5.2811e-04
Loss = 3.9309e-02, PNorm = 98.4303, GNorm = 0.9255, lr_0 = 5.2757e-04
Loss = 4.8999e-02, PNorm = 98.4378, GNorm = 0.2412, lr_0 = 5.2702e-04
Loss = 3.2591e-02, PNorm = 98.4489, GNorm = 1.0524, lr_0 = 5.2648e-04
Loss = 8.0604e-02, PNorm = 98.4470, GNorm = 1.5517, lr_0 = 5.2594e-04
Loss = 7.9541e-02, PNorm = 98.4453, GNorm = 0.4024, lr_0 = 5.2540e-04
Loss = 5.9040e-02, PNorm = 98.4526, GNorm = 0.3888, lr_0 = 5.2486e-04
Loss = 1.0425e-01, PNorm = 98.4582, GNorm = 0.5847, lr_0 = 5.2432e-04
Loss = 3.9025e-02, PNorm = 98.4723, GNorm = 0.5503, lr_0 = 5.2378e-04
Loss = 1.8414e-02, PNorm = 98.4865, GNorm = 0.1361, lr_0 = 5.2325e-04
Loss = 8.6278e-02, PNorm = 98.4839, GNorm = 0.2323, lr_0 = 5.2271e-04
Loss = 7.6825e-02, PNorm = 98.4792, GNorm = 0.5148, lr_0 = 5.2217e-04
Loss = 3.3591e-02, PNorm = 98.4919, GNorm = 0.3836, lr_0 = 5.2163e-04
Loss = 3.9884e-02, PNorm = 98.5040, GNorm = 0.5617, lr_0 = 5.2110e-04
Loss = 6.1142e-02, PNorm = 98.5085, GNorm = 0.1895, lr_0 = 5.2056e-04
Loss = 7.0233e-02, PNorm = 98.5065, GNorm = 0.3837, lr_0 = 5.2003e-04
Loss = 8.7609e-02, PNorm = 98.5060, GNorm = 0.7058, lr_0 = 5.1949e-04
Loss = 7.2043e-02, PNorm = 98.5167, GNorm = 0.4800, lr_0 = 5.1896e-04
Loss = 9.0661e-02, PNorm = 98.5215, GNorm = 0.3917, lr_0 = 5.1843e-04
Loss = 2.8522e-02, PNorm = 98.5348, GNorm = 0.3381, lr_0 = 5.1789e-04
Validation auc = 0.576639
Epoch 10
Loss = 4.8873e-02, PNorm = 98.5490, GNorm = 1.4489, lr_0 = 5.1736e-04
Loss = 7.1548e-02, PNorm = 98.5446, GNorm = 0.2501, lr_0 = 5.1683e-04
Loss = 3.5453e-02, PNorm = 98.5464, GNorm = 0.3357, lr_0 = 5.1630e-04
Loss = 1.0796e-01, PNorm = 98.5464, GNorm = 0.5697, lr_0 = 5.1577e-04
Loss = 1.0987e-01, PNorm = 98.5562, GNorm = 0.7111, lr_0 = 5.1524e-04
Loss = 6.1830e-02, PNorm = 98.5709, GNorm = 0.6004, lr_0 = 5.1471e-04
Loss = 6.6321e-02, PNorm = 98.5864, GNorm = 0.3276, lr_0 = 5.1418e-04
Loss = 4.9824e-02, PNorm = 98.5955, GNorm = 0.2343, lr_0 = 5.1365e-04
Loss = 7.9681e-02, PNorm = 98.5986, GNorm = 0.3180, lr_0 = 5.1313e-04
Loss = 6.5255e-02, PNorm = 98.6048, GNorm = 0.5375, lr_0 = 5.1260e-04
Loss = 7.0297e-02, PNorm = 98.6157, GNorm = 0.5145, lr_0 = 5.1207e-04
Loss = 7.8433e-02, PNorm = 98.6289, GNorm = 0.4213, lr_0 = 5.1155e-04
Loss = 4.6139e-02, PNorm = 98.6416, GNorm = 0.2933, lr_0 = 5.1102e-04
Loss = 1.6558e-02, PNorm = 98.6554, GNorm = 0.1189, lr_0 = 5.1049e-04
Loss = 4.4241e-02, PNorm = 98.6632, GNorm = 0.1516, lr_0 = 5.0997e-04
Loss = 4.8699e-02, PNorm = 98.6683, GNorm = 0.6327, lr_0 = 5.0945e-04
Loss = 5.3750e-02, PNorm = 98.6697, GNorm = 0.2198, lr_0 = 5.0892e-04
Loss = 6.8638e-02, PNorm = 98.6750, GNorm = 2.6915, lr_0 = 5.0840e-04
Loss = 4.2045e-02, PNorm = 98.6805, GNorm = 0.4833, lr_0 = 5.0788e-04
Loss = 6.2997e-02, PNorm = 98.6943, GNorm = 0.4954, lr_0 = 5.0736e-04
Loss = 3.6499e-02, PNorm = 98.7071, GNorm = 0.2536, lr_0 = 5.0683e-04
Loss = 5.1090e-02, PNorm = 98.7147, GNorm = 0.8355, lr_0 = 5.0631e-04
Loss = 3.6290e-02, PNorm = 98.7255, GNorm = 0.4662, lr_0 = 5.0579e-04
Loss = 5.5608e-02, PNorm = 98.7312, GNorm = 0.2633, lr_0 = 5.0527e-04
Loss = 3.7497e-02, PNorm = 98.7425, GNorm = 0.2615, lr_0 = 5.0475e-04
Loss = 4.2318e-02, PNorm = 98.7559, GNorm = 0.2034, lr_0 = 5.0424e-04
Loss = 4.0951e-02, PNorm = 98.7692, GNorm = 0.1897, lr_0 = 5.0372e-04
Loss = 6.0133e-02, PNorm = 98.7783, GNorm = 0.3307, lr_0 = 5.0320e-04
Loss = 5.5442e-02, PNorm = 98.7889, GNorm = 0.3652, lr_0 = 5.0268e-04
Loss = 3.2289e-02, PNorm = 98.8010, GNorm = 0.2684, lr_0 = 5.0217e-04
Loss = 7.5613e-02, PNorm = 98.8100, GNorm = 0.6101, lr_0 = 5.0165e-04
Loss = 5.0670e-02, PNorm = 98.8161, GNorm = 1.4924, lr_0 = 5.0114e-04
Loss = 6.2374e-02, PNorm = 98.8199, GNorm = 1.1837, lr_0 = 5.0062e-04
Loss = 4.1828e-02, PNorm = 98.8306, GNorm = 0.2955, lr_0 = 5.0011e-04
Loss = 7.1761e-02, PNorm = 98.8369, GNorm = 0.3403, lr_0 = 4.9959e-04
Loss = 4.0271e-02, PNorm = 98.8455, GNorm = 0.6842, lr_0 = 4.9908e-04
Loss = 3.7801e-02, PNorm = 98.8544, GNorm = 1.4193, lr_0 = 4.9857e-04
Loss = 7.7226e-02, PNorm = 98.8521, GNorm = 0.4707, lr_0 = 4.9805e-04
Loss = 6.7877e-02, PNorm = 98.8546, GNorm = 0.8389, lr_0 = 4.9754e-04
Loss = 3.2105e-02, PNorm = 98.8688, GNorm = 0.6539, lr_0 = 4.9703e-04
Loss = 4.6387e-02, PNorm = 98.8801, GNorm = 0.2831, lr_0 = 4.9652e-04
Loss = 5.2783e-02, PNorm = 98.8885, GNorm = 0.2387, lr_0 = 4.9601e-04
Loss = 3.7340e-02, PNorm = 98.8950, GNorm = 0.2444, lr_0 = 4.9550e-04
Loss = 7.8084e-02, PNorm = 98.8982, GNorm = 1.3308, lr_0 = 4.9499e-04
Loss = 6.9709e-02, PNorm = 98.9008, GNorm = 0.9160, lr_0 = 4.9448e-04
Loss = 3.9911e-02, PNorm = 98.9144, GNorm = 0.4388, lr_0 = 4.9398e-04
Loss = 5.3070e-02, PNorm = 98.9305, GNorm = 1.0604, lr_0 = 4.9347e-04
Loss = 6.3812e-02, PNorm = 98.9334, GNorm = 0.9172, lr_0 = 4.9296e-04
Loss = 5.8336e-02, PNorm = 98.9313, GNorm = 0.7891, lr_0 = 4.9245e-04
Loss = 5.2747e-02, PNorm = 98.9367, GNorm = 0.3931, lr_0 = 4.9195e-04
Loss = 4.5220e-02, PNorm = 98.9452, GNorm = 0.3159, lr_0 = 4.9144e-04
Loss = 6.8626e-02, PNorm = 98.9504, GNorm = 0.3348, lr_0 = 4.9094e-04
Loss = 5.1498e-02, PNorm = 98.9561, GNorm = 0.4081, lr_0 = 4.9043e-04
Loss = 1.9079e-02, PNorm = 98.9688, GNorm = 0.1621, lr_0 = 4.8993e-04
Loss = 5.3417e-02, PNorm = 98.9778, GNorm = 0.6687, lr_0 = 4.8943e-04
Loss = 7.6338e-02, PNorm = 98.9736, GNorm = 0.3141, lr_0 = 4.8892e-04
Loss = 5.4772e-02, PNorm = 98.9798, GNorm = 0.4828, lr_0 = 4.8842e-04
Loss = 7.3784e-02, PNorm = 98.9881, GNorm = 0.4156, lr_0 = 4.8792e-04
Loss = 6.1264e-02, PNorm = 98.9961, GNorm = 0.7482, lr_0 = 4.8742e-04
Loss = 7.6857e-02, PNorm = 99.0046, GNorm = 0.8082, lr_0 = 4.8692e-04
Loss = 4.2577e-02, PNorm = 99.0085, GNorm = 0.4422, lr_0 = 4.8642e-04
Loss = 5.1476e-02, PNorm = 99.0228, GNorm = 0.3279, lr_0 = 4.8592e-04
Loss = 5.6827e-02, PNorm = 99.0288, GNorm = 0.2293, lr_0 = 4.8542e-04
Loss = 4.6570e-02, PNorm = 99.0358, GNorm = 0.7444, lr_0 = 4.8492e-04
Loss = 4.3498e-02, PNorm = 99.0427, GNorm = 0.7732, lr_0 = 4.8442e-04
Loss = 5.4100e-02, PNorm = 99.0441, GNorm = 0.3168, lr_0 = 4.8392e-04
Loss = 1.0187e-01, PNorm = 99.0456, GNorm = 0.4470, lr_0 = 4.8343e-04
Loss = 6.8552e-02, PNorm = 99.0560, GNorm = 0.8454, lr_0 = 4.8293e-04
Loss = 5.2659e-02, PNorm = 99.0707, GNorm = 0.3911, lr_0 = 4.8243e-04
Loss = 7.0531e-02, PNorm = 99.0846, GNorm = 0.3494, lr_0 = 4.8194e-04
Loss = 5.3738e-02, PNorm = 99.0996, GNorm = 1.0319, lr_0 = 4.8144e-04
Loss = 3.8234e-02, PNorm = 99.1078, GNorm = 0.2630, lr_0 = 4.8095e-04
Loss = 7.9491e-02, PNorm = 99.1138, GNorm = 0.3418, lr_0 = 4.8045e-04
Loss = 2.5291e-02, PNorm = 99.1289, GNorm = 0.2857, lr_0 = 4.7996e-04
Loss = 2.7294e-02, PNorm = 99.1542, GNorm = 0.7436, lr_0 = 4.7947e-04
Loss = 8.0279e-02, PNorm = 99.1502, GNorm = 0.7408, lr_0 = 4.7897e-04
Loss = 4.9440e-02, PNorm = 99.1570, GNorm = 0.5908, lr_0 = 4.7848e-04
Loss = 2.1608e-02, PNorm = 99.1742, GNorm = 0.3219, lr_0 = 4.7799e-04
Loss = 5.5399e-02, PNorm = 99.1878, GNorm = 0.7048, lr_0 = 4.7750e-04
Loss = 5.9208e-02, PNorm = 99.1953, GNorm = 0.3221, lr_0 = 4.7701e-04
Validation auc = 0.528725
Epoch 11
Loss = 2.7072e-02, PNorm = 99.2127, GNorm = 0.2798, lr_0 = 4.7652e-04
Loss = 3.9823e-02, PNorm = 99.2214, GNorm = 0.2229, lr_0 = 4.7603e-04
Loss = 5.4217e-02, PNorm = 99.2361, GNorm = 1.4715, lr_0 = 4.7554e-04
Loss = 4.8793e-02, PNorm = 99.2378, GNorm = 0.2830, lr_0 = 4.7505e-04
Loss = 4.2764e-02, PNorm = 99.2497, GNorm = 0.9960, lr_0 = 4.7456e-04
Loss = 3.5676e-02, PNorm = 99.2585, GNorm = 0.2939, lr_0 = 4.7408e-04
Loss = 4.6140e-02, PNorm = 99.2689, GNorm = 0.6280, lr_0 = 4.7359e-04
Loss = 4.2441e-02, PNorm = 99.2800, GNorm = 0.1988, lr_0 = 4.7310e-04
Loss = 6.7101e-02, PNorm = 99.2880, GNorm = 1.1864, lr_0 = 4.7262e-04
Loss = 3.4902e-02, PNorm = 99.3088, GNorm = 0.3638, lr_0 = 4.7213e-04
Loss = 4.8322e-02, PNorm = 99.3365, GNorm = 0.6254, lr_0 = 4.7165e-04
Loss = 5.5795e-02, PNorm = 99.3593, GNorm = 1.5135, lr_0 = 4.7116e-04
Loss = 5.3189e-02, PNorm = 99.3901, GNorm = 0.8434, lr_0 = 4.7068e-04
Loss = 6.9303e-02, PNorm = 99.3963, GNorm = 0.4695, lr_0 = 4.7019e-04
Loss = 4.8299e-02, PNorm = 99.4253, GNorm = 0.4076, lr_0 = 4.6971e-04
Loss = 6.7002e-02, PNorm = 99.4481, GNorm = 0.3484, lr_0 = 4.6923e-04
Loss = 8.0304e-02, PNorm = 99.4490, GNorm = 0.8820, lr_0 = 4.6875e-04
Loss = 7.3837e-02, PNorm = 99.4597, GNorm = 0.5340, lr_0 = 4.6826e-04
Loss = 5.3237e-02, PNorm = 99.4806, GNorm = 0.6585, lr_0 = 4.6778e-04
Loss = 2.7084e-02, PNorm = 99.4945, GNorm = 0.2270, lr_0 = 4.6730e-04
Loss = 6.0985e-02, PNorm = 99.5014, GNorm = 0.2198, lr_0 = 4.6682e-04
Loss = 1.6295e-01, PNorm = 99.5263, GNorm = 0.5870, lr_0 = 4.6634e-04
Loss = 9.0301e-02, PNorm = 99.6122, GNorm = 1.1184, lr_0 = 4.6586e-04
Loss = 6.0129e-02, PNorm = 99.6726, GNorm = 0.4367, lr_0 = 4.6539e-04
Loss = 7.5281e-02, PNorm = 99.6996, GNorm = 0.4511, lr_0 = 4.6491e-04
Loss = 4.4452e-02, PNorm = 99.7107, GNorm = 0.2759, lr_0 = 4.6443e-04
Loss = 3.5155e-02, PNorm = 99.7192, GNorm = 0.2603, lr_0 = 4.6395e-04
Loss = 6.6359e-02, PNorm = 99.7230, GNorm = 0.2931, lr_0 = 4.6348e-04
Loss = 6.7558e-02, PNorm = 99.7251, GNorm = 0.5422, lr_0 = 4.6300e-04
Loss = 3.5526e-02, PNorm = 99.7333, GNorm = 0.5551, lr_0 = 4.6252e-04
Loss = 8.2799e-02, PNorm = 99.7367, GNorm = 0.3764, lr_0 = 4.6205e-04
Loss = 4.4592e-02, PNorm = 99.7422, GNorm = 0.3989, lr_0 = 4.6157e-04
Loss = 3.6958e-02, PNorm = 99.7533, GNorm = 0.2221, lr_0 = 4.6110e-04
Loss = 6.8610e-02, PNorm = 99.7606, GNorm = 0.6803, lr_0 = 4.6063e-04
Loss = 7.7736e-02, PNorm = 99.7590, GNorm = 0.3696, lr_0 = 4.6015e-04
Loss = 5.7376e-02, PNorm = 99.7618, GNorm = 0.3851, lr_0 = 4.5968e-04
Loss = 6.4006e-02, PNorm = 99.7694, GNorm = 0.4842, lr_0 = 4.5921e-04
Loss = 1.0845e-02, PNorm = 99.7836, GNorm = 0.2295, lr_0 = 4.5874e-04
Loss = 1.1357e-01, PNorm = 99.7864, GNorm = 1.3986, lr_0 = 4.5826e-04
Loss = 8.1881e-02, PNorm = 99.7812, GNorm = 0.6492, lr_0 = 4.5779e-04
Loss = 4.9587e-02, PNorm = 99.7896, GNorm = 0.6158, lr_0 = 4.5732e-04
Loss = 3.6905e-02, PNorm = 99.8071, GNorm = 0.2974, lr_0 = 4.5685e-04
Loss = 5.0631e-02, PNorm = 99.8202, GNorm = 1.2547, lr_0 = 4.5638e-04
Loss = 2.3681e-02, PNorm = 99.8233, GNorm = 0.1677, lr_0 = 4.5592e-04
Loss = 4.5483e-02, PNorm = 99.8249, GNorm = 0.2192, lr_0 = 4.5545e-04
Loss = 5.9104e-02, PNorm = 99.8273, GNorm = 0.2454, lr_0 = 4.5498e-04
Loss = 1.5225e-02, PNorm = 99.8371, GNorm = 0.1565, lr_0 = 4.5451e-04
Loss = 6.6721e-02, PNorm = 99.8387, GNorm = 0.7335, lr_0 = 4.5404e-04
Loss = 6.2662e-02, PNorm = 99.8387, GNorm = 0.3138, lr_0 = 4.5358e-04
Loss = 9.7802e-02, PNorm = 99.8365, GNorm = 0.6125, lr_0 = 4.5311e-04
Loss = 5.0304e-02, PNorm = 99.8491, GNorm = 0.5999, lr_0 = 4.5265e-04
Loss = 7.6583e-02, PNorm = 99.8590, GNorm = 0.5039, lr_0 = 4.5218e-04
Loss = 8.6700e-02, PNorm = 99.8614, GNorm = 0.4836, lr_0 = 4.5172e-04
Loss = 3.7624e-02, PNorm = 99.8724, GNorm = 0.4301, lr_0 = 4.5125e-04
Loss = 3.9565e-02, PNorm = 99.8877, GNorm = 0.2103, lr_0 = 4.5079e-04
Loss = 5.3480e-02, PNorm = 99.8933, GNorm = 0.2241, lr_0 = 4.5033e-04
Loss = 4.5013e-02, PNorm = 99.9023, GNorm = 0.1943, lr_0 = 4.4986e-04
Loss = 2.7392e-02, PNorm = 99.9113, GNorm = 0.1938, lr_0 = 4.4940e-04
Loss = 6.5727e-02, PNorm = 99.9150, GNorm = 0.1977, lr_0 = 4.4894e-04
Loss = 4.1161e-02, PNorm = 99.9208, GNorm = 0.7277, lr_0 = 4.4848e-04
Loss = 7.6344e-02, PNorm = 99.9209, GNorm = 0.3911, lr_0 = 4.4802e-04
Loss = 5.9518e-02, PNorm = 99.9275, GNorm = 0.5684, lr_0 = 4.4756e-04
Loss = 6.4259e-02, PNorm = 99.9379, GNorm = 0.3464, lr_0 = 4.4710e-04
Loss = 8.4726e-02, PNorm = 99.9408, GNorm = 0.4359, lr_0 = 4.4664e-04
Loss = 6.6528e-02, PNorm = 99.9538, GNorm = 0.5460, lr_0 = 4.4618e-04
Loss = 3.8016e-02, PNorm = 99.9664, GNorm = 0.3134, lr_0 = 4.4572e-04
Loss = 3.8870e-02, PNorm = 99.9794, GNorm = 0.1927, lr_0 = 4.4526e-04
Loss = 7.6826e-02, PNorm = 99.9845, GNorm = 0.6558, lr_0 = 4.4480e-04
Loss = 3.9440e-02, PNorm = 99.9868, GNorm = 0.6541, lr_0 = 4.4435e-04
Loss = 6.4376e-02, PNorm = 99.9921, GNorm = 0.3278, lr_0 = 4.4389e-04
Loss = 5.3258e-02, PNorm = 99.9981, GNorm = 0.4193, lr_0 = 4.4344e-04
Loss = 7.4158e-02, PNorm = 100.0072, GNorm = 0.3452, lr_0 = 4.4298e-04
Loss = 2.6979e-02, PNorm = 100.0199, GNorm = 0.3955, lr_0 = 4.4252e-04
Loss = 5.9519e-02, PNorm = 100.0255, GNorm = 0.2594, lr_0 = 4.4207e-04
Loss = 2.4869e-02, PNorm = 100.0338, GNorm = 0.2211, lr_0 = 4.4162e-04
Loss = 2.4157e-02, PNorm = 100.0439, GNorm = 0.1315, lr_0 = 4.4116e-04
Loss = 8.6462e-02, PNorm = 100.0439, GNorm = 0.2392, lr_0 = 4.4071e-04
Loss = 7.7969e-02, PNorm = 100.0433, GNorm = 1.5875, lr_0 = 4.4026e-04
Loss = 4.3599e-02, PNorm = 100.0492, GNorm = 0.4363, lr_0 = 4.3980e-04
Loss = 3.1884e-02, PNorm = 100.0658, GNorm = 0.2288, lr_0 = 4.3935e-04
Validation auc = 0.573198
Epoch 12
Loss = 5.2828e-02, PNorm = 100.0752, GNorm = 0.1805, lr_0 = 4.3890e-04
Loss = 2.9085e-02, PNorm = 100.0839, GNorm = 0.1670, lr_0 = 4.3845e-04
Loss = 2.9618e-02, PNorm = 100.0911, GNorm = 0.1716, lr_0 = 4.3800e-04
Loss = 4.3008e-02, PNorm = 100.0980, GNorm = 1.3271, lr_0 = 4.3755e-04
Loss = 4.5919e-02, PNorm = 100.0992, GNorm = 0.2959, lr_0 = 4.3710e-04
Loss = 2.6530e-02, PNorm = 100.1085, GNorm = 0.2384, lr_0 = 4.3665e-04
Loss = 7.3293e-02, PNorm = 100.1171, GNorm = 0.3153, lr_0 = 4.3620e-04
Loss = 4.1092e-02, PNorm = 100.1311, GNorm = 1.5701, lr_0 = 4.3575e-04
Loss = 8.5153e-02, PNorm = 100.1327, GNorm = 0.4735, lr_0 = 4.3531e-04
Loss = 4.8354e-02, PNorm = 100.1480, GNorm = 0.4241, lr_0 = 4.3486e-04
Loss = 3.1679e-02, PNorm = 100.1676, GNorm = 0.2123, lr_0 = 4.3441e-04
Loss = 2.6110e-02, PNorm = 100.1796, GNorm = 0.1657, lr_0 = 4.3397e-04
Loss = 6.6647e-02, PNorm = 100.1804, GNorm = 0.2097, lr_0 = 4.3352e-04
Loss = 3.8643e-02, PNorm = 100.1820, GNorm = 0.3041, lr_0 = 4.3307e-04
Loss = 7.6008e-02, PNorm = 100.1838, GNorm = 0.3674, lr_0 = 4.3263e-04
Loss = 3.1052e-02, PNorm = 100.1948, GNorm = 0.3009, lr_0 = 4.3218e-04
Loss = 5.1570e-02, PNorm = 100.2070, GNorm = 0.7018, lr_0 = 4.3174e-04
Loss = 5.6554e-02, PNorm = 100.2104, GNorm = 0.2852, lr_0 = 4.3130e-04
Loss = 4.2115e-02, PNorm = 100.2206, GNorm = 0.3214, lr_0 = 4.3085e-04
Loss = 6.8862e-02, PNorm = 100.2300, GNorm = 0.3243, lr_0 = 4.3041e-04
Loss = 9.9771e-02, PNorm = 100.2329, GNorm = 1.8906, lr_0 = 4.2997e-04
Loss = 6.8778e-02, PNorm = 100.2431, GNorm = 0.5814, lr_0 = 4.2953e-04
Loss = 4.5750e-02, PNorm = 100.2755, GNorm = 0.6787, lr_0 = 4.2909e-04
Loss = 6.4597e-02, PNorm = 100.2905, GNorm = 0.2297, lr_0 = 4.2865e-04
Loss = 5.5469e-02, PNorm = 100.3057, GNorm = 0.6472, lr_0 = 4.2821e-04
Loss = 6.9801e-02, PNorm = 100.3200, GNorm = 0.4343, lr_0 = 4.2777e-04
Loss = 3.3542e-02, PNorm = 100.3381, GNorm = 0.3170, lr_0 = 4.2733e-04
Loss = 3.4485e-02, PNorm = 100.3525, GNorm = 0.1651, lr_0 = 4.2689e-04
Loss = 7.2784e-02, PNorm = 100.3528, GNorm = 0.2792, lr_0 = 4.2645e-04
Loss = 9.8009e-02, PNorm = 100.3532, GNorm = 0.4975, lr_0 = 4.2601e-04
Loss = 5.4995e-02, PNorm = 100.3631, GNorm = 0.6038, lr_0 = 4.2557e-04
Loss = 5.9628e-02, PNorm = 100.3828, GNorm = 0.2472, lr_0 = 4.2513e-04
Loss = 7.9442e-02, PNorm = 100.3899, GNorm = 0.2777, lr_0 = 4.2470e-04
Loss = 3.6067e-02, PNorm = 100.4003, GNorm = 0.3487, lr_0 = 4.2426e-04
Loss = 8.4073e-02, PNorm = 100.4102, GNorm = 0.3292, lr_0 = 4.2383e-04
Loss = 4.9057e-02, PNorm = 100.4221, GNorm = 0.3599, lr_0 = 4.2339e-04
Loss = 3.2541e-02, PNorm = 100.4435, GNorm = 0.9236, lr_0 = 4.2296e-04
Loss = 8.4067e-02, PNorm = 100.4582, GNorm = 3.3003, lr_0 = 4.2252e-04
Loss = 3.6746e-02, PNorm = 100.4625, GNorm = 0.5712, lr_0 = 4.2209e-04
Loss = 4.7325e-02, PNorm = 100.4751, GNorm = 0.3626, lr_0 = 4.2165e-04
Loss = 3.2691e-02, PNorm = 100.4896, GNorm = 0.7255, lr_0 = 4.2122e-04
Loss = 3.7909e-02, PNorm = 100.4984, GNorm = 0.2143, lr_0 = 4.2079e-04
Loss = 5.3717e-02, PNorm = 100.5047, GNorm = 0.1848, lr_0 = 4.2035e-04
Loss = 7.0505e-02, PNorm = 100.5038, GNorm = 0.3738, lr_0 = 4.1992e-04
Loss = 8.5773e-02, PNorm = 100.5089, GNorm = 0.3913, lr_0 = 4.1949e-04
Loss = 8.1001e-02, PNorm = 100.5172, GNorm = 1.3285, lr_0 = 4.1906e-04
Loss = 7.6123e-02, PNorm = 100.5253, GNorm = 0.4744, lr_0 = 4.1863e-04
Loss = 5.5656e-02, PNorm = 100.5358, GNorm = 0.4069, lr_0 = 4.1820e-04
Loss = 6.5498e-02, PNorm = 100.5478, GNorm = 1.2368, lr_0 = 4.1777e-04
Loss = 8.9823e-02, PNorm = 100.5513, GNorm = 1.8946, lr_0 = 4.1734e-04
Loss = 6.0439e-02, PNorm = 100.5528, GNorm = 0.6359, lr_0 = 4.1691e-04
Loss = 4.3671e-02, PNorm = 100.5630, GNorm = 0.3771, lr_0 = 4.1648e-04
Loss = 5.2866e-02, PNorm = 100.5710, GNorm = 0.3165, lr_0 = 4.1606e-04
Loss = 6.1115e-02, PNorm = 100.5778, GNorm = 2.1357, lr_0 = 4.1563e-04
Loss = 5.3238e-02, PNorm = 100.5791, GNorm = 0.7874, lr_0 = 4.1520e-04
Loss = 5.8093e-02, PNorm = 100.5810, GNorm = 0.2970, lr_0 = 4.1477e-04
Loss = 2.8875e-02, PNorm = 100.5870, GNorm = 0.3236, lr_0 = 4.1435e-04
Loss = 4.8958e-02, PNorm = 100.5950, GNorm = 0.6246, lr_0 = 4.1392e-04
Loss = 6.7581e-02, PNorm = 100.5998, GNorm = 0.7973, lr_0 = 4.1350e-04
Loss = 3.5013e-02, PNorm = 100.6011, GNorm = 0.3706, lr_0 = 4.1307e-04
Loss = 5.4017e-02, PNorm = 100.6070, GNorm = 0.3072, lr_0 = 4.1265e-04
Loss = 4.6384e-02, PNorm = 100.6147, GNorm = 0.2668, lr_0 = 4.1222e-04
Loss = 4.5428e-02, PNorm = 100.6226, GNorm = 0.7869, lr_0 = 4.1180e-04
Loss = 7.6564e-02, PNorm = 100.6243, GNorm = 0.6130, lr_0 = 4.1138e-04
Loss = 4.6667e-02, PNorm = 100.6288, GNorm = 0.3529, lr_0 = 4.1096e-04
Loss = 1.0194e-01, PNorm = 100.6328, GNorm = 1.0992, lr_0 = 4.1053e-04
Loss = 5.1734e-02, PNorm = 100.6373, GNorm = 0.4961, lr_0 = 4.1011e-04
Loss = 2.3112e-02, PNorm = 100.6499, GNorm = 0.3536, lr_0 = 4.0969e-04
Loss = 1.0256e-01, PNorm = 100.6535, GNorm = 0.3662, lr_0 = 4.0927e-04
Loss = 4.1601e-02, PNorm = 100.6591, GNorm = 0.3676, lr_0 = 4.0885e-04
Loss = 6.0039e-02, PNorm = 100.6652, GNorm = 0.6112, lr_0 = 4.0843e-04
Loss = 1.6863e-02, PNorm = 100.6777, GNorm = 0.5552, lr_0 = 4.0801e-04
Loss = 4.9914e-02, PNorm = 100.6838, GNorm = 2.2540, lr_0 = 4.0759e-04
Loss = 1.1052e-01, PNorm = 100.6780, GNorm = 0.5443, lr_0 = 4.0717e-04
Loss = 6.4041e-02, PNorm = 100.6811, GNorm = 0.4757, lr_0 = 4.0675e-04
Loss = 3.6849e-02, PNorm = 100.6949, GNorm = 0.3620, lr_0 = 4.0633e-04
Loss = 4.0106e-02, PNorm = 100.7075, GNorm = 0.2939, lr_0 = 4.0592e-04
Loss = 4.2263e-02, PNorm = 100.7179, GNorm = 0.1996, lr_0 = 4.0550e-04
Loss = 6.1393e-02, PNorm = 100.7225, GNorm = 1.9305, lr_0 = 4.0508e-04
Loss = 3.6518e-02, PNorm = 100.7219, GNorm = 0.2774, lr_0 = 4.0467e-04
Validation auc = 0.571237
Epoch 13
Loss = 8.4181e-02, PNorm = 100.7237, GNorm = 0.5663, lr_0 = 4.0425e-04
Loss = 7.2481e-02, PNorm = 100.7279, GNorm = 0.4948, lr_0 = 4.0384e-04
Loss = 3.6395e-02, PNorm = 100.7405, GNorm = 0.4019, lr_0 = 4.0342e-04
Loss = 5.5844e-02, PNorm = 100.7512, GNorm = 0.2409, lr_0 = 4.0301e-04
Loss = 7.1374e-02, PNorm = 100.7529, GNorm = 0.2848, lr_0 = 4.0259e-04
Loss = 5.3409e-02, PNorm = 100.7579, GNorm = 0.3428, lr_0 = 4.0218e-04
Loss = 1.7436e-02, PNorm = 100.7703, GNorm = 0.2479, lr_0 = 4.0177e-04
Loss = 2.9999e-02, PNorm = 100.7829, GNorm = 0.1566, lr_0 = 4.0135e-04
Loss = 1.7449e-02, PNorm = 100.7917, GNorm = 0.1105, lr_0 = 4.0094e-04
Loss = 7.1423e-02, PNorm = 100.7926, GNorm = 0.1637, lr_0 = 4.0053e-04
Loss = 3.0037e-02, PNorm = 100.7940, GNorm = 0.2004, lr_0 = 4.0012e-04
Loss = 5.5927e-02, PNorm = 100.7985, GNorm = 0.4460, lr_0 = 3.9971e-04
Loss = 1.7449e-02, PNorm = 100.8097, GNorm = 0.2445, lr_0 = 3.9930e-04
Loss = 6.0250e-02, PNorm = 100.8194, GNorm = 1.0786, lr_0 = 3.9889e-04
Loss = 3.6941e-02, PNorm = 100.8236, GNorm = 0.2337, lr_0 = 3.9848e-04
Loss = 3.4133e-02, PNorm = 100.8333, GNorm = 0.2111, lr_0 = 3.9807e-04
Loss = 5.9634e-02, PNorm = 100.8421, GNorm = 0.2958, lr_0 = 3.9766e-04
Loss = 6.3293e-02, PNorm = 100.8522, GNorm = 0.3313, lr_0 = 3.9725e-04
Loss = 6.5468e-02, PNorm = 100.8664, GNorm = 0.3785, lr_0 = 3.9684e-04
Loss = 5.9216e-02, PNorm = 100.8798, GNorm = 0.3551, lr_0 = 3.9643e-04
Loss = 8.7977e-02, PNorm = 100.8912, GNorm = 0.5851, lr_0 = 3.9603e-04
Loss = 2.3679e-02, PNorm = 100.9046, GNorm = 0.3355, lr_0 = 3.9562e-04
Loss = 5.6721e-02, PNorm = 100.9116, GNorm = 0.2523, lr_0 = 3.9521e-04
Loss = 4.9681e-02, PNorm = 100.9187, GNorm = 0.2291, lr_0 = 3.9481e-04
Loss = 5.5761e-02, PNorm = 100.9225, GNorm = 0.2865, lr_0 = 3.9440e-04
Loss = 2.6432e-02, PNorm = 100.9279, GNorm = 0.3013, lr_0 = 3.9400e-04
Loss = 5.0839e-02, PNorm = 100.9375, GNorm = 0.2830, lr_0 = 3.9359e-04
Loss = 7.2446e-02, PNorm = 100.9455, GNorm = 0.2605, lr_0 = 3.9319e-04
Loss = 4.0356e-02, PNorm = 100.9508, GNorm = 0.3357, lr_0 = 3.9278e-04
Loss = 3.5829e-02, PNorm = 100.9666, GNorm = 0.2800, lr_0 = 3.9238e-04
Loss = 8.4223e-02, PNorm = 100.9744, GNorm = 0.7823, lr_0 = 3.9198e-04
Loss = 1.0448e-02, PNorm = 100.9875, GNorm = 0.2576, lr_0 = 3.9157e-04
Loss = 7.5834e-02, PNorm = 100.9934, GNorm = 0.3397, lr_0 = 3.9117e-04
Loss = 7.5300e-02, PNorm = 101.0005, GNorm = 0.7760, lr_0 = 3.9077e-04
Loss = 8.3038e-02, PNorm = 101.0087, GNorm = 0.4626, lr_0 = 3.9037e-04
Loss = 2.2317e-02, PNorm = 101.0266, GNorm = 0.3459, lr_0 = 3.8997e-04
Loss = 5.4706e-02, PNorm = 101.0392, GNorm = 0.5758, lr_0 = 3.8957e-04
Loss = 4.3118e-02, PNorm = 101.0461, GNorm = 0.2032, lr_0 = 3.8917e-04
Loss = 6.3193e-02, PNorm = 101.0541, GNorm = 0.5299, lr_0 = 3.8877e-04
Loss = 5.8622e-02, PNorm = 101.0626, GNorm = 0.3083, lr_0 = 3.8837e-04
Loss = 5.8874e-02, PNorm = 101.0725, GNorm = 0.3428, lr_0 = 3.8797e-04
Loss = 4.6921e-02, PNorm = 101.0847, GNorm = 0.3560, lr_0 = 3.8757e-04
Loss = 5.8742e-02, PNorm = 101.0976, GNorm = 0.3428, lr_0 = 3.8717e-04
Loss = 9.8561e-02, PNorm = 101.1015, GNorm = 0.4086, lr_0 = 3.8677e-04
Loss = 2.2845e-02, PNorm = 101.1135, GNorm = 0.3066, lr_0 = 3.8637e-04
Loss = 1.1167e-01, PNorm = 101.1194, GNorm = 1.1588, lr_0 = 3.8598e-04
Loss = 5.9331e-02, PNorm = 101.1251, GNorm = 1.0773, lr_0 = 3.8558e-04
Loss = 4.5179e-02, PNorm = 101.1356, GNorm = 0.4248, lr_0 = 3.8519e-04
Loss = 8.4746e-02, PNorm = 101.1458, GNorm = 0.8705, lr_0 = 3.8479e-04
Loss = 2.8764e-02, PNorm = 101.1558, GNorm = 0.9212, lr_0 = 3.8439e-04
Loss = 3.0920e-02, PNorm = 101.1674, GNorm = 0.2142, lr_0 = 3.8400e-04
Loss = 4.9624e-02, PNorm = 101.1737, GNorm = 0.2265, lr_0 = 3.8360e-04
Loss = 6.2523e-02, PNorm = 101.1767, GNorm = 0.6997, lr_0 = 3.8321e-04
Loss = 5.5462e-02, PNorm = 101.1837, GNorm = 0.6398, lr_0 = 3.8282e-04
Loss = 5.2109e-02, PNorm = 101.1882, GNorm = 0.3157, lr_0 = 3.8242e-04
Loss = 6.3668e-02, PNorm = 101.1983, GNorm = 0.3792, lr_0 = 3.8203e-04
Loss = 8.8519e-02, PNorm = 101.2033, GNorm = 0.3986, lr_0 = 3.8164e-04
Loss = 9.0825e-02, PNorm = 101.2107, GNorm = 0.3611, lr_0 = 3.8125e-04
Loss = 4.3101e-02, PNorm = 101.2244, GNorm = 0.4009, lr_0 = 3.8085e-04
Loss = 4.2370e-02, PNorm = 101.2370, GNorm = 0.2485, lr_0 = 3.8046e-04
Loss = 6.4288e-02, PNorm = 101.2416, GNorm = 0.2604, lr_0 = 3.8007e-04
Loss = 4.2570e-02, PNorm = 101.2477, GNorm = 0.3736, lr_0 = 3.7968e-04
Loss = 7.4556e-02, PNorm = 101.2563, GNorm = 1.3843, lr_0 = 3.7929e-04
Loss = 6.5756e-02, PNorm = 101.2582, GNorm = 0.5529, lr_0 = 3.7890e-04
Loss = 7.1837e-02, PNorm = 101.2618, GNorm = 0.7160, lr_0 = 3.7851e-04
Loss = 6.9400e-02, PNorm = 101.2733, GNorm = 0.4485, lr_0 = 3.7812e-04
Loss = 4.3004e-02, PNorm = 101.2883, GNorm = 0.6612, lr_0 = 3.7774e-04
Loss = 4.8204e-02, PNorm = 101.2978, GNorm = 0.2604, lr_0 = 3.7735e-04
Loss = 9.9198e-02, PNorm = 101.2999, GNorm = 0.5457, lr_0 = 3.7696e-04
Loss = 2.2526e-02, PNorm = 101.3142, GNorm = 0.2905, lr_0 = 3.7657e-04
Loss = 5.1235e-02, PNorm = 101.3244, GNorm = 0.7770, lr_0 = 3.7619e-04
Loss = 4.6581e-02, PNorm = 101.3311, GNorm = 0.1933, lr_0 = 3.7580e-04
Loss = 7.6439e-02, PNorm = 101.3291, GNorm = 1.4737, lr_0 = 3.7541e-04
Loss = 4.7207e-02, PNorm = 101.3301, GNorm = 0.4698, lr_0 = 3.7503e-04
Loss = 3.7131e-02, PNorm = 101.3413, GNorm = 0.3242, lr_0 = 3.7464e-04
Loss = 5.5659e-02, PNorm = 101.3500, GNorm = 0.7224, lr_0 = 3.7426e-04
Loss = 7.2401e-02, PNorm = 101.3470, GNorm = 0.3304, lr_0 = 3.7387e-04
Loss = 6.7535e-02, PNorm = 101.3517, GNorm = 0.7950, lr_0 = 3.7349e-04
Loss = 3.0747e-02, PNorm = 101.3612, GNorm = 0.3672, lr_0 = 3.7310e-04
Loss = 3.8247e-02, PNorm = 101.3735, GNorm = 0.1988, lr_0 = 3.7272e-04
Validation auc = 0.563544
Epoch 14
Loss = 7.7348e-02, PNorm = 101.3782, GNorm = 0.8520, lr_0 = 3.7234e-04
Loss = 4.7168e-02, PNorm = 101.3800, GNorm = 1.0812, lr_0 = 3.7196e-04
Loss = 6.6646e-02, PNorm = 101.3864, GNorm = 0.4405, lr_0 = 3.7157e-04
Loss = 4.8508e-02, PNorm = 101.3992, GNorm = 0.3229, lr_0 = 3.7119e-04
Loss = 2.4130e-02, PNorm = 101.4130, GNorm = 1.2821, lr_0 = 3.7081e-04
Loss = 4.7783e-02, PNorm = 101.4186, GNorm = 0.7466, lr_0 = 3.7043e-04
Loss = 2.6370e-02, PNorm = 101.4251, GNorm = 0.1788, lr_0 = 3.7005e-04
Loss = 1.6054e-02, PNorm = 101.4353, GNorm = 0.1592, lr_0 = 3.6967e-04
Loss = 7.7077e-02, PNorm = 101.4405, GNorm = 0.7225, lr_0 = 3.6929e-04
Loss = 3.6063e-02, PNorm = 101.4423, GNorm = 0.3002, lr_0 = 3.6891e-04
Loss = 2.9229e-02, PNorm = 101.4527, GNorm = 0.2147, lr_0 = 3.6853e-04
Loss = 6.9163e-02, PNorm = 101.4576, GNorm = 0.2455, lr_0 = 3.6815e-04
Loss = 4.0884e-02, PNorm = 101.4639, GNorm = 0.8341, lr_0 = 3.6777e-04
Loss = 3.5689e-02, PNorm = 101.4746, GNorm = 0.3211, lr_0 = 3.6740e-04
Loss = 7.1929e-02, PNorm = 101.4816, GNorm = 0.7228, lr_0 = 3.6702e-04
Loss = 8.7279e-02, PNorm = 101.4834, GNorm = 0.4319, lr_0 = 3.6664e-04
Loss = 4.8767e-02, PNorm = 101.4938, GNorm = 0.4573, lr_0 = 3.6626e-04
Loss = 2.5492e-02, PNorm = 101.5124, GNorm = 0.2445, lr_0 = 3.6589e-04
Loss = 2.5745e-02, PNorm = 101.5289, GNorm = 0.1111, lr_0 = 3.6551e-04
Loss = 4.6879e-02, PNorm = 101.5328, GNorm = 0.1452, lr_0 = 3.6514e-04
Loss = 3.7400e-02, PNorm = 101.5363, GNorm = 0.1474, lr_0 = 3.6476e-04
Loss = 7.4071e-02, PNorm = 101.5340, GNorm = 0.3176, lr_0 = 3.6439e-04
Loss = 3.8849e-02, PNorm = 101.5402, GNorm = 0.4387, lr_0 = 3.6401e-04
Loss = 5.6692e-02, PNorm = 101.5490, GNorm = 0.3108, lr_0 = 3.6364e-04
Loss = 5.3234e-02, PNorm = 101.5619, GNorm = 0.8137, lr_0 = 3.6326e-04
Loss = 4.7198e-02, PNorm = 101.5645, GNorm = 0.2441, lr_0 = 3.6289e-04
Loss = 5.9988e-02, PNorm = 101.5669, GNorm = 0.3856, lr_0 = 3.6252e-04
Loss = 6.0882e-02, PNorm = 101.5742, GNorm = 0.3902, lr_0 = 3.6215e-04
Loss = 6.1825e-02, PNorm = 101.5839, GNorm = 0.3872, lr_0 = 3.6177e-04
Loss = 7.8961e-02, PNorm = 101.5920, GNorm = 0.5396, lr_0 = 3.6140e-04
Loss = 4.7581e-02, PNorm = 101.6034, GNorm = 0.3701, lr_0 = 3.6103e-04
Loss = 3.6470e-02, PNorm = 101.6194, GNorm = 0.5059, lr_0 = 3.6066e-04
Loss = 1.0311e-01, PNorm = 101.6204, GNorm = 1.3176, lr_0 = 3.6029e-04
Loss = 7.9362e-02, PNorm = 101.6227, GNorm = 0.6502, lr_0 = 3.5992e-04
Loss = 5.9424e-02, PNorm = 101.6379, GNorm = 0.4458, lr_0 = 3.5955e-04
Loss = 3.9959e-02, PNorm = 101.6541, GNorm = 0.3207, lr_0 = 3.5918e-04
Loss = 5.3598e-02, PNorm = 101.6674, GNorm = 0.2384, lr_0 = 3.5881e-04
Loss = 3.8544e-02, PNorm = 101.6791, GNorm = 1.5691, lr_0 = 3.5844e-04
Loss = 3.9190e-02, PNorm = 101.6817, GNorm = 0.1954, lr_0 = 3.5807e-04
Loss = 5.2992e-02, PNorm = 101.6803, GNorm = 0.7786, lr_0 = 3.5771e-04
Loss = 8.5291e-02, PNorm = 101.6815, GNorm = 0.4541, lr_0 = 3.5734e-04
Loss = 3.8555e-02, PNorm = 101.6883, GNorm = 0.4580, lr_0 = 3.5697e-04
Loss = 2.7969e-02, PNorm = 101.7015, GNorm = 0.5441, lr_0 = 3.5661e-04
Loss = 2.7064e-02, PNorm = 101.7111, GNorm = 0.1738, lr_0 = 3.5624e-04
Loss = 8.8289e-02, PNorm = 101.7135, GNorm = 1.8862, lr_0 = 3.5587e-04
Loss = 7.5977e-02, PNorm = 101.7088, GNorm = 1.3217, lr_0 = 3.5551e-04
Loss = 7.3633e-02, PNorm = 101.7154, GNorm = 0.5622, lr_0 = 3.5514e-04
Loss = 5.5754e-02, PNorm = 101.7296, GNorm = 0.7483, lr_0 = 3.5478e-04
Loss = 4.2613e-02, PNorm = 101.7405, GNorm = 0.7488, lr_0 = 3.5441e-04
Loss = 3.9119e-02, PNorm = 101.7505, GNorm = 1.1717, lr_0 = 3.5405e-04
Loss = 5.1624e-02, PNorm = 101.7561, GNorm = 0.2630, lr_0 = 3.5368e-04
Loss = 5.5784e-02, PNorm = 101.7619, GNorm = 0.3041, lr_0 = 3.5332e-04
Loss = 6.1978e-02, PNorm = 101.7676, GNorm = 0.3875, lr_0 = 3.5296e-04
Loss = 4.9585e-02, PNorm = 101.7763, GNorm = 0.3994, lr_0 = 3.5260e-04
Loss = 4.1897e-02, PNorm = 101.7896, GNorm = 0.6118, lr_0 = 3.5223e-04
Loss = 7.5499e-02, PNorm = 101.7999, GNorm = 0.5871, lr_0 = 3.5187e-04
Loss = 6.0617e-02, PNorm = 101.8080, GNorm = 0.6505, lr_0 = 3.5151e-04
Loss = 2.9722e-02, PNorm = 101.8172, GNorm = 0.2792, lr_0 = 3.5115e-04
Loss = 3.8694e-02, PNorm = 101.8280, GNorm = 0.2301, lr_0 = 3.5079e-04
Loss = 4.1570e-02, PNorm = 101.8390, GNorm = 0.2477, lr_0 = 3.5043e-04
Loss = 4.0466e-02, PNorm = 101.8496, GNorm = 0.2097, lr_0 = 3.5007e-04
Loss = 5.3360e-02, PNorm = 101.8541, GNorm = 0.3201, lr_0 = 3.4971e-04
Loss = 4.6947e-02, PNorm = 101.8604, GNorm = 0.2768, lr_0 = 3.4935e-04
Loss = 3.2590e-02, PNorm = 101.8728, GNorm = 0.2550, lr_0 = 3.4899e-04
Loss = 3.7609e-02, PNorm = 101.8862, GNorm = 0.2552, lr_0 = 3.4863e-04
Loss = 3.2710e-02, PNorm = 101.9051, GNorm = 0.9287, lr_0 = 3.4827e-04
Loss = 7.9778e-02, PNorm = 101.9141, GNorm = 0.7607, lr_0 = 3.4792e-04
Loss = 7.9162e-02, PNorm = 101.9170, GNorm = 0.6037, lr_0 = 3.4756e-04
Loss = 1.1268e-01, PNorm = 101.9259, GNorm = 0.6717, lr_0 = 3.4720e-04
Loss = 4.2888e-02, PNorm = 101.9483, GNorm = 0.5507, lr_0 = 3.4684e-04
Loss = 1.0535e-01, PNorm = 101.9621, GNorm = 0.3678, lr_0 = 3.4649e-04
Loss = 3.7858e-02, PNorm = 101.9746, GNorm = 0.4039, lr_0 = 3.4613e-04
Loss = 8.2251e-02, PNorm = 101.9905, GNorm = 0.9656, lr_0 = 3.4578e-04
Loss = 4.6065e-02, PNorm = 101.9992, GNorm = 0.7142, lr_0 = 3.4542e-04
Loss = 4.4399e-02, PNorm = 102.0084, GNorm = 0.2657, lr_0 = 3.4507e-04
Loss = 3.1188e-02, PNorm = 102.0149, GNorm = 0.2724, lr_0 = 3.4471e-04
Loss = 7.8070e-02, PNorm = 102.0193, GNorm = 0.5739, lr_0 = 3.4436e-04
Loss = 3.6787e-02, PNorm = 102.0232, GNorm = 0.3421, lr_0 = 3.4400e-04
Loss = 8.7574e-02, PNorm = 102.0300, GNorm = 1.1692, lr_0 = 3.4365e-04
Loss = 1.0111e-01, PNorm = 102.0326, GNorm = 0.6795, lr_0 = 3.4330e-04
Validation auc = 0.583684
Epoch 15
Loss = 3.3085e-02, PNorm = 102.0455, GNorm = 0.4482, lr_0 = 3.4294e-04
Loss = 4.8464e-02, PNorm = 102.0591, GNorm = 0.2747, lr_0 = 3.4259e-04
Loss = 8.7012e-02, PNorm = 102.0646, GNorm = 1.4577, lr_0 = 3.4224e-04
Loss = 3.0373e-02, PNorm = 102.0679, GNorm = 0.8321, lr_0 = 3.4189e-04
Loss = 4.1361e-02, PNorm = 102.0752, GNorm = 0.3165, lr_0 = 3.4154e-04
Loss = 6.2902e-02, PNorm = 102.0847, GNorm = 0.7115, lr_0 = 3.4119e-04
Loss = 5.8854e-02, PNorm = 102.0909, GNorm = 0.3127, lr_0 = 3.4084e-04
Loss = 5.7411e-02, PNorm = 102.0983, GNorm = 0.3637, lr_0 = 3.4049e-04
Loss = 5.9188e-02, PNorm = 102.1030, GNorm = 0.4919, lr_0 = 3.4014e-04
Loss = 6.3459e-02, PNorm = 102.1134, GNorm = 0.7558, lr_0 = 3.3979e-04
Loss = 6.6146e-02, PNorm = 102.1199, GNorm = 0.3835, lr_0 = 3.3944e-04
Loss = 6.1380e-02, PNorm = 102.1264, GNorm = 0.4639, lr_0 = 3.3909e-04
Loss = 3.0521e-02, PNorm = 102.1411, GNorm = 0.8648, lr_0 = 3.3874e-04
Loss = 6.0252e-02, PNorm = 102.1452, GNorm = 0.2115, lr_0 = 3.3839e-04
Loss = 7.6706e-02, PNorm = 102.1453, GNorm = 1.7561, lr_0 = 3.3804e-04
Loss = 6.7116e-02, PNorm = 102.1437, GNorm = 0.5287, lr_0 = 3.3770e-04
Loss = 7.6536e-02, PNorm = 102.1509, GNorm = 0.5967, lr_0 = 3.3735e-04
Loss = 3.8109e-02, PNorm = 102.1627, GNorm = 0.3674, lr_0 = 3.3700e-04
Loss = 3.5115e-02, PNorm = 102.1748, GNorm = 0.2176, lr_0 = 3.3666e-04
Loss = 4.9426e-02, PNorm = 102.1827, GNorm = 0.7646, lr_0 = 3.3631e-04
Loss = 7.0033e-02, PNorm = 102.1850, GNorm = 1.6583, lr_0 = 3.3597e-04
Loss = 3.4571e-02, PNorm = 102.1890, GNorm = 0.5378, lr_0 = 3.3562e-04
Loss = 4.6503e-02, PNorm = 102.1969, GNorm = 0.7136, lr_0 = 3.3528e-04
Loss = 4.3036e-02, PNorm = 102.2036, GNorm = 0.3237, lr_0 = 3.3493e-04
Loss = 1.6934e-02, PNorm = 102.2149, GNorm = 0.1940, lr_0 = 3.3459e-04
Loss = 4.7760e-02, PNorm = 102.2213, GNorm = 0.1865, lr_0 = 3.3424e-04
Loss = 6.9203e-02, PNorm = 102.2192, GNorm = 0.3101, lr_0 = 3.3390e-04
Loss = 6.5288e-02, PNorm = 102.2211, GNorm = 0.4304, lr_0 = 3.3356e-04
Loss = 5.3376e-02, PNorm = 102.2290, GNorm = 0.3885, lr_0 = 3.3321e-04
Loss = 3.0251e-02, PNorm = 102.2382, GNorm = 0.3234, lr_0 = 3.3287e-04
Loss = 8.5022e-02, PNorm = 102.2406, GNorm = 1.7623, lr_0 = 3.3253e-04
Loss = 2.6945e-02, PNorm = 102.2434, GNorm = 0.3209, lr_0 = 3.3219e-04
Loss = 7.8192e-03, PNorm = 102.2547, GNorm = 0.1717, lr_0 = 3.3185e-04
Loss = 5.0437e-02, PNorm = 102.2600, GNorm = 0.1857, lr_0 = 3.3151e-04
Loss = 4.3474e-02, PNorm = 102.2609, GNorm = 0.2277, lr_0 = 3.3117e-04
Loss = 6.9659e-02, PNorm = 102.2634, GNorm = 2.5017, lr_0 = 3.3082e-04
Loss = 6.2986e-02, PNorm = 102.2626, GNorm = 0.3648, lr_0 = 3.3049e-04
Loss = 6.9625e-02, PNorm = 102.2683, GNorm = 1.3028, lr_0 = 3.3015e-04
Loss = 8.8565e-02, PNorm = 102.2712, GNorm = 0.6436, lr_0 = 3.2981e-04
Loss = 9.5995e-02, PNorm = 102.2824, GNorm = 0.5948, lr_0 = 3.2947e-04
Loss = 5.0828e-02, PNorm = 102.2949, GNorm = 0.4910, lr_0 = 3.2913e-04
Loss = 8.9589e-02, PNorm = 102.3036, GNorm = 1.5037, lr_0 = 3.2879e-04
Loss = 6.5983e-02, PNorm = 102.3086, GNorm = 0.4112, lr_0 = 3.2845e-04
Loss = 8.9111e-02, PNorm = 102.3126, GNorm = 0.5288, lr_0 = 3.2812e-04
Loss = 5.9028e-02, PNorm = 102.3209, GNorm = 0.4244, lr_0 = 3.2778e-04
Loss = 5.4345e-02, PNorm = 102.3313, GNorm = 0.5978, lr_0 = 3.2744e-04
Loss = 3.6699e-02, PNorm = 102.3395, GNorm = 0.2940, lr_0 = 3.2711e-04
Loss = 4.3285e-02, PNorm = 102.3471, GNorm = 1.1865, lr_0 = 3.2677e-04
Loss = 6.1022e-02, PNorm = 102.3486, GNorm = 0.6503, lr_0 = 3.2643e-04
Loss = 4.0397e-02, PNorm = 102.3536, GNorm = 0.3731, lr_0 = 3.2610e-04
Loss = 3.5680e-02, PNorm = 102.3630, GNorm = 0.7865, lr_0 = 3.2576e-04
Loss = 5.8493e-02, PNorm = 102.3709, GNorm = 0.2280, lr_0 = 3.2543e-04
Loss = 8.9865e-02, PNorm = 102.3678, GNorm = 0.3901, lr_0 = 3.2509e-04
Loss = 4.3170e-02, PNorm = 102.3724, GNorm = 0.3873, lr_0 = 3.2476e-04
Loss = 2.9992e-02, PNorm = 102.3852, GNorm = 0.6453, lr_0 = 3.2443e-04
Loss = 5.2163e-02, PNorm = 102.3907, GNorm = 0.2582, lr_0 = 3.2409e-04
Loss = 3.9950e-02, PNorm = 102.3967, GNorm = 0.8100, lr_0 = 3.2376e-04
Loss = 7.8195e-02, PNorm = 102.3966, GNorm = 0.4956, lr_0 = 3.2343e-04
Loss = 5.1541e-02, PNorm = 102.4022, GNorm = 0.8198, lr_0 = 3.2310e-04
Loss = 3.8953e-02, PNorm = 102.4090, GNorm = 0.3380, lr_0 = 3.2276e-04
Loss = 2.8335e-02, PNorm = 102.4174, GNorm = 0.2541, lr_0 = 3.2243e-04
Loss = 4.7420e-02, PNorm = 102.4212, GNorm = 0.1714, lr_0 = 3.2210e-04
Loss = 1.5159e-02, PNorm = 102.4258, GNorm = 0.1485, lr_0 = 3.2177e-04
Loss = 8.0390e-02, PNorm = 102.4271, GNorm = 1.9473, lr_0 = 3.2144e-04
Loss = 4.5467e-02, PNorm = 102.4250, GNorm = 1.4196, lr_0 = 3.2111e-04
Loss = 3.8173e-02, PNorm = 102.4286, GNorm = 0.3418, lr_0 = 3.2078e-04
Loss = 7.2414e-02, PNorm = 102.4332, GNorm = 0.3994, lr_0 = 3.2045e-04
Loss = 5.4842e-02, PNorm = 102.4398, GNorm = 0.5345, lr_0 = 3.2012e-04
Loss = 5.7068e-02, PNorm = 102.4476, GNorm = 0.3733, lr_0 = 3.1979e-04
Loss = 8.4997e-02, PNorm = 102.4568, GNorm = 0.4420, lr_0 = 3.1946e-04
Loss = 3.6586e-02, PNorm = 102.4744, GNorm = 0.4317, lr_0 = 3.1913e-04
Loss = 6.0340e-02, PNorm = 102.4848, GNorm = 0.3469, lr_0 = 3.1881e-04
Loss = 4.4737e-02, PNorm = 102.4967, GNorm = 0.4831, lr_0 = 3.1848e-04
Loss = 4.2581e-02, PNorm = 102.5032, GNorm = 0.2729, lr_0 = 3.1815e-04
Loss = 4.4247e-02, PNorm = 102.5123, GNorm = 0.5456, lr_0 = 3.1782e-04
Loss = 1.8884e-02, PNorm = 102.5229, GNorm = 0.1964, lr_0 = 3.1750e-04
Loss = 7.9242e-02, PNorm = 102.5247, GNorm = 0.3200, lr_0 = 3.1717e-04
Loss = 5.6522e-02, PNorm = 102.5238, GNorm = 0.8387, lr_0 = 3.1685e-04
Loss = 5.2487e-02, PNorm = 102.5300, GNorm = 0.3809, lr_0 = 3.1652e-04
Loss = 6.5856e-02, PNorm = 102.5382, GNorm = 0.5218, lr_0 = 3.1620e-04
Validation auc = 0.573592
Epoch 16
Loss = 5.0499e-02, PNorm = 102.5470, GNorm = 0.6549, lr_0 = 3.1587e-04
Loss = 2.8425e-02, PNorm = 102.5578, GNorm = 0.2504, lr_0 = 3.1555e-04
Loss = 1.0391e-01, PNorm = 102.5639, GNorm = 0.2934, lr_0 = 3.1522e-04
Loss = 8.6615e-02, PNorm = 102.5659, GNorm = 0.8172, lr_0 = 3.1490e-04
Loss = 4.2593e-02, PNorm = 102.5822, GNorm = 0.4837, lr_0 = 3.1457e-04
Loss = 4.6366e-02, PNorm = 102.6002, GNorm = 0.2649, lr_0 = 3.1425e-04
Loss = 3.2287e-02, PNorm = 102.6138, GNorm = 0.1753, lr_0 = 3.1393e-04
Loss = 9.1418e-02, PNorm = 102.6160, GNorm = 0.7251, lr_0 = 3.1361e-04
Loss = 3.4664e-02, PNorm = 102.6209, GNorm = 0.4500, lr_0 = 3.1328e-04
Loss = 7.2589e-02, PNorm = 102.6294, GNorm = 0.4740, lr_0 = 3.1296e-04
Loss = 4.6834e-02, PNorm = 102.6402, GNorm = 0.4275, lr_0 = 3.1264e-04
Loss = 4.9634e-02, PNorm = 102.6562, GNorm = 0.4707, lr_0 = 3.1232e-04
Loss = 7.2548e-02, PNorm = 102.6691, GNorm = 1.2825, lr_0 = 3.1200e-04
Loss = 5.3995e-02, PNorm = 102.6764, GNorm = 0.3288, lr_0 = 3.1168e-04
Loss = 4.0719e-02, PNorm = 102.6835, GNorm = 0.6544, lr_0 = 3.1136e-04
Loss = 7.0628e-02, PNorm = 102.6914, GNorm = 0.7840, lr_0 = 3.1104e-04
Loss = 4.0979e-02, PNorm = 102.6965, GNorm = 0.2785, lr_0 = 3.1072e-04
Loss = 8.1897e-02, PNorm = 102.7010, GNorm = 0.3402, lr_0 = 3.1040e-04
Loss = 4.8249e-02, PNorm = 102.7080, GNorm = 0.3751, lr_0 = 3.1008e-04
Loss = 5.2805e-02, PNorm = 102.7183, GNorm = 0.3161, lr_0 = 3.0976e-04
Loss = 4.7601e-02, PNorm = 102.7258, GNorm = 0.3055, lr_0 = 3.0944e-04
Loss = 3.4709e-02, PNorm = 102.7359, GNorm = 0.2703, lr_0 = 3.0912e-04
Loss = 7.1905e-02, PNorm = 102.7408, GNorm = 0.5523, lr_0 = 3.0881e-04
Loss = 3.8333e-02, PNorm = 102.7443, GNorm = 0.8426, lr_0 = 3.0849e-04
Loss = 7.9178e-02, PNorm = 102.7492, GNorm = 0.7714, lr_0 = 3.0817e-04
Loss = 2.0851e-02, PNorm = 102.7625, GNorm = 0.2800, lr_0 = 3.0786e-04
Loss = 5.6250e-02, PNorm = 102.7745, GNorm = 0.2587, lr_0 = 3.0754e-04
Loss = 5.0960e-02, PNorm = 102.7881, GNorm = 0.5535, lr_0 = 3.0722e-04
Loss = 6.5661e-02, PNorm = 102.7914, GNorm = 0.3066, lr_0 = 3.0691e-04
Loss = 3.6005e-02, PNorm = 102.8013, GNorm = 0.2731, lr_0 = 3.0659e-04
Loss = 6.2157e-02, PNorm = 102.8151, GNorm = 0.2624, lr_0 = 3.0628e-04
Loss = 8.6812e-02, PNorm = 102.8145, GNorm = 0.4785, lr_0 = 3.0596e-04
Loss = 4.5102e-02, PNorm = 102.8313, GNorm = 0.3288, lr_0 = 3.0565e-04
Loss = 4.6703e-02, PNorm = 102.8447, GNorm = 0.3008, lr_0 = 3.0534e-04
Loss = 4.2587e-02, PNorm = 102.8548, GNorm = 0.4772, lr_0 = 3.0502e-04
Loss = 7.3978e-02, PNorm = 102.8612, GNorm = 1.3591, lr_0 = 3.0471e-04
Loss = 4.5710e-02, PNorm = 102.8734, GNorm = 0.7721, lr_0 = 3.0439e-04
Loss = 6.8531e-02, PNorm = 102.8846, GNorm = 0.3633, lr_0 = 3.0408e-04
Loss = 1.1254e-01, PNorm = 102.8943, GNorm = 0.5358, lr_0 = 3.0377e-04
Loss = 5.2019e-02, PNorm = 102.9115, GNorm = 0.5409, lr_0 = 3.0346e-04
Loss = 1.6795e-01, PNorm = 102.9515, GNorm = 0.9406, lr_0 = 3.0315e-04
Loss = 7.3818e-02, PNorm = 103.0097, GNorm = 0.7077, lr_0 = 3.0283e-04
Loss = 6.0043e-02, PNorm = 103.0417, GNorm = 0.4482, lr_0 = 3.0252e-04
Loss = 4.0170e-02, PNorm = 103.0598, GNorm = 0.3081, lr_0 = 3.0221e-04
Loss = 8.9628e-02, PNorm = 103.0658, GNorm = 0.3271, lr_0 = 3.0190e-04
Loss = 4.8055e-02, PNorm = 103.0690, GNorm = 0.4804, lr_0 = 3.0159e-04
Loss = 3.0517e-02, PNorm = 103.0765, GNorm = 0.3162, lr_0 = 3.0128e-04
Loss = 5.2552e-02, PNorm = 103.0836, GNorm = 0.2318, lr_0 = 3.0097e-04
Loss = 5.6785e-02, PNorm = 103.0887, GNorm = 0.7106, lr_0 = 3.0066e-04
Loss = 3.3583e-02, PNorm = 103.0929, GNorm = 0.5499, lr_0 = 3.0035e-04
Loss = 3.6843e-02, PNorm = 103.0954, GNorm = 0.2195, lr_0 = 3.0005e-04
Loss = 8.1826e-02, PNorm = 103.0969, GNorm = 2.3623, lr_0 = 2.9974e-04
Loss = 6.0278e-02, PNorm = 103.0956, GNorm = 0.5370, lr_0 = 2.9943e-04
Loss = 5.4812e-02, PNorm = 103.1015, GNorm = 0.4469, lr_0 = 2.9912e-04
Loss = 7.4492e-02, PNorm = 103.1078, GNorm = 0.7094, lr_0 = 2.9881e-04
Loss = 4.5031e-02, PNorm = 103.1153, GNorm = 1.1846, lr_0 = 2.9851e-04
Loss = 1.6724e-02, PNorm = 103.1237, GNorm = 0.1961, lr_0 = 2.9820e-04
Loss = 4.1547e-02, PNorm = 103.1297, GNorm = 1.0086, lr_0 = 2.9789e-04
Loss = 7.0189e-02, PNorm = 103.1299, GNorm = 0.2665, lr_0 = 2.9759e-04
Loss = 3.1282e-02, PNorm = 103.1316, GNorm = 0.3287, lr_0 = 2.9728e-04
Loss = 7.1076e-02, PNorm = 103.1358, GNorm = 0.3599, lr_0 = 2.9698e-04
Loss = 2.1872e-02, PNorm = 103.1445, GNorm = 0.3787, lr_0 = 2.9667e-04
Loss = 3.7663e-02, PNorm = 103.1558, GNorm = 0.6988, lr_0 = 2.9637e-04
Loss = 4.8333e-02, PNorm = 103.1581, GNorm = 0.2000, lr_0 = 2.9606e-04
Loss = 6.2658e-02, PNorm = 103.1575, GNorm = 0.7297, lr_0 = 2.9576e-04
Loss = 5.0505e-02, PNorm = 103.1578, GNorm = 0.6403, lr_0 = 2.9545e-04
Loss = 4.0931e-02, PNorm = 103.1622, GNorm = 0.3573, lr_0 = 2.9515e-04
Loss = 4.4682e-02, PNorm = 103.1687, GNorm = 0.2974, lr_0 = 2.9485e-04
Loss = 3.0241e-02, PNorm = 103.1785, GNorm = 1.5532, lr_0 = 2.9455e-04
Loss = 1.0313e-01, PNorm = 103.1771, GNorm = 0.5351, lr_0 = 2.9424e-04
Loss = 5.9865e-02, PNorm = 103.1755, GNorm = 0.4218, lr_0 = 2.9394e-04
Loss = 3.8450e-02, PNorm = 103.1804, GNorm = 0.4057, lr_0 = 2.9364e-04
Loss = 4.7895e-02, PNorm = 103.1880, GNorm = 1.0428, lr_0 = 2.9334e-04
Loss = 6.1728e-02, PNorm = 103.1911, GNorm = 0.2700, lr_0 = 2.9304e-04
Loss = 5.5678e-02, PNorm = 103.1923, GNorm = 0.2817, lr_0 = 2.9273e-04
Loss = 5.6182e-02, PNorm = 103.1964, GNorm = 0.5419, lr_0 = 2.9243e-04
Loss = 3.5239e-02, PNorm = 103.2034, GNorm = 0.6092, lr_0 = 2.9213e-04
Loss = 6.9287e-02, PNorm = 103.2045, GNorm = 0.3622, lr_0 = 2.9183e-04
Loss = 9.9546e-03, PNorm = 103.2133, GNorm = 0.3176, lr_0 = 2.9153e-04
Loss = 3.8107e-02, PNorm = 103.2221, GNorm = 0.6671, lr_0 = 2.9123e-04
Validation auc = 0.575869
Epoch 17
Loss = 4.4634e-02, PNorm = 103.2236, GNorm = 0.1493, lr_0 = 2.9093e-04
Loss = 2.6124e-02, PNorm = 103.2257, GNorm = 0.1708, lr_0 = 2.9064e-04
Loss = 9.4478e-02, PNorm = 103.2210, GNorm = 0.8137, lr_0 = 2.9034e-04
Loss = 1.0702e-02, PNorm = 103.2237, GNorm = 0.3184, lr_0 = 2.9004e-04
Loss = 4.9526e-02, PNorm = 103.2278, GNorm = 0.2814, lr_0 = 2.8974e-04
Loss = 4.5804e-02, PNorm = 103.2314, GNorm = 0.2794, lr_0 = 2.8944e-04
Loss = 3.3307e-02, PNorm = 103.2368, GNorm = 0.2463, lr_0 = 2.8915e-04
Loss = 5.2213e-02, PNorm = 103.2407, GNorm = 0.2075, lr_0 = 2.8885e-04
Loss = 4.8804e-02, PNorm = 103.2439, GNorm = 0.2426, lr_0 = 2.8855e-04
Loss = 3.3937e-02, PNorm = 103.2480, GNorm = 0.2891, lr_0 = 2.8825e-04
Loss = 1.4420e-02, PNorm = 103.2550, GNorm = 0.1877, lr_0 = 2.8796e-04
Loss = 7.4505e-02, PNorm = 103.2561, GNorm = 0.7568, lr_0 = 2.8766e-04
Loss = 4.9797e-02, PNorm = 103.2556, GNorm = 0.5526, lr_0 = 2.8737e-04
Loss = 3.5318e-02, PNorm = 103.2597, GNorm = 0.2693, lr_0 = 2.8707e-04
Loss = 3.4665e-02, PNorm = 103.2652, GNorm = 0.2544, lr_0 = 2.8678e-04
Loss = 7.6911e-02, PNorm = 103.2673, GNorm = 0.2625, lr_0 = 2.8648e-04
Loss = 5.9499e-02, PNorm = 103.2687, GNorm = 0.3744, lr_0 = 2.8619e-04
Loss = 4.2720e-02, PNorm = 103.2725, GNorm = 0.3586, lr_0 = 2.8589e-04
Loss = 1.0299e-01, PNorm = 103.2744, GNorm = 0.4166, lr_0 = 2.8560e-04
Loss = 5.7974e-02, PNorm = 103.2788, GNorm = 0.4392, lr_0 = 2.8531e-04
Loss = 4.0297e-02, PNorm = 103.2850, GNorm = 0.4000, lr_0 = 2.8501e-04
Loss = 6.0837e-02, PNorm = 103.2917, GNorm = 0.5454, lr_0 = 2.8472e-04
Loss = 5.6969e-02, PNorm = 103.2958, GNorm = 0.2466, lr_0 = 2.8443e-04
Loss = 1.6587e-02, PNorm = 103.3019, GNorm = 0.2773, lr_0 = 2.8414e-04
Loss = 2.9136e-02, PNorm = 103.3090, GNorm = 0.2289, lr_0 = 2.8384e-04
Loss = 5.7798e-02, PNorm = 103.3111, GNorm = 0.1809, lr_0 = 2.8355e-04
Loss = 3.4026e-02, PNorm = 103.3148, GNorm = 0.4443, lr_0 = 2.8326e-04
Loss = 3.1818e-02, PNorm = 103.3171, GNorm = 0.2338, lr_0 = 2.8297e-04
Loss = 7.1915e-02, PNorm = 103.3193, GNorm = 0.7839, lr_0 = 2.8268e-04
Loss = 1.0837e-01, PNorm = 103.3158, GNorm = 0.6517, lr_0 = 2.8239e-04
Loss = 4.3592e-02, PNorm = 103.3190, GNorm = 0.5444, lr_0 = 2.8210e-04
Loss = 7.1436e-02, PNorm = 103.3266, GNorm = 0.4406, lr_0 = 2.8181e-04
Loss = 6.7926e-02, PNorm = 103.3341, GNorm = 0.2914, lr_0 = 2.8152e-04
Loss = 3.0684e-02, PNorm = 103.3420, GNorm = 0.4891, lr_0 = 2.8123e-04
Loss = 5.9176e-02, PNorm = 103.3474, GNorm = 0.2538, lr_0 = 2.8094e-04
Loss = 5.4121e-02, PNorm = 103.3536, GNorm = 0.2509, lr_0 = 2.8065e-04
Loss = 2.7280e-02, PNorm = 103.3610, GNorm = 0.2758, lr_0 = 2.8036e-04
Loss = 9.0219e-02, PNorm = 103.3673, GNorm = 0.5877, lr_0 = 2.8008e-04
Loss = 6.5442e-02, PNorm = 103.3727, GNorm = 0.3916, lr_0 = 2.7979e-04
Loss = 3.2874e-02, PNorm = 103.3813, GNorm = 0.3090, lr_0 = 2.7950e-04
Loss = 9.0462e-02, PNorm = 103.3852, GNorm = 0.3470, lr_0 = 2.7921e-04
Loss = 9.4000e-02, PNorm = 103.3884, GNorm = 1.2105, lr_0 = 2.7893e-04
Loss = 5.5932e-02, PNorm = 103.3941, GNorm = 0.4997, lr_0 = 2.7864e-04
Loss = 5.2446e-02, PNorm = 103.4051, GNorm = 0.4299, lr_0 = 2.7835e-04
Loss = 6.4932e-02, PNorm = 103.4142, GNorm = 0.3036, lr_0 = 2.7807e-04
Loss = 3.5277e-02, PNorm = 103.4208, GNorm = 0.5306, lr_0 = 2.7778e-04
Loss = 7.8111e-02, PNorm = 103.4219, GNorm = 0.2971, lr_0 = 2.7750e-04
Loss = 3.8273e-02, PNorm = 103.4275, GNorm = 0.3210, lr_0 = 2.7721e-04
Loss = 6.9704e-02, PNorm = 103.4339, GNorm = 0.3142, lr_0 = 2.7693e-04
Loss = 6.8648e-02, PNorm = 103.4394, GNorm = 0.7246, lr_0 = 2.7664e-04
Loss = 4.8111e-02, PNorm = 103.4470, GNorm = 0.3074, lr_0 = 2.7636e-04
Loss = 2.0246e-02, PNorm = 103.4559, GNorm = 0.2610, lr_0 = 2.7607e-04
Loss = 6.5301e-02, PNorm = 103.4633, GNorm = 0.7314, lr_0 = 2.7579e-04
Loss = 6.3467e-02, PNorm = 103.4640, GNorm = 0.2984, lr_0 = 2.7551e-04
Loss = 6.3448e-02, PNorm = 103.4670, GNorm = 0.3467, lr_0 = 2.7522e-04
Loss = 5.4004e-02, PNorm = 103.4732, GNorm = 0.5348, lr_0 = 2.7494e-04
Loss = 5.4937e-02, PNorm = 103.4785, GNorm = 0.3277, lr_0 = 2.7466e-04
Loss = 6.4555e-02, PNorm = 103.4849, GNorm = 0.3235, lr_0 = 2.7438e-04
Loss = 3.8346e-02, PNorm = 103.4922, GNorm = 0.6189, lr_0 = 2.7410e-04
Loss = 6.6018e-02, PNorm = 103.4980, GNorm = 0.2455, lr_0 = 2.7381e-04
Loss = 8.2672e-02, PNorm = 103.4970, GNorm = 0.3910, lr_0 = 2.7353e-04
Loss = 1.3602e-02, PNorm = 103.5047, GNorm = 0.3588, lr_0 = 2.7325e-04
Loss = 1.0868e-01, PNorm = 103.5087, GNorm = 0.3262, lr_0 = 2.7297e-04
Loss = 4.9795e-02, PNorm = 103.5132, GNorm = 0.3901, lr_0 = 2.7269e-04
Loss = 2.0076e-02, PNorm = 103.5265, GNorm = 0.2778, lr_0 = 2.7241e-04
Loss = 8.2074e-02, PNorm = 103.5344, GNorm = 0.6286, lr_0 = 2.7213e-04
Loss = 5.7134e-02, PNorm = 103.5387, GNorm = 0.6158, lr_0 = 2.7185e-04
Loss = 8.2183e-02, PNorm = 103.5392, GNorm = 1.0903, lr_0 = 2.7157e-04
Loss = 1.0219e-01, PNorm = 103.5658, GNorm = 0.3494, lr_0 = 2.7129e-04
Loss = 4.4454e-02, PNorm = 103.5986, GNorm = 0.3077, lr_0 = 2.7101e-04
Loss = 5.5816e-02, PNorm = 103.6166, GNorm = 0.3080, lr_0 = 2.7074e-04
Loss = 6.5539e-02, PNorm = 103.6269, GNorm = 0.5123, lr_0 = 2.7046e-04
Loss = 2.7182e-02, PNorm = 103.6345, GNorm = 0.2110, lr_0 = 2.7018e-04
Loss = 3.7054e-02, PNorm = 103.6417, GNorm = 0.2129, lr_0 = 2.6990e-04
Loss = 6.6337e-02, PNorm = 103.6466, GNorm = 0.6630, lr_0 = 2.6962e-04
Loss = 3.7484e-02, PNorm = 103.6516, GNorm = 0.2306, lr_0 = 2.6935e-04
Loss = 7.0813e-02, PNorm = 103.6551, GNorm = 0.6436, lr_0 = 2.6907e-04
Loss = 3.8603e-02, PNorm = 103.6624, GNorm = 0.3005, lr_0 = 2.6879e-04
Loss = 2.6996e-02, PNorm = 103.6742, GNorm = 0.6633, lr_0 = 2.6852e-04
Loss = 5.3080e-02, PNorm = 103.6810, GNorm = 0.6717, lr_0 = 2.6824e-04
Validation auc = 0.552087
Epoch 18
Loss = 2.5648e-02, PNorm = 103.6901, GNorm = 0.2105, lr_0 = 2.6797e-04
Loss = 6.1364e-02, PNorm = 103.6952, GNorm = 0.2303, lr_0 = 2.6769e-04
Loss = 5.9187e-02, PNorm = 103.7022, GNorm = 0.2817, lr_0 = 2.6742e-04
Loss = 9.1104e-02, PNorm = 103.7074, GNorm = 0.4929, lr_0 = 2.6714e-04
Loss = 7.1831e-02, PNorm = 103.7144, GNorm = 0.5344, lr_0 = 2.6687e-04
Loss = 2.1854e-02, PNorm = 103.7314, GNorm = 0.3418, lr_0 = 2.6659e-04
Loss = 7.4492e-02, PNorm = 103.7433, GNorm = 0.2301, lr_0 = 2.6632e-04
Loss = 5.3023e-02, PNorm = 103.7487, GNorm = 0.2565, lr_0 = 2.6605e-04
Loss = 6.4128e-02, PNorm = 103.7549, GNorm = 0.2748, lr_0 = 2.6577e-04
Loss = 9.3912e-02, PNorm = 103.7564, GNorm = 0.4008, lr_0 = 2.6550e-04
Loss = 4.3617e-02, PNorm = 103.7630, GNorm = 0.4425, lr_0 = 2.6523e-04
Loss = 7.4016e-02, PNorm = 103.7714, GNorm = 1.6770, lr_0 = 2.6495e-04
Loss = 5.0737e-02, PNorm = 103.7774, GNorm = 0.3687, lr_0 = 2.6468e-04
Loss = 6.2269e-02, PNorm = 103.7862, GNorm = 0.3006, lr_0 = 2.6441e-04
Loss = 4.9953e-02, PNorm = 103.7961, GNorm = 0.2449, lr_0 = 2.6414e-04
Loss = 3.6943e-02, PNorm = 103.8054, GNorm = 0.7912, lr_0 = 2.6387e-04
Loss = 6.1708e-02, PNorm = 103.8091, GNorm = 0.7268, lr_0 = 2.6360e-04
Loss = 5.2832e-02, PNorm = 103.8105, GNorm = 0.3025, lr_0 = 2.6332e-04
Loss = 3.6108e-02, PNorm = 103.8193, GNorm = 0.2562, lr_0 = 2.6305e-04
Loss = 3.8423e-02, PNorm = 103.8306, GNorm = 0.5972, lr_0 = 2.6278e-04
Loss = 1.5715e-02, PNorm = 103.8444, GNorm = 0.1668, lr_0 = 2.6251e-04
Loss = 5.7607e-02, PNorm = 103.8532, GNorm = 0.8022, lr_0 = 2.6224e-04
Loss = 5.3794e-02, PNorm = 103.8526, GNorm = 1.3169, lr_0 = 2.6197e-04
Loss = 2.3133e-02, PNorm = 103.8532, GNorm = 0.1994, lr_0 = 2.6171e-04
Loss = 3.1657e-02, PNorm = 103.8587, GNorm = 0.2098, lr_0 = 2.6144e-04
Loss = 3.2434e-02, PNorm = 103.8668, GNorm = 0.1679, lr_0 = 2.6117e-04
Loss = 2.9713e-02, PNorm = 103.8759, GNorm = 0.5336, lr_0 = 2.6090e-04
Loss = 6.7926e-02, PNorm = 103.8803, GNorm = 0.6663, lr_0 = 2.6063e-04
Loss = 2.9885e-02, PNorm = 103.8850, GNorm = 0.2345, lr_0 = 2.6036e-04
Loss = 6.0080e-02, PNorm = 103.8893, GNorm = 0.2493, lr_0 = 2.6010e-04
Loss = 4.8667e-02, PNorm = 103.8937, GNorm = 0.2203, lr_0 = 2.5983e-04
Loss = 6.3017e-02, PNorm = 103.8993, GNorm = 0.6900, lr_0 = 2.5956e-04
Loss = 9.2377e-03, PNorm = 103.9096, GNorm = 0.2238, lr_0 = 2.5930e-04
Loss = 8.9380e-02, PNorm = 103.9157, GNorm = 0.4629, lr_0 = 2.5903e-04
Loss = 9.1548e-02, PNorm = 103.9159, GNorm = 0.3650, lr_0 = 2.5876e-04
Loss = 6.4178e-02, PNorm = 103.9280, GNorm = 0.4043, lr_0 = 2.5850e-04
Loss = 6.2730e-02, PNorm = 103.9430, GNorm = 0.4210, lr_0 = 2.5823e-04
Loss = 5.0151e-02, PNorm = 103.9687, GNorm = 0.6562, lr_0 = 2.5797e-04
Loss = 8.5292e-02, PNorm = 103.9824, GNorm = 0.4386, lr_0 = 2.5770e-04
Loss = 4.6780e-02, PNorm = 103.9861, GNorm = 0.3854, lr_0 = 2.5744e-04
Loss = 1.0176e-01, PNorm = 103.9878, GNorm = 0.4415, lr_0 = 2.5717e-04
Loss = 2.4944e-02, PNorm = 103.9971, GNorm = 0.4010, lr_0 = 2.5691e-04
Loss = 3.2302e-02, PNorm = 104.0048, GNorm = 0.2635, lr_0 = 2.5664e-04
Loss = 2.3388e-02, PNorm = 104.0130, GNorm = 0.1637, lr_0 = 2.5638e-04
Loss = 4.0115e-02, PNorm = 104.0190, GNorm = 0.9646, lr_0 = 2.5612e-04
Loss = 2.3039e-02, PNorm = 104.0209, GNorm = 0.1321, lr_0 = 2.5585e-04
Loss = 7.0256e-02, PNorm = 104.0206, GNorm = 0.1516, lr_0 = 2.5559e-04
Loss = 4.5212e-02, PNorm = 104.0222, GNorm = 0.1973, lr_0 = 2.5533e-04
Loss = 1.9205e-02, PNorm = 104.0284, GNorm = 0.7190, lr_0 = 2.5507e-04
Loss = 6.8044e-02, PNorm = 104.0324, GNorm = 1.2435, lr_0 = 2.5480e-04
Loss = 7.4836e-02, PNorm = 104.0308, GNorm = 0.3080, lr_0 = 2.5454e-04
Loss = 6.1246e-02, PNorm = 104.0340, GNorm = 0.3917, lr_0 = 2.5428e-04
Loss = 7.7639e-02, PNorm = 104.0406, GNorm = 0.3844, lr_0 = 2.5402e-04
Loss = 5.0924e-02, PNorm = 104.0490, GNorm = 0.6973, lr_0 = 2.5376e-04
Loss = 4.5787e-02, PNorm = 104.0587, GNorm = 0.2615, lr_0 = 2.5350e-04
Loss = 1.8809e-02, PNorm = 104.0672, GNorm = 0.2165, lr_0 = 2.5324e-04
Loss = 3.0076e-02, PNorm = 104.0736, GNorm = 0.1797, lr_0 = 2.5298e-04
Loss = 3.5368e-02, PNorm = 104.0801, GNorm = 0.1457, lr_0 = 2.5272e-04
Loss = 7.9914e-02, PNorm = 104.0824, GNorm = 0.9546, lr_0 = 2.5246e-04
Loss = 4.2727e-02, PNorm = 104.0828, GNorm = 0.2381, lr_0 = 2.5220e-04
Loss = 5.5586e-02, PNorm = 104.0875, GNorm = 0.2698, lr_0 = 2.5194e-04
Loss = 7.8766e-02, PNorm = 104.0864, GNorm = 0.2686, lr_0 = 2.5168e-04
Loss = 7.7728e-02, PNorm = 104.0859, GNorm = 0.7161, lr_0 = 2.5142e-04
Loss = 2.9571e-02, PNorm = 104.0952, GNorm = 0.5193, lr_0 = 2.5116e-04
Loss = 6.2421e-02, PNorm = 104.1004, GNorm = 0.2502, lr_0 = 2.5090e-04
Loss = 6.8901e-02, PNorm = 104.1051, GNorm = 0.3023, lr_0 = 2.5065e-04
Loss = 4.1870e-02, PNorm = 104.1120, GNorm = 0.9184, lr_0 = 2.5039e-04
Loss = 3.8323e-02, PNorm = 104.1172, GNorm = 0.2629, lr_0 = 2.5013e-04
Loss = 7.0241e-02, PNorm = 104.1210, GNorm = 0.2699, lr_0 = 2.4988e-04
Loss = 7.8229e-02, PNorm = 104.1217, GNorm = 0.2440, lr_0 = 2.4962e-04
Loss = 1.0748e-01, PNorm = 104.1180, GNorm = 0.3714, lr_0 = 2.4936e-04
Loss = 5.3361e-02, PNorm = 104.1217, GNorm = 0.4343, lr_0 = 2.4911e-04
Loss = 4.3549e-02, PNorm = 104.1320, GNorm = 1.1515, lr_0 = 2.4885e-04
Loss = 4.6875e-02, PNorm = 104.1394, GNorm = 0.2713, lr_0 = 2.4859e-04
Loss = 4.1084e-02, PNorm = 104.1453, GNorm = 0.6136, lr_0 = 2.4834e-04
Loss = 6.5436e-02, PNorm = 104.1472, GNorm = 0.7217, lr_0 = 2.4808e-04
Loss = 1.0248e-01, PNorm = 104.1458, GNorm = 0.3643, lr_0 = 2.4783e-04
Loss = 2.9993e-02, PNorm = 104.1510, GNorm = 0.3819, lr_0 = 2.4757e-04
Loss = 5.3586e-02, PNorm = 104.1595, GNorm = 0.9647, lr_0 = 2.4732e-04
Loss = 4.5504e-02, PNorm = 104.1629, GNorm = 0.2276, lr_0 = 2.4707e-04
Validation auc = 0.563870
Epoch 19
Loss = 9.2022e-02, PNorm = 104.1646, GNorm = 0.3232, lr_0 = 2.4681e-04
Loss = 5.0661e-02, PNorm = 104.1688, GNorm = 0.6252, lr_0 = 2.4656e-04
Loss = 4.4957e-02, PNorm = 104.1754, GNorm = 0.3264, lr_0 = 2.4630e-04
Loss = 2.7086e-02, PNorm = 104.1840, GNorm = 0.2369, lr_0 = 2.4605e-04
Loss = 3.7313e-02, PNorm = 104.1923, GNorm = 0.5593, lr_0 = 2.4580e-04
Loss = 2.4490e-02, PNorm = 104.1987, GNorm = 0.1657, lr_0 = 2.4555e-04
Loss = 2.9838e-02, PNorm = 104.2018, GNorm = 0.1046, lr_0 = 2.4529e-04
Loss = 3.6824e-02, PNorm = 104.2028, GNorm = 0.1321, lr_0 = 2.4504e-04
Loss = 7.8838e-02, PNorm = 104.2029, GNorm = 1.3114, lr_0 = 2.4479e-04
Loss = 7.0398e-02, PNorm = 104.2009, GNorm = 0.2955, lr_0 = 2.4454e-04
Loss = 1.2806e-02, PNorm = 104.2084, GNorm = 0.2622, lr_0 = 2.4429e-04
Loss = 5.4270e-02, PNorm = 104.2180, GNorm = 0.5882, lr_0 = 2.4404e-04
Loss = 9.9601e-02, PNorm = 104.2180, GNorm = 0.2951, lr_0 = 2.4379e-04
Loss = 3.6042e-02, PNorm = 104.2220, GNorm = 0.3309, lr_0 = 2.4354e-04
Loss = 6.6392e-02, PNorm = 104.2276, GNorm = 0.3221, lr_0 = 2.4329e-04
Loss = 2.6548e-02, PNorm = 104.2361, GNorm = 0.2892, lr_0 = 2.4304e-04
Loss = 2.4143e-02, PNorm = 104.2459, GNorm = 0.2032, lr_0 = 2.4279e-04
Loss = 5.4239e-03, PNorm = 104.2556, GNorm = 0.1080, lr_0 = 2.4254e-04
Loss = 1.5650e-02, PNorm = 104.2645, GNorm = 0.0761, lr_0 = 2.4229e-04
Loss = 3.9175e-02, PNorm = 104.2675, GNorm = 0.0707, lr_0 = 2.4204e-04
Loss = 7.6276e-02, PNorm = 104.2618, GNorm = 0.7970, lr_0 = 2.4179e-04
Loss = 4.6372e-02, PNorm = 104.2597, GNorm = 0.2018, lr_0 = 2.4154e-04
Loss = 6.9577e-02, PNorm = 104.2605, GNorm = 0.2596, lr_0 = 2.4129e-04
Loss = 8.3316e-02, PNorm = 104.2615, GNorm = 0.4106, lr_0 = 2.4105e-04
Loss = 6.1803e-02, PNorm = 104.2680, GNorm = 0.3483, lr_0 = 2.4080e-04
Loss = 3.2979e-02, PNorm = 104.2750, GNorm = 0.2998, lr_0 = 2.4055e-04
Loss = 3.1223e-02, PNorm = 104.2843, GNorm = 0.2565, lr_0 = 2.4030e-04
Loss = 4.2287e-02, PNorm = 104.2898, GNorm = 0.1752, lr_0 = 2.4006e-04
Loss = 7.3861e-02, PNorm = 104.2922, GNorm = 0.2138, lr_0 = 2.3981e-04
Loss = 6.4503e-02, PNorm = 104.2919, GNorm = 0.2448, lr_0 = 2.3956e-04
Loss = 3.5062e-02, PNorm = 104.2960, GNorm = 0.2278, lr_0 = 2.3932e-04
Loss = 6.8610e-02, PNorm = 104.2997, GNorm = 0.2797, lr_0 = 2.3907e-04
Loss = 3.4888e-02, PNorm = 104.3047, GNorm = 0.2461, lr_0 = 2.3883e-04
Loss = 5.4947e-02, PNorm = 104.3079, GNorm = 0.3866, lr_0 = 2.3858e-04
Loss = 5.9787e-02, PNorm = 104.3082, GNorm = 0.2664, lr_0 = 2.3833e-04
Loss = 6.5426e-02, PNorm = 104.3117, GNorm = 0.7963, lr_0 = 2.3809e-04
Loss = 5.1942e-02, PNorm = 104.3148, GNorm = 0.2959, lr_0 = 2.3785e-04
Loss = 4.5576e-02, PNorm = 104.3201, GNorm = 0.2704, lr_0 = 2.3760e-04
Loss = 5.1769e-02, PNorm = 104.3253, GNorm = 0.2211, lr_0 = 2.3736e-04
Loss = 3.2266e-02, PNorm = 104.3303, GNorm = 0.2141, lr_0 = 2.3711e-04
Loss = 4.6830e-02, PNorm = 104.3342, GNorm = 0.6437, lr_0 = 2.3687e-04
Loss = 7.0837e-02, PNorm = 104.3353, GNorm = 0.5722, lr_0 = 2.3663e-04
Loss = 9.3555e-02, PNorm = 104.3299, GNorm = 0.4593, lr_0 = 2.3638e-04
Loss = 5.0126e-02, PNorm = 104.3344, GNorm = 0.3158, lr_0 = 2.3614e-04
Loss = 5.2388e-02, PNorm = 104.3428, GNorm = 0.3459, lr_0 = 2.3590e-04
Loss = 1.0513e-01, PNorm = 104.3476, GNorm = 0.4115, lr_0 = 2.3566e-04
Loss = 5.8598e-02, PNorm = 104.3528, GNorm = 0.3394, lr_0 = 2.3541e-04
Loss = 2.3404e-02, PNorm = 104.3617, GNorm = 0.2923, lr_0 = 2.3517e-04
Loss = 6.0866e-02, PNorm = 104.3701, GNorm = 1.3950, lr_0 = 2.3493e-04
Loss = 9.5512e-02, PNorm = 104.3682, GNorm = 0.2551, lr_0 = 2.3469e-04
Loss = 7.7218e-02, PNorm = 104.3678, GNorm = 0.3754, lr_0 = 2.3445e-04
Loss = 8.2192e-02, PNorm = 104.3712, GNorm = 0.4366, lr_0 = 2.3421e-04
Loss = 5.3655e-02, PNorm = 104.3768, GNorm = 0.3802, lr_0 = 2.3397e-04
Loss = 2.1458e-02, PNorm = 104.3884, GNorm = 0.2388, lr_0 = 2.3373e-04
Loss = 4.0390e-02, PNorm = 104.3967, GNorm = 0.1530, lr_0 = 2.3348e-04
Loss = 6.7029e-02, PNorm = 104.4006, GNorm = 0.4692, lr_0 = 2.3325e-04
Loss = 6.3340e-02, PNorm = 104.4009, GNorm = 0.2338, lr_0 = 2.3301e-04
Loss = 4.8705e-02, PNorm = 104.4036, GNorm = 0.6025, lr_0 = 2.3277e-04
Loss = 7.2651e-02, PNorm = 104.4061, GNorm = 0.3263, lr_0 = 2.3253e-04
Loss = 6.9035e-02, PNorm = 104.4083, GNorm = 0.5332, lr_0 = 2.3229e-04
Loss = 2.9577e-02, PNorm = 104.4142, GNorm = 0.3317, lr_0 = 2.3205e-04
Loss = 3.2284e-02, PNorm = 104.4238, GNorm = 0.4871, lr_0 = 2.3181e-04
Loss = 5.1758e-02, PNorm = 104.4278, GNorm = 0.2027, lr_0 = 2.3157e-04
Loss = 5.4495e-02, PNorm = 104.4313, GNorm = 0.6303, lr_0 = 2.3133e-04
Loss = 9.9138e-02, PNorm = 104.4297, GNorm = 0.3828, lr_0 = 2.3110e-04
Loss = 8.7479e-02, PNorm = 104.4296, GNorm = 0.4162, lr_0 = 2.3086e-04
Loss = 4.3240e-02, PNorm = 104.4364, GNorm = 0.4368, lr_0 = 2.3062e-04
Loss = 4.4119e-02, PNorm = 104.4449, GNorm = 0.3066, lr_0 = 2.3039e-04
Loss = 5.1734e-02, PNorm = 104.4515, GNorm = 0.2041, lr_0 = 2.3015e-04
Loss = 5.8460e-02, PNorm = 104.4559, GNorm = 1.2147, lr_0 = 2.2991e-04
Loss = 6.9683e-02, PNorm = 104.4560, GNorm = 0.2791, lr_0 = 2.2968e-04
Loss = 6.2006e-02, PNorm = 104.4585, GNorm = 0.3192, lr_0 = 2.2944e-04
Loss = 3.9343e-02, PNorm = 104.4647, GNorm = 0.2947, lr_0 = 2.2920e-04
Loss = 5.0348e-02, PNorm = 104.4691, GNorm = 0.2337, lr_0 = 2.2897e-04
Loss = 6.9270e-02, PNorm = 104.4714, GNorm = 0.3633, lr_0 = 2.2873e-04
Loss = 6.7092e-02, PNorm = 104.4741, GNorm = 0.2713, lr_0 = 2.2850e-04
Loss = 3.8773e-02, PNorm = 104.4798, GNorm = 0.2829, lr_0 = 2.2826e-04
Loss = 2.8341e-02, PNorm = 104.4859, GNorm = 0.1870, lr_0 = 2.2803e-04
Loss = 5.5972e-02, PNorm = 104.4898, GNorm = 0.2172, lr_0 = 2.2780e-04
Loss = 2.7733e-02, PNorm = 104.4945, GNorm = 0.1837, lr_0 = 2.2756e-04
Validation auc = 0.567417
Epoch 20
Loss = 6.8587e-02, PNorm = 104.4983, GNorm = 0.8639, lr_0 = 2.2733e-04
Loss = 4.5847e-02, PNorm = 104.5000, GNorm = 0.2536, lr_0 = 2.2709e-04
Loss = 8.1833e-02, PNorm = 104.4984, GNorm = 0.3487, lr_0 = 2.2686e-04
Loss = 6.4837e-02, PNorm = 104.4990, GNorm = 0.3463, lr_0 = 2.2663e-04
Loss = 5.9117e-02, PNorm = 104.5028, GNorm = 0.3440, lr_0 = 2.2639e-04
Loss = 5.2939e-02, PNorm = 104.5111, GNorm = 0.2482, lr_0 = 2.2616e-04
Loss = 2.6892e-02, PNorm = 104.5183, GNorm = 0.1869, lr_0 = 2.2593e-04
Loss = 3.7683e-02, PNorm = 104.5238, GNorm = 0.2014, lr_0 = 2.2570e-04
Loss = 3.5446e-02, PNorm = 104.5288, GNorm = 0.1570, lr_0 = 2.2547e-04
Loss = 4.5422e-02, PNorm = 104.5309, GNorm = 0.1550, lr_0 = 2.2523e-04
Loss = 1.6790e-02, PNorm = 104.5349, GNorm = 0.1642, lr_0 = 2.2500e-04
Loss = 6.0037e-02, PNorm = 104.5355, GNorm = 0.1423, lr_0 = 2.2477e-04
Loss = 6.3947e-02, PNorm = 104.5355, GNorm = 0.4253, lr_0 = 2.2454e-04
Loss = 6.2556e-02, PNorm = 104.5364, GNorm = 0.2903, lr_0 = 2.2431e-04
Loss = 8.4143e-02, PNorm = 104.5382, GNorm = 0.3396, lr_0 = 2.2408e-04
Loss = 3.2154e-02, PNorm = 104.5455, GNorm = 0.3093, lr_0 = 2.2385e-04
Loss = 4.8566e-02, PNorm = 104.5524, GNorm = 0.5980, lr_0 = 2.2362e-04
Loss = 1.6655e-02, PNorm = 104.5581, GNorm = 0.1937, lr_0 = 2.2339e-04
Loss = 4.8904e-02, PNorm = 104.5616, GNorm = 0.1757, lr_0 = 2.2316e-04
Loss = 3.8467e-02, PNorm = 104.5649, GNorm = 0.6875, lr_0 = 2.2293e-04
Loss = 6.2724e-02, PNorm = 104.5651, GNorm = 0.4707, lr_0 = 2.2270e-04
Loss = 6.2460e-02, PNorm = 104.5639, GNorm = 0.4471, lr_0 = 2.2247e-04
Loss = 5.6870e-02, PNorm = 104.5623, GNorm = 0.3555, lr_0 = 2.2224e-04
Loss = 7.6183e-02, PNorm = 104.5660, GNorm = 0.3872, lr_0 = 2.2202e-04
Loss = 7.5511e-02, PNorm = 104.5696, GNorm = 0.5515, lr_0 = 2.2179e-04
Loss = 6.8418e-02, PNorm = 104.5741, GNorm = 0.8432, lr_0 = 2.2156e-04
Loss = 2.4815e-02, PNorm = 104.5820, GNorm = 0.2696, lr_0 = 2.2133e-04
Loss = 4.0519e-02, PNorm = 104.5907, GNorm = 0.6703, lr_0 = 2.2110e-04
Loss = 3.6489e-02, PNorm = 104.5973, GNorm = 0.6907, lr_0 = 2.2088e-04
Loss = 5.6571e-02, PNorm = 104.5989, GNorm = 0.1921, lr_0 = 2.2065e-04
Loss = 7.7628e-02, PNorm = 104.5959, GNorm = 0.2348, lr_0 = 2.2042e-04
Loss = 6.3302e-02, PNorm = 104.5975, GNorm = 0.3497, lr_0 = 2.2020e-04
Loss = 4.8296e-02, PNorm = 104.6040, GNorm = 0.3092, lr_0 = 2.1997e-04
Loss = 7.2954e-02, PNorm = 104.6080, GNorm = 0.2658, lr_0 = 2.1975e-04
Loss = 6.4987e-02, PNorm = 104.6116, GNorm = 0.3515, lr_0 = 2.1952e-04
Loss = 4.7511e-02, PNorm = 104.6198, GNorm = 0.4294, lr_0 = 2.1929e-04
Loss = 3.3240e-02, PNorm = 104.6271, GNorm = 0.2191, lr_0 = 2.1907e-04
Loss = 4.2021e-02, PNorm = 104.6342, GNorm = 0.6618, lr_0 = 2.1884e-04
Loss = 3.8707e-02, PNorm = 104.6373, GNorm = 0.2105, lr_0 = 2.1862e-04
Loss = 5.4896e-02, PNorm = 104.6422, GNorm = 0.4454, lr_0 = 2.1839e-04
Loss = 4.6910e-02, PNorm = 104.6469, GNorm = 0.1934, lr_0 = 2.1817e-04
Loss = 3.2632e-02, PNorm = 104.6534, GNorm = 0.2423, lr_0 = 2.1795e-04
Loss = 5.6851e-02, PNorm = 104.6572, GNorm = 0.2140, lr_0 = 2.1772e-04
Loss = 7.7149e-03, PNorm = 104.6643, GNorm = 0.1883, lr_0 = 2.1750e-04
Loss = 3.4078e-02, PNorm = 104.6711, GNorm = 0.1509, lr_0 = 2.1727e-04
Loss = 4.7770e-02, PNorm = 104.6758, GNorm = 1.0843, lr_0 = 2.1705e-04
Loss = 3.0848e-02, PNorm = 104.6798, GNorm = 0.1253, lr_0 = 2.1683e-04
Loss = 3.4717e-02, PNorm = 104.6843, GNorm = 0.1483, lr_0 = 2.1661e-04
Loss = 5.8566e-02, PNorm = 104.6878, GNorm = 0.1709, lr_0 = 2.1638e-04
Loss = 2.7245e-02, PNorm = 104.6927, GNorm = 0.1639, lr_0 = 2.1616e-04
Loss = 6.6423e-02, PNorm = 104.6977, GNorm = 0.5810, lr_0 = 2.1594e-04
Loss = 1.1070e-01, PNorm = 104.6960, GNorm = 0.6218, lr_0 = 2.1572e-04
Loss = 6.2455e-02, PNorm = 104.6994, GNorm = 0.4715, lr_0 = 2.1550e-04
Loss = 4.0249e-02, PNorm = 104.7080, GNorm = 0.4053, lr_0 = 2.1527e-04
Loss = 1.0459e-01, PNorm = 104.7141, GNorm = 0.9735, lr_0 = 2.1505e-04
Loss = 4.9146e-02, PNorm = 104.7197, GNorm = 0.4395, lr_0 = 2.1483e-04
Loss = 6.5825e-02, PNorm = 104.7275, GNorm = 0.4043, lr_0 = 2.1461e-04
Loss = 4.4994e-02, PNorm = 104.7339, GNorm = 0.3431, lr_0 = 2.1439e-04
Loss = 4.9901e-02, PNorm = 104.7421, GNorm = 0.4049, lr_0 = 2.1417e-04
Loss = 5.3548e-02, PNorm = 104.7488, GNorm = 0.5241, lr_0 = 2.1395e-04
Loss = 7.3603e-02, PNorm = 104.7511, GNorm = 1.1944, lr_0 = 2.1373e-04
Loss = 4.8470e-02, PNorm = 104.7528, GNorm = 0.2666, lr_0 = 2.1351e-04
Loss = 7.8890e-02, PNorm = 104.7563, GNorm = 0.3103, lr_0 = 2.1329e-04
Loss = 4.2328e-02, PNorm = 104.7633, GNorm = 0.3205, lr_0 = 2.1307e-04
Loss = 6.6491e-02, PNorm = 104.7703, GNorm = 0.2346, lr_0 = 2.1285e-04
Loss = 3.4924e-02, PNorm = 104.7805, GNorm = 0.2566, lr_0 = 2.1263e-04
Loss = 5.3380e-02, PNorm = 104.7906, GNorm = 0.2251, lr_0 = 2.1242e-04
Loss = 6.1281e-02, PNorm = 104.7979, GNorm = 1.3046, lr_0 = 2.1220e-04
Loss = 7.6716e-02, PNorm = 104.7985, GNorm = 0.2333, lr_0 = 2.1198e-04
Loss = 9.6084e-02, PNorm = 104.7883, GNorm = 0.3857, lr_0 = 2.1176e-04
Loss = 3.9934e-02, PNorm = 104.7922, GNorm = 0.3252, lr_0 = 2.1154e-04
Loss = 4.4578e-02, PNorm = 104.8021, GNorm = 0.2754, lr_0 = 2.1133e-04
Loss = 4.2554e-02, PNorm = 104.8098, GNorm = 0.2196, lr_0 = 2.1111e-04
Loss = 3.1797e-02, PNorm = 104.8154, GNorm = 0.5194, lr_0 = 2.1089e-04
Loss = 5.1099e-02, PNorm = 104.8195, GNorm = 0.6807, lr_0 = 2.1068e-04
Loss = 5.6326e-02, PNorm = 104.8217, GNorm = 1.2114, lr_0 = 2.1046e-04
Loss = 6.5559e-02, PNorm = 104.8211, GNorm = 0.2275, lr_0 = 2.1024e-04
Loss = 2.5597e-02, PNorm = 104.8255, GNorm = 0.2139, lr_0 = 2.1003e-04
Loss = 5.0111e-02, PNorm = 104.8302, GNorm = 0.7363, lr_0 = 2.0981e-04
Loss = 6.6652e-02, PNorm = 104.8312, GNorm = 0.2506, lr_0 = 2.0960e-04
Validation auc = 0.555228
Epoch 21
Loss = 4.8818e-02, PNorm = 104.8331, GNorm = 0.2579, lr_0 = 2.0938e-04
Loss = 5.1036e-02, PNorm = 104.8397, GNorm = 0.6785, lr_0 = 2.0917e-04
Loss = 3.6953e-02, PNorm = 104.8455, GNorm = 0.2302, lr_0 = 2.0895e-04
Loss = 2.7432e-02, PNorm = 104.8540, GNorm = 0.1984, lr_0 = 2.0874e-04
Loss = 1.0433e-01, PNorm = 104.8569, GNorm = 1.8521, lr_0 = 2.0852e-04
Loss = 4.5072e-02, PNorm = 104.8555, GNorm = 0.3988, lr_0 = 2.0831e-04
Loss = 4.2792e-02, PNorm = 104.8603, GNorm = 0.2768, lr_0 = 2.0809e-04
Loss = 4.4762e-02, PNorm = 104.8678, GNorm = 0.8039, lr_0 = 2.0788e-04
Loss = 7.6419e-02, PNorm = 104.8695, GNorm = 0.2626, lr_0 = 2.0767e-04
Loss = 6.4497e-02, PNorm = 104.8729, GNorm = 0.3100, lr_0 = 2.0745e-04
Loss = 5.1343e-02, PNorm = 104.8809, GNorm = 0.2917, lr_0 = 2.0724e-04
Loss = 4.3931e-02, PNorm = 104.8889, GNorm = 0.2505, lr_0 = 2.0703e-04
Loss = 3.3458e-02, PNorm = 104.8957, GNorm = 0.1986, lr_0 = 2.0681e-04
Loss = 3.5126e-02, PNorm = 104.9014, GNorm = 0.1582, lr_0 = 2.0660e-04
Loss = 7.6215e-02, PNorm = 104.9033, GNorm = 0.3937, lr_0 = 2.0639e-04
Loss = 5.3147e-02, PNorm = 104.9081, GNorm = 0.3636, lr_0 = 2.0618e-04
Loss = 1.8620e-02, PNorm = 104.9165, GNorm = 0.2136, lr_0 = 2.0597e-04
Loss = 6.9543e-02, PNorm = 104.9225, GNorm = 1.0043, lr_0 = 2.0575e-04
Loss = 5.9062e-02, PNorm = 104.9247, GNorm = 0.4528, lr_0 = 2.0554e-04
Loss = 5.4824e-02, PNorm = 104.9293, GNorm = 0.2681, lr_0 = 2.0533e-04
Loss = 6.4413e-02, PNorm = 104.9359, GNorm = 0.9110, lr_0 = 2.0512e-04
Loss = 2.4168e-02, PNorm = 104.9446, GNorm = 0.2240, lr_0 = 2.0491e-04
Loss = 6.6632e-02, PNorm = 104.9488, GNorm = 0.2119, lr_0 = 2.0470e-04
Loss = 3.6981e-02, PNorm = 104.9536, GNorm = 0.2144, lr_0 = 2.0449e-04
Loss = 5.8212e-02, PNorm = 104.9550, GNorm = 0.2309, lr_0 = 2.0428e-04
Loss = 3.3282e-02, PNorm = 104.9617, GNorm = 0.4965, lr_0 = 2.0407e-04
Loss = 4.5913e-02, PNorm = 104.9687, GNorm = 0.1705, lr_0 = 2.0386e-04
Loss = 1.0803e-01, PNorm = 104.9679, GNorm = 0.5102, lr_0 = 2.0365e-04
Loss = 6.5554e-02, PNorm = 104.9688, GNorm = 0.3964, lr_0 = 2.0344e-04
Loss = 7.1795e-02, PNorm = 104.9741, GNorm = 0.4262, lr_0 = 2.0323e-04
Loss = 3.1542e-02, PNorm = 104.9837, GNorm = 0.4213, lr_0 = 2.0302e-04
Loss = 2.1800e-02, PNorm = 104.9948, GNorm = 0.2722, lr_0 = 2.0281e-04
Loss = 3.3409e-02, PNorm = 105.0040, GNorm = 0.5207, lr_0 = 2.0261e-04
Loss = 8.3791e-02, PNorm = 105.0044, GNorm = 0.1928, lr_0 = 2.0240e-04
Loss = 2.6640e-02, PNorm = 105.0058, GNorm = 0.2274, lr_0 = 2.0219e-04
Loss = 9.1797e-02, PNorm = 105.0095, GNorm = 0.2648, lr_0 = 2.0198e-04
Loss = 2.7752e-02, PNorm = 105.0176, GNorm = 0.2332, lr_0 = 2.0177e-04
Loss = 5.7056e-02, PNorm = 105.0240, GNorm = 0.2326, lr_0 = 2.0157e-04
Loss = 3.3460e-02, PNorm = 105.0314, GNorm = 0.4325, lr_0 = 2.0136e-04
Loss = 2.1383e-02, PNorm = 105.0386, GNorm = 0.1751, lr_0 = 2.0115e-04
Loss = 2.6172e-02, PNorm = 105.0447, GNorm = 0.1400, lr_0 = 2.0095e-04
Loss = 3.5291e-02, PNorm = 105.0486, GNorm = 0.1184, lr_0 = 2.0074e-04
Loss = 6.9337e-02, PNorm = 105.0514, GNorm = 1.5419, lr_0 = 2.0053e-04
Loss = 7.1486e-02, PNorm = 105.0461, GNorm = 0.8356, lr_0 = 2.0033e-04
Loss = 4.0631e-02, PNorm = 105.0424, GNorm = 0.2636, lr_0 = 2.0012e-04
Loss = 6.0949e-02, PNorm = 105.0458, GNorm = 0.4369, lr_0 = 1.9992e-04
Loss = 8.0362e-02, PNorm = 105.0495, GNorm = 0.4729, lr_0 = 1.9971e-04
Loss = 3.1977e-02, PNorm = 105.0585, GNorm = 0.3006, lr_0 = 1.9951e-04
Loss = 7.6445e-02, PNorm = 105.0644, GNorm = 0.2536, lr_0 = 1.9930e-04
Loss = 4.1524e-02, PNorm = 105.0699, GNorm = 0.2015, lr_0 = 1.9910e-04
Loss = 4.8199e-02, PNorm = 105.0739, GNorm = 0.5060, lr_0 = 1.9889e-04
Loss = 4.4088e-02, PNorm = 105.0782, GNorm = 0.2115, lr_0 = 1.9869e-04
Loss = 5.7230e-02, PNorm = 105.0797, GNorm = 0.2108, lr_0 = 1.9848e-04
Loss = 1.0205e-01, PNorm = 105.0791, GNorm = 0.3468, lr_0 = 1.9828e-04
Loss = 4.0391e-02, PNorm = 105.0846, GNorm = 0.3247, lr_0 = 1.9808e-04
Loss = 5.5548e-02, PNorm = 105.0919, GNorm = 0.2294, lr_0 = 1.9787e-04
Loss = 4.6641e-02, PNorm = 105.0995, GNorm = 0.4385, lr_0 = 1.9767e-04
Loss = 3.9282e-02, PNorm = 105.1057, GNorm = 0.1859, lr_0 = 1.9747e-04
Loss = 3.4835e-02, PNorm = 105.1133, GNorm = 0.1869, lr_0 = 1.9726e-04
Loss = 4.8424e-02, PNorm = 105.1190, GNorm = 0.8035, lr_0 = 1.9706e-04
Loss = 3.8330e-02, PNorm = 105.1220, GNorm = 0.1835, lr_0 = 1.9686e-04
Loss = 6.2269e-02, PNorm = 105.1243, GNorm = 0.5597, lr_0 = 1.9666e-04
Loss = 8.1699e-02, PNorm = 105.1247, GNorm = 0.2261, lr_0 = 1.9645e-04
Loss = 9.3386e-02, PNorm = 105.1257, GNorm = 0.3554, lr_0 = 1.9625e-04
Loss = 5.7987e-02, PNorm = 105.1173, GNorm = 0.4066, lr_0 = 1.9605e-04
Loss = 2.5110e-02, PNorm = 105.1231, GNorm = 0.2962, lr_0 = 1.9585e-04
Loss = 4.9507e-02, PNorm = 105.1316, GNorm = 0.5380, lr_0 = 1.9565e-04
Loss = 1.0280e-01, PNorm = 105.1342, GNorm = 0.1674, lr_0 = 1.9545e-04
Loss = 7.8722e-02, PNorm = 105.1350, GNorm = 0.2983, lr_0 = 1.9525e-04
Loss = 3.7728e-02, PNorm = 105.1412, GNorm = 0.3736, lr_0 = 1.9504e-04
Loss = 3.7380e-02, PNorm = 105.1492, GNorm = 0.2596, lr_0 = 1.9484e-04
Loss = 2.8853e-02, PNorm = 105.1568, GNorm = 0.2514, lr_0 = 1.9464e-04
Loss = 6.6478e-02, PNorm = 105.1608, GNorm = 0.4837, lr_0 = 1.9444e-04
Loss = 4.4168e-02, PNorm = 105.1628, GNorm = 0.2125, lr_0 = 1.9424e-04
Loss = 6.0612e-02, PNorm = 105.1648, GNorm = 0.2595, lr_0 = 1.9404e-04
Loss = 8.0996e-02, PNorm = 105.1650, GNorm = 0.2958, lr_0 = 1.9385e-04
Loss = 4.3812e-02, PNorm = 105.1688, GNorm = 0.2726, lr_0 = 1.9365e-04
Loss = 7.4932e-02, PNorm = 105.1714, GNorm = 0.3008, lr_0 = 1.9345e-04
Loss = 5.6057e-02, PNorm = 105.1747, GNorm = 0.4084, lr_0 = 1.9325e-04
Loss = 4.3570e-02, PNorm = 105.1803, GNorm = 0.4004, lr_0 = 1.9305e-04
Validation auc = 0.556703
Epoch 22
Loss = 3.6464e-02, PNorm = 105.1861, GNorm = 0.5727, lr_0 = 1.9285e-04
Loss = 6.5258e-02, PNorm = 105.1896, GNorm = 0.2151, lr_0 = 1.9265e-04
Loss = 5.3255e-02, PNorm = 105.1931, GNorm = 0.3935, lr_0 = 1.9246e-04
Loss = 8.9029e-02, PNorm = 105.1924, GNorm = 0.4924, lr_0 = 1.9226e-04
Loss = 7.3265e-02, PNorm = 105.1950, GNorm = 0.6850, lr_0 = 1.9206e-04
Loss = 4.2614e-02, PNorm = 105.1994, GNorm = 0.4980, lr_0 = 1.9186e-04
Loss = 3.0565e-02, PNorm = 105.2076, GNorm = 0.2781, lr_0 = 1.9167e-04
Loss = 8.8958e-03, PNorm = 105.2160, GNorm = 0.1649, lr_0 = 1.9147e-04
Loss = 2.5390e-02, PNorm = 105.2224, GNorm = 0.1377, lr_0 = 1.9127e-04
Loss = 6.5710e-02, PNorm = 105.2253, GNorm = 1.1722, lr_0 = 1.9108e-04
Loss = 2.8143e-02, PNorm = 105.2264, GNorm = 0.1260, lr_0 = 1.9088e-04
Loss = 4.0867e-02, PNorm = 105.2300, GNorm = 1.1926, lr_0 = 1.9068e-04
Loss = 5.9521e-02, PNorm = 105.2292, GNorm = 0.2072, lr_0 = 1.9049e-04
Loss = 2.9949e-02, PNorm = 105.2313, GNorm = 0.2508, lr_0 = 1.9029e-04
Loss = 7.2277e-02, PNorm = 105.2336, GNorm = 0.4379, lr_0 = 1.9010e-04
Loss = 7.3131e-02, PNorm = 105.2321, GNorm = 0.2778, lr_0 = 1.8990e-04
Loss = 3.5423e-02, PNorm = 105.2361, GNorm = 0.2543, lr_0 = 1.8971e-04
Loss = 4.6547e-02, PNorm = 105.2416, GNorm = 0.2409, lr_0 = 1.8951e-04
Loss = 3.3870e-02, PNorm = 105.2478, GNorm = 0.1995, lr_0 = 1.8932e-04
Loss = 2.4960e-02, PNorm = 105.2546, GNorm = 0.1776, lr_0 = 1.8912e-04
Loss = 6.8652e-02, PNorm = 105.2569, GNorm = 0.1360, lr_0 = 1.8893e-04
Loss = 4.0991e-02, PNorm = 105.2571, GNorm = 0.5456, lr_0 = 1.8873e-04
Loss = 7.6778e-02, PNorm = 105.2577, GNorm = 0.6232, lr_0 = 1.8854e-04
Loss = 5.7949e-02, PNorm = 105.2583, GNorm = 0.3555, lr_0 = 1.8835e-04
Loss = 2.6835e-02, PNorm = 105.2613, GNorm = 0.2994, lr_0 = 1.8815e-04
Loss = 4.6397e-02, PNorm = 105.2668, GNorm = 0.3751, lr_0 = 1.8796e-04
Loss = 7.7652e-02, PNorm = 105.2690, GNorm = 0.3447, lr_0 = 1.8777e-04
Loss = 5.2290e-02, PNorm = 105.2729, GNorm = 0.2864, lr_0 = 1.8757e-04
Loss = 1.6167e-02, PNorm = 105.2800, GNorm = 0.2233, lr_0 = 1.8738e-04
Loss = 3.8319e-02, PNorm = 105.2856, GNorm = 0.1719, lr_0 = 1.8719e-04
Loss = 5.5984e-02, PNorm = 105.2910, GNorm = 0.5725, lr_0 = 1.8700e-04
Loss = 5.8055e-02, PNorm = 105.2911, GNorm = 0.4967, lr_0 = 1.8680e-04
Loss = 5.8535e-02, PNorm = 105.2934, GNorm = 0.2100, lr_0 = 1.8661e-04
Loss = 4.6288e-02, PNorm = 105.2963, GNorm = 0.4705, lr_0 = 1.8642e-04
Loss = 3.1604e-02, PNorm = 105.3014, GNorm = 0.2557, lr_0 = 1.8623e-04
Loss = 7.4780e-02, PNorm = 105.3039, GNorm = 0.2495, lr_0 = 1.8604e-04
Loss = 7.7634e-02, PNorm = 105.3066, GNorm = 0.4896, lr_0 = 1.8585e-04
Loss = 5.1110e-02, PNorm = 105.3109, GNorm = 0.3375, lr_0 = 1.8565e-04
Loss = 1.9680e-02, PNorm = 105.3200, GNorm = 0.2255, lr_0 = 1.8546e-04
Loss = 3.3921e-02, PNorm = 105.3273, GNorm = 0.1830, lr_0 = 1.8527e-04
Loss = 6.1188e-02, PNorm = 105.3316, GNorm = 0.1764, lr_0 = 1.8508e-04
Loss = 1.8648e-02, PNorm = 105.3362, GNorm = 0.2405, lr_0 = 1.8489e-04
Loss = 9.1882e-02, PNorm = 105.3371, GNorm = 0.3786, lr_0 = 1.8470e-04
Loss = 8.0869e-02, PNorm = 105.3344, GNorm = 0.4266, lr_0 = 1.8451e-04
Loss = 3.8576e-02, PNorm = 105.3367, GNorm = 0.3575, lr_0 = 1.8432e-04
Loss = 7.4905e-02, PNorm = 105.3418, GNorm = 0.2465, lr_0 = 1.8413e-04
Loss = 4.0432e-02, PNorm = 105.3457, GNorm = 0.2796, lr_0 = 1.8394e-04
Loss = 3.4827e-02, PNorm = 105.3520, GNorm = 0.5007, lr_0 = 1.8376e-04
Loss = 9.7619e-02, PNorm = 105.3533, GNorm = 0.7494, lr_0 = 1.8357e-04
Loss = 7.4499e-02, PNorm = 105.3532, GNorm = 0.3274, lr_0 = 1.8338e-04
Loss = 5.4922e-02, PNorm = 105.3580, GNorm = 0.8587, lr_0 = 1.8319e-04
Loss = 2.4488e-02, PNorm = 105.3657, GNorm = 0.3915, lr_0 = 1.8300e-04
Loss = 5.9962e-02, PNorm = 105.3739, GNorm = 0.8486, lr_0 = 1.8281e-04
Loss = 4.6634e-02, PNorm = 105.3776, GNorm = 0.2177, lr_0 = 1.8263e-04
Loss = 5.3142e-02, PNorm = 105.3811, GNorm = 0.2076, lr_0 = 1.8244e-04
Loss = 4.1354e-02, PNorm = 105.3834, GNorm = 0.2010, lr_0 = 1.8225e-04
Loss = 6.8501e-02, PNorm = 105.3853, GNorm = 0.1929, lr_0 = 1.8206e-04
Loss = 6.5261e-02, PNorm = 105.3876, GNorm = 0.2949, lr_0 = 1.8188e-04
Loss = 8.3379e-02, PNorm = 105.3897, GNorm = 0.3548, lr_0 = 1.8169e-04
Loss = 3.8210e-02, PNorm = 105.3950, GNorm = 0.3039, lr_0 = 1.8150e-04
Loss = 6.9217e-02, PNorm = 105.4007, GNorm = 0.2543, lr_0 = 1.8132e-04
Loss = 7.0432e-02, PNorm = 105.4053, GNorm = 0.6887, lr_0 = 1.8113e-04
Loss = 7.3355e-02, PNorm = 105.4084, GNorm = 0.7505, lr_0 = 1.8094e-04
Loss = 4.1999e-02, PNorm = 105.4115, GNorm = 0.2652, lr_0 = 1.8076e-04
Loss = 5.4553e-02, PNorm = 105.4154, GNorm = 0.2853, lr_0 = 1.8057e-04
Loss = 4.3675e-02, PNorm = 105.4199, GNorm = 0.2492, lr_0 = 1.8039e-04
Loss = 3.7330e-02, PNorm = 105.4236, GNorm = 0.2249, lr_0 = 1.8020e-04
Loss = 2.5760e-02, PNorm = 105.4280, GNorm = 0.1578, lr_0 = 1.8002e-04
Loss = 8.2123e-02, PNorm = 105.4281, GNorm = 1.1494, lr_0 = 1.7983e-04
Loss = 5.2676e-02, PNorm = 105.4279, GNorm = 0.1839, lr_0 = 1.7965e-04
Loss = 6.1989e-02, PNorm = 105.4281, GNorm = 0.3177, lr_0 = 1.7946e-04
Loss = 3.2049e-02, PNorm = 105.4313, GNorm = 0.2449, lr_0 = 1.7928e-04
Loss = 7.7804e-02, PNorm = 105.4340, GNorm = 0.2896, lr_0 = 1.7909e-04
Loss = 4.4689e-02, PNorm = 105.4389, GNorm = 0.8200, lr_0 = 1.7891e-04
Loss = 7.0354e-02, PNorm = 105.4407, GNorm = 0.4884, lr_0 = 1.7873e-04
Loss = 3.7591e-02, PNorm = 105.4433, GNorm = 0.2341, lr_0 = 1.7854e-04
Loss = 3.1844e-02, PNorm = 105.4484, GNorm = 0.2416, lr_0 = 1.7836e-04
Loss = 7.5256e-02, PNorm = 105.4519, GNorm = 0.7304, lr_0 = 1.7818e-04
Loss = 4.4105e-02, PNorm = 105.4536, GNorm = 0.4141, lr_0 = 1.7799e-04
Loss = 7.4024e-02, PNorm = 105.4550, GNorm = 0.5636, lr_0 = 1.7781e-04
Validation auc = 0.557840
Epoch 23
Loss = 1.7090e-02, PNorm = 105.4594, GNorm = 0.2356, lr_0 = 1.7763e-04
Loss = 4.3345e-02, PNorm = 105.4638, GNorm = 0.1939, lr_0 = 1.7744e-04
Loss = 3.7414e-02, PNorm = 105.4682, GNorm = 0.1958, lr_0 = 1.7726e-04
Loss = 4.5499e-02, PNorm = 105.4740, GNorm = 1.1772, lr_0 = 1.7708e-04
Loss = 4.4603e-02, PNorm = 105.4734, GNorm = 0.1346, lr_0 = 1.7690e-04
Loss = 5.1964e-02, PNorm = 105.4704, GNorm = 0.1859, lr_0 = 1.7672e-04
Loss = 6.5302e-02, PNorm = 105.4694, GNorm = 0.2524, lr_0 = 1.7653e-04
Loss = 3.6616e-02, PNorm = 105.4737, GNorm = 1.1848, lr_0 = 1.7635e-04
Loss = 3.6976e-02, PNorm = 105.4778, GNorm = 0.1806, lr_0 = 1.7617e-04
Loss = 1.0275e-01, PNorm = 105.4784, GNorm = 0.8601, lr_0 = 1.7599e-04
Loss = 8.6516e-02, PNorm = 105.4788, GNorm = 0.4187, lr_0 = 1.7581e-04
Loss = 5.4599e-02, PNorm = 105.4848, GNorm = 0.4073, lr_0 = 1.7563e-04
Loss = 7.4823e-02, PNorm = 105.4915, GNorm = 0.2825, lr_0 = 1.7545e-04
Loss = 3.6339e-02, PNorm = 105.4990, GNorm = 0.3952, lr_0 = 1.7527e-04
Loss = 9.0121e-02, PNorm = 105.5010, GNorm = 0.2225, lr_0 = 1.7509e-04
Loss = 3.0344e-02, PNorm = 105.5039, GNorm = 0.4601, lr_0 = 1.7491e-04
Loss = 8.9587e-02, PNorm = 105.5047, GNorm = 0.5164, lr_0 = 1.7473e-04
Loss = 2.9607e-02, PNorm = 105.5073, GNorm = 0.2512, lr_0 = 1.7455e-04
Loss = 3.3132e-02, PNorm = 105.5111, GNorm = 0.1864, lr_0 = 1.7437e-04
Loss = 7.3705e-02, PNorm = 105.5137, GNorm = 0.2156, lr_0 = 1.7419e-04
Loss = 4.1217e-02, PNorm = 105.5165, GNorm = 0.3479, lr_0 = 1.7401e-04
Loss = 2.7961e-02, PNorm = 105.5203, GNorm = 0.2227, lr_0 = 1.7383e-04
Loss = 6.9675e-02, PNorm = 105.5224, GNorm = 0.5437, lr_0 = 1.7366e-04
Loss = 4.6330e-02, PNorm = 105.5251, GNorm = 0.7877, lr_0 = 1.7348e-04
Loss = 3.3896e-02, PNorm = 105.5293, GNorm = 0.1854, lr_0 = 1.7330e-04
Loss = 4.4612e-02, PNorm = 105.5335, GNorm = 0.6536, lr_0 = 1.7312e-04
Loss = 5.6159e-02, PNorm = 105.5356, GNorm = 0.1681, lr_0 = 1.7294e-04
Loss = 5.6576e-02, PNorm = 105.5379, GNorm = 0.1865, lr_0 = 1.7276e-04
Loss = 3.6850e-02, PNorm = 105.5415, GNorm = 0.1791, lr_0 = 1.7259e-04
Loss = 6.9949e-02, PNorm = 105.5444, GNorm = 0.2936, lr_0 = 1.7241e-04
Loss = 3.4032e-02, PNorm = 105.5469, GNorm = 0.2234, lr_0 = 1.7223e-04
Loss = 5.8579e-02, PNorm = 105.5507, GNorm = 0.2313, lr_0 = 1.7206e-04
Loss = 1.7429e-02, PNorm = 105.5557, GNorm = 0.2040, lr_0 = 1.7188e-04
Loss = 5.4598e-02, PNorm = 105.5599, GNorm = 0.5145, lr_0 = 1.7170e-04
Loss = 3.2810e-02, PNorm = 105.5636, GNorm = 0.1619, lr_0 = 1.7153e-04
Loss = 6.7751e-02, PNorm = 105.5652, GNorm = 0.2138, lr_0 = 1.7135e-04
Loss = 7.9451e-02, PNorm = 105.5657, GNorm = 0.4827, lr_0 = 1.7117e-04
Loss = 4.3827e-02, PNorm = 105.5684, GNorm = 0.2454, lr_0 = 1.7100e-04
Loss = 6.2025e-02, PNorm = 105.5715, GNorm = 0.2451, lr_0 = 1.7082e-04
Loss = 5.0281e-02, PNorm = 105.5753, GNorm = 0.2249, lr_0 = 1.7065e-04
Loss = 7.1383e-02, PNorm = 105.5788, GNorm = 0.2558, lr_0 = 1.7047e-04
Loss = 3.6915e-02, PNorm = 105.5822, GNorm = 0.2376, lr_0 = 1.7030e-04
Loss = 5.3205e-02, PNorm = 105.5866, GNorm = 0.2238, lr_0 = 1.7012e-04
Loss = 5.3311e-02, PNorm = 105.5893, GNorm = 0.2489, lr_0 = 1.6995e-04
Loss = 3.5252e-02, PNorm = 105.5956, GNorm = 0.1899, lr_0 = 1.6977e-04
Loss = 8.0117e-02, PNorm = 105.5976, GNorm = 0.2012, lr_0 = 1.6960e-04
Loss = 3.6941e-02, PNorm = 105.6018, GNorm = 0.2434, lr_0 = 1.6942e-04
Loss = 7.4764e-02, PNorm = 105.6057, GNorm = 0.4785, lr_0 = 1.6925e-04
Loss = 7.4747e-02, PNorm = 105.6060, GNorm = 0.2400, lr_0 = 1.6908e-04
Loss = 9.0938e-02, PNorm = 105.6071, GNorm = 0.3924, lr_0 = 1.6890e-04
Loss = 6.1632e-02, PNorm = 105.6108, GNorm = 0.3622, lr_0 = 1.6873e-04
Loss = 5.4102e-02, PNorm = 105.6166, GNorm = 0.2949, lr_0 = 1.6855e-04
Loss = 6.1792e-02, PNorm = 105.6215, GNorm = 0.4353, lr_0 = 1.6838e-04
Loss = 7.2226e-02, PNorm = 105.6234, GNorm = 0.2523, lr_0 = 1.6821e-04
Loss = 3.7918e-02, PNorm = 105.6279, GNorm = 0.2721, lr_0 = 1.6804e-04
Loss = 4.0668e-02, PNorm = 105.6319, GNorm = 0.2106, lr_0 = 1.6786e-04
Loss = 3.9570e-02, PNorm = 105.6363, GNorm = 0.4274, lr_0 = 1.6769e-04
Loss = 2.5488e-02, PNorm = 105.6396, GNorm = 0.1712, lr_0 = 1.6752e-04
Loss = 5.9729e-02, PNorm = 105.6423, GNorm = 1.1398, lr_0 = 1.6735e-04
Loss = 3.5164e-02, PNorm = 105.6431, GNorm = 0.1469, lr_0 = 1.6717e-04
Loss = 2.6820e-02, PNorm = 105.6460, GNorm = 0.5753, lr_0 = 1.6700e-04
Loss = 5.1165e-02, PNorm = 105.6477, GNorm = 0.1417, lr_0 = 1.6683e-04
Loss = 3.5790e-02, PNorm = 105.6494, GNorm = 0.1553, lr_0 = 1.6666e-04
Loss = 7.1714e-02, PNorm = 105.6500, GNorm = 0.1810, lr_0 = 1.6649e-04
Loss = 4.5541e-02, PNorm = 105.6521, GNorm = 0.5208, lr_0 = 1.6632e-04
Loss = 7.3924e-02, PNorm = 105.6530, GNorm = 0.2619, lr_0 = 1.6615e-04
Loss = 3.9470e-02, PNorm = 105.6563, GNorm = 0.2445, lr_0 = 1.6598e-04
Loss = 7.8670e-02, PNorm = 105.6605, GNorm = 0.2768, lr_0 = 1.6581e-04
Loss = 1.9304e-02, PNorm = 105.6654, GNorm = 0.2039, lr_0 = 1.6563e-04
Loss = 4.5738e-02, PNorm = 105.6710, GNorm = 0.1754, lr_0 = 1.6546e-04
Loss = 8.2381e-02, PNorm = 105.6722, GNorm = 0.4007, lr_0 = 1.6529e-04
Loss = 5.9918e-02, PNorm = 105.6731, GNorm = 0.2296, lr_0 = 1.6512e-04
Loss = 8.3433e-02, PNorm = 105.6729, GNorm = 0.2873, lr_0 = 1.6496e-04
Loss = 2.2962e-02, PNorm = 105.6777, GNorm = 0.3859, lr_0 = 1.6479e-04
Loss = 8.9464e-02, PNorm = 105.6824, GNorm = 0.3715, lr_0 = 1.6462e-04
Loss = 1.9253e-02, PNorm = 105.6864, GNorm = 0.2294, lr_0 = 1.6445e-04
Loss = 1.8048e-02, PNorm = 105.6930, GNorm = 0.1963, lr_0 = 1.6428e-04
Loss = 1.4180e-02, PNorm = 105.6993, GNorm = 0.1370, lr_0 = 1.6411e-04
Loss = 6.1750e-02, PNorm = 105.7012, GNorm = 0.1483, lr_0 = 1.6394e-04
Loss = 2.9228e-02, PNorm = 105.7036, GNorm = 0.1215, lr_0 = 1.6377e-04
Validation auc = 0.547079
Epoch 24
Loss = 6.2029e-02, PNorm = 105.7028, GNorm = 0.1238, lr_0 = 1.6360e-04
Loss = 6.8610e-02, PNorm = 105.7016, GNorm = 0.6642, lr_0 = 1.6344e-04
Loss = 5.8231e-02, PNorm = 105.7032, GNorm = 0.2372, lr_0 = 1.6327e-04
Loss = 5.5017e-02, PNorm = 105.7071, GNorm = 0.2368, lr_0 = 1.6310e-04
Loss = 4.8670e-02, PNorm = 105.7106, GNorm = 0.2203, lr_0 = 1.6293e-04
Loss = 4.2948e-02, PNorm = 105.7164, GNorm = 0.2441, lr_0 = 1.6277e-04
Loss = 2.7618e-02, PNorm = 105.7231, GNorm = 0.1846, lr_0 = 1.6260e-04
Loss = 4.0199e-02, PNorm = 105.7290, GNorm = 0.1704, lr_0 = 1.6243e-04
Loss = 1.6652e-02, PNorm = 105.7363, GNorm = 0.5436, lr_0 = 1.6226e-04
Loss = 4.5417e-02, PNorm = 105.7407, GNorm = 0.1015, lr_0 = 1.6210e-04
Loss = 5.1469e-02, PNorm = 105.7395, GNorm = 0.8413, lr_0 = 1.6193e-04
Loss = 4.8359e-02, PNorm = 105.7372, GNorm = 0.3984, lr_0 = 1.6176e-04
Loss = 7.7002e-02, PNorm = 105.7368, GNorm = 0.6515, lr_0 = 1.6160e-04
Loss = 8.0541e-02, PNorm = 105.7361, GNorm = 0.2987, lr_0 = 1.6143e-04
Loss = 7.7636e-02, PNorm = 105.7422, GNorm = 0.4145, lr_0 = 1.6127e-04
Loss = 5.7536e-02, PNorm = 105.7518, GNorm = 0.4495, lr_0 = 1.6110e-04
Loss = 4.9219e-02, PNorm = 105.7618, GNorm = 0.4518, lr_0 = 1.6094e-04
Loss = 4.6843e-02, PNorm = 105.7687, GNorm = 0.3898, lr_0 = 1.6077e-04
Loss = 6.3302e-02, PNorm = 105.7722, GNorm = 0.2103, lr_0 = 1.6060e-04
Loss = 4.3251e-02, PNorm = 105.7761, GNorm = 0.1980, lr_0 = 1.6044e-04
Loss = 4.5563e-02, PNorm = 105.7802, GNorm = 0.1953, lr_0 = 1.6028e-04
Loss = 4.8034e-02, PNorm = 105.7855, GNorm = 0.4898, lr_0 = 1.6011e-04
Loss = 3.7829e-02, PNorm = 105.7895, GNorm = 0.1755, lr_0 = 1.5995e-04
Loss = 5.3893e-02, PNorm = 105.7924, GNorm = 0.1615, lr_0 = 1.5978e-04
Loss = 5.2051e-02, PNorm = 105.7955, GNorm = 0.5056, lr_0 = 1.5962e-04
Loss = 4.9613e-02, PNorm = 105.7991, GNorm = 0.2149, lr_0 = 1.5945e-04
Loss = 9.6132e-02, PNorm = 105.8017, GNorm = 0.2633, lr_0 = 1.5929e-04
Loss = 3.4006e-02, PNorm = 105.8081, GNorm = 0.2830, lr_0 = 1.5913e-04
Loss = 3.3662e-02, PNorm = 105.8174, GNorm = 0.2413, lr_0 = 1.5896e-04
Loss = 8.0657e-02, PNorm = 105.8233, GNorm = 0.2177, lr_0 = 1.5880e-04
Loss = 1.0170e-02, PNorm = 105.8314, GNorm = 0.2205, lr_0 = 1.5864e-04
Loss = 2.7473e-02, PNorm = 105.8419, GNorm = 0.1653, lr_0 = 1.5847e-04
Loss = 1.6542e-02, PNorm = 105.8538, GNorm = 0.1090, lr_0 = 1.5831e-04
Loss = 8.4199e-02, PNorm = 105.8481, GNorm = 0.7965, lr_0 = 1.5815e-04
Loss = 8.3362e-02, PNorm = 105.8449, GNorm = 0.5540, lr_0 = 1.5799e-04
Loss = 8.1667e-02, PNorm = 105.8424, GNorm = 0.5421, lr_0 = 1.5782e-04
Loss = 6.6936e-02, PNorm = 105.8458, GNorm = 0.3394, lr_0 = 1.5766e-04
Loss = 7.9636e-02, PNorm = 105.8510, GNorm = 0.4476, lr_0 = 1.5750e-04
Loss = 4.7512e-02, PNorm = 105.8575, GNorm = 0.8787, lr_0 = 1.5734e-04
Loss = 3.5659e-02, PNorm = 105.8660, GNorm = 0.2924, lr_0 = 1.5718e-04
Loss = 3.0182e-02, PNorm = 105.8728, GNorm = 0.2056, lr_0 = 1.5701e-04
Loss = 5.2847e-02, PNorm = 105.8767, GNorm = 0.1741, lr_0 = 1.5685e-04
Loss = 5.6660e-02, PNorm = 105.8785, GNorm = 0.3013, lr_0 = 1.5669e-04
Loss = 4.0627e-02, PNorm = 105.8811, GNorm = 0.1768, lr_0 = 1.5653e-04
Loss = 7.0164e-02, PNorm = 105.8834, GNorm = 0.4316, lr_0 = 1.5637e-04
Loss = 5.8509e-02, PNorm = 105.8862, GNorm = 0.2425, lr_0 = 1.5621e-04
Loss = 8.2810e-02, PNorm = 105.8901, GNorm = 0.5466, lr_0 = 1.5605e-04
Loss = 5.4336e-02, PNorm = 105.8919, GNorm = 0.4557, lr_0 = 1.5589e-04
Loss = 8.0413e-02, PNorm = 105.8924, GNorm = 0.2832, lr_0 = 1.5573e-04
Loss = 4.0759e-02, PNorm = 105.8951, GNorm = 0.2426, lr_0 = 1.5557e-04
Loss = 5.4707e-02, PNorm = 105.8984, GNorm = 0.4470, lr_0 = 1.5541e-04
Loss = 4.0771e-02, PNorm = 105.9015, GNorm = 0.4998, lr_0 = 1.5525e-04
Loss = 5.3221e-02, PNorm = 105.9040, GNorm = 0.4292, lr_0 = 1.5509e-04
Loss = 1.6483e-02, PNorm = 105.9082, GNorm = 0.1669, lr_0 = 1.5493e-04
Loss = 4.4373e-02, PNorm = 105.9121, GNorm = 0.1579, lr_0 = 1.5477e-04
Loss = 3.4858e-02, PNorm = 105.9152, GNorm = 0.1680, lr_0 = 1.5461e-04
Loss = 3.2979e-02, PNorm = 105.9159, GNorm = 0.1465, lr_0 = 1.5445e-04
Loss = 7.3794e-02, PNorm = 105.9152, GNorm = 0.1476, lr_0 = 1.5429e-04
Loss = 6.7201e-02, PNorm = 105.9144, GNorm = 0.9074, lr_0 = 1.5414e-04
Loss = 7.5552e-02, PNorm = 105.9138, GNorm = 0.3368, lr_0 = 1.5398e-04
Loss = 2.2804e-02, PNorm = 105.9182, GNorm = 0.2682, lr_0 = 1.5382e-04
Loss = 2.5948e-02, PNorm = 105.9254, GNorm = 0.3471, lr_0 = 1.5366e-04
Loss = 7.4813e-02, PNorm = 105.9276, GNorm = 0.1599, lr_0 = 1.5350e-04
Loss = 7.3284e-02, PNorm = 105.9286, GNorm = 0.1960, lr_0 = 1.5335e-04
Loss = 3.2862e-02, PNorm = 105.9281, GNorm = 0.2595, lr_0 = 1.5319e-04
Loss = 6.9490e-02, PNorm = 105.9298, GNorm = 0.3212, lr_0 = 1.5303e-04
Loss = 6.8866e-02, PNorm = 105.9307, GNorm = 0.2804, lr_0 = 1.5287e-04
Loss = 7.5397e-02, PNorm = 105.9342, GNorm = 0.3810, lr_0 = 1.5272e-04
Loss = 7.7324e-02, PNorm = 105.9379, GNorm = 0.7400, lr_0 = 1.5256e-04
Loss = 4.4010e-02, PNorm = 105.9427, GNorm = 0.6362, lr_0 = 1.5240e-04
Loss = 1.9309e-02, PNorm = 105.9487, GNorm = 0.2554, lr_0 = 1.5225e-04
Loss = 4.0235e-02, PNorm = 105.9542, GNorm = 0.1533, lr_0 = 1.5209e-04
Loss = 3.6824e-02, PNorm = 105.9575, GNorm = 0.1515, lr_0 = 1.5193e-04
Loss = 5.3881e-02, PNorm = 105.9596, GNorm = 0.1703, lr_0 = 1.5178e-04
Loss = 2.1373e-02, PNorm = 105.9636, GNorm = 0.2973, lr_0 = 1.5162e-04
Loss = 1.6957e-02, PNorm = 105.9682, GNorm = 0.1214, lr_0 = 1.5147e-04
Loss = 6.0044e-02, PNorm = 105.9704, GNorm = 0.6633, lr_0 = 1.5131e-04
Loss = 1.0381e-01, PNorm = 105.9666, GNorm = 0.1687, lr_0 = 1.5115e-04
Loss = 2.9872e-02, PNorm = 105.9669, GNorm = 0.5723, lr_0 = 1.5100e-04
Loss = 5.7253e-02, PNorm = 105.9676, GNorm = 0.2391, lr_0 = 1.5084e-04
Validation auc = 0.557136
Epoch 25
Loss = 2.3381e-02, PNorm = 105.9717, GNorm = 0.2055, lr_0 = 1.5069e-04
Loss = 2.5906e-02, PNorm = 105.9766, GNorm = 0.1664, lr_0 = 1.5053e-04
Loss = 7.8945e-02, PNorm = 105.9787, GNorm = 0.8153, lr_0 = 1.5038e-04
Loss = 4.6272e-02, PNorm = 105.9794, GNorm = 0.2286, lr_0 = 1.5022e-04
Loss = 4.6617e-02, PNorm = 105.9813, GNorm = 0.2419, lr_0 = 1.5007e-04
Loss = 6.0709e-02, PNorm = 105.9844, GNorm = 0.1801, lr_0 = 1.4992e-04
Loss = 3.8520e-02, PNorm = 105.9880, GNorm = 0.3937, lr_0 = 1.4976e-04
Loss = 9.5917e-02, PNorm = 105.9886, GNorm = 0.6554, lr_0 = 1.4961e-04
Loss = 5.0818e-02, PNorm = 105.9890, GNorm = 0.3404, lr_0 = 1.4945e-04
Loss = 6.1766e-02, PNorm = 105.9923, GNorm = 0.2982, lr_0 = 1.4930e-04
Loss = 4.1776e-02, PNorm = 105.9980, GNorm = 0.4299, lr_0 = 1.4915e-04
Loss = 3.5051e-02, PNorm = 106.0046, GNorm = 0.4086, lr_0 = 1.4899e-04
Loss = 6.1594e-02, PNorm = 106.0068, GNorm = 0.1855, lr_0 = 1.4884e-04
Loss = 4.3044e-02, PNorm = 106.0095, GNorm = 0.2070, lr_0 = 1.4869e-04
Loss = 2.7698e-02, PNorm = 106.0131, GNorm = 0.2076, lr_0 = 1.4854e-04
Loss = 8.4324e-02, PNorm = 106.0147, GNorm = 1.2195, lr_0 = 1.4838e-04
Loss = 3.3894e-02, PNorm = 106.0130, GNorm = 0.4094, lr_0 = 1.4823e-04
Loss = 6.2023e-02, PNorm = 106.0158, GNorm = 0.9152, lr_0 = 1.4808e-04
Loss = 3.6585e-02, PNorm = 106.0169, GNorm = 0.1879, lr_0 = 1.4793e-04
Loss = 2.7677e-02, PNorm = 106.0197, GNorm = 0.1860, lr_0 = 1.4777e-04
Loss = 9.4580e-02, PNorm = 106.0187, GNorm = 0.4298, lr_0 = 1.4762e-04
Loss = 3.8242e-02, PNorm = 106.0201, GNorm = 0.2431, lr_0 = 1.4747e-04
Loss = 4.3188e-02, PNorm = 106.0231, GNorm = 0.2233, lr_0 = 1.4732e-04
Loss = 5.8827e-02, PNorm = 106.0246, GNorm = 0.6350, lr_0 = 1.4717e-04
Loss = 7.4488e-02, PNorm = 106.0270, GNorm = 0.2485, lr_0 = 1.4702e-04
Loss = 6.5257e-02, PNorm = 106.0297, GNorm = 0.8323, lr_0 = 1.4687e-04
Loss = 4.7006e-02, PNorm = 106.0330, GNorm = 0.2369, lr_0 = 1.4671e-04
Loss = 6.5367e-02, PNorm = 106.0362, GNorm = 0.2564, lr_0 = 1.4656e-04
Loss = 5.8467e-02, PNorm = 106.0392, GNorm = 0.4205, lr_0 = 1.4641e-04
Loss = 5.7483e-02, PNorm = 106.0420, GNorm = 0.2458, lr_0 = 1.4626e-04
Loss = 4.2200e-02, PNorm = 106.0467, GNorm = 0.2283, lr_0 = 1.4611e-04
Loss = 6.9913e-02, PNorm = 106.0499, GNorm = 0.2226, lr_0 = 1.4596e-04
Loss = 2.3290e-02, PNorm = 106.0551, GNorm = 0.1803, lr_0 = 1.4581e-04
Loss = 5.1195e-02, PNorm = 106.0588, GNorm = 0.1936, lr_0 = 1.4566e-04
Loss = 7.0725e-02, PNorm = 106.0594, GNorm = 0.2209, lr_0 = 1.4551e-04
Loss = 2.9436e-02, PNorm = 106.0613, GNorm = 0.1865, lr_0 = 1.4536e-04
Loss = 2.6821e-02, PNorm = 106.0654, GNorm = 0.1611, lr_0 = 1.4521e-04
Loss = 5.4831e-02, PNorm = 106.0678, GNorm = 0.1882, lr_0 = 1.4506e-04
Loss = 8.0180e-02, PNorm = 106.0657, GNorm = 0.2021, lr_0 = 1.4492e-04
Loss = 6.1451e-02, PNorm = 106.0655, GNorm = 0.5887, lr_0 = 1.4477e-04
Loss = 4.0252e-02, PNorm = 106.0691, GNorm = 0.6465, lr_0 = 1.4462e-04
Loss = 5.2065e-02, PNorm = 106.0731, GNorm = 0.3632, lr_0 = 1.4447e-04
Loss = 2.9781e-02, PNorm = 106.0798, GNorm = 0.2136, lr_0 = 1.4432e-04
Loss = 7.4556e-02, PNorm = 106.0853, GNorm = 0.3844, lr_0 = 1.4417e-04
Loss = 7.3006e-02, PNorm = 106.0882, GNorm = 0.2130, lr_0 = 1.4402e-04
Loss = 2.5261e-02, PNorm = 106.0915, GNorm = 0.1970, lr_0 = 1.4388e-04
Loss = 3.5317e-02, PNorm = 106.0968, GNorm = 0.3355, lr_0 = 1.4373e-04
Loss = 5.5456e-02, PNorm = 106.0978, GNorm = 0.2059, lr_0 = 1.4358e-04
Loss = 4.7906e-02, PNorm = 106.1004, GNorm = 0.1688, lr_0 = 1.4343e-04
Loss = 4.9444e-02, PNorm = 106.1035, GNorm = 0.1955, lr_0 = 1.4329e-04
Loss = 5.5493e-02, PNorm = 106.1064, GNorm = 0.2285, lr_0 = 1.4314e-04
Loss = 1.9541e-02, PNorm = 106.1122, GNorm = 0.5782, lr_0 = 1.4299e-04
Loss = 2.9982e-02, PNorm = 106.1167, GNorm = 0.1495, lr_0 = 1.4285e-04
Loss = 3.1640e-02, PNorm = 106.1165, GNorm = 0.1549, lr_0 = 1.4270e-04
Loss = 4.6712e-02, PNorm = 106.1167, GNorm = 0.1702, lr_0 = 1.4255e-04
Loss = 4.3163e-02, PNorm = 106.1185, GNorm = 0.4442, lr_0 = 1.4241e-04
Loss = 5.3052e-02, PNorm = 106.1185, GNorm = 0.5013, lr_0 = 1.4226e-04
Loss = 4.5383e-02, PNorm = 106.1203, GNorm = 0.1653, lr_0 = 1.4211e-04
Loss = 2.6632e-02, PNorm = 106.1236, GNorm = 0.6094, lr_0 = 1.4197e-04
Loss = 5.7552e-02, PNorm = 106.1250, GNorm = 0.1659, lr_0 = 1.4182e-04
Loss = 6.8842e-02, PNorm = 106.1259, GNorm = 0.4856, lr_0 = 1.4168e-04
Loss = 5.2266e-02, PNorm = 106.1254, GNorm = 0.2376, lr_0 = 1.4153e-04
Loss = 7.6845e-02, PNorm = 106.1254, GNorm = 1.0502, lr_0 = 1.4138e-04
Loss = 6.6563e-02, PNorm = 106.1269, GNorm = 0.4352, lr_0 = 1.4124e-04
Loss = 9.4491e-02, PNorm = 106.1269, GNorm = 0.3590, lr_0 = 1.4109e-04
Loss = 5.1720e-02, PNorm = 106.1305, GNorm = 0.2830, lr_0 = 1.4095e-04
Loss = 9.4419e-02, PNorm = 106.1334, GNorm = 0.9613, lr_0 = 1.4080e-04
Loss = 4.7428e-02, PNorm = 106.1356, GNorm = 0.3311, lr_0 = 1.4066e-04
Loss = 5.0918e-02, PNorm = 106.1400, GNorm = 0.2781, lr_0 = 1.4052e-04
Loss = 6.2780e-02, PNorm = 106.1439, GNorm = 0.2589, lr_0 = 1.4037e-04
Loss = 5.6144e-02, PNorm = 106.1486, GNorm = 0.4305, lr_0 = 1.4023e-04
Loss = 4.5550e-02, PNorm = 106.1531, GNorm = 0.4663, lr_0 = 1.4008e-04
Loss = 7.7476e-02, PNorm = 106.1556, GNorm = 0.2724, lr_0 = 1.3994e-04
Loss = 6.0054e-02, PNorm = 106.1589, GNorm = 0.3355, lr_0 = 1.3979e-04
Loss = 4.7523e-02, PNorm = 106.1636, GNorm = 0.8275, lr_0 = 1.3965e-04
Loss = 4.7909e-02, PNorm = 106.1684, GNorm = 0.2486, lr_0 = 1.3951e-04
Loss = 5.0431e-02, PNorm = 106.1720, GNorm = 0.4622, lr_0 = 1.3936e-04
Loss = 8.3692e-02, PNorm = 106.1723, GNorm = 0.2484, lr_0 = 1.3922e-04
Loss = 2.0159e-02, PNorm = 106.1794, GNorm = 0.2221, lr_0 = 1.3908e-04
Loss = 5.3785e-02, PNorm = 106.1847, GNorm = 0.1909, lr_0 = 1.3894e-04
Validation auc = 0.560251
Epoch 26
Loss = 5.4537e-02, PNorm = 106.1871, GNorm = 0.1596, lr_0 = 1.3879e-04
Loss = 7.6167e-02, PNorm = 106.1886, GNorm = 0.5234, lr_0 = 1.3865e-04
Loss = 4.9014e-02, PNorm = 106.1905, GNorm = 0.2256, lr_0 = 1.3851e-04
Loss = 6.2430e-02, PNorm = 106.1933, GNorm = 0.2522, lr_0 = 1.3837e-04
Loss = 5.4666e-02, PNorm = 106.1965, GNorm = 0.6215, lr_0 = 1.3822e-04
Loss = 7.7076e-02, PNorm = 106.1982, GNorm = 0.8084, lr_0 = 1.3808e-04
Loss = 3.6557e-02, PNorm = 106.2028, GNorm = 0.5510, lr_0 = 1.3794e-04
Loss = 9.8103e-02, PNorm = 106.2055, GNorm = 0.4011, lr_0 = 1.3780e-04
Loss = 5.2308e-02, PNorm = 106.2114, GNorm = 0.3294, lr_0 = 1.3766e-04
Loss = 5.7042e-02, PNorm = 106.2182, GNorm = 0.2623, lr_0 = 1.3751e-04
Loss = 7.4048e-02, PNorm = 106.2231, GNorm = 0.3372, lr_0 = 1.3737e-04
Loss = 3.0165e-02, PNorm = 106.2281, GNorm = 0.2469, lr_0 = 1.3723e-04
Loss = 4.5251e-02, PNorm = 106.2337, GNorm = 0.4421, lr_0 = 1.3709e-04
Loss = 3.5819e-02, PNorm = 106.2404, GNorm = 0.2053, lr_0 = 1.3695e-04
Loss = 5.4501e-02, PNorm = 106.2509, GNorm = 0.6137, lr_0 = 1.3681e-04
Loss = 4.2887e-02, PNorm = 106.2619, GNorm = 0.1504, lr_0 = 1.3667e-04
Loss = 1.5720e-02, PNorm = 106.2748, GNorm = 0.1252, lr_0 = 1.3653e-04
Loss = 6.8920e-02, PNorm = 106.2727, GNorm = 1.0675, lr_0 = 1.3639e-04
Loss = 4.6612e-02, PNorm = 106.2754, GNorm = 0.3179, lr_0 = 1.3625e-04
Loss = 3.8478e-02, PNorm = 106.2829, GNorm = 0.2118, lr_0 = 1.3611e-04
Loss = 3.8391e-02, PNorm = 106.2938, GNorm = 0.1773, lr_0 = 1.3597e-04
Loss = 5.8040e-02, PNorm = 106.2995, GNorm = 0.1367, lr_0 = 1.3583e-04
Loss = 3.5520e-02, PNorm = 106.3066, GNorm = 0.8579, lr_0 = 1.3569e-04
Loss = 5.9189e-02, PNorm = 106.3100, GNorm = 0.1813, lr_0 = 1.3555e-04
Loss = 2.8171e-02, PNorm = 106.3188, GNorm = 0.1729, lr_0 = 1.3541e-04
Loss = 5.2402e-02, PNorm = 106.3269, GNorm = 0.1497, lr_0 = 1.3527e-04
Loss = 5.7998e-02, PNorm = 106.3367, GNorm = 0.1805, lr_0 = 1.3513e-04
Loss = 1.6697e-02, PNorm = 106.3524, GNorm = 0.1740, lr_0 = 1.3499e-04
Loss = 4.7696e-02, PNorm = 106.3691, GNorm = 0.1438, lr_0 = 1.3485e-04
Loss = 6.6211e-02, PNorm = 106.3706, GNorm = 0.2053, lr_0 = 1.3472e-04
Loss = 1.0916e-01, PNorm = 106.3460, GNorm = 0.4168, lr_0 = 1.3458e-04
Loss = 4.9198e-02, PNorm = 106.3417, GNorm = 0.3031, lr_0 = 1.3444e-04
Loss = 4.6329e-02, PNorm = 106.3433, GNorm = 0.3025, lr_0 = 1.3430e-04
Loss = 4.0522e-02, PNorm = 106.3453, GNorm = 0.2370, lr_0 = 1.3416e-04
Loss = 3.1740e-02, PNorm = 106.3486, GNorm = 0.1627, lr_0 = 1.3403e-04
Loss = 5.9030e-02, PNorm = 106.3510, GNorm = 0.1805, lr_0 = 1.3389e-04
Loss = 7.7566e-02, PNorm = 106.3525, GNorm = 0.6818, lr_0 = 1.3375e-04
Loss = 8.1289e-02, PNorm = 106.3531, GNorm = 0.3356, lr_0 = 1.3361e-04
Loss = 7.0604e-02, PNorm = 106.3540, GNorm = 0.3658, lr_0 = 1.3348e-04
Loss = 4.1424e-02, PNorm = 106.3575, GNorm = 0.2716, lr_0 = 1.3334e-04
Loss = 8.7115e-02, PNorm = 106.3593, GNorm = 0.2780, lr_0 = 1.3320e-04
Loss = 3.6460e-02, PNorm = 106.3632, GNorm = 0.3390, lr_0 = 1.3306e-04
Loss = 7.1432e-02, PNorm = 106.3669, GNorm = 0.4527, lr_0 = 1.3293e-04
Loss = 4.5142e-02, PNorm = 106.3694, GNorm = 0.2329, lr_0 = 1.3279e-04
Loss = 4.2948e-02, PNorm = 106.3708, GNorm = 0.2375, lr_0 = 1.3265e-04
Loss = 7.7576e-02, PNorm = 106.3698, GNorm = 0.2477, lr_0 = 1.3252e-04
Loss = 5.7205e-02, PNorm = 106.3698, GNorm = 0.2549, lr_0 = 1.3238e-04
Loss = 7.7220e-02, PNorm = 106.3710, GNorm = 0.4580, lr_0 = 1.3225e-04
Loss = 5.3424e-02, PNorm = 106.3720, GNorm = 0.3077, lr_0 = 1.3211e-04
Loss = 6.5994e-02, PNorm = 106.3743, GNorm = 0.3672, lr_0 = 1.3197e-04
Loss = 2.9311e-02, PNorm = 106.3776, GNorm = 0.2387, lr_0 = 1.3184e-04
Loss = 3.1560e-02, PNorm = 106.3814, GNorm = 0.1902, lr_0 = 1.3170e-04
Loss = 4.3069e-02, PNorm = 106.3839, GNorm = 0.1800, lr_0 = 1.3157e-04
Loss = 5.6090e-02, PNorm = 106.3857, GNorm = 0.4205, lr_0 = 1.3143e-04
Loss = 4.8657e-02, PNorm = 106.3867, GNorm = 0.2039, lr_0 = 1.3130e-04
Loss = 3.8640e-02, PNorm = 106.3881, GNorm = 0.1917, lr_0 = 1.3116e-04
Loss = 3.4167e-02, PNorm = 106.3898, GNorm = 0.6329, lr_0 = 1.3103e-04
Loss = 1.9896e-02, PNorm = 106.3916, GNorm = 0.1511, lr_0 = 1.3089e-04
Loss = 6.3896e-02, PNorm = 106.3932, GNorm = 0.5931, lr_0 = 1.3076e-04
Loss = 9.8129e-02, PNorm = 106.3911, GNorm = 0.2044, lr_0 = 1.3063e-04
Loss = 4.5352e-02, PNorm = 106.3915, GNorm = 0.2607, lr_0 = 1.3049e-04
Loss = 3.2191e-02, PNorm = 106.3954, GNorm = 0.3321, lr_0 = 1.3036e-04
Loss = 5.6203e-02, PNorm = 106.3980, GNorm = 0.2430, lr_0 = 1.3022e-04
Loss = 4.3858e-02, PNorm = 106.4005, GNorm = 0.2736, lr_0 = 1.3009e-04
Loss = 5.8332e-02, PNorm = 106.4019, GNorm = 0.2251, lr_0 = 1.2996e-04
Loss = 4.4764e-02, PNorm = 106.4041, GNorm = 0.3841, lr_0 = 1.2982e-04
Loss = 3.7923e-02, PNorm = 106.4057, GNorm = 0.2043, lr_0 = 1.2969e-04
Loss = 5.6666e-02, PNorm = 106.4070, GNorm = 0.3782, lr_0 = 1.2956e-04
Loss = 6.9087e-02, PNorm = 106.4066, GNorm = 0.2372, lr_0 = 1.2942e-04
Loss = 5.2522e-02, PNorm = 106.4076, GNorm = 0.2378, lr_0 = 1.2929e-04
Loss = 7.7850e-02, PNorm = 106.4085, GNorm = 0.4405, lr_0 = 1.2916e-04
Loss = 6.3097e-02, PNorm = 106.4097, GNorm = 0.2984, lr_0 = 1.2902e-04
Loss = 5.2918e-02, PNorm = 106.4122, GNorm = 0.3709, lr_0 = 1.2889e-04
Loss = 6.4336e-02, PNorm = 106.4154, GNorm = 1.1310, lr_0 = 1.2876e-04
Loss = 2.9746e-02, PNorm = 106.4190, GNorm = 0.2290, lr_0 = 1.2863e-04
Loss = 3.3708e-02, PNorm = 106.4229, GNorm = 0.2999, lr_0 = 1.2849e-04
Loss = 7.7645e-02, PNorm = 106.4250, GNorm = 0.7518, lr_0 = 1.2836e-04
Loss = 8.7959e-03, PNorm = 106.4267, GNorm = 0.1948, lr_0 = 1.2823e-04
Loss = 3.6000e-02, PNorm = 106.4295, GNorm = 0.1436, lr_0 = 1.2810e-04
Loss = 4.1902e-02, PNorm = 106.4331, GNorm = 0.6478, lr_0 = 1.2797e-04
Validation auc = 0.562869
Epoch 27
Loss = 3.7478e-02, PNorm = 106.4342, GNorm = 0.1448, lr_0 = 1.2784e-04
Loss = 3.8920e-02, PNorm = 106.4354, GNorm = 0.1782, lr_0 = 1.2770e-04
Loss = 5.1677e-02, PNorm = 106.4371, GNorm = 0.4953, lr_0 = 1.2757e-04
Loss = 1.7431e-02, PNorm = 106.4395, GNorm = 0.1703, lr_0 = 1.2744e-04
Loss = 5.8695e-02, PNorm = 106.4419, GNorm = 1.1394, lr_0 = 1.2731e-04
Loss = 7.2139e-02, PNorm = 106.4424, GNorm = 1.2004, lr_0 = 1.2718e-04
Loss = 2.9725e-02, PNorm = 106.4427, GNorm = 0.2367, lr_0 = 1.2705e-04
Loss = 5.2452e-02, PNorm = 106.4445, GNorm = 0.4352, lr_0 = 1.2692e-04
Loss = 5.9025e-02, PNorm = 106.4452, GNorm = 0.2315, lr_0 = 1.2679e-04
Loss = 7.1100e-02, PNorm = 106.4454, GNorm = 1.1579, lr_0 = 1.2666e-04
Loss = 4.2283e-02, PNorm = 106.4471, GNorm = 0.4483, lr_0 = 1.2653e-04
Loss = 3.7473e-02, PNorm = 106.4488, GNorm = 0.2810, lr_0 = 1.2640e-04
Loss = 5.7653e-02, PNorm = 106.4503, GNorm = 0.2142, lr_0 = 1.2627e-04
Loss = 7.4032e-02, PNorm = 106.4516, GNorm = 0.2245, lr_0 = 1.2614e-04
Loss = 5.3486e-02, PNorm = 106.4530, GNorm = 0.2519, lr_0 = 1.2601e-04
Loss = 3.0220e-02, PNorm = 106.4556, GNorm = 0.2379, lr_0 = 1.2588e-04
Loss = 5.2247e-02, PNorm = 106.4587, GNorm = 0.3447, lr_0 = 1.2575e-04
Loss = 9.0296e-02, PNorm = 106.4598, GNorm = 1.5417, lr_0 = 1.2562e-04
Loss = 3.8786e-02, PNorm = 106.4611, GNorm = 0.6245, lr_0 = 1.2549e-04
Loss = 2.6820e-02, PNorm = 106.4639, GNorm = 0.2750, lr_0 = 1.2536e-04
Loss = 8.3841e-02, PNorm = 106.4651, GNorm = 0.3450, lr_0 = 1.2523e-04
Loss = 4.4548e-02, PNorm = 106.4657, GNorm = 0.2351, lr_0 = 1.2511e-04
Loss = 8.2880e-02, PNorm = 106.4663, GNorm = 0.2532, lr_0 = 1.2498e-04
Loss = 4.6892e-02, PNorm = 106.4684, GNorm = 0.2846, lr_0 = 1.2485e-04
Loss = 7.9007e-02, PNorm = 106.4717, GNorm = 0.9126, lr_0 = 1.2472e-04
Loss = 3.7291e-02, PNorm = 106.4750, GNorm = 0.2876, lr_0 = 1.2459e-04
Loss = 4.0746e-02, PNorm = 106.4785, GNorm = 0.2511, lr_0 = 1.2446e-04
Loss = 4.4667e-02, PNorm = 106.4816, GNorm = 0.4253, lr_0 = 1.2434e-04
Loss = 4.0723e-02, PNorm = 106.4843, GNorm = 0.1651, lr_0 = 1.2421e-04
Loss = 3.6074e-02, PNorm = 106.4863, GNorm = 0.1766, lr_0 = 1.2408e-04
Loss = 5.1886e-02, PNorm = 106.4861, GNorm = 0.1773, lr_0 = 1.2395e-04
Loss = 5.1873e-02, PNorm = 106.4863, GNorm = 0.1747, lr_0 = 1.2383e-04
Loss = 3.9594e-02, PNorm = 106.4876, GNorm = 0.1818, lr_0 = 1.2370e-04
Loss = 2.4706e-02, PNorm = 106.4897, GNorm = 0.1674, lr_0 = 1.2357e-04
Loss = 3.5060e-02, PNorm = 106.4916, GNorm = 0.1688, lr_0 = 1.2344e-04
Loss = 7.1253e-02, PNorm = 106.4912, GNorm = 0.1651, lr_0 = 1.2332e-04
Loss = 8.1653e-02, PNorm = 106.4906, GNorm = 0.1893, lr_0 = 1.2319e-04
Loss = 6.0858e-02, PNorm = 106.4909, GNorm = 0.2105, lr_0 = 1.2306e-04
Loss = 6.5381e-02, PNorm = 106.4920, GNorm = 0.2608, lr_0 = 1.2294e-04
Loss = 1.0551e-01, PNorm = 106.4927, GNorm = 1.0436, lr_0 = 1.2281e-04
Loss = 7.7586e-02, PNorm = 106.4931, GNorm = 0.3193, lr_0 = 1.2269e-04
Loss = 3.2948e-02, PNorm = 106.4958, GNorm = 0.3052, lr_0 = 1.2256e-04
Loss = 3.6512e-02, PNorm = 106.5011, GNorm = 0.3494, lr_0 = 1.2243e-04
Loss = 6.2761e-02, PNorm = 106.5040, GNorm = 0.2056, lr_0 = 1.2231e-04
Loss = 6.2769e-02, PNorm = 106.5052, GNorm = 0.2066, lr_0 = 1.2218e-04
Loss = 2.9995e-02, PNorm = 106.5070, GNorm = 0.2360, lr_0 = 1.2206e-04
Loss = 3.9743e-02, PNorm = 106.5105, GNorm = 0.3990, lr_0 = 1.2193e-04
Loss = 4.8702e-02, PNorm = 106.5115, GNorm = 0.1989, lr_0 = 1.2181e-04
Loss = 6.9660e-02, PNorm = 106.5121, GNorm = 0.2138, lr_0 = 1.2168e-04
Loss = 6.4987e-02, PNorm = 106.5130, GNorm = 0.2218, lr_0 = 1.2156e-04
Loss = 6.1443e-02, PNorm = 106.5152, GNorm = 0.4347, lr_0 = 1.2143e-04
Loss = 5.8104e-02, PNorm = 106.5163, GNorm = 0.2234, lr_0 = 1.2131e-04
Loss = 3.7929e-02, PNorm = 106.5185, GNorm = 0.7943, lr_0 = 1.2118e-04
Loss = 5.4508e-02, PNorm = 106.5201, GNorm = 0.2473, lr_0 = 1.2106e-04
Loss = 4.8793e-02, PNorm = 106.5227, GNorm = 0.5562, lr_0 = 1.2093e-04
Loss = 4.6699e-02, PNorm = 106.5244, GNorm = 0.3514, lr_0 = 1.2081e-04
Loss = 7.5136e-02, PNorm = 106.5250, GNorm = 0.2042, lr_0 = 1.2068e-04
Loss = 4.6284e-02, PNorm = 106.5259, GNorm = 0.5157, lr_0 = 1.2056e-04
Loss = 5.0132e-02, PNorm = 106.5283, GNorm = 0.3028, lr_0 = 1.2044e-04
Loss = 2.8400e-02, PNorm = 106.5307, GNorm = 0.2160, lr_0 = 1.2031e-04
Loss = 4.8316e-02, PNorm = 106.5333, GNorm = 0.1640, lr_0 = 1.2019e-04
Loss = 4.7139e-02, PNorm = 106.5346, GNorm = 0.1837, lr_0 = 1.2007e-04
Loss = 3.6512e-02, PNorm = 106.5369, GNorm = 0.1599, lr_0 = 1.1994e-04
Loss = 4.8437e-02, PNorm = 106.5384, GNorm = 0.1424, lr_0 = 1.1982e-04
Loss = 5.5839e-02, PNorm = 106.5393, GNorm = 0.1637, lr_0 = 1.1970e-04
Loss = 3.9309e-02, PNorm = 106.5409, GNorm = 0.1687, lr_0 = 1.1957e-04
Loss = 3.3097e-02, PNorm = 106.5428, GNorm = 0.3660, lr_0 = 1.1945e-04
Loss = 4.0366e-02, PNorm = 106.5449, GNorm = 0.1844, lr_0 = 1.1933e-04
Loss = 5.4239e-02, PNorm = 106.5457, GNorm = 0.2094, lr_0 = 1.1921e-04
Loss = 7.1682e-02, PNorm = 106.5448, GNorm = 0.2000, lr_0 = 1.1908e-04
Loss = 6.2557e-02, PNorm = 106.5449, GNorm = 0.2164, lr_0 = 1.1896e-04
Loss = 5.4915e-02, PNorm = 106.5465, GNorm = 0.3775, lr_0 = 1.1884e-04
Loss = 5.1569e-02, PNorm = 106.5489, GNorm = 0.8124, lr_0 = 1.1872e-04
Loss = 5.8954e-02, PNorm = 106.5503, GNorm = 0.2512, lr_0 = 1.1859e-04
Loss = 4.5888e-02, PNorm = 106.5528, GNorm = 0.2335, lr_0 = 1.1847e-04
Loss = 1.0624e-02, PNorm = 106.5568, GNorm = 0.1990, lr_0 = 1.1835e-04
Loss = 4.9572e-02, PNorm = 106.5606, GNorm = 0.4069, lr_0 = 1.1823e-04
Loss = 4.2020e-02, PNorm = 106.5633, GNorm = 0.1612, lr_0 = 1.1811e-04
Loss = 6.2689e-02, PNorm = 106.5644, GNorm = 0.5127, lr_0 = 1.1799e-04
Loss = 5.8782e-02, PNorm = 106.5647, GNorm = 0.6320, lr_0 = 1.1786e-04
Validation auc = 0.560227
Epoch 28
Loss = 4.4729e-02, PNorm = 106.5656, GNorm = 0.4905, lr_0 = 1.1774e-04
Loss = 5.9989e-02, PNorm = 106.5666, GNorm = 0.2224, lr_0 = 1.1762e-04
Loss = 6.4066e-02, PNorm = 106.5681, GNorm = 0.2594, lr_0 = 1.1750e-04
Loss = 3.0787e-02, PNorm = 106.5711, GNorm = 0.2701, lr_0 = 1.1738e-04
Loss = 4.1810e-02, PNorm = 106.5755, GNorm = 0.1739, lr_0 = 1.1726e-04
Loss = 5.6988e-02, PNorm = 106.5786, GNorm = 0.1835, lr_0 = 1.1714e-04
Loss = 5.8368e-02, PNorm = 106.5814, GNorm = 0.6263, lr_0 = 1.1702e-04
Loss = 5.5254e-02, PNorm = 106.5827, GNorm = 0.1785, lr_0 = 1.1690e-04
Loss = 6.6150e-02, PNorm = 106.5841, GNorm = 0.2398, lr_0 = 1.1678e-04
Loss = 5.6472e-02, PNorm = 106.5859, GNorm = 0.3377, lr_0 = 1.1666e-04
Loss = 5.5978e-02, PNorm = 106.5881, GNorm = 0.1970, lr_0 = 1.1654e-04
Loss = 4.7019e-02, PNorm = 106.5907, GNorm = 0.2599, lr_0 = 1.1642e-04
Loss = 4.1495e-02, PNorm = 106.5931, GNorm = 0.1989, lr_0 = 1.1630e-04
Loss = 6.9455e-02, PNorm = 106.5963, GNorm = 0.6913, lr_0 = 1.1618e-04
Loss = 4.3775e-02, PNorm = 106.5987, GNorm = 0.8062, lr_0 = 1.1606e-04
Loss = 3.6560e-02, PNorm = 106.6017, GNorm = 0.2082, lr_0 = 1.1594e-04
Loss = 1.7131e-02, PNorm = 106.6053, GNorm = 0.1699, lr_0 = 1.1582e-04
Loss = 8.5162e-02, PNorm = 106.6067, GNorm = 0.1685, lr_0 = 1.1570e-04
Loss = 3.9152e-02, PNorm = 106.6072, GNorm = 0.2073, lr_0 = 1.1559e-04
Loss = 5.5852e-02, PNorm = 106.6077, GNorm = 0.7657, lr_0 = 1.1547e-04
Loss = 7.7200e-02, PNorm = 106.6061, GNorm = 0.5266, lr_0 = 1.1535e-04
Loss = 3.6171e-02, PNorm = 106.6075, GNorm = 0.1923, lr_0 = 1.1523e-04
Loss = 4.8214e-02, PNorm = 106.6102, GNorm = 0.2269, lr_0 = 1.1511e-04
Loss = 5.6188e-02, PNorm = 106.6131, GNorm = 0.8203, lr_0 = 1.1499e-04
Loss = 8.0421e-02, PNorm = 106.6125, GNorm = 0.2239, lr_0 = 1.1487e-04
Loss = 1.0827e-02, PNorm = 106.6159, GNorm = 0.2087, lr_0 = 1.1476e-04
Loss = 2.2577e-02, PNorm = 106.6204, GNorm = 0.2483, lr_0 = 1.1464e-04
Loss = 6.7445e-02, PNorm = 106.6226, GNorm = 0.4518, lr_0 = 1.1452e-04
Loss = 3.7014e-02, PNorm = 106.6249, GNorm = 0.4649, lr_0 = 1.1440e-04
Loss = 3.1124e-02, PNorm = 106.6264, GNorm = 0.1353, lr_0 = 1.1429e-04
Loss = 6.0136e-02, PNorm = 106.6263, GNorm = 0.3526, lr_0 = 1.1417e-04
Loss = 3.0124e-02, PNorm = 106.6280, GNorm = 0.1853, lr_0 = 1.1405e-04
Loss = 7.0826e-02, PNorm = 106.6297, GNorm = 0.1897, lr_0 = 1.1393e-04
Loss = 8.0753e-02, PNorm = 106.6264, GNorm = 0.2878, lr_0 = 1.1382e-04
Loss = 2.2568e-02, PNorm = 106.6272, GNorm = 0.6825, lr_0 = 1.1370e-04
Loss = 5.5396e-02, PNorm = 106.6289, GNorm = 0.3396, lr_0 = 1.1358e-04
Loss = 1.6426e-02, PNorm = 106.6313, GNorm = 0.1763, lr_0 = 1.1347e-04
Loss = 3.0172e-02, PNorm = 106.6343, GNorm = 0.1371, lr_0 = 1.1335e-04
Loss = 3.3157e-02, PNorm = 106.6377, GNorm = 1.0513, lr_0 = 1.1323e-04
Loss = 6.2111e-02, PNorm = 106.6383, GNorm = 0.1295, lr_0 = 1.1312e-04
Loss = 6.3924e-02, PNorm = 106.6374, GNorm = 0.5917, lr_0 = 1.1300e-04
Loss = 7.6864e-02, PNorm = 106.6382, GNorm = 0.4457, lr_0 = 1.1288e-04
Loss = 8.9598e-02, PNorm = 106.6379, GNorm = 0.3206, lr_0 = 1.1277e-04
Loss = 3.7525e-02, PNorm = 106.6402, GNorm = 0.6463, lr_0 = 1.1265e-04
Loss = 5.0655e-02, PNorm = 106.6436, GNorm = 0.2844, lr_0 = 1.1254e-04
Loss = 2.6155e-02, PNorm = 106.6480, GNorm = 0.2328, lr_0 = 1.1242e-04
Loss = 3.3682e-02, PNorm = 106.6530, GNorm = 0.2802, lr_0 = 1.1231e-04
Loss = 6.5678e-02, PNorm = 106.6537, GNorm = 0.1651, lr_0 = 1.1219e-04
Loss = 8.1291e-02, PNorm = 106.6542, GNorm = 0.5028, lr_0 = 1.1208e-04
Loss = 7.4656e-02, PNorm = 106.6546, GNorm = 0.2583, lr_0 = 1.1196e-04
Loss = 4.5666e-02, PNorm = 106.6566, GNorm = 0.3260, lr_0 = 1.1184e-04
Loss = 3.8470e-02, PNorm = 106.6602, GNorm = 0.5112, lr_0 = 1.1173e-04
Loss = 7.0707e-02, PNorm = 106.6628, GNorm = 0.4405, lr_0 = 1.1162e-04
Loss = 3.9842e-02, PNorm = 106.6643, GNorm = 0.1870, lr_0 = 1.1150e-04
Loss = 9.0369e-02, PNorm = 106.6650, GNorm = 0.2251, lr_0 = 1.1139e-04
Loss = 6.5953e-02, PNorm = 106.6640, GNorm = 0.5605, lr_0 = 1.1127e-04
Loss = 3.9214e-02, PNorm = 106.6666, GNorm = 0.2763, lr_0 = 1.1116e-04
Loss = 9.5337e-02, PNorm = 106.6692, GNorm = 0.2565, lr_0 = 1.1104e-04
Loss = 5.1440e-02, PNorm = 106.6722, GNorm = 0.2508, lr_0 = 1.1093e-04
Loss = 2.9532e-02, PNorm = 106.6765, GNorm = 0.2007, lr_0 = 1.1081e-04
Loss = 3.6560e-02, PNorm = 106.6804, GNorm = 0.2005, lr_0 = 1.1070e-04
Loss = 6.4951e-02, PNorm = 106.6824, GNorm = 0.4969, lr_0 = 1.1059e-04
Loss = 5.6516e-02, PNorm = 106.6835, GNorm = 0.4614, lr_0 = 1.1047e-04
Loss = 2.6113e-02, PNorm = 106.6863, GNorm = 0.1910, lr_0 = 1.1036e-04
Loss = 2.6394e-02, PNorm = 106.6897, GNorm = 0.1508, lr_0 = 1.1025e-04
Loss = 4.9737e-02, PNorm = 106.6906, GNorm = 0.5418, lr_0 = 1.1013e-04
Loss = 2.6272e-02, PNorm = 106.6926, GNorm = 0.5555, lr_0 = 1.1002e-04
Loss = 6.3989e-02, PNorm = 106.6924, GNorm = 0.3410, lr_0 = 1.0991e-04
Loss = 7.0039e-02, PNorm = 106.6927, GNorm = 0.1925, lr_0 = 1.0979e-04
Loss = 3.6299e-02, PNorm = 106.6945, GNorm = 0.2100, lr_0 = 1.0968e-04
Loss = 5.8633e-02, PNorm = 106.6969, GNorm = 0.1930, lr_0 = 1.0957e-04
Loss = 4.6679e-02, PNorm = 106.6997, GNorm = 0.2116, lr_0 = 1.0946e-04
Loss = 4.5608e-02, PNorm = 106.7015, GNorm = 0.1810, lr_0 = 1.0934e-04
Loss = 3.0181e-02, PNorm = 106.7043, GNorm = 0.1620, lr_0 = 1.0923e-04
Loss = 7.7963e-02, PNorm = 106.7062, GNorm = 0.1836, lr_0 = 1.0912e-04
Loss = 5.0976e-02, PNorm = 106.7091, GNorm = 0.1913, lr_0 = 1.0901e-04
Loss = 9.9208e-02, PNorm = 106.6960, GNorm = 0.6152, lr_0 = 1.0890e-04
Loss = 5.1055e-02, PNorm = 106.6939, GNorm = 0.3705, lr_0 = 1.0878e-04
Loss = 4.7169e-02, PNorm = 106.6949, GNorm = 0.2455, lr_0 = 1.0867e-04
Loss = 3.9599e-02, PNorm = 106.6973, GNorm = 0.2709, lr_0 = 1.0856e-04
Validation auc = 0.573328
Epoch 29
Loss = 7.4261e-02, PNorm = 106.6992, GNorm = 0.2322, lr_0 = 1.0845e-04
Loss = 2.7360e-02, PNorm = 106.7018, GNorm = 0.1802, lr_0 = 1.0834e-04
Loss = 4.5318e-02, PNorm = 106.7048, GNorm = 0.7610, lr_0 = 1.0823e-04
Loss = 4.0939e-02, PNorm = 106.7071, GNorm = 0.1652, lr_0 = 1.0811e-04
Loss = 3.7658e-02, PNorm = 106.7089, GNorm = 0.1817, lr_0 = 1.0800e-04
Loss = 4.7460e-02, PNorm = 106.7102, GNorm = 0.1948, lr_0 = 1.0789e-04
Loss = 3.2560e-02, PNorm = 106.7117, GNorm = 0.1843, lr_0 = 1.0778e-04
Loss = 8.8043e-02, PNorm = 106.7127, GNorm = 1.5581, lr_0 = 1.0767e-04
Loss = 6.2379e-02, PNorm = 106.7121, GNorm = 0.3782, lr_0 = 1.0756e-04
Loss = 5.1440e-02, PNorm = 106.7125, GNorm = 0.2609, lr_0 = 1.0745e-04
Loss = 6.1608e-02, PNorm = 106.7138, GNorm = 0.4866, lr_0 = 1.0734e-04
Loss = 2.2502e-02, PNorm = 106.7164, GNorm = 0.2224, lr_0 = 1.0723e-04
Loss = 4.2755e-02, PNorm = 106.7193, GNorm = 0.1726, lr_0 = 1.0712e-04
Loss = 4.5572e-02, PNorm = 106.7215, GNorm = 0.1951, lr_0 = 1.0701e-04
Loss = 6.2664e-02, PNorm = 106.7232, GNorm = 0.3277, lr_0 = 1.0690e-04
Loss = 4.5461e-02, PNorm = 106.7238, GNorm = 0.4192, lr_0 = 1.0679e-04
Loss = 7.1507e-02, PNorm = 106.7245, GNorm = 0.4313, lr_0 = 1.0668e-04
Loss = 4.5210e-02, PNorm = 106.7251, GNorm = 0.1841, lr_0 = 1.0657e-04
Loss = 6.1713e-02, PNorm = 106.7267, GNorm = 0.1830, lr_0 = 1.0646e-04
Loss = 4.0976e-02, PNorm = 106.7286, GNorm = 0.1756, lr_0 = 1.0635e-04
Loss = 3.7286e-02, PNorm = 106.7313, GNorm = 0.1899, lr_0 = 1.0624e-04
Loss = 9.9329e-02, PNorm = 106.7327, GNorm = 0.3976, lr_0 = 1.0613e-04
Loss = 2.1736e-02, PNorm = 106.7351, GNorm = 0.2248, lr_0 = 1.0602e-04
Loss = 3.5454e-02, PNorm = 106.7389, GNorm = 0.3927, lr_0 = 1.0591e-04
Loss = 3.4459e-02, PNorm = 106.7412, GNorm = 0.1611, lr_0 = 1.0581e-04
Loss = 6.8945e-02, PNorm = 106.7431, GNorm = 0.1748, lr_0 = 1.0570e-04
Loss = 4.0141e-02, PNorm = 106.7456, GNorm = 0.7520, lr_0 = 1.0559e-04
Loss = 5.7851e-02, PNorm = 106.7458, GNorm = 0.7055, lr_0 = 1.0548e-04
Loss = 4.8403e-02, PNorm = 106.7471, GNorm = 0.1820, lr_0 = 1.0537e-04
Loss = 4.1427e-02, PNorm = 106.7488, GNorm = 0.1549, lr_0 = 1.0526e-04
Loss = 7.2183e-02, PNorm = 106.7495, GNorm = 0.3002, lr_0 = 1.0516e-04
Loss = 6.1324e-02, PNorm = 106.7500, GNorm = 1.0234, lr_0 = 1.0505e-04
Loss = 7.6555e-02, PNorm = 106.7487, GNorm = 0.5579, lr_0 = 1.0494e-04
Loss = 2.9670e-02, PNorm = 106.7491, GNorm = 0.2190, lr_0 = 1.0483e-04
Loss = 6.2580e-02, PNorm = 106.7511, GNorm = 0.1960, lr_0 = 1.0472e-04
Loss = 4.7388e-02, PNorm = 106.7532, GNorm = 0.2028, lr_0 = 1.0462e-04
Loss = 3.4661e-02, PNorm = 106.7556, GNorm = 0.1689, lr_0 = 1.0451e-04
Loss = 4.9660e-02, PNorm = 106.7565, GNorm = 0.2037, lr_0 = 1.0440e-04
Loss = 5.9847e-02, PNorm = 106.7565, GNorm = 0.6416, lr_0 = 1.0429e-04
Loss = 3.1794e-02, PNorm = 106.7574, GNorm = 0.3808, lr_0 = 1.0419e-04
Loss = 6.0167e-02, PNorm = 106.7586, GNorm = 0.2240, lr_0 = 1.0408e-04
Loss = 5.3821e-02, PNorm = 106.7605, GNorm = 0.7346, lr_0 = 1.0397e-04
Loss = 3.3684e-02, PNorm = 106.7626, GNorm = 0.1832, lr_0 = 1.0387e-04
Loss = 5.2810e-02, PNorm = 106.7642, GNorm = 0.2244, lr_0 = 1.0376e-04
Loss = 6.7789e-02, PNorm = 106.7657, GNorm = 0.1729, lr_0 = 1.0365e-04
Loss = 4.4043e-02, PNorm = 106.7675, GNorm = 0.2212, lr_0 = 1.0355e-04
Loss = 1.8362e-02, PNorm = 106.7697, GNorm = 0.1738, lr_0 = 1.0344e-04
Loss = 3.8129e-02, PNorm = 106.7720, GNorm = 0.1501, lr_0 = 1.0333e-04
Loss = 1.7118e-02, PNorm = 106.7735, GNorm = 0.1501, lr_0 = 1.0323e-04
Loss = 5.5284e-02, PNorm = 106.7749, GNorm = 0.1554, lr_0 = 1.0312e-04
Loss = 6.1091e-02, PNorm = 106.7747, GNorm = 0.3499, lr_0 = 1.0302e-04
Loss = 3.0929e-02, PNorm = 106.7759, GNorm = 0.5709, lr_0 = 1.0291e-04
Loss = 5.8696e-02, PNorm = 106.7772, GNorm = 0.4101, lr_0 = 1.0280e-04
Loss = 1.9925e-02, PNorm = 106.7794, GNorm = 0.1645, lr_0 = 1.0270e-04
Loss = 2.5039e-02, PNorm = 106.7823, GNorm = 0.1299, lr_0 = 1.0259e-04
Loss = 7.3227e-02, PNorm = 106.7833, GNorm = 0.1456, lr_0 = 1.0249e-04
Loss = 6.3854e-02, PNorm = 106.7842, GNorm = 0.3275, lr_0 = 1.0238e-04
Loss = 3.8368e-02, PNorm = 106.7847, GNorm = 0.1993, lr_0 = 1.0228e-04
Loss = 6.0446e-02, PNorm = 106.7860, GNorm = 0.3490, lr_0 = 1.0217e-04
Loss = 5.7969e-02, PNorm = 106.7877, GNorm = 0.1959, lr_0 = 1.0207e-04
Loss = 4.8180e-02, PNorm = 106.7899, GNorm = 0.2109, lr_0 = 1.0196e-04
Loss = 6.5618e-02, PNorm = 106.7922, GNorm = 0.5023, lr_0 = 1.0186e-04
Loss = 6.4854e-02, PNorm = 106.7934, GNorm = 0.4368, lr_0 = 1.0175e-04
Loss = 4.5569e-02, PNorm = 106.7944, GNorm = 0.2295, lr_0 = 1.0165e-04
Loss = 7.0588e-02, PNorm = 106.7951, GNorm = 0.3628, lr_0 = 1.0154e-04
Loss = 3.7253e-02, PNorm = 106.7982, GNorm = 0.2567, lr_0 = 1.0144e-04
Loss = 4.8388e-02, PNorm = 106.8009, GNorm = 0.2345, lr_0 = 1.0133e-04
Loss = 7.6554e-02, PNorm = 106.8027, GNorm = 0.6119, lr_0 = 1.0123e-04
Loss = 2.4350e-02, PNorm = 106.8056, GNorm = 0.4729, lr_0 = 1.0113e-04
Loss = 3.0648e-02, PNorm = 106.8086, GNorm = 0.2058, lr_0 = 1.0102e-04
Loss = 8.3735e-02, PNorm = 106.8099, GNorm = 0.7342, lr_0 = 1.0092e-04
Loss = 7.7264e-02, PNorm = 106.8092, GNorm = 1.1113, lr_0 = 1.0082e-04
Loss = 3.9089e-02, PNorm = 106.8085, GNorm = 0.2089, lr_0 = 1.0071e-04
Loss = 4.0157e-02, PNorm = 106.8103, GNorm = 0.1888, lr_0 = 1.0061e-04
Loss = 6.0791e-02, PNorm = 106.8120, GNorm = 0.4711, lr_0 = 1.0050e-04
Loss = 4.2503e-02, PNorm = 106.8144, GNorm = 0.3602, lr_0 = 1.0040e-04
Loss = 6.0317e-02, PNorm = 106.8160, GNorm = 0.2242, lr_0 = 1.0030e-04
Loss = 7.1177e-02, PNorm = 106.8174, GNorm = 0.1618, lr_0 = 1.0020e-04
Loss = 7.2277e-02, PNorm = 106.8179, GNorm = 0.2951, lr_0 = 1.0009e-04
Loss = 5.0471e-02, PNorm = 106.8206, GNorm = 1.9350, lr_0 = 1.0000e-04
Validation auc = 0.569443
Model 0 best validation auc = 0.591357 on epoch 4
Loading pretrained parameter "encoder.encoder.0.cached_zero_vector".
Loading pretrained parameter "encoder.encoder.0.W_i.weight".
Loading pretrained parameter "encoder.encoder.0.W_h.weight".
Loading pretrained parameter "encoder.encoder.0.W_o.weight".
Loading pretrained parameter "encoder.encoder.0.W_o.bias".
Loading pretrained parameter "ffn.1.weight".
Loading pretrained parameter "ffn.1.bias".
Loading pretrained parameter "ffn.4.weight".
Loading pretrained parameter "ffn.4.bias".
Loading pretrained parameter "ffn.7.weight".
Loading pretrained parameter "ffn.7.bias".
Model 0 test auc = 0.558079
Ensemble test auc = 0.558079
1-fold cross validation
	Seed 6 ==> test auc = 0.558079
Overall test auc = 0.558079 +/- 0.000000
Elapsed time = 1 day, 6:15:16
