Command line
python /home/felixjwong/miniconda3/envs/chemprop/bin/chemprop_train --data_path ./hdpc.csv --dataset_type classification --config_path ./hyperparameters.json --save_dir ./hdpc/5 --ensemble_size 1 --seed 5 --features_generator rdkit_2d_normalized --no_features_scaling
Args
{'activation': 'ReLU',
 'aggregation': 'mean',
 'aggregation_norm': 100,
 'atom_descriptor_scaling': True,
 'atom_descriptors': None,
 'atom_descriptors_path': None,
 'atom_descriptors_size': 0,
 'atom_features_size': 0,
 'atom_messages': False,
 'batch_size': 50,
 'bias': False,
 'bond_feature_scaling': True,
 'bond_features_path': None,
 'bond_features_size': 0,
 'cache_cutoff': 10000,
 'checkpoint_dir': None,
 'checkpoint_path': None,
 'checkpoint_paths': None,
 'class_balance': False,
 'config_path': './hyperparameters.json',
 'crossval_index_dir': None,
 'crossval_index_file': None,
 'crossval_index_sets': None,
 'cuda': False,
 'data_path': './hdpc.csv',
 'dataset_type': 'classification',
 'depth': 5,
 'device': device(type='cpu'),
 'dropout': 0.35,
 'ensemble_size': 1,
 'epochs': 30,
 'extra_metrics': [],
 'features_generator': ['rdkit_2d_normalized'],
 'features_only': False,
 'features_path': None,
 'features_scaling': False,
 'features_size': None,
 'ffn_hidden_size': 1600,
 'ffn_num_layers': 3,
 'final_lr': 0.0001,
 'folds_file': None,
 'gpu': None,
 'grad_clip': None,
 'hidden_size': 1600,
 'ignore_columns': None,
 'init_lr': 0.0001,
 'log_frequency': 10,
 'max_data_size': None,
 'max_lr': 0.001,
 'metric': 'auc',
 'metrics': ['auc'],
 'minimize_score': False,
 'mpn_shared': False,
 'multiclass_num_classes': 3,
 'no_atom_descriptor_scaling': False,
 'no_bond_features_scaling': False,
 'no_cache_mol': False,
 'no_cuda': False,
 'no_features_scaling': True,
 'num_folds': 1,
 'num_lrs': 1,
 'num_tasks': 1,
 'num_workers': 8,
 'number_of_molecules': 1,
 'overwrite_default_atom_features': False,
 'overwrite_default_bond_features': False,
 'pytorch_seed': 0,
 'quiet': False,
 'save_dir': './hdpc/5',
 'save_preds': False,
 'save_smiles_splits': False,
 'seed': 5,
 'separate_test_atom_descriptors_path': None,
 'separate_test_bond_features_path': None,
 'separate_test_features_path': None,
 'separate_test_path': None,
 'separate_val_atom_descriptors_path': None,
 'separate_val_bond_features_path': None,
 'separate_val_features_path': None,
 'separate_val_path': None,
 'show_individual_scores': False,
 'smiles_columns': ['\ufeffSMILES'],
 'split_sizes': (0.8, 0.1, 0.1),
 'split_type': 'random',
 'target_columns': None,
 'task_names': ['HIT'],
 'test': False,
 'test_fold_index': None,
 'train_data_size': None,
 'undirected': False,
 'use_input_features': True,
 'val_fold_index': None,
 'warmup_epochs': 2.0}
Loading data
Number of tasks = 1
Fold 0
Splitting data with seed 5
Class sizes
HIT 0: 99.12%, 1: 0.88%
Total size = 50,000 | train size = 40,000 | val size = 5,000 | test size = 5,000
Building model 0
MoleculeModel(
  (sigmoid): Sigmoid()
  (encoder): MPN(
    (encoder): ModuleList(
      (0): MPNEncoder(
        (dropout_layer): Dropout(p=0.35, inplace=False)
        (act_func): ReLU()
        (W_i): Linear(in_features=147, out_features=1600, bias=False)
        (W_h): Linear(in_features=1600, out_features=1600, bias=False)
        (W_o): Linear(in_features=1733, out_features=1600, bias=True)
      )
    )
  )
  (ffn): Sequential(
    (0): Dropout(p=0.35, inplace=False)
    (1): Linear(in_features=1800, out_features=1600, bias=True)
    (2): ReLU()
    (3): Dropout(p=0.35, inplace=False)
    (4): Linear(in_features=1600, out_features=1600, bias=True)
    (5): ReLU()
    (6): Dropout(p=0.35, inplace=False)
    (7): Linear(in_features=1600, out_features=1, bias=True)
  )
)
Number of parameters = 11,014,401
Epoch 0
Loss = 1.7536e-01, PNorm = 82.6420, GNorm = 0.0017, lr_0 = 1.0619e-04
Loss = 7.4288e-02, PNorm = 82.6476, GNorm = 1.0709, lr_0 = 1.1181e-04
Loss = 3.0040e-02, PNorm = 82.6505, GNorm = 0.1793, lr_0 = 1.1744e-04
Loss = 8.3850e-02, PNorm = 82.6549, GNorm = 0.1857, lr_0 = 1.2306e-04
Loss = 9.7519e-02, PNorm = 82.6597, GNorm = 0.2693, lr_0 = 1.2869e-04
Loss = 6.6168e-02, PNorm = 82.6692, GNorm = 0.7712, lr_0 = 1.3431e-04
Loss = 3.0403e-02, PNorm = 82.6767, GNorm = 0.0885, lr_0 = 1.3994e-04
Loss = 4.0660e-02, PNorm = 82.6842, GNorm = 0.0607, lr_0 = 1.4556e-04
Loss = 8.5417e-02, PNorm = 82.6860, GNorm = 0.1867, lr_0 = 1.5119e-04
Loss = 6.9850e-02, PNorm = 82.6964, GNorm = 0.3664, lr_0 = 1.5681e-04
Loss = 8.0363e-02, PNorm = 82.7080, GNorm = 0.8226, lr_0 = 1.6244e-04
Loss = 6.1223e-02, PNorm = 82.7142, GNorm = 0.2088, lr_0 = 1.6806e-04
Loss = 4.8688e-02, PNorm = 82.7286, GNorm = 0.0570, lr_0 = 1.7369e-04
Loss = 1.6090e-02, PNorm = 82.7398, GNorm = 0.0207, lr_0 = 1.7931e-04
Loss = 5.7844e-02, PNorm = 82.7425, GNorm = 0.5622, lr_0 = 1.8494e-04
Loss = 6.9966e-02, PNorm = 82.7473, GNorm = 0.2353, lr_0 = 1.9056e-04
Loss = 5.9751e-02, PNorm = 82.7632, GNorm = 0.4225, lr_0 = 1.9619e-04
Loss = 5.0844e-02, PNorm = 82.7723, GNorm = 0.0893, lr_0 = 2.0181e-04
Loss = 2.5405e-02, PNorm = 82.7836, GNorm = 0.0671, lr_0 = 2.0744e-04
Loss = 4.0646e-02, PNorm = 82.7940, GNorm = 0.6191, lr_0 = 2.1306e-04
Loss = 1.2723e-02, PNorm = 82.8003, GNorm = 0.0652, lr_0 = 2.1869e-04
Loss = 5.0561e-02, PNorm = 82.8094, GNorm = 0.1044, lr_0 = 2.2431e-04
Loss = 5.1217e-02, PNorm = 82.8247, GNorm = 0.7975, lr_0 = 2.2994e-04
Loss = 1.7133e-02, PNorm = 82.8406, GNorm = 0.0327, lr_0 = 2.3556e-04
Loss = 2.3878e-02, PNorm = 82.8579, GNorm = 0.9977, lr_0 = 2.4119e-04
Loss = 7.0235e-02, PNorm = 82.8574, GNorm = 0.6005, lr_0 = 2.4681e-04
Loss = 5.7262e-02, PNorm = 82.8768, GNorm = 0.3849, lr_0 = 2.5244e-04
Loss = 1.4030e-02, PNorm = 82.9006, GNorm = 0.0159, lr_0 = 2.5806e-04
Loss = 5.0806e-02, PNorm = 82.9086, GNorm = 0.3440, lr_0 = 2.6369e-04
Loss = 8.0402e-02, PNorm = 82.9245, GNorm = 0.6133, lr_0 = 2.6931e-04
Loss = 3.7482e-02, PNorm = 82.9536, GNorm = 0.5598, lr_0 = 2.7494e-04
Loss = 9.1241e-02, PNorm = 82.9600, GNorm = 0.4095, lr_0 = 2.8056e-04
Loss = 6.9064e-02, PNorm = 82.9887, GNorm = 0.4832, lr_0 = 2.8619e-04
Loss = 6.4512e-02, PNorm = 83.0040, GNorm = 0.0951, lr_0 = 2.9181e-04
Loss = 5.9206e-02, PNorm = 83.0184, GNorm = 0.1660, lr_0 = 2.9744e-04
Loss = 4.4218e-02, PNorm = 83.0426, GNorm = 0.5636, lr_0 = 3.0306e-04
Loss = 1.1015e-01, PNorm = 83.0469, GNorm = 0.4401, lr_0 = 3.0869e-04
Loss = 7.4987e-02, PNorm = 83.0829, GNorm = 0.7719, lr_0 = 3.1431e-04
Loss = 1.1547e-01, PNorm = 83.0894, GNorm = 0.8903, lr_0 = 3.1994e-04
Loss = 6.0606e-02, PNorm = 83.1162, GNorm = 0.2716, lr_0 = 3.2556e-04
Loss = 1.0756e-01, PNorm = 83.1331, GNorm = 1.1288, lr_0 = 3.3119e-04
Loss = 5.2840e-02, PNorm = 83.1426, GNorm = 0.3236, lr_0 = 3.3681e-04
Loss = 5.9054e-02, PNorm = 83.1563, GNorm = 0.1548, lr_0 = 3.4244e-04
Loss = 2.7573e-02, PNorm = 83.1753, GNorm = 0.0415, lr_0 = 3.4806e-04
Loss = 4.3143e-02, PNorm = 83.1822, GNorm = 0.0620, lr_0 = 3.5369e-04
Loss = 3.5112e-03, PNorm = 83.1937, GNorm = 0.0355, lr_0 = 3.5931e-04
Loss = 6.2946e-02, PNorm = 83.1938, GNorm = 0.0867, lr_0 = 3.6494e-04
Loss = 3.8902e-02, PNorm = 83.2055, GNorm = 0.0914, lr_0 = 3.7056e-04
Loss = 5.2174e-02, PNorm = 83.2148, GNorm = 0.0840, lr_0 = 3.7619e-04
Loss = 1.7137e-02, PNorm = 83.2271, GNorm = 0.0638, lr_0 = 3.8181e-04
Loss = 6.1017e-02, PNorm = 83.2331, GNorm = 0.3091, lr_0 = 3.8744e-04
Loss = 6.3407e-02, PNorm = 83.2462, GNorm = 0.3954, lr_0 = 3.9306e-04
Loss = 3.9198e-02, PNorm = 83.2647, GNorm = 0.3981, lr_0 = 3.9869e-04
Loss = 6.1725e-02, PNorm = 83.2710, GNorm = 0.1681, lr_0 = 4.0431e-04
Loss = 3.0614e-02, PNorm = 83.2916, GNorm = 0.0556, lr_0 = 4.0994e-04
Loss = 6.4913e-02, PNorm = 83.2973, GNorm = 0.2138, lr_0 = 4.1556e-04
Loss = 4.8596e-02, PNorm = 83.3142, GNorm = 0.0821, lr_0 = 4.2119e-04
Loss = 1.8176e-02, PNorm = 83.3348, GNorm = 0.0327, lr_0 = 4.2681e-04
Loss = 3.2585e-02, PNorm = 83.3473, GNorm = 0.4459, lr_0 = 4.3244e-04
Loss = 1.6279e-02, PNorm = 83.3617, GNorm = 0.0569, lr_0 = 4.3806e-04
Loss = 6.0468e-02, PNorm = 83.3671, GNorm = 0.1724, lr_0 = 4.4369e-04
Loss = 5.3916e-02, PNorm = 83.3909, GNorm = 0.2749, lr_0 = 4.4931e-04
Loss = 6.0852e-02, PNorm = 83.4105, GNorm = 0.1013, lr_0 = 4.5494e-04
Loss = 5.3054e-02, PNorm = 83.4307, GNorm = 0.4041, lr_0 = 4.6056e-04
Loss = 5.2842e-02, PNorm = 83.4537, GNorm = 0.7109, lr_0 = 4.6619e-04
Loss = 6.6615e-02, PNorm = 83.4723, GNorm = 0.2121, lr_0 = 4.7181e-04
Loss = 6.8092e-02, PNorm = 83.5077, GNorm = 0.1121, lr_0 = 4.7744e-04
Loss = 9.0463e-02, PNorm = 83.5330, GNorm = 0.2797, lr_0 = 4.8306e-04
Loss = 7.4475e-02, PNorm = 83.5624, GNorm = 0.1301, lr_0 = 4.8869e-04
Loss = 4.5236e-02, PNorm = 83.5879, GNorm = 0.4009, lr_0 = 4.9431e-04
Loss = 6.6484e-02, PNorm = 83.6019, GNorm = 0.4044, lr_0 = 4.9994e-04
Loss = 1.0128e-01, PNorm = 83.6141, GNorm = 0.3886, lr_0 = 5.0556e-04
Loss = 4.9645e-02, PNorm = 83.6554, GNorm = 0.0514, lr_0 = 5.1119e-04
Loss = 7.0311e-02, PNorm = 83.6678, GNorm = 0.2766, lr_0 = 5.1681e-04
Loss = 7.5923e-02, PNorm = 83.6850, GNorm = 0.4537, lr_0 = 5.2244e-04
Loss = 6.6398e-02, PNorm = 83.7111, GNorm = 0.2637, lr_0 = 5.2806e-04
Loss = 6.7501e-02, PNorm = 83.7321, GNorm = 0.2840, lr_0 = 5.3369e-04
Loss = 4.8051e-02, PNorm = 83.7578, GNorm = 0.3476, lr_0 = 5.3931e-04
Loss = 4.5344e-02, PNorm = 83.7797, GNorm = 0.0880, lr_0 = 5.4494e-04
Loss = 6.5338e-02, PNorm = 83.7963, GNorm = 0.3314, lr_0 = 5.5056e-04
Validation auc = 0.584755
Epoch 1
Loss = 2.9572e-02, PNorm = 83.8234, GNorm = 0.0891, lr_0 = 5.5619e-04
Loss = 2.5739e-02, PNorm = 83.8533, GNorm = 0.0560, lr_0 = 5.6181e-04
Loss = 6.0068e-02, PNorm = 83.8668, GNorm = 0.7187, lr_0 = 5.6744e-04
Loss = 7.6057e-02, PNorm = 83.8920, GNorm = 0.2557, lr_0 = 5.7306e-04
Loss = 2.5735e-02, PNorm = 83.9388, GNorm = 0.0305, lr_0 = 5.7869e-04
Loss = 5.5994e-02, PNorm = 83.9554, GNorm = 0.0542, lr_0 = 5.8431e-04
Loss = 6.9658e-02, PNorm = 83.9715, GNorm = 0.4190, lr_0 = 5.8994e-04
Loss = 6.8214e-02, PNorm = 84.0163, GNorm = 0.0891, lr_0 = 5.9556e-04
Loss = 4.9866e-02, PNorm = 84.0412, GNorm = 0.3995, lr_0 = 6.0119e-04
Loss = 4.3282e-02, PNorm = 84.0594, GNorm = 0.2027, lr_0 = 6.0681e-04
Loss = 4.9310e-02, PNorm = 84.0917, GNorm = 0.1254, lr_0 = 6.1244e-04
Loss = 5.9737e-02, PNorm = 84.1227, GNorm = 0.2121, lr_0 = 6.1806e-04
Loss = 5.4297e-02, PNorm = 84.1698, GNorm = 0.3476, lr_0 = 6.2369e-04
Loss = 2.6861e-02, PNorm = 84.2242, GNorm = 0.1074, lr_0 = 6.2931e-04
Loss = 7.6925e-02, PNorm = 84.2493, GNorm = 0.2930, lr_0 = 6.3494e-04
Loss = 4.5353e-02, PNorm = 84.3102, GNorm = 0.1392, lr_0 = 6.4056e-04
Loss = 4.2937e-02, PNorm = 84.3600, GNorm = 0.0300, lr_0 = 6.4619e-04
Loss = 7.8502e-02, PNorm = 84.3870, GNorm = 0.3182, lr_0 = 6.5181e-04
Loss = 5.1105e-02, PNorm = 84.4310, GNorm = 0.0580, lr_0 = 6.5744e-04
Loss = 9.8743e-02, PNorm = 84.4360, GNorm = 0.3116, lr_0 = 6.6306e-04
Loss = 4.5635e-02, PNorm = 84.4722, GNorm = 0.1334, lr_0 = 6.6869e-04
Loss = 3.9065e-02, PNorm = 84.4926, GNorm = 0.0545, lr_0 = 6.7431e-04
Loss = 3.7159e-02, PNorm = 84.4989, GNorm = 0.1290, lr_0 = 6.7994e-04
Loss = 6.4216e-02, PNorm = 84.5049, GNorm = 0.4686, lr_0 = 6.8556e-04
Loss = 7.8658e-02, PNorm = 84.5137, GNorm = 0.2995, lr_0 = 6.9119e-04
Loss = 4.8721e-02, PNorm = 84.5390, GNorm = 0.1689, lr_0 = 6.9681e-04
Loss = 1.0058e-01, PNorm = 84.5463, GNorm = 0.2890, lr_0 = 7.0244e-04
Loss = 6.1792e-02, PNorm = 84.5701, GNorm = 0.1905, lr_0 = 7.0806e-04
Loss = 6.5544e-02, PNorm = 84.5927, GNorm = 0.9888, lr_0 = 7.1369e-04
Loss = 3.9409e-02, PNorm = 84.6019, GNorm = 0.2115, lr_0 = 7.1931e-04
Loss = 4.0421e-02, PNorm = 84.6279, GNorm = 0.0804, lr_0 = 7.2494e-04
Loss = 3.6881e-02, PNorm = 84.6435, GNorm = 0.0406, lr_0 = 7.3056e-04
Loss = 4.4871e-02, PNorm = 84.6441, GNorm = 0.4272, lr_0 = 7.3619e-04
Loss = 3.8140e-02, PNorm = 84.6616, GNorm = 0.3632, lr_0 = 7.4181e-04
Loss = 4.2244e-02, PNorm = 84.6805, GNorm = 0.1096, lr_0 = 7.4744e-04
Loss = 2.2505e-02, PNorm = 84.6988, GNorm = 0.0876, lr_0 = 7.5306e-04
Loss = 6.2104e-02, PNorm = 84.7031, GNorm = 0.1747, lr_0 = 7.5869e-04
Loss = 7.6200e-02, PNorm = 84.7168, GNorm = 0.9966, lr_0 = 7.6431e-04
Loss = 5.0612e-02, PNorm = 84.7355, GNorm = 0.4825, lr_0 = 7.6994e-04
Loss = 6.7596e-02, PNorm = 84.7441, GNorm = 0.3048, lr_0 = 7.7556e-04
Loss = 5.6697e-02, PNorm = 84.7659, GNorm = 0.2634, lr_0 = 7.8119e-04
Loss = 4.2777e-02, PNorm = 84.7990, GNorm = 0.0457, lr_0 = 7.8681e-04
Loss = 5.3016e-02, PNorm = 84.8068, GNorm = 0.3512, lr_0 = 7.9244e-04
Loss = 5.4857e-02, PNorm = 84.8254, GNorm = 0.1860, lr_0 = 7.9806e-04
Loss = 7.9779e-02, PNorm = 84.8432, GNorm = 0.2570, lr_0 = 8.0369e-04
Loss = 7.1602e-02, PNorm = 84.8666, GNorm = 0.1692, lr_0 = 8.0931e-04
Loss = 4.6467e-02, PNorm = 84.8934, GNorm = 0.4286, lr_0 = 8.1494e-04
Loss = 6.5156e-02, PNorm = 84.9115, GNorm = 0.2577, lr_0 = 8.2056e-04
Loss = 6.7501e-02, PNorm = 84.9407, GNorm = 0.3226, lr_0 = 8.2619e-04
Loss = 1.2825e-01, PNorm = 84.9600, GNorm = 0.4755, lr_0 = 8.3181e-04
Loss = 8.2454e-02, PNorm = 85.0069, GNorm = 0.4987, lr_0 = 8.3744e-04
Loss = 6.4253e-02, PNorm = 85.0183, GNorm = 0.3109, lr_0 = 8.4306e-04
Loss = 3.9053e-02, PNorm = 85.0474, GNorm = 0.1130, lr_0 = 8.4869e-04
Loss = 9.0517e-02, PNorm = 85.0491, GNorm = 0.3707, lr_0 = 8.5431e-04
Loss = 7.8719e-02, PNorm = 85.0732, GNorm = 0.3442, lr_0 = 8.5994e-04
Loss = 2.9926e-02, PNorm = 85.1036, GNorm = 0.1022, lr_0 = 8.6556e-04
Loss = 2.8294e-02, PNorm = 85.1253, GNorm = 0.7216, lr_0 = 8.7119e-04
Loss = 6.8428e-02, PNorm = 85.1126, GNorm = 0.2873, lr_0 = 8.7681e-04
Loss = 4.4907e-02, PNorm = 85.1386, GNorm = 0.1779, lr_0 = 8.8244e-04
Loss = 6.4735e-02, PNorm = 85.1551, GNorm = 0.1437, lr_0 = 8.8806e-04
Loss = 5.4781e-02, PNorm = 85.1686, GNorm = 0.2862, lr_0 = 8.9369e-04
Loss = 3.7294e-02, PNorm = 85.1978, GNorm = 0.1173, lr_0 = 8.9931e-04
Loss = 4.9777e-02, PNorm = 85.2080, GNorm = 0.6665, lr_0 = 9.0494e-04
Loss = 4.0856e-02, PNorm = 85.2149, GNorm = 0.1602, lr_0 = 9.1056e-04
Loss = 5.9342e-02, PNorm = 85.2307, GNorm = 0.2257, lr_0 = 9.1619e-04
Loss = 5.4627e-02, PNorm = 85.2605, GNorm = 0.6271, lr_0 = 9.2181e-04
Loss = 7.4132e-02, PNorm = 85.2684, GNorm = 0.1470, lr_0 = 9.2744e-04
Loss = 4.7443e-02, PNorm = 85.2882, GNorm = 0.2561, lr_0 = 9.3306e-04
Loss = 7.0229e-02, PNorm = 85.3184, GNorm = 0.1176, lr_0 = 9.3869e-04
Loss = 4.4807e-02, PNorm = 85.3416, GNorm = 0.2447, lr_0 = 9.4431e-04
Loss = 4.0126e-02, PNorm = 85.3758, GNorm = 0.1135, lr_0 = 9.4994e-04
Loss = 1.9082e-02, PNorm = 85.4034, GNorm = 0.0659, lr_0 = 9.5556e-04
Loss = 7.3260e-02, PNorm = 85.4058, GNorm = 0.3560, lr_0 = 9.6119e-04
Loss = 8.8162e-02, PNorm = 85.4303, GNorm = 0.3550, lr_0 = 9.6681e-04
Loss = 6.5569e-02, PNorm = 85.4691, GNorm = 0.3487, lr_0 = 9.7244e-04
Loss = 5.4207e-02, PNorm = 85.5099, GNorm = 0.5391, lr_0 = 9.7806e-04
Loss = 7.2655e-02, PNorm = 85.5366, GNorm = 0.3116, lr_0 = 9.8369e-04
Loss = 2.9985e-02, PNorm = 85.5885, GNorm = 0.1137, lr_0 = 9.8931e-04
Loss = 7.8416e-02, PNorm = 85.5960, GNorm = 0.2680, lr_0 = 9.9494e-04
Loss = 2.0450e-02, PNorm = 85.6502, GNorm = 0.1291, lr_0 = 9.9990e-04
Validation auc = 0.591103
Epoch 2
Loss = 7.7240e-02, PNorm = 85.6622, GNorm = 0.2680, lr_0 = 9.9887e-04
Loss = 7.8681e-02, PNorm = 85.6877, GNorm = 0.4050, lr_0 = 9.9784e-04
Loss = 1.1856e-02, PNorm = 85.7491, GNorm = 0.0613, lr_0 = 9.9682e-04
Loss = 9.8581e-02, PNorm = 85.7588, GNorm = 0.1415, lr_0 = 9.9579e-04
Loss = 1.1038e-01, PNorm = 85.7888, GNorm = 0.5081, lr_0 = 9.9477e-04
Loss = 5.4164e-02, PNorm = 85.8605, GNorm = 1.4978, lr_0 = 9.9375e-04
Loss = 1.4075e-02, PNorm = 85.8744, GNorm = 0.0453, lr_0 = 9.9273e-04
Loss = 8.3952e-02, PNorm = 85.8634, GNorm = 0.3355, lr_0 = 9.9171e-04
Loss = 6.6472e-02, PNorm = 85.8883, GNorm = 0.4331, lr_0 = 9.9069e-04
Loss = 4.5018e-02, PNorm = 85.9186, GNorm = 0.1817, lr_0 = 9.8967e-04
Loss = 1.4359e-02, PNorm = 85.9519, GNorm = 0.0297, lr_0 = 9.8865e-04
Loss = 1.2146e-01, PNorm = 85.9356, GNorm = 0.4397, lr_0 = 9.8764e-04
Loss = 5.6686e-02, PNorm = 85.9796, GNorm = 0.2356, lr_0 = 9.8662e-04
Loss = 5.7089e-02, PNorm = 86.0140, GNorm = 0.0576, lr_0 = 9.8561e-04
Loss = 3.5619e-02, PNorm = 86.0233, GNorm = 0.5711, lr_0 = 9.8460e-04
Loss = 1.6008e-02, PNorm = 86.0501, GNorm = 0.0905, lr_0 = 9.8359e-04
Loss = 5.3450e-02, PNorm = 86.0596, GNorm = 0.2243, lr_0 = 9.8258e-04
Loss = 7.4494e-02, PNorm = 86.0789, GNorm = 0.4344, lr_0 = 9.8157e-04
Loss = 7.0350e-02, PNorm = 86.1135, GNorm = 0.1940, lr_0 = 9.8056e-04
Loss = 2.8477e-02, PNorm = 86.1535, GNorm = 0.0658, lr_0 = 9.7955e-04
Loss = 5.6574e-02, PNorm = 86.1692, GNorm = 0.1762, lr_0 = 9.7854e-04
Loss = 4.9873e-02, PNorm = 86.1815, GNorm = 0.3559, lr_0 = 9.7754e-04
Loss = 6.4221e-02, PNorm = 86.2123, GNorm = 0.2121, lr_0 = 9.7653e-04
Loss = 4.1653e-02, PNorm = 86.2459, GNorm = 0.2071, lr_0 = 9.7553e-04
Loss = 5.0990e-02, PNorm = 86.2755, GNorm = 0.2022, lr_0 = 9.7453e-04
Loss = 4.1804e-02, PNorm = 86.3113, GNorm = 0.1550, lr_0 = 9.7353e-04
Loss = 4.5412e-02, PNorm = 86.3650, GNorm = 2.0503, lr_0 = 9.7253e-04
Loss = 5.6995e-02, PNorm = 86.3752, GNorm = 0.4543, lr_0 = 9.7153e-04
Loss = 5.7105e-02, PNorm = 86.4211, GNorm = 0.1424, lr_0 = 9.7053e-04
Loss = 4.3915e-02, PNorm = 86.4648, GNorm = 1.0627, lr_0 = 9.6953e-04
Loss = 7.5229e-02, PNorm = 86.4927, GNorm = 0.3523, lr_0 = 9.6854e-04
Loss = 1.0523e-01, PNorm = 86.5413, GNorm = 0.6601, lr_0 = 9.6754e-04
Loss = 4.7856e-02, PNorm = 86.6225, GNorm = 0.1160, lr_0 = 9.6655e-04
Loss = 9.0188e-02, PNorm = 86.6424, GNorm = 0.5033, lr_0 = 9.6555e-04
Loss = 3.0214e-02, PNorm = 86.7202, GNorm = 0.1419, lr_0 = 9.6456e-04
Loss = 5.8722e-02, PNorm = 86.7468, GNorm = 0.1458, lr_0 = 9.6357e-04
Loss = 4.0158e-02, PNorm = 86.7789, GNorm = 0.6317, lr_0 = 9.6258e-04
Loss = 6.1610e-02, PNorm = 86.7944, GNorm = 0.3434, lr_0 = 9.6159e-04
Loss = 5.9027e-02, PNorm = 86.8386, GNorm = 0.2265, lr_0 = 9.6060e-04
Loss = 7.8375e-02, PNorm = 86.8680, GNorm = 0.4347, lr_0 = 9.5962e-04
Loss = 5.1090e-02, PNorm = 86.9087, GNorm = 0.7005, lr_0 = 9.5863e-04
Loss = 3.7553e-02, PNorm = 86.9260, GNorm = 0.3906, lr_0 = 9.5765e-04
Loss = 7.4571e-02, PNorm = 86.9359, GNorm = 1.1396, lr_0 = 9.5666e-04
Loss = 7.6732e-02, PNorm = 86.9454, GNorm = 0.6888, lr_0 = 9.5568e-04
Loss = 4.3526e-02, PNorm = 86.9867, GNorm = 0.1542, lr_0 = 9.5470e-04
Loss = 3.2661e-02, PNorm = 87.0167, GNorm = 0.0583, lr_0 = 9.5372e-04
Loss = 1.1981e-01, PNorm = 87.0046, GNorm = 0.7795, lr_0 = 9.5274e-04
Loss = 5.5397e-02, PNorm = 87.0444, GNorm = 0.2743, lr_0 = 9.5176e-04
Loss = 7.7254e-02, PNorm = 87.0677, GNorm = 0.6395, lr_0 = 9.5078e-04
Loss = 4.8016e-02, PNorm = 87.0980, GNorm = 0.1947, lr_0 = 9.4980e-04
Loss = 6.3554e-02, PNorm = 87.1180, GNorm = 0.3600, lr_0 = 9.4883e-04
Loss = 2.5633e-02, PNorm = 87.1544, GNorm = 0.1580, lr_0 = 9.4785e-04
Loss = 8.3745e-02, PNorm = 87.1644, GNorm = 1.3801, lr_0 = 9.4688e-04
Loss = 2.3474e-02, PNorm = 87.1938, GNorm = 0.6842, lr_0 = 9.4591e-04
Loss = 6.1953e-02, PNorm = 87.2058, GNorm = 0.5022, lr_0 = 9.4493e-04
Loss = 5.6082e-02, PNorm = 87.2070, GNorm = 0.3221, lr_0 = 9.4396e-04
Loss = 5.0861e-02, PNorm = 87.2239, GNorm = 0.1966, lr_0 = 9.4299e-04
Loss = 5.2233e-02, PNorm = 87.2411, GNorm = 1.4874, lr_0 = 9.4203e-04
Loss = 2.2729e-02, PNorm = 87.2507, GNorm = 0.1922, lr_0 = 9.4106e-04
Loss = 9.1714e-02, PNorm = 87.2493, GNorm = 0.5361, lr_0 = 9.4009e-04
Loss = 6.4835e-02, PNorm = 87.2730, GNorm = 0.3480, lr_0 = 9.3912e-04
Loss = 5.5165e-02, PNorm = 87.2977, GNorm = 0.1389, lr_0 = 9.3816e-04
Loss = 5.5141e-02, PNorm = 87.2927, GNorm = 0.4307, lr_0 = 9.3720e-04
Loss = 5.9550e-02, PNorm = 87.2984, GNorm = 0.2928, lr_0 = 9.3623e-04
Loss = 4.2332e-02, PNorm = 87.3161, GNorm = 0.2595, lr_0 = 9.3527e-04
Loss = 6.1547e-02, PNorm = 87.3269, GNorm = 0.2959, lr_0 = 9.3431e-04
Loss = 3.1904e-02, PNorm = 87.3576, GNorm = 0.0773, lr_0 = 9.3335e-04
Loss = 2.0055e-02, PNorm = 87.3806, GNorm = 0.0384, lr_0 = 9.3239e-04
Loss = 5.9034e-02, PNorm = 87.3689, GNorm = 1.0455, lr_0 = 9.3143e-04
Loss = 5.5917e-02, PNorm = 87.3727, GNorm = 0.4560, lr_0 = 9.3048e-04
Loss = 4.6506e-02, PNorm = 87.4026, GNorm = 0.1143, lr_0 = 9.2952e-04
Loss = 4.7504e-02, PNorm = 87.4158, GNorm = 0.5653, lr_0 = 9.2857e-04
Loss = 7.3205e-02, PNorm = 87.4204, GNorm = 0.3880, lr_0 = 9.2761e-04
Loss = 8.6276e-02, PNorm = 87.4373, GNorm = 0.3801, lr_0 = 9.2666e-04
Loss = 6.1250e-02, PNorm = 87.4609, GNorm = 0.2286, lr_0 = 9.2571e-04
Loss = 5.6157e-02, PNorm = 87.4870, GNorm = 1.5940, lr_0 = 9.2476e-04
Loss = 6.0220e-02, PNorm = 87.4875, GNorm = 0.4368, lr_0 = 9.2381e-04
Loss = 8.0299e-02, PNorm = 87.5102, GNorm = 0.5748, lr_0 = 9.2286e-04
Loss = 5.0175e-02, PNorm = 87.5377, GNorm = 0.4696, lr_0 = 9.2191e-04
Loss = 7.3134e-02, PNorm = 87.5483, GNorm = 0.2736, lr_0 = 9.2096e-04
Validation auc = 0.602442
Epoch 3
Loss = 5.8072e-02, PNorm = 87.5729, GNorm = 0.6764, lr_0 = 9.2001e-04
Loss = 3.9555e-02, PNorm = 87.5995, GNorm = 0.1461, lr_0 = 9.1907e-04
Loss = 4.1426e-02, PNorm = 87.6169, GNorm = 0.1778, lr_0 = 9.1812e-04
Loss = 4.8040e-02, PNorm = 87.6418, GNorm = 1.1239, lr_0 = 9.1718e-04
Loss = 3.1028e-02, PNorm = 87.6506, GNorm = 0.1586, lr_0 = 9.1624e-04
Loss = 4.4375e-02, PNorm = 87.6611, GNorm = 0.3160, lr_0 = 9.1530e-04
Loss = 5.1683e-02, PNorm = 87.6800, GNorm = 0.1954, lr_0 = 9.1436e-04
Loss = 1.2889e-02, PNorm = 87.7135, GNorm = 0.0540, lr_0 = 9.1342e-04
Loss = 5.0180e-02, PNorm = 87.7122, GNorm = 0.1862, lr_0 = 9.1248e-04
Loss = 7.8828e-02, PNorm = 87.7146, GNorm = 0.5463, lr_0 = 9.1154e-04
Loss = 4.2252e-02, PNorm = 87.7460, GNorm = 0.6200, lr_0 = 9.1061e-04
Loss = 6.3808e-02, PNorm = 87.7666, GNorm = 0.2160, lr_0 = 9.0967e-04
Loss = 3.0719e-02, PNorm = 87.7888, GNorm = 0.2176, lr_0 = 9.0874e-04
Loss = 3.2065e-02, PNorm = 87.8166, GNorm = 0.0847, lr_0 = 9.0780e-04
Loss = 6.8176e-02, PNorm = 87.8245, GNorm = 0.7948, lr_0 = 9.0687e-04
Loss = 4.6480e-02, PNorm = 87.8413, GNorm = 0.3438, lr_0 = 9.0594e-04
Loss = 2.8044e-02, PNorm = 87.8761, GNorm = 0.1510, lr_0 = 9.0501e-04
Loss = 9.1014e-02, PNorm = 87.8816, GNorm = 0.5091, lr_0 = 9.0408e-04
Loss = 1.0782e-01, PNorm = 87.9049, GNorm = 0.4699, lr_0 = 9.0315e-04
Loss = 4.9346e-02, PNorm = 87.9406, GNorm = 0.1013, lr_0 = 9.0222e-04
Loss = 6.1211e-02, PNorm = 87.9457, GNorm = 0.8500, lr_0 = 9.0129e-04
Loss = 1.8297e-02, PNorm = 87.9637, GNorm = 0.2056, lr_0 = 9.0037e-04
Loss = 7.2771e-02, PNorm = 87.9713, GNorm = 0.3248, lr_0 = 8.9944e-04
Loss = 5.9710e-02, PNorm = 87.9905, GNorm = 0.2848, lr_0 = 8.9852e-04
Loss = 6.8070e-02, PNorm = 88.0085, GNorm = 0.3088, lr_0 = 8.9759e-04
Loss = 9.8140e-02, PNorm = 88.0273, GNorm = 1.4711, lr_0 = 8.9667e-04
Loss = 6.6892e-02, PNorm = 88.0450, GNorm = 0.5937, lr_0 = 8.9575e-04
Loss = 4.7627e-02, PNorm = 88.0848, GNorm = 0.2389, lr_0 = 8.9483e-04
Loss = 5.4474e-02, PNorm = 88.1074, GNorm = 0.7081, lr_0 = 8.9391e-04
Loss = 7.9009e-02, PNorm = 88.1047, GNorm = 0.5897, lr_0 = 8.9299e-04
Loss = 6.8199e-02, PNorm = 88.1333, GNorm = 0.5579, lr_0 = 8.9208e-04
Loss = 4.2792e-02, PNorm = 88.1573, GNorm = 0.4870, lr_0 = 8.9116e-04
Loss = 3.6466e-02, PNorm = 88.1767, GNorm = 0.7563, lr_0 = 8.9024e-04
Loss = 5.1276e-02, PNorm = 88.1774, GNorm = 0.2244, lr_0 = 8.8933e-04
Loss = 5.5338e-02, PNorm = 88.1828, GNorm = 0.3638, lr_0 = 8.8842e-04
Loss = 7.3964e-02, PNorm = 88.1992, GNorm = 0.2640, lr_0 = 8.8750e-04
Loss = 6.8354e-02, PNorm = 88.2047, GNorm = 0.4065, lr_0 = 8.8659e-04
Loss = 6.9392e-02, PNorm = 88.2214, GNorm = 0.6362, lr_0 = 8.8568e-04
Loss = 4.0861e-02, PNorm = 88.2428, GNorm = 0.6137, lr_0 = 8.8477e-04
Loss = 4.7899e-02, PNorm = 88.2489, GNorm = 0.2612, lr_0 = 8.8386e-04
Loss = 2.5703e-02, PNorm = 88.2685, GNorm = 0.1212, lr_0 = 8.8295e-04
Loss = 5.0880e-02, PNorm = 88.2724, GNorm = 0.1854, lr_0 = 8.8205e-04
Loss = 2.6276e-02, PNorm = 88.2872, GNorm = 0.1222, lr_0 = 8.8114e-04
Loss = 4.4505e-02, PNorm = 88.2978, GNorm = 0.1313, lr_0 = 8.8023e-04
Loss = 3.3818e-02, PNorm = 88.3019, GNorm = 0.1755, lr_0 = 8.7933e-04
Loss = 5.2904e-02, PNorm = 88.3021, GNorm = 0.3391, lr_0 = 8.7843e-04
Loss = 6.6783e-02, PNorm = 88.3203, GNorm = 1.2270, lr_0 = 8.7752e-04
Loss = 8.2876e-02, PNorm = 88.3282, GNorm = 0.4601, lr_0 = 8.7662e-04
Loss = 5.1060e-02, PNorm = 88.3568, GNorm = 0.3605, lr_0 = 8.7572e-04
Loss = 9.1719e-02, PNorm = 88.3815, GNorm = 1.5318, lr_0 = 8.7482e-04
Loss = 7.5382e-02, PNorm = 88.3855, GNorm = 0.3962, lr_0 = 8.7392e-04
Loss = 3.8527e-02, PNorm = 88.4286, GNorm = 0.2083, lr_0 = 8.7303e-04
Loss = 6.2772e-02, PNorm = 88.4418, GNorm = 0.1437, lr_0 = 8.7213e-04
Loss = 6.0549e-02, PNorm = 88.4445, GNorm = 0.3006, lr_0 = 8.7123e-04
Loss = 6.0587e-02, PNorm = 88.4557, GNorm = 0.5267, lr_0 = 8.7034e-04
Loss = 3.7661e-02, PNorm = 88.4866, GNorm = 0.8273, lr_0 = 8.6944e-04
Loss = 8.1811e-02, PNorm = 88.4876, GNorm = 0.2205, lr_0 = 8.6855e-04
Loss = 6.0971e-02, PNorm = 88.4923, GNorm = 0.5220, lr_0 = 8.6766e-04
Loss = 8.6650e-02, PNorm = 88.5059, GNorm = 0.4309, lr_0 = 8.6677e-04
Loss = 3.1445e-02, PNorm = 88.5304, GNorm = 0.1912, lr_0 = 8.6588e-04
Loss = 7.1033e-02, PNorm = 88.5410, GNorm = 0.1802, lr_0 = 8.6499e-04
Loss = 8.4507e-02, PNorm = 88.5371, GNorm = 0.4597, lr_0 = 8.6410e-04
Loss = 9.0896e-02, PNorm = 88.5534, GNorm = 1.0515, lr_0 = 8.6321e-04
Loss = 5.7083e-02, PNorm = 88.5702, GNorm = 0.3111, lr_0 = 8.6232e-04
Loss = 4.9142e-02, PNorm = 88.5889, GNorm = 0.3173, lr_0 = 8.6144e-04
Loss = 2.5572e-02, PNorm = 88.6091, GNorm = 0.1070, lr_0 = 8.6055e-04
Loss = 2.8395e-02, PNorm = 88.6209, GNorm = 0.1138, lr_0 = 8.5967e-04
Loss = 2.6777e-02, PNorm = 88.6293, GNorm = 0.1435, lr_0 = 8.5878e-04
Loss = 1.0149e-01, PNorm = 88.6238, GNorm = 0.5613, lr_0 = 8.5790e-04
Loss = 5.5731e-02, PNorm = 88.6487, GNorm = 0.3771, lr_0 = 8.5702e-04
Loss = 1.1142e-01, PNorm = 88.6660, GNorm = 0.8598, lr_0 = 8.5614e-04
Loss = 6.8757e-02, PNorm = 88.6875, GNorm = 0.5082, lr_0 = 8.5526e-04
Loss = 5.7860e-02, PNorm = 88.7200, GNorm = 0.7444, lr_0 = 8.5438e-04
Loss = 5.4306e-02, PNorm = 88.7353, GNorm = 0.9248, lr_0 = 8.5350e-04
Loss = 9.8089e-02, PNorm = 88.7304, GNorm = 0.7665, lr_0 = 8.5263e-04
Loss = 3.3752e-02, PNorm = 88.7807, GNorm = 0.0842, lr_0 = 8.5175e-04
Loss = 4.4247e-02, PNorm = 88.7850, GNorm = 0.0998, lr_0 = 8.5088e-04
Loss = 1.7851e-02, PNorm = 88.7923, GNorm = 0.1373, lr_0 = 8.5000e-04
Loss = 4.8735e-02, PNorm = 88.7966, GNorm = 0.1894, lr_0 = 8.4913e-04
Loss = 4.3226e-02, PNorm = 88.8093, GNorm = 0.4159, lr_0 = 8.4826e-04
Validation auc = 0.594773
Epoch 4
Loss = 4.3015e-02, PNorm = 88.8232, GNorm = 0.1982, lr_0 = 8.4738e-04
Loss = 8.6570e-02, PNorm = 88.8351, GNorm = 1.3374, lr_0 = 8.4651e-04
Loss = 2.5092e-02, PNorm = 88.8782, GNorm = 0.2467, lr_0 = 8.4564e-04
Loss = 1.1027e-01, PNorm = 88.8972, GNorm = 0.6885, lr_0 = 8.4478e-04
Loss = 3.5475e-02, PNorm = 88.9392, GNorm = 0.3839, lr_0 = 8.4391e-04
Loss = 5.8263e-02, PNorm = 89.0032, GNorm = 6.5487, lr_0 = 8.4304e-04
Loss = 5.2933e-02, PNorm = 89.0658, GNorm = 0.5298, lr_0 = 8.4217e-04
Loss = 3.7485e-02, PNorm = 89.1546, GNorm = 0.3154, lr_0 = 8.4131e-04
Loss = 1.0097e-01, PNorm = 89.2148, GNorm = 0.5721, lr_0 = 8.4044e-04
Loss = 4.7114e-02, PNorm = 89.2945, GNorm = 0.0058, lr_0 = 8.3958e-04
Loss = 2.5702e+00, PNorm = 90.1080, GNorm = 3.4933, lr_0 = 8.3872e-04
Loss = 1.1519e-01, PNorm = 92.0723, GNorm = 0.3202, lr_0 = 8.3786e-04
Loss = 7.5919e-02, PNorm = 93.1635, GNorm = 1.2247, lr_0 = 8.3700e-04
Loss = 5.9504e-02, PNorm = 93.6246, GNorm = 1.0404, lr_0 = 8.3614e-04
Loss = 5.3170e-02, PNorm = 93.8125, GNorm = 1.0366, lr_0 = 8.3528e-04
Loss = 6.5064e-02, PNorm = 93.8958, GNorm = 0.4725, lr_0 = 8.3442e-04
Loss = 5.7728e-02, PNorm = 93.9400, GNorm = 0.2039, lr_0 = 8.3356e-04
Loss = 4.8482e-02, PNorm = 93.9617, GNorm = 0.4173, lr_0 = 8.3270e-04
Loss = 3.9509e-02, PNorm = 93.9921, GNorm = 1.2423, lr_0 = 8.3185e-04
Loss = 8.4726e-02, PNorm = 93.9890, GNorm = 0.8093, lr_0 = 8.3099e-04
Loss = 7.5774e-02, PNorm = 94.0011, GNorm = 0.8907, lr_0 = 8.3014e-04
Loss = 4.1257e-02, PNorm = 94.0264, GNorm = 0.2585, lr_0 = 8.2929e-04
Loss = 6.0264e-02, PNorm = 94.0366, GNorm = 0.2395, lr_0 = 8.2844e-04
Loss = 6.9036e-02, PNorm = 94.0395, GNorm = 0.6792, lr_0 = 8.2758e-04
Loss = 4.2881e-02, PNorm = 94.0616, GNorm = 0.3258, lr_0 = 8.2673e-04
Loss = 4.0220e-02, PNorm = 94.0845, GNorm = 0.0744, lr_0 = 8.2589e-04
Loss = 3.4463e-02, PNorm = 94.0900, GNorm = 0.2112, lr_0 = 8.2504e-04
Loss = 5.2081e-02, PNorm = 94.1013, GNorm = 0.9434, lr_0 = 8.2419e-04
Loss = 4.7598e-02, PNorm = 94.1077, GNorm = 1.0020, lr_0 = 8.2334e-04
Loss = 7.8528e-02, PNorm = 94.1134, GNorm = 0.6193, lr_0 = 8.2250e-04
Loss = 2.3950e-02, PNorm = 94.1436, GNorm = 0.1414, lr_0 = 8.2165e-04
Loss = 4.7754e-02, PNorm = 94.1672, GNorm = 1.8559, lr_0 = 8.2081e-04
Loss = 4.4047e-02, PNorm = 94.1624, GNorm = 1.2724, lr_0 = 8.1996e-04
Loss = 3.7167e-02, PNorm = 94.1663, GNorm = 0.5567, lr_0 = 8.1912e-04
Loss = 8.8938e-02, PNorm = 94.1722, GNorm = 0.6131, lr_0 = 8.1828e-04
Loss = 6.4070e-02, PNorm = 94.1863, GNorm = 0.4561, lr_0 = 8.1744e-04
Loss = 3.8608e-02, PNorm = 94.2098, GNorm = 0.2197, lr_0 = 8.1660e-04
Loss = 5.6201e-02, PNorm = 94.2227, GNorm = 0.1917, lr_0 = 8.1576e-04
Loss = 4.2665e-02, PNorm = 94.2375, GNorm = 0.6670, lr_0 = 8.1492e-04
Loss = 4.7570e-02, PNorm = 94.2478, GNorm = 0.2717, lr_0 = 8.1408e-04
Loss = 4.0091e-02, PNorm = 94.2594, GNorm = 0.2489, lr_0 = 8.1325e-04
Loss = 1.7691e-02, PNorm = 94.2816, GNorm = 0.0730, lr_0 = 8.1241e-04
Loss = 7.2712e-02, PNorm = 94.2880, GNorm = 0.8899, lr_0 = 8.1158e-04
Loss = 6.6188e-02, PNorm = 94.2846, GNorm = 0.3833, lr_0 = 8.1074e-04
Loss = 4.3375e-02, PNorm = 94.3093, GNorm = 0.7709, lr_0 = 8.0991e-04
Loss = 6.8722e-02, PNorm = 94.3222, GNorm = 0.5244, lr_0 = 8.0908e-04
Loss = 4.2027e-02, PNorm = 94.3259, GNorm = 0.3727, lr_0 = 8.0825e-04
Loss = 6.0435e-02, PNorm = 94.3335, GNorm = 0.4246, lr_0 = 8.0742e-04
Loss = 5.5175e-02, PNorm = 94.3489, GNorm = 0.3226, lr_0 = 8.0659e-04
Loss = 4.8249e-02, PNorm = 94.3646, GNorm = 0.2107, lr_0 = 8.0576e-04
Loss = 8.7822e-02, PNorm = 94.3629, GNorm = 0.4435, lr_0 = 8.0493e-04
Loss = 4.2186e-02, PNorm = 94.3810, GNorm = 0.3299, lr_0 = 8.0410e-04
Loss = 3.3428e-02, PNorm = 94.4060, GNorm = 0.9980, lr_0 = 8.0328e-04
Loss = 5.3088e-02, PNorm = 94.4051, GNorm = 0.0986, lr_0 = 8.0245e-04
Loss = 8.0331e-02, PNorm = 94.4008, GNorm = 0.4891, lr_0 = 8.0163e-04
Loss = 4.3247e-02, PNorm = 94.4208, GNorm = 0.5314, lr_0 = 8.0081e-04
Loss = 3.0346e-02, PNorm = 94.4422, GNorm = 0.1161, lr_0 = 7.9998e-04
Loss = 8.0441e-02, PNorm = 94.4366, GNorm = 0.4557, lr_0 = 7.9916e-04
Loss = 4.0963e-02, PNorm = 94.4391, GNorm = 0.3668, lr_0 = 7.9834e-04
Loss = 5.4044e-02, PNorm = 94.4501, GNorm = 0.6060, lr_0 = 7.9752e-04
Loss = 7.3703e-02, PNorm = 94.4521, GNorm = 0.2781, lr_0 = 7.9670e-04
Loss = 4.4746e-02, PNorm = 94.4646, GNorm = 0.3128, lr_0 = 7.9588e-04
Loss = 4.7203e-02, PNorm = 94.4761, GNorm = 0.2407, lr_0 = 7.9506e-04
Loss = 7.3416e-02, PNorm = 94.4757, GNorm = 0.3751, lr_0 = 7.9425e-04
Loss = 3.5641e-02, PNorm = 94.4901, GNorm = 0.1764, lr_0 = 7.9343e-04
Loss = 4.9350e-02, PNorm = 94.4986, GNorm = 0.8854, lr_0 = 7.9262e-04
Loss = 6.5762e-02, PNorm = 94.4930, GNorm = 0.3485, lr_0 = 7.9180e-04
Loss = 3.5210e-02, PNorm = 94.5047, GNorm = 0.3255, lr_0 = 7.9099e-04
Loss = 6.6359e-02, PNorm = 94.5125, GNorm = 0.5777, lr_0 = 7.9017e-04
Loss = 9.1629e-02, PNorm = 94.5080, GNorm = 0.6023, lr_0 = 7.8936e-04
Loss = 5.4931e-02, PNorm = 94.5123, GNorm = 0.3073, lr_0 = 7.8855e-04
Loss = 8.7734e-02, PNorm = 94.5207, GNorm = 0.4180, lr_0 = 7.8774e-04
Loss = 6.5954e-02, PNorm = 94.5313, GNorm = 0.3578, lr_0 = 7.8693e-04
Loss = 4.7962e-02, PNorm = 94.5462, GNorm = 0.2636, lr_0 = 7.8612e-04
Loss = 5.7620e-02, PNorm = 94.5577, GNorm = 0.1692, lr_0 = 7.8532e-04
Loss = 4.8788e-02, PNorm = 94.5595, GNorm = 0.6890, lr_0 = 7.8451e-04
Loss = 9.1789e-02, PNorm = 94.5634, GNorm = 1.8366, lr_0 = 7.8370e-04
Loss = 6.9730e-02, PNorm = 94.5686, GNorm = 0.5089, lr_0 = 7.8290e-04
Loss = 9.2269e-02, PNorm = 94.5770, GNorm = 0.6709, lr_0 = 7.8209e-04
Loss = 5.0196e-02, PNorm = 94.6004, GNorm = 0.2631, lr_0 = 7.8129e-04
Validation auc = 0.621481
Epoch 5
Loss = 4.9155e-02, PNorm = 94.6171, GNorm = 0.8692, lr_0 = 7.8049e-04
Loss = 5.0576e-02, PNorm = 94.6196, GNorm = 0.1738, lr_0 = 7.7969e-04
Loss = 5.3656e-02, PNorm = 94.6182, GNorm = 0.4802, lr_0 = 7.7888e-04
Loss = 3.0551e-02, PNorm = 94.6304, GNorm = 0.2267, lr_0 = 7.7808e-04
Loss = 3.6848e-02, PNorm = 94.6454, GNorm = 0.1091, lr_0 = 7.7729e-04
Loss = 6.7713e-02, PNorm = 94.6442, GNorm = 0.7551, lr_0 = 7.7649e-04
Loss = 3.0603e-02, PNorm = 94.6519, GNorm = 0.3510, lr_0 = 7.7569e-04
Loss = 9.3536e-02, PNorm = 94.6516, GNorm = 0.4160, lr_0 = 7.7489e-04
Loss = 4.5005e-02, PNorm = 94.6693, GNorm = 0.9515, lr_0 = 7.7410e-04
Loss = 6.0403e-02, PNorm = 94.6721, GNorm = 0.2512, lr_0 = 7.7330e-04
Loss = 4.8049e-02, PNorm = 94.6749, GNorm = 0.3431, lr_0 = 7.7251e-04
Loss = 8.3590e-02, PNorm = 94.6748, GNorm = 0.4731, lr_0 = 7.7171e-04
Loss = 7.0998e-02, PNorm = 94.6862, GNorm = 0.3859, lr_0 = 7.7092e-04
Loss = 5.3979e-02, PNorm = 94.6954, GNorm = 0.3507, lr_0 = 7.7013e-04
Loss = 5.4114e-02, PNorm = 94.7095, GNorm = 1.0235, lr_0 = 7.6934e-04
Loss = 1.6899e-02, PNorm = 94.7234, GNorm = 0.1624, lr_0 = 7.6855e-04
Loss = 6.5599e-02, PNorm = 94.7302, GNorm = 0.6362, lr_0 = 7.6776e-04
Loss = 2.6754e-02, PNorm = 94.7315, GNorm = 0.2862, lr_0 = 7.6697e-04
Loss = 2.0397e-02, PNorm = 94.7510, GNorm = 0.7861, lr_0 = 7.6618e-04
Loss = 4.3718e-02, PNorm = 94.7553, GNorm = 0.1512, lr_0 = 7.6539e-04
Loss = 6.8927e-02, PNorm = 94.7517, GNorm = 0.3194, lr_0 = 7.6461e-04
Loss = 3.5511e-02, PNorm = 94.7615, GNorm = 0.2680, lr_0 = 7.6382e-04
Loss = 1.0312e-01, PNorm = 94.7661, GNorm = 0.3882, lr_0 = 7.6304e-04
Loss = 2.1583e-02, PNorm = 94.7824, GNorm = 0.3178, lr_0 = 7.6225e-04
Loss = 1.1100e-01, PNorm = 94.7868, GNorm = 0.8092, lr_0 = 7.6147e-04
Loss = 8.8368e-02, PNorm = 94.7842, GNorm = 0.7870, lr_0 = 7.6069e-04
Loss = 7.8002e-02, PNorm = 94.8075, GNorm = 0.6134, lr_0 = 7.5990e-04
Loss = 7.8281e-02, PNorm = 94.8217, GNorm = 0.3003, lr_0 = 7.5912e-04
Loss = 6.8178e-02, PNorm = 94.8264, GNorm = 0.4670, lr_0 = 7.5834e-04
Loss = 1.2258e-02, PNorm = 94.8500, GNorm = 0.1978, lr_0 = 7.5756e-04
Loss = 5.2390e-02, PNorm = 94.8652, GNorm = 0.8147, lr_0 = 7.5679e-04
Loss = 4.5176e-02, PNorm = 94.8665, GNorm = 0.3128, lr_0 = 7.5601e-04
Loss = 6.4349e-02, PNorm = 94.8735, GNorm = 0.3855, lr_0 = 7.5523e-04
Loss = 3.4037e-02, PNorm = 94.8972, GNorm = 0.8018, lr_0 = 7.5446e-04
Loss = 7.0804e-02, PNorm = 94.9012, GNorm = 0.2143, lr_0 = 7.5368e-04
Loss = 8.5560e-02, PNorm = 94.9021, GNorm = 1.7934, lr_0 = 7.5291e-04
Loss = 3.9199e-02, PNorm = 94.9150, GNorm = 0.4605, lr_0 = 7.5213e-04
Loss = 3.7467e-02, PNorm = 94.9361, GNorm = 0.1481, lr_0 = 7.5136e-04
Loss = 3.7602e-02, PNorm = 94.9464, GNorm = 0.1238, lr_0 = 7.5059e-04
Loss = 7.3941e-02, PNorm = 94.9440, GNorm = 0.6217, lr_0 = 7.4982e-04
Loss = 3.9458e-02, PNorm = 94.9491, GNorm = 0.3529, lr_0 = 7.4905e-04
Loss = 5.3181e-02, PNorm = 94.9615, GNorm = 0.4690, lr_0 = 7.4828e-04
Loss = 5.1117e-02, PNorm = 94.9659, GNorm = 0.2802, lr_0 = 7.4751e-04
Loss = 2.9507e-02, PNorm = 94.9782, GNorm = 0.4388, lr_0 = 7.4674e-04
Loss = 5.3937e-02, PNorm = 94.9850, GNorm = 0.6338, lr_0 = 7.4597e-04
Loss = 4.1622e-02, PNorm = 94.9910, GNorm = 0.8312, lr_0 = 7.4521e-04
Loss = 4.3577e-02, PNorm = 94.9936, GNorm = 0.2889, lr_0 = 7.4444e-04
Loss = 7.0388e-02, PNorm = 95.0024, GNorm = 0.5330, lr_0 = 7.4368e-04
Loss = 4.4550e-02, PNorm = 95.0101, GNorm = 0.3301, lr_0 = 7.4291e-04
Loss = 3.6491e-02, PNorm = 95.0228, GNorm = 0.2533, lr_0 = 7.4215e-04
Loss = 3.4582e-02, PNorm = 95.0220, GNorm = 0.1790, lr_0 = 7.4139e-04
Loss = 9.0627e-02, PNorm = 95.0169, GNorm = 0.6886, lr_0 = 7.4062e-04
Loss = 8.7261e-02, PNorm = 95.0137, GNorm = 0.3973, lr_0 = 7.3986e-04
Loss = 6.4934e-02, PNorm = 95.0288, GNorm = 0.4052, lr_0 = 7.3910e-04
Loss = 5.0238e-02, PNorm = 95.0479, GNorm = 0.1686, lr_0 = 7.3834e-04
Loss = 5.9410e-02, PNorm = 95.0560, GNorm = 2.0894, lr_0 = 7.3759e-04
Loss = 7.7229e-02, PNorm = 95.0454, GNorm = 0.4880, lr_0 = 7.3683e-04
Loss = 6.1898e-02, PNorm = 95.0512, GNorm = 0.5228, lr_0 = 7.3607e-04
Loss = 4.6219e-02, PNorm = 95.0679, GNorm = 1.7184, lr_0 = 7.3531e-04
Loss = 5.9180e-02, PNorm = 95.0695, GNorm = 0.2140, lr_0 = 7.3456e-04
Loss = 5.4694e-02, PNorm = 95.0694, GNorm = 0.3249, lr_0 = 7.3380e-04
Loss = 6.0610e-02, PNorm = 95.0750, GNorm = 0.4969, lr_0 = 7.3305e-04
Loss = 8.8036e-02, PNorm = 95.0781, GNorm = 0.5619, lr_0 = 7.3230e-04
Loss = 3.1437e-02, PNorm = 95.0974, GNorm = 0.2581, lr_0 = 7.3155e-04
Loss = 2.8967e-02, PNorm = 95.1145, GNorm = 0.1029, lr_0 = 7.3079e-04
Loss = 2.2692e-03, PNorm = 95.1280, GNorm = 0.0365, lr_0 = 7.3004e-04
Loss = 7.4424e-02, PNorm = 95.1223, GNorm = 0.0791, lr_0 = 7.2929e-04
Loss = 3.1768e-02, PNorm = 95.1149, GNorm = 0.2373, lr_0 = 7.2854e-04
Loss = 1.4166e-02, PNorm = 95.1207, GNorm = 0.1953, lr_0 = 7.2779e-04
Loss = 5.9309e-02, PNorm = 95.1230, GNorm = 0.2267, lr_0 = 7.2705e-04
Loss = 4.4111e-02, PNorm = 95.1265, GNorm = 0.2187, lr_0 = 7.2630e-04
Loss = 3.4209e-02, PNorm = 95.1366, GNorm = 1.3298, lr_0 = 7.2555e-04
Loss = 7.4080e-02, PNorm = 95.1328, GNorm = 0.3409, lr_0 = 7.2481e-04
Loss = 8.1705e-02, PNorm = 95.1339, GNorm = 0.5265, lr_0 = 7.2406e-04
Loss = 3.6719e-02, PNorm = 95.1514, GNorm = 0.2377, lr_0 = 7.2332e-04
Loss = 7.2917e-02, PNorm = 95.1590, GNorm = 0.3030, lr_0 = 7.2258e-04
Loss = 6.9392e-02, PNorm = 95.1687, GNorm = 0.7333, lr_0 = 7.2183e-04
Loss = 5.2782e-02, PNorm = 95.1796, GNorm = 0.3311, lr_0 = 7.2109e-04
Loss = 8.2621e-02, PNorm = 95.1856, GNorm = 0.4284, lr_0 = 7.2035e-04
Loss = 6.5290e-02, PNorm = 95.2038, GNorm = 0.9957, lr_0 = 7.1961e-04
Validation auc = 0.581095
Epoch 6
Loss = 4.4948e-02, PNorm = 95.2193, GNorm = 0.2721, lr_0 = 7.1887e-04
Loss = 6.5789e-03, PNorm = 95.2416, GNorm = 0.0812, lr_0 = 7.1813e-04
Loss = 2.4009e-02, PNorm = 95.2610, GNorm = 1.2075, lr_0 = 7.1740e-04
Loss = 1.5135e-01, PNorm = 95.2358, GNorm = 1.5334, lr_0 = 7.1666e-04
Loss = 6.9934e-02, PNorm = 95.2376, GNorm = 0.7538, lr_0 = 7.1592e-04
Loss = 2.9789e-02, PNorm = 95.2730, GNorm = 0.1650, lr_0 = 7.1519e-04
Loss = 5.3703e-02, PNorm = 95.2955, GNorm = 0.0932, lr_0 = 7.1445e-04
Loss = 5.8230e-02, PNorm = 95.2966, GNorm = 0.2430, lr_0 = 7.1372e-04
Loss = 5.3347e-02, PNorm = 95.3039, GNorm = 0.2274, lr_0 = 7.1298e-04
Loss = 5.1469e-02, PNorm = 95.3201, GNorm = 0.8505, lr_0 = 7.1225e-04
Loss = 8.3080e-02, PNorm = 95.3254, GNorm = 0.3076, lr_0 = 7.1152e-04
Loss = 7.6105e-02, PNorm = 95.3353, GNorm = 0.4215, lr_0 = 7.1079e-04
Loss = 9.0052e-02, PNorm = 95.3542, GNorm = 1.1114, lr_0 = 7.1006e-04
Loss = 4.5524e-02, PNorm = 95.3719, GNorm = 0.2874, lr_0 = 7.0933e-04
Loss = 3.1832e-02, PNorm = 95.4086, GNorm = 0.1158, lr_0 = 7.0860e-04
Loss = 8.3613e-02, PNorm = 95.4123, GNorm = 0.4236, lr_0 = 7.0787e-04
Loss = 8.9746e-02, PNorm = 95.4159, GNorm = 1.0410, lr_0 = 7.0715e-04
Loss = 6.6594e-02, PNorm = 95.4352, GNorm = 0.4401, lr_0 = 7.0642e-04
Loss = 6.3918e-02, PNorm = 95.4658, GNorm = 0.7372, lr_0 = 7.0569e-04
Loss = 4.6438e-02, PNorm = 95.4881, GNorm = 0.2346, lr_0 = 7.0497e-04
Loss = 8.5201e-02, PNorm = 95.5033, GNorm = 0.3268, lr_0 = 7.0424e-04
Loss = 4.0253e-02, PNorm = 95.5484, GNorm = 0.1944, lr_0 = 7.0352e-04
Loss = 4.4040e-02, PNorm = 95.6300, GNorm = 0.6426, lr_0 = 7.0280e-04
Loss = 2.1207e-01, PNorm = 95.7896, GNorm = 0.9759, lr_0 = 7.0208e-04
Loss = 8.9841e-02, PNorm = 95.9915, GNorm = 0.5656, lr_0 = 7.0135e-04
Loss = 8.6602e-02, PNorm = 96.0910, GNorm = 1.3135, lr_0 = 7.0063e-04
Loss = 5.3116e-02, PNorm = 96.1348, GNorm = 0.7649, lr_0 = 6.9991e-04
Loss = 5.7226e-02, PNorm = 96.1601, GNorm = 0.6982, lr_0 = 6.9919e-04
Loss = 6.2451e-02, PNorm = 96.1787, GNorm = 0.2171, lr_0 = 6.9848e-04
Loss = 8.9740e-02, PNorm = 96.1854, GNorm = 1.3296, lr_0 = 6.9776e-04
Loss = 5.5137e-02, PNorm = 96.2051, GNorm = 0.5282, lr_0 = 6.9704e-04
Loss = 5.3153e-02, PNorm = 96.2292, GNorm = 0.2223, lr_0 = 6.9633e-04
Loss = 4.4353e-02, PNorm = 96.2402, GNorm = 0.5057, lr_0 = 6.9561e-04
Loss = 3.4878e-02, PNorm = 96.2481, GNorm = 0.2227, lr_0 = 6.9490e-04
Loss = 5.9197e-02, PNorm = 96.2570, GNorm = 0.2544, lr_0 = 6.9418e-04
Loss = 4.6634e-02, PNorm = 96.2657, GNorm = 0.3571, lr_0 = 6.9347e-04
Loss = 9.4711e-02, PNorm = 96.2738, GNorm = 0.4743, lr_0 = 6.9276e-04
Loss = 6.1791e-02, PNorm = 96.2911, GNorm = 0.6650, lr_0 = 6.9204e-04
Loss = 3.9988e-02, PNorm = 96.3127, GNorm = 1.3706, lr_0 = 6.9133e-04
Loss = 2.7614e-02, PNorm = 96.3220, GNorm = 0.1393, lr_0 = 6.9062e-04
Loss = 6.5389e-02, PNorm = 96.3224, GNorm = 0.3059, lr_0 = 6.8991e-04
Loss = 3.7238e-02, PNorm = 96.3379, GNorm = 0.2626, lr_0 = 6.8920e-04
Loss = 5.0596e-02, PNorm = 96.3536, GNorm = 0.6781, lr_0 = 6.8850e-04
Loss = 7.6253e-02, PNorm = 96.3544, GNorm = 0.4558, lr_0 = 6.8779e-04
Loss = 7.8036e-02, PNorm = 96.3630, GNorm = 0.7306, lr_0 = 6.8708e-04
Loss = 5.6680e-02, PNorm = 96.3783, GNorm = 0.6402, lr_0 = 6.8638e-04
Loss = 5.7512e-02, PNorm = 96.3950, GNorm = 1.4175, lr_0 = 6.8567e-04
Loss = 2.4646e-02, PNorm = 96.3999, GNorm = 0.2352, lr_0 = 6.8497e-04
Loss = 4.8572e-02, PNorm = 96.4086, GNorm = 0.2089, lr_0 = 6.8426e-04
Loss = 2.7096e-02, PNorm = 96.4195, GNorm = 0.1523, lr_0 = 6.8356e-04
Loss = 2.9212e-02, PNorm = 96.4295, GNorm = 0.1849, lr_0 = 6.8286e-04
Loss = 5.7274e-02, PNorm = 96.4312, GNorm = 0.2691, lr_0 = 6.8216e-04
Loss = 1.6285e-02, PNorm = 96.4465, GNorm = 0.2070, lr_0 = 6.8146e-04
Loss = 8.2971e-02, PNorm = 96.4514, GNorm = 1.1089, lr_0 = 6.8076e-04
Loss = 2.7487e-02, PNorm = 96.4589, GNorm = 0.3421, lr_0 = 6.8006e-04
Loss = 5.5604e-02, PNorm = 96.4773, GNorm = 1.4512, lr_0 = 6.7936e-04
Loss = 4.9618e-02, PNorm = 96.4828, GNorm = 0.3353, lr_0 = 6.7866e-04
Loss = 6.3572e-02, PNorm = 96.5010, GNorm = 0.7592, lr_0 = 6.7796e-04
Loss = 2.6780e-02, PNorm = 96.5234, GNorm = 0.6171, lr_0 = 6.7727e-04
Loss = 1.2226e-02, PNorm = 96.5451, GNorm = 0.0916, lr_0 = 6.7657e-04
Loss = 5.5351e-02, PNorm = 96.5503, GNorm = 0.1693, lr_0 = 6.7587e-04
Loss = 4.0158e-02, PNorm = 96.5640, GNorm = 0.5050, lr_0 = 6.7518e-04
Loss = 4.2566e-02, PNorm = 96.5824, GNorm = 0.2000, lr_0 = 6.7449e-04
Loss = 6.6111e-02, PNorm = 96.5924, GNorm = 1.0122, lr_0 = 6.7379e-04
Loss = 6.8016e-02, PNorm = 96.6088, GNorm = 0.4518, lr_0 = 6.7310e-04
Loss = 4.4845e-02, PNorm = 96.6425, GNorm = 0.3978, lr_0 = 6.7241e-04
Loss = 3.6024e-02, PNorm = 96.6742, GNorm = 0.1676, lr_0 = 6.7172e-04
Loss = 5.9010e-02, PNorm = 96.6949, GNorm = 1.2549, lr_0 = 6.7103e-04
Loss = 6.5839e-02, PNorm = 96.7011, GNorm = 0.5652, lr_0 = 6.7034e-04
Loss = 8.2539e-02, PNorm = 96.7387, GNorm = 0.6498, lr_0 = 6.6965e-04
Loss = 8.1621e-02, PNorm = 96.7917, GNorm = 0.6692, lr_0 = 6.6896e-04
Loss = 2.0918e-02, PNorm = 96.8388, GNorm = 0.3400, lr_0 = 6.6828e-04
Loss = 2.0435e-02, PNorm = 96.8762, GNorm = 0.1380, lr_0 = 6.6759e-04
Loss = 5.1343e-02, PNorm = 96.8875, GNorm = 0.1941, lr_0 = 6.6690e-04
Loss = 5.7521e-02, PNorm = 96.8955, GNorm = 0.8785, lr_0 = 6.6622e-04
Loss = 4.6304e-02, PNorm = 96.8998, GNorm = 0.3826, lr_0 = 6.6553e-04
Loss = 6.2108e-02, PNorm = 96.9068, GNorm = 0.4167, lr_0 = 6.6485e-04
Loss = 3.2885e-02, PNorm = 96.9258, GNorm = 0.2251, lr_0 = 6.6417e-04
Loss = 1.2964e-01, PNorm = 96.9199, GNorm = 0.5521, lr_0 = 6.6348e-04
Loss = 3.4763e-02, PNorm = 96.9365, GNorm = 0.3836, lr_0 = 6.6280e-04
Validation auc = 0.621449
Epoch 7
Loss = 4.9879e-02, PNorm = 96.9575, GNorm = 0.6735, lr_0 = 6.6212e-04
Loss = 3.8584e-02, PNorm = 96.9659, GNorm = 0.6498, lr_0 = 6.6144e-04
Loss = 5.2195e-02, PNorm = 96.9656, GNorm = 0.2547, lr_0 = 6.6076e-04
Loss = 8.3413e-02, PNorm = 96.9683, GNorm = 0.6986, lr_0 = 6.6008e-04
Loss = 5.2679e-02, PNorm = 96.9821, GNorm = 0.3834, lr_0 = 6.5940e-04
Loss = 5.7190e-02, PNorm = 96.9992, GNorm = 0.9091, lr_0 = 6.5873e-04
Loss = 5.3547e-02, PNorm = 97.0089, GNorm = 0.8300, lr_0 = 6.5805e-04
Loss = 6.4744e-02, PNorm = 97.0092, GNorm = 0.4438, lr_0 = 6.5737e-04
Loss = 3.5686e-02, PNorm = 97.0221, GNorm = 0.2928, lr_0 = 6.5670e-04
Loss = 6.8358e-02, PNorm = 97.0303, GNorm = 0.2254, lr_0 = 6.5602e-04
Loss = 6.3940e-02, PNorm = 97.0338, GNorm = 0.4795, lr_0 = 6.5535e-04
Loss = 4.9175e-02, PNorm = 97.0404, GNorm = 0.4252, lr_0 = 6.5468e-04
Loss = 6.3134e-02, PNorm = 97.0525, GNorm = 0.3457, lr_0 = 6.5400e-04
Loss = 2.9328e-02, PNorm = 97.0677, GNorm = 0.2457, lr_0 = 6.5333e-04
Loss = 5.4834e-02, PNorm = 97.0808, GNorm = 0.1703, lr_0 = 6.5266e-04
Loss = 3.9195e-02, PNorm = 97.0895, GNorm = 0.7980, lr_0 = 6.5199e-04
Loss = 7.8611e-02, PNorm = 97.0883, GNorm = 0.3745, lr_0 = 6.5132e-04
Loss = 7.6992e-02, PNorm = 97.0997, GNorm = 0.3724, lr_0 = 6.5065e-04
Loss = 8.3881e-02, PNorm = 97.1178, GNorm = 0.5048, lr_0 = 6.4998e-04
Loss = 6.6264e-02, PNorm = 97.1435, GNorm = 0.5327, lr_0 = 6.4931e-04
Loss = 3.6360e-02, PNorm = 97.1721, GNorm = 0.2483, lr_0 = 6.4865e-04
Loss = 4.0562e-02, PNorm = 97.1985, GNorm = 2.0142, lr_0 = 6.4798e-04
Loss = 1.8541e-01, PNorm = 97.3488, GNorm = 1.2035, lr_0 = 6.4732e-04
Loss = 8.7662e-02, PNorm = 97.5004, GNorm = 0.6861, lr_0 = 6.4665e-04
Loss = 8.6428e-02, PNorm = 97.5725, GNorm = 0.6043, lr_0 = 6.4599e-04
Loss = 5.2111e-02, PNorm = 97.6216, GNorm = 0.3575, lr_0 = 6.4532e-04
Loss = 2.5747e-02, PNorm = 97.6530, GNorm = 0.1605, lr_0 = 6.4466e-04
Loss = 4.6059e-02, PNorm = 97.6713, GNorm = 0.1710, lr_0 = 6.4400e-04
Loss = 6.4547e-02, PNorm = 97.6797, GNorm = 0.2722, lr_0 = 6.4334e-04
Loss = 7.0753e-02, PNorm = 97.6837, GNorm = 0.5646, lr_0 = 6.4267e-04
Loss = 5.7832e-02, PNorm = 97.6996, GNorm = 0.2909, lr_0 = 6.4201e-04
Loss = 6.9882e-02, PNorm = 97.7081, GNorm = 0.4782, lr_0 = 6.4135e-04
Loss = 6.3467e-02, PNorm = 97.7171, GNorm = 0.4862, lr_0 = 6.4070e-04
Loss = 6.8886e-02, PNorm = 97.7337, GNorm = 0.7364, lr_0 = 6.4004e-04
Loss = 5.3199e-02, PNorm = 97.7468, GNorm = 1.5257, lr_0 = 6.3938e-04
Loss = 8.4372e-03, PNorm = 97.7629, GNorm = 0.1838, lr_0 = 6.3872e-04
Loss = 4.2009e-02, PNorm = 97.7736, GNorm = 0.1097, lr_0 = 6.3807e-04
Loss = 7.9295e-02, PNorm = 97.7719, GNorm = 0.6931, lr_0 = 6.3741e-04
Loss = 4.6793e-02, PNorm = 97.7789, GNorm = 0.4507, lr_0 = 6.3676e-04
Loss = 6.4325e-02, PNorm = 97.7876, GNorm = 0.3404, lr_0 = 6.3610e-04
Loss = 8.0698e-02, PNorm = 97.7959, GNorm = 1.1064, lr_0 = 6.3545e-04
Loss = 1.9880e-02, PNorm = 97.8116, GNorm = 0.7468, lr_0 = 6.3480e-04
Loss = 2.3424e-02, PNorm = 97.8248, GNorm = 0.1264, lr_0 = 6.3414e-04
Loss = 8.1822e-02, PNorm = 97.8288, GNorm = 1.0100, lr_0 = 6.3349e-04
Loss = 5.0447e-02, PNorm = 97.8275, GNorm = 0.4882, lr_0 = 6.3284e-04
Loss = 6.3243e-02, PNorm = 97.8475, GNorm = 0.3475, lr_0 = 6.3219e-04
Loss = 6.0354e-02, PNorm = 97.8648, GNorm = 0.4165, lr_0 = 6.3154e-04
Loss = 3.4436e-02, PNorm = 97.8866, GNorm = 0.2484, lr_0 = 6.3089e-04
Loss = 7.4873e-02, PNorm = 97.8959, GNorm = 0.3883, lr_0 = 6.3024e-04
Loss = 3.1345e-02, PNorm = 97.9248, GNorm = 0.2535, lr_0 = 6.2960e-04
Loss = 5.4120e-02, PNorm = 97.9457, GNorm = 0.2093, lr_0 = 6.2895e-04
Loss = 3.5978e-02, PNorm = 97.9574, GNorm = 0.2511, lr_0 = 6.2830e-04
Loss = 2.2531e-02, PNorm = 97.9602, GNorm = 0.1567, lr_0 = 6.2766e-04
Loss = 2.6917e-02, PNorm = 97.9746, GNorm = 0.1158, lr_0 = 6.2701e-04
Loss = 3.1545e-02, PNorm = 97.9861, GNorm = 0.1517, lr_0 = 6.2637e-04
Loss = 7.8352e-02, PNorm = 97.9849, GNorm = 0.2190, lr_0 = 6.2573e-04
Loss = 5.5157e-02, PNorm = 97.9860, GNorm = 0.5471, lr_0 = 6.2508e-04
Loss = 2.9066e-02, PNorm = 98.0052, GNorm = 0.2309, lr_0 = 6.2444e-04
Loss = 7.4761e-02, PNorm = 98.0117, GNorm = 0.2139, lr_0 = 6.2380e-04
Loss = 5.1494e-02, PNorm = 98.0155, GNorm = 0.3531, lr_0 = 6.2316e-04
Loss = 3.0021e-02, PNorm = 98.0283, GNorm = 0.1930, lr_0 = 6.2252e-04
Loss = 3.9260e-02, PNorm = 98.0355, GNorm = 0.1915, lr_0 = 6.2188e-04
Loss = 7.2307e-02, PNorm = 98.0380, GNorm = 0.8208, lr_0 = 6.2124e-04
Loss = 6.8321e-02, PNorm = 98.0432, GNorm = 0.3903, lr_0 = 6.2060e-04
Loss = 4.4823e-02, PNorm = 98.0574, GNorm = 0.4068, lr_0 = 6.1996e-04
Loss = 6.1798e-02, PNorm = 98.0728, GNorm = 0.8130, lr_0 = 6.1933e-04
Loss = 3.8035e-02, PNorm = 98.0881, GNorm = 0.2541, lr_0 = 6.1869e-04
Loss = 2.0041e-02, PNorm = 98.1111, GNorm = 1.0698, lr_0 = 6.1805e-04
Loss = 8.1737e-02, PNorm = 98.1118, GNorm = 1.5316, lr_0 = 6.1742e-04
Loss = 7.7302e-02, PNorm = 98.1143, GNorm = 0.6234, lr_0 = 6.1679e-04
Loss = 4.2107e-02, PNorm = 98.1470, GNorm = 0.2973, lr_0 = 6.1615e-04
Loss = 4.5476e-02, PNorm = 98.1697, GNorm = 0.2093, lr_0 = 6.1552e-04
Loss = 2.9621e-02, PNorm = 98.1853, GNorm = 0.7646, lr_0 = 6.1489e-04
Loss = 3.9018e-02, PNorm = 98.1871, GNorm = 0.1619, lr_0 = 6.1425e-04
Loss = 1.5066e-01, PNorm = 98.1903, GNorm = 0.4103, lr_0 = 6.1362e-04
Loss = 3.7389e-02, PNorm = 98.2842, GNorm = 0.6446, lr_0 = 6.1299e-04
Loss = 6.3960e-02, PNorm = 98.3587, GNorm = 1.8241, lr_0 = 6.1236e-04
Loss = 7.5811e-02, PNorm = 98.3919, GNorm = 0.5968, lr_0 = 6.1173e-04
Loss = 4.5321e-02, PNorm = 98.4185, GNorm = 0.4339, lr_0 = 6.1111e-04
Loss = 6.5280e-02, PNorm = 98.4449, GNorm = 0.2187, lr_0 = 6.1048e-04
Validation auc = 0.607088
Epoch 8
Loss = 5.9739e-02, PNorm = 98.4569, GNorm = 0.3958, lr_0 = 6.0985e-04
Loss = 6.1286e-02, PNorm = 98.4701, GNorm = 1.0452, lr_0 = 6.0922e-04
Loss = 5.8016e-02, PNorm = 98.4765, GNorm = 0.3223, lr_0 = 6.0860e-04
Loss = 7.7220e-02, PNorm = 98.4869, GNorm = 0.6052, lr_0 = 6.0797e-04
Loss = 7.1960e-02, PNorm = 98.5025, GNorm = 0.4931, lr_0 = 6.0735e-04
Loss = 5.4736e-02, PNorm = 98.5262, GNorm = 0.3493, lr_0 = 6.0672e-04
Loss = 2.1756e-02, PNorm = 98.5573, GNorm = 0.1916, lr_0 = 6.0610e-04
Loss = 9.2751e-02, PNorm = 98.5947, GNorm = 0.6918, lr_0 = 6.0548e-04
Loss = 4.2365e-02, PNorm = 98.6507, GNorm = 0.6035, lr_0 = 6.0486e-04
Loss = 5.7817e-02, PNorm = 98.6869, GNorm = 0.4384, lr_0 = 6.0423e-04
Loss = 1.4969e-02, PNorm = 98.7103, GNorm = 0.1470, lr_0 = 6.0361e-04
Loss = 4.2765e-02, PNorm = 98.7271, GNorm = 1.1889, lr_0 = 6.0299e-04
Loss = 1.6076e-02, PNorm = 98.7349, GNorm = 1.0777, lr_0 = 6.0237e-04
Loss = 9.6875e-02, PNorm = 98.7655, GNorm = 0.3059, lr_0 = 6.0175e-04
Loss = 3.6982e-02, PNorm = 98.7922, GNorm = 0.3474, lr_0 = 6.0114e-04
Loss = 4.9421e-02, PNorm = 98.8106, GNorm = 0.2144, lr_0 = 6.0052e-04
Loss = 4.4361e-02, PNorm = 98.8196, GNorm = 0.1594, lr_0 = 5.9990e-04
Loss = 5.8500e-02, PNorm = 98.8212, GNorm = 0.3840, lr_0 = 5.9929e-04
Loss = 7.7164e-02, PNorm = 98.8235, GNorm = 0.5373, lr_0 = 5.9867e-04
Loss = 6.2287e-02, PNorm = 98.8343, GNorm = 0.2804, lr_0 = 5.9805e-04
Loss = 6.7918e-02, PNorm = 98.8377, GNorm = 0.3367, lr_0 = 5.9744e-04
Loss = 4.4333e-02, PNorm = 98.8456, GNorm = 0.3029, lr_0 = 5.9683e-04
Loss = 2.3998e-02, PNorm = 98.8558, GNorm = 0.1415, lr_0 = 5.9621e-04
Loss = 4.4117e-02, PNorm = 98.8601, GNorm = 0.1304, lr_0 = 5.9560e-04
Loss = 5.3299e-02, PNorm = 98.8608, GNorm = 0.1851, lr_0 = 5.9499e-04
Loss = 6.2431e-02, PNorm = 98.8601, GNorm = 0.4012, lr_0 = 5.9438e-04
Loss = 4.2240e-02, PNorm = 98.8674, GNorm = 0.3254, lr_0 = 5.9377e-04
Loss = 2.4892e-02, PNorm = 98.8794, GNorm = 0.1539, lr_0 = 5.9316e-04
Loss = 8.9349e-02, PNorm = 98.8795, GNorm = 0.2595, lr_0 = 5.9255e-04
Loss = 7.2183e-02, PNorm = 98.8788, GNorm = 0.4303, lr_0 = 5.9194e-04
Loss = 9.3605e-02, PNorm = 98.8826, GNorm = 0.3536, lr_0 = 5.9133e-04
Loss = 4.1538e-02, PNorm = 98.8973, GNorm = 0.3778, lr_0 = 5.9072e-04
Loss = 5.2788e-02, PNorm = 98.9096, GNorm = 0.1972, lr_0 = 5.9012e-04
Loss = 6.3397e-02, PNorm = 98.9141, GNorm = 0.8805, lr_0 = 5.8951e-04
Loss = 4.7927e-02, PNorm = 98.9125, GNorm = 0.3588, lr_0 = 5.8890e-04
Loss = 2.9456e-02, PNorm = 98.9202, GNorm = 0.2681, lr_0 = 5.8830e-04
Loss = 3.3566e-02, PNorm = 98.9270, GNorm = 0.1789, lr_0 = 5.8769e-04
Loss = 4.9376e-02, PNorm = 98.9305, GNorm = 0.1766, lr_0 = 5.8709e-04
Loss = 2.5943e-02, PNorm = 98.9366, GNorm = 0.1493, lr_0 = 5.8649e-04
Loss = 8.7502e-02, PNorm = 98.9368, GNorm = 0.2817, lr_0 = 5.8589e-04
Loss = 2.0191e-02, PNorm = 98.9454, GNorm = 0.3329, lr_0 = 5.8528e-04
Loss = 7.0227e-02, PNorm = 98.9537, GNorm = 0.4891, lr_0 = 5.8468e-04
Loss = 4.6326e-02, PNorm = 98.9553, GNorm = 0.6829, lr_0 = 5.8408e-04
Loss = 2.8708e-02, PNorm = 98.9623, GNorm = 0.2823, lr_0 = 5.8348e-04
Loss = 6.3165e-02, PNorm = 98.9698, GNorm = 0.5982, lr_0 = 5.8288e-04
Loss = 5.9912e-02, PNorm = 98.9721, GNorm = 0.2597, lr_0 = 5.8228e-04
Loss = 3.3626e-02, PNorm = 98.9795, GNorm = 0.8422, lr_0 = 5.8168e-04
Loss = 6.4249e-02, PNorm = 98.9820, GNorm = 0.3186, lr_0 = 5.8109e-04
Loss = 4.1045e-02, PNorm = 98.9923, GNorm = 0.2039, lr_0 = 5.8049e-04
Loss = 5.1576e-02, PNorm = 98.9979, GNorm = 0.6515, lr_0 = 5.7989e-04
Loss = 5.5508e-02, PNorm = 99.0037, GNorm = 0.8098, lr_0 = 5.7930e-04
Loss = 5.7379e-02, PNorm = 99.0067, GNorm = 0.5941, lr_0 = 5.7870e-04
Loss = 4.8718e-02, PNorm = 99.0152, GNorm = 0.6338, lr_0 = 5.7811e-04
Loss = 4.2653e-02, PNorm = 99.0222, GNorm = 0.6058, lr_0 = 5.7751e-04
Loss = 9.4436e-02, PNorm = 99.0222, GNorm = 1.7698, lr_0 = 5.7692e-04
Loss = 5.7745e-02, PNorm = 99.0278, GNorm = 0.4365, lr_0 = 5.7633e-04
Loss = 6.4109e-02, PNorm = 99.0386, GNorm = 1.1141, lr_0 = 5.7574e-04
Loss = 5.3553e-02, PNorm = 99.0454, GNorm = 0.2518, lr_0 = 5.7514e-04
Loss = 5.5452e-02, PNorm = 99.0493, GNorm = 0.3635, lr_0 = 5.7455e-04
Loss = 5.8663e-02, PNorm = 99.0586, GNorm = 0.3213, lr_0 = 5.7396e-04
Loss = 3.7631e-02, PNorm = 99.0684, GNorm = 0.8243, lr_0 = 5.7337e-04
Loss = 4.4572e-02, PNorm = 99.0739, GNorm = 0.4215, lr_0 = 5.7278e-04
Loss = 3.1549e-02, PNorm = 99.0818, GNorm = 0.6137, lr_0 = 5.7220e-04
Loss = 4.1473e-02, PNorm = 99.0891, GNorm = 1.6337, lr_0 = 5.7161e-04
Loss = 7.4391e-02, PNorm = 99.0872, GNorm = 0.4790, lr_0 = 5.7102e-04
Loss = 6.6855e-02, PNorm = 99.0857, GNorm = 0.3486, lr_0 = 5.7043e-04
Loss = 3.2358e-02, PNorm = 99.0987, GNorm = 0.3330, lr_0 = 5.6985e-04
Loss = 9.2292e-02, PNorm = 99.1046, GNorm = 0.2695, lr_0 = 5.6926e-04
Loss = 9.8511e-03, PNorm = 99.1162, GNorm = 0.2044, lr_0 = 5.6868e-04
Loss = 7.2796e-02, PNorm = 99.1193, GNorm = 0.8440, lr_0 = 5.6809e-04
Loss = 5.8482e-02, PNorm = 99.1193, GNorm = 0.2665, lr_0 = 5.6751e-04
Loss = 7.7851e-02, PNorm = 99.1225, GNorm = 0.4804, lr_0 = 5.6693e-04
Loss = 8.6272e-02, PNorm = 99.1264, GNorm = 0.4575, lr_0 = 5.6634e-04
Loss = 5.3242e-02, PNorm = 99.1388, GNorm = 0.5332, lr_0 = 5.6576e-04
Loss = 8.6956e-02, PNorm = 99.1484, GNorm = 0.3638, lr_0 = 5.6518e-04
Loss = 3.1889e-02, PNorm = 99.1596, GNorm = 0.5625, lr_0 = 5.6460e-04
Loss = 3.8797e-02, PNorm = 99.1721, GNorm = 0.1463, lr_0 = 5.6402e-04
Loss = 3.7231e-02, PNorm = 99.1768, GNorm = 0.1714, lr_0 = 5.6344e-04
Loss = 4.8723e-02, PNorm = 99.1837, GNorm = 0.7354, lr_0 = 5.6286e-04
Loss = 5.9364e-02, PNorm = 99.1886, GNorm = 1.2766, lr_0 = 5.6228e-04
Validation auc = 0.614687
Epoch 9
Loss = 7.7999e-02, PNorm = 99.1946, GNorm = 0.3957, lr_0 = 5.6171e-04
Loss = 3.7148e-02, PNorm = 99.2081, GNorm = 0.4442, lr_0 = 5.6113e-04
Loss = 4.8565e-02, PNorm = 99.2199, GNorm = 0.3013, lr_0 = 5.6055e-04
Loss = 5.8534e-02, PNorm = 99.2299, GNorm = 1.1689, lr_0 = 5.5998e-04
Loss = 3.1904e-02, PNorm = 99.2351, GNorm = 0.2006, lr_0 = 5.5940e-04
Loss = 3.8911e-02, PNorm = 99.2463, GNorm = 1.2703, lr_0 = 5.5883e-04
Loss = 5.1710e-02, PNorm = 99.2505, GNorm = 0.1960, lr_0 = 5.5825e-04
Loss = 2.7607e-02, PNorm = 99.2635, GNorm = 0.2210, lr_0 = 5.5768e-04
Loss = 5.3927e-02, PNorm = 99.2781, GNorm = 0.2070, lr_0 = 5.5711e-04
Loss = 5.0980e-02, PNorm = 99.2904, GNorm = 0.2416, lr_0 = 5.5653e-04
Loss = 1.0591e-01, PNorm = 99.3000, GNorm = 0.8231, lr_0 = 5.5596e-04
Loss = 5.7612e-02, PNorm = 99.3278, GNorm = 0.4517, lr_0 = 5.5539e-04
Loss = 6.6644e-02, PNorm = 99.3662, GNorm = 0.2302, lr_0 = 5.5482e-04
Loss = 6.6618e-02, PNorm = 99.4275, GNorm = 0.9581, lr_0 = 5.5425e-04
Loss = 7.1039e-02, PNorm = 99.4601, GNorm = 0.4982, lr_0 = 5.5368e-04
Loss = 6.3361e-02, PNorm = 99.4860, GNorm = 0.3223, lr_0 = 5.5311e-04
Loss = 3.2791e-02, PNorm = 99.5045, GNorm = 0.2248, lr_0 = 5.5254e-04
Loss = 2.7258e-02, PNorm = 99.5180, GNorm = 0.1546, lr_0 = 5.5198e-04
Loss = 1.8199e-02, PNorm = 99.5281, GNorm = 0.1055, lr_0 = 5.5141e-04
Loss = 6.1853e-02, PNorm = 99.5313, GNorm = 0.6872, lr_0 = 5.5084e-04
Loss = 5.6595e-02, PNorm = 99.5308, GNorm = 0.3537, lr_0 = 5.5028e-04
Loss = 6.3126e-02, PNorm = 99.5374, GNorm = 0.3722, lr_0 = 5.4971e-04
Loss = 6.1703e-02, PNorm = 99.5470, GNorm = 0.3985, lr_0 = 5.4915e-04
Loss = 5.4231e-02, PNorm = 99.5580, GNorm = 0.6067, lr_0 = 5.4858e-04
Loss = 9.8638e-02, PNorm = 99.5636, GNorm = 1.0796, lr_0 = 5.4802e-04
Loss = 6.3794e-02, PNorm = 99.5731, GNorm = 0.5031, lr_0 = 5.4745e-04
Loss = 7.5076e-02, PNorm = 99.5879, GNorm = 0.4274, lr_0 = 5.4689e-04
Loss = 3.9008e-02, PNorm = 99.6071, GNorm = 0.8805, lr_0 = 5.4633e-04
Loss = 6.5973e-02, PNorm = 99.6104, GNorm = 0.3161, lr_0 = 5.4577e-04
Loss = 4.8609e-02, PNorm = 99.6220, GNorm = 0.7840, lr_0 = 5.4521e-04
Loss = 7.3249e-02, PNorm = 99.6356, GNorm = 0.6010, lr_0 = 5.4465e-04
Loss = 5.4701e-02, PNorm = 99.6435, GNorm = 1.0466, lr_0 = 5.4409e-04
Loss = 1.1288e-01, PNorm = 99.6461, GNorm = 0.6507, lr_0 = 5.4353e-04
Loss = 4.5971e-02, PNorm = 99.6578, GNorm = 0.3583, lr_0 = 5.4297e-04
Loss = 9.3751e-02, PNorm = 99.6717, GNorm = 0.3046, lr_0 = 5.4241e-04
Loss = 3.9320e-02, PNorm = 99.6825, GNorm = 0.6201, lr_0 = 5.4186e-04
Loss = 6.0829e-02, PNorm = 99.6922, GNorm = 0.2753, lr_0 = 5.4130e-04
Loss = 6.1749e-02, PNorm = 99.6996, GNorm = 0.6555, lr_0 = 5.4074e-04
Loss = 2.7766e-02, PNorm = 99.7106, GNorm = 0.2471, lr_0 = 5.4019e-04
Loss = 1.9731e-02, PNorm = 99.7252, GNorm = 0.1863, lr_0 = 5.3963e-04
Loss = 5.2894e-02, PNorm = 99.7289, GNorm = 0.1339, lr_0 = 5.3908e-04
Loss = 1.9963e-02, PNorm = 99.7350, GNorm = 0.1722, lr_0 = 5.3852e-04
Loss = 9.4798e-02, PNorm = 99.7324, GNorm = 0.6289, lr_0 = 5.3797e-04
Loss = 4.0762e-02, PNorm = 99.7362, GNorm = 0.3755, lr_0 = 5.3742e-04
Loss = 2.8133e-02, PNorm = 99.7498, GNorm = 0.1920, lr_0 = 5.3687e-04
Loss = 3.2174e-02, PNorm = 99.7609, GNorm = 0.1641, lr_0 = 5.3631e-04
Loss = 1.8050e-02, PNorm = 99.7717, GNorm = 0.0949, lr_0 = 5.3576e-04
Loss = 7.2747e-02, PNorm = 99.7798, GNorm = 1.0360, lr_0 = 5.3521e-04
Loss = 7.2505e-02, PNorm = 99.7819, GNorm = 0.4337, lr_0 = 5.3466e-04
Loss = 3.9896e-02, PNorm = 99.7985, GNorm = 0.3399, lr_0 = 5.3411e-04
Loss = 5.6468e-02, PNorm = 99.8165, GNorm = 1.2505, lr_0 = 5.3357e-04
Loss = 2.6329e-02, PNorm = 99.8264, GNorm = 0.1817, lr_0 = 5.3302e-04
Loss = 5.3898e-02, PNorm = 99.8346, GNorm = 0.8898, lr_0 = 5.3247e-04
Loss = 3.8815e-02, PNorm = 99.8406, GNorm = 0.2080, lr_0 = 5.3192e-04
Loss = 5.5131e-02, PNorm = 99.8507, GNorm = 0.6570, lr_0 = 5.3138e-04
Loss = 1.7797e-02, PNorm = 99.8653, GNorm = 0.1966, lr_0 = 5.3083e-04
Loss = 6.5653e-02, PNorm = 99.8766, GNorm = 0.2205, lr_0 = 5.3028e-04
Loss = 5.3859e-02, PNorm = 99.8814, GNorm = 0.3524, lr_0 = 5.2974e-04
Loss = 5.0506e-02, PNorm = 99.8974, GNorm = 0.9320, lr_0 = 5.2920e-04
Loss = 4.6364e-02, PNorm = 99.9124, GNorm = 0.3035, lr_0 = 5.2865e-04
Loss = 9.0688e-02, PNorm = 99.9304, GNorm = 1.5199, lr_0 = 5.2811e-04
Loss = 6.3458e-02, PNorm = 99.9541, GNorm = 0.4824, lr_0 = 5.2757e-04
Loss = 7.3275e-02, PNorm = 99.9727, GNorm = 0.3999, lr_0 = 5.2702e-04
Loss = 6.2162e-02, PNorm = 99.9828, GNorm = 0.3838, lr_0 = 5.2648e-04
Loss = 5.6563e-02, PNorm = 99.9949, GNorm = 0.8897, lr_0 = 5.2594e-04
Loss = 4.5187e-02, PNorm = 100.0017, GNorm = 0.2510, lr_0 = 5.2540e-04
Loss = 4.8271e-02, PNorm = 100.0109, GNorm = 0.2541, lr_0 = 5.2486e-04
Loss = 6.1281e-02, PNorm = 100.0170, GNorm = 0.8120, lr_0 = 5.2432e-04
Loss = 2.5723e-02, PNorm = 100.0232, GNorm = 0.2638, lr_0 = 5.2378e-04
Loss = 6.5664e-02, PNorm = 100.0274, GNorm = 0.3724, lr_0 = 5.2325e-04
Loss = 6.7258e-02, PNorm = 100.0300, GNorm = 0.7220, lr_0 = 5.2271e-04
Loss = 6.1604e-02, PNorm = 100.0315, GNorm = 0.4343, lr_0 = 5.2217e-04
Loss = 3.9260e-02, PNorm = 100.0407, GNorm = 0.3521, lr_0 = 5.2163e-04
Loss = 8.0502e-02, PNorm = 100.0485, GNorm = 0.3249, lr_0 = 5.2110e-04
Loss = 7.6619e-02, PNorm = 100.0546, GNorm = 0.7272, lr_0 = 5.2056e-04
Loss = 3.0070e-02, PNorm = 100.0644, GNorm = 0.5575, lr_0 = 5.2003e-04
Loss = 8.4347e-02, PNorm = 100.0708, GNorm = 0.6375, lr_0 = 5.1949e-04
Loss = 3.2034e-02, PNorm = 100.0763, GNorm = 0.3014, lr_0 = 5.1896e-04
Loss = 2.0466e-02, PNorm = 100.0872, GNorm = 0.1984, lr_0 = 5.1843e-04
Loss = 3.7824e-02, PNorm = 100.0972, GNorm = 0.1209, lr_0 = 5.1789e-04
Validation auc = 0.613484
Epoch 10
Loss = 4.8454e-02, PNorm = 100.1020, GNorm = 1.0833, lr_0 = 5.1736e-04
Loss = 8.1929e-02, PNorm = 100.0967, GNorm = 0.5934, lr_0 = 5.1683e-04
Loss = 5.1763e-02, PNorm = 100.1010, GNorm = 0.4829, lr_0 = 5.1630e-04
Loss = 5.0884e-02, PNorm = 100.1123, GNorm = 0.7636, lr_0 = 5.1577e-04
Loss = 5.3743e-02, PNorm = 100.1215, GNorm = 0.2288, lr_0 = 5.1524e-04
Loss = 5.3583e-02, PNorm = 100.1238, GNorm = 0.3501, lr_0 = 5.1471e-04
Loss = 1.0200e-01, PNorm = 100.1246, GNorm = 0.5268, lr_0 = 5.1418e-04
Loss = 7.5908e-02, PNorm = 100.1350, GNorm = 0.5751, lr_0 = 5.1365e-04
Loss = 5.6757e-02, PNorm = 100.1512, GNorm = 0.3550, lr_0 = 5.1313e-04
Loss = 4.2669e-02, PNorm = 100.1671, GNorm = 0.1915, lr_0 = 5.1260e-04
Loss = 4.8284e-02, PNorm = 100.1745, GNorm = 0.8428, lr_0 = 5.1207e-04
Loss = 7.7727e-02, PNorm = 100.1754, GNorm = 1.8329, lr_0 = 5.1155e-04
Loss = 2.8718e-02, PNorm = 100.1805, GNorm = 0.4058, lr_0 = 5.1102e-04
Loss = 4.8015e-02, PNorm = 100.1929, GNorm = 0.4901, lr_0 = 5.1049e-04
Loss = 6.1552e-02, PNorm = 100.1941, GNorm = 0.3460, lr_0 = 5.0997e-04
Loss = 5.3606e-02, PNorm = 100.2028, GNorm = 0.2915, lr_0 = 5.0945e-04
Loss = 5.4858e-02, PNorm = 100.2133, GNorm = 0.2474, lr_0 = 5.0892e-04
Loss = 2.9479e-02, PNorm = 100.2263, GNorm = 0.2242, lr_0 = 5.0840e-04
Loss = 4.6394e-02, PNorm = 100.2354, GNorm = 0.1852, lr_0 = 5.0788e-04
Loss = 4.9602e-02, PNorm = 100.2444, GNorm = 0.4324, lr_0 = 5.0736e-04
Loss = 7.4199e-02, PNorm = 100.2452, GNorm = 0.6391, lr_0 = 5.0683e-04
Loss = 4.3260e-02, PNorm = 100.2572, GNorm = 1.0231, lr_0 = 5.0631e-04
Loss = 3.8418e-02, PNorm = 100.2696, GNorm = 0.2777, lr_0 = 5.0579e-04
Loss = 6.9039e-02, PNorm = 100.2792, GNorm = 0.5835, lr_0 = 5.0527e-04
Loss = 4.8487e-02, PNorm = 100.2842, GNorm = 0.2577, lr_0 = 5.0475e-04
Loss = 8.4362e-02, PNorm = 100.2899, GNorm = 0.7333, lr_0 = 5.0424e-04
Loss = 2.2509e-02, PNorm = 100.3007, GNorm = 0.2651, lr_0 = 5.0372e-04
Loss = 2.5336e-02, PNorm = 100.3153, GNorm = 0.1641, lr_0 = 5.0320e-04
Loss = 4.8840e-02, PNorm = 100.3201, GNorm = 0.1874, lr_0 = 5.0268e-04
Loss = 4.1221e-02, PNorm = 100.3265, GNorm = 0.1630, lr_0 = 5.0217e-04
Loss = 8.3230e-02, PNorm = 100.3246, GNorm = 0.3865, lr_0 = 5.0165e-04
Loss = 5.0403e-02, PNorm = 100.3303, GNorm = 0.5511, lr_0 = 5.0114e-04
Loss = 8.3804e-02, PNorm = 100.3376, GNorm = 0.5010, lr_0 = 5.0062e-04
Loss = 2.4627e-02, PNorm = 100.3524, GNorm = 0.3075, lr_0 = 5.0011e-04
Loss = 1.4463e-02, PNorm = 100.3698, GNorm = 0.1371, lr_0 = 4.9959e-04
Loss = 2.6697e-02, PNorm = 100.3795, GNorm = 0.0731, lr_0 = 4.9908e-04
Loss = 2.9419e-02, PNorm = 100.3791, GNorm = 0.1026, lr_0 = 4.9857e-04
Loss = 7.8999e-02, PNorm = 100.3756, GNorm = 0.2099, lr_0 = 4.9805e-04
Loss = 3.9897e-02, PNorm = 100.3806, GNorm = 0.3191, lr_0 = 4.9754e-04
Loss = 1.7796e-02, PNorm = 100.3939, GNorm = 0.2511, lr_0 = 4.9703e-04
Loss = 9.2911e-02, PNorm = 100.3958, GNorm = 0.2966, lr_0 = 4.9652e-04
Loss = 8.4006e-02, PNorm = 100.4018, GNorm = 1.4588, lr_0 = 4.9601e-04
Loss = 6.9729e-02, PNorm = 100.4143, GNorm = 0.4889, lr_0 = 4.9550e-04
Loss = 5.7706e-02, PNorm = 100.4364, GNorm = 0.7217, lr_0 = 4.9499e-04
Loss = 2.9974e-02, PNorm = 100.4515, GNorm = 0.2208, lr_0 = 4.9448e-04
Loss = 2.5066e-02, PNorm = 100.4653, GNorm = 0.1423, lr_0 = 4.9398e-04
Loss = 6.2464e-02, PNorm = 100.4727, GNorm = 0.7475, lr_0 = 4.9347e-04
Loss = 6.8949e-02, PNorm = 100.4760, GNorm = 0.4643, lr_0 = 4.9296e-04
Loss = 2.3244e-02, PNorm = 100.4882, GNorm = 0.3139, lr_0 = 4.9245e-04
Loss = 3.4203e-02, PNorm = 100.5027, GNorm = 0.1811, lr_0 = 4.9195e-04
Loss = 8.2574e-02, PNorm = 100.5056, GNorm = 0.7386, lr_0 = 4.9144e-04
Loss = 3.1533e-02, PNorm = 100.5098, GNorm = 0.3966, lr_0 = 4.9094e-04
Loss = 6.1078e-02, PNorm = 100.5199, GNorm = 0.9484, lr_0 = 4.9043e-04
Loss = 4.8161e-02, PNorm = 100.5337, GNorm = 0.2811, lr_0 = 4.8993e-04
Loss = 6.7569e-02, PNorm = 100.5507, GNorm = 1.2563, lr_0 = 4.8943e-04
Loss = 3.8507e-02, PNorm = 100.5585, GNorm = 0.3264, lr_0 = 4.8892e-04
Loss = 3.8602e-02, PNorm = 100.5701, GNorm = 0.2484, lr_0 = 4.8842e-04
Loss = 6.6143e-02, PNorm = 100.5764, GNorm = 0.4545, lr_0 = 4.8792e-04
Loss = 5.3097e-02, PNorm = 100.5809, GNorm = 0.2907, lr_0 = 4.8742e-04
Loss = 5.7042e-02, PNorm = 100.5868, GNorm = 0.4404, lr_0 = 4.8692e-04
Loss = 6.7882e-02, PNorm = 100.6016, GNorm = 0.3783, lr_0 = 4.8642e-04
Loss = 6.7312e-02, PNorm = 100.6195, GNorm = 0.5342, lr_0 = 4.8592e-04
Loss = 4.8824e-02, PNorm = 100.6367, GNorm = 0.3424, lr_0 = 4.8542e-04
Loss = 6.0210e-02, PNorm = 100.6618, GNorm = 0.3136, lr_0 = 4.8492e-04
Loss = 4.6691e-02, PNorm = 100.6696, GNorm = 0.3637, lr_0 = 4.8442e-04
Loss = 3.7227e-02, PNorm = 100.6851, GNorm = 0.1837, lr_0 = 4.8392e-04
Loss = 7.4270e-02, PNorm = 100.6911, GNorm = 0.2830, lr_0 = 4.8343e-04
Loss = 3.6780e-02, PNorm = 100.7082, GNorm = 0.2938, lr_0 = 4.8293e-04
Loss = 7.2697e-02, PNorm = 100.7221, GNorm = 0.7888, lr_0 = 4.8243e-04
Loss = 6.6514e-02, PNorm = 100.7300, GNorm = 0.4541, lr_0 = 4.8194e-04
Loss = 8.0410e-02, PNorm = 100.7393, GNorm = 0.4394, lr_0 = 4.8144e-04
Loss = 4.2783e-02, PNorm = 100.7531, GNorm = 0.3099, lr_0 = 4.8095e-04
Loss = 9.9029e-02, PNorm = 100.7605, GNorm = 0.3908, lr_0 = 4.8045e-04
Loss = 4.9161e-02, PNorm = 100.7696, GNorm = 0.5405, lr_0 = 4.7996e-04
Loss = 4.0968e-02, PNorm = 100.7842, GNorm = 0.2376, lr_0 = 4.7947e-04
Loss = 3.9738e-02, PNorm = 100.7948, GNorm = 0.1891, lr_0 = 4.7897e-04
Loss = 4.0667e-02, PNorm = 100.8063, GNorm = 0.1386, lr_0 = 4.7848e-04
Loss = 2.6413e-02, PNorm = 100.8156, GNorm = 0.1476, lr_0 = 4.7799e-04
Loss = 4.2841e-02, PNorm = 100.8162, GNorm = 0.7940, lr_0 = 4.7750e-04
Loss = 6.0903e-02, PNorm = 100.8199, GNorm = 0.2846, lr_0 = 4.7701e-04
Validation auc = 0.614852
Epoch 11
Loss = 4.6331e-02, PNorm = 100.8282, GNorm = 0.3517, lr_0 = 4.7652e-04
Loss = 6.9113e-02, PNorm = 100.8355, GNorm = 0.3975, lr_0 = 4.7603e-04
Loss = 7.7808e-02, PNorm = 100.8428, GNorm = 1.1699, lr_0 = 4.7554e-04
Loss = 3.0081e-02, PNorm = 100.8504, GNorm = 0.3446, lr_0 = 4.7505e-04
Loss = 9.9643e-02, PNorm = 100.8553, GNorm = 0.3996, lr_0 = 4.7456e-04
Loss = 5.0549e-02, PNorm = 100.8622, GNorm = 0.4537, lr_0 = 4.7408e-04
Loss = 4.1008e-02, PNorm = 100.8779, GNorm = 0.3542, lr_0 = 4.7359e-04
Loss = 6.5184e-02, PNorm = 100.8882, GNorm = 0.2231, lr_0 = 4.7310e-04
Loss = 7.6952e-03, PNorm = 100.9000, GNorm = 0.1978, lr_0 = 4.7262e-04
Loss = 8.1166e-02, PNorm = 100.9024, GNorm = 0.2701, lr_0 = 4.7213e-04
Loss = 7.0487e-02, PNorm = 100.9039, GNorm = 0.4892, lr_0 = 4.7165e-04
Loss = 6.8954e-02, PNorm = 100.9115, GNorm = 0.5360, lr_0 = 4.7116e-04
Loss = 1.9763e-02, PNorm = 100.9300, GNorm = 0.2092, lr_0 = 4.7068e-04
Loss = 5.0961e-02, PNorm = 100.9420, GNorm = 0.1591, lr_0 = 4.7019e-04
Loss = 3.4306e-02, PNorm = 100.9491, GNorm = 0.1835, lr_0 = 4.6971e-04
Loss = 3.7256e-02, PNorm = 100.9571, GNorm = 0.2033, lr_0 = 4.6923e-04
Loss = 5.9372e-02, PNorm = 100.9600, GNorm = 0.2919, lr_0 = 4.6875e-04
Loss = 7.9236e-02, PNorm = 100.9567, GNorm = 0.3905, lr_0 = 4.6826e-04
Loss = 6.3942e-02, PNorm = 100.9663, GNorm = 0.4074, lr_0 = 4.6778e-04
Loss = 4.9034e-02, PNorm = 100.9759, GNorm = 0.3237, lr_0 = 4.6730e-04
Loss = 3.6575e-02, PNorm = 100.9864, GNorm = 0.2806, lr_0 = 4.6682e-04
Loss = 4.3854e-02, PNorm = 100.9952, GNorm = 0.4049, lr_0 = 4.6634e-04
Loss = 5.6639e-02, PNorm = 101.0001, GNorm = 0.6918, lr_0 = 4.6586e-04
Loss = 4.9818e-02, PNorm = 101.0061, GNorm = 0.2529, lr_0 = 4.6539e-04
Loss = 2.0392e-02, PNorm = 101.0115, GNorm = 0.2321, lr_0 = 4.6491e-04
Loss = 1.0588e-01, PNorm = 101.0114, GNorm = 0.4643, lr_0 = 4.6443e-04
Loss = 5.8277e-02, PNorm = 101.0185, GNorm = 0.3078, lr_0 = 4.6395e-04
Loss = 6.3687e-02, PNorm = 101.0309, GNorm = 0.3631, lr_0 = 4.6348e-04
Loss = 3.3595e-02, PNorm = 101.0433, GNorm = 0.3190, lr_0 = 4.6300e-04
Loss = 4.8640e-02, PNorm = 101.0562, GNorm = 0.6291, lr_0 = 4.6252e-04
Loss = 3.4995e-02, PNorm = 101.0625, GNorm = 0.1921, lr_0 = 4.6205e-04
Loss = 2.8879e-02, PNorm = 101.0718, GNorm = 0.1895, lr_0 = 4.6157e-04
Loss = 2.4587e-02, PNorm = 101.0817, GNorm = 0.1314, lr_0 = 4.6110e-04
Loss = 5.7127e-02, PNorm = 101.0892, GNorm = 0.6193, lr_0 = 4.6063e-04
Loss = 6.6710e-02, PNorm = 101.0981, GNorm = 0.3421, lr_0 = 4.6015e-04
Loss = 3.7271e-02, PNorm = 101.1247, GNorm = 0.6049, lr_0 = 4.5968e-04
Loss = 2.1091e-01, PNorm = 101.2161, GNorm = 0.7442, lr_0 = 4.5921e-04
Loss = 5.1104e-02, PNorm = 101.3765, GNorm = 0.6626, lr_0 = 4.5874e-04
Loss = 7.0460e-02, PNorm = 101.4617, GNorm = 0.7671, lr_0 = 4.5826e-04
Loss = 1.8346e-02, PNorm = 101.4990, GNorm = 0.1835, lr_0 = 4.5779e-04
Loss = 1.0603e-01, PNorm = 101.5049, GNorm = 0.3769, lr_0 = 4.5732e-04
Loss = 4.4158e-02, PNorm = 101.5170, GNorm = 0.7419, lr_0 = 4.5685e-04
Loss = 3.5191e-02, PNorm = 101.5271, GNorm = 0.2431, lr_0 = 4.5638e-04
Loss = 2.7336e-02, PNorm = 101.5348, GNorm = 0.1983, lr_0 = 4.5592e-04
Loss = 4.2413e-02, PNorm = 101.5405, GNorm = 0.5586, lr_0 = 4.5545e-04
Loss = 5.3597e-02, PNorm = 101.5393, GNorm = 0.2524, lr_0 = 4.5498e-04
Loss = 1.0107e-01, PNorm = 101.5364, GNorm = 0.5946, lr_0 = 4.5451e-04
Loss = 6.3237e-02, PNorm = 101.5430, GNorm = 0.3938, lr_0 = 4.5404e-04
Loss = 5.9947e-02, PNorm = 101.5529, GNorm = 0.3431, lr_0 = 4.5358e-04
Loss = 5.0007e-02, PNorm = 101.5616, GNorm = 0.2928, lr_0 = 4.5311e-04
Loss = 6.2466e-02, PNorm = 101.5699, GNorm = 0.5311, lr_0 = 4.5265e-04
Loss = 7.0474e-02, PNorm = 101.5747, GNorm = 0.3741, lr_0 = 4.5218e-04
Loss = 3.9343e-02, PNorm = 101.5825, GNorm = 0.3204, lr_0 = 4.5172e-04
Loss = 8.8394e-02, PNorm = 101.5868, GNorm = 0.3894, lr_0 = 4.5125e-04
Loss = 8.5955e-02, PNorm = 101.5909, GNorm = 0.6762, lr_0 = 4.5079e-04
Loss = 4.5743e-02, PNorm = 101.6031, GNorm = 0.4040, lr_0 = 4.5033e-04
Loss = 4.8186e-02, PNorm = 101.6179, GNorm = 0.8165, lr_0 = 4.4986e-04
Loss = 7.7137e-02, PNorm = 101.6220, GNorm = 0.2519, lr_0 = 4.4940e-04
Loss = 4.9760e-02, PNorm = 101.6277, GNorm = 0.3832, lr_0 = 4.4894e-04
Loss = 3.6151e-02, PNorm = 101.6393, GNorm = 0.3164, lr_0 = 4.4848e-04
Loss = 9.4703e-02, PNorm = 101.6424, GNorm = 0.3316, lr_0 = 4.4802e-04
Loss = 4.0084e-02, PNorm = 101.6474, GNorm = 0.6583, lr_0 = 4.4756e-04
Loss = 1.8301e-02, PNorm = 101.6562, GNorm = 0.2327, lr_0 = 4.4710e-04
Loss = 4.8527e-02, PNorm = 101.6662, GNorm = 0.1382, lr_0 = 4.4664e-04
Loss = 2.8720e-02, PNorm = 101.6701, GNorm = 0.1479, lr_0 = 4.4618e-04
Loss = 4.0004e-02, PNorm = 101.6724, GNorm = 0.9255, lr_0 = 4.4572e-04
Loss = 4.4328e-02, PNorm = 101.6729, GNorm = 0.2357, lr_0 = 4.4526e-04
Loss = 7.1183e-02, PNorm = 101.6744, GNorm = 0.4299, lr_0 = 4.4480e-04
Loss = 8.6175e-02, PNorm = 101.6765, GNorm = 0.4928, lr_0 = 4.4435e-04
Loss = 6.7759e-02, PNorm = 101.6854, GNorm = 0.7192, lr_0 = 4.4389e-04
Loss = 6.8640e-02, PNorm = 101.6971, GNorm = 1.0613, lr_0 = 4.4344e-04
Loss = 3.1334e-02, PNorm = 101.7064, GNorm = 0.2571, lr_0 = 4.4298e-04
Loss = 3.8237e-02, PNorm = 101.7147, GNorm = 0.1842, lr_0 = 4.4252e-04
Loss = 4.1471e-02, PNorm = 101.7199, GNorm = 0.6530, lr_0 = 4.4207e-04
Loss = 6.0290e-02, PNorm = 101.7216, GNorm = 1.4208, lr_0 = 4.4162e-04
Loss = 3.0114e-02, PNorm = 101.7225, GNorm = 0.8125, lr_0 = 4.4116e-04
Loss = 2.6008e-02, PNorm = 101.7298, GNorm = 0.1799, lr_0 = 4.4071e-04
Loss = 3.7489e-02, PNorm = 101.7374, GNorm = 0.1935, lr_0 = 4.4026e-04
Loss = 3.6317e-02, PNorm = 101.7428, GNorm = 0.1806, lr_0 = 4.3980e-04
Loss = 5.7501e-02, PNorm = 101.7435, GNorm = 0.2307, lr_0 = 4.3935e-04
Validation auc = 0.609495
Epoch 12
Loss = 6.6966e-02, PNorm = 101.7431, GNorm = 0.3539, lr_0 = 4.3890e-04
Loss = 4.2984e-02, PNorm = 101.7504, GNorm = 0.3343, lr_0 = 4.3845e-04
Loss = 3.5459e-02, PNorm = 101.7636, GNorm = 0.2493, lr_0 = 4.3800e-04
Loss = 2.9588e-02, PNorm = 101.7714, GNorm = 0.1590, lr_0 = 4.3755e-04
Loss = 4.9618e-02, PNorm = 101.7742, GNorm = 0.1701, lr_0 = 4.3710e-04
Loss = 4.4396e-02, PNorm = 101.7792, GNorm = 0.2233, lr_0 = 4.3665e-04
Loss = 8.2679e-02, PNorm = 101.7842, GNorm = 0.5860, lr_0 = 4.3620e-04
Loss = 5.1596e-02, PNorm = 101.7937, GNorm = 0.4086, lr_0 = 4.3575e-04
Loss = 4.2424e-02, PNorm = 101.8071, GNorm = 0.7205, lr_0 = 4.3531e-04
Loss = 4.4404e-02, PNorm = 101.8153, GNorm = 0.7270, lr_0 = 4.3486e-04
Loss = 1.0195e-01, PNorm = 101.8145, GNorm = 0.4651, lr_0 = 4.3441e-04
Loss = 2.2725e-02, PNorm = 101.8269, GNorm = 0.2747, lr_0 = 4.3397e-04
Loss = 1.2227e-01, PNorm = 101.8320, GNorm = 0.5647, lr_0 = 4.3352e-04
Loss = 5.8764e-02, PNorm = 101.8430, GNorm = 0.5397, lr_0 = 4.3307e-04
Loss = 3.2059e-02, PNorm = 101.8586, GNorm = 0.3079, lr_0 = 4.3263e-04
Loss = 4.7783e-02, PNorm = 101.8711, GNorm = 0.2162, lr_0 = 4.3218e-04
Loss = 4.2532e-02, PNorm = 101.8801, GNorm = 0.1589, lr_0 = 4.3174e-04
Loss = 2.8770e-02, PNorm = 101.8873, GNorm = 0.1765, lr_0 = 4.3130e-04
Loss = 8.1969e-02, PNorm = 101.8889, GNorm = 0.6836, lr_0 = 4.3085e-04
Loss = 2.0690e-02, PNorm = 101.8973, GNorm = 0.2754, lr_0 = 4.3041e-04
Loss = 3.5025e-02, PNorm = 101.9131, GNorm = 0.1932, lr_0 = 4.2997e-04
Loss = 5.5460e-02, PNorm = 101.9221, GNorm = 0.6053, lr_0 = 4.2953e-04
Loss = 7.1500e-02, PNorm = 101.9246, GNorm = 0.4710, lr_0 = 4.2909e-04
Loss = 6.5001e-02, PNorm = 101.9289, GNorm = 0.4064, lr_0 = 4.2865e-04
Loss = 3.8635e-02, PNorm = 101.9404, GNorm = 0.3898, lr_0 = 4.2821e-04
Loss = 5.2321e-02, PNorm = 101.9528, GNorm = 0.2628, lr_0 = 4.2777e-04
Loss = 2.6340e-02, PNorm = 101.9623, GNorm = 0.1659, lr_0 = 4.2733e-04
Loss = 5.9794e-02, PNorm = 101.9710, GNorm = 1.7105, lr_0 = 4.2689e-04
Loss = 2.7611e-02, PNorm = 101.9721, GNorm = 0.1977, lr_0 = 4.2645e-04
Loss = 7.2071e-02, PNorm = 101.9756, GNorm = 0.4609, lr_0 = 4.2601e-04
Loss = 5.6178e-02, PNorm = 101.9782, GNorm = 0.5235, lr_0 = 4.2557e-04
Loss = 2.8016e-02, PNorm = 101.9905, GNorm = 0.3161, lr_0 = 4.2513e-04
Loss = 6.0494e-02, PNorm = 102.0003, GNorm = 0.2559, lr_0 = 4.2470e-04
Loss = 6.2657e-02, PNorm = 102.0137, GNorm = 0.8691, lr_0 = 4.2426e-04
Loss = 6.0222e-02, PNorm = 102.0174, GNorm = 0.3654, lr_0 = 4.2383e-04
Loss = 2.8857e-02, PNorm = 102.0344, GNorm = 0.2964, lr_0 = 4.2339e-04
Loss = 4.7065e-02, PNorm = 102.0499, GNorm = 0.2039, lr_0 = 4.2296e-04
Loss = 4.9381e-02, PNorm = 102.0606, GNorm = 0.2269, lr_0 = 4.2252e-04
Loss = 4.5978e-02, PNorm = 102.0736, GNorm = 0.2216, lr_0 = 4.2209e-04
Loss = 7.8118e-02, PNorm = 102.0772, GNorm = 0.3644, lr_0 = 4.2165e-04
Loss = 5.1767e-02, PNorm = 102.0848, GNorm = 0.3403, lr_0 = 4.2122e-04
Loss = 3.8979e-02, PNorm = 102.1006, GNorm = 0.3205, lr_0 = 4.2079e-04
Loss = 2.9804e-02, PNorm = 102.1152, GNorm = 0.9549, lr_0 = 4.2035e-04
Loss = 5.1658e-02, PNorm = 102.1211, GNorm = 1.7157, lr_0 = 4.1992e-04
Loss = 4.3127e-02, PNorm = 102.1243, GNorm = 0.5740, lr_0 = 4.1949e-04
Loss = 4.0017e-02, PNorm = 102.1281, GNorm = 0.2607, lr_0 = 4.1906e-04
Loss = 5.7237e-02, PNorm = 102.1330, GNorm = 0.3232, lr_0 = 4.1863e-04
Loss = 3.9809e-02, PNorm = 102.1457, GNorm = 0.2264, lr_0 = 4.1820e-04
Loss = 5.1564e-02, PNorm = 102.1531, GNorm = 0.2680, lr_0 = 4.1777e-04
Loss = 8.0306e-02, PNorm = 102.1590, GNorm = 0.6539, lr_0 = 4.1734e-04
Loss = 4.2684e-02, PNorm = 102.1728, GNorm = 0.7522, lr_0 = 4.1691e-04
Loss = 1.9595e-02, PNorm = 102.1905, GNorm = 0.1859, lr_0 = 4.1648e-04
Loss = 8.5549e-02, PNorm = 102.1932, GNorm = 0.6078, lr_0 = 4.1606e-04
Loss = 6.0840e-02, PNorm = 102.1988, GNorm = 0.3508, lr_0 = 4.1563e-04
Loss = 7.5339e-02, PNorm = 102.2044, GNorm = 0.5225, lr_0 = 4.1520e-04
Loss = 6.0380e-02, PNorm = 102.2183, GNorm = 1.9123, lr_0 = 4.1477e-04
Loss = 5.9022e-02, PNorm = 102.2255, GNorm = 0.3572, lr_0 = 4.1435e-04
Loss = 1.2177e-01, PNorm = 102.2274, GNorm = 0.5095, lr_0 = 4.1392e-04
Loss = 5.0809e-02, PNorm = 102.2376, GNorm = 0.5248, lr_0 = 4.1350e-04
Loss = 5.1085e-02, PNorm = 102.2540, GNorm = 0.6537, lr_0 = 4.1307e-04
Loss = 2.5652e-02, PNorm = 102.2651, GNorm = 0.1695, lr_0 = 4.1265e-04
Loss = 7.4275e-02, PNorm = 102.2731, GNorm = 0.2023, lr_0 = 4.1222e-04
Loss = 5.2029e-02, PNorm = 102.2777, GNorm = 0.4455, lr_0 = 4.1180e-04
Loss = 2.0054e-02, PNorm = 102.2865, GNorm = 0.2510, lr_0 = 4.1138e-04
Loss = 4.2684e-02, PNorm = 102.2951, GNorm = 0.2020, lr_0 = 4.1096e-04
Loss = 4.3835e-02, PNorm = 102.2997, GNorm = 0.1779, lr_0 = 4.1053e-04
Loss = 1.9431e-02, PNorm = 102.3021, GNorm = 0.1605, lr_0 = 4.1011e-04
Loss = 6.5806e-02, PNorm = 102.3036, GNorm = 0.2148, lr_0 = 4.0969e-04
Loss = 1.5313e-02, PNorm = 102.3092, GNorm = 0.1933, lr_0 = 4.0927e-04
Loss = 9.8429e-02, PNorm = 102.3091, GNorm = 0.4695, lr_0 = 4.0885e-04
Loss = 6.8230e-02, PNorm = 102.3130, GNorm = 0.5777, lr_0 = 4.0843e-04
Loss = 4.3957e-02, PNorm = 102.3244, GNorm = 0.4721, lr_0 = 4.0801e-04
Loss = 8.3121e-02, PNorm = 102.3374, GNorm = 0.3591, lr_0 = 4.0759e-04
Loss = 3.5077e-02, PNorm = 102.3480, GNorm = 0.7238, lr_0 = 4.0717e-04
Loss = 7.3465e-02, PNorm = 102.3532, GNorm = 0.3186, lr_0 = 4.0675e-04
Loss = 3.0490e-02, PNorm = 102.3699, GNorm = 0.2878, lr_0 = 4.0633e-04
Loss = 7.9541e-02, PNorm = 102.3794, GNorm = 0.3445, lr_0 = 4.0592e-04
Loss = 6.5368e-02, PNorm = 102.3873, GNorm = 0.7269, lr_0 = 4.0550e-04
Loss = 5.6059e-02, PNorm = 102.3987, GNorm = 1.0790, lr_0 = 4.0508e-04
Loss = 7.8613e-02, PNorm = 102.4111, GNorm = 0.5502, lr_0 = 4.0467e-04
Validation auc = 0.625806
Epoch 13
Loss = 5.2914e-02, PNorm = 102.4283, GNorm = 0.4143, lr_0 = 4.0425e-04
Loss = 9.4272e-02, PNorm = 102.4617, GNorm = 0.8521, lr_0 = 4.0384e-04
Loss = 2.7518e-02, PNorm = 102.5221, GNorm = 0.2769, lr_0 = 4.0342e-04
Loss = 1.6756e-02, PNorm = 102.5614, GNorm = 0.1611, lr_0 = 4.0301e-04
Loss = 1.0943e-01, PNorm = 102.5707, GNorm = 0.6359, lr_0 = 4.0259e-04
Loss = 5.4508e-02, PNorm = 102.5754, GNorm = 0.4789, lr_0 = 4.0218e-04
Loss = 6.1975e-02, PNorm = 102.5883, GNorm = 0.9375, lr_0 = 4.0177e-04
Loss = 6.3149e-02, PNorm = 102.5958, GNorm = 0.3448, lr_0 = 4.0135e-04
Loss = 4.7534e-02, PNorm = 102.6046, GNorm = 0.2825, lr_0 = 4.0094e-04
Loss = 5.2878e-02, PNorm = 102.6153, GNorm = 0.4100, lr_0 = 4.0053e-04
Loss = 1.8880e-02, PNorm = 102.6295, GNorm = 0.1538, lr_0 = 4.0012e-04
Loss = 4.6954e-02, PNorm = 102.6396, GNorm = 1.4989, lr_0 = 3.9971e-04
Loss = 6.5743e-02, PNorm = 102.6356, GNorm = 0.2261, lr_0 = 3.9930e-04
Loss = 4.6701e-02, PNorm = 102.6383, GNorm = 0.4314, lr_0 = 3.9889e-04
Loss = 2.8842e-02, PNorm = 102.6452, GNorm = 0.2958, lr_0 = 3.9848e-04
Loss = 4.0578e-02, PNorm = 102.6519, GNorm = 0.2508, lr_0 = 3.9807e-04
Loss = 5.9750e-02, PNorm = 102.6542, GNorm = 0.2360, lr_0 = 3.9766e-04
Loss = 3.6859e-02, PNorm = 102.6635, GNorm = 0.1842, lr_0 = 3.9725e-04
Loss = 4.5111e-02, PNorm = 102.6694, GNorm = 0.2202, lr_0 = 3.9684e-04
Loss = 2.8956e-02, PNorm = 102.6762, GNorm = 0.8594, lr_0 = 3.9643e-04
Loss = 5.1610e-02, PNorm = 102.6800, GNorm = 0.2449, lr_0 = 3.9603e-04
Loss = 4.5244e-02, PNorm = 102.6859, GNorm = 0.2282, lr_0 = 3.9562e-04
Loss = 3.7072e-02, PNorm = 102.6926, GNorm = 0.2560, lr_0 = 3.9521e-04
Loss = 2.9621e-02, PNorm = 102.7013, GNorm = 0.1803, lr_0 = 3.9481e-04
Loss = 3.3869e-02, PNorm = 102.7085, GNorm = 0.1497, lr_0 = 3.9440e-04
Loss = 8.5404e-02, PNorm = 102.7050, GNorm = 0.3248, lr_0 = 3.9400e-04
Loss = 5.7282e-02, PNorm = 102.7082, GNorm = 0.3744, lr_0 = 3.9359e-04
Loss = 2.0037e-02, PNorm = 102.7204, GNorm = 0.2312, lr_0 = 3.9319e-04
Loss = 7.5077e-02, PNorm = 102.7262, GNorm = 0.2321, lr_0 = 3.9278e-04
Loss = 6.2741e-02, PNorm = 102.7279, GNorm = 0.3417, lr_0 = 3.9238e-04
Loss = 7.4233e-02, PNorm = 102.7340, GNorm = 0.3945, lr_0 = 3.9198e-04
Loss = 7.2147e-02, PNorm = 102.7415, GNorm = 0.5124, lr_0 = 3.9157e-04
Loss = 3.7706e-02, PNorm = 102.7593, GNorm = 0.2840, lr_0 = 3.9117e-04
Loss = 2.5016e-02, PNorm = 102.7764, GNorm = 0.1639, lr_0 = 3.9077e-04
Loss = 2.2564e-02, PNorm = 102.7867, GNorm = 0.0959, lr_0 = 3.9037e-04
Loss = 8.1387e-02, PNorm = 102.7834, GNorm = 0.4489, lr_0 = 3.8997e-04
Loss = 3.8198e-02, PNorm = 102.7887, GNorm = 0.2372, lr_0 = 3.8957e-04
Loss = 2.1320e-02, PNorm = 102.7984, GNorm = 0.2408, lr_0 = 3.8917e-04
Loss = 8.0589e-02, PNorm = 102.8032, GNorm = 0.6759, lr_0 = 3.8877e-04
Loss = 3.5257e-02, PNorm = 102.8111, GNorm = 0.2788, lr_0 = 3.8837e-04
Loss = 3.2786e-02, PNorm = 102.8267, GNorm = 0.2020, lr_0 = 3.8797e-04
Loss = 4.8832e-02, PNorm = 102.8397, GNorm = 0.1788, lr_0 = 3.8757e-04
Loss = 3.7796e-02, PNorm = 102.8557, GNorm = 0.6275, lr_0 = 3.8717e-04
Loss = 3.0487e-02, PNorm = 102.8685, GNorm = 0.1266, lr_0 = 3.8677e-04
Loss = 5.5567e-02, PNorm = 102.8723, GNorm = 0.2802, lr_0 = 3.8637e-04
Loss = 7.6734e-02, PNorm = 102.8757, GNorm = 0.6121, lr_0 = 3.8598e-04
Loss = 9.2095e-02, PNorm = 102.8892, GNorm = 1.0940, lr_0 = 3.8558e-04
Loss = 6.0401e-02, PNorm = 102.9092, GNorm = 0.6686, lr_0 = 3.8519e-04
Loss = 5.5159e-02, PNorm = 102.9379, GNorm = 0.3354, lr_0 = 3.8479e-04
Loss = 5.5547e-02, PNorm = 102.9431, GNorm = 0.3101, lr_0 = 3.8439e-04
Loss = 4.5169e-02, PNorm = 102.9554, GNorm = 0.2730, lr_0 = 3.8400e-04
Loss = 7.3827e-02, PNorm = 102.9603, GNorm = 0.3710, lr_0 = 3.8360e-04
Loss = 8.1207e-02, PNorm = 102.9657, GNorm = 0.3629, lr_0 = 3.8321e-04
Loss = 7.3375e-02, PNorm = 102.9760, GNorm = 0.3312, lr_0 = 3.8282e-04
Loss = 4.1248e-02, PNorm = 102.9902, GNorm = 0.4261, lr_0 = 3.8242e-04
Loss = 4.4389e-02, PNorm = 103.0016, GNorm = 0.6033, lr_0 = 3.8203e-04
Loss = 2.8063e-02, PNorm = 103.0097, GNorm = 0.1939, lr_0 = 3.8164e-04
Loss = 6.7942e-02, PNorm = 103.0122, GNorm = 0.3362, lr_0 = 3.8125e-04
Loss = 3.9967e-02, PNorm = 103.0193, GNorm = 0.2835, lr_0 = 3.8085e-04
Loss = 4.8382e-02, PNorm = 103.0291, GNorm = 0.2379, lr_0 = 3.8046e-04
Loss = 1.4890e-02, PNorm = 103.0390, GNorm = 0.1647, lr_0 = 3.8007e-04
Loss = 5.1305e-02, PNorm = 103.0460, GNorm = 0.1384, lr_0 = 3.7968e-04
Loss = 4.0617e-02, PNorm = 103.0474, GNorm = 0.1750, lr_0 = 3.7929e-04
Loss = 4.3465e-02, PNorm = 103.0518, GNorm = 0.2685, lr_0 = 3.7890e-04
Loss = 7.7893e-02, PNorm = 103.0565, GNorm = 0.3666, lr_0 = 3.7851e-04
Loss = 4.3497e-02, PNorm = 103.0674, GNorm = 0.3532, lr_0 = 3.7812e-04
Loss = 2.5516e-02, PNorm = 103.0867, GNorm = 0.5708, lr_0 = 3.7774e-04
Loss = 1.0857e-01, PNorm = 103.0962, GNorm = 1.2059, lr_0 = 3.7735e-04
Loss = 2.2023e-02, PNorm = 103.1018, GNorm = 0.3398, lr_0 = 3.7696e-04
Loss = 4.6538e-02, PNorm = 103.1164, GNorm = 0.3103, lr_0 = 3.7657e-04
Loss = 5.4712e-02, PNorm = 103.1236, GNorm = 0.3643, lr_0 = 3.7619e-04
Loss = 4.7551e-02, PNorm = 103.1330, GNorm = 0.3273, lr_0 = 3.7580e-04
Loss = 6.8164e-02, PNorm = 103.1395, GNorm = 0.2618, lr_0 = 3.7541e-04
Loss = 7.1942e-02, PNorm = 103.1470, GNorm = 0.5423, lr_0 = 3.7503e-04
Loss = 5.3447e-02, PNorm = 103.1562, GNorm = 0.7768, lr_0 = 3.7464e-04
Loss = 9.2151e-02, PNorm = 103.1602, GNorm = 0.4758, lr_0 = 3.7426e-04
Loss = 6.1405e-02, PNorm = 103.1676, GNorm = 0.4605, lr_0 = 3.7387e-04
Loss = 7.6323e-02, PNorm = 103.1766, GNorm = 0.3416, lr_0 = 3.7349e-04
Loss = 4.7698e-02, PNorm = 103.1826, GNorm = 0.3380, lr_0 = 3.7310e-04
Loss = 5.0451e-02, PNorm = 103.1926, GNorm = 0.2157, lr_0 = 3.7272e-04
Validation auc = 0.618760
Epoch 14
Loss = 2.8224e-02, PNorm = 103.2025, GNorm = 0.1649, lr_0 = 3.7234e-04
Loss = 5.9090e-02, PNorm = 103.2045, GNorm = 0.2434, lr_0 = 3.7196e-04
Loss = 7.2546e-02, PNorm = 103.2083, GNorm = 0.3628, lr_0 = 3.7157e-04
Loss = 3.2891e-02, PNorm = 103.2177, GNorm = 0.8064, lr_0 = 3.7119e-04
Loss = 3.6812e-02, PNorm = 103.2294, GNorm = 0.6693, lr_0 = 3.7081e-04
Loss = 4.1153e-02, PNorm = 103.2371, GNorm = 0.2289, lr_0 = 3.7043e-04
Loss = 2.2977e-02, PNorm = 103.2450, GNorm = 0.6423, lr_0 = 3.7005e-04
Loss = 5.8608e-02, PNorm = 103.2483, GNorm = 0.2252, lr_0 = 3.6967e-04
Loss = 7.5685e-02, PNorm = 103.2506, GNorm = 0.6390, lr_0 = 3.6929e-04
Loss = 3.7262e-02, PNorm = 103.2588, GNorm = 0.3031, lr_0 = 3.6891e-04
Loss = 5.8648e-02, PNorm = 103.2662, GNorm = 0.3041, lr_0 = 3.6853e-04
Loss = 2.9125e-02, PNorm = 103.2773, GNorm = 0.6190, lr_0 = 3.6815e-04
Loss = 1.1874e-01, PNorm = 103.2797, GNorm = 0.4332, lr_0 = 3.6777e-04
Loss = 4.6653e-02, PNorm = 103.2944, GNorm = 0.3802, lr_0 = 3.6740e-04
Loss = 5.9103e-02, PNorm = 103.3149, GNorm = 0.3028, lr_0 = 3.6702e-04
Loss = 3.6566e-02, PNorm = 103.3336, GNorm = 0.6494, lr_0 = 3.6664e-04
Loss = 2.9698e-02, PNorm = 103.3455, GNorm = 0.1751, lr_0 = 3.6626e-04
Loss = 3.6392e-02, PNorm = 103.3547, GNorm = 0.1640, lr_0 = 3.6589e-04
Loss = 1.0187e-01, PNorm = 103.3523, GNorm = 0.4664, lr_0 = 3.6551e-04
Loss = 5.9653e-02, PNorm = 103.3564, GNorm = 0.6311, lr_0 = 3.6514e-04
Loss = 3.8041e-02, PNorm = 103.3710, GNorm = 0.3437, lr_0 = 3.6476e-04
Loss = 3.9287e-02, PNorm = 103.3847, GNorm = 0.2704, lr_0 = 3.6439e-04
Loss = 1.4215e-01, PNorm = 103.3837, GNorm = 0.4227, lr_0 = 3.6401e-04
Loss = 4.5373e-02, PNorm = 103.3928, GNorm = 0.5231, lr_0 = 3.6364e-04
Loss = 8.9748e-02, PNorm = 103.4056, GNorm = 0.6253, lr_0 = 3.6326e-04
Loss = 5.6900e-02, PNorm = 103.4227, GNorm = 0.3198, lr_0 = 3.6289e-04
Loss = 9.2289e-03, PNorm = 103.4458, GNorm = 0.1907, lr_0 = 3.6252e-04
Loss = 7.1323e-02, PNorm = 103.4563, GNorm = 1.1610, lr_0 = 3.6215e-04
Loss = 6.7859e-02, PNorm = 103.4531, GNorm = 0.2393, lr_0 = 3.6177e-04
Loss = 2.9234e-02, PNorm = 103.4593, GNorm = 0.3325, lr_0 = 3.6140e-04
Loss = 5.7934e-02, PNorm = 103.4635, GNorm = 0.3517, lr_0 = 3.6103e-04
Loss = 3.1047e-02, PNorm = 103.4772, GNorm = 0.2308, lr_0 = 3.6066e-04
Loss = 3.9787e-02, PNorm = 103.4872, GNorm = 0.1838, lr_0 = 3.6029e-04
Loss = 5.3928e-02, PNorm = 103.4881, GNorm = 0.2188, lr_0 = 3.5992e-04
Loss = 6.4660e-02, PNorm = 103.4916, GNorm = 0.6691, lr_0 = 3.5955e-04
Loss = 4.0047e-02, PNorm = 103.4932, GNorm = 0.3276, lr_0 = 3.5918e-04
Loss = 2.8188e-02, PNorm = 103.5036, GNorm = 0.2312, lr_0 = 3.5881e-04
Loss = 6.2680e-02, PNorm = 103.5126, GNorm = 0.2777, lr_0 = 3.5844e-04
Loss = 5.0669e-02, PNorm = 103.5206, GNorm = 0.2702, lr_0 = 3.5807e-04
Loss = 8.7979e-02, PNorm = 103.5225, GNorm = 0.6436, lr_0 = 3.5771e-04
Loss = 5.8741e-02, PNorm = 103.5316, GNorm = 0.6948, lr_0 = 3.5734e-04
Loss = 6.6866e-02, PNorm = 103.5370, GNorm = 0.4947, lr_0 = 3.5697e-04
Loss = 3.9943e-02, PNorm = 103.5500, GNorm = 0.3114, lr_0 = 3.5661e-04
Loss = 3.8505e-02, PNorm = 103.5612, GNorm = 0.6823, lr_0 = 3.5624e-04
Loss = 7.7683e-02, PNorm = 103.5641, GNorm = 0.2731, lr_0 = 3.5587e-04
Loss = 3.5385e-02, PNorm = 103.5714, GNorm = 0.2872, lr_0 = 3.5551e-04
Loss = 7.6392e-02, PNorm = 103.5727, GNorm = 0.3237, lr_0 = 3.5514e-04
Loss = 3.2432e-02, PNorm = 103.5802, GNorm = 0.2900, lr_0 = 3.5478e-04
Loss = 2.9809e-02, PNorm = 103.5895, GNorm = 0.2299, lr_0 = 3.5441e-04
Loss = 8.9269e-02, PNorm = 103.5896, GNorm = 0.3176, lr_0 = 3.5405e-04
Loss = 5.9100e-02, PNorm = 103.5960, GNorm = 1.2175, lr_0 = 3.5368e-04
Loss = 2.7078e-02, PNorm = 103.6082, GNorm = 0.6778, lr_0 = 3.5332e-04
Loss = 2.4658e-02, PNorm = 103.6198, GNorm = 0.1999, lr_0 = 3.5296e-04
Loss = 2.6243e-02, PNorm = 103.6299, GNorm = 0.1681, lr_0 = 3.5260e-04
Loss = 9.9839e-02, PNorm = 103.6345, GNorm = 2.7531, lr_0 = 3.5223e-04
Loss = 5.6194e-02, PNorm = 103.6355, GNorm = 0.4010, lr_0 = 3.5187e-04
Loss = 4.2211e-02, PNorm = 103.6439, GNorm = 0.4013, lr_0 = 3.5151e-04
Loss = 7.1463e-02, PNorm = 103.6538, GNorm = 0.6535, lr_0 = 3.5115e-04
Loss = 3.5302e-02, PNorm = 103.6643, GNorm = 0.4577, lr_0 = 3.5079e-04
Loss = 3.6475e-02, PNorm = 103.6749, GNorm = 0.1696, lr_0 = 3.5043e-04
Loss = 5.7897e-02, PNorm = 103.6761, GNorm = 0.2451, lr_0 = 3.5007e-04
Loss = 2.2992e-02, PNorm = 103.6824, GNorm = 0.2054, lr_0 = 3.4971e-04
Loss = 4.0146e-02, PNorm = 103.6921, GNorm = 0.7814, lr_0 = 3.4935e-04
Loss = 7.3874e-02, PNorm = 103.6913, GNorm = 0.3312, lr_0 = 3.4899e-04
Loss = 4.5542e-02, PNorm = 103.7001, GNorm = 0.4446, lr_0 = 3.4863e-04
Loss = 1.8827e-02, PNorm = 103.7123, GNorm = 0.2424, lr_0 = 3.4827e-04
Loss = 8.8246e-02, PNorm = 103.7169, GNorm = 0.5940, lr_0 = 3.4792e-04
Loss = 4.0080e-02, PNorm = 103.7210, GNorm = 0.5939, lr_0 = 3.4756e-04
Loss = 8.3703e-02, PNorm = 103.7293, GNorm = 0.6298, lr_0 = 3.4720e-04
Loss = 3.8088e-02, PNorm = 103.7404, GNorm = 0.5097, lr_0 = 3.4684e-04
Loss = 6.3405e-02, PNorm = 103.7515, GNorm = 0.2862, lr_0 = 3.4649e-04
Loss = 3.6050e-02, PNorm = 103.7635, GNorm = 0.2346, lr_0 = 3.4613e-04
Loss = 2.6666e-02, PNorm = 103.7748, GNorm = 0.1833, lr_0 = 3.4578e-04
Loss = 2.5570e-02, PNorm = 103.7854, GNorm = 0.1274, lr_0 = 3.4542e-04
Loss = 2.5478e-02, PNorm = 103.7944, GNorm = 0.1111, lr_0 = 3.4507e-04
Loss = 7.5738e-02, PNorm = 103.7926, GNorm = 1.1496, lr_0 = 3.4471e-04
Loss = 7.8195e-02, PNorm = 103.7856, GNorm = 1.0704, lr_0 = 3.4436e-04
Loss = 6.5052e-02, PNorm = 103.7884, GNorm = 0.4128, lr_0 = 3.4400e-04
Loss = 6.0338e-02, PNorm = 103.8033, GNorm = 0.4069, lr_0 = 3.4365e-04
Loss = 5.1046e-02, PNorm = 103.8174, GNorm = 0.7218, lr_0 = 3.4330e-04
Validation auc = 0.603142
Epoch 15
Loss = 3.6585e-02, PNorm = 103.8269, GNorm = 0.2286, lr_0 = 3.4294e-04
Loss = 4.1040e-02, PNorm = 103.8359, GNorm = 0.1944, lr_0 = 3.4259e-04
Loss = 3.7843e-02, PNorm = 103.8434, GNorm = 0.1917, lr_0 = 3.4224e-04
Loss = 6.2193e-02, PNorm = 103.8433, GNorm = 0.7313, lr_0 = 3.4189e-04
Loss = 3.1164e-02, PNorm = 103.8483, GNorm = 0.2902, lr_0 = 3.4154e-04
Loss = 5.7657e-02, PNorm = 103.8551, GNorm = 0.9818, lr_0 = 3.4119e-04
Loss = 3.7806e-02, PNorm = 103.8615, GNorm = 0.2728, lr_0 = 3.4084e-04
Loss = 1.0403e-01, PNorm = 103.8660, GNorm = 0.4400, lr_0 = 3.4049e-04
Loss = 6.6304e-02, PNorm = 103.8762, GNorm = 1.0100, lr_0 = 3.4014e-04
Loss = 5.9854e-02, PNorm = 103.8899, GNorm = 0.4058, lr_0 = 3.3979e-04
Loss = 9.6039e-02, PNorm = 103.9036, GNorm = 0.6659, lr_0 = 3.3944e-04
Loss = 3.2158e-02, PNorm = 103.9207, GNorm = 0.3080, lr_0 = 3.3909e-04
Loss = 6.3350e-02, PNorm = 103.9330, GNorm = 0.2197, lr_0 = 3.3874e-04
Loss = 1.5621e-02, PNorm = 103.9419, GNorm = 0.1990, lr_0 = 3.3839e-04
Loss = 5.8851e-02, PNorm = 103.9506, GNorm = 0.8454, lr_0 = 3.3804e-04
Loss = 2.8501e-02, PNorm = 103.9558, GNorm = 0.2434, lr_0 = 3.3770e-04
Loss = 6.2072e-02, PNorm = 103.9635, GNorm = 0.7526, lr_0 = 3.3735e-04
Loss = 4.8647e-02, PNorm = 103.9690, GNorm = 0.6337, lr_0 = 3.3700e-04
Loss = 8.4272e-02, PNorm = 103.9730, GNorm = 0.6373, lr_0 = 3.3666e-04
Loss = 8.9965e-02, PNorm = 103.9776, GNorm = 0.5628, lr_0 = 3.3631e-04
Loss = 4.9124e-02, PNorm = 103.9933, GNorm = 0.4098, lr_0 = 3.3597e-04
Loss = 3.0692e-02, PNorm = 104.0105, GNorm = 0.8067, lr_0 = 3.3562e-04
Loss = 5.0467e-02, PNorm = 104.0188, GNorm = 0.2187, lr_0 = 3.3528e-04
Loss = 4.8347e-02, PNorm = 104.0223, GNorm = 0.2983, lr_0 = 3.3493e-04
Loss = 2.7826e-02, PNorm = 104.0314, GNorm = 0.2401, lr_0 = 3.3459e-04
Loss = 6.9078e-02, PNorm = 104.0398, GNorm = 0.8441, lr_0 = 3.3424e-04
Loss = 5.2244e-02, PNorm = 104.0423, GNorm = 0.4260, lr_0 = 3.3390e-04
Loss = 5.5061e-02, PNorm = 104.0526, GNorm = 0.4304, lr_0 = 3.3356e-04
Loss = 3.6102e-02, PNorm = 104.0724, GNorm = 0.2987, lr_0 = 3.3321e-04
Loss = 1.0623e-01, PNorm = 104.0682, GNorm = 0.5493, lr_0 = 3.3287e-04
Loss = 6.3549e-02, PNorm = 104.0737, GNorm = 1.0570, lr_0 = 3.3253e-04
Loss = 3.5168e-02, PNorm = 104.0838, GNorm = 0.3315, lr_0 = 3.3219e-04
Loss = 8.4860e-02, PNorm = 104.0929, GNorm = 0.3393, lr_0 = 3.3185e-04
Loss = 7.2477e-02, PNorm = 104.0998, GNorm = 0.5748, lr_0 = 3.3151e-04
Loss = 6.6740e-02, PNorm = 104.1078, GNorm = 0.4114, lr_0 = 3.3117e-04
Loss = 5.3763e-02, PNorm = 104.1183, GNorm = 0.4385, lr_0 = 3.3082e-04
Loss = 1.6037e-02, PNorm = 104.1321, GNorm = 0.1623, lr_0 = 3.3049e-04
Loss = 5.2117e-02, PNorm = 104.1368, GNorm = 0.1452, lr_0 = 3.3015e-04
Loss = 4.1366e-02, PNorm = 104.1391, GNorm = 0.2196, lr_0 = 3.2981e-04
Loss = 1.6331e-02, PNorm = 104.1454, GNorm = 0.1817, lr_0 = 3.2947e-04
Loss = 1.9050e-02, PNorm = 104.1526, GNorm = 0.1285, lr_0 = 3.2913e-04
Loss = 5.4414e-02, PNorm = 104.1548, GNorm = 0.1310, lr_0 = 3.2879e-04
Loss = 7.2439e-02, PNorm = 104.1508, GNorm = 0.3395, lr_0 = 3.2845e-04
Loss = 3.1541e-02, PNorm = 104.1577, GNorm = 0.3154, lr_0 = 3.2812e-04
Loss = 5.5208e-02, PNorm = 104.1667, GNorm = 0.2244, lr_0 = 3.2778e-04
Loss = 1.9747e-02, PNorm = 104.1748, GNorm = 0.8952, lr_0 = 3.2744e-04
Loss = 4.9272e-02, PNorm = 104.1778, GNorm = 0.2138, lr_0 = 3.2711e-04
Loss = 4.9418e-02, PNorm = 104.1838, GNorm = 0.2546, lr_0 = 3.2677e-04
Loss = 1.8394e-02, PNorm = 104.1939, GNorm = 0.1858, lr_0 = 3.2643e-04
Loss = 3.5401e-02, PNorm = 104.2036, GNorm = 0.1913, lr_0 = 3.2610e-04
Loss = 3.6263e-02, PNorm = 104.2146, GNorm = 0.1596, lr_0 = 3.2576e-04
Loss = 6.7844e-02, PNorm = 104.2184, GNorm = 0.6786, lr_0 = 3.2543e-04
Loss = 4.1230e-02, PNorm = 104.2251, GNorm = 0.7596, lr_0 = 3.2509e-04
Loss = 7.5447e-02, PNorm = 104.2311, GNorm = 0.6266, lr_0 = 3.2476e-04
Loss = 5.6699e-02, PNorm = 104.2407, GNorm = 0.5320, lr_0 = 3.2443e-04
Loss = 4.2727e-02, PNorm = 104.2551, GNorm = 0.3723, lr_0 = 3.2409e-04
Loss = 8.0560e-02, PNorm = 104.2596, GNorm = 0.9775, lr_0 = 3.2376e-04
Loss = 4.1367e-02, PNorm = 104.2664, GNorm = 0.3685, lr_0 = 3.2343e-04
Loss = 5.9669e-02, PNorm = 104.2797, GNorm = 1.4068, lr_0 = 3.2310e-04
Loss = 7.4547e-02, PNorm = 104.2863, GNorm = 0.5643, lr_0 = 3.2276e-04
Loss = 6.6998e-02, PNorm = 104.2902, GNorm = 0.4573, lr_0 = 3.2243e-04
Loss = 3.1923e-02, PNorm = 104.3014, GNorm = 0.4189, lr_0 = 3.2210e-04
Loss = 9.2978e-02, PNorm = 104.3081, GNorm = 0.6055, lr_0 = 3.2177e-04
Loss = 2.9838e-02, PNorm = 104.3186, GNorm = 0.3492, lr_0 = 3.2144e-04
Loss = 5.8773e-02, PNorm = 104.3340, GNorm = 0.2125, lr_0 = 3.2111e-04
Loss = 8.8391e-02, PNorm = 104.3383, GNorm = 0.7204, lr_0 = 3.2078e-04
Loss = 1.2924e-02, PNorm = 104.3489, GNorm = 0.3600, lr_0 = 3.2045e-04
Loss = 1.0516e-01, PNorm = 104.3569, GNorm = 1.2530, lr_0 = 3.2012e-04
Loss = 3.6545e-02, PNorm = 104.3658, GNorm = 0.5666, lr_0 = 3.1979e-04
Loss = 3.9106e-02, PNorm = 104.3816, GNorm = 0.2493, lr_0 = 3.1946e-04
Loss = 8.2380e-02, PNorm = 104.3945, GNorm = 1.6434, lr_0 = 3.1913e-04
Loss = 4.9545e-02, PNorm = 104.4002, GNorm = 0.3624, lr_0 = 3.1881e-04
Loss = 2.6175e-02, PNorm = 104.4130, GNorm = 0.3315, lr_0 = 3.1848e-04
Loss = 5.5901e-02, PNorm = 104.4266, GNorm = 0.7731, lr_0 = 3.1815e-04
Loss = 3.3708e-02, PNorm = 104.4361, GNorm = 0.7594, lr_0 = 3.1782e-04
Loss = 6.1410e-02, PNorm = 104.4386, GNorm = 0.2823, lr_0 = 3.1750e-04
Loss = 1.7760e-02, PNorm = 104.4493, GNorm = 0.2920, lr_0 = 3.1717e-04
Loss = 8.7377e-02, PNorm = 104.4562, GNorm = 0.2591, lr_0 = 3.1685e-04
Loss = 5.0759e-02, PNorm = 104.4652, GNorm = 0.5866, lr_0 = 3.1652e-04
Loss = 3.4265e-02, PNorm = 104.4739, GNorm = 0.3082, lr_0 = 3.1620e-04
Validation auc = 0.624568
Epoch 16
Loss = 6.4067e-02, PNorm = 104.4835, GNorm = 0.2203, lr_0 = 3.1587e-04
Loss = 5.0217e-02, PNorm = 104.4921, GNorm = 0.3589, lr_0 = 3.1555e-04
Loss = 7.1487e-02, PNorm = 104.5034, GNorm = 1.3144, lr_0 = 3.1522e-04
Loss = 2.8721e-02, PNorm = 104.5170, GNorm = 0.2778, lr_0 = 3.1490e-04
Loss = 3.8599e-02, PNorm = 104.5300, GNorm = 0.2480, lr_0 = 3.1457e-04
Loss = 3.9699e-02, PNorm = 104.5391, GNorm = 0.2250, lr_0 = 3.1425e-04
Loss = 4.4767e-02, PNorm = 104.5473, GNorm = 0.1554, lr_0 = 3.1393e-04
Loss = 6.2752e-02, PNorm = 104.5488, GNorm = 0.2273, lr_0 = 3.1361e-04
Loss = 5.3702e-02, PNorm = 104.5524, GNorm = 0.5991, lr_0 = 3.1328e-04
Loss = 3.5663e-02, PNorm = 104.5607, GNorm = 0.3292, lr_0 = 3.1296e-04
Loss = 4.4710e-02, PNorm = 104.5720, GNorm = 0.2215, lr_0 = 3.1264e-04
Loss = 3.7087e-02, PNorm = 104.5815, GNorm = 0.2511, lr_0 = 3.1232e-04
Loss = 5.5732e-03, PNorm = 104.5958, GNorm = 0.1323, lr_0 = 3.1200e-04
Loss = 5.1475e-02, PNorm = 104.6007, GNorm = 0.1130, lr_0 = 3.1168e-04
Loss = 4.5977e-02, PNorm = 104.6034, GNorm = 0.1143, lr_0 = 3.1136e-04
Loss = 4.3602e-02, PNorm = 104.6049, GNorm = 0.2078, lr_0 = 3.1104e-04
Loss = 2.6550e-02, PNorm = 104.6091, GNorm = 0.2132, lr_0 = 3.1072e-04
Loss = 5.0377e-02, PNorm = 104.6199, GNorm = 0.4088, lr_0 = 3.1040e-04
Loss = 5.9499e-02, PNorm = 104.6309, GNorm = 0.7314, lr_0 = 3.1008e-04
Loss = 5.5304e-02, PNorm = 104.6405, GNorm = 0.3145, lr_0 = 3.0976e-04
Loss = 3.9925e-02, PNorm = 104.6524, GNorm = 0.2813, lr_0 = 3.0944e-04
Loss = 6.8810e-02, PNorm = 104.6599, GNorm = 0.3832, lr_0 = 3.0912e-04
Loss = 2.8196e-02, PNorm = 104.6714, GNorm = 0.4931, lr_0 = 3.0881e-04
Loss = 6.7692e-02, PNorm = 104.6813, GNorm = 0.7325, lr_0 = 3.0849e-04
Loss = 5.6955e-02, PNorm = 104.6888, GNorm = 0.4141, lr_0 = 3.0817e-04
Loss = 6.4608e-02, PNorm = 104.6974, GNorm = 0.3977, lr_0 = 3.0786e-04
Loss = 3.4338e-02, PNorm = 104.7078, GNorm = 0.4851, lr_0 = 3.0754e-04
Loss = 7.0954e-02, PNorm = 104.7123, GNorm = 1.6344, lr_0 = 3.0722e-04
Loss = 2.8761e-02, PNorm = 104.7180, GNorm = 0.2460, lr_0 = 3.0691e-04
Loss = 3.9079e-02, PNorm = 104.7279, GNorm = 0.8736, lr_0 = 3.0659e-04
Loss = 2.3817e-02, PNorm = 104.7362, GNorm = 0.1880, lr_0 = 3.0628e-04
Loss = 3.6935e-02, PNorm = 104.7443, GNorm = 0.1460, lr_0 = 3.0596e-04
Loss = 4.1259e-02, PNorm = 104.7453, GNorm = 0.2257, lr_0 = 3.0565e-04
Loss = 4.6120e-02, PNorm = 104.7525, GNorm = 0.9329, lr_0 = 3.0534e-04
Loss = 6.3937e-02, PNorm = 104.7543, GNorm = 0.2679, lr_0 = 3.0502e-04
Loss = 4.5295e-02, PNorm = 104.7590, GNorm = 0.5527, lr_0 = 3.0471e-04
Loss = 5.9401e-02, PNorm = 104.7646, GNorm = 0.8349, lr_0 = 3.0439e-04
Loss = 6.3079e-02, PNorm = 104.7729, GNorm = 0.5692, lr_0 = 3.0408e-04
Loss = 4.8853e-02, PNorm = 104.7832, GNorm = 0.4466, lr_0 = 3.0377e-04
Loss = 4.0380e-02, PNorm = 104.7985, GNorm = 0.6045, lr_0 = 3.0346e-04
Loss = 2.6085e-02, PNorm = 104.8105, GNorm = 0.1833, lr_0 = 3.0315e-04
Loss = 5.0681e-02, PNorm = 104.8181, GNorm = 0.1465, lr_0 = 3.0283e-04
Loss = 1.6928e-02, PNorm = 104.8283, GNorm = 0.1679, lr_0 = 3.0252e-04
Loss = 5.7618e-02, PNorm = 104.8360, GNorm = 2.5350, lr_0 = 3.0221e-04
Loss = 4.6058e-03, PNorm = 104.8398, GNorm = 0.1442, lr_0 = 3.0190e-04
Loss = 6.1089e-02, PNorm = 104.8428, GNorm = 0.2147, lr_0 = 3.0159e-04
Loss = 3.8258e-02, PNorm = 104.8514, GNorm = 0.4489, lr_0 = 3.0128e-04
Loss = 4.2032e-02, PNorm = 104.8621, GNorm = 0.8953, lr_0 = 3.0097e-04
Loss = 4.2147e-02, PNorm = 104.8723, GNorm = 0.7657, lr_0 = 3.0066e-04
Loss = 5.6086e-02, PNorm = 104.8798, GNorm = 0.2401, lr_0 = 3.0035e-04
Loss = 1.0850e-01, PNorm = 104.8869, GNorm = 1.2543, lr_0 = 3.0005e-04
Loss = 6.4355e-02, PNorm = 104.8979, GNorm = 0.7389, lr_0 = 2.9974e-04
Loss = 5.0734e-02, PNorm = 104.9228, GNorm = 0.8269, lr_0 = 2.9943e-04
Loss = 4.5540e-02, PNorm = 104.9425, GNorm = 0.2167, lr_0 = 2.9912e-04
Loss = 3.5675e-02, PNorm = 104.9601, GNorm = 0.1925, lr_0 = 2.9881e-04
Loss = 5.1114e-02, PNorm = 104.9694, GNorm = 0.2168, lr_0 = 2.9851e-04
Loss = 4.7370e-02, PNorm = 104.9726, GNorm = 0.2702, lr_0 = 2.9820e-04
Loss = 6.4924e-02, PNorm = 104.9801, GNorm = 0.9044, lr_0 = 2.9789e-04
Loss = 7.4099e-02, PNorm = 104.9937, GNorm = 0.4296, lr_0 = 2.9759e-04
Loss = 6.2233e-02, PNorm = 105.0145, GNorm = 0.3897, lr_0 = 2.9728e-04
Loss = 3.9631e-02, PNorm = 105.0411, GNorm = 0.3011, lr_0 = 2.9698e-04
Loss = 1.9091e-01, PNorm = 105.0431, GNorm = 0.3668, lr_0 = 2.9667e-04
Loss = 6.3577e-02, PNorm = 105.0526, GNorm = 0.6024, lr_0 = 2.9637e-04
Loss = 1.0412e-01, PNorm = 105.0793, GNorm = 0.5962, lr_0 = 2.9606e-04
Loss = 6.0159e-02, PNorm = 105.1016, GNorm = 0.3584, lr_0 = 2.9576e-04
Loss = 5.8824e-02, PNorm = 105.1153, GNorm = 0.8430, lr_0 = 2.9545e-04
Loss = 3.2749e-02, PNorm = 105.1299, GNorm = 0.2920, lr_0 = 2.9515e-04
Loss = 4.0722e-02, PNorm = 105.1419, GNorm = 0.6761, lr_0 = 2.9485e-04
Loss = 8.9595e-02, PNorm = 105.1415, GNorm = 0.6827, lr_0 = 2.9455e-04
Loss = 6.9005e-02, PNorm = 105.1451, GNorm = 0.4408, lr_0 = 2.9424e-04
Loss = 3.1480e-02, PNorm = 105.1631, GNorm = 0.8698, lr_0 = 2.9394e-04
Loss = 2.9059e-02, PNorm = 105.1803, GNorm = 0.1987, lr_0 = 2.9364e-04
Loss = 7.2444e-02, PNorm = 105.1863, GNorm = 0.2380, lr_0 = 2.9334e-04
Loss = 4.6337e-02, PNorm = 105.1925, GNorm = 0.6995, lr_0 = 2.9304e-04
Loss = 3.5735e-02, PNorm = 105.1995, GNorm = 0.2856, lr_0 = 2.9273e-04
Loss = 7.5011e-02, PNorm = 105.2036, GNorm = 0.5065, lr_0 = 2.9243e-04
Loss = 1.1282e-01, PNorm = 105.2025, GNorm = 0.5773, lr_0 = 2.9213e-04
Loss = 4.7545e-02, PNorm = 105.2107, GNorm = 0.5205, lr_0 = 2.9183e-04
Loss = 5.4396e-02, PNorm = 105.2279, GNorm = 1.1163, lr_0 = 2.9153e-04
Loss = 7.1918e-02, PNorm = 105.2358, GNorm = 0.5684, lr_0 = 2.9123e-04
Validation auc = 0.630455
Epoch 17
Loss = 6.8352e-02, PNorm = 105.2389, GNorm = 0.3495, lr_0 = 2.9093e-04
Loss = 7.3332e-02, PNorm = 105.2448, GNorm = 0.6915, lr_0 = 2.9064e-04
Loss = 5.6764e-02, PNorm = 105.2518, GNorm = 0.5439, lr_0 = 2.9034e-04
Loss = 2.9307e-02, PNorm = 105.2613, GNorm = 0.3245, lr_0 = 2.9004e-04
Loss = 1.6793e-02, PNorm = 105.2733, GNorm = 0.1622, lr_0 = 2.8974e-04
Loss = 7.2256e-02, PNorm = 105.2815, GNorm = 0.6417, lr_0 = 2.8944e-04
Loss = 2.3327e-02, PNorm = 105.2888, GNorm = 0.1862, lr_0 = 2.8915e-04
Loss = 4.7086e-02, PNorm = 105.2933, GNorm = 0.5093, lr_0 = 2.8885e-04
Loss = 3.8936e-02, PNorm = 105.2965, GNorm = 0.2262, lr_0 = 2.8855e-04
Loss = 4.5371e-02, PNorm = 105.3043, GNorm = 0.3218, lr_0 = 2.8825e-04
Loss = 5.2749e-02, PNorm = 105.3152, GNorm = 0.5814, lr_0 = 2.8796e-04
Loss = 4.3877e-02, PNorm = 105.3239, GNorm = 0.4669, lr_0 = 2.8766e-04
Loss = 6.9146e-02, PNorm = 105.3319, GNorm = 1.2340, lr_0 = 2.8737e-04
Loss = 5.5300e-02, PNorm = 105.3391, GNorm = 0.3131, lr_0 = 2.8707e-04
Loss = 4.1851e-02, PNorm = 105.3502, GNorm = 0.3140, lr_0 = 2.8678e-04
Loss = 6.8990e-02, PNorm = 105.3573, GNorm = 0.3139, lr_0 = 2.8648e-04
Loss = 5.2386e-02, PNorm = 105.3657, GNorm = 0.3361, lr_0 = 2.8619e-04
Loss = 1.8575e-02, PNorm = 105.3770, GNorm = 0.2641, lr_0 = 2.8589e-04
Loss = 9.1493e-02, PNorm = 105.3829, GNorm = 0.5137, lr_0 = 2.8560e-04
Loss = 7.6048e-02, PNorm = 105.3840, GNorm = 0.5149, lr_0 = 2.8531e-04
Loss = 4.4265e-02, PNorm = 105.3945, GNorm = 0.3463, lr_0 = 2.8501e-04
Loss = 3.0596e-02, PNorm = 105.4080, GNorm = 0.2837, lr_0 = 2.8472e-04
Loss = 6.7553e-02, PNorm = 105.4192, GNorm = 0.2403, lr_0 = 2.8443e-04
Loss = 4.9768e-02, PNorm = 105.4251, GNorm = 0.2606, lr_0 = 2.8414e-04
Loss = 3.7417e-02, PNorm = 105.4314, GNorm = 0.5364, lr_0 = 2.8384e-04
Loss = 3.4419e-02, PNorm = 105.4402, GNorm = 0.2100, lr_0 = 2.8355e-04
Loss = 6.7089e-02, PNorm = 105.4466, GNorm = 0.6629, lr_0 = 2.8326e-04
Loss = 8.5382e-02, PNorm = 105.4446, GNorm = 0.4042, lr_0 = 2.8297e-04
Loss = 7.9770e-02, PNorm = 105.4487, GNorm = 0.5253, lr_0 = 2.8268e-04
Loss = 5.6588e-02, PNorm = 105.4640, GNorm = 1.0035, lr_0 = 2.8239e-04
Loss = 1.2108e-01, PNorm = 105.4722, GNorm = 0.4268, lr_0 = 2.8210e-04
Loss = 6.2741e-02, PNorm = 105.4821, GNorm = 0.5964, lr_0 = 2.8181e-04
Loss = 4.9214e-02, PNorm = 105.4982, GNorm = 0.3668, lr_0 = 2.8152e-04
Loss = 8.6116e-02, PNorm = 105.5088, GNorm = 0.3200, lr_0 = 2.8123e-04
Loss = 7.8897e-02, PNorm = 105.5172, GNorm = 0.2949, lr_0 = 2.8094e-04
Loss = 5.1714e-02, PNorm = 105.5315, GNorm = 0.3555, lr_0 = 2.8065e-04
Loss = 3.6225e-02, PNorm = 105.5509, GNorm = 0.5487, lr_0 = 2.8036e-04
Loss = 1.1358e-01, PNorm = 105.5497, GNorm = 1.2307, lr_0 = 2.8008e-04
Loss = 1.3764e-02, PNorm = 105.5583, GNorm = 0.3581, lr_0 = 2.7979e-04
Loss = 2.7996e-02, PNorm = 105.5735, GNorm = 0.1981, lr_0 = 2.7950e-04
Loss = 8.7522e-02, PNorm = 105.5789, GNorm = 0.2272, lr_0 = 2.7921e-04
Loss = 3.4938e-02, PNorm = 105.5845, GNorm = 0.2607, lr_0 = 2.7893e-04
Loss = 6.8572e-02, PNorm = 105.5898, GNorm = 0.3204, lr_0 = 2.7864e-04
Loss = 4.0790e-02, PNorm = 105.5993, GNorm = 0.4174, lr_0 = 2.7835e-04
Loss = 6.6451e-02, PNorm = 105.6064, GNorm = 0.2390, lr_0 = 2.7807e-04
Loss = 6.5737e-02, PNorm = 105.6101, GNorm = 0.3507, lr_0 = 2.7778e-04
Loss = 4.6136e-02, PNorm = 105.6197, GNorm = 0.3382, lr_0 = 2.7750e-04
Loss = 1.5561e-02, PNorm = 105.6340, GNorm = 0.2172, lr_0 = 2.7721e-04
Loss = 3.8968e-02, PNorm = 105.6473, GNorm = 0.1323, lr_0 = 2.7693e-04
Loss = 2.3040e-02, PNorm = 105.6567, GNorm = 0.1226, lr_0 = 2.7664e-04
Loss = 4.8873e-02, PNorm = 105.6586, GNorm = 0.1259, lr_0 = 2.7636e-04
Loss = 6.6008e-02, PNorm = 105.6572, GNorm = 0.6776, lr_0 = 2.7607e-04
Loss = 4.1577e-02, PNorm = 105.6607, GNorm = 0.3028, lr_0 = 2.7579e-04
Loss = 7.9570e-02, PNorm = 105.6677, GNorm = 0.2755, lr_0 = 2.7551e-04
Loss = 2.6090e-02, PNorm = 105.6765, GNorm = 0.2788, lr_0 = 2.7522e-04
Loss = 3.5613e-02, PNorm = 105.6888, GNorm = 0.1854, lr_0 = 2.7494e-04
Loss = 2.9058e-02, PNorm = 105.6966, GNorm = 0.1727, lr_0 = 2.7466e-04
Loss = 3.5051e-02, PNorm = 105.7019, GNorm = 0.1695, lr_0 = 2.7438e-04
Loss = 6.6962e-02, PNorm = 105.7013, GNorm = 0.2395, lr_0 = 2.7410e-04
Loss = 3.5383e-02, PNorm = 105.7058, GNorm = 0.2266, lr_0 = 2.7381e-04
Loss = 6.7924e-02, PNorm = 105.7111, GNorm = 0.2285, lr_0 = 2.7353e-04
Loss = 5.4487e-02, PNorm = 105.7150, GNorm = 0.3460, lr_0 = 2.7325e-04
Loss = 4.6397e-02, PNorm = 105.7246, GNorm = 0.2989, lr_0 = 2.7297e-04
Loss = 4.2084e-02, PNorm = 105.7339, GNorm = 0.2591, lr_0 = 2.7269e-04
Loss = 3.4826e-02, PNorm = 105.7435, GNorm = 0.4554, lr_0 = 2.7241e-04
Loss = 2.4013e-02, PNorm = 105.7527, GNorm = 0.1505, lr_0 = 2.7213e-04
Loss = 2.8085e-02, PNorm = 105.7593, GNorm = 0.1338, lr_0 = 2.7185e-04
Loss = 8.6005e-02, PNorm = 105.7539, GNorm = 0.2398, lr_0 = 2.7157e-04
Loss = 6.7797e-02, PNorm = 105.7573, GNorm = 0.6375, lr_0 = 2.7129e-04
Loss = 2.9288e-02, PNorm = 105.7666, GNorm = 0.3400, lr_0 = 2.7101e-04
Loss = 1.9577e-02, PNorm = 105.7791, GNorm = 0.1846, lr_0 = 2.7074e-04
Loss = 1.5996e-02, PNorm = 105.7887, GNorm = 0.1369, lr_0 = 2.7046e-04
Loss = 3.9673e-02, PNorm = 105.7930, GNorm = 0.1309, lr_0 = 2.7018e-04
Loss = 7.1530e-02, PNorm = 105.7907, GNorm = 0.2024, lr_0 = 2.6990e-04
Loss = 6.1659e-02, PNorm = 105.7917, GNorm = 0.2513, lr_0 = 2.6962e-04
Loss = 1.7317e-02, PNorm = 105.7998, GNorm = 0.5873, lr_0 = 2.6935e-04
Loss = 8.5407e-02, PNorm = 105.8040, GNorm = 0.2502, lr_0 = 2.6907e-04
Loss = 5.3573e-02, PNorm = 105.8114, GNorm = 0.7610, lr_0 = 2.6879e-04
Loss = 4.6792e-02, PNorm = 105.8209, GNorm = 0.3048, lr_0 = 2.6852e-04
Loss = 2.6795e-02, PNorm = 105.8313, GNorm = 0.2198, lr_0 = 2.6824e-04
Validation auc = 0.630067
Epoch 18
Loss = 6.3964e-02, PNorm = 105.8383, GNorm = 0.5016, lr_0 = 2.6797e-04
Loss = 3.5891e-02, PNorm = 105.8430, GNorm = 0.2134, lr_0 = 2.6769e-04
Loss = 4.6929e-02, PNorm = 105.8486, GNorm = 0.2340, lr_0 = 2.6742e-04
Loss = 1.7994e-02, PNorm = 105.8566, GNorm = 0.1638, lr_0 = 2.6714e-04
Loss = 8.1429e-02, PNorm = 105.8607, GNorm = 0.2475, lr_0 = 2.6687e-04
Loss = 6.0566e-02, PNorm = 105.8640, GNorm = 0.7709, lr_0 = 2.6659e-04
Loss = 4.1741e-02, PNorm = 105.8727, GNorm = 0.2650, lr_0 = 2.6632e-04
Loss = 6.8925e-02, PNorm = 105.8785, GNorm = 0.2959, lr_0 = 2.6605e-04
Loss = 7.8241e-02, PNorm = 105.8869, GNorm = 0.4236, lr_0 = 2.6577e-04
Loss = 3.5588e-02, PNorm = 105.9006, GNorm = 0.3934, lr_0 = 2.6550e-04
Loss = 3.2431e-02, PNorm = 105.9190, GNorm = 0.2219, lr_0 = 2.6523e-04
Loss = 5.7622e-02, PNorm = 105.9283, GNorm = 0.2050, lr_0 = 2.6495e-04
Loss = 5.2664e-02, PNorm = 105.9325, GNorm = 0.1862, lr_0 = 2.6468e-04
Loss = 7.0915e-03, PNorm = 105.9410, GNorm = 0.1997, lr_0 = 2.6441e-04
Loss = 4.0136e-02, PNorm = 105.9472, GNorm = 0.1704, lr_0 = 2.6414e-04
Loss = 2.8480e-02, PNorm = 105.9534, GNorm = 0.1428, lr_0 = 2.6387e-04
Loss = 7.0575e-02, PNorm = 105.9543, GNorm = 0.1810, lr_0 = 2.6360e-04
Loss = 4.7006e-02, PNorm = 105.9568, GNorm = 1.0969, lr_0 = 2.6332e-04
Loss = 4.8811e-02, PNorm = 105.9627, GNorm = 0.6713, lr_0 = 2.6305e-04
Loss = 1.6285e-02, PNorm = 105.9745, GNorm = 0.3008, lr_0 = 2.6278e-04
Loss = 5.4427e-02, PNorm = 105.9848, GNorm = 0.2253, lr_0 = 2.6251e-04
Loss = 7.2567e-02, PNorm = 105.9931, GNorm = 0.2156, lr_0 = 2.6224e-04
Loss = 4.1335e-02, PNorm = 106.0003, GNorm = 0.3171, lr_0 = 2.6197e-04
Loss = 3.9036e-02, PNorm = 106.0139, GNorm = 0.2446, lr_0 = 2.6171e-04
Loss = 3.2175e-02, PNorm = 106.0271, GNorm = 0.2379, lr_0 = 2.6144e-04
Loss = 7.5080e-02, PNorm = 106.0348, GNorm = 0.2717, lr_0 = 2.6117e-04
Loss = 5.0405e-02, PNorm = 106.0473, GNorm = 0.7142, lr_0 = 2.6090e-04
Loss = 3.8332e-02, PNorm = 106.0621, GNorm = 0.2752, lr_0 = 2.6063e-04
Loss = 8.6532e-02, PNorm = 106.0666, GNorm = 2.2962, lr_0 = 2.6036e-04
Loss = 1.3257e-01, PNorm = 106.0756, GNorm = 0.4309, lr_0 = 2.6010e-04
Loss = 6.5844e-02, PNorm = 106.1017, GNorm = 0.5682, lr_0 = 2.5983e-04
Loss = 4.9694e-02, PNorm = 106.1234, GNorm = 0.3142, lr_0 = 2.5956e-04
Loss = 5.3705e-02, PNorm = 106.1376, GNorm = 0.4498, lr_0 = 2.5930e-04
Loss = 3.8918e-02, PNorm = 106.1473, GNorm = 0.2720, lr_0 = 2.5903e-04
Loss = 4.7121e-02, PNorm = 106.1559, GNorm = 0.6507, lr_0 = 2.5876e-04
Loss = 3.5408e-02, PNorm = 106.1631, GNorm = 0.2291, lr_0 = 2.5850e-04
Loss = 4.9020e-02, PNorm = 106.1721, GNorm = 0.9933, lr_0 = 2.5823e-04
Loss = 7.5561e-02, PNorm = 106.1740, GNorm = 0.2819, lr_0 = 2.5797e-04
Loss = 6.9685e-02, PNorm = 106.1797, GNorm = 2.3279, lr_0 = 2.5770e-04
Loss = 4.1563e-02, PNorm = 106.2031, GNorm = 0.4005, lr_0 = 2.5744e-04
Loss = 8.3259e-02, PNorm = 106.2200, GNorm = 1.6276, lr_0 = 2.5717e-04
Loss = 5.0134e-02, PNorm = 106.2260, GNorm = 0.3718, lr_0 = 2.5691e-04
Loss = 5.1128e-02, PNorm = 106.2333, GNorm = 0.3046, lr_0 = 2.5664e-04
Loss = 6.2425e-02, PNorm = 106.2418, GNorm = 0.3323, lr_0 = 2.5638e-04
Loss = 3.8032e-02, PNorm = 106.2528, GNorm = 0.5715, lr_0 = 2.5612e-04
Loss = 5.8549e-02, PNorm = 106.2580, GNorm = 0.3179, lr_0 = 2.5585e-04
Loss = 7.9201e-02, PNorm = 106.2632, GNorm = 0.5339, lr_0 = 2.5559e-04
Loss = 2.6447e-02, PNorm = 106.2721, GNorm = 0.2866, lr_0 = 2.5533e-04
Loss = 4.1534e-02, PNorm = 106.2810, GNorm = 0.2368, lr_0 = 2.5507e-04
Loss = 2.2878e-02, PNorm = 106.2893, GNorm = 0.1506, lr_0 = 2.5480e-04
Loss = 6.8195e-02, PNorm = 106.2917, GNorm = 0.1726, lr_0 = 2.5454e-04
Loss = 8.9074e-02, PNorm = 106.2902, GNorm = 1.1700, lr_0 = 2.5428e-04
Loss = 3.4520e-02, PNorm = 106.2971, GNorm = 0.3958, lr_0 = 2.5402e-04
Loss = 4.6577e-02, PNorm = 106.3088, GNorm = 0.3027, lr_0 = 2.5376e-04
Loss = 1.9129e-02, PNorm = 106.3200, GNorm = 0.2197, lr_0 = 2.5350e-04
Loss = 6.1614e-02, PNorm = 106.3284, GNorm = 0.7770, lr_0 = 2.5324e-04
Loss = 1.8609e-02, PNorm = 106.3330, GNorm = 0.1981, lr_0 = 2.5298e-04
Loss = 5.2530e-02, PNorm = 106.3353, GNorm = 0.1794, lr_0 = 2.5272e-04
Loss = 3.6141e-02, PNorm = 106.3388, GNorm = 0.1957, lr_0 = 2.5246e-04
Loss = 9.1447e-02, PNorm = 106.3432, GNorm = 1.1341, lr_0 = 2.5220e-04
Loss = 6.6029e-02, PNorm = 106.3421, GNorm = 0.3929, lr_0 = 2.5194e-04
Loss = 6.7066e-02, PNorm = 106.3479, GNorm = 0.5348, lr_0 = 2.5168e-04
Loss = 5.3587e-02, PNorm = 106.3571, GNorm = 0.4335, lr_0 = 2.5142e-04
Loss = 5.6901e-02, PNorm = 106.3697, GNorm = 0.3047, lr_0 = 2.5116e-04
Loss = 3.7016e-02, PNorm = 106.3793, GNorm = 0.2859, lr_0 = 2.5090e-04
Loss = 4.0267e-02, PNorm = 106.3900, GNorm = 0.2131, lr_0 = 2.5065e-04
Loss = 7.9819e-02, PNorm = 106.3953, GNorm = 0.4159, lr_0 = 2.5039e-04
Loss = 7.1602e-02, PNorm = 106.3964, GNorm = 1.9632, lr_0 = 2.5013e-04
Loss = 6.7452e-02, PNorm = 106.3972, GNorm = 0.4313, lr_0 = 2.4988e-04
Loss = 4.3305e-02, PNorm = 106.4070, GNorm = 0.3442, lr_0 = 2.4962e-04
Loss = 1.1292e-01, PNorm = 106.4090, GNorm = 0.8534, lr_0 = 2.4936e-04
Loss = 2.1096e-02, PNorm = 106.4157, GNorm = 0.3133, lr_0 = 2.4911e-04
Loss = 8.9757e-03, PNorm = 106.4294, GNorm = 0.1717, lr_0 = 2.4885e-04
Loss = 5.1496e-02, PNorm = 106.4366, GNorm = 0.1560, lr_0 = 2.4859e-04
Loss = 7.1903e-02, PNorm = 106.4360, GNorm = 0.2081, lr_0 = 2.4834e-04
Loss = 6.9035e-02, PNorm = 106.4372, GNorm = 0.5165, lr_0 = 2.4808e-04
Loss = 3.7801e-02, PNorm = 106.4433, GNorm = 0.6728, lr_0 = 2.4783e-04
Loss = 2.7338e-02, PNorm = 106.4538, GNorm = 0.2205, lr_0 = 2.4757e-04
Loss = 5.2322e-02, PNorm = 106.4610, GNorm = 0.9015, lr_0 = 2.4732e-04
Loss = 4.9933e-02, PNorm = 106.4641, GNorm = 0.2502, lr_0 = 2.4707e-04
Validation auc = 0.646301
Epoch 19
Loss = 2.5697e-02, PNorm = 106.4712, GNorm = 0.2233, lr_0 = 2.4681e-04
Loss = 6.8748e-02, PNorm = 106.4784, GNorm = 1.5931, lr_0 = 2.4656e-04
Loss = 6.3457e-02, PNorm = 106.4810, GNorm = 0.3102, lr_0 = 2.4630e-04
Loss = 4.8971e-02, PNorm = 106.4886, GNorm = 0.4628, lr_0 = 2.4605e-04
Loss = 5.2664e-02, PNorm = 106.4996, GNorm = 0.5570, lr_0 = 2.4580e-04
Loss = 1.9873e-02, PNorm = 106.5106, GNorm = 0.2090, lr_0 = 2.4555e-04
Loss = 1.8820e-02, PNorm = 106.5236, GNorm = 0.1061, lr_0 = 2.4529e-04
Loss = 3.6438e-02, PNorm = 106.5316, GNorm = 0.6327, lr_0 = 2.4504e-04
Loss = 7.3515e-02, PNorm = 106.5314, GNorm = 0.6709, lr_0 = 2.4479e-04
Loss = 3.2487e-02, PNorm = 106.5260, GNorm = 0.3853, lr_0 = 2.4454e-04
Loss = 3.8095e-02, PNorm = 106.5302, GNorm = 0.8281, lr_0 = 2.4429e-04
Loss = 4.8888e-02, PNorm = 106.5356, GNorm = 0.2735, lr_0 = 2.4404e-04
Loss = 8.0539e-02, PNorm = 106.5391, GNorm = 0.2767, lr_0 = 2.4379e-04
Loss = 3.2432e-02, PNorm = 106.5443, GNorm = 0.3508, lr_0 = 2.4354e-04
Loss = 4.8870e-02, PNorm = 106.5521, GNorm = 0.7082, lr_0 = 2.4329e-04
Loss = 3.9812e-02, PNorm = 106.5586, GNorm = 0.2345, lr_0 = 2.4304e-04
Loss = 6.6237e-02, PNorm = 106.5615, GNorm = 0.2930, lr_0 = 2.4279e-04
Loss = 1.9398e-02, PNorm = 106.5711, GNorm = 0.2365, lr_0 = 2.4254e-04
Loss = 8.9672e-02, PNorm = 106.5736, GNorm = 0.2246, lr_0 = 2.4229e-04
Loss = 4.8587e-02, PNorm = 106.5730, GNorm = 0.2609, lr_0 = 2.4204e-04
Loss = 2.4854e-02, PNorm = 106.5779, GNorm = 0.4207, lr_0 = 2.4179e-04
Loss = 5.4975e-02, PNorm = 106.5830, GNorm = 1.1355, lr_0 = 2.4154e-04
Loss = 4.9461e-02, PNorm = 106.5846, GNorm = 1.3465, lr_0 = 2.4129e-04
Loss = 1.0225e-01, PNorm = 106.5843, GNorm = 0.7036, lr_0 = 2.4105e-04
Loss = 7.1301e-02, PNorm = 106.5876, GNorm = 0.4884, lr_0 = 2.4080e-04
Loss = 3.5559e-02, PNorm = 106.5959, GNorm = 0.4685, lr_0 = 2.4055e-04
Loss = 5.1952e-02, PNorm = 106.6057, GNorm = 0.4973, lr_0 = 2.4030e-04
Loss = 3.6862e-02, PNorm = 106.6124, GNorm = 0.2167, lr_0 = 2.4006e-04
Loss = 3.0208e-02, PNorm = 106.6180, GNorm = 0.1765, lr_0 = 2.3981e-04
Loss = 3.7222e-02, PNorm = 106.6226, GNorm = 0.1704, lr_0 = 2.3956e-04
Loss = 8.1508e-02, PNorm = 106.6254, GNorm = 1.5318, lr_0 = 2.3932e-04
Loss = 3.7366e-02, PNorm = 106.6272, GNorm = 0.5626, lr_0 = 2.3907e-04
Loss = 8.9631e-02, PNorm = 106.6270, GNorm = 0.3465, lr_0 = 2.3883e-04
Loss = 3.5045e-02, PNorm = 106.6318, GNorm = 0.4374, lr_0 = 2.3858e-04
Loss = 5.9562e-02, PNorm = 106.6398, GNorm = 0.4214, lr_0 = 2.3833e-04
Loss = 8.5593e-02, PNorm = 106.6423, GNorm = 0.4227, lr_0 = 2.3809e-04
Loss = 5.3158e-02, PNorm = 106.6475, GNorm = 0.7280, lr_0 = 2.3785e-04
Loss = 5.9890e-02, PNorm = 106.6526, GNorm = 0.3987, lr_0 = 2.3760e-04
Loss = 4.2904e-02, PNorm = 106.6593, GNorm = 0.2878, lr_0 = 2.3736e-04
Loss = 3.9979e-02, PNorm = 106.6665, GNorm = 0.2518, lr_0 = 2.3711e-04
Loss = 8.4641e-02, PNorm = 106.6723, GNorm = 0.3919, lr_0 = 2.3687e-04
Loss = 2.7499e-02, PNorm = 106.6792, GNorm = 0.3229, lr_0 = 2.3663e-04
Loss = 5.4610e-02, PNorm = 106.6841, GNorm = 0.5868, lr_0 = 2.3638e-04
Loss = 3.4323e-02, PNorm = 106.6898, GNorm = 0.2542, lr_0 = 2.3614e-04
Loss = 6.9158e-02, PNorm = 106.6924, GNorm = 0.5562, lr_0 = 2.3590e-04
Loss = 7.2908e-02, PNorm = 106.6946, GNorm = 0.7242, lr_0 = 2.3566e-04
Loss = 3.8348e-02, PNorm = 106.7007, GNorm = 0.3365, lr_0 = 2.3541e-04
Loss = 5.6034e-02, PNorm = 106.7077, GNorm = 0.5037, lr_0 = 2.3517e-04
Loss = 8.9726e-02, PNorm = 106.7122, GNorm = 0.5694, lr_0 = 2.3493e-04
Loss = 3.2238e-02, PNorm = 106.7203, GNorm = 0.3395, lr_0 = 2.3469e-04
Loss = 7.5849e-02, PNorm = 106.7285, GNorm = 0.6977, lr_0 = 2.3445e-04
Loss = 3.6537e-02, PNorm = 106.7365, GNorm = 0.2904, lr_0 = 2.3421e-04
Loss = 8.0379e-02, PNorm = 106.7426, GNorm = 0.5985, lr_0 = 2.3397e-04
Loss = 5.5720e-02, PNorm = 106.7457, GNorm = 0.8306, lr_0 = 2.3373e-04
Loss = 4.3644e-02, PNorm = 106.7510, GNorm = 0.3244, lr_0 = 2.3348e-04
Loss = 4.0329e-02, PNorm = 106.7576, GNorm = 0.2493, lr_0 = 2.3325e-04
Loss = 2.7182e-02, PNorm = 106.7674, GNorm = 0.2012, lr_0 = 2.3301e-04
Loss = 2.9220e-02, PNorm = 106.7775, GNorm = 0.1784, lr_0 = 2.3277e-04
Loss = 7.8723e-02, PNorm = 106.7828, GNorm = 1.8403, lr_0 = 2.3253e-04
Loss = 6.7011e-02, PNorm = 106.7822, GNorm = 0.3644, lr_0 = 2.3229e-04
Loss = 4.5856e-02, PNorm = 106.7882, GNorm = 0.3512, lr_0 = 2.3205e-04
Loss = 4.5679e-02, PNorm = 106.7995, GNorm = 0.3668, lr_0 = 2.3181e-04
Loss = 2.4460e-02, PNorm = 106.8156, GNorm = 0.2194, lr_0 = 2.3157e-04
Loss = 7.8266e-02, PNorm = 106.8290, GNorm = 0.5426, lr_0 = 2.3133e-04
Loss = 5.7672e-02, PNorm = 106.8381, GNorm = 0.1907, lr_0 = 2.3110e-04
Loss = 5.6494e-02, PNorm = 106.8417, GNorm = 0.3805, lr_0 = 2.3086e-04
Loss = 8.1559e-02, PNorm = 106.8564, GNorm = 8.5786, lr_0 = 2.3062e-04
Loss = 5.9165e-02, PNorm = 106.8553, GNorm = 0.7937, lr_0 = 2.3039e-04
Loss = 4.6416e-02, PNorm = 106.8617, GNorm = 0.3804, lr_0 = 2.3015e-04
Loss = 5.0584e-02, PNorm = 106.8695, GNorm = 0.4486, lr_0 = 2.2991e-04
Loss = 4.7045e-02, PNorm = 106.8745, GNorm = 0.2457, lr_0 = 2.2968e-04
Loss = 7.9360e-02, PNorm = 106.8750, GNorm = 0.2992, lr_0 = 2.2944e-04
Loss = 7.5191e-02, PNorm = 106.8765, GNorm = 0.5731, lr_0 = 2.2920e-04
Loss = 2.2544e-02, PNorm = 106.8828, GNorm = 0.3759, lr_0 = 2.2897e-04
Loss = 8.9378e-03, PNorm = 106.8938, GNorm = 0.1996, lr_0 = 2.2873e-04
Loss = 3.0166e-02, PNorm = 106.9004, GNorm = 0.1586, lr_0 = 2.2850e-04
Loss = 8.9353e-02, PNorm = 106.9005, GNorm = 0.9004, lr_0 = 2.2826e-04
Loss = 3.7086e-02, PNorm = 106.8978, GNorm = 0.2416, lr_0 = 2.2803e-04
Loss = 4.7508e-02, PNorm = 106.8999, GNorm = 0.2528, lr_0 = 2.2780e-04
Loss = 7.8148e-02, PNorm = 106.9027, GNorm = 0.6918, lr_0 = 2.2756e-04
Validation auc = 0.655439
Epoch 20
Loss = 6.8917e-02, PNorm = 106.9078, GNorm = 1.3140, lr_0 = 2.2733e-04
Loss = 6.2827e-02, PNorm = 106.9119, GNorm = 0.4536, lr_0 = 2.2709e-04
Loss = 4.1590e-02, PNorm = 106.9207, GNorm = 0.4134, lr_0 = 2.2686e-04
Loss = 8.7081e-02, PNorm = 106.9287, GNorm = 0.3239, lr_0 = 2.2663e-04
Loss = 6.7577e-02, PNorm = 106.9369, GNorm = 1.0322, lr_0 = 2.2639e-04
Loss = 5.1550e-02, PNorm = 106.9488, GNorm = 0.3238, lr_0 = 2.2616e-04
Loss = 4.3303e-02, PNorm = 106.9626, GNorm = 0.2456, lr_0 = 2.2593e-04
Loss = 3.3118e-02, PNorm = 106.9821, GNorm = 0.7944, lr_0 = 2.2570e-04
Loss = 6.6185e-02, PNorm = 106.9842, GNorm = 0.8248, lr_0 = 2.2547e-04
Loss = 2.4865e-02, PNorm = 106.9976, GNorm = 0.4509, lr_0 = 2.2523e-04
Loss = 5.2571e-02, PNorm = 107.0062, GNorm = 0.2602, lr_0 = 2.2500e-04
Loss = 2.7874e-02, PNorm = 107.0084, GNorm = 0.8894, lr_0 = 2.2477e-04
Loss = 2.7338e-02, PNorm = 107.0140, GNorm = 0.1910, lr_0 = 2.2454e-04
Loss = 4.1624e-02, PNorm = 107.0197, GNorm = 0.1681, lr_0 = 2.2431e-04
Loss = 6.1825e-02, PNorm = 107.0170, GNorm = 1.0159, lr_0 = 2.2408e-04
Loss = 3.7216e-02, PNorm = 107.0175, GNorm = 0.2213, lr_0 = 2.2385e-04
Loss = 4.4193e-02, PNorm = 107.0219, GNorm = 0.5716, lr_0 = 2.2362e-04
Loss = 4.6039e-02, PNorm = 107.0256, GNorm = 0.2730, lr_0 = 2.2339e-04
Loss = 4.9304e-02, PNorm = 107.0277, GNorm = 0.2563, lr_0 = 2.2316e-04
Loss = 4.7391e-02, PNorm = 107.0265, GNorm = 0.2510, lr_0 = 2.2293e-04
Loss = 6.3988e-02, PNorm = 107.0251, GNorm = 0.6610, lr_0 = 2.2270e-04
Loss = 7.0755e-02, PNorm = 107.0260, GNorm = 0.5675, lr_0 = 2.2247e-04
Loss = 5.0848e-02, PNorm = 107.0294, GNorm = 0.3955, lr_0 = 2.2224e-04
Loss = 5.4271e-02, PNorm = 107.0364, GNorm = 0.2912, lr_0 = 2.2202e-04
Loss = 2.5193e-02, PNorm = 107.0448, GNorm = 0.2656, lr_0 = 2.2179e-04
Loss = 4.6790e-02, PNorm = 107.0510, GNorm = 0.1904, lr_0 = 2.2156e-04
Loss = 6.8948e-02, PNorm = 107.0533, GNorm = 0.2719, lr_0 = 2.2133e-04
Loss = 7.9115e-02, PNorm = 107.0563, GNorm = 0.4565, lr_0 = 2.2110e-04
Loss = 3.2527e-02, PNorm = 107.0640, GNorm = 0.3565, lr_0 = 2.2088e-04
Loss = 4.5500e-02, PNorm = 107.0728, GNorm = 0.3895, lr_0 = 2.2065e-04
Loss = 8.2180e-02, PNorm = 107.0756, GNorm = 0.2666, lr_0 = 2.2042e-04
Loss = 8.4210e-02, PNorm = 107.0763, GNorm = 0.4605, lr_0 = 2.2020e-04
Loss = 6.0084e-02, PNorm = 107.0792, GNorm = 0.3888, lr_0 = 2.1997e-04
Loss = 6.7568e-02, PNorm = 107.0855, GNorm = 0.8580, lr_0 = 2.1975e-04
Loss = 9.2490e-02, PNorm = 107.0892, GNorm = 0.3934, lr_0 = 2.1952e-04
Loss = 4.8297e-02, PNorm = 107.0950, GNorm = 0.5596, lr_0 = 2.1929e-04
Loss = 1.7350e-02, PNorm = 107.1027, GNorm = 0.2482, lr_0 = 2.1907e-04
Loss = 4.5436e-02, PNorm = 107.1082, GNorm = 0.2275, lr_0 = 2.1884e-04
Loss = 1.6807e-02, PNorm = 107.1148, GNorm = 0.1484, lr_0 = 2.1862e-04
Loss = 6.0860e-02, PNorm = 107.1186, GNorm = 0.1444, lr_0 = 2.1839e-04
Loss = 4.7558e-02, PNorm = 107.1190, GNorm = 0.2351, lr_0 = 2.1817e-04
Loss = 6.1297e-02, PNorm = 107.1207, GNorm = 0.2246, lr_0 = 2.1795e-04
Loss = 9.9475e-02, PNorm = 107.1205, GNorm = 0.5398, lr_0 = 2.1772e-04
Loss = 2.0946e-02, PNorm = 107.1268, GNorm = 0.3659, lr_0 = 2.1750e-04
Loss = 5.5732e-02, PNorm = 107.1347, GNorm = 0.3248, lr_0 = 2.1727e-04
Loss = 4.3985e-02, PNorm = 107.1425, GNorm = 0.6433, lr_0 = 2.1705e-04
Loss = 2.4220e-02, PNorm = 107.1493, GNorm = 0.1614, lr_0 = 2.1683e-04
Loss = 6.3634e-02, PNorm = 107.1529, GNorm = 1.1500, lr_0 = 2.1661e-04
Loss = 4.5721e-02, PNorm = 107.1551, GNorm = 0.6453, lr_0 = 2.1638e-04
Loss = 5.0269e-02, PNorm = 107.1582, GNorm = 0.2994, lr_0 = 2.1616e-04
Loss = 4.9142e-02, PNorm = 107.1632, GNorm = 0.2915, lr_0 = 2.1594e-04
Loss = 4.2407e-02, PNorm = 107.1714, GNorm = 0.2277, lr_0 = 2.1572e-04
Loss = 6.5818e-02, PNorm = 107.1778, GNorm = 0.1822, lr_0 = 2.1550e-04
Loss = 4.6929e-02, PNorm = 107.1823, GNorm = 0.2337, lr_0 = 2.1527e-04
Loss = 3.6235e-02, PNorm = 107.1879, GNorm = 0.2551, lr_0 = 2.1505e-04
Loss = 1.7305e-02, PNorm = 107.1982, GNorm = 0.2193, lr_0 = 2.1483e-04
Loss = 4.0234e-02, PNorm = 107.2066, GNorm = 0.1967, lr_0 = 2.1461e-04
Loss = 3.3447e-02, PNorm = 107.2120, GNorm = 0.1433, lr_0 = 2.1439e-04
Loss = 2.8740e-02, PNorm = 107.2179, GNorm = 0.1205, lr_0 = 2.1417e-04
Loss = 8.3809e-02, PNorm = 107.2190, GNorm = 1.4661, lr_0 = 2.1395e-04
Loss = 5.6762e-02, PNorm = 107.2189, GNorm = 0.6055, lr_0 = 2.1373e-04
Loss = 7.9640e-02, PNorm = 107.2214, GNorm = 0.2735, lr_0 = 2.1351e-04
Loss = 6.5524e-02, PNorm = 107.2281, GNorm = 0.4746, lr_0 = 2.1329e-04
Loss = 4.8558e-02, PNorm = 107.2381, GNorm = 1.2241, lr_0 = 2.1307e-04
Loss = 4.5736e-02, PNorm = 107.2470, GNorm = 0.6946, lr_0 = 2.1285e-04
Loss = 5.8399e-02, PNorm = 107.2541, GNorm = 0.2728, lr_0 = 2.1263e-04
Loss = 1.9362e-02, PNorm = 107.2622, GNorm = 0.2194, lr_0 = 2.1242e-04
Loss = 3.5398e-02, PNorm = 107.2671, GNorm = 0.1642, lr_0 = 2.1220e-04
Loss = 3.8563e-02, PNorm = 107.2694, GNorm = 0.1535, lr_0 = 2.1198e-04
Loss = 3.6130e-02, PNorm = 107.2698, GNorm = 0.1527, lr_0 = 2.1176e-04
Loss = 2.5186e-02, PNorm = 107.2721, GNorm = 0.1519, lr_0 = 2.1154e-04
Loss = 3.8262e-02, PNorm = 107.2739, GNorm = 0.1834, lr_0 = 2.1133e-04
Loss = 6.1102e-02, PNorm = 107.2753, GNorm = 0.1986, lr_0 = 2.1111e-04
Loss = 1.6065e-02, PNorm = 107.2785, GNorm = 0.2020, lr_0 = 2.1089e-04
Loss = 7.3451e-02, PNorm = 107.2790, GNorm = 0.2141, lr_0 = 2.1068e-04
Loss = 5.7197e-02, PNorm = 107.2799, GNorm = 0.3783, lr_0 = 2.1046e-04
Loss = 8.2432e-02, PNorm = 107.2809, GNorm = 0.3279, lr_0 = 2.1024e-04
Loss = 4.8269e-02, PNorm = 107.2850, GNorm = 0.8964, lr_0 = 2.1003e-04
Loss = 5.5947e-02, PNorm = 107.2923, GNorm = 0.3349, lr_0 = 2.0981e-04
Loss = 4.0818e-02, PNorm = 107.3000, GNorm = 0.3090, lr_0 = 2.0960e-04
Validation auc = 0.649171
Epoch 21
Loss = 4.7462e-02, PNorm = 107.3044, GNorm = 0.2237, lr_0 = 2.0938e-04
Loss = 5.8344e-02, PNorm = 107.3081, GNorm = 1.0679, lr_0 = 2.0917e-04
Loss = 3.6428e-02, PNorm = 107.3138, GNorm = 0.2596, lr_0 = 2.0895e-04
Loss = 1.4215e-02, PNorm = 107.3218, GNorm = 0.1835, lr_0 = 2.0874e-04
Loss = 9.7597e-02, PNorm = 107.3244, GNorm = 1.2008, lr_0 = 2.0852e-04
Loss = 1.7463e-02, PNorm = 107.3281, GNorm = 0.4886, lr_0 = 2.0831e-04
Loss = 2.6222e-02, PNorm = 107.3366, GNorm = 0.7080, lr_0 = 2.0809e-04
Loss = 5.7602e-02, PNorm = 107.3413, GNorm = 0.2038, lr_0 = 2.0788e-04
Loss = 7.3041e-02, PNorm = 107.3410, GNorm = 0.2737, lr_0 = 2.0767e-04
Loss = 3.7847e-02, PNorm = 107.3469, GNorm = 0.2451, lr_0 = 2.0745e-04
Loss = 3.9608e-02, PNorm = 107.3536, GNorm = 0.4796, lr_0 = 2.0724e-04
Loss = 5.0693e-02, PNorm = 107.3578, GNorm = 0.6703, lr_0 = 2.0703e-04
Loss = 5.2786e-02, PNorm = 107.3603, GNorm = 0.7874, lr_0 = 2.0681e-04
Loss = 5.8883e-02, PNorm = 107.3613, GNorm = 0.2675, lr_0 = 2.0660e-04
Loss = 3.6674e-02, PNorm = 107.3649, GNorm = 0.4486, lr_0 = 2.0639e-04
Loss = 3.4264e-02, PNorm = 107.3716, GNorm = 0.5379, lr_0 = 2.0618e-04
Loss = 3.9394e-02, PNorm = 107.3788, GNorm = 0.7035, lr_0 = 2.0597e-04
Loss = 1.6721e-02, PNorm = 107.3864, GNorm = 0.7134, lr_0 = 2.0575e-04
Loss = 9.5652e-02, PNorm = 107.3888, GNorm = 0.4270, lr_0 = 2.0554e-04
Loss = 6.5506e-02, PNorm = 107.3917, GNorm = 0.5828, lr_0 = 2.0533e-04
Loss = 5.1022e-02, PNorm = 107.3960, GNorm = 0.3222, lr_0 = 2.0512e-04
Loss = 5.7471e-02, PNorm = 107.4034, GNorm = 0.5604, lr_0 = 2.0491e-04
Loss = 7.5053e-02, PNorm = 107.4097, GNorm = 0.5473, lr_0 = 2.0470e-04
Loss = 4.6592e-02, PNorm = 107.4146, GNorm = 0.3784, lr_0 = 2.0449e-04
Loss = 4.5018e-02, PNorm = 107.4242, GNorm = 0.2832, lr_0 = 2.0428e-04
Loss = 3.5353e-02, PNorm = 107.4334, GNorm = 0.1758, lr_0 = 2.0407e-04
Loss = 5.6768e-02, PNorm = 107.4385, GNorm = 0.2470, lr_0 = 2.0386e-04
Loss = 4.0547e-02, PNorm = 107.4441, GNorm = 0.6129, lr_0 = 2.0365e-04
Loss = 4.5974e-02, PNorm = 107.4484, GNorm = 0.2098, lr_0 = 2.0344e-04
Loss = 5.4960e-02, PNorm = 107.4531, GNorm = 0.2205, lr_0 = 2.0323e-04
Loss = 4.8829e-02, PNorm = 107.4548, GNorm = 0.5458, lr_0 = 2.0302e-04
Loss = 6.0806e-02, PNorm = 107.4574, GNorm = 0.5344, lr_0 = 2.0281e-04
Loss = 2.9806e-02, PNorm = 107.4651, GNorm = 0.2289, lr_0 = 2.0261e-04
Loss = 4.1985e-02, PNorm = 107.4699, GNorm = 0.1702, lr_0 = 2.0240e-04
Loss = 6.6891e-02, PNorm = 107.4753, GNorm = 0.2547, lr_0 = 2.0219e-04
Loss = 5.1586e-02, PNorm = 107.4792, GNorm = 0.2718, lr_0 = 2.0198e-04
Loss = 7.6100e-02, PNorm = 107.4806, GNorm = 0.3379, lr_0 = 2.0177e-04
Loss = 3.7477e-02, PNorm = 107.4897, GNorm = 1.0621, lr_0 = 2.0157e-04
Loss = 2.5691e-02, PNorm = 107.4998, GNorm = 0.1979, lr_0 = 2.0136e-04
Loss = 6.9938e-02, PNorm = 107.5081, GNorm = 0.6227, lr_0 = 2.0115e-04
Loss = 1.0015e-01, PNorm = 107.4979, GNorm = 0.8991, lr_0 = 2.0095e-04
Loss = 3.1300e-02, PNorm = 107.4995, GNorm = 0.3623, lr_0 = 2.0074e-04
Loss = 3.6082e-02, PNorm = 107.5088, GNorm = 0.8036, lr_0 = 2.0053e-04
Loss = 3.6086e-02, PNorm = 107.5165, GNorm = 0.2107, lr_0 = 2.0033e-04
Loss = 6.9119e-02, PNorm = 107.5191, GNorm = 0.1991, lr_0 = 2.0012e-04
Loss = 5.3620e-02, PNorm = 107.5223, GNorm = 0.2678, lr_0 = 1.9992e-04
Loss = 8.4957e-03, PNorm = 107.5295, GNorm = 0.1684, lr_0 = 1.9971e-04
Loss = 5.5579e-02, PNorm = 107.5335, GNorm = 0.1717, lr_0 = 1.9951e-04
Loss = 2.6898e-02, PNorm = 107.5369, GNorm = 0.1673, lr_0 = 1.9930e-04
Loss = 5.6387e-02, PNorm = 107.5394, GNorm = 0.9382, lr_0 = 1.9910e-04
Loss = 5.5134e-02, PNorm = 107.5426, GNorm = 0.2341, lr_0 = 1.9889e-04
Loss = 8.1799e-02, PNorm = 107.5444, GNorm = 0.2754, lr_0 = 1.9869e-04
Loss = 3.7834e-02, PNorm = 107.5499, GNorm = 0.3036, lr_0 = 1.9848e-04
Loss = 6.4619e-02, PNorm = 107.5571, GNorm = 0.3218, lr_0 = 1.9828e-04
Loss = 8.3387e-02, PNorm = 107.5645, GNorm = 0.9160, lr_0 = 1.9808e-04
Loss = 6.7875e-02, PNorm = 107.5690, GNorm = 0.4033, lr_0 = 1.9787e-04
Loss = 6.7942e-02, PNorm = 107.5749, GNorm = 0.3940, lr_0 = 1.9767e-04
Loss = 6.5776e-02, PNorm = 107.5821, GNorm = 0.3599, lr_0 = 1.9747e-04
Loss = 8.1146e-02, PNorm = 107.5883, GNorm = 0.6181, lr_0 = 1.9726e-04
Loss = 7.0690e-02, PNorm = 107.5914, GNorm = 0.3808, lr_0 = 1.9706e-04
Loss = 5.7222e-02, PNorm = 107.5993, GNorm = 0.3174, lr_0 = 1.9686e-04
Loss = 5.7309e-02, PNorm = 107.6060, GNorm = 0.2800, lr_0 = 1.9666e-04
Loss = 5.4573e-02, PNorm = 107.6139, GNorm = 0.4618, lr_0 = 1.9645e-04
Loss = 3.1497e-02, PNorm = 107.6205, GNorm = 0.2794, lr_0 = 1.9625e-04
Loss = 2.7762e-02, PNorm = 107.6272, GNorm = 0.1776, lr_0 = 1.9605e-04
Loss = 3.7539e-02, PNorm = 107.6328, GNorm = 0.2072, lr_0 = 1.9585e-04
Loss = 3.5671e-02, PNorm = 107.6396, GNorm = 0.7730, lr_0 = 1.9565e-04
Loss = 1.1469e-01, PNorm = 107.6381, GNorm = 0.6311, lr_0 = 1.9545e-04
Loss = 3.8467e-02, PNorm = 107.6431, GNorm = 0.3614, lr_0 = 1.9525e-04
Loss = 5.0430e-02, PNorm = 107.6518, GNorm = 0.2662, lr_0 = 1.9504e-04
Loss = 2.9165e-02, PNorm = 107.6600, GNorm = 0.2330, lr_0 = 1.9484e-04
Loss = 7.7445e-02, PNorm = 107.6615, GNorm = 0.3092, lr_0 = 1.9464e-04
Loss = 2.6195e-02, PNorm = 107.6677, GNorm = 0.2220, lr_0 = 1.9444e-04
Loss = 2.7244e-02, PNorm = 107.6760, GNorm = 0.1557, lr_0 = 1.9424e-04
Loss = 4.2435e-02, PNorm = 107.6790, GNorm = 0.1972, lr_0 = 1.9404e-04
Loss = 6.3058e-02, PNorm = 107.6822, GNorm = 0.2186, lr_0 = 1.9385e-04
Loss = 3.9509e-02, PNorm = 107.6864, GNorm = 0.1769, lr_0 = 1.9365e-04
Loss = 5.9387e-02, PNorm = 107.6910, GNorm = 0.5851, lr_0 = 1.9345e-04
Loss = 6.7984e-02, PNorm = 107.6800, GNorm = 0.3259, lr_0 = 1.9325e-04
Loss = 2.6416e-02, PNorm = 107.6804, GNorm = 0.2819, lr_0 = 1.9305e-04
Validation auc = 0.627745
Epoch 22
Loss = 5.2968e-02, PNorm = 107.6836, GNorm = 0.2276, lr_0 = 1.9285e-04
Loss = 2.3898e-02, PNorm = 107.6868, GNorm = 0.2238, lr_0 = 1.9265e-04
Loss = 6.5254e-02, PNorm = 107.6913, GNorm = 0.9879, lr_0 = 1.9246e-04
Loss = 5.7110e-02, PNorm = 107.6917, GNorm = 0.2433, lr_0 = 1.9226e-04
Loss = 2.8441e-02, PNorm = 107.6955, GNorm = 0.2443, lr_0 = 1.9206e-04
Loss = 8.6186e-02, PNorm = 107.6985, GNorm = 1.8078, lr_0 = 1.9186e-04
Loss = 4.2533e-02, PNorm = 107.7024, GNorm = 0.3146, lr_0 = 1.9167e-04
Loss = 6.8640e-02, PNorm = 107.7063, GNorm = 0.2946, lr_0 = 1.9147e-04
Loss = 6.1308e-02, PNorm = 107.7102, GNorm = 0.6207, lr_0 = 1.9127e-04
Loss = 3.3540e-02, PNorm = 107.7149, GNorm = 0.2706, lr_0 = 1.9108e-04
Loss = 7.4493e-02, PNorm = 107.7195, GNorm = 0.6129, lr_0 = 1.9088e-04
Loss = 9.8159e-02, PNorm = 107.7186, GNorm = 0.3127, lr_0 = 1.9068e-04
Loss = 5.1993e-02, PNorm = 107.7207, GNorm = 0.3815, lr_0 = 1.9049e-04
Loss = 4.1923e-02, PNorm = 107.7278, GNorm = 0.3443, lr_0 = 1.9029e-04
Loss = 5.6344e-02, PNorm = 107.7329, GNorm = 0.2553, lr_0 = 1.9010e-04
Loss = 5.4160e-02, PNorm = 107.7370, GNorm = 1.0203, lr_0 = 1.8990e-04
Loss = 3.9214e-02, PNorm = 107.7405, GNorm = 0.2054, lr_0 = 1.8971e-04
Loss = 4.5207e-02, PNorm = 107.7436, GNorm = 0.2332, lr_0 = 1.8951e-04
Loss = 7.3154e-02, PNorm = 107.7469, GNorm = 0.7675, lr_0 = 1.8932e-04
Loss = 3.9158e-02, PNorm = 107.7502, GNorm = 0.5784, lr_0 = 1.8912e-04
Loss = 6.7339e-02, PNorm = 107.7535, GNorm = 0.4282, lr_0 = 1.8893e-04
Loss = 4.8291e-02, PNorm = 107.7581, GNorm = 0.7202, lr_0 = 1.8873e-04
Loss = 2.0231e-02, PNorm = 107.7637, GNorm = 0.2044, lr_0 = 1.8854e-04
Loss = 5.2460e-02, PNorm = 107.7690, GNorm = 0.1899, lr_0 = 1.8835e-04
Loss = 4.4006e-02, PNorm = 107.7752, GNorm = 1.1374, lr_0 = 1.8815e-04
Loss = 2.3479e-02, PNorm = 107.7803, GNorm = 0.1935, lr_0 = 1.8796e-04
Loss = 3.4628e-02, PNorm = 107.7843, GNorm = 0.1836, lr_0 = 1.8777e-04
Loss = 3.4807e-02, PNorm = 107.7883, GNorm = 0.1701, lr_0 = 1.8757e-04
Loss = 4.4035e-02, PNorm = 107.7907, GNorm = 0.5687, lr_0 = 1.8738e-04
Loss = 1.7759e-02, PNorm = 107.7909, GNorm = 0.1516, lr_0 = 1.8719e-04
Loss = 1.0423e-01, PNorm = 107.7863, GNorm = 0.6450, lr_0 = 1.8700e-04
Loss = 4.3471e-02, PNorm = 107.7862, GNorm = 0.5186, lr_0 = 1.8680e-04
Loss = 6.5833e-02, PNorm = 107.7870, GNorm = 0.3526, lr_0 = 1.8661e-04
Loss = 5.9203e-02, PNorm = 107.7904, GNorm = 0.3091, lr_0 = 1.8642e-04
Loss = 4.7074e-02, PNorm = 107.7961, GNorm = 1.6137, lr_0 = 1.8623e-04
Loss = 3.2406e-02, PNorm = 107.8003, GNorm = 0.2332, lr_0 = 1.8604e-04
Loss = 4.2819e-02, PNorm = 107.8039, GNorm = 0.2177, lr_0 = 1.8585e-04
Loss = 6.6791e-02, PNorm = 107.8060, GNorm = 0.2403, lr_0 = 1.8565e-04
Loss = 2.6166e-02, PNorm = 107.8090, GNorm = 0.2224, lr_0 = 1.8546e-04
Loss = 5.6832e-02, PNorm = 107.8122, GNorm = 0.2335, lr_0 = 1.8527e-04
Loss = 2.3935e-02, PNorm = 107.8166, GNorm = 0.1965, lr_0 = 1.8508e-04
Loss = 7.3805e-02, PNorm = 107.8199, GNorm = 0.3966, lr_0 = 1.8489e-04
Loss = 1.6623e-02, PNorm = 107.8240, GNorm = 0.2119, lr_0 = 1.8470e-04
Loss = 3.9355e-02, PNorm = 107.8289, GNorm = 0.1802, lr_0 = 1.8451e-04
Loss = 5.7043e-02, PNorm = 107.8322, GNorm = 0.2125, lr_0 = 1.8432e-04
Loss = 7.6248e-02, PNorm = 107.8341, GNorm = 0.2535, lr_0 = 1.8413e-04
Loss = 5.3333e-02, PNorm = 107.8377, GNorm = 0.5634, lr_0 = 1.8394e-04
Loss = 3.1973e-02, PNorm = 107.8427, GNorm = 0.2885, lr_0 = 1.8376e-04
Loss = 3.8442e-02, PNorm = 107.8475, GNorm = 0.2472, lr_0 = 1.8357e-04
Loss = 7.3641e-02, PNorm = 107.8504, GNorm = 0.8238, lr_0 = 1.8338e-04
Loss = 6.8284e-02, PNorm = 107.8494, GNorm = 0.3450, lr_0 = 1.8319e-04
Loss = 3.1391e-02, PNorm = 107.8550, GNorm = 0.2847, lr_0 = 1.8300e-04
Loss = 8.6050e-02, PNorm = 107.8598, GNorm = 0.4781, lr_0 = 1.8281e-04
Loss = 3.2622e-02, PNorm = 107.8622, GNorm = 0.3058, lr_0 = 1.8263e-04
Loss = 8.2856e-02, PNorm = 107.8665, GNorm = 0.2898, lr_0 = 1.8244e-04
Loss = 6.0899e-02, PNorm = 107.8716, GNorm = 0.2829, lr_0 = 1.8225e-04
Loss = 5.7835e-02, PNorm = 107.8751, GNorm = 0.4049, lr_0 = 1.8206e-04
Loss = 4.6848e-02, PNorm = 107.8785, GNorm = 0.2464, lr_0 = 1.8188e-04
Loss = 6.2582e-02, PNorm = 107.8844, GNorm = 1.6036, lr_0 = 1.8169e-04
Loss = 4.5372e-02, PNorm = 107.8893, GNorm = 0.5082, lr_0 = 1.8150e-04
Loss = 3.9597e-02, PNorm = 107.8932, GNorm = 0.2504, lr_0 = 1.8132e-04
Loss = 7.3624e-02, PNorm = 107.8959, GNorm = 0.2678, lr_0 = 1.8113e-04
Loss = 4.4930e-02, PNorm = 107.8990, GNorm = 0.3085, lr_0 = 1.8094e-04
Loss = 5.8688e-02, PNorm = 107.9043, GNorm = 0.4885, lr_0 = 1.8076e-04
Loss = 4.1659e-02, PNorm = 107.9085, GNorm = 0.2467, lr_0 = 1.8057e-04
Loss = 5.3598e-02, PNorm = 107.9127, GNorm = 0.9866, lr_0 = 1.8039e-04
Loss = 4.8555e-02, PNorm = 107.9170, GNorm = 0.2011, lr_0 = 1.8020e-04
Loss = 3.4644e-02, PNorm = 107.9219, GNorm = 0.4918, lr_0 = 1.8002e-04
Loss = 3.2986e-02, PNorm = 107.9272, GNorm = 0.4282, lr_0 = 1.7983e-04
Loss = 4.3211e-02, PNorm = 107.9311, GNorm = 0.1870, lr_0 = 1.7965e-04
Loss = 6.9764e-02, PNorm = 107.9332, GNorm = 0.2233, lr_0 = 1.7946e-04
Loss = 1.7008e-02, PNorm = 107.9380, GNorm = 0.2244, lr_0 = 1.7928e-04
Loss = 1.8139e-02, PNorm = 107.9452, GNorm = 0.2041, lr_0 = 1.7909e-04
Loss = 5.0129e-02, PNorm = 107.9521, GNorm = 0.7178, lr_0 = 1.7891e-04
Loss = 4.6032e-02, PNorm = 107.9536, GNorm = 0.1649, lr_0 = 1.7873e-04
Loss = 2.5448e-02, PNorm = 107.9592, GNorm = 0.5886, lr_0 = 1.7854e-04
Loss = 4.6133e-02, PNorm = 107.9630, GNorm = 0.2132, lr_0 = 1.7836e-04
Loss = 4.0055e-02, PNorm = 107.9677, GNorm = 0.3771, lr_0 = 1.7818e-04
Loss = 6.4227e-02, PNorm = 107.9716, GNorm = 0.7726, lr_0 = 1.7799e-04
Loss = 6.7167e-02, PNorm = 107.9740, GNorm = 0.2674, lr_0 = 1.7781e-04
Validation auc = 0.641263
Epoch 23
Loss = 2.9179e-02, PNorm = 107.9806, GNorm = 0.2737, lr_0 = 1.7763e-04
Loss = 7.2128e-02, PNorm = 107.9891, GNorm = 0.7161, lr_0 = 1.7744e-04
Loss = 3.4844e-02, PNorm = 107.9972, GNorm = 0.2583, lr_0 = 1.7726e-04
Loss = 6.2518e-02, PNorm = 108.0051, GNorm = 0.2906, lr_0 = 1.7708e-04
Loss = 7.5738e-02, PNorm = 108.0132, GNorm = 0.3009, lr_0 = 1.7690e-04
Loss = 3.1652e-02, PNorm = 108.0225, GNorm = 0.2965, lr_0 = 1.7672e-04
Loss = 9.5538e-02, PNorm = 108.0287, GNorm = 0.4802, lr_0 = 1.7653e-04
Loss = 4.1235e-02, PNorm = 108.0356, GNorm = 0.2920, lr_0 = 1.7635e-04
Loss = 5.7045e-02, PNorm = 108.0458, GNorm = 0.8547, lr_0 = 1.7617e-04
Loss = 4.1260e-02, PNorm = 108.0545, GNorm = 0.2411, lr_0 = 1.7599e-04
Loss = 8.8875e-02, PNorm = 108.0560, GNorm = 0.3391, lr_0 = 1.7581e-04
Loss = 3.3203e-02, PNorm = 108.0606, GNorm = 0.3937, lr_0 = 1.7563e-04
Loss = 4.6847e-02, PNorm = 108.0715, GNorm = 0.7737, lr_0 = 1.7545e-04
Loss = 4.1646e-02, PNorm = 108.0785, GNorm = 0.2393, lr_0 = 1.7527e-04
Loss = 2.6256e-02, PNorm = 108.0852, GNorm = 0.2219, lr_0 = 1.7509e-04
Loss = 5.5420e-02, PNorm = 108.0912, GNorm = 0.9654, lr_0 = 1.7491e-04
Loss = 7.0111e-02, PNorm = 108.0904, GNorm = 0.2469, lr_0 = 1.7473e-04
Loss = 5.6397e-02, PNorm = 108.0957, GNorm = 0.6825, lr_0 = 1.7455e-04
Loss = 3.0849e-02, PNorm = 108.1034, GNorm = 0.5336, lr_0 = 1.7437e-04
Loss = 3.5981e-02, PNorm = 108.1107, GNorm = 0.2437, lr_0 = 1.7419e-04
Loss = 4.9592e-02, PNorm = 108.1158, GNorm = 0.3727, lr_0 = 1.7401e-04
Loss = 3.0510e-02, PNorm = 108.1211, GNorm = 0.1896, lr_0 = 1.7383e-04
Loss = 5.2095e-02, PNorm = 108.1246, GNorm = 0.1723, lr_0 = 1.7366e-04
Loss = 6.0047e-02, PNorm = 108.1260, GNorm = 0.2432, lr_0 = 1.7348e-04
Loss = 6.7143e-02, PNorm = 108.1284, GNorm = 0.6247, lr_0 = 1.7330e-04
Loss = 3.7837e-02, PNorm = 108.1350, GNorm = 0.2929, lr_0 = 1.7312e-04
Loss = 7.2498e-02, PNorm = 108.1415, GNorm = 0.2941, lr_0 = 1.7294e-04
Loss = 4.6690e-02, PNorm = 108.1489, GNorm = 0.2677, lr_0 = 1.7276e-04
Loss = 4.9535e-02, PNorm = 108.1562, GNorm = 0.8149, lr_0 = 1.7259e-04
Loss = 4.4401e-02, PNorm = 108.1615, GNorm = 0.2247, lr_0 = 1.7241e-04
Loss = 3.2410e-02, PNorm = 108.1678, GNorm = 0.4681, lr_0 = 1.7223e-04
Loss = 7.7445e-02, PNorm = 108.1701, GNorm = 0.5565, lr_0 = 1.7206e-04
Loss = 5.2850e-02, PNorm = 108.1727, GNorm = 0.8572, lr_0 = 1.7188e-04
Loss = 2.1005e-02, PNorm = 108.1771, GNorm = 0.2543, lr_0 = 1.7170e-04
Loss = 2.7231e-02, PNorm = 108.1843, GNorm = 0.2027, lr_0 = 1.7153e-04
Loss = 7.4705e-02, PNorm = 108.1843, GNorm = 0.2457, lr_0 = 1.7135e-04
Loss = 3.5731e-02, PNorm = 108.1879, GNorm = 0.3421, lr_0 = 1.7117e-04
Loss = 5.5043e-02, PNorm = 108.1905, GNorm = 0.2293, lr_0 = 1.7100e-04
Loss = 1.5715e-02, PNorm = 108.1969, GNorm = 0.2236, lr_0 = 1.7082e-04
Loss = 6.1490e-02, PNorm = 108.2012, GNorm = 0.1756, lr_0 = 1.7065e-04
Loss = 7.9268e-02, PNorm = 108.1988, GNorm = 0.2679, lr_0 = 1.7047e-04
Loss = 2.3348e-02, PNorm = 108.2031, GNorm = 0.2378, lr_0 = 1.7030e-04
Loss = 6.7964e-02, PNorm = 108.2081, GNorm = 0.5448, lr_0 = 1.7012e-04
Loss = 3.7128e-02, PNorm = 108.2141, GNorm = 0.2375, lr_0 = 1.6995e-04
Loss = 3.2602e-02, PNorm = 108.2212, GNorm = 0.2029, lr_0 = 1.6977e-04
Loss = 6.2948e-02, PNorm = 108.2266, GNorm = 1.1517, lr_0 = 1.6960e-04
Loss = 4.6606e-02, PNorm = 108.2297, GNorm = 0.9137, lr_0 = 1.6942e-04
Loss = 2.7854e-02, PNorm = 108.2310, GNorm = 0.2385, lr_0 = 1.6925e-04
Loss = 4.8955e-02, PNorm = 108.2347, GNorm = 0.2527, lr_0 = 1.6908e-04
Loss = 7.3186e-02, PNorm = 108.2381, GNorm = 0.7636, lr_0 = 1.6890e-04
Loss = 9.1204e-02, PNorm = 108.2339, GNorm = 0.4444, lr_0 = 1.6873e-04
Loss = 2.0957e-02, PNorm = 108.2339, GNorm = 0.3337, lr_0 = 1.6855e-04
Loss = 5.9481e-02, PNorm = 108.2388, GNorm = 1.0595, lr_0 = 1.6838e-04
Loss = 4.1393e-02, PNorm = 108.2440, GNorm = 0.2668, lr_0 = 1.6821e-04
Loss = 8.1128e-02, PNorm = 108.2471, GNorm = 1.7257, lr_0 = 1.6804e-04
Loss = 6.6305e-02, PNorm = 108.2478, GNorm = 0.4986, lr_0 = 1.6786e-04
Loss = 4.0568e-02, PNorm = 108.2513, GNorm = 0.3484, lr_0 = 1.6769e-04
Loss = 9.4608e-02, PNorm = 108.2548, GNorm = 1.1066, lr_0 = 1.6752e-04
Loss = 7.2318e-02, PNorm = 108.2559, GNorm = 0.3839, lr_0 = 1.6735e-04
Loss = 3.7254e-02, PNorm = 108.2624, GNorm = 0.3050, lr_0 = 1.6717e-04
Loss = 6.0215e-02, PNorm = 108.2685, GNorm = 0.2874, lr_0 = 1.6700e-04
Loss = 5.1392e-02, PNorm = 108.2728, GNorm = 0.2846, lr_0 = 1.6683e-04
Loss = 3.0799e-02, PNorm = 108.2778, GNorm = 0.2710, lr_0 = 1.6666e-04
Loss = 5.3599e-02, PNorm = 108.2815, GNorm = 0.2047, lr_0 = 1.6649e-04
Loss = 5.6459e-02, PNorm = 108.2836, GNorm = 1.0769, lr_0 = 1.6632e-04
Loss = 7.0064e-03, PNorm = 108.2860, GNorm = 0.1505, lr_0 = 1.6615e-04
Loss = 1.0946e-01, PNorm = 108.2854, GNorm = 0.2134, lr_0 = 1.6598e-04
Loss = 6.2599e-02, PNorm = 108.2853, GNorm = 0.3531, lr_0 = 1.6581e-04
Loss = 6.1350e-02, PNorm = 108.2879, GNorm = 0.6341, lr_0 = 1.6563e-04
Loss = 2.3315e-02, PNorm = 108.2936, GNorm = 0.3024, lr_0 = 1.6546e-04
Loss = 3.0171e-02, PNorm = 108.3001, GNorm = 0.2084, lr_0 = 1.6529e-04
Loss = 9.4279e-02, PNorm = 108.3016, GNorm = 0.4991, lr_0 = 1.6512e-04
Loss = 4.2867e-02, PNorm = 108.3036, GNorm = 0.2665, lr_0 = 1.6496e-04
Loss = 6.4509e-02, PNorm = 108.3071, GNorm = 0.3638, lr_0 = 1.6479e-04
Loss = 2.5423e-02, PNorm = 108.3135, GNorm = 0.2752, lr_0 = 1.6462e-04
Loss = 3.9172e-02, PNorm = 108.3190, GNorm = 0.1810, lr_0 = 1.6445e-04
Loss = 4.1580e-02, PNorm = 108.3218, GNorm = 0.1822, lr_0 = 1.6428e-04
Loss = 5.4197e-02, PNorm = 108.3228, GNorm = 0.2216, lr_0 = 1.6411e-04
Loss = 4.5844e-02, PNorm = 108.3224, GNorm = 0.2346, lr_0 = 1.6394e-04
Loss = 6.3114e-02, PNorm = 108.3237, GNorm = 0.2259, lr_0 = 1.6377e-04
Validation auc = 0.652040
Epoch 24
Loss = 2.8402e-02, PNorm = 108.3284, GNorm = 0.2166, lr_0 = 1.6360e-04
Loss = 5.5795e-02, PNorm = 108.3328, GNorm = 0.5720, lr_0 = 1.6344e-04
Loss = 2.8998e-02, PNorm = 108.3354, GNorm = 0.2099, lr_0 = 1.6327e-04
Loss = 2.7610e-02, PNorm = 108.3402, GNorm = 0.1773, lr_0 = 1.6310e-04
Loss = 1.4513e-02, PNorm = 108.3448, GNorm = 0.1518, lr_0 = 1.6293e-04
Loss = 4.4756e-02, PNorm = 108.3472, GNorm = 0.1296, lr_0 = 1.6277e-04
Loss = 6.1449e-02, PNorm = 108.3477, GNorm = 0.1930, lr_0 = 1.6260e-04
Loss = 5.8989e-02, PNorm = 108.3467, GNorm = 0.2227, lr_0 = 1.6243e-04
Loss = 5.6982e-02, PNorm = 108.3482, GNorm = 0.2813, lr_0 = 1.6226e-04
Loss = 5.1121e-02, PNorm = 108.3511, GNorm = 0.5403, lr_0 = 1.6210e-04
Loss = 3.6628e-02, PNorm = 108.3545, GNorm = 0.2632, lr_0 = 1.6193e-04
Loss = 5.4711e-02, PNorm = 108.3582, GNorm = 0.2739, lr_0 = 1.6176e-04
Loss = 4.3425e-02, PNorm = 108.3626, GNorm = 0.2746, lr_0 = 1.6160e-04
Loss = 8.0875e-02, PNorm = 108.3665, GNorm = 0.2332, lr_0 = 1.6143e-04
Loss = 6.5147e-02, PNorm = 108.3685, GNorm = 0.3348, lr_0 = 1.6127e-04
Loss = 6.1443e-02, PNorm = 108.3707, GNorm = 0.3367, lr_0 = 1.6110e-04
Loss = 6.1215e-02, PNorm = 108.3739, GNorm = 0.3469, lr_0 = 1.6094e-04
Loss = 2.7681e-02, PNorm = 108.3800, GNorm = 0.2528, lr_0 = 1.6077e-04
Loss = 6.0516e-02, PNorm = 108.3846, GNorm = 0.4172, lr_0 = 1.6060e-04
Loss = 4.3078e-02, PNorm = 108.3885, GNorm = 0.2282, lr_0 = 1.6044e-04
Loss = 4.7760e-02, PNorm = 108.3927, GNorm = 0.2650, lr_0 = 1.6028e-04
Loss = 3.8773e-02, PNorm = 108.3980, GNorm = 0.4407, lr_0 = 1.6011e-04
Loss = 7.1403e-02, PNorm = 108.3978, GNorm = 0.6061, lr_0 = 1.5995e-04
Loss = 3.7047e-02, PNorm = 108.4003, GNorm = 0.2883, lr_0 = 1.5978e-04
Loss = 2.7467e-02, PNorm = 108.4054, GNorm = 0.2693, lr_0 = 1.5962e-04
Loss = 6.0532e-02, PNorm = 108.4109, GNorm = 1.0899, lr_0 = 1.5945e-04
Loss = 2.4549e-02, PNorm = 108.4155, GNorm = 0.1911, lr_0 = 1.5929e-04
Loss = 1.7273e-02, PNorm = 108.4209, GNorm = 0.1675, lr_0 = 1.5913e-04
Loss = 4.2520e-02, PNorm = 108.4247, GNorm = 0.1447, lr_0 = 1.5896e-04
Loss = 2.5706e-02, PNorm = 108.4293, GNorm = 0.8153, lr_0 = 1.5880e-04
Loss = 8.1676e-02, PNorm = 108.4277, GNorm = 0.1929, lr_0 = 1.5864e-04
Loss = 4.6663e-02, PNorm = 108.4287, GNorm = 0.6535, lr_0 = 1.5847e-04
Loss = 4.6476e-02, PNorm = 108.4305, GNorm = 0.2614, lr_0 = 1.5831e-04
Loss = 8.8706e-02, PNorm = 108.4335, GNorm = 1.2512, lr_0 = 1.5815e-04
Loss = 3.8157e-02, PNorm = 108.4351, GNorm = 0.9670, lr_0 = 1.5799e-04
Loss = 4.5910e-02, PNorm = 108.4376, GNorm = 0.2479, lr_0 = 1.5782e-04
Loss = 5.5108e-02, PNorm = 108.4410, GNorm = 0.7347, lr_0 = 1.5766e-04
Loss = 7.4566e-02, PNorm = 108.4429, GNorm = 0.8938, lr_0 = 1.5750e-04
Loss = 3.7839e-02, PNorm = 108.4474, GNorm = 0.3240, lr_0 = 1.5734e-04
Loss = 6.6041e-02, PNorm = 108.4512, GNorm = 0.2852, lr_0 = 1.5718e-04
Loss = 5.8541e-02, PNorm = 108.4566, GNorm = 0.5291, lr_0 = 1.5701e-04
Loss = 1.4126e-02, PNorm = 108.4627, GNorm = 0.2189, lr_0 = 1.5685e-04
Loss = 7.1893e-02, PNorm = 108.4680, GNorm = 0.5242, lr_0 = 1.5669e-04
Loss = 1.2513e-01, PNorm = 108.4659, GNorm = 0.4706, lr_0 = 1.5653e-04
Loss = 4.9680e-02, PNorm = 108.4691, GNorm = 0.3635, lr_0 = 1.5637e-04
Loss = 3.4786e-02, PNorm = 108.4769, GNorm = 0.3523, lr_0 = 1.5621e-04
Loss = 2.0291e-02, PNorm = 108.4869, GNorm = 0.2466, lr_0 = 1.5605e-04
Loss = 2.6263e-02, PNorm = 108.4955, GNorm = 0.1561, lr_0 = 1.5589e-04
Loss = 2.5282e-02, PNorm = 108.5009, GNorm = 0.1207, lr_0 = 1.5573e-04
Loss = 5.4257e-02, PNorm = 108.5045, GNorm = 1.0066, lr_0 = 1.5557e-04
Loss = 3.6514e-02, PNorm = 108.5028, GNorm = 0.1352, lr_0 = 1.5541e-04
Loss = 3.9141e-02, PNorm = 108.5040, GNorm = 0.6485, lr_0 = 1.5525e-04
Loss = 4.5255e-02, PNorm = 108.5052, GNorm = 0.1756, lr_0 = 1.5509e-04
Loss = 7.7471e-02, PNorm = 108.5063, GNorm = 0.3911, lr_0 = 1.5493e-04
Loss = 5.4049e-02, PNorm = 108.5042, GNorm = 0.2727, lr_0 = 1.5477e-04
Loss = 5.5168e-02, PNorm = 108.5032, GNorm = 0.2675, lr_0 = 1.5461e-04
Loss = 8.0007e-02, PNorm = 108.5061, GNorm = 0.7038, lr_0 = 1.5445e-04
Loss = 5.8484e-02, PNorm = 108.5102, GNorm = 0.2914, lr_0 = 1.5429e-04
Loss = 3.7339e-02, PNorm = 108.5168, GNorm = 0.3476, lr_0 = 1.5414e-04
Loss = 4.6994e-02, PNorm = 108.5231, GNorm = 0.2307, lr_0 = 1.5398e-04
Loss = 1.9093e-02, PNorm = 108.5294, GNorm = 0.1892, lr_0 = 1.5382e-04
Loss = 6.7270e-02, PNorm = 108.5344, GNorm = 0.1880, lr_0 = 1.5366e-04
Loss = 2.5265e-02, PNorm = 108.5370, GNorm = 0.2033, lr_0 = 1.5350e-04
Loss = 3.6251e-02, PNorm = 108.5404, GNorm = 0.1770, lr_0 = 1.5335e-04
Loss = 6.4354e-02, PNorm = 108.5425, GNorm = 0.5394, lr_0 = 1.5319e-04
Loss = 6.9045e-02, PNorm = 108.5430, GNorm = 0.3962, lr_0 = 1.5303e-04
Loss = 7.6307e-02, PNorm = 108.5452, GNorm = 0.5550, lr_0 = 1.5287e-04
Loss = 2.7306e-02, PNorm = 108.5484, GNorm = 0.5270, lr_0 = 1.5272e-04
Loss = 5.7540e-02, PNorm = 108.5519, GNorm = 0.2506, lr_0 = 1.5256e-04
Loss = 6.2371e-02, PNorm = 108.5560, GNorm = 0.2854, lr_0 = 1.5240e-04
Loss = 3.7297e-02, PNorm = 108.5610, GNorm = 0.6225, lr_0 = 1.5225e-04
Loss = 2.7660e-02, PNorm = 108.5658, GNorm = 0.2019, lr_0 = 1.5209e-04
Loss = 8.8714e-02, PNorm = 108.5678, GNorm = 0.3738, lr_0 = 1.5193e-04
Loss = 6.4645e-02, PNorm = 108.5667, GNorm = 0.2540, lr_0 = 1.5178e-04
Loss = 7.2133e-02, PNorm = 108.5686, GNorm = 0.4864, lr_0 = 1.5162e-04
Loss = 6.7363e-02, PNorm = 108.5727, GNorm = 0.3404, lr_0 = 1.5147e-04
Loss = 6.2079e-02, PNorm = 108.5748, GNorm = 0.5605, lr_0 = 1.5131e-04
Loss = 5.5941e-02, PNorm = 108.5770, GNorm = 0.2798, lr_0 = 1.5115e-04
Loss = 4.1511e-02, PNorm = 108.5802, GNorm = 0.4970, lr_0 = 1.5100e-04
Loss = 4.0931e-02, PNorm = 108.5834, GNorm = 0.5804, lr_0 = 1.5084e-04
Validation auc = 0.653535
Epoch 25
Loss = 6.0033e-02, PNorm = 108.5846, GNorm = 0.3994, lr_0 = 1.5069e-04
Loss = 3.6566e-02, PNorm = 108.5871, GNorm = 0.2091, lr_0 = 1.5053e-04
Loss = 4.1469e-02, PNorm = 108.5893, GNorm = 0.2023, lr_0 = 1.5038e-04
Loss = 9.2619e-02, PNorm = 108.5902, GNorm = 0.4233, lr_0 = 1.5022e-04
Loss = 1.6156e-02, PNorm = 108.5921, GNorm = 0.2470, lr_0 = 1.5007e-04
Loss = 3.1260e-02, PNorm = 108.5957, GNorm = 0.1949, lr_0 = 1.4992e-04
Loss = 1.5287e-02, PNorm = 108.6008, GNorm = 0.1489, lr_0 = 1.4976e-04
Loss = 7.6350e-02, PNorm = 108.6026, GNorm = 0.1588, lr_0 = 1.4961e-04
Loss = 6.4227e-02, PNorm = 108.6018, GNorm = 0.6748, lr_0 = 1.4945e-04
Loss = 4.4759e-02, PNorm = 108.6021, GNorm = 0.5187, lr_0 = 1.4930e-04
Loss = 4.6805e-02, PNorm = 108.6037, GNorm = 0.2565, lr_0 = 1.4915e-04
Loss = 4.9260e-02, PNorm = 108.6065, GNorm = 0.4059, lr_0 = 1.4899e-04
Loss = 5.2929e-02, PNorm = 108.6096, GNorm = 0.2737, lr_0 = 1.4884e-04
Loss = 2.7760e-02, PNorm = 108.6140, GNorm = 0.2301, lr_0 = 1.4869e-04
Loss = 7.9854e-03, PNorm = 108.6200, GNorm = 0.2012, lr_0 = 1.4854e-04
Loss = 3.1100e-02, PNorm = 108.6253, GNorm = 0.1482, lr_0 = 1.4838e-04
Loss = 3.9416e-02, PNorm = 108.6265, GNorm = 0.1550, lr_0 = 1.4823e-04
Loss = 2.2524e-02, PNorm = 108.6280, GNorm = 0.1691, lr_0 = 1.4808e-04
Loss = 5.0502e-02, PNorm = 108.6279, GNorm = 0.4419, lr_0 = 1.4793e-04
Loss = 6.1053e-02, PNorm = 108.6274, GNorm = 0.1869, lr_0 = 1.4777e-04
Loss = 2.3196e-02, PNorm = 108.6295, GNorm = 0.1901, lr_0 = 1.4762e-04
Loss = 3.0466e-02, PNorm = 108.6335, GNorm = 0.1616, lr_0 = 1.4747e-04
Loss = 5.1916e-02, PNorm = 108.6328, GNorm = 0.6362, lr_0 = 1.4732e-04
Loss = 2.2253e-02, PNorm = 108.6353, GNorm = 0.1609, lr_0 = 1.4717e-04
Loss = 6.6666e-02, PNorm = 108.6377, GNorm = 0.1696, lr_0 = 1.4702e-04
Loss = 6.2605e-02, PNorm = 108.6391, GNorm = 0.6811, lr_0 = 1.4687e-04
Loss = 1.8239e-02, PNorm = 108.6417, GNorm = 0.2290, lr_0 = 1.4671e-04
Loss = 9.0460e-02, PNorm = 108.6424, GNorm = 0.2460, lr_0 = 1.4656e-04
Loss = 4.0635e-02, PNorm = 108.6445, GNorm = 0.2505, lr_0 = 1.4641e-04
Loss = 5.1989e-02, PNorm = 108.6474, GNorm = 0.2600, lr_0 = 1.4626e-04
Loss = 5.7114e-02, PNorm = 108.6498, GNorm = 0.2754, lr_0 = 1.4611e-04
Loss = 2.9208e-02, PNorm = 108.6534, GNorm = 0.2342, lr_0 = 1.4596e-04
Loss = 3.4657e-02, PNorm = 108.6589, GNorm = 0.2242, lr_0 = 1.4581e-04
Loss = 5.4546e-02, PNorm = 108.6644, GNorm = 0.1774, lr_0 = 1.4566e-04
Loss = 1.2253e-02, PNorm = 108.6683, GNorm = 0.1775, lr_0 = 1.4551e-04
Loss = 6.4137e-02, PNorm = 108.6703, GNorm = 0.1815, lr_0 = 1.4536e-04
Loss = 3.9744e-02, PNorm = 108.6729, GNorm = 0.1677, lr_0 = 1.4521e-04
Loss = 3.9160e-02, PNorm = 108.6757, GNorm = 0.2033, lr_0 = 1.4506e-04
Loss = 8.3052e-02, PNorm = 108.6775, GNorm = 0.2412, lr_0 = 1.4492e-04
Loss = 3.5292e-02, PNorm = 108.6776, GNorm = 0.6951, lr_0 = 1.4477e-04
Loss = 7.7811e-02, PNorm = 108.6786, GNorm = 0.5174, lr_0 = 1.4462e-04
Loss = 3.9133e-02, PNorm = 108.6817, GNorm = 0.3034, lr_0 = 1.4447e-04
Loss = 5.1519e-02, PNorm = 108.6867, GNorm = 0.6397, lr_0 = 1.4432e-04
Loss = 7.4559e-02, PNorm = 108.6899, GNorm = 0.2762, lr_0 = 1.4417e-04
Loss = 2.7435e-02, PNorm = 108.6955, GNorm = 0.2507, lr_0 = 1.4402e-04
Loss = 6.2763e-02, PNorm = 108.7003, GNorm = 0.2155, lr_0 = 1.4388e-04
Loss = 7.1788e-02, PNorm = 108.7030, GNorm = 0.2606, lr_0 = 1.4373e-04
Loss = 3.9707e-02, PNorm = 108.7066, GNorm = 0.3142, lr_0 = 1.4358e-04
Loss = 6.5360e-02, PNorm = 108.7124, GNorm = 0.2503, lr_0 = 1.4343e-04
Loss = 5.5874e-02, PNorm = 108.7172, GNorm = 0.5971, lr_0 = 1.4329e-04
Loss = 6.7402e-02, PNorm = 108.7222, GNorm = 0.8331, lr_0 = 1.4314e-04
Loss = 5.8921e-02, PNorm = 108.7268, GNorm = 0.3202, lr_0 = 1.4299e-04
Loss = 8.6807e-02, PNorm = 108.7323, GNorm = 0.4062, lr_0 = 1.4285e-04
Loss = 1.1530e-01, PNorm = 108.7354, GNorm = 0.4567, lr_0 = 1.4270e-04
Loss = 4.5290e-02, PNorm = 108.7410, GNorm = 0.4390, lr_0 = 1.4255e-04
Loss = 7.6934e-02, PNorm = 108.7525, GNorm = 0.3506, lr_0 = 1.4241e-04
Loss = 4.9023e-02, PNorm = 108.7617, GNorm = 0.3054, lr_0 = 1.4226e-04
Loss = 4.1076e-02, PNorm = 108.7671, GNorm = 0.2532, lr_0 = 1.4211e-04
Loss = 3.7557e-02, PNorm = 108.7708, GNorm = 0.2492, lr_0 = 1.4197e-04
Loss = 6.3346e-02, PNorm = 108.7745, GNorm = 0.1957, lr_0 = 1.4182e-04
Loss = 4.4304e-02, PNorm = 108.7778, GNorm = 0.5401, lr_0 = 1.4168e-04
Loss = 5.4933e-02, PNorm = 108.7783, GNorm = 0.2128, lr_0 = 1.4153e-04
Loss = 3.7557e-02, PNorm = 108.7802, GNorm = 0.2481, lr_0 = 1.4138e-04
Loss = 5.2749e-02, PNorm = 108.7812, GNorm = 0.2204, lr_0 = 1.4124e-04
Loss = 1.9706e-02, PNorm = 108.7838, GNorm = 0.2331, lr_0 = 1.4109e-04
Loss = 2.9804e-02, PNorm = 108.7886, GNorm = 0.8736, lr_0 = 1.4095e-04
Loss = 3.5302e-02, PNorm = 108.7930, GNorm = 0.1433, lr_0 = 1.4080e-04
Loss = 1.0506e-01, PNorm = 108.7919, GNorm = 0.2009, lr_0 = 1.4066e-04
Loss = 7.0244e-02, PNorm = 108.7907, GNorm = 0.3118, lr_0 = 1.4052e-04
Loss = 5.9371e-02, PNorm = 108.7915, GNorm = 0.3211, lr_0 = 1.4037e-04
Loss = 5.7413e-02, PNorm = 108.7951, GNorm = 0.3133, lr_0 = 1.4023e-04
Loss = 3.7156e-02, PNorm = 108.8005, GNorm = 0.6645, lr_0 = 1.4008e-04
Loss = 5.1978e-02, PNorm = 108.8044, GNorm = 0.2324, lr_0 = 1.3994e-04
Loss = 6.6394e-02, PNorm = 108.8065, GNorm = 0.2480, lr_0 = 1.3979e-04
Loss = 5.2450e-02, PNorm = 108.8089, GNorm = 0.2639, lr_0 = 1.3965e-04
Loss = 3.5136e-02, PNorm = 108.8139, GNorm = 0.8706, lr_0 = 1.3951e-04
Loss = 5.3680e-02, PNorm = 108.8178, GNorm = 0.2088, lr_0 = 1.3936e-04
Loss = 3.6582e-02, PNorm = 108.8215, GNorm = 0.4682, lr_0 = 1.3922e-04
Loss = 5.2886e-02, PNorm = 108.8240, GNorm = 0.2506, lr_0 = 1.3908e-04
Loss = 3.9812e-02, PNorm = 108.8288, GNorm = 0.3524, lr_0 = 1.3894e-04
Validation auc = 0.644482
Epoch 26
Loss = 5.5678e-02, PNorm = 108.8325, GNorm = 0.2202, lr_0 = 1.3879e-04
Loss = 4.9238e-02, PNorm = 108.8361, GNorm = 0.3676, lr_0 = 1.3865e-04
Loss = 7.4485e-02, PNorm = 108.8371, GNorm = 0.2736, lr_0 = 1.3851e-04
Loss = 4.2076e-02, PNorm = 108.8411, GNorm = 0.5119, lr_0 = 1.3837e-04
Loss = 8.8640e-02, PNorm = 108.8451, GNorm = 0.4365, lr_0 = 1.3822e-04
Loss = 5.3645e-02, PNorm = 108.8501, GNorm = 0.3236, lr_0 = 1.3808e-04
Loss = 5.9269e-02, PNorm = 108.8569, GNorm = 0.3208, lr_0 = 1.3794e-04
Loss = 4.8023e-02, PNorm = 108.8602, GNorm = 0.2679, lr_0 = 1.3780e-04
Loss = 4.6929e-02, PNorm = 108.8656, GNorm = 0.6097, lr_0 = 1.3766e-04
Loss = 4.8324e-02, PNorm = 108.8672, GNorm = 0.9703, lr_0 = 1.3751e-04
Loss = 4.9044e-02, PNorm = 108.8687, GNorm = 0.1900, lr_0 = 1.3737e-04
Loss = 6.5923e-02, PNorm = 108.8689, GNorm = 0.4386, lr_0 = 1.3723e-04
Loss = 5.8839e-02, PNorm = 108.8711, GNorm = 1.0276, lr_0 = 1.3709e-04
Loss = 5.9278e-02, PNorm = 108.8729, GNorm = 0.2578, lr_0 = 1.3695e-04
Loss = 6.5597e-02, PNorm = 108.8747, GNorm = 0.3016, lr_0 = 1.3681e-04
Loss = 1.0545e-01, PNorm = 108.8762, GNorm = 1.1600, lr_0 = 1.3667e-04
Loss = 5.8673e-02, PNorm = 108.8804, GNorm = 0.3659, lr_0 = 1.3653e-04
Loss = 4.8668e-02, PNorm = 108.8867, GNorm = 0.4395, lr_0 = 1.3639e-04
Loss = 3.0939e-02, PNorm = 108.8934, GNorm = 0.2768, lr_0 = 1.3625e-04
Loss = 4.7107e-02, PNorm = 108.8990, GNorm = 0.2286, lr_0 = 1.3611e-04
Loss = 7.8295e-02, PNorm = 108.9016, GNorm = 0.6896, lr_0 = 1.3597e-04
Loss = 2.6505e-02, PNorm = 108.9039, GNorm = 0.1895, lr_0 = 1.3583e-04
Loss = 5.0594e-02, PNorm = 108.9067, GNorm = 0.2734, lr_0 = 1.3569e-04
Loss = 6.0097e-02, PNorm = 108.9089, GNorm = 0.7115, lr_0 = 1.3555e-04
Loss = 3.3533e-02, PNorm = 108.9117, GNorm = 0.4605, lr_0 = 1.3541e-04
Loss = 5.6190e-02, PNorm = 108.9140, GNorm = 0.1634, lr_0 = 1.3527e-04
Loss = 4.9933e-02, PNorm = 108.9165, GNorm = 0.1950, lr_0 = 1.3513e-04
Loss = 4.3165e-02, PNorm = 108.9200, GNorm = 0.1909, lr_0 = 1.3499e-04
Loss = 9.4584e-02, PNorm = 108.9221, GNorm = 0.8687, lr_0 = 1.3485e-04
Loss = 7.0758e-02, PNorm = 108.9230, GNorm = 0.5774, lr_0 = 1.3472e-04
Loss = 2.2310e-02, PNorm = 108.9285, GNorm = 0.3032, lr_0 = 1.3458e-04
Loss = 6.0840e-02, PNorm = 108.9347, GNorm = 0.2627, lr_0 = 1.3444e-04
Loss = 3.5640e-02, PNorm = 108.9424, GNorm = 0.9025, lr_0 = 1.3430e-04
Loss = 3.2477e-02, PNorm = 108.9488, GNorm = 0.2048, lr_0 = 1.3416e-04
Loss = 5.0197e-02, PNorm = 108.9537, GNorm = 0.6619, lr_0 = 1.3403e-04
Loss = 4.4044e-02, PNorm = 108.9577, GNorm = 0.6523, lr_0 = 1.3389e-04
Loss = 4.8808e-02, PNorm = 108.9583, GNorm = 0.1881, lr_0 = 1.3375e-04
Loss = 1.9939e-02, PNorm = 108.9580, GNorm = 0.2314, lr_0 = 1.3361e-04
Loss = 6.1162e-02, PNorm = 108.9598, GNorm = 0.2017, lr_0 = 1.3348e-04
Loss = 4.3511e-02, PNorm = 108.9613, GNorm = 0.2190, lr_0 = 1.3334e-04
Loss = 5.4534e-02, PNorm = 108.9643, GNorm = 0.2332, lr_0 = 1.3320e-04
Loss = 7.0874e-02, PNorm = 108.9676, GNorm = 0.8403, lr_0 = 1.3306e-04
Loss = 7.6003e-02, PNorm = 108.9690, GNorm = 0.2721, lr_0 = 1.3293e-04
Loss = 5.6443e-02, PNorm = 108.9725, GNorm = 0.2610, lr_0 = 1.3279e-04
Loss = 8.7572e-02, PNorm = 108.9719, GNorm = 1.3481, lr_0 = 1.3265e-04
Loss = 2.1550e-02, PNorm = 108.9719, GNorm = 0.3525, lr_0 = 1.3252e-04
Loss = 1.8258e-02, PNorm = 108.9774, GNorm = 0.1974, lr_0 = 1.3238e-04
Loss = 5.5300e-02, PNorm = 108.9815, GNorm = 0.7939, lr_0 = 1.3225e-04
Loss = 5.5423e-02, PNorm = 108.9811, GNorm = 0.1772, lr_0 = 1.3211e-04
Loss = 5.2615e-02, PNorm = 108.9816, GNorm = 0.4365, lr_0 = 1.3197e-04
Loss = 3.6808e-02, PNorm = 108.9834, GNorm = 0.2563, lr_0 = 1.3184e-04
Loss = 6.6765e-02, PNorm = 108.9856, GNorm = 0.3034, lr_0 = 1.3170e-04
Loss = 6.5868e-02, PNorm = 108.9886, GNorm = 0.3933, lr_0 = 1.3157e-04
Loss = 3.5493e-02, PNorm = 108.9902, GNorm = 0.2271, lr_0 = 1.3143e-04
Loss = 4.5788e-02, PNorm = 108.9925, GNorm = 0.2742, lr_0 = 1.3130e-04
Loss = 4.6415e-02, PNorm = 108.9956, GNorm = 0.2156, lr_0 = 1.3116e-04
Loss = 1.8352e-02, PNorm = 108.9990, GNorm = 0.2145, lr_0 = 1.3103e-04
Loss = 1.4213e-02, PNorm = 109.0035, GNorm = 0.1530, lr_0 = 1.3089e-04
Loss = 4.4190e-02, PNorm = 109.0066, GNorm = 0.1500, lr_0 = 1.3076e-04
Loss = 4.4742e-02, PNorm = 109.0079, GNorm = 0.4335, lr_0 = 1.3063e-04
Loss = 5.4818e-03, PNorm = 109.0089, GNorm = 0.1302, lr_0 = 1.3049e-04
Loss = 4.6810e-02, PNorm = 109.0111, GNorm = 1.2804, lr_0 = 1.3036e-04
Loss = 5.2417e-02, PNorm = 109.0106, GNorm = 0.3845, lr_0 = 1.3022e-04
Loss = 4.8266e-02, PNorm = 109.0095, GNorm = 0.1626, lr_0 = 1.3009e-04
Loss = 7.5178e-02, PNorm = 109.0107, GNorm = 1.1643, lr_0 = 1.2996e-04
Loss = 2.5993e-02, PNorm = 109.0130, GNorm = 0.2403, lr_0 = 1.2982e-04
Loss = 5.2799e-02, PNorm = 109.0161, GNorm = 0.2314, lr_0 = 1.2969e-04
Loss = 1.8327e-02, PNorm = 109.0201, GNorm = 0.1639, lr_0 = 1.2956e-04
Loss = 3.4213e-02, PNorm = 109.0242, GNorm = 0.1555, lr_0 = 1.2942e-04
Loss = 4.5069e-02, PNorm = 109.0266, GNorm = 0.1780, lr_0 = 1.2929e-04
Loss = 1.4981e-02, PNorm = 109.0309, GNorm = 0.1599, lr_0 = 1.2916e-04
Loss = 1.5022e-02, PNorm = 109.0352, GNorm = 0.1398, lr_0 = 1.2902e-04
Loss = 1.3226e-02, PNorm = 109.0394, GNorm = 0.1036, lr_0 = 1.2889e-04
Loss = 2.4918e-02, PNorm = 109.0423, GNorm = 0.0970, lr_0 = 1.2876e-04
Loss = 4.0112e-02, PNorm = 109.0439, GNorm = 0.1043, lr_0 = 1.2863e-04
Loss = 7.1559e-02, PNorm = 109.0423, GNorm = 0.1272, lr_0 = 1.2849e-04
Loss = 9.6689e-02, PNorm = 109.0376, GNorm = 1.2536, lr_0 = 1.2836e-04
Loss = 7.0204e-02, PNorm = 109.0352, GNorm = 0.6583, lr_0 = 1.2823e-04
Loss = 2.2740e-02, PNorm = 109.0378, GNorm = 0.5354, lr_0 = 1.2810e-04
Loss = 8.0842e-02, PNorm = 109.0408, GNorm = 0.6472, lr_0 = 1.2797e-04
Validation auc = 0.639020
Epoch 27
Loss = 1.0289e-02, PNorm = 109.0439, GNorm = 0.2019, lr_0 = 1.2784e-04
Loss = 4.2084e-02, PNorm = 109.0489, GNorm = 0.2125, lr_0 = 1.2770e-04
Loss = 4.0309e-02, PNorm = 109.0516, GNorm = 0.2823, lr_0 = 1.2757e-04
Loss = 5.4768e-02, PNorm = 109.0554, GNorm = 0.7341, lr_0 = 1.2744e-04
Loss = 1.8191e-02, PNorm = 109.0579, GNorm = 0.2107, lr_0 = 1.2731e-04
Loss = 6.3213e-02, PNorm = 109.0598, GNorm = 0.2993, lr_0 = 1.2718e-04
Loss = 3.3643e-02, PNorm = 109.0620, GNorm = 0.1645, lr_0 = 1.2705e-04
Loss = 3.9592e-02, PNorm = 109.0639, GNorm = 1.0088, lr_0 = 1.2692e-04
Loss = 3.5610e-02, PNorm = 109.0647, GNorm = 0.1490, lr_0 = 1.2679e-04
Loss = 7.8278e-02, PNorm = 109.0658, GNorm = 1.0903, lr_0 = 1.2666e-04
Loss = 4.9778e-02, PNorm = 109.0671, GNorm = 0.3228, lr_0 = 1.2653e-04
Loss = 5.3333e-02, PNorm = 109.0697, GNorm = 0.2578, lr_0 = 1.2640e-04
Loss = 1.0548e-02, PNorm = 109.0744, GNorm = 0.2474, lr_0 = 1.2627e-04
Loss = 8.5332e-02, PNorm = 109.0763, GNorm = 0.2050, lr_0 = 1.2614e-04
Loss = 4.2820e-02, PNorm = 109.0779, GNorm = 0.2096, lr_0 = 1.2601e-04
Loss = 5.9269e-02, PNorm = 109.0798, GNorm = 0.5019, lr_0 = 1.2588e-04
Loss = 5.0659e-02, PNorm = 109.0825, GNorm = 0.2382, lr_0 = 1.2575e-04
Loss = 6.4381e-02, PNorm = 109.0854, GNorm = 0.2555, lr_0 = 1.2562e-04
Loss = 4.7352e-02, PNorm = 109.0880, GNorm = 0.2462, lr_0 = 1.2549e-04
Loss = 6.2554e-02, PNorm = 109.0894, GNorm = 0.2740, lr_0 = 1.2536e-04
Loss = 3.0671e-02, PNorm = 109.0922, GNorm = 0.2060, lr_0 = 1.2523e-04
Loss = 4.5607e-02, PNorm = 109.0967, GNorm = 0.2032, lr_0 = 1.2511e-04
Loss = 6.2187e-02, PNorm = 109.1002, GNorm = 0.2321, lr_0 = 1.2498e-04
Loss = 4.6645e-02, PNorm = 109.1022, GNorm = 0.2249, lr_0 = 1.2485e-04
Loss = 5.5241e-02, PNorm = 109.1044, GNorm = 0.1967, lr_0 = 1.2472e-04
Loss = 6.1618e-02, PNorm = 109.1061, GNorm = 0.2630, lr_0 = 1.2459e-04
Loss = 4.7478e-02, PNorm = 109.1100, GNorm = 0.2755, lr_0 = 1.2446e-04
Loss = 5.5468e-02, PNorm = 109.1145, GNorm = 0.2915, lr_0 = 1.2434e-04
Loss = 5.7744e-02, PNorm = 109.1187, GNorm = 0.3294, lr_0 = 1.2421e-04
Loss = 3.4924e-02, PNorm = 109.1248, GNorm = 0.2176, lr_0 = 1.2408e-04
Loss = 3.7902e-02, PNorm = 109.1312, GNorm = 0.4470, lr_0 = 1.2395e-04
Loss = 5.1854e-02, PNorm = 109.1359, GNorm = 0.1905, lr_0 = 1.2383e-04
Loss = 6.5079e-02, PNorm = 109.1373, GNorm = 0.1997, lr_0 = 1.2370e-04
Loss = 3.5803e-02, PNorm = 109.1404, GNorm = 0.1925, lr_0 = 1.2357e-04
Loss = 2.5222e-02, PNorm = 109.1447, GNorm = 0.4422, lr_0 = 1.2344e-04
Loss = 5.8694e-02, PNorm = 109.1453, GNorm = 0.2040, lr_0 = 1.2332e-04
Loss = 8.4446e-03, PNorm = 109.1493, GNorm = 0.1463, lr_0 = 1.2319e-04
Loss = 1.0787e-01, PNorm = 109.1502, GNorm = 0.8911, lr_0 = 1.2306e-04
Loss = 4.6512e-02, PNorm = 109.1508, GNorm = 0.2511, lr_0 = 1.2294e-04
Loss = 8.4295e-02, PNorm = 109.1528, GNorm = 0.2711, lr_0 = 1.2281e-04
Loss = 7.8160e-02, PNorm = 109.1561, GNorm = 0.2917, lr_0 = 1.2269e-04
Loss = 3.9515e-02, PNorm = 109.1621, GNorm = 0.2750, lr_0 = 1.2256e-04
Loss = 8.0313e-02, PNorm = 109.1661, GNorm = 0.3229, lr_0 = 1.2243e-04
Loss = 5.9492e-02, PNorm = 109.1714, GNorm = 0.2777, lr_0 = 1.2231e-04
Loss = 4.8692e-02, PNorm = 109.1784, GNorm = 0.2566, lr_0 = 1.2218e-04
Loss = 2.7307e-02, PNorm = 109.1851, GNorm = 0.2109, lr_0 = 1.2206e-04
Loss = 6.6604e-02, PNorm = 109.1911, GNorm = 0.9306, lr_0 = 1.2193e-04
Loss = 1.0423e-02, PNorm = 109.1956, GNorm = 0.1844, lr_0 = 1.2181e-04
Loss = 2.6630e-02, PNorm = 109.2027, GNorm = 0.2090, lr_0 = 1.2168e-04
Loss = 5.2816e-02, PNorm = 109.2108, GNorm = 0.1524, lr_0 = 1.2156e-04
Loss = 2.9424e-02, PNorm = 109.2178, GNorm = 0.1189, lr_0 = 1.2143e-04
Loss = 7.6951e-02, PNorm = 109.2211, GNorm = 0.5755, lr_0 = 1.2131e-04
Loss = 3.9340e-02, PNorm = 109.2212, GNorm = 0.4539, lr_0 = 1.2118e-04
Loss = 5.2697e-02, PNorm = 109.2200, GNorm = 0.2494, lr_0 = 1.2106e-04
Loss = 8.5955e-02, PNorm = 109.2211, GNorm = 1.0474, lr_0 = 1.2093e-04
Loss = 4.1463e-02, PNorm = 109.2192, GNorm = 0.3243, lr_0 = 1.2081e-04
Loss = 3.2684e-02, PNorm = 109.2219, GNorm = 1.1056, lr_0 = 1.2068e-04
Loss = 5.1421e-02, PNorm = 109.2231, GNorm = 0.2161, lr_0 = 1.2056e-04
Loss = 2.7704e-02, PNorm = 109.2272, GNorm = 0.2145, lr_0 = 1.2044e-04
Loss = 6.7350e-02, PNorm = 109.2277, GNorm = 0.2236, lr_0 = 1.2031e-04
Loss = 5.4864e-02, PNorm = 109.2281, GNorm = 0.2031, lr_0 = 1.2019e-04
Loss = 4.2120e-02, PNorm = 109.2306, GNorm = 0.2206, lr_0 = 1.2007e-04
Loss = 4.8245e-02, PNorm = 109.2336, GNorm = 0.7324, lr_0 = 1.1994e-04
Loss = 1.7149e-02, PNorm = 109.2364, GNorm = 0.1971, lr_0 = 1.1982e-04
Loss = 3.1573e-02, PNorm = 109.2410, GNorm = 0.1807, lr_0 = 1.1970e-04
Loss = 7.4234e-02, PNorm = 109.2428, GNorm = 0.4141, lr_0 = 1.1957e-04
Loss = 4.7100e-02, PNorm = 109.2428, GNorm = 0.2162, lr_0 = 1.1945e-04
Loss = 7.9139e-02, PNorm = 109.2431, GNorm = 0.2452, lr_0 = 1.1933e-04
Loss = 5.6350e-02, PNorm = 109.2445, GNorm = 0.2628, lr_0 = 1.1921e-04
Loss = 6.1547e-02, PNorm = 109.2456, GNorm = 0.2598, lr_0 = 1.1908e-04
Loss = 7.0047e-02, PNorm = 109.2479, GNorm = 0.2754, lr_0 = 1.1896e-04
Loss = 6.5451e-02, PNorm = 109.2506, GNorm = 0.5792, lr_0 = 1.1884e-04
Loss = 6.4068e-02, PNorm = 109.2523, GNorm = 0.2905, lr_0 = 1.1872e-04
Loss = 2.7551e-02, PNorm = 109.2554, GNorm = 0.4202, lr_0 = 1.1859e-04
Loss = 3.2225e-02, PNorm = 109.2596, GNorm = 0.3413, lr_0 = 1.1847e-04
Loss = 3.3276e-02, PNorm = 109.2636, GNorm = 0.1849, lr_0 = 1.1835e-04
Loss = 5.4711e-02, PNorm = 109.2629, GNorm = 0.2136, lr_0 = 1.1823e-04
Loss = 3.8822e-02, PNorm = 109.2640, GNorm = 0.2013, lr_0 = 1.1811e-04
Loss = 3.2413e-02, PNorm = 109.2655, GNorm = 0.1552, lr_0 = 1.1799e-04
Loss = 7.7847e-02, PNorm = 109.2633, GNorm = 0.2080, lr_0 = 1.1786e-04
Validation auc = 0.642541
Epoch 28
Loss = 8.0706e-02, PNorm = 109.2631, GNorm = 0.4511, lr_0 = 1.1774e-04
Loss = 4.2777e-02, PNorm = 109.2657, GNorm = 0.2338, lr_0 = 1.1762e-04
Loss = 7.7364e-02, PNorm = 109.2679, GNorm = 0.5623, lr_0 = 1.1750e-04
Loss = 3.7383e-02, PNorm = 109.2717, GNorm = 0.2492, lr_0 = 1.1738e-04
Loss = 6.4609e-02, PNorm = 109.2758, GNorm = 0.2975, lr_0 = 1.1726e-04
Loss = 4.3491e-02, PNorm = 109.2795, GNorm = 0.2625, lr_0 = 1.1714e-04
Loss = 1.9229e-02, PNorm = 109.2850, GNorm = 0.1893, lr_0 = 1.1702e-04
Loss = 5.0340e-02, PNorm = 109.2882, GNorm = 0.6204, lr_0 = 1.1690e-04
Loss = 3.0981e-02, PNorm = 109.2902, GNorm = 0.1351, lr_0 = 1.1678e-04
Loss = 4.9438e-02, PNorm = 109.2916, GNorm = 0.1789, lr_0 = 1.1666e-04
Loss = 4.6394e-02, PNorm = 109.2916, GNorm = 0.1492, lr_0 = 1.1654e-04
Loss = 2.9643e-02, PNorm = 109.2939, GNorm = 0.1524, lr_0 = 1.1642e-04
Loss = 3.5996e-02, PNorm = 109.2969, GNorm = 0.1859, lr_0 = 1.1630e-04
Loss = 4.0037e-02, PNorm = 109.3005, GNorm = 0.7202, lr_0 = 1.1618e-04
Loss = 6.8137e-02, PNorm = 109.3024, GNorm = 0.5093, lr_0 = 1.1606e-04
Loss = 6.8300e-02, PNorm = 109.3027, GNorm = 0.2032, lr_0 = 1.1594e-04
Loss = 5.6471e-02, PNorm = 109.3051, GNorm = 0.2450, lr_0 = 1.1582e-04
Loss = 6.0714e-02, PNorm = 109.3066, GNorm = 0.2554, lr_0 = 1.1570e-04
Loss = 5.0983e-02, PNorm = 109.3087, GNorm = 0.2575, lr_0 = 1.1559e-04
Loss = 5.8772e-02, PNorm = 109.3115, GNorm = 0.4766, lr_0 = 1.1547e-04
Loss = 4.7965e-02, PNorm = 109.3147, GNorm = 0.4615, lr_0 = 1.1535e-04
Loss = 7.2373e-02, PNorm = 109.3113, GNorm = 0.3555, lr_0 = 1.1523e-04
Loss = 1.6920e-02, PNorm = 109.3126, GNorm = 0.2539, lr_0 = 1.1511e-04
Loss = 3.7466e-02, PNorm = 109.3163, GNorm = 0.4759, lr_0 = 1.1499e-04
Loss = 4.2837e-02, PNorm = 109.3189, GNorm = 0.1841, lr_0 = 1.1487e-04
Loss = 7.8188e-02, PNorm = 109.3198, GNorm = 0.5420, lr_0 = 1.1476e-04
Loss = 7.5483e-02, PNorm = 109.3207, GNorm = 0.6597, lr_0 = 1.1464e-04
Loss = 5.7116e-02, PNorm = 109.3222, GNorm = 0.5155, lr_0 = 1.1452e-04
Loss = 4.2484e-02, PNorm = 109.3259, GNorm = 0.2630, lr_0 = 1.1440e-04
Loss = 6.3125e-02, PNorm = 109.3293, GNorm = 0.2491, lr_0 = 1.1429e-04
Loss = 9.3646e-02, PNorm = 109.3300, GNorm = 0.2758, lr_0 = 1.1417e-04
Loss = 4.0795e-02, PNorm = 109.3325, GNorm = 0.3358, lr_0 = 1.1405e-04
Loss = 2.4847e-02, PNorm = 109.3367, GNorm = 0.2639, lr_0 = 1.1393e-04
Loss = 4.3960e-02, PNorm = 109.3411, GNorm = 0.4535, lr_0 = 1.1382e-04
Loss = 1.7515e-02, PNorm = 109.3455, GNorm = 0.1674, lr_0 = 1.1370e-04
Loss = 6.9086e-02, PNorm = 109.3484, GNorm = 0.1819, lr_0 = 1.1358e-04
Loss = 8.6213e-02, PNorm = 109.3477, GNorm = 0.3957, lr_0 = 1.1347e-04
Loss = 6.6610e-02, PNorm = 109.3488, GNorm = 1.0628, lr_0 = 1.1335e-04
Loss = 3.9192e-02, PNorm = 109.3494, GNorm = 0.5432, lr_0 = 1.1323e-04
Loss = 4.9638e-02, PNorm = 109.3516, GNorm = 0.3455, lr_0 = 1.1312e-04
Loss = 3.8602e-02, PNorm = 109.3534, GNorm = 0.2161, lr_0 = 1.1300e-04
Loss = 5.5115e-02, PNorm = 109.3559, GNorm = 0.2072, lr_0 = 1.1288e-04
Loss = 2.8046e-02, PNorm = 109.3595, GNorm = 0.5460, lr_0 = 1.1277e-04
Loss = 6.8032e-02, PNorm = 109.3629, GNorm = 0.1977, lr_0 = 1.1265e-04
Loss = 3.9299e-02, PNorm = 109.3667, GNorm = 0.2220, lr_0 = 1.1254e-04
Loss = 6.1549e-02, PNorm = 109.3692, GNorm = 0.4056, lr_0 = 1.1242e-04
Loss = 3.7956e-02, PNorm = 109.3717, GNorm = 0.2109, lr_0 = 1.1231e-04
Loss = 6.8663e-02, PNorm = 109.3728, GNorm = 0.2028, lr_0 = 1.1219e-04
Loss = 2.9624e-02, PNorm = 109.3751, GNorm = 0.2139, lr_0 = 1.1208e-04
Loss = 8.3330e-02, PNorm = 109.3763, GNorm = 0.2198, lr_0 = 1.1196e-04
Loss = 3.6149e-02, PNorm = 109.3785, GNorm = 0.8259, lr_0 = 1.1184e-04
Loss = 4.3067e-02, PNorm = 109.3795, GNorm = 0.2183, lr_0 = 1.1173e-04
Loss = 6.6723e-02, PNorm = 109.3807, GNorm = 0.4032, lr_0 = 1.1162e-04
Loss = 4.8019e-02, PNorm = 109.3831, GNorm = 0.5230, lr_0 = 1.1150e-04
Loss = 2.8316e-02, PNorm = 109.3859, GNorm = 0.1887, lr_0 = 1.1139e-04
Loss = 4.5387e-02, PNorm = 109.3888, GNorm = 0.1985, lr_0 = 1.1127e-04
Loss = 5.8179e-02, PNorm = 109.3908, GNorm = 0.2034, lr_0 = 1.1116e-04
Loss = 5.1509e-02, PNorm = 109.3936, GNorm = 0.2437, lr_0 = 1.1104e-04
Loss = 6.3458e-02, PNorm = 109.3972, GNorm = 0.3656, lr_0 = 1.1093e-04
Loss = 7.4999e-02, PNorm = 109.3990, GNorm = 0.2889, lr_0 = 1.1081e-04
Loss = 1.0938e-02, PNorm = 109.4042, GNorm = 0.2210, lr_0 = 1.1070e-04
Loss = 3.2673e-02, PNorm = 109.4089, GNorm = 0.1485, lr_0 = 1.1059e-04
Loss = 2.5902e-02, PNorm = 109.4125, GNorm = 0.1571, lr_0 = 1.1047e-04
Loss = 6.5847e-03, PNorm = 109.4166, GNorm = 0.1263, lr_0 = 1.1036e-04
Loss = 5.2280e-02, PNorm = 109.4182, GNorm = 0.1358, lr_0 = 1.1025e-04
Loss = 6.9291e-02, PNorm = 109.4165, GNorm = 0.1354, lr_0 = 1.1013e-04
Loss = 2.5453e-02, PNorm = 109.4176, GNorm = 0.5680, lr_0 = 1.1002e-04
Loss = 7.6585e-02, PNorm = 109.4178, GNorm = 0.4178, lr_0 = 1.0991e-04
Loss = 5.6031e-02, PNorm = 109.4177, GNorm = 0.2517, lr_0 = 1.0979e-04
Loss = 7.1544e-02, PNorm = 109.4199, GNorm = 0.4182, lr_0 = 1.0968e-04
Loss = 5.5278e-02, PNorm = 109.4245, GNorm = 0.2833, lr_0 = 1.0957e-04
Loss = 4.8984e-02, PNorm = 109.4300, GNorm = 0.3142, lr_0 = 1.0946e-04
Loss = 5.3489e-02, PNorm = 109.4355, GNorm = 0.6720, lr_0 = 1.0934e-04
Loss = 4.0762e-02, PNorm = 109.4421, GNorm = 0.2159, lr_0 = 1.0923e-04
Loss = 3.3329e-02, PNorm = 109.4494, GNorm = 0.2033, lr_0 = 1.0912e-04
Loss = 5.3335e-02, PNorm = 109.4551, GNorm = 0.1922, lr_0 = 1.0901e-04
Loss = 1.7035e-02, PNorm = 109.4612, GNorm = 0.1611, lr_0 = 1.0890e-04
Loss = 3.6376e-02, PNorm = 109.4674, GNorm = 0.7353, lr_0 = 1.0878e-04
Loss = 3.1470e-02, PNorm = 109.4726, GNorm = 0.1466, lr_0 = 1.0867e-04
Loss = 3.0782e-02, PNorm = 109.4788, GNorm = 0.1499, lr_0 = 1.0856e-04
Validation auc = 0.637545
Epoch 29
Loss = 3.8705e-02, PNorm = 109.4842, GNorm = 0.1134, lr_0 = 1.0845e-04
Loss = 4.8008e-02, PNorm = 109.4876, GNorm = 0.1399, lr_0 = 1.0834e-04
Loss = 3.1517e-02, PNorm = 109.4919, GNorm = 9.2010, lr_0 = 1.0823e-04
Loss = 9.6706e-02, PNorm = 109.4826, GNorm = 0.1879, lr_0 = 1.0811e-04
Loss = 6.4213e-02, PNorm = 109.4823, GNorm = 0.2686, lr_0 = 1.0800e-04
Loss = 6.2305e-02, PNorm = 109.4847, GNorm = 0.6204, lr_0 = 1.0789e-04
Loss = 5.3654e-02, PNorm = 109.4887, GNorm = 0.2717, lr_0 = 1.0778e-04
Loss = 4.5494e-02, PNorm = 109.4964, GNorm = 0.4538, lr_0 = 1.0767e-04
Loss = 3.5054e-02, PNorm = 109.5043, GNorm = 0.4378, lr_0 = 1.0756e-04
Loss = 6.9554e-02, PNorm = 109.4931, GNorm = 0.2179, lr_0 = 1.0745e-04
Loss = 6.3847e-02, PNorm = 109.4898, GNorm = 0.6725, lr_0 = 1.0734e-04
Loss = 5.5559e-02, PNorm = 109.4914, GNorm = 0.4234, lr_0 = 1.0723e-04
Loss = 2.6344e-02, PNorm = 109.4942, GNorm = 0.2427, lr_0 = 1.0712e-04
Loss = 3.7904e-02, PNorm = 109.4971, GNorm = 0.3310, lr_0 = 1.0701e-04
Loss = 4.3271e-02, PNorm = 109.4995, GNorm = 0.4349, lr_0 = 1.0690e-04
Loss = 3.6303e-02, PNorm = 109.5009, GNorm = 0.2149, lr_0 = 1.0679e-04
Loss = 4.3417e-02, PNorm = 109.5004, GNorm = 0.1881, lr_0 = 1.0668e-04
Loss = 8.1337e-02, PNorm = 109.5001, GNorm = 0.5646, lr_0 = 1.0657e-04
Loss = 5.0943e-02, PNorm = 109.4995, GNorm = 0.2572, lr_0 = 1.0646e-04
Loss = 5.7961e-02, PNorm = 109.5022, GNorm = 0.4041, lr_0 = 1.0635e-04
Loss = 2.0570e-02, PNorm = 109.5055, GNorm = 0.2157, lr_0 = 1.0624e-04
Loss = 3.7932e-02, PNorm = 109.5081, GNorm = 0.1976, lr_0 = 1.0613e-04
Loss = 7.4648e-02, PNorm = 109.5094, GNorm = 0.1860, lr_0 = 1.0602e-04
Loss = 6.8880e-02, PNorm = 109.5105, GNorm = 0.4072, lr_0 = 1.0591e-04
Loss = 3.4482e-02, PNorm = 109.5131, GNorm = 0.2350, lr_0 = 1.0581e-04
Loss = 3.3646e-02, PNorm = 109.5170, GNorm = 0.3024, lr_0 = 1.0570e-04
Loss = 5.9316e-02, PNorm = 109.5192, GNorm = 0.2116, lr_0 = 1.0559e-04
Loss = 6.7973e-02, PNorm = 109.5203, GNorm = 0.2154, lr_0 = 1.0548e-04
Loss = 4.3052e-02, PNorm = 109.5216, GNorm = 0.2383, lr_0 = 1.0537e-04
Loss = 3.7920e-02, PNorm = 109.5240, GNorm = 0.2197, lr_0 = 1.0526e-04
Loss = 3.3723e-02, PNorm = 109.5267, GNorm = 0.3281, lr_0 = 1.0516e-04
Loss = 3.8729e-02, PNorm = 109.5306, GNorm = 0.1599, lr_0 = 1.0505e-04
Loss = 5.7282e-02, PNorm = 109.5323, GNorm = 0.1686, lr_0 = 1.0494e-04
Loss = 3.5300e-02, PNorm = 109.5344, GNorm = 0.4639, lr_0 = 1.0483e-04
Loss = 5.3628e-02, PNorm = 109.5360, GNorm = 0.3637, lr_0 = 1.0472e-04
Loss = 3.8593e-02, PNorm = 109.5380, GNorm = 0.1836, lr_0 = 1.0462e-04
Loss = 9.7046e-02, PNorm = 109.5405, GNorm = 0.4789, lr_0 = 1.0451e-04
Loss = 4.7632e-02, PNorm = 109.5433, GNorm = 0.2182, lr_0 = 1.0440e-04
Loss = 4.9906e-02, PNorm = 109.5460, GNorm = 0.2395, lr_0 = 1.0429e-04
Loss = 4.0757e-02, PNorm = 109.5491, GNorm = 0.2165, lr_0 = 1.0419e-04
Loss = 4.7634e-02, PNorm = 109.5519, GNorm = 0.5097, lr_0 = 1.0408e-04
Loss = 5.0567e-02, PNorm = 109.5539, GNorm = 0.5077, lr_0 = 1.0397e-04
Loss = 3.6816e-02, PNorm = 109.5561, GNorm = 0.1793, lr_0 = 1.0387e-04
Loss = 3.8686e-02, PNorm = 109.5584, GNorm = 0.4323, lr_0 = 1.0376e-04
Loss = 5.8517e-02, PNorm = 109.5590, GNorm = 0.1567, lr_0 = 1.0365e-04
Loss = 4.3007e-02, PNorm = 109.5607, GNorm = 0.1956, lr_0 = 1.0355e-04
Loss = 5.2157e-02, PNorm = 109.5626, GNorm = 0.4575, lr_0 = 1.0344e-04
Loss = 4.7107e-02, PNorm = 109.5640, GNorm = 0.1980, lr_0 = 1.0333e-04
Loss = 5.6354e-02, PNorm = 109.5657, GNorm = 0.2216, lr_0 = 1.0323e-04
Loss = 2.3737e-02, PNorm = 109.5682, GNorm = 0.1483, lr_0 = 1.0312e-04
Loss = 6.1190e-02, PNorm = 109.5707, GNorm = 0.1990, lr_0 = 1.0302e-04
Loss = 7.8259e-02, PNorm = 109.5737, GNorm = 0.2133, lr_0 = 1.0291e-04
Loss = 4.7026e-02, PNorm = 109.5764, GNorm = 0.5465, lr_0 = 1.0280e-04
Loss = 1.6775e-02, PNorm = 109.5798, GNorm = 0.2205, lr_0 = 1.0270e-04
Loss = 1.7322e-02, PNorm = 109.5843, GNorm = 0.2001, lr_0 = 1.0259e-04
Loss = 4.4937e-02, PNorm = 109.5875, GNorm = 0.1419, lr_0 = 1.0249e-04
Loss = 6.0614e-02, PNorm = 109.5895, GNorm = 0.1437, lr_0 = 1.0238e-04
Loss = 2.8304e-02, PNorm = 109.5903, GNorm = 0.1642, lr_0 = 1.0228e-04
Loss = 5.3047e-02, PNorm = 109.5906, GNorm = 0.4357, lr_0 = 1.0217e-04
Loss = 3.6024e-02, PNorm = 109.5916, GNorm = 0.1559, lr_0 = 1.0207e-04
Loss = 9.0840e-02, PNorm = 109.5927, GNorm = 1.5994, lr_0 = 1.0196e-04
Loss = 6.0729e-02, PNorm = 109.5917, GNorm = 0.5271, lr_0 = 1.0186e-04
Loss = 6.6181e-02, PNorm = 109.5930, GNorm = 0.4250, lr_0 = 1.0175e-04
Loss = 6.8867e-02, PNorm = 109.5942, GNorm = 0.2554, lr_0 = 1.0165e-04
Loss = 4.8899e-02, PNorm = 109.5968, GNorm = 0.3102, lr_0 = 1.0154e-04
Loss = 5.0582e-02, PNorm = 109.6012, GNorm = 0.2699, lr_0 = 1.0144e-04
Loss = 4.3435e-02, PNorm = 109.6051, GNorm = 0.2160, lr_0 = 1.0133e-04
Loss = 4.3247e-02, PNorm = 109.6088, GNorm = 0.2114, lr_0 = 1.0123e-04
Loss = 2.8838e-02, PNorm = 109.6124, GNorm = 0.4462, lr_0 = 1.0113e-04
Loss = 3.3187e-02, PNorm = 109.6155, GNorm = 0.1708, lr_0 = 1.0102e-04
Loss = 5.1102e-02, PNorm = 109.6174, GNorm = 0.1769, lr_0 = 1.0092e-04
Loss = 3.5996e-02, PNorm = 109.6190, GNorm = 0.1293, lr_0 = 1.0082e-04
Loss = 7.3397e-02, PNorm = 109.6196, GNorm = 0.6648, lr_0 = 1.0071e-04
Loss = 5.0558e-02, PNorm = 109.6196, GNorm = 0.5047, lr_0 = 1.0061e-04
Loss = 7.5607e-02, PNorm = 109.6204, GNorm = 1.1492, lr_0 = 1.0050e-04
Loss = 6.2120e-02, PNorm = 109.6215, GNorm = 0.5260, lr_0 = 1.0040e-04
Loss = 2.8641e-02, PNorm = 109.6238, GNorm = 0.2220, lr_0 = 1.0030e-04
Loss = 4.6446e-02, PNorm = 109.6273, GNorm = 0.4696, lr_0 = 1.0020e-04
Loss = 6.8132e-02, PNorm = 109.6290, GNorm = 0.6286, lr_0 = 1.0009e-04
Loss = 3.9409e-02, PNorm = 109.6291, GNorm = 0.2081, lr_0 = 1.0000e-04
Validation auc = 0.636994
Model 0 best validation auc = 0.655439 on epoch 19
Loading pretrained parameter "encoder.encoder.0.cached_zero_vector".
Loading pretrained parameter "encoder.encoder.0.W_i.weight".
Loading pretrained parameter "encoder.encoder.0.W_h.weight".
Loading pretrained parameter "encoder.encoder.0.W_o.weight".
Loading pretrained parameter "encoder.encoder.0.W_o.bias".
Loading pretrained parameter "ffn.1.weight".
Loading pretrained parameter "ffn.1.bias".
Loading pretrained parameter "ffn.4.weight".
Loading pretrained parameter "ffn.4.bias".
Loading pretrained parameter "ffn.7.weight".
Loading pretrained parameter "ffn.7.bias".
Model 0 test auc = 0.601377
Ensemble test auc = 0.601377
1-fold cross validation
	Seed 5 ==> test auc = 0.601377
Overall test auc = 0.601377 +/- 0.000000
Elapsed time = 1 day, 6:05:48
