Command line
python /home/felixjwong/miniconda3/envs/chemprop/bin/chemprop_train --data_path ./hdpc.csv --dataset_type classification --config_path ./hyperparameters.json --save_dir ./hdpc/10 --ensemble_size 1 --seed 10 --features_generator rdkit_2d_normalized --no_features_scaling
Args
{'activation': 'ReLU',
 'aggregation': 'mean',
 'aggregation_norm': 100,
 'atom_descriptor_scaling': True,
 'atom_descriptors': None,
 'atom_descriptors_path': None,
 'atom_descriptors_size': 0,
 'atom_features_size': 0,
 'atom_messages': False,
 'batch_size': 50,
 'bias': False,
 'bond_feature_scaling': True,
 'bond_features_path': None,
 'bond_features_size': 0,
 'cache_cutoff': 10000,
 'checkpoint_dir': None,
 'checkpoint_path': None,
 'checkpoint_paths': None,
 'class_balance': False,
 'config_path': './hyperparameters.json',
 'crossval_index_dir': None,
 'crossval_index_file': None,
 'crossval_index_sets': None,
 'cuda': False,
 'data_path': './hdpc.csv',
 'dataset_type': 'classification',
 'depth': 5,
 'device': device(type='cpu'),
 'dropout': 0.35,
 'ensemble_size': 1,
 'epochs': 30,
 'extra_metrics': [],
 'features_generator': ['rdkit_2d_normalized'],
 'features_only': False,
 'features_path': None,
 'features_scaling': False,
 'features_size': None,
 'ffn_hidden_size': 1600,
 'ffn_num_layers': 3,
 'final_lr': 0.0001,
 'folds_file': None,
 'gpu': None,
 'grad_clip': None,
 'hidden_size': 1600,
 'ignore_columns': None,
 'init_lr': 0.0001,
 'log_frequency': 10,
 'max_data_size': None,
 'max_lr': 0.001,
 'metric': 'auc',
 'metrics': ['auc'],
 'minimize_score': False,
 'mpn_shared': False,
 'multiclass_num_classes': 3,
 'no_atom_descriptor_scaling': False,
 'no_bond_features_scaling': False,
 'no_cache_mol': False,
 'no_cuda': False,
 'no_features_scaling': True,
 'num_folds': 1,
 'num_lrs': 1,
 'num_tasks': 1,
 'num_workers': 8,
 'number_of_molecules': 1,
 'overwrite_default_atom_features': False,
 'overwrite_default_bond_features': False,
 'pytorch_seed': 0,
 'quiet': False,
 'save_dir': './hdpc/10',
 'save_preds': False,
 'save_smiles_splits': False,
 'seed': 10,
 'separate_test_atom_descriptors_path': None,
 'separate_test_bond_features_path': None,
 'separate_test_features_path': None,
 'separate_test_path': None,
 'separate_val_atom_descriptors_path': None,
 'separate_val_bond_features_path': None,
 'separate_val_features_path': None,
 'separate_val_path': None,
 'show_individual_scores': False,
 'smiles_columns': ['\ufeffSMILES'],
 'split_sizes': (0.8, 0.1, 0.1),
 'split_type': 'random',
 'target_columns': None,
 'task_names': ['HIT'],
 'test': False,
 'test_fold_index': None,
 'train_data_size': None,
 'undirected': False,
 'use_input_features': True,
 'val_fold_index': None,
 'warmup_epochs': 2.0}
Loading data
Number of tasks = 1
Fold 0
Splitting data with seed 10
Class sizes
HIT 0: 99.12%, 1: 0.88%
Total size = 50,000 | train size = 40,000 | val size = 5,000 | test size = 5,000
Building model 0
MoleculeModel(
  (sigmoid): Sigmoid()
  (encoder): MPN(
    (encoder): ModuleList(
      (0): MPNEncoder(
        (dropout_layer): Dropout(p=0.35, inplace=False)
        (act_func): ReLU()
        (W_i): Linear(in_features=147, out_features=1600, bias=False)
        (W_h): Linear(in_features=1600, out_features=1600, bias=False)
        (W_o): Linear(in_features=1733, out_features=1600, bias=True)
      )
    )
  )
  (ffn): Sequential(
    (0): Dropout(p=0.35, inplace=False)
    (1): Linear(in_features=1800, out_features=1600, bias=True)
    (2): ReLU()
    (3): Dropout(p=0.35, inplace=False)
    (4): Linear(in_features=1600, out_features=1600, bias=True)
    (5): ReLU()
    (6): Dropout(p=0.35, inplace=False)
    (7): Linear(in_features=1600, out_features=1, bias=True)
  )
)
Number of parameters = 11,014,401
Epoch 0
Loss = 1.7975e-01, PNorm = 82.6430, GNorm = 1.4819, lr_0 = 1.0619e-04
Loss = 1.2789e-01, PNorm = 82.6457, GNorm = 0.1204, lr_0 = 1.1181e-04
Loss = 6.7171e-02, PNorm = 82.6506, GNorm = 0.2419, lr_0 = 1.1744e-04
Loss = 6.1719e-02, PNorm = 82.6584, GNorm = 0.5460, lr_0 = 1.2306e-04
Loss = 6.7266e-02, PNorm = 82.6630, GNorm = 0.1110, lr_0 = 1.2869e-04
Loss = 9.8950e-02, PNorm = 82.6668, GNorm = 0.2592, lr_0 = 1.3431e-04
Loss = 2.4492e-02, PNorm = 82.6801, GNorm = 0.0496, lr_0 = 1.3994e-04
Loss = 8.3534e-02, PNorm = 82.6832, GNorm = 0.4982, lr_0 = 1.4556e-04
Loss = 8.7160e-02, PNorm = 82.6870, GNorm = 0.3411, lr_0 = 1.5119e-04
Loss = 3.3009e-02, PNorm = 82.6990, GNorm = 0.0818, lr_0 = 1.5681e-04
Loss = 3.8496e-02, PNorm = 82.7112, GNorm = 0.7238, lr_0 = 1.6244e-04
Loss = 4.3857e-02, PNorm = 82.7103, GNorm = 0.0790, lr_0 = 1.6806e-04
Loss = 8.0790e-02, PNorm = 82.7155, GNorm = 0.2089, lr_0 = 1.7369e-04
Loss = 5.0653e-02, PNorm = 82.7295, GNorm = 0.0987, lr_0 = 1.7931e-04
Loss = 5.8068e-02, PNorm = 82.7388, GNorm = 0.0901, lr_0 = 1.8494e-04
Loss = 5.3644e-02, PNorm = 82.7501, GNorm = 0.4670, lr_0 = 1.9056e-04
Loss = 4.1811e-02, PNorm = 82.7585, GNorm = 0.3848, lr_0 = 1.9619e-04
Loss = 6.6545e-02, PNorm = 82.7667, GNorm = 0.1436, lr_0 = 2.0181e-04
Loss = 1.7125e-02, PNorm = 82.7855, GNorm = 0.0296, lr_0 = 2.0744e-04
Loss = 3.6492e-02, PNorm = 82.7948, GNorm = 0.0099, lr_0 = 2.1306e-04
Loss = 7.0803e-02, PNorm = 82.7937, GNorm = 0.2285, lr_0 = 2.1869e-04
Loss = 4.9196e-02, PNorm = 82.8096, GNorm = 0.0786, lr_0 = 2.2431e-04
Loss = 7.4595e-02, PNorm = 82.8182, GNorm = 0.1422, lr_0 = 2.2994e-04
Loss = 1.8680e-02, PNorm = 82.8363, GNorm = 0.0285, lr_0 = 2.3556e-04
Loss = 8.6487e-02, PNorm = 82.8399, GNorm = 0.1216, lr_0 = 2.4119e-04
Loss = 4.9849e-02, PNorm = 82.8533, GNorm = 0.3754, lr_0 = 2.4681e-04
Loss = 8.2392e-02, PNorm = 82.8658, GNorm = 0.2184, lr_0 = 2.5244e-04
Loss = 9.9360e-02, PNorm = 82.8823, GNorm = 0.6203, lr_0 = 2.5806e-04
Loss = 2.6105e-02, PNorm = 82.9050, GNorm = 0.0435, lr_0 = 2.6369e-04
Loss = 5.4057e-02, PNorm = 82.9161, GNorm = 0.0383, lr_0 = 2.6931e-04
Loss = 7.0970e-02, PNorm = 82.9248, GNorm = 0.3295, lr_0 = 2.7494e-04
Loss = 6.1271e-02, PNorm = 82.9420, GNorm = 0.0958, lr_0 = 2.8056e-04
Loss = 2.8670e-02, PNorm = 82.9580, GNorm = 0.0472, lr_0 = 2.8619e-04
Loss = 4.9666e-02, PNorm = 82.9641, GNorm = 0.1107, lr_0 = 2.9181e-04
Loss = 1.6808e-02, PNorm = 82.9816, GNorm = 0.0428, lr_0 = 2.9744e-04
Loss = 1.0407e-01, PNorm = 82.9836, GNorm = 0.3404, lr_0 = 3.0306e-04
Loss = 1.0583e-01, PNorm = 83.0028, GNorm = 0.1977, lr_0 = 3.0869e-04
Loss = 8.8575e-02, PNorm = 83.0224, GNorm = 0.1017, lr_0 = 3.1431e-04
Loss = 6.0688e-02, PNorm = 83.0357, GNorm = 0.1910, lr_0 = 3.1994e-04
Loss = 6.4514e-02, PNorm = 83.0540, GNorm = 0.3782, lr_0 = 3.2556e-04
Loss = 4.8444e-02, PNorm = 83.0647, GNorm = 0.1489, lr_0 = 3.3119e-04
Loss = 5.9260e-02, PNorm = 83.0850, GNorm = 0.8652, lr_0 = 3.3681e-04
Loss = 5.1230e-02, PNorm = 83.0895, GNorm = 0.2139, lr_0 = 3.4244e-04
Loss = 5.0093e-02, PNorm = 83.1105, GNorm = 0.3791, lr_0 = 3.4806e-04
Loss = 3.7362e-02, PNorm = 83.1214, GNorm = 0.0737, lr_0 = 3.5369e-04
Loss = 4.5823e-02, PNorm = 83.1290, GNorm = 0.1162, lr_0 = 3.5931e-04
Loss = 7.4627e-02, PNorm = 83.1406, GNorm = 0.2674, lr_0 = 3.6494e-04
Loss = 6.2314e-03, PNorm = 83.1691, GNorm = 0.0131, lr_0 = 3.7056e-04
Loss = 1.2263e-01, PNorm = 83.1702, GNorm = 0.5938, lr_0 = 3.7619e-04
Loss = 7.7057e-02, PNorm = 83.1956, GNorm = 0.2025, lr_0 = 3.8181e-04
Loss = 4.1842e-02, PNorm = 83.2259, GNorm = 0.0457, lr_0 = 3.8744e-04
Loss = 4.0155e-02, PNorm = 83.2396, GNorm = 0.3818, lr_0 = 3.9306e-04
Loss = 6.8664e-02, PNorm = 83.2426, GNorm = 0.1931, lr_0 = 3.9869e-04
Loss = 5.2346e-02, PNorm = 83.2594, GNorm = 0.0841, lr_0 = 4.0431e-04
Loss = 4.0965e-02, PNorm = 83.2696, GNorm = 0.1094, lr_0 = 4.0994e-04
Loss = 8.9156e-02, PNorm = 83.2784, GNorm = 0.2540, lr_0 = 4.1556e-04
Loss = 5.6317e-02, PNorm = 83.3011, GNorm = 0.3666, lr_0 = 4.2119e-04
Loss = 5.2520e-02, PNorm = 83.3077, GNorm = 0.1885, lr_0 = 4.2681e-04
Loss = 5.9388e-02, PNorm = 83.3247, GNorm = 0.3778, lr_0 = 4.3244e-04
Loss = 3.7918e-02, PNorm = 83.3383, GNorm = 0.0958, lr_0 = 4.3806e-04
Loss = 6.7568e-02, PNorm = 83.3480, GNorm = 0.1754, lr_0 = 4.4369e-04
Loss = 7.5666e-02, PNorm = 83.3704, GNorm = 0.8714, lr_0 = 4.4931e-04
Loss = 3.8313e-02, PNorm = 83.3870, GNorm = 0.1332, lr_0 = 4.5494e-04
Loss = 7.7706e-02, PNorm = 83.4070, GNorm = 0.2069, lr_0 = 4.6056e-04
Loss = 4.1777e-02, PNorm = 83.4357, GNorm = 0.1079, lr_0 = 4.6619e-04
Loss = 1.6142e-02, PNorm = 83.4640, GNorm = 0.0231, lr_0 = 4.7181e-04
Loss = 2.7871e-02, PNorm = 83.4733, GNorm = 0.0225, lr_0 = 4.7744e-04
Loss = 7.5410e-02, PNorm = 83.4699, GNorm = 0.3012, lr_0 = 4.8306e-04
Loss = 6.0501e-02, PNorm = 83.4907, GNorm = 0.1359, lr_0 = 4.8869e-04
Loss = 6.3276e-02, PNorm = 83.5115, GNorm = 0.3959, lr_0 = 4.9431e-04
Loss = 8.1865e-02, PNorm = 83.5213, GNorm = 0.2984, lr_0 = 4.9994e-04
Loss = 6.7792e-02, PNorm = 83.5495, GNorm = 0.1182, lr_0 = 5.0556e-04
Loss = 5.9014e-02, PNorm = 83.5721, GNorm = 0.6853, lr_0 = 5.1119e-04
Loss = 2.7489e-02, PNorm = 83.5955, GNorm = 0.0998, lr_0 = 5.1681e-04
Loss = 1.3787e-02, PNorm = 83.6295, GNorm = 0.0217, lr_0 = 5.2244e-04
Loss = 6.8720e-02, PNorm = 83.6365, GNorm = 0.2701, lr_0 = 5.2806e-04
Loss = 5.4288e-02, PNorm = 83.6695, GNorm = 0.1322, lr_0 = 5.3369e-04
Loss = 7.4671e-02, PNorm = 83.6964, GNorm = 0.3198, lr_0 = 5.3931e-04
Loss = 2.0001e-02, PNorm = 83.7296, GNorm = 0.0825, lr_0 = 5.4494e-04
Loss = 6.1404e-02, PNorm = 83.7460, GNorm = 0.1359, lr_0 = 5.5056e-04
Validation auc = 0.513223
Epoch 1
Loss = 5.7236e-02, PNorm = 83.7690, GNorm = 0.2611, lr_0 = 5.5619e-04
Loss = 8.4758e-02, PNorm = 83.7867, GNorm = 0.2421, lr_0 = 5.6181e-04
Loss = 1.3868e-02, PNorm = 83.8373, GNorm = 0.0297, lr_0 = 5.6744e-04
Loss = 3.5519e-02, PNorm = 83.8634, GNorm = 0.0134, lr_0 = 5.7306e-04
Loss = 5.5730e-02, PNorm = 83.8523, GNorm = 0.1782, lr_0 = 5.7869e-04
Loss = 2.6036e-02, PNorm = 83.8805, GNorm = 0.0846, lr_0 = 5.8431e-04
Loss = 2.4855e-02, PNorm = 83.9020, GNorm = 0.0364, lr_0 = 5.8994e-04
Loss = 9.1298e-02, PNorm = 83.8993, GNorm = 0.3387, lr_0 = 5.9556e-04
Loss = 3.9084e-02, PNorm = 83.9205, GNorm = 0.1121, lr_0 = 6.0119e-04
Loss = 6.1739e-02, PNorm = 83.9366, GNorm = 0.5135, lr_0 = 6.0681e-04
Loss = 3.2044e-02, PNorm = 83.9446, GNorm = 0.0887, lr_0 = 6.1244e-04
Loss = 5.1658e-02, PNorm = 83.9564, GNorm = 0.2937, lr_0 = 6.1806e-04
Loss = 5.1385e-02, PNorm = 83.9707, GNorm = 0.0810, lr_0 = 6.2369e-04
Loss = 4.1338e-02, PNorm = 83.9795, GNorm = 0.1424, lr_0 = 6.2931e-04
Loss = 3.3911e-02, PNorm = 83.9985, GNorm = 0.0744, lr_0 = 6.3494e-04
Loss = 7.6228e-02, PNorm = 84.0064, GNorm = 0.1908, lr_0 = 6.4056e-04
Loss = 1.1231e-01, PNorm = 84.0230, GNorm = 0.3938, lr_0 = 6.4619e-04
Loss = 4.2525e-02, PNorm = 84.0644, GNorm = 0.0389, lr_0 = 6.5181e-04
Loss = 4.8389e-02, PNorm = 84.0717, GNorm = 0.0769, lr_0 = 6.5744e-04
Loss = 4.4042e-02, PNorm = 84.0774, GNorm = 0.1802, lr_0 = 6.6306e-04
Loss = 5.5536e-02, PNorm = 84.0929, GNorm = 0.4904, lr_0 = 6.6869e-04
Loss = 5.5719e-02, PNorm = 84.1016, GNorm = 0.1494, lr_0 = 6.7431e-04
Loss = 4.5407e-02, PNorm = 84.1226, GNorm = 0.1273, lr_0 = 6.7994e-04
Loss = 8.9768e-02, PNorm = 84.1411, GNorm = 0.2902, lr_0 = 6.8556e-04
Loss = 9.4130e-02, PNorm = 84.1696, GNorm = 0.2654, lr_0 = 6.9119e-04
Loss = 6.2529e-02, PNorm = 84.2206, GNorm = 0.1646, lr_0 = 6.9681e-04
Loss = 5.2178e-02, PNorm = 84.2691, GNorm = 0.4699, lr_0 = 7.0244e-04
Loss = 5.3005e-02, PNorm = 84.2936, GNorm = 0.3014, lr_0 = 7.0806e-04
Loss = 8.7352e-02, PNorm = 84.3239, GNorm = 0.9753, lr_0 = 7.1369e-04
Loss = 1.6555e-02, PNorm = 84.3659, GNorm = 0.0874, lr_0 = 7.1931e-04
Loss = 1.0069e-01, PNorm = 84.3743, GNorm = 0.1127, lr_0 = 7.2494e-04
Loss = 5.7576e-02, PNorm = 84.3988, GNorm = 0.3151, lr_0 = 7.3056e-04
Loss = 7.1920e-02, PNorm = 84.4234, GNorm = 0.1211, lr_0 = 7.3619e-04
Loss = 6.7539e-02, PNorm = 84.4367, GNorm = 0.2961, lr_0 = 7.4181e-04
Loss = 2.9087e-02, PNorm = 84.4626, GNorm = 0.0881, lr_0 = 7.4744e-04
Loss = 6.3690e-02, PNorm = 84.4706, GNorm = 0.1377, lr_0 = 7.5306e-04
Loss = 7.1524e-02, PNorm = 84.4815, GNorm = 0.2078, lr_0 = 7.5869e-04
Loss = 6.3276e-02, PNorm = 84.5091, GNorm = 0.4882, lr_0 = 7.6431e-04
Loss = 4.9654e-02, PNorm = 84.5367, GNorm = 0.1938, lr_0 = 7.6994e-04
Loss = 2.2863e-02, PNorm = 84.5761, GNorm = 0.0442, lr_0 = 7.7556e-04
Loss = 1.6662e-02, PNorm = 84.6084, GNorm = 0.0218, lr_0 = 7.8119e-04
Loss = 3.4650e-02, PNorm = 84.6293, GNorm = 0.0452, lr_0 = 7.8681e-04
Loss = 8.8732e-02, PNorm = 84.6348, GNorm = 0.2402, lr_0 = 7.9244e-04
Loss = 3.4082e-02, PNorm = 84.7009, GNorm = 0.6399, lr_0 = 7.9806e-04
Loss = 2.0095e-02, PNorm = 84.7312, GNorm = 0.0128, lr_0 = 8.0369e-04
Loss = 1.3651e-01, PNorm = 84.7167, GNorm = 0.4261, lr_0 = 8.0931e-04
Loss = 6.2058e-02, PNorm = 84.7817, GNorm = 1.1791, lr_0 = 8.1494e-04
Loss = 4.3331e-02, PNorm = 84.8082, GNorm = 0.0688, lr_0 = 8.2056e-04
Loss = 8.9903e-02, PNorm = 84.8164, GNorm = 0.4647, lr_0 = 8.2619e-04
Loss = 4.5559e-02, PNorm = 84.8532, GNorm = 0.1652, lr_0 = 8.3181e-04
Loss = 4.3351e-02, PNorm = 84.8848, GNorm = 0.0466, lr_0 = 8.3744e-04
Loss = 6.0049e-02, PNorm = 84.8863, GNorm = 0.6843, lr_0 = 8.4306e-04
Loss = 9.4189e-02, PNorm = 84.8900, GNorm = 0.2649, lr_0 = 8.4869e-04
Loss = 6.0590e-02, PNorm = 84.9226, GNorm = 0.1377, lr_0 = 8.5431e-04
Loss = 5.1420e-02, PNorm = 84.9455, GNorm = 0.5487, lr_0 = 8.5994e-04
Loss = 7.0902e-02, PNorm = 84.9561, GNorm = 0.3878, lr_0 = 8.6556e-04
Loss = 6.2251e-02, PNorm = 84.9949, GNorm = 0.4175, lr_0 = 8.7119e-04
Loss = 7.6924e-02, PNorm = 85.0085, GNorm = 0.3742, lr_0 = 8.7681e-04
Loss = 6.2911e-02, PNorm = 85.0287, GNorm = 0.3087, lr_0 = 8.8244e-04
Loss = 4.0678e-02, PNorm = 85.0684, GNorm = 0.0952, lr_0 = 8.8806e-04
Loss = 7.2141e-02, PNorm = 85.0882, GNorm = 1.0623, lr_0 = 8.9369e-04
Loss = 1.0990e-01, PNorm = 85.0967, GNorm = 0.4021, lr_0 = 8.9931e-04
Loss = 4.9185e-02, PNorm = 85.1611, GNorm = 1.1015, lr_0 = 9.0494e-04
Loss = 8.0177e-02, PNorm = 85.1711, GNorm = 0.3003, lr_0 = 9.1056e-04
Loss = 6.6749e-02, PNorm = 85.1986, GNorm = 0.4225, lr_0 = 9.1619e-04
Loss = 5.9343e-02, PNorm = 85.2583, GNorm = 0.1692, lr_0 = 9.2181e-04
Loss = 7.4517e-02, PNorm = 85.2999, GNorm = 0.3755, lr_0 = 9.2744e-04
Loss = 6.9204e-02, PNorm = 85.3372, GNorm = 0.3770, lr_0 = 9.3306e-04
Loss = 7.4196e-02, PNorm = 85.3773, GNorm = 0.2519, lr_0 = 9.3869e-04
Loss = 8.2492e-02, PNorm = 85.4035, GNorm = 0.7092, lr_0 = 9.4431e-04
Loss = 4.4762e-02, PNorm = 85.4492, GNorm = 0.2187, lr_0 = 9.4994e-04
Loss = 7.3692e-02, PNorm = 85.4853, GNorm = 0.1159, lr_0 = 9.5556e-04
Loss = 3.0497e-02, PNorm = 85.5159, GNorm = 0.1185, lr_0 = 9.6119e-04
Loss = 8.7187e-02, PNorm = 85.5297, GNorm = 0.3751, lr_0 = 9.6681e-04
Loss = 6.7761e-02, PNorm = 85.5816, GNorm = 1.1542, lr_0 = 9.7244e-04
Loss = 5.9513e-02, PNorm = 85.5960, GNorm = 0.4033, lr_0 = 9.7806e-04
Loss = 3.1073e-02, PNorm = 85.6355, GNorm = 0.1295, lr_0 = 9.8369e-04
Loss = 1.7921e-02, PNorm = 85.6696, GNorm = 0.0325, lr_0 = 9.8931e-04
Loss = 8.5210e-02, PNorm = 85.6624, GNorm = 0.1927, lr_0 = 9.9494e-04
Loss = 3.2770e-02, PNorm = 85.6945, GNorm = 0.1838, lr_0 = 9.9990e-04
Validation auc = 0.540038
Epoch 2
Loss = 3.4681e-02, PNorm = 85.7237, GNorm = 0.0811, lr_0 = 9.9887e-04
Loss = 5.0773e-02, PNorm = 85.7408, GNorm = 1.1758, lr_0 = 9.9784e-04
Loss = 6.2099e-02, PNorm = 85.7454, GNorm = 0.3306, lr_0 = 9.9682e-04
Loss = 4.5228e-02, PNorm = 85.7964, GNorm = 0.1509, lr_0 = 9.9579e-04
Loss = 8.9309e-02, PNorm = 85.8358, GNorm = 0.2929, lr_0 = 9.9477e-04
Loss = 5.1627e-02, PNorm = 85.9088, GNorm = 0.1966, lr_0 = 9.9375e-04
Loss = 1.8976e-01, PNorm = 86.2918, GNorm = 0.3494, lr_0 = 9.9273e-04
Loss = 6.4686e-02, PNorm = 86.7833, GNorm = 0.2677, lr_0 = 9.9171e-04
Loss = 7.8466e-02, PNorm = 87.0379, GNorm = 0.5804, lr_0 = 9.9069e-04
Loss = 4.4482e-02, PNorm = 87.2234, GNorm = 0.1364, lr_0 = 9.8967e-04
Loss = 7.7585e-02, PNorm = 87.3859, GNorm = 0.6080, lr_0 = 9.8865e-04
Loss = 7.5011e-02, PNorm = 87.6432, GNorm = 0.4441, lr_0 = 9.8764e-04
Loss = 8.2563e-02, PNorm = 87.7952, GNorm = 0.1872, lr_0 = 9.8662e-04
Loss = 2.5464e-02, PNorm = 87.8762, GNorm = 0.1718, lr_0 = 9.8561e-04
Loss = 7.0293e-02, PNorm = 87.9076, GNorm = 0.2547, lr_0 = 9.8460e-04
Loss = 5.4777e-02, PNorm = 87.9304, GNorm = 0.3029, lr_0 = 9.8359e-04
Loss = 3.3986e-02, PNorm = 87.9510, GNorm = 0.1000, lr_0 = 9.8258e-04
Loss = 7.5703e-02, PNorm = 87.9544, GNorm = 0.8487, lr_0 = 9.8157e-04
Loss = 6.4878e-02, PNorm = 87.9630, GNorm = 0.5111, lr_0 = 9.8056e-04
Loss = 7.9300e-02, PNorm = 87.9841, GNorm = 0.1558, lr_0 = 9.7955e-04
Loss = 3.0371e-02, PNorm = 87.9993, GNorm = 0.2196, lr_0 = 9.7854e-04
Loss = 3.1043e-02, PNorm = 88.0182, GNorm = 0.0894, lr_0 = 9.7754e-04
Loss = 5.5057e-02, PNorm = 88.0251, GNorm = 0.6340, lr_0 = 9.7653e-04
Loss = 5.5592e-02, PNorm = 88.0342, GNorm = 0.2593, lr_0 = 9.7553e-04
Loss = 7.4195e-02, PNorm = 88.0489, GNorm = 0.2965, lr_0 = 9.7453e-04
Loss = 2.8515e-02, PNorm = 88.0766, GNorm = 0.1084, lr_0 = 9.7353e-04
Loss = 5.7692e-02, PNorm = 88.0832, GNorm = 0.1826, lr_0 = 9.7253e-04
Loss = 5.2763e-02, PNorm = 88.0936, GNorm = 0.5811, lr_0 = 9.7153e-04
Loss = 7.5568e-02, PNorm = 88.0997, GNorm = 0.3982, lr_0 = 9.7053e-04
Loss = 5.0200e-02, PNorm = 88.1180, GNorm = 0.1768, lr_0 = 9.6953e-04
Loss = 5.7305e-02, PNorm = 88.1287, GNorm = 0.2017, lr_0 = 9.6854e-04
Loss = 7.5036e-03, PNorm = 88.1484, GNorm = 0.0866, lr_0 = 9.6754e-04
Loss = 8.9242e-02, PNorm = 88.1480, GNorm = 0.3194, lr_0 = 9.6655e-04
Loss = 3.6195e-02, PNorm = 88.1618, GNorm = 0.2077, lr_0 = 9.6555e-04
Loss = 3.1842e-02, PNorm = 88.1742, GNorm = 0.0952, lr_0 = 9.6456e-04
Loss = 3.5669e-02, PNorm = 88.1796, GNorm = 0.1097, lr_0 = 9.6357e-04
Loss = 2.7173e-02, PNorm = 88.1890, GNorm = 0.5301, lr_0 = 9.6258e-04
Loss = 6.1064e-02, PNorm = 88.1856, GNorm = 0.4826, lr_0 = 9.6159e-04
Loss = 4.2773e-02, PNorm = 88.1898, GNorm = 0.2894, lr_0 = 9.6060e-04
Loss = 4.1632e-02, PNorm = 88.2021, GNorm = 0.2283, lr_0 = 9.5962e-04
Loss = 5.7014e-02, PNorm = 88.2111, GNorm = 0.1179, lr_0 = 9.5863e-04
Loss = 1.5042e-02, PNorm = 88.2220, GNorm = 0.0990, lr_0 = 9.5765e-04
Loss = 9.4397e-02, PNorm = 88.2194, GNorm = 0.2662, lr_0 = 9.5666e-04
Loss = 6.7706e-02, PNorm = 88.2359, GNorm = 0.3961, lr_0 = 9.5568e-04
Loss = 4.9071e-02, PNorm = 88.2831, GNorm = 0.1219, lr_0 = 9.5470e-04
Loss = 5.3985e-02, PNorm = 88.3579, GNorm = 0.3316, lr_0 = 9.5372e-04
Loss = 4.5297e-02, PNorm = 88.4106, GNorm = 0.6962, lr_0 = 9.5274e-04
Loss = 1.1856e-01, PNorm = 88.4237, GNorm = 0.6730, lr_0 = 9.5176e-04
Loss = 7.9180e-02, PNorm = 88.4480, GNorm = 0.4130, lr_0 = 9.5078e-04
Loss = 7.8688e-02, PNorm = 88.4688, GNorm = 0.4823, lr_0 = 9.4980e-04
Loss = 5.2009e-02, PNorm = 88.4806, GNorm = 0.2728, lr_0 = 9.4883e-04
Loss = 5.8697e-02, PNorm = 88.4937, GNorm = 0.2412, lr_0 = 9.4785e-04
Loss = 6.7663e-02, PNorm = 88.5019, GNorm = 0.3905, lr_0 = 9.4688e-04
Loss = 6.5811e-02, PNorm = 88.5179, GNorm = 1.1900, lr_0 = 9.4591e-04
Loss = 4.0101e-02, PNorm = 88.5266, GNorm = 0.2603, lr_0 = 9.4493e-04
Loss = 4.8239e-02, PNorm = 88.5438, GNorm = 0.1470, lr_0 = 9.4396e-04
Loss = 7.5613e-02, PNorm = 88.5486, GNorm = 0.3956, lr_0 = 9.4299e-04
Loss = 8.7947e-02, PNorm = 88.5684, GNorm = 0.3845, lr_0 = 9.4203e-04
Loss = 5.1341e-02, PNorm = 88.5938, GNorm = 0.3241, lr_0 = 9.4106e-04
Loss = 8.4694e-02, PNorm = 88.6007, GNorm = 0.3843, lr_0 = 9.4009e-04
Loss = 6.3787e-02, PNorm = 88.6227, GNorm = 0.2694, lr_0 = 9.3912e-04
Loss = 3.1510e-02, PNorm = 88.6510, GNorm = 0.5798, lr_0 = 9.3816e-04
Loss = 5.4316e-02, PNorm = 88.6583, GNorm = 1.0860, lr_0 = 9.3720e-04
Loss = 7.0555e-02, PNorm = 88.6565, GNorm = 0.3062, lr_0 = 9.3623e-04
Loss = 5.5900e-02, PNorm = 88.6783, GNorm = 0.2028, lr_0 = 9.3527e-04
Loss = 1.7371e-02, PNorm = 88.6950, GNorm = 0.1241, lr_0 = 9.3431e-04
Loss = 3.0851e-02, PNorm = 88.7079, GNorm = 0.0566, lr_0 = 9.3335e-04
Loss = 8.1952e-02, PNorm = 88.6985, GNorm = 0.2250, lr_0 = 9.3239e-04
Loss = 4.4814e-02, PNorm = 88.7038, GNorm = 0.3118, lr_0 = 9.3143e-04
Loss = 3.2570e-02, PNorm = 88.7240, GNorm = 0.1036, lr_0 = 9.3048e-04
Loss = 5.3739e-02, PNorm = 88.7284, GNorm = 0.1534, lr_0 = 9.2952e-04
Loss = 1.0361e-01, PNorm = 88.7217, GNorm = 0.2941, lr_0 = 9.2857e-04
Loss = 6.6028e-02, PNorm = 88.7415, GNorm = 0.2738, lr_0 = 9.2761e-04
Loss = 5.3400e-02, PNorm = 88.7593, GNorm = 0.1077, lr_0 = 9.2666e-04
Loss = 1.1434e-01, PNorm = 88.7551, GNorm = 0.3523, lr_0 = 9.2571e-04
Loss = 5.3728e-02, PNorm = 88.7711, GNorm = 0.3173, lr_0 = 9.2476e-04
Loss = 7.1309e-02, PNorm = 88.7815, GNorm = 0.2533, lr_0 = 9.2381e-04
Loss = 5.4162e-02, PNorm = 88.7964, GNorm = 0.5386, lr_0 = 9.2286e-04
Loss = 6.6860e-02, PNorm = 88.7982, GNorm = 0.3424, lr_0 = 9.2191e-04
Loss = 2.6762e-02, PNorm = 88.8172, GNorm = 0.3757, lr_0 = 9.2096e-04
Validation auc = 0.551762
Epoch 3
Loss = 8.2963e-02, PNorm = 88.8165, GNorm = 0.2600, lr_0 = 9.2001e-04
Loss = 7.5848e-02, PNorm = 88.8275, GNorm = 0.3143, lr_0 = 9.1907e-04
Loss = 3.2276e-02, PNorm = 88.8430, GNorm = 0.1701, lr_0 = 9.1812e-04
Loss = 4.7217e-02, PNorm = 88.8556, GNorm = 0.5760, lr_0 = 9.1718e-04
Loss = 3.4285e-02, PNorm = 88.8556, GNorm = 0.1701, lr_0 = 9.1624e-04
Loss = 5.8460e-02, PNorm = 88.8624, GNorm = 0.2613, lr_0 = 9.1530e-04
Loss = 5.8293e-02, PNorm = 88.8726, GNorm = 0.1830, lr_0 = 9.1436e-04
Loss = 3.7192e-02, PNorm = 88.8916, GNorm = 0.1621, lr_0 = 9.1342e-04
Loss = 3.8354e-02, PNorm = 88.9096, GNorm = 0.6851, lr_0 = 9.1248e-04
Loss = 5.1046e-02, PNorm = 88.9157, GNorm = 0.2008, lr_0 = 9.1154e-04
Loss = 6.5237e-02, PNorm = 88.9275, GNorm = 0.8518, lr_0 = 9.1061e-04
Loss = 3.3376e-02, PNorm = 88.9457, GNorm = 0.2012, lr_0 = 9.0967e-04
Loss = 3.0435e-02, PNorm = 88.9629, GNorm = 0.0771, lr_0 = 9.0874e-04
Loss = 1.0216e-01, PNorm = 88.9560, GNorm = 0.7105, lr_0 = 9.0780e-04
Loss = 4.6444e-02, PNorm = 88.9660, GNorm = 0.3323, lr_0 = 9.0687e-04
Loss = 6.9494e-02, PNorm = 88.9824, GNorm = 0.1857, lr_0 = 9.0594e-04
Loss = 5.6046e-02, PNorm = 88.9855, GNorm = 0.3052, lr_0 = 9.0501e-04
Loss = 4.3054e-02, PNorm = 89.0022, GNorm = 0.7420, lr_0 = 9.0408e-04
Loss = 2.9111e-02, PNorm = 89.0076, GNorm = 0.7116, lr_0 = 9.0315e-04
Loss = 2.5635e-02, PNorm = 89.0131, GNorm = 0.1322, lr_0 = 9.0222e-04
Loss = 2.7888e-02, PNorm = 89.0209, GNorm = 0.0676, lr_0 = 9.0129e-04
Loss = 1.2897e-01, PNorm = 89.0070, GNorm = 0.4372, lr_0 = 9.0037e-04
Loss = 4.8198e-02, PNorm = 89.0334, GNorm = 0.2337, lr_0 = 8.9944e-04
Loss = 4.8736e-02, PNorm = 89.0569, GNorm = 0.6139, lr_0 = 8.9852e-04
Loss = 4.5349e-02, PNorm = 89.0598, GNorm = 0.1189, lr_0 = 8.9759e-04
Loss = 3.3431e-02, PNorm = 89.0647, GNorm = 0.1396, lr_0 = 8.9667e-04
Loss = 8.3237e-02, PNorm = 89.0661, GNorm = 0.6792, lr_0 = 8.9575e-04
Loss = 6.2506e-02, PNorm = 89.0741, GNorm = 0.3312, lr_0 = 8.9483e-04
Loss = 4.0194e-02, PNorm = 89.0956, GNorm = 0.1379, lr_0 = 8.9391e-04
Loss = 8.0035e-02, PNorm = 89.0983, GNorm = 0.5250, lr_0 = 8.9299e-04
Loss = 3.0402e-02, PNorm = 89.1098, GNorm = 0.2492, lr_0 = 8.9208e-04
Loss = 6.6592e-02, PNorm = 89.1256, GNorm = 0.2414, lr_0 = 8.9116e-04
Loss = 8.5497e-02, PNorm = 89.1407, GNorm = 0.3487, lr_0 = 8.9024e-04
Loss = 4.4123e-02, PNorm = 89.1846, GNorm = 0.1628, lr_0 = 8.8933e-04
Loss = 6.5936e-02, PNorm = 89.2505, GNorm = 0.2772, lr_0 = 8.8842e-04
Loss = 5.6714e-02, PNorm = 89.3833, GNorm = 1.1957, lr_0 = 8.8750e-04
Loss = 6.3854e-02, PNorm = 89.4583, GNorm = 0.6079, lr_0 = 8.8659e-04
Loss = 7.9039e-02, PNorm = 89.5033, GNorm = 0.4869, lr_0 = 8.8568e-04
Loss = 3.2975e-02, PNorm = 89.5342, GNorm = 0.1811, lr_0 = 8.8477e-04
Loss = 3.0156e-02, PNorm = 89.5581, GNorm = 0.6010, lr_0 = 8.8386e-04
Loss = 5.5617e-02, PNorm = 89.5653, GNorm = 0.2437, lr_0 = 8.8295e-04
Loss = 2.9780e-02, PNorm = 89.5925, GNorm = 0.1819, lr_0 = 8.8205e-04
Loss = 3.8618e-02, PNorm = 89.6116, GNorm = 0.1680, lr_0 = 8.8114e-04
Loss = 5.5789e-02, PNorm = 89.6200, GNorm = 0.2400, lr_0 = 8.8023e-04
Loss = 2.9415e-02, PNorm = 89.6349, GNorm = 0.1075, lr_0 = 8.7933e-04
Loss = 7.8405e-02, PNorm = 89.6384, GNorm = 0.4236, lr_0 = 8.7843e-04
Loss = 3.0208e-02, PNorm = 89.6602, GNorm = 0.2389, lr_0 = 8.7752e-04
Loss = 4.6149e-02, PNorm = 89.6797, GNorm = 0.6103, lr_0 = 8.7662e-04
Loss = 3.8167e-02, PNorm = 89.6894, GNorm = 0.1544, lr_0 = 8.7572e-04
Loss = 6.1799e-03, PNorm = 89.7140, GNorm = 0.1088, lr_0 = 8.7482e-04
Loss = 7.7832e-02, PNorm = 89.7208, GNorm = 0.2270, lr_0 = 8.7392e-04
Loss = 3.2305e-02, PNorm = 89.7323, GNorm = 0.2431, lr_0 = 8.7303e-04
Loss = 5.6090e-02, PNorm = 89.7519, GNorm = 0.1706, lr_0 = 8.7213e-04
Loss = 8.4337e-02, PNorm = 89.7753, GNorm = 0.3895, lr_0 = 8.7123e-04
Loss = 4.7220e-02, PNorm = 89.8235, GNorm = 0.3340, lr_0 = 8.7034e-04
Loss = 6.4409e-02, PNorm = 89.8562, GNorm = 0.4134, lr_0 = 8.6944e-04
Loss = 1.7524e-01, PNorm = 90.1257, GNorm = 0.5174, lr_0 = 8.6855e-04
Loss = 5.6398e-02, PNorm = 90.5724, GNorm = 0.2115, lr_0 = 8.6766e-04
Loss = 6.4920e-02, PNorm = 90.7945, GNorm = 0.8960, lr_0 = 8.6677e-04
Loss = 6.6990e-02, PNorm = 90.8820, GNorm = 0.6109, lr_0 = 8.6588e-04
Loss = 1.0192e-01, PNorm = 90.9198, GNorm = 0.3977, lr_0 = 8.6499e-04
Loss = 7.3380e-02, PNorm = 90.9531, GNorm = 0.4991, lr_0 = 8.6410e-04
Loss = 3.8246e-02, PNorm = 90.9770, GNorm = 0.1228, lr_0 = 8.6321e-04
Loss = 1.0279e-01, PNorm = 90.9780, GNorm = 0.4904, lr_0 = 8.6232e-04
Loss = 6.1510e-02, PNorm = 90.9941, GNorm = 0.3913, lr_0 = 8.6144e-04
Loss = 5.5209e-02, PNorm = 91.0091, GNorm = 0.2182, lr_0 = 8.6055e-04
Loss = 1.1961e-01, PNorm = 91.0119, GNorm = 0.9712, lr_0 = 8.5967e-04
Loss = 6.9817e-02, PNorm = 91.0242, GNorm = 0.4441, lr_0 = 8.5878e-04
Loss = 5.6905e-02, PNorm = 91.0461, GNorm = 0.6335, lr_0 = 8.5790e-04
Loss = 7.3119e-02, PNorm = 91.0456, GNorm = 0.4237, lr_0 = 8.5702e-04
Loss = 6.0460e-02, PNorm = 91.0521, GNorm = 0.3555, lr_0 = 8.5614e-04
Loss = 5.2000e-02, PNorm = 91.0614, GNorm = 0.2779, lr_0 = 8.5526e-04
Loss = 9.6011e-02, PNorm = 91.0634, GNorm = 0.3596, lr_0 = 8.5438e-04
Loss = 4.2117e-02, PNorm = 91.0705, GNorm = 0.3426, lr_0 = 8.5350e-04
Loss = 1.0349e-01, PNorm = 91.0744, GNorm = 0.3817, lr_0 = 8.5263e-04
Loss = 6.2097e-02, PNorm = 91.0811, GNorm = 0.4039, lr_0 = 8.5175e-04
Loss = 7.0946e-02, PNorm = 91.0915, GNorm = 0.3828, lr_0 = 8.5088e-04
Loss = 4.3388e-02, PNorm = 91.0988, GNorm = 0.1789, lr_0 = 8.5000e-04
Loss = 3.6481e-02, PNorm = 91.1072, GNorm = 0.1400, lr_0 = 8.4913e-04
Loss = 3.7552e-02, PNorm = 91.1107, GNorm = 0.1552, lr_0 = 8.4826e-04
Validation auc = 0.604239
Epoch 4
Loss = 6.1499e-02, PNorm = 91.1093, GNorm = 0.3568, lr_0 = 8.4738e-04
Loss = 3.7912e-02, PNorm = 91.1231, GNorm = 0.2141, lr_0 = 8.4651e-04
Loss = 3.7198e-02, PNorm = 91.1333, GNorm = 0.1607, lr_0 = 8.4564e-04
Loss = 4.6476e-02, PNorm = 91.1378, GNorm = 0.1555, lr_0 = 8.4478e-04
Loss = 5.2325e-02, PNorm = 91.1423, GNorm = 0.4407, lr_0 = 8.4391e-04
Loss = 6.1903e-02, PNorm = 91.1421, GNorm = 0.3792, lr_0 = 8.4304e-04
Loss = 3.7989e-02, PNorm = 91.1575, GNorm = 0.5578, lr_0 = 8.4217e-04
Loss = 6.3560e-02, PNorm = 91.1588, GNorm = 0.3007, lr_0 = 8.4131e-04
Loss = 4.9352e-02, PNorm = 91.1724, GNorm = 0.9529, lr_0 = 8.4044e-04
Loss = 5.6336e-02, PNorm = 91.1798, GNorm = 0.2386, lr_0 = 8.3958e-04
Loss = 6.3530e-02, PNorm = 91.1874, GNorm = 0.2066, lr_0 = 8.3872e-04
Loss = 8.8786e-02, PNorm = 91.1861, GNorm = 0.5290, lr_0 = 8.3786e-04
Loss = 4.5502e-02, PNorm = 91.2048, GNorm = 0.2706, lr_0 = 8.3700e-04
Loss = 6.8626e-02, PNorm = 91.2192, GNorm = 1.5634, lr_0 = 8.3614e-04
Loss = 4.9771e-02, PNorm = 91.2185, GNorm = 0.2867, lr_0 = 8.3528e-04
Loss = 1.0517e-01, PNorm = 91.2205, GNorm = 0.4798, lr_0 = 8.3442e-04
Loss = 4.4400e-02, PNorm = 91.2451, GNorm = 0.4985, lr_0 = 8.3356e-04
Loss = 4.0240e-02, PNorm = 91.2588, GNorm = 0.0812, lr_0 = 8.3270e-04
Loss = 1.5188e-02, PNorm = 91.2674, GNorm = 0.0708, lr_0 = 8.3185e-04
Loss = 1.4827e-02, PNorm = 91.2768, GNorm = 0.7006, lr_0 = 8.3099e-04
Loss = 4.4046e-02, PNorm = 91.2748, GNorm = 0.0975, lr_0 = 8.3014e-04
Loss = 6.1336e-02, PNorm = 91.2703, GNorm = 0.2821, lr_0 = 8.2929e-04
Loss = 4.0379e-02, PNorm = 91.2878, GNorm = 0.1516, lr_0 = 8.2844e-04
Loss = 5.9808e-02, PNorm = 91.2944, GNorm = 0.5447, lr_0 = 8.2758e-04
Loss = 1.0068e-01, PNorm = 91.2922, GNorm = 0.5024, lr_0 = 8.2673e-04
Loss = 8.9507e-02, PNorm = 91.3060, GNorm = 0.5023, lr_0 = 8.2589e-04
Loss = 5.2858e-02, PNorm = 91.3326, GNorm = 1.7531, lr_0 = 8.2504e-04
Loss = 7.6063e-02, PNorm = 91.3276, GNorm = 0.3022, lr_0 = 8.2419e-04
Loss = 5.2205e-02, PNorm = 91.3377, GNorm = 0.3009, lr_0 = 8.2334e-04
Loss = 4.3313e-02, PNorm = 91.3528, GNorm = 0.6948, lr_0 = 8.2250e-04
Loss = 6.4776e-02, PNorm = 91.3564, GNorm = 0.2565, lr_0 = 8.2165e-04
Loss = 8.2546e-02, PNorm = 91.3642, GNorm = 0.4571, lr_0 = 8.2081e-04
Loss = 7.2212e-02, PNorm = 91.3788, GNorm = 0.3126, lr_0 = 8.1996e-04
Loss = 3.8559e-02, PNorm = 91.4015, GNorm = 0.1383, lr_0 = 8.1912e-04
Loss = 4.1403e-02, PNorm = 91.4131, GNorm = 0.5498, lr_0 = 8.1828e-04
Loss = 4.0603e-02, PNorm = 91.4179, GNorm = 0.1589, lr_0 = 8.1744e-04
Loss = 7.8136e-02, PNorm = 91.4258, GNorm = 0.4611, lr_0 = 8.1660e-04
Loss = 4.5134e-02, PNorm = 91.4317, GNorm = 0.4696, lr_0 = 8.1576e-04
Loss = 5.3122e-02, PNorm = 91.4559, GNorm = 0.7303, lr_0 = 8.1492e-04
Loss = 2.9974e-02, PNorm = 91.4705, GNorm = 0.0930, lr_0 = 8.1408e-04
Loss = 6.7656e-02, PNorm = 91.4749, GNorm = 0.7560, lr_0 = 8.1325e-04
Loss = 2.9583e-02, PNorm = 91.4861, GNorm = 0.7271, lr_0 = 8.1241e-04
Loss = 1.1478e-01, PNorm = 91.4826, GNorm = 0.5022, lr_0 = 8.1158e-04
Loss = 4.1428e-02, PNorm = 91.5061, GNorm = 0.3619, lr_0 = 8.1074e-04
Loss = 7.4634e-02, PNorm = 91.5279, GNorm = 0.7123, lr_0 = 8.0991e-04
Loss = 5.6803e-02, PNorm = 91.5305, GNorm = 0.2351, lr_0 = 8.0908e-04
Loss = 2.9838e-02, PNorm = 91.5463, GNorm = 0.5870, lr_0 = 8.0825e-04
Loss = 4.5151e-02, PNorm = 91.5570, GNorm = 0.1806, lr_0 = 8.0742e-04
Loss = 4.5885e-02, PNorm = 91.5704, GNorm = 0.8076, lr_0 = 8.0659e-04
Loss = 6.6528e-02, PNorm = 91.5688, GNorm = 0.3439, lr_0 = 8.0576e-04
Loss = 6.8789e-02, PNorm = 91.5813, GNorm = 0.2795, lr_0 = 8.0493e-04
Loss = 7.1198e-02, PNorm = 91.5940, GNorm = 0.3650, lr_0 = 8.0410e-04
Loss = 7.0964e-02, PNorm = 91.6083, GNorm = 0.3477, lr_0 = 8.0328e-04
Loss = 4.2627e-02, PNorm = 91.6157, GNorm = 0.2910, lr_0 = 8.0245e-04
Loss = 3.8411e-02, PNorm = 91.6294, GNorm = 0.1416, lr_0 = 8.0163e-04
Loss = 3.5837e-02, PNorm = 91.6380, GNorm = 0.1422, lr_0 = 8.0081e-04
Loss = 8.5170e-02, PNorm = 91.6357, GNorm = 0.4030, lr_0 = 7.9998e-04
Loss = 8.7251e-02, PNorm = 91.6452, GNorm = 0.3232, lr_0 = 7.9916e-04
Loss = 8.0999e-02, PNorm = 91.6603, GNorm = 0.3335, lr_0 = 7.9834e-04
Loss = 5.9946e-02, PNorm = 91.6791, GNorm = 0.4972, lr_0 = 7.9752e-04
Loss = 8.9987e-02, PNorm = 91.6864, GNorm = 0.4547, lr_0 = 7.9670e-04
Loss = 7.3907e-02, PNorm = 91.7020, GNorm = 0.3947, lr_0 = 7.9588e-04
Loss = 4.9401e-02, PNorm = 91.7170, GNorm = 0.2301, lr_0 = 7.9506e-04
Loss = 4.5380e-02, PNorm = 91.7323, GNorm = 0.0966, lr_0 = 7.9425e-04
Loss = 5.5116e-02, PNorm = 91.7280, GNorm = 0.2711, lr_0 = 7.9343e-04
Loss = 6.5487e-02, PNorm = 91.7370, GNorm = 0.3850, lr_0 = 7.9262e-04
Loss = 2.9571e-02, PNorm = 91.7609, GNorm = 0.1429, lr_0 = 7.9180e-04
Loss = 3.6639e-02, PNorm = 91.7734, GNorm = 0.7116, lr_0 = 7.9099e-04
Loss = 7.0563e-02, PNorm = 91.7601, GNorm = 0.3779, lr_0 = 7.9017e-04
Loss = 2.8268e-02, PNorm = 91.7653, GNorm = 0.3103, lr_0 = 7.8936e-04
Loss = 6.6601e-02, PNorm = 91.7725, GNorm = 0.5404, lr_0 = 7.8855e-04
Loss = 3.8224e-02, PNorm = 91.7838, GNorm = 0.4907, lr_0 = 7.8774e-04
Loss = 7.9077e-02, PNorm = 91.7833, GNorm = 0.3462, lr_0 = 7.8693e-04
Loss = 6.7193e-02, PNorm = 91.7909, GNorm = 0.6336, lr_0 = 7.8612e-04
Loss = 7.2648e-02, PNorm = 91.8011, GNorm = 0.3016, lr_0 = 7.8532e-04
Loss = 4.9258e-02, PNorm = 91.8119, GNorm = 0.2822, lr_0 = 7.8451e-04
Loss = 5.7230e-02, PNorm = 91.8168, GNorm = 0.2175, lr_0 = 7.8370e-04
Loss = 1.8758e-02, PNorm = 91.8294, GNorm = 0.1508, lr_0 = 7.8290e-04
Loss = 1.5456e-02, PNorm = 91.8408, GNorm = 0.0814, lr_0 = 7.8209e-04
Loss = 9.2621e-02, PNorm = 91.8348, GNorm = 0.2433, lr_0 = 7.8129e-04
Validation auc = 0.568303
Epoch 5
Loss = 3.1830e-02, PNorm = 91.8447, GNorm = 0.2028, lr_0 = 7.8049e-04
Loss = 5.9661e-02, PNorm = 91.8528, GNorm = 0.2118, lr_0 = 7.7969e-04
Loss = 5.5643e-02, PNorm = 91.8566, GNorm = 0.3518, lr_0 = 7.7888e-04
Loss = 5.2908e-02, PNorm = 91.8715, GNorm = 1.1047, lr_0 = 7.7808e-04
Loss = 6.1175e-02, PNorm = 91.8799, GNorm = 0.2168, lr_0 = 7.7729e-04
Loss = 4.2132e-02, PNorm = 91.8915, GNorm = 0.2775, lr_0 = 7.7649e-04
Loss = 8.1001e-02, PNorm = 91.9009, GNorm = 0.2368, lr_0 = 7.7569e-04
Loss = 6.4558e-02, PNorm = 91.9040, GNorm = 0.4053, lr_0 = 7.7489e-04
Loss = 6.6537e-02, PNorm = 91.9172, GNorm = 0.2919, lr_0 = 7.7410e-04
Loss = 4.9975e-02, PNorm = 91.9309, GNorm = 0.2631, lr_0 = 7.7330e-04
Loss = 3.7796e-02, PNorm = 91.9488, GNorm = 0.7116, lr_0 = 7.7251e-04
Loss = 8.8333e-02, PNorm = 91.9419, GNorm = 0.5528, lr_0 = 7.7171e-04
Loss = 4.4289e-02, PNorm = 91.9533, GNorm = 0.3184, lr_0 = 7.7092e-04
Loss = 6.1208e-02, PNorm = 91.9661, GNorm = 0.3356, lr_0 = 7.7013e-04
Loss = 3.8284e-02, PNorm = 91.9852, GNorm = 0.1618, lr_0 = 7.6934e-04
Loss = 9.5662e-02, PNorm = 91.9804, GNorm = 0.4362, lr_0 = 7.6855e-04
Loss = 5.0442e-02, PNorm = 91.9988, GNorm = 0.2330, lr_0 = 7.6776e-04
Loss = 8.4892e-02, PNorm = 92.0082, GNorm = 1.8013, lr_0 = 7.6697e-04
Loss = 3.3324e-02, PNorm = 92.0154, GNorm = 0.3897, lr_0 = 7.6618e-04
Loss = 2.6690e-02, PNorm = 92.0343, GNorm = 0.1123, lr_0 = 7.6539e-04
Loss = 1.3077e-01, PNorm = 92.0269, GNorm = 0.3431, lr_0 = 7.6461e-04
Loss = 6.1315e-02, PNorm = 92.0407, GNorm = 0.4134, lr_0 = 7.6382e-04
Loss = 2.5723e-02, PNorm = 92.0666, GNorm = 0.0554, lr_0 = 7.6304e-04
Loss = 8.6640e-02, PNorm = 92.0664, GNorm = 0.6204, lr_0 = 7.6225e-04
Loss = 7.2950e-02, PNorm = 92.0626, GNorm = 0.5200, lr_0 = 7.6147e-04
Loss = 4.4525e-02, PNorm = 92.0818, GNorm = 0.3088, lr_0 = 7.6069e-04
Loss = 8.7262e-02, PNorm = 92.0907, GNorm = 0.2761, lr_0 = 7.5990e-04
Loss = 6.6328e-02, PNorm = 92.0992, GNorm = 0.9852, lr_0 = 7.5912e-04
Loss = 8.1961e-03, PNorm = 92.1167, GNorm = 0.1294, lr_0 = 7.5834e-04
Loss = 2.8756e-02, PNorm = 92.1299, GNorm = 0.0428, lr_0 = 7.5756e-04
Loss = 7.9352e-02, PNorm = 92.1256, GNorm = 0.1857, lr_0 = 7.5679e-04
Loss = 8.3397e-02, PNorm = 92.1258, GNorm = 0.5400, lr_0 = 7.5601e-04
Loss = 8.1396e-02, PNorm = 92.1410, GNorm = 0.6602, lr_0 = 7.5523e-04
Loss = 6.2600e-02, PNorm = 92.1575, GNorm = 0.8632, lr_0 = 7.5446e-04
Loss = 2.8419e-02, PNorm = 92.1691, GNorm = 0.1994, lr_0 = 7.5368e-04
Loss = 5.1812e-02, PNorm = 92.1845, GNorm = 0.4899, lr_0 = 7.5291e-04
Loss = 4.8014e-02, PNorm = 92.1904, GNorm = 0.5265, lr_0 = 7.5213e-04
Loss = 6.9783e-02, PNorm = 92.1939, GNorm = 0.3382, lr_0 = 7.5136e-04
Loss = 7.8762e-02, PNorm = 92.2122, GNorm = 1.1165, lr_0 = 7.5059e-04
Loss = 5.8627e-02, PNorm = 92.2319, GNorm = 0.3435, lr_0 = 7.4982e-04
Loss = 5.2384e-02, PNorm = 92.2549, GNorm = 0.5762, lr_0 = 7.4905e-04
Loss = 1.0788e-01, PNorm = 92.2662, GNorm = 0.3370, lr_0 = 7.4828e-04
Loss = 3.5251e-02, PNorm = 92.2845, GNorm = 0.3568, lr_0 = 7.4751e-04
Loss = 3.4235e-02, PNorm = 92.3155, GNorm = 0.0933, lr_0 = 7.4674e-04
Loss = 2.9519e-02, PNorm = 92.3297, GNorm = 0.0732, lr_0 = 7.4597e-04
Loss = 5.8838e-02, PNorm = 92.3306, GNorm = 0.6184, lr_0 = 7.4521e-04
Loss = 1.2357e-02, PNorm = 92.3435, GNorm = 0.1200, lr_0 = 7.4444e-04
Loss = 2.9528e-03, PNorm = 92.3625, GNorm = 0.0477, lr_0 = 7.4368e-04
Loss = 3.2884e-02, PNorm = 92.3677, GNorm = 0.0388, lr_0 = 7.4291e-04
Loss = 1.9604e-02, PNorm = 92.3712, GNorm = 0.0564, lr_0 = 7.4215e-04
Loss = 6.1890e-02, PNorm = 92.3684, GNorm = 0.1978, lr_0 = 7.4139e-04
Loss = 5.0026e-02, PNorm = 92.3739, GNorm = 0.3181, lr_0 = 7.4062e-04
Loss = 5.1663e-02, PNorm = 92.3929, GNorm = 0.1687, lr_0 = 7.3986e-04
Loss = 6.7049e-02, PNorm = 92.4050, GNorm = 0.7569, lr_0 = 7.3910e-04
Loss = 4.1522e-02, PNorm = 92.4153, GNorm = 0.2029, lr_0 = 7.3834e-04
Loss = 3.9243e-02, PNorm = 92.4412, GNorm = 0.6076, lr_0 = 7.3759e-04
Loss = 7.3254e-02, PNorm = 92.4395, GNorm = 0.3171, lr_0 = 7.3683e-04
Loss = 3.5308e-02, PNorm = 92.4631, GNorm = 0.2163, lr_0 = 7.3607e-04
Loss = 9.9206e-02, PNorm = 92.4695, GNorm = 0.3390, lr_0 = 7.3531e-04
Loss = 7.3305e-02, PNorm = 92.4842, GNorm = 0.4175, lr_0 = 7.3456e-04
Loss = 5.4492e-02, PNorm = 92.5087, GNorm = 0.2337, lr_0 = 7.3380e-04
Loss = 6.7389e-02, PNorm = 92.5245, GNorm = 1.3837, lr_0 = 7.3305e-04
Loss = 8.4458e-02, PNorm = 92.5277, GNorm = 1.4770, lr_0 = 7.3230e-04
Loss = 8.7516e-02, PNorm = 92.5362, GNorm = 0.5940, lr_0 = 7.3155e-04
Loss = 3.2465e-02, PNorm = 92.5683, GNorm = 0.1864, lr_0 = 7.3079e-04
Loss = 2.8172e-02, PNorm = 92.5926, GNorm = 0.0632, lr_0 = 7.3004e-04
Loss = 7.7574e-02, PNorm = 92.5977, GNorm = 0.0957, lr_0 = 7.2929e-04
Loss = 5.8642e-02, PNorm = 92.5975, GNorm = 0.3597, lr_0 = 7.2854e-04
Loss = 4.9415e-02, PNorm = 92.6146, GNorm = 0.2826, lr_0 = 7.2779e-04
Loss = 6.4843e-02, PNorm = 92.6300, GNorm = 0.5345, lr_0 = 7.2705e-04
Loss = 6.6243e-02, PNorm = 92.6425, GNorm = 0.3271, lr_0 = 7.2630e-04
Loss = 3.7679e-02, PNorm = 92.6692, GNorm = 0.1716, lr_0 = 7.2555e-04
Loss = 3.7398e-02, PNorm = 92.6863, GNorm = 0.1082, lr_0 = 7.2481e-04
Loss = 4.8610e-02, PNorm = 92.6912, GNorm = 0.2048, lr_0 = 7.2406e-04
Loss = 6.6895e-02, PNorm = 92.7009, GNorm = 0.2356, lr_0 = 7.2332e-04
Loss = 5.8497e-02, PNorm = 92.7182, GNorm = 0.3232, lr_0 = 7.2258e-04
Loss = 6.5930e-02, PNorm = 92.7405, GNorm = 0.4392, lr_0 = 7.2183e-04
Loss = 4.4521e-02, PNorm = 92.7611, GNorm = 0.2299, lr_0 = 7.2109e-04
Loss = 7.0637e-02, PNorm = 92.7832, GNorm = 0.2548, lr_0 = 7.2035e-04
Loss = 8.7067e-02, PNorm = 92.7988, GNorm = 0.4642, lr_0 = 7.1961e-04
Validation auc = 0.534929
Epoch 6
Loss = 6.8845e-02, PNorm = 92.8384, GNorm = 1.0393, lr_0 = 7.1887e-04
Loss = 2.6334e-02, PNorm = 92.8560, GNorm = 0.1650, lr_0 = 7.1813e-04
Loss = 4.7403e-02, PNorm = 92.8762, GNorm = 0.1049, lr_0 = 7.1740e-04
Loss = 8.4275e-02, PNorm = 92.8769, GNorm = 0.5061, lr_0 = 7.1666e-04
Loss = 7.7664e-02, PNorm = 92.8827, GNorm = 0.4243, lr_0 = 7.1592e-04
Loss = 7.3212e-02, PNorm = 92.9066, GNorm = 0.3748, lr_0 = 7.1519e-04
Loss = 4.2897e-02, PNorm = 92.9389, GNorm = 0.5984, lr_0 = 7.1445e-04
Loss = 8.0921e-02, PNorm = 92.9465, GNorm = 0.4700, lr_0 = 7.1372e-04
Loss = 4.8937e-02, PNorm = 92.9564, GNorm = 0.3892, lr_0 = 7.1298e-04
Loss = 8.1240e-02, PNorm = 92.9789, GNorm = 1.1384, lr_0 = 7.1225e-04
Loss = 6.5759e-02, PNorm = 92.9903, GNorm = 0.4035, lr_0 = 7.1152e-04
Loss = 9.4283e-02, PNorm = 93.0146, GNorm = 0.7739, lr_0 = 7.1079e-04
Loss = 5.6296e-02, PNorm = 93.0374, GNorm = 0.3952, lr_0 = 7.1006e-04
Loss = 3.4620e-02, PNorm = 93.0786, GNorm = 0.1628, lr_0 = 7.0933e-04
Loss = 2.3236e-02, PNorm = 93.1184, GNorm = 0.0369, lr_0 = 7.0860e-04
Loss = 2.9302e-02, PNorm = 93.1407, GNorm = 0.0836, lr_0 = 7.0787e-04
Loss = 4.9827e-02, PNorm = 93.1695, GNorm = 0.1903, lr_0 = 7.0715e-04
Loss = 7.2965e-02, PNorm = 93.2038, GNorm = 0.5945, lr_0 = 7.0642e-04
Loss = 8.0150e-02, PNorm = 93.2641, GNorm = 0.3530, lr_0 = 7.0569e-04
Loss = 5.3471e-02, PNorm = 93.3124, GNorm = 0.2638, lr_0 = 7.0497e-04
Loss = 3.6502e-02, PNorm = 93.3469, GNorm = 0.4605, lr_0 = 7.0424e-04
Loss = 2.4921e-02, PNorm = 93.3681, GNorm = 0.0864, lr_0 = 7.0352e-04
Loss = 8.6124e-02, PNorm = 93.3694, GNorm = 0.3055, lr_0 = 7.0280e-04
Loss = 3.1816e-02, PNorm = 93.3922, GNorm = 0.3195, lr_0 = 7.0208e-04
Loss = 4.2685e-02, PNorm = 93.4217, GNorm = 0.5754, lr_0 = 7.0135e-04
Loss = 3.1337e-02, PNorm = 93.4286, GNorm = 0.1132, lr_0 = 7.0063e-04
Loss = 7.6531e-02, PNorm = 93.4313, GNorm = 0.5637, lr_0 = 6.9991e-04
Loss = 5.2320e-02, PNorm = 93.4514, GNorm = 0.3894, lr_0 = 6.9919e-04
Loss = 5.1531e-02, PNorm = 93.4782, GNorm = 0.5465, lr_0 = 6.9848e-04
Loss = 1.2275e-01, PNorm = 93.4889, GNorm = 0.3575, lr_0 = 6.9776e-04
Loss = 6.0872e-02, PNorm = 93.5180, GNorm = 0.4856, lr_0 = 6.9704e-04
Loss = 7.7230e-02, PNorm = 93.5400, GNorm = 0.6502, lr_0 = 6.9633e-04
Loss = 5.0992e-02, PNorm = 93.5687, GNorm = 0.2902, lr_0 = 6.9561e-04
Loss = 7.1706e-02, PNorm = 93.6062, GNorm = 0.3935, lr_0 = 6.9490e-04
Loss = 9.1541e-02, PNorm = 93.6452, GNorm = 0.4367, lr_0 = 6.9418e-04
Loss = 3.5610e-02, PNorm = 93.6929, GNorm = 0.3360, lr_0 = 6.9347e-04
Loss = 1.1497e-01, PNorm = 93.9148, GNorm = 0.5054, lr_0 = 6.9276e-04
Loss = 7.1926e-02, PNorm = 94.1711, GNorm = 0.4615, lr_0 = 6.9204e-04
Loss = 4.7182e-02, PNorm = 94.3011, GNorm = 0.1648, lr_0 = 6.9133e-04
Loss = 4.0669e-02, PNorm = 94.3555, GNorm = 0.1264, lr_0 = 6.9062e-04
Loss = 6.2318e-02, PNorm = 94.3747, GNorm = 0.2113, lr_0 = 6.8991e-04
Loss = 1.0532e-01, PNorm = 94.3811, GNorm = 0.6690, lr_0 = 6.8920e-04
Loss = 8.8895e-02, PNorm = 94.3979, GNorm = 0.6593, lr_0 = 6.8850e-04
Loss = 6.4668e-02, PNorm = 94.4194, GNorm = 0.2021, lr_0 = 6.8779e-04
Loss = 7.4302e-02, PNorm = 94.4266, GNorm = 0.8213, lr_0 = 6.8708e-04
Loss = 7.9639e-02, PNorm = 94.4263, GNorm = 0.5555, lr_0 = 6.8638e-04
Loss = 5.6303e-02, PNorm = 94.4452, GNorm = 1.1958, lr_0 = 6.8567e-04
Loss = 5.5393e-02, PNorm = 94.4549, GNorm = 0.2735, lr_0 = 6.8497e-04
Loss = 3.1436e-02, PNorm = 94.4680, GNorm = 0.2458, lr_0 = 6.8426e-04
Loss = 7.6118e-02, PNorm = 94.4788, GNorm = 0.7943, lr_0 = 6.8356e-04
Loss = 4.3776e-02, PNorm = 94.4762, GNorm = 0.3391, lr_0 = 6.8286e-04
Loss = 7.2214e-02, PNorm = 94.4825, GNorm = 0.4320, lr_0 = 6.8216e-04
Loss = 7.7648e-02, PNorm = 94.4953, GNorm = 0.9975, lr_0 = 6.8146e-04
Loss = 3.1348e-02, PNorm = 94.5100, GNorm = 0.2463, lr_0 = 6.8076e-04
Loss = 5.0714e-02, PNorm = 94.5203, GNorm = 0.2043, lr_0 = 6.8006e-04
Loss = 5.0039e-02, PNorm = 94.5265, GNorm = 0.7356, lr_0 = 6.7936e-04
Loss = 3.2901e-02, PNorm = 94.5329, GNorm = 0.1871, lr_0 = 6.7866e-04
Loss = 2.2509e-02, PNorm = 94.5449, GNorm = 0.1416, lr_0 = 6.7796e-04
Loss = 4.6065e-02, PNorm = 94.5482, GNorm = 0.1841, lr_0 = 6.7727e-04
Loss = 2.9208e-02, PNorm = 94.5586, GNorm = 0.1407, lr_0 = 6.7657e-04
Loss = 3.1714e-02, PNorm = 94.5747, GNorm = 1.7197, lr_0 = 6.7587e-04
Loss = 1.1631e-01, PNorm = 94.5652, GNorm = 0.4069, lr_0 = 6.7518e-04
Loss = 5.5841e-02, PNorm = 94.5771, GNorm = 0.5534, lr_0 = 6.7449e-04
Loss = 3.6534e-02, PNorm = 94.6011, GNorm = 0.1931, lr_0 = 6.7379e-04
Loss = 4.0830e-02, PNorm = 94.6133, GNorm = 0.1341, lr_0 = 6.7310e-04
Loss = 9.5049e-02, PNorm = 94.6150, GNorm = 0.2107, lr_0 = 6.7241e-04
Loss = 3.6080e-02, PNorm = 94.6248, GNorm = 0.5174, lr_0 = 6.7172e-04
Loss = 2.0108e-02, PNorm = 94.6469, GNorm = 0.1820, lr_0 = 6.7103e-04
Loss = 1.3608e-02, PNorm = 94.6649, GNorm = 0.6055, lr_0 = 6.7034e-04
Loss = 6.6768e-02, PNorm = 94.6651, GNorm = 0.1043, lr_0 = 6.6965e-04
Loss = 4.4169e-02, PNorm = 94.6641, GNorm = 0.2053, lr_0 = 6.6896e-04
Loss = 6.9766e-02, PNorm = 94.6688, GNorm = 0.3262, lr_0 = 6.6828e-04
Loss = 4.9651e-02, PNorm = 94.6828, GNorm = 0.3291, lr_0 = 6.6759e-04
Loss = 4.9539e-02, PNorm = 94.7017, GNorm = 0.5593, lr_0 = 6.6690e-04
Loss = 7.7514e-02, PNorm = 94.7047, GNorm = 0.6269, lr_0 = 6.6622e-04
Loss = 3.7514e-02, PNorm = 94.7100, GNorm = 0.3071, lr_0 = 6.6553e-04
Loss = 2.0501e-02, PNorm = 94.7273, GNorm = 0.1575, lr_0 = 6.6485e-04
Loss = 1.6227e-02, PNorm = 94.7427, GNorm = 0.0599, lr_0 = 6.6417e-04
Loss = 8.2643e-02, PNorm = 94.7356, GNorm = 0.0807, lr_0 = 6.6348e-04
Loss = 3.9665e-02, PNorm = 94.7305, GNorm = 0.2391, lr_0 = 6.6280e-04
Validation auc = 0.570088
Epoch 7
Loss = 1.0475e-02, PNorm = 94.7415, GNorm = 0.1896, lr_0 = 6.6212e-04
Loss = 3.7799e-02, PNorm = 94.7563, GNorm = 1.0875, lr_0 = 6.6144e-04
Loss = 8.1175e-02, PNorm = 94.7560, GNorm = 0.4130, lr_0 = 6.6076e-04
Loss = 6.1686e-02, PNorm = 94.7643, GNorm = 0.9229, lr_0 = 6.6008e-04
Loss = 8.9122e-02, PNorm = 94.7738, GNorm = 0.4926, lr_0 = 6.5940e-04
Loss = 3.2273e-02, PNorm = 94.7940, GNorm = 0.2160, lr_0 = 6.5873e-04
Loss = 5.6154e-02, PNorm = 94.8105, GNorm = 0.1550, lr_0 = 6.5805e-04
Loss = 1.8204e-02, PNorm = 94.8253, GNorm = 0.1222, lr_0 = 6.5737e-04
Loss = 6.8030e-02, PNorm = 94.8328, GNorm = 0.2148, lr_0 = 6.5670e-04
Loss = 1.1701e-01, PNorm = 94.8329, GNorm = 0.4847, lr_0 = 6.5602e-04
Loss = 4.5834e-02, PNorm = 94.8623, GNorm = 0.3389, lr_0 = 6.5535e-04
Loss = 4.2184e-02, PNorm = 94.8904, GNorm = 0.0976, lr_0 = 6.5468e-04
Loss = 7.2710e-02, PNorm = 94.9340, GNorm = 0.6844, lr_0 = 6.5400e-04
Loss = 7.6367e-02, PNorm = 95.0528, GNorm = 0.3001, lr_0 = 6.5333e-04
Loss = 3.3868e-02, PNorm = 95.1214, GNorm = 0.3051, lr_0 = 6.5266e-04
Loss = 5.4647e-02, PNorm = 95.1580, GNorm = 0.2169, lr_0 = 6.5199e-04
Loss = 5.4450e-02, PNorm = 95.1730, GNorm = 0.2321, lr_0 = 6.5132e-04
Loss = 7.4191e-02, PNorm = 95.1846, GNorm = 0.2284, lr_0 = 6.5065e-04
Loss = 5.9711e-02, PNorm = 95.1955, GNorm = 0.3478, lr_0 = 6.4998e-04
Loss = 9.3273e-02, PNorm = 95.2124, GNorm = 0.7439, lr_0 = 6.4931e-04
Loss = 5.3094e-02, PNorm = 95.2225, GNorm = 0.3508, lr_0 = 6.4865e-04
Loss = 9.9959e-03, PNorm = 95.2505, GNorm = 0.1281, lr_0 = 6.4798e-04
Loss = 6.1564e-02, PNorm = 95.2599, GNorm = 0.1045, lr_0 = 6.4732e-04
Loss = 7.1605e-02, PNorm = 95.2546, GNorm = 0.2994, lr_0 = 6.4665e-04
Loss = 5.9145e-02, PNorm = 95.2639, GNorm = 0.3710, lr_0 = 6.4599e-04
Loss = 4.9140e-02, PNorm = 95.2801, GNorm = 0.2126, lr_0 = 6.4532e-04
Loss = 2.5765e-02, PNorm = 95.2956, GNorm = 0.1395, lr_0 = 6.4466e-04
Loss = 5.5124e-02, PNorm = 95.3036, GNorm = 0.1136, lr_0 = 6.4400e-04
Loss = 5.6890e-02, PNorm = 95.3098, GNorm = 0.2234, lr_0 = 6.4334e-04
Loss = 8.7653e-02, PNorm = 95.3112, GNorm = 0.3912, lr_0 = 6.4267e-04
Loss = 2.3946e-02, PNorm = 95.3350, GNorm = 0.2405, lr_0 = 6.4201e-04
Loss = 8.1581e-02, PNorm = 95.3516, GNorm = 1.2001, lr_0 = 6.4135e-04
Loss = 1.7273e-02, PNorm = 95.3688, GNorm = 0.1561, lr_0 = 6.4070e-04
Loss = 3.7262e-02, PNorm = 95.3832, GNorm = 0.1053, lr_0 = 6.4004e-04
Loss = 8.0213e-02, PNorm = 95.3800, GNorm = 0.2276, lr_0 = 6.3938e-04
Loss = 3.6480e-02, PNorm = 95.3838, GNorm = 0.3236, lr_0 = 6.3872e-04
Loss = 6.4004e-02, PNorm = 95.3964, GNorm = 0.2336, lr_0 = 6.3807e-04
Loss = 3.6002e-02, PNorm = 95.4120, GNorm = 0.4575, lr_0 = 6.3741e-04
Loss = 3.5696e-02, PNorm = 95.4287, GNorm = 0.1038, lr_0 = 6.3676e-04
Loss = 7.8435e-02, PNorm = 95.4334, GNorm = 0.2787, lr_0 = 6.3610e-04
Loss = 2.8452e-02, PNorm = 95.4459, GNorm = 0.2775, lr_0 = 6.3545e-04
Loss = 6.7521e-03, PNorm = 95.4751, GNorm = 0.0889, lr_0 = 6.3480e-04
Loss = 3.8880e-02, PNorm = 95.4855, GNorm = 0.0915, lr_0 = 6.3414e-04
Loss = 9.3481e-02, PNorm = 95.4809, GNorm = 0.2449, lr_0 = 6.3349e-04
Loss = 6.3107e-02, PNorm = 95.4820, GNorm = 0.5106, lr_0 = 6.3284e-04
Loss = 4.2390e-02, PNorm = 95.5002, GNorm = 0.2637, lr_0 = 6.3219e-04
Loss = 8.0338e-02, PNorm = 95.5099, GNorm = 0.4912, lr_0 = 6.3154e-04
Loss = 3.4635e-02, PNorm = 95.5208, GNorm = 0.2079, lr_0 = 6.3089e-04
Loss = 6.3971e-02, PNorm = 95.5268, GNorm = 0.2486, lr_0 = 6.3024e-04
Loss = 5.0603e-02, PNorm = 95.5327, GNorm = 0.2196, lr_0 = 6.2960e-04
Loss = 8.9010e-02, PNorm = 95.5377, GNorm = 0.4195, lr_0 = 6.2895e-04
Loss = 5.6048e-02, PNorm = 95.5552, GNorm = 0.2816, lr_0 = 6.2830e-04
Loss = 6.1490e-02, PNorm = 95.5647, GNorm = 1.1599, lr_0 = 6.2766e-04
Loss = 7.6969e-02, PNorm = 95.5653, GNorm = 1.3376, lr_0 = 6.2701e-04
Loss = 3.6401e-02, PNorm = 95.5677, GNorm = 0.3808, lr_0 = 6.2637e-04
Loss = 2.6809e-02, PNorm = 95.5865, GNorm = 0.1498, lr_0 = 6.2573e-04
Loss = 3.8750e-02, PNorm = 95.5959, GNorm = 0.0863, lr_0 = 6.2508e-04
Loss = 3.9966e-02, PNorm = 95.6001, GNorm = 0.1045, lr_0 = 6.2444e-04
Loss = 6.8522e-02, PNorm = 95.5985, GNorm = 0.3226, lr_0 = 6.2380e-04
Loss = 2.9925e-02, PNorm = 95.6125, GNorm = 0.2476, lr_0 = 6.2316e-04
Loss = 5.4500e-02, PNorm = 95.6272, GNorm = 0.8776, lr_0 = 6.2252e-04
Loss = 4.4704e-02, PNorm = 95.6388, GNorm = 0.5539, lr_0 = 6.2188e-04
Loss = 5.5179e-02, PNorm = 95.6467, GNorm = 0.2564, lr_0 = 6.2124e-04
Loss = 6.6224e-02, PNorm = 95.6542, GNorm = 0.2972, lr_0 = 6.2060e-04
Loss = 5.8067e-02, PNorm = 95.6689, GNorm = 0.2786, lr_0 = 6.1996e-04
Loss = 1.0302e-01, PNorm = 95.6776, GNorm = 1.0383, lr_0 = 6.1933e-04
Loss = 7.8185e-02, PNorm = 95.6925, GNorm = 0.7295, lr_0 = 6.1869e-04
Loss = 3.1324e-02, PNorm = 95.7217, GNorm = 0.1693, lr_0 = 6.1805e-04
Loss = 3.8355e-02, PNorm = 95.7393, GNorm = 0.1022, lr_0 = 6.1742e-04
Loss = 4.0002e-02, PNorm = 95.7381, GNorm = 0.1125, lr_0 = 6.1679e-04
Loss = 8.3798e-02, PNorm = 95.7350, GNorm = 0.4356, lr_0 = 6.1615e-04
Loss = 9.8682e-02, PNorm = 95.7383, GNorm = 0.4012, lr_0 = 6.1552e-04
Loss = 8.7690e-02, PNorm = 95.7570, GNorm = 0.3225, lr_0 = 6.1489e-04
Loss = 5.0885e-02, PNorm = 95.7826, GNorm = 0.2375, lr_0 = 6.1425e-04
Loss = 2.7380e-02, PNorm = 95.8049, GNorm = 0.7469, lr_0 = 6.1362e-04
Loss = 7.9742e-02, PNorm = 95.8038, GNorm = 0.2606, lr_0 = 6.1299e-04
Loss = 2.0173e-02, PNorm = 95.8154, GNorm = 0.2262, lr_0 = 6.1236e-04
Loss = 4.1737e-02, PNorm = 95.8298, GNorm = 0.1431, lr_0 = 6.1173e-04
Loss = 4.5859e-02, PNorm = 95.8370, GNorm = 0.1574, lr_0 = 6.1111e-04
Loss = 9.5667e-02, PNorm = 95.8332, GNorm = 0.3948, lr_0 = 6.1048e-04
Validation auc = 0.562892
Epoch 8
Loss = 7.3980e-02, PNorm = 95.8417, GNorm = 0.3521, lr_0 = 6.0985e-04
Loss = 6.9290e-02, PNorm = 95.8599, GNorm = 0.3309, lr_0 = 6.0922e-04
Loss = 7.6323e-02, PNorm = 95.8778, GNorm = 0.3582, lr_0 = 6.0860e-04
Loss = 4.7231e-02, PNorm = 95.9002, GNorm = 0.2021, lr_0 = 6.0797e-04
Loss = 5.7641e-02, PNorm = 95.9118, GNorm = 0.1594, lr_0 = 6.0735e-04
Loss = 3.4754e-02, PNorm = 95.9236, GNorm = 0.2158, lr_0 = 6.0672e-04
Loss = 5.0396e-02, PNorm = 95.9371, GNorm = 0.8904, lr_0 = 6.0610e-04
Loss = 4.9720e-02, PNorm = 95.9475, GNorm = 0.6874, lr_0 = 6.0548e-04
Loss = 8.1922e-02, PNorm = 95.9583, GNorm = 0.3743, lr_0 = 6.0486e-04
Loss = 1.4747e-02, PNorm = 95.9887, GNorm = 0.2336, lr_0 = 6.0423e-04
Loss = 3.1639e-02, PNorm = 96.0232, GNorm = 1.0951, lr_0 = 6.0361e-04
Loss = 6.8767e-02, PNorm = 96.0250, GNorm = 0.1307, lr_0 = 6.0299e-04
Loss = 4.6173e-02, PNorm = 96.0344, GNorm = 0.5733, lr_0 = 6.0237e-04
Loss = 6.8996e-02, PNorm = 96.0472, GNorm = 0.3229, lr_0 = 6.0175e-04
Loss = 6.3624e-02, PNorm = 96.0612, GNorm = 0.4230, lr_0 = 6.0114e-04
Loss = 2.9863e-02, PNorm = 96.0919, GNorm = 0.6436, lr_0 = 6.0052e-04
Loss = 2.7766e-02, PNorm = 96.1175, GNorm = 0.6785, lr_0 = 5.9990e-04
Loss = 3.4639e-02, PNorm = 96.1226, GNorm = 0.1290, lr_0 = 5.9929e-04
Loss = 7.6770e-02, PNorm = 96.1394, GNorm = 0.2058, lr_0 = 5.9867e-04
Loss = 2.6462e-02, PNorm = 96.2626, GNorm = 0.2676, lr_0 = 5.9805e-04
Loss = 4.0094e-02, PNorm = 96.3436, GNorm = 0.1964, lr_0 = 5.9744e-04
Loss = 7.6959e-02, PNorm = 96.3755, GNorm = 0.9399, lr_0 = 5.9683e-04
Loss = 2.8380e-02, PNorm = 96.3959, GNorm = 0.2501, lr_0 = 5.9621e-04
Loss = 3.6790e-02, PNorm = 96.4138, GNorm = 0.1748, lr_0 = 5.9560e-04
Loss = 4.7767e-02, PNorm = 96.4248, GNorm = 0.1580, lr_0 = 5.9499e-04
Loss = 9.5158e-02, PNorm = 96.4262, GNorm = 0.4985, lr_0 = 5.9438e-04
Loss = 6.2342e-02, PNorm = 96.4366, GNorm = 0.5546, lr_0 = 5.9377e-04
Loss = 6.5094e-02, PNorm = 96.4509, GNorm = 0.3152, lr_0 = 5.9316e-04
Loss = 4.4822e-02, PNorm = 96.4645, GNorm = 0.5596, lr_0 = 5.9255e-04
Loss = 2.4328e-02, PNorm = 96.4745, GNorm = 0.1293, lr_0 = 5.9194e-04
Loss = 4.7384e-02, PNorm = 96.4775, GNorm = 0.1371, lr_0 = 5.9133e-04
Loss = 7.1801e-02, PNorm = 96.4744, GNorm = 0.3722, lr_0 = 5.9072e-04
Loss = 5.0805e-02, PNorm = 96.4833, GNorm = 0.2950, lr_0 = 5.9012e-04
Loss = 7.1480e-02, PNorm = 96.4943, GNorm = 0.3271, lr_0 = 5.8951e-04
Loss = 5.7093e-02, PNorm = 96.5047, GNorm = 0.5712, lr_0 = 5.8890e-04
Loss = 3.1013e-02, PNorm = 96.5191, GNorm = 0.7817, lr_0 = 5.8830e-04
Loss = 8.2020e-02, PNorm = 96.5223, GNorm = 0.5343, lr_0 = 5.8769e-04
Loss = 8.3447e-02, PNorm = 96.5277, GNorm = 0.3394, lr_0 = 5.8709e-04
Loss = 3.0875e-02, PNorm = 96.5433, GNorm = 0.4216, lr_0 = 5.8649e-04
Loss = 5.9407e-02, PNorm = 96.5548, GNorm = 0.1810, lr_0 = 5.8589e-04
Loss = 4.5221e-02, PNorm = 96.5615, GNorm = 0.3582, lr_0 = 5.8528e-04
Loss = 5.2961e-02, PNorm = 96.5618, GNorm = 0.5872, lr_0 = 5.8468e-04
Loss = 3.8573e-02, PNorm = 96.5680, GNorm = 0.2254, lr_0 = 5.8408e-04
Loss = 8.2240e-02, PNorm = 96.5700, GNorm = 0.4820, lr_0 = 5.8348e-04
Loss = 6.9682e-02, PNorm = 96.5755, GNorm = 0.3714, lr_0 = 5.8288e-04
Loss = 6.0119e-02, PNorm = 96.5882, GNorm = 0.7706, lr_0 = 5.8228e-04
Loss = 7.7010e-02, PNorm = 96.5934, GNorm = 0.4895, lr_0 = 5.8168e-04
Loss = 7.8408e-02, PNorm = 96.6005, GNorm = 0.5073, lr_0 = 5.8109e-04
Loss = 5.6758e-02, PNorm = 96.6192, GNorm = 0.3236, lr_0 = 5.8049e-04
Loss = 6.1661e-02, PNorm = 96.6350, GNorm = 0.2117, lr_0 = 5.7989e-04
Loss = 7.1007e-02, PNorm = 96.6393, GNorm = 0.5116, lr_0 = 5.7930e-04
Loss = 4.6804e-02, PNorm = 96.6491, GNorm = 0.3447, lr_0 = 5.7870e-04
Loss = 5.2388e-02, PNorm = 96.6618, GNorm = 0.2510, lr_0 = 5.7811e-04
Loss = 4.9665e-02, PNorm = 96.6747, GNorm = 0.2418, lr_0 = 5.7751e-04
Loss = 1.6430e-02, PNorm = 96.6903, GNorm = 0.1418, lr_0 = 5.7692e-04
Loss = 8.4782e-02, PNorm = 96.6933, GNorm = 0.2369, lr_0 = 5.7633e-04
Loss = 5.7086e-02, PNorm = 96.6984, GNorm = 0.4697, lr_0 = 5.7574e-04
Loss = 4.8445e-02, PNorm = 96.7177, GNorm = 1.1081, lr_0 = 5.7514e-04
Loss = 7.5217e-02, PNorm = 96.7228, GNorm = 0.3569, lr_0 = 5.7455e-04
Loss = 4.3495e-02, PNorm = 96.7379, GNorm = 0.3149, lr_0 = 5.7396e-04
Loss = 6.8673e-02, PNorm = 96.7482, GNorm = 0.5704, lr_0 = 5.7337e-04
Loss = 4.0310e-02, PNorm = 96.7612, GNorm = 0.3207, lr_0 = 5.7278e-04
Loss = 4.1513e-02, PNorm = 96.7787, GNorm = 0.1124, lr_0 = 5.7220e-04
Loss = 6.6325e-02, PNorm = 96.7814, GNorm = 0.2410, lr_0 = 5.7161e-04
Loss = 6.3084e-02, PNorm = 96.7861, GNorm = 0.4146, lr_0 = 5.7102e-04
Loss = 5.3934e-02, PNorm = 96.8030, GNorm = 0.3103, lr_0 = 5.7043e-04
Loss = 5.1158e-02, PNorm = 96.8186, GNorm = 0.6093, lr_0 = 5.6985e-04
Loss = 7.4102e-02, PNorm = 96.8205, GNorm = 0.2226, lr_0 = 5.6926e-04
Loss = 4.1850e-02, PNorm = 96.8248, GNorm = 0.4069, lr_0 = 5.6868e-04
Loss = 6.2317e-02, PNorm = 96.8396, GNorm = 1.2483, lr_0 = 5.6809e-04
Loss = 6.8880e-02, PNorm = 96.8417, GNorm = 0.3939, lr_0 = 5.6751e-04
Loss = 4.1120e-02, PNorm = 96.8593, GNorm = 0.6220, lr_0 = 5.6693e-04
Loss = 5.3437e-02, PNorm = 96.8687, GNorm = 0.2317, lr_0 = 5.6634e-04
Loss = 5.6365e-02, PNorm = 96.8791, GNorm = 0.8725, lr_0 = 5.6576e-04
Loss = 4.0506e-02, PNorm = 96.8864, GNorm = 0.6069, lr_0 = 5.6518e-04
Loss = 5.7537e-02, PNorm = 96.8938, GNorm = 0.2781, lr_0 = 5.6460e-04
Loss = 1.0612e-01, PNorm = 96.8935, GNorm = 0.6358, lr_0 = 5.6402e-04
Loss = 5.2383e-02, PNorm = 96.9120, GNorm = 0.4544, lr_0 = 5.6344e-04
Loss = 3.4505e-02, PNorm = 96.9365, GNorm = 0.1420, lr_0 = 5.6286e-04
Loss = 5.8600e-02, PNorm = 96.9479, GNorm = 0.6723, lr_0 = 5.6228e-04
Validation auc = 0.561828
Epoch 9
Loss = 7.3628e-02, PNorm = 96.9492, GNorm = 0.4200, lr_0 = 5.6171e-04
Loss = 5.2732e-02, PNorm = 96.9557, GNorm = 0.5531, lr_0 = 5.6113e-04
Loss = 3.2286e-02, PNorm = 96.9739, GNorm = 0.2605, lr_0 = 5.6055e-04
Loss = 7.9081e-02, PNorm = 96.9794, GNorm = 0.5908, lr_0 = 5.5998e-04
Loss = 4.6414e-02, PNorm = 96.9864, GNorm = 0.3293, lr_0 = 5.5940e-04
Loss = 6.7853e-02, PNorm = 96.9938, GNorm = 0.4941, lr_0 = 5.5883e-04
Loss = 9.7918e-02, PNorm = 96.9990, GNorm = 0.5028, lr_0 = 5.5825e-04
Loss = 5.2094e-02, PNorm = 97.0054, GNorm = 0.4345, lr_0 = 5.5768e-04
Loss = 5.2817e-02, PNorm = 97.0175, GNorm = 0.2300, lr_0 = 5.5711e-04
Loss = 5.0998e-02, PNorm = 97.0245, GNorm = 0.2460, lr_0 = 5.5653e-04
Loss = 4.4553e-02, PNorm = 97.0333, GNorm = 0.6696, lr_0 = 5.5596e-04
Loss = 3.8056e-02, PNorm = 97.0348, GNorm = 0.7502, lr_0 = 5.5539e-04
Loss = 5.4747e-02, PNorm = 97.0405, GNorm = 0.3434, lr_0 = 5.5482e-04
Loss = 7.6607e-02, PNorm = 97.0470, GNorm = 0.4265, lr_0 = 5.5425e-04
Loss = 7.7057e-02, PNorm = 97.0626, GNorm = 0.4674, lr_0 = 5.5368e-04
Loss = 2.8229e-02, PNorm = 97.0902, GNorm = 0.2044, lr_0 = 5.5311e-04
Loss = 6.4373e-02, PNorm = 97.1059, GNorm = 0.1611, lr_0 = 5.5254e-04
Loss = 8.5062e-02, PNorm = 97.1015, GNorm = 0.6013, lr_0 = 5.5198e-04
Loss = 4.4979e-02, PNorm = 97.1192, GNorm = 0.3966, lr_0 = 5.5141e-04
Loss = 7.4994e-02, PNorm = 97.1390, GNorm = 1.6126, lr_0 = 5.5084e-04
Loss = 5.8232e-02, PNorm = 97.1485, GNorm = 0.6221, lr_0 = 5.5028e-04
Loss = 7.4375e-02, PNorm = 97.1557, GNorm = 1.1342, lr_0 = 5.4971e-04
Loss = 6.8022e-02, PNorm = 97.1716, GNorm = 0.5210, lr_0 = 5.4915e-04
Loss = 7.2417e-02, PNorm = 97.1775, GNorm = 0.4585, lr_0 = 5.4858e-04
Loss = 5.9757e-02, PNorm = 97.1951, GNorm = 0.5120, lr_0 = 5.4802e-04
Loss = 4.5638e-02, PNorm = 97.2121, GNorm = 0.7001, lr_0 = 5.4745e-04
Loss = 6.3345e-02, PNorm = 97.2186, GNorm = 0.5853, lr_0 = 5.4689e-04
Loss = 6.4197e-02, PNorm = 97.2258, GNorm = 1.1535, lr_0 = 5.4633e-04
Loss = 3.6971e-02, PNorm = 97.2400, GNorm = 0.4691, lr_0 = 5.4577e-04
Loss = 5.9637e-02, PNorm = 97.2528, GNorm = 0.3717, lr_0 = 5.4521e-04
Loss = 1.5066e-02, PNorm = 97.2687, GNorm = 0.1870, lr_0 = 5.4465e-04
Loss = 5.2223e-02, PNorm = 97.2789, GNorm = 0.1533, lr_0 = 5.4409e-04
Loss = 3.5912e-02, PNorm = 97.2880, GNorm = 0.2045, lr_0 = 5.4353e-04
Loss = 2.8255e-02, PNorm = 97.2977, GNorm = 0.2104, lr_0 = 5.4297e-04
Loss = 7.5762e-02, PNorm = 97.2995, GNorm = 0.7310, lr_0 = 5.4241e-04
Loss = 5.0474e-02, PNorm = 97.3156, GNorm = 0.3520, lr_0 = 5.4186e-04
Loss = 3.5565e-02, PNorm = 97.3398, GNorm = 0.6162, lr_0 = 5.4130e-04
Loss = 8.0444e-02, PNorm = 97.3668, GNorm = 0.3059, lr_0 = 5.4074e-04
Loss = 3.1888e-02, PNorm = 97.4080, GNorm = 0.2866, lr_0 = 5.4019e-04
Loss = 4.6887e-02, PNorm = 97.4310, GNorm = 0.2940, lr_0 = 5.3963e-04
Loss = 4.1072e-02, PNorm = 97.4446, GNorm = 0.1877, lr_0 = 5.3908e-04
Loss = 6.2160e-02, PNorm = 97.4485, GNorm = 0.2594, lr_0 = 5.3852e-04
Loss = 9.8311e-02, PNorm = 97.4482, GNorm = 0.5628, lr_0 = 5.3797e-04
Loss = 6.1389e-02, PNorm = 97.4594, GNorm = 0.6502, lr_0 = 5.3742e-04
Loss = 3.8788e-02, PNorm = 97.4800, GNorm = 0.8073, lr_0 = 5.3687e-04
Loss = 6.9925e-02, PNorm = 97.4909, GNorm = 1.1238, lr_0 = 5.3631e-04
Loss = 4.0167e-02, PNorm = 97.4975, GNorm = 0.3367, lr_0 = 5.3576e-04
Loss = 5.8092e-02, PNorm = 97.5079, GNorm = 0.3628, lr_0 = 5.3521e-04
Loss = 6.6071e-02, PNorm = 97.5175, GNorm = 0.6686, lr_0 = 5.3466e-04
Loss = 4.8577e-02, PNorm = 97.5257, GNorm = 0.5383, lr_0 = 5.3411e-04
Loss = 4.9230e-02, PNorm = 97.5326, GNorm = 0.2746, lr_0 = 5.3357e-04
Loss = 5.8644e-02, PNorm = 97.5376, GNorm = 0.4188, lr_0 = 5.3302e-04
Loss = 1.9194e-02, PNorm = 97.5527, GNorm = 0.5640, lr_0 = 5.3247e-04
Loss = 2.6856e-02, PNorm = 97.5641, GNorm = 0.0827, lr_0 = 5.3192e-04
Loss = 1.0929e-01, PNorm = 97.5581, GNorm = 0.7943, lr_0 = 5.3138e-04
Loss = 7.4603e-02, PNorm = 97.5662, GNorm = 0.6301, lr_0 = 5.3083e-04
Loss = 3.1242e-02, PNorm = 97.5866, GNorm = 0.2754, lr_0 = 5.3028e-04
Loss = 3.5687e-02, PNorm = 97.6040, GNorm = 0.1472, lr_0 = 5.2974e-04
Loss = 5.4459e-02, PNorm = 97.6132, GNorm = 0.1616, lr_0 = 5.2920e-04
Loss = 2.6750e-02, PNorm = 97.6204, GNorm = 0.7335, lr_0 = 5.2865e-04
Loss = 4.8159e-02, PNorm = 97.6211, GNorm = 0.2581, lr_0 = 5.2811e-04
Loss = 2.0215e-02, PNorm = 97.6305, GNorm = 0.2435, lr_0 = 5.2757e-04
Loss = 7.5949e-02, PNorm = 97.6353, GNorm = 0.2088, lr_0 = 5.2702e-04
Loss = 3.5249e-02, PNorm = 97.6452, GNorm = 0.2318, lr_0 = 5.2648e-04
Loss = 4.2850e-02, PNorm = 97.6565, GNorm = 0.2326, lr_0 = 5.2594e-04
Loss = 5.7613e-02, PNorm = 97.6680, GNorm = 0.7075, lr_0 = 5.2540e-04
Loss = 2.9379e-02, PNorm = 97.6751, GNorm = 0.2423, lr_0 = 5.2486e-04
Loss = 7.8951e-02, PNorm = 97.6777, GNorm = 0.3831, lr_0 = 5.2432e-04
Loss = 5.7897e-02, PNorm = 97.6903, GNorm = 0.4164, lr_0 = 5.2378e-04
Loss = 7.6265e-02, PNorm = 97.7032, GNorm = 1.7955, lr_0 = 5.2325e-04
Loss = 5.9666e-02, PNorm = 97.7110, GNorm = 0.3866, lr_0 = 5.2271e-04
Loss = 6.0211e-02, PNorm = 97.7213, GNorm = 0.4060, lr_0 = 5.2217e-04
Loss = 9.2740e-02, PNorm = 97.7292, GNorm = 0.4747, lr_0 = 5.2163e-04
Loss = 4.3354e-02, PNorm = 97.7463, GNorm = 0.4399, lr_0 = 5.2110e-04
Loss = 6.4482e-02, PNorm = 97.7615, GNorm = 0.2270, lr_0 = 5.2056e-04
Loss = 3.3782e-02, PNorm = 97.7730, GNorm = 0.1737, lr_0 = 5.2003e-04
Loss = 1.7862e-02, PNorm = 97.7869, GNorm = 0.1840, lr_0 = 5.1949e-04
Loss = 3.6036e-02, PNorm = 97.8002, GNorm = 0.1122, lr_0 = 5.1896e-04
Loss = 6.5108e-02, PNorm = 97.8037, GNorm = 0.7715, lr_0 = 5.1843e-04
Loss = 4.9980e-02, PNorm = 97.8159, GNorm = 0.4117, lr_0 = 5.1789e-04
Validation auc = 0.540838
Epoch 10
Loss = 5.4869e-02, PNorm = 97.8376, GNorm = 0.4698, lr_0 = 5.1736e-04
Loss = 5.7510e-02, PNorm = 97.8503, GNorm = 0.2996, lr_0 = 5.1683e-04
Loss = 5.4260e-02, PNorm = 97.8664, GNorm = 0.3241, lr_0 = 5.1630e-04
Loss = 8.1851e-02, PNorm = 97.8784, GNorm = 0.4980, lr_0 = 5.1577e-04
Loss = 5.0982e-02, PNorm = 97.9042, GNorm = 0.3657, lr_0 = 5.1524e-04
Loss = 8.3147e-02, PNorm = 97.9276, GNorm = 0.4889, lr_0 = 5.1471e-04
Loss = 6.1298e-02, PNorm = 97.9606, GNorm = 0.2909, lr_0 = 5.1418e-04
Loss = 7.0453e-03, PNorm = 98.0038, GNorm = 0.0853, lr_0 = 5.1365e-04
Loss = 4.4783e-01, PNorm = 98.1178, GNorm = 0.5365, lr_0 = 5.1313e-04
Loss = 1.2482e-01, PNorm = 98.6420, GNorm = 0.7914, lr_0 = 5.1260e-04
Loss = 3.5612e-02, PNorm = 99.1502, GNorm = 0.0879, lr_0 = 5.1207e-04
Loss = 9.6549e-02, PNorm = 99.3711, GNorm = 0.1928, lr_0 = 5.1155e-04
Loss = 4.7863e-02, PNorm = 99.4660, GNorm = 0.4700, lr_0 = 5.1102e-04
Loss = 6.7491e-02, PNorm = 99.5151, GNorm = 0.8099, lr_0 = 5.1049e-04
Loss = 3.5697e-02, PNorm = 99.5423, GNorm = 0.3102, lr_0 = 5.0997e-04
Loss = 4.8427e-02, PNorm = 99.5615, GNorm = 0.2679, lr_0 = 5.0945e-04
Loss = 6.4103e-02, PNorm = 99.5728, GNorm = 0.2112, lr_0 = 5.0892e-04
Loss = 4.3872e-02, PNorm = 99.5805, GNorm = 1.4628, lr_0 = 5.0840e-04
Loss = 7.7812e-03, PNorm = 99.5916, GNorm = 0.2491, lr_0 = 5.0788e-04
Loss = 4.6084e-02, PNorm = 99.6005, GNorm = 0.1543, lr_0 = 5.0736e-04
Loss = 3.2934e-02, PNorm = 99.6071, GNorm = 0.1598, lr_0 = 5.0683e-04
Loss = 1.4688e-02, PNorm = 99.6180, GNorm = 0.1477, lr_0 = 5.0631e-04
Loss = 5.3249e-02, PNorm = 99.6216, GNorm = 0.7798, lr_0 = 5.0579e-04
Loss = 7.5242e-02, PNorm = 99.6195, GNorm = 0.4080, lr_0 = 5.0527e-04
Loss = 6.6679e-02, PNorm = 99.6277, GNorm = 0.4425, lr_0 = 5.0475e-04
Loss = 3.1520e-02, PNorm = 99.6417, GNorm = 0.2751, lr_0 = 5.0424e-04
Loss = 2.4707e-02, PNorm = 99.6545, GNorm = 0.1482, lr_0 = 5.0372e-04
Loss = 9.3119e-02, PNorm = 99.6544, GNorm = 0.6241, lr_0 = 5.0320e-04
Loss = 3.4040e-02, PNorm = 99.6571, GNorm = 0.3436, lr_0 = 5.0268e-04
Loss = 4.9632e-02, PNorm = 99.6643, GNorm = 0.2937, lr_0 = 5.0217e-04
Loss = 3.0238e-02, PNorm = 99.6748, GNorm = 0.1870, lr_0 = 5.0165e-04
Loss = 5.0596e-02, PNorm = 99.6818, GNorm = 1.5079, lr_0 = 5.0114e-04
Loss = 8.2736e-02, PNorm = 99.6776, GNorm = 1.2757, lr_0 = 5.0062e-04
Loss = 5.0965e-02, PNorm = 99.6804, GNorm = 0.5549, lr_0 = 5.0011e-04
Loss = 7.9139e-02, PNorm = 99.6883, GNorm = 0.5221, lr_0 = 4.9959e-04
Loss = 4.0256e-02, PNorm = 99.7006, GNorm = 0.3438, lr_0 = 4.9908e-04
Loss = 4.7444e-02, PNorm = 99.7121, GNorm = 0.2280, lr_0 = 4.9857e-04
Loss = 6.3944e-02, PNorm = 99.7139, GNorm = 0.2646, lr_0 = 4.9805e-04
Loss = 4.4558e-02, PNorm = 99.7212, GNorm = 0.2260, lr_0 = 4.9754e-04
Loss = 5.7516e-02, PNorm = 99.7281, GNorm = 0.6763, lr_0 = 4.9703e-04
Loss = 7.4876e-02, PNorm = 99.7341, GNorm = 0.3674, lr_0 = 4.9652e-04
Loss = 5.7442e-02, PNorm = 99.7429, GNorm = 0.4109, lr_0 = 4.9601e-04
Loss = 6.4038e-02, PNorm = 99.7524, GNorm = 0.3718, lr_0 = 4.9550e-04
Loss = 8.0098e-02, PNorm = 99.7593, GNorm = 0.2915, lr_0 = 4.9499e-04
Loss = 3.8855e-02, PNorm = 99.7680, GNorm = 0.7376, lr_0 = 4.9448e-04
Loss = 6.8462e-02, PNorm = 99.7728, GNorm = 1.2463, lr_0 = 4.9398e-04
Loss = 3.7114e-02, PNorm = 99.7824, GNorm = 0.2999, lr_0 = 4.9347e-04
Loss = 5.7350e-02, PNorm = 99.7907, GNorm = 0.2419, lr_0 = 4.9296e-04
Loss = 5.9341e-02, PNorm = 99.7967, GNorm = 0.4004, lr_0 = 4.9245e-04
Loss = 2.8426e-02, PNorm = 99.8042, GNorm = 0.2901, lr_0 = 4.9195e-04
Loss = 7.9924e-02, PNorm = 99.8096, GNorm = 0.2288, lr_0 = 4.9144e-04
Loss = 3.8155e-02, PNorm = 99.8146, GNorm = 0.3982, lr_0 = 4.9094e-04
Loss = 2.9542e-02, PNorm = 99.8285, GNorm = 0.7629, lr_0 = 4.9043e-04
Loss = 4.8568e-02, PNorm = 99.8378, GNorm = 1.5419, lr_0 = 4.8993e-04
Loss = 6.2994e-02, PNorm = 99.8390, GNorm = 1.2876, lr_0 = 4.8943e-04
Loss = 3.0732e-02, PNorm = 99.8427, GNorm = 0.2519, lr_0 = 4.8892e-04
Loss = 6.0242e-02, PNorm = 99.8492, GNorm = 0.2938, lr_0 = 4.8842e-04
Loss = 4.0188e-02, PNorm = 99.8611, GNorm = 1.3674, lr_0 = 4.8792e-04
Loss = 7.5195e-02, PNorm = 99.8666, GNorm = 0.2648, lr_0 = 4.8742e-04
Loss = 5.4591e-02, PNorm = 99.8758, GNorm = 0.3324, lr_0 = 4.8692e-04
Loss = 8.6563e-02, PNorm = 99.8800, GNorm = 0.3518, lr_0 = 4.8642e-04
Loss = 7.6948e-02, PNorm = 99.8901, GNorm = 0.3287, lr_0 = 4.8592e-04
Loss = 5.1768e-02, PNorm = 99.9059, GNorm = 0.3421, lr_0 = 4.8542e-04
Loss = 5.6755e-02, PNorm = 99.9133, GNorm = 0.2690, lr_0 = 4.8492e-04
Loss = 5.4373e-02, PNorm = 99.9192, GNorm = 0.8417, lr_0 = 4.8442e-04
Loss = 5.2672e-02, PNorm = 99.9219, GNorm = 0.2499, lr_0 = 4.8392e-04
Loss = 9.5926e-02, PNorm = 99.9221, GNorm = 0.5858, lr_0 = 4.8343e-04
Loss = 4.1371e-02, PNorm = 99.9409, GNorm = 0.3392, lr_0 = 4.8293e-04
Loss = 5.5480e-02, PNorm = 99.9559, GNorm = 0.1816, lr_0 = 4.8243e-04
Loss = 6.6475e-02, PNorm = 99.9616, GNorm = 0.3550, lr_0 = 4.8194e-04
Loss = 2.9939e-02, PNorm = 99.9696, GNorm = 0.3082, lr_0 = 4.8144e-04
Loss = 6.2518e-02, PNorm = 99.9824, GNorm = 1.5785, lr_0 = 4.8095e-04
Loss = 9.0372e-02, PNorm = 99.9814, GNorm = 0.9653, lr_0 = 4.8045e-04
Loss = 9.4355e-02, PNorm = 99.9866, GNorm = 0.4699, lr_0 = 4.7996e-04
Loss = 3.7703e-02, PNorm = 100.0129, GNorm = 0.3643, lr_0 = 4.7947e-04
Loss = 3.8563e-02, PNorm = 100.0351, GNorm = 0.1403, lr_0 = 4.7897e-04
Loss = 5.6400e-02, PNorm = 100.0523, GNorm = 0.4371, lr_0 = 4.7848e-04
Loss = 5.3640e-02, PNorm = 100.0705, GNorm = 0.8646, lr_0 = 4.7799e-04
Loss = 3.3532e-02, PNorm = 100.0830, GNorm = 0.2450, lr_0 = 4.7750e-04
Loss = 7.6822e-02, PNorm = 100.0890, GNorm = 0.3032, lr_0 = 4.7701e-04
Validation auc = 0.562780
Epoch 11
Loss = 5.7706e-02, PNorm = 100.1002, GNorm = 0.3612, lr_0 = 4.7652e-04
Loss = 5.3170e-02, PNorm = 100.1139, GNorm = 0.6237, lr_0 = 4.7603e-04
Loss = 5.9165e-02, PNorm = 100.1219, GNorm = 0.6213, lr_0 = 4.7554e-04
Loss = 2.9385e-02, PNorm = 100.1284, GNorm = 0.5349, lr_0 = 4.7505e-04
Loss = 6.6578e-02, PNorm = 100.1342, GNorm = 0.2146, lr_0 = 4.7456e-04
Loss = 3.0559e-02, PNorm = 100.1440, GNorm = 0.7463, lr_0 = 4.7408e-04
Loss = 4.6634e-02, PNorm = 100.1522, GNorm = 0.6061, lr_0 = 4.7359e-04
Loss = 7.0954e-02, PNorm = 100.1529, GNorm = 0.3288, lr_0 = 4.7310e-04
Loss = 7.2156e-02, PNorm = 100.1631, GNorm = 0.3992, lr_0 = 4.7262e-04
Loss = 5.8386e-02, PNorm = 100.1802, GNorm = 1.1529, lr_0 = 4.7213e-04
Loss = 4.9359e-02, PNorm = 100.1906, GNorm = 0.2675, lr_0 = 4.7165e-04
Loss = 5.9389e-02, PNorm = 100.1983, GNorm = 0.6437, lr_0 = 4.7116e-04
Loss = 2.0621e-02, PNorm = 100.2095, GNorm = 0.2086, lr_0 = 4.7068e-04
Loss = 7.6692e-02, PNorm = 100.2128, GNorm = 0.2513, lr_0 = 4.7019e-04
Loss = 6.1704e-02, PNorm = 100.2178, GNorm = 0.7198, lr_0 = 4.6971e-04
Loss = 7.6453e-02, PNorm = 100.2238, GNorm = 0.5428, lr_0 = 4.6923e-04
Loss = 2.7069e-02, PNorm = 100.2335, GNorm = 0.3391, lr_0 = 4.6875e-04
Loss = 6.0033e-02, PNorm = 100.2448, GNorm = 0.2109, lr_0 = 4.6826e-04
Loss = 3.4004e-02, PNorm = 100.2514, GNorm = 0.2001, lr_0 = 4.6778e-04
Loss = 3.7679e-02, PNorm = 100.2567, GNorm = 0.2018, lr_0 = 4.6730e-04
Loss = 4.5893e-02, PNorm = 100.2647, GNorm = 0.5762, lr_0 = 4.6682e-04
Loss = 3.7122e-02, PNorm = 100.2708, GNorm = 0.2307, lr_0 = 4.6634e-04
Loss = 8.5197e-02, PNorm = 100.2787, GNorm = 1.2182, lr_0 = 4.6586e-04
Loss = 2.9956e-02, PNorm = 100.2903, GNorm = 0.5473, lr_0 = 4.6539e-04
Loss = 6.7550e-02, PNorm = 100.3062, GNorm = 0.3275, lr_0 = 4.6491e-04
Loss = 4.4580e-02, PNorm = 100.3192, GNorm = 0.2447, lr_0 = 4.6443e-04
Loss = 5.1201e-02, PNorm = 100.3289, GNorm = 0.2763, lr_0 = 4.6395e-04
Loss = 4.6954e-02, PNorm = 100.3408, GNorm = 0.1960, lr_0 = 4.6348e-04
Loss = 1.6674e-02, PNorm = 100.3559, GNorm = 0.1470, lr_0 = 4.6300e-04
Loss = 4.4615e-02, PNorm = 100.3648, GNorm = 0.6889, lr_0 = 4.6252e-04
Loss = 6.0193e-02, PNorm = 100.3633, GNorm = 0.1882, lr_0 = 4.6205e-04
Loss = 6.8399e-02, PNorm = 100.3636, GNorm = 0.5016, lr_0 = 4.6157e-04
Loss = 8.3601e-02, PNorm = 100.3694, GNorm = 0.4518, lr_0 = 4.6110e-04
Loss = 2.4141e-02, PNorm = 100.3874, GNorm = 0.5204, lr_0 = 4.6063e-04
Loss = 4.9764e-02, PNorm = 100.4010, GNorm = 0.1561, lr_0 = 4.6015e-04
Loss = 5.5377e-02, PNorm = 100.4038, GNorm = 0.7176, lr_0 = 4.5968e-04
Loss = 8.4635e-02, PNorm = 100.4033, GNorm = 0.5728, lr_0 = 4.5921e-04
Loss = 3.8057e-02, PNorm = 100.4145, GNorm = 0.3361, lr_0 = 4.5874e-04
Loss = 8.4738e-02, PNorm = 100.4254, GNorm = 0.4139, lr_0 = 4.5826e-04
Loss = 1.1996e-02, PNorm = 100.4396, GNorm = 0.2416, lr_0 = 4.5779e-04
Loss = 2.9909e-02, PNorm = 100.4515, GNorm = 0.0832, lr_0 = 4.5732e-04
Loss = 3.3710e-02, PNorm = 100.4576, GNorm = 0.8666, lr_0 = 4.5685e-04
Loss = 1.3681e-02, PNorm = 100.4586, GNorm = 0.0809, lr_0 = 4.5638e-04
Loss = 9.3999e-02, PNorm = 100.4556, GNorm = 0.1855, lr_0 = 4.5592e-04
Loss = 7.2667e-02, PNorm = 100.4578, GNorm = 0.4306, lr_0 = 4.5545e-04
Loss = 8.9301e-02, PNorm = 100.4648, GNorm = 0.4601, lr_0 = 4.5498e-04
Loss = 6.6220e-02, PNorm = 100.4777, GNorm = 0.4081, lr_0 = 4.5451e-04
Loss = 9.1238e-02, PNorm = 100.4912, GNorm = 1.7309, lr_0 = 4.5404e-04
Loss = 5.8345e-02, PNorm = 100.4978, GNorm = 0.5327, lr_0 = 4.5358e-04
Loss = 5.9448e-02, PNorm = 100.5082, GNorm = 0.3575, lr_0 = 4.5311e-04
Loss = 5.1522e-02, PNorm = 100.5230, GNorm = 0.2459, lr_0 = 4.5265e-04
Loss = 6.9229e-02, PNorm = 100.5372, GNorm = 0.5259, lr_0 = 4.5218e-04
Loss = 2.2072e-02, PNorm = 100.5491, GNorm = 0.2340, lr_0 = 4.5172e-04
Loss = 6.4878e-02, PNorm = 100.5717, GNorm = 0.7898, lr_0 = 4.5125e-04
Loss = 5.3563e-02, PNorm = 100.6047, GNorm = 0.5688, lr_0 = 4.5079e-04
Loss = 6.1479e-02, PNorm = 100.6352, GNorm = 0.3661, lr_0 = 4.5033e-04
Loss = 4.7696e-02, PNorm = 100.6673, GNorm = 0.6018, lr_0 = 4.4986e-04
Loss = 3.9790e-02, PNorm = 100.6986, GNorm = 0.2624, lr_0 = 4.4940e-04
Loss = 1.4812e-02, PNorm = 100.7262, GNorm = 0.1161, lr_0 = 4.4894e-04
Loss = 3.7616e-02, PNorm = 100.7457, GNorm = 0.7727, lr_0 = 4.4848e-04
Loss = 9.3108e-02, PNorm = 100.7452, GNorm = 0.2695, lr_0 = 4.4802e-04
Loss = 6.9825e-02, PNorm = 100.7615, GNorm = 0.4853, lr_0 = 4.4756e-04
Loss = 5.0462e-02, PNorm = 100.7897, GNorm = 0.3338, lr_0 = 4.4710e-04
Loss = 6.5408e-02, PNorm = 100.8081, GNorm = 0.6017, lr_0 = 4.4664e-04
Loss = 5.0587e-02, PNorm = 100.8222, GNorm = 0.3183, lr_0 = 4.4618e-04
Loss = 4.8041e-02, PNorm = 100.8444, GNorm = 0.6203, lr_0 = 4.4572e-04
Loss = 5.4494e-02, PNorm = 100.8636, GNorm = 0.1674, lr_0 = 4.4526e-04
Loss = 4.8275e-02, PNorm = 100.8759, GNorm = 0.2391, lr_0 = 4.4480e-04
Loss = 2.4267e-02, PNorm = 100.9188, GNorm = 0.0204, lr_0 = 4.4435e-04
Loss = 1.7826e-01, PNorm = 100.9862, GNorm = 0.7901, lr_0 = 4.4389e-04
Loss = 7.2535e-02, PNorm = 101.1208, GNorm = 0.5178, lr_0 = 4.4344e-04
Loss = 5.6957e-02, PNorm = 101.2205, GNorm = 0.5541, lr_0 = 4.4298e-04
Loss = 8.4894e-02, PNorm = 101.2629, GNorm = 0.6546, lr_0 = 4.4252e-04
Loss = 2.9512e-02, PNorm = 101.2834, GNorm = 0.2994, lr_0 = 4.4207e-04
Loss = 8.0069e-02, PNorm = 101.2984, GNorm = 0.2893, lr_0 = 4.4162e-04
Loss = 7.4956e-02, PNorm = 101.3114, GNorm = 0.3912, lr_0 = 4.4116e-04
Loss = 9.9964e-02, PNorm = 101.3312, GNorm = 0.6985, lr_0 = 4.4071e-04
Loss = 5.9940e-02, PNorm = 101.3764, GNorm = 0.5038, lr_0 = 4.4026e-04
Loss = 3.0862e-02, PNorm = 101.4092, GNorm = 0.2191, lr_0 = 4.3980e-04
Loss = 3.7417e-02, PNorm = 101.4268, GNorm = 0.1785, lr_0 = 4.3935e-04
Validation auc = 0.565595
Epoch 12
Loss = 3.9494e-02, PNorm = 101.4382, GNorm = 0.1498, lr_0 = 4.3890e-04
Loss = 5.3288e-02, PNorm = 101.4469, GNorm = 1.6639, lr_0 = 4.3845e-04
Loss = 2.8612e-02, PNorm = 101.4514, GNorm = 0.2262, lr_0 = 4.3800e-04
Loss = 6.7128e-02, PNorm = 101.4564, GNorm = 0.5243, lr_0 = 4.3755e-04
Loss = 4.3191e-02, PNorm = 101.4688, GNorm = 0.8422, lr_0 = 4.3710e-04
Loss = 4.6525e-02, PNorm = 101.4808, GNorm = 0.2358, lr_0 = 4.3665e-04
Loss = 5.0436e-02, PNorm = 101.4927, GNorm = 0.2823, lr_0 = 4.3620e-04
Loss = 7.9414e-03, PNorm = 101.5139, GNorm = 0.1750, lr_0 = 4.3575e-04
Loss = 4.5781e-02, PNorm = 101.5338, GNorm = 0.1277, lr_0 = 4.3531e-04
Loss = 8.6016e-02, PNorm = 101.5334, GNorm = 0.5631, lr_0 = 4.3486e-04
Loss = 5.6088e-02, PNorm = 101.5537, GNorm = 0.4909, lr_0 = 4.3441e-04
Loss = 7.0794e-02, PNorm = 101.5779, GNorm = 0.5492, lr_0 = 4.3397e-04
Loss = 3.9707e-02, PNorm = 101.5973, GNorm = 0.2952, lr_0 = 4.3352e-04
Loss = 4.7928e-02, PNorm = 101.6143, GNorm = 0.2442, lr_0 = 4.3307e-04
Loss = 4.0746e-02, PNorm = 101.6299, GNorm = 0.2335, lr_0 = 4.3263e-04
Loss = 5.8023e-02, PNorm = 101.6404, GNorm = 0.1365, lr_0 = 4.3218e-04
Loss = 7.1006e-02, PNorm = 101.6410, GNorm = 0.6291, lr_0 = 4.3174e-04
Loss = 4.2184e-02, PNorm = 101.6542, GNorm = 0.3613, lr_0 = 4.3130e-04
Loss = 8.6021e-02, PNorm = 101.6693, GNorm = 1.5164, lr_0 = 4.3085e-04
Loss = 7.7394e-02, PNorm = 101.6759, GNorm = 1.2575, lr_0 = 4.3041e-04
Loss = 8.2223e-02, PNorm = 101.6878, GNorm = 0.5419, lr_0 = 4.2997e-04
Loss = 8.2762e-02, PNorm = 101.7075, GNorm = 1.0005, lr_0 = 4.2953e-04
Loss = 4.2790e-02, PNorm = 101.7251, GNorm = 0.3747, lr_0 = 4.2909e-04
Loss = 2.1672e-02, PNorm = 101.7469, GNorm = 0.9414, lr_0 = 4.2865e-04
Loss = 1.4422e-02, PNorm = 101.7648, GNorm = 0.0389, lr_0 = 4.2821e-04
Loss = 6.8007e-02, PNorm = 101.7629, GNorm = 0.9193, lr_0 = 4.2777e-04
Loss = 9.2416e-02, PNorm = 101.7538, GNorm = 1.2314, lr_0 = 4.2733e-04
Loss = 4.9708e-02, PNorm = 101.7601, GNorm = 0.5074, lr_0 = 4.2689e-04
Loss = 7.2229e-02, PNorm = 101.7793, GNorm = 0.5939, lr_0 = 4.2645e-04
Loss = 4.6823e-02, PNorm = 101.7998, GNorm = 0.2915, lr_0 = 4.2601e-04
Loss = 9.4114e-02, PNorm = 101.8159, GNorm = 0.5145, lr_0 = 4.2557e-04
Loss = 8.4676e-02, PNorm = 101.8382, GNorm = 0.4958, lr_0 = 4.2513e-04
Loss = 5.3026e-02, PNorm = 101.8581, GNorm = 0.3108, lr_0 = 4.2470e-04
Loss = 5.8000e-02, PNorm = 101.8707, GNorm = 0.5440, lr_0 = 4.2426e-04
Loss = 7.5046e-02, PNorm = 101.8758, GNorm = 0.4064, lr_0 = 4.2383e-04
Loss = 2.9557e-02, PNorm = 101.8871, GNorm = 0.2497, lr_0 = 4.2339e-04
Loss = 3.8531e-02, PNorm = 101.8998, GNorm = 0.1776, lr_0 = 4.2296e-04
Loss = 7.6572e-02, PNorm = 101.9010, GNorm = 0.6232, lr_0 = 4.2252e-04
Loss = 6.1639e-02, PNorm = 101.9023, GNorm = 0.3864, lr_0 = 4.2209e-04
Loss = 8.3603e-02, PNorm = 101.9079, GNorm = 1.0181, lr_0 = 4.2165e-04
Loss = 6.6690e-02, PNorm = 101.9151, GNorm = 0.5023, lr_0 = 4.2122e-04
Loss = 5.5669e-02, PNorm = 101.9280, GNorm = 0.4434, lr_0 = 4.2079e-04
Loss = 7.1674e-02, PNorm = 101.9345, GNorm = 1.1501, lr_0 = 4.2035e-04
Loss = 4.5978e-02, PNorm = 101.9392, GNorm = 0.2864, lr_0 = 4.1992e-04
Loss = 4.6280e-02, PNorm = 101.9484, GNorm = 0.2269, lr_0 = 4.1949e-04
Loss = 3.3701e-02, PNorm = 101.9586, GNorm = 0.6766, lr_0 = 4.1906e-04
Loss = 7.4731e-02, PNorm = 101.9605, GNorm = 0.2701, lr_0 = 4.1863e-04
Loss = 4.5135e-02, PNorm = 101.9686, GNorm = 0.7473, lr_0 = 4.1820e-04
Loss = 3.7240e-02, PNorm = 101.9812, GNorm = 0.2143, lr_0 = 4.1777e-04
Loss = 7.7488e-02, PNorm = 101.9887, GNorm = 0.4403, lr_0 = 4.1734e-04
Loss = 5.9551e-02, PNorm = 101.9927, GNorm = 0.3037, lr_0 = 4.1691e-04
Loss = 5.0614e-02, PNorm = 102.0003, GNorm = 0.3381, lr_0 = 4.1648e-04
Loss = 5.9957e-02, PNorm = 102.0075, GNorm = 0.3048, lr_0 = 4.1606e-04
Loss = 6.6231e-02, PNorm = 102.0173, GNorm = 0.2780, lr_0 = 4.1563e-04
Loss = 9.0983e-02, PNorm = 102.0215, GNorm = 0.3568, lr_0 = 4.1520e-04
Loss = 2.3488e-02, PNorm = 102.0329, GNorm = 0.2658, lr_0 = 4.1477e-04
Loss = 7.4373e-02, PNorm = 102.0399, GNorm = 0.5611, lr_0 = 4.1435e-04
Loss = 5.4705e-02, PNorm = 102.0453, GNorm = 0.2567, lr_0 = 4.1392e-04
Loss = 4.3845e-02, PNorm = 102.0540, GNorm = 0.2819, lr_0 = 4.1350e-04
Loss = 2.9365e-02, PNorm = 102.0683, GNorm = 0.7026, lr_0 = 4.1307e-04
Loss = 5.8395e-02, PNorm = 102.0733, GNorm = 0.2017, lr_0 = 4.1265e-04
Loss = 3.7070e-02, PNorm = 102.0825, GNorm = 0.1934, lr_0 = 4.1222e-04
Loss = 4.6513e-02, PNorm = 102.0859, GNorm = 0.2604, lr_0 = 4.1180e-04
Loss = 3.4797e-02, PNorm = 102.0981, GNorm = 0.2087, lr_0 = 4.1138e-04
Loss = 8.3212e-02, PNorm = 102.0994, GNorm = 1.4434, lr_0 = 4.1096e-04
Loss = 6.6249e-02, PNorm = 102.0966, GNorm = 0.3555, lr_0 = 4.1053e-04
Loss = 3.3430e-02, PNorm = 102.1111, GNorm = 0.3154, lr_0 = 4.1011e-04
Loss = 3.8973e-02, PNorm = 102.1261, GNorm = 0.1635, lr_0 = 4.0969e-04
Loss = 8.3978e-02, PNorm = 102.1292, GNorm = 0.7176, lr_0 = 4.0927e-04
Loss = 3.9334e-02, PNorm = 102.1355, GNorm = 0.2663, lr_0 = 4.0885e-04
Loss = 5.4202e-02, PNorm = 102.1406, GNorm = 0.2806, lr_0 = 4.0843e-04
Loss = 4.5398e-02, PNorm = 102.1484, GNorm = 0.2842, lr_0 = 4.0801e-04
Loss = 4.7960e-02, PNorm = 102.1575, GNorm = 0.2445, lr_0 = 4.0759e-04
Loss = 1.6480e-02, PNorm = 102.1683, GNorm = 0.1744, lr_0 = 4.0717e-04
Loss = 7.5520e-02, PNorm = 102.1706, GNorm = 0.6901, lr_0 = 4.0675e-04
Loss = 5.0990e-02, PNorm = 102.1731, GNorm = 0.3300, lr_0 = 4.0633e-04
Loss = 4.0202e-02, PNorm = 102.1838, GNorm = 0.2277, lr_0 = 4.0592e-04
Loss = 2.6873e-02, PNorm = 102.1968, GNorm = 0.6996, lr_0 = 4.0550e-04
Loss = 7.1271e-02, PNorm = 102.2000, GNorm = 0.6614, lr_0 = 4.0508e-04
Loss = 3.7629e-02, PNorm = 102.2050, GNorm = 0.7154, lr_0 = 4.0467e-04
Validation auc = 0.583414
Epoch 13
Loss = 7.1798e-02, PNorm = 102.2106, GNorm = 0.6847, lr_0 = 4.0425e-04
Loss = 2.1027e-02, PNorm = 102.2259, GNorm = 0.2517, lr_0 = 4.0384e-04
Loss = 3.9555e-02, PNorm = 102.2392, GNorm = 0.1047, lr_0 = 4.0342e-04
Loss = 1.0618e-01, PNorm = 102.2345, GNorm = 0.5492, lr_0 = 4.0301e-04
Loss = 5.8485e-02, PNorm = 102.2369, GNorm = 0.5116, lr_0 = 4.0259e-04
Loss = 4.2398e-02, PNorm = 102.2543, GNorm = 0.5723, lr_0 = 4.0218e-04
Loss = 3.8827e-02, PNorm = 102.2660, GNorm = 0.2019, lr_0 = 4.0177e-04
Loss = 3.3217e-02, PNorm = 102.2753, GNorm = 0.9912, lr_0 = 4.0135e-04
Loss = 6.6603e-02, PNorm = 102.2787, GNorm = 0.1816, lr_0 = 4.0094e-04
Loss = 5.4684e-02, PNorm = 102.2786, GNorm = 0.3154, lr_0 = 4.0053e-04
Loss = 4.6834e-02, PNorm = 102.2876, GNorm = 0.2957, lr_0 = 4.0012e-04
Loss = 2.4411e-02, PNorm = 102.3024, GNorm = 0.1831, lr_0 = 3.9971e-04
Loss = 6.2289e-02, PNorm = 102.3134, GNorm = 0.1848, lr_0 = 3.9930e-04
Loss = 8.9628e-02, PNorm = 102.3147, GNorm = 1.4577, lr_0 = 3.9889e-04
Loss = 5.4385e-02, PNorm = 102.3184, GNorm = 0.4471, lr_0 = 3.9848e-04
Loss = 4.6282e-02, PNorm = 102.3345, GNorm = 0.3210, lr_0 = 3.9807e-04
Loss = 1.6375e-02, PNorm = 102.3540, GNorm = 0.1319, lr_0 = 3.9766e-04
Loss = 1.0335e-01, PNorm = 102.3547, GNorm = 0.3962, lr_0 = 3.9725e-04
Loss = 3.6463e-02, PNorm = 102.3628, GNorm = 0.4337, lr_0 = 3.9684e-04
Loss = 4.7915e-02, PNorm = 102.3713, GNorm = 0.1818, lr_0 = 3.9643e-04
Loss = 3.5535e-02, PNorm = 102.3809, GNorm = 0.2380, lr_0 = 3.9603e-04
Loss = 3.9339e-02, PNorm = 102.3903, GNorm = 0.2526, lr_0 = 3.9562e-04
Loss = 3.3541e-02, PNorm = 102.4022, GNorm = 0.5553, lr_0 = 3.9521e-04
Loss = 6.3811e-02, PNorm = 102.4035, GNorm = 0.2424, lr_0 = 3.9481e-04
Loss = 8.4555e-02, PNorm = 102.4064, GNorm = 1.0178, lr_0 = 3.9440e-04
Loss = 7.4634e-02, PNorm = 102.4152, GNorm = 0.3389, lr_0 = 3.9400e-04
Loss = 3.1080e-02, PNorm = 102.4338, GNorm = 0.3213, lr_0 = 3.9359e-04
Loss = 4.8717e-02, PNorm = 102.4465, GNorm = 0.6963, lr_0 = 3.9319e-04
Loss = 9.5376e-02, PNorm = 102.4473, GNorm = 0.4139, lr_0 = 3.9278e-04
Loss = 5.1292e-02, PNorm = 102.4533, GNorm = 0.4730, lr_0 = 3.9238e-04
Loss = 5.1668e-02, PNorm = 102.4720, GNorm = 0.7159, lr_0 = 3.9198e-04
Loss = 1.9102e-02, PNorm = 102.4875, GNorm = 0.2389, lr_0 = 3.9157e-04
Loss = 2.4327e-02, PNorm = 102.5031, GNorm = 0.1215, lr_0 = 3.9117e-04
Loss = 7.0931e-02, PNorm = 102.5104, GNorm = 0.5482, lr_0 = 3.9077e-04
Loss = 7.3386e-02, PNorm = 102.5104, GNorm = 0.2771, lr_0 = 3.9037e-04
Loss = 6.0478e-02, PNorm = 102.5163, GNorm = 0.5086, lr_0 = 3.8997e-04
Loss = 5.9849e-02, PNorm = 102.5354, GNorm = 0.8997, lr_0 = 3.8957e-04
Loss = 5.9135e-02, PNorm = 102.5561, GNorm = 0.6134, lr_0 = 3.8917e-04
Loss = 4.8512e-02, PNorm = 102.5798, GNorm = 0.7714, lr_0 = 3.8877e-04
Loss = 7.2743e-02, PNorm = 102.5828, GNorm = 0.9023, lr_0 = 3.8837e-04
Loss = 7.2446e-02, PNorm = 102.5980, GNorm = 0.4817, lr_0 = 3.8797e-04
Loss = 3.7088e-02, PNorm = 102.6291, GNorm = 0.3309, lr_0 = 3.8757e-04
Loss = 5.6058e-02, PNorm = 102.6596, GNorm = 1.3430, lr_0 = 3.8717e-04
Loss = 1.2770e-01, PNorm = 102.6994, GNorm = 0.5580, lr_0 = 3.8677e-04
Loss = 5.8364e-02, PNorm = 102.7537, GNorm = 0.5524, lr_0 = 3.8637e-04
Loss = 5.0631e-02, PNorm = 102.7931, GNorm = 0.3013, lr_0 = 3.8598e-04
Loss = 7.6894e-02, PNorm = 102.8155, GNorm = 0.5804, lr_0 = 3.8558e-04
Loss = 4.8981e-02, PNorm = 102.8435, GNorm = 0.2825, lr_0 = 3.8519e-04
Loss = 4.5672e-02, PNorm = 102.8701, GNorm = 0.5186, lr_0 = 3.8479e-04
Loss = 5.1579e-02, PNorm = 102.8899, GNorm = 0.2499, lr_0 = 3.8439e-04
Loss = 7.3050e-02, PNorm = 102.9086, GNorm = 0.3174, lr_0 = 3.8400e-04
Loss = 3.5846e-02, PNorm = 102.9296, GNorm = 0.2859, lr_0 = 3.8360e-04
Loss = 6.5390e-02, PNorm = 102.9473, GNorm = 0.5276, lr_0 = 3.8321e-04
Loss = 7.1320e-02, PNorm = 102.9680, GNorm = 1.0729, lr_0 = 3.8282e-04
Loss = 5.4785e-02, PNorm = 102.9805, GNorm = 0.5119, lr_0 = 3.8242e-04
Loss = 6.7571e-02, PNorm = 102.9927, GNorm = 0.4232, lr_0 = 3.8203e-04
Loss = 3.8840e-02, PNorm = 103.0091, GNorm = 0.2863, lr_0 = 3.8164e-04
Loss = 7.9339e-02, PNorm = 103.0178, GNorm = 0.2943, lr_0 = 3.8125e-04
Loss = 7.7947e-02, PNorm = 103.0199, GNorm = 0.5223, lr_0 = 3.8085e-04
Loss = 3.3032e-02, PNorm = 103.0378, GNorm = 0.3965, lr_0 = 3.8046e-04
Loss = 2.3838e-02, PNorm = 103.0564, GNorm = 0.1872, lr_0 = 3.8007e-04
Loss = 1.6789e-02, PNorm = 103.0715, GNorm = 0.0931, lr_0 = 3.7968e-04
Loss = 6.9417e-02, PNorm = 103.0717, GNorm = 0.1303, lr_0 = 3.7929e-04
Loss = 5.2079e-02, PNorm = 103.0693, GNorm = 0.3044, lr_0 = 3.7890e-04
Loss = 4.6031e-02, PNorm = 103.0748, GNorm = 0.3664, lr_0 = 3.7851e-04
Loss = 4.7583e-02, PNorm = 103.0809, GNorm = 0.2721, lr_0 = 3.7812e-04
Loss = 8.3060e-02, PNorm = 103.0799, GNorm = 0.3286, lr_0 = 3.7774e-04
Loss = 2.0983e-02, PNorm = 103.0913, GNorm = 0.6031, lr_0 = 3.7735e-04
Loss = 3.5125e-02, PNorm = 103.1031, GNorm = 0.1631, lr_0 = 3.7696e-04
Loss = 5.3615e-02, PNorm = 103.1089, GNorm = 0.1763, lr_0 = 3.7657e-04
Loss = 6.5764e-02, PNorm = 103.1106, GNorm = 1.7894, lr_0 = 3.7619e-04
Loss = 5.0584e-02, PNorm = 103.1150, GNorm = 1.0204, lr_0 = 3.7580e-04
Loss = 4.0922e-02, PNorm = 103.1234, GNorm = 0.3670, lr_0 = 3.7541e-04
Loss = 9.0645e-02, PNorm = 103.1322, GNorm = 0.4154, lr_0 = 3.7503e-04
Loss = 5.7809e-02, PNorm = 103.1433, GNorm = 0.3979, lr_0 = 3.7464e-04
Loss = 6.8350e-02, PNorm = 103.1530, GNorm = 0.3399, lr_0 = 3.7426e-04
Loss = 6.6563e-02, PNorm = 103.1590, GNorm = 0.3285, lr_0 = 3.7387e-04
Loss = 1.8203e-02, PNorm = 103.1730, GNorm = 0.2065, lr_0 = 3.7349e-04
Loss = 2.5736e-02, PNorm = 103.1912, GNorm = 0.1323, lr_0 = 3.7310e-04
Loss = 6.1216e-02, PNorm = 103.1921, GNorm = 0.6670, lr_0 = 3.7272e-04
Validation auc = 0.558191
Epoch 14
Loss = 6.2264e-02, PNorm = 103.1922, GNorm = 0.2305, lr_0 = 3.7234e-04
Loss = 5.2524e-02, PNorm = 103.1941, GNorm = 0.6418, lr_0 = 3.7196e-04
Loss = 5.5323e-02, PNorm = 103.1999, GNorm = 0.4220, lr_0 = 3.7157e-04
Loss = 6.3518e-02, PNorm = 103.2088, GNorm = 0.5650, lr_0 = 3.7119e-04
Loss = 4.4980e-02, PNorm = 103.2176, GNorm = 0.5471, lr_0 = 3.7081e-04
Loss = 1.3197e-01, PNorm = 103.2184, GNorm = 1.2753, lr_0 = 3.7043e-04
Loss = 4.5575e-02, PNorm = 103.2296, GNorm = 0.4977, lr_0 = 3.7005e-04
Loss = 2.4896e-02, PNorm = 103.2499, GNorm = 0.2477, lr_0 = 3.6967e-04
Loss = 4.6099e-03, PNorm = 103.2665, GNorm = 0.1023, lr_0 = 3.6929e-04
Loss = 9.6673e-02, PNorm = 103.2623, GNorm = 0.1372, lr_0 = 3.6891e-04
Loss = 4.8251e-02, PNorm = 103.2604, GNorm = 0.4779, lr_0 = 3.6853e-04
Loss = 4.0465e-02, PNorm = 103.2645, GNorm = 0.2895, lr_0 = 3.6815e-04
Loss = 4.7646e-02, PNorm = 103.2711, GNorm = 0.5019, lr_0 = 3.6777e-04
Loss = 1.6280e-02, PNorm = 103.2783, GNorm = 0.2124, lr_0 = 3.6740e-04
Loss = 5.8282e-02, PNorm = 103.2821, GNorm = 0.1860, lr_0 = 3.6702e-04
Loss = 6.1211e-02, PNorm = 103.2820, GNorm = 0.2701, lr_0 = 3.6664e-04
Loss = 4.8127e-02, PNorm = 103.2842, GNorm = 0.3225, lr_0 = 3.6626e-04
Loss = 6.3629e-02, PNorm = 103.2920, GNorm = 0.5548, lr_0 = 3.6589e-04
Loss = 1.9295e-02, PNorm = 103.3041, GNorm = 0.2286, lr_0 = 3.6551e-04
Loss = 3.3030e-02, PNorm = 103.3161, GNorm = 0.1338, lr_0 = 3.6514e-04
Loss = 1.3928e-02, PNorm = 103.3261, GNorm = 0.1256, lr_0 = 3.6476e-04
Loss = 4.1674e-02, PNorm = 103.3294, GNorm = 0.1147, lr_0 = 3.6439e-04
Loss = 5.7456e-02, PNorm = 103.3305, GNorm = 0.1639, lr_0 = 3.6401e-04
Loss = 9.0382e-02, PNorm = 103.3259, GNorm = 0.3439, lr_0 = 3.6364e-04
Loss = 4.0225e-02, PNorm = 103.3320, GNorm = 0.3833, lr_0 = 3.6326e-04
Loss = 5.8314e-02, PNorm = 103.3431, GNorm = 0.3081, lr_0 = 3.6289e-04
Loss = 3.6880e-02, PNorm = 103.3561, GNorm = 0.2782, lr_0 = 3.6252e-04
Loss = 4.5228e-02, PNorm = 103.3659, GNorm = 0.2345, lr_0 = 3.6215e-04
Loss = 4.6244e-02, PNorm = 103.3763, GNorm = 0.7142, lr_0 = 3.6177e-04
Loss = 4.5249e-02, PNorm = 103.3794, GNorm = 0.1840, lr_0 = 3.6140e-04
Loss = 3.9600e-02, PNorm = 103.3891, GNorm = 0.1849, lr_0 = 3.6103e-04
Loss = 5.4834e-02, PNorm = 103.3957, GNorm = 0.6639, lr_0 = 3.6066e-04
Loss = 7.7074e-02, PNorm = 103.3997, GNorm = 0.4174, lr_0 = 3.6029e-04
Loss = 4.0895e-02, PNorm = 103.4145, GNorm = 0.5354, lr_0 = 3.5992e-04
Loss = 4.6015e-02, PNorm = 103.4285, GNorm = 0.2530, lr_0 = 3.5955e-04
Loss = 4.4349e-02, PNorm = 103.4430, GNorm = 0.2565, lr_0 = 3.5918e-04
Loss = 7.5316e-02, PNorm = 103.4575, GNorm = 0.2267, lr_0 = 3.5881e-04
Loss = 5.6078e-02, PNorm = 103.4683, GNorm = 0.4184, lr_0 = 3.5844e-04
Loss = 3.8261e-02, PNorm = 103.5001, GNorm = 0.2778, lr_0 = 3.5807e-04
Loss = 1.1972e-01, PNorm = 103.5043, GNorm = 0.4236, lr_0 = 3.5771e-04
Loss = 6.5239e-02, PNorm = 103.5150, GNorm = 0.5418, lr_0 = 3.5734e-04
Loss = 1.2068e-01, PNorm = 103.5302, GNorm = 0.5382, lr_0 = 3.5697e-04
Loss = 8.8537e-02, PNorm = 103.5451, GNorm = 0.5076, lr_0 = 3.5661e-04
Loss = 5.6383e-02, PNorm = 103.5620, GNorm = 0.4155, lr_0 = 3.5624e-04
Loss = 6.6791e-02, PNorm = 103.5711, GNorm = 0.5534, lr_0 = 3.5587e-04
Loss = 4.7670e-02, PNorm = 103.5815, GNorm = 0.2075, lr_0 = 3.5551e-04
Loss = 4.9096e-02, PNorm = 103.5883, GNorm = 1.1833, lr_0 = 3.5514e-04
Loss = 2.7460e-02, PNorm = 103.5932, GNorm = 0.2220, lr_0 = 3.5478e-04
Loss = 3.8133e-02, PNorm = 103.5999, GNorm = 0.7416, lr_0 = 3.5441e-04
Loss = 3.7535e-02, PNorm = 103.6035, GNorm = 0.6538, lr_0 = 3.5405e-04
Loss = 6.7640e-02, PNorm = 103.6059, GNorm = 0.6873, lr_0 = 3.5368e-04
Loss = 6.4181e-02, PNorm = 103.6036, GNorm = 0.3332, lr_0 = 3.5332e-04
Loss = 5.7600e-02, PNorm = 103.6100, GNorm = 0.4110, lr_0 = 3.5296e-04
Loss = 4.1391e-02, PNorm = 103.6227, GNorm = 0.3391, lr_0 = 3.5260e-04
Loss = 4.0865e-02, PNorm = 103.6344, GNorm = 0.6987, lr_0 = 3.5223e-04
Loss = 1.7272e-02, PNorm = 103.6380, GNorm = 0.1527, lr_0 = 3.5187e-04
Loss = 2.4047e-02, PNorm = 103.6434, GNorm = 0.1068, lr_0 = 3.5151e-04
Loss = 7.8761e-02, PNorm = 103.6446, GNorm = 0.6709, lr_0 = 3.5115e-04
Loss = 5.3648e-02, PNorm = 103.6461, GNorm = 0.2985, lr_0 = 3.5079e-04
Loss = 1.1671e-01, PNorm = 103.6507, GNorm = 0.5800, lr_0 = 3.5043e-04
Loss = 6.0287e-02, PNorm = 103.6626, GNorm = 0.3749, lr_0 = 3.5007e-04
Loss = 5.3373e-02, PNorm = 103.6772, GNorm = 0.7143, lr_0 = 3.4971e-04
Loss = 1.8311e-02, PNorm = 103.6928, GNorm = 0.1715, lr_0 = 3.4935e-04
Loss = 6.6744e-02, PNorm = 103.7011, GNorm = 0.1355, lr_0 = 3.4899e-04
Loss = 3.9208e-02, PNorm = 103.7026, GNorm = 0.2424, lr_0 = 3.4863e-04
Loss = 3.9507e-02, PNorm = 103.7089, GNorm = 0.2364, lr_0 = 3.4827e-04
Loss = 5.8326e-02, PNorm = 103.7158, GNorm = 0.2769, lr_0 = 3.4792e-04
Loss = 6.0067e-02, PNorm = 103.7244, GNorm = 0.2989, lr_0 = 3.4756e-04
Loss = 3.6894e-02, PNorm = 103.7351, GNorm = 0.2126, lr_0 = 3.4720e-04
Loss = 7.0013e-02, PNorm = 103.7438, GNorm = 0.2266, lr_0 = 3.4684e-04
Loss = 7.6178e-02, PNorm = 103.7471, GNorm = 0.2852, lr_0 = 3.4649e-04
Loss = 1.2017e-02, PNorm = 103.7594, GNorm = 0.2680, lr_0 = 3.4613e-04
Loss = 8.4724e-02, PNorm = 103.7718, GNorm = 1.1596, lr_0 = 3.4578e-04
Loss = 4.6902e-02, PNorm = 103.7800, GNorm = 0.2889, lr_0 = 3.4542e-04
Loss = 8.0628e-02, PNorm = 103.7877, GNorm = 0.3755, lr_0 = 3.4507e-04
Loss = 5.1148e-02, PNorm = 103.8029, GNorm = 0.4441, lr_0 = 3.4471e-04
Loss = 4.2036e-02, PNorm = 103.8246, GNorm = 0.2218, lr_0 = 3.4436e-04
Loss = 6.2424e-02, PNorm = 103.8384, GNorm = 0.4135, lr_0 = 3.4400e-04
Loss = 3.4506e-02, PNorm = 103.8653, GNorm = 0.2129, lr_0 = 3.4365e-04
Loss = 8.0997e-02, PNorm = 103.8723, GNorm = 0.4461, lr_0 = 3.4330e-04
Validation auc = 0.577732
Epoch 15
Loss = 4.0107e-02, PNorm = 103.8949, GNorm = 0.3745, lr_0 = 3.4294e-04
Loss = 7.4829e-02, PNorm = 103.9079, GNorm = 0.2725, lr_0 = 3.4259e-04
Loss = 3.4242e-02, PNorm = 103.9218, GNorm = 0.3247, lr_0 = 3.4224e-04
Loss = 5.7727e-02, PNorm = 103.9363, GNorm = 1.2267, lr_0 = 3.4189e-04
Loss = 2.5948e-02, PNorm = 103.9482, GNorm = 0.2060, lr_0 = 3.4154e-04
Loss = 4.0191e-02, PNorm = 103.9610, GNorm = 0.7686, lr_0 = 3.4119e-04
Loss = 9.6119e-02, PNorm = 103.9652, GNorm = 0.9479, lr_0 = 3.4084e-04
Loss = 3.9895e-02, PNorm = 103.9756, GNorm = 0.3959, lr_0 = 3.4049e-04
Loss = 4.0810e-02, PNorm = 103.9946, GNorm = 0.7066, lr_0 = 3.4014e-04
Loss = 7.2340e-02, PNorm = 104.0067, GNorm = 0.4334, lr_0 = 3.3979e-04
Loss = 6.1348e-02, PNorm = 104.0158, GNorm = 0.3572, lr_0 = 3.3944e-04
Loss = 8.3168e-02, PNorm = 104.0277, GNorm = 0.4038, lr_0 = 3.3909e-04
Loss = 1.0890e-01, PNorm = 104.0422, GNorm = 0.3943, lr_0 = 3.3874e-04
Loss = 4.8220e-02, PNorm = 104.0603, GNorm = 0.5199, lr_0 = 3.3839e-04
Loss = 3.0835e-02, PNorm = 104.0911, GNorm = 0.1780, lr_0 = 3.3804e-04
Loss = 5.7579e-02, PNorm = 104.1061, GNorm = 0.6672, lr_0 = 3.3770e-04
Loss = 1.5265e-02, PNorm = 104.1185, GNorm = 0.1714, lr_0 = 3.3735e-04
Loss = 2.3574e-02, PNorm = 104.1285, GNorm = 0.0976, lr_0 = 3.3700e-04
Loss = 2.4172e-02, PNorm = 104.1352, GNorm = 0.1414, lr_0 = 3.3666e-04
Loss = 1.2040e-01, PNorm = 104.1335, GNorm = 0.2603, lr_0 = 3.3631e-04
Loss = 2.5118e-02, PNorm = 104.1398, GNorm = 0.3814, lr_0 = 3.3597e-04
Loss = 7.3470e-02, PNorm = 104.1485, GNorm = 0.2764, lr_0 = 3.3562e-04
Loss = 7.3634e-02, PNorm = 104.1569, GNorm = 0.3722, lr_0 = 3.3528e-04
Loss = 5.8872e-02, PNorm = 104.1694, GNorm = 0.3891, lr_0 = 3.3493e-04
Loss = 5.2995e-02, PNorm = 104.1784, GNorm = 0.3221, lr_0 = 3.3459e-04
Loss = 4.8535e-02, PNorm = 104.1909, GNorm = 0.2266, lr_0 = 3.3424e-04
Loss = 8.7509e-02, PNorm = 104.1939, GNorm = 1.0147, lr_0 = 3.3390e-04
Loss = 9.2350e-02, PNorm = 104.1941, GNorm = 0.5922, lr_0 = 3.3356e-04
Loss = 3.6425e-02, PNorm = 104.2109, GNorm = 0.5020, lr_0 = 3.3321e-04
Loss = 1.7854e-02, PNorm = 104.2330, GNorm = 0.2079, lr_0 = 3.3287e-04
Loss = 4.5299e-02, PNorm = 104.2464, GNorm = 0.6960, lr_0 = 3.3253e-04
Loss = 3.5711e-02, PNorm = 104.2501, GNorm = 0.1380, lr_0 = 3.3219e-04
Loss = 3.3296e-02, PNorm = 104.2561, GNorm = 0.1605, lr_0 = 3.3185e-04
Loss = 5.2278e-02, PNorm = 104.2611, GNorm = 0.1760, lr_0 = 3.3151e-04
Loss = 6.9863e-02, PNorm = 104.2637, GNorm = 0.5850, lr_0 = 3.3117e-04
Loss = 5.3621e-02, PNorm = 104.2717, GNorm = 0.5651, lr_0 = 3.3082e-04
Loss = 5.1290e-02, PNorm = 104.2836, GNorm = 0.3263, lr_0 = 3.3049e-04
Loss = 4.9038e-02, PNorm = 104.2900, GNorm = 0.4234, lr_0 = 3.3015e-04
Loss = 5.4087e-02, PNorm = 104.2982, GNorm = 0.2889, lr_0 = 3.2981e-04
Loss = 5.7347e-02, PNorm = 104.3071, GNorm = 0.5812, lr_0 = 3.2947e-04
Loss = 6.9042e-02, PNorm = 104.3129, GNorm = 0.3230, lr_0 = 3.2913e-04
Loss = 3.0099e-02, PNorm = 104.3253, GNorm = 0.2805, lr_0 = 3.2879e-04
Loss = 8.3584e-02, PNorm = 104.3353, GNorm = 0.7031, lr_0 = 3.2845e-04
Loss = 6.6487e-02, PNorm = 104.3392, GNorm = 0.4135, lr_0 = 3.2812e-04
Loss = 6.0238e-02, PNorm = 104.3506, GNorm = 0.6194, lr_0 = 3.2778e-04
Loss = 5.5051e-02, PNorm = 104.3631, GNorm = 0.8022, lr_0 = 3.2744e-04
Loss = 7.6951e-02, PNorm = 104.3712, GNorm = 0.3423, lr_0 = 3.2711e-04
Loss = 7.8486e-02, PNorm = 104.3748, GNorm = 0.5028, lr_0 = 3.2677e-04
Loss = 3.4241e-02, PNorm = 104.3892, GNorm = 0.3278, lr_0 = 3.2643e-04
Loss = 2.8304e-02, PNorm = 104.4039, GNorm = 0.1624, lr_0 = 3.2610e-04
Loss = 3.4899e-02, PNorm = 104.4138, GNorm = 0.7089, lr_0 = 3.2576e-04
Loss = 2.7204e-03, PNorm = 104.4199, GNorm = 0.0704, lr_0 = 3.2543e-04
Loss = 2.8010e-02, PNorm = 104.4217, GNorm = 0.0874, lr_0 = 3.2509e-04
Loss = 6.2762e-02, PNorm = 104.4183, GNorm = 0.1127, lr_0 = 3.2476e-04
Loss = 9.6217e-02, PNorm = 104.4098, GNorm = 0.3249, lr_0 = 3.2443e-04
Loss = 5.0156e-02, PNorm = 104.4179, GNorm = 0.4226, lr_0 = 3.2409e-04
Loss = 3.8816e-02, PNorm = 104.4356, GNorm = 0.5009, lr_0 = 3.2376e-04
Loss = 5.1974e-02, PNorm = 104.4479, GNorm = 0.2148, lr_0 = 3.2343e-04
Loss = 2.0060e-02, PNorm = 104.4618, GNorm = 0.1852, lr_0 = 3.2310e-04
Loss = 5.7021e-02, PNorm = 104.4722, GNorm = 0.1969, lr_0 = 3.2276e-04
Loss = 4.9075e-02, PNorm = 104.4814, GNorm = 0.4005, lr_0 = 3.2243e-04
Loss = 5.4577e-02, PNorm = 104.4870, GNorm = 2.0894, lr_0 = 3.2210e-04
Loss = 5.0458e-02, PNorm = 104.4854, GNorm = 0.3557, lr_0 = 3.2177e-04
Loss = 6.5606e-02, PNorm = 104.4923, GNorm = 0.3159, lr_0 = 3.2144e-04
Loss = 5.6971e-02, PNorm = 104.5020, GNorm = 0.6718, lr_0 = 3.2111e-04
Loss = 5.7978e-02, PNorm = 104.5096, GNorm = 0.3398, lr_0 = 3.2078e-04
Loss = 3.7921e-02, PNorm = 104.5205, GNorm = 0.6069, lr_0 = 3.2045e-04
Loss = 1.1682e-01, PNorm = 104.5206, GNorm = 0.5516, lr_0 = 3.2012e-04
Loss = 4.7777e-02, PNorm = 104.5248, GNorm = 0.4230, lr_0 = 3.1979e-04
Loss = 5.7511e-02, PNorm = 104.5370, GNorm = 0.3710, lr_0 = 3.1946e-04
Loss = 4.7839e-02, PNorm = 104.5479, GNorm = 0.2593, lr_0 = 3.1913e-04
Loss = 5.4122e-02, PNorm = 104.5571, GNorm = 0.2407, lr_0 = 3.1881e-04
Loss = 1.5612e-02, PNorm = 104.5663, GNorm = 0.1784, lr_0 = 3.1848e-04
Loss = 4.4435e-02, PNorm = 104.5710, GNorm = 0.1527, lr_0 = 3.1815e-04
Loss = 7.3565e-02, PNorm = 104.5711, GNorm = 0.2283, lr_0 = 3.1782e-04
Loss = 7.2301e-02, PNorm = 104.5731, GNorm = 1.0034, lr_0 = 3.1750e-04
Loss = 6.2240e-02, PNorm = 104.5778, GNorm = 0.7072, lr_0 = 3.1717e-04
Loss = 2.1332e-02, PNorm = 104.5895, GNorm = 0.2364, lr_0 = 3.1685e-04
Loss = 4.1182e-02, PNorm = 104.6014, GNorm = 0.1653, lr_0 = 3.1652e-04
Loss = 7.5432e-02, PNorm = 104.6035, GNorm = 0.2113, lr_0 = 3.1620e-04
Validation auc = 0.547307
Epoch 16
Loss = 4.3825e-02, PNorm = 104.6073, GNorm = 0.5205, lr_0 = 3.1587e-04
Loss = 1.5813e-02, PNorm = 104.6148, GNorm = 0.2550, lr_0 = 3.1555e-04
Loss = 5.4606e-02, PNorm = 104.6228, GNorm = 0.2210, lr_0 = 3.1522e-04
Loss = 1.6303e-02, PNorm = 104.6320, GNorm = 0.1527, lr_0 = 3.1490e-04
Loss = 7.8134e-02, PNorm = 104.6347, GNorm = 0.9904, lr_0 = 3.1457e-04
Loss = 5.6976e-02, PNorm = 104.6351, GNorm = 0.2343, lr_0 = 3.1425e-04
Loss = 9.0841e-02, PNorm = 104.6416, GNorm = 0.3499, lr_0 = 3.1393e-04
Loss = 6.2913e-02, PNorm = 104.6511, GNorm = 0.3837, lr_0 = 3.1361e-04
Loss = 6.0293e-02, PNorm = 104.6653, GNorm = 1.4126, lr_0 = 3.1328e-04
Loss = 3.9125e-02, PNorm = 104.6794, GNorm = 0.5286, lr_0 = 3.1296e-04
Loss = 1.4241e-02, PNorm = 104.6917, GNorm = 0.1517, lr_0 = 3.1264e-04
Loss = 5.9533e-02, PNorm = 104.6978, GNorm = 0.1671, lr_0 = 3.1232e-04
Loss = 4.5645e-02, PNorm = 104.7018, GNorm = 0.2503, lr_0 = 3.1200e-04
Loss = 7.2374e-02, PNorm = 104.7066, GNorm = 0.5119, lr_0 = 3.1168e-04
Loss = 5.5459e-02, PNorm = 104.7128, GNorm = 0.8683, lr_0 = 3.1136e-04
Loss = 6.0698e-02, PNorm = 104.7195, GNorm = 0.7250, lr_0 = 3.1104e-04
Loss = 8.0224e-02, PNorm = 104.7228, GNorm = 0.4577, lr_0 = 3.1072e-04
Loss = 7.8091e-02, PNorm = 104.7344, GNorm = 0.3051, lr_0 = 3.1040e-04
Loss = 8.0486e-02, PNorm = 104.7460, GNorm = 1.2626, lr_0 = 3.1008e-04
Loss = 4.7328e-02, PNorm = 104.7554, GNorm = 0.2949, lr_0 = 3.0976e-04
Loss = 5.4984e-02, PNorm = 104.7684, GNorm = 0.6819, lr_0 = 3.0944e-04
Loss = 4.5382e-02, PNorm = 104.7767, GNorm = 0.2355, lr_0 = 3.0912e-04
Loss = 2.6328e-02, PNorm = 104.7861, GNorm = 0.4394, lr_0 = 3.0881e-04
Loss = 6.2720e-02, PNorm = 104.7909, GNorm = 0.2120, lr_0 = 3.0849e-04
Loss = 7.6979e-02, PNorm = 104.7913, GNorm = 0.3024, lr_0 = 3.0817e-04
Loss = 4.1530e-02, PNorm = 104.7987, GNorm = 0.3244, lr_0 = 3.0786e-04
Loss = 5.8093e-02, PNorm = 104.8048, GNorm = 0.4593, lr_0 = 3.0754e-04
Loss = 4.0354e-02, PNorm = 104.8065, GNorm = 0.4978, lr_0 = 3.0722e-04
Loss = 3.9159e-02, PNorm = 104.8104, GNorm = 0.2474, lr_0 = 3.0691e-04
Loss = 4.8586e-02, PNorm = 104.8179, GNorm = 0.3610, lr_0 = 3.0659e-04
Loss = 5.7707e-02, PNorm = 104.8251, GNorm = 0.2766, lr_0 = 3.0628e-04
Loss = 2.9057e-02, PNorm = 104.8341, GNorm = 0.2240, lr_0 = 3.0596e-04
Loss = 8.7363e-02, PNorm = 104.8385, GNorm = 0.3361, lr_0 = 3.0565e-04
Loss = 8.1079e-02, PNorm = 104.8421, GNorm = 0.5908, lr_0 = 3.0534e-04
Loss = 4.1364e-02, PNorm = 104.8508, GNorm = 0.3315, lr_0 = 3.0502e-04
Loss = 6.4602e-02, PNorm = 104.8589, GNorm = 0.2572, lr_0 = 3.0471e-04
Loss = 3.4454e-02, PNorm = 104.8683, GNorm = 0.2719, lr_0 = 3.0439e-04
Loss = 3.9592e-02, PNorm = 104.8806, GNorm = 0.1842, lr_0 = 3.0408e-04
Loss = 6.3665e-02, PNorm = 104.8883, GNorm = 0.6718, lr_0 = 3.0377e-04
Loss = 4.2918e-02, PNorm = 104.8930, GNorm = 0.2283, lr_0 = 3.0346e-04
Loss = 5.3749e-02, PNorm = 104.9008, GNorm = 0.4659, lr_0 = 3.0315e-04
Loss = 7.8923e-02, PNorm = 104.9081, GNorm = 0.2933, lr_0 = 3.0283e-04
Loss = 2.1520e-02, PNorm = 104.9246, GNorm = 0.6754, lr_0 = 3.0252e-04
Loss = 6.1760e-02, PNorm = 104.9353, GNorm = 0.1582, lr_0 = 3.0221e-04
Loss = 4.3684e-02, PNorm = 104.9367, GNorm = 0.7370, lr_0 = 3.0190e-04
Loss = 3.4786e-02, PNorm = 104.9443, GNorm = 1.0778, lr_0 = 3.0159e-04
Loss = 2.3889e-02, PNorm = 104.9526, GNorm = 0.1767, lr_0 = 3.0128e-04
Loss = 5.0294e-02, PNorm = 104.9599, GNorm = 0.6117, lr_0 = 3.0097e-04
Loss = 3.7131e-02, PNorm = 104.9638, GNorm = 0.1759, lr_0 = 3.0066e-04
Loss = 4.5050e-02, PNorm = 104.9684, GNorm = 0.2118, lr_0 = 3.0035e-04
Loss = 4.8399e-02, PNorm = 104.9751, GNorm = 0.1881, lr_0 = 3.0005e-04
Loss = 7.0483e-02, PNorm = 104.9810, GNorm = 0.2503, lr_0 = 2.9974e-04
Loss = 6.3308e-02, PNorm = 104.9884, GNorm = 0.8580, lr_0 = 2.9943e-04
Loss = 4.3326e-02, PNorm = 104.9994, GNorm = 0.3428, lr_0 = 2.9912e-04
Loss = 9.1003e-02, PNorm = 105.0123, GNorm = 0.5008, lr_0 = 2.9881e-04
Loss = 2.8540e-02, PNorm = 105.0256, GNorm = 0.4564, lr_0 = 2.9851e-04
Loss = 4.8424e-02, PNorm = 105.0401, GNorm = 0.2318, lr_0 = 2.9820e-04
Loss = 9.3393e-02, PNorm = 105.0489, GNorm = 1.0663, lr_0 = 2.9789e-04
Loss = 5.0009e-02, PNorm = 105.0543, GNorm = 1.0557, lr_0 = 2.9759e-04
Loss = 4.2231e-02, PNorm = 105.0659, GNorm = 0.2660, lr_0 = 2.9728e-04
Loss = 6.2602e-02, PNorm = 105.0778, GNorm = 0.3194, lr_0 = 2.9698e-04
Loss = 5.5696e-02, PNorm = 105.0951, GNorm = 0.2145, lr_0 = 2.9667e-04
Loss = 8.2882e-02, PNorm = 105.0974, GNorm = 0.3482, lr_0 = 2.9637e-04
Loss = 4.0840e-02, PNorm = 105.1144, GNorm = 0.3137, lr_0 = 2.9606e-04
Loss = 1.7501e-02, PNorm = 105.1319, GNorm = 0.1840, lr_0 = 2.9576e-04
Loss = 2.5054e-02, PNorm = 105.1473, GNorm = 0.0939, lr_0 = 2.9545e-04
Loss = 4.4625e-02, PNorm = 105.1549, GNorm = 0.1126, lr_0 = 2.9515e-04
Loss = 6.3276e-02, PNorm = 105.1573, GNorm = 0.4902, lr_0 = 2.9485e-04
Loss = 3.9113e-02, PNorm = 105.1628, GNorm = 0.2459, lr_0 = 2.9455e-04
Loss = 4.8999e-02, PNorm = 105.1778, GNorm = 0.2513, lr_0 = 2.9424e-04
Loss = 6.2223e-02, PNorm = 105.1935, GNorm = 0.6251, lr_0 = 2.9394e-04
Loss = 6.6936e-02, PNorm = 105.2069, GNorm = 0.2653, lr_0 = 2.9364e-04
Loss = 4.6870e-02, PNorm = 105.2357, GNorm = 0.2173, lr_0 = 2.9334e-04
Loss = 6.1706e-02, PNorm = 105.2354, GNorm = 0.3616, lr_0 = 2.9304e-04
Loss = 4.4404e-02, PNorm = 105.2428, GNorm = 0.2810, lr_0 = 2.9273e-04
Loss = 3.6520e-02, PNorm = 105.2579, GNorm = 0.2191, lr_0 = 2.9243e-04
Loss = 7.5114e-02, PNorm = 105.2645, GNorm = 0.1916, lr_0 = 2.9213e-04
Loss = 5.0697e-02, PNorm = 105.2675, GNorm = 0.2491, lr_0 = 2.9183e-04
Loss = 6.0620e-02, PNorm = 105.2722, GNorm = 0.5000, lr_0 = 2.9153e-04
Loss = 4.9453e-02, PNorm = 105.2813, GNorm = 0.2836, lr_0 = 2.9123e-04
Validation auc = 0.518416
Epoch 17
Loss = 2.8508e-02, PNorm = 105.2933, GNorm = 0.1951, lr_0 = 2.9093e-04
Loss = 1.0959e-01, PNorm = 105.2983, GNorm = 0.8825, lr_0 = 2.9064e-04
Loss = 4.9224e-02, PNorm = 105.3037, GNorm = 0.3585, lr_0 = 2.9034e-04
Loss = 9.2767e-02, PNorm = 105.3121, GNorm = 0.5060, lr_0 = 2.9004e-04
Loss = 6.0759e-02, PNorm = 105.3268, GNorm = 0.4559, lr_0 = 2.8974e-04
Loss = 4.1069e-02, PNorm = 105.3425, GNorm = 0.3156, lr_0 = 2.8944e-04
Loss = 5.5744e-02, PNorm = 105.3525, GNorm = 0.2048, lr_0 = 2.8915e-04
Loss = 2.5975e-02, PNorm = 105.3594, GNorm = 0.1575, lr_0 = 2.8885e-04
Loss = 6.2369e-02, PNorm = 105.3643, GNorm = 0.1992, lr_0 = 2.8855e-04
Loss = 4.6718e-02, PNorm = 105.3699, GNorm = 0.2576, lr_0 = 2.8825e-04
Loss = 4.4614e-02, PNorm = 105.3764, GNorm = 0.6894, lr_0 = 2.8796e-04
Loss = 4.3253e-02, PNorm = 105.3826, GNorm = 0.2331, lr_0 = 2.8766e-04
Loss = 5.3882e-02, PNorm = 105.3913, GNorm = 0.2482, lr_0 = 2.8737e-04
Loss = 3.5050e-02, PNorm = 105.4006, GNorm = 0.2280, lr_0 = 2.8707e-04
Loss = 6.4680e-02, PNorm = 105.4096, GNorm = 1.2512, lr_0 = 2.8678e-04
Loss = 4.8055e-02, PNorm = 105.4170, GNorm = 0.3112, lr_0 = 2.8648e-04
Loss = 4.0290e-02, PNorm = 105.4225, GNorm = 0.2639, lr_0 = 2.8619e-04
Loss = 1.7763e-02, PNorm = 105.4339, GNorm = 0.2104, lr_0 = 2.8589e-04
Loss = 9.6055e-02, PNorm = 105.4385, GNorm = 1.2376, lr_0 = 2.8560e-04
Loss = 4.6446e-02, PNorm = 105.4402, GNorm = 0.9343, lr_0 = 2.8531e-04
Loss = 6.1446e-02, PNorm = 105.4472, GNorm = 0.5060, lr_0 = 2.8501e-04
Loss = 4.2802e-02, PNorm = 105.4532, GNorm = 0.3188, lr_0 = 2.8472e-04
Loss = 6.5054e-02, PNorm = 105.4652, GNorm = 0.4555, lr_0 = 2.8443e-04
Loss = 6.0563e-02, PNorm = 105.4710, GNorm = 0.3554, lr_0 = 2.8414e-04
Loss = 1.0121e-01, PNorm = 105.4775, GNorm = 0.4137, lr_0 = 2.8384e-04
Loss = 6.2965e-02, PNorm = 105.4825, GNorm = 0.3770, lr_0 = 2.8355e-04
Loss = 3.3382e-02, PNorm = 105.4926, GNorm = 0.2998, lr_0 = 2.8326e-04
Loss = 3.5997e-02, PNorm = 105.5058, GNorm = 0.1880, lr_0 = 2.8297e-04
Loss = 2.5955e-02, PNorm = 105.5152, GNorm = 0.1357, lr_0 = 2.8268e-04
Loss = 2.8434e-02, PNorm = 105.5237, GNorm = 0.0805, lr_0 = 2.8239e-04
Loss = 4.5775e-02, PNorm = 105.5261, GNorm = 0.1244, lr_0 = 2.8210e-04
Loss = 8.0558e-02, PNorm = 105.5253, GNorm = 0.2787, lr_0 = 2.8181e-04
Loss = 4.8938e-02, PNorm = 105.5319, GNorm = 0.3649, lr_0 = 2.8152e-04
Loss = 5.7134e-02, PNorm = 105.5433, GNorm = 0.4241, lr_0 = 2.8123e-04
Loss = 6.0890e-02, PNorm = 105.5510, GNorm = 0.2797, lr_0 = 2.8094e-04
Loss = 7.1549e-02, PNorm = 105.5533, GNorm = 0.3383, lr_0 = 2.8065e-04
Loss = 8.0885e-02, PNorm = 105.5572, GNorm = 0.5853, lr_0 = 2.8036e-04
Loss = 6.6869e-02, PNorm = 105.5638, GNorm = 0.4016, lr_0 = 2.8008e-04
Loss = 5.1328e-02, PNorm = 105.5753, GNorm = 0.4447, lr_0 = 2.7979e-04
Loss = 6.4933e-02, PNorm = 105.5835, GNorm = 0.6211, lr_0 = 2.7950e-04
Loss = 4.2556e-02, PNorm = 105.5912, GNorm = 0.3322, lr_0 = 2.7921e-04
Loss = 5.5498e-02, PNorm = 105.5959, GNorm = 0.2307, lr_0 = 2.7893e-04
Loss = 3.2402e-02, PNorm = 105.6022, GNorm = 0.2549, lr_0 = 2.7864e-04
Loss = 2.5829e-02, PNorm = 105.6083, GNorm = 0.1998, lr_0 = 2.7835e-04
Loss = 9.4906e-02, PNorm = 105.6098, GNorm = 1.3665, lr_0 = 2.7807e-04
Loss = 5.3017e-02, PNorm = 105.6098, GNorm = 0.3300, lr_0 = 2.7778e-04
Loss = 5.1400e-02, PNorm = 105.6136, GNorm = 0.3334, lr_0 = 2.7750e-04
Loss = 6.1101e-02, PNorm = 105.6210, GNorm = 0.3092, lr_0 = 2.7721e-04
Loss = 4.9312e-02, PNorm = 105.6300, GNorm = 0.2983, lr_0 = 2.7693e-04
Loss = 4.9879e-02, PNorm = 105.6383, GNorm = 1.1939, lr_0 = 2.7664e-04
Loss = 6.0792e-02, PNorm = 105.6433, GNorm = 0.2883, lr_0 = 2.7636e-04
Loss = 4.1808e-02, PNorm = 105.6494, GNorm = 0.7134, lr_0 = 2.7607e-04
Loss = 5.2199e-02, PNorm = 105.6554, GNorm = 0.5827, lr_0 = 2.7579e-04
Loss = 7.5166e-02, PNorm = 105.6595, GNorm = 0.9734, lr_0 = 2.7551e-04
Loss = 4.4159e-02, PNorm = 105.6643, GNorm = 0.4979, lr_0 = 2.7522e-04
Loss = 1.9814e-02, PNorm = 105.6733, GNorm = 0.6929, lr_0 = 2.7494e-04
Loss = 2.8130e-02, PNorm = 105.6818, GNorm = 0.1088, lr_0 = 2.7466e-04
Loss = 4.7536e-02, PNorm = 105.6848, GNorm = 0.7167, lr_0 = 2.7438e-04
Loss = 4.6822e-02, PNorm = 105.6869, GNorm = 0.7228, lr_0 = 2.7410e-04
Loss = 4.4294e-02, PNorm = 105.6886, GNorm = 0.2194, lr_0 = 2.7381e-04
Loss = 4.6842e-02, PNorm = 105.6943, GNorm = 0.8845, lr_0 = 2.7353e-04
Loss = 5.6772e-02, PNorm = 105.6986, GNorm = 0.2921, lr_0 = 2.7325e-04
Loss = 3.6286e-02, PNorm = 105.7056, GNorm = 0.2090, lr_0 = 2.7297e-04
Loss = 4.8238e-02, PNorm = 105.7141, GNorm = 0.2374, lr_0 = 2.7269e-04
Loss = 3.9398e-02, PNorm = 105.7221, GNorm = 0.2521, lr_0 = 2.7241e-04
Loss = 3.1770e-02, PNorm = 105.7308, GNorm = 0.1947, lr_0 = 2.7213e-04
Loss = 8.6961e-02, PNorm = 105.7339, GNorm = 0.3051, lr_0 = 2.7185e-04
Loss = 6.5308e-02, PNorm = 105.7377, GNorm = 0.4194, lr_0 = 2.7157e-04
Loss = 4.9355e-02, PNorm = 105.7473, GNorm = 0.3234, lr_0 = 2.7129e-04
Loss = 7.6673e-02, PNorm = 105.7537, GNorm = 0.3883, lr_0 = 2.7101e-04
Loss = 5.6635e-02, PNorm = 105.7618, GNorm = 0.5969, lr_0 = 2.7074e-04
Loss = 5.5505e-02, PNorm = 105.7673, GNorm = 0.2904, lr_0 = 2.7046e-04
Loss = 7.3971e-02, PNorm = 105.7724, GNorm = 0.4093, lr_0 = 2.7018e-04
Loss = 3.7519e-02, PNorm = 105.7823, GNorm = 0.6174, lr_0 = 2.6990e-04
Loss = 4.4866e-02, PNorm = 105.7923, GNorm = 0.2099, lr_0 = 2.6962e-04
Loss = 7.4861e-03, PNorm = 105.8009, GNorm = 0.1724, lr_0 = 2.6935e-04
Loss = 8.2485e-02, PNorm = 105.8031, GNorm = 0.6691, lr_0 = 2.6907e-04
Loss = 8.6232e-02, PNorm = 105.8012, GNorm = 0.8557, lr_0 = 2.6879e-04
Loss = 5.1256e-02, PNorm = 105.8061, GNorm = 0.4483, lr_0 = 2.6852e-04
Loss = 4.8804e-02, PNorm = 105.8172, GNorm = 0.2991, lr_0 = 2.6824e-04
Validation auc = 0.527067
Epoch 18
Loss = 5.9257e-02, PNorm = 105.8274, GNorm = 1.1567, lr_0 = 2.6797e-04
Loss = 6.6951e-02, PNorm = 105.8342, GNorm = 0.3390, lr_0 = 2.6769e-04
Loss = 5.4309e-02, PNorm = 105.8422, GNorm = 0.3071, lr_0 = 2.6742e-04
Loss = 4.2102e-02, PNorm = 105.8514, GNorm = 0.2088, lr_0 = 2.6714e-04
Loss = 8.5008e-02, PNorm = 105.8556, GNorm = 0.4206, lr_0 = 2.6687e-04
Loss = 4.5009e-02, PNorm = 105.8662, GNorm = 0.4507, lr_0 = 2.6659e-04
Loss = 3.3626e-02, PNorm = 105.8780, GNorm = 0.2280, lr_0 = 2.6632e-04
Loss = 6.9145e-02, PNorm = 105.8851, GNorm = 1.2023, lr_0 = 2.6605e-04
Loss = 6.9704e-02, PNorm = 105.8859, GNorm = 0.5579, lr_0 = 2.6577e-04
Loss = 4.0191e-02, PNorm = 105.8925, GNorm = 0.4192, lr_0 = 2.6550e-04
Loss = 3.5984e-02, PNorm = 105.9025, GNorm = 1.1364, lr_0 = 2.6523e-04
Loss = 9.7026e-02, PNorm = 105.9037, GNorm = 0.3327, lr_0 = 2.6495e-04
Loss = 3.1217e-02, PNorm = 105.9136, GNorm = 0.5903, lr_0 = 2.6468e-04
Loss = 3.3797e-02, PNorm = 105.9221, GNorm = 0.2228, lr_0 = 2.6441e-04
Loss = 5.9383e-02, PNorm = 105.9266, GNorm = 0.2087, lr_0 = 2.6414e-04
Loss = 5.7029e-02, PNorm = 105.9260, GNorm = 0.2316, lr_0 = 2.6387e-04
Loss = 3.7107e-02, PNorm = 105.9289, GNorm = 0.2753, lr_0 = 2.6360e-04
Loss = 8.3228e-02, PNorm = 105.9307, GNorm = 0.3517, lr_0 = 2.6332e-04
Loss = 6.7958e-02, PNorm = 105.9362, GNorm = 0.4691, lr_0 = 2.6305e-04
Loss = 4.9187e-02, PNorm = 105.9480, GNorm = 0.2993, lr_0 = 2.6278e-04
Loss = 3.6446e-02, PNorm = 105.9594, GNorm = 0.6530, lr_0 = 2.6251e-04
Loss = 4.7045e-02, PNorm = 105.9677, GNorm = 0.1876, lr_0 = 2.6224e-04
Loss = 2.9142e-02, PNorm = 105.9730, GNorm = 0.1689, lr_0 = 2.6197e-04
Loss = 7.9595e-02, PNorm = 105.9751, GNorm = 0.6513, lr_0 = 2.6171e-04
Loss = 7.5457e-02, PNorm = 105.9766, GNorm = 0.7124, lr_0 = 2.6144e-04
Loss = 3.2650e-02, PNorm = 105.9875, GNorm = 0.7748, lr_0 = 2.6117e-04
Loss = 1.8121e-02, PNorm = 105.9999, GNorm = 0.1886, lr_0 = 2.6090e-04
Loss = 4.0380e-02, PNorm = 106.0078, GNorm = 0.1503, lr_0 = 2.6063e-04
Loss = 5.9715e-02, PNorm = 106.0110, GNorm = 0.1665, lr_0 = 2.6036e-04
Loss = 5.5715e-02, PNorm = 106.0162, GNorm = 0.6899, lr_0 = 2.6010e-04
Loss = 2.4657e-02, PNorm = 106.0203, GNorm = 0.1788, lr_0 = 2.5983e-04
Loss = 5.9315e-02, PNorm = 106.0250, GNorm = 0.5296, lr_0 = 2.5956e-04
Loss = 6.2756e-02, PNorm = 106.0305, GNorm = 0.2871, lr_0 = 2.5930e-04
Loss = 1.1671e-01, PNorm = 106.0333, GNorm = 0.9702, lr_0 = 2.5903e-04
Loss = 5.0450e-02, PNorm = 106.0423, GNorm = 0.4382, lr_0 = 2.5876e-04
Loss = 6.3460e-02, PNorm = 106.0554, GNorm = 1.2312, lr_0 = 2.5850e-04
Loss = 6.1888e-02, PNorm = 106.0615, GNorm = 0.3750, lr_0 = 2.5823e-04
Loss = 9.6295e-02, PNorm = 106.0632, GNorm = 0.4548, lr_0 = 2.5797e-04
Loss = 5.0212e-02, PNorm = 106.0681, GNorm = 0.4236, lr_0 = 2.5770e-04
Loss = 5.9620e-02, PNorm = 106.0790, GNorm = 0.3283, lr_0 = 2.5744e-04
Loss = 4.8016e-02, PNorm = 106.0913, GNorm = 0.2825, lr_0 = 2.5717e-04
Loss = 8.2290e-02, PNorm = 106.1002, GNorm = 0.5983, lr_0 = 2.5691e-04
Loss = 7.2313e-02, PNorm = 106.0998, GNorm = 0.3500, lr_0 = 2.5664e-04
Loss = 4.9932e-02, PNorm = 106.1076, GNorm = 0.3478, lr_0 = 2.5638e-04
Loss = 4.4997e-02, PNorm = 106.1176, GNorm = 0.5112, lr_0 = 2.5612e-04
Loss = 6.1285e-02, PNorm = 106.1245, GNorm = 0.2658, lr_0 = 2.5585e-04
Loss = 6.5659e-02, PNorm = 106.1301, GNorm = 0.4804, lr_0 = 2.5559e-04
Loss = 4.2252e-02, PNorm = 106.1361, GNorm = 0.2609, lr_0 = 2.5533e-04
Loss = 2.0157e-02, PNorm = 106.1436, GNorm = 0.2203, lr_0 = 2.5507e-04
Loss = 4.0567e-02, PNorm = 106.1521, GNorm = 0.1211, lr_0 = 2.5480e-04
Loss = 6.6247e-02, PNorm = 106.1550, GNorm = 0.1916, lr_0 = 2.5454e-04
Loss = 5.1434e-02, PNorm = 106.1557, GNorm = 0.2678, lr_0 = 2.5428e-04
Loss = 6.5747e-02, PNorm = 106.1620, GNorm = 0.4238, lr_0 = 2.5402e-04
Loss = 4.7382e-02, PNorm = 106.1693, GNorm = 0.3146, lr_0 = 2.5376e-04
Loss = 2.9364e-02, PNorm = 106.1799, GNorm = 0.2501, lr_0 = 2.5350e-04
Loss = 4.5197e-02, PNorm = 106.1886, GNorm = 0.1656, lr_0 = 2.5324e-04
Loss = 4.1069e-02, PNorm = 106.1897, GNorm = 0.1933, lr_0 = 2.5298e-04
Loss = 4.2891e-02, PNorm = 106.1949, GNorm = 0.1687, lr_0 = 2.5272e-04
Loss = 2.5671e-02, PNorm = 106.2022, GNorm = 0.9357, lr_0 = 2.5246e-04
Loss = 3.8870e-02, PNorm = 106.2093, GNorm = 0.7811, lr_0 = 2.5220e-04
Loss = 4.3909e-02, PNorm = 106.2119, GNorm = 1.1317, lr_0 = 2.5194e-04
Loss = 5.2219e-02, PNorm = 106.2139, GNorm = 0.2487, lr_0 = 2.5168e-04
Loss = 4.7273e-02, PNorm = 106.2200, GNorm = 0.3641, lr_0 = 2.5142e-04
Loss = 6.7689e-02, PNorm = 106.2237, GNorm = 0.3221, lr_0 = 2.5116e-04
Loss = 4.7590e-02, PNorm = 106.2303, GNorm = 0.3001, lr_0 = 2.5090e-04
Loss = 7.5621e-02, PNorm = 106.2365, GNorm = 0.5816, lr_0 = 2.5065e-04
Loss = 4.6297e-02, PNorm = 106.2434, GNorm = 0.5134, lr_0 = 2.5039e-04
Loss = 3.2305e-02, PNorm = 106.2523, GNorm = 0.2330, lr_0 = 2.5013e-04
Loss = 4.7389e-02, PNorm = 106.2597, GNorm = 0.4020, lr_0 = 2.4988e-04
Loss = 2.6317e-02, PNorm = 106.2670, GNorm = 0.7341, lr_0 = 2.4962e-04
Loss = 6.6352e-02, PNorm = 106.2683, GNorm = 0.5017, lr_0 = 2.4936e-04
Loss = 3.6556e-02, PNorm = 106.2711, GNorm = 0.2245, lr_0 = 2.4911e-04
Loss = 5.4879e-02, PNorm = 106.2748, GNorm = 0.2527, lr_0 = 2.4885e-04
Loss = 3.9618e-02, PNorm = 106.2795, GNorm = 0.2217, lr_0 = 2.4859e-04
Loss = 7.8194e-02, PNorm = 106.2866, GNorm = 0.5036, lr_0 = 2.4834e-04
Loss = 6.1635e-02, PNorm = 106.2922, GNorm = 0.3299, lr_0 = 2.4808e-04
Loss = 3.9605e-02, PNorm = 106.2996, GNorm = 0.3518, lr_0 = 2.4783e-04
Loss = 7.2176e-02, PNorm = 106.3080, GNorm = 1.4387, lr_0 = 2.4757e-04
Loss = 3.6926e-02, PNorm = 106.3153, GNorm = 0.4245, lr_0 = 2.4732e-04
Loss = 2.5775e-02, PNorm = 106.3240, GNorm = 0.1766, lr_0 = 2.4707e-04
Validation auc = 0.539501
Epoch 19
Loss = 4.9161e-02, PNorm = 106.3307, GNorm = 0.3831, lr_0 = 2.4681e-04
Loss = 4.4515e-02, PNorm = 106.3366, GNorm = 0.6563, lr_0 = 2.4656e-04
Loss = 5.5504e-02, PNorm = 106.3417, GNorm = 0.4960, lr_0 = 2.4630e-04
Loss = 9.4774e-02, PNorm = 106.3442, GNorm = 0.5504, lr_0 = 2.4605e-04
Loss = 7.0006e-02, PNorm = 106.3507, GNorm = 0.4232, lr_0 = 2.4580e-04
Loss = 6.7113e-02, PNorm = 106.3624, GNorm = 0.3514, lr_0 = 2.4555e-04
Loss = 7.7500e-02, PNorm = 106.3716, GNorm = 0.3454, lr_0 = 2.4529e-04
Loss = 5.3423e-02, PNorm = 106.3812, GNorm = 0.4286, lr_0 = 2.4504e-04
Loss = 6.5290e-02, PNorm = 106.3876, GNorm = 0.3090, lr_0 = 2.4479e-04
Loss = 6.9975e-02, PNorm = 106.3954, GNorm = 0.3568, lr_0 = 2.4454e-04
Loss = 4.9184e-02, PNorm = 106.4068, GNorm = 0.2621, lr_0 = 2.4429e-04
Loss = 6.2150e-02, PNorm = 106.4163, GNorm = 0.2921, lr_0 = 2.4404e-04
Loss = 5.7896e-02, PNorm = 106.4246, GNorm = 0.1974, lr_0 = 2.4379e-04
Loss = 2.5977e-02, PNorm = 106.4327, GNorm = 0.1906, lr_0 = 2.4354e-04
Loss = 4.6956e-02, PNorm = 106.4421, GNorm = 0.1825, lr_0 = 2.4329e-04
Loss = 6.7152e-02, PNorm = 106.4454, GNorm = 0.5551, lr_0 = 2.4304e-04
Loss = 2.4971e-02, PNorm = 106.4512, GNorm = 0.2626, lr_0 = 2.4279e-04
Loss = 4.8323e-02, PNorm = 106.4592, GNorm = 0.1838, lr_0 = 2.4254e-04
Loss = 4.4538e-02, PNorm = 106.4657, GNorm = 0.1976, lr_0 = 2.4229e-04
Loss = 3.9844e-02, PNorm = 106.4686, GNorm = 0.1802, lr_0 = 2.4204e-04
Loss = 3.3171e-02, PNorm = 106.4685, GNorm = 0.1767, lr_0 = 2.4179e-04
Loss = 1.9796e-02, PNorm = 106.4732, GNorm = 0.1823, lr_0 = 2.4154e-04
Loss = 6.7662e-02, PNorm = 106.4761, GNorm = 0.1853, lr_0 = 2.4129e-04
Loss = 3.9089e-02, PNorm = 106.4808, GNorm = 0.1897, lr_0 = 2.4105e-04
Loss = 3.9020e-02, PNorm = 106.4855, GNorm = 0.1818, lr_0 = 2.4080e-04
Loss = 8.1669e-02, PNorm = 106.4888, GNorm = 1.0517, lr_0 = 2.4055e-04
Loss = 2.9780e-02, PNorm = 106.4923, GNorm = 0.2660, lr_0 = 2.4030e-04
Loss = 1.0239e-01, PNorm = 106.4968, GNorm = 0.9416, lr_0 = 2.4006e-04
Loss = 4.8759e-02, PNorm = 106.5003, GNorm = 0.3441, lr_0 = 2.3981e-04
Loss = 2.8776e-02, PNorm = 106.5090, GNorm = 0.2620, lr_0 = 2.3956e-04
Loss = 4.9385e-02, PNorm = 106.5170, GNorm = 0.2479, lr_0 = 2.3932e-04
Loss = 7.7460e-02, PNorm = 106.5218, GNorm = 0.5017, lr_0 = 2.3907e-04
Loss = 2.6155e-02, PNorm = 106.5273, GNorm = 0.5569, lr_0 = 2.3883e-04
Loss = 5.2116e-02, PNorm = 106.5325, GNorm = 0.5239, lr_0 = 2.3858e-04
Loss = 2.6267e-02, PNorm = 106.5384, GNorm = 0.2566, lr_0 = 2.3833e-04
Loss = 3.2186e-02, PNorm = 106.5464, GNorm = 0.5033, lr_0 = 2.3809e-04
Loss = 1.8990e-02, PNorm = 106.5518, GNorm = 0.1248, lr_0 = 2.3785e-04
Loss = 2.8115e-02, PNorm = 106.5565, GNorm = 0.1286, lr_0 = 2.3760e-04
Loss = 4.0192e-02, PNorm = 106.5585, GNorm = 0.1013, lr_0 = 2.3736e-04
Loss = 3.6979e-02, PNorm = 106.5608, GNorm = 0.7937, lr_0 = 2.3711e-04
Loss = 3.5790e-02, PNorm = 106.5617, GNorm = 0.1782, lr_0 = 2.3687e-04
Loss = 8.6727e-02, PNorm = 106.5637, GNorm = 0.4484, lr_0 = 2.3663e-04
Loss = 4.0712e-02, PNorm = 106.5671, GNorm = 0.3423, lr_0 = 2.3638e-04
Loss = 5.3398e-02, PNorm = 106.5756, GNorm = 0.3264, lr_0 = 2.3614e-04
Loss = 6.5326e-02, PNorm = 106.5844, GNorm = 0.5437, lr_0 = 2.3590e-04
Loss = 2.7709e-02, PNorm = 106.5947, GNorm = 0.2415, lr_0 = 2.3566e-04
Loss = 6.8767e-02, PNorm = 106.6026, GNorm = 0.2382, lr_0 = 2.3541e-04
Loss = 7.4064e-02, PNorm = 106.6079, GNorm = 0.7180, lr_0 = 2.3517e-04
Loss = 2.1849e-02, PNorm = 106.6150, GNorm = 0.2675, lr_0 = 2.3493e-04
Loss = 4.9796e-02, PNorm = 106.6214, GNorm = 0.5237, lr_0 = 2.3469e-04
Loss = 6.7211e-02, PNorm = 106.6260, GNorm = 0.2204, lr_0 = 2.3445e-04
Loss = 5.4948e-02, PNorm = 106.6316, GNorm = 0.5424, lr_0 = 2.3421e-04
Loss = 1.8203e-02, PNorm = 106.6385, GNorm = 0.2403, lr_0 = 2.3397e-04
Loss = 6.0161e-02, PNorm = 106.6446, GNorm = 0.2107, lr_0 = 2.3373e-04
Loss = 6.2618e-02, PNorm = 106.6458, GNorm = 0.4544, lr_0 = 2.3348e-04
Loss = 3.8413e-02, PNorm = 106.6510, GNorm = 0.6334, lr_0 = 2.3325e-04
Loss = 4.5181e-02, PNorm = 106.6588, GNorm = 0.5495, lr_0 = 2.3301e-04
Loss = 8.0383e-02, PNorm = 106.6613, GNorm = 0.5371, lr_0 = 2.3277e-04
Loss = 6.0329e-02, PNorm = 106.6657, GNorm = 0.3544, lr_0 = 2.3253e-04
Loss = 4.6515e-02, PNorm = 106.6733, GNorm = 0.3375, lr_0 = 2.3229e-04
Loss = 9.1859e-02, PNorm = 106.6796, GNorm = 0.7043, lr_0 = 2.3205e-04
Loss = 6.3789e-02, PNorm = 106.6816, GNorm = 0.3780, lr_0 = 2.3181e-04
Loss = 5.5816e-02, PNorm = 106.6891, GNorm = 0.5806, lr_0 = 2.3157e-04
Loss = 3.1762e-02, PNorm = 106.6974, GNorm = 0.2366, lr_0 = 2.3133e-04
Loss = 5.3891e-02, PNorm = 106.7045, GNorm = 0.6923, lr_0 = 2.3110e-04
Loss = 5.9904e-02, PNorm = 106.7064, GNorm = 0.2335, lr_0 = 2.3086e-04
Loss = 5.6806e-02, PNorm = 106.7086, GNorm = 0.2599, lr_0 = 2.3062e-04
Loss = 5.1506e-02, PNorm = 106.7137, GNorm = 0.4428, lr_0 = 2.3039e-04
Loss = 6.0674e-02, PNorm = 106.7175, GNorm = 0.2763, lr_0 = 2.3015e-04
Loss = 8.0900e-02, PNorm = 106.7190, GNorm = 0.3037, lr_0 = 2.2991e-04
Loss = 5.3931e-02, PNorm = 106.7232, GNorm = 0.3303, lr_0 = 2.2968e-04
Loss = 7.1984e-02, PNorm = 106.7289, GNorm = 0.3934, lr_0 = 2.2944e-04
Loss = 4.8412e-02, PNorm = 106.7340, GNorm = 0.2607, lr_0 = 2.2920e-04
Loss = 5.6924e-02, PNorm = 106.7414, GNorm = 0.3048, lr_0 = 2.2897e-04
Loss = 5.4854e-02, PNorm = 106.7492, GNorm = 0.7343, lr_0 = 2.2873e-04
Loss = 4.8219e-02, PNorm = 106.7548, GNorm = 0.2122, lr_0 = 2.2850e-04
Loss = 3.6861e-02, PNorm = 106.7618, GNorm = 0.2060, lr_0 = 2.2826e-04
Loss = 6.1862e-02, PNorm = 106.7671, GNorm = 0.2104, lr_0 = 2.2803e-04
Loss = 4.3090e-02, PNorm = 106.7727, GNorm = 0.9110, lr_0 = 2.2780e-04
Loss = 3.4266e-02, PNorm = 106.7813, GNorm = 0.9612, lr_0 = 2.2756e-04
Validation auc = 0.523642
Epoch 20
Loss = 5.7890e-02, PNorm = 106.7858, GNorm = 0.3394, lr_0 = 2.2733e-04
Loss = 4.2939e-02, PNorm = 106.7916, GNorm = 0.2409, lr_0 = 2.2709e-04
Loss = 3.9508e-02, PNorm = 106.7993, GNorm = 0.4374, lr_0 = 2.2686e-04
Loss = 6.5267e-02, PNorm = 106.8046, GNorm = 0.2380, lr_0 = 2.2663e-04
Loss = 4.2543e-02, PNorm = 106.8131, GNorm = 0.2795, lr_0 = 2.2639e-04
Loss = 3.1145e-02, PNorm = 106.8206, GNorm = 0.2158, lr_0 = 2.2616e-04
Loss = 8.0413e-02, PNorm = 106.8251, GNorm = 0.2065, lr_0 = 2.2593e-04
Loss = 4.7115e-02, PNorm = 106.8284, GNorm = 0.2867, lr_0 = 2.2570e-04
Loss = 4.3503e-02, PNorm = 106.8348, GNorm = 0.4449, lr_0 = 2.2547e-04
Loss = 3.9561e-02, PNorm = 106.8411, GNorm = 0.2089, lr_0 = 2.2523e-04
Loss = 6.6371e-02, PNorm = 106.8445, GNorm = 0.2622, lr_0 = 2.2500e-04
Loss = 8.0649e-02, PNorm = 106.8508, GNorm = 0.6406, lr_0 = 2.2477e-04
Loss = 4.5673e-02, PNorm = 106.8569, GNorm = 0.3493, lr_0 = 2.2454e-04
Loss = 3.9170e-02, PNorm = 106.8657, GNorm = 0.2304, lr_0 = 2.2431e-04
Loss = 5.5734e-02, PNorm = 106.8754, GNorm = 0.2351, lr_0 = 2.2408e-04
Loss = 2.9773e-02, PNorm = 106.8866, GNorm = 0.1868, lr_0 = 2.2385e-04
Loss = 3.4242e-02, PNorm = 106.8976, GNorm = 0.1609, lr_0 = 2.2362e-04
Loss = 3.1920e-02, PNorm = 106.9085, GNorm = 0.1030, lr_0 = 2.2339e-04
Loss = 6.3399e-02, PNorm = 106.9084, GNorm = 0.1605, lr_0 = 2.2316e-04
Loss = 1.0617e-01, PNorm = 106.9011, GNorm = 0.3579, lr_0 = 2.2293e-04
Loss = 6.8436e-02, PNorm = 106.9019, GNorm = 0.5109, lr_0 = 2.2270e-04
Loss = 7.6924e-02, PNorm = 106.9099, GNorm = 0.5245, lr_0 = 2.2247e-04
Loss = 6.3870e-02, PNorm = 106.9203, GNorm = 0.5409, lr_0 = 2.2224e-04
Loss = 6.4887e-02, PNorm = 106.9270, GNorm = 0.3519, lr_0 = 2.2202e-04
Loss = 6.8330e-02, PNorm = 106.9341, GNorm = 0.2972, lr_0 = 2.2179e-04
Loss = 4.2367e-02, PNorm = 106.9432, GNorm = 0.6578, lr_0 = 2.2156e-04
Loss = 3.1956e-02, PNorm = 106.9536, GNorm = 0.2076, lr_0 = 2.2133e-04
Loss = 5.7179e-02, PNorm = 106.9597, GNorm = 0.5940, lr_0 = 2.2110e-04
Loss = 3.0817e-02, PNorm = 106.9652, GNorm = 0.1637, lr_0 = 2.2088e-04
Loss = 2.7745e-02, PNorm = 106.9709, GNorm = 0.1995, lr_0 = 2.2065e-04
Loss = 2.9628e-02, PNorm = 106.9781, GNorm = 0.1392, lr_0 = 2.2042e-04
Loss = 6.6490e-02, PNorm = 106.9790, GNorm = 0.2236, lr_0 = 2.2020e-04
Loss = 2.8987e-02, PNorm = 106.9844, GNorm = 0.7174, lr_0 = 2.1997e-04
Loss = 5.2055e-02, PNorm = 106.9891, GNorm = 0.5511, lr_0 = 2.1975e-04
Loss = 4.9147e-02, PNorm = 106.9912, GNorm = 0.2339, lr_0 = 2.1952e-04
Loss = 6.2202e-02, PNorm = 106.9946, GNorm = 0.2511, lr_0 = 2.1929e-04
Loss = 7.2433e-02, PNorm = 106.9981, GNorm = 0.4276, lr_0 = 2.1907e-04
Loss = 6.9014e-02, PNorm = 107.0001, GNorm = 0.7842, lr_0 = 2.1884e-04
Loss = 3.2484e-02, PNorm = 107.0078, GNorm = 0.3184, lr_0 = 2.1862e-04
Loss = 6.8902e-02, PNorm = 107.0161, GNorm = 0.3970, lr_0 = 2.1839e-04
Loss = 1.7168e-02, PNorm = 107.0230, GNorm = 0.2447, lr_0 = 2.1817e-04
Loss = 3.1363e-02, PNorm = 107.0307, GNorm = 0.1846, lr_0 = 2.1795e-04
Loss = 2.7827e-02, PNorm = 107.0362, GNorm = 0.1438, lr_0 = 2.1772e-04
Loss = 5.7131e-02, PNorm = 107.0375, GNorm = 0.1681, lr_0 = 2.1750e-04
Loss = 1.0286e-01, PNorm = 107.0357, GNorm = 0.6510, lr_0 = 2.1727e-04
Loss = 5.1092e-02, PNorm = 107.0383, GNorm = 0.2992, lr_0 = 2.1705e-04
Loss = 6.1661e-02, PNorm = 107.0437, GNorm = 0.3184, lr_0 = 2.1683e-04
Loss = 6.1229e-02, PNorm = 107.0510, GNorm = 0.3574, lr_0 = 2.1661e-04
Loss = 3.8653e-02, PNorm = 107.0601, GNorm = 0.4578, lr_0 = 2.1638e-04
Loss = 5.5224e-02, PNorm = 107.0679, GNorm = 0.2389, lr_0 = 2.1616e-04
Loss = 2.7774e-02, PNorm = 107.0769, GNorm = 0.1840, lr_0 = 2.1594e-04
Loss = 4.8556e-02, PNorm = 107.0822, GNorm = 0.1357, lr_0 = 2.1572e-04
Loss = 6.2152e-02, PNorm = 107.0840, GNorm = 0.1961, lr_0 = 2.1550e-04
Loss = 6.9255e-02, PNorm = 107.0845, GNorm = 0.2458, lr_0 = 2.1527e-04
Loss = 2.7131e-02, PNorm = 107.0889, GNorm = 0.3051, lr_0 = 2.1505e-04
Loss = 4.2025e-02, PNorm = 107.0949, GNorm = 0.2205, lr_0 = 2.1483e-04
Loss = 7.9091e-02, PNorm = 107.0981, GNorm = 0.5448, lr_0 = 2.1461e-04
Loss = 2.6526e-02, PNorm = 107.1022, GNorm = 0.2640, lr_0 = 2.1439e-04
Loss = 5.6562e-02, PNorm = 107.1080, GNorm = 0.5554, lr_0 = 2.1417e-04
Loss = 5.3111e-02, PNorm = 107.1122, GNorm = 0.6882, lr_0 = 2.1395e-04
Loss = 7.0709e-02, PNorm = 107.1141, GNorm = 0.7907, lr_0 = 2.1373e-04
Loss = 5.0026e-02, PNorm = 107.1149, GNorm = 0.2939, lr_0 = 2.1351e-04
Loss = 5.8894e-02, PNorm = 107.1211, GNorm = 0.2349, lr_0 = 2.1329e-04
Loss = 4.4837e-02, PNorm = 107.1286, GNorm = 0.8246, lr_0 = 2.1307e-04
Loss = 4.2598e-02, PNorm = 107.1361, GNorm = 0.2541, lr_0 = 2.1285e-04
Loss = 5.8742e-02, PNorm = 107.1413, GNorm = 0.2534, lr_0 = 2.1263e-04
Loss = 1.0058e-01, PNorm = 107.1445, GNorm = 0.3835, lr_0 = 2.1242e-04
Loss = 4.6123e-02, PNorm = 107.1514, GNorm = 0.3443, lr_0 = 2.1220e-04
Loss = 8.1528e-02, PNorm = 107.1602, GNorm = 0.6373, lr_0 = 2.1198e-04
Loss = 3.9589e-02, PNorm = 107.1689, GNorm = 0.3292, lr_0 = 2.1176e-04
Loss = 2.8684e-02, PNorm = 107.1781, GNorm = 0.2244, lr_0 = 2.1154e-04
Loss = 4.8570e-02, PNorm = 107.1869, GNorm = 0.1785, lr_0 = 2.1133e-04
Loss = 2.4893e-02, PNorm = 107.1926, GNorm = 0.2039, lr_0 = 2.1111e-04
Loss = 3.0724e-02, PNorm = 107.2002, GNorm = 0.1322, lr_0 = 2.1089e-04
Loss = 4.5067e-02, PNorm = 107.2022, GNorm = 0.1359, lr_0 = 2.1068e-04
Loss = 5.1018e-02, PNorm = 107.2035, GNorm = 0.6939, lr_0 = 2.1046e-04
Loss = 6.2482e-02, PNorm = 107.2047, GNorm = 0.6096, lr_0 = 2.1024e-04
Loss = 6.8586e-02, PNorm = 107.2084, GNorm = 0.3099, lr_0 = 2.1003e-04
Loss = 7.8210e-02, PNorm = 107.2104, GNorm = 0.3644, lr_0 = 2.0981e-04
Loss = 5.5173e-02, PNorm = 107.2136, GNorm = 0.8811, lr_0 = 2.0960e-04
Validation auc = 0.529658
Epoch 21
Loss = 2.7412e-02, PNorm = 107.2203, GNorm = 0.2656, lr_0 = 2.0938e-04
Loss = 8.6602e-02, PNorm = 107.2261, GNorm = 1.0731, lr_0 = 2.0917e-04
Loss = 4.1904e-02, PNorm = 107.2300, GNorm = 0.2885, lr_0 = 2.0895e-04
Loss = 4.9470e-02, PNorm = 107.2342, GNorm = 0.2732, lr_0 = 2.0874e-04
Loss = 5.8588e-02, PNorm = 107.2401, GNorm = 1.3168, lr_0 = 2.0852e-04
Loss = 2.5159e-02, PNorm = 107.2444, GNorm = 0.5896, lr_0 = 2.0831e-04
Loss = 4.7489e-02, PNorm = 107.2488, GNorm = 0.1971, lr_0 = 2.0809e-04
Loss = 4.8101e-02, PNorm = 107.2536, GNorm = 1.1334, lr_0 = 2.0788e-04
Loss = 2.8071e-02, PNorm = 107.2587, GNorm = 0.5776, lr_0 = 2.0767e-04
Loss = 5.7304e-02, PNorm = 107.2627, GNorm = 0.2058, lr_0 = 2.0745e-04
Loss = 6.1416e-02, PNorm = 107.2662, GNorm = 0.2472, lr_0 = 2.0724e-04
Loss = 5.8537e-02, PNorm = 107.2685, GNorm = 0.4679, lr_0 = 2.0703e-04
Loss = 4.8267e-02, PNorm = 107.2725, GNorm = 0.2610, lr_0 = 2.0681e-04
Loss = 2.5389e-02, PNorm = 107.2792, GNorm = 0.2217, lr_0 = 2.0660e-04
Loss = 8.9495e-02, PNorm = 107.2840, GNorm = 0.6705, lr_0 = 2.0639e-04
Loss = 5.9038e-02, PNorm = 107.2861, GNorm = 0.3159, lr_0 = 2.0618e-04
Loss = 3.3742e-02, PNorm = 107.2921, GNorm = 0.2703, lr_0 = 2.0597e-04
Loss = 7.3306e-02, PNorm = 107.2960, GNorm = 0.2411, lr_0 = 2.0575e-04
Loss = 6.1871e-02, PNorm = 107.2987, GNorm = 0.3441, lr_0 = 2.0554e-04
Loss = 5.8719e-02, PNorm = 107.3039, GNorm = 0.3060, lr_0 = 2.0533e-04
Loss = 9.0839e-02, PNorm = 107.3081, GNorm = 0.3145, lr_0 = 2.0512e-04
Loss = 4.8077e-02, PNorm = 107.3145, GNorm = 0.2939, lr_0 = 2.0491e-04
Loss = 5.9502e-02, PNorm = 107.3216, GNorm = 0.3002, lr_0 = 2.0470e-04
Loss = 8.9124e-02, PNorm = 107.3266, GNorm = 0.8552, lr_0 = 2.0449e-04
Loss = 6.4592e-02, PNorm = 107.3321, GNorm = 0.5472, lr_0 = 2.0428e-04
Loss = 4.9833e-02, PNorm = 107.3382, GNorm = 0.6131, lr_0 = 2.0407e-04
Loss = 3.3384e-02, PNorm = 107.3462, GNorm = 0.2201, lr_0 = 2.0386e-04
Loss = 1.8726e-02, PNorm = 107.3553, GNorm = 0.1607, lr_0 = 2.0365e-04
Loss = 3.4414e-02, PNorm = 107.3632, GNorm = 0.1354, lr_0 = 2.0344e-04
Loss = 2.3396e-02, PNorm = 107.3708, GNorm = 0.1015, lr_0 = 2.0323e-04
Loss = 9.8194e-02, PNorm = 107.3702, GNorm = 0.5116, lr_0 = 2.0302e-04
Loss = 2.3125e-02, PNorm = 107.3688, GNorm = 0.2258, lr_0 = 2.0281e-04
Loss = 4.5175e-02, PNorm = 107.3741, GNorm = 0.3160, lr_0 = 2.0261e-04
Loss = 5.1551e-02, PNorm = 107.3779, GNorm = 0.2395, lr_0 = 2.0240e-04
Loss = 4.6344e-02, PNorm = 107.3837, GNorm = 0.2412, lr_0 = 2.0219e-04
Loss = 3.7946e-02, PNorm = 107.3911, GNorm = 0.2058, lr_0 = 2.0198e-04
Loss = 3.6226e-02, PNorm = 107.3990, GNorm = 0.1760, lr_0 = 2.0177e-04
Loss = 3.5503e-02, PNorm = 107.4063, GNorm = 0.1629, lr_0 = 2.0157e-04
Loss = 8.8357e-02, PNorm = 107.4048, GNorm = 0.2718, lr_0 = 2.0136e-04
Loss = 3.2523e-02, PNorm = 107.4099, GNorm = 0.6563, lr_0 = 2.0115e-04
Loss = 8.9557e-02, PNorm = 107.4158, GNorm = 1.1954, lr_0 = 2.0095e-04
Loss = 3.0902e-02, PNorm = 107.4243, GNorm = 0.5395, lr_0 = 2.0074e-04
Loss = 1.0956e-01, PNorm = 107.4276, GNorm = 0.3057, lr_0 = 2.0053e-04
Loss = 5.1116e-02, PNorm = 107.4307, GNorm = 0.3465, lr_0 = 2.0033e-04
Loss = 5.9310e-02, PNorm = 107.4378, GNorm = 0.3931, lr_0 = 2.0012e-04
Loss = 1.0516e-01, PNorm = 107.4434, GNorm = 0.3932, lr_0 = 1.9992e-04
Loss = 4.2134e-02, PNorm = 107.4513, GNorm = 0.3008, lr_0 = 1.9971e-04
Loss = 4.3050e-02, PNorm = 107.4605, GNorm = 0.2546, lr_0 = 1.9951e-04
Loss = 1.5457e-02, PNorm = 107.4716, GNorm = 0.1595, lr_0 = 1.9930e-04
Loss = 6.1147e-02, PNorm = 107.4773, GNorm = 0.1351, lr_0 = 1.9910e-04
Loss = 3.4686e-02, PNorm = 107.4808, GNorm = 0.1547, lr_0 = 1.9889e-04
Loss = 4.0912e-02, PNorm = 107.4862, GNorm = 0.1860, lr_0 = 1.9869e-04
Loss = 7.2359e-02, PNorm = 107.4913, GNorm = 0.1880, lr_0 = 1.9848e-04
Loss = 4.5236e-02, PNorm = 107.4965, GNorm = 0.2572, lr_0 = 1.9828e-04
Loss = 4.3825e-02, PNorm = 107.5037, GNorm = 0.4771, lr_0 = 1.9808e-04
Loss = 9.0700e-02, PNorm = 107.5086, GNorm = 0.9473, lr_0 = 1.9787e-04
Loss = 3.7975e-02, PNorm = 107.5164, GNorm = 0.2828, lr_0 = 1.9767e-04
Loss = 6.5030e-02, PNorm = 107.5259, GNorm = 0.4671, lr_0 = 1.9747e-04
Loss = 5.8630e-02, PNorm = 107.5331, GNorm = 0.3519, lr_0 = 1.9726e-04
Loss = 4.7959e-02, PNorm = 107.5394, GNorm = 0.2413, lr_0 = 1.9706e-04
Loss = 3.5952e-02, PNorm = 107.5441, GNorm = 0.2246, lr_0 = 1.9686e-04
Loss = 5.4674e-02, PNorm = 107.5495, GNorm = 0.1792, lr_0 = 1.9666e-04
Loss = 2.8106e-02, PNorm = 107.5559, GNorm = 0.1501, lr_0 = 1.9645e-04
Loss = 3.0031e-02, PNorm = 107.5626, GNorm = 0.1492, lr_0 = 1.9625e-04
Loss = 4.9839e-03, PNorm = 107.5713, GNorm = 0.1036, lr_0 = 1.9605e-04
Loss = 7.5564e-02, PNorm = 107.5728, GNorm = 0.5252, lr_0 = 1.9585e-04
Loss = 9.6451e-02, PNorm = 107.5675, GNorm = 0.2456, lr_0 = 1.9565e-04
Loss = 4.8833e-02, PNorm = 107.5657, GNorm = 0.2930, lr_0 = 1.9545e-04
Loss = 4.1143e-02, PNorm = 107.5722, GNorm = 0.3548, lr_0 = 1.9525e-04
Loss = 5.0866e-02, PNorm = 107.5794, GNorm = 0.2408, lr_0 = 1.9504e-04
Loss = 5.5530e-02, PNorm = 107.5823, GNorm = 0.9459, lr_0 = 1.9484e-04
Loss = 2.8968e-02, PNorm = 107.5878, GNorm = 0.2163, lr_0 = 1.9464e-04
Loss = 5.9621e-02, PNorm = 107.5941, GNorm = 0.1690, lr_0 = 1.9444e-04
Loss = 5.0998e-02, PNorm = 107.5995, GNorm = 0.6284, lr_0 = 1.9424e-04
Loss = 3.5454e-02, PNorm = 107.6030, GNorm = 0.2108, lr_0 = 1.9404e-04
Loss = 6.2022e-02, PNorm = 107.6068, GNorm = 0.2345, lr_0 = 1.9385e-04
Loss = 5.4802e-02, PNorm = 107.6077, GNorm = 0.2379, lr_0 = 1.9365e-04
Loss = 4.5921e-02, PNorm = 107.6132, GNorm = 0.7186, lr_0 = 1.9345e-04
Loss = 4.5940e-02, PNorm = 107.6190, GNorm = 0.2542, lr_0 = 1.9325e-04
Loss = 2.6126e-02, PNorm = 107.6244, GNorm = 0.2055, lr_0 = 1.9305e-04
Validation auc = 0.519087
Epoch 22
Loss = 3.3481e-02, PNorm = 107.6310, GNorm = 0.1586, lr_0 = 1.9285e-04
Loss = 9.7641e-02, PNorm = 107.6306, GNorm = 0.2696, lr_0 = 1.9265e-04
Loss = 4.7183e-02, PNorm = 107.6346, GNorm = 0.4786, lr_0 = 1.9246e-04
Loss = 3.8105e-02, PNorm = 107.6403, GNorm = 0.5193, lr_0 = 1.9226e-04
Loss = 7.1371e-02, PNorm = 107.6445, GNorm = 0.2496, lr_0 = 1.9206e-04
Loss = 5.2265e-02, PNorm = 107.6510, GNorm = 0.2762, lr_0 = 1.9186e-04
Loss = 4.1664e-02, PNorm = 107.6595, GNorm = 0.2760, lr_0 = 1.9167e-04
Loss = 4.6126e-02, PNorm = 107.6694, GNorm = 0.2102, lr_0 = 1.9147e-04
Loss = 8.0882e-02, PNorm = 107.6718, GNorm = 0.4149, lr_0 = 1.9127e-04
Loss = 4.0810e-02, PNorm = 107.6714, GNorm = 0.6386, lr_0 = 1.9108e-04
Loss = 7.3607e-02, PNorm = 107.6720, GNorm = 0.2743, lr_0 = 1.9088e-04
Loss = 3.2949e-02, PNorm = 107.6767, GNorm = 0.3029, lr_0 = 1.9068e-04
Loss = 3.6154e-02, PNorm = 107.6823, GNorm = 0.2253, lr_0 = 1.9049e-04
Loss = 7.1828e-02, PNorm = 107.6876, GNorm = 0.2556, lr_0 = 1.9029e-04
Loss = 2.8487e-02, PNorm = 107.6929, GNorm = 0.1864, lr_0 = 1.9010e-04
Loss = 7.9924e-02, PNorm = 107.6960, GNorm = 1.2617, lr_0 = 1.8990e-04
Loss = 3.8440e-02, PNorm = 107.6993, GNorm = 0.2551, lr_0 = 1.8971e-04
Loss = 2.0211e-02, PNorm = 107.7060, GNorm = 0.2014, lr_0 = 1.8951e-04
Loss = 6.7300e-02, PNorm = 107.7084, GNorm = 0.6453, lr_0 = 1.8932e-04
Loss = 8.6875e-02, PNorm = 107.7086, GNorm = 0.2545, lr_0 = 1.8912e-04
Loss = 5.9884e-02, PNorm = 107.7115, GNorm = 0.5624, lr_0 = 1.8893e-04
Loss = 7.3077e-02, PNorm = 107.7159, GNorm = 1.2903, lr_0 = 1.8873e-04
Loss = 4.2901e-02, PNorm = 107.7212, GNorm = 0.3124, lr_0 = 1.8854e-04
Loss = 6.6976e-02, PNorm = 107.7270, GNorm = 0.3029, lr_0 = 1.8835e-04
Loss = 7.7181e-02, PNorm = 107.7311, GNorm = 0.3163, lr_0 = 1.8815e-04
Loss = 1.7409e-02, PNorm = 107.7387, GNorm = 0.2794, lr_0 = 1.8796e-04
Loss = 5.1703e-02, PNorm = 107.7446, GNorm = 0.2080, lr_0 = 1.8777e-04
Loss = 4.3215e-02, PNorm = 107.7503, GNorm = 0.1673, lr_0 = 1.8757e-04
Loss = 3.8078e-02, PNorm = 107.7525, GNorm = 0.2007, lr_0 = 1.8738e-04
Loss = 9.3836e-02, PNorm = 107.7528, GNorm = 0.2362, lr_0 = 1.8719e-04
Loss = 4.2212e-02, PNorm = 107.7551, GNorm = 0.3081, lr_0 = 1.8700e-04
Loss = 7.6934e-02, PNorm = 107.7598, GNorm = 1.3904, lr_0 = 1.8680e-04
Loss = 2.9555e-02, PNorm = 107.7644, GNorm = 0.2882, lr_0 = 1.8661e-04
Loss = 5.9561e-02, PNorm = 107.7686, GNorm = 0.2941, lr_0 = 1.8642e-04
Loss = 2.9368e-02, PNorm = 107.7755, GNorm = 0.2037, lr_0 = 1.8623e-04
Loss = 8.4139e-02, PNorm = 107.7770, GNorm = 0.6961, lr_0 = 1.8604e-04
Loss = 9.3011e-03, PNorm = 107.7790, GNorm = 0.2246, lr_0 = 1.8585e-04
Loss = 2.6532e-02, PNorm = 107.7841, GNorm = 0.1719, lr_0 = 1.8565e-04
Loss = 3.5490e-02, PNorm = 107.7887, GNorm = 0.1474, lr_0 = 1.8546e-04
Loss = 7.2393e-02, PNorm = 107.7891, GNorm = 0.1834, lr_0 = 1.8527e-04
Loss = 7.2957e-03, PNorm = 107.7929, GNorm = 0.1475, lr_0 = 1.8508e-04
Loss = 5.5998e-02, PNorm = 107.7966, GNorm = 0.1586, lr_0 = 1.8489e-04
Loss = 3.5609e-02, PNorm = 107.7992, GNorm = 0.1722, lr_0 = 1.8470e-04
Loss = 6.3451e-02, PNorm = 107.7992, GNorm = 0.1707, lr_0 = 1.8451e-04
Loss = 6.3061e-02, PNorm = 107.8005, GNorm = 0.2401, lr_0 = 1.8432e-04
Loss = 2.7862e-02, PNorm = 107.8060, GNorm = 0.3607, lr_0 = 1.8413e-04
Loss = 1.7644e-02, PNorm = 107.8133, GNorm = 0.2015, lr_0 = 1.8394e-04
Loss = 3.0887e-02, PNorm = 107.8196, GNorm = 0.1316, lr_0 = 1.8376e-04
Loss = 2.9482e-02, PNorm = 107.8230, GNorm = 0.6247, lr_0 = 1.8357e-04
Loss = 5.9414e-02, PNorm = 107.8248, GNorm = 0.7744, lr_0 = 1.8338e-04
Loss = 4.1728e-02, PNorm = 107.8246, GNorm = 0.1638, lr_0 = 1.8319e-04
Loss = 8.2192e-02, PNorm = 107.8247, GNorm = 0.2592, lr_0 = 1.8300e-04
Loss = 3.7744e-02, PNorm = 107.8287, GNorm = 0.2859, lr_0 = 1.8281e-04
Loss = 3.9055e-02, PNorm = 107.8349, GNorm = 0.2275, lr_0 = 1.8263e-04
Loss = 6.0642e-02, PNorm = 107.8376, GNorm = 0.2150, lr_0 = 1.8244e-04
Loss = 6.2824e-02, PNorm = 107.8408, GNorm = 0.2615, lr_0 = 1.8225e-04
Loss = 8.4443e-02, PNorm = 107.8432, GNorm = 0.4773, lr_0 = 1.8206e-04
Loss = 6.8424e-02, PNorm = 107.8442, GNorm = 0.2899, lr_0 = 1.8188e-04
Loss = 6.0208e-02, PNorm = 107.8498, GNorm = 0.4136, lr_0 = 1.8169e-04
Loss = 6.3370e-02, PNorm = 107.8573, GNorm = 0.4705, lr_0 = 1.8150e-04
Loss = 4.5933e-02, PNorm = 107.8621, GNorm = 0.2669, lr_0 = 1.8132e-04
Loss = 7.8333e-02, PNorm = 107.8642, GNorm = 0.2804, lr_0 = 1.8113e-04
Loss = 4.1943e-02, PNorm = 107.8690, GNorm = 0.3056, lr_0 = 1.8094e-04
Loss = 3.4421e-02, PNorm = 107.8762, GNorm = 0.2403, lr_0 = 1.8076e-04
Loss = 1.0026e-01, PNorm = 107.8791, GNorm = 0.4674, lr_0 = 1.8057e-04
Loss = 5.5998e-02, PNorm = 107.8821, GNorm = 0.3352, lr_0 = 1.8039e-04
Loss = 2.2607e-02, PNorm = 107.8877, GNorm = 0.2574, lr_0 = 1.8020e-04
Loss = 4.8544e-02, PNorm = 107.8948, GNorm = 0.2477, lr_0 = 1.8002e-04
Loss = 4.4707e-02, PNorm = 107.8997, GNorm = 0.1926, lr_0 = 1.7983e-04
Loss = 4.3232e-02, PNorm = 107.9030, GNorm = 0.1886, lr_0 = 1.7965e-04
Loss = 9.2724e-02, PNorm = 107.9044, GNorm = 0.2458, lr_0 = 1.7946e-04
Loss = 3.2623e-02, PNorm = 107.9036, GNorm = 0.3157, lr_0 = 1.7928e-04
Loss = 2.8550e-02, PNorm = 107.9105, GNorm = 0.2291, lr_0 = 1.7909e-04
Loss = 7.2116e-02, PNorm = 107.9145, GNorm = 0.4824, lr_0 = 1.7891e-04
Loss = 5.8755e-02, PNorm = 107.9171, GNorm = 0.5257, lr_0 = 1.7873e-04
Loss = 4.8128e-02, PNorm = 107.9202, GNorm = 0.2835, lr_0 = 1.7854e-04
Loss = 3.1100e-02, PNorm = 107.9270, GNorm = 0.2193, lr_0 = 1.7836e-04
Loss = 5.3980e-02, PNorm = 107.9328, GNorm = 0.1676, lr_0 = 1.7818e-04
Loss = 6.8291e-02, PNorm = 107.9339, GNorm = 0.2519, lr_0 = 1.7799e-04
Loss = 2.7571e-02, PNorm = 107.9395, GNorm = 0.7647, lr_0 = 1.7781e-04
Validation auc = 0.525609
Epoch 23
Loss = 5.5138e-02, PNorm = 107.9413, GNorm = 0.2437, lr_0 = 1.7763e-04
Loss = 4.5230e-02, PNorm = 107.9454, GNorm = 0.1902, lr_0 = 1.7744e-04
Loss = 6.7497e-02, PNorm = 107.9490, GNorm = 0.6876, lr_0 = 1.7726e-04
Loss = 2.4603e-02, PNorm = 107.9537, GNorm = 0.2073, lr_0 = 1.7708e-04
Loss = 3.5835e-02, PNorm = 107.9589, GNorm = 0.2004, lr_0 = 1.7690e-04
Loss = 6.3308e-02, PNorm = 107.9638, GNorm = 1.7800, lr_0 = 1.7672e-04
Loss = 6.5151e-02, PNorm = 107.9654, GNorm = 1.2465, lr_0 = 1.7653e-04
Loss = 2.4618e-02, PNorm = 107.9673, GNorm = 0.2202, lr_0 = 1.7635e-04
Loss = 6.0240e-02, PNorm = 107.9727, GNorm = 0.6131, lr_0 = 1.7617e-04
Loss = 7.4883e-02, PNorm = 107.9760, GNorm = 0.2265, lr_0 = 1.7599e-04
Loss = 5.7676e-02, PNorm = 107.9813, GNorm = 0.3024, lr_0 = 1.7581e-04
Loss = 7.7117e-02, PNorm = 107.9854, GNorm = 0.2686, lr_0 = 1.7563e-04
Loss = 2.4490e-02, PNorm = 107.9917, GNorm = 0.2700, lr_0 = 1.7545e-04
Loss = 1.5046e-02, PNorm = 108.0016, GNorm = 0.1834, lr_0 = 1.7527e-04
Loss = 2.7962e-02, PNorm = 108.0106, GNorm = 0.8078, lr_0 = 1.7509e-04
Loss = 5.2801e-02, PNorm = 108.0129, GNorm = 1.3735, lr_0 = 1.7491e-04
Loss = 6.3767e-02, PNorm = 108.0099, GNorm = 0.1799, lr_0 = 1.7473e-04
Loss = 5.5445e-02, PNorm = 108.0060, GNorm = 0.4504, lr_0 = 1.7455e-04
Loss = 5.5968e-02, PNorm = 108.0041, GNorm = 0.2883, lr_0 = 1.7437e-04
Loss = 2.9608e-02, PNorm = 108.0100, GNorm = 0.6010, lr_0 = 1.7419e-04
Loss = 8.2245e-03, PNorm = 108.0161, GNorm = 0.1771, lr_0 = 1.7401e-04
Loss = 8.9004e-02, PNorm = 108.0177, GNorm = 1.1971, lr_0 = 1.7383e-04
Loss = 6.3201e-02, PNorm = 108.0159, GNorm = 0.2149, lr_0 = 1.7366e-04
Loss = 4.4753e-02, PNorm = 108.0176, GNorm = 0.2848, lr_0 = 1.7348e-04
Loss = 3.7373e-02, PNorm = 108.0218, GNorm = 0.4604, lr_0 = 1.7330e-04
Loss = 8.8184e-02, PNorm = 108.0244, GNorm = 0.3710, lr_0 = 1.7312e-04
Loss = 3.7619e-02, PNorm = 108.0285, GNorm = 0.3183, lr_0 = 1.7294e-04
Loss = 2.5330e-02, PNorm = 108.0344, GNorm = 0.2454, lr_0 = 1.7276e-04
Loss = 6.7377e-02, PNorm = 108.0392, GNorm = 0.1786, lr_0 = 1.7259e-04
Loss = 6.2632e-02, PNorm = 108.0394, GNorm = 0.2542, lr_0 = 1.7241e-04
Loss = 6.9647e-02, PNorm = 108.0428, GNorm = 0.3359, lr_0 = 1.7223e-04
Loss = 5.7412e-02, PNorm = 108.0469, GNorm = 0.2671, lr_0 = 1.7206e-04
Loss = 5.1609e-02, PNorm = 108.0534, GNorm = 0.6409, lr_0 = 1.7188e-04
Loss = 7.0283e-02, PNorm = 108.0589, GNorm = 0.2783, lr_0 = 1.7170e-04
Loss = 2.8552e-02, PNorm = 108.0659, GNorm = 0.1920, lr_0 = 1.7153e-04
Loss = 5.0546e-02, PNorm = 108.0712, GNorm = 0.1675, lr_0 = 1.7135e-04
Loss = 3.5881e-02, PNorm = 108.0771, GNorm = 0.2120, lr_0 = 1.7117e-04
Loss = 1.0710e-01, PNorm = 108.0763, GNorm = 0.2545, lr_0 = 1.7100e-04
Loss = 3.0869e-02, PNorm = 108.0789, GNorm = 0.2915, lr_0 = 1.7082e-04
Loss = 3.4693e-02, PNorm = 108.0848, GNorm = 0.2327, lr_0 = 1.7065e-04
Loss = 5.5685e-02, PNorm = 108.0892, GNorm = 0.2136, lr_0 = 1.7047e-04
Loss = 2.9322e-02, PNorm = 108.0938, GNorm = 0.2215, lr_0 = 1.7030e-04
Loss = 6.3859e-02, PNorm = 108.0974, GNorm = 0.4318, lr_0 = 1.7012e-04
Loss = 8.5100e-02, PNorm = 108.0989, GNorm = 0.5770, lr_0 = 1.6995e-04
Loss = 3.1967e-02, PNorm = 108.1043, GNorm = 0.5704, lr_0 = 1.6977e-04
Loss = 4.6013e-02, PNorm = 108.1111, GNorm = 0.1815, lr_0 = 1.6960e-04
Loss = 5.2685e-02, PNorm = 108.1169, GNorm = 0.8074, lr_0 = 1.6942e-04
Loss = 5.5844e-02, PNorm = 108.1219, GNorm = 0.7588, lr_0 = 1.6925e-04
Loss = 3.0044e-02, PNorm = 108.1255, GNorm = 0.2328, lr_0 = 1.6908e-04
Loss = 6.5273e-02, PNorm = 108.1289, GNorm = 0.2374, lr_0 = 1.6890e-04
Loss = 7.2528e-02, PNorm = 108.1325, GNorm = 0.2618, lr_0 = 1.6873e-04
Loss = 5.6160e-02, PNorm = 108.1364, GNorm = 0.5841, lr_0 = 1.6855e-04
Loss = 3.6499e-02, PNorm = 108.1435, GNorm = 0.6792, lr_0 = 1.6838e-04
Loss = 4.3391e-02, PNorm = 108.1499, GNorm = 0.5437, lr_0 = 1.6821e-04
Loss = 3.6437e-02, PNorm = 108.1525, GNorm = 0.2555, lr_0 = 1.6804e-04
Loss = 1.2559e-02, PNorm = 108.1594, GNorm = 0.2654, lr_0 = 1.6786e-04
Loss = 6.6242e-02, PNorm = 108.1610, GNorm = 0.1788, lr_0 = 1.6769e-04
Loss = 5.3874e-02, PNorm = 108.1607, GNorm = 0.2181, lr_0 = 1.6752e-04
Loss = 2.6811e-02, PNorm = 108.1648, GNorm = 0.2052, lr_0 = 1.6735e-04
Loss = 4.5620e-02, PNorm = 108.1701, GNorm = 0.5297, lr_0 = 1.6717e-04
Loss = 2.4958e-02, PNorm = 108.1745, GNorm = 0.1658, lr_0 = 1.6700e-04
Loss = 5.0220e-02, PNorm = 108.1783, GNorm = 0.1789, lr_0 = 1.6683e-04
Loss = 6.6184e-02, PNorm = 108.1805, GNorm = 0.2139, lr_0 = 1.6666e-04
Loss = 9.7576e-02, PNorm = 108.1796, GNorm = 0.4166, lr_0 = 1.6649e-04
Loss = 8.7154e-02, PNorm = 108.1764, GNorm = 0.3764, lr_0 = 1.6632e-04
Loss = 7.0871e-02, PNorm = 108.1805, GNorm = 0.4485, lr_0 = 1.6615e-04
Loss = 4.7202e-02, PNorm = 108.1914, GNorm = 0.2672, lr_0 = 1.6598e-04
Loss = 2.7890e-02, PNorm = 108.2021, GNorm = 0.2131, lr_0 = 1.6581e-04
Loss = 6.9849e-02, PNorm = 108.2093, GNorm = 0.1990, lr_0 = 1.6563e-04
Loss = 4.6648e-02, PNorm = 108.2146, GNorm = 0.1876, lr_0 = 1.6546e-04
Loss = 6.2091e-02, PNorm = 108.2159, GNorm = 0.2181, lr_0 = 1.6529e-04
Loss = 8.2593e-02, PNorm = 108.2163, GNorm = 0.8981, lr_0 = 1.6512e-04
Loss = 4.0683e-02, PNorm = 108.2202, GNorm = 0.2627, lr_0 = 1.6496e-04
Loss = 2.9066e-02, PNorm = 108.2262, GNorm = 0.2233, lr_0 = 1.6479e-04
Loss = 2.3752e-02, PNorm = 108.2330, GNorm = 0.1922, lr_0 = 1.6462e-04
Loss = 4.6088e-02, PNorm = 108.2378, GNorm = 0.5263, lr_0 = 1.6445e-04
Loss = 5.7838e-02, PNorm = 108.2396, GNorm = 0.1795, lr_0 = 1.6428e-04
Loss = 7.8630e-02, PNorm = 108.2400, GNorm = 0.2352, lr_0 = 1.6411e-04
Loss = 4.4007e-02, PNorm = 108.2427, GNorm = 0.3746, lr_0 = 1.6394e-04
Loss = 7.7088e-02, PNorm = 108.2446, GNorm = 0.2672, lr_0 = 1.6377e-04
Validation auc = 0.515179
Epoch 24
Loss = 5.7462e-02, PNorm = 108.2490, GNorm = 0.2793, lr_0 = 1.6360e-04
Loss = 7.1458e-02, PNorm = 108.2511, GNorm = 0.2850, lr_0 = 1.6344e-04
Loss = 5.5996e-02, PNorm = 108.2566, GNorm = 0.8285, lr_0 = 1.6327e-04
Loss = 4.2064e-02, PNorm = 108.2623, GNorm = 0.2945, lr_0 = 1.6310e-04
Loss = 6.7142e-02, PNorm = 108.2669, GNorm = 0.5335, lr_0 = 1.6293e-04
Loss = 7.5769e-02, PNorm = 108.2694, GNorm = 0.4375, lr_0 = 1.6277e-04
Loss = 4.0012e-02, PNorm = 108.2723, GNorm = 0.3504, lr_0 = 1.6260e-04
Loss = 1.7783e-02, PNorm = 108.2779, GNorm = 0.1818, lr_0 = 1.6243e-04
Loss = 6.0275e-02, PNorm = 108.2822, GNorm = 0.5610, lr_0 = 1.6226e-04
Loss = 3.5982e-02, PNorm = 108.2850, GNorm = 0.1889, lr_0 = 1.6210e-04
Loss = 5.7400e-02, PNorm = 108.2864, GNorm = 1.2471, lr_0 = 1.6193e-04
Loss = 3.5844e-02, PNorm = 108.2887, GNorm = 0.2105, lr_0 = 1.6176e-04
Loss = 5.3925e-02, PNorm = 108.2913, GNorm = 0.2152, lr_0 = 1.6160e-04
Loss = 4.3272e-02, PNorm = 108.2942, GNorm = 0.2190, lr_0 = 1.6143e-04
Loss = 7.2807e-02, PNorm = 108.2969, GNorm = 0.1895, lr_0 = 1.6127e-04
Loss = 5.3406e-02, PNorm = 108.2982, GNorm = 0.2722, lr_0 = 1.6110e-04
Loss = 5.6060e-02, PNorm = 108.3021, GNorm = 0.2696, lr_0 = 1.6094e-04
Loss = 3.5278e-02, PNorm = 108.3085, GNorm = 0.2064, lr_0 = 1.6077e-04
Loss = 7.1180e-02, PNorm = 108.3126, GNorm = 0.5976, lr_0 = 1.6060e-04
Loss = 6.5116e-02, PNorm = 108.3137, GNorm = 0.2387, lr_0 = 1.6044e-04
Loss = 3.1911e-02, PNorm = 108.3188, GNorm = 0.2361, lr_0 = 1.6028e-04
Loss = 4.9061e-02, PNorm = 108.3244, GNorm = 0.2047, lr_0 = 1.6011e-04
Loss = 3.6032e-02, PNorm = 108.3288, GNorm = 0.2015, lr_0 = 1.5995e-04
Loss = 6.5388e-02, PNorm = 108.3288, GNorm = 0.2268, lr_0 = 1.5978e-04
Loss = 5.5095e-02, PNorm = 108.3294, GNorm = 0.2196, lr_0 = 1.5962e-04
Loss = 1.0569e-01, PNorm = 108.3288, GNorm = 0.3956, lr_0 = 1.5945e-04
Loss = 4.3652e-02, PNorm = 108.3325, GNorm = 0.3108, lr_0 = 1.5929e-04
Loss = 7.2697e-02, PNorm = 108.3400, GNorm = 1.5732, lr_0 = 1.5913e-04
Loss = 4.8527e-02, PNorm = 108.3443, GNorm = 0.2690, lr_0 = 1.5896e-04
Loss = 4.6040e-02, PNorm = 108.3511, GNorm = 0.9713, lr_0 = 1.5880e-04
Loss = 1.1674e-01, PNorm = 108.3551, GNorm = 0.3903, lr_0 = 1.5864e-04
Loss = 4.7839e-02, PNorm = 108.3597, GNorm = 0.3817, lr_0 = 1.5847e-04
Loss = 6.5360e-02, PNorm = 108.3700, GNorm = 0.3050, lr_0 = 1.5831e-04
Loss = 1.0062e-01, PNorm = 108.3764, GNorm = 5.1451, lr_0 = 1.5815e-04
Loss = 4.6636e-02, PNorm = 108.3717, GNorm = 0.3355, lr_0 = 1.5799e-04
Loss = 5.8775e-02, PNorm = 108.3753, GNorm = 0.5609, lr_0 = 1.5782e-04
Loss = 6.6962e-02, PNorm = 108.3795, GNorm = 0.5543, lr_0 = 1.5766e-04
Loss = 3.6719e-02, PNorm = 108.3840, GNorm = 0.2195, lr_0 = 1.5750e-04
Loss = 7.2156e-02, PNorm = 108.3868, GNorm = 0.2488, lr_0 = 1.5734e-04
Loss = 6.5911e-02, PNorm = 108.3891, GNorm = 0.2746, lr_0 = 1.5718e-04
Loss = 5.1395e-02, PNorm = 108.3931, GNorm = 0.7422, lr_0 = 1.5701e-04
Loss = 4.0883e-02, PNorm = 108.3983, GNorm = 0.2209, lr_0 = 1.5685e-04
Loss = 4.1707e-02, PNorm = 108.4038, GNorm = 0.2218, lr_0 = 1.5669e-04
Loss = 6.7703e-02, PNorm = 108.4073, GNorm = 0.2409, lr_0 = 1.5653e-04
Loss = 8.8990e-02, PNorm = 108.4103, GNorm = 0.3120, lr_0 = 1.5637e-04
Loss = 2.5399e-02, PNorm = 108.4157, GNorm = 0.2619, lr_0 = 1.5621e-04
Loss = 3.5146e-02, PNorm = 108.4221, GNorm = 0.2170, lr_0 = 1.5605e-04
Loss = 4.7934e-02, PNorm = 108.4267, GNorm = 0.5470, lr_0 = 1.5589e-04
Loss = 4.5901e-02, PNorm = 108.4281, GNorm = 0.1822, lr_0 = 1.5573e-04
Loss = 4.9873e-02, PNorm = 108.4312, GNorm = 0.1898, lr_0 = 1.5557e-04
Loss = 3.9153e-02, PNorm = 108.4343, GNorm = 0.7121, lr_0 = 1.5541e-04
Loss = 4.4638e-02, PNorm = 108.4368, GNorm = 0.1834, lr_0 = 1.5525e-04
Loss = 4.0208e-02, PNorm = 108.4393, GNorm = 0.2126, lr_0 = 1.5509e-04
Loss = 2.6594e-02, PNorm = 108.4428, GNorm = 0.1878, lr_0 = 1.5493e-04
Loss = 2.3240e-02, PNorm = 108.4469, GNorm = 0.1474, lr_0 = 1.5477e-04
Loss = 5.6127e-02, PNorm = 108.4495, GNorm = 0.1235, lr_0 = 1.5461e-04
Loss = 5.1488e-02, PNorm = 108.4501, GNorm = 0.1615, lr_0 = 1.5445e-04
Loss = 5.4586e-02, PNorm = 108.4512, GNorm = 0.1756, lr_0 = 1.5429e-04
Loss = 3.1478e-02, PNorm = 108.4549, GNorm = 0.5871, lr_0 = 1.5414e-04
Loss = 5.4177e-02, PNorm = 108.4561, GNorm = 0.3281, lr_0 = 1.5398e-04
Loss = 3.3063e-02, PNorm = 108.4588, GNorm = 0.1859, lr_0 = 1.5382e-04
Loss = 5.1747e-02, PNorm = 108.4620, GNorm = 1.0833, lr_0 = 1.5366e-04
Loss = 4.8493e-02, PNorm = 108.4645, GNorm = 1.1098, lr_0 = 1.5350e-04
Loss = 5.1553e-02, PNorm = 108.4664, GNorm = 0.3145, lr_0 = 1.5335e-04
Loss = 5.1024e-02, PNorm = 108.4690, GNorm = 0.2393, lr_0 = 1.5319e-04
Loss = 6.4575e-02, PNorm = 108.4726, GNorm = 0.2352, lr_0 = 1.5303e-04
Loss = 5.9214e-02, PNorm = 108.4768, GNorm = 0.5728, lr_0 = 1.5287e-04
Loss = 3.7770e-02, PNorm = 108.4815, GNorm = 0.2555, lr_0 = 1.5272e-04
Loss = 5.9546e-02, PNorm = 108.4850, GNorm = 0.3441, lr_0 = 1.5256e-04
Loss = 3.7800e-02, PNorm = 108.4899, GNorm = 0.3550, lr_0 = 1.5240e-04
Loss = 3.6457e-02, PNorm = 108.4938, GNorm = 0.2165, lr_0 = 1.5225e-04
Loss = 4.2224e-02, PNorm = 108.4973, GNorm = 0.1876, lr_0 = 1.5209e-04
Loss = 6.9915e-02, PNorm = 108.4992, GNorm = 0.2090, lr_0 = 1.5193e-04
Loss = 3.8754e-02, PNorm = 108.5011, GNorm = 0.2049, lr_0 = 1.5178e-04
Loss = 5.0899e-02, PNorm = 108.5044, GNorm = 0.2967, lr_0 = 1.5162e-04
Loss = 6.6083e-02, PNorm = 108.5073, GNorm = 0.4071, lr_0 = 1.5147e-04
Loss = 3.0570e-02, PNorm = 108.5127, GNorm = 0.5512, lr_0 = 1.5131e-04
Loss = 1.6733e-02, PNorm = 108.5184, GNorm = 0.1543, lr_0 = 1.5115e-04
Loss = 1.6046e-02, PNorm = 108.5244, GNorm = 0.1456, lr_0 = 1.5100e-04
Loss = 2.7428e-02, PNorm = 108.5288, GNorm = 0.0951, lr_0 = 1.5084e-04
Validation auc = 0.519580
Epoch 25
Loss = 4.7133e-02, PNorm = 108.5308, GNorm = 0.1375, lr_0 = 1.5069e-04
Loss = 8.4167e-02, PNorm = 108.5304, GNorm = 0.1705, lr_0 = 1.5053e-04
Loss = 9.1352e-02, PNorm = 108.5284, GNorm = 0.5010, lr_0 = 1.5038e-04
Loss = 3.7108e-02, PNorm = 108.5313, GNorm = 0.3058, lr_0 = 1.5022e-04
Loss = 3.1922e-02, PNorm = 108.5372, GNorm = 0.4964, lr_0 = 1.5007e-04
Loss = 8.3793e-02, PNorm = 108.5407, GNorm = 0.5986, lr_0 = 1.4992e-04
Loss = 7.9381e-02, PNorm = 108.5418, GNorm = 0.2292, lr_0 = 1.4976e-04
Loss = 4.3767e-02, PNorm = 108.5453, GNorm = 0.2474, lr_0 = 1.4961e-04
Loss = 4.5187e-02, PNorm = 108.5508, GNorm = 0.2916, lr_0 = 1.4945e-04
Loss = 2.7414e-02, PNorm = 108.5576, GNorm = 0.2006, lr_0 = 1.4930e-04
Loss = 3.7249e-02, PNorm = 108.5629, GNorm = 0.1592, lr_0 = 1.4915e-04
Loss = 6.4867e-02, PNorm = 108.5660, GNorm = 0.1558, lr_0 = 1.4899e-04
Loss = 6.5390e-02, PNorm = 108.5658, GNorm = 0.2126, lr_0 = 1.4884e-04
Loss = 4.1237e-02, PNorm = 108.5684, GNorm = 0.2622, lr_0 = 1.4869e-04
Loss = 3.2775e-02, PNorm = 108.5741, GNorm = 0.4790, lr_0 = 1.4854e-04
Loss = 5.4609e-02, PNorm = 108.5766, GNorm = 0.1799, lr_0 = 1.4838e-04
Loss = 3.8729e-02, PNorm = 108.5787, GNorm = 0.1870, lr_0 = 1.4823e-04
Loss = 3.4442e-02, PNorm = 108.5834, GNorm = 0.2171, lr_0 = 1.4808e-04
Loss = 1.1346e-01, PNorm = 108.5836, GNorm = 0.8513, lr_0 = 1.4793e-04
Loss = 5.2259e-02, PNorm = 108.5835, GNorm = 0.2742, lr_0 = 1.4777e-04
Loss = 5.9386e-02, PNorm = 108.5868, GNorm = 0.3143, lr_0 = 1.4762e-04
Loss = 4.2402e-02, PNorm = 108.5924, GNorm = 0.2876, lr_0 = 1.4747e-04
Loss = 2.9810e-02, PNorm = 108.5987, GNorm = 0.2206, lr_0 = 1.4732e-04
Loss = 1.6117e-02, PNorm = 108.6049, GNorm = 0.1538, lr_0 = 1.4717e-04
Loss = 4.9887e-02, PNorm = 108.6074, GNorm = 0.4656, lr_0 = 1.4702e-04
Loss = 4.8753e-02, PNorm = 108.6074, GNorm = 0.1686, lr_0 = 1.4687e-04
Loss = 9.5986e-02, PNorm = 108.6039, GNorm = 0.1920, lr_0 = 1.4671e-04
Loss = 1.0125e-02, PNorm = 108.6043, GNorm = 0.2317, lr_0 = 1.4656e-04
Loss = 5.2468e-02, PNorm = 108.6082, GNorm = 0.5794, lr_0 = 1.4641e-04
Loss = 4.5305e-02, PNorm = 108.6114, GNorm = 0.2139, lr_0 = 1.4626e-04
Loss = 9.7286e-02, PNorm = 108.6127, GNorm = 0.2432, lr_0 = 1.4611e-04
Loss = 6.6540e-02, PNorm = 108.6146, GNorm = 0.3783, lr_0 = 1.4596e-04
Loss = 5.4399e-02, PNorm = 108.6168, GNorm = 0.3783, lr_0 = 1.4581e-04
Loss = 6.0621e-02, PNorm = 108.6203, GNorm = 0.2787, lr_0 = 1.4566e-04
Loss = 5.6111e-02, PNorm = 108.6250, GNorm = 0.3015, lr_0 = 1.4551e-04
Loss = 4.8460e-02, PNorm = 108.6282, GNorm = 0.2558, lr_0 = 1.4536e-04
Loss = 2.9874e-02, PNorm = 108.6338, GNorm = 0.2250, lr_0 = 1.4521e-04
Loss = 2.9636e-02, PNorm = 108.6386, GNorm = 0.2164, lr_0 = 1.4506e-04
Loss = 5.1513e-02, PNorm = 108.6417, GNorm = 0.1516, lr_0 = 1.4492e-04
Loss = 6.0156e-02, PNorm = 108.6438, GNorm = 1.0422, lr_0 = 1.4477e-04
Loss = 2.7251e-02, PNorm = 108.6455, GNorm = 0.1534, lr_0 = 1.4462e-04
Loss = 7.3550e-02, PNorm = 108.6464, GNorm = 0.2304, lr_0 = 1.4447e-04
Loss = 6.7074e-02, PNorm = 108.6474, GNorm = 0.3451, lr_0 = 1.4432e-04
Loss = 9.6390e-02, PNorm = 108.6484, GNorm = 0.3663, lr_0 = 1.4417e-04
Loss = 5.2541e-02, PNorm = 108.6524, GNorm = 0.4939, lr_0 = 1.4402e-04
Loss = 5.4708e-02, PNorm = 108.6550, GNorm = 0.2981, lr_0 = 1.4388e-04
Loss = 4.4659e-02, PNorm = 108.6597, GNorm = 0.6272, lr_0 = 1.4373e-04
Loss = 6.8663e-02, PNorm = 108.6634, GNorm = 0.3946, lr_0 = 1.4358e-04
Loss = 4.0676e-02, PNorm = 108.6680, GNorm = 0.4642, lr_0 = 1.4343e-04
Loss = 4.9038e-02, PNorm = 108.6717, GNorm = 0.2153, lr_0 = 1.4329e-04
Loss = 6.3668e-02, PNorm = 108.6742, GNorm = 0.2044, lr_0 = 1.4314e-04
Loss = 2.0272e-02, PNorm = 108.6789, GNorm = 0.2229, lr_0 = 1.4299e-04
Loss = 4.7686e-02, PNorm = 108.6833, GNorm = 0.1886, lr_0 = 1.4285e-04
Loss = 4.4729e-02, PNorm = 108.6869, GNorm = 0.4509, lr_0 = 1.4270e-04
Loss = 4.4221e-02, PNorm = 108.6895, GNorm = 0.6163, lr_0 = 1.4255e-04
Loss = 5.3424e-02, PNorm = 108.6921, GNorm = 0.6401, lr_0 = 1.4241e-04
Loss = 5.6031e-02, PNorm = 108.6928, GNorm = 0.2097, lr_0 = 1.4226e-04
Loss = 2.1536e-02, PNorm = 108.6976, GNorm = 0.7382, lr_0 = 1.4211e-04
Loss = 4.7901e-02, PNorm = 108.7007, GNorm = 0.8284, lr_0 = 1.4197e-04
Loss = 6.9138e-02, PNorm = 108.7013, GNorm = 0.2043, lr_0 = 1.4182e-04
Loss = 2.1622e-02, PNorm = 108.7049, GNorm = 0.1768, lr_0 = 1.4168e-04
Loss = 6.2096e-02, PNorm = 108.7079, GNorm = 0.1571, lr_0 = 1.4153e-04
Loss = 3.8102e-02, PNorm = 108.7100, GNorm = 0.2053, lr_0 = 1.4138e-04
Loss = 8.2087e-02, PNorm = 108.7120, GNorm = 1.6665, lr_0 = 1.4124e-04
Loss = 4.1952e-02, PNorm = 108.7123, GNorm = 0.2173, lr_0 = 1.4109e-04
Loss = 1.8446e-02, PNorm = 108.7157, GNorm = 0.1975, lr_0 = 1.4095e-04
Loss = 8.1946e-02, PNorm = 108.7159, GNorm = 0.1949, lr_0 = 1.4080e-04
Loss = 5.4809e-02, PNorm = 108.7180, GNorm = 0.6608, lr_0 = 1.4066e-04
Loss = 2.3350e-02, PNorm = 108.7211, GNorm = 0.1925, lr_0 = 1.4052e-04
Loss = 4.3589e-02, PNorm = 108.7248, GNorm = 0.1873, lr_0 = 1.4037e-04
Loss = 2.4439e-02, PNorm = 108.7302, GNorm = 0.1649, lr_0 = 1.4023e-04
Loss = 8.5411e-02, PNorm = 108.7323, GNorm = 0.9472, lr_0 = 1.4008e-04
Loss = 8.2856e-02, PNorm = 108.7330, GNorm = 0.2503, lr_0 = 1.3994e-04
Loss = 3.1599e-02, PNorm = 108.7356, GNorm = 0.2973, lr_0 = 1.3979e-04
Loss = 4.8508e-02, PNorm = 108.7406, GNorm = 0.2910, lr_0 = 1.3965e-04
Loss = 4.8788e-02, PNorm = 108.7448, GNorm = 0.3921, lr_0 = 1.3951e-04
Loss = 4.6762e-02, PNorm = 108.7464, GNorm = 0.1754, lr_0 = 1.3936e-04
Loss = 3.5688e-02, PNorm = 108.7496, GNorm = 0.1986, lr_0 = 1.3922e-04
Loss = 3.5382e-02, PNorm = 108.7542, GNorm = 0.1585, lr_0 = 1.3908e-04
Loss = 8.5948e-02, PNorm = 108.7564, GNorm = 0.1896, lr_0 = 1.3894e-04
Validation auc = 0.514837
Epoch 26
Loss = 5.5290e-02, PNorm = 108.7604, GNorm = 0.5444, lr_0 = 1.3879e-04
Loss = 2.5505e-02, PNorm = 108.7635, GNorm = 0.2062, lr_0 = 1.3865e-04
Loss = 1.0070e-01, PNorm = 108.7652, GNorm = 0.2321, lr_0 = 1.3851e-04
Loss = 3.8521e-02, PNorm = 108.7670, GNorm = 0.2508, lr_0 = 1.3837e-04
Loss = 3.4505e-02, PNorm = 108.7722, GNorm = 0.2469, lr_0 = 1.3822e-04
Loss = 4.6565e-02, PNorm = 108.7775, GNorm = 0.1774, lr_0 = 1.3808e-04
Loss = 6.9152e-02, PNorm = 108.7797, GNorm = 0.1971, lr_0 = 1.3794e-04
Loss = 3.0906e-02, PNorm = 108.7827, GNorm = 0.2425, lr_0 = 1.3780e-04
Loss = 5.0475e-02, PNorm = 108.7858, GNorm = 0.1968, lr_0 = 1.3766e-04
Loss = 3.1775e-02, PNorm = 108.7898, GNorm = 0.1718, lr_0 = 1.3751e-04
Loss = 6.1328e-02, PNorm = 108.7929, GNorm = 0.5863, lr_0 = 1.3737e-04
Loss = 6.7444e-02, PNorm = 108.7929, GNorm = 0.1995, lr_0 = 1.3723e-04
Loss = 4.8901e-02, PNorm = 108.7943, GNorm = 0.2003, lr_0 = 1.3709e-04
Loss = 3.3438e-02, PNorm = 108.7996, GNorm = 0.3355, lr_0 = 1.3695e-04
Loss = 6.5714e-02, PNorm = 108.8052, GNorm = 0.4854, lr_0 = 1.3681e-04
Loss = 7.5450e-02, PNorm = 108.8078, GNorm = 0.2463, lr_0 = 1.3667e-04
Loss = 3.3576e-02, PNorm = 108.8103, GNorm = 0.2505, lr_0 = 1.3653e-04
Loss = 6.3001e-02, PNorm = 108.8128, GNorm = 0.2398, lr_0 = 1.3639e-04
Loss = 6.4730e-02, PNorm = 108.8147, GNorm = 0.7562, lr_0 = 1.3625e-04
Loss = 3.6441e-02, PNorm = 108.8181, GNorm = 0.3581, lr_0 = 1.3611e-04
Loss = 4.3004e-02, PNorm = 108.8231, GNorm = 0.6023, lr_0 = 1.3597e-04
Loss = 8.5626e-02, PNorm = 108.8241, GNorm = 0.1835, lr_0 = 1.3583e-04
Loss = 3.2012e-02, PNorm = 108.8276, GNorm = 0.2381, lr_0 = 1.3569e-04
Loss = 4.9464e-02, PNorm = 108.8314, GNorm = 0.2257, lr_0 = 1.3555e-04
Loss = 4.9516e-02, PNorm = 108.8350, GNorm = 0.2031, lr_0 = 1.3541e-04
Loss = 7.0084e-02, PNorm = 108.8364, GNorm = 0.1777, lr_0 = 1.3527e-04
Loss = 5.7209e-02, PNorm = 108.8374, GNorm = 1.3496, lr_0 = 1.3513e-04
Loss = 1.9958e-02, PNorm = 108.8403, GNorm = 0.3867, lr_0 = 1.3499e-04
Loss = 3.3378e-02, PNorm = 108.8450, GNorm = 0.1521, lr_0 = 1.3485e-04
Loss = 7.4495e-03, PNorm = 108.8510, GNorm = 0.1352, lr_0 = 1.3472e-04
Loss = 9.4344e-02, PNorm = 108.8523, GNorm = 0.1337, lr_0 = 1.3458e-04
Loss = 7.9619e-02, PNorm = 108.8526, GNorm = 0.2402, lr_0 = 1.3444e-04
Loss = 2.8245e-02, PNorm = 108.8578, GNorm = 0.2883, lr_0 = 1.3430e-04
Loss = 1.0191e-01, PNorm = 108.8591, GNorm = 0.2607, lr_0 = 1.3416e-04
Loss = 3.2666e-02, PNorm = 108.8633, GNorm = 0.2291, lr_0 = 1.3403e-04
Loss = 4.0831e-02, PNorm = 108.8688, GNorm = 0.1850, lr_0 = 1.3389e-04
Loss = 3.9503e-02, PNorm = 108.8744, GNorm = 0.5776, lr_0 = 1.3375e-04
Loss = 6.3523e-02, PNorm = 108.8778, GNorm = 0.3298, lr_0 = 1.3361e-04
Loss = 3.7086e-02, PNorm = 108.8803, GNorm = 0.2098, lr_0 = 1.3348e-04
Loss = 6.7797e-02, PNorm = 108.8826, GNorm = 0.2068, lr_0 = 1.3334e-04
Loss = 5.5506e-02, PNorm = 108.8840, GNorm = 0.2571, lr_0 = 1.3320e-04
Loss = 8.8788e-02, PNorm = 108.8864, GNorm = 0.5567, lr_0 = 1.3306e-04
Loss = 4.4763e-02, PNorm = 108.8909, GNorm = 0.3074, lr_0 = 1.3293e-04
Loss = 6.6504e-02, PNorm = 108.8974, GNorm = 0.7613, lr_0 = 1.3279e-04
Loss = 5.5386e-02, PNorm = 108.9037, GNorm = 0.8092, lr_0 = 1.3265e-04
Loss = 5.8068e-02, PNorm = 108.9093, GNorm = 0.2338, lr_0 = 1.3252e-04
Loss = 4.3269e-02, PNorm = 108.9152, GNorm = 0.5261, lr_0 = 1.3238e-04
Loss = 6.9529e-02, PNorm = 108.9195, GNorm = 0.6572, lr_0 = 1.3225e-04
Loss = 3.5144e-02, PNorm = 108.9239, GNorm = 0.2206, lr_0 = 1.3211e-04
Loss = 2.7954e-02, PNorm = 108.9307, GNorm = 0.1896, lr_0 = 1.3197e-04
Loss = 7.4163e-02, PNorm = 108.9343, GNorm = 1.4739, lr_0 = 1.3184e-04
Loss = 4.1852e-02, PNorm = 108.9371, GNorm = 0.2106, lr_0 = 1.3170e-04
Loss = 5.6349e-02, PNorm = 108.9406, GNorm = 0.1760, lr_0 = 1.3157e-04
Loss = 4.0694e-02, PNorm = 108.9446, GNorm = 0.1668, lr_0 = 1.3143e-04
Loss = 5.8431e-02, PNorm = 108.9449, GNorm = 0.2528, lr_0 = 1.3130e-04
Loss = 7.3616e-02, PNorm = 108.9456, GNorm = 1.1640, lr_0 = 1.3116e-04
Loss = 6.8459e-02, PNorm = 108.9441, GNorm = 0.4416, lr_0 = 1.3103e-04
Loss = 7.5643e-02, PNorm = 108.9455, GNorm = 0.3510, lr_0 = 1.3089e-04
Loss = 6.6314e-02, PNorm = 108.9491, GNorm = 0.4723, lr_0 = 1.3076e-04
Loss = 2.1397e-02, PNorm = 108.9546, GNorm = 0.2235, lr_0 = 1.3063e-04
Loss = 2.9016e-02, PNorm = 108.9609, GNorm = 0.2050, lr_0 = 1.3049e-04
Loss = 4.6469e-02, PNorm = 108.9663, GNorm = 0.1273, lr_0 = 1.3036e-04
Loss = 4.4130e-02, PNorm = 108.9697, GNorm = 0.1202, lr_0 = 1.3022e-04
Loss = 4.5005e-02, PNorm = 108.9722, GNorm = 0.1436, lr_0 = 1.3009e-04
Loss = 3.1268e-02, PNorm = 108.9748, GNorm = 0.1518, lr_0 = 1.2996e-04
Loss = 3.5027e-02, PNorm = 108.9781, GNorm = 0.1704, lr_0 = 1.2982e-04
Loss = 7.0740e-02, PNorm = 108.9807, GNorm = 0.1970, lr_0 = 1.2969e-04
Loss = 5.3269e-02, PNorm = 108.9839, GNorm = 0.1856, lr_0 = 1.2956e-04
Loss = 6.3369e-02, PNorm = 108.9876, GNorm = 0.5855, lr_0 = 1.2942e-04
Loss = 4.2163e-02, PNorm = 108.9908, GNorm = 0.2430, lr_0 = 1.2929e-04
Loss = 3.3936e-02, PNorm = 108.9975, GNorm = 0.2046, lr_0 = 1.2916e-04
Loss = 4.7852e-02, PNorm = 109.0038, GNorm = 0.1800, lr_0 = 1.2902e-04
Loss = 6.4013e-02, PNorm = 109.0069, GNorm = 0.2129, lr_0 = 1.2889e-04
Loss = 2.5396e-02, PNorm = 109.0125, GNorm = 0.3516, lr_0 = 1.2876e-04
Loss = 8.3991e-02, PNorm = 109.0143, GNorm = 0.1861, lr_0 = 1.2863e-04
Loss = 1.8595e-02, PNorm = 109.0182, GNorm = 0.2157, lr_0 = 1.2849e-04
Loss = 1.8033e-02, PNorm = 109.0259, GNorm = 0.4129, lr_0 = 1.2836e-04
Loss = 5.8129e-02, PNorm = 109.0310, GNorm = 0.1399, lr_0 = 1.2823e-04
Loss = 6.7900e-02, PNorm = 109.0298, GNorm = 0.1326, lr_0 = 1.2810e-04
Loss = 1.8455e-02, PNorm = 109.0301, GNorm = 0.1570, lr_0 = 1.2797e-04
Validation auc = 0.517593
Epoch 27
Loss = 1.6854e-02, PNorm = 109.0340, GNorm = 0.1180, lr_0 = 1.2784e-04
Loss = 8.1517e-02, PNorm = 109.0364, GNorm = 0.6783, lr_0 = 1.2770e-04
Loss = 3.6149e-02, PNorm = 109.0390, GNorm = 0.1627, lr_0 = 1.2757e-04
Loss = 6.7247e-02, PNorm = 109.0416, GNorm = 0.5227, lr_0 = 1.2744e-04
Loss = 4.7897e-02, PNorm = 109.0444, GNorm = 0.9423, lr_0 = 1.2731e-04
Loss = 3.1502e-02, PNorm = 109.0485, GNorm = 0.1966, lr_0 = 1.2718e-04
Loss = 3.8276e-02, PNorm = 109.0518, GNorm = 0.1695, lr_0 = 1.2705e-04
Loss = 1.6717e-02, PNorm = 109.0556, GNorm = 0.1606, lr_0 = 1.2692e-04
Loss = 6.2779e-02, PNorm = 109.0586, GNorm = 0.1519, lr_0 = 1.2679e-04
Loss = 2.4774e-02, PNorm = 109.0633, GNorm = 0.5327, lr_0 = 1.2666e-04
Loss = 6.0913e-02, PNorm = 109.0661, GNorm = 0.1714, lr_0 = 1.2653e-04
Loss = 5.8196e-02, PNorm = 109.0666, GNorm = 0.4494, lr_0 = 1.2640e-04
Loss = 7.1531e-02, PNorm = 109.0657, GNorm = 0.2172, lr_0 = 1.2627e-04
Loss = 3.9819e-02, PNorm = 109.0690, GNorm = 0.2177, lr_0 = 1.2614e-04
Loss = 2.6051e-02, PNorm = 109.0751, GNorm = 0.3569, lr_0 = 1.2601e-04
Loss = 4.6835e-02, PNorm = 109.0786, GNorm = 0.1544, lr_0 = 1.2588e-04
Loss = 1.5680e-02, PNorm = 109.0841, GNorm = 0.1584, lr_0 = 1.2575e-04
Loss = 5.5252e-02, PNorm = 109.0870, GNorm = 0.5309, lr_0 = 1.2562e-04
Loss = 6.4274e-02, PNorm = 109.0880, GNorm = 0.9653, lr_0 = 1.2549e-04
Loss = 3.3514e-02, PNorm = 109.0893, GNorm = 0.1620, lr_0 = 1.2536e-04
Loss = 7.0980e-02, PNorm = 109.0903, GNorm = 0.1818, lr_0 = 1.2523e-04
Loss = 4.7219e-02, PNorm = 109.0914, GNorm = 0.2035, lr_0 = 1.2511e-04
Loss = 4.4463e-02, PNorm = 109.0905, GNorm = 0.2362, lr_0 = 1.2498e-04
Loss = 1.1118e-01, PNorm = 109.0919, GNorm = 0.2614, lr_0 = 1.2485e-04
Loss = 5.9192e-02, PNorm = 109.0952, GNorm = 0.3098, lr_0 = 1.2472e-04
Loss = 2.7292e-02, PNorm = 109.1024, GNorm = 0.2691, lr_0 = 1.2459e-04
Loss = 5.9574e-02, PNorm = 109.1089, GNorm = 0.2519, lr_0 = 1.2446e-04
Loss = 7.9586e-02, PNorm = 109.1122, GNorm = 0.2319, lr_0 = 1.2434e-04
Loss = 4.5130e-02, PNorm = 109.1152, GNorm = 0.2172, lr_0 = 1.2421e-04
Loss = 4.7466e-02, PNorm = 109.1188, GNorm = 0.5787, lr_0 = 1.2408e-04
Loss = 3.5132e-02, PNorm = 109.1233, GNorm = 0.4004, lr_0 = 1.2395e-04
Loss = 2.5828e-02, PNorm = 109.1287, GNorm = 0.1378, lr_0 = 1.2383e-04
Loss = 6.4146e-02, PNorm = 109.1308, GNorm = 0.3332, lr_0 = 1.2370e-04
Loss = 7.0234e-02, PNorm = 109.1317, GNorm = 0.5189, lr_0 = 1.2357e-04
Loss = 7.4147e-02, PNorm = 109.1318, GNorm = 0.2164, lr_0 = 1.2344e-04
Loss = 3.8371e-02, PNorm = 109.1343, GNorm = 0.2377, lr_0 = 1.2332e-04
Loss = 6.2080e-02, PNorm = 109.1387, GNorm = 0.4492, lr_0 = 1.2319e-04
Loss = 7.7072e-02, PNorm = 109.1426, GNorm = 1.4098, lr_0 = 1.2306e-04
Loss = 5.8156e-02, PNorm = 109.1465, GNorm = 0.5183, lr_0 = 1.2294e-04
Loss = 6.4956e-02, PNorm = 109.1484, GNorm = 0.3117, lr_0 = 1.2281e-04
Loss = 4.4201e-02, PNorm = 109.1501, GNorm = 0.3164, lr_0 = 1.2269e-04
Loss = 7.3588e-02, PNorm = 109.1533, GNorm = 1.1770, lr_0 = 1.2256e-04
Loss = 6.9340e-02, PNorm = 109.1544, GNorm = 0.2705, lr_0 = 1.2243e-04
Loss = 2.7575e-02, PNorm = 109.1588, GNorm = 0.2526, lr_0 = 1.2231e-04
Loss = 5.6737e-02, PNorm = 109.1622, GNorm = 0.2265, lr_0 = 1.2218e-04
Loss = 3.0765e-02, PNorm = 109.1660, GNorm = 0.1600, lr_0 = 1.2206e-04
Loss = 4.4388e-02, PNorm = 109.1692, GNorm = 0.1847, lr_0 = 1.2193e-04
Loss = 6.5382e-02, PNorm = 109.1713, GNorm = 0.1543, lr_0 = 1.2181e-04
Loss = 4.0006e-02, PNorm = 109.1728, GNorm = 0.2016, lr_0 = 1.2168e-04
Loss = 3.1086e-02, PNorm = 109.1747, GNorm = 0.1540, lr_0 = 1.2156e-04
Loss = 1.6641e-02, PNorm = 109.1786, GNorm = 0.1317, lr_0 = 1.2143e-04
Loss = 5.7639e-02, PNorm = 109.1801, GNorm = 0.9109, lr_0 = 1.2131e-04
Loss = 5.3829e-02, PNorm = 109.1807, GNorm = 0.1459, lr_0 = 1.2118e-04
Loss = 3.3455e-02, PNorm = 109.1831, GNorm = 0.1719, lr_0 = 1.2106e-04
Loss = 1.1108e-01, PNorm = 109.1836, GNorm = 0.2248, lr_0 = 1.2093e-04
Loss = 4.8472e-02, PNorm = 109.1836, GNorm = 0.3111, lr_0 = 1.2081e-04
Loss = 5.7847e-02, PNorm = 109.1866, GNorm = 0.4455, lr_0 = 1.2068e-04
Loss = 3.7169e-02, PNorm = 109.1917, GNorm = 0.3551, lr_0 = 1.2056e-04
Loss = 4.5110e-02, PNorm = 109.1956, GNorm = 0.1865, lr_0 = 1.2044e-04
Loss = 5.7927e-02, PNorm = 109.1977, GNorm = 0.1855, lr_0 = 1.2031e-04
Loss = 3.6034e-02, PNorm = 109.2024, GNorm = 0.1908, lr_0 = 1.2019e-04
Loss = 7.7509e-02, PNorm = 109.2044, GNorm = 0.2362, lr_0 = 1.2007e-04
Loss = 7.7005e-02, PNorm = 109.2063, GNorm = 0.5597, lr_0 = 1.1994e-04
Loss = 4.8686e-02, PNorm = 109.2093, GNorm = 0.2194, lr_0 = 1.1982e-04
Loss = 2.9195e-02, PNorm = 109.2136, GNorm = 0.2196, lr_0 = 1.1970e-04
Loss = 4.1731e-02, PNorm = 109.2181, GNorm = 0.1617, lr_0 = 1.1957e-04
Loss = 6.7653e-02, PNorm = 109.2192, GNorm = 0.1813, lr_0 = 1.1945e-04
Loss = 3.9616e-02, PNorm = 109.2220, GNorm = 0.1837, lr_0 = 1.1933e-04
Loss = 3.7271e-02, PNorm = 109.2238, GNorm = 0.1523, lr_0 = 1.1921e-04
Loss = 2.7531e-02, PNorm = 109.2254, GNorm = 0.1748, lr_0 = 1.1908e-04
Loss = 3.2190e-02, PNorm = 109.2269, GNorm = 0.1403, lr_0 = 1.1896e-04
Loss = 3.8915e-02, PNorm = 109.2275, GNorm = 0.1625, lr_0 = 1.1884e-04
Loss = 4.2683e-02, PNorm = 109.2277, GNorm = 0.1513, lr_0 = 1.1872e-04
Loss = 3.9998e-02, PNorm = 109.2285, GNorm = 0.3966, lr_0 = 1.1859e-04
Loss = 9.0059e-02, PNorm = 109.2269, GNorm = 0.4820, lr_0 = 1.1847e-04
Loss = 1.9149e-02, PNorm = 109.2284, GNorm = 0.2076, lr_0 = 1.1835e-04
Loss = 5.4069e-02, PNorm = 109.2303, GNorm = 0.1806, lr_0 = 1.1823e-04
Loss = 6.3572e-02, PNorm = 109.2311, GNorm = 0.2083, lr_0 = 1.1811e-04
Loss = 4.8916e-02, PNorm = 109.2319, GNorm = 0.3751, lr_0 = 1.1799e-04
Loss = 1.0425e-01, PNorm = 109.2311, GNorm = 0.5310, lr_0 = 1.1786e-04
Validation auc = 0.519468
Epoch 28
Loss = 8.8511e-02, PNorm = 109.2321, GNorm = 0.5264, lr_0 = 1.1774e-04
Loss = 2.9945e-02, PNorm = 109.2356, GNorm = 0.2747, lr_0 = 1.1762e-04
Loss = 5.3263e-02, PNorm = 109.2400, GNorm = 0.2548, lr_0 = 1.1750e-04
Loss = 4.8874e-02, PNorm = 109.2457, GNorm = 0.2341, lr_0 = 1.1738e-04
Loss = 4.6987e-02, PNorm = 109.2495, GNorm = 0.1662, lr_0 = 1.1726e-04
Loss = 5.3359e-02, PNorm = 109.2522, GNorm = 0.4685, lr_0 = 1.1714e-04
Loss = 2.8174e-02, PNorm = 109.2549, GNorm = 0.2053, lr_0 = 1.1702e-04
Loss = 3.8823e-02, PNorm = 109.2570, GNorm = 0.3860, lr_0 = 1.1690e-04
Loss = 5.0675e-02, PNorm = 109.2580, GNorm = 0.3725, lr_0 = 1.1678e-04
Loss = 3.4419e-02, PNorm = 109.2606, GNorm = 0.1810, lr_0 = 1.1666e-04
Loss = 5.8492e-02, PNorm = 109.2625, GNorm = 0.1695, lr_0 = 1.1654e-04
Loss = 9.0593e-02, PNorm = 109.2635, GNorm = 1.2927, lr_0 = 1.1642e-04
Loss = 7.9048e-02, PNorm = 109.2620, GNorm = 0.3161, lr_0 = 1.1630e-04
Loss = 5.9078e-02, PNorm = 109.2655, GNorm = 0.2987, lr_0 = 1.1618e-04
Loss = 3.9767e-02, PNorm = 109.2715, GNorm = 0.2662, lr_0 = 1.1606e-04
Loss = 7.1670e-02, PNorm = 109.2749, GNorm = 0.2479, lr_0 = 1.1594e-04
Loss = 6.9300e-02, PNorm = 109.2779, GNorm = 0.9613, lr_0 = 1.1582e-04
Loss = 7.3699e-02, PNorm = 109.2787, GNorm = 0.2525, lr_0 = 1.1570e-04
Loss = 5.1962e-02, PNorm = 109.2813, GNorm = 0.2458, lr_0 = 1.1559e-04
Loss = 3.2482e-02, PNorm = 109.2859, GNorm = 0.2159, lr_0 = 1.1547e-04
Loss = 3.0121e-02, PNorm = 109.2910, GNorm = 0.1819, lr_0 = 1.1535e-04
Loss = 5.1052e-02, PNorm = 109.2951, GNorm = 1.1625, lr_0 = 1.1523e-04
Loss = 5.2807e-02, PNorm = 109.2961, GNorm = 0.1577, lr_0 = 1.1511e-04
Loss = 7.6503e-02, PNorm = 109.2962, GNorm = 0.4576, lr_0 = 1.1499e-04
Loss = 3.0772e-02, PNorm = 109.2981, GNorm = 0.3978, lr_0 = 1.1487e-04
Loss = 5.1488e-02, PNorm = 109.3007, GNorm = 0.5850, lr_0 = 1.1476e-04
Loss = 8.9342e-02, PNorm = 109.3019, GNorm = 0.3114, lr_0 = 1.1464e-04
Loss = 8.1223e-02, PNorm = 109.3022, GNorm = 0.2770, lr_0 = 1.1452e-04
Loss = 6.2321e-02, PNorm = 109.3046, GNorm = 0.3197, lr_0 = 1.1440e-04
Loss = 1.4907e-02, PNorm = 109.3107, GNorm = 0.2306, lr_0 = 1.1429e-04
Loss = 4.9851e-02, PNorm = 109.3170, GNorm = 0.2178, lr_0 = 1.1417e-04
Loss = 2.7735e-02, PNorm = 109.3223, GNorm = 0.1529, lr_0 = 1.1405e-04
Loss = 6.6793e-02, PNorm = 109.3244, GNorm = 0.4954, lr_0 = 1.1393e-04
Loss = 2.6267e-02, PNorm = 109.3263, GNorm = 0.1663, lr_0 = 1.1382e-04
Loss = 6.6369e-02, PNorm = 109.3280, GNorm = 0.5360, lr_0 = 1.1370e-04
Loss = 4.2790e-02, PNorm = 109.3296, GNorm = 0.1363, lr_0 = 1.1358e-04
Loss = 7.0937e-02, PNorm = 109.3299, GNorm = 0.2033, lr_0 = 1.1347e-04
Loss = 4.9688e-02, PNorm = 109.3321, GNorm = 0.5055, lr_0 = 1.1335e-04
Loss = 7.4745e-02, PNorm = 109.3327, GNorm = 0.2391, lr_0 = 1.1323e-04
Loss = 2.7549e-02, PNorm = 109.3361, GNorm = 0.1965, lr_0 = 1.1312e-04
Loss = 3.8123e-02, PNorm = 109.3406, GNorm = 0.1826, lr_0 = 1.1300e-04
Loss = 2.1916e-02, PNorm = 109.3447, GNorm = 0.1438, lr_0 = 1.1288e-04
Loss = 2.1617e-02, PNorm = 109.3494, GNorm = 0.1166, lr_0 = 1.1277e-04
Loss = 4.9770e-02, PNorm = 109.3523, GNorm = 0.6895, lr_0 = 1.1265e-04
Loss = 3.5670e-02, PNorm = 109.3543, GNorm = 0.1541, lr_0 = 1.1254e-04
Loss = 5.4991e-02, PNorm = 109.3559, GNorm = 0.1288, lr_0 = 1.1242e-04
Loss = 7.7338e-02, PNorm = 109.3546, GNorm = 0.8979, lr_0 = 1.1231e-04
Loss = 1.8314e-02, PNorm = 109.3549, GNorm = 0.1755, lr_0 = 1.1219e-04
Loss = 4.1884e-02, PNorm = 109.3579, GNorm = 0.1637, lr_0 = 1.1208e-04
Loss = 6.9566e-02, PNorm = 109.3593, GNorm = 1.0282, lr_0 = 1.1196e-04
Loss = 8.1798e-02, PNorm = 109.3588, GNorm = 0.1916, lr_0 = 1.1184e-04
Loss = 3.6204e-02, PNorm = 109.3622, GNorm = 0.2399, lr_0 = 1.1173e-04
Loss = 3.3233e-02, PNorm = 109.3658, GNorm = 0.2069, lr_0 = 1.1162e-04
Loss = 3.2580e-02, PNorm = 109.3681, GNorm = 0.1648, lr_0 = 1.1150e-04
Loss = 2.7429e-02, PNorm = 109.3714, GNorm = 0.1521, lr_0 = 1.1139e-04
Loss = 7.9544e-02, PNorm = 109.3726, GNorm = 0.7430, lr_0 = 1.1127e-04
Loss = 6.1071e-02, PNorm = 109.3728, GNorm = 0.2004, lr_0 = 1.1116e-04
Loss = 4.7068e-02, PNorm = 109.3744, GNorm = 0.2013, lr_0 = 1.1104e-04
Loss = 3.4669e-02, PNorm = 109.3779, GNorm = 0.2150, lr_0 = 1.1093e-04
Loss = 3.4353e-02, PNorm = 109.3823, GNorm = 0.1694, lr_0 = 1.1081e-04
Loss = 4.6108e-02, PNorm = 109.3858, GNorm = 0.1575, lr_0 = 1.1070e-04
Loss = 6.0212e-02, PNorm = 109.3887, GNorm = 0.1727, lr_0 = 1.1059e-04
Loss = 5.9949e-02, PNorm = 109.3912, GNorm = 0.5076, lr_0 = 1.1047e-04
Loss = 2.9199e-02, PNorm = 109.3936, GNorm = 0.1964, lr_0 = 1.1036e-04
Loss = 4.1259e-02, PNorm = 109.3967, GNorm = 0.1514, lr_0 = 1.1025e-04
Loss = 1.7769e-02, PNorm = 109.4004, GNorm = 0.1516, lr_0 = 1.1013e-04
Loss = 3.1782e-02, PNorm = 109.4037, GNorm = 0.1254, lr_0 = 1.1002e-04
Loss = 7.7056e-02, PNorm = 109.4004, GNorm = 0.1401, lr_0 = 1.0991e-04
Loss = 5.8689e-02, PNorm = 109.3945, GNorm = 0.1910, lr_0 = 1.0979e-04
Loss = 5.4840e-02, PNorm = 109.3930, GNorm = 0.1930, lr_0 = 1.0968e-04
Loss = 3.3285e-02, PNorm = 109.3947, GNorm = 0.1957, lr_0 = 1.0957e-04
Loss = 4.9433e-02, PNorm = 109.3971, GNorm = 0.1884, lr_0 = 1.0946e-04
Loss = 6.1991e-02, PNorm = 109.3977, GNorm = 0.4300, lr_0 = 1.0934e-04
Loss = 6.7274e-02, PNorm = 109.3980, GNorm = 0.3490, lr_0 = 1.0923e-04
Loss = 6.1115e-02, PNorm = 109.3997, GNorm = 0.2249, lr_0 = 1.0912e-04
Loss = 5.6876e-02, PNorm = 109.4031, GNorm = 0.6706, lr_0 = 1.0901e-04
Loss = 4.3329e-02, PNorm = 109.4062, GNorm = 0.2820, lr_0 = 1.0890e-04
Loss = 5.3784e-02, PNorm = 109.4109, GNorm = 0.2324, lr_0 = 1.0878e-04
Loss = 6.2483e-02, PNorm = 109.4144, GNorm = 0.1756, lr_0 = 1.0867e-04
Loss = 4.3488e-02, PNorm = 109.4157, GNorm = 0.2201, lr_0 = 1.0856e-04
Validation auc = 0.504208
Epoch 29
Loss = 4.6270e-02, PNorm = 109.4180, GNorm = 0.2047, lr_0 = 1.0845e-04
Loss = 4.8267e-02, PNorm = 109.4210, GNorm = 0.2184, lr_0 = 1.0834e-04
Loss = 4.1148e-02, PNorm = 109.4244, GNorm = 0.1871, lr_0 = 1.0823e-04
Loss = 4.9585e-02, PNorm = 109.4276, GNorm = 0.4525, lr_0 = 1.0811e-04
Loss = 4.6606e-02, PNorm = 109.4293, GNorm = 0.6172, lr_0 = 1.0800e-04
Loss = 4.4811e-02, PNorm = 109.4304, GNorm = 0.1652, lr_0 = 1.0789e-04
Loss = 5.4256e-02, PNorm = 109.4314, GNorm = 0.1668, lr_0 = 1.0778e-04
Loss = 7.4247e-02, PNorm = 109.4321, GNorm = 0.2371, lr_0 = 1.0767e-04
Loss = 5.4694e-02, PNorm = 109.4338, GNorm = 0.2741, lr_0 = 1.0756e-04
Loss = 8.5486e-02, PNorm = 109.4363, GNorm = 0.2556, lr_0 = 1.0745e-04
Loss = 3.5142e-02, PNorm = 109.4386, GNorm = 0.2348, lr_0 = 1.0734e-04
Loss = 8.0772e-02, PNorm = 109.4419, GNorm = 0.3578, lr_0 = 1.0723e-04
Loss = 8.9823e-02, PNorm = 109.4429, GNorm = 0.2848, lr_0 = 1.0712e-04
Loss = 2.9986e-02, PNorm = 109.4468, GNorm = 0.2641, lr_0 = 1.0701e-04
Loss = 5.6203e-02, PNorm = 109.4521, GNorm = 0.3573, lr_0 = 1.0690e-04
Loss = 7.0983e-02, PNorm = 109.4552, GNorm = 0.2596, lr_0 = 1.0679e-04
Loss = 3.1390e-02, PNorm = 109.4592, GNorm = 0.2231, lr_0 = 1.0668e-04
Loss = 3.5724e-02, PNorm = 109.4639, GNorm = 0.1574, lr_0 = 1.0657e-04
Loss = 3.0287e-02, PNorm = 109.4685, GNorm = 0.1529, lr_0 = 1.0646e-04
Loss = 4.0674e-02, PNorm = 109.4715, GNorm = 0.1372, lr_0 = 1.0635e-04
Loss = 3.3260e-02, PNorm = 109.4738, GNorm = 0.1306, lr_0 = 1.0624e-04
Loss = 3.1321e-02, PNorm = 109.4758, GNorm = 0.1482, lr_0 = 1.0613e-04
Loss = 6.7001e-02, PNorm = 109.4756, GNorm = 0.4573, lr_0 = 1.0602e-04
Loss = 3.8294e-02, PNorm = 109.4760, GNorm = 0.1314, lr_0 = 1.0591e-04
Loss = 6.4635e-02, PNorm = 109.4767, GNorm = 0.1846, lr_0 = 1.0581e-04
Loss = 7.1255e-02, PNorm = 109.4781, GNorm = 0.2081, lr_0 = 1.0570e-04
Loss = 3.6136e-02, PNorm = 109.4830, GNorm = 0.1898, lr_0 = 1.0559e-04
Loss = 4.0905e-02, PNorm = 109.4876, GNorm = 0.2084, lr_0 = 1.0548e-04
Loss = 4.6341e-02, PNorm = 109.4922, GNorm = 0.2131, lr_0 = 1.0537e-04
Loss = 6.4787e-02, PNorm = 109.4941, GNorm = 0.1913, lr_0 = 1.0526e-04
Loss = 7.7922e-02, PNorm = 109.4954, GNorm = 0.3974, lr_0 = 1.0516e-04
Loss = 5.8672e-02, PNorm = 109.4959, GNorm = 0.2626, lr_0 = 1.0505e-04
Loss = 4.1618e-02, PNorm = 109.4987, GNorm = 0.2427, lr_0 = 1.0494e-04
Loss = 3.6513e-02, PNorm = 109.5024, GNorm = 0.3319, lr_0 = 1.0483e-04
Loss = 3.8567e-02, PNorm = 109.5067, GNorm = 0.9639, lr_0 = 1.0472e-04
Loss = 1.5742e-02, PNorm = 109.5102, GNorm = 0.1446, lr_0 = 1.0462e-04
Loss = 2.2504e-02, PNorm = 109.5107, GNorm = 0.1020, lr_0 = 1.0451e-04
Loss = 8.7848e-02, PNorm = 109.5092, GNorm = 0.1754, lr_0 = 1.0440e-04
Loss = 6.2312e-02, PNorm = 109.5090, GNorm = 0.1867, lr_0 = 1.0429e-04
Loss = 3.2610e-02, PNorm = 109.5096, GNorm = 0.1912, lr_0 = 1.0419e-04
Loss = 2.1033e-02, PNorm = 109.5129, GNorm = 0.1636, lr_0 = 1.0408e-04
Loss = 5.0574e-02, PNorm = 109.5158, GNorm = 0.1624, lr_0 = 1.0397e-04
Loss = 5.0440e-02, PNorm = 109.5186, GNorm = 0.1626, lr_0 = 1.0387e-04
Loss = 5.3183e-02, PNorm = 109.5211, GNorm = 0.4093, lr_0 = 1.0376e-04
Loss = 8.9180e-02, PNorm = 109.5209, GNorm = 0.1729, lr_0 = 1.0365e-04
Loss = 2.7059e-02, PNorm = 109.5229, GNorm = 0.1976, lr_0 = 1.0355e-04
Loss = 1.0062e-02, PNorm = 109.5282, GNorm = 0.1611, lr_0 = 1.0344e-04
Loss = 8.1959e-02, PNorm = 109.5320, GNorm = 0.8524, lr_0 = 1.0333e-04
Loss = 3.6218e-02, PNorm = 109.5337, GNorm = 0.4079, lr_0 = 1.0323e-04
Loss = 4.8879e-02, PNorm = 109.5347, GNorm = 0.1620, lr_0 = 1.0312e-04
Loss = 2.4995e-02, PNorm = 109.5383, GNorm = 0.2011, lr_0 = 1.0302e-04
Loss = 6.1055e-02, PNorm = 109.5418, GNorm = 0.4221, lr_0 = 1.0291e-04
Loss = 3.3495e-02, PNorm = 109.5458, GNorm = 0.7549, lr_0 = 1.0280e-04
Loss = 5.1797e-02, PNorm = 109.5479, GNorm = 0.1774, lr_0 = 1.0270e-04
Loss = 5.0398e-02, PNorm = 109.5503, GNorm = 0.1945, lr_0 = 1.0259e-04
Loss = 4.7164e-02, PNorm = 109.5515, GNorm = 0.5485, lr_0 = 1.0249e-04
Loss = 7.9493e-02, PNorm = 109.5508, GNorm = 0.2484, lr_0 = 1.0238e-04
Loss = 2.8503e-02, PNorm = 109.5540, GNorm = 0.2631, lr_0 = 1.0228e-04
Loss = 7.2208e-02, PNorm = 109.5580, GNorm = 0.1932, lr_0 = 1.0217e-04
Loss = 5.6689e-02, PNorm = 109.5626, GNorm = 0.2248, lr_0 = 1.0207e-04
Loss = 5.6605e-02, PNorm = 109.5673, GNorm = 0.2306, lr_0 = 1.0196e-04
Loss = 6.4577e-02, PNorm = 109.5694, GNorm = 0.3869, lr_0 = 1.0186e-04
Loss = 4.7792e-02, PNorm = 109.5721, GNorm = 0.2300, lr_0 = 1.0175e-04
Loss = 5.4487e-02, PNorm = 109.5737, GNorm = 0.4879, lr_0 = 1.0165e-04
Loss = 4.4817e-02, PNorm = 109.5749, GNorm = 0.2416, lr_0 = 1.0154e-04
Loss = 5.2418e-02, PNorm = 109.5777, GNorm = 0.1988, lr_0 = 1.0144e-04
Loss = 6.0062e-02, PNorm = 109.5792, GNorm = 0.2052, lr_0 = 1.0133e-04
Loss = 1.6915e-02, PNorm = 109.5835, GNorm = 0.1685, lr_0 = 1.0123e-04
Loss = 6.2816e-02, PNorm = 109.5876, GNorm = 0.7836, lr_0 = 1.0113e-04
Loss = 3.9000e-02, PNorm = 109.5903, GNorm = 0.3047, lr_0 = 1.0102e-04
Loss = 1.5921e-02, PNorm = 109.5945, GNorm = 0.1347, lr_0 = 1.0092e-04
Loss = 5.3288e-02, PNorm = 109.5972, GNorm = 0.1706, lr_0 = 1.0082e-04
Loss = 7.4108e-02, PNorm = 109.5993, GNorm = 0.7167, lr_0 = 1.0071e-04
Loss = 5.4193e-02, PNorm = 109.6005, GNorm = 0.2135, lr_0 = 1.0061e-04
Loss = 4.8444e-02, PNorm = 109.6037, GNorm = 0.1749, lr_0 = 1.0050e-04
Loss = 3.5544e-02, PNorm = 109.6073, GNorm = 0.1556, lr_0 = 1.0040e-04
Loss = 4.2381e-02, PNorm = 109.6111, GNorm = 0.1591, lr_0 = 1.0030e-04
Loss = 9.3269e-02, PNorm = 109.6108, GNorm = 1.0914, lr_0 = 1.0020e-04
Loss = 5.0089e-02, PNorm = 109.6127, GNorm = 1.0899, lr_0 = 1.0009e-04
Loss = 5.6783e-02, PNorm = 109.6147, GNorm = 0.4022, lr_0 = 1.0000e-04
Validation auc = 0.506239
Model 0 best validation auc = 0.604239 on epoch 3
Loading pretrained parameter "encoder.encoder.0.cached_zero_vector".
Loading pretrained parameter "encoder.encoder.0.W_i.weight".
Loading pretrained parameter "encoder.encoder.0.W_h.weight".
Loading pretrained parameter "encoder.encoder.0.W_o.weight".
Loading pretrained parameter "encoder.encoder.0.W_o.bias".
Loading pretrained parameter "ffn.1.weight".
Loading pretrained parameter "ffn.1.bias".
Loading pretrained parameter "ffn.4.weight".
Loading pretrained parameter "ffn.4.bias".
Loading pretrained parameter "ffn.7.weight".
Loading pretrained parameter "ffn.7.bias".
Model 0 test auc = 0.593011
Ensemble test auc = 0.593011
1-fold cross validation
	Seed 10 ==> test auc = 0.593011
Overall test auc = 0.593011 +/- 0.000000
Elapsed time = 1 day, 6:05:54
